grupo_deixado_de_fora,arquivo_origem,partida_id,jogador_sessao,janela_analise_10s,inicio_janela_s,fim_janela_s,tipo_rotulo,arma_predominante,armas_observadas,rotulo_real,probabilidade_hacker,previsao_modelo,acerto
par2plyr2h,D:\ModelAnti-Cheat\partidas_rotuladas\par2plyr2h.csv,par2plyr2h,1,0,0.0,9.127,normal,sem_arma,sem_arma,0,0.0,0,True
par2plyr2h,D:\ModelAnti-Cheat\partidas_rotuladas\par2plyr2h.csv,par2plyr2h,1,1,10.124,19.499,normal,sem_arma,sem_arma,0,0.0,0,True
par2plyr2h,D:\ModelAnti-Cheat\partidas_rotuladas\par2plyr2h.csv,par2plyr2h,1,2,20.974,25.425,normal,sem_arma,sem_arma,0,0.0,0,True
par2plyr2h,D:\ModelAnti-Cheat\partidas_rotuladas\par2plyr2h.csv,par2plyr2h,1,3,33.81,39.534,normal,sem_arma,sem_arma,0,0.0,0,True
par2plyr2h,D:\ModelAnti-Cheat\partidas_rotuladas\par2plyr2h.csv,par2plyr2h,1,4,40.654,49.192,normal,sem_arma,sem_arma,0,0.0,0,True
par2plyr2h,D:\ModelAnti-Cheat\partidas_rotuladas\par2plyr2h.csv,par2plyr2h,1,5,50.453,59.521,normal,sem_arma,sem_arma,0,0.0,0,True
par2plyr2h,D:\ModelAnti-Cheat\partidas_rotuladas\par2plyr2h.csv,par2plyr2h,1,6,60.521,69.121,normal,sem_arma,sem_arma,0,0.0,0,True
par2plyr2h,D:\ModelAnti-Cheat\partidas_rotuladas\par2plyr2h.csv,par2plyr2h,1,7,70.123,79.255,normal,sem_arma,sem_arma,0,0.0,0,True
par2plyr2h,D:\ModelAnti-Cheat\partidas_rotuladas\par2plyr2h.csv,par2plyr2h,1,8,80.5,89.872,normal,sem_arma,sem_arma,0,0.0,0,True
par2plyr2h,D:\ModelAnti-Cheat\partidas_rotuladas\par2plyr2h.csv,par2plyr2h,1,9,90.872,99.088,normal,sem_arma,sem_arma,0,0.0,0,True
par2plyr2h,D:\ModelAnti-Cheat\partidas_rotuladas\par2plyr2h.csv,par2plyr2h,1,10,100.089,109.186,normal,sem_arma,sem_arma,0,0.0,0,True
par2plyr2h,D:\ModelAnti-Cheat\partidas_rotuladas\par2plyr2h.csv,par2plyr2h,1,11,110.373,119.666,normal,sem_arma,sem_arma,0,0.0,0,True
par2plyr2h,D:\ModelAnti-Cheat\partidas_rotuladas\par2plyr2h.csv,par2plyr2h,1,12,120.98,129.052,normal,sem_arma,sem_arma,0,0.0,0,True
par2plyr2h,D:\ModelAnti-Cheat\partidas_rotuladas\par2plyr2h.csv,par2plyr2h,1,13,130.53,139.904,normal,sem_arma,sem_arma,0,0.0,0,True
par2plyr2h,D:\ModelAnti-Cheat\partidas_rotuladas\par2plyr2h.csv,par2plyr2h,1,14,140.938,149.738,normal,sem_arma,sem_arma,0,0.0,0,True
par2plyr2h,D:\ModelAnti-Cheat\partidas_rotuladas\par2plyr2h.csv,par2plyr2h,1,15,150.742,158.94,normal,sem_arma,sem_arma,0,0.0,0,True
par2plyr2h,D:\ModelAnti-Cheat\partidas_rotuladas\par2plyr2h.csv,par2plyr2h,1,16,160.057,169.44,normal,sem_arma,sem_arma,0,0.0,0,True
par2plyr2h,D:\ModelAnti-Cheat\partidas_rotuladas\par2plyr2h.csv,par2plyr2h,1,17,170.444,179.588,normal,sem_arma,sem_arma,0,0.0,0,True
par2plyr2h,D:\ModelAnti-Cheat\partidas_rotuladas\par2plyr2h.csv,par2plyr2h,1,18,180.576,189.116,normal,sem_arma,sem_arma,0,0.0,0,True
par2plyr2h,D:\ModelAnti-Cheat\partidas_rotuladas\par2plyr2h.csv,par2plyr2h,1,19,190.114,199.604,normal,sem_arma,sem_arma,0,0.0,0,True
par2plyr2h,D:\ModelAnti-Cheat\partidas_rotuladas\par2plyr2h.csv,par2plyr2h,1,20,201.075,209.075,normal,sem_arma,sem_arma,0,0.0,0,True
par2plyr2h,D:\ModelAnti-Cheat\partidas_rotuladas\par2plyr2h.csv,par2plyr2h,1,21,210.095,219.113,normal,sem_arma,sem_arma,0,0.0,0,True
par2plyr2h,D:\ModelAnti-Cheat\partidas_rotuladas\par2plyr2h.csv,par2plyr2h,1,22,220.114,229.744,normal,sem_arma,sem_arma,0,0.0,0,True
par2plyr2h,D:\ModelAnti-Cheat\partidas_rotuladas\par2plyr2h.csv,par2plyr2h,1,23,230.856,239.89,normal,sem_arma,sem_arma,0,0.0,0,True
par2plyr2h,D:\ModelAnti-Cheat\partidas_rotuladas\par2plyr2h.csv,par2plyr2h,1,24,241.269,248.951,normal,sem_arma,sem_arma,0,0.0,0,True
par2plyr2h,D:\ModelAnti-Cheat\partidas_rotuladas\par2plyr2h.csv,par2plyr2h,1,25,250.036,259.068,normal,sem_arma,sem_arma,0,0.0,0,True
par2plyr2h,D:\ModelAnti-Cheat\partidas_rotuladas\par2plyr2h.csv,par2plyr2h,1,26,260.072,269.177,normal,sem_arma,sem_arma,0,0.0,0,True
par2plyr2h,D:\ModelAnti-Cheat\partidas_rotuladas\par2plyr2h.csv,par2plyr2h,1,27,270.181,270.181,normal,sem_arma,sem_arma,0,0.0,0,True
par2plyr2h,D:\ModelAnti-Cheat\partidas_rotuladas\par2plyr2h.csv,par2plyr2h,1,45,457.414,459.411,normal,sem_arma,sem_arma,0,0.0,0,True
par2plyr2h,D:\ModelAnti-Cheat\partidas_rotuladas\par2plyr2h.csv,par2plyr2h,1,46,460.41,469.425,normal,sem_arma,sem_arma,0,0.0,0,True
par2plyr2h,D:\ModelAnti-Cheat\partidas_rotuladas\par2plyr2h.csv,par2plyr2h,1,47,470.437,479.623,normal,sem_arma,sem_arma,0,0.0,0,True
par2plyr2h,D:\ModelAnti-Cheat\partidas_rotuladas\par2plyr2h.csv,par2plyr2h,1,48,480.629,489.643,normal,sem_arma,sem_arma,0,0.0,0,True
par2plyr2h,D:\ModelAnti-Cheat\partidas_rotuladas\par2plyr2h.csv,par2plyr2h,1,49,490.635,499.922,normal,sem_arma,sem_arma,0,0.0,0,True
par2plyr2h,D:\ModelAnti-Cheat\partidas_rotuladas\par2plyr2h.csv,par2plyr2h,1,50,500.925,509.946,normal,sem_arma,sem_arma,0,0.0,0,True
par2plyr2h,D:\ModelAnti-Cheat\partidas_rotuladas\par2plyr2h.csv,par2plyr2h,1,51,510.945,519.21,normal,sem_arma,sem_arma,0,0.0,0,True
par2plyr2h,D:\ModelAnti-Cheat\partidas_rotuladas\par2plyr2h.csv,par2plyr2h,1,52,520.058,529.071,normal,sem_arma,sem_arma,0,0.0,0,True
par2plyr2h,D:\ModelAnti-Cheat\partidas_rotuladas\par2plyr2h.csv,par2plyr2h,1,53,530.061,539.082,normal,sem_arma,sem_arma,0,0.0,0,True
par2plyr2h,D:\ModelAnti-Cheat\partidas_rotuladas\par2plyr2h.csv,par2plyr2h,1,54,540.072,549.341,normal,sem_arma,sem_arma,0,0.0,0,True
par2plyr2h,D:\ModelAnti-Cheat\partidas_rotuladas\par2plyr2h.csv,par2plyr2h,1,55,550.351,559.357,normal,sem_arma,sem_arma,0,0.0,0,True
par2plyr2h,D:\ModelAnti-Cheat\partidas_rotuladas\par2plyr2h.csv,par2plyr2h,1,56,560.364,569.435,normal,sem_arma,sem_arma,0,0.0,0,True
par2plyr2h,D:\ModelAnti-Cheat\partidas_rotuladas\par2plyr2h.csv,par2plyr2h,1,57,570.446,576.489,normal,sem_arma,sem_arma,0,0.0,0,True
par2plyr2h,D:\ModelAnti-Cheat\partidas_rotuladas\par2plyr2h.csv,par2plyr2h,1,65,657.302,659.301,normal,sem_arma,sem_arma,0,0.0,0,True
par2plyr2h,D:\ModelAnti-Cheat\partidas_rotuladas\par2plyr2h.csv,par2plyr2h,1,66,660.302,669.888,normal,sem_arma,sem_arma,0,0.0,0,True
par2plyr2h,D:\ModelAnti-Cheat\partidas_rotuladas\par2plyr2h.csv,par2plyr2h,1,67,670.887,679.896,normal,sem_arma,sem_arma,0,0.0,0,True
par2plyr2h,D:\ModelAnti-Cheat\partidas_rotuladas\par2plyr2h.csv,par2plyr2h,1,68,681.204,689.385,normal,sem_arma,sem_arma,0,0.0,0,True
par2plyr2h,D:\ModelAnti-Cheat\partidas_rotuladas\par2plyr2h.csv,par2plyr2h,1,69,690.39,699.527,normal,sem_arma,sem_arma,0,0.0,0,True
par2plyr2h,D:\ModelAnti-Cheat\partidas_rotuladas\par2plyr2h.csv,par2plyr2h,1,70,700.527,709.523,normal,sem_arma,sem_arma,0,0.0,0,True
par2plyr2h,D:\ModelAnti-Cheat\partidas_rotuladas\par2plyr2h.csv,par2plyr2h,1,71,710.525,719.535,normal,sem_arma,sem_arma,0,0.0,0,True
par2plyr2h,D:\ModelAnti-Cheat\partidas_rotuladas\par2plyr2h.csv,par2plyr2h,1,72,720.534,729.547,normal,sem_arma,sem_arma,0,0.0,0,True
par2plyr2h,D:\ModelAnti-Cheat\partidas_rotuladas\par2plyr2h.csv,par2plyr2h,1,73,730.566,739.562,normal,sem_arma,sem_arma,0,0.0,0,True
par2plyr2h,D:\ModelAnti-Cheat\partidas_rotuladas\par2plyr2h.csv,par2plyr2h,1,74,740.668,749.678,normal,sem_arma,sem_arma,0,0.0,0,True
par2plyr2h,D:\ModelAnti-Cheat\partidas_rotuladas\par2plyr2h.csv,par2plyr2h,1,75,750.68,759.689,normal,sem_arma,sem_arma,0,0.0,0,True
par2plyr2h,D:\ModelAnti-Cheat\partidas_rotuladas\par2plyr2h.csv,par2plyr2h,1,76,760.69,769.705,normal,AugShort,sem_arma;AugShort,0,0.0,0,True
par2plyr2h,D:\ModelAnti-Cheat\partidas_rotuladas\par2plyr2h.csv,par2plyr2h,1,77,770.707,779.703,normal,AugShort,AugShort,0,0.0,0,True
par2plyr2h,D:\ModelAnti-Cheat\partidas_rotuladas\par2plyr2h.csv,par2plyr2h,1,78,780.708,789.73,normal,AugShort,AugShort,0,0.0,0,True
par2plyr2h,D:\ModelAnti-Cheat\partidas_rotuladas\par2plyr2h.csv,par2plyr2h,1,79,790.73,799.741,normal,AugShort,AugShort,0,0.0,0,True
par2plyr2h,D:\ModelAnti-Cheat\partidas_rotuladas\par2plyr2h.csv,par2plyr2h,1,80,800.739,809.905,normal,AugShort,AugShort,0,0.0,0,True
par2plyr2h,D:\ModelAnti-Cheat\partidas_rotuladas\par2plyr2h.csv,par2plyr2h,1,81,810.928,819.9,normal,AugShort,AugShort,0,0.0,0,True
par2plyr2h,D:\ModelAnti-Cheat\partidas_rotuladas\par2plyr2h.csv,par2plyr2h,1,82,820.894,829.905,normal,AugShort,AugShort,0,0.0,0,True
par2plyr2h,D:\ModelAnti-Cheat\partidas_rotuladas\par2plyr2h.csv,par2plyr2h,1,83,830.907,839.101,normal,AugShort,AugShort,0,0.0,0,True
par2plyr2h,D:\ModelAnti-Cheat\partidas_rotuladas\par2plyr2h.csv,par2plyr2h,1,84,840.106,849.577,normal,AugShort,AugShort,0,0.0,0,True
par2plyr2h,D:\ModelAnti-Cheat\partidas_rotuladas\par2plyr2h.csv,par2plyr2h,1,85,850.571,859.59,normal,AugShort,AugShort,0,0.0,0,True
par2plyr2h,D:\ModelAnti-Cheat\partidas_rotuladas\par2plyr2h.csv,par2plyr2h,1,86,860.584,869.595,normal,AugShort,AugShort,0,0.0,0,True
par2plyr2h,D:\ModelAnti-Cheat\partidas_rotuladas\par2plyr2h.csv,par2plyr2h,1,87,870.599,879.851,normal,AugShort,AugShort,0,0.0,0,True
par2plyr2h,D:\ModelAnti-Cheat\partidas_rotuladas\par2plyr2h.csv,par2plyr2h,1,88,880.85,889.859,normal,AugShort,AugShort,0,0.0,0,True
par2plyr2h,D:\ModelAnti-Cheat\partidas_rotuladas\par2plyr2h.csv,par2plyr2h,1,89,890.86,899.865,normal,AugShort,AugShort,0,0.0,0,True
par2plyr2h,D:\ModelAnti-Cheat\partidas_rotuladas\par2plyr2h.csv,par2plyr2h,1,90,900.87,909.877,normal,AugShort,AugShort,0,0.0,0,True
par2plyr2h,D:\ModelAnti-Cheat\partidas_rotuladas\par2plyr2h.csv,par2plyr2h,1,91,910.878,919.887,normal,AugShort,AugShort,0,0.0,0,True
par2plyr2h,D:\ModelAnti-Cheat\partidas_rotuladas\par2plyr2h.csv,par2plyr2h,1,92,920.894,929.101,normal,AugShort,AugShort,0,0.0,0,True
par2plyr2h,D:\ModelAnti-Cheat\partidas_rotuladas\par2plyr2h.csv,par2plyr2h,1,93,930.096,939.157,normal,AugShort,AugShort,0,0.0,0,True
par2plyr2h,D:\ModelAnti-Cheat\partidas_rotuladas\par2plyr2h.csv,par2plyr2h,1,94,940.191,949.173,normal,AugShort,AugShort,0,0.0,0,True
par2plyr2h,D:\ModelAnti-Cheat\partidas_rotuladas\par2plyr2h.csv,par2plyr2h,1,95,950.173,959.4,normal,AugShort,AugShort,0,0.0,0,True
par2plyr2h,D:\ModelAnti-Cheat\partidas_rotuladas\par2plyr2h.csv,par2plyr2h,1,96,960.567,969.585,normal,AugShort,AugShort,0,0.0,0,True
par2plyr2h,D:\ModelAnti-Cheat\partidas_rotuladas\par2plyr2h.csv,par2plyr2h,1,97,970.577,979.594,normal,AugShort,AugShort,0,0.0,0,True
par2plyr2h,D:\ModelAnti-Cheat\partidas_rotuladas\par2plyr2h.csv,par2plyr2h,1,98,980.6,989.642,normal,AugShort,AugShort;sem_arma,0,0.0,0,True
par2plyr2h,D:\ModelAnti-Cheat\partidas_rotuladas\par2plyr2h.csv,par2plyr2h,1,99,990.641,999.658,normal,sem_arma,sem_arma,0,0.0,0,True
par2plyr2h,D:\ModelAnti-Cheat\partidas_rotuladas\par2plyr2h.csv,par2plyr2h,1,100,1000.653,1009.659,normal,sem_arma,sem_arma,0,0.0,0,True
par2plyr2h,D:\ModelAnti-Cheat\partidas_rotuladas\par2plyr2h.csv,par2plyr2h,1,101,1010.666,1019.679,normal,sem_arma,sem_arma,0,0.0,0,True
par2plyr2h,D:\ModelAnti-Cheat\partidas_rotuladas\par2plyr2h.csv,par2plyr2h,1,102,1020.686,1029.755,normal,AugShort,AugShort,0,0.0,0,True
par2plyr2h,D:\ModelAnti-Cheat\partidas_rotuladas\par2plyr2h.csv,par2plyr2h,1,103,1030.766,1038.829,normal,AugShort,AugShort,0,0.0,0,True
par2plyr2h,D:\ModelAnti-Cheat\partidas_rotuladas\par2plyr2h.csv,par2plyr2h,1,104,1040.484,1049.567,normal,AugShort,AugShort,0,0.0,0,True
par2plyr2h,D:\ModelAnti-Cheat\partidas_rotuladas\par2plyr2h.csv,par2plyr2h,1,105,1050.566,1059.582,normal,AugShort,AugShort,0,0.0,0,True
par2plyr2h,D:\ModelAnti-Cheat\partidas_rotuladas\par2plyr2h.csv,par2plyr2h,1,106,1060.576,1069.59,normal,AugShort,AugShort,0,0.0,0,True
par2plyr2h,D:\ModelAnti-Cheat\partidas_rotuladas\par2plyr2h.csv,par2plyr2h,1,107,1070.588,1079.597,normal,AugShort,AugShort,0,0.0,0,True
par2plyr2h,D:\ModelAnti-Cheat\partidas_rotuladas\par2plyr2h.csv,par2plyr2h,1,108,1080.6,1089.615,normal,AugShort,AugShort,0,0.0,0,True
par2plyr2h,D:\ModelAnti-Cheat\partidas_rotuladas\par2plyr2h.csv,par2plyr2h,1,109,1090.613,1099.627,normal,AugShort,AugShort,0,0.0,0,True
par2plyr2h,D:\ModelAnti-Cheat\partidas_rotuladas\par2plyr2h.csv,par2plyr2h,1,110,1100.619,1109.635,normal,AugShort,AugShort,0,0.0,0,True
par2plyr2h,D:\ModelAnti-Cheat\partidas_rotuladas\par2plyr2h.csv,par2plyr2h,1,111,1110.633,1119.643,normal,AugShort,AugShort,0,0.0,0,True
par2plyr2h,D:\ModelAnti-Cheat\partidas_rotuladas\par2plyr2h.csv,par2plyr2h,1,112,1120.643,1129.651,normal,AugShort,AugShort,0,0.0,0,True
par2plyr2h,D:\ModelAnti-Cheat\partidas_rotuladas\par2plyr2h.csv,par2plyr2h,1,113,1130.651,1139.669,normal,AugShort,AugShort,0,0.0,0,True
par2plyr2h,D:\ModelAnti-Cheat\partidas_rotuladas\par2plyr2h.csv,par2plyr2h,1,114,1140.675,1149.679,normal,AugShort,AugShort,0,0.0,0,True
par2plyr2h,D:\ModelAnti-Cheat\partidas_rotuladas\par2plyr2h.csv,par2plyr2h,1,115,1150.682,1159.823,normal,AugShort,AugShort,0,0.0,0,True
par2plyr2h,D:\ModelAnti-Cheat\partidas_rotuladas\par2plyr2h.csv,par2plyr2h,1,116,1160.832,1169.847,normal,AugShort,AugShort,0,0.0,0,True
par2plyr2h,D:\ModelAnti-Cheat\partidas_rotuladas\par2plyr2h.csv,par2plyr2h,1,117,1170.852,1179.851,normal,AugShort,AugShort,0,0.0,0,True
par2plyr2h,D:\ModelAnti-Cheat\partidas_rotuladas\par2plyr2h.csv,par2plyr2h,1,118,1180.853,1189.867,normal,AugShort,AugShort,0,0.0,0,True
par2plyr2h,D:\ModelAnti-Cheat\partidas_rotuladas\par2plyr2h.csv,par2plyr2h,1,119,1190.865,1199.933,normal,AugShort,AugShort,0,0.0,0,True
par2plyr2h,D:\ModelAnti-Cheat\partidas_rotuladas\par2plyr2h.csv,par2plyr2h,1,120,1200.926,1209.936,normal,AugShort,AugShort,0,0.0,0,True
par2plyr2h,D:\ModelAnti-Cheat\partidas_rotuladas\par2plyr2h.csv,par2plyr2h,1,121,1210.938,1219.931,normal,AugShort,AugShort,0,0.0,0,True
par2plyr2h,D:\ModelAnti-Cheat\partidas_rotuladas\par2plyr2h.csv,par2plyr2h,1,122,1220.933,1229.393,normal,AugShort,AugShort,0,0.0,0,True
par2plyr2h,D:\ModelAnti-Cheat\partidas_rotuladas\par2plyr2h.csv,par2plyr2h,1,123,1230.4,1239.406,normal,AugShort,AugShort,0,0.0,0,True
par2plyr2h,D:\ModelAnti-Cheat\partidas_rotuladas\par2plyr2h.csv,par2plyr2h,1,124,1240.405,1244.407,normal,AugShort,AugShort,0,0.0,0,True
par2plyr2h,D:\ModelAnti-Cheat\partidas_rotuladas\par2plyr2h.csv,par2plyr2h,2,0,0.0,9.465,normal,Glock19,Glock19,0,0.0,0,True
par2plyr2h,D:\ModelAnti-Cheat\partidas_rotuladas\par2plyr2h.csv,par2plyr2h,2,1,10.468,19.797,normal,Glock19,Glock19,0,0.0,0,True
par2plyr2h,D:\ModelAnti-Cheat\partidas_rotuladas\par2plyr2h.csv,par2plyr2h,2,2,20.804,29.945,normal,Glock19,Glock19,0,0.0,0,True
par2plyr2h,D:\ModelAnti-Cheat\partidas_rotuladas\par2plyr2h.csv,par2plyr2h,2,3,30.953,39.961,normal,Glock19,Glock19,0,0.0,0,True
par2plyr2h,D:\ModelAnti-Cheat\partidas_rotuladas\par2plyr2h.csv,par2plyr2h,2,4,40.96,49.97,normal,Glock19,Glock19,0,0.0,0,True
par2plyr2h,D:\ModelAnti-Cheat\partidas_rotuladas\par2plyr2h.csv,par2plyr2h,2,5,50.969,59.981,normal,Glock19,Glock19,0,0.0,0,True
par2plyr2h,D:\ModelAnti-Cheat\partidas_rotuladas\par2plyr2h.csv,par2plyr2h,2,6,60.979,69.001,normal,Glock19,Glock19,0,0.0,0,True
par2plyr2h,D:\ModelAnti-Cheat\partidas_rotuladas\par2plyr2h.csv,par2plyr2h,2,7,70.001,79.011,normal,Glock19,Glock19;FAL,0,0.0,0,True
par2plyr2h,D:\ModelAnti-Cheat\partidas_rotuladas\par2plyr2h.csv,par2plyr2h,2,8,80.012,89.78,normal,FAL,FAL,0,0.0,0,True
par2plyr2h,D:\ModelAnti-Cheat\partidas_rotuladas\par2plyr2h.csv,par2plyr2h,2,9,90.78,99.794,normal,FAL,FAL,0,0.0,0,True
par2plyr2h,D:\ModelAnti-Cheat\partidas_rotuladas\par2plyr2h.csv,par2plyr2h,2,10,100.8,109.992,normal,FAL,FAL,0,0.0,0,True
par2plyr2h,D:\ModelAnti-Cheat\partidas_rotuladas\par2plyr2h.csv,par2plyr2h,2,11,110.997,119.001,normal,FAL,FAL,0,0.0,0,True
par2plyr2h,D:\ModelAnti-Cheat\partidas_rotuladas\par2plyr2h.csv,par2plyr2h,2,12,120.006,129.294,normal,FAL,FAL,0,0.0,0,True
par2plyr2h,D:\ModelAnti-Cheat\partidas_rotuladas\par2plyr2h.csv,par2plyr2h,2,13,130.292,139.302,normal,FAL,FAL,0,0.0,0,True
par2plyr2h,D:\ModelAnti-Cheat\partidas_rotuladas\par2plyr2h.csv,par2plyr2h,2,14,140.312,149.319,normal,FAL,FAL,0,0.0,0,True
par2plyr2h,D:\ModelAnti-Cheat\partidas_rotuladas\par2plyr2h.csv,par2plyr2h,2,15,150.425,159.434,normal,FAL,FAL,0,0.0,0,True
par2plyr2h,D:\ModelAnti-Cheat\partidas_rotuladas\par2plyr2h.csv,par2plyr2h,2,16,160.431,169.446,normal,FAL,FAL,0,0.0,0,True
par2plyr2h,D:\ModelAnti-Cheat\partidas_rotuladas\par2plyr2h.csv,par2plyr2h,2,17,170.441,179.707,normal,FAL,FAL,0,0.0,0,True
par2plyr2h,D:\ModelAnti-Cheat\partidas_rotuladas\par2plyr2h.csv,par2plyr2h,2,18,180.715,189.723,normal,FAL,FAL,0,0.0,0,True
par2plyr2h,D:\ModelAnti-Cheat\partidas_rotuladas\par2plyr2h.csv,par2plyr2h,2,19,190.727,199.802,normal,FAL,FAL,0,0.0,0,True
par2plyr2h,D:\ModelAnti-Cheat\partidas_rotuladas\par2plyr2h.csv,par2plyr2h,2,20,200.808,209.934,normal,FAL,FAL;CZ550,0,0.0,0,True
par2plyr2h,D:\ModelAnti-Cheat\partidas_rotuladas\par2plyr2h.csv,par2plyr2h,2,21,210.933,219.67,normal,CZ550,CZ550,0,0.0,0,True
par2plyr2h,D:\ModelAnti-Cheat\partidas_rotuladas\par2plyr2h.csv,par2plyr2h,2,22,220.664,229.446,normal,CZ550,CZ550,0,0.0,0,True
par2plyr2h,D:\ModelAnti-Cheat\partidas_rotuladas\par2plyr2h.csv,par2plyr2h,2,23,230.451,239.921,normal,CZ550,CZ550,0,0.0,0,True
par2plyr2h,D:\ModelAnti-Cheat\partidas_rotuladas\par2plyr2h.csv,par2plyr2h,2,24,240.923,249.929,normal,CZ550,CZ550,0,0.0,0,True
par2plyr2h,D:\ModelAnti-Cheat\partidas_rotuladas\par2plyr2h.csv,par2plyr2h,2,25,250.935,259.969,normal,CZ550,CZ550,0,0.0,0,True
par2plyr2h,D:\ModelAnti-Cheat\partidas_rotuladas\par2plyr2h.csv,par2plyr2h,2,26,260.969,269.983,normal,CZ550,CZ550,0,0.0,0,True
par2plyr2h,D:\ModelAnti-Cheat\partidas_rotuladas\par2plyr2h.csv,par2plyr2h,2,27,270.985,278.994,normal,CZ550,CZ550,0,0.0,0,True
par2plyr2h,D:\ModelAnti-Cheat\partidas_rotuladas\par2plyr2h.csv,par2plyr2h,2,28,280.0,289.667,normal,CZ550,CZ550,0,0.0,0,True
par2plyr2h,D:\ModelAnti-Cheat\partidas_rotuladas\par2plyr2h.csv,par2plyr2h,2,29,290.669,299.249,normal,CZ550,CZ550,0,0.0,0,True
par2plyr2h,D:\ModelAnti-Cheat\partidas_rotuladas\par2plyr2h.csv,par2plyr2h,2,30,300.252,309.262,normal,CZ550,CZ550,0,0.0,0,True
par2plyr2h,D:\ModelAnti-Cheat\partidas_rotuladas\par2plyr2h.csv,par2plyr2h,2,31,310.262,319.754,normal,CZ550,CZ550,0,0.0,0,True
par2plyr2h,D:\ModelAnti-Cheat\partidas_rotuladas\par2plyr2h.csv,par2plyr2h,2,32,320.758,329.882,normal,CZ550,CZ550,0,0.0,0,True
par2plyr2h,D:\ModelAnti-Cheat\partidas_rotuladas\par2plyr2h.csv,par2plyr2h,2,33,330.888,339.892,normal,FAL,CZ550;FAL,0,0.0,0,True
par2plyr2h,D:\ModelAnti-Cheat\partidas_rotuladas\par2plyr2h.csv,par2plyr2h,2,34,340.893,349.903,normal,FAL,FAL;sem_arma,0,0.0,0,True
par2plyr2h,D:\ModelAnti-Cheat\partidas_rotuladas\par2plyr2h.csv,par2plyr2h,2,35,350.902,359.915,normal,sem_arma,sem_arma,0,0.0,0,True
par2plyr2h,D:\ModelAnti-Cheat\partidas_rotuladas\par2plyr2h.csv,par2plyr2h,2,36,360.916,369.926,normal,sem_arma,sem_arma,0,0.0,0,True
par2plyr2h,D:\ModelAnti-Cheat\partidas_rotuladas\par2plyr2h.csv,par2plyr2h,2,37,371.035,379.044,normal,CZ550,CZ550,0,0.0,0,True
par2plyr2h,D:\ModelAnti-Cheat\partidas_rotuladas\par2plyr2h.csv,par2plyr2h,2,38,380.044,389.053,normal,CZ550,CZ550,0,0.0,0,True
par2plyr2h,D:\ModelAnti-Cheat\partidas_rotuladas\par2plyr2h.csv,par2plyr2h,2,39,390.055,399.067,normal,CZ550,CZ550,0,0.0,0,True
par2plyr2h,D:\ModelAnti-Cheat\partidas_rotuladas\par2plyr2h.csv,par2plyr2h,2,40,400.068,409.074,normal,CZ550,CZ550,0,0.0,0,True
par2plyr2h,D:\ModelAnti-Cheat\partidas_rotuladas\par2plyr2h.csv,par2plyr2h,2,41,410.072,419.097,normal,CZ550,CZ550,0,0.0,0,True
par2plyr2h,D:\ModelAnti-Cheat\partidas_rotuladas\par2plyr2h.csv,par2plyr2h,2,42,420.095,429.104,normal,CZ550,CZ550,0,0.0,0,True
par2plyr2h,D:\ModelAnti-Cheat\partidas_rotuladas\par2plyr2h.csv,par2plyr2h,2,43,430.107,439.243,normal,CZ550,CZ550,0,0.0,0,True
par2plyr2h,D:\ModelAnti-Cheat\partidas_rotuladas\par2plyr2h.csv,par2plyr2h,2,44,440.248,449.276,normal,CZ550,CZ550,0,0.0,0,True
par2plyr2h,D:\ModelAnti-Cheat\partidas_rotuladas\par2plyr2h.csv,par2plyr2h,2,45,450.259,459.266,normal,CZ550,CZ550,0,0.0,0,True
par2plyr2h,D:\ModelAnti-Cheat\partidas_rotuladas\par2plyr2h.csv,par2plyr2h,2,46,460.268,469.465,normal,Glock19,CZ550;Glock19,0,0.9939668174962292,1,False
par2plyr2h,D:\ModelAnti-Cheat\partidas_rotuladas\par2plyr2h.csv,par2plyr2h,2,47,470.467,479.94,normal,Glock19,Glock19,0,0.0,0,True
par2plyr2h,D:\ModelAnti-Cheat\partidas_rotuladas\par2plyr2h.csv,par2plyr2h,2,48,480.94,489.953,normal,Glock19,Glock19,0,0.0,0,True
par2plyr2h,D:\ModelAnti-Cheat\partidas_rotuladas\par2plyr2h.csv,par2plyr2h,2,49,490.95,499.961,normal,Glock19,Glock19,0,0.0,0,True
par2plyr2h,D:\ModelAnti-Cheat\partidas_rotuladas\par2plyr2h.csv,par2plyr2h,2,50,500.963,509.211,normal,Glock19,Glock19,0,0.0,0,True
par2plyr2h,D:\ModelAnti-Cheat\partidas_rotuladas\par2plyr2h.csv,par2plyr2h,2,51,510.213,519.221,normal,Glock19,Glock19,0,0.0,0,True
par2plyr2h,D:\ModelAnti-Cheat\partidas_rotuladas\par2plyr2h.csv,par2plyr2h,2,52,520.223,529.235,normal,Glock19,Glock19,0,0.0,0,True
par2plyr2h,D:\ModelAnti-Cheat\partidas_rotuladas\par2plyr2h.csv,par2plyr2h,2,53,530.232,539.245,normal,Glock19,Glock19,0,0.0,0,True
par2plyr2h,D:\ModelAnti-Cheat\partidas_rotuladas\par2plyr2h.csv,par2plyr2h,2,54,540.243,549.252,normal,Glock19,Glock19,0,0.0,0,True
par2plyr2h,D:\ModelAnti-Cheat\partidas_rotuladas\par2plyr2h.csv,par2plyr2h,2,55,550.254,559.463,normal,Glock19,Glock19;CZ550,0,0.0,0,True
par2plyr2h,D:\ModelAnti-Cheat\partidas_rotuladas\par2plyr2h.csv,par2plyr2h,2,56,560.462,569.521,normal,CZ550,CZ550,0,0.0,0,True
par2plyr2h,D:\ModelAnti-Cheat\partidas_rotuladas\par2plyr2h.csv,par2plyr2h,2,57,570.527,579.535,normal,CZ550,CZ550;Glock19,0,0.0,0,True
par2plyr2h,D:\ModelAnti-Cheat\partidas_rotuladas\par2plyr2h.csv,par2plyr2h,2,58,580.538,589.766,normal,Glock19,Glock19,0,0.0,0,True
par2plyr2h,D:\ModelAnti-Cheat\partidas_rotuladas\par2plyr2h.csv,par2plyr2h,2,59,590.93,599.951,normal,Glock19,Glock19,0,0.0,0,True
par2plyr2h,D:\ModelAnti-Cheat\partidas_rotuladas\par2plyr2h.csv,par2plyr2h,2,60,600.941,609.959,normal,Glock19,Glock19,0,0.0,0,True
par2plyr2h,D:\ModelAnti-Cheat\partidas_rotuladas\par2plyr2h.csv,par2plyr2h,2,61,610.963,618.973,normal,Glock19,Glock19,0,0.0,0,True
par2plyr2h,D:\ModelAnti-Cheat\partidas_rotuladas\par2plyr2h.csv,par2plyr2h,2,62,620.009,629.022,normal,Glock19,Glock19,0,0.0,0,True
par2plyr2h,D:\ModelAnti-Cheat\partidas_rotuladas\par2plyr2h.csv,par2plyr2h,2,63,630.021,639.03,normal,Glock19,Glock19,0,0.0,0,True
par2plyr2h,D:\ModelAnti-Cheat\partidas_rotuladas\par2plyr2h.csv,par2plyr2h,2,64,640.029,649.045,normal,Glock19,Glock19;sem_arma,0,0.0,0,True
par2plyr2h,D:\ModelAnti-Cheat\partidas_rotuladas\par2plyr2h.csv,par2plyr2h,2,65,650.044,659.112,normal,FAL,FAL,0,0.0,0,True
par2plyr2h,D:\ModelAnti-Cheat\partidas_rotuladas\par2plyr2h.csv,par2plyr2h,2,66,660.115,669.19,normal,FAL,FAL,0,0.0,0,True
par2plyr2h,D:\ModelAnti-Cheat\partidas_rotuladas\par2plyr2h.csv,par2plyr2h,2,67,670.845,679.933,esp,Scout,Scout,1,0.9939668174962292,1,True
par2plyr2h,D:\ModelAnti-Cheat\partidas_rotuladas\par2plyr2h.csv,par2plyr2h,2,68,680.932,689.943,esp,Scout,Scout,1,0.9939668174962292,1,True
par2plyr2h,D:\ModelAnti-Cheat\partidas_rotuladas\par2plyr2h.csv,par2plyr2h,2,69,690.942,699.954,esp,Scout,Scout,1,0.9939668174962292,1,True
par2plyr2h,D:\ModelAnti-Cheat\partidas_rotuladas\par2plyr2h.csv,par2plyr2h,2,70,700.953,709.964,esp,Scout,Scout;CZ550,1,0.9939668174962292,1,True
par2plyr2h,D:\ModelAnti-Cheat\partidas_rotuladas\par2plyr2h.csv,par2plyr2h,2,71,710.965,719.981,normal,CZ550,CZ550,0,0.0,0,True
par2plyr2h,D:\ModelAnti-Cheat\partidas_rotuladas\par2plyr2h.csv,par2plyr2h,2,72,720.98,729.991,normal,CZ550,CZ550;sem_arma,0,0.0,0,True
par2plyr2h,D:\ModelAnti-Cheat\partidas_rotuladas\par2plyr2h.csv,par2plyr2h,2,73,730.987,739.002,normal,sem_arma,sem_arma,0,0.0,0,True
par2plyr2h,D:\ModelAnti-Cheat\partidas_rotuladas\par2plyr2h.csv,par2plyr2h,2,74,740.0,749.005,normal,sem_arma,sem_arma,0,0.0,0,True
par2plyr2h,D:\ModelAnti-Cheat\partidas_rotuladas\par2plyr2h.csv,par2plyr2h,2,75,750.01,759.043,normal,FAL,FAL,0,0.0,0,True
par2plyr2h,D:\ModelAnti-Cheat\partidas_rotuladas\par2plyr2h.csv,par2plyr2h,2,76,760.018,769.036,normal,FAL,FAL;sem_arma,0,0.0,0,True
par2plyr2h,D:\ModelAnti-Cheat\partidas_rotuladas\par2plyr2h.csv,par2plyr2h,2,77,770.036,779.043,esp,Scout,Scout,1,0.9939668174962292,1,True
par2plyr2h,D:\ModelAnti-Cheat\partidas_rotuladas\par2plyr2h.csv,par2plyr2h,2,78,780.045,789.191,esp,Scout,Scout;CZ550,1,0.0,0,False
par2plyr2h,D:\ModelAnti-Cheat\partidas_rotuladas\par2plyr2h.csv,par2plyr2h,2,79,790.188,799.205,normal,CZ550,CZ550,0,0.0,0,True
par2plyr2h,D:\ModelAnti-Cheat\partidas_rotuladas\par2plyr2h.csv,par2plyr2h,2,80,800.214,809.218,normal,CZ550,CZ550,0,0.0,0,True
par2plyr2h,D:\ModelAnti-Cheat\partidas_rotuladas\par2plyr2h.csv,par2plyr2h,2,81,810.218,819.23,normal,CZ550,CZ550,0,0.0,0,True
par2plyr2h,D:\ModelAnti-Cheat\partidas_rotuladas\par2plyr2h.csv,par2plyr2h,2,82,820.232,829.289,normal,CZ550,CZ550,0,0.0,0,True
par2plyr2h,D:\ModelAnti-Cheat\partidas_rotuladas\par2plyr2h.csv,par2plyr2h,2,83,830.297,839.299,normal,CZ550,CZ550,0,0.0,0,True
par2plyr2h,D:\ModelAnti-Cheat\partidas_rotuladas\par2plyr2h.csv,par2plyr2h,2,84,840.303,842.303,normal,CZ550,CZ550,0,0.0,0,True
par3plyr3n,D:\ModelAnti-Cheat\datasets\par3plyr3n_janelas.csv,par3plyr3n,1,0,0.0,9.763,normal,AugShort,AugShort,0,0.0,0,True
par3plyr3n,D:\ModelAnti-Cheat\datasets\par3plyr3n_janelas.csv,par3plyr3n,1,1,10.764,19.775,normal,AugShort,AugShort,0,0.0,0,True
par3plyr3n,D:\ModelAnti-Cheat\datasets\par3plyr3n_janelas.csv,par3plyr3n,1,2,20.779,29.785,normal,AugShort,AugShort,0,0.0,0,True
par3plyr3n,D:\ModelAnti-Cheat\datasets\par3plyr3n_janelas.csv,par3plyr3n,1,3,30.787,39.8,normal,AugShort,AugShort,0,0.0,0,True
par3plyr3n,D:\ModelAnti-Cheat\datasets\par3plyr3n_janelas.csv,par3plyr3n,1,4,40.796,49.807,normal,AugShort,AugShort,0,0.0,0,True
par3plyr3n,D:\ModelAnti-Cheat\datasets\par3plyr3n_janelas.csv,par3plyr3n,1,5,50.813,56.813,normal,AugShort,AugShort,0,0.0,0,True
par3plyr3n,D:\ModelAnti-Cheat\datasets\par3plyr3n_janelas.csv,par3plyr3n,1,6,60.145,69.152,normal,AugShort,AugShort,0,0.0,0,True
par3plyr3n,D:\ModelAnti-Cheat\datasets\par3plyr3n_janelas.csv,par3plyr3n,1,7,70.155,79.163,normal,AugShort,AugShort,0,0.0,0,True
par3plyr3n,D:\ModelAnti-Cheat\datasets\par3plyr3n_janelas.csv,par3plyr3n,1,8,80.164,89.175,normal,AugShort,AugShort,0,0.0,0,True
par3plyr3n,D:\ModelAnti-Cheat\datasets\par3plyr3n_janelas.csv,par3plyr3n,1,9,90.172,99.181,normal,AugShort,AugShort,0,0.0,0,True
par3plyr3n,D:\ModelAnti-Cheat\datasets\par3plyr3n_janelas.csv,par3plyr3n,1,10,100.183,109.192,normal,AugShort,AugShort,0,0.0,0,True
par3plyr3n,D:\ModelAnti-Cheat\datasets\par3plyr3n_janelas.csv,par3plyr3n,1,11,110.193,119.203,normal,AugShort,AugShort,0,0.0,0,True
par3plyr3n,D:\ModelAnti-Cheat\datasets\par3plyr3n_janelas.csv,par3plyr3n,1,12,120.202,129.214,normal,AugShort,AugShort,0,0.0,0,True
par3plyr3n,D:\ModelAnti-Cheat\datasets\par3plyr3n_janelas.csv,par3plyr3n,1,13,130.213,139.227,normal,AugShort,AugShort;sem_arma,0,0.0,0,True
par3plyr3n,D:\ModelAnti-Cheat\datasets\par3plyr3n_janelas.csv,par3plyr3n,1,14,140.226,149.24,normal,AugShort,AugShort,0,0.0,0,True
par3plyr3n,D:\ModelAnti-Cheat\datasets\par3plyr3n_janelas.csv,par3plyr3n,1,15,150.235,159.244,normal,AugShort,AugShort,0,0.0,0,True
par3plyr3n,D:\ModelAnti-Cheat\datasets\par3plyr3n_janelas.csv,par3plyr3n,1,16,160.244,169.256,normal,AugShort,AugShort,0,0.0,0,True
par3plyr3n,D:\ModelAnti-Cheat\datasets\par3plyr3n_janelas.csv,par3plyr3n,1,17,170.254,179.268,normal,AugShort,AugShort,0,0.0,0,True
par3plyr3n,D:\ModelAnti-Cheat\datasets\par3plyr3n_janelas.csv,par3plyr3n,1,18,180.267,189.272,normal,AugShort,AugShort,0,0.0,0,True
par3plyr3n,D:\ModelAnti-Cheat\datasets\par3plyr3n_janelas.csv,par3plyr3n,1,19,190.274,199.522,normal,AugShort,AugShort,0,0.0,0,True
par3plyr3n,D:\ModelAnti-Cheat\datasets\par3plyr3n_janelas.csv,par3plyr3n,1,20,200.523,209.536,normal,AugShort,AugShort,0,0.0,0,True
par3plyr3n,D:\ModelAnti-Cheat\datasets\par3plyr3n_janelas.csv,par3plyr3n,1,21,210.533,219.543,normal,sem_arma,AugShort;sem_arma,0,0.0,0,True
par3plyr3n,D:\ModelAnti-Cheat\datasets\par3plyr3n_janelas.csv,par3plyr3n,1,22,220.544,229.553,normal,sem_arma,sem_arma,0,0.0,0,True
par3plyr3n,D:\ModelAnti-Cheat\datasets\par3plyr3n_janelas.csv,par3plyr3n,1,23,230.554,239.565,normal,sem_arma,sem_arma,0,0.0,0,True
par3plyr3n,D:\ModelAnti-Cheat\datasets\par3plyr3n_janelas.csv,par3plyr3n,1,24,240.566,249.581,normal,sem_arma,sem_arma;AugShort,0,0.0,0,True
par3plyr3n,D:\ModelAnti-Cheat\datasets\par3plyr3n_janelas.csv,par3plyr3n,1,25,250.577,259.982,normal,AugShort,AugShort,0,0.0,0,True
par3plyr3n,D:\ModelAnti-Cheat\datasets\par3plyr3n_janelas.csv,par3plyr3n,1,26,260.982,269.992,normal,AugShort,AugShort,0,0.0,0,True
par3plyr3n,D:\ModelAnti-Cheat\datasets\par3plyr3n_janelas.csv,par3plyr3n,1,27,271.003,279.039,normal,AugShort,AugShort;sem_arma,0,0.0,0,True
par3plyr3n,D:\ModelAnti-Cheat\datasets\par3plyr3n_janelas.csv,par3plyr3n,1,28,280.042,289.047,normal,AugShort,AugShort,0,0.0,0,True
par3plyr3n,D:\ModelAnti-Cheat\datasets\par3plyr3n_janelas.csv,par3plyr3n,1,29,290.052,299.061,normal,AugShort,AugShort,0,0.0,0,True
par3plyr3n,D:\ModelAnti-Cheat\datasets\par3plyr3n_janelas.csv,par3plyr3n,1,30,300.061,309.076,normal,AugShort,AugShort,0,0.0,0,True
par3plyr3n,D:\ModelAnti-Cheat\datasets\par3plyr3n_janelas.csv,par3plyr3n,1,31,310.073,319.103,normal,AugShort,AugShort,0,0.0,0,True
par3plyr3n,D:\ModelAnti-Cheat\datasets\par3plyr3n_janelas.csv,par3plyr3n,1,32,320.105,329.12,normal,AugShort,AugShort,0,0.0,0,True
par3plyr3n,D:\ModelAnti-Cheat\datasets\par3plyr3n_janelas.csv,par3plyr3n,1,33,330.116,339.14,normal,AugShort,AugShort,0,0.0,0,True
par3plyr3n,D:\ModelAnti-Cheat\datasets\par3plyr3n_janelas.csv,par3plyr3n,1,34,340.142,349.148,normal,AugShort,AugShort,0,0.0,0,True
par3plyr3n,D:\ModelAnti-Cheat\datasets\par3plyr3n_janelas.csv,par3plyr3n,1,35,350.155,359.167,normal,AugShort,AugShort,0,0.0,0,True
par3plyr3n,D:\ModelAnti-Cheat\datasets\par3plyr3n_janelas.csv,par3plyr3n,1,36,360.162,369.17,normal,AugShort,AugShort,0,0.0,0,True
par3plyr3n,D:\ModelAnti-Cheat\datasets\par3plyr3n_janelas.csv,par3plyr3n,1,37,370.175,379.186,normal,AugShort,AugShort,0,0.0,0,True
par3plyr3n,D:\ModelAnti-Cheat\datasets\par3plyr3n_janelas.csv,par3plyr3n,1,38,380.18,389.191,normal,AugShort,AugShort,0,0.0,0,True
par3plyr3n,D:\ModelAnti-Cheat\datasets\par3plyr3n_janelas.csv,par3plyr3n,1,39,390.192,399.207,normal,AugShort,AugShort,0,0.0,0,True
par3plyr3n,D:\ModelAnti-Cheat\datasets\par3plyr3n_janelas.csv,par3plyr3n,1,40,400.206,409.212,normal,AugShort,AugShort,0,0.0,0,True
par3plyr3n,D:\ModelAnti-Cheat\datasets\par3plyr3n_janelas.csv,par3plyr3n,1,41,410.213,419.228,normal,AugShort,AugShort,0,0.0,0,True
par3plyr3n,D:\ModelAnti-Cheat\datasets\par3plyr3n_janelas.csv,par3plyr3n,1,42,420.224,429.238,normal,AugShort,AugShort,0,0.0,0,True
par3plyr3n,D:\ModelAnti-Cheat\datasets\par3plyr3n_janelas.csv,par3plyr3n,1,43,430.239,439.254,normal,AugShort,AugShort,0,0.0,0,True
par3plyr3n,D:\ModelAnti-Cheat\datasets\par3plyr3n_janelas.csv,par3plyr3n,1,44,440.257,449.276,normal,AugShort,AugShort,0,0.0,0,True
par3plyr3n,D:\ModelAnti-Cheat\datasets\par3plyr3n_janelas.csv,par3plyr3n,1,45,450.273,459.285,normal,AugShort,AugShort,0,0.0,0,True
par3plyr3n,D:\ModelAnti-Cheat\datasets\par3plyr3n_janelas.csv,par3plyr3n,1,46,460.285,469.295,normal,AugShort,AugShort,0,0.0,0,True
par3plyr3n,D:\ModelAnti-Cheat\datasets\par3plyr3n_janelas.csv,par3plyr3n,1,47,470.295,479.308,normal,AugShort,AugShort,0,0.0,0,True
par3plyr3n,D:\ModelAnti-Cheat\datasets\par3plyr3n_janelas.csv,par3plyr3n,1,48,480.307,489.317,normal,AugShort,AugShort,0,0.0,0,True
par3plyr3n,D:\ModelAnti-Cheat\datasets\par3plyr3n_janelas.csv,par3plyr3n,1,49,490.324,499.325,normal,AugShort,AugShort,0,0.0,0,True
par3plyr3n,D:\ModelAnti-Cheat\datasets\par3plyr3n_janelas.csv,par3plyr3n,1,50,500.329,509.351,normal,AugShort,AugShort,0,0.0,0,True
par3plyr3n,D:\ModelAnti-Cheat\datasets\par3plyr3n_janelas.csv,par3plyr3n,1,51,510.352,519.359,normal,AugShort,AugShort,0,0.0,0,True
par3plyr3n,D:\ModelAnti-Cheat\datasets\par3plyr3n_janelas.csv,par3plyr3n,1,52,520.36,529.376,normal,AugShort,AugShort,0,0.0,0,True
par3plyr3n,D:\ModelAnti-Cheat\datasets\par3plyr3n_janelas.csv,par3plyr3n,1,53,530.37,539.381,normal,AugShort,AugShort,0,0.0,0,True
par3plyr3n,D:\ModelAnti-Cheat\datasets\par3plyr3n_janelas.csv,par3plyr3n,1,54,540.386,549.582,normal,AugShort,AugShort,0,0.0,0,True
par3plyr3n,D:\ModelAnti-Cheat\datasets\par3plyr3n_janelas.csv,par3plyr3n,1,55,550.58,559.588,normal,AugShort,AugShort,0,0.0,0,True
par3plyr3n,D:\ModelAnti-Cheat\datasets\par3plyr3n_janelas.csv,par3plyr3n,1,56,560.591,569.607,normal,sem_arma,sem_arma,0,0.0,0,True
par3plyr3n,D:\ModelAnti-Cheat\datasets\par3plyr3n_janelas.csv,par3plyr3n,1,57,570.607,579.612,normal,AugShort,AugShort,0,0.0,0,True
par3plyr3n,D:\ModelAnti-Cheat\datasets\par3plyr3n_janelas.csv,par3plyr3n,1,58,580.614,589.629,normal,AugShort,AugShort,0,0.0,0,True
par3plyr3n,D:\ModelAnti-Cheat\datasets\par3plyr3n_janelas.csv,par3plyr3n,1,59,590.646,599.755,normal,AugShort,AugShort,0,0.0,0,True
par3plyr3n,D:\ModelAnti-Cheat\datasets\par3plyr3n_janelas.csv,par3plyr3n,1,60,600.757,609.769,normal,AugShort,AugShort,0,0.0,0,True
par3plyr3n,D:\ModelAnti-Cheat\datasets\par3plyr3n_janelas.csv,par3plyr3n,1,61,610.772,619.781,normal,AugShort,AugShort,0,0.0,0,True
par3plyr3n,D:\ModelAnti-Cheat\datasets\par3plyr3n_janelas.csv,par3plyr3n,1,62,620.777,629.789,normal,AugShort,AugShort,0,0.0,0,True
par3plyr3n,D:\ModelAnti-Cheat\datasets\par3plyr3n_janelas.csv,par3plyr3n,1,63,630.796,639.031,normal,AugShort,AugShort,0,0.0,0,True
par3plyr3n,D:\ModelAnti-Cheat\datasets\par3plyr3n_janelas.csv,par3plyr3n,1,64,640.069,649.052,normal,AugShort,AugShort,0,0.0,0,True
par3plyr3n,D:\ModelAnti-Cheat\datasets\par3plyr3n_janelas.csv,par3plyr3n,1,65,650.05,659.454,normal,AugShort,AugShort,0,0.0,0,True
par3plyr3n,D:\ModelAnti-Cheat\datasets\par3plyr3n_janelas.csv,par3plyr3n,1,66,660.418,669.422,normal,AugShort,AugShort,0,0.0,0,True
par3plyr3n,D:\ModelAnti-Cheat\datasets\par3plyr3n_janelas.csv,par3plyr3n,1,67,670.429,679.474,normal,AugShort,AugShort,0,0.0,0,True
par3plyr3n,D:\ModelAnti-Cheat\datasets\par3plyr3n_janelas.csv,par3plyr3n,1,68,680.474,689.484,normal,AugShort,AugShort,0,0.0,0,True
par3plyr3n,D:\ModelAnti-Cheat\datasets\par3plyr3n_janelas.csv,par3plyr3n,1,69,690.487,699.501,normal,AugShort,AugShort,0,0.0,0,True
par3plyr3n,D:\ModelAnti-Cheat\datasets\par3plyr3n_janelas.csv,par3plyr3n,1,70,700.496,709.51,normal,AugShort,AugShort,0,0.0,0,True
par3plyr3n,D:\ModelAnti-Cheat\datasets\par3plyr3n_janelas.csv,par3plyr3n,1,71,710.506,719.526,normal,AugShort,AugShort,0,0.0,0,True
par3plyr3n,D:\ModelAnti-Cheat\datasets\par3plyr3n_janelas.csv,par3plyr3n,1,72,720.521,729.532,normal,AugShort,AugShort,0,0.0,0,True
par3plyr3n,D:\ModelAnti-Cheat\datasets\par3plyr3n_janelas.csv,par3plyr3n,1,73,730.53,739.54,normal,AugShort,AugShort,0,0.0,0,True
par3plyr3n,D:\ModelAnti-Cheat\datasets\par3plyr3n_janelas.csv,par3plyr3n,1,74,740.538,749.084,normal,AugShort,AugShort,0,0.0,0,True
par3plyr3n,D:\ModelAnti-Cheat\datasets\par3plyr3n_janelas.csv,par3plyr3n,1,75,750.083,759.148,normal,AugShort,AugShort,0,0.0,0,True
par3plyr3n,D:\ModelAnti-Cheat\datasets\par3plyr3n_janelas.csv,par3plyr3n,1,76,760.153,769.162,normal,AugShort,AugShort,0,0.0,0,True
par3plyr3n,D:\ModelAnti-Cheat\datasets\par3plyr3n_janelas.csv,par3plyr3n,1,77,770.159,779.291,normal,AugShort,AugShort,0,0.0,0,True
par3plyr3n,D:\ModelAnti-Cheat\datasets\par3plyr3n_janelas.csv,par3plyr3n,1,78,780.291,789.302,normal,AugShort,AugShort,0,0.0,0,True
par3plyr3n,D:\ModelAnti-Cheat\datasets\par3plyr3n_janelas.csv,par3plyr3n,1,79,790.302,799.309,normal,AugShort,AugShort,0,0.0,0,True
par3plyr3n,D:\ModelAnti-Cheat\datasets\par3plyr3n_janelas.csv,par3plyr3n,1,80,800.313,809.342,normal,AugShort,AugShort,0,0.0,0,True
par3plyr3n,D:\ModelAnti-Cheat\datasets\par3plyr3n_janelas.csv,par3plyr3n,1,81,810.344,819.416,normal,AugShort,AugShort,0,0.0,0,True
par3plyr3n,D:\ModelAnti-Cheat\datasets\par3plyr3n_janelas.csv,par3plyr3n,1,82,820.417,829.423,normal,AugShort,AugShort,0,0.0,0,True
par3plyr3n,D:\ModelAnti-Cheat\datasets\par3plyr3n_janelas.csv,par3plyr3n,1,83,830.419,839.433,normal,AugShort,AugShort,0,0.0,0,True
par3plyr3n,D:\ModelAnti-Cheat\datasets\par3plyr3n_janelas.csv,par3plyr3n,1,84,840.434,849.447,normal,AugShort,AugShort,0,0.0,0,True
par3plyr3n,D:\ModelAnti-Cheat\datasets\par3plyr3n_janelas.csv,par3plyr3n,1,85,850.447,859.458,normal,AugShort,AugShort,0,0.0,0,True
par3plyr3n,D:\ModelAnti-Cheat\datasets\par3plyr3n_janelas.csv,par3plyr3n,1,86,860.456,869.469,normal,AugShort,AugShort,0,0.0,0,True
par3plyr3n,D:\ModelAnti-Cheat\datasets\par3plyr3n_janelas.csv,par3plyr3n,1,87,870.47,879.482,normal,AugShort,AugShort,0,0.0,0,True
par3plyr3n,D:\ModelAnti-Cheat\datasets\par3plyr3n_janelas.csv,par3plyr3n,1,88,880.504,889.617,normal,AugShort,AugShort,0,0.0,0,True
par3plyr3n,D:\ModelAnti-Cheat\datasets\par3plyr3n_janelas.csv,par3plyr3n,1,89,890.616,899.858,normal,AugShort,AugShort,0,0.0,0,True
par3plyr3n,D:\ModelAnti-Cheat\datasets\par3plyr3n_janelas.csv,par3plyr3n,1,90,900.863,909.869,normal,AugShort,AugShort,0,0.0,0,True
par3plyr3n,D:\ModelAnti-Cheat\datasets\par3plyr3n_janelas.csv,par3plyr3n,1,91,910.87,919.878,normal,AugShort,AugShort;sem_arma,0,0.0,0,True
par3plyr3n,D:\ModelAnti-Cheat\datasets\par3plyr3n_janelas.csv,par3plyr3n,1,92,920.88,929.934,normal,AugShort,sem_arma;AugShort,0,0.0,0,True
par3plyr3n,D:\ModelAnti-Cheat\datasets\par3plyr3n_janelas.csv,par3plyr3n,1,93,930.935,939.955,normal,AugShort,AugShort,0,0.0,0,True
par3plyr3n,D:\ModelAnti-Cheat\datasets\par3plyr3n_janelas.csv,par3plyr3n,1,94,940.956,949.043,normal,AugShort,AugShort,0,0.0,0,True
par3plyr3n,D:\ModelAnti-Cheat\datasets\par3plyr3n_janelas.csv,par3plyr3n,1,95,950.045,959.052,normal,AugShort,AugShort,0,0.0,0,True
par3plyr3n,D:\ModelAnti-Cheat\datasets\par3plyr3n_janelas.csv,par3plyr3n,1,96,960.051,969.105,normal,AugShort,AugShort,0,0.0,0,True
par3plyr3n,D:\ModelAnti-Cheat\datasets\par3plyr3n_janelas.csv,par3plyr3n,1,97,970.106,979.331,normal,AugShort,AugShort;sem_arma,0,0.0,0,True
par3plyr3n,D:\ModelAnti-Cheat\datasets\par3plyr3n_janelas.csv,par3plyr3n,1,98,980.335,989.346,normal,sem_arma,sem_arma,0,0.0,0,True
par3plyr3n,D:\ModelAnti-Cheat\datasets\par3plyr3n_janelas.csv,par3plyr3n,1,99,990.345,999.362,normal,AugShort,AugShort,0,0.0,0,True
par3plyr3n,D:\ModelAnti-Cheat\datasets\par3plyr3n_janelas.csv,par3plyr3n,1,100,1000.36,1009.371,normal,AugShort,AugShort,0,0.0,0,True
par3plyr3n,D:\ModelAnti-Cheat\datasets\par3plyr3n_janelas.csv,par3plyr3n,1,101,1010.372,1019.388,normal,AugShort,AugShort,0,0.0,0,True
par3plyr3n,D:\ModelAnti-Cheat\datasets\par3plyr3n_janelas.csv,par3plyr3n,1,102,1020.388,1029.4,normal,AugShort,AugShort,0,0.0,0,True
par3plyr3n,D:\ModelAnti-Cheat\datasets\par3plyr3n_janelas.csv,par3plyr3n,1,103,1030.396,1039.659,normal,AugShort,AugShort,0,0.0,0,True
par3plyr3n,D:\ModelAnti-Cheat\datasets\par3plyr3n_janelas.csv,par3plyr3n,1,104,1040.735,1049.808,normal,AugShort,AugShort,0,0.0,0,True
par3plyr3n,D:\ModelAnti-Cheat\datasets\par3plyr3n_janelas.csv,par3plyr3n,1,105,1050.811,1059.608,normal,AugShort,AugShort,0,0.0,0,True
par3plyr3n,D:\ModelAnti-Cheat\datasets\par3plyr3n_janelas.csv,par3plyr3n,1,106,1060.608,1069.993,normal,AugShort,AugShort,0,0.0,0,True
par3plyr3n,D:\ModelAnti-Cheat\datasets\par3plyr3n_janelas.csv,par3plyr3n,1,107,1070.995,1079.005,normal,AugShort,AugShort,0,0.0,0,True
par3plyr3n,D:\ModelAnti-Cheat\datasets\par3plyr3n_janelas.csv,par3plyr3n,1,108,1080.003,1089.025,normal,AugShort,AugShort,0,0.0,0,True
par3plyr3n,D:\ModelAnti-Cheat\datasets\par3plyr3n_janelas.csv,par3plyr3n,1,109,1090.167,1099.176,normal,AugShort,AugShort,0,0.0,0,True
par3plyr3n,D:\ModelAnti-Cheat\datasets\par3plyr3n_janelas.csv,par3plyr3n,1,110,1100.177,1109.189,normal,AugShort,AugShort,0,0.0,0,True
par3plyr3n,D:\ModelAnti-Cheat\datasets\par3plyr3n_janelas.csv,par3plyr3n,1,111,1110.189,1119.199,normal,AugShort,AugShort,0,0.0,0,True
par3plyr3n,D:\ModelAnti-Cheat\datasets\par3plyr3n_janelas.csv,par3plyr3n,1,112,1120.198,1129.356,normal,AugShort,AugShort,0,0.0,0,True
par3plyr3n,D:\ModelAnti-Cheat\datasets\par3plyr3n_janelas.csv,par3plyr3n,1,113,1130.369,1139.374,normal,AugShort,AugShort,0,0.0,0,True
par3plyr3n,D:\ModelAnti-Cheat\datasets\par3plyr3n_janelas.csv,par3plyr3n,1,114,1141.11,1149.127,normal,sem_arma,AugShort;sem_arma,0,0.0,0,True
par3plyr3n,D:\ModelAnti-Cheat\datasets\par3plyr3n_janelas.csv,par3plyr3n,1,115,1150.125,1159.679,normal,sem_arma,sem_arma,0,0.0,0,True
par3plyr3n,D:\ModelAnti-Cheat\datasets\par3plyr3n_janelas.csv,par3plyr3n,1,116,1160.738,1169.747,normal,sem_arma,sem_arma,0,0.0,0,True
par3plyr3n,D:\ModelAnti-Cheat\datasets\par3plyr3n_janelas.csv,par3plyr3n,1,117,1170.748,1179.761,normal,sem_arma,sem_arma;AugShort,0,0.0,0,True
par3plyr3n,D:\ModelAnti-Cheat\datasets\par3plyr3n_janelas.csv,par3plyr3n,1,118,1180.763,1189.772,normal,AugShort,AugShort,0,0.0,0,True
par3plyr3n,D:\ModelAnti-Cheat\datasets\par3plyr3n_janelas.csv,par3plyr3n,1,119,1190.773,1199.785,normal,AugShort,AugShort,0,0.0,0,True
par3plyr3n,D:\ModelAnti-Cheat\datasets\par3plyr3n_janelas.csv,par3plyr3n,1,120,1200.785,1209.837,normal,AugShort,AugShort,0,0.0,0,True
par3plyr3n,D:\ModelAnti-Cheat\datasets\par3plyr3n_janelas.csv,par3plyr3n,1,121,1210.836,1219.847,normal,AugShort,AugShort,0,0.0,0,True
par3plyr3n,D:\ModelAnti-Cheat\datasets\par3plyr3n_janelas.csv,par3plyr3n,1,122,1220.846,1229.726,normal,AugShort,AugShort,0,0.0,0,True
par3plyr3n,D:\ModelAnti-Cheat\datasets\par3plyr3n_janelas.csv,par3plyr3n,1,123,1230.722,1239.781,normal,AugShort,AugShort,0,0.0,0,True
par3plyr3n,D:\ModelAnti-Cheat\datasets\par3plyr3n_janelas.csv,par3plyr3n,1,124,1240.785,1249.795,normal,AugShort,AugShort,0,0.0,0,True
par3plyr3n,D:\ModelAnti-Cheat\datasets\par3plyr3n_janelas.csv,par3plyr3n,1,125,1250.795,1259.807,normal,AugShort,AugShort,0,0.0,0,True
par3plyr3n,D:\ModelAnti-Cheat\datasets\par3plyr3n_janelas.csv,par3plyr3n,1,126,1260.812,1269.957,normal,AugShort,AugShort,0,0.0,0,True
par3plyr3n,D:\ModelAnti-Cheat\datasets\par3plyr3n_janelas.csv,par3plyr3n,1,127,1270.958,1279.968,normal,AugShort,AugShort,0,0.0,0,True
par3plyr3n,D:\ModelAnti-Cheat\datasets\par3plyr3n_janelas.csv,par3plyr3n,1,128,1280.975,1289.976,normal,AugShort,AugShort,0,0.0,0,True
par3plyr3n,D:\ModelAnti-Cheat\datasets\par3plyr3n_janelas.csv,par3plyr3n,1,129,1290.984,1299.081,normal,AugShort,AugShort,0,0.0,0,True
par3plyr3n,D:\ModelAnti-Cheat\datasets\par3plyr3n_janelas.csv,par3plyr3n,1,130,1300.078,1309.09,normal,AugShort,AugShort,0,0.0,0,True
par3plyr3n,D:\ModelAnti-Cheat\datasets\par3plyr3n_janelas.csv,par3plyr3n,1,131,1310.089,1319.104,normal,AugShort,AugShort,0,0.0,0,True
par3plyr3n,D:\ModelAnti-Cheat\datasets\par3plyr3n_janelas.csv,par3plyr3n,1,132,1320.105,1329.202,normal,AugShort,AugShort,0,0.0,0,True
par3plyr3n,D:\ModelAnti-Cheat\datasets\par3plyr3n_janelas.csv,par3plyr3n,1,133,1330.202,1339.221,normal,AugShort,AugShort;sem_arma,0,0.0,0,True
par3plyr3n,D:\ModelAnti-Cheat\datasets\par3plyr3n_janelas.csv,par3plyr3n,1,134,1340.219,1349.23,normal,AugShort,sem_arma;AugShort,0,0.0,0,True
par3plyr3n,D:\ModelAnti-Cheat\datasets\par3plyr3n_janelas.csv,par3plyr3n,1,135,1350.544,1359.562,normal,Scout,AugShort;Scout,0,0.0,0,True
par3plyr3n,D:\ModelAnti-Cheat\datasets\par3plyr3n_janelas.csv,par3plyr3n,1,136,1360.569,1369.607,normal,Scout,Scout,0,0.0,0,True
par3plyr3n,D:\ModelAnti-Cheat\datasets\par3plyr3n_janelas.csv,par3plyr3n,1,137,1370.607,1379.698,normal,Scout,Scout,0,0.0,0,True
par3plyr3n,D:\ModelAnti-Cheat\datasets\par3plyr3n_janelas.csv,par3plyr3n,1,138,1380.694,1389.703,normal,Scout,Scout,0,0.0,0,True
par3plyr3n,D:\ModelAnti-Cheat\datasets\par3plyr3n_janelas.csv,par3plyr3n,1,139,1390.705,1399.753,normal,Scout,Scout,0,0.0,0,True
par3plyr3n,D:\ModelAnti-Cheat\datasets\par3plyr3n_janelas.csv,par3plyr3n,1,140,1400.756,1409.794,normal,Scout,Scout,0,0.0,0,True
par3plyr3n,D:\ModelAnti-Cheat\datasets\par3plyr3n_janelas.csv,par3plyr3n,1,141,1410.799,1419.854,normal,Scout,Scout;sem_arma,0,0.0,0,True
par3plyr3n,D:\ModelAnti-Cheat\datasets\par3plyr3n_janelas.csv,par3plyr3n,1,142,1420.853,1429.862,normal,sem_arma,sem_arma,0,0.0,0,True
par3plyr3n,D:\ModelAnti-Cheat\datasets\par3plyr3n_janelas.csv,par3plyr3n,1,143,1430.863,1439.888,normal,sem_arma,sem_arma,0,0.0,0,True
par3plyr3n,D:\ModelAnti-Cheat\datasets\par3plyr3n_janelas.csv,par3plyr3n,1,144,1440.882,1449.073,normal,sem_arma,sem_arma,0,0.0,0,True
par3plyr3n,D:\ModelAnti-Cheat\datasets\par3plyr3n_janelas.csv,par3plyr3n,1,145,1450.077,1459.112,normal,AugShort,AugShort,0,0.0,0,True
par3plyr3n,D:\ModelAnti-Cheat\datasets\par3plyr3n_janelas.csv,par3plyr3n,1,146,1460.118,1469.58,normal,AugShort,AugShort,0,0.0,0,True
par3plyr3n,D:\ModelAnti-Cheat\datasets\par3plyr3n_janelas.csv,par3plyr3n,1,147,1470.577,1479.973,normal,AugShort,AugShort,0,0.0,0,True
par3plyr3n,D:\ModelAnti-Cheat\datasets\par3plyr3n_janelas.csv,par3plyr3n,1,148,1480.974,1489.985,normal,sem_arma,AugShort;sem_arma,0,0.0,0,True
par3plyr3n,D:\ModelAnti-Cheat\datasets\par3plyr3n_janelas.csv,par3plyr3n,1,149,1490.983,1499.62,normal,sem_arma,AugShort;sem_arma,0,0.0,0,True
par3plyr3n,D:\ModelAnti-Cheat\datasets\par3plyr3n_janelas.csv,par3plyr3n,1,150,1500.619,1509.676,normal,sem_arma,sem_arma,0,0.0,0,True
par3plyr3n,D:\ModelAnti-Cheat\datasets\par3plyr3n_janelas.csv,par3plyr3n,1,151,1510.689,1519.005,normal,sem_arma,sem_arma,0,0.0,0,True
par3plyr3n,D:\ModelAnti-Cheat\datasets\par3plyr3n_janelas.csv,par3plyr3n,1,152,1520.004,1529.221,normal,sem_arma,sem_arma;AugShort,0,0.0,0,True
par3plyr3n,D:\ModelAnti-Cheat\datasets\par3plyr3n_janelas.csv,par3plyr3n,1,153,1530.224,1539.351,normal,AugShort,AugShort,0,0.0,0,True
par3plyr3n,D:\ModelAnti-Cheat\datasets\par3plyr3n_janelas.csv,par3plyr3n,1,154,1540.354,1549.364,normal,AugShort,AugShort,0,0.0,0,True
par3plyr3n,D:\ModelAnti-Cheat\datasets\par3plyr3n_janelas.csv,par3plyr3n,1,155,1550.365,1559.565,normal,AugShort,AugShort;sem_arma,0,0.0,0,True
par3plyr3n,D:\ModelAnti-Cheat\datasets\par3plyr3n_janelas.csv,par3plyr3n,1,156,1560.569,1569.586,normal,AugShort,AugShort,0,0.0,0,True
par3plyr3n,D:\ModelAnti-Cheat\datasets\par3plyr3n_janelas.csv,par3plyr3n,1,157,1570.582,1579.597,normal,AugShort,AugShort,0,0.0,0,True
par3plyr3n,D:\ModelAnti-Cheat\datasets\par3plyr3n_janelas.csv,par3plyr3n,1,158,1581.248,1589.959,normal,AugShort,AugShort,0,0.0,0,True
par3plyr3n,D:\ModelAnti-Cheat\datasets\par3plyr3n_janelas.csv,par3plyr3n,1,159,1592.1,1599.133,normal,AugShort,AugShort,0,0.0,0,True
par3plyr3n,D:\ModelAnti-Cheat\datasets\par3plyr3n_janelas.csv,par3plyr3n,1,160,1600.136,1609.741,normal,AugShort,AugShort,0,0.0,0,True
par3plyr3n,D:\ModelAnti-Cheat\datasets\par3plyr3n_janelas.csv,par3plyr3n,1,161,1610.746,1619.755,normal,AugShort,AugShort,0,0.0,0,True
par3plyr3n,D:\ModelAnti-Cheat\datasets\par3plyr3n_janelas.csv,par3plyr3n,1,162,1620.755,1629.05,normal,AugShort,AugShort,0,0.0,0,True
par3plyr3n,D:\ModelAnti-Cheat\datasets\par3plyr3n_janelas.csv,par3plyr3n,1,163,1630.049,1639.472,normal,AugShort,AugShort,0,0.0,0,True
par3plyr3n,D:\ModelAnti-Cheat\datasets\par3plyr3n_janelas.csv,par3plyr3n,1,164,1640.473,1649.485,normal,AugShort,AugShort;sem_arma,0,0.0,0,True
par3plyr3n,D:\ModelAnti-Cheat\datasets\par3plyr3n_janelas.csv,par3plyr3n,1,165,1650.485,1659.161,normal,sem_arma,sem_arma,0,0.0,0,True
par3plyr3n,D:\ModelAnti-Cheat\datasets\par3plyr3n_janelas.csv,par3plyr3n,1,166,1660.159,1669.665,normal,sem_arma,sem_arma,0,0.0,0,True
par3plyr3n,D:\ModelAnti-Cheat\datasets\par3plyr3n_janelas.csv,par3plyr3n,1,167,1670.666,1679.68,normal,AugShort,sem_arma;AugShort,0,0.0,0,True
par3plyr3n,D:\ModelAnti-Cheat\datasets\par3plyr3n_janelas.csv,par3plyr3n,1,168,1680.683,1689.78,normal,AugShort,AugShort;sem_arma,0,0.0,0,True
par3plyr3n,D:\ModelAnti-Cheat\datasets\par3plyr3n_janelas.csv,par3plyr3n,1,169,1690.835,1699.9,normal,sem_arma,sem_arma,0,0.0,0,True
par3plyr3n,D:\ModelAnti-Cheat\datasets\par3plyr3n_janelas.csv,par3plyr3n,1,170,1700.9,1709.282,normal,sem_arma,sem_arma,0,0.0,0,True
par3plyr3n,D:\ModelAnti-Cheat\datasets\par3plyr3n_janelas.csv,par3plyr3n,1,171,1710.278,1719.45,normal,sem_arma,sem_arma,0,0.0,0,True
par3plyr3n,D:\ModelAnti-Cheat\datasets\par3plyr3n_janelas.csv,par3plyr3n,1,172,1720.452,1729.581,normal,sem_arma,sem_arma,0,0.0,0,True
par3plyr3n,D:\ModelAnti-Cheat\datasets\par3plyr3n_janelas.csv,par3plyr3n,1,173,1730.582,1739.591,normal,sem_arma,sem_arma,0,0.0,0,True
par3plyr3n,D:\ModelAnti-Cheat\datasets\par3plyr3n_janelas.csv,par3plyr3n,1,174,1740.598,1749.609,normal,sem_arma,sem_arma,0,0.0,0,True
par3plyr3n,D:\ModelAnti-Cheat\datasets\par3plyr3n_janelas.csv,par3plyr3n,1,175,1750.613,1759.619,normal,sem_arma,sem_arma,0,0.0,0,True
par3plyr3n,D:\ModelAnti-Cheat\datasets\par3plyr3n_janelas.csv,par3plyr3n,1,176,1760.622,1769.427,normal,sem_arma,sem_arma,0,0.0,0,True
par3plyr3n,D:\ModelAnti-Cheat\datasets\par3plyr3n_janelas.csv,par3plyr3n,1,177,1770.427,1779.438,normal,sem_arma,sem_arma,0,0.0,0,True
par3plyr3n,D:\ModelAnti-Cheat\datasets\par3plyr3n_janelas.csv,par3plyr3n,1,178,1780.438,1789.45,normal,sem_arma,sem_arma;Scout,0,0.0,0,True
par3plyr3n,D:\ModelAnti-Cheat\datasets\par3plyr3n_janelas.csv,par3plyr3n,1,179,1790.454,1799.462,normal,AugShort,Scout;AugShort,0,0.0,0,True
par3plyr3n,D:\ModelAnti-Cheat\datasets\par3plyr3n_janelas.csv,par3plyr3n,1,180,1800.462,1809.475,normal,AugShort,AugShort,0,0.0,0,True
par3plyr3n,D:\ModelAnti-Cheat\datasets\par3plyr3n_janelas.csv,par3plyr3n,1,181,1810.472,1819.484,normal,AugShort,AugShort,0,0.0,0,True
par3plyr3n,D:\ModelAnti-Cheat\datasets\par3plyr3n_janelas.csv,par3plyr3n,1,182,1820.531,1829.709,normal,AugShort,AugShort;sem_arma,0,0.0,0,True
par3plyr3n,D:\ModelAnti-Cheat\datasets\par3plyr3n_janelas.csv,par3plyr3n,1,183,1830.705,1839.868,normal,sem_arma,sem_arma,0,0.0,0,True
par3plyr3n,D:\ModelAnti-Cheat\datasets\par3plyr3n_janelas.csv,par3plyr3n,1,184,1840.874,1849.354,normal,sem_arma,sem_arma,0,0.0,0,True
par3plyr3n,D:\ModelAnti-Cheat\datasets\par3plyr3n_janelas.csv,par3plyr3n,1,185,1850.355,1859.379,normal,sem_arma,sem_arma,0,0.0,0,True
par3plyr3n,D:\ModelAnti-Cheat\datasets\par3plyr3n_janelas.csv,par3plyr3n,1,186,1860.367,1869.55,normal,sem_arma,sem_arma,0,0.0,0,True
par3plyr3n,D:\ModelAnti-Cheat\datasets\par3plyr3n_janelas.csv,par3plyr3n,1,187,1870.553,1879.76,normal,sem_arma,sem_arma,0,0.0,0,True
par3plyr3n,D:\ModelAnti-Cheat\datasets\par3plyr3n_janelas.csv,par3plyr3n,1,188,1880.764,1884.197,normal,sem_arma,sem_arma,0,0.0,0,True
par3plyr3n,D:\ModelAnti-Cheat\datasets\par3plyr3n_janelas.csv,par3plyr3n,2,0,0.0,9.737,normal,sem_arma,sem_arma,0,0.0,0,True
par3plyr3n,D:\ModelAnti-Cheat\datasets\par3plyr3n_janelas.csv,par3plyr3n,2,1,10.744,19.748,normal,sem_arma,sem_arma,0,0.0,0,True
par3plyr3n,D:\ModelAnti-Cheat\datasets\par3plyr3n_janelas.csv,par3plyr3n,2,2,20.75,29.971,normal,sem_arma,sem_arma,0,0.0,0,True
par3plyr3n,D:\ModelAnti-Cheat\datasets\par3plyr3n_janelas.csv,par3plyr3n,2,3,30.76,39.779,normal,sem_arma,sem_arma,0,0.0,0,True
par3plyr3n,D:\ModelAnti-Cheat\datasets\par3plyr3n_janelas.csv,par3plyr3n,2,4,40.771,49.791,normal,sem_arma,sem_arma,0,0.0,0,True
par3plyr3n,D:\ModelAnti-Cheat\datasets\par3plyr3n_janelas.csv,par3plyr3n,2,5,50.791,59.184,normal,sem_arma,sem_arma,0,0.0,0,True
par3plyr3n,D:\ModelAnti-Cheat\datasets\par3plyr3n_janelas.csv,par3plyr3n,2,6,60.198,69.206,normal,sem_arma,sem_arma,0,0.0,0,True
par3plyr3n,D:\ModelAnti-Cheat\datasets\par3plyr3n_janelas.csv,par3plyr3n,2,7,70.201,79.254,normal,sem_arma,sem_arma,0,0.0,0,True
par3plyr3n,D:\ModelAnti-Cheat\datasets\par3plyr3n_janelas.csv,par3plyr3n,2,8,80.25,89.268,normal,sem_arma,sem_arma,0,0.0,0,True
par3plyr3n,D:\ModelAnti-Cheat\datasets\par3plyr3n_janelas.csv,par3plyr3n,2,9,90.253,99.28,normal,sem_arma,sem_arma,0,0.0,0,True
par3plyr3n,D:\ModelAnti-Cheat\datasets\par3plyr3n_janelas.csv,par3plyr3n,2,10,100.267,109.278,normal,sem_arma,sem_arma,0,0.0,0,True
par3plyr3n,D:\ModelAnti-Cheat\datasets\par3plyr3n_janelas.csv,par3plyr3n,2,11,110.284,119.309,normal,sem_arma,sem_arma,0,0.0,0,True
par3plyr3n,D:\ModelAnti-Cheat\datasets\par3plyr3n_janelas.csv,par3plyr3n,2,12,120.31,129.34,normal,sem_arma,sem_arma,0,0.0,0,True
par3plyr3n,D:\ModelAnti-Cheat\datasets\par3plyr3n_janelas.csv,par3plyr3n,2,13,130.333,139.346,normal,sem_arma,sem_arma,0,0.0,0,True
par3plyr3n,D:\ModelAnti-Cheat\datasets\par3plyr3n_janelas.csv,par3plyr3n,2,14,140.346,149.355,normal,sem_arma,sem_arma,0,0.0,0,True
par3plyr3n,D:\ModelAnti-Cheat\datasets\par3plyr3n_janelas.csv,par3plyr3n,2,15,150.357,159.366,normal,sem_arma,sem_arma,0,0.0,0,True
par3plyr3n,D:\ModelAnti-Cheat\datasets\par3plyr3n_janelas.csv,par3plyr3n,2,16,160.382,169.376,normal,sem_arma,sem_arma,0,0.0,0,True
par3plyr3n,D:\ModelAnti-Cheat\datasets\par3plyr3n_janelas.csv,par3plyr3n,2,17,170.378,179.391,normal,sem_arma,sem_arma;MakarovIJ70,0,0.0,0,True
par3plyr3n,D:\ModelAnti-Cheat\datasets\par3plyr3n_janelas.csv,par3plyr3n,2,18,180.402,189.409,normal,sem_arma,sem_arma,0,0.0,0,True
par3plyr3n,D:\ModelAnti-Cheat\datasets\par3plyr3n_janelas.csv,par3plyr3n,2,19,190.448,199.42,normal,sem_arma,sem_arma,0,0.0,0,True
par3plyr3n,D:\ModelAnti-Cheat\datasets\par3plyr3n_janelas.csv,par3plyr3n,2,20,200.419,209.424,normal,sem_arma,sem_arma,0,0.0,0,True
par3plyr3n,D:\ModelAnti-Cheat\datasets\par3plyr3n_janelas.csv,par3plyr3n,2,21,210.421,219.444,normal,sem_arma,sem_arma,0,0.0,0,True
par3plyr3n,D:\ModelAnti-Cheat\datasets\par3plyr3n_janelas.csv,par3plyr3n,2,23,230.446,239.466,normal,sem_arma,sem_arma;MakarovIJ70,0,0.0,0,True
par3plyr3n,D:\ModelAnti-Cheat\datasets\par3plyr3n_janelas.csv,par3plyr3n,2,24,240.459,249.476,normal,sem_arma,sem_arma,0,0.0,0,True
par3plyr3n,D:\ModelAnti-Cheat\datasets\par3plyr3n_janelas.csv,par3plyr3n,2,25,250.488,259.496,normal,sem_arma,sem_arma,0,0.0,0,True
par3plyr3n,D:\ModelAnti-Cheat\datasets\par3plyr3n_janelas.csv,par3plyr3n,2,26,260.495,269.503,normal,MakarovIJ70,sem_arma;MakarovIJ70,0,0.0,0,True
par3plyr3n,D:\ModelAnti-Cheat\datasets\par3plyr3n_janelas.csv,par3plyr3n,2,27,270.503,279.509,normal,MakarovIJ70,MakarovIJ70;sem_arma,0,0.0,0,True
par3plyr3n,D:\ModelAnti-Cheat\datasets\par3plyr3n_janelas.csv,par3plyr3n,2,28,280.519,289.523,normal,sem_arma,sem_arma,0,0.0,0,True
par3plyr3n,D:\ModelAnti-Cheat\datasets\par3plyr3n_janelas.csv,par3plyr3n,2,29,290.525,299.535,normal,sem_arma,sem_arma,0,0.0,0,True
par3plyr3n,D:\ModelAnti-Cheat\datasets\par3plyr3n_janelas.csv,par3plyr3n,2,30,300.532,309.554,normal,sem_arma,sem_arma,0,0.0,0,True
par3plyr3n,D:\ModelAnti-Cheat\datasets\par3plyr3n_janelas.csv,par3plyr3n,2,31,310.558,319.559,normal,sem_arma,sem_arma,0,0.0,0,True
par3plyr3n,D:\ModelAnti-Cheat\datasets\par3plyr3n_janelas.csv,par3plyr3n,2,32,320.567,329.583,normal,sem_arma,sem_arma,0,0.0,0,True
par3plyr3n,D:\ModelAnti-Cheat\datasets\par3plyr3n_janelas.csv,par3plyr3n,2,33,330.591,339.592,normal,sem_arma,sem_arma,0,0.0,0,True
par3plyr3n,D:\ModelAnti-Cheat\datasets\par3plyr3n_janelas.csv,par3plyr3n,2,34,340.59,349.783,normal,sem_arma,sem_arma,0,0.0,0,True
par3plyr3n,D:\ModelAnti-Cheat\datasets\par3plyr3n_janelas.csv,par3plyr3n,2,35,350.791,359.803,normal,sem_arma,sem_arma;MakarovIJ70,0,0.0,0,True
par3plyr3n,D:\ModelAnti-Cheat\datasets\par3plyr3n_janelas.csv,par3plyr3n,2,36,360.799,369.81,normal,MakarovIJ70,MakarovIJ70,0,0.0,0,True
par3plyr3n,D:\ModelAnti-Cheat\datasets\par3plyr3n_janelas.csv,par3plyr3n,2,37,370.819,379.813,normal,MakarovIJ70,MakarovIJ70,0,0.0,0,True
par3plyr3n,D:\ModelAnti-Cheat\datasets\par3plyr3n_janelas.csv,par3plyr3n,2,38,380.82,389.835,normal,MakarovIJ70,MakarovIJ70,0,0.0,0,True
par3plyr3n,D:\ModelAnti-Cheat\datasets\par3plyr3n_janelas.csv,par3plyr3n,2,39,390.842,399.866,normal,MakarovIJ70,MakarovIJ70,0,0.0,0,True
par3plyr3n,D:\ModelAnti-Cheat\datasets\par3plyr3n_janelas.csv,par3plyr3n,2,40,400.963,409.978,normal,MakarovIJ70,MakarovIJ70,0,0.0,0,True
par3plyr3n,D:\ModelAnti-Cheat\datasets\par3plyr3n_janelas.csv,par3plyr3n,2,41,410.977,419.987,normal,MakarovIJ70,MakarovIJ70,0,0.0,0,True
par3plyr3n,D:\ModelAnti-Cheat\datasets\par3plyr3n_janelas.csv,par3plyr3n,2,42,420.992,429.998,normal,MakarovIJ70,MakarovIJ70,0,0.0,0,True
par3plyr3n,D:\ModelAnti-Cheat\datasets\par3plyr3n_janelas.csv,par3plyr3n,2,44,440.24,449.251,normal,MakarovIJ70,MakarovIJ70,0,0.0,0,True
par3plyr3n,D:\ModelAnti-Cheat\datasets\par3plyr3n_janelas.csv,par3plyr3n,2,45,450.265,459.619,normal,MakarovIJ70,MakarovIJ70,0,0.0,0,True
par3plyr3n,D:\ModelAnti-Cheat\datasets\par3plyr3n_janelas.csv,par3plyr3n,2,46,460.663,469.634,normal,MakarovIJ70,MakarovIJ70,0,0.0,0,True
par3plyr3n,D:\ModelAnti-Cheat\datasets\par3plyr3n_janelas.csv,par3plyr3n,2,47,470.628,479.682,normal,MakarovIJ70,MakarovIJ70,0,0.0,0,True
par3plyr3n,D:\ModelAnti-Cheat\datasets\par3plyr3n_janelas.csv,par3plyr3n,2,48,480.682,489.688,normal,MakarovIJ70,MakarovIJ70,0,0.0,0,True
par3plyr3n,D:\ModelAnti-Cheat\datasets\par3plyr3n_janelas.csv,par3plyr3n,2,49,490.692,499.709,normal,sem_arma,MakarovIJ70;sem_arma,0,0.0,0,True
par3plyr3n,D:\ModelAnti-Cheat\datasets\par3plyr3n_janelas.csv,par3plyr3n,2,50,500.712,509.714,normal,sem_arma,sem_arma,0,0.0,0,True
par3plyr3n,D:\ModelAnti-Cheat\datasets\par3plyr3n_janelas.csv,par3plyr3n,2,51,510.721,519.734,normal,sem_arma,sem_arma,0,0.0,0,True
par3plyr3n,D:\ModelAnti-Cheat\datasets\par3plyr3n_janelas.csv,par3plyr3n,2,52,520.737,529.744,normal,sem_arma,sem_arma,0,0.0,0,True
par3plyr3n,D:\ModelAnti-Cheat\datasets\par3plyr3n_janelas.csv,par3plyr3n,2,53,530.743,539.756,normal,sem_arma,sem_arma,0,0.0,0,True
par3plyr3n,D:\ModelAnti-Cheat\datasets\par3plyr3n_janelas.csv,par3plyr3n,2,54,540.847,549.287,normal,sem_arma,sem_arma,0,0.0,0,True
par3plyr3n,D:\ModelAnti-Cheat\datasets\par3plyr3n_janelas.csv,par3plyr3n,2,55,550.292,559.408,normal,sem_arma,sem_arma,0,0.0,0,True
par3plyr3n,D:\ModelAnti-Cheat\datasets\par3plyr3n_janelas.csv,par3plyr3n,2,56,560.356,569.37,normal,sem_arma,sem_arma,0,0.0,0,True
par3plyr3n,D:\ModelAnti-Cheat\datasets\par3plyr3n_janelas.csv,par3plyr3n,2,57,570.37,579.496,normal,sem_arma,sem_arma,0,0.0,0,True
par3plyr3n,D:\ModelAnti-Cheat\datasets\par3plyr3n_janelas.csv,par3plyr3n,2,58,580.499,589.506,normal,sem_arma,sem_arma,0,0.0,0,True
par3plyr3n,D:\ModelAnti-Cheat\datasets\par3plyr3n_janelas.csv,par3plyr3n,2,59,590.509,599.519,normal,sem_arma,sem_arma,0,0.0,0,True
par3plyr3n,D:\ModelAnti-Cheat\datasets\par3plyr3n_janelas.csv,par3plyr3n,2,60,600.513,609.524,normal,sem_arma,sem_arma,0,0.0,0,True
par3plyr3n,D:\ModelAnti-Cheat\datasets\par3plyr3n_janelas.csv,par3plyr3n,2,61,610.547,619.615,normal,sem_arma,sem_arma,0,0.0,0,True
par3plyr3n,D:\ModelAnti-Cheat\datasets\par3plyr3n_janelas.csv,par3plyr3n,2,62,620.627,629.622,normal,sem_arma,sem_arma,0,0.0,0,True
par3plyr3n,D:\ModelAnti-Cheat\datasets\par3plyr3n_janelas.csv,par3plyr3n,2,63,630.632,639.643,normal,sem_arma,sem_arma,0,0.0,0,True
par3plyr3n,D:\ModelAnti-Cheat\datasets\par3plyr3n_janelas.csv,par3plyr3n,2,64,640.64,649.648,normal,sem_arma,sem_arma,0,0.0,0,True
par3plyr3n,D:\ModelAnti-Cheat\datasets\par3plyr3n_janelas.csv,par3plyr3n,2,65,650.656,659.661,normal,sem_arma,sem_arma,0,0.0,0,True
par3plyr3n,D:\ModelAnti-Cheat\datasets\par3plyr3n_janelas.csv,par3plyr3n,2,66,660.667,669.703,normal,sem_arma,sem_arma,0,0.0,0,True
par3plyr3n,D:\ModelAnti-Cheat\datasets\par3plyr3n_janelas.csv,par3plyr3n,2,67,670.677,679.694,normal,sem_arma,sem_arma,0,0.0,0,True
par3plyr3n,D:\ModelAnti-Cheat\datasets\par3plyr3n_janelas.csv,par3plyr3n,2,68,680.711,689.821,normal,sem_arma,sem_arma,0,0.0,0,True
par3plyr3n,D:\ModelAnti-Cheat\datasets\par3plyr3n_janelas.csv,par3plyr3n,2,69,690.825,699.064,normal,sem_arma,sem_arma,0,0.0,0,True
par3plyr3n,D:\ModelAnti-Cheat\datasets\par3plyr3n_janelas.csv,par3plyr3n,2,70,700.068,709.076,normal,sem_arma,sem_arma,0,0.0,0,True
par3plyr3n,D:\ModelAnti-Cheat\datasets\par3plyr3n_janelas.csv,par3plyr3n,2,71,710.081,719.084,normal,sem_arma,sem_arma,0,0.0,0,True
par3plyr3n,D:\ModelAnti-Cheat\datasets\par3plyr3n_janelas.csv,par3plyr3n,2,72,720.114,729.137,normal,sem_arma,sem_arma,0,0.0,0,True
par3plyr3n,D:\ModelAnti-Cheat\datasets\par3plyr3n_janelas.csv,par3plyr3n,2,73,730.146,739.161,normal,sem_arma,sem_arma,0,0.0,0,True
par3plyr3n,D:\ModelAnti-Cheat\datasets\par3plyr3n_janelas.csv,par3plyr3n,2,74,740.162,749.256,normal,sem_arma,sem_arma,0,0.0,0,True
par3plyr3n,D:\ModelAnti-Cheat\datasets\par3plyr3n_janelas.csv,par3plyr3n,2,75,750.256,759.264,normal,sem_arma,sem_arma;MKII,0,0.0,0,True
par3plyr3n,D:\ModelAnti-Cheat\datasets\par3plyr3n_janelas.csv,par3plyr3n,2,76,760.296,769.316,normal,sem_arma,sem_arma,0,0.0,0,True
par3plyr3n,D:\ModelAnti-Cheat\datasets\par3plyr3n_janelas.csv,par3plyr3n,2,77,770.314,779.546,normal,sem_arma,sem_arma,0,0.0,0,True
par3plyr3n,D:\ModelAnti-Cheat\datasets\par3plyr3n_janelas.csv,par3plyr3n,2,78,780.54,789.562,normal,sem_arma,sem_arma,0,0.0,0,True
par3plyr3n,D:\ModelAnti-Cheat\datasets\par3plyr3n_janelas.csv,par3plyr3n,2,79,790.555,799.568,normal,sem_arma,sem_arma,0,0.0,0,True
par3plyr3n,D:\ModelAnti-Cheat\datasets\par3plyr3n_janelas.csv,par3plyr3n,2,80,800.573,809.579,normal,sem_arma,sem_arma,0,0.0,0,True
par3plyr3n,D:\ModelAnti-Cheat\datasets\par3plyr3n_janelas.csv,par3plyr3n,2,81,810.579,819.593,normal,sem_arma,sem_arma,0,0.0,0,True
par3plyr3n,D:\ModelAnti-Cheat\datasets\par3plyr3n_janelas.csv,par3plyr3n,2,82,820.6,829.604,normal,sem_arma,sem_arma,0,0.0,0,True
par3plyr3n,D:\ModelAnti-Cheat\datasets\par3plyr3n_janelas.csv,par3plyr3n,2,83,830.612,839.868,normal,sem_arma,sem_arma,0,0.0,0,True
par3plyr3n,D:\ModelAnti-Cheat\datasets\par3plyr3n_janelas.csv,par3plyr3n,2,84,840.868,849.959,normal,sem_arma,sem_arma,0,0.0,0,True
par3plyr3n,D:\ModelAnti-Cheat\datasets\par3plyr3n_janelas.csv,par3plyr3n,2,85,851.021,859.816,normal,sem_arma,sem_arma,0,0.0,0,True
par3plyr3n,D:\ModelAnti-Cheat\datasets\par3plyr3n_janelas.csv,par3plyr3n,2,86,860.817,869.199,normal,sem_arma,sem_arma,0,0.0,0,True
par3plyr3n,D:\ModelAnti-Cheat\datasets\par3plyr3n_janelas.csv,par3plyr3n,2,87,870.2,879.209,normal,sem_arma,sem_arma,0,0.0,0,True
par3plyr3n,D:\ModelAnti-Cheat\datasets\par3plyr3n_janelas.csv,par3plyr3n,2,88,880.214,889.231,normal,sem_arma,sem_arma,0,0.0,0,True
par3plyr3n,D:\ModelAnti-Cheat\datasets\par3plyr3n_janelas.csv,par3plyr3n,2,89,890.235,899.379,normal,sem_arma,sem_arma,0,0.0,0,True
par3plyr3n,D:\ModelAnti-Cheat\datasets\par3plyr3n_janelas.csv,par3plyr3n,2,90,900.382,909.402,normal,sem_arma,sem_arma,0,0.0,0,True
par3plyr3n,D:\ModelAnti-Cheat\datasets\par3plyr3n_janelas.csv,par3plyr3n,2,91,910.397,919.406,normal,sem_arma,sem_arma,0,0.0,0,True
par3plyr3n,D:\ModelAnti-Cheat\datasets\par3plyr3n_janelas.csv,par3plyr3n,2,92,920.406,929.422,normal,sem_arma,sem_arma,0,0.0,0,True
par3plyr3n,D:\ModelAnti-Cheat\datasets\par3plyr3n_janelas.csv,par3plyr3n,2,93,930.564,939.586,normal,sem_arma,sem_arma;MakarovIJ70,0,0.0,0,True
par3plyr3n,D:\ModelAnti-Cheat\datasets\par3plyr3n_janelas.csv,par3plyr3n,2,94,940.581,949.336,normal,MakarovIJ70,MakarovIJ70,0,0.0,0,True
par3plyr3n,D:\ModelAnti-Cheat\datasets\par3plyr3n_janelas.csv,par3plyr3n,2,95,950.335,959.883,normal,MakarovIJ70,MakarovIJ70;MKII;sem_arma,0,0.0,0,True
par3plyr3n,D:\ModelAnti-Cheat\datasets\par3plyr3n_janelas.csv,par3plyr3n,2,96,960.888,969.954,normal,sem_arma,sem_arma,0,0.0,0,True
par3plyr3n,D:\ModelAnti-Cheat\datasets\par3plyr3n_janelas.csv,par3plyr3n,2,97,970.956,979.97,normal,sem_arma,sem_arma;AK74,0,0.0,0,True
par3plyr3n,D:\ModelAnti-Cheat\datasets\par3plyr3n_janelas.csv,par3plyr3n,2,98,980.971,989.983,normal,AK74,AK74,0,0.0,0,True
par3plyr3n,D:\ModelAnti-Cheat\datasets\par3plyr3n_janelas.csv,par3plyr3n,2,99,990.982,999.994,normal,AK74,AK74,0,0.0,0,True
par3plyr3n,D:\ModelAnti-Cheat\datasets\par3plyr3n_janelas.csv,par3plyr3n,2,100,1000.995,1009.045,normal,AK74,AK74,0,0.0,0,True
par3plyr3n,D:\ModelAnti-Cheat\datasets\par3plyr3n_janelas.csv,par3plyr3n,2,101,1010.046,1019.054,normal,AK74,AK74,0,0.0,0,True
par3plyr3n,D:\ModelAnti-Cheat\datasets\par3plyr3n_janelas.csv,par3plyr3n,2,102,1020.054,1029.919,normal,AK74,AK74,0,0.0,0,True
par3plyr3n,D:\ModelAnti-Cheat\datasets\par3plyr3n_janelas.csv,par3plyr3n,2,103,1030.936,1039.981,normal,AK74,AK74,0,0.0,0,True
par3plyr3n,D:\ModelAnti-Cheat\datasets\par3plyr3n_janelas.csv,par3plyr3n,2,104,1040.99,1049.003,normal,AK74,AK74;sem_arma,0,0.0,0,True
par3plyr3n,D:\ModelAnti-Cheat\datasets\par3plyr3n_janelas.csv,par3plyr3n,2,105,1050.004,1059.017,normal,sem_arma,sem_arma,0,0.0,0,True
par3plyr3n,D:\ModelAnti-Cheat\datasets\par3plyr3n_janelas.csv,par3plyr3n,2,106,1060.02,1069.171,normal,AK74,sem_arma;MakarovIJ70;AK74,0,0.0,0,True
par3plyr3n,D:\ModelAnti-Cheat\datasets\par3plyr3n_janelas.csv,par3plyr3n,2,107,1070.166,1079.185,normal,AK74,AK74,0,0.0,0,True
par3plyr3n,D:\ModelAnti-Cheat\datasets\par3plyr3n_janelas.csv,par3plyr3n,2,108,1080.189,1089.186,normal,AK74,AK74,0,0.0,0,True
par3plyr3n,D:\ModelAnti-Cheat\datasets\par3plyr3n_janelas.csv,par3plyr3n,2,109,1090.196,1099.27,normal,AK74,AK74;sem_arma;MKII,0,0.0,0,True
par3plyr3n,D:\ModelAnti-Cheat\datasets\par3plyr3n_janelas.csv,par3plyr3n,2,110,1100.296,1109.299,normal,sem_arma,sem_arma;AK74;MKII,0,0.0,0,True
par3plyr3n,D:\ModelAnti-Cheat\datasets\par3plyr3n_janelas.csv,par3plyr3n,2,111,1110.304,1119.314,normal,sem_arma,sem_arma,0,0.0,0,True
par3plyr3n,D:\ModelAnti-Cheat\datasets\par3plyr3n_janelas.csv,par3plyr3n,2,112,1120.314,1129.412,normal,sem_arma,sem_arma,0,0.0,0,True
par3plyr3n,D:\ModelAnti-Cheat\datasets\par3plyr3n_janelas.csv,par3plyr3n,2,113,1130.411,1139.425,normal,sem_arma,sem_arma,0,0.0,0,True
par3plyr3n,D:\ModelAnti-Cheat\datasets\par3plyr3n_janelas.csv,par3plyr3n,2,114,1140.437,1149.446,normal,sem_arma,sem_arma,0,0.0,0,True
par3plyr3n,D:\ModelAnti-Cheat\datasets\par3plyr3n_janelas.csv,par3plyr3n,2,115,1150.44,1159.762,normal,sem_arma,sem_arma,0,0.0,0,True
par3plyr3n,D:\ModelAnti-Cheat\datasets\par3plyr3n_janelas.csv,par3plyr3n,2,116,1160.773,1169.814,normal,sem_arma,sem_arma;MakarovIJ70,0,0.0,0,True
par3plyr3n,D:\ModelAnti-Cheat\datasets\par3plyr3n_janelas.csv,par3plyr3n,2,117,1170.817,1179.903,normal,AK74,MakarovIJ70;AK74,0,0.0,0,True
par3plyr3n,D:\ModelAnti-Cheat\datasets\par3plyr3n_janelas.csv,par3plyr3n,2,118,1180.912,1189.909,normal,AK74,AK74,0,0.0,0,True
par3plyr3n,D:\ModelAnti-Cheat\datasets\par3plyr3n_janelas.csv,par3plyr3n,2,119,1190.914,1199.957,normal,AK74,AK74,0,0.0,0,True
par3plyr3n,D:\ModelAnti-Cheat\datasets\par3plyr3n_janelas.csv,par3plyr3n,2,120,1200.964,1209.0,normal,AK74,AK74,0,0.0,0,True
par3plyr3n,D:\ModelAnti-Cheat\datasets\par3plyr3n_janelas.csv,par3plyr3n,2,121,1210.001,1219.271,normal,AK74,AK74,0,0.0,0,True
par3plyr3n,D:\ModelAnti-Cheat\datasets\par3plyr3n_janelas.csv,par3plyr3n,2,122,1220.06,1229.067,normal,sem_arma,sem_arma,0,0.0,0,True
par3plyr3n,D:\ModelAnti-Cheat\datasets\par3plyr3n_janelas.csv,par3plyr3n,2,123,1230.071,1239.083,normal,sem_arma,sem_arma,0,0.0,0,True
par3plyr3n,D:\ModelAnti-Cheat\datasets\par3plyr3n_janelas.csv,par3plyr3n,2,124,1240.09,1249.28,normal,sem_arma,sem_arma,0,0.0,0,True
par3plyr3n,D:\ModelAnti-Cheat\datasets\par3plyr3n_janelas.csv,par3plyr3n,2,125,1250.284,1259.32,normal,sem_arma,sem_arma,0,0.0,0,True
par3plyr3n,D:\ModelAnti-Cheat\datasets\par3plyr3n_janelas.csv,par3plyr3n,2,126,1260.321,1269.782,normal,sem_arma,sem_arma,0,0.0,0,True
par3plyr3n,D:\ModelAnti-Cheat\datasets\par3plyr3n_janelas.csv,par3plyr3n,2,127,1270.794,1279.191,normal,sem_arma,sem_arma,0,0.0,0,True
par3plyr3n,D:\ModelAnti-Cheat\datasets\par3plyr3n_janelas.csv,par3plyr3n,2,128,1280.187,1289.192,normal,sem_arma,sem_arma,0,0.0,0,True
par3plyr3n,D:\ModelAnti-Cheat\datasets\par3plyr3n_janelas.csv,par3plyr3n,2,129,1290.191,1299.834,normal,sem_arma,sem_arma,0,0.0,0,True
par3plyr3n,D:\ModelAnti-Cheat\datasets\par3plyr3n_janelas.csv,par3plyr3n,2,130,1300.83,1309.887,normal,sem_arma,sem_arma,0,0.0,0,True
par3plyr3n,D:\ModelAnti-Cheat\datasets\par3plyr3n_janelas.csv,par3plyr3n,2,131,1310.886,1318.905,normal,sem_arma,sem_arma,0,0.0,0,True
par3plyr3n,D:\ModelAnti-Cheat\datasets\par3plyr3n_janelas.csv,par3plyr3n,2,132,1320.216,1329.433,normal,sem_arma,sem_arma,0,0.0,0,True
par3plyr3n,D:\ModelAnti-Cheat\datasets\par3plyr3n_janelas.csv,par3plyr3n,2,133,1330.431,1339.559,normal,sem_arma,sem_arma,0,0.0,0,True
par3plyr3n,D:\ModelAnti-Cheat\datasets\par3plyr3n_janelas.csv,par3plyr3n,2,134,1340.609,1349.572,normal,sem_arma,sem_arma,0,0.0,0,True
par3plyr3n,D:\ModelAnti-Cheat\datasets\par3plyr3n_janelas.csv,par3plyr3n,2,135,1350.572,1359.773,normal,sem_arma,sem_arma,0,0.0,0,True
par3plyr3n,D:\ModelAnti-Cheat\datasets\par3plyr3n_janelas.csv,par3plyr3n,2,136,1360.773,1369.789,normal,sem_arma,sem_arma,0,0.0,0,True
par3plyr3n,D:\ModelAnti-Cheat\datasets\par3plyr3n_janelas.csv,par3plyr3n,2,137,1370.803,1379.804,normal,sem_arma,sem_arma,0,0.0,0,True
par3plyr3n,D:\ModelAnti-Cheat\datasets\par3plyr3n_janelas.csv,par3plyr3n,2,138,1380.809,1386.103,normal,sem_arma,sem_arma,0,0.0,0,True
par3plyr3n,D:\ModelAnti-Cheat\datasets\par3plyr3n_janelas.csv,par3plyr3n,2,139,1390.29,1399.349,normal,sem_arma,sem_arma,0,0.0,0,True
par3plyr3n,D:\ModelAnti-Cheat\datasets\par3plyr3n_janelas.csv,par3plyr3n,2,140,1400.347,1409.95,normal,sem_arma,sem_arma;AK74,0,0.0,0,True
par3plyr3n,D:\ModelAnti-Cheat\datasets\par3plyr3n_janelas.csv,par3plyr3n,2,141,1410.95,1419.962,normal,sem_arma,AK74;sem_arma,0,0.0,0,True
par3plyr3n,D:\ModelAnti-Cheat\datasets\par3plyr3n_janelas.csv,par3plyr3n,2,142,1420.966,1429.258,normal,sem_arma,sem_arma,0,0.0,0,True
par3plyr3n,D:\ModelAnti-Cheat\datasets\par3plyr3n_janelas.csv,par3plyr3n,2,143,1430.26,1439.683,normal,sem_arma,sem_arma,0,0.0,0,True
par3plyr3n,D:\ModelAnti-Cheat\datasets\par3plyr3n_janelas.csv,par3plyr3n,2,144,1440.681,1449.698,normal,sem_arma,sem_arma,0,0.0,0,True
par3plyr3n,D:\ModelAnti-Cheat\datasets\par3plyr3n_janelas.csv,par3plyr3n,2,145,1450.696,1457.75,normal,sem_arma,sem_arma,0,0.0,0,True
par3plyr3n,D:\ModelAnti-Cheat\datasets\par3plyr3n_janelas.csv,par3plyr3n,2,146,1460.371,1469.874,normal,sem_arma,sem_arma,0,0.0,0,True
par3plyr3n,D:\ModelAnti-Cheat\datasets\par3plyr3n_janelas.csv,par3plyr3n,2,147,1470.873,1479.888,normal,sem_arma,sem_arma,0,0.0,0,True
par3plyr3n,D:\ModelAnti-Cheat\datasets\par3plyr3n_janelas.csv,par3plyr3n,2,148,1480.889,1489.986,normal,sem_arma,sem_arma,0,0.0,0,True
par3plyr3n,D:\ModelAnti-Cheat\datasets\par3plyr3n_janelas.csv,par3plyr3n,2,149,1490.989,1499.102,normal,sem_arma,sem_arma,0,0.0,0,True
par3plyr3n,D:\ModelAnti-Cheat\datasets\par3plyr3n_janelas.csv,par3plyr3n,2,150,1500.107,1508.47,normal,sem_arma,sem_arma,0,0.0,0,True
par3plyr3n,D:\ModelAnti-Cheat\datasets\par3plyr3n_janelas.csv,par3plyr3n,2,151,1510.496,1519.658,normal,sem_arma,sem_arma,0,0.0,0,True
par3plyr3n,D:\ModelAnti-Cheat\datasets\par3plyr3n_janelas.csv,par3plyr3n,2,152,1520.66,1529.789,normal,sem_arma,sem_arma,0,0.0,0,True
par3plyr3n,D:\ModelAnti-Cheat\datasets\par3plyr3n_janelas.csv,par3plyr3n,2,153,1530.79,1539.798,normal,sem_arma,sem_arma,0,0.0,0,True
par3plyr3n,D:\ModelAnti-Cheat\datasets\par3plyr3n_janelas.csv,par3plyr3n,2,154,1540.819,1549.822,normal,sem_arma,sem_arma,0,0.0,0,True
par3plyr3n,D:\ModelAnti-Cheat\datasets\par3plyr3n_janelas.csv,par3plyr3n,2,155,1550.818,1559.828,normal,sem_arma,sem_arma,0,0.0,0,True
par3plyr3n,D:\ModelAnti-Cheat\datasets\par3plyr3n_janelas.csv,par3plyr3n,2,156,1560.828,1569.638,normal,sem_arma,sem_arma,0,0.0,0,True
par3plyr3n,D:\ModelAnti-Cheat\datasets\par3plyr3n_janelas.csv,par3plyr3n,2,157,1570.636,1579.644,normal,sem_arma,sem_arma,0,0.0,0,True
par3plyr3n,D:\ModelAnti-Cheat\datasets\par3plyr3n_janelas.csv,par3plyr3n,2,158,1580.651,1589.659,normal,sem_arma,sem_arma,0,0.0,0,True
par3plyr3n,D:\ModelAnti-Cheat\datasets\par3plyr3n_janelas.csv,par3plyr3n,2,159,1590.658,1599.672,normal,sem_arma,sem_arma,0,0.0,0,True
par3plyr3n,D:\ModelAnti-Cheat\datasets\par3plyr3n_janelas.csv,par3plyr3n,2,160,1600.672,1609.679,normal,sem_arma,sem_arma,0,0.0,0,True
par3plyr3n,D:\ModelAnti-Cheat\datasets\par3plyr3n_janelas.csv,par3plyr3n,2,161,1610.688,1619.695,normal,sem_arma,sem_arma,0,0.0,0,True
par3plyr3n,D:\ModelAnti-Cheat\datasets\par3plyr3n_janelas.csv,par3plyr3n,2,162,1620.692,1629.916,normal,sem_arma,sem_arma,0,0.0,0,True
par3plyr3n,D:\ModelAnti-Cheat\datasets\par3plyr3n_janelas.csv,par3plyr3n,2,163,1630.919,1639.073,normal,sem_arma,sem_arma,0,0.0,0,True
par3plyr3n,D:\ModelAnti-Cheat\datasets\par3plyr3n_janelas.csv,par3plyr3n,2,164,1640.074,1649.56,normal,sem_arma,sem_arma,0,0.0,0,True
par3plyr3n,D:\ModelAnti-Cheat\datasets\par3plyr3n_janelas.csv,par3plyr3n,2,165,1650.561,1659.572,normal,sem_arma,sem_arma,0,0.0,0,True
par3plyr3n,D:\ModelAnti-Cheat\datasets\par3plyr3n_janelas.csv,par3plyr3n,2,166,1660.596,1669.756,normal,sem_arma,sem_arma,0,0.0,0,True
par3plyr3n,D:\ModelAnti-Cheat\datasets\par3plyr3n_janelas.csv,par3plyr3n,2,167,1670.757,1679.964,normal,sem_arma,sem_arma,0,0.0,0,True
par3plyr3n,D:\ModelAnti-Cheat\datasets\par3plyr3n_janelas.csv,par3plyr3n,2,168,1680.967,1689.421,normal,sem_arma,sem_arma,0,0.0,0,True
par3plyr3n,D:\ModelAnti-Cheat\datasets\par3plyr3n_janelas.csv,par3plyr3n,2,169,1690.423,1696.506,normal,sem_arma,sem_arma,0,0.0,0,True
par3plyr3n,D:\ModelAnti-Cheat\datasets\par3plyr3n_janelas.csv,par3plyr3n,2,170,1700.233,1709.761,normal,sem_arma,sem_arma,0,0.0,0,True
par3plyr3n,D:\ModelAnti-Cheat\datasets\par3plyr3n_janelas.csv,par3plyr3n,3,0,0.0,9.772,normal,CZ550,CZ550,0,0.0,0,True
par3plyr3n,D:\ModelAnti-Cheat\datasets\par3plyr3n_janelas.csv,par3plyr3n,3,1,10.772,19.803,normal,CZ550,CZ550,0,0.0,0,True
par3plyr3n,D:\ModelAnti-Cheat\datasets\par3plyr3n_janelas.csv,par3plyr3n,3,2,20.786,29.806,normal,CZ550,CZ550,0,0.0,0,True
par3plyr3n,D:\ModelAnti-Cheat\datasets\par3plyr3n_janelas.csv,par3plyr3n,3,3,30.8,39.808,normal,CZ550,CZ550,0,0.0,0,True
par3plyr3n,D:\ModelAnti-Cheat\datasets\par3plyr3n_janelas.csv,par3plyr3n,3,4,40.811,49.821,normal,CZ550,CZ550,0,0.0,0,True
par3plyr3n,D:\ModelAnti-Cheat\datasets\par3plyr3n_janelas.csv,par3plyr3n,3,5,50.827,59.842,normal,CZ550,CZ550,0,0.0,0,True
par3plyr3n,D:\ModelAnti-Cheat\datasets\par3plyr3n_janelas.csv,par3plyr3n,3,7,70.842,79.863,normal,CZ550,CZ550,0,0.0,0,True
par3plyr3n,D:\ModelAnti-Cheat\datasets\par3plyr3n_janelas.csv,par3plyr3n,3,8,80.849,89.863,normal,CZ550,CZ550,0,0.0,0,True
par3plyr3n,D:\ModelAnti-Cheat\datasets\par3plyr3n_janelas.csv,par3plyr3n,3,9,90.863,99.865,normal,CZ550,CZ550;FAL,0,0.0,0,True
par3plyr3n,D:\ModelAnti-Cheat\datasets\par3plyr3n_janelas.csv,par3plyr3n,3,10,100.882,109.909,normal,FAL,FAL,0,0.0,0,True
par3plyr3n,D:\ModelAnti-Cheat\datasets\par3plyr3n_janelas.csv,par3plyr3n,3,11,110.902,119.911,normal,FAL,FAL,0,0.0,0,True
par3plyr3n,D:\ModelAnti-Cheat\datasets\par3plyr3n_janelas.csv,par3plyr3n,3,12,120.907,129.916,normal,FAL,FAL,0,0.0,0,True
par3plyr3n,D:\ModelAnti-Cheat\datasets\par3plyr3n_janelas.csv,par3plyr3n,3,13,130.919,139.932,normal,FAL,FAL,0,0.0,0,True
par3plyr3n,D:\ModelAnti-Cheat\datasets\par3plyr3n_janelas.csv,par3plyr3n,3,14,140.926,149.937,normal,FAL,FAL,0,0.0,0,True
par3plyr3n,D:\ModelAnti-Cheat\datasets\par3plyr3n_janelas.csv,par3plyr3n,3,15,150.943,159.95,normal,FAL,FAL,0,0.0,0,True
par3plyr3n,D:\ModelAnti-Cheat\datasets\par3plyr3n_janelas.csv,par3plyr3n,3,16,160.949,169.966,normal,FAL,FAL,0,0.0,0,True
par3plyr3n,D:\ModelAnti-Cheat\datasets\par3plyr3n_janelas.csv,par3plyr3n,3,17,170.965,179.979,normal,FAL,FAL,0,0.0,0,True
par3plyr3n,D:\ModelAnti-Cheat\datasets\par3plyr3n_janelas.csv,par3plyr3n,3,18,180.985,189.996,normal,FAL,FAL,0,0.0,0,True
par3plyr3n,D:\ModelAnti-Cheat\datasets\par3plyr3n_janelas.csv,par3plyr3n,3,19,190.997,199.007,normal,FAL,FAL,0,0.0,0,True
par3plyr3n,D:\ModelAnti-Cheat\datasets\par3plyr3n_janelas.csv,par3plyr3n,3,20,200.01,209.197,normal,FAL,FAL,0,0.0,0,True
par3plyr3n,D:\ModelAnti-Cheat\datasets\par3plyr3n_janelas.csv,par3plyr3n,3,21,210.21,219.212,normal,FAL,FAL,0,0.0,0,True
par3plyr3n,D:\ModelAnti-Cheat\datasets\par3plyr3n_janelas.csv,par3plyr3n,3,22,220.217,229.236,normal,FAL,FAL,0,0.0,0,True
par3plyr3n,D:\ModelAnti-Cheat\datasets\par3plyr3n_janelas.csv,par3plyr3n,3,23,230.227,239.237,normal,sem_arma,FAL;sem_arma,0,0.0,0,True
par3plyr3n,D:\ModelAnti-Cheat\datasets\par3plyr3n_janelas.csv,par3plyr3n,3,24,240.241,249.252,normal,sem_arma,sem_arma;CZ550,0,0.0,0,True
par3plyr3n,D:\ModelAnti-Cheat\datasets\par3plyr3n_janelas.csv,par3plyr3n,3,25,250.251,259.291,normal,FAL,CZ550;FAL,0,0.0,0,True
par3plyr3n,D:\ModelAnti-Cheat\datasets\par3plyr3n_janelas.csv,par3plyr3n,3,26,260.283,269.398,normal,FAL,FAL,0,0.0,0,True
par3plyr3n,D:\ModelAnti-Cheat\datasets\par3plyr3n_janelas.csv,par3plyr3n,3,27,270.404,279.403,normal,FAL,FAL,0,0.0,0,True
par3plyr3n,D:\ModelAnti-Cheat\datasets\par3plyr3n_janelas.csv,par3plyr3n,3,28,280.41,289.416,normal,FAL,FAL,0,0.0,0,True
par3plyr3n,D:\ModelAnti-Cheat\datasets\par3plyr3n_janelas.csv,par3plyr3n,3,29,290.42,299.664,normal,FAL,FAL,0,0.0,0,True
par3plyr3n,D:\ModelAnti-Cheat\datasets\par3plyr3n_janelas.csv,par3plyr3n,3,30,300.662,309.671,normal,FAL,FAL;CZ550,0,0.0,0,True
par3plyr3n,D:\ModelAnti-Cheat\datasets\par3plyr3n_janelas.csv,par3plyr3n,3,31,310.68,319.038,normal,CZ550,CZ550,0,0.0,0,True
par3plyr3n,D:\ModelAnti-Cheat\datasets\par3plyr3n_janelas.csv,par3plyr3n,3,32,320.034,329.056,normal,CZ550,CZ550,0,0.0,0,True
par3plyr3n,D:\ModelAnti-Cheat\datasets\par3plyr3n_janelas.csv,par3plyr3n,3,33,330.048,339.099,normal,CZ550,CZ550,0,0.0,0,True
par3plyr3n,D:\ModelAnti-Cheat\datasets\par3plyr3n_janelas.csv,par3plyr3n,3,34,340.108,349.119,normal,CZ550,CZ550,0,0.0,0,True
par3plyr3n,D:\ModelAnti-Cheat\datasets\par3plyr3n_janelas.csv,par3plyr3n,3,35,350.108,359.144,normal,CZ550,CZ550,0,0.0,0,True
par3plyr3n,D:\ModelAnti-Cheat\datasets\par3plyr3n_janelas.csv,par3plyr3n,3,36,360.168,369.132,normal,FAL,CZ550;FAL,0,0.0,0,True
par3plyr3n,D:\ModelAnti-Cheat\datasets\par3plyr3n_janelas.csv,par3plyr3n,3,37,370.132,379.145,normal,FAL,FAL,0,0.0,0,True
par3plyr3n,D:\ModelAnti-Cheat\datasets\par3plyr3n_janelas.csv,par3plyr3n,3,38,380.145,389.165,normal,FAL,FAL,0,0.0,0,True
par3plyr3n,D:\ModelAnti-Cheat\datasets\par3plyr3n_janelas.csv,par3plyr3n,3,39,390.163,399.166,normal,FAL,FAL,0,0.0,0,True
par3plyr3n,D:\ModelAnti-Cheat\datasets\par3plyr3n_janelas.csv,par3plyr3n,3,40,400.163,409.317,normal,FAL,FAL,0,0.0,0,True
par3plyr3n,D:\ModelAnti-Cheat\datasets\par3plyr3n_janelas.csv,par3plyr3n,3,41,410.401,419.778,normal,FAL,FAL,0,0.0,0,True
par3plyr3n,D:\ModelAnti-Cheat\datasets\par3plyr3n_janelas.csv,par3plyr3n,3,42,420.813,429.787,normal,FAL,FAL,0,0.0,0,True
par3plyr3n,D:\ModelAnti-Cheat\datasets\par3plyr3n_janelas.csv,par3plyr3n,3,43,430.78,439.8,normal,FAL,FAL,0,0.0,0,True
par3plyr3n,D:\ModelAnti-Cheat\datasets\par3plyr3n_janelas.csv,par3plyr3n,3,44,440.804,449.952,normal,FAL,FAL,0,0.0,0,True
par3plyr3n,D:\ModelAnti-Cheat\datasets\par3plyr3n_janelas.csv,par3plyr3n,3,45,450.929,459.957,normal,FAL,FAL,0,0.0,0,True
par3plyr3n,D:\ModelAnti-Cheat\datasets\par3plyr3n_janelas.csv,par3plyr3n,3,46,460.94,469.94,normal,FAL,FAL,0,0.0,0,True
par3plyr3n,D:\ModelAnti-Cheat\datasets\par3plyr3n_janelas.csv,par3plyr3n,3,47,470.949,478.981,normal,FAL,FAL;Glock19,0,0.0,0,True
par3plyr3n,D:\ModelAnti-Cheat\datasets\par3plyr3n_janelas.csv,par3plyr3n,3,48,480.039,489.049,normal,Glock19,Glock19,0,0.0,0,True
par3plyr3n,D:\ModelAnti-Cheat\datasets\par3plyr3n_janelas.csv,par3plyr3n,3,49,490.046,499.068,normal,Glock19,Glock19;FAL,0,0.0,0,True
par3plyr3n,D:\ModelAnti-Cheat\datasets\par3plyr3n_janelas.csv,par3plyr3n,3,50,500.056,509.068,normal,FAL,FAL,0,0.0,0,True
par3plyr3n,D:\ModelAnti-Cheat\datasets\par3plyr3n_janelas.csv,par3plyr3n,3,51,510.073,519.082,normal,FAL,FAL,0,0.0,0,True
par3plyr3n,D:\ModelAnti-Cheat\datasets\par3plyr3n_janelas.csv,par3plyr3n,3,52,520.093,529.1,normal,FAL,FAL,0,0.0,0,True
par3plyr3n,D:\ModelAnti-Cheat\datasets\par3plyr3n_janelas.csv,par3plyr3n,3,53,530.096,539.14,normal,FAL,FAL;Glock19,0,0.0,0,True
par3plyr3n,D:\ModelAnti-Cheat\datasets\par3plyr3n_janelas.csv,par3plyr3n,3,54,540.118,549.235,normal,Glock19,Glock19,0,0.0,0,True
par3plyr3n,D:\ModelAnti-Cheat\datasets\par3plyr3n_janelas.csv,par3plyr3n,3,55,550.321,559.255,normal,FAL,sem_arma;FAL,0,0.0,0,True
par3plyr3n,D:\ModelAnti-Cheat\datasets\par3plyr3n_janelas.csv,par3plyr3n,3,56,560.251,569.497,normal,FAL,FAL,0,0.0,0,True
par3plyr3n,D:\ModelAnti-Cheat\datasets\par3plyr3n_janelas.csv,par3plyr3n,3,57,570.49,579.507,normal,FAL,FAL,0,0.0,0,True
par3plyr3n,D:\ModelAnti-Cheat\datasets\par3plyr3n_janelas.csv,par3plyr3n,3,58,580.501,589.515,normal,FAL,FAL,0,0.0,0,True
par3plyr3n,D:\ModelAnti-Cheat\datasets\par3plyr3n_janelas.csv,par3plyr3n,3,59,590.522,599.609,normal,FAL,FAL,0,0.0,0,True
par3plyr3n,D:\ModelAnti-Cheat\datasets\par3plyr3n_janelas.csv,par3plyr3n,3,60,600.609,609.663,normal,FAL,FAL,0,0.0,0,True
par3plyr3n,D:\ModelAnti-Cheat\datasets\par3plyr3n_janelas.csv,par3plyr3n,3,61,610.668,619.691,normal,FAL,FAL,0,0.9920079920079923,1,False
par3plyr3n,D:\ModelAnti-Cheat\datasets\par3plyr3n_janelas.csv,par3plyr3n,3,62,620.676,629.726,normal,FAL,FAL,0,0.0,0,True
par3plyr3n,D:\ModelAnti-Cheat\datasets\par3plyr3n_janelas.csv,par3plyr3n,3,63,630.741,639.957,normal,FAL,FAL,0,0.0,0,True
par3plyr3n,D:\ModelAnti-Cheat\datasets\par3plyr3n_janelas.csv,par3plyr3n,3,64,640.961,648.972,normal,FAL,FAL,0,0.0,0,True
par3plyr3n,D:\ModelAnti-Cheat\datasets\par3plyr3n_janelas.csv,par3plyr3n,3,65,650.002,659.982,normal,FAL,FAL,0,0.0,0,True
par3plyr3n,D:\ModelAnti-Cheat\datasets\par3plyr3n_janelas.csv,par3plyr3n,3,66,660.997,669.0,normal,FAL,FAL;Glock19,0,0.0,0,True
par3plyr3n,D:\ModelAnti-Cheat\datasets\par3plyr3n_janelas.csv,par3plyr3n,3,67,670.001,679.099,normal,Glock19,Glock19,0,0.9920079920079923,1,False
par3plyr3n,D:\ModelAnti-Cheat\datasets\par3plyr3n_janelas.csv,par3plyr3n,3,68,680.014,689.031,normal,sem_arma,Glock19;sem_arma,0,0.0,0,True
par3plyr3n,D:\ModelAnti-Cheat\datasets\par3plyr3n_janelas.csv,par3plyr3n,3,69,690.188,699.037,normal,FAL,CZ550;FAL,0,0.0,0,True
par3plyr3n,D:\ModelAnti-Cheat\datasets\par3plyr3n_janelas.csv,par3plyr3n,3,70,700.299,709.384,normal,FAL,FAL,0,0.0,0,True
par3plyr3n,D:\ModelAnti-Cheat\datasets\par3plyr3n_janelas.csv,par3plyr3n,3,71,710.395,719.235,normal,FAL,FAL,0,0.0,0,True
par3plyr3n,D:\ModelAnti-Cheat\datasets\par3plyr3n_janelas.csv,par3plyr3n,3,72,720.241,729.275,normal,FAL,FAL,0,0.0,0,True
par3plyr3n,D:\ModelAnti-Cheat\datasets\par3plyr3n_janelas.csv,par3plyr3n,3,73,730.288,739.666,normal,FAL,FAL,0,0.9920079920079923,1,False
par3plyr3n,D:\ModelAnti-Cheat\datasets\par3plyr3n_janelas.csv,par3plyr3n,3,74,740.629,749.644,normal,FAL,FAL,0,0.0,0,True
par3plyr3n,D:\ModelAnti-Cheat\datasets\par3plyr3n_janelas.csv,par3plyr3n,3,75,750.662,759.801,normal,FAL,FAL,0,0.0,0,True
par3plyr3n,D:\ModelAnti-Cheat\datasets\par3plyr3n_janelas.csv,par3plyr3n,3,76,760.812,769.813,normal,FAL,FAL;Glock19;sem_arma,0,0.0,0,True
par3plyr3n,D:\ModelAnti-Cheat\datasets\par3plyr3n_janelas.csv,par3plyr3n,3,77,770.813,779.826,normal,FAL,FAL,0,0.0,0,True
par3plyr3n,D:\ModelAnti-Cheat\datasets\par3plyr3n_janelas.csv,par3plyr3n,3,78,780.834,789.838,normal,FAL,FAL,0,0.0,0,True
par3plyr3n,D:\ModelAnti-Cheat\datasets\par3plyr3n_janelas.csv,par3plyr3n,3,79,790.85,799.005,normal,FAL,FAL,0,0.0,0,True
par3plyr3n,D:\ModelAnti-Cheat\datasets\par3plyr3n_janelas.csv,par3plyr3n,3,80,800.005,809.75,normal,FAL,FAL,0,0.0,0,True
par3plyr3n,D:\ModelAnti-Cheat\datasets\par3plyr3n_janelas.csv,par3plyr3n,3,81,810.754,819.833,normal,FAL,FAL,0,0.0,0,True
par3plyr3n,D:\ModelAnti-Cheat\datasets\par3plyr3n_janelas.csv,par3plyr3n,3,82,821.312,829.376,normal,FAL,FAL,0,0.0,0,True
par3plyr3n,D:\ModelAnti-Cheat\datasets\par3plyr3n_janelas.csv,par3plyr3n,3,83,830.381,839.394,normal,FAL,FAL,0,0.0,0,True
par3plyr3n,D:\ModelAnti-Cheat\datasets\par3plyr3n_janelas.csv,par3plyr3n,3,84,840.391,849.401,normal,Glock19,Glock19,0,0.0,0,True
par3plyr3n,D:\ModelAnti-Cheat\datasets\par3plyr3n_janelas.csv,par3plyr3n,3,85,850.401,859.423,normal,FAL,Glock19;FAL,0,0.0,0,True
par3plyr3n,D:\ModelAnti-Cheat\datasets\par3plyr3n_janelas.csv,par3plyr3n,3,86,860.412,869.422,normal,FAL,FAL,0,0.0,0,True
par3plyr3n,D:\ModelAnti-Cheat\datasets\par3plyr3n_janelas.csv,par3plyr3n,3,87,870.415,879.472,normal,FAL,FAL,0,0.0,0,True
par3plyr3n,D:\ModelAnti-Cheat\datasets\par3plyr3n_janelas.csv,par3plyr3n,3,88,880.478,889.48,normal,FAL,FAL,0,0.0,0,True
par3plyr3n,D:\ModelAnti-Cheat\datasets\par3plyr3n_janelas.csv,par3plyr3n,3,89,890.488,899.36,normal,sem_arma,FAL;sem_arma,0,0.0,0,True
par3plyr3n,D:\ModelAnti-Cheat\datasets\par3plyr3n_janelas.csv,par3plyr3n,3,90,900.358,909.42,normal,sem_arma,sem_arma,0,0.0,0,True
par3plyr3n,D:\ModelAnti-Cheat\datasets\par3plyr3n_janelas.csv,par3plyr3n,3,92,920.432,929.525,normal,sem_arma,sem_arma,0,0.0,0,True
par3plyr3n,D:\ModelAnti-Cheat\datasets\par3plyr3n_janelas.csv,par3plyr3n,3,93,930.515,939.604,normal,sem_arma,sem_arma,0,0.0,0,True
par3plyr3n,D:\ModelAnti-Cheat\datasets\par3plyr3n_janelas.csv,par3plyr3n,3,94,940.591,949.606,normal,sem_arma,sem_arma,0,0.0,0,True
par3plyr3n,D:\ModelAnti-Cheat\datasets\par3plyr3n_janelas.csv,par3plyr3n,3,95,950.613,959.691,normal,sem_arma,sem_arma,0,0.0,0,True
par3plyr3n,D:\ModelAnti-Cheat\datasets\par3plyr3n_janelas.csv,par3plyr3n,3,96,960.678,969.714,normal,sem_arma,sem_arma,0,0.0,0,True
par3plyr3n,D:\ModelAnti-Cheat\datasets\par3plyr3n_janelas.csv,par3plyr3n,3,97,970.717,979.726,normal,sem_arma,sem_arma,0,0.0,0,True
par3plyr3n,D:\ModelAnti-Cheat\datasets\par3plyr3n_janelas.csv,par3plyr3n,3,98,980.728,989.74,normal,sem_arma,sem_arma,0,0.0,0,True
par3plyr3n,D:\ModelAnti-Cheat\datasets\par3plyr3n_janelas.csv,par3plyr3n,3,99,990.757,999.848,normal,sem_arma,sem_arma,0,0.0,0,True
par3plyr3n,D:\ModelAnti-Cheat\datasets\par3plyr3n_janelas.csv,par3plyr3n,3,100,1000.839,1009.865,normal,sem_arma,sem_arma,0,0.0,0,True
par3plyr3n,D:\ModelAnti-Cheat\datasets\par3plyr3n_janelas.csv,par3plyr3n,3,101,1010.875,1019.185,normal,sem_arma,sem_arma,0,0.0,0,True
par3plyr3n,D:\ModelAnti-Cheat\datasets\par3plyr3n_janelas.csv,par3plyr3n,3,102,1020.18,1029.238,normal,sem_arma,sem_arma,0,0.0,0,True
par3plyr3n,D:\ModelAnti-Cheat\datasets\par3plyr3n_janelas.csv,par3plyr3n,3,103,1030.235,1039.242,normal,sem_arma,sem_arma,0,0.0,0,True
par3plyr3n,D:\ModelAnti-Cheat\datasets\par3plyr3n_janelas.csv,par3plyr3n,3,104,1040.323,1049.33,normal,sem_arma,sem_arma,0,0.0,0,True
par3plyr3n,D:\ModelAnti-Cheat\datasets\par3plyr3n_janelas.csv,par3plyr3n,3,105,1050.333,1059.341,normal,sem_arma,sem_arma,0,0.0,0,True
par3plyr3n,D:\ModelAnti-Cheat\datasets\par3plyr3n_janelas.csv,par3plyr3n,3,106,1060.382,1069.421,normal,sem_arma,sem_arma,0,0.0,0,True
par3plyr3n,D:\ModelAnti-Cheat\datasets\par3plyr3n_janelas.csv,par3plyr3n,3,107,1070.422,1079.437,normal,sem_arma,sem_arma,0,0.0,0,True
par3plyr3n,D:\ModelAnti-Cheat\datasets\par3plyr3n_janelas.csv,par3plyr3n,3,108,1080.437,1089.489,normal,sem_arma,sem_arma,0,0.0,0,True
par3plyr3n,D:\ModelAnti-Cheat\datasets\par3plyr3n_janelas.csv,par3plyr3n,3,109,1090.488,1099.503,normal,sem_arma,sem_arma,0,0.0,0,True
par3plyr3n,D:\ModelAnti-Cheat\datasets\par3plyr3n_janelas.csv,par3plyr3n,3,110,1100.505,1109.525,normal,sem_arma,sem_arma,0,0.0,0,True
par3plyr3n,D:\ModelAnti-Cheat\datasets\par3plyr3n_janelas.csv,par3plyr3n,3,111,1110.548,1119.735,normal,sem_arma,sem_arma,0,0.0,0,True
par3plyr3n,D:\ModelAnti-Cheat\datasets\par3plyr3n_janelas.csv,par3plyr3n,3,112,1120.738,1129.774,normal,sem_arma,sem_arma,0,0.0,0,True
par3plyr3n,D:\ModelAnti-Cheat\datasets\par3plyr3n_janelas.csv,par3plyr3n,3,113,1131.199,1139.39,normal,sem_arma,sem_arma,0,0.0,0,True
par3plyr3n,D:\ModelAnti-Cheat\datasets\par3plyr3n_janelas.csv,par3plyr3n,3,114,1140.587,1149.615,normal,sem_arma,sem_arma,0,0.0,0,True
par3plyr3n,D:\ModelAnti-Cheat\datasets\par3plyr3n_janelas.csv,par3plyr3n,3,115,1150.612,1159.25,normal,sem_arma,sem_arma,0,0.0,0,True
par3plyr3n,D:\ModelAnti-Cheat\datasets\par3plyr3n_janelas.csv,par3plyr3n,3,116,1160.252,1169.373,normal,sem_arma,sem_arma,0,0.0,0,True
par3plyr3n,D:\ModelAnti-Cheat\datasets\par3plyr3n_janelas.csv,par3plyr3n,3,117,1170.357,1179.324,normal,sem_arma,sem_arma,0,0.0,0,True
par3plyr3n,D:\ModelAnti-Cheat\datasets\par3plyr3n_janelas.csv,par3plyr3n,3,118,1180.32,1189.848,normal,sem_arma,sem_arma,0,0.0,0,True
par3plyr3n,D:\ModelAnti-Cheat\datasets\par3plyr3n_janelas.csv,par3plyr3n,3,119,1190.854,1199.982,normal,sem_arma,sem_arma,0,0.0,0,True
par3plyr3n,D:\ModelAnti-Cheat\datasets\par3plyr3n_janelas.csv,par3plyr3n,3,120,1200.98,1209.994,normal,sem_arma,sem_arma,0,0.0,0,True
par3plyr3n,D:\ModelAnti-Cheat\datasets\par3plyr3n_janelas.csv,par3plyr3n,3,121,1211.001,1219.087,normal,sem_arma,sem_arma,0,0.0,0,True
par3plyr3n,D:\ModelAnti-Cheat\datasets\par3plyr3n_janelas.csv,par3plyr3n,3,122,1220.195,1229.202,normal,sem_arma,sem_arma,0,0.0,0,True
par3plyr3n,D:\ModelAnti-Cheat\datasets\par3plyr3n_janelas.csv,par3plyr3n,3,123,1230.205,1239.216,normal,sem_arma,sem_arma,0,0.0,0,True
par3plyr3n,D:\ModelAnti-Cheat\datasets\par3plyr3n_janelas.csv,par3plyr3n,3,124,1240.218,1249.529,normal,sem_arma,sem_arma,0,0.0,0,True
par3plyr3n,D:\ModelAnti-Cheat\datasets\par3plyr3n_janelas.csv,par3plyr3n,3,125,1253.714,1259.76,normal,sem_arma,sem_arma,0,0.0,0,True
par3plyr3n,D:\ModelAnti-Cheat\datasets\par3plyr3n_janelas.csv,par3plyr3n,3,126,1260.771,1269.35,normal,sem_arma,sem_arma,0,0.0,0,True
par3plyr3n,D:\ModelAnti-Cheat\datasets\par3plyr3n_janelas.csv,par3plyr3n,3,127,1270.367,1279.382,normal,sem_arma,sem_arma,0,0.0,0,True
par3plyr3n,D:\ModelAnti-Cheat\datasets\par3plyr3n_janelas.csv,par3plyr3n,3,128,1280.387,1289.39,normal,sem_arma,sem_arma,0,0.0,0,True
par3plyr3n,D:\ModelAnti-Cheat\datasets\par3plyr3n_janelas.csv,par3plyr3n,3,129,1290.539,1299.689,normal,sem_arma,sem_arma,0,0.0,0,True
par3plyr3n,D:\ModelAnti-Cheat\datasets\par3plyr3n_janelas.csv,par3plyr3n,3,130,1300.69,1309.105,normal,sem_arma,sem_arma,0,0.0,0,True
par3plyr3n,D:\ModelAnti-Cheat\datasets\par3plyr3n_janelas.csv,par3plyr3n,3,131,1310.103,1319.16,normal,sem_arma,sem_arma,0,0.0,0,True
par3plyr3n,D:\ModelAnti-Cheat\datasets\par3plyr3n_janelas.csv,par3plyr3n,3,132,1320.175,1329.793,normal,sem_arma,sem_arma,0,0.0,0,True
par3plyr3n,D:\ModelAnti-Cheat\datasets\par3plyr3n_janelas.csv,par3plyr3n,3,133,1330.793,1339.314,normal,sem_arma,sem_arma,0,0.0,0,True
par3plyr3n,D:\ModelAnti-Cheat\datasets\par3plyr3n_janelas.csv,par3plyr3n,3,134,1340.316,1349.317,normal,sem_arma,sem_arma,0,0.0,0,True
par3plyr3n,D:\ModelAnti-Cheat\datasets\par3plyr3n_janelas.csv,par3plyr3n,3,135,1350.316,1359.522,normal,sem_arma,sem_arma,0,0.0,0,True
par3plyr3n,D:\ModelAnti-Cheat\datasets\par3plyr3n_janelas.csv,par3plyr3n,3,136,1360.521,1369.546,normal,sem_arma,sem_arma,0,0.0,0,True
par3plyr3n,D:\ModelAnti-Cheat\datasets\par3plyr3n_janelas.csv,par3plyr3n,3,137,1371.902,1379.081,normal,sem_arma,sem_arma,0,0.0,0,True
par3plyr3n,D:\ModelAnti-Cheat\datasets\par3plyr3n_janelas.csv,par3plyr3n,3,138,1380.1,1389.205,normal,sem_arma,sem_arma,0,0.0,0,True
par3plyr3n,D:\ModelAnti-Cheat\datasets\par3plyr3n_janelas.csv,par3plyr3n,3,139,1390.209,1399.217,normal,sem_arma,sem_arma,0,0.0,0,True
par3plyr3n,D:\ModelAnti-Cheat\datasets\par3plyr3n_janelas.csv,par3plyr3n,3,140,1400.218,1409.246,normal,sem_arma,sem_arma,0,0.0,0,True
par3plyr3n,D:\ModelAnti-Cheat\datasets\par3plyr3n_janelas.csv,par3plyr3n,3,141,1410.24,1419.244,normal,sem_arma,sem_arma,0,0.0,0,True
par3plyr3n,D:\ModelAnti-Cheat\datasets\par3plyr3n_janelas.csv,par3plyr3n,3,142,1420.245,1429.584,normal,sem_arma,sem_arma,0,0.0,0,True
par3plyr3n,D:\ModelAnti-Cheat\datasets\par3plyr3n_janelas.csv,par3plyr3n,3,143,1431.062,1439.062,normal,sem_arma,sem_arma,0,0.0,0,True
par3plyr3n,D:\ModelAnti-Cheat\datasets\par3plyr3n_janelas.csv,par3plyr3n,3,144,1440.066,1449.074,normal,sem_arma,sem_arma,0,0.0,0,True
par3plyr3n,D:\ModelAnti-Cheat\datasets\par3plyr3n_janelas.csv,par3plyr3n,3,145,1450.073,1459.086,normal,sem_arma,sem_arma,0,0.0,0,True
par3plyr3n,D:\ModelAnti-Cheat\datasets\par3plyr3n_janelas.csv,par3plyr3n,3,146,1460.089,1469.096,normal,sem_arma,sem_arma,0,0.0,0,True
par3plyr3n,D:\ModelAnti-Cheat\datasets\par3plyr3n_janelas.csv,par3plyr3n,3,147,1470.1,1479.11,normal,sem_arma,sem_arma,0,0.0,0,True
par3plyr3n,D:\ModelAnti-Cheat\datasets\par3plyr3n_janelas.csv,par3plyr3n,3,148,1480.119,1485.16,normal,sem_arma,sem_arma,0,0.0,0,True
par3plyr3r,D:\ModelAnti-Cheat\datasets\par3plyr3r_janelas.csv,par3plyr3r,1,0,0.0,9.809,normal,sem_arma,sem_arma,0,0.0,0,True
par3plyr3r,D:\ModelAnti-Cheat\datasets\par3plyr3r_janelas.csv,par3plyr3r,1,1,10.815,19.932,normal,sem_arma,sem_arma,0,0.0,0,True
par3plyr3r,D:\ModelAnti-Cheat\datasets\par3plyr3r_janelas.csv,par3plyr3r,1,2,20.941,29.152,normal,sem_arma,sem_arma,0,0.0,0,True
par3plyr3r,D:\ModelAnti-Cheat\datasets\par3plyr3r_janelas.csv,par3plyr3r,1,3,30.152,39.164,normal,sem_arma,sem_arma,0,0.0,0,True
par3plyr3r,D:\ModelAnti-Cheat\datasets\par3plyr3r_janelas.csv,par3plyr3r,1,4,40.169,49.172,normal,sem_arma,sem_arma,0,0.0,0,True
par3plyr3r,D:\ModelAnti-Cheat\datasets\par3plyr3r_janelas.csv,par3plyr3r,1,5,50.174,59.187,normal,sem_arma,sem_arma,0,0.0,0,True
par3plyr3r,D:\ModelAnti-Cheat\datasets\par3plyr3r_janelas.csv,par3plyr3r,1,6,60.189,69.247,normal,sem_arma,sem_arma,0,0.0,0,True
par3plyr3r,D:\ModelAnti-Cheat\datasets\par3plyr3r_janelas.csv,par3plyr3r,1,7,70.203,79.382,normal,sem_arma,sem_arma,0,0.0,0,True
par3plyr3r,D:\ModelAnti-Cheat\datasets\par3plyr3r_janelas.csv,par3plyr3r,1,8,80.379,89.391,normal,sem_arma,sem_arma,0,0.0,0,True
par3plyr3r,D:\ModelAnti-Cheat\datasets\par3plyr3r_janelas.csv,par3plyr3r,1,9,90.394,99.404,normal,sem_arma,sem_arma,0,0.0,0,True
par3plyr3r,D:\ModelAnti-Cheat\datasets\par3plyr3r_janelas.csv,par3plyr3r,1,10,100.407,109.414,normal,sem_arma,sem_arma,0,0.0,0,True
par3plyr3r,D:\ModelAnti-Cheat\datasets\par3plyr3r_janelas.csv,par3plyr3r,1,11,110.42,119.426,normal,sem_arma,sem_arma,0,0.0,0,True
par3plyr3r,D:\ModelAnti-Cheat\datasets\par3plyr3r_janelas.csv,par3plyr3r,1,12,120.425,129.442,normal,sem_arma,sem_arma,0,0.0,0,True
par3plyr3r,D:\ModelAnti-Cheat\datasets\par3plyr3r_janelas.csv,par3plyr3r,1,13,130.438,139.458,normal,sem_arma,sem_arma,0,0.0,0,True
par3plyr3r,D:\ModelAnti-Cheat\datasets\par3plyr3r_janelas.csv,par3plyr3r,1,14,140.453,149.467,normal,sem_arma,sem_arma,0,0.0,0,True
par3plyr3r,D:\ModelAnti-Cheat\datasets\par3plyr3r_janelas.csv,par3plyr3r,1,15,150.467,159.48,normal,sem_arma,sem_arma,0,0.0,0,True
par3plyr3r,D:\ModelAnti-Cheat\datasets\par3plyr3r_janelas.csv,par3plyr3r,1,16,160.481,169.631,normal,sem_arma,sem_arma,0,0.0,0,True
par3plyr3r,D:\ModelAnti-Cheat\datasets\par3plyr3r_janelas.csv,par3plyr3r,1,17,170.634,179.804,normal,sem_arma,sem_arma,0,0.0,0,True
par3plyr3r,D:\ModelAnti-Cheat\datasets\par3plyr3r_janelas.csv,par3plyr3r,1,18,180.735,188.947,normal,sem_arma,sem_arma,0,0.0,0,True
par3plyr3r,D:\ModelAnti-Cheat\datasets\par3plyr3r_janelas.csv,par3plyr3r,1,19,190.491,199.606,normal,sem_arma,sem_arma,0,0.0,0,True
par3plyr3r,D:\ModelAnti-Cheat\datasets\par3plyr3r_janelas.csv,par3plyr3r,1,20,200.784,209.79,normal,sem_arma,sem_arma,0,0.0,0,True
par3plyr3r,D:\ModelAnti-Cheat\datasets\par3plyr3r_janelas.csv,par3plyr3r,1,21,210.791,219.8,normal,sem_arma,sem_arma,0,0.0,0,True
par3plyr3r,D:\ModelAnti-Cheat\datasets\par3plyr3r_janelas.csv,par3plyr3r,1,22,220.801,229.813,normal,sem_arma,sem_arma,0,0.0,0,True
par3plyr3r,D:\ModelAnti-Cheat\datasets\par3plyr3r_janelas.csv,par3plyr3r,1,23,230.816,239.819,normal,sem_arma,sem_arma,0,0.0,0,True
par3plyr3r,D:\ModelAnti-Cheat\datasets\par3plyr3r_janelas.csv,par3plyr3r,1,24,240.822,249.744,normal,sem_arma,sem_arma,0,0.0,0,True
par3plyr3r,D:\ModelAnti-Cheat\datasets\par3plyr3r_janelas.csv,par3plyr3r,1,25,250.746,258.755,normal,sem_arma,sem_arma,0,0.0,0,True
par3plyr3r,D:\ModelAnti-Cheat\datasets\par3plyr3r_janelas.csv,par3plyr3r,1,26,260.692,269.7,normal,sem_arma,sem_arma,0,0.0,0,True
par3plyr3r,D:\ModelAnti-Cheat\datasets\par3plyr3r_janelas.csv,par3plyr3r,1,27,270.702,279.711,normal,sem_arma,sem_arma,0,0.0,0,True
par3plyr3r,D:\ModelAnti-Cheat\datasets\par3plyr3r_janelas.csv,par3plyr3r,1,28,280.712,289.721,normal,sem_arma,sem_arma,0,0.0,0,True
par3plyr3r,D:\ModelAnti-Cheat\datasets\par3plyr3r_janelas.csv,par3plyr3r,1,29,290.724,299.736,normal,sem_arma,sem_arma,0,0.0,0,True
par3plyr3r,D:\ModelAnti-Cheat\datasets\par3plyr3r_janelas.csv,par3plyr3r,1,30,300.735,309.744,normal,sem_arma,sem_arma,0,0.0,0,True
par3plyr3r,D:\ModelAnti-Cheat\datasets\par3plyr3r_janelas.csv,par3plyr3r,1,31,310.744,319.758,normal,sem_arma,sem_arma,0,0.0,0,True
par3plyr3r,D:\ModelAnti-Cheat\datasets\par3plyr3r_janelas.csv,par3plyr3r,1,32,320.76,329.769,normal,sem_arma,sem_arma,0,0.0,0,True
par3plyr3r,D:\ModelAnti-Cheat\datasets\par3plyr3r_janelas.csv,par3plyr3r,1,33,330.775,339.785,normal,sem_arma,sem_arma,0,0.0,0,True
par3plyr3r,D:\ModelAnti-Cheat\datasets\par3plyr3r_janelas.csv,par3plyr3r,1,34,340.78,349.794,normal,sem_arma,sem_arma,0,0.0,0,True
par3plyr3r,D:\ModelAnti-Cheat\datasets\par3plyr3r_janelas.csv,par3plyr3r,1,35,350.795,359.814,normal,sem_arma,sem_arma,0,0.0,0,True
par3plyr3r,D:\ModelAnti-Cheat\datasets\par3plyr3r_janelas.csv,par3plyr3r,1,36,360.815,369.825,normal,sem_arma,sem_arma,0,0.0,0,True
par3plyr3r,D:\ModelAnti-Cheat\datasets\par3plyr3r_janelas.csv,par3plyr3r,1,37,370.826,379.838,normal,sem_arma,sem_arma,0,0.0,0,True
par3plyr3r,D:\ModelAnti-Cheat\datasets\par3plyr3r_janelas.csv,par3plyr3r,1,38,380.836,389.846,normal,sem_arma,sem_arma,0,0.0,0,True
par3plyr3r,D:\ModelAnti-Cheat\datasets\par3plyr3r_janelas.csv,par3plyr3r,1,39,390.847,399.855,normal,sem_arma,sem_arma,0,0.0,0,True
par3plyr3r,D:\ModelAnti-Cheat\datasets\par3plyr3r_janelas.csv,par3plyr3r,1,40,400.86,409.872,normal,sem_arma,sem_arma,0,0.0,0,True
par3plyr3r,D:\ModelAnti-Cheat\datasets\par3plyr3r_janelas.csv,par3plyr3r,1,41,410.87,419.88,normal,sem_arma,sem_arma,0,0.0,0,True
par3plyr3r,D:\ModelAnti-Cheat\datasets\par3plyr3r_janelas.csv,par3plyr3r,1,42,420.878,429.892,normal,sem_arma,sem_arma,0,0.0,0,True
par3plyr3r,D:\ModelAnti-Cheat\datasets\par3plyr3r_janelas.csv,par3plyr3r,1,43,430.889,439.898,normal,sem_arma,sem_arma,0,0.0,0,True
par3plyr3r,D:\ModelAnti-Cheat\datasets\par3plyr3r_janelas.csv,par3plyr3r,1,44,440.898,449.953,normal,sem_arma,sem_arma,0,0.0,0,True
par3plyr3r,D:\ModelAnti-Cheat\datasets\par3plyr3r_janelas.csv,par3plyr3r,1,45,450.954,459.962,normal,sem_arma,sem_arma,0,0.0,0,True
par3plyr3r,D:\ModelAnti-Cheat\datasets\par3plyr3r_janelas.csv,par3plyr3r,1,46,460.964,469.972,normal,sem_arma,sem_arma,0,0.0,0,True
par3plyr3r,D:\ModelAnti-Cheat\datasets\par3plyr3r_janelas.csv,par3plyr3r,1,47,470.975,479.982,normal,sem_arma,sem_arma,0,0.0,0,True
par3plyr3r,D:\ModelAnti-Cheat\datasets\par3plyr3r_janelas.csv,par3plyr3r,1,48,480.985,489.993,normal,sem_arma,sem_arma,0,0.0,0,True
par3plyr3r,D:\ModelAnti-Cheat\datasets\par3plyr3r_janelas.csv,par3plyr3r,1,49,490.994,499.009,normal,sem_arma,sem_arma,0,0.0,0,True
par3plyr3r,D:\ModelAnti-Cheat\datasets\par3plyr3r_janelas.csv,par3plyr3r,1,50,500.005,509.196,normal,sem_arma,sem_arma,0,0.0,0,True
par3plyr3r,D:\ModelAnti-Cheat\datasets\par3plyr3r_janelas.csv,par3plyr3r,1,51,510.196,519.209,normal,sem_arma,sem_arma,0,0.0,0,True
par3plyr3r,D:\ModelAnti-Cheat\datasets\par3plyr3r_janelas.csv,par3plyr3r,1,52,520.207,529.218,normal,sem_arma,sem_arma,0,0.0,0,True
par3plyr3r,D:\ModelAnti-Cheat\datasets\par3plyr3r_janelas.csv,par3plyr3r,1,53,530.219,539.227,normal,sem_arma,sem_arma,0,0.0,0,True
par3plyr3r,D:\ModelAnti-Cheat\datasets\par3plyr3r_janelas.csv,par3plyr3r,1,54,540.229,549.238,normal,sem_arma,sem_arma,0,0.0,0,True
par3plyr3r,D:\ModelAnti-Cheat\datasets\par3plyr3r_janelas.csv,par3plyr3r,1,55,550.239,559.249,normal,sem_arma,sem_arma,0,0.0,0,True
par3plyr3r,D:\ModelAnti-Cheat\datasets\par3plyr3r_janelas.csv,par3plyr3r,1,56,560.252,569.263,normal,sem_arma,sem_arma,0,0.0,0,True
par3plyr3r,D:\ModelAnti-Cheat\datasets\par3plyr3r_janelas.csv,par3plyr3r,1,57,570.262,579.272,normal,sem_arma,sem_arma,0,0.0,0,True
par3plyr3r,D:\ModelAnti-Cheat\datasets\par3plyr3r_janelas.csv,par3plyr3r,1,58,580.272,589.283,normal,sem_arma,sem_arma,0,0.0,0,True
par3plyr3r,D:\ModelAnti-Cheat\datasets\par3plyr3r_janelas.csv,par3plyr3r,1,59,590.285,599.298,normal,sem_arma,sem_arma,0,0.0,0,True
par3plyr3r,D:\ModelAnti-Cheat\datasets\par3plyr3r_janelas.csv,par3plyr3r,1,60,600.295,609.303,normal,sem_arma,sem_arma,0,0.0,0,True
par3plyr3r,D:\ModelAnti-Cheat\datasets\par3plyr3r_janelas.csv,par3plyr3r,1,61,610.304,619.313,normal,sem_arma,sem_arma,0,0.0,0,True
par3plyr3r,D:\ModelAnti-Cheat\datasets\par3plyr3r_janelas.csv,par3plyr3r,1,62,620.315,629.326,normal,sem_arma,sem_arma,0,0.0,0,True
par3plyr3r,D:\ModelAnti-Cheat\datasets\par3plyr3r_janelas.csv,par3plyr3r,1,63,630.326,639.334,normal,sem_arma,sem_arma,0,0.0,0,True
par3plyr3r,D:\ModelAnti-Cheat\datasets\par3plyr3r_janelas.csv,par3plyr3r,1,64,640.335,649.35,normal,sem_arma,sem_arma,0,0.0,0,True
par3plyr3r,D:\ModelAnti-Cheat\datasets\par3plyr3r_janelas.csv,par3plyr3r,1,65,650.345,659.357,normal,sem_arma,sem_arma,0,0.0,0,True
par3plyr3r,D:\ModelAnti-Cheat\datasets\par3plyr3r_janelas.csv,par3plyr3r,1,66,660.356,669.365,normal,sem_arma,sem_arma,0,0.0,0,True
par3plyr3r,D:\ModelAnti-Cheat\datasets\par3plyr3r_janelas.csv,par3plyr3r,1,67,670.368,679.375,normal,sem_arma,sem_arma,0,0.0,0,True
par3plyr3r,D:\ModelAnti-Cheat\datasets\par3plyr3r_janelas.csv,par3plyr3r,1,68,680.377,689.384,normal,sem_arma,sem_arma,0,0.0,0,True
par3plyr3r,D:\ModelAnti-Cheat\datasets\par3plyr3r_janelas.csv,par3plyr3r,1,69,690.385,699.401,normal,sem_arma,sem_arma,0,0.0,0,True
par3plyr3r,D:\ModelAnti-Cheat\datasets\par3plyr3r_janelas.csv,par3plyr3r,1,70,700.399,709.407,normal,sem_arma,sem_arma,0,0.0,0,True
par3plyr3r,D:\ModelAnti-Cheat\datasets\par3plyr3r_janelas.csv,par3plyr3r,1,71,710.407,719.421,normal,sem_arma,sem_arma,0,0.0,0,True
par3plyr3r,D:\ModelAnti-Cheat\datasets\par3plyr3r_janelas.csv,par3plyr3r,1,72,720.418,729.432,normal,sem_arma,sem_arma,0,0.0,0,True
par3plyr3r,D:\ModelAnti-Cheat\datasets\par3plyr3r_janelas.csv,par3plyr3r,1,73,730.433,739.436,normal,sem_arma,sem_arma,0,0.0,0,True
par3plyr3r,D:\ModelAnti-Cheat\datasets\par3plyr3r_janelas.csv,par3plyr3r,1,74,740.437,749.448,normal,sem_arma,sem_arma,0,0.0,0,True
par3plyr3r,D:\ModelAnti-Cheat\datasets\par3plyr3r_janelas.csv,par3plyr3r,1,75,750.449,759.469,normal,sem_arma,sem_arma,0,0.0,0,True
par3plyr3r,D:\ModelAnti-Cheat\datasets\par3plyr3r_janelas.csv,par3plyr3r,1,76,760.471,769.489,normal,sem_arma,sem_arma,0,0.0,0,True
par3plyr3r,D:\ModelAnti-Cheat\datasets\par3plyr3r_janelas.csv,par3plyr3r,1,77,770.492,779.498,normal,sem_arma,sem_arma,0,0.0,0,True
par3plyr3r,D:\ModelAnti-Cheat\datasets\par3plyr3r_janelas.csv,par3plyr3r,1,78,780.496,788.505,normal,sem_arma,sem_arma,0,0.0,0,True
par3plyr3r,D:\ModelAnti-Cheat\datasets\par3plyr3r_janelas.csv,par3plyr3r,1,79,790.436,799.69,normal,sem_arma,sem_arma,0,0.0,0,True
par3plyr3r,D:\ModelAnti-Cheat\datasets\par3plyr3r_janelas.csv,par3plyr3r,1,80,800.694,809.702,normal,sem_arma,sem_arma,0,0.0,0,True
par3plyr3r,D:\ModelAnti-Cheat\datasets\par3plyr3r_janelas.csv,par3plyr3r,1,81,811.136,819.156,normal,sem_arma,sem_arma,0,0.0,0,True
par3plyr3r,D:\ModelAnti-Cheat\datasets\par3plyr3r_janelas.csv,par3plyr3r,1,82,820.16,829.165,normal,sem_arma,sem_arma,0,0.0,0,True
par3plyr3r,D:\ModelAnti-Cheat\datasets\par3plyr3r_janelas.csv,par3plyr3r,1,83,830.172,839.22,normal,sem_arma,sem_arma,0,0.0,0,True
par3plyr3r,D:\ModelAnti-Cheat\datasets\par3plyr3r_janelas.csv,par3plyr3r,1,84,840.219,849.443,normal,sem_arma,sem_arma,0,0.0,0,True
par3plyr3r,D:\ModelAnti-Cheat\datasets\par3plyr3r_janelas.csv,par3plyr3r,1,85,850.444,859.462,normal,sem_arma,sem_arma,0,0.0,0,True
par3plyr3r,D:\ModelAnti-Cheat\datasets\par3plyr3r_janelas.csv,par3plyr3r,1,86,860.463,869.467,normal,sem_arma,sem_arma,0,0.0,0,True
par3plyr3r,D:\ModelAnti-Cheat\datasets\par3plyr3r_janelas.csv,par3plyr3r,1,88,880.701,889.712,normal,sem_arma,sem_arma,0,0.0,0,True
par3plyr3r,D:\ModelAnti-Cheat\datasets\par3plyr3r_janelas.csv,par3plyr3r,1,89,890.712,899.724,normal,sem_arma,sem_arma,0,0.0,0,True
par3plyr3r,D:\ModelAnti-Cheat\datasets\par3plyr3r_janelas.csv,par3plyr3r,1,90,900.721,909.734,normal,sem_arma,sem_arma,0,0.0,0,True
par3plyr3r,D:\ModelAnti-Cheat\datasets\par3plyr3r_janelas.csv,par3plyr3r,1,91,910.735,919.898,normal,sem_arma,sem_arma,0,0.0,0,True
par3plyr3r,D:\ModelAnti-Cheat\datasets\par3plyr3r_janelas.csv,par3plyr3r,1,92,920.899,929.442,normal,sem_arma,sem_arma,0,0.0,0,True
par3plyr3r,D:\ModelAnti-Cheat\datasets\par3plyr3r_janelas.csv,par3plyr3r,1,93,930.447,939.546,normal,sem_arma,sem_arma,0,0.0,0,True
par3plyr3r,D:\ModelAnti-Cheat\datasets\par3plyr3r_janelas.csv,par3plyr3r,1,94,940.553,949.567,normal,sem_arma,sem_arma,0,0.0,0,True
par3plyr3r,D:\ModelAnti-Cheat\datasets\par3plyr3r_janelas.csv,par3plyr3r,1,95,950.567,959.748,normal,sem_arma,sem_arma,0,0.0,0,True
par3plyr3r,D:\ModelAnti-Cheat\datasets\par3plyr3r_janelas.csv,par3plyr3r,1,96,960.751,969.761,normal,sem_arma,sem_arma,0,0.0,0,True
par3plyr3r,D:\ModelAnti-Cheat\datasets\par3plyr3r_janelas.csv,par3plyr3r,1,97,970.764,979.792,normal,sem_arma,sem_arma,0,0.0,0,True
par3plyr3r,D:\ModelAnti-Cheat\datasets\par3plyr3r_janelas.csv,par3plyr3r,1,98,980.792,989.077,normal,sem_arma,sem_arma,0,0.0,0,True
par3plyr3r,D:\ModelAnti-Cheat\datasets\par3plyr3r_janelas.csv,par3plyr3r,1,99,990.082,999.089,normal,sem_arma,sem_arma,0,0.0,0,True
par3plyr3r,D:\ModelAnti-Cheat\datasets\par3plyr3r_janelas.csv,par3plyr3r,1,100,1000.092,1009.176,normal,sem_arma,sem_arma,0,0.0,0,True
par3plyr3r,D:\ModelAnti-Cheat\datasets\par3plyr3r_janelas.csv,par3plyr3r,1,101,1010.207,1019.217,normal,sem_arma,sem_arma,0,0.0,0,True
par3plyr3r,D:\ModelAnti-Cheat\datasets\par3plyr3r_janelas.csv,par3plyr3r,1,102,1020.221,1029.233,normal,sem_arma,sem_arma,0,0.0,0,True
par3plyr3r,D:\ModelAnti-Cheat\datasets\par3plyr3r_janelas.csv,par3plyr3r,1,103,1030.234,1039.478,normal,sem_arma,sem_arma,0,0.0,0,True
par3plyr3r,D:\ModelAnti-Cheat\datasets\par3plyr3r_janelas.csv,par3plyr3r,1,104,1040.478,1049.859,normal,sem_arma,sem_arma,0,0.0,0,True
par3plyr3r,D:\ModelAnti-Cheat\datasets\par3plyr3r_janelas.csv,par3plyr3r,1,105,1050.861,1059.876,normal,sem_arma,sem_arma,0,0.0,0,True
par3plyr3r,D:\ModelAnti-Cheat\datasets\par3plyr3r_janelas.csv,par3plyr3r,1,106,1060.92,1069.223,normal,sem_arma,sem_arma,0,0.0,0,True
par3plyr3r,D:\ModelAnti-Cheat\datasets\par3plyr3r_janelas.csv,par3plyr3r,1,114,1142.764,1149.882,normal,sem_arma,sem_arma,0,0.0,0,True
par3plyr3r,D:\ModelAnti-Cheat\datasets\par3plyr3r_janelas.csv,par3plyr3r,1,115,1150.887,1159.908,normal,sem_arma,sem_arma,0,0.0,0,True
par3plyr3r,D:\ModelAnti-Cheat\datasets\par3plyr3r_janelas.csv,par3plyr3r,1,117,1170.915,1179.092,normal,sem_arma,sem_arma,0,0.0,0,True
par3plyr3r,D:\ModelAnti-Cheat\datasets\par3plyr3r_janelas.csv,par3plyr3r,1,118,1180.097,1189.961,normal,sem_arma,sem_arma,0,0.0,0,True
par3plyr3r,D:\ModelAnti-Cheat\datasets\par3plyr3r_janelas.csv,par3plyr3r,1,119,1190.978,1199.007,normal,sem_arma,sem_arma,0,0.0,0,True
par3plyr3r,D:\ModelAnti-Cheat\datasets\par3plyr3r_janelas.csv,par3plyr3r,1,120,1200.006,1209.54,normal,sem_arma,sem_arma,0,0.0,0,True
par3plyr3r,D:\ModelAnti-Cheat\datasets\par3plyr3r_janelas.csv,par3plyr3r,1,121,1210.522,1219.549,normal,sem_arma,sem_arma,0,0.0,0,True
par3plyr3r,D:\ModelAnti-Cheat\datasets\par3plyr3r_janelas.csv,par3plyr3r,1,122,1220.547,1229.276,normal,sem_arma,sem_arma,0,0.0,0,True
par3plyr3r,D:\ModelAnti-Cheat\datasets\par3plyr3r_janelas.csv,par3plyr3r,1,123,1230.281,1239.879,normal,sem_arma,sem_arma,0,0.0,0,True
par3plyr3r,D:\ModelAnti-Cheat\datasets\par3plyr3r_janelas.csv,par3plyr3r,1,125,1250.651,1259.276,normal,sem_arma,sem_arma,0,0.0,0,True
par3plyr3r,D:\ModelAnti-Cheat\datasets\par3plyr3r_janelas.csv,par3plyr3r,1,126,1260.285,1269.302,normal,sem_arma,sem_arma,0,0.0,0,True
par3plyr3r,D:\ModelAnti-Cheat\datasets\par3plyr3r_janelas.csv,par3plyr3r,1,127,1270.297,1279.313,normal,sem_arma,sem_arma,0,0.0,0,True
par3plyr3r,D:\ModelAnti-Cheat\datasets\par3plyr3r_janelas.csv,par3plyr3r,1,128,1280.311,1289.32,normal,sem_arma,sem_arma,0,0.0,0,True
par3plyr3r,D:\ModelAnti-Cheat\datasets\par3plyr3r_janelas.csv,par3plyr3r,1,129,1290.414,1299.336,normal,sem_arma,sem_arma,0,0.0,0,True
par3plyr3r,D:\ModelAnti-Cheat\datasets\par3plyr3r_janelas.csv,par3plyr3r,1,130,1300.338,1309.352,normal,sem_arma,sem_arma,0,0.0,0,True
par3plyr3r,D:\ModelAnti-Cheat\datasets\par3plyr3r_janelas.csv,par3plyr3r,1,131,1310.343,1319.364,normal,sem_arma,sem_arma,0,0.0,0,True
par3plyr3r,D:\ModelAnti-Cheat\datasets\par3plyr3r_janelas.csv,par3plyr3r,1,132,1320.366,1325.363,normal,sem_arma,sem_arma,0,0.0,0,True
par3plyr3r,D:\ModelAnti-Cheat\datasets\par3plyr3r_janelas.csv,par3plyr3r,1,139,1391.442,1399.564,normal,sem_arma,sem_arma,0,0.0,0,True
par3plyr3r,D:\ModelAnti-Cheat\datasets\par3plyr3r_janelas.csv,par3plyr3r,1,140,1400.572,1409.588,normal,sem_arma,sem_arma,0,0.0,0,True
par3plyr3r,D:\ModelAnti-Cheat\datasets\par3plyr3r_janelas.csv,par3plyr3r,1,142,1420.791,1429.47,normal,sem_arma,sem_arma,0,0.0,0,True
par3plyr3r,D:\ModelAnti-Cheat\datasets\par3plyr3r_janelas.csv,par3plyr3r,1,143,1430.463,1439.557,normal,sem_arma,sem_arma,0,0.0,0,True
par3plyr3r,D:\ModelAnti-Cheat\datasets\par3plyr3r_janelas.csv,par3plyr3r,1,144,1440.554,1449.684,normal,sem_arma,sem_arma,0,0.0,0,True
par3plyr3r,D:\ModelAnti-Cheat\datasets\par3plyr3r_janelas.csv,par3plyr3r,1,145,1450.681,1459.685,normal,sem_arma,sem_arma,0,0.0,0,True
par3plyr3r,D:\ModelAnti-Cheat\datasets\par3plyr3r_janelas.csv,par3plyr3r,1,146,1460.69,1469.696,normal,sem_arma,sem_arma,0,0.0,0,True
par3plyr3r,D:\ModelAnti-Cheat\datasets\par3plyr3r_janelas.csv,par3plyr3r,1,147,1470.698,1479.936,normal,sem_arma,sem_arma,0,0.0,0,True
par3plyr3r,D:\ModelAnti-Cheat\datasets\par3plyr3r_janelas.csv,par3plyr3r,1,148,1480.928,1489.943,normal,sem_arma,sem_arma,0,0.0,0,True
par3plyr3r,D:\ModelAnti-Cheat\datasets\par3plyr3r_janelas.csv,par3plyr3r,1,149,1490.937,1499.96,normal,sem_arma,sem_arma;AugShort,0,0.0,0,True
par3plyr3r,D:\ModelAnti-Cheat\datasets\par3plyr3r_janelas.csv,par3plyr3r,1,150,1500.948,1509.963,normal,AugShort,AugShort,0,0.0,0,True
par3plyr3r,D:\ModelAnti-Cheat\datasets\par3plyr3r_janelas.csv,par3plyr3r,1,151,1510.964,1519.972,normal,AugShort,AugShort,0,0.0,0,True
par3plyr3r,D:\ModelAnti-Cheat\datasets\par3plyr3r_janelas.csv,par3plyr3r,1,152,1520.971,1529.985,normal,AugShort,AugShort,0,0.0,0,True
par3plyr3r,D:\ModelAnti-Cheat\datasets\par3plyr3r_janelas.csv,par3plyr3r,1,153,1530.994,1539.525,normal,AugShort,AugShort,0,0.0,0,True
par3plyr3r,D:\ModelAnti-Cheat\datasets\par3plyr3r_janelas.csv,par3plyr3r,1,154,1540.536,1549.589,normal,AugShort,AugShort,0,0.0,0,True
par3plyr3r,D:\ModelAnti-Cheat\datasets\par3plyr3r_janelas.csv,par3plyr3r,1,155,1550.686,1559.833,normal,AugShort,AugShort,0,0.0,0,True
par3plyr3r,D:\ModelAnti-Cheat\datasets\par3plyr3r_janelas.csv,par3plyr3r,1,157,1570.284,1579.491,normal,AugShort,AugShort,0,0.0,0,True
par3plyr3r,D:\ModelAnti-Cheat\datasets\par3plyr3r_janelas.csv,par3plyr3r,1,158,1580.501,1589.567,normal,AugShort,AugShort,0,0.0,0,True
par3plyr3r,D:\ModelAnti-Cheat\datasets\par3plyr3r_janelas.csv,par3plyr3r,1,159,1590.59,1599.595,normal,sem_arma,AugShort;sem_arma,0,0.0,0,True
par3plyr3r,D:\ModelAnti-Cheat\datasets\par3plyr3r_janelas.csv,par3plyr3r,1,160,1600.564,1609.581,normal,sem_arma,sem_arma,0,0.0,0,True
par3plyr3r,D:\ModelAnti-Cheat\datasets\par3plyr3r_janelas.csv,par3plyr3r,1,161,1612.107,1619.183,normal,sem_arma,sem_arma,0,0.0,0,True
par3plyr3r,D:\ModelAnti-Cheat\datasets\par3plyr3r_janelas.csv,par3plyr3r,1,162,1620.188,1629.299,normal,sem_arma,sem_arma,0,0.0,0,True
par3plyr3r,D:\ModelAnti-Cheat\datasets\par3plyr3r_janelas.csv,par3plyr3r,1,163,1630.365,1639.429,normal,sem_arma,sem_arma,0,0.0,0,True
par3plyr3r,D:\ModelAnti-Cheat\datasets\par3plyr3r_janelas.csv,par3plyr3r,1,164,1640.43,1649.44,normal,sem_arma,sem_arma,0,0.0,0,True
par3plyr3r,D:\ModelAnti-Cheat\datasets\par3plyr3r_janelas.csv,par3plyr3r,1,165,1650.441,1659.557,normal,sem_arma,sem_arma,0,0.0,0,True
par3plyr3r,D:\ModelAnti-Cheat\datasets\par3plyr3r_janelas.csv,par3plyr3r,1,166,1660.549,1669.612,normal,sem_arma,sem_arma,0,0.0,0,True
par3plyr3r,D:\ModelAnti-Cheat\datasets\par3plyr3r_janelas.csv,par3plyr3r,1,167,1670.612,1679.117,normal,sem_arma,sem_arma,0,0.0,0,True
par3plyr3r,D:\ModelAnti-Cheat\datasets\par3plyr3r_janelas.csv,par3plyr3r,1,168,1680.138,1689.378,normal,sem_arma,sem_arma,0,0.0,0,True
par3plyr3r,D:\ModelAnti-Cheat\datasets\par3plyr3r_janelas.csv,par3plyr3r,1,169,1690.379,1699.384,normal,sem_arma,sem_arma,0,0.0,0,True
par3plyr3r,D:\ModelAnti-Cheat\datasets\par3plyr3r_janelas.csv,par3plyr3r,1,170,1700.386,1709.831,normal,sem_arma,sem_arma,0,0.0,0,True
par3plyr3r,D:\ModelAnti-Cheat\datasets\par3plyr3r_janelas.csv,par3plyr3r,1,171,1710.839,1719.959,normal,sem_arma,sem_arma,0,0.0,0,True
par3plyr3r,D:\ModelAnti-Cheat\datasets\par3plyr3r_janelas.csv,par3plyr3r,1,172,1720.843,1729.86,normal,sem_arma,sem_arma,0,0.0,0,True
par3plyr3r,D:\ModelAnti-Cheat\datasets\par3plyr3r_janelas.csv,par3plyr3r,1,173,1730.858,1739.895,normal,sem_arma,sem_arma,0,0.0,0,True
par3plyr3r,D:\ModelAnti-Cheat\datasets\par3plyr3r_janelas.csv,par3plyr3r,1,174,1740.896,1749.903,normal,sem_arma,sem_arma,0,0.0,0,True
par3plyr3r,D:\ModelAnti-Cheat\datasets\par3plyr3r_janelas.csv,par3plyr3r,1,175,1750.901,1758.945,normal,sem_arma,sem_arma,0,0.0,0,True
par3plyr3r,D:\ModelAnti-Cheat\datasets\par3plyr3r_janelas.csv,par3plyr3r,1,176,1760.029,1769.078,normal,sem_arma,sem_arma,0,0.0,0,True
par3plyr3r,D:\ModelAnti-Cheat\datasets\par3plyr3r_janelas.csv,par3plyr3r,1,177,1770.073,1779.311,normal,sem_arma,sem_arma,0,0.0,0,True
par3plyr3r,D:\ModelAnti-Cheat\datasets\par3plyr3r_janelas.csv,par3plyr3r,1,178,1780.361,1789.32,normal,sem_arma,sem_arma,0,0.0,0,True
par3plyr3r,D:\ModelAnti-Cheat\datasets\par3plyr3r_janelas.csv,par3plyr3r,1,179,1790.359,1799.337,normal,sem_arma,sem_arma,0,0.0,0,True
par3plyr3r,D:\ModelAnti-Cheat\datasets\par3plyr3r_janelas.csv,par3plyr3r,1,180,1800.33,1807.201,normal,sem_arma,sem_arma,0,0.0,0,True
par3plyr3r,D:\ModelAnti-Cheat\datasets\par3plyr3r_janelas.csv,par3plyr3r,1,181,1810.796,1819.153,normal,sem_arma,sem_arma,0,0.0,0,True
par3plyr3r,D:\ModelAnti-Cheat\datasets\par3plyr3r_janelas.csv,par3plyr3r,1,182,1820.151,1829.574,normal,sem_arma,sem_arma,0,0.0,0,True
par3plyr3r,D:\ModelAnti-Cheat\datasets\par3plyr3r_janelas.csv,par3plyr3r,1,183,1830.555,1839.579,normal,sem_arma,sem_arma,0,0.0,0,True
par3plyr3r,D:\ModelAnti-Cheat\datasets\par3plyr3r_janelas.csv,par3plyr3r,1,184,1840.63,1849.577,normal,sem_arma,sem_arma,0,0.0,0,True
par3plyr3r,D:\ModelAnti-Cheat\datasets\par3plyr3r_janelas.csv,par3plyr3r,1,185,1850.645,1859.659,normal,sem_arma,sem_arma,0,0.0,0,True
par3plyr3r,D:\ModelAnti-Cheat\datasets\par3plyr3r_janelas.csv,par3plyr3r,1,186,1860.654,1869.162,normal,sem_arma,sem_arma,0,0.0,0,True
par3plyr3r,D:\ModelAnti-Cheat\datasets\par3plyr3r_janelas.csv,par3plyr3r,1,187,1870.191,1879.531,normal,sem_arma,sem_arma,0,0.0,0,True
par3plyr3r,D:\ModelAnti-Cheat\datasets\par3plyr3r_janelas.csv,par3plyr3r,1,188,1880.523,1889.594,normal,sem_arma,sem_arma,0,0.0,0,True
par3plyr3r,D:\ModelAnti-Cheat\datasets\par3plyr3r_janelas.csv,par3plyr3r,1,189,1890.595,1893.684,normal,sem_arma,sem_arma,0,0.0,0,True
par3plyr3r,D:\ModelAnti-Cheat\datasets\par3plyr3r_janelas.csv,par3plyr3r,1,191,1910.394,1919.557,normal,sem_arma,sem_arma,0,0.0,0,True
par3plyr3r,D:\ModelAnti-Cheat\datasets\par3plyr3r_janelas.csv,par3plyr3r,1,192,1920.553,1929.606,normal,sem_arma,sem_arma,0,0.0,0,True
par3plyr3r,D:\ModelAnti-Cheat\datasets\par3plyr3r_janelas.csv,par3plyr3r,1,193,1930.607,1939.645,normal,sem_arma,sem_arma,0,0.0,0,True
par3plyr3r,D:\ModelAnti-Cheat\datasets\par3plyr3r_janelas.csv,par3plyr3r,1,194,1940.664,1949.67,normal,sem_arma,sem_arma,0,0.0,0,True
par3plyr3r,D:\ModelAnti-Cheat\datasets\par3plyr3r_janelas.csv,par3plyr3r,1,195,1950.781,1959.785,normal,sem_arma,sem_arma,0,0.0,0,True
par3plyr3r,D:\ModelAnti-Cheat\datasets\par3plyr3r_janelas.csv,par3plyr3r,1,196,1960.788,1969.22,normal,sem_arma,sem_arma,0,0.0,0,True
par3plyr3r,D:\ModelAnti-Cheat\datasets\par3plyr3r_janelas.csv,par3plyr3r,1,197,1970.237,1979.255,normal,sem_arma,sem_arma,0,0.0,0,True
par3plyr3r,D:\ModelAnti-Cheat\datasets\par3plyr3r_janelas.csv,par3plyr3r,1,198,1980.262,1989.265,normal,sem_arma,sem_arma,0,0.0,0,True
par3plyr3r,D:\ModelAnti-Cheat\datasets\par3plyr3r_janelas.csv,par3plyr3r,1,199,1990.32,1999.694,normal,sem_arma,sem_arma,0,0.0,0,True
par3plyr3r,D:\ModelAnti-Cheat\datasets\par3plyr3r_janelas.csv,par3plyr3r,1,200,2000.624,2009.753,normal,sem_arma,sem_arma,0,0.0,0,True
par3plyr3r,D:\ModelAnti-Cheat\datasets\par3plyr3r_janelas.csv,par3plyr3r,1,201,2010.795,2019.833,normal,sem_arma,sem_arma,0,0.0,0,True
par3plyr3r,D:\ModelAnti-Cheat\datasets\par3plyr3r_janelas.csv,par3plyr3r,1,202,2020.993,2029.012,normal,sem_arma,sem_arma,0,0.0,0,True
par3plyr3r,D:\ModelAnti-Cheat\datasets\par3plyr3r_janelas.csv,par3plyr3r,1,203,2030.033,2039.299,normal,sem_arma,sem_arma,0,0.0,0,True
par3plyr3r,D:\ModelAnti-Cheat\datasets\par3plyr3r_janelas.csv,par3plyr3r,1,204,2040.309,2049.348,normal,sem_arma,sem_arma,0,0.0,0,True
par3plyr3r,D:\ModelAnti-Cheat\datasets\par3plyr3r_janelas.csv,par3plyr3r,1,205,2050.421,2059.421,normal,sem_arma,sem_arma,0,0.0,0,True
par3plyr3r,D:\ModelAnti-Cheat\datasets\par3plyr3r_janelas.csv,par3plyr3r,1,206,2060.495,2069.509,normal,sem_arma,sem_arma,0,0.0,0,True
par3plyr3r,D:\ModelAnti-Cheat\datasets\par3plyr3r_janelas.csv,par3plyr3r,1,207,2070.509,2079.604,normal,sem_arma,sem_arma,0,0.0,0,True
par3plyr3r,D:\ModelAnti-Cheat\datasets\par3plyr3r_janelas.csv,par3plyr3r,1,208,2080.621,2089.667,normal,sem_arma,sem_arma,0,0.0,0,True
par3plyr3r,D:\ModelAnti-Cheat\datasets\par3plyr3r_janelas.csv,par3plyr3r,1,209,2090.677,2099.767,normal,sem_arma,sem_arma,0,0.0,0,True
par3plyr3r,D:\ModelAnti-Cheat\datasets\par3plyr3r_janelas.csv,par3plyr3r,1,210,2100.987,2109.004,normal,sem_arma,sem_arma,0,0.0,0,True
par3plyr3r,D:\ModelAnti-Cheat\datasets\par3plyr3r_janelas.csv,par3plyr3r,1,211,2110.002,2119.016,normal,sem_arma,sem_arma,0,0.0,0,True
par3plyr3r,D:\ModelAnti-Cheat\datasets\par3plyr3r_janelas.csv,par3plyr3r,1,212,2120.022,2124.03,normal,sem_arma,sem_arma,0,0.0,0,True
par3plyr3r,D:\ModelAnti-Cheat\datasets\par3plyr3r_janelas.csv,par3plyr3r,2,0,0.0,9.77,normal,sem_arma,sem_arma,0,0.0,0,True
par3plyr3r,D:\ModelAnti-Cheat\datasets\par3plyr3r_janelas.csv,par3plyr3r,2,1,10.755,19.759,normal,sem_arma,sem_arma,0,0.0,0,True
par3plyr3r,D:\ModelAnti-Cheat\datasets\par3plyr3r_janelas.csv,par3plyr3r,2,2,20.762,29.778,normal,sem_arma,sem_arma,0,0.0,0,True
par3plyr3r,D:\ModelAnti-Cheat\datasets\par3plyr3r_janelas.csv,par3plyr3r,2,3,30.778,39.794,normal,sem_arma,sem_arma,0,0.0,0,True
par3plyr3r,D:\ModelAnti-Cheat\datasets\par3plyr3r_janelas.csv,par3plyr3r,2,4,40.795,49.954,normal,sem_arma,sem_arma,0,0.0,0,True
par3plyr3r,D:\ModelAnti-Cheat\datasets\par3plyr3r_janelas.csv,par3plyr3r,2,5,50.967,59.99,normal,sem_arma,sem_arma,0,0.0,0,True
par3plyr3r,D:\ModelAnti-Cheat\datasets\par3plyr3r_janelas.csv,par3plyr3r,2,6,60.989,69.991,normal,sem_arma,sem_arma,0,0.0,0,True
par3plyr3r,D:\ModelAnti-Cheat\datasets\par3plyr3r_janelas.csv,par3plyr3r,2,7,70.997,79.001,normal,sem_arma,sem_arma,0,0.0,0,True
par3plyr3r,D:\ModelAnti-Cheat\datasets\par3plyr3r_janelas.csv,par3plyr3r,2,8,80.001,89.019,normal,sem_arma,sem_arma,0,0.0,0,True
par3plyr3r,D:\ModelAnti-Cheat\datasets\par3plyr3r_janelas.csv,par3plyr3r,2,9,90.008,99.019,normal,sem_arma,sem_arma,0,0.0,0,True
par3plyr3r,D:\ModelAnti-Cheat\datasets\par3plyr3r_janelas.csv,par3plyr3r,2,10,100.034,109.043,normal,sem_arma,sem_arma,0,0.0,0,True
par3plyr3r,D:\ModelAnti-Cheat\datasets\par3plyr3r_janelas.csv,par3plyr3r,2,11,110.042,119.045,normal,sem_arma,sem_arma,0,0.0,0,True
par3plyr3r,D:\ModelAnti-Cheat\datasets\par3plyr3r_janelas.csv,par3plyr3r,2,12,120.05,129.069,normal,sem_arma,sem_arma,0,0.0,0,True
par3plyr3r,D:\ModelAnti-Cheat\datasets\par3plyr3r_janelas.csv,par3plyr3r,2,13,130.064,139.141,normal,sem_arma,sem_arma,0,0.0,0,True
par3plyr3r,D:\ModelAnti-Cheat\datasets\par3plyr3r_janelas.csv,par3plyr3r,2,14,140.143,148.237,normal,sem_arma,sem_arma,0,0.0,0,True
par3plyr3r,D:\ModelAnti-Cheat\datasets\par3plyr3r_janelas.csv,par3plyr3r,2,15,150.315,159.402,normal,sem_arma,sem_arma,0,0.0,0,True
par3plyr3r,D:\ModelAnti-Cheat\datasets\par3plyr3r_janelas.csv,par3plyr3r,2,16,160.404,169.705,normal,sem_arma,sem_arma,0,0.0,0,True
par3plyr3r,D:\ModelAnti-Cheat\datasets\par3plyr3r_janelas.csv,par3plyr3r,2,17,170.709,179.376,normal,sem_arma,sem_arma,0,0.0,0,True
par3plyr3r,D:\ModelAnti-Cheat\datasets\par3plyr3r_janelas.csv,par3plyr3r,2,18,180.376,189.383,normal,sem_arma,sem_arma,0,0.0,0,True
par3plyr3r,D:\ModelAnti-Cheat\datasets\par3plyr3r_janelas.csv,par3plyr3r,2,19,190.383,199.404,normal,sem_arma,sem_arma,0,0.0,0,True
par3plyr3r,D:\ModelAnti-Cheat\datasets\par3plyr3r_janelas.csv,par3plyr3r,2,20,200.396,209.404,normal,sem_arma,sem_arma,0,0.0,0,True
par3plyr3r,D:\ModelAnti-Cheat\datasets\par3plyr3r_janelas.csv,par3plyr3r,2,21,210.404,218.412,normal,sem_arma,sem_arma,0,0.0,0,True
par3plyr3r,D:\ModelAnti-Cheat\datasets\par3plyr3r_janelas.csv,par3plyr3r,2,22,221.329,229.351,normal,sem_arma,sem_arma,0,0.0,0,True
par3plyr3r,D:\ModelAnti-Cheat\datasets\par3plyr3r_janelas.csv,par3plyr3r,2,23,230.34,239.295,normal,sem_arma,sem_arma,0,0.0,0,True
par3plyr3r,D:\ModelAnti-Cheat\datasets\par3plyr3r_janelas.csv,par3plyr3r,2,24,240.289,249.304,normal,sem_arma,sem_arma,0,0.0,0,True
par3plyr3r,D:\ModelAnti-Cheat\datasets\par3plyr3r_janelas.csv,par3plyr3r,2,25,250.295,259.307,normal,sem_arma,sem_arma,0,0.0,0,True
par3plyr3r,D:\ModelAnti-Cheat\datasets\par3plyr3r_janelas.csv,par3plyr3r,2,26,260.317,269.316,normal,sem_arma,sem_arma,0,0.0,0,True
par3plyr3r,D:\ModelAnti-Cheat\datasets\par3plyr3r_janelas.csv,par3plyr3r,2,27,270.322,279.331,normal,sem_arma,sem_arma,0,0.0,0,True
par3plyr3r,D:\ModelAnti-Cheat\datasets\par3plyr3r_janelas.csv,par3plyr3r,2,28,280.337,289.336,normal,sem_arma,sem_arma,0,0.0,0,True
par3plyr3r,D:\ModelAnti-Cheat\datasets\par3plyr3r_janelas.csv,par3plyr3r,2,29,290.348,299.359,normal,sem_arma,sem_arma,0,0.0,0,True
par3plyr3r,D:\ModelAnti-Cheat\datasets\par3plyr3r_janelas.csv,par3plyr3r,2,30,300.358,309.371,normal,sem_arma,sem_arma,0,0.0,0,True
par3plyr3r,D:\ModelAnti-Cheat\datasets\par3plyr3r_janelas.csv,par3plyr3r,2,31,310.375,319.384,normal,sem_arma,sem_arma,0,0.0,0,True
par3plyr3r,D:\ModelAnti-Cheat\datasets\par3plyr3r_janelas.csv,par3plyr3r,2,32,320.38,329.399,normal,sem_arma,sem_arma,0,0.0,0,True
par3plyr3r,D:\ModelAnti-Cheat\datasets\par3plyr3r_janelas.csv,par3plyr3r,2,33,330.402,339.41,normal,sem_arma,sem_arma,0,0.0,0,True
par3plyr3r,D:\ModelAnti-Cheat\datasets\par3plyr3r_janelas.csv,par3plyr3r,2,34,340.413,349.422,normal,sem_arma,sem_arma,0,0.0,0,True
par3plyr3r,D:\ModelAnti-Cheat\datasets\par3plyr3r_janelas.csv,par3plyr3r,2,35,350.426,359.432,normal,sem_arma,sem_arma,0,0.0,0,True
par3plyr3r,D:\ModelAnti-Cheat\datasets\par3plyr3r_janelas.csv,par3plyr3r,2,36,360.438,369.443,normal,sem_arma,sem_arma,0,0.0,0,True
par3plyr3r,D:\ModelAnti-Cheat\datasets\par3plyr3r_janelas.csv,par3plyr3r,2,37,370.443,379.454,normal,sem_arma,sem_arma,0,0.0,0,True
par3plyr3r,D:\ModelAnti-Cheat\datasets\par3plyr3r_janelas.csv,par3plyr3r,2,38,380.454,389.466,normal,sem_arma,sem_arma,0,0.0,0,True
par3plyr3r,D:\ModelAnti-Cheat\datasets\par3plyr3r_janelas.csv,par3plyr3r,2,39,390.464,399.469,normal,sem_arma,sem_arma,0,0.0,0,True
par3plyr3r,D:\ModelAnti-Cheat\datasets\par3plyr3r_janelas.csv,par3plyr3r,2,40,400.47,409.481,normal,sem_arma,sem_arma,0,0.0,0,True
par3plyr3r,D:\ModelAnti-Cheat\datasets\par3plyr3r_janelas.csv,par3plyr3r,2,41,410.483,419.534,normal,sem_arma,sem_arma,0,0.0,0,True
par3plyr3r,D:\ModelAnti-Cheat\datasets\par3plyr3r_janelas.csv,par3plyr3r,2,42,420.563,429.544,normal,sem_arma,sem_arma,0,0.0,0,True
par3plyr3r,D:\ModelAnti-Cheat\datasets\par3plyr3r_janelas.csv,par3plyr3r,2,43,430.554,439.556,normal,sem_arma,sem_arma,0,0.0,0,True
par3plyr3r,D:\ModelAnti-Cheat\datasets\par3plyr3r_janelas.csv,par3plyr3r,2,44,440.555,449.567,normal,sem_arma,sem_arma,0,0.0,0,True
par3plyr3r,D:\ModelAnti-Cheat\datasets\par3plyr3r_janelas.csv,par3plyr3r,2,45,450.573,459.575,normal,sem_arma,sem_arma,0,0.0,0,True
par3plyr3r,D:\ModelAnti-Cheat\datasets\par3plyr3r_janelas.csv,par3plyr3r,2,46,460.576,469.698,normal,sem_arma,sem_arma,0,0.0,0,True
par3plyr3r,D:\ModelAnti-Cheat\datasets\par3plyr3r_janelas.csv,par3plyr3r,2,47,470.59,479.78,normal,sem_arma,sem_arma,0,0.0,0,True
par3plyr3r,D:\ModelAnti-Cheat\datasets\par3plyr3r_janelas.csv,par3plyr3r,2,48,480.78,489.792,normal,sem_arma,sem_arma,0,0.0,0,True
par3plyr3r,D:\ModelAnti-Cheat\datasets\par3plyr3r_janelas.csv,par3plyr3r,2,49,490.791,499.802,normal,sem_arma,sem_arma,0,0.0,0,True
par3plyr3r,D:\ModelAnti-Cheat\datasets\par3plyr3r_janelas.csv,par3plyr3r,2,50,500.808,509.812,normal,sem_arma,sem_arma,0,0.0,0,True
par3plyr3r,D:\ModelAnti-Cheat\datasets\par3plyr3r_janelas.csv,par3plyr3r,2,51,510.813,519.824,normal,sem_arma,sem_arma,0,0.0,0,True
par3plyr3r,D:\ModelAnti-Cheat\datasets\par3plyr3r_janelas.csv,par3plyr3r,2,52,520.822,529.839,normal,sem_arma,sem_arma,0,0.0,0,True
par3plyr3r,D:\ModelAnti-Cheat\datasets\par3plyr3r_janelas.csv,par3plyr3r,2,53,530.835,539.854,normal,sem_arma,sem_arma,0,0.0,0,True
par3plyr3r,D:\ModelAnti-Cheat\datasets\par3plyr3r_janelas.csv,par3plyr3r,2,54,540.847,549.864,normal,sem_arma,sem_arma,0,0.0,0,True
par3plyr3r,D:\ModelAnti-Cheat\datasets\par3plyr3r_janelas.csv,par3plyr3r,2,55,550.859,559.873,normal,sem_arma,sem_arma,0,0.0,0,True
par3plyr3r,D:\ModelAnti-Cheat\datasets\par3plyr3r_janelas.csv,par3plyr3r,2,56,560.869,569.882,normal,sem_arma,sem_arma,0,0.0,0,True
par3plyr3r,D:\ModelAnti-Cheat\datasets\par3plyr3r_janelas.csv,par3plyr3r,2,57,570.88,579.888,normal,sem_arma,sem_arma,0,0.0,0,True
par3plyr3r,D:\ModelAnti-Cheat\datasets\par3plyr3r_janelas.csv,par3plyr3r,2,58,580.895,589.897,normal,sem_arma,sem_arma,0,0.0,0,True
par3plyr3r,D:\ModelAnti-Cheat\datasets\par3plyr3r_janelas.csv,par3plyr3r,2,59,590.899,599.91,normal,sem_arma,sem_arma,0,0.0,0,True
par3plyr3r,D:\ModelAnti-Cheat\datasets\par3plyr3r_janelas.csv,par3plyr3r,2,60,600.911,609.918,normal,sem_arma,sem_arma,0,0.0,0,True
par3plyr3r,D:\ModelAnti-Cheat\datasets\par3plyr3r_janelas.csv,par3plyr3r,2,61,610.919,619.931,normal,sem_arma,sem_arma,0,0.0,0,True
par3plyr3r,D:\ModelAnti-Cheat\datasets\par3plyr3r_janelas.csv,par3plyr3r,2,62,620.939,629.941,normal,sem_arma,sem_arma,0,0.0,0,True
par3plyr3r,D:\ModelAnti-Cheat\datasets\par3plyr3r_janelas.csv,par3plyr3r,2,63,630.941,639.955,normal,sem_arma,sem_arma,0,0.0,0,True
par3plyr3r,D:\ModelAnti-Cheat\datasets\par3plyr3r_janelas.csv,par3plyr3r,2,64,640.954,649.958,normal,sem_arma,sem_arma,0,0.0,0,True
par3plyr3r,D:\ModelAnti-Cheat\datasets\par3plyr3r_janelas.csv,par3plyr3r,2,65,650.967,659.969,normal,sem_arma,sem_arma,0,0.0,0,True
par3plyr3r,D:\ModelAnti-Cheat\datasets\par3plyr3r_janelas.csv,par3plyr3r,2,66,660.975,669.978,normal,sem_arma,sem_arma,0,0.0,0,True
par3plyr3r,D:\ModelAnti-Cheat\datasets\par3plyr3r_janelas.csv,par3plyr3r,2,67,670.981,679.991,normal,sem_arma,sem_arma,0,0.0,0,True
par3plyr3r,D:\ModelAnti-Cheat\datasets\par3plyr3r_janelas.csv,par3plyr3r,2,68,681.0,689.0,normal,sem_arma,sem_arma,0,0.0,0,True
par3plyr3r,D:\ModelAnti-Cheat\datasets\par3plyr3r_janelas.csv,par3plyr3r,2,69,690.001,699.019,normal,sem_arma,sem_arma,0,0.0,0,True
par3plyr3r,D:\ModelAnti-Cheat\datasets\par3plyr3r_janelas.csv,par3plyr3r,2,70,700.01,709.029,normal,sem_arma,sem_arma,0,0.0,0,True
par3plyr3r,D:\ModelAnti-Cheat\datasets\par3plyr3r_janelas.csv,par3plyr3r,2,71,710.024,719.03,normal,sem_arma,sem_arma,0,0.0,0,True
par3plyr3r,D:\ModelAnti-Cheat\datasets\par3plyr3r_janelas.csv,par3plyr3r,2,72,720.041,729.042,normal,sem_arma,sem_arma,0,0.0,0,True
par3plyr3r,D:\ModelAnti-Cheat\datasets\par3plyr3r_janelas.csv,par3plyr3r,2,73,730.053,739.063,normal,sem_arma,sem_arma,0,0.0,0,True
par3plyr3r,D:\ModelAnti-Cheat\datasets\par3plyr3r_janelas.csv,par3plyr3r,2,74,740.083,749.082,normal,sem_arma,sem_arma,0,0.0,0,True
par3plyr3r,D:\ModelAnti-Cheat\datasets\par3plyr3r_janelas.csv,par3plyr3r,2,75,750.082,759.089,normal,sem_arma,sem_arma,0,0.0,0,True
par3plyr3r,D:\ModelAnti-Cheat\datasets\par3plyr3r_janelas.csv,par3plyr3r,2,76,760.092,769.278,normal,sem_arma,sem_arma,0,0.0,0,True
par3plyr3r,D:\ModelAnti-Cheat\datasets\par3plyr3r_janelas.csv,par3plyr3r,2,77,770.277,779.291,normal,sem_arma,sem_arma,0,0.0,0,True
par3plyr3r,D:\ModelAnti-Cheat\datasets\par3plyr3r_janelas.csv,par3plyr3r,2,78,780.295,789.747,normal,sem_arma,sem_arma,0,0.0,0,True
par3plyr3r,D:\ModelAnti-Cheat\datasets\par3plyr3r_janelas.csv,par3plyr3r,2,79,790.749,799.757,normal,sem_arma,sem_arma,0,0.0,0,True
par3plyr3r,D:\ModelAnti-Cheat\datasets\par3plyr3r_janelas.csv,par3plyr3r,2,80,800.759,809.809,normal,sem_arma,sem_arma,0,0.0,0,True
par3plyr3r,D:\ModelAnti-Cheat\datasets\par3plyr3r_janelas.csv,par3plyr3r,2,81,810.803,819.03,normal,sem_arma,sem_arma,0,0.0,0,True
par3plyr3r,D:\ModelAnti-Cheat\datasets\par3plyr3r_janelas.csv,par3plyr3r,2,82,820.027,829.04,normal,sem_arma,sem_arma,0,0.0,0,True
par3plyr3r,D:\ModelAnti-Cheat\datasets\par3plyr3r_janelas.csv,par3plyr3r,2,83,830.055,839.058,normal,sem_arma,sem_arma,0,0.0,0,True
par3plyr3r,D:\ModelAnti-Cheat\datasets\par3plyr3r_janelas.csv,par3plyr3r,2,84,840.054,849.286,normal,sem_arma,sem_arma,0,0.0,0,True
par3plyr3r,D:\ModelAnti-Cheat\datasets\par3plyr3r_janelas.csv,par3plyr3r,2,85,850.334,859.292,normal,sem_arma,sem_arma,0,0.0,0,True
par3plyr3r,D:\ModelAnti-Cheat\datasets\par3plyr3r_janelas.csv,par3plyr3r,2,86,860.37,869.313,normal,sem_arma,sem_arma,0,0.0,0,True
par3plyr3r,D:\ModelAnti-Cheat\datasets\par3plyr3r_janelas.csv,par3plyr3r,2,87,870.346,879.315,normal,sem_arma,sem_arma,0,0.0,0,True
par3plyr3r,D:\ModelAnti-Cheat\datasets\par3plyr3r_janelas.csv,par3plyr3r,2,88,880.316,889.97,normal,sem_arma,sem_arma,0,0.0,0,True
par3plyr3r,D:\ModelAnti-Cheat\datasets\par3plyr3r_janelas.csv,par3plyr3r,2,89,891.012,899.996,normal,sem_arma,sem_arma,0,0.0,0,True
par3plyr3r,D:\ModelAnti-Cheat\datasets\par3plyr3r_janelas.csv,par3plyr3r,2,90,900.998,909.122,normal,sem_arma,sem_arma,0,0.0,0,True
par3plyr3r,D:\ModelAnti-Cheat\datasets\par3plyr3r_janelas.csv,par3plyr3r,2,91,910.124,919.151,normal,sem_arma,sem_arma,0,0.0,0,True
par3plyr3r,D:\ModelAnti-Cheat\datasets\par3plyr3r_janelas.csv,par3plyr3r,2,92,920.149,929.281,normal,sem_arma,sem_arma,0,0.0,0,True
par3plyr3r,D:\ModelAnti-Cheat\datasets\par3plyr3r_janelas.csv,par3plyr3r,2,94,940.37,949.384,normal,sem_arma,sem_arma,0,0.0,0,True
par3plyr3r,D:\ModelAnti-Cheat\datasets\par3plyr3r_janelas.csv,par3plyr3r,2,95,950.386,959.664,normal,sem_arma,sem_arma,0,0.0,0,True
par3plyr3r,D:\ModelAnti-Cheat\datasets\par3plyr3r_janelas.csv,par3plyr3r,2,96,960.667,969.678,normal,sem_arma,sem_arma,0,0.0,0,True
par3plyr3r,D:\ModelAnti-Cheat\datasets\par3plyr3r_janelas.csv,par3plyr3r,2,97,970.675,979.758,normal,sem_arma,sem_arma,0,0.0,0,True
par3plyr3r,D:\ModelAnti-Cheat\datasets\par3plyr3r_janelas.csv,par3plyr3r,2,99,990.805,999.814,normal,sem_arma,sem_arma,0,0.0,0,True
par3plyr3r,D:\ModelAnti-Cheat\datasets\par3plyr3r_janelas.csv,par3plyr3r,2,100,1000.821,1008.83,normal,sem_arma,sem_arma,0,0.0,0,True
par3plyr3r,D:\ModelAnti-Cheat\datasets\par3plyr3r_janelas.csv,par3plyr3r,2,101,1010.023,1019.45,normal,sem_arma,sem_arma,0,0.0,0,True
par3plyr3r,D:\ModelAnti-Cheat\datasets\par3plyr3r_janelas.csv,par3plyr3r,2,102,1020.447,1029.466,normal,sem_arma,sem_arma,0,0.0,0,True
par3plyr3r,D:\ModelAnti-Cheat\datasets\par3plyr3r_janelas.csv,par3plyr3r,2,103,1030.467,1039.722,normal,sem_arma,sem_arma,0,0.0,0,True
par3plyr3r,D:\ModelAnti-Cheat\datasets\par3plyr3r_janelas.csv,par3plyr3r,2,104,1040.729,1049.831,normal,sem_arma,sem_arma,0,0.0,0,True
par3plyr3r,D:\ModelAnti-Cheat\datasets\par3plyr3r_janelas.csv,par3plyr3r,2,105,1050.832,1059.857,normal,sem_arma,sem_arma,0,0.0,0,True
par3plyr3r,D:\ModelAnti-Cheat\datasets\par3plyr3r_janelas.csv,par3plyr3r,2,106,1060.862,1069.862,normal,sem_arma,sem_arma,0,0.0,0,True
par3plyr3r,D:\ModelAnti-Cheat\datasets\par3plyr3r_janelas.csv,par3plyr3r,2,107,1070.868,1079.927,normal,sem_arma,sem_arma,0,0.0,0,True
par3plyr3r,D:\ModelAnti-Cheat\datasets\par3plyr3r_janelas.csv,par3plyr3r,2,108,1080.924,1089.047,normal,sem_arma,sem_arma,0,0.0,0,True
par3plyr3r,D:\ModelAnti-Cheat\datasets\par3plyr3r_janelas.csv,par3plyr3r,2,109,1090.055,1099.314,normal,sem_arma,sem_arma,0,0.0,0,True
par3plyr3r,D:\ModelAnti-Cheat\datasets\par3plyr3r_janelas.csv,par3plyr3r,2,110,1100.316,1109.323,normal,sem_arma,sem_arma,0,0.0,0,True
par3plyr3r,D:\ModelAnti-Cheat\datasets\par3plyr3r_janelas.csv,par3plyr3r,2,111,1110.32,1119.331,normal,AK74,sem_arma;AK74,0,0.0,0,True
par3plyr3r,D:\ModelAnti-Cheat\datasets\par3plyr3r_janelas.csv,par3plyr3r,2,112,1120.418,1129.455,normal,AK74,AK74,0,0.0,0,True
par3plyr3r,D:\ModelAnti-Cheat\datasets\par3plyr3r_janelas.csv,par3plyr3r,2,113,1130.462,1139.473,normal,AK74,AK74,0,0.0,0,True
par3plyr3r,D:\ModelAnti-Cheat\datasets\par3plyr3r_janelas.csv,par3plyr3r,2,114,1140.468,1149.595,normal,AK74,AK74,0,0.0,0,True
par3plyr3r,D:\ModelAnti-Cheat\datasets\par3plyr3r_janelas.csv,par3plyr3r,2,115,1150.597,1159.95,normal,AK74,AK74,0,0.0,0,True
par3plyr3r,D:\ModelAnti-Cheat\datasets\par3plyr3r_janelas.csv,par3plyr3r,2,116,1160.944,1169.557,normal,AK74,AK74,0,0.0,0,True
par3plyr3r,D:\ModelAnti-Cheat\datasets\par3plyr3r_janelas.csv,par3plyr3r,2,117,1170.559,1179.571,normal,AK74,AK74,0,0.0,0,True
par3plyr3r,D:\ModelAnti-Cheat\datasets\par3plyr3r_janelas.csv,par3plyr3r,2,118,1182.082,1189.116,normal,AK74,AK74,0,0.0,0,True
par3plyr3r,D:\ModelAnti-Cheat\datasets\par3plyr3r_janelas.csv,par3plyr3r,2,119,1190.102,1199.192,normal,AK74,AK74,0,0.0,0,True
par3plyr3r,D:\ModelAnti-Cheat\datasets\par3plyr3r_janelas.csv,par3plyr3r,2,120,1200.829,1209.426,normal,AK74,AK74;sem_arma,0,0.0,0,True
par3plyr3r,D:\ModelAnti-Cheat\datasets\par3plyr3r_janelas.csv,par3plyr3r,2,121,1210.426,1219.408,normal,AK74,AK74,0,0.0,0,True
par3plyr3r,D:\ModelAnti-Cheat\datasets\par3plyr3r_janelas.csv,par3plyr3r,2,122,1220.403,1229.259,normal,AK74,AK74,0,0.0,0,True
par3plyr3r,D:\ModelAnti-Cheat\datasets\par3plyr3r_janelas.csv,par3plyr3r,2,123,1230.264,1239.845,normal,AK74,AK74,0,0.0,0,True
par3plyr3r,D:\ModelAnti-Cheat\datasets\par3plyr3r_janelas.csv,par3plyr3r,2,124,1240.847,1249.862,normal,AK74,AK74,0,0.0,0,True
par3plyr3r,D:\ModelAnti-Cheat\datasets\par3plyr3r_janelas.csv,par3plyr3r,2,125,1250.865,1259.873,normal,AK74,AK74,0,0.0,0,True
par3plyr3r,D:\ModelAnti-Cheat\datasets\par3plyr3r_janelas.csv,par3plyr3r,2,126,1260.884,1269.891,normal,AK74,AK74,0,0.0,0,True
par3plyr3r,D:\ModelAnti-Cheat\datasets\par3plyr3r_janelas.csv,par3plyr3r,2,127,1270.889,1279.898,normal,AK74,AK74,0,0.0,0,True
par3plyr3r,D:\ModelAnti-Cheat\datasets\par3plyr3r_janelas.csv,par3plyr3r,2,128,1280.903,1289.914,normal,AK74,AK74,0,0.0,0,True
par3plyr3r,D:\ModelAnti-Cheat\datasets\par3plyr3r_janelas.csv,par3plyr3r,2,129,1290.917,1299.925,normal,AK74,AK74,0,0.0,0,True
par3plyr3r,D:\ModelAnti-Cheat\datasets\par3plyr3r_janelas.csv,par3plyr3r,2,130,1300.925,1309.935,normal,AK74,AK74,0,0.0,0,True
par3plyr3r,D:\ModelAnti-Cheat\datasets\par3plyr3r_janelas.csv,par3plyr3r,2,131,1310.94,1319.947,normal,AK74,AK74,0,0.0,0,True
par3plyr3r,D:\ModelAnti-Cheat\datasets\par3plyr3r_janelas.csv,par3plyr3r,2,132,1320.94,1329.964,normal,AK74,AK74,0,0.0,0,True
par3plyr3r,D:\ModelAnti-Cheat\datasets\par3plyr3r_janelas.csv,par3plyr3r,2,133,1330.969,1339.975,normal,AK74,AK74,0,0.0,0,True
par3plyr3r,D:\ModelAnti-Cheat\datasets\par3plyr3r_janelas.csv,par3plyr3r,2,134,1340.975,1349.99,normal,AK74,AK74,0,0.0,0,True
par3plyr3r,D:\ModelAnti-Cheat\datasets\par3plyr3r_janelas.csv,par3plyr3r,2,135,1350.991,1359.996,normal,AK74,AK74,0,0.0,0,True
par3plyr3r,D:\ModelAnti-Cheat\datasets\par3plyr3r_janelas.csv,par3plyr3r,2,136,1360.997,1369.013,normal,AK74,AK74,0,0.0,0,True
par3plyr3r,D:\ModelAnti-Cheat\datasets\par3plyr3r_janelas.csv,par3plyr3r,2,137,1370.121,1379.13,normal,AK74,AK74,0,0.0,0,True
par3plyr3r,D:\ModelAnti-Cheat\datasets\par3plyr3r_janelas.csv,par3plyr3r,2,138,1380.148,1389.329,normal,AK74,AK74,0,0.0,0,True
par3plyr3r,D:\ModelAnti-Cheat\datasets\par3plyr3r_janelas.csv,par3plyr3r,2,139,1390.328,1399.719,normal,AK74,AK74,0,0.0,0,True
par3plyr3r,D:\ModelAnti-Cheat\datasets\par3plyr3r_janelas.csv,par3plyr3r,2,140,1401.016,1409.106,normal,AK74,AK74,0,0.0,0,True
par3plyr3r,D:\ModelAnti-Cheat\datasets\par3plyr3r_janelas.csv,par3plyr3r,2,141,1410.104,1419.234,normal,AK74,AK74,0,0.0,0,True
par3plyr3r,D:\ModelAnti-Cheat\datasets\par3plyr3r_janelas.csv,par3plyr3r,2,142,1420.236,1429.241,normal,AK74,AK74,0,0.0,0,True
par3plyr3r,D:\ModelAnti-Cheat\datasets\par3plyr3r_janelas.csv,par3plyr3r,2,143,1430.245,1439.251,normal,AK74,AK74,0,0.0,0,True
par3plyr3r,D:\ModelAnti-Cheat\datasets\par3plyr3r_janelas.csv,par3plyr3r,2,144,1440.261,1449.46,normal,AK74,AK74,0,0.0,0,True
par3plyr3r,D:\ModelAnti-Cheat\datasets\par3plyr3r_janelas.csv,par3plyr3r,2,145,1450.472,1459.495,normal,AK74,AK74,0,0.0,0,True
par3plyr3r,D:\ModelAnti-Cheat\datasets\par3plyr3r_janelas.csv,par3plyr3r,2,146,1460.488,1469.507,normal,AK74,AK74,0,0.0,0,True
par3plyr3r,D:\ModelAnti-Cheat\datasets\par3plyr3r_janelas.csv,par3plyr3r,2,147,1470.504,1479.517,normal,AK74,AK74,0,0.0,0,True
par3plyr3r,D:\ModelAnti-Cheat\datasets\par3plyr3r_janelas.csv,par3plyr3r,2,148,1480.515,1489.534,normal,AK74,AK74,0,0.0,0,True
par3plyr3r,D:\ModelAnti-Cheat\datasets\par3plyr3r_janelas.csv,par3plyr3r,2,149,1490.535,1499.536,normal,AK74,AK74,0,0.0,0,True
par3plyr3r,D:\ModelAnti-Cheat\datasets\par3plyr3r_janelas.csv,par3plyr3r,2,150,1500.548,1508.553,normal,AK74,AK74,0,0.0,0,True
par3plyr3r,D:\ModelAnti-Cheat\datasets\par3plyr3r_janelas.csv,par3plyr3r,2,151,1511.166,1519.14,normal,AK74,AK74,0,0.0,0,True
par3plyr3r,D:\ModelAnti-Cheat\datasets\par3plyr3r_janelas.csv,par3plyr3r,2,152,1520.149,1529.395,normal,sem_arma,sem_arma,0,0.0,0,True
par3plyr3r,D:\ModelAnti-Cheat\datasets\par3plyr3r_janelas.csv,par3plyr3r,2,153,1530.396,1539.849,normal,sem_arma,sem_arma,0,0.0,0,True
par3plyr3r,D:\ModelAnti-Cheat\datasets\par3plyr3r_janelas.csv,par3plyr3r,2,154,1540.845,1549.856,normal,sem_arma,sem_arma,0,0.0,0,True
par3plyr3r,D:\ModelAnti-Cheat\datasets\par3plyr3r_janelas.csv,par3plyr3r,2,155,1550.859,1559.173,normal,sem_arma,sem_arma,0,0.0,0,True
par3plyr3r,D:\ModelAnti-Cheat\datasets\par3plyr3r_janelas.csv,par3plyr3r,2,156,1560.136,1569.129,normal,sem_arma,sem_arma,0,0.0,0,True
par3plyr3r,D:\ModelAnti-Cheat\datasets\par3plyr3r_janelas.csv,par3plyr3r,2,157,1570.122,1579.135,normal,sem_arma,sem_arma,0,0.0,0,True
par3plyr3r,D:\ModelAnti-Cheat\datasets\par3plyr3r_janelas.csv,par3plyr3r,2,158,1580.139,1589.729,normal,sem_arma,sem_arma,0,0.0,0,True
par3plyr3r,D:\ModelAnti-Cheat\datasets\par3plyr3r_janelas.csv,par3plyr3r,2,159,1590.743,1599.753,normal,sem_arma,sem_arma,0,0.0,0,True
par3plyr3r,D:\ModelAnti-Cheat\datasets\par3plyr3r_janelas.csv,par3plyr3r,2,160,1601.073,1608.875,normal,sem_arma,sem_arma,0,0.0,0,True
par3plyr3r,D:\ModelAnti-Cheat\datasets\par3plyr3r_janelas.csv,par3plyr3r,2,161,1610.175,1619.997,normal,sem_arma,sem_arma,0,0.0,0,True
par3plyr3r,D:\ModelAnti-Cheat\datasets\par3plyr3r_janelas.csv,par3plyr3r,2,162,1620.998,1629.035,normal,sem_arma,sem_arma,0,0.0,0,True
par3plyr3r,D:\ModelAnti-Cheat\datasets\par3plyr3r_janelas.csv,par3plyr3r,2,163,1630.123,1639.154,normal,sem_arma,sem_arma,0,0.0,0,True
par3plyr3r,D:\ModelAnti-Cheat\datasets\par3plyr3r_janelas.csv,par3plyr3r,2,164,1640.282,1649.677,normal,sem_arma,sem_arma,0,0.0,0,True
par3plyr3r,D:\ModelAnti-Cheat\datasets\par3plyr3r_janelas.csv,par3plyr3r,2,165,1650.683,1659.928,normal,sem_arma,sem_arma,0,0.0,0,True
par3plyr3r,D:\ModelAnti-Cheat\datasets\par3plyr3r_janelas.csv,par3plyr3r,2,166,1660.945,1669.94,normal,sem_arma,sem_arma,0,0.0,0,True
par3plyr3r,D:\ModelAnti-Cheat\datasets\par3plyr3r_janelas.csv,par3plyr3r,2,167,1670.946,1679.386,normal,sem_arma,sem_arma,0,0.0,0,True
par3plyr3r,D:\ModelAnti-Cheat\datasets\par3plyr3r_janelas.csv,par3plyr3r,2,168,1680.388,1689.4,normal,sem_arma,sem_arma,0,0.0,0,True
par3plyr3r,D:\ModelAnti-Cheat\datasets\par3plyr3r_janelas.csv,par3plyr3r,2,169,1690.407,1699.415,normal,sem_arma,sem_arma,0,0.0,0,True
par3plyr3r,D:\ModelAnti-Cheat\datasets\par3plyr3r_janelas.csv,par3plyr3r,2,170,1700.415,1709.445,normal,sem_arma,sem_arma,0,0.0,0,True
par3plyr3r,D:\ModelAnti-Cheat\datasets\par3plyr3r_janelas.csv,par3plyr3r,2,171,1710.446,1719.461,normal,sem_arma,sem_arma,0,0.0,0,True
par3plyr3r,D:\ModelAnti-Cheat\datasets\par3plyr3r_janelas.csv,par3plyr3r,2,172,1720.455,1729.564,normal,sem_arma,sem_arma,0,0.0,0,True
par3plyr3r,D:\ModelAnti-Cheat\datasets\par3plyr3r_janelas.csv,par3plyr3r,2,173,1730.52,1739.599,normal,sem_arma,sem_arma,0,0.0,0,True
par3plyr3r,D:\ModelAnti-Cheat\datasets\par3plyr3r_janelas.csv,par3plyr3r,2,174,1740.634,1749.871,normal,sem_arma,sem_arma,0,0.0,0,True
par3plyr3r,D:\ModelAnti-Cheat\datasets\par3plyr3r_janelas.csv,par3plyr3r,2,175,1750.871,1759.883,normal,sem_arma,sem_arma,0,0.0,0,True
par3plyr3r,D:\ModelAnti-Cheat\datasets\par3plyr3r_janelas.csv,par3plyr3r,2,176,1760.886,1769.893,normal,sem_arma,sem_arma,0,0.0,0,True
par3plyr3r,D:\ModelAnti-Cheat\datasets\par3plyr3r_janelas.csv,par3plyr3r,2,177,1770.893,1779.759,normal,sem_arma,sem_arma,0,0.0,0,True
par3plyr3r,D:\ModelAnti-Cheat\datasets\par3plyr3r_janelas.csv,par3plyr3r,2,178,1780.758,1789.515,normal,sem_arma,sem_arma,0,0.0,0,True
par3plyr3r,D:\ModelAnti-Cheat\datasets\par3plyr3r_janelas.csv,par3plyr3r,2,179,1790.658,1799.172,normal,sem_arma,sem_arma,0,0.0,0,True
par3plyr3r,D:\ModelAnti-Cheat\datasets\par3plyr3r_janelas.csv,par3plyr3r,2,180,1800.148,1809.113,normal,sem_arma,sem_arma,0,0.0,0,True
par3plyr3r,D:\ModelAnti-Cheat\datasets\par3plyr3r_janelas.csv,par3plyr3r,2,181,1810.357,1819.132,normal,sem_arma,sem_arma,0,0.0,0,True
par3plyr3r,D:\ModelAnti-Cheat\datasets\par3plyr3r_janelas.csv,par3plyr3r,2,182,1820.131,1829.25,normal,sem_arma,sem_arma,0,0.0,0,True
par3plyr3r,D:\ModelAnti-Cheat\datasets\par3plyr3r_janelas.csv,par3plyr3r,2,183,1830.239,1839.226,normal,sem_arma,sem_arma,0,0.0,0,True
par3plyr3r,D:\ModelAnti-Cheat\datasets\par3plyr3r_janelas.csv,par3plyr3r,2,184,1840.708,1849.761,normal,sem_arma,sem_arma,0,0.0,0,True
par3plyr3r,D:\ModelAnti-Cheat\datasets\par3plyr3r_janelas.csv,par3plyr3r,2,185,1850.978,1859.084,normal,sem_arma,sem_arma,0,0.0,0,True
par3plyr3r,D:\ModelAnti-Cheat\datasets\par3plyr3r_janelas.csv,par3plyr3r,2,186,1860.157,1868.977,normal,sem_arma,sem_arma,0,0.0,0,True
par3plyr3r,D:\ModelAnti-Cheat\datasets\par3plyr3r_janelas.csv,par3plyr3r,2,187,1876.926,1879.941,normal,sem_arma,sem_arma,0,0.0,0,True
par3plyr3r,D:\ModelAnti-Cheat\datasets\par3plyr3r_janelas.csv,par3plyr3r,2,188,1880.95,1889.083,normal,sem_arma,sem_arma,0,0.0,0,True
par3plyr3r,D:\ModelAnti-Cheat\datasets\par3plyr3r_janelas.csv,par3plyr3r,2,189,1890.109,1899.107,normal,sem_arma,sem_arma,0,0.0,0,True
par3plyr3r,D:\ModelAnti-Cheat\datasets\par3plyr3r_janelas.csv,par3plyr3r,2,190,1900.113,1909.2,normal,sem_arma,sem_arma,0,0.0,0,True
par3plyr3r,D:\ModelAnti-Cheat\datasets\par3plyr3r_janelas.csv,par3plyr3r,2,191,1910.208,1919.209,normal,sem_arma,sem_arma,0,0.0,0,True
par3plyr3r,D:\ModelAnti-Cheat\datasets\par3plyr3r_janelas.csv,par3plyr3r,2,192,1920.21,1929.335,normal,sem_arma,sem_arma,0,0.0,0,True
par3plyr3r,D:\ModelAnti-Cheat\datasets\par3plyr3r_janelas.csv,par3plyr3r,2,193,1930.337,1939.77,normal,sem_arma,sem_arma,0,0.0,0,True
par3plyr3r,D:\ModelAnti-Cheat\datasets\par3plyr3r_janelas.csv,par3plyr3r,2,194,1940.774,1949.814,normal,sem_arma,sem_arma,0,0.0,0,True
par3plyr3r,D:\ModelAnti-Cheat\datasets\par3plyr3r_janelas.csv,par3plyr3r,2,196,1960.843,1968.827,normal,sem_arma,sem_arma,0,0.0,0,True
par3plyr3r,D:\ModelAnti-Cheat\datasets\par3plyr3r_janelas.csv,par3plyr3r,2,197,1970.215,1979.247,normal,sem_arma,sem_arma,0,0.0,0,True
par3plyr3r,D:\ModelAnti-Cheat\datasets\par3plyr3r_janelas.csv,par3plyr3r,2,198,1980.265,1989.382,normal,sem_arma,sem_arma,0,0.0,0,True
par3plyr3r,D:\ModelAnti-Cheat\datasets\par3plyr3r_janelas.csv,par3plyr3r,2,199,1990.389,1999.54,normal,sem_arma,sem_arma,0,0.0,0,True
par3plyr3r,D:\ModelAnti-Cheat\datasets\par3plyr3r_janelas.csv,par3plyr3r,2,200,2000.538,2009.851,normal,sem_arma,sem_arma,0,0.0,0,True
par3plyr3r,D:\ModelAnti-Cheat\datasets\par3plyr3r_janelas.csv,par3plyr3r,2,201,2010.855,2019.861,normal,sem_arma,sem_arma,0,0.0,0,True
par3plyr3r,D:\ModelAnti-Cheat\datasets\par3plyr3r_janelas.csv,par3plyr3r,2,202,2020.898,2029.977,normal,sem_arma,sem_arma,0,0.0,0,True
par3plyr3r,D:\ModelAnti-Cheat\datasets\par3plyr3r_janelas.csv,par3plyr3r,2,203,2030.974,2039.059,normal,sem_arma,sem_arma,0,0.0,0,True
par3plyr3r,D:\ModelAnti-Cheat\datasets\par3plyr3r_janelas.csv,par3plyr3r,2,204,2040.062,2049.069,normal,sem_arma,sem_arma,0,0.0,0,True
par3plyr3r,D:\ModelAnti-Cheat\datasets\par3plyr3r_janelas.csv,par3plyr3r,2,205,2050.074,2059.18,normal,sem_arma,sem_arma,0,0.0,0,True
par3plyr3r,D:\ModelAnti-Cheat\datasets\par3plyr3r_janelas.csv,par3plyr3r,2,206,2060.176,2069.318,normal,sem_arma,sem_arma,0,0.0,0,True
par3plyr3r,D:\ModelAnti-Cheat\datasets\par3plyr3r_janelas.csv,par3plyr3r,2,207,2070.326,2079.553,normal,sem_arma,sem_arma,0,0.0,0,True
par3plyr3r,D:\ModelAnti-Cheat\datasets\par3plyr3r_janelas.csv,par3plyr3r,2,208,2080.553,2089.572,normal,sem_arma,sem_arma,0,0.0,0,True
par3plyr3r,D:\ModelAnti-Cheat\datasets\par3plyr3r_janelas.csv,par3plyr3r,2,209,2090.564,2099.586,normal,sem_arma,sem_arma,0,0.0,0,True
par3plyr3r,D:\ModelAnti-Cheat\datasets\par3plyr3r_janelas.csv,par3plyr3r,2,210,2100.582,2109.401,normal,sem_arma,sem_arma;MakarovIJ70;AK74,0,0.0,0,True
par3plyr3r,D:\ModelAnti-Cheat\datasets\par3plyr3r_janelas.csv,par3plyr3r,2,211,2110.391,2119.8,normal,AK74,AK74,0,0.0,0,True
par3plyr3r,D:\ModelAnti-Cheat\datasets\par3plyr3r_janelas.csv,par3plyr3r,2,212,2120.845,2128.958,normal,AK74,AK74,0,0.9924906132665832,1,False
par3plyr3r,D:\ModelAnti-Cheat\datasets\par3plyr3r_janelas.csv,par3plyr3r,2,213,2130.101,2139.042,normal,AK74,AK74,0,0.0,0,True
par3plyr3r,D:\ModelAnti-Cheat\datasets\par3plyr3r_janelas.csv,par3plyr3r,2,214,2140.341,2149.131,normal,AK74,AK74,0,0.0,0,True
par3plyr3r,D:\ModelAnti-Cheat\datasets\par3plyr3r_janelas.csv,par3plyr3r,2,215,2150.168,2159.543,normal,AK74,AK74,0,0.0,0,True
par3plyr3r,D:\ModelAnti-Cheat\datasets\par3plyr3r_janelas.csv,par3plyr3r,2,216,2160.54,2169.55,normal,AK74,AK74,0,0.0,0,True
par3plyr3r,D:\ModelAnti-Cheat\datasets\par3plyr3r_janelas.csv,par3plyr3r,2,217,2170.599,2179.605,normal,AK74,AK74,0,0.0,0,True
par3plyr3r,D:\ModelAnti-Cheat\datasets\par3plyr3r_janelas.csv,par3plyr3r,2,218,2180.602,2189.226,normal,AK74,AK74,0,0.0,0,True
par3plyr3r,D:\ModelAnti-Cheat\datasets\par3plyr3r_janelas.csv,par3plyr3r,2,219,2192.096,2199.435,normal,AK74,AK74,0,0.0,0,True
par3plyr3r,D:\ModelAnti-Cheat\datasets\par3plyr3r_janelas.csv,par3plyr3r,2,220,2200.434,2209.899,normal,AK74,AK74,0,0.0,0,True
par3plyr3r,D:\ModelAnti-Cheat\datasets\par3plyr3r_janelas.csv,par3plyr3r,2,221,2210.898,2219.56,normal,AK74,AK74,0,0.0,0,True
par3plyr3r,D:\ModelAnti-Cheat\datasets\par3plyr3r_janelas.csv,par3plyr3r,2,222,2220.565,2229.7,normal,AK74,AK74,0,0.0,0,True
par3plyr3r,D:\ModelAnti-Cheat\datasets\par3plyr3r_janelas.csv,par3plyr3r,2,223,2230.687,2239.366,normal,AK74,AK74,0,0.0,0,True
par3plyr3r,D:\ModelAnti-Cheat\datasets\par3plyr3r_janelas.csv,par3plyr3r,2,224,2240.366,2249.862,normal,AK74,AK74,0,0.0,0,True
par3plyr3r,D:\ModelAnti-Cheat\datasets\par3plyr3r_janelas.csv,par3plyr3r,2,225,2250.852,2259.878,normal,AK74,AK74,0,0.0,0,True
par3plyr3r,D:\ModelAnti-Cheat\datasets\par3plyr3r_janelas.csv,par3plyr3r,2,226,2260.876,2269.974,normal,AK74,AK74,0,0.0,0,True
par3plyr3r,D:\ModelAnti-Cheat\datasets\par3plyr3r_janelas.csv,par3plyr3r,2,227,2270.959,2279.607,normal,AK74,AK74,0,0.0,0,True
par3plyr3r,D:\ModelAnti-Cheat\datasets\par3plyr3r_janelas.csv,par3plyr3r,2,228,2280.606,2289.62,normal,AK74,AK74,0,0.0,0,True
par3plyr3r,D:\ModelAnti-Cheat\datasets\par3plyr3r_janelas.csv,par3plyr3r,2,229,2290.615,2299.624,normal,AK74,AK74,0,0.0,0,True
par3plyr3r,D:\ModelAnti-Cheat\datasets\par3plyr3r_janelas.csv,par3plyr3r,2,230,2300.63,2309.711,normal,AK74,AK74,0,0.0,0,True
par3plyr3r,D:\ModelAnti-Cheat\datasets\par3plyr3r_janelas.csv,par3plyr3r,2,231,2310.715,2319.016,normal,AK74,AK74,0,0.0,0,True
par3plyr3r,D:\ModelAnti-Cheat\datasets\par3plyr3r_janelas.csv,par3plyr3r,2,232,2320.019,2329.245,normal,AK74,AK74,0,0.0,0,True
par3plyr3r,D:\ModelAnti-Cheat\datasets\par3plyr3r_janelas.csv,par3plyr3r,2,233,2330.639,2339.317,normal,AK74,AK74,0,0.0,0,True
par3plyr3r,D:\ModelAnti-Cheat\datasets\par3plyr3r_janelas.csv,par3plyr3r,2,234,2340.82,2349.835,normal,AK74,AK74,0,0.0,0,True
par3plyr3r,D:\ModelAnti-Cheat\datasets\par3plyr3r_janelas.csv,par3plyr3r,2,235,2350.829,2359.149,normal,AK74,AK74,0,0.0,0,True
par3plyr3r,D:\ModelAnti-Cheat\datasets\par3plyr3r_janelas.csv,par3plyr3r,2,236,2360.286,2365.206,normal,AK74,AK74,0,0.0,0,True
par3plyr3r,D:\ModelAnti-Cheat\datasets\par3plyr3r_janelas.csv,par3plyr3r,2,237,2375.056,2379.279,normal,AK74,AK74,0,0.0,0,True
par3plyr3r,D:\ModelAnti-Cheat\datasets\par3plyr3r_janelas.csv,par3plyr3r,2,238,2380.285,2389.865,normal,AK74,AK74,0,0.0,0,True
par3plyr3r,D:\ModelAnti-Cheat\datasets\par3plyr3r_janelas.csv,par3plyr3r,2,239,2390.86,2399.974,normal,AK74,AK74,0,0.0,0,True
par3plyr3r,D:\ModelAnti-Cheat\datasets\par3plyr3r_janelas.csv,par3plyr3r,2,240,2401.362,2409.392,normal,AK74,AK74,0,0.0,0,True
par3plyr3r,D:\ModelAnti-Cheat\datasets\par3plyr3r_janelas.csv,par3plyr3r,2,241,2410.789,2419.219,normal,AK74,AK74;sem_arma,0,0.9924906132665832,1,False
par3plyr3r,D:\ModelAnti-Cheat\datasets\par3plyr3r_janelas.csv,par3plyr3r,2,242,2420.219,2429.318,normal,sem_arma,sem_arma,0,0.0,0,True
par3plyr3r,D:\ModelAnti-Cheat\datasets\par3plyr3r_janelas.csv,par3plyr3r,2,243,2430.325,2439.334,normal,AK74,sem_arma;AK74,0,0.9924906132665832,1,False
par3plyr3r,D:\ModelAnti-Cheat\datasets\par3plyr3r_janelas.csv,par3plyr3r,2,244,2440.335,2449.346,normal,AK74,AK74,0,0.9924906132665832,1,False
par3plyr3r,D:\ModelAnti-Cheat\datasets\par3plyr3r_janelas.csv,par3plyr3r,2,245,2450.348,2459.355,normal,AK74,AK74,0,0.9924906132665832,1,False
par3plyr3r,D:\ModelAnti-Cheat\datasets\par3plyr3r_janelas.csv,par3plyr3r,2,246,2460.357,2469.65,normal,AK74,AK74;sem_arma,0,0.0,0,True
par3plyr3r,D:\ModelAnti-Cheat\datasets\par3plyr3r_janelas.csv,par3plyr3r,2,247,2470.799,2479.849,normal,sem_arma,sem_arma,0,0.0,0,True
par3plyr3r,D:\ModelAnti-Cheat\datasets\par3plyr3r_janelas.csv,par3plyr3r,2,248,2480.851,2488.983,normal,sem_arma,sem_arma,0,0.0,0,True
par3plyr3r,D:\ModelAnti-Cheat\datasets\par3plyr3r_janelas.csv,par3plyr3r,2,249,2490.33,2499.482,normal,sem_arma,sem_arma,0,0.0,0,True
par3plyr3r,D:\ModelAnti-Cheat\datasets\par3plyr3r_janelas.csv,par3plyr3r,2,250,2500.49,2509.913,normal,sem_arma,sem_arma,0,0.0,0,True
par3plyr3r,D:\ModelAnti-Cheat\datasets\par3plyr3r_janelas.csv,par3plyr3r,2,251,2510.913,2519.47,normal,sem_arma,sem_arma,0,0.0,0,True
par3plyr3r,D:\ModelAnti-Cheat\datasets\par3plyr3r_janelas.csv,par3plyr3r,2,252,2520.502,2529.075,normal,sem_arma,sem_arma,0,0.0,0,True
par3plyr3r,D:\ModelAnti-Cheat\datasets\par3plyr3r_janelas.csv,par3plyr3r,2,253,2530.074,2539.366,normal,sem_arma,sem_arma,0,0.0,0,True
par3plyr3r,D:\ModelAnti-Cheat\datasets\par3plyr3r_janelas.csv,par3plyr3r,2,255,2550.532,2559.479,normal,sem_arma,sem_arma,0,0.0,0,True
par3plyr3r,D:\ModelAnti-Cheat\datasets\par3plyr3r_janelas.csv,par3plyr3r,2,256,2560.478,2569.685,normal,sem_arma,sem_arma,0,0.0,0,True
par3plyr3r,D:\ModelAnti-Cheat\datasets\par3plyr3r_janelas.csv,par3plyr3r,2,257,2570.682,2579.699,normal,sem_arma,sem_arma,0,0.0,0,True
par3plyr3r,D:\ModelAnti-Cheat\datasets\par3plyr3r_janelas.csv,par3plyr3r,2,258,2580.698,2589.757,normal,sem_arma,sem_arma,0,0.0,0,True
par3plyr3r,D:\ModelAnti-Cheat\datasets\par3plyr3r_janelas.csv,par3plyr3r,2,259,2591.517,2599.962,normal,sem_arma,sem_arma,0,0.0,0,True
par3plyr3r,D:\ModelAnti-Cheat\datasets\par3plyr3r_janelas.csv,par3plyr3r,2,260,2601.979,2609.002,normal,sem_arma,sem_arma,0,0.0,0,True
par3plyr3r,D:\ModelAnti-Cheat\datasets\par3plyr3r_janelas.csv,par3plyr3r,2,261,2610.005,2619.05,normal,sem_arma,sem_arma,0,0.0,0,True
par3plyr3r,D:\ModelAnti-Cheat\datasets\par3plyr3r_janelas.csv,par3plyr3r,2,262,2620.051,2629.779,normal,sem_arma,sem_arma,0,0.0,0,True
par3plyr3r,D:\ModelAnti-Cheat\datasets\par3plyr3r_janelas.csv,par3plyr3r,2,263,2630.779,2639.79,normal,sem_arma,sem_arma,0,0.0,0,True
par3plyr3r,D:\ModelAnti-Cheat\datasets\par3plyr3r_janelas.csv,par3plyr3r,2,264,2640.794,2648.33,normal,sem_arma,sem_arma,0,0.0,0,True
par3plyr3r,D:\ModelAnti-Cheat\datasets\par3plyr3r_janelas.csv,par3plyr3r,2,269,2691.039,2699.457,normal,sem_arma,sem_arma,0,0.0,0,True
par3plyr3r,D:\ModelAnti-Cheat\datasets\par3plyr3r_janelas.csv,par3plyr3r,2,270,2700.712,2709.891,normal,sem_arma,sem_arma,0,0.0,0,True
par3plyr3r,D:\ModelAnti-Cheat\datasets\par3plyr3r_janelas.csv,par3plyr3r,2,271,2711.535,2719.613,normal,sem_arma,sem_arma,0,0.0,0,True
par3plyr3r,D:\ModelAnti-Cheat\datasets\par3plyr3r_janelas.csv,par3plyr3r,2,272,2720.7,2729.798,normal,sem_arma,sem_arma,0,0.0,0,True
par3plyr3r,D:\ModelAnti-Cheat\datasets\par3plyr3r_janelas.csv,par3plyr3r,2,273,2730.799,2739.063,normal,sem_arma,sem_arma,0,0.0,0,True
par3plyr3r,D:\ModelAnti-Cheat\datasets\par3plyr3r_janelas.csv,par3plyr3r,2,274,2740.062,2749.179,normal,sem_arma,sem_arma,0,0.0,0,True
par3plyr3r,D:\ModelAnti-Cheat\datasets\par3plyr3r_janelas.csv,par3plyr3r,2,275,2750.176,2759.113,normal,sem_arma,sem_arma,0,0.0,0,True
par3plyr3r,D:\ModelAnti-Cheat\datasets\par3plyr3r_janelas.csv,par3plyr3r,2,276,2760.12,2769.134,normal,sem_arma,sem_arma,0,0.0,0,True
par3plyr3r,D:\ModelAnti-Cheat\datasets\par3plyr3r_janelas.csv,par3plyr3r,2,278,2780.474,2789.651,normal,sem_arma,sem_arma,0,0.0,0,True
par3plyr3r,D:\ModelAnti-Cheat\datasets\par3plyr3r_janelas.csv,par3plyr3r,2,279,2790.656,2799.668,normal,sem_arma,sem_arma,0,0.0,0,True
par3plyr3r,D:\ModelAnti-Cheat\datasets\par3plyr3r_janelas.csv,par3plyr3r,2,280,2800.666,2809.118,normal,sem_arma,sem_arma,0,0.0,0,True
par3plyr3r,D:\ModelAnti-Cheat\datasets\par3plyr3r_janelas.csv,par3plyr3r,2,281,2810.002,2819.224,normal,sem_arma,sem_arma,0,0.0,0,True
par3plyr3r,D:\ModelAnti-Cheat\datasets\par3plyr3r_janelas.csv,par3plyr3r,2,282,2820.226,2829.238,normal,sem_arma,sem_arma,0,0.0,0,True
par3plyr3r,D:\ModelAnti-Cheat\datasets\par3plyr3r_janelas.csv,par3plyr3r,2,283,2830.236,2839.248,normal,sem_arma,sem_arma,0,0.0,0,True
par3plyr3r,D:\ModelAnti-Cheat\datasets\par3plyr3r_janelas.csv,par3plyr3r,2,284,2840.248,2849.923,normal,sem_arma,sem_arma,0,0.0,0,True
par3plyr3r,D:\ModelAnti-Cheat\datasets\par3plyr3r_janelas.csv,par3plyr3r,2,285,2850.887,2859.991,normal,sem_arma,sem_arma,0,0.0,0,True
par3plyr3r,D:\ModelAnti-Cheat\datasets\par3plyr3r_janelas.csv,par3plyr3r,2,286,2860.991,2869.044,normal,sem_arma,sem_arma,0,0.0,0,True
par3plyr3r,D:\ModelAnti-Cheat\datasets\par3plyr3r_janelas.csv,par3plyr3r,2,287,2870.045,2879.054,normal,sem_arma,sem_arma,0,0.0,0,True
par3plyr3r,D:\ModelAnti-Cheat\datasets\par3plyr3r_janelas.csv,par3plyr3r,2,288,2880.086,2889.136,normal,sem_arma,sem_arma,0,0.0,0,True
par3plyr3r,D:\ModelAnti-Cheat\datasets\par3plyr3r_janelas.csv,par3plyr3r,2,289,2890.143,2899.185,normal,sem_arma,sem_arma,0,0.0,0,True
par3plyr3r,D:\ModelAnti-Cheat\datasets\par3plyr3r_janelas.csv,par3plyr3r,2,290,2900.188,2909.194,normal,sem_arma,sem_arma;AKM,0,0.0,0,True
par3plyr3r,D:\ModelAnti-Cheat\datasets\par3plyr3r_janelas.csv,par3plyr3r,2,291,2910.197,2919.208,normal,AKM,AKM,0,0.0,0,True
par3plyr3r,D:\ModelAnti-Cheat\datasets\par3plyr3r_janelas.csv,par3plyr3r,2,292,2920.207,2920.207,normal,AKM,AKM,0,0.0,0,True
par3plyr3r,D:\ModelAnti-Cheat\datasets\par3plyr3r_janelas.csv,par3plyr3r,3,0,0.0,9.75,normal,sem_arma,sem_arma,0,0.0,0,True
par3plyr3r,D:\ModelAnti-Cheat\datasets\par3plyr3r_janelas.csv,par3plyr3r,3,1,10.761,19.699,normal,sem_arma,sem_arma,0,0.0,0,True
par3plyr3r,D:\ModelAnti-Cheat\datasets\par3plyr3r_janelas.csv,par3plyr3r,3,2,20.698,29.706,normal,sem_arma,sem_arma,0,0.0,0,True
par3plyr3r,D:\ModelAnti-Cheat\datasets\par3plyr3r_janelas.csv,par3plyr3r,3,3,30.706,39.732,normal,sem_arma,sem_arma,0,0.0,0,True
par3plyr3r,D:\ModelAnti-Cheat\datasets\par3plyr3r_janelas.csv,par3plyr3r,3,4,40.725,49.735,normal,sem_arma,sem_arma,0,0.0,0,True
par3plyr3r,D:\ModelAnti-Cheat\datasets\par3plyr3r_janelas.csv,par3plyr3r,3,5,50.737,59.75,normal,sem_arma,sem_arma,0,0.0,0,True
par3plyr3r,D:\ModelAnti-Cheat\datasets\par3plyr3r_janelas.csv,par3plyr3r,3,6,60.75,69.765,normal,sem_arma,sem_arma,0,0.0,0,True
par3plyr3r,D:\ModelAnti-Cheat\datasets\par3plyr3r_janelas.csv,par3plyr3r,3,7,70.762,79.775,normal,sem_arma,sem_arma,0,0.0,0,True
par3plyr3r,D:\ModelAnti-Cheat\datasets\par3plyr3r_janelas.csv,par3plyr3r,3,8,80.787,89.79,normal,sem_arma,sem_arma,0,0.0,0,True
par3plyr3r,D:\ModelAnti-Cheat\datasets\par3plyr3r_janelas.csv,par3plyr3r,3,9,90.798,99.797,normal,sem_arma,sem_arma,0,0.0,0,True
par3plyr3r,D:\ModelAnti-Cheat\datasets\par3plyr3r_janelas.csv,par3plyr3r,3,10,100.811,109.819,normal,sem_arma,sem_arma,0,0.0,0,True
par3plyr3r,D:\ModelAnti-Cheat\datasets\par3plyr3r_janelas.csv,par3plyr3r,3,11,110.825,119.829,normal,sem_arma,sem_arma,0,0.0,0,True
par3plyr3r,D:\ModelAnti-Cheat\datasets\par3plyr3r_janelas.csv,par3plyr3r,3,12,120.827,129.844,normal,sem_arma,sem_arma,0,0.0,0,True
par3plyr3r,D:\ModelAnti-Cheat\datasets\par3plyr3r_janelas.csv,par3plyr3r,3,13,130.833,139.855,normal,sem_arma,sem_arma,0,0.0,0,True
par3plyr3r,D:\ModelAnti-Cheat\datasets\par3plyr3r_janelas.csv,par3plyr3r,3,14,140.857,149.857,normal,Deagle,Deagle,0,0.0,0,True
par3plyr3r,D:\ModelAnti-Cheat\datasets\par3plyr3r_janelas.csv,par3plyr3r,3,15,150.864,159.868,normal,Deagle,Deagle,0,0.0,0,True
par3plyr3r,D:\ModelAnti-Cheat\datasets\par3plyr3r_janelas.csv,par3plyr3r,3,16,160.885,168.879,normal,Deagle,Deagle,0,0.0,0,True
par3plyr3r,D:\ModelAnti-Cheat\datasets\par3plyr3r_janelas.csv,par3plyr3r,3,17,170.036,170.869,normal,Deagle,Deagle,0,0.0,0,True
par3plyr3r,D:\ModelAnti-Cheat\datasets\par3plyr3r_janelas.csv,par3plyr3r,3,49,496.441,499.451,normal,Deagle,Deagle,0,0.0,0,True
par3plyr3r,D:\ModelAnti-Cheat\datasets\par3plyr3r_janelas.csv,par3plyr3r,3,50,500.445,509.465,normal,Deagle,Deagle,0,0.0,0,True
par3plyr3r,D:\ModelAnti-Cheat\datasets\par3plyr3r_janelas.csv,par3plyr3r,3,51,510.475,519.5,normal,Deagle,Deagle,0,0.0,0,True
par3plyr3r,D:\ModelAnti-Cheat\datasets\par3plyr3r_janelas.csv,par3plyr3r,3,53,530.518,539.506,normal,Deagle,Deagle,0,0.0,0,True
par3plyr3r,D:\ModelAnti-Cheat\datasets\par3plyr3r_janelas.csv,par3plyr3r,3,54,540.502,549.691,normal,Deagle,Deagle,0,0.0,0,True
par3plyr3r,D:\ModelAnti-Cheat\datasets\par3plyr3r_janelas.csv,par3plyr3r,3,55,550.69,559.713,normal,Deagle,Deagle,0,0.0,0,True
par3plyr3r,D:\ModelAnti-Cheat\datasets\par3plyr3r_janelas.csv,par3plyr3r,3,56,560.701,569.167,normal,Deagle,Deagle,0,0.0,0,True
par3plyr3r,D:\ModelAnti-Cheat\datasets\par3plyr3r_janelas.csv,par3plyr3r,3,57,570.163,579.174,normal,Deagle,Deagle,0,0.0,0,True
par3plyr3r,D:\ModelAnti-Cheat\datasets\par3plyr3r_janelas.csv,par3plyr3r,3,58,580.178,589.229,normal,Deagle,Deagle,0,0.0,0,True
par3plyr3r,D:\ModelAnti-Cheat\datasets\par3plyr3r_janelas.csv,par3plyr3r,3,59,590.22,599.445,normal,Deagle,Deagle,0,0.0,0,True
par3plyr3r,D:\ModelAnti-Cheat\datasets\par3plyr3r_janelas.csv,par3plyr3r,3,60,600.456,609.476,normal,B95,sem_arma;B95,0,0.0,0,True
par3plyr3r,D:\ModelAnti-Cheat\datasets\par3plyr3r_janelas.csv,par3plyr3r,3,61,610.476,619.468,normal,B95,B95,0,0.0,0,True
par3plyr3r,D:\ModelAnti-Cheat\datasets\par3plyr3r_janelas.csv,par3plyr3r,3,62,620.473,629.753,normal,B95,B95,0,0.0,0,True
par3plyr3r,D:\ModelAnti-Cheat\datasets\par3plyr3r_janelas.csv,par3plyr3r,3,63,630.73,639.786,normal,B95,B95,0,0.0,0,True
par3plyr3r,D:\ModelAnti-Cheat\datasets\par3plyr3r_janelas.csv,par3plyr3r,3,64,640.767,649.762,normal,B95,B95,0,0.0,0,True
par3plyr3r,D:\ModelAnti-Cheat\datasets\par3plyr3r_janelas.csv,par3plyr3r,3,65,650.781,659.73,normal,B95,B95,0,0.0,0,True
par3plyr3r,D:\ModelAnti-Cheat\datasets\par3plyr3r_janelas.csv,par3plyr3r,3,66,660.739,669.385,normal,B95,B95,0,0.0,0,True
par3plyr3r,D:\ModelAnti-Cheat\datasets\par3plyr3r_janelas.csv,par3plyr3r,3,67,670.427,679.415,normal,B95,B95,0,0.0,0,True
par3plyr3r,D:\ModelAnti-Cheat\datasets\par3plyr3r_janelas.csv,par3plyr3r,3,68,680.415,689.539,normal,B95,B95,0,0.0,0,True
par3plyr3r,D:\ModelAnti-Cheat\datasets\par3plyr3r_janelas.csv,par3plyr3r,3,69,690.545,699.568,normal,B95,B95,0,0.0,0,True
par3plyr3r,D:\ModelAnti-Cheat\datasets\par3plyr3r_janelas.csv,par3plyr3r,3,70,700.569,709.763,normal,B95,B95,0,0.0,0,True
par3plyr3r,D:\ModelAnti-Cheat\datasets\par3plyr3r_janelas.csv,par3plyr3r,3,71,710.751,719.788,normal,B95,B95,0,0.0,0,True
par3plyr3r,D:\ModelAnti-Cheat\datasets\par3plyr3r_janelas.csv,par3plyr3r,3,72,720.782,729.806,normal,B95,B95,0,0.0,0,True
par3plyr3r,D:\ModelAnti-Cheat\datasets\par3plyr3r_janelas.csv,par3plyr3r,3,73,730.802,739.078,normal,B95,B95,0,0.0,0,True
par3plyr3r,D:\ModelAnti-Cheat\datasets\par3plyr3r_janelas.csv,par3plyr3r,3,74,740.083,749.098,normal,sem_arma,B95;sem_arma,0,0.0,0,True
par3plyr3r,D:\ModelAnti-Cheat\datasets\par3plyr3r_janelas.csv,par3plyr3r,3,75,750.091,759.178,normal,sem_arma,sem_arma,0,0.0,0,True
par3plyr3r,D:\ModelAnti-Cheat\datasets\par3plyr3r_janelas.csv,par3plyr3r,3,76,760.173,769.216,normal,sem_arma,sem_arma,0,0.0,0,True
par3plyr3r,D:\ModelAnti-Cheat\datasets\par3plyr3r_janelas.csv,par3plyr3r,3,77,770.221,779.229,normal,sem_arma,sem_arma,0,0.0,0,True
par3plyr3r,D:\ModelAnti-Cheat\datasets\par3plyr3r_janelas.csv,par3plyr3r,3,78,780.236,789.441,normal,sem_arma,sem_arma,0,0.0,0,True
par3plyr3r,D:\ModelAnti-Cheat\datasets\par3plyr3r_janelas.csv,par3plyr3r,3,79,790.436,799.863,normal,sem_arma,sem_arma,0,0.0,0,True
par3plyr3r,D:\ModelAnti-Cheat\datasets\par3plyr3r_janelas.csv,par3plyr3r,3,80,800.866,809.881,normal,sem_arma,sem_arma,0,0.0,0,True
par3plyr3r,D:\ModelAnti-Cheat\datasets\par3plyr3r_janelas.csv,par3plyr3r,3,81,810.884,819.139,normal,sem_arma,sem_arma,0,0.0,0,True
par3plyr3r,D:\ModelAnti-Cheat\datasets\par3plyr3r_janelas.csv,par3plyr3r,3,82,820.15,829.213,normal,sem_arma,sem_arma,0,0.0,0,True
par3plyr3r,D:\ModelAnti-Cheat\datasets\par3plyr3r_janelas.csv,par3plyr3r,3,83,830.214,839.239,normal,sem_arma,sem_arma,0,0.0,0,True
par3plyr3r,D:\ModelAnti-Cheat\datasets\par3plyr3r_janelas.csv,par3plyr3r,3,84,840.241,849.245,normal,sem_arma,sem_arma,0,0.0,0,True
par3plyr3r,D:\ModelAnti-Cheat\datasets\par3plyr3r_janelas.csv,par3plyr3r,3,85,850.25,859.307,normal,sem_arma,sem_arma,0,0.0,0,True
par3plyr3r,D:\ModelAnti-Cheat\datasets\par3plyr3r_janelas.csv,par3plyr3r,3,86,860.309,869.433,normal,sem_arma,sem_arma,0,0.0,0,True
par3plyr3r,D:\ModelAnti-Cheat\datasets\par3plyr3r_janelas.csv,par3plyr3r,3,87,870.5,879.697,normal,sem_arma,sem_arma,0,0.0,0,True
par3plyr3r,D:\ModelAnti-Cheat\datasets\par3plyr3r_janelas.csv,par3plyr3r,3,88,880.693,889.704,normal,sem_arma,sem_arma,0,0.0,0,True
par3plyr3r,D:\ModelAnti-Cheat\datasets\par3plyr3r_janelas.csv,par3plyr3r,3,89,890.706,899.801,normal,M16A2,sem_arma;M16A2,0,0.0,0,True
par3plyr3r,D:\ModelAnti-Cheat\datasets\par3plyr3r_janelas.csv,par3plyr3r,3,90,900.882,909.843,normal,M16A2,M16A2;sem_arma;M14,0,0.0,0,True
par3plyr3r,D:\ModelAnti-Cheat\datasets\par3plyr3r_janelas.csv,par3plyr3r,3,91,910.848,919.854,normal,M14,M14,0,0.0,0,True
par3plyr3r,D:\ModelAnti-Cheat\datasets\par3plyr3r_janelas.csv,par3plyr3r,3,92,920.855,929.978,normal,M14,M14,0,0.0,0,True
par3plyr3r,D:\ModelAnti-Cheat\datasets\par3plyr3r_janelas.csv,par3plyr3r,3,93,931.03,939.329,normal,M14,M14,0,0.0,0,True
par3plyr3r,D:\ModelAnti-Cheat\datasets\par3plyr3r_janelas.csv,par3plyr3r,3,94,940.326,949.943,normal,M14,M14;sem_arma,0,0.0,0,True
par3plyr3r,D:\ModelAnti-Cheat\datasets\par3plyr3r_janelas.csv,par3plyr3r,3,95,950.947,958.954,normal,M14,M14,0,0.0,0,True
par3plyr3r,D:\ModelAnti-Cheat\datasets\par3plyr3r_janelas.csv,par3plyr3r,3,96,961.466,969.485,normal,M14,M14,0,0.0,0,True
par3plyr3r,D:\ModelAnti-Cheat\datasets\par3plyr3r_janelas.csv,par3plyr3r,3,97,970.489,978.577,normal,M14,M14,0,0.0,0,True
par3plyr3r,D:\ModelAnti-Cheat\datasets\par3plyr3r_janelas.csv,par3plyr3r,3,98,980.215,989.808,normal,M14,M14,0,0.0,0,True
par3plyr3r,D:\ModelAnti-Cheat\datasets\par3plyr3r_janelas.csv,par3plyr3r,3,99,990.812,999.788,normal,M14,M14,0,0.0,0,True
par3plyr3r,D:\ModelAnti-Cheat\datasets\par3plyr3r_janelas.csv,par3plyr3r,3,100,1000.915,1009.644,normal,M14,M14,0,0.0,0,True
par3plyr3r,D:\ModelAnti-Cheat\datasets\par3plyr3r_janelas.csv,par3plyr3r,3,101,1010.639,1019.23,normal,M14,M14,0,0.0,0,True
par3plyr3r,D:\ModelAnti-Cheat\datasets\par3plyr3r_janelas.csv,par3plyr3r,3,102,1020.232,1029.246,normal,M14,M14,0,0.0,0,True
par3plyr3r,D:\ModelAnti-Cheat\datasets\par3plyr3r_janelas.csv,par3plyr3r,3,103,1030.248,1039.259,normal,M14,M14,0,0.0,0,True
par3plyr3r,D:\ModelAnti-Cheat\datasets\par3plyr3r_janelas.csv,par3plyr3r,3,104,1040.265,1049.275,normal,M14,M14,0,0.0,0,True
par3plyr3r,D:\ModelAnti-Cheat\datasets\par3plyr3r_janelas.csv,par3plyr3r,3,105,1050.273,1059.283,normal,M14,M14,0,0.0,0,True
par3plyr3r,D:\ModelAnti-Cheat\datasets\par3plyr3r_janelas.csv,par3plyr3r,3,106,1060.286,1069.298,normal,M14,M14,0,0.0,0,True
par3plyr3r,D:\ModelAnti-Cheat\datasets\par3plyr3r_janelas.csv,par3plyr3r,3,107,1070.302,1079.31,normal,M14,M14,0,0.0,0,True
par3plyr3r,D:\ModelAnti-Cheat\datasets\par3plyr3r_janelas.csv,par3plyr3r,3,108,1080.309,1089.319,normal,M14,M14,0,0.0,0,True
par3plyr3r,D:\ModelAnti-Cheat\datasets\par3plyr3r_janelas.csv,par3plyr3r,3,109,1090.321,1099.33,normal,M14,M14,0,0.0,0,True
par3plyr3r,D:\ModelAnti-Cheat\datasets\par3plyr3r_janelas.csv,par3plyr3r,3,110,1100.327,1109.346,normal,M14,M14,0,0.0,0,True
par3plyr3r,D:\ModelAnti-Cheat\datasets\par3plyr3r_janelas.csv,par3plyr3r,3,111,1110.35,1119.359,normal,M14,M14,0,0.0,0,True
par3plyr3r,D:\ModelAnti-Cheat\datasets\par3plyr3r_janelas.csv,par3plyr3r,3,112,1120.357,1129.371,normal,M14,M14,0,0.0,0,True
par3plyr3r,D:\ModelAnti-Cheat\datasets\par3plyr3r_janelas.csv,par3plyr3r,3,113,1130.372,1139.379,normal,M14,M14,0,0.0,0,True
par3plyr3r,D:\ModelAnti-Cheat\datasets\par3plyr3r_janelas.csv,par3plyr3r,3,114,1140.382,1149.506,normal,M14,M14,0,0.0,0,True
par3plyr3r,D:\ModelAnti-Cheat\datasets\par3plyr3r_janelas.csv,par3plyr3r,3,115,1150.506,1159.531,normal,M14,M14,0,0.0,0,True
par3plyr3r,D:\ModelAnti-Cheat\datasets\par3plyr3r_janelas.csv,par3plyr3r,3,116,1160.533,1169.711,normal,M14,M14,0,0.0,0,True
par3plyr3r,D:\ModelAnti-Cheat\datasets\par3plyr3r_janelas.csv,par3plyr3r,3,117,1170.707,1179.1,normal,M14,M14,0,0.0,0,True
par3plyr3r,D:\ModelAnti-Cheat\datasets\par3plyr3r_janelas.csv,par3plyr3r,3,118,1180.403,1189.489,normal,M14,M14,0,0.0,0,True
par3plyr3r,D:\ModelAnti-Cheat\datasets\par3plyr3r_janelas.csv,par3plyr3r,3,119,1190.498,1199.62,normal,M14,M14,0,0.0,0,True
par3plyr3r,D:\ModelAnti-Cheat\datasets\par3plyr3r_janelas.csv,par3plyr3r,3,120,1200.624,1209.632,normal,M14,M14,0,0.0,0,True
par3plyr3r,D:\ModelAnti-Cheat\datasets\par3plyr3r_janelas.csv,par3plyr3r,3,121,1210.633,1219.642,normal,M14,M14,0,0.0,0,True
par3plyr3r,D:\ModelAnti-Cheat\datasets\par3plyr3r_janelas.csv,par3plyr3r,3,122,1220.643,1229.852,normal,M14,M14,0,0.0,0,True
par3plyr3r,D:\ModelAnti-Cheat\datasets\par3plyr3r_janelas.csv,par3plyr3r,3,123,1230.852,1239.876,normal,M14,M14,0,0.0,0,True
par3plyr3r,D:\ModelAnti-Cheat\datasets\par3plyr3r_janelas.csv,par3plyr3r,3,124,1240.878,1249.889,normal,M14,M14,0,0.0,0,True
par3plyr3r,D:\ModelAnti-Cheat\datasets\par3plyr3r_janelas.csv,par3plyr3r,3,125,1250.891,1259.901,normal,M14,M14,0,0.0,0,True
par3plyr3r,D:\ModelAnti-Cheat\datasets\par3plyr3r_janelas.csv,par3plyr3r,3,126,1260.904,1269.915,normal,M16A2,M14;M16A2,0,0.0,0,True
par3plyr3r,D:\ModelAnti-Cheat\datasets\par3plyr3r_janelas.csv,par3plyr3r,3,127,1270.912,1279.928,normal,M16A2,M16A2,0,0.0,0,True
par3plyr3r,D:\ModelAnti-Cheat\datasets\par3plyr3r_janelas.csv,par3plyr3r,3,128,1280.924,1287.935,normal,M16A2,M16A2,0,0.0,0,True
par3plyr3r,D:\ModelAnti-Cheat\datasets\par3plyr3r_janelas.csv,par3plyr3r,3,130,1300.531,1309.776,normal,M16A2,M16A2,0,0.0,0,True
par3plyr3r,D:\ModelAnti-Cheat\datasets\par3plyr3r_janelas.csv,par3plyr3r,3,131,1310.78,1319.228,normal,M16A2,M16A2,0,0.0,0,True
par3plyr3r,D:\ModelAnti-Cheat\datasets\par3plyr3r_janelas.csv,par3plyr3r,3,132,1320.227,1329.242,normal,M16A2,M16A2,0,0.0,0,True
par3plyr3r,D:\ModelAnti-Cheat\datasets\par3plyr3r_janelas.csv,par3plyr3r,3,133,1330.243,1339.5,normal,M16A2,M16A2,0,0.0,0,True
par3plyr3r,D:\ModelAnti-Cheat\datasets\par3plyr3r_janelas.csv,par3plyr3r,3,134,1340.5,1349.507,normal,M16A2,M16A2,0,0.0,0,True
par3plyr3r,D:\ModelAnti-Cheat\datasets\par3plyr3r_janelas.csv,par3plyr3r,3,135,1350.511,1359.521,normal,M16A2,M16A2,0,0.0,0,True
par3plyr3r,D:\ModelAnti-Cheat\datasets\par3plyr3r_janelas.csv,par3plyr3r,3,136,1360.518,1369.11,normal,M16A2,M16A2;M14,0,0.0,0,True
par3plyr3r,D:\ModelAnti-Cheat\datasets\par3plyr3r_janelas.csv,par3plyr3r,3,137,1370.127,1379.138,normal,M14,M14,0,0.0,0,True
par3plyr3r,D:\ModelAnti-Cheat\datasets\par3plyr3r_janelas.csv,par3plyr3r,3,138,1380.454,1389.532,normal,M14,M14,0,0.0,0,True
par3plyr3r,D:\ModelAnti-Cheat\datasets\par3plyr3r_janelas.csv,par3plyr3r,3,139,1390.371,1399.381,normal,M14,M14,0,0.0,0,True
par3plyr3r,D:\ModelAnti-Cheat\datasets\par3plyr3r_janelas.csv,par3plyr3r,3,140,1400.382,1409.506,normal,M14,M14,0,0.0,0,True
par3plyr3r,D:\ModelAnti-Cheat\datasets\par3plyr3r_janelas.csv,par3plyr3r,3,141,1410.493,1419.663,normal,M14,M14,0,0.0,0,True
par3plyr3r,D:\ModelAnti-Cheat\datasets\par3plyr3r_janelas.csv,par3plyr3r,3,142,1420.555,1429.06,normal,M14,M14,0,0.0,0,True
par3plyr3r,D:\ModelAnti-Cheat\datasets\par3plyr3r_janelas.csv,par3plyr3r,3,143,1430.061,1439.312,normal,M16A2,M14;M16A2,0,0.0,0,True
par3plyr3r,D:\ModelAnti-Cheat\datasets\par3plyr3r_janelas.csv,par3plyr3r,3,144,1440.32,1449.324,normal,M16A2,M16A2,0,0.0,0,True
par3plyr3r,D:\ModelAnti-Cheat\datasets\par3plyr3r_janelas.csv,par3plyr3r,3,145,1450.326,1459.772,normal,Scout_Livonia,M16A2;Scout_Livonia,0,0.0,0,True
par3plyr3r,D:\ModelAnti-Cheat\datasets\par3plyr3r_janelas.csv,par3plyr3r,3,146,1460.775,1469.785,normal,Scout_Livonia,Scout_Livonia,0,0.0,0,True
par3plyr3r,D:\ModelAnti-Cheat\datasets\par3plyr3r_janelas.csv,par3plyr3r,3,147,1470.783,1479.796,normal,sem_arma,Scout_Livonia;sem_arma,0,0.0,0,True
par3plyr3r,D:\ModelAnti-Cheat\datasets\par3plyr3r_janelas.csv,par3plyr3r,3,148,1480.8,1489.83,normal,sem_arma,sem_arma,0,0.0,0,True
par3plyr3r,D:\ModelAnti-Cheat\datasets\par3plyr3r_janelas.csv,par3plyr3r,3,149,1490.83,1499.839,normal,sem_arma,sem_arma,0,0.0,0,True
par3plyr3r,D:\ModelAnti-Cheat\datasets\par3plyr3r_janelas.csv,par3plyr3r,3,150,1500.847,1509.884,normal,sem_arma,sem_arma,0,0.0,0,True
par3plyr3r,D:\ModelAnti-Cheat\datasets\par3plyr3r_janelas.csv,par3plyr3r,3,151,1510.858,1518.98,normal,sem_arma,sem_arma,0,0.0,0,True
par3plyr3r,D:\ModelAnti-Cheat\datasets\par3plyr3r_janelas.csv,par3plyr3r,3,155,1550.277,1559.141,normal,M14,M14,0,0.0,0,True
par3plyr3r,D:\ModelAnti-Cheat\datasets\par3plyr3r_janelas.csv,par3plyr3r,3,156,1560.138,1568.892,esp,CZ61,CZ61,1,0.9924906132665832,1,True
par3plyr3r,D:\ModelAnti-Cheat\datasets\par3plyr3r_janelas.csv,par3plyr3r,3,157,1570.035,1579.51,normal,M14,M14,0,0.0,0,True
par3plyr3r,D:\ModelAnti-Cheat\datasets\par3plyr3r_janelas.csv,par3plyr3r,3,158,1580.588,1589.503,normal,M14,M14,0,0.0,0,True
par3plyr3r,D:\ModelAnti-Cheat\datasets\par3plyr3r_janelas.csv,par3plyr3r,3,159,1590.5,1599.514,esp,CZ61,M14;CZ61,1,0.9924906132665832,1,True
par3plyr3r,D:\ModelAnti-Cheat\datasets\par3plyr3r_janelas.csv,par3plyr3r,3,160,1600.514,1609.595,esp,M14,CZ61;M14,1,0.9924906132665832,1,True
par3plyr3r,D:\ModelAnti-Cheat\datasets\par3plyr3r_janelas.csv,par3plyr3r,3,161,1610.601,1618.608,normal,M14,M14,0,0.0,0,True
par3plyr3r,D:\ModelAnti-Cheat\datasets\par3plyr3r_janelas.csv,par3plyr3r,3,162,1620.09,1629.143,normal,M14,M14,0,0.0,0,True
par3plyr3r,D:\ModelAnti-Cheat\datasets\par3plyr3r_janelas.csv,par3plyr3r,3,163,1630.358,1639.532,normal,M14,M14,0,0.0,0,True
par3plyr3r,D:\ModelAnti-Cheat\datasets\par3plyr3r_janelas.csv,par3plyr3r,3,164,1640.532,1648.356,normal,M14,M14,0,0.0,0,True
par3plyr3r,D:\ModelAnti-Cheat\datasets\par3plyr3r_janelas.csv,par3plyr3r,3,165,1656.311,1659.325,normal,M14,M14,0,0.0,0,True
par3plyr3r,D:\ModelAnti-Cheat\datasets\par3plyr3r_janelas.csv,par3plyr3r,3,166,1660.33,1669.432,normal,M14,M14,0,0.0,0,True
par3plyr3r,D:\ModelAnti-Cheat\datasets\par3plyr3r_janelas.csv,par3plyr3r,3,167,1670.434,1679.494,normal,M14,M14,0,0.0,0,True
par3plyr3r,D:\ModelAnti-Cheat\datasets\par3plyr3r_janelas.csv,par3plyr3r,3,168,1680.494,1689.587,normal,M14,M14,0,0.0,0,True
par3plyr3r,D:\ModelAnti-Cheat\datasets\par3plyr3r_janelas.csv,par3plyr3r,3,169,1690.585,1699.594,normal,M14,M14,0,0.0,0,True
par3plyr3r,D:\ModelAnti-Cheat\datasets\par3plyr3r_janelas.csv,par3plyr3r,3,170,1700.597,1709.72,normal,M14,M14,0,0.0,0,True
par3plyr3r,D:\ModelAnti-Cheat\datasets\par3plyr3r_janelas.csv,par3plyr3r,3,171,1710.721,1719.153,normal,M14,M14,0,0.0,0,True
par3plyr3r,D:\ModelAnti-Cheat\datasets\par3plyr3r_janelas.csv,par3plyr3r,3,172,1720.157,1729.193,normal,M14,M14,0,0.0,0,True
par3plyr3r,D:\ModelAnti-Cheat\datasets\par3plyr3r_janelas.csv,par3plyr3r,3,173,1730.192,1739.202,normal,M14,M14,0,0.0,0,True
par3plyr3r,D:\ModelAnti-Cheat\datasets\par3plyr3r_janelas.csv,par3plyr3r,3,174,1740.201,1749.596,normal,M14,M14,0,0.0,0,True
par3plyr3r,D:\ModelAnti-Cheat\datasets\par3plyr3r_janelas.csv,par3plyr3r,3,175,1750.559,1759.643,normal,M14,M14,0,0.0,0,True
par3plyr3r,D:\ModelAnti-Cheat\datasets\par3plyr3r_janelas.csv,par3plyr3r,3,176,1760.637,1769.771,normal,M14,M14,0,0.0,0,True
par3plyr3r,D:\ModelAnti-Cheat\datasets\par3plyr3r_janelas.csv,par3plyr3r,3,177,1770.767,1779.921,normal,M14,M14,0,0.0,0,True
par3plyr3r,D:\ModelAnti-Cheat\datasets\par3plyr3r_janelas.csv,par3plyr3r,3,178,1780.95,1789.237,normal,M14,M14,0,0.0,0,True
par3plyr3r,D:\ModelAnti-Cheat\datasets\par3plyr3r_janelas.csv,par3plyr3r,3,179,1790.239,1799.247,normal,M14,M14,0,0.0,0,True
par3plyr3r,D:\ModelAnti-Cheat\datasets\par3plyr3r_janelas.csv,par3plyr3r,3,180,1800.284,1809.36,normal,M14,M14,0,0.0,0,True
par3plyr3r,D:\ModelAnti-Cheat\datasets\par3plyr3r_janelas.csv,par3plyr3r,3,181,1810.361,1819.445,normal,M14,M14,0,0.0,0,True
par3plyr3r,D:\ModelAnti-Cheat\datasets\par3plyr3r_janelas.csv,par3plyr3r,3,182,1820.449,1829.458,normal,M14,M14,0,0.0,0,True
par3plyr3r,D:\ModelAnti-Cheat\datasets\par3plyr3r_janelas.csv,par3plyr3r,3,183,1830.547,1839.56,normal,M14,M14,0,0.0,0,True
par3plyr3r,D:\ModelAnti-Cheat\datasets\par3plyr3r_janelas.csv,par3plyr3r,3,186,1860.94,1869.95,esp,CZ61,M16A2;CZ61,1,0.9924906132665832,1,True
par3plyr3r,D:\ModelAnti-Cheat\datasets\par3plyr3r_janelas.csv,par3plyr3r,3,188,1880.969,1889.778,normal,M16A2,M16A2,0,0.0,0,True
par3plyr3r,D:\ModelAnti-Cheat\datasets\par3plyr3r_janelas.csv,par3plyr3r,3,189,1891.066,1899.181,normal,M16A2,M16A2,0,0.0,0,True
par3plyr3r,D:\ModelAnti-Cheat\datasets\par3plyr3r_janelas.csv,par3plyr3r,3,190,1900.229,1909.482,normal,M14,M14,0,0.0,0,True
par3plyr3r,D:\ModelAnti-Cheat\datasets\par3plyr3r_janelas.csv,par3plyr3r,3,191,1910.481,1919.534,normal,M14,M14,0,0.0,0,True
par3plyr3r,D:\ModelAnti-Cheat\datasets\par3plyr3r_janelas.csv,par3plyr3r,3,192,1920.767,1929.518,normal,M14,M14,0,0.0,0,True
par3plyr3r,D:\ModelAnti-Cheat\datasets\par3plyr3r_janelas.csv,par3plyr3r,3,193,1930.516,1939.926,normal,M14,M14,0,0.0,0,True
par3plyr3r,D:\ModelAnti-Cheat\datasets\par3plyr3r_janelas.csv,par3plyr3r,3,194,1940.928,1949.981,normal,M14,M14,0,0.0,0,True
par3plyr3r,D:\ModelAnti-Cheat\datasets\par3plyr3r_janelas.csv,par3plyr3r,3,195,1950.977,1959.989,normal,M14,M14,0,0.0,0,True
par3plyr3r,D:\ModelAnti-Cheat\datasets\par3plyr3r_janelas.csv,par3plyr3r,3,196,1961.094,1968.606,normal,M14,M14,0,0.0,0,True
par3plyr3r,D:\ModelAnti-Cheat\datasets\par3plyr3r_janelas.csv,par3plyr3r,3,197,1971.478,1979.815,normal,M14,M14,0,0.0,0,True
par3plyr3r,D:\ModelAnti-Cheat\datasets\par3plyr3r_janelas.csv,par3plyr3r,3,198,1980.819,1989.284,normal,M14,M14,0,0.0,0,True
par3plyr3r,D:\ModelAnti-Cheat\datasets\par3plyr3r_janelas.csv,par3plyr3r,3,199,1990.285,1999.946,normal,M14,M14,0,0.0,0,True
par3plyr3r,D:\ModelAnti-Cheat\datasets\par3plyr3r_janelas.csv,par3plyr3r,3,200,2000.947,2009.078,normal,M14,M14,0,0.0,0,True
par3plyr3r,D:\ModelAnti-Cheat\datasets\par3plyr3r_janelas.csv,par3plyr3r,3,201,2010.073,2019.75,normal,M14,M14,0,0.0,0,True
par3plyr3r,D:\ModelAnti-Cheat\datasets\par3plyr3r_janelas.csv,par3plyr3r,3,202,2020.939,2029.241,normal,M16A2,M14;M16A2,0,0.0,0,True
par3plyr3r,D:\ModelAnti-Cheat\datasets\par3plyr3r_janelas.csv,par3plyr3r,3,203,2030.239,2039.257,normal,M16A2,M16A2,0,0.0,0,True
par3plyr3r,D:\ModelAnti-Cheat\datasets\par3plyr3r_janelas.csv,par3plyr3r,3,204,2040.256,2049.354,normal,M16A2,M16A2,0,0.0,0,True
par3plyr3r,D:\ModelAnti-Cheat\datasets\par3plyr3r_janelas.csv,par3plyr3r,3,205,2050.346,2059.986,normal,M16A2,M16A2,0,0.0,0,True
par3plyr3r,D:\ModelAnti-Cheat\datasets\par3plyr3r_janelas.csv,par3plyr3r,3,206,2060.987,2069.997,normal,M16A2,M16A2,0,0.0,0,True
par3plyr3r,D:\ModelAnti-Cheat\datasets\par3plyr3r_janelas.csv,par3plyr3r,3,207,2070.997,2079.007,normal,M16A2,M16A2,0,0.0,0,True
par3plyr3r,D:\ModelAnti-Cheat\datasets\par3plyr3r_janelas.csv,par3plyr3r,3,208,2080.01,2089.094,normal,M16A2,M16A2,0,0.0,0,True
par3plyr3r,D:\ModelAnti-Cheat\datasets\par3plyr3r_janelas.csv,par3plyr3r,3,209,2090.094,2099.4,normal,M16A2,M16A2,0,0.0,0,True
par3plyr3r,D:\ModelAnti-Cheat\datasets\par3plyr3r_janelas.csv,par3plyr3r,3,210,2100.4,2108.628,normal,M16A2,M16A2,0,0.0,0,True
par3plyr3r,D:\ModelAnti-Cheat\datasets\par3plyr3r_janelas.csv,par3plyr3r,3,211,2110.023,2118.699,normal,sem_arma,M16A2;sem_arma;M14,0,0.0,0,True
par3plyr3r,D:\ModelAnti-Cheat\datasets\par3plyr3r_janelas.csv,par3plyr3r,3,212,2120.203,2129.215,normal,M14,M14,0,0.0,0,True
par3plyr3r,D:\ModelAnti-Cheat\datasets\par3plyr3r_janelas.csv,par3plyr3r,3,213,2130.213,2139.666,normal,M16A2,M14;M16A2,0,0.0,0,True
par3plyr3r,D:\ModelAnti-Cheat\datasets\par3plyr3r_janelas.csv,par3plyr3r,3,214,2140.665,2144.588,normal,M16A2,M16A2,0,0.0,0,True
par3plyr3r,D:\ModelAnti-Cheat\datasets\par3plyr3r_janelas.csv,par3plyr3r,3,215,2154.442,2159.665,normal,M16A2,M16A2,0,0.0,0,True
par3plyr3r,D:\ModelAnti-Cheat\datasets\par3plyr3r_janelas.csv,par3plyr3r,3,216,2161.31,2169.247,normal,M16A2,M16A2,0,0.0,0,True
par3plyr3r,D:\ModelAnti-Cheat\datasets\par3plyr3r_janelas.csv,par3plyr3r,3,217,2170.246,2179.358,normal,M16A2,M16A2,0,0.0,0,True
par3plyr3r,D:\ModelAnti-Cheat\datasets\par3plyr3r_janelas.csv,par3plyr3r,3,218,2180.744,2188.774,normal,M16A2,M16A2,0,0.9924906132665832,1,False
par3plyr3r,D:\ModelAnti-Cheat\datasets\par3plyr3r_janelas.csv,par3plyr3r,3,219,2190.173,2199.603,normal,M16A2,M16A2,0,0.0,0,True
par3plyr3r,D:\ModelAnti-Cheat\datasets\par3plyr3r_janelas.csv,par3plyr3r,3,220,2200.607,2209.708,normal,M16A2,M16A2,0,0.9924906132665832,1,False
par3plyr3r,D:\ModelAnti-Cheat\datasets\par3plyr3r_janelas.csv,par3plyr3r,3,221,2210.709,2219.72,normal,M16A2,M16A2,0,0.0,0,True
par3plyr3r,D:\ModelAnti-Cheat\datasets\par3plyr3r_janelas.csv,par3plyr3r,3,222,2220.719,2229.731,normal,M16A2,M16A2;M14,0,0.0,0,True
par3plyr3r,D:\ModelAnti-Cheat\datasets\par3plyr3r_janelas.csv,par3plyr3r,3,223,2230.73,2239.741,normal,M14,M14,0,0.9924906132665832,1,False
par3plyr3r,D:\ModelAnti-Cheat\datasets\par3plyr3r_janelas.csv,par3plyr3r,3,224,2240.741,2249.033,normal,M14,M14,0,0.9924906132665832,1,False
par3plyr3r,D:\ModelAnti-Cheat\datasets\par3plyr3r_janelas.csv,par3plyr3r,3,225,2250.182,2259.233,normal,M14,M14;sem_arma,0,0.0,0,True
par3plyr3r,D:\ModelAnti-Cheat\datasets\par3plyr3r_janelas.csv,par3plyr3r,3,226,2260.234,2269.712,normal,M14,sem_arma;M14,0,0.0,0,True
par3plyr3r,D:\ModelAnti-Cheat\datasets\par3plyr3r_janelas.csv,par3plyr3r,3,227,2270.92,2279.874,normal,M14,M14,0,0.0,0,True
par3plyr3r,D:\ModelAnti-Cheat\datasets\par3plyr3r_janelas.csv,par3plyr3r,3,228,2280.874,2289.298,normal,M14,M14,0,0.9924906132665832,1,False
par3plyr3r,D:\ModelAnti-Cheat\datasets\par3plyr3r_janelas.csv,par3plyr3r,3,229,2290.297,2299.887,normal,M14,M14,0,0.9924906132665832,1,False
par3plyr3r,D:\ModelAnti-Cheat\datasets\par3plyr3r_janelas.csv,par3plyr3r,3,230,2301.449,2309.46,normal,M14,M14,0,0.0,0,True
par3plyr3r,D:\ModelAnti-Cheat\datasets\par3plyr3r_janelas.csv,par3plyr3r,3,231,2310.461,2318.751,normal,M14,M14,0,0.0,0,True
par3plyr3r,D:\ModelAnti-Cheat\datasets\par3plyr3r_janelas.csv,par3plyr3r,3,232,2320.639,2329.914,normal,M14,M14,0,0.0,0,True
par3plyr3r,D:\ModelAnti-Cheat\datasets\par3plyr3r_janelas.csv,par3plyr3r,3,233,2330.918,2339.863,normal,M14,M14,0,0.0,0,True
par3plyr3r,D:\ModelAnti-Cheat\datasets\par3plyr3r_janelas.csv,par3plyr3r,3,234,2340.866,2349.067,normal,M14,M14,0,0.0,0,True
par3plyr3r,D:\ModelAnti-Cheat\datasets\par3plyr3r_janelas.csv,par3plyr3r,3,235,2350.068,2359.082,normal,M14,M14,0,0.0,0,True
par3plyr3r,D:\ModelAnti-Cheat\datasets\par3plyr3r_janelas.csv,par3plyr3r,3,236,2360.082,2369.137,normal,M14,M14,0,0.0,0,True
par3plyr3r,D:\ModelAnti-Cheat\datasets\par3plyr3r_janelas.csv,par3plyr3r,3,237,2370.901,2379.345,normal,M14,M14,0,0.0,0,True
par3plyr3r,D:\ModelAnti-Cheat\datasets\par3plyr3r_janelas.csv,par3plyr3r,3,238,2381.36,2389.388,normal,M14,M14,0,0.0,0,True
par3plyr3r,D:\ModelAnti-Cheat\datasets\par3plyr3r_janelas.csv,par3plyr3r,3,239,2390.388,2399.435,normal,M14,M14,0,0.0,0,True
par3plyr3r,D:\ModelAnti-Cheat\datasets\par3plyr3r_janelas.csv,par3plyr3r,3,240,2400.436,2409.163,normal,M14,M14,0,0.0,0,True
par3plyr3r,D:\ModelAnti-Cheat\datasets\par3plyr3r_janelas.csv,par3plyr3r,3,241,2410.164,2419.174,normal,M14,M14,0,0.0,0,True
par3plyr3r,D:\ModelAnti-Cheat\datasets\par3plyr3r_janelas.csv,par3plyr3r,3,242,2420.177,2429.717,normal,M16A2,M14;M16A2,0,0.0,0,True
par3plyr3r,D:\ModelAnti-Cheat\datasets\par3plyr3r_janelas.csv,par3plyr3r,3,243,2430.718,2439.98,normal,M16A2,M16A2;M14,0,0.0,0,True
par3plyr3r,D:\ModelAnti-Cheat\datasets\par3plyr3r_janelas.csv,par3plyr3r,3,244,2440.983,2449.245,normal,M14,M14,0,0.0,0,True
par3plyr3r,D:\ModelAnti-Cheat\datasets\par3plyr3r_janelas.csv,par3plyr3r,3,245,2450.243,2459.255,normal,M14,M14,0,0.0,0,True
par3plyr3r,D:\ModelAnti-Cheat\datasets\par3plyr3r_janelas.csv,par3plyr3r,3,246,2460.257,2469.396,normal,M14,M14;sem_arma,0,0.0,0,True
par3plyr3r,D:\ModelAnti-Cheat\datasets\par3plyr3r_janelas.csv,par3plyr3r,3,247,2470.399,2478.843,normal,sem_arma,sem_arma,0,0.0,0,True
par3plyr3r,D:\ModelAnti-Cheat\datasets\par3plyr3r_janelas.csv,par3plyr3r,3,248,2480.096,2489.277,normal,sem_arma,sem_arma,0,0.0,0,True
par3plyr3r,D:\ModelAnti-Cheat\datasets\par3plyr3r_janelas.csv,par3plyr3r,3,249,2490.92,2498.999,normal,sem_arma,sem_arma,0,0.0,0,True
par3plyr3r,D:\ModelAnti-Cheat\datasets\par3plyr3r_janelas.csv,par3plyr3r,3,250,2500.081,2509.183,normal,sem_arma,sem_arma,0,0.0,0,True
par3plyr3r,D:\ModelAnti-Cheat\datasets\par3plyr3r_janelas.csv,par3plyr3r,3,251,2510.184,2519.449,normal,sem_arma,sem_arma,0,0.0,0,True
par3plyr3r,D:\ModelAnti-Cheat\datasets\par3plyr3r_janelas.csv,par3plyr3r,3,252,2520.495,2529.562,normal,sem_arma,sem_arma,0,0.0,0,True
par3plyr3r,D:\ModelAnti-Cheat\datasets\par3plyr3r_janelas.csv,par3plyr3r,3,253,2531.255,2539.503,normal,sem_arma,sem_arma,0,0.0,0,True
par3plyr3r,D:\ModelAnti-Cheat\datasets\par3plyr3r_janelas.csv,par3plyr3r,3,254,2540.505,2549.82,normal,sem_arma,sem_arma,0,0.0,0,True
par3plyr3r,D:\ModelAnti-Cheat\datasets\par3plyr3r_janelas.csv,par3plyr3r,3,255,2551.303,2559.859,normal,sem_arma,sem_arma,0,0.0,0,True
par3plyr3r,D:\ModelAnti-Cheat\datasets\par3plyr3r_janelas.csv,par3plyr3r,3,256,2560.86,2569.036,normal,sem_arma,sem_arma,0,0.0,0,True
par3plyr3r,D:\ModelAnti-Cheat\datasets\par3plyr3r_janelas.csv,par3plyr3r,3,257,2570.04,2579.052,normal,sem_arma,sem_arma,0,0.0,0,True
par3plyr3r,D:\ModelAnti-Cheat\datasets\par3plyr3r_janelas.csv,par3plyr3r,3,258,2580.051,2589.386,normal,sem_arma,sem_arma,0,0.0,0,True
par3plyr3r,D:\ModelAnti-Cheat\datasets\par3plyr3r_janelas.csv,par3plyr3r,3,259,2590.386,2599.61,normal,sem_arma,sem_arma,0,0.0,0,True
par3plyr3r,D:\ModelAnti-Cheat\datasets\par3plyr3r_janelas.csv,par3plyr3r,3,260,2600.607,2609.619,normal,sem_arma,sem_arma;M16A2,0,0.0,0,True
par3plyr3r,D:\ModelAnti-Cheat\datasets\par3plyr3r_janelas.csv,par3plyr3r,3,261,2610.622,2619.634,normal,M16A2,M16A2,0,0.0,0,True
par3plyr3r,D:\ModelAnti-Cheat\datasets\par3plyr3r_janelas.csv,par3plyr3r,3,262,2620.771,2629.307,normal,M16A2,M16A2,0,0.0,0,True
par3plyr3r,D:\ModelAnti-Cheat\datasets\par3plyr3r_janelas.csv,par3plyr3r,3,263,2630.271,2639.375,normal,M16A2,M16A2,0,0.0,0,True
par3plyr3r,D:\ModelAnti-Cheat\datasets\par3plyr3r_janelas.csv,par3plyr3r,3,264,2640.376,2649.43,normal,M16A2,M16A2,0,0.0,0,True
par3plyr3r,D:\ModelAnti-Cheat\datasets\par3plyr3r_janelas.csv,par3plyr3r,3,265,2650.429,2659.47,normal,M16A2,M16A2,0,0.0,0,True
par3plyr3r,D:\ModelAnti-Cheat\datasets\par3plyr3r_janelas.csv,par3plyr3r,3,266,2660.472,2669.528,normal,AKM,M16A2;AKM,0,0.0,0,True
par3plyr3r,D:\ModelAnti-Cheat\datasets\par3plyr3r_janelas.csv,par3plyr3r,3,267,2670.546,2679.57,normal,sem_arma,AKM;sem_arma,0,0.0,0,True
par3plyr3r,D:\ModelAnti-Cheat\datasets\par3plyr3r_janelas.csv,par3plyr3r,3,268,2680.571,2689.579,normal,sem_arma,sem_arma,0,0.0,0,True
par3plyr3r,D:\ModelAnti-Cheat\datasets\par3plyr3r_janelas.csv,par3plyr3r,3,269,2690.58,2699.591,normal,sem_arma,sem_arma,0,0.0,0,True
partida_2players1hacker,D:\ModelAnti-Cheat\partidas_rotuladas\par1plyr2.csv,partida_2players1hacker,1,0,0.0,9.784,normal,SCARH_Black,SCARH_Black,0,0.0,0,True
partida_2players1hacker,D:\ModelAnti-Cheat\partidas_rotuladas\par1plyr2.csv,partida_2players1hacker,1,1,10.78,19.964,normal,SCARH_Black,SCARH_Black,0,0.0,0,True
partida_2players1hacker,D:\ModelAnti-Cheat\partidas_rotuladas\par1plyr2.csv,partida_2players1hacker,1,2,22.481,29.476,normal,SCARH_Black,SCARH_Black,0,0.0,0,True
partida_2players1hacker,D:\ModelAnti-Cheat\partidas_rotuladas\par1plyr2.csv,partida_2players1hacker,1,3,30.47,39.483,normal,SCARH_Black,SCARH_Black,0,0.0,0,True
partida_2players1hacker,D:\ModelAnti-Cheat\partidas_rotuladas\par1plyr2.csv,partida_2players1hacker,1,4,40.493,49.495,normal,SCARH_Black,SCARH_Black,0,0.0,0,True
partida_2players1hacker,D:\ModelAnti-Cheat\partidas_rotuladas\par1plyr2.csv,partida_2players1hacker,1,5,50.502,59.535,normal,SCARH_Black,SCARH_Black,0,0.0,0,True
partida_2players1hacker,D:\ModelAnti-Cheat\partidas_rotuladas\par1plyr2.csv,partida_2players1hacker,1,6,60.535,69.547,normal,SCARH_Black,SCARH_Black,0,0.0,0,True
partida_2players1hacker,D:\ModelAnti-Cheat\partidas_rotuladas\par1plyr2.csv,partida_2players1hacker,1,7,70.548,79.561,normal,SCARH_Black,SCARH_Black,0,0.0,0,True
partida_2players1hacker,D:\ModelAnti-Cheat\partidas_rotuladas\par1plyr2.csv,partida_2players1hacker,1,8,80.558,89.56,normal,SCARH_Black,SCARH_Black,0,0.0,0,True
partida_2players1hacker,D:\ModelAnti-Cheat\partidas_rotuladas\par1plyr2.csv,partida_2players1hacker,1,9,90.564,99.575,normal,SCARH_Black,SCARH_Black,0,0.0,0,True
partida_2players1hacker,D:\ModelAnti-Cheat\partidas_rotuladas\par1plyr2.csv,partida_2players1hacker,1,10,100.572,109.593,normal,SCARH_Black,SCARH_Black,0,0.0,0,True
partida_2players1hacker,D:\ModelAnti-Cheat\partidas_rotuladas\par1plyr2.csv,partida_2players1hacker,1,11,110.592,119.602,normal,SCARH_Black,SCARH_Black,0,0.0,0,True
partida_2players1hacker,D:\ModelAnti-Cheat\partidas_rotuladas\par1plyr2.csv,partida_2players1hacker,1,12,120.603,129.61,normal,SCARH_Black,SCARH_Black,0,0.0,0,True
partida_2players1hacker,D:\ModelAnti-Cheat\partidas_rotuladas\par1plyr2.csv,partida_2players1hacker,1,13,130.609,139.622,normal,SCARH_Black,SCARH_Black,0,0.0,0,True
partida_2players1hacker,D:\ModelAnti-Cheat\partidas_rotuladas\par1plyr2.csv,partida_2players1hacker,1,14,140.622,149.634,normal,SCARH_Black,SCARH_Black,0,0.0,0,True
partida_2players1hacker,D:\ModelAnti-Cheat\partidas_rotuladas\par1plyr2.csv,partida_2players1hacker,1,15,150.622,159.64,normal,SCARH_Black,SCARH_Black,0,0.0,0,True
partida_2players1hacker,D:\ModelAnti-Cheat\partidas_rotuladas\par1plyr2.csv,partida_2players1hacker,1,16,160.642,169.652,normal,SCARH_Black,SCARH_Black,0,0.0,0,True
partida_2players1hacker,D:\ModelAnti-Cheat\partidas_rotuladas\par1plyr2.csv,partida_2players1hacker,1,17,170.652,179.665,normal,SCARH_Black,SCARH_Black,0,0.0,0,True
partida_2players1hacker,D:\ModelAnti-Cheat\partidas_rotuladas\par1plyr2.csv,partida_2players1hacker,1,18,180.662,189.675,normal,SCARH_Black,SCARH_Black,0,0.0,0,True
partida_2players1hacker,D:\ModelAnti-Cheat\partidas_rotuladas\par1plyr2.csv,partida_2players1hacker,1,19,190.677,199.695,normal,SCARH_Black,SCARH_Black,0,0.0,0,True
partida_2players1hacker,D:\ModelAnti-Cheat\partidas_rotuladas\par1plyr2.csv,partida_2players1hacker,1,20,200.691,209.702,normal,SCARH_Black,SCARH_Black,0,0.0,0,True
partida_2players1hacker,D:\ModelAnti-Cheat\partidas_rotuladas\par1plyr2.csv,partida_2players1hacker,1,21,210.707,219.714,normal,SCARH_Black,SCARH_Black,0,0.0,0,True
partida_2players1hacker,D:\ModelAnti-Cheat\partidas_rotuladas\par1plyr2.csv,partida_2players1hacker,1,22,220.708,229.73,normal,SCARH_Black,SCARH_Black,0,0.0,0,True
partida_2players1hacker,D:\ModelAnti-Cheat\partidas_rotuladas\par1plyr2.csv,partida_2players1hacker,1,23,230.723,239.733,normal,SCARH_Black,SCARH_Black,0,0.0,0,True
partida_2players1hacker,D:\ModelAnti-Cheat\partidas_rotuladas\par1plyr2.csv,partida_2players1hacker,1,24,240.733,249.75,normal,SCARH_Black,SCARH_Black,0,0.0,0,True
partida_2players1hacker,D:\ModelAnti-Cheat\partidas_rotuladas\par1plyr2.csv,partida_2players1hacker,1,25,250.745,259.761,normal,SCARH_Black,SCARH_Black,0,0.0,0,True
partida_2players1hacker,D:\ModelAnti-Cheat\partidas_rotuladas\par1plyr2.csv,partida_2players1hacker,1,26,260.762,269.767,normal,SCARH_Black,SCARH_Black,0,0.0,0,True
partida_2players1hacker,D:\ModelAnti-Cheat\partidas_rotuladas\par1plyr2.csv,partida_2players1hacker,1,27,270.773,279.768,normal,SCARH_Black,SCARH_Black,0,0.0,0,True
partida_2players1hacker,D:\ModelAnti-Cheat\partidas_rotuladas\par1plyr2.csv,partida_2players1hacker,1,28,280.768,289.78,normal,SCARH_Black,SCARH_Black,0,0.0,0,True
partida_2players1hacker,D:\ModelAnti-Cheat\partidas_rotuladas\par1plyr2.csv,partida_2players1hacker,1,29,290.788,299.797,normal,sem_arma,SCARH_Black;sem_arma,0,0.0,0,True
partida_2players1hacker,D:\ModelAnti-Cheat\partidas_rotuladas\par1plyr2.csv,partida_2players1hacker,1,30,300.793,309.81,normal,SCARH_Black,sem_arma;SCARH_Black,0,0.0,0,True
partida_2players1hacker,D:\ModelAnti-Cheat\partidas_rotuladas\par1plyr2.csv,partida_2players1hacker,1,31,310.811,319.819,normal,SCARH_Black,SCARH_Black,0,0.0,0,True
partida_2players1hacker,D:\ModelAnti-Cheat\partidas_rotuladas\par1plyr2.csv,partida_2players1hacker,1,32,320.827,329.826,normal,SCARH_Black,SCARH_Black,0,0.0,0,True
partida_2players1hacker,D:\ModelAnti-Cheat\partidas_rotuladas\par1plyr2.csv,partida_2players1hacker,1,33,330.829,339.839,normal,SCARH_Black,SCARH_Black,0,0.0,0,True
partida_2players1hacker,D:\ModelAnti-Cheat\partidas_rotuladas\par1plyr2.csv,partida_2players1hacker,1,34,340.839,349.852,normal,SCARH_Black,SCARH_Black,0,0.0,0,True
partida_2players1hacker,D:\ModelAnti-Cheat\partidas_rotuladas\par1plyr2.csv,partida_2players1hacker,1,35,350.848,359.864,normal,SCARH_Black,SCARH_Black,0,0.0,0,True
partida_2players1hacker,D:\ModelAnti-Cheat\partidas_rotuladas\par1plyr2.csv,partida_2players1hacker,1,36,360.862,369.883,normal,SCARH_Black,SCARH_Black,0,0.0,0,True
partida_2players1hacker,D:\ModelAnti-Cheat\partidas_rotuladas\par1plyr2.csv,partida_2players1hacker,1,37,370.875,379.893,normal,SCARH_Black,SCARH_Black,0,0.0,0,True
partida_2players1hacker,D:\ModelAnti-Cheat\partidas_rotuladas\par1plyr2.csv,partida_2players1hacker,1,38,380.894,389.896,normal,SCARH_Black,SCARH_Black,0,0.0,0,True
partida_2players1hacker,D:\ModelAnti-Cheat\partidas_rotuladas\par1plyr2.csv,partida_2players1hacker,1,39,390.898,399.917,normal,SCARH_Black,SCARH_Black,0,0.0,0,True
partida_2players1hacker,D:\ModelAnti-Cheat\partidas_rotuladas\par1plyr2.csv,partida_2players1hacker,1,40,400.913,409.928,normal,SCARH_Black,SCARH_Black,0,0.0,0,True
partida_2players1hacker,D:\ModelAnti-Cheat\partidas_rotuladas\par1plyr2.csv,partida_2players1hacker,1,41,410.934,419.948,normal,SCARH_Black,SCARH_Black,0,0.0,0,True
partida_2players1hacker,D:\ModelAnti-Cheat\partidas_rotuladas\par1plyr2.csv,partida_2players1hacker,1,42,420.956,429.963,normal,SCARH_Black,SCARH_Black,0,0.0,0,True
partida_2players1hacker,D:\ModelAnti-Cheat\partidas_rotuladas\par1plyr2.csv,partida_2players1hacker,1,43,430.955,439.967,normal,SCARH_Black,SCARH_Black,0,0.0,0,True
partida_2players1hacker,D:\ModelAnti-Cheat\partidas_rotuladas\par1plyr2.csv,partida_2players1hacker,1,44,440.968,448.983,normal,SCARH_Black,SCARH_Black,0,0.0,0,True
partida_2players1hacker,D:\ModelAnti-Cheat\partidas_rotuladas\par1plyr2.csv,partida_2players1hacker,1,45,450.056,459.984,normal,SCARH_Black,SCARH_Black,0,0.0,0,True
partida_2players1hacker,D:\ModelAnti-Cheat\partidas_rotuladas\par1plyr2.csv,partida_2players1hacker,1,46,460.988,469.999,normal,SCARH_Black,SCARH_Black;SVD_Wooden,0,0.0,0,True
partida_2players1hacker,D:\ModelAnti-Cheat\partidas_rotuladas\par1plyr2.csv,partida_2players1hacker,1,48,480.011,489.016,esp,SVD_Wooden,SVD_Wooden,1,0.9921484653818702,1,True
partida_2players1hacker,D:\ModelAnti-Cheat\partidas_rotuladas\par1plyr2.csv,partida_2players1hacker,1,49,490.014,499.038,esp,SVD_Wooden,SVD_Wooden,1,0.9921484653818702,1,True
partida_2players1hacker,D:\ModelAnti-Cheat\partidas_rotuladas\par1plyr2.csv,partida_2players1hacker,1,50,500.028,509.044,esp,SVD_Wooden,SVD_Wooden,1,0.9921484653818702,1,True
partida_2players1hacker,D:\ModelAnti-Cheat\partidas_rotuladas\par1plyr2.csv,partida_2players1hacker,1,51,510.047,519.057,esp,SVD_Wooden,SVD_Wooden,1,0.9921484653818702,1,True
partida_2players1hacker,D:\ModelAnti-Cheat\partidas_rotuladas\par1plyr2.csv,partida_2players1hacker,1,52,520.058,529.06,esp,SVD_Wooden,SVD_Wooden,1,0.9921484653818702,1,True
partida_2players1hacker,D:\ModelAnti-Cheat\partidas_rotuladas\par1plyr2.csv,partida_2players1hacker,1,53,530.065,539.081,esp,SVD_Wooden,SVD_Wooden,1,0.9921484653818702,1,True
partida_2players1hacker,D:\ModelAnti-Cheat\partidas_rotuladas\par1plyr2.csv,partida_2players1hacker,1,54,540.081,549.088,esp,SVD_Wooden,SVD_Wooden,1,0.9921484653818702,1,True
partida_2players1hacker,D:\ModelAnti-Cheat\partidas_rotuladas\par1plyr2.csv,partida_2players1hacker,1,55,550.087,559.098,esp,SVD_Wooden,SVD_Wooden;Engraved1911,1,0.9921484653818702,1,True
partida_2players1hacker,D:\ModelAnti-Cheat\partidas_rotuladas\par1plyr2.csv,partida_2players1hacker,1,58,580.121,589.134,normal,SCARH_Black,SCARH_Black,0,0.0,0,True
partida_2players1hacker,D:\ModelAnti-Cheat\partidas_rotuladas\par1plyr2.csv,partida_2players1hacker,1,59,590.131,599.147,normal,SCARH_Black,SCARH_Black,0,0.0,0,True
partida_2players1hacker,D:\ModelAnti-Cheat\partidas_rotuladas\par1plyr2.csv,partida_2players1hacker,1,60,600.155,609.16,normal,SCARH_Black,SCARH_Black,0,0.0,0,True
partida_2players1hacker,D:\ModelAnti-Cheat\partidas_rotuladas\par1plyr2.csv,partida_2players1hacker,1,61,610.166,619.163,normal,SCARH_Black,SCARH_Black,0,0.0,0,True
partida_2players1hacker,D:\ModelAnti-Cheat\partidas_rotuladas\par1plyr2.csv,partida_2players1hacker,1,62,620.173,625.176,normal,SCARH_Black,SCARH_Black,0,0.0,0,True
partida_2players1hacker,D:\ModelAnti-Cheat\partidas_rotuladas\par1plyr2.csv,partida_2players1hacker,2,0,0.0,9.835,normal,sem_arma,sem_arma,0,0.0,0,True
partida_2players1hacker,D:\ModelAnti-Cheat\partidas_rotuladas\par1plyr2.csv,partida_2players1hacker,2,1,10.82,19.827,normal,sem_arma,sem_arma,0,0.0,0,True
partida_2players1hacker,D:\ModelAnti-Cheat\partidas_rotuladas\par1plyr2.csv,partida_2players1hacker,2,2,20.829,29.845,normal,sem_arma,sem_arma,0,0.0,0,True
partida_2players1hacker,D:\ModelAnti-Cheat\partidas_rotuladas\par1plyr2.csv,partida_2players1hacker,2,3,30.836,39.871,normal,sem_arma,sem_arma,0,0.0,0,True
partida_2players1hacker,D:\ModelAnti-Cheat\partidas_rotuladas\par1plyr2.csv,partida_2players1hacker,2,4,40.876,49.899,normal,sem_arma,sem_arma,0,0.0,0,True
partida_2players1hacker,D:\ModelAnti-Cheat\partidas_rotuladas\par1plyr2.csv,partida_2players1hacker,2,5,50.894,59.891,normal,sem_arma,sem_arma,0,0.0,0,True
partida_2players1hacker,D:\ModelAnti-Cheat\partidas_rotuladas\par1plyr2.csv,partida_2players1hacker,2,6,60.897,69.911,normal,sem_arma,sem_arma,0,0.0,0,True
partida_2players1hacker,D:\ModelAnti-Cheat\partidas_rotuladas\par1plyr2.csv,partida_2players1hacker,2,7,70.913,79.93,normal,sem_arma,sem_arma,0,0.0,0,True
partida_2players1hacker,D:\ModelAnti-Cheat\partidas_rotuladas\par1plyr2.csv,partida_2players1hacker,2,8,80.92,89.935,normal,sem_arma,sem_arma,0,0.0,0,True
partida_2players1hacker,D:\ModelAnti-Cheat\partidas_rotuladas\par1plyr2.csv,partida_2players1hacker,2,9,90.932,99.94,normal,sem_arma,sem_arma,0,0.0,0,True
partida_2players1hacker,D:\ModelAnti-Cheat\partidas_rotuladas\par1plyr2.csv,partida_2players1hacker,2,10,100.95,109.953,normal,sem_arma,sem_arma,0,0.0,0,True
partida_2players1hacker,D:\ModelAnti-Cheat\partidas_rotuladas\par1plyr2.csv,partida_2players1hacker,2,11,110.947,119.961,normal,sem_arma,sem_arma,0,0.0,0,True
partida_2players1hacker,D:\ModelAnti-Cheat\partidas_rotuladas\par1plyr2.csv,partida_2players1hacker,2,12,120.98,129.976,normal,sem_arma,sem_arma,0,0.0,0,True
partida_2players1hacker,D:\ModelAnti-Cheat\partidas_rotuladas\par1plyr2.csv,partida_2players1hacker,2,13,130.978,139.979,normal,AugShort,AugShort,0,0.0,0,True
partida_2players1hacker,D:\ModelAnti-Cheat\partidas_rotuladas\par1plyr2.csv,partida_2players1hacker,2,14,140.98,149.99,normal,AugShort,AugShort,0,0.0,0,True
partida_2players1hacker,D:\ModelAnti-Cheat\partidas_rotuladas\par1plyr2.csv,partida_2players1hacker,2,15,150.988,159.013,normal,AugShort,AugShort,0,0.0,0,True
partida_2players1hacker,D:\ModelAnti-Cheat\partidas_rotuladas\par1plyr2.csv,partida_2players1hacker,2,16,160.005,169.029,normal,AugShort,AugShort,0,0.0,0,True
partida_2players1hacker,D:\ModelAnti-Cheat\partidas_rotuladas\par1plyr2.csv,partida_2players1hacker,2,17,170.007,179.032,normal,AugShort,AugShort,0,0.0,0,True
partida_2players1hacker,D:\ModelAnti-Cheat\partidas_rotuladas\par1plyr2.csv,partida_2players1hacker,2,18,180.042,189.057,normal,AugShort,AugShort,0,0.0,0,True
partida_2players1hacker,D:\ModelAnti-Cheat\partidas_rotuladas\par1plyr2.csv,partida_2players1hacker,2,19,190.049,199.056,normal,AugShort,AugShort,0,0.0,0,True
partida_2players1hacker,D:\ModelAnti-Cheat\partidas_rotuladas\par1plyr2.csv,partida_2players1hacker,2,20,200.06,209.068,normal,AugShort,AugShort,0,0.0,0,True
partida_2players1hacker,D:\ModelAnti-Cheat\partidas_rotuladas\par1plyr2.csv,partida_2players1hacker,2,21,210.071,215.077,normal,AugShort,AugShort,0,0.0,0,True
partida_2players1hacker,D:\ModelAnti-Cheat\partidas_rotuladas\par1plyr2.csv,partida_2players1hacker,2,29,294.173,299.179,normal,AugShort,AugShort,0,0.0,0,True
partida_2players1hacker,D:\ModelAnti-Cheat\partidas_rotuladas\par1plyr2.csv,partida_2players1hacker,2,30,300.163,309.172,normal,AugShort,AugShort,0,0.0,0,True
partida_2players1hacker,D:\ModelAnti-Cheat\partidas_rotuladas\par1plyr2.csv,partida_2players1hacker,2,31,310.185,319.181,normal,AugShort,AugShort,0,0.0,0,True
partida_2players1hacker,D:\ModelAnti-Cheat\partidas_rotuladas\par1plyr2.csv,partida_2players1hacker,2,32,320.187,329.196,normal,AugShort,AugShort,0,0.0,0,True
partida_2players1hacker,D:\ModelAnti-Cheat\partidas_rotuladas\par1plyr2.csv,partida_2players1hacker,2,33,330.205,339.206,normal,AugShort,AugShort,0,0.0,0,True
partida_2players1hacker,D:\ModelAnti-Cheat\partidas_rotuladas\par1plyr2.csv,partida_2players1hacker,2,34,340.233,349.223,normal,AugShort,AugShort,0,0.0,0,True
partida_2players1hacker,D:\ModelAnti-Cheat\partidas_rotuladas\par1plyr2.csv,partida_2players1hacker,2,35,350.233,359.241,normal,AugShort,AugShort,0,0.0,0,True
partida_2players1hacker,D:\ModelAnti-Cheat\partidas_rotuladas\par1plyr2.csv,partida_2players1hacker,2,36,360.242,369.241,normal,AugShort,AugShort,0,0.0,0,True
partida_2players1hacker,D:\ModelAnti-Cheat\partidas_rotuladas\par1plyr2.csv,partida_2players1hacker,2,37,370.253,379.259,normal,AugShort,AugShort,0,0.0,0,True
partida_2players1hacker,D:\ModelAnti-Cheat\partidas_rotuladas\par1plyr2.csv,partida_2players1hacker,2,38,380.265,389.284,normal,AugShort,AugShort;sem_arma,0,0.0,0,True
partida_2players1hacker,D:\ModelAnti-Cheat\partidas_rotuladas\par1plyr2.csv,partida_2players1hacker,2,39,390.272,399.31,normal,sem_arma,sem_arma,0,0.0,0,True
partida_2players1hacker,D:\ModelAnti-Cheat\partidas_rotuladas\par1plyr2.csv,partida_2players1hacker,2,40,400.327,409.297,normal,sem_arma,sem_arma,0,0.0,0,True
partida_2players1hacker,D:\ModelAnti-Cheat\partidas_rotuladas\par1plyr2.csv,partida_2players1hacker,2,41,410.361,419.317,normal,sem_arma,sem_arma,0,0.0,0,True
partida_2players1hacker,D:\ModelAnti-Cheat\partidas_rotuladas\par1plyr2.csv,partida_2players1hacker,2,42,420.31,429.328,normal,sem_arma,sem_arma;AugShort,0,0.0,0,True
partida_2players1hacker,D:\ModelAnti-Cheat\partidas_rotuladas\par1plyr2.csv,partida_2players1hacker,2,43,430.324,439.342,normal,AugShort,AugShort,0,0.0,0,True
partida_2players1hacker,D:\ModelAnti-Cheat\partidas_rotuladas\par1plyr2.csv,partida_2players1hacker,2,44,440.327,449.344,normal,AugShort,AugShort,0,0.0,0,True
partida_2players1hacker,D:\ModelAnti-Cheat\partidas_rotuladas\par1plyr2.csv,partida_2players1hacker,2,45,450.353,459.371,normal,sem_arma,sem_arma,0,0.0,0,True
partida_2players1hacker,D:\ModelAnti-Cheat\partidas_rotuladas\par1plyr2.csv,partida_2players1hacker,2,46,460.353,469.371,normal,sem_arma,sem_arma,0,0.0,0,True
partida_2players1hacker,D:\ModelAnti-Cheat\partidas_rotuladas\par1plyr2.csv,partida_2players1hacker,2,47,470.397,479.38,normal,sem_arma,sem_arma,0,0.0,0,True
partida_2players1hacker,D:\ModelAnti-Cheat\partidas_rotuladas\par1plyr2.csv,partida_2players1hacker,2,48,480.389,489.402,normal,sem_arma,sem_arma;AugShort,0,0.0,0,True
partida_2players1hacker,D:\ModelAnti-Cheat\partidas_rotuladas\par1plyr2.csv,partida_2players1hacker,2,49,490.388,499.407,normal,AugShort,AugShort,0,0.0,0,True
partida_2players1hacker,D:\ModelAnti-Cheat\partidas_rotuladas\par1plyr2.csv,partida_2players1hacker,2,50,500.4,509.413,normal,AugShort,AugShort;sem_arma,0,0.0,0,True
partida_2players1hacker,D:\ModelAnti-Cheat\partidas_rotuladas\par1plyr2.csv,partida_2players1hacker,2,51,510.412,519.43,normal,sem_arma,sem_arma,0,0.0,0,True
partida_2players1hacker,D:\ModelAnti-Cheat\partidas_rotuladas\par1plyr2.csv,partida_2players1hacker,2,52,520.426,529.436,normal,sem_arma,sem_arma,0,0.0,0,True
partida_2players1hacker,D:\ModelAnti-Cheat\partidas_rotuladas\par1plyr2.csv,partida_2players1hacker,2,53,530.435,539.445,normal,sem_arma,sem_arma;AugShort,0,0.0,0,True
partida_2players1hacker,D:\ModelAnti-Cheat\partidas_rotuladas\par1plyr2.csv,partida_2players1hacker,2,54,540.455,549.462,normal,AugShort,AugShort,0,0.0,0,True
partida_2players1hacker,D:\ModelAnti-Cheat\partidas_rotuladas\par1plyr2.csv,partida_2players1hacker,2,55,550.459,559.468,normal,AugShort,AugShort,0,0.0,0,True
partida_2players1hacker,D:\ModelAnti-Cheat\partidas_rotuladas\par1plyr2.csv,partida_2players1hacker,2,56,560.466,569.472,normal,AugShort,AugShort,0,0.0,0,True
partida_2players1hacker,D:\ModelAnti-Cheat\partidas_rotuladas\par1plyr2.csv,partida_2players1hacker,2,57,570.482,579.49,normal,AugShort,AugShort,0,0.0,0,True
partida_2players1hacker,D:\ModelAnti-Cheat\partidas_rotuladas\par1plyr2.csv,partida_2players1hacker,2,58,580.505,589.505,normal,AugShort,AugShort,0,0.0,0,True
partida_2players1hacker,D:\ModelAnti-Cheat\partidas_rotuladas\par1plyr2.csv,partida_2players1hacker,2,59,590.497,599.531,normal,AugShort,AugShort,0,0.0,0,True
partida_2players1hacker,D:\ModelAnti-Cheat\partidas_rotuladas\par1plyr2.csv,partida_2players1hacker,2,60,600.513,609.492,normal,AugShort,AugShort,0,0.0,0,True
partida_2players1hacker,D:\ModelAnti-Cheat\partidas_rotuladas\par1plyr2.csv,partida_2players1hacker,2,61,610.49,619.499,normal,AugShort,AugShort,0,0.0,0,True
partida_2players1hacker,D:\ModelAnti-Cheat\partidas_rotuladas\par1plyr2.csv,partida_2players1hacker,2,62,620.499,626.512,normal,AugShort,AugShort,0,0.0,0,True
