jogador_sessao,tempo_run_s,janela_analise_10s,vel_posicao,acel_linear,vel_rotacao,jitter_mira,entropia_mov,eficiencia_trajeto,var_camera_durante_corrida,eficiencia_mean_20s,entropia_mean_10s,travado_min_5s,travado_em_player,distancia_alvo,tem_visao,alvo_encontrado,alvo_na_mira,mirando,mirando_ads,mirando_alvo,alvo_oculto_na_mira,mirando_alvo_oculto,alvo_oculto_300m_na_mira,mirando_alvo_oculto_300m,duracao_mirando_alvo_s,duracao_rastreando_oculto_s,duracao_mirando_oculto_s,duracao_observando_oculto_300m_s,duracao_mirando_oculto_300m_s,taxa_alvo_na_mira_10s,taxa_alvo_oculto_10s,taxa_mirando_alvo_10s,taxa_mira_oculta_10s,taxa_visao_direta_10s,angulo_medio_alvo_10s,angulo_minimo_alvo_10s,distancia_media_alvo_10s,vel_rotacao_media_10s,vel_rotacao_std_10s,jitter_medio_10s,persistencia_oculta_max_10s,persistencia_mira_oculta_max_10s,taxa_alvo_oculto_300m_10s,taxa_mira_oculta_300m_10s,persistencia_oculta_300m_max_10s,persistencia_mira_oculta_300m_max_10s,perseguindo_player,duracao_perseguicao_oculta_s,duracao_speedhack_s,tracking_oculto_suspeito,mira_armada_oculta_suspeita,wallhack_suspeito,alerta_speedhack,alerta_aimbot,alerta_lockon,esp_oculto_longa_distancia,pontos_evento,pontos_suspeita_60s,tipos_evidencia_60s,nivel_suspeita,candidato_revisao,candidato_banimento
1,0.0,0,0.0,0.0,0.0,0.0,0.0,0.0,0.0,0.0,0.0,180.0,180.0,0.0,-1,0,0,0,0,0,0,0,0,0,0.0,0.0,0.0,0.0,0.0,0.0,0.0,0.0,0.0,0.0,180.0,180.0,0.0,0.0,0.0,0.0,0.0,0.0,0.0,0.0,0.0,0.0,0,0.0,0.0,0,0,0,0,0,0,0,0,0,0,0,0,0
1,124.905,12,0.0,0.0,9.996002811937589e-08,9.996002811937589e-08,7.068241373080866e-08,0.0,7.068241373080866e-08,0.0,3.534120686540433e-08,180.0,180.0,0.0,-1,0,0,0,0,0,0,0,0,0,0.0,0.0,0.0,0.0,0.0,0.0,0.0,0.0,0.0,0.0,180.0,180.0,0.0,4.998001405968794e-08,7.068241373080866e-08,4.998001405968794e-08,0.0,0.0,0.0,0.0,0.0,0.0,0,0.0,0.0,0,0,0,0,0,0,0,0,0,0,0,0,0
1,125.899,12,0.0,0.0,0.0,9.996002811937589e-08,5.771194914292423e-08,0.0,5.771194914292423e-08,0.0,4.2798120957910965e-08,180.0,180.0,0.0,-1,0,0,0,0,0,0,0,0,0,0.0,0.0,0.0,0.0,0.0,0.0,0.0,0.0,0.0,0.0,180.0,180.0,0.0,3.3320009373125295e-08,5.771194914292423e-08,6.664001874625059e-08,0.0,0.0,0.0,0.0,0.0,0.0,0,0.0,0.0,0,0,0,0,0,0,0,0,0,0,0,0,0
1,126.906,12,0.0,0.0,0.0,0.0,4.998001405968794e-08,0.0,4.998001405968794e-08,0.0,4.4593594233355206e-08,180.0,180.0,0.0,-1,0,0,0,0,0,0,0,0,0,0.0,0.0,0.0,0.0,0.0,0.0,0.0,0.0,0.0,0.0,180.0,180.0,0.0,2.499000702984397e-08,4.998001405968794e-08,4.998001405968794e-08,0.0,0.0,0.0,0.0,0.0,0.0,0,0.0,0.0,0,0,0,0,0,0,0,0,0,0,0,0,0
1,127.899,12,0.0,0.0,1.006646808855749e-07,1.006646808855749e-07,5.494390418134848e-08,0.0,5.494390418134848e-08,0.0,4.666365622295386e-08,180.0,180.0,0.0,-1,0,0,0,0,0,0,0,0,0,0.0,0.0,0.0,0.0,0.0,0.0,0.0,0.0,0.0,0.0,180.0,180.0,0.0,4.0124941800990157e-08,5.494390418134848e-08,6.011694742486534e-08,0.0,0.0,0.0,0.0,0.0,0.0,0,0.0,0.0,0,0,0,0,0,0,0,0,0,0,0,0,0
1,128.907,12,0.0,0.0,0.11728284523927844,0.11728274457459756,0.05245046047942245,0.0,0.04788050468875957,0.0,0.00874178229961726,180.0,180.0,0.0,-1,0,0,0,0,0,0,0,0,0,0.0,0.0,0.0,0.0,0.0,0.0,0.0,0.0,0.0,0.0,180.0,180.0,0.0,0.019547174310664574,0.04788050468875957,0.01954717419322245,0.0,0.0,0.0,0.0,0.0,0.0,0,0.0,0.0,0,0,0,0,0,0,0,0,0,0,0,0,0
1,129.902,12,1.0976372107297108,1.1031529756077496,2.0734689783751206,1.956186133135842,0.9155804267409962,0.0,0.7775389694535313,0.0,0.1382901600769571,180.0,180.0,0.0,-1,0,0,0,0,0,0,0,0,0,0.0,0.0,0.0,0.0,0.0,0.0,0.0,0.0,0.0,0.0,180.0,180.0,0.0,0.31296457489130114,0.7775389694535313,0.29620988261359665,0.0,0.0,0.0,0.0,0.0,0.0,0,0.0,0.0,0,0,0,0,0,0,0,0,0,0,0,0,0
1,130.903,13,2.3109943261192134,1.2121449704190836,1.040058173216231,1.0334108051588895,0.9092748617070842,0.0,0.7643842580093577,0.0,0.234663247780723,180.0,180.0,0.0,-1,0,0,0,0,0,0,0,0,0,0.0,0.0,0.0,0.0,0.0,0.0,0.0,0.0,0.0,0.0,180.0,180.0,0.0,0.4038512746819174,0.7643842580093577,0.3883599979317583,0.0,0.0,0.0,0.0,0.0,0.0,0,0.0,0.0,0,0,0,0,0,0,0,0,0,0,0,0,0
1,131.906,13,1.2162523138417132,-1.0914676094491529,0.8766894578047532,0.1633687154114779,0.8350185267126154,0.0,0.7321814352272158,0.0,0.30136938988426665,180.0,180.0,0.0,-1,0,0,0,0,0,0,0,0,0,0.0,0.0,0.0,0.0,0.0,0.0,0.0,0.0,0.0,0.0,180.0,180.0,0.0,0.45638885058445466,0.7321814352272158,0.363360966540616,0.0,0.0,0.0,0.0,0.0,0.0,0,0.0,0.0,0,0,0,0,0,0,0,0,0,0,0,0,0
1,132.909,13,4.051347573877302,2.8266154137942063,0.8333094407872169,0.04338001701753624,0.7027482470734003,0.0,0.7005219840247702,0.0,0.34150727560317995,180.0,180.0,0.0,-1,0,0,0,0,0,0,0,0,0,0.0,0.0,0.0,0.0,0.0,0.0,0.0,0.0,0.0,0.0,180.0,180.0,0.0,0.49408090960473083,0.7005219840247702,0.331362871588308,0.0,0.0,0.0,0.0,0.0,0.0,0,0.0,0.0,0,0,0,0,0,0,0,0,0,0,0,0,0
1,133.907,13,4.132741125821721,0.08155666527496927,0.8585144252334292,0.02520498444621233,0.5300740191161957,0.0,0.6856927228206094,0.0,0.3945146775147995,180.0,180.0,0.0,-1,0,0,0,0,0,0,0,0,0,0.0,0.0,0.0,0.0,0.0,0.0,0.0,0.0,0.0,0.0,180.0,180.0,0.0,0.5799323521280738,0.6856927228206094,0.3338833700329293,0.0,0.0,0.0,0.0,0.0,0.0,0,0.0,0.0,0,0,0,0,0,0,0,0,0,0,0,0,0
1,134.912,13,0.19159631233969615,-3.9215371278428117,0.000903647261601152,0.857610777971828,0.41112519524126456,0.0,0.6856078676358132,0.0,0.4356271899706846,180.0,180.0,0.0,-1,0,0,0,0,0,0,0,0,0,0.0,0.0,0.0,0.0,0.0,0.0,0.0,0.0,0.0,0.0,180.0,180.0,0.0,0.5800227068582312,0.6856078676358132,0.4196444378341092,0.0,0.0,0.0,0.0,0.0,0.0,0,0.0,0.0,0,0,0,0,0,0,0,0,0,0,0,0,0
1,135.909,13,3.861987284104597,3.6814352775976937,1.4222786495170194,1.4213750022554184,0.508966265042549,0.0,0.6993015889095537,0.0,0.4865238107037446,180.0,180.0,0.0,-1,0,0,0,0,0,0,0,0,0,0.0,0.0,0.0,0.0,0.0,0.0,0.0,0.0,0.0,0.0,180.0,180.0,0.0,0.7222505718099331,0.6993015889095537,0.5617819280636484,0.0,0.0,0.0,0.0,0.0,0.0,0,0.0,0.0,0,0,0,0,0,0,0,0,0,0,0,0,0
1,136.917,13,5.627436149799585,1.7514373667609007,0.41902198702153126,1.0032566624954882,0.5319862424799229,0.0,0.6628179030854295,0.0,0.5397224299537355,180.0,180.0,0.0,-1,0,0,0,0,0,0,0,0,0,0.0,0.0,0.0,0.0,0.0,0.0,0.0,0.0,0.0,0.0,180.0,180.0,0.0,0.7641527705120862,0.6628179030854295,0.6621075943131972,0.0,0.0,0.0,0.0,0.0,0.0,0,0.0,0.0,0,0,0,0,0,0,0,0,0,0,0,0,0
1,137.915,13,6.316358647449035,0.6903031038571646,0.22870662456706273,0.19031536245446853,0.5638049264781876,0.0,0.6369624756800395,0.0,0.5961029171071639,180.0,180.0,0.0,-1,0,0,0,0,0,0,0,0,0,0.0,0.0,0.0,0.0,0.0,0.0,0.0,0.0,0.0,0.0,180.0,180.0,0.0,0.7870234229023244,0.6369624756800395,0.681139120492176,0.0,0.0,0.0,0.0,0.0,0.0,0,0.0,0.0,0,0,0,0,0,0,0,0,0,0,0,0,0
1,138.912,13,6.9599066620364205,0.6454844679913596,0.39539650624261036,0.16668988167554763,0.5455656385018315,0.0,0.6099704217291834,0.0,0.6454144349094048,180.0,180.0,0.0,-1,0,0,0,0,0,0,0,0,0,0.0,0.0,0.0,0.0,0.0,0.0,0.0,0.0,0.0,0.0,180.0,180.0,0.0,0.8148347890026576,0.6099704217291834,0.6860798342022709,0.0,0.0,0.0,0.0,0.0,0.0,0,0.0,0.0,0,0,0,0,0,0,0,0,0,0,0,0,0
1,139.918,13,6.679564380722092,-0.2786702597557936,0.2990054122784764,0.09639109396413398,0.4919638487328361,0.0,0.4366059839456367,0.0,0.6030527771085887,180.0,180.0,0.0,-1,0,0,0,0,0,0,0,0,0,0.0,0.0,0.0,0.0,0.0,0.0,0.0,0.0,0.0,0.0,180.0,180.0,0.0,0.6373884323929933,0.4366059839456367,0.5001003302851001,0.0,0.0,0.0,0.0,0.0,0.0,0,0.0,0.0,0,0,0,0,0,0,0,0,0,0,0,0,0
1,140.911,14,6.796556601658895,0.11781693951339661,0.17790571620675835,0.12109969607171803,0.10389560299274143,0.0,0.4333684379807296,0.0,0.5225148512371545,180.0,180.0,0.0,-1,0,0,0,0,0,0,0,0,0,0.0,0.0,0.0,0.0,0.0,0.0,0.0,0.0,0.0,0.0,180.0,180.0,0.0,0.551173186692046,0.4333684379807296,0.4088692193763829,0.0,0.0,0.0,0.0,0.0,0.0,0,0.0,0.0,0,0,0,0,0,0,0,0,0,0,0,0,0
1,141.921,14,6.5595871356331115,-0.23462323368889457,0.4581164528057425,0.2802107365989841,0.1155343742667123,0.0,0.41839006311917326,0.0,0.4505664359925641,180.0,180.0,0.0,-1,0,0,0,0,0,0,0,0,0,0.0,0.0,0.0,0.0,0.0,0.0,0.0,0.0,0.0,0.0,180.0,180.0,0.0,0.5093158861921447,0.41839006311917326,0.4205534214951336,0.0,0.0,0.0,0.0,0.0,0.0,0,0.0,0.0,0,0,0,0,0,0,0,0,0,0,0,0,0
1,142.916,14,2.8655654532810533,-3.712584605378953,0.06852722824135439,0.3895892245643881,0.1585455661157024,0.0,0.4224644414422547,0.0,0.39614616789679435,180.0,180.0,0.0,-1,0,0,0,0,0,0,0,0,0,0.0,0.0,0.0,0.0,0.0,0.0,0.0,0.0,0.0,0.0,180.0,180.0,0.0,0.4328376649375586,0.4224644414422547,0.4551743422498187,0.0,0.0,0.0,0.0,0.0,0.0,0,0.0,0.0,0,0,0,0,0,0,0,0,0,0,0,0,0
1,143.946,14,5.210771392232974,2.276898969856234,0.5617334330109853,0.49320620476963095,0.20071144653834386,0.7879996751581471,0.39901146705672547,0.039399983757907354,0.36320991063900915,180.0,180.0,0.0,-1,0,0,0,0,0,0,0,0,0,0.0,0.0,0.0,0.0,0.0,0.0,0.0,0.0,0.0,0.0,180.0,180.0,0.0,0.4031595657153142,0.39901146705672547,0.5019744642821606,0.0,0.0,0.0,0.0,0.0,0.0,0,0.0,0.0,0,0,0,0,0,0,0,0,0,0,0,0,0
1,144.919,14,6.6509073491138695,1.4800986196103754,1.1389883404696628,0.5772549074586775,0.41892425262081573,0.7849461880261208,0.4324352029198312,0.0786472931592134,0.36398981637696426,180.0,180.0,0.0,-1,0,0,0,0,0,0,0,0,0,0.0,0.0,0.0,0.0,0.0,0.0,0.0,0.0,0.0,0.0,180.0,180.0,0.0,0.5169680350361203,0.4324352029198312,0.47393887723084555,0.0,0.0,0.0,0.0,0.0,0.0,0,0.0,0.0,0,0,0,0,0,0,0,0,0,0,0,0,0
1,145.942,14,6.3271725117137345,-0.316456341544609,1.0005270429367712,0.1384612975328916,0.43145159735483635,0.7768264811573314,0.34632297164217757,0.11748861721707997,0.356238349608193,180.0,180.0,0.0,-1,0,0,0,0,0,0,0,0,0,0.0,0.0,0.0,0.0,0.0,0.0,0.0,0.0,0.0,0.0,180.0,180.0,0.0,0.4747928743780955,0.34632297164217757,0.34564750675859285,0.0,0.0,0.0,0.0,0.0,0.0,0,0.0,0.0,0,0,0,0,0,0,0,0,0,0,0,0,0
1,146.923,14,6.654161348864805,0.3333219542824366,0.207077113730183,0.7934499292065882,0.47147089513965423,0.7904250522749979,0.35645253383163245,0.15700986983082985,0.35018681487416614,180.0,180.0,0.0,-1,0,0,0,0,0,0,0,0,0,0.0,0.0,0.0,0.0,0.0,0.0,0.0,0.0,0.0,0.0,180.0,180.0,0.0,0.4535983870489607,0.35645253383163245,0.3246668334297029,0.0,0.0,0.0,0.0,0.0,0.0,0,0.0,0.0,0,0,0,0,0,0,0,0,0,0,0,0,0
1,147.922,14,4.803645676426172,-1.8523680404791116,0.09946260109309321,0.1076145126370898,0.46295480974128506,0.7966346419864203,0.3676790762754497,0.19684160193015088,0.34010180320047595,180.0,180.0,0.0,-1,0,0,0,0,0,0,0,0,0,0.0,0.0,0.0,0.0,0.0,0.0,0.0,0.0,0.0,0.0,180.0,180.0,0.0,0.4406739847015637,0.3676790762754497,0.31639674844796495,0.0,0.0,0.0,0.0,0.0,0.0,0,0.0,0.0,0,0,0,0,0,0,0,0,0,0,0,0,0
1,148.93,14,6.382581004281222,1.566404095094295,0.12498806380142219,0.025525462708328978,0.5110508710754934,0.8054344115965023,0.38107838304263947,0.23711332250997602,0.3366503264578421,180.0,180.0,0.0,-1,0,0,0,0,0,0,0,0,0,0.0,0.0,0.0,0.0,0.0,0.0,0.0,0.0,0.0,0.0,180.0,180.0,0.0,0.413633140457445,0.38107838304263947,0.3022803065512431,0.0,0.0,0.0,0.0,0.0,0.0,0,0.0,0.0,0,0,0,0,0,0,0,0,0,0,0,0,0
1,149.937,14,6.332032758220317,-0.050196867985009955,0.6339125780793775,0.5089245142779553,0.3929538831590626,0.8118958838065963,0.38458546800456583,0.2777081167003058,0.32674932990046474,180.0,180.0,0.0,-1,0,0,0,0,0,0,0,0,0,0.0,0.0,0.0,0.0,0.0,0.0,0.0,0.0,0.0,0.0,180.0,180.0,0.0,0.447123857037535,0.38458546800456583,0.34353364858262525,0.0,0.0,0.0,0.0,0.0,0.0,0,0.0,0.0,0,0,0,0,0,0,0,0,0,0,0,0,0
1,150.927,15,5.987786583834657,-0.34772340847036337,0.08192585437764753,0.55198672370173,0.2311184295638277,0.7728920729946129,0.3931530378038184,0.3163527203500364,0.3394716125575733,180.0,180.0,0.0,-1,0,0,0,0,0,0,0,0,0,0.0,0.0,0.0,0.0,0.0,0.0,0.0,0.0,0.0,0.0,180.0,180.0,0.0,0.4375258708546239,0.3931530378038184,0.38662235134562645,0.0,0.0,0.0,0.0,0.0,0.0,0,0.0,0.0,0,0,0,0,0,0,0,0,0,0,0,0,0
1,151.925,15,6.747850391650693,0.7615869817795952,0.5494294635306731,0.4675036091530256,0.27022781344635455,0.7897268992835632,0.3947416082571951,0.3558390653142146,0.3549409564755376,180.0,180.0,0.0,-1,0,0,0,0,0,0,0,0,0,0.0,0.0,0.0,0.0,0.0,0.0,0.0,0.0,0.0,0.0,180.0,180.0,0.0,0.44665717192711696,0.3947416082571951,0.40535163860103063,0.0,0.0,0.0,0.0,0.0,0.0,0,0.0,0.0,0,0,0,0,0,0,0,0,0,0,0,0,0
1,152.928,15,6.714754531257913,-0.03299686978342928,0.44034860016731564,0.10908086336335748,0.24986798135907543,0.8333855663185387,0.3720246207666387,0.39750834363014154,0.3640731979998749,180.0,180.0,0.0,-1,0,0,0,0,0,0,0,0,0,0.0,0.0,0.0,0.0,0.0,0.0,0.0,0.0,0.0,0.0,180.0,180.0,0.0,0.4838393091197132,0.3720246207666387,0.3773008024809275,0.0,0.0,0.0,0.0,0.0,0.0,0,0.0,0.0,0,0,0,0,0,0,0,0,0,0,0,0,0
1,153.936,15,6.707413217822605,-0.007283049042964478,0.022137156963607043,0.4182114432037086,0.27739869496500497,0.8394393228925368,0.39771651472505776,0.43948030977476843,0.37174192284254104,180.0,180.0,0.0,-1,0,0,0,0,0,0,0,0,0,0.0,0.0,0.0,0.0,0.0,0.0,0.0,0.0,0.0,0.0,180.0,180.0,0.0,0.42987968151497535,0.39771651472505776,0.36980132632433527,0.0,0.0,0.0,0.0,0.0,0.0,0,0.0,0.0,0,0,0,0,0,0,0,0,0,0,0,0,0
1,154.935,15,6.760026483569356,0.05266593167842928,0.08991116964630828,0.06777401268270124,0.24021431444983013,0.8477722553692343,0.3208137297195005,0.4818689225432301,0.3538709290254424,180.0,180.0,0.0,-1,0,0,0,0,0,0,0,0,0,0.0,0.0,0.0,0.0,0.0,0.0,0.0,0.0,0.0,0.0,180.0,180.0,0.0,0.32497196443263987,0.3208137297195005,0.31885323684673766,0.0,0.0,0.0,0.0,0.0,0.0,0,0.0,0.0,0,0,0,0,0,0,0,0,0,0,0,0,0
1,155.938,15,6.743413337231875,-0.016563455969572517,0.007657021671203694,0.0822541479751046,0.2540775663552516,0.8523022551260276,0.22901432839283994,0.5244840352995315,0.33613352592548396,180.0,180.0,0.0,-1,0,0,0,0,0,0,0,0,0,0.0,0.0,0.0,0.0,0.0,0.0,0.0,0.0,0.0,0.0,180.0,180.0,0.0,0.22568496230608312,0.22901432839283994,0.31323252189095896,0.0,0.0,0.0,0.0,0.0,0.0,0,0.0,0.0,0,0,0,0,0,0,0,0,0,0,0,0,0
1,156.927,15,6.808716368424546,0.06602935408763566,0.045578161123153056,0.03792113945194936,0.18114835780260907,0.8977122981884945,0.23605839205054963,0.5693696502089562,0.30710127219177946,180.0,180.0,0.0,-1,0,0,0,0,0,0,0,0,0,0.0,0.0,0.0,0.0,0.0,0.0,0.0,0.0,0.0,0.0,180.0,180.0,0.0,0.2095350670453801,0.23605839205054963,0.23767964291549512,0.0,0.0,0.0,0.0,0.0,0.0,0,0.0,0.0,0,0,0,0,0,0,0,0,0,0,0,0,0
1,157.94,15,6.684563987970607,-0.12255911199796551,0.13954398826955144,0.0939658271463984,0.053848479301638635,0.9062461056261675,0.23431560665644646,0.6146819554902645,0.26619063914781477,180.0,180.0,0.0,-1,0,0,0,0,0,0,0,0,0,0.0,0.0,0.0,0.0,0.0,0.0,0.0,0.0,0.0,0.0,180.0,180.0,0.0,0.21354320576302593,0.23431560665644646,0.23631477436642595,0.0,0.0,0.0,0.0,0.0,0.0,0,0.0,0.0,0,0,0,0,0,0,0,0,0,0,0,0,0
1,158.959,15,6.500099268111833,-0.1810252402932037,0.47767191568106754,0.3381279274115161,0.1885688525997291,0.9040534204745272,0.2457680939427948,0.6598846265139909,0.2339424373002384,180.0,180.0,0.0,-1,0,0,0,0,0,0,0,0,0,0.0,0.0,0.0,0.0,0.0,0.0,0.0,0.0,0.0,0.0,180.0,180.0,0.0,0.24881159095099054,0.2457680939427948,0.26757502083674467,0.0,0.0,0.0,0.0,0.0,0.0,0,0.0,0.0,0,0,0,0,0,0,0,0,0,0,0,0,0
1,159.934,15,6.1811888590074116,-0.3270875990814577,0.3357675506902824,0.14190436499078513,0.2000147752523379,0.9065319915926814,0.20922797956979008,0.705211226093625,0.2146485265095659,180.0,180.0,0.0,-1,0,0,0,0,0,0,0,0,0,0.0,0.0,0.0,0.0,0.0,0.0,0.0,0.0,0.0,0.0,180.0,180.0,0.0,0.218997088212081,0.20922797956979008,0.23087300590802765,0.0,0.0,0.0,0.0,0.0,0.0,0,0.0,0.0,0,0,0,0,0,0,0,0,0,0,0,0,0
1,160.936,16,4.174184834025689,-2.002998028923875,0.3901680543042994,0.05440050361401699,0.1795670430887055,0.9093449635574674,0.20949589707469898,0.7506784742714984,0.20949338786205368,180.0,180.0,0.0,-1,0,0,0,0,0,0,0,0,0,0.0,0.0,0.0,0.0,0.0,0.0,0.0,0.0,0.0,0.0,180.0,180.0,0.0,0.24982130820474618,0.20949589707469898,0.18111438389925633,0.0,0.0,0.0,0.0,0.0,0.0,0,0.0,0.0,0,0,0,0,0,0,0,0,0,0,0,0,0
1,161.936,16,4.091350662068044,-0.08283417195764464,0.00438907523477517,0.38577897906952424,0.1933003370197153,0.9108704386776773,0.1931498582780976,0.7962219962053823,0.20180064021938976,180.0,180.0,0.0,-1,0,0,0,0,0,0,0,0,0,0.0,0.0,0.0,0.0,0.0,0.0,0.0,0.0,0.0,0.0,180.0,180.0,0.0,0.19531726937515637,0.1931498582780976,0.1729419208909062,0.0,0.0,0.0,0.0,0.0,0.0,0,0.0,0.0,0,0,0,0,0,0,0,0,0,0,0,0,0
1,162.94,16,4.068822627532299,-0.022438281410104836,0.07388241181636811,0.06949333658159294,0.2061410526761165,0.9026457834987122,0.17544804061973637,0.8413542853803179,0.19742794735109387,180.0,180.0,0.0,-1,0,0,0,0,0,0,0,0,0,0.0,0.0,0.0,0.0,0.0,0.0,0.0,0.0,0.0,0.0,180.0,180.0,0.0,0.15867065054006163,0.17544804061973637,0.16898316821272977,0.0,0.0,0.0,0.0,0.0,0.0,0,0.0,0.0,0,0,0,0,0,0,0,0,0,0,0,0,0
1,163.949,16,4.037049620353415,-0.03148960077193612,0.14890810602791565,0.07502569421154755,0.16653583798570512,0.8961255391781222,0.16894606623621877,0.8467605785813166,0.18634166165316385,180.0,180.0,0.0,-1,0,0,0,0,0,0,0,0,0,0.0,0.0,0.0,0.0,0.0,0.0,0.0,0.0,0.0,0.0,180.0,180.0,0.0,0.17134774544649248,0.16894606623621877,0.13466459331351366,0.0,0.0,0.0,0.0,0.0,0.0,0,0.0,0.0,0,0,0,0,0,0,0,0,0,0,0,0,0
1,164.951,16,5.06756553065453,1.0284589923164817,0.06105835950425853,0.08784974652365712,0.15129754676361654,0.8868407874972294,0.1707283560313094,0.8518553085548721,0.1774499848845425,180.0,180.0,0.0,-1,0,0,0,0,0,0,0,0,0,0.0,0.0,0.0,0.0,0.0,0.0,0.0,0.0,0.0,0.0,180.0,180.0,0.0,0.1684624644322875,0.1707283560313094,0.13667216669760923,0.0,0.0,0.0,0.0,0.0,0.0,0,0.0,0.0,0,0,0,0,0,0,0,0,0,0,0,0,0
1,165.937,16,6.262508447219433,1.211909651688542,0.19672069769136902,0.1356623381871105,0.07589742497002512,0.8745903558948055,0.16114147474422474,0.8567435022917458,0.15963197074601987,180.0,180.0,0.0,-1,0,0,0,0,0,0,0,0,0,0.0,0.0,0.0,0.0,0.0,0.0,0.0,0.0,0.0,0.0,180.0,180.0,0.0,0.18736883203430404,0.16114147474422474,0.14201298571880983,0.0,0.0,0.0,0.0,0.0,0.0,0,0.0,0.0,0,0,0,0,0,0,0,0,0,0,0,0,0
1,166.942,16,4.536474775868152,-1.717446439155503,0.23485317602145364,0.038132478330084624,0.07558019370555431,0.8602377754534426,0.1535747517532579,0.860234138450668,0.1490751543363144,180.0,180.0,0.0,-1,0,0,0,0,0,0,0,0,0,0.0,0.0,0.0,0.0,0.0,0.0,0.0,0.0,0.0,0.0,180.0,180.0,0.0,0.20629633352413412,0.1535747517532579,0.14203411960662335,0.0,0.0,0.0,0.0,0.0,0.0,0,0.0,0.0,0,0,0,0,0,0,0,0,0,0,0,0,0
1,167.942,16,6.4857304174702675,1.9492556416021154,0.0486472066022499,0.18620596941920375,0.08193225176233765,0.8365661916146491,0.16049852492059136,0.8622307159320795,0.1518835315823843,180.0,180.0,0.0,-1,0,0,0,0,0,0,0,0,0,0.0,0.0,0.0,0.0,0.0,0.0,0.0,0.0,0.0,0.0,180.0,180.0,0.0,0.19720665535740395,0.16049852492059136,0.1512581338339039,0.0,0.0,0.0,0.0,0.0,0.0,0,0.0,0.0,0,0,0,0,0,0,0,0,0,0,0,0,0
1,168.978,16,6.732288743437228,0.23799066213027062,0.03854515740801051,0.01010204919423939,0.09246098854751524,0.8133123706288692,0.1329442097753605,0.8626246138836977,0.14227274517716293,180.0,180.0,0.0,-1,0,0,0,0,0,0,0,0,0,0.0,0.0,0.0,0.0,0.0,0.0,0.0,0.0,0.0,0.0,180.0,180.0,0.0,0.15329397953009824,0.1329442097753605,0.11845554601217623,0.0,0.0,0.0,0.0,0.0,0.0,0,0.0,0.0,0,0,0,0,0,0,0,0,0,0,0,0,0
1,169.95,16,6.6403257289315505,-0.09461215484123184,0.006979341724725273,0.03156581568328524,0.10304653731019014,0.7878618314303195,0.12309376130226195,0.8614229112648839,0.13257592138294813,180.0,180.0,0.0,-1,0,0,0,0,0,0,0,0,0,0.0,0.0,0.0,0.0,0.0,0.0,0.0,0.0,0.0,0.0,180.0,180.0,0.0,0.12041515863354253,0.12309376130226195,0.10742169108142623,0.0,0.0,0.0,0.0,0.0,0.0,0,0.0,0.0,0,0,0,0,0,0,0,0,0,0,0,0,0
1,170.945,17,5.375509528852756,-1.2711720603806977,0.13045524282636006,0.12347590110163478,0.09199344918477159,0.780549503014339,0.07955275731453457,0.86180578276587,0.12381856199255474,180.0,180.0,0.0,-1,0,0,0,0,0,0,0,0,0,0.0,0.0,0.0,0.0,0.0,0.0,0.0,0.0,0.0,0.0,180.0,180.0,0.0,0.09444387748574859,0.07955275731453457,0.114329230830188,0.0,0.0,0.0,0.0,0.0,0.0,0,0.0,0.0,0,0,0,0,0,0,0,0,0,0,0,0,0
1,171.958,17,4.062951371884823,-1.2957138765724907,0.2614875281759263,0.13103228534956624,0.10251077011032934,0.7732257380854297,0.08828081655469543,0.8609807247059635,0.11473960530161616,180.0,180.0,0.0,-1,0,0,0,0,0,0,0,0,0,0.0,0.0,0.0,0.0,0.0,0.0,0.0,0.0,0.0,0.0,180.0,180.0,0.0,0.12015372277986369,0.08828081655469543,0.08885456145819222,0.0,0.0,0.0,0.0,0.0,0.0,0,0.0,0.0,0,0,0,0,0,0,0,0,0,0,0,0,0
1,172.952,17,5.232930705341506,1.1770415829544087,0.4893103526630575,0.2278228244871312,0.19657696135505887,0.780939759204465,0.1441523379811553,0.8583584343502599,0.11378319616951041,180.0,180.0,0.0,-1,0,0,0,0,0,0,0,0,0,0.0,0.0,0.0,0.0,0.0,0.0,0.0,0.0,0.0,0.0,180.0,180.0,0.0,0.16169651686453262,0.1441523379811553,0.10468751024874605,0.0,0.0,0.0,0.0,0.0,0.0,0,0.0,0.0,0,0,0,0,0,0,0,0,0,0,0,0,0
1,173.954,17,6.376153250549578,1.1409406638803117,0.2817977873127183,0.20751256535033918,0.18061247513183512,0.8041429158279778,0.14888991976969787,0.856593613997032,0.11519085988412339,180.0,180.0,0.0,-1,0,0,0,0,0,0,0,0,0,0.0,0.0,0.0,0.0,0.0,0.0,0.0,0.0,0.0,0.0,180.0,180.0,0.0,0.1749854849930129,0.14888991976969787,0.1179361973626252,0.0,0.0,0.0,0.0,0.0,0.0,0,0.0,0.0,0,0,0,0,0,0,0,0,0,0,0,0,0
1,174.963,17,6.885444735235088,0.5047487459717639,0.3351932473452222,0.053395460032503894,0.1300349120485496,0.8328394747291815,0.15080746275516618,0.8558469749650293,0.11306459641261668,180.0,180.0,0.0,-1,0,0,0,0,0,0,0,0,0,0.0,0.0,0.0,0.0,0.0,0.0,0.0,0.0,0.0,0.0,180.0,180.0,0.0,0.2023989737771093,0.15080746275516618,0.11449076871350987,0.0,0.0,0.0,0.0,0.0,0.0,0,0.0,0.0,0,0,0,0,0,0,0,0,0,0,0,0,0
1,175.96,17,6.785690752491138,-0.10005414517948844,0.12800344184037027,0.20718980550485194,0.130834609798239,0.8661272645686487,0.1526492943651241,0.8565382254371604,0.11855831489543808,180.0,180.0,0.0,-1,0,0,0,0,0,0,0,0,0,0.0,0.0,0.0,0.0,0.0,0.0,0.0,0.0,0.0,0.0,180.0,180.0,0.0,0.1955272481920094,0.1526492943651241,0.12164351544528403,0.0,0.0,0.0,0.0,0.0,0.0,0,0.0,0.0,0,0,0,0,0,0,0,0,0,0,0,0,0
1,176.963,17,5.6495077351977185,-1.1327846633035086,0.13719194742819993,0.00918850558782966,0.15016237640170801,0.8999564068621383,0.15297747502675602,0.8566504308708426,0.12601653316505346,180.0,180.0,0.0,-1,0,0,0,0,0,0,0,0,0,0.0,0.0,0.0,0.0,0.0,0.0,0.0,0.0,0.0,0.0,180.0,180.0,0.0,0.18576112533268402,0.15297747502675602,0.11874911817105853,0.0,0.0,0.0,0.0,0.0,0.0,0,0.0,0.0,0,0,0,0,0,0,0,0,0,0,0,0,0
1,177.964,17,3.8904944527373044,-1.7572560264339803,0.3757256999039898,0.23853375247578987,0.11365764038846375,0.9379593981634673,0.155351661863744,0.8582360954977075,0.12918907202766605,180.0,180.0,0.0,-1,0,0,0,0,0,0,0,0,0,0.0,0.0,0.0,0.0,0.0,0.0,0.0,0.0,0.0,0.0,180.0,180.0,0.0,0.218468974662858,0.155351661863744,0.12398189647671716,0.0,0.0,0.0,0.0,0.0,0.0,0,0.0,0.0,0,0,0,0,0,0,0,0,0,0,0,0,0
1,178.972,17,3.8934585953228353,0.0029406176443758972,0.1418237528679282,0.2339019470360616,0.12133392841036893,0.9466857919404187,0.14515987843863146,0.8603677140710021,0.13207636601395142,180.0,180.0,0.0,-1,0,0,0,0,0,0,0,0,0,0.0,0.0,0.0,0.0,0.0,0.0,0.0,0.0,0.0,0.0,180.0,180.0,0.0,0.22879683420884978,0.14515987843863146,0.14636188626089935,0.0,0.0,0.0,0.0,0.0,0.0,0,0.0,0.0,0,0,0,0,0,0,0,0,0,0,0,0,0
1,179.971,17,3.5115253503089883,-0.3823155605744215,0.41521738792231677,0.2733936350543886,0.14306735158444583,0.962485787736733,0.1327178734565389,0.8631654038782047,0.136078447441377,180.0,180.0,0.0,-1,0,0,0,0,0,0,0,0,0,0.0,0.0,0.0,0.0,0.0,0.0,0.0,0.0,0.0,0.0,180.0,180.0,0.0,0.2696206388286089,0.1327178734565389,0.1705446681980097,0.0,0.0,0.0,0.0,0.0,0.0,0,0.0,0.0,0,0,0,0,0,0,0,0,0,0,0,0,0
1,180.97,18,3.4295070050349357,-0.08210044571977237,0.3802624975466131,0.03495489037570365,0.13827698622414603,0.9611004831203467,0.1269998042073985,0.8657531798563486,0.14070680114531448,180.0,180.0,0.0,-1,0,0,0,0,0,0,0,0,0,0.0,0.0,0.0,0.0,0.0,0.0,0.0,0.0,0.0,0.0,180.0,180.0,0.0,0.29460136430063427,0.1269998042073985,0.16169256712541658,0.0,0.0,0.0,0.0,0.0,0.0,0,0.0,0.0,0,0,0,0,0,0,0,0,0,0,0,0,0
1,181.979,18,4.2276429521744046,0.7910167959756877,0.03062073513886902,0.3496417624077441,0.1718628451710018,0.9589416111096298,0.15217674345440269,0.8681567384779463,0.14764200865138172,180.0,180.0,0.0,-1,0,0,0,0,0,0,0,0,0,0.0,0.0,0.0,0.0,0.0,0.0,0.0,0.0,0.0,0.0,180.0,180.0,0.0,0.2715146849969285,0.15217674345440269,0.18355351483123436,0.0,0.0,0.0,0.0,0.0,0.0,0,0.0,0.0,0,0,0,0,0,0,0,0,0,0,0,0,0
1,183.016,18,6.191881830731728,1.8941551384352207,0.5933756062250931,0.5627548710862241,0.22506651089824983,0.9600909228786255,0.1711063325327586,0.8710289954469419,0.15049096360570077,180.0,180.0,0.0,-1,0,0,0,0,0,0,0,0,0,0.0,0.0,0.0,0.0,0.0,0.0,0.0,0.0,0.0,0.0,180.0,180.0,0.0,0.28192121035313206,0.1711063325327586,0.21704671949114368,0.0,0.0,0.0,0.0,0.0,0.0,0,0.0,0.0,0,0,0,0,0,0,0,0,0,0,0,0,0
1,183.972,18,3.8557673222310087,-2.4436344231179077,0.84840601632813,0.25503041010303684,0.3004879700294233,0.961610032119966,0.24772227391527366,0.8743032200940342,0.16247851309545963,180.0,180.0,0.0,-1,0,0,0,0,0,0,0,0,0,0.0,0.0,0.0,0.0,0.0,0.0,0.0,0.0,0.0,0.0,180.0,180.0,0.0,0.33858203325467323,0.24772227391527366,0.22179850396641343,0.0,0.0,0.0,0.0,0.0,0.0,0,0.0,0.0,0,0,0,0,0,0,0,0,0,0,0,0,0
1,184.975,18,6.127950198250158,2.265386715871535,0.7779549461899781,0.07045107013815188,0.3311368166760195,0.9582161230330029,0.283966000605454,0.8778719868708228,0.1825887035582066,180.0,180.0,0.0,-1,0,0,0,0,0,0,0,0,0,0.0,0.0,0.0,0.0,0.0,0.0,0.0,0.0,0.0,0.0,180.0,180.0,0.0,0.3828582031391488,0.283966000605454,0.22350406497697822,0.0,0.0,0.0,0.0,0.0,0.0,0,0.0,0.0,0,0,0,0,0,0,0,0,0,0,0,0,0
1,185.972,18,6.521313025352768,0.3945464665021165,0.8212361188652587,0.043281172675280644,0.3411489551217338,0.9505163419607814,0.29905356240589565,0.8816682861741215,0.20362013809055607,180.0,180.0,0.0,-1,0,0,0,0,0,0,0,0,0,0.0,0.0,0.0,0.0,0.0,0.0,0.0,0.0,0.0,0.0,180.0,180.0,0.0,0.45218147084163773,0.29905356240589565,0.2071132016940211,0.0,0.0,0.0,0.0,0.0,0.0,0,0.0,0.0,0,0,0,0,0,0,0,0,0,0,0,0,0
1,186.975,18,6.739258796275928,0.21729388925539408,0.10180495244304978,0.719431166422209,0.31083919846742014,0.9512033169600816,0.30337314382207337,0.8862165632494536,0.2196878202971273,180.0,180.0,0.0,-1,0,0,0,0,0,0,0,0,0,0.0,0.0,0.0,0.0,0.0,0.0,0.0,0.0,0.0,0.0,180.0,180.0,0.0,0.4486427713431227,0.30337314382207337,0.278137467777459,0.0,0.0,0.0,0.0,0.0,0.0,0,0.0,0.0,0,0,0,0,0,0,0,0,0,0,0,0,0
1,187.972,18,6.777737584137108,0.03859457157590714,0.023920926591216,0.07788402585183378,0.41411763942160573,0.9532935043218573,0.3318320300965591,0.8920529288848138,0.2497338202004415,180.0,180.0,0.0,-1,0,0,0,0,0,0,0,0,0,0.0,0.0,0.0,0.0,0.0,0.0,0.0,0.0,0.0,0.0,180.0,180.0,0.0,0.41346229401184525,0.3318320300965591,0.2620724951150634,0.0,0.0,0.0,0.0,0.0,0.0,0,0.0,0.0,0,0,0,0,0,0,0,0,0,0,0,0,0
1,188.981,18,6.642693457235617,-0.13383957076460934,0.005214714867692515,0.018706211723523485,0.4159132127280868,0.9559944260574397,0.3467347451900314,0.8991870316562425,0.27919174863221324,180.0,180.0,0.0,-1,0,0,0,0,0,0,0,0,0,0.0,0.0,0.0,0.0,0.0,0.0,0.0,0.0,0.0,0.0,180.0,180.0,0.0,0.3998013902118217,0.3467347451900314,0.2405529215838096,0.0,0.0,0.0,0.0,0.0,0.0,0,0.0,0.0,0,0,0,0,0,0,0,0,0,0,0,0,0
1,189.984,18,5.619632807249622,-1.0200006480418693,0.042707376704500144,0.03749266183680763,0.34973470837876725,0.9635306973219234,0.36445194201546144,0.9079704749508227,0.2998584843116454,180.0,180.0,0.0,-1,0,0,0,0,0,0,0,0,0,0.0,0.0,0.0,0.0,0.0,0.0,0.0,0.0,0.0,0.0,180.0,180.0,0.0,0.36255038909004006,0.36445194201546144,0.21696282426205152,0.0,0.0,0.0,0.0,0.0,0.0,0,0.0,0.0,0,0,0,0,0,0,0,0,0,0,0,0,0
1,190.987,19,3.9517055564630645,-1.6629384354801173,0.18319505494568183,0.1404876782411817,0.07225062547576336,0.9661114651413673,0.3686910814333294,0.9172485730571742,0.29325584823680717,180.0,180.0,0.0,-1,0,0,0,0,0,0,0,0,0,0.0,0.0,0.0,0.0,0.0,0.0,0.0,0.0,0.0,0.0,180.0,180.0,0.0,0.3428436448299469,0.3686910814333294,0.22751610304859932,0.0,0.0,0.0,0.0,0.0,0.0,0,0.0,0.0,0,0,0,0,0,0,0,0,0,0,0,0,0
1,191.985,19,3.970700028892264,0.01903253750420791,0.19695052774282115,0.013755472797139318,0.09207948126459493,0.9645405549322915,0.3565939362049047,0.9268143138995173,0.28527751184616645,180.0,180.0,0.0,-1,0,0,0,0,0,0,0,0,0,0.0,0.0,0.0,0.0,0.0,0.0,0.0,0.0,0.0,0.0,180.0,180.0,0.0,0.35947662409034215,0.3565939362049047,0.19392747408753885,0.0,0.0,0.0,0.0,0.0,0.0,0,0.0,0.0,0,0,0,0,0,0,0,0,0,0,0,0,0
1,192.986,19,2.8012475839449795,-1.1682841607864982,0.19245303262224972,0.004497495120571432,0.09250679980717307,0.958983386014756,0.34984875673540283,0.9357164952400316,0.27202154073705875,180.0,180.0,0.0,-1,0,0,0,0,0,0,0,0,0,0.0,0.0,0.0,0.0,0.0,0.0,0.0,0.0,0.0,0.0,180.0,180.0,0.0,0.31938436673005777,0.34984875673540283,0.13810173649097357,0.0,0.0,0.0,0.0,0.0,0.0,0,0.0,0.0,0,0,0,0,0,0,0,0,0,0,0,0,0
1,193.995,19,3.0492453765830803,0.2457857211477708,0.2825467887992147,0.09009375617696497,0.08633769886715445,0.9588753592674593,0.29646450193538193,0.9434531174120057,0.2506065136208319,180.0,180.0,0.0,-1,0,0,0,0,0,0,0,0,0,0.0,0.0,0.0,0.0,0.0,0.0,0.0,0.0,0.0,0.0,180.0,180.0,0.0,0.2627984439771663,0.29646450193538193,0.12160807109836638,0.0,0.0,0.0,0.0,0.0,0.0,0,0.0,0.0,0,0,0,0,0,0,0,0,0,0,0,0,0
1,194.996,19,4.086266662474871,1.0359853005911994,0.08231281133739884,0.20023397746181584,0.07111718134405048,0.9553371664920131,0.2380051007878144,0.9495780020001474,0.22460455008763502,180.0,180.0,0.0,-1,0,0,0,0,0,0,0,0,0,0.0,0.0,0.0,0.0,0.0,0.0,0.0,0.0,0.0,0.0,180.0,180.0,0.0,0.19323423049190835,0.2380051007878144,0.13458636183073278,0.0,0.0,0.0,0.0,0.0,0.0,0,0.0,0.0,0,0,0,0,0,0,0,0,0,0,0,0,0
1,195.987,19,4.906780235049768,0.827965259914124,0.14184123053147668,0.059528419194077836,0.07408455585949072,0.9515103028198993,0.08938989454704757,0.9538471539127098,0.1978981101614107,180.0,180.0,0.0,-1,0,0,0,0,0,0,0,0,0,0.0,0.0,0.0,0.0,0.0,0.0,0.0,0.0,0.0,0.0,180.0,180.0,0.0,0.12529474165853013,0.08938989454704757,0.1362110864826125,0.0,0.0,0.0,0.0,0.0,0.0,0,0.0,0.0,0,0,0,0,0,0,0,0,0,0,0,0,0
1,197.02,19,5.372131398301696,0.45048515319644583,0.02380382551094616,0.11803740502053052,0.09974749290680808,0.9522386781936576,0.09490064834517492,0.9564612674792858,0.1767889396053495,180.0,180.0,0.0,-1,0,0,0,0,0,0,0,0,0,0.0,0.0,0.0,0.0,0.0,0.0,0.0,0.0,0.0,0.0,180.0,180.0,0.0,0.11749462896531977,0.09490064834517492,0.07607171034244466,0.0,0.0,0.0,0.0,0.0,0.0,0,0.0,0.0,0,0,0,0,0,0,0,0,0,0,0,0,0
1,197.995,19,6.885680993091352,1.5523585587586215,0.009857495272773145,0.013946330238173016,0.11067131835685882,0.9522728100512579,0.09653159199080653,0.9571769380736754,0.1464443074988748,180.0,180.0,0.0,-1,0,0,0,0,0,0,0,0,0,0.0,0.0,0.0,0.0,0.0,0.0,0.0,0.0,0.0,0.0,180.0,180.0,0.0,0.1160882858334755,0.09653159199080653,0.06967794078107857,0.0,0.0,0.0,0.0,0.0,0.0,0,0.0,0.0,0,0,0,0,0,0,0,0,0,0,0,0,0
1,199.0,19,6.689312371822804,-0.19539166295377938,0.08571550097582706,0.07585800570305391,0.053156801459073914,0.9531304364945462,0.08934742049091143,0.9574991703013817,0.1101686663719735,180.0,180.0,0.0,-1,0,0,0,0,0,0,0,0,0,0.0,0.0,0.0,0.0,0.0,0.0,0.0,0.0,0.0,0.0,180.0,180.0,0.0,0.12413836444428894,0.08934742049091143,0.07539312017903162,0.0,0.0,0.0,0.0,0.0,0.0,0,0.0,0.0,0,0,0,0,0,0,0,0,0,0,0,0,0
1,199.996,19,6.778289631415383,0.08933459798451736,0.09866378203526038,0.012948281059433325,0.054684159173659555,0.9557007544035353,0.08534341775718748,0.9571599186347219,0.08066361145146274,180.0,180.0,0.0,-1,0,0,0,0,0,0,0,0,0,0.0,0.0,0.0,0.0,0.0,0.0,0.0,0.0,0.0,0.0,180.0,180.0,0.0,0.12973400497736498,0.08534341775718748,0.07293868210129419,0.0,0.0,0.0,0.0,0.0,0.0,0,0.0,0.0,0,0,0,0,0,0,0,0,0,0,0,0,0
1,200.994,20,3.2980138736150404,-3.4872502583169767,0.27250990277169396,0.17384612073643357,0.10473677544821003,0.9562166317762484,0.09561534599828389,0.956915726067517,0.08391222644870741,180.0,180.0,0.0,-1,0,0,0,0,0,0,0,0,0,0.0,0.0,0.0,0.0,0.0,0.0,0.0,0.0,0.0,0.0,180.0,180.0,0.0,0.13866548975996618,0.09561534599828389,0.07627452635081937,0.0,0.0,0.0,0.0,0.0,0.0,0,0.0,0.0,0,0,0,0,0,0,0,0,0,0,0,0,0
1,202.006,20,4.1796245122478926,0.871156757542344,0.1992302945965248,0.07327960817516915,0.10299047307883573,0.9575223173204853,0.09577234564428799,0.9568447613780597,0.0850033256301315,180.0,180.0,0.0,-1,0,0,0,0,0,0,0,0,0,0.0,0.0,0.0,0.0,0.0,0.0,0.0,0.0,0.0,0.0,180.0,180.0,0.0,0.13889346644533657,0.09577234564428799,0.08222693988862237,0.0,0.0,0.0,0.0,0.0,0.0,0,0.0,0.0,0,0,0,0,0,0,0,0,0,0,0,0,0
1,202.993,20,5.3321117302510315,1.1676668875411742,1.2708285293358852,1.0715982347393604,0.5008531398852452,0.956610242268399,0.371882608119016,0.9566707273475485,0.1258379596379387,180.0,180.0,0.0,-1,0,0,0,0,0,0,0,0,0,0.0,0.0,0.0,0.0,0.0,0.0,0.0,0.0,0.0,0.0,180.0,180.0,0.0,0.2467310161167001,0.371882608119016,0.18893701385050127,0.0,0.0,0.0,0.0,0.0,0.0,0,0.0,0.0,0,0,0,0,0,0,0,0,0,0,0,0,0
1,203.995,20,2.4026195045914123,-2.923644935788043,0.49246725503649014,0.7783612742993951,0.47222535140726135,0.9538768000071788,0.3799659249815386,0.9562840657419089,0.16442672489194937,180.0,180.0,0.0,-1,0,0,0,0,0,0,0,0,0,0.0,0.0,0.0,0.0,0.0,0.0,0.0,0.0,0.0,0.0,180.0,180.0,0.0,0.2677230627404276,0.3799659249815386,0.2577637656627443,0.0,0.0,0.0,0.0,0.0,0.0,0,0.0,0.0,0,0,0,0,0,0,0,0,0,0,0,0,0
1,204.994,20,5.339202849860517,2.9395228681372423,1.8043160693100422,1.311848814273552,0.7006723530217037,0.9553511891365317,0.6082377570389688,0.9561408190470855,0.22738224205971475,180.0,180.0,0.0,-1,0,0,0,0,0,0,0,0,0,0.0,0.0,0.0,0.0,0.0,0.0,0.0,0.0,0.0,0.0,180.0,180.0,0.0,0.439923388537692,0.6082377570389688,0.3689252493439179,0.0,0.0,0.0,0.0,0.0,0.0,0,0.0,0.0,0,0,0,0,0,0,0,0,0,0,0,0,0
1,205.998,20,6.624607948358735,1.280283962647627,0.5382628245060289,1.2660532448040134,0.6587335271978861,0.9640910140934227,0.5995073148954302,0.9568195526537175,0.28584713919355426,180.0,180.0,0.0,-1,0,0,0,0,0,0,0,0,0,0.0,0.0,0.0,0.0,0.0,0.0,0.0,0.0,0.0,0.0,180.0,180.0,0.0,0.4795655479351472,0.5995073148954302,0.4895777319049115,0.0,0.0,0.0,0.0,0.0,0.0,0,0.0,0.0,0,0,0,0,0,0,0,0,0,0,0,0,0
1,207.013,20,4.239912874441022,-2.3494532747957764,0.729544390108664,0.1912815656026351,0.5609795001605663,0.9630703767497761,0.5811525794080457,0.9574129056432022,0.3319703399189301,180.0,180.0,0.0,-1,0,0,0,0,0,0,0,0,0,0.0,0.0,0.0,0.0,0.0,0.0,0.0,0.0,0.0,0.0,180.0,180.0,0.0,0.5501396043949189,0.5811525794080457,0.496902147963122,0.0,0.0,0.0,0.0,0.0,0.0,0,0.0,0.0,0,0,0,0,0,0,0,0,0,0,0,0,0
1,208.0,20,2.5828895887302457,-1.6788483137900472,0.14966097808834672,0.5798834120203173,0.6291478170150473,0.93941609872736,0.5682496278811718,0.9567190353634775,0.3838179897847489,180.0,180.0,0.0,-1,0,0,0,0,0,0,0,0,0,0.0,0.0,0.0,0.0,0.0,0.0,0.0,0.0,0.0,0.0,180.0,180.0,0.0,0.5641199526764764,0.5682496278811718,0.5534958561413363,0.0,0.0,0.0,0.0,0.0,0.0,0,0.0,0.0,0,0,0,0,0,0,0,0,0,0,0,0,0
1,209.006,20,1.2893760173708024,-1.2857987786873193,0.6389087377898467,0.4892477597015,0.6178857214719765,0.9288422425722953,0.5428616586131386,0.9553614261892202,0.4402908817860392,180.0,180.0,0.0,-1,0,0,0,0,0,0,0,0,0,0.0,0.0,0.0,0.0,0.0,0.0,0.0,0.0,0.0,0.0,180.0,180.0,0.0,0.6194392763578783,0.5428616586131386,0.5948348315411809,0.0,0.0,0.0,0.0,0.0,0.0,0,0.0,0.0,0,0,0,0,0,0,0,0,0,0,0,0,0
1,210.01,21,2.1354730501214374,0.8427261282376842,1.317015788183574,0.6781070503937273,0.42164545782319723,0.885165156488531,0.5496723000323058,0.9514431491475506,0.476987011650993,180.0,180.0,0.0,-1,0,0,0,0,0,0,0,0,0,0.0,0.0,0.0,0.0,0.0,0.0,0.0,0.0,0.0,0.0,180.0,180.0,0.0,0.7412744769727098,0.5496723000323058,0.6613507084746103,0.0,0.0,0.0,0.0,0.0,0.0,0,0.0,0.0,0,0,0,0,0,0,0,0,0,0,0,0,0
1,211.006,21,1.663185331073452,-0.47418445687548744,2.6615204941223376,1.3445047059387636,0.9667505662604755,0.8895261984069385,0.7899454352886127,0.9476138858108291,0.5631883907322195,180.0,180.0,0.0,-1,0,0,0,0,0,0,0,0,0,0.0,0.0,0.0,0.0,0.0,0.0,0.0,0.0,0.0,0.0,180.0,180.0,0.0,0.980175536107774,0.7899454352886127,0.7784165669948433,0.0,0.0,0.0,0.0,0.0,0.0,0,0.0,0.0,0,0,0,0,0,0,0,0,0,0,0,0,0
1,212.009,21,4.041444550984552,2.37114578256341,0.3348009975587839,2.3267194965635536,1.0191939731803876,0.8773253248201943,0.776095569703309,0.9432531243052242,0.6548087407423747,180.0,180.0,0.0,-1,0,0,0,0,0,0,0,0,0,0.0,0.0,0.0,0.0,0.0,0.0,0.0,0.0,0.0,0.0,180.0,180.0,0.0,0.9937326064039999,0.776095569703309,1.0037605558336817,0.0,0.0,0.0,0.0,0.0,0.0,0,0.0,0.0,0,0,0,0,0,0,0,0,0,0,0,0,0
1,213.006,21,1.5369620207896633,-2.5120185859527466,1.6443916970001375,1.3095906994413538,0.9137034852224588,0.8765029224454831,0.7995512044935874,0.9391291011267606,0.6960937752760961,180.0,180.0,0.0,-1,0,0,0,0,0,0,0,0,0,0.0,0.0,0.0,0.0,0.0,0.0,0.0,0.0,0.0,0.0,180.0,180.0,0.0,1.0310889231704252,0.7995512044935874,1.027559802303881,0.0,0.0,0.0,0.0,0.0,0.0,0,0.0,0.0,0,0,0,0,0,0,0,0,0,0,0,0,0
1,214.018,21,1.9451361970821806,0.40333416629695384,0.3968802164882163,1.2475114805119212,0.9637997709946909,0.8428742724282404,0.807240350516541,0.9333290467847997,0.745251217234839,180.0,180.0,0.0,-1,0,0,0,0,0,0,0,0,0,0.0,0.0,0.0,0.0,0.0,0.0,0.0,0.0,0.0,0.0,180.0,180.0,0.0,1.0215302193155975,0.807240350516541,1.0744748229251335,0.0,0.0,0.0,0.0,0.0,0.0,0,0.0,0.0,0,0,0,0,0,0,0,0,0,0,0,0,0
1,215.005,21,4.506426519601943,2.5950256560483917,0.6391885901101193,0.242308373621903,1.002585694260488,0.7351597097539536,0.7646649289221689,0.9223201739478967,0.7754425513587174,180.0,180.0,0.0,-1,0,0,0,0,0,0,0,0,0,0.0,0.0,0.0,0.0,0.0,0.0,0.0,0.0,0.0,0.0,180.0,180.0,0.0,0.9050174713956054,0.7646649289221689,0.9675207788599689,0.0,0.0,0.0,0.0,0.0,0.0,0,0.0,0.0,0,0,0,0,0,0,0,0,0,0,0,0,0
1,216.021,21,1.0060576899715428,-3.4452449110535435,0.7442880588092546,0.10509946869913533,0.5266198479010294,0.7122619537705096,0.7564164354999606,0.9103577564954273,0.7622311834290317,180.0,180.0,0.0,-1,0,0,0,0,0,0,0,0,0,0.0,0.0,0.0,0.0,0.0,0.0,0.0,0.0,0.0,0.0,180.0,180.0,0.0,0.9256199948259282,0.7564164354999606,0.8514254012494812,0.0,0.0,0.0,0.0,0.0,0.0,0,0.0,0.0,0,0,0,0,0,0,0,0,0,0,0,0,0
1,217.016,21,2.9838924732911134,1.987773651577458,0.12174056929753191,0.6225474895117227,0.5751887650084789,0.6579254447249434,0.7972401251688754,0.8956420948219914,0.763652109913823,180.0,180.0,0.0,-1,0,0,0,0,0,0,0,0,0,0.0,0.0,0.0,0.0,0.0,0.0,0.0,0.0,0.0,0.0,180.0,180.0,0.0,0.8648396127448148,0.7972401251688754,0.8945519936403897,0.0,0.0,0.0,0.0,0.0,0.0,0,0.0,0.0,0,0,0,0,0,0,0,0,0,0,0,0,0
1,218.022,21,5.444940768116859,2.4463700743794687,1.0208983564205862,0.8991577871230543,0.3421673624924518,0.5748706905796822,0.7569892667433569,0.8767719888484129,0.7349540644615635,180.0,180.0,0.0,-1,0,0,0,0,0,0,0,0,0,0.0,0.0,0.0,0.0,0.0,0.0,0.0,0.0,0.0,0.0,180.0,180.0,0.0,0.9519633505780387,0.7569892667433569,0.9264794311506636,0.0,0.0,0.0,0.0,0.0,0.0,0,0.0,0.0,0,0,0,0,0,0,0,0,0,0,0,0,0
1,219.02,21,6.565170006873261,1.1224741871306636,0.5432440962758959,0.47765426014469037,0.3280630194112321,0.5775391118283948,0.7619731561010634,0.8579924226151052,0.7059717942554891,180.0,180.0,0.0,-1,0,0,0,0,0,0,0,0,0,0.0,0.0,0.0,0.0,0.0,0.0,0.0,0.0,0.0,0.0,180.0,180.0,0.0,0.9423968864266439,0.7619731561010634,0.9253200811949827,0.0,0.0,0.0,0.0,0.0,0.0,0,0.0,0.0,0,0,0,0,0,0,0,0,0,0,0,0,0
1,220.014,22,4.215886392462963,-2.3634644008151895,1.1393539245834217,0.5961098283075258,0.40495638519082483,0.5643245650023719,0.7543005733875937,0.838423613145047,0.7043028869922517,180.0,180.0,0.0,-1,0,0,0,0,0,0,0,0,0,0.0,0.0,0.0,0.0,0.0,0.0,0.0,0.0,0.0,0.0,180.0,180.0,0.0,0.9246307000666285,0.7543005733875937,0.9171203589863623,0.0,0.0,0.0,0.0,0.0,0.0,0,0.0,0.0,0,0,0,0,0,0,0,0,0,0,0,0,0
1,221.02,22,1.475409452250632,-2.7241321473283606,2.8071286392931016,1.66777471470968,1.0229318785868866,0.5554472476815416,0.7920168598386935,0.8183851439403117,0.709921018224893,180.0,180.0,0.0,-1,0,0,0,0,0,0,0,0,0,0.0,0.0,0.0,0.0,0.0,0.0,0.0,0.0,0.0,0.0,180.0,180.0,0.0,0.939191514583705,0.7920168598386935,0.9494473598634541,0.0,0.0,0.0,0.0,0.0,0.0,0,0.0,0.0,0,0,0,0,0,0,0,0,0,0,0,0,0
1,222.015,22,6.132997292095512,4.680992803864201,0.3922464192798414,2.4148822200132605,0.9618374578223209,0.49930881232403174,0.7873406293042091,0.795474468690489,0.7041853666890863,180.0,180.0,0.0,-1,0,0,0,0,0,0,0,0,0,0.0,0.0,0.0,0.0,0.0,0.0,0.0,0.0,0.0,0.0,180.0,180.0,0.0,0.9449360567558107,0.7873406293042091,0.9582636322084246,0.0,0.0,0.0,0.0,0.0,0.0,0,0.0,0.0,0,0,0,0,0,0,0,0,0,0,0,0,0
1,223.109,22,6.167204373773404,0.03126789915712278,0.1622348043199916,0.23001161495984979,1.0682442910461454,0.4832894311513462,0.7805163213768893,0.7718084281346365,0.7196394472714548,180.0,180.0,0.0,-1,0,0,0,0,0,0,0,0,0,0.0,0.0,0.0,0.0,0.0,0.0,0.0,0.0,0.0,0.0,180.0,180.0,0.0,0.7967203674877961,0.7805163213768893,0.8503057237602742,0.0,0.0,0.0,0.0,0.0,0.0,0,0.0,0.0,0,0,0,0,0,0,0,0,0,0,0,0,0
1,224.021,22,7.120085501035751,1.0448257974367838,0.0843769922482578,0.0778578120717338,1.1358174822295992,0.5200492343565422,0.804200545939303,0.7501170498521045,0.7368412183949457,180.0,180.0,0.0,-1,0,0,0,0,0,0,0,0,0,0.0,0.0,0.0,0.0,0.0,0.0,0.0,0.0,0.0,0.0,180.0,180.0,0.0,0.7654700450638001,0.804200545939303,0.7333403569162555,0.0,0.0,0.0,0.0,0.0,0.0,0,0.0,0.0,0,0,0,0,0,0,0,0,0,0,0,0,0
1,225.037,22,6.75915856020463,-0.35524305199913536,0.31747964181660254,0.23310264956834476,1.1549161622986155,0.5222030078369962,0.8161593930379595,0.7284596407871278,0.7520742651987584,180.0,180.0,0.0,-1,0,0,0,0,0,0,0,0,0,0.0,0.0,0.0,0.0,0.0,0.0,0.0,0.0,0.0,0.0,180.0,180.0,0.0,0.7332991502344486,0.8161593930379595,0.7324197845108997,0.0,0.0,0.0,0.0,0.0,0.0,0,0.0,0.0,0,0,0,0,0,0,0,0,0,0,0,0,0
1,226.016,22,6.7864414506762385,0.02786812101287939,0.0003434155449452566,0.3171362262716573,0.16205129681037667,0.5619618683489604,0.8483188199986561,0.7083531834999046,0.7156174100896932,180.0,180.0,0.0,-1,0,0,0,0,0,0,0,0,0,0.0,0.0,0.0,0.0,0.0,0.0,0.0,0.0,0.0,0.0,180.0,180.0,0.0,0.6589046859080175,0.8483188199986561,0.753623460268152,0.0,0.0,0.0,0.0,0.0,0.0,0,0.0,0.0,0,0,0,0,0,0,0,0,0,0,0,0,0
1,227.031,22,6.654192119690622,-0.13029490737499166,0.00014016834180381223,0.00020324720314144435,0.13274418814811978,0.6040453593472288,0.8576939443099912,0.6904019326297772,0.6713729524036572,180.0,180.0,0.0,-1,0,0,0,0,0,0,0,0,0,0.0,0.0,0.0,0.0,0.0,0.0,0.0,0.0,0.0,0.0,180.0,180.0,0.0,0.6467446458124447,0.8576939443099912,0.6913890360372938,0.0,0.0,0.0,0.0,0.0,0.0,0,0.0,0.0,0,0,0,0,0,0,0,0,0,0,0,0,0
1,228.033,22,6.708814797954272,0.054513650961726404,0.2896293971800337,0.2894892288382299,0.15494655161381152,0.6760090807808137,0.8534124306781143,0.6772315817324499,0.6526508713157932,180.0,180.0,0.0,-1,0,0,0,0,0,0,0,0,0,0.0,0.0,0.0,0.0,0.0,0.0,0.0,0.0,0.0,0.0,180.0,180.0,0.0,0.5736177498883895,0.8534124306781143,0.6304221802088114,0.0,0.0,0.0,0.0,0.0,0.0,0,0.0,0.0,0,0,0,0,0,0,0,0,0,0,0,0,0
1,229.029,22,6.795765353808021,0.08729975487324253,0.014867059663146404,0.27476233751688733,0.1638661545622771,0.7201342888420577,0.8716635778934945,0.666796184045938,0.6362311848308977,180.0,180.0,0.0,-1,0,0,0,0,0,0,0,0,0,0.0,0.0,0.0,0.0,0.0,0.0,0.0,0.0,0.0,0.0,180.0,180.0,0.0,0.5207800462271146,0.8716635778934945,0.6101329879460311,0.0,0.0,0.0,0.0,0.0,0.0,0,0.0,0.0,0,0,0,0,0,0,0,0,0,0,0,0,0
1,230.024,23,6.776139069781503,-0.019724908569365273,0.17137702448071343,0.15650996481756702,0.13047339629206386,0.7737478960178182,0.8487852390290426,0.6612253210224025,0.6087828859410217,180.0,180.0,0.0,-1,0,0,0,0,0,0,0,0,0,0.0,0.0,0.0,0.0,0.0,0.0,0.0,0.0,0.0,0.0,180.0,180.0,0.0,0.42398235621684377,0.8487852390290426,0.5661730015970352,0.0,0.0,0.0,0.0,0.0,0.0,0,0.0,0.0,0,0,0,0,0,0,0,0,0,0,0,0,0
1,231.024,23,6.470943424385126,-0.30519564539637667,0.15256906473107956,0.018807959749633868,0.12013575142953781,0.7966855214956208,0.1388595424270158,0.6565832871768366,0.5185032732252868,180.0,180.0,0.0,-1,0,0,0,0,0,0,0,0,0,0.0,0.0,0.0,0.0,0.0,0.0,0.0,0.0,0.0,0.0,180.0,180.0,0.0,0.15852639876064156,0.1388595424270158,0.40127632610103053,0.0,0.0,0.0,0.0,0.0,0.0,0,0.0,0.0,0,0,0,0,0,0,0,0,0,0,0,0,0
1,232.027,23,6.788963888989928,0.31706925683429865,1.0613558768337734,0.9087868121026939,0.41597661487660786,0.8064922030572065,0.31433227722955476,0.6530416310886872,0.46391718893071543,180.0,180.0,0.0,-1,0,0,0,0,0,0,0,0,0,0.0,0.0,0.0,0.0,0.0,0.0,0.0,0.0,0.0,0.0,180.0,180.0,0.0,0.22543734451603478,0.31433227722955476,0.2506667853099739,0.0,0.0,0.0,0.0,0.0,0.0,0,0.0,0.0,0,0,0,0,0,0,0,0,0,0,0,0,0
1,233.072,23,6.160990800331205,-0.6009311853193521,0.05088650572110677,1.0104693711126667,0.4361254797048911,0.816868915683289,0.31876090211448327,0.6500599307505774,0.40070530779659,180.0,180.0,0.0,-1,0,0,0,0,0,0,0,0,0,0.0,0.0,0.0,0.0,0.0,0.0,0.0,0.0,0.0,0.0,180.0,180.0,0.0,0.21430251465614628,0.31876090211448327,0.3287125609252556,0.0,0.0,0.0,0.0,0.0,0.0,0,0.0,0.0,0,0,0,0,0,0,0,0,0,0,0,0,0
1,234.059,23,4.62884264858489,-1.552328421222203,0.003503148505156435,0.047383357215950335,0.43794492163402726,0.8406772574156647,0.323415502959011,0.6499500799999487,0.3309180517370328,180.0,180.0,0.0,-1,0,0,0,0,0,0,0,0,0,0.0,0.0,0.0,0.0,0.0,0.0,0.0,0.0,0.0,0.0,180.0,180.0,0.0,0.20621513028183616,0.323415502959011,0.32566511543967724,0.0,0.0,0.0,0.0,0.0,0.0,0,0.0,0.0,0,0,0,0,0,0,0,0,0,0,0,0,0
1,235.026,23,4.252420896870574,-0.38926758191759697,0.000657382147128265,0.00284576635802817,0.4556033859919301,0.8856104270349536,0.3268052171923081,0.6574726158639986,0.2609867741063643,180.0,180.0,0.0,-1,0,0,0,0,0,0,0,0,0,0.0,0.0,0.0,0.0,0.0,0.0,0.0,0.0,0.0,0.0,180.0,180.0,0.0,0.17453290431488871,0.3268052171923081,0.3026394271186456,0.0,0.0,0.0,0.0,0.0,0.0,0,0.0,0.0,0,0,0,0,0,0,0,0,0,0,0,0,0
1,236.025,23,4.058512359673464,-0.19410263983694725,0.3377144631433637,0.33705708099623544,0.4528349665524217,0.8912103440047543,0.3242288578946456,0.6664200353757109,0.2900651410805688,180.0,180.0,0.0,-1,0,0,0,0,0,0,0,0,0,0.0,0.0,0.0,0.0,0.0,0.0,0.0,0.0,0.0,0.0,180.0,180.0,0.0,0.20827000907473056,0.3242288578946456,0.3046315125911034,0.0,0.0,0.0,0.0,0.0,0.0,0,0.0,0.0,0,0,0,0,0,0,0,0,0,0,0,0,0
1,237.033,23,4.004253459410102,-0.05382827407079519,0.4004027970783277,0.06268833393496404,0.1943924374242522,0.8833766479832774,0.32036353153725766,0.6776925955386276,0.2962299660081821,180.0,180.0,0.0,-1,0,0,0,0,0,0,0,0,0,0.0,0.0,0.0,0.0,0.0,0.0,0.0,0.0,0.0,0.0,180.0,180.0,0.0,0.24829627194838294,0.32036353153725766,0.31088002126428566,0.0,0.0,0.0,0.0,0.0,0.0,0,0.0,0.0,0,0,0,0,0,0,0,0,0,0,0,0,0
1,238.032,23,4.095032415901418,0.09086982631763336,0.019976095443164327,0.3804267016351634,0.19910990035225215,0.8792376413399234,0.3277610098998982,0.6929109430766396,0.3006463008820261,180.0,180.0,0.0,-1,0,0,0,0,0,0,0,0,0,0.0,0.0,0.0,0.0,0.0,0.0,0.0,0.0,0.0,0.0,180.0,180.0,0.0,0.22133094177469603,0.3277610098998982,0.319973768543979,0.0,0.0,0.0,0.0,0.0,0.0,0,0.0,0.0,0,0,0,0,0,0,0,0,0,0,0,0,0
1,239.032,23,5.047279005176997,0.9522465892755791,0.004085155488173942,0.015890939954990385,0.1990011956865808,0.9011850415349364,0.3285324757483944,0.7090932395619667,0.30415980499445644,180.0,180.0,0.0,-1,0,0,0,0,0,0,0,0,0,0.0,0.0,0.0,0.0,0.0,0.0,0.0,0.0,0.0,0.0,180.0,180.0,0.0,0.22025275135719874,0.3285324757483944,0.29408662878778935,0.0,0.0,0.0,0.0,0.0,0.0,0,0.0,0.0,0,0,0,0,0,0,0,0,0,0,0,0,0
1,240.031,24,6.6767732127029396,1.6311253328588011,0.052834239669537125,0.048749084181363186,0.1902179614873833,0.9140414687823832,0.33260540030146035,0.7265790847509673,0.31013426151398843,180.0,180.0,0.0,-1,0,0,0,0,0,0,0,0,0,0.0,0.0,0.0,0.0,0.0,0.0,0.0,0.0,0.0,0.0,180.0,180.0,0.0,0.20839847287608113,0.33260540030146035,0.28331054072416895,0.0,0.0,0.0,0.0,0.0,0.0,0,0.0,0.0,0,0,0,0,0,0,0,0,0,0,0,0,0
1,241.051,24,6.603162865290196,-0.0721670072673955,0.24556550409277986,0.19273126442324273,0.17271768451976266,0.9221731868781056,0.3321707730820764,0.7449153817107954,0.3153924548230109,180.0,180.0,0.0,-1,0,0,0,0,0,0,0,0,0,0.0,0.0,0.0,0.0,0.0,0.0,0.0,0.0,0.0,0.0,180.0,180.0,0.0,0.21769811681225115,0.3321707730820764,0.3007028711915298,0.0,0.0,0.0,0.0,0.0,0.0,0,0.0,0.0,0,0,0,0,0,0,0,0,0,0,0,0,0
1,242.087,24,5.2371210562342,-1.3185731747644753,0.2213717566184519,0.024193747474327953,0.11550351608795113,0.9236506676384774,0.15301944312661006,0.7661324744765178,0.2853451449441452,180.0,180.0,0.0,-1,0,0,0,0,0,0,0,0,0,0.0,0.0,0.0,0.0,0.0,0.0,0.0,0.0,0.0,0.0,180.0,180.0,0.0,0.133699704790719,0.15301944312661006,0.21224356472869324,0.0,0.0,0.0,0.0,0.0,0.0,0,0.0,0.0,0,0,0,0,0,0,0,0,0,0,0,0,0
1,243.046,24,4.204308613401359,-1.0769681364263195,0.2811048921150361,0.05973313549658418,0.12403966949121187,0.921597681099284,0.15645544716897383,0.7880478869739147,0.25413656392277734,180.0,180.0,0.0,-1,0,0,0,0,0,0,0,0,0,0.0,0.0,0.0,0.0,0.0,0.0,0.0,0.0,0.0,0.0,180.0,180.0,0.0,0.15672154343011194,0.15645544716897383,0.11716994116708498,0.0,0.0,0.0,0.0,0.0,0.0,0,0.0,0.0,0,0,0,0,0,0,0,0,0,0,0,0,0
1,244.045,24,4.559401521683522,0.35544835663880203,0.23048830900519904,0.05061658310983705,0.08874333745241296,0.9286627839804451,0.14799331643726324,0.8084785644551099,0.21921640550461588,180.0,180.0,0.0,-1,0,0,0,0,0,0,0,0,0,0.0,0.0,0.0,0.0,0.0,0.0,0.0,0.0,0.0,0.0,180.0,180.0,0.0,0.1794200594801162,0.14799331643726324,0.11749326375647366,0.0,0.0,0.0,0.0,0.0,0.0,0,0.0,0.0,0,0,0,0,0,0,0,0,0,0,0,0,0
1,245.037,24,6.491576484795855,1.9477570192664646,0.1288667346261621,0.10162157437903693,0.05655443735139315,0.9307711672436699,0.13584058280496034,0.8289069724254435,0.1793115106405622,180.0,180.0,0.0,-1,0,0,0,0,0,0,0,0,0,0.0,0.0,0.0,0.0,0.0,0.0,0.0,0.0,0.0,0.0,180.0,180.0,0.0,0.19224099472801956,0.13584058280496034,0.12737084455857453,0.0,0.0,0.0,0.0,0.0,0.0,0,0.0,0.0,0,0,0,0,0,0,0,0,0,0,0,0,0
1,246.039,24,5.571411129508723,-0.9183286978913494,0.8042938841478297,0.6754271495216675,0.2690031020342951,0.9397039769809853,0.23517146209497247,0.8477940778570447,0.16092832418874953,180.0,180.0,0.0,-1,0,0,0,0,0,0,0,0,0,0.0,0.0,0.0,0.0,0.0,0.0,0.0,0.0,0.0,0.0,180.0,180.0,0.0,0.2388989368284662,0.23517146209497247,0.16120785141111776,0.0,0.0,0.0,0.0,0.0,0.0,0,0.0,0.0,0,0,0,0,0,0,0,0,0,0,0,0,0
1,247.047,24,3.9895902385358415,-1.5692667569175414,0.024061932123331815,0.7802319520244978,0.3019665305263244,0.9390324554572622,0.23656306331071475,0.8645434326625463,0.17168573349895674,180.0,180.0,0.0,-1,0,0,0,0,0,0,0,0,0,0.0,0.0,0.0,0.0,0.0,0.0,0.0,0.0,0.0,0.0,180.0,180.0,0.0,0.2012648503329666,0.23656306331071475,0.2329622132200711,0.0,0.0,0.0,0.0,0.0,0.0,0,0.0,0.0,0,0,0,0,0,0,0,0,0,0,0,0,0
1,248.046,24,3.9071630676167124,-0.08250968059972882,0.002818089391248617,0.0212438427320832,0.32929289027509717,0.9408788738138388,0.23808140784850604,0.8777869223141976,0.1847040324912413,180.0,180.0,0.0,-1,0,0,0,0,0,0,0,0,0,0.0,0.0,0.0,0.0,0.0,0.0,0.0,0.0,0.0,0.0,180.0,180.0,0.0,0.199549049727775,0.23808140784850604,0.1970439273297631,0.0,0.0,0.0,0.0,0.0,0.0,0,0.0,0.0,0,0,0,0,0,0,0,0,0,0,0,0,0
1,249.049,24,5.50144368140581,1.5895120775564286,0.3964530230041149,0.3936349336128663,0.33661632213641884,0.9365126226466192,0.23459530100033477,0.8886058390044258,0.19846554513622505,180.0,180.0,0.0,-1,0,0,0,0,0,0,0,0,0,0.0,0.0,0.0,0.0,0.0,0.0,0.0,0.0,0.0,0.0,180.0,180.0,0.0,0.23878583647936907,0.23459530100033477,0.23481832669555067,0.0,0.0,0.0,0.0,0.0,0.0,0,0.0,0.0,0,0,0,0,0,0,0,0,0,0,0,0,0
1,250.046,25,6.629048457490992,1.1309977693933617,1.1596821398782133,0.7632291168740984,0.502410269981952,0.9026217090429339,0.3630542315015812,0.8950495296556816,0.22968477598568193,180.0,180.0,0.0,-1,0,0,0,0,0,0,0,0,0,0.0,0.0,0.0,0.0,0.0,0.0,0.0,0.0,0.0,0.0,180.0,180.0,0.0,0.34947062650023675,0.3630542315015812,0.30626632996482417,0.0,0.0,0.0,0.0,0.0,0.0,0,0.0,0.0,0,0,0,0,0,0,0,0,0,0,0,0,0
1,251.046,25,5.573838595761357,-1.0552098617296348,0.4738833926838267,0.6857987471943867,0.46931431412996616,0.822531714735019,0.3629730218323105,0.8963418393176514,0.2593444389467023,180.0,180.0,0.0,-1,0,0,0,0,0,0,0,0,0,0.0,0.0,0.0,0.0,0.0,0.0,0.0,0.0,0.0,0.0,180.0,180.0,0.0,0.3723024153593414,0.3629730218323105,0.3555730782419386,0.0,0.0,0.0,0.0,0.0,0.0,0,0.0,0.0,0,0,0,0,0,0,0,0,0,0,0,0,0
1,252.059,25,0.029615952601027222,-5.473072698085223,0.0,0.4738833926838267,0.4743748811527204,0.8142747581057198,0.37957186561152423,0.8967309670700772,0.29523157545317924,180.0,180.0,0.0,-1,0,0,0,0,0,0,0,0,0,0.0,0.0,0.0,0.0,0.0,0.0,0.0,0.0,0.0,0.0,180.0,180.0,0.0,0.35016523969749624,0.37957186561152423,0.4005420427628885,0.0,0.0,0.0,0.0,0.0,0.0,0,0.0,0.0,0,0,0,0,0,0,0,0,0,0,0,0,0
1,253.048,25,0.0,-0.029945351467166047,0.0,0.0,0.4749758066666576,0.8012530526244928,0.3953363656321891,0.8959501739171373,0.3303251891707238,180.0,180.0,0.0,-1,0,0,0,0,0,0,0,0,0,0.0,0.0,0.0,0.0,0.0,0.0,0.0,0.0,0.0,0.0,180.0,180.0,0.0,0.32205475048599264,0.3953363656321891,0.39456872921323005,0.0,0.0,0.0,0.0,0.0,0.0,0,0.0,0.0,0,0,0,0,0,0,0,0,0,0,0,0,0
1,254.043,25,0.04020229143666761,0.04040431300167599,0.12928698359698895,0.12928698359698895,0.49107368611950974,0.7990676525830908,0.39921706791625844,0.8938696936755086,0.37055822403743344,180.0,180.0,0.0,-1,0,0,0,0,0,0,0,0,0,0.0,0.0,0.0,0.0,0.0,0.0,0.0,0.0,0.0,0.0,180.0,180.0,0.0,0.31193461794517163,0.39921706791625844,0.40243576926194524,0.0,0.0,0.0,0.0,0.0,0.0,0,0.0,0.0,0,0,0,0,0,0,0,0,0,0,0,0,0
1,255.044,25,4.308793404133267,4.264326785910689,2.570936023042008,2.441649039445019,1.0995456268067936,0.7967057356227228,0.8101832209256457,0.889424459104897,0.4748573429829735,180.0,180.0,0.0,-1,0,0,0,0,0,0,0,0,0,0.0,0.0,0.0,0.0,0.0,0.0,0.0,0.0,0.0,0.0,180.0,180.0,0.0,0.5561415467867562,0.8101832209256457,0.6364385157685435,0.0,0.0,0.0,0.0,0.0,0.0,0,0.0,0.0,0,0,0,0,0,0,0,0,0,0,0,0,0
1,256.046,25,6.872243920194986,2.558333848364989,0.5155129718568062,2.0554230511852016,1.0981790844594552,0.8038250851235095,0.8054883487851601,0.8850551961608348,0.5577749412254895,180.0,180.0,0.0,-1,0,0,0,0,0,0,0,0,0,0.0,0.0,0.0,0.0,0.0,0.0,0.0,0.0,0.0,0.0,180.0,180.0,0.0,0.5272634555576539,0.8054883487851601,0.7744381059348969,0.0,0.0,0.0,0.0,0.0,0.0,0,0.0,0.0,0,0,0,0,0,0,0,0,0,0,0,0,0
1,257.046,25,6.631624327146707,-0.2406195930482795,0.5433412500025222,0.02782827814571598,1.0441824762519567,0.7787455157871753,0.7859449331535522,0.8798236395510297,0.6319965357980527,180.0,180.0,0.0,-1,0,0,0,0,0,0,0,0,0,0.0,0.0,0.0,0.0,0.0,0.0,0.0,0.0,0.0,0.0,180.0,180.0,0.0,0.5791913873455729,0.7859449331535522,0.6991977385470187,0.0,0.0,0.0,0.0,0.0,0.0,0,0.0,0.0,0,0,0,0,0,0,0,0,0,0,0,0,0
1,258.051,25,4.84311614697818,-1.7796101295209221,1.5951126926423551,1.0517714426398328,0.9997893599040572,0.7407103137868583,0.8168866813262948,0.8728972731733764,0.6990461827609488,180.0,180.0,0.0,-1,0,0,0,0,0,0,0,0,0,0.0,0.0,0.0,0.0,0.0,0.0,0.0,0.0,0.0,0.0,180.0,180.0,0.0,0.7384208476706835,0.8168866813262948,0.8022504985377937,0.0,0.0,0.0,0.0,0.0,0.0,0,0.0,0.0,0,0,0,0,0,0,0,0,0,0,0,0,0
1,259.049,25,3.16319225616386,-1.6832904717578359,1.7746112972754968,0.1794986046331417,0.8754534862917147,0.7222660510450482,0.867470862975643,0.863951323648882,0.7529298991764783,180.0,180.0,0.0,-1,0,0,0,0,0,0,0,0,0,0.0,0.0,0.0,0.0,0.0,0.0,0.0,0.0,0.0,0.0,180.0,180.0,0.0,0.8762366750978219,0.867470862975643,0.7808368656398212,0.0,0.0,0.0,0.0,0.0,0.0,0,0.0,0.0,0,0,0,0,0,0,0,0,0,0,0,0,0
1,260.054,26,2.904279857120803,-0.25762427765478296,1.3035581933149027,0.4710531039605941,0.5878753071008169,0.7015449480199104,0.8738639354776825,0.8533264976107583,0.7614764028883648,180.0,180.0,0.0,-1,0,0,0,0,0,0,0,0,0,0.0,0.0,0.0,0.0,0.0,0.0,0.0,0.0,0.0,0.0,180.0,180.0,0.0,0.8906242804414907,0.8738639354776825,0.7516192643484708,0.0,0.0,0.0,0.0,0.0,0.0,0,0.0,0.0,0,0,0,0,0,0,0,0,0,0,0,0,0
1,261.053,26,4.010568996487841,1.1073965359029407,1.746137475081965,0.4425792817670622,0.5101719378226207,0.6813116075671529,0.8987095942525297,0.8412834186452107,0.7655621652576302,180.0,180.0,0.0,-1,0,0,0,0,0,0,0,0,0,0.0,0.0,0.0,0.0,0.0,0.0,0.0,0.0,0.0,0.0,180.0,180.0,0.0,1.0178496886813044,0.8987095942525297,0.7272973178057383,0.0,0.0,0.0,0.0,0.0,0.0,0,0.0,0.0,0,0,0,0,0,0,0,0,0,0,0,0,0
1,262.056,26,5.902608721529207,1.8863805832914917,0.14252435498921076,1.6036131200927541,0.6801435783914727,0.6715580048903271,0.8817442023305573,0.8286787855078032,0.7861390349815054,180.0,180.0,0.0,-1,0,0,0,0,0,0,0,0,0,0.0,0.0,0.0,0.0,0.0,0.0,0.0,0.0,0.0,0.0,180.0,180.0,0.0,1.0321021241802257,0.8817442023305573,0.8402702905466309,0.0,0.0,0.0,0.0,0.0,0.0,0,0.0,0.0,0,0,0,0,0,0,0,0,0,0,0,0,0
1,263.065,26,6.622329889845258,0.7133014552190791,0.3094428888550636,0.16691853386585284,0.7819462078825857,0.66966490889922,0.8462125836539784,0.8160821468978,0.8168360751030983,180.0,180.0,0.0,-1,0,0,0,0,0,0,0,0,0,0.0,0.0,0.0,0.0,0.0,0.0,0.0,0.0,0.0,0.0,180.0,180.0,0.0,1.063046413065732,0.8462125836539784,0.8569621439332163,0.0,0.0,0.0,0.0,0.0,0.0,0,0.0,0.0,0,0,0,0,0,0,0,0,0,0,0,0,0
1,264.066,26,6.645282881380471,0.022930061473739393,0.7273653933990349,0.41792250454397134,0.673879156823658,0.6585787097460604,0.792302336164437,0.8025779431860809,0.8351166221735131,180.0,180.0,0.0,-1,0,0,0,0,0,0,0,0,0,0.0,0.0,0.0,0.0,0.0,0.0,0.0,0.0,0.0,0.0,180.0,180.0,0.0,1.1228542540459365,0.792302336164437,0.8858256960279146,0.0,0.0,0.0,0.0,0.0,0.0,0,0.0,0.0,0,0,0,0,0,0,0,0,0,0,0,0,0
1,265.053,26,5.3448309677829045,-1.3175804595720024,0.2408856282951999,0.48647976510383506,0.6608685083500605,0.6591213091519466,0.6487339199401739,0.7889954502814946,0.7912489103278398,180.0,180.0,0.0,-1,0,0,0,0,0,0,0,0,0,0.0,0.0,0.0,0.0,0.0,0.0,0.0,0.0,0.0,0.0,180.0,180.0,0.0,0.8898492145712558,0.6487339199401739,0.6903087685937962,0.0,0.0,0.0,0.0,0.0,0.0,0,0.0,0.0,0,0,0,0,0,0,0,0,0,0,0,0,0
1,266.053,26,1.7884350701102012,-3.5563958976727035,0.9955373473954311,0.7546517191002312,0.362999300425127,0.6220209660021848,0.6355838355950693,0.7731112997325547,0.717730931924407,180.0,180.0,0.0,-1,0,0,0,0,0,0,0,0,0,0.0,0.0,0.0,0.0,0.0,0.0,0.0,0.0,0.0,0.0,180.0,180.0,0.0,0.9378516521251182,0.6355838355950693,0.5602316353852992,0.0,0.0,0.0,0.0,0.0,0.0,0,0.0,0.0,0,0,0,0,0,0,0,0,0,0,0,0,0
1,267.067,26,0.7536478572423124,-1.0205002099288845,0.4685776357274824,0.5269597116679487,0.31224894386360724,0.600486313307575,0.64115538018909,0.7561839926250703,0.644537578685572,180.0,180.0,0.0,-1,0,0,0,0,0,0,0,0,0,0.0,0.0,0.0,0.0,0.0,0.0,0.0,0.0,0.0,0.0,180.0,180.0,0.0,0.9303752906976144,0.64115538018909,0.6101447787375224,0.0,0.0,0.0,0.0,0.0,0.0,0,0.0,0.0,0,0,0,0,0,0,0,0,0,0,0,0,0
1,268.065,26,2.596892069066164,1.8469380879998512,1.5390892354431611,1.0705115997156787,0.503003539196195,0.5958107928169689,0.6349160035536228,0.7389305885752269,0.5948589966147859,180.0,180.0,0.0,-1,0,0,0,0,0,0,0,0,0,0.0,0.0,0.0,0.0,0.0,0.0,0.0,0.0,0.0,0.0,180.0,180.0,0.0,0.9247729449776948,0.6349160035536228,0.612018794445107,0.0,0.0,0.0,0.0,0.0,0.0,0,0.0,0.0,0,0,0,0,0,0,0,0,0,0,0,0,0
1,269.056,26,3.705517831139222,1.1186940081463754,1.6712579347636938,0.13216869932053266,0.6321501983280519,0.647550933819338,0.6202160382839592,0.7244825041338627,0.5705286678184195,180.0,180.0,0.0,-1,0,0,0,0,0,0,0,0,0,0.0,0.0,0.0,0.0,0.0,0.0,0.0,0.0,0.0,0.0,180.0,180.0,0.0,0.9144376087265146,0.6202160382839592,0.6072858039138461,0.0,0.0,0.0,0.0,0.0,0.0,0,0.0,0.0,0,0,0,0,0,0,0,0,0,0,0,0,0
1,270.058,27,6.234742974093431,2.5241767893754576,0.4373637431443274,1.2338941916193664,0.5782933110834168,0.7655308971701836,0.6203195205897555,0.7176279635402252,0.5695704682166796,180.0,180.0,0.0,-1,0,0,0,0,0,0,0,0,0,0.0,0.0,0.0,0.0,0.0,0.0,0.0,0.0,0.0,0.0,180.0,180.0,0.0,0.827818163709457,0.6203195205897555,0.6835699126797233,0.0,0.0,0.0,0.0,0.0,0.0,0,0.0,0.0,0,0,0,0,0,0,0,0,0,0,0,0,0
1,271.058,27,4.2097615431278825,-2.024981430965548,1.5782703343418187,1.1409065911974914,0.6281098384445989,0.83690864325777,0.5944387580544128,0.7183468099663627,0.5813642582788774,74.8369,74.8369,98.411,0,1,0,0,0,0,0,0,0,0,0.0,0.0,0.0,0.0,0.0,0.0,0.0,0.0,0.0,0.0,74.8369,74.8369,98.411,0.8110314496354423,0.5944387580544128,0.7534026436227662,0.0,0.0,0.0,0.0,0.0,0.0,0,0.0,0.0,0,0,0,0,0,0,0,0,0,0,0,0,0
1,272.052,27,1.918981295199351,-2.3046078953003337,2.5317934381634846,0.9535231038216658,0.7445615235614867,0.83401682761303,0.7545032467410336,0.7193339134417283,0.5878060527958787,70.3074,70.3074,97.4436,0,1,0,0,0,0,0,0,0,0,0.0,0.0,0.0,0.0,0.0,0.0,0.0,0.0,0.0,0.0,72.57215,70.3074,97.9273,1.0499583579528697,0.7545032467410336,0.6883936419956574,0.0,0.0,0.0,0.0,0.0,0.0,0,0.0,0.0,0,0,0,0,0,0,0,0,0,0,0,0,0
1,273.055,27,4.348308076846494,2.4220605998476006,1.3765527837221494,1.1552406544413352,0.7487780361758521,0.8310764472868875,0.7124219060736838,0.720825083174848,0.5844892356252054,70.3074,150.82,101.048,0,1,0,0,0,0,0,0,0,0,0.0,0.0,0.0,0.0,0.0,0.0,0.0,0.0,0.0,0.0,98.65476666666666,70.3074,98.96753333333334,1.1566693474395784,0.7124219060736838,0.7872258540532057,0.0,0.0,0.0,0.0,0.0,0.0,0,0.0,0.0,0,0,0,0,0,0,0,0,0,0,0,0,0
1,274.059,27,6.5969538319372125,2.239687007062469,0.08408811387904662,1.2924646698431028,0.9714413867054463,0.8321487812923644,0.7812136428574645,0.7224791396103116,0.6142454586133843,70.3074,157.84,106.363,0,1,0,0,0,0,0,0,0,0,0.0,0.0,0.0,0.0,0.0,0.0,0.0,0.0,0.0,0.0,113.451075,70.3074,100.8164,1.0923416194875795,0.7812136428574645,0.8746800705831188,0.0,0.0,0.0,0.0,0.0,0.0,0,0.0,0.0,0,0,0,0,0,0,0,0,0,0,0,0,0
1,275.056,27,6.625634677399762,0.02876714690325912,0.7946578993079167,0.7105697854288702,0.9125235185972055,0.8079973086350666,0.7322434872505804,0.7230437182609288,0.6394109596380988,70.3074,156.137,112.865,0,1,0,0,0,0,0,0,0,0,0.0,0.0,0.0,0.0,0.0,0.0,0.0,0.0,0.0,0.0,121.98826,70.3074,103.22612,1.147718846588851,0.7322434872505804,0.8970890726156224,0.0,0.0,0.0,0.0,0.0,0.0,0,0.0,0.0,0,0,0,0,0,0,0,0,0,0,0,0,0
1,276.062,27,2.5833261749560754,-4.018199306604062,2.1580754283434644,1.3634175290355477,0.9941889090556286,0.7771499075417858,0.7949938124301971,0.7217099593818427,0.7025299205011489,32.2236,32.2236,115.307,0,1,0,0,0,0,0,0,0,0,0.0,0.0,0.0,0.0,0.0,0.0,0.0,0.0,0.0,0.0,107.02748333333334,32.2236,105.2396,1.2639726546836545,0.7949938124301971,0.9579656536091539,0.0,0.0,0.0,0.0,0.0,0.0,0,0.0,0.0,0,0,0,0,0,0,0,0,0,0,0,0,0
1,277.061,27,1.8259909787195547,-0.7580932895260467,0.14760679772573523,2.010468630617729,0.873501187314937,0.7341146165767362,0.8360923472876692,0.7194784144213207,0.7586551448462819,23.9114,23.9114,113.916,0,1,0,0,0,0,0,0,0,0,0.0,0.0,0.0,0.0,0.0,0.0,0.0,0.0,0.0,0.0,95.15375714285713,23.9114,106.47908571428572,1.2318755708834797,0.8360923472876692,1.1063165455041322,0.0,0.0,0.0,0.0,0.0,0.0,0,0.0,0.0,0,0,0,0,0,0,0,0,0,0,0,0,0
1,278.062,27,0.03736426137156269,-1.7868398774705216,0.0005856607767503457,0.1470211369489849,0.9067478898928922,0.731724614428638,0.9114365340767993,0.7190291294534097,0.7990295799159517,23.8477,23.8477,113.979,0,1,0,0,0,0,0,0,0,0,0.0,0.0,0.0,0.0,0.0,0.0,0.0,0.0,0.0,0.0,86.2405,23.8477,107.416575,1.0780252134168387,0.9114365340767993,1.0139674992274625,0.0,0.0,0.0,0.0,0.0,0.0,0,0.0,0.0,0,0,0,0,0,0,0,0,0,0,0,0,0
1,279.072,27,2.320250953223011,2.2602838533182656,1.336731928000067,1.3361462672233166,0.8886576802715545,0.6743619510652522,0.8932003842875652,0.7166339244544199,0.824680328110302,23.8477,102.369,113.73,0,1,0,0,0,0,0,0,0,0,0.0,0.0,0.0,0.0,0.0,0.0,0.0,0.0,0.0,0.0,88.03255555555556,23.8477,108.11806666666666,1.0445726127404762,0.8932003842875652,1.134365256017741,0.0,0.0,0.0,0.0,0.0,0.0,0,0.0,0.0,0,0,0,0,0,0,0,0,0,0,0,0,0
1,280.063,28,4.805969770234217,2.508293458134416,0.8764879817500816,0.4602439462499853,0.8872720981925603,0.6081493987191267,0.8705380941686407,0.7119641469893807,0.8555782068212162,23.8477,153.827,114.814,0,1,0,0,0,0,0,0,0,0,0.0,0.0,0.0,0.0,0.0,0.0,0.0,0.0,0.0,0.0,94.612,23.8477,108.78766,1.0884850366010514,0.8705380941686407,1.057000231480803,0.0,0.0,0.0,0.0,0.0,0.0,0,0.0,0.0,0,0,0,0,0,0,0,0,0,0,0,0,0
1,281.07,28,4.023019481976795,-0.7775077341185919,0.35450022733440073,0.5219877544156808,0.5539191513720615,0.5669537221405321,0.8800007509756655,0.7062462527180496,0.8481591381139625,23.8477,175.253,115.625,0,1,0,0,0,0,0,0,0,0,0.0,0.0,0.0,0.0,0.0,0.0,0.0,0.0,0.0,0.0,104.65361,23.8477,110.50906,0.9661080259003096,0.8800007509756655,0.9951083478026218,0.0,0.0,0.0,0.0,0.0,0.0,0,0.0,0.0,0,0,0,0,0,0,0,0,0,0,0,0,0
1,282.068,28,0.9972030072633662,-3.0318802351837966,2.466976591656795,2.112476364322394,0.961237995895158,0.5363809388700413,0.8673348331144304,0.6994873994170354,0.8698267853473297,23.8477,43.0579,116.87,0,1,0,0,0,0,0,0,0,0,0.0,0.0,0.0,0.0,0.0,0.0,0.0,0.0,0.0,0.0,101.92866,23.8477,112.4517,0.9596263412496407,0.8673348331144304,1.1110036738526947,0.0,0.0,0.0,0.0,0.0,0.0,0,0.0,0.0,0,0,0,0,0,0,0,0,0,0,0,0,0
1,283.066,28,0.0,-0.9992014100835332,0.739135111110467,1.7278414805463278,0.8132682881357165,0.5112342067214808,0.8566463038956345,0.6915658643081485,0.876275810543316,43.0579,83.2312,121.653,0,1,0,0,0,0,0,0,0,0,0.0,0.0,0.0,0.0,0.0,0.0,0.0,0.0,0.0,0.0,95.16977999999999,23.8477,114.5122,0.8958845739884724,0.8566463038956345,1.168263756463194,0.0,0.0,0.0,0.0,0.0,0.0,0,0.0,0.0,0,0,0,0,0,0,0,0,0,0,0,0,0
1,284.07,28,1.7551151252304296,1.748122634691663,2.0790850914960006,1.3399499803855335,0.916059117593053,0.524193471506596,0.8786058835650611,0.6848466023961752,0.8707375836320767,43.0579,159.757,127.864,0,1,0,0,0,0,0,0,0,0,0.0,0.0,0.0,0.0,0.0,0.0,0.0,0.0,0.0,0.0,95.36148,23.8477,116.6623,1.0953842717501678,0.8786058835650611,1.173012287517437,0.0,0.0,0.0,0.0,0.0,0.0,0,0.0,0.0,0,0,0,0,0,0,0,0,0,0,0,0,0
1,285.108,28,4.050703980688603,2.2115499570887986,0.010173697788685659,2.068911393707315,1.0835653095326998,0.5299070623540822,0.9412308006144864,0.6783858900562819,0.8878417627256262,43.0579,162.612,137.413,0,1,0,0,0,0,0,0,0,0,0.0,0.0,0.0,0.0,0.0,0.0,0.0,0.0,0.0,0.0,96.00898,23.8477,119.11709999999998,1.0169358515982447,0.9412308006144864,1.3088464483452815,0.0,0.0,0.0,0.0,0.0,0.0,0,0.0,0.0,0,0,0,0,0,0,0,0,0,0,0,0,0
1,286.07,28,5.813532772680233,1.8324623617376616,0.17005408390763593,0.15988038611895028,1.11912217501258,0.5991615069380477,0.8814776160558631,0.6772429171030752,0.9003350893213213,43.0579,155.03,148.696,0,1,0,0,0,0,0,0,0,0,0.0,0.0,0.0,0.0,0.0,0.0,0.0,0.0,0.0,0.0,108.28961999999999,23.8477,122.45599999999999,0.818133717154662,0.8814776160558631,1.1884927340536218,0.0,0.0,0.0,0.0,0.0,0.0,0,0.0,0.0,0,0,0,0,0,0,0,0,0,0,0,0,0
1,287.076,28,2.3064073158460507,-3.4862082075886502,0.37339327145568674,0.2033391875480508,0.8311884969877437,0.6247752159079485,0.8651342124303595,0.6784573622330938,0.8961038202886019,83.2312,177.694,156.953,0,1,0,0,0,0,0,0,0,0,0.0,0.0,0.0,0.0,0.0,0.0,0.0,0.0,0.0,0.0,123.66788,23.8477,126.7597,0.8407123645276571,0.8651342124303595,1.007779789746654,0.0,0.0,0.0,0.0,0.0,0.0,0,0.0,0.0,0,0,0,0,0,0,0,0,0,0,0,0,0
1,288.074,28,4.365936185275736,2.0636561817932715,1.8951053866673149,1.5217121152116282,0.9977785604008965,0.6618181334210945,0.8681478443765003,0.6817577292633001,0.9052068873394024,73.7699,73.7699,162.608,0,1,0,0,0,0,0,0,0,0,0.0,0.0,0.0,0.0,0.0,0.0,0.0,0.0,0.0,0.0,128.6601,43.0579,131.62259999999998,1.0301643371167135,0.8681478443765003,1.1452488875729183,0.0,0.0,0.0,0.0,0.0,0.0,0,0.0,0.0,0,0,0,0,0,0,0,0,0,0,0,0,0
1,289.074,28,6.43765491464904,2.0717187293733046,0.16185773997676187,1.733247646690553,0.7783053438969632,0.6707737003981824,0.9009295101510114,0.6829188675922423,0.8941716537019433,73.7699,84.9242,162.765,0,1,0,0,0,0,0,0,0,0,0.0,0.0,0.0,0.0,0.0,0.0,0.0,0.0,0.0,0.0,126.91562000000002,43.0579,136.52609999999999,0.912676918314383,0.9009295101510114,1.1849590255196418,0.0,0.0,0.0,0.0,0.0,0.0,0,0.0,0.0,0,0,0,0,0,0,0,0,0,0,0,0,0
1,290.072,29,6.150436767795175,-0.28779373432251026,1.2601160739996542,1.0982583340228924,0.773486060509992,0.6915625700164906,0.9073620566605769,0.6792204512345577,0.8827930499336863,73.7699,157.059,168.232,0,1,0,0,0,0,0,0,0,0,0.0,0.0,0.0,0.0,0.0,0.0,0.0,0.0,0.0,0.0,127.23882,43.0579,141.86790000000002,0.9510397275393402,0.9073620566605769,1.2487604642969328,0.0,0.0,0.0,0.0,0.0,0.0,0,0.0,0.0,0,0,0,0,0,0,0,0,0,0,0,0,0
1,291.079,29,6.675515535848416,0.5214287666864361,0.03831130939912264,1.2218047646005314,0.8008806821682466,0.7115529889187746,0.9355313026177682,0.6729526685176079,0.907489203013305,73.7699,159.325,173.891,0,1,0,0,0,0,0,0,0,0,0.0,0.0,0.0,0.0,0.0,0.0,0.0,0.0,0.0,0.0,125.64602,43.0579,147.6945,0.9194208357458125,0.9355313026177682,1.3187421653154177,0.0,0.0,0.0,0.0,0.0,0.0,0,0.0,0.0,0,0,0,0,0,0,0,0,0,0,0,0,0
1,292.078,29,6.737026768049427,0.06157280500601675,0.04499202876835565,0.006680719369233014,0.8509533817354942,0.7636570473670078,0.7930297291702877,0.6694346795053068,0.8964607415973385,73.7699,155.459,182.695,0,1,0,0,0,0,0,0,0,0,0.0,0.0,0.0,0.0,0.0,0.0,0.0,0.0,0.0,0.0,136.88612999999998,73.7699,154.277,0.6772223794569685,0.7930297291702877,1.1081626008201015,0.0,0.0,0.0,0.0,0.0,0.0,0,0.0,0.0,0,0,0,0,0,0,0,0,0,0,0,0,0
1,293.077,29,0.80858340853046,-5.934377737256224,0.15241847686162283,0.10742644809326718,0.5223080794481535,0.7610496546674718,0.8094736061223969,0.665933339874336,0.8673647207285823,84.9242,162.716,187.733,0,1,0,0,0,0,0,0,0,0,0.0,0.0,0.0,0.0,0.0,0.0,0.0,0.0,0.0,0.0,144.83461,73.7699,160.885,0.618550716032084,0.8094736061223969,0.9461210975747955,0.0,0.0,0.0,0.0,0.0,0.0,0,0.0,0.0,0,0,0,0,0,0,0,0,0,0,0,0,0
1,294.08,29,3.0115051906563304,2.1963327837745474,2.4091972951059772,2.2567788182443542,1.045106166855981,0.7211463857889256,0.8793674983013654,0.6603832200991641,0.8802694256548751,61.3141,61.3141,191.742,0,1,0,0,0,0,0,0,0,0,0.0,0.0,0.0,0.0,0.0,0.0,0.0,0.0,0.0,0.0,134.99032000000003,61.3141,167.2728,0.6515619363930817,0.8793674983013654,1.0378039813606776,0.0,0.0,0.0,0.0,0.0,0.0,0,0.0,0.0,0,0,0,0,0,0,0,0,0,0,0,0,0
1,295.082,29,3.313538152730534,0.30143010187046254,0.5904028084021754,1.8187944867038017,1.0107013568274017,0.6449658448464235,0.8510307317766984,0.6522316469097319,0.8729830303843451,61.3141,97.7297,192.301,0,1,0,0,0,0,0,0,0,0,0.0,0.0,0.0,0.0,0.0,0.0,0.0,0.0,0.0,0.0,128.50209,61.3141,172.7616,0.7095848474544307,0.8510307317766984,1.0127922906603262,0.0,0.0,0.0,0.0,0.0,0.0,0,0.0,0.0,0,0,0,0,0,0,0,0,0,0,0,0,0
1,296.081,29,5.782365137538473,2.4712982830910297,0.04612112039425136,0.5442816880079241,1.0095307365780306,0.5267454504886607,0.8606092475180411,0.6397114240570756,0.8620238865408902,61.3141,97.2898,188.872,0,1,0,0,0,0,0,0,0,0,0.0,0.0,0.0,0.0,0.0,0.0,0.0,0.0,0.0,0.0,122.72807,61.3141,176.7792,0.6971915511030923,0.8606092475180411,1.0512324208492236,0.0,0.0,0.0,0.0,0.0,0.0,0,0.0,0.0,0,0,0,0,0,0,0,0,0,0,0,0,0
1,297.084,29,4.5499058796993666,-1.22877293902204,0.9750840369425021,0.9289629165482508,0.9546982820319474,0.5416295164935319,0.8564792416423502,0.6300871690529155,0.8743748650453107,61.3141,155.991,194.202,0,1,0,0,0,0,0,0,0,0,0.0,0.0,0.0,0.0,0.0,0.0,0.0,0.0,0.0,0.0,120.55777,61.3141,180.5041,0.7573606276517738,0.8564792416423502,1.1237947937492436,0.0,0.0,0.0,0.0,0.0,0.0,0,0.0,0.0,0,0,0,0,0,0,0,0,0,0,0,0,0
1,298.085,29,4.7191901130386,0.1691151182210125,1.0068333733704118,0.03174933642790967,0.875215189859498,0.5063558400644577,0.7667305060019972,0.6188187303347064,0.8621185279911708,61.3141,100.409,199.702,0,1,0,0,0,0,0,0,0,0,0.0,0.0,0.0,0.0,0.0,0.0,0.0,0.0,0.0,0.0,123.22168000000002,61.3141,184.2135,0.6685334263220835,0.7667305060019972,0.9747985158708717,0.0,0.0,0.0,0.0,0.0,0.0,0,0.0,0.0,0,0,0,0,0,0,0,0,0,0,0,0,0
1,299.087,29,3.018653577943015,-1.6971422505943965,1.4903604886371085,0.48352711526669667,0.5384999649257776,0.48036746522194645,0.7840825164488422,0.6091190060425411,0.8381379900940523,16.3972,16.3972,205.044,0,1,0,0,0,0,0,0,0,0,0.0,0.0,0.0,0.0,0.0,0.0,0.0,0.0,0.0,0.0,116.36898,16.3972,188.4414,0.8013837011881181,0.7840825164488422,0.8498264627284862,0.0,0.0,0.0,0.0,0.0,0.0,0,0.0,0.0,0,0,0,0,0,0,0,0,0,0,0,0,0
1,300.091,30,3.1008418092468384,0.08186078815121871,0.2390878483775632,1.2512726402595453,0.5960757820300604,0.3921962390745085,0.7841881793632676,0.5983213480603102,0.8203969622460591,16.3972,30.6896,208.243,0,1,0,0,0,0,0,0,0,0,0.0,0.0,0.0,0.0,0.0,0.0,0.0,0.0,0.0,0.0,103.73204000000001,16.3972,192.4425,0.699280878625909,0.7841881793632676,0.8651278933521513,0.0,0.0,0.0,0.0,0.0,0.0,0,0.0,0.0,0,0,0,0,0,0,0,0,0,0,0,0,0
1,301.086,30,2.4243552210476715,-0.6798860182906199,0.5167215595902659,0.2776337112127027,0.4833467754434722,0.3174315807712807,0.7533716363899475,0.5858452409918476,0.7886435715735816,16.3972,60.5694,212.287,0,1,0,0,0,0,0,0,0,0,0.0,0.0,0.0,0.0,0.0,0.0,0.0,0.0,0.0,0.0,93.85648,16.3972,196.2821,0.7471219036450234,0.7533716363899475,0.7707107880133686,0.0,0.0,0.0,0.0,0.0,0.0,0,0.0,0.0,0,0,0,0,0,0,0,0,0,0,0,0,0
1,302.089,30,3.307745742282784,0.8807482764058947,1.016851430867382,0.5001298712771161,0.4864943464228491,0.2574214770623275,0.7144100899474296,0.571897267901462,0.7521976680423171,2.53173,2.53173,215.457,0,1,1,0,0,0,1,0,0,0,0.0,0.0,0.0,0.0,0.0,0.1,0.1,0.0,0.0,0.0,78.56375299999999,2.53173,199.55829999999997,0.8443078438549261,0.7144100899474296,0.8200557032041568,0.0,0.0,0.0,0.0,0.0,0.0,0,0.0,0.0,0,0,0,0,0,0,0,0,0,0,0,0,0
1,303.096,30,2.617824879335496,-0.6851249880310702,1.5585305812112122,0.5416791503438303,0.5828529829381265,0.22393787447415595,0.7013577377698457,0.5575324512890957,0.7582521583913144,2.53173,93.3065,219.762,0,1,0,0,0,0,0,0,0,0,0.0,0.0,0.0,0.0,0.0,0.1,0.1,0.0,0.0,0.0,71.622803,2.53173,202.7612,0.9849190542898849,0.7013577377698457,0.863480973429213,0.0,0.0,0.0,0.0,0.0,0.0,0,0.0,0.0,0,0,0,0,0,0,0,0,0,0,0,0,0
1,304.092,30,3.6301487333903446,1.0163894117016552,0.9826733219473168,0.5758572592638954,0.5076735244323957,0.20259679280716125,0.49385822959165726,0.541452617354124,0.7045088941489559,2.53173,150.815,226.37,0,1,0,0,0,0,0,0,0,0,0.0,0.0,0.0,0.0,0.0,0.1,0.1,0.0,0.0,0.0,80.572893,2.53173,206.22400000000002,0.8422666569740189,0.49385822959165726,0.6953888175311673,0.0,0.0,0.0,0.0,0.0,0.0,0,0.0,0.0,0,0,0,0,0,0,0,0,0,0,0,0,0
1,305.096,30,5.889521763792467,2.2503715442252212,0.19617866943369042,0.7864946525136264,0.5210389186211102,0.2197123799726596,0.530567471955013,0.5259428832350528,0.6555426503283268,2.53173,162.97,236.155,0,1,0,0,0,0,0,0,0,0,0.0,0.0,0.0,0.0,0.0,0.1,0.1,0.0,0.0,0.0,87.096923,2.53173,210.6094,0.8028442430771705,0.530567471955013,0.5921588341121498,0.0,0.0,0.0,0.0,0.0,0.0,0,0.0,0.0,0,0,0,0,0,0,0,0,0,0,0,0,0
1,306.097,30,6.741917243093203,0.8515439353653712,0.003115634133105134,0.19306303530058527,0.6410171176317744,0.23690588857060824,0.5375115086154348,0.5078301023166809,0.6186912884337012,2.53173,163.779,246.041,0,1,0,0,0,0,0,0,0,0,0.0,0.0,0.0,0.0,0.0,0.1,0.1,0.0,0.0,0.0,93.74584300000001,2.53173,216.3263,0.7985436944510558,0.5375115086154348,0.5570369688414158,0.0,0.0,0.0,0.0,0.0,0.0,0,0.0,0.0,0,0,0,0,0,0,0,0,0,0,0,0,0
1,307.102,30,6.547890889229976,-0.19306104862012702,2.207136179113433e-06,0.0031134269969260208,0.6948186281477019,0.2698588253389743,0.5879995421389543,0.4900842827882322,0.5927033230452766,93.3065,163.53,255.378,0,1,0,0,0,0,0,0,0,0,0.0,0.0,0.0,0.0,0.0,0.1,0.1,0.0,0.0,0.0,94.499743,2.53173,222.44389999999999,0.7010355114704235,0.5879995421389543,0.4644520198862834,0.0,0.0,0.0,0.0,0.0,0.0,0,0.0,0.0,0,0,0,0,0,0,0,0,0,0,0,0,0
1,308.095,30,6.707790465450887,0.16102676356587234,0.48307061576924437,0.48306840863306527,0.41322751482498304,0.34751056383844303,0.5810196759711903,0.4743689043090996,0.5465045555418252,150.815,168.812,264.687,0,1,0,0,0,0,0,0,0,0,0.0,0.0,0.0,0.0,0.0,0.1,0.1,0.0,0.0,0.0,101.340043,2.53173,228.9424,0.6486592357103068,0.5810196759711903,0.509583927106799,0.0,0.0,0.0,0.0,0.0,0.0,0,0.0,0.0,0,0,0,0,0,0,0,0,0,0,0,0,0
1,309.104,30,6.678229885386169,-0.029296907893674996,0.4461563624509967,0.03691425331824766,0.23248410918092768,0.45844911940506905,0.5013055138088417,0.46375267525944397,0.5159029699673401,142.393,142.393,273.98,0,1,0,0,0,0,0,0,0,0,0.0,0.0,0.0,0.0,0.0,0.1,0.1,0.0,0.0,0.0,113.93962300000001,2.53173,235.836,0.5442388230916956,0.5013055138088417,0.46492264091195407,0.0,0.0,0.0,0.0,0.0,0.0,0,0.0,0.0,0,0,0,0,0,0,0,0,0,0,0,0,0
1,310.099,31,6.645595207247575,-0.03279867149607437,0.04396124546319009,0.40219511698780663,0.24684018684469428,0.47745433073576354,0.518021670693063,0.4530472632954076,0.48097941044880355,140.323,140.323,282.956,0,1,0,0,0,0,0,0,0,0,0.0,0.0,0.0,0.0,0.0,0.1,0.1,0.0,0.0,0.0,124.902963,2.53173,243.30730000000003,0.5247261628002582,0.518021670693063,0.38001488858478016,0.0,0.0,0.0,0.0,0.0,0.0,0,0.0,0.0,0,0,0,0,0,0,0,0,0,0,0,0,0
1,311.097,31,6.766075970747809,0.12072220791606643,0.18743628488552588,0.1434750394223358,0.22364413525326546,0.4853541055415584,0.5289376744030475,0.4417373191265467,0.4550091464297828,140.323,151.817,291.76,0,1,0,0,0,0,0,0,0,0,0.0,0.0,0.0,0.0,0.0,0.1,0.1,0.0,0.0,0.0,134.02772299999998,2.53173,251.25459999999998,0.49179763532978427,0.5289376744030475,0.36659902140574346,0.0,0.0,0.0,0.0,0.0,0.0,0,0.0,0.0,0,0,0,0,0,0,0,0,0,0,0,0,0
1,312.146,31,6.438073932842279,-0.31268068437133456,0.0025730631841239704,0.1848632217014019,0.22297902033445152,0.49009111626013896,0.5141075010468557,0.42805902257120343,0.4286576138209431,140.323,152.454,300.588,0,1,0,0,0,0,0,0,0,0,0.0,0.0,0.0,0.0,0.0,0.0,0.0,0.0,0.0,0.0,149.01995000000002,93.3065,259.7677,0.3903697985614585,0.5141075010468557,0.33507235644817207,0.0,0.0,0.0,0.0,0.0,0.0,0,0.0,0.0,0,0,0,0,0,0,0,0,0,0,0,0,0
1,313.1,31,6.442646527696008,0.004793076366591738,0.014007527783422461,0.011434464599298491,0.18705530393954306,0.4958710334454401,0.3192443338366238,0.4148000915101018,0.38907784592108474,140.323,153.724,309.043,0,1,0,0,0,0,0,0,0,0,0.0,0.0,0.0,0.0,0.0,0.0,0.0,0.0,0.0,0.0,155.06170000000003,140.323,268.6958,0.23591749321867947,0.3192443338366238,0.28204788787371887,0.0,0.0,0.0,0.0,0.0,0.0,0,0.0,0.0,0,0,0,0,0,0,0,0,0,0,0,0,0
1,314.101,31,0.7194194560399825,-5.717509562093931,0.014416327295663495,0.00040879951224103393,0.0769828627737163,0.4923056811255057,0.18705876681376643,0.4033580562769307,0.3460087797552168,140.323,152.974,311.322,0,1,0,0,0,0,0,0,0,0,0.0,0.0,0.0,0.0,0.0,0.0,0.0,0.0,0.0,0.0,155.2776,140.323,277.191,0.13909179375351416,0.18705876681376643,0.22450304189855347,0.0,0.0,0.0,0.0,0.0,0.0,0,0.0,0.0,0,0,0,0,0,0,0,0,0,0,0,0,0
1,315.103,31,0.6786427145704546,-0.04069535076799194,0.02545490068529802,0.011038573389634524,0.07793377541812366,0.502504182560666,0.18904984990639997,0.3962349731626429,0.3016982654349182,151.573,151.573,311.925,0,1,0,0,0,0,0,0,0,0,0.0,0.0,0.0,0.0,0.0,0.0,0.0,0.0,0.0,0.0,154.1379,140.323,284.768,0.12201941687867493,0.18904984990639997,0.14695743398615427,0.0,0.0,0.0,0.0,0.0,0.0,0,0.0,0.0,0,0,0,0,0,0,0,0,0,0,0,0,0
1,316.104,31,2.283411231563722,1.603165351641626,0.4160060900884774,0.39055118940317934,0.17991413631141942,0.5592528236763581,0.20464082718497287,0.3978603418220278,0.25558796730288263,151.573,175.538,314.106,0,1,0,0,0,0,0,0,0,0,0.0,0.0,0.0,0.0,0.0,0.0,0.0,0.0,0.0,0.0,155.31380000000001,140.323,291.57450000000006,0.16330846247421216,0.20464082718497287,0.16670624939641368,0.0,0.0,0.0,0.0,0.0,0.0,0,0.0,0.0,0,0,0,0,0,0,0,0,0,0,0,0,0
1,317.108,31,4.127990421002504,1.8372302683653203,1.4242603800363594,1.008254289947882,0.6093179512939925,0.5768318059578749,0.43936576567471775,0.3996204562952449,0.24703789961751169,102.885,102.885,317.811,0,1,0,0,0,0,0,0,0,0,0.0,0.0,0.0,0.0,0.0,0.0,0.0,0.0,0.0,0.0,149.2493,102.885,297.8178,0.3057342797642302,0.43936576567471775,0.26722033569150927,0.0,0.0,0.0,0.0,0.0,0.0,0,0.0,0.0,0,0,0,0,0,0,0,0,0,0,0,0,0
1,318.109,31,1.9238227857022958,-2.2019656696305776,2.461012167656095,1.0367517876197356,1.0594690813733145,0.6138133744385076,0.813765582142825,0.4049933330139474,0.31166205627234483,102.885,116.077,319.639,0,1,0,0,0,0,0,0,0,0,0.0,0.0,0.0,0.0,0.0,0.0,0.0,0.0,0.0,0.0,143.9758,102.885,303.313,0.5035284349529152,0.813765582142825,0.3225886735901763,0.0,0.0,0.0,0.0,0.0,0.0,0,0.0,0.0,0,0,0,0,0,0,0,0,0,0,0,0,0
1,319.11,31,1.4219543135787769,-0.5013671050185005,0.5208920574409369,1.9401201102151582,0.9785501124544483,0.6387390552958738,0.813523283993385,0.41291191251764375,0.3862686565996969,86.4478,86.4478,320.026,0,1,0,0,0,0,0,0,0,0,0.0,0.0,0.0,0.0,0.0,0.0,0.0,0.0,0.0,0.0,138.38128,86.4478,307.9176,0.5110020044519092,0.813523283993385,0.5129092592798673,0.0,0.0,0.0,0.0,0.0,0.0,0,0.0,0.0,0,0,0,0,0,0,0,0,0,0,0,0,0
1,320.107,32,1.9546584746210238,0.5343070822891143,0.9123388880007505,0.39144683055981355,0.8344055273864818,0.6609976626186698,0.8044264660080956,0.42635198369485183,0.4450251906538757,34.2795,34.2795,318.109,0,1,0,0,0,0,0,0,0,0,0.0,0.0,0.0,0.0,0.0,0.0,0.0,0.0,0.0,0.0,127.77693000000002,34.2795,311.43289999999996,0.5978397687056654,0.8044264660080956,0.511834430637068,0.0,0.0,0.0,0.0,0.0,0.0,0,0.0,0.0,0,0,0,0,0,0,0,0,0,0,0,0,0
1,321.104,32,5.400929422890156,3.456640870881778,0.6969660223736516,0.2153728656270989,0.78060493200767,0.6352108727890593,0.7915772154533937,0.44224094829574073,0.5007212703293161,4.76206,4.76206,315.282,0,1,1,0,0,0,1,0,1,0,0.0,0.0,0.0,0.0,0.0,0.1,0.1,0.0,0.0,0.0,113.07143600000002,4.76206,313.7851,0.6487927424544778,0.7915772154533937,0.5190242132575443,0.0,0.0,0.1,0.0,0.0,0.0,0,0.0,0.0,0,0,0,0,0,0,0,0,0,0,0,0,0
1,322.112,32,3.279795287873565,-2.1042997371196344,2.2699192978920553,1.5729532755184037,0.9197214593124334,0.6762158053697588,0.9028175607685542,0.4631806647111123,0.5703955142271143,4.76206,136.36,315.949,0,1,0,0,0,0,0,0,0,0,0.0,0.0,0.0,0.0,0.0,0.1,0.1,0.0,0.0,0.0,111.46203599999998,4.76206,315.3212,0.875527365925271,0.9028175607685542,0.6578332186392445,0.0,0.0,0.1,0.0,0.0,0.0,0,0.0,0.0,0,0,0,0,0,0,0,0,0,0,0,0,0
1,323.111,32,5.0083188437264345,1.7302538096625322,2.733848607103258,0.4639293092112027,1.0046421356148125,0.6973559629461545,1.0169182085822126,0.4868515691347123,0.6521541973946412,4.76206,19.2652,317.55,0,1,0,0,0,0,0,0,0,0,0.0,0.0,0.0,0.0,0.0,0.1,0.1,0.0,0.0,0.0,98.01615600000001,4.76206,316.1719,1.1475114738572547,1.0169182085822126,0.7030827031004349,0.0,0.0,0.1,0.0,0.0,0.0,0,0.0,0.0,0,0,0,0,0,0,0,0,0,0,0,0,0
1,324.112,32,1.886426312616018,-3.1187737573530643,0.0628131678117566,2.6710354392915012,1.1219447925775752,0.6942566848256084,1.011024527951383,0.5114345637356347,0.7566503903750272,4.76206,23.0962,316.161,0,1,0,0,0,0,0,0,0,0,0.0,0.0,0.0,0.0,0.0,0.1,0.1,0.0,0.0,0.0,85.02837600000001,4.76206,316.6558,1.1523511579088637,1.011024527951383,0.9701453670783609,0.0,0.0,0.1,0.0,0.0,0.0,0,0.0,0.0,0,0,0,0,0,0,0,0,0,0,0,0,0
1,325.114,32,0.9285222167283307,-0.9559921116643585,0.2321696232753319,0.1693564554635753,1.2227374918879974,0.6623301486371589,0.9872577705474191,0.5335654521688596,0.8711307620220146,4.76206,9.83917,315.311,0,1,0,0,0,0,0,0,0,0,0.0,0.0,0.0,0.0,0.0,0.1,0.1,0.0,0.0,0.0,70.85499300000001,4.76206,316.9944,1.1730226301678672,0.9872577705474191,0.985977155285755,0.0,0.0,0.1,0.0,0.0,0.0,0,0.0,0.0,0,0,0,0,0,0,0,0,0,0,0,0,0
1,326.115,32,0.5940138959068001,-0.3341741466748558,2.5413820538399574,2.3092124305646253,1.3085675842141578,0.6292499806533703,1.0338553692759038,0.5531826567729976,0.9839961068122884,9.83917,135.896,314.736,0,1,0,0,0,0,0,0,0,0,0.0,0.0,0.0,0.0,0.0,0.1,0.1,0.0,0.0,0.0,66.890793,4.76206,317.0574,1.3855602265430151,1.0338553692759038,1.1778432794018996,0.0,0.0,0.1,0.0,0.0,0.0,0,0.0,0.0,0,0,0,0,0,0,0,0,0,0,0,0,0
1,327.121,32,3.611593490420422,2.9995821019022086,2.697174199290211,0.15579214545025355,1.3779702576650534,0.6142651062779588,1.1143765009948672,0.570402970819947,1.0608613374493945,9.83917,68.5755,318.426,0,1,0,0,0,0,0,0,0,0,0.0,0.0,0.0,0.0,0.0,0.1,0.1,0.0,0.0,0.0,63.459843,4.76206,317.11890000000005,1.5128516084684005,1.1143765009948672,1.0925970649521368,0.0,0.0,0.1,0.0,0.0,0.0,0,0.0,0.0,0,0,0,0,0,0,0,0,0,0,0,0,0
1,328.114,32,6.453636892444589,2.862077947657771,0.8708350945852138,1.826339104704997,1.2596003109049916,0.5133844368048309,1.0768691924821097,0.5786966644682663,1.0808744604025622,9.83917,20.0146,315.538,0,1,0,0,0,0,0,0,0,0,0.0,0.0,0.0,0.0,0.0,0.1,0.1,0.0,0.0,0.0,53.853603,4.76206,316.7088,1.3538339011613123,1.0768691924821097,1.171555796660663,0.0,0.0,0.1,0.0,0.0,0.0,0,0.0,0.0,0,0,0,0,0,0,0,0,0,0,0,0,0
1,329.115,32,2.996838531950865,-3.453345015478246,2.762056422571908,1.891221327986694,1.1831540107510488,0.44997054385968444,1.1167334359683985,0.578272735690997,1.1013348502322222,9.83917,138.82,315.314,0,1,0,0,0,0,0,0,0,0,0.0,0.0,0.0,0.0,0.0,0.1,0.1,0.0,0.0,0.0,59.090823,4.76206,316.23760000000004,1.5779503376744093,1.1167334359683985,1.1666659184378165,0.0,0.0,0.1,0.0,0.0,0.0,0,0.0,0.0,0,0,0,0,0,0,0,0,0,0,0,0,0
1,330.119,33,5.1582293216610795,2.15277967102611,2.450101660907626,0.31195476166428193,0.7886987213937999,0.36927238623542585,1.1207626370365962,0.5728636384659802,1.096764169632954,1.56085,1.56085,317.624,0,1,1,0,0,0,1,0,1,0,0.0,0.0,0.0,0.0,0.0,0.2,0.2,0.0,0.0,0.0,55.818957999999995,1.56085,316.18909999999994,1.731726614965097,1.1207626370365962,1.1587167115482633,0.0,0.0,0.2,0.0,0.0,0.0,0,0.0,0.0,0,0,0,0,0,0,0,0,0,0,0,0,0
1,331.124,33,2.5863949841210365,-2.5590391418308887,1.3091982144336154,1.1409034464740107,0.8689068720602018,0.25317614124852034,1.073690310035185,0.5612547402513283,1.105594363638207,1.56085,76.6902,315.018,0,1,0,0,0,0,0,0,0,0,0.0,0.0,0.0,0.0,0.0,0.1,0.1,0.0,0.0,0.0,63.01177199999999,1.56085,316.1627,1.7929498341710932,1.073690310035185,1.2512697696329544,0.0,0.0,0.1,0.0,0.0,0.0,0,0.0,0.0,0,0,0,0,0,0,0,0,0,0,0,0,0
1,332.12,33,2.563054607964386,-0.023434112607078728,1.071439740025694,0.2377584744079213,0.8552310044529878,0.1926833154019696,1.0813951666630652,0.5463843502084198,1.0991453181522626,1.56085,15.9519,316.465,0,1,0,0,0,0,0,0,0,0,0.0,0.0,0.0,0.0,0.0,0.1,0.1,0.0,0.0,0.0,50.970962,1.56085,316.2143,1.6731018783844571,1.0813951666630652,1.1177502895219065,0.0,0.0,0.1,0.0,0.0,0.0,0,0.0,0.0,0,0,0,0,0,0,0,0,0,0,0,0,0
1,333.121,33,2.0298167547168386,-0.532705148099448,0.1442623401565037,0.9271773998691903,1.0656376101907101,0.12100789601996238,1.1088688213222642,0.5276411933371459,1.1052448656098526,1.56085,7.3921,317.167,0,1,0,0,0,0,0,0,0,0,0.0,0.0,0.0,0.0,0.0,0.1,0.1,0.0,0.0,0.0,49.783652000000004,1.56085,316.176,1.4141432516897816,1.1088688213222642,1.164075098587705,0.0,0.0,0.1,0.0,0.0,0.0,0,0.0,0.0,0,0,0,0,0,0,0,0,0,0,0,0,0
1,334.124,33,3.4759483595214475,1.4418061862458715,0.1963352808316683,0.0520729406751646,0.9454885817434426,0.04966195305909848,1.0914562651659927,0.5055090069338255,1.087599244526439,1.56085,3.7221,314.23,0,1,1,0,0,0,1,0,1,0,0.0,0.0,0.0,0.0,0.0,0.2,0.2,0.0,0.0,0.0,47.846242000000004,1.56085,315.98290000000003,1.4274954629917729,1.0914562651659927,0.9021788487260715,0.0,0.0,0.2,0.0,0.0,0.0,0,0.0,0.0,0,0,0,0,0,0,0,0,0,0,0,0,0
1,335.125,33,2.703663827847795,-0.7715130186549977,2.879596296474797,2.6832610156431285,1.111255320080905,0.08326541798276131,1.0903820521797936,0.48454706870493036,1.07645102734573,3.7221,161.247,316.453,0,1,0,0,0,0,0,0,0,0,0.0,0.0,0.0,0.0,0.0,0.2,0.2,0.0,0.0,0.0,62.987024999999996,1.56085,316.0971,1.6922381303117195,1.0903820521797936,1.1535693047440267,0.0,0.0,0.2,0.0,0.0,0.0,0,0.0,0.0,0,0,0,0,0,0,0,0,0,0,0,0,0
1,336.128,33,3.725026202106634,1.0183074519031297,2.047425815085693,0.8321704813891038,1.1889737782407936,0.07763975876010143,1.0583588337826584,0.4604664154591175,1.0644916467483934,3.7221,44.1027,318.962,0,1,0,0,0,0,0,0,0,0,0.0,0.0,0.0,0.0,0.0,0.2,0.2,0.0,0.0,0.0,53.807695,1.56085,316.5197,1.642842506436293,1.0583588337826584,1.0058651098264746,0.0,0.0,0.2,0.0,0.0,0.0,0,0.0,0.0,0,0,0,0,0,0,0,0,0,0,0,0,0
1,337.127,33,5.906815872110297,2.1839736436473105,0.3307262349448903,1.716699580140803,1.2633755174499701,0.10101043964769243,1.0609815677513483,0.4366753471436084,1.0530321727268852,3.7221,25.8796,314.815,0,1,0,0,0,0,0,0,0,0,0.0,0.0,0.0,0.0,0.0,0.2,0.2,0.0,0.0,0.0,49.538104999999995,1.56085,316.1586,1.4061977100017609,1.0609815677513483,1.1619558532955294,0.0,0.0,0.2,0.0,0.0,0.0,0,0.0,0.0,0,0,0,0,0,0,0,0,0,0,0,0,0
1,338.129,33,1.451134075960985,-4.446788219709893,1.911447882459426,1.5807216475145358,1.1656947292203503,0.13335716505322778,1.0536452119152349,0.4126525366743444,1.043641614558421,3.7221,135.66,313.468,0,1,0,0,0,0,0,0,0,0,0.0,0.0,0.0,0.0,0.0,0.2,0.2,0.0,0.0,0.0,61.10264500000001,1.56085,315.9516,1.510258988789182,1.0536452119152349,1.1373941075764833,0.0,0.0,0.2,0.0,0.0,0.0,0,0.0,0.0,0,0,0,0,0,0,0,0,0,0,0,0,0
1,339.129,33,3.0002833199549674,1.5491492439939825,1.5665130835576861,0.34493479890173995,0.9271569380597179,0.09351228251934421,0.9594413544543154,0.3853911980355179,1.018041907289288,25.8796,134.26,316.358,0,1,0,0,0,0,0,0,0,0,0.0,0.0,0.0,0.0,0.0,0.2,0.2,0.0,0.0,0.0,60.646645,1.56085,316.056,1.39070465488776,0.9594413544543154,0.9827654546679879,0.0,0.0,0.2,0.0,0.0,0.0,0,0.0,0.0,0,0,0,0,0,0,0,0,0,0,0,0,0
1,340.136,34,3.97126354529365,0.9642306110612541,0.20303238255194334,1.3634807010057428,0.8814054281609928,0.03471893648992618,0.9468110681928668,0.3540772617290807,1.0273125779660073,25.8796,146.173,316.533,0,1,0,0,0,0,0,0,0,0,0.0,0.0,0.0,0.0,0.0,0.1,0.1,0.0,0.0,0.0,75.10786,3.7221,315.9469,1.1659977270521917,0.9468110681928668,1.087918048602134,0.0,0.0,0.1,0.0,0.0,0.0,0,0.0,0.0,0,0,0,0,0,0,0,0,0,0,0,0,0
1,341.126,34,2.016366065219892,-1.9746439192664227,1.0901677193721924,0.887135336820249,0.7484672813912082,0.09911894102287343,0.9456630339710771,0.32727266514077147,1.0152686188991078,25.8796,152.122,318.918,0,1,0,0,0,0,0,0,0,0,0.0,0.0,0.0,0.0,0.0,0.1,0.1,0.0,0.0,0.0,82.65104000000001,3.7221,316.3369,1.1440946775460494,0.9456630339710771,1.062541237636758,0.0,0.0,0.1,0.0,0.0,0.0,0,0.0,0.0,0,0,0,0,0,0,0,0,0,0,0,0,0
1,342.135,34,0.22391431768141296,-1.776463575360237,0.3116471536778605,0.7785205656943319,0.7528977549916177,0.07786314325205336,0.9819747013597835,0.29735503203488617,1.005035293952971,134.26,134.32,321.438,0,1,0,0,0,0,0,0,0,0,0.0,0.0,0.0,0.0,0.0,0.1,0.1,0.0,0.0,0.0,94.48785000000001,3.7221,316.8342,1.068115418911266,0.9819747013597835,1.1166174467653989,0.0,0.0,0.1,0.0,0.0,0.0,0,0.0,0.0,0,0,0,0,0,0,0,0,0,0,0,0,0
1,343.135,34,1.3875601932884456,1.1636458756070327,0.7444370059294045,0.43278985225154404,0.5630869560544359,0.107665465323713,0.9365249636560069,0.26787050715376404,0.9547802285393434,134.26,176.897,321.549,0,1,0,0,0,0,0,0,0,0,0.0,0.0,0.0,0.0,0.0,0.1,0.1,0.0,0.0,0.0,111.43834,3.7221,317.2724,1.1281328854885562,0.9365249636560069,1.0671786920036344,0.0,0.0,0.1,0.0,0.0,0.0,0,0.0,0.0,0,0,0,0,0,0,0,0,0,0,0,0,0
1,344.135,34,2.558071244121361,1.1705110508329153,1.6929403733866515,0.948503367457247,0.6080973024388032,0.1205707457098556,0.8894748207037214,0.23918621019797642,0.9210411006088796,80.2675,80.2675,319.143,0,1,0,0,0,0,0,0,0,0,0.0,0.0,0.0,0.0,0.0,0.0,0.0,0.0,0.0,0.0,119.09288000000001,25.8796,317.7637,1.2777933947440545,0.8894748207037214,1.1568217346818426,0.0,0.0,0.0,0.0,0.0,0.0,0,0.0,0.0,0,0,0,0,0,0,0,0,0,0,0,0,0
1,345.133,34,3.578921790148072,1.0228963387041194,0.56876960238235,1.1241707710043016,0.5346252160175002,0.14191896719780916,0.7089459555582954,0.21316565112600894,0.863378090202539,48.2382,48.2382,317.562,0,1,0,0,0,0,0,0,0,0,0.0,0.0,0.0,0.0,0.0,0.0,0.0,0.0,0.0,0.0,107.792,25.8796,317.8746,1.0467107253348096,0.7089459555582954,1.0009127102179598,0.0,0.0,0.0,0.0,0.0,0.0,0,0.0,0.0,0,0,0,0,0,0,0,0,0,0,0,0,0
1,346.137,34,4.290664985461238,0.7089075650529545,0.010879817437860073,0.5578897849444899,0.6373697290874825,0.14320206385631884,0.6815181036128211,0.18886325528615638,0.8082176852872079,48.2382,49.0846,316.837,0,1,0,0,0,0,0,0,0,0,0.0,0.0,0.0,0.0,0.0,0.0,0.0,0.0,0.0,0.0,108.29019000000001,25.8796,317.6621,0.8430561255700265,0.6815181036128211,0.9734846405734985,0.0,0.0,0.0,0.0,0.0,0.0,0,0.0,0.0,0,0,0,0,0,0,0,0,0,0,0,0,0
1,347.133,34,0.9309237814609816,-3.373234140562507,0.48683945568999754,0.47595963825213744,0.6175450801228649,0.1345815447865236,0.6701719178498948,0.16487907721158462,0.7436346415544974,48.2382,77.0263,316.602,0,1,0,0,0,0,0,0,0,0,0.0,0.0,0.0,0.0,0.0,0.0,0.0,0.0,0.0,0.0,113.40486000000001,48.2382,317.8408,0.8586674476445373,0.6701719178498948,0.8494106463846318,0.0,0.0,0.0,0.0,0.0,0.0,0,0.0,0.0,0,0,0,0,0,0,0,0,0,0,0,0,0
1,348.134,34,5.107777904369422,4.172681441466973,0.4720438155243695,0.01479564016562801,0.6247036747609928,0.12354782426672213,0.5653038885281382,0.14538724658467916,0.6895355361085616,48.2382,50.7786,314.245,0,1,0,0,0,0,0,0,0,0,0.0,0.0,0.0,0.0,0.0,0.0,0.0,0.0,0.0,0.0,104.91672000000001,48.2382,317.9185,0.7147270409510316,0.5653038885281382,0.6928180456497411,0.0,0.0,0.0,0.0,0.0,0.0,0,0.0,0.0,0,0,0,0,0,0,0,0,0,0,0,0,0
1,349.136,34,6.919799249386409,1.8084045359450969,0.09632014361898032,0.3757236719053892,0.2540590788993946,0.22996862796534914,0.507374207474029,0.13438715078996238,0.6222257501925293,48.2382,57.3301,310.246,0,1,0,0,0,0,0,0,0,0,0.0,0.0,0.0,0.0,0.0,0.0,0.0,0.0,0.0,0.0,97.22373,48.2382,317.3073,0.5677077469571609,0.507374207474029,0.6958969329501061,0.0,0.0,0.0,0.0,0.0,0.0,0,0.0,0.0,0,0,0,0,0,0,0,0,0,0,0,0,0
1,350.144,35,6.367300211046061,-0.5481141253376467,0.8208890122082205,0.7245688685892402,0.3282376730216438,0.3861320549936139,0.49551266693957347,0.1352301342278718,0.5669089746785944,10.8055,10.8055,305.905,0,1,0,0,0,0,0,0,0,0,0.0,0.0,0.0,0.0,0.0,0.0,0.0,0.0,0.0,0.0,83.68698,10.8055,316.24449999999996,0.6294934099227888,0.49551266693957347,0.6320057497084558,0.0,0.0,0.0,0.0,0.0,0.0,0,0.0,0.0,0,0,0,0,0,0,0,0,0,0,0,0,0
1,351.143,35,3.9322900578921494,-2.437447600754666,0.7546197520774477,0.06626926013077283,0.28648560878983126,0.3692210250929577,0.47163683841570714,0.14103237842009367,0.5207108074184568,10.8055,32.5084,302.132,0,1,0,0,0,0,0,0,0,0,0.0,0.0,0.0,0.0,0.0,0.0,0.0,0.0,0.0,0.0,71.72562,10.8055,314.56589999999994,0.5959386131933142,0.47163683841570714,0.5499191420395082,0.0,0.0,0.0,0.0,0.0,0.0,0,0.0,0.0,0,0,0,0,0,0,0,0,0,0,0,0,0
1,352.14,35,6.577985414742735,2.65365632582807,0.5101653426225128,0.2444544094549349,0.28587485900051074,0.310196203626726,0.46242912237849104,0.14690802283133148,0.47400851781934594,10.8055,62.5282,297.461,0,1,0,0,0,0,0,0,0,0,0.0,0.0,0.0,0.0,0.0,0.0,0.0,0.0,0.0,0.0,64.54643999999999,10.8055,312.16819999999996,0.6157904320877794,0.46242912237849104,0.4965125264155684,0.0,0.0,0.0,0.0,0.0,0.0,0,0.0,0.0,0,0,0,0,0,0,0,0,0,0,0,0,0
1,353.142,35,6.691014253366551,0.11280323215949664,0.05296574440694221,0.45719959821557055,0.3593925853989499,0.33532546079332903,0.49181914884825184,0.15762390106999985,0.45363908075379733,10.8055,66.3083,291.8,0,1,0,0,0,0,0,0,0,0,0.0,0.0,0.0,0.0,0.0,0.0,0.0,0.0,0.0,0.0,53.487570000000005,10.8055,309.1933,0.5466433059355332,0.49181914884825184,0.4989535010119711,0.0,0.0,0.0,0.0,0.0,0.0,0,0.0,0.0,0,0,0,0,0,0,0,0,0,0,0,0,0
1,354.143,35,6.7412437455755425,0.050179312896095556,0.060866962660140675,0.007901218253198464,0.3682806435593997,0.2917918184385258,0.3041545666275077,0.16973039433897122,0.42965741486585707,10.8055,63.9203,285.802,0,1,0,0,0,0,0,0,0,0,0.0,0.0,0.0,0.0,0.0,0.0,0.0,0.0,0.0,0.0,51.852850000000004,10.8055,305.8592,0.3834359648628821,0.3041545666275077,0.4048932860915662,0.0,0.0,0.0,0.0,0.0,0.0,0,0.0,0.0,0,0,0,0,0,0,0,0,0,0,0,0,0
1,355.145,35,6.72290454995956,-0.01830259043511196,0.21823148653781677,0.15736452387767608,0.3057242450588428,0.3198215096246478,0.30060055980575134,0.1815581989210655,0.40676731776999125,32.5084,77.7361,283.919,0,1,0,0,0,0,0,0,0,0,0.0,0.0,0.0,0.0,0.0,0.0,0.0,0.0,0.0,0.0,54.80264,10.8055,302.4949,0.3483821532784288,0.30060055980575134,0.3082126613789037,0.0,0.0,0.0,0.0,0.0,0.0,0,0.0,0.0,0,0,0,0,0,0,0,0,0,0,0,0,0
1,356.143,35,3.3461108222992855,-3.383560849358993,0.0010263030478757176,0.21720518348994106,0.20747818376716828,0.36588112797881156,0.3018433773069785,0.19597026738200102,0.36377816323795986,62.5282,78.5209,285.118,0,1,0,0,0,0,0,0,0,0,0.0,0.0,0.0,0.0,0.0,0.0,0.0,0.0,0.0,0.0,57.74627,10.8055,299.323,0.34739680183943034,0.3018433773069785,0.27414420123344885,0.0,0.0,0.0,0.0,0.0,0.0,0,0.0,0.0,0,0,0,0,0,0,0,0,0,0,0,0,0
1,357.151,35,0.38524777662569804,-2.937364132612686,0.0065303386800396185,0.005504035632163901,0.08819066731146467,0.34915496934795576,0.3151121188512576,0.2083774938670142,0.3108427219568199,63.9203,78.9913,287.323,0,1,0,0,0,0,0,0,0,0,0.0,0.0,0.0,0.0,0.0,0.0,0.0,0.0,0.0,0.0,57.942769999999996,10.8055,296.3951,0.29936589013843456,0.3151121188512576,0.22709864097145144,0.0,0.0,0.0,0.0,0.0,0.0,0,0.0,0.0,0,0,0,0,0,0,0,0,0,0,0,0,0
1,358.148,35,3.5605441646069806,3.1848509408036936,1.5368335193388132,1.5303031806587735,0.6610991966587778,0.29334339442502144,0.5035200076672063,0.21637680533560388,0.31448227414659835,63.9203,166.044,294.869,0,1,0,0,0,0,0,0,0,0,0.0,0.0,0.0,0.0,0.0,0.0,0.0,0.0,0.0,0.0,69.46931,10.8055,294.45750000000004,0.405844860519879,0.5035200076672063,0.378649395020766,0.0,0.0,0.0,0.0,0.0,0.0,0,0.0,0.0,0,0,0,0,0,0,0,0,0,0,0,0,0
1,359.15,35,5.926767853135388,2.3615006871540993,0.7341886590534298,0.8026448602853834,0.6522550482934253,0.2800812181540617,0.5003452206510638,0.22570525211733972,0.3543018710860014,77.7361,124.585,305.952,0,1,0,0,0,0,0,0,0,0,0.0,0.0,0.0,0.0,0.0,0.0,0.0,0.0,0.0,0.0,76.1948,10.8055,294.0281,0.4696317120633239,0.5003452206510638,0.42134151385876545,0.0,0.0,0.0,0.0,0.0,0.0,0,0.0,0.0,0,0,0,0,0,0,0,0,0,0,0,0,0
1,360.15,36,6.6905605445358765,0.7637926914004884,0.34445375258879896,0.3897349064646308,0.6409996809752128,0.23729181316824086,0.4856492599749006,0.2358338959512555,0.3855780718813583,78.5209,144.506,317.821,0,1,0,0,0,0,0,0,0,0,0.0,0.0,0.0,0.0,0.0,0.0,0.0,0.0,0.0,0.0,89.56485,32.5084,295.2197,0.4219881861013818,0.4856492599749006,0.38785811764630457,0.0,0.0,0.0,0.0,0.0,0.0,0,0.0,0.0,0,0,0,0,0,0,0,0,0,0,0,0,0
1,361.158,36,6.476267998801172,-0.21259181124474605,0.12623041127164597,0.21822334131715299,0.6174452267381229,0.20934410918570892,0.47842779784440587,0.24134515435939727,0.4186740336761875,78.9913,137.169,328.178,0,1,0,0,0,0,0,0,0,0,0.0,0.0,0.0,0.0,0.0,0.0,0.0,0.0,0.0,0.0,100.03091,62.5282,297.82430000000005,0.35914925202080156,0.47842779784440587,0.40305352576494247,0.0,0.0,0.0,0.0,0.0,0.0,0,0.0,0.0,0,0,0,0,0,0,0,0,0,0,0,0,0
1,362.153,36,0.7108021996846927,-5.794437989061788,0.013872326329126196,0.11235808494251978,0.6158373241647253,0.2094298702855244,0.48669155641199163,0.24792349071107084,0.45167028019260896,124.585,136.259,331.44,0,1,0,0,0,0,0,0,0,0,0.0,0.0,0.0,0.0,0.0,0.0,0.0,0.0,0.0,0.0,107.40399,63.9203,301.2222,0.3095199503914629,0.48669155641199163,0.389843893313701,0.0,0.0,0.0,0.0,0.0,0.0,0,0.0,0.0,0,0,0,0,0,0,0,0,0,0,0,0,0
1,363.152,36,0.11325033532506977,-0.598150014373997,0.009575424205526532,0.0042969021235996635,0.3050185795325079,0.2231109655733476,0.48941875116604516,0.25369576572355257,0.4462328796059648,124.585,136.864,332.881,0,1,0,0,0,0,0,0,0,0,0.0,0.0,0.0,0.0,0.0,0.0,0.0,0.0,0.0,0.0,114.45956000000001,63.9203,305.33029999999997,0.30518091837132133,0.48941875116604516,0.34455362370450393,0.0,0.0,0.0,0.0,0.0,0.0,0,0.0,0.0,0,0,0,0,0,0,0,0,0,0,0,0,0
1,364.153,36,5.199285318952911,5.080954029598243,0.4708138308229588,0.46123840661743226,0.20634209437250706,0.23120428521237285,0.4838176579383666,0.2592274426986784,0.43003902468727545,110.533,110.533,336.307,0,1,0,0,0,0,0,0,0,0,0.0,0.0,0.0,0.0,0.0,0.0,0.0,0.0,0.0,0.0,119.12083,77.7361,310.3808,0.34617560518760315,0.4838176579383666,0.3898873425409273,0.0,0.0,0.0,0.0,0.0,0.0,0,0.0,0.0,0,0,0,0,0,0,0,0,0,0,0,0,0
1,365.154,36,4.818484339079585,-0.3804205593140123,0.194293469655974,0.2765203611669848,0.1889833277376583,0.26320868110988827,0.4845796480717479,0.2652919283942824,0.418364932955157,110.533,122.114,340.369,0,1,0,0,0,0,0,0,0,0,0.0,0.0,0.0,0.0,0.0,0.0,0.0,0.0,0.0,0.0,123.55861999999999,78.5209,316.0258,0.3437818034994189,0.4845796480717479,0.40180292626985825,0.0,0.0,0.0,0.0,0.0,0.0,0,0.0,0.0,0,0,0,0,0,0,0,0,0,0,0,0,0
1,366.158,36,2.537730355736518,-2.27166731408672,1.0948892346983659,0.9005957650423919,0.45341688269249164,0.30693065742107856,0.5207243189076627,0.2734783580725203,0.44295880284768935,59.5605,59.5605,340.269,0,1,0,0,0,0,0,0,0,0,0.0,0.0,0.0,0.0,0.0,0.0,0.0,0.0,0.0,0.0,121.66258,59.5605,321.54089999999997,0.4531680966644679,0.5207243189076627,0.47014198442510324,0.0,0.0,0.0,0.0,0.0,0.0,0,0.0,0.0,0,0,0,0,0,0,0,0,0,0,0,0,0
1,367.158,36,1.0870617627811896,-1.4506685929553282,1.7703654455417404,0.6754762108433745,0.7221932195167081,0.30472251208298695,0.6381219395250424,0.28198540643734354,0.5063590580682137,59.5605,160.847,340.922,0,1,0,0,0,0,0,0,0,0,0.0,0.0,0.0,0.0,0.0,0.0,0.0,0.0,0.0,0.0,129.84815,59.5605,326.9008,0.629551607350638,0.6381219395250424,0.5371392019462242,0.0,0.0,0.0,0.0,0.0,0.0,0,0.0,0.0,0,0,0,0,0,0,0,0,0,0,0,0,0
1,368.167,36,6.039030465053551,4.907798515631677,0.13311409476214792,1.6372513507795925,0.6938839661232036,0.33324525727810156,0.5667689516627037,0.2924702780879125,0.5096375350146563,59.5605,168.303,346.845,0,1,0,0,0,0,0,0,0,0,0.0,0.0,0.0,0.0,0.0,0.0,0.0,0.0,0.0,0.0,130.07405,59.5605,332.09839999999997,0.4891796648929715,0.5667689516627037,0.5478340189583062,0.0,0.0,0.0,0.0,0.0,0.0,0,0.0,0.0,0,0,0,0,0,0,0,0,0,0,0,0,0
1,369.165,36,6.725096818490113,0.6874412359083788,0.07684744591203597,0.05626664885011194,0.7510679676631334,0.4525729065467787,0.5732773330848948,0.30360049201698397,0.5195188269516271,59.5605,164.42,352.781,0,1,0,0,0,0,0,0,0,0,0.0,0.0,0.0,0.0,0.0,0.0,0.0,0.0,0.0,0.0,134.05755,59.5605,336.7813,0.4234455435788321,0.5732773330848948,0.47319619781477906,0.0,0.0,0.0,0.0,0.0,0.0,0,0.0,0.0,0,0,0,0,0,0,0,0,0,0,0,0,0
1,370.17,37,6.48326476218464,-0.24062891174673912,1.6340236781771729,1.5571762322651368,0.804867447875548,0.5386293621312871,0.687247550683639,0.3112253573738676,0.5359056036416605,59.5605,101.668,359.194,0,1,0,0,0,0,0,0,0,0,0.0,0.0,0.0,0.0,0.0,0.0,0.0,0.0,0.0,0.0,129.77375,59.5605,340.9186,0.5524025361376694,0.687247550683639,0.5899403303948296,0.0,0.0,0.0,0.0,0.0,0.0,0,0.0,0.0,0,0,0,0,0,0,0,0,0,0,0,0,0
1,371.166,37,4.944193051318868,-1.5452527217527834,2.1507408462721926,0.5167171680950198,0.9754847828559446,0.5714283193312998,0.8309286095002517,0.32133572208578476,0.5717095592534428,101.668,135.457,362.482,0,1,0,0,0,0,0,0,0,0,0.0,0.0,0.0,0.0,0.0,0.0,0.0,0.0,0.0,0.0,129.60255,59.5605,344.349,0.754853579637724,0.8309286095002517,0.6197897130726163,0.0,0.0,0.0,0.0,0.0,0.0,0,0.0,0.0,0,0,0,0,0,0,0,0,0,0,0,0,0
1,372.169,37,5.1359898991916735,0.19122317833779245,0.08088417374095516,2.0698566725312375,1.000470757514826,0.6297680560414194,0.8245344592445218,0.3373143147065194,0.6101729025884529,101.668,131.387,363.63,0,1,0,0,0,0,0,0,0,0,0.0,0.0,0.0,0.0,0.0,0.0,0.0,0.0,0.0,0.0,129.11534999999998,59.5605,347.56800000000004,0.761554764378907,0.8245344592445218,0.8155395718314882,0.0,0.0,0.0,0.0,0.0,0.0,0,0.0,0.0,0,0,0,0,0,0,0,0,0,0,0,0,0
1,373.166,37,4.123147958964376,-1.0158896090544611,0.010017892216770595,0.07086628152418456,1.022716268678265,0.7088710692598515,0.8244896329062378,0.3559915951298455,0.6819426715030286,101.668,131.324,363.825,0,1,0,0,0,0,0,0,0,0,0.0,0.0,0.0,0.0,0.0,0.0,0.0,0.0,0.0,0.0,128.56135,59.5605,350.6624,0.7615990111800314,0.8244896329062378,0.8221965097715467,0.0,0.0,0.0,0.0,0.0,0.0,0,0.0,0.0,0,0,0,0,0,0,0,0,0,0,0,0,0
1,374.173,37,5.243165612390595,1.112232029221668,0.12813474183196286,0.11811684961519225,1.0139891107465122,0.7770737959849782,0.8447896816861831,0.38025569400716813,0.7627073731404291,101.668,139.298,363.975,0,1,0,0,0,0,0,0,0,0,0.0,0.0,0.0,0.0,0.0,0.0,0.0,0.0,0.0,0.0,131.43785,59.5605,353.42920000000004,0.7273311022809319,0.8447896816861831,0.7878843540713226,0.0,0.0,0.0,0.0,0.0,0.0,0,0.0,0.0,0,0,0,0,0,0,0,0,0,0,0,0,0
1,375.169,37,6.732833056797879,1.4956500445856258,0.06461732277068649,0.06351741906127636,0.9310836328400807,0.8345242840905784,0.8548167641211,0.40599083273046466,0.8369174036506714,131.324,143.679,365.571,0,1,0,0,0,0,0,0,0,0,0.0,0.0,0.0,0.0,0.0,0.0,0.0,0.0,0.0,0.0,133.59435000000002,59.5605,355.9494,0.7143634875924031,0.8548167641211,0.7665840598607517,0.0,0.0,0.0,0.0,0.0,0.0,0,0.0,0.0,0,0,0,0,0,0,0,0,0,0,0,0,0
1,376.175,37,6.718718683566515,-0.01403019207888999,0.19712462930465824,0.13250730653397175,0.07047161571097747,0.8673504345099915,0.8575509939903609,0.43106429805702373,0.7986228769525199,131.324,155.562,367.903,0,1,0,0,0,0,0,0,0,0,0.0,0.0,0.0,0.0,0.0,0.0,0.0,0.0,0.0,0.0,143.1945,101.668,358.7128000000001,0.6245870270530324,0.8575509939903609,0.6897752140099097,0.0,0.0,0.0,0.0,0.0,0.0,0,0.0,0.0,0,0,0,0,0,0,0,0,0,0,0,0,0
1,377.248,37,6.301564769439417,-0.3887734521221793,0.07105522239403345,0.1260694069106248,0.07113804943592773,0.8803942848425206,0.7690807728631368,0.457626263831752,0.7335173599444419,131.324,160.227,370.794,0,1,0,0,0,0,0,0,0,0,0.0,0.0,0.0,0.0,0.0,0.0,0.0,0.0,0.0,0.0,143.1325,101.668,361.7,0.4546560047382616,0.7690807728631368,0.6348345336166348,0.0,0.0,0.0,0.0,0.0,0.0,0,0.0,0.0,0,0,0,0,0,0,0,0,0,0,0,0,0
1,378.179,37,3.905235255059948,-2.57393073510147,0.3197489023631164,0.24869367996908298,0.10588640966936165,0.9155113229638473,0.7626484983230175,0.4887346602586932,0.6747176042990576,139.298,143.272,370.704,0,1,0,0,0,0,0,0,0,0,0.0,0.0,0.0,0.0,0.0,0.0,0.0,0.0,0.0,0.0,140.6294,101.668,364.0859,0.47331948549835845,0.7626484983230175,0.4959787665355838,0.0,0.0,0.0,0.0,0.0,0.0,0,0.0,0.0,0,0,0,0,0,0,0,0,0,0,0,0,0
1,379.179,37,2.8031567934917727,-1.1020784615681753,1.0304971633263769,0.7107482609632605,0.4017832802168543,0.8999873102975002,0.7671742302540336,0.5197299648658651,0.6397891355544297,143.272,157.463,368.079,0,1,0,0,0,0,0,0,0,0,0.0,0.0,0.0,0.0,0.0,0.0,0.0,0.0,0.0,0.0,139.9337,101.668,365.6157,0.5686844572397926,0.7671742302540336,0.5614269277468986,0.0,0.0,0.0,0.0,0.0,0.0,0,0.0,0.0,0,0,0,0,0,0,0,0,0,0,0,0,0
1,380.177,38,2.2992377002247806,-0.5049289511693308,0.036996577470192735,0.9935005858561842,0.40661860131515914,0.8760304842019184,0.6822920103005747,0.551666898417549,0.5999642508983909,143.272,159.908,365.88,0,1,0,0,0,0,0,0,0,0,0.0,0.0,0.0,0.0,0.0,0.0,0.0,0.0,0.0,0.0,145.75769999999997,131.324,366.28430000000003,0.4089817471690946,0.6822920103005747,0.5050593631060034,0.0,0.0,0.0,0.0,0.0,0.0,0,0.0,0.0,0,0,0,0,0,0,0,0,0,0,0,0,0
1,381.184,38,2.385389413324922,0.08555284319775695,1.177416595290293,1.1404200178201003,0.5402529617236372,0.8523309762149552,0.4283991950173554,0.5838162417690114,0.5564410687851601,131.825,131.825,361.812,0,1,0,0,0,0,0,0,0,0,0.0,0.0,0.0,0.0,0.0,0.0,0.0,0.0,0.0,0.0,145.3945,131.324,366.2173,0.31164932207090457,0.4283991950173554,0.5674296480785115,0.0,0.0,0.0,0.0,0.0,0.0,0,0.0,0.0,0,0,0,0,0,0,0,0,0,0,0,0,0
1,382.185,38,5.9774997506790974,3.5885218155386376,0.18665983054742585,0.9907567647428672,0.5178641033731424,0.8612144989474916,0.4233443309560897,0.6164054732021097,0.5081804033709918,131.825,142.788,360.909,0,1,0,0,0,0,0,0,0,0,0.0,0.0,0.0,0.0,0.0,0.0,0.0,0.0,0.0,0.0,146.5346,131.324,365.9452,0.32222688775155167,0.4233443309560897,0.4595196572996745,0.0,0.0,0.0,0.0,0.0,0.0,0,0.0,0.0,0,0,0,0,0,0,0,0,0,0,0,0,0
1,383.182,38,6.964812640383521,0.9902837409272048,0.15409365478813888,0.03256617575928697,0.5410772256657563,0.8670254764403174,0.41388435684537306,0.6486011987454582,0.46001649906974096,131.825,134.583,359.61,0,1,0,0,0,0,0,0,0,0,0.0,0.0,0.0,0.0,0.0,0.0,0.0,0.0,0.0,0.0,146.8605,131.825,365.5237,0.3366344640086885,0.41388435684537306,0.4556896467231846,0.0,0.0,0.0,0.0,0.0,0.0,0,0.0,0.0,0,0,0,0,0,0,0,0,0,0,0,0,0
1,384.187,38,5.2262302231998845,-1.7299327534165536,0.020302540157516986,0.1337911146306219,0.4874056028102177,0.8667851400304537,0.4212591339068558,0.6803802414863622,0.40735814827611144,131.825,136.421,356.684,0,1,0,0,0,0,0,0,0,0,0.0,0.0,0.0,0.0,0.0,0.0,0.0,0.0,0.0,0.0,146.5728,131.825,364.7946,0.3258512438412439,0.4212591339068558,0.4572570732247277,0.0,0.0,0.0,0.0,0.0,0.0,0,0.0,0.0,0,0,0,0,0,0,0,0,0,0,0,0,0
1,385.186,38,2.185485740767594,-3.0437882707029935,0.8362408246109092,0.8159382844533922,0.5041712769452608,0.8585311508404745,0.43841221101210565,0.7101463649728915,0.36466691268662943,89.0651,89.0651,351.242,0,1,0,0,0,0,0,0,0,0,0.0,0.0,0.0,0.0,0.0,0.0,0.0,0.0,0.0,0.0,141.11140999999998,89.0651,363.36170000000004,0.4030135940252661,0.43841221101210565,0.5324991597639392,0.0,0.0,0.0,0.0,0.0,0.0,0,0.0,0.0,0,0,0,0,0,0,0,0,0,0,0,0,0
1,386.186,38,4.048209480857082,1.8627237400894883,1.3259785182990336,0.48973769368812436,0.5574793652462322,0.8471224895341702,0.5176753890933853,0.737155956578546,0.41336768764015497,14.1171,14.1171,344.742,0,1,0,0,0,0,0,0,0,0,0.0,0.0,0.0,0.0,0.0,0.0,0.0,0.0,0.0,0.0,126.96692,14.1171,361.0456,0.5158989829247037,0.5176753890933853,0.5682221984793545,0.0,0.0,0.0,0.0,0.0,0.0,0,0.0,0.0,0,0,0,0,0,0,0,0,0,0,0,0,0
1,387.184,38,5.066544861017373,1.0203761324251415,0.9394677158970549,0.38651080240197866,0.5517540410881396,0.7624285487997717,0.5074993979896167,0.7600412584143854,0.4614292868053761,14.1171,39.4832,335.531,0,1,0,0,0,0,0,0,0,0,0.0,0.0,0.0,0.0,0.0,0.0,0.0,0.0,0.0,0.0,114.89253999999998,14.1171,357.51930000000004,0.6027402322750058,0.5074993979896167,0.5942663380284899,0.0,0.0,0.0,0.0,0.0,0.0,0,0.0,0.0,0,0,0,0,0,0,0,0,0,0,0,0,0
1,388.187,38,6.6114400673123,1.5402743831454901,0.5853175402723213,0.3541501756247336,0.48329621044171117,0.6610734556890784,0.4979031072503114,0.7764326683349342,0.4991702668826111,14.1171,73.7943,325.861,0,1,0,0,0,0,0,0,0,0,0.0,0.0,0.0,0.0,0.0,0.0,0.0,0.0,0.0,0.0,107.94476999999999,14.1171,353.035,0.6292970960659263,0.4979031072503114,0.604811987594055,0.0,0.0,0.0,0.0,0.0,0.0,0,0.0,0.0,0,0,0,0,0,0,0,0,0,0,0,0,0
1,389.191,38,6.494161389819899,-0.11681143176533926,0.840180372157914,0.25486283188559267,0.2690428706079502,0.5349654985261192,0.4843157546650589,0.7805522979339011,0.48589622592172066,14.1171,26.1943,314.04,0,1,0,0,0,0,0,0,0,0,0.0,0.0,0.0,0.0,0.0,0.0,0.0,0.0,0.0,0.0,94.8179,14.1171,347.6311,0.61026541694908,0.4843157546650589,0.5592234446862882,0.0,0.0,0.0,0.0,0.0,0.0,0,0.0,0.0,0,0,0,0,0,0,0,0,0,0,0,0,0
1,390.187,39,6.750281575636958,0.25714878094082205,0.11682502256667954,0.7233553495912344,0.4480918370266126,0.41426709428724956,0.47437265641373433,0.7743341845416993,0.49004354949286605,14.1171,19.9871,302.028,0,1,0,0,0,0,0,0,0,0,0.0,0.0,0.0,0.0,0.0,0.0,0.0,0.0,0.0,0.0,80.82581,14.1171,341.2459,0.6182482614587287,0.47437265641373433,0.5322089210597932,0.0,0.0,0.0,0.0,0.0,0.0,0,0.0,0.0,0,0,0,0,0,0,0,0,0,0,0,0,0
1,391.188,39,6.595593437482855,-0.154533604549553,0.014435157606636969,0.10238986496004257,0.4179494802576692,0.3177184575936687,0.4645108790450759,0.7616486914548177,0.47781320134626926,18.5102,18.5102,289.318,0,1,0,0,0,0,0,0,0,0,0.0,0.0,0.0,0.0,0.0,0.0,0.0,0.0,0.0,0.0,69.49432999999999,14.1171,333.9965,0.501950117690363,0.4645108790450759,0.4284059057737875,0.0,0.0,0.0,0.0,0.0,0.0,0,0.0,0.0,0,0,0,0,0,0,0,0,0,0,0,0,0
1,392.188,39,4.6548852021182965,-1.9407082353645588,0.5382300746183115,0.5237949170116746,0.3443300268080049,0.23132528612678685,0.45110744189746504,0.7417265529590862,0.46045979368975554,18.5102,49.0052,278.202,0,1,0,0,0,0,0,0,0,0,0.0,0.0,0.0,0.0,0.0,0.0,0.0,0.0,0.0,0.0,60.116049999999994,14.1171,325.7258,0.5371071420974517,0.45110744189746504,0.3817097210006682,0.0,0.0,0.0,0.0,0.0,0.0,0,0.0,0.0,0,0,0,0,0,0,0,0,0,0,0,0,0
1,393.19,39,4.109571526759619,-0.5442252249088598,0.22593917964601373,0.3122908949722978,0.33839007203406246,0.15312979157604117,0.4448584429866553,0.7139394890748957,0.4401910783265861,18.5102,62.1909,267.77,0,1,0,0,0,0,0,0,0,0,0.0,0.0,0.0,0.0,0.0,0.0,0.0,0.0,0.0,0.0,52.876839999999994,14.1171,316.5418,0.5442916945832392,0.4448584429866553,0.4096821929219693,0.0,0.0,0.0,0.0,0.0,0.0,0,0.0,0.0,0,0,0,0,0,0,0,0,0,0,0,0,0
1,394.201,39,3.9120277450312635,-0.1953944428569292,0.09109982251700621,0.13483935712900752,0.20509008294693834,0.06447212048358712,0.4360693525500484,0.6783094052998261,0.4119595263402582,18.5102,67.9937,258.271,0,1,0,0,0,0,0,0,0,0,0.0,0.0,0.0,0.0,0.0,0.0,0.0,0.0,0.0,0.0,46.034110000000005,14.1171,306.70050000000003,0.5513714228191882,0.4360693525500484,0.4097870171718078,0.0,0.0,0.0,0.0,0.0,0.0,0,0.0,0.0,0,0,0,0,0,0,0,0,0,0,0,0,0
1,395.194,39,3.560605821450164,-0.35389921810785435,0.8680207273947533,0.7769209048777471,0.3531182706215025,0.04559921289037439,0.43848521220341774,0.6388631517398159,0.3968542257078823,18.5102,117.828,251.819,0,1,0,0,0,0,0,0,0,0,0.0,0.0,0.0,0.0,0.0,0.0,0.0,0.0,0.0,0.0,48.9104,14.1171,296.7582,0.5545494130975726,0.43848521220341774,0.4058852792142432,0.0,0.0,0.0,0.0,0.0,0.0,0,0.0,0.0,0,0,0,0,0,0,0,0,0,0,0,0,0
1,396.201,39,3.8790646598781455,0.3162451225699915,0.24245763818513907,0.6255630892096142,0.31162974499262863,0.13269955875166606,0.35202906978156656,0.6021306079518995,0.37226926368252194,49.0052,132.505,248.385,0,1,0,0,0,0,0,0,0,0,0.0,0.0,0.0,0.0,0.0,0.0,0.0,0.0,0.0,0.0,60.74919,18.5102,287.12250000000006,0.44619732508618304,0.35202906978156656,0.4194678187663922,0.0,0.0,0.0,0.0,0.0,0.0,0,0.0,0.0,0,0,0,0,0,0,0,0,0,0,0,0,0
1,397.206,39,2.304631286281317,-1.566600371738138,1.2284023523634386,0.9859447141782995,0.4923880094562255,0.18979029273854778,0.4049006596374502,0.567600408346701,0.36633266051933056,62.1909,156.82,248.184,0,1,0,0,0,0,0,0,0,0,0.0,0.0,0.0,0.0,0.0,0.0,0.0,0.0,0.0,0.0,72.48287,18.5102,278.3878,0.4750907887328214,0.4049006596374502,0.47941120994402436,0.0,0.0,0.0,0.0,0.0,0.0,0,0.0,0.0,0,0,0,0,0,0,0,0,0,0,0,0,0
1,398.197,39,3.637883878914657,1.3453608401950958,0.42309240500421835,0.8053099473592202,0.46917996099572384,0.1872147012412659,0.4032400847134981,0.5311855772605718,0.3649210355747318,67.9937,178.648,251.082,0,1,0,0,0,0,0,0,0,0,0.0,0.0,0.0,0.0,0.0,0.0,0.0,0.0,0.0,0.0,82.96824,18.5102,270.9099,0.45886827520601114,0.4032400847134981,0.5245271871174729,0.0,0.0,0.0,0.0,0.0,0.0,0,0.0,0.0,0,0,0,0,0,0,0,0,0,0,0,0,0
1,399.201,39,6.341143018630045,2.692489182983454,0.7653695670601466,0.34227716205592823,0.38651859450652987,0.1883356596644568,0.3960089160399466,0.4956029947289197,0.3766686079645898,117.828,135.216,257.319,0,1,0,0,0,0,0,0,0,0,0.0,0.0,0.0,0.0,0.0,0.0,0.0,0.0,0.0,0.0,93.87040999999999,18.5102,265.2378,0.4513871946962344,0.3960089160399466,0.5332686201345066,0.0,0.0,0.0,0.0,0.0,0.0,0,0.0,0.0,0,0,0,0,0,0,0,0,0,0,0,0,0
1,400.205,40,6.69125328525652,0.3487154050064497,0.20114490926022482,0.5642246577999217,0.4291156407266507,0.2161245225945565,0.38892814593718,0.4626076966485516,0.3747709883345936,124.878,124.878,259.178,0,1,0,0,0,0,0,0,0,0,0.0,0.0,0.0,0.0,0.0,0.0,0.0,0.0,0.0,0.0,104.3595,18.5102,260.9528,0.4598191833655889,0.38892814593718,0.5173555509553753,0.0,0.0,0.0,0.0,0.0,0.0,0,0.0,0.0,0,0,0,0,0,0,0,0,0,0,0,0,0
1,401.201,40,6.709542203326937,0.018362367540579422,0.2158914771924255,0.014746567932200666,0.4343500469857267,0.2521208508466191,0.3679464415866853,0.43259719038013483,0.37641104500739936,124.878,138.618,257.697,0,1,0,0,0,0,0,0,0,0,0.0,0.0,0.0,0.0,0.0,0.0,0.0,0.0,0.0,0.0,116.37028000000001,49.0052,257.7907,0.47996481532416774,0.3679464415866853,0.5085912212525912,0.0,0.0,0.0,0.0,0.0,0.0,0,0.0,0.0,0,0,0,0,0,0,0,0,0,0,0,0,0
1,402.2,40,6.6079723307337925,-0.10167154413728216,0.7121806934874778,0.4962892162950523,0.26680529621614907,0.3256818135872288,0.375050329472486,0.4058205561121217,0.3686585719482137,124.878,178.906,257.414,0,1,0,0,0,0,0,0,0,0,0.0,0.0,0.0,0.0,0.0,0.0,0.0,0.0,0.0,0.0,129.36036,62.1909,255.7119,0.49735987721108443,0.375050329472486,0.5058406511809289,0.0,0.0,0.0,0.0,0.0,0.0,0,0.0,0.0,0,0,0,0,0,0,0,0,0,0,0,0,0
1,403.202,40,2.409223805540764,-4.190367789613801,1.147976921158688,0.4357962276712103,0.40201763551463826,0.40176114081017006,0.4123890732828527,0.3825573393306143,0.3750213282962714,115.087,115.087,255.994,0,1,0,0,0,0,0,0,0,0,0.0,0.0,0.0,0.0,0.0,0.0,0.0,0.0,0.0,0.0,134.64997,67.9937,254.53430000000003,0.5895636513623519,0.4123890732828527,0.5181911844508201,0.0,0.0,0.0,0.0,0.0,0.0,0,0.0,0.0,0,0,0,0,0,0,0,0,0,0,0,0,0
1,404.21,40,3.025940017292521,0.611821638642616,1.7825513612915502,0.6345744401328621,0.6695714357496263,0.45331621152080886,0.5184630476964778,0.36188389290513207,0.4214694635765402,115.087,141.877,255.416,0,1,0,0,0,0,0,0,0,0,0.0,0.0,0.0,0.0,0.0,0.0,0.0,0.0,0.0,0.0,142.0383,115.087,254.2488,0.7587088052398062,0.5184630476964778,0.5681646927512056,0.0,0.0,0.0,0.0,0.0,0.0,0,0.0,0.0,0,0,0,0,0,0,0,0,0,0,0,0,0
1,405.204,40,6.308240178497601,3.3021128382344873,0.02244879250039113,1.7601025687911591,0.7136431419376981,0.412334762396008,0.565475798358851,0.3395740734829088,0.4575219507081597,115.087,141.411,256.671,0,1,0,0,0,0,0,0,0,0,0.0,0.0,0.0,0.0,0.0,0.0,0.0,0.0,0.0,0.0,144.39659999999998,115.087,254.734,0.67415161175037,0.565475798358851,0.6664828591425468,0.0,0.0,0.0,0.0,0.0,0.0,0,0.0,0.0,0,0,0,0,0,0,0,0,0,0,0,0,0
1,406.209,40,6.937514375855513,0.6261434799581214,0.11715362881724087,0.09470483631684974,0.7340971882523258,0.3952691963099276,0.5773678649669923,0.31698140882169656,0.49976869503412935,115.087,135.681,258.135,0,1,0,0,0,0,0,0,0,0,0.0,0.0,0.0,0.0,0.0,0.0,0.0,0.0,0.0,0.0,144.71419999999998,115.087,255.70899999999997,0.6616212108135803,0.5773678649669923,0.6133970338532704,0.0,0.0,0.0,0.0,0.0,0.0,0,0.0,0.0,0,0,0,0,0,0,0,0,0,0,0,0,0
1,407.21,40,6.513992123203003,-0.4230991534990108,0.0006122139322840423,0.11654141488495683,0.8098884567750502,0.3351924089974983,0.5739849042350491,0.295619601831583,0.5315187397660119,115.087,136.575,259.315,0,1,0,0,0,0,0,0,0,0,0.0,0.0,0.0,0.0,0.0,0.0,0.0,0.0,0.0,0.0,142.6897,115.087,256.8221,0.5388421969704648,0.5739849042350491,0.5264567039239362,0.0,0.0,0.0,0.0,0.0,0.0,0,0.0,0.0,0,0,0,0,0,0,0,0,0,0,0,0,0
1,408.206,40,5.57468561659532,-0.9430788218952642,1.4830703688278335,1.4824581548955496,0.876252261172371,0.27484670260432587,0.6438548430626596,0.27630826417734533,0.5722259697836767,52.9666,52.9666,258.698,0,1,0,0,0,0,0,0,0,0,0.0,0.0,0.0,0.0,0.0,0.0,0.0,0.0,0.0,0.0,130.12156,52.9666,257.5837,0.6448399933528263,0.6438548430626596,0.594171524677569,0.0,0.0,0.0,0.0,0.0,0.0,0,0.0,0.0,0,0,0,0,0,0,0,0,0,0,0,0,0
1,409.207,40,5.208504184495034,-0.36581561648380256,2.0889816726650308,0.6059113038371973,0.9774183684086126,0.2878995089535494,0.7906933976366287,0.2639549646987168,0.6313159471738848,52.9666,173.491,258.812,0,1,0,0,0,0,0,0,0,0,0.0,0.0,0.0,0.0,0.0,0.0,0.0,0.0,0.0,0.0,133.94905999999997,52.9666,257.73300000000006,0.7772012039133147,0.7906933976366287,0.6205349388556959,0.0,0.0,0.0,0.0,0.0,0.0,0,0.0,0.0,0,0,0,0,0,0,0,0,0,0,0,0,0
1,410.214,41,5.046270809971532,-0.16110563507795594,0.3325671475658117,1.7564145250992191,0.9289445804236112,0.3759814813533585,0.7810886882762392,0.2620406840520223,0.681298841143581,52.9666,154.385,260.237,0,1,0,0,0,0,0,0,0,0,0.0,0.0,0.0,0.0,0.0,0.0,0.0,0.0,0.0,0.0,136.89976,52.9666,257.8389,0.7903434277438735,0.7810886882762392,0.7397539255856256,0.0,0.0,0.0,0.0,0.0,0.0,0,0.0,0.0,0,0,0,0,0,0,0,0,0,0,0,0,0
1,411.21,41,4.044141311865587,-1.006154114564202,0.388377521371896,0.055810373806084335,0.8856868817625086,0.48604134876849575,0.7688015387187803,0.2704568286107637,0.7264325246212591,52.9666,176.884,260.289,0,1,0,0,0,0,0,0,0,0,0.0,0.0,0.0,0.0,0.0,0.0,0.0,0.0,0.0,0.0,140.72636,52.9666,258.0981,0.8075920321618204,0.7688015387187803,0.743860306173014,0.0,0.0,0.0,0.0,0.0,0.0,0,0.0,0.0,0,0,0,0,0,0,0,0,0,0,0,0,0
1,412.214,41,4.070501570078672,0.02625523726402896,0.15366752684380594,0.23470999452809008,0.85056294525565,0.5759699905787201,0.7962985546196173,0.28768906383336035,0.7848082895252093,52.9666,174.275,259.29,0,1,0,0,0,0,0,0,0,0,0.0,0.0,0.0,0.0,0.0,0.0,0.0,0.0,0.0,0.0,140.26326,52.9666,258.2857,0.7517407154974532,0.7962985546196173,0.7177023839963178,0.0,0.0,0.0,0.0,0.0,0.0,0,0.0,0.0,0,0,0,0,0,0,0,0,0,0,0,0,0
1,413.212,41,4.069370080580373,-0.0011337570123243134,0.06771518498996437,0.08595234185384157,0.8390045552726045,0.65616899152927,0.8097334092602357,0.31284102383102175,0.828506981501006,154.385,170.479,256.731,0,1,0,0,0,0,0,0,0,0,0.0,0.0,0.0,0.0,0.0,0.0,0.0,0.0,0.0,0.0,145.80246,52.9666,258.3594,0.6437145418805809,0.8097334092602357,0.682717995414581,0.0,0.0,0.0,0.0,0.0,0.0,0,0.0,0.0,0,0,0,0,0,0,0,0,0,0,0,0,0
1,414.215,41,2.987254936715353,-1.0788785083399999,1.3767317212144754,1.309016536224511,0.5266451059131182,0.699634411803896,0.7546087781519004,0.3445991383970372,0.814214348517355,91.6151,91.6151,251.364,0,1,0,0,0,0,0,0,0,0,0.0,0.0,0.0,0.0,0.0,0.0,0.0,0.0,0.0,0.0,140.77627,52.9666,257.9542,0.6031325778728733,0.7546087781519004,0.7501622050237458,0.0,0.0,0.0,0.0,0.0,0.0,0,0.0,0.0,0,0,0,0,0,0,0,0,0,0,0,0,0
1,415.216,41,1.687093774928714,-1.298862299487152,0.067533764559897,1.3091979566545784,0.5556939051535064,0.7156163946424033,0.7508793983155373,0.37809999748463863,0.7984194248389359,91.6151,95.5214,244.985,0,1,0,0,0,0,0,0,0,0,0.0,0.0,0.0,0.0,0.0,0.0,0.0,0.0,0.0,0.0,136.18731,52.9666,256.7856,0.6076410750788239,0.7508793983155373,0.7050717438100877,0.0,0.0,0.0,0.0,0.0,0.0,0,0.0,0.0,0,0,0,0,0,0,0,0,0,0,0,0,0
1,416.215,41,1.8545541970125812,0.16762805013400114,1.7081553947032646,1.6406216301433676,0.8014728337868854,0.72352136629935,0.8022055713389541,0.4076410878620228,0.8051569893923919,91.6151,166.732,238.507,0,1,0,0,0,0,0,0,0,0,0.0,0.0,0.0,0.0,0.0,0.0,0.0,0.0,0.0,0.0,139.29241000000002,52.9666,254.8228,0.7667412516674263,0.8022055713389541,0.8596634231927395,0.0,0.0,0.0,0.0,0.0,0.0,0,0.0,0.0,0,0,0,0,0,0,0,0,0,0,0,0,0
1,417.215,41,1.0655023643734585,-0.7890518326391227,0.15273526140801744,1.555420133295247,0.8016244605224034,0.7200805572420395,0.7873682972508588,0.4341556010871974,0.8043305897671271,91.6151,158.169,233.027,0,1,0,0,0,0,0,0,0,0,0.0,0.0,0.0,0.0,0.0,0.0,0.0,0.0,0.0,0.0,141.45181,52.9666,252.19400000000002,0.7819535564149998,0.7873682972508588,1.0035512950337686,0.0,0.0,0.0,0.0,0.0,0.0,0,0.0,0.0,0,0,0,0,0,0,0,0,0,0,0,0,0
1,418.24,41,0.8767167222773266,-0.1841811142401287,0.3018667842111945,0.14913152280317707,0.7632290992253578,0.7108644058093042,0.7585757014158887,0.46033808631559936,0.7930282735724259,91.6151,140.73,227.321,0,1,0,0,0,0,0,0,0,0,0.0,0.0,0.0,0.0,0.0,0.0,0.0,0.0,0.0,0.0,150.22815,91.6151,249.05630000000002,0.6638331979533357,0.7585757014158887,0.8702186318245312,0.0,0.0,0.0,0.0,0.0,0.0,0,0.0,0.0,0,0,0,0,0,0,0,0,0,0,0,0,0
1,419.223,41,1.3404325069379917,0.4717352844971161,0.017678706652952347,0.28418807755824216,0.7117664766853283,0.6915688432058735,0.5903268122132779,0.48549974549267016,0.7664630844000974,95.5214,140.843,222.752,0,1,0,0,0,0,0,0,0,0,0.0,0.0,0.0,0.0,0.0,0.0,0.0,0.0,0.0,0.0,146.96335000000002,91.6151,245.45029999999997,0.4567029013521279,0.5903268122132779,0.8380463091966359,0.0,0.0,0.0,0.0,0.0,0.0,0,0.0,0.0,0,0,0,0,0,0,0,0,0,0,0,0,0
1,420.222,42,2.0909909549558168,0.7513097577756007,0.6518578631312956,0.6341791564783432,0.6806430427175084,0.7188311059404827,0.5915002418141061,0.5106350746599665,0.7416329306294871,140.73,178.26,220.398,0,1,0,0,0,0,0,0,0,0,0.0,0.0,0.0,0.0,0.0,0.0,0.0,0.0,0.0,0.0,149.35085,91.6151,241.46639999999996,0.48863197290867627,0.5915002418141061,0.7258227723345483,0.0,0.0,0.0,0.0,0.0,0.0,0,0.0,0.0,0,0,0,0,0,0,0,0,0,0,0,0,0
1,421.223,42,4.075410110394671,1.9824367187201342,0.2805949010574553,0.37126296207384024,0.23651695178577078,0.7900357489386355,0.5945044232601189,0.5375308195645674,0.6767159376318134,140.73,163.776,219.265,0,1,0,0,0,0,0,0,0,0,0.0,0.0,0.0,0.0,0.0,0.0,0.0,0.0,0.0,0.0,148.04005,91.6151,237.36399999999998,0.4778537108772323,0.5945044232601189,0.7573680311613238,0.0,0.0,0.0,0.0,0.0,0.0,0,0.0,0.0,0,0,0,0,0,0,0,0,0,0,0,0,0
1,422.22,42,4.096925705676113,0.021580336290312807,0.02228550969050246,0.25830939136695286,0.2602042878340632,0.8600024590599886,0.6038431698576718,0.5642468518382053,0.6176800718896547,140.73,165.303,219.11,0,1,0,0,0,0,0,0,0,0,0.0,0.0,0.0,0.0,0.0,0.0,0.0,0.0,0.0,0.0,147.14285,91.6151,233.346,0.46471550916190185,0.6038431698576718,0.75972797084521,0.0,0.0,0.0,0.0,0.0,0.0,0,0.0,0.0,0,0,0,0,0,0,0,0,0,0,0,0,0
1,423.229,42,3.9771850716697505,-0.11867258077934814,0.11725984118275344,0.09497433149225099,0.2649207938395385,0.8737363425912543,0.6004174363239422,0.5878456119272595,0.560271695746348,140.843,158.801,218.993,0,1,0,0,0,0,0,0,0,0,0.0,0.0,0.0,0.0,0.0,0.0,0.0,0.0,0.0,0.0,145.97504999999998,91.6151,229.57219999999998,0.4696699747811808,0.6004174363239422,0.760630169809051,0.0,0.0,0.0,0.0,0.0,0.0,0,0.0,0.0,0,0,0,0,0,0,0,0,0,0,0,0,0
1,424.219,42,0.8194735507742069,-3.1896075968641853,0.006919552516447007,0.11034028866630644,0.2669896533792876,0.874970425703436,0.5215626397118344,0.6089283226363909,0.5343061504929649,158.471,158.471,215.911,0,1,0,0,0,0,0,0,0,0,0.0,0.0,0.0,0.0,0.0,0.0,0.0,0.0,0.0,0.0,152.66064,95.5214,226.0269,0.332688757911378,0.5215626397118344,0.6407625450532306,0.0,0.0,0.0,0.0,0.0,0.0,0,0.0,0.0,0,0,0,0,0,0,0,0,0,0,0,0,0
1,425.232,42,0.0,-0.8089571083654561,1.4709932076848626e-08,0.00691953780651493,0.11890319084780795,0.8646935308275401,0.5257974718786106,0.6315462610579675,0.49062707906239506,158.396,158.396,210.274,0,1,0,0,0,0,0,0,0,0,0.0,0.0,0.0,0.0,0.0,0.0,0.0,0.0,0.0,0.0,158.9481,140.73,222.5558,0.32593538292638147,0.5257974718786106,0.5105347031684242,0.0,0.0,0.0,0.0,0.0,0.0,0,0.0,0.0,0,0,0,0,0,0,0,0,0,0,0,0,0
1,426.226,42,1.7975805043984938,1.8084310909441588,0.010983363182306843,0.010983348472374766,0.048623647833340944,0.8575696391236458,0.2078434657332652,0.6546612831986535,0.4153421604670407,157.61,157.61,205.345,0,1,0,0,0,0,0,0,0,0,0.0,0.0,0.0,0.0,0.0,0.0,0.0,0.0,0.0,0.0,158.0359,140.73,219.23960000000002,0.1562181797742857,0.2078434657332652,0.34757087500132494,0.0,0.0,0.0,0.0,0.0,0.0,0,0.0,0.0,0,0,0,0,0,0,0,0,0,0,0,0,0
1,427.224,42,6.0604691049078285,4.271431463436207,0.6311414246008956,0.6201580614185888,0.27148363599621195,0.8620503471181503,0.2563510761718804,0.681004180104686,0.3623280780144215,157.61,166.357,204.715,0,1,0,0,0,0,0,0,0,0,0.0,0.0,0.0,0.0,0.0,0.0,0.0,0.0,0.0,0.0,158.8547,140.73,216.40839999999997,0.2040587960935735,0.2563510761718804,0.2540446678136591,0.0,0.0,0.0,0.0,0.0,0.0,0,0.0,0.0,0,0,0,0,0,0,0,0,0,0,0,0,0
1,428.224,42,6.624224167824788,0.5637550629169592,0.4928345129592998,0.1383069116415958,0.30847058192886745,0.8672999967433046,0.27113363106690214,0.7106268448116349,0.3168522262847725,138.83,138.83,204.172,0,1,0,0,0,0,0,0,0,0,0.0,0.0,0.0,0.0,0.0,0.0,0.0,0.0,0.0,0.0,158.66469999999998,138.83,214.0935,0.22315556896838404,0.27113363106690214,0.25296220669750097,0.0,0.0,0.0,0.0,0.0,0.0,0,0.0,0.0,0,0,0,0,0,0,0,0,0,0,0,0,0
1,429.227,42,6.7369647170047875,0.11240333916251223,0.07552061618459767,0.41731389677470215,0.2974882433675278,0.8538131619027624,0.2668461443408826,0.7389225274590956,0.2754244029529925,138.83,144.18,202.474,0,1,0,0,0,0,0,0,0,0,0.0,0.0,0.0,0.0,0.0,0.0,0.0,0.0,0.0,0.0,158.9984,138.83,212.06570000000002,0.22893975992154858,0.2668461443408826,0.26627478861914694,0.0,0.0,0.0,0.0,0.0,0.0,0,0.0,0.0,0,0,0,0,0,0,0,0,0,0,0,0,0
1,430.232,43,6.702244119408111,-0.03454785830515048,0.853842789025266,0.7783221728406683,0.36187401614896675,0.8403149880334363,0.3070334881261123,0.7621392027930994,0.2435475002961383,138.83,165.597,203.367,0,1,0,0,0,0,0,0,0,0,0.0,0.0,0.0,0.0,0.0,0.0,0.0,0.0,0.0,0.0,157.7321,138.83,210.36260000000001,0.24913825251094562,0.3070334881261123,0.28068909025537947,0.0,0.0,0.0,0.0,0.0,0.0,0,0.0,0.0,0,0,0,0,0,0,0,0,0,0,0,0,0
1,431.228,43,6.248513960203675,-0.4555523686791531,1.1491351210916576,0.2952923320663916,0.4016588151153577,0.8513811593982038,0.4192579021734036,0.7804061933245848,0.26006168662909696,99.9877,99.9877,204.798,0,1,0,0,0,0,0,0,0,0,0.0,0.0,0.0,0.0,0.0,0.0,0.0,0.0,0.0,0.0,151.35327,99.9877,208.91590000000002,0.33599227451436586,0.4192579021734036,0.27309202725463455,0.0,0.0,0.0,0.0,0.0,0.0,0,0.0,0.0,0,0,0,0,0,0,0,0,0,0,0,0,0
1,432.228,43,4.5087137855598325,-1.7398001746438423,0.2842945051172059,0.8648406159744517,0.4324493862659723,0.8153264903468322,0.40543399935672847,0.7923740183129905,0.2772861964722879,99.9877,117.686,200.425,0,1,0,0,0,0,0,0,0,0,0.0,0.0,0.0,0.0,0.0,0.0,0.0,0.0,0.0,0.0,146.59157,99.9877,207.0474,0.3621931740570362,0.40543399935672847,0.3337451497153845,0.0,0.0,0.0,0.0,0.0,0.0,0,0.0,0.0,0,0,0,0,0,0,0,0,0,0,0,0,0
1,433.229,43,3.0408054455994633,-1.466441898062307,0.2174777405106861,0.06681676460651978,0.46147125596523414,0.7821478904521327,0.3999078236750395,0.7986729632591336,0.29694124268485744,99.9877,106.155,194.713,0,1,0,0,0,0,0,0,0,0,0.0,0.0,0.0,0.0,0.0,0.0,0.0,0.0,0.0,0.0,141.32697000000002,99.9877,204.61939999999998,0.37221496398982945,0.3999078236750395,0.33092939302681135,0.0,0.0,0.0,0.0,0.0,0.0,0,0.0,0.0,0,0,0,0,0,0,0,0,0,0,0,0,0
1,434.232,43,1.562284747287461,-1.4740984031026945,0.024597675567337392,0.19288006494334872,0.47401580233281276,0.7897829873312413,0.3981487992212343,0.8031803920355008,0.31764385758020997,99.9877,108.013,188.411,0,1,0,0,0,0,0,0,0,0,0.0,0.0,0.0,0.0,0.0,0.0,0.0,0.0,0.0,0.0,136.28117,99.9877,201.86939999999998,0.3739827762949185,0.3981487992212343,0.3391833706545156,0.0,0.0,0.0,0.0,0.0,0.0,0,0.0,0.0,0,0,0,0,0,0,0,0,0,0,0,0,0
1,435.233,43,3.9459527801114413,2.3812867460779024,0.09312819933981063,0.06853052377247323,0.45615147107677406,0.7835088604050288,0.38942280627850734,0.8065750153236321,0.3513686856031066,99.9877,103.842,183.256,0,1,0,0,0,0,0,0,0,0,0.0,0.0,0.0,0.0,0.0,0.0,0.0,0.0,0.0,0.0,130.82577,99.9877,199.1676,0.3832955947579063,0.38942280627850734,0.34534446925111145,0.0,0.0,0.0,0.0,0.0,0.0,0,0.0,0.0,0,0,0,0,0,0,0,0,0,0,0,0,0
1,436.237,43,4.19946824764297,0.2525054457485342,0.041877008102340706,0.05125119123746993,0.11365310385627209,0.7806487289532145,0.3862506253503585,0.8094313834563254,0.3578716312053997,103.842,107.337,180.241,0,1,0,0,0,0,0,0,0,0,0.0,0.0,0.0,0.0,0.0,0.0,0.0,0.0,0.0,0.0,125.79847,99.9877,196.65720000000002,0.38638495924990973,0.3862506253503585,0.34937125352762094,0.0,0.0,0.0,0.0,0.0,0.0,0,0.0,0.0,0,0,0,0,0,0,0,0,0,0,0,0,0
1,437.234,43,4.098270828077028,-0.10150192534196788,0.04620796345573023,0.004330955353389523,0.0784676508103161,0.7621065127117493,0.3893450135222268,0.8115326812298109,0.33857003268681013,103.842,111.163,176.92,0,1,0,0,0,0,0,0,0,0,0.0,0.0,0.0,0.0,0.0,0.0,0.0,0.0,0.0,0.0,120.27907,99.9877,193.8777,0.3278916131353932,0.3893450135222268,0.287788542921101,0.0,0.0,0.0,0.0,0.0,0.0,0,0.0,0.0,0,0,0,0,0,0,0,0,0,0,0,0,0
1,438.237,43,3.8489456461654528,-0.24857944358083248,0.857664125697602,0.8114561622418718,0.36144111417879143,0.7635717877990191,0.42222276192954045,0.8141680503292965,0.3438670859118025,103.842,161.552,173.101,0,1,0,0,0,0,0,0,0,0,0.0,0.0,0.0,0.0,0.0,0.0,0.0,0.0,0.0,0.0,122.55127,99.9877,190.7706,0.36437457440922344,0.42222276192954045,0.35510346798112863,0.0,0.0,0.0,0.0,0.0,0.0,0,0.0,0.0,0,0,0,0,0,0,0,0,0,0,0,0,0
1,439.253,43,3.946705016872531,0.09621985305814792,0.5030462122939434,0.35461791340365856,0.3625256349437086,0.7727311766714182,0.411226343009056,0.8182261670025739,0.3503708250694206,103.842,167.475,172.15,0,1,0,0,0,0,0,0,0,0,0.0,0.0,0.0,0.0,0.0,0.0,0.0,0.0,0.0,0.0,124.88077000000001,99.9877,187.7382,0.407127134020158,0.411226343009056,0.3488338696440243,0.0,0.0,0.0,0.0,0.0,0.0,0,0.0,0.0,0,0,0,0,0,0,0,0,0,0,0,0,0
1,440.235,44,4.151802926447354,0.20885734172588932,0.009974438066532811,0.4930717742274106,0.3765068917061758,0.775045618127845,0.3956609034630856,0.8210368926119418,0.3518341126251415,107.337,166.302,171.391,0,1,0,0,0,0,0,0,0,0,0.0,0.0,0.0,0.0,0.0,0.0,0.0,0.0,0.0,0.0,124.95127,99.9877,184.54059999999998,0.3227402989242847,0.3956609034630856,0.32030882978269853,0.0,0.0,0.0,0.0,0.0,0.0,0,0.0,0.0,0,0,0,0,0,0,0,0,0,0,0,0,0
1,441.315,44,3.7899340349628754,-0.3350637884115546,0.0470053036388583,0.03703086557232549,0.37566205289273535,0.772235295237985,0.27498693440298894,0.8201468699269094,0.3492344364028793,111.163,169.712,169.764,0,1,0,0,0,0,0,0,0,0,0.0,0.0,0.0,0.0,0.0,0.0,0.0,0.0,0.0,0.0,131.9237,103.842,181.0372,0.21252731717900475,0.27498693440298894,0.2944826831332919,0.0,0.0,0.0,0.0,0.0,0.0,0,0.0,0.0,0,0,0,0,0,0,0,0,0,0,0,0,0
1,442.247,44,4.341613778843689,0.5919310556661088,0.42141775366268897,0.37441245002383067,0.3507426516528931,0.7726242469435899,0.28228526420622496,0.8157779593210895,0.3410637629415713,161.552,167.841,166.967,0,1,0,0,0,0,0,0,0,0,0.0,0.0,0.0,0.0,0.0,0.0,0.0,0.0,0.0,0.0,136.9392,103.842,177.69140000000002,0.22623964203355307,0.28228526420622496,0.2454398665382298,0.0,0.0,0.0,0.0,0.0,0.0,0,0.0,0.0,0,0,0,0,0,0,0,0,0,0,0,0,0
1,443.244,44,4.098234015460805,-0.24411209968192982,0.158872353632307,0.26254540003038196,0.22256104983230662,0.7736298596124371,0.28309457685117806,0.8107726351721487,0.3171727423282786,166.302,176.933,164.441,0,1,0,0,0,0,0,0,0,0,0.0,0.0,0.0,0.0,0.0,0.0,0.0,0.0,0.0,0.0,144.017,103.842,174.6642,0.22037910334571514,0.28309457685117806,0.26501273008061604,0.0,0.0,0.0,0.0,0.0,0.0,0,0.0,0.0,0,0,0,0,0,0,0,0,0,0,0,0,0
1,444.247,44,3.7879258486998593,-0.30938002668090286,0.36264573292555535,0.20377337929324835,0.18485672103629894,0.7751153310313077,0.2772412973293257,0.8057798804385422,0.28825683419862724,162.369,162.369,163.442,0,1,0,0,0,0,0,0,0,0,0.0,0.0,0.0,0.0,0.0,0.0,0.0,0.0,0.0,0.0,149.45260000000002,103.842,172.1673,0.25418390908153693,0.2772412973293257,0.266102061515606,0.0,0.0,0.0,0.0,0.0,0.0,0,0.0,0.0,0,0,0,0,0,0,0,0,0,0,0,0,0
1,445.246,44,4.07713585678128,0.2894995075890096,0.40058251546472196,0.0379367825391666,0.16606468340536215,0.7854766310421172,0.27442979818035057,0.8018190354492709,0.259248155431486,162.369,174.739,163.546,0,1,0,0,0,0,0,0,0,0,0.0,0.0,0.0,0.0,0.0,0.0,0.0,0.0,0.0,0.0,156.5423,107.337,170.1963,0.2849293406940281,0.27442979818035057,0.2630426873922753,0.0,0.0,0.0,0.0,0.0,0.0,0,0.0,0.0,0,0,0,0,0,0,0,0,0,0,0,0,0
1,446.245,44,4.079862019298808,0.002728891408937267,0.29203895951054964,0.10854355595417231,0.10617065834051817,0.791509518719342,0.2608795885018371,0.7985160294290559,0.2584999108799106,158.544,158.544,164.546,0,1,0,0,0,0,0,0,0,0,0.0,0.0,0.0,0.0,0.0,0.0,0.0,0.0,0.0,0.0,161.663,111.163,168.6268,0.30994553583484896,0.2608795885018371,0.26877192386394555,0.0,0.0,0.0,0.0,0.0,0.0,0,0.0,0.0,0,0,0,0,0,0,0,0,0,0,0,0,0
1,447.248,44,4.073779220647393,-0.0060646048369046536,0.10593503492033762,0.18610392459021202,0.12767958089398823,0.7858098272177503,0.2547830193112859,0.7947040034340358,0.2634211038882778,158.544,165.114,168.13,0,1,0,0,0,0,0,0,0,0,0.0,0.0,0.0,0.0,0.0,0.0,0.0,0.0,0.0,0.0,167.0581,158.544,167.74779999999998,0.3159182429813097,0.2547830193112859,0.28694922078762775,0.0,0.0,0.0,0.0,0.0,0.0,0,0.0,0.0,0,0,0,0,0,0,0,0,0,0,0,0,0
1,448.245,44,5.930930757252493,1.8627397558727181,0.23680979605662467,0.13087476113628704,0.11584322610718503,0.7996881603924043,0.16946091566289562,0.7913234116164909,0.2388613150811172,158.544,178.348,169.855,0,1,0,0,0,0,0,0,0,0,0.0,0.0,0.0,0.0,0.0,0.0,0.0,0.0,0.0,0.0,168.73770000000002,158.544,167.4232,0.253832810017212,0.16946091566289562,0.21889108067706933,0.0,0.0,0.0,0.0,0.0,0.0,0,0.0,0.0,0,0,0,0,0,0,0,0,0,0,0,0,0
1,449.252,44,6.643734156291541,0.7078484598203061,0.2607278062883119,0.023918010231687215,0.10613813654267858,0.8341506879082143,0.1454958638381507,0.7903402879167635,0.21322256524101418,158.544,166.256,172.319,0,1,0,0,0,0,0,0,0,0,0.0,0.0,0.0,0.0,0.0,0.0,0.0,0.0,0.0,0.0,168.61579999999998,158.544,167.44009999999997,0.22960096941664881,0.1454958638381507,0.18582109035987218,0.0,0.0,0.0,0.0,0.0,0.0,0,0.0,0.0,0,0,0,0,0,0,0,0,0,0,0,0,0
1,450.247,45,6.719464912361756,0.0761113126333823,0.4834924444947937,0.22276463820648185,0.136015962933858,0.8662876476916092,0.1431101188865024,0.7916389208996721,0.18917347236378243,158.544,165.94,178.068,0,1,0,0,0,0,0,0,0,0,0.0,0.0,0.0,0.0,0.0,0.0,0.0,0.0,0.0,0.0,168.5796,158.544,168.1078,0.27695277005947494,0.1431101188865024,0.15879037675777932,0.0,0.0,0.0,0.0,0.0,0.0,0,0.0,0.0,0,0,0,0,0,0,0,0,0,0,0,0,0
1,451.251,45,6.547047376514911,-0.17173061339327228,0.6062860815255335,0.12279363703073981,0.20199502236776132,0.8744130434233524,0.152253315609205,0.7927905151009296,0.17180676931128502,158.864,158.864,184.607,0,1,0,0,0,0,0,0,0,0,0.0,0.0,0.0,0.0,0.0,0.0,0.0,0.0,0.0,0.0,167.4948,158.544,169.59210000000002,0.3328808478481424,0.152253315609205,0.16736665390362077,0.0,0.0,0.0,0.0,0.0,0.0,0,0.0,0.0,0,0,0,0,0,0,0,0,0,0,0,0,0
1,452.254,45,5.331985277874842,-1.2114278151944857,0.10579504921909214,0.5004910323064414,0.20203534685946553,0.8721584278488461,0.16411278510616373,0.7956321119760302,0.15693603883194224,153.496,153.496,189.425,0,1,0,0,0,0,0,0,0,0,0.0,0.0,0.0,0.0,0.0,0.0,0.0,0.0,0.0,0.0,166.0603,153.496,171.83790000000002,0.30131857740378276,0.16411278510616373,0.17997451213188181,0.0,0.0,0.0,0.0,0.0,0.0,0,0.0,0.0,0,0,0,0,0,0,0,0,0,0,0,0,0
1,453.261,45,4.109758236898966,-1.213730924504346,0.0003535100640615754,0.10544153915503056,0.25305669734075475,0.877909855649182,0.18564400784331087,0.8004202102358826,0.15998560358278707,153.496,154.024,193.144,0,1,0,0,0,0,0,0,0,0,0.0,0.0,0.0,0.0,0.0,0.0,0.0,0.0,0.0,0.0,163.7694,153.496,174.7082,0.28546669304695815,0.18564400784331087,0.16426412604434668,0.0,0.0,0.0,0.0,0.0,0.0,0,0.0,0.0,0,0,0,0,0,0,0,0,0,0,0,0,0
1,454.294,45,3.9587265117289516,-0.14620689755083635,1.4425131843027743e-08,0.00035349563892973237,0.28569745727374274,0.8817714678181231,0.20345807854452533,0.8050196342602268,0.17006967720653146,153.496,154.545,196.828,0,1,0,0,0,0,0,0,0,0,0.0,0.0,0.0,0.0,0.0,0.0,0.0,0.0,0.0,0.0,162.98700000000002,153.496,178.04680000000002,0.24920212119691584,0.20345807854452533,0.1439221376789148,0.0,0.0,0.0,0.0,0.0,0.0,0,0.0,0.0,0,0,0,0,0,0,0,0,0,0,0,0,0
1,455.259,45,4.1635084975353545,0.21220931171647964,0.5543649836322311,0.5543649692070992,0.3021339935076687,0.9006602331642757,0.2212088383844907,0.8108772028981891,0.1836766082167621,153.496,174.306,200.634,0,1,0,0,0,0,0,0,0,0,0.0,0.0,0.0,0.0,0.0,0.0,0.0,0.0,0.0,0.0,162.94369999999998,153.496,181.75560000000002,0.2645803680136668,0.2212088383844907,0.19556495634570809,0.0,0.0,0.0,0.0,0.0,0.0,0,0.0,0.0,0,0,0,0,0,0,0,0,0,0,0,0,0
1,456.258,45,4.080316562426805,-0.08327521031886792,0.1129299707180364,0.4414350129141947,0.2300127455998138,0.9290524085834081,0.22593903243059082,0.8182973868796987,0.19606081694269167,153.496,178.538,204.722,0,1,0,0,0,0,0,0,0,0,0.0,0.0,0.0,0.0,0.0,0.0,0.0,0.0,0.0,0.0,164.94310000000002,153.496,185.7732,0.24666946913441543,0.22593903243059082,0.2288541020417103,0.0,0.0,0.0,0.0,0.0,0.0,0,0.0,0.0,0,0,0,0,0,0,0,0,0,0,0,0,0
1,457.259,45,3.9836081491024595,-0.09661180152282306,0.07577857221680154,0.03715139850123486,0.2319910958916828,0.9574567613423203,0.22821592938669952,0.8280648993112274,0.20649196844246115,154.024,174.659,208.679,0,1,0,0,0,0,0,0,0,0,0.0,0.0,0.0,0.0,0.0,0.0,0.0,0.0,0.0,0.0,165.8976,153.496,189.8281,0.24365382286406184,0.22821592938669952,0.21395884943281257,0.0,0.0,0.0,0.0,0.0,0.0,0,0.0,0.0,0,0,0,0,0,0,0,0,0,0,0,0,0
1,458.259,45,1.226445904065897,-2.7571622450365627,0.0002331178772674608,0.07554545433953408,0.2320103456158684,0.9700046395931844,0.24091320250709125,0.8383865419009358,0.21810868039332948,154.545,174.678,209.908,0,1,0,0,0,0,0,0,0,0,0.0,0.0,0.0,0.0,0.0,0.0,0.0,0.0,0.0,0.0,165.5306,153.496,193.8334,0.2199961550461261,0.24091320250709125,0.2084259187531373,0.0,0.0,0.0,0.0,0.0,0.0,0,0.0,0.0,0,0,0,0,0,0,0,0,0,0,0,0,0
1,459.259,45,0.0,-1.226445904065897,2.1073424255447017e-08,0.00023309680384320534,0.23201034455089012,0.9692623394846972,0.24995419003216462,0.8482131000415996,0.23069590119415065,174.306,174.687,209.375,0,1,0,0,0,0,0,0,0,0,0.0,0.0,0.0,0.0,0.0,0.0,0.0,0.0,0.0,0.0,166.3737,153.496,197.53900000000002,0.19392337652463737,0.24995419003216462,0.2060574274103529,0.0,0.0,0.0,0.0,0.0,0.0,0,0.0,0.0,0,0,0,0,0,0,0,0,0,0,0,0,0
1,460.266,46,0.0,0.0,2.092693570550846e-08,1.4648854993855654e-10,0.053281871272555806,0.9681623490892789,0.2339689923397105,0.8578689365896712,0.2224224920280204,174.659,174.77,203.355,0,1,0,0,0,0,0,0,0,0,0.0,0.0,0.0,0.0,0.0,0.0,0.0,0.0,0.0,0.0,167.2567,153.496,200.0677,0.14557413416785153,0.2339689923397105,0.18378096360435356,0.0,0.0,0.0,0.0,0.0,0.0,0,0.0,0.0,0,0,0,0,0,0,0,0,0,0,0,0,0
1,461.266,46,0.8031719343331822,0.8031719343331822,0.01588510855083299,0.015885087623897284,0.032809210447429835,0.9616348040493878,0.17074341322144224,0.8673389120302415,0.20550391083598724,174.28,174.28,199.476,0,1,0,0,0,0,0,0,0,0,0.0,0.0,0.0,0.0,0.0,0.0,0.0,0.0,0.0,0.0,168.79829999999998,153.496,201.5546,0.0865340368703815,0.17074341322144224,0.1730901086636693,0.0,0.0,0.0,0.0,0.0,0.0,0,0.0,0.0,0,0,0,0,0,0,0,0,0,0,0,0,0
1,462.263,46,2.198906132897424,1.3999340005659398,0.0016022548023698797,0.014282853748463109,0.006930996489883915,0.9623516982094396,0.1726063683627153,0.876825284593534,0.18599347579902908,173.118,173.118,197.478,0,1,0,0,0,0,0,0,0,0,0.0,0.0,0.0,0.0,0.0,0.0,0.0,0.0,0.0,0.0,170.7605,154.024,202.35989999999998,0.07611475742870928,0.1726063683627153,0.12446929080787147,0.0,0.0,0.0,0.0,0.0,0.0,0,0.0,0.0,0,0,0,0,0,0,0,0,0,0,0,0,0
1,463.265,46,2.0261430908446134,-0.17241820564152774,0.0,0.0016022548023698797,0.006959562215781736,0.9615056867651646,0.17262364418762302,0.8862190759511703,0.16138376228653178,173.118,173.534,193.049,0,1,0,0,0,0,0,0,0,0,0.0,0.0,0.0,0.0,0.0,0.0,0.0,0.0,0.0,0.0,172.7115,154.545,202.35039999999998,0.07607940642230313,0.17262364418762302,0.1140853623726054,0.0,0.0,0.0,0.0,0.0,0.0,0,0.0,0.0,0,0,0,0,0,0,0,0,0,0,0,0,0
1,464.265,46,4.895182755005257,2.8690396641606433,9.839280855190662e-07,9.839280855190662e-07,0.0069594412597509675,0.9550906456916607,0.17262359671196978,0.8952178416841878,0.1335099606851326,173.034,173.034,192.518,0,1,0,0,0,0,0,0,0,0,0.0,0.0,0.0,0.0,0.0,0.0,0.0,0.0,0.0,0.0,174.5604,173.034,201.9194,0.07607950337259847,0.17262359671196978,0.114050111201521,0.0,0.0,0.0,0.0,0.0,0.0,0,0.0,0.0,0,0,0,0,0,0,0,0,0,0,0,0,0
1,465.264,46,6.43783973758266,1.5442011837611647,0.8246292010593138,0.8246282171312282,0.3668909340969708,0.9505073052045675,0.2565704429659142,0.9034693753923104,0.13998565474406283,126.729,126.729,194.632,1,1,0,0,0,0,0,0,0,0,0.0,0.0,0.0,0.0,0.0,0.0,0.0,0.0,0.0,0.1,169.8027,126.729,201.3192,0.10310592511530677,0.2565704429659142,0.1410764359939339,0.0,0.0,0.0,0.0,0.0,0.0,0,0.0,0.0,0,0,0,0,0,0,0,0,0,0,0,0,0
1,466.271,46,2.242756643490565,-4.165921642593938,0.15915753961064116,0.6654716614486726,0.35747319010504863,0.9281741525233245,0.2571828365269618,0.9103026070825095,0.1527316991945863,118.132,118.132,190.347,1,1,0,0,0,0,0,0,0,0,0.0,0.0,0.0,0.0,0.0,0.0,0.0,0.0,0.0,0.2,163.7621,118.132,199.8817,0.10772868200456723,0.2571828365269618,0.1634801008473817,0.0,0.0,0.0,0.0,0.0,0.0,0,0.0,0.0,0,0,0,0,0,0,0,0,0,0,0,0,0
1,467.268,46,0.23551474255152147,-2.0132817461775763,0.04930823570924372,0.10984930390139744,0.35153886382721955,0.9284042130415948,0.25768395237294894,0.9174323263737018,0.16468647598813999,118.132,120.903,183.737,1,1,0,0,0,0,0,0,0,0,0.0,0.0,0.0,0.0,0.0,0.0,0.0,0.0,0.0,0.3,158.3865,118.132,197.3875,0.10508164835381147,0.25768395237294894,0.17074989138739796,0.0,0.0,0.0,0.0,0.0,0.0,0,0.0,0.0,0,0,0,0,0,0,0,0,0,0,0,0,0
1,468.266,46,4.7262755815617545,4.4997603597296925,0.539548116039327,0.49023988033008326,0.35505141709066024,0.8686789675492201,0.28796045335556464,0.9208818667315425,0.17699058313561916,91.4616,91.4616,176.377,0,1,0,0,0,0,0,0,0,0,0.0,0.0,0.0,0.0,0.0,0.0,0.0,0.0,0.0,0.3,150.06486,91.4616,194.0344,0.15901314817001738,0.28796045335556464,0.21221933398645287,0.0,0.0,0.0,0.0,0.0,0.0,0,0.0,0.0,0,0,0,0,0,0,0,0,0,0,0,0,0
1,469.27,46,6.583939132278592,1.8502625007139812,0.22673132628013087,0.3128167897591961,0.31731110438665466,0.7776268162146763,0.28293125840664757,0.9180556731468658,0.18552065911919563,91.4616,107.039,168.214,0,1,0,0,0,0,0,0,0,0,0.0,0.0,0.0,0.0,0.0,0.0,0.0,0.0,0.0,0.3,143.30006,91.4616,189.9183,0.18168627869068804,0.28293125840664757,0.24347770328198814,0.0,0.0,0.0,0.0,0.0,0.0,0,0.0,0.0,0,0,0,0,0,0,0,0,0,0,0,0,0
1,470.277,47,4.773786424064308,-1.7975697201730718,1.811903533287381,1.58517220700725,0.7246022788559625,0.7615421493749096,0.57895977983183,0.9128183982310307,0.2526526998775363,91.4616,146.533,164.019,0,1,0,0,0,0,0,0,0,0,0.0,0.0,0.0,0.0,0.0,0.0,0.0,0.0,0.0,0.3,140.47636,91.4616,185.9847,0.3628766299267326,0.57895977983183,0.4019949239680643,0.0,0.0,0.0,0.0,0.0,0.0,0,0.0,0.0,0,0,0,0,0,0,0,0,0,0,0,0,0
1,471.294,47,1.0024677350204663,-3.7082779636615957,0.6950260937404525,1.1168774395469283,0.6897793129665604,0.7469128559871359,0.573541313303665,0.9064433888592198,0.31834971012944935,91.4616,106.078,157.916,0,1,0,0,0,0,0,0,0,0,0.0,0.0,0.0,0.0,0.0,0.0,0.0,0.0,0.0,0.3,133.65616,91.4616,181.8287,0.43079072844569455,0.573541313303665,0.5120941591603674,0.0,0.0,0.0,0.0,0.0,0.0,0,0.0,0.0,0,0,0,0,0,0,0,0,0,0,0,0,0
1,472.27,47,0.8258603573371572,-0.18095018205257074,2.0494404273068225,1.3544143335663699,0.8128132443850274,0.7090014233002159,0.7436402002038597,0.8982855386317883,0.39893793491896373,91.4616,139.911,152.941,0,1,0,0,0,0,0,0,0,0,0.0,0.0,0.0,0.0,0.0,0.0,0.0,0.0,0.0,0.3,130.33546,91.4616,177.375,0.6355745456961398,0.7436402002038597,0.646107307142158,0.0,0.0,0.0,0.0,0.0,0.0,0,0.0,0.0,0,0,0,0,0,0,0,0,0,0,0,0,0
1,473.274,47,3.8652862067022773,3.027316583032988,0.9591032458891633,1.0903371814176592,0.7653373579772161,0.6170226527699469,0.7138109490861433,0.8852411784878266,0.47477571449510714,85.6305,85.6305,148.756,0,1,0,0,0,0,0,0,0,0,0.0,0.0,0.0,0.0,0.0,0.0,0.0,0.0,0.0,0.3,121.54511,85.6305,172.94570000000002,0.7314848702850562,0.7138109490861433,0.754980799803687,0.0,0.0,0.0,0.0,0.0,0.0,0,0.0,0.0,0,0,0,0,0,0,0,0,0,0,0,0,0
1,474.28,47,3.921959341407112,0.056335123961068406,0.5674304034678451,0.39167284242131817,0.6722675351704551,0.5344111492382457,0.6704378516880015,0.8678731625588327,0.5413065238861775,54.2307,54.2307,144.885,0,1,0,0,0,0,0,0,0,0,0.0,0.0,0.0,0.0,0.0,0.0,0.0,0.0,0.0,0.3,109.66478000000002,54.2307,168.1824,0.7882278122390322,0.6704378516880015,0.7941479856530103,0.0,0.0,0.0,0.0,0.0,0.0,0,0.0,0.0,0,0,0,0,0,0,0,0,0,0,0,0,0
1,475.275,47,4.110749341246661,0.18973869330607965,0.6217273468345197,0.054296943366674566,0.6172341568090737,0.4879734027755734,0.6722815749711568,0.8472388210393976,0.5663408461573878,54.2307,90.8373,138.03,0,1,0,0,0,0,0,0,0,0,0.0,0.0,0.0,0.0,0.0,0.0,0.0,0.0,0.0,0.2,106.07561000000001,54.2307,162.5222,0.7679376268165526,0.6722815749711568,0.717114858276555,0.0,0.0,0.0,0.0,0.0,0.0,0,0.0,0.0,0,0,0,0,0,0,0,0,0,0,0,0,0
1,476.28,47,3.9325143438049603,-0.17734825616089656,1.0533130056423767,0.43158565880785704,0.5965410796380307,0.5136661560886622,0.6410527068753042,0.8264695084146604,0.590247635110686,54.2307,151.402,132.613,0,1,0,0,0,0,0,0,0,0,0.0,0.0,0.0,0.0,0.0,0.0,0.0,0.0,0.0,0.1,109.40261000000001,54.2307,156.74880000000002,0.8573531734197262,0.6410527068753042,0.6937262580124733,0.0,0.0,0.0,0.0,0.0,0.0,0,0.0,0.0,0,0,0,0,0,0,0,0,0,0,0,0,0
1,477.279,47,4.075562083785541,0.14319093091149201,0.953866032164375,0.09944697347800169,0.22033696512272313,0.5596142346620019,0.5747552896436439,0.8065773820806446,0.5771274452402364,54.2307,152.595,128.293,0,1,0,0,0,0,0,0,0,0,0.0,0.0,0.0,0.0,0.0,0.0,0.0,0.0,0.0,0.0,112.57181,54.2307,151.2044,0.9478089530652394,0.5747552896436439,0.6926860249701338,0.0,0.0,0.0,0.0,0.0,0.0,0,0.0,0.0,0,0,0,0,0,0,0,0,0,0,0,0,0
1,478.281,47,4.01074697414063,-0.06468573816857406,0.249808951210572,0.704057080953803,0.32213012608751923,0.5891671661004737,0.6041729884668419,0.7875355084060088,0.5738353161399223,54.2307,166.031,124.505,0,1,0,0,0,0,0,0,0,0,0.0,0.0,0.0,0.0,0.0,0.0,0.0,0.0,0.0,0.0,120.02874999999999,54.2307,146.0172,0.9188350365823638,0.6041729884668419,0.7140677450325058,0.0,0.0,0.0,0.0,0.0,0.0,0,0.0,0.0,0,0,0,0,0,0,0,0,0,0,0,0,0
1,479.286,47,4.075097622529897,0.06403049590971915,0.18741262482266177,0.062396326387910234,0.39470668184619456,0.6020611337812167,0.6092838786019776,0.7691754481208348,0.5815748738858763,90.8373,177.071,121.938,0,1,0,0,0,0,0,0,0,0,0.0,0.0,0.0,0.0,0.0,0.0,0.0,0.0,0.0,0.0,127.03194999999998,54.2307,141.3896,0.9149031664366168,0.6092838786019776,0.6890256986953772,0.0,0.0,0.0,0.0,0.0,0.0,0,0.0,0.0,0,0,0,0,0,0,0,0,0,0,0,0,0
1,480.279,48,3.860402527571061,-0.21620855484273535,0.4555277397447378,0.26811511492207607,0.40076343699003725,0.5955323305277161,0.5336959389958048,0.7505439471927566,0.5491909896992838,151.402,153.098,121.427,0,1,0,0,0,0,0,0,0,0,0.0,0.0,0.0,0.0,0.0,0.0,0.0,0.0,0.0,0.0,127.68845000000002,54.2307,137.1304,0.7792655870823527,0.5336959389958048,0.5573199894868599,0.0,0.0,0.0,0.0,0.0,0.0,0,0.0,0.0,0,0,0,0,0,0,0,0,0,0,0,0,0
1,481.28,48,1.6343128513619718,-2.2238658103986912,0.03969905858209081,0.415828681162647,0.35525819492370364,0.5966014478801676,0.5831332231283011,0.7322922793842956,0.5157388778949981,151.514,151.514,121.041,0,1,0,0,0,0,0,0,0,0,0.0,0.0,0.0,0.0,0.0,0.0,0.0,0.0,0.0,0.0,132.23205000000002,54.2307,133.4429,0.7137328835665164,0.5831332231283011,0.4872151136484317,0.0,0.0,0.0,0.0,0.0,0.0,0,0.0,0.0,0,0,0,0,0,0,0,0,0,0,0,0,0
1,482.284,48,0.18792791099774075,-1.4406224505619831,0.04520077072529051,0.005501712143199701,0.17138631835275767,0.6076347312555286,0.3831915805497295,0.7145564310366,0.45159618529177115,151.514,154.065,119.157,0,1,0,0,0,0,0,0,0,0,0.0,0.0,0.0,0.0,0.0,0.0,0.0,0.0,0.0,0.0,133.64745,54.2307,130.0645,0.5133089179083633,0.3831915805497295,0.3523238515061146,0.0,0.0,0.0,0.0,0.0,0.0,0,0.0,0.0,0,0,0,0,0,0,0,0,0,0,0,0,0
1,483.285,48,0.8207022751880085,0.6321422219682995,0.027768606471496957,0.017432164253793552,0.18222945852658598,0.6019315502533958,0.3759137721384509,0.6965777242110117,0.3932853953467081,151.514,154.48,116.22,0,1,0,0,0,0,0,0,0,0,0.0,0.0,0.0,0.0,0.0,0.0,0.0,0.0,0.0,0.0,140.5324,54.2307,126.81089999999999,0.4201754539665966,0.3759137721384509,0.24503334978972807,0.0,0.0,0.0,0.0,0.0,0.0,0,0.0,0.0,0,0,0,0,0,0,0,0,0,0,0,0,0
1,484.29,48,0.0,-0.8166191792915508,0.0,0.027768606471496957,0.19191558257008934,0.6694756649514896,0.3936250531824086,0.6822969751740031,0.3452502000866715,151.133,151.133,115.239,0,1,0,0,0,0,0,0,0,0,0.0,0.0,0.0,0.0,0.0,0.0,0.0,0.0,0.0,0.0,150.22262999999998,90.8373,123.8463,0.36343241361981216,0.3936250531824086,0.20864292619474595,0.0,0.0,0.0,0.0,0.0,0.0,0,0.0,0.0,0,0,0,0,0,0,0,0,0,0,0,0,0
1,485.291,48,0.0,0.0,0.0,0.0,0.021513862668520543,0.6883176561515807,0.39737730458604453,0.6691874927213538,0.28567817067261625,147.81,147.81,114.748,0,1,0,0,0,0,0,0,0,0,0.0,0.0,0.0,0.0,0.0,0.0,0.0,0.0,0.0,0.0,155.9199,147.81,121.5181,0.3012596789363602,0.39737730458604453,0.20321323185807846,0.0,0.0,0.0,0.0,0.0,0.0,0,0.0,0.0,0,0,0,0,0,0,0,0,0,0,0,0,0
1,486.291,48,0.0,0.0,0.0,0.0,0.020912312030536725,0.6777575741763856,0.30466828208148444,0.6566666638040068,0.22811529391186683,144.476,144.476,114.845,0,1,0,0,0,0,0,0,0,0,0.0,0.0,0.0,0.0,0.0,0.0,0.0,0.0,0.0,0.0,155.22729999999999,144.476,119.7413,0.19592837837212249,0.30466828208148444,0.1600546659772928,0.0,0.0,0.0,0.0,0.0,0.0,0,0.0,0.0,0,0,0,0,0,0,0,0,0,0,0,0,0
1,487.295,48,0.0,0.0,0.0,0.0,0.012418498342328053,0.676330975557158,0.15214658890617908,0.644063001929785,0.2073234472338273,141.705,141.705,113.651,0,1,0,0,0,0,0,0,0,0,0.0,0.0,0.0,0.0,0.0,0.0,0.0,0.0,0.0,0.0,154.13830000000002,141.705,118.27709999999999,0.10054177515568499,0.15214658890617908,0.1501099686294926,0.0,0.0,0.0,0.0,0.0,0.0,0,0.0,0.0,0,0,0,0,0,0,0,0,0,0,0,0,0
1,488.291,48,0.0,0.0,0.0,0.0,6.821381585694107e-08,0.6471490483301489,0.1452678629810141,0.6329865059688314,0.17511044144645696,140.578,140.578,110.427,0,1,0,0,0,0,0,0,0,0,0.0,0.0,0.0,0.0,0.0,0.0,0.0,0.0,0.0,0.0,151.59300000000002,140.578,116.8693,0.07556088003462778,0.1452678629810141,0.07970426053411231,0.0,0.0,0.0,0.0,0.0,0.0,0,0.0,0.0,0,0,0,0,0,0,0,0,0,0,0,0,0
1,489.295,48,0.0,0.0,0.0,0.0,6.821381585694107e-08,0.6039337236899835,0.1412684806871199,0.6243018513425967,0.13563978008321909,139.831,139.831,107.086,0,1,0,0,0,0,0,0,0,0,0.0,0.0,0.0,0.0,0.0,0.0,0.0,0.0,0.0,0.0,147.869,139.831,115.38410000000002,0.05681961755236161,0.1412684806871199,0.07346462789532128,0.0,0.0,0.0,0.0,0.0,0.0,0,0.0,0.0,0,0,0,0,0,0,0,0,0,0,0,0,0
1,490.303,49,0.8768965884989752,0.8699370917648563,0.22689539267232023,0.22689539267232023,0.10147070435938521,0.5349531342766473,0.07019131023181069,0.6129724005876838,0.10571050682015388,126.849,126.849,103.98,0,1,0,0,0,0,0,0,0,0,0.0,0.0,0.0,0.0,0.0,0.0,0.0,0.0,0.0,0.0,145.2441,126.849,113.6394,0.03395638284511985,0.07019131023181069,0.0693426556703457,0.0,0.0,0.0,0.0,0.0,0.0,0,0.0,0.0,0,0,0,0,0,0,0,0,0,0,0,0,0
1,491.3,49,0.0642239141167982,-0.8151180284675797,0.0,0.22689539267232023,0.10147070435938521,0.5683933996838919,0.0709489929257465,0.6040464277725215,0.08033175776372205,126.608,126.608,100.397,0,1,0,0,0,0,0,0,0,0,0.0,0.0,0.0,0.0,0.0,0.0,0.0,0.0,0.0,0.0,142.7535,126.608,111.575,0.02998647698691077,0.0709489929257465,0.05044932682131302,0.0,0.0,0.0,0.0,0.0,0.0,0,0.0,0.0,0,0,0,0,0,0,0,0,0,0,0,0,0
1,492.299,49,0.0,-0.06428820231911732,0.0,0.0,0.10147070435938521,0.5704306702635625,0.07131093065295228,0.5971178901206888,0.0733401963643848,126.379,126.379,96.7656,0,1,0,0,0,0,0,0,0,0,0.0,0.0,0.0,0.0,0.0,0.0,0.0,0.0,0.0,0.0,139.98489999999998,126.379,109.33586,0.02546639991438172,0.07131093065295228,0.049899155606993054,0.0,0.0,0.0,0.0,0.0,0.0,0,0.0,0.0,0,0,0,0,0,0,0,0,0,0,0,0,0
1,493.3,49,3.04236401282755,3.039324688139411,0.612801047246358,0.612801047246358,0.2673895194654023,0.5261531597586918,0.19902474206907503,0.592574415470126,0.08185620245826644,126.379,162.066,95.102,0,1,0,0,0,0,0,0,0,0,0.0,0.0,0.0,0.0,0.0,0.0,0.0,0.0,0.0,0.0,140.74349999999998,126.379,107.22406000000001,0.08396964399186782,0.19902474206907503,0.1094360439062495,0.0,0.0,0.0,0.0,0.0,0.0,0,0.0,0.0,0,0,0,0,0,0,0,0,0,0,0,0,0
1,494.297,49,2.9244414481882894,-0.11827739682975001,2.4500226480567076,1.8372216008103495,1.032614071562441,0.6095672682466937,0.770814320553559,0.5963322214205485,0.1659260513575016,58.0342,58.0342,94.6991,0,1,0,0,0,0,0,0,0,0,0.0,0.0,0.0,0.0,0.0,0.0,0.0,0.0,0.0,0.0,131.43362000000002,58.0342,105.17007000000001,0.32897190879753857,0.770814320553559,0.2903813433401347,0.0,0.0,0.0,0.0,0.0,0.0,0,0.0,0.0,0,0,0,0,0,0,0,0,0,0,0,0,0
1,495.296,49,3.85333381824759,0.9298221922515519,2.019055451102389,0.4309671969543185,1.1499588995252377,0.745099710158271,0.9242350484267269,0.6091885367896833,0.2787705550431733,58.0342,174.4,94.8865,0,1,0,0,0,0,0,0,0,0,0.0,0.0,0.0,0.0,0.0,0.0,0.0,0.0,0.0,0.0,134.09261999999998,58.0342,103.18391999999999,0.5308774539077775,0.9242350484267269,0.3334780630355666,0.0,0.0,0.0,0.0,0.0,0.0,0,0.0,0.0,0,0,0,0,0,0,0,0,0,0,0,0,0
1,496.304,49,5.078318655085543,1.2152627349582865,1.5103688765453844,0.5086865745570046,1.005533236414941,0.8551591736302814,0.9508677314427962,0.6262631876667644,0.3772326474816138,58.0342,97.6283,93.8603,0,1,0,0,0,0,0,0,0,0,0.0,0.0,0.0,0.0,0.0,0.0,0.0,0.0,0.0,0.0,129.40785,58.0342,101.08545,0.6819143415623159,0.9508677314427962,0.38434672049126706,0.0,0.0,0.0,0.0,0.0,0.0,0,0.0,0.0,0,0,0,0,0,0,0,0,0,0,0,0,0
1,497.3,49,5.7558499282591145,0.680252282302783,1.8238490468527153,0.3134801703073309,0.6885169797097651,0.839721801470266,0.9800062444041576,0.6402685660071775,0.4448424956183574,4.31116,4.31116,89.6884,0,1,1,0,0,0,1,0,0,0,0.0,0.0,0.0,0.0,0.0,0.1,0.1,0.0,0.0,0.0,115.668466,4.31116,98.68919,0.8642992462475874,0.9800062444041576,0.41569473752200015,0.0,0.0,0.0,0.0,0.0,0.0,0,0.0,0.0,0,0,0,0,0,0,0,0,0,0,0,0,0
1,498.307,49,1.4411185647744111,-4.28473819611192,1.7272523071867374,0.09659673966597793,0.35495267963649635,0.7926539383636109,0.962810982759001,0.6504429046203344,0.48033775676062546,4.31116,105.44,81.894,0,1,0,0,0,0,0,0,0,0,0.0,0.0,0.0,0.0,0.0,0.1,0.1,0.0,0.0,0.0,112.15466599999999,4.31116,95.83588999999999,1.0370244769662613,0.962810982759001,0.425354411488598,0.0,0.0,0.0,0.0,0.0,0.0,0,0.0,0.0,0,0,0,0,0,0,0,0,0,0,0,0,0
1,499.328,49,6.44776486836593,4.903669249355063,0.562702010315896,1.1645502968708414,0.5701913227820058,0.6893160853077516,0.910490928504017,0.6548056521966611,0.5373568822174445,4.31116,143.453,79.6549,0,1,0,0,0,0,0,0,0,0,0.0,0.0,0.0,0.0,0.0,0.1,0.1,0.0,0.0,0.0,112.51686600000001,4.31116,93.09277999999999,1.0932946779978507,0.910490928504017,0.5418094411756821,0.0,0.0,0.0,0.0,0.0,0.0,0,0.0,0.0,0,0,0,0,0,0,0,0,0,0,0,0,0
1,500.3,50,6.2399981785280065,-0.21375173851638182,0.4051944827779932,0.15750752753790276,0.6710446194536619,0.6946046652932732,0.8932213038266937,0.659759268934939,0.5943142737268722,4.31116,168.404,79.7987,0,1,0,0,0,0,0,0,0,0,0.0,0.0,0.0,0.0,0.0,0.1,0.1,0.0,0.0,0.0,116.67236600000001,4.31116,90.67465,1.111124587008418,0.8932213038266937,0.5348706546622404,0.0,0.0,0.0,0.0,0.0,0.0,0,0.0,0.0,0,0,0,0,0,0,0,0,0,0,0,0,0
1,501.312,50,6.337814019620464,0.09665596945895026,0.8393702617828572,0.43417577900486404,0.6619597189236919,0.7209236748397371,0.8130461925018883,0.6659753802829175,0.6503631751833028,4.31116,122.867,80.3877,0,1,0,0,0,0,0,0,0,0,0.0,0.0,0.0,0.0,0.0,0.1,0.1,0.0,0.0,0.0,116.29826600000001,4.31116,88.67372,1.1950616131867038,0.8130461925018883,0.5555986932954947,0.0,0.0,0.0,0.0,0.0,0.0,0,0.0,0.0,0,0,0,0,0,0,0,0,0,0,0,0,0
1,502.313,50,6.703475360884856,0.36529604521917297,1.0822733546294283,0.24290309284657108,0.5189220222511302,0.639846194254487,0.7005406143209247,0.6675859534328654,0.6921083069724773,67.7305,67.7305,76.6728,0,1,0,0,0,0,0,0,0,0,0.0,0.0,0.0,0.0,0.0,0.1,0.1,0.0,0.0,0.0,110.433416,4.31116,86.66443999999998,1.3032889486496466,0.7005406143209247,0.5798890025801519,0.0,0.0,0.0,0.0,0.0,0.0,0,0.0,0.0,0,0,0,0,0,0,0,0,0,0,0,0,0
1,503.313,50,5.500954463545891,-1.2025208973389656,0.895278193812538,0.18699516081689027,0.27075233068364957,0.5136270093485664,0.6748279016051639,0.6631707263876239,0.692444588094302,23.7143,23.7143,69.0098,0,1,0,0,0,0,0,0,0,0,0.0,0.0,0.0,0.0,0.0,0.1,0.1,0.0,0.0,0.0,96.598246,4.31116,84.05521999999999,1.3315366633062646,0.6748279016051639,0.5373084139372051,0.0,0.0,0.0,0.0,0.0,0.0,0,0.0,0.0,0,0,0,0,0,0,0,0,0,0,0,0,0
1,504.318,50,6.5863506850948035,1.079996240347177,0.8128015148831078,0.08247667892943022,0.2480411372199749,0.3969540403140684,0.5625892742291232,0.6495446451557528,0.6139872946600555,23.7143,79.1417,60.7285,0,1,0,0,0,0,0,0,0,0,0.0,0.0,0.0,0.0,0.0,0.1,0.1,0.0,0.0,0.0,98.708996,4.31116,80.65816,1.1678145499889048,0.5625892742291232,0.3618339217491131,0.0,0.0,0.0,0.0,0.0,0.0,0,0.0,0.0,0,0,0,0,0,0,0,0,0,0,0,0,0
1,505.316,50,6.7314462207993975,0.14538630832123647,0.579222652406801,0.23357886247630677,0.18061079020400422,0.35682535693612444,0.5014509751876397,0.63297003019498,0.5170524837279321,23.7143,120.277,57.0412,0,1,0,0,0,0,0,0,0,0,0.0,0.0,0.0,0.0,0.0,0.1,0.1,0.0,0.0,0.0,93.296696,4.31116,76.87363,1.023831270119346,0.5014509751876397,0.34209508830131197,0.0,0.0,0.0,0.0,0.0,0.0,0,0.0,0.0,0,0,0,0,0,0,0,0,0,0,0,0,0
1,506.31,50,6.741981565549541,0.010598938380426508,0.9212143768218848,0.34199172441508374,0.1840134821870118,0.37812403965083036,0.4716612257069585,0.6179883534687023,0.43490050830513916,23.7143,178.155,59.5797,0,1,0,0,0,0,0,0,0,0,0.0,0.0,0.0,0.0,0.0,0.1,0.1,0.0,0.0,0.0,101.349366,4.31116,73.44557,0.9649158201469958,0.4716612257069585,0.3254256032871199,0.0,0.0,0.0,0.0,0.0,0.0,0,0.0,0.0,0,0,0,0,0,0,0,0,0,0,0,0,0
1,507.317,50,4.707029695135288,-2.020806226826468,1.210487684077298,0.2892733072554132,0.22697167940397983,0.4144112722832303,0.37816763519767954,0.6048923683050058,0.38874597827456064,23.7143,111.87,64.3719,0,1,0,0,0,0,0,0,0,0,0.0,0.0,0.0,0.0,0.0,0.0,0.0,0.0,0.0,0.0,112.10525,23.7143,70.91392,0.9035796838694541,0.37816763519767954,0.3230049169819281,0.0,0.0,0.0,0.0,0.0,0.0,0,0.0,0.0,0,0,0,0,0,0,0,0,0,0,0,0,0
1,508.314,50,4.119974804132792,-0.5888213550676991,0.9523083738498294,0.25817931022746865,0.2291154906363627,0.4357481125969199,0.24742696512580764,0.5943223215183444,0.3761622593745473,79.1417,167.346,62.4796,0,1,0,0,0,0,0,0,0,0,0.0,0.0,0.0,0.0,0.0,0.0,0.0,0.0,0.0,0.0,118.29585,23.7143,68.97248,0.8260852905357634,0.24742696512580764,0.3391631740380772,0.0,0.0,0.0,0.0,0.0,0.0,0,0.0,0.0,0,0,0,0,0,0,0,0,0,0,0,0,0
1,509.312,50,3.6898380942024342,-0.43099870734504825,0.43808391118717505,0.5142244626626543,0.30986439388604337,0.4503032583562067,0.2647015675259579,0.5866407982516557,0.350129566484951,111.87,166.263,60.9402,0,1,0,0,0,0,0,0,0,0,0.0,0.0,0.0,0.0,0.0,0.0,0.0,0.0,0.0,0.0,120.57685000000001,23.7143,67.10101,0.8136234806228912,0.2647015675259579,0.2741305906172585,0.0,0.0,0.0,0.0,0.0,0.0,0,0.0,0.0,0,0,0,0,0,0,0,0,0,0,0,0,0
1,510.314,51,0.06694814303875349,-3.6156586338958894,1.3248333952939004,0.8867494841067254,0.3425517964689867,0.4579260418926006,0.2667812329507082,0.5827894436324532,0.3172802841864836,90.6664,90.6664,57.3479,0,1,0,0,0,0,0,0,0,0,0.0,0.0,0.0,0.0,0.0,0.0,0.0,0.0,0.0,0.0,112.80309,23.7143,64.85593,0.905587371874482,0.2667812329507082,0.3470547862741407,0.0,0.0,0.0,0.0,0.0,0.0,0,0.0,0.0,0,0,0,0,0,0,0,0,0,0,0,0,0
1,511.325,51,1.6508819398731993,1.5667000957808566,1.4475941934602323,0.1227607981663319,0.4000983745858374,0.43627720022800737,0.31498555348925517,0.5761836336596591,0.2910941497526981,8.74341,8.74341,52.5549,0,1,0,0,0,0,0,0,0,0,0.0,0.0,0.0,0.0,0.0,0.0,0.0,0.0,0.0,0.0,101.390731,8.74341,62.072649999999996,0.9664097650422196,0.31498555348925517,0.3159132881902875,0.0,0.0,0.0,0.0,0.0,0.0,0,0.0,0.0,0,0,0,0,0,0,0,0,0,0,0,0,0
1,512.317,51,5.952473725371909,4.3362820418333765,0.21775941287306302,1.2298347805871692,0.5382948566807607,0.3614350057333711,0.38948079870290137,0.5657338504331495,0.2930314331956611,2.12357,2.12357,44.1074,0,1,1,0,0,0,1,0,0,0,0.0,0.0,0.0,0.0,0.0,0.1,0.1,0.0,0.0,0.0,94.83003800000002,2.12357,58.81611,0.879958370866583,0.38948079870290137,0.4146064569643474,0.0,0.0,0.0,0.0,0.0,0.0,0,0.0,0.0,0,0,0,0,0,0,0,0,0,0,0,0,0
1,513.321,51,3.384842597561219,-2.5574015217237944,0.3138313208112816,0.0960719079382186,0.5890401985226814,0.34299259764453016,0.42839684694362784,0.5565758223274414,0.3248602199795643,2.12357,18.9371,34.451,0,1,0,0,0,0,0,0,0,0,0.0,0.0,0.0,0.0,0.0,0.1,0.1,0.0,0.0,0.0,94.352318,2.12357,55.36023,0.8218136835664573,0.42839684694362784,0.4055141316764802,0.0,0.0,0.0,0.0,0.0,0.0,0,0.0,0.0,0,0,0,0,0,0,0,0,0,0,0,0,0
1,514.317,51,1.5008277153990248,-1.891581206990155,0.00010140554108532288,0.3137299152701963,0.6732719192423414,0.33200201068097474,0.5011981675214788,0.5426975594491554,0.36738329818180093,2.12357,21.9237,26.7724,0,1,0,0,0,0,0,0,0,0,0.0,0.0,0.0,0.0,0.0,0.1,0.1,0.0,0.0,0.0,88.630518,2.12357,51.964620000000004,0.7405436726322552,0.5011981675214788,0.4286394553105568,0.0,0.0,0.0,0.0,0.0,0.0,0,0.0,0.0,0,0,0,0,0,0,0,0,0,0,0,0,0
1,515.317,51,1.471223981893804,-0.02960373350522083,0.0,0.00010140554108532288,0.6037224821241545,0.3068666630666836,0.5527333091650546,0.5207859070945762,0.409694467373816,2.12357,29.9824,19.2352,0,1,0,0,0,0,0,0,0,0,0.0,0.0,0.0,0.0,0.0,0.1,0.1,0.0,0.0,0.0,79.601058,2.12357,48.18402,0.6826214073915751,0.5527333091650546,0.40529170961703465,0.0,0.0,0.0,0.0,0.0,0.0,0,0.0,0.0,0,0,0,0,0,0,0,0,0,0,0,0,0
1,516.323,51,1.4491459935783977,-0.021946310452690163,0.0,0.0,0.14947404784548143,0.2971495019652198,0.5844093682710126,0.492885423511323,0.406240523939663,2.12357,51.157,13.7215,0,1,0,0,0,0,0,0,0,0,0.0,0.0,0.0,0.0,0.0,0.1,0.1,0.0,0.0,0.0,66.901258,2.12357,43.5982,0.5904999697093866,0.5844093682710126,0.37109253717552626,0.0,0.0,0.0,0.0,0.0,0.0,0,0.0,0.0,0,0,0,0,0,0,0,0,0,0,0,0,0
1,517.323,51,0.9000555547299112,-0.5490904388484865,0.7625008514764584,0.7625008514764584,0.3347222009413567,0.366439462496663,0.5476149402078321,0.4692213065626428,0.41701557609340056,18.9371,34.6261,10.2955,1,1,0,0,0,0,0,0,0,0,0.0,0.0,0.0,0.0,0.0,0.1,0.1,0.0,0.0,0.1,59.17686799999999,2.12357,38.19056,0.5457012864493025,0.5476149402078321,0.41841529159763075,0.0,0.0,0.0,0.0,0.0,0.0,0,0.0,0.0,0,0,0,0,0,0,0,0,0,0,0,0,0
1,518.323,51,0.0,-0.9000555547299112,0.164868539184409,0.5976323122920494,0.330359190290178,0.37275151969069104,0.5392007679264896,0.4482261856289968,0.4271399460587821,21.9237,22.8153,7.37402,1,1,0,1,1,0,0,0,0,0,0.0,0.0,0.0,0.0,0.0,0.1,0.1,0.0,0.0,0.2,44.723798,2.12357,32.680002,0.4669573029827605,0.5392007679264896,0.45236059180408883,0.0,0.0,0.0,0.0,0.0,0.0,0,0.0,0.0,0,0,0,0,0,0,0,0,0,0,0,0,0
1,519.331,51,0.0,0.0,0.0,0.164868539184409,0.33037341992365227,0.33452812368433316,0.5592317062943184,0.43048678754782593,0.4291908486625431,22.8153,25.5591,5.4304,1,1,0,1,1,0,0,0,0,0,0.0,0.0,0.0,0.0,0.0,0.1,0.1,0.0,0.0,0.3,30.653407999999995,2.12357,27.129022000000003,0.4231489118640431,0.5592317062943184,0.41742499945626427,0.0,0.0,0.0,0.0,0.0,0.0,0,0.0,0.0,0,0,0,0,0,0,0,0,0,0,0,0,0
1,520.322,52,0.0,0.0,0.0,0.0,0.33037341992365227,0.3706023374195482,0.47201255319331564,0.4142866711541397,0.4279730110080096,19.9022,19.9022,4.94486,1,1,0,1,1,0,0,0,0,0,0.0,0.0,0.0,0.0,0.0,0.1,0.1,0.0,0.0,0.4,23.576988,2.12357,21.888718,0.29066557233465296,0.47201255319331564,0.32875005104559174,0.0,0.0,0.0,0.0,0.0,0.0,0,0.0,0.0,0,0,0,0,0,0,0,0,0,0,0,0,0
1,521.321,52,0.0,0.0,0.0,0.0,0.33037341992365227,0.4255280985239924,0.24531440122055043,0.3995168923383524,0.42100051554179113,19.9022,41.09,3.14394,1,1,0,0,0,0,0,0,0,0,0.0,0.0,0.0,0.0,0.0,0.1,0.1,0.0,0.0,0.5,26.811647,2.12357,16.947622,0.14590615298862972,0.24531440122055043,0.31647397122895854,0.0,0.0,0.0,0.0,0.0,0.0,0,0.0,0.0,0,0,0,0,0,0,0,0,0,0,0,0,0
1,522.329,52,0.0,0.0,0.0,0.0,0.07373145219351682,0.389819012581304,0.24787904697211016,0.3870155332546933,0.3745441750930667,19.9022,65.6852,4.62629,1,1,0,1,1,0,0,0,0,0,0.0,0.0,0.0,0.0,0.0,0.0,0.0,0.0,0.0,0.6,33.167809999999996,18.9371,12.999511000000002,0.1241302117013234,0.24787904697211016,0.19349049317024164,0.0,0.0,0.0,0.0,0.0,0.0,0,0.0,0.0,0,0,0,0,0,0,0,0,0,0,0,0,0
1,523.33,52,0.0,0.0,1.0661458828780912,1.0661458828780912,0.47679493360939235,0.3218758772857118,0.38698341785684703,0.3774279766515506,0.3633196486017378,19.9022,39.4848,4.50546,1,1,0,0,0,0,0,0,0,0,0.0,0.0,0.0,0.0,0.0,0.0,0.0,0.0,0.0,0.7,35.22258,19.9022,10.004957000000001,0.1993616679080044,0.38698341785684703,0.29049789066422893,0.0,0.0,0.0,0.0,0.0,0.0,0,0.0,0.0,0,0,0,0,0,0,0,0,0,0,0,0,0
1,524.327,52,0.0,0.0,0.8420574692413753,0.22408841363671594,0.5285545900082397,0.22389181468147362,0.4282094153874745,0.3687748653699208,0.3488479156783276,19.9022,50.6691,2.05801,1,1,0,0,0,0,0,0,0,0,0.0,0.0,0.0,0.0,0.0,0.0,0.0,0.0,0.0,0.8,38.097120000000004,19.9022,7.533517999999999,0.28355727427803334,0.4282094153874745,0.2815337405008809,0.0,0.0,0.0,0.0,0.0,0.0,0,0.0,0.0,0,0,0,0,0,0,0,0,0,0,0,0,0
1,525.331,52,0.0,0.0,0.0,0.8420574692413753,0.5285545900082397,0.07951126232059931,0.4282094153874745,0.3549091606391445,0.34133112646673613,39.4848,52.2242,2.03401,1,1,0,1,1,0,0,0,0,0,0.0,0.0,0.0,0.0,0.0,0.0,0.0,0.0,0.0,0.9,40.3213,19.9022,5.813399,0.28355727427803334,0.4282094153874745,0.36572934687090985,0.0,0.0,0.0,0.0,0.0,0.0,0,0.0,0.0,0,0,0,0,0,0,0,0,0,0,0,0,0
1,526.334,52,0.0,0.0,0.0,0.0,0.5285545900082397,0.13522073555912337,0.4282094153874745,0.3427639954345592,0.37923918068301193,39.4848,52.1787,2.03541,1,1,0,0,0,0,0,0,0,0,0.0,0.0,0.0,0.0,0.0,0.0,0.0,0.0,0.0,1.0,40.42347,19.9022,4.6447899999999995,0.28355727427803334,0.4282094153874745,0.36572934687090985,0.0,0.0,0.0,0.0,0.0,0.0,0,0.0,0.0,0,0,0,0,0,0,0,0,0,0,0,0,0
1,527.329,52,0.0,0.0,0.0,0.0,0.5285545900082397,0.319295919848326,0.40043681061289904,0.33800822781281403,0.39862241958970024,39.4848,52.0972,2.03739,1,1,0,0,0,0,0,0,0,0,0.0,0.0,0.0,0.0,0.0,0.0,0.0,0.0,0.0,1.0,42.17058,19.9022,3.818979,0.20730718913038754,0.40043681061289904,0.28947926172326405,0.0,0.0,0.0,0.0,0.0,0.0,0,0.0,0.0,0,0,0,0,0,0,0,0,0,0,0,0,0
1,528.331,52,0.0,0.0,0.0,0.0,0.3765795484370362,0.5423549133855566,0.4057371647561321,0.3433385678522458,0.40324445540438614,50.6691,52.193,2.03457,1,1,0,0,0,0,0,0,0,0,0.0,0.0,0.0,0.0,0.0,0.0,0.0,0.0,0.0,1.0,45.108349999999994,19.9022,3.2850340000000005,0.19082033521194663,0.4057371647561321,0.2297160304940591,0.0,0.0,0.0,0.0,0.0,0.0,0,0.0,0.0,0,0,0,0,0,0,0,0,0,0,0,0,0
1,529.332,52,0.0,0.0,0.0,0.0,0.0,0.8443367415322445,0.4057371647561321,0.36304024201104773,0.3702071134120209,52.0972,52.1563,2.03576,1,1,0,0,0,0,0,0,0,0,0.0,0.0,0.0,0.0,0.0,0.0,0.0,0.0,0.0,1.0,47.76807,19.9022,2.94557,0.19082033521194663,0.4057371647561321,0.21322917657561818,0.0,0.0,0.0,0.0,0.0,0.0,0,0.0,0.0,0,0,0,0,0,0,0,0,0,0,0,0,0
1,530.333,53,0.0,0.0,0.0,0.0,0.0,0.8518659680535277,0.4057371647561321,0.38273723831909406,0.33716977141965565,52.0972,52.1161,2.03728,1,1,0,0,0,0,0,0,0,0,0.0,0.0,0.0,0.0,0.0,0.0,0.0,0.0,0.0,1.0,50.989459999999994,39.4848,2.654812,0.19082033521194663,0.4057371647561321,0.21322917657561818,0.0,0.0,0.0,0.0,0.0,0.0,0,0.0,0.0,0,0,0,0,0,0,0,0,0,0,0,0,0
1,531.331,53,1.0010516520752852,1.0030577676105064,0.05012721326153784,0.05012721326153784,0.02241757127508551,0.7461126396657686,0.4034207484145111,0.3982290102909821,0.306374186554799,35.7481,35.7481,2.75967,1,1,0,0,0,0,0,0,0,0,0.0,0.0,0.0,0.0,0.0,0.0,0.0,0.0,0.0,1.0,50.45527,35.7481,2.616385,0.19583305653810043,0.4034207484145111,0.218241897901772,0.0,0.0,0.0,0.0,0.0,0.0,0,0.0,0.0,0,0,0,0,0,0,0,0,0,0,0,0,0
1,532.336,53,0.0,-0.9960712955972989,2.9654052127060016e-08,0.050127183607485706,0.02241756795966537,0.7966864337081783,0.4034207468150662,0.41999158168972245,0.3012427981314138,35.6904,35.6904,2.76366,1,1,0,1,0,0,0,0,0,0,0.0,0.0,0.0,0.0,0.0,0.0,0.0,0.0,0.0,1.0,47.45579,35.6904,2.430122,0.19583305950350566,0.4034207468150662,0.22325461626252055,0.0,0.0,0.0,0.0,0.0,0.0,0,0.0,0.0,0,0,0,0,0,0,0,0,0,0,0,0,0
1,533.336,53,0.0,0.0,2.9802322387695312e-08,1.4827026063529608e-10,0.022417564627665684,0.7441006492296539,0.2649893410091284,0.44004698426897865,0.25580506123324115,35.6767,35.6767,2.76423,1,1,0,1,0,0,0,0,0,0,0.0,0.0,0.0,0.0,0.0,0.0,0.0,0.0,0.0,1.0,47.07498,35.6767,2.255999,0.08921847419592877,0.2649893410091284,0.11664002798953846,0.0,0.0,0.0,0.0,0.0,0.0,0,0.0,0.0,0,0,0,0,0,0,0,0,0,0,0,0,0
1,534.345,53,0.0,0.0,2.953649394221538e-08,2.65828445479934e-10,0.02241756132538402,0.6811940810575021,0.015851613539488524,0.45750658778780495,0.20519135836495556,35.6767,35.7248,2.76095,1,1,0,1,0,0,0,0,0,0,0.0,0.0,0.0,0.0,0.0,0.0,0.0,0.0,0.0,1.0,45.58055,35.6767,2.3262929999999997,0.00501273022544063,0.015851613539488524,0.0942311866524497,0.0,0.0,0.0,0.0,0.0,0.0,0,0.0,0.0,0,0,0,0,0,0,0,0,0,0,0,0,0
1,535.345,53,0.0,0.0,2.9802322387695312e-08,2.65828445479934e-10,0.022417557993379404,0.5883229489059669,0.015851612492342355,0.4715794020797691,0.15457765516346955,35.6472,35.6472,2.77347,1,1,0,1,0,0,0,0,0,0,0.0,0.0,0.0,0.0,0.0,0.0,0.0,0.0,0.0,1.0,43.92285,35.6472,2.400239,0.005012733205672868,0.015851612492342355,0.010025439754895026,0.0,0.0,0.0,0.0,0.0,0.0,0,0.0,0.0,0,0,0,0,0,0,0,0,0,0,0,0,0
1,536.347,53,0.0,0.0,2.9742836714266777e-08,5.948567342853513e-11,1.1328166781171232e-10,0.40963820913164417,0.015851611447285602,0.4772038374380904,0.10172219617397378,35.3749,35.3749,2.67675,1,1,0,0,0,0,0,0,0,0,0.0,0.0,0.0,0.0,0.0,0.0,0.0,0.0,0.0,1.0,42.24247,35.3749,2.4643729999999997,0.0050127361799565395,0.015851611447285602,0.010025439760843592,0.0,0.0,0.0,0.0,0.0,0.0,0,0.0,0.0,0,0,0,0,0,0,0,0,0,0,0,0,0
1,537.34,53,0.0,0.0,3.001240925246255e-08,2.6957253819577234e-10,1.7006199935454923e-10,0.9999999995491433,0.015851610392756368,0.5088818642907145,0.04886673719015599,35.3749,35.5769,2.65765,1,1,0,0,0,0,0,0,0,0,0.0,0.0,0.0,0.0,0.0,0.0,0.0,0.0,0.0,1.0,40.59044,35.3749,2.526399,0.005012739181197465,0.015851610392756368,0.010025439787800846,0.0,0.0,0.0,0.0,0.0,0.0,0,0.0,0.0,0,0,0,0,0,0,0,0,0,0,0,0,0
1,538.341,53,0.0,0.0,2.977254983785746e-08,2.3985941460509034e-10,1.6957388847513137e-10,0.9999999995491433,0.01585160934665422,0.5402442882836371,0.011208782363409754,35.3749,46.5086,3.01967,1,1,0,0,0,0,0,0,0,0,0.0,0.0,0.0,0.0,0.0,0.0,0.0,0.0,0.0,1.0,40.022000000000006,35.3749,2.624909,0.005012742158452448,0.01585160934665422,0.010025439811786788,0.0,0.0,0.0,0.0,0.0,0.0,0,0.0,0.0,0,0,0,0,0,0,0,0,0,0,0,0,0
1,539.35,53,0.0,0.0,0.9627763842582073,0.9627763544856575,0.4305666751250492,0.9999999995491433,0.3031049857732866,0.5735178820768776,0.054265449875914674,27.1571,27.1571,3.72042,1,1,0,0,0,0,0,0,0,0,0.0,0.0,0.0,0.0,0.0,0.0,0.0,0.0,0.0,1.0,37.52208,27.1571,2.793375,0.10129038058427317,0.3031049857732866,0.10630307526035254,0.0,0.0,0.0,0.0,0.0,0.0,0,0.0,0.0,0,0,0,0,0,0,0,0,0,0,0,0,0
1,540.344,54,0.0,0.0,0.0,0.9627763842582073,0.4305666784570503,0.9999999995491433,0.3031049857732866,0.6049877651833573,0.09732211772161971,25.7743,25.7743,4.94942,1,1,0,0,0,0,0,0,0,0,0.0,0.0,0.0,0.0,0.0,0.0,0.0,0.0,0.0,1.0,34.8879,25.7743,3.084589,0.10129038058427317,0.3031049857732866,0.20258071368617325,0.0,0.0,0.0,0.0,0.0,0.0,0,0.0,0.0,0,0,0,0,0,0,0,0,0,0,0,0,0
1,541.351,54,0.0,0.0,0.0,0.0,0.4305666817824006,0.9999999995491433,0.3044566178480194,0.6337113602346148,0.1381370287723512,22.2474,22.2474,4.27631,1,1,0,0,0,0,0,0,0,0,0.0,0.0,0.0,0.0,0.0,0.0,0.0,0.0,0.0,1.0,33.53783,22.2474,3.236253,0.0962776592581194,0.3044566178480194,0.19756799236001948,0.0,0.0,0.0,0.0,0.0,0.0,0,0.0,0.0,0,0,0,0,0,0,0,0,0,0,0,0,0
1,542.349,54,0.0,0.0,0.0,0.0,0.43056668513788987,0.9999999995491433,0.3044566188899567,0.6642204095830069,0.17895194049017366,22.2474,22.2631,4.27253,1,1,0,0,0,0,0,0,0,0,0.0,0.0,0.0,0.0,0.0,0.0,0.0,0.0,0.0,1.0,32.1951,22.2474,3.38714,0.09627765629271418,0.3044566188899567,0.19255527399927092,0.0,0.0,0.0,0.0,0.0,0.0,0,0.0,0.0,0,0,0,0,0,0,0,0,0,0,0,0,0
1,543.348,54,0.0,0.0,0.0,0.0,0.430566688466562,0.9999999995491433,0.30445661993710355,0.6981266156961784,0.21976685287406328,22.2474,22.2677,4.27241,1,1,0,0,0,0,0,0,0,0,0.0,0.0,0.0,0.0,0.0,0.0,0.0,0.0,0.0,1.0,30.854200000000002,22.2474,3.5379579999999997,0.09627765331248193,0.30445661993710355,0.1925552739844439,0.0,0.0,0.0,0.0,0.0,0.0,0,0.0,0.0,0,0,0,0,0,0,0,0,0,0,0,0,0
1,544.348,54,0.0,0.0,0.0,0.0,0.0,0.9999999995491433,0.30445662097491016,0.7369320249395619,0.2175250967415249,22.2395,22.2395,4.27613,1,1,0,0,0,0,0,0,0,0,0.0,0.0,0.0,0.0,0.0,0.0,0.0,0.0,0.0,1.0,29.50567,22.2395,3.689476,0.09627765035883254,0.30445662097491016,0.19255527395786104,0.0,0.0,0.0,0.0,0.0,0.0,0,0.0,0.0,0,0,0,0,0,0,0,0,0,0,0,0,0
1,545.353,54,0.0,0.0,0.0,0.0,0.0,0.9999999995491433,0.304456622022057,0.7829564618009891,0.21528334094218696,22.2395,22.2621,4.27204,1,1,0,0,0,0,0,0,0,0,0.0,0.0,0.0,0.0,0.0,0.0,0.0,0.0,0.0,1.0,28.167160000000003,22.2395,3.839333,0.09627764737860031,0.304456622022057,0.1925552739312782,0.0,0.0,0.0,0.0,0.0,0.0,0,0.0,0.0,0,0,0,0,0,0,0,0,0,0,0,0,0
1,546.357,54,0.0,0.0,0.0,0.0,0.0,0.9999999995491433,0.3044566230671137,0.8261954250004901,0.21528334093085877,22.2395,22.2623,4.27257,1,1,0,0,0,0,0,0,0,0,0.0,0.0,0.0,0.0,0.0,0.0,0.0,0.0,0.0,1.0,26.855900000000002,22.2395,3.9989149999999993,0.09627764440431663,0.3044566230671137,0.19255527392532962,0.0,0.0,0.0,0.0,0.0,0.0,0,0.0,0.0,0,0,0,0,0,0,0,0,0,0,0,0,0
1,547.353,54,2.019071064559773,2.0271797836945513,2.9079111142256373,2.9079111142256373,1.3004573847871361,0.9017337785578835,0.9359880827934567,0.855317317935968,0.3453290793925662,22.2395,158.003,6.18452,1,1,0,0,0,0,0,0,0,0,0.0,0.0,0.0,0.0,0.0,0.0,0.0,0.0,0.0,1.0,39.09851,22.2395,4.351602,0.38706875282563946,0.9359880827934567,0.4833463853209361,0.0,0.0,0.0,0.0,0.0,0.0,0,0.0,0.0,0,0,0,0,0,0,0,0,0,0,0,0,0
1,548.355,54,2.045908187137979,0.026783555467271708,1.055490509316726,1.8524206049089114,1.2677043008520383,0.6789765257490123,0.9469379102680959,0.8621483985541406,0.4720995094608126,22.2395,118.262,7.05554,1,1,0,0,0,0,0,0,0,0,0.0,0.0,0.0,0.0,0.0,0.0,0.0,0.0,0.0,1.0,46.273849999999996,22.2395,4.755189,0.4926178007800571,0.9469379102680959,0.6685884457878413,0.0,0.0,0.0,0.0,0.0,0.0,0,0.0,0.0,0,0,0,0,0,0,0,0,0,0,0,0,0
1,549.361,54,0.0,-2.0337059514294027,0.0,1.055490509316726,1.2677043008520383,0.6789765257490123,0.9427590725892949,0.8538803877649792,0.5558132720335116,22.2621,118.269,7.05886,1,1,0,0,0,0,0,0,0,0,0.0,0.0,0.0,0.0,0.0,0.0,0.0,0.0,0.0,1.0,55.385040000000004,22.2395,5.089033,0.3963401623542363,0.9427590725892949,0.6778598612709481,0.0,0.0,0.0,0.0,0.0,0.0,0,0.0,0.0,0,0,0,0,0,0,0,0,0,0,0,0,0
1,550.364,55,0.0,0.0,0.0,0.0,1.2677043008520383,0.6789765257490123,0.9427590725892949,0.8452359156497534,0.6395270342730104,22.2623,118.261,7.06128,1,1,0,0,0,0,0,0,0,0,0.0,0.0,0.0,0.0,0.0,0.0,0.0,0.0,0.0,1.0,64.63371000000001,22.2395,5.300219,0.3963401623542363,0.9427590725892949,0.5815822228451274,0.0,0.0,0.0,0.0,0.0,0.0,0,0.0,0.0,0,0,0,0,0,0,0,0,0,0,0,0,0
1,551.363,55,0.0,0.0,0.0,0.0,1.2677043008520383,0.8124819124172594,0.9427590725892949,0.8485543792873278,0.7232407961799742,118.258,118.258,7.05675,1,1,0,0,0,0,0,0,0,0,0.0,0.0,0.0,0.0,0.0,0.0,0.0,0.0,0.0,1.0,74.23477,22.2395,5.578263,0.3963401623542363,0.9427590725892949,0.5815822228451274,0.0,0.0,0.0,0.0,0.0,0.0,0,0.0,0.0,0,0,0,0,0,0,0,0,0,0,0,0,0
1,552.359,55,0.0,0.0,0.0,0.0,0.4720297056876148,0.8124819124172594,0.9427590725892949,0.849344153222782,0.7273870982349466,118.258,118.266,7.05921,1,1,0,0,0,0,0,0,0,0,0.0,0.0,0.0,0.0,0.0,0.0,0.0,0.0,0.0,1.0,83.83506,22.2395,5.856931,0.3963401623542363,0.9427590725892949,0.5815822228451274,0.0,0.0,0.0,0.0,0.0,0.0,0,0.0,0.0,0,0,0,0,0,0,0,0,0,0,0,0,0
1,553.363,55,0.0,0.0,0.0,0.0,0.0,0.8124819124172594,0.9427590725892949,0.8527632163821621,0.6843304293882904,118.258,118.274,7.06039,1,1,0,0,0,0,0,0,0,0,0.0,0.0,0.0,0.0,0.0,0.0,0.0,0.0,0.0,1.0,93.43569,22.2395,6.1357289999999995,0.3963401623542363,0.9427590725892949,0.5815822228451274,0.0,0.0,0.0,0.0,0.0,0.0,0,0.0,0.0,0,0,0,0,0,0,0,0,0,0,0,0,0
1,554.363,55,0.0,0.0,0.0,0.0,0.0,0.8124819124172594,0.9427590725892949,0.85932760795015,0.6843304293882904,118.258,118.259,7.05489,1,1,0,0,0,0,0,0,0,0,0.0,0.0,0.0,0.0,0.0,0.0,0.0,0.0,0.0,1.0,103.03763999999998,22.2621,6.413605,0.3963401623542363,0.9427590725892949,0.5815822228451274,0.0,0.0,0.0,0.0,0.0,0.0,0,0.0,0.0,0,0,0,0,0,0,0,0,0,0,0,0,0
1,555.362,55,0.0,0.0,0.0,0.0,0.0,0.8124819124172594,0.9427590725892949,0.8705355561257149,0.6843304293882904,118.258,127.329,7.16031,1,1,0,0,0,0,0,0,0,0,0.0,0.0,0.0,0.0,0.0,0.0,0.0,0.0,0.0,1.0,113.54432999999999,22.2623,6.702432,0.3963401623542363,0.9427590725892949,0.5815822228451274,0.0,0.0,0.0,0.0,0.0,0.0,0,0.0,0.0,0,0,0,0,0,0,0,0,0,0,0,0,0
1,556.36,55,0.02240549075659243,0.022450391539671776,0.025197041125207868,0.025197041125207868,0.011268459357564518,0.8100453560968108,0.9416150560250395,0.8905559134739731,0.6854572753240469,118.259,128.813,7.1723,1,1,0,0,0,0,0,0,0,0,0.0,0.0,0.0,0.0,0.0,0.0,0.0,0.0,0.0,1.0,124.1994,118.258,6.992405,0.39885986646675714,0.9416150560250395,0.5841019269576482,0.0,0.0,0.0,0.0,0.0,0.0,0,0.0,0.0,0,0,0,0,0,0,0,0,0,0,0,0,0
1,557.361,55,3.7299010395325802,3.7037917570189696,0.5442802003239213,0.5190831591987135,0.24083965705444532,0.7346292072600689,0.35697557082630493,0.8772873738595193,0.5794955025507778,112.679,112.679,10.192,1,1,0,0,0,0,0,0,0,0,0.0,0.0,0.0,0.0,0.0,0.0,0.0,0.0,0.0,1.0,119.667,112.679,7.393153000000001,0.1624967750765855,0.35697557082630493,0.3452191314549558,0.0,0.0,0.0,0.0,0.0,0.0,0,0.0,0.0,0,0,0,0,0,0,0,0,0,0,0,0,0
1,558.369,55,1.3394326791787496,-2.3714963892399115,0.889788169798558,0.3455079694746367,0.40703430640635335,0.636103179970934,0.3119211546410048,0.8590925328806088,0.49342850310620934,72.8064,72.8064,9.49696,0,1,0,0,0,0,0,0,0,0,0.0,0.0,0.0,0.0,0.0,0.0,0.0,0.0,0.0,0.9,115.12144,72.8064,7.637294999999999,0.14592654112476872,0.3119211546410048,0.19452786791152837,0.0,0.0,0.0,0.0,0.0,0.0,0,0.0,0.0,0,0,0,0,0,0,0,0,0,0,0,0,0
1,559.373,55,1.4066411161115762,0.06694067423588299,0.1347638706406486,0.7550242991579095,0.38683790047839856,0.5375584143690764,0.3077999314377751,0.8359704536216055,0.40534186306884534,57.3378,57.3378,8.77788,1,1,0,0,0,0,0,0,0,0,0.0,0.0,0.0,0.0,0.0,0.0,0.0,0.0,0.0,0.9,109.02832000000001,57.3378,7.809197,0.15940292818883356,0.3077999314377751,0.1644812468956467,0.0,0.0,0.0,0.0,0.0,0.0,0,0.0,0.0,0,0,0,0,0,0,0,0,0,0,0,0,0
1,560.367,56,0.4109999642241787,-1.0016510582368183,6.260470430682315e-07,0.13476324459360553,0.3868377714919808,0.5349032204711253,0.30779989541381164,0.8127156146677047,0.3172552101328396,54.4297,54.4297,8.99975,1,1,0,0,0,0,0,0,0,0,0.0,0.0,0.0,0.0,0.0,0.0,0.0,0.0,0.0,0.9,102.64519,54.4297,8.003044,0.15940299079353787,0.30779989541381164,0.17795757135500725,0.0,0.0,0.0,0.0,0.0,0.0,0,0.0,0.0,0,0,0,0,0,0,0,0,0,0,0,0,0
1,561.377,56,0.8875617755407912,0.4718433775412004,1.139001097632713,1.1390004715856699,0.4839875434913043,0.46070723479062375,0.42909954400127215,0.7857509764297788,0.23888353439676618,17.554,17.554,8.43583,1,1,0,0,0,0,0,0,0,0,0.0,0.0,0.0,0.0,0.0,0.0,0.0,0.0,0.0,0.9,92.57479000000001,17.554,8.140952000000002,0.2733031005568092,0.42909954400127215,0.2918576185135742,0.0,0.0,0.0,0.0,0.0,0.0,0,0.0,0.0,0,0,0,0,0,0,0,0,0,0,0,0,0
1,562.373,56,3.7879092493549766,2.911995455636732,0.3087189738384138,0.8302821237942992,0.4949971451914709,0.1230876855698881,0.41821933729463134,0.7419053607308158,0.24118027834715178,13.0782,13.0782,4.71611,1,1,0,1,1,0,0,0,0,0,0.0,0.0,0.0,0.0,0.0,0.0,0.0,0.0,0.0,0.9,82.05600999999999,13.0782,7.906642,0.30417499794065056,0.41821933729463134,0.3748858308930042,0.0,0.0,0.0,0.0,0.0,0.0,0,0.0,0.0,0,0,0,0,0,0,0,0,0,0,0,0,0
1,563.373,56,1.3003461102334544,-2.487563139121522,0.03249233519232284,0.2762266386460909,0.47175679068285054,0.07057825420942533,0.41571226580488035,0.69543427346383,0.28835595741543685,13.0782,16.9167,3.56062,1,1,0,1,1,0,0,0,0,0,0.0,0.0,0.0,0.0,0.0,0.0,0.0,0.0,0.0,0.9,71.92027999999999,13.0782,7.556665,0.30742423145988285,0.41571226580488035,0.4025084947576133,0.0,0.0,0.0,0.0,0.0,0.0,0,0.0,0.0,0,0,0,0,0,0,0,0,0,0,0,0,0
1,564.374,56,0.0,-1.2990470631702842,0.0,0.03249233519232284,0.4887434226211672,0.07057825420942533,0.41571226580488035,0.6489631861968441,0.3372302996775535,13.0782,16.6433,5.59715,1,1,0,0,0,0,0,0,0,0,0.0,0.0,0.0,0.0,0.0,0.0,0.0,0.0,0.0,0.9,61.758709999999994,13.0782,7.410891000000001,0.30742423145988285,0.41571226580488035,0.40575772827684553,0.0,0.0,0.0,0.0,0.0,0.0,0,0.0,0.0,0,0,0,0,0,0,0,0,0,0,0,0,0
1,565.378,56,0.0,0.0,9.956178099539431e-08,9.956178099539431e-08,0.4887435023469654,0.07057825420942533,0.4157122576240885,0.6024920989298582,0.38610464991225013,13.0782,17.1547,5.49442,1,1,0,1,0,0,0,0,0,0,0.0,0.0,0.0,0.0,0.0,0.0,0.0,0.0,0.0,0.9,50.74128,13.0782,7.244302,0.30742424141606095,0.4157122576240885,0.40575773823302363,0.0,0.0,0.0,0.0,0.0,0.0,0,0.0,0.0,0,0,0,0,0,0,0,0,0,0,0,0,0
1,566.375,56,0.0,0.0,0.0,9.956178099539431e-08,0.13516481752231732,0.07057825420942533,0.4176846381858938,0.5560210116628722,0.39849428572872536,13.0782,26.6072,3.72195,1,1,0,1,0,0,0,0,0,0,0.0,0.0,0.0,0.0,0.0,0.0,0.0,0.0,0.0,0.9,40.5207,13.0782,6.899267,0.3049045373035401,0.4176846381858938,0.40323804407668096,0.0,0.0,0.0,0.0,0.0,0.0,0,0.0,0.0,0,0,0,0,0,0,0,0,0,0,0,0,0
1,567.375,56,0.0,0.0,9.996002811937589e-08,9.996002811937589e-08,0.01453099174041763,0.13680308506720948,0.41848749322722145,0.5177744769883386,0.3758634191973226,16.6433,27.0286,3.73218,1,1,0,0,0,0,0,0,0,0,0.0,0.0,0.0,0.0,0.0,0.0,0.0,0.0,0.0,0.9,31.95566,13.0782,6.253285,0.25047652726715086,0.41848749322722145,0.3513297381528124,0.0,0.0,0.0,0.0,0.0,0.0,0,0.0,0.0,0,0,0,0,0,0,0,0,0,0,0,0,0
1,568.374,56,0.29046282539630564,0.2907535789752809,0.06497095456325071,0.06497085460322259,0.029055871886122093,0.20756983695469666,0.354940783051918,0.4942041425486228,0.3380655757452995,16.6433,28.0852,3.48277,1,1,0,0,0,0,0,0,0,0,0.0,0.0,0.0,0.0,0.0,0.0,0.0,0.0,0.0,1.0,27.483539999999998,13.0782,5.651866,0.16799480574362008,0.354940783051918,0.323276026665671,0.0,0.0,0.0,0.0,0.0,0.0,0,0.0,0.0,0,0,0,0,0,0,0,0,0,0,0,0,0
1,569.382,56,1.1954673812537497,0.8978219800173056,0.07594447268833433,0.010973518125083626,0.038785774115651366,0.26745419407719295,0.3560383300014203,0.4736280259650319,0.30326036310902477,17.1547,40.5783,2.47165,1,1,0,0,0,0,0,0,0,0,0.0,0.0,0.0,0.0,0.0,0.0,0.0,0.0,0.0,1.0,25.807589999999998,13.0782,5.021243,0.16211286594838867,0.3560383300014203,0.24887094856238842,0.0,0.0,0.0,0.0,0.0,0.0,0,0.0,0.0,0,0,0,0,0,0,0,0,0,0,0,0,0
1,570.375,57,0.0,-1.2038946437600702,0.0,0.07594447268833433,0.03878579220189314,0.267454194077193,0.3560383616740589,0.45305190938144085,0.268455165180016,26.6072,40.4921,2.48164,1,1,0,0,0,0,0,0,0,0,0.0,0.0,0.0,0.0,0.0,0.0,0.0,0.0,0.0,1.0,24.41383,13.0782,4.369432,0.16211280334368436,0.3560383616740589,0.2429890713718613,0.0,0.0,0.0,0.0,0.0,0.0,0,0.0,0.0,0,0,0,0,0,0,0,0,0,0,0,0,0
1,571.378,57,0.0,0.0,0.0,0.0,0.03878579220189314,0.267454194077193,0.09609445948885781,0.4258005234644376,0.2239349900510749,27.0286,40.4431,2.48454,1,1,0,0,0,0,0,0,0,0,0.0,0.0,0.0,0.0,0.0,0.0,0.0,0.0,0.0,1.0,26.70274,13.0782,3.7743029999999997,0.04821269358041308,0.09609445948885781,0.12908902421329432,0.0,0.0,0.0,0.0,0.0,0.0,0,0.0,0.0,0,0,0,0,0,0,0,0,0,0,0,0,0
1,572.382,57,0.0,0.0,0.0,0.0,0.03878581036045842,0.267454194077193,0.029884049234288845,0.39854913754743426,0.17831385656797363,28.0852,40.5745,2.47309,1,1,0,0,0,0,0,0,0,0,0.0,0.0,0.0,0.0,0.0,0.0,0.0,0.0,0.0,1.0,29.452370000000002,16.6433,3.5500009999999995,0.017340796196571702,0.029884049234288845,0.0460608118338644,0.0,0.0,0.0,0.0,0.0,0.0,0,0.0,0.0,0,0,0,0,0,0,0,0,0,0,0,0,0
1,573.38,57,0.0,0.0,0.0,0.0,0.0339634006892983,0.267454194077193,0.02981995320419402,0.37129775163043094,0.1345345175686184,40.4431,40.5148,2.47813,1,1,0,0,0,0,0,0,0,0,0.0,0.0,0.0,0.0,0.0,0.0,0.0,0.0,0.0,1.0,31.81218,16.6433,3.4417519999999997,0.014091562677339414,0.02981995320419402,0.018438147969255306,0.0,0.0,0.0,0.0,0.0,0.0,0,0.0,0.0,0,0,0,0,0,0,0,0,0,0,0,0,0
1,574.384,57,0.0,0.0,0.0,0.0,0.0,0.267454194077193,0.02981995320419402,0.34404636571342756,0.08566017530650168,40.4431,40.6057,2.47197,1,1,0,0,0,0,0,0,0,0,0.0,0.0,0.0,0.0,0.0,0.0,0.0,0.0,0.0,1.0,34.208420000000004,17.1547,3.129234,0.014091562677339414,0.02981995320419402,0.015188914450023022,0.0,0.0,0.0,0.0,0.0,0.0,0,0.0,0.0,0,0,0,0,0,0,0,0,0,0,0,0,0
1,575.388,57,0.0,0.0,0.0,0.0,0.0,0.267454194077193,0.029819958431773215,0.3167949797964243,0.03678582507180514,40.4431,40.5032,2.47711,1,1,0,0,0,0,0,0,0,0,0.0,0.0,0.0,0.0,0.0,0.0,0.0,0.0,0.0,1.0,36.54327,26.6072,2.8275029999999997,0.014091552721161315,0.029819958431773215,0.015188904493844921,0.0,0.0,0.0,0.0,0.0,0.0,0,0.0,0.0,0,0,0,0,0,0,0,0,0,0,0,0,0
1,576.387,57,0.0,0.0,0.0,0.0,0.0,0.2690601353637324,0.029819958431773215,0.2897457187597704,0.023269343319573407,40.5032,40.5554,2.47242,1,1,0,0,0,0,0,0,0,0,0.0,0.0,0.0,0.0,0.0,0.0,0.0,0.0,0.0,1.0,37.93809,27.0286,2.7025499999999996,0.014091552721161315,0.029819958431773215,0.015188894537666822,0.0,0.0,0.0,0.0,0.0,0.0,0,0.0,0.0,0,0,0,0,0,0,0,0,0,0,0,0,0
1,577.385,57,0.0,0.0,0.0,0.0,0.0,0.6656855671711729,0.02981996368025801,0.28629853675532557,0.021816244145531644,40.5032,40.552,2.47639,1,1,0,0,0,0,0,0,0,0,0.0,0.0,0.0,0.0,0.0,0.0,0.0,0.0,0.0,1.0,39.29043,28.0852,2.576971,0.014091542725158501,0.02981996368025801,0.01518888454166401,0.0,0.0,0.0,0.0,0.0,0.0,0,0.0,0.0,0,0,0,0,0,0,0,0,0,0,0,0,0
1,578.391,57,0.0,0.0,0.0,0.0,0.0,0.7966063430845204,0.024015750939576766,0.2943236949110049,0.018910656956919437,40.4255,40.4255,2.4854,1,1,0,0,0,0,0,0,0,0,0.0,0.0,0.0,0.0,0.0,0.0,0.0,0.0,0.0,1.0,40.52446,40.4255,2.477234,0.007594447268833434,0.024015750939576766,0.008691799081341751,0.0,0.0,0.0,0.0,0.0,0.0,0,0.0,0.0,0,0,0,0,0,0,0,0,0,0,0,0,0
1,579.389,57,0.0,0.0,0.0,0.0,0.0,0.8907256179724901,2.96645692696263e-08,0.31198205509117555,0.015032079545354298,40.4255,40.5938,2.4711,1,1,0,0,0,0,0,0,0,0,0.0,0.0,0.0,0.0,0.0,0.0,0.0,0.0,0.0,1.0,40.52601,40.4255,2.477179,0.0,2.96645692696263e-08,0.0075944472688333885,0.0,0.0,0.0,0.0,0.0,0.0,0,0.0,0.0,0,0,0,0,0,0,0,0,0,0,0,0,0
1,580.39,58,0.0,0.0,0.0,0.0,0.0,0.9546454025116768,2.96645692696263e-08,0.33296916419320316,0.011153500325164985,34.9292,34.9292,2.82547,1,1,0,0,0,0,0,0,0,0,0.0,0.0,0.0,0.0,0.0,0.0,0.0,0.0,0.0,1.0,39.96972,34.9292,2.511562,0.0,2.96645692696263e-08,0.0,0.0,0.0,0.0,0.0,0.0,0.0,0,0.0,0.0,0,0,0,0,0,0,0,0,0,0,0,0,0
1,581.39,58,0.0,0.0,0.0,0.0,0.0,0.9977751359742559,2.96645692696263e-08,0.35982255925238477,0.007274921104975671,27.6737,27.6737,3.46541,1,1,0,0,0,0,0,0,0,0,0.0,0.0,0.0,0.0,0.0,0.0,0.0,0.0,0.0,1.0,38.69278,27.6737,2.609649,0.0,2.96645692696263e-08,0.0,0.0,0.0,0.0,0.0,0.0,0.0,0,0.0,0.0,0,0,0,0,0,0,0,0,0,0,0,0,0
1,582.392,58,0.0,0.0,0.0,0.0,0.0,0.9985339706905825,2.96645692696263e-08,0.4035948735084195,0.0033963400689298296,27.6737,34.6136,3.79843,1,1,0,0,0,0,0,0,0,0,0.0,0.0,0.0,0.0,0.0,0.0,0.0,0.0,0.0,1.0,38.09669,27.6737,2.742183,0.0,2.96645692696263e-08,0.0,0.0,0.0,0.0,0.0,0.0,0.0,0,0.0,0.0,0,0,0,0,0,0,0,0,0,0,0,0,0
1,583.401,58,0.0,0.0,0.0,0.0,0.0,0.9997464703129727,2.96645692696263e-08,0.45005328431359687,0.0,27.6737,34.6379,3.77469,1,1,0,0,0,0,0,0,0,0,0.0,0.0,0.0,0.0,0.0,0.0,0.0,0.0,0.0,1.0,37.509,27.6737,2.871839,0.0,2.96645692696263e-08,0.0,0.0,0.0,0.0,0.0,0.0,0.0,0,0.0,0.0,0,0,0,0,0,0,0,0,0,0,0,0,0
1,584.397,58,0.0,0.0,0.0,0.0,0.0,0.9997464703129727,2.96645692696263e-08,0.4965116951187742,0.0,27.6737,34.5758,3.77232,1,1,0,0,0,0,0,0,0,0,0.0,0.0,0.0,0.0,0.0,0.0,0.0,0.0,0.0,1.0,36.906009999999995,27.6737,3.001874,0.0,2.96645692696263e-08,0.0,0.0,0.0,0.0,0.0,0.0,0.0,0,0.0,0.0,0,0,0,0,0,0,0,0,0,0,0,0,0
1,585.395,58,0.0,0.0,0.0,0.0,0.0,0.9997464703129727,2.96645692696263e-08,0.5429701059239516,0.0,27.6737,34.5617,3.78772,1,1,0,0,0,0,0,0,0,0,0.0,0.0,0.0,0.0,0.0,0.0,0.0,0.0,0.0,1.0,36.31186,27.6737,3.1329350000000002,0.0,2.96645692696263e-08,0.0,0.0,0.0,0.0,0.0,0.0,0.0,0,0.0,0.0,0,0,0,0,0,0,0,0,0,0,0,0,0
1,586.403,58,0.0,0.0,0.0,0.0,0.0,0.9997464703129727,2.96645692696263e-08,0.5894285167291289,0.0,34.5617,34.5742,3.77026,1,1,0,0,0,0,0,0,0,0,0.0,0.0,0.0,0.0,0.0,0.0,0.0,0.0,0.0,1.0,35.71374,27.6737,3.2627189999999997,0.0,2.96645692696263e-08,0.0,0.0,0.0,0.0,0.0,0.0,0.0,0,0.0,0.0,0,0,0,0,0,0,0,0,0,0,0,0,0
1,587.401,58,0.5643337812644439,0.5654647106858155,0.005682860553190843,0.005682860553190843,0.0025414525007173565,0.9997467312993336,0.0017970782975653043,0.6325756990407352,0.00025414525007173567,34.5617,39.803,3.32995,1,1,0,0,0,0,0,0,0,0,0.0,0.0,0.0,0.0,0.0,0.0,0.0,0.0,0.0,1.0,35.63884,27.6737,3.348075,0.0005682860553190843,0.0017970782975653043,0.0005682860553190398,0.0,0.0,0.0,0.0,0.0,0.0,0,0.0,0.0,0,0,0,0,0,0,0,0,0,0,0,0,0
1,588.397,58,0.0,-0.5666001819924136,1.4961005214706483e-08,0.0056828455921856275,0.00254145082803438,0.9999745125289279,0.0017970777718953157,0.6721959328194467,0.0005082903328751736,34.5617,39.8836,3.3228,1,1,0,0,0,0,0,0,0,0,0.0,0.0,0.0,0.0,0.0,0.0,0.0,0.0,0.0,1.0,35.584649999999996,27.6737,3.4318150000000003,0.0005682875514196057,0.0017970777718953157,0.0011365706145376026,0.0,0.0,0.0,0.0,0.0,0.0,0,0.0,0.0,0,0,0,0,0,0,0,0,0,0,0,0,0
1,589.407,58,0.0,0.0,1.475362494440362e-08,2.07380270302863e-10,0.0025414491785315666,0.9999999998423706,0.001797077253510241,0.7088232231077056,0.0007624352507283304,34.5617,39.9006,3.32358,1,1,0,0,0,0,0,0,0,0,0.0,0.0,0.0,0.0,0.0,0.0,0.0,0.0,0.0,1.0,35.51533,27.6737,3.5170630000000003,0.0005682890267821002,0.001797077253510241,0.0011365706352756296,0.0,0.0,0.0,0.0,0.0,0.0,0,0.0,0.0,0,0,0,0,0,0,0,0,0,0,0,0,0
1,590.401,59,0.0,0.0,1.4991107840893013e-08,2.3748289648939335e-10,0.002541447502472092,0.9999999998423706,0.0017970767267795186,0.7454505133959645,0.0010165800009755395,34.5742,48.274,3.25742,1,1,0,0,0,0,0,0,0,0,0.0,0.0,0.0,0.0,0.0,0.0,0.0,0.0,0.0,1.0,36.84981,27.6737,3.5602579999999997,0.0005682905258928843,0.0017970767267795186,0.0011365706590239191,0.0,0.0,0.0,0.0,0.0,0.0,0,0.0,0.0,0,0,0,0,0,0,0,0,0,0,0,0,0
1,591.41,59,0.0,0.0,1.476824697110769e-08,2.2286086978532403e-10,0.0025414458513236945,0.9999999998423706,0.001797076207877671,0.7820778036842234,0.001270724586107909,39.803,50.4233,2.69907,1,1,0,0,0,0,0,0,0,0,0.0,0.0,0.0,0.0,0.0,0.0,0.0,0.0,0.0,1.0,39.12477,34.5617,3.4836240000000003,0.0005682920027175813,0.001797076207877671,0.0011365706813100062,0.0,0.0,0.0,0.0,0.0,0.0,0,0.0,0.0,0,0,0,0,0,0,0,0,0,0,0,0,0
1,592.402,59,0.0,0.0,1.502133184863675e-08,2.530848775290609e-10,1.2798810830978388e-10,0.9999999998423706,0.0017970756800819326,0.8187050939724821,0.0012707245989067198,39.8836,51.5856,2.63915,1,1,0,0,0,0,0,0,0,0,0.0,0.0,0.0,0.0,0.0,0.0,0.0,0.0,0.0,1.0,40.82197,34.5617,3.367696,0.0005682935048507662,0.0017970756800819326,0.0011365707066184941,0.0,0.0,0.0,0.0,0.0,0.0,0,0.0,0.0,0,0,0,0,0,0,0,0,0,0,0,0,0
1,593.41,59,0.0,0.0,1.47828980097695e-08,2.384338388672495e-10,1.3118401657723375e-10,0.9999999998423706,0.001797075160662282,0.855332384260741,0.0012707246120251215,39.9006,51.6126,2.65478,1,1,0,0,0,0,0,0,0,0,0.0,0.0,0.0,0.0,0.0,0.0,0.0,0.0,0.0,1.0,42.51944,34.5617,3.2557050000000003,0.0005682949831405672,0.001797075160662282,0.001136570730461878,0.0,0.0,0.0,0.0,0.0,0.0,0,0.0,0.0,0,0,0,0,0,0,0,0,0,0,0,0,0
1,594.411,59,0.0,0.0,1.488627491892873e-08,1.0337690915922901e-10,1.1595188506244253e-10,0.9999999998423706,0.0017970746376088568,0.891959674549,0.0012707246236203099,48.274,51.6568,2.64978,1,1,0,0,0,0,0,0,0,0,0.0,0.0,0.0,0.0,0.0,0.0,0.0,0.0,0.0,1.0,44.22754,34.5617,3.1434509999999998,0.0005682964717680591,0.0017970746376088568,0.0011365707407995688,0.0,0.0,0.0,0.0,0.0,0.0,0,0.0,0.0,0,0,0,0,0,0,0,0,0,0,0,0,0
1,595.42,59,0.0,0.0,1.476824697110769e-08,1.1802794782104044e-10,1.1003914403422128e-10,0.9999999998423706,0.0017970741187009766,0.9285869648372589,0.0012707246346242243,50.4233,51.6346,2.65373,1,1,0,0,0,0,0,0,0,0,0.0,0.0,0.0,0.0,0.0,0.0,0.0,0.0,0.0,1.0,45.93483,34.5742,3.030052,0.0005682979485927563,0.0017970741187009766,0.0011365707526023636,0.0,0.0,0.0,0.0,0.0,0.0,0,0.0,0.0,0,0,0,0,0,0,0,0,0,0,0,0,0
1,596.411,59,0.0,0.0,1.5036489600249905e-08,2.682426291422156e-10,1.2708895910561186e-10,0.9999999998423706,0.0017970735903665136,0.9651339580611907,0.0012707246473331203,51.5856,51.6391,2.6542,1,1,0,0,0,0,0,0,0,0,0.0,0.0,0.0,0.0,0.0,0.0,0.0,0.0,0.0,1.0,47.64132,39.803,2.918446,0.0005682994522417163,0.0017970735903665136,0.0011365707794266265,0.0,0.0,0.0,0.0,0.0,0.0,0,0.0,0.0,0,0,0,0,0,0,0,0,0,0,0,0,0
1,597.409,59,0.0,0.0,1.493102324032831e-08,1.0546635992159358e-10,1.1072986299473146e-10,0.9999999998423706,2.9664782160124043e-08,0.9818496796947507,0.001016579408334371,51.6126,51.6642,2.65103,1,1,0,0,0,0,0,0,0,0,0.0,0.0,0.0,0.0,0.0,0.0,0.0,0.0,0.0,1.0,48.82744,39.8836,2.850554,1.4890024956013168e-08,2.9664782160124043e-08,0.0005682847346541783,0.0,0.0,0.0,0.0,0.0,0.0,0,0.0,0.0,0,0,0,0,0,0,0,0,0,0,0,0,0
1,598.412,59,0.0,0.0,1.4856591419588892e-08,7.44318207394196e-11,9.865600267069538e-11,0.9999999998423706,2.9664772776661322e-08,0.9920193625326432,0.0007624343353965332,51.6217,51.6217,2.65384,1,1,0,0,0,0,0,0,0,0,0.0,0.0,0.0,0.0,0.0,0.0,0.0,0.0,0.0,1.0,50.00125,39.9006,2.783658,1.487958357650141e-08,2.9664772776661322e-08,1.828787975668179e-10,0.0,0.0,0.0,0.0,0.0,0.0,0,0.0,0.0,0,0,0,0,0,0,0,0,0,0,0,0,0
1,599.409,59,0.0,0.0,1.4945999191421922e-08,8.940777183303037e-11,1.0081764790913296e-10,0.9999999998423706,2.9664744393485465e-08,0.9974830816261372,0.0005082894276251413,51.6119,51.6119,2.65375,1,1,0,0,0,0,0,0,0,0,0.0,0.0,0.0,0.0,0.0,0.0,0.0,0.0,0.0,1.0,51.17238,48.274,2.716675,1.489882100120324e-08,2.9664744393485465e-08,1.7108154771983466e-10,0.0,0.0,0.0,0.0,0.0,0.0,0,0.0,0.0,0,0,0,0,0,0,0,0,0,0,0,0,0
1,600.412,60,0.0,0.0,1.4856591419588892e-08,8.940777183303037e-11,7.460909739833053e-11,0.9999999998423706,2.966472839474564e-08,0.9997508114926719,0.00025414468483884187,51.6119,51.6631,2.65036,1,1,0,0,0,0,0,0,0,0,0.0,0.0,0.0,0.0,0.0,0.0,0.0,0.0,0.0,1.0,51.511289999999995,50.4233,2.655969,1.4885369359072826e-08,2.966472839474564e-08,1.5627403525419834e-10,0.0,0.0,0.0,0.0,0.0,0.0,0,0.0,0.0,0,0,0,0,0,0,0,0,0,0,0,0,0
1,601.413,60,0.0,0.0,1.488627491892873e-08,2.9683499339838035e-11,4.1607446193956345e-11,0.9999999998423706,2.966470009684334e-08,0.9998620546860778,1.03867217025614e-10,51.6119,51.6518,2.65508,1,1,0,0,0,0,0,0,0,0,0.0,0.0,0.0,0.0,0.0,0.0,0.0,0.0,0.0,1.0,51.63414,51.5856,2.65157,1.4897172153854933e-08,2.966470009684334e-08,1.3695629820964976e-10,0.0,0.0,0.0,0.0,0.0,0.0,0,0.0,0.0,0,0,0,0,0,0,0,0,0,0,0,0,0
1,602.416,60,0.0,0.0,1.4856591419588892e-08,2.9683499339838035e-11,3.8853293371641827e-11,0.9999999998423706,2.966466922866352e-08,0.999935356143667,9.495373553179979e-11,51.6119,51.638,2.65284,1,1,0,0,0,0,0,0,0,0,0.0,0.0,0.0,0.0,0.0,0.0,0.0,0.0,0.0,1.0,51.639379999999996,51.6119,2.652939,1.4880698110950145e-08,2.966466922866352e-08,1.1461616039072747e-10,0.0,0.0,0.0,0.0,0.0,0.0,0,0.0,0.0,0,0,0,0,0,0,0,0,0,0,0,0,0
1,603.416,60,0.0,0.0,1.4901161193847656e-08,4.4569774258764604e-11,3.709560963351154e-11,0.9999999998423706,2.9664649480262786e-08,0.999948032620137,8.554489483742756e-11,51.6119,51.6571,2.6514,1,1,0,0,0,0,0,0,0,0,0.0,0.0,0.0,0.0,0.0,0.0,0.0,0.0,0.0,1.0,51.64383,51.6119,2.6526009999999998,1.489252442935796e-08,2.9664649480262786e-08,9.522975392987899e-11,0.0,0.0,0.0,0.0,0.0,0.0,0,0.0,0.0,0,0,0,0,0,0,0,0,0,0,0,0,0
1,604.419,60,0.0,0.0,1.4856591419588892e-08,4.4569774258764604e-11,2.1005149264606688e-11,0.9999999998423706,2.966465166030247e-08,0.999960709096607,7.605022125764399e-11,51.6181,51.6181,2.65502,1,1,0,0,0,0,0,0,0,0,0.0,0.0,0.0,0.0,0.0,0.0,0.0,0.0,0.0,1.0,51.639959999999995,51.6119,2.653125,1.4889556079423977e-08,2.966465166030247e-08,8.934904043983254e-11,0.0,0.0,0.0,0.0,0.0,0.0,0,0.0,0.0,0,0,0,0,0,0,0,0,0,0,0,0,0
1,605.418,60,0.0,0.0,1.4916077271118776e-08,5.94858515298847e-11,2.6593752672123493e-11,0.9999999998423706,2.9664621324619113e-08,0.9999733855730767,6.77056821214342e-11,51.6181,51.6441,2.65181,1,1,0,0,0,0,0,0,0,0,0.0,0.0,0.0,0.0,0.0,0.0,0.0,0.0,0.0,1.0,51.64091,51.6119,2.652933,1.4904339109425087e-08,2.9664621324619113e-08,8.349483081071696e-11,0.0,0.0,0.0,0.0,0.0,0.0,0,0.0,0.0,0,0,0,0,0,0,0,0,0,0,0,0,0
1,606.415,60,0.0,0.0,1.4945999191421922e-08,2.9921920303145676e-11,3.883672144374177e-11,0.9999999998423706,2.96645903357735e-08,0.9999860620495467,5.88804583552472e-11,51.6181,51.6549,2.65166,1,1,0,0,0,0,0,0,0,0,0.0,0.0,0.0,0.0,0.0,0.0,0.0,0.0,0.0,1.0,51.642489999999995,51.6119,2.652679,1.4895290068542288e-08,2.96645903357735e-08,5.966275992680997e-11,0.0,0.0,0.0,0.0,0.0,0.0,0,0.0,0.0,0,0,0,0,0,0,0,0,0,0,0,0,0
1,607.422,60,0.0,0.0,1.4797578146819919e-08,1.4842104460200307e-10,5.7848898265618005e-11,0.0,2.9664602490587676e-08,0.9499987254845801,5.3592361882335845e-11,51.6181,51.6594,2.65504,1,1,0,0,0,0,0,0,0,0,0.0,0.0,0.0,0.0,0.0,0.0,0.0,0.0,0.0,1.0,51.642010000000006,51.6119,2.65308,1.488194555919145e-08,2.9664602490587676e-08,6.395822839485092e-11,0.0,0.0,0.0,0.0,0.0,0.0,0,0.0,0.0,0,0,0,0,0,0,0,0,0,0,0,0,0
1,608.423,60,0.0,0.0,1.488627491892873e-08,8.869677210881074e-11,5.708960030108015e-11,0.0,2.9664601156696463e-08,0.8999999998581336,4.943572164537433e-11,51.6181,51.6538,2.6512,1,1,0,0,0,0,0,0,0,0,0.0,0.0,0.0,0.0,0.0,0.0,0.0,0.0,0.0,1.0,51.64522000000001,51.6119,2.652816,1.4884913909125435e-08,2.9664601156696463e-08,6.538472353179004e-11,0.0,0.0,0.0,0.0,0.0,0.0,0,0.0,0.0,0,0,0,0,0,0,0,0,0,0,0,0,0
1,609.423,60,0.0,0.0,1.4901161193847656e-08,1.488627491892657e-11,5.5889373211074876e-11,0.0,2.966459428653732e-08,0.849999999866015,4.494289417556852e-11,51.6441,51.6568,2.65138,1,1,0,0,0,0,0,0,0,0,0.0,0.0,0.0,0.0,0.0,0.0,0.0,0.0,0.0,1.0,51.649710000000006,51.6181,2.652579,1.4880430109368007e-08,2.966459428653732e-08,5.7932573840379655e-11,0.0,0.0,0.0,0.0,0.0,0.0,0,0.0,0.0,0,0,0,0,0,0,0,0,0,0,0,0,0
1,610.423,61,0.0,0.0,1.4901161193847656e-08,0.0,5.449123886739821e-11,0.0,2.966459365498714e-08,0.7999999998738965,4.293110832247529e-11,51.6182,51.6182,2.65502,1,1,0,0,0,0,0,0,0,0,0.0,0.0,0.0,0.0,0.0,0.0,0.0,0.0,0.0,1.0,51.645219999999995,51.6181,2.6530449999999997,1.4884887086793886e-08,2.966459365498714e-08,4.899179665707662e-11,0.0,0.0,0.0,0.0,0.0,0.0,0,0.0,0.0,0,0,0,0,0,0,0,0,0,0,0,0,0
1,611.422,61,0.0,0.0,1.4916077271118776e-08,1.4916077271120093e-11,4.75102180512348e-11,0.0,2.966459530685351e-08,0.7499999998817779,4.352138550820314e-11,51.6182,51.6532,2.65026,1,1,0,0,0,0,0,0,0,0,0.0,0.0,0.0,0.0,0.0,0.0,0.0,0.0,0.0,1.0,51.645360000000004,51.6181,2.652563,1.4887867322012887e-08,2.966459530685351e-08,4.7515054450204825e-11,0.0,0.0,0.0,0.0,0.0,0.0,0,0.0,0.0,0,0,0,0,0,0,0,0,0,0,0,0,0
1,612.423,61,0.0,0.0,1.488627491892873e-08,2.980235219004666e-11,1.2465439900544338e-11,0.0,2.9664593314568986e-08,0.6999999998896594,4.0882600161093386e-11,51.6182,51.6293,2.6532,1,1,0,0,0,0,0,0,0,0,0.0,0.0,0.0,0.0,0.0,0.0,0.0,0.0,0.0,1.0,51.64449,51.6181,2.652599,1.4890835671946872e-08,2.9664593314568986e-08,4.7526939735225684e-11,0.0,0.0,0.0,0.0,0.0,0.0,0,0.0,0.0,0,0,0,0,0,0,0,0,0,0,0,0,0
1,613.427,61,0.0,0.0,1.484179401777655e-08,4.448090115217958e-11,2.856732115900051e-11,0.0,2.9664596959238914e-08,0.6499999998975409,4.0029771313642286e-11,51.6182,51.6462,2.65483,1,1,0,0,0,0,0,0,0,0,0.0,0.0,0.0,0.0,0.0,0.0,0.0,0.0,0.0,1.0,51.6434,51.6181,2.6529420000000004,1.488489895433976e-08,2.9664596959238914e-08,4.751805242456718e-11,0.0,0.0,0.0,0.0,0.0,0.0,0,0.0,0.0,0,0,0,0,0,0,0,0,0,0,0,0,0
1,614.427,61,0.0,0.0,1.4901161193847656e-08,5.936717607110615e-11,2.856732115900051e-11,0.0,2.966459558166139e-08,0.5999999999054224,4.0785988503081665e-11,51.6182,51.6545,2.65094,1,1,0,0,0,0,0,0,0,0,0.0,0.0,0.0,0.0,0.0,0.0,0.0,0.0,0.0,1.0,51.64703999999999,51.6182,2.652534,1.4889355931765636e-08,2.966459558166139e-08,4.899779260580134e-11,0.0,0.0,0.0,0.0,0.0,0.0,0,0.0,0.0,0,0,0,0,0,0,0,0,0,0,0,0,0
1,615.431,61,0.0,0.0,1.484179401777655e-08,5.936717607110615e-11,3.4186472848427515e-11,0.0,2.9664597447758522e-08,0.5499999999133038,4.154526052071207e-11,51.6293,51.6396,2.65294,1,1,0,0,0,0,0,0,0,0,0.0,0.0,0.0,0.0,0.0,0.0,0.0,0.0,0.0,1.0,51.64659,51.6182,2.652647,1.4881927606431416e-08,2.9664597447758522e-08,4.898592505992348e-11,0.0,0.0,0.0,0.0,0.0,0.0,0,0.0,0.0,0,0,0,0,0,0,0,0,0,0,0,0,0
1,616.428,61,0.0,0.0,1.4945999191421922e-08,1.0420517364537192e-10,4.388763874095548e-11,0.0,2.9664597447758522e-08,0.49999999992118527,4.205035225043344e-11,51.6154,51.6154,2.65456,1,1,0,0,0,0,0,0,0,0,0.0,0.0,0.0,0.0,0.0,0.0,0.0,0.0,0.0,1.0,51.64264000000001,51.6154,2.652937,1.4881927606431416e-08,2.9664597447758522e-08,5.641425039414611e-11,0.0,0.0,0.0,0.0,0.0,0.0,0,0.0,0.0,0,0,0,0,0,0,0,0,0,0,0,0,0
1,617.427,61,0.0,0.0,1.4916077271118776e-08,2.9921920303145676e-11,4.633067006568449e-11,0.0,2.9664583677078136e-08,0.4499999999290668,4.089852943044009e-11,51.6154,51.6603,2.64959,1,1,0,0,0,0,0,0,0,0,0.0,0.0,0.0,0.0,0.0,0.0,0.0,0.0,0.0,1.0,51.64272999999999,51.6154,2.652392,1.4893777518861299e-08,2.9664583677078136e-08,4.4564337964260365e-11,0.0,0.0,0.0,0.0,0.0,0.0,0,0.0,0.0,0,0,0,0,0,0,0,0,0,0,0,0,0
1,618.432,61,0.0,0.0,1.4827026063530008e-08,8.905120758876813e-11,5.041243447391056e-11,0.0,2.9664591259110393e-08,0.39999999993694824,4.023081284772313e-11,51.6154,51.6407,2.6543,1,1,0,0,0,0,0,0,0,0,0.0,0.0,0.0,0.0,0.0,0.0,0.0,0.0,0.0,1.0,51.641420000000004,51.6154,2.652702,1.4887852633321429e-08,2.9664591259110393e-08,4.459978151225611e-11,0.0,0.0,0.0,0.0,0.0,0.0,0,0.0,0.0,0,0,0,0,0,0,0,0,0,0,0,0,0
1,619.432,61,0.0,0.0,1.4901161193847656e-08,7.413513031764804e-11,5.041243447391056e-11,0.0,2.9664591259110393e-08,0.3499999999448297,3.96831189740067e-11,51.6154,51.641,2.65362,1,1,0,0,0,0,0,0,0,0,0.0,0.0,0.0,0.0,0.0,0.0,0.0,0.0,0.0,1.0,51.63984000000001,51.6154,2.652926,1.4887852633321429e-08,2.9664591259110393e-08,5.052466705212825e-11,0.0,0.0,0.0,0.0,0.0,0.0,0,0.0,0.0,0,0,0,0,0,0,0,0,0,0,0,0,0
1,620.43,62,0.0,0.0,1.493102324032831e-08,2.9862046480655e-11,4.6294606970832086e-11,0.0,2.9664594250631835e-08,0.29999999995271115,3.8863455784350085e-11,51.6154,51.6645,2.65105,1,1,0,0,0,0,0,0,0,0,0.0,0.0,0.0,0.0,0.0,0.0,0.0,0.0,0.0,1.0,51.64447,51.6154,2.6525290000000004,1.4890838837969493e-08,2.9664594250631835e-08,5.3510871700193754e-11,0.0,0.0,0.0,0.0,0.0,0.0,0,0.0,0.0,0,0,0,0,0,0,0,0,0,0,0,0,0
1,621.434,62,0.0,0.0,1.484179401777655e-08,8.922922255176115e-11,4.626098303679676e-11,0.0,2.966459652932375e-08,0.24999999996059263,3.8738532282906277e-11,51.6181,51.6181,2.65402,1,1,0,0,0,0,0,0,0,0,0.0,0.0,0.0,0.0,0.0,0.0,0.0,0.0,0.0,1.0,51.64095999999999,51.6154,2.652905,1.488341051263527e-08,2.966459652932375e-08,6.094218622825786e-11,0.0,0.0,0.0,0.0,0.0,0.0,0,0.0,0.0,0,0,0,0,0,0,0,0,0,0,0,0,0
1,622.442,62,0.0,0.0,1.47828980097695e-08,5.889600800704943e-11,5.9266714898829e-11,0.0,2.966461343321012e-08,0.19999999996847412,4.341865978273474e-11,51.6181,51.6195,2.65341,1,1,0,0,0,0,0,0,0,0,0.0,0.0,0.0,0.0,0.0,0.0,0.0,0.0,0.0,1.0,51.63998,51.6154,2.652926,1.487307282171935e-08,2.966461343321012e-08,6.385155180995813e-11,0.0,0.0,0.0,0.0,0.0,0.0,0,0.0,0.0,0,0,0,0,0,0,0,0,0,0,0,0,0
1,623.437,62,0.0,0.0,1.4976041400851914e-08,1.9314339108241383e-10,7.574116170443906e-11,0.0,2.9664628081618035e-08,0.1499999999763556,4.81360438372786e-11,51.6181,51.6645,2.65075,1,1,0,0,0,0,0,0,0,0,0.0,0.0,0.0,0.0,0.0,0.0,0.0,0.0,0.0,1.0,51.64181,51.6154,2.6525179999999997,1.4886497560026884e-08,2.9664628081618035e-08,7.871780080298156e-11,0.0,0.0,0.0,0.0,0.0,0.0,0,0.0,0.0,0,0,0,0,0,0,0,0,0,0,0,0,0
1,624.438,62,0.0,0.0,1.488627491892873e-08,8.976648192318482e-11,7.53162703080669e-11,0.0,2.9664627637564123e-08,0.09999999998423707,5.281093875218524e-11,51.6181,51.6513,2.65505,1,1,0,0,0,0,0,0,0,0,0.0,0.0,0.0,0.0,0.0,0.0,0.0,0.0,0.0,1.0,51.64149,51.6154,2.652929,1.4885008932534992e-08,2.9664627637564123e-08,8.175773138818942e-11,0.0,0.0,0.0,0.0,0.0,0.0,0,0.0,0.0,0,0,0,0,0,0,0,0,0,0,0,0,0
1,625.441,62,0.0,0.0,1.4856591419588892e-08,2.9683499339838035e-11,7.082298929022033e-11,0.0,2.9664625611405703e-08,0.04999999999211853,5.647459039636453e-11,51.6181,51.6441,2.65212,1,1,0,0,0,0,0,0,0,0,0.0,0.0,0.0,0.0,0.0,0.0,0.0,0.0,0.0,1.0,51.64194,51.6154,2.652847,1.4886488672716224e-08,2.9664625611405703e-08,7.878936371506262e-11,0.0,0.0,0.0,0.0,0.0,0.0,0,0.0,0.0,0,0,0,0,0,0,0,0,0,0,0,0,0
1,626.441,62,0.0,0.0,1.4901161193847656e-08,4.4569774258764604e-11,7.015361538022844e-11,0.0,2.9664619005724585e-08,0.0,5.910118806029182e-11,51.5507,51.5507,2.67109,1,1,0,0,0,0,0,0,0,0,0.0,0.0,0.0,0.0,0.0,0.0,0.0,0.0,0.0,1.0,51.63547,51.5507,2.6544999999999996,1.4882004872958801e-08,2.9664619005724585e-08,7.282582377640189e-11,0.0,0.0,0.0,0.0,0.0,0.0,0,0.0,0.0,0,0,0,0,0,0,0,0,0,0,0,0,0
1,627.442,62,0.0,0.0,1.488627491892873e-08,1.488627491892657e-11,4.482369539874157e-11,0.0,2.9664616699451884e-08,0.0,5.895049059359752e-11,51.5507,96.2017,2.48852,1,1,0,0,0,0,0,0,0,0,0.0,0.0,0.0,0.0,0.0,0.0,0.0,0.0,0.0,1.0,56.08960999999999,51.5507,2.6383929999999998,1.4879024637739796e-08,2.9664616699451884e-08,7.132225923797998e-11,0.0,0.0,0.0,0.0,0.0,0.0,0,0.0,0.0,0,0,0,0,0,0,0,0,0,0,0,0,0
1,628.443,62,0.0,0.0,1.488627491892873e-08,0.0,1.6270523531121618e-11,0.0,2.9664611076545586e-08,0.0,5.553629949931863e-11,51.5507,104.113,2.66524,1,1,0,0,0,0,0,0,0,0,0.0,0.0,0.0,0.0,0.0,0.0,0.0,0.0,0.0,1.0,61.33684000000001,51.5507,2.639487,1.488494952327967e-08,2.9664611076545586e-08,6.241713847910316e-11,0.0,0.0,0.0,0.0,0.0,0.0,0,0.0,0.0,0,0,0,0,0,0,0,0,0,0,0,0,0
1,629.44,62,0.0,0.0,1.4945999191421922e-08,5.972427249319234e-11,3.2657357934939246e-11,0.0,2.9664617187691594e-08,0.0,5.3760791845421504e-11,51.5507,103.866,2.71004,1,1,0,0,0,0,0,0,0,0,0.0,0.0,0.0,0.0,0.0,0.0,0.0,0.0,0.0,1.0,66.55934,51.5507,2.645129,1.4889433323037092e-08,2.9664617187691594e-08,6.097605269665759e-11,0.0,0.0,0.0,0.0,0.0,0.0,0,0.0,0.0,0,0,0,0,0,0,0,0,0,0,0,0,0
1,630.446,63,0.0,0.0,1.4812287469033456e-08,1.3371172238846598e-10,4.812134401101362e-11,0.0,2.96646224542279e-08,0.0,5.3943465549439645e-11,51.5507,56.4957,2.06756,1,1,0,0,0,0,0,0,0,0,0.0,0.0,0.0,0.0,0.0,0.0,0.0,0.0,0.0,1.0,67.04245999999999,51.5507,2.58678,1.4877559745907609e-08,2.96646224542279e-08,7.136102028743869e-11,0.0,0.0,0.0,0.0,0.0,0.0,0,0.0,0.0,0,0,0,0,0,0,0,0,0,0,0,0,0
1,631.448,63,0.0,0.0,1.4871418357133389e-08,5.913088809993265e-11,4.767666371779853e-11,0.0,2.966461996476977e-08,0.0,5.408503361753983e-11,56.4957,95.4812,1.71936,1,1,0,0,0,0,0,0,0,0,0.0,0.0,0.0,0.0,0.0,0.0,0.0,0.0,0.0,1.0,71.42877000000001,51.5507,2.493314,1.4880522179843292e-08,2.966461996476977e-08,6.835118684225584e-11,0.0,0.0,0.0,0.0,0.0,0.0,0,0.0,0.0,0,0,0,0,0,0,0,0,0,0,0,0,0
1,632.444,63,0.0,0.0,1.4961005214706483e-08,8.958685757309424e-11,6.006330291438815e-11,0.0,2.9664608305785206e-08,0.0,5.416469241909574e-11,56.4957,109.242,1.61019,1,1,0,0,0,0,0,0,0,0,0.0,0.0,0.0,0.0,0.0,0.0,0.0,0.0,0.0,1.0,77.19102000000001,51.5507,2.3889919999999996,1.489833290033699e-08,2.9664608305785206e-08,7.142027179886032e-11,0.0,0.0,0.0,0.0,0.0,0.0,0,0.0,0.0,0,0,0,0,0,0,0,0,0,0,0,0,0
1,633.468,63,0.0,0.0,1.4551915228366852e-08,4.090899863396311e-10,1.658068576686986e-10,0.0,2.966478805363196e-08,0.0,6.31712620155217e-11,56.4957,129.751,2.50931,1,1,0,0,0,0,0,0,0,0,0.0,0.0,0.0,0.0,0.0,0.0,0.0,0.0,0.0,1.0,84.99967000000001,51.5507,2.374848,1.4855920283088485e-08,2.966478805363196e-08,9.301493132458205e-11,0.0,0.0,0.0,0.0,0.0,0.0,0,0.0,0.0,0,0,0,0,0,0,0,0,0,0,0,0,0
1,634.452,63,0.0,0.0,1.514345649781266e-08,5.915412694458083e-10,2.1653602755102137e-10,0.0,2.966492877572262e-08,0.0,7.729323773981714e-11,56.4957,75.3403,2.23396,1,1,0,0,0,0,0,0,0,0,0.0,0.0,0.0,0.0,0.0,0.0,0.0,0.0,0.0,1.0,87.36857,51.5507,2.332739,1.4881638440976874e-08,2.966492877572262e-08,1.431924100768444e-10,0.0,0.0,0.0,0.0,0.0,0.0,0,0.0,0.0,0,0,0,0,0,0,0,0,0,0,0,0,0
1,635.447,63,0.0,0.0,1.4976041400851914e-08,1.674150969607456e-10,2.1837580663406857e-10,0.0,2.966494161831013e-08,0.0,9.204851947420198e-11,41.7987,41.7987,2.7779,1,1,0,0,0,0,0,0,0,0,0.0,0.0,0.0,0.0,0.0,0.0,0.0,0.0,0.0,1.0,86.38403,41.7987,2.345317,1.4893583439103179e-08,2.966494161831013e-08,1.5696556983893516e-10,0.0,0.0,0.0,0.0,0.0,0.0,0,0.0,0.0,0,0,0,0,0,0,0,0,0,0,0,0,0
1,636.449,63,0.0,0.0,1.4871418357133389e-08,1.0462304371852581e-10,2.1837580663406857e-10,0.0,2.9664942265263908e-08,0.0,1.0687073859958599e-10,41.7987,53.3055,4.55713,1,1,0,0,0,0,0,0,0,0,0.0,0.0,0.0,0.0,0.0,0.0,0.0,0.0,0.0,1.0,86.55951,41.7987,2.5339210000000003,1.4890609155431754e-08,2.9664942265263908e-08,1.6297089678491128e-10,0.0,0.0,0.0,0.0,0.0,0.0,0,0.0,0.0,0,0,0,0,0,0,0,0,0,0,0,0,0
1,637.453,63,0.0,0.0,1.484179401777655e-08,2.962433935683858e-11,2.166558105202366e-10,0.0,2.966494632233344e-08,0.0,1.240539501117355e-10,41.7987,59.7566,2.46013,1,1,0,0,0,0,0,0,0,0,0.0,0.0,0.0,0.0,0.0,0.0,0.0,0.0,0.0,1.0,82.91499999999999,41.7987,2.531082,1.4886161065316535e-08,2.966494632233344e-08,1.6444470322870247e-10,0.0,0.0,0.0,0.0,0.0,0.0,0,0.0,0.0,0,0,0,0,0,0,0,0,0,0,0,0,0
1,638.45,63,0.0,0.0,1.4945999191421922e-08,1.0420517364537192e-10,1.1815068776992724e-10,0.0,2.9664952359747273e-08,0.0,1.3424196653561605e-10,41.7987,106.055,1.98324,1,1,0,0,0,0,0,0,0,0,0.0,0.0,0.0,0.0,0.0,0.0,0.0,0.0,0.0,1.0,83.10920000000002,41.7987,2.4628819999999996,1.4892133492565853e-08,2.9664952359747273e-08,1.7486522059323966e-10,0.0,0.0,0.0,0.0,0.0,0.0,0,0.0,0.0,0,0,0,0,0,0,0,0,0,0,0,0,0
1,639.455,63,0.0,0.0,1.4827026063530008e-08,1.189731278919138e-10,6.546695355232779e-11,0.0,2.966495221403996e-08,0.0,1.375229260973549e-10,41.7987,103.644,2.07619,1,1,0,0,0,0,0,0,0,0,0.0,0.0,0.0,0.0,0.0,0.0,0.0,0.0,0.0,1.0,83.087,41.7987,2.3994969999999998,1.4880236179776662e-08,2.966495221403996e-08,1.8079010613311182e-10,0.0,0.0,0.0,0.0,0.0,0.0,0,0.0,0.0,0,0,0,0,0,0,0,0,0,0,0,0,0
1,640.452,64,0.0,0.0,1.4945999191421922e-08,1.189731278919138e-10,5.666463540973568e-11,0.0,2.9664948318021413e-08,0.0,1.3837725523722712e-10,53.3055,114.759,1.47848,1,1,0,0,0,0,0,0,0,0,0.0,0.0,0.0,0.0,0.0,0.0,0.0,0.0,0.0,1.0,88.91333,41.7987,2.340589,1.489360735201551e-08,2.9664948318021413e-08,1.793162466834566e-10,0.0,0.0,0.0,0.0,0.0,0.0,0,0.0,0.0,0,0,0,0,0,0,0,0,0,0,0,0,0
1,641.453,64,0.0,0.0,1.488627491892873e-08,5.972427249319234e-11,5.606589609797158e-11,0.0,2.9664947455269506e-08,0.0,1.392161784752444e-10,59.7566,102.861,1.50711,1,1,0,0,0,0,0,0,0,0,0.0,0.0,0.0,0.0,0.0,0.0,0.0,0.0,0.0,1.0,89.65131,41.7987,2.319364,1.4895093008195044e-08,2.9664947455269506e-08,1.7937558512278256e-10,0.0,0.0,0.0,0.0,0.0,0.0,0,0.0,0.0,0,0,0,0,0,0,0,0,0,0,0,0,0
1,642.453,64,0.0,0.0,1.4901161193847656e-08,1.488627491892657e-11,4.9341729508411426e-11,0.0,2.9664938717628082e-08,0.0,1.3814402113464672e-10,98.9306,98.9306,1.7062,1,1,0,0,0,0,0,0,0,0,0.0,0.0,0.0,0.0,0.0,0.0,0.0,0.0,0.0,1.0,88.62017,41.7987,2.328965,1.4889108606109162e-08,2.9664938717628082e-08,1.719055268573658e-10,0.0,0.0,0.0,0.0,0.0,0.0,0,0.0,0.0,0,0,0,0,0,0,0,0,0,0,0,0,0
1,643.452,64,0.0,0.0,1.4916077271118776e-08,1.4916077271120093e-11,4.4099996570743145e-11,0.0,2.966470230955177e-08,0.0,1.259733350248512e-10,98.9306,98.9306,1.7062,1,1,0,0,0,0,0,0,0,0,0.0,0.0,0.0,0.0,0.0,0.0,0.0,0.0,0.0,1.0,85.53813,41.7987,2.2486539999999997,1.4925524810384354e-08,2.966470230955177e-08,1.324881359505147e-10,0.0,0.0,0.0,0.0,0.0,0.0,0,0.0,0.0,0,0,0,0,0,0,0,0,0,0,0,0,0
1,644.473,64,0.0,0.0,1.4594673059596139e-08,3.2140421152263735e-10,1.4378844976135446e-10,0.0,2.966476196367954e-08,0.0,1.1869857724588452e-10,98.9306,98.9306,1.7062,1,1,0,0,0,0,0,0,0,0,0.0,0.0,0.0,0.0,0.0,0.0,0.0,0.0,0.0,1.0,87.89716,41.7987,2.195878,1.4870646466562699e-08,2.966476196367954e-08,1.054744301581976e-10,0.0,0.0,0.0,0.0,0.0,0.0,0,0.0,0.0,0,0,0,0,0,0,0,0,0,0,0,0,0
1,645.459,64,0.0,0.0,1.5112739547512837e-08,5.180664879166976e-10,1.852997737888671e-10,0.0,2.9664847422427112e-08,0.0,1.1539097396136437e-10,98.9306,98.9306,1.7062,1,1,0,0,0,0,0,0,0,0,0.0,0.0,0.0,0.0,0.0,0.0,0.0,0.0,0.0,1.0,93.61035000000001,53.3055,2.088708,1.4884316281228796e-08,2.9664847422427112e-08,1.405395692537928e-10,0.0,0.0,0.0,0.0,0.0,0.0,0,0.0,0.0,0,0,0,0,0,0,0,0,0,0,0,0,0
1,646.463,64,0.0,0.0,1.484179401777655e-08,2.7094552973628647e-10,1.8612028113010248e-10,0.0,2.9664850332857273e-08,0.0,1.1216542141096774e-10,98.9306,98.9306,1.7062,1,1,0,0,0,0,0,0,0,0,0.0,0.0,0.0,0.0,0.0,0.0,0.0,0.0,0.0,1.0,98.17285999999999,59.7566,1.803615,1.488135384729311e-08,2.9664850332857273e-08,1.5717181785556888e-10,0.0,0.0,0.0,0.0,0.0,0.0,0,0.0,0.0,0,0,0,0,0,0,0,0,0,0,0,0,0
1,647.461,64,0.0,0.0,1.493102324032831e-08,8.922922255176115e-11,1.8771059511314983e-10,0.0,2.966485053088054e-08,0.0,1.0927089987025908e-10,98.9306,98.9306,1.7062,1,1,0,0,0,0,0,0,0,0,0.0,0.0,0.0,0.0,0.0,0.0,0.0,0.0,0.0,1.0,102.09026,98.9306,1.728222,1.4890276769548284e-08,2.966485053088054e-08,1.6313230617506113e-10,0.0,0.0,0.0,0.0,0.0,0.0,0,0.0,0.0,0,0,0,0,0,0,0,0,0,0,0,0,0
1,648.461,64,0.0,0.0,1.4901161193847656e-08,2.9862046480655e-11,1.8709674343535117e-10,0.0,2.9664844561433446e-08,0.0,1.1616550543680147e-10,98.9306,98.9306,1.7062,1,1,0,0,0,0,0,0,0,0,0.0,0.0,0.0,0.0,0.0,0.0,0.0,0.0,0.0,1.0,101.37782,98.9306,1.700518,1.488579296979086e-08,2.9664844561433446e-08,1.5569799345858944e-10,0.0,0.0,0.0,0.0,0.0,0.0,0,0.0,0.0,0,0,0,0,0,0,0,0,0,0,0,0,0
1,649.462,64,0.0,0.0,1.488627491892873e-08,1.488627491892657e-11,1.046576671124658e-10,0.0,2.9664837436545454e-08,0.0,1.2008457679281526e-10,98.9306,98.9306,1.7062,1,1,0,0,0,0,0,0,0,0,0.0,0.0,0.0,0.0,0.0,0.0,0.0,0.0,0.0,1.0,100.90648,98.9306,1.6635189999999997,1.4891717855330733e-08,2.9664837436545454e-08,1.4528930816129072e-10,0.0,0.0,0.0,0.0,0.0,0.0,0,0.0,0.0,0,0,0,0,0,0,0,0,0,0,0,0,0
1,650.466,65,0.0,0.0,1.484179401777655e-08,4.448090115217958e-11,3.875918465819854e-11,0.0,2.9664834552891427e-08,0.0,1.1829403171766156e-10,98.9306,98.9306,1.7062,1,1,0,0,0,0,0,0,0,0,0.0,0.0,0.0,0.0,0.0,0.0,0.0,0.0,0.0,1.0,99.32364,98.9306,1.686291,1.4881297337966194e-08,2.9664834552891427e-08,1.3784008548731728e-10,0.0,0.0,0.0,0.0,0.0,0.0,0,0.0,0.0,0,0,0,0,0,0,0,0,0,0,0,0,0
1,651.466,65,0.0,0.0,1.4901161193847656e-08,5.936717607110615e-11,3.257178701256687e-11,0.0,2.9664835203890666e-08,0.0,1.1594462080912108e-10,98.9306,98.9306,1.7062,1,1,0,0,0,0,0,0,0,0,0.0,0.0,0.0,0.0,0.0,0.0,0.0,0.0,0.0,1.0,98.9306,98.9306,1.7062,1.4882785965458085e-08,2.9664835203890666e-08,1.3780437584510867e-10,0.0,0.0,0.0,0.0,0.0,0.0,0,0.0,0.0,0,0,0,0,0,0,0,0,0,0,0,0,0
1,652.47,65,0.0,0.0,1.484179401777655e-08,5.936717607110615e-11,3.041229182022265e-11,0.0,2.9664837058576556e-08,0.0,1.1405167704030222e-10,98.9306,98.9306,1.7062,1,1,0,0,0,0,0,0,0,0,0.0,0.0,0.0,0.0,0.0,0.0,0.0,0.0,0.0,1.0,98.9306,98.9306,1.7062,1.4876849247850975e-08,2.9664837058576556e-08,1.4225246596032662e-10,0.0,0.0,0.0,0.0,0.0,0.0,0,0.0,0.0,0,0,0,0,0,0,0,0,0,0,0,0,0
1,653.466,65,0.0,0.0,1.4961005214706483e-08,1.1921119692993282e-10,4.940453845114202e-11,0.0,2.9664847061933116e-08,0.0,1.145821312283421e-10,98.9306,98.9306,1.7062,1,1,0,0,0,0,0,0,0,0,0.0,0.0,0.0,0.0,0.0,0.0,0.0,0.0,0.0,1.0,98.9306,98.9306,1.7062,1.4881342042209747e-08,2.9664847061933116e-08,1.526819779262079e-10,0.0,0.0,0.0,0.0,0.0,0.0,0,0.0,0.0,0,0,0,0,0,0,0,0,0,0,0,0,0
1,654.465,65,0.0,0.0,1.4916077271118776e-08,4.492794358770658e-11,5.1151667567726475e-11,0.0,2.9664676071254255e-08,0.0,1.0531845300897929e-10,98.9306,98.9306,1.7062,1,1,0,0,0,0,0,0,0,0,0.0,0.0,0.0,0.0,0.0,0.0,0.0,0.0,0.0,1.0,98.9306,98.9306,1.7062,1.491348246336201e-08,2.9664676071254255e-08,1.2503435113271481e-10,0.0,0.0,0.0,0.0,0.0,0.0,0,0.0,0.0,0,0,0,0,0,0,0,0,0,0,0,0,0
1,655.449,65,0.0,0.0,1.514345649781266e-08,2.2737922669388377e-10,1.1484187797314619e-10,0.0,2.966470058649932e-08,0.0,9.82726634274072e-11,98.9306,180.0,0.0,-1,0,0,0,0,0,0,0,0,0,0.0,0.0,0.0,0.0,0.0,0.0,0.0,0.0,0.0,1.0,98.9306,98.9306,1.7062,1.4916554158391992e-08,2.966470058649932e-08,9.596562501043344e-11,0.0,0.0,0.0,0.0,0.0,0.0,0,0.0,0.0,0,0,0,0,0,0,0,0,0,0,0,0,0
1,656.449,65,0.0,0.0,1.4901161193847656e-08,2.4229530396500386e-10,1.1484187797314619e-10,0.0,2.9664689902871796e-08,0.0,9.114482311171158e-11,98.9306,180.0,0.0,-1,0,0,0,0,0,0,0,0,0,0.0,0.0,0.0,0.0,0.0,0.0,0.0,0.0,0.0,1.0,98.9306,98.9306,1.7062,1.4922490875999102e-08,2.9664689902871796e-08,9.310060243330518e-11,0.0,0.0,0.0,0.0,0.0,0.0,0,0.0,0.0,0,0,0,0,0,0,0,0,0,0,0,0,0
1,657.458,65,0.0,0.0,1.476824697110769e-08,1.32914222739967e-10,1.3545793289516368e-10,0.0,2.9664729360595168e-08,0.0,8.591955688991296e-11,98.9306,180.0,0.0,-1,0,0,0,0,0,0,0,0,0,0.0,0.0,0.0,0.0,0.0,0.0,0.0,0.0,0.0,1.0,98.9306,98.9306,1.7062,1.490621324907704e-08,2.9664729360595168e-08,9.746910245212577e-11,0.0,0.0,0.0,0.0,0.0,0.0,0,0.0,0.0,0,0,0,0,0,0,0,0,0,0,0,0,0
1,658.451,65,0.0,0.0,1.5006204626231275e-08,2.379576551235856e-10,1.3884379321123292e-10,0.0,2.9664745970606143e-08,0.0,8.109426186750113e-11,98.9306,180.0,0.0,-1,0,0,0,0,0,0,0,0,0,0.0,0.0,0.0,0.0,0.0,0.0,0.0,0.0,0.0,1.0,98.9306,98.9306,1.7062,1.4916717592315403e-08,2.9664745970606143e-08,1.1827866331641883e-10,0.0,0.0,0.0,0.0,0.0,0.0,0,0.0,0.0,0,0,0,0,0,0,0,0,0,0,0,0,0
1,659.461,65,0.0,0.0,1.475362494440362e-08,2.5257968182765493e-10,1.6452922577798799e-10,0.0,2.9664790754501004e-08,0.0,8.708141773405334e-11,180.0,180.0,0.0,-1,0,0,0,0,0,0,0,0,0,0.0,0.0,0.0,0.0,0.0,0.0,0.0,0.0,0.0,1.0,98.9306,98.9306,1.7062,1.490345259486289e-08,2.9664790754501004e-08,1.4204800400729165e-10,0.0,0.0,0.0,0.0,0.0,0.0,0,0.0,0.0,0,0,0,0,0,0,0,0,0,0,0,0,0
1,660.457,66,0.0,0.0,1.4961005214706483e-08,2.07380270302863e-10,1.1333314029520455e-10,0.0,2.966478717599564e-08,0.0,9.453881329775395e-11,180.0,180.0,0.0,-1,0,0,0,0,0,0,0,0,0,0.0,0.0,0.0,0.0,0.0,0.0,0.0,0.0,0.0,1.0,98.9306,98.9306,1.7062,1.4915373714555887e-08,2.966478717599564e-08,1.5833794092236001e-10,0.0,0.0,0.0,0.0,0.0,0.0,0,0.0,0.0,0,0,0,0,0,0,0,0,0,0,0,0,0
1,661.455,66,0.0,0.0,1.493102324032831e-08,2.998197437817167e-11,1.156193923071851e-10,0.0,2.9664787089265725e-08,0.0,1.0284357382721577e-10,180.0,180.0,0.0,-1,0,0,0,0,0,0,0,0,0,0.0,0.0,0.0,0.0,0.0,0.0,0.0,0.0,0.0,1.0,98.9306,98.9306,1.7062,1.4918359919203953e-08,2.9664787089265725e-08,1.5539942075306655e-10,0.0,0.0,0.0,0.0,0.0,0.0,0,0.0,0.0,0,0,0,0,0,0,0,0,0,0,0,0,0
1,662.455,66,0.0,0.0,1.4901161193847656e-08,2.9862046480655e-11,9.595350181093756e-11,0.0,2.9664776004134698e-08,0.0,1.0939769482628726e-10,180.0,180.0,0.0,-1,0,0,0,0,0,0,0,0,0,0.0,0.0,0.0,0.0,0.0,0.0,0.0,0.0,0.0,1.0,98.9306,98.9306,1.7062,1.492429663681106e-08,2.9664776004134698e-08,1.5244890779402145e-10,0.0,0.0,0.0,0.0,0.0,0.0,0,0.0,0.0,0,0,0,0,0,0,0,0,0,0,0,0,0
1,663.455,66,0.0,0.0,1.4901161193847656e-08,0.0,7.995487408552573e-11,0.0,2.9664773812413816e-08,0.0,1.1245272838972564e-10,180.0,180.0,0.0,-1,0,0,0,0,0,0,0,0,0,0.0,0.0,0.0,0.0,0.0,0.0,0.0,0.0,0.0,1.0,98.9306,98.9306,1.7062,1.491831223472518e-08,2.9664773812413816e-08,1.4052778810102816e-10,0.0,0.0,0.0,0.0,0.0,0.0,0,0.0,0.0,0,0,0,0,0,0,0,0,0,0,0,0,0
1,664.457,66,0.0,0.0,1.4871418357133389e-08,2.9742836714267565e-11,3.405351370627293e-11,0.0,2.9664777547991753e-08,0.0,1.1074291300358029e-10,180.0,180.0,0.0,-1,0,0,0,0,0,0,0,0,0,0.0,0.0,0.0,0.0,0.0,0.0,0.0,0.0,0.0,0.0,180.0,180.0,0.0,1.4913846343326638e-08,2.9664777547991753e-08,1.3900927741368425e-10,0.0,0.0,0.0,0.0,0.0,0.0,0,0.0,0.0,0,0,0,0,0,0,0,0,0,0,0,0,0
2,0.0,0,0.0,0.0,0.0,0.0,0.0,0.0,0.0,0.0,0.0,10.9096,10.9096,3.05534,0,1,0,0,0,0,0,0,0,0,0.0,0.0,0.0,0.0,0.0,0.0,0.0,0.0,0.0,0.0,10.9096,10.9096,3.05534,0.0,0.0,0.0,0.0,0.0,0.0,0.0,0.0,0.0,0,0.0,0.0,0,0,0,0,0,0,0,0,0,0,0,0,0
2,0.806,0,0.0,0.0,0.0,0.0,0.0,0.0,0.0,0.0,0.0,10.9096,28.3964,3.38945,1,1,0,0,0,0,0,0,0,0,0.0,0.0,0.0,0.0,0.0,0.0,0.0,0.0,0.0,0.5,19.653,10.9096,3.222395,0.0,0.0,0.0,0.0,0.0,0.0,0.0,0.0,0.0,0,0.0,0.0,0,0,0,0,0,0,0,0,0,0,0,0,0
2,1.8,0,0.0,0.0,0.0,0.0,0.0,0.0,0.0,0.0,0.0,10.9096,28.3751,3.38986,1,1,0,0,0,0,0,0,0,0,0.0,0.0,0.0,0.0,0.0,0.0,0.0,0.0,0.0,0.6666666666666666,22.560366666666667,10.9096,3.278216666666667,0.0,0.0,0.0,0.0,0.0,0.0,0.0,0.0,0.0,0,0.0,0.0,0,0,0,0,0,0,0,0,0,0,0,0,0
2,2.802,0,0.0,0.0,0.0,0.0,0.0,0.0,0.0,0.0,0.0,10.9096,28.3561,3.3951,1,1,0,0,0,0,0,0,0,0,0.0,0.0,0.0,0.0,0.0,0.0,0.0,0.0,0.0,0.75,24.0093,10.9096,3.3074375,0.0,0.0,0.0,0.0,0.0,0.0,0.0,0.0,0.0,0,0.0,0.0,0,0,0,0,0,0,0,0,0,0,0,0,0
2,3.796,0,0.0,0.0,0.0,0.0,0.0,0.0,0.0,0.0,0.0,10.9096,28.3642,3.39574,1,1,0,0,0,0,0,0,0,0,0.0,0.0,0.0,0.0,0.0,0.0,0.0,0.0,0.0,0.8,24.88028,10.9096,3.3250979999999997,0.0,0.0,0.0,0.0,0.0,0.0,0.0,0.0,0.0,0,0.0,0.0,0,0,0,0,0,0,0,0,0,0,0,0,0
2,4.811,0,0.0,0.0,0.0,0.0,0.0,0.0,0.0,0.0,0.0,28.3561,28.3612,3.39179,1,1,0,0,0,0,0,0,0,0,0.0,0.0,0.0,0.0,0.0,0.0,0.0,0.0,0.0,0.8333333333333334,25.46043333333333,10.9096,3.3362133333333333,0.0,0.0,0.0,0.0,0.0,0.0,0.0,0.0,0.0,0,0.0,0.0,0,0,0,0,0,0,0,0,0,0,0,0,0
2,5.821,0,0.0,0.0,0.0,0.0,0.0,0.0,0.0,0.0,0.0,28.3561,28.3573,3.39459,1,1,0,0,0,0,0,0,0,0,0.0,0.0,0.0,0.0,0.0,0.0,0.0,0.0,0.0,0.8571428571428571,25.87427142857143,10.9096,3.3445528571428573,0.0,0.0,0.0,0.0,0.0,0.0,0.0,0.0,0.0,0,0.0,0.0,0,0,0,0,0,0,0,0,0,0,0,0,0
2,6.797,0,0.0,0.0,0.0,0.0,0.0,0.0,0.0,0.0,0.0,28.3561,28.4013,3.3896,1,1,0,0,0,0,0,0,0,0,0.0,0.0,0.0,0.0,0.0,0.0,0.0,0.0,0.0,0.875,26.19015,10.9096,3.3501837500000002,0.0,0.0,0.0,0.0,0.0,0.0,0.0,0.0,0.0,0,0.0,0.0,0,0,0,0,0,0,0,0,0,0,0,0,0
2,7.818,0,0.0,0.0,1.1172963203439161,1.1172963203439161,0.4996701046598755,0.0,0.3724321067813054,0.0,0.055518900517763946,28.3573,68.0322,3.38885,1,1,0,0,0,0,0,0,0,0,0.0,0.0,0.0,0.0,0.0,0.0,0.0,0.0,0.0,0.8888888888888888,30.839266666666667,10.9096,3.35448,0.12414403559376846,0.3724321067813054,0.12414403559376846,0.0,0.0,0.0,0.0,0.0,0.0,0,0.0,0.0,0,0,0,0,0,0,0,0,0,0,0,0,0
2,8.812,0,0.0,0.0,0.0,1.1172963203439161,0.4996701046598755,0.0,0.3533201193611899,0.0,0.09993402093197509,28.3573,68.049,3.38948,1,1,0,0,0,0,0,0,0,0,0.0,0.0,0.0,0.0,0.0,0.0,0.0,0.0,0.0,0.9,34.56024,10.9096,3.35798,0.11172963203439161,0.3533201193611899,0.22345926406878322,0.0,0.0,0.0,0.0,0.0,0.0,0,0.0,0.0,0,0,0,0,0,0,0,0,0,0,0,0,0
2,9.812,0,0.0,0.0,0.0,0.0,0.4996701046598755,0.0,0.3533201193611899,0.0,0.14990103139796265,28.3573,68.0074,3.39436,1,1,0,0,0,0,0,0,0,0,0.0,0.0,0.0,0.0,0.0,0.0,0.0,0.0,0.0,1.0,40.27002,28.3561,3.391882,0.11172963203439161,0.3533201193611899,0.22345926406878322,0.0,0.0,0.0,0.0,0.0,0.0,0,0.0,0.0,0,0,0,0,0,0,0,0,0,0,0,0,0
2,10.812,1,0.3162277818293763,0.3162277818293763,0.07304187413589289,0.07304187413589289,0.4925203496770078,0.0,0.35150401943451726,0.0,0.19915306636566343,28.4013,69.9805,3.25616,1,1,0,0,0,0,0,0,0,0,0.0,0.0,0.0,0.0,0.0,0.0,0.0,0.0,0.0,1.0,44.428430000000006,28.3561,3.378553,0.1190338194479809,0.35150401943451726,0.2307634514823725,0.0,0.0,0.0,0.0,0.0,0.0,0,0.0,0.0,0,0,0,0,0,0,0,0,0,0,0,0,0
2,11.848,1,0.13650713474118958,-0.17347552807740027,0.5422145077057754,0.4691726335698825,0.486655674483469,0.0,0.37230645510458743,0.0,0.24781863381401034,45.8111,45.8111,3.21314,1,1,0,0,0,0,0,0,0,0,0.0,0.0,0.0,0.0,0.0,0.0,0.0,0.0,0.0,1.0,46.17203,28.3561,3.360881,0.17325527021855844,0.37230645510458743,0.27768071483936074,0.0,0.0,0.0,0.0,0.0,0.0,0,0.0,0.0,0,0,0,0,0,0,0,0,0,0,0,0,0
2,12.806,1,0.4175365866384479,0.2933501585566371,2.0211352535007294,1.478920745794954,0.865188885404032,0.0,0.6850509422480899,0.0,0.3343375223544135,45.8111,78.1336,2.84243,1,1,0,0,0,0,0,0,0,0,0.0,0.0,0.0,0.0,0.0,0.0,0.0,0.0,0.0,1.0,51.14978000000001,28.3573,3.305614,0.3753687955686314,0.6850509422480899,0.4255727894188562,0.0,0.0,0.0,0.0,0.0,0.0,0,0.0,0.0,0,0,0,0,0,0,0,0,0,0,0,0,0
2,13.809,1,0.5369058004507592,0.11901217728046991,0.009801418695432095,2.0113338348052974,0.8637053798385462,0.0,0.6844609646236166,0.0,0.4207080603382682,45.8111,79.7335,3.30006,1,1,0,0,0,0,0,0,0,0,0.0,0.0,0.0,0.0,0.0,0.0,0.0,0.0,0.0,1.0,56.28671000000001,28.3573,3.2960459999999996,0.3763489374381746,0.6844609646236166,0.6267061728993859,0.0,0.0,0.0,0.0,0.0,0.0,0,0.0,0.0,0,0,0,0,0,0,0,0,0,0,0,0,0
2,14.829,1,1.4997116248493088,0.9439272788221074,0.905780336257765,0.8959789175623329,0.8187720215318539,0.0,0.6890409268953742,0.0,0.5025852624914535,30.0742,30.0742,3.2529,1,1,0,0,0,0,0,0,0,0,0.0,0.0,0.0,0.0,0.0,0.0,0.0,0.0,0.0,1.0,56.45801,28.3573,3.282157,0.4669269710639511,0.6890409268953742,0.7163040646556192,0.0,0.0,0.0,0.0,0.0,0.0,0,0.0,0.0,0,0,0,0,0,0,0,0,0,0,0,0,0
2,15.833,1,0.0,-1.4937366781367618,9.349152236835058e-07,0.9057794013425413,0.8335052745547241,0.0,0.6890408565017548,0.0,0.585935789946926,30.0584,30.0584,3.25684,1,1,0,0,0,0,0,0,0,0,0.0,0.0,0.0,0.0,0.0,0.0,0.0,0.0,0.0,1.0,56.62812,28.4013,3.268382,0.4669270645554735,0.6890408565017548,0.8068820047898733,0.0,0.0,0.0,0.0,0.0,0.0,0,0.0,0.0,0,0,0,0,0,0,0,0,0,0,0,0,0
2,16.823,1,0.0,0.0,0.0,9.349152236835058e-07,0.8917201554471474,0.0,0.6890408565017548,0.0,0.6751078054916407,30.0381,30.0381,3.25401,1,1,0,0,0,0,0,0,0,0,0.0,0.0,0.0,0.0,0.0,0.0,0.0,0.0,0.0,1.0,56.79180000000001,30.0381,3.2548229999999996,0.4669270645554735,0.6890408565017548,0.8068820982813957,0.0,0.0,0.0,0.0,0.0,0.0,0,0.0,0.0,0,0,0,0,0,0,0,0,0,0,0,0,0
2,17.824,1,0.0,0.0,0.0,0.0,0.40400363642027043,0.0,0.6619165208655025,0.0,0.6655411586676803,30.0021,30.0021,3.26657,1,1,0,0,0,0,0,0,0,0,0.0,0.0,0.0,0.0,0.0,0.0,0.0,0.0,0.0,1.0,52.98879000000001,30.0021,3.242595,0.3551974325210818,0.6619165208655025,0.6951524662470041,0.0,0.0,0.0,0.0,0.0,0.0,0,0.0,0.0,0,0,0,0,0,0,0,0,0,0,0,0,0
2,18.836,1,0.0,0.0,0.0,0.0,0.4050771763844986,0.0,0.6619165208655025,0.0,0.6560818658401425,30.0021,30.0352,3.25469,1,1,0,0,0,0,0,0,0,0,0.0,0.0,0.0,0.0,0.0,0.0,0.0,0.0,0.0,1.0,49.18741000000001,30.0021,3.2291160000000003,0.3551974325210819,0.6619165208655025,0.5834228342126124,0.0,0.0,0.0,0.0,0.0,0.0,0,0.0,0.0,0,0,0,0,0,0,0,0,0,0,0,0,0
2,19.816,1,0.0,0.0,0.0,0.0,4.180182271343361e-07,0.5968904857212656,0.6619165208655025,0.029844524286063278,0.6061148971759777,30.0021,30.0173,3.25961,1,1,0,0,0,0,0,0,0,0,0.0,0.0,0.0,0.0,0.0,0.0,0.0,0.0,0.0,1.0,45.388400000000004,30.0021,3.215641,0.3551974325210819,0.6619165208655025,0.5834228342126124,0.0,0.0,0.0,0.0,0.0,0.0,0,0.0,0.0,0,0,0,0,0,0,0,0,0,0,0,0,0
2,20.827,2,0.0,0.0,0.0,0.0,0.0,0.5968904857212656,0.6657678333036393,0.059689048572126556,0.5568628622082769,30.0021,30.0703,3.25344,1,1,0,0,0,0,0,0,0,0,0.0,0.0,0.0,0.0,0.0,0.0,0.0,0.0,0.0,1.0,41.397380000000005,30.0021,3.215369,0.3478932451074926,0.6657678333036393,0.5761186467990231,0.0,0.0,0.0,0.0,0.0,0.0,0,0.0,0.0,0,0,0,0,0,0,0,0,0,0,0,0,0
2,21.831,2,0.0,0.0,0.0,0.0,0.0,0.5968904857212656,0.6702479284574371,0.08953357285818983,0.50819729475993,30.0021,30.0842,3.25178,1,1,0,0,0,0,0,0,0,0,0.0,0.0,0.0,0.0,0.0,0.0,0.0,0.0,0.0,1.0,39.82469,30.0021,3.219233,0.29367179433691504,0.6702479284574371,0.5292013834420349,0.0,0.0,0.0,0.0,0.0,0.0,0,0.0,0.0,0,0,0,0,0,0,0,0,0,0,0,0,0
2,22.831,2,0.0,0.0,0.0,0.0,0.0,0.5968904857212656,0.28610505435783107,0.11937809714425311,0.4216784062195268,30.0173,30.0531,3.2585,1,1,0,0,0,0,0,0,0,0,0.0,0.0,0.0,0.0,0.0,0.0,0.0,0.0,0.0,1.0,35.01664,30.0021,3.2608400000000004,0.09155826898684208,0.28610505435783107,0.38130930886253955,0.0,0.0,0.0,0.0,0.0,0.0,0,0.0,0.0,0,0,0,0,0,0,0,0,0,0,0,0,0
2,23.835,2,0.0,0.0,0.0,0.0,0.0,0.5968904857212656,0.28643285938735136,0.1492226214303164,0.33530786823567216,30.0173,30.0396,3.25222,1,1,0,0,0,0,0,0,0,0,0.0,0.0,0.0,0.0,0.0,0.0,0.0,0.0,0.0,1.0,30.047250000000002,30.0021,3.256056,0.09057812711729887,0.28643285938735136,0.1801759253820098,0.0,0.0,0.0,0.0,0.0,0.0,0,0.0,0.0,0,0,0,0,0,0,0,0,0,0,0,0,0
2,24.842,2,0.0,0.0,0.0,0.0,0.0,0.5968904857212656,2.954974649666846e-07,0.17906714571637966,0.25343066608248677,29.9936,29.9936,3.26735,1,1,0,0,0,0,0,0,0,0,0.0,0.0,0.0,0.0,0.0,0.0,0.0,0.0,0.0,1.0,30.039189999999998,29.9936,3.257501,9.349152236835058e-08,2.954974649666846e-07,0.0905780336257765,0.0,0.0,0.0,0.0,0.0,0.0,0,0.0,0.0,0,0,0,0,0,0,0,0,0,0,0,0,0
2,25.832,2,0.0,0.0,0.0,0.0,0.0,0.5968904857212656,0.0,0.20891167000244293,0.17008013862701438,29.9936,30.0309,3.25677,1,1,0,0,0,0,0,0,0,0,0.0,0.0,0.0,0.0,0.0,0.0,0.0,0.0,0.0,1.0,30.03644,29.9936,3.257494,0.0,0.0,9.349152236835058e-08,0.0,0.0,0.0,0.0,0.0,0.0,0,0.0,0.0,0,0,0,0,0,0,0,0,0,0,0,0,0
2,26.834,2,0.0,0.0,0.0,0.0,0.0,0.5968904857212656,0.0,0.23875619428850622,0.08090812308229961,29.9936,30.032,3.25759,1,1,0,0,0,0,0,0,0,0,0.0,0.0,0.0,0.0,0.0,0.0,0.0,0.0,0.0,1.0,30.035829999999997,29.9936,3.2578520000000006,0.0,0.0,0.0,0.0,0.0,0.0,0.0,0.0,0.0,0,0.0,0.0,0,0,0,0,0,0,0,0,0,0,0,0,0
2,27.834,2,0.0,0.0,0.0,0.0,0.0,0.5968904857212656,0.0,0.2686007185745695,0.04050775944027257,29.9936,30.0618,3.25461,1,1,0,0,0,0,0,0,0,0,0.0,0.0,0.0,0.0,0.0,0.0,0.0,0.0,0.0,1.0,30.041800000000002,29.9936,3.2566560000000004,0.0,0.0,0.0,0.0,0.0,0.0,0.0,0.0,0.0,0,0.0,0.0,0,0,0,0,0,0,0,0,0,0,0,0,0
2,28.837,2,0.0,0.0,0.0,0.0,0.0,0.5968904857212656,0.0,0.2984452428606328,4.180182271343361e-08,29.9936,30.0847,3.25141,1,1,0,0,0,0,0,0,0,0,0.0,0.0,0.0,0.0,0.0,0.0,0.0,0.0,0.0,1.0,30.046749999999996,29.9936,3.256328,0.0,0.0,0.0,0.0,0.0,0.0,0.0,0.0,0.0,0,0.0,0.0,0,0,0,0,0,0,0,0,0,0,0,0,0
2,29.835,2,0.0,0.0,0.0,0.0,0.0,0.5968904857212656,0.0,0.32828976714669605,0.0,30.0309,30.0523,3.25808,1,1,0,0,0,0,0,0,0,0,0.0,0.0,0.0,0.0,0.0,0.0,0.0,0.0,0.0,1.0,30.05025,29.9936,3.2561750000000003,0.0,0.0,0.0,0.0,0.0,0.0,0.0,0.0,0.0,0,0.0,0.0,0,0,0,0,0,0,0,0,0,0,0,0,0
2,30.834,3,0.0,0.0,0.0,0.0,0.0,0.5486503932511155,0.0,0.35572228680925183,0.0,30.032,30.0432,3.25128,1,1,0,0,0,0,0,0,0,0,0.0,0.0,0.0,0.0,0.0,0.0,0.0,0.0,0.0,1.0,30.047539999999998,29.9936,3.255959,0.0,0.0,0.0,0.0,0.0,0.0,0.0,0.0,0.0,0,0.0,0.0,0,0,0,0,0,0,0,0,0,0,0,0,0
2,31.836,3,0.0,0.0,0.0,0.0,0.0,0.532891456770542,0.0,0.38236685964777894,0.0,30.0016,30.0016,3.26539,1,1,0,0,0,0,0,0,0,0,0.0,0.0,0.0,0.0,0.0,0.0,0.0,0.0,0.0,1.0,30.03928,29.9936,3.25732,0.0,0.0,0.0,0.0,0.0,0.0,0.0,0.0,0.0,0,0.0,0.0,0,0,0,0,0,0,0,0,0,0,0,0,0
2,32.835,3,0.0,0.0,0.0,0.0,0.0,0.6359541699047727,0.0,0.4141645681430176,0.0,30.0016,30.0186,3.26004,1,1,0,0,0,0,0,0,0,0,0.0,0.0,0.0,0.0,0.0,0.0,0.0,0.0,0.0,1.0,30.035829999999997,29.9936,3.2574739999999998,0.0,0.0,0.0,0.0,0.0,0.0,0.0,0.0,0.0,0,0.0,0.0,0,0,0,0,0,0,0,0,0,0,0,0,0
2,33.839,3,0.0,0.0,0.0,0.0,0.0,0.9999999978632477,0.0,0.46416456803617995,0.0,30.0016,30.0367,3.25552,1,1,0,0,0,0,0,0,0,0,0.0,0.0,0.0,0.0,0.0,0.0,0.0,0.0,0.0,1.0,30.035539999999997,29.9936,3.257804,0.0,0.0,0.0,0.0,0.0,0.0,0.0,0.0,0.0,0,0.0,0.0,0,0,0,0,0,0,0,0,0,0,0,0,0
2,34.84,3,0.0,0.0,0.0,0.0,0.0,0.0,0.0,0.46416456803617995,0.0,30.0016,30.0432,3.25651,1,1,0,0,0,0,0,0,0,0,0.0,0.0,0.0,0.0,0.0,0.0,0.0,0.0,0.0,1.0,30.0405,30.0016,3.25672,0.0,0.0,0.0,0.0,0.0,0.0,0.0,0.0,0.0,0,0.0,0.0,0,0,0,0,0,0,0,0,0,0,0,0,0
2,35.845,3,0.0,0.0,0.0,0.0,0.0,0.0,0.0,0.46416456803617995,0.0,30.0016,30.086,3.25106,1,1,0,0,0,0,0,0,0,0,0.0,0.0,0.0,0.0,0.0,0.0,0.0,0.0,0.0,1.0,30.046010000000003,30.0016,3.2561489999999997,0.0,0.0,0.0,0.0,0.0,0.0,0.0,0.0,0.0,0,0.0,0.0,0,0,0,0,0,0,0,0,0,0,0,0,0
2,36.845,3,0.0,0.0,0.0,0.0,0.0,0.0,0.0,0.46416456803617995,0.0,30.0186,30.0495,3.2576,1,1,0,0,0,0,0,0,0,0,0.0,0.0,0.0,0.0,0.0,0.0,0.0,0.0,0.0,1.0,30.04776,30.0016,3.2561500000000003,0.0,0.0,0.0,0.0,0.0,0.0,0.0,0.0,0.0,0,0.0,0.0,0,0,0,0,0,0,0,0,0,0,0,0,0
2,37.842,3,0.0,0.0,0.0,0.0,0.0,0.0,0.0,0.46416456803617995,0.0,30.0367,30.0425,3.25164,1,1,0,0,0,0,0,0,0,0,0.0,0.0,0.0,0.0,0.0,0.0,0.0,0.0,0.0,1.0,30.045830000000002,30.0016,3.2558530000000006,0.0,0.0,0.0,0.0,0.0,0.0,0.0,0.0,0.0,0,0.0,0.0,0,0,0,0,0,0,0,0,0,0,0,0,0
2,38.849,3,0.0,0.0,0.0,0.0,0.0,0.0,0.0,0.46416456803617995,0.0,30.0078,30.0078,3.26336,1,1,0,0,0,0,0,0,0,0,0.0,0.0,0.0,0.0,0.0,0.0,0.0,0.0,0.0,1.0,30.03814,30.0016,3.257048,0.0,0.0,0.0,0.0,0.0,0.0,0.0,0.0,0.0,0,0.0,0.0,0,0,0,0,0,0,0,0,0,0,0,0,0
2,39.848,3,0.0,0.0,0.0,0.0,0.0,0.0,0.0,0.4343200437501166,0.0,30.0078,30.0212,3.2613,1,1,0,0,0,0,0,0,0,0,0.0,0.0,0.0,0.0,0.0,0.0,0.0,0.0,0.0,1.0,30.03503,30.0016,3.2573700000000003,0.0,0.0,0.0,0.0,0.0,0.0,0.0,0.0,0.0,0,0.0,0.0,0,0,0,0,0,0,0,0,0,0,0,0,0
2,40.849,4,0.0,0.0,0.0,0.0,0.0,0.0,0.0,0.40447551946405336,0.0,30.0078,30.0415,3.25423,1,1,0,0,0,0,0,0,0,0,0.0,0.0,0.0,0.0,0.0,0.0,0.0,0.0,0.0,1.0,30.03486,30.0016,3.2576650000000003,0.0,0.0,0.0,0.0,0.0,0.0,0.0,0.0,0.0,0,0.0,0.0,0,0,0,0,0,0,0,0,0,0,0,0,0
2,41.854,4,0.0,0.0,0.0,0.0,0.0,0.0,0.0,0.37463099517799014,0.0,30.0078,30.0236,3.25837,1,1,0,0,0,0,0,0,0,0,0.0,0.0,0.0,0.0,0.0,0.0,0.0,0.0,0.0,1.0,30.037059999999997,30.0078,3.2569630000000003,0.0,0.0,0.0,0.0,0.0,0.0,0.0,0.0,0.0,0,0.0,0.0,0,0,0,0,0,0,0,0,0,0,0,0,0
2,42.849,4,0.0,0.0,0.0,0.0,0.0,0.0,0.0,0.3447864708919268,0.0,30.0078,30.0785,3.25149,1,1,0,0,0,0,0,0,0,0,0.0,0.0,0.0,0.0,0.0,0.0,0.0,0.0,0.0,1.0,30.04305,30.0078,3.2561080000000002,0.0,0.0,0.0,0.0,0.0,0.0,0.0,0.0,0.0,0,0.0,0.0,0,0,0,0,0,0,0,0,0,0,0,0,0
2,43.853,4,0.0,0.0,0.0,0.0,0.0,0.0,0.0,0.3149419466058635,0.0,30.0212,30.0552,3.25596,1,1,0,0,0,0,0,0,0,0,0.0,0.0,0.0,0.0,0.0,0.0,0.0,0.0,0.0,1.0,30.044900000000002,30.0078,3.256152,0.0,0.0,0.0,0.0,0.0,0.0,0.0,0.0,0.0,0,0.0,0.0,0,0,0,0,0,0,0,0,0,0,0,0,0
2,44.85,4,0.0,0.0,0.0,0.0,0.0,0.0,0.0,0.2850974223198003,0.0,30.0236,30.0436,3.25246,1,1,0,0,0,0,0,0,0,0,0.0,0.0,0.0,0.0,0.0,0.0,0.0,0.0,0.0,1.0,30.044939999999997,30.0078,3.2557470000000004,0.0,0.0,0.0,0.0,0.0,0.0,0.0,0.0,0.0,0,0.0,0.0,0,0,0,0,0,0,0,0,0,0,0,0,0
2,45.861,4,0.0,0.0,0.0,0.0,0.0,0.0,0.0,0.255252898033737,0.0,30.0138,30.0138,3.26056,1,1,0,0,0,0,0,0,0,0,0.0,0.0,0.0,0.0,0.0,0.0,0.0,0.0,0.0,1.0,30.037719999999997,30.0078,3.256697,0.0,0.0,0.0,0.0,0.0,0.0,0.0,0.0,0.0,0,0.0,0.0,0,0,0,0,0,0,0,0,0,0,0,0,0
2,46.853,4,0.0,0.0,0.0,0.0,0.0,0.0,0.0,0.2254083737476737,0.0,30.0138,30.0152,3.26333,1,1,0,0,0,0,0,0,0,0,0.0,0.0,0.0,0.0,0.0,0.0,0.0,0.0,0.0,1.0,30.03429,30.0078,3.2572700000000006,0.0,0.0,0.0,0.0,0.0,0.0,0.0,0.0,0.0,0,0.0,0.0,0,0,0,0,0,0,0,0,0,0,0,0,0
2,47.857,4,0.0,0.0,0.0,0.0,0.0,0.0,0.0,0.19556384946161046,0.0,30.0138,30.0395,3.25338,1,1,0,0,0,0,0,0,0,0,0.0,0.0,0.0,0.0,0.0,0.0,0.0,0.0,0.0,1.0,30.03399,30.0078,3.2574440000000005,0.0,0.0,0.0,0.0,0.0,0.0,0.0,0.0,0.0,0,0.0,0.0,0,0,0,0,0,0,0,0,0,0,0,0,0
2,48.865,4,0.0,0.0,0.0,0.0,0.0,0.0,0.0,0.16571932517554716,0.0,30.0138,30.016,3.25957,1,1,0,0,0,0,0,0,0,0,0.0,0.0,0.0,0.0,0.0,0.0,0.0,0.0,0.0,1.0,30.034810000000004,30.0138,3.257065,0.0,0.0,0.0,0.0,0.0,0.0,0.0,0.0,0.0,0,0.0,0.0,0,0,0,0,0,0,0,0,0,0,0,0,0
2,49.857,4,0.0,0.0,0.0,0.0,0.0,0.0,0.0,0.1358748008894839,0.0,30.0138,30.0795,3.25191,1,1,0,0,0,0,0,0,0,0,0.0,0.0,0.0,0.0,0.0,0.0,0.0,0.0,0.0,1.0,30.040640000000003,30.0138,3.2561259999999996,0.0,0.0,0.0,0.0,0.0,0.0,0.0,0.0,0.0,0,0.0,0.0,0,0,0,0,0,0,0,0,0,0,0,0,0
2,50.865,5,0.0,0.0,0.0,0.0,0.0,0.0,0.0,0.10844228122692812,0.0,30.0152,30.0626,3.25436,1,1,0,0,0,0,0,0,0,0,0.0,0.0,0.0,0.0,0.0,0.0,0.0,0.0,0.0,1.0,30.04275,30.0138,3.256139,0.0,0.0,0.0,0.0,0.0,0.0,0.0,0.0,0.0,0,0.0,0.0,0,0,0,0,0,0,0,0,0,0,0,0,0
2,51.862,5,0.0,0.0,0.0,0.0,0.0,0.0,0.0,0.08179770838840102,0.0,30.016,30.0557,3.25335,1,1,0,0,0,0,0,0,0,0,0.0,0.0,0.0,0.0,0.0,0.0,0.0,0.0,0.0,1.0,30.04596,30.0138,3.255637,0.0,0.0,0.0,0.0,0.0,0.0,0.0,0.0,0.0,0,0.0,0.0,0,0,0,0,0,0,0,0,0,0,0,0,0
2,52.863,5,0.0,0.0,0.0,0.0,0.0,0.0,0.0,0.04999999989316238,0.0,30.016,30.0266,3.2573,1,1,0,0,0,0,0,0,0,0,0.0,0.0,0.0,0.0,0.0,0.0,0.0,0.0,0.0,1.0,30.04077,30.0138,3.2562179999999996,0.0,0.0,0.0,0.0,0.0,0.0,0.0,0.0,0.0,0,0.0,0.0,0,0,0,0,0,0,0,0,0,0,0,0,0
2,53.858,5,0.0,0.0,0.0,0.0,0.0,0.0,0.0,0.0,0.0,30.0088,30.0088,3.26495,1,1,0,0,0,0,0,0,0,0,0.0,0.0,0.0,0.0,0.0,0.0,0.0,0.0,0.0,1.0,30.036129999999996,30.0088,3.2571169999999996,0.0,0.0,0.0,0.0,0.0,0.0,0.0,0.0,0.0,0,0.0,0.0,0,0,0,0,0,0,0,0,0,0,0,0,0
2,54.862,5,0.0,0.0,0.0,0.0,0.0,0.0,0.0,0.0,0.0,30.0088,30.0402,3.25341,1,1,0,0,0,0,0,0,0,0,0.0,0.0,0.0,0.0,0.0,0.0,0.0,0.0,0.0,1.0,30.035790000000002,30.0088,3.257212,0.0,0.0,0.0,0.0,0.0,0.0,0.0,0.0,0.0,0,0.0,0.0,0,0,0,0,0,0,0,0,0,0,0,0,0
2,55.865,5,0.0,0.0,0.0,0.0,0.0,0.0,0.0,0.0,0.0,30.0088,30.017,3.25999,1,1,0,0,0,0,0,0,0,0,0.0,0.0,0.0,0.0,0.0,0.0,0.0,0.0,0.0,1.0,30.03611,30.0088,3.257155,0.0,0.0,0.0,0.0,0.0,0.0,0.0,0.0,0.0,0,0.0,0.0,0,0,0,0,0,0,0,0,0,0,0,0,0
2,56.867,5,0.0,0.0,0.0,0.0,0.0,0.0,0.0,0.0,0.0,30.0088,30.0812,3.25235,1,1,0,0,0,0,0,0,0,0,0.0,0.0,0.0,0.0,0.0,0.0,0.0,0.0,0.0,1.0,30.04271,30.0088,3.2560569999999998,0.0,0.0,0.0,0.0,0.0,0.0,0.0,0.0,0.0,0,0.0,0.0,0,0,0,0,0,0,0,0,0,0,0,0,0
2,57.863,5,0.0,0.0,0.0,0.0,0.0,0.0,0.0,0.0,0.0,30.0088,30.0738,3.25289,1,1,0,0,0,0,0,0,0,0,0.0,0.0,0.0,0.0,0.0,0.0,0.0,0.0,0.0,1.0,30.046139999999998,30.0088,3.256008,0.0,0.0,0.0,0.0,0.0,0.0,0.0,0.0,0.0,0,0.0,0.0,0,0,0,0,0,0,0,0,0,0,0,0,0
2,58.867,5,0.0,0.0,0.0,0.0,0.0,0.0,0.0,0.0,0.0,30.017,30.0659,3.25564,1,1,0,0,0,0,0,0,0,0,0.0,0.0,0.0,0.0,0.0,0.0,0.0,0.0,0.0,1.0,30.051129999999993,30.0088,3.255615,0.0,0.0,0.0,0.0,0.0,0.0,0.0,0.0,0.0,0,0.0,0.0,0,0,0,0,0,0,0,0,0,0,0,0,0
2,59.868,5,0.0,0.0,0.0,0.0,0.0,0.0,0.0,0.0,0.0,30.017,30.039,3.25442,1,1,0,0,0,0,0,0,0,0,0.0,0.0,0.0,0.0,0.0,0.0,0.0,0.0,0.0,1.0,30.04708,30.0088,3.2558659999999997,0.0,0.0,0.0,0.0,0.0,0.0,0.0,0.0,0.0,0,0.0,0.0,0,0,0,0,0,0,0,0,0,0,0,0,0
2,60.869,6,0.0,0.0,0.0,0.0,0.0,0.0,0.0,0.0,0.0,30.0018,30.0018,3.26656,1,1,0,0,0,0,0,0,0,0,0.0,0.0,0.0,0.0,0.0,0.0,0.0,0.0,0.0,1.0,30.040999999999997,30.0018,3.257086,0.0,0.0,0.0,0.0,0.0,0.0,0.0,0.0,0.0,0,0.0,0.0,0,0,0,0,0,0,0,0,0,0,0,0,0
2,61.869,6,0.0,0.0,0.0,0.0,0.0,0.0,0.0,0.0,0.0,30.0018,30.0339,3.25465,1,1,0,0,0,0,0,0,0,0,0.0,0.0,0.0,0.0,0.0,0.0,0.0,0.0,0.0,1.0,30.038819999999998,30.0018,3.2572159999999997,0.0,0.0,0.0,0.0,0.0,0.0,0.0,0.0,0.0,0,0.0,0.0,0,0,0,0,0,0,0,0,0,0,0,0,0
2,62.871,6,1.6729595453164852,1.669620304707071,0.37448118619559834,0.37448118619559834,0.16747307772562275,0.9999999982206407,0.11842134892596959,0.04999999991103203,0.016747307772562274,30.0018,54.5799,3.46644,1,1,0,0,0,0,0,0,0,0,0.0,0.0,0.0,0.0,0.0,0.0,0.0,0.0,0.0,1.0,32.494150000000005,30.0018,3.27813,0.037448118619559836,0.11842134892596959,0.037448118619559836,0.0,0.0,0.0,0.0,0.0,0.0,0,0.0,0.0,0,0,0,0,0,0,0,0,0,0,0,0,0
2,63.875,6,0.09960164342664472,-1.5670895437149805,0.9505825312590466,0.5761013450634482,0.41613835934889915,0.9975786824366917,0.3106022683643731,0.09987893403286661,0.05836114370745219,27.4348,27.4348,3.53198,1,1,0,0,0,0,0,0,0,0,0.0,0.0,0.0,0.0,0.0,0.0,0.0,0.0,0.0,1.0,32.23675,27.4348,3.304833,0.13250637174546448,0.3106022683643731,0.09505825312590466,0.0,0.0,0.0,0.0,0.0,0.0,0,0.0,0.0,0,0,0,0,0,0,0,0,0,0,0,0,0
2,64.877,6,0.0,-0.09940283775114243,1.4871418357133389e-08,0.9505825163876283,0.4161383569812279,0.9975786824366917,0.3106022676594496,0.1497578681547012,0.09997497940557498,27.4348,27.4482,3.53001,1,1,0,0,0,0,0,0,0,0,0.0,0.0,0.0,0.0,0.0,0.0,0.0,0.0,0.0,1.0,31.977549999999997,27.4348,3.3324930000000004,0.13250637323260633,0.3106022676594496,0.1901165047646675,0.0,0.0,0.0,0.0,0.0,0.0,0,0.0,0.0,0,0,0,0,0,0,0,0,0,0,0,0,0
2,65.876,6,0.0,0.0,1.4916077271118776e-08,4.465891398538766e-11,0.4161383546064465,0.9975786824366917,0.31060226695240917,0.1996368022765358,0.14158881486621963,27.4348,27.4671,3.53186,1,1,0,1,1,0,0,0,0,0,0.0,0.0,0.0,0.0,0.0,0.0,0.0,0.0,0.0,1.0,31.722559999999998,27.4348,3.35968,0.13250637472421406,0.31060226695240917,0.1901165047691334,0.0,0.0,0.0,0.0,0.0,0.0,0,0.0,0.0,0,0,0,0,0,0,0,0,0,0,0,0,0
2,66.878,6,1.6092331113450604,1.6060210692066472,0.4685511455095016,0.46855113059342435,0.39369169625720085,0.1251975450580848,0.32346699044321814,0.20589667952944005,0.18095798449193973,27.4348,66.861,2.92325,1,1,0,0,0,0,0,0,0,0,0.0,0.0,0.0,0.0,0.0,0.0,0.0,0.0,0.0,1.0,35.40054,27.4348,3.32677,0.1793614892751642,0.32346699044321814,0.2369716178284758,0.0,0.0,0.0,0.0,0.0,0.0,0,0.0,0.0,0,0,0,0,0,0,0,0,0,0,0,0,0
2,67.872,6,2.2064096986561523,0.6007812749608571,0.39396241591015174,0.07458872959934987,0.3939829310967975,0.32296646075759006,0.32318560551693837,0.22204500256731952,0.22035627760161947,27.4348,62.268,4.60174,1,1,0,0,0,0,0,0,0,0,0.0,0.0,0.0,0.0,0.0,0.0,0.0,0.0,0.0,1.0,38.619960000000006,27.4348,3.4616549999999995,0.2187577308661794,0.32318560551693837,0.2444304907884108,0.0,0.0,0.0,0.0,0.0,0.0,0,0.0,0.0,0,0,0,0,0,0,0,0,0,0,0,0,0
2,68.881,6,1.7108698246366976,-0.4911197958567441,0.41978491337442764,0.025822497464275895,0.23564170027521453,0.04104980224867837,0.3188478331715892,0.22409749267975343,0.24392044762914092,27.4482,31.3064,3.5213,1,1,0,0,0,0,0,0,0,0,0.0,0.0,0.0,0.0,0.0,0.0,0.0,0.0,0.0,1.0,38.74401,27.4348,3.4882210000000002,0.26073622220362214,0.3188478331715892,0.2470127405348384,0.0,0.0,0.0,0.0,0.0,0.0,0,0.0,0.0,0,0,0,0,0,0,0,0,0,0,0,0,0
2,69.889,6,0.5784674583919492,-1.1234150458777263,0.10731939886074643,0.3124655145136812,0.20992606599073496,0.0633609872414603,0.31080130581063764,0.22726554204182645,0.26491305422821443,27.4671,34.1507,3.12312,1,1,0,0,0,0,0,0,0,0,0.0,0.0,0.0,0.0,0.0,0.0,0.0,0.0,0.0,1.0,39.155179999999994,27.4348,3.475091,0.2714681620896968,0.31080130581063764,0.27825929198620647,0.0,0.0,0.0,0.0,0.0,0.0,0,0.0,0.0,0,0,0,0,0,0,0,0,0,0,0,0,0
2,70.88,7,0.0,-0.5837209469141769,1.5036489600249905e-08,0.10731938382425683,0.20992606595088115,0.0633609872414603,0.31080130435135306,0.23043359140389946,0.2859056608233025,31.3064,34.1733,3.1192,1,1,0,0,0,0,0,0,0,0,0.0,0.0,0.0,0.0,0.0,0.0,0.0,0.0,0.0,1.0,39.57233,27.4348,3.460355,0.27146816359334575,0.31080130435135306,0.28899123036863217,0.0,0.0,0.0,0.0,0.0,0.0,0,0.0,0.0,0,0,0,0,0,0,0,0,0,0,0,0,0
2,71.883,7,0.0,0.0,1.4856591419588892e-08,1.798981806610132e-10,0.20812881676121597,0.0633609872414603,0.31080130290952745,0.2336016407659725,0.30671854249942415,31.3064,34.1879,3.11617,1,1,0,0,0,0,0,0,0,0,0.0,0.0,0.0,0.0,0.0,0.0,0.0,0.0,0.0,1.0,39.98773,27.4348,3.4465069999999995,0.2714681650790049,0.31080130290952745,0.288991230386622,0.0,0.0,0.0,0.0,0.0,0.0,0,0.0,0.0,0,0,0,0,0,0,0,0,0,0,0,0,0
2,72.885,7,0.0,0.0,1.4871418357133389e-08,1.482693754449704e-11,0.18177529138678364,0.0633609872414603,0.31945034535072314,0.23676969012804552,0.30814876386554024,31.3064,34.2099,3.12182,1,1,0,0,0,0,0,0,0,0,0.0,0.0,0.0,0.0,0.0,0.0,0.0,0.0,0.0,1.0,37.95073,27.4348,3.412045,0.2340200479465869,0.31945034535072314,0.2515431117685448,0.0,0.0,0.0,0.0,0.0,0.0,0,0.0,0.0,0,0,0,0,0,0,0,0,0,0,0,0,0
2,73.884,7,0.0,0.0,1.4916077271118776e-08,4.465891398538766e-11,0.04799468755891669,0.0633609872414603,0.20258868555476178,0.23993773949011854,0.27133439668654197,34.0961,34.0961,3.11743,1,1,0,0,0,0,0,0,0,0,0.0,0.0,0.0,0.0,0.0,0.0,0.0,0.0,0.0,1.0,38.616859999999996,27.4482,3.37059,0.13896179631228997,0.20258868555476178,0.19393297726666595,0.0,0.0,0.0,0.0,0.0,0.0,0,0.0,0.0,0,0,0,0,0,0,0,0,0,0,0,0,0
2,75.256,7,0.0,0.0,1.0860904660238816e-08,4.0551726108799605e-09,1.8167213753080912e-09,0.0633609872414603,0.2025886858604211,0.24310578885219153,0.22972056117009135,34.0961,34.172,3.12992,1,1,0,0,0,0,0,0,0,0,0.0,0.0,0.0,0.0,0.0,0.0,0.0,0.0,0.0,1.0,39.28924,27.4671,3.330581,0.1389617959112386,0.2025886858604211,0.09887472603342037,0.0,0.0,0.0,0.0,0.0,0.0,0,0.0,0.0,0,0,0,0,0,0,0,0,0,0,0,0,0
2,76.256,7,0.0,0.0,1.4901161193847656e-08,4.0402565336088404e-09,1.8003704753037145e-09,0.0633609872414603,0.20258868586155795,0.24627383821426455,0.1881067258894837,34.0961,34.1459,3.12293,1,1,0,0,0,0,0,0,0,0,0.0,0.0,0.0,0.0,0.0,0.0,0.0,0.0,0.0,1.0,39.957119999999996,31.3064,3.2896880000000004,0.138961795909747,0.20258868586155795,0.09887472643298013,0.0,0.0,0.0,0.0,0.0,0.0,0,0.0,0.0,0,0,0,0,0,0,0,0,0,0,0,0,0
2,77.257,7,0.0,0.0,1.488627491892873e-08,1.488627491892657e-11,1.803612425620108e-09,0.0633609872414603,0.16934737532552985,0.24944188757633756,0.14873755644412487,34.0961,34.1486,3.12065,1,1,0,0,0,0,0,0,0,0,0.0,0.0,0.0,0.0,0.0,0.0,0.0,0.0,0.0,1.0,36.68588,31.3064,3.3094280000000005,0.09210668284742432,0.16934737532552985,0.05201961337512632,0.0,0.0,0.0,0.0,0.0,0.0,0,0.0,0.0,0,0,0,0,0,0,0,0,0,0,0,0,0
2,78.257,7,1.1704699953439683,1.1704699953439683,0.3589705378451019,0.358970522958827,0.16053649869597097,0.07957727431306691,0.16264610257145073,0.25342075129199093,0.12539291320404222,34.0961,55.6526,3.79036,0,1,0,0,0,0,0,0,0,0,0.0,0.0,0.0,0.0,0.0,0.0,0.0,0.0,0.0,0.9,36.024339999999995,31.3064,3.2282900000000003,0.08860749504091933,0.16264610257145073,0.08045779271107403,0.0,0.0,0.0,0.0,0.0,0.0,0,0.0,0.0,0,0,0,0,0,0,0,0,0,0,0,0,0
2,79.257,7,0.5000000099999999,-0.6704699853439684,0.42156833821035167,0.06259780036524976,0.21490201879252624,0.04312077601771758,0.16305006550299653,0.2555767900928768,0.12331894505577339,31.8544,31.8544,3.62959,1,1,0,0,0,0,0,0,0,0,0.0,0.0,0.0,0.0,0.0,0.0,0.0,0.0,0.0,0.9,36.079139999999995,31.8544,3.239119,0.08878583752451175,0.16305006550299653,0.08413532300117142,0.0,0.0,0.0,0.0,0.0,0.0,0,0.0,0.0,0,0,0,0,0,0,0,0,0,0,0,0,0
2,80.269,8,1.1898808913362242,0.6817004756286801,0.04665900895843452,0.37490932925191717,0.2073074382944876,0.11223420983091252,0.16341192777208588,0.26118850058442244,0.12305708228614867,28.0174,28.0174,3.49195,1,1,0,0,0,0,0,0,0,0,0.0,0.0,0.0,0.0,0.0,0.0,0.0,0.0,0.0,0.9,35.46581,28.0174,3.2760019999999996,0.08271979853428055,0.16341192777208588,0.09037970447499502,0.0,0.0,0.0,0.0,0.0,0.0,0,0.0,0.0,0,0,0,0,0,0,0,0,0,0,0,0,0
2,81.257,8,0.816018015827864,-0.3784037201501621,0.014556712421278593,0.032102296537155926,0.20448625035858425,0.10688869977317166,0.162656276043262,0.266532935573081,0.12251310072691897,28.0174,36.5,2.77291,1,1,0,0,0,0,0,0,0,0,0.0,0.0,0.0,0.0,0.0,0.0,0.0,0.0,0.0,0.9,35.698479999999996,28.0174,3.2413730000000003,0.08417546827275946,0.162656276043262,0.08285799574628493,0.0,0.0,0.0,0.0,0.0,0.0,0,0.0,0.0,0,0,0,0,0,0,0,0,0,0,0,0,0
2,82.258,8,0.0,-0.8152028130148493,0.0,0.014556712421278593,0.20448625342250415,0.10688869977317166,0.16265627689752452,0.27187737056173955,0.12214884439304778,28.0174,36.3724,2.78058,1,1,0,0,0,0,0,0,0,0,0.0,0.0,0.0,0.0,0.0,0.0,0.0,0.0,0.0,0.9,35.91693,28.0174,3.207814,0.0841754667871003,0.16265627689752452,0.08431366697042297,0.0,0.0,0.0,0.0,0.0,0.0,0,0.0,0.0,0,0,0,0,0,0,0,0,0,0,0,0,0
2,83.264,8,0.0,0.0,0.0,0.0,0.1826832881903021,0.09038415150882939,0.16265627775263955,0.22639657822614906,0.12223964407339963,28.0174,36.4135,2.77795,1,1,0,0,0,0,0,0,0,0,0.0,0.0,0.0,0.0,0.0,0.0,0.0,0.0,0.0,0.9,36.13729,28.0174,3.1734269999999998,0.08417546529995848,0.16265627775263955,0.08431366696894027,0.0,0.0,0.0,0.0,0.0,0.0,0,0.0,0.0,0,0,0,0,0,0,0,0,0,0,0,0,0
2,84.267,8,0.0,0.0,0.0,0.0,0.02024529627278487,0.09630598530074244,0.16265627861032247,0.18133294336935157,0.11946470494478645,28.0174,36.477,2.77411,0,1,0,0,0,0,0,0,0,0,0.0,0.0,0.0,0.0,0.0,0.0,0.0,0.0,0.0,0.8,36.37537999999999,28.0174,3.139095,0.08417546380835075,0.16265627861032247,0.08431366696447438,0.0,0.0,0.0,0.0,0.0,0.0,0,0.0,0.0,0,0,0,0,0,0,0,0,0,0,0,0,0
2,85.264,8,0.0,0.0,0.0,0.0,0.006509959700578947,0.09630598530074244,0.16265627923483067,0.1362693085125541,0.1201157007331722,36.3724,36.446,2.77606,0,1,0,0,0,0,0,0,0,0,0.0,0.0,0.0,0.0,0.0,0.0,0.0,0.0,0.0,0.7,36.60278,28.0174,3.103709,0.08417546272226029,0.16265627923483067,0.08431366655895713,0.0,0.0,0.0,0.0,0.0,0.0,0,0.0,0.0,0,0,0,0,0,0,0,0,0,0,0,0,0
2,86.265,8,0.0,0.0,0.0,0.0,0.0,0.09630598530074244,0.1626562800916559,0.09120567365575663,0.12011570055313514,36.3724,36.5289,2.77203,0,1,0,0,0,0,0,0,0,0,0.0,0.0,0.0,0.0,0.0,0.0,0.0,0.0,0.0,0.6,36.84108,28.0174,3.0686190000000004,0.08417546123214417,0.1626562800916559,0.08431366615493147,0.0,0.0,0.0,0.0,0.0,0.0,0,0.0,0.0,0,0,0,0,0,0,0,0,0,0,0,0,0
2,87.265,8,0.0,0.0,0.0,0.0,0.0,0.10997888045669861,0.1626562809476251,0.09044474042568731,0.1201157003727739,36.4135,36.4688,2.77359,0,1,0,1,0,0,0,0,0,0,0.0,0.0,0.0,0.0,0.0,0.0,0.0,0.0,0.0,0.5,37.0731,28.0174,3.033913,0.08417545974351667,0.1626562809476251,0.08431366615344285,0.0,0.0,0.0,0.0,0.0,0.0,0,0.0,0.0,0,0,0,0,0,0,0,0,0,0,0,0,0
2,88.274,8,0.0,0.0,0.0,0.0,0.0,0.506900622023493,0.1319935941019322,0.09964144848898246,0.10406205050317681,36.446,36.4872,2.77294,0,1,0,1,0,0,0,0,0,0,0.0,0.0,0.0,0.0,0.0,0.0,0.0,0.0,0.0,0.5,35.15656,28.0174,2.9321710000000003,0.048278405959006475,0.1319935941019322,0.048416613857560145,0.0,0.0,0.0,0.0,0.0,0.0,0,0.0,0.0,0,0,0,0,0,0,0,0,0,0,0,0,0
2,89.276,8,0.0,0.0,0.0,0.0,0.0,0.3146473669172051,0.014960037652565861,0.11332132672240883,0.0825718486239242,36.4127,36.4127,2.7788,0,1,0,0,0,0,0,0,0,0,0.0,0.0,0.0,0.0,0.0,0.0,0.0,0.0,0.0,0.4,35.612390000000005,28.0174,2.847092,0.006121572137971312,0.014960037652565861,0.04215683382103517,0.0,0.0,0.0,0.0,0.0,0.0,0,0.0,0.0,0,0,0,0,0,0,0,0,0,0,0,0,0
2,90.272,9,0.0,0.0,0.0,0.0,0.0,0.2069022700817213,0.004603236649536332,0.12049839086442185,0.06184110479447543,36.3931,36.3931,2.77891,0,1,0,0,0,0,0,0,0,0,0.0,0.0,0.0,0.0,0.0,0.0,0.0,0.0,0.0,0.3,36.44996,36.3724,2.775788,0.0014556712421278594,0.004603236649536332,0.004665900895843452,0.0,0.0,0.0,0.0,0.0,0.0,0,0.0,0.0,0,0,0,0,0,0,0,0,0,0,0,0,0
2,91.271,9,0.0,0.0,0.0,0.0,0.0,0.2069022700817213,7.343296243353328e-09,0.1276754550064349,0.041392479758617005,36.3931,36.4822,2.77397,0,1,0,0,0,0,0,0,0,0,0.0,0.0,0.0,0.0,0.0,0.0,0.0,0.0,0.0,0.2,36.44818,36.3724,2.775894,0.0,7.343296243353328e-09,0.0014556712421278594,0.0,0.0,0.0,0.0,0.0,0.0,0,0.0,0.0,0,0,0,0,0,0,0,0,0,0,0,0,0
2,92.269,9,0.0,0.0,0.0,0.0,0.0,0.2069022700817213,7.343296243353328e-09,0.13485251914844795,0.020943854416366592,36.3931,36.4197,2.77769,0,1,0,0,0,0,0,0,0,0,0.0,0.0,0.0,0.0,0.0,0.0,0.0,0.0,0.0,0.1,36.452909999999996,36.3931,2.775605,0.0,7.343296243353328e-09,0.0,0.0,0.0,0.0,0.0,0.0,0.0,0,0.0,0.0,0,0,0,0,0,0,0,0,0,0,0,0,0
2,93.274,9,0.0,0.0,0.0,0.0,0.0,0.2069022700817213,7.343296243353328e-09,0.142029583290461,0.002675525597336382,36.3931,36.5308,2.7721,0,1,0,0,0,0,0,0,0,0,0.0,0.0,0.0,0.0,0.0,0.0,0.0,0.0,0.0,0.0,36.464639999999996,36.3931,2.77502,0.0,7.343296243353328e-09,0.0,0.0,0.0,0.0,0.0,0.0,0.0,0,0.0,0.0,0,0,0,0,0,0,0,0,0,0,0,0,0
2,94.28,9,0.0,0.0,0.0,0.0,0.0,0.2069022700817213,7.343296243353328e-09,0.14920664743247405,0.0006509959700578947,36.3931,36.4867,2.7727,0,1,0,0,0,0,0,0,0,0,0.0,0.0,0.0,0.0,0.0,0.0,0.0,0.0,0.0,0.0,36.46561,36.3931,2.774879,0.0,7.343296243353328e-09,0.0,0.0,0.0,0.0,0.0,0.0,0.0,0,0.0,0.0,0,0,0,0,0,0,0,0,0,0,0,0,0
2,95.275,9,0.0,0.0,0.0,0.0,0.0,0.2069022700817213,7.343296243353328e-09,0.1563837115744871,0.0,36.4197,36.4894,2.77231,0,1,0,0,0,0,0,0,0,0,0.0,0.0,0.0,0.0,0.0,0.0,0.0,0.0,0.0,0.0,36.46995,36.3931,2.774504,0.0,7.343296243353328e-09,0.0,0.0,0.0,0.0,0.0,0.0,0.0,0,0.0,0.0,0,0,0,0,0,0,0,0,0,0,0,0,0
2,96.274,9,0.0,0.0,0.0,0.0,0.0,0.2069022700817213,7.343296243353328e-09,0.16356077571650016,0.0,36.4197,36.4316,2.77778,0,1,0,0,0,0,0,0,0,0,0.0,0.0,0.0,0.0,0.0,0.0,0.0,0.0,0.0,0.0,36.46022000000001,36.3931,2.775079,0.0,7.343296243353328e-09,0.0,0.0,0.0,0.0,0.0,0.0,0.0,0,0.0,0.0,0,0,0,0,0,0,0,0,0,0,0,0,0
2,97.274,9,0.0,0.0,0.0,0.0,0.0,0.2069022700817213,7.343296243353328e-09,0.17073783985851318,0.0,36.3755,36.3755,2.77981,0,1,0,0,0,0,0,0,0,0,0.0,0.0,0.0,0.0,0.0,0.0,0.0,0.0,0.0,0.0,36.45089,36.3755,2.775701,0.0,7.343296243353328e-09,0.0,0.0,0.0,0.0,0.0,0.0,0.0,0,0.0,0.0,0,0,0,0,0,0,0,0,0,0,0,0,0
2,98.274,9,0.0,0.0,0.0,0.0,0.0,0.769332426133598,7.343296243353328e-09,0.20522559744953975,0.0,36.3755,36.4818,2.77395,0,1,0,0,0,0,0,0,0,0,0.0,0.0,0.0,0.0,0.0,0.0,0.0,0.0,0.0,0.0,36.45035,36.3755,2.775802,0.0,7.343296243353328e-09,0.0,0.0,0.0,0.0,0.0,0.0,0.0,0,0.0,0.0,0,0,0,0,0,0,0,0,0,0,0,0,0
2,99.275,9,0.0,0.0,0.0,0.0,0.0,0.734427541912048,7.343296243353328e-09,0.23979093574425625,0.0,36.3755,36.4165,2.77773,0,1,0,0,0,0,0,0,0,0,0.0,0.0,0.0,0.0,0.0,0.0,0.0,0.0,0.0,0.0,36.45073000000001,36.3755,2.7756950000000002,0.0,7.343296243353328e-09,0.0,0.0,0.0,0.0,0.0,0.0,0.0,0,0.0,0.0,0,0,0,0,0,0,0,0,0,0,0,0,0
2,100.283,10,0.0,0.0,0.0,0.0,0.0,0.9999999692307707,7.343296243353328e-09,0.2841792237142492,0.0,36.3755,36.5282,2.77217,0,1,0,0,0,0,0,0,0,0,0.0,0.0,0.0,0.0,0.0,0.0,0.0,0.0,0.0,0.0,36.464240000000004,36.3755,2.7750209999999997,0.0,7.343296243353328e-09,0.0,0.0,0.0,0.0,0.0,0.0,0.0,0,0.0,0.0,0,0,0,0,0,0,0,0,0,0,0,0,0
2,101.281,10,0.0,0.0,0.0,0.0,0.0,0.0,7.343296243353328e-09,0.2788347887255906,0.0,36.3755,36.502,2.77188,0,1,0,0,0,0,0,0,0,0,0.0,0.0,0.0,0.0,0.0,0.0,0.0,0.0,0.0,0.0,36.46622,36.3755,2.774812,0.0,7.343296243353328e-09,0.0,0.0,0.0,0.0,0.0,0.0,0.0,0,0.0,0.0,0,0,0,0,0,0,0,0,0,0,0,0,0
2,102.281,10,0.0,0.0,0.0,0.0,0.0,0.0,7.343296243353328e-09,0.27349035373693203,0.0,36.4165,36.4817,2.77269,0,1,0,0,0,0,0,0,0,0,0.0,0.0,0.0,0.0,0.0,0.0,0.0,0.0,0.0,0.0,36.47242,36.3755,2.774312,0.0,7.343296243353328e-09,0.0,0.0,0.0,0.0,0.0,0.0,0.0,0,0.0,0.0,0,0,0,0,0,0,0,0,0,0,0,0,0
2,103.282,10,0.0,0.0,0.0,0.0,0.0,0.0,7.343296243353328e-09,0.26897114616149054,0.0,36.4165,36.4661,2.77596,0,1,0,0,0,0,0,0,0,0,0.0,0.0,0.0,0.0,0.0,0.0,0.0,0.0,0.0,0.0,36.46595,36.3755,2.774698,0.0,7.343296243353328e-09,0.0,0.0,0.0,0.0,0.0,0.0,0.0,0,0.0,0.0,0,0,0,0,0,0,0,0,0,0,0,0,0
2,104.283,10,0.0,0.0,0.0,0.0,0.0,0.0,7.343296243353328e-09,0.26415584689645344,0.0,36.3584,36.3584,2.78073,0,1,0,0,0,0,0,0,0,0,0.0,0.0,0.0,0.0,0.0,0.0,0.0,0.0,0.0,0.0,36.45312,36.3584,2.775501,0.0,7.343296243353328e-09,0.0,0.0,0.0,0.0,0.0,0.0,0.0,0,0.0,0.0,0,0,0,0,0,0,0,0,0,0,0,0,0
2,105.287,10,0.0,0.0,0.0,0.0,0.0,0.0,7.343296243353328e-09,0.2593405476314163,0.0,36.3584,36.4726,2.77483,0,1,0,0,0,0,0,0,0,0,0.0,0.0,0.0,0.0,0.0,0.0,0.0,0.0,0.0,0.0,36.45144,36.3584,2.775753,0.0,7.343296243353328e-09,0.0,0.0,0.0,0.0,0.0,0.0,0.0,0,0.0,0.0,0,0,0,0,0,0,0,0,0,0,0,0,0
2,106.287,10,0.0,0.0,0.0,0.0,0.0,0.0,7.343296243353328e-09,0.2545252483663792,0.0,36.3584,36.4183,2.7778,0,1,0,0,0,0,0,0,0,0,0.0,0.0,0.0,0.0,0.0,0.0,0.0,0.0,0.0,0.0,36.450109999999995,36.3584,2.775755,0.0,7.343296243353328e-09,0.0,0.0,0.0,0.0,0.0,0.0,0.0,0,0.0,0.0,0,0,0,0,0,0,0,0,0,0,0,0,0
2,107.285,10,0.0,0.0,0.0,0.0,0.0,0.0,7.343296243353328e-09,0.24902630434354425,0.0,36.3584,36.5122,2.77296,0,1,0,0,0,0,0,0,0,0,0.0,0.0,0.0,0.0,0.0,0.0,0.0,0.0,0.0,0.0,36.46378,36.3584,2.77507,0.0,7.343296243353328e-09,0.0,0.0,0.0,0.0,0.0,0.0,0.0,0,0.0,0.0,0,0,0,0,0,0,0,0,0,0,0,0,0
2,108.292,10,0.0,0.0,0.0,0.0,0.0,0.0,7.343296243353328e-09,0.22368127324236958,0.0,36.3584,36.5088,2.77196,0,1,0,0,0,0,0,0,0,0,0.0,0.0,0.0,0.0,0.0,0.0,0.0,0.0,0.0,0.0,36.46648,36.3584,2.774871,0.0,7.343296243353328e-09,0.0,0.0,0.0,0.0,0.0,0.0,0.0,0,0.0,0.0,0,0,0,0,0,0,0,0,0,0,0,0,0
2,109.294,10,0.0,0.0,0.0,0.0,0.0,0.0,7.343296243353328e-09,0.20794890489650936,0.0,36.4183,36.4609,2.7738,0,1,0,0,0,0,0,0,0,0,0.0,0.0,0.0,0.0,0.0,0.0,0.0,0.0,0.0,0.0,36.47092,36.3584,2.7744779999999998,0.0,7.343296243353328e-09,0.0,0.0,0.0,0.0,0.0,0.0,0.0,0,0.0,0.0,0,0,0,0,0,0,0,0,0,0,0,0,0
2,110.292,11,0.0,0.0,0.0,0.0,0.0,0.0,7.343296243353328e-09,0.1976037913924233,0.0,36.4183,36.4835,2.77489,0,1,0,0,0,0,0,0,0,0,0.0,0.0,0.0,0.0,0.0,0.0,0.0,0.0,0.0,0.0,36.46645,36.3584,2.77475,0.0,7.343296243353328e-09,0.0,0.0,0.0,0.0,0.0,0.0,0.0,0,0.0,0.0,0,0,0,0,0,0,0,0,0,0,0,0,0
2,111.288,11,0.0,0.0,0.0,0.0,0.0,0.0,7.343296243353328e-09,0.18725867788833722,0.0,36.3554,36.3554,2.78079,0,1,0,0,0,0,0,0,0,0,0.0,0.0,0.0,0.0,0.0,0.0,0.0,0.0,0.0,0.0,36.45179,36.3554,2.775641,0.0,7.343296243353328e-09,0.0,0.0,0.0,0.0,0.0,0.0,0.0,0,0.0,0.0,0,0,0,0,0,0,0,0,0,0,0,0,0
2,112.29,11,0.0,0.0,0.0,0.0,0.0,0.0,7.343296243353328e-09,0.17691356438425115,0.0,36.3554,36.4576,2.77582,0,1,0,0,0,0,0,0,0,0,0.0,0.0,0.0,0.0,0.0,0.0,0.0,0.0,0.0,0.0,36.449380000000005,36.3554,2.7759539999999996,0.0,7.343296243353328e-09,0.0,0.0,0.0,0.0,0.0,0.0,0.0,0,0.0,0.0,0,0,0,0,0,0,0,0,0,0,0,0,0
2,113.297,11,0.0,0.0,0.0,0.0,0.0,0.0,7.343296243353328e-09,0.1665684508801651,0.0,36.3554,36.4317,2.77691,0,1,0,0,0,0,0,0,0,0,0.0,0.0,0.0,0.0,0.0,0.0,0.0,0.0,0.0,0.0,36.44593999999999,36.3554,2.776049,0.0,7.343296243353328e-09,0.0,0.0,0.0,0.0,0.0,0.0,0.0,0,0.0,0.0,0,0,0,0,0,0,0,0,0,0,0,0,0
2,114.295,11,0.0,0.0,0.0,0.0,0.0,0.0,7.343296243353328e-09,0.15622333737607902,0.0,36.3554,36.5065,2.77292,0,1,0,0,0,0,0,0,0,0,0.0,0.0,0.0,0.0,0.0,0.0,0.0,0.0,0.0,0.0,36.460750000000004,36.3554,2.7752679999999996,0.0,7.343296243353328e-09,0.0,0.0,0.0,0.0,0.0,0.0,0.0,0,0.0,0.0,0,0,0,0,0,0,0,0,0,0,0,0,0
2,115.301,11,0.0,0.0,0.0,0.0,0.0,0.0,7.343296243353328e-09,0.14587822387199295,0.0,36.3554,36.5301,2.77119,0,1,0,0,0,0,0,0,0,0,0.0,0.0,0.0,0.0,0.0,0.0,0.0,0.0,0.0,0.0,36.4665,36.3554,2.7749040000000003,0.0,7.343296243353328e-09,0.0,0.0,0.0,0.0,0.0,0.0,0.0,0,0.0,0.0,0,0,0,0,0,0,0,0,0,0,0,0,0
2,116.299,11,0.0,0.0,0.0,0.0,0.0,0.0,7.343296243353328e-09,0.13553311036790688,0.0,36.4317,36.4474,2.77468,0,1,0,0,0,0,0,0,0,0,0.0,0.0,0.0,0.0,0.0,0.0,0.0,0.0,0.0,0.0,36.46941,36.3554,2.7745919999999997,0.0,7.343296243353328e-09,0.0,0.0,0.0,0.0,0.0,0.0,0.0,0,0.0,0.0,0,0,0,0,0,0,0,0,0,0,0,0,0
2,117.294,11,0.0,0.0,0.0,0.0,0.0,0.0,7.343296243353328e-09,0.12518799686382084,0.0,36.4317,36.4907,2.77378,0,1,0,0,0,0,0,0,0,0,0.0,0.0,0.0,0.0,0.0,0.0,0.0,0.0,0.0,0.0,36.46726,36.3554,2.774674,0.0,7.343296243353328e-09,0.0,0.0,0.0,0.0,0.0,0.0,0.0,0,0.0,0.0,0,0,0,0,0,0,0,0,0,0,0,0,0
2,118.3,11,0.0,0.0,0.0,0.0,0.0,0.0,7.343296243353328e-09,0.08672137555714095,0.0,36.3483,36.3483,2.78157,0,1,0,0,0,0,0,0,0,0,0.0,0.0,0.0,0.0,0.0,0.0,0.0,0.0,0.0,0.0,36.45121,36.3483,2.7756350000000003,0.0,7.343296243353328e-09,0.0,0.0,0.0,0.0,0.0,0.0,0.0,0,0.0,0.0,0,0,0,0,0,0,0,0,0,0,0,0,0
2,119.302,11,0.0,0.0,0.0,0.0,0.0,0.0,7.343296243353328e-09,0.04999999846153853,0.0,36.3483,36.4347,2.77686,0,1,0,0,0,0,0,0,0,0,0.0,0.0,0.0,0.0,0.0,0.0,0.0,0.0,0.0,0.0,36.448589999999996,36.3483,2.775941,0.0,7.343296243353328e-09,0.0,0.0,0.0,0.0,0.0,0.0,0.0,0,0.0,0.0,0,0,0,0,0,0,0,0,0,0,0,0,0
2,120.298,12,0.0,0.0,0.0,0.0,0.0,0.0,7.343296243353328e-09,0.0,0.0,36.3483,36.4476,2.77595,0,1,0,0,0,0,0,0,0,0,0.0,0.0,0.0,0.0,0.0,0.0,0.0,0.0,0.0,0.0,36.445,36.3483,2.776047,0.0,7.343296243353328e-09,0.0,0.0,0.0,0.0,0.0,0.0,0.0,0,0.0,0.0,0,0,0,0,0,0,0,0,0,0,0,0,0
2,121.298,12,0.0,0.0,0.0,0.0,0.0,0.0,7.343296243353328e-09,0.0,0.0,36.3483,36.4755,2.77454,0,1,0,0,0,0,0,0,0,0,0.0,0.0,0.0,0.0,0.0,0.0,0.0,0.0,0.0,0.0,36.457010000000004,36.3483,2.775422,0.0,7.343296243353328e-09,0.0,0.0,0.0,0.0,0.0,0.0,0.0,0,0.0,0.0,0,0,0,0,0,0,0,0,0,0,0,0,0
2,122.301,12,0.0,0.0,0.0,0.0,0.0,0.0,7.343296243353328e-09,0.0,0.0,36.3483,36.5349,2.7712,0,1,0,0,0,0,0,0,0,0,0.0,0.0,0.0,0.0,0.0,0.0,0.0,0.0,0.0,0.0,36.46474,36.3483,2.77496,0.0,7.343296243353328e-09,0.0,0.0,0.0,0.0,0.0,0.0,0.0,0,0.0,0.0,0,0,0,0,0,0,0,0,0,0,0,0,0
2,123.3,12,0.0,0.0,0.0,0.0,0.0,0.0,7.343296243353328e-09,0.0,0.0,36.4347,36.4536,2.77458,0,1,0,0,0,0,0,0,0,0,0.0,0.0,0.0,0.0,0.0,0.0,0.0,0.0,0.0,0.0,36.466930000000005,36.3483,2.774727,0.0,7.343296243353328e-09,0.0,0.0,0.0,0.0,0.0,0.0,0.0,0,0.0,0.0,0,0,0,0,0,0,0,0,0,0,0,0,0
2,124.301,12,0.0,0.0,0.0,0.0,0.0,0.0,7.343296243353328e-09,0.0,0.0,36.4476,36.4998,2.7729,0,1,0,0,0,0,0,0,0,0,0.0,0.0,0.0,0.0,0.0,0.0,0.0,0.0,0.0,0.0,36.46626,36.3483,2.774725,0.0,7.343296243353328e-09,0.0,0.0,0.0,0.0,0.0,0.0,0.0,0,0.0,0.0,0,0,0,0,0,0,0,0,0,0,0,0,0
2,125.307,12,0.0,0.0,0.0,0.0,0.0,0.0,7.343296243353328e-09,0.0,0.0,36.3741,36.3741,2.78064,0,1,0,0,0,0,0,0,0,0,0.0,0.0,0.0,0.0,0.0,0.0,0.0,0.0,0.0,0.0,36.45066,36.3483,2.77567,0.0,7.343296243353328e-09,0.0,0.0,0.0,0.0,0.0,0.0,0.0,0,0.0,0.0,0,0,0,0,0,0,0,0,0,0,0,0,0
2,126.31,12,0.0,0.0,0.0,0.0,0.0,0.0,7.343296243353328e-09,0.0,0.0,36.3741,36.4169,2.77791,0,1,0,0,0,0,0,0,0,0,0.0,0.0,0.0,0.0,0.0,0.0,0.0,0.0,0.0,0.0,36.44761,36.3483,2.775993,0.0,7.343296243353328e-09,0.0,0.0,0.0,0.0,0.0,0.0,0.0,0,0.0,0.0,0,0,0,0,0,0,0,0,0,0,0,0,0
2,127.305,12,0.0,0.0,0.0,0.0,0.0,0.0,7.343296243353328e-09,0.0,0.0,36.3741,36.4781,2.77415,0,1,0,0,0,0,0,0,0,0,0.0,0.0,0.0,0.0,0.0,0.0,0.0,0.0,0.0,0.0,36.446349999999995,36.3483,2.77603,0.0,7.343296243353328e-09,0.0,0.0,0.0,0.0,0.0,0.0,0.0,0,0.0,0.0,0,0,0,0,0,0,0,0,0,0,0,0,0
2,128.314,12,0.0,0.0,0.0,0.0,0.0,0.0,7.343296243353328e-09,0.0,0.0,36.3741,36.4461,2.77606,0,1,0,0,0,0,0,0,0,0,0.0,0.0,0.0,0.0,0.0,0.0,0.0,0.0,0.0,0.0,36.456129999999995,36.3741,2.775479,0.0,7.343296243353328e-09,0.0,0.0,0.0,0.0,0.0,0.0,0.0,0,0.0,0.0,0,0,0,0,0,0,0,0,0,0,0,0,0
2,129.307,12,0.0,0.0,0.0,0.0,0.0,0.0,7.343296243353328e-09,0.0,0.0,36.3741,36.524,2.77202,0,1,0,0,0,0,0,0,0,0,0.0,0.0,0.0,0.0,0.0,0.0,0.0,0.0,0.0,0.0,36.46506,36.3741,2.7749949999999997,0.0,7.343296243353328e-09,0.0,0.0,0.0,0.0,0.0,0.0,0.0,0,0.0,0.0,0,0,0,0,0,0,0,0,0,0,0,0,0
2,130.31,13,0.0,0.0,0.0,0.0,0.0,0.0,7.343296243353328e-09,0.0,0.0,36.4169,36.4658,2.77364,0,1,0,0,0,0,0,0,0,0,0.0,0.0,0.0,0.0,0.0,0.0,0.0,0.0,0.0,0.0,36.466879999999996,36.3741,2.774764,0.0,7.343296243353328e-09,0.0,0.0,0.0,0.0,0.0,0.0,0.0,0,0.0,0.0,0,0,0,0,0,0,0,0,0,0,0,0,0
2,131.309,13,0.0,0.0,0.0,0.0,0.0,0.0,7.343296243353328e-09,0.0,0.0,36.4461,36.4904,2.7729,0,1,0,0,0,0,0,0,0,0,0.0,0.0,0.0,0.0,0.0,0.0,0.0,0.0,0.0,0.0,36.46837,36.3741,2.7746,0.0,7.343296243353328e-09,0.0,0.0,0.0,0.0,0.0,0.0,0.0,0,0.0,0.0,0,0,0,0,0,0,0,0,0,0,0,0,0
2,132.319,13,0.0,0.0,0.0,0.0,0.0,0.0,7.343296243353328e-09,0.0,0.0,36.3944,36.3944,2.77967,0,1,0,0,0,0,0,0,0,0,0.0,0.0,0.0,0.0,0.0,0.0,0.0,0.0,0.0,0.0,36.45432,36.3741,2.7754469999999998,0.0,7.343296243353328e-09,0.0,0.0,0.0,0.0,0.0,0.0,0.0,0,0.0,0.0,0,0,0,0,0,0,0,0,0,0,0,0,0
2,133.31,13,0.0,0.0,0.0,0.0,0.0,0.0,7.343296243353328e-09,0.0,0.0,36.3944,36.396,2.77885,0,1,0,0,0,0,0,0,0,0,0.0,0.0,0.0,0.0,0.0,0.0,0.0,0.0,0.0,0.0,36.44856,36.3741,2.775874,0.0,7.343296243353328e-09,0.0,0.0,0.0,0.0,0.0,0.0,0.0,0,0.0,0.0,0,0,0,0,0,0,0,0,0,0,0,0,0
2,134.314,13,0.0,0.0,0.0,0.0,0.0,0.0,7.343296243353328e-09,0.0,0.0,36.3944,36.4787,2.774,0,1,0,0,0,0,0,0,0,0,0.0,0.0,0.0,0.0,0.0,0.0,0.0,0.0,0.0,0.0,36.44645,36.3741,2.7759840000000002,0.0,7.343296243353328e-09,0.0,0.0,0.0,0.0,0.0,0.0,0.0,0,0.0,0.0,0,0,0,0,0,0,0,0,0,0,0,0,0
2,135.315,13,0.0,0.0,0.0,0.0,0.0,0.0,7.343296243353328e-09,0.0,0.0,36.3944,36.4347,2.77686,0,1,0,0,0,0,0,0,0,0,0.0,0.0,0.0,0.0,0.0,0.0,0.0,0.0,0.0,0.0,36.452510000000004,36.3944,2.7756060000000002,0.0,7.343296243353328e-09,0.0,0.0,0.0,0.0,0.0,0.0,0.0,0,0.0,0.0,0,0,0,0,0,0,0,0,0,0,0,0,0
2,136.316,13,0.0,0.0,0.0,0.0,0.0,0.0,7.343296243353328e-09,0.0,0.0,36.3944,36.5297,2.77206,0,1,0,0,0,0,0,0,0,0,0.0,0.0,0.0,0.0,0.0,0.0,0.0,0.0,0.0,0.0,36.46379,36.3944,2.7750209999999997,0.0,7.343296243353328e-09,0.0,0.0,0.0,0.0,0.0,0.0,0.0,0,0.0,0.0,0,0,0,0,0,0,0,0,0,0,0,0,0
2,137.314,13,0.0,0.0,0.0,0.0,0.0,0.0,7.343296243353328e-09,0.0,0.0,36.396,36.4825,2.77271,0,1,0,0,0,0,0,0,0,0,0.0,0.0,0.0,0.0,0.0,0.0,0.0,0.0,0.0,0.0,36.46423,36.3944,2.774877,0.0,7.343296243353328e-09,0.0,0.0,0.0,0.0,0.0,0.0,0.0,0,0.0,0.0,0,0,0,0,0,0,0,0,0,0,0,0,0
2,138.319,13,0.0,0.0,0.0,0.0,0.0,0.0,7.343296243353328e-09,0.0,0.0,36.4347,36.4961,2.77222,0,1,0,0,0,0,0,0,0,0,0.0,0.0,0.0,0.0,0.0,0.0,0.0,0.0,0.0,0.0,36.46923,36.3944,2.774493,0.0,7.343296243353328e-09,0.0,0.0,0.0,0.0,0.0,0.0,0.0,0,0.0,0.0,0,0,0,0,0,0,0,0,0,0,0,0,0
2,139.321,13,0.0,0.0,0.0,0.0,0.0,0.0,7.343296243353328e-09,0.0,0.0,36.4332,36.4332,2.77784,0,1,0,0,0,0,0,0,0,0,0.0,0.0,0.0,0.0,0.0,0.0,0.0,0.0,0.0,0.0,36.460150000000006,36.3944,2.7750749999999997,0.0,7.343296243353328e-09,0.0,0.0,0.0,0.0,0.0,0.0,0.0,0,0.0,0.0,0,0,0,0,0,0,0,0,0,0,0,0,0
2,140.318,14,0.0,0.0,0.0,0.0,0.0,0.0,7.343296243353328e-09,0.0,0.0,36.3745,36.3745,2.77978,0,1,0,0,0,0,0,0,0,0,0.0,0.0,0.0,0.0,0.0,0.0,0.0,0.0,0.0,0.0,36.45102,36.3745,2.7756890000000003,0.0,7.343296243353328e-09,0.0,0.0,0.0,0.0,0.0,0.0,0.0,0,0.0,0.0,0,0,0,0,0,0,0,0,0,0,0,0,0
2,141.323,14,0.0,0.0,0.0,0.0,0.0,0.0,7.343296243353328e-09,0.0,0.0,36.3745,36.4813,2.77393,0,1,0,0,0,0,0,0,0,0,0.0,0.0,0.0,0.0,0.0,0.0,0.0,0.0,0.0,0.0,36.45011,36.3745,2.775792,0.0,7.343296243353328e-09,0.0,0.0,0.0,0.0,0.0,0.0,0.0,0,0.0,0.0,0,0,0,0,0,0,0,0,0,0,0,0,0
2,142.325,14,0.0,0.0,0.0,0.0,0.0,0.0,7.343296243353328e-09,0.0,0.0,36.3745,36.416,2.77771,0,1,0,0,0,0,0,0,0,0,0.0,0.0,0.0,0.0,0.0,0.0,0.0,0.0,0.0,0.0,36.45227,36.3745,2.775596,0.0,7.343296243353328e-09,0.0,0.0,0.0,0.0,0.0,0.0,0.0,0,0.0,0.0,0,0,0,0,0,0,0,0,0,0,0,0,0
2,143.324,14,0.0,0.0,0.0,0.0,0.0,0.0,7.343296243353328e-09,0.0,0.0,36.3745,36.5274,2.77214,0,1,0,0,0,0,0,0,0,0,0.0,0.0,0.0,0.0,0.0,0.0,0.0,0.0,0.0,0.0,36.465410000000006,36.3745,2.774925,0.0,7.343296243353328e-09,0.0,0.0,0.0,0.0,0.0,0.0,0.0,0,0.0,0.0,0,0,0,0,0,0,0,0,0,0,0,0,0
2,144.323,14,0.0,0.0,0.0,0.0,0.0,0.0,7.343296243353328e-09,0.0,0.0,36.3745,36.5021,2.77188,0,1,0,0,0,0,0,0,0,0,0.0,0.0,0.0,0.0,0.0,0.0,0.0,0.0,0.0,0.0,36.46775,36.3745,2.7747129999999998,0.0,7.343296243353328e-09,0.0,0.0,0.0,0.0,0.0,0.0,0.0,0,0.0,0.0,0,0,0,0,0,0,0,0,0,0,0,0,0
2,145.324,14,0.0,0.0,0.0,0.0,0.0,0.0,7.343296243353328e-09,0.0,0.0,36.416,36.483,2.77257,0,1,0,0,0,0,0,0,0,0,0.0,0.0,0.0,0.0,0.0,0.0,0.0,0.0,0.0,0.0,36.47258,36.3745,2.774284,0.0,7.343296243353328e-09,0.0,0.0,0.0,0.0,0.0,0.0,0.0,0,0.0,0.0,0,0,0,0,0,0,0,0,0,0,0,0,0
2,146.325,14,0.0,0.0,0.0,0.0,0.0,0.0,7.343296243353328e-09,0.0,0.0,36.416,36.463,2.77602,0,1,0,0,0,0,0,0,0,0,0.0,0.0,0.0,0.0,0.0,0.0,0.0,0.0,0.0,0.0,36.465909999999994,36.3745,2.77468,0.0,7.343296243353328e-09,0.0,0.0,0.0,0.0,0.0,0.0,0.0,0,0.0,0.0,0,0,0,0,0,0,0,0,0,0,0,0,0
2,147.325,14,0.0,0.0,0.0,0.0,0.0,0.0,7.343296243353328e-09,0.0,0.0,36.3573,36.3573,2.78069,0,1,0,0,0,0,0,0,0,0,0.0,0.0,0.0,0.0,0.0,0.0,0.0,0.0,0.0,0.0,36.45339,36.3573,2.775478,0.0,7.343296243353328e-09,0.0,0.0,0.0,0.0,0.0,0.0,0.0,0,0.0,0.0,0,0,0,0,0,0,0,0,0,0,0,0,0
2,148.327,14,0.0,0.0,0.0,0.0,0.0,0.0,7.343296243353328e-09,0.0,0.0,36.3573,36.4831,2.774,0,1,0,0,0,0,0,0,0,0,0.0,0.0,0.0,0.0,0.0,0.0,0.0,0.0,0.0,0.0,36.45209,36.3573,2.775656,0.0,7.343296243353328e-09,0.0,0.0,0.0,0.0,0.0,0.0,0.0,0,0.0,0.0,0,0,0,0,0,0,0,0,0,0,0,0,0
2,149.327,14,0.0,0.0,0.0,0.0,0.0,0.0,7.343296243353328e-09,0.0,0.0,36.3573,36.4177,2.77778,0,1,0,0,0,0,0,0,0,0,0.0,0.0,0.0,0.0,0.0,0.0,0.0,0.0,0.0,0.0,36.45054,36.3573,2.77565,0.0,7.343296243353328e-09,0.0,0.0,0.0,0.0,0.0,0.0,0.0,0,0.0,0.0,0,0,0,0,0,0,0,0,0,0,0,0,0
2,150.328,15,0.0,0.0,0.0,0.0,0.0,0.0,7.343296243353328e-09,0.0,0.0,36.3573,36.5129,2.77299,0,1,0,0,0,0,0,0,0,0,0.0,0.0,0.0,0.0,0.0,0.0,0.0,0.0,0.0,0.0,36.46438,36.3573,2.774971,0.0,7.343296243353328e-09,0.0,0.0,0.0,0.0,0.0,0.0,0.0,0,0.0,0.0,0,0,0,0,0,0,0,0,0,0,0,0,0
2,151.33,15,0.0,0.0,0.0,0.0,0.0,0.0,7.343296243353328e-09,0.0,0.0,36.3573,36.5088,2.77196,0,1,0,0,0,0,0,0,0,0,0.0,0.0,0.0,0.0,0.0,0.0,0.0,0.0,0.0,0.0,36.46713,36.3573,2.774774,0.0,7.343296243353328e-09,0.0,0.0,0.0,0.0,0.0,0.0,0.0,0,0.0,0.0,0,0,0,0,0,0,0,0,0,0,0,0,0
2,152.331,15,0.0,0.0,0.0,0.0,0.0,0.0,7.343296243353328e-09,0.0,0.0,36.4177,36.4644,2.77376,0,1,0,0,0,0,0,0,0,0,0.0,0.0,0.0,0.0,0.0,0.0,0.0,0.0,0.0,0.0,36.47197,36.3573,2.774379,0.0,7.343296243353328e-09,0.0,0.0,0.0,0.0,0.0,0.0,0.0,0,0.0,0.0,0,0,0,0,0,0,0,0,0,0,0,0,0
2,153.331,15,0.0,0.0,0.0,0.0,0.0,0.0,7.343296243353328e-09,0.0,0.0,36.4177,36.4806,2.77495,0,1,0,0,0,0,0,0,0,0,0.0,0.0,0.0,0.0,0.0,0.0,0.0,0.0,0.0,0.0,36.46729,36.3573,2.77466,0.0,7.343296243353328e-09,0.0,0.0,0.0,0.0,0.0,0.0,0.0,0,0.0,0.0,0,0,0,0,0,0,0,0,0,0,0,0,0
2,154.332,15,0.0,0.0,0.0,0.0,0.0,0.0,7.343296243353328e-09,0.0,0.0,36.3553,36.3553,2.78078,0,1,0,0,0,0,0,0,0,0,0.0,0.0,0.0,0.0,0.0,0.0,0.0,0.0,0.0,0.0,36.45261,36.3553,2.77555,0.0,7.343296243353328e-09,0.0,0.0,0.0,0.0,0.0,0.0,0.0,0,0.0,0.0,0,0,0,0,0,0,0,0,0,0,0,0,0
2,155.342,15,0.7001057239478408,0.693173984106773,0.071240754141362,0.071240754141362,0.03185983380568702,1.0,0.022528304531478888,0.05,0.0031859833805687023,36.3553,37.2202,2.81432,1,1,0,0,0,0,0,0,0,0,0.0,0.0,0.0,0.0,0.0,0.0,0.0,0.0,0.0,0.1,36.52633,36.3553,2.779725,0.0071240754141362,0.022528304531478888,0.0071240754141362,0.0,0.0,0.0,0.0,0.0,0.0,0,0.0,0.0,0,0,0,0,0,0,0,0,0,0,0,0,0
2,156.335,15,0.811909145047829,0.1125915620342278,0.37504411574515134,0.30380336160378935,0.1627108607221473,0.14775787115898079,0.11823531870183983,0.05738789355794904,0.019457069452783433,36.3553,39.9706,2.62318,1,1,0,0,0,0,0,0,0,0,0.0,0.0,0.0,0.0,0.0,0.0,0.0,0.0,0.0,0.2,36.877089999999995,36.3553,2.764441,0.044628486988651336,0.11823531870183983,0.03750441157451513,0.0,0.0,0.0,0.0,0.0,0.0,0,0.0,0.0,0,0,0,0,0,0,0,0,0,0,0,0,0
2,157.341,15,0.0,-0.8070667445803469,0.0,0.37504411574515134,0.1627108607221473,0.14775787115898079,0.11823531870183983,0.06477578711589807,0.03572815552499816,36.3553,39.9906,2.61943,1,1,0,0,0,0,0,0,0,0,0.0,0.0,0.0,0.0,0.0,0.0,0.0,0.0,0.0,0.3,37.24042,36.3553,2.748315,0.044628486988651336,0.11823531870183983,0.07500882314903026,0.0,0.0,0.0,0.0,0.0,0.0,0,0.0,0.0,0,0,0,0,0,0,0,0,0,0,0,0,0
2,158.337,15,0.0,0.0,0.0,0.0,0.1627108607221473,0.14775787115898079,0.11823531870183983,0.07216368067384712,0.0519992415972129,36.3553,40.0097,2.61773,1,1,0,0,0,0,0,0,0,0,0.0,0.0,0.0,0.0,0.0,0.0,0.0,0.0,0.0,0.4,37.59308,36.3553,2.7326880000000005,0.044628486988651336,0.11823531870183983,0.07500882314903026,0.0,0.0,0.0,0.0,0.0,0.0,0,0.0,0.0,0,0,0,0,0,0,0,0,0,0,0,0,0
2,159.339,15,0.0,0.0,0.0,0.0,0.1627108607221473,0.14775787115898079,0.11823531870183983,0.07955157423179615,0.06827032766942762,37.2202,40.0545,2.62081,1,1,0,0,0,0,0,0,0,0,0.0,0.0,0.0,0.0,0.0,0.0,0.0,0.0,0.0,0.5,37.95676,36.3553,2.716991,0.044628486988651336,0.11823531870183983,0.07500882314903026,0.0,0.0,0.0,0.0,0.0,0.0,0,0.0,0.0,0,0,0,0,0,0,0,0,0,0,0,0,0
2,160.34,16,0.0,0.0,0.0,0.0,0.16772482747349154,0.14775787115898079,0.11823531870183983,0.08693946778974519,0.08504281041677678,39.8945,39.8945,2.6205,1,1,0,0,0,0,0,0,0,0,0.0,0.0,0.0,0.0,0.0,0.0,0.0,0.0,0.0,0.6,38.294920000000005,36.3553,2.7017420000000003,0.044628486988651336,0.11823531870183983,0.07500882314903026,0.0,0.0,0.0,0.0,0.0,0.0,0,0.0,0.0,0,0,0,0,0,0,0,0,0,0,0,0,0
2,161.343,16,0.0,0.0,0.0,0.0,0.0,0.14775787115898079,0.11823531870183983,0.09432736134769423,0.08504281041677678,39.8945,40.0225,2.62736,1,1,0,0,0,0,0,0,0,0,0.0,0.0,0.0,0.0,0.0,0.0,0.0,0.0,0.0,0.7,38.64629,36.3553,2.687282,0.044628486988651336,0.11823531870183983,0.07500882314903026,0.0,0.0,0.0,0.0,0.0,0.0,0,0.0,0.0,0,0,0,0,0,0,0,0,0,0,0,0,0
2,162.344,16,0.0,0.0,0.0,0.0,0.0,0.14775787115898079,0.11823531870183983,0.10171525490564329,0.08504281041677678,39.8945,39.9489,2.62229,1,1,0,0,0,0,0,0,0,0,0.0,0.0,0.0,0.0,0.0,0.0,0.0,0.0,0.0,0.8,38.99474,36.3553,2.672135,0.044628486988651336,0.11823531870183983,0.07500882314903026,0.0,0.0,0.0,0.0,0.0,0.0,0,0.0,0.0,0,0,0,0,0,0,0,0,0,0,0,0,0
2,163.349,16,0.0,0.0,0.0,0.0,0.0,0.14775787115898079,0.11823531870183983,0.1091031484635923,0.08504281041677678,39.8945,39.9702,2.62234,1,1,0,0,0,0,0,0,0,0,0.0,0.0,0.0,0.0,0.0,0.0,0.0,0.0,0.0,0.9,39.3437,36.3553,2.6568739999999997,0.044628486988651336,0.11823531870183983,0.07500882314903026,0.0,0.0,0.0,0.0,0.0,0.0,0,0.0,0.0,0,0,0,0,0,0,0,0,0,0,0,0,0
2,164.348,16,0.0,0.0,0.0,0.0,0.0,0.14775787115898079,0.11823531870183983,0.11649104202154134,0.08504281041677678,39.8945,39.9888,2.62018,1,1,0,0,0,0,0,0,0,0,0.0,0.0,0.0,0.0,0.0,0.0,0.0,0.0,0.0,1.0,39.70705,37.2202,2.6408139999999998,0.044628486988651336,0.11823531870183983,0.07500882314903026,0.0,0.0,0.0,0.0,0.0,0.0,0,0.0,0.0,0,0,0,0,0,0,0,0,0,0,0,0,0
2,165.348,16,0.0,0.0,0.0,0.0,0.0,0.14775787115898079,0.11859936287984982,0.1238789355794904,0.08185682703620807,39.9489,40.0007,2.61777,1,1,0,0,0,0,0,0,0,0,0.0,0.0,0.0,0.0,0.0,0.0,0.0,0.0,0.0,1.0,39.9851,39.8945,2.621159,0.03750441157451513,0.11859936287984982,0.06788474773489407,0.0,0.0,0.0,0.0,0.0,0.0,0,0.0,0.0,0,0,0,0,0,0,0,0,0,0,0,0,0
2,166.352,16,0.0,0.0,0.0,0.0,0.0,0.14775787115898079,0.0,0.13126682913743942,0.06558574096399335,39.9489,40.0442,2.6208,1,1,0,0,0,0,0,0,0,0,0.0,0.0,0.0,0.0,0.0,0.0,0.0,0.0,0.0,1.0,39.99246,39.8945,2.620921,0.0,0.0,0.03750441157451513,0.0,0.0,0.0,0.0,0.0,0.0,0,0.0,0.0,0,0,0,0,0,0,0,0,0,0,0,0,0
2,167.344,16,0.0,0.0,0.0,0.0,0.0,0.14775787115898079,0.0,0.13865472269538848,0.049314654891778616,39.9018,39.9018,2.61957,1,1,0,0,0,0,0,0,0,0,0.0,0.0,0.0,0.0,0.0,0.0,0.0,0.0,0.0,1.0,39.98358,39.8945,2.6209350000000002,0.0,0.0,0.0,0.0,0.0,0.0,0.0,0.0,0.0,0,0.0,0.0,0,0,0,0,0,0,0,0,0,0,0,0,0
2,168.35,16,0.0,0.0,0.0,0.0,0.0,0.14775787115898079,0.0,0.14604261625333753,0.033043568819563884,39.9018,40.0138,2.62658,1,1,0,0,0,0,0,0,0,0,0.0,0.0,0.0,0.0,0.0,0.0,0.0,0.0,0.0,1.0,39.98399,39.8945,2.62182,0.0,0.0,0.0,0.0,0.0,0.0,0.0,0.0,0.0,0,0.0,0.0,0,0,0,0,0,0,0,0,0,0,0,0,0
2,169.349,16,0.0,0.0,0.0,0.0,0.0,0.14775787115898079,0.0,0.15343050981128653,0.016772482747349153,39.9018,39.9727,2.62326,1,1,0,0,0,0,0,0,0,0,0.0,0.0,0.0,0.0,0.0,0.0,0.0,0.0,0.0,1.0,39.97581,39.8945,2.622065,0.0,0.0,0.0,0.0,0.0,0.0,0.0,0.0,0.0,0,0.0,0.0,0,0,0,0,0,0,0,0,0,0,0,0,0
2,170.354,17,0.0,0.0,0.16993015002956552,0.16993015002956552,0.07599507337856928,0.14775787115898079,0.05373663172275561,0.16081840336923559,0.007599507337856928,39.9018,43.6232,2.62146,1,1,0,0,0,0,0,0,0,0,0.0,0.0,0.0,0.0,0.0,0.0,0.0,0.0,0.0,1.0,40.34868,39.9018,2.6221609999999997,0.016993015002956552,0.05373663172275561,0.016993015002956552,0.0,0.0,0.0,0.0,0.0,0.0,0,0.0,0.0,0,0,0,0,0,0,0,0,0,0,0,0,0
2,171.353,17,0.0,0.0,0.9004601919748644,0.7305300419452989,0.3906909636686035,0.14775787115898079,0.2838487987164301,0.16820629692718464,0.04666860370471728,39.9018,78.2234,2.62168,1,1,0,0,0,0,0,0,0,0,0.0,0.0,0.0,0.0,0.0,0.0,0.0,0.0,0.0,1.0,44.16877,39.9018,2.621593,0.10703903420044299,0.2838487987164301,0.09004601919748645,0.0,0.0,0.0,0.0,0.0,0.0,0,0.0,0.0,0,0,0,0,0,0,0,0,0,0,0,0,0
2,172.354,17,0.0,0.0,0.0,0.9004601919748644,0.3906909636686035,0.14775787115898079,0.2838487987164301,0.17559419048513367,0.08573770007157763,39.9727,78.1409,2.61785,1,1,0,0,0,0,0,0,0,0,0.0,0.0,0.0,0.0,0.0,0.0,0.0,0.0,0.0,1.0,47.98797,39.9018,2.621149,0.10703903420044299,0.2838487987164301,0.1800920383949729,0.0,0.0,0.0,0.0,0.0,0.0,0,0.0,0.0,0,0,0,0,0,0,0,0,0,0,0,0,0
2,173.355,17,0.0,0.0,0.0,0.0,0.3906909636686035,0.14775787115898079,0.2838487987164301,0.18298208404308272,0.12480679643843798,39.9727,78.3095,2.61996,1,1,0,0,0,0,0,0,0,0,0.0,0.0,0.0,0.0,0.0,0.0,0.0,0.0,0.0,1.0,51.82190000000001,39.9018,2.620911,0.10703903420044299,0.2838487987164301,0.1800920383949729,0.0,0.0,0.0,0.0,0.0,0.0,0,0.0,0.0,0,0,0,0,0,0,0,0,0,0,0,0,0
2,174.355,17,0.0,0.0,0.0,0.0,0.3906909636686035,0.14775787115898079,0.2838487987164301,0.19036997760103175,0.16387589280529832,43.6232,78.0718,2.61952,1,1,0,0,0,0,0,0,0,0,0.0,0.0,0.0,0.0,0.0,0.0,0.0,0.0,0.0,1.0,55.6302,39.9018,2.620845,0.10703903420044299,0.2838487987164301,0.1800920383949729,0.0,0.0,0.0,0.0,0.0,0.0,0,0.0,0.0,0,0,0,0,0,0,0,0,0,0,0,0,0
2,175.362,17,0.0,0.0,0.0,0.0,0.40269804005766147,0.9999999923076923,0.2838487987164301,0.19036997721641638,0.20414569681106448,78.0718,78.3495,2.62576,1,1,0,0,0,0,0,0,0,0,0.0,0.0,0.0,0.0,0.0,0.0,0.0,0.0,0.0,1.0,59.46508,39.9018,2.621644,0.10703903420044299,0.2838487987164301,0.1800920383949729,0.0,0.0,0.0,0.0,0.0,0.0,0,0.0,0.0,0,0,0,0,0,0,0,0,0,0,0,0,0
2,176.357,17,0.0,0.0,0.0,0.0,0.0,0.0,0.2838487987164301,0.18298208365846733,0.20414569681106448,78.0718,78.3496,2.62485,1,1,0,0,0,0,0,0,0,0,0.0,0.0,0.0,0.0,0.0,0.0,0.0,0.0,0.0,1.0,63.29562,39.9018,2.6220489999999996,0.10703903420044299,0.2838487987164301,0.1800920383949729,0.0,0.0,0.0,0.0,0.0,0.0,0,0.0,0.0,0,0,0,0,0,0,0,0,0,0,0,0,0
2,177.367,17,0.0,0.0,0.0,0.0,0.0,0.0,0.2838487987164301,0.1755941901005183,0.20414569681106448,78.0718,78.1368,2.62056,1,1,0,0,0,0,0,0,0,0,0.0,0.0,0.0,0.0,0.0,0.0,0.0,0.0,0.0,1.0,67.11912,39.9727,2.622148,0.10703903420044299,0.2838487987164301,0.1800920383949729,0.0,0.0,0.0,0.0,0.0,0.0,0,0.0,0.0,0,0,0,0,0,0,0,0,0,0,0,0,0
2,178.369,17,0.0,0.0,0.0,0.0,0.0,0.0,0.2838487987164301,0.16820629654256924,0.20414569681106448,78.0718,78.2431,2.62312,1,1,0,0,0,0,0,0,0,0,0.0,0.0,0.0,0.0,0.0,0.0,0.0,0.0,0.0,1.0,70.94205,39.9727,2.6218019999999997,0.10703903420044299,0.2838487987164301,0.1800920383949729,0.0,0.0,0.0,0.0,0.0,0.0,0,0.0,0.0,0,0,0,0,0,0,0,0,0,0,0,0,0
2,179.364,17,0.0,0.0,0.0,0.0,0.0,0.0,0.2838487987164301,0.1608184029846202,0.20414569681106448,78.1191,78.1191,2.61869,1,1,0,0,0,0,0,0,0,0,0.0,0.0,0.0,0.0,0.0,0.0,0.0,0.0,0.0,1.0,74.75669,43.6232,2.6213450000000003,0.10703903420044299,0.2838487987164301,0.1800920383949729,0.0,0.0,0.0,0.0,0.0,0.0,0,0.0,0.0,0,0,0,0,0,0,0,0,0,0,0,0,0
2,180.368,18,0.0,0.0,0.0,0.0,0.0,0.0,0.28475051489530434,0.15343050942667116,0.19654618947320754,78.1191,78.2669,2.61911,1,1,0,0,0,0,0,0,0,0,0.0,0.0,0.0,0.0,0.0,0.0,0.0,0.0,0.0,1.0,78.22106,78.0718,2.6211100000000003,0.09004601919748643,0.28475051489530434,0.16309902339201635,0.0,0.0,0.0,0.0,0.0,0.0,0,0.0,0.0,0,0,0,0,0,0,0,0,0,0,0,0,0
2,181.365,18,0.0,0.0,0.0,0.0,0.0,0.0,0.0,0.1460426158687221,0.1574770931063472,78.1191,78.1366,2.61872,1,1,0,0,0,0,0,0,0,0,0.0,0.0,0.0,0.0,0.0,0.0,0.0,0.0,0.0,1.0,78.21238,78.0718,2.620814,0.0,0.0,0.09004601919748643,0.0,0.0,0.0,0.0,0.0,0.0,0,0.0,0.0,0,0,0,0,0,0,0,0,0,0,0,0,0
2,182.37,18,0.0,0.0,0.0,0.0,0.0,0.0,0.0,0.13865472231077308,0.11840799673948683,78.1191,78.2644,2.62492,1,1,0,0,0,0,0,0,0,0,0.0,0.0,0.0,0.0,0.0,0.0,0.0,0.0,0.0,1.0,78.22473,78.0718,2.621521,0.0,0.0,0.0,0.0,0.0,0.0,0.0,0.0,0.0,0,0.0,0.0,0,0,0,0,0,0,0,0,0,0,0,0,0
2,183.372,18,0.0,0.0,0.0,0.0,0.0,0.0,0.0,0.13126682875282403,0.0793389003726265,78.1191,78.4132,2.62566,1,1,0,0,0,0,0,0,0,0,0.0,0.0,0.0,0.0,0.0,0.0,0.0,0.0,0.0,1.0,78.2351,78.0718,2.622091,0.0,0.0,0.0,0.0,0.0,0.0,0.0,0.0,0.0,0,0.0,0.0,0,0,0,0,0,0,0,0,0,0,0,0,0
2,184.371,18,0.0,0.0,0.0,0.0,0.0,0.0,0.0,0.12387893519487503,0.040269804005766144,78.115,78.115,2.62048,1,1,0,0,0,0,0,0,0,0,0.0,0.0,0.0,0.0,0.0,0.0,0.0,0.0,0.0,1.0,78.23942,78.115,2.622187,0.0,0.0,0.0,0.0,0.0,0.0,0.0,0.0,0.0,0,0.0,0.0,0,0,0,0,0,0,0,0,0,0,0,0,0
2,185.377,18,0.0,0.0,0.0,0.0,0.0,0.0,0.0,0.11649104163692599,0.0,78.115,78.264,2.62392,1,1,0,0,0,0,0,0,0,0,0.0,0.0,0.0,0.0,0.0,0.0,0.0,0.0,0.0,1.0,78.23087000000001,78.115,2.6220030000000003,0.0,0.0,0.0,0.0,0.0,0.0,0.0,0.0,0.0,0,0.0,0.0,0,0,0,0,0,0,0,0,0,0,0,0,0
2,186.367,18,0.0,0.0,0.0,0.0,0.0,0.0,0.0,0.10910314807897695,0.0,78.115,78.1407,2.61872,1,1,0,0,0,0,0,0,0,0,0.0,0.0,0.0,0.0,0.0,0.0,0.0,0.0,0.0,1.0,78.20998,78.115,2.6213900000000003,0.0,0.0,0.0,0.0,0.0,0.0,0.0,0.0,0.0,0,0.0,0.0,0,0,0,0,0,0,0,0,0,0,0,0,0
2,187.372,18,0.0,0.0,0.0,0.0,0.0,0.0,0.0,0.10171525452102789,0.0,78.115,78.224,2.6191,1,1,0,0,0,0,0,0,0,0,0.0,0.0,0.0,0.0,0.0,0.0,0.0,0.0,0.0,1.0,78.2187,78.115,2.621244,0.0,0.0,0.0,0.0,0.0,0.0,0.0,0.0,0.0,0,0.0,0.0,0,0,0,0,0,0,0,0,0,0,0,0,0
2,188.369,18,0.0,0.0,0.0,0.0,0.0,0.0,0.0,0.09432736096307885,0.0,78.115,78.2015,2.61886,1,1,0,0,0,0,0,0,0,0,0.0,0.0,0.0,0.0,0.0,0.0,0.0,0.0,0.0,1.0,78.21454,78.115,2.620818,0.0,0.0,0.0,0.0,0.0,0.0,0.0,0.0,0.0,0,0.0,0.0,0,0,0,0,0,0,0,0,0,0,0,0,0
2,189.379,18,0.0,0.0,0.0,0.0,0.0,0.0,0.0,0.08693946740512981,0.0,78.1407,78.1796,2.62327,1,1,0,0,0,0,0,0,0,0,0.0,0.0,0.0,0.0,0.0,0.0,0.0,0.0,0.0,1.0,78.22058999999999,78.115,2.621276,0.0,0.0,0.0,0.0,0.0,0.0,0.0,0.0,0.0,0,0.0,0.0,0,0,0,0,0,0,0,0,0,0,0,0,0
2,190.38,19,1.74468026515896,1.7429373278311289,0.1990789350020733,0.1990789350020733,0.08903080631057964,0.999999985245902,0.06295428687671692,0.12955157310947588,0.008903080631057958,78.1407,95.6621,3.54314,0,1,0,0,0,0,0,0,0,0,0.0,0.0,0.0,0.0,0.0,0.0,0.0,0.0,0.0,0.9,79.96011,78.115,2.713679,0.01990789350020734,0.06295428687671692,0.01990789350020733,0.0,0.0,0.0,0.0,0.0,0.0,0,0.0,0.0,0,0,0,0,0,0,0,0,0,0,0,0,0
2,191.383,19,0.0,-1.7394618795203989,9.220666596078597e-07,0.1990780129354137,0.08903070322128837,0.999999985245902,0.06295425447926385,0.17216367881382194,0.017806150953186793,78.1796,95.4827,3.53083,0,1,0,0,0,0,0,0,0,0,0.0,0.0,0.0,0.0,0.0,0.0,0.0,0.0,0.0,0.8,81.69471999999999,78.115,2.80489,0.019907985706873303,0.06295425447926385,0.039815694793748704,0.0,0.0,0.0,0.0,0.0,0.0,0,0.0,0.0,0,0,0,0,0,0,0,0,0,0,0,0,0
2,192.379,19,0.0,0.0,0.0,9.220666596078597e-07,0.08903070322128837,0.999999985245902,0.06295425447926385,0.21477578451816798,0.02670922127531563,78.1796,95.5653,3.53778,0,1,0,0,0,0,0,0,0,0,0.0,0.0,0.0,0.0,0.0,0.0,0.0,0.0,0.0,0.7,83.42481,78.115,2.896176,0.019907985706873303,0.06295425447926385,0.03981578700041466,0.0,0.0,0.0,0.0,0.0,0.0,0,0.0,0.0,0,0,0,0,0,0,0,0,0,0,0,0,0
2,193.383,19,0.0,0.0,0.0,0.0,0.08903070322128837,0.999999985245902,0.06295425447926385,0.25738789022251407,0.035612291597444466,78.1796,95.5318,3.52986,0,1,0,0,0,0,0,0,0,0,0.0,0.0,0.0,0.0,0.0,0.0,0.0,0.0,0.0,0.6,85.13667000000001,78.115,2.986596,0.019907985706873303,0.06295425447926385,0.03981578700041466,0.0,0.0,0.0,0.0,0.0,0.0,0,0.0,0.0,0,0,0,0,0,0,0,0,0,0,0,0,0
2,194.382,19,0.0,0.0,0.0,0.0,0.08903070322128837,0.999999985245902,0.06295425447926385,0.2999999959268601,0.0445153619195733,95.4827,95.5603,3.53051,0,1,0,0,0,0,0,0,0,0,0.0,0.0,0.0,0.0,0.0,0.0,0.0,0.0,0.0,0.5,86.8812,78.1407,3.077599,0.019907985706873303,0.06295425447926385,0.03981578700041466,0.0,0.0,0.0,0.0,0.0,0.0,0,0.0,0.0,0,0,0,0,0,0,0,0,0,0,0,0,0
2,195.387,19,0.0,0.0,0.0,0.0,4.123632741066456e-07,0.999999985245902,0.06295425447926385,0.29999999557377055,0.04451540315590071,95.4827,95.609,3.53305,0,1,0,0,0,0,0,0,0,0,0.0,0.0,0.0,0.0,0.0,0.0,0.0,0.0,0.0,0.4,88.61569999999999,78.1407,3.168512,0.019907985706873303,0.06295425447926385,0.03981578700041466,0.0,0.0,0.0,0.0,0.0,0.0,0,0.0,0.0,0,0,0,0,0,0,0,0,0,0,0,0,0
2,196.382,19,0.0,0.0,0.0,0.0,1.443912196926739e-09,0.999999985245902,0.06295425447926385,0.3499999948360657,0.04451540330029193,95.4678,95.4678,3.53262,0,1,0,0,0,0,0,0,0,0,0.0,0.0,0.0,0.0,0.0,0.0,0.0,0.0,0.0,0.3,90.34841,78.1796,3.2599019999999994,0.019907985706873303,0.06295425447926385,0.03981578700041466,0.0,0.0,0.0,0.0,0.0,0.0,0,0.0,0.0,0,0,0,0,0,0,0,0,0,0,0,0,0
2,197.393,19,0.0,0.0,0.0,0.0,1.443912196926739e-09,0.999999985245902,0.06295425447926385,0.3999999940983608,0.04451540344468315,95.4678,95.6828,3.54482,1,1,0,0,0,0,0,0,0,0,0.0,0.0,0.0,0.0,0.0,0.0,0.0,0.0,0.0,0.3,92.09429,78.1796,3.352474,0.019907985706873303,0.06295425447926385,0.03981578700041466,0.0,0.0,0.0,0.0,0.0,0.0,0,0.0,0.0,0,0,0,0,0,0,0,0,0,0,0,0,0
2,198.392,19,0.0,0.0,0.0,0.0,1.443912196926739e-09,0.999999985245902,0.06295425447926385,0.4499999933606559,0.044515403589074375,95.4678,95.4894,3.53209,0,1,0,0,0,0,0,0,0,0,0.0,0.0,0.0,0.0,0.0,0.0,0.0,0.0,0.0,0.2,93.82307999999999,78.1796,3.443797,0.019907985706873303,0.06295425447926385,0.03981578700041466,0.0,0.0,0.0,0.0,0.0,0.0,0,0.0,0.0,0,0,0,0,0,0,0,0,0,0,0,0,0
2,199.392,19,0.0,0.0,0.0,0.0,1.443912196926739e-09,0.999999985245902,0.06295425447926385,0.499999992622951,0.04451540373346559,95.4678,95.5652,3.5378,0,1,0,0,0,0,0,0,0,0,0.0,0.0,0.0,0.0,0.0,0.0,0.0,0.0,0.0,0.1,95.56163999999998,95.4678,3.53525,0.019907985706873303,0.06295425447926385,0.03981578700041466,0.0,0.0,0.0,0.0,0.0,0.0,0,0.0,0.0,0,0,0,0,0,0,0,0,0,0,0,0,0
2,200.389,20,0.0,0.0,0.0,0.0,1.443912196926739e-09,0.999999985245902,2.915836899603604e-07,0.5499999918852461,0.03561232324679885,95.4678,95.5246,3.53059,0,1,0,0,0,0,0,0,0,0,0.0,0.0,0.0,0.0,0.0,0.0,0.0,0.0,0.0,0.1,95.54789000000001,95.4678,3.533995,9.22066659718882e-08,2.915836899603604e-07,0.01990789350020733,0.0,0.0,0.0,0.0,0.0,0.0,0,0.0,0.0,0,0,0,0,0,0,0,0,0,0,0,0,0
2,201.391,20,0.0,0.0,0.0,0.0,1.443912196926739e-09,0.999999985245902,5.964683003838581e-10,0.5999999911475411,0.026709253069061235,95.4894,95.5534,3.52936,0,1,0,0,0,0,0,0,0,0,0.0,0.0,0.0,0.0,0.0,0.0,0.0,0.0,0.0,0.1,95.55496000000001,95.4678,3.5338480000000003,0.0,5.964683003838581e-10,9.220666596078598e-08,0.0,0.0,0.0,0.0,0.0,0.0,0,0.0,0.0,0,0,0,0,0,0,0,0,0,0,0,0,0
2,202.386,20,0.0,0.0,0.0,0.0,1.443912196926739e-09,0.999999985245902,5.964683003838581e-10,0.6499999904098364,0.017806182891323616,95.4894,95.6435,3.53531,0,1,0,0,0,0,0,0,0,0,0.0,0.0,0.0,0.0,0.0,0.0,0.0,0.0,0.0,0.1,95.56278,95.4678,3.533601,0.0,5.964683003838581e-10,0.0,0.0,0.0,0.0,0.0,0.0,0.0,0,0.0,0.0,0,0,0,0,0,0,0,0,0,0,0,0,0
2,203.391,20,0.0,0.0,0.0,0.0,1.443912196926739e-09,0.999999985245902,5.964683003838581e-10,0.6999999896721314,0.008903112713585999,95.4545,95.4545,3.52999,0,1,0,0,0,0,0,0,0,0,0.0,0.0,0.0,0.0,0.0,0.0,0.0,0.0,0.0,0.1,95.55505000000001,95.4545,3.533614,0.0,5.964683003838581e-10,0.0,0.0,0.0,0.0,0.0,0.0,0.0,0,0.0,0.0,0,0,0,0,0,0,0,0,0,0,0,0,0
2,204.389,20,0.0,0.0,0.0,0.0,1.443912196926739e-09,0.999999985245902,5.964683003838581e-10,0.7499999889344264,4.253584838234751e-08,95.4545,95.6827,3.54486,1,1,0,0,0,0,0,0,0,0,0.0,0.0,0.0,0.0,0.0,0.0,0.0,0.0,0.0,0.2,95.56728999999999,95.4545,3.535049,0.0,5.964683003838581e-10,0.0,0.0,0.0,0.0,0.0,0.0,0.0,0,0.0,0.0,0,0,0,0,0,0,0,0,0,0,0,0,0
2,205.391,20,0.0,0.0,0.0,0.0,1.443912196926739e-09,0.999999985245902,5.964683003838581e-10,0.7999999881967216,1.443912196926739e-09,95.4545,95.51,3.53389,0,1,0,0,0,0,0,0,0,0,0.0,0.0,0.0,0.0,0.0,0.0,0.0,0.0,0.0,0.2,95.55739000000001,95.4545,3.5351330000000005,0.0,5.964683003838581e-10,0.0,0.0,0.0,0.0,0.0,0.0,0.0,0,0.0,0.0,0,0,0,0,0,0,0,0,0,0,0,0,0
2,206.392,20,0.0,0.0,0.0,0.0,1.443912196926739e-09,0.999999985245902,5.964683003838581e-10,0.8499999874590166,1.443912196926739e-09,95.4545,95.5446,3.5361,0,1,0,0,0,0,0,0,0,0,0.0,0.0,0.0,0.0,0.0,0.0,0.0,0.0,0.0,0.2,95.56507,95.4545,3.535481,0.0,5.964683003838581e-10,0.0,0.0,0.0,0.0,0.0,0.0,0.0,0,0.0,0.0,0,0,0,0,0,0,0,0,0,0,0,0,0
2,207.394,20,0.0,0.0,0.0,0.0,1.443912196926739e-09,0.999999985245902,5.964683003838581e-10,0.8999999867213118,1.443912196926739e-09,95.4545,95.5455,3.5322,0,1,0,0,0,0,0,0,0,0,0.0,0.0,0.0,0.0,0.0,0.0,0.0,0.0,0.0,0.1,95.55134000000001,95.4545,3.534219,0.0,5.964683003838581e-10,0.0,0.0,0.0,0.0,0.0,0.0,0.0,0,0.0,0.0,0,0,0,0,0,0,0,0,0,0,0,0,0
2,208.394,20,0.5000000100003636,0.5000000100003636,0.3049051435279357,0.3049051435279357,0.13635772552355888,0.9953895731528073,0.09641947238488244,0.9497694653789521,0.01363577385187686,82.5412,82.5412,3.98341,0,1,0,0,0,0,0,0,0,0,0.0,0.0,0.0,0.0,0.0,0.0,0.0,0.0,0.0,0.1,94.25652,82.5412,3.579351,0.03049051435279358,0.09641947238488244,0.03049051435279357,0.0,0.0,0.0,0.0,0.0,0.0,0,0.0,0.0,0,0,0,0,0,0,0,0,0,0,0,0,0
2,209.399,20,0.0,-0.4975124477615559,2.0968581348703502e-08,0.3049051225593543,0.1363577231792005,0.9953895731528073,0.09641947164812181,0.9995389440365925,0.027271546025405692,82.5412,82.617,3.991,0,1,0,0,0,0,0,0,0,0,0.0,0.0,0.0,0.0,0.0,0.0,0.0,0.0,0.0,0.1,92.96170000000001,82.5412,3.624671,0.030490516449651717,0.09641947164812181,0.06098102660872899,0.0,0.0,0.0,0.0,0.0,0.0,0,0.0,0.0,0,0,0,0,0,0,0,0,0,0,0,0,0
2,210.396,21,0.0,0.0,2.1136834759726197e-08,1.6825341102269447e-10,0.13635772081603065,0.9999999800000008,0.0964194709054493,0.9995389437742974,0.04090731796261753,82.4392,82.4392,3.98315,0,1,0,0,0,0,0,0,0,0,0.0,0.0,0.0,0.0,0.0,0.0,0.0,0.0,0.0,0.1,91.65316,82.4392,3.669927,0.03049051856333519,0.0964194709054493,0.06098102662555434,0.0,0.0,0.0,0.0,0.0,0.0,0,0.0,0.0,0,0,0,0,0,0,0,0,0,0,0,0,0
2,211.402,21,0.0,0.0,2.094773782847616e-08,1.890969312500352e-10,0.13635771847400224,0.9999999800000008,0.09641947016942094,0.9995389435120025,0.05454308966562653,82.4392,82.6229,3.99908,0,1,0,0,0,0,0,0,0,0,0.0,0.0,0.0,0.0,0.0,0.0,0.0,0.0,0.0,0.1,90.36010999999999,82.4392,3.716899,0.03049052065810897,0.09641947016942094,0.06098102664446403,0.0,0.0,0.0,0.0,0.0,0.0,0,0.0,0.0,0,0,0,0,0,0,0,0,0,0,0,0,0
2,212.395,21,0.0,0.0,2.1221978102162152e-08,2.7424027368599026e-10,0.13635771610131267,0.9999999800000008,0.09641946942375669,0.9995389432497073,0.06817886113136659,82.4392,82.5352,3.99079,0,1,0,0,0,0,0,0,0,0,0.0,0.0,0.0,0.0,0.0,0.0,0.0,0.0,0.0,0.1,89.04928,82.4392,3.7624470000000003,0.030490522780306784,0.09641946942375669,0.06098102667188806,0.0,0.0,0.0,0.0,0.0,0.0,0,0.0,0.0,0,0,0,0,0,0,0,0,0,0,0,0,0
2,213.399,21,0.0,0.0,2.098946638988747e-08,2.3251171227468302e-10,1.202341327903352e-10,0.9999999800000008,0.09641946868626203,0.9995389429874123,0.06817886099899878,82.4392,82.5266,3.98814,0,1,0,0,0,0,0,0,0,0,0.0,0.0,0.0,0.0,0.0,0.0,0.0,0.0,0.0,0.1,87.75649000000001,82.4392,3.808262,0.03049052487925342,0.09641946868626203,0.06098102669513923,0.0,0.0,0.0,0.0,0.0,0.0,0,0.0,0.0,0,0,0,0,0,0,0,0,0,0,0,0,0
2,214.402,21,0.0,0.0,2.1010393076218364e-08,2.0926686330895418e-11,1.1420475040346547e-10,0.9999999800000008,0.09641946794803201,0.9995389427251172,0.06817886086602803,82.4392,82.5463,3.98803,0,1,0,0,0,0,0,0,0,0,0.0,0.0,0.0,0.0,0.0,0.0,0.0,0.0,0.0,0.0,86.44285,82.4392,3.852579,0.030490526980292733,0.09641946794803201,0.0609810266972319,0.0,0.0,0.0,0.0,0.0,0.0,0,0.0,0.0,0,0,0,0,0,0,0,0,0,0,0,0,0
2,215.4,21,0.0,0.0,2.1115655566580177e-08,1.0526249036181318e-10,1.110511762436346e-10,0.9999999800000008,0.09641946720610338,0.999538942462822,0.06817886073274194,82.5266,82.5295,3.98295,0,1,0,0,0,0,0,0,0,0,0.0,0.0,0.0,0.0,0.0,0.0,0.0,0.0,0.0,0.0,85.1448,82.4392,3.8974850000000005,0.030490529091858287,0.09641946720610338,0.060981026707758144,0.0,0.0,0.0,0.0,0.0,0.0,0,0.0,0.0,0,0,0,0,0,0,0,0,0,0,0,0,0
2,216.405,21,0.0,0.0,2.0968581348703502e-08,1.470742178766751e-10,1.0620766762431018e-10,0.9999999800000008,0.09641946646934237,0.9995389422005271,0.06817886059897148,82.5266,82.6051,3.99042,0,1,0,0,0,0,0,0,0,0,0.0,0.0,0.0,0.0,0.0,0.0,0.0,0.0,0.0,0.0,83.85085000000001,82.4392,3.9429170000000004,0.030490531188716426,0.09641946646934237,0.06098102672246557,0.0,0.0,0.0,0.0,0.0,0.0,0,0.0,0.0,0,0,0,0,0,0,0,0,0,0,0,0,0
2,217.406,21,0.0,0.0,2.1052371883563455e-08,8.379053485995231e-11,5.831040092832318e-11,0.9999999800000008,0.0964194657296372,0.999538941938232,0.0681788604604113,82.4585,82.4585,3.98283,0,1,0,0,0,0,0,0,0,0,0.0,0.0,0.0,0.0,0.0,0.0,0.0,0.0,0.0,0.0,82.54214999999999,82.4392,3.9879800000000003,0.030490533293953608,0.0964194657296372,0.06098102673084462,0.0,0.0,0.0,0.0,0.0,0.0,0,0.0,0.0,0,0,0,0,0,0,0,0,0,0,0,0,0
2,218.405,21,0.0,0.0,2.1094518774221237e-08,4.214689065778261e-11,6.016960575208611e-11,0.9999999800000008,8.966590518156536e-11,0.9995389416759369,0.05454308791407238,82.4585,82.5875,3.99751,0,1,0,0,0,0,0,0,0,0,0.0,0.0,0.0,0.0,0.0,0.0,0.0,0.0,0.0,0.0,82.54678000000001,82.4392,3.98939,2.105061191892645e-08,8.966590518156536e-11,0.030490512382265744,0.0,0.0,0.0,0.0,0.0,0.0,0,0.0,0.0,0,0,0,0,0,0,0,0,0,0,0,0,0
2,219.405,21,0.0,0.0,2.1073424255447017e-08,2.109451877421992e-11,5.6746613634818334e-11,0.9999999800000008,8.501761780375453e-11,0.9995389414136419,0.04090731560182699,82.4585,82.5748,3.99363,0,1,0,0,0,0,0,0,0,0,0.0,0.0,0.0,0.0,0.0,0.0,0.0,0.0,0.0,0.0,82.54256000000001,82.4392,3.9896529999999997,2.1061096209600804e-08,8.501761780375453e-11,1.2843976670947416e-10,0.0,0.0,0.0,0.0,0.0,0.0,0,0.0,0.0,0,0,0,0,0,0,0,0,0,0,0,0,0
2,220.412,22,0.0,0.0,2.092693570550846e-08,1.4648854993855654e-10,7.195458289553596e-11,0.9999999800000008,9.000549672078564e-11,0.9995389411513468,0.027271543527419378,82.4585,82.5103,3.98627,0,1,0,0,0,0,0,0,0,0,0.0,0.0,0.0,0.0,0.0,0.0,0.0,0.0,0.0,0.0,82.54966999999999,82.4585,3.989965,2.104010630417903e-08,9.000549672078564e-11,1.2626328060106037e-10,0.0,0.0,0.0,0.0,0.0,0.0,0,0.0,0.0,0,0,0,0,0,0,0,0,0,0,0,0,0
2,221.41,22,0.0,0.0,2.1115655566580177e-08,1.8871986107171665e-10,7.409183981857771e-11,0.9999999800000008,8.64516742057593e-11,0.9995389408890517,0.013635771687428338,82.4585,82.5427,3.98998,0,1,0,0,0,0,0,0,0,0,0.0,0.0,0.0,0.0,0.0,0.0,0.0,0.0,0.0,0.0,82.54165,82.4585,3.9890550000000005,2.105689807798943e-08,8.64516742057593e-11,1.262255735832285e-10,0.0,0.0,0.0,0.0,0.0,0.0,0,0.0,0.0,0,0,0,0,0,0,0,0,0,0,0,0,0
2,222.407,22,0.0,0.0,2.1136834759726197e-08,2.1179193146019367e-11,8.311170145196103e-11,0.9999999800000008,7.124179929129459e-11,0.9995389406267566,8.560824160318966e-11,82.5103,82.6408,3.97355,0,1,0,0,0,0,0,0,0,0,0.0,0.0,0.0,0.0,0.0,0.0,0.0,0.0,0.0,0.0,82.55220999999999,82.4585,3.9873309999999997,2.1048383743745836e-08,7.124179929129459e-11,1.0091946552923142e-10,0.0,0.0,0.0,0.0,0.0,0.0,0,0.0,0.0,0,0,0,0,0,0,0,0,0,0,0,0,0
2,223.411,22,0.0,0.0,2.098946638988747e-08,1.4736836983872796e-10,8.831330095867243e-11,0.9999999800000008,7.124179929129459e-11,0.9995389403644618,8.241615842002338e-11,82.5103,82.7198,3.97893,0,1,0,0,0,0,0,0,0,0,0.0,0.0,0.0,0.0,0.0,0.0,0.0,0.0,0.0,0.0,82.57153000000001,82.4585,3.9864100000000002,2.1048383743745836e-08,7.124179929129459e-11,9.24051312856359e-11,0.0,0.0,0.0,0.0,0.0,0.0,0,0.0,0.0,0,0,0,0,0,0,0,0,0,0,0,0,0
2,224.417,22,0.0,0.0,2.094773782847616e-08,4.1728561411307246e-11,9.69021686327327e-11,0.9999999800000008,7.743978717504627e-11,0.9995389401021667,8.06859002429501e-11,82.5103,82.6128,3.97412,0,1,0,0,0,0,0,0,0,0,0.0,0.0,0.0,0.0,0.0,0.0,0.0,0.0,0.0,0.0,82.57818,82.4585,3.985019,2.1042118218971618e-08,7.743978717504627e-11,9.448531879367708e-11,0.0,0.0,0.0,0.0,0.0,0.0,0,0.0,0.0,0,0,0,0,0,0,0,0,0,0,0,0,0
2,225.414,22,0.0,0.0,2.1136834759726197e-08,1.890969312500352e-10,8.991902914307041e-11,0.9999999800000008,7.992420853304337e-11,0.9995389398398714,7.857268553289369e-11,82.5427,82.6784,3.98503,0,1,0,0,0,0,0,0,0,0,0.0,0.0,0.0,0.0,0.0,0.0,0.0,0.0,0.0,0.0,82.59307,82.4585,3.9852269999999996,2.1044236138286217e-08,7.992420853304337e-11,1.028687628824993e-10,0.0,0.0,0.0,0.0,0.0,0.0,0,0.0,0.0,0,0,0,0,0,0,0,0,0,0,0,0,0
2,226.413,22,0.0,0.0,2.1094518774221237e-08,4.231598550495956e-11,8.742235962790159e-11,0.9999999800000008,7.652856224837993e-11,0.9995389395775766,7.669415473325281e-11,82.6128,82.7332,3.98622,0,1,0,0,0,0,0,0,0,0,0.0,0.0,0.0,0.0,0.0,0.0,0.0,0.0,0.0,0.0,82.60588,82.4585,3.984807,2.105682988083799e-08,7.652856224837993e-11,9.239293964532773e-11,0.0,0.0,0.0,0.0,0.0,0.0,0,0.0,0.0,0,0,0,0,0,0,0,0,0,0,0,0,0
2,227.415,22,0.0,0.0,2.1031361532382254e-08,6.31572418389831e-11,7.663198304054669e-11,0.9999999800000008,7.695179345206357e-11,0.9995389393152815,7.852631294447519e-11,82.6128,82.6173,3.97553,0,1,0,0,0,0,0,0,0,0,0.0,0.0,0.0,0.0,0.0,0.0,0.0,0.0,0.0,0.0,82.62176000000001,82.5103,3.984077,2.1054728845719872e-08,7.695179345206357e-11,9.032961034323082e-11,0.0,0.0,0.0,0.0,0.0,0.0,0,0.0,0.0,0,0,0,0,0,0,0,0,0,0,0,0,0
2,228.42,22,0.0,0.0,2.0968581348703502e-08,6.278018367875181e-11,8.054332687265184e-11,0.0,7.99627226764432e-11,0.9497694606576411,8.056368505653175e-11,82.6128,82.6697,3.98229,0,1,0,0,0,0,0,0,0,0,0.0,0.0,0.0,0.0,0.0,0.0,0.0,0.0,0.0,0.0,82.62998,82.5103,3.982555,2.10421351031681e-08,7.99627226764432e-11,9.239293964532773e-11,0.0,0.0,0.0,0.0,0.0,0.0,0,0.0,0.0,0,0,0,0,0,0,0,0,0,0,0,0,0
2,229.421,22,0.0,0.0,2.1052371883563455e-08,8.379053485995231e-11,6.379165496854881e-11,0.0,7.932198313718896e-11,0.8999999820000009,8.12681891899048e-11,82.6173,82.6409,3.97359,0,1,0,0,0,0,0,0,0,0,0.0,0.0,0.0,0.0,0.0,0.0,0.0,0.0,0.0,0.0,82.63659,82.5103,3.9805509999999997,2.1040029865979742e-08,7.932198313718896e-11,9.866254125390098e-11,0.0,0.0,0.0,0.0,0.0,0.0,0,0.0,0.0,0,0,0,0,0,0,0,0,0,0,0,0,0
2,230.422,23,0.09990009990046335,0.0998002996008625,0.1946604823915113,0.19466046133913942,0.08705480482416202,1.0,0.06155704282101227,0.8999999830000007,0.008705480556488933,82.6173,93.3484,3.87945,0,1,0,0,0,0,0,0,0,0,0.0,0.0,0.0,0.0,0.0,0.0,0.0,0.0,0.0,0.0,83.72040000000001,82.5427,3.969869,0.019466067186487423,0.06155704282101227,0.019466046217927628,0.0,0.0,0.0,0.0,0.0,0.0,0,0.0,0.0,0,0,0,0,0,0,0,0,0,0,0,0,0
2,231.417,23,0.5025125728661497,0.40463565122179534,0.4182976736603013,0.22363719126879,0.18555463583609036,0.9428090258685796,0.13956036386063944,0.8971404352934295,0.027260944132688786,82.6173,122.351,3.87727,1,1,0,0,0,0,0,0,0,0,0.0,0.0,0.0,0.0,0.0,0.0,0.0,0.0,0.0,0.1,87.70123,82.6128,3.958598,0.061295832440952006,0.13956036386063944,0.041829765325934645,0.0,0.0,0.0,0.0,0.0,0.0,0,0.0,0.0,0,0,0,0,0,0,0,0,0,0,0,0,0
2,232.424,23,0.22205245294088494,-0.27851054610254694,0.024133031419963046,0.39416464224033826,0.18184540375049504,0.43777578616966506,0.13858792376682344,0.8690292256019129,0.04544548449942712,82.6409,120.923,3.96391,0,1,0,0,0,0,0,0,0,0,0.0,0.0,0.0,0.0,0.0,0.0,0.0,0.0,0.0,0.1,91.52945,82.6128,3.957634,0.06370913346926484,0.13858792376682344,0.08124622954785055,0.0,0.0,0.0,0.0,0.0,0.0,0,0.0,0.0,0,0,0,0,0,0,0,0,0,0,0,0,0
2,233.436,23,0.5928853837289496,0.3664357023597477,0.028173774227120488,0.0040407428071574415,0.17728953190982888,0.6476187250802978,0.13743040591608735,0.8514101628559277,0.06317443768157868,82.6409,126.218,4.33133,0,1,0,0,0,0,0,0,0,0,0.0,0.0,0.0,0.0,0.0,0.0,0.0,0.0,0.0,0.1,95.87926999999999,82.6128,3.9928740000000005,0.06652650879303024,0.13743040591608735,0.08165030381382946,0.0,0.0,0.0,0.0,0.0,0.0,0,0.0,0.0,0,0,0,0,0,0,0,0,0,0,0,0,0
2,234.423,23,0.0,-0.6006944110728972,0.0,0.028173774227120488,0.1772895358596967,0.6476187250802978,0.13743040704278256,0.8337911001099425,0.08090339125785813,93.3484,125.883,4.30379,0,1,0,0,0,0,0,0,0,0,0.0,0.0,0.0,0.0,0.0,0.0,0.0,0.0,0.0,0.1,100.20629,82.6173,4.025841000000001,0.06652650669825645,0.13743040704278256,0.08446768123236864,0.0,0.0,0.0,0.0,0.0,0.0,0,0.0,0.0,0,0,0,0,0,0,0,0,0,0,0,0,0
2,235.423,23,0.09999999999854481,0.09999999999854481,0.13754891205398237,0.13754891205398237,0.1741398161476184,0.669335340972161,0.1369146084493743,0.8172578681585506,0.09831737286362806,120.923,133.748,4.37837,1,1,0,0,0,0,0,0,0,0,0.0,0.0,0.0,0.0,0.0,0.0,0.0,0.0,0.0,0.2,105.31325,82.6173,4.065175,0.08028139578997122,0.1369146084493743,0.09822257241885719,0.0,0.0,0.0,0.0,0.0,0.0,0,0.0,0.0,0,0,0,0,0,0,0,0,0,0,0,0,0
2,236.424,23,1.0429876680119656,0.9420456223910298,0.3250667719687585,0.18751785991477612,0.13503262580908607,0.7798992046311961,0.15334001147675225,0.8062528293901103,0.11182063543579443,120.923,155.361,5.31991,1,1,0,0,0,0,0,0,0,0,0.0,0.0,0.0,0.0,0.0,0.0,0.0,0.0,0.0,0.3,112.57602999999999,82.6173,4.198544,0.11278807087739517,0.15334001147675225,0.1169743584061032,0.0,0.0,0.0,0.0,0.0,0.0,0,0.0,0.0,0,0,0,0,0,0,0,0,0,0,0,0,0
2,237.427,23,1.3886728128689172,0.3446511912831023,0.01914268436230823,0.3059240876064503,0.13577753436265802,0.20356788138178886,0.15188815408010778,0.7664312244591996,0.12539838886439705,125.883,146.206,4.09292,0,1,0,0,0,0,0,0,0,0,0.0,0.0,0.0,0.0,0.0,0.0,0.0,0.0,0.0,0.3,118.93490000000001,82.6409,4.2102829999999996,0.11470233721048986,0.15188815408010778,0.14756676716043252,0.0,0.0,0.0,0.0,0.0,0.0,0,0.0,0.0,0,0,0,0,0,0,0,0,0,0,0,0,0
2,238.435,23,0.0,-1.3776516000683703,0.0,0.01914268436230823,0.1401216674074829,0.20356788138178886,0.1518881558395494,0.7266096195282892,0.13941055559709098,125.883,146.22,4.09485,0,1,0,0,0,0,0,0,0,0,0.0,0.0,0.0,0.0,0.0,0.0,0.0,0.0,0.0,0.3,125.28992999999998,82.6409,4.221539,0.11470233511363173,0.1518881558395494,0.1494810355903853,0.0,0.0,0.0,0.0,0.0,0.0,0,0.0,0.0,0,0,0,0,0,0,0,0,0,0,0,0,0
2,239.434,23,0.0,0.0,0.0,0.0,0.1401216674074829,0.20356788138178886,0.15188815760602167,0.6867880145973786,0.15342272233146012,133.748,146.141,4.09365,0,1,0,0,0,0,0,0,0,0,0.0,0.0,0.0,0.0,0.0,0.0,0.0,0.0,0.0,0.3,131.63994,93.3484,4.233545,0.11470233300839454,0.15188815760602167,0.14948103558200626,0.0,0.0,0.0,0.0,0.0,0.0,0,0.0,0.0,0,0,0,0,0,0,0,0,0,0,0,0,0
2,240.426,24,0.0,0.0,0.0,0.0,0.14347370720556962,0.20356788138178886,0.1529720965815049,0.6469664096664679,0.1590646125696009,146.141,146.261,4.1076,0,1,0,0,0,0,0,0,0,0,0.0,0.0,0.0,0.0,0.0,0.0,0.0,0.0,0.0,0.3,136.9312,120.923,4.25636,0.09523628476924341,0.1529720965815049,0.1300149894480923,0.0,0.0,0.0,0.0,0.0,0.0,0,0.0,0.0,0,0,0,0,0,0,0,0,0,0,0,0,0
2,241.431,24,0.0,0.0,0.0,0.0,0.008560868701188988,0.20356788138178886,0.10424765148345254,0.6071448047355573,0.14136523585611074,146.141,146.141,4.09214,0,1,0,0,0,0,0,0,0,0,0.0,0.0,0.0,0.0,0.0,0.0,0.0,0.0,0.0,0.2,139.3102,120.923,4.2778469999999995,0.05340651740321327,0.10424765148345254,0.10765127032121331,0.0,0.0,0.0,0.0,0.0,0.0,0,0.0,0.0,0,0,0,0,0,0,0,0,0,0,0,0,0
2,242.429,24,0.0,0.0,0.0,0.0,0.0,0.20356788138178886,0.10527489642587845,0.5673231998046467,0.12318069548106123,146.141,146.196,4.09957,0,1,0,0,0,0,0,0,0,0,0.0,0.0,0.0,0.0,0.0,0.0,0.0,0.0,0.0,0.2,141.8375,125.883,4.291413,0.05099321426121697,0.10527489642587845,0.0682348060971795,0.0,0.0,0.0,0.0,0.0,0.0,0,0.0,0.0,0,0,0,0,0,0,0,0,0,0,0,0,0
2,243.432,24,0.0,0.0,0.0,0.0,0.0,0.20356788138178886,0.10632520306384742,0.5275015948737362,0.10545174229007834,146.141,146.168,4.09184,0,1,0,0,0,0,0,0,0,0,0.0,0.0,0.0,0.0,0.0,0.0,0.0,0.0,0.0,0.2,143.8325,125.883,4.2674639999999995,0.04817583683850492,0.10632520306384742,0.06783073181646375,0.0,0.0,0.0,0.0,0.0,0.0,0,0.0,0.0,0,0,0,0,0,0,0,0,0,0,0,0,0
2,244.436,24,0.0,0.0,0.0,0.0,0.0,0.20356788138178886,0.10632520306384742,0.4876799899428256,0.08772278870410868,146.141,146.195,4.09234,0,1,0,0,0,0,0,0,0,0,0.0,0.0,0.0,0.0,0.0,0.0,0.0,0.0,0.0,0.2,145.8637,133.748,4.246319,0.04817583683850492,0.10632520306384742,0.06501335439375171,0.0,0.0,0.0,0.0,0.0,0.0,0,0.0,0.0,0,0,0,0,0,0,0,0,0,0,0,0,0
2,245.433,24,0.0,0.0,0.0,0.0,0.0,0.20356788138178886,0.10229957837428642,0.447858385011915,0.07030880708934685,146.141,146.25,4.09826,0,1,0,0,0,0,0,0,0,0,0.0,0.0,0.0,0.0,0.0,0.0,0.0,0.0,0.0,0.1,147.1139,146.141,4.218308,0.03442094563310668,0.10229957837428642,0.051258463188353476,0.0,0.0,0.0,0.0,0.0,0.0,0,0.0,0.0,0,0,0,0,0,0,0,0,0,0,0,0,0
2,246.438,24,0.0,0.0,0.0,0.0,0.0,0.20356788138178886,0.006053448311458118,0.4080367800810043,0.05680554450843824,146.121,146.121,4.09091,0,1,0,0,0,0,0,0,0,0,0.0,0.0,0.0,0.0,0.0,0.0,0.0,0.0,0.0,0.0,146.1899,146.121,4.095408000000001,0.001914268436230834,0.006053448311458118,0.03250667719687585,0.0,0.0,0.0,0.0,0.0,0.0,0,0.0,0.0,0,0,0,0,0,0,0,0,0,0,0,0,0
2,247.44,24,0.0,0.0,0.0,0.0,0.0,0.20356788138178886,0.0,0.3682151751500938,0.043227791072172436,146.121,146.27,4.10827,0,1,0,0,0,0,0,0,0,0,0.0,0.0,0.0,0.0,0.0,0.0,0.0,0.0,0.0,0.0,146.1963,146.121,4.096943,0.0,0.0,0.001914268436230823,0.0,0.0,0.0,0.0,0.0,0.0,0,0.0,0.0,0,0,0,0,0,0,0,0,0,0,0,0,0
2,248.437,24,0.0,0.0,0.0,0.0,0.0,0.20356788138178886,0.0,0.37839356921918316,0.02921562433142414,146.121,146.153,4.0942,0,1,0,0,0,0,0,0,0,0,0.0,0.0,0.0,0.0,0.0,0.0,0.0,0.0,0.0,0.0,146.1896,146.121,4.096878,0.0,0.0,0.0,0.0,0.0,0.0,0.0,0.0,0.0,0,0.0,0.0,0,0,0,0,0,0,0,0,0,0,0,0,0
2,249.445,24,0.0,0.0,0.0,0.0,0.0,0.20356788138178886,0.0,0.3885719632882726,0.015203457590675854,146.121,146.192,4.09823,0,1,0,0,0,0,0,0,0,0,0.0,0.0,0.0,0.0,0.0,0.0,0.0,0.0,0.0,0.0,146.1947,146.121,4.097336,0.0,0.0,0.0,0.0,0.0,0.0,0.0,0.0,0.0,0,0.0,0.0,0,0,0,0,0,0,0,0,0,0,0,0,0
2,250.443,25,0.0,0.0,0.0,0.0,0.0,0.1972754775285567,0.0,0.3484357371647005,0.0008560868701188905,146.121,146.178,4.09246,0,1,0,0,0,0,0,0,0,0,0.0,0.0,0.0,0.0,0.0,0.0,0.0,0.0,0.0,0.0,146.1864,146.121,4.095822,0.0,0.0,0.0,0.0,0.0,0.0,0.0,0.0,0.0,0,0.0,0.0,0,0,0,0,0,0,0,0,0,0,0,0,0
2,251.453,25,0.0,0.0,0.0,0.0,0.0,0.0892730588880156,0.0,0.3057589388156723,0.0,146.153,146.18,4.09044,0,1,0,0,0,0,0,0,0,0,0.0,0.0,0.0,0.0,0.0,0.0,0.0,0.0,0.0,0.0,146.1903,146.121,4.095651999999999,0.0,0.0,0.0,0.0,0.0,0.0,0.0,0.0,0.0,0,0.0,0.0,0,0,0,0,0,0,0,0,0,0,0,0,0
2,252.452,25,0.0,0.0,0.0,0.0,0.0,0.1425668476700122,0.0,0.2909984918906896,0.0,146.153,146.253,4.09959,0,1,0,0,0,0,0,0,0,0,0.0,0.0,0.0,0.0,0.0,0.0,0.0,0.0,0.0,0.0,146.196,146.121,4.095654000000001,0.0,0.0,0.0,0.0,0.0,0.0,0.0,0.0,0.0,0,0.0,0.0,0,0,0,0,0,0,0,0,0,0,0,0,0
2,253.455,25,0.0,0.0,0.059254780501137,0.059254780501137,0.026499543438474278,0.11149281187960608,0.018738006863692643,0.26419219623065504,0.0026499543438474197,143.64,143.64,4.08945,0,1,0,0,0,0,0,0,0,0,0.0,0.0,0.0,0.0,0.0,0.0,0.0,0.0,0.0,0.0,145.9432,143.64,4.095415000000001,0.0059254780501137114,0.018738006863692643,0.0059254780501137,0.0,0.0,0.0,0.0,0.0,0.0,0,0.0,0.0,0,0,0,0,0,0,0,0,0,0,0,0,0
2,254.457,25,0.0,0.0,1.2671282585601333,1.2078734780589964,0.5606395364652745,0.11149281187960608,0.39905387495131434,0.23738590057062042,0.05871390799037487,79.4907,79.4907,4.10829,0,1,0,0,0,0,0,0,0,0,0.0,0.0,0.0,0.0,0.0,0.0,0.0,0.0,0.0,0.0,139.27276999999998,79.4907,4.09701,0.13263830390612705,0.39905387495131434,0.12671282585601334,0.0,0.0,0.0,0.0,0.0,0.0,0,0.0,0.0,0,0,0,0,0,0,0,0,0,0,0,0,0
2,255.454,25,0.0,0.0,0.7294558884527961,0.5376723701073373,0.5691959914378998,0.14795832500324893,0.436982541764684,0.21131704977217486,0.11563350713416484,42.6079,42.6079,4.09689,0,1,0,0,0,0,0,0,0,0,0.0,0.0,0.0,0.0,0.0,0.0,0.0,0.0,0.0,0.0,128.90856,42.6079,4.096873,0.20558389275140665,0.436982541764684,0.18048006286674706,0.0,0.0,0.0,0.0,0.0,0.0,0,0.0,0.0,0,0,0,0,0,0,0,0,0,0,0,0,0
2,256.463,25,0.0,0.0,1.864373336449139,1.1349174479963429,0.7974186705566472,0.9999999974226803,0.6733261191083886,0.22232208941174908,0.19537537418982956,42.6079,72.5441,4.09622,0,1,0,0,0,0,0,0,0,0,0.0,0.0,0.0,0.0,0.0,0.0,0.0,0.0,0.0,0.0,121.55086999999999,42.6079,4.097404,0.3920212263963206,0.6733261191083886,0.29397180766638137,0.0,0.0,0.0,0.0,0.0,0.0,0,0.0,0.0,0,0,0,0,0,0,0,0,0,0,0,0,0
2,257.463,25,1.2000000041673942,1.2000000041673942,1.3499683619427916,0.5144049745063475,0.6863987171874568,0.9999999965277778,0.7197262734921318,0.2621436951690485,0.2640152459085753,42.6079,148.359,3.45345,1,1,0,0,0,0,0,0,0,0,0.0,0.0,0.0,0.0,0.0,0.0,0.0,0.0,0.0,0.1,121.75976999999997,42.6079,4.031922,0.5270180625905997,0.7197262734921318,0.3454123051170161,0.0,0.0,0.0,0.0,0.0,0.0,0,0.0,0.0,0,0,0,0,0,0,0,0,0,0,0,0,0
2,258.46,25,1.404212641497376,0.20482711868603987,1.4288607475148165,0.07889238557202494,0.4062980028976625,0.07692307669435447,0.7448684496286389,0.2558114549346768,0.30464504619834154,42.6079,128.862,4.20748,0,1,0,0,0,0,0,0,0,0,0.0,0.0,0.0,0.0,0.0,0.0,0.0,0.0,0.0,0.1,120.03067000000001,42.6079,4.0432500000000005,0.6699041373420813,0.7448684496286389,0.3533015436742186,0.0,0.0,0.0,0.0,0.0,0.0,0,0.0,0.0,0,0,0,0,0,0,0,0,0,0,0,0,0
2,259.461,25,1.1988011988001086,-0.20520623646080652,0.12131166759865174,1.3075490799161649,0.6800784309747511,0.3684210518811466,0.7336492923757653,0.2640541134596447,0.37265288929581664,42.6079,144.506,5.08281,1,1,0,0,0,0,0,0,0,0,0.0,0.0,0.0,0.0,0.0,0.0,0.0,0.0,0.0,0.2,119.86207000000002,42.6079,4.1417079999999995,0.6820353041019466,0.7336492923757653,0.48405645166583505,0.0,0.0,0.0,0.0,0.0,0.0,0,0.0,0.0,0,0,0,0,0,0,0,0,0,0,0,0,0
2,260.46,26,3.7145095942090904,2.518226622031013,0.22397341435476495,0.10266174675611321,0.7790739052887753,0.676406992320149,0.7136606482382616,0.28769606900656264,0.4505602798246941,72.5441,154.402,7.98841,0,1,0,0,0,0,0,0,0,0,0.0,0.0,0.0,0.0,0.0,0.0,0.0,0.0,0.0,0.2,120.68447,42.6079,4.531302999999999,0.704432645537423,0.7136606482382616,0.49432262634144636,0.0,0.0,0.0,0.0,0.0,0.0,0,0.0,0.0,0,0,0,0,0,0,0,0,0,0,0,0,0
2,261.462,26,3.2116142495304745,-0.501891561555505,0.6900974472213026,0.4661240328665377,0.6114594481390608,0.7554926035512087,0.6700050070078643,0.3152923051150337,0.5117062246386002,128.862,159.411,11.1727,0,1,0,1,0,0,0,0,0,0,0.0,0.0,0.0,0.0,0.0,0.0,0.0,0.0,0.0,0.2,122.00756999999999,42.6079,5.239529,0.7734423902595533,0.6700050070078643,0.5409350296281001,0.0,0.0,0.0,0.0,0.0,0.0,0,0.0,0.0,0,0,0,0,0,0,0,0,0,0,0,0,0
2,262.463,26,0.002197802197804174,-3.206210237095575,0.0,0.6900974472213026,0.5848630498119496,0.7553377178291767,0.6700050070078643,0.3428807969374031,0.5701925296197952,128.862,159.404,11.1709,0,1,0,1,0,0,0,0,0,0,0.0,0.0,0.0,0.0,0.0,0.0,0.0,0.0,0.0,0.2,123.32266999999999,42.6079,5.94666,0.7734423902595533,0.6700050070078643,0.6099447743502304,0.0,0.0,0.0,0.0,0.0,0.0,0,0.0,0.0,0,0,0,0,0,0,0,0,0,0,0,0,0
2,263.465,26,1.1191707898263974,1.1147435006273385,0.8574573137331953,0.8574573137331953,0.3740921037623192,0.7769446818023429,0.6212391042432418,0.37154963695843074,0.6049517856521798,144.506,147.596,12.2579,0,1,0,0,0,0,0,0,0,0,0.0,0.0,0.0,0.0,0.0,0.0,0.0,0.0,0.0,0.2,123.71826999999999,42.6079,6.763504999999999,0.8532626435827592,0.6212391042432418,0.6897650276734363,0.0,0.0,0.0,0.0,0.0,0.0,0,0.0,0.0,0,0,0,0,0,0,0,0,0,0,0,0,0
2,264.473,26,2.086195409799769,0.9593498214021542,1.121572035109042,0.2641147213758466,0.45976887843453135,0.7422664887320635,0.6121028184028652,0.3984845673259445,0.5948647198491053,93.9596,93.9596,12.9463,0,1,0,1,0,0,0,0,0,0,0.0,0.0,0.0,0.0,0.0,0.0,0.0,0.0,0.0,0.2,125.16516000000001,42.6079,7.647306,0.83870702123765,0.6121028184028652,0.5953891520051212,0.0,0.0,0.0,0.0,0.0,0.0,0,0.0,0.0,0,0,0,0,0,0,0,0,0,0,0,0,0
2,265.474,26,2.000534461487416,-0.08557537293941353,0.10772292226402551,1.0138491128450164,0.48446277406537375,0.6821284347602973,0.654537622845615,0.42241259499486994,0.5863913981118528,93.9596,96.4695,12.9492,0,1,0,0,0,0,0,0,0,0,0.0,0.0,0.0,0.0,0.0,0.0,0.0,0.0,0.0,0.2,130.55132,72.5441,8.532537,0.776533724618773,0.654537622845615,0.6430068262788893,0.0,0.0,0.0,0.0,0.0,0.0,0,0.0,0.0,0,0,0,0,0,0,0,0,0,0,0,0,0
2,266.473,26,2.0905368516992793,0.09009248269455797,1.5832254659307619,1.4755025436667364,0.6740950713171854,0.6270489232985891,0.606925551851069,0.4435866470907099,0.5740590381879066,18.8432,18.8432,12.7644,0,1,0,0,0,0,0,0,0,0,0.0,0.0,0.0,0.0,0.0,0.0,0.0,0.0,0.0,0.2,125.18123,18.8432,9.399355,0.7484189375669352,0.606925551851069,0.6770653358459287,0.0,0.0,0.0,0.0,0.0,0.0,0,0.0,0.0,0,0,0,0,0,0,0,0,0,0,0,0,0
2,267.472,26,1.0060347955781106,-1.0855876437649337,2.181225433409713,0.5979999674789511,0.7781054976271156,0.5710055492461152,0.7406604816786075,0.4619585304839263,0.5832297162318725,18.8432,113.397,12.6097,0,1,0,0,0,0,0,0,0,0,0.0,0.0,0.0,0.0,0.0,0.0,0.0,0.0,0.0,0.1,121.68503000000001,18.8432,10.31498,0.8315446447136274,0.7406604816786075,0.6854248351431889,0.0,0.0,0.0,0.0,0.0,0.0,0,0.0,0.0,0,0,0,0,0,0,0,0,0,0,0,0,0
2,268.476,26,2.973255076521819,1.9593827499439327,0.04230464102525604,2.138920792384457,0.9304977276627336,0.5349369332936209,0.7461799764426477,0.4785269830795179,0.6356496887083796,18.8432,126.45,14.2274,0,1,0,1,0,0,0,0,0,0,0.0,0.0,0.0,0.0,0.0,0.0,0.0,0.0,0.0,0.1,121.44383,18.8432,11.316972,0.6928890340646713,0.7461799764426477,0.8914276758244319,0.0,0.0,0.0,0.0,0.0,0.0,0,0.0,0.0,0,0,0,0,0,0,0,0,0,0,0,0,0
2,269.476,26,2.0811800594864973,-0.8920750170353218,0.04360778073416821,0.0013031397089121738,1.0181298387874769,0.5252119562190287,0.7531653710885342,0.4946091868213798,0.6694548294896522,18.8432,130.417,15.5152,0,1,0,1,0,0,0,0,0,0,0.0,0.0,0.0,0.0,0.0,0.0,0.0,0.0,0.0,0.0,120.03492999999999,18.8432,12.360211,0.685118645378223,0.7531653710885342,0.7608030818037068,0.0,0.0,0.0,0.0,0.0,0.0,0,0.0,0.0,0,0,0,0,0,0,0,0,0,0,0,0,0
2,270.474,27,2.2067354296116837,0.1258069840933731,1.1334397510133616,1.0898319702791934,0.9467134790122641,0.4837331376080326,0.7461714632987873,0.5089320698253536,0.686218786862001,18.8432,154.539,15.9011,0,1,0,0,0,0,0,0,0,0,0.0,0.0,0.0,0.0,0.0,0.0,0.0,0.0,0.0,0.0,120.04862999999997,18.8432,13.151479999999998,0.7760652790440827,0.7461714632987873,0.8595201041560149,0.0,0.0,0.0,0.0,0.0,0.0,0,0.0,0.0,0,0,0,0,0,0,0,0,0,0,0,0,0
2,271.475,27,2.543875383104147,0.3368031503421212,1.9113593055777864,0.7779195545644249,1.0069857280316805,0.5109481660827746,0.826189424048091,0.5300158251850916,0.725771414851263,42.6447,42.6447,18.1229,0,1,0,1,0,0,0,0,0,0,0.0,0.0,0.0,0.0,0.0,0.0,0.0,0.0,0.0,0.0,108.372,18.8432,13.8465,0.8981914648797311,0.826189424048091,0.8906996563258035,0.0,0.0,0.0,0.0,0.0,0.0,0,0.0,0.0,0,0,0,0,0,0,0,0,0,0,0,0,0
2,272.483,27,0.42100018769167985,-2.1060269795758604,0.037742304959991604,1.8736170006177948,0.8566323586547427,0.49166978892040486,0.8217043994544826,0.5474709722476112,0.7529483457355424,41.4398,41.4398,17.7396,0,1,0,1,0,0,0,0,0,0,0.0,0.0,0.0,0.0,0.0,0.0,0.0,0.0,0.0,0.0,96.57558,18.8432,14.50337,0.9019656953757302,0.8217043994544826,1.0090516116654529,0.0,0.0,0.0,0.0,0.0,0.0,0,0.0,0.0,0,0,0,0,0,0,0,0,0,0,0,0,0
2,273.485,27,1.1295391413675224,0.707124704267308,1.3168310675838033,1.2790887626238117,0.825732344015975,0.4435911628930927,0.8317192994163016,0.5640758897982856,0.7981123697609078,41.4398,117.758,16.7327,0,1,0,0,0,0,0,0,0,0,0.0,0.0,0.0,0.0,0.0,0.0,0.0,0.0,0.0,0.0,93.59178,18.8432,14.950849999999999,0.947903070760791,0.8317192994163016,1.0512147565545145,0.0,0.0,0.0,0.0,0.0,0.0,0,0.0,0.0,0,0,0,0,0,0,0,0,0,0,0,0,0
2,274.48,27,3.767856025891715,2.6515747583157716,1.8152388390407037,0.4984077714569004,0.7490430572050446,0.48691940898317054,0.8755827265608841,0.5828472196534638,0.8270397876379592,41.4398,142.916,20.0958,0,1,0,1,1,0,0,0,0,0,0.0,0.0,0.0,0.0,0.0,0.0,0.0,0.0,0.0,0.0,98.48742,18.8432,15.6658,1.017269751153957,0.8755827265608841,1.0746440615626196,0.0,0.0,0.0,0.0,0.0,0.0,0,0.0,0.0,0,0,0,0,0,0,0,0,0,0,0,0,0
2,275.481,27,1.139096357396703,-2.626133534960052,0.02403448780875135,1.7912043512319524,0.9316392764750735,0.497200300498146,0.8855849591258036,0.6003093184282087,0.8717574378789292,41.4398,146.189,21.0776,0,1,0,1,1,0,0,0,0,0,0.0,0.0,0.0,0.0,0.0,0.0,0.0,0.0,0.0,0.0,103.45936999999999,18.8432,16.47864,1.0089009077084297,0.8855849591258036,1.1523795854013135,0.0,0.0,0.0,0.0,0.0,0.0,0,0.0,0.0,0,0,0,0,0,0,0,0,0,0,0,0,0
2,276.489,27,3.3569455893150186,2.200247253887218,0.026167842796447162,0.002133354987695811,0.8599599216122888,0.5246134631760538,0.9099340154945678,0.5765399917158772,0.8903439229084397,41.4398,149.279,23.9716,0,1,0,0,0,0,0,0,0,0,0.0,0.0,0.0,0.0,0.0,0.0,0.0,0.0,0.0,0.0,116.50294999999998,41.4398,17.59936,0.8531951453949983,0.9099340154945678,1.0050426665334093,0.0,0.0,0.0,0.0,0.0,0.0,0,0.0,0.0,0,0,0,0,0,0,0,0,0,0,0,0,0
2,277.481,27,4.4195940452077,1.071218201504719,0.34496140388749263,0.31879356109104545,0.8156472053349476,0.6087674514079167,0.7894632314636436,0.5569783644598842,0.8940980936792228,117.758,132.803,28.0743,0,1,0,1,1,0,0,0,0,0,0.0,0.0,0.0,0.0,0.0,0.0,0.0,0.0,0.0,0.0,118.44355,41.4398,19.14582,0.6695687424427762,0.7894632314636436,0.9771220258946188,0.0,0.0,0.0,0.0,0.0,0.0,0,0.0,0.0,0,0,0,0,0,0,0,0,0,0,0,0,0
2,278.482,27,0.9840792131715277,-3.4320827492868853,0.059609229037403885,0.28535217485008874,0.7727087693560567,0.6083021424730402,0.7879530551926675,0.5835473177488185,0.878319197848555,132.803,136.022,29.0217,0,1,0,1,1,0,0,0,0,0,0.0,0.0,0.0,0.0,0.0,0.0,0.0,0.0,0.0,0.0,119.40074999999999,41.4398,20.62525,0.671299201243991,0.7879530551926675,0.791765164141182,0.0,0.0,0.0,0.0,0.0,0.0,0,0.0,0.0,0,0,0,0,0,0,0,0,0,0,0,0,0
2,279.484,27,3.491812751823473,2.5027280824869713,0.29413506443958964,0.23452583540218574,0.15664995389458553,0.6219937968838316,0.7695460443526154,0.5962259549989527,0.7921712093592659,132.803,155.846,32.1362,0,1,0,0,0,0,0,0,0,0,0.0,0.0,0.0,0.0,0.0,0.0,0.0,0.0,0.0,0.0,121.94365,41.4398,22.287350000000004,0.6963519296145331,0.7695460443526154,0.8150874337105094,0.0,0.0,0.0,0.0,0.0,0.0,0,0.0,0.0,0,0,0,0,0,0,0,0,0,0,0,0,0
2,280.486,28,2.761024940502298,-0.7293291530151447,2.713059480542104,2.4189244161025147,1.140895139405819,0.6433850560379394,0.9975722620871066,0.5945748581848422,0.8115893753986214,47.4763,47.4763,34.865,0,1,0,0,0,0,0,0,0,0,0.0,0.0,0.0,0.0,0.0,0.0,0.0,0.0,0.0,0.0,111.23738,41.4398,24.18374,0.8543139025674072,0.9975722620871066,0.9479966782928415,0.0,0.0,0.0,0.0,0.0,0.0,0,0.0,0.0,0,0,0,0,0,0,0,0,0,0,0,0,0
2,281.497,28,1.4969179385375375,-1.2503531176703866,0.020539644310830045,2.6925198362312743,1.1417133407641957,0.5755100981938807,0.9531624784737993,0.5855757329169758,0.8250621366718729,47.4763,48.1394,33.9182,0,1,0,0,0,0,0,0,0,0,0.0,0.0,0.0,0.0,0.0,0.0,0.0,0.0,0.0,0.0,111.78685,41.4398,25.76327,0.6652319364407118,0.9531624784737993,1.1394567064595265,0.0,0.0,0.0,0.0,0.0,0.0,0,0.0,0.0,0,0,0,0,0,0,0,0,0,0,0,0,0
2,282.488,28,0.9137920664132192,-0.5884216671284745,0.24265769801420625,0.2221180537033762,1.1502481894902117,0.5516954166074131,0.9402892646454729,0.5753936178558877,0.8544237197554198,47.4763,63.3191,33.5012,0,1,0,0,0,0,0,0,0,0,0.0,0.0,0.0,0.0,0.0,0.0,0.0,0.0,0.0,0.0,113.97477999999998,47.4763,27.33943,0.6857234757461332,0.9402892646454729,0.9743068117680845,0.0,0.0,0.0,0.0,0.0,0.0,0,0.0,0.0,0,0,0,0,0,0,0,0,0,0,0,0,0
2,283.49,28,1.3012475729224966,0.3866821422248278,0.7854568991990466,0.5427992011848404,1.0992579862327072,0.5275347756314875,0.9153450608294336,0.562923122547345,0.8817762839770931,20.8413,20.8413,33.6249,0,1,0,0,0,0,0,0,0,0,0.0,0.0,0.0,0.0,0.0,0.0,0.0,0.0,0.0,0.0,104.28311,20.8413,29.028650000000006,0.6325860589076575,0.9153450608294336,0.9006778556241875,0.0,0.0,0.0,0.0,0.0,0.0,0,0.0,0.0,0,0,0,0,0,0,0,0,0,0,0,0,0
2,284.495,28,2.9685167042607215,1.6589742600380348,0.1369098302847777,0.6485470689142689,1.1198024493065972,0.5304800140228411,0.8236812842737553,0.5523337988118838,0.9188522231872482,17.9951,17.9951,34.438,0,1,0,0,0,0,0,0,0,0,0.0,0.0,0.0,0.0,0.0,0.0,0.0,0.0,0.0,0.0,91.79102,17.9951,30.46287,0.4647531580320649,0.8236812842737553,0.9156917853699242,0.0,0.0,0.0,0.0,0.0,0.0,0,0.0,0.0,0,0,0,0,0,0,0,0,0,0,0,0,0
2,285.493,28,2.1446356006548664,-0.8255321679417386,0.9425111957229015,0.8056013654381238,0.4115756196402101,0.5100030413222503,0.8202789208936784,0.5437275291399815,0.8668458575037619,17.9951,35.0198,32.5942,0,1,0,0,0,0,0,0,0,0,0.0,0.0,0.0,0.0,0.0,0.0,0.0,0.0,0.0,0.0,80.6741,17.9951,31.614530000000002,0.5566008288234799,0.8202789208936784,0.8171314867905414,0.0,0.0,0.0,0.0,0.0,0.0,0,0.0,0.0,0,0,0,0,0,0,0,0,0,0,0,0,0
2,286.493,28,0.4472229980661464,-1.69741260258872,0.19155887132276925,0.7509523244001323,0.37497488476255786,0.5611754651650466,0.8099985343883294,0.5404338562333044,0.8183473538187889,17.9951,45.331,32.2706,0,1,0,0,0,0,0,0,0,0,0.0,0.0,0.0,0.0,0.0,0.0,0.0,0.0,0.0,0.0,70.27929999999999,17.9951,32.44443,0.5731399316761121,0.8099985343883294,0.8920133837317851,0.0,0.0,0.0,0.0,0.0,0.0,0,0.0,0.0,0,0,0,0,0,0,0,0,0,0,0,0,0
2,287.493,28,2.9699605451929925,2.5227375471268463,0.36631550107285626,0.17475662975008702,0.36088443600140724,0.5148125333605917,0.8093580402739702,0.5376242054390281,0.7728710768854348,17.9951,71.1195,31.1599,0,1,0,0,0,0,0,0,0,0,0.0,0.0,0.0,0.0,0.0,0.0,0.0,0.0,0.0,0.0,64.11095,17.9951,32.75299,0.5752753413946485,0.8093580402739702,0.8776096905976892,0.0,0.0,0.0,0.0,0.0,0.0,0,0.0,0.0,0,0,0,0,0,0,0,0,0,0,0,0,0
2,288.502,28,6.47858132760284,3.4773248586817127,0.00038132653140046825,0.36593417454145577,0.3679526591600063,0.4669637663760416,0.8137556779561949,0.5342255470931492,0.7323954658658297,17.9951,83.0586,31.3341,0,1,0,0,0,0,0,0,0,0,0.0,0.0,0.0,0.0,0.0,0.0,0.0,0.0,0.0,0.0,58.81461,17.9951,32.98423,0.5693525511440483,0.8137556779561949,0.8856678905668259,0.0,0.0,0.0,0.0,0.0,0.0,0,0.0,0.0,0,0,0,0,0,0,0,0,0,0,0,0,0
2,289.494,28,6.106907501449507,-0.37467119571908547,0.7244151270027904,0.72403380047139,0.3852595285371988,0.4109571868838627,0.8089479021045112,0.5285128086263909,0.7552564233300911,35.0198,53.1806,29.5217,0,1,0,0,0,0,0,0,0,0,0.0,0.0,0.0,0.0,0.0,0.0,0.0,0.0,0.0,0.0,48.54807,17.9951,32.72278,0.6123805574003682,0.8089479021045112,0.9346186870737464,0.0,0.0,0.0,0.0,0.0,0.0,0,0.0,0.0,0,0,0,0,0,0,0,0,0,0,0,0,0
2,290.505,29,6.665339532190669,0.5523561134927414,0.13280822628821057,0.5916069007145799,0.2795447659433601,0.3441744194869049,0.3400879631314607,0.5215348727203345,0.6691213859838452,45.331,57.4832,26.198,0,1,0,0,0,0,0,0,0,0,0.0,0.0,0.0,0.0,0.0,0.0,0.0,0.0,0.0,0.0,49.54876,17.9951,31.856080000000002,0.35435543197497893,0.3400879631314607,0.7518869355349528,0.0,0.0,0.0,0.0,0.0,0.0,0,0.0,0.0,0,0,0,0,0,0,0,0,0,0,0,0,0
2,291.501,29,7.000695634657889,0.33670291412371534,0.039961568519172264,0.0928466577690383,0.299466193665664,0.35423242590327214,0.3380189350667584,0.5136990857113595,0.584896671273992,53.1806,70.5232,24.4346,0,1,0,0,0,0,0,0,0,0,0.0,0.0,0.0,0.0,0.0,0.0,0.0,0.0,0.0,0.0,51.78714,17.9951,30.90772,0.35629762439581314,0.3380189350667584,0.49191961768872927,0.0,0.0,0.0,0.0,0.0,0.0,0,0.0,0.0,0,0,0,0,0,0,0,0,0,0,0,0,0
2,292.506,29,6.468569213788483,-0.5294790257407024,0.0005359627600719153,0.03942560575910035,0.30931179435468875,0.38320408720278576,0.3552934996006898,0.5082758006254785,0.5008030317604397,53.1806,85.892,23.7872,0,1,0,0,0,0,0,0,0,0,0.0,0.0,0.0,0.0,0.0,0.0,0.0,0.0,0.0,0.0,54.04443,17.9951,29.936320000000002,0.33208545087039976,0.3552934996006898,0.4736503728943016,0.0,0.0,0.0,0.0,0.0,0.0,0,0.0,0.0,0,0,0,0,0,0,0,0,0,0,0,0,0
2,293.507,29,4.600648252730029,-1.866054906152302,0.38995120730059923,0.38941524454052734,0.30185036700883205,0.40891927083971685,0.3194198800780643,0.5065422060228096,0.4210622698380522,53.1806,74.6851,24.0722,0,1,0,0,0,0,0,0,0,0,0.0,0.0,0.0,0.0,0.0,0.0,0.0,0.0,0.0,0.0,59.42881,17.9951,28.98105,0.29253488168055497,0.3194198800780643,0.4583119772298704,0.0,0.0,0.0,0.0,0.0,0.0,0,0.0,0.0,0,0,0,0,0,0,0,0,0,0,0,0,0
2,294.502,29,3.282018618312842,-1.325255913987123,0.2781453900591881,0.11180581724141114,0.1636081115771469,0.46561296937159363,0.3148641136558346,0.5054768840422308,0.3254428360651072,57.4832,64.4207,26.242,0,1,0,0,0,0,0,0,0,0,0.0,0.0,0.0,0.0,0.0,0.0,0.0,0.0,0.0,0.0,64.07137,35.0198,28.161450000000002,0.30665843765799605,0.3148641136558346,0.4046378520625846,0.0,0.0,0.0,0.0,0.0,0.0,0,0.0,0.0,0,0,0,0,0,0,0,0,0,0,0,0,0
2,295.503,29,2.894242833660029,-0.3873883962565564,0.4321140176608081,0.15396862760162,0.19843356920702948,0.49423648154158,0.23037036250645238,0.5053286930944025,0.30412863102178916,44.666,44.666,27.8645,0,1,0,0,0,0,0,0,0,0,0.0,0.0,0.0,0.0,0.0,0.0,0.0,0.0,0.0,0.0,65.03599,44.666,27.68848,0.25561871985178664,0.23037036250645238,0.33947457827893424,0.0,0.0,0.0,0.0,0.0,0.0,0,0.0,0.0,0,0,0,0,0,0,0,0,0,0,0,0,0
2,296.501,29,3.2962247998782876,0.40278754130086014,0.9719733081564516,0.5398592904956434,0.35413563088814387,0.5340210410526373,0.3207266225934707,0.5057990719882317,0.30204470563434777,44.666,106.859,28.291,0,1,0,0,0,0,0,0,0,0,0.0,0.0,0.0,0.0,0.0,0.0,0.0,0.0,0.0,0.0,71.18879000000001,44.666,27.290519999999997,0.3336601635351549,0.3207266225934707,0.3183652748884853,0.0,0.0,0.0,0.0,0.0,0.0,0,0.0,0.0,0,0,0,0,0,0,0,0,0,0,0,0,0
2,297.506,29,2.874948777284854,-0.419180121983516,1.2943774069590288,0.32240409880257725,0.43861921750146626,0.6132780912102008,0.44241401657880125,0.5060246039783458,0.30981818378435366,44.666,175.084,30.8767,0,1,0,0,0,0,0,0,0,0,0.0,0.0,0.0,0.0,0.0,0.0,0.0,0.0,0.0,0.0,81.58524,44.666,27.2622,0.4264663541237722,0.44241401657880125,0.33313002179373435,0.0,0.0,0.0,0.0,0.0,0.0,0,0.0,0.0,0,0,0,0,0,0,0,0,0,0,0,0,0
2,298.508,29,3.4162707056447292,0.5402414454689373,0.1591241548094184,1.1352532521496104,0.48553758101950706,0.6421118194617934,0.42804139608108044,0.5077150878277836,0.3215766759703037,44.666,166.128,34.2154,0,1,0,0,0,0,0,0,0,0,0.0,0.0,0.0,0.0,0.0,0.0,0.0,0.0,0.0,0.0,89.89218,44.666,27.550329999999995,0.442340636951574,0.42804139608108044,0.41006192955454984,0.0,0.0,0.0,0.0,0.0,0.0,0,0.0,0.0,0,0,0,0,0,0,0,0,0,0,0,0,0
2,299.511,29,3.3882830084526194,-0.027903985236400607,0.34022807647637715,0.18110392166695874,0.4750622278216604,0.6973185663512016,0.417009981085091,0.5114813263011521,0.3305569458987499,44.666,145.442,37.4599,0,1,0,0,0,0,0,0,0,0,0.0,0.0,0.0,0.0,0.0,0.0,0.0,0.0,0.0,0.0,99.11832000000001,44.666,28.344150000000003,0.40392193189893266,0.417009981085091,0.35576894167410666,0.0,0.0,0.0,0.0,0.0,0.0,0,0.0,0.0,0,0,0,0,0,0,0,0,0,0,0,0,0
2,300.505,30,3.300097782069981,-0.08871753157207102,1.1478802401822785,0.8076521637059013,0.5038906126879693,0.7558153761506055,0.4645200776280393,0.5171028423067854,0.3529915305732108,106.859,150.489,40.6152,0,1,0,0,0,0,0,0,0,0,0.0,0.0,0.0,0.0,0.0,0.0,0.0,0.0,0.0,0.0,108.41890000000001,44.666,29.78587,0.5054291332883395,0.4645200776280393,0.3773734679732389,0.0,0.0,0.0,0.0,0.0,0.0,0,0.0,0.0,0,0,0,0,0,0,0,0,0,0,0,0,0
2,301.514,30,5.83381547534222,2.511117634561189,0.34492389859018674,0.8029563415920917,0.5226923570411846,0.7919224800101409,0.4399257256645305,0.5279234613975984,0.37531414691076287,135.874,135.874,45.0108,0,1,0,0,0,0,0,0,0,0,0.0,0.0,0.0,0.0,0.0,0.0,0.0,0.0,0.0,0.0,114.95398,44.666,31.843489999999996,0.5359253662954409,0.4399257256645305,0.44838443635554415,0.0,0.0,0.0,0.0,0.0,0.0,0,0.0,0.0,0,0,0,0,0,0,0,0,0,0,0,0,0
2,302.516,30,6.713494067593626,0.8779227467578896,0.016447297171055218,0.32847660141913154,0.43904725186163757,0.8215376285699963,0.43779778827167604,0.5414155719957275,0.38828769266145774,135.874,139.691,50.4012,0,1,0,0,0,0,0,0,0,0,0.0,0.0,0.0,0.0,0.0,0.0,0.0,0.0,0.0,0.0,120.33388,44.666,34.50489,0.5375164997365391,0.43779778827167604,0.47728953592154727,0.0,0.0,0.0,0.0,0.0,0.0,0,0.0,0.0,0,0,0,0,0,0,0,0,0,0,0,0,0
2,303.517,30,4.712550479075938,-1.9989446438738139,2.7078309145185777,2.6913836173475225,1.0875614689929842,0.854196018658361,0.808031534072901,0.5577486341470712,0.4668588028598729,12.4117,12.4117,54.1493,0,1,0,0,0,0,0,0,0,0,0.0,0.0,0.0,0.0,0.0,0.0,0.0,0.0,0.0,0.0,114.10654,12.4117,37.5126,0.7693044704583369,0.808031534072901,0.7074863732022468,0.0,0.0,0.0,0.0,0.0,0.0,0,0.0,0.0,0,0,0,0,0,0,0,0,0,0,0,0,0
2,304.511,30,2.941873530957412,-1.7813651389522398,1.9035849266991514,0.8042459878194264,1.1068358399555056,0.9171703520576674,0.8600635753587542,0.5770831510488126,0.5611815756977089,12.4117,119.027,56.4785,0,1,0,0,0,0,0,0,0,0,0.0,0.0,0.0,0.0,0.0,0.0,0.0,0.0,0.0,0.0,119.56717,12.4117,40.53625,0.9318484241223335,0.8600635753587542,0.7767303902600483,0.0,0.0,0.0,0.0,0.0,0.0,0,0.0,0.0,0,0,0,0,0,0,0,0,0,0,0,0,0
2,305.512,30,4.74788292117095,1.8042051850285097,1.698603385499021,0.20498154120013035,1.1246099625630361,0.9301725419989919,0.871471510647973,0.5980916260826497,0.6537992150333095,12.4117,146.91,59.7586,0,1,0,0,0,0,0,0,0,0,0.0,0.0,0.0,0.0,0.0,0.0,0.0,0.0,0.0,0.0,129.79157,12.4117,43.72566,1.0584973609061545,0.871471510647973,0.7818316816198994,0.0,0.0,0.0,0.0,0.0,0.0,0,0.0,0.0,0,0,0,0,0,0,0,0,0,0,0,0,0
2,306.514,30,6.169759231959404,1.4190382343198142,0.8201220349559485,0.8784813505430725,1.0367451899976068,0.9378050518120388,0.8744645249293937,0.6169231054149992,0.7220601709442558,12.4117,164.893,65.8206,0,1,0,0,0,0,0,0,0,0,0.0,0.0,0.0,0.0,0.0,0.0,0.0,0.0,0.0,0.0,135.59497,12.4117,47.47862,1.0433122335861043,0.8744645249293937,0.8156938876246423,0.0,0.0,0.0,0.0,0.0,0.0,0,0.0,0.0,0,0,0,0,0,0,0,0,0,0,0,0,0
2,307.518,30,6.282243380319714,0.11203600434293831,0.00677670541830333,0.8133453295376452,1.040043720014549,0.9377808331669661,0.9266291641963131,0.6380715204053179,0.7822026211955639,12.4117,165.051,72.1145,0,1,0,0,0,0,0,0,0,0,0.0,0.0,0.0,0.0,0.0,0.0,0.0,0.0,0.0,0.0,134.59167,12.4117,51.6024,0.9145521634320317,0.9266291641963131,0.8647880106981491,0.0,0.0,0.0,0.0,0.0,0.0,0,0.0,0.0,0,0,0,0,0,0,0,0,0,0,0,0,0
2,308.551,30,3.007211966087706,-3.1704079518218857,0.581325137325499,0.5745484319071956,0.7903524471861477,0.9527716354163102,0.8975471438688979,0.6623619138573315,0.8126841078122281,119.027,129.124,74.567,0,1,0,0,0,0,0,0,0,0,0.0,0.0,0.0,0.0,0.0,0.0,0.0,0.0,0.0,0.0,130.89127,12.4117,55.63755999999999,0.9567722616836398,0.8975471438688979,0.8087175286739077,0.0,0.0,0.0,0.0,0.0,0.0,0,0.0,0.0,0,0,0,0,0,0,0,0,0,0,0,0,0
2,309.517,30,2.1541128483448273,-0.88312538068621,1.5889071842978622,1.007582046972363,0.7089569966690351,0.9518859001780489,0.8890610375152703,0.6894083495220407,0.8360735846969656,41.2502,41.2502,76.6108,0,1,0,0,0,0,0,0,0,0,0.0,0.0,0.0,0.0,0.0,0.0,0.0,0.0,0.0,0.0,120.47209000000001,12.4117,59.55265000000001,1.0816401724657883,0.8890610375152703,0.891365341204448,0.0,0.0,0.0,0.0,0.0,0.0,0,0.0,0.0,0,0,0,0,0,0,0,0,0,0,0,0,0
2,310.515,31,0.20040102705471044,-1.9576270754409988,0.5187180361537169,1.0701891481441452,0.5770702852325151,0.9490212811615094,0.9059540602119595,0.7196506926057709,0.8433915519514201,11.565,11.565,76.7287,0,1,0,0,0,0,0,0,0,0,0.0,0.0,0.0,0.0,0.0,0.0,0.0,0.0,0.0,0.0,106.57968999999999,11.565,63.164,1.018723952062932,0.9059540602119595,0.9176190396482724,0.0,0.0,0.0,0.0,0.0,0.0,0,0.0,0.0,0,0,0,0,0,0,0,0,0,0,0,0,0
2,311.519,31,0.0,-0.199602616588357,1.2637223244427103,0.7450042882889933,0.6311151842193148,0.9451056990086805,0.8761261621862441,0.7491943562610412,0.8542338346692333,11.565,61.1951,76.7221,0,1,0,0,0,0,0,0,0,0,0.0,0.0,0.0,0.0,0.0,0.0,0.0,0.0,0.0,0.0,99.1118,11.565,66.33512999999999,1.1106037946481844,0.8761261621862441,0.9118238343179627,0.0,0.0,0.0,0.0,0.0,0.0,0,0.0,0.0,0,0,0,0,0,0,0,0,0,0,0,0,0
2,312.521,31,0.0,0.0,2.1031361532382254e-08,1.2637223034113487,0.6332264938630912,0.9434534274505382,0.878420850688327,0.7772068232734289,0.8736517588693786,11.565,61.1957,76.7216,0,1,0,0,0,0,0,0,0,0,0.0,0.0,0.0,0.0,0.0,0.0,0.0,0.0,0.0,0.0,91.26227,11.565,68.96716999999998,1.108959067034215,0.878420850688327,1.0053484045171843,0.0,0.0,0.0,0.0,0.0,0.0,0,0.0,0.0,0,0,0,0,0,0,0,0,0,0,0,0,0
2,313.52,31,0.0,0.0,1.3353815904525337,1.3353815694211721,0.6601652589425722,0.943936862918894,0.6872750523331789,0.8039577028773877,0.8309121378643374,11.565,137.616,76.7269,0,1,0,0,0,0,0,0,0,0,0.0,0.0,0.0,0.0,0.0,0.0,0.0,0.0,0.0,0.0,103.7827,11.565,71.22493,0.9717141346276108,0.6872750523331789,0.8697481997245493,0.0,0.0,0.0,0.0,0.0,0.0,0,0.0,0.0,0,0,0,0,0,0,0,0,0,0,0,0,0
2,314.521,31,0.0,0.0,0.0,1.3353815904525337,0.6529057620606946,0.9416246983991224,0.6637104963795577,0.8277582893287642,0.7855191300748562,11.565,137.612,76.7245,0,1,0,0,0,0,0,0,0,0,0.0,0.0,0.0,0.0,0.0,0.0,0.0,0.0,0.0,0.0,105.6412,11.565,73.24953,0.7813556419576957,0.6637104963795577,0.92286175998786,0.0,0.0,0.0,0.0,0.0,0.0,0,0.0,0.0,0,0,0,0,0,0,0,0,0,0,0,0,0
2,315.535,31,3.389176621773405,3.34238325618679,0.2922082511548496,0.2922082511548496,0.6696429150719525,0.9416312387696363,0.5929897531948192,0.850128027190167,0.7400224253257479,61.1951,155.664,79.8741,0,1,0,0,0,0,0,0,0,0,0.0,0.0,0.0,0.0,0.0,0.0,0.0,0.0,0.0,0.0,106.5166,11.565,75.26107999999999,0.6407161285232785,0.5929897531948192,0.9315844309833319,0.0,0.0,0.0,0.0,0.0,0.0,0,0.0,0.0,0,0,0,0,0,0,0,0,0,0,0,0,0
2,316.574,31,6.211679969704235,2.7165576014733688,0.08295213868073022,0.2092561124741194,0.5679612495185327,0.9545403516588769,0.6136687371005434,0.8711539927204791,0.6931440312778404,61.1957,162.126,85.94,0,1,0,0,0,0,0,0,0,0,0.0,0.0,0.0,0.0,0.0,0.0,0.0,0.0,0.0,0.0,106.23989999999999,11.565,77.27302,0.5669991388957567,0.6136687371005434,0.8646619071764367,0.0,0.0,0.0,0.0,0.0,0.0,0,0.0,0.0,0,0,0,0,0,0,0,0,0,0,0,0,0
2,317.529,31,6.154783214796665,-0.059577753829916535,0.5697442902877186,0.48679215160698835,0.5385578364099688,0.9545965186948022,0.5815466906615473,0.888219914094709,0.6429954429173825,132.668,132.668,91.1117,0,1,0,0,0,0,0,0,0,0,0.0,0.0,0.0,0.0,0.0,0.0,0.0,0.0,0.0,0.0,103.00160000000001,11.565,79.17274,0.6232958973826982,0.5815466906615473,0.8320065893833709,0.0,0.0,0.0,0.0,0.0,0.0,0,0.0,0.0,0,0,0,0,0,0,0,0,0,0,0,0,0
2,318.533,31,4.058130653393022,-2.088299363947852,0.36575303396725845,0.2039912563204601,0.2275334199768099,0.9537052618458395,0.5872429583700044,0.9037995862139114,0.5867135401964487,113.53,113.53,93.7547,0,1,0,0,0,0,0,0,0,0,0.0,0.0,0.0,0.0,0.0,0.0,0.0,0.0,0.0,0.0,101.4422,11.565,81.09151,0.6017386870468742,0.5872429583700044,0.7949508718246974,0.0,0.0,0.0,0.0,0.0,0.0,0,0.0,0.0,0,0,0,0,0,0,0,0,0,0,0,0,0
2,319.527,31,6.057854934968016,2.011795051886312,0.8968389545906646,0.5310859206234062,0.308367621334475,0.9104369429487351,0.49084680930895447,0.914455505043788,0.5466546026629927,66.1214,66.1214,94.315,0,1,0,0,0,0,0,0,0,0,0.0,0.0,0.0,0.0,0.0,0.0,0.0,0.0,0.0,0.0,103.92932,11.565,82.86193,0.5325318640761544,0.49084680930895447,0.7473012591898016,0.0,0.0,0.0,0.0,0.0,0.0,0,0.0,0.0,0,0,0,0,0,0,0,0,0,0,0,0,0
2,320.53,32,5.885781525270937,-0.17155873349658932,0.5170573729381169,0.3797815816525477,0.2973516958024177,0.8345407192976106,0.4908522830674677,0.9183917722011383,0.5186827437199829,66.1214,99.1235,91.8494,0,1,0,0,0,0,0,0,0,0,0.0,0.0,0.0,0.0,0.0,0.0,0.0,0.0,0.0,0.0,112.68517,61.1951,84.374,0.5323657977545944,0.4908522830674677,0.678260502540642,0.0,0.0,0.0,0.0,0.0,0.0,0,0.0,0.0,0,0,0,0,0,0,0,0,0,0,0,0,0
2,321.533,32,4.3195138288802095,-1.5615829475480831,0.670841807213012,0.15378443427489508,0.19730468842705207,0.7951542254443894,0.4239452505831484,0.9185533594728508,0.4753016941407567,66.1214,140.41,91.8293,0,1,0,0,0,0,0,0,0,0,0.0,0.0,0.0,0.0,0.0,0.0,0.0,0.0,0.0,0.0,120.60666,61.1957,85.88472,0.47307774603162456,0.4239452505831484,0.6191385171392321,0.0,0.0,0.0,0.0,0.0,0.0,0,0.0,0.0,0,0,0,0,0,0,0,0,0,0,0,0,0
2,322.534,32,1.0304582716712911,-3.285769787421497,0.08589954802704573,0.5849422591859663,0.3066739344581857,0.781187832144367,0.414049477675866,0.9165358696515693,0.44264643820026617,66.1214,145.757,92.5615,0,1,0,0,0,0,0,0,0,0,0.0,0.0,0.0,0.0,0.0,0.0,0.0,0.0,0.0,0.0,129.06279,66.1214,87.46871000000002,0.48166769873119303,0.414049477675866,0.5512605127166939,0.0,0.0,0.0,0.0,0.0,0.0,0,0.0,0.0,0,0,0,0,0,0,0,0,0,0,0,0,0
2,323.537,32,1.9974972735636998,0.9641465622057914,0.14810271896329352,0.06220317093624779,0.3448546452044515,0.7734785278303001,0.2952226663636943,0.9124999951101662,0.41111537682645405,66.1214,154.677,94.4116,0,1,0,0,0,0,0,0,0,0,0.0,0.0,0.0,0.0,0.0,0.0,0.0,0.0,0.0,0.0,130.76889,66.1214,89.23718,0.36293981158226896,0.2952226663636943,0.4239426728682014,0.0,0.0,0.0,0.0,0.0,0.0,0,0.0,0.0,0,0,0,0,0,0,0,0,0,0,0,0,0
2,324.535,32,1.8063884256764435,-0.19149183155035696,0.11333253451332628,0.03477018444996724,0.26839606583542824,0.7706964240695301,0.2816029245844187,0.9051762987107594,0.3726644072039274,99.1235,161.771,95.8399,0,1,0,0,0,0,0,0,0,0,0.0,0.0,0.0,0.0,0.0,0.0,0.0,0.0,0.0,0.0,133.18479,66.1214,91.14872,0.3742730650336016,0.2816029245844187,0.2938815322679448,0.0,0.0,0.0,0.0,0.0,0.0,0,0.0,0.0,0,0,0,0,0,0,0,0,0,0,0,0,0
2,325.537,32,0.6694814378278411,-1.134637712423755,0.5568159753187271,0.4434834408054008,0.2766359719091332,0.7528315909148691,0.2854406768217582,0.8963092511565532,0.3333637128876455,140.41,166.332,96.5559,0,1,0,0,0,0,0,0,0,0,0.0,0.0,0.0,0.0,0.0,0.0,0.0,0.0,0.0,0.0,134.25159000000002,66.1214,92.8169,0.4007338374499893,0.2854406768217582,0.3090090512329999,0.0,0.0,0.0,0.0,0.0,0.0,0,0.0,0.0,0,0,0,0,0,0,0,0,0,0,0,0,0
2,326.543,32,1.6028346934418272,0.9277865363956124,0.04099602523568906,0.515819950083038,0.20929740804769204,0.7335852465357342,0.2908870482924571,0.8860982608927381,0.29749732874056145,145.757,164.58,97.6529,0,1,0,0,0,0,0,0,0,0,0.0,0.0,0.0,0.0,0.0,0.0,0.0,0.0,0.0,0.0,134.49699,66.1214,93.98819,0.3965382261054852,0.2908870482924571,0.3396654349938918,0.0,0.0,0.0,0.0,0.0,0.0,0,0.0,0.0,0,0,0,0,0,0,0,0,0,0,0,0,0
2,327.537,32,0.0,-1.6125097519535485,0.0,0.04099602523568906,0.22295863657124065,0.7594719150686967,0.30845832461894246,0.8771828149878245,0.26593740875668864,154.677,164.574,97.666,0,1,0,0,0,0,0,0,0,0,0.0,0.0,0.0,0.0,0.0,0.0,0.0,0.0,0.0,0.0,137.68759,66.1214,94.64362000000001,0.33956379707671336,0.30845832461894246,0.29508582235676184,0.0,0.0,0.0,0.0,0.0,0.0,0,0.0,0.0,0,0,0,0,0,0,0,0,0,0,0,0,0
2,328.535,32,0.0,0.0,0.0,0.0,0.23633855900124395,0.7460286198606145,0.32618314729460823,0.8668456642100398,0.266817922659132,161.771,164.577,97.6598,0,1,0,0,0,0,0,0,0,0,0.0,0.0,0.0,0.0,0.0,0.0,0.0,0.0,0.0,0.0,142.79229,66.1214,95.03412999999999,0.3029884936799875,0.32618314729460823,0.2746866967247158,0.0,0.0,0.0,0.0,0.0,0.0,0,0.0,0.0,0,0,0,0,0,0,0,0,0,0,0,0,0
2,329.535,32,0.0,0.0,0.0,0.0,0.24507594070710612,0.7564896504324589,0.26167636002059685,0.8570758517227602,0.2604887545963951,164.573,164.573,97.6636,0,1,0,0,0,0,0,0,0,0,0.0,0.0,0.0,0.0,0.0,0.0,0.0,0.0,0.0,0.0,152.63745,99.1235,95.36899000000001,0.21330459822092104,0.26167636002059685,0.22157810466237518,0.0,0.0,0.0,0.0,0.0,0.0,0,0.0,0.0,0,0,0,0,0,0,0,0,0,0,0,0,0
2,330.539,33,0.0,0.0,0.0,0.0,0.018333979846831275,0.7557805217873109,0.245576176759312,0.8474138137540503,0.23258698300083647,164.573,164.573,97.6614,0,1,0,0,0,0,0,0,0,0,0.0,0.0,0.0,0.0,0.0,0.0,0.0,0.0,0.0,0.0,159.1824,140.41,95.95018999999999,0.16159886092710937,0.245576176759312,0.18359994649712047,0.0,0.0,0.0,0.0,0.0,0.0,0,0.0,0.0,0,0,0,0,0,0,0,0,0,0,0,0,0
2,331.538,33,0.0,0.0,0.0,0.0,0.0,0.7557805217873109,0.17144868613799366,0.8379475548929818,0.21285651415813125,164.573,164.575,97.6573,0,1,0,0,0,0,0,0,0,0,0.0,0.0,0.0,0.0,0.0,0.0,0.0,0.0,0.0,0.0,161.59890000000001,145.757,96.53299,0.09451468020580817,0.17144868613799366,0.16822150306963093,0.0,0.0,0.0,0.0,0.0,0.0,0,0.0,0.0,0,0,0,0,0,0,0,0,0,0,0,0,0
2,332.54,33,0.0,0.0,0.0,0.0,0.0,0.7557805217873109,0.17406027016295947,0.8285639096098205,0.1821891207123127,164.573,164.574,97.6663,0,1,0,0,0,0,0,0,0,0,0.0,0.0,0.0,0.0,0.0,0.0,0.0,0.0,0.0,0.0,163.4806,154.677,97.04347,0.0859247254031036,0.17406027016295947,0.1097272771510343,0.0,0.0,0.0,0.0,0.0,0.0,0,0.0,0.0,0,0,0,0,0,0,0,0,0,0,0,0,0
2,333.541,33,0.0,0.0,0.0,0.0,0.0,0.7557805217873109,0.17448219038655738,0.8191560925532413,0.14770365619186754,164.573,164.581,97.6513,0,1,0,0,0,0,0,0,0,0,0.0,0.0,0.0,0.0,0.0,0.0,0.0,0.0,0.0,0.0,164.471,161.771,97.36744000000002,0.07111445350677423,0.17448219038655738,0.10350696005740953,0.0,0.0,0.0,0.0,0.0,0.0,0,0.0,0.0,0,0,0,0,0,0,0,0,0,0,0,0,0
2,334.543,33,0.0,0.0,0.0,0.0,0.0,0.7557805217873109,0.17511481492456685,0.8098638837226508,0.12086404960832471,164.573,164.574,97.6654,0,1,0,0,0,0,0,0,0,0,0.0,0.0,0.0,0.0,0.0,0.0,0.0,0.0,0.0,0.0,164.75130000000001,164.573,97.54999000000001,0.05978120005544161,0.17511481492456685,0.10002994161241281,0.0,0.0,0.0,0.0,0.0,0.0,0,0.0,0.0,0,0,0,0,0,0,0,0,0,0,0,0,0
2,335.542,33,0.0,0.0,0.0,0.0,0.0,0.7500710119101508,0.01296408147587153,0.8002858723796764,0.0932004524174114,164.574,164.577,97.6598,0,1,0,0,0,0,0,0,0,0,0.0,0.0,0.0,0.0,0.0,0.0,0.0,0.0,0.0,0.0,164.57580000000002,164.573,97.66038,0.004099602523568906,0.01296408147587153,0.055681597531872705,0.0,0.0,0.0,0.0,0.0,0.0,0,0.0,0.0,0,0,0,0,0,0,0,0,0,0,0,0,0
2,336.548,33,0.0,0.0,0.0,0.0,0.0,0.7591565044449564,2.259723721739146e-08,0.7905166800189806,0.0722707116126422,164.573,164.573,97.6636,0,1,0,0,0,0,0,0,0,0,0.0,0.0,0.0,0.0,0.0,0.0,0.0,0.0,0.0,0.0,164.5751,164.573,97.66145,0.0,2.259723721739146e-08,0.004099602523568906,0.0,0.0,0.0,0.0,0.0,0.0,0,0.0,0.0,0,0,0,0,0,0,0,0,0,0,0,0,0
2,337.553,33,0.0,0.0,0.0,0.0,0.0,0.7765264867280118,2.259723721739146e-08,0.7816131784206409,0.04997484795551814,164.572,164.572,97.662,0,1,0,0,0,0,0,0,0,0,0.0,0.0,0.0,0.0,0.0,0.0,0.0,0.0,0.0,0.0,164.5749,164.572,97.66105,0.0,2.259723721739146e-08,0.0,0.0,0.0,0.0,0.0,0.0,0.0,0,0.0,0.0,0,0,0,0,0,0,0,0,0,0,0,0,0
2,338.552,33,0.0,0.0,0.0,0.0,0.0,0.7632691739488762,2.259723721739146e-08,0.7720913740257929,0.026340992055393742,164.572,164.575,97.6555,0,1,0,0,0,0,0,0,0,0,0.0,0.0,0.0,0.0,0.0,0.0,0.0,0.0,0.0,0.0,164.57469999999998,164.572,97.66062000000001,0.0,2.259723721739146e-08,0.0,0.0,0.0,0.0,0.0,0.0,0.0,0,0.0,0.0,0,0,0,0,0,0,0,0,0,0,0,0,0
2,339.546,33,0.0,0.0,0.0,0.0,0.0,0.6821830234502065,2.259723721739146e-08,0.7606786780508663,0.0018333979846831276,164.572,164.573,97.6688,0,1,0,0,0,0,0,0,0,0,0.0,0.0,0.0,0.0,0.0,0.0,0.0,0.0,0.0,0.0,164.5747,164.572,97.66114,0.0,2.259723721739146e-08,0.0,0.0,0.0,0.0,0.0,0.0,0.0,0,0.0,0.0,0,0,0,0,0,0,0,0,0,0,0,0,0
2,340.547,34,0.0,0.0,0.0,0.0,0.0,0.7147129335903708,2.259723721739146e-08,0.7546872887655043,0.0,164.572,164.581,97.6513,0,1,0,0,0,0,0,0,0,0,0.0,0.0,0.0,0.0,0.0,0.0,0.0,0.0,0.0,0.0,164.5755,164.572,97.66013000000001,0.0,2.259723721739146e-08,0.0,0.0,0.0,0.0,0.0,0.0,0.0,0,0.0,0.0,0,0,0,0,0,0,0,0,0,0,0,0,0
2,341.555,34,0.0,0.0,0.0,0.0,0.0,0.8467775800814273,2.259723721739146e-08,0.7572684564973563,0.0,164.572,164.575,97.6638,0,1,0,0,0,0,0,0,0,0,0.0,0.0,0.0,0.0,0.0,0.0,0.0,0.0,0.0,0.0,164.57549999999998,164.572,97.66078000000002,0.0,2.259723721739146e-08,0.0,0.0,0.0,0.0,0.0,0.0,0.0,0,0.0,0.0,0,0,0,0,0,0,0,0,0,0,0,0,0
2,342.553,34,0.0,0.0,0.0,0.0,0.0,0.8567611202243981,2.259723721739146e-08,0.7610471209013578,0.0,164.573,164.576,97.6613,0,1,0,0,0,0,0,0,0,0,0.0,0.0,0.0,0.0,0.0,0.0,0.0,0.0,0.0,0.0,164.5757,164.572,97.66028,0.0,2.259723721739146e-08,0.0,0.0,0.0,0.0,0.0,0.0,0.0,0,0.0,0.0,0,0,0,0,0,0,0,0,0,0,0,0,0
2,343.549,34,0.0,0.0,0.0,0.0,0.0,0.8050265295526768,2.259723721739146e-08,0.7626245209874767,0.0,164.573,164.574,97.662,0,1,0,0,0,0,0,0,0,0,0.0,0.0,0.0,0.0,0.0,0.0,0.0,0.0,0.0,0.0,164.575,164.572,97.66135,0.0,2.259723721739146e-08,0.0,0.0,0.0,0.0,0.0,0.0,0.0,0,0.0,0.0,0,0,0,0,0,0,0,0,0,0,0,0,0
2,344.55,34,0.0,0.0,0.0,0.0,0.0,0.9645243562212483,2.259723721739146e-08,0.7723159175950626,0.0,164.572,164.572,97.663,0,1,0,0,0,0,0,0,0,0,0.0,0.0,0.0,0.0,0.0,0.0,0.0,0.0,0.0,0.0,164.57479999999998,164.572,97.66111000000001,0.0,2.259723721739146e-08,0.0,0.0,0.0,0.0,0.0,0.0,0.0,0,0.0,0.0,0,0,0,0,0,0,0,0,0,0,0,0,0
2,345.547,34,11504.279189001983,11538.89587663188,0.0,0.0,0.0,0.9998508270373219,2.259723721739146e-08,0.7846668794011852,0.0,96.8366,96.8366,98.4105,0,1,0,0,0,0,0,0,0,0,0.0,0.0,0.0,0.0,0.0,0.0,0.0,0.0,0.0,0.0,157.80076,96.8366,97.73618,0.0,2.259723721739146e-08,0.0,0.0,0.0,0.0,0.0,0.0,0.0,0,0.0,0.0,0,0,0,0,0,0,0,0,0,0,0,0,0
2,346.544,34,0.0,-11538.89587663188,0.0,0.0,0.0,0.9999693847248591,2.259723721739146e-08,0.7979860863106414,0.0,95.6308,95.6308,97.368,0,1,0,0,0,0,0,0,0,0,0.0,0.0,0.0,0.0,0.0,0.0,0.0,0.0,0.0,0.0,150.90654,95.6308,97.70662,0.0,2.259723721739146e-08,0.0,0.0,0.0,0.0,0.0,0.0,0.0,0,0.0,0.0,0,0,0,0,0,0,0,0,0,0,0,0,0
2,347.546,34,0.0,0.0,0.0,0.0,0.0,0.9999693847248591,2.259723721739146e-08,0.8100109597934495,0.0,94.2489,94.2489,101.339,0,1,0,0,0,0,0,0,0,0,0.0,0.0,0.0,0.0,0.0,0.0,0.0,0.0,0.0,0.0,143.87422999999998,94.2489,98.07432,0.0,2.259723721739146e-08,0.0,0.0,0.0,0.0,0.0,0.0,0.0,0,0.0,0.0,0,0,0,0,0,0,0,0,0,0,0,0,0
2,348.551,34,0.0,0.0,0.0,0.0,0.0,0.9999693847248591,2.259723721739146e-08,0.8227079980366618,0.0,92.1038,92.1038,106.695,0,1,0,0,0,0,0,0,0,0,0.0,0.0,0.0,0.0,0.0,0.0,0.0,0.0,0.0,0.0,136.62711000000002,92.1038,98.97827,0.0,2.259723721739146e-08,0.0,0.0,0.0,0.0,0.0,0.0,0.0,0,0.0,0.0,0,0,0,0,0,0,0,0,0,0,0,0,0
2,349.549,34,0.0,0.0,0.0,0.0,0.0,0.9999693847248591,2.259723721739146e-08,0.8348819847512818,0.0,91.6437,91.6437,113.234,0,1,0,0,0,0,0,0,0,0,0.0,0.0,0.0,0.0,0.0,0.0,0.0,0.0,0.0,0.0,129.33418,91.6437,100.53479,0.0,2.259723721739146e-08,0.0,0.0,0.0,0.0,0.0,0.0,0.0,0,0.0,0.0,0,0,0,0,0,0,0,0,0,0,0,0,0
2,350.553,35,0.0,0.0,0.0,0.0,0.0,0.9999693847248591,2.259723721739146e-08,0.8470914278981592,0.0,91.6437,92.1087,115.277,0,1,0,0,0,0,0,0,0,0,0.0,0.0,0.0,0.0,0.0,0.0,0.0,0.0,0.0,0.0,122.08695,91.6437,102.29736,0.0,2.259723721739146e-08,0.0,0.0,0.0,0.0,0.0,0.0,0.0,0,0.0,0.0,0,0,0,0,0,0,0,0,0,0,0,0,0
2,351.553,35,0.0,0.0,0.0,0.0,0.0,0.9999693847248591,2.259723721739146e-08,0.8593008710450366,0.0,91.6437,92.2552,113.953,0,1,0,0,0,0,0,0,0,0,0.0,0.0,0.0,0.0,0.0,0.0,0.0,0.0,0.0,0.0,114.85497000000001,91.6437,103.92627999999999,0.0,2.259723721739146e-08,0.0,0.0,0.0,0.0,0.0,0.0,0.0,0,0.0,0.0,0,0,0,0,0,0,0,0,0,0,0,0,0
2,352.554,35,0.0,0.0,2.0186115602508283,2.0186115602508283,0.9027505337775529,0.9999693847248591,0.6383410241538835,0.871510314191914,0.0902750533777553,91.6437,151.879,113.756,0,1,0,0,0,0,0,0,0,0,0.0,0.0,0.0,0.0,0.0,0.0,0.0,0.0,0.0,0.0,113.58527,91.6437,105.53575000000001,0.20186115602508284,0.6383410241538835,0.20186115602508284,0.0,0.0,0.0,0.0,0.0,0.0,0,0.0,0.0,0,0,0,0,0,0,0,0,0,0,0,0,0
2,353.557,35,0.0,0.0,1.2826994666739302,0.7359120935768981,0.9407948306730947,0.9999693847248591,0.7172668109903481,0.8837197573387915,0.18435453644506478,76.9667,76.9667,113.923,0,1,0,0,0,0,0,0,0,0,0.0,0.0,0.0,0.0,0.0,0.0,0.0,0.0,0.0,0.0,104.82454,76.9667,107.16185,0.33013110269247586,0.7172668109903481,0.2754523653827726,0.0,0.0,0.0,0.0,0.0,0.0,0,0.0,0.0,0,0,0,0,0,0,0,0,0,0,0,0,0
2,354.556,35,1.9127671101719443,1.9146817919639083,1.2477062993745702,0.03499316729935997,0.885744014302179,0.9999161694768647,0.7606667907526709,0.8959265397232692,0.27292893787528266,4.20393,4.20393,115.243,0,1,1,0,0,0,1,0,0,0,0.0,0.0,0.0,0.0,0.0,0.1,0.1,0.0,0.0,0.0,88.78773299999999,4.20393,108.91985,0.4549017326299329,0.7606667907526709,0.2789516821127086,0.0,0.0,0.0,0.0,0.0,0.0,0,0.0,0.0,0,0,0,0,0,0,0,0,0,0,0,0,0
2,355.559,35,2.7425439502517057,0.8272949552141191,0.05074741584660589,1.1969588835279643,0.8729103227251054,0.9998500308079667,0.7574572444398049,0.9084154906681599,0.36021997014779317,1.38875,1.38875,115.922,0,1,1,1,1,1,1,1,0,0,0.0,1.003,0.0,0.0,0.0,0.2,0.2,0.1,0.1,0.0,79.242948,1.38875,110.671,0.4599764742145934,0.7574572444398049,0.3986475704655051,1.003,0.0,0.0,0.0,0.0,0.0,0,0.0,0.0,0,0,0,0,0,0,0,0,0,0,0,0,0
2,356.559,35,0.5200999520288945,-2.2224439982228112,1.7465275531515578,1.695780137304952,0.7541104324210524,0.9997894658522216,0.8368109282588073,0.9204471387385234,0.4356310133898984,1.38875,100.456,116.799,0,1,0,0,0,0,0,0,0,0,0.0,0.0,0.0,0.0,0.0,0.2,0.2,0.1,0.1,0.0,79.725468,1.38875,112.61410000000001,0.6346292295297492,0.8368109282588073,0.5682255841960002,1.003,0.0,0.0,0.0,0.0,0.0,0,0.0,0.0,0,0,0,0,0,0,0,0,0,0,0,0,0
2,357.559,35,6.298700269174258,5.778600317145363,0.29144364513951476,1.455083908012043,0.7198437531512276,0.999203210190625,0.817095187805274,0.9315809749116537,0.5076153887050212,1.38875,119.201,121.615,0,1,0,0,0,0,0,0,0,0,0.0,0.0,0.0,0.0,0.0,0.2,0.2,0.1,0.1,0.0,82.22067799999999,1.38875,114.64170000000001,0.6637735940437007,0.817095187805274,0.7137339749972046,1.003,0.0,0.0,0.0,0.0,0.0,0,0.0,0.0,0,0,0,0,0,0,0,0,0,0,0,0,0
2,358.559,35,6.732074543029453,0.4333742738551951,0.09818877595695392,0.19325486918256085,0.7656649068734217,0.998653386781297,0.8087801247790787,0.943350185553275,0.5841818793923633,1.38875,127.448,127.868,0,1,0,0,0,0,0,0,0,0,0.0,0.0,0.0,0.0,0.0,0.2,0.2,0.1,0.1,0.0,85.755098,1.38875,116.75899999999999,0.6735924716393961,0.8087801247790787,0.7330594619154607,1.003,0.0,0.0,0.0,0.0,0.0,0,0.0,0.0,0,0,0,0,0,0,0,0,0,0,0,0,0
2,359.56,35,6.728006481595369,-0.004063997436648021,0.15407499288858006,0.05588621693162614,0.7202800892872978,0.9980047409828614,0.7958870170147638,0.9591412714299077,0.6562098883210932,1.38875,138.548,137.352,0,1,0,0,0,0,0,0,0,0,0.0,0.0,0.0,0.0,0.0,0.2,0.2,0.1,0.1,0.0,90.445528,1.38875,119.17080000000001,0.6889999709282542,0.7958870170147638,0.7386480836086233,1.003,0.0,0.0,0.0,0.0,0.0,0,0.0,0.0,0,0,0,0,0,0,0,0,0,0,0,0,0
2,360.561,36,6.695947975760944,-0.0320264793550692,0.22649326991703,0.07241827702844994,0.6987834122330757,0.9973119583322697,0.7771019426249551,0.9732712226670024,0.7260882295444008,100.456,127.386,148.663,0,1,0,0,0,0,0,0,0,0,0.0,0.0,0.0,0.0,0.0,0.2,0.2,0.1,0.1,0.0,93.973258,1.38875,122.5094,0.7116492979199571,0.7771019426249551,0.7458899113114683,1.003,0.0,0.0,0.0,0.0,0.0,0,0.0,0.0,0,0,0,0,0,0,0,0,0,0,0,0,0
2,361.566,36,6.639093768958216,-0.05657135005246591,0.17905805667041783,0.04743521324661218,0.07324973569130773,0.9965980280937403,0.7607736845068541,0.9807622450676181,0.7334132031135315,119.201,138.976,156.783,0,1,0,0,0,0,0,0,0,0,0.0,0.0,0.0,0.0,0.0,0.2,0.2,0.1,0.1,0.0,98.64533800000001,1.38875,126.7924,0.7295551035869989,0.7607736845068541,0.7506334326361295,1.003,0.0,0.0,0.0,0.0,0.0,0,0.0,0.0,0,0,0,0,0,0,0,0,0,0,0,0,0
2,362.564,36,6.215945929895093,-0.4239958307245723,1.5123586599873582,1.3333006033169403,0.6045740274833075,0.996111500898534,0.6777802864979374,0.987729764101325,0.703595552484107,52.3939,52.3939,162.548,0,1,0,0,0,0,0,0,0,0,0.0,0.0,0.0,0.0,0.0,0.2,0.2,0.1,0.1,0.0,88.69682800000001,1.38875,131.67159999999998,0.6789298135606519,0.6777802864979374,0.6821023369427407,1.003,0.0,0.0,0.0,0.0,0.0,0,0.0,0.0,0,0,0,0,0,0,0,0,0,0,0,0,0
2,363.565,36,1.4627951935501617,-4.748402334010921,0.9080290418603588,0.6043296181269994,0.6005724011835054,0.9961105637520372,0.6505028756065084,0.997283965811293,0.669573309535148,1.4899,1.4899,163.1,0,1,1,1,1,1,1,1,0,0,0.0,0.0,0.0,0.0,0.0,0.3,0.3,0.2,0.2,0.0,81.149148,1.38875,136.58929999999998,0.6414627710792947,0.6505028756065084,0.6689440893977507,1.003,0.0,0.0,0.0,0.0,0.0,0,0.0,0.0,0,0,0,0,0,0,0,0,0,0,0,0,0
2,364.563,36,1.6085402282681336,0.14603710893584354,0.02018917756859378,0.8878398642917651,0.6275796555350075,0.9960990497384228,0.639110123923373,0.9988627004871518,0.6437568736584308,0.419181,0.419181,168.677,0,1,1,1,1,1,1,1,0,0,0.998,0.998,0.998,0.0,0.0,0.3,0.3,0.3,0.3,0.0,80.7706731,0.419181,141.9327,0.5187110588986971,0.639110123923373,0.7542287590969913,1.003,0.998,0.0,0.0,0.0,0.0,0,0.0,0.0,0,0,0,0,0,0,0,0,0,0,0,0,0
2,365.57,36,1.948101844997635,0.33720120827160033,1.2043454473489574,1.1841562697803636,0.6461612820767069,0.7611205106872828,0.6492886240674405,0.98692618466965,0.621081969593591,0.419181,69.0063,174.248,0,1,0,0,0,0,0,0,0,0,0.0,0.0,0.0,0.0,0.0,0.2,0.2,0.2,0.2,0.0,87.53242809999999,0.419181,147.76529999999997,0.6340708620489324,0.6492886240674405,0.7529484977222313,0.998,0.998,0.0,0.0,0.0,0.0,0,0.0,0.0,0,0,0,0,0,0,0,0,0,0,0,0,0
2,366.569,36,5.617445938408946,3.673017110521833,0.8039194463067891,0.4004260010421683,0.5591173554196124,0.7775631648542514,0.5266897783723207,0.9758058736761195,0.601582661893447,0.419181,116.269,182.751,0,1,0,0,0,0,0,0,0,0,0.0,0.0,0.0,0.0,0.0,0.2,0.2,0.2,0.2,0.0,89.11372809999999,0.419181,154.3605,0.5398100513644554,0.5266897783723207,0.6234130840959529,0.998,0.998,0.0,0.0,0.0,0.0,0,0.0,0.0,0,0,0,0,0,0,0,0,0,0,0,0,0
2,367.569,36,6.5794683846719515,0.9620224462630054,0.7493351525243456,0.05458429378244356,0.43763874652569973,0.8012215198788483,0.5225862541031876,0.9658684804338188,0.5733621612308942,0.419181,74.7871,187.916,0,1,0,0,0,0,0,0,0,0,0.0,0.0,0.0,0.0,0.0,0.2,0.2,0.2,0.2,0.0,84.6723381,0.419181,160.9906,0.5855992021029384,0.5225862541031876,0.48336312267299286,0.998,0.998,0.0,0.0,0.0,0.0,0,0.0,0.0,0,0,0,0,0,0,0,0,0,0,0,0,0
2,368.571,36,6.6295911967809555,0.05002276657585234,0.2516287754913012,0.4977063770330444,0.4707673428115433,0.8195755339863525,0.508754522315478,0.9568487878968934,0.5438724048247063,0.419181,91.8351,191.571,0,1,0,0,0,0,0,0,0,0,0.0,0.0,0.0,0.0,0.0,0.2,0.2,0.2,0.2,0.0,81.11104809999999,0.419181,167.3609,0.6009432020563732,0.508754522315478,0.5138082734580414,0.998,0.998,0.0,0.0,0.0,0.0,0,0.0,0.0,0,0,0,0,0,0,0,0,0,0,0,0,0
2,369.573,36,5.900609977188435,-0.7275261672580042,1.4159679095110536,1.1643391340197524,0.4500129284242429,0.8264285793594135,0.5410706649148531,0.9481717476286213,0.5168456887384009,13.1475,13.1475,192.445,0,1,0,1,0,0,0,0,0,0,0.0,0.0,0.0,0.0,0.0,0.2,0.2,0.2,0.2,0.0,68.5709981,0.419181,172.87019999999998,0.7271324937186205,0.5410706649148531,0.6246535651668539,0.998,0.998,0.0,0.0,0.0,0.0,0,0.0,0.0,0,0,0,0,0,0,0,0,0,0,0,0,0
2,370.573,37,2.670334627139722,-3.2302753500487134,0.6015812923034849,0.8143866172075687,0.42301705042650306,0.8218765343347084,0.5148755566150542,0.9392671051091137,0.48926905255774367,13.1475,49.8521,188.836,0,1,0,0,0,0,0,0,0,0,0.0,0.0,0.0,0.0,0.0,0.2,0.2,0.2,0.2,0.0,60.817608099999994,0.419181,176.8875,0.764641295957266,0.5148755566150542,0.6988503991847658,0.998,0.998,0.0,0.0,0.0,0.0,0,0.0,0.0,0,0,0,0,0,0,0,0,0,0,0,0,0
2,371.575,37,5.8308267198560575,3.154183725265804,1.7006648860452223,1.0990835937417374,0.5978750306296101,0.8335593394053481,0.5464608602375859,0.9309466028431382,0.5417315820515738,13.1475,150.09,194.202,0,1,0,0,0,0,0,0,0,0,0.0,0.0,0.0,0.0,0.0,0.2,0.2,0.2,0.2,0.0,61.9290081,0.419181,180.62939999999998,0.9168019788947465,0.5464608602375859,0.8040152372342784,0.998,0.998,0.0,0.0,0.0,0.0,0,0.0,0.0,0,0,0,0,0,0,0,0,0,0,0,0,0
2,372.576,37,6.698092433750138,0.866399314579501,0.08160061053697529,1.619064275508247,0.7152382614407432,0.8425636834330232,0.5603314447370871,0.9230763177785463,0.5527980054473174,13.1475,156.956,199.443,0,1,0,0,0,0,0,0,0,0,0.0,0.0,0.0,0.0,0.0,0.2,0.2,0.2,0.2,0.0,72.3852181,0.419181,184.3189,0.7737261739497081,0.5603314447370871,0.832591604453409,0.998,0.998,0.0,0.0,0.0,0.0,0,0.0,0.0,0,0,0,0,0,0,0,0,0,0,0,0,0
2,373.579,37,6.703438569367342,0.005330145181659008,6.653082048479844e-05,0.08153407971649049,0.7710326548656555,0.8508024357496664,0.6077110371973024,0.9156179703297868,0.5698440308155325,13.1475,158.437,204.507,0,1,0,0,0,0,0,0,0,0,0.0,0.0,0.0,0.0,0.0,0.1,0.1,0.1,0.1,0.0,88.0799281,0.419181,188.4596,0.6829299228457207,0.6077110371973024,0.7803120506123581,0.998,0.998,0.0,0.0,0.0,0.0,0,0.0,0.0,0,0,0,0,0,0,0,0,0,0,0,0,0
2,374.58,37,6.69526622612046,-0.00816417906781384,1.488627491892873e-08,6.651593420987952e-05,0.7287336983723144,0.8856874095193552,0.6101859048309078,0.9099065323319113,0.5799594350992632,49.8521,158.999,208.103,0,1,0,0,0,0,0,0,0,0,0.0,0.0,0.0,0.0,0.0,0.0,0.0,0.0,0.0,0.0,103.93791000000002,13.1475,192.4022,0.6809110065774889,0.6101859048309078,0.6915347157766025,0.0,0.0,0.0,0.0,0.0,0.0,0,0.0,0.0,0,0,0,0,0,0,0,0,0,0,0,0,0
2,375.578,37,6.717497866680194,0.02227619294562506,1.493102324032831e-08,4.474832139958157e-11,0.7522596304226957,0.9293189752287528,0.6142342042277308,0.9063799795529507,0.590569269933862,150.09,159.458,211.792,0,1,0,0,0,0,0,0,0,0,0.0,0.0,0.0,0.0,0.0,0.0,0.0,0.0,0.0,0.0,112.98308,13.1475,196.15659999999997,0.5604764633356956,0.6142342042277308,0.5731190888030411,0.0,0.0,0.0,0.0,0.0,0.0,0,0.0,0.0,0,0,0,0,0,0,0,0,0,0,0,0,0
2,376.579,37,6.707379898659698,-0.010107860160335581,1.488627491892873e-08,4.474832139958157e-11,0.03648547043183809,0.9328482270079613,0.6312063966790126,0.9030329176107376,0.5383060814350846,156.956,159.716,214.888,0,1,0,0,0,0,0,0,0,0,0.0,0.0,0.0,0.0,0.0,0.0,0.0,0.0,0.0,0.0,117.32778,13.1475,199.3703,0.48008452019364406,0.6312063966790126,0.533076488703299,0.0,0.0,0.0,0.0,0.0,0.0,0,0.0,0.0,0,0,0,0,0,0,0,0,0,0,0,0,0
2,377.583,37,6.680852969802657,-0.026421243881515493,1.484179401777655e-08,4.448090115217958e-11,2.974682045074492e-05,0.9334972735234618,0.6401066361933075,0.8997476207773796,0.4945451814645597,158.437,160.73,219.416,0,1,0,0,0,0,0,0,0,0,0.0,0.0,0.0,0.0,0.0,0.0,0.0,0.0,0.0,0.0,125.92207,13.1475,202.5203,0.405151006425389,0.6401066361933075,0.5276180593295028,0.0,0.0,0.0,0.0,0.0,0.0,0,0.0,0.0,0,0,0,0,0,0,0,0,0,0,0,0,0
2,378.583,37,6.71413179140905,0.03327882160639373,1.4901161193847656e-08,5.936717607110615e-11,3.223599355112739e-11,0.9327653145190659,0.6516538872161164,0.8964532171642677,0.447468447186629,158.999,162.138,226.138,0,1,0,0,0,0,0,0,0,0,0.0,0.0,0.0,0.0,0.0,0.0,0.0,0.0,0.0,0.0,132.95236,13.1475,205.977,0.3799881303663749,0.6516538872161164,0.477847421632135,0.0,0.0,0.0,0.0,0.0,0.0,0,0.0,0.0,0,0,0,0,0,0,0,0,0,0,0,0,0
2,379.587,37,4.772453257432805,-1.933942762924547,0.032099052995271826,0.03209903809411063,0.014355126243120443,0.9330768396228682,0.5455006369961558,0.8932068220962682,0.40390266696851673,159.458,161.177,236.401,0,1,0,0,0,0,0,0,0,0,0.0,0.0,0.0,0.0,0.0,0.0,0.0,0.0,0.0,0.0,147.75531,49.8521,210.3726,0.2416012447147967,0.5455006369961558,0.3646234120395708,0.0,0.0,0.0,0.0,0.0,0.0,0,0.0,0.0,0,0,0,0,0,0,0,0,0,0,0,0,0
2,380.587,38,3.5022393709735784,-1.270213886459227,1.6171864884833085,1.5850874354880367,0.7197732106065721,0.9337459338100808,0.6942335695194842,0.8900285208701588,0.4335782829865236,69.131,69.131,246.343,0,1,0,0,0,0,0,0,0,0,0.0,0.0,0.0,0.0,0.0,0.0,0.0,0.0,0.0,0.0,149.6832,69.131,216.12330000000003,0.3431617643327791,0.6942335695194842,0.44169349386761764,0.0,0.0,0.0,0.0,0.0,0.0,0,0.0,0.0,0,0,0,0,0,0,0,0,0,0,0,0,0
2,381.589,38,2.953787951410607,-0.5473567061506701,0.9854864466284377,0.6317000418548708,0.7414683585655338,0.9299733557324443,0.5633491608660564,0.886697287252094,0.447937615780116,12.3102,12.3102,255.811,0,1,0,0,0,0,0,0,0,0,0.0,0.0,0.0,0.0,0.0,0.0,0.0,0.0,0.0,0.0,135.90522,12.3102,222.2842,0.27164392039110064,0.5633491608660564,0.39495513867893106,0.0,0.0,0.0,0.0,0.0,0.0,0,0.0,0.0,0,0,0,0,0,0,0,0,0,0,0,0,0
2,382.585,38,2.7031780024000924,-0.25161641466919127,0.007238229752152962,0.9782482168762847,0.7401882872270399,0.9261396365378145,0.5666177848221416,0.8831986940340579,0.4504326183587457,12.0411,12.0411,265.186,0,1,0,0,0,0,0,0,0,0,0.0,0.0,0.0,0.0,0.0,0.0,0.0,0.0,0.0,0.0,121.41373000000002,12.0411,228.8585,0.26420768231261843,0.5666177848221416,0.3308735328157348,0.0,0.0,0.0,0.0,0.0,0.0,0,0.0,0.0,0,0,0,0,0,0,0,0,0,0,0,0,0
2,383.589,38,3.146859665437874,0.4419140070097428,0.1192682702300834,0.11203004047793044,0.7205642855986614,0.9374219471392744,0.5616758066997338,0.8802642632034198,0.44538578143204627,5.80286,5.80286,274.508,0,1,0,0,0,0,0,0,0,0,0.0,0.0,0.0,0.0,0.0,0.0,0.0,0.0,0.0,0.0,106.150316,5.80286,235.85859999999997,0.2761278562535783,0.5616758066997338,0.3339231288918788,0.0,0.0,0.0,0.0,0.0,0.0,0,0.0,0.0,0,0,0,0,0,0,0,0,0,0,0,0,0
2,384.588,38,2.815110269047938,-0.33208147786780406,0.0002348075822875285,0.11903346264779588,0.7264317966582831,0.9438729781175792,0.5616629861897595,0.8776529596223777,0.44515559126064314,5.31482,5.31482,283.301,0,1,0,0,0,0,0,0,0,0,0.0,0.0,0.0,0.0,0.0,0.0,0.0,0.0,0.0,0.0,90.78189799999998,5.31482,243.37839999999997,0.2761513355231795,0.5616629861897595,0.34581982356323737,0.0,0.0,0.0,0.0,0.0,0.0,0,0.0,0.0,0,0,0,0,0,0,0,0,0,0,0,0,0
2,385.588,38,3.1345099684647626,0.31939969941682467,0.009573988866267619,0.00933918128398009,0.4283295270563403,0.9525698739971032,0.5611478864581995,0.8872254277878685,0.4127625809240076,4.00282,4.00282,292.161,0,1,1,0,0,0,1,0,0,0,0.0,0.0,0.0,0.0,0.0,0.1,0.1,0.0,0.0,0.0,75.23638,4.00282,251.41529999999997,0.27710873291670396,0.5611478864581995,0.34675374168716055,0.0,0.0,0.0,0.0,0.0,0.0,0,0.0,0.0,0,0,0,0,0,0,0,0,0,0,0,0,0
2,386.592,38,2.9961320128433506,-0.13782664902531072,0.07805407575668669,0.06848008689041907,0.05308159249413334,0.9499036794586304,0.557395413764903,0.8958424535180877,0.4144221931302371,1.27472,1.27472,300.971,0,1,1,0,0,0,1,0,1,0,0.0,1.004,0.0,0.0,0.0,0.2,0.2,0.0,0.0,0.0,59.392252,1.27472,260.0236,0.2849141390037452,0.557395413764903,0.35360175037172764,1.004,0.0,0.1,0.0,0.0,0.0,0,0.0,0.0,0,0,0,0,0,0,0,0,0,0,0,0,0
2,387.591,38,3.0032096505638033,0.007084722442895563,0.0007331682408006939,0.077320907515886,0.05424043378425317,0.9465872987051677,0.5573538211765319,0.9031107424594037,0.41984326182661735,1.27472,1.80764,309.382,0,1,1,0,0,0,1,0,1,0,0.0,2.003,0.0,0.999,0.0,0.3,0.3,0.0,0.0,0.0,43.500016,1.27472,269.0202,0.2849874543436458,0.5573538211765319,0.3613338411188682,2.003,0.0,0.2,0.0,0.999,0.0,0,0.0,0.0,0,0,0,0,0,0,0,0,0,0,0,0,0
2,388.595,38,1.6240593763870679,-1.3736556515704537,0.004077344398644427,0.003344176157843733,0.03348001702860485,0.9461471736938605,0.5571236173007527,0.909439324444779,0.42319126352625425,1.27472,2.07848,311.532,0,1,1,1,1,1,1,1,1,1,0.0,3.007,0.0,2.003,0.0,0.4,0.4,0.1,0.1,0.0,27.494064,1.27472,277.5596,0.28539518729339414,0.5571236173007527,0.36166825872871583,3.007,0.0,0.3,0.1,2.003,0.0,0,0.0,0.0,0,0,0,0,0,0,0,0,0,0,0,0,0
2,389.592,38,0.0,-1.6289462150321643,0.0,0.004077344398644427,0.033512252105748416,0.9575202831332927,0.558834995618168,0.9159939096334728,0.425106976112517,1.27472,2.14284,312.168,0,1,1,1,1,1,1,1,1,1,0.997,4.0040000000000004,0.997,3.0,0.997,0.5,0.5,0.2,0.2,0.0,11.590648,1.27472,285.1363,0.28218528199386694,0.558834995618168,0.3588660893591692,4.0040000000000004,0.997,0.4,0.2,3.0,0.997,0,0.0,0.0,1,0,1,0,0,0,1,1,1,1,1,0,0
2,390.593,39,0.0,0.0,0.0,0.0,0.03441036549222047,0.9740159657803118,0.306692040461223,0.9236008812057532,0.3565706916010819,1.27472,2.24995,314.398,0,1,1,1,1,1,1,1,1,1,1.9979999999999998,5.005,1.9979999999999998,4.0009999999999994,1.9979999999999998,0.6,0.6,0.3,0.3,0.0,4.902543,1.27472,291.9418,0.1204666331455361,0.306692040461223,0.20035734581036552,5.005,1.9979999999999998,0.5,0.3,4.0009999999999994,1.9979999999999998,0,0.0,0.0,1,0,1,0,0,0,1,0,1,1,1,0,0
2,391.6,39,0.0,0.0,0.0,0.0,0.001770174189410789,0.9818993906875398,0.04173281079945597,0.9310178837698626,0.28260087316346955,1.80764,1.87889,317.947,0,1,1,0,0,0,1,0,1,0,0.0,6.012,0.0,5.008,0.0,0.7,0.7,0.3,0.3,0.0,3.859412,1.27472,298.1554,0.021917988482692333,0.04173281079945597,0.13718734162487844,6.012,1.9979999999999998,0.6,0.3,5.008,1.9979999999999998,0,0.0,0.0,1,0,1,0,0,0,1,0,1,1,1,0,0
2,392.6,39,0.0,0.0,0.0,0.0,0.0018234438485957457,0.9807938648618509,0.04207706049718618,0.9379293928413042,0.20876438882562515,1.87889,2.00027,319.749,0,1,1,1,1,1,1,1,1,1,0.0,7.012,0.0,6.008,0.0,0.8,0.8,0.4,0.4,0.0,2.855329,1.27472,303.6117,0.021194165507477037,0.04207706049718618,0.039362519937249964,7.012,1.9979999999999998,0.7,0.4,6.008,1.9979999999999998,0,0.0,0.0,1,0,1,0,0,0,1,1,2,1,1,0,0
2,393.6,39,0.0,0.0,0.0,0.0,0.0,0.9795201942681386,0.024364094225370853,0.9443652807672278,0.13670796026575902,1.87889,2.25932,320.218,0,1,1,1,1,1,1,1,1,1,1.0,8.012,1.0,7.008,1.0,0.9,0.9,0.5,0.5,0.0,2.500975,1.27472,308.1827,0.009267338484468696,0.024364094225370853,0.02815951588945692,8.012,1.9979999999999998,0.8,0.5,7.008,1.9979999999999998,0,0.0,0.0,1,0,1,0,0,0,1,0,2,1,1,0,0
2,394.598,39,0.0,0.0,0.0,0.0,0.0,0.9777905439410327,0.024373877686826778,0.9489704374883117,0.0640647805999307,1.87889,2.20567,317.91,0,1,1,1,1,1,1,1,1,1,1.998,9.01,1.998,8.006,1.998,1.0,1.0,0.6,0.6,0.0,2.19006,1.27472,311.6436,0.009243857726239943,0.024373877686826778,0.01625616962467733,9.01,1.998,0.9,0.6,8.006,1.998,0,0.0,0.0,1,0,1,0,0,0,1,0,2,1,1,0,0
2,395.597,39,0.0,0.0,0.0,0.0,0.0,0.9758448703403027,0.024546887139702753,0.951296732243889,0.02123182789429668,1.87889,3.01175,315.081,0,1,1,1,1,1,1,1,1,1,2.997,10.009,2.997,9.004999999999999,2.997,1.0,1.0,0.7,0.7,0.0,2.090953,1.27472,313.9356,0.008286458839613181,0.024546887139702753,0.015322251496279322,10.009,2.997,1.0,0.7,9.004999999999999,2.997,0,0.0,0.0,1,0,1,0,0,0,1,1,3,1,2,1,0
2,396.603,39,0.0,0.0,0.0,0.0,0.0,0.9736437207789237,0.0012844441008452929,0.9533365069324372,0.015923668644883343,2.00027,2.52274,316.35,0,1,1,1,1,1,1,1,1,1,4.003,11.015,4.003,10.011,4.003,1.0,1.0,0.8,0.8,0.0,2.215755,1.80764,315.4735,0.00048105126394451205,0.0012844441008452929,0.008474242807237416,11.015,4.003,1.0,0.8,10.011,4.003,0,0.0,0.0,1,1,1,0,0,1,1,1,4,2,2,1,0
2,397.602,39,0.0,0.0,0.0,0.0,0.0,0.9713599114524142,0.0012893695106678264,0.9552296388288848,0.010499625266458026,1.76769,1.76769,317.568,0,1,1,1,1,1,1,1,1,1,5.002,12.014,5.002,11.01,5.002,1.0,1.0,0.9,0.9,0.0,2.21176,1.76769,316.2921,0.00040773443986444265,0.0012893695106678264,0.0007421520556488159,12.014,5.002,1.0,0.9,11.01,5.002,0,0.0,0.0,1,1,1,0,0,1,1,0,4,2,2,1,0
2,398.605,39,0.0,0.0,0.0,0.0,0.0,0.969252797259409,2.2893130509798168e-08,0.9570540129659021,0.007151623563597542,1.76769,1.99036,316.188,0,1,1,1,1,1,1,1,1,1,6.005,13.017,6.005,12.013,6.005,1.0,1.0,0.9,0.9,0.0,2.202948,1.76769,316.7577,0.0,2.2893130509798168e-08,0.00040773443986444265,13.017,6.005,1.0,0.9,12.013,6.005,0,0.0,0.0,1,1,1,0,0,1,1,2,6,2,3,1,1
2,399.604,39,0.0,0.0,0.0,0.0,0.0,0.9694089574157903,2.2893130509798168e-08,0.958870618855548,0.0038003983530227005,1.76769,2.05595,315.266,0,1,1,1,1,1,1,1,1,1,7.004,14.016,7.004,13.011999999999999,7.004,1.0,1.0,0.9,0.9,0.0,2.1942589999999997,1.76769,317.0675,0.0,2.2893130509798168e-08,0.0,14.016,7.004,1.0,0.9,13.011999999999999,7.004,0,0.0,0.0,1,1,1,0,0,1,1,0,6,2,3,1,1
2,400.606,40,0.0,0.0,0.0,0.0,0.0,0.9669375171538984,2.2893130509798168e-08,0.960530198022739,0.0003593618038006534,1.76769,2.02217,315.11,0,1,1,0,0,0,1,0,1,0,0.0,15.017999999999999,0.0,14.014,0.0,1.0,1.0,0.8,0.8,0.0,2.171481,1.76769,317.13870000000003,0.0,2.2893130509798168e-08,0.0,15.017999999999999,7.004,1.0,0.8,14.014,7.004,0,0.0,0.0,1,0,1,0,0,0,1,0,6,2,3,1,1
2,401.609,40,0.0,0.0,0.0,0.0,0.0,0.9670167997581977,2.2893130509798168e-08,0.9623823702240267,0.00018234438485957458,1.76769,2.06583,318.373,0,1,1,0,0,0,1,0,1,0,0.0,16.021,0.0,15.017,0.0,1.0,1.0,0.8,0.8,0.0,2.1901750000000004,1.76769,317.1813,0.0,2.2893130509798168e-08,0.0,16.021,7.004,1.0,0.8,15.017,7.004,0,0.0,0.0,1,0,1,0,0,0,1,1,7,2,3,1,1
2,402.607,40,0.0,0.0,0.0,0.0,0.0,0.9620753494115566,2.2893130509798168e-08,0.9641791558677137,0.0,1.99036,3.08001,315.299,0,1,1,0,0,0,1,0,1,0,0.0,17.019,0.0,16.015,0.0,1.0,1.0,0.7,0.7,0.0,2.298149,1.76769,316.7363,0.0,2.2893130509798168e-08,0.0,17.019,7.004,1.0,0.7,16.015,7.004,0,0.0,0.0,1,0,1,0,0,0,1,0,7,2,3,1,1
2,403.607,40,0.0,0.0,0.0,0.0,0.0,0.9828243385521559,2.2893130509798168e-08,0.9664492754383579,0.0,2.02217,2.77241,315.693,0,1,1,0,0,0,1,0,1,0,0.0,18.019,0.0,17.015,0.0,1.0,1.0,0.6,0.6,0.0,2.349458,1.76769,316.2838,0.0,2.2893130509798168e-08,0.0,18.019,7.004,1.0,0.6,17.015,7.004,0,0.0,0.0,1,0,1,0,0,0,1,0,7,2,3,1,1
2,404.614,40,0.0,0.0,0.0,0.0,0.0,0.9853102992832997,2.2893130509798168e-08,0.9685211414966439,0.0,2.02217,2.15213,317.465,0,1,1,0,0,0,1,0,1,0,0.0,19.026,0.0,18.022,0.0,1.0,1.0,0.5,0.5,0.0,2.344104,1.76769,316.2393,0.0,2.2893130509798168e-08,0.0,19.026,7.004,1.0,0.5,18.022,7.004,0,0.0,0.0,1,0,1,0,0,0,1,1,8,2,3,1,1
2,405.611,40,0.0,0.0,0.0,0.0,0.0,0.9811472737556304,2.2893130509798168e-08,0.9699500114845702,0.0,2.06583,2.20859,315.137,0,1,1,0,0,0,1,0,1,0,0.0,20.023,0.0,19.019,0.0,1.0,1.0,0.4,0.4,0.0,2.2637880000000004,1.76769,316.24490000000003,0.0,2.2893130509798168e-08,0.0,20.023,7.004,1.0,0.4,19.019,7.004,0,0.0,0.0,1,0,1,0,0,0,1,0,8,2,3,1,1
2,406.612,40,0.0,0.0,0.0,0.0,0.0,0.9947081193401776,2.2893130509798168e-08,0.9721902334786476,0.0,2.15213,2.48625,316.461,0,1,1,0,0,0,1,0,1,0,0.0,21.024,0.0,20.02,0.0,1.0,1.0,0.3,0.3,0.0,2.2601389999999997,1.76769,316.256,0.0,2.2893130509798168e-08,0.0,21.024,7.004,1.0,0.3,20.02,7.004,0,0.0,0.0,1,0,1,0,0,0,1,0,8,2,3,1,1
2,407.612,40,0.0,0.0,0.0,0.0,0.0,0.9950584083939374,2.2893130509798168e-08,0.974613788963086,0.0,2.15213,2.21558,317.142,0,1,1,1,1,1,1,1,1,1,0.0,22.024,0.0,21.02,0.0,1.0,1.0,0.3,0.3,0.0,2.3049280000000003,1.99036,316.2134,0.0,2.2893130509798168e-08,0.0,22.024,7.004,1.0,0.3,21.02,7.004,0,0.0,0.0,1,0,1,0,0,0,1,1,9,2,3,1,1
2,408.615,40,0.0,0.0,0.0,0.0,0.0,0.0,2.2893130509798168e-08,0.9273064302783931,0.0,2.15213,2.50483,314.275,0,1,1,1,1,1,1,1,1,1,1.003,23.026999999999997,1.003,22.023,1.003,1.0,1.0,0.3,0.3,0.0,2.356375,2.02217,316.0221,0.0,2.2893130509798168e-08,0.0,23.026999999999997,7.004,1.0,0.3,22.023,7.004,0,0.0,0.0,1,0,1,0,0,0,1,0,9,2,3,1,1
2,409.618,40,0.0,0.0,0.0,0.0,0.0,0.0,2.2893130509798168e-08,0.8794304161217286,0.0,2.20859,2.27649,316.741,0,1,1,1,1,1,1,1,1,1,2.006,24.029999999999998,2.006,23.026,2.006,1.0,1.0,0.3,0.3,0.0,2.3784289999999997,2.02217,316.1696,0.0,2.2893130509798168e-08,0.0,24.029999999999998,2.006,1.0,0.3,23.026,2.006,0,0.0,0.0,1,0,1,0,0,0,1,0,9,2,3,1,1
2,410.616,41,0.0,0.0,0.0,0.0,0.0,0.0,2.2893130509798168e-08,0.8307296178327128,0.0,2.21558,2.6889,318.931,0,1,1,0,0,0,1,0,1,0,0.0,25.028,0.0,24.023999999999997,0.0,1.0,1.0,0.3,0.3,0.0,2.445102,2.06583,316.5517,0.0,2.2893130509798168e-08,0.0,25.028,2.006,1.0,0.3,24.023999999999997,2.006,0,0.0,0.0,1,0,1,0,0,0,1,1,10,2,3,1,1
2,411.618,41,0.0,0.0,0.0,0.0,0.0,0.0,2.2893130509798168e-08,0.7816346482983357,0.0,2.21558,3.41627,314.57,0,1,1,0,0,0,1,0,1,0,0.0,26.029999999999998,0.0,25.026,0.0,1.0,1.0,0.3,0.3,0.0,2.580146,2.15213,316.1714,0.0,2.2893130509798168e-08,0.0,26.029999999999998,2.006,1.0,0.3,25.026,2.006,0,0.0,0.0,1,0,1,0,0,0,1,0,10,2,3,1,1
2,412.618,41,0.0,0.0,0.0,0.0,0.0,0.0,2.2893130509798168e-08,0.7325949550552433,0.0,2.27649,3.53097,313.722,0,1,1,0,0,0,1,0,1,0,0.0,27.029999999999998,0.0,26.026,0.0,1.0,1.0,0.3,0.3,0.0,2.625242,2.15213,316.0137,0.0,2.2893130509798168e-08,0.0,27.029999999999998,2.006,1.0,0.3,26.026,2.006,0,0.0,0.0,1,0,1,0,0,0,1,0,10,2,3,1,1
2,413.62,41,1.0892842865440369,1.0871100664112143,0.01454643130683131,0.01454643130683131,0.006505361846421183,0.9997098675790037,0.00459998547573362,0.7336044387207864,0.0006505361846421183,2.27649,3.0174,316.712,0,1,1,0,0,0,1,0,1,0,0.0,28.032,0.0,27.028,0.0,1.0,1.0,0.3,0.3,0.0,2.6497409999999997,2.15213,316.1156,0.001454643130683131,0.00459998547573362,0.001454643130683131,28.032,2.006,1.0,0.3,27.028,2.006,0,0.0,0.0,1,0,1,0,0,0,1,1,11,2,3,1,1
2,414.623,41,3.1098836764628612,2.014555722750573,0.04460066739474821,0.0300542360879169,0.019372289093305677,0.9116953736589143,0.014341006734166167,0.7302996802066806,0.002587765093972686,1.78213,1.78213,316.974,0,1,1,0,0,0,1,0,1,0,0.0,29.035,0.0,28.031,0.0,1.0,1.0,0.3,0.3,0.0,2.612741,1.78213,316.0665,0.0059147098701579515,0.014341006734166167,0.004460066739474821,29.035,2.006,1.0,0.3,28.031,2.006,0,0.0,0.0,1,0,1,0,0,0,1,0,11,2,3,1,1
2,415.619,41,2.422521145576874,-0.6901230229778991,9.637953411866758e-07,0.04459970359940702,0.01937214196547643,0.8341894968417315,0.014340962570517948,0.7232169115317519,0.004524979290520329,1.73393,1.73393,319.322,0,1,1,0,0,0,1,0,1,0,0.0,30.031,0.0,29.026999999999997,0.0,1.0,1.0,0.3,0.3,0.0,2.5652749999999997,1.73393,316.485,0.005914806249692071,0.014340962570517948,0.008920037099415523,30.031,2.006,1.0,0.3,29.026999999999997,2.006,0,0.0,0.0,1,0,1,0,0,0,1,0,11,2,3,1,1
2,416.624,41,2.6271071877519723,0.20356820116925223,0.00017242596426175785,0.00017146216892057118,0.019345954727078698,0.6829879196936598,0.014333162372394221,0.7086841214774888,0.006459574763228199,1.73393,1.75725,321.477,0,1,1,1,1,1,1,1,1,1,0.0,31.035999999999998,0.0,30.032,0.0,1.0,1.0,0.4,0.4,0.0,2.492375,1.73393,316.9866,0.005932048846118246,0.014333162372394221,0.00893718331630758,31.035999999999998,2.006,1.0,0.4,30.032,2.006,0,0.0,0.0,1,0,1,0,0,0,1,1,12,2,3,1,1
2,417.626,41,1.237727445283427,-1.3866065294097258,0.0008287124822060505,0.0006562865179442927,0.019222053851084105,0.6528466440782319,0.014297404793386018,0.6927584581087797,0.008381780148336609,1.6748,1.6748,322.017,0,1,1,1,1,1,1,1,1,1,1.002,32.038,1.002,31.034,1.002,1.0,1.0,0.4,0.4,0.0,2.4382969999999995,1.6748,317.4741,0.006014920094338851,0.014297404793386018,0.00900281196810201,32.038,2.006,1.0,0.4,31.034,2.006,0,0.0,0.0,1,0,1,0,0,0,1,0,12,2,3,1,1
2,418.627,41,2.954596904184673,1.7151543045966493,0.021259734570636145,0.020431022088430093,0.019671003077624722,0.6106319253636581,0.014872680127997138,0.6748274145139922,0.010348880456099082,1.47127,1.47127,319.251,0,1,1,0,0,0,1,0,1,0,0.0,33.039,0.0,32.035,0.0,1.0,1.0,0.3,0.3,0.0,2.3349409999999997,1.47127,317.9717,0.008140893551402465,0.014872680127997138,0.011045914176945018,33.039,2.006,1.0,0.3,32.035,2.006,0,0.0,0.0,1,0,1,0,0,0,1,0,12,2,3,1,1
2,419.625,41,1.0212717235641884,-1.9371995797800445,0.001604059126972715,0.01965567544366343,0.009237824661665735,0.5786855437041006,0.014783505386508564,0.6552912438284076,0.011272662922265655,0.887132,0.887132,317.528,0,1,1,1,1,1,1,1,1,1,0.0,34.037,0.0,33.033,0.0,1.0,1.0,0.3,0.3,0.0,2.1960052,0.887132,318.05039999999997,0.008301299464099738,0.014783505386508564,0.013011481721311363,34.037,1.002,1.0,0.3,33.033,1.002,0,0.0,0.0,1,0,1,0,0,0,1,1,13,2,3,1,1
2,420.629,42,0.0,-1.0172029119165222,0.0,0.001604059126972715,0.009237949143881513,0.5786855437041006,0.014783505386508564,0.6358786451559177,0.012196457836653806,0.106531,0.106531,316.761,0,1,1,1,1,1,1,1,1,1,1.004,35.041,1.004,34.037,1.004,1.0,1.0,0.4,0.4,0.0,1.9377683,0.106531,317.8334,0.008301299464099738,0.014783505386508564,0.013171887634008634,35.041,1.004,1.0,0.4,34.037,1.004,0,0.0,0.0,1,0,1,0,0,0,1,0,13,2,3,1,1
2,421.626,42,0.0,0.0,0.0,0.0,0.009259712661022159,0.5786855437041006,0.014783505386508564,0.616462082353213,0.013122429102756022,0.106531,0.118694,316.672,0,1,1,1,1,1,1,1,1,1,2.001,36.038,2.001,35.034,2.001,1.0,1.0,0.5,0.5,0.0,1.6080107,0.106531,318.04359999999997,0.008301299464099738,0.014783505386508564,0.013171887634008634,36.038,2.001,1.0,0.5,35.034,2.001,0,0.0,0.0,1,0,1,0,0,0,1,0,13,2,3,1,1
2,422.627,42,0.0,0.0,0.0,0.0,0.009354126191785125,0.5786855437041006,0.014783505386508564,0.5972925920678401,0.014057841721934536,0.106531,0.918558,314.069,0,1,1,1,1,1,1,1,1,1,3.002,37.039,3.002,36.035,3.002,1.0,1.0,0.6,0.6,0.0,1.3467695,0.106531,318.0783,0.008301299464099738,0.014783505386508564,0.013171887634008634,37.039,3.002,1.0,0.6,36.035,3.002,0,0.0,0.0,1,1,1,0,0,0,1,2,15,2,3,1,1
2,423.629,42,0.0,0.0,0.0,0.0,0.0007173570495679019,0.5786855437041006,0.014816351021382786,0.5770856523254373,0.013479041242249207,0.106531,1.95775,310.098,0,1,1,1,1,1,1,1,1,1,4.004,38.041,4.004,37.037,4.004,1.0,1.0,0.7,0.7,0.0,1.2408044999999999,0.106531,317.41690000000006,0.006846656333416606,0.014816351021382786,0.011717244503325503,38.041,4.004,1.0,0.7,37.037,4.004,0,0.0,0.0,1,1,1,0,0,1,1,0,15,2,3,1,1
2,424.632,42,0.0,0.0,0.0,0.0,0.0,0.5786855437041006,0.006652549359477387,0.5567544145464774,0.011541812332918639,0.106531,2.77721,305.804,0,1,1,1,1,1,1,1,1,1,5.007,39.044,5.007,38.04,5.007,1.0,1.0,0.8,0.8,0.0,1.3403125,0.106531,316.2999,0.0023865895939417852,0.006652549359477387,0.008711820894533812,39.044,5.007,1.0,0.8,38.04,5.007,0,0.0,0.0,1,1,1,0,0,1,1,0,15,2,3,1,1
2,425.632,42,0.0,0.0,0.0,0.0,0.0,0.5786855437041006,0.006652587768585655,0.5366313280439009,0.009604598136370995,0.118694,2.62047,301.925,0,1,1,1,1,1,1,1,1,1,6.007,40.044,6.007,39.04,6.007,1.0,1.0,0.9,0.9,0.0,1.4289665,0.106531,314.5602,0.0023864932144076665,0.006652587768585655,0.00425185053459311,40.044,6.007,1.0,0.9,39.04,6.007,0,0.0,0.0,1,1,1,0,0,1,1,2,17,2,3,1,1
2,426.632,42,0.0,0.0,0.0,0.0,0.0,0.5786855437041006,0.0066591841272999235,0.5158301992620971,0.007670002663663127,0.918558,1.71475,297.241,0,1,1,1,1,1,1,1,0,0,7.007,41.044,7.007,0.0,0.0,1.0,1.0,0.9,0.9,0.0,1.4247165000000002,0.106531,312.1366,0.002369250617981491,0.0066591841272999235,0.0042347043177010536,41.044,7.007,0.9,0.8,39.04,6.007,0,0.0,0.0,0,0,0,0,0,1,0,0,17,2,3,1,1
2,427.633,42,0.10017695154779033,0.10007687467311722,0.006133012576754038,0.006133012576754038,0.002742766605696635,0.5781329521919929,0.006733677264786899,0.49498392645199984,0.006022073939124379,0.617073,0.617073,291.655,0,1,1,1,1,1,1,1,0,0,8.008,42.045,8.008,0.0,0.0,1.0,1.0,0.9,0.9,0.0,1.3189438,0.106531,309.1004,0.0028996806274362895,0.006733677264786899,0.004782376923582027,42.045,8.008,0.8,0.7,39.04,6.007,0,0.0,0.0,0,0,0,0,0,1,0,0,17,2,3,1,1
2,428.633,42,2.0379918885008594,1.937814936953069,0.013968919395246974,0.007835906818492937,0.006162933930688755,0.574429126476444,0.004572897854220353,0.523705382775822,0.004671267024430782,0.617073,1.28451,285.836,0,1,1,1,1,1,1,1,0,0,9.008,43.045,9.008,0.0,0.0,1.0,1.0,1.0,1.0,0.0,1.3002677999999999,0.106531,305.7589,0.0021705991098973725,0.004572897854220353,0.003522865396588312,43.045,9.008,0.7,0.7,39.04,6.007,0,0.0,0.0,0,0,0,0,0,1,0,0,17,2,3,1,1
2,429.637,42,0.11032822083295293,-1.9199837327369587,0.02288672366520649,0.008917804269959514,0.009835417756330568,0.5667758243781067,0.007970391187390763,0.5520441739947274,0.004731026333897266,0.617073,1.25461,283.941,0,1,1,1,1,1,1,1,0,0,10.012,44.049,10.012,0.0,0.0,1.0,1.0,1.0,1.0,0.0,1.3370156,0.106531,302.4002,0.00429886556372075,0.007970391187390763,0.0024490782792179204,44.049,10.012,0.6,0.6,39.04,6.007,0,0.0,0.0,0,0,0,0,0,1,0,0,17,2,3,1,1
2,430.635,43,2.1726666387128737,2.066471360601123,0.03809035462954582,0.01520363096433933,0.014938713190083991,0.40168672377314835,0.013123520859259195,0.5721285101833848,0.005301102738517514,0.153233,0.153233,285.219,0,1,1,0,0,0,1,0,0,0,0.0,45.047,0.0,0.0,0.0,1.0,1.0,0.9,0.9,0.0,1.3416858,0.118694,299.246,0.008107901026675333,0.013123520859259195,0.003809035462954582,45.047,10.012,0.5,0.5,39.04,6.007,0,0.0,0.0,0,0,0,0,0,0,0,0,17,2,3,1,1
2,431.639,43,2.217488624548682,0.044643412187060076,1.6970806784727426,1.6589903238431967,0.7499866457648006,0.2710744394052163,0.5339688987164332,0.5856822321536457,0.07937379604889536,0.153233,97.6416,287.277,0,1,0,0,0,0,0,0,0,0,0.0,0.0,0.0,0.0,0.0,0.9,0.9,0.8,0.8,0.0,11.093976399999999,0.153233,296.3065,0.1778159688739496,0.5339688987164332,0.16970806784727427,45.047,10.012,0.4,0.4,39.04,6.007,0,0.0,0.0,0,0,0,0,0,0,0,0,17,2,3,1,1
2,432.639,43,5.644681624360808,3.4271929998121258,1.1310955344981606,0.565985143974582,0.7867664887604291,0.2540618134945365,0.6069313308953768,0.5983853228283725,0.15711503230575974,0.153233,163.231,294.763,0,1,0,0,0,0,0,0,0,0,0.0,0.0,0.0,0.0,0.0,0.8,0.8,0.7,0.7,0.0,27.3252206,0.153233,294.3759,0.2909255223237657,0.6069313308953768,0.22630658224473246,45.047,10.012,0.3,0.3,39.04,6.007,0,0.0,0.0,0,0,0,0,0,0,0,0,17,2,3,1,1
2,433.64,43,6.47698688762521,0.8314737894749273,0.02936292085787829,1.1017326136402823,0.7840199965050065,0.33429992880958603,0.6054366542363376,0.5651148258899016,0.23544529625130362,0.153233,160.793,305.833,0,1,0,0,0,0,0,0,0,0,0.0,0.0,0.0,0.0,0.0,0.7,0.7,0.6,0.6,0.0,43.2087456,0.153233,293.94939999999997,0.2938618144095535,0.6054366542363376,0.3364798436087607,45.047,10.012,0.2,0.2,39.04,6.007,0,0.0,0.0,0,0,0,0,0,0,0,0,17,2,3,1,1
2,434.64,43,6.400560441469697,-0.07642644615551308,0.21405616913321351,0.18469324827533523,0.7539171140420833,0.5261702681240659,0.5976262350454612,0.5458385706131591,0.3108370076555119,0.153233,148.343,317.87,0,1,0,0,0,0,0,0,0,0,0.0,0.0,0.0,0.0,0.0,0.6,0.6,0.5,0.5,0.0,57.7653246,0.153233,295.156,0.3152674313228748,0.5976262350454612,0.3549491684362942,45.047,10.012,0.1,0.1,39.04,6.007,0,0.0,0.0,0,0,0,0,0,0,0,0,17,2,3,1,1
2,435.648,43,6.516268999765504,0.11479023640457094,0.8506318826404695,0.6365757135072561,0.6806143443134923,0.5917557305237986,0.608210319419628,0.5337168822972626,0.3788984420868612,97.6416,99.2375,328.285,0,1,0,0,0,0,0,0,0,0,0.0,0.0,0.0,0.0,0.0,0.5,0.5,0.4,0.4,0.0,67.4270276,0.153233,297.79200000000003,0.4003306195869218,0.608210319419628,0.41860673978701984,45.047,10.012,0.0,0.0,0.0,0.0,0,0.0,0.0,0,0,0,0,0,0,0,0,17,2,3,1,1
2,436.644,43,3.345864751511393,-3.1831367954358547,1.5211447535211515,0.670512870880682,0.6238140050989848,0.5980550598024116,0.682629695903857,0.5294702393027,0.4412798425967597,12.6474,12.6474,331.628,0,1,0,0,0,0,0,0,0,0,0.0,0.0,0.0,0.0,0.0,0.4,0.4,0.3,0.3,0.0,68.52029259999999,0.153233,301.23069999999996,0.5524450949390369,0.682629695903857,0.485658026875088,45.047,10.012,0.0,0.0,0.0,0.0,0,0.0,0.0,0,0,0,0,0,0,0,0,17,2,3,1,1
2,437.644,43,1.4362601909479606,-1.9096045605634322,0.08466908441909893,1.4364756691020526,0.6390330665110887,0.6480643931234992,0.6760662713072031,0.5292311267549634,0.5049088725872989,7.73756,7.73756,333.05,0,1,0,1,1,0,0,0,0,0,0.0,0.0,0.0,0.0,0.0,0.3,0.3,0.2,0.2,0.0,69.2323413,0.153233,305.3702,0.5602987021232714,0.6760662713072031,0.6286922925276179,45.047,10.012,0.0,0.0,0.0,0.0,0,0.0,0.0,0,0,0,0,0,0,0,0,17,2,3,1,1
2,438.645,43,0.0,-1.4348253655823784,0.0,0.08466908441909893,0.6450055793821886,0.7701700070048448,0.6773337696707492,0.5372080308370227,0.5687931371324488,7.01523,7.01523,336.545,0,1,0,1,1,0,0,0,0,0,0.0,0.0,0.0,0.0,0.0,0.2,0.2,0.1,0.1,0.0,69.8054133,0.153233,310.4411,0.5589018101837466,0.6773337696707492,0.6363756102876785,45.047,10.012,0.0,0.0,0.0,0.0,0,0.0,0.0,0,0,0,0,0,0,0,0,17,2,3,1,1
2,439.647,43,0.0,0.0,0.0,0.0,0.6778273561818481,0.8192590266738209,0.6793817450910519,0.5492367049855088,0.6355923309750006,6.62812,6.62812,340.616,0,1,0,1,1,0,0,0,0,0,0.0,0.0,0.0,0.0,0.0,0.1,0.1,0.0,0.0,0.0,70.3427643,0.153233,316.1086,0.556613137817226,0.6793817450910519,0.6354838298606825,45.047,0.0,0.0,0.0,0.0,0.0,0,0.0,0.0,0,0,0,0,0,0,0,0,17,2,3,1,1
2,440.649,44,0.0,0.0,0.0,0.0,0.6718114688283487,0.8192590266738209,0.6827105471786811,0.5612653791339948,0.701279606538827,6.2002,6.2002,340.288,0,1,0,1,1,0,0,0,0,0,0.0,0.0,0.0,0.0,0.0,0.0,0.0,0.0,0.0,0.0,70.947461,6.2002,321.6155,0.5528041023542715,0.6827105471786811,0.6339634667642485,0.0,0.0,0.0,0.0,0.0,0.0,0,0.0,0.0,0,0,0,0,0,0,0,0,17,2,3,1,1
2,441.65,44,0.0,0.0,0.0,0.0,0.03786516567075171,0.8192590266738209,0.5679454620787767,0.5732940532824808,0.6300674585294221,6.2002,6.35218,341.2,0,1,0,1,1,0,0,0,0,0,0.0,0.0,0.0,0.0,0.0,0.0,0.0,0.0,0.0,0.0,61.818519,6.2002,327.0078,0.3830960345069972,0.5679454620787767,0.46806443437992884,0.0,0.0,0.0,0.0,0.0,0.0,0,0.0,0.0,0,0,0,0,0,0,0,0,17,2,3,1,1
2,442.657,44,0.0,0.0,0.0,0.0,0.0,0.8192590266738209,0.5123345304599617,0.5853227274309669,0.5513908096533793,6.2002,6.58633,347.356,0,1,0,1,1,0,0,0,0,0,0.0,0.0,0.0,0.0,0.0,0.0,0.0,0.0,0.0,0.0,46.154052,6.2002,332.2671,0.26998648105718115,0.5123345304599617,0.41146591998247073,0.0,0.0,0.0,0.0,0.0,0.0,0,0.0,0.0,0,0,0,0,0,0,0,0,17,2,3,1,1
2,443.656,44,0.0,0.0,0.0,0.0,0.0,0.8192590266738209,0.5139484219726059,0.5973514015794528,0.4729888100028787,6.07812,6.07812,353.272,0,1,0,1,1,0,0,0,0,0,0.0,0.0,0.0,0.0,0.0,0.0,0.0,0.0,0.0,0.0,30.682563999999996,6.07812,337.011,0.2670501889713933,0.5139484219726059,0.30129265861844245,0.0,0.0,0.0,0.0,0.0,0.0,0,0.0,0.0,0,0,0,0,0,0,0,0,17,2,3,1,1
2,444.654,44,0.0,0.0,0.0,0.0,0.0,0.8192590266738209,0.5208126403323767,0.6093800757279388,0.39759709859867026,6.07812,6.31984,359.511,0,1,0,1,1,0,0,0,0,0,0.0,0.0,0.0,0.0,0.0,0.0,0.0,0.0,0.0,0.0,16.480248,6.07812,341.17510000000004,0.245644572058072,0.5208126403323767,0.28282333379090896,0.0,0.0,0.0,0.0,0.0,0.0,0,0.0,0.0,0,0,0,0,0,0,0,0,17,2,3,1,1
2,445.658,44,1.4708256611001085,1.4649657979084745,0.1098208091234745,0.1098208091234745,0.04911335890882361,0.7496797934927051,0.47595174836172977,0.6179297882173691,0.33444700005820344,0.66116,0.66116,362.923,0,1,1,0,0,0,1,0,1,0,0.0,0.0,0.0,0.0,0.0,0.1,0.1,0.0,0.0,0.0,6.6226140000000004,0.66116,344.63890000000004,0.1715634647063725,0.47595174836172977,0.2301478433525308,0.0,0.0,0.1,0.0,0.0,0.0,0,0.0,0.0,0,0,0,0,0,0,0,0,17,2,3,1,1
2,446.659,44,2.4496774934327887,0.977873958374306,0.01901330190342988,0.09080750722004462,0.04770343313899704,0.6452986166422738,0.04086917906308436,0.6212604418642778,0.27683594286220464,0.66116,0.861619,363.936,0,1,1,1,1,1,1,1,1,1,0.0,1.001,0.0,1.001,0.0,0.2,0.2,0.1,0.1,0.0,5.4440359,0.66116,347.8697,0.02135031954460033,0.04086917906308436,0.17217730698646708,1.001,0.0,0.2,0.1,1.001,0.0,0,0.0,0.0,0,0,0,0,0,0,0,0,17,2,3,1,1
2,447.657,44,2.573760669030308,0.1243318392760715,0.017424697662680434,0.001588604240749445,0.045954891008961433,0.5528548882299541,0.034297022777360665,0.6199965386661759,0.21752812531199192,0.66116,1.14278,364.085,0,1,1,0,0,0,1,0,1,0,0.0,1.9989999999999999,0.0,1.9989999999999999,0.0,0.3,0.3,0.1,0.1,0.0,4.7845579,0.66116,350.9732,0.014625880868958482,0.034297022777360665,0.028688600500336746,1.9989999999999999,0.0,0.3,0.1,1.9989999999999999,0.0,0,0.0,0.0,0,0,0,0,0,0,0,0,17,2,3,1,1
2,448.664,44,3.641033052987349,1.0598534100864359,0.000522800226424683,0.016901897436255753,0.045872216622166,0.4987621653812423,0.03427264069670075,0.6162131906114158,0.15761478903598966,0.66116,1.62209,364.362,0,1,1,0,0,0,1,0,1,0,0.0,3.006,0.0,3.006,0.0,0.4,0.4,0.1,0.1,0.0,4.2452439,0.66116,353.7549,0.01467816089160095,0.03427264069670075,0.021911881802052433,3.006,0.0,0.4,0.1,3.006,0.0,0,0.0,0.0,1,0,1,0,0,0,1,1,18,2,3,1,1
2,449.661,44,3.6691916122508212,0.02824328913086492,1.4945999191421922e-08,0.0005227852804254915,0.04587221423096106,0.38868592488296166,0.034272639985476874,0.6073086956366585,0.09441927484090096,0.66116,2.24716,365.997,0,1,1,0,0,0,1,0,1,0,0.0,4.003,0.0,4.003,0.0,0.5,0.5,0.1,0.1,0.0,3.8071479000000004,0.66116,356.293,0.014678162386200868,0.034272639985476874,0.021964160330094983,4.003,0.0,0.5,0.1,4.003,0.0,0,0.0,0.0,1,0,1,0,0,0,1,0,17,2,3,1,1
2,450.665,45,3.628870110406254,-0.040160858410923594,1.484179401777655e-08,1.0420517364537192e-10,0.00990174824627921,0.28277050752223454,0.03427263927921165,0.6013628848241128,0.028228302782694004,0.861619,2.73366,368.361,0,1,1,0,0,0,1,0,1,0,0.0,5.007,0.0,5.007,0.0,0.6,0.6,0.1,0.1,0.0,3.4604939000000003,0.66116,359.10029999999995,0.01467816387038027,0.03427263927921165,0.021964160340515498,5.007,0.0,0.6,0.1,5.007,0.0,0,0.0,0.0,1,0,1,0,0,0,1,0,17,2,3,1,1
2,451.667,45,3.447913389604282,-0.18059552974248702,1.4871418357133389e-08,2.962433935683858e-11,0.007737418044937698,0.21965943155061451,0.03427263857153662,0.5987921344313827,0.025215528020112603,1.14278,3.01207,371.28,0,1,1,0,0,0,1,0,1,0,0.0,6.0089999999999995,0.0,6.0089999999999995,0.0,0.7,0.7,0.1,0.1,0.0,3.1264829,0.66116,362.1083,0.014678165357522106,0.03427263857153662,0.02196416034347793,6.0089999999999995,0.0,0.7,0.1,6.0089999999999995,0.0,0,0.0,0.0,1,0,1,0,0,0,1,1,18,2,3,1,1
2,452.669,45,3.6368468178863815,0.18855631565079797,0.06309796354258412,0.06309794867116576,0.028160721183443743,0.17665402245414757,0.036972086782679506,0.5949217448793632,0.02803160013845698,0.64589,0.64589,371.167,0,1,1,0,0,0,1,0,1,0,0.0,7.010999999999999,0.0,7.010999999999999,0.0,0.8,0.8,0.1,0.1,0.0,2.5324389000000003,0.64589,364.4894,0.020987961711780516,0.036972086782679506,0.02827395521059451,7.010999999999999,0.0,0.8,0.1,7.010999999999999,0.0,0,0.0,0.0,1,0,1,0,0,0,1,0,17,2,3,1,1
2,453.666,45,3.624542598371416,-0.01234124324469973,0.10048227757654876,0.03738431403396464,0.04670743819545119,0.33038715258673407,0.04368015022981032,0.5947261060682206,0.0327023439580021,0.64589,6.05622,368.228,0,1,0,0,0,0,0,0,0,0,0.0,0.0,0.0,0.0,0.0,0.8,0.8,0.1,0.1,0.0,2.5302489,0.64589,365.985,0.031036189469435392,0.04368015022981032,0.03201238661399097,7.010999999999999,0.0,0.8,0.1,7.010999999999999,0.0,0,0.0,0.0,0,0,0,0,0,0,0,0,17,2,3,1,1
2,454.669,45,3.6199790086715926,-0.004549939880182742,7.0357058797808255e-06,0.10047524187066897,0.04670620886886247,0.5348576200068462,0.043679594827229946,0.5951604736623597,0.03737296484488835,0.64589,6.40343,366.15,0,1,0,0,0,0,0,0,0,0,0.0,0.0,0.0,0.0,0.0,0.8,0.8,0.1,0.1,0.0,2.5386079,0.64589,366.6489,0.031036893040023373,0.043679594827229946,0.04205991080105787,7.010999999999999,0.0,0.8,0.1,7.010999999999999,0.0,0,0.0,0.0,0,0,0,0,0,0,0,0,17,2,3,1,1
2,455.672,45,5.326404559517158,1.7013215860873037,1.4856591419588892e-08,7.0208492883612365e-06,0.04670620886627109,0.7770827802141363,0.03451486753242365,0.6044268261468766,0.03713224984063309,0.64589,6.71107,362.391,0,1,0,0,0,0,0,0,0,0,0.0,0.0,0.0,0.0,0.0,0.7,0.7,0.1,0.1,0.0,3.1435988999999998,0.64589,366.59569999999997,0.020054813613335064,0.03451486753242365,0.031078531973639252,7.010999999999999,0.0,0.7,0.1,7.010999999999999,0.0,0,0.0,0.0,0,0,0,0,0,0,0,0,16,2,3,1,1
2,456.676,45,6.638021782995963,1.3063916568513996,1.484179401777655e-08,1.4797401812341544e-11,0.046706208871459015,0.9284733477097058,0.035097395322260166,0.6209477405422412,0.03703252741387929,0.64589,6.43023,361.626,0,1,0,0,0,0,0,0,0,0,0.0,0.0,0.0,0.0,0.0,0.6,0.6,0.0,0.0,0.0,3.7004600000000005,0.64589,366.36469999999997,0.01815348490717148,0.035097395322260166,0.02199778125311453,7.010999999999999,0.0,0.6,0.0,7.010999999999999,0.0,1,0.0,0.0,0,0,0,0,0,0,0,0,15,2,3,1,1
2,457.674,45,6.716918920243266,0.07905524774278842,0.0012433452383941957,0.001243330396600178,0.04480046342782825,0.991647399444377,0.03550537127097034,0.6381268908582852,0.03691708465576597,5.74743,5.74743,360.248,0,1,0,0,0,0,0,0,0,0,0.0,0.0,0.0,0.0,0.0,0.5,0.5,0.0,0.0,0.0,4.160925,0.64589,365.981,0.016535349664742856,0.03550537127097034,0.021963253868699607,7.010999999999999,0.0,0.5,0.0,7.010999999999999,0.0,1,0.998,0.0,0,0,0,0,0,0,0,0,15,2,3,1,1
2,458.676,45,6.654961697976251,-0.06183355515670165,0.273420518702346,0.2721771734639518,0.12213875523241342,0.9923602286727851,0.08795955785273143,0.6492364019416822,0.044543738516790714,5.74743,10.5799,357.145,0,1,0,0,0,0,0,0,0,0,0.0,0.0,0.0,0.0,0.0,0.4,0.4,0.0,0.0,0.0,5.056706,0.64589,365.2593,0.04382512151233499,0.08795955785273143,0.047490781471469214,7.010999999999999,0.0,0.4,0.0,7.010999999999999,0.0,0,0.0,0.0,0,0,0,0,0,0,0,0,13,2,3,1,1
2,459.674,45,6.7110195666055725,0.056170209047416216,0.0018789098793954842,0.27154160882295053,0.12193099669649268,0.9916159687034793,0.08785748942907463,0.6578542490431651,0.05214961676334388,5.74743,11.2075,351.587,0,1,0,0,0,0,0,0,0,0,0.0,0.0,0.0,0.0,0.0,0.3,0.3,0.0,0.0,0.0,5.95274,0.64589,363.8183,0.04401301100567462,0.08785748942907463,0.07459266382572172,7.010999999999999,0.0,0.3,0.0,7.010999999999999,0.0,0,0.0,0.0,0,0,0,0,0,0,0,0,13,2,3,1,1
2,460.674,46,6.647802426546578,-0.06321714005899448,0.2059947771423473,0.2041158672629518,0.13288077737641252,0.9892924008051894,0.09973743895232982,0.6663559177497336,0.06444751967635722,5.74743,24.0058,344.745,0,1,0,0,0,0,0,0,0,0,0.0,0.0,0.0,0.0,0.0,0.2,0.2,0.0,0.0,0.0,8.079953999999999,0.64589,361.4567,0.06461248723572995,0.09973743895232982,0.09500425054159638,7.010999999999999,0.0,0.2,0.0,7.010999999999999,0.0,0,0.0,0.0,0,0,0,0,0,0,0,0,13,2,3,1,1
2,461.675,46,6.319005724880012,-0.3284682334331332,0.21887842179290812,0.012883644650560827,0.12914003506501953,0.9788985540293497,0.1076828893026233,0.67433789411751,0.07658778137836539,5.74743,11.517,335.558,0,1,0,0,0,0,0,0,0,0,0.0,0.0,0.0,0.0,0.0,0.1,0.1,0.0,0.0,0.0,8.930447000000001,0.64589,357.8845,0.08650032792787893,0.1076828893026233,0.09629261500369003,7.010999999999999,0.0,0.1,0.0,7.010999999999999,0.0,0,0.0,0.0,0,0,0,0,0,0,0,0,12,2,3,1,1
2,462.676,46,6.709656339167763,0.3902603539338175,0.23907970493929806,0.020201283146389942,0.10703275035616214,0.9793814239028865,0.11737701844763966,0.6823440139789632,0.08447498429563723,2.90205,2.90205,326.043,0,1,1,0,0,0,1,0,1,0,0.0,0.0,0.0,0.0,0.0,0.1,0.1,0.0,0.0,0.0,9.156063,2.90205,353.3721,0.10409850206755031,0.11737701844763966,0.09200294845121244,0.0,0.0,0.1,0.0,0.0,0.0,0,0.0,0.0,0,0,0,0,0,0,0,0,12,2,3,1,1
2,463.68,46,6.895209662649811,0.1848140672131951,0.00031082231958142983,0.23876888261971663,0.12119729952044331,0.9807592357780934,0.12190691051416862,0.6904190244341769,0.09192397042813644,2.90205,3.59831,314.073,0,1,1,0,0,0,1,0,1,0,0.0,1.004,0.0,1.004,0.0,0.2,0.2,0.0,0.0,0.0,8.910271999999999,2.90205,347.9566,0.09408135654185358,0.12190691051416862,0.11214140530978764,1.004,0.0,0.2,0.0,1.004,0.0,0,0.0,0.0,0,0,0,0,0,0,0,0,12,2,3,1,1
2,464.678,46,6.412477798713332,-0.4836992624614018,0.0,0.00031082231958142983,0.12170821056259143,0.9817899784698436,0.12190751379770612,0.698545572023978,0.09942417059750934,2.90205,4.05487,302.076,0,1,1,0,0,0,1,0,1,0,0.0,2.002,0.0,2.002,0.0,0.3,0.3,0.0,0.0,0.0,8.675416,2.90205,341.5492,0.0940806529712656,0.12190751379770612,0.10212496335467888,2.002,0.0,0.3,0.0,2.002,0.0,0,0.0,0.0,0,0,0,0,0,0,0,0,11,2,3,1,1
2,465.68,46,6.658864224413159,0.24589463642697276,0.0,0.0,0.12556360889796492,0.9806293352137658,0.1219075150716388,0.710093049110031,0.10730991060067871,2.90205,3.38003,289.303,0,1,1,0,0,0,1,0,0,0,0.0,3.004,0.0,0.0,0.0,0.4,0.4,0.0,0.0,0.0,8.342312000000002,2.90205,334.24039999999997,0.09408065148560646,0.1219075150716388,0.10212426126975005,3.004,0.0,0.3,0.0,2.002,0.0,0,0.0,0.0,0,0,0,0,0,0,0,0,11,2,3,1,1
2,466.679,46,6.889362413760123,0.23072891826522987,0.0,0.0,0.10688502820334486,0.9806414266092386,0.1219075163443026,0.7268601896083793,0.11332779253386731,2.90205,3.0415,278.388,0,1,1,0,0,0,1,0,0,0,0.0,4.003,0.0,0.0,0.0,0.5,0.5,0.0,0.0,0.0,8.003439,2.90205,325.9166,0.09408065000142705,0.1219075163443026,0.1021242612682703,4.003,0.0,0.3,0.0,2.002,0.0,0,0.0,0.0,0,0,0,0,0,0,0,0,11,2,3,1,1
2,467.68,46,6.473862237718217,-0.41508509095095525,0.015894160553983933,0.015894160553983933,0.007074614057382653,0.980854030529803,0.12075037621686843,0.7482601467233717,0.10955520759682276,2.35377,2.35377,267.97,0,1,1,0,0,0,1,0,0,0,0.0,5.004,0.0,0.0,0.0,0.6,0.6,0.0,0.0,0.0,7.664073,2.35377,316.6888,0.09554573153298604,0.12075037621686843,0.10358934428400868,5.004,0.0,0.3,0.0,2.002,0.0,0,0.0,0.0,0,0,0,0,0,0,0,0,10,2,3,1,1
2,468.685,46,6.86406586136158,0.38826231208294854,0.10226924698212536,0.08637508642814143,0.04449467676559144,0.9814472971787686,0.10365668235785873,0.772394403313248,0.10179079975014056,2.35377,3.00668,258.534,0,1,1,0,0,0,1,0,0,0,0.0,6.009,0.0,0.0,0.0,0.7,0.7,0.0,0.0,0.0,6.906751000000002,2.35377,306.8277,0.07843060436096397,0.10365668235785873,0.08500913558042765,6.009,0.0,0.3,0.0,2.002,0.0,0,0.0,0.0,0,0,0,0,0,0,0,0,10,2,3,1,1
2,469.685,46,6.45785085269068,-0.4062150086709,0.04819219182907146,0.0540770551530539,0.04329917286527278,0.9820191255775584,0.10085307125433993,0.8020610633479779,0.09392761736701856,2.35377,5.29335,252.266,0,1,0,0,0,0,0,0,0,0,0.0,0.0,0.0,0.0,0.0,0.7,0.7,0.0,0.0,0.0,6.315336,2.35377,296.8956,0.08306193255593157,0.10085307125433993,0.06326268021343799,6.009,0.0,0.3,0.0,2.002,0.0,0,0.0,0.0,0,0,0,0,0,0,0,0,10,2,3,1,1
2,470.687,47,4.547699867511439,-1.9063383085621168,0.6232222294721302,0.5750300376430588,0.2630367979585846,0.98273393184371,0.1974264603513095,0.8370592345640515,0.10694321942523577,2.35377,40.3822,248.576,0,1,0,0,0,0,0,0,0,0,0.0,0.0,0.0,0.0,0.0,0.7,0.7,0.0,0.0,0.0,7.952976,2.35377,287.2787,0.12478467778890985,0.1974264603513095,0.10035409725144868,6.009,0.0,0.3,0.0,2.002,0.0,0,0.0,0.0,0,0,0,0,0,0,0,0,9,2,3,1,1
2,471.692,47,2.5611491970742817,-1.9766673337683163,0.6683497585293112,0.04512752905718098,0.3252002796757585,0.9827332264098674,0.26187396911629346,0.8752129243070144,0.12654924388630967,2.06118,2.06118,248.474,0,1,1,1,1,1,1,1,0,0,0.0,0.0,0.0,0.0,0.0,0.8,0.8,0.1,0.1,0.0,7.007394,2.06118,278.5703,0.16973181146255018,0.26187396911629346,0.1035784856921107,6.009,0.0,0.3,0.0,2.002,0.0,0,0.0,0.0,0,0,0,0,0,0,0,0,9,2,3,1,1
2,472.688,47,0.727399652648855,-1.8411140004271351,0.03880010864110385,0.6295496498882074,0.3204725767330404,0.9830747478215637,0.26363370424199833,0.915533960575385,0.1478932265239975,0.182384,0.182384,251.499,0,1,1,1,1,1,1,1,0,0,0.996,0.996,0.996,0.0,0.0,0.8,0.8,0.2,0.2,0.0,6.735427400000001,0.182384,271.1159,0.14970385183273077,0.26363370424199833,0.16451332236629246,6.009,0.996,0.2,0.0,2.002,0.0,0,0.0,0.0,0,0,0,0,0,0,0,0,9,2,3,1,1
2,473.69,47,0.0,-0.7259477571345858,0.0,0.03880010864110385,0.3386876818428749,0.9834937300462088,0.26365329220959133,0.9481892894483588,0.16964226475624064,0.182384,0.386137,257.673,0,1,1,1,1,1,1,1,0,0,1.998,1.998,1.998,0.0,0.0,0.8,0.8,0.3,0.3,0.0,6.4142101,0.182384,265.4759,0.14967276960077264,0.26365329220959133,0.1445164449684312,6.009,1.998,0.1,0.0,2.002,0.0,0,0.0,0.0,0,0,0,0,0,0,0,0,8,2,3,1,1
2,474.693,47,1.9001613853397028,1.8944779514852472,0.003138789839323114,0.003138789839323114,0.34675726041190774,0.9841111377569874,0.2634571039301175,0.9706519653358658,0.19214716974117227,0.182384,1.77443,259.411,0,1,1,0,0,0,1,0,0,0,0.0,3.001,0.0,0.0,0.0,0.8,0.8,0.3,0.3,0.0,6.1861660999999994,0.182384,261.2094,0.14998664858470492,0.2634571039301175,0.14479924172040534,6.009,1.998,0.0,0.0,0.0,0.0,0,0.0,0.0,0,0,0,0,0,0,0,0,8,2,3,1,1
2,475.691,47,3.6657464721396242,1.7691233334668552,0.002350425916252925,0.0007883639230701891,0.2943812715500401,0.9845577872400632,0.2633094329958029,0.9810257156871621,0.2090289360063798,0.182384,3.33947,257.941,0,1,1,0,0,0,1,0,0,0,0.0,3.9989999999999997,0.0,0.0,0.0,0.8,0.8,0.3,0.3,0.0,6.1821101,0.182384,258.0732,0.15022169117633022,0.2633094329958029,0.1448780781127124,6.009,1.998,0.0,0.0,0.0,0.0,0,0.0,0.0,0,0,0,0,0,0,0,0,8,2,3,1,1
2,476.691,47,3.6599143834793613,-0.0058320886602629685,0.0,0.002350425916252925,0.01679669672213769,0.984119629974929,0.2633094329958029,0.9838080298004235,0.2000201028582591,0.182384,4.61703,257.833,0,1,1,0,0,0,1,0,0,0,0.0,4.999,0.0,0.0,0.0,0.8,0.8,0.3,0.3,0.0,6.3396631,0.182384,256.0177,0.15022169117633022,0.2633094329958029,0.14511312070433766,6.009,1.998,0.0,0.0,0.0,0.0,0,0.0,0.0,0,0,0,0,0,0,0,0,7,2,3,1,1
2,477.694,47,3.635233498657579,-0.024607063630889436,0.0,0.0,0.0015289053045429105,0.9853180943517901,0.26425663580944875,0.9834915645457942,0.1994655319829751,0.386137,4.89213,256.012,0,1,1,0,0,0,1,0,0,0,0.0,6.002,0.0,0.0,0.0,0.8,0.8,0.3,0.3,0.0,6.5934991,0.182384,254.8219,0.14863227512093183,0.26425663580944875,0.14352370464893927,6.009,1.998,0.0,0.0,0.0,0.0,0,0.0,0.0,0,0,0,0,0,0,0,0,7,2,3,1,1
2,478.697,47,3.644401847349723,0.00914092591440069,0.0,0.0,0.0015289053045429105,0.9846299296828521,0.2681998113069069,0.9831050495962973,0.19516895483687025,1.77443,4.90413,255.726,0,1,1,0,0,0,1,0,0,0,0.0,7.005,0.0,0.0,0.0,0.8,0.8,0.3,0.3,0.0,6.7832441,0.182384,254.5411,0.1384053504227193,0.2681998113069069,0.13488619600612511,7.005,1.998,0.0,0.0,0.0,0.0,0,0.0,0.0,0,0,0,0,0,0,0,0,7,2,3,1,1
2,479.695,47,3.6586627116609907,0.014289443197662934,0.0,0.0,0.0010511424249707922,0.9833996336802925,0.27042469220189524,0.982694232845138,0.19094415179284005,3.33947,4.08121,257.034,0,1,1,0,0,0,1,0,0,0,0.0,8.003,0.0,0.0,0.0,0.9,0.9,0.3,0.3,0.0,6.6620301,0.182384,255.0179,0.13358613123981214,0.27042469220189524,0.12947849049081972,8.003,1.998,0.0,0.0,0.0,0.0,0,0.0,0.0,0,0,0,0,0,0,0,0,6,2,3,1,1
2,480.698,48,3.6414126856262947,-0.01719843074246854,0.0,0.0,3.845864995903754e-09,0.9826645591262482,0.21013931315757567,0.982362840761191,0.1646404723815681,3.07052,3.07052,258.471,0,1,1,0,0,0,1,0,0,0,0.0,9.006,0.0,0.0,0.0,1.0,1.0,0.3,0.3,0.0,2.9308620999999997,0.182384,256.00739999999996,0.07126390829259911,0.21013931315757567,0.07197548672651385,9.006,1.998,0.0,0.0,0.0,0.0,0,0.0,0.0,0,0,0,0,0,0,0,0,6,2,3,1,1
2,481.7,48,3.6389175012898884,-0.002490203928549177,0.0,0.0,3.845864995903754e-09,0.9884321463074724,0.012132007751117554,0.9828395203750973,0.13212044479857876,2.13194,2.13194,259.657,0,1,1,0,0,0,1,0,0,0,0.0,10.008,0.0,0.0,0.0,1.0,1.0,0.2,0.2,0.0,2.9379380999999998,0.182384,257.1257,0.004428932439667989,0.012132007751117554,0.06746273382079575,10.008,1.998,0.0,0.0,0.0,0.0,0,0.0,0.0,0,0,0,0,0,0,0,0,6,2,3,1,1
2,482.698,48,3.66129109394342,0.022418429512556674,0.0,0.0,3.845864995903754e-09,0.9881170281473928,0.0011720520792104442,0.9832763005873225,0.1000731875098612,1.20739,1.20739,258.774,0,1,1,0,0,0,1,0,0,0,0.0,11.006,0.0,0.0,0.0,1.0,1.0,0.1,0.1,0.0,3.0404387,0.386137,257.85319999999996,0.0005489215755576039,0.0011720520792104442,0.004507768831975008,11.006,1.998,0.0,0.0,0.0,0.0,0,0.0,0.0,0,0,0,0,0,0,0,0,4,2,2,1,0
2,483.699,48,3.5769265517875444,-0.08428026189398166,0.0,0.0,3.845864995903754e-09,0.9869333234421692,0.0011720520792104442,0.9835850049705261,0.06620441971016022,0.599378,0.599378,259.259,0,1,1,0,0,0,1,0,0,0,0.0,12.007,0.0,0.0,0.0,1.0,1.0,0.0,0.0,0.0,3.0617628,0.599378,258.0118,0.0005489215755576039,0.0011720520792104442,0.0006277579678646228,12.007,0.0,0.0,0.0,0.0,0.0,0,0.0,0.0,0,0,0,0,0,0,0,0,4,2,2,1,0
2,484.704,48,3.645465329457482,0.06819778872630602,0.0,0.0,3.845864995903754e-09,0.9864820306876929,0.0007432699370830347,0.9838196075814187,0.03152869405355594,0.584503,0.584503,260.497,0,1,1,0,0,0,1,0,0,0,0.0,13.011999999999999,0.0,0.0,0.0,1.0,1.0,0.0,0.0,0.0,2.9427700999999997,0.584503,258.1204,0.0002350425916252925,0.0007432699370830347,0.0003138789839323114,13.011999999999999,0.0,0.0,0.0,0.0,0.0,0,0.0,0.0,0,0,0,0,0,0,0,0,4,2,2,1,0
2,485.702,48,3.659246913840962,0.01380920278905821,0.0,0.0,3.845864995903754e-09,0.9892029115524613,2.433261248059394e-08,0.9842482863983536,0.002090567283138428,0.490986,0.490986,260.574,0,1,1,0,0,0,1,0,0,0,0.0,14.01,0.0,0.0,0.0,1.0,1.0,0.0,0.0,0.0,2.6579217,0.490986,258.3837,0.0,2.433261248059394e-08,0.0002350425916252925,14.01,0.0,0.0,0.0,0.0,0.0,0,0.0,0.0,0,0,0,0,0,0,0,0,2,1,1,0,0
2,486.704,48,4.786628710137405,1.1251315332299832,0.0,0.0,3.845864995903754e-09,0.9909043366486632,2.433261248059394e-08,0.9847614319003247,0.0004108979955111585,0.490986,0.497715,259.881,0,1,1,0,0,0,1,0,0,0,0.0,15.011999999999999,0.0,0.0,0.0,1.0,1.0,0.0,0.0,0.0,2.2459902000000005,0.490986,258.5885,0.0,2.433261248059394e-08,0.0,15.011999999999999,0.0,0.0,0.0,0.0,0.0,0,0.0,0.0,0,0,0,0,0,0,0,0,2,1,1,0,0
2,487.704,48,6.660296914169727,1.873668204032322,0.0,0.0,3.845864995903754e-09,0.9905139274159113,2.433261248059394e-08,0.9852444267446302,0.000258007849643367,0.359909,0.359909,257.306,0,1,1,0,0,0,1,0,0,0,0.0,16.012,0.0,0.0,0.0,1.0,1.0,0.0,0.0,0.0,1.7927681,0.359909,258.7179,0.0,2.433261248059394e-08,0.0,16.012,0.0,0.0,0.0,0.0,0.0,0,0.0,0.0,0,0,0,0,0,0,0,0,2,1,1,0,0
2,488.706,48,6.672940466696005,0.012618315894488823,0.04337408932514785,0.04337408932514785,0.0193974824386361,0.9903860079510148,0.013716091370327867,0.9856913622832424,0.002044865563052686,0.359909,2.08713,251.691,0,1,1,0,0,0,1,0,0,0,0.0,17.014,0.0,0.0,0.0,1.0,1.0,0.0,0.0,0.0,1.5110681,0.359909,258.3144,0.004337408932514785,0.013716091370327867,0.004337408932514785,17.014,0.0,0.0,0.0,0.0,0.0,0,0.0,0.0,0,0,0,0,0,0,0,0,2,1,1,0,0
2,489.708,48,6.684280978263305,0.011317875815668867,0.027667907339765006,0.015706181985382844,0.020232595380476334,0.9919768538480427,0.015427710251144087,0.9861892486967665,0.00396301085860324,0.359909,3.681,245.361,0,1,1,0,0,0,1,0,0,0,0.0,18.016,0.0,0.0,0.0,1.0,1.0,0.0,0.0,0.0,1.4710471000000003,0.359909,257.14709999999997,0.007104199666491286,0.015427710251144087,0.005908027131053069,18.016,0.0,0.0,0.0,0.0,0.0,0,0.0,0.0,0,0,0,0,0,0,0,0,2,1,1,0,0
2,490.708,49,6.710133414471018,0.025852436207713048,0.03913263773178798,0.011464730392022976,0.020919476835629787,0.9926576017177654,0.018148593611736735,0.9866854321904694,0.006054958157579719,0.359909,6.20403,239.415,0,1,0,0,0,0,0,0,0,0,0.0,0.0,0.0,0.0,0.0,0.9,0.9,0.0,0.0,0.0,1.7843981,0.359909,255.2415,0.011017463439670083,0.018148593611736735,0.007054500170255368,18.016,0.0,0.0,0.0,0.0,0.0,0,0.0,0.0,0,0,0,0,0,0,0,0,2,1,1,0,0
2,491.707,49,6.472164114470401,-0.23820750750812503,0.11373845313146523,0.07460581539967726,0.0420927833026471,0.9963994457861737,0.03666805558172355,0.9873687431592847,0.01026423610325793,0.359909,1.16936,233.925,0,1,1,0,0,0,1,0,0,0,0.0,0.0,0.0,0.0,0.0,0.9,0.9,0.0,0.0,0.0,1.6881401,0.359909,252.6683,0.022391308752816606,0.03666805558172355,0.014515081710223093,18.016,0.0,0.0,0.0,0.0,0.0,0,0.0,0.0,0,0,0,0,0,0,0,0,2,1,1,0,0
2,492.707,49,6.5595025106788665,0.08733839620846506,0.44537853126640947,0.3316400781349442,0.17740237152672528,0.9965679748573543,0.13771207192790838,0.9880434045110743,0.028004472871343954,1.16936,25.5579,228.109,0,1,0,0,0,0,0,0,0,0,0.0,0.0,0.0,0.0,0.0,0.8,0.8,0.0,0.0,0.0,4.1231911000000006,0.359909,249.6018,0.06692916187945755,0.13771207192790838,0.047679089523717515,18.016,0.0,0.0,0.0,0.0,0.0,0,0.0,0.0,0,0,0,0,0,0,0,0,2,1,1,0,0
2,493.711,49,6.5331348635491135,-0.026262596742781797,0.15887153058581946,0.28650700068059,0.1700417138089748,0.9876432572437278,0.13829573903714804,0.9882508808709503,0.04500864386765493,1.16936,17.4574,223.242,0,1,0,0,0,0,0,0,0,0,0.0,0.0,0.0,0.0,0.0,0.7,0.7,0.0,0.0,0.0,5.8089933,0.359909,246.00010000000003,0.08281631493803951,0.13829573903714804,0.07632978959177653,18.016,0.0,0.0,0.0,0.0,0.0,0,0.0,0.0,0,0,0,0,0,0,0,0,2,1,1,0,0
2,494.713,49,6.708918067521605,0.17543233929390356,0.19489109970935742,0.03601956912353796,0.15393754690848688,0.9687980631775577,0.13905848658009054,0.9874852271419787,0.06040239817391713,1.16936,7.75919,220.859,0,1,0,0,0,0,0,0,0,0,0.0,0.0,0.0,0.0,0.0,0.6,0.6,0.0,0.0,0.0,6.526462,0.359909,242.03629999999998,0.10230542490897525,0.13905848658009054,0.0799317465041303,18.016,0.0,0.0,0.0,0.0,0.0,0,0.0,0.0,0,0,0,0,0,0,0,0,2,1,1,0,0
2,495.712,49,5.1626618707898615,-1.5478040007324758,0.07113135970417962,0.1237597400051778,0.14656511061375935,0.9692803584508126,0.13500404090732382,0.9867213557025162,0.07505890885070657,1.16936,4.00976,219.596,0,1,1,0,0,0,1,0,0,0,0.0,0.0,0.0,0.0,0.0,0.6,0.6,0.0,0.0,0.0,6.878339399999999,0.359909,237.93849999999998,0.10941856087939321,0.13500404090732382,0.0923077205046481,18.016,0.0,0.0,0.0,0.0,0.0,0,0.0,0.0,0,0,0,0,0,0,0,0,2,1,1,0,0
2,496.713,49,4.055966614603174,-1.1055896665201672,0.00033630313109995157,0.07079505657307968,0.16959700653258197,0.9691183396424877,0.13497379405414028,0.985971291185894,0.09201860911937824,4.00976,4.20789,219.43,0,1,1,0,0,0,1,0,0,0,0.0,1.001,0.0,0.0,0.0,0.6,0.6,0.0,0.0,0.0,7.2493568999999995,0.359909,233.89339999999999,0.1094521911925032,0.13497379405414028,0.09938722616195605,18.016,0.0,0.0,0.0,0.0,0.0,0,0.0,0.0,0,0,0,0,0,0,0,0,2,1,1,0,0
2,497.716,49,3.882007019929448,-0.17343927684319665,0.0032957461715235454,0.0029594430404235937,0.08883472868285222,0.9688496170835491,0.13468054722222203,0.985147867322482,0.10090208160307698,4.00976,4.25956,219.327,0,1,1,0,0,0,1,0,0,0,0.0,2.0039999999999996,0.0,0.0,0.0,0.6,0.6,0.0,0.0,0.0,7.639321999999998,1.16936,230.0955,0.10978176580965555,0.13468054722222203,0.09968317046599842,18.016,0.0,0.0,0.0,0.0,0.0,0,0.0,0.0,0,0,0,0,0,0,0,0,2,1,1,0,0
2,498.713,49,3.8151323241520703,-0.06707592354802187,0.15785424309787155,0.15455849692634802,0.08862618350464341,0.9685560531607914,0.13326667551128327,0.9843441734963791,0.1078249517096777,4.00976,4.7369,216.194,0,1,1,0,0,0,1,0,0,0,0.0,3.001,0.0,0.0,0.0,0.6,0.6,0.0,0.0,0.0,7.904299,1.16936,226.5458,0.12122978118692793,0.13326667551128327,0.11080161122611842,18.016,0.0,0.0,0.0,0.0,0.0,0,0.0,0.0,0,0,0,0,0,0,0,0,2,1,1,0,0
2,499.718,49,5.4063435665466235,1.5832947685517944,0.0454366777763193,0.11241756532155225,0.06440158587765114,0.9683314147768569,0.1319929537610091,0.9835907625512073,0.11224185075939519,2.21222,2.21222,210.78,0,1,1,0,0,0,1,0,0,0,0.0,4.006,0.0,0.0,0.0,0.6,0.6,0.0,0.0,0.0,7.757420999999999,1.16936,223.08769999999998,0.12300665823058335,0.1319929537610091,0.12047274955973539,4.006,0.0,0.0,0.0,0.0,0.0,0,0.0,0.0,0,0,0,0,0,0,0,0,2,1,1,0,0
2,500.719,50,6.646293874952575,1.2387115968091427,0.1289035216586226,0.0834668438823033,0.07254939725157933,0.9662425460247225,0.12866550047250389,0.982769661896131,0.11740484280099014,2.21222,5.08997,205.93,0,1,0,0,0,0,0,0,0,0,0.0,0.0,0.0,0.0,0.0,0.6,0.6,0.0,0.0,0.0,7.646015,1.16936,219.73919999999998,0.13198374662326678,0.12866550047250389,0.1276729609087634,4.006,0.0,0.0,0.0,0.0,0.0,0,0.0,0.0,0,0,0,0,0,0,0,0,2,1,1,0,0
2,501.717,50,6.753307586983223,0.10722816836738279,0.23720391574226107,0.10830039408363848,0.09257351643431387,0.9621405606387186,0.13258427940815484,0.9814550826126933,0.1224529161141568,2.21222,18.4547,205.44,0,1,0,0,0,0,0,0,0,0,0.0,0.0,0.0,0.0,0.0,0.5,0.5,0.0,0.0,0.0,9.374548999999998,2.21222,216.8907,0.1443302928843464,0.13258427940815484,0.13104241877715953,4.006,0.0,0.0,0.0,0.0,0.0,0,0.0,0.0,0,0,0,0,0,0,0,0,2,1,1,0,0
2,502.718,50,6.70243328404936,-0.050823479454408786,0.17146832637779105,0.06573558936447002,0.0698014458229605,0.9633125219789933,0.0821996697143624,0.9802148573042733,0.11169282354378034,2.21222,7.84743,204.757,0,1,0,0,0,0,0,0,0,0,0.0,0.0,0.0,0.0,0.0,0.5,0.5,0.0,0.0,0.0,7.603502000000001,2.21222,214.5555,0.11693927239548456,0.0821996697143624,0.1044519699001121,4.006,0.0,0.0,0.0,0.0,0.0,0,0.0,0.0,0,0,0,0,0,0,0,0,2,1,1,0,0
2,503.718,50,6.750185183711631,0.04775189966227078,0.1583498025653511,0.013118523812439942,0.06981897798711569,0.9645452133950314,0.08217025808401872,0.9790954518019165,0.10167054996159444,2.21222,2.23327,203.098,0,1,1,0,0,0,1,0,0,0,0.0,0.0,0.0,0.0,0.0,0.6,0.6,0.0,0.0,0.0,6.0810889999999995,2.21222,212.5411,0.11688709959343772,0.08217025808401872,0.07711312221329711,4.006,0.0,0.0,0.0,0.0,0.0,0,0.0,0.0,0,0,0,0,0,0,0,0,2,1,1,0,0
2,504.722,50,4.827671592327538,-1.9148541746853518,0.0018614623082144112,0.1564883402571367,0.08657363922350092,0.9649683890389672,0.08445103178740387,0.9780197697194802,0.09493415919309584,2.23327,3.25829,203.89,0,1,1,0,0,0,1,0,0,0,0.0,1.004,0.0,0.0,0.0,0.7,0.7,0.0,0.0,0.0,5.630999,2.21222,210.8442,0.09758413585332343,0.08445103178740387,0.08915999932665698,4.006,0.0,0.0,0.0,0.0,0.0,0,0.0,0.0,0,0,0,0,0,0,0,0,2,1,1,0,0
2,505.72,50,4.686734632666634,-0.14121939845781922,0.14080116718178565,0.13893970487357124,0.08637087318149643,0.9652299535289426,0.08489887131370266,0.976821121818304,0.08891473544986954,2.23327,4.79154,205.208,0,1,1,0,0,0,1,0,0,0,0.0,2.002,0.0,0.0,0.0,0.7,0.7,0.0,0.0,0.0,5.7091769999999995,2.21222,209.40540000000001,0.10455111660108403,0.08489887131370266,0.09067799581349631,4.006,0.0,0.0,0.0,0.0,0.0,0,0.0,0.0,0,0,0,0,0,0,0,0,2,1,1,0,0
2,506.721,50,6.597070337429615,1.908427277485496,0.019068218290778205,0.12173294889100744,0.08115417162734558,0.9655881429746533,0.08251725425324853,0.9755553121346038,0.0800704519593459,2.23327,5.08207,200.832,0,1,0,0,0,0,0,0,0,0,0.0,0.0,0.0,0.0,0.0,0.6,0.6,0.0,0.0,0.0,5.796595,2.21222,207.5456,0.10642430811705186,0.08251725425324853,0.0957717850452891,4.006,0.0,0.0,0.0,0.0,0.0,0,0.0,0.0,0,0,0,0,0,0,0,0,2,1,1,0,0
2,507.722,50,6.723415606798346,0.12621905031841218,0.08378215537408396,0.06471393708330575,0.07011616616949905,0.9660368367227147,0.07491568284908959,0.9743314575999438,0.0781985957080106,1.27395,1.27395,195.059,0,1,1,0,0,0,1,0,0,0,0.0,0.0,0.0,0.0,0.0,0.6,0.6,0.0,0.0,0.0,5.498034,1.27395,205.11880000000002,0.1144729490373079,0.07491568284908959,0.10194723444957732,4.006,0.0,0.0,0.0,0.0,0.0,0,0.0,0.0,0,0,0,0,0,0,0,0,2,1,1,0,0
2,508.725,50,6.735091992160601,0.011641460979317508,0.0014939258544827132,0.08228822951960124,0.06126015721560644,0.9658192037841625,0.0809311806103318,0.9731031173916012,0.07546199307910689,1.27395,1.61313,188.827,0,1,1,0,0,0,1,0,0,0,0.0,1.003,0.0,0.0,0.0,0.6,0.6,0.0,0.0,0.0,5.185657,1.27395,202.38209999999998,0.09883691731296901,0.0809311806103318,0.09472020770890263,4.006,0.0,0.0,0.0,0.0,0.0,0,0.0,0.0,0,0,0,0,0,0,0,0,1,1,1,0,0
2,509.724,50,6.446167388691387,-0.2892138172865013,0.06883425288220471,0.067340327027722,0.05529861777216774,0.9654727970403558,0.0795421157438898,0.971777914551217,0.07455169626855855,1.16096,1.16096,183.554,0,1,1,0,0,0,1,0,0,0,0.0,2.002,0.0,0.0,0.0,0.6,0.6,0.0,0.0,0.0,5.080531,1.16096,199.6595,0.10117667482355755,0.0795421157438898,0.0902124838795196,2.002,0.0,0.0,0.0,0.0,0.0,0,0.0,0.0,0,0,0,0,0,0,0,0,1,1,1,0,0
2,510.727,51,4.339212474874483,-2.100652954952048,0.03923782498388604,0.02959642789831867,0.03405472113150299,0.9635206283808655,0.08110773559570073,0.970321065884372,0.07070222865655092,1.16096,2.34268,180.485,0,1,1,0,0,0,1,0,0,0,0.0,3.005,0.0,0.0,0.0,0.7,0.7,0.0,0.0,0.0,4.805802,1.16096,197.115,0.09221010515608388,0.08110773559570073,0.08482544228112114,3.005,0.0,0.0,0.0,0.0,0.0,0,0.0,0.0,0,0,0,0,0,0,0,0,1,1,1,0,0
2,511.727,51,4.482066435964007,0.14285396108952408,0.0014595854347845322,0.037778239549101506,0.03778743698908114,0.9623549784219076,0.06738042557443895,0.9686188425161586,0.06522362071202764,1.06459,1.06459,177.276,0,1,1,0,0,0,1,0,0,0,0.0,4.005,0.0,0.0,0.0,0.8,0.8,0.0,0.0,0.0,3.066791,1.06459,194.2986,0.06863567212533624,0.06738042557443895,0.07777322682766745,4.005,0.0,0.0,0.0,0.0,0.0,0,0.0,0.0,0,0,0,0,0,0,0,0,0,0,0,0,0
2,512.729,51,6.468885247760856,1.9828531055856775,0.3250483423742264,0.3235887569394419,0.13592870705972693,0.9622721332137785,0.10202141186347283,0.9669040504339799,0.07183634683570429,1.06459,18.6464,173.663,0,1,0,0,0,0,0,0,0,0,0.0,0.0,0.0,0.0,0.0,0.8,0.8,0.0,0.0,0.0,4.146688,1.06459,191.1892,0.08399367372497978,0.10202141186347283,0.10355854358516466,4.005,0.0,0.0,0.0,0.0,0.0,0,0.0,0.0,0,0,0,0,0,0,0,0,0,0,0,0,0
2,513.731,51,6.58820305808725,0.11907965102434541,0.10610485381914808,0.21894348855507834,0.12720704883762407,0.9620450021984459,0.0990860642907236,0.9656241376817156,0.07757515392075513,1.06459,14.0905,172.586,0,1,0,0,0,0,0,0,0,0,0.0,0.0,0.0,0.0,0.0,0.7,0.7,0.0,0.0,0.0,5.332411,1.06459,188.13799999999998,0.07876917885035947,0.0990860642907236,0.12414104005942847,4.005,0.0,0.0,0.0,0.0,0.0,0,0.0,0.0,0,0,0,0,0,0,0,0,0,0,0,0,0
2,514.728,51,5.643348080933647,-0.9476980713677059,0.26370663836060004,0.15760178454145196,0.14123446921026525,0.9784566474976055,0.11045019524846338,0.9661070668977182,0.08304123691943156,0.380007,0.380007,171.767,0,1,1,0,0,0,1,0,0,0,0.0,0.0,0.0,0.0,0.0,0.7,0.7,0.0,0.0,0.0,5.0445827,0.380007,184.9257,0.10495369645559802,0.11045019524846338,0.12425238448786,4.005,0.0,0.0,0.0,0.0,0.0,0,0.0,0.0,0,0,0,0,0,0,0,0,0,0,0,0,0
2,515.733,51,5.445784203359645,-0.1965809727104494,0.12058526052799313,0.14312137783260692,0.12993473365104646,0.9770817142120484,0.10990483106534296,0.9664971346857799,0.08739762296638656,0.380007,7.73101,170.287,0,1,0,0,0,0,0,0,0,0,0.0,0.0,0.0,0.0,0.0,0.6,0.6,0.0,0.0,0.0,5.3385297,0.380007,181.4336,0.10293210579021879,0.10990483106534296,0.12467055178376359,4.005,0.0,0.0,0.0,0.0,0.0,0,0.0,0.0,0,0,0,0,0,0,0,0,0,0,0,0,0
2,516.734,51,6.70132588482312,1.2542873940694057,0.13556366018253238,0.014978399654539246,0.09809515342309968,0.976449734684952,0.10613732977237994,0.9668637044379033,0.08909172114596198,0.360994,0.360994,167.539,0,1,1,0,0,0,1,0,0,0,0.0,0.0,0.0,0.0,0.0,0.7,0.7,0.0,0.0,0.0,4.8664221,0.360994,178.10430000000002,0.1145816499793942,0.10613732977237994,0.11399509686011675,4.005,0.0,0.0,0.0,0.0,0.0,0,0.0,0.0,0,0,0,0,0,0,0,0,0,0,0,0,0
2,517.734,51,6.670839467533303,-0.030486417289817602,0.12200553272048353,0.013558127462048847,0.06463838061448175,0.9768421588870392,0.10559177022346894,0.9672633315280776,0.08854394259046025,0.360994,7.45972,164.942,0,1,0,0,0,0,0,0,0,0,0.0,0.0,0.0,0.0,0.0,0.6,0.6,0.0,0.0,0.0,5.4849991000000005,0.360994,175.0926,0.11840398771403418,0.10559177022346894,0.10887951589799108,4.005,0.0,0.0,0.0,0.0,0.0,0,0.0,0.0,0,0,0,0,0,0,0,0,0,0,0,0,0
2,518.736,51,4.604944940680782,-2.0617709848827555,0.16108765965698815,0.03908212693650462,0.059893127217861775,0.9769273792479591,0.0977260995219461,0.967681897832436,0.08840723959068578,0.360994,2.29158,163.785,0,1,1,0,0,0,1,0,0,0,0.0,0.0,0.0,0.0,0.0,0.6,0.6,0.0,0.0,0.0,5.5528441,0.360994,172.5884,0.1343633610942847,0.0977260995219461,0.1045589056396814,4.005,0.0,0.0,0.0,0.0,0.0,0,0.0,0.0,0,0,0,0,0,0,0,0,0,0,0,0,0
2,519.738,51,4.000838554193403,-0.6029005853167453,0.08838330926605124,0.07270435039093691,0.026371245356745843,0.9767652708250466,0.09645689845295122,0.9681035906348455,0.0855145023491436,0.360994,3.09788,163.886,0,1,1,0,0,0,1,0,0,0,0.0,1.002,0.0,0.0,0.0,0.6,0.6,0.0,0.0,0.0,5.7465361,0.360994,170.6216,0.13631826673266936,0.09645689845295122,0.10509530797600289,4.005,0.0,0.0,0.0,0.0,0.0,0,0.0,0.0,0,0,0,0,0,0,0,0,0,0,0,0,0
2,520.737,52,3.2291399421963964,-0.7724710830800867,0.0032860972565286408,0.0850972120095226,0.061130842707288024,0.9774303990989782,0.10103854743237466,0.9686629832885583,0.0882221145067221,0.360994,3.69422,164.729,0,1,1,0,0,0,1,0,0,0,0.0,2.001,0.0,0.0,0.0,0.6,0.6,0.0,0.0,0.0,5.8816901,0.360994,169.046,0.1327230939599336,0.10103854743237466,0.11064538638712326,4.005,0.0,0.0,0.0,0.0,0.0,0,0.0,0.0,0,0,0,0,0,0,0,0,0,0,0,0,0
2,521.737,52,0.19416488765954834,-3.034975054536848,2.1584335847446325e-05,0.0032645129206811943,0.0717013869553723,0.9800254920078773,0.10124693016287868,0.9695572298570161,0.0916135095033512,2.29158,4.18521,168.388,0,1,1,0,0,0,1,0,0,0,0.0,3.001,0.0,0.0,0.0,0.6,0.6,0.0,0.0,0.0,6.193752099999999,0.360994,168.15720000000002,0.13257929385003991,0.10124693016287868,0.10719401372428124,3.001,0.0,0.0,0.0,0.0,0.0,0,0.0,0.0,0,0,0,0,0,0,0,0,0,0,0,0,0
2,522.736,52,4.008431404680986,3.818084601623061,1.845754119784289e-05,3.1267946496034337e-06,0.07244026353480941,0.978545448699281,0.0831478374719112,0.9703188761930306,0.08526466515085945,2.29158,4.47164,170.405,0,1,1,0,0,0,1,0,0,0,0.0,4.0,0.0,0.0,0.0,0.7,0.7,0.0,0.0,0.0,4.7762761000000005,0.360994,167.8314,0.10007630536673706,0.0831478374719112,0.07483545070980202,4.0,0.0,0.0,0.0,0.0,0.0,0,0.0,0.0,0,0,0,0,0,0,0,0,0,0,0,0,0
2,523.74,52,4.062054798300263,0.05340975460087321,2.098946638988747e-08,1.8436551731453003e-05,0.03917997971999541,0.9782585568783077,0.08886641762257806,0.9710045433671946,0.07646195823909659,3.09788,4.05526,172.832,0,1,1,0,0,0,1,0,0,0,0.0,5.004,0.0,0.0,0.0,0.8,0.8,0.0,0.0,0.0,3.7727520999999995,0.360994,167.856,0.08946582208376888,0.08886641762257806,0.05294294550946734,5.004,0.0,0.0,0.0,0.0,0.0,0,0.0,0.0,0,0,0,0,0,0,0,0,0,0,0,0,0
2,524.739,52,1.0879241399521424,-2.977107766114235,2.1094518774221237e-08,1.050523843337684e-10,0.0014651403897174714,0.9774959225875368,0.06812187698894598,0.9716309200446229,0.06248502535704181,3.69422,3.99366,178.431,0,1,1,0,0,0,1,0,0,0,0.0,6.003,0.0,0.0,0.0,0.8,0.8,0.0,0.0,0.0,4.134117399999999,0.360994,168.5224,0.06309516035716076,0.06812187698894598,0.03718276706582738,6.003,0.0,0.0,0.0,0.0,0.0,0,0.0,0.0,0,0,0,0,0,0,0,0,0,0,0,0,0
2,525.742,52,0.0,-1.0846701295634522,2.1010393076218364e-08,8.412569800287299e-11,1.1010041600156067e-05,0.9763777997363172,0.06748425010742859,0.9721883123549917,0.04949265299609718,3.99366,4.15492,184.932,0,1,1,0,0,0,1,0,0,0,0.0,7.006,0.0,0.0,0.0,0.9,0.9,0.0,0.0,0.0,3.7765084,0.360994,169.9869,0.05103663640540075,0.06748425010742859,0.022870629290979255,7.006,0.0,0.0,0.0,0.0,0.0,0,0.0,0.0,0,0,0,0,0,0,0,0,0,0,0,0,0
2,526.745,52,0.0,0.0,2.1010393076218364e-08,0.0,8.24506172106442e-06,0.9756188791943338,0.06201190248551441,0.9726898491659757,0.03968396215995932,3.47919,3.47919,189.626,0,1,1,0,0,0,1,0,0,0,0.0,8.009,0.0,0.0,0.0,0.9,0.9,0.0,0.0,0.0,4.088328,2.29158,172.19559999999998,0.03748027248818682,0.06201190248551441,0.021372789325525332,8.009,0.0,0.0,0.0,0.0,0.0,0,0.0,0.0,0,0,0,0,0,0,0,0,0,0,0,0,0
2,527.747,52,0.0,0.0,2.1031361532382254e-08,2.0968456163889883e-11,5.0673490240840885e-09,0.9737535445429255,0.05515735026321762,0.9730756845569861,0.033220124605246044,2.93218,2.93218,193.309,0,1,1,0,0,0,1,0,0,0,0.0,9.011,0.0,0.0,0.0,1.0,1.0,0.0,0.0,0.0,3.6355739999999996,2.29158,175.0323,0.02527972131927462,0.05515735026321762,0.020016976581417288,9.011,0.0,0.0,0.0,0.0,0.0,0,0.0,0.0,0,0,0,0,0,0,0,0,0,0,0,0,0
2,528.744,52,0.0,0.0,2.1136834759726197e-08,1.0547322734394266e-10,5.067503062856985e-09,0.9713723074885559,0.027851479094789248,0.973353339742206,0.027230812390210173,2.42026,2.42026,197.012,0,1,1,0,0,0,1,0,0,0,0.0,10.008,0.0,0.0,0.0,1.0,1.0,0.0,0.0,0.0,3.648442,2.42026,178.35500000000002,0.009170957467259279,0.027851479094789248,0.016108763898314154,10.008,0.0,0.0,0.0,0.0,0.0,0,0.0,0.0,0,0,0,0,0,0,0,0,0,0,0,0,0
2,529.749,52,0.0,0.0,2.0968581348703502e-08,1.6825341102269447e-10,5.0675810752352075e-09,0.9686593333857924,0.0010377766644329967,0.9735126665594777,0.024593688361293695,2.07434,2.07434,200.822,0,1,1,0,0,0,1,0,0,0,0.0,11.013,0.0,0.0,0.0,1.0,1.0,0.0,0.0,0.0,3.5460879999999997,2.07434,182.0486,0.00033262863751228874,0.0010377766644329967,0.008838328876045801,11.013,0.0,0.0,0.0,0.0,0.0,0,0.0,0.0,0,0,0,0,0,0,0,0,0,0,0,0,0
2,530.747,53,0.0,0.0,2.1115655566580177e-08,1.470742178766751e-10,5.0676900495163565e-09,0.9680043133254735,8.464874448183833e-06,0.973736850806708,0.0184806045973339,2.07434,2.16329,204.898,0,1,1,0,0,0,1,0,0,0,0.0,12.011,0.0,0.0,0.0,1.0,1.0,0.0,0.0,0.0,3.392995,2.07434,186.06550000000001,4.021023424981315e-06,8.464874448183833e-06,0.0003286076898009646,12.011,0.0,0.0,0.0,0.0,0.0,0,0.0,0.0,0,0,0,0,0,0,0,0,0,0,0,0,0
2,531.749,53,0.0,0.0,2.1031361532382254e-08,8.42940341979233e-11,5.0676551017780375e-09,0.9661341231982405,5.830182749513776e-06,0.9739258080455248,0.011310466408562179,2.07122,2.07122,208.868,0,1,1,0,0,0,1,0,0,0,0.0,13.013,0.0,0.0,0.0,1.0,1.0,0.0,0.0,0.0,3.181596,2.07122,190.1135,1.864692976389921e-06,5.830182749513776e-06,2.156406162248538e-06,13.013,0.0,0.0,0.0,0.0,0.0,0,0.0,0.0,0,0,0,0,0,0,0,0,0,0,0,0,0
2,532.748,53,0.0,0.0,2.1094518774221237e-08,6.31572418389831e-11,5.06765468269829e-09,0.9620158907388191,2.4185835936622483e-08,0.9739129959217767,0.004066440561846707,2.05338,2.05338,209.93,0,1,1,0,0,0,1,0,0,0,0.0,14.011999999999999,0.0,0.0,0.0,1.0,1.0,0.0,0.0,0.0,2.9397699999999998,2.05338,194.066,2.1048308483054105e-08,2.4185835936622483e-08,1.8437330130123781e-06,14.011999999999999,0.0,0.0,0.0,0.0,0.0,0,0.0,0.0,0,0,0,0,0,0,0,0,0,0,0,0,0
2,533.752,53,0.40945883952441237,0.40782752940678524,0.10094568816222421,0.10094566706770544,0.0451442747382688,0.9819980653043505,0.03192182279845462,0.9749106490770721,0.0046628700636740465,2.05338,3.77289,209.581,0,1,1,0,0,0,1,0,0,0,0.0,15.016,0.0,0.0,0.0,1.0,1.0,0.0,0.0,0.0,2.9115329999999995,2.05338,197.74089999999998,0.010094587765584265,0.03192182279845462,0.01009456678461041,15.016,0.0,0.0,0.0,0.0,0.0,0,0.0,0.0,0,0,0,0,0,0,0,0,0,0,0,0,0
2,534.753,53,5.776713680682929,5.361892948210307,0.0610747523941067,0.03987093576811751,0.04655649419888965,0.9965067461430052,0.03542611962619673,0.9758131540093421,0.009172005444591264,0.381036,0.381036,203.808,0,1,1,0,0,0,1,0,0,0,0.0,16.017,0.0,0.0,0.0,1.0,1.0,0.0,0.0,0.0,2.5502706,0.381036,200.2786,0.016202060895543057,0.03542611962619673,0.014081660350916925,16.017,0.0,0.0,0.0,0.0,0.0,0,0.0,0.0,0,0,0,0,0,0,0,0,0,0,0,0,0
2,535.756,53,5.900998909095923,0.12391348794914729,1.1666809755331236,1.105606223139017,0.5054639312049766,0.9721303089118499,0.3649231078110908,0.9755655837443321,0.0597172975609289,0.381036,67.9955,199.745,0,1,0,0,0,0,0,0,0,0,0.0,0.0,0.0,0.0,0.0,0.9,0.9,0.0,0.0,0.0,8.9343286,0.381036,201.75990000000002,0.13287015634781613,0.3649231078110908,0.12464228265640605,16.017,0.0,0.0,0.0,0.0,0.0,0,0.0,0.0,0,0,0,0,0,0,0,0,0,0,0,0,0
2,536.753,53,5.9060160344573935,0.0050322220275528014,1.1005704787638426,0.06611049676928094,0.5928843956483817,0.9474992372344677,0.47095456013671233,0.9741180588718077,0.11900491261959498,0.381036,6.47554,197.985,0,1,0,0,0,0,0,0,0,0,0.0,0.0,0.0,0.0,0.0,0.8,0.8,0.0,0.0,0.0,9.2339636,0.381036,202.5958,0.24292720212316107,0.47095456013671233,0.13125333233333414,16.017,0.0,0.0,0.0,0.0,0.0,0,0.0,0.0,0,0,0,0,0,0,0,0,0,0,0,0,0
2,537.754,53,6.4624529756256,0.5558810601080981,0.16647723954405821,0.9340932392197844,0.5626837460503962,0.9407977722843159,0.4643087208670594,0.9723158395416716,0.1752732867178997,0.381036,3.42148,193.52,0,1,1,0,0,0,1,0,0,0,0.0,0.0,0.0,0.0,0.0,0.8,0.8,0.0,0.0,0.0,9.2828936,0.381036,202.6169,0.25957492397443077,0.4643087208670594,0.22466265625321574,16.017,0.0,0.0,0.0,0.0,0.0,0,0.0,0.0,0,0,0,0,0,0,0,0,0,0,0,0,0
2,538.755,53,5.1248557769454335,-1.336260937742424,0.0019117693768306574,0.16456547016722756,0.5824798183954744,0.9371264405826616,0.4641903464976828,0.9703257926084069,0.23352126805069684,0.381036,2.83407,192.935,0,1,1,0,0,0,1,0,0,0,0.0,1.001,0.0,0.0,0.0,0.8,0.8,0.0,0.0,0.0,9.324274599999999,0.381036,202.20919999999998,0.2597660987984303,0.4641903464976828,0.24111920325939112,16.017,0.0,0.0,0.0,0.0,0.0,0,0.0,0.0,0,0,0,0,0,0,0,0,0,0,0,0,0
2,539.756,53,3.669237448053132,-1.4541641647275743,9.384258591613729e-07,0.001910830950971496,0.5944847340484118,0.9342202110280853,0.4641902894511821,0.9681985396185586,0.2929697409487799,2.83407,3.77932,194.824,0,1,1,0,0,0,1,0,0,0,0.0,2.002,0.0,0.0,0.0,0.8,0.8,0.0,0.0,0.0,9.494772600000001,0.381036,201.6094,0.2597661905441581,0.4641902894511821,0.24131028633766297,16.017,0.0,0.0,0.0,0.0,0.0,0,0.0,0.0,0,0,0,0,0,0,0,0,0,0,0,0,0
2,540.76,54,4.374662596211164,0.7026146894004303,0.0046189864409121794,0.004618048015053018,0.47817207569463144,0.9349778677430785,0.4639052971943769,0.9660759130507637,0.340786948011474,2.83407,4.11395,190.904,0,1,1,0,0,0,1,0,0,0,0.0,3.006,0.0,0.0,0.0,0.8,0.8,0.0,0.0,0.0,9.6898386,0.381036,200.20999999999998,0.26022808707668377,0.4639052971943769,0.24177209112446083,16.017,0.0,0.0,0.0,0.0,0.0,0,0.0,0.0,0,0,0,0,0,0,0,0,0,0,0,0,0
2,541.76,54,6.608720868980237,2.234058272769073,0.2514472133425402,0.24682822690162803,0.11718869198368483,0.9422424129753523,0.45496141609527446,0.9641867590991376,0.35250581670307696,2.83407,10.4574,184.189,1,1,0,0,0,0,0,0,0,0,0.0,0.0,0.0,0.0,0.0,0.7,0.7,0.0,0.0,0.1,10.528456600000002,0.381036,197.7421,0.2853728063078016,0.45496141609527446,0.26645491380619424,16.017,0.0,0.0,0.0,0.0,0.0,0,0.0,0.0,0,0,0,0,0,0,0,0,0,0,0,0,0
2,542.758,54,6.6828935064321575,0.07432128001194438,0.1537668732271139,0.09768034011542631,0.11509563924736754,0.9461095818676883,0.44676952569640704,0.9625649657575579,0.3640153801210483,0.662047,0.662047,176.732,0,1,1,0,0,0,1,0,0,0,0.0,0.0,0.0,0.0,0.0,0.7,0.7,0.0,0.0,0.1,10.389323300000001,0.381036,194.4223,0.3007494915210612,0.44676952569640704,0.2762229478114212,16.017,0.0,0.0,0.0,0.0,0.0,0,0.0,0.0,0,0,0,0,0,0,0,0,0,0,0,0,0
2,543.76,54,6.682045139365444,-0.0008466737192748793,0.006255201224744438,0.14751167200236948,0.11435074158062737,0.9447758038631787,0.45244223451640286,0.9608908281068013,0.37093602680528415,0.662047,2.81758,168.598,0,1,1,0,0,0,1,0,0,0,0.0,1.002,0.0,0.0,0.0,0.7,0.7,0.0,0.0,0.1,10.2937923,0.381036,190.324,0.29128044282731314,0.45244223451640286,0.2808795483048876,16.017,0.0,0.0,0.0,0.0,0.0,0,0.0,0.0,0,0,0,0,0,0,0,0,0,0,0,0,0
2,544.765,54,6.6667854745482105,-0.015183746086799624,6.371264712109677e-05,0.006191488577623341,0.11433932372541146,0.9471892864172611,0.4562864681924277,0.9593754962982877,0.3777143097579363,0.662047,4.50676,164.611,0,1,1,0,0,0,1,0,0,0,0.0,2.0069999999999997,0.0,0.0,0.0,0.7,0.7,0.0,0.0,0.1,10.7063647,0.662047,186.4043,0.2851793388526146,0.4562864681924277,0.27751160358583815,3.006,0.0,0.0,0.0,0.0,0.0,0,0.0,0.0,0,0,0,0,0,0,0,0,0,0,0,0,0
2,545.775,54,6.62245987581519,-0.043886731418831905,0.47808876615257384,0.47802505350545277,0.19823759406525726,0.9514921148581975,0.3474556819203306,0.9581312120543817,0.3469916760439644,0.662047,23.2282,158.294,0,1,0,0,0,0,0,0,0,0,0.0,0.0,0.0,0.0,0.0,0.7,0.7,0.0,0.0,0.1,6.2296347,0.662047,182.25920000000002,0.21632011791455966,0.3474556819203306,0.21475348662248175,3.006,0.0,0.0,0.0,0.0,0.0,0,0.0,0.0,0,0,0,0,0,0,0,0,0,0,0,0,0
2,546.763,54,4.840388824191165,-1.8037156392955722,0.04851078553874911,0.42957798061382474,0.2001862861416043,0.9524394112085086,0.15709422849853097,0.9569722386550904,0.30772186509328664,0.662047,19.8393,153.233,0,1,0,0,0,0,0,0,0,0,0.0,0.0,0.0,0.0,0.0,0.7,0.7,0.0,0.0,0.1,7.5660107,0.662047,177.78400000000002,0.1111141485920503,0.15709422849853097,0.2511002350069361,3.006,0.0,0.0,0.0,0.0,0.0,0,0.0,0.0,0,0,0,0,0,0,0,0,0,0,0,0,0
2,547.766,54,2.983312699838507,-1.8515215596736374,0.020967741897364677,0.02754304364138443,0.206181325702528,0.9271037336156918,0.15813193192802366,0.9546397481087288,0.27207162305849986,2.81758,17.7332,149.317,0,1,0,0,0,0,0,0,0,0,0.0,0.0,0.0,0.0,0.0,0.6,0.6,0.0,0.0,0.1,8.9971827,0.662047,173.36370000000002,0.09656319882738093,0.15813193192802366,0.16044521544909612,3.006,0.0,0.0,0.0,0.0,0.0,0,0.0,0.0,0,0,0,0,0,0,0,0,0,0,0,0,0
2,548.768,54,1.3722081316085795,-1.60788879064863,0.13870863942246503,0.11774089752510035,0.19773054879331317,0.9274775962898932,0.15491839348440303,0.9524450125487955,0.23359669609828373,4.50676,8.7574,144.995,0,1,0,0,0,0,0,0,0,0,0.0,0.0,0.0,0.0,0.0,0.5,0.5,0.0,0.0,0.1,9.5895157,0.662047,168.5697,0.11024288583194437,0.15491839348440303,0.1557627581848834,3.006,0.0,0.0,0.0,0.0,0.0,0,0.0,0.0,0,0,0,0,0,0,0,0,0,0,0,0,0
2,549.768,54,4.346502559633392,2.9742944280248125,0.14470715908180654,0.005998519659341506,0.1826441071498304,0.9298602705183137,0.1501620931198451,0.9505050594054216,0.19241263340842557,8.7574,15.655,138.411,0,1,0,0,0,0,0,0,0,0,0.0,0.0,0.0,0.0,0.0,0.4,0.4,0.0,0.0,0.1,10.7770837,0.662047,162.9284,0.1247135078975391,0.1501620931198451,0.1561715270557204,3.006,0.0,0.0,0.0,0.0,0.0,0,0.0,0.0,0,0,0,0,0,0,0,0,0,0,0,0,0
2,550.77,55,6.2242993872274734,1.8740487301338136,0.13922859475704186,0.005478564324764679,0.05899321748448479,0.913610862949598,0.14411180339072308,0.947785386886628,0.1504947475874109,7.84578,7.84578,133.17,0,1,0,0,0,0,0,0,0,0,0.0,0.0,0.0,0.0,0.0,0.3,0.3,0.0,0.0,0.1,11.1502667,0.662047,157.155,0.1381744687291521,0.14411180339072308,0.15625757868669157,2.0069999999999997,0.0,0.0,0.0,0.0,0.0,0,0.0,0.0,0,0,0,0,0,0,0,0,0,0,0,0,0
2,551.769,55,6.60185900410529,0.3779375544322484,0.11737474699787269,0.021853847759169168,0.05205783125698451,0.91889456533334,0.13853129530800068,0.9454234089933828,0.14398166151474087,1.80342,1.80342,128.818,0,1,1,0,0,0,1,0,0,0,0.0,0.0,0.0,0.0,0.0,0.4,0.4,0.0,0.0,0.0,10.2848687,0.662047,151.61790000000002,0.12476722209468531,0.13853129530800068,0.1337601407724457,2.0069999999999997,0.0,0.0,0.0,0.0,0.0,0,0.0,0.0,0,0,0,0,0,0,0,0,0,0,0,0,0
2,552.771,55,6.653914126661484,0.05195122011596279,0.12238470308588233,0.005009956088009637,0.011873569224855517,0.9230190799589025,0.13815630865402653,0.943473568454387,0.13365945451248967,1.80342,5.98032,125.066,0,1,0,0,0,0,0,0,0,0,0.0,0.0,0.0,0.0,0.0,0.3,0.3,0.0,0.0,0.0,10.816696,1.80342,146.4513,0.12162900508056215,0.13815630865402653,0.12449310236970401,2.0069999999999997,0.0,0.0,0.0,0.0,0.0,0,0.0,0.0,0,0,0,0,0,0,0,0,0,0,0,0,0
2,553.778,55,6.576185655722377,-0.07718815386207323,0.060242764171635585,0.06214193891424674,0.033586049144010366,0.9223550808151058,0.1341434476180188,0.9404914192299246,0.125582985268828,1.80342,3.05172,122.554,0,1,1,0,0,0,1,0,0,0,0.0,0.0,0.0,0.0,0.0,0.3,0.3,0.0,0.0,0.0,10.84011,1.80342,141.8469,0.12702776137525126,0.1341434476180188,0.11595612906089173,2.0069999999999997,0.0,0.0,0.0,0.0,0.0,0,0.0,0.0,0,0,0,0,0,0,0,0,0,0,0,0,0
2,554.772,55,6.167666649460029,-0.4109849157568885,0.025280240743619543,0.03496252342801604,0.04809788591574328,0.9095808482642483,0.13170644201149873,0.9361451243359868,0.11895884148786115,1.80342,3.52631,121.867,0,1,1,1,1,1,1,1,0,0,0.0,0.994,0.0,0.0,0.0,0.3,0.3,0.1,0.1,0.0,10.742065,1.80342,137.5725,0.12954941418490112,0.13170644201149873,0.118833232545931,0.994,0.0,0.0,0.0,0.0,0.0,0,0.0,0.0,0,0,0,0,0,0,0,0,0,0,0,0,0
2,555.773,55,1.9935264559042758,-4.169970223332422,0.03583946476373305,0.010559224020113507,0.04534806235456415,0.9117238207772066,0.05149186785690367,0.9331247999292549,0.10366988831679184,1.80342,2.53165,121.428,0,1,1,1,1,1,1,1,0,0,1.001,1.9949999999999999,1.001,0.0,0.0,0.4,0.4,0.2,0.2,0.0,8.67241,1.80342,133.88590000000002,0.08532448404601704,0.05149186785690367,0.07208664959739709,1.9949999999999999,1.001,0.0,0.0,0.0,0.0,0,0.0,0.0,0,0,0,0,0,0,0,0,0,0,0,0,0
2,556.776,55,2.0883470946497193,0.0945370276624562,0.04437376791417737,0.008534303150444317,0.03839615859174698,0.9203424736734881,0.051835973524377146,0.9317669617512058,0.08749087556180611,2.09882,2.09882,119.554,0,1,1,0,0,0,1,0,0,0,0.0,2.9979999999999998,0.0,0.0,0.0,0.5,0.5,0.2,0.2,0.0,6.8983620000000005,1.80342,130.518,0.08491078228355986,0.051835973524377146,0.02998228185105904,2.9979999999999998,1.001,0.0,0.0,0.0,0.0,0,0.0,0.0,0,0,0,0,0,0,0,0,0,0,0,0,0
2,557.776,55,4.48536509104883,2.3970179963991103,0.9025658295988102,0.8581920616846328,0.3853222661379061,0.9135827367739627,0.2605405190333205,0.9304062099756882,0.10540496960534393,2.09882,53.7008,116.607,0,1,0,0,0,0,0,0,0,0,0.0,0.0,0.0,0.0,0.0,0.5,0.5,0.2,0.2,0.0,10.495122,1.80342,127.24699999999999,0.17307059105370443,0.2605405190333205,0.11304718365538387,2.9979999999999998,1.001,0.0,0.0,0.0,0.0,0,0.0,0.0,0,0,0,0,0,0,0,0,0,0,0,0,0
2,558.78,55,6.742409947741655,2.248052646108392,0.35737244788708505,0.5451933817117252,0.3786000393147364,0.866167417643078,0.26644517950279034,0.9268582588287089,0.12349191865748624,2.09882,77.5341,115.526,0,1,0,0,0,0,0,0,0,0,0.0,0.0,0.0,0.0,0.0,0.5,0.5,0.2,0.2,0.0,17.372791999999997,1.80342,124.3001,0.1949369719001664,0.26644517950279034,0.15579243207404633,2.9979999999999998,1.001,0.0,0.0,0.0,0.0,0,0.0,0.0,0,0,0,0,0,0,0,0,0,0,0,0,0
2,559.782,55,6.689173406065322,-0.05313028111410497,0.0007772354590436776,0.3565952124280414,0.3827454329280341,0.8239074010871688,0.27326029308460964,0.9213426183316631,0.14350205123530663,2.09882,80.9086,115.008,0,1,0,0,0,0,0,0,0,0,0.0,0.0,0.0,0.0,0.0,0.5,0.5,0.2,0.2,0.0,23.898152,1.80342,121.9598,0.18054397953789011,0.27326029308460964,0.19085210135091635,2.9979999999999998,1.001,0.0,0.0,0.0,0.0,0,0.0,0.0,0,0,0,0,0,0,0,0,0,0,0,0,0
2,560.783,56,6.677998508256885,-0.011163734074362584,0.0471821809990641,0.04640494554002042,0.3810539054827651,0.7851843692097463,0.2763395343195539,0.9138529434049966,0.17570812003513464,2.09882,81.5373,115.031,0,1,0,0,0,0,0,0,0,0,0.0,0.0,0.0,0.0,0.0,0.5,0.5,0.2,0.2,0.0,31.267304000000003,1.80342,120.14590000000001,0.17133933816209235,0.2763395343195539,0.19494473947244192,2.9979999999999998,1.001,0.0,0.0,0.0,0.0,0,0.0,0.0,0,0,0,0,0,0,0,0,0,0,0,0,0
2,561.783,56,5.83520990621589,-0.8427886020409954,0.8961412671273766,0.8489590861283125,0.44047659637928605,0.7621053490552171,0.35731246423766677,0.9048460902089897,0.21454999654736479,33.096,33.096,113.985,0,1,0,0,0,0,0,0,0,0,0.0,0.0,0.0,0.0,0.0,0.4,0.4,0.2,0.2,0.0,34.396562,2.09882,118.66260000000003,0.24921599017504276,0.35731246423766677,0.27765526330935625,2.9979999999999998,1.001,0.0,0.0,0.0,0.0,0,0.0,0.0,0,0,0,0,0,0,0,0,0,0,0,0,0
2,562.783,56,4.020475240564767,-1.8147346656511232,0.08417093622768573,0.8119703308996908,0.3728585018110483,0.7569664206068668,0.35901987551703235,0.8953889321459487,0.2506484898059841,29.4444,29.4444,110.672,0,1,0,0,0,0,0,0,0,0,0.0,0.0,0.0,0.0,0.0,0.4,0.4,0.2,0.2,0.0,36.74297,2.09882,117.22319999999999,0.2453946134892231,0.35901987551703235,0.3583513007905244,2.9979999999999998,1.001,0.0,0.0,0.0,0.0,0,0.0,0.0,0,0,0,0,0,0,0,0,0,0,0,0,0
2,563.786,56,3.6248521283923845,-0.39443979279400015,0.2864018568225316,0.20223092059484588,0.37038271862035016,0.7492400011444565,0.3531356416021085,0.8856121420100127,0.28432815675361806,13.8776,13.8776,107.273,0,1,0,0,0,0,0,0,0,0,0.0,0.0,0.0,0.0,0.0,0.3,0.3,0.2,0.2,0.0,37.825558,2.09882,115.6951,0.2680105227543127,0.3531356416021085,0.3723601989585843,2.9979999999999998,1.001,0.0,0.0,0.0,0.0,0,0.0,0.0,0,0,0,0,0,0,0,0,0,0,0,0,0
2,564.79,56,3.6357994557367657,0.010903712494403582,0.12179997773240388,0.16460187909012775,0.3524899313905953,0.7385099057851091,0.3470304117373529,0.875178172978405,0.3147673613011032,6.91322,6.91322,104.231,0,1,0,0,0,0,0,0,0,0,0.0,0.0,0.0,0.0,0.0,0.2,0.2,0.1,0.1,0.0,38.164249,2.09882,113.9315,0.2776624964531912,0.3470304117373529,0.3853241345247954,2.9979999999999998,1.001,0.0,0.0,0.0,0.0,0,0.0,0.0,0,0,0,0,0,0,0,0,0,0,0,0,0
2,565.791,56,3.63905240596686,0.003249700529564856,0.00040900303782477084,0.1213909746945791,0.3609688005456458,0.7271230679037546,0.34994230464608217,0.8639597206306828,0.3463294351202114,6.91322,7.16032,100.574,0,1,0,0,0,0,0,0,0,0,0.0,0.0,0.0,0.0,0.0,0.1,0.1,0.0,0.0,0.0,38.627116,2.09882,111.8461,0.27411945028060025,0.34994230464608217,0.396407309592242,2.9979999999999998,0.0,0.0,0.0,0.0,0.0,0,0.0,0.0,0,0,0,0,0,0,0,0,0,0,0,0,0
2,566.789,56,3.6600041038416475,0.02099368524527801,1.493102324032831e-08,0.0004089881068015305,0.1176641339692333,0.7217256051613697,0.35344306983100454,0.8524240303283259,0.35425623265796,6.91322,7.45593,96.9391,0,1,0,0,0,0,0,0,0,0,0.0,0.0,0.0,0.0,0.0,0.0,0.0,0.0,0.0,0.0,39.16282700000001,6.91322,109.58461,0.26968207498228486,0.35344306983100454,0.39559477808787774,0.0,0.0,0.0,0.0,0.0,0.0,0,0.0,0.0,0,0,0,0,0,0,0,0,0,0,0,0,0
2,567.79,56,3.398910808250541,-0.26083246312797853,1.488627491892873e-08,4.474832139958157e-11,0.12596513134333373,0.7455493743756278,0.281863263578366,0.8433463123663227,0.3283205191785028,6.8921,6.8921,95.4858,0,1,0,0,0,0,0,0,0,0,0.0,0.0,0.0,0.0,0.0,0.0,0.0,0.0,0.0,0.0,34.481957,6.8921,107.47249,0.17942549351103138,0.281863263578366,0.3097755719238893,0.0,0.0,0.0,0.0,0.0,0.0,0,0.0,0.0,0,0,0,0,0,0,0,0,0,0,0,0,0
2,568.787,56,3.41320911672303,0.014341332469898726,0.12564186356015997,0.12564184867388506,0.06770389312073347,0.7510070467461434,0.27505145944858234,0.8345227848891351,0.2972309045591025,6.8921,14.006,94.7673,0,1,0,0,0,0,0,0,0,0,0.0,0.0,0.0,0.0,0.0,0.0,0.0,0.0,0.0,0.0,28.129147000000007,6.8921,105.39662000000001,0.15625243507833886,0.27505145944858234,0.2678204186201053,0.0,0.0,0.0,0.0,0.0,0.0,0,0.0,0.0,0,0,0,0,0,0,0,0,0,0,0,0,0
2,569.789,56,3.699164707698229,0.2853848213325339,0.011943249286039157,0.11369861427412081,0.05504591155639116,0.7507028057674984,0.274371986649928,0.8255649116515944,0.26446095242193823,6.8921,15.438,95.284,0,1,0,0,0,0,0,0,0,0,0.0,0.0,0.0,0.0,0.0,0.0,0.0,0.0,0.0,0.0,21.582087,6.8921,103.42421999999999,0.15736903646103842,0.274371986649928,0.24353075880471323,0.0,0.0,0.0,0.0,0.0,0.0,0,0.0,0.0,0,0,0,0,0,0,0,0,0,0,0,0,0
2,570.792,57,6.139907971167485,2.4334429346652606,6.152925090223514e-06,0.011937096360948933,0.0550959304211482,0.77744364989929,0.2768712616521583,0.8187565509990791,0.23186515491577656,6.8921,15.9705,94.4491,0,1,0,0,0,0,0,0,0,0,0.0,0.0,0.0,0.0,0.0,0.0,0.0,0.0,0.0,0.0,15.025407000000001,6.8921,101.36603,0.15265143365364103,0.2768712616521583,0.24008397388680608,0.0,0.0,0.0,0.0,0.0,0.0,0,0.0,0.0,0,0,0,0,0,0,0,0,0,0,0,0,0
2,571.792,57,6.700634298340778,0.5607263271732927,0.0,6.152925090223514e-06,0.05509593228551288,0.7789802391655708,0.09436199235601178,0.8117608346906906,0.19332708850639924,6.8921,13.9279,89.8499,0,1,0,0,0,0,0,0,0,0,0.0,0.0,0.0,0.0,0.0,0.0,0.0,0.0,0.0,0.0,13.108597000000003,6.8921,98.95252,0.06303730694090334,0.09436199235601178,0.15518868056648383,0.0,0.0,0.0,0.0,0.0,0.0,0,0.0,0.0,0,0,0,0,0,0,0,0,0,0,0,0,0
2,572.797,57,6.656332050872918,-0.04408183827647722,0.056828960256829396,0.056828960256829396,0.053847481339297856,0.7840672853420457,0.09407728816084243,0.8048132449598479,0.16142598645922418,12.4767,12.4767,82.4181,0,1,0,0,0,0,0,0,0,0,0.0,0.0,0.0,0.0,0.0,0.0,0.0,0.0,0.0,0.0,11.411827000000002,6.8921,96.12713,0.06030310934381772,0.09407728816084243,0.0796745435021977,0.0,0.0,0.0,0.0,0.0,0.0,0,0.0,0.0,0,0,0,0,0,0,0,0,0,0,0,0,0
2,573.796,57,6.704540921432722,0.048257127687491096,0.0006983206894299257,0.05613063956739947,0.024531906349253004,0.7976148737857662,0.051558231902792136,0.7985762346083807,0.12684090523211447,12.4767,17.4119,80.352,0,1,0,0,0,0,0,0,0,0,0.0,0.0,0.0,0.0,0.0,0.0,0.0,0.0,0.0,0.0,11.765257000000002,6.8921,93.43503,0.03173275573050755,0.051558231902792136,0.06506451539945304,0.0,0.0,0.0,0.0,0.0,0.0,0,0.0,0.0,0,0,0,0,0,0,0,0,0,0,0,0,0
2,574.794,57,6.712755512420295,0.00823105309376079,0.0,0.0006983206894299257,0.02533771502577852,0.8322474310759963,0.0412789983486769,0.7947095637489682,0.0941256835956328,12.4767,19.5085,80.5366,0,1,0,0,0,0,0,0,0,0,0.0,0.0,0.0,0.0,0.0,0.0,0.0,0.0,0.0,0.0,13.024785,6.8921,91.06559,0.019552757957267162,0.0412789983486769,0.04867415955938328,0.0,0.0,0.0,0.0,0.0,0.0,0,0.0,0.0,0,0,0,0,0,0,0,0,0,0,0,0,0
2,575.799,57,6.650758752373767,-0.06168831845425726,0.0,0.0,0.02533841335326456,0.8434092289037871,0.041300271192278755,0.7912938341552971,0.06056264487639466,12.4767,22.8898,80.9883,0,1,0,0,0,0,0,0,0,0,0.0,0.0,0.0,0.0,0.0,0.0,0.0,0.0,0.0,0.0,14.597733000000002,6.8921,89.10702,0.019511857653484684,0.041300271192278755,0.036535062089925366,0.0,0.0,0.0,0.0,0.0,0.0,0,0.0,0.0,0,0,0,0,0,0,0,0,0,0,0,0,0
2,576.802,57,6.678651297353805,0.02780911762715699,0.00012402817923855074,0.00012402817923855074,0.025324390762020595,0.8460133602507466,0.0412937794513219,0.7875773784841601,0.051328670555673396,12.4767,29.8613,77.1635,0,1,0,0,0,0,0,0,0,0,0.0,0.0,0.0,0.0,0.0,0.0,0.0,0.0,0.0,0.0,16.83827,6.8921,87.12946,0.019524258978306216,0.0412937794513219,0.03650656609716907,0.0,0.0,0.0,0.0,0.0,0.0,0,0.0,0.0,0,0,0,0,0,0,0,0,0,0,0,0,0
2,577.801,57,6.707999059511715,0.02937713929720689,0.17245275402263496,0.17232872584339642,0.0770318167194043,0.8489108867460411,0.06269726182038435,0.784343785982764,0.04643533909328045,17.4119,27.2127,69.0784,0,1,0,0,0,0,0,0,0,0,0.0,0.0,0.0,0.0,0.0,0.0,0.0,0.0,0.0,0.0,18.870330000000003,12.4767,84.48872,0.03676953289194222,0.06269726182038435,0.05373943867703388,0.0,0.0,0.0,0.0,0.0,0.0,0,0.0,0.0,0,0,0,0,0,0,0,0,0,0,0,0,0
2,578.803,57,6.5277115072162655,-0.17992769690164595,0.21421886755597316,0.0417661135333382,0.10689658090372356,0.8779659748727502,0.08040446809626053,0.7849337138442476,0.05035460787157946,19.5085,23.8325,61.0441,0,1,0,0,0,0,0,0,0,0,0.0,0.0,0.0,0.0,0.0,0.0,0.0,0.0,0.0,0.0,19.852980000000002,12.4767,81.1164,0.04562723329152354,0.08040446809626053,0.0453518651629792,0.0,0.0,0.0,0.0,0.0,0.0,0,0.0,0.0,0,0,0,0,0,0,0,0,0,0,0,0,0
2,579.804,57,4.352251627554412,-2.1732865930687852,0.47036303557348985,0.2561441680175167,0.1936019588201933,0.9053284285085429,0.15507522451457903,0.7890047652153164,0.06421021259795967,5.20225,5.20225,57.2798,0,1,0,0,0,0,0,0,0,0,0.0,0.0,0.0,0.0,0.0,0.0,0.0,0.0,0.0,0.0,18.829405,5.20225,77.31598,0.0914692119202686,0.15507522451457903,0.059596420537318784,0.0,0.0,0.0,0.0,0.0,0.0,0,0.0,0.0,0,0,0,0,0,0,0,0,0,0,0,0,0
2,580.801,58,1.159835153346824,-3.2020225418330868,0.544246033506585,0.07388299793309511,0.2237676160636657,0.9417725523751924,0.20641290376538945,0.7968341743735886,0.08107738116221143,5.20225,20.7971,60.2988,0,1,0,0,0,0,0,0,0,0,0.0,0.0,0.0,0.0,0.0,0.0,0.0,0.0,0.0,0.0,19.312065,5.20225,73.90095,0.1458931999784181,0.20641290376538945,0.06579101069453341,0.0,0.0,0.0,0.0,0.0,0.0,0,0.0,0.0,0,0,0,0,0,0,0,0,0,0,0,0,0
2,581.807,58,0.34849033586520933,-0.8065057827849053,0.1364169381672246,0.40782909533936035,0.18626700411510794,0.9705392622420977,0.2001112460618451,0.8072558700329326,0.09419448834517094,5.20225,13.5297,64.5367,0,1,0,0,0,0,0,0,0,0,0.0,0.0,0.0,0.0,0.0,0.0,0.0,0.0,0.0,0.0,19.272245,5.20225,71.36963,0.15953489379514055,0.2001112460618451,0.10657330493596043,0.0,0.0,0.0,0.0,0.0,0.0,0,0.0,0.0,0,0,0,0,0,0,0,0,0,0,0,0,0
2,582.803,58,5.40225354853165,5.074059450468314,0.372605018798572,0.23618808063134739,0.17084677634721304,0.9496794365416378,0.20690296025861574,0.8168915208296712,0.10589441784596246,5.20225,6.8925,62.9924,0,1,0,0,0,0,0,0,0,0,0.0,0.0,0.0,0.0,0.0,0.0,0.0,0.0,0.0,0.0,18.713825000000003,5.20225,69.42706000000001,0.19111249964931482,0.20690296025861574,0.12450921697341222,0.0,0.0,0.0,0.0,0.0,0.0,0,0.0,0.0,0,0,0,0,0,0,0,0,0,0,0,0,0
2,583.805,58,4.885910945609512,-0.5153119789642103,0.01657423936812781,0.3560307794304442,0.2240075136927297,0.9347952300703023,0.20533451161664956,0.8261692822759634,0.12584197858031013,5.20225,6.69041,61.1721,0,1,0,0,0,0,0,0,0,0,0.0,0.0,0.0,0.0,0.0,0.0,0.0,0.0,0.0,0.0,17.641676,5.20225,67.50907,0.19270009151718462,0.20533451161664956,0.15449923095971668,0.0,0.0,0.0,0.0,0.0,0.0,0,0.0,0.0,0,0,0,0,0,0,0,0,0,0,0,0,0
2,584.806,58,3.685284761200147,-1.1994267576517128,3.1113119427420554e-05,0.01654312624870039,0.23716910550483775,0.9228912934830987,0.2053312675266573,0.8353883516608629,0.14702511762821605,6.69041,7.16495,57.4116,0,1,0,0,0,0,0,0,0,0,0.0,0.0,0.0,0.0,0.0,0.0,0.0,0.0,0.0,0.0,16.407321000000003,5.20225,65.19657,0.19270320282912734,0.2053312675266573,0.15608371151564374,0.0,0.0,0.0,0.0,0.0,0.0,0,0.0,0.0,0,0,0,0,0,0,0,0,0,0,0,0,0
2,585.812,58,3.5439292668130995,-0.1405124198678406,0.11132537371512347,0.11129426059569604,0.14913951701776645,0.9126757019849557,0.1965527516482129,0.844665983364923,0.15940522799466622,2.90502,2.90502,52.4453,0,1,1,0,0,0,1,0,0,0,0.0,0.0,0.0,0.0,0.0,0.1,0.1,0.0,0.0,0.0,14.408843000000001,2.90502,62.342270000000006,0.20383574020063971,0.1965527516482129,0.16721313757521333,0.0,0.0,0.0,0.0,0.0,0.0,0,0.0,0.0,0,0,0,0,0,0,0,0,0,0,0,0,0
2,586.808,58,3.677673977188074,0.13428183772587798,0.009993542447029663,0.10133183126809381,0.15769780076740533,0.8993711364570093,0.1954378141815128,0.853548259929705,0.17264256899520472,2.90502,6.38841,43.8064,0,1,0,0,0,0,0,0,0,0,0.0,0.0,0.0,0.0,0.0,0.1,0.1,0.0,0.0,0.0,12.061554000000003,2.90502,59.00656,0.2048226916274188,0.1954378141815128,0.17733391788409886,0.0,0.0,0.0,0.0,0.0,0.0,0,0.0,0.0,0,0,0,0,0,0,0,0,0,0,0,0,0
2,587.81,58,5.98756651612723,2.3052819749891778,0.15744733951591677,0.14745379706888712,0.07090258006709187,0.8791564066146754,0.1957712803216853,0.8602286115416573,0.17202964532997347,2.90502,4.96235,34.7286,0,1,1,0,0,0,1,0,0,0,0.0,0.0,0.0,0.0,0.0,0.2,0.2,0.0,0.0,0.0,9.836519000000003,2.90502,55.571580000000004,0.20332215017674699,0.1957712803216853,0.17484642500664793,0.0,0.0,0.0,0.0,0.0,0.0,0,0.0,0.0,0,0,0,0,0,0,0,0,0,0,0,0,0
2,588.81,58,6.468168210559872,0.4806016944326421,0.031252248089436184,0.12619509142648058,0.06898084052187214,0.859736974397034,0.2030542298007877,0.8656651079242019,0.16823807129178833,2.90502,6.37323,27.0217,0,1,0,0,0,0,0,0,0,0,0.0,0.0,0.0,0.0,0.0,0.2,0.2,0.0,0.0,0.0,8.090592000000001,2.90502,52.16934,0.1850254882300933,0.2030542298007877,0.18328932279596216,0.0,0.0,0.0,0.0,0.0,0.0,0,0.0,0.0,0,0,0,0,0,0,0,0,0,0,0,0,0
2,589.809,58,6.702380091638408,0.23444632740594157,0.11887199103403238,0.08761974294459621,0.06245141391695999,0.838469703525881,0.1769128335235871,0.870053452812121,0.15512301680146498,2.90502,20.5252,19.5172,0,1,0,0,0,0,0,0,0,0,0.0,0.0,0.0,0.0,0.0,0.2,0.2,0.0,0.0,0.0,9.622887000000002,2.90502,48.39308,0.1498763837761475,0.1769128335235871,0.16643688028867012,0.0,0.0,0.0,0.0,0.0,0.0,0,0.0,0.0,0,0,0,0,0,0,0,0,0,0,0,0,0
2,590.811,59,6.721688396231525,0.019269765062991516,0.19135687166829515,0.07248488063426277,0.07876217726026716,0.8132898550605654,0.1132467758584812,0.8718457630701847,0.14062247292112512,4.96235,30.3641,13.9769,0,1,0,0,0,0,0,0,0,0,0.0,0.0,0.0,0.0,0.0,0.2,0.2,0.0,0.0,0.0,10.579587000000002,2.90502,43.760889999999996,0.11458746759231855,0.1132467758584812,0.16629706855878687,0.0,0.0,0.0,0.0,0.0,0.0,0,0.0,0.0,0,0,0,0,0,0,0,0,0,0,0,0,0
2,591.815,59,5.830199511511344,-0.8879371361754794,0.6919074577820635,0.5005505861137683,0.2605917633260923,0.806315683039952,0.21535200221703688,0.873212535263904,0.14805494884222356,4.96235,18.9126,10.4143,1,1,0,0,0,0,0,0,0,0,0.0,0.0,0.0,0.0,0.0,0.2,0.2,0.0,0.0,0.1,11.117877000000002,2.90502,38.34865,0.17013651955380243,0.21535200221703688,0.17556921763622765,0.0,0.0,0.0,0.0,0.0,0.0,0,0.0,0.0,0,0,0,0,0,0,0,0,0,0,0,0,0
2,592.817,59,2.9176728209275167,-2.906713264055716,0.3383535002739663,0.3535539575080972,0.25913725426423784,0.8088714997021872,0.21202057198248855,0.8744527459819109,0.15688399663392605,6.37323,13.6145,7.50276,1,1,0,1,0,0,0,0,0,0,0.0,0.0,0.0,0.0,0.0,0.2,0.2,0.0,0.0,0.2,11.790077000000002,2.90502,32.799686,0.1667113677013419,0.21202057198248855,0.18730580532390267,0.0,0.0,0.0,0.0,0.0,0.0,0,0.0,0.0,0,0,0,0,0,0,0,0,0,0,0,0,0
2,593.821,59,2.003997924778826,-0.9100347571202099,0.2244823438359121,0.11387115643805423,0.22612594464824484,0.8113757427302203,0.20576368778098955,0.8751407894291336,0.15709583972947755,13.6145,16.6711,5.5461,1,1,0,1,0,0,0,0,0,0,0.0,0.0,0.0,0.0,0.0,0.2,0.2,0.0,0.0,0.3,12.788146000000001,2.90502,27.237085999999998,0.1875021781481203,0.20576368778098955,0.16308984302466367,0.0,0.0,0.0,0.0,0.0,0.0,0,0.0,0.0,0,0,0,0,0,0,0,0,0,0,0,0,0
2,594.816,59,1.1869938167284755,-0.8211096563320106,0.03962609726799238,0.1848562465679197,0.24511350102028492,0.8117883325010844,0.20210377303630545,0.8741178345003882,0.15789027928102228,13.6145,20.0003,4.95842,1,1,0,0,0,0,0,0,0,0,0.0,0.0,0.0,0.0,0.0,0.2,0.2,0.0,0.0,0.4,14.071681000000002,2.90502,21.991768,0.1914616765629768,0.20210377303630545,0.17992115505658562,0.0,0.0,0.0,0.0,0.0,0.0,0,0.0,0.0,0,0,0,0,0,0,0,0,0,0,0,0,0
2,595.815,59,3.1634324084453516,1.9784170087256017,0.9172956170604982,0.8776695197925058,0.35648295605981467,0.8141553341191057,0.30241026116258585,0.872655139761154,0.1786246231852271,13.6145,29.0796,3.35469,1,1,0,0,0,0,0,0,0,0,0.0,0.0,0.0,0.0,0.0,0.1,0.1,0.0,0.0,0.5,16.689139,4.96235,17.082707,0.27205870089751427,0.30241026116258585,0.25655868097626655,0.0,0.0,0.0,0.0,0.0,0.0,0,0.0,0.0,0,0,0,0,0,0,0,0,0,0,0,0,0
2,596.818,59,2.550726214323756,-0.6108735734013914,0.4238672721909223,0.49342834486957593,0.32863538248780644,0.7956930472649429,0.2906518045005945,0.8701391241118639,0.1957183813572672,13.6145,19.6705,4.72115,1,1,0,0,0,0,0,0,0,0,0.0,0.0,0.0,0.0,0.0,0.1,0.1,0.0,0.0,0.6,18.017348000000002,4.96235,13.174182000000002,0.31344607387190354,0.2906518045005945,0.2957683323364148,0.0,0.0,0.0,0.0,0.0,0.0,0,0.0,0.0,0,0,0,0,0,0,0,0,0,0,0,0,0
2,597.822,59,2.7374316154189215,0.18596155487566277,0.2959916804708935,0.12787559172002877,0.33079757081654887,0.7723213229964005,0.2856485487102267,0.8663096459243818,0.22170788043221293,16.6711,25.7855,4.51801,1,1,0,0,0,0,0,0,0,0,0.0,0.0,0.0,0.0,0.0,0.0,0.0,0.0,0.0,0.7,20.099663000000003,6.37323,10.153123,0.32730050796740123,0.2856485487102267,0.29381051180152895,0.0,0.0,0.0,0.0,0.0,0.0,0,0.0,0.0,0,0,0,0,0,0,0,0,0,0,0,0,0
2,598.819,59,3.1058964466299566,0.36957355186663493,0.6366066342051543,0.34061495373426076,0.33361349704904825,0.790575478636231,0.28002701351730913,0.8619401211125558,0.24817114608493057,19.6705,49.8426,2.11017,1,1,0,0,0,0,0,0,0,0,0.0,0.0,0.0,0.0,0.0,0.0,0.0,0.0,0.0,0.8,24.4466,13.6145,7.661969999999999,0.387835946578973,0.28002701351730913,0.3152524980323069,0.0,0.0,0.0,0.0,0.0,0.0,0,0.0,0.0,0,0,0,0,0,0,0,0,0,0,0,0,0
2,599.821,59,0.06390343550344092,-3.0359211687889376,0.0,0.6366066342051543,0.3464014263242266,0.7880582807590112,0.29484425488458155,0.8560766137250791,0.2765661473256572,19.6705,52.8901,1.91539,1,1,0,0,0,0,0,0,0,0,0.0,0.0,0.0,0.0,0.0,0.0,0.0,0.0,0.0,0.9,27.68309,13.6145,5.901789,0.3759487474755698,0.29484425488458155,0.37015118715836276,0.0,0.0,0.0,0.0,0.0,0.0,0,0.0,0.0,0,0,0,0,0,0,0,0,0,0,0,0,0
2,600.822,60,0.0,-0.0638395959075334,0.0,0.0,0.27592696877330664,0.7950265136872707,0.31375853536454335,0.8487393117906832,0.29628262647696113,19.6705,52.3503,2.01585,1,1,0,0,0,0,0,0,0,0,0.0,0.0,0.0,0.0,0.0,0.0,0.0,0.0,0.0,1.0,29.881709999999998,13.6145,4.705684,0.3568130603087403,0.31375853536454335,0.3629026990949365,0.0,0.0,0.0,0.0,0.0,0.0,0,0.0,0.0,0,0,0,0,0,0,0,0,0,0,0,0,0
2,601.822,60,0.0,0.0,0.0,0.0,0.28236995162139583,0.7949464121820528,0.3078876920787777,0.839959669287681,0.2984604453064915,25.7855,52.2303,2.02888,1,1,0,0,0,0,0,0,0,0,0.0,0.0,0.0,0.0,0.0,0.0,0.0,0.0,0.0,1.0,33.21348,13.6145,3.867142,0.2876223145305339,0.3078876920787777,0.31284764048355973,0.0,0.0,0.0,0.0,0.0,0.0,0,0.0,0.0,0,0,0,0,0,0,0,0,0,0,0,0,0
2,602.824,60,0.0,0.0,0.0,0.0,0.28469914180201356,0.7782000798504347,0.3200448079560403,0.8313857014531209,0.301016634060269,49.8426,51.5882,2.05383,1,1,0,0,0,0,0,0,0,0,0.0,0.0,0.0,0.0,0.0,0.0,0.0,0.0,0.0,1.0,37.010850000000005,16.6711,3.3222490000000002,0.2537869645031373,0.3200448079560403,0.27749224473274997,0.0,0.0,0.0,0.0,0.0,0.0,0,0.0,0.0,0,0,0,0,0,0,0,0,0,0,0,0,0
2,603.824,60,0.0,0.0,0.0,0.0,0.0,0.7610401812187523,0.3300451050296726,0.8226979490105432,0.2784040395954446,51.5882,51.9977,2.03235,1,1,0,0,0,0,0,0,0,0,0.0,0.0,0.0,0.0,0.0,0.0,0.0,0.0,0.0,1.0,40.543510000000005,19.6705,2.970874,0.23133873011954612,0.3300451050296726,0.26610512908894457,0.0,0.0,0.0,0.0,0.0,0.0,0,0.0,0.0,0,0,0,0,0,0,0,0,0,0,0,0,0
2,604.825,60,0.0,0.0,0.0,0.0,0.0,0.7460884839769839,0.33282875040850946,0.8138578085352375,0.25389268949341603,51.5882,51.9942,2.03352,1,1,0,0,0,0,0,0,0,0,0.0,0.0,0.0,0.0,0.0,0.0,0.0,0.0,0.0,1.0,43.742900000000006,19.6705,2.6783840000000003,0.22737612039274682,0.33282875040850946,0.24761950443215258,0.0,0.0,0.0,0.0,0.0,0.0,0,0.0,0.0,0,0,0,0,0,0,0,0,0,0,0,0,0
2,605.825,60,0.0,0.0,0.0,0.0,0.0,0.7300461519672209,0.23298608857400865,0.8047263310343509,0.2182443938874346,35.391,35.391,2.79417,1,1,0,0,0,0,0,0,0,0,0.0,0.0,0.0,0.0,0.0,0.0,0.0,0.0,0.0,1.0,44.37404,19.6705,2.622332,0.135646558686697,0.23298608857400865,0.15985255245290197,0.0,0.0,0.0,0.0,0.0,0.0,0,0.0,0.0,0,0,0,0,0,0,0,0,0,0,0,0,0
2,606.827,60,0.0,0.0,0.0,0.0,0.0,0.7101415424812262,0.2123689452000257,0.7952648513355616,0.18538085563865397,35.391,35.6874,2.68364,1,1,0,0,0,0,0,0,0,0,0.0,0.0,0.0,0.0,0.0,0.0,0.0,0.0,0.0,1.0,45.97573,25.7855,2.418581,0.09325983146760479,0.2123689452000257,0.11050971796594437,0.0,0.0,0.0,0.0,0.0,0.0,0,0.0,0.0,0,0,0,0,0,0,0,0,0,0,0,0,0
2,607.827,60,0.0,0.0,0.0,0.0,0.0,0.6717514200001888,0.20131269376619576,0.7848946020048373,0.15230109855699908,35.391,35.5721,2.6913,1,1,0,0,0,0,0,0,0,0,0.0,0.0,0.0,0.0,0.0,0.0,0.0,0.0,0.0,1.0,46.954390000000004,35.391,2.23591,0.06366066342051543,0.20131269376619576,0.0977221587939415,0.0,0.0,0.0,0.0,0.0,0.0,0,0.0,0.0,0,0,0,0,0,0,0,0,0,0,0,0,0
2,608.834,60,0.0,0.0,0.0,0.0,0.0,0.6186596823141367,0.0,0.7728407374006925,0.11893974885209427,35.391,35.817,2.66515,1,1,0,0,0,0,0,0,0,0,0.0,0.0,0.0,0.0,0.0,0.0,0.0,0.0,0.0,1.0,45.55183,35.391,2.2914079999999997,0.0,0.0,0.06366066342051543,0.0,0.0,0.0,0.0,0.0,0.0,0,0.0,0.0,0,0,0,0,0,0,0,0,0,0,0,0,0
2,609.835,60,0.0,0.0,0.0,0.0,0.0,0.5534448876948196,0.0,0.7585894966091393,0.08429960621967161,35.391,35.8204,2.66826,1,1,0,0,0,0,0,0,0,0,0.0,0.0,0.0,0.0,0.0,0.0,0.0,0.0,0.0,1.0,43.84486,35.391,2.366695,0.0,0.0,0.0,0.0,0.0,0.0,0.0,0.0,0.0,0,0.0,0.0,0,0,0,0,0,0,0,0,0,0,0,0,0
2,610.836,61,0.2218142188931519,0.22159262626688503,0.04149654516418106,0.04149654516418106,0.018557819163699803,0.5153692721902319,0.013122359774685797,0.7436934674656227,0.05856269125871092,35.5721,35.8966,2.78758,1,1,0,1,0,0,0,0,0,0,0.0,0.0,0.0,0.0,0.0,0.0,0.0,0.0,0.0,1.0,42.199490000000004,35.391,2.443868,0.004149654516418106,0.013122359774685797,0.004149654516418106,0.0,0.0,0.0,0.0,0.0,0.0,0,0.0,0.0,0,0,0,0,0,0,0,0,0,0,0,0,0
2,611.833,61,0.0,-0.2224816638848063,0.0,0.04149654516418106,0.018557819163699803,0.5227866323067465,0.013122359774685797,0.7295170149289625,0.032181478012941314,35.4788,35.4788,2.82263,1,1,0,0,0,0,0,0,0,0,0.0,0.0,0.0,0.0,0.0,0.0,0.0,0.0,0.0,1.0,40.52434,35.391,2.523243,0.004149654516418106,0.013122359774685797,0.008299309032836212,0.0,0.0,0.0,0.0,0.0,0.0,0,0.0,0.0,0,0,0,0,0,0,0,0,0,0,0,0,0
2,612.834,61,1.6121412476257944,1.6105307169088856,0.4336473971957726,0.4336473971957726,0.19014446820967426,0.46237747006761315,0.13629863118212776,0.7121923134472337,0.022726010653707388,34.471,34.471,3.21259,1,1,0,0,0,0,0,0,0,0,0.0,0.0,0.0,0.0,0.0,0.0,0.0,0.0,0.0,1.0,38.81262,34.471,2.639119,0.047514394235995364,0.13629863118212776,0.05166404875241347,0.0,0.0,0.0,0.0,0.0,0.0,0,0.0,0.0,0,0,0,0,0,0,0,0,0,0,0,0,0
2,613.839,61,1.9068166167877814,0.2932093225492408,0.6942021296348595,0.2605547324390869,0.3155212266737634,0.4637450507509804,0.24380128555304023,0.6948107788482718,0.054278133321083735,26.2694,26.2694,3.87993,1,1,0,0,0,0,0,0,0,0,0.0,0.0,0.0,0.0,0.0,0.0,0.0,0.0,0.0,1.0,36.23979,26.2694,2.8238770000000004,0.11693460719948132,0.24380128555304023,0.07771952199632216,0.0,0.0,0.0,0.0,0.0,0.0,0,0.0,0.0,0,0,0,0,0,0,0,0,0,0,0,0,0
2,614.837,61,2.4566882454580816,0.5509735758219442,0.0076903010379538225,0.6865118285969056,0.31411177993925726,0.2939220979364848,0.2434032556001224,0.6689174671200417,0.08568931131500945,26.2694,27.6679,4.99959,1,1,0,0,0,0,0,0,0,0,0.0,0.0,0.0,0.0,0.0,0.0,0.0,0.0,0.0,1.0,33.807159999999996,26.2694,3.120484,0.11770363730327671,0.2434032556001224,0.14637070485601272,0.0,0.0,0.0,0.0,0.0,0.0,0,0.0,0.0,0,0,0,0,0,0,0,0,0,0,0,0,0
2,615.844,61,1.3168663970851682,-1.1318985584636678,0.0,0.0076903010379538225,0.3209889649501729,0.1751403691718202,0.2434032556001224,0.6369667188726774,0.11778820781002675,22.9055,22.9055,4.28943,1,1,0,0,0,0,0,0,0,0,0.0,0.0,0.0,0.0,0.0,0.0,0.0,0.0,0.0,1.0,32.55861,22.9055,3.27001,0.11770363730327671,0.2434032556001224,0.1471397349598081,0.0,0.0,0.0,0.0,0.0,0.0,0,0.0,0.0,0,0,0,0,0,0,0,0,0,0,0,0,0
2,616.841,61,0.0,-1.3208288837363773,0.0,0.0,0.3209889649501729,0.11736330924666888,0.2434032556001224,0.6030502319717638,0.14988710430504404,22.8934,22.8934,4.29295,1,1,0,0,0,0,0,0,0,0,0.0,0.0,0.0,0.0,0.0,0.0,0.0,0.0,0.0,1.0,31.27921,22.8934,3.430941,0.11770363730327671,0.2434032556001224,0.1471397349598081,0.0,0.0,0.0,0.0,0.0,0.0,0,0.0,0.0,0,0,0,0,0,0,0,0,0,0,0,0,0
2,617.84,61,0.0,0.0,0.0,0.0,0.3096147366778876,0.34167219006521404,0.2434032556001224,0.5815177753252044,0.18084857797283277,22.813,22.813,4.29091,1,1,0,0,0,0,0,0,0,0,0.0,0.0,0.0,0.0,0.0,0.0,0.0,0.0,0.0,1.0,30.003300000000003,22.813,3.590902,0.11770363730327671,0.2434032556001224,0.1471397349598081,0.0,0.0,0.0,0.0,0.0,0.0,0,0.0,0.0,0,0,0,0,0,0,0,0,0,0,0,0,0
2,618.842,61,0.0,0.0,0.0,0.0,0.003439207177663177,0.44393368894690033,0.2434032556001224,0.5641856858407379,0.1811924986905991,22.813,22.829,4.28266,1,1,0,0,0,0,0,0,0,0,0.0,0.0,0.0,0.0,0.0,0.0,0.0,0.0,0.0,1.0,28.704500000000003,22.813,3.752653,0.11770363730327671,0.2434032556001224,0.1471397349598081,0.0,0.0,0.0,0.0,0.0,0.0,0,0.0,0.0,0,0,0,0,0,0,0,0,0,0,0,0,0
2,619.847,61,0.0,0.0,0.0,0.0,4.384934195934144e-09,0.4475806284576835,0.2434032556001224,0.5471618032256715,0.18119249912909252,22.813,22.8345,4.30097,1,1,0,0,0,0,0,0,0,0,0.0,0.0,0.0,0.0,0.0,0.0,0.0,0.0,0.0,1.0,27.40591,22.813,3.9159239999999995,0.11770363730327671,0.2434032556001224,0.1471397349598081,0.0,0.0,0.0,0.0,0.0,0.0,0,0.0,0.0,0,0,0,0,0,0,0,0,0,0,0,0,0
2,620.847,62,0.0,0.0,0.0,0.0,4.384934195934144e-09,0.4475806284576835,0.24519396687944722,0.5297895089641922,0.17933671765121598,22.813,22.8607,4.31543,1,1,0,0,0,0,0,0,0,0,0.0,0.0,0.0,0.0,0.0,0.0,0.0,0.0,0.0,1.0,26.102320000000002,22.813,4.068709,0.1135539827868586,0.24519396687944722,0.14299008044338998,0.0,0.0,0.0,0.0,0.0,0.0,0,0.0,0.0,0,0,0,0,0,0,0,0,0,0,0,0,0
2,621.848,62,0.0,0.0,0.0,0.0,4.384934195934144e-09,0.4475806284576835,0.24519396687944722,0.5124212197779736,0.1774809361733394,15.3706,15.3706,6.35684,1,1,0,0,0,0,0,0,0,0,0.0,0.0,0.0,0.0,0.0,0.0,0.0,0.0,0.0,1.0,24.091500000000003,15.3706,4.42213,0.1135539827868586,0.24519396687944722,0.13884042592697188,0.0,0.0,0.0,0.0,0.0,0.0,0,0.0,0.0,0,0,0,0,0,0,0,0,0,0,0,0,0
2,622.848,62,0.0,0.0,0.0,0.0,4.384934195934144e-09,0.4475806284576835,0.21926909877440293,0.4958902472083362,0.1584664897908654,15.3706,16.519,7.09725,1,1,0,0,0,0,0,0,0,0,0.0,0.0,0.0,0.0,0.0,0.0,0.0,0.0,0.0,1.0,22.296300000000002,15.3706,4.810595999999999,0.07018924306728133,0.21926909877440293,0.09547568620739463,0.0,0.0,0.0,0.0,0.0,0.0,0,0.0,0.0,0,0,0,0,0,0,0,0,0,0,0,0,0
2,623.852,62,0.0,0.0,0.0,0.0,4.384934195934144e-09,0.4475806284576835,0.002431886717233533,0.48021726957028266,0.12691436756198246,15.3706,16.4955,7.09601,1,1,0,0,0,0,0,0,0,0,0.0,0.0,0.0,0.0,0.0,0.0,0.0,0.0,0.0,1.0,21.318910000000002,15.3706,5.132204,0.0007690301037953822,0.002431886717233533,0.06942021296348595,0.0,0.0,0.0,0.0,0.0,0.0,0,0.0,0.0,0,0,0,0,0,0,0,0,0,0,0,0,0
2,624.854,62,0.0,0.0,0.0,0.0,4.384934195934144e-09,0.4475806284576835,4.642524710456738e-09,0.4652918767943177,0.09550319000655016,15.3706,16.5069,7.09321,1,1,0,0,0,0,0,0,0,0,0.0,0.0,0.0,0.0,0.0,0.0,0.0,0.0,0.0,1.0,20.202810000000003,15.3706,5.341566,0.0,4.642524710456738e-09,0.0007690301037953822,0.0,0.0,0.0,0.0,0.0,0.0,0,0.0,0.0,0,0,0,0,0,0,0,0,0,0,0,0,0
2,625.854,62,0.0,0.0,0.0,0.0,4.384934195934144e-09,0.4475806284576835,4.642524710456738e-09,0.4511686006188408,0.0634042939500263,15.3706,16.5536,7.10549,1,1,0,0,0,0,0,0,0,0,0.0,0.0,0.0,0.0,0.0,0.0,0.0,0.0,0.0,1.0,19.567619999999998,15.3706,5.623172,0.0,4.642524710456738e-09,0.0,0.0,0.0,0.0,0.0,0.0,0.0,0,0.0,0.0,0,0,0,0,0,0,0,0,0,0,0,0,0
2,626.852,62,0.0,0.0,0.0,0.0,4.384934195934144e-09,0.4475806284576835,4.642524710456738e-09,0.43804055491766364,0.03130539789350243,16.4955,16.5574,7.11154,1,1,0,0,0,0,0,0,0,0,0.0,0.0,0.0,0.0,0.0,0.0,0.0,0.0,0.0,1.0,18.93402,15.3706,5.905030999999999,0.0,4.642524710456738e-09,0.0,0.0,0.0,0.0,0.0,0.0,0.0,0,0.0,0.0,0,0,0,0,0,0,0,0,0,0,0,0,0
2,627.856,62,0.0,0.0,0.0,0.0,4.384934195934144e-09,0.4475806284576835,4.642524710456738e-09,0.4268320153405384,0.0003439246642070885,16.4955,16.647,7.10539,1,1,0,0,0,0,0,0,0,0,0.0,0.0,0.0,0.0,0.0,0.0,0.0,0.0,0.0,1.0,18.31742,15.3706,6.186479,0.0,4.642524710456738e-09,0.0,0.0,0.0,0.0,0.0,0.0,0.0,0,0.0,0.0,0,0,0,0,0,0,0,0,0,0,0,0,0
2,628.855,62,0.0,0.0,0.0,0.0,4.384934195934144e-09,0.4475806284576835,4.642524710456738e-09,0.4182780626477157,4.384934195934144e-09,16.5069,16.5383,7.11137,1,1,0,0,0,0,0,0,0,0,0.0,0.0,0.0,0.0,0.0,0.0,0.0,0.0,0.0,1.0,17.688350000000003,15.3706,6.46935,0.0,4.642524710456738e-09,0.0,0.0,0.0,0.0,0.0,0.0,0.0,0,0.0,0.0,0,0,0,0,0,0,0,0,0,0,0,0,0
2,629.856,62,1.120485505963235,1.1193661398234118,0.37379464788201794,0.37379464788201794,0.16716604845795804,0.3728953231919461,0.11820424644878119,0.40925058442257206,0.016716608792236576,16.5383,23.9594,7.25659,1,1,0,0,0,0,0,0,0,0,0.0,0.0,0.0,0.0,0.0,0.0,0.0,0.0,0.0,1.0,17.80084,15.3706,6.764912,0.0373794647882018,0.11820424644878119,0.0373794647882018,0.0,0.0,0.0,0.0,0.0,0.0,0,0.0,0.0,0,0,0,0,0,0,0,0,0,0,0,0,0
2,630.856,63,0.0,-1.120485505963235,2.1073424255447017e-08,0.3737946268085937,0.16716604610187782,0.35750963332810787,0.11820424570833672,0.40135760247946584,0.03343321296393094,16.5383,24.0834,7.27186,1,1,0,0,0,0,0,0,0,0,0.0,0.0,0.0,0.0,0.0,0.0,0.0,0.0,0.0,1.0,17.92311,15.3706,7.060554999999999,0.037379466895544215,0.11820424570833672,0.07475892746906117,0.0,0.0,0.0,0.0,0.0,0.0,0,0.0,0.0,0,0,0,0,0,0,0,0,0,0,0,0,0
2,631.856,63,0.0,0.0,2.1073424255447017e-08,0.0,0.16716604374579744,0.35750963332810787,0.11820424496789221,0.3930937525305339,0.05014981690001726,16.5383,36.1342,10.3309,0,1,0,0,0,0,0,0,0,0,0.0,0.0,0.0,0.0,0.0,0.0,0.0,0.0,0.0,0.9,19.999470000000002,16.4955,7.457961,0.03737946900288665,0.11820424496789221,0.07475892746906117,0.0,0.0,0.0,0.0,0.0,0.0,0,0.0,0.0,0,0,0,0,0,0,0,0,0,0,0,0,0
2,632.858,63,1.0863584037399532,1.0841900236925681,0.17203842104198555,0.1720383999685613,0.16562978300384656,0.11128800506443155,0.12451072179880461,0.37553927928037484,0.0667127947619085,16.5383,36.6621,9.52849,0,1,0,0,0,0,0,0,0,0,0.0,0.0,0.0,0.0,0.0,0.0,0.0,0.0,0.0,0.8,22.013780000000004,16.4955,7.701085000000001,0.0545833111070852,0.12451072179880461,0.09196276746591729,0.0,0.0,0.0,0.0,0.0,0.0,0,0.0,0.0,0,0,0,0,0,0,0,0,0,0,0,0,0
2,633.863,63,0.0,-1.0809536355621425,0.0,0.17203842104198555,0.16562978300384656,0.3993029901866048,0.12451072179880461,0.37231717625215605,0.08327577262379973,23.9594,29.003,9.24029,1,1,0,0,0,0,0,0,0,0,0.0,0.0,0.0,0.0,0.0,0.0,0.0,0.0,0.0,0.8,23.26453,16.5069,7.915513,0.0545833111070852,0.12451072179880461,0.10916660957011586,0.0,0.0,0.0,0.0,0.0,0.0,0,0.0,0.0,0,0,0,0,0,0,0,0,0,0,0,0,0
2,634.86,63,0.0,0.0,0.0,0.0,0.07693791612616195,0.3779846778523963,0.12451072179880461,0.37652030524795166,0.09096956379792251,24.0834,26.2743,9.36328,1,1,0,0,0,0,0,0,0,0,0.0,0.0,0.0,0.0,0.0,0.0,0.0,0.0,0.0,0.8,24.241270000000004,16.5383,8.14252,0.0545833111070852,0.12451072179880461,0.10916660957011586,0.0,0.0,0.0,0.0,0.0,0.0,0,0.0,0.0,0,0,0,0,0,0,0,0,0,0,0,0,0
2,635.867,63,0.0,0.0,0.0,0.0,0.07693791848224223,0.7150166276425197,0.12451072179880461,0.4035141181714866,0.09866335520765332,22.1512,22.1512,8.7159,1,1,0,0,0,0,0,0,0,0,0.0,0.0,0.0,0.0,0.0,0.0,0.0,0.0,0.0,0.8,24.80103,16.5383,8.303560999999998,0.0545833111070852,0.12451072179880461,0.10916660957011586,0.0,0.0,0.0,0.0,0.0,0.0,0,0.0,0.0,0,0,0,0,0,0,0,0,0,0,0,0,0
2,636.867,63,0.0,0.0,0.0,0.0,0.07693792083832214,0.7150166276425197,0.12451072179880461,0.43339678409127913,0.10635714685299211,22.1512,27.5248,4.92591,1,1,0,0,0,0,0,0,0,0,0.0,0.0,0.0,0.0,0.0,0.0,0.0,0.0,0.0,0.8,25.89777,16.5383,8.084998,0.0545833111070852,0.12451072179880461,0.10916660957011586,0.0,0.0,0.0,0.0,0.0,0.0,0,0.0,0.0,0,0,0,0,0,0,0,0,0,0,0,0,0
2,637.864,63,0.32377156267428503,0.32474580007450854,0.14324654205980128,0.14324654205980128,0.06406180111749968,0.5551519037286973,0.12576704747538717,0.4440707697744533,0.11276332652624865,22.1512,24.2618,4.09663,1,1,0,0,0,0,0,0,0,0,0.0,0.0,0.0,0.0,0.0,0.0,0.0,0.0,0.0,0.8,26.659250000000004,16.5383,7.784122000000001,0.06890796531306534,0.12576704747538717,0.12349126377609598,0.0,0.0,0.0,0.0,0.0,0.0,0,0.0,0.0,0,0,0,0,0,0,0,0,0,0,0,0,0
2,638.866,63,1.6428612958729338,1.3164568195595299,0.3389565647729196,0.1957100227131183,0.1490865162975203,0.5043052289088968,0.14871484091765202,0.44708934677255313,0.12767197771750727,16.7515,16.7515,5.74839,1,1,0,0,0,0,0,0,0,0,0.0,0.0,0.0,0.0,0.0,0.0,0.0,0.0,0.0,0.8,26.68057,16.7515,7.647824,0.10280362179035729,0.14871484091765202,0.14306226604740782,0.0,0.0,0.0,0.0,0.0,0.0,0,0.0,0.0,0,0,0,0,0,0,0,0,0,0,0,0,0
2,639.868,63,0.25029814772051506,-1.389783580990438,1.0086286661518534e-07,0.33895646391005296,0.14908649998606197,0.43773694694136234,0.11652616613029006,0.4465971626967371,0.12586402287031767,16.7515,17.4487,5.47438,1,1,0,0,0,0,0,0,0,0,0.0,0.0,0.0,0.0,0.0,0.0,0.0,0.0,0.0,0.8,26.029500000000002,16.7515,7.469603000000001,0.06542416708844215,0.11652616613029006,0.1395784476502113,0.0,0.0,0.0,0.0,0.0,0.0,0,0.0,0.0,0,0,0,0,0,0,0,0,0,0,0,0,0
2,640.867,64,1.8381932790125661,1.589484615907959,0.04794723055880224,0.04794712969593563,0.1427394165050019,0.3231357643691518,0.11450393369086535,0.44037491949231045,0.12342135991063008,16.7515,24.8153,3.83894,1,1,0,0,0,0,0,0,0,0,0.0,0.0,0.0,0.0,0.0,0.0,0.0,0.0,0.0,0.8,26.102690000000003,16.7515,7.126310999999999,0.07021888803697995,0.11450393369086535,0.1069936979389455,0.0,0.0,0.0,0.0,0.0,0.0,0,0.0,0.0,0,0,0,0,0,0,0,0,0,0,0,0,0
2,641.868,64,0.13025379469328163,-1.7062332510682165,0.0,0.04794723055880224,0.1427394165050019,0.332991911757289,0.11450393512677155,0.43464548365729083,0.1209786971865505,16.7515,25.2836,3.77112,1,1,0,0,0,0,0,0,0,0,0.0,0.0,0.0,0.0,0.0,0.0,0.0,0.0,0.0,0.9,25.01763,16.7515,6.470332999999999,0.07021888592963753,0.11450393512677155,0.11178842099482574,0.0,0.0,0.0,0.0,0.0,0.0,0,0.0,0.0,0,0,0,0,0,0,0,0,0,0,0,0,0
2,642.868,64,0.0,-0.13025379469328163,0.0,0.0,0.14769187921380186,0.332991911757289,0.11035503956417014,0.428916047822271,0.11918490680754605,16.7515,28.252,3.40672,1,1,0,0,0,0,0,0,0,0,0.0,0.0,0.0,0.0,0.0,0.0,0.0,0.0,0.0,1.0,24.176620000000003,16.7515,5.858155999999999,0.05301504382543898,0.11035503956417014,0.0945845809979696,0.0,0.0,0.0,0.0,0.0,0.0,0,0.0,0.0,0,0,0,0,0,0,0,0,0,0,0,0,0
2,643.872,64,0.0,0.0,0.0,0.0,0.0214426420957004,0.332991911757289,0.11035503956417014,0.42318661198725127,0.10476619271673142,17.4487,40.5075,2.46768,1,1,0,0,0,0,0,0,0,0,0.0,0.0,0.0,0.0,0.0,0.0,0.0,0.0,0.0,1.0,25.32707,16.7515,5.1808950000000005,0.05301504382543898,0.11035503956417014,0.07738073889377103,0.0,0.0,0.0,0.0,0.0,0.0,0,0.0,0.0,0,0,0,0,0,0,0,0,0,0,0,0,0
2,644.869,64,0.0,0.0,0.0,0.0,0.02144265337246723,0.332991911757289,0.11035503956417014,0.41745717615223155,0.09921666644136196,24.8153,40.4603,2.46975,1,1,0,0,0,0,0,0,0,0,0.0,0.0,0.0,0.0,0.0,0.0,0.0,0.0,0.0,1.0,26.74567,16.7515,4.491542,0.05301504382543898,0.11035503956417014,0.07738073889377103,0.0,0.0,0.0,0.0,0.0,0.0,0,0.0,0.0,0,0,0,0,0,0,0,0,0,0,0,0,0
2,645.872,64,0.0,0.0,0.0,0.0,0.0,0.332991911757289,0.11035503956417014,0.4117277403172118,0.09152287459313772,25.2836,40.1965,2.49742,1,1,0,0,0,0,0,0,0,0,0.0,0.0,0.0,0.0,0.0,0.0,0.0,0.0,0.0,1.0,28.5502,16.7515,3.869694,0.05301504382543898,0.11035503956417014,0.07738073889377103,0.0,0.0,0.0,0.0,0.0,0.0,0,0.0,0.0,0,0,0,0,0,0,0,0,0,0,0,0,0
2,646.874,64,0.0,0.0,0.0,0.0,0.0,0.332991911757289,0.11035503956417014,0.4059983044821921,0.08382908250930551,28.252,40.0996,2.50221,1,1,0,0,0,0,0,0,0,0,0.0,0.0,0.0,0.0,0.0,0.0,0.0,0.0,0.0,1.0,29.807680000000005,16.7515,3.627324,0.05301504382543898,0.11035503956417014,0.07738073889377103,0.0,0.0,0.0,0.0,0.0,0.0,0,0.0,0.0,0,0,0,0,0,0,0,0,0,0,0,0,0
2,647.874,64,0.0,0.0,0.0,0.0,0.0,0.332991911757289,0.10657341091779175,0.40026886864717237,0.07742290239755555,40.0996,40.2869,2.48936,1,1,0,0,0,0,0,0,0,0,0.0,0.0,0.0,0.0,0.0,0.0,0.0,0.0,0.0,1.0,31.410190000000007,16.7515,3.466597,0.038690389619458844,0.10657341091779175,0.06305608468779092,0.0,0.0,0.0,0.0,0.0,0.0,0,0.0,0.0,0,0,0,0,0,0,0,0,0,0,0,0,0
2,648.877,64,0.0,0.0,0.0,0.0,0.0,0.332991911757289,0.015162242062378364,0.3945394328121527,0.06251425076780352,40.0566,40.0566,2.50692,1,1,0,0,0,0,0,0,0,0,0.0,0.0,0.0,0.0,0.0,0.0,0.0,0.0,0.0,1.0,33.740700000000004,17.4487,3.1424499999999997,0.004794733142166886,0.015162242062378364,0.04348508241647908,0.0,0.0,0.0,0.0,0.0,0.0,0,0.0,0.0,0,0,0,0,0,0,0,0,0,0,0,0,0
2,649.879,64,0.0,0.0,0.0,0.0,0.0,0.2923235864257208,0.015162245606305119,0.39051084597384145,0.04760560076919732,40.0566,40.1599,2.49934,1,1,0,0,0,0,0,0,0,0,0.0,0.0,0.0,0.0,0.0,0.0,0.0,0.0,0.0,1.0,36.01182,24.8153,2.8449459999999998,0.004794723055880224,0.015162245606305119,0.009589436025473786,0.0,0.0,0.0,0.0,0.0,0.0,0,0.0,0.0,0,0,0,0,0,0,0,0,0,0,0,0,0
2,650.88,65,0.0,0.0,0.0,0.0,0.0,0.2923235864257208,0.0,0.3872515436287221,0.033331659118697135,40.0566,40.1987,2.49598,1,1,0,0,0,0,0,0,0,0,0.0,0.0,0.0,0.0,0.0,0.0,0.0,0.0,0.0,1.0,37.55016,25.2836,2.71065,0.0,0.0,0.004794723055880224,0.0,0.0,0.0,0.0,0.0,0.0,0,0.0,0.0,0,0,0,0,0,0,0,0,0,0,0,0,0
2,651.878,65,0.0,0.0,0.0,0.0,0.0,0.2923235864257208,0.0,0.3839922412836027,0.019057717468196945,40.0566,40.1773,2.49794,1,1,0,0,0,0,0,0,0,0,0.0,0.0,0.0,0.0,0.0,0.0,0.0,0.0,0.0,1.0,39.03953,28.252,2.583332,0.0,0.0,0.0,0.0,0.0,0.0,0.0,0.0,0.0,0,0.0,0.0,0,0,0,0,0,0,0,0,0,0,0,0,0
2,652.882,65,0.0,0.0,0.0,0.0,0.0,0.13146195369424826,0.0,0.38500093871509355,0.004288529546816758,40.0566,40.2512,2.4932,1,1,0,0,0,0,0,0,0,0,0.0,0.0,0.0,0.0,0.0,0.0,0.0,0.0,0.0,1.0,40.239450000000005,40.0566,2.49198,0.0,0.0,0.0,0.0,0.0,0.0,0.0,0.0,0.0,0,0.0,0.0,0,0,0,0,0,0,0,0,0,0,0,0,0
2,653.881,65,0.0,0.0,0.0,0.0,0.0,0.13146195369424826,0.0,0.3716088868904758,0.0021442653372467173,40.1228,40.1228,2.50054,1,1,0,0,0,0,0,0,0,0,0.0,0.0,0.0,0.0,0.0,0.0,0.0,0.0,0.0,1.0,40.20098,40.0566,2.495266,0.0,0.0,0.0,0.0,0.0,0.0,0.0,0.0,0.0,0,0.0,0.0,0,0,0,0,0,0,0,0,0,0,0,0,0
2,654.883,65,0.4972023436964739,0.4962099238487764,0.006906520592198106,0.006906520592198106,0.003088689906431414,0.1376289847441444,0.0021840335778200957,0.35959110223506313,0.00030886899064313584,33.963,33.963,2.88531,0,1,0,0,0,0,0,0,0,0,0.0,0.0,0.0,0.0,0.0,0.0,0.0,0.0,0.0,0.9,39.55125,33.963,2.536822,0.0006906520592198106,0.0021840335778200957,0.0006906520592198106,0.0,0.0,0.0,0.0,0.0,0.0,0,0.0,0.0,0,0,0,0,0,0,0,0,0,0,0,0,0
2,655.883,65,0.7034912937625487,0.20628895006607478,0.04549132315956776,0.03858480256736965,0.0197993289250658,0.21621229124247016,0.014308533221338144,0.33465088541506066,0.0022888018831497157,27.7293,27.7293,3.49793,1,1,0,0,0,0,0,0,0,0,0.0,0.0,0.0,0.0,0.0,0.0,0.0,0.0,0.0,0.9,38.30453,27.7293,2.6368730000000005,0.005239784375176587,0.014308533221338144,0.004549132315956776,0.0,0.0,0.0,0.0,0.0,0.0,0,0.0,0.0,0,0,0,0,0,0,0,0,0,0,0,0,0
2,656.884,65,1.623338199837905,0.9189279780972592,0.22236670874633982,0.17687538558677207,0.09547905765962679,0.2160079329582364,0.0699321558029477,0.3097004506808465,0.011836707649112394,27.4985,27.4985,3.74957,1,1,0,0,0,0,0,0,0,0,0.0,0.0,0.0,0.0,0.0,0.0,0.0,0.0,0.0,0.9,37.044419999999995,27.4985,2.761609,0.027476455249810572,0.0699321558029477,0.022236670874633983,0.0,0.0,0.0,0.0,0.0,0.0,0,0.0,0.0,0,0,0,0,0,0,0,0,0,0,0,0,0
2,657.89,65,0.0,-1.6136562622643191,0.4268257072973998,0.20445899855106,0.18391473537356845,0.18284813294778335,0.14318651737200497,0.29108526214180086,0.03022818118646924,27.4985,28.7104,3.75143,1,1,0,0,0,0,0,0,0,0,0.0,0.0,0.0,0.0,0.0,0.0,0.0,0.0,0.0,0.9,35.88677,27.4985,2.887816,0.07015902597955055,0.14318651737200497,0.04268257072973999,0.0,0.0,0.0,0.0,0.0,0.0,0,0.0,0.0,0,0,0,0,0,0,0,0,0,0,0,0,0
2,658.889,65,0.0,0.0,0.0,0.4268257072973998,0.18391473537356845,0.26343121838179323,0.14318651737200497,0.2790415616154457,0.04861965472382608,27.4985,28.7018,3.75767,1,1,0,0,0,0,0,0,0,0,0.0,0.0,0.0,0.0,0.0,0.0,0.0,0.0,0.0,0.9,34.75129,27.4985,3.012891,0.07015902597955055,0.14318651737200497,0.08536514145947996,0.0,0.0,0.0,0.0,0.0,0.0,0,0.0,0.0,0,0,0,0,0,0,0,0,0,0,0,0,0
2,659.888,65,0.0,0.0,0.0,0.0,0.18518875407858573,0.2472837129922584,0.14318651737200497,0.26951889991799044,0.06713853013168466,27.4985,28.7679,3.74923,1,1,0,0,0,0,0,0,0,0,0.0,0.0,0.0,0.0,0.0,0.0,0.0,0.0,0.0,0.9,33.61209,27.4985,3.13788,0.07015902597955055,0.14318651737200497,0.08536514145947996,0.0,0.0,0.0,0.0,0.0,0.0,0,0.0,0.0,0,0,0,0,0,0,0,0,0,0,0,0,0
2,660.894,66,0.0,0.0,0.0,0.0,0.19192249670040218,0.6411460031437692,0.14318651737200497,0.2854194118567213,0.08633077980172488,27.4985,28.6499,3.75057,1,1,0,0,0,0,0,0,0,0,0.0,0.0,0.0,0.0,0.0,0.0,0.0,0.0,0.0,0.9,32.45721,27.4985,3.2633389999999998,0.07015902597955055,0.14318651737200497,0.08536514145947996,0.0,0.0,0.0,0.0,0.0,0.0,0,0.0,0.0,0,0,0,0,0,0,0,0,0,0,0,0,0
2,661.893,66,0.0,0.0,0.0,0.0,0.19088225921228283,0.7155195998853198,0.14318651737200497,0.30454579626312284,0.10541900572295315,28.6499,30.3397,3.29575,1,1,0,0,0,0,0,0,0,0,0.0,0.0,0.0,0.0,0.0,0.0,0.0,0.0,0.0,0.9,31.473450000000003,27.4985,3.3431200000000003,0.07015902597955055,0.14318651737200497,0.08536514145947996,0.0,0.0,0.0,0.0,0.0,0.0,0,0.0,0.0,0,0,0,0,0,0,0,0,0,0,0,0,0
2,662.891,66,0.0,0.0,0.0,0.0,0.0,0.7155195998853198,0.14318651737200497,0.32367218066952436,0.10541900572295315,28.6499,30.3763,3.29697,1,1,0,0,0,0,0,0,0,0,0.0,0.0,0.0,0.0,0.0,0.0,0.0,0.0,0.0,0.9,30.485960000000006,27.4985,3.423497,0.07015902597955055,0.14318651737200497,0.08536514145947996,0.0,0.0,0.0,0.0,0.0,0.0,0,0.0,0.0,0,0,0,0,0,0,0,0,0,0,0,0,0
2,663.895,66,0.0,0.0,0.0,0.0,0.0,0.7155195998853198,0.14318651737200497,0.3427985650759259,0.10541900572295315,28.6499,30.3359,3.30586,1,1,0,0,0,0,0,0,0,0,0.0,0.0,0.0,0.0,0.0,0.0,0.0,0.0,0.0,0.9,29.50727,27.4985,3.504029,0.07015902597955055,0.14318651737200497,0.08536514145947996,0.0,0.0,0.0,0.0,0.0,0.0,0,0.0,0.0,0,0,0,0,0,0,0,0,0,0,0,0,0
2,664.893,66,0.5672617176232211,0.5683985146525261,0.05296115408740406,0.05296115408740406,0.023684948141255262,0.6467259822036442,0.14165850692081652,0.3584852685982437,0.10747863154643553,28.6499,29.6514,3.23159,1,1,0,0,0,0,0,0,0,0,0.0,0.0,0.0,0.0,0.0,0.0,0.0,0.0,0.0,1.0,29.07611,27.4985,3.5386570000000006,0.07476448932907115,0.14165850692081652,0.08997060480900057,0.0,0.0,0.0,0.0,0.0,0.0,0,0.0,0.0,0,0,0,0,0,0,0,0,0,0,0,0,0
2,665.899,66,0.6183030434231398,0.05073690437367665,0.034617550312012246,0.018343603775391813,0.024845788068696806,0.40988453782965817,0.14194961070298984,0.36232989990186215,0.10798327746079864,29.6514,36.2839,2.71668,1,1,0,0,0,0,0,0,0,0,0.0,0.0,0.0,0.0,0.0,0.0,0.0,0.0,0.0,1.0,29.93157,27.4985,3.4605319999999997,0.07367711204431558,0.14194961070298984,0.08794648492980278,0.0,0.0,0.0,0.0,0.0,0.0,0,0.0,0.0,0,0,0,0,0,0,0,0,0,0,0,0,0
2,666.895,66,0.10040160642570281,-0.5199813624472258,0.0,0.034617550312012246,0.024845788068696806,0.37964953375165444,0.1332175552180573,0.3646627810015804,0.10091995050170563,29.6514,37.5946,2.62818,1,1,0,0,0,0,0,0,0,0,0.0,0.0,0.0,0.0,0.0,0.0,0.0,0.0,0.0,1.0,30.941180000000003,28.6499,3.348393,0.051440441169681606,0.1332175552180573,0.0737207014023268,0.0,0.0,0.0,0.0,0.0,0.0,0,0.0,0.0,0,0,0,0,0,0,0,0,0,0,0,0,0
2,667.902,66,0.0,-0.0997036806610753,0.0,0.0,0.024845788068696806,0.37964953375165444,0.01896269930810499,0.3669956621012987,0.08501305577121848,29.6514,37.5584,2.6334,1,1,0,0,0,0,0,0,0,0,0.0,0.0,0.0,0.0,0.0,0.0,0.0,0.0,0.0,1.0,31.825980000000005,28.6499,3.2365900000000005,0.008757870439941631,0.01896269930810499,0.053274801547220786,0.0,0.0,0.0,0.0,0.0,0.0,0,0.0,0.0,0,0,0,0,0,0,0,0,0,0,0,0,0
2,668.902,66,0.0,0.0,0.0,0.0,0.024845788068696806,0.37964953375165444,0.01896269930810499,0.36932854320101693,0.06910616104073132,29.6514,37.5416,2.63417,1,1,0,0,0,0,0,0,0,0,0.0,0.0,0.0,0.0,0.0,0.0,0.0,0.0,0.0,1.0,32.70996000000001,28.6499,3.12424,0.008757870439941631,0.01896269930810499,0.010592230817480812,0.0,0.0,0.0,0.0,0.0,0.0,0,0.0,0.0,0,0,0,0,0,0,0,0,0,0,0,0,0
2,669.906,66,0.0,0.0,0.0,0.0,0.015481439142435683,0.37964953375165444,0.01896269930810499,0.37369484056731367,0.05213542954711632,36.2839,37.62,2.62892,1,1,0,0,0,0,0,0,0,0,0.0,0.0,0.0,0.0,0.0,0.0,0.0,0.0,0.0,1.0,33.59517000000001,28.6499,3.012209,0.008757870439941631,0.01896269930810499,0.010592230817480812,0.0,0.0,0.0,0.0,0.0,0.0,0,0.0,0.0,0,0,0,0,0,0,0,0,0,0,0,0,0
2,670.901,67,0.0,0.0,0.0,0.0,0.0,0.37964953375165444,0.01896269930810499,0.37806113793361035,0.032943179877076095,37.5416,37.544,2.64097,1,1,0,0,0,0,0,0,0,0,0.0,0.0,0.0,0.0,0.0,0.0,0.0,0.0,0.0,1.0,34.48458000000001,29.6514,2.901249,0.008757870439941631,0.01896269930810499,0.010592230817480812,0.0,0.0,0.0,0.0,0.0,0.0,0,0.0,0.0,0,0,0,0,0,0,0,0,0,0,0,0,0
2,671.902,67,0.0,0.0,0.0,0.0,0.0,0.37964953375165444,0.01896269930810499,0.38242743529990697,0.013854953955847812,37.5416,37.6068,2.62809,1,1,0,0,0,0,0,0,0,0,0.0,0.0,0.0,0.0,0.0,0.0,0.0,0.0,0.0,1.0,35.21129,29.6514,2.834483,0.008757870439941631,0.01896269930810499,0.010592230817480812,0.0,0.0,0.0,0.0,0.0,0.0,0,0.0,0.0,0,0,0,0,0,0,0,0,0,0,0,0,0
2,672.903,67,0.0,0.0,0.0,0.0,0.0,0.37964953375165444,0.01896269930810499,0.3948368143027773,0.013854953955847812,37.5416,37.5703,2.6365,1,1,0,0,0,0,0,0,0,0,0.0,0.0,0.0,0.0,0.0,0.0,0.0,0.0,0.0,1.0,35.930690000000006,29.6514,2.768436,0.008757870439941631,0.01896269930810499,0.010592230817480812,0.0,0.0,0.0,0.0,0.0,0.0,0,0.0,0.0,0,0,0,0,0,0,0,0,0,0,0,0,0
2,673.902,67,0.0,0.0,0.0,0.0,0.0,0.37964953375165444,0.01896269930810499,0.4072461933056476,0.013854953955847812,37.544,37.5862,2.62899,1,1,0,0,0,0,0,0,0,0,0.0,0.0,0.0,0.0,0.0,0.0,0.0,0.0,0.0,1.0,36.655719999999995,29.6514,2.700749,0.008757870439941631,0.01896269930810499,0.010592230817480812,0.0,0.0,0.0,0.0,0.0,0.0,0,0.0,0.0,0,0,0,0,0,0,0,0,0,0,0,0,0
2,674.906,67,0.0,0.0,0.0,0.0,0.0,0.4341190439662752,0.010947030600143265,0.4220706962667541,0.011486459141722284,37.544,37.5651,2.6318,1,1,0,0,0,0,0,0,0,0,0.0,0.0,0.0,0.0,0.0,0.0,0.0,0.0,0.0,1.0,37.44709,36.2839,2.64077,0.0034617550312012247,0.010947030600143265,0.005296115408740406,0.0,0.0,0.0,0.0,0.0,0.0,0,0.0,0.0,0,0,0,0,0,0,0,0,0,0,0,0,0
2,675.906,67,0.0,0.0,0.0,0.0,0.0,0.6107721801082623,0.0,0.44179869071004385,0.009001880334852604,37.5317,37.5317,2.6386,1,1,0,0,0,0,0,0,0,0,0.0,0.0,0.0,0.0,0.0,0.0,0.0,0.0,0.0,1.0,37.571870000000004,37.5317,2.632962,0.0,0.0,0.0034617550312012247,0.0,0.0,0.0,0.0,0.0,0.0,0,0.0,0.0,0,0,0,0,0,0,0,0,0,0,0,0,0
2,676.908,67,0.0,0.0,0.0,0.0,0.0,0.7068287078390665,0.0,0.4663397294540853,0.006517301527982924,37.5317,37.6229,2.62743,1,1,0,0,0,0,0,0,0,0,0.0,0.0,0.0,0.0,0.0,0.0,0.0,0.0,0.0,1.0,37.5747,37.5317,2.6328869999999998,0.0,0.0,0.0,0.0,0.0,0.0,0.0,0.0,0.0,0,0.0,0.0,0,0,0,0,0,0,0,0,0,0,0,0,0
2,677.908,67,0.0,0.0,0.0,0.0,0.0,0.7068287078390665,0.0,0.49253875819864945,0.004032722721113243,37.5317,37.5433,2.64253,1,1,0,0,0,0,0,0,0,0,0.0,0.0,0.0,0.0,0.0,0.0,0.0,0.0,0.0,1.0,37.57319,37.5317,2.6338,0.0,0.0,0.0,0.0,0.0,0.0,0.0,0.0,0.0,0,0.0,0.0,0,0,0,0,0,0,0,0,0,0,0,0,0
2,678.91,67,0.0,0.0,0.0,0.0,0.0,0.7068287078390665,0.0,0.514708632671513,0.0015481439142435627,37.5317,37.6092,2.62952,1,1,0,0,0,0,0,0,0,0,0.0,0.0,0.0,0.0,0.0,0.0,0.0,0.0,0.0,1.0,37.579950000000004,37.5317,2.6333349999999998,0.0,0.0,0.0,0.0,0.0,0.0,0.0,0.0,0.0,0,0.0,0.0,0,0,0,0,0,0,0,0,0,0,0,0,0
2,679.911,67,0.0,0.0,0.0,0.0,0.0,0.7068287078390665,0.0,0.5376858824138535,0.0,37.5317,37.5751,2.63642,1,1,0,0,0,0,0,0,0,0,0.0,0.0,0.0,0.0,0.0,0.0,0.0,0.0,0.0,1.0,37.57546000000001,37.5317,2.634085,0.0,0.0,0.0,0.0,0.0,0.0,0.0,0.0,0.0,0,0.0,0.0,0,0,0,0,0,0,0,0,0,0,0,0,0
2,680.909,68,0.0,0.0,0.0,0.0,0.0,0.7068287078390665,0.0,0.5409700176486184,0.0,37.5433,37.5817,2.63141,1,1,0,0,0,0,0,0,0,0,0.0,0.0,0.0,0.0,0.0,0.0,0.0,0.0,0.0,1.0,37.57923,37.5317,2.633129,0.0,0.0,0.0,0.0,0.0,0.0,0.0,0.0,0.0,0,0.0,0.0,0,0,0,0,0,0,0,0,0,0,0,0,0
2,681.915,68,0.0,0.0,0.0,0.0,0.0,0.7068287078390665,0.0,0.5405354730463057,0.0,37.5433,37.5805,2.63087,1,1,0,0,0,0,0,0,0,0,0.0,0.0,0.0,0.0,0.0,0.0,0.0,0.0,0.0,1.0,37.5766,37.5317,2.6334069999999996,0.0,0.0,0.0,0.0,0.0,0.0,0.0,0.0,0.0,0,0.0,0.0,0,0,0,0,0,0,0,0,0,0,0,0,0
2,682.912,68,0.0,0.0,0.0,0.0,0.0,0.7068287078390665,0.0,0.540100928443993,0.0,37.5244,37.5244,2.64006,1,1,0,0,0,0,0,0,0,0,0.0,0.0,0.0,0.0,0.0,0.0,0.0,0.0,0.0,1.0,37.57201,37.5244,2.633763,0.0,0.0,0.0,0.0,0.0,0.0,0.0,0.0,0.0,0,0.0,0.0,0,0,0,0,0,0,0,0,0,0,0,0,0
2,683.915,68,0.0,0.0,0.0,0.0,0.0,0.7068287078390665,0.0,0.5396663838416804,0.0,37.5244,37.5917,2.62831,1,1,0,0,0,0,0,0,0,0,0.0,0.0,0.0,0.0,0.0,0.0,0.0,0.0,0.0,1.0,37.57256,37.5244,2.633695,0.0,0.0,0.0,0.0,0.0,0.0,0.0,0.0,0.0,0,0.0,0.0,0,0,0,0,0,0,0,0,0,0,0,0,0
2,684.914,68,0.0,0.0,0.0,0.0,0.0,0.999997532680584,0.0,0.5573299613655274,0.0,37.5244,37.5361,2.64289,1,1,0,0,0,0,0,0,0,0,0.0,0.0,0.0,0.0,0.0,0.0,0.0,0.0,0.0,1.0,37.56966,37.5244,2.634804,0.0,0.0,0.0,0.0,0.0,0.0,0.0,0.0,0.0,0,0.0,0.0,0,0,0,0,0,0,0,0,0,0,0,0,0
2,685.916,68,0.0,0.0,0.0,0.0,0.0,0.0,0.0,0.5368357344740444,0.0,37.5244,37.5806,2.63282,1,1,0,0,0,0,0,0,0,0,0.0,0.0,0.0,0.0,0.0,0.0,0.0,0.0,0.0,1.0,37.57455,37.5244,2.634226,0.0,0.0,0.0,0.0,0.0,0.0,0.0,0.0,0.0,0,0.0,0.0,0,0,0,0,0,0,0,0,0,0,0,0,0
2,686.917,68,0.0,0.0,0.0,0.0,0.0,0.0,0.0,0.5178532577864617,0.0,37.5244,37.5596,2.63613,1,1,0,0,0,0,0,0,0,0,0.0,0.0,0.0,0.0,0.0,0.0,0.0,0.0,0.0,1.0,37.568220000000004,37.5244,2.635096,0.0,0.0,0.0,0.0,0.0,0.0,0.0,0.0,0.0,0,0.0,0.0,0,0,0,0,0,0,0,0,0,0,0,0,0
2,687.919,68,0.0,0.0,0.0,0.0,0.0,0.0,0.0,0.49887078109887895,0.0,37.5361,37.55,2.63496,1,1,0,0,0,0,0,0,0,0,0.0,0.0,0.0,0.0,0.0,0.0,0.0,0.0,0.0,1.0,37.568889999999996,37.5244,2.6343389999999998,0.0,0.0,0.0,0.0,0.0,0.0,0.0,0.0,0.0,0,0.0,0.0,0,0,0,0,0,0,0,0,0,0,0,0,0
2,688.92,68,0.0,0.0,0.0,0.0,0.0,0.0,0.0,0.4798883044112962,0.0,37.5361,37.6132,2.62368,1,1,0,0,0,0,0,0,0,0,0.0,0.0,0.0,0.0,0.0,0.0,0.0,0.0,0.0,1.0,37.56929,37.5244,2.633755,0.0,0.0,0.0,0.0,0.0,0.0,0.0,0.0,0.0,0,0.0,0.0,0,0,0,0,0,0,0,0,0,0,0,0,0
2,689.92,68,0.0,0.0,0.0,0.0,0.0,0.0,0.0,0.4609058277237136,0.0,37.512,37.512,2.65631,1,1,0,0,0,0,0,0,0,0,0.0,0.0,0.0,0.0,0.0,0.0,0.0,0.0,0.0,1.0,37.562979999999996,37.512,2.635744,0.0,0.0,0.0,0.0,0.0,0.0,0.0,0.0,0.0,0,0.0,0.0,0,0,0,0,0,0,0,0,0,0,0,0,0
2,690.921,69,0.0,0.0,0.0,0.0,0.0,0.0,0.0,0.4419233510361308,0.0,37.512,37.512,2.65631,1,1,0,0,0,0,0,0,0,0,0.0,0.0,0.0,0.0,0.0,0.0,0.0,0.0,0.0,1.0,37.55601,37.512,2.6382339999999997,0.0,0.0,0.0,0.0,0.0,0.0,0.0,0.0,0.0,0,0.0,0.0,0,0,0,0,0,0,0,0,0,0,0,0,0
2,691.922,69,0.0,0.0,0.0,0.0,0.0,0.0,0.0,0.42294087434854805,0.0,37.512,37.512,2.65631,1,1,0,0,0,0,0,0,0,0,0.0,0.0,0.0,0.0,0.0,0.0,0.0,0.0,0.0,1.0,37.54916,37.512,2.640778,0.0,0.0,0.0,0.0,0.0,0.0,0.0,0.0,0.0,0,0.0,0.0,0,0,0,0,0,0,0,0,0,0,0,0,0
2,692.922,69,0.0,0.0,0.0,0.0,0.0,0.0,0.0,0.4039583976609654,0.0,37.512,37.512,2.65631,1,1,0,0,0,0,0,0,0,0,0.0,0.0,0.0,0.0,0.0,0.0,0.0,0.0,0.0,1.0,37.54792,37.512,2.642403,0.0,0.0,0.0,0.0,0.0,0.0,0.0,0.0,0.0,0,0.0,0.0,0,0,0,0,0,0,0,0,0,0,0,0,0
2,693.925,69,0.0,0.0,0.0,0.0,0.0,0.0,0.0,0.3849759209733826,0.0,37.512,37.512,2.65631,1,1,0,0,0,0,0,0,0,0,0.0,0.0,0.0,0.0,0.0,0.0,0.0,0.0,0.0,1.0,37.53995,37.512,2.645203,0.0,0.0,0.0,0.0,0.0,0.0,0.0,0.0,0.0,0,0.0,0.0,0,0,0,0,0,0,0,0,0,0,0,0,0
2,694.923,69,0.0,0.0,0.0,0.0,0.0,0.0,0.0,0.3632699687750689,0.0,37.512,37.512,2.65631,1,1,0,0,0,0,0,0,0,0,0.0,0.0,0.0,0.0,0.0,0.0,0.0,0.0,0.0,1.0,37.53754,37.512,2.646545,0.0,0.0,0.0,0.0,0.0,0.0,0.0,0.0,0.0,0,0.0,0.0,0,0,0,0,0,0,0,0,0,0,0,0,0
2,695.927,69,0.0,0.0,0.0,0.0,0.0,0.0,0.0,0.33273135976965584,0.0,37.512,37.512,2.65631,1,1,0,0,0,0,0,0,0,0,0.0,0.0,0.0,0.0,0.0,0.0,0.0,0.0,0.0,1.0,37.530680000000004,37.512,2.648894,0.0,0.0,0.0,0.0,0.0,0.0,0.0,0.0,0.0,0,0.0,0.0,0,0,0,0,0,0,0,0,0,0,0,0,0
2,696.931,69,0.0,0.0,0.0,0.0,0.0,0.0,0.0,0.29738992437770245,0.0,37.512,37.512,2.65631,1,1,0,0,0,0,0,0,0,0,0.0,0.0,0.0,0.0,0.0,0.0,0.0,0.0,0.0,1.0,37.52592,37.512,2.650912,0.0,0.0,0.0,0.0,0.0,0.0,0.0,0.0,0.0,0,0.0,0.0,0,0,0,0,0,0,0,0,0,0,0,0,0
2,697.928,69,0.0,0.0,0.0,0.0,0.0,0.0,0.0,0.2620484889857491,0.0,37.512,37.512,2.65631,1,1,0,0,0,0,0,0,0,0,0.0,0.0,0.0,0.0,0.0,0.0,0.0,0.0,0.0,1.0,37.52212,37.512,2.653047,0.0,0.0,0.0,0.0,0.0,0.0,0.0,0.0,0.0,0,0.0,0.0,0,0,0,0,0,0,0,0,0,0,0,0,0
2,698.929,69,0.0,0.0,0.0,0.0,0.0,0.0,0.0,0.22670705359379584,0.0,37.512,37.512,2.65631,1,1,0,0,0,0,0,0,0,0,0.0,0.0,0.0,0.0,0.0,0.0,0.0,0.0,0.0,1.0,37.512,37.512,2.65631,0.0,0.0,0.0,0.0,0.0,0.0,0.0,0.0,0.0,0,0.0,0.0,0,0,0,0,0,0,0,0,0,0,0,0,0
2,699.93,69,0.0,0.0,0.0,0.0,0.0,0.0,0.0,0.1913656182018425,0.0,37.512,37.512,2.65631,1,1,0,0,0,0,0,0,0,0,0.0,0.0,0.0,0.0,0.0,0.0,0.0,0.0,0.0,1.0,37.512,37.512,2.65631,0.0,0.0,0.0,0.0,0.0,0.0,0.0,0.0,0.0,0,0.0,0.0,0,0,0,0,0,0,0,0,0,0,0,0,0
2,700.933,70,0.0,0.0,0.0,0.0,0.0,0.0,0.0,0.15602418280988917,0.0,37.512,37.512,2.65631,1,1,0,0,0,0,0,0,0,0,0.0,0.0,0.0,0.0,0.0,0.0,0.0,0.0,0.0,1.0,37.512,37.512,2.65631,0.0,0.0,0.0,0.0,0.0,0.0,0.0,0.0,0.0,0,0.0,0.0,0,0,0,0,0,0,0,0,0,0,0,0,0
2,701.934,70,2.1002793256928505,2.0981811445483025,0.9714635907020509,0.9714635907020509,0.43445172529516374,0.9999999995927603,0.30720376105440533,0.1706827473975739,0.043445172529516365,37.4418,37.4418,2.64175,1,1,0,0,0,0,0,0,0,0,0.0,0.0,0.0,0.0,0.0,0.0,0.0,0.0,0.0,1.0,37.50498,37.4418,2.654854,0.0971463590702051,0.30720376105440533,0.0971463590702051,0.0,0.0,0.0,0.0,0.0,0.0,0,0.0,0.0,0,0,0,0,0,0,0,0,0,0,0,0,0
2,702.934,70,0.46097722329885055,-1.639302102394,0.23642781825251455,0.7350357724495363,0.42066592747039694,0.9947893214983099,0.3079934082484994,0.18508077808053602,0.08551176527655606,35.5638,35.5638,2.76974,1,1,0,0,0,0,0,0,0,0,0.0,0.0,0.0,0.0,0.0,0.0,0.0,0.0,0.0,1.0,37.31016,35.5638,2.666197,0.12078914089545653,0.3079934082484994,0.17064993631515873,0.0,0.0,0.0,0.0,0.0,0.0,0,0.0,0.0,0,0,0,0,0,0,0,0,0,0,0,0,0
2,703.933,70,0.12819067542396448,-0.33311966754242844,0.058805650082940586,0.17762216816957396,0.41297501071801845,0.9273682052433324,0.3059857625314573,0.19610775295074934,0.1268092663483579,34.8321,34.8321,2.81707,1,1,0,0,0,0,0,0,0,0,0.0,0.0,0.0,0.0,0.0,0.0,0.0,0.0,0.0,1.0,37.04217,34.8321,2.682273,0.1266697059037506,0.3059857625314573,0.18841215313211612,0.0,0.0,0.0,0.0,0.0,0.0,0,0.0,0.0,0,0,0,0,0,0,0,0,0,0,0,0,0
2,704.938,70,2.378296793324597,2.238911560100132,1.3644807967979258,1.3056751467149852,0.6083350616246769,0.1405486041035928,0.4913242739679809,0.15313530652189977,0.1876427725108256,34.8321,48.293,2.15093,1,1,0,0,0,0,0,0,0,0,0.0,0.0,0.0,0.0,0.0,0.0,0.0,0.0,0.0,1.0,38.12027,34.8321,2.631735,0.2631177855835432,0.4913242739679809,0.31897966780361464,0.0,0.0,0.0,0.0,0.0,0.0,0,0.0,0.0,0,0,0,0,0,0,0,0,0,0,0,0,0
2,705.938,70,2.0349447167178316,-0.34335207660676526,1.623547060031676,0.25906626323375015,0.685615381393382,0.38575823498593337,0.6403594663921895,0.17242321827119644,0.2562043106501638,34.8321,73.1795,1.76082,1,1,0,0,0,0,0,0,0,0,0.0,0.0,0.0,0.0,0.0,0.0,0.0,0.0,0.0,1.0,41.687020000000004,34.8321,2.542186,0.4254724915867108,0.6403594663921895,0.3448862941269897,0.0,0.0,0.0,0.0,0.0,0.0,0,0.0,0.0,0,0,0,0,0,0,0,0,0,0,0,0,0
2,706.937,70,0.47217122793651584,-1.5643378266079238,0.9835258910153625,0.6400211690163135,0.686166464379919,0.39519422362651846,0.6432734560623777,0.19218292945252236,0.32482095708815567,34.8321,63.275,1.83292,1,1,0,1,0,0,0,0,0,0,0.0,0.0,0.0,0.0,0.0,0.0,0.0,0.0,0.0,1.0,44.26332,34.8321,2.459847,0.523825080688247,0.6432734560623777,0.40888841102862095,0.0,0.0,0.0,0.0,0.0,0.0,0,0.0,0.0,0,0,0,0,0,0,0,0,0,0,0,0,0
2,707.949,70,1.197651286813328,0.7168775285343995,0.4028561636263877,0.5806697273889747,0.651940800471443,0.47785269074824355,0.6189792770135376,0.21607556398993455,0.3900150371353,34.8321,37.5632,2.63867,1,1,0,0,0,0,0,0,0,0,0.0,0.0,0.0,0.0,0.0,0.0,0.0,0.0,0.0,1.0,44.26844,34.8321,2.4580830000000002,0.5641106970508858,0.6189792770135376,0.4669553837675185,0.0,0.0,0.0,0.0,0.0,0.0,0,0.0,0.0,0,0,0,0,0,0,0,0,0,0,0,0,0
2,708.941,70,2.256984188776222,1.0678759092367882,0.8178586645696858,0.4150025009432981,0.4754711794368296,0.2925473141189897,0.5894909273942627,0.23070292969588402,0.43756215507898294,37.5632,46.3696,2.38864,1,1,0,0,0,0,0,0,0,0,0.0,0.0,0.0,0.0,0.0,0.0,0.0,0.0,0.0,1.0,45.1542,34.8321,2.431316,0.6458965635078544,0.5894909273942627,0.5084556338618482,0.0,0.0,0.0,0.0,0.0,0.0,0,0.0,0.0,0,0,0,0,0,0,0,0,0,0,0,0,0
2,709.941,70,3.232893440928701,0.975909252152479,1.696846951821967,0.8789882872522813,0.5498604172396707,0.0415939518584378,0.6259997667266968,0.23278262728880592,0.49254819680295003,37.5632,40.1766,2.91296,1,1,0,0,0,0,0,0,0,0,0.0,0.0,0.0,0.0,0.0,0.0,0.0,0.0,0.0,1.0,45.42066,34.8321,2.456981,0.8155812586900512,0.6259997667266968,0.5963544625870764,0.0,0.0,0.0,0.0,0.0,0.0,0,0.0,0.0,0,0,0,0,0,0,0,0,0,0,0,0,0
2,710.94,71,2.410937460482945,-0.8227787592049607,0.46087005542002063,1.2359768964019464,0.5207842179103678,0.1423249164335423,0.5740972138813976,0.23989887311048302,0.5446266185939868,29.052,29.052,4.69368,1,1,0,0,0,0,0,0,0,0,0.0,0.0,0.0,0.0,0.0,0.0,0.0,0.0,0.0,1.0,44.57466,29.052,2.660718,0.8616682642320532,0.5740972138813976,0.719952152227271,0.0,0.0,0.0,0.0,0.0,0.0,0,0.0,0.0,0,0,0,0,0,0,0,0,0,0,0,0,0
2,711.942,71,2.4499930893138364,0.03897767348392335,0.5791470161332081,0.11827696071318744,0.5305190530718479,0.023212577620098075,0.579143094131511,0.24105950199148793,0.5542333513716552,29.052,40.8384,2.52548,1,1,0,0,0,0,0,0,0,0,0.0,0.0,0.0,0.0,0.0,0.0,0.0,0.0,0.0,1.0,44.91432,29.052,2.649091,0.8224366067751688,0.579143094131511,0.6346334892283847,0.0,0.0,0.0,0.0,0.0,0.0,0,0.0,0.0,0,0,0,0,0,0,0,0,0,0,0,0,0
2,712.943,71,3.2296637771515497,0.7788917960416717,1.9069069020930247,1.3277598859598165,0.66453164426018,0.14827608564089598,0.6300158724251079,0.24847330627353276,0.5786199230506336,29.052,72.5328,2.08152,1,1,0,0,0,0,0,0,0,0,0.0,0.0,0.0,0.0,0.0,0.0,0.0,0.0,0.0,1.0,48.611219999999996,29.052,2.5802690000000004,0.9894845151592199,0.6300158724251079,0.6939059005794127,0.0,0.0,0.0,0.0,0.0,0.0,0,0.0,0.0,0,0,0,0,0,0,0,0,0,0,0,0,0
2,713.947,71,0.09396395602687779,-3.123206993152064,0.0,1.9069069020930247,0.8292276984929373,0.15176183950166464,0.6398654928932909,0.25606139824861596,0.6202451918281253,29.052,73.2074,2.13821,1,1,0,0,0,0,0,0,0,0,0.0,0.0,0.0,0.0,0.0,0.0,0.0,0.0,0.0,1.0,52.448750000000004,29.052,2.512383,0.9836039501509258,0.6398654928932909,0.8668343739717578,0.0,0.0,0.0,0.0,0.0,0.0,0,0.0,0.0,0,0,0,0,0,0,0,0,0,0,0,0,0
2,714.946,71,0.010010010009318102,-0.08403798400156125,0.0,0.0,0.7821819203738132,0.15200270363546325,0.6929068732455144,0.2636615334303891,0.637629877703039,29.052,72.9342,2.14143,1,1,0,0,0,0,0,0,0,0,0.0,0.0,0.0,0.0,0.0,0.0,0.0,0.0,0.0,1.0,54.91287,29.052,2.5114330000000002,0.8471558704711333,0.6929068732455144,0.7362668593002593,0.0,0.0,0.0,0.0,0.0,0.0,0,0.0,0.0,0,0,0,0,0,0,0,0,0,0,0,0,0
2,715.945,71,0.16417637134507604,0.15432068201777574,1.3970242217220755e-06,1.3970242217220755e-06,0.8269841282411291,0.1518752825676095,0.6808798870729881,0.2712552975587696,0.6517667523878138,40.8384,68.9966,2.19041,1,1,0,0,0,0,0,0,0,0,0.0,0.0,0.0,0.0,0.0,0.0,0.0,0.0,0.0,1.0,54.494580000000006,29.052,2.554392,0.6848013041703878,0.6808798870729881,0.7103603726793064,0.0,0.0,0.0,0.0,0.0,0.0,0,0.0,0.0,0,0,0,0,0,0,0,0,0,0,0,0,0
2,716.944,71,0.07218320871831088,-0.0920852478746398,0.0,1.3970242217220755e-06,0.8527945357768665,0.15213664581581077,0.7035908624227207,0.27886212984956016,0.6684295595275085,67.1659,67.1659,2.21743,1,1,0,0,0,0,0,0,0,0,0.0,0.0,0.0,0.0,0.0,0.0,0.0,0.0,0.0,1.0,54.88367000000001,29.052,2.592843,0.5864487150688515,0.7035908624227207,0.6463583954800973,0.0,0.0,0.0,0.0,0.0,0.0,0,0.0,0.0,0,0,0,0,0,0,0,0,0,0,0,0,0
2,717.946,71,0.0,-0.07203913045739609,0.0,0.0,6.255594840928768e-07,0.15213664581581077,0.7264332558440979,0.28646896214035067,0.6032355420363127,67.1659,67.1659,2.21743,1,1,0,0,0,0,0,0,0,0,0.0,0.0,0.0,0.0,0.0,0.0,0.0,0.0,0.0,1.0,57.843939999999996,29.052,2.550719,0.5461630987062127,0.7264332558440979,0.5882914227411998,0.0,0.0,0.0,0.0,0.0,0.0,0,0.0,0.0,0,0,0,0,0,0,0,0,0,0,0,0,0
2,718.957,71,0.0,0.0,0.0,0.0,6.255594840928768e-07,0.15213664581581077,0.738386668286086,0.29407579443114124,0.5556884866485781,67.1659,67.1659,2.21743,1,1,0,0,0,0,0,0,0,0,0.0,0.0,0.0,0.0,0.0,0.0,0.0,0.0,0.0,1.0,59.923570000000005,29.052,2.533598,0.4643772322492442,0.738386668286086,0.54679117264687,0.0,0.0,0.0,0.0,0.0,0.0,0,0.0,0.0,0,0,0,0,0,0,0,0,0,0,0,0,0
2,719.951,71,0.0,0.0,0.0,0.0,6.255594840928768e-07,0.15213664581581077,0.6069659969883623,0.30168262672193175,0.5007025074805593,67.1659,67.1659,2.21743,1,1,0,0,0,0,0,0,0,0,0.0,0.0,0.0,0.0,0.0,0.0,0.0,0.0,0.0,1.0,62.6225,29.052,2.4640449999999996,0.29469253706704757,0.6069659969883623,0.4588923439216419,0.0,0.0,0.0,0.0,0.0,0.0,0,0.0,0.0,0,0,0,0,0,0,0,0,0,0,0,0,0
2,720.953,72,0.0,0.0,0.0,0.0,3.1453666313215854e-08,0.15213664581581077,0.6104331883087857,0.3092894590127223,0.4486240888348892,67.1659,67.1659,2.21743,1,1,0,0,0,0,0,0,0,0,0.0,0.0,0.0,0.0,0.0,0.0,0.0,0.0,0.0,1.0,66.43388999999999,40.8384,2.2164200000000003,0.24860553152504544,0.6104331883087857,0.3352946542814472,0.0,0.0,0.0,0.0,0.0,0.0,0,0.0,0.0,0,0,0,0,0,0,0,0,0,0,0,0,0
2,721.952,72,0.0,0.0,0.0,0.0,3.1453666313215854e-08,0.17323481247872022,0.6030168605646986,0.2679511996570203,0.39557218667307115,67.1659,67.1659,2.21743,1,1,0,0,0,0,0,0,0,0,0.0,0.0,0.0,0.0,0.0,0.0,0.0,0.0,0.0,1.0,69.06663999999999,67.1659,2.185615,0.19069082991172465,0.6030168605646986,0.3234669582101285,0.0,0.0,0.0,0.0,0.0,0.0,0,0.0,0.0,0,0,0,0,0,0,0,0,0,0,0,0,0
2,722.953,72,0.0,0.0,0.0,0.0,3.1453666313215854e-08,0.1806860560325151,4.4180712725418566e-07,0.2272460363837306,0.3291190253924198,67.1659,67.1659,2.21743,1,1,0,0,0,0,0,0,0,0,0.0,0.0,0.0,0.0,0.0,0.0,0.0,0.0,0.0,1.0,68.52995000000001,67.1659,2.1992059999999998,1.3970242217220755e-07,4.4180712725418566e-07,0.19069096961414683,0.0,0.0,0.0,0.0,0.0,0.0,0,0.0,0.0,0,0,0,0,0,0,0,0,0,0,0,0,0
2,723.954,72,0.0,0.0,0.0,0.0,3.1453666313215854e-08,0.18591905734831812,4.4180712725418566e-07,0.19017357898897985,0.24619625868849263,67.1659,67.1659,2.21743,1,1,0,0,0,0,0,0,0,0,0.0,0.0,0.0,0.0,0.0,0.0,0.0,0.0,0.0,1.0,67.92580000000001,67.1659,2.207128,1.3970242217220755e-07,4.4180712725418566e-07,2.794048443444151e-07,0.0,0.0,0.0,0.0,0.0,0.0,0,0.0,0.0,0,0,0,0,0,0,0,0,0,0,0,0,0
2,724.958,72,0.0,0.0,0.0,0.0,3.1453666313215854e-08,0.15551657271914388,4.4180712725418566e-07,0.1909219774197574,0.16797806979647795,67.1659,67.1659,2.21743,1,1,0,0,0,0,0,0,0,0,0.0,0.0,0.0,0.0,0.0,0.0,0.0,0.0,0.0,1.0,67.34897,67.1659,2.214728,1.3970242217220755e-07,4.4180712725418566e-07,2.794048443444151e-07,0.0,0.0,0.0,0.0,0.0,0.0,0,0.0,0.0,0,0,0,0,0,0,0,0,0,0,0,0,0
2,725.958,72,0.0,0.0,0.0,0.0,3.1453666313215854e-08,0.052154108063358955,5.086259242196232e-09,0.17424177107362865,0.08527966011773166,67.1659,67.1659,2.21743,1,1,0,0,0,0,0,0,0,0,0.0,0.0,0.0,0.0,0.0,0.0,0.0,0.0,0.0,1.0,67.1659,67.1659,2.21743,0.0,5.086259242196232e-09,1.3970242217220755e-07,0.0,0.0,0.0,0.0,0.0,0.0,0,0.0,0.0,0,0,0,0,0,0,0,0,0,0,0,0,0
2,726.958,72,0.0,0.0,0.0,0.0,3.1453666313215854e-08,0.06434482501782049,5.086259242196232e-09,0.15769930114319378,2.0968541164711416e-07,67.1659,67.1659,2.21743,1,1,0,0,0,0,0,0,0,0,0.0,0.0,0.0,0.0,0.0,0.0,0.0,0.0,0.0,1.0,67.1659,67.1659,2.21743,0.0,5.086259242196232e-09,0.0,0.0,0.0,0.0,0.0,0.0,0.0,0,0.0,0.0,0,0,0,0,0,0,0,0,0,0,0,0,0
2,727.96,72,0.0,0.0,0.0,0.0,3.1453666313215854e-08,0.09822431603333258,5.086259242196232e-09,0.13871788240744823,1.5027482986914805e-07,67.1659,67.1659,2.21743,1,1,0,0,0,0,0,0,0,0,0.0,0.0,0.0,0.0,0.0,0.0,0.0,0.0,0.0,1.0,67.1659,67.1659,2.21743,0.0,5.086259242196232e-09,0.0,0.0,0.0,0.0,0.0,0.0,0.0,0,0.0,0.0,0,0,0,0,0,0,0,0,0,0,0,0,0
2,728.958,72,0.0,0.0,0.0,0.0,3.1453666313215854e-08,0.07482261577046548,5.086259242196232e-09,0.12783164749002202,9.086424809118196e-08,67.1659,67.1659,2.21743,1,1,0,0,0,0,0,0,0,0,0.0,0.0,0.0,0.0,0.0,0.0,0.0,0.0,0.0,1.0,67.1659,67.1659,2.21743,0.0,5.086259242196232e-09,0.0,0.0,0.0,0.0,0.0,0.0,0.0,0,0.0,0.0,0,0,0,0,0,0,0,0,0,0,0,0,0
