jogador_sessao,tempo_run_s,janela_analise_10s,vel_posicao,acel_linear,vel_rotacao,jitter_mira,entropia_mov,eficiencia_trajeto,var_camera_durante_corrida,eficiencia_mean_20s,entropia_mean_10s,travado_min_5s,travado_em_player,distancia_alvo,tem_visao,alvo_encontrado,alvo_na_mira,mirando,mirando_ads,mirando_alvo,alvo_oculto_na_mira,mirando_alvo_oculto,alvo_oculto_300m_na_mira,mirando_alvo_oculto_300m,duracao_mirando_alvo_s,duracao_rastreando_oculto_s,duracao_mirando_oculto_s,duracao_observando_oculto_300m_s,duracao_mirando_oculto_300m_s,taxa_alvo_na_mira_10s,taxa_alvo_oculto_10s,taxa_mirando_alvo_10s,taxa_mira_oculta_10s,taxa_visao_direta_10s,angulo_medio_alvo_10s,angulo_minimo_alvo_10s,distancia_media_alvo_10s,vel_rotacao_media_10s,vel_rotacao_std_10s,jitter_medio_10s,persistencia_oculta_max_10s,persistencia_mira_oculta_max_10s,taxa_alvo_oculto_300m_10s,taxa_mira_oculta_300m_10s,persistencia_oculta_300m_max_10s,persistencia_mira_oculta_300m_max_10s,perseguindo_player,duracao_perseguicao_oculta_s,duracao_speedhack_s,tracking_oculto_suspeito,mira_armada_oculta_suspeita,wallhack_suspeito,alerta_speedhack,alerta_aimbot,alerta_lockon,esp_oculto_longa_distancia,pontos_evento,pontos_suspeita_60s,tipos_evidencia_60s,nivel_suspeita,candidato_revisao,candidato_banimento
1,0.0,0,0.0,0.0,0.0,0.0,0.0,0.0,0.0,0.0,0.0,13.9728,13.9728,3.0917,0,1,0,0,0,0,0,0,0,0,0.0,0.0,0.0,0.0,0.0,0.0,0.0,0.0,0.0,0.0,13.9728,13.9728,3.0917,0.0,0.0,0.0,0.0,0.0,0.0,0.0,0.0,0.0,0,0.0,0.0,0,0,0,0,0,0,0,0,0,0,0,0,0
1,0.777,0,0.0,0.0,0.0,0.0,0.0,0.0,0.0,0.0,0.0,13.9728,33.6299,3.18372,1,1,0,0,0,0,0,0,0,0,0.0,0.0,0.0,0.0,0.0,0.0,0.0,0.0,0.0,0.5,23.80135,13.9728,3.13771,0.0,0.0,0.0,0.0,0.0,0.0,0.0,0.0,0.0,0,0.0,0.0,0,0,0,0,0,0,0,0,0,0,0,0,0
1,1.777,0,0.0,0.0,0.0,0.0,0.0,0.0,0.0,0.0,0.0,13.9728,33.5219,3.18777,1,1,0,0,0,0,0,0,0,0,0.0,0.0,0.0,0.0,0.0,0.0,0.0,0.0,0.0,0.6666666666666666,27.041533333333334,13.9728,3.154396666666667,0.0,0.0,0.0,0.0,0.0,0.0,0.0,0.0,0.0,0,0.0,0.0,0,0,0,0,0,0,0,0,0,0,0,0,0
1,2.779,0,0.0,0.0,0.0,0.0,0.0,0.0,0.0,0.0,0.0,13.9728,33.6279,3.18102,1,1,0,0,0,0,0,0,0,0,0.0,0.0,0.0,0.0,0.0,0.0,0.0,0.0,0.0,0.75,28.688125,13.9728,3.1610525000000003,0.0,0.0,0.0,0.0,0.0,0.0,0.0,0.0,0.0,0,0.0,0.0,0,0,0,0,0,0,0,0,0,0,0,0,0
1,3.774,0,0.0,0.0,0.0,0.0,0.0,0.0,0.0,0.0,0.0,13.9728,33.7144,3.17718,1,1,0,0,0,0,0,0,0,0,0.0,0.0,0.0,0.0,0.0,0.0,0.0,0.0,0.0,0.8,29.69338,13.9728,3.1642780000000004,0.0,0.0,0.0,0.0,0.0,0.0,0.0,0.0,0.0,0,0.0,0.0,0,0,0,0,0,0,0,0,0,0,0,0,0
1,4.789,0,0.0,0.0,0.0,0.0,0.0,0.0,0.0,0.0,0.0,33.5219,33.5261,3.18732,1,1,0,0,0,0,0,0,0,0,0.0,0.0,0.0,0.0,0.0,0.0,0.0,0.0,0.0,0.8333333333333334,30.332166666666666,13.9728,3.1681183333333336,0.0,0.0,0.0,0.0,0.0,0.0,0.0,0.0,0.0,0,0.0,0.0,0,0,0,0,0,0,0,0,0,0,0,0,0
1,5.775,0,0.0,0.0,0.0,0.0,0.0,0.0,0.0,0.0,0.0,33.5219,33.6215,3.18139,1,1,0,0,0,0,0,0,0,0,0.0,0.0,0.0,0.0,0.0,0.0,0.0,0.0,0.0,0.8571428571428571,30.802071428571427,13.9728,3.1700142857142857,0.0,0.0,0.0,0.0,0.0,0.0,0.0,0.0,0.0,0,0.0,0.0,0,0,0,0,0,0,0,0,0,0,0,0,0
1,6.793,0,0.0,0.0,0.0,0.0,0.0,0.0,0.0,0.0,0.0,33.5261,33.5388,3.1896,1,1,0,0,0,0,0,0,0,0,0.0,0.0,0.0,0.0,0.0,0.0,0.0,0.0,0.0,0.875,31.1441625,13.9728,3.1724625,0.0,0.0,0.0,0.0,0.0,0.0,0.0,0.0,0.0,0,0.0,0.0,0,0,0,0,0,0,0,0,0,0,0,0,0
1,7.783,0,0.0,0.0,0.0,0.0,0.0,0.0,0.0,0.0,0.0,33.5261,33.6051,3.18541,1,1,0,0,0,0,0,0,0,0,0.0,0.0,0.0,0.0,0.0,0.0,0.0,0.0,0.0,0.8888888888888888,31.4176,13.9728,3.1739011111111113,0.0,0.0,0.0,0.0,0.0,0.0,0.0,0.0,0.0,0,0.0,0.0,0,0,0,0,0,0,0,0,0,0,0,0,0
1,8.781,0,0.0,0.0,0.0,0.0,0.0,0.0,0.0,0.0,0.0,33.5261,33.5605,3.18678,1,1,0,0,0,0,0,0,0,0,0.0,0.0,0.0,0.0,0.0,0.0,0.0,0.0,0.0,0.9,31.63189,13.9728,3.175189,0.0,0.0,0.0,0.0,0.0,0.0,0.0,0.0,0.0,0,0.0,0.0,0,0,0,0,0,0,0,0,0,0,0,0,0
1,9.785,0,0.0,0.0,0.0,0.0,0.0,0.0,0.0,0.0,0.0,33.5388,33.5877,3.18376,1,1,0,0,0,0,0,0,0,0,0.0,0.0,0.0,0.0,0.0,0.0,0.0,0.0,0.0,1.0,33.593379999999996,33.5219,3.184395,0.0,0.0,0.0,0.0,0.0,0.0,0.0,0.0,0.0,0,0.0,0.0,0,0,0,0,0,0,0,0,0,0,0,0,0
1,10.786,1,0.0,0.0,0.0,0.0,0.0,0.0,0.0,0.0,0.0,33.5388,33.7402,3.17552,1,1,0,0,0,0,0,0,0,0,0.0,0.0,0.0,0.0,0.0,0.0,0.0,0.0,0.0,1.0,33.60441,33.5219,3.1835750000000003,0.0,0.0,0.0,0.0,0.0,0.0,0.0,0.0,0.0,0,0.0,0.0,0,0,0,0,0,0,0,0,0,0,0,0,0
1,11.787,1,0.0,0.0,0.0,0.0,0.0,0.0,0.0,0.0,0.0,33.5265,33.5265,3.18733,1,1,0,0,0,0,0,0,0,0,0.0,0.0,0.0,0.0,0.0,0.0,0.0,0.0,0.0,1.0,33.60487,33.5261,3.183531,0.0,0.0,0.0,0.0,0.0,0.0,0.0,0.0,0.0,0,0.0,0.0,0,0,0,0,0,0,0,0,0,0,0,0,0
1,12.79,1,0.0,0.0,0.0,0.0,0.0,0.0,0.0,0.0,0.0,33.5265,33.6348,3.18087,1,1,0,0,0,0,0,0,0,0,0.0,0.0,0.0,0.0,0.0,0.0,0.0,0.0,0.0,1.0,33.60556,33.5261,3.183516,0.0,0.0,0.0,0.0,0.0,0.0,0.0,0.0,0.0,0,0.0,0.0,0,0,0,0,0,0,0,0,0,0,0,0,0
1,13.787,1,0.0,0.0,0.0,0.0,0.0,0.0,0.0,0.0,0.0,33.5265,33.5643,3.18853,1,1,0,0,0,0,0,0,0,0,0.0,0.0,0.0,0.0,0.0,0.0,0.0,0.0,0.0,1.0,33.59054999999999,33.5261,3.1846509999999997,0.0,0.0,0.0,0.0,0.0,0.0,0.0,0.0,0.0,0,0.0,0.0,0,0,0,0,0,0,0,0,0,0,0,0,0
1,14.786,1,0.0,0.0,0.0,0.0,0.0,0.0,0.0,0.0,0.0,33.5265,33.5818,3.18717,1,1,0,0,0,0,0,0,0,0,0.0,0.0,0.0,0.0,0.0,0.0,0.0,0.0,0.0,1.0,33.59612,33.5265,3.1846360000000002,0.0,0.0,0.0,0.0,0.0,0.0,0.0,0.0,0.0,0,0.0,0.0,0,0,0,0,0,0,0,0,0,0,0,0,0
1,15.789,1,0.0,0.0,0.0,0.0,0.0,0.0,0.0,0.0,0.0,33.5265,33.6301,3.18433,1,1,0,0,0,0,0,0,0,0,0.0,0.0,0.0,0.0,0.0,0.0,0.0,0.0,0.0,1.0,33.596979999999995,33.5265,3.18493,0.0,0.0,0.0,0.0,0.0,0.0,0.0,0.0,0.0,0,0.0,0.0,0,0,0,0,0,0,0,0,0,0,0,0,0
1,16.787,1,0.0,0.0,0.0,0.0,0.0,0.0,0.0,0.0,0.0,33.535,33.535,3.18644,1,1,0,0,0,0,0,0,0,0,0.0,0.0,0.0,0.0,0.0,0.0,0.0,0.0,0.0,1.0,33.5966,33.5265,3.1846140000000003,0.0,0.0,0.0,0.0,0.0,0.0,0.0,0.0,0.0,0,0.0,0.0,0,0,0,0,0,0,0,0,0,0,0,0,0
1,17.791,1,0.0,0.0,0.0,0.0,0.0,0.0,0.0,0.0,0.0,33.535,33.7664,3.17387,1,1,0,0,0,0,0,0,0,0,0.0,0.0,0.0,0.0,0.0,0.0,0.0,0.0,0.0,1.0,33.61273,33.5265,3.18346,0.0,0.0,0.0,0.0,0.0,0.0,0.0,0.0,0.0,0,0.0,0.0,0,0,0,0,0,0,0,0,0,0,0,0,0
1,18.79,1,0.0,0.0,0.0,0.0,0.0,0.0,0.0,0.0,0.0,33.535,33.5402,3.18623,1,1,0,0,0,0,0,0,0,0,0.0,0.0,0.0,0.0,0.0,0.0,0.0,0.0,0.0,1.0,33.610699999999994,33.5265,3.183405,0.0,0.0,0.0,0.0,0.0,0.0,0.0,0.0,0.0,0,0.0,0.0,0,0,0,0,0,0,0,0,0,0,0,0,0
1,19.79,1,0.0,0.0,0.0,0.0,0.0,0.0,0.0,0.0,0.0,33.535,33.6355,3.1809,1,1,0,0,0,0,0,0,0,0,0.0,0.0,0.0,0.0,0.0,0.0,0.0,0.0,0.0,1.0,33.615480000000005,33.5265,3.1831190000000005,0.0,0.0,0.0,0.0,0.0,0.0,0.0,0.0,0.0,0,0.0,0.0,0,0,0,0,0,0,0,0,0,0,0,0,0
1,20.791,2,0.0,0.0,0.0,0.0,0.0,0.0,0.0,0.0,0.0,33.535,33.5636,3.1879,1,1,0,0,0,0,0,0,0,0,0.0,0.0,0.0,0.0,0.0,0.0,0.0,0.0,0.0,1.0,33.59782,33.5265,3.184357,0.0,0.0,0.0,0.0,0.0,0.0,0.0,0.0,0.0,0,0.0,0.0,0,0,0,0,0,0,0,0,0,0,0,0,0
1,21.804,2,0.0,0.0,0.0,0.0,0.0,0.0,0.0,0.0,0.0,33.5402,33.5713,3.18778,1,1,0,0,0,0,0,0,0,0,0.0,0.0,0.0,0.0,0.0,0.0,0.0,0.0,0.0,1.0,33.6023,33.535,3.184402,0.0,0.0,0.0,0.0,0.0,0.0,0.0,0.0,0.0,0,0.0,0.0,0,0,0,0,0,0,0,0,0,0,0,0,0
1,22.799,2,1.438976994793245,1.4462080349680853,0.14925382345223284,0.14925382345223284,0.066748339028189,0.9999999975609757,0.04719820315977113,0.04999999987804878,0.006674833902818899,26.916,26.916,4.34333,1,1,0,0,0,0,0,0,0,0,0.0,0.0,0.0,0.0,0.0,0.0,0.0,0.0,0.0,1.0,32.930420000000005,26.916,3.3006480000000002,0.014925382345223285,0.04719820315977113,0.014925382345223285,0.0,0.0,0.0,0.0,0.0,0.0,0,0.0,0.0,0,0,0,0,0,0,0,0,0,0,0,0,0
1,23.798,2,1.342983774001469,-0.09608931010187785,0.09982093596393402,0.04943288748829883,0.07041533198846298,0.03605652783672454,0.05378671820151634,0.05180282626988501,0.013716367101665197,26.916,33.8724,3.23896,1,1,0,0,0,0,0,0,0,0,0.0,0.0,0.0,0.0,0.0,0.0,0.0,0.0,0.0,1.0,32.96123,26.916,3.3056910000000004,0.024907475941616686,0.05378671820151634,0.019868671094053166,0.0,0.0,0.0,0.0,0.0,0.0,0,0.0,0.0,0,0,0,0,0,0,0,0,0,0,0,0,0
1,24.806,2,2.4880825821327917,1.1360107223525027,0.19741333392862728,0.09759239796469327,0.08851924082495835,0.45756893128198456,0.07548199618656302,0.07468127283398424,0.02256829118416103,26.916,79.095,1.92144,1,1,0,0,0,0,0,0,0,0,0.0,0.0,0.0,0.0,0.0,0.0,0.0,0.0,0.0,1.0,37.51255,26.916,3.179118,0.044648809334479414,0.07548199618656302,0.02962791089052249,0.0,0.0,0.0,0.0,0.0,0.0,0,0.0,0.0,0,0,0,0,0,0,0,0,0,0,0,0,0
1,25.802,2,3.047971259431602,0.5621372262036248,0.03174802252138487,0.16566531140724242,0.08136173534731528,0.6436673728113057,0.07404946257347421,0.10686464147454952,0.03070446471889256,26.916,137.138,3.5117,1,1,0,0,0,0,0,0,0,0,0.0,0.0,0.0,0.0,0.0,0.0,0.0,0.0,0.0,1.0,47.86334,26.916,3.211855,0.047823611586617895,0.07404946257347421,0.04619444203124674,0.0,0.0,0.0,0.0,0.0,0.0,0,0.0,0.0,0,0,0,0,0,0,0,0,0,0,0,0,0
1,26.806,2,0.7042896226957646,-2.3343442596970494,0.043451337834134365,0.011703315312749499,0.07013797706765737,0.5817364286103188,0.07218273357974851,0.13595146290506546,0.0377182624256583,26.916,138.932,3.3596,1,1,0,0,0,0,0,0,0,0,0.0,0.0,0.0,0.0,0.0,0.0,0.0,0.0,0.0,1.0,58.40304,26.916,3.229171,0.052168745370031334,0.07218273357974851,0.04736477356252168,0.0,0.0,0.0,0.0,0.0,0.0,0,0.0,0.0,0,0,0,0,0,0,0,0,0,0,0,0,0
1,27.806,2,0.7071067811865476,0.0028171584907830116,0.7021736220002468,0.6587222841661124,0.2801445365695766,0.5501265831799826,0.21534806589170638,0.1634577920640646,0.06573271608261597,33.8724,138.947,3.49607,1,1,0,0,0,0,0,0,0,0,0.0,0.0,0.0,0.0,0.0,0.0,0.0,0.0,0.0,1.0,68.9211,26.916,3.2613909999999997,0.12238610757005601,0.21534806589170638,0.11323700197913293,0.0,0.0,0.0,0.0,0.0,0.0,0,0.0,0.0,0,0,0,0,0,0,0,0,0,0,0,0,0
1,28.804,2,1.202404809618145,0.4962906096508992,0.5882236322433847,0.1139499897568621,0.313178382567186,0.4018858782634971,0.2549070944621792,0.18355208597723943,0.09705055433933456,79.095,105.665,2.76811,1,1,0,0,0,0,0,0,0,0,0.0,0.0,0.0,0.0,0.0,0.0,0.0,0.0,0.0,1.0,76.13358,26.916,3.2195790000000004,0.18120847079439448,0.2549070944621792,0.12463200095481915,0.0,0.0,0.0,0.0,0.0,0.0,0,0.0,0.0,0,0,0,0,0,0,0,0,0,0,0,0,0
1,29.818,2,0.0,-1.185803559781208,2.0782469679928025e-08,0.5882236114609151,0.3424105571324505,0.4018858782634971,0.2549070928206402,0.20364637989041431,0.1312916100525796,105.665,105.749,2.7746,1,1,0,0,0,0,0,0,0,0,0.0,0.0,0.0,0.0,0.0,0.0,0.0,0.0,0.0,1.0,83.34493,26.916,3.1789490000000002,0.18120847287264147,0.2549070928206402,0.18345436210091065,0.0,0.0,0.0,0.0,0.0,0.0,0,0.0,0.0,0,0,0,0,0,0,0,0,0,0,0,0,0
1,30.808,3,0.0,0.0,2.128628712671416e-08,5.038174467861333e-10,0.34825006100473777,0.4018858782634971,0.2549070911393064,0.22374067380358914,0.1661166161530534,105.529,105.529,2.76551,1,1,0,0,0,0,0,0,0,0,0.0,0.0,0.0,0.0,0.0,0.0,0.0,0.0,0.0,1.0,90.54147,26.916,3.13671,0.18120847500127016,0.2549070911393064,0.1834543621512924,0.0,0.0,0.0,0.0,0.0,0.0,0,0.0,0.0,0,0,0,0,0,0,0,0,0,0,0,0,0
1,31.807,3,0.0,0.0,2.1094518774221237e-08,1.917683524929213e-10,0.35567885430833496,0.4018858782634971,0.2549070894731196,0.24383496771676402,0.2016845015838869,105.529,105.721,2.78065,1,1,0,0,0,0,0,0,0,0,0.0,0.0,0.0,0.0,0.0,0.0,0.0,0.0,0.0,1.0,97.75644,26.916,3.0959969999999997,0.18120847711072202,0.2549070894731196,0.18345436217046923,0.0,0.0,0.0,0.0,0.0,0.0,0,0.0,0.0,0,0,0,0,0,0,0,0,0,0,0,0,0
1,32.811,3,0.0,0.0,2.098946638988747e-08,1.050523843337684e-10,0.2630615961250464,0.4018858782634971,0.2612760041916867,0.26392926162993885,0.2213158272935726,105.529,105.637,2.77283,1,1,0,0,0,0,0,0,0,0,0.0,0.0,0.0,0.0,0.0,0.0,0.0,0.0,0.0,1.0,105.62854,33.8724,2.9389469999999998,0.16628309686444537,0.2612760041916867,0.16852897983575116,0.0,0.0,0.0,0.0,0.0,0.0,0,0.0,0.0,0,0,0,0,0,0,0,0,0,0,0,0,0
1,33.803,3,0.0,0.0,2.124337122524901e-08,2.5390483536154064e-10,2.0382157341980773e-10,0.4018858782634971,0.2659621473071856,0.28402355554311376,0.21427429411510848,105.529,105.633,2.77081,1,1,0,0,0,0,0,0,0,0,0.0,0.0,0.0,0.0,0.0,0.0,0.0,0.0,0.0,1.0,112.80459999999998,79.095,2.8921319999999997,0.15630100539238911,0.2659621473071856,0.16358569111231178,0.0,0.0,0.0,0.0,0.0,0.0,0,0.0,0.0,0,0,0,0,0,0,0,0,0,0,0,0,0
1,34.812,3,0.0,0.0,2.0885455159015875e-08,3.579160662331345e-10,1.6847496173389405e-10,0.4018858782634971,0.2698693813239902,0.30411784945628856,0.20542237004946018,105.529,105.659,2.77128,1,1,0,0,0,0,0,0,0,0,0.0,0.0,0.0,0.0,0.0,0.0,0.0,0.0,0.0,1.0,115.46099999999998,105.529,2.9771159999999997,0.1365596740880719,0.2698693813239902,0.15382645135163406,0.0,0.0,0.0,0.0,0.0,0.0,0,0.0,0.0,0,0,0,0,0,0,0,0,0,0,0,0,0
1,35.811,3,0.0,0.0,2.1094518774221237e-08,2.0906361520536224e-10,1.3363966733403508e-10,0.4018858782634971,0.2714216911310316,0.32421214336946347,0.1972861965280926,105.633,105.649,2.76761,1,1,0,0,0,0,0,0,0,0,0.0,0.0,0.0,0.0,0.0,0.0,0.0,0.0,0.0,1.0,112.31210000000002,105.529,2.9027070000000004,0.13338487394538528,0.2714216911310316,0.13725992023181618,0.0,0.0,0.0,0.0,0.0,0.0,0,0.0,0.0,0,0,0,0,0,0,0,0,0,0,0,0,0
1,36.812,3,0.0,0.0,2.1052371883563455e-08,4.214689065778261e-11,1.323567085292349e-10,0.4018858782634971,0.27336225174638223,0.34430643728263827,0.1902723988345625,105.633,105.735,2.7739,1,1,0,0,0,0,0,0,0,0,0.0,0.0,0.0,0.0,0.0,0.0,0.0,0.0,0.0,1.0,108.9924,105.529,2.844137,0.12903974226720905,0.27336225174638223,0.1360895887047559,0.0,0.0,0.0,0.0,0.0,0.0,0,0.0,0.0,0,0,0,0,0,0,0,0,0,0,0,0,0
1,37.813,3,0.0,0.0,2.1052371883563455e-08,0.0,1.2771162076094696e-10,0.4018858782634971,0.1860126384849578,0.3644007311958132,0.162257945190376,105.557,105.557,2.76562,1,1,0,0,0,0,0,0,0,0,0.0,0.0,0.0,0.0,0.0,0.0,0.0,0.0,0.0,1.0,105.65339999999999,105.529,2.7710920000000003,0.05882238217242156,0.1860126384849578,0.07021736028814468,0.0,0.0,0.0,0.0,0.0,0.0,0,0.0,0.0,0,0,0,0,0,0,0,0,0,0,0,0,0
1,38.811,3,0.0,0.0,2.1115655566580177e-08,6.32836830167228e-11,9.067285772508595e-11,0.4018858782634971,1.5014460276684142e-10,0.384495025108988,0.1309401069427247,105.557,105.704,2.77907,1,1,0,0,0,0,0,0,0,0,0.0,0.0,0.0,0.0,0.0,0.0,0.0,0.0,0.0,1.0,105.6573,105.529,2.7721880000000003,2.105964864629441e-08,1.5014460276684142e-10,0.058822361318786834,0.0,0.0,0.0,0.0,0.0,0.0,0,0.0,0.0,0,0,0,0,0,0,0,0,0,0,0,0,0
1,39.818,3,0.0,0.0,2.092693570550846e-08,1.8871986107171665e-10,7.320412360652522e-11,0.4018858782634971,1.2542732187806354e-10,0.40458931902216283,0.09669905123680007,105.557,105.668,2.77499,1,1,0,0,0,0,0,0,0,0,0.0,0.0,0.0,0.0,0.0,0.0,0.0,0.0,0.0,1.0,105.6492,105.529,2.772227,2.1074095248852454e-08,1.2542732187806354e-10,1.9156731351590824e-10,0.0,0.0,0.0,0.0,0.0,0.0,0,0.0,0.0,0,0,0,0,0,0,0,0,0,0,0,0,0
1,40.817,4,0.0,0.0,2.1094518774221237e-08,1.6758306871277646e-10,7.320412360652522e-11,0.4018858782634971,1.0181810301696361e-10,0.4246836129353377,0.06187404514364671,105.557,105.617,2.76918,1,1,0,0,0,0,0,0,0,0,0.0,0.0,0.0,0.0,0.0,0.0,0.0,0.0,0.0,1.0,105.65799999999999,105.557,2.772594,2.1054918413603163e-08,1.0181810301696361e-10,1.5794387570857255e-10,0.0,0.0,0.0,0.0,0.0,0.0,0,0.0,0.0,0,0,0,0,0,0,0,0,0,0,0,0,0
1,41.817,4,0.0,0.0,2.1073424255447017e-08,2.109451877421992e-11,7.409183981857582e-11,0.4018858782634971,1.0112265086780816e-10,0.4447779068485126,0.026306159720222388,105.557,105.65,2.77239,1,1,0,0,0,0,0,0,0,0,0.0,0.0,0.0,0.0,0.0,0.0,0.0,0.0,0.0,1.0,105.65090000000001,105.557,2.7717680000000002,2.105280896172574e-08,1.0112265086780816e-10,1.4087649233670242e-10,0.0,0.0,0.0,0.0,0.0,0.0,0,0.0,0.0,0,0,0,0,0,0,0,0,0,0,0,0,0
1,42.824,4,0.0,0.0,2.092693570550846e-08,1.4648854993855654e-10,9.300310711046319e-11,0.6084598980352344,1.0722401329384979e-10,0.4252009018722255,1.1701805836450942e-10,105.617,105.622,2.76746,1,1,0,0,0,0,0,0,0,0,0.0,0.0,0.0,0.0,0.0,0.0,0.0,0.0,0.0,1.0,105.64940000000001,105.557,2.7712309999999998,2.104655589328784e-08,1.0722401329384979e-10,1.4502010889718123e-10,0.0,0.0,0.0,0.0,0.0,0.0,0,0.0,0.0,0,0,0,0,0,0,0,0,0,0,0,0,0
1,43.823,4,0.0,0.0,2.1094518774221237e-08,1.6758306871277646e-10,8.835838603313164e-11,0.547780271089567,8.486679698622166e-11,0.45078708903486764,1.0547173962584179e-10,105.617,105.718,2.77234,1,1,0,0,0,0,0,0,0,0,0.0,0.0,0.0,0.0,0.0,0.0,0.0,0.0,0.0,1.0,105.6579,105.557,2.7713840000000003,2.1031670648185064e-08,8.486679698622166e-11,1.363879322323048e-10,0.0,0.0,0.0,0.0,0.0,0.0,0,0.0,0.0,0,0,0,0,0,0,0,0,0,0,0,0,0
1,44.816,4,0.0,0.0,2.1221978102162152e-08,1.274593279409146e-10,1.0491116344351209e-10,0.3885756786921902,8.713625837744045e-11,0.4473374264053779,9.911535979680361e-11,105.587,105.587,2.76669,1,1,0,0,0,0,0,0,0,0,0.0,0.0,0.0,0.0,0.0,0.0,0.0,0.0,0.0,1.0,105.6507,105.557,2.770925,2.106532294249969e-08,8.713625837744045e-11,1.1334225840308283e-10,0.0,0.0,0.0,0.0,0.0,0.0,0,0.0,0.0,0,0,0,0,0,0,0,0,0,0,0,0,0
1,45.827,4,0.0,0.0,2.084413872942336e-08,3.7783937273879076e-10,1.48363076689954e-10,0.459029062227835,1.1062227551304822e-10,0.43810551087620436,1.0058770073239551e-10,105.587,105.642,2.77586,1,1,0,0,0,0,0,0,0,0,0.0,0.0,0.0,0.0,0.0,0.0,0.0,0.0,0.0,1.0,105.65,105.557,2.77175,2.1040284938019903e-08,1.1062227551304822e-10,1.3021983415642568e-10,0.0,0.0,0.0,0.0,0.0,0.0,0,0.0,0.0,0,0,0,0,0,0,0,0,0,0,0,0,0
1,46.818,4,0.0,0.0,2.1264807523155418e-08,4.206687937320567e-10,1.8243358999800246e-10,0.4510667861862746,1.3160842485850943e-10,0.43157202875500217,1.0559538887927225e-10,105.587,105.7,2.77713,1,1,0,0,0,0,0,0,0,0,0.0,0.0,0.0,0.0,0.0,0.0,0.0,0.0,0.0,1.0,105.64649999999999,105.557,2.7720730000000002,2.1061528501979096e-08,1.3160842485850943e-10,1.6807202446385308e-10,0.0,0.0,0.0,0.0,0.0,0.0,0,0.0,0.0,0,0,0,0,0,0,0,0,0,0,0,0,0
1,47.825,4,0.0,0.0,0.5711786441461624,0.5711786228813549,0.25543884568234476,1.0,0.18062253997430555,0.454065699596003,0.025543884661058704,105.587,121.96,2.76791,1,1,0,0,0,0,0,0,0,0,0.0,0.0,0.0,0.0,0.0,0.0,0.0,0.0,0.0,1.0,107.2868,105.587,2.772302,0.05711788337090755,0.18062253997430555,0.057117862456207515,0.0,0.0,0.0,0.0,0.0,0.0,0,0.0,0.0,0,0,0,0,0,0,0,0,0,0,0,0,0
1,48.819,4,0.6441774886751083,0.6480658839789821,0.4894348351616694,0.08174380898449296,0.2918952226538804,1.0,0.22442553093471213,0.48397140568282815,0.054733406917379455,105.587,136.783,3.18242,1,1,0,0,0,0,0,0,0,0,0.0,0.0,0.0,0.0,0.0,0.0,0.0,0.0,0.0,1.0,110.39470000000001,105.587,2.8126369999999996,0.10606136477550894,0.22442553093471213,0.06529224334832844,0.0,0.0,0.0,0.0,0.0,0.0,0,0.0,0.0,0,0,0,0,0,0,0,0,0,0,0,0,0
1,49.824,4,1.604440883532402,0.9554859650321331,0.17866839804096676,0.3107664371207026,0.2695134331892989,0.9694853994320759,0.2221440734049606,0.5123513817412572,0.08168475022898894,105.642,150.153,4.3984,1,1,0,0,0,0,0,0,0,0,0.0,0.0,0.0,0.0,0.0,0.0,0.0,0.0,0.0,1.0,114.8432,105.587,2.974978,0.12392820248691203,0.2221440734049606,0.09636888704152671,0.0,0.0,0.0,0.0,0.0,0.0,0,0.0,0.0,0,0,0,0,0,0,0,0,0,0,0,0,0
1,50.828,5,3.184158810343421,1.5734242298914531,2.3569552330148653,2.1782868349738984,0.9442414372013637,0.9864580934207524,0.7348211907945097,0.5415799924991199,0.1761088939418049,48.643,48.643,7.44953,0,1,0,0,0,0,0,0,0,0,0.0,0.0,0.0,0.0,0.0,0.0,0.0,0.0,0.0,0.9,109.14580000000001,48.643,3.4430129999999997,0.3596237236789467,0.7348211907945097,0.31419757052215824,0.0,0.0,0.0,0.0,0.0,0.0,0,0.0,0.0,0,0,0,0,0,0,0,0,0,0,0,0,0
1,51.834,5,3.157551184312919,-0.02644893243588661,1.5201203222342574,0.8368349107806079,0.8983728327847306,0.9880977833593673,0.8059505234847831,0.5708905877539133,0.26594617721286873,41.6479,41.6479,10.4364,0,1,0,0,0,0,0,0,0,0,0.0,0.0,0.0,0.0,0.0,0.0,0.0,0.0,0.0,0.8,102.74558999999999,41.6479,4.209414,0.51163575379503,0.8059505234847831,0.39788106159810954,0.0,0.0,0.0,0.0,0.0,0.0,0,0.0,0.0,0,0,0,0,0,0,0,0,0,0,0,0,0
1,52.835,5,3.8794716790678145,0.7211992954594363,0.5183325118238661,1.0017878104103914,0.9053054559158257,0.697122358700198,0.7858055373703574,0.5856524117757484,0.356476722795151,34.1483,34.1483,10.3674,0,1,0,0,0,0,0,0,0,0,0.0,0.0,0.0,0.0,0.0,0.0,0.0,0.0,0.0,0.7,95.59822,34.1483,4.969408,0.563469002884723,0.7858055373703574,0.49805984262449987,0.0,0.0,0.0,0.0,0.0,0.0,0,0.0,0.0,0,0,0,0,0,0,0,0,0,0,0,0,0
1,53.826,5,0.3191096346929344,-3.5926963111754593,0.5042641255342089,0.014068386289657231,0.903184426232225,0.6709336121209095,0.7614308736711873,0.5991047984686191,0.4467951654095376,12.9132,12.9132,10.3352,0,1,0,1,1,0,0,0,0,0,0.0,0.0,0.0,0.0,0.0,0.0,0.0,0.0,0.0,0.6,86.31773999999999,12.9132,5.725694,0.613895413328692,0.7614308736711873,0.4994666812367073,0.0,0.0,0.0,0.0,0.0,0.0,0,0.0,0.0,0,0,0,0,0,0,0,0,0,0,0,0,0
1,54.83,5,1.7929223525785838,1.4679409540693718,0.17981085766138094,0.3244532678728279,0.9029198467416588,0.6052764819745161,0.7473153011313926,0.60927432865417,0.5370871500732124,12.8969,12.8969,10.3827,0,1,0,1,1,0,0,0,0,0,0.0,0.0,0.0,0.0,0.0,0.0,0.0,0.0,0.0,0.5,77.04872999999999,12.8969,6.4872950000000005,0.6318764969726323,0.7473153011313926,0.531912008011244,0.0,0.0,0.0,0.0,0.0,0.0,0,0.0,0.0,0,0,0,0,0,0,0,0,0,0,0,0,0
1,55.842,5,0.13975574199724486,-1.6335638444479634,0.0820678948685471,0.09774296279283384,0.5700070958756044,0.6076846255609841,0.7400202353099942,0.6195642660190444,0.5940878596459366,12.8969,13.0007,10.43,0,1,0,1,0,0,0,0,0,0,0.0,0.0,0.0,0.0,0.0,0.0,0.0,0.0,0.0,0.4,67.7846,12.8969,7.252709,0.6400832843750731,0.7400202353099942,0.5416863042527436,0.0,0.0,0.0,0.0,0.0,0.0,0,0.0,0.0,0,0,0,0,0,0,0,0,0,0,0,0,0
1,56.863,5,0.5877014676233663,0.43873234635271446,0.07245622443156781,0.009611670436979289,0.2230556030939296,0.5756305836488337,0.7333816986583317,0.6282515012883112,0.6163934199370862,12.834,12.834,10.4502,0,1,0,0,0,0,0,0,0,0,0.0,0.0,0.0,0.0,0.0,0.0,0.0,0.0,0.0,0.3,58.49799999999999,12.834,8.020016,0.6473289046917492,0.7333816986583317,0.5426474712543746,0.0,0.0,0.0,0.0,0.0,0.0,0,0.0,0.0,0,0,0,0,0,0,0,0,0,0,0,0,0
1,57.84,5,0.0,-0.6015368143534967,0.0,0.07245622443156781,0.19871437147285748,0.5756305836488337,0.7616684746629317,0.636938736557578,0.6107209725161373,12.8276,12.8276,10.454,0,1,0,0,0,0,0,0,0,0,0.0,0.0,0.0,0.0,0.0,0.0,0.0,0.0,0.0,0.2,47.58476,12.8276,8.788625,0.590211040277133,0.7616684746629317,0.49277523140939594,0.0,0.0,0.0,0.0,0.0,0.0,0,0.0,0.0,0,0,0,0,0,0,0,0,0,0,0,0,0
1,58.84,5,1.3000732440915925,1.3000732440915925,0.16728003791335797,0.16728003791335797,0.07412164800964947,0.5222872863128591,0.7731311665028241,0.6429588069600461,0.5889436150517143,12.6455,12.6455,10.4453,0,1,0,0,0,0,0,0,0,0,0.0,0.0,0.0,0.0,0.0,0.0,0.0,0.0,0.0,0.1,35.17101,12.6455,9.514913,0.5579955605523018,0.7731311665028241,0.5013288543022825,0.0,0.0,0.0,0.0,0.0,0.0,0,0.0,0.0,0,0,0,0,0,0,0,0,0,0,0,0,0
1,59.847,5,0.6040824044934839,-0.691152770206662,0.038357983955387955,0.12892205395797002,0.06224073476867484,0.5120427894469511,0.782002530482172,0.6484666525192189,0.5682163452096519,12.6455,12.7763,10.4621,0,1,0,0,0,0,0,0,0,0,0.0,0.0,0.0,0.0,0.0,0.0,0.0,0.0,0.0,0.0,21.43334,12.6455,10.121283,0.5439645191437439,0.782002530482172,0.48314441598600916,0.0,0.0,0.0,0.0,0.0,0.0,0,0.0,0.0,0,0,0,0,0,0,0,0,0,0,0,0,0
1,60.839,6,1.0131455065261183,0.41236199801676854,0.02530381880888745,0.013054165146500506,0.06506546038452828,0.47594186678266415,0.46453864578821463,0.6521694519451772,0.4802987475279684,12.6455,13.6283,10.4707,0,1,0,0,0,0,0,0,0,0,0.0,0.0,0.0,0.0,0.0,0.0,0.0,0.0,0.0,0.0,17.93187,12.6455,10.4234,0.3107993777231461,0.46453864578821463,0.2666211490032694,0.0,0.0,0.0,0.0,0.0,0.0,0,0.0,0.0,0,0,0,0,0,0,0,0,0,0,0,0,0
1,61.848,6,0.31341852557806865,-0.6934856104539642,0.026226322874146647,0.0009225040652591984,0.0662475592122195,0.47331704531908386,0.19365436835798347,0.6557410102979565,0.3970862201707173,12.6455,13.644,10.4642,0,1,0,0,0,0,0,0,0,0,0.0,0.0,0.0,0.0,0.0,0.0,0.0,0.0,0.0,0.0,15.131480000000002,12.6455,10.426179999999999,0.16140997778713503,0.19365436835798347,0.18302990833173452,0.0,0.0,0.0,0.0,0.0,0.0,0,0.0,0.0,0,0,0,0,0,0,0,0,0,0,0,0,0
1,62.836,6,4.16460933708163,3.897966408404414,1.3548384131744182,1.3286120903002716,0.5802275705286888,0.34459173231499085,0.4169228082358589,0.6425476020119443,0.3645784316320036,12.6455,105.18,9.83788,0,1,0,0,0,0,0,0,0,0,0.0,0.0,0.0,0.0,0.0,0.0,0.0,0.0,0.0,0.0,22.23465,12.6455,10.373228,0.24506056792219028,0.4169228082358589,0.21571233632072256,0.0,0.0,0.0,0.0,0.0,0.0,0,0.0,0.0,0,0,0,0,0,0,0,0,0,0,0,0,0
1,63.842,6,2.7619268266583035,-1.3943166107587737,2.8406445061877013,1.485806093013283,1.2484757482498878,0.3323529586671308,0.9242669059096627,0.6317762363908226,0.3991075638337699,12.7763,106.274,10.3118,0,1,0,0,0,0,0,0,0,0,0.0,0.0,0.0,0.0,0.0,0.0,0.0,0.0,0.0,0.0,31.570730000000005,12.6455,10.370887999999999,0.4786986059875395,0.9242669059096627,0.3628861069930851,0.0,0.0,0.0,0.0,0.0,0.0,0,0.0,0.0,0,0,0,0,0,0,0,0,0,0,0,0,0
1,64.842,6,6.536955659174456,3.7750288325161527,0.15208769512296366,2.6885568110647378,1.230740591476245,0.38963223251037865,0.9253040199403885,0.6318290640817319,0.43188963830722854,13.6283,141.691,13.7494,0,1,0,0,0,0,0,0,0,0,0.0,0.0,0.0,0.0,0.0,0.0,0.0,0.0,0.0,0.0,44.45014,12.6455,10.707557999999999,0.47592628973369777,0.9253040199403885,0.5992964613122761,0.0,0.0,0.0,0.0,0.0,0.0,0,0.0,0.0,0,0,0,0,0,0,0,0,0,0,0,0,0
1,65.851,6,4.708794197824466,-1.8118547684340833,0.8491024960448352,0.6970148009218715,1.1395071493704776,0.4481730604682171,0.9208081958361626,0.631286263993751,0.48883964365671584,13.644,155.882,17.4602,0,1,0,0,0,0,0,0,0,0,0.0,0.0,0.0,0.0,0.0,0.0,0.0,0.0,0.0,0.0,58.73827,12.6455,11.410578000000001,0.5526297498513266,0.9208081958361626,0.6592236451251798,0.0,0.0,0.0,0.0,0.0,0.0,0,0.0,0.0,0,0,0,0,0,0,0,0,0,0,0,0,0
1,66.864,6,3.0032416730837608,-1.6836648812840136,0.7249170546975114,0.12418544134732379,1.0199770550547202,0.47398461608844517,0.9060006983726416,0.6324321554888596,0.5685317888527949,105.18,119.913,19.9391,0,1,0,0,0,0,0,0,0,0,0.0,0.0,0.0,0.0,0.0,0.0,0.0,0.0,0.0,0.0,69.44617000000001,12.6455,12.359468000000001,0.6178758328779209,0.9060006983726416,0.6706810222162143,0.0,0.0,0.0,0.0,0.0,0.0,0,0.0,0.0,0,0,0,0,0,0,0,0,0,0,0,0,0
1,67.841,6,4.902388364066127,1.9438553643627083,1.0603485541734214,0.33543149947591,1.0161642519290386,0.4932884511604764,0.8875129449865146,0.6070965780468833,0.650276776898413,69.9963,69.9963,23.3489,0,1,0,0,0,0,0,0,0,0,0.0,0.0,0.0,0.0,0.0,0.0,0.0,0.0,0.0,0.0,75.16304,12.6455,13.648957999999999,0.7239106882952632,0.8875129449865146,0.6969785497206485,0.0,0.0,0.0,0.0,0.0,0.0,0,0.0,0.0,0,0,0,0,0,0,0,0,0,0,0,0,0
1,68.844,6,4.482142805488414,-0.4189885927993146,0.19402974984839866,0.8663188043250227,0.40464126999584404,0.396470061902893,0.8856872799598194,0.576920081142028,0.6833287390970324,69.1539,69.1539,21.225,0,1,0,0,0,0,0,0,0,0,0.0,0.0,0.0,0.0,0.0,0.0,0.0,0.0,0.0,0.0,80.81388,12.7763,14.726928000000001,0.7265856594887672,0.8856872799598194,0.766882426361815,0.0,0.0,0.0,0.0,0.0,0.0,0,0.0,0.0,0,0,0,0,0,0,0,0,0,0,0,0,0
1,69.849,6,5.551700542749366,1.064236554488509,0.7602346864129798,0.5662049365645812,0.3204553246753413,0.3127020343579862,0.852143828967816,0.5440809128883235,0.7091501980876991,41.1745,41.1745,20.3145,0,1,0,0,0,0,0,0,0,0,0.0,0.0,0.0,0.0,0.0,0.0,0.0,0.0,0.0,0.0,83.6537,13.6283,15.712168,0.7987733297345263,0.852143828967816,0.8106107146224761,0.0,0.0,0.0,0.0,0.0,0.0,0,0.0,0.0,0,0,0,0,0,0,0,0,0,0,0,0,0
1,70.852,7,5.999587319684708,0.4465471355287561,1.8170698569007755,1.0568351704877958,0.5946995977374777,0.3011813670538351,0.8597785326345333,0.5098170765699777,0.7621136118229941,41.1745,157.25,23.7374,0,1,0,0,0,0,0,0,0,0,0.0,0.0,0.0,0.0,0.0,0.0,0.0,0.0,0.0,0.0,98.01587,13.644,17.038838000000002,0.9779499335437152,0.8597785326345333,0.9149888151566058,0.0,0.0,0.0,0.0,0.0,0.0,0,0.0,0.0,0,0,0,0,0,0,0,0,0,0,0,0,0
1,71.852,7,5.602718001113758,-0.39686931857094976,0.2053133301864758,1.6117565267142997,0.6753466109216574,0.29299912196052186,0.8393750585826342,0.47506214350003545,0.8230235169939378,41.1745,175.473,26.753,0,1,0,0,0,0,0,0,0,0,0.0,0.0,0.0,0.0,0.0,0.0,0.0,0.0,0.0,0.0,114.19877000000001,41.1745,18.667718,0.995858634274948,0.8393750585826342,1.0760722174215096,0.0,0.0,0.0,0.0,0.0,0.0,0,0.0,0.0,0,0,0,0,0,0,0,0,0,0,0,0,0
1,72.863,7,6.2914649227761625,0.6812531371537135,0.12822620232771068,0.07708712785876512,0.7155233076131621,0.4262950565891449,0.8701478932063819,0.4615207783944828,0.8365530907023851,41.1745,174.777,32.8926,0,1,0,0,0,0,0,0,0,0,0.0,0.0,0.0,0.0,0.0,0.0,0.0,0.0,0.0,0.0,121.15847,41.1745,20.97319,0.8731974131902772,0.8701478932063819,0.9509197211773591,0.0,0.0,0.0,0.0,0.0,0.0,0,0.0,0.0,0,0,0,0,0,0,0,0,0,0,0,0,0
1,73.86,7,5.285788252349907,-1.0087027787625429,0.43469070746436894,0.30646450513665824,0.687155473621258,0.4718871541952324,0.5330202105327084,0.45156845549819896,0.7804210632395222,41.1745,156.65,37.9586,0,1,0,0,0,0,0,0,0,0,0.0,0.0,0.0,0.0,0.0,0.0,0.0,0.0,0.0,0.0,126.19607,41.1745,23.737869999999997,0.6326020333179441,0.5330202105327084,0.8329855623896967,0.0,0.0,0.0,0.0,0.0,0.0,0,0.0,0.0,0,0,0,0,0,0,0,0,0,0,0,0,0
1,74.872,7,4.236332779853285,-1.037011336459113,0.47893166209283256,0.044240954628463613,0.689341475784172,0.5380306096349365,0.5097965563104603,0.44820616188122,0.7262811516703149,156.65,176.168,41.8309,0,1,0,0,0,0,0,0,0,0,0.0,0.0,0.0,0.0,0.0,0.0,0.0,0.0,0.0,0.0,129.64377,41.1745,26.54602,0.6652864300149309,0.5097965563104603,0.5685539767460692,0.0,0.0,0.0,0.0,0.0,0.0,0,0.0,0.0,0,0,0,0,0,0,0,0,0,0,0,0,0
1,75.857,7,6.622078354224004,2.422076725249461,0.02272683292685988,0.45620482916597266,0.19679945357286896,0.5800600313232259,0.5426107235142525,0.4468249321693321,0.632010382090554,156.65,176.911,48.3226,0,1,0,0,0,0,0,0,0,0,0.0,0.0,0.0,0.0,0.0,0.0,0.0,0.0,0.0,0.0,131.74667,41.1745,29.632259999999995,0.5826488637031335,0.5426107235142525,0.5444729795704794,0.0,0.0,0.0,0.0,0.0,0.0,0,0.0,0.0,0,0,0,0,0,0,0,0,0,0,0,0,0
1,76.857,7,4.666906925363136,-1.9551714288608677,0.16367347631869583,0.14094664339183596,0.20022484864505816,0.6020332973291594,0.5551414511527597,0.44814506785334834,0.5500351614495879,156.65,170.763,52.984,0,1,0,0,0,0,0,0,0,0,0.0,0.0,0.0,0.0,0.0,0.0,0.0,0.0,0.0,0.0,136.83167,41.1745,32.93675,0.5265245058652519,0.5551414511527597,0.5461490997749305,0.0,0.0,0.0,0.0,0.0,0.0,0,0.0,0.0,0,0,0,0,0,0,0,0,0,0,0,0,0
1,77.859,7,6.4222158485176015,1.7518053125294064,0.03329024376421283,0.130383232554483,0.21786788894558975,0.6323276768739621,0.5402124399563254,0.4509799225146048,0.4702055251512429,156.65,170.077,59.2627,0,1,0,0,0,0,0,0,0,0,0.0,0.0,0.0,0.0,0.0,0.0,0.0,0.0,0.0,0.0,146.83974,41.1745,36.52813,0.423818674824331,0.5402124399563254,0.5256442730827878,0.0,0.0,0.0,0.0,0.0,0.0,0,0.0,0.0,0,0,0,0,0,0,0,0,0,0,0,0,0
1,78.894,7,6.4849596371881715,0.060622018039198027,0.008453076454235401,0.024837167309977426,0.19866407198177471,0.6569931643740855,0.5520413715020769,0.45771521641766605,0.449607805349836,170.077,171.56,65.8778,0,1,0,0,0,0,0,0,0,0,0.0,0.0,0.0,0.0,0.0,0.0,0.0,0.0,0.0,0.0,157.08035,41.1745,40.99341,0.4052610074849146,0.5520413715020769,0.4414961093812833,0.0,0.0,0.0,0.0,0.0,0.0,0,0.0,0.0,0,0,0,0,0,0,0,0,0,0,0,0,0
1,79.856,7,4.74087912077104,-1.8129735097891182,1.5419752913287226,1.5335222148744871,0.6669911564134811,0.6824960354016278,0.6538559385738371,0.46623787871539984,0.48426138852365,87.1005,87.1005,70.467,0,1,0,0,0,0,0,0,0,0,0.0,0.0,0.0,0.0,0.0,0.0,0.0,0.0,0.0,0.0,161.67295000000001,87.1005,46.00866,0.48343506797648894,0.6538559385738371,0.538227837212274,0.0,0.0,0.0,0.0,0.0,0.0,0,0.0,0.0,0,0,0,0,0,0,0,0,0,0,0,0,0
1,80.868,8,2.9381108092856922,-1.7813916121396716,1.3404963068224007,0.20147898450632185,0.7575579023652855,0.6908436049932385,0.5558785116785854,0.47698296562592857,0.5005472189864307,9.33589,9.33589,73.3842,0,1,0,0,0,0,0,0,0,0,0.0,0.0,0.0,0.0,0.0,0.0,0.0,0.0,0.0,0.0,146.88153900000003,9.33589,50.97334,0.43577771296865153,0.5558785116785854,0.4526922186141265,0.0,0.0,0.0,0.0,0.0,0.0,0,0.0,0.0,0,0,0,0,0,0,0,0,0,0,0,0,0
1,81.873,8,2.9850803996627433,0.046735910822936384,0.05909404425166648,1.2814022625707342,0.7744778039555092,0.6989052494244462,0.5644709444646161,0.48826237583119675,0.510460338289816,7.51063,7.51063,75.7319,0,1,0,0,0,0,0,0,0,0,0.0,0.0,0.0,0.0,0.0,0.0,0.0,0.0,0.0,0.0,130.085302,7.51063,55.871230000000004,0.4211557843751706,0.5644709444646161,0.4196567921997699,0.0,0.0,0.0,0.0,0.0,0.0,0,0.0,0.0,0,0,0,0,0,0,0,0,0,0,0,0,0
1,82.866,8,3.0628671843269033,0.07833513057820746,2.837766032665515,2.7786719884138487,1.1759472031514813,0.7173300393706584,0.9361673501384782,0.5068992911839801,0.5565027278436478,7.51063,168.311,78.7317,0,1,0,0,0,0,0,0,0,0,0.0,0.0,0.0,0.0,0.0,0.0,0.0,0.0,0.0,0.0,129.438702,7.51063,60.45513999999999,0.692109767408951,0.9361673501384782,0.6898152782552783,0.0,0.0,0.0,0.0,0.0,0.0,0,0.0,0.0,0,0,0,0,0,0,0,0,0,0,0,0,0
1,83.867,8,5.401521777105877,2.3363182745044697,0.36390113135445284,2.473864901311062,1.0972224569917755,0.7633522871638208,0.9385946342589435,0.5284492576088147,0.5975094261806996,7.51063,170.391,84.1478,0,1,0,0,0,0,0,0,0,0,0.0,0.0,0.0,0.0,0.0,0.0,0.0,0.0,0.0,0.0,130.812802,7.51063,65.07406,0.6850308097979594,0.9385946342589435,0.9065553178727187,0.0,0.0,0.0,0.0,0.0,0.0,0,0.0,0.0,0,0,0,0,0,0,0,0,0,0,0,0,0
1,84.864,8,6.337655003454256,0.9389500765781134,0.7945553941439056,0.4306542627894528,1.0947741123497987,0.8508178403031312,0.9361977431792393,0.5515085379984523,0.6380526898372623,7.51063,146.457,89.1798,0,1,0,0,0,0,0,0,0,0,0.0,0.0,0.0,0.0,0.0,0.0,0.0,0.0,0.0,0.0,127.84170199999998,7.51063,69.80895000000001,0.7165931830030667,0.9361977431792393,0.9451966486888177,0.0,0.0,0.0,0.0,0.0,0.0,0,0.0,0.0,0,0,0,0,0,0,0,0,0,0,0,0,0
1,85.877,8,6.1685977828093135,-0.16688768079461283,0.7389726264292203,0.05558276771468529,1.0919236661311023,0.9233232856399889,0.9040615424635472,0.5752660492570408,0.7275651110930855,7.51063,168.985,95.0532,0,1,0,0,0,0,0,0,0,0,0.0,0.0,0.0,0.0,0.0,0.0,0.0,0.0,0.0,0.0,127.04910200000002,7.51063,74.48201,0.7882177623533028,0.9040615424635472,0.9051344425436889,0.0,0.0,0.0,0.0,0.0,0.0,0,0.0,0.0,0,0,0,0,0,0,0,0,0,0,0,0,0
1,86.869,8,6.664469989701892,0.499871176303003,0.29225310531414417,0.4467195211150762,1.0479865841881784,0.9363824512354298,0.8950616091003857,0.59838594101439,0.8123412846473975,146.457,173.731,101.641,0,1,0,0,0,0,0,0,0,0,0.0,0.0,0.0,0.0,0.0,0.0,0.0,0.0,0.0,0.0,127.345902,7.51063,79.34771,0.8010757252528476,0.8950616091003857,0.9357117303160131,0.0,0.0,0.0,0.0,0.0,0.0,0,0.0,0.0,0,0,0,0,0,0,0,0,0,0,0,0,0
1,87.878,8,6.571134594417775,-0.0925028694589863,0.004000492608944165,0.28825261270520003,0.32893841767279464,0.9461819554028846,0.8978966872472127,0.6210306162265105,0.8234483375201181,146.457,174.157,108.069,0,1,0,0,0,0,0,0,0,0,0.0,0.0,0.0,0.0,0.0,0.0,0.0,0.0,0.0,0.0,127.753902,7.51063,84.22834,0.7981467501373206,0.8978966872472127,0.9514986683310844,0.0,0.0,0.0,0.0,0.0,0.0,0,0.0,0.0,0,0,0,0,0,0,0,0,0,0,0,0,0
1,88.879,8,3.8516565278754684,-2.7167613052370703,1.3675132051055267e-06,0.003999125095739059,0.3850991895946142,0.9585813517814208,0.8987261948098404,0.6491361807204369,0.8420918492814021,146.457,174.539,111.906,0,1,0,0,0,0,0,0,0,0,0.0,0.0,0.0,0.0,0.0,0.0,0.0,0.0,0.0,0.0,128.051802,7.51063,88.83116,0.7973015792432177,0.8987261948098404,0.9494148641096608,0.0,0.0,0.0,0.0,0.0,0.0,0,0.0,0.0,0,0,0,0,0,0,0,0,0,0,0,0,0
1,89.866,8,2.1433115247328702,-1.7308460011576476,0.10205942662210676,0.10205805910890166,0.30953198469576115,0.9706416994314583,0.8813415218166645,0.6820331639741105,0.80634593210963,168.985,178.234,113.986,0,1,0,0,0,0,0,0,0,0,0.0,0.0,0.0,0.0,0.0,0.0,0.0,0.0,0.0,0.0,137.16515199999998,7.51063,93.18306,0.6533099927725561,0.8813415218166645,0.8062684485331022,0.0,0.0,0.0,0.0,0.0,0.0,0,0.0,0.0,0,0,0,0,0,0,0,0,0,0,0,0,0
1,90.869,9,6.5025785104483536,4.346228300813045,0.20528093501924682,0.10322150839714006,0.1275919340902491,0.9716503381576584,0.8557322734905088,0.7155566125293016,0.7433493352821264,168.845,168.845,120.421,0,1,0,0,0,0,0,0,0,0,0.0,0.0,0.0,0.0,0.0,0.0,0.0,0.0,0.0,0.0,153.116063,7.51063,97.88674,0.5397884555922408,0.8557322734905088,0.796442700922184,0.0,0.0,0.0,0.0,0.0,0.0,0,0.0,0.0,0,0,0,0,0,0,0,0,0,0,0,0,0
1,91.873,9,6.0200702169268485,-0.4805859497226146,0.1803530623871811,0.024927872632065723,0.09584723445283397,0.9783777704856366,0.8489965204015602,0.7498255449555573,0.6754862783318589,168.845,178.018,126.527,0,1,0,0,0,0,0,0,0,0,0.0,0.0,0.0,0.0,0.0,0.0,0.0,0.0,0.0,0.0,170.1668,146.457,102.96624999999999,0.5519143574057922,0.8489965204015602,0.6707952619283171,0.0,0.0,0.0,0.0,0.0,0.0,0,0.0,0.0,0,0,0,0,0,0,0,0,0,0,0,0,0
1,92.87,9,6.539864647620354,0.5213585062121423,0.15304920074402678,0.02730386164315432,0.08123592351515604,0.9776634157067899,0.2789585612469051,0.7773939629114396,0.5660151503682264,168.845,171.62,133.001,0,1,0,0,0,0,0,0,0,0,0.0,0.0,0.0,0.0,0.0,0.0,0.0,0.0,0.0,0.0,170.4977,146.457,108.39318,0.28344267421364333,0.2789585612469051,0.3956584492512477,0.0,0.0,0.0,0.0,0.0,0.0,0,0.0,0.0,0,0,0,0,0,0,0,0,0,0,0,0,0
1,93.922,9,3.849859973622097,-2.557038663496442,2.303126934493124,2.150077733749097,0.9591177917491545,0.9774236684851461,0.6989636921404748,0.8026707886259352,0.5522046838439643,49.4431,49.4431,136.982,0,1,0,0,0,0,0,0,0,0,0.0,0.0,0.0,0.0,0.0,0.0,0.0,0.0,0.0,0.0,158.40291,49.4431,113.67660000000001,0.47736525452751044,0.6989636921404748,0.36327973249505124,0.0,0.0,0.0,0.0,0.0,0.0,0,0.0,0.0,0,0,0,0,0,0,0,0,0,0,0,0,0
1,94.884,9,2.8101349000941442,-1.0807952947276018,0.9511264087810387,1.3520005257120853,0.9259931354573829,0.9746235891532495,0.7085463040403466,0.8245004376018509,0.5353265861547227,3.05717,3.05717,139.248,0,1,1,0,0,0,1,0,0,0,0.0,0.0,0.0,0.0,0.0,0.1,0.1,0.0,0.0,0.0,144.062927,3.05717,118.68342,0.49302235599122374,0.7085463040403466,0.45541435878731445,0.0,0.0,0.0,0.0,0.0,0.0,0,0.0,0.0,0,0,0,0,0,0,0,0,0,0,0,0,0
1,95.879,9,3.124246161545491,0.3156897100013536,0.19568174657248688,0.7554446622085518,0.9274359071498405,0.9739828987198889,0.7084211074393651,0.844196580971684,0.5188778102565965,3.05717,13.6326,142.395,0,1,0,0,0,0,0,0,0,0,0.0,0.0,0.0,0.0,0.0,0.1,0.1,0.0,0.0,0.0,128.527687,3.05717,123.4176,0.4386932680055504,0.7084211074393651,0.5254005482367011,0.0,0.0,0.0,0.0,0.0,0.0,0,0.0,0.0,0,0,0,0,0,0,0,0,0,0,0,0,0
1,96.887,9,4.575565431137294,1.4398008626902807,2.4652080105190333,2.2695262639465463,1.1161775732534938,0.9668465384088191,0.9504319583782564,0.8624372430256673,0.5256969091631281,3.05717,156.753,146.387,0,1,0,0,0,0,0,0,0,0,0.0,0.0,0.0,0.0,0.0,0.1,0.1,0.0,0.0,0.0,126.82988699999999,3.05717,127.8922,0.6559887585260393,0.9504319583782564,0.7076812225198481,0.0,0.0,0.0,0.0,0.0,0.0,0,0.0,0.0,0,0,0,0,0,0,0,0,0,0,0,0,0
1,97.882,9,6.6424022863447085,2.077222970057703,0.47921995545587964,1.9859880550631537,1.046022584688457,0.9667071445531729,0.9257707494370404,0.8791562164096277,0.5974053258646943,3.05717,175.441,152.989,0,1,0,0,0,0,0,0,0,0,0.0,0.0,0.0,0.0,0.0,0.1,0.1,0.0,0.0,0.0,126.958287,3.05717,132.38420000000002,0.7035107048107329,0.9257707494370404,0.8774547667556435,0.0,0.0,0.0,0.0,0.0,0.0,0,0.0,0.0,0,0,0,0,0,0,0,0,0,0,0,0,0
1,98.891,9,6.648494019744401,0.006037396828238455,0.11279174005137199,0.36642821540450765,0.9653738935030557,0.9649449266264509,0.9168917702680077,0.894553804522246,0.6554327962555384,3.05717,169.922,159.365,0,1,0,0,0,0,0,0,0,0,0.0,0.0,0.0,0.0,0.0,0.1,0.1,0.0,0.0,0.0,126.496587,3.05717,137.13010000000003,0.7147897420645496,0.9168917702680077,0.9136976757865204,0.0,0.0,0.0,0.0,0.0,0.0,0,0.0,0.0,0,0,0,0,0,0,0,0,0,0,0,0,0
1,99.888,9,6.705895397872826,0.05757410042971419,0.046882976989873024,0.06590876306149897,1.0225456200801168,0.9655854499514923,0.9211448932218194,0.9087082752497391,0.726734159793974,13.6326,173.041,165.892,0,1,0,0,0,0,0,0,0,0,0.0,0.0,0.0,0.0,0.0,0.1,0.1,0.0,0.0,0.0,125.977287,3.05717,142.3207,0.7092720971013262,0.9211448932218194,0.9100827461817801,0.0,0.0,0.0,0.0,0.0,0.0,0,0.0,0.0,0,0,0,0,0,0,0,0,0,0,0,0,0
1,100.885,10,5.795016397765844,-0.9136198596860405,0.8555672302493179,0.8086842532594449,0.9896995013717701,0.9678940687712163,0.9044138173257288,0.9225607984386379,0.8129449165221262,137.439,137.439,171.512,0,1,0,1,0,0,0,0,0,0,0.0,0.0,0.0,0.0,0.0,0.1,0.1,0.0,0.0,0.0,122.83668700000001,3.05717,147.4298,0.7743007266243332,0.9044138173257288,0.9806290206680106,0.0,0.0,0.0,0.0,0.0,0.0,0,0.0,0.0,0,0,0,0,0,0,0,0,0,0,0,0,0
1,101.894,10,0.8467988707895798,-4.90408079977826,1.5698421707429944,0.7142749404936765,0.6250959109251076,0.9688408756584682,0.909744991129136,0.936057579750339,0.8658697841693535,131.586,131.586,172.195,0,1,0,1,0,0,0,0,0,0,0.0,0.0,0.0,0.0,0.0,0.1,0.1,0.0,0.0,0.0,118.193487,3.05717,151.9966,0.9132496374599146,0.909744991129136,1.0495637274541718,0.0,0.0,0.0,0.0,0.0,0.0,0,0.0,0.0,0,0,0,0,0,0,0,0,0,0,0,0,0
1,102.881,10,2.7664882549178116,1.9449740467357972,1.0869314324787882,0.48291073826420616,0.6511528267128059,0.9700986554023755,0.87010667287433,0.948696010551925,0.9228614744891186,131.586,166.731,174.965,0,1,0,0,0,0,0,0,0,0,0.0,0.0,0.0,0.0,0.0,0.1,0.1,0.0,0.0,0.0,117.70458699999999,3.05717,156.193,1.0066378606333908,0.87010667287433,1.095124415116277,0.0,0.0,0.0,0.0,0.0,0.0,0,0.0,0.0,0,0,0,0,0,0,0,0,0,0,0,0,0
1,103.906,10,4.884156336521309,2.0660176405887785,0.03180748913732462,1.0551239433414636,0.6711796027122106,0.9647870571245133,0.7865036364888931,0.9587677490499595,0.8940676555854241,131.586,165.484,179.641,0,1,0,0,0,0,0,0,0,0,0.0,0.0,0.0,0.0,0.0,0.1,0.1,0.0,0.0,0.0,129.30867700000002,3.05717,160.4589,0.7795059160978108,0.7865036364888931,0.9856290360755136,0.0,0.0,0.0,0.0,0.0,0.0,0,0.0,0.0,0,0,0,0,0,0,0,0,0,0,0,0,0
1,104.882,10,6.713152260528676,1.873971233614105,0.6770573369910895,0.6452498478537649,0.564252287377209,0.9720827085525288,0.7846317228224015,0.9648309924624294,0.8578935707774067,131.586,156.657,186.105,0,1,0,0,0,0,0,0,0,0,0.0,0.0,0.0,0.0,0.0,0.0,0.0,0.0,0.0,0.0,144.66866,13.6326,165.14460000000003,0.752099008918816,0.7846317228224015,0.9149539682896816,0.0,0.0,0.0,0.0,0.0,0.0,0,0.0,0.0,0,0,0,0,0,0,0,0,0,0,0,0,0
1,105.9,10,3.856202317903846,-2.806434128315157,2.4806182837674107,1.8035609467763212,0.9250630103564285,0.9683237554382347,0.9247767105822864,0.9670810159523417,0.8576562810980655,12.8477,12.8477,189.355,0,1,0,0,0,0,0,0,0,0,0.0,0.0,0.0,0.0,0.0,0.0,0.0,0.0,0.0,0.0,144.59017,12.8477,169.8406,0.9805926626383084,0.9247767105822864,1.0197655967464585,0.0,0.0,0.0,0.0,0.0,0.0,0,0.0,0.0,0,0,0,0,0,0,0,0,0,0,0,0,0
1,106.9,10,1.3677485148951232,-2.488453803008723,0.7497043700645216,1.730913913702889,0.9088437352906746,0.9669034384987637,0.7638963773795143,0.9686070653155084,0.8369228973017837,12.8477,30.2015,190.69,0,1,0,0,0,0,0,0,0,0,0.0,0.0,0.0,0.0,0.0,0.0,0.0,0.0,0.0,0.0,131.93501999999998,12.8477,174.27089999999998,0.8090422985928571,0.7638963773795143,0.9659043617220927,0.0,0.0,0.0,0.0,0.0,0.0,0,0.0,0.0,0,0,0,0,0,0,0,0,0,0,0,0,0
1,107.905,10,2.6735842850718092,1.2993390748026727,0.6989305102888396,0.05077385977568205,0.916654000442873,0.9336713558328096,0.7564796856685394,0.9679815353370046,0.8239860388772252,12.8477,69.6003,190.389,0,1,0,0,0,0,0,0,0,0,0.0,0.0,0.0,0.0,0.0,0.0,0.0,0.0,0.0,0.0,121.35094999999998,12.8477,178.0109,0.8310133540761531,0.7564796856685394,0.7723829421933455,0.0,0.0,0.0,0.0,0.0,0.0,0,0.0,0.0,0,0,0,0,0,0,0,0,0,0,0,0,0
1,108.904,10,0.6452194976065834,-2.0303951826478737,0.003297502620938951,0.6956330076679006,0.9236812074451249,0.9267072002292734,0.7687237604235398,0.9663878277593974,0.8198167702714321,12.8477,69.62,190.602,0,1,0,0,0,0,0,0,0,0,0.0,0.0,0.0,0.0,0.0,0.0,0.0,0.0,0.0,0.0,111.32075000000002,12.8477,181.1346,0.82006393033311,0.7687237604235398,0.8053034214196847,0.0,0.0,0.0,0.0,0.0,0.0,0,0.0,0.0,0,0,0,0,0,0,0,0,0,0,0,0,0
1,109.892,10,2.8358640990873805,2.2172516209319806,0.2969792168663373,0.29368171424539835,0.9636454861585521,0.9097446940257753,0.7444595352399541,0.9633429774891132,0.8139267568792757,12.8477,53.5466,192.038,0,1,0,0,0,0,0,0,0,0,0.0,0.0,0.0,0.0,0.0,0.0,0.0,0.0,0.0,0.0,99.37131,12.8477,183.74920000000003,0.8450735543207563,0.7444595352399541,0.8280807165380747,0.0,0.0,0.0,0.0,0.0,0.0,0,0.0,0.0,0,0,0,0,0,0,0,0,0,0,0,0,0
1,110.895,11,3.0999713205880126,0.2633172696915575,0.5676410485066397,0.27066183164030233,0.31132826522711415,0.8985232673217262,0.7495590204262852,0.9596866239473167,0.74608963326481,21.5421,21.5421,194.582,0,1,0,0,0,0,0,0,0,0,0.0,0.0,0.0,0.0,0.0,0.0,0.0,0.0,0.0,0.0,87.78162,12.8477,186.0562,0.8162809361464884,0.7495590204262852,0.7742784743761605,0.0,0.0,0.0,0.0,0.0,0.0,0,0.0,0.0,0,0,0,0,0,0,0,0,0,0,0,0,0
1,111.914,11,1.2796118511694552,-1.7864175362301842,0.00033689159290241203,0.5673041569137373,0.3192624269690685,0.8835876382072794,0.7384762083995486,0.9549471173333988,0.7155062848692061,21.5421,21.8483,195.182,0,1,0,0,0,0,0,0,0,0,0.0,0.0,0.0,0.0,0.0,0.0,0.0,0.0,0.0,0.0,76.80785,12.8477,188.3549,0.6593304082314793,0.7384762083995486,0.7595813960181665,0.0,0.0,0.0,0.0,0.0,0.0,0,0.0,0.0,0,0,0,0,0,0,0,0,0,0,0,0,0
1,112.909,11,0.0,-1.2860420614768393,0.0,0.00033689159290241203,0.25477969475651707,0.8740282598393033,0.7484692490335684,0.9497653595400243,0.6758689716735773,21.5421,21.8492,195.188,0,1,0,0,0,0,0,0,0,0,0.0,0.0,0.0,0.0,0.0,0.0,0.0,0.0,0.0,0.0,62.319669999999995,12.8477,190.3772,0.5506372649836004,0.7484692490335684,0.7113240113510362,0.0,0.0,0.0,0.0,0.0,0.0,0,0.0,0.0,0,0,0,0,0,0,0,0,0,0,0,0,0
1,113.908,11,0.0,0.0,0.0,0.0,0.2553345609288459,0.8664481133537477,0.7509824558083353,0.9442165817834545,0.6342844674952408,21.5421,21.8493,195.181,0,1,0,0,0,0,0,0,0,0,0.0,0.0,0.0,0.0,0.0,0.0,0.0,0.0,0.0,0.0,47.9562,12.8477,191.9312,0.5474565160698679,0.7509824558083353,0.6058116170168898,0.0,0.0,0.0,0.0,0.0,0.0,0,0.0,0.0,0,0,0,0,0,0,0,0,0,0,0,0,0
1,114.901,11,2.3005785716357723,2.3167961446483103,0.4321860058169602,0.4321860058169602,0.27790989246850606,0.835001114984609,0.7502789526609921,0.9372354580750224,0.6056502280043705,3.03577,3.03577,195.086,0,1,1,0,0,0,1,0,0,0,0.0,0.0,0.0,0.0,0.0,0.1,0.1,0.0,0.0,0.0,32.594077,3.03577,192.8293,0.5229693829524551,0.7502789526609921,0.5845052328132093,0.0,0.0,0.0,0.0,0.0,0.0,0,0.0,0.0,0,0,0,0,0,0,0,0,0,0,0,0,0
1,115.896,11,3.066949113406623,0.7702216500209554,0.9331632276690945,0.5009772218521343,0.41369032746340884,0.7863680859856997,0.3594246355205412,0.9278547174383129,0.5545129597150684,3.03577,54.5124,194.764,0,1,0,0,0,0,0,0,0,0,0.0,0.0,0.0,0.0,0.0,0.1,0.1,0.0,0.0,0.0,36.760547,3.03577,193.3702,0.3682238773426234,0.3594246355205412,0.45424686032079065,0.0,0.0,0.0,0.0,0.0,0.0,0,0.0,0.0,0,0,0,0,0,0,0,0,0,0,0,0,0
1,116.908,11,3.1267419944366956,0.059083874535645,1.0833276792826558,0.1501644516135613,0.5079304797835191,0.7095952578640986,0.41060798384131225,0.9149921534110769,0.5144216341643529,3.03577,116.6,192.673,0,1,0,0,0,0,0,0,0,0,0.0,0.0,0.0,0.0,0.0,0.1,0.1,0.0,0.0,0.0,45.400397,3.03577,193.56850000000003,0.4015862082644368,0.41060798384131225,0.2961719141118579,0.0,0.0,0.0,0.0,0.0,0.0,0,0.0,0.0,0,0,0,0,0,0,0,0,0,0,0,0,0
1,117.898,11,4.284355741769654,1.169306815487837,2.5574267532489876,1.4740990739663318,0.9694578419209696,0.5768207821786233,0.7979991813203302,0.8954978352923494,0.5197020183121627,3.03577,29.1299,188.98,0,1,0,0,0,0,0,0,0,0,0.0,0.0,0.0,0.0,0.0,0.1,0.1,0.0,0.0,0.0,41.353357,3.03577,193.4276,0.5874358325604516,0.7979991813203302,0.4385044355309229,0.0,0.0,0.0,0.0,0.0,0.0,0,0.0,0.0,0,0,0,0,0,0,0,0,0,0,0,0,0
1,118.919,11,3.471320414968399,-0.7963127588650883,2.214635569484217,0.3427911837647706,0.9011665351410841,0.5443485390401125,0.9158350185750733,0.8744680159130324,0.5174505510817585,3.03577,159.544,190.278,0,1,0,0,0,0,0,0,0,0,0.0,0.0,0.0,0.0,0.0,0.1,0.1,0.0,0.0,0.0,50.345757,3.03577,193.3952,0.8085696392467794,0.9158350185750733,0.40322025314060983,0.0,0.0,0.0,0.0,0.0,0.0,0,0.0,0.0,0,0,0,0,0,0,0,0,0,0,0,0,0
1,119.911,11,6.946393222279482,3.503097588015205,0.10539955138258761,2.1092360181016296,0.9994031781450813,0.567366114748949,0.9296258008592306,0.8545570491529053,0.5210263202804114,29.1299,154.239,196.706,0,1,0,0,0,0,0,0,0,0,0.0,0.0,0.0,0.0,0.0,0.1,0.1,0.0,0.0,0.0,60.41499700000001,3.03577,193.862,0.7894116726984045,0.9296258008592306,0.584775683526233,0.0,0.0,0.0,0.0,0.0,0.0,0,0.0,0.0,0,0,0,0,0,0,0,0,0,0,0,0,0
1,120.911,12,6.676184781744577,-0.27020844053490567,0.04726911189459207,0.05813043948799554,1.163253069392972,0.5970707787053879,0.9575635657559467,0.8360158846496141,0.6062188006969972,29.1299,152.34,202.787,0,1,0,0,0,0,0,0,0,0,0.0,0.0,0.0,0.0,0.0,0.1,0.1,0.0,0.0,0.0,73.494787,3.03577,194.6825,0.7373744790371998,0.9575635657559467,0.5635225443110023,0.0,0.0,0.0,0.0,0.0,0.0,0,0.0,0.0,0,0,0,0,0,0,0,0,0,0,0,0,0
1,121.906,12,6.7869885602405695,0.11136058140300781,0.02079779615489813,0.02647131573969394,1.281324246581359,0.6322410975809294,0.9558339996773343,0.819185895745737,0.7024249826582263,29.1299,154.353,208.769,0,1,0,0,0,0,0,0,0,0,0.0,0.0,0.0,0.0,0.0,0.1,0.1,0.0,0.0,0.0,86.74525700000001,3.03577,196.0412,0.7394205694933993,0.9558339996773343,0.509439260193598,0.0,0.0,0.0,0.0,0.0,0.0,0,0.0,0.0,0,0,0,0,0,0,0,0,0,0,0,0,0
1,122.966,12,2.2660474781027937,-4.265038756733751,0.42518069422896476,0.40438289807406663,0.937583779589328,0.6380257747227595,0.9283494177418266,0.8025822517117562,0.7707053911415074,152.34,177.993,210.897,0,1,0,0,0,0,0,0,0,0,0.0,0.0,0.0,0.0,0.0,0.1,0.1,0.0,0.0,0.0,102.35963699999999,3.03577,197.6121,0.7819386389162958,0.9283494177418266,0.5498438608417144,0.0,0.0,0.0,0.0,0.0,0.0,0,0.0,0.0,0,0,0,0,0,0,0,0,0,0,0,0,0
1,123.911,12,4.2187274513124295,2.066328013978451,0.17906235944248977,0.246118334786475,0.16252039614740937,0.624552347430878,0.9131945888083275,0.7855705162270744,0.7614239746633638,152.34,170.575,214.58,0,1,0,0,0,0,0,0,0,0,0.0,0.0,0.0,0.0,0.0,0.1,0.1,0.0,0.0,0.0,117.23220699999999,3.03577,199.552,0.7998448748605448,0.9131945888083275,0.5744556943203619,0.0,0.0,0.0,0.0,0.0,0.0,0,0.0,0.0,0,0,0,0,0,0,0,0,0,0,0,0,0
1,124.916,12,6.221078228203996,1.9923888327279267,0.5243241288578813,0.3452617694153915,0.2258528455288048,0.6466427064536866,0.9095303371263777,0.7692985161221323,0.7562182699693936,141.218,141.218,220.462,0,1,0,0,0,0,0,0,0,0,0.0,0.0,0.0,0.0,0.0,0.0,0.0,0.0,0.0,0.0,131.05043,29.1299,202.0896,0.8090586871646369,0.9095303371263777,0.565763270680205,0.0,0.0,0.0,0.0,0.0,0.0,0,0.0,0.0,0,0,0,0,0,0,0,0,0,0,0,0,0
1,125.912,12,6.763756564100892,0.5448577669647555,0.02895693306777256,0.4953671957901087,0.22985881001786876,0.7036207554706084,0.9402485968455668,0.756063366123751,0.7378351182248396,140.504,140.504,226.053,0,1,0,0,0,0,0,0,0,0,0.0,0.0,0.0,0.0,0.0,0.0,0.0,0.0,0.0,0.0,139.64959,29.1299,205.2185,0.7186380577045046,0.9402485968455668,0.5652022680740025,0.0,0.0,0.0,0.0,0.0,0.0,0,0.0,0.0,0,0,0,0,0,0,0,0,0,0,0,0,0
1,126.942,12,6.50018939811253,-0.25589045241588526,0.004221637440315389,0.02473529562745717,0.23381800116328835,0.7348501189261896,0.955542436486135,0.7444607001451223,0.7104238703628165,140.504,141.293,231.289,0,1,0,0,0,0,0,0,0,0,0.0,0.0,0.0,0.0,0.0,0.0,0.0,0.0,0.0,0.0,142.11889000000002,29.1299,209.0801,0.6107274535202707,0.955542436486135,0.5526593524753921,0.0,0.0,0.0,0.0,0.0,0.0,0,0.0,0.0,0,0,0,0,0,0,0,0,0,0,0,0,0
1,127.939,12,6.698716823183701,0.19912479946957934,0.07885244941242743,0.07463081197211205,0.21276278639764717,0.8115329313481172,0.6746580969316799,0.7383537789208877,0.6347543648104843,140.504,146.788,236.589,0,1,0,0,0,0,0,0,0,0,0.0,0.0,0.0,0.0,0.0,0.0,0.0,0.0,0.0,0.0,153.8847,140.504,213.84099999999998,0.36287002313661454,0.6746580969316799,0.41271252627597005,0.0,0.0,0.0,0.0,0.0,0.0,0,0.0,0.0,0,0,0,0,0,0,0,0,0,0,0,0,0
1,128.925,12,6.612488507242175,-0.08745265308471155,0.2444323888560327,0.16557993944360527,0.21597435178032504,0.835383750603789,0.18052199222054965,0.7337876064396135,0.5662351464744083,140.504,161.22,242.323,0,1,0,0,0,0,0,0,0,0,0.0,0.0,0.0,0.0,0.0,0.0,0.0,0.0,0.0,0.0,154.0523,140.504,219.0455,0.16584970507379612,0.18052199222054965,0.3949914018438535,0.0,0.0,0.0,0.0,0.0,0.0,0,0.0,0.0,0,0,0,0,0,0,0,0,0,0,0,0,0
1,129.929,12,3.8818527360263926,-2.7197567442388273,0.06970029801412297,0.17473209084190972,0.09401629944020228,0.8311817985439328,0.18219548439489536,0.7298594616655214,0.47569645860392046,140.504,165.23,246.32,0,1,0,0,0,0,0,0,0,0,0.0,0.0,0.0,0.0,0.0,0.0,0.0,0.0,0.0,0.0,155.1514,140.504,224.0069,0.16227977973694965,0.18219548439489536,0.20154100911788153,0.0,0.0,0.0,0.0,0.0,0.0,0,0.0,0.0,0,0,0,0,0,0,0,0,0,0,0,0,0
1,130.93,13,3.725934705351815,-0.1557622684061716,0.00010966191229724748,0.06959063610182573,0.09908178097751418,0.8304117687025784,0.18607228070787385,0.726453886734564,0.3692793297623747,141.293,165.439,249.866,0,1,0,0,0,0,0,0,0,0,0.0,0.0,0.0,0.0,0.0,0.0,0.0,0.0,0.0,0.0,156.4613,140.504,228.71480000000003,0.15756383473872018,0.18607228070787385,0.20268702877926453,0.0,0.0,0.0,0.0,0.0,0.0,0,0.0,0.0,0,0,0,0,0,0,0,0,0,0,0,0,0
1,131.923,13,0.6761758644916273,-3.071257644370783,0.0,0.00010966191229724748,0.09989787409602803,0.8294792530899121,0.1878782704914238,0.7237484674786956,0.2511366925138416,146.788,165.476,250.496,0,1,0,0,0,0,0,0,0,0,0.0,0.0,0.0,0.0,0.0,0.0,0.0,0.0,0.0,0.0,157.5736,140.504,232.8875,0.15548405512323035,0.1878782704914238,0.20005086339652492,0.0,0.0,0.0,0.0,0.0,0.0,0,0.0,0.0,0,0,0,0,0,0,0,0,0,0,0,0,0
1,132.92,13,0.0,-0.678210495979566,0.0,0.0,0.10589580437533425,0.8294792530899121,0.16701475406674224,0.7215210171412261,0.16796789499244222,161.22,165.476,250.494,0,1,0,0,0,0,0,0,0,0,0.0,0.0,0.0,0.0,0.0,0.0,0.0,0.0,0.0,0.0,156.3219,140.504,236.84720000000002,0.11296598570033387,0.16701475406674224,0.15961257358911823,0.0,0.0,0.0,0.0,0.0,0.0,0,0.0,0.0,0,0,0,0,0,0,0,0,0,0,0,0,0
1,133.929,13,0.0,0.0,0.0,0.0,0.031158696490732656,0.8294792530899121,0.16873108227467343,0.7196725741280343,0.15483172502677456,165.23,165.475,250.485,0,1,0,0,0,0,0,0,0,0,0.0,0.0,0.0,0.0,0.0,0.0,0.0,0.0,0.0,0.0,155.81189999999998,140.504,240.4377,0.09505974975608492,0.16873108227467343,0.13500074011047072,0.0,0.0,0.0,0.0,0.0,0.0,0,0.0,0.0,0,0,0,0,0,0,0,0,0,0,0,0,0
1,134.918,13,0.0,0.0,0.0,0.0,4.904229683400163e-05,0.8349393070420832,0.07710632830205902,0.7196694837309079,0.13225134470357747,165.439,165.475,250.49,0,1,0,0,0,0,0,0,0,0,0.0,0.0,0.0,0.0,0.0,0.0,0.0,0.0,0.0,0.0,158.2376,140.504,243.4405,0.04262733687029678,0.07710632830205902,0.10047456316893158,0.0,0.0,0.0,0.0,0.0,0.0,0,0.0,0.0,0,0,0,0,0,0,0,0,0,0,0,0,0
1,135.927,13,0.0,0.0,0.0,0.0,0.0,0.8453681470624245,0.07821255390088153,0.7226194867847442,0.1092654637017906,165.475,165.475,250.482,0,1,0,0,0,0,0,0,0,0,0.0,0.0,0.0,0.0,0.0,0.0,0.0,0.0,0.0,0.0,160.7347,141.293,245.8834,0.03973164356351953,0.07821255390088153,0.05093784358992072,0.0,0.0,0.0,0.0,0.0,0.0,0,0.0,0.0,0,0,0,0,0,0,0,0,0,0,0,0,0
1,136.931,13,0.0,0.0,0.0,0.0,0.0,0.8850582304717075,0.07843659366534751,0.7313926354151247,0.08588366358546176,165.475,165.476,250.489,0,1,0,0,0,0,0,0,0,0,0.0,0.0,0.0,0.0,0.0,0.0,0.0,0.0,0.0,0.0,163.15300000000002,146.788,247.8034,0.03930947981948799,0.07843659366534751,0.048464314027175,0.0,0.0,0.0,0.0,0.0,0.0,0,0.0,0.0,0,0,0,0,0,0,0,0,0,0,0,0,0
1,137.946,13,0.0,0.0,0.0,0.0,0.0,0.9641841581895317,0.07798184326710794,0.75076080421567,0.06460738494569704,165.475,165.475,250.483,0,1,0,0,0,0,0,0,0,0,0.0,0.0,0.0,0.0,0.0,0.0,0.0,0.0,0.0,0.0,165.0217,161.22,249.19279999999998,0.03142423487824524,0.07798184326710794,0.0410012328299638,0.0,0.0,0.0,0.0,0.0,0.0,0,0.0,0.0,0,0,0,0,0,0,0,0,0,0,0,0,0
1,138.936,13,0.0,0.0,0.0,0.0,0.0,0.9738273614154991,0.022037343352927893,0.7722347453344394,0.04300994976766454,165.475,165.475,250.492,0,1,0,0,0,0,0,0,0,0,0.0,0.0,0.0,0.0,0.0,0.0,0.0,0.0,0.0,0.0,165.4472,165.23,250.00969999999998,0.0069809959926419776,0.022037343352927893,0.02444323888560327,0.0,0.0,0.0,0.0,0.0,0.0,0,0.0,0.0,0,0,0,0,0,0,0,0,0,0,0,0,0
1,139.94,13,0.0,0.0,0.0,0.0,0.0,0.9726673559730645,3.467813148910232e-05,0.7924998073956451,0.03360831982364431,165.475,165.476,250.497,0,1,0,0,0,0,0,0,0,0,0.0,0.0,0.0,0.0,0.0,0.0,0.0,0.0,0.0,0.0,165.4718,165.439,250.42740000000003,1.0966191229680338e-05,3.467813148910232e-05,0.006970029801412298,0.0,0.0,0.0,0.0,0.0,0.0,0,0.0,0.0,0,0,0,0,0,0,0,0,0,0,0,0,0
1,140.935,14,0.0,0.0,0.0,0.0,0.0,0.9697902711474592,0.0,0.8111357820177487,0.023700141725892892,165.475,165.475,250.484,0,1,0,0,0,0,0,0,0,0,0.0,0.0,0.0,0.0,0.0,0.0,0.0,0.0,0.0,0.0,165.47539999999998,165.475,250.48919999999998,0.0,0.0,1.0966191229724748e-05,0.0,0.0,0.0,0.0,0.0,0.0,0,0.0,0.0,0,0,0,0,0,0,0,0,0,0,0,0,0
1,141.93,14,0.0,0.0,0.0,0.0,0.0,0.9661518578986115,0.0,0.8278313200336328,0.01371035431629009,165.475,165.475,250.492,0,1,0,0,0,0,0,0,0,0,0.0,0.0,0.0,0.0,0.0,0.0,0.0,0.0,0.0,0.0,165.4753,165.475,250.48880000000003,0.0,0.0,0.0,0.0,0.0,0.0,0.0,0.0,0.0,0,0.0,0.0,0,0,0,0,0,0,0,0,0,0,0,0,0
1,142.935,14,0.0,0.0,0.0,0.0,0.0,0.9674046984998147,0.0,0.8443002662224857,0.003120773878756666,165.475,165.475,250.483,0,1,0,0,0,0,0,0,0,0,0.0,0.0,0.0,0.0,0.0,0.0,0.0,0.0,0.0,0.0,165.4752,165.475,250.4877,0.0,0.0,0.0,0.0,0.0,0.0,0.0,0.0,0.0,0,0.0,0.0,0,0,0,0,0,0,0,0,0,0,0,0,0
1,143.938,14,0.0,0.0,0.0,0.0,0.0,0.9799320442928918,0.0,0.8620692510655863,4.904229683400163e-06,165.475,165.476,250.487,0,1,0,0,0,0,0,0,0,0,0.0,0.0,0.0,0.0,0.0,0.0,0.0,0.0,0.0,0.0,165.4753,165.475,250.4879,0.0,0.0,0.0,0.0,0.0,0.0,0.0,0.0,0.0,0,0.0,0.0,0,0,0,0,0,0,0,0,0,0,0,0,0
1,144.934,14,0.0,0.0,0.0,0.0,0.0,0.9805410267328482,0.0,0.8787641670795443,0.0,165.475,165.476,250.485,0,1,0,0,0,0,0,0,0,0,0.0,0.0,0.0,0.0,0.0,0.0,0.0,0.0,0.0,0.0,165.47539999999998,165.475,250.48740000000004,0.0,0.0,0.0,0.0,0.0,0.0,0.0,0.0,0.0,0,0.0,0.0,0,0,0,0,0,0,0,0,0,0,0,0,0
1,145.935,14,0.0,0.0,0.0,0.0,0.0,0.976993255295333,0.0,0.8924327920707806,0.0,165.475,165.475,250.488,0,1,0,0,0,0,0,0,0,0,0.0,0.0,0.0,0.0,0.0,0.0,0.0,0.0,0.0,0.0,165.47539999999998,165.475,250.488,0.0,0.0,0.0,0.0,0.0,0.0,0.0,0.0,0.0,0,0.0,0.0,0,0,0,0,0,0,0,0,0,0,0,0,0
1,146.937,14,0.0,0.0,0.0,0.0,0.0,0.9769793643475427,0.0,0.9045392543418483,0.0,165.475,165.476,250.499,0,1,0,0,0,0,0,0,0,0,0.0,0.0,0.0,0.0,0.0,0.0,0.0,0.0,0.0,0.0,165.47539999999998,165.475,250.48900000000003,0.0,0.0,0.0,0.0,0.0,0.0,0.0,0.0,0.0,0,0.0,0.0,0,0,0,0,0,0,0,0,0,0,0,0,0
1,148.435,14,431.380685625643,287.9710851973585,0.0,0.0,0.0,0.9619613048624709,0.0,0.9120606730175659,0.0,60.1332,60.1332,446.183,0,1,0,0,0,0,0,0,0,0,0.0,0.0,0.0,0.0,0.0,0.0,0.0,0.0,0.0,0.0,154.94122,60.1332,270.059,0.0,0.0,0.0,0.0,0.0,0.0,0.0,0.0,0.0,0,0.0,0.0,0,0,0,0,0,0,0,0,0,0,0,0,0
1,149.181,14,0.0,-578.2582917233821,0.0,0.0,0.0,0.9769481369032771,0.0,0.9191388923325403,0.0,60.1332,60.1342,446.179,0,1,0,0,0,0,0,0,0,0,0.0,0.0,0.0,0.0,0.0,0.0,0.0,0.0,0.0,0.0,144.40714,60.1332,289.62769999999995,0.0,0.0,0.0,0.0,0.0,0.0,0.0,0.0,0.0,0,0.0,0.0,0,0,0,0,0,0,0,0,0,0,0,0,0
1,150.179,15,0.0,0.0,0.0,0.0,0.0,0.9878337721227967,0.0,0.9269714910114836,0.0,60.1332,60.1334,446.186,0,1,0,0,0,0,0,0,0,0,0.0,0.0,0.0,0.0,0.0,0.0,0.0,0.0,0.0,0.0,133.87287999999998,60.1332,309.1966,0.0,0.0,0.0,0.0,0.0,0.0,0.0,0.0,0.0,0,0.0,0.0,0,0,0,0,0,0,0,0,0,0,0,0,0
1,151.188,15,0.0,0.0,0.0,0.0,0.0,0.9976853444955416,0.0,0.9353351698011316,0.0,60.1332,60.1337,446.186,0,1,0,0,0,0,0,0,0,0,0.0,0.0,0.0,0.0,0.0,0.0,0.0,0.0,0.0,0.0,123.33875,60.1332,328.7668,0.0,0.0,0.0,0.0,0.0,0.0,0.0,0.0,0.0,0,0.0,0.0,0,0,0,0,0,0,0,0,0,0,0,0,0
1,152.183,15,1.217740467491455,1.2238597663230704,0.6703751357130868,0.6703751357130868,0.29980087477602185,0.9957049484813807,0.211991231559784,0.9436464545707052,0.029980087477602186,22.0084,22.0084,445.084,0,1,0,0,0,0,0,0,0,0,0.0,0.0,0.0,0.0,0.0,0.0,0.0,0.0,0.0,0.0,108.99208999999999,22.0084,348.226,0.06703751357130863,0.211991231559784,0.06703751357130869,0.0,0.0,0.0,0.0,0.0,0.0,0,0.0,0.0,0,0,0,0,0,0,0,0,0,0,0,0,0
1,153.184,15,0.0,-1.2165239435479072,0.0,0.6703751357130868,0.29980087477602185,0.9957049484813807,0.211991231559784,0.9519577393402786,0.05996017495520437,22.0073,22.0073,445.081,0,1,0,0,0,0,0,0,0,0,0.0,0.0,0.0,0.0,0.0,0.0,0.0,0.0,0.0,0.0,94.64532,22.0073,367.68580000000003,0.06703751357130863,0.211991231559784,0.13407502714261738,0.0,0.0,0.0,0.0,0.0,0.0,0,0.0,0.0,0,0,0,0,0,0,0,0,0,0,0,0,0
1,154.195,15,0.0,0.0,0.0,0.0,0.29980087477602185,0.9957049484813807,0.211991231559784,0.9602690241098519,0.08994026243280655,22.0073,22.0095,445.076,0,1,0,0,0,0,0,0,0,0,0.0,0.0,0.0,0.0,0.0,0.0,0.0,0.0,0.0,0.0,80.29866999999999,22.0073,387.1447,0.06703751357130863,0.211991231559784,0.13407502714261738,0.0,0.0,0.0,0.0,0.0,0.0,0,0.0,0.0,0,0,0,0,0,0,0,0,0,0,0,0,0
1,155.188,15,1.6471587364865192,1.6587701273781663,0.028704156541489566,0.028704156541489566,0.29685197481794945,0.9909580081138103,0.2111754314148368,0.9680699591634383,0.1196254599146015,20.5196,20.5196,443.903,0,1,0,0,0,0,0,0,0,0,0.0,0.0,0.0,0.0,0.0,0.0,0.0,0.0,0.0,0.0,65.80303,20.5196,406.4865,0.0699079292254576,0.2111754314148368,0.13694544279676632,0.0,0.0,0.0,0.0,0.0,0.0,0,0.0,0.0,0,0,0,0,0,0,0,0,0,0,0,0,0
1,156.19,15,0.0,-1.6438709944975243,0.0,0.028704156541489566,0.29685197481794945,0.9909580081138103,0.2111754314148368,0.9753494522160076,0.14931065739639643,20.5196,20.5204,443.901,0,1,0,0,0,0,0,0,0,0,0.0,0.0,0.0,0.0,0.0,0.0,0.0,0.0,0.0,0.0,51.30757,20.5196,425.8278,0.0699079292254576,0.2111754314148368,0.1398158584509153,0.0,0.0,0.0,0.0,0.0,0.0,0,0.0,0.0,0,0,0,0,0,0,0,0,0,0,0,0,0
1,157.194,15,0.0,0.0,0.0,0.0,0.012836889052713168,0.9909580081138103,0.2111754314148368,0.9806444410981128,0.15059434630166776,20.5196,20.5197,443.906,0,1,0,0,0,0,0,0,0,0,0.0,0.0,0.0,0.0,0.0,0.0,0.0,0.0,0.0,0.0,36.81194,20.5196,445.16849999999994,0.0699079292254576,0.2111754314148368,0.1398158584509153,0.0,0.0,0.0,0.0,0.0,0.0,0,0.0,0.0,0,0,0,0,0,0,0,0,0,0,0,0,0
1,158.184,15,0.0,0.0,0.0,0.0,0.012836889052713168,0.9909580081138103,0.2111754314148368,0.9819831335943267,0.15187803520693907,20.5196,20.5198,443.907,0,1,0,0,0,0,0,0,0,0,0.0,0.0,0.0,0.0,0.0,0.0,0.0,0.0,0.0,0.0,32.8506,20.5196,444.94089999999994,0.0699079292254576,0.2111754314148368,0.1398158584509153,0.0,0.0,0.0,0.0,0.0,0.0,0,0.0,0.0,0,0,0,0,0,0,0,0,0,0,0,0,0
1,159.187,15,0.0,0.0,0.0,0.0,0.012836889052713168,0.9909580081138103,0.2111754314148368,0.9828396659292423,0.1531617241122104,20.5196,20.5208,443.905,0,1,0,0,0,0,0,0,0,0,0.0,0.0,0.0,0.0,0.0,0.0,0.0,0.0,0.0,0.0,28.88926,20.5196,444.7135,0.0699079292254576,0.2111754314148368,0.1398158584509153,0.0,0.0,0.0,0.0,0.0,0.0,0,0.0,0.0,0,0,0,0,0,0,0,0,0,0,0,0,0
1,160.191,16,0.0,0.0,0.0,0.0,0.0,0.9909580081138103,0.2111754314148368,0.9837541985362795,0.1531617241122104,20.5192,20.5192,443.904,0,1,0,0,0,0,0,0,0,0,0.0,0.0,0.0,0.0,0.0,0.0,0.0,0.0,0.0,0.0,24.92784,20.5192,444.4853,0.0699079292254576,0.2111754314148368,0.1398158584509153,0.0,0.0,0.0,0.0,0.0,0.0,0,0.0,0.0,0,0,0,0,0,0,0,0,0,0,0,0,0
1,161.195,16,0.0,0.0,0.0,0.0,0.0,0.9909580081138103,0.2111754314148368,0.9848125853845972,0.1531617241122104,20.5192,20.5217,443.898,0,1,0,0,0,0,0,0,0,0,0.0,0.0,0.0,0.0,0.0,0.0,0.0,0.0,0.0,0.0,20.96664,20.5192,444.25649999999996,0.0699079292254576,0.2111754314148368,0.1398158584509153,0.0,0.0,0.0,0.0,0.0,0.0,0,0.0,0.0,0,0,0,0,0,0,0,0,0,0,0,0,0
1,162.191,16,0.0,0.0,0.0,0.0,0.0,0.9909580081138103,0.009077051298512962,0.986052892895357,0.12318163663460821,20.5192,20.5198,443.902,0,1,0,0,0,0,0,0,0,0,0.0,0.0,0.0,0.0,0.0,0.0,0.0,0.0,0.0,0.0,20.81778,20.5192,444.13829999999996,0.0028704156541489124,0.009077051298512962,0.07277834487960659,0.0,0.0,0.0,0.0,0.0,0.0,0,0.0,0.0,0,0,0,0,0,0,0,0,0,0,0,0,0
1,163.197,16,0.0,0.0,0.0,0.0,0.0,0.9909580081138103,0.009077051298512962,0.9872305583760568,0.09320154915700603,20.5192,20.5203,443.901,0,1,0,0,0,0,0,0,0,0,0.0,0.0,0.0,0.0,0.0,0.0,0.0,0.0,0.0,0.0,20.66908,20.5192,444.02029999999996,0.0028704156541489124,0.009077051298512962,0.005740831308297913,0.0,0.0,0.0,0.0,0.0,0.0,0,0.0,0.0,0,0,0,0,0,0,0,0,0,0,0,0,0
1,164.195,16,0.0,0.0,0.0,0.0,0.0,0.9909580081138103,0.009077051298512962,0.9877818565671028,0.06322146167940383,20.5192,20.5199,443.905,0,1,0,0,0,0,0,0,0,0,0.0,0.0,0.0,0.0,0.0,0.0,0.0,0.0,0.0,0.0,20.52012,20.5192,443.9032,0.0028704156541489124,0.009077051298512962,0.005740831308297913,0.0,0.0,0.0,0.0,0.0,0.0,0,0.0,0.0,0,0,0,0,0,0,0,0,0,0,0,0,0
1,165.196,16,0.0,0.0,0.0,0.0,0.0,0.9909580081138103,0.0,0.988302705636151,0.0335362641976089,20.5197,20.5197,443.908,0,1,0,0,0,0,0,0,0,0,0.0,0.0,0.0,0.0,0.0,0.0,0.0,0.0,0.0,0.0,20.52013,20.5192,443.9037,0.0,0.0,0.0028704156541489566,0.0,0.0,0.0,0.0,0.0,0.0,0,0.0,0.0,0,0,0,0,0,0,0,0,0,0,0,0,0
1,166.193,16,0.0,0.0,0.0,0.0,0.0,0.9909580081138103,0.0,0.9890009432770747,0.00385106671581395,20.5197,20.521,443.904,0,1,0,0,0,0,0,0,0,0,0.0,0.0,0.0,0.0,0.0,0.0,0.0,0.0,0.0,0.0,20.52019,20.5192,443.904,0.0,0.0,0.0,0.0,0.0,0.0,0.0,0.0,0.0,0,0.0,0.0,0,0,0,0,0,0,0,0,0,0,0,0,0
1,167.194,16,0.0,0.0,0.0,0.0,0.0,0.9909580081138103,0.0,0.9896998754653881,0.0025673778105426335,20.5189,20.5189,443.904,0,1,0,0,0,0,0,0,0,0,0.0,0.0,0.0,0.0,0.0,0.0,0.0,0.0,0.0,0.0,20.52011,20.5189,443.90379999999993,0.0,0.0,0.0,0.0,0.0,0.0,0.0,0.0,0.0,0,0.0,0.0,0,0,0,0,0,0,0,0,0,0,0,0,0
1,168.191,16,0.0,0.0,0.0,0.0,0.0,0.9840215085905619,0.0,0.9908028856517926,0.0012836889052713167,20.5189,20.5216,443.897,0,1,0,0,0,0,0,0,0,0,0.0,0.0,0.0,0.0,0.0,0.0,0.0,0.0,0.0,0.0,20.52029,20.5189,443.9028,0.0,0.0,0.0,0.0,0.0,0.0,0.0,0.0,0.0,0,0.0,0.0,0,0,0,0,0,0,0,0,0,0,0,0,0
1,169.201,16,0.40866149228034526,0.404615338891431,0.009021983446966263,0.009021983446966263,0.004034753655858887,0.9787065447348948,0.0028530016704750322,0.9908908060433734,0.00040347536558588864,20.5189,21.0584,443.532,0,1,0,0,0,0,0,0,0,0,0.0,0.0,0.0,0.0,0.0,0.0,0.0,0.0,0.0,0.0,20.57405,20.5189,443.8655,0.0009021983446965819,0.0028530016704750322,0.0009021983446966264,0.0,0.0,0.0,0.0,0.0,0.0,0,0.0,0.0,0,0,0,0,0,0,0,0,0,0,0,0,0
1,170.2,17,0.0,-0.40907056284318843,0.0,0.009021983446966263,0.004034753655858887,0.9787065447348948,0.0028530016704750322,0.9904344446739785,0.0008069507311717773,20.5189,21.0584,443.532,0,1,0,0,0,0,0,0,0,0,0.0,0.0,0.0,0.0,0.0,0.0,0.0,0.0,0.0,0.0,20.627969999999998,20.5189,443.82829999999996,0.0009021983446965819,0.0028530016704750322,0.0018043966893932528,0.0,0.0,0.0,0.0,0.0,0.0,0,0.0,0.0,0,0,0,0,0,0,0,0,0,0,0,0,0
1,171.204,17,0.0,0.0,0.0,0.0,0.004034753655858887,0.9787065447348948,0.0028530016704750322,0.9894855046859462,0.001210426096757666,20.5189,21.0583,443.533,0,1,0,0,0,0,0,0,0,0,0.0,0.0,0.0,0.0,0.0,0.0,0.0,0.0,0.0,0.0,20.68163,20.5189,443.79179999999997,0.0009021983446965819,0.0028530016704750322,0.0018043966893932528,0.0,0.0,0.0,0.0,0.0,0.0,0,0.0,0.0,0,0,0,0,0,0,0,0,0,0,0,0,0
1,172.196,17,0.0,0.0,0.0,0.0,0.004034753655858887,0.9763828929682857,0.0028530016704750322,0.9885194019102913,0.0016139014623435546,20.5216,21.0579,443.536,0,1,0,0,0,0,0,0,0,0,0.0,0.0,0.0,0.0,0.0,0.0,0.0,0.0,0.0,0.0,20.73544,20.5189,443.75519999999995,0.0009021983446965819,0.0028530016704750322,0.0018043966893932528,0.0,0.0,0.0,0.0,0.0,0.0,0,0.0,0.0,0,0,0,0,0,0,0,0,0,0,0,0,0
1,173.2,17,0.44650073565142395,0.4447218482583904,0.10123869235520526,0.10123869235520526,0.04443868160015246,0.9778294717642723,0.03182404288911499,0.9876256280744359,0.006057769622358801,21.0579,26.9012,443.143,0,1,0,0,0,0,0,0,0,0,0.0,0.0,0.0,0.0,0.0,0.0,0.0,0.0,0.0,0.0,21.37353,20.5189,443.6794,0.011026067580217108,0.03182404288911499,0.011928265924913778,0.0,0.0,0.0,0.0,0.0,0.0,0,0.0,0.0,0,0,0,0,0,0,0,0,0,0,0,0,0
1,174.198,17,0.0,-0.4473955267048336,0.0,0.10123869235520526,0.04527531961188545,0.9778294717642723,0.03182404288911499,0.9867318542385805,0.010585301583547346,21.0579,26.8996,443.144,0,1,0,0,0,0,0,0,0,0,0.0,0.0,0.0,0.0,0.0,0.0,0.0,0.0,0.0,0.0,22.0115,20.5189,443.60330000000005,0.011026067580217108,0.03182404288911499,0.022052135160434305,0.0,0.0,0.0,0.0,0.0,0.0,0,0.0,0.0,0,0,0,0,0,0,0,0,0,0,0,0,0
1,175.2,17,0.0,0.0,0.0,0.0,0.04527531961188545,0.9922947703002432,0.03182404288911499,0.9867986923479022,0.015112833544735893,21.0579,26.9016,443.136,0,1,0,0,0,0,0,0,0,0,0.0,0.0,0.0,0.0,0.0,0.0,0.0,0.0,0.0,0.0,22.64969,20.5189,443.52609999999993,0.011026067580217108,0.03182404288911499,0.022052135160434305,0.0,0.0,0.0,0.0,0.0,0.0,0,0.0,0.0,0,0,0,0,0,0,0,0,0,0,0,0,0
1,176.204,17,0.0,0.0,0.0,0.0,0.04527531961188545,0.9922947703002432,0.03182404288911499,0.9868655304572238,0.019640365505924438,21.0579,26.9012,443.139,0,1,0,0,0,0,0,0,0,0,0.0,0.0,0.0,0.0,0.0,0.0,0.0,0.0,0.0,0.0,23.287709999999997,20.5189,443.44960000000003,0.011026067580217108,0.03182404288911499,0.022052135160434305,0.0,0.0,0.0,0.0,0.0,0.0,0,0.0,0.0,0,0,0,0,0,0,0,0,0,0,0,0,0
1,177.204,17,0.0,0.0,0.0,0.0,0.04527531961188545,0.9922947703002432,0.03182404288911499,0.9869323685665454,0.02416789746711298,26.8996,26.9002,443.143,0,1,0,0,0,0,0,0,0,0,0.0,0.0,0.0,0.0,0.0,0.0,0.0,0.0,0.0,0.0,23.92584,20.5216,443.3735,0.011026067580217108,0.03182404288911499,0.022052135160434305,0.0,0.0,0.0,0.0,0.0,0.0,0,0.0,0.0,0,0,0,0,0,0,0,0,0,0,0,0,0
1,178.206,17,0.0,0.0,0.0,0.0,0.0,0.9922947703002432,0.03182404288911499,0.9869992066758672,0.02416789746711298,26.8996,26.9007,443.141,0,1,0,0,0,0,0,0,0,0,0.0,0.0,0.0,0.0,0.0,0.0,0.0,0.0,0.0,0.0,24.563750000000002,21.0579,443.2979,0.011026067580217108,0.03182404288911499,0.022052135160434305,0.0,0.0,0.0,0.0,0.0,0.0,0,0.0,0.0,0,0,0,0,0,0,0,0,0,0,0,0,0
1,179.211,17,0.0,0.0,0.0,0.0,0.0,0.9922947703002432,0.03201448551795249,0.9870660447851887,0.023764422101527093,26.8999,26.8999,443.146,0,1,0,0,0,0,0,0,0,0,0.0,0.0,0.0,0.0,0.0,0.0,0.0,0.0,0.0,0.0,25.1479,21.0579,443.2593,0.010123869235520482,0.03201448551795249,0.02114993681573768,0.0,0.0,0.0,0.0,0.0,0.0,0,0.0,0.0,0,0,0,0,0,0,0,0,0,0,0,0,0
1,180.216,18,1.9187464865126875,1.9092004840922265,0.08754049542247853,0.08754049542247853,0.039149299709734235,0.9941599320305117,0.03992889930141754,0.9872261409810237,0.027275876706914632,21.9844,21.9844,441.447,0,1,0,0,0,0,0,0,0,0,0.0,0.0,0.0,0.0,0.0,0.0,0.0,0.0,0.0,0.0,25.2405,21.0579,443.0508,0.018877918777768336,0.03992889930141754,0.029001788013288905,0.0,0.0,0.0,0.0,0.0,0.0,0,0.0,0.0,0,0,0,0,0,0,0,0,0,0,0,0,0
1,181.207,18,0.0,-1.9361720348261227,0.0,0.08754049542247853,0.039149299709734235,0.9941599320305117,0.03992889930141754,0.987386237176859,0.030787331312302168,21.9834,21.9834,441.447,0,1,0,0,0,0,0,0,0,0,0.0,0.0,0.0,0.0,0.0,0.0,0.0,0.0,0.0,0.0,25.333009999999998,21.0579,442.84220000000005,0.018877918777768336,0.03992889930141754,0.037755837555536756,0.0,0.0,0.0,0.0,0.0,0.0,0,0.0,0.0,0,0,0,0,0,0,0,0,0,0,0,0,0
1,182.213,18,0.6103865387567573,0.6067460623824625,0.12525610516662353,0.12525610516662353,0.059782839460562745,0.7840142378391164,0.05135917804882205,0.9770390486631243,0.03636213989277255,14.7015,14.7015,441.267,0,1,0,0,0,0,0,0,0,0,0.0,0.0,0.0,0.0,0.0,0.0,0.0,0.0,0.0,0.0,24.69737,14.7015,442.61530000000005,0.03140352929443069,0.05135917804882205,0.05028144807219911,0.0,0.0,0.0,0.0,0.0,0.0,0,0.0,0.0,0,0,0,0,0,0,0,0,0,0,0,0,0
1,183.215,18,3.7248109531353055,3.1082079983817845,0.05786385036330156,0.06739225480332198,0.05488451388424628,0.7115506454214197,0.046397973409066456,0.9630686805285047,0.03740672312118193,10.9835,10.9835,439.547,0,1,0,0,0,0,0,0,0,0,0.0,0.0,0.0,0.0,0.0,0.0,0.0,0.0,0.0,0.0,23.1056,10.9835,442.2557,0.027066045095240316,0.046397973409066456,0.046896804317010786,0.0,0.0,0.0,0.0,0.0,0.0,0,0.0,0.0,0,0,0,0,0,0,0,0,0,0,0,0,0
1,184.215,18,3.9166823971312525,0.19187144399594702,0.04288070268741004,0.014983147675891519,0.04711103654400101,0.7730474229239894,0.045593133693060166,0.9521731512690137,0.03759029481439348,8.59437,8.59437,435.683,0,1,0,0,0,0,0,0,0,0,0.0,0.0,0.0,0.0,0.0,0.0,0.0,0.0,0.0,0.0,21.275077,8.59437,441.5096,0.03135411536398132,0.045593133693060166,0.03827124984907941,0.0,0.0,0.0,0.0,0.0,0.0,0,0.0,0.0,0,0,0,0,0,0,0,0,0,0,0,0,0
1,185.222,18,3.8053463956565814,-0.11056206700563175,0.012403527021417098,0.03047717566599294,0.049149283051854446,0.8117953012991797,0.044807320904306724,0.9432150159282819,0.037977691158390385,7.56123,7.56123,432.849,0,1,0,0,0,0,0,0,0,0,0.0,0.0,0.0,0.0,0.0,0.0,0.0,0.0,0.0,0.0,19.34104,7.56123,440.4809,0.032594468066123025,0.044807320904306724,0.041318967415678705,0.0,0.0,0.0,0.0,0.0,0.0,0,0.0,0.0,0,0,0,0,0,0,0,0,0,0,0,0,0
1,186.215,18,6.637824647398579,2.852445369327289,0.1484591078827152,0.13605558086129813,0.057309214805060515,0.8690063700109486,0.056003441163691645,0.9371174340231392,0.03918108067770789,2.01713,2.01713,426.929,0,1,1,0,0,0,1,0,1,0,0.0,0.0,0.0,0.0,0.0,0.1,0.1,0.0,0.0,0.0,16.852633,2.01713,438.85990000000004,0.047440378854394546,0.056003441163691645,0.05492452550180852,0.0,0.0,0.1,0.0,0.0,0.0,0,0.0,0.0,0,0,0,0,0,0,0,0,0,0,0,0,0
1,187.22,18,6.61638242719129,-0.02133554249481518,0.014904838360439373,0.13355426952227584,0.055478167113039496,0.8996623815198679,0.05478566847097664,0.932552652693442,0.040201365427823293,1.73122,1.73122,420.696,0,1,1,0,0,0,1,0,1,0,0.0,1.005,0.0,1.005,0.0,0.2,0.2,0.0,0.0,0.0,14.335735,1.73122,436.6152,0.04893086269043849,0.05478566847097664,0.0682799524540361,1.005,0.0,0.2,0.0,1.005,0.0,0,0.0,0.0,0,0,0,0,0,0,0,0,0,0,0,0,0
1,188.217,18,6.76818154410471,0.15225588456712122,0.07450836591419453,0.059603527553755156,0.05616539870960601,0.9125909924902178,0.05240658876803376,0.9289811268884247,0.04581790529878389,1.73122,5.45144,414.058,0,1,0,0,0,0,0,0,0,0,0.0,0.0,0.0,0.0,0.0,0.2,0.2,0.0,0.0,0.0,12.190808999999998,1.73122,433.7069,0.05638169928185795,0.05240658876803376,0.07424030520941162,1.005,0.0,0.2,0.0,1.005,0.0,0,0.0,0.0,0,0,0,0,0,0,0,0,0,0,0,0,0
1,189.227,18,5.405514073044133,-1.3491757139213636,0.051413236743965925,0.023095129170228608,0.05569485209587531,0.9245959969685663,0.04864784160057039,0.9262755995001083,0.05138739050837142,1.73122,2.9141,408.735,0,1,1,0,0,0,1,0,1,0,0.0,0.0,0.0,0.0,0.0,0.3,0.3,0.0,0.0,0.0,9.792229,1.73122,430.26579999999996,0.06152302295625454,0.04864784160057039,0.07654981812643448,1.005,0.0,0.3,0.0,1.005,0.0,1,0.0,0.0,0,0,0,0,0,0,0,0,0,0,0,0,0
1,190.231,19,4.672571378473967,-0.7300226041535511,0.058891341096124504,0.007478104352158579,0.049193086745038035,0.9216436457914389,0.04778127469471741,0.9234224545529355,0.052391769211901806,1.73122,6.53933,405.603,0,1,0,0,0,0,0,0,0,0,0.0,0.0,0.0,0.0,0.0,0.3,0.3,0.0,0.0,0.0,8.247722,1.73122,426.68139999999994,0.05865810752361913,0.04778127469471741,0.06854357901940247,1.005,0.0,0.3,0.0,1.005,0.0,1,1.004,0.0,0,0,0,0,0,0,0,0,0,0,0,0,0
1,191.231,19,6.52843082218078,1.8558594437068123,0.015043114479970848,0.04384822661615366,0.026865444898472927,0.9297853146557176,0.04593028099883519,0.9209763930489766,0.05116338373077568,1.73122,6.22875,400.324,0,1,0,0,0,0,0,0,0,0,0.0,0.0,0.0,0.0,0.0,0.3,0.3,0.0,0.0,0.0,6.672256999999999,1.73122,422.5691,0.06016241897161621,0.04593028099883519,0.06417435213877,1.005,0.0,0.3,0.0,1.005,0.0,1,2.004,0.0,0,0,0,0,0,0,0,0,0,0,0,0,0
1,192.236,19,4.1427697885883195,-2.373792073226329,0.08826584796916788,0.07322273348919703,0.027736781554055366,0.9348769760728389,0.04136840345521447,0.9189010972042041,0.047958777940124944,2.12688,2.12688,396.644,0,1,1,1,1,1,1,1,1,1,0.0,0.0,0.0,0.0,0.0,0.4,0.4,0.1,0.1,0.0,5.414795,1.73122,418.1068,0.05646339325187065,0.04136840345521447,0.058971014971027344,1.005,0.0,0.4,0.1,1.005,0.0,1,3.009,0.0,0,0,0,0,0,0,0,1,1,1,1,0,0
1,193.235,19,0.922912066016816,-3.223080803374878,0.01836182863906542,0.06990401933010246,0.030427407762787094,0.9380522281676594,0.043070781812801044,0.9169122350243736,0.04551306732797902,1.77001,1.77001,395.74,0,1,1,1,1,1,1,1,1,1,0.999,0.999,0.999,0.999,0.999,0.5,0.5,0.2,0.2,0.0,4.4934460000000005,1.73122,413.7261,0.05251319107944704,0.043070781812801044,0.0592221914237054,1.005,0.999,0.5,0.2,1.005,0.999,0,0.0,0.0,0,0,0,0,0,0,0,0,1,1,1,0,0
1,194.223,19,0.0,-0.9341215243085182,0.0,0.01836182863906542,0.036407297696526654,0.9380522281676594,0.0461601140381323,0.914923372844543,0.04444269344323158,1.77001,1.77001,395.74,0,1,1,1,1,1,1,1,1,1,1.987,1.987,1.987,1.987,1.987,0.6,0.6,0.3,0.3,0.0,3.8110099999999996,1.73122,409.7318,0.04822512081070603,0.0461601140381323,0.05956005952002278,1.987,1.987,0.6,0.3,1.987,1.987,0,0.0,0.0,0,0,0,0,0,0,0,0,1,1,1,0,0
1,195.252,19,0.0,0.0,0.0,0.0,0.036720415578865295,0.9380522281676594,0.047380136601587325,0.9122112457379137,0.04319980669593267,1.77001,1.77001,395.739,0,1,1,1,1,1,1,1,1,1,3.016,3.016,3.016,3.016,3.016,0.7,0.7,0.4,0.4,0.0,3.231888,1.73122,406.0208,0.04698476810856433,0.047380136601587325,0.056512341953423494,3.016,3.016,0.7,0.4,3.016,3.016,0,0.0,0.0,1,1,1,0,0,0,1,2,3,3,2,1,0
1,196.249,19,0.10034602796380875,0.10064797187944709,0.004932718876529744,0.004932718876529744,0.037627131222225114,0.9356387035157755,0.032685788412573705,0.9093784423986904,0.04123159833764913,1.77001,1.81876,395.734,0,1,1,1,1,1,1,1,1,1,4.013,4.013,4.013,4.013,4.013,0.7,0.7,0.5,0.5,0.0,3.2120509999999998,1.73122,402.9013,0.032632129207945774,0.032685788412573705,0.04340005575494665,4.013,4.013,0.7,0.5,4.013,4.013,0,0.0,0.0,1,1,1,0,0,1,1,0,3,3,2,1,0
1,197.26,19,0.6982099090941243,0.5913589328687592,0.010722631057312984,0.00578991218078324,0.007826710606383694,0.9189716418405637,0.03296339225395298,0.9057122859757063,0.03646645268698355,1.77001,1.99665,395.711,0,1,1,1,1,1,1,1,1,1,5.024,5.024,5.024,5.024,5.024,0.7,0.7,0.6,0.6,0.0,3.238594,1.77001,400.4028,0.03221390847763314,0.03296339225395298,0.03062362002079739,5.024,5.024,0.7,0.6,5.024,5.024,0,0.0,0.0,1,1,1,0,0,1,1,0,3,3,2,1,0
1,198.254,19,1.9235549278447104,1.2327414675559216,5.9341500838187795e-06,0.010716696907229165,0.004750036939034931,0.8765091819738973,0.030682492848430838,0.8999230065593891,0.03132491650992644,1.77001,1.85182,395.676,0,1,1,0,0,0,1,0,1,0,0.0,6.018,0.0,6.018,0.0,0.8,0.8,0.6,0.6,0.0,2.878632,1.77001,398.56460000000004,0.024763665301222065,0.030682492848430838,0.025734936956144795,6.018,5.024,0.8,0.6,6.018,5.024,0,0.0,0.0,1,0,1,0,0,0,1,1,4,3,2,1,0
1,199.256,19,2.6123688137097556,0.6874390078493465,1.4988538039170252e-05,9.054387955351473e-06,0.004747570102507959,0.8227674986239729,0.030020100040785425,0.8914466429755757,0.026230188310589708,1.70582,1.70582,395.632,0,1,1,1,1,1,1,1,1,1,0.0,7.02,0.0,7.02,0.0,0.8,0.8,0.7,0.7,0.0,2.7578039999999997,1.70582,397.2543,0.019623840480629394,0.030020100040785425,0.02342632947791747,7.02,5.024,0.8,0.7,7.02,5.024,0,0.0,0.0,1,0,1,0,0,0,1,0,4,3,2,1,0
1,200.286,20,0.3912524993389254,-2.156423606185272,0.007264883484352753,0.007249894946313583,0.004659023382611275,0.8197035278900927,0.02678128649930932,0.8827238227685547,0.021776781974347032,1.67701,1.67701,395.634,0,1,1,1,1,1,1,1,1,1,1.03,8.05,1.03,8.05,1.03,0.9,0.9,0.8,0.8,0.0,2.271572,1.67701,396.2574,0.014461194719452217,0.02678128649930932,0.023403508537332966,8.05,5.024,0.9,0.8,8.05,5.024,0,0.0,0.0,1,0,1,0,0,0,1,0,4,3,2,1,0
1,201.252,20,1.863686420779683,1.5242587178475753,0.005521892806788575,0.0017429906775641782,0.004677328899770391,0.7861215058962273,0.026927150447263102,0.8723219014618404,0.019557970374476777,1.67701,1.67748,395.632,0,1,1,1,1,1,1,1,1,1,1.996,9.016,1.996,9.016,1.996,1.0,1.0,0.9,0.9,0.0,1.8164449999999999,1.67701,395.7882,0.013509072552133992,0.026927150447263102,0.01919298494347402,9.016,5.024,1.0,0.9,9.016,5.024,0,0.0,0.0,1,0,1,0,0,0,1,1,5,3,2,1,0
1,202.295,20,0.5838989147738631,-1.2270254132366443,0.002197327755049266,0.003324565051739309,0.00328131741397125,0.7808390428255446,0.006002258494402063,0.8721631417111618,0.017112423960468366,1.6269,1.6269,395.517,0,1,1,1,1,1,1,1,1,1,3.0389999999999997,10.059,3.0389999999999997,10.059,3.0389999999999997,1.0,1.0,0.9,0.9,0.0,1.766447,1.6269,395.6755,0.004902220530722128,0.006002258494402063,0.012203168099728247,10.059,5.024,1.0,0.9,10.059,5.024,0,0.0,0.0,1,1,1,0,0,0,1,1,6,3,3,1,1
1,203.291,20,0.0,-0.586243890335204,2.1158056481372508e-08,0.0021973065969927846,0.0032826674945811746,0.7880327158971302,0.003849947678790459,0.8759872452349473,0.014397949933647774,1.6269,1.62714,395.516,0,1,1,1,1,1,1,1,1,1,4.035,11.055,4.035,11.055,4.035,1.0,1.0,0.9,0.9,0.0,1.75216,1.6269,395.6531,0.0030660397826212347,0.003849947678790459,0.00543249682641728,11.055,5.024,1.0,0.9,11.055,5.024,0,0.0,0.0,1,1,1,0,0,1,1,0,6,3,3,1,1
1,204.28,20,0.10224341969781929,0.10338060636786582,0.020486291476875848,0.020486270318819368,0.008002439128844921,0.7754903022295652,0.006544672383446518,0.8761093892002261,0.0115574640768796,1.6269,1.96523,395.512,0,1,1,1,1,1,1,1,1,1,5.024,12.044,5.024,12.044,5.024,1.0,1.0,0.9,0.9,0.0,1.7716819999999998,1.6269,395.6303,0.00511466893030882,0.006544672383446518,0.005644940994392675,12.044,5.024,1.0,0.9,12.044,5.024,0,0.0,0.0,1,1,1,0,0,0,1,1,7,3,3,1,1
1,205.278,20,1.1187360165895552,1.0185296562041444,0.0036486636907157822,0.016837627786160065,0.008145281805550872,0.7581771706400126,0.006325896404488464,0.8734284826672678,0.008699950699548157,1.6269,1.96124,395.472,0,1,1,1,1,1,1,1,1,1,6.022,13.042,6.022,13.042,6.022,1.0,1.0,0.9,0.9,0.0,1.790805,1.6269,395.60360000000003,0.005479535299380398,0.006325896404488464,0.007328703773008681,13.042,6.022,1.0,0.9,13.042,6.022,0,0.0,0.0,1,1,1,0,0,0,1,1,8,3,3,1,1
1,206.274,20,2.5525524369086097,1.4395747191958377,1.1673557873547729,1.163707123664057,0.5191770197818316,0.6823086178640916,0.367452724057717,0.8640935950599248,0.05685493955550881,1.6269,68.0271,396.278,0,1,0,0,0,0,0,0,0,0,0.0,0.0,0.0,0.0,0.0,0.9,0.9,0.8,0.8,0.0,8.411639,1.6269,395.658,0.12172184214720472,0.367452724057717,0.12320614425176142,13.042,6.022,0.9,0.8,13.042,6.022,0,0.0,0.0,0,0,0,0,0,0,0,0,8,3,3,1,1
1,207.243,20,6.46591213328747,4.038554898223799,0.8437999986304263,0.32355578872434654,0.5582717249277047,0.6025804422960335,0.4288055489027768,0.8492394980987331,0.1118994409876409,1.62714,22.1406,396.155,0,1,0,0,0,0,0,0,0,0,0.0,0.0,0.0,0.0,0.0,0.8,0.8,0.7,0.7,0.0,10.426034000000001,1.6269,395.7024,0.20502957890451606,0.4288055489027768,0.15498273190611775,13.042,6.022,0.8,0.7,13.042,6.022,0,0.0,0.0,0,0,0,0,0,0,0,0,8,3,3,1,1
1,208.255,20,3.1366718319550255,-3.289763143609135,0.5013689833348198,0.3424310152956065,0.5098022456618034,0.5343817776117934,0.43147211135950203,0.8303290373548121,0.16240466185991775,1.96124,6.82792,397.225,0,1,0,0,0,0,0,0,0,0,0.0,0.0,0.0,0.0,0.0,0.7,0.7,0.7,0.7,0.0,10.923644,1.6269,395.8573,0.25516588382298966,0.43147211135950203,0.18815416374495547,13.042,6.022,0.7,0.7,13.042,6.022,0,0.0,0.0,0,0,0,0,0,0,0,0,8,3,3,1,1
1,209.248,20,2.1033172454142885,-1.0406390599604602,0.09833020807465347,0.40303877526016635,0.49209885036610324,0.4867405897961441,0.42609890707736325,0.8084362669961909,0.2111397898862773,1.96124,2.04373,398.152,0,1,1,1,1,1,1,1,1,1,0.0,0.0,0.0,0.0,0.0,0.7,0.7,0.7,0.7,0.0,10.957435,1.6269,396.10929999999996,0.2649974057766511,0.42609890707736325,0.22845713583217658,13.042,6.022,0.7,0.7,13.042,6.022,0,0.0,0.0,0,0,0,0,0,0,0,0,8,3,3,1,1
1,210.254,21,0.0,-2.090772609755754,1.4812287469033456e-08,0.098330193262366,0.4930631047754394,0.42018499509903956,0.42659306576796463,0.7833633344615709,0.2599801980255601,2.04335,2.04335,398.153,0,1,1,1,1,1,1,1,1,1,1.006,1.006,1.006,1.006,1.006,0.7,0.7,0.7,0.7,0.0,10.994069,1.6269,396.3612,0.26427091890944454,0.42659306576796463,0.23756516566378183,13.042,6.022,0.7,0.7,13.042,6.022,0,0.0,0.0,0,0,0,0,0,0,0,0,8,3,3,1,1
1,211.258,21,0.0,0.0,1.484179401777655e-08,2.9506548743094066e-11,0.37292764898418196,0.3217222802910386,0.4269686167189227,0.752960182743337,0.2968052300340013,2.04335,2.04383,398.144,0,1,1,1,1,1,1,1,1,1,2.01,2.01,2.01,2.01,2.01,0.7,0.7,0.7,0.7,0.0,11.030704000000002,1.6269,396.6124,0.2637187311129451,0.4269686167189227,0.23739086659897604,13.042,6.022,0.7,0.7,13.042,6.022,0,0.0,0.0,0,0,0,0,0,0,0,0,8,3,3,1,1
1,212.249,21,0.0,0.0,1.5036489600249905e-08,1.9469558247335473e-10,0.21743496298571718,0.2868494286677035,0.4271186968698574,0.7205588053730801,0.3182205945911759,2.04335,2.04344,398.151,0,1,1,1,1,1,1,1,1,1,3.001,3.001,3.001,3.001,3.001,0.7,0.7,0.7,0.7,0.0,11.072358000000001,1.62714,396.87579999999997,0.2634989998410891,0.4271186968698574,0.2370584101132717,13.042,6.022,0.7,0.7,13.042,6.022,0,0.0,0.0,1,1,1,0,0,0,1,2,10,3,3,1,1
1,213.274,21,0.0,0.0,1.4537718237900154e-08,4.987713623497511e-10,0.04397459927740089,0.29834786021805626,0.42711869732366103,0.6885735869756,0.3222897877694578,2.04335,2.04354,398.151,0,1,1,1,1,1,1,1,1,1,4.026,4.026,4.026,4.026,4.026,0.7,0.7,0.7,0.7,0.0,11.113998,1.96124,397.1393,0.26349899917905534,0.42711869732366103,0.23683867950344956,13.042,6.022,0.7,0.7,13.042,6.022,0,0.0,0.0,1,1,1,0,0,1,1,0,10,3,3,1,1
1,214.277,21,0.0,0.0,1.4856591419588892e-08,3.188731816887379e-10,1.7914966940087008e-10,0.29834786021805626,0.4284608116803941,0.65658836857812,0.32148954387448836,2.04335,2.04344,398.154,0,1,1,1,1,1,1,1,1,1,5.029,5.029,5.029,5.029,5.029,0.7,0.7,0.7,0.7,0.0,11.121819,1.96124,397.4035,0.2614503715170269,0.4284608116803941,0.23479005250345492,13.042,6.022,0.7,0.7,13.042,6.022,0,0.0,0.0,1,1,1,0,0,1,1,0,10,3,3,1,1
1,215.275,21,0.0,0.0,1.493102324032831e-08,7.44318207394196e-11,1.8610718339898162e-10,0.29834786021805626,0.42870622438648126,0.6246031501806397,0.3206750157125439,2.04316,2.04316,398.157,0,1,1,1,1,1,1,1,1,1,6.026999999999999,6.026999999999999,6.026999999999999,6.026999999999999,6.026999999999999,0.7,0.7,0.7,0.7,0.0,11.130011,2.04316,397.672,0.2610855066410576,0.42870622438648126,0.23310628973228212,6.026999999999999,6.026999999999999,0.7,0.7,6.026999999999999,6.026999999999999,0,0.0,0.0,1,1,1,0,0,1,1,2,12,3,3,1,1
1,216.29,21,0.49487558217295524,0.48756214992409386,0.02144671967120111,0.02144670474017787,0.009591257978984007,0.3053071726489838,0.2903812453434532,0.5930865736373001,0.2697164395322592,2.0111,2.0111,397.791,0,1,1,0,0,0,1,0,1,0,0.0,7.042,0.0,7.042,0.0,0.8,0.8,0.7,0.7,0.0,4.528411,2.0111,397.82329999999996,0.14649459987270044,0.2903812453434532,0.11888024783989418,7.042,6.026999999999999,0.8,0.7,7.042,6.026999999999999,0,0.0,0.0,1,0,1,0,0,0,1,0,12,3,3,1,1
1,217.335,21,1.3389228702619702,0.8077007541521675,0.008013291832580632,0.01343342783862048,0.009362099828015787,0.3583946602705019,0.15704907953275324,0.5650577245587971,0.2148254770222903,1.94531,1.94531,399.043,0,1,1,0,0,0,1,0,1,0,0.0,8.087,0.0,8.087,0.0,0.9,0.9,0.7,0.7,0.0,2.508882,1.94531,398.1121,0.06291592919291586,0.15704907953275324,0.08786801175132157,8.087,6.026999999999999,0.9,0.7,8.087,6.026999999999999,0,0.0,0.0,1,0,1,0,0,0,1,0,12,3,3,1,1
1,218.281,21,3.2692265462780425,2.0404901437802034,0.0030127265025920802,0.0050005653299885515,0.008977124010346987,0.5301272406090504,0.03071578959242874,0.5477386274905547,0.16474296485714462,1.94531,2.05823,399.759,0,1,1,0,0,0,1,0,1,0,0.0,9.033,0.0,9.033,0.0,1.0,1.0,0.7,0.7,0.0,2.0319130000000003,1.94531,398.3655,0.013080303509693084,0.03071578959242874,0.05412496675475977,9.033,6.026999999999999,1.0,0.7,9.033,6.026999999999999,0,0.0,0.0,1,0,1,0,0,0,1,1,13,3,3,1,1
1,219.293,21,3.7623819807832515,0.48730774160593765,1.0717059496569272,1.0686932231543351,0.4757217601258923,0.7386283102767447,0.33783063090430504,0.5435316680731933,0.16310525583312355,1.94531,63.0956,401.096,0,1,0,0,0,0,0,0,0,0,0.0,0.0,0.0,0.0,0.0,0.9,0.9,0.6,0.6,0.0,8.1371,1.94531,398.6599,0.11041787766792047,0.33783063090430504,0.12069041154417666,9.033,6.026999999999999,0.9,0.6,9.033,6.026999999999999,0,0.0,0.0,0,0,0,0,0,0,0,0,13,3,3,1,1
1,220.367,22,6.1058408406967795,2.1819914896774004,0.077979909161802,0.9937260404951253,0.4678856618622408,0.7947432191679918,0.33589314563575284,0.5422836526370883,0.16058751154180367,1.94531,68.8034,400.361,0,1,0,0,0,0,0,0,0,0,0.0,0.0,0.0,0.0,0.0,0.8,0.8,0.5,0.5,0.0,14.813105000000002,1.94531,398.8807,0.11821586710287194,0.33589314563575284,0.2102299962674526,9.033,6.026999999999999,0.8,0.5,9.033,6.026999999999999,0,0.0,0.0,0,0,0,0,0,0,0,0,13,3,3,1,1
1,221.323,22,7.015829725629912,0.9518712185493017,0.11039945457672018,0.03241954541491818,0.4592796082371693,0.8984703247652756,0.33338085536503764,0.5479010935805407,0.16922270746710238,1.94531,75.7572,398.786,0,1,0,0,0,0,0,0,0,0,0.0,0.0,0.0,0.0,0.0,0.7,0.7,0.4,0.4,0.0,22.184442,1.94531,398.9449,0.12925581107636455,0.33338085536503764,0.21347195080599374,9.033,6.026999999999999,0.7,0.4,9.033,6.026999999999999,0,0.0,0.0,0,0,0,0,0,0,0,0,13,3,3,1,1
1,222.302,22,5.453688535673031,-1.5956498365238825,1.427496422050753,1.317096967474033,0.662706184535906,0.9276373985604596,0.5233685950418485,0.5552410113672865,0.21374982962212127,2.05823,4.46335,398.0,0,1,1,0,0,0,1,0,1,0,0.0,0.0,0.0,0.0,0.0,0.7,0.7,0.3,0.3,0.0,22.426433,1.94531,398.9298,0.2720054517777909,0.5233685950418485,0.34518164753392744,9.033,6.026999999999999,0.7,0.3,9.033,6.026999999999999,0,0.0,0.0,0,0,0,0,0,0,0,0,13,3,3,1,1
1,223.315,22,3.000157214947861,-2.4220447391166537,0.021093546957678483,1.4064028750930746,0.6590958132023722,0.929674319549029,0.5221916962685048,0.5623230915498814,0.2752619510146184,3.36802,3.36802,397.784,0,1,1,0,0,0,1,0,1,0,0.0,1.013,0.0,1.013,0.0,0.7,0.7,0.2,0.2,0.0,22.558881,1.94531,398.8931,0.2741148050197869,0.5221916962685048,0.4858219349933578,9.033,6.026999999999999,0.7,0.2,9.033,6.026999999999999,0,0.0,0.0,0,0,0,0,0,0,0,0,13,3,3,1,1
1,224.305,22,3.139241185525403,0.14048885916923454,0.056347618511012415,0.03525407155333393,0.6095429585195423,0.9032083059470511,0.5192006284189807,0.5687089917357556,0.3362162468486577,3.17336,3.17336,400.583,0,1,1,0,0,0,1,0,1,0,0.0,2.003,0.0,2.003,0.0,0.7,0.7,0.1,0.1,0.0,22.671872999999998,1.94531,399.136,0.279749565385229,0.5192006284189807,0.4893473421168039,9.033,6.026999999999999,0.7,0.1,9.033,6.026999999999999,0,0.0,0.0,0,0,0,0,0,0,0,0,13,3,3,1,1
1,225.278,22,0.9356673235240983,-2.2647213381308378,1.963509837667505e-05,0.05632798341263574,0.6188050233813146,0.8873596277051188,0.5191994538428519,0.575168114589011,0.39809674916817844,3.17336,3.17724,401.472,0,1,1,1,1,1,1,1,1,1,0.0,2.976,0.0,2.976,0.0,0.7,0.7,0.1,0.1,0.0,22.785281,1.94531,399.46750000000003,0.2797515274019643,0.5191994538428519,0.4949801404506243,9.033,0.0,0.7,0.1,9.033,0.0,0,0.0,0.0,0,0,0,0,0,0,0,0,13,3,3,1,1
1,226.283,22,0.0,-0.9310122622130332,0.0,1.963509837667505e-05,0.6301560875700656,0.8834580772386483,0.5204278371413789,0.5852255875577388,0.4601532321272866,3.17336,3.17731,401.473,0,1,1,1,1,1,1,1,1,1,1.005,3.981,1.005,3.981,1.005,0.7,0.7,0.2,0.2,0.0,22.901902,1.94531,399.8357,0.2776068554348442,0.5204278371413789,0.49283743348644415,9.033,1.005,0.7,0.2,9.033,1.005,0,0.0,0.0,1,0,1,0,0,0,1,1,14,3,3,1,1
1,227.321,22,0.0,0.0,0.0,0.0,0.02459652971334514,0.8673943994064233,0.5208950265764727,0.5984662854132583,0.46167667511581956,3.17336,3.17805,401.479,0,1,1,1,1,1,1,1,1,1,2.043,5.019,2.043,5.019,2.043,0.7,0.7,0.3,0.3,0.0,23.025176,2.05823,400.0793,0.27680552625158616,0.5208950265764727,0.4914940907025821,9.033,2.043,0.7,0.3,9.033,2.043,0,0.0,0.0,1,0,1,0,0,0,1,0,14,3,3,1,1
1,228.305,22,0.0,0.0,0.0,0.0,0.025197227235884825,0.8595849462833932,0.5210718177122852,0.6147264438468383,0.4632986854383733,3.17336,3.17761,401.476,0,1,1,1,1,1,1,1,1,1,3.027,6.003,3.027,6.003,3.027,0.7,0.7,0.4,0.4,0.0,23.137114000000004,3.17336,400.251,0.27650425360132697,0.5210718177122852,0.4909940341695832,6.003,3.027,0.7,0.4,6.003,3.027,0,0.0,0.0,1,1,1,0,0,0,1,2,16,3,3,1,1
1,229.292,22,0.0,0.0,0.0,0.0,8.781091994511602e-06,0.8560329633835978,0.4438338094280564,0.6331910625262109,0.4157273875349835,3.17724,3.17798,401.482,0,1,1,1,1,1,1,1,1,1,4.014,6.99,4.014,6.99,4.014,0.8,0.8,0.5,0.5,0.0,17.145352000000003,3.17336,400.28959999999995,0.16933365863563427,0.4438338094280564,0.3841247118541497,6.99,4.014,0.8,0.5,6.99,4.014,0,0.0,0.0,1,1,1,0,0,1,1,0,16,3,3,1,1
1,230.286,23,0.0,0.0,0.0,0.0,1.2608121815263516e-08,0.8560329633835978,0.44629541129708344,0.6549834609404389,0.36893882260957167,3.17731,3.17755,401.481,0,1,1,1,1,1,1,1,1,1,5.008,7.984,5.008,7.984,5.008,0.9,0.9,0.6,0.6,0.0,10.582767,3.17336,400.40160000000003,0.16153566771945405,0.44629541129708344,0.2847521078046372,7.984,5.008,0.9,0.6,7.984,5.008,0,0.0,0.0,1,1,1,0,0,1,1,0,16,3,3,1,1
1,231.283,23,0.0,0.0,0.0,0.0,1.2608121815263516e-08,0.8560329633835978,0.44905782886659273,0.6816989950950669,0.3230108630466669,3.17755,3.17817,401.482,0,1,1,1,1,1,1,1,1,1,6.005,8.981,6.005,8.981,6.005,1.0,1.0,0.7,0.7,0.0,3.3248640000000016,3.17336,400.6712,0.15049572226178204,0.44905782886659273,0.2815101532631454,8.981,6.005,1.0,0.7,8.981,6.005,0,0.0,0.0,1,1,1,0,0,1,1,1,17,3,3,1,1
1,232.291,23,0.0,0.0,0.0,0.0,1.2608121815263516e-08,0.8560329633835978,0.018318098695025365,0.7101581718308616,0.2567402458538885,3.17755,3.17755,401.474,0,1,1,1,1,1,1,1,1,1,7.013,9.989,7.013,9.989,7.013,1.0,1.0,0.8,0.8,0.0,3.1962840000000012,3.17336,401.0186,0.007746080056706713,0.018318098695025365,0.1498004565157421,9.989,7.013,1.0,0.8,9.989,7.013,0,0.0,0.0,1,1,1,0,0,1,1,1,18,3,3,1,1
1,233.289,23,0.0,0.0,0.0,0.0,1.2608121815263516e-08,0.8560329633835978,0.01781799268359249,0.7380424269891387,0.19083066579446345,3.17706,3.17706,401.473,0,1,1,1,1,1,1,1,1,1,8.011,10.987,8.011,10.987,8.011,1.0,1.0,0.9,0.9,0.0,3.1771880000000015,3.17336,401.3875,0.005636725360938864,0.01781799268359249,0.009160169006434635,10.987,8.011,1.0,0.9,10.987,8.011,0,0.0,0.0,1,1,1,0,0,1,1,0,18,3,3,1,1
1,234.294,23,0.0,0.0,0.0,0.0,1.2608121815263516e-08,0.8560329633835978,6.209161737842429e-06,0.7659266821474158,0.12987637120332138,3.17706,3.17805,401.48,0,1,1,1,1,1,1,1,1,1,9.016,11.991999999999999,9.016,11.991999999999999,9.016,1.0,1.0,1.0,1.0,0.0,3.1776570000000013,3.17706,401.4772,1.963509837623096e-06,6.209161737842429e-06,0.005634761851101242,11.991999999999999,9.016,1.0,1.0,11.991999999999999,9.016,0,0.0,0.0,1,1,1,0,0,1,1,1,19,3,3,1,1
1,235.293,23,0.0,0.0,0.0,0.0,1.2608121815263516e-08,0.8560329633835978,0.0,0.7938109373056929,0.0679958701260021,3.17706,3.17755,401.475,0,1,1,1,1,1,1,1,1,1,10.015,12.991,10.015,12.991,10.015,1.0,1.0,1.0,1.0,0.0,3.177688000000001,3.17706,401.4775,0.0,0.0,1.963509837667505e-06,12.991,10.015,1.0,1.0,12.991,10.015,0,0.0,0.0,1,1,1,0,0,1,1,1,20,3,3,1,1
1,236.291,23,0.0,0.0,0.0,0.0,1.2608121815263516e-08,0.8600625559945644,0.0,0.8215487064729718,0.004980262629807718,3.17706,3.17786,401.482,0,1,1,1,1,1,1,1,1,1,11.013,13.988999999999999,11.013,13.988999999999999,11.013,1.0,1.0,1.0,1.0,0.0,3.1777430000000018,3.17706,401.4784,0.0,0.0,0.0,13.988999999999999,11.013,1.0,1.0,13.988999999999999,11.013,0,0.0,0.0,1,1,1,0,0,1,1,0,20,3,3,1,1
1,237.299,23,0.0,0.0,0.0,0.0,1.2608121815263516e-08,0.8815989493849566,0.0,0.8477089209286947,0.002520610919285386,3.17706,3.17768,401.481,0,1,1,1,1,1,1,1,1,1,12.021,14.997,12.021,14.997,12.021,1.0,1.0,1.0,1.0,0.0,3.1777060000000015,3.17706,401.47860000000003,0.0,0.0,0.0,14.997,12.021,1.0,1.0,14.997,12.021,0,0.0,0.0,1,1,1,0,0,1,1,1,21,3,3,1,1
1,238.298,23,0.0,0.0,0.0,0.0,1.2608121815263516e-08,0.872904015030406,0.0,0.8648477596497622,8.894565090848973e-07,3.17755,3.17768,401.481,0,1,1,1,1,1,1,1,1,1,13.02,15.996,13.02,15.996,13.02,1.0,1.0,1.0,1.0,0.0,3.1777130000000016,3.17706,401.4791,0.0,0.0,0.0,15.996,13.02,1.0,1.0,15.996,13.02,0,0.0,0.0,1,1,1,0,0,1,1,1,22,3,3,1,1
1,239.3,23,0.0,0.0,0.0,0.0,1.2608121815263516e-08,0.8650957122582018,0.0,0.8711711297488351,1.2608121815263516e-08,3.17755,3.17786,401.476,0,1,1,0,0,0,1,0,1,0,0.0,16.998,0.0,16.998,0.0,1.0,1.0,0.9,0.9,0.0,3.1777010000000017,3.17706,401.47850000000005,0.0,0.0,0.0,16.998,13.02,1.0,0.9,16.998,13.02,0,0.0,0.0,1,0,1,0,0,0,1,0,22,3,3,1,1
1,240.3,24,0.20544829033187587,0.20544829033187587,0.020615109352424155,0.020615109352424155,0.00921935717513098,0.8296576199096717,0.006519069976709913,0.8729168497859192,0.0009219470648227318,3.17768,3.8704,401.474,0,1,1,0,0,0,1,0,1,0,0.0,17.998,0.0,17.998,0.0,1.0,1.0,0.8,0.8,0.0,3.246986000000001,3.17706,401.4778,0.0020615109352423713,0.006519069976709913,0.0020615109352424155,17.998,13.02,1.0,0.8,17.998,13.02,0,0.0,0.0,1,0,1,0,0,0,1,0,22,3,3,1,1
1,241.301,24,4.211364633970324,4.00191442920924,0.4410441018613734,0.4204289925089492,0.19514035785852277,0.7509357313050773,0.13889722811027638,0.8655401201129094,0.020435981589862828,3.17768,28.5223,398.774,0,1,0,0,0,0,0,0,0,0,0.0,0.0,0.0,0.0,0.0,0.9,0.9,0.7,0.7,0.0,5.781399000000002,3.17706,401.207,0.04616592112137971,0.13889722811027638,0.04410441018613734,17.998,13.02,0.9,0.7,17.998,13.02,0,0.0,0.0,0,0,0,0,0,0,0,0,22,3,3,1,1
1,242.306,24,6.518845993372912,2.296001352639391,0.4254075304455699,0.01563657141580349,0.2337407584528656,0.6178643396009764,0.18172864663322733,0.8500514671649352,0.043810056174337204,3.17768,5.1583,392.622,0,1,0,0,0,0,0,0,0,0,0.0,0.0,0.0,0.0,0.0,0.8,0.8,0.6,0.6,0.0,5.9794740000000015,3.17706,400.3218,0.0887066741659367,0.18172864663322733,0.045668067327717686,17.998,13.02,0.8,0.6,17.998,13.02,0,0.0,0.0,0,0,0,0,0,0,0,0,22,3,3,1,1
1,243.302,24,6.769056945643624,0.2512158155328435,0.0647132261282866,0.3606943043172833,0.22300629458586702,0.6392415608749535,0.17935555637022618,0.8355298292312314,0.06611068437211172,3.00954,3.00954,385.877,0,1,1,0,0,0,1,0,1,0,0.0,0.0,0.0,0.0,0.0,0.8,0.8,0.5,0.5,0.0,5.962722000000001,3.00954,398.7622,0.09517799677876536,0.17935555637022618,0.08173749775944601,17.998,13.02,0.8,0.5,17.998,13.02,0,0.0,0.0,0,0,0,0,0,0,0,0,22,3,3,1,1
1,244.3,24,4.439140688954893,-2.3345854275438183,0.0007039973405141604,0.06400922878777245,0.2228562350277907,0.8795475389020212,0.1793141800012465,0.8343467908789799,0.08839630661407862,3.00954,3.12681,381.974,0,1,1,0,0,0,1,0,1,0,0.0,0.998,0.0,0.998,0.0,0.8,0.8,0.4,0.4,0.0,5.957598000000002,3.00954,396.8116,0.09524839651281677,0.1793141800012465,0.08813842063822326,17.998,13.02,0.8,0.4,17.998,13.02,0,0.0,0.0,0,0,0,0,0,0,0,0,22,3,3,1,1
1,245.3,24,2.1774023514272898,-2.2617383375276034,0.0005330226942573105,0.00017097464625684996,0.22682889780239962,0.8396293432809955,0.17928279738188999,0.8319602766577738,0.11107919513350639,2.97625,2.97625,381.927,0,1,1,0,0,0,1,0,1,0,0.0,1.998,0.0,1.998,0.0,0.8,0.8,0.3,0.3,0.0,5.937468000000002,2.97625,394.8568,0.09530169878224251,0.17928279738188999,0.08815551810284894,17.998,13.02,0.8,0.3,17.998,13.02,0,0.0,0.0,0,0,0,0,0,0,0,0,22,3,3,1,1
1,246.304,24,4.015988748036074,1.8312613512039684,0.013426995699885341,0.01289397300562803,0.18328863798923206,0.6955080237719363,0.17853848565081384,0.8225627739844381,0.1294080576716174,2.88147,2.88147,381.846,0,1,1,0,0,0,1,0,1,0,0.0,3.002,0.0,3.002,0.0,0.8,0.8,0.2,0.2,0.0,5.907829000000001,2.88147,392.89320000000004,0.09664439835223104,0.17853848565081384,0.08944491540341175,17.998,13.02,0.8,0.2,17.998,13.02,0,0.0,0.0,1,0,1,0,0,0,1,1,23,3,3,1,1
1,247.358,24,2.392118145796323,-1.540674195673388,0.007067945291940954,0.006359050407944387,0.027038247673922332,0.6811151672563412,0.17812689713650318,0.813248812376934,0.13211188117819747,2.84028,2.84028,380.42,0,1,1,0,0,0,1,0,1,0,0.0,4.056,0.0,4.056,0.0,0.8,0.8,0.1,0.1,0.0,5.8740890000000014,2.84028,390.7871,0.09735119288142514,0.17812689713650318,0.09008082044420619,17.998,13.02,0.8,0.1,17.998,13.02,0,0.0,0.0,1,0,1,0,0,0,1,0,23,3,3,1,1
1,248.309,24,7.003628533645638,4.849117127076041,0.009644544009545609,0.0025765987176046548,0.005637818840623458,0.7373250312185242,0.17756645802168108,0.8071358166236905,0.13267566180144763,2.72915,2.72915,373.742,0,1,1,0,0,0,1,0,1,0,0.0,5.007,0.0,5.007,0.0,0.8,0.8,0.0,0.0,0.0,5.829236000000002,2.72915,388.0132,0.0983156472823797,0.17756645802168108,0.09033848031596665,17.998,0.0,0.8,0.0,17.998,0.0,0,0.0,0.0,1,0,1,0,0,0,1,0,23,3,3,1,1
1,249.304,24,6.6068639494226,-0.39875837610355586,0.00014186127618677916,0.00950268273335883,0.005780494445014385,0.7762036244154275,0.17755773611077835,0.8031443496752821,0.1332537099851369,2.71714,2.71714,367.19,0,1,1,0,0,0,1,0,1,0,0.0,6.002,0.0,6.002,0.0,0.8,0.8,0.0,0.0,0.0,5.783164000000001,2.71714,384.5846,0.09832983340999837,0.17755773611077835,0.09128874858930254,17.998,0.0,0.8,0.0,17.998,0.0,0,0.0,0.0,1,0,1,0,0,0,1,1,24,3,3,1,1
1,250.304,25,6.547653701899713,-0.05921024752288684,0.008124893363898466,0.007983032087711688,0.004854983559300981,0.8048709770786874,0.17820789956268454,0.8005862503600365,0.1328172726235539,2.69748,2.69748,360.6,0,1,1,0,0,0,1,0,1,0,0.0,7.002,0.0,7.002,0.0,0.8,0.8,0.0,0.0,0.0,5.665872000000002,2.69748,380.49719999999996,0.0970808118111458,0.17820789956268454,0.0900255408628313,7.002,0.0,0.8,0.0,7.002,0.0,0,0.0,0.0,1,0,1,0,0,0,1,0,24,3,3,1,1
1,251.307,25,6.750597489564478,0.20233677733276656,0.0001730118594383676,0.007951881504460098,0.004541746231534135,0.8276909051280179,0.13227334668457863,0.7991691474472575,0.11375741146085501,2.68803,2.68803,353.825,0,1,1,0,0,0,1,0,1,0,0.0,8.004999999999999,0.0,8.004999999999999,0.0,0.9,0.9,0.0,0.0,0.0,3.082445000000001,2.68803,376.0023,0.052993702810952316,0.13227334668457863,0.048777829762382374,8.004999999999999,0.0,0.9,0.0,8.004999999999999,0.0,0,0.0,0.0,1,0,1,0,0,0,1,0,24,3,3,1,1
1,252.322,25,4.473257511012188,-2.2436847079332902,0.02450243362921988,0.024329421769781513,0.009958969293392501,0.8389485078342932,0.019757833689830837,0.7983149246697923,0.09137923254490772,2.68803,2.87726,349.381,0,1,1,0,0,0,1,0,1,0,0.0,9.02,0.0,9.02,0.0,1.0,1.0,0.0,0.0,0.0,2.854341000000001,2.68803,371.6782,0.012903193129317304,0.019757833689830837,0.04964711479778018,9.02,0.0,1.0,0.0,9.02,0.0,0,0.0,0.0,1,0,1,0,0,0,1,1,24,2,3,1,1
1,253.306,25,7.0173500110954725,2.5854598578082157,0.009171599648890076,0.015330833980329805,0.009947826614797525,0.8542134640931408,0.007706461735931118,0.7982239497052694,0.07007338574780077,2.68803,2.76152,342.499,0,1,1,0,0,0,1,0,1,0,0.0,10.004,0.0,10.004,0.0,1.0,1.0,0.0,0.0,0.0,2.8295390000000014,2.68803,367.34040000000005,0.00734903048137765,0.007706461735931118,0.01511076776408483,10.004,0.0,1.0,0.0,10.004,0.0,0,0.0,0.0,1,0,1,0,0,0,1,0,24,2,3,1,1
1,254.316,25,5.061234290164019,-1.9367482385459938,0.0016169212790101083,0.007554678369879967,0.009658519738852135,0.8640621812590935,0.0076239625147679286,0.7986254105990442,0.04875361421890691,2.68803,2.81633,337.471,0,1,1,1,1,1,1,1,1,1,0.0,11.014,0.0,11.014,0.0,1.0,1.0,0.1,0.1,0.0,2.798491000000001,2.68803,362.89009999999996,0.007440322875227246,0.0076239625147679286,0.009465312722295583,11.014,0.0,1.0,0.1,11.014,0.0,0,0.0,0.0,1,0,1,0,0,0,1,0,24,2,3,1,1
1,255.306,25,0.0,-5.112357868852544,1.5051677973583492e-08,0.0016169062273321347,0.010435433209561496,0.8640621812590935,0.007679281034371463,0.799026871492819,0.0271142677596231,2.68803,2.81724,337.478,0,1,1,1,1,1,1,1,1,1,0.99,12.004,0.99,12.004,0.99,1.0,1.0,0.2,0.2,0.0,2.7825900000000012,2.68803,358.4452,0.007387022110969312,0.007679281034371463,0.00960990588040311,12.004,0.99,1.0,0.2,12.004,0.99,0,0.0,0.0,1,0,1,0,0,0,1,1,23,2,3,1,1
1,256.308,25,0.0,0.0,1.4871418357133389e-08,1.8025961645010345e-10,0.010464358690107325,0.8640621812590935,0.007679702167469266,0.7992268527560455,0.009831839829710625,2.76152,2.81717,337.477,0,1,1,1,1,1,1,1,1,1,1.992,13.006,1.992,13.006,1.992,1.0,1.0,0.3,0.3,0.0,2.7761600000000013,2.68803,354.0083,0.006044324028122613,0.007679702167469266,0.008320508597866271,13.006,1.992,1.0,0.3,13.006,1.992,0,0.0,0.0,1,0,1,0,0,0,1,0,23,2,3,1,1
1,257.318,25,0.0,0.0,1.475362494440362e-08,1.1779341272976877e-10,0.003982902364555509,0.8640621812590935,0.007897191753569968,0.7983500143497524,0.007526305298773942,2.76152,2.81717,337.481,0,1,1,1,1,1,1,1,1,1,3.002,14.016,3.002,14.016,3.002,1.0,1.0,0.4,0.4,0.0,2.7738490000000016,2.68803,349.71439999999996,0.005337530974291012,0.007897191753569968,0.007684603568851173,14.016,3.002,1.0,0.4,14.016,3.002,0,0.0,0.0,1,1,1,0,0,0,1,1,24,2,3,1,1
1,258.341,25,0.0,0.0,1.4566139974435639e-08,1.8748496996798136e-10,0.0007231025553894706,0.8640621812590935,0.007901671859921229,0.7979079226611867,0.007034833670250544,2.81633,2.81731,337.484,0,1,1,1,1,1,1,1,1,1,4.025,15.039,4.025,15.039,4.025,1.0,1.0,0.5,0.5,0.0,2.7826650000000015,2.68803,346.0886,0.004373078029950449,0.007901671859921229,0.007426943715839203,15.039,4.025,1.0,0.5,15.039,4.025,0,0.0,0.0,1,1,1,0,0,1,1,1,24,2,3,1,1
1,259.325,25,0.0,0.0,1.514345649781266e-08,5.773165233770215e-10,1.2968692396323683e-08,0.8640621812590935,0.007910234126301912,0.7978562461112313,0.006456785522618344,2.81668,2.81668,337.479,0,1,1,1,1,1,1,1,1,1,5.009,16.023,5.009,16.023,5.009,1.0,1.0,0.6,0.6,0.0,2.7926190000000015,2.68803,343.1175,0.00435889341667742,0.007910234126301912,0.006476675500234973,16.023,5.009,1.0,0.6,16.023,5.009,0,0.0,0.0,1,1,1,0,0,1,1,0,24,2,3,1,1
1,260.356,26,0.0,0.0,1.4453114640007428e-08,6.903418578052321e-10,1.296944251222753e-08,0.8668201281740102,0.007897692629856692,0.7997143715244481,0.005971288463632498,2.81668,2.81786,337.482,0,1,1,1,1,1,1,1,1,1,6.04,17.054,6.04,17.054,6.04,1.0,1.0,0.7,0.7,0.0,2.8046570000000015,2.68803,340.8057,0.0035464055255990377,0.007897692629856692,0.00567837236049799,17.054,6.04,1.0,0.7,17.054,6.04,0,0.0,0.0,1,1,1,0,0,1,1,1,25,2,3,1,1
1,261.381,26,1.092495192932425,1.065848968714561,0.026078544509540277,0.026078530056425638,0.01166267306847772,0.8818481445805866,0.010491106180726151,0.8062599921882236,0.006683381147326856,2.74752,2.74752,336.308,0,1,1,0,0,0,1,0,1,0,0.0,18.079,0.0,18.079,0.0,1.0,1.0,0.7,0.7,0.0,2.8106060000000013,2.74752,339.054,0.006136958790609228,0.010491106180726151,0.007491037215694543,18.079,6.04,1.0,0.7,18.079,6.04,0,0.0,0.0,1,0,1,0,0,0,1,1,25,2,3,1,1
1,262.47,26,5.7326817597143735,4.2609610346941675,0.02059358958883694,0.005484954920703337,0.01292795392902409,0.888830889779763,0.00977948750005084,0.8198083196971628,0.0069802796108900155,2.74752,2.76272,330.094,0,1,1,0,0,0,1,0,1,0,0.0,19.168,0.0,19.168,0.0,1.0,1.0,0.7,0.7,0.0,2.7991520000000016,2.74752,337.12530000000004,0.005746074386570934,0.00977948750005084,0.005606590530786726,19.168,6.04,1.0,0.7,19.168,6.04,0,0.0,0.0,1,0,1,0,0,0,1,0,24,2,3,1,1
1,263.328,26,7.756975560793567,2.359316784474584,0.0005846170328455584,0.02000897255599138,0.012824659137914357,0.8891498822532576,0.009822186753126088,0.8323037357660782,0.007267962863201698,2.74752,2.76237,323.403,0,1,1,0,0,0,1,0,1,0,0.0,20.026,0.0,20.026,0.0,1.0,1.0,0.7,0.7,0.0,2.7992370000000015,2.74752,335.21569999999997,0.004887376124966482,0.009822186753126088,0.006074404388352884,20.026,6.04,1.0,0.7,20.026,6.04,0,0.0,0.0,1,0,1,0,0,0,1,0,24,2,3,1,1
1,264.329,26,6.949549857171757,-0.8066190845372728,0.0023380799977564784,0.0017534629649109202,0.012430457246005182,0.901322689136955,0.009798124550559983,0.8333924932778249,0.007545156613917002,2.72699,2.72699,316.473,0,1,1,0,0,0,1,0,1,0,0.0,21.027,0.0,21.027,0.0,1.0,1.0,0.6,0.6,0.0,2.7903030000000015,2.72699,333.11589999999995,0.004959491996841119,0.009798124550559983,0.005494282847855979,21.027,6.04,1.0,0.6,21.027,6.04,0,0.0,0.0,1,0,1,0,0,0,1,1,24,2,3,1,1
1,265.342,26,6.386214178180921,-0.5561062971281693,0.47653580377669597,0.4741977237789395,0.20786635014769286,0.932177932211538,0.14926300979185783,0.8380199227243521,0.02728824830773014,2.72699,27.2357,310.0,0,1,0,0,0,0,0,0,0,0,0.0,0.0,0.0,0.0,0.0,0.9,0.9,0.5,0.5,0.0,5.2321490000000015,2.72699,330.3681,0.052613070869342915,0.14926300979185783,0.05275236460301671,21.027,6.04,0.9,0.5,21.027,6.04,0,0.0,0.0,0,0,0,0,0,0,0,0,23,2,3,1,1
1,266.345,26,6.829329527234972,0.4417899791167002,0.34590609764033875,0.13062970613635722,0.2258529686610204,0.9825681071150287,0.17378229641022944,0.8523729268915068,0.048827109304821446,2.72699,7.69373,303.165,0,1,0,0,0,0,0,0,0,0,0.0,0.0,0.0,0.0,0.0,0.8,0.8,0.4,0.4,0.0,5.719805000000002,2.72699,326.9369,0.08720367914623497,0.17378229641022944,0.06581533519862648,21.027,6.04,0.8,0.4,21.027,6.04,0,0.0,0.0,0,0,0,0,0,0,0,0,23,2,3,1,1
1,267.349,26,6.60722499512173,-0.22121965349924436,0.17849590138314525,0.1674101962571935,0.21039059820218958,0.9967406034357954,0.17299527659370875,0.8681541987004794,0.06946787888858486,2.72699,4.08663,296.527,0,1,1,0,0,0,1,0,0,0,0.0,0.0,0.0,0.0,0.0,0.8,0.8,0.3,0.3,0.0,5.846751000000002,2.72699,322.8415,0.10505326780918697,0.17299527659370875,0.08255635481256648,21.027,6.04,0.7,0.3,21.027,6.04,0,0.0,0.0,0,0,0,0,0,0,0,0,23,2,3,1,1
1,268.34,26,4.745858911217108,-1.878270518571768,0.036670242070321414,0.14182565931282384,0.20226886328740878,0.9964126833690553,0.17089693877608678,0.8811085813080058,0.08962245496178678,2.72699,2.88765,291.857,0,1,1,1,1,1,1,1,0,0,0.0,0.991,0.0,0.0,0.0,0.8,0.8,0.3,0.3,0.0,5.853785000000002,2.72699,318.2788,0.10872029055960512,0.17089693877608678,0.09673892072510037,21.027,6.04,0.6,0.2,21.027,6.04,0,0.0,0.0,0,0,0,0,0,0,0,0,23,2,3,1,1
1,269.328,26,0.8713211157844482,-3.921596958939939,0.03727549934463623,0.0006052572743148188,0.1938152665919535,0.9935106074525792,0.16865388188709704,0.8919739304598634,0.10900398032411289,2.78235,2.78235,291.224,0,1,1,1,1,1,1,1,0,0,0.988,1.979,0.988,0.0,0.0,0.8,0.8,0.3,0.3,0.0,5.850352000000003,2.72699,313.6533,0.1124478389797231,0.16865388188709704,0.0967994463948002,21.027,6.04,0.5,0.1,21.027,6.04,0,0.0,0.0,0,0,0,0,0,0,0,0,23,2,3,1,1
1,270.375,27,0.612034652243159,-0.24764705209292184,0.0026291266629940037,0.03464637268164223,0.14319414971380318,0.9905440252459418,0.1684610512160397,0.9012575828682262,0.12332339399854897,2.78235,2.81327,290.786,0,1,1,1,1,1,1,1,0,0,2.035,3.026,2.035,0.0,0.0,0.8,0.8,0.3,0.3,0.0,5.849893000000002,2.72699,308.9837,0.11271075020071104,0.1684610512160397,0.10026408359393024,21.027,2.035,0.4,0.0,21.027,0.0,0,0.0,0.0,0,0,0,0,0,0,0,0,23,2,3,1,1
1,271.537,27,0.6209800555276291,0.007698281656170511,0.003066371458448782,0.00043724479545477826,0.07294572391850307,0.9874825932729903,0.1699267576559986,0.9092471672754747,0.1294516990835515,2.78235,2.86074,290.31,0,1,1,1,1,1,1,1,0,0,3.197,4.188,3.197,0.0,0.0,0.8,0.8,0.4,0.4,0.0,5.861215000000001,2.72699,304.3839,0.11040953289560189,0.1699267576559986,0.09769995506783315,21.027,3.197,0.3,0.0,21.027,0.0,0,0.0,0.0,0,0,0,0,0,0,0,0,23,2,3,1,1
1,272.394,27,3.6390813008458682,3.5217050703830095,0.06475583381925333,0.061689462360804546,0.026332961762356964,0.9750982237877613,0.16789489201847133,0.9160546530731482,0.13079219986688478,2.78235,3.7953,288.355,0,1,1,0,0,0,1,0,0,0,0.0,5.045,0.0,0.0,0.0,0.8,0.8,0.4,0.4,0.0,5.964473000000003,2.72699,300.21,0.11482575731864353,0.16789489201847133,0.10332040581184328,21.027,3.197,0.2,0.0,21.027,0.0,0,0.0,0.0,0,0,0,0,0,0,0,0,21,2,3,1,1
1,273.346,27,6.4425180490678295,2.944786500233153,0.016283970913521094,0.04847186290573224,0.026403255965232922,0.9584150065564938,0.16677764686882873,0.9212647301963159,0.13215005954961664,2.78235,5.2007,283.806,0,1,0,0,0,0,0,0,0,0,0.0,0.0,0.0,0.0,0.0,0.7,0.7,0.4,0.4,0.0,6.208306000000002,2.72699,296.25030000000004,0.1163956927067111,0.16677764686882873,0.10616669484681736,21.027,3.197,0.1,0.0,21.027,0.0,0,0.0,0.0,0,0,0,0,0,0,0,0,21,2,3,1,1
1,274.344,27,5.019735669713456,-1.425633646647669,3.130601924464054e-05,0.016252664894276455,0.027244782804501644,0.9524819455589643,0.16695443517039785,0.9256857184113094,0.13363149210546627,2.81327,5.73251,279.796,0,1,0,0,0,0,0,0,0,0,0.0,0.0,0.0,0.0,0.0,0.6,0.6,0.4,0.4,0.0,6.508858000000002,2.78235,292.5826,0.11616501530885989,0.16695443517039785,0.10761661503975391,5.045,3.197,0.0,0.0,0.0,0.0,0,0.0,0.0,0,0,0,0,0,0,0,0,21,2,3,1,1
1,275.352,27,0.3155261016716765,-4.66687457147002,2.0906174856594263e-08,3.128511306978394e-05,0.027622750814264026,0.9495959080505009,0.11144635795636453,0.9299624047508799,0.1156071321721234,2.86074,5.79305,279.753,0,1,0,1,1,0,0,0,0,0,0.0,0.0,0.0,0.0,0.0,0.6,0.6,0.4,0.4,0.0,4.364593000000001,2.78235,289.5579,0.06851143702180779,0.11144635795636453,0.060199971173166944,5.045,3.197,0.0,0.0,0.0,0.0,0,0.0,0.0,0,0,0,0,0,0,0,0,19,2,3,1,1
1,276.374,27,0.0,-0.30873395466895937,2.0619788899654615e-08,2.863859569396481e-10,0.028035603953150218,0.9495959080505009,0.055340894404499255,0.9342390910904502,0.09582539570133639,3.7953,5.79217,279.752,0,1,0,1,1,0,0,0,0,0,0.0,0.0,0.0,0.0,0.0,0.6,0.6,0.4,0.4,0.0,4.174437000000001,2.78235,287.2166,0.03392082931975281,0.055340894404499255,0.04713700058816982,5.045,3.197,0.0,0.0,0.0,0.0,0,0.0,0.0,0,0,0,0,0,0,0,0,19,2,3,1,1
1,277.378,27,0.0,0.0,2.098946638988747e-08,3.696774902328539e-10,0.007278918678610083,0.9495959080505009,0.0226718699549878,0.9385157774300206,0.07551422774897844,5.2007,5.79441,279.759,0,1,0,1,1,0,0,0,0,0,0.0,0.0,0.0,0.0,0.0,0.5,0.5,0.4,0.4,0.0,4.345215000000001,2.78235,285.5398,0.016071241280384917,0.0226718699549878,0.030395980999418214,5.045,3.197,0.0,0.0,0.0,0.0,0,0.0,0.0,0,0,0,0,0,0,0,0,19,2,3,1,1
1,278.398,27,0.0,0.0,2.066021985828139e-08,3.292465316060782e-10,1.3991184410279023e-05,0.9495959080505009,0.021923143454031853,0.9427924637695909,0.05528874053867859,5.73251,5.79326,279.754,0,1,0,1,1,0,0,0,0,0,0.0,0.0,0.0,0.0,0.0,0.4,0.4,0.3,0.3,0.0,4.635776000000002,2.78235,284.3295,0.012404219139374765,0.021923143454031853,0.01621341510106048,5.045,3.197,0.0,0.0,0.0,0.0,0,0.0,0.0,0,0,0,0,0,0,0,0,18,2,3,1,1
1,279.345,27,1.183475748226381,1.2497103993942777,0.07384542264499593,0.07384540198477607,0.03302466767296487,0.9498649998880663,0.028574119895663237,0.9470826047010397,0.039209680646779724,3.05223,3.05223,278.608,0,1,1,0,0,0,1,0,0,0,0.0,0.0,0.0,0.0,0.0,0.4,0.4,0.2,0.2,0.0,4.662764000000001,2.81327,283.0679,0.01606121146941073,0.028574119895663237,0.023537429572106607,5.045,3.197,0.0,0.0,0.0,0.0,0,0.0,0.0,0,0,0,0,0,0,0,0,18,2,3,1,1
1,280.348,28,2.7386079782042603,1.5504807876150344,0.0029759491087189166,0.07086947353627701,0.03271733551819996,0.9470033963752282,0.02855620989192703,0.9510917681111003,0.028161999227219403,3.05223,3.16675,276.608,0,1,1,0,0,0,1,0,0,0,0.0,1.003,0.0,0.0,0.0,0.4,0.4,0.1,0.1,0.0,4.698112000000002,2.86074,281.6501,0.016095893713983227,0.02855620989192703,0.027159739657570087,5.045,3.197,0.0,0.0,0.0,0.0,0,0.0,0.0,0,0,0,0,0,0,0,0,18,2,3,1,1
1,281.349,28,4.564942689430632,1.8245102010253464,0.006378723411805815,0.003402774303086899,0.03208675068415235,0.947459124798664,0.0284071037505564,0.9543723171220042,0.02407610190378433,3.05223,3.2771,272.833,0,1,1,0,0,0,1,0,0,0,0.0,2.0039999999999996,0.0,0.0,0.0,0.4,0.4,0.0,0.0,0.0,4.739748000000001,3.05223,279.9024,0.01642712890931893,0.0284071037505564,0.0274562926083333,5.045,0.0,0.0,0.0,0.0,0.0,0,0.0,0.0,0,0,0,0,0,0,0,0,18,2,3,1,1
1,282.354,28,6.781545960159225,2.2055753937597946,0.0007711253756388728,0.005607598036166943,0.031988480722152546,0.9489140847308877,0.023004140517083573,0.9573764768695605,0.024641653799763887,3.05223,3.35567,266.101,0,1,1,0,0,0,1,0,0,0,0.0,3.0089999999999995,0.0,0.0,0.0,0.4,0.4,0.0,0.0,0.0,4.695785000000002,3.05223,277.677,0.010028658064957483,0.023004140517083573,0.021848106175869537,3.0089999999999995,0.0,0.0,0.0,0.0,0.0,0,0.0,0.0,0,0,0,0,0,0,0,0,18,2,3,1,1
1,283.349,28,6.568915568891021,-0.21369888569668782,9.907984198651577e-07,0.0007701345772190076,0.03198835339211603,0.9494784240098763,0.023088298999468307,0.9603929039573915,0.0252001635424522,3.05223,3.42777,259.635,0,1,1,0,0,0,1,0,0,0,0.0,4.004,0.0,0.0,0.0,0.5,0.5,0.0,0.0,0.0,4.518492000000001,3.05223,275.2599,0.008400360053447358,0.023088298999468307,0.017077933343018215,4.004,0.0,0.0,0.0,0.0,0.0,0,0.0,0.0,0,0,0,0,0,0,0,0,18,2,3,1,1
1,284.353,28,6.708315215601213,0.13884426963166546,0.0,9.907984198651577e-07,0.0027216103200308384,0.9500217162955727,0.023089561955791742,0.9628278553153224,0.022747846294005118,3.16675,3.51602,252.924,0,1,1,0,0,0,1,0,0,0,0.0,5.007999999999999,0.0,0.0,0.0,0.6,0.6,0.0,0.0,0.0,4.296843000000002,3.05223,272.57270000000005,0.008397229451522896,0.023089561955791742,0.015452765933432555,5.007999999999999,0.0,0.0,0.0,0.0,0.0,0,0.0,0.0,0,0,0,0,0,0,0,0,18,2,3,1,1
1,285.367,28,6.515645275332039,-0.19000980302679887,0.11056972567233389,0.11056972567233389,0.04872196805857921,0.9523530959001285,0.03936198215597142,0.9638366134997518,0.024857768018436636,3.2771,9.10703,246.39,0,1,0,0,0,0,0,0,0,0,0.0,0.0,0.0,0.0,0.0,0.6,0.6,0.0,0.0,0.0,4.628241000000001,3.05223,269.2364,0.0194541999281388,0.03936198215597142,0.026506609989358963,5.007999999999999,0.0,0.0,0.0,0.0,0.0,0,0.0,0.0,0,0,0,0,0,0,0,0,18,2,3,1,1
1,286.362,28,4.62849632252467,-1.89663211337424,0.0010356558899776902,0.1095340697823562,0.04924832752035176,0.9535779165422061,0.039306433133501864,0.9623871039711107,0.026979040375156794,3.35567,9.37413,241.865,0,1,0,0,0,0,0,0,0,0,0.0,0.0,0.0,0.0,0.0,0.6,0.6,0.0,0.0,0.0,4.986437000000001,3.05223,265.4477,0.019557763455157678,0.039306433133501864,0.03746001693895599,5.007999999999999,0.0,0.0,0.0,0.0,0.0,0,0.0,0.0,0,0,0,0,0,0,0,0,17,2,3,1,1
1,287.364,28,4.023655059847611,-0.6036339946876839,1.3951419633390892e-06,0.0010342607480143512,0.04933426311378149,0.9518792644669373,0.03930635716488882,0.9601440370226679,0.031184574818673934,3.42777,9.99843,238.911,0,1,0,0,0,0,0,0,0,0,0.0,0.0,0.0,0.0,0.0,0.6,0.6,0.0,0.0,0.0,5.406839000000001,3.05223,261.36289999999997,0.01955790087040737,0.03930635716488882,0.03756344297678968,5.007999999999999,0.0,0.0,0.0,0.0,0.0,0,0.0,0.0,0,0,0,0,0,0,0,0,17,2,3,1,1
1,288.365,28,4.076454026193527,0.05274622012579051,0.11935708939099329,0.11935569424902995,0.06285696087125048,0.9483811080450452,0.049506075707505495,0.9577424582564674,0.03746887178735795,3.51602,4.60488,236.271,0,1,1,0,0,0,1,0,0,0,0.0,0.0,0.0,0.0,0.0,0.7,0.7,0.0,0.0,0.0,5.288001000000001,3.05223,257.01460000000003,0.03149360774348471,0.049506075707505495,0.049499012368768025,5.007999999999999,0.0,0.0,0.0,0.0,0.0,0,0.0,0.0,0,0,0,0,0,0,0,0,15,2,3,1,1
1,289.37,28,4.005299452273651,-0.07080057106455324,0.012854310225596561,0.10650277916539673,0.060721957063947764,0.9503408710699314,0.04742177113088261,0.9555839714373349,0.04023860072645624,4.55109,4.55109,233.208,0,1,1,0,0,0,1,0,0,0,0.0,1.005,0.0,0.0,0.0,0.7,0.7,0.0,0.0,0.0,5.437887000000002,3.16675,252.4746,0.025394496501544777,0.04742177113088261,0.05276475008683009,5.007999999999999,0.0,0.0,0.0,0.0,0.0,0,0.0,0.0,0,0,0,0,0,0,0,0,15,2,3,1,1
1,290.368,29,4.0370814848791765,0.03184572405363241,0.01132517796801902,0.0015291322575775416,0.05089295997992026,0.9500485250322678,0.04705529004296404,0.9535591964266512,0.042056163172628266,4.18671,4.18671,229.234,0,1,1,0,0,0,1,0,0,0,0.0,2.003,0.0,0.0,0.0,0.7,0.7,0.0,0.0,0.0,5.5398830000000014,3.2771,247.73719999999997,0.026229419387474796,0.04705529004296404,0.04583071595896014,5.007999999999999,0.0,0.0,0.0,0.0,0.0,0,0.0,0.0,0,0,0,0,0,0,0,0,15,2,3,1,1
1,291.368,29,3.9408811197490805,-0.096200365130096,0.0032971241352389145,0.008028053832780106,0.05059241452703043,0.9447057381495766,0.047209572121027395,0.9514203536704805,0.04390672955691608,3.9624,3.9624,225.275,0,1,1,0,0,0,1,0,0,0,0.0,3.003,0.0,0.0,0.0,0.7,0.7,0.0,0.0,0.0,5.608413000000001,3.35567,242.98140000000004,0.025921259459818095,0.047209572121027395,0.04629324391192946,5.007999999999999,0.0,0.0,0.0,0.0,0.0,0,0.0,0.0,0,0,0,0,0,0,0,0,14,2,3,1,1
1,292.368,29,1.7541083204871308,-2.1867727992619495,0.011080229174196293,0.007783105038957379,0.0492084553895657,0.9480257356564724,0.046709257317091024,0.9500667292639161,0.045628727023657396,3.58031,3.58031,223.498,0,1,1,1,1,1,1,1,0,0,0.0,4.003,0.0,0.0,0.0,0.7,0.7,0.1,0.1,0.0,5.630877000000001,3.42777,238.72110000000004,0.026952169839673846,0.046709257317091024,0.04651079461220851,5.007999999999999,0.0,0.0,0.0,0.0,0.0,0,0.0,0.0,0,0,0,0,0,0,0,0,13,2,3,1,1
1,293.369,29,0.0,-1.7523559645226083,0.0,0.011080229174196293,0.005696697467864275,0.952061100037211,0.04670932083913912,0.9497490339379521,0.04299956143123222,3.58031,3.58086,223.505,0,1,1,1,1,1,1,1,0,0,1.001,5.004,1.001,0.0,0.0,0.7,0.7,0.2,0.2,0.0,5.646186000000002,3.51602,235.10809999999998,0.02695207075983186,0.04670932083913912,0.04754180407190623,5.007999999999999,1.001,0.0,0.0,0.0,0.0,0,0.0,0.0,0,0,0,0,0,0,0,0,13,2,3,1,1
1,294.375,29,0.0,0.0,0.0,0.0,0.005696010430779272,0.9528419570472104,0.04670932083913912,0.9497670345123643,0.04329700144230706,3.58031,3.58064,223.505,0,1,1,1,1,1,1,1,0,0,2.0069999999999997,6.01,2.0069999999999997,0.0,0.0,0.7,0.7,0.3,0.3,0.0,5.652648000000001,3.58031,232.16619999999998,0.02695207075983186,0.04670932083913912,0.04754170499206424,6.01,2.0069999999999997,0.0,0.0,0.0,0.0,0,0.0,0.0,0,0,0,0,0,0,0,0,12,2,3,1,1
1,295.371,29,0.0,0.0,0.0,0.0,0.004803666528801761,0.9556709306715322,0.03673899133819835,0.9500707856434157,0.03890517128932931,3.57971,3.57971,223.502,0,1,1,1,1,1,1,1,0,0,3.003,7.006,3.003,0.0,0.0,0.8,0.8,0.4,0.4,0.0,5.099916000000001,3.57971,229.8774,0.01589509819259847,0.03673899133819835,0.03648473242483086,7.006,3.003,0.0,0.0,0.0,0.0,0,0.0,0.0,0,0,0,0,0,0,0,0,11,2,3,1,1
1,296.373,29,0.0,0.0,0.0,0.0,0.004955229127973565,0.9556709306715322,0.03678696209804819,0.9503745367744674,0.0344758614500915,3.57971,3.58157,223.504,0,1,1,1,1,1,1,1,0,0,4.005,8.008,4.005,0.0,0.0,0.9,0.9,0.5,0.5,0.0,4.520660000000001,3.57971,228.0413,0.015791532603600698,0.03678696209804819,0.025531325446595234,8.008,4.005,0.0,0.0,0.0,0.0,0,0.0,0.0,0,0,0,0,0,1,0,0,11,2,3,1,1
1,297.372,29,0.0,0.0,0.0,0.0,1.3273516533333714e-08,0.9556709306715322,0.03678702863834788,0.9506782879055189,0.029542436466065004,3.57884,3.57884,223.492,0,1,1,1,1,1,1,1,0,0,5.004,9.007,5.004,0.0,0.0,1.0,1.0,0.6,0.6,0.0,3.878701000000001,3.57884,226.49939999999998,0.015791393089404367,0.03678702863834788,0.0254278993717938,9.007,5.004,0.0,0.0,0.0,0.0,0,0.0,0.0,0,0,0,0,0,1,0,0,10,2,3,1,1
1,298.381,29,0.0,0.0,0.0,0.0,1.3273516533333714e-08,0.9556709306715322,0.005562497948362488,0.9509820390365705,0.023256741706291606,3.57884,3.58102,223.501,0,1,1,1,1,1,1,1,0,0,6.013,10.016,6.013,0.0,0.0,1.0,1.0,0.7,0.7,0.0,3.7763150000000016,3.57884,225.22240000000002,0.0038556841503050348,0.005562497948362488,0.013492329946890804,10.016,6.013,0.0,0.0,0.0,0.0,0,0.0,0.0,0,0,0,0,0,1,0,0,9,2,3,1,1
1,299.373,29,0.0,0.0,0.0,0.0,1.3273516533333714e-08,0.9556028453170667,0.0046647633108496634,0.9512689313080205,0.017184547327248483,3.57884,3.58031,223.499,0,1,1,1,1,1,1,1,0,0,7.005,11.008,7.005,0.0,0.0,1.0,1.0,0.8,0.8,0.0,3.6792370000000014,3.57884,224.2515,0.0025702531277453783,0.0046647633108496634,0.0028420520303511316,11.008,7.005,0.0,0.0,0.0,0.0,0,0.0,0.0,0,0,0,0,0,1,0,0,9,2,3,1,1
1,300.382,30,0.0,0.0,0.0,0.0,1.3273516533333714e-08,0.959072790760968,0.0035429378471256304,0.9518724010273075,0.01209525265660811,3.57884,3.58075,223.504,0,1,1,1,1,1,1,1,0,0,8.014,12.017,8.014,0.0,0.0,1.0,1.0,0.9,0.9,0.0,3.6186410000000016,3.57884,223.67849999999999,0.0014377353309434763,0.0035429378471256304,0.002689138804593378,12.017,8.014,0.0,0.0,0.0,0.0,0,0.0,0.0,0,0,0,0,0,1,0,0,9,2,3,1,1
1,301.377,30,0.0,0.0,0.0,0.0,1.3273516533333714e-08,0.9605118231963745,0.0035038761187091614,0.952525035947193,0.00703601253125672,3.57884,3.58075,223.507,0,1,1,1,1,1,1,1,0,0,9.009,13.011999999999999,9.009,0.0,0.0,1.0,1.0,1.0,1.0,0.0,3.5804760000000018,3.57884,223.50169999999997,0.001108022917419585,0.0035038761187091614,0.0018863334213153672,13.011999999999999,9.009,0.0,0.0,0.0,0.0,0,0.0,0.0,0,0,0,0,0,1,0,0,9,2,3,1,1
1,302.383,30,0.0,0.0,0.0,0.0,1.3273516533333714e-08,0.9556285576065674,0.0,0.952860759590977,0.0021151683196518048,3.57949,3.57949,223.5,0,1,1,1,1,1,1,1,0,0,10.015,14.017999999999999,10.015,0.0,0.0,1.0,1.0,1.0,1.0,0.0,3.580394000000002,3.57884,223.50190000000003,0.0,0.0,0.0011080229174196294,14.017999999999999,10.015,0.0,0.0,0.0,0.0,0,0.0,0.0,0,0,0,0,0,1,0,0,9,2,3,1,1
1,303.406,30,0.2939727290551901,0.28736337151044977,0.03547371237892196,0.03547371237892196,0.015864326458714544,0.9430955625569157,0.011217772817910341,0.9525416165183291,0.0031319312187368317,3.01681,3.01681,223.502,0,1,1,1,1,1,1,1,0,0,11.038,15.040999999999999,11.038,0.0,0.0,1.0,1.0,1.0,1.0,0.0,3.5239890000000016,3.01681,223.5016,0.003547371237892152,0.011217772817910341,0.003547371237892196,15.040999999999999,11.038,0.0,0.0,0.0,0.0,0,0.0,0.0,0,0,0,0,0,0,0,0,9,2,3,1,1
1,304.417,30,1.6621004818608565,1.353242089817672,0.005444368447336159,0.0300293439315858,0.015436705850283339,0.8721239285314332,0.011158437185886699,0.9486467271301221,0.004106000760687238,3.01681,3.13513,223.51,0,1,1,1,1,1,1,1,0,0,12.049,16.052,12.049,0.0,0.0,1.0,1.0,1.0,1.0,0.0,3.479438000000001,3.01681,223.5021,0.004091808082625768,0.011158437185886699,0.006550305631050776,16.052,12.049,0.0,0.0,0.0,0.0,0,0.0,0.0,0,0,0,0,0,0,0,0,9,2,3,1,1
1,305.418,30,0.7329434157517706,-0.9282288372718142,0.002051822430580188,0.0033925460167559714,0.015190069748356561,0.8137777478455053,0.01109351229036973,0.9417179597273908,0.0051446410826427175,3.01681,3.13282,223.53,0,1,1,1,1,1,1,1,0,0,13.049999999999999,17.052999999999997,13.049999999999999,0.0,0.0,1.0,1.0,1.0,1.0,0.0,3.4347490000000014,3.01681,223.5049,0.004296990325683786,0.01109351229036973,0.006889560232726373,17.052999999999997,13.049999999999999,0.0,0.0,0.0,0.0,0,0.0,0.0,0,0,0,0,0,1,0,0,9,2,3,1,1
1,306.442,30,0.0,-0.7157650544450884,2.9103830456733704e-08,0.002051793326749731,0.015190065631893387,0.7795628841521923,0.011093511037800754,0.9330172081078901,0.006168124733034701,3.01681,3.13282,223.531,0,1,1,1,1,1,1,1,0,0,14.074,18.076999999999998,14.074,0.0,0.0,1.0,1.0,1.0,1.0,0.0,3.3898740000000016,3.01681,223.5076,0.004296993236066832,0.011093511037800754,0.0070947395654013465,18.076999999999998,14.074,0.0,0.0,0.0,0.0,0,0.0,0.0,0,0,0,0,0,1,0,0,8,2,3,1,1
1,307.425,30,2.807259790543692,2.8558085356497376,0.014890043147667871,0.014890014043837415,0.014529224211871644,0.7576147831085454,0.011446353623059709,0.9233039840399707,0.007621045826870211,3.01681,3.01707,222.122,0,1,1,0,0,0,1,0,0,0,0.0,19.06,0.0,0.0,0.0,1.0,1.0,0.9,0.9,0.0,3.3336970000000017,3.01681,223.37060000000002,0.005785997550833619,0.011446353623059709,0.008583740969785088,19.06,14.074,0.0,0.0,0.0,0.0,0,0.0,0.0,0,0,0,0,0,0,0,0,8,2,3,1,1
1,308.448,30,1.3732946451213437,-1.4017254598458928,0.0002202559145556826,0.01466978723311219,0.006192779667256797,0.7626240060085463,0.01143418831795411,0.9140161289381457,0.008240322466244237,3.01707,3.0222,220.742,0,1,1,0,0,0,1,0,0,0,0.0,20.083,0.0,0.0,0.0,1.0,1.0,0.8,0.8,0.0,3.2778150000000013,3.01681,223.09470000000002,0.005808023142289188,0.01143418831795411,0.010050719693096306,20.083,14.074,0.0,0.0,0.0,0.0,0,0.0,0.0,0,0,0,0,0,0,0,0,8,2,3,1,1
1,309.39,30,0.0,-1.4578499417424031,0.0,0.0002202559145556826,0.006462661802136508,0.748032708066349,0.01143418831795411,0.9039007207879666,0.008886587319106234,3.01707,3.02174,220.736,0,1,1,0,0,0,1,0,0,0,0.0,21.025,0.0,0.0,0.0,1.0,1.0,0.7,0.7,0.0,3.2219580000000017,3.01681,222.81840000000003,0.005808023142289188,0.01143418831795411,0.010072745284551874,21.025,14.074,0.0,0.0,0.0,0.0,0,0.0,0.0,0,0,0,0,0,0,0,0,7,2,3,1,1
1,310.391,31,0.10014455605237296,0.10004451154083215,0.0,0.0,0.006635086550899072,0.6589831126312194,0.01143418831795411,0.889347450167914,0.00955009464684449,3.01707,3.02362,220.803,0,1,1,0,0,0,1,0,0,0,0.0,22.026,0.0,0.0,0.0,1.0,1.0,0.6,0.6,0.0,3.1662450000000013,3.01681,222.5483,0.005808023142289188,0.01143418831795411,0.010072745284551874,22.026,14.074,0.0,0.0,0.0,0.0,0,0.0,0.0,0,0,0,0,0,0,0,0,7,2,3,1,1
1,311.392,31,0.14197066072642933,0.04178432035370267,0.0,0.0,0.0066350898648406065,0.48643127434750355,0.01143418831795411,0.8664337269778105,0.010213602305976895,3.01707,3.02407,220.926,0,1,1,0,0,0,1,0,0,0,0.0,23.026999999999997,0.0,0.0,0.0,1.0,1.0,0.5,0.5,0.0,3.110577000000002,3.01681,222.2902,0.005808023142289188,0.01143418831795411,0.010072745284551874,23.026999999999997,14.074,0.0,0.0,0.0,0.0,0,0.0,0.0,0,0,0,0,0,0,0,0,7,2,3,1,1
1,312.398,31,0.0009940357852788906,-0.14013581008066642,0.0,0.0,9.850144037295915e-05,0.36096418634831506,0.01143418831795411,0.8370806495124026,0.010223451122662538,3.02174,3.02446,220.94,0,1,1,0,0,0,1,0,0,0,0.0,24.032999999999998,0.0,0.0,0.0,1.0,1.0,0.4,0.4,0.0,3.0550740000000016,3.01681,222.0342,0.005808023142289188,0.01143418831795411,0.010072745284551874,24.032999999999998,14.074,0.0,0.0,0.0,0.0,0,0.0,0.0,0,0,0,0,0,0,0,0,6,2,3,1,1
1,313.396,31,0.0,-0.0009960278409608123,0.0,0.0,1.327435935916506e-08,0.36096418634831506,0.00476687121188867,0.8075258038279578,0.00863701980422702,3.02174,3.02492,220.944,0,1,1,0,0,0,1,0,0,0,0.0,25.031,0.0,0.0,0.0,1.0,1.0,0.3,0.3,0.0,3.0558850000000013,3.01707,221.7784,0.002260651904396991,0.00476687121188867,0.006525374046659679,25.031,14.074,0.0,0.0,0.0,0.0,0,0.0,0.0,0,0,0,0,0,0,0,0,6,2,3,1,1
1,314.398,31,0.0,0.0,0.0,0.0,1.327435935916506e-08,0.36096418634831506,0.004672828450909118,0.777931915293013,0.007093350546634622,3.02362,3.02453,220.943,0,1,1,0,0,0,1,0,0,0,0.0,26.032999999999998,0.0,0.0,0.0,1.0,1.0,0.2,0.2,0.0,3.0448250000000017,3.01707,221.5217,0.0017162150596633755,0.004672828450909118,0.003522439653501099,26.032999999999998,14.074,0.0,0.0,0.0,0.0,0,0.0,0.0,0,0,0,0,0,0,0,0,6,2,3,1,1
1,315.396,31,0.0,0.0,0.0,0.0,1.327435935916506e-08,0.36096418634831506,0.004701414632020286,0.7481965780768521,0.005574344899234902,3.02407,3.02479,220.949,0,1,1,0,0,0,1,0,0,0,0.0,27.031,0.0,0.0,0.0,1.0,1.0,0.1,0.1,0.0,3.034022000000001,3.01707,221.2636,0.0015110328166053565,0.004701414632020286,0.0031831850518255016,27.031,14.074,0.0,0.0,0.0,0.0,0,0.0,0.0,0,0,0,0,0,0,0,0,5,2,2,1,0
1,316.4,31,0.0,0.0,0.0,0.0,1.327435935916506e-08,0.36096418634831506,0.004701415671338014,0.7184612408606913,0.004055339663481499,3.0244,3.0244,220.945,0,1,1,0,0,0,1,0,0,0,0.0,28.035,0.0,0.0,0.0,1.0,1.0,0.0,0.0,0.0,3.0231800000000013,3.01707,221.00499999999997,0.0015110299062223108,0.004701415671338014,0.0029780057191505288,28.035,0.0,0.0,0.0,0.0,0.0,0,0.0,0.0,0,0,0,0,0,0,0,0,5,2,2,1,0
1,317.407,31,0.0,0.0,0.0,0.0,1.327435935916506e-08,0.36096418634831506,6.96510358117483e-05,0.6887259036445305,0.002602418569730271,3.0244,3.02517,220.947,0,1,1,0,0,0,1,0,0,0,0.0,29.041999999999998,0.0,0.0,0.0,1.0,1.0,0.0,0.0,0.0,3.0239900000000013,3.02174,220.8875,2.2025591455523853e-05,6.96510358117483e-05,0.0014890043147667872,29.041999999999998,0.0,0.0,0.0,0.0,0.0,0,0.0,0.0,0,0,0,0,0,0,0,0,4,2,2,1,0
1,318.404,31,0.0,0.0,0.0,0.0,1.327435935916506e-08,0.36096418634831506,0.0,0.6589905664283696,0.001983141930440527,3.0244,3.0244,220.938,0,1,1,0,0,0,1,0,0,0,0.0,30.038999999999998,0.0,0.0,0.0,1.0,1.0,0.0,0.0,0.0,3.0242100000000014,3.02174,220.90709999999999,0.0,0.0,2.202559145556826e-05,30.038999999999998,0.0,0.0,0.0,0.0,0.0,0,0.0,0.0,0,0,0,0,0,0,0,0,3,2,2,1,0
1,319.405,31,0.0,0.0,0.0,0.0,1.327435935916506e-08,0.36096418634831506,0.0,0.6292586334799319,0.0013368770776628126,3.02427,3.02427,220.938,0,1,1,0,0,0,1,0,0,0,0.0,31.04,0.0,0.0,0.0,1.0,1.0,0.0,0.0,0.0,3.0244630000000017,3.02362,220.9273,0.0,0.0,0.0,31.04,0.0,0.0,0.0,0.0,0.0,0,0.0,0.0,0,0,0,0,0,0,0,0,3,2,2,1,0
1,320.405,32,0.0,0.0,0.0,0.0,1.327435935916506e-08,0.36096418634831506,0.0,0.5993532032592994,0.0006733697500088411,3.02427,3.02511,220.946,0,1,1,0,0,0,1,0,0,0,0.0,32.04,0.0,0.0,0.0,1.0,1.0,0.0,0.0,0.0,3.0246120000000016,3.02407,220.94160000000002,0.0,0.0,0.0,32.04,0.0,0.0,0.0,0.0,0.0,0,0.0,0.0,0,0,0,0,0,0,0,0,2,1,1,0,0
1,321.408,32,0.0,0.0,0.0,0.0,1.327435935916506e-08,0.36096418634831506,0.0,0.5693758214168965,9.862090960716388e-06,3.02427,3.02459,220.941,0,1,1,0,0,0,1,0,0,0,0.0,33.043,0.0,0.0,0.0,1.0,1.0,0.0,0.0,0.0,3.0246640000000014,3.02427,220.94310000000002,0.0,0.0,0.0,33.043,0.0,0.0,0.0,0.0,0.0,0,0.0,0.0,0,0,0,0,0,0,0,0,1,1,1,0,0
1,322.409,32,0.0,0.0,0.0,0.0,1.327435935916506e-08,0.36096418634831506,0.0,0.5396426028539837,1.327435935916506e-08,3.02427,3.02466,220.949,0,1,1,0,0,0,1,0,0,0,0.0,34.044,0.0,0.0,0.0,1.0,1.0,0.0,0.0,0.0,3.0246840000000015,3.02427,220.94400000000002,0.0,0.0,0.0,34.044,0.0,0.0,0.0,0.0,0.0,0,0.0,0.0,0,0,0,0,0,0,0,0,1,1,1,0,0
1,323.41,32,0.0,0.0,0.0,0.0,1.327435935916506e-08,0.36909951707215216,0.0,0.5109428005797456,1.327435935916506e-08,3.02427,3.02453,220.946,0,1,1,0,0,0,1,0,0,0,0.0,35.044999999999995,0.0,0.0,0.0,1.0,1.0,0.0,0.0,0.0,3.0246450000000014,3.02427,220.9442,0.0,0.0,0.0,35.044999999999995,0.0,0.0,0.0,0.0,0.0,0,0.0,0.0,0,0,0,0,0,0,0,0,1,1,1,0,0
