jogador_sessao,tempo_run_s,janela_analise_10s,vel_posicao,acel_linear,vel_rotacao,jitter_mira,entropia_mov,eficiencia_trajeto,var_camera_durante_corrida,eficiencia_mean_20s,entropia_mean_10s,travado_min_5s,travado_em_player,distancia_alvo,tem_visao,alvo_encontrado,alvo_na_mira,mirando,mirando_ads,mirando_alvo,alvo_oculto_na_mira,mirando_alvo_oculto,duracao_mirando_alvo_s,duracao_rastreando_oculto_s,duracao_mirando_oculto_s,taxa_alvo_na_mira_10s,taxa_alvo_oculto_10s,taxa_mirando_alvo_10s,taxa_mira_oculta_10s,taxa_visao_direta_10s,angulo_medio_alvo_10s,angulo_minimo_alvo_10s,distancia_media_alvo_10s,vel_rotacao_media_10s,vel_rotacao_std_10s,jitter_medio_10s,persistencia_oculta_max_10s,persistencia_mira_oculta_max_10s,perseguindo_player,duracao_perseguicao_oculta_s,duracao_speedhack_s,tracking_oculto_suspeito,mira_armada_oculta_suspeita,wallhack_suspeito,alerta_speedhack,alerta_aimbot,alerta_lockon,esp_oculto_longa_distancia,pontos_evento,pontos_suspeita_60s,tipos_evidencia_60s,nivel_suspeita,candidato_revisao,candidato_banimento
1,0.0,0,0.0,0.0,0.0,0.0,0.0,0.0,0.0,0.0,0.0,0.876926,0.876926,3.00046,0,1,1,0,0,0,1,0,0.0,1.0,0.0,1.0,1.0,0.0,0.0,0.0,0.876926,0.876926,3.00046,0.0,0.0,0.0,1.0,0.0,0,0.0,0.0,0,0,0,0,0,0,0,0,0,0,0,0,0
1,0.771,0,0.0,0.0,2.733258658294036e-08,2.733258658294036e-08,1.9327057320165573e-08,0.0,1.9327057320165573e-08,0.0,9.663528660082787e-09,0.876926,30.2203,3.20121,1,1,0,0,0,0,0,0,0.0,0.0,0.0,0.5,0.5,0.0,0.0,0.5,15.548613000000001,0.876926,3.100835,1.366629329147018e-08,1.9327057320165573e-08,1.366629329147018e-08,1.0,0.0,0,0.0,0.0,0,0,0,0,0,0,0,0,0,0,0,0,0
1,1.779,0,0.0,0.0,2.0906174856594263e-08,6.4264117263460976e-09,1.4291239765003736e-08,0.0,1.4291239765003736e-08,0.0,1.120609902838977e-08,0.876926,30.2571,3.19513,1,1,0,0,0,0,0,0,0.0,0.0,0.0,0.3333333333333333,0.3333333333333333,0.0,0.0,0.6666666666666666,20.451442,0.876926,3.1322666666666663,1.6079587146511543e-08,1.4291239765003736e-08,1.1252999436428819e-08,1.0,0.0,0,0.0,0.0,0,0,0,0,0,0,0,0,0,0,0,0,0
1,2.775,0,0.0,0.0,2.1158056481372508e-08,2.5188162477824473e-10,1.194183411555766e-08,0.0,1.194183411555766e-08,0.0,1.1390032800181742e-08,0.876926,30.2654,3.19825,1,1,0,0,0,0,0,0,0.0,0.0,0.0,0.25,0.25,0.0,0.0,0.75,22.9049315,0.876926,3.1487625,1.7349204480226783e-08,1.194183411555766e-08,8.502719983516177e-09,1.0,0.0,0,0.0,0.0,0,0,0,0,0,0,0,0,0,0,0,0,0
1,3.778,0,0.0,0.0,2.1010393076218364e-08,1.476634051541435e-10,1.047074075315144e-08,0.0,1.047074075315144e-08,0.0,1.1206174390775681e-08,0.876926,30.2522,3.19899,1,1,0,0,0,0,0,0,0.0,0.0,0.0,0.2,0.2,0.0,0.0,0.8,24.3743852,0.876926,3.1588079999999996,1.80814421994251e-08,1.047074075315144e-08,6.831708667843769e-09,1.0,0.0,0,0.0,0.0,0,0,0,0,0,0,0,0,0,0,0,0,0
1,4.788,0,0.0,0.0,2.0864776490541602e-08,1.4561658567676252e-10,2.8410502390721722e-09,0.0,9.433996387098238e-09,0.0,9.81198703215843e-09,30.2203,30.2574,3.19621,1,1,0,0,0,0,0,0,0.0,0.0,0.0,0.16666666666666666,0.16666666666666666,0.0,0.0,0.8333333333333334,25.354887666666666,0.876926,3.1650416666666668,1.8545331247944515e-08,9.433996387098238e-09,5.717359987482602e-09,1.0,0.0,0,0.0,0.0,0,0,0,0,0,0,0,0,0,0,0,0,0
1,5.788,0,0.0,0.0,2.1073424255447017e-08,2.086477649054156e-10,1.1993398884769996e-10,0.0,8.664868311092142e-09,0.0,8.427408025971183e-09,30.2522,30.2627,3.19694,1,1,0,0,0,0,0,0,0.0,0.0,0.0,0.14285714285714285,0.14285714285714285,0.0,0.0,0.8571428571428571,26.056003714285712,0.876926,3.1695985714285717,1.8906487391873447e-08,8.664868311092142e-09,4.930401098543004e-09,1.0,0.0,0,0.0,0.0,0,0,0,0,0,0,0,0,0,0,0,0,0
1,6.789,0,0.0,0.0,2.1052371883563455e-08,2.105237188356269e-11,1.0776315363159808e-10,0.0,8.05790538904523e-09,0.0,7.387452416928735e-09,30.2522,30.2527,3.19814,1,1,0,0,0,0,0,0,0.0,0.0,0.0,0.125,0.125,0.0,0.0,0.875,26.58059075,0.876926,3.17316625,1.9174722953334697e-08,8.05790538904523e-09,4.316732507710573e-09,1.0,0.0,0,0.0,0.0,0,0,0,0,0,0,0,0,0,0,0,0,0
1,7.788,0,1.5571921911551152,1.5587509420972123,0.6384342468477817,0.6384342257954099,0.2855164656315107,0.0,0.21281140922435304,0.0,0.03172405830345889,26.8531,26.8531,3.7505,1,1,0,0,0,0,0,0,0.0,0.0,0.0,0.1111111111111111,0.1111111111111111,0.0,0.0,0.8888888888888888,26.610869555555556,0.876926,3.2373144444444444,0.07093715558284058,0.21281140922435304,0.07093714003658555,1.0,0.0,0,0.0,0.0,0,0,0,0,0,0,0,0,0,0,0,0,0
1,8.789,0,1.35878832136921,-0.19820566412178342,0.9781847809284335,0.3397505340806518,0.45873529847336136,0.0,0.3500949070520634,0.0,0.07442518232044913,26.8531,89.5114,3.42174,1,1,0,0,0,0,0,0,0.0,0.0,0.0,0.1,0.1,0.0,0.0,0.9,32.9009226,0.876926,3.255757,0.16166191811739988,0.3500949070520634,0.09781847944099217,1.0,0.0,0,0.0,0.0,0,0,0,0,0,0,0,0,0,0,0,0,0
1,9.801,0,1.2654396073371652,-0.09224181228462926,0.01924883107701114,0.9589359498514224,0.45541231669642823,0.0,0.3491589665555615,0.0,0.11996641399009196,26.8531,95.7522,4.48064,1,1,0,0,0,0,0,0,0.0,0.0,0.0,0.0,0.0,0.0,0.0,1.0,42.38845,26.8531,3.4037750000000004,0.163586801225101,0.3491589665555615,0.19371207442613442,0.0,0.0,0,0.0,0.0,0,0,0,0,0,0,0,0,0,0,0,0,0
1,10.802,1,0.44676687334715465,-0.8178548791108998,1.969580189149477e-05,0.019229135275119647,0.4554087831286943,0.0,0.349157942720071,0.0,0.16550729037025566,26.8531,95.2925,4.92574,1,1,0,0,0,0,0,0,0.0,0.0,0.0,0.0,0.0,0.0,0.0,1.0,48.89567,26.8531,3.5762279999999995,0.1635887680720315,0.349157942720071,0.19563498522038772,0.0,0.0,0,0.0,0.0,0,0,0,0,0,0,0,0,0,0,0,0,0
1,11.801,1,0.4476612679474316,0.0008952898901671269,0.0,1.969580189149477e-05,0.45540878690983705,0.0,0.3491579438084085,0.0,0.21104816763211537,26.8531,95.5964,4.53416,1,1,0,0,0,0,0,0,0.0,0.0,0.0,0.0,0.0,0.0,0.0,1.0,55.42960000000001,26.8531,3.7101309999999996,0.163588765981414,0.3491579438084085,0.19563695415793572,0.0,0.0,0,0.0,0.0,0,0,0,0,0,0,0,0,0,0,0,0,0
1,12.797,1,0.0,-0.44945910436489117,0.0,0.0,0.43538298177426626,0.0,0.3491579449098584,0.0,0.2545864646153586,89.5114,95.6944,4.53565,1,1,0,0,0,0,0,0,0.0,0.0,0.0,0.0,0.0,0.0,0.0,1.0,61.972500000000004,26.8531,3.843871,0.16358876386560836,0.3491579449098584,0.19563695413274756,0.0,0.0,0,0.0,0.0,0,0,0,0,0,0,0,0,0,0,0,0,0
1,13.798,1,0.8535468510879576,0.8526941569310267,0.1473064712256352,0.1473064712256352,0.06426559801324418,0.0,0.34456661211831563,0.0,0.26101302336960897,95.2925,113.335,4.79947,1,1,0,0,0,0,0,0,0.0,0.0,0.0,0.0,0.0,0.0,0.0,1.0,70.28078,26.8531,4.003919,0.17831940888713255,0.34456661211831563,0.2103676012405447,0.0,0.0,0,0.0,0.0,0,0,0,0,0,0,0,0,0,0,0,0,0
1,14.803,1,1.0990408972329566,0.24427268273134234,0.612462540797895,0.46515606957225974,0.2652139629740872,0.0,0.3632732018572523,0.0,0.2875344193829127,88.0064,88.0064,5.65085,1,1,0,0,0,0,0,0,0.0,0.0,0.0,0.0,0.0,0.0,0.0,1.0,76.05568000000001,26.8531,4.249383,0.2395656608804444,0.3632732018572523,0.25688320818320903,0.0,0.0,0,0.0,0.0,0,0,0,0,0,0,0,0,0,0,0,0,0
1,15.805,1,2.405444607614628,1.3037961181453808,1.2411771266590257,0.6287145858611307,0.5330509192622669,0.0,0.4689809928094179,0.0,0.34083951129714596,40.342,40.342,6.68136,0,1,0,0,0,0,0,0,0.0,0.0,0.0,0.0,0.0,0.0,0.0,0.9,77.06361000000001,26.8531,4.597825,0.36368337143900453,0.4689809928094179,0.3197546667484573,0.0,0.0,0,0.0,0.0,0,0,0,0,0,0,0,0,0,0,0,0,0
1,16.804,1,1.5325204367841587,-0.8737979687992686,0.4843979517104807,0.756779174948545,0.48388649138462947,0.0,0.4519501987765727,0.0,0.38922816042483255,40.342,62.5505,8.13373,0,1,0,0,0,0,0,0,0.0,0.0,0.0,0.0,0.0,0.0,0.0,0.8,80.29339,26.8531,5.091384000000001,0.41212316450481545,0.4519501987765727,0.39543258424120664,0.0,0.0,0,0.0,0.0,0,0,0,0,0,0,0,0,0,0,0,0,0
1,17.805,1,0.22338397279266844,-1.3078286353561341,0.9058815449330939,0.4214835932226132,0.4160861410874472,0.0,0.47419623997926463,0.0,0.40228512797042615,40.342,114.863,8.13126,0,1,0,0,0,0,0,0,0.0,0.0,0.0,0.0,0.0,0.0,0.0,0.7,89.09438,40.342,5.52946,0.4388678943133467,0.47419623997926463,0.37373752098392693,0.0,0.0,0,0.0,0.0,0,0,0,0,0,0,0,0,0,0,0,0,0
1,18.807,1,2.350468432841095,2.12283878248346,0.9929529390732719,0.08707139414017795,0.30275083326791813,0.0,0.4760817377163493,0.0,0.38668668144988183,40.342,163.682,7.42055,0,1,0,0,0,0,0,0,0.0,0.0,0.0,0.0,0.0,0.0,0.0,0.6,96.51144,40.342,5.929341,0.4403447101278305,0.4760817377163493,0.3484696069898795,0.0,0.0,0,0.0,0.0,0,0,0,0,0,0,0,0,0,0,0,0,0
1,19.823,1,0.4921307480084395,-1.8290725244415902,0.040333243993490385,0.9526196950797815,0.47362900862154816,0.4250809849569563,0.47405196237938685,0.021254049247847816,0.38850835064239386,40.342,164.248,7.36131,0,1,0,1,1,0,0,0,0.0,0.0,0.0,0.0,0.0,0.0,0.0,0.5,103.36102000000001,40.342,6.217408000000001,0.44245315141947844,0.47405196237938685,0.34783798151271544,0.0,0.0,0,0.0,0.0,0,0,0,0,0,0,0,0,0,0,0,0,0
1,20.807,2,0.7242741516826776,0.23591809316487616,0.017127077557791894,0.02320616643569849,0.4614493928282969,0.4296024677010642,0.47230557522852745,0.042734172632901024,0.38911241161235416,62.5505,162.375,7.45409,0,1,0,1,1,0,0,0,0.0,0.0,0.0,0.0,0.0,0.0,0.0,0.4,110.06927,40.342,6.470243000000001,0.4441638895950685,0.47230557522852745,0.34823568462877336,0.0,0.0,0,0.0,0.0,0,0,0,0,0,0,0,0,0,0,0,0,0
1,21.806,2,3.0175389952137457,2.295560403935003,1.069081789715346,1.051954712157554,0.529351533594919,0.4047185510312804,0.4815023065928336,0.06297010018446506,0.39650668628086233,114.863,123.106,9.25656,0,1,0,0,0,0,0,0,0.0,0.0,0.0,0.0,0.0,0.0,0.0,0.3,112.82023,40.342,6.942483,0.5510720685666031,0.4815023065928336,0.45342918626433953,0.0,0.0,0,0.0,0.0,0,0,0,0,0,0,0,0,0,0,0,0,0
1,22.81,2,2.778645638325812,-0.23794159052583058,0.9240831638011647,0.14499862591418122,0.531993313908613,0.46238101819275534,0.45174527290642547,0.08608915109410281,0.406167719494297,123.106,169.048,11.7912,0,1,0,0,0,0,0,0,0.0,0.0,0.0,0.0,0.0,0.0,0.0,0.2,120.15558999999999,40.342,7.668038,0.6434803849467196,0.45174527290642547,0.46792904885575765,0.0,0.0,0,0.0,0.0,0,0,0,0,0,0,0,0,0,0,0,0,0
1,23.812,2,2.1910998907851957,-0.586373001537541,0.25008980078174453,0.6739933630194201,0.5006677067889516,0.46121952291623086,0.4402240947149791,0.10915012723991435,0.4498079303718677,123.106,156.081,12.442,0,1,0,1,0,0,0,0,0.0,0.0,0.0,0.0,0.0,0.0,0.0,0.1,124.43019,40.342,8.432291000000001,0.6537587179023304,0.4402240947149791,0.5205977380351362,0.0,0.0,0,0.0,0.0,0,0,0,0,0,0,0,0,0,0,0,0,0
1,24.817,2,1.6951590511824053,-0.4934734722415826,0.3940026959140102,0.14391289513226568,0.4488291690880157,0.47880276927691756,0.4478554613614745,0.13309026570376023,0.46816945098326057,123.106,128.706,13.4237,0,1,0,1,0,0,0,0,0.0,0.0,0.0,0.0,0.0,0.0,0.0,0.0,128.50015,40.342,9.209576,0.631912733413942,0.4478554613614745,0.4884734205911368,0.0,0.0,0,0.0,0.0,0,0,0,0,0,0,0,0,0,0,0,0,0
1,25.817,2,1.8002600812097624,0.10510103002735716,1.070118349185535,0.6761156532715249,0.3907924056438969,0.5138603570104621,0.4246653033369117,0.15878328355428334,0.45394359962142367,67.9429,67.9429,15.1839,0,1,0,0,0,0,0,0,0.0,0.0,0.0,0.0,0.0,0.0,0.0,0.0,131.26024,62.5505,10.05983,0.614806855666593,0.4246653033369117,0.49321352733217616,0.0,0.0,0,0.0,0.0,0,0,0,0,0,0,0,0,0,0,0,0,0
1,26.819,2,2.8635517258004777,1.0611693059787577,0.39250039863243263,0.6776179505531024,0.3653011160532384,0.4195841492068579,0.4287753544567953,0.1797624910146262,0.44208506208828446,56.5177,56.5177,14.3751,0,1,0,0,0,0,0,0,0.0,0.0,0.0,0.0,0.0,0.0,0.0,0.0,130.65696,56.5177,10.683966999999999,0.6056171003587881,0.4287753544567953,0.48529740489263196,0.0,0.0,0,0.0,0.0,0,0,0,0,0,0,0,0,0,0,0,0,0
1,27.821,2,2.077477157753778,-0.784505556932834,1.888169565885302,1.4956691672528692,0.6874522981104524,0.3922664476330196,0.5881163769799266,0.19937581339627722,0.469221677790585,56.5177,166.762,13.0772,0,1,0,0,0,0,0,0,0.0,0.0,0.0,0.0,0.0,0.0,0.0,0.0,135.84686,56.5177,11.178560999999998,0.7038459024540089,0.5881163769799266,0.5927159622956575,0.0,0.0,0,0.0,0.0,0,0,0,0,0,0,0,0,0,0,0,0,0
1,28.816,2,0.0,-2.0879167414610835,0.10707213222743624,1.7810974336578658,0.7182838552606745,0.37615435024165816,0.6061724570946824,0.21818353090836012,0.5107749799898607,56.5177,169.638,13.0784,0,1,0,0,0,0,0,0,0.0,0.0,0.0,0.0,0.0,0.0,0.0,0.0,136.44245999999998,56.5177,11.744346,0.6152578217694253,0.6061724570946824,0.7621185662474262,0.0,0.0,0,0.0,0.0,0,0,0,0,0,0,0,0,0,0,0,0,0
1,29.825,2,0.0,0.0,2.55793540926837e-08,0.10707210664808214,0.7881146469802248,0.353264017751483,0.6105413479903535,0.23584673179593424,0.5422235438257282,56.5177,169.635,13.0851,0,1,0,0,0,0,0,0,0.0,0.0,0.0,0.0,0.0,0.0,0.0,0.0,136.98116,56.5177,12.316725000000002,0.6112244999280116,0.6105413479903535,0.6775638074042564,0.0,0.0,0,0.0,0.0,0,0,0,0,0,0,0,0,0,0,0,0,0
1,30.816,3,0.0,0.0,2.6043963955113874e-08,4.646098624301755e-10,0.8047426297492206,0.3504374790782712,0.6124142493326844,0.2533686057498478,0.5765528675178206,56.5177,169.636,13.0727,0,1,0,0,0,0,0,0,0.0,0.0,0.0,0.0,0.0,0.0,0.0,0.0,137.70726,56.5177,12.878585999999999,0.609511794776629,0.6124142493326844,0.6752431908071476,0.0,0.0,0,0.0,0.0,0,0,0,0,0,0,0,0,0,0,0,0,0
1,31.816,3,0.0,0.0,2.580956827951785e-08,2.3439567559602396e-10,0.8337341906235358,0.3653487091721295,0.6165736280752809,0.2716360412084543,0.6069911332206824,166.762,169.623,13.089,0,1,0,0,0,0,0,0,0.0,0.0,0.0,0.0,0.0,0.0,0.0,0.0,142.35895999999997,56.5177,13.26183,0.5026036183860512,0.6165736280752809,0.5700477196148317,0.0,0.0,0,0.0,0.0,0,0,0,0,0,0,0,0,0,0,0,0,0
1,32.819,3,0.0,0.0,2.5732371166019795e-08,7.719711349805525e-11,0.04788410169705086,0.3653487091721295,0.6156333458840924,0.2899034766670608,0.5585802119995262,169.623,169.633,13.0767,0,1,0,0,0,0,0,0,0.0,0.0,0.0,0.0,0.0,0.0,0.0,0.0,142.41746,56.5177,13.390379999999999,0.4101953045791718,0.6156333458840924,0.5555478570311333,0.0,0.0,0,0.0,0.0,0,0,0,0,0,0,0,0,0,0,0,0,0
1,33.825,3,1.6184387006286154,1.6087859847202937,0.22421465550885442,0.22421462977648324,0.1002718307196728,0.3640610191619538,0.616434895746689,0.3081065276251585,0.5185406243925983,169.547,169.547,13.7369,0,1,0,0,0,0,0,0,0.0,0.0,0.0,0.0,0.0,0.0,0.0,0.0,143.76406,56.5177,13.519870000000001,0.4076077900518828,0.616434895746689,0.5105699837068396,0.0,0.0,0,0.0,0.0,0,0,0,0,0,0,0,0,0,0,0,0,0
1,34.821,3,0.0011044176706765901,-1.6238296013633924,0.0,0.22421465550885442,0.10027183357953215,0.3370824290958043,0.6298468090411448,0.3249606490799487,0.4836848908417499,169.547,169.562,13.7614,0,1,0,0,0,0,0,0,0.0,0.0,0.0,0.0,0.0,0.0,0.0,0.0,147.84966,56.5177,13.553639999999998,0.3682075204604818,0.6298468090411448,0.5186001597444985,0.0,0.0,0,0.0,0.0,0,0,0,0,0,0,0,0,0,0,0,0,0
1,35.832,3,0.0,-0.0010924012568512267,0.0,0.0,0.10027183649133604,0.30465842312771807,0.5867751475697596,0.3401935702363346,0.4546328339264938,169.547,169.557,13.7601,0,1,0,0,0,0,0,0,0.0,0.0,0.0,0.0,0.0,0.0,0.0,0.0,158.01107,56.5177,13.411260000000002,0.2611956855419283,0.5867751475697596,0.450988594417346,0.0,0.0,0,0.0,0.0,0,0,0,0,0,0,0,0,0,0,0,0,0
1,36.822,3,0.0,0.0,0.0,0.0,0.10027183937693329,0.26004619930515155,0.5901339081958805,0.35319588020159215,0.4281299062588634,169.547,169.568,13.7678,0,1,0,0,0,0,0,0,0.0,0.0,0.0,0.0,0.0,0.0,0.0,0.0,169.3161,166.762,13.350530000000001,0.22194564567868502,0.5901339081958805,0.38322679936203574,0.0,0.0,0,0.0,0.0,0,0,0,0,0,0,0,0,0,0,0,0,0
1,37.822,3,0.0,0.0,0.0,0.0,0.10027184225389922,0.2599977208450799,0.07510108213184633,0.36619576624384614,0.369411860673208,169.547,169.561,13.7534,0,1,0,0,0,0,0,0,0.0,0.0,0.0,0.0,0.0,0.0,0.0,0.0,169.596,169.547,13.41815,0.03312868909015482,0.07510108213184633,0.2336598826367488,0.0,0.0,0,0.0,0.0,0,0,0,0,0,0,0,0,0,0,0,0,0
1,38.831,3,0.0,0.0,0.0,0.0,0.0,0.3599729768658646,0.07090289599494651,0.38419441508713936,0.29758347514714056,169.557,169.58,13.7709,0,1,0,0,0,0,0,0,0.0,0.0,0.0,0.0,0.0,0.0,0.0,0.0,169.5902,169.547,13.4874,0.02242147586741119,0.07090289599494651,0.05555013927096224,0.0,0.0,0,0.0,0.0,0,0,0,0,0,0,0,0,0,0,0,0,0
1,39.831,3,0.0,0.0,0.0,0.0,0.0,0.3568857097196153,0.07090289689371328,0.38078465132527234,0.21877201044911807,169.557,169.569,13.7624,0,1,0,0,0,0,0,0,0.0,0.0,0.0,0.0,0.0,0.0,0.0,0.0,169.5836,169.547,13.55513,0.022421473309475783,0.07090289689371328,0.044842928606154034,0.0,0.0,0,0.0,0.0,0,0,0,0,0,0,0,0,0,0,0,0,0
1,40.831,4,0.0,0.0,0.0,0.0,0.0,0.3851063843511959,0.07090289780880467,0.3785598471577789,0.13829774747419604,169.561,169.566,13.7609,0,1,0,0,0,0,0,0,0.0,0.0,0.0,0.0,0.0,0.0,0.0,0.0,169.57659999999998,169.547,13.623949999999999,0.022421470705079386,0.07090289780880467,0.044842928559693046,0.0,0.0,0,0.0,0.0,0,0,0,0,0,0,0,0,0,0,0,0,0
1,41.836,4,0.0,0.0,0.0,0.0,0.0,0.30097064472934554,0.0709028987156601,0.3733724518426822,0.05492432841184244,169.561,169.564,13.7621,0,1,0,0,0,0,0,0,0.0,0.0,0.0,0.0,0.0,0.0,0.0,0.0,169.57070000000002,169.547,13.69126,0.022421468124122556,0.0709028987156601,0.044842928536253476,0.0,0.0,0,0.0,0.0,0,0,0,0,0,0,0,0,0,0,0,0,0
1,42.838,4,0.0,0.0,0.0,0.0,0.0,0.1857033205653646,0.07090289961980302,0.35953856696131264,0.05013591824213735,169.556,169.556,13.7592,0,1,0,0,0,0,0,0,0.0,0.0,0.0,0.0,0.0,0.0,0.0,0.0,169.56300000000002,169.547,13.75951,0.022421465550885443,0.07090289961980302,0.04484292852853376,0.0,0.0,0,0.0,0.0,0,0,0,0,0,0,0,0,0,0,0,0,0
1,43.832,4,0.0,0.0,0.0,0.0,0.0,0.1688743865947935,0.0,0.34492131014524074,0.04010873517017007,169.556,169.568,13.7668,0,1,0,0,0,0,0,0,0.0,0.0,0.0,0.0,0.0,0.0,0.0,0.0,169.5651,169.556,13.7625,0.0,0.0,0.022421465550885443,0.0,0.0,0,0.0,0.0,0,0,0,0,0,0,0,0,0,0,0,0,0
1,44.831,4,0.0,0.0,0.0,0.0,0.0,0.31024696730570717,0.0,0.33649352004668026,0.030081551812216854,169.556,169.561,13.7546,0,1,0,0,0,0,0,0,0.0,0.0,0.0,0.0,0.0,0.0,0.0,0.0,169.565,169.556,13.76182,0.0,0.0,0.0,0.0,0.0,0,0.0,0.0,0,0,0,0,0,0,0,0,0,0,0,0,0
1,45.838,4,0.0,0.0,0.0,0.0,0.0,0.48057760425500584,0.0,0.33482938240890747,0.02005436816308325,169.556,169.577,13.7682,0,1,0,0,0,0,0,0,0.0,0.0,0.0,0.0,0.0,0.0,0.0,0.0,169.567,169.556,13.762629999999998,0.0,0.0,0.0,0.0,0.0,0,0.0,0.0,0,0,0,0,0,0,0,0,0,0,0,0,0
1,46.833,4,0.0,0.0,0.0,0.0,0.0,0.1616866528632644,0.0,0.3219345075917278,0.010027184225389922,169.556,169.572,13.766,0,1,0,0,0,0,0,0,0.0,0.0,0.0,0.0,0.0,0.0,0.0,0.0,169.5674,169.556,13.762450000000001,0.0,0.0,0.0,0.0,0.0,0,0.0,0.0,0,0,0,0,0,0,0,0,0,0,0,0,0
1,47.839,4,0.0,0.0,0.0,0.0,0.0,0.9991607955921326,0.0,0.35227922498968345,0.0,169.561,169.564,13.7592,0,1,0,0,0,0,0,0,0.0,0.0,0.0,0.0,0.0,0.0,0.0,0.0,169.5677,169.556,13.76303,0.0,0.0,0.0,0.0,0.0,0,0.0,0.0,0,0,0,0,0,0,0,0,0,0,0,0,0
1,48.845,4,0.0,0.0,0.0,0.0,0.0,0.9991607955921326,0.0,0.3834295472572071,0.0,169.561,169.568,13.7626,0,1,0,0,0,0,0,0,0.0,0.0,0.0,0.0,0.0,0.0,0.0,0.0,169.5665,169.556,13.762199999999998,0.0,0.0,0.0,0.0,0.0,0,0.0,0.0,0,0,0,0,0,0,0,0,0,0,0,0,0
1,49.84,4,0.0,0.0,0.0,0.0,0.0,0.9991607955921326,0.0,0.4157243861492397,0.0,169.557,169.557,13.758,0,1,0,0,0,0,0,0,0.0,0.0,0.0,0.0,0.0,0.0,0.0,0.0,169.5653,169.556,13.761759999999999,0.0,0.0,0.0,0.0,0.0,0,0.0,0.0,0,0,0,0,0,0,0,0,0,0,0,0,0
1,50.841,5,0.0,0.0,0.0,0.0,0.0,0.9991607955921326,0.0,0.4481605519749327,0.0,169.557,169.566,13.7651,0,1,0,0,0,0,0,0,0.0,0.0,0.0,0.0,0.0,0.0,0.0,0.0,169.5653,169.556,13.76218,0.0,0.0,0.0,0.0,0.0,0,0.0,0.0,0,0,0,0,0,0,0,0,0,0,0,0,0
1,51.846,5,0.0,0.0,0.0,0.0,0.0,0.9991607955921326,0.0,0.47985115629593283,0.0,169.557,169.564,13.7574,0,1,0,0,0,0,0,0,0.0,0.0,0.0,0.0,0.0,0.0,0.0,0.0,169.5653,169.556,13.761709999999999,0.0,0.0,0.0,0.0,0.0,0,0.0,0.0,0,0,0,0,0,0,0,0,0,0,0,0,0
1,52.84,5,0.0,0.0,0.0,0.0,0.0,0.9991607955921326,0.0,0.511541760616933,0.0,169.557,169.572,13.7639,0,1,0,0,0,0,0,0,0.0,0.0,0.0,0.0,0.0,0.0,0.0,0.0,169.56689999999998,169.557,13.76218,0.0,0.0,0.0,0.0,0.0,0,0.0,0.0,0,0,0,0,0,0,0,0,0,0,0,0,0
1,53.847,5,0.0,0.0,0.0,0.0,0.0,0.0,0.0,0.4933387096588353,0.0,169.557,169.575,13.7687,0,1,0,0,0,0,0,0,0.0,0.0,0.0,0.0,0.0,0.0,0.0,0.0,169.5676,169.557,13.76237,0.0,0.0,0.0,0.0,0.0,0,0.0,0.0,0,0,0,0,0,0,0,0,0,0,0,0,0
1,54.843,5,0.10040883507968228,0.10081208341333561,0.5215395305521848,0.5215395305521848,0.23323956865360276,0.9999280077750652,0.1649252806359878,0.5264809885927983,0.023323956865360276,145.171,145.171,13.8006,0,1,0,0,0,0,0,0,0.0,0.0,0.0,0.0,0.0,0.0,0.0,0.0,167.1286,145.171,13.76697,0.052153953055218485,0.1649252806359878,0.052153953055218485,0.0,0.0,0,0.0,0.0,0,0,0,0,0,0,0,0,0,0,0,0,0
1,55.846,5,1.3886898490613553,1.284427730789305,1.9094808032694963,1.3879412727173115,0.8270653612763048,0.9958092315768922,0.608014476585501,0.5610385290152571,0.10603049299299076,40.6132,40.6132,15.0349,0,1,0,0,0,0,0,0,0.0,0.0,0.0,0.0,0.0,0.0,0.0,0.0,154.23222,40.6132,13.89364,0.24310203338216813,0.608014476585501,0.19094808032694963,0.0,0.0,0,0.0,0.0,0,0,0,0,0,0,0,0,0,0,0,0,0
1,56.844,5,1.8493378631072053,0.4615711563585671,0.7220575399059136,1.1874232633635828,0.7828006603472222,0.9811788553237129,0.618717086948581,0.597095161816185,0.18431055902771298,8.56263,8.56263,16.2291,0,1,0,0,0,0,0,0,0.0,0.0,0.0,0.0,0.0,0.0,0.0,0.0,138.131283,8.56263,14.139950000000002,0.3153077873727595,0.618717086948581,0.3096904066633079,0.0,0.0,0,0.0,0.0,0,0,0,0,0,0,0,0,0,0,0,0,0
1,57.848,5,0.22271602310108932,-1.6201412749064898,0.08013950312736373,0.6419180367785499,0.767328308105537,0.8570392818273342,0.6146851398417196,0.6269472398652979,0.26104338983826664,8.10045,8.10045,16.0187,0,1,0,1,1,0,0,0,0.0,0.0,0.0,0.0,0.0,0.0,0.0,0.0,121.98492800000001,8.10045,14.3659,0.3233217376854959,0.6146851398417196,0.37388221034116287,0.0,0.0,0,0.0,0.0,0,0,0,0,0,0,0,0,0,0,0,0,0
1,58.848,5,2.109675093466807,1.8869590703657175,0.011150326213761042,0.06898917691360269,0.7649918009546555,0.32937680188390156,0.6140432486924434,0.6254174311161996,0.3375425699337322,8.10045,9.12481,13.918,0,1,0,1,1,0,0,0,0.0,0.0,0.0,0.0,0.0,0.0,0.0,0.0,105.94060900000002,8.10045,14.381440000000001,0.32443677030687196,0.6140432486924434,0.3807811280325232,0.0,0.0,0,0.0,0.0,0,0,0,0,0,0,0,0,0,0,0,0,0
1,59.848,5,2.012038570703924,-0.09763652276288282,0.0019801038642611284,0.009170222349499914,0.8199266111870214,0.3253588801428694,0.6139273113966004,0.6238410896373624,0.4195352310524344,8.10045,10.2485,11.8882,0,1,0,1,1,0,0,0,0.0,0.0,0.0,0.0,0.0,0.0,0.0,0.0,90.009759,8.10045,14.194460000000001,0.32463478069329804,0.6139273113966004,0.38169815026747317,0.0,0.0,0,0.0,0.0,0,0,0,0,0,0,0,0,0,0,0,0,0
1,60.847,6,0.601186109330382,-1.412264726099642,0.0024535961104150262,0.0004734922461538979,0.31391500688118534,0.3500551972938115,0.6137836269093514,0.6220885302844932,0.45092673174055287,8.10045,10.6392,11.307,0,1,0,1,1,0,0,0,0.0,0.0,0.0,0.0,0.0,0.0,0.0,0.0,74.117079,8.10045,13.94865,0.3248801403043396,0.6137836269093514,0.3817454994920885,0.0,0.0,0,0.0,0.0,0,0,0,0,0,0,0,0,0,0,0,0,0
1,61.852,6,0.6674887928520197,0.06597281942451513,0.023496423538666603,0.021042827428251577,0.03265736199061681,0.3562845170327748,0.6124452716532124,0.6248542238996646,0.45419246793961454,8.10045,11.1948,10.7903,0,1,0,0,0,0,0,0,0.0,0.0,0.0,0.0,0.0,0.0,0.0,0.0,58.28015899999999,8.10045,13.65194,0.32722978265820624,0.6124452716532124,0.38384978223491373,0.0,0.0,0,0.0,0.0,0,0,0,0,0,0,0,0,0,0,0,0,0
1,62.852,6,0.1001351087285213,-0.5673536841234984,0.03193064513145962,0.008434221592793018,0.01320420026806906,0.3617376415366706,0.6106302018123978,0.6336559399482299,0.45551288796642153,9.12481,11.1355,10.7402,0,1,0,0,0,0,0,0,0.0,0.0,0.0,0.0,0.0,0.0,0.0,0.0,42.436508999999994,8.10045,13.34957,0.3304228471713522,0.6106302018123978,0.384693204394193,0.0,0.0,0,0.0,0.0,0,0,0,0,0,0,0,0,0,0,0,0,0
1,63.856,6,1.7871679141220633,1.6803115591569142,0.013893531548521841,0.018037113582937782,0.013102288180834738,0.4501186770407019,0.6098101195347607,0.6477181544705254,0.456823116784505,10.2485,15.1312,9.82983,0,1,0,0,0,0,0,0,0.0,0.0,0.0,0.0,0.0,0.0,0.0,0.0,26.992129,8.10045,12.955682999999999,0.3318122003262044,0.6098101195347607,0.3864969157524868,0.0,0.0,0,0.0,0.0,0,0,0,0,0,0,0,0,0,0,0,0,0
1,64.857,6,1.8390299062217543,0.051810181917773236,0.23792383266442788,0.22403030111590602,0.0989897402355703,0.45546775275624724,0.6065925061193763,0.6549791937430524,0.4433981339427017,10.6392,11.3596,10.6359,0,1,0,0,0,0,0,0,0.0,0.0,0.0,0.0,0.0,0.0,0.0,0.0,13.610989,8.10045,12.639213,0.30345063053742866,0.6065925061193763,0.35674599280885894,0.0,0.0,0,0.0,0.0,0,0,0,0,0,0,0,0,0,0,0,0,0
1,65.853,6,1.5031549946373464,-0.3372238068116546,0.19645727879456662,0.041466553869861256,0.1074997766372203,0.48176973228642034,0.22367136566663468,0.655038800144623,0.37144157547879325,8.41618,8.41618,11.4091,0,1,0,1,1,0,0,0,0.0,0.0,0.0,0.0,0.0,0.0,0.0,0.0,10.391287,8.10045,12.276632999999999,0.1321482780899357,0.22367136566663468,0.2220985209241139,0.0,0.0,0,0.0,0.0,0,0,0,0,0,0,0,0,0,0,0,0,0
1,66.855,6,1.4345609772143493,-0.06845710321656397,0.14637692299038232,0.050080355804184296,0.09914756550450342,0.5288773852617508,0.08776776063554387,0.6733983367645474,0.30307626599452137,8.41618,9.13394,11.2765,0,1,0,1,1,0,0,0,0.0,0.0,0.0,0.0,0.0,0.0,0.0,0.0,10.448418,8.10045,11.781373,0.07458021639838258,0.08776776063554387,0.10836423016817402,0.0,0.0,0,0.0,0.0,0,0,0,0,0,0,0,0,0,0,0,0,0
1,67.862,6,1.9899763534498451,0.5515544947720913,0.0446520651789488,0.10172485781143353,0.0962736032119964,0.5255528022922302,0.08823420286945113,0.6497179370995523,0.2359707955051673,8.41618,10.6132,9.5906,0,1,0,1,1,0,0,0,0.0,0.0,0.0,0.0,0.0,0.0,0.0,0.0,10.699693,8.41618,11.138563,0.07103147260354109,0.08823420286945113,0.054344912271462396,0.0,0.0,0,0.0,0.0,0,0,0,0,0,0,0,0,0,0,0,0,0
1,68.861,6,0.855392747108168,-1.1357193256673443,0.10387706693552648,0.05922500175657768,0.0758974864902586,0.5302281885368177,0.0860882799699407,0.6262713067467864,0.16706136405872762,8.41618,15.1885,10.1965,0,1,0,0,0,0,0,0,0.0,0.0,0.0,0.0,0.0,0.0,0.0,0.0,11.306062,8.41618,10.766413,0.08030414667571764,0.0860882799699407,0.0533684947557599,0.0,0.0,0,0.0,0.0,0,0,0,0,0,0,0,0,0,0,0,0,0
1,69.859,6,5.153026052259825,4.306245796745147,0.2798546206128382,0.17597755367731174,0.08967873206802103,0.5163912525530361,0.10146977590178109,0.6021328295948317,0.0940365761468276,8.41618,21.276,5.76497,0,1,0,0,0,0,0,0,0.0,0.0,0.0,0.0,0.0,0.0,0.0,0.0,12.408812000000001,8.41618,10.15409,0.10809159835057533,0.10146977590178109,0.07004922788854108,0.0,0.0,0,0.0,0.0,0,0,0,0,0,0,0,0,0,0,0,0,0
1,70.864,7,5.160859586491866,0.007794561424916889,0.5245840611780046,0.24472944056516638,0.19105348161988192,0.5103760235737389,0.15906309042278188,0.577693590993912,0.08175042362069726,9.13394,66.2468,2.26451,0,1,0,0,0,0,0,0,0.0,0.0,0.0,0.0,0.0,0.0,0.0,0.0,17.969572,8.41618,9.249841,0.16030464485733428,0.15906309042278188,0.09447482272044233,0.0,0.0,0,0.0,0.0,0,0,0,0,0,0,0,0,0,0,0,0,0
1,71.861,7,3.1157977211097103,-2.0512155119179094,1.1400122965846473,0.6154282354066427,0.4443552029804314,0.5551496093139425,0.3406137311399854,0.5554930316800025,0.12292020771967871,10.6132,21.0455,4.85616,1,1,0,1,1,0,0,0,0.0,0.0,0.0,0.0,0.0,0.0,0.0,0.1,18.954642,8.41618,8.656426999999999,0.2719562321619324,0.3406137311399854,0.15391336351828144,0.0,0.0,0,0.0,0.0,0,0,0,0,0,0,0,0,0,0,0,0,0
1,72.86,7,1.6140656183791833,-1.5032353380685957,0.11160786137547754,1.0284044352091697,0.431079232230509,0.5759659611040787,0.3352650520733356,0.5343332899555998,0.1647077109159227,15.1885,15.3741,6.38075,1,1,0,1,1,0,0,0,0.0,0.0,0.0,0.0,0.0,0.0,0.0,0.2,19.378502,8.41618,8.220482,0.27992395378633417,0.3352650520733356,0.25591038487991913,0.0,0.0,0,0.0,0.0,0,0,0,0,0,0,0,0,0,0,0,0,0
1,73.866,7,1.4676762485318533,-0.1455162722140457,0.05946543336237628,0.05214242801310126,0.43989741552548384,0.5844101287316389,0.3315361535712922,0.5635537963921817,0.20738722365038761,13.6047,13.6047,7.70397,1,1,0,0,0,0,0,0,0.0,0.0,0.0,0.0,0.0,0.0,0.0,0.3,19.225852,8.41618,8.007895999999999,0.2844811439677196,0.3315361535712922,0.2593209163229354,0.0,0.0,0,0.0,0.0,0,0,0,0,0,0,0,0,0,0,0,0,0
1,74.871,7,4.6158980222296675,3.1325589788037957,1.989606084745242,1.9301406513828656,0.8097521851398557,0.5891026548035113,0.6313733179281047,0.5430125287436041,0.27846346814081613,13.6047,134.092,11.6736,1,1,0,0,0,0,0,0,0.0,0.0,0.0,0.0,0.0,0.0,0.0,0.4,31.499092,8.41618,8.111666,0.45964936917580096,0.6313733179281047,0.42993195134963147,0.0,0.0,0,0.0,0.0,0,0,0,0,0,0,0,0,0,0,0,0,0
1,75.909,7,5.7060372624186275,1.0502304818776107,1.881696208210475,0.10790987653476702,0.9278341237360562,0.6460335639308697,0.7642450530768015,0.525523745361303,0.3604969028506998,13.6047,30.0251,17.268,1,1,0,0,0,0,0,0,0.0,0.0,0.0,0.0,0.0,0.0,0.0,0.5,33.659984,9.13394,8.697556,0.6281732621173919,0.7642450530768015,0.43657628361612205,0.0,0.0,0,0.0,0.0,0,0,0,0,0,0,0,0,0,0,0,0,0
1,76.889,7,2.1037550989720075,-3.675798125965939,0.6026368518407769,1.279059356369698,0.943828441434876,0.6504141018394831,0.7456795255900217,0.5089855076870915,0.44496499044373705,5.57042,5.57042,18.2416,1,1,0,1,1,0,0,0,0.0,0.0,0.0,0.0,0.0,0.0,0.0,0.6,33.30363200000001,5.57042,9.394065999999999,0.6737992550024313,0.7456795255900217,0.5594741836726733,0.0,0.0,0,0.0,0.0,0,0,0,0,0,0,0,0,0,0,0,0,0
1,77.866,7,0.000716479017409444,-2.1525472056853614,0.004035512357403572,0.5986013394833732,0.9680346166028397,0.6517199672873939,0.7495875834988062,0.4987195419600945,0.5321410917828213,5.54811,5.54811,18.2394,1,1,0,1,1,0,0,0,0.0,0.0,0.0,0.0,0.0,0.0,0.0,0.7,32.797123,5.54811,10.258946,0.6697375997202768,0.7495875834988062,0.6091618318398673,0.0,0.0,0,0.0,0.0,0,0,0,0,0,0,0,0,0,0,0,0,0
1,78.869,7,0.0,-0.0007143360093813002,0.0,0.004035512357403572,0.9813318815496372,0.6440491406544078,0.7589616571659189,0.5144531588986198,0.6226845312887592,5.54652,5.54652,18.2379,1,1,0,1,1,0,0,0,0.0,0.0,0.0,0.0,0.0,0.0,0.0,0.8,31.832925000000007,5.54652,11.063086,0.6593498930267241,0.7589616571659189,0.6036428828999499,0.0,0.0,0,0.0,0.0,0,0,0,0,0,0,0,0,0,0,0,0,0
1,79.874,7,0.850225297993703,0.8459953213867693,0.008297915135440462,0.008297915135440462,0.8150718106309206,0.632592751711503,0.7786514614051249,0.5298148524770514,0.6952238391450491,5.40381,5.40381,18.2306,1,1,0,1,1,0,0,0,0.0,0.0,0.0,0.0,0.0,0.0,0.0,0.9,30.245706000000002,5.40381,12.309648999999999,0.6321942224789844,0.7786514614051249,0.5868749190457628,0.0,0.0,0,0.0,0.0,0,0,0,0,0,0,0,0,0,0,0,0,0
1,80.874,8,1.7804736701240136,0.9302483721303105,0.10347161144339154,0.09517369630795107,0.26015905723335325,0.6009593755051034,0.7963051458809238,0.542360061387616,0.7021343967063962,5.40381,5.55305,17.4234,1,1,0,1,1,0,0,0,0.0,0.0,0.0,0.0,0.0,0.0,0.0,1.0,24.176331,5.40381,13.825538,0.5900829775055231,0.7963051458809238,0.5719193446200412,0.0,0.0,0,0.0,0.0,0,0,0,0,0,0,0,0,0,0,0,0,0
1,81.874,8,0.2828433488697489,-1.4976303212542648,0.0010322117379907105,0.10243939970540082,0.044895411687404706,0.6009598820286803,0.7903408514691417,0.5545938296374113,0.6621884175770936,5.40381,5.63256,17.3869,1,1,0,1,1,0,0,0,0.0,0.0,0.0,0.0,0.0,0.0,0.0,1.0,22.635037000000004,5.40381,15.078612000000001,0.47618496902085744,0.7903408514691417,0.5206204610499171,0.0,0.0,0,0.0,0.0,0,0,0,0,0,0,0,0,0,0,0,0,0
1,82.874,8,9.99999999891088e-05,-0.28274334886975977,0.007248542702187049,0.006216330964196338,0.044571354612908745,0.6006176174356986,0.7963558508940565,0.5665378284323628,0.6235376298153337,5.40381,5.7267,17.3885,1,1,0,1,1,0,0,0,0.0,0.0,0.0,0.0,0.0,0.0,0.0,1.0,21.670297,5.40381,16.179387,0.46574903715352833,0.7963558508940565,0.41840165062541973,0.0,0.0,0,0.0,0.0,0,0,0,0,0,0,0,0,0,0,0,0,0
1,83.879,8,1.6915430377527596,1.6830278982614633,0.09228350608107447,0.08503496337888741,0.050813272548690815,0.5782533236247955,0.794561109102152,0.5729445607615673,0.5846292155176542,5.40381,5.73962,17.4565,1,1,0,1,1,0,0,0,0.0,0.0,0.0,0.0,0.0,0.0,0.0,1.0,20.883789,5.40381,17.15464,0.4690308444253981,0.794561109102152,0.42169090416199834,0.0,0.0,0,0.0,0.0,0,0,0,0,0,0,0,0,0,0,0,0,0
1,84.876,8,1.9474977148556623,0.2567248516578763,0.06175507000237529,0.030528436078699178,0.04733114832312628,0.5875049524809361,0.5929221183944623,0.5795464207478018,0.5083871118359813,5.55305,7.03316,17.5342,1,1,0,0,0,0,0,0,0.0,0.0,0.0,0.0,0.0,0.0,0.0,1.0,8.177904999999999,5.40381,17.7407,0.2762457429511115,0.5929221183944623,0.2317296826315817,0.0,0.0,0,0.0,0.0,0,0,0,0,0,0,0,0,0,0,0,0,0
1,85.887,8,1.0698976913935383,-0.8680514574303898,0.01899639329893524,0.04275867670344005,0.039272527341966144,0.6034242348920534,0.18431576702924318,0.5856291458780836,0.4195309521965723,5.63256,8.79556,17.6616,1,1,0,0,0,0,0,0,0.0,0.0,0.0,0.0,0.0,0.0,0.0,1.0,6.054951000000001,5.40381,17.78006,0.08997576145995752,0.18431576702924318,0.22521456264844902,0.0,0.0,0,0.0,0.0,0,0,0,0,0,0,0,0,0,0,0,0,0
1,86.878,8,0.36382971983271867,-0.7124802942086979,0.0327268025297197,0.013730409230784456,0.034422751461399656,0.5885919614704179,0.03905412349515983,0.5886148746885168,0.3285903831992247,5.7267,6.74192,17.6242,1,1,0,0,0,0,0,0,0.0,0.0,0.0,0.0,0.0,0.0,0.0,1.0,6.172101,5.40381,17.71832,0.0329847565288518,0.03905412349515983,0.09868166793455765,0.0,0.0,0,0.0,0.0,0,0,0,0,0,0,0,0,0,0,0,0,0
1,87.88,8,0.42341742242909397,0.05946876506624282,0.049351884549154394,0.016625082019434696,0.028199528780415883,0.5677786527785544,0.03793486792509476,0.5907261672128331,0.23460687441698233,5.73962,6.00054,17.6326,1,1,0,1,1,0,0,0,0.0,0.0,0.0,0.0,0.0,0.0,0.0,1.0,6.217344,5.40381,17.65764,0.037516393748026886,0.03793486792509476,0.0404840421881638,0.0,0.0,0,0.0,0.0,0,0,0,0,0,0,0,0,0,0,0,0,0
1,88.878,8,1.0651459314481118,0.6430145380952083,0.026689891259151936,0.022661993290002458,0.017392417892369123,0.5517316882227605,0.0358855993512587,0.5918013421971302,0.1382129280512555,5.49562,5.49562,17.6105,1,1,0,1,0,0,0,0,0.0,0.0,0.0,0.0,0.0,0.0,0.0,1.0,6.212254,5.40381,17.594900000000003,0.04018538287394208,0.0358855993512587,0.042346690281423696,0.0,0.0,0,0.0,0.0,0,0,0,0,0,0,0,0,0,0,0,0,0
1,89.889,8,1.7610834063159269,0.6883654548643078,0.07318986590436441,0.04649997464521247,0.021564162927266744,0.47739350231195626,0.035341783488077476,0.5898514546850763,0.05886216328089013,5.49562,5.57253,17.6072,1,1,0,1,0,0,0,0,0.0,0.0,0.0,0.0,0.0,0.0,0.0,1.0,6.229126000000001,5.49562,17.53256,0.046674577950834475,0.035341783488077476,0.046166896232400896,0.0,0.0,0,0.0,0.0,0,0,0,0,0,0,0,0,0,0,0,0,0
1,90.881,9,0.14256199360667673,-1.631574004747228,0.041155918688357246,0.032033947216007164,0.01812156679748667,0.5268209292698227,0.029169243640843556,0.5906736999698804,0.034658414237303474,5.49562,5.76068,17.6212,1,1,0,0,0,0,0,0,0.0,0.0,0.0,0.0,0.0,0.0,0.0,1.0,6.249889,5.49562,17.552339999999997,0.040443008675331044,0.029169243640843556,0.0398529213232065,0.0,0.0,0,0.0,0.0,0,0,0,0,0,0,0,0,0,0,0,0,0
1,91.886,9,2.985075358208142,2.828371507066135,0.06552727221581524,0.024371353527457992,0.018667270900875176,0.4566716532396789,0.02649455090881555,0.5857498021661672,0.03203560015865052,5.49562,12.9206,17.9753,1,1,0,0,0,0,0,0,0.0,0.0,0.0,0.0,0.0,0.0,0.0,1.0,6.978693,5.49562,17.611179999999997,0.046892514723113496,0.02649455090881555,0.03204611670541223,0.0,0.0,0,0.0,0.0,0,0,0,0,0,0,0,0,0,0,0,0,0
1,92.883,9,2.3156361990833716,-0.6714535196838218,0.3045200620520598,0.23899278983624456,0.11461679562702894,0.39293311731771957,0.08318715449328869,0.5765981599768493,0.03904014426006254,5.49562,5.85659,16.9001,1,1,0,0,0,0,0,0,0.0,0.0,0.0,0.0,0.0,0.0,0.0,1.0,6.991682,5.49562,17.56234,0.07661966665810076,0.08318715449328869,0.055323762592617044,0.0,0.0,0,0.0,0.0,0,0,0,0,0,0,0,0,0,0,0,0,0
1,93.883,9,6.229935604803289,3.914299405719917,0.002140589274080495,0.3023794727779793,0.11909914987375457,0.1509881698565468,0.0861330537996441,0.5549270620330947,0.04586873199256892,5.57253,8.94314,10.7533,1,1,0,0,0,0,0,0,0.0,0.0,0.0,0.0,0.0,0.0,0.0,1.0,7.312034,5.49562,16.89202,0.06760537497740136,0.0861330537996441,0.07705821353252623,0.0,0.0,0,0.0,0.0,0,0,0,0,0,0,0,0,0,0,0,0,0
1,94.888,9,6.33779742935448,0.10732519855839955,0.10498565615596682,0.10284506688188633,0.11833593873036378,0.2048555260148712,0.08688836874368101,0.5357147055936627,0.05296921103329266,5.76068,21.2701,4.59823,0,1,0,0,0,0,0,0,0.0,0.0,0.0,0.0,0.0,0.0,0.0,0.9,8.735728,5.49562,15.598423,0.07192843359276052,0.08688836874368101,0.08428987661284496,0.0,0.0,0,0.0,0.0,0,0,0,0,0,0,0,0,0,0,0,0,0
1,95.886,9,0.300607231067742,-6.049288775838415,0.5400308683619979,0.43504521220603104,0.21951379379802827,0.42094195460990624,0.16902225157036363,0.5244601251276144,0.07099333767889889,5.85659,37.8819,4.27771,0,1,0,0,0,0,0,0,0.0,0.0,0.0,0.0,0.0,0.0,0.0,0.8,11.644362000000001,5.49562,14.260034,0.12403188109906678,0.16902225157036363,0.12351853016310406,0.0,0.0,0,0.0,0.0,0,0,0,0,0,0,0,0,0,0,0,0,0
1,96.895,9,1.9547194777147134,1.6393580244271273,2.215060196031652,1.6750293276696542,0.9077773588074624,0.40393916537366875,0.678636016512462,0.5121363783043238,0.15832879841350517,5.85659,140.595,5.77393,0,1,0,0,0,0,0,0,0.0,0.0,0.0,0.0,0.0,0.0,0.0,0.7,25.029670000000003,5.49562,13.075007,0.34226522044926,0.678636016512462,0.289648422006991,0.0,0.0,0,0.0,0.0,0,0,0,0,0,0,0,0,0,0,0,0,0
1,97.894,9,0.0,-1.956676153868582,0.7058226132411832,1.509237582790469,0.8889819126104562,0.403948115840946,0.6789045064508713,0.4997477857320013,0.2444070367965092,8.94314,162.686,5.77422,0,1,0,0,0,0,0,0,0.0,0.0,0.0,0.0,0.0,0.0,0.0,0.6,40.698216,5.49562,11.889168999999999,0.4079122933184629,0.6789045064508713,0.4389096720840945,0.0,0.0,0,0.0,0.0,0,0,0,0,0,0,0,0,0,0,0,0,0
1,98.895,9,0.0,0.0,0.6470210302915824,0.058801582949600806,0.8025318023306428,0.403948115840946,0.668461197741449,0.48774273449132827,0.3229209752403365,21.2701,135.99,5.77472,0,1,0,0,0,0,0,0,0.0,0.0,0.0,0.0,0.0,0.0,0.0,0.5,53.747654,5.57253,10.705591,0.4699454072217059,0.668461197741449,0.44252363105005427,0.0,0.0,0,0.0,0.0,0,0,0,0,0,0,0,0,0,0,0,0,0
1,99.89,9,0.0,0.0,0.5825904321416059,0.06443059814997654,0.7166158628461109,0.41363246433859996,0.6541226867898287,0.4767947201226831,0.39242614523222097,37.8819,104.901,5.77241,0,1,0,0,0,0,0,0,0.0,0.0,0.0,0.0,0.0,0.0,0.0,0.4,63.68050099999999,5.76068,9.522112,0.5208854638454301,0.6541226867898287,0.44431669340053065,0.0,0.0,0,0.0,0.0,0,0,0,0,0,0,0,0,0,0,0,0,0
1,100.893,10,0.0,0.0,0.4379530402533649,0.14463739188824098,0.7320789194497092,0.40927591334039254,0.6334983082654174,0.46721054701444764,0.4638218804974432,80.7683,80.7683,5.77009,0,1,0,0,0,0,0,0,0.0,0.0,0.0,0.0,0.0,0.0,0.0,0.3,71.181263,5.85659,8.337001,0.5605651760019308,0.6334983082654174,0.45557703786775405,0.0,0.0,0,0.0,0.0,0,0,0,0,0,0,0,0,0,0,0,0,0
1,101.89,10,0.0,0.0,0.5961010103074155,0.15814797005405057,0.09975058923574474,0.4103005027359919,0.6091825469298908,0.4576775780498131,0.47193021233093024,48.6507,48.6507,5.77248,0,1,0,0,0,0,0,0,0.0,0.0,0.0,0.0,0.0,0.0,0.0,0.2,74.75427300000001,5.85659,7.116718999999999,0.613622549811091,0.6091825469298908,0.46895469952041324,0.0,0.0,0,0.0,0.0,0,0,0,0,0,0,0,0,0,0,0,0,0
1,102.892,10,0.0,0.0,1.3242700554902969,0.7281690451828814,0.3479302934384209,0.41030193367748935,0.6364324965368741,0.4481617938619027,0.4952615621120694,33.7925,33.7925,5.77607,0,1,0,0,0,0,0,0,0.0,0.0,0.0,0.0,0.0,0.0,0.0,0.1,77.54786399999999,8.94314,6.004316,0.7155975491549146,0.6364324965368741,0.517872325055077,0.0,0.0,0,0.0,0.0,0,0,0,0,0,0,0,0,0,0,0,0,0
1,103.892,10,1.7117558704431481,1.7117558704431481,1.2810808235789344,0.04318923191136248,0.4231906133840206,0.3726232288061837,0.6048506327637112,0.43788028912097215,0.5256707084630959,33.7925,111.161,7.17582,0,1,0,0,0,0,0,0,0.0,0.0,0.0,0.0,0.0,0.0,0.0,0.0,87.76965,21.2701,5.646568,0.8434915725854,0.6048506327637112,0.49195330096841533,0.0,0.0,0,0.0,0.0,0,0,0,0,0,0,0,0,0,0,0,0,0
1,104.905,10,5.651048127323789,3.8887386543737823,1.0436762972670743,0.23740452631186004,0.40156219764208656,0.3323633978175418,0.5476381119575224,0.42512321138780235,0.5539933343542682,33.7925,68.9575,12.1022,0,1,0,0,0,0,0,0,0.0,0.0,0.0,0.0,0.0,0.0,0.0,0.0,92.53839,33.7925,6.396965,0.9373606366965108,0.5476381119575224,0.5054092469114126,0.0,0.0,0,0.0,0.0,0,0,0,0,0,0,0,0,0,0,0,0,0
1,105.896,10,5.054561789283466,-0.6019034692636966,1.541275117858932,0.49759882059185756,0.36003202386586614,0.4571008736456668,0.5583467924799116,0.417807043325483,0.5680451573610521,8.9371,8.9371,12.6176,0,1,0,1,0,0,0,0,0.0,0.0,0.0,0.0,0.0,0.0,0.0,0.0,89.64391,8.9371,7.230954,1.0374850616462041,0.5583467924799116,0.5116646077499953,0.0,0.0,0,0.0,0.0,0,0,0,0,0,0,0,0,0,0,0,0,0
1,106.903,10,1.3323176968410873,-3.6963695059010715,0.11870946254526761,1.4225656553136643,0.5560169126641147,0.4685821857762552,0.4501551622193963,0.41180655454077486,0.5328691127467173,7.30766,7.30766,13.6313,0,1,0,1,0,0,0,0,0.0,0.0,0.0,0.0,0.0,0.0,0.0,0.0,76.315176,7.30766,8.016690999999998,0.8278499882975658,0.4501551622193963,0.4864182405143963,0.0,0.0,0,0.0,0.0,0,0,0,0,0,0,0,0,0,0,0,0,0
1,107.898,10,2.010050253768844,0.6811382481685996,0.005147618514206171,0.11356184403106144,0.6957428326310631,0.4588115017323245,0.5203215880390574,0.4063581969884634,0.513545204748778,6.43721,6.43721,15.4051,0,1,0,0,0,0,0,0,0.0,0.0,0.0,0.0,0.0,0.0,0.0,0.0,60.690297,6.43721,8.979778999999999,0.757782488824868,0.5203215880390574,0.34685066663845554,0.0,0.0,0,0.0,0.0,0,0,0,0,0,0,0,0,0,0,0,0,0
1,108.906,10,3.113675980512543,1.0948667924044633,0.004660441932208086,0.0004871765819980849,0.7082278272165368,0.3474595117649358,0.5725452916666659,0.3961445881655722,0.5041148072373673,6.43721,13.9238,15.7838,0,1,0,0,0,0,0,0,0.0,0.0,0.0,0.0,0.0,0.0,0.0,0.0,48.483677,6.43721,9.980687,0.6935464299889306,0.5725452916666659,0.3410192260016953,0.0,0.0,0,0.0,0.0,0,0,0,0,0,0,0,0,0,0,0,0,0
1,109.901,10,3.12697558572622,0.013366437400680303,1.843829789554998,1.83916934762279,0.9110802543251558,0.25913869366278586,0.6751165414828972,0.3852318477331137,0.5235612463852719,6.43721,125.831,17.7299,0,1,0,0,0,0,0,0,0.0,0.0,0.0,0.0,0.0,0.0,0.0,0.0,50.576677,6.43721,11.176435999999999,0.8196703657302699,0.6751165414828972,0.5184931009489767,0.0,0.0,0,0.0,0.0,0,0,0,0,0,0,0,0,0,0,0,0,0
1,110.902,11,3.398093698148664,0.27084726515728696,0.4670221839995543,1.3768076055554437,0.7813215502044044,0.24566917949535017,0.6733505957565561,0.37117426024439004,0.5284855094607414,6.43721,156.397,20.8606,0,1,0,0,0,0,0,0,0.0,0.0,0.0,0.0,0.0,0.0,0.0,0.0,58.13954700000001,6.43721,12.685487,0.8225772801048887,0.6733505957565561,0.6417101223156969,0.0,0.0,0,0.0,0.0,0,0,0,0,0,0,0,0,0,0,0,0,0
1,111.905,11,3.638839396935991,0.24002562192156243,0.22741967177680608,0.23960251222274823,0.7699097188315775,0.2221826697264206,0.6968131989662919,0.3594498110687271,0.5955014224203247,6.43721,170.05,24.4161,0,1,0,0,0,0,0,0,0.0,0.0,0.0,0.0,0.0,0.0,0.0,0.0,70.279477,6.43721,14.549849,0.7857091462518278,0.6968131989662919,0.6498555765325666,0.0,0.0,0,0.0,0.0,0,0,0,0,0,0,0,0,0,0,0,0,0
1,112.903,11,1.8284988017053538,-1.8139685322952277,0.13471126099281402,0.09270841078399206,0.750625036848319,0.23625020755214488,0.6961946638196058,0.35161566558044843,0.6357708967613144,13.9238,176.21,26.2608,0,1,0,0,0,0,0,0,0.0,0.0,0.0,0.0,0.0,0.0,0.0,0.0,84.521227,6.43721,16.598322,0.6667532668020796,0.6961946638196058,0.5863095130926779,0.0,0.0,0,0.0,0.0,0,0,0,0,0,0,0,0,0,0,0,0,0
1,113.904,11,2.8132154846525785,0.9837329499972276,1.4216252042219688,1.2869139432291548,0.7673884201687877,0.4483098898685234,0.711230632384121,0.36648175158104723,0.6701906774397912,100.283,100.283,29.0243,0,1,0,0,0,0,0,0,0.0,0.0,0.0,0.0,0.0,0.0,0.0,0.0,83.43342700000001,6.43721,18.783170000000002,0.680807704866383,0.711230632384121,0.7106819842244569,0.0,0.0,0,0.0,0.0,0,0,0,0,0,0,0,0,0,0,0,0,0
1,114.914,11,0.49505070296956777,-2.2952126551316936,0.6999201155578181,0.7217050886641507,0.5141883623848814,0.6904072468805732,0.6999615822488559,0.39075933762433235,0.6814532939140706,100.283,141.319,29.4748,0,1,0,0,0,0,0,0,0.0,0.0,0.0,0.0,0.0,0.0,0.0,0.0,90.669577,6.43721,20.520429999999998,0.6464320866954573,0.6999615822488559,0.759112040459686,0.0,0.0,0,0.0,0.0,0,0,0,0,0,0,0,0,0,0,0,0,0
1,115.905,11,0.2256375581330415,-0.271859883790642,0.6319617179480409,0.06795839760977718,0.5095853315936684,0.7056084725753932,0.6259478328319379,0.40499266352260666,0.6964086246868508,100.283,175.701,29.6518,0,1,0,0,0,0,0,0,0.0,0.0,0.0,0.0,0.0,0.0,0.0,0.0,107.345967,6.43721,22.223850000000002,0.5555007467043682,0.6259478328319379,0.716147998161478,0.0,0.0,0,0.0,0.0,0,0,0,0,0,0,0,0,0,0,0,0,0
1,116.915,11,0.09900995049539732,-0.12537386894816258,0.0,0.6319617179480409,0.5612637833538668,0.7161683871730091,0.6361936694002833,0.4206041246125737,0.6969333117558262,100.283,175.8,29.6506,0,1,0,0,0,0,0,0,0.0,0.0,0.0,0.0,0.0,0.0,0.0,0.0,124.195201,6.43721,23.82578,0.5436298004498414,0.6361936694002833,0.6370876044249157,0.0,0.0,0,0.0,0.0,0,0,0,0,0,0,0,0,0,0,0,0,0
1,117.917,11,0.0,-0.0988123258437099,0.0,0.0,0.5903223274259003,0.7161683871730091,0.6366796782913252,0.4362151381791769,0.6863912612353099,100.283,175.819,29.6559,0,1,0,0,0,0,0,0,0.0,0.0,0.0,0.0,0.0,0.0,0.0,0.0,141.13338000000002,13.9238,25.25086,0.5431150385984209,0.6366796782913252,0.6257314200218096,0.0,0.0,0,0.0,0.0,0,0,0,0,0,0,0,0,0,0,0,0,0
1,118.915,11,0.0,0.0,0.0,0.0,0.3655413579301676,0.7161683871730091,0.6371191703677838,0.45182615174578,0.652122614306673,141.319,175.802,29.6506,0,1,0,0,0,0,0,0,0.0,0.0,0.0,0.0,0.0,0.0,0.0,0.0,157.3212,100.283,26.63754,0.5426489944052,0.6371191703677838,0.6256827023636098,0.0,0.0,0,0.0,0.0,0,0,0,0,0,0,0,0,0,0,0,0,0
1,119.916,11,0.0,0.0,0.0,0.0,0.2826218721018742,0.7161683871730091,0.4612438708329261,0.4669529478875004,0.5892767760843448,175.701,175.808,29.6533,0,1,0,0,0,0,0,0,0.0,0.0,0.0,0.0,0.0,0.0,0.0,0.0,162.31889999999999,100.283,27.829880000000003,0.3582660154497002,0.4612438708329261,0.4417657676013308,0.0,0.0,0,0.0,0.0,0,0,0,0,0,0,0,0,0,0,0,0,0
1,120.921,12,0.0,0.0,0.0,0.0,0.0,0.7161683871730091,0.4725144133042409,0.4822975715791313,0.5111446210639043,175.8,175.803,29.6476,0,1,0,0,0,0,0,0,0.0,0.0,0.0,0.0,0.0,0.0,0.0,0.0,164.2595,100.283,28.70858,0.3115637970497448,0.4725144133042409,0.30408500704578645,0.0,0.0,0,0.0,0.0,0,0,0,0,0,0,0,0,0,0,0,0,0
1,121.911,12,0.0,0.0,0.0,0.0,0.0,0.7161683871730091,0.4823839678703699,0.49759096580098217,0.43415364918074656,175.802,175.803,29.6456,0,1,0,0,0,0,0,0,0.0,0.0,0.0,0.0,0.0,0.0,0.0,0.0,164.8348,100.283,29.23153,0.2888218298720642,0.4823839678703699,0.2801247558235116,0.0,0.0,0,0.0,0.0,0,0,0,0,0,0,0,0,0,0,0,0,0
1,122.913,12,0.0,0.0,0.0,0.0,0.0,0.7161683871730091,0.48900146576828635,0.5128842884757582,0.35909114549591464,175.802,175.813,29.6493,0,1,0,0,0,0,0,0,0.0,0.0,0.0,0.0,0.0,0.0,0.0,0.0,164.7951,100.283,29.57038,0.27535070377278276,0.48900146576828635,0.27085391474511233,0.0,0.0,0,0.0,0.0,0,0,0,0,0,0,0,0,0,0,0,0,0
1,123.917,12,0.0,0.0,0.0,0.0,0.0,0.7014644759362932,0.2812418609730014,0.5293263508322636,0.2823523034790359,175.798,175.798,29.6497,0,1,0,0,0,0,0,0,0.0,0.0,0.0,0.0,0.0,0.0,0.0,0.0,172.34660000000002,141.319,29.632920000000002,0.1331881833505859,0.2812418609730014,0.14216252042219688,0.0,0.0,0,0.0,0.0,0,0,0,0,0,0,0,0,0,0,0,0,0
1,124.917,12,0.0,0.0,0.0,0.0,0.0,0.6494315508582084,0.19984384227487145,0.545179758484297,0.23093346724054772,175.798,175.819,29.6569,0,1,0,0,0,0,0,0,0.0,0.0,0.0,0.0,0.0,0.0,0.0,0.0,175.79659999999998,175.701,29.651130000000002,0.06319617179480409,0.19984384227487145,0.0699920115557818,0.0,0.0,0,0.0,0.0,0,0,0,0,0,0,0,0,0,0,0,0,0
1,125.925,12,0.0,0.0,0.0,0.0,0.0,0.8483865350837138,0.0,0.5647440415561993,0.1799749340811809,175.798,175.805,29.6515,0,1,0,0,0,0,0,0,0.0,0.0,0.0,0.0,0.0,0.0,0.0,0.0,175.80700000000002,175.798,29.651100000000003,0.0,0.0,0.06319617179480409,0.0,0.0,0,0.0,0.0,0,0,0,0,0,0,0,0,0,0,0,0,0
1,126.918,12,0.0,0.0,0.0,0.0,0.0,0.89515305934655,0.0,0.586072585234714,0.12384855574579423,175.798,175.807,29.6514,0,1,0,0,0,0,0,0,0.0,0.0,0.0,0.0,0.0,0.0,0.0,0.0,175.80769999999998,175.798,29.65118,0.0,0.0,0.0,0.0,0.0,0,0.0,0.0,0,0,0,0,0,0,0,0,0,0,0,0,0
1,127.92,12,0.0,0.0,0.0,0.0,0.0,0.8922182888896991,0.0,0.6077429245925827,0.0648163230032042,175.798,175.804,29.6485,0,1,0,0,0,0,0,0,0.0,0.0,0.0,0.0,0.0,0.0,0.0,0.0,175.8062,175.798,29.650440000000003,0.0,0.0,0.0,0.0,0.0,0,0.0,0.0,0,0,0,0,0,0,0,0,0,0,0,0,0
1,128.922,12,0.0,0.0,0.0,0.0,0.0,0.9361591915557897,0.0,0.6371779085821254,0.028262187210187424,175.802,175.802,29.6457,0,1,0,0,0,0,0,0,0.0,0.0,0.0,0.0,0.0,0.0,0.0,0.0,175.8062,175.798,29.649949999999997,0.0,0.0,0.0,0.0,0.0,0,0.0,0.0,0,0,0,0,0,0,0,0,0,0,0,0,0
1,129.922,12,0.0,0.0,0.0,0.0,0.0,0.9604568684524255,0.0,0.6722438173216074,0.0,175.802,175.812,29.6493,0,1,0,0,0,0,0,0,0.0,0.0,0.0,0.0,0.0,0.0,0.0,0.0,175.8066,175.798,29.649549999999998,0.0,0.0,0.0,0.0,0.0,0,0.0,0.0,0,0,0,0,0,0,0,0,0,0,0,0,0
1,130.93,13,0.0,0.0,0.0,0.0,0.0,0.9660835643386281,0.0,0.7082645365637713,0.0,175.798,175.798,29.6487,0,1,0,0,0,0,0,0,0.0,0.0,0.0,0.0,0.0,0.0,0.0,0.0,175.8061,175.798,29.64966,0.0,0.0,0.0,0.0,0.0,0,0.0,0.0,0,0,0,0,0,0,0,0,0,0,0,0,0
1,131.924,13,0.0,0.0,0.0,0.0,0.0,0.9531827377198713,0.0,0.7448145399634438,0.0,175.798,175.816,29.656,0,1,0,0,0,0,0,0,0.0,0.0,0.0,0.0,0.0,0.0,0.0,0.0,175.8074,175.798,29.6507,0.0,0.0,0.0,0.0,0.0,0,0.0,0.0,0,0,0,0,0,0,0,0,0,0,0,0,0
1,132.925,13,0.0,0.0,0.0,0.0,0.0,0.9485933648829956,0.0,0.7804316978299864,0.0,175.798,175.809,29.6533,0,1,0,0,0,0,0,0,0.0,0.0,0.0,0.0,0.0,0.0,0.0,0.0,175.807,175.798,29.651099999999996,0.0,0.0,0.0,0.0,0.0,0,0.0,0.0,0,0,0,0,0,0,0,0,0,0,0,0,0
1,133.928,13,0.0,0.0,0.0,0.0,0.0,0.8144898155452577,0.0,0.7987406941138231,0.0,175.798,175.804,29.6505,0,1,0,0,0,0,0,0,0.0,0.0,0.0,0.0,0.0,0.0,0.0,0.0,175.8076,175.798,29.65118,0.0,0.0,0.0,0.0,0.0,0,0.0,0.0,0,0,0,0,0,0,0,0,0,0,0,0,0
1,134.929,13,0.0,0.0,0.0,0.0,0.0,0.6180338505508368,0.0,0.7951220242973364,0.0,175.798,175.805,29.6505,0,1,0,0,0,0,0,0,0.0,0.0,0.0,0.0,0.0,0.0,0.0,0.0,175.8062,175.798,29.65054,0.0,0.0,0.0,0.0,0.0,0,0.0,0.0,0,0,0,0,0,0,0,0,0,0,0,0,0
1,135.924,13,0.0,0.0,0.0,0.0,0.0,0.9999995000003751,0.0,0.8098415756685855,0.0,175.801,175.801,29.6457,0,1,0,0,0,0,0,0,0.0,0.0,0.0,0.0,0.0,0.0,0.0,0.0,175.8058,175.798,29.64996,0.0,0.0,0.0,0.0,0.0,0,0.0,0.0,0,0,0,0,0,0,0,0,0,0,0,0,0
1,136.927,13,0.0,0.0,0.0,0.0,0.0,0.0,0.0,0.774033156309935,0.0,175.801,175.81,29.6484,0,1,0,0,0,0,0,0,0.0,0.0,0.0,0.0,0.0,0.0,0.0,0.0,175.80610000000001,175.798,29.64966,0.0,0.0,0.0,0.0,0.0,0,0.0,0.0,0,0,0,0,0,0,0,0,0,0,0,0,0
1,137.93,13,0.0,0.0,0.0,0.0,0.0,0.0,0.0,0.7382247369512844,0.0,175.799,175.799,29.6487,0,1,0,0,0,0,0,0,0.0,0.0,0.0,0.0,0.0,0.0,0.0,0.0,175.8056,175.798,29.64968,0.0,0.0,0.0,0.0,0.0,0,0.0,0.0,0,0,0,0,0,0,0,0,0,0,0,0,0
1,138.934,13,0.0,0.0,0.0,0.0,0.0,0.0,0.0,0.702416317592634,0.0,175.799,175.812,29.6552,0,1,0,0,0,0,0,0,0.0,0.0,0.0,0.0,0.0,0.0,0.0,0.0,175.8066,175.798,29.65063,0.0,0.0,0.0,0.0,0.0,0,0.0,0.0,0,0,0,0,0,0,0,0,0,0,0,0,0
1,139.932,13,0.0,0.0,0.0,0.0,0.0,0.0,0.0,0.6666078982339836,0.0,175.799,175.812,29.6542,0,1,0,0,0,0,0,0,0.0,0.0,0.0,0.0,0.0,0.0,0.0,0.0,175.8066,175.798,29.65112,0.0,0.0,0.0,0.0,0.0,0,0.0,0.0,0,0,0,0,0,0,0,0,0,0,0,0,0
1,140.932,14,0.0,0.0,0.0,0.0,0.0,0.0,0.0,0.630799478875333,0.0,175.799,175.802,29.6496,0,1,0,0,0,0,0,0,0.0,0.0,0.0,0.0,0.0,0.0,0.0,0.0,175.807,175.799,29.651210000000003,0.0,0.0,0.0,0.0,0.0,0,0.0,0.0,0,0,0,0,0,0,0,0,0,0,0,0,0
1,141.938,14,0.0,0.0,0.0,0.0,0.0,0.0,0.0,0.5949910595166827,0.0,175.799,175.807,29.6524,0,1,0,0,0,0,0,0,0.0,0.0,0.0,0.0,0.0,0.0,0.0,0.0,175.8061,175.799,29.650850000000002,0.0,0.0,0.0,0.0,0.0,0,0.0,0.0,0,0,0,0,0,0,0,0,0,0,0,0,0
1,142.939,14,0.0,0.0,0.0,0.0,0.0,0.0,0.0,0.5591826401580322,0.0,175.799,175.799,29.6467,0,1,0,0,0,0,0,0,0.0,0.0,0.0,0.0,0.0,0.0,0.0,0.0,175.80509999999998,175.799,29.650190000000002,0.0,0.0,0.0,0.0,0.0,0,0.0,0.0,0,0,0,0,0,0,0,0,0,0,0,0,0
1,143.935,14,0.0,0.0,0.0,0.0,0.0,0.0,0.0,0.5241094163612176,0.0,175.799,175.808,29.6475,0,1,0,0,0,0,0,0,0.0,0.0,0.0,0.0,0.0,0.0,0.0,0.0,175.8055,175.799,29.64989,0.0,0.0,0.0,0.0,0.0,0,0.0,0.0,0,0,0,0,0,0,0,0,0,0,0,0,0
1,144.937,14,0.0,0.0,0.0,0.0,0.0,0.0,0.0,0.49163783881830714,0.0,175.799,175.802,29.6476,0,1,0,0,0,0,0,0,0.0,0.0,0.0,0.0,0.0,0.0,0.0,0.0,175.8052,175.799,29.6496,0.0,0.0,0.0,0.0,0.0,0,0.0,0.0,0,0,0,0,0,0,0,0,0,0,0,0,0
1,145.946,14,0.0,0.0,0.0,0.0,0.0,0.0,0.0,0.44921851206412144,0.0,175.799,175.806,29.6543,0,1,0,0,0,0,0,0,0.0,0.0,0.0,0.0,0.0,0.0,0.0,0.0,175.80570000000003,175.799,29.65046,0.0,0.0,0.0,0.0,0.0,0,0.0,0.0,0,0,0,0,0,0,0,0,0,0,0,0,0
1,146.937,14,0.0,0.0,0.0,0.0,0.0,0.0,0.0,0.40446085909679397,0.0,175.799,175.815,29.6551,0,1,0,0,0,0,0,0,0.0,0.0,0.0,0.0,0.0,0.0,0.0,0.0,175.8062,175.799,29.651130000000002,0.0,0.0,0.0,0.0,0.0,0,0.0,0.0,0,0,0,0,0,0,0,0,0,0,0,0,0
1,147.942,14,0.0,0.0,0.0,0.0,0.0,0.0,0.0,0.359849944652309,0.0,175.801,175.801,29.6496,0,1,0,0,0,0,0,0,0.0,0.0,0.0,0.0,0.0,0.0,0.0,0.0,175.8064,175.799,29.651220000000002,0.0,0.0,0.0,0.0,0.0,0,0.0,0.0,0,0,0,0,0,0,0,0,0,0,0,0,0
1,148.942,14,0.0,0.0,0.0,0.0,0.0,0.0,0.0,0.3130419850745195,0.0,175.801,175.808,29.6533,0,1,0,0,0,0,0,0,0.0,0.0,0.0,0.0,0.0,0.0,0.0,0.0,175.80599999999998,175.799,29.651030000000002,0.0,0.0,0.0,0.0,0.0,0,0.0,0.0,0,0,0,0,0,0,0,0,0,0,0,0,0
1,149.945,14,0.0,0.0,0.0,0.0,0.0,0.0,0.0,0.2650191416518982,0.0,175.8,175.8,29.6467,0,1,0,0,0,0,0,0,0.0,0.0,0.0,0.0,0.0,0.0,0.0,0.0,175.8048,175.799,29.650280000000002,0.0,0.0,0.0,0.0,0.0,0,0.0,0.0,0,0,0,0,0,0,0,0,0,0,0,0,0
1,150.943,15,0.0,0.0,0.0,0.0,0.0,0.0,0.0,0.21671496343496682,0.0,175.8,175.807,29.6475,0,1,0,0,0,0,0,0,0.0,0.0,0.0,0.0,0.0,0.0,0.0,0.0,175.80530000000002,175.799,29.65007,0.0,0.0,0.0,0.0,0.0,0,0.0,0.0,0,0,0,0,0,0,0,0,0,0,0,0,0
1,151.951,15,0.0,0.0,0.0,0.0,0.0,0.0,0.0,0.16905582654897328,0.0,175.8,175.805,29.6475,0,1,0,0,0,0,0,0,0.0,0.0,0.0,0.0,0.0,0.0,0.0,0.0,175.80509999999998,175.799,29.649579999999997,0.0,0.0,0.0,0.0,0.0,0,0.0,0.0,0,0,0,0,0,0,0,0,0,0,0,0,0
1,152.952,15,0.0,0.0,0.0,0.0,0.0,0.0,0.0,0.12162615830482348,0.0,175.8,175.803,29.6525,0,1,0,0,0,0,0,0,0.0,0.0,0.0,0.0,0.0,0.0,0.0,0.0,175.8055,175.8,29.65016,0.0,0.0,0.0,0.0,0.0,0,0.0,0.0,0,0,0,0,0,0,0,0,0,0,0,0,0
1,153.949,15,0.0,0.0,0.0,0.0,0.0,0.0,0.0,0.08090166752756059,0.0,175.8,175.817,29.655,0,1,0,0,0,0,0,0,0.0,0.0,0.0,0.0,0.0,0.0,0.0,0.0,175.8064,175.8,29.65091,0.0,0.0,0.0,0.0,0.0,0,0.0,0.0,0,0,0,0,0,0,0,0,0,0,0,0,0
1,154.957,15,0.0,0.0,0.0,0.0,0.0,0.0,0.0,0.04999997500001875,0.0,175.801,175.801,29.6496,0,1,0,0,0,0,0,0,0.0,0.0,0.0,0.0,0.0,0.0,0.0,0.0,175.8063,175.8,29.65111,0.0,0.0,0.0,0.0,0.0,0,0.0,0.0,0,0,0,0,0,0,0,0,0,0,0,0,0
1,155.955,15,0.0,0.0,0.0,0.0,0.0,0.0,0.0,0.0,0.0,175.801,175.809,29.6533,0,1,0,0,0,0,0,0,0.0,0.0,0.0,0.0,0.0,0.0,0.0,0.0,175.8066,175.8,29.651010000000003,0.0,0.0,0.0,0.0,0.0,0,0.0,0.0,0,0,0,0,0,0,0,0,0,0,0,0,0
1,156.95,15,0.0,0.0,0.0,0.0,0.0,0.0,0.0,0.0,0.0,175.801,175.801,29.6467,0,1,0,0,0,0,0,0,0.0,0.0,0.0,0.0,0.0,0.0,0.0,0.0,175.8052,175.8,29.650170000000003,0.0,0.0,0.0,0.0,0.0,0,0.0,0.0,0,0,0,0,0,0,0,0,0,0,0,0,0
1,157.954,15,0.0,0.0,0.0,0.0,0.0,0.0,0.0,0.0,0.0,175.801,175.804,29.6466,0,1,0,0,0,0,0,0,0.0,0.0,0.0,0.0,0.0,0.0,0.0,0.0,175.8055,175.8,29.64987,0.0,0.0,0.0,0.0,0.0,0,0.0,0.0,0,0,0,0,0,0,0,0,0,0,0,0,0
1,158.954,15,0.0,0.0,0.0,0.0,0.0,0.0,0.0,0.0,0.0,175.801,175.809,29.6474,0,1,0,0,0,0,0,0,0.0,0.0,0.0,0.0,0.0,0.0,0.0,0.0,175.80559999999997,175.8,29.649279999999997,0.0,0.0,0.0,0.0,0.0,0,0.0,0.0,0,0,0,0,0,0,0,0,0,0,0,0,0
1,159.96,15,0.0,0.0,0.0,0.0,0.0,0.0,0.0,0.0,0.0,175.8,175.8,29.6506,0,1,0,0,0,0,0,0,0.0,0.0,0.0,0.0,0.0,0.0,0.0,0.0,175.8056,175.8,29.649669999999997,0.0,0.0,0.0,0.0,0.0,0,0.0,0.0,0,0,0,0,0,0,0,0,0,0,0,0,0
1,160.955,16,0.0,0.0,0.0,0.0,0.0,0.0,0.0,0.0,0.0,175.8,175.819,29.6559,0,1,0,0,0,0,0,0,0.0,0.0,0.0,0.0,0.0,0.0,0.0,0.0,175.8068,175.8,29.650510000000004,0.0,0.0,0.0,0.0,0.0,0,0.0,0.0,0,0,0,0,0,0,0,0,0,0,0,0,0
1,161.961,16,0.0,0.0,0.0,0.0,0.0,0.0,0.0,0.0,0.0,175.8,175.802,29.6506,0,1,0,0,0,0,0,0,0.0,0.0,0.0,0.0,0.0,0.0,0.0,0.0,175.8065,175.8,29.650820000000003,0.0,0.0,0.0,0.0,0.0,0,0.0,0.0,0,0,0,0,0,0,0,0,0,0,0,0,0
1,162.957,16,0.0,0.0,0.0,0.0,0.0,0.0,0.0,0.0,0.0,175.8,175.809,29.6533,0,1,0,0,0,0,0,0,0.0,0.0,0.0,0.0,0.0,0.0,0.0,0.0,175.8071,175.8,29.6509,0.0,0.0,0.0,0.0,0.0,0,0.0,0.0,0,0,0,0,0,0,0,0,0,0,0,0,0
1,163.963,16,0.0,0.0,0.0,0.0,0.0,0.0,0.0,0.0,0.0,175.8,175.802,29.6476,0,1,0,0,0,0,0,0,0.0,0.0,0.0,0.0,0.0,0.0,0.0,0.0,175.8056,175.8,29.65016,0.0,0.0,0.0,0.0,0.0,0,0.0,0.0,0,0,0,0,0,0,0,0,0,0,0,0,0
1,164.956,16,0.0,0.0,0.0,0.0,0.0,0.0,0.0,0.0,0.0,175.802,175.803,29.6456,0,1,0,0,0,0,0,0,0.0,0.0,0.0,0.0,0.0,0.0,0.0,0.0,175.8058,175.8,29.649759999999997,0.0,0.0,0.0,0.0,0.0,0,0.0,0.0,0,0,0,0,0,0,0,0,0,0,0,0,0
1,165.959,16,0.0,0.0,0.0,0.0,0.0,0.0,0.0,0.0,0.0,175.802,175.812,29.6483,0,1,0,0,0,0,0,0,0.0,0.0,0.0,0.0,0.0,0.0,0.0,0.0,175.80610000000001,175.8,29.649259999999998,0.0,0.0,0.0,0.0,0.0,0,0.0,0.0,0,0,0,0,0,0,0,0,0,0,0,0,0
1,166.959,16,0.0,0.0,0.0,0.0,0.0,0.0,0.0,0.0,0.0,175.799,175.799,29.6497,0,1,0,0,0,0,0,0,0.0,0.0,0.0,0.0,0.0,0.0,0.0,0.0,175.8059,175.799,29.649559999999997,0.0,0.0,0.0,0.0,0.0,0,0.0,0.0,0,0,0,0,0,0,0,0,0,0,0,0,0
1,167.963,16,0.0,0.0,0.0,0.0,0.0,0.0,0.0,0.0,0.0,175.799,175.819,29.6559,0,1,0,0,0,0,0,0,0.0,0.0,0.0,0.0,0.0,0.0,0.0,0.0,175.8074,175.799,29.65049,0.0,0.0,0.0,0.0,0.0,0,0.0,0.0,0,0,0,0,0,0,0,0,0,0,0,0,0
1,168.962,16,0.0,0.0,0.0,0.0,0.0,0.0,0.0,0.0,0.0,175.799,175.804,29.6515,0,1,0,0,0,0,0,0,0.0,0.0,0.0,0.0,0.0,0.0,0.0,0.0,175.80689999999998,175.799,29.6509,0.0,0.0,0.0,0.0,0.0,0,0.0,0.0,0,0,0,0,0,0,0,0,0,0,0,0,0
1,169.963,16,0.0,0.0,0.0,0.0,0.0,0.0,0.0,0.0,0.0,175.799,175.807,29.6524,0,1,0,0,0,0,0,0,0.0,0.0,0.0,0.0,0.0,0.0,0.0,0.0,175.80759999999998,175.799,29.65108,0.0,0.0,0.0,0.0,0.0,0,0.0,0.0,0,0,0,0,0,0,0,0,0,0,0,0,0
1,170.963,17,0.0,0.0,0.0,0.0,0.0,0.0,0.0,0.0,0.0,175.799,175.804,29.6485,0,1,0,0,0,0,0,0,0.0,0.0,0.0,0.0,0.0,0.0,0.0,0.0,175.8061,175.799,29.65034,0.0,0.0,0.0,0.0,0.0,0,0.0,0.0,0,0,0,0,0,0,0,0,0,0,0,0,0
1,171.97,17,0.0,0.0,0.0,0.0,0.0,0.0,0.0,0.0,0.0,175.802,175.802,29.6457,0,1,0,0,0,0,0,0,0.0,0.0,0.0,0.0,0.0,0.0,0.0,0.0,175.8061,175.799,29.649849999999997,0.0,0.0,0.0,0.0,0.0,0,0.0,0.0,0,0,0,0,0,0,0,0,0,0,0,0,0
1,172.963,17,0.0,0.0,0.0,0.0,0.0,0.0,0.0,0.0,0.0,175.802,175.812,29.6493,0,1,0,0,0,0,0,0,0.0,0.0,0.0,0.0,0.0,0.0,0.0,0.0,175.8064,175.799,29.649449999999995,0.0,0.0,0.0,0.0,0.0,0,0.0,0.0,0,0,0,0,0,0,0,0,0,0,0,0,0
1,173.965,17,0.0,0.0,0.0,0.0,0.0,0.0,0.0,0.0,0.0,175.797,175.797,29.6497,0,1,0,0,0,0,0,0,0.0,0.0,0.0,0.0,0.0,0.0,0.0,0.0,175.8059,175.797,29.64966,0.0,0.0,0.0,0.0,0.0,0,0.0,0.0,0,0,0,0,0,0,0,0,0,0,0,0,0
1,174.975,17,0.0,0.0,0.0,0.0,0.0,0.0,0.0,0.0,0.0,175.797,175.817,29.656,0,1,0,0,0,0,0,0,0.0,0.0,0.0,0.0,0.0,0.0,0.0,0.0,175.8073,175.797,29.6507,0.0,0.0,0.0,0.0,0.0,0,0.0,0.0,0,0,0,0,0,0,0,0,0,0,0,0,0
1,175.972,17,0.0,0.0,0.0,0.0,0.0,0.0,0.0,0.0,0.0,175.797,175.808,29.6523,0,1,0,0,0,0,0,0,0.0,0.0,0.0,0.0,0.0,0.0,0.0,0.0,175.80689999999998,175.797,29.651100000000003,0.0,0.0,0.0,0.0,0.0,0,0.0,0.0,0,0,0,0,0,0,0,0,0,0,0,0,0
1,176.973,17,0.0,0.0,0.0,0.0,0.0,0.0,0.0,0.0,0.0,175.797,175.805,29.6505,0,1,0,0,0,0,0,0,0.0,0.0,0.0,0.0,0.0,0.0,0.0,0.0,175.80749999999998,175.797,29.65118,0.0,0.0,0.0,0.0,0.0,0,0.0,0.0,0,0,0,0,0,0,0,0,0,0,0,0,0
1,177.971,17,0.0,0.0,0.0,0.0,0.0,0.0,0.0,0.0,0.0,175.797,175.805,29.6505,0,1,0,0,0,0,0,0,0.0,0.0,0.0,0.0,0.0,0.0,0.0,0.0,175.8061,175.797,29.65064,0.0,0.0,0.0,0.0,0.0,0,0.0,0.0,0,0,0,0,0,0,0,0,0,0,0,0,0
1,178.976,17,0.0,0.0,0.0,0.0,0.0,0.0,0.0,0.0,0.0,175.801,175.801,29.6457,0,1,0,0,0,0,0,0,0.0,0.0,0.0,0.0,0.0,0.0,0.0,0.0,175.8058,175.797,29.650059999999996,0.0,0.0,0.0,0.0,0.0,0,0.0,0.0,0,0,0,0,0,0,0,0,0,0,0,0,0
1,179.973,17,0.0,0.0,0.0,0.0,0.0,0.0,0.0,0.0,0.0,175.801,175.811,29.6493,0,1,0,0,0,0,0,0,0.0,0.0,0.0,0.0,0.0,0.0,0.0,0.0,175.80620000000002,175.797,29.64975,0.0,0.0,0.0,0.0,0.0,0,0.0,0.0,0,0,0,0,0,0,0,0,0,0,0,0,0
1,180.983,18,0.0,0.0,0.0,0.0,0.0,0.0,0.0,0.0,0.0,175.799,175.799,29.6487,0,1,0,0,0,0,0,0,0.0,0.0,0.0,0.0,0.0,0.0,0.0,0.0,175.8057,175.797,29.64977,0.0,0.0,0.0,0.0,0.0,0,0.0,0.0,0,0,0,0,0,0,0,0,0,0,0,0,0
1,181.977,18,0.0,0.0,0.0,0.0,0.0,0.0,0.0,0.0,0.0,175.799,175.813,29.6551,0,1,0,0,0,0,0,0,0.0,0.0,0.0,0.0,0.0,0.0,0.0,0.0,175.8068,175.797,29.650709999999997,0.0,0.0,0.0,0.0,0.0,0,0.0,0.0,0,0,0,0,0,0,0,0,0,0,0,0,0
1,182.975,18,0.0,0.0,0.0,0.0,0.0,0.0,0.0,0.0,0.0,175.799,175.811,29.6532,0,1,0,0,0,0,0,0,0.0,0.0,0.0,0.0,0.0,0.0,0.0,0.0,175.8067,175.797,29.651100000000003,0.0,0.0,0.0,0.0,0.0,0,0.0,0.0,0,0,0,0,0,0,0,0,0,0,0,0,0
1,183.978,18,0.0,0.0,0.0,0.0,0.0,0.0,0.0,0.0,0.0,175.799,175.803,29.6496,0,1,0,0,0,0,0,0,0.0,0.0,0.0,0.0,0.0,0.0,0.0,0.0,175.8073,175.799,29.651090000000003,0.0,0.0,0.0,0.0,0.0,0,0.0,0.0,0,0,0,0,0,0,0,0,0,0,0,0,0
1,184.983,18,0.0,0.0,0.0,0.0,0.0,0.0,0.0,0.0,0.0,175.799,175.807,29.6514,0,1,0,0,0,0,0,0,0.0,0.0,0.0,0.0,0.0,0.0,0.0,0.0,175.8063,175.799,29.65063,0.0,0.0,0.0,0.0,0.0,0,0.0,0.0,0,0,0,0,0,0,0,0,0,0,0,0,0
1,185.986,18,0.0,0.0,0.0,0.0,0.0,0.0,0.0,0.0,0.0,175.799,175.799,29.6467,0,1,0,0,0,0,0,0,0.0,0.0,0.0,0.0,0.0,0.0,0.0,0.0,175.8054,175.799,29.65007,0.0,0.0,0.0,0.0,0.0,0,0.0,0.0,0,0,0,0,0,0,0,0,0,0,0,0,0
1,186.978,18,0.0,0.0,0.0,0.0,0.0,0.0,0.0,0.0,0.0,175.799,175.809,29.6484,0,1,0,0,0,0,0,0,0.0,0.0,0.0,0.0,0.0,0.0,0.0,0.0,175.8058,175.799,29.64986,0.0,0.0,0.0,0.0,0.0,0,0.0,0.0,0,0,0,0,0,0,0,0,0,0,0,0,0
1,187.98,18,0.0,0.0,0.0,0.0,0.0,0.0,0.0,0.0,0.0,175.799,175.801,29.6486,0,1,0,0,0,0,0,0,0.0,0.0,0.0,0.0,0.0,0.0,0.0,0.0,175.80540000000002,175.799,29.649669999999997,0.0,0.0,0.0,0.0,0.0,0,0.0,0.0,0,0,0,0,0,0,0,0,0,0,0,0,0
1,188.992,18,0.0,0.0,0.0,0.0,0.0,0.0,0.0,0.0,0.0,175.799,175.81,29.6543,0,1,0,0,0,0,0,0,0.0,0.0,0.0,0.0,0.0,0.0,0.0,0.0,175.80630000000002,175.799,29.650530000000003,0.0,0.0,0.0,0.0,0.0,0,0.0,0.0,0,0,0,0,0,0,0,0,0,0,0,0,0
1,189.992,18,0.0,0.0,0.0,0.0,0.0,0.0,0.0,0.0,0.0,175.799,175.814,29.6541,0,1,0,0,0,0,0,0,0.0,0.0,0.0,0.0,0.0,0.0,0.0,0.0,175.80659999999997,175.799,29.651009999999996,0.0,0.0,0.0,0.0,0.0,0,0.0,0.0,0,0,0,0,0,0,0,0,0,0,0,0,0
1,190.985,19,0.0,0.0,0.0,0.0,0.0,0.0,0.0,0.0,0.0,175.801,175.801,29.6496,0,1,0,0,0,0,0,0,0.0,0.0,0.0,0.0,0.0,0.0,0.0,0.0,175.8068,175.799,29.651100000000003,0.0,0.0,0.0,0.0,0.0,0,0.0,0.0,0,0,0,0,0,0,0,0,0,0,0,0,0
1,191.987,19,0.0,0.0,0.0,0.0,0.0,0.0,0.0,0.0,0.0,175.801,175.808,29.6533,0,1,0,0,0,0,0,0,0.0,0.0,0.0,0.0,0.0,0.0,0.0,0.0,175.80630000000002,175.799,29.650920000000003,0.0,0.0,0.0,0.0,0.0,0,0.0,0.0,0,0,0,0,0,0,0,0,0,0,0,0,0
1,192.985,19,0.0,0.0,0.0,0.0,0.0,0.0,0.0,0.0,0.0,175.799,175.799,29.6467,0,1,0,0,0,0,0,0,0.0,0.0,0.0,0.0,0.0,0.0,0.0,0.0,175.80509999999998,175.799,29.65027,0.0,0.0,0.0,0.0,0.0,0,0.0,0.0,0,0,0,0,0,0,0,0,0,0,0,0,0
1,193.99,19,0.0,0.0,0.0,0.0,0.0,0.0,0.0,0.0,0.0,175.799,175.807,29.6475,0,1,0,0,0,0,0,0,0.0,0.0,0.0,0.0,0.0,0.0,0.0,0.0,175.8055,175.799,29.650059999999996,0.0,0.0,0.0,0.0,0.0,0,0.0,0.0,0,0,0,0,0,0,0,0,0,0,0,0,0
1,194.99,19,0.0,0.0,0.0,0.0,0.0,0.0,0.0,0.0,0.0,175.799,175.803,29.6476,0,1,0,0,0,0,0,0,0.0,0.0,0.0,0.0,0.0,0.0,0.0,0.0,175.80509999999998,175.799,29.64968,0.0,0.0,0.0,0.0,0.0,0,0.0,0.0,0,0,0,0,0,0,0,0,0,0,0,0,0
1,195.99,19,0.0,0.0,0.0,0.0,0.0,0.0,0.0,0.0,0.0,175.799,175.804,29.6534,0,1,0,0,0,0,0,0,0.0,0.0,0.0,0.0,0.0,0.0,0.0,0.0,175.8056,175.799,29.650349999999996,0.0,0.0,0.0,0.0,0.0,0,0.0,0.0,0,0,0,0,0,0,0,0,0,0,0,0,0
1,197.0,19,0.0,0.0,0.0,0.0,0.0,0.0,0.0,0.0,0.0,175.799,175.817,29.655,0,1,0,0,0,0,0,0,0.0,0.0,0.0,0.0,0.0,0.0,0.0,0.0,175.8064,175.799,29.651010000000003,0.0,0.0,0.0,0.0,0.0,0,0.0,0.0,0,0,0,0,0,0,0,0,0,0,0,0,0
1,197.992,19,0.0,0.0,0.0,0.0,0.0,0.0,0.0,0.0,0.0,175.801,175.801,29.6496,0,1,0,0,0,0,0,0,0.0,0.0,0.0,0.0,0.0,0.0,0.0,0.0,175.8064,175.799,29.651110000000006,0.0,0.0,0.0,0.0,0.0,0,0.0,0.0,0,0,0,0,0,0,0,0,0,0,0,0,0
1,198.997,19,0.0,0.0,0.0,0.0,0.0,0.0,0.0,0.0,0.0,175.801,175.809,29.6533,0,1,0,0,0,0,0,0,0.0,0.0,0.0,0.0,0.0,0.0,0.0,0.0,175.8063,175.799,29.651009999999996,0.0,0.0,0.0,0.0,0.0,0,0.0,0.0,0,0,0,0,0,0,0,0,0,0,0,0,0
1,199.994,19,0.0,0.0,0.0,0.0,0.0,0.0,0.0,0.0,0.0,175.8,175.8,29.6467,0,1,0,0,0,0,0,0,0.0,0.0,0.0,0.0,0.0,0.0,0.0,0.0,175.8049,175.799,29.65027,0.0,0.0,0.0,0.0,0.0,0,0.0,0.0,0,0,0,0,0,0,0,0,0,0,0,0,0
1,201.005,20,0.0,0.0,0.0,0.0,0.0,0.0,0.0,0.0,0.0,175.8,175.806,29.6465,0,1,0,0,0,0,0,0,0.0,0.0,0.0,0.0,0.0,0.0,0.0,0.0,175.8054,175.799,29.64996,0.0,0.0,0.0,0.0,0.0,0,0.0,0.0,0,0,0,0,0,0,0,0,0,0,0,0,0
1,201.996,20,0.0,0.0,0.0,0.0,0.0,0.0,0.0,0.0,0.0,175.8,175.808,29.6474,0,1,0,0,0,0,0,0,0.0,0.0,0.0,0.0,0.0,0.0,0.0,0.0,175.8054,175.799,29.649369999999998,0.0,0.0,0.0,0.0,0.0,0,0.0,0.0,0,0,0,0,0,0,0,0,0,0,0,0,0
1,203.008,20,0.0,0.0,0.0,0.0,0.0,0.0,0.0,0.0,0.0,175.8,175.801,29.6516,0,1,0,0,0,0,0,0,0.0,0.0,0.0,0.0,0.0,0.0,0.0,0.0,175.8056,175.8,29.64986,0.0,0.0,0.0,0.0,0.0,0,0.0,0.0,0,0,0,0,0,0,0,0,0,0,0,0,0
1,204.012,20,0.0,0.0,0.0,0.0,0.0,0.0,0.0,0.0,0.0,175.8,175.818,29.656,0,1,0,0,0,0,0,0,0.0,0.0,0.0,0.0,0.0,0.0,0.0,0.0,175.8067,175.8,29.650710000000004,0.0,0.0,0.0,0.0,0.0,0,0.0,0.0,0,0,0,0,0,0,0,0,0,0,0,0,0
1,205.01,20,0.0,0.0,0.0,0.0,0.0,0.0,0.0,0.0,0.0,175.801,175.801,29.6506,0,1,0,0,0,0,0,0,0.0,0.0,0.0,0.0,0.0,0.0,0.0,0.0,175.8065,175.8,29.651010000000003,0.0,0.0,0.0,0.0,0.0,0,0.0,0.0,0,0,0,0,0,0,0,0,0,0,0,0,0
1,206.001,20,0.0,0.0,0.0,0.0,0.0,0.0,0.0,0.0,0.0,175.801,175.809,29.6533,0,1,0,0,0,0,0,0,0.0,0.0,0.0,0.0,0.0,0.0,0.0,0.0,175.807,175.8,29.651000000000003,0.0,0.0,0.0,0.0,0.0,0,0.0,0.0,0,0,0,0,0,0,0,0,0,0,0,0,0
1,207.001,20,0.0,0.0,0.0,0.0,0.0,0.0,0.0,0.0,0.0,175.801,175.802,29.6476,0,1,0,0,0,0,0,0,0.0,0.0,0.0,0.0,0.0,0.0,0.0,0.0,175.8055,175.8,29.650259999999996,0.0,0.0,0.0,0.0,0.0,0,0.0,0.0,0,0,0,0,0,0,0,0,0,0,0,0,0
1,208.009,20,0.0,0.0,0.0,0.0,0.0,0.0,0.0,0.0,0.0,175.801,175.804,29.6466,0,1,0,0,0,0,0,0,0.0,0.0,0.0,0.0,0.0,0.0,0.0,0.0,175.8058,175.8,29.64996,0.0,0.0,0.0,0.0,0.0,0,0.0,0.0,0,0,0,0,0,0,0,0,0,0,0,0,0
1,209.007,20,0.0,0.0,0.0,0.0,0.0,0.0,0.0,0.0,0.0,175.801,175.812,29.6483,0,1,0,0,0,0,0,0,0.0,0.0,0.0,0.0,0.0,0.0,0.0,0.0,175.80610000000001,175.8,29.649460000000005,0.0,0.0,0.0,0.0,0.0,0,0.0,0.0,0,0,0,0,0,0,0,0,0,0,0,0,0
1,210.007,21,0.0,0.0,0.0,0.0,0.0,0.0,0.0,0.0,0.0,175.798,175.798,29.6497,0,1,0,0,0,0,0,0,0.0,0.0,0.0,0.0,0.0,0.0,0.0,0.0,175.8059,175.798,29.649760000000004,0.0,0.0,0.0,0.0,0.0,0,0.0,0.0,0,0,0,0,0,0,0,0,0,0,0,0,0
1,211.019,21,0.0,0.0,0.0,0.0,0.0,0.0,0.0,0.0,0.0,175.798,175.819,29.6559,0,1,0,0,0,0,0,0,0.0,0.0,0.0,0.0,0.0,0.0,0.0,0.0,175.80720000000002,175.798,29.6507,0.0,0.0,0.0,0.0,0.0,0,0.0,0.0,0,0,0,0,0,0,0,0,0,0,0,0,0
1,212.005,21,0.0,0.0,0.0,0.0,0.0,0.0,0.0,0.0,0.0,175.798,175.804,29.6515,0,1,0,0,0,0,0,0,0.0,0.0,0.0,0.0,0.0,0.0,0.0,0.0,175.8068,175.798,29.65111,0.0,0.0,0.0,0.0,0.0,0,0.0,0.0,0,0,0,0,0,0,0,0,0,0,0,0,0
1,213.007,21,0.0,0.0,0.0,0.0,0.0,0.0,0.0,0.0,0.0,175.798,175.808,29.6523,0,1,0,0,0,0,0,0,0.0,0.0,0.0,0.0,0.0,0.0,0.0,0.0,175.80749999999998,175.798,29.65118,0.0,0.0,0.0,0.0,0.0,0,0.0,0.0,0,0,0,0,0,0,0,0,0,0,0,0,0
1,214.011,21,0.0,0.0,0.0,0.0,0.0,0.0,0.0,0.0,0.0,175.798,175.803,29.6476,0,1,0,0,0,0,0,0,0.0,0.0,0.0,0.0,0.0,0.0,0.0,0.0,175.80599999999998,175.798,29.650340000000007,0.0,0.0,0.0,0.0,0.0,0,0.0,0.0,0,0,0,0,0,0,0,0,0,0,0,0,0
1,215.014,21,0.0,0.0,0.0,0.0,0.0,0.0,0.0,0.0,0.0,175.803,175.803,29.6456,0,1,0,0,0,0,0,0,0.0,0.0,0.0,0.0,0.0,0.0,0.0,0.0,175.8062,175.798,29.649839999999994,0.0,0.0,0.0,0.0,0.0,0,0.0,0.0,0,0,0,0,0,0,0,0,0,0,0,0,0
1,216.011,21,0.0,0.0,0.0,0.0,0.0,0.0,0.0,0.0,0.0,175.803,175.813,29.6493,0,1,0,0,0,0,0,0,0.0,0.0,0.0,0.0,0.0,0.0,0.0,0.0,175.8066,175.798,29.64944,0.0,0.0,0.0,0.0,0.0,0,0.0,0.0,0,0,0,0,0,0,0,0,0,0,0,0,0
1,217.015,21,0.0,0.0,0.0,0.0,0.0,0.0,0.0,0.0,0.0,175.798,175.798,29.6497,0,1,0,0,0,0,0,0,0.0,0.0,0.0,0.0,0.0,0.0,0.0,0.0,175.80620000000002,175.798,29.64965,0.0,0.0,0.0,0.0,0.0,0,0.0,0.0,0,0,0,0,0,0,0,0,0,0,0,0,0
1,218.021,21,0.0,0.0,0.0,0.0,0.0,0.0,0.0,0.0,0.0,175.798,175.818,29.6569,0,1,0,0,0,0,0,0,0.0,0.0,0.0,0.0,0.0,0.0,0.0,0.0,175.8076,175.798,29.65068,0.0,0.0,0.0,0.0,0.0,0,0.0,0.0,0,0,0,0,0,0,0,0,0,0,0,0,0
1,219.014,21,0.0,0.0,0.0,0.0,0.0,0.0,0.0,0.0,0.0,175.798,175.806,29.6524,0,1,0,0,0,0,0,0,0.0,0.0,0.0,0.0,0.0,0.0,0.0,0.0,175.807,175.798,29.65109,0.0,0.0,0.0,0.0,0.0,0,0.0,0.0,0,0,0,0,0,0,0,0,0,0,0,0,0
1,220.015,22,0.0,0.0,0.0,0.0,0.0,0.0,0.0,0.0,0.0,175.798,175.806,29.6514,0,1,0,0,0,0,0,0,0.0,0.0,0.0,0.0,0.0,0.0,0.0,0.0,175.8078,175.798,29.651259999999997,0.0,0.0,0.0,0.0,0.0,0,0.0,0.0,0,0,0,0,0,0,0,0,0,0,0,0,0
1,221.022,22,0.0,0.0,0.0,0.0,0.0,0.0,0.0,0.0,0.0,175.798,175.805,29.6495,0,1,0,0,0,0,0,0,0.0,0.0,0.0,0.0,0.0,0.0,0.0,0.0,175.8064,175.798,29.650620000000004,0.0,0.0,0.0,0.0,0.0,0,0.0,0.0,0,0,0,0,0,0,0,0,0,0,0,0,0
1,222.019,22,0.0,0.0,0.0,0.0,0.0,0.0,0.0,0.0,0.0,175.801,175.801,29.6457,0,1,0,0,0,0,0,0,0.0,0.0,0.0,0.0,0.0,0.0,0.0,0.0,175.80610000000001,175.798,29.65004,0.0,0.0,0.0,0.0,0.0,0,0.0,0.0,0,0,0,0,0,0,0,0,0,0,0,0,0
1,223.019,22,0.0,0.0,0.0,0.0,0.0,0.0,0.0,0.0,0.0,175.801,175.812,29.6493,0,1,0,0,0,0,0,0,0.0,0.0,0.0,0.0,0.0,0.0,0.0,0.0,175.8065,175.798,29.649739999999998,0.0,0.0,0.0,0.0,0.0,0,0.0,0.0,0,0,0,0,0,0,0,0,0,0,0,0,0
1,224.027,22,0.0,0.0,0.0,0.0,0.0,0.0,0.0,0.0,0.0,175.798,175.798,29.6487,0,1,0,0,0,0,0,0,0.0,0.0,0.0,0.0,0.0,0.0,0.0,0.0,175.80599999999998,175.798,29.649849999999997,0.0,0.0,0.0,0.0,0.0,0,0.0,0.0,0,0,0,0,0,0,0,0,0,0,0,0,0
1,225.026,22,0.0,0.0,0.0,0.0,0.0,0.0,0.0,0.0,0.0,175.798,175.815,29.6561,0,1,0,0,0,0,0,0,0.0,0.0,0.0,0.0,0.0,0.0,0.0,0.0,175.80720000000002,175.798,29.650899999999996,0.0,0.0,0.0,0.0,0.0,0,0.0,0.0,0,0,0,0,0,0,0,0,0,0,0,0,0
1,226.024,22,0.0,0.0,0.0,0.0,0.0,0.0,0.0,0.0,0.0,175.798,175.81,29.6533,0,1,0,0,0,0,0,0,0.0,0.0,0.0,0.0,0.0,0.0,0.0,0.0,175.80689999999998,175.798,29.6513,0.0,0.0,0.0,0.0,0.0,0,0.0,0.0,0,0,0,0,0,0,0,0,0,0,0,0,0
1,227.023,22,0.0,0.0,0.0,0.0,0.0,0.0,0.0,0.0,0.0,175.798,175.804,29.6505,0,1,0,0,0,0,0,0,0.0,0.0,0.0,0.0,0.0,0.0,0.0,0.0,175.8075,175.798,29.65138,0.0,0.0,0.0,0.0,0.0,0,0.0,0.0,0,0,0,0,0,0,0,0,0,0,0,0,0
1,228.022,22,0.0,0.0,0.0,0.0,0.0,0.0,0.0,0.0,0.0,175.798,175.807,29.6514,0,1,0,0,0,0,0,0,0.0,0.0,0.0,0.0,0.0,0.0,0.0,0.0,175.8064,175.798,29.650829999999996,0.0,0.0,0.0,0.0,0.0,0,0.0,0.0,0,0,0,0,0,0,0,0,0,0,0,0,0
1,229.026,22,0.0,0.0,0.0,0.0,0.0,0.0,0.0,0.0,0.0,175.799,175.799,29.6467,0,1,0,0,0,0,0,0,0.0,0.0,0.0,0.0,0.0,0.0,0.0,0.0,175.8057,175.798,29.650259999999996,0.0,0.0,0.0,0.0,0.0,0,0.0,0.0,0,0,0,0,0,0,0,0,0,0,0,0,0
1,230.033,23,0.0,0.0,0.0,0.0,0.0,0.0,0.0,0.0,0.0,175.799,175.81,29.6484,0,1,0,0,0,0,0,0,0.0,0.0,0.0,0.0,0.0,0.0,0.0,0.0,175.8061,175.798,29.649960000000004,0.0,0.0,0.0,0.0,0.0,0,0.0,0.0,0,0,0,0,0,0,0,0,0,0,0,0,0
1,231.029,23,0.0,0.0,0.0,0.0,0.0,0.0,0.0,0.0,0.0,175.799,175.8,29.6486,0,1,0,0,0,0,0,0,0.0,0.0,0.0,0.0,0.0,0.0,0.0,0.0,175.80559999999997,175.798,29.64987,0.0,0.0,0.0,0.0,0.0,0,0.0,0.0,0,0,0,0,0,0,0,0,0,0,0,0,0
1,232.034,23,0.0,0.0,0.0,0.0,0.0,0.0,0.0,0.0,0.0,175.799,175.811,29.6552,0,1,0,0,0,0,0,0,0.0,0.0,0.0,0.0,0.0,0.0,0.0,0.0,175.8066,175.798,29.65082,0.0,0.0,0.0,0.0,0.0,0,0.0,0.0,0,0,0,0,0,0,0,0,0,0,0,0,0
1,233.029,23,0.0,0.0,0.0,0.0,0.0,0.0,0.0,0.0,0.0,175.799,175.813,29.6542,0,1,0,0,0,0,0,0,0.0,0.0,0.0,0.0,0.0,0.0,0.0,0.0,175.8067,175.798,29.651310000000002,0.0,0.0,0.0,0.0,0.0,0,0.0,0.0,0,0,0,0,0,0,0,0,0,0,0,0,0
1,234.036,23,0.0,0.0,0.0,0.0,0.0,0.0,0.0,0.0,0.0,175.8,175.802,29.6496,0,1,0,0,0,0,0,0,0.0,0.0,0.0,0.0,0.0,0.0,0.0,0.0,175.80710000000002,175.799,29.651400000000002,0.0,0.0,0.0,0.0,0.0,0,0.0,0.0,0,0,0,0,0,0,0,0,0,0,0,0,0
1,235.035,23,0.0,0.0,0.0,0.0,0.0,0.0,0.0,0.0,0.0,175.8,175.807,29.6524,0,1,0,0,0,0,0,0,0.0,0.0,0.0,0.0,0.0,0.0,0.0,0.0,175.80630000000002,175.799,29.651030000000002,0.0,0.0,0.0,0.0,0.0,0,0.0,0.0,0,0,0,0,0,0,0,0,0,0,0,0,0
1,236.031,23,0.0,0.0,0.0,0.0,0.0,0.0,0.0,0.0,0.0,175.799,175.799,29.6467,0,1,0,0,0,0,0,0,0.0,0.0,0.0,0.0,0.0,0.0,0.0,0.0,175.8052,175.799,29.65037,0.0,0.0,0.0,0.0,0.0,0,0.0,0.0,0,0,0,0,0,0,0,0,0,0,0,0,0
1,237.041,23,0.0,0.0,0.0,0.0,0.0,0.0,0.0,0.0,0.0,175.799,175.808,29.6475,0,1,0,0,0,0,0,0,0.0,0.0,0.0,0.0,0.0,0.0,0.0,0.0,175.8056,175.799,29.65007,0.0,0.0,0.0,0.0,0.0,0,0.0,0.0,0,0,0,0,0,0,0,0,0,0,0,0,0
1,238.033,23,0.0,0.0,0.0,0.0,0.0,0.0,0.0,0.0,0.0,175.799,175.803,29.6476,0,1,0,0,0,0,0,0,0.0,0.0,0.0,0.0,0.0,0.0,0.0,0.0,175.80519999999999,175.799,29.649690000000003,0.0,0.0,0.0,0.0,0.0,0,0.0,0.0,0,0,0,0,0,0,0,0,0,0,0,0,0
1,239.034,23,0.0,0.0,0.0,0.0,0.0,0.0,0.0,0.0,0.0,175.799,175.805,29.6534,0,1,0,0,0,0,0,0,0.0,0.0,0.0,0.0,0.0,0.0,0.0,0.0,175.8058,175.799,29.65036,0.0,0.0,0.0,0.0,0.0,0,0.0,0.0,0,0,0,0,0,0,0,0,0,0,0,0,0
1,240.049,24,0.0,0.0,0.0,0.0,0.0,0.0,0.0,0.0,0.0,175.799,175.816,29.655,0,1,0,0,0,0,0,0,0.0,0.0,0.0,0.0,0.0,0.0,0.0,0.0,175.8064,175.799,29.65102,0.0,0.0,0.0,0.0,0.0,0,0.0,0.0,0,0,0,0,0,0,0,0,0,0,0,0,0
1,241.036,24,0.0,0.0,0.0,0.0,0.0,0.0,0.0,0.0,0.0,175.801,175.801,29.6496,0,1,0,0,0,0,0,0,0.0,0.0,0.0,0.0,0.0,0.0,0.0,0.0,175.8065,175.799,29.65112,0.0,0.0,0.0,0.0,0.0,0,0.0,0.0,0,0,0,0,0,0,0,0,0,0,0,0,0
1,242.035,24,0.0,0.0,0.0,0.0,0.0,0.0,0.0,0.0,0.0,175.801,175.809,29.6533,0,1,0,0,0,0,0,0,0.0,0.0,0.0,0.0,0.0,0.0,0.0,0.0,175.8063,175.799,29.65093,0.0,0.0,0.0,0.0,0.0,0,0.0,0.0,0,0,0,0,0,0,0,0,0,0,0,0,0
1,243.046,24,0.0,0.0,0.0,0.0,0.0,0.0,0.0,0.0,0.0,175.8,175.8,29.6467,0,1,0,0,0,0,0,0,0.0,0.0,0.0,0.0,0.0,0.0,0.0,0.0,175.805,175.799,29.65018,0.0,0.0,0.0,0.0,0.0,0,0.0,0.0,0,0,0,0,0,0,0,0,0,0,0,0,0
1,244.042,24,0.0,0.0,0.0,0.0,0.0,0.0,0.0,0.0,0.0,175.8,175.806,29.6465,0,1,0,0,0,0,0,0,0.0,0.0,0.0,0.0,0.0,0.0,0.0,0.0,175.8054,175.799,29.64987,0.0,0.0,0.0,0.0,0.0,0,0.0,0.0,0,0,0,0,0,0,0,0,0,0,0,0,0
1,245.046,24,0.0,0.0,0.0,0.0,0.0,0.0,0.0,0.0,0.0,175.8,175.807,29.6475,0,1,0,0,0,0,0,0,0.0,0.0,0.0,0.0,0.0,0.0,0.0,0.0,175.8054,175.799,29.649379999999997,0.0,0.0,0.0,0.0,0.0,0,0.0,0.0,0,0,0,0,0,0,0,0,0,0,0,0,0
1,246.044,24,0.0,0.0,0.0,0.0,0.0,0.0,0.0,0.0,0.0,175.8,175.802,29.6515,0,1,0,0,0,0,0,0,0.0,0.0,0.0,0.0,0.0,0.0,0.0,0.0,175.80569999999997,175.8,29.649859999999997,0.0,0.0,0.0,0.0,0.0,0,0.0,0.0,0,0,0,0,0,0,0,0,0,0,0,0,0
1,247.041,24,0.0,0.0,0.0,0.0,0.0,0.0,0.0,0.0,0.0,175.8,175.818,29.656,0,1,0,0,0,0,0,0,0.0,0.0,0.0,0.0,0.0,0.0,0.0,0.0,175.8067,175.8,29.650709999999997,0.0,0.0,0.0,0.0,0.0,0,0.0,0.0,0,0,0,0,0,0,0,0,0,0,0,0,0
1,248.046,24,0.0,0.0,0.0,0.0,0.0,0.0,0.0,0.0,0.0,175.801,175.801,29.6496,0,1,0,0,0,0,0,0,0.0,0.0,0.0,0.0,0.0,0.0,0.0,0.0,175.8065,175.8,29.65091,0.0,0.0,0.0,0.0,0.0,0,0.0,0.0,0,0,0,0,0,0,0,0,0,0,0,0,0
1,249.044,24,0.0,0.0,0.0,0.0,0.0,0.0,0.0,0.0,0.0,175.801,175.809,29.6533,0,1,0,0,0,0,0,0,0.0,0.0,0.0,0.0,0.0,0.0,0.0,0.0,175.80689999999998,175.8,29.6509,0.0,0.0,0.0,0.0,0.0,0,0.0,0.0,0,0,0,0,0,0,0,0,0,0,0,0,0
1,250.045,25,0.0,0.0,0.0,0.0,0.0,0.0,0.0,0.0,0.0,175.801,175.801,29.6476,0,1,0,0,0,0,0,0,0.0,0.0,0.0,0.0,0.0,0.0,0.0,0.0,175.8054,175.8,29.65016,0.0,0.0,0.0,0.0,0.0,0,0.0,0.0,0,0,0,0,0,0,0,0,0,0,0,0,0
1,251.056,25,0.0,0.0,0.0,0.0,0.0,0.0,0.0,0.0,0.0,175.801,175.804,29.6466,0,1,0,0,0,0,0,0,0.0,0.0,0.0,0.0,0.0,0.0,0.0,0.0,175.8057,175.8,29.64986,0.0,0.0,0.0,0.0,0.0,0,0.0,0.0,0,0,0,0,0,0,0,0,0,0,0,0,0
1,252.045,25,0.0,0.0,0.0,0.0,0.0,0.0,0.0,0.0,0.0,175.801,175.811,29.6483,0,1,0,0,0,0,0,0,0.0,0.0,0.0,0.0,0.0,0.0,0.0,0.0,175.8059,175.8,29.64936,0.0,0.0,0.0,0.0,0.0,0,0.0,0.0,0,0,0,0,0,0,0,0,0,0,0,0,0
1,253.053,25,0.0,0.0,0.0,0.0,0.0,0.0,0.0,0.0,0.0,175.799,175.799,29.6506,0,1,0,0,0,0,0,0,0.0,0.0,0.0,0.0,0.0,0.0,0.0,0.0,175.8058,175.799,29.64975,0.0,0.0,0.0,0.0,0.0,0,0.0,0.0,0,0,0,0,0,0,0,0,0,0,0,0,0
1,254.05,25,0.0,0.0,0.0,0.0,0.0,0.0,0.0,0.0,0.0,175.799,175.819,29.6559,0,1,0,0,0,0,0,0,0.0,0.0,0.0,0.0,0.0,0.0,0.0,0.0,175.8071,175.799,29.650689999999997,0.0,0.0,0.0,0.0,0.0,0,0.0,0.0,0,0,0,0,0,0,0,0,0,0,0,0,0
1,255.049,25,0.0,0.0,0.0,0.0,0.0,0.0,0.0,0.0,0.0,175.799,175.802,29.6506,0,1,0,0,0,0,0,0,0.0,0.0,0.0,0.0,0.0,0.0,0.0,0.0,175.8066,175.799,29.651,0.0,0.0,0.0,0.0,0.0,0,0.0,0.0,0,0,0,0,0,0,0,0,0,0,0,0,0
1,256.05,25,0.0,0.0,0.0,0.0,0.0,0.0,0.0,0.0,0.0,175.799,175.808,29.6533,0,1,0,0,0,0,0,0,0.0,0.0,0.0,0.0,0.0,0.0,0.0,0.0,175.80720000000002,175.799,29.65118,0.0,0.0,0.0,0.0,0.0,0,0.0,0.0,0,0,0,0,0,0,0,0,0,0,0,0,0
1,257.065,25,0.0,0.0,0.0,0.0,0.0,0.0,0.0,0.0,0.0,175.799,175.803,29.6476,0,1,0,0,0,0,0,0,0.0,0.0,0.0,0.0,0.0,0.0,0.0,0.0,175.80569999999997,175.799,29.65034,0.0,0.0,0.0,0.0,0.0,0,0.0,0.0,0,0,0,0,0,0,0,0,0,0,0,0,0
1,258.064,25,0.0,0.0,0.0,0.0,0.0,0.0,0.0,0.0,0.0,175.802,175.803,29.6456,0,1,0,0,0,0,0,0,0.0,0.0,0.0,0.0,0.0,0.0,0.0,0.0,175.8059,175.799,29.649939999999997,0.0,0.0,0.0,0.0,0.0,0,0.0,0.0,0,0,0,0,0,0,0,0,0,0,0,0,0
1,259.06,25,0.0,0.0,0.0,0.0,0.0,0.0,0.0,0.0,0.0,175.802,175.813,29.6493,0,1,0,0,0,0,0,0,0.0,0.0,0.0,0.0,0.0,0.0,0.0,0.0,175.8063,175.799,29.649540000000002,0.0,0.0,0.0,0.0,0.0,0,0.0,0.0,0,0,0,0,0,0,0,0,0,0,0,0,0
1,260.066,26,0.0,0.0,0.0,0.0,0.0,0.0,0.0,0.0,0.0,175.798,175.798,29.6497,0,1,0,0,0,0,0,0,0.0,0.0,0.0,0.0,0.0,0.0,0.0,0.0,175.80599999999998,175.798,29.64975,0.0,0.0,0.0,0.0,0.0,0,0.0,0.0,0,0,0,0,0,0,0,0,0,0,0,0,0
1,261.052,26,0.0,0.0,0.0,0.0,0.0,0.0,0.0,0.0,0.0,175.798,175.819,29.6569,0,1,0,0,0,0,0,0,0.0,0.0,0.0,0.0,0.0,0.0,0.0,0.0,175.80749999999998,175.798,29.650780000000005,0.0,0.0,0.0,0.0,0.0,0,0.0,0.0,0,0,0,0,0,0,0,0,0,0,0,0,0
1,262.056,26,0.0,0.0,0.0,0.0,0.0,0.0,0.0,0.0,0.0,175.798,175.805,29.6515,0,1,0,0,0,0,0,0,0.0,0.0,0.0,0.0,0.0,0.0,0.0,0.0,175.80689999999998,175.798,29.651100000000003,0.0,0.0,0.0,0.0,0.0,0,0.0,0.0,0,0,0,0,0,0,0,0,0,0,0,0,0
1,263.061,26,0.0,0.0,0.0,0.0,0.0,0.0,0.0,0.0,0.0,175.798,175.807,29.6514,0,1,0,0,0,0,0,0,0.0,0.0,0.0,0.0,0.0,0.0,0.0,0.0,175.8077,175.798,29.65118,0.0,0.0,0.0,0.0,0.0,0,0.0,0.0,0,0,0,0,0,0,0,0,0,0,0,0,0
1,264.057,26,0.0,0.0,0.0,0.0,0.0,0.0,0.0,0.0,0.0,175.798,175.804,29.6485,0,1,0,0,0,0,0,0,0.0,0.0,0.0,0.0,0.0,0.0,0.0,0.0,175.8062,175.798,29.650440000000003,0.0,0.0,0.0,0.0,0.0,0,0.0,0.0,0,0,0,0,0,0,0,0,0,0,0,0,0
1,265.061,26,0.0,0.0,0.0,0.0,0.0,0.0,0.0,0.0,0.0,175.801,175.801,29.6457,0,1,0,0,0,0,0,0,0.0,0.0,0.0,0.0,0.0,0.0,0.0,0.0,175.8061,175.798,29.649949999999997,0.0,0.0,0.0,0.0,0.0,0,0.0,0.0,0,0,0,0,0,0,0,0,0,0,0,0,0
1,266.067,26,0.0,0.0,0.0,0.0,0.0,0.0,0.0,0.0,0.0,175.801,175.812,29.6493,0,1,0,0,0,0,0,0,0.0,0.0,0.0,0.0,0.0,0.0,0.0,0.0,175.8065,175.798,29.649549999999998,0.0,0.0,0.0,0.0,0.0,0,0.0,0.0,0,0,0,0,0,0,0,0,0,0,0,0,0
1,267.067,26,0.0,0.0,0.0,0.0,0.0,0.0,0.0,0.0,0.0,175.798,175.798,29.6487,0,1,0,0,0,0,0,0,0.0,0.0,0.0,0.0,0.0,0.0,0.0,0.0,175.80599999999998,175.798,29.64966,0.0,0.0,0.0,0.0,0.0,0,0.0,0.0,0,0,0,0,0,0,0,0,0,0,0,0,0
1,268.063,26,0.0,0.0,0.0,0.0,0.0,0.0,0.0,0.0,0.0,175.798,175.816,29.656,0,1,0,0,0,0,0,0,0.0,0.0,0.0,0.0,0.0,0.0,0.0,0.0,175.8073,175.798,29.6507,0.0,0.0,0.0,0.0,0.0,0,0.0,0.0,0,0,0,0,0,0,0,0,0,0,0,0,0
1,269.081,26,0.0,0.0,0.0,0.0,0.0,0.0,0.0,0.0,0.0,175.798,175.809,29.6533,0,1,0,0,0,0,0,0,0.0,0.0,0.0,0.0,0.0,0.0,0.0,0.0,175.80689999999998,175.798,29.651099999999996,0.0,0.0,0.0,0.0,0.0,0,0.0,0.0,0,0,0,0,0,0,0,0,0,0,0,0,0
1,270.066,27,0.0,0.0,0.0,0.0,0.0,0.0,0.0,0.0,0.0,175.798,175.804,29.6505,0,1,0,0,0,0,0,0,0.0,0.0,0.0,0.0,0.0,0.0,0.0,0.0,175.8075,175.798,29.65118,0.0,0.0,0.0,0.0,0.0,0,0.0,0.0,0,0,0,0,0,0,0,0,0,0,0,0,0
1,271.064,27,0.0,0.0,0.0,0.0,0.0,0.0,0.0,0.0,0.0,175.798,175.807,29.6504,0,1,0,0,0,0,0,0,0.0,0.0,0.0,0.0,0.0,0.0,0.0,0.0,175.8063,175.798,29.650529999999996,0.0,0.0,0.0,0.0,0.0,0,0.0,0.0,0,0,0,0,0,0,0,0,0,0,0,0,0
1,272.073,27,0.0,0.0,0.0,0.0,0.0,0.0,0.0,0.0,0.0,175.801,175.801,29.6457,0,1,0,0,0,0,0,0,0.0,0.0,0.0,0.0,0.0,0.0,0.0,0.0,175.8059,175.798,29.649949999999997,0.0,0.0,0.0,0.0,0.0,0,0.0,0.0,0,0,0,0,0,0,0,0,0,0,0,0,0
1,273.067,27,0.0,0.0,0.0,0.0,0.0,0.0,0.0,0.0,0.0,175.801,175.81,29.6484,0,1,0,0,0,0,0,0,0.0,0.0,0.0,0.0,0.0,0.0,0.0,0.0,175.8062,175.798,29.64965,0.0,0.0,0.0,0.0,0.0,0,0.0,0.0,0,0,0,0,0,0,0,0,0,0,0,0,0
1,274.068,27,0.0,0.0,0.0,0.0,0.0,0.0,0.0,0.0,0.0,175.799,175.799,29.6487,0,1,0,0,0,0,0,0,0.0,0.0,0.0,0.0,0.0,0.0,0.0,0.0,175.8057,175.798,29.649669999999997,0.0,0.0,0.0,0.0,0.0,0,0.0,0.0,0,0,0,0,0,0,0,0,0,0,0,0,0
1,275.077,27,0.0,0.0,0.0,0.0,0.0,0.0,0.0,0.0,0.0,175.799,175.812,29.6552,0,1,0,0,0,0,0,0,0.0,0.0,0.0,0.0,0.0,0.0,0.0,0.0,175.8068,175.798,29.650620000000004,0.0,0.0,0.0,0.0,0.0,0,0.0,0.0,0,0,0,0,0,0,0,0,0,0,0,0,0
1,276.082,27,0.0,0.0,0.0,0.0,0.0,0.0,0.0,0.0,0.0,175.799,175.812,29.6542,0,1,0,0,0,0,0,0,0.0,0.0,0.0,0.0,0.0,0.0,0.0,0.0,175.8068,175.798,29.65111,0.0,0.0,0.0,0.0,0.0,0,0.0,0.0,0,0,0,0,0,0,0,0,0,0,0,0,0
1,277.072,27,0.0,0.0,0.0,0.0,0.0,0.0,0.0,0.0,0.0,175.799,175.802,29.6496,0,1,0,0,0,0,0,0,0.0,0.0,0.0,0.0,0.0,0.0,0.0,0.0,175.8072,175.799,29.6512,0.0,0.0,0.0,0.0,0.0,0,0.0,0.0,0,0,0,0,0,0,0,0,0,0,0,0,0
1,278.073,27,0.0,0.0,0.0,0.0,0.0,0.0,0.0,0.0,0.0,175.799,175.807,29.6524,0,1,0,0,0,0,0,0,0.0,0.0,0.0,0.0,0.0,0.0,0.0,0.0,175.80630000000002,175.799,29.65084,0.0,0.0,0.0,0.0,0.0,0,0.0,0.0,0,0,0,0,0,0,0,0,0,0,0,0,0
1,279.076,27,0.0,0.0,0.0,0.0,0.0,0.0,0.0,0.0,0.0,175.799,175.799,29.6467,0,1,0,0,0,0,0,0,0.0,0.0,0.0,0.0,0.0,0.0,0.0,0.0,175.8053,175.799,29.65018,0.0,0.0,0.0,0.0,0.0,0,0.0,0.0,0,0,0,0,0,0,0,0,0,0,0,0,0
1,280.076,28,0.0,0.0,0.0,0.0,0.0,0.0,0.0,0.0,0.0,175.799,175.808,29.6484,0,1,0,0,0,0,0,0,0.0,0.0,0.0,0.0,0.0,0.0,0.0,0.0,175.8057,175.799,29.649969999999996,0.0,0.0,0.0,0.0,0.0,0,0.0,0.0,0,0,0,0,0,0,0,0,0,0,0,0,0
1,281.081,28,0.0,0.0,0.0,0.0,0.0,0.0,0.0,0.0,0.0,175.799,175.801,29.6476,0,1,0,0,0,0,0,0,0.0,0.0,0.0,0.0,0.0,0.0,0.0,0.0,175.80509999999998,175.799,29.64969,0.0,0.0,0.0,0.0,0.0,0,0.0,0.0,0,0,0,0,0,0,0,0,0,0,0,0,0
1,282.085,28,0.0,0.0,0.0,0.0,0.0,0.0,0.0,0.0,0.0,175.799,175.808,29.6543,0,1,0,0,0,0,0,0,0.0,0.0,0.0,0.0,0.0,0.0,0.0,0.0,175.8058,175.799,29.650550000000003,0.0,0.0,0.0,0.0,0.0,0,0.0,0.0,0,0,0,0,0,0,0,0,0,0,0,0,0
1,283.079,28,0.0,0.0,0.0,0.0,0.0,0.0,0.0,0.0,0.0,175.799,175.815,29.6541,0,1,0,0,0,0,0,0,0.0,0.0,0.0,0.0,0.0,0.0,0.0,0.0,175.80630000000002,175.799,29.65112,0.0,0.0,0.0,0.0,0.0,0,0.0,0.0,0,0,0,0,0,0,0,0,0,0,0,0,0
1,284.083,28,0.0,0.0,0.0,0.0,0.0,0.0,0.0,0.0,0.0,175.801,175.801,29.6496,0,1,0,0,0,0,0,0,0.0,0.0,0.0,0.0,0.0,0.0,0.0,0.0,175.80649999999997,175.799,29.651210000000003,0.0,0.0,0.0,0.0,0.0,0,0.0,0.0,0,0,0,0,0,0,0,0,0,0,0,0,0
1,285.079,28,0.0,0.0,0.0,0.0,0.0,0.0,0.0,0.0,0.0,175.801,175.808,29.6533,0,1,0,0,0,0,0,0,0.0,0.0,0.0,0.0,0.0,0.0,0.0,0.0,175.8061,175.799,29.65102,0.0,0.0,0.0,0.0,0.0,0,0.0,0.0,0,0,0,0,0,0,0,0,0,0,0,0,0
1,286.086,28,0.0,0.0,0.0,0.0,0.0,0.0,0.0,0.0,0.0,175.8,175.8,29.6467,0,1,0,0,0,0,0,0,0.0,0.0,0.0,0.0,0.0,0.0,0.0,0.0,175.8049,175.799,29.65027,0.0,0.0,0.0,0.0,0.0,0,0.0,0.0,0,0,0,0,0,0,0,0,0,0,0,0,0
1,287.084,28,0.0,0.0,0.0,0.0,0.0,0.0,0.0,0.0,0.0,175.8,175.806,29.6475,0,1,0,0,0,0,0,0,0.0,0.0,0.0,0.0,0.0,0.0,0.0,0.0,175.8053,175.799,29.650060000000003,0.0,0.0,0.0,0.0,0.0,0,0.0,0.0,0,0,0,0,0,0,0,0,0,0,0,0,0
1,288.088,28,0.0,0.0,0.0,0.0,0.0,0.0,0.0,0.0,0.0,175.8,175.805,29.6475,0,1,0,0,0,0,0,0,0.0,0.0,0.0,0.0,0.0,0.0,0.0,0.0,175.80509999999998,175.799,29.64957,0.0,0.0,0.0,0.0,0.0,0,0.0,0.0,0,0,0,0,0,0,0,0,0,0,0,0,0
1,289.084,28,0.0,0.0,0.0,0.0,0.0,0.0,0.0,0.0,0.0,175.8,175.803,29.6525,0,1,0,0,0,0,0,0,0.0,0.0,0.0,0.0,0.0,0.0,0.0,0.0,175.8055,175.8,29.650150000000004,0.0,0.0,0.0,0.0,0.0,0,0.0,0.0,0,0,0,0,0,0,0,0,0,0,0,0,0
1,290.094,29,0.0,0.0,0.0,0.0,0.0,0.0,0.0,0.0,0.0,175.8,175.817,29.655,0,1,0,0,0,0,0,0,0.0,0.0,0.0,0.0,0.0,0.0,0.0,0.0,175.8064,175.8,29.65081,0.0,0.0,0.0,0.0,0.0,0,0.0,0.0,0,0,0,0,0,0,0,0,0,0,0,0,0
1,291.086,29,0.0,0.0,0.0,0.0,0.0,0.0,0.0,0.0,0.0,175.801,175.801,29.6496,0,1,0,0,0,0,0,0,0.0,0.0,0.0,0.0,0.0,0.0,0.0,0.0,175.8064,175.8,29.651010000000003,0.0,0.0,0.0,0.0,0.0,0,0.0,0.0,0,0,0,0,0,0,0,0,0,0,0,0,0
1,292.089,29,0.0,0.0,0.0,0.0,0.0,0.0,0.0,0.0,0.0,175.801,175.809,29.6533,0,1,0,0,0,0,0,0,0.0,0.0,0.0,0.0,0.0,0.0,0.0,0.0,175.8065,175.8,29.65091,0.0,0.0,0.0,0.0,0.0,0,0.0,0.0,0,0,0,0,0,0,0,0,0,0,0,0,0
1,293.095,29,0.0,0.0,0.0,0.0,0.0,0.0,0.0,0.0,0.0,175.801,175.801,29.6467,0,1,0,0,0,0,0,0,0.0,0.0,0.0,0.0,0.0,0.0,0.0,0.0,175.80509999999998,175.8,29.650170000000003,0.0,0.0,0.0,0.0,0.0,0,0.0,0.0,0,0,0,0,0,0,0,0,0,0,0,0,0
1,294.089,29,0.0,0.0,0.0,0.0,0.0,0.0,0.0,0.0,0.0,175.801,175.804,29.6466,0,1,0,0,0,0,0,0,0.0,0.0,0.0,0.0,0.0,0.0,0.0,0.0,175.80540000000002,175.8,29.64987,0.0,0.0,0.0,0.0,0.0,0,0.0,0.0,0,0,0,0,0,0,0,0,0,0,0,0,0
1,295.096,29,0.0,0.0,0.0,0.0,0.0,0.0,0.0,0.0,0.0,175.801,175.81,29.6484,0,1,0,0,0,0,0,0,0.0,0.0,0.0,0.0,0.0,0.0,0.0,0.0,175.8056,175.8,29.649379999999997,0.0,0.0,0.0,0.0,0.0,0,0.0,0.0,0,0,0,0,0,0,0,0,0,0,0,0,0
1,296.092,29,0.0,0.0,0.0,0.0,0.0,0.0,0.0,0.0,0.0,175.8,175.8,29.6506,0,1,0,0,0,0,0,0,0.0,0.0,0.0,0.0,0.0,0.0,0.0,0.0,175.80559999999997,175.8,29.64977,0.0,0.0,0.0,0.0,0.0,0,0.0,0.0,0,0,0,0,0,0,0,0,0,0,0,0,0
1,297.093,29,0.0,0.0,0.0,0.0,0.0,0.0,0.0,0.0,0.0,175.8,175.819,29.6559,0,1,0,0,0,0,0,0,0.0,0.0,0.0,0.0,0.0,0.0,0.0,0.0,175.80689999999998,175.8,29.65061,0.0,0.0,0.0,0.0,0.0,0,0.0,0.0,0,0,0,0,0,0,0,0,0,0,0,0,0
1,298.096,29,0.0,0.0,0.0,0.0,0.0,0.0,0.0,0.0,0.0,175.8,175.802,29.6506,0,1,0,0,0,0,0,0,0.0,0.0,0.0,0.0,0.0,0.0,0.0,0.0,175.8066,175.8,29.650920000000003,0.0,0.0,0.0,0.0,0.0,0,0.0,0.0,0,0,0,0,0,0,0,0,0,0,0,0,0
1,299.098,29,0.0,0.0,0.0,0.0,0.0,0.0,0.0,0.0,0.0,175.8,175.809,29.6533,0,1,0,0,0,0,0,0,0.0,0.0,0.0,0.0,0.0,0.0,0.0,0.0,175.8072,175.8,29.651,0.0,0.0,0.0,0.0,0.0,0,0.0,0.0,0,0,0,0,0,0,0,0,0,0,0,0,0
1,300.096,30,0.0,0.0,0.0,0.0,0.0,0.0,0.0,0.0,0.0,175.8,175.803,29.6476,0,1,0,0,0,0,0,0,0.0,0.0,0.0,0.0,0.0,0.0,0.0,0.0,175.8058,175.8,29.650260000000003,0.0,0.0,0.0,0.0,0.0,0,0.0,0.0,0,0,0,0,0,0,0,0,0,0,0,0,0
1,301.097,30,0.0,0.0,0.0,0.0,0.0,0.0,0.0,0.0,0.0,175.802,175.803,29.6456,0,1,0,0,0,0,0,0,0.0,0.0,0.0,0.0,0.0,0.0,0.0,0.0,175.80599999999998,175.8,29.64986,0.0,0.0,0.0,0.0,0.0,0,0.0,0.0,0,0,0,0,0,0,0,0,0,0,0,0,0
1,302.115,30,0.0,0.0,0.0,0.0,0.0,0.0,0.0,0.0,0.0,175.802,175.812,29.6483,0,1,0,0,0,0,0,0,0.0,0.0,0.0,0.0,0.0,0.0,0.0,0.0,175.80630000000002,175.8,29.64936,0.0,0.0,0.0,0.0,0.0,0,0.0,0.0,0,0,0,0,0,0,0,0,0,0,0,0,0
1,303.107,30,0.0,0.0,0.0,0.0,0.0,0.0,0.0,0.0,0.0,175.798,175.798,29.6497,0,1,0,0,0,0,0,0,0.0,0.0,0.0,0.0,0.0,0.0,0.0,0.0,175.80599999999998,175.798,29.64966,0.0,0.0,0.0,0.0,0.0,0,0.0,0.0,0,0,0,0,0,0,0,0,0,0,0,0,0
1,304.105,30,0.0,0.0,0.0,0.0,0.0,0.0,0.0,0.0,0.0,175.798,175.819,29.6569,0,1,0,0,0,0,0,0,0.0,0.0,0.0,0.0,0.0,0.0,0.0,0.0,175.8075,175.798,29.650690000000004,0.0,0.0,0.0,0.0,0.0,0,0.0,0.0,0,0,0,0,0,0,0,0,0,0,0,0,0
1,305.11,30,0.0,0.0,0.0,0.0,0.0,0.0,0.0,0.0,0.0,175.798,175.805,29.6515,0,1,0,0,0,0,0,0,0.0,0.0,0.0,0.0,0.0,0.0,0.0,0.0,175.807,175.798,29.651000000000003,0.0,0.0,0.0,0.0,0.0,0,0.0,0.0,0,0,0,0,0,0,0,0,0,0,0,0,0
1,306.104,30,0.0,0.0,0.0,0.0,0.0,0.0,0.0,0.0,0.0,175.798,175.807,29.6514,0,1,0,0,0,0,0,0,0.0,0.0,0.0,0.0,0.0,0.0,0.0,0.0,175.8077,175.798,29.65108,0.0,0.0,0.0,0.0,0.0,0,0.0,0.0,0,0,0,0,0,0,0,0,0,0,0,0,0
1,307.108,30,0.0,0.0,0.0,0.0,0.0,0.0,0.0,0.0,0.0,175.798,175.804,29.6485,0,1,0,0,0,0,0,0,0.0,0.0,0.0,0.0,0.0,0.0,0.0,0.0,175.8062,175.798,29.65034,0.0,0.0,0.0,0.0,0.0,0,0.0,0.0,0,0,0,0,0,0,0,0,0,0,0,0,0
1,308.103,30,0.0,0.0,0.0,0.0,0.0,0.0,0.0,0.0,0.0,175.802,175.802,29.6457,0,1,0,0,0,0,0,0,0.0,0.0,0.0,0.0,0.0,0.0,0.0,0.0,175.8062,175.798,29.649849999999997,0.0,0.0,0.0,0.0,0.0,0,0.0,0.0,0,0,0,0,0,0,0,0,0,0,0,0,0
1,309.117,30,0.0,0.0,0.0,0.0,0.0,0.0,0.0,0.0,0.0,175.802,175.812,29.6493,0,1,0,0,0,0,0,0,0.0,0.0,0.0,0.0,0.0,0.0,0.0,0.0,175.8065,175.798,29.64945,0.0,0.0,0.0,0.0,0.0,0,0.0,0.0,0,0,0,0,0,0,0,0,0,0,0,0,0
1,310.115,31,0.0,0.0,0.0,0.0,0.0,0.0,0.0,0.0,0.0,175.798,175.798,29.6487,0,1,0,0,0,0,0,0,0.0,0.0,0.0,0.0,0.0,0.0,0.0,0.0,175.806,175.798,29.649559999999997,0.0,0.0,0.0,0.0,0.0,0,0.0,0.0,0,0,0,0,0,0,0,0,0,0,0,0,0
1,311.111,31,0.0,0.0,0.0,0.0,0.0,0.0,0.0,0.0,0.0,175.798,175.816,29.656,0,1,0,0,0,0,0,0,0.0,0.0,0.0,0.0,0.0,0.0,0.0,0.0,175.8073,175.798,29.650599999999997,0.0,0.0,0.0,0.0,0.0,0,0.0,0.0,0,0,0,0,0,0,0,0,0,0,0,0,0
1,312.109,31,0.0,0.0,0.0,0.0,0.0,0.0,0.0,0.0,0.0,175.798,175.808,29.6523,0,1,0,0,0,0,0,0,0.0,0.0,0.0,0.0,0.0,0.0,0.0,0.0,175.80689999999998,175.798,29.651,0.0,0.0,0.0,0.0,0.0,0,0.0,0.0,0,0,0,0,0,0,0,0,0,0,0,0,0
1,313.109,31,0.0,0.0,0.0,0.0,0.0,0.0,0.0,0.0,0.0,175.798,175.805,29.6505,0,1,0,0,0,0,0,0,0.0,0.0,0.0,0.0,0.0,0.0,0.0,0.0,175.8076,175.798,29.651079999999997,0.0,0.0,0.0,0.0,0.0,0,0.0,0.0,0,0,0,0,0,0,0,0,0,0,0,0,0
1,314.11,31,0.0,0.0,0.0,0.0,0.0,0.0,0.0,0.0,0.0,175.798,175.805,29.6505,0,1,0,0,0,0,0,0,0.0,0.0,0.0,0.0,0.0,0.0,0.0,0.0,175.8062,175.798,29.650439999999996,0.0,0.0,0.0,0.0,0.0,0,0.0,0.0,0,0,0,0,0,0,0,0,0,0,0,0,0
1,315.111,31,0.0,0.0,0.0,0.0,0.0,0.0,0.0,0.0,0.0,175.801,175.801,29.6457,0,1,0,0,0,0,0,0,0.0,0.0,0.0,0.0,0.0,0.0,0.0,0.0,175.8058,175.798,29.64986,0.0,0.0,0.0,0.0,0.0,0,0.0,0.0,0,0,0,0,0,0,0,0,0,0,0,0,0
1,316.111,31,0.0,0.0,0.0,0.0,0.0,0.0,0.0,0.0,0.0,175.801,175.811,29.6493,0,1,0,0,0,0,0,0,0.0,0.0,0.0,0.0,0.0,0.0,0.0,0.0,175.80620000000002,175.798,29.64965,0.0,0.0,0.0,0.0,0.0,0,0.0,0.0,0,0,0,0,0,0,0,0,0,0,0,0,0
1,317.122,31,0.0,0.0,0.0,0.0,0.0,0.0,0.0,0.0,0.0,175.799,175.799,29.6487,0,1,0,0,0,0,0,0,0.0,0.0,0.0,0.0,0.0,0.0,0.0,0.0,175.8057,175.798,29.649670000000004,0.0,0.0,0.0,0.0,0.0,0,0.0,0.0,0,0,0,0,0,0,0,0,0,0,0,0,0
1,318.117,31,0.0,0.0,0.0,0.0,0.0,0.0,0.0,0.0,0.0,175.799,175.813,29.6551,0,1,0,0,0,0,0,0,0.0,0.0,0.0,0.0,0.0,0.0,0.0,0.0,175.8068,175.798,29.65061,0.0,0.0,0.0,0.0,0.0,0,0.0,0.0,0,0,0,0,0,0,0,0,0,0,0,0,0
1,319.115,31,0.0,0.0,0.0,0.0,0.0,0.0,0.0,0.0,0.0,175.799,175.811,29.6532,0,1,0,0,0,0,0,0,0.0,0.0,0.0,0.0,0.0,0.0,0.0,0.0,175.8067,175.798,29.651,0.0,0.0,0.0,0.0,0.0,0,0.0,0.0,0,0,0,0,0,0,0,0,0,0,0,0,0
1,320.129,32,0.0,0.0,0.0,0.0,0.0,0.0,0.0,0.0,0.0,175.799,175.803,29.6495,0,1,0,0,0,0,0,0,0.0,0.0,0.0,0.0,0.0,0.0,0.0,0.0,175.8072,175.799,29.65108,0.0,0.0,0.0,0.0,0.0,0,0.0,0.0,0,0,0,0,0,0,0,0,0,0,0,0,0
1,321.118,32,0.0,0.0,0.0,0.0,0.0,0.0,0.0,0.0,0.0,175.799,175.807,29.6524,0,1,0,0,0,0,0,0,0.0,0.0,0.0,0.0,0.0,0.0,0.0,0.0,175.8063,175.799,29.65072,0.0,0.0,0.0,0.0,0.0,0,0.0,0.0,0,0,0,0,0,0,0,0,0,0,0,0,0
1,322.122,32,0.0,0.0,0.0,0.0,0.0,0.0,0.0,0.0,0.0,175.799,175.799,29.6467,0,1,0,0,0,0,0,0,0.0,0.0,0.0,0.0,0.0,0.0,0.0,0.0,175.8054,175.799,29.65016,0.0,0.0,0.0,0.0,0.0,0,0.0,0.0,0,0,0,0,0,0,0,0,0,0,0,0,0
1,323.124,32,0.0,0.0,0.0,0.0,0.0,0.0,0.0,0.0,0.0,175.799,175.809,29.6484,0,1,0,0,0,0,0,0,0.0,0.0,0.0,0.0,0.0,0.0,0.0,0.0,175.8058,175.799,29.64995,0.0,0.0,0.0,0.0,0.0,0,0.0,0.0,0,0,0,0,0,0,0,0,0,0,0,0,0
1,324.124,32,0.0,0.0,0.0,0.0,0.0,0.0,0.0,0.0,0.0,175.799,175.801,29.6486,0,1,0,0,0,0,0,0,0.0,0.0,0.0,0.0,0.0,0.0,0.0,0.0,175.80540000000002,175.799,29.649759999999997,0.0,0.0,0.0,0.0,0.0,0,0.0,0.0,0,0,0,0,0,0,0,0,0,0,0,0,0
1,325.131,32,0.0,0.0,0.0,0.0,0.0,0.0,0.0,0.0,0.0,175.799,175.809,29.6543,0,1,0,0,0,0,0,0,0.0,0.0,0.0,0.0,0.0,0.0,0.0,0.0,175.80620000000002,175.799,29.650620000000004,0.0,0.0,0.0,0.0,0.0,0,0.0,0.0,0,0,0,0,0,0,0,0,0,0,0,0,0
1,326.131,32,0.0,0.0,0.0,0.0,0.0,0.0,0.0,0.0,0.0,175.799,175.814,29.6541,0,1,0,0,0,0,0,0,0.0,0.0,0.0,0.0,0.0,0.0,0.0,0.0,175.80649999999997,175.799,29.651099999999996,0.0,0.0,0.0,0.0,0.0,0,0.0,0.0,0,0,0,0,0,0,0,0,0,0,0,0,0
1,327.122,32,0.0,0.0,0.0,0.0,0.0,0.0,0.0,0.0,0.0,175.801,175.801,29.6496,0,1,0,0,0,0,0,0,0.0,0.0,0.0,0.0,0.0,0.0,0.0,0.0,175.8067,175.799,29.651190000000003,0.0,0.0,0.0,0.0,0.0,0,0.0,0.0,0,0,0,0,0,0,0,0,0,0,0,0,0
1,328.135,32,0.0,0.0,0.0,0.0,0.0,0.0,0.0,0.0,0.0,175.801,175.808,29.6533,0,1,0,0,0,0,0,0,0.0,0.0,0.0,0.0,0.0,0.0,0.0,0.0,175.80620000000002,175.799,29.651010000000003,0.0,0.0,0.0,0.0,0.0,0,0.0,0.0,0,0,0,0,0,0,0,0,0,0,0,0,0
1,329.126,32,0.0,0.0,0.0,0.0,0.0,0.0,0.0,0.0,0.0,175.799,175.799,29.6467,0,1,0,0,0,0,0,0,0.0,0.0,0.0,0.0,0.0,0.0,0.0,0.0,175.805,175.799,29.65036,0.0,0.0,0.0,0.0,0.0,0,0.0,0.0,0,0,0,0,0,0,0,0,0,0,0,0,0
1,330.132,33,0.0,0.0,0.0,0.0,0.0,0.0,0.0,0.0,0.0,175.799,175.807,29.6475,0,1,0,0,0,0,0,0,0.0,0.0,0.0,0.0,0.0,0.0,0.0,0.0,175.80540000000002,175.799,29.65016,0.0,0.0,0.0,0.0,0.0,0,0.0,0.0,0,0,0,0,0,0,0,0,0,0,0,0,0
1,331.136,33,0.0,0.0,0.0,0.0,0.0,0.0,0.0,0.0,0.0,175.799,175.804,29.6476,0,1,0,0,0,0,0,0,0.0,0.0,0.0,0.0,0.0,0.0,0.0,0.0,175.80509999999998,175.799,29.64968,0.0,0.0,0.0,0.0,0.0,0,0.0,0.0,0,0,0,0,0,0,0,0,0,0,0,0,0
1,332.129,33,0.0,0.0,0.0,0.0,0.0,0.0,0.0,0.0,0.0,175.799,175.803,29.6525,0,1,0,0,0,0,0,0,0.0,0.0,0.0,0.0,0.0,0.0,0.0,0.0,175.8055,175.799,29.650259999999996,0.0,0.0,0.0,0.0,0.0,0,0.0,0.0,0,0,0,0,0,0,0,0,0,0,0,0,0
1,333.13,33,0.0,0.0,0.0,0.0,0.0,0.0,0.0,0.0,0.0,175.799,175.817,29.655,0,1,0,0,0,0,0,0,0.0,0.0,0.0,0.0,0.0,0.0,0.0,0.0,175.80630000000002,175.799,29.650920000000003,0.0,0.0,0.0,0.0,0.0,0,0.0,0.0,0,0,0,0,0,0,0,0,0,0,0,0,0
1,334.144,33,0.0,0.0,0.0,0.0,0.0,0.0,0.0,0.0,0.0,175.801,175.801,29.6496,0,1,0,0,0,0,0,0,0.0,0.0,0.0,0.0,0.0,0.0,0.0,0.0,175.8063,175.799,29.651020000000006,0.0,0.0,0.0,0.0,0.0,0,0.0,0.0,0,0,0,0,0,0,0,0,0,0,0,0,0
1,335.142,33,0.0,0.0,0.0,0.0,0.0,0.0,0.0,0.0,0.0,175.801,175.809,29.6533,0,1,0,0,0,0,0,0,0.0,0.0,0.0,0.0,0.0,0.0,0.0,0.0,175.8063,175.799,29.650919999999996,0.0,0.0,0.0,0.0,0.0,0,0.0,0.0,0,0,0,0,0,0,0,0,0,0,0,0,0
1,336.141,33,0.0,0.0,0.0,0.0,0.0,0.0,0.0,0.0,0.0,175.801,175.801,29.6467,0,1,0,0,0,0,0,0,0.0,0.0,0.0,0.0,0.0,0.0,0.0,0.0,175.805,175.799,29.65018,0.0,0.0,0.0,0.0,0.0,0,0.0,0.0,0,0,0,0,0,0,0,0,0,0,0,0,0
1,337.134,33,0.0,0.0,0.0,0.0,0.0,0.0,0.0,0.0,0.0,175.801,175.804,29.6466,0,1,0,0,0,0,0,0,0.0,0.0,0.0,0.0,0.0,0.0,0.0,0.0,175.8053,175.799,29.649880000000003,0.0,0.0,0.0,0.0,0.0,0,0.0,0.0,0,0,0,0,0,0,0,0,0,0,0,0,0
1,338.139,33,0.0,0.0,0.0,0.0,0.0,0.0,0.0,0.0,0.0,175.801,175.809,29.6474,0,1,0,0,0,0,0,0,0.0,0.0,0.0,0.0,0.0,0.0,0.0,0.0,175.8054,175.799,29.64929,0.0,0.0,0.0,0.0,0.0,0,0.0,0.0,0,0,0,0,0,0,0,0,0,0,0,0,0
1,339.136,33,0.0,0.0,0.0,0.0,0.0,0.0,0.0,0.0,0.0,175.8,175.8,29.6506,0,1,0,0,0,0,0,0,0.0,0.0,0.0,0.0,0.0,0.0,0.0,0.0,175.8055,175.8,29.64968,0.0,0.0,0.0,0.0,0.0,0,0.0,0.0,0,0,0,0,0,0,0,0,0,0,0,0,0
1,340.144,34,0.0,0.0,0.0,0.0,0.0,0.0,0.0,0.0,0.0,175.8,175.819,29.6559,0,1,0,0,0,0,0,0,0.0,0.0,0.0,0.0,0.0,0.0,0.0,0.0,175.8067,175.8,29.65052,0.0,0.0,0.0,0.0,0.0,0,0.0,0.0,0,0,0,0,0,0,0,0,0,0,0,0,0
1,341.141,34,0.0,0.0,0.0,0.0,0.0,0.0,0.0,0.0,0.0,175.8,175.802,29.6506,0,1,0,0,0,0,0,0,0.0,0.0,0.0,0.0,0.0,0.0,0.0,0.0,175.8065,175.8,29.65082,0.0,0.0,0.0,0.0,0.0,0,0.0,0.0,0,0,0,0,0,0,0,0,0,0,0,0,0
1,342.15,34,0.0,0.0,0.0,0.0,0.0,0.0,0.0,0.0,0.0,175.8,175.809,29.6533,0,1,0,0,0,0,0,0,0.0,0.0,0.0,0.0,0.0,0.0,0.0,0.0,175.8071,175.8,29.6509,0.0,0.0,0.0,0.0,0.0,0,0.0,0.0,0,0,0,0,0,0,0,0,0,0,0,0,0
1,343.148,34,0.0,0.0,0.0,0.0,0.0,0.0,0.0,0.0,0.0,175.8,175.802,29.6476,0,1,0,0,0,0,0,0,0.0,0.0,0.0,0.0,0.0,0.0,0.0,0.0,175.80559999999997,175.8,29.65016,0.0,0.0,0.0,0.0,0.0,0,0.0,0.0,0,0,0,0,0,0,0,0,0,0,0,0,0
1,344.143,34,0.0,0.0,0.0,0.0,0.0,0.0,0.0,0.0,0.0,175.802,175.803,29.6466,0,1,0,0,0,0,0,0,0.0,0.0,0.0,0.0,0.0,0.0,0.0,0.0,175.8058,175.8,29.649859999999997,0.0,0.0,0.0,0.0,0.0,0,0.0,0.0,0,0,0,0,0,0,0,0,0,0,0,0,0
1,345.142,34,0.0,0.0,0.0,0.0,0.0,0.0,0.0,0.0,0.0,175.802,175.812,29.6483,0,1,0,0,0,0,0,0,0.0,0.0,0.0,0.0,0.0,0.0,0.0,0.0,175.8061,175.8,29.649359999999994,0.0,0.0,0.0,0.0,0.0,0,0.0,0.0,0,0,0,0,0,0,0,0,0,0,0,0,0
1,346.145,34,0.0,0.0,0.0,0.0,0.0,0.0,0.0,0.0,0.0,175.799,175.799,29.6497,0,1,0,0,0,0,0,0,0.0,0.0,0.0,0.0,0.0,0.0,0.0,0.0,175.8059,175.799,29.64966,0.0,0.0,0.0,0.0,0.0,0,0.0,0.0,0,0,0,0,0,0,0,0,0,0,0,0,0
1,347.154,34,0.0,0.0,0.0,0.0,0.0,0.0,0.0,0.0,0.0,175.799,175.819,29.6559,0,1,0,0,0,0,0,0,0.0,0.0,0.0,0.0,0.0,0.0,0.0,0.0,175.8074,175.799,29.65059,0.0,0.0,0.0,0.0,0.0,0,0.0,0.0,0,0,0,0,0,0,0,0,0,0,0,0,0
1,348.146,34,0.0,0.0,0.0,0.0,0.0,0.0,0.0,0.0,0.0,175.799,175.804,29.6515,0,1,0,0,0,0,0,0,0.0,0.0,0.0,0.0,0.0,0.0,0.0,0.0,175.80689999999998,175.799,29.651,0.0,0.0,0.0,0.0,0.0,0,0.0,0.0,0,0,0,0,0,0,0,0,0,0,0,0,0
1,349.153,34,0.0,0.0,0.0,0.0,0.0,0.0,0.0,0.0,0.0,175.799,175.808,29.6523,0,1,0,0,0,0,0,0,0.0,0.0,0.0,0.0,0.0,0.0,0.0,0.0,175.8077,175.799,29.651169999999997,0.0,0.0,0.0,0.0,0.0,0,0.0,0.0,0,0,0,0,0,0,0,0,0,0,0,0,0
1,350.157,35,0.0,0.0,0.0,0.0,0.0,0.0,0.0,0.0,0.0,175.799,175.804,29.6485,0,1,0,0,0,0,0,0,0.0,0.0,0.0,0.0,0.0,0.0,0.0,0.0,175.8062,175.799,29.65043,0.0,0.0,0.0,0.0,0.0,0,0.0,0.0,0,0,0,0,0,0,0,0,0,0,0,0,0
1,351.158,35,0.0,0.0,0.0,0.0,0.0,0.0,0.0,0.0,0.0,175.802,175.802,29.6457,0,1,0,0,0,0,0,0,0.0,0.0,0.0,0.0,0.0,0.0,0.0,0.0,175.8062,175.799,29.649940000000004,0.0,0.0,0.0,0.0,0.0,0,0.0,0.0,0,0,0,0,0,0,0,0,0,0,0,0,0
1,352.16,35,0.0,0.0,0.0,0.0,0.0,0.0,0.0,0.0,0.0,175.802,175.812,29.6493,0,1,0,0,0,0,0,0,0.0,0.0,0.0,0.0,0.0,0.0,0.0,0.0,175.8065,175.799,29.649540000000002,0.0,0.0,0.0,0.0,0.0,0,0.0,0.0,0,0,0,0,0,0,0,0,0,0,0,0,0
1,353.158,35,0.0,0.0,0.0,0.0,0.0,0.0,0.0,0.0,0.0,175.797,175.797,29.6497,0,1,0,0,0,0,0,0,0.0,0.0,0.0,0.0,0.0,0.0,0.0,0.0,175.806,175.797,29.64975,0.0,0.0,0.0,0.0,0.0,0,0.0,0.0,0,0,0,0,0,0,0,0,0,0,0,0,0
1,354.151,35,0.0,0.0,0.0,0.0,0.0,0.0,0.0,0.0,0.0,175.797,175.817,29.657,0,1,0,0,0,0,0,0,0.0,0.0,0.0,0.0,0.0,0.0,0.0,0.0,175.8074,175.797,29.65079,0.0,0.0,0.0,0.0,0.0,0,0.0,0.0,0,0,0,0,0,0,0,0,0,0,0,0,0
1,355.152,35,0.0,0.0,0.0,0.0,0.0,0.0,0.0,0.0,0.0,175.797,175.807,29.6524,0,1,0,0,0,0,0,0,0.0,0.0,0.0,0.0,0.0,0.0,0.0,0.0,175.80689999999998,175.797,29.6512,0.0,0.0,0.0,0.0,0.0,0,0.0,0.0,0,0,0,0,0,0,0,0,0,0,0,0,0
1,356.155,35,0.0,0.0,0.0,0.0,0.0,0.0,0.0,0.0,0.0,175.797,175.805,29.6505,0,1,0,0,0,0,0,0,0.0,0.0,0.0,0.0,0.0,0.0,0.0,0.0,175.8075,175.797,29.651280000000003,0.0,0.0,0.0,0.0,0.0,0,0.0,0.0,0,0,0,0,0,0,0,0,0,0,0,0,0
1,357.155,35,0.0,0.0,0.0,0.0,0.0,0.0,0.0,0.0,0.0,175.797,175.805,29.6495,0,1,0,0,0,0,0,0,0.0,0.0,0.0,0.0,0.0,0.0,0.0,0.0,175.8061,175.797,29.65064,0.0,0.0,0.0,0.0,0.0,0,0.0,0.0,0,0,0,0,0,0,0,0,0,0,0,0,0
1,358.165,35,0.0,0.0,0.0,0.0,0.0,0.0,0.0,0.0,0.0,175.801,175.801,29.6457,0,1,0,0,0,0,0,0,0.0,0.0,0.0,0.0,0.0,0.0,0.0,0.0,175.8058,175.797,29.650059999999996,0.0,0.0,0.0,0.0,0.0,0,0.0,0.0,0,0,0,0,0,0,0,0,0,0,0,0,0
1,359.163,35,0.0,0.0,0.0,0.0,0.0,0.0,0.0,0.0,0.0,175.801,175.811,29.6493,0,1,0,0,0,0,0,0,0.0,0.0,0.0,0.0,0.0,0.0,0.0,0.0,175.80610000000001,175.797,29.649760000000004,0.0,0.0,0.0,0.0,0.0,0,0.0,0.0,0,0,0,0,0,0,0,0,0,0,0,0,0
1,360.157,36,0.0,0.0,0.0,0.0,0.0,0.0,0.0,0.0,0.0,175.798,175.798,29.6487,0,1,0,0,0,0,0,0,0.0,0.0,0.0,0.0,0.0,0.0,0.0,0.0,175.8055,175.797,29.64978,0.0,0.0,0.0,0.0,0.0,0,0.0,0.0,0,0,0,0,0,0,0,0,0,0,0,0,0
1,361.16,36,0.0,0.0,0.0,0.0,0.0,0.0,0.0,0.0,0.0,175.798,175.814,29.6561,0,1,0,0,0,0,0,0,0.0,0.0,0.0,0.0,0.0,0.0,0.0,0.0,175.8067,175.797,29.65082,0.0,0.0,0.0,0.0,0.0,0,0.0,0.0,0,0,0,0,0,0,0,0,0,0,0,0,0
1,362.163,36,0.0,0.0,0.0,0.0,0.0,0.0,0.0,0.0,0.0,175.798,175.811,29.6532,0,1,0,0,0,0,0,0,0.0,0.0,0.0,0.0,0.0,0.0,0.0,0.0,175.8066,175.797,29.65121,0.0,0.0,0.0,0.0,0.0,0,0.0,0.0,0,0,0,0,0,0,0,0,0,0,0,0,0
1,363.158,36,0.0,0.0,0.0,0.0,0.0,0.0,0.0,0.0,0.0,175.798,175.803,29.6496,0,1,0,0,0,0,0,0,0.0,0.0,0.0,0.0,0.0,0.0,0.0,0.0,175.8072,175.798,29.6512,0.0,0.0,0.0,0.0,0.0,0,0.0,0.0,0,0,0,0,0,0,0,0,0,0,0,0,0
1,364.164,36,0.0,0.0,0.0,0.0,0.0,0.0,0.0,0.0,0.0,175.798,175.807,29.6514,0,1,0,0,0,0,0,0,0.0,0.0,0.0,0.0,0.0,0.0,0.0,0.0,175.8062,175.798,29.65064,0.0,0.0,0.0,0.0,0.0,0,0.0,0.0,0,0,0,0,0,0,0,0,0,0,0,0,0
1,365.162,36,0.0,0.0,0.0,0.0,0.0,0.0,0.0,0.0,0.0,175.799,175.799,29.6467,0,1,0,0,0,0,0,0,0.0,0.0,0.0,0.0,0.0,0.0,0.0,0.0,175.80540000000002,175.798,29.65007,0.0,0.0,0.0,0.0,0.0,0,0.0,0.0,0,0,0,0,0,0,0,0,0,0,0,0,0
1,366.162,36,0.0,0.0,0.0,0.0,0.0,0.0,0.0,0.0,0.0,175.799,175.809,29.6484,0,1,0,0,0,0,0,0,0.0,0.0,0.0,0.0,0.0,0.0,0.0,0.0,175.8058,175.798,29.64986,0.0,0.0,0.0,0.0,0.0,0,0.0,0.0,0,0,0,0,0,0,0,0,0,0,0,0,0
1,367.167,36,0.0,0.0,0.0,0.0,0.0,0.0,0.0,0.0,0.0,175.799,175.801,29.6486,0,1,0,0,0,0,0,0,0.0,0.0,0.0,0.0,0.0,0.0,0.0,0.0,175.80540000000002,175.798,29.64977,0.0,0.0,0.0,0.0,0.0,0,0.0,0.0,0,0,0,0,0,0,0,0,0,0,0,0,0
1,368.166,36,0.0,0.0,0.0,0.0,0.0,0.0,0.0,0.0,0.0,175.799,175.809,29.6543,0,1,0,0,0,0,0,0,0.0,0.0,0.0,0.0,0.0,0.0,0.0,0.0,175.80620000000002,175.798,29.65063,0.0,0.0,0.0,0.0,0.0,0,0.0,0.0,0,0,0,0,0,0,0,0,0,0,0,0,0
1,369.174,36,0.0,0.0,0.0,0.0,0.0,0.0,0.0,0.0,0.0,175.799,175.814,29.6541,0,1,0,0,0,0,0,0,0.0,0.0,0.0,0.0,0.0,0.0,0.0,0.0,175.80649999999997,175.798,29.65111,0.0,0.0,0.0,0.0,0.0,0,0.0,0.0,0,0,0,0,0,0,0,0,0,0,0,0,0
1,370.172,37,0.0,0.0,0.0,0.0,0.0,0.0,0.0,0.0,0.0,175.801,175.801,29.6496,0,1,0,0,0,0,0,0,0.0,0.0,0.0,0.0,0.0,0.0,0.0,0.0,175.80679999999998,175.799,29.6512,0.0,0.0,0.0,0.0,0.0,0,0.0,0.0,0,0,0,0,0,0,0,0,0,0,0,0,0
1,371.173,37,0.0,0.0,0.0,0.0,0.0,0.0,0.0,0.0,0.0,175.801,175.808,29.6533,0,1,0,0,0,0,0,0,0.0,0.0,0.0,0.0,0.0,0.0,0.0,0.0,175.8062,175.799,29.650919999999996,0.0,0.0,0.0,0.0,0.0,0,0.0,0.0,0,0,0,0,0,0,0,0,0,0,0,0,0
1,372.169,37,0.0,0.0,0.0,0.0,0.0,0.0,0.0,0.0,0.0,175.799,175.799,29.6467,0,1,0,0,0,0,0,0,0.0,0.0,0.0,0.0,0.0,0.0,0.0,0.0,175.805,175.799,29.65027,0.0,0.0,0.0,0.0,0.0,0,0.0,0.0,0,0,0,0,0,0,0,0,0,0,0,0,0
1,373.173,37,0.0,0.0,0.0,0.0,0.0,0.0,0.0,0.0,0.0,175.799,175.807,29.6475,0,1,0,0,0,0,0,0,0.0,0.0,0.0,0.0,0.0,0.0,0.0,0.0,175.80540000000002,175.799,29.650059999999996,0.0,0.0,0.0,0.0,0.0,0,0.0,0.0,0,0,0,0,0,0,0,0,0,0,0,0,0
1,374.177,37,0.0,0.0,0.0,0.0,0.0,0.0,0.0,0.0,0.0,175.799,175.804,29.6475,0,1,0,0,0,0,0,0,0.0,0.0,0.0,0.0,0.0,0.0,0.0,0.0,175.80509999999998,175.799,29.649670000000004,0.0,0.0,0.0,0.0,0.0,0,0.0,0.0,0,0,0,0,0,0,0,0,0,0,0,0,0
1,375.174,37,0.0,0.0,0.0,0.0,0.0,0.0,0.0,0.0,0.0,175.799,175.804,29.6525,0,1,0,0,0,0,0,0,0.0,0.0,0.0,0.0,0.0,0.0,0.0,0.0,175.8056,175.799,29.65025,0.0,0.0,0.0,0.0,0.0,0,0.0,0.0,0,0,0,0,0,0,0,0,0,0,0,0,0
1,376.176,37,0.0,0.0,0.0,0.0,0.0,0.0,0.0,0.0,0.0,175.799,175.817,29.655,0,1,0,0,0,0,0,0,0.0,0.0,0.0,0.0,0.0,0.0,0.0,0.0,175.8064,175.799,29.65091,0.0,0.0,0.0,0.0,0.0,0,0.0,0.0,0,0,0,0,0,0,0,0,0,0,0,0,0
1,377.176,37,0.0,0.0,0.0,0.0,0.0,0.0,0.0,0.0,0.0,175.801,175.801,29.6496,0,1,0,0,0,0,0,0,0.0,0.0,0.0,0.0,0.0,0.0,0.0,0.0,175.8064,175.799,29.651009999999996,0.0,0.0,0.0,0.0,0.0,0,0.0,0.0,0,0,0,0,0,0,0,0,0,0,0,0,0
1,378.177,37,0.0,0.0,0.0,0.0,0.0,0.0,0.0,0.0,0.0,175.801,175.809,29.6533,0,1,0,0,0,0,0,0,0.0,0.0,0.0,0.0,0.0,0.0,0.0,0.0,175.8064,175.799,29.65091,0.0,0.0,0.0,0.0,0.0,0,0.0,0.0,0,0,0,0,0,0,0,0,0,0,0,0,0
1,379.178,37,0.0,0.0,0.0,0.0,0.0,0.0,0.0,0.0,0.0,175.8,175.8,29.6467,0,1,0,0,0,0,0,0,0.0,0.0,0.0,0.0,0.0,0.0,0.0,0.0,175.805,175.799,29.650169999999996,0.0,0.0,0.0,0.0,0.0,0,0.0,0.0,0,0,0,0,0,0,0,0,0,0,0,0,0
1,380.182,38,0.0,0.0,0.0,0.0,0.0,0.0,0.0,0.0,0.0,175.8,175.806,29.6465,0,1,0,0,0,0,0,0,0.0,0.0,0.0,0.0,0.0,0.0,0.0,0.0,175.8055,175.799,29.64986,0.0,0.0,0.0,0.0,0.0,0,0.0,0.0,0,0,0,0,0,0,0,0,0,0,0,0,0
1,381.188,38,0.0,0.0,0.0,0.0,0.0,0.0,0.0,0.0,0.0,175.8,175.808,29.6474,0,1,0,0,0,0,0,0,0.0,0.0,0.0,0.0,0.0,0.0,0.0,0.0,175.8055,175.799,29.64927,0.0,0.0,0.0,0.0,0.0,0,0.0,0.0,0,0,0,0,0,0,0,0,0,0,0,0,0
1,382.18,38,0.0,0.0,0.0,0.0,0.0,0.0,0.0,0.0,0.0,175.8,175.801,29.6516,0,1,0,0,0,0,0,0,0.0,0.0,0.0,0.0,0.0,0.0,0.0,0.0,175.80569999999997,175.8,29.649760000000004,0.0,0.0,0.0,0.0,0.0,0,0.0,0.0,0,0,0,0,0,0,0,0,0,0,0,0,0
1,383.184,38,0.0,0.0,0.0,0.0,0.0,0.0,0.0,0.0,0.0,175.8,175.818,29.656,0,1,0,0,0,0,0,0,0.0,0.0,0.0,0.0,0.0,0.0,0.0,0.0,175.8068,175.8,29.65061,0.0,0.0,0.0,0.0,0.0,0,0.0,0.0,0,0,0,0,0,0,0,0,0,0,0,0,0
1,384.185,38,0.0,0.0,0.0,0.0,0.0,0.0,0.0,0.0,0.0,175.801,175.801,29.6506,0,1,0,0,0,0,0,0,0.0,0.0,0.0,0.0,0.0,0.0,0.0,0.0,175.8065,175.8,29.650919999999996,0.0,0.0,0.0,0.0,0.0,0,0.0,0.0,0,0,0,0,0,0,0,0,0,0,0,0,0
1,385.185,38,0.0,0.0,0.0,0.0,0.0,0.0,0.0,0.0,0.0,175.801,175.809,29.6533,0,1,0,0,0,0,0,0,0.0,0.0,0.0,0.0,0.0,0.0,0.0,0.0,175.807,175.8,29.651,0.0,0.0,0.0,0.0,0.0,0,0.0,0.0,0,0,0,0,0,0,0,0,0,0,0,0,0
1,386.184,38,0.0,0.0,0.0,0.0,0.0,0.0,0.0,0.0,0.0,175.801,175.802,29.6476,0,1,0,0,0,0,0,0,0.0,0.0,0.0,0.0,0.0,0.0,0.0,0.0,175.8055,175.8,29.650259999999996,0.0,0.0,0.0,0.0,0.0,0,0.0,0.0,0,0,0,0,0,0,0,0,0,0,0,0,0
1,387.197,38,0.0,0.0,0.0,0.0,0.0,0.0,0.0,0.0,0.0,175.801,175.804,29.6466,0,1,0,0,0,0,0,0,0.0,0.0,0.0,0.0,0.0,0.0,0.0,0.0,175.8058,175.8,29.649960000000004,0.0,0.0,0.0,0.0,0.0,0,0.0,0.0,0,0,0,0,0,0,0,0,0,0,0,0,0
1,388.19,38,0.0,0.0,0.0,0.0,0.0,0.0,0.0,0.0,0.0,175.801,175.812,29.6483,0,1,0,0,0,0,0,0,0.0,0.0,0.0,0.0,0.0,0.0,0.0,0.0,175.80610000000001,175.8,29.649459999999998,0.0,0.0,0.0,0.0,0.0,0,0.0,0.0,0,0,0,0,0,0,0,0,0,0,0,0,0
1,389.194,38,0.0,0.0,0.0,0.0,0.0,0.0,0.0,0.0,0.0,175.799,175.799,29.6507,0,1,0,0,0,0,0,0,0.0,0.0,0.0,0.0,0.0,0.0,0.0,0.0,175.806,175.799,29.64986,0.0,0.0,0.0,0.0,0.0,0,0.0,0.0,0,0,0,0,0,0,0,0,0,0,0,0,0
1,390.19,39,0.0,0.0,0.0,0.0,0.0,0.0,0.0,0.0,0.0,175.799,175.819,29.6559,0,1,0,0,0,0,0,0,0.0,0.0,0.0,0.0,0.0,0.0,0.0,0.0,175.8073,175.799,29.650799999999997,0.0,0.0,0.0,0.0,0.0,0,0.0,0.0,0,0,0,0,0,0,0,0,0,0,0,0,0
1,391.193,39,0.0,0.0,0.0,0.0,0.0,0.0,0.0,0.0,0.0,175.799,175.803,29.6515,0,1,0,0,0,0,0,0,0.0,0.0,0.0,0.0,0.0,0.0,0.0,0.0,175.8068,175.799,29.65121,0.0,0.0,0.0,0.0,0.0,0,0.0,0.0,0,0,0,0,0,0,0,0,0,0,0,0,0
1,392.192,39,0.0,0.0,0.0,0.0,0.0,0.0,0.0,0.0,0.0,175.799,175.808,29.6523,0,1,0,0,0,0,0,0,0.0,0.0,0.0,0.0,0.0,0.0,0.0,0.0,175.80749999999998,175.799,29.651280000000003,0.0,0.0,0.0,0.0,0.0,0,0.0,0.0,0,0,0,0,0,0,0,0,0,0,0,0,0
1,393.198,39,0.0,0.0,0.0,0.0,0.0,0.0,0.0,0.0,0.0,175.799,175.803,29.6476,0,1,0,0,0,0,0,0,0.0,0.0,0.0,0.0,0.0,0.0,0.0,0.0,175.80599999999998,175.799,29.650440000000003,0.0,0.0,0.0,0.0,0.0,0,0.0,0.0,0,0,0,0,0,0,0,0,0,0,0,0,0
1,394.196,39,0.0,0.0,0.0,0.0,0.0,0.0,0.0,0.0,0.0,175.802,175.802,29.6457,0,1,0,0,0,0,0,0,0.0,0.0,0.0,0.0,0.0,0.0,0.0,0.0,175.8061,175.799,29.64995,0.0,0.0,0.0,0.0,0.0,0,0.0,0.0,0,0,0,0,0,0,0,0,0,0,0,0,0
1,395.196,39,0.0,0.0,0.0,0.0,0.0,0.0,0.0,0.0,0.0,175.802,175.813,29.6493,0,1,0,0,0,0,0,0,0.0,0.0,0.0,0.0,0.0,0.0,0.0,0.0,175.8065,175.799,29.649550000000005,0.0,0.0,0.0,0.0,0.0,0,0.0,0.0,0,0,0,0,0,0,0,0,0,0,0,0,0
1,396.197,39,0.0,0.0,0.0,0.0,0.0,0.0,0.0,0.0,0.0,175.797,175.797,29.6497,0,1,0,0,0,0,0,0,0.0,0.0,0.0,0.0,0.0,0.0,0.0,0.0,175.80599999999998,175.797,29.649760000000004,0.0,0.0,0.0,0.0,0.0,0,0.0,0.0,0,0,0,0,0,0,0,0,0,0,0,0,0
1,397.201,39,0.0,0.0,0.0,0.0,0.0,0.0,0.0,0.0,0.0,175.797,175.818,29.6569,0,1,0,0,0,0,0,0,0.0,0.0,0.0,0.0,0.0,0.0,0.0,0.0,175.8074,175.797,29.650789999999994,0.0,0.0,0.0,0.0,0.0,0,0.0,0.0,0,0,0,0,0,0,0,0,0,0,0,0,0
1,398.202,39,0.0,0.0,0.0,0.0,0.0,0.0,0.0,0.0,0.0,175.797,175.807,29.6524,0,1,0,0,0,0,0,0,0.0,0.0,0.0,0.0,0.0,0.0,0.0,0.0,175.80689999999998,175.797,29.651200000000006,0.0,0.0,0.0,0.0,0.0,0,0.0,0.0,0,0,0,0,0,0,0,0,0,0,0,0,0
1,399.2,39,0.0,0.0,0.0,0.0,0.0,0.0,0.0,0.0,0.0,175.797,175.806,29.6514,0,1,0,0,0,0,0,0,0.0,0.0,0.0,0.0,0.0,0.0,0.0,0.0,175.80759999999998,175.797,29.65127,0.0,0.0,0.0,0.0,0.0,0,0.0,0.0,0,0,0,0,0,0,0,0,0,0,0,0,0
1,400.208,40,0.0,0.0,0.0,0.0,0.0,0.0,0.0,0.0,0.0,175.797,175.805,29.6495,0,1,0,0,0,0,0,0,0.0,0.0,0.0,0.0,0.0,0.0,0.0,0.0,175.8062,175.797,29.65063,0.0,0.0,0.0,0.0,0.0,0,0.0,0.0,0,0,0,0,0,0,0,0,0,0,0,0,0
1,401.21,40,0.0,0.0,0.0,0.0,0.0,0.0,0.0,0.0,0.0,175.801,175.801,29.6457,0,1,0,0,0,0,0,0,0.0,0.0,0.0,0.0,0.0,0.0,0.0,0.0,175.80599999999998,175.797,29.650050000000004,0.0,0.0,0.0,0.0,0.0,0,0.0,0.0,0,0,0,0,0,0,0,0,0,0,0,0,0
1,402.206,40,0.0,0.0,0.0,0.0,0.0,0.0,0.0,0.0,0.0,175.801,175.811,29.6493,0,1,0,0,0,0,0,0,0.0,0.0,0.0,0.0,0.0,0.0,0.0,0.0,175.80630000000002,175.797,29.64975,0.0,0.0,0.0,0.0,0.0,0,0.0,0.0,0,0,0,0,0,0,0,0,0,0,0,0,0
1,403.214,40,0.0,0.0,0.0,0.0,0.0,0.0,0.0,0.0,0.0,175.798,175.798,29.6487,0,1,0,0,0,0,0,0,0.0,0.0,0.0,0.0,0.0,0.0,0.0,0.0,175.8058,175.797,29.64986,0.0,0.0,0.0,0.0,0.0,0,0.0,0.0,0,0,0,0,0,0,0,0,0,0,0,0,0
1,404.205,40,0.0,0.0,0.0,0.0,0.0,0.0,0.0,0.0,0.0,175.798,175.814,29.6561,0,1,0,0,0,0,0,0,0.0,0.0,0.0,0.0,0.0,0.0,0.0,0.0,175.807,175.797,29.6509,0.0,0.0,0.0,0.0,0.0,0,0.0,0.0,0,0,0,0,0,0,0,0,0,0,0,0,0
1,405.205,40,0.0,0.0,0.0,0.0,0.0,0.0,0.0,0.0,0.0,175.798,175.81,29.6533,0,1,0,0,0,0,0,0,0.0,0.0,0.0,0.0,0.0,0.0,0.0,0.0,175.8067,175.797,29.6513,0.0,0.0,0.0,0.0,0.0,0,0.0,0.0,0,0,0,0,0,0,0,0,0,0,0,0,0
1,406.212,40,0.0,0.0,0.0,0.0,0.0,0.0,0.0,0.0,0.0,175.798,175.803,29.6496,0,1,0,0,0,0,0,0,0.0,0.0,0.0,0.0,0.0,0.0,0.0,0.0,175.8073,175.798,29.65129,0.0,0.0,0.0,0.0,0.0,0,0.0,0.0,0,0,0,0,0,0,0,0,0,0,0,0,0
1,407.211,40,0.0,0.0,0.0,0.0,0.0,0.0,0.0,0.0,0.0,175.798,175.807,29.6514,0,1,0,0,0,0,0,0,0.0,0.0,0.0,0.0,0.0,0.0,0.0,0.0,175.8062,175.798,29.650739999999995,0.0,0.0,0.0,0.0,0.0,0,0.0,0.0,0,0,0,0,0,0,0,0,0,0,0,0,0
1,408.212,40,0.0,0.0,0.0,0.0,0.0,0.0,0.0,0.0,0.0,175.799,175.799,29.6467,0,1,0,0,0,0,0,0,0.0,0.0,0.0,0.0,0.0,0.0,0.0,0.0,175.80540000000002,175.798,29.650170000000003,0.0,0.0,0.0,0.0,0.0,0,0.0,0.0,0,0,0,0,0,0,0,0,0,0,0,0,0
1,409.21,40,0.0,0.0,0.0,0.0,0.0,0.0,0.0,0.0,0.0,175.799,175.81,29.6484,0,1,0,0,0,0,0,0,0.0,0.0,0.0,0.0,0.0,0.0,0.0,0.0,175.8058,175.798,29.64987,0.0,0.0,0.0,0.0,0.0,0,0.0,0.0,0,0,0,0,0,0,0,0,0,0,0,0,0
1,410.222,41,0.0,0.0,0.0,0.0,0.0,0.0,0.0,0.0,0.0,175.799,175.8,29.6486,0,1,0,0,0,0,0,0,0.0,0.0,0.0,0.0,0.0,0.0,0.0,0.0,175.80530000000002,175.798,29.64978,0.0,0.0,0.0,0.0,0.0,0,0.0,0.0,0,0,0,0,0,0,0,0,0,0,0,0,0
1,411.214,41,0.0,0.0,0.0,0.0,0.0,0.0,0.0,0.0,0.0,175.799,175.811,29.6552,0,1,0,0,0,0,0,0,0.0,0.0,0.0,0.0,0.0,0.0,0.0,0.0,175.80630000000002,175.798,29.65073,0.0,0.0,0.0,0.0,0.0,0,0.0,0.0,0,0,0,0,0,0,0,0,0,0,0,0,0
1,412.214,41,0.0,0.0,0.0,0.0,0.0,0.0,0.0,0.0,0.0,175.799,175.813,29.6542,0,1,0,0,0,0,0,0,0.0,0.0,0.0,0.0,0.0,0.0,0.0,0.0,175.8065,175.798,29.651220000000002,0.0,0.0,0.0,0.0,0.0,0,0.0,0.0,0,0,0,0,0,0,0,0,0,0,0,0,0
1,413.224,41,0.0,0.0,0.0,0.0,0.0,0.0,0.0,0.0,0.0,175.8,175.802,29.6496,0,1,0,0,0,0,0,0,0.0,0.0,0.0,0.0,0.0,0.0,0.0,0.0,175.80689999999998,175.799,29.651309999999995,0.0,0.0,0.0,0.0,0.0,0,0.0,0.0,0,0,0,0,0,0,0,0,0,0,0,0,0
1,414.217,41,0.0,0.0,0.0,0.0,0.0,0.0,0.0,0.0,0.0,175.8,175.807,29.6524,0,1,0,0,0,0,0,0,0.0,0.0,0.0,0.0,0.0,0.0,0.0,0.0,175.80620000000002,175.799,29.65094,0.0,0.0,0.0,0.0,0.0,0,0.0,0.0,0,0,0,0,0,0,0,0,0,0,0,0,0
1,415.216,41,0.0,0.0,0.0,0.0,0.0,0.0,0.0,0.0,0.0,175.799,175.799,29.6467,0,1,0,0,0,0,0,0,0.0,0.0,0.0,0.0,0.0,0.0,0.0,0.0,175.80509999999998,175.799,29.65028,0.0,0.0,0.0,0.0,0.0,0,0.0,0.0,0,0,0,0,0,0,0,0,0,0,0,0,0
1,416.219,41,0.0,0.0,0.0,0.0,0.0,0.0,0.0,0.0,0.0,175.799,175.808,29.6475,0,1,0,0,0,0,0,0,0.0,0.0,0.0,0.0,0.0,0.0,0.0,0.0,175.8056,175.799,29.65007,0.0,0.0,0.0,0.0,0.0,0,0.0,0.0,0,0,0,0,0,0,0,0,0,0,0,0,0
1,417.22,41,0.0,0.0,0.0,0.0,0.0,0.0,0.0,0.0,0.0,175.799,175.803,29.6476,0,1,0,0,0,0,0,0,0.0,0.0,0.0,0.0,0.0,0.0,0.0,0.0,175.80519999999999,175.799,29.64969,0.0,0.0,0.0,0.0,0.0,0,0.0,0.0,0,0,0,0,0,0,0,0,0,0,0,0,0
1,418.221,41,0.0,0.0,0.0,0.0,0.0,0.0,0.0,0.0,0.0,175.799,175.805,29.6534,0,1,0,0,0,0,0,0,0.0,0.0,0.0,0.0,0.0,0.0,0.0,0.0,175.8058,175.799,29.65036,0.0,0.0,0.0,0.0,0.0,0,0.0,0.0,0,0,0,0,0,0,0,0,0,0,0,0,0
1,419.224,41,0.0,0.0,0.0,0.0,0.0,0.0,0.0,0.0,0.0,175.799,175.816,29.655,0,1,0,0,0,0,0,0,0.0,0.0,0.0,0.0,0.0,0.0,0.0,0.0,175.8064,175.799,29.65102,0.0,0.0,0.0,0.0,0.0,0,0.0,0.0,0,0,0,0,0,0,0,0,0,0,0,0,0
1,420.229,42,0.0,0.0,0.0,0.0,0.0,0.0,0.0,0.0,0.0,175.801,175.801,29.6496,0,1,0,0,0,0,0,0,0.0,0.0,0.0,0.0,0.0,0.0,0.0,0.0,175.80649999999997,175.799,29.65112,0.0,0.0,0.0,0.0,0.0,0,0.0,0.0,0,0,0,0,0,0,0,0,0,0,0,0,0
1,421.223,42,0.0,0.0,0.0,0.0,0.0,0.0,0.0,0.0,0.0,175.801,175.809,29.6533,0,1,0,0,0,0,0,0,0.0,0.0,0.0,0.0,0.0,0.0,0.0,0.0,175.8063,175.799,29.65093,0.0,0.0,0.0,0.0,0.0,0,0.0,0.0,0,0,0,0,0,0,0,0,0,0,0,0,0
1,422.232,42,0.0,0.0,0.0,0.0,0.0,0.0,0.0,0.0,0.0,175.8,175.8,29.6467,0,1,0,0,0,0,0,0,0.0,0.0,0.0,0.0,0.0,0.0,0.0,0.0,175.805,175.799,29.65018,0.0,0.0,0.0,0.0,0.0,0,0.0,0.0,0,0,0,0,0,0,0,0,0,0,0,0,0
1,423.224,42,0.0,0.0,0.0,0.0,0.0,0.0,0.0,0.0,0.0,175.8,175.806,29.6465,0,1,0,0,0,0,0,0,0.0,0.0,0.0,0.0,0.0,0.0,0.0,0.0,175.80540000000002,175.799,29.649870000000004,0.0,0.0,0.0,0.0,0.0,0,0.0,0.0,0,0,0,0,0,0,0,0,0,0,0,0,0
1,424.233,42,0.0,0.0,0.0,0.0,0.0,0.0,0.0,0.0,0.0,175.8,175.807,29.6475,0,1,0,0,0,0,0,0,0.0,0.0,0.0,0.0,0.0,0.0,0.0,0.0,175.8054,175.799,29.64938,0.0,0.0,0.0,0.0,0.0,0,0.0,0.0,0,0,0,0,0,0,0,0,0,0,0,0,0
1,425.229,42,0.0,0.0,0.0,0.0,0.0,0.0,0.0,0.0,0.0,175.8,175.803,29.6515,0,1,0,0,0,0,0,0,0.0,0.0,0.0,0.0,0.0,0.0,0.0,0.0,175.8058,175.8,29.64986,0.0,0.0,0.0,0.0,0.0,0,0.0,0.0,0,0,0,0,0,0,0,0,0,0,0,0,0
1,426.236,42,0.0,0.0,0.0,0.0,0.0,0.0,0.0,0.0,0.0,175.8,175.818,29.656,0,1,0,0,0,0,0,0,0.0,0.0,0.0,0.0,0.0,0.0,0.0,0.0,175.8068,175.8,29.650709999999997,0.0,0.0,0.0,0.0,0.0,0,0.0,0.0,0,0,0,0,0,0,0,0,0,0,0,0,0
1,427.236,42,0.0,0.0,0.0,0.0,0.0,0.0,0.0,0.0,0.0,175.801,175.801,29.6496,0,1,0,0,0,0,0,0,0.0,0.0,0.0,0.0,0.0,0.0,0.0,0.0,175.8066,175.8,29.650910000000003,0.0,0.0,0.0,0.0,0.0,0,0.0,0.0,0,0,0,0,0,0,0,0,0,0,0,0,0
1,428.229,42,0.0,0.0,0.0,0.0,0.0,0.0,0.0,0.0,0.0,175.801,175.809,29.6533,0,1,0,0,0,0,0,0,0.0,0.0,0.0,0.0,0.0,0.0,0.0,0.0,175.807,175.8,29.6509,0.0,0.0,0.0,0.0,0.0,0,0.0,0.0,0,0,0,0,0,0,0,0,0,0,0,0,0
1,429.232,42,0.0,0.0,0.0,0.0,0.0,0.0,0.0,0.0,0.0,175.801,175.801,29.6476,0,1,0,0,0,0,0,0,0.0,0.0,0.0,0.0,0.0,0.0,0.0,0.0,175.8055,175.8,29.65016,0.0,0.0,0.0,0.0,0.0,0,0.0,0.0,0,0,0,0,0,0,0,0,0,0,0,0,0
1,430.24,43,0.0,0.0,0.0,0.0,0.0,0.0,0.0,0.0,0.0,175.801,175.804,29.6466,0,1,0,0,0,0,0,0,0.0,0.0,0.0,0.0,0.0,0.0,0.0,0.0,175.8058,175.8,29.64986,0.0,0.0,0.0,0.0,0.0,0,0.0,0.0,0,0,0,0,0,0,0,0,0,0,0,0,0
1,431.233,43,0.0,0.0,0.0,0.0,0.0,0.0,0.0,0.0,0.0,175.801,175.811,29.6483,0,1,0,0,0,0,0,0,0.0,0.0,0.0,0.0,0.0,0.0,0.0,0.0,175.806,175.8,29.64936,0.0,0.0,0.0,0.0,0.0,0,0.0,0.0,0,0,0,0,0,0,0,0,0,0,0,0,0
1,432.247,43,0.0,0.0,0.0,0.0,0.0,0.0,0.0,0.0,0.0,175.8,175.8,29.6506,0,1,0,0,0,0,0,0,0.0,0.0,0.0,0.0,0.0,0.0,0.0,0.0,175.80599999999998,175.8,29.64975,0.0,0.0,0.0,0.0,0.0,0,0.0,0.0,0,0,0,0,0,0,0,0,0,0,0,0,0
1,433.243,43,0.0,0.0,0.0,0.0,0.0,0.0,0.0,0.0,0.0,175.8,175.819,29.6559,0,1,0,0,0,0,0,0,0.0,0.0,0.0,0.0,0.0,0.0,0.0,0.0,175.8073,175.8,29.650689999999997,0.0,0.0,0.0,0.0,0.0,0,0.0,0.0,0,0,0,0,0,0,0,0,0,0,0,0,0
1,434.244,43,0.0,0.0,0.0,0.0,0.0,0.0,0.0,0.0,0.0,175.8,175.802,29.6506,0,1,0,0,0,0,0,0,0.0,0.0,0.0,0.0,0.0,0.0,0.0,0.0,175.8068,175.8,29.651,0.0,0.0,0.0,0.0,0.0,0,0.0,0.0,0,0,0,0,0,0,0,0,0,0,0,0,0
1,435.251,43,0.0,0.0,0.0,0.0,0.0,0.0,0.0,0.0,0.0,175.8,175.808,29.6533,0,1,0,0,0,0,0,0,0.0,0.0,0.0,0.0,0.0,0.0,0.0,0.0,175.8073,175.8,29.65118,0.0,0.0,0.0,0.0,0.0,0,0.0,0.0,0,0,0,0,0,0,0,0,0,0,0,0,0
1,436.248,43,0.0,0.0,0.0,0.0,0.0,0.0,0.0,0.0,0.0,175.8,175.803,29.6476,0,1,0,0,0,0,0,0,0.0,0.0,0.0,0.0,0.0,0.0,0.0,0.0,175.8058,175.8,29.65034,0.0,0.0,0.0,0.0,0.0,0,0.0,0.0,0,0,0,0,0,0,0,0,0,0,0,0,0
1,437.251,43,0.0,0.0,0.0,0.0,0.0,0.0,0.0,0.0,0.0,175.802,175.803,29.6456,0,1,0,0,0,0,0,0,0.0,0.0,0.0,0.0,0.0,0.0,0.0,0.0,175.80599999999998,175.8,29.649939999999997,0.0,0.0,0.0,0.0,0.0,0,0.0,0.0,0,0,0,0,0,0,0,0,0,0,0,0,0
1,438.251,43,0.0,0.0,0.0,0.0,0.0,0.0,0.0,0.0,0.0,175.802,175.813,29.6493,0,1,0,0,0,0,0,0,0.0,0.0,0.0,0.0,0.0,0.0,0.0,0.0,175.8064,175.8,29.649539999999995,0.0,0.0,0.0,0.0,0.0,0,0.0,0.0,0,0,0,0,0,0,0,0,0,0,0,0,0
1,439.257,43,0.0,0.0,0.0,0.0,0.0,0.0,0.0,0.0,0.0,175.798,175.798,29.6497,0,1,0,0,0,0,0,0,0.0,0.0,0.0,0.0,0.0,0.0,0.0,0.0,175.8061,175.798,29.64975,0.0,0.0,0.0,0.0,0.0,0,0.0,0.0,0,0,0,0,0,0,0,0,0,0,0,0,0
1,440.261,44,0.0,0.0,0.0,0.0,0.0,0.0,0.0,0.0,0.0,175.798,175.819,29.6569,0,1,0,0,0,0,0,0,0.0,0.0,0.0,0.0,0.0,0.0,0.0,0.0,175.8076,175.798,29.650779999999997,0.0,0.0,0.0,0.0,0.0,0,0.0,0.0,0,0,0,0,0,0,0,0,0,0,0,0,0
1,441.253,44,0.0,0.0,0.0,0.0,0.0,0.0,0.0,0.0,0.0,175.798,175.805,29.6515,0,1,0,0,0,0,0,0,0.0,0.0,0.0,0.0,0.0,0.0,0.0,0.0,175.807,175.798,29.651099999999996,0.0,0.0,0.0,0.0,0.0,0,0.0,0.0,0,0,0,0,0,0,0,0,0,0,0,0,0
1,442.26,44,0.0,0.0,0.0,0.0,0.0,0.0,0.0,0.0,0.0,175.798,175.807,29.6514,0,1,0,0,0,0,0,0,0.0,0.0,0.0,0.0,0.0,0.0,0.0,0.0,175.8077,175.798,29.65118,0.0,0.0,0.0,0.0,0.0,0,0.0,0.0,0,0,0,0,0,0,0,0,0,0,0,0,0
1,443.259,44,0.0,0.0,0.0,0.0,0.0,0.0,0.0,0.0,0.0,175.798,175.804,29.6486,0,1,0,0,0,0,0,0,0.0,0.0,0.0,0.0,0.0,0.0,0.0,0.0,175.8062,175.798,29.65045,0.0,0.0,0.0,0.0,0.0,0,0.0,0.0,0,0,0,0,0,0,0,0,0,0,0,0,0
1,444.253,44,0.0,0.0,0.0,0.0,0.0,0.0,0.0,0.0,0.0,175.801,175.801,29.6457,0,1,0,0,0,0,0,0,0.0,0.0,0.0,0.0,0.0,0.0,0.0,0.0,175.80610000000001,175.798,29.64996,0.0,0.0,0.0,0.0,0.0,0,0.0,0.0,0,0,0,0,0,0,0,0,0,0,0,0,0
1,445.262,44,0.0,0.0,0.0,0.0,0.0,0.0,0.0,0.0,0.0,175.801,175.812,29.6493,0,1,0,0,0,0,0,0,0.0,0.0,0.0,0.0,0.0,0.0,0.0,0.0,175.8065,175.798,29.64956,0.0,0.0,0.0,0.0,0.0,0,0.0,0.0,0,0,0,0,0,0,0,0,0,0,0,0,0
1,446.256,44,0.0,0.0,0.0,0.0,0.0,0.0,0.0,0.0,0.0,175.798,175.798,29.6487,0,1,0,0,0,0,0,0,0.0,0.0,0.0,0.0,0.0,0.0,0.0,0.0,175.80599999999998,175.798,29.649670000000004,0.0,0.0,0.0,0.0,0.0,0,0.0,0.0,0,0,0,0,0,0,0,0,0,0,0,0,0
1,447.259,44,0.0,0.0,0.0,0.0,0.0,0.0,0.0,0.0,0.0,175.798,175.816,29.656,0,1,0,0,0,0,0,0,0.0,0.0,0.0,0.0,0.0,0.0,0.0,0.0,175.8073,175.798,29.650709999999997,0.0,0.0,0.0,0.0,0.0,0,0.0,0.0,0,0,0,0,0,0,0,0,0,0,0,0,0
1,448.258,44,0.0,0.0,0.0,0.0,0.0,0.0,0.0,0.0,0.0,175.798,175.809,29.6533,0,1,0,0,0,0,0,0,0.0,0.0,0.0,0.0,0.0,0.0,0.0,0.0,175.80689999999998,175.798,29.65111,0.0,0.0,0.0,0.0,0.0,0,0.0,0.0,0,0,0,0,0,0,0,0,0,0,0,0,0
1,449.257,44,0.0,0.0,0.0,0.0,0.0,0.0,0.0,0.0,0.0,175.798,175.804,29.6505,0,1,0,0,0,0,0,0,0.0,0.0,0.0,0.0,0.0,0.0,0.0,0.0,175.8075,175.798,29.651190000000003,0.0,0.0,0.0,0.0,0.0,0,0.0,0.0,0,0,0,0,0,0,0,0,0,0,0,0,0
1,450.27,45,0.0,0.0,0.0,0.0,0.0,0.0,0.0,0.0,0.0,175.798,175.807,29.6504,0,1,0,0,0,0,0,0,0.0,0.0,0.0,0.0,0.0,0.0,0.0,0.0,175.80630000000002,175.798,29.65054,0.0,0.0,0.0,0.0,0.0,0,0.0,0.0,0,0,0,0,0,0,0,0,0,0,0,0,0
1,451.262,45,0.0,0.0,0.0,0.0,0.0,0.0,0.0,0.0,0.0,175.801,175.801,29.6457,0,1,0,0,0,0,0,0,0.0,0.0,0.0,0.0,0.0,0.0,0.0,0.0,175.8059,175.798,29.649960000000004,0.0,0.0,0.0,0.0,0.0,0,0.0,0.0,0,0,0,0,0,0,0,0,0,0,0,0,0
1,452.267,45,0.0,0.0,0.0,0.0,0.0,0.0,0.0,0.0,0.0,175.801,175.81,29.6484,0,1,0,0,0,0,0,0,0.0,0.0,0.0,0.0,0.0,0.0,0.0,0.0,175.8062,175.798,29.64966,0.0,0.0,0.0,0.0,0.0,0,0.0,0.0,0,0,0,0,0,0,0,0,0,0,0,0,0
1,453.273,45,0.0,0.0,0.0,0.0,0.0,0.0,0.0,0.0,0.0,175.799,175.799,29.6487,0,1,0,0,0,0,0,0,0.0,0.0,0.0,0.0,0.0,0.0,0.0,0.0,175.8057,175.798,29.649670000000004,0.0,0.0,0.0,0.0,0.0,0,0.0,0.0,0,0,0,0,0,0,0,0,0,0,0,0,0
1,454.265,45,0.0,0.0,0.0,0.0,0.0,0.0,0.0,0.0,0.0,175.799,175.811,29.6552,0,1,0,0,0,0,0,0,0.0,0.0,0.0,0.0,0.0,0.0,0.0,0.0,175.8067,175.798,29.650619999999996,0.0,0.0,0.0,0.0,0.0,0,0.0,0.0,0,0,0,0,0,0,0,0,0,0,0,0,0
1,455.275,45,0.0,0.0,0.0,0.0,0.0,0.0,0.0,0.0,0.0,175.799,175.813,29.6542,0,1,0,0,0,0,0,0,0.0,0.0,0.0,0.0,0.0,0.0,0.0,0.0,175.8068,175.798,29.65111,0.0,0.0,0.0,0.0,0.0,0,0.0,0.0,0,0,0,0,0,0,0,0,0,0,0,0,0
1,456.265,45,0.0,0.0,0.0,0.0,0.0,0.0,0.0,0.0,0.0,175.799,175.802,29.6496,0,1,0,0,0,0,0,0,0.0,0.0,0.0,0.0,0.0,0.0,0.0,0.0,175.8072,175.799,29.6512,0.0,0.0,0.0,0.0,0.0,0,0.0,0.0,0,0,0,0,0,0,0,0,0,0,0,0,0
1,457.266,45,0.0,0.0,0.0,0.0,0.0,0.0,0.0,0.0,0.0,175.799,175.807,29.6524,0,1,0,0,0,0,0,0,0.0,0.0,0.0,0.0,0.0,0.0,0.0,0.0,175.8063,175.799,29.650840000000006,0.0,0.0,0.0,0.0,0.0,0,0.0,0.0,0,0,0,0,0,0,0,0,0,0,0,0,0
1,458.267,45,0.0,0.0,0.0,0.0,0.0,0.0,0.0,0.0,0.0,175.799,175.799,29.6467,0,1,0,0,0,0,0,0,0.0,0.0,0.0,0.0,0.0,0.0,0.0,0.0,175.8053,175.799,29.65018,0.0,0.0,0.0,0.0,0.0,0,0.0,0.0,0,0,0,0,0,0,0,0,0,0,0,0,0
1,459.269,45,0.0,0.0,0.0,0.0,0.0,0.0,0.0,0.0,0.0,175.799,175.808,29.6475,0,1,0,0,0,0,0,0,0.0,0.0,0.0,0.0,0.0,0.0,0.0,0.0,175.80569999999997,175.799,29.649880000000003,0.0,0.0,0.0,0.0,0.0,0,0.0,0.0,0,0,0,0,0,0,0,0,0,0,0,0,0
1,460.265,46,0.0,0.0,0.0,0.0,0.0,0.0,0.0,0.0,0.0,175.799,175.802,29.6476,0,1,0,0,0,0,0,0,0.0,0.0,0.0,0.0,0.0,0.0,0.0,0.0,175.8052,175.799,29.649600000000003,0.0,0.0,0.0,0.0,0.0,0,0.0,0.0,0,0,0,0,0,0,0,0,0,0,0,0,0
1,461.277,46,0.0,0.0,0.0,0.0,0.0,0.0,0.0,0.0,0.0,175.799,175.807,29.6534,0,1,0,0,0,0,0,0,0.0,0.0,0.0,0.0,0.0,0.0,0.0,0.0,175.8058,175.799,29.65037,0.0,0.0,0.0,0.0,0.0,0,0.0,0.0,0,0,0,0,0,0,0,0,0,0,0,0,0
1,462.279,46,0.0,0.0,0.0,0.0,0.0,0.0,0.0,0.0,0.0,175.799,175.816,29.655,0,1,0,0,0,0,0,0,0.0,0.0,0.0,0.0,0.0,0.0,0.0,0.0,175.8064,175.799,29.651030000000002,0.0,0.0,0.0,0.0,0.0,0,0.0,0.0,0,0,0,0,0,0,0,0,0,0,0,0,0
1,463.278,46,0.0,0.0,0.0,0.0,0.0,0.0,0.0,0.0,0.0,175.801,175.801,29.6496,0,1,0,0,0,0,0,0,0.0,0.0,0.0,0.0,0.0,0.0,0.0,0.0,175.8066,175.799,29.65112,0.0,0.0,0.0,0.0,0.0,0,0.0,0.0,0,0,0,0,0,0,0,0,0,0,0,0,0
1,464.277,46,0.0,0.0,0.0,0.0,0.0,0.0,0.0,0.0,0.0,175.801,175.809,29.6533,0,1,0,0,0,0,0,0,0.0,0.0,0.0,0.0,0.0,0.0,0.0,0.0,175.8064,175.799,29.65093,0.0,0.0,0.0,0.0,0.0,0,0.0,0.0,0,0,0,0,0,0,0,0,0,0,0,0,0
1,465.283,46,0.0,0.0,0.0,0.0,0.0,0.0,0.0,0.0,0.0,175.8,175.8,29.6467,0,1,0,0,0,0,0,0,0.0,0.0,0.0,0.0,0.0,0.0,0.0,0.0,175.80509999999998,175.799,29.65018,0.0,0.0,0.0,0.0,0.0,0,0.0,0.0,0,0,0,0,0,0,0,0,0,0,0,0,0
1,466.275,46,0.0,0.0,0.0,0.0,0.0,0.0,0.0,0.0,0.0,175.8,175.806,29.6475,0,1,0,0,0,0,0,0,0.0,0.0,0.0,0.0,0.0,0.0,0.0,0.0,175.8055,175.799,29.649969999999996,0.0,0.0,0.0,0.0,0.0,0,0.0,0.0,0,0,0,0,0,0,0,0,0,0,0,0,0
1,467.279,46,0.0,0.0,0.0,0.0,0.0,0.0,0.0,0.0,0.0,175.8,175.805,29.6475,0,1,0,0,0,0,0,0,0.0,0.0,0.0,0.0,0.0,0.0,0.0,0.0,175.80530000000002,175.799,29.64948,0.0,0.0,0.0,0.0,0.0,0,0.0,0.0,0,0,0,0,0,0,0,0,0,0,0,0,0
1,468.277,46,0.0,0.0,0.0,0.0,0.0,0.0,0.0,0.0,0.0,175.8,175.803,29.6525,0,1,0,0,0,0,0,0,0.0,0.0,0.0,0.0,0.0,0.0,0.0,0.0,175.8057,175.8,29.650060000000003,0.0,0.0,0.0,0.0,0.0,0,0.0,0.0,0,0,0,0,0,0,0,0,0,0,0,0,0
1,469.285,46,0.0,0.0,0.0,0.0,0.0,0.0,0.0,0.0,0.0,175.8,175.818,29.655,0,1,0,0,0,0,0,0,0.0,0.0,0.0,0.0,0.0,0.0,0.0,0.0,175.8067,175.8,29.65081,0.0,0.0,0.0,0.0,0.0,0,0.0,0.0,0,0,0,0,0,0,0,0,0,0,0,0,0
1,470.285,47,0.0,0.0,0.0,0.0,0.0,0.0,0.0,0.0,0.0,175.801,175.801,29.6496,0,1,0,0,0,0,0,0,0.0,0.0,0.0,0.0,0.0,0.0,0.0,0.0,175.8066,175.8,29.651009999999996,0.0,0.0,0.0,0.0,0.0,0,0.0,0.0,0,0,0,0,0,0,0,0,0,0,0,0,0
1,471.282,47,0.0,0.0,0.0,0.0,0.0,0.0,0.0,0.0,0.0,175.801,175.809,29.6533,0,1,0,0,0,0,0,0,0.0,0.0,0.0,0.0,0.0,0.0,0.0,0.0,175.8068,175.8,29.651,0.0,0.0,0.0,0.0,0.0,0,0.0,0.0,0,0,0,0,0,0,0,0,0,0,0,0,0
1,472.297,47,0.0,0.0,0.0,0.0,0.0,0.0,0.0,0.0,0.0,175.801,175.801,29.6476,0,1,0,0,0,0,0,0,0.0,0.0,0.0,0.0,0.0,0.0,0.0,0.0,175.8053,175.8,29.650260000000003,0.0,0.0,0.0,0.0,0.0,0,0.0,0.0,0,0,0,0,0,0,0,0,0,0,0,0,0
1,473.285,47,0.0,0.0,0.0,0.0,0.0,0.0,0.0,0.0,0.0,175.801,175.804,29.6466,0,1,0,0,0,0,0,0,0.0,0.0,0.0,0.0,0.0,0.0,0.0,0.0,175.8056,175.8,29.64996,0.0,0.0,0.0,0.0,0.0,0,0.0,0.0,0,0,0,0,0,0,0,0,0,0,0,0,0
1,474.288,47,0.0,0.0,0.0,0.0,0.0,0.0,0.0,0.0,0.0,175.801,175.81,29.6484,0,1,0,0,0,0,0,0,0.0,0.0,0.0,0.0,0.0,0.0,0.0,0.0,175.8057,175.8,29.64947,0.0,0.0,0.0,0.0,0.0,0,0.0,0.0,0,0,0,0,0,0,0,0,0,0,0,0,0
1,475.294,47,0.0,0.0,0.0,0.0,0.0,0.0,0.0,0.0,0.0,175.8,175.8,29.6506,0,1,0,0,0,0,0,0,0.0,0.0,0.0,0.0,0.0,0.0,0.0,0.0,175.8057,175.8,29.64986,0.0,0.0,0.0,0.0,0.0,0,0.0,0.0,0,0,0,0,0,0,0,0,0,0,0,0,0
1,476.294,47,0.0,0.0,0.0,0.0,0.0,0.0,0.0,0.0,0.0,175.8,175.819,29.6559,0,1,0,0,0,0,0,0,0.0,0.0,0.0,0.0,0.0,0.0,0.0,0.0,175.807,175.8,29.6507,0.0,0.0,0.0,0.0,0.0,0,0.0,0.0,0,0,0,0,0,0,0,0,0,0,0,0,0
1,477.287,47,0.0,0.0,0.0,0.0,0.0,0.0,0.0,0.0,0.0,175.8,175.802,29.6506,0,1,0,0,0,0,0,0,0.0,0.0,0.0,0.0,0.0,0.0,0.0,0.0,175.8067,175.8,29.651009999999996,0.0,0.0,0.0,0.0,0.0,0,0.0,0.0,0,0,0,0,0,0,0,0,0,0,0,0,0
1,478.297,47,0.0,0.0,0.0,0.0,0.0,0.0,0.0,0.0,0.0,175.8,175.809,29.6533,0,1,0,0,0,0,0,0,0.0,0.0,0.0,0.0,0.0,0.0,0.0,0.0,175.8073,175.8,29.65109,0.0,0.0,0.0,0.0,0.0,0,0.0,0.0,0,0,0,0,0,0,0,0,0,0,0,0,0
1,479.292,47,0.0,0.0,0.0,0.0,0.0,0.0,0.0,0.0,0.0,175.8,175.803,29.6476,0,1,0,0,0,0,0,0,0.0,0.0,0.0,0.0,0.0,0.0,0.0,0.0,175.8058,175.8,29.650349999999996,0.0,0.0,0.0,0.0,0.0,0,0.0,0.0,0,0,0,0,0,0,0,0,0,0,0,0,0
1,480.297,48,0.0,0.0,0.0,0.0,0.0,0.0,0.0,0.0,0.0,175.802,175.803,29.6456,0,1,0,0,0,0,0,0,0.0,0.0,0.0,0.0,0.0,0.0,0.0,0.0,175.80599999999998,175.8,29.64995,0.0,0.0,0.0,0.0,0.0,0,0.0,0.0,0,0,0,0,0,0,0,0,0,0,0,0,0
1,481.292,48,0.0,0.0,0.0,0.0,0.0,0.0,0.0,0.0,0.0,175.802,175.813,29.6493,0,1,0,0,0,0,0,0,0.0,0.0,0.0,0.0,0.0,0.0,0.0,0.0,175.8064,175.8,29.649549999999998,0.0,0.0,0.0,0.0,0.0,0,0.0,0.0,0,0,0,0,0,0,0,0,0,0,0,0,0
1,482.298,48,0.0,0.0,0.0,0.0,0.0,0.0,0.0,0.0,0.0,175.798,175.798,29.6497,0,1,0,0,0,0,0,0,0.0,0.0,0.0,0.0,0.0,0.0,0.0,0.0,175.8061,175.798,29.649760000000004,0.0,0.0,0.0,0.0,0.0,0,0.0,0.0,0,0,0,0,0,0,0,0,0,0,0,0,0
1,483.301,48,0.0,0.0,0.0,0.0,0.0,0.0,0.0,0.0,0.0,175.798,175.819,29.6569,0,1,0,0,0,0,0,0,0.0,0.0,0.0,0.0,0.0,0.0,0.0,0.0,175.80759999999998,175.798,29.65079,0.0,0.0,0.0,0.0,0.0,0,0.0,0.0,0,0,0,0,0,0,0,0,0,0,0,0,0
1,484.293,48,0.0,0.0,0.0,0.0,0.0,0.0,0.0,0.0,0.0,175.798,175.805,29.6515,0,1,0,0,0,0,0,0,0.0,0.0,0.0,0.0,0.0,0.0,0.0,0.0,175.8071,175.798,29.651099999999996,0.0,0.0,0.0,0.0,0.0,0,0.0,0.0,0,0,0,0,0,0,0,0,0,0,0,0,0
1,485.298,48,0.0,0.0,0.0,0.0,0.0,0.0,0.0,0.0,0.0,175.798,175.807,29.6514,0,1,0,0,0,0,0,0,0.0,0.0,0.0,0.0,0.0,0.0,0.0,0.0,175.8078,175.798,29.65118,0.0,0.0,0.0,0.0,0.0,0,0.0,0.0,0,0,0,0,0,0,0,0,0,0,0,0,0
1,486.295,48,0.0,0.0,0.0,0.0,0.0,0.0,0.0,0.0,0.0,175.798,175.804,29.6485,0,1,0,0,0,0,0,0,0.0,0.0,0.0,0.0,0.0,0.0,0.0,0.0,175.80630000000002,175.798,29.650440000000003,0.0,0.0,0.0,0.0,0.0,0,0.0,0.0,0,0,0,0,0,0,0,0,0,0,0,0,0
1,487.297,48,0.0,0.0,0.0,0.0,0.0,0.0,0.0,0.0,0.0,175.802,175.802,29.6457,0,1,0,0,0,0,0,0,0.0,0.0,0.0,0.0,0.0,0.0,0.0,0.0,175.8063,175.798,29.64995,0.0,0.0,0.0,0.0,0.0,0,0.0,0.0,0,0,0,0,0,0,0,0,0,0,0,0,0
1,488.297,48,0.0,0.0,0.0,0.0,0.0,0.0,0.0,0.0,0.0,175.802,175.812,29.6493,0,1,0,0,0,0,0,0,0.0,0.0,0.0,0.0,0.0,0.0,0.0,0.0,175.80659999999997,175.798,29.649549999999998,0.0,0.0,0.0,0.0,0.0,0,0.0,0.0,0,0,0,0,0,0,0,0,0,0,0,0,0
1,489.303,48,0.0,0.0,0.0,0.0,0.0,0.0,0.0,0.0,0.0,175.798,175.798,29.6487,0,1,0,0,0,0,0,0,0.0,0.0,0.0,0.0,0.0,0.0,0.0,0.0,175.80610000000001,175.798,29.64966,0.0,0.0,0.0,0.0,0.0,0,0.0,0.0,0,0,0,0,0,0,0,0,0,0,0,0,0
1,490.302,49,0.0,0.0,0.0,0.0,0.0,0.0,0.0,0.0,0.0,175.798,175.816,29.656,0,1,0,0,0,0,0,0,0.0,0.0,0.0,0.0,0.0,0.0,0.0,0.0,175.80739999999997,175.798,29.6507,0.0,0.0,0.0,0.0,0.0,0,0.0,0.0,0,0,0,0,0,0,0,0,0,0,0,0,0
1,491.302,49,0.0,0.0,0.0,0.0,0.0,0.0,0.0,0.0,0.0,175.798,175.809,29.6523,0,1,0,0,0,0,0,0,0.0,0.0,0.0,0.0,0.0,0.0,0.0,0.0,175.80700000000002,175.798,29.651000000000003,0.0,0.0,0.0,0.0,0.0,0,0.0,0.0,0,0,0,0,0,0,0,0,0,0,0,0,0
1,492.306,49,0.0,0.0,0.0,0.0,0.0,0.0,0.0,0.0,0.0,175.798,175.804,29.6505,0,1,0,0,0,0,0,0,0.0,0.0,0.0,0.0,0.0,0.0,0.0,0.0,175.8076,175.798,29.65108,0.0,0.0,0.0,0.0,0.0,0,0.0,0.0,0,0,0,0,0,0,0,0,0,0,0,0,0
1,493.301,49,0.0,0.0,0.0,0.0,0.0,0.0,0.0,0.0,0.0,175.798,175.805,29.6505,0,1,0,0,0,0,0,0,0.0,0.0,0.0,0.0,0.0,0.0,0.0,0.0,175.80620000000002,175.798,29.650440000000003,0.0,0.0,0.0,0.0,0.0,0,0.0,0.0,0,0,0,0,0,0,0,0,0,0,0,0,0
1,494.309,49,0.0,0.0,0.0,0.0,0.0,0.0,0.0,0.0,0.0,175.801,175.801,29.6457,0,1,0,0,0,0,0,0,0.0,0.0,0.0,0.0,0.0,0.0,0.0,0.0,175.8058,175.798,29.64986,0.0,0.0,0.0,0.0,0.0,0,0.0,0.0,0,0,0,0,0,0,0,0,0,0,0,0,0
1,495.308,49,0.0,0.0,0.0,0.0,0.0,0.0,0.0,0.0,0.0,175.801,175.81,29.6484,0,1,0,0,0,0,0,0,0.0,0.0,0.0,0.0,0.0,0.0,0.0,0.0,175.8061,175.798,29.64956,0.0,0.0,0.0,0.0,0.0,0,0.0,0.0,0,0,0,0,0,0,0,0,0,0,0,0,0
1,496.311,49,0.0,0.0,0.0,0.0,0.0,0.0,0.0,0.0,0.0,175.799,175.799,29.6487,0,1,0,0,0,0,0,0,0.0,0.0,0.0,0.0,0.0,0.0,0.0,0.0,175.8056,175.798,29.649579999999997,0.0,0.0,0.0,0.0,0.0,0,0.0,0.0,0,0,0,0,0,0,0,0,0,0,0,0,0
1,497.308,49,0.0,0.0,0.0,0.0,0.0,0.0,0.0,0.0,0.0,175.799,175.812,29.6552,0,1,0,0,0,0,0,0,0.0,0.0,0.0,0.0,0.0,0.0,0.0,0.0,175.8066,175.798,29.650530000000003,0.0,0.0,0.0,0.0,0.0,0,0.0,0.0,0,0,0,0,0,0,0,0,0,0,0,0,0
1,498.314,49,0.0,0.0,0.0,0.0,0.0,0.0,0.0,0.0,0.0,175.799,175.812,29.6542,0,1,0,0,0,0,0,0,0.0,0.0,0.0,0.0,0.0,0.0,0.0,0.0,175.80659999999997,175.798,29.651020000000006,0.0,0.0,0.0,0.0,0.0,0,0.0,0.0,0,0,0,0,0,0,0,0,0,0,0,0,0
1,499.308,49,0.0,0.0,0.0,0.0,0.0,0.0,0.0,0.0,0.0,175.799,175.803,29.6495,0,1,0,0,0,0,0,0,0.0,0.0,0.0,0.0,0.0,0.0,0.0,0.0,175.80710000000002,175.799,29.651100000000003,0.0,0.0,0.0,0.0,0.0,0,0.0,0.0,0,0,0,0,0,0,0,0,0,0,0,0,0
1,500.317,50,0.0,0.0,0.0,0.0,0.0,0.0,0.0,0.0,0.0,175.799,175.807,29.6524,0,1,0,0,0,0,0,0,0.0,0.0,0.0,0.0,0.0,0.0,0.0,0.0,175.80620000000002,175.799,29.650740000000003,0.0,0.0,0.0,0.0,0.0,0,0.0,0.0,0,0,0,0,0,0,0,0,0,0,0,0,0
1,501.31,50,0.9007324579606919,0.9070820321859938,0.5251833555800327,0.5251833555800327,0.23486913674567933,0.9999998437500366,0.16607755928430037,0.04999999218750183,0.023486913674567934,146.55,146.55,30.4644,0,1,0,1,1,0,0,0,0.0,0.0,0.0,0.0,0.0,0.0,0.0,0.0,172.8803,146.55,29.73195,0.05251833555800327,0.16607755928430037,0.05251833555800327,0.0,0.0,0,0.0,0.0,0,0,0,0,0,0,0,0,0,0,0,0,0
1,502.314,50,0.14085792453838422,-0.7568471448429359,0.0025301109898841737,0.5226532445901485,0.23458882000218834,0.9939318618905828,0.16599056471177323,0.09969658528203097,0.04694579567478677,146.55,146.602,30.5011,0,1,0,0,0,0,0,0,0.0,0.0,0.0,0.0,0.0,0.0,0.0,0.0,169.9601,146.55,29.81701,0.052771346656991694,0.16599056471177323,0.10478366001701814,0.0,0.0,0,0.0,0.0,0,0,0,0,0,0,0,0,0,0,0,0,0
1,503.32,50,0.0,-0.1400178176325887,1.4812287469033456e-08,0.0025300961775967046,0.23458881833615772,0.9939318618905828,0.16599056418854116,0.14939317837656013,0.07040467750840254,146.55,146.587,30.5015,0,1,0,0,0,0,0,0,0.0,0.0,0.0,0.0,0.0,0.0,0.0,0.0,167.0383,146.55,29.90211,0.05277134813822043,0.16599056418854116,0.1050366696347778,0.0,0.0,0,0.0,0.0,0,0,0,0,0,0,0,0,0,0,0,0,0
1,504.317,50,0.0,0.0,1.4945999191421922e-08,1.3371172238846598e-10,0.23458881665508763,0.9939318618905828,0.16599056366058582,0.19908977147108925,0.0938635591739113,146.55,146.6,30.5071,0,1,0,0,0,0,0,0,0.0,0.0,0.0,0.0,0.0,0.0,0.0,0.0,164.1182,146.55,29.98825,0.052771349632820354,0.16599056366058582,0.10503666964814898,0.0,0.0,0,0.0,0.0,0,0,0,0,0,0,0,0,0,0,0,0,0
1,505.326,50,0.0,0.0,1.476824697110769e-08,1.7775222031423278e-10,0.2345888149940104,0.9939318618905828,0.16599056313890945,0.2487863645656184,0.11732244067331235,146.55,146.613,30.5067,0,1,0,0,0,0,0,0,0.0,0.0,0.0,0.0,0.0,0.0,0.0,0.0,161.19850000000002,146.55,30.07408,0.05277135110964505,0.16599056313890945,0.10503666966592418,0.0,0.0,0,0.0,0.0,0,0,0,0,0,0,0,0,0,0,0,0,0
1,506.321,50,0.0,0.0,1.4976041400851914e-08,2.0779442974422526e-10,0.001131493380213247,0.9939318618905828,0.16599056260989287,0.29848295766014754,0.11743559001133366,146.587,146.587,30.5025,0,1,0,0,0,0,0,0,0.0,0.0,0.0,0.0,0.0,0.0,0.0,0.0,158.27730000000003,146.55,30.159460000000003,0.05277135260724919,0.16599056260989287,0.10503666968670362,0.0,0.0,0,0.0,0.0,0,0,0,0,0,0,0,0,0,0,0,0,0
1,507.315,50,0.0,0.0,1.4991107840893013e-08,1.5066440041098772e-11,2.7447470418881023e-09,0.9939318618905828,0.16599056208034405,0.34817955075467666,0.11743559028580837,146.587,146.6,30.5061,0,1,0,0,0,0,0,0,0.0,0.0,0.0,0.0,0.0,0.0,0.0,0.0,155.3561,146.55,30.244549999999997,0.05277135410635998,0.16599056208034405,0.10503666968821028,0.0,0.0,0,0.0,0.0,0,0,0,0,0,0,0,0,0,0,0,0,0
1,508.321,50,0.35840537480597484,0.35626776819679407,0.01616538377273421,0.016165368781626367,0.0072293727270587955,0.8857975557652434,0.16549751578677094,0.3924694285429388,0.11815852755851426,146.587,147.851,30.8469,0,1,0,0,0,0,0,0,0.0,0.0,0.0,0.0,0.0,0.0,0.0,0.0,152.56,146.55,30.363819999999997,0.05438789248363339,0.16549751578677094,0.10665320656637292,0.0,0.0,0,0.0,0.0,0,0,0,0,0,0,0,0,0,0,0,0,0
1,509.317,50,0.41396702487284587,0.05578478922376609,0.029686653466030534,0.013521269693296326,0.01343627870970625,0.8914897977076761,0.16467774193696702,0.43704391842832263,0.11950215542948488,146.435,146.435,31.2836,0,1,0,0,0,0,0,0,0.0,0.0,0.0,0.0,0.0,0.0,0.0,0.0,149.6232,146.435,30.527229999999996,0.05735655783023645,0.16467774193696702,0.10800533353570255,0.0,0.0,0,0.0,0.0,0,0,0,0,0,0,0,0,0,0,0,0,0
1,510.324,51,0.0,-0.4110893990792909,0.0,0.029686653466030534,0.013436281229578632,0.8914897977076761,0.16467774193696702,0.4816184083137064,0.12084578355244273,146.432,146.432,31.2836,0,1,0,0,0,0,0,0,0.0,0.0,0.0,0.0,0.0,0.0,0.0,0.0,146.6857,146.432,30.690350000000002,0.05735655783023645,0.16467774193696702,0.1109739988823056,0.0,0.0,0,0.0,0.0,0,0,0,0,0,0,0,0,0,0,0,0,0
1,511.322,51,0.0,0.0,0.0,0.0,0.013436283784905165,0.8914897977076761,0.010082628298210468,0.5261928981990903,0.09870249825636532,146.43,146.43,31.2886,0,1,0,0,0,0,0,0,0.0,0.0,0.0,0.0,0.0,0.0,0.0,0.0,146.6737,146.43,30.772769999999998,0.004838222272233179,0.010082628298210468,0.05845566332430232,0.0,0.0,0,0.0,0.0,0,0,0,0,0,0,0,0,0,0,0,0,0
1,512.332,51,0.0,0.0,0.0,0.0,0.013436286342801125,0.8914897977076761,0.010178274310732115,0.5707673880844741,0.07658724489042659,146.43,146.454,31.291,0,1,0,0,0,0,0,0,0.0,0.0,0.0,0.0,0.0,0.0,0.0,0.0,146.6589,146.43,30.851760000000002,0.004585211173244762,0.010178274310732115,0.006190338865287475,0.0,0.0,0,0.0,0.0,0,0,0,0,0,0,0,0,0,0,0,0,0
1,513.322,51,0.0,0.0,0.0,0.0,0.013276275034905078,0.8914897977076761,0.010178275052151653,0.6153418779698578,0.054455990560301336,146.425,146.425,31.2857,0,1,0,1,1,0,0,0,0.0,0.0,0.0,0.0,0.0,0.0,0.0,0.0,146.6427,146.425,30.93018,0.0045852096920160155,0.010178275052151653,0.005937329247527804,0.0,0.0,0,0.0,0.0,0,0,0,0,0,0,0,0,0,0,0,0,0
1,514.333,51,0.0,0.0,0.0,0.0,0.0,0.8914897977076761,0.010178275800263736,0.6599163678552417,0.03099710889479257,146.425,146.439,31.2894,0,1,0,0,0,0,0,0,0.0,0.0,0.0,0.0,0.0,0.0,0.0,0.0,146.6266,146.425,31.008410000000005,0.004585208197416096,0.010178275800263736,0.0059373292341566315,0.0,0.0,0,0.0,0.0,0,0,0,0,0,0,0,0,0,0,0,0,0
1,515.327,51,0.0,0.0,0.0,0.0,0.0,0.8914897977076761,0.01017827653947827,0.7044908577406255,0.0075382273953915335,146.425,146.428,31.2828,0,1,0,0,0,0,0,0,0.0,0.0,0.0,0.0,0.0,0.0,0.0,0.0,146.60809999999998,146.425,31.08602,0.004585206720591399,0.01017827653947827,0.005937329216381409,0.0,0.0,0,0.0,0.0,0,0,0,0,0,0,0,0,0,0,0,0,0
1,516.326,51,0.0,0.0,0.0,0.0,0.0,0.8914897977076761,0.010178277289093497,0.7490653476260093,0.007425078057370209,146.425,146.432,31.2827,0,1,0,0,0,0,0,0,0.0,0.0,0.0,0.0,0.0,0.0,0.0,0.0,146.5926,146.425,31.16404,0.004585205222987258,0.010178277289093497,0.005937329195601967,0.0,0.0,0,0.0,0.0,0,0,0,0,0,0,0,0,0,0,0,0,0
1,517.33,51,0.0,0.0,0.0,0.0,0.0,0.8914897977076761,0.010178278039462564,0.7936398375113931,0.007425077782895505,146.425,146.441,31.2835,0,1,0,0,0,0,0,0,0.0,0.0,0.0,0.0,0.0,0.0,0.0,0.0,146.57670000000002,146.425,31.24178,0.004585203723876474,0.010178278039462564,0.005937329194095323,0.0,0.0,0,0.0,0.0,0,0,0,0,0,0,0,0,0,0,0,0,0
1,518.33,51,0.0,0.0,0.0,0.0,0.0,0.8914897977076761,0.009387744106078845,0.8382143273967768,0.006702140510189625,146.425,146.425,31.2867,0,1,0,0,0,0,0,0,0.0,0.0,0.0,0.0,0.0,0.0,0.0,0.0,146.4341,146.425,31.28576,0.0029686653466030532,0.009387744106078845,0.004320792315932686,0.0,0.0,0,0.0,0.0,0,0,0,0,0,0,0,0,0,0,0,0,0
1,519.328,51,0.0,0.0,0.0,0.0,0.0,0.8914897977076761,0.0,0.8827888172821607,0.005358512639219,146.425,146.457,31.2919,0,1,0,0,0,0,0,0,0.0,0.0,0.0,0.0,0.0,0.0,0.0,0.0,146.43630000000002,146.425,31.28659,0.0,0.0,0.0029686653466030532,0.0,0.0,0,0.0,0.0,0,0,0,0,0,0,0,0,0,0,0,0,0
1,520.331,52,0.0,0.0,0.0,0.0,0.0,0.8914897977076761,0.0,0.9273633071675444,0.004014884516261137,146.425,146.427,31.2867,0,1,0,0,0,0,0,0,0.0,0.0,0.0,0.0,0.0,0.0,0.0,0.0,146.4358,146.425,31.286899999999996,0.0,0.0,0.0,0.0,0.0,0,0.0,0.0,0,0,0,0,0,0,0,0,0,0,0,0,0
1,521.331,52,0.0,0.0,0.0,0.0,0.0,0.9019267850481184,0.0,0.9224596542324486,0.0026712561377706203,146.425,146.439,31.2894,0,1,0,0,0,0,0,0,0.0,0.0,0.0,0.0,0.0,0.0,0.0,0.0,146.4367,146.425,31.28698,0.0,0.0,0.0,0.0,0.0,0,0.0,0.0,0,0,0,0,0,0,0,0,0,0,0,0,0
1,522.339,52,0.0,0.0,0.0,0.0,0.0,0.9853925012077682,0.0,0.9220326861983079,0.0013276275034905078,146.425,146.43,31.2837,0,1,0,0,0,0,0,0,0.0,0.0,0.0,0.0,0.0,0.0,0.0,0.0,146.43429999999998,146.425,31.286250000000003,0.0,0.0,0.0,0.0,0.0,0,0.0,0.0,0,0,0,0,0,0,0,0,0,0,0,0,0
1,523.339,52,0.0,0.0,0.0,0.0,0.0,0.9853925012077682,0.0,0.9216057181641671,0.0,146.427,146.43,31.2818,0,1,0,0,0,0,0,0,0.0,0.0,0.0,0.0,0.0,0.0,0.0,0.0,146.4348,146.425,31.285859999999996,0.0,0.0,0.0,0.0,0.0,0,0.0,0.0,0,0,0,0,0,0,0,0,0,0,0,0,0
1,524.336,52,0.0,0.0,0.0,0.0,0.0,0.9853925012077682,0.0,0.9211787501300265,0.0,146.427,146.444,31.2844,0,1,0,0,0,0,0,0,0.0,0.0,0.0,0.0,0.0,0.0,0.0,0.0,146.43529999999998,146.425,31.285359999999997,0.0,0.0,0.0,0.0,0.0,0,0.0,0.0,0,0,0,0,0,0,0,0,0,0,0,0,0
1,525.335,52,0.0,0.0,0.0,0.0,0.0,0.9853925012077682,0.0,0.9207517820958857,0.0,146.42,146.42,31.2859,0,1,0,0,0,0,0,0,0.0,0.0,0.0,0.0,0.0,0.0,0.0,0.0,146.4345,146.42,31.28567,0.0,0.0,0.0,0.0,0.0,0,0.0,0.0,0,0,0,0,0,0,0,0,0,0,0,0,0
1,526.352,52,0.0,0.0,0.0,0.0,0.0,0.9853925012077682,0.0,0.9203248140617448,0.0,146.42,146.457,31.292,0,1,0,0,0,0,0,0,0.0,0.0,0.0,0.0,0.0,0.0,0.0,0.0,146.43699999999998,146.42,31.2866,0.0,0.0,0.0,0.0,0.0,0,0.0,0.0,0,0,0,0,0,0,0,0,0,0,0,0,0
1,527.342,52,0.0,0.0,0.0,0.0,0.0,0.9853925012077682,0.0,0.9198978460276042,0.0,146.42,146.432,31.2876,0,1,0,0,0,0,0,0,0.0,0.0,0.0,0.0,0.0,0.0,0.0,0.0,146.43609999999998,146.42,31.28701,0.0,0.0,0.0,0.0,0.0,0,0.0,0.0,0,0,0,0,0,0,0,0,0,0,0,0,0
1,528.338,52,0.0,0.0,0.0,0.0,0.0,0.9999985588266449,0.0,0.9256078961806743,0.0,146.42,146.436,31.2885,0,1,0,0,0,0,0,0,0.0,0.0,0.0,0.0,0.0,0.0,0.0,0.0,146.43720000000002,146.42,31.28719,0.0,0.0,0.0,0.0,0.0,0,0.0,0.0,0,0,0,0,0,0,0,0,0,0,0,0,0
1,529.347,52,0.0,0.0,0.0,0.0,0.0,0.0,0.0,0.8810334062952905,0.0,146.42,146.432,31.2846,0,1,0,0,0,0,0,0,0.0,0.0,0.0,0.0,0.0,0.0,0.0,0.0,146.4347,146.42,31.286459999999998,0.0,0.0,0.0,0.0,0.0,0,0.0,0.0,0,0,0,0,0,0,0,0,0,0,0,0,0
1,530.34,53,0.0,0.0,0.0,0.0,0.0,0.0,0.0,0.8364589164099065,0.0,146.428,146.428,31.2818,0,1,0,0,0,0,0,0,0.0,0.0,0.0,0.0,0.0,0.0,0.0,0.0,146.4348,146.42,31.285970000000002,0.0,0.0,0.0,0.0,0.0,0,0.0,0.0,0,0,0,0,0,0,0,0,0,0,0,0,0
1,531.342,53,0.0,0.0,0.0,0.0,0.0,0.0,0.0,0.7918844265245228,0.0,146.428,146.444,31.2854,0,1,0,0,0,0,0,0,0.0,0.0,0.0,0.0,0.0,0.0,0.0,0.0,146.43529999999998,146.42,31.28557,0.0,0.0,0.0,0.0,0.0,0,0.0,0.0,0,0,0,0,0,0,0,0,0,0,0,0,0
1,532.352,53,0.0,0.0,0.0,0.0,0.0,0.0,0.0,0.747309936639139,0.0,146.418,146.418,31.2859,0,1,0,0,0,0,0,0,0.0,0.0,0.0,0.0,0.0,0.0,0.0,0.0,146.4341,146.418,31.285790000000002,0.0,0.0,0.0,0.0,0.0,0,0.0,0.0,0,0,0,0,0,0,0,0,0,0,0,0,0
1,533.345,53,0.0,0.0,0.0,0.0,0.0,0.0,0.0,0.7027354467537552,0.0,146.418,146.454,31.292,0,1,0,0,0,0,0,0,0.0,0.0,0.0,0.0,0.0,0.0,0.0,0.0,146.4365,146.418,31.286810000000003,0.0,0.0,0.0,0.0,0.0,0,0.0,0.0,0,0,0,0,0,0,0,0,0,0,0,0,0
1,534.355,53,0.0,0.0,0.0,0.0,0.0,0.0,0.0,0.6581609568683715,0.0,146.418,146.436,31.2885,0,1,0,0,0,0,0,0,0.0,0.0,0.0,0.0,0.0,0.0,0.0,0.0,146.4357,146.418,31.28722,0.0,0.0,0.0,0.0,0.0,0,0.0,0.0,0,0,0,0,0,0,0,0,0,0,0,0,0
1,535.348,53,0.0,0.0,0.0,0.0,0.0,0.0,0.0,0.6135864669829877,0.0,146.418,146.432,31.2866,0,1,0,0,0,0,0,0,0.0,0.0,0.0,0.0,0.0,0.0,0.0,0.0,146.43689999999998,146.418,31.287290000000002,0.0,0.0,0.0,0.0,0.0,0,0.0,0.0,0,0,0,0,0,0,0,0,0,0,0,0,0
1,536.356,53,0.0,0.0,0.0,0.0,0.0,0.0,0.0,0.5690119770976039,0.0,146.418,146.434,31.2856,0,1,0,0,0,0,0,0,0.0,0.0,0.0,0.0,0.0,0.0,0.0,0.0,146.4346,146.418,31.28665,0.0,0.0,0.0,0.0,0.0,0,0.0,0.0,0,0,0,0,0,0,0,0,0,0,0,0,0
1,537.351,53,0.0,0.0,0.0,0.0,0.0,0.0,0.0,0.52443748721222,0.0,146.426,146.426,31.2818,0,1,0,0,0,0,0,0,0.0,0.0,0.0,0.0,0.0,0.0,0.0,0.0,146.43400000000003,146.418,31.286070000000002,0.0,0.0,0.0,0.0,0.0,0,0.0,0.0,0,0,0,0,0,0,0,0,0,0,0,0,0
1,538.35,53,0.0,0.0,0.0,0.0,0.0,0.0,0.0,0.4798629973268363,0.0,146.426,146.443,31.2854,0,1,0,0,0,0,0,0,0.0,0.0,0.0,0.0,0.0,0.0,0.0,0.0,146.4347,146.418,31.285760000000003,0.0,0.0,0.0,0.0,0.0,0,0.0,0.0,0,0,0,0,0,0,0,0,0,0,0,0,0
1,539.35,53,0.20000022500060105,0.20000022500060105,0.4462489377881884,0.4462489377881884,0.19956859195629278,0.9999988750018983,0.1411163046841457,0.4852884511915473,0.019956859195629277,146.426,171.546,31.4731,0,1,0,0,0,0,0,0,0.0,0.0,0.0,0.0,0.0,0.0,0.0,0.0,148.94609999999997,146.418,31.304610000000004,0.04462489377881884,0.1411163046841457,0.04462489377881884,0.0,0.0,0,0.0,0.0,0,0,0,0,0,0,0,0,0,0,0,0,0
1,540.366,54,3.858719722839924,3.6011018679520896,1.5589856793333015,1.112736741545113,0.6755333612973767,0.9902879008662823,0.4974912479267198,0.4902283563494777,0.08751019532536694,100.846,100.846,34.7302,0,1,0,0,0,0,0,0,0.0,0.0,0.0,0.0,0.0,0.0,0.0,0.0,144.3879,100.846,31.64945,0.20052346171214896,0.4974912479267198,0.15589856793333015,0.0,0.0,0,0.0,0.0,0,0,0,0,0,0,0,0,0,0,0,0,0
1,541.365,54,1.8403210960829242,-2.020419045802803,1.9077262379916633,0.34874055865836184,0.895368825015096,0.705821505284579,0.7255547759856622,0.4804230923613007,0.17704707782687654,6.60435,6.60435,33.5845,0,1,0,0,0,0,0,0,0.0,0.0,0.0,0.0,0.0,0.0,0.0,0.0,130.403935,6.60435,31.879360000000002,0.39129608551131534,0.7255547759856622,0.19077262379916632,0.0,0.0,0,0.0,0.0,0,0,0,0,0,0,0,0,0,0,0,0,0
1,542.364,54,1.488095538678589,-0.352578135539875,1.0088238080660266,0.8989024299256367,0.7813332329334435,0.4372766461889748,0.7351736688713223,0.45301729961036097,0.2551804011202209,6.60435,64.1841,32.1,0,1,0,0,0,0,0,0,0.0,0.0,0.0,0.0,0.0,0.0,0.0,0.0,122.18054499999998,6.60435,31.960769999999997,0.49217846631791795,0.7351736688713223,0.28066286679173,0.0,0.0,0,0.0,0.0,0,0,0,0,0,0,0,0,0,0,0,0,0
1,543.356,54,2.1714379487112967,0.6888532359200682,1.0090097211076925,0.00018591304166593048,0.5634615224747267,0.2894375504298941,0.7293366660578195,0.4182195520714673,0.3115265533676935,6.60435,8.44157,30.0461,0,1,0,1,0,0,0,0,0.0,0.0,0.0,0.0,0.0,0.0,0.0,0.0,108.37930200000001,6.60435,31.836180000000002,0.5930794384286873,0.7293366660578195,0.2806814580958966,0.0,0.0,0,0.0,0.0,0,0,0,0,0,0,0,0,0,0,0,0,0
1,544.356,54,1.838479330859422,-0.33295861785187464,0.08875867746198761,0.9202510436457049,0.6894229782383593,0.40273469871736817,0.7218183944794242,0.3890866619469473,0.3804688511915295,3.36953,3.36953,29.6557,0,1,1,1,1,1,1,1,1.0,1.0,1.0,0.1,0.1,0.1,0.1,0.0,94.072655,3.36953,31.6729,0.6019553061748859,0.7218183944794242,0.3727065624604671,1.0,1.0,0,0.0,0.0,0,0,0,0,0,0,0,0,0,0,0,0,0
1,545.358,54,0.09980039920195988,-1.735208514628206,0.0021282132202320348,0.08663046424175558,0.7837026497948318,0.40697735462458917,0.7216214804453203,0.3601659046177884,0.4588391161710127,3.35952,3.35952,29.6562,0,1,1,1,1,1,1,1,2.002,2.002,2.002,0.2,0.2,0.2,0.2,0.0,79.76540700000001,3.35952,31.509859999999996,0.6021681274969092,0.7216214804453203,0.38136960888464266,2.002,2.002,0,0.0,0.0,0,0,0,0,0,0,0,0,0,0,0,0,0
1,546.366,54,0.0,-0.09900833254162686,0.0,0.0021282132202320348,0.5372076794181867,0.40697735462458917,0.7216214804453203,0.3312451472886294,0.5125598841128314,3.35952,3.36016,29.6576,0,1,1,1,1,1,1,1,3.01,3.01,3.01,0.3,0.3,0.3,0.3,0.0,65.458023,3.35952,31.34706,0.6021681274969092,0.7216214804453203,0.3815824302066658,3.01,3.01,0,0.0,0.0,0,0,0,0,0,0,0,0,0,0,0,0,0
1,547.364,54,0.701402812769123,0.7028084296283797,0.04114919430957763,0.04114919430957763,0.43797243043227496,0.33352142130465945,0.7179139930972193,0.298651593293474,0.5563571271560589,3.35952,4.39075,29.4882,0,1,1,0,0,0,1,0,0.0,4.008,0.0,0.4,0.4,0.3,0.3,0.0,51.254498,3.35952,31.167700000000004,0.6062830469278669,0.7179139930972193,0.3856973496376236,4.008,3.01,0,0.0,0.0,1,0,1,0,0,0,0,1,1,1,1,0,0
1,548.365,54,4.6526020785243505,3.9472520137414864,0.5034748595843043,0.4623256652747266,0.2134759883493179,0.41368058485163184,0.6876890617077632,0.2693356945947233,0.5777047259909907,3.35952,25.1429,24.9231,0,1,0,0,0,0,0,0,0.0,0.0,0.0,0.4,0.4,0.3,0.3,0.0,39.124488,3.35952,30.531469999999995,0.6566305328862974,0.6876890617077632,0.4319299161650963,4.008,3.01,0,0.0,0.0,0,0,0,0,0,0,0,0,1,1,1,0,0
1,549.36,54,5.465156763167923,0.8166378740136407,0.11132734528504096,0.3921475142992633,0.21269975450996847,0.5257370547733906,0.7069593822901094,0.2956225473333928,0.5790178422463581,3.35952,31.4049,23.2057,0,1,0,0,0,0,0,0,0.0,0.0,0.0,0.4,0.4,0.3,0.3,0.0,25.110378,3.35952,29.70473,0.6231383736359827,0.7069593822901094,0.42651977381620376,4.008,3.01,0,0.0,0.0,0,0,0,0,0,0,0,0,1,1,1,0,0
1,550.362,55,2.2779874332641477,-3.1808077144748257,0.6101670329871328,0.49883968770209186,0.2825184062694728,0.5622780910212893,0.626494347549565,0.3237364518844573,0.5397163467435677,3.36016,4.5042,23.0278,0,1,1,1,1,1,1,1,1.002,1.002,1.002,0.5,0.5,0.4,0.4,0.0,15.476198,3.35952,28.534489999999995,0.5282565090013658,0.626494347549565,0.36513006843190166,4.008,3.01,0,0.0,0.0,0,0,0,0,0,0,0,0,1,1,1,0,0
1,551.367,55,3.5515592267710137,1.2672356154297175,0.036560347879682105,0.5736066851074507,0.2746907509450813,0.6052091123490215,0.4111175434016374,0.3539969075019084,0.47764853933656637,4.39075,7.52387,20.324,0,1,0,0,0,0,0,0,0.0,0.0,0.0,0.5,0.5,0.4,0.4,0.0,15.56815,3.35952,27.208440000000003,0.34113991999016763,0.4111175434016374,0.3876166810768106,4.008,3.01,0,0.0,0.0,0,0,0,0,0,0,0,0,1,1,1,0,0
1,552.373,55,6.597454959740564,3.027729356828579,0.07241431935338444,0.03585397147370233,0.2687395321149081,0.5958292095911201,0.34316891069685124,0.3837883679814644,0.4263891692547128,4.5042,7.43574,13.7122,0,1,0,0,0,0,0,0,0.0,0.0,0.0,0.5,0.5,0.4,0.4,0.0,9.893314,3.35952,25.36966,0.24749897111890343,0.34316891069685124,0.3013118352316171,4.008,3.01,0,0.0,0.0,0,0,0,0,0,0,0,0,1,1,1,0,0
1,553.365,55,6.742738843682037,0.14645552816680743,0.0025711082325336992,0.06984321112085073,0.2512436614557099,0.6177307042526505,0.2207772328592179,0.4146749031940969,0.3951673831528112,4.5042,14.3281,7.11746,0,1,0,0,0,0,0,0,0.0,0.0,0.0,0.5,0.5,0.4,0.4,0.0,10.481967000000001,3.35952,23.076795999999998,0.14685510983138755,0.2207772328592179,0.3082775650395356,4.008,3.01,0,0.0,0.0,0,0,0,0,0,0,0,0,1,1,1,0,0
1,554.369,55,5.312605373333451,-1.424435727438831,0.02015483418528686,0.01758372595275316,0.2594338108886058,0.6425482382396638,0.22382790874644745,0.4468023151060801,0.35216846641783583,4.5042,48.1313,2.40078,0,1,0,0,0,0,0,0,0.0,0.0,0.0,0.4,0.4,0.3,0.3,0.0,14.958144,3.35952,20.351304,0.1399947255037175,0.22382790874644745,0.2180108332702404,4.008,3.01,0,0.0,0.0,0,0,0,0,0,0,0,0,1,1,1,0,0
1,555.37,55,2.5781227142681065,-2.7317509081571876,0.0938475230928804,0.07369268890759353,0.03750428701130785,0.5673222912073252,0.21938589555217156,0.47516842966644635,0.2775486301394834,7.43574,22.6425,4.52443,1,1,0,1,0,0,0,0,0.0,0.0,0.0,0.3,0.3,0.2,0.2,0.1,16.886442,3.36016,17.838127,0.14916665649098232,0.21938589555217156,0.21671705573682418,4.008,3.01,0,0.0,0.0,0,0,0,0,0,0,0,0,1,1,1,0,0
1,556.368,55,1.924786847528262,-0.6546451570539524,0.13332708678157587,0.03947956368869547,0.053532130420740925,0.5252053391087821,0.21327971457896663,0.5014286966218855,0.22918107523973882,7.43574,15.4477,6.31484,1,1,0,1,1,0,0,0,0.0,0.0,0.0,0.2,0.2,0.1,0.1,0.2,18.095195999999998,4.39075,15.503851000000001,0.16249936516913993,0.21327971457896663,0.22045219078367057,4.008,1.002,0,0.0,0.0,0,0,0,0,0,0,0,0,1,1,1,0,0
1,557.373,55,1.7603787077565893,-0.1635901888275349,0.00264829310657937,0.1306787936749965,0.05968066519575259,0.48655370285802246,0.21604330820733603,0.5257563817647866,0.19135189871608657,12.0289,12.0289,8.06503,1,1,0,1,1,0,0,0,0.0,0.0,0.0,0.1,0.1,0.1,0.1,0.3,18.859011000000002,4.5042,13.361534,0.15864927504884008,0.21604330820733603,0.22940515072021245,1.002,1.002,0,0.0,0.0,0,0,0,0,0,0,0,0,1,1,1,0,0
1,558.371,55,1.7727260534021765,0.012372089825237624,0.0004068925220357605,0.0022414005845436094,0.0601214883848424,0.4517679186374435,0.18284803317377105,0.5483447776966588,0.176016448719639,9.83829,9.83829,9.83502,1,1,0,1,1,0,0,0,0.0,0.0,0.0,0.1,0.1,0.1,0.1,0.4,17.32855,4.5042,11.852726,0.10834247834261324,0.18284803317377105,0.1833967242511941,1.002,1.002,0,0.0,0.0,0,0,0,0,0,0,0,0,1,1,1,0,0
1,559.371,55,1.2041594578798338,-0.5685665955223427,0.003086718181464257,0.0026798256594284964,0.06267546847807437,0.4348648658464969,0.1858311334400455,0.5200880772388887,0.1610140201164496,8.80578,8.80578,10.9893,1,1,0,1,1,0,0,0,0.0,0.0,0.0,0.1,0.1,0.1,0.1,0.5,15.068638000000002,4.5042,10.631086,0.09751841563225555,0.1858311334400455,0.14444995538721064,1.002,1.002,0,0.0,0.0,0,0,0,0,0,0,0,0,1,1,1,0,0
1,560.378,56,0.0,-1.1957889353325064,2.092693570550846e-08,0.0030866972545285512,0.058954427064264646,0.5170457722671608,0.0474572855545983,0.4964259708089327,0.13865762219592878,8.80578,8.8069,10.9874,1,1,0,1,1,0,0,0,0.0,0.0,0.0,0.0,0.0,0.0,0.0,0.6,15.498908,7.43574,9.427046,0.03650171442623584,0.0474572855545983,0.09487465634245432,0.0,0.0,0,0.0,0.0,0,0,0,0,0,0,0,0,1,1,1,0,0
1,561.372,56,0.0,0.0,2.120062802358855e-08,2.736923180800895e-10,0.0015134519364557284,0.5071462763968598,0.04884038628437508,0.4864922093645466,0.11133989229506625,8.79344,8.79344,11.0007,1,1,0,1,1,0,0,0,0.0,0.0,0.0,0.0,0.0,0.0,0.0,0.7,15.625865,7.43574,8.494716,0.032845681758330435,0.04884038628437508,0.03751398785907847,0.0,0.0,0,0.0,0.0,0,0,0,0,0,0,0,0,1,1,1,0,0
1,562.374,56,0.0,0.0,0.006497553079044999,0.006497531878416975,0.002826072697447967,0.4951869492126509,0.04733156661940858,0.4893877245157305,0.08474854635332023,8.79344,8.79357,10.9868,1,1,0,1,1,0,0,0,0.0,0.0,0.0,0.0,0.0,0.0,0.0,0.8,15.761648000000003,8.79344,8.222176000000001,0.026254005130896492,0.04733156661940858,0.03457834389954993,0.0,0.0,0,0.0,0.0,0,0,0,0,0,0,0,0,1,1,1,0,0
1,563.378,56,1.199362013976203,1.1945836792591662,0.09172585567467627,0.08522830259563127,0.04003944478041346,0.4876856987284665,0.05065495642833534,0.49930013193065903,0.06362812468579059,8.79344,8.83456,11.0082,1,1,0,1,1,0,0,0,0.0,0.0,0.0,0.0,0.0,0.0,0.0,0.9,15.212294,8.79344,8.61125,0.03516947987511075,0.05065495642833534,0.03611685304702798,0.0,0.0,0,0.0,0.0,0,0,0,0,0,0,0,0,1,1,1,0,0
1,564.378,56,0.0,-1.199362013976203,0.0,0.09172585567467627,0.0403927021089895,0.48608615017185924,0.05170874898269709,0.5034677045033835,0.041724013807828954,8.79344,8.83896,11.0044,1,1,0,0,0,0,0,0,0.0,0.0,0.0,0.0,0.0,0.0,0.0,1.0,11.283059999999999,8.79344,9.471612,0.03315399645658206,0.05170874898269709,0.0435310660192203,0.0,0.0,0,0.0,0.0,0,0,0,0,0,0,0,0,1,1,1,0,0
1,565.388,56,0.0,0.0,1.3719423309362728,1.3719423309362728,0.6038220220626066,0.4868689862890853,0.4280942288629572,0.5074622860866084,0.09835578731295883,8.79344,78.3225,11.005,1,1,0,0,0,0,0,0,0.0,0.0,0.0,0.0,0.0,0.0,0.0,1.0,16.85106,8.79344,10.119669,0.1609634772409213,0.4280942288629572,0.17335603022208823,0.0,0.0,0,0.0,0.0,0,0,0,0,0,0,0,0,1,1,1,0,0
1,566.385,56,0.10030090270848926,0.1006027108410123,0.112899994114211,1.2590423368220618,0.5920744453555016,0.48364381112691507,0.4282894427309509,0.5112956089117248,0.1522100188064349,8.79357,84.6815,11.0483,1,1,0,0,0,0,0,0,0.0,0.0,0.0,0.0,0.0,0.0,0.0,1.0,23.77444,8.79344,10.593015,0.1589207679741848,0.4282894427309509,0.29531230753542487,0.0,0.0,0,0.0,0.0,0,0,0,0,0,0,0,0,1,1,1,0,0
1,567.384,56,2.702702702703431,2.6050068068017436,1.6337693349747273,1.5208693408605163,0.7923595534299486,0.4098800139728687,0.6267719986524339,0.5151135385451352,0.22547790762985448,7.4716,7.4716,12.953,1,1,0,0,0,0,0,0,0.0,0.0,0.0,0.0,0.0,0.0,0.0,1.0,23.318710000000003,7.4716,11.081812,0.32203287216099963,0.6267719986524339,0.43433136225397684,0.0,0.0,0,0.0,0.0,0,0,0,0,0,0,0,0,1,1,1,0,0
1,568.384,56,0.6082763270097805,-2.0944263756936503,0.09622287373128417,1.537546461243443,0.791580860293508,0.3421754310629604,0.6220233167333392,0.5115382808557016,0.2986238448207211,7.4716,7.91274,13.4331,1,1,0,1,1,0,0,0,0.0,0.0,0.0,0.0,0.0,0.0,0.0,1.0,23.126155,7.4716,11.44162,0.3316144702819245,0.6220233167333392,0.5878618683198668,0.0,0.0,0,0.0,0.0,0,0,0,0,0,0,0,0,1,1,1,0,0
1,569.384,56,0.0,-0.6082763270097805,0.0,0.09622287373128417,0.791580860293508,0.29456125813297235,0.6222051983118647,0.4999794910236807,0.37151438400226444,7.4716,7.89051,13.4265,1,1,0,1,1,0,0,0,0.0,0.0,0.0,0.0,0.0,0.0,0.0,1.0,23.034628,7.4716,11.68534,0.33130579846377806,0.6222051983118647,0.5972161731270523,0.0,0.0,0,0.0,0.0,0,0,0,0,0,0,0,0,1,1,1,0,0
1,570.624,57,0.0,0.0,6.5644423249018e-07,6.5644423249018e-07,0.7092172924884701,0.28702875254179006,0.6222051607125545,0.4862170240997058,0.43654067054468493,7.4716,7.90559,13.431,1,1,0,1,1,0,0,0,0.0,0.0,0.0,0.0,0.0,0.0,0.0,1.0,22.944497,7.4716,11.9297,0.3313058620155077,0.6222051607125545,0.5969075690460227,0.0,0.0,0,0.0,0.0,0,0,0,0,0,0,0,0,1,1,1,0,0
1,571.631,57,0.0,0.0,8.0833252064332e-07,1.5188828815314e-07,0.7210903998937779,0.21992743748511473,0.6222051141432196,0.46695294035651047,0.5084983653404171,3.80055,3.80055,14.1093,1,1,1,1,1,1,0,0,1.007,0.0,0.0,0.1,0.0,0.1,0.0,1.0,22.445208,3.80055,12.24056,0.33130594072869696,0.6222051141432196,0.5969075842074824,0.0,0.0,0,0.0,0.0,0,0,0,0,0,0,0,0,1,1,1,0,0
1,572.633,57,0.0,0.0,0.0,8.0833252064332e-07,0.043032013565274224,0.051986148968341916,0.6225852688096226,0.43976078732537144,0.5125189594271998,3.75953,3.75953,14.1169,1,1,1,1,1,1,0,0,2.009,0.0,0.0,0.2,0.0,0.2,0.0,1.0,21.941803999999998,3.75953,12.55357,0.33065618542079245,0.6225852688096226,0.5962579118528928,0.0,0.0,0,0.0,0.0,0,0,0,0,0,0,0,0,1,1,1,0,0
1,573.629,57,0.0,0.0,0.0,0.0,4.043256121233408e-07,0.33548808506197886,0.6271555008017697,0.42564865636583793,0.5085150553817197,3.75953,3.75953,14.1169,1,1,1,1,1,1,0,0,3.005,0.0,0.0,0.3,0.0,0.3,0.0,1.0,21.434300999999998,3.75953,12.864439999999998,0.32148359985332486,0.6271555008017697,0.5877350815933295,0.0,0.0,0,0.0,0.0,0,0,0,0,0,0,0,0,1,1,1,0,0
1,574.628,57,2.7322010211404764,2.7349359570975738,0.05377229861622573,0.05377229861622573,0.024047539238281457,0.6023427774299349,0.6243169324682268,0.4236383833253514,0.5068805390946489,3.75953,8.20176,12.1831,1,1,0,0,0,0,0,0,0.0,0.0,0.0,0.3,0.0,0.3,0.0,1.0,21.370581,3.75953,12.982310000000002,0.32686082971494745,0.6243169324682268,0.5839397258874846,0.0,0.0,0,0.0,0.0,0,0,0,0,0,0,0,0,1,1,1,0,0
1,575.635,57,3.917196211184599,1.1767578848501714,1.6235759391829847,1.569803640566759,0.7204495689986269,0.44987633888857564,0.6741980811095823,0.417766085709414,0.5185432937882509,3.75953,120.656,11.527,0,1,0,0,0,0,0,0,0.0,0.0,0.0,0.3,0.0,0.3,0.0,0.9,25.603931,3.75953,13.034510000000001,0.3520241905396186,0.6741980811095823,0.6037258568505331,0.0,0.0,0,0.0,0.0,0,0,0,0,0,0,0,0,1,1,1,0,0
1,576.636,57,6.793941525319425,2.873871442692134,0.017271876861009797,1.6063040623219749,0.7184777556613148,0.5768134699976475,0.6786302977863846,0.42034649225385723,0.5311836248188322,3.75953,138.922,16.7948,0,1,0,0,0,0,0,0,0.0,0.0,0.0,0.3,0.0,0.3,0.0,0.8,31.027981,3.75953,13.609159999999997,0.3424613788142985,0.6786302977863846,0.6384520294005245,0.0,0.0,0,0.0,0.0,0,0,0,0,0,0,0,0,1,1,1,0,0
1,577.669,57,3.291385006548696,-3.3906645873869596,0.26758516280861394,0.25031328594760416,0.696552316285842,0.6070953853926115,0.5051222096917755,0.4263735763805867,0.5216029011044215,3.75953,165.332,18.0007,0,1,0,0,0,0,0,0,0.0,0.0,0.0,0.3,0.0,0.3,0.0,0.7,46.814021,3.75953,14.11393,0.20584296159768717,0.5051222096917755,0.5113964239092332,0.0,0.0,0,0.0,0.0,0,0,0,0,0,0,0,0,1,1,1,0,0
1,578.639,57,3.101365412976299,-0.19589648821896594,1.101995945683319,0.8344107828747052,0.7154228932224348,0.6742484997919062,0.5760258173718797,0.43749760543830984,0.5139871043973142,8.20176,130.854,20.9356,0,1,0,0,0,0,0,0,0.0,0.0,0.0,0.3,0.0,0.3,0.0,0.6,59.108146999999995,3.75953,14.86418,0.30642026879289064,0.5760258173718797,0.4410828560723594,0.0,0.0,0,0.0,0.0,0,0,0,0,0,0,0,0,1,1,1,0,0
1,579.636,57,0.20060183049220265,-2.909492058660076,0.14506343778732925,0.9569325078959898,0.6985540463930818,0.6885370510469724,0.5692382811166028,0.45018121469833366,0.5046844230072716,120.656,123.148,20.8552,0,1,0,0,0,0,0,0,0.0,0.0,0.0,0.3,0.0,0.3,0.0,0.5,70.63389600000001,3.75953,15.607049999999997,0.3209266125716236,0.5692382811166028,0.52715381948883,0.0,0.0,0,0.0,0.0,0,0,0,0,0,0,0,0,1,1,1,0,0
1,580.645,58,1.225899758074105,1.0161525545905872,0.27296988649559506,0.1279064487082658,0.42729622136229606,0.610711993422995,0.5585840376843169,0.4548645257561253,0.47649231589465424,108.344,108.344,19.6592,0,1,0,1,1,0,0,0,0.0,0.0,0.0,0.3,0.0,0.3,0.0,0.4,80.67773700000001,3.75953,16.22987,0.34822353557675984,0.5585840376843169,0.5399443987152334,0.0,0.0,0,0.0,0.0,0,0,0,0,0,0,0,0,1,1,1,0,0
1,581.643,58,0.31686188507028856,-0.9108595921881927,0.0003084626920438739,0.2726614238035512,0.43076074644057405,0.6149578706328506,0.5585627354705677,0.46025510546792486,0.44745935054933383,108.044,108.044,19.9942,0,1,0,1,1,0,0,0,0.0,0.0,0.0,0.2,0.0,0.2,0.0,0.3,91.10208200000001,3.75953,16.81836,0.3482543010127121,0.5585627354705677,0.5672105259067596,0.0,0.0,0,0.0,0.0,0,0,0,0,0,0,0,0,1,1,1,0,0
1,582.639,58,0.0,-0.3181344227613339,9.65515551317728e-05,0.00021191113691210108,0.46032788481898634,0.6149578706328506,0.5585560475715301,0.4662436515389349,0.48918893767470506,108.026,108.026,20.0087,0,1,0,0,0,0,0,0,0.0,0.0,0.0,0.1,0.0,0.1,0.0,0.2,101.528729,3.75953,17.40754,0.3482639561682253,0.5585560475715301,0.5672316361871987,0.0,0.0,0,0.0,0.0,0,0,0,0,0,0,0,0,1,1,1,0,0
1,583.64,58,3.0036576551633534,3.0006569981651885,2.1852678841679762,2.1851713326128444,0.9374292734841622,0.6233691414888269,0.7876561432694922,0.47302782367695295,0.58293182459056,108.026,126.3,23.0161,0,1,0,0,0,0,0,0,0.0,0.0,0.0,0.0,0.0,0.0,0.0,0.1,113.78277599999998,8.20176,18.297459999999997,0.5667907445850229,0.7876561432694922,0.7857487694484832,0.0,0.0,0,0.0,0.0,0,0,0,0,0,0,0,0,1,1,1,0,0
1,584.688,58,3.2416511674666193,0.22709304609090258,0.3107166153815518,1.8745512687864245,0.9236588800062414,0.6582805372761945,0.7731180588171521,0.4816375430321697,0.672892958667356,108.026,113.52,25.3845,0,1,0,0,0,0,0,0,0.0,0.0,0.0,0.0,0.0,0.0,0.0,0.0,124.3146,108.026,19.6176,0.5924851762615556,0.7731180588171521,0.9678266664655031,0.0,0.0,0,0.0,0.0,0,0,0,0,0,0,0,0,1,1,1,0,0
1,585.65,58,3.437787100809599,0.20388350659353405,1.425492976348042,1.11477636096649,0.9782303432012309,0.6830922945711623,0.7458204984690276,0.4914487084462736,0.6986710360876165,40.2436,40.2436,27.59,0,1,0,0,0,0,0,0,0.0,0.0,0.0,0.0,0.0,0.0,0.0,0.0,116.27336,40.2436,21.2239,0.5726768799780613,0.7458204984690276,0.9223239385054761,0.0,0.0,0,0.0,0.0,0,0,0,0,0,0,0,0,1,1,1,0,0
1,586.644,58,3.4243892948376677,-0.013478678040172332,2.0362095574756762,0.6107165811276343,0.9938665766309922,0.714206830418755,0.845384605978224,0.5029768594108656,0.7262099181845841,40.2436,158.293,30.8311,0,1,0,0,0,0,0,0,0.0,0.0,0.0,0.0,0.0,0.0,0.0,0.0,118.21046000000001,40.2436,22.62753,0.7745706480395279,0.845384605978224,0.8227651903860421,0.0,0.0,0,0.0,0.0,0,0,0,0,0,0,0,0,1,1,1,0,0
1,587.647,58,4.379393227150221,0.952147489843024,0.12013530897448095,1.9160742485011952,0.9587189024496684,0.8331749151606014,0.8564236602852455,0.5241416044702522,0.7524265768009669,40.2436,154.203,34.8743,0,1,0,0,0,0,0,0,0.0,0.0,0.0,0.0,0.0,0.0,0.0,0.0,117.09756,40.2436,24.31489,0.7598256626561146,0.8564236602852455,0.9893412866414012,0.0,0.0,0,0.0,0.0,0,0,0,0,0,0,0,0,1,1,1,0,0
1,588.645,58,6.4677829917560645,2.092574914434713,0.1981748935761117,0.07803958460163075,0.8633679484567925,0.8740563752869811,0.863959567435204,0.5507356516814532,0.7672210823244027,40.2436,169.561,40.7972,0,1,0,0,0,0,0,0,0.0,0.0,0.0,0.0,0.0,0.0,0.0,0.0,120.96825999999999,40.2436,26.301049999999996,0.6694435574453939,0.863959567435204,0.9137041668140938,0.0,0.0,0,0.0,0.0,0,0,0,0,0,0,0,0,1,1,1,0,0
1,589.647,58,6.635755848751269,0.1676375818315413,0.23731016258716314,0.03913526901105144,0.8747034964549824,0.889076414274211,0.858211902264812,0.5804614094885151,0.7848360273305927,40.2436,173.001,46.7638,0,1,0,0,0,0,0,0,0.0,0.0,0.0,0.0,0.0,0.0,0.0,0.0,125.95356,40.2436,28.891909999999996,0.6786682299253772,0.858211902264812,0.8219244429256,0.0,0.0,0,0.0,0.0,0,0,0,0,0,0,0,0,1,1,1,0,0
1,590.648,59,5.812376771064478,-0.8225565211656257,0.673439387051687,0.4361292244645239,0.802697815375297,0.8986054564498318,0.8464401032526656,0.6110402446839172,0.8223761867318927,133.663,133.663,52.4997,0,1,0,0,0,0,0,0,0.0,0.0,0.0,0.0,0.0,0.0,0.0,0.0,128.48546,40.2436,32.175959999999996,0.7187151799809864,0.8464401032526656,0.8527467205012259,0.0,0.0,0,0.0,0.0,0,0,0,0,0,0,0,0,1,1,1,0,0
1,591.654,59,4.57702906352999,-1.2279798285631092,1.3562100347515742,0.6827706476998872,0.5162664492083641,0.9058878730521706,0.8269483529923739,0.64533826646227,0.8309267570086718,133.663,149.105,57.0091,0,1,0,0,0,0,0,0,0.0,0.0,0.0,0.0,0.0,0.0,0.0,0.0,132.59156000000002,40.2436,35.877449999999996,0.8543053371869395,0.8269483529923739,0.8937576428908593,0.0,0.0,0,0.0,0.0,0,0,0,0,0,0,0,0,1,1,1,0,0
1,592.651,59,5.402477273743983,0.8279320062326916,0.4356146989310258,0.9205953358205484,0.4731032330725656,0.8987487754524784,0.7874892452242267,0.6876763977864768,0.8322042918340296,128.183,128.183,60.5928,0,1,0,0,0,0,0,0,0.0,0.0,0.0,0.0,0.0,0.0,0.0,0.0,134.60726,40.2436,39.93586,0.8978571519245289,0.7874892452242267,0.9857959853592231,0.0,0.0,0,0.0,0.0,0,0,0,0,0,0,0,0,1,1,1,0,0
1,593.647,59,4.91207792899306,-0.49236882003104715,0.22441508694506226,0.21119961198596351,0.4679239580592287,0.9049182091051244,0.6660711718932234,0.7161479039886341,0.7852537602915363,128.183,142.473,65.1625,0,1,0,0,0,0,0,0,0.0,0.0,0.0,0.0,0.0,0.0,0.0,0.0,136.22456000000003,40.2436,44.1505,0.7017718722022376,0.6660711718932234,0.7883988132965349,0.0,0.0,0,0.0,0.0,0,0,0,0,0,0,0,0,1,1,1,0,0
1,594.833,59,5.397002988974788,0.4088744181970722,1.050639886974776,0.8262248000297137,0.4579288562927277,0.9130579742332848,0.6588620903838363,0.7316836638288016,0.7386807579201851,73.882,73.882,70.674,0,1,0,0,0,0,0,0,0.0,0.0,0.0,0.0,0.0,0.0,0.0,0.0,132.26076,40.2436,48.679449999999996,0.7757641993615599,0.6588620903838363,0.6835661664208639,0.0,0.0,0,0.0,0.0,0,0,0,0,0,0,0,0,1,1,1,0,0
1,595.656,59,0.9489983083536844,-5.404622941216408,2.6347185947421625,1.5840787077673866,0.951757527006867,0.9016018113254343,0.8688584201344679,0.7542699374506445,0.7360334763007487,49.7817,49.7817,70.581,0,1,0,0,0,0,0,0,0.0,0.0,0.0,0.0,0.0,0.0,0.0,0.0,133.21457,49.7817,52.97855,0.896686761200972,0.8688584201344679,0.7304964011009535,0.0,0.0,0,0.0,0.0,0,0,0,0,0,0,0,0,1,1,1,0,0
1,596.651,59,5.498436526159221,4.572299716387474,1.0652279091541865,1.569490685587976,0.9441220205541606,0.7603135193951064,0.7767344725289208,0.7634449399205174,0.7310590206930654,8.85024,8.85024,65.7078,0,1,0,0,0,0,0,0,0.0,0.0,0.0,0.0,0.0,0.0,0.0,0.0,118.27029399999999,8.85024,56.46622,0.7995885963688231,0.7767344725289208,0.8263738115469877,0.0,0.0,0,0.0,0.0,0,0,0,0,0,0,0,0,1,1,1,0,0
1,597.653,59,6.675891469478188,1.1751047338512643,0.7412286841677291,0.3239992249864574,0.9006971445150319,0.597579173651911,0.7403468690690627,0.7629691293334824,0.7252568448996017,8.85024,51.3263,59.046,0,1,0,0,0,0,0,0,0.0,0.0,0.0,0.0,0.0,0.0,0.0,0.0,107.98262400000002,8.85024,58.883390000000006,0.8616979338881479,0.7403468690690627,0.6671663091955138,0.0,0.0,0,0.0,0.0,0,0,0,0,0,0,0,0,1,1,1,0,0
1,598.662,59,4.1813724136208394,-2.4722686381143197,1.13178525376591,0.39055656959818097,0.7477028660754805,0.520343215907566,0.7054189364981577,0.7552738651392654,0.7136903366614705,8.85024,119.316,55.6916,0,1,0,0,0,0,0,0,0.0,0.0,0.0,0.0,0.0,0.0,0.0,0.0,102.958124,8.85024,60.37283,0.9550589699071276,0.7054189364981577,0.6984180076951689,0.0,0.0,0,0.0,0.0,0,0,0,0,0,0,0,0,1,1,1,0,0
1,599.669,59,2.886701893365596,-1.2856708244838564,0.062041351960378875,1.0697439018055312,0.9433995019270787,0.4971935280440759,0.7270784829781237,0.7457066889891206,0.7205599372086802,8.85024,125.467,54.2337,0,1,0,0,0,0,0,0,0.0,0.0,0.0,0.0,0.0,0.0,0.0,0.0,98.204724,8.85024,61.119820000000004,0.9375320888444494,0.7270784829781237,0.8014788709746169,0.0,0.0,0,0.0,0.0,0,0,0,0,0,0,0,0,1,1,1,0,0
1,600.66,60,2.5227072532778325,-0.3673003431763508,0.011679584196482663,0.05036176776389621,0.5372778382331262,0.5205872590736514,0.7818392407396481,0.7412004522716534,0.6940179394944631,8.85024,123.346,56.3211,0,1,0,0,0,0,0,0,0.0,0.0,0.0,0.0,0.0,0.0,0.0,0.0,97.173024,8.85024,61.50196,0.8713561085589289,0.7818392407396481,0.762902125304554,0.0,0.0,0,0.0,0.0,0,0,0,0,0,0,0,0,1,1,1,0,0
1,601.658,60,1.317949169007173,-1.2071724291289174,1.1030245138157397,1.091344929619257,0.5456189096267334,0.5230818658112382,0.7683770786311598,0.7366066520305729,0.6969531855363,51.3263,174.119,57.4625,0,1,0,0,0,0,0,0,0.0,0.0,0.0,0.0,0.0,0.0,0.0,0.0,99.67442400000002,8.85024,61.54729999999999,0.8460375564653454,0.7683770786311598,0.8037595534964911,0.0,0.0,0,0.0,0.0,0,0,0,0,0,0,0,0,1,1,1,0,0
1,602.662,60,2.019757749908355,0.69901253077807,1.1821146057226235,0.07909009190688376,0.6045784660676059,0.5336839650013887,0.7602926822874534,0.7325429567489998,0.710100708835804,117.826,117.826,59.4869,0,1,0,0,0,0,0,0,0.0,0.0,0.0,0.0,0.0,0.0,0.0,0.0,98.638724,8.85024,61.436710000000005,0.9206875471445052,0.7602926822874534,0.7196090291051246,0.0,0.0,0,0.0,0.0,0,0,0,0,0,0,0,0,1,1,1,0,0
1,603.659,60,3.2479464906338302,1.2318843939071966,0.14308749532969464,1.039027110392929,0.5887633826260521,0.5484975199899219,0.7689538166086491,0.7287993756740544,0.7221846512924864,110.067,110.067,62.681,0,1,0,0,0,0,0,0,0.0,0.0,0.0,0.0,0.0,0.0,0.0,0.0,95.398124,8.85024,61.18856000000001,0.9125547879829684,0.7689538166086491,0.8023917789458211,0.0,0.0,0,0.0,0.0,0,0,0,0,0,0,0,0,1,1,1,0,0
1,604.658,60,2.3368603663528824,-0.9119981224033512,1.7416739875591751,1.5985864922294806,0.7367113021149126,0.5427073669651868,0.8125561921367747,0.723020717158504,0.7500628958747049,10.8097,10.8097,65.0107,0,1,0,0,0,0,0,0,0.0,0.0,0.0,0.0,0.0,0.0,0.0,0.0,89.090894,8.85024,60.62223,0.9816581980414083,0.8125561921367747,0.8796279481657979,0.0,0.0,0,0.0,0.0,0,0,0,0,0,0,0,0,1,1,1,0,0
1,605.672,60,0.0,-2.3045960220442625,0.0,1.7416739875591751,0.739990899027921,0.5238557266112808,0.6217446799765044,0.7150588887605099,0.7288862330768102,10.8097,10.8097,65.0107,0,1,0,0,0,0,0,0,0.0,0.0,0.0,0.0,0.0,0.0,0.0,0.0,85.19369400000001,8.85024,60.065200000000004,0.718186338567192,0.6217446799765044,0.8953874761449768,0.0,0.0,0,0.0,0.0,0,0,0,0,0,0,0,0,1,1,1,0,0
1,606.667,60,0.0,0.0,0.0,0.0,0.8015845967119393,0.5063203618465211,0.6464416050843893,0.7046645653318983,0.7146324906925882,10.8097,10.8097,65.0107,0,1,0,0,0,0,0,0,0.0,0.0,0.0,0.0,0.0,0.0,0.0,0.0,85.38964,10.8097,59.995490000000004,0.6116635476517733,0.6464416050843893,0.7384384075861792,0.0,0.0,0,0.0,0.0,0,0,0,0,0,0,0,0,1,1,1,0,0
1,607.672,60,0.0,0.0,0.0,0.0,0.7654144532185999,0.4795029294982461,0.6719278990552306,0.6869809660487805,0.7011042215629449,10.8097,10.8097,65.0107,0,1,0,0,0,0,0,0,0.0,0.0,0.0,0.0,0.0,0.0,0.0,0.0,81.33798,10.8097,60.59195999999999,0.5375406792350004,0.6719278990552306,0.7060384850875334,0.0,0.0,0,0.0,0.0,0,0,0,0,0,0,0,0,0,0,0,0,0
1,608.672,60,0.0,0.0,0.0,0.0,0.7789002861650878,0.43173881667282415,0.6558381825460533,0.6648650881180728,0.7042239635719058,10.8097,10.8097,65.0107,0,1,0,0,0,0,0,0,0.0,0.0,0.0,0.0,0.0,0.0,0.0,0.0,70.48734999999999,10.8097,61.52387,0.42436215385840936,0.6558381825460533,0.6669828281277153,0.0,0.0,0,0.0,0.0,0,0,0,0,0,0,0,0,0,0,0,0,0
1,609.674,60,0.0,0.0,0.0,0.0,0.0,0.3704044508482755,0.6599272229548248,0.6389314899467758,0.6098840133791978,10.8097,10.8097,65.0107,0,1,0,0,0,0,0,0,0.0,0.0,0.0,0.0,0.0,0.0,0.0,0.0,59.02162,10.8097,62.601569999999995,0.4181580186623715,0.6599272229548248,0.5600084379471622,0.0,0.0,0,0.0,0.0,0,0,0,0,0,0,0,0,0,0,0,0,0
1,610.668,61,0.0,0.0,0.0,0.0,0.0,0.32424319198234347,0.660736392720602,0.6102133767234015,0.5561562295558853,10.8097,10.8097,65.0107,0,1,0,0,0,0,0,0,0.0,0.0,0.0,0.0,0.0,0.0,0.0,0.0,47.76799,10.8097,63.47053,0.4169900602427233,0.660736392720602,0.5549722611707726,0.0,0.0,0,0.0,0.0,0,0,0,0,0,0,0,0,0,0,0,0,0
1,611.679,61,0.0,0.0,0.0,0.0,0.0,0.28593475251883593,0.6245642353791837,0.5792157206967348,0.5015943385932118,10.8097,10.8097,65.0107,0,1,0,0,0,0,0,0,0.0,0.0,0.0,0.0,0.0,0.0,0.0,0.0,31.437059999999995,10.8097,64.22535,0.3066876088611493,0.6245642353791837,0.4458377682088468,0.0,0.0,0,0.0,0.0,0,0,0,0,0,0,0,0,0,0,0,0,0
1,612.679,61,0.781024967590945,0.781024967590945,0.04745887758993086,0.04745887758993086,0.02122425528538536,0.18173316252536992,0.5459758951920876,0.5433649400503794,0.44325891751498975,7.45911,7.45911,65.0919,0,1,0,1,1,0,0,0,0.0,0.0,0.0,0.0,0.0,0.0,0.0,0.0,20.400371,7.45911,64.78585000000001,0.19322203604788007,0.5459758951920876,0.4426746467771515,0.0,0.0,0,0.0,0.0,0,0,0,0,0,0,0,0,0,0,0,0,0
1,613.671,61,0.5140140638703125,-0.26916421746031505,0.0120141391151037,0.03544473847482716,0.020550405455693827,0.11877427894320675,0.5488788482437078,0.5040577435422835,0.38643761979795394,7.45911,7.78883,65.4285,0,1,0,0,0,0,0,0,0.0,0.0,0.0,0.0,0.0,0.0,0.0,0.0,10.172554,7.45911,65.0606,0.18011470042642097,0.5488788482437078,0.3423164095853414,0.0,0.0,0,0.0,0.0,0,0,0,0,0,0,0,0,0,0,0,0,0
1,614.675,61,0.0,-0.5119661990740164,0.0,0.0120141391151037,0.020550405455693827,0.16806575447118688,0.015066447746079016,0.4668081325541785,0.3148215301320321,7.45911,7.78883,65.4285,0,1,0,0,0,0,0,0,0.0,0.0,0.0,0.0,0.0,0.0,0.0,0.0,9.870467000000001,7.45911,65.10238000000001,0.005947301670503455,0.015066447746079016,0.18365917427390369,0.0,0.0,0,0.0,0.0,0,0,0,0,0,0,0,0,0,0,0,0,0
1,615.683,61,0.0,0.0,0.0,0.0,0.020550405455693827,0.16376363451146392,0.015066447746079016,0.42991622371348004,0.2428774807748094,7.45911,7.78883,65.4285,0,1,0,0,0,0,0,0,0.0,0.0,0.0,0.0,0.0,0.0,0.0,0.0,9.56838,7.45911,65.14416,0.005947301670503455,0.015066447746079016,0.009491775517986172,0.0,0.0,0,0.0,0.0,0,0,0,0,0,0,0,0,0,0,0,0,0
1,616.681,61,0.0,0.0,0.0,0.0,0.020550405455693827,0.1236802838897092,0.015066447746079016,0.3980845619382102,0.16477406164918484,7.45911,7.78883,65.4285,0,1,0,0,0,0,0,0,0.0,0.0,0.0,0.0,0.0,0.0,0.0,0.0,9.266293000000001,7.45911,65.18593999999999,0.005947301670503455,0.015066447746079016,0.009491775517986172,0.0,0.0,0,0.0,0.0,0,0,0,0,0,0,0,0,0,0,0,0,0
1,617.678,61,0.10030090270848926,0.1006027108410123,0.004388992793530543,0.004388992793530543,0.005239042115127464,0.360552578484532,0.014937321761985908,0.3862332321798413,0.08875652053883759,7.78883,8.02835,65.5085,0,1,0,0,0,0,0,0,0.0,0.0,0.0,0.0,0.0,0.0,0.0,0.0,8.988158,7.45911,65.23572,0.00638620094985651,0.014937321761985908,0.009930674797339226,0.0,0.0,0,0.0,0.0,0,0,0,0,0,0,0,0,0,0,0,0,0
1,618.678,61,1.999999999999636,1.8996990972911467,0.2909562482380614,0.2865672554445308,0.1296428163903695,0.6630094515190565,0.09097123272096783,0.39336654396041576,0.023830773561365766,7.78883,8.15524,67.3174,0,1,0,1,1,0,0,0,0.0,0.0,0.0,0.0,0.0,0.0,0.0,0.0,8.722711999999998,7.45911,65.46639,0.03548182577366264,0.09097123272096783,0.03858740034179231,0.0,0.0,0,0.0,0.0,0,0,0,0,0,0,0,0,0,0,0,0,0
1,619.682,61,0.09960159362404862,-1.8928270979836528,0.0200783568164507,0.2708778914216107,0.1276514128819948,0.88206448696407,0.09032034316155578,0.41261009190641545,0.036595914849565245,7.78883,9.22846,67.3127,0,1,0,1,1,0,0,0,0.0,0.0,0.0,0.0,0.0,0.0,0.0,0.0,8.564587999999999,7.45911,65.69658999999999,0.03748966145530772,0.09032034316155578,0.06567518948395337,0.0,0.0,0,0.0,0.0,0,0,0,0,0,0,0,0,0,0,0,0,0
1,620.678,62,1.2089954396383873,1.1138492429862838,0.032227614183622195,0.012149257367171495,0.12444304734446805,0.719595405953962,0.08940434491880743,0.42256049925043104,0.04904021958401205,7.53171,7.53171,66.1428,0,1,0,0,0,0,0,0,0.0,0.0,0.0,0.0,0.0,0.0,0.0,0.0,8.236788999999998,7.45911,65.8098,0.04071242287366994,0.08940434491880743,0.06689011522067052,0.0,0.0,0,0.0,0.0,0,0,0,0,0,0,0,0,0,0,0,0,0
1,621.683,62,5.917341609160683,4.684921561713727,0.09044491092654174,0.05821729674291954,0.11822774684611354,0.147598791019056,0.0894029721191784,0.40378634551082193,0.060862994268623405,2.70689,2.70689,60.1971,0,1,1,0,0,0,1,0,0.0,1.005,0.0,0.1,0.1,0.0,0.0,0.0,7.426508,2.70689,65.32844,0.04975691396632411,0.0894029721191784,0.07271184489496248,1.005,0.0,0,0.0,0.0,0,0,0,0,0,0,0,0,0,0,0,0,0
1,622.687,62,0.22271593401311301,-5.671937923453755,0.026120861893422963,0.06432404903311878,0.11475138648368724,0.05441101563861686,0.08971799875703286,0.37982269804268326,0.07021570738845359,1.19321,1.19321,60.4765,0,1,1,0,0,0,1,0,0.0,2.009,0.0,0.2,0.2,0.0,0.0,0.0,6.799918,1.19321,64.8669,0.04762311239667333,0.08971799875703286,0.07439836203928127,2.009,0.0,0,0.0,0.0,0,0,0,0,0,0,0,0,0,0,0,0,0
1,623.685,62,1.9913043844264433,1.7721327158450202,1.2117219095456027,1.1856010476521797,0.5237763262589116,0.28404545579466806,0.37747288509109983,0.3666000948329206,0.12053829946877537,1.19321,67.8961,58.4247,0,1,0,1,1,0,0,0,0.0,0.0,0.0,0.2,0.2,0.0,0.0,0.0,12.810645,1.19321,64.16652,0.16759388943972323,0.37747288509109983,0.18941399295701652,2.009,0.0,0,0.0,0.0,0,0,0,0,0,0,0,0,0,0,0,0,0
1,624.69,62,0.41059968845002986,-1.5728404935088693,0.013442029963369783,1.198279879582233,0.5245951123679584,0.5279499347082691,0.37683315288164887,0.36586222322007467,0.17094277016000184,1.19321,68.7157,58.066,0,1,0,1,1,0,0,0,0.0,0.0,0.0,0.2,0.2,0.0,0.0,0.0,18.903332,1.19321,63.43026999999999,0.1689380924360602,0.37683315288164887,0.3080405670037295,2.009,0.0,0,0.0,0.0,0,0,0,0,0,0,0,0,0,0,0,0,0
1,625.693,62,0.0,-0.40937157372884336,0.0,0.013442029963369783,0.5285039099646485,0.5279499347082691,0.37683315288164887,0.36606693362492415,0.22173812061089732,1.19321,68.7157,58.066,0,1,0,1,1,0,0,0,0.0,0.0,0.0,0.2,0.2,0.0,0.0,0.0,24.996019,1.19321,62.69402,0.1689380924360602,0.37683315288164887,0.3093847700000664,2.009,0.0,0,0.0,0.0,0,0,0,0,0,0,0,0,0,0,0,0,0
1,626.684,62,0.0,0.0,0.0,0.0,0.5375849334812842,0.5279499347082691,0.37683315288164887,0.36714841226801154,0.2734415734134563,1.19321,68.7157,58.066,0,1,0,1,1,0,0,0,0.0,0.0,0.0,0.2,0.2,0.0,0.0,0.0,31.088706000000002,1.19321,61.957770000000004,0.1689380924360602,0.37683315288164887,0.3093847700000664,2.009,0.0,0,0.0,0.0,0,0,0,0,0,0,0,0,0,0,0,0,0
1,627.688,62,0.0,0.0,0.0,0.0,0.5404269928740951,0.5279499347082691,0.3770485928827139,0.3695707625285127,0.32696036848935306,67.8961,68.7157,58.066,0,1,0,1,1,0,0,0,0.0,0.0,0.0,0.2,0.2,0.0,0.0,0.0,37.157441,1.19321,61.21352,0.16849919315670714,0.3770485928827139,0.3089458707207134,2.009,0.0,0,0.0,0.0,0,0,0,0,0,0,0,0,0,0,0,0,0
1,628.692,62,0.0,0.0,0.0,0.0,0.006011458550741926,0.5279499347082691,0.3777743986487611,0.37438131843028494,0.3145972327053903,68.7157,68.7157,58.066,0,1,0,1,1,0,0,0,0.0,0.0,0.0,0.2,0.2,0.0,0.0,0.0,43.213487,1.19321,60.28838,0.139403568332901,0.3777743986487611,0.2802891451762603,2.009,0.0,0,0.0,0.0,0,0,0,0,0,0,0,0,0,0,0,0,0
1,629.694,62,0.0,0.0,0.0,0.0,7.869882407204979e-09,0.5279499347082691,0.3785316662504609,0.3822585926232846,0.3018320922041791,68.7157,68.7157,58.066,0,1,0,1,1,0,0,0,0.0,0.0,0.0,0.2,0.2,0.0,0.0,0.0,49.162211,1.19321,59.363710000000005,0.13739573265125593,0.3785316662504609,0.2532013560340992,2.009,0.0,0,0.0,0.0,0,0,0,0,0,0,0,0,0,0,0,0,0
1,630.694,63,0.0,0.0,0.0,0.0,7.869882407204979e-09,0.5279499347082691,0.37966204174623946,0.39244392975958087,0.2893877882567205,68.7157,68.7157,58.066,0,1,0,1,1,0,0,0,0.0,0.0,0.0,0.2,0.2,0.0,0.0,0.0,55.28061,1.19321,58.55603000000001,0.1341729712328937,0.37966204174623946,0.2519864302973821,2.009,0.0,0,0.0,0.0,0,0,0,0,0,0,0,0,0,0,0,0,0
1,631.69,63,0.0,0.0,0.0,0.0,7.869882407204979e-09,0.5279499347082691,0.38189027048884155,0.4045446888690526,0.2775650143590974,68.7157,68.7157,58.066,0,1,0,1,1,0,0,0,0.0,0.0,0.0,0.1,0.1,0.0,0.0,0.0,61.881491,1.19321,58.34292000000001,0.12512848014023953,0.38189027048884155,0.24616470062309012,2.009,0.0,0,0.0,0.0,0,0,0,0,0,0,0,0,0,0,0,0,0
1,632.692,63,0.0,0.0,0.0,0.0,7.869882407204979e-09,0.5606920740354308,0.38273112209415494,0.42349263444455565,0.2660898764977169,68.7157,68.7157,58.066,0,1,0,1,1,0,0,0,0.0,0.0,0.0,0.0,0.0,0.0,0.0,0.0,68.63374,67.8961,58.10187,0.12251639395089724,0.38273112209415494,0.23973229571977822,0.0,0.0,0,0.0,0.0,0,0,0,0,0,0,0,0,0,0,0,0,0
1,633.693,63,0.0,0.0,0.0,0.0,7.869882407204979e-09,0.6137814672194023,0.004250743105979969,0.4482429938583654,0.21371224465881405,68.7157,68.7157,58.066,0,1,0,1,1,0,0,0,0.0,0.0,0.0,0.0,0.0,0.0,0.0,0.0,68.7157,68.7157,58.066,0.0013442029963369783,0.004250743105979969,0.12117219095456026,0.0,0.0,0,0.0,0.0,0,0,0,0,0,0,0,0,0,0,0,0,0
1,634.693,63,0.0,0.0,0.0,0.0,7.869882407204979e-09,0.6137814672194023,0.0,0.4705287794957762,0.1612527342090064,68.7157,68.7157,58.066,0,1,0,1,1,0,0,0,0.0,0.0,0.0,0.0,0.0,0.0,0.0,0.0,68.7157,68.7157,58.066,0.0,0.0,0.0013442029963369783,0.0,0.0,0,0.0,0.0,0,0,0,0,0,0,0,0,0,0,0,0,0
1,635.706,63,0.0,0.0,0.0,0.0,7.869882407204979e-09,0.6137814672194023,0.0,0.4930296711311731,0.10840234399952982,68.7157,68.7157,58.066,0,1,0,1,1,0,0,0,0.0,0.0,0.0,0.0,0.0,0.0,0.0,0.0,68.7157,68.7157,58.066,0.0,0.0,0.0,0.0,0.0,0,0.0,0.0,0,0,0,0,0,0,0,0,0,0,0,0,0
1,636.708,63,0.0,0.0,0.0,0.0,7.869882407204979e-09,0.6137814672194023,0.0,0.5175347302976577,0.05464385143838964,68.7157,68.7157,58.066,0,1,0,1,1,0,0,0,0.0,0.0,0.0,0.0,0.0,0.0,0.0,0.0,68.7157,68.7157,58.066,0.0,0.0,0.0,0.0,0.0,0,0.0,0.0,0,0,0,0,0,0,0,0,0,0,0,0,0
1,637.699,63,0.0,0.0,0.0,0.0,7.869882407204979e-09,0.6259571825968774,0.0,0.5308049605032751,0.0006011529379683591,68.7157,68.7157,58.066,0,1,0,1,1,0,0,0,0.0,0.0,0.0,0.0,0.0,0.0,0.0,0.0,68.7157,68.7157,58.066,0.0,0.0,0.0,0.0,0.0,0,0.0,0.0,0,0,0,0,0,0,0,0,0,0,0,0,0
1,638.704,63,0.0,0.0,0.0,0.0,7.869882407204979e-09,0.9459325484897738,0.0,0.5449511153518108,7.869882407204979e-09,68.7157,68.7157,58.066,0,1,0,1,1,0,0,0,0.0,0.0,0.0,0.0,0.0,0.0,0.0,0.0,68.7157,68.7157,58.066,0.0,0.0,0.0,0.0,0.0,0,0.0,0.0,0,0,0,0,0,0,0,0,0,0,0,0,0
1,639.702,63,0.1002054106967636,0.1004062231430497,0.2077450275861542,0.2077450275861542,0.09290640073404231,0.9441958155609573,0.06569474597467592,0.5480576817816551,0.009290647156298399,68.7157,80.595,57.982,0,1,0,0,0,0,0,0,0.0,0.0,0.0,0.0,0.0,0.0,0.0,0.0,69.90362999999999,68.7157,58.0576,0.02077450275861542,0.06569474597467592,0.02077450275861542,0.0,0.0,0,0.0,0.0,0,0,0,0,0,0,0,0,0,0,0,0,0
1,640.71,64,2.8408608211851876,2.718904177071849,2.5633395541759127,2.3555945265897584,1.1267304152539828,0.9475259195452301,0.80594848819137,0.5594542074612185,0.12196368789470843,68.7157,130.984,55.1757,0,1,0,0,0,0,0,0,0.0,0.0,0.0,0.0,0.0,0.0,0.0,0.0,76.13046,68.7157,57.76857,0.2771084581762067,0.80594848819137,0.2563339554175913,0.0,0.0,0,0.0,0.0,0,0,0,0,0,0,0,0,0,0,0,0,0
1,641.708,64,3.0590641825893696,0.21864064268956118,0.6369269261915305,1.9264126279843823,1.0835860704310132,0.6781365091103068,0.8067830034541792,0.5859810933657812,0.23032229415082153,68.7157,170.518,55.1234,0,1,0,0,0,0,0,0,0.0,0.0,0.0,0.0,0.0,0.0,0.0,0.0,86.31069,68.7157,57.47430999999999,0.3408011507953598,0.8067830034541792,0.4489752182160295,0.0,0.0,0,0.0,0.0,0,0,0,0,0,0,0,0,0,0,0,0,0
1,642.704,64,1.9286528221642034,-1.1349511650855082,0.7171737706528806,0.08024684446135011,1.0161755601941378,0.4191009584530077,0.8049959582249563,0.6042155905065008,0.33193984938324705,68.7157,129.36,57.0122,0,1,0,0,0,0,0,0,0.0,0.0,0.0,0.0,0.0,0.0,0.0,0.0,92.37512000000001,68.7157,57.36893,0.41251852786064785,0.8049959582249563,0.45699990266216456,0.0,0.0,0,0.0,0.0,0,0,0,0,0,0,0,0,0,0,0,0,0
1,643.707,64,0.359508551208337,-1.5644509182012627,0.03459189484367153,0.682581875809209,1.00924837945712,0.28906182333502217,0.8030984289351519,0.6044664088835184,0.43286468654197086,80.595,127.197,57.4082,0,1,0,1,0,0,0,0,0.0,0.0,0.0,0.0,0.0,0.0,0.0,0.0,98.22325,68.7157,57.30315,0.41597771734501493,0.8030984289351519,0.5252580902430855,0.0,0.0,0,0.0,0.0,0,0,0,0,0,0,0,0,0,0,0,0,0
1,644.715,64,1.1311420754309043,0.7655094486334992,0.16013337685560575,0.1255414820119342,1.0168065249773834,0.1813602439661137,0.7954424606900348,0.5871369243464106,0.5345453382527209,116.895,116.895,56.9531,0,1,0,0,0,0,0,0,0.0,0.0,0.0,0.0,0.0,0.0,0.0,0.0,103.04118000000001,68.7157,57.19186,0.43199105503057555,0.7954424606900348,0.5378122384442788,0.0,0.0,0,0.0,0.0,0,0,0,0,0,0,0,0,0,0,0,0,0
1,645.715,64,0.0,-1.1311420754309043,2.1073424255447017e-08,0.1601333557821815,0.3417166351561009,0.1813602439661137,0.7954424594184112,0.5698074398093029,0.5687170009813427,116.895,116.895,56.9531,0,1,0,0,0,0,0,0,0.0,0.0,0.0,0.0,0.0,0.0,0.0,0.0,107.85911000000002,68.7157,57.08057,0.43199105713791797,0.7954424594184112,0.553825574022497,0.0,0.0,0,0.0,0.0,0,0,0,0,0,0,0,0,0,0,0,0,0
1,646.708,64,0.0,0.0,1.3107815088484756,1.3107814877750512,0.5637516947980522,0.1813602439661137,0.8238392456721624,0.552477955272195,0.6250921696741598,116.895,168.528,56.9531,0,1,0,0,0,0,0,0,0.0,0.0,0.0,0.0,0.0,0.0,0.0,0.0,117.84034000000001,68.7157,56.969280000000005,0.5630692080227655,0.8238392456721624,0.6849037228000021,0.0,0.0,0,0.0,0.0,0,0,0,0,0,0,0,0,0,0,0,0,0
1,647.718,64,0.0,0.0,0.5531576190988672,0.7576238897496084,0.5484867759687897,0.1813602439661137,0.8000592266827637,0.5351484707350873,0.6799408464840505,116.895,159.461,56.9531,0,1,0,0,0,0,0,0,0.0,0.0,0.0,0.0,0.0,0.0,0.0,0.0,126.91487000000002,68.7157,56.857989999999994,0.6183849699326522,0.8000592266827637,0.7606661117749629,0.0,0.0,0,0.0,0.0,0,0,0,0,0,0,0,0,0,0,0,0,0
1,648.72,64,1.9197637683644344,1.9159319045553238,0.20977457311840386,0.3433830459804633,0.5233939751943381,0.3055231654194267,0.7846453440883259,0.5240271322706451,0.7322802432164961,116.895,149.38,56.8396,0,1,0,0,0,0,0,0,0.0,0.0,0.0,0.0,0.0,0.0,0.0,0.0,134.9813,80.595,56.73535,0.6393624272444927,0.7846453440883259,0.7950044163730092,0.0,0.0,0,0.0,0.0,0,0,0,0,0,0,0,0,0,0,0,0,0
1,649.716,64,1.8458841867317897,-0.0741762867797638,0.2538899164434121,0.044115343325008216,0.5121155233529561,0.35989849468523644,0.7819560506131107,0.5156245602694935,0.7742011554783874,116.895,136.29,57.9614,0,1,0,0,0,0,0,0,0.0,0.0,0.0,0.0,0.0,0.0,0.0,0.0,140.5508,116.895,56.73329,0.6439769161302185,0.7819560506131107,0.7786414479468947,0.0,0.0,0,0.0,0.0,0,0,0,0,0,0,0,0,0,0,0,0,0
1,650.723,65,1.1103219108161941,-0.7304491319916541,0.2071004899802626,0.046789426463149486,0.471842825300486,0.34583116155838617,0.40205295511491945,0.5065186216119995,0.7087123964830377,124.399,124.399,59.1151,0,1,0,1,0,0,0,0,0.0,0.0,0.0,0.0,0.0,0.0,0.0,0.0,139.8923,116.895,57.12723,0.4083530097106534,0.40205295511491945,0.5477609379342339,0.0,0.0,0,0.0,0.0,0,0,0,0,0,0,0,0,0,0,0,0,0
1,651.736,65,0.0,-1.0960729623062135,1.4709932076848626e-08,0.20710047527033051,0.19858380662928854,0.34583116155838617,0.41214314565902654,0.4974126829545053,0.6202121701028653,124.399,124.399,59.1151,0,1,0,1,1,0,0,0,0.0,0.0,0.0,0.0,0.0,0.0,0.0,0.0,135.28040000000001,116.895,57.5264,0.3446603185624936,0.41214314565902654,0.3758297226628286,0.0,0.0,0,0.0,0.0,0,0,0,0,0,0,0,0,0,0,0,0,0
1,652.713,65,0.0,0.0,1.5251956186128614e-08,5.420241092799873e-10,0.1238657888136841,0.34583116155838617,0.4024022843111778,0.48666963733065305,0.5309811929648199,124.399,124.399,59.1151,0,1,0,1,1,0,0,0,0.0,0.0,0.0,0.0,0.0,0.0,0.0,0.0,134.7843,116.895,57.736689999999996,0.27294294302240113,0.4024022843111778,0.367805038270896,0.0,0.0,0,0.0,0.0,0,0,0,0,0,0,0,0,0,0,0,0,0
1,653.717,65,0.0,0.0,1.484179401777655e-08,4.101621683520636e-10,0.12732661092358832,0.34583116155838617,0.40482030935951274,0.4732721220476022,0.4427890161114667,124.399,124.399,59.1151,0,1,0,1,1,0,0,0,0.0,0.0,0.0,0.0,0.0,0.0,0.0,0.0,134.5045,116.895,57.90737999999999,0.2694837550222134,0.40482030935951274,0.29954685073099135,0.0,0.0,0,0.0,0.0,0,0,0,0,0,0,0,0,0,0,0,0,0
1,654.72,65,0.0,0.0,1.4856591419588892e-08,1.4797401812341544e-11,0.09261814808365434,0.34583116155838617,0.4127166175309029,0.45987460676455144,0.35037017842209384,124.399,124.399,59.1151,0,1,0,1,1,0,0,0,0.0,0.0,0.0,0.0,0.0,0.0,0.0,0.0,135.2549,116.895,58.123580000000004,0.2534704188223119,0.4127166175309029,0.2869927025312776,0.0,0.0,0,0.0,0.0,0,0,0,0,0,0,0,0,0,0,0,0,0
1,655.726,65,0.0,0.0,1.4812287469033456e-08,4.430395055543561e-11,2.0785459087336483e-10,0.34583116155838617,0.4127166179581567,0.44647709148150055,0.31619851492726914,124.399,124.399,59.1151,0,1,0,0,0,0,0,0,0.0,0.0,0.0,0.0,0.0,0.0,0.0,0.0,136.00529999999998,124.399,58.33978,0.25347041819619825,0.4127166179581567,0.2709793669574899,0.0,0.0,0,0.0,0.0,0,0,0,0,0,0,0,0,0,0,0,0,0
1,656.72,65,1.2280830431056338,1.2354960192209594,0.4040856174067284,0.40408560259444093,0.18071257516861833,0.39654505532685863,0.19876941205285986,0.4356152708868734,0.27789460296432583,124.399,148.59,59.2586,0,1,0,0,0,0,0,0,0.0,0.0,0.0,0.0,0.0,0.0,0.0,0.0,134.0115,124.399,58.57033,0.16280082905202353,0.19876941205285986,0.18030977843942883,0.0,0.0,0,0.0,0.0,0,0,0,0,0,0,0,0,0,0,0,0,0
1,657.728,65,1.9162444514456416,0.6826998098611189,0.37241584377520986,0.031669773631518516,0.21294825029875253,0.45395621300204836,0.16461294145073482,0.4270152224071319,0.24434075039732212,124.399,171.487,60.4977,0,1,0,0,0,0,0,0,0.0,0.0,0.0,0.0,0.0,0.0,0.0,0.0,135.21409999999997,124.399,58.92479000000001,0.1447266515196578,0.16461294145073482,0.10771436682761985,0.0,0.0,0,0.0,0.0,0,0,0,0,0,0,0,0,0,0,0,0,0
1,658.726,65,0.0,-1.9200846206870157,0.008208625208324669,0.3642072185668852,0.2114782111521653,0.45395621300204836,0.16806739412294758,0.4024164056327457,0.21314917399310485,124.399,171.011,60.4989,0,1,0,1,0,0,0,0,0.0,0.0,0.0,0.0,0.0,0.0,0.0,0.0,137.3772,124.399,59.29072,0.12457005672864987,0.16806739412294758,0.10979678408626206,0.0,0.0,0,0.0,0.0,0,0,0,0,0,0,0,0,0,0,0,0,0
1,659.725,65,0.14642957966805695,0.14657615582388084,0.050618793777791105,0.04241016856946644,0.20313389558570244,0.44090496197131546,0.16290184125209703,0.37725186295326363,0.18225101121637946,124.399,167.948,60.5348,0,1,0,1,1,0,0,0,0.0,0.0,0.0,0.0,0.0,0.0,0.0,0.0,140.543,124.399,59.54806,0.10424294446208777,0.16290184125209703,0.10962626661070789,0.0,0.0,0,0.0,0.0,0,0,0,0,0,0,0,0,0,0,0,0,0
1,660.727,66,0.0,-0.14613730505794106,1.4871418357133389e-08,0.05061877890637275,0.20313389557354453,0.6320163726896487,0.16153119477553335,0.36147638561048456,0.1553801182436853,148.59,167.948,60.5348,0,1,0,1,1,0,0,0,0.0,0.0,0.0,0.0,0.0,0.0,0.0,0.0,144.8979,124.399,59.69003,0.08353289695120335,0.16153119477553335,0.1100092018550302,0.0,0.0,0,0.0,0.0,0,0,0,0,0,0,0,0,0,0,0,0,0
1,661.728,66,0.0,0.0,1.488627491892873e-08,1.4856561795340996e-11,0.1613451649706325,0.5967981985791863,0.16153119476540087,0.35740947008392854,0.1516562540778197,167.948,167.948,60.5348,0,1,0,1,1,0,0,0,0.0,0.0,0.0,0.0,0.0,0.0,0.0,0.0,149.2528,124.399,59.83200000000001,0.08353289696883763,0.16153119476540087,0.0892991543294828,0.0,0.0,0,0.0,0.0,0,0,0,0,0,0,0,0,0,0,0,0,0
1,662.733,66,0.0,0.0,1.4827026063530008e-08,5.924885539872147e-11,0.02200857626752798,0.6054036641284563,0.16153119478981698,0.366724605367701,0.14147053282320407,167.948,167.948,60.5348,0,1,0,1,1,0,0,0,0.0,0.0,0.0,0.0,0.0,0.0,0.0,0.0,153.6077,124.399,59.97397000000001,0.08353289692634462,0.16153119478981698,0.08929915428120527,0.0,0.0,0,0.0,0.0,0,0,0,0,0,0,0,0,0,0,0,0,0
1,663.728,66,0.22711575489683852,0.22825704009732514,0.08645397192616558,0.08645395709913951,0.039619314990426015,0.5997426649952541,0.1588550365138259,0.38225864745071253,0.13269980322988786,162.881,162.881,60.5441,0,1,0,1,1,0,0,0,0.0,0.0,0.0,0.0,0.0,0.0,0.0,0.0,157.45589999999999,124.399,60.116870000000006,0.09217829263478179,0.1588550365138259,0.09794454995010302,0.0,0.0,0,0.0,0.0,0,0,0,0,0,0,0,0,0,0,0,0,0
1,664.731,66,0.6309417581661861,0.402618148822879,1.597154137476127,1.5107001655499612,0.7055969715220954,0.7078944032913008,0.4976031030130551,0.40858535541697194,0.19399768557373198,70.5097,70.5097,60.688,0,1,0,0,0,0,0,0,0.0,0.0,0.0,0.0,0.0,0.0,0.0,0.0,152.06697,70.5097,60.274159999999995,0.25189370489673535,0.4976031030130551,0.24901456650361942,0.0,0.0,0,0.0,0.0,0,0,0,0,0,0,0,0,0,0,0,0,0
1,665.739,66,0.4440858393306448,-0.18537293535271956,0.632727509456298,0.9644266280198289,0.6865925942603623,0.7120040559522975,0.5022205337296325,0.43511754601628105,0.26265694497898273,34.406,34.406,60.7243,0,1,0,1,0,0,0,0,0.0,0.0,0.0,0.0,0.0,0.0,0.0,0.0,143.06767,34.406,60.43507999999999,0.3151664543611364,0.5022205337296325,0.3454572293011719,0.0,0.0,0,0.0,0.0,0,0,0,0,0,0,0,0,0,0,0,0,0
1,666.738,66,0.0,-0.44453036970034515,0.08038182317603017,0.5523456862802678,0.6738564485915605,0.7120040559522975,0.5062682612718671,0.4616497366155904,0.31197133232127694,29.8053,29.8053,60.7243,0,1,0,1,0,0,0,0,0.0,0.0,0.0,0.0,0.0,0.0,0.0,0.0,131.18919999999997,29.8053,60.58164999999999,0.2827960749380666,0.5062682612718671,0.36028323766975456,0.0,0.0,0,0.0,0.0,0,0,0,0,0,0,0,0,0,0,0,0,0
1,667.736,66,2.542272770723245,2.5473675057347145,2.558606432334067,2.478224609158037,1.0724505702411644,0.6587360449675352,0.8819237887365774,0.48551852666566137,0.3979215643155182,29.8053,178.038,59.223,0,1,0,0,0,0,0,0,0.0,0.0,0.0,0.0,0.0,0.0,0.0,0.0,131.8443,29.8053,60.454179999999994,0.5014151337939523,0.8819237887365774,0.6049387212224064,0.0,0.0,0,0.0,0.0,0,0,0,0,0,0,0,0,0,0,0,0,0
1,668.74,66,0.6299690564841366,-1.9046849743417413,0.5121346794424996,2.0464717528915672,0.9969219403985947,0.6199454481984965,0.8648425819502515,0.5012396408046149,0.47646593724016106,29.8053,149.207,59.2389,0,1,0,1,0,0,0,0,0.0,0.0,0.0,0.0,0.0,0.0,0.0,0.0,129.6639,29.8053,60.328179999999996,0.5518077392173697,0.8648425819502515,0.7731651746548747,0.0,0.0,0,0.0,0.0,0,0,0,0,0,0,0,0,0,0,0,0,0
1,669.739,66,0.3612199735043759,-0.2690181010808415,0.24917651461991158,0.262958164822588,1.0030680172820168,0.49956147069747364,0.8542720752006949,0.5082227896052267,0.5564593494097925,29.8053,134.685,58.9651,0,1,0,1,0,0,0,0,0.0,0.0,0.0,0.0,0.0,0.0,0.0,0.0,126.3376,29.8053,60.171209999999995,0.5716635113015818,0.8542720752006949,0.7952199742801868,0.0,0.0,0,0.0,0.0,0,0,0,0,0,0,0,0,0,0,0,0,0
1,670.738,67,0.9232084625997937,0.5625510401355535,1.201836710045229,0.9526601954253173,1.010665499767886,0.5929907919366071,0.8494380475275487,0.5205807711241378,0.6372125098292266,29.8053,155.725,59.4068,0,1,0,0,0,0,0,0,0.0,0.0,0.0,0.0,0.0,0.0,0.0,0.0,125.11529999999998,29.8053,60.05841,0.6918471808189629,0.8494380475275487,0.8854241159320813,0.0,0.0,0,0.0,0.0,0,0,0,0,0,0,0,0,0,0,0,0,0
1,671.733,67,3.001644114012105,2.0888800516706643,1.434412897566732,0.2325761875215031,0.9052077048017819,0.21729870729318645,0.8406943083062552,0.5141541484108778,0.7115987638123416,76.7834,76.7834,60.0349,0,1,0,0,0,0,0,0,0.0,0.0,0.0,0.0,0.0,0.0,0.0,0.0,115.99884,29.8053,60.00842,0.8352884690870086,0.8406943083062552,0.9086817346827459,0.0,0.0,0,0.0,0.0,0,0,0,0,0,0,0,0,0,0,0,0,0
1,672.744,67,2.385378798402993,-0.6095601539160357,1.5037677292493468,0.06935483168261469,0.5663558540278124,0.020752484519023832,0.8085603300324774,0.49790021455890965,0.7660334915883701,76.7834,166.13,59.4211,0,1,0,0,0,0,0,0,0.0,0.0,0.0,0.0,0.0,0.0,0.0,0.0,115.81703999999999,29.8053,59.89705,0.9856652405292408,0.8085603300324774,0.9156172178450823,0.0,0.0,0,0.0,0.0,0,0,0,0,0,0,0,0,0,0,0,0,0
1,673.739,67,0.42641055802011846,-1.968812301892336,0.017460949905282432,1.4863067793440643,0.6967678476980415,0.04508086769776732,0.8173324432302924,0.48286269986587876,0.8317483448591316,76.7834,166.73,59.5218,0,1,0,0,0,0,0,0,0.0,0.0,0.0,0.0,0.0,0.0,0.0,0.0,116.20194,29.8053,59.79482,0.9787659383271523,0.8173324432302924,1.055602500069575,0.0,0.0,0,0.0,0.0,0,0,0,0,0,0,0,0,0,0,0,0,0
1,674.743,67,2.016778620382509,1.5840319346238947,0.2528977391102416,0.23543678920495917,0.695925289658076,0.1552703973909941,0.8148666595860344,0.47333466165750904,0.8307811766727298,76.7834,179.331,59.7194,0,1,0,1,1,0,0,0,0.0,0.0,0.0,0.0,0.0,0.0,0.0,0.0,127.08407,29.8053,59.69796,0.8443402984905639,0.8148666595860344,0.9280761624350748,0.0,0.0,0,0.0,0.0,0,0,0,0,0,0,0,0,0,0,0,0,0
1,675.746,67,9.970089731138551e-05,-2.010646978549549,0.0006166520156714862,0.25228108709457014,0.7621325131697809,0.15526947892062695,0.8565565598288634,0.4638065775256212,0.8383351685636715,76.7834,179.337,59.7196,0,1,0,0,0,0,0,0,0.0,0.0,0.0,0.0,0.0,0.0,0.0,0.0,141.57717,29.8053,59.59749000000001,0.7811292127465012,0.8565565598288634,0.8568616083425489,0.0,0.0,0,0.0,0.0,0,0,0,0,0,0,0,0,0,0,0,0,0
1,676.75,67,4.379077789960276,4.361531961218093,2.018354530020962,2.0177378780052906,0.9383252424910624,0.16005174304701272,0.8985981688867877,0.45198191191162884,0.8647820479536218,66.2232,66.2232,56.6301,0,1,0,0,0,0,0,0,0.0,0.0,0.0,0.0,0.0,0.0,0.0,0.0,145.21895999999998,66.2232,59.18807,0.9749264834309944,0.8985981688867877,1.0034008275150512,0.0,0.0,0,0.0,0.0,0,0,0,0,0,0,0,0,0,0,0,0,0
1,677.746,67,4.676225702548762,0.29834127769928265,1.3723947788672937,0.6459597511536685,0.9137613866638238,0.36339230599426386,0.7285096719237121,0.44745371656123967,0.8489131295958877,66.2232,149.057,57.947,0,1,0,0,0,0,0,0,0.0,0.0,0.0,0.0,0.0,0.0,0.0,0.0,142.32085999999998,66.2232,59.060469999999995,0.856305318084317,0.7285096719237121,0.8201743417146143,0.0,0.0,0,0.0,0.0,0,0,0,0,0,0,0,0,0,0,0,0,0
1,678.749,67,3.4398358873892603,-1.2326917399396826,0.20075156968021712,1.1716432091870765,0.88100124751864,0.3000721491637761,0.7511575085024577,0.439759513369326,0.8373210603078922,66.2232,137.241,61.3885,0,1,0,0,0,0,0,0,0.0,0.0,0.0,0.0,0.0,0.0,0.0,0.0,141.12426,66.2232,59.27543000000001,0.8251670071080888,0.7511575085024577,0.7326914873441652,0.0,0.0,0,0.0,0.0,0,0,0,0,0,0,0,0,0,0,0,0,0
1,679.747,67,3.180625955744213,-0.25972939042589893,2.2981183266416507,2.0973667569614336,1.0416208719351354,0.311654217217977,0.8495843892810423,0.43329697613165913,0.8411763457732041,6.19771,6.19771,64.4809,0,1,0,0,0,0,0,0,0.0,0.0,0.0,0.0,0.0,0.0,0.0,0.0,128.27553099999997,6.19771,59.82701000000001,1.0300611883102626,0.8495843892810423,0.9161323465580498,0.0,0.0,0,0.0,0.0,0,0,0,0,0,0,0,0,0,0,0,0,0
1,680.747,68,0.5830951894841557,-2.5975307662600575,0.05986267538806085,2.23825565125359,1.025083909283166,0.3147852865338031,0.8992287167725949,0.41743542182386684,0.8426181867247321,2.78094,2.78094,65.0783,0,1,1,0,0,0,1,0,0.0,1.0,0.0,0.1,0.1,0.0,0.0,0.0,112.98112499999999,2.78094,60.39416,0.9158637848445459,0.8992287167725949,1.0446918921408772,1.0,0.0,0,0.0,0.0,0,0,0,0,0,0,0,0,0,0,0,0,0
1,681.753,68,0.0,-0.5796174845766956,0.0,0.05986267538806085,1.0146363333296884,0.3147852865338031,0.9214523451613773,0.40333477622159764,0.8535610495775228,2.78094,2.78094,65.0783,0,1,1,0,0,0,1,0,0.0,2.0060000000000002,0.0,0.2,0.2,0.0,0.0,0.0,105.58087900000001,2.78094,60.89849999999999,0.7724224950878728,0.9214523451613773,1.0274205409275328,2.0060000000000002,0.0,0,0.0,0.0,0,0,0,0,0,0,0,0,0,0,0,0,0
1,682.749,68,0.10040160642606807,0.10080482572898401,0.0,0.0,1.0019743136894839,0.31368165515231905,0.9114889370124343,0.3887486757727908,0.8971228955436897,2.77643,2.77643,65.1525,0,1,1,0,0,0,1,0,0.0,3.002,0.0,0.3,0.3,0.0,0.0,0.0,89.245522,2.77643,61.47164,0.6220457221629381,0.9114889370124343,1.0204850577592715,3.002,0.0,0,0.0,0.0,0,0,0,0,0,0,0,0,0,0,0,0,0
1,683.741,68,0.14256188668665185,0.04250028252074977,0.0,0.0,1.0213858847130488,0.31120515279877614,0.9127915902939805,0.3743218001629669,0.9295846992451906,2.76923,2.76923,65.2964,0,1,1,0,0,0,1,0,0.0,3.9939999999999998,0.0,0.4,0.4,0.0,0.0,0.0,72.849445,2.76923,62.04910000000001,0.6202996271724098,0.9127915902939805,0.871854379824865,3.9939999999999998,0.0,0,0.0,0.0,0,0,0,0,0,0,0,0,0,0,0,0,0
