vel_posicao,acel_linear,vel_rotacao,jitter_mira,entropia_mov,eficiencia_trajeto,var_camera_durante_corrida,eficiencia_mean_20s,entropia_mean_10s,travado_min_5s,travado_em_player,distancia_alvo,tem_visao,perseguindo_player,mirando,alerta_speedhack,alerta_aimbot,alerta_lockon,esp_oculto_longa_distancia
0.0,0.0,0.0,0.0,0.0,0.0,0.0,0.0,0.0,180.0,180.0,0.0,1,0,0,0,0,0,0
0.0,0.0,0.0,0.0,0.0,0.0,0.0,0.0,0.0,180.0,180.0,0.0,1,0,0,0,0,0,0
0.0,0.0,0.0,0.0,0.0,0.0,0.0,0.0,0.0,180.0,180.0,0.0,1,0,0,0,0,0,0
0.0,0.0,0.0,0.0,0.0,0.0,0.0,0.0,0.0,180.0,180.0,0.0,1,0,0,0,0,0,0
0.0,0.0,0.0,0.0,0.0,0.0,0.0,0.0,0.0,180.0,180.0,0.0,1,0,0,0,0,0,0
0.0,0.0,0.0,0.0,0.0,0.0,0.0,0.0,0.0,180.0,180.0,0.0,1,0,0,0,0,0,0
0.0,0.0,0.0,0.0,0.0,0.0,0.0,0.0,0.0,180.0,180.0,0.0,1,0,0,0,0,0,0
0.0,0.0,0.0,0.0,0.0,0.0,0.0,0.0,0.0,180.0,180.0,0.0,1,0,0,0,0,0,0
0.0,0.0,0.0,0.0,0.0,0.0,0.0,0.0,0.0,180.0,180.0,0.0,1,0,0,0,0,0,0
0.0,0.0,0.0,0.0,0.0,0.0,0.0,0.0,0.0,180.0,180.0,0.0,1,0,0,0,0,0,0
0.0,0.0,0.0,0.0,0.0,0.0,0.0,0.0,0.0,180.0,180.0,0.0,1,0,0,0,0,0,0
0.0,0.0,0.0,0.0,0.0,0.0,0.0,0.0,0.0,180.0,180.0,0.0,1,0,0,0,0,0,0
0.0,0.0,0.0,0.0,0.0,0.0,0.0,0.0,0.0,180.0,180.0,0.0,1,0,0,0,0,0,0
0.0,0.0,9.982578541567477e-08,9.982578541567477e-08,4.464344841935118e-08,0.0,3.156768511287508e-08,0.0,4.4643448419351175e-09,180.0,180.0,0.0,1,0,0,0,0,0,0
0.0,0.0,0.0,9.982578541567477e-08,4.464344841935118e-08,0.0,3.156768511287508e-08,0.0,8.928689683870235e-09,180.0,180.0,0.0,1,0,0,0,0,0,0
0.0,0.0,0.0,0.0,4.464344841935118e-08,0.0,3.156768511287508e-08,0.0,1.3393034525805352e-08,180.0,180.0,0.0,1,0,0,0,0,0,0
0.0,0.0,0.0,0.0,4.464344841935118e-08,0.0,3.156768511287508e-08,0.0,1.785737936774047e-08,180.0,180.0,0.0,1,0,0,0,0,0,0
0.0,0.0,0.0,0.0,4.464344841935118e-08,0.0,3.156768511287508e-08,0.0,2.232172420967559e-08,180.0,180.0,0.0,1,0,0,0,0,0,0
0.0,0.0,0.0,0.0,0.0,0.0,3.156768511287508e-08,0.0,2.232172420967559e-08,180.0,180.0,0.0,1,0,0,0,0,0,0
0.0,0.0,0.0,0.0,0.0,0.0,3.156768511287508e-08,0.0,2.232172420967559e-08,180.0,180.0,0.0,1,0,0,0,0,0,0
0.0,0.0,0.0,0.0,0.0,0.0,3.156768511287508e-08,0.0,2.232172420967559e-08,180.0,180.0,0.0,1,0,0,0,0,0,0
0.0,0.0,0.0,0.0,0.0,0.0,3.156768511287508e-08,0.0,2.232172420967559e-08,180.0,180.0,0.0,1,0,0,0,0,0,0
0.0,0.0,0.0,0.0,0.0,0.0,3.156768511287508e-08,0.0,2.232172420967559e-08,180.0,180.0,0.0,1,0,0,0,0,0,0
0.0,0.0,0.0,0.0,0.0,0.0,0.0,0.0,1.785737936774047e-08,180.0,180.0,0.0,1,0,0,0,0,0,0
0.0,0.0,0.0,0.0,0.0,0.0,0.0,0.0,1.3393034525805352e-08,180.0,180.0,0.0,1,0,0,0,0,0,0
0.0,0.0,0.0,0.0,0.0,0.0,0.0,0.0,8.928689683870237e-09,180.0,180.0,0.0,1,0,0,0,0,0,0
0.0,0.0,0.0,0.0,0.0,0.0,0.0,0.0,4.4643448419351175e-09,180.0,180.0,0.0,1,0,0,0,0,0,0
0.0,0.0,0.0,0.0,0.0,0.0,0.0,0.0,0.0,180.0,180.0,0.0,1,0,0,0,0,0,0
0.0,0.0,0.0,0.0,0.0,0.0,0.0,0.0,0.0,180.0,180.0,0.0,1,0,0,0,0,0,0
0.0,0.0,0.0,0.0,0.0,0.0,0.0,0.0,0.0,180.0,180.0,0.0,1,0,0,0,0,0,0
0.0,0.0,0.0,0.0,0.0,0.0,0.0,0.0,0.0,180.0,180.0,0.0,1,0,0,0,0,0,0
0.0,0.0,0.0,0.0,0.0,0.0,0.0,0.0,0.0,180.0,180.0,0.0,1,0,0,0,0,0,0
0.0,0.0,0.0,0.0,0.0,0.0,0.0,0.0,0.0,180.0,180.0,0.0,1,0,0,0,0,0,0
0.0,0.0,0.0,0.0,0.0,0.0,0.0,0.0,0.0,180.0,180.0,0.0,1,0,0,0,0,0,0
0.0,0.0,0.0,0.0,0.0,0.0,0.0,0.0,0.0,180.0,180.0,0.0,1,0,0,0,0,0,0
0.0,0.0,0.0,0.0,0.0,0.0,0.0,0.0,0.0,180.0,180.0,0.0,1,0,0,0,0,0,0
0.0,0.0,0.0,0.0,0.0,0.0,0.0,0.0,0.0,180.0,180.0,0.0,1,0,0,0,0,0,0
0.0,0.0,0.0,0.0,0.0,0.0,0.0,0.0,0.0,180.0,180.0,0.0,1,0,0,0,0,0,0
0.0,0.0,0.0,0.0,0.0,0.0,0.0,0.0,0.0,180.0,180.0,0.0,1,0,0,0,0,0,0
0.0,0.0,0.0,0.0,0.0,0.0,0.0,0.0,0.0,180.0,180.0,0.0,1,0,0,0,0,0,0
0.0,0.0,0.0,0.0,0.0,0.0,0.0,0.0,0.0,180.0,180.0,0.0,1,0,0,0,0,0,0
0.0,0.0,0.0,0.0,0.0,0.0,0.0,0.0,0.0,180.0,180.0,0.0,1,0,0,0,0,0,0
0.0,0.0,0.0,0.0,0.0,0.0,0.0,0.0,0.0,180.0,180.0,0.0,1,0,0,0,0,0,0
0.0,0.0,0.0,0.0,0.0,0.0,0.0,0.0,0.0,180.0,180.0,0.0,1,0,0,0,0,0,0
0.0,0.0,0.0,0.0,0.0,0.0,0.0,0.0,0.0,180.0,180.0,0.0,1,0,0,0,0,0,0
0.0,0.0,0.0,0.0,0.0,0.0,0.0,0.0,0.0,180.0,180.0,0.0,1,0,0,0,0,0,0
0.0,0.0,0.0,0.0,0.0,0.0,0.0,0.0,0.0,180.0,180.0,0.0,1,0,0,0,0,0,0
0.0,0.0,0.0,0.0,0.0,0.0,0.0,0.0,0.0,180.0,180.0,0.0,1,0,0,0,0,0,0
0.0,0.0,0.0,0.0,0.0,0.0,0.0,0.0,0.0,180.0,180.0,0.0,1,0,0,0,0,0,0
0.0,0.0,0.0,0.0,0.0,0.0,0.0,0.0,0.0,180.0,180.0,0.0,1,0,0,0,0,0,0
0.0,0.0,0.0,0.0,0.0,0.0,0.0,0.0,0.0,180.0,180.0,0.0,1,0,0,0,0,0,0
0.0,0.0,0.0,0.0,0.0,0.0,0.0,0.0,0.0,180.0,180.0,0.0,1,0,0,0,0,0,0
0.0,0.0,0.0,0.0,0.0,0.0,0.0,0.0,0.0,180.0,180.0,0.0,1,0,0,0,0,0,0
0.0,0.0,0.0,0.0,0.0,0.0,0.0,0.0,0.0,180.0,180.0,0.0,1,0,0,0,0,0,0
0.0,0.0,0.0,0.0,0.0,0.0,0.0,0.0,0.0,180.0,180.0,0.0,1,0,0,0,0,0,0
0.0,0.0,0.0,0.0,0.0,0.0,0.0,0.0,0.0,180.0,180.0,0.0,1,0,0,0,0,0,0
0.0,0.0,0.0,0.0,0.0,0.0,0.0,0.0,0.0,180.0,180.0,0.0,1,0,0,0,0,0,0
0.0,0.0,0.0,0.0,0.0,0.0,0.0,0.0,0.0,180.0,180.0,0.0,1,0,0,0,0,0,0
0.0,0.0,0.0,0.0,0.0,0.0,0.0,0.0,0.0,180.0,180.0,0.0,1,0,0,0,0,0,0
0.0,0.0,0.0,0.0,0.0,0.0,0.0,0.0,0.0,180.0,180.0,0.0,1,0,0,0,0,0,0
0.0,0.0,0.0,0.0,0.0,0.0,0.0,0.0,0.0,180.0,180.0,0.0,1,0,0,0,0,0,0
0.0,0.0,0.0,0.0,0.0,0.0,0.0,0.0,0.0,180.0,180.0,0.0,1,0,0,0,0,0,0
0.0,0.0,0.0,0.0,0.0,0.0,0.0,0.0,0.0,180.0,180.0,0.0,1,0,0,0,0,0,0
0.0,0.0,0.0,0.0,0.0,0.0,0.0,0.0,0.0,180.0,180.0,0.0,1,0,0,0,0,0,0
0.0,0.0,0.0,0.0,0.0,0.0,0.0,0.0,0.0,180.0,180.0,0.0,1,0,0,0,0,0,0
0.0,0.0,0.0,0.0,0.0,0.0,0.0,0.0,0.0,180.0,180.0,0.0,1,0,0,0,0,0,0
0.0,0.0,0.0,0.0,0.0,0.0,0.0,0.0,0.0,180.0,180.0,0.0,1,0,0,0,0,0,0
0.0,0.0,0.0,0.0,0.0,0.0,0.0,0.0,0.0,180.0,180.0,0.0,1,0,0,0,0,0,0
0.0,0.0,0.0,0.0,0.0,0.0,0.0,0.0,0.0,180.0,180.0,0.0,1,0,0,0,0,0,0
0.0,0.0,0.0,0.0,0.0,0.0,0.0,0.0,0.0,180.0,180.0,0.0,1,0,0,0,0,0,0
0.0,0.0,0.0,0.0,0.0,0.0,0.0,0.0,0.0,180.0,180.0,0.0,1,0,0,0,0,0,0
0.0,0.0,0.0,0.0,0.0,0.0,0.0,0.0,0.0,180.0,180.0,0.0,1,0,0,0,0,0,0
0.0,0.0,0.0,0.0,0.0,0.0,0.0,0.0,0.0,180.0,180.0,0.0,1,0,0,0,0,0,0
0.0,0.0,0.0,0.0,0.0,0.0,0.0,0.0,0.0,180.0,180.0,0.0,1,0,0,0,0,0,0
0.0,0.0,0.0,0.0,0.0,0.0,0.0,0.0,0.0,180.0,180.0,0.0,1,0,0,0,0,0,0
0.0,0.0,0.0,0.0,0.0,0.0,0.0,0.0,0.0,180.0,180.0,0.0,1,0,0,0,0,0,0
0.0,0.0,0.0,0.0,0.0,0.0,0.0,0.0,0.0,180.0,180.0,0.0,1,0,0,0,0,0,0
0.0,0.0,0.0,0.0,0.0,0.0,0.0,0.0,0.0,180.0,180.0,0.0,1,0,0,0,0,0,0
0.0,0.0,0.0,0.0,0.0,0.0,0.0,0.0,0.0,180.0,180.0,0.0,1,0,0,0,0,0,0
0.0,0.0,0.0,0.0,0.0,0.0,0.0,0.0,0.0,180.0,180.0,0.0,1,0,0,0,0,0,0
0.0,0.0,0.0,0.0,0.0,0.0,0.0,0.0,0.0,180.0,180.0,0.0,1,0,0,0,0,0,0
0.0,0.0,0.0,0.0,0.0,0.0,0.0,0.0,0.0,180.0,180.0,0.0,1,0,0,0,0,0,0
0.0,0.0,0.0,0.0,0.0,0.0,0.0,0.0,0.0,180.0,180.0,0.0,1,0,0,0,0,0,0
0.0,0.0,0.0,0.0,0.0,0.0,0.0,0.0,0.0,180.0,180.0,0.0,1,0,0,0,0,0,0
0.0,0.0,0.0,0.0,0.0,0.0,0.0,0.0,0.0,180.0,180.0,0.0,1,0,0,0,0,0,0
0.0,0.0,0.0,0.0,0.0,0.0,0.0,0.0,0.0,180.0,180.0,0.0,1,0,0,0,0,0,0
0.0,0.0,0.0,0.0,0.0,0.0,0.0,0.0,0.0,180.0,180.0,0.0,1,0,0,0,0,0,0
0.0,0.0,0.0,0.0,0.0,0.0,0.0,0.0,0.0,180.0,180.0,0.0,1,0,0,0,0,0,0
0.0,0.0,0.0,0.0,0.0,0.0,0.0,0.0,0.0,180.0,180.0,0.0,1,0,0,0,0,0,0
0.0,0.0,0.0,0.0,0.0,0.0,0.0,0.0,0.0,180.0,180.0,0.0,1,0,0,0,0,0,0
0.0,0.0,0.0,0.0,0.0,0.0,0.0,0.0,0.0,180.0,180.0,0.0,1,0,0,0,0,0,0
0.0,0.0,0.0,0.0,0.0,0.0,0.0,0.0,0.0,180.0,180.0,0.0,1,0,0,0,0,0,0
0.0,0.0,0.0,0.0,0.0,0.0,0.0,0.0,0.0,180.0,180.0,0.0,1,0,0,0,0,0,0
0.0,0.0,0.0,0.0,0.0,0.0,0.0,0.0,0.0,180.0,180.0,0.0,1,0,0,0,0,0,0
0.0,0.0,0.0,0.0,0.0,0.0,0.0,0.0,0.0,180.0,180.0,0.0,1,0,0,0,0,0,0
0.0,0.0,0.0,0.0,0.0,0.0,0.0,0.0,0.0,180.0,180.0,0.0,1,0,0,0,0,0,0
0.0,0.0,0.0,0.0,0.0,0.0,0.0,0.0,0.0,180.0,180.0,0.0,1,0,0,0,0,0,0
0.0,0.0,0.0,0.0,0.0,0.0,0.0,0.0,0.0,180.0,180.0,0.0,1,0,0,0,0,0,0
0.0,0.0,0.0,0.0,0.0,0.0,0.0,0.0,0.0,180.0,180.0,0.0,1,0,0,0,0,0,0
0.0,0.0,0.0,0.0,0.0,0.0,0.0,0.0,0.0,180.0,180.0,0.0,1,0,0,0,0,0,0
0.0,0.0,0.0,0.0,0.0,0.0,0.0,0.0,0.0,180.0,180.0,0.0,1,0,0,0,0,0,0
0.0,0.0,0.0,0.0,0.0,0.0,0.0,0.0,0.0,180.0,180.0,0.0,1,0,0,0,0,0,0
0.0,0.0,0.0,0.0,0.0,0.0,0.0,0.0,0.0,180.0,180.0,0.0,1,0,0,0,0,0,0
0.0,0.0,0.0,0.0,0.0,0.0,0.0,0.0,0.0,180.0,180.0,0.0,1,0,0,0,0,0,0
0.0,0.0,0.0,0.0,0.0,0.0,0.0,0.0,0.0,180.0,180.0,0.0,1,0,0,0,0,0,0
0.0,0.0,0.0,0.0,0.0,0.0,0.0,0.0,0.0,180.0,180.0,0.0,1,0,0,0,0,0,0
0.0,0.0,0.0,0.0,0.0,0.0,0.0,0.0,0.0,180.0,180.0,0.0,1,0,0,0,0,0,0
0.0,0.0,0.0,0.0,0.0,0.0,0.0,0.0,0.0,180.0,180.0,0.0,1,0,0,0,0,0,0
0.0,0.0,0.0,0.0,0.0,0.0,0.0,0.0,0.0,180.0,180.0,0.0,1,0,0,0,0,0,0
0.0,0.0,0.0,0.0,0.0,0.0,0.0,0.0,0.0,180.0,180.0,0.0,1,0,0,0,0,0,0
0.0,0.0,0.0,0.0,0.0,0.0,0.0,0.0,0.0,180.0,180.0,0.0,1,0,0,0,0,0,0
0.0,0.0,0.0,0.0,0.0,0.0,0.0,0.0,0.0,180.0,180.0,0.0,1,0,0,0,0,0,0
0.0,0.0,0.0,0.0,0.0,0.0,0.0,0.0,0.0,180.0,180.0,0.0,1,0,0,0,0,0,0
0.0,0.0,0.0,0.0,0.0,0.0,0.0,0.0,0.0,180.0,180.0,0.0,1,0,0,0,0,0,0
0.0,0.0,0.0,0.0,0.0,0.0,0.0,0.0,0.0,180.0,180.0,0.0,1,0,0,0,0,0,0
0.0,0.0,0.0,0.0,0.0,0.0,0.0,0.0,0.0,180.0,180.0,0.0,1,0,0,0,0,0,0
0.0,0.0,0.0,0.0,0.0,0.0,0.0,0.0,0.0,180.0,180.0,0.0,1,0,0,0,0,0,0
0.0,0.0,0.0,0.0,0.0,0.0,0.0,0.0,0.0,180.0,180.0,0.0,1,0,0,0,0,0,0
0.0,0.0,0.0,0.0,0.0,0.0,0.0,0.0,0.0,180.0,180.0,0.0,1,0,0,0,0,0,0
0.0,0.0,0.0,0.0,0.0,0.0,0.0,0.0,0.0,180.0,180.0,0.0,1,0,0,0,0,0,0
0.0,0.0,0.0,0.0,0.0,0.0,0.0,0.0,0.0,180.0,180.0,0.0,1,0,0,0,0,0,0
0.0,0.0,0.0,0.0,0.0,0.0,0.0,0.0,0.0,180.0,180.0,0.0,1,0,0,0,0,0,0
0.0,0.0,0.0,0.0,0.0,0.0,0.0,0.0,0.0,180.0,180.0,0.0,1,0,0,0,0,0,0
0.0,0.0,0.0,0.0,0.0,0.0,0.0,0.0,0.0,180.0,180.0,0.0,1,0,0,0,0,0,0
0.0,0.0,0.0,0.0,0.0,0.0,0.0,0.0,0.0,180.0,180.0,0.0,1,0,0,0,0,0,0
0.0,0.0,0.0,0.0,0.0,0.0,0.0,0.0,0.0,180.0,180.0,0.0,1,0,0,0,0,0,0
0.0,0.0,0.0,0.0,0.0,0.0,0.0,0.0,0.0,180.0,180.0,0.0,1,0,0,0,0,0,0
0.0,0.0,0.0,0.0,0.0,0.0,0.0,0.0,0.0,180.0,180.0,0.0,1,0,0,0,0,0,0
0.0,0.0,0.0,0.0,0.0,0.0,0.0,0.0,0.0,180.0,180.0,0.0,1,0,0,0,0,0,0
0.0,0.0,0.0,0.0,0.0,0.0,0.0,0.0,0.0,180.0,180.0,0.0,1,0,0,0,0,0,0
0.0,0.0,0.0,0.0,0.0,0.0,0.0,0.0,0.0,180.0,180.0,0.0,1,0,0,0,0,0,0
0.0,0.0,0.0,0.0,0.0,0.0,0.0,0.0,0.0,180.0,180.0,0.0,1,0,0,0,0,0,0
0.0,0.0,0.0,0.0,0.0,0.0,0.0,0.0,0.0,180.0,180.0,0.0,1,0,0,0,0,0,0
0.0,0.0,0.0,0.0,0.0,0.0,0.0,0.0,0.0,180.0,180.0,0.0,1,0,0,0,0,0,0
0.0,0.0,0.0,0.0,0.0,0.0,0.0,0.0,0.0,180.0,180.0,0.0,1,0,0,0,0,0,0
0.0,0.0,0.0,0.0,0.0,0.0,0.0,0.0,0.0,180.0,180.0,0.0,1,0,0,0,0,0,0
0.0,0.0,0.0,0.0,0.0,0.0,0.0,0.0,0.0,180.0,180.0,0.0,1,0,0,0,0,0,0
0.0,0.0,0.0,0.0,0.0,0.0,0.0,0.0,0.0,180.0,180.0,0.0,1,0,0,0,0,0,0
0.0,0.0,0.0,0.0,0.0,0.0,0.0,0.0,0.0,180.0,180.0,0.0,1,0,0,0,0,0,0
0.0,0.0,0.0,0.0,0.0,0.0,0.0,0.0,0.0,180.0,180.0,0.0,1,0,0,0,0,0,0
0.0,0.0,0.0,0.0,0.0,0.0,0.0,0.0,0.0,180.0,180.0,0.0,1,0,0,0,0,0,0
0.0,0.0,0.0,0.0,0.0,0.0,0.0,0.0,0.0,180.0,180.0,0.0,1,0,0,0,0,0,0
0.0,0.0,0.0,0.0,0.0,0.0,0.0,0.0,0.0,180.0,180.0,0.0,1,0,0,0,0,0,0
0.0,0.0,0.0,0.0,0.0,0.0,0.0,0.0,0.0,180.0,180.0,0.0,1,0,0,0,0,0,0
0.0,0.0,0.0,0.0,0.0,0.0,0.0,0.0,0.0,180.0,180.0,0.0,1,0,0,0,0,0,0
0.0,0.0,0.0,0.0,0.0,0.0,0.0,0.0,0.0,180.0,180.0,0.0,1,0,0,0,0,0,0
0.0,0.0,0.0,0.0,0.0,0.0,0.0,0.0,0.0,180.0,180.0,0.0,1,0,0,0,0,0,0
0.0,0.0,0.0,0.0,0.0,0.0,0.0,0.0,0.0,180.0,180.0,0.0,1,0,0,0,0,0,0
0.0,0.0,0.0,0.0,0.0,0.0,0.0,0.0,0.0,180.0,180.0,0.0,1,0,0,0,0,0,0
0.0,0.0,0.0,0.0,0.0,0.0,0.0,0.0,0.0,180.0,180.0,0.0,1,0,0,0,0,0,0
0.0,0.0,0.0,0.0,0.0,0.0,0.0,0.0,0.0,180.0,180.0,0.0,1,0,0,0,0,0,0
0.0,0.0,0.0,0.0,0.0,0.0,0.0,0.0,0.0,180.0,180.0,0.0,1,0,0,0,0,0,0
0.0,0.0,0.0,0.0,0.0,0.0,0.0,0.0,0.0,180.0,180.0,0.0,1,0,0,0,0,0,0
0.0,0.0,0.0,0.0,0.0,0.0,0.0,0.0,0.0,180.0,180.0,0.0,1,0,0,0,0,0,0
0.0,0.0,0.0,0.0,0.0,0.0,0.0,0.0,0.0,180.0,180.0,0.0,1,0,0,0,0,0,0
0.0,0.0,0.0,0.0,0.0,0.0,0.0,0.0,0.0,180.0,180.0,0.0,1,0,0,0,0,0,0
0.0,0.0,0.0,0.0,0.0,0.0,0.0,0.0,0.0,180.0,180.0,0.0,1,0,0,0,0,0,0
0.0,0.0,0.0,0.0,0.0,0.0,0.0,0.0,0.0,180.0,180.0,0.0,1,0,0,0,0,0,0
0.0,0.0,0.0,0.0,0.0,0.0,0.0,0.0,0.0,180.0,180.0,0.0,1,0,0,0,0,0,0
0.0,0.0,0.0,0.0,0.0,0.0,0.0,0.0,0.0,180.0,180.0,0.0,1,0,0,0,0,0,0
0.0,0.0,0.0,0.0,0.0,0.0,0.0,0.0,0.0,180.0,180.0,0.0,1,0,0,0,0,0,0
0.0,0.0,0.0,0.0,0.0,0.0,0.0,0.0,0.0,180.0,180.0,0.0,1,0,0,0,0,0,0
0.0,0.0,0.0,0.0,0.0,0.0,0.0,0.0,0.0,180.0,180.0,0.0,1,0,0,0,0,0,0
0.0,0.0,0.0,0.0,0.0,0.0,0.0,0.0,0.0,180.0,180.0,0.0,1,0,0,0,0,0,0
0.0,0.0,0.0,0.0,0.0,0.0,0.0,0.0,0.0,180.0,180.0,0.0,1,0,0,0,0,0,0
0.0,0.0,0.0,0.0,0.0,0.0,0.0,0.0,0.0,180.0,180.0,0.0,1,0,0,0,0,0,0
0.0,0.0,0.0,0.0,0.0,0.0,0.0,0.0,0.0,180.0,180.0,0.0,1,0,0,0,0,0,0
0.0,0.0,0.0,0.0,0.0,0.0,0.0,0.0,0.0,180.0,180.0,0.0,1,0,0,0,0,0,0
0.0,0.0,0.0,0.0,0.0,0.0,0.0,0.0,0.0,180.0,180.0,0.0,1,0,0,0,0,0,0
0.0,0.0,0.0,0.0,0.0,0.0,0.0,0.0,0.0,180.0,180.0,0.0,1,0,0,0,0,0,0
0.0,0.0,0.0,0.0,0.0,0.0,0.0,0.0,0.0,180.0,180.0,0.0,1,0,0,0,0,0,0
0.0,0.0,0.0,0.0,0.0,0.0,0.0,0.0,0.0,180.0,180.0,0.0,1,0,0,0,0,0,0
0.0,0.0,0.0,0.0,0.0,0.0,0.0,0.0,0.0,180.0,180.0,0.0,1,0,0,0,0,0,0
0.0,0.0,0.0,0.0,0.0,0.0,0.0,0.0,0.0,180.0,180.0,0.0,1,0,0,0,0,0,0
0.0,0.0,0.0,0.0,0.0,0.0,0.0,0.0,0.0,180.0,180.0,0.0,1,0,0,0,0,0,0
0.0,0.0,0.0,0.0,0.0,0.0,0.0,0.0,0.0,180.0,180.0,0.0,1,0,0,0,0,0,0
0.0,0.0,0.0,0.0,0.0,0.0,0.0,0.0,0.0,180.0,180.0,0.0,1,0,0,0,0,0,0
0.0,0.0,0.0,0.0,0.0,0.0,0.0,0.0,0.0,180.0,180.0,0.0,1,0,0,0,0,0,0
0.0,0.0,0.0,0.0,0.0,0.0,0.0,0.0,0.0,180.0,180.0,0.0,1,0,0,0,0,0,0
0.0,0.0,0.0,0.0,0.0,0.0,0.0,0.0,0.0,180.0,180.0,0.0,1,0,0,0,0,0,0
0.0,0.0,0.0,0.0,0.0,0.0,0.0,0.0,0.0,180.0,180.0,0.0,1,0,0,0,0,0,0
0.0,0.0,0.0,0.0,0.0,0.0,0.0,0.0,0.0,180.0,180.0,0.0,1,0,0,0,0,0,0
0.0,0.0,0.0,0.0,0.0,0.0,0.0,0.0,0.0,180.0,180.0,0.0,1,0,0,0,0,0,0
0.0,0.0,0.0,0.0,0.0,0.0,0.0,0.0,0.0,180.0,180.0,0.0,1,0,0,0,0,0,0
0.0,0.0,0.0,0.0,0.0,0.0,0.0,0.0,0.0,180.0,180.0,0.0,1,0,0,0,0,0,0
0.0,0.0,0.0,0.0,0.0,0.0,0.0,0.0,0.0,180.0,180.0,0.0,1,0,0,0,0,0,0
0.0,0.0,0.0,0.0,0.0,0.0,0.0,0.0,0.0,180.0,180.0,0.0,1,0,0,0,0,0,0
0.0,0.0,0.0,0.0,0.0,0.0,0.0,0.0,0.0,180.0,180.0,0.0,1,0,0,0,0,0,0
0.0,0.0,0.0,0.0,0.0,0.0,0.0,0.0,0.0,180.0,180.0,0.0,1,0,0,0,0,0,0
0.0,0.0,0.0,0.0,0.0,0.0,0.0,0.0,0.0,180.0,180.0,0.0,1,0,0,0,0,0,0
0.0,0.0,0.0,0.0,0.0,0.0,0.0,0.0,0.0,180.0,180.0,0.0,1,0,0,0,0,0,0
0.0,0.0,0.0,0.0,0.0,0.0,0.0,0.0,0.0,180.0,180.0,0.0,1,0,0,0,0,0,0
0.0,0.0,0.0,0.0,0.0,0.0,0.0,0.0,0.0,180.0,180.0,0.0,1,0,0,0,0,0,0
0.0,0.0,0.0,0.0,0.0,0.0,0.0,0.0,0.0,180.0,180.0,0.0,1,0,0,0,0,0,0
0.0,0.0,0.0,0.0,0.0,0.0,0.0,0.0,0.0,180.0,180.0,0.0,1,0,0,0,0,0,0
0.0,0.0,0.0,0.0,0.0,0.0,0.0,0.0,0.0,180.0,180.0,0.0,1,0,0,0,0,0,0
0.0,0.0,0.0,0.0,0.0,0.0,0.0,0.0,0.0,180.0,180.0,0.0,1,0,0,0,0,0,0
0.0,0.0,0.0,0.0,0.0,0.0,0.0,0.0,0.0,180.0,180.0,0.0,1,0,0,0,0,0,0
0.0,0.0,0.0,0.0,0.0,0.0,0.0,0.0,0.0,180.0,180.0,0.0,1,0,0,0,0,0,0
0.0,0.0,0.0,0.0,0.0,0.0,0.0,0.0,0.0,180.0,180.0,0.0,1,0,0,0,0,0,0
0.0,0.0,0.0,0.0,0.0,0.0,0.0,0.0,0.0,180.0,180.0,0.0,1,0,0,0,0,0,0
0.0,0.0,0.0,0.0,0.0,0.0,0.0,0.0,0.0,180.0,180.0,0.0,1,0,0,0,0,0,0
0.0,0.0,0.0,0.0,0.0,0.0,0.0,0.0,0.0,180.0,180.0,0.0,1,0,0,0,0,0,0
0.0,0.0,0.0,0.0,0.0,0.0,0.0,0.0,0.0,180.0,180.0,0.0,1,0,0,0,0,0,0
0.0,0.0,0.0,0.0,0.0,0.0,0.0,0.0,0.0,180.0,180.0,0.0,1,0,0,0,0,0,0
0.0,0.0,0.0,0.0,0.0,0.0,0.0,0.0,0.0,180.0,180.0,0.0,1,0,0,0,0,0,0
0.0,0.0,0.0,0.0,0.0,0.0,0.0,0.0,0.0,180.0,180.0,0.0,1,0,0,0,0,0,0
0.0,0.0,0.0,0.0,0.0,0.0,0.0,0.0,0.0,180.0,180.0,0.0,1,0,0,0,0,0,0
0.0,0.0,0.0,0.0,0.0,0.0,0.0,0.0,0.0,180.0,180.0,0.0,1,0,0,0,0,0,0
0.0,0.0,0.0,0.0,0.0,0.0,0.0,0.0,0.0,180.0,180.0,0.0,1,0,0,0,0,0,0
0.0,0.0,0.0,0.0,0.0,0.0,0.0,0.0,0.0,180.0,180.0,0.0,1,0,0,0,0,0,0
0.0,0.0,0.0,0.0,0.0,0.0,0.0,0.0,0.0,180.0,180.0,0.0,1,0,0,0,0,0,0
0.0,0.0,0.0,0.0,0.0,0.0,0.0,0.0,0.0,180.0,180.0,0.0,1,0,0,0,0,0,0
0.0,0.0,0.0,0.0,0.0,0.0,0.0,0.0,0.0,180.0,180.0,0.0,1,0,0,0,0,0,0
0.0,0.0,0.0,0.0,0.0,0.0,0.0,0.0,0.0,180.0,180.0,0.0,1,0,0,0,0,0,0
0.0,0.0,0.0,0.0,0.0,0.0,0.0,0.0,0.0,180.0,180.0,0.0,1,0,0,0,0,0,0
0.0,0.0,0.0,0.0,0.0,0.0,0.0,0.0,0.0,180.0,180.0,0.0,1,0,0,0,0,0,0
0.0,0.0,0.0,0.0,0.0,0.0,0.0,0.0,0.0,180.0,180.0,0.0,1,0,0,0,0,0,0
0.0,0.0,0.0,0.0,0.0,0.0,0.0,0.0,0.0,180.0,180.0,0.0,1,0,0,0,0,0,0
0.0,0.0,0.0,0.0,0.0,0.0,0.0,0.0,0.0,180.0,180.0,0.0,1,0,0,0,0,0,0
0.0,0.0,0.0,0.0,0.0,0.0,0.0,0.0,0.0,180.0,180.0,0.0,1,0,0,0,0,0,0
0.0,0.0,0.0,0.0,0.0,0.0,0.0,0.0,0.0,180.0,180.0,0.0,1,0,0,0,0,0,0
0.0,0.0,0.0,0.0,0.0,0.0,0.0,0.0,0.0,180.0,180.0,0.0,1,0,0,0,0,0,0
0.0,0.0,0.0,0.0,0.0,0.0,0.0,0.0,0.0,180.0,180.0,0.0,1,0,0,0,0,0,0
0.0,0.0,0.0,0.0,0.0,0.0,0.0,0.0,0.0,180.0,180.0,0.0,1,0,0,0,0,0,0
0.0,0.0,0.0,0.0,0.0,0.0,0.0,0.0,0.0,180.0,180.0,0.0,1,0,0,0,0,0,0
0.0,0.0,0.0,0.0,0.0,0.0,0.0,0.0,0.0,180.0,180.0,0.0,1,0,0,0,0,0,0
0.0,0.0,0.0,0.0,0.0,0.0,0.0,0.0,0.0,180.0,180.0,0.0,1,0,0,0,0,0,0
0.0,0.0,0.0,0.0,0.0,0.0,0.0,0.0,0.0,180.0,180.0,0.0,1,0,0,0,0,0,0
0.0,0.0,0.0,0.0,0.0,0.0,0.0,0.0,0.0,180.0,180.0,0.0,1,0,0,0,0,0,0
0.0,0.0,0.0,0.0,0.0,0.0,0.0,0.0,0.0,180.0,180.0,0.0,1,0,0,0,0,0,0
0.0,0.0,0.0,0.0,0.0,0.0,0.0,0.0,0.0,180.0,180.0,0.0,1,0,0,0,0,0,0
0.0,0.0,0.0,0.0,0.0,0.0,0.0,0.0,0.0,180.0,180.0,0.0,1,0,0,0,0,0,0
0.0,0.0,0.0,0.0,0.0,0.0,0.0,0.0,0.0,180.0,180.0,0.0,1,0,0,0,0,0,0
0.0,0.0,0.0,0.0,0.0,0.0,0.0,0.0,0.0,180.0,180.0,0.0,1,0,0,0,0,0,0
0.0,0.0,0.0,0.0,0.0,0.0,0.0,0.0,0.0,180.0,180.0,0.0,1,0,0,0,0,0,0
0.0,0.0,0.0,0.0,0.0,0.0,0.0,0.0,0.0,180.0,180.0,0.0,1,0,0,0,0,0,0
0.0,0.0,0.0,0.0,0.0,0.0,0.0,0.0,0.0,180.0,180.0,0.0,1,0,0,0,0,0,0
0.0,0.0,0.0,0.0,0.0,0.0,0.0,0.0,0.0,180.0,180.0,0.0,1,0,0,0,0,0,0
0.0,0.0,0.0,0.0,0.0,0.0,0.0,0.0,0.0,180.0,180.0,0.0,1,0,0,0,0,0,0
0.0,0.0,0.0,0.0,0.0,0.0,0.0,0.0,0.0,180.0,180.0,0.0,1,0,0,0,0,0,0
0.0,0.0,0.0,0.0,0.0,0.0,0.0,0.0,0.0,180.0,180.0,0.0,1,0,0,0,0,0,0
0.0,0.0,0.0,0.0,0.0,0.0,0.0,0.0,0.0,180.0,180.0,0.0,1,0,0,0,0,0,0
0.0,0.0,0.0,0.0,0.0,0.0,0.0,0.0,0.0,180.0,180.0,0.0,1,0,0,0,0,0,0
0.0,0.0,0.0,0.0,0.0,0.0,0.0,0.0,0.0,180.0,180.0,0.0,1,0,0,0,0,0,0
0.0,0.0,0.0,0.0,0.0,0.0,0.0,0.0,0.0,180.0,180.0,0.0,1,0,0,0,0,0,0
0.0,0.0,0.0,0.0,0.0,0.0,0.0,0.0,0.0,180.0,180.0,0.0,1,0,0,0,0,0,0
0.0,0.0,0.0,0.0,0.0,0.0,0.0,0.0,0.0,180.0,180.0,0.0,1,0,0,0,0,0,0
0.0,0.0,0.0,0.0,0.0,0.0,0.0,0.0,0.0,180.0,180.0,0.0,1,0,0,0,0,0,0
0.0,0.0,0.0,0.0,0.0,0.0,0.0,0.0,0.0,180.0,180.0,0.0,1,0,0,0,0,0,0
0.0,0.0,0.0,0.0,0.0,0.0,0.0,0.0,0.0,180.0,180.0,0.0,1,0,0,0,0,0,0
0.0,0.0,0.0,0.0,0.0,0.0,0.0,0.0,0.0,180.0,180.0,0.0,1,0,0,0,0,0,0
0.0,0.0,0.0,0.0,0.0,0.0,0.0,0.0,0.0,180.0,180.0,0.0,1,0,0,0,0,0,0
0.0,0.0,0.0,0.0,0.0,0.0,0.0,0.0,0.0,180.0,180.0,0.0,1,0,0,0,0,0,0
0.0,0.0,0.0,0.0,0.0,0.0,0.0,0.0,0.0,180.0,180.0,0.0,1,0,0,0,0,0,0
0.0,0.0,0.0,0.0,0.0,0.0,0.0,0.0,0.0,180.0,180.0,0.0,1,0,0,0,0,0,0
0.0,0.0,0.0,0.0,0.0,0.0,0.0,0.0,0.0,180.0,180.0,0.0,1,0,0,0,0,0,0
0.0,0.0,0.0,0.0,0.0,0.0,0.0,0.0,0.0,180.0,180.0,0.0,1,0,0,0,0,0,0
0.0,0.0,0.0,0.0,0.0,0.0,0.0,0.0,0.0,180.0,180.0,0.0,1,0,0,0,0,0,0
0.0,0.0,0.0,0.0,0.0,0.0,0.0,0.0,0.0,180.0,180.0,0.0,1,0,0,0,0,0,0
0.0,0.0,0.0,0.0,0.0,0.0,0.0,0.0,0.0,180.0,180.0,0.0,1,0,0,0,0,0,0
0.0,0.0,0.0,0.0,0.0,0.0,0.0,0.0,0.0,180.0,180.0,0.0,1,0,0,0,0,0,0
0.0,0.0,0.0,0.0,0.0,0.0,0.0,0.0,0.0,180.0,180.0,0.0,1,0,0,0,0,0,0
0.0,0.0,0.0,0.0,0.0,0.0,0.0,0.0,0.0,180.0,180.0,0.0,1,0,0,0,0,0,0
0.0,0.0,0.0,0.0,0.0,0.0,0.0,0.0,0.0,180.0,180.0,0.0,1,0,0,0,0,0,0
0.0,0.0,0.0,0.0,0.0,0.0,0.0,0.0,0.0,180.0,180.0,0.0,1,0,0,0,0,0,0
0.0,0.0,0.0,0.0,0.0,0.0,0.0,0.0,0.0,180.0,180.0,0.0,1,0,0,0,0,0,0
0.0,0.0,0.0,0.0,0.0,0.0,0.0,0.0,0.0,180.0,180.0,0.0,1,0,0,0,0,0,0
0.0,0.0,0.0,0.0,0.0,0.0,0.0,0.0,0.0,180.0,180.0,0.0,1,0,0,0,0,0,0
0.0,0.0,0.0,0.0,0.0,0.0,0.0,0.0,0.0,180.0,180.0,0.0,1,0,0,0,0,0,0
0.0,0.0,0.0,0.0,0.0,0.0,0.0,0.0,0.0,180.0,180.0,0.0,1,0,0,0,0,0,0
0.0,0.0,0.0,0.0,0.0,0.0,0.0,0.0,0.0,180.0,180.0,0.0,1,0,0,0,0,0,0
0.0,0.0,0.0,0.0,0.0,0.0,0.0,0.0,0.0,180.0,180.0,0.0,1,0,0,0,0,0,0
0.0,0.0,0.0,0.0,0.0,0.0,0.0,0.0,0.0,180.0,180.0,0.0,1,0,0,0,0,0,0
0.0,0.0,0.0,0.0,0.0,0.0,0.0,0.0,0.0,180.0,180.0,0.0,1,0,0,0,0,0,0
0.0,0.0,0.0,0.0,0.0,0.0,0.0,0.0,0.0,180.0,180.0,0.0,1,0,0,0,0,0,0
0.0,0.0,0.0,0.0,0.0,0.0,0.0,0.0,0.0,180.0,180.0,0.0,1,0,0,0,0,0,0
0.0,0.0,0.0,0.0,0.0,0.0,0.0,0.0,0.0,180.0,180.0,0.0,1,0,0,0,0,0,0
0.0,0.0,0.0,0.0,0.0,0.0,0.0,0.0,0.0,180.0,180.0,0.0,1,0,0,0,0,0,0
0.0,0.0,0.0,0.0,0.0,0.0,0.0,0.0,0.0,180.0,180.0,0.0,1,0,0,0,0,0,0
0.0,0.0,0.0,0.0,0.0,0.0,0.0,0.0,0.0,180.0,180.0,0.0,1,0,0,0,0,0,0
0.0,0.0,0.0,0.0,0.0,0.0,0.0,0.0,0.0,180.0,180.0,0.0,1,0,0,0,0,0,0
0.0,0.0,0.0,0.0,0.0,0.0,0.0,0.0,0.0,180.0,180.0,0.0,1,0,0,0,0,0,0
0.0,0.0,0.0,0.0,0.0,0.0,0.0,0.0,0.0,180.0,180.0,0.0,1,0,0,0,0,0,0
0.0,0.0,0.0,0.0,0.0,0.0,0.0,0.0,0.0,180.0,180.0,0.0,1,0,0,0,0,0,0
0.0,0.0,0.0,0.0,0.0,0.0,0.0,0.0,0.0,180.0,180.0,0.0,1,0,0,0,0,0,0
0.0,0.0,0.0,0.0,0.0,0.0,0.0,0.0,0.0,180.0,180.0,0.0,1,0,0,0,0,0,0
0.0,0.0,0.0,0.0,0.0,0.0,0.0,0.0,0.0,180.0,180.0,0.0,1,0,0,0,0,0,0
0.0,0.0,0.0,0.0,0.0,0.0,0.0,0.0,0.0,180.0,180.0,0.0,1,0,0,0,0,0,0
0.0,0.0,0.0,0.0,0.0,0.0,0.0,0.0,0.0,180.0,180.0,0.0,1,0,0,0,0,0,0
0.0,0.0,0.0,0.0,0.0,0.0,0.0,0.0,0.0,180.0,180.0,0.0,1,0,0,0,0,0,0
0.0,0.0,0.0,0.0,0.0,0.0,0.0,0.0,0.0,180.0,180.0,0.0,1,0,0,0,0,0,0
0.0,0.0,0.0,0.0,0.0,0.0,0.0,0.0,0.0,180.0,180.0,0.0,1,0,0,0,0,0,0
0.0,0.0,0.0,0.0,0.0,0.0,0.0,0.0,0.0,180.0,180.0,0.0,1,0,0,0,0,0,0
0.0,0.0,0.0,0.0,0.0,0.0,0.0,0.0,0.0,180.0,180.0,0.0,1,0,0,0,0,0,0
0.0,0.0,0.0,0.0,0.0,0.0,0.0,0.0,0.0,180.0,180.0,0.0,1,0,0,0,0,0,0
0.0,0.0,0.0,0.0,0.0,0.0,0.0,0.0,0.0,180.0,180.0,0.0,1,0,0,0,0,0,0
0.0,0.0,0.0,0.0,0.0,0.0,0.0,0.0,0.0,180.0,180.0,0.0,1,0,0,0,0,0,0
0.0,0.0,0.0,0.0,0.0,0.0,0.0,0.0,0.0,180.0,180.0,0.0,1,0,0,0,0,0,0
0.0,0.0,0.0,0.0,0.0,0.0,0.0,0.0,0.0,180.0,180.0,0.0,1,0,0,0,0,0,0
0.0,0.0,0.0,0.0,0.0,0.0,0.0,0.0,0.0,180.0,180.0,0.0,1,0,0,0,0,0,0
0.0,0.0,0.0,0.0,0.0,0.0,0.0,0.0,0.0,180.0,180.0,0.0,1,0,0,0,0,0,0
0.0,0.0,0.0,0.0,0.0,0.0,0.0,0.0,0.0,180.0,180.0,0.0,1,0,0,0,0,0,0
0.0,0.0,0.0,0.0,0.0,0.0,0.0,0.0,0.0,180.0,180.0,0.0,1,0,0,0,0,0,0
0.0,0.0,0.0,0.0,0.0,0.0,0.0,0.0,0.0,180.0,180.0,0.0,1,0,0,0,0,0,0
0.0,0.0,0.0,0.0,0.0,0.0,0.0,0.0,0.0,180.0,180.0,0.0,1,0,0,0,0,0,0
0.0,0.0,0.0,0.0,0.0,0.0,0.0,0.0,0.0,180.0,180.0,0.0,1,0,0,0,0,0,0
0.0,0.0,0.0,0.0,0.0,0.0,0.0,0.0,0.0,180.0,180.0,0.0,1,0,0,0,0,0,0
0.0,0.0,0.0,0.0,0.0,0.0,0.0,0.0,0.0,180.0,180.0,0.0,1,0,0,0,0,0,0
0.0,0.0,0.0,0.0,0.0,0.0,0.0,0.0,0.0,180.0,180.0,0.0,1,0,0,0,0,0,0
0.0,0.0,0.0,0.0,0.0,0.0,0.0,0.0,0.0,180.0,180.0,0.0,1,0,0,0,0,0,0
0.0,0.0,0.0,0.0,0.0,0.0,0.0,0.0,0.0,180.0,180.0,0.0,1,0,0,0,0,0,0
0.0,0.0,0.0,0.0,0.0,0.0,0.0,0.0,0.0,180.0,180.0,0.0,1,0,0,0,0,0,0
0.0,0.0,0.0,0.0,0.0,0.0,0.0,0.0,0.0,180.0,180.0,0.0,1,0,0,0,0,0,0
0.0,0.0,0.0,0.0,0.0,0.0,0.0,0.0,0.0,180.0,180.0,0.0,1,0,0,0,0,0,0
0.0,0.0,0.0,0.0,0.0,0.0,0.0,0.0,0.0,180.0,180.0,0.0,1,0,0,0,0,0,0
0.0,0.0,0.0,0.0,0.0,0.0,0.0,0.0,0.0,180.0,180.0,0.0,1,0,0,0,0,0,0
0.0,0.0,0.0,0.0,0.0,0.0,0.0,0.0,0.0,180.0,180.0,0.0,1,0,0,0,0,0,0
0.0,0.0,0.0,0.0,0.0,0.0,0.0,0.0,0.0,180.0,180.0,0.0,1,0,0,0,0,0,0
0.0,0.0,0.0,0.0,0.0,0.0,0.0,0.0,0.0,180.0,180.0,0.0,1,0,0,0,0,0,0
0.0,0.0,0.0,0.0,0.0,0.0,0.0,0.0,0.0,180.0,180.0,0.0,1,0,0,0,0,0,0
0.0,0.0,0.0,0.0,0.0,0.0,0.0,0.0,0.0,180.0,180.0,0.0,1,0,0,0,0,0,0
0.0,0.0,0.0,0.0,0.0,0.0,0.0,0.0,0.0,180.0,180.0,0.0,1,0,0,0,0,0,0
0.0,0.0,0.0,0.0,0.0,0.0,0.0,0.0,0.0,180.0,180.0,0.0,1,0,0,0,0,0,0
0.0,0.0,0.0,0.0,0.0,0.0,0.0,0.0,0.0,180.0,180.0,0.0,1,0,0,0,0,0,0
0.0,0.0,0.0,0.0,0.0,0.0,0.0,0.0,0.0,180.0,180.0,0.0,1,0,0,0,0,0,0
0.0,0.0,0.0,0.0,0.0,0.0,0.0,0.0,0.0,180.0,180.0,0.0,1,0,0,0,0,0,0
0.0,0.0,0.0,0.0,0.0,0.0,0.0,0.0,0.0,180.0,180.0,0.0,1,0,0,0,0,0,0
0.0,0.0,0.0,0.0,0.0,0.0,0.0,0.0,0.0,180.0,180.0,0.0,1,0,0,0,0,0,0
0.0,0.0,0.0,0.0,0.0,0.0,0.0,0.0,0.0,180.0,180.0,0.0,1,0,0,0,0,0,0
0.0,0.0,0.0,0.0,0.0,0.0,0.0,0.0,0.0,180.0,180.0,0.0,1,0,0,0,0,0,0
0.0,0.0,0.0,0.0,0.0,0.0,0.0,0.0,0.0,180.0,180.0,0.0,1,0,0,0,0,0,0
0.0,0.0,0.0,0.0,0.0,0.0,0.0,0.0,0.0,180.0,180.0,0.0,1,0,0,0,0,0,0
0.0,0.0,0.0,0.0,0.0,0.0,0.0,0.0,0.0,180.0,180.0,0.0,1,0,0,0,0,0,0
0.0,0.0,0.0,0.0,0.0,0.0,0.0,0.0,0.0,180.0,180.0,0.0,1,0,0,0,0,0,0
0.0,0.0,0.0,0.0,0.0,0.0,0.0,0.0,0.0,180.0,180.0,0.0,1,0,0,0,0,0,0
0.0,0.0,0.0,0.0,0.0,0.0,0.0,0.0,0.0,180.0,180.0,0.0,1,0,0,0,0,0,0
0.0,0.0,0.0,0.0,0.0,0.0,0.0,0.0,0.0,180.0,180.0,0.0,1,0,0,0,0,0,0
0.0,0.0,0.0,0.0,0.0,0.0,0.0,0.0,0.0,180.0,180.0,0.0,1,0,0,0,0,0,0
0.0,0.0,0.0,0.0,0.0,0.0,0.0,0.0,0.0,180.0,180.0,0.0,1,0,0,0,0,0,0
0.0,0.0,0.0,0.0,0.0,0.0,0.0,0.0,0.0,180.0,180.0,0.0,1,0,0,0,0,0,0
0.0,0.0,0.0,0.0,0.0,0.0,0.0,0.0,0.0,180.0,180.0,0.0,1,0,0,0,0,0,0
0.0,0.0,0.0,0.0,0.0,0.0,0.0,0.0,0.0,180.0,180.0,0.0,1,0,0,0,0,0,0
0.0,0.0,0.0,0.0,0.0,0.0,0.0,0.0,0.0,180.0,180.0,0.0,1,0,0,0,0,0,0
0.0,0.0,0.0,0.0,0.0,0.0,0.0,0.0,0.0,180.0,180.0,0.0,1,0,0,0,0,0,0
0.0,0.0,0.0,0.0,0.0,0.0,0.0,0.0,0.0,180.0,180.0,0.0,1,0,0,0,0,0,0
0.0,0.0,0.0,0.0,0.0,0.0,0.0,0.0,0.0,180.0,180.0,0.0,1,0,0,0,0,0,0
0.0,0.0,0.0,0.0,0.0,0.0,0.0,0.0,0.0,180.0,180.0,0.0,1,0,0,0,0,0,0
0.0,0.0,0.0,0.0,0.0,0.0,0.0,0.0,0.0,180.0,180.0,0.0,1,0,0,0,0,0,0
0.0,0.0,0.0,0.0,0.0,0.0,0.0,0.0,0.0,180.0,180.0,0.0,1,0,0,0,0,0,0
0.0,0.0,0.0,0.0,0.0,0.0,0.0,0.0,0.0,180.0,180.0,0.0,1,0,0,0,0,0,0
0.0,0.0,0.0,0.0,0.0,0.0,0.0,0.0,0.0,180.0,180.0,0.0,1,0,0,0,0,0,0
0.0,0.0,0.0,0.0,0.0,0.0,0.0,0.0,0.0,180.0,180.0,0.0,1,0,0,0,0,0,0
0.0,0.0,0.0,0.0,0.0,0.0,0.0,0.0,0.0,180.0,180.0,0.0,1,0,0,0,0,0,0
0.0,0.0,0.0,0.0,0.0,0.0,0.0,0.0,0.0,180.0,180.0,0.0,1,0,0,0,0,0,0
0.0,0.0,0.0,0.0,0.0,0.0,0.0,0.0,0.0,180.0,180.0,0.0,1,0,0,0,0,0,0
0.0,0.0,0.0,0.0,0.0,0.0,0.0,0.0,0.0,180.0,180.0,0.0,1,0,0,0,0,0,0
0.0,0.0,0.0,0.0,0.0,0.0,0.0,0.0,0.0,180.0,180.0,0.0,1,0,0,0,0,0,0
0.0,0.0,0.0,0.0,0.0,0.0,0.0,0.0,0.0,180.0,180.0,0.0,1,0,0,0,0,0,0
0.0,0.0,0.0,0.0,0.0,0.0,0.0,0.0,0.0,180.0,180.0,0.0,1,0,0,0,0,0,0
0.0,0.0,0.0,0.0,0.0,0.0,0.0,0.0,0.0,180.0,180.0,0.0,1,0,0,0,0,0,0
0.0,0.0,0.0,0.0,0.0,0.0,0.0,0.0,0.0,180.0,180.0,0.0,1,0,0,0,0,0,0
0.0,0.0,0.0,0.0,0.0,0.0,0.0,0.0,0.0,180.0,180.0,0.0,1,0,0,0,0,0,0
0.0,0.0,0.0,0.0,0.0,0.0,0.0,0.0,0.0,180.0,180.0,0.0,1,0,0,0,0,0,0
0.0,0.0,0.0,0.0,0.0,0.0,0.0,0.0,0.0,180.0,180.0,0.0,1,0,0,0,0,0,0
0.0,0.0,0.0,0.0,0.0,0.0,0.0,0.0,0.0,180.0,180.0,0.0,1,0,0,0,0,0,0
0.0,0.0,0.0,0.0,0.0,0.0,0.0,0.0,0.0,180.0,180.0,0.0,1,0,0,0,0,0,0
0.0,0.0,0.0,0.0,0.0,0.0,0.0,0.0,0.0,180.0,180.0,0.0,1,0,0,0,0,0,0
0.0,0.0,0.0,0.0,0.0,0.0,0.0,0.0,0.0,180.0,180.0,0.0,1,0,0,0,0,0,0
0.0,0.0,0.0,0.0,0.0,0.0,0.0,0.0,0.0,180.0,180.0,0.0,1,0,0,0,0,0,0
0.0,0.0,0.0,0.0,0.0,0.0,0.0,0.0,0.0,180.0,180.0,0.0,1,0,0,0,0,0,0
0.0,0.0,0.0,0.0,0.0,0.0,0.0,0.0,0.0,180.0,180.0,0.0,1,0,0,0,0,0,0
0.0,0.0,0.0,0.0,0.0,0.0,0.0,0.0,0.0,180.0,180.0,0.0,1,0,0,0,0,0,0
0.0,0.0,0.0,0.0,0.0,0.0,0.0,0.0,0.0,180.0,180.0,0.0,1,0,0,0,0,0,0
0.0,0.0,0.0,0.0,0.0,0.0,0.0,0.0,0.0,180.0,180.0,0.0,1,0,0,0,0,0,0
0.0,0.0,0.0,0.0,0.0,0.0,0.0,0.0,0.0,180.0,180.0,0.0,1,0,0,0,0,0,0
0.0,0.0,0.0,0.0,0.0,0.0,0.0,0.0,0.0,180.0,180.0,0.0,1,0,0,0,0,0,0
0.0,0.0,0.0,0.0,0.0,0.0,0.0,0.0,0.0,180.0,180.0,0.0,1,0,0,0,0,0,0
0.0,0.0,0.0,0.0,0.0,0.0,0.0,0.0,0.0,180.0,180.0,0.0,1,0,0,0,0,0,0
0.0,0.0,0.0,0.0,0.0,0.0,0.0,0.0,0.0,180.0,180.0,0.0,1,0,0,0,0,0,0
0.0,0.0,0.0,0.0,0.0,0.0,0.0,0.0,0.0,180.0,180.0,0.0,1,0,0,0,0,0,0
0.0,0.0,0.0,0.0,0.0,0.0,0.0,0.0,0.0,180.0,180.0,0.0,1,0,0,0,0,0,0
0.0,0.0,0.0,0.0,0.0,0.0,0.0,0.0,0.0,180.0,180.0,0.0,1,0,0,0,0,0,0
0.0,0.0,0.0,0.0,0.0,0.0,0.0,0.0,0.0,180.0,180.0,0.0,1,0,0,0,0,0,0
0.0,0.0,0.0,0.0,0.0,0.0,0.0,0.0,0.0,180.0,180.0,0.0,1,0,0,0,0,0,0
0.0,0.0,0.0,0.0,0.0,0.0,0.0,0.0,0.0,180.0,180.0,0.0,1,0,0,0,0,0,0
0.0,0.0,0.0,0.0,0.0,0.0,0.0,0.0,0.0,180.0,180.0,0.0,1,0,0,0,0,0,0
0.0,0.0,0.0,0.0,0.0,0.0,0.0,0.0,0.0,180.0,180.0,0.0,1,0,0,0,0,0,0
0.0,0.0,0.0,0.0,0.0,0.0,0.0,0.0,0.0,180.0,180.0,0.0,1,0,0,0,0,0,0
0.0,0.0,0.0,0.0,0.0,0.0,0.0,0.0,0.0,180.0,180.0,0.0,1,0,0,0,0,0,0
0.0,0.0,0.0,0.0,0.0,0.0,0.0,0.0,0.0,180.0,180.0,0.0,1,0,0,0,0,0,0
0.0,0.0,0.0,0.0,0.0,0.0,0.0,0.0,0.0,180.0,180.0,0.0,1,0,0,0,0,0,0
0.0,0.0,0.0,0.0,0.0,0.0,0.0,0.0,0.0,180.0,180.0,0.0,1,0,0,0,0,0,0
0.0,0.0,0.0,0.0,0.0,0.0,0.0,0.0,0.0,180.0,180.0,0.0,1,0,0,0,0,0,0
0.0,0.0,0.0,0.0,0.0,0.0,0.0,0.0,0.0,180.0,180.0,0.0,1,0,0,0,0,0,0
0.0,0.0,0.0,0.0,0.0,0.0,0.0,0.0,0.0,180.0,180.0,0.0,1,0,0,0,0,0,0
0.0,0.0,0.0,0.0,0.0,0.0,0.0,0.0,0.0,180.0,180.0,0.0,1,0,0,0,0,0,0
0.0,0.0,0.0,0.0,0.0,0.0,0.0,0.0,0.0,180.0,180.0,0.0,1,0,0,0,0,0,0
0.0,0.0,0.0,0.0,0.0,0.0,0.0,0.0,0.0,180.0,180.0,0.0,1,0,0,0,0,0,0
0.0,0.0,0.0,0.0,0.0,0.0,0.0,0.0,0.0,180.0,180.0,0.0,1,0,0,0,0,0,0
0.0,0.0,0.0,0.0,0.0,0.0,0.0,0.0,0.0,180.0,180.0,0.0,1,0,0,0,0,0,0
0.0,0.0,0.0,0.0,0.0,0.0,0.0,0.0,0.0,180.0,180.0,0.0,1,0,0,0,0,0,0
0.0,0.0,0.0,0.0,0.0,0.0,0.0,0.0,0.0,180.0,180.0,0.0,1,0,0,0,0,0,0
0.0,0.0,0.0,0.0,0.0,0.0,0.0,0.0,0.0,180.0,180.0,0.0,1,0,0,0,0,0,0
0.0,0.0,0.0,0.0,0.0,0.0,0.0,0.0,0.0,180.0,180.0,0.0,1,0,0,0,0,0,0
0.0,0.0,0.0,0.0,0.0,0.0,0.0,0.0,0.0,180.0,180.0,0.0,1,0,0,0,0,0,0
0.0,0.0,0.0,0.0,0.0,0.0,0.0,0.0,0.0,180.0,180.0,0.0,1,0,0,0,0,0,0
0.0,0.0,0.0,0.0,0.0,0.0,0.0,0.0,0.0,180.0,180.0,0.0,1,0,0,0,0,0,0
0.0,0.0,0.0,0.0,0.0,0.0,0.0,0.0,0.0,180.0,180.0,0.0,1,0,0,0,0,0,0
0.0,0.0,0.0,0.0,0.0,0.0,0.0,0.0,0.0,180.0,180.0,0.0,1,0,0,0,0,0,0
0.0,0.0,0.0,0.0,0.0,0.0,0.0,0.0,0.0,180.0,180.0,0.0,1,0,0,0,0,0,0
0.0,0.0,0.0,0.0,0.0,0.0,0.0,0.0,0.0,180.0,180.0,0.0,1,0,0,0,0,0,0
0.0,0.0,0.0,0.0,0.0,0.0,0.0,0.0,0.0,180.0,180.0,0.0,1,0,0,0,0,0,0
0.0,0.0,0.0,0.0,0.0,0.0,0.0,0.0,0.0,180.0,180.0,0.0,1,0,0,0,0,0,0
0.0,0.0,0.0,0.0,0.0,0.0,0.0,0.0,0.0,180.0,180.0,0.0,1,0,0,0,0,0,0
0.0,0.0,0.0,0.0,0.0,0.0,0.0,0.0,0.0,180.0,180.0,0.0,1,0,0,0,0,0,0
0.0,0.0,0.0,0.0,0.0,0.0,0.0,0.0,0.0,180.0,180.0,0.0,1,0,0,0,0,0,0
0.0,0.0,0.0,0.0,0.0,0.0,0.0,0.0,0.0,180.0,180.0,0.0,1,0,0,0,0,0,0
0.0,0.0,0.0,0.0,0.0,0.0,0.0,0.0,0.0,180.0,180.0,0.0,1,0,0,0,0,0,0
0.0,0.0,0.0,0.0,0.0,0.0,0.0,0.0,0.0,180.0,180.0,0.0,1,0,0,0,0,0,0
0.0,0.0,0.0,0.0,0.0,0.0,0.0,0.0,0.0,180.0,180.0,0.0,1,0,0,0,0,0,0
0.0,0.0,0.0,0.0,0.0,0.0,0.0,0.0,0.0,180.0,180.0,0.0,1,0,0,0,0,0,0
0.0,0.0,0.0,0.0,0.0,0.0,0.0,0.0,0.0,180.0,180.0,0.0,1,0,0,0,0,0,0
0.0,0.0,0.0,0.0,0.0,0.0,0.0,0.0,0.0,180.0,180.0,0.0,1,0,0,0,0,0,0
0.0,0.0,0.0,0.0,0.0,0.0,0.0,0.0,0.0,180.0,180.0,0.0,1,0,0,0,0,0,0
0.0,0.0,0.0,0.0,0.0,0.0,0.0,0.0,0.0,180.0,180.0,0.0,1,0,0,0,0,0,0
0.0,0.0,0.0,0.0,0.0,0.0,0.0,0.0,0.0,180.0,180.0,0.0,1,0,0,0,0,0,0
0.0,0.0,0.0,0.0,0.0,0.0,0.0,0.0,0.0,180.0,180.0,0.0,1,0,0,0,0,0,0
0.0,0.0,0.0,0.0,0.0,0.0,0.0,0.0,0.0,180.0,180.0,0.0,1,0,0,0,0,0,0
0.0,0.0,0.0,0.0,0.0,0.0,0.0,0.0,0.0,180.0,180.0,0.0,1,0,0,0,0,0,0
0.0,0.0,0.0,0.0,0.0,0.0,0.0,0.0,0.0,180.0,180.0,0.0,1,0,0,0,0,0,0
0.0,0.0,0.0,0.0,0.0,0.0,0.0,0.0,0.0,180.0,180.0,0.0,1,0,0,0,0,0,0
0.0,0.0,0.0,0.0,0.0,0.0,0.0,0.0,0.0,180.0,180.0,0.0,1,0,0,0,0,0,0
0.0,0.0,0.0,0.0,0.0,0.0,0.0,0.0,0.0,180.0,180.0,0.0,1,0,0,0,0,0,0
0.0,0.0,0.0,0.0,0.0,0.0,0.0,0.0,0.0,180.0,180.0,0.0,1,0,0,0,0,0,0
0.0,0.0,0.0,0.0,0.0,0.0,0.0,0.0,0.0,180.0,180.0,0.0,1,0,0,0,0,0,0
0.0,0.0,0.0,0.0,0.0,0.0,0.0,0.0,0.0,180.0,180.0,0.0,1,0,0,0,0,0,0
0.0,0.0,0.0,0.0,0.0,0.0,0.0,0.0,0.0,180.0,180.0,0.0,1,0,0,0,0,0,0
0.0,0.0,0.0,0.0,0.0,0.0,0.0,0.0,0.0,180.0,180.0,0.0,1,0,0,0,0,0,0
0.0,0.0,0.0,0.0,0.0,0.0,0.0,0.0,0.0,180.0,180.0,0.0,1,0,0,0,0,0,0
0.0,0.0,0.0,0.0,0.0,0.0,0.0,0.0,0.0,180.0,180.0,0.0,1,0,0,0,0,0,0
0.0,0.0,0.0,0.0,0.0,0.0,0.0,0.0,0.0,180.0,180.0,0.0,1,0,0,0,0,0,0
0.0,0.0,0.0,0.0,0.0,0.0,0.0,0.0,0.0,180.0,180.0,0.0,1,0,0,0,0,0,0
0.0,0.0,0.0,0.0,0.0,0.0,0.0,0.0,0.0,180.0,180.0,0.0,1,0,0,0,0,0,0
0.0,0.0,0.0,0.0,0.0,0.0,0.0,0.0,0.0,180.0,180.0,0.0,1,0,0,0,0,0,0
0.0,0.0,0.0,0.0,0.0,0.0,0.0,0.0,0.0,180.0,180.0,0.0,1,0,0,0,0,0,0
0.0,0.0,0.0,0.0,0.0,0.0,0.0,0.0,0.0,180.0,180.0,0.0,1,0,0,0,0,0,0
0.0,0.0,0.0,0.0,0.0,0.0,0.0,0.0,0.0,180.0,180.0,0.0,1,0,0,0,0,0,0
0.0,0.0,0.0,0.0,0.0,0.0,0.0,0.0,0.0,180.0,180.0,0.0,1,0,0,0,0,0,0
0.0,0.0,0.0,0.0,0.0,0.0,0.0,0.0,0.0,180.0,180.0,0.0,1,0,0,0,0,0,0
0.0,0.0,0.0,0.0,0.0,0.0,0.0,0.0,0.0,180.0,180.0,0.0,1,0,0,0,0,0,0
0.0,0.0,0.0,0.0,0.0,0.0,0.0,0.0,0.0,180.0,180.0,0.0,1,0,0,0,0,0,0
0.0,0.0,0.0,0.0,0.0,0.0,0.0,0.0,0.0,180.0,180.0,0.0,1,0,0,0,0,0,0
0.0,0.0,0.0,0.0,0.0,0.0,0.0,0.0,0.0,180.0,180.0,0.0,1,0,0,0,0,0,0
0.0,0.0,0.0,0.0,0.0,0.0,0.0,0.0,0.0,180.0,180.0,0.0,1,0,0,0,0,0,0
0.0,0.0,0.0,0.0,0.0,0.0,0.0,0.0,0.0,180.0,180.0,0.0,1,0,0,0,0,0,0
0.0,0.0,0.0,0.0,0.0,0.0,0.0,0.0,0.0,180.0,180.0,0.0,1,0,0,0,0,0,0
0.0,0.0,0.0,0.0,0.0,0.0,0.0,0.0,0.0,180.0,180.0,0.0,1,0,0,0,0,0,0
0.0,0.0,0.0,0.0,0.0,0.0,0.0,0.0,0.0,180.0,180.0,0.0,1,0,0,0,0,0,0
0.0,0.0,0.0,0.0,0.0,0.0,0.0,0.0,0.0,180.0,180.0,0.0,1,0,0,0,0,0,0
0.0,0.0,0.0,0.0,0.0,0.0,0.0,0.0,0.0,180.0,180.0,0.0,1,0,0,0,0,0,0
0.0,0.0,0.0,0.0,0.0,0.0,0.0,0.0,0.0,180.0,180.0,0.0,1,0,0,0,0,0,0
0.0,0.0,0.0,0.0,0.0,0.0,0.0,0.0,0.0,180.0,180.0,0.0,1,0,0,0,0,0,0
0.0,0.0,0.0,0.0,0.0,0.0,0.0,0.0,0.0,180.0,180.0,0.0,1,0,0,0,0,0,0
0.0,0.0,0.0,0.0,0.0,0.0,0.0,0.0,0.0,180.0,180.0,0.0,1,0,0,0,0,0,0
0.0,0.0,0.0,0.0,0.0,0.0,0.0,0.0,0.0,180.0,180.0,0.0,1,0,0,0,0,0,0
0.0,0.0,0.0,0.0,0.0,0.0,0.0,0.0,0.0,180.0,180.0,0.0,1,0,0,0,0,0,0
0.0,0.0,0.0,0.0,0.0,0.0,0.0,0.0,0.0,180.0,180.0,0.0,1,0,0,0,0,0,0
0.0,0.0,0.0,0.0,0.0,0.0,0.0,0.0,0.0,180.0,180.0,0.0,1,0,0,0,0,0,0
0.0,0.0,0.0,0.0,0.0,0.0,0.0,0.0,0.0,180.0,180.0,0.0,1,0,0,0,0,0,0
0.0,0.0,0.0,0.0,0.0,0.0,0.0,0.0,0.0,180.0,180.0,0.0,1,0,0,0,0,0,0
0.0,0.0,0.0,0.0,0.0,0.0,0.0,0.0,0.0,180.0,180.0,0.0,1,0,0,0,0,0,0
0.0,0.0,0.0,0.0,0.0,0.0,0.0,0.0,0.0,180.0,180.0,0.0,1,0,0,0,0,0,0
0.0,0.0,0.0,0.0,0.0,0.0,0.0,0.0,0.0,180.0,180.0,0.0,1,0,0,0,0,0,0
0.0,0.0,0.0,0.0,0.0,0.0,0.0,0.0,0.0,180.0,180.0,0.0,1,0,0,0,0,0,0
0.0,0.0,0.0,0.0,0.0,0.0,0.0,0.0,0.0,180.0,180.0,0.0,1,0,0,0,0,0,0
0.0,0.0,0.0,0.0,0.0,0.0,0.0,0.0,0.0,180.0,180.0,0.0,1,0,0,0,0,0,0
0.0,0.0,0.0,0.0,0.0,0.0,0.0,0.0,0.0,180.0,180.0,0.0,1,0,0,0,0,0,0
0.0,0.0,0.0,0.0,0.0,0.0,0.0,0.0,0.0,180.0,180.0,0.0,1,0,0,0,0,0,0
0.0,0.0,0.0,0.0,0.0,0.0,0.0,0.0,0.0,180.0,180.0,0.0,1,0,0,0,0,0,0
0.0,0.0,0.0,0.0,0.0,0.0,0.0,0.0,0.0,180.0,180.0,0.0,1,0,0,0,0,0,0
0.0,0.0,0.0,0.0,0.0,0.0,0.0,0.0,0.0,180.0,180.0,0.0,1,0,0,0,0,0,0
0.0,0.0,0.0,0.0,0.0,0.0,0.0,0.0,0.0,180.0,180.0,0.0,1,0,0,0,0,0,0
0.0,0.0,0.0,0.0,0.0,0.0,0.0,0.0,0.0,180.0,180.0,0.0,1,0,0,0,0,0,0
0.0,0.0,0.0,0.0,0.0,0.0,0.0,0.0,0.0,180.0,180.0,0.0,1,0,0,0,0,0,0
0.0,0.0,0.0,0.0,0.0,0.0,0.0,0.0,0.0,180.0,180.0,0.0,1,0,0,0,0,0,0
0.0,0.0,0.0,0.0,0.0,0.0,0.0,0.0,0.0,180.0,180.0,0.0,1,0,0,0,0,0,0
0.0,0.0,0.0,0.0,0.0,0.0,0.0,0.0,0.0,180.0,180.0,0.0,1,0,0,0,0,0,0
0.0,0.0,0.0,0.0,0.0,0.0,0.0,0.0,0.0,180.0,180.0,0.0,1,0,0,0,0,0,0
0.0,0.0,0.0,0.0,0.0,0.0,0.0,0.0,0.0,180.0,180.0,0.0,1,0,0,0,0,0,0
0.0,0.0,0.0,0.0,0.0,0.0,0.0,0.0,0.0,180.0,180.0,0.0,1,0,0,0,0,0,0
0.0,0.0,0.0,0.0,0.0,0.0,0.0,0.0,0.0,180.0,180.0,0.0,1,0,0,0,0,0,0
0.0,0.0,0.0,0.0,0.0,0.0,0.0,0.0,0.0,180.0,180.0,0.0,1,0,0,0,0,0,0
0.0,0.0,0.0,0.0,0.0,0.0,0.0,0.0,0.0,180.0,180.0,0.0,1,0,0,0,0,0,0
0.0,0.0,0.0,0.0,0.0,0.0,0.0,0.0,0.0,180.0,180.0,0.0,1,0,0,0,0,0,0
0.0,0.0,0.0,0.0,0.0,0.0,0.0,0.0,0.0,180.0,180.0,0.0,1,0,0,0,0,0,0
0.0,0.0,0.0,0.0,0.0,0.0,0.0,0.0,0.0,180.0,180.0,0.0,1,0,0,0,0,0,0
0.0,0.0,0.0,0.0,0.0,0.0,0.0,0.0,0.0,180.0,180.0,0.0,1,0,0,0,0,0,0
0.0,0.0,0.0,0.0,0.0,0.0,0.0,0.0,0.0,180.0,180.0,0.0,1,0,0,0,0,0,0
0.0,0.0,0.0,0.0,0.0,0.0,0.0,0.0,0.0,180.0,180.0,0.0,1,0,0,0,0,0,0
0.0,0.0,0.0,0.0,0.0,0.0,0.0,0.0,0.0,180.0,180.0,0.0,1,0,0,0,0,0,0
0.0,0.0,0.0,0.0,0.0,0.0,0.0,0.0,0.0,180.0,180.0,0.0,1,0,0,0,0,0,0
0.0,0.0,0.0,0.0,0.0,0.0,0.0,0.0,0.0,180.0,180.0,0.0,1,0,0,0,0,0,0
0.0,0.0,0.0,0.0,0.0,0.0,0.0,0.0,0.0,180.0,180.0,0.0,1,0,0,0,0,0,0
0.0,0.0,0.0,0.0,0.0,0.0,0.0,0.0,0.0,180.0,180.0,0.0,1,0,0,0,0,0,0
0.0,0.0,0.0,0.0,0.0,0.0,0.0,0.0,0.0,180.0,180.0,0.0,1,0,0,0,0,0,0
0.0,0.0,0.0,0.0,0.0,0.0,0.0,0.0,0.0,180.0,180.0,0.0,1,0,0,0,0,0,0
0.0,0.0,0.0,0.0,0.0,0.0,0.0,0.0,0.0,180.0,180.0,0.0,1,0,0,0,0,0,0
0.0,0.0,0.0,0.0,0.0,0.0,0.0,0.0,0.0,180.0,180.0,0.0,1,0,0,0,0,0,0
0.0,0.0,0.0,0.0,0.0,0.0,0.0,0.0,0.0,180.0,180.0,0.0,1,0,0,0,0,0,0
0.0,0.0,0.0,0.0,0.0,0.0,0.0,0.0,0.0,180.0,180.0,0.0,1,0,0,0,0,0,0
0.0,0.0,0.0,0.0,0.0,0.0,0.0,0.0,0.0,180.0,180.0,0.0,1,0,0,0,0,0,0
0.0,0.0,0.0,0.0,0.0,0.0,0.0,0.0,0.0,180.0,180.0,0.0,1,0,0,0,0,0,0
0.0,0.0,0.0,0.0,0.0,0.0,0.0,0.0,0.0,180.0,180.0,0.0,1,0,0,0,0,0,0
0.0,0.0,0.0,0.0,0.0,0.0,0.0,0.0,0.0,180.0,180.0,0.0,1,0,0,0,0,0,0
0.0,0.0,0.0,0.0,0.0,0.0,0.0,0.0,0.0,180.0,180.0,0.0,1,0,0,0,0,0,0
0.0,0.0,0.0,0.0,0.0,0.0,0.0,0.0,0.0,180.0,180.0,0.0,1,0,0,0,0,0,0
0.0,0.0,0.0,0.0,0.0,0.0,0.0,0.0,0.0,180.0,180.0,0.0,1,0,0,0,0,0,0
0.0,0.0,0.0,0.0,0.0,0.0,0.0,0.0,0.0,180.0,180.0,0.0,1,0,0,0,0,0,0
0.0,0.0,0.0,0.0,0.0,0.0,0.0,0.0,0.0,180.0,180.0,0.0,1,0,0,0,0,0,0
0.0,0.0,0.0,0.0,0.0,0.0,0.0,0.0,0.0,180.0,180.0,0.0,1,0,0,0,0,0,0
0.0,0.0,0.0,0.0,0.0,0.0,0.0,0.0,0.0,180.0,180.0,0.0,1,0,0,0,0,0,0
0.0,0.0,0.0,0.0,0.0,0.0,0.0,0.0,0.0,180.0,180.0,0.0,1,0,0,0,0,0,0
0.0,0.0,0.0,0.0,0.0,0.0,0.0,0.0,0.0,180.0,180.0,0.0,1,0,0,0,0,0,0
0.0,0.0,0.0,0.0,0.0,0.0,0.0,0.0,0.0,180.0,180.0,0.0,1,0,0,0,0,0,0
0.0,0.0,0.0,0.0,0.0,0.0,0.0,0.0,0.0,180.0,180.0,0.0,1,0,0,0,0,0,0
0.0,0.0,0.0,0.0,0.0,0.0,0.0,0.0,0.0,180.0,180.0,0.0,1,0,0,0,0,0,0
0.0,0.0,0.0,0.0,0.0,0.0,0.0,0.0,0.0,180.0,180.0,0.0,1,0,0,0,0,0,0
0.0,0.0,0.0,0.0,0.0,0.0,0.0,0.0,0.0,180.0,180.0,0.0,1,0,0,0,0,0,0
0.0,0.0,0.0,0.0,0.0,0.0,0.0,0.0,0.0,180.0,180.0,0.0,1,0,0,0,0,0,0
0.0,0.0,0.0,0.0,0.0,0.0,0.0,0.0,0.0,180.0,180.0,0.0,1,0,0,0,0,0,0
0.0,0.0,0.0,0.0,0.0,0.0,0.0,0.0,0.0,180.0,180.0,0.0,1,0,0,0,0,0,0
0.0,0.0,0.0,0.0,0.0,0.0,0.0,0.0,0.0,180.0,180.0,0.0,1,0,0,0,0,0,0
0.0,0.0,0.0,0.0,0.0,0.0,0.0,0.0,0.0,180.0,180.0,0.0,1,0,0,0,0,0,0
0.0,0.0,0.0,0.0,0.0,0.0,0.0,0.0,0.0,180.0,180.0,0.0,1,0,0,0,0,0,0
0.0,0.0,0.0,0.0,0.0,0.0,0.0,0.0,0.0,180.0,180.0,0.0,1,0,0,0,0,0,0
0.0,0.0,0.0,0.0,0.0,0.0,0.0,0.0,0.0,180.0,180.0,0.0,1,0,0,0,0,0,0
0.0,0.0,0.0,0.0,0.0,0.0,0.0,0.0,0.0,180.0,180.0,0.0,1,0,0,0,0,0,0
0.0,0.0,0.0,0.0,0.0,0.0,0.0,0.0,0.0,180.0,180.0,0.0,1,0,0,0,0,0,0
0.0,0.0,0.0,0.0,0.0,0.0,0.0,0.0,0.0,180.0,180.0,0.0,1,0,0,0,0,0,0
0.0,0.0,0.0,0.0,0.0,0.0,0.0,0.0,0.0,180.0,180.0,0.0,1,0,0,0,0,0,0
0.0,0.0,0.0,0.0,0.0,0.0,0.0,0.0,0.0,180.0,180.0,0.0,1,0,0,0,0,0,0
0.0,0.0,0.0,0.0,0.0,0.0,0.0,0.0,0.0,180.0,180.0,0.0,1,0,0,0,0,0,0
0.0,0.0,0.0,0.0,0.0,0.0,0.0,0.0,0.0,180.0,180.0,0.0,1,0,0,0,0,0,0
0.0,0.0,0.0,0.0,0.0,0.0,0.0,0.0,0.0,180.0,180.0,0.0,1,0,0,0,0,0,0
0.0,0.0,0.0,0.0,0.0,0.0,0.0,0.0,0.0,180.0,180.0,0.0,1,0,0,0,0,0,0
0.0,0.0,0.0,0.0,0.0,0.0,0.0,0.0,0.0,180.0,180.0,0.0,1,0,0,0,0,0,0
0.0,0.0,0.0,0.0,0.0,0.0,0.0,0.0,0.0,180.0,180.0,0.0,1,0,0,0,0,0,0
0.0,0.0,0.0,0.0,0.0,0.0,0.0,0.0,0.0,180.0,180.0,0.0,1,0,0,0,0,0,0
0.0,0.0,0.0,0.0,0.0,0.0,0.0,0.0,0.0,180.0,180.0,0.0,1,0,0,0,0,0,0
0.0,0.0,0.0,0.0,0.0,0.0,0.0,0.0,0.0,180.0,180.0,0.0,1,0,0,0,0,0,0
0.0,0.0,0.0,0.0,0.0,0.0,0.0,0.0,0.0,180.0,180.0,0.0,1,0,0,0,0,0,0
0.0,0.0,0.0,0.0,0.0,0.0,0.0,0.0,0.0,180.0,180.0,0.0,1,0,0,0,0,0,0
0.0,0.0,0.0,0.0,0.0,0.0,0.0,0.0,0.0,180.0,180.0,0.0,1,0,0,0,0,0,0
0.0,0.0,0.0,0.0,0.0,0.0,0.0,0.0,0.0,180.0,180.0,0.0,1,0,0,0,0,0,0
0.0,0.0,0.0,0.0,0.0,0.0,0.0,0.0,0.0,180.0,180.0,0.0,1,0,0,0,0,0,0
0.0,0.0,0.0,0.0,0.0,0.0,0.0,0.0,0.0,180.0,180.0,0.0,1,0,0,0,0,0,0
0.0,0.0,0.0,0.0,0.0,0.0,0.0,0.0,0.0,180.0,180.0,0.0,1,0,0,0,0,0,0
0.0,0.0,0.0,0.0,0.0,0.0,0.0,0.0,0.0,180.0,180.0,0.0,1,0,0,0,0,0,0
0.0,0.0,0.0,0.0,0.0,0.0,0.0,0.0,0.0,180.0,180.0,0.0,1,0,0,0,0,0,0
0.0,0.0,0.0,0.0,0.0,0.0,0.0,0.0,0.0,180.0,180.0,0.0,1,0,0,0,0,0,0
0.0,0.0,0.0,0.0,0.0,0.0,0.0,0.0,0.0,180.0,180.0,0.0,1,0,0,0,0,0,0
0.0,0.0,0.0,0.0,0.0,0.0,0.0,0.0,0.0,180.0,180.0,0.0,1,0,0,0,0,0,0
0.0,0.0,0.0,0.0,0.0,0.0,0.0,0.0,0.0,180.0,180.0,0.0,1,0,0,0,0,0,0
0.0,0.0,0.0,0.0,0.0,0.0,0.0,0.0,0.0,180.0,180.0,0.0,1,0,0,0,0,0,0
0.0,0.0,0.0,0.0,0.0,0.0,0.0,0.0,0.0,180.0,180.0,0.0,1,0,0,0,0,0,0
0.0,0.0,0.0,0.0,0.0,0.0,0.0,0.0,0.0,180.0,180.0,0.0,1,0,0,0,0,0,0
0.0,0.0,0.0,0.0,0.0,0.0,0.0,0.0,0.0,180.0,180.0,0.0,1,0,0,0,0,0,0
0.0,0.0,0.0,0.0,0.0,0.0,0.0,0.0,0.0,180.0,180.0,0.0,1,0,0,0,0,0,0
0.0,0.0,0.0,0.0,0.0,0.0,0.0,0.0,0.0,180.0,180.0,0.0,1,0,0,0,0,0,0
0.0,0.0,0.0,0.0,0.0,0.0,0.0,0.0,0.0,180.0,180.0,0.0,1,0,0,0,0,0,0
0.0,0.0,0.0,0.0,0.0,0.0,0.0,0.0,0.0,180.0,180.0,0.0,1,0,0,0,0,0,0
0.0,0.0,0.0,0.0,0.0,0.0,0.0,0.0,0.0,180.0,180.0,0.0,1,0,0,0,0,0,0
0.0,0.0,0.0,0.0,0.0,0.0,0.0,0.0,0.0,180.0,180.0,0.0,1,0,0,0,0,0,0
0.0,0.0,0.0,0.0,0.0,0.0,0.0,0.0,0.0,180.0,180.0,0.0,1,0,0,0,0,0,0
0.0,0.0,0.0,0.0,0.0,0.0,0.0,0.0,0.0,180.0,180.0,0.0,1,0,0,0,0,0,0
0.0,0.0,0.0,0.0,0.0,0.0,0.0,0.0,0.0,180.0,180.0,0.0,1,0,0,0,0,0,0
0.0,0.0,0.0,0.0,0.0,0.0,0.0,0.0,0.0,180.0,180.0,0.0,1,0,0,0,0,0,0
0.0,0.0,0.0,0.0,0.0,0.0,0.0,0.0,0.0,180.0,180.0,0.0,1,0,0,0,0,0,0
0.0,0.0,0.0,0.0,0.0,0.0,0.0,0.0,0.0,180.0,180.0,0.0,1,0,0,0,0,0,0
0.0,0.0,0.0,0.0,0.0,0.0,0.0,0.0,0.0,180.0,180.0,0.0,1,0,0,0,0,0,0
0.0,0.0,0.0,0.0,0.0,0.0,0.0,0.0,0.0,180.0,180.0,0.0,1,0,0,0,0,0,0
0.0,0.0,0.0,0.0,0.0,0.0,0.0,0.0,0.0,180.0,180.0,0.0,1,0,0,0,0,0,0
0.0,0.0,0.0,0.0,0.0,0.0,0.0,0.0,0.0,180.0,180.0,0.0,1,0,0,0,0,0,0
0.0,0.0,0.0,0.0,0.0,0.0,0.0,0.0,0.0,180.0,180.0,0.0,1,0,0,0,0,0,0
0.0,0.0,0.0,0.0,0.0,0.0,0.0,0.0,0.0,180.0,180.0,0.0,1,0,0,0,0,0,0
0.0,0.0,0.0,0.0,0.0,0.0,0.0,0.0,0.0,180.0,180.0,0.0,1,0,0,0,0,0,0
0.0,0.0,0.0,0.0,0.0,0.0,0.0,0.0,0.0,180.0,180.0,0.0,1,0,0,0,0,0,0
0.0,0.0,0.0,0.0,0.0,0.0,0.0,0.0,0.0,180.0,180.0,0.0,1,0,0,0,0,0,0
0.0,0.0,0.0,0.0,0.0,0.0,0.0,0.0,0.0,180.0,180.0,0.0,1,0,0,0,0,0,0
0.0,0.0,0.0,0.0,0.0,0.0,0.0,0.0,0.0,180.0,180.0,0.0,1,0,0,0,0,0,0
0.0,0.0,0.0,0.0,0.0,0.0,0.0,0.0,0.0,180.0,180.0,0.0,1,0,0,0,0,0,0
0.0,0.0,0.0,0.0,0.0,0.0,0.0,0.0,0.0,180.0,180.0,0.0,1,0,0,0,0,0,0
0.0,0.0,0.0,0.0,0.0,0.0,0.0,0.0,0.0,180.0,180.0,0.0,1,0,0,0,0,0,0
0.0,0.0,0.0,0.0,0.0,0.0,0.0,0.0,0.0,180.0,180.0,0.0,1,0,0,0,0,0,0
0.0,0.0,0.0,0.0,0.0,0.0,0.0,0.0,0.0,180.0,180.0,0.0,1,0,0,0,0,0,0
0.0,0.0,0.0,0.0,0.0,0.0,0.0,0.0,0.0,180.0,180.0,0.0,1,0,0,0,0,0,0
0.0,0.0,0.0,0.0,0.0,0.0,0.0,0.0,0.0,180.0,180.0,0.0,1,0,0,0,0,0,0
0.0,0.0,0.0,0.0,0.0,0.0,0.0,0.0,0.0,180.0,180.0,0.0,1,0,0,0,0,0,0
0.0,0.0,0.0,0.0,0.0,0.0,0.0,0.0,0.0,180.0,180.0,0.0,1,0,0,0,0,0,0
0.0,0.0,0.0,0.0,0.0,0.0,0.0,0.0,0.0,180.0,180.0,0.0,1,0,0,0,0,0,0
0.0,0.0,0.0,0.0,0.0,0.0,0.0,0.0,0.0,180.0,180.0,0.0,1,0,0,0,0,0,0
0.0,0.0,0.0,0.0,0.0,0.0,0.0,0.0,0.0,180.0,180.0,0.0,1,0,0,0,0,0,0
0.0,0.0,0.0,0.0,0.0,0.0,0.0,0.0,0.0,180.0,180.0,0.0,1,0,0,0,0,0,0
0.0,0.0,0.0,0.0,0.0,0.0,0.0,0.0,0.0,180.0,180.0,0.0,1,0,0,0,0,0,0
0.0,0.0,0.0,0.0,0.0,0.0,0.0,0.0,0.0,180.0,180.0,0.0,1,0,0,0,0,0,0
0.0,0.0,0.0,0.0,0.0,0.0,0.0,0.0,0.0,180.0,180.0,0.0,1,0,0,0,0,0,0
0.0,0.0,0.0,0.0,0.0,0.0,0.0,0.0,0.0,180.0,180.0,0.0,1,0,0,0,0,0,0
0.0,0.0,0.0,0.0,0.0,0.0,0.0,0.0,0.0,180.0,180.0,0.0,1,0,0,0,0,0,0
0.0,0.0,0.0,0.0,0.0,0.0,0.0,0.0,0.0,180.0,180.0,0.0,1,0,0,0,0,0,0
0.0,0.0,0.0,0.0,0.0,0.0,0.0,0.0,0.0,180.0,180.0,0.0,1,0,0,0,0,0,0
0.0,0.0,0.0,0.0,0.0,0.0,0.0,0.0,0.0,180.0,180.0,0.0,1,0,0,0,0,0,0
0.0,0.0,0.0,0.0,0.0,0.0,0.0,0.0,0.0,180.0,180.0,0.0,1,0,0,0,0,0,0
0.0,0.0,0.0,0.0,0.0,0.0,0.0,0.0,0.0,180.0,180.0,0.0,1,0,0,0,0,0,0
0.0,0.0,0.0,0.0,0.0,0.0,0.0,0.0,0.0,180.0,180.0,0.0,1,0,0,0,0,0,0
0.0,0.0,0.0,0.0,0.0,0.0,0.0,0.0,0.0,180.0,180.0,0.0,1,0,0,0,0,0,0
0.0,0.0,0.0,0.0,0.0,0.0,0.0,0.0,0.0,180.0,180.0,0.0,1,0,0,0,0,0,0
0.0,0.0,0.0,0.0,0.0,0.0,0.0,0.0,0.0,180.0,180.0,0.0,1,0,0,0,0,0,0
0.0,0.0,0.0,0.0,0.0,0.0,0.0,0.0,0.0,180.0,180.0,0.0,1,0,0,0,0,0,0
0.0,0.0,0.0,0.0,0.0,0.0,0.0,0.0,0.0,180.0,180.0,0.0,1,0,0,0,0,0,0
0.0,0.0,0.0,0.0,0.0,0.0,0.0,0.0,0.0,180.0,180.0,0.0,1,0,0,0,0,0,0
0.0,0.0,0.0,0.0,0.0,0.0,0.0,0.0,0.0,180.0,180.0,0.0,1,0,0,0,0,0,0
0.0,0.0,0.0,0.0,0.0,0.0,0.0,0.0,0.0,180.0,180.0,0.0,1,0,0,0,0,0,0
0.0,0.0,0.0,0.0,0.0,0.0,0.0,0.0,0.0,180.0,180.0,0.0,1,0,0,0,0,0,0
0.0,0.0,0.0,0.0,0.0,0.0,0.0,0.0,0.0,180.0,180.0,0.0,1,0,0,0,0,0,0
0.0,0.0,0.0,0.0,0.0,0.0,0.0,0.0,0.0,180.0,180.0,0.0,1,0,0,0,0,0,0
0.0,0.0,0.0,0.0,0.0,0.0,0.0,0.0,0.0,180.0,180.0,0.0,1,0,0,0,0,0,0
0.0,0.0,0.0,0.0,0.0,0.0,0.0,0.0,0.0,180.0,180.0,0.0,1,0,0,0,0,0,0
0.0,0.0,0.0,0.0,0.0,0.0,0.0,0.0,0.0,180.0,180.0,0.0,1,0,0,0,0,0,0
0.0,0.0,0.0,0.0,0.0,0.0,0.0,0.0,0.0,180.0,180.0,0.0,1,0,0,0,0,0,0
0.0,0.0,0.0,0.0,0.0,0.0,0.0,0.0,0.0,180.0,180.0,0.0,1,0,0,0,0,0,0
0.0,0.0,0.0,0.0,0.0,0.0,0.0,0.0,0.0,180.0,180.0,0.0,1,0,0,0,0,0,0
0.0,0.0,0.0,0.0,0.0,0.0,0.0,0.0,0.0,180.0,180.0,0.0,1,0,0,0,0,0,0
0.0,0.0,0.0,0.0,0.0,0.0,0.0,0.0,0.0,180.0,180.0,0.0,1,0,0,0,0,0,0
0.0,0.0,0.0,0.0,0.0,0.0,0.0,0.0,0.0,180.0,180.0,0.0,1,0,0,0,0,0,0
0.0,0.0,0.0,0.0,0.0,0.0,0.0,0.0,0.0,180.0,180.0,0.0,1,0,0,0,0,0,0
0.0,0.0,0.0,0.0,0.0,0.0,0.0,0.0,0.0,180.0,180.0,0.0,1,0,0,0,0,0,0
0.0,0.0,0.0,0.0,0.0,0.0,0.0,0.0,0.0,180.0,180.0,0.0,1,0,0,0,0,0,0
0.0,0.0,0.0,0.0,0.0,0.0,0.0,0.0,0.0,180.0,180.0,0.0,1,0,0,0,0,0,0
0.0,0.0,0.0,0.0,0.0,0.0,0.0,0.0,0.0,180.0,180.0,0.0,1,0,0,0,0,0,0
0.0,0.0,0.0,0.0,0.0,0.0,0.0,0.0,0.0,180.0,180.0,0.0,1,0,0,0,0,0,0
0.0,0.0,0.0,0.0,0.0,0.0,0.0,0.0,0.0,180.0,180.0,0.0,1,0,0,0,0,0,0
0.0,0.0,0.0,0.0,0.0,0.0,0.0,0.0,0.0,180.0,180.0,0.0,1,0,0,0,0,0,0
0.0,0.0,0.0,0.0,0.0,0.0,0.0,0.0,0.0,180.0,180.0,0.0,1,0,0,0,0,0,0
0.0,0.0,0.0,0.0,0.0,0.0,0.0,0.0,0.0,180.0,180.0,0.0,1,0,0,0,0,0,0
0.0,0.0,0.0,0.0,0.0,0.0,0.0,0.0,0.0,180.0,180.0,0.0,1,0,0,0,0,0,0
0.0,0.0,0.0,0.0,0.0,0.0,0.0,0.0,0.0,180.0,180.0,0.0,1,0,0,0,0,0,0
0.0,0.0,0.0,0.0,0.0,0.0,0.0,0.0,0.0,180.0,180.0,0.0,1,0,0,0,0,0,0
0.0,0.0,0.0,0.0,0.0,0.0,0.0,0.0,0.0,180.0,180.0,0.0,1,0,0,0,0,0,0
0.0,0.0,0.0,0.0,0.0,0.0,0.0,0.0,0.0,180.0,180.0,0.0,1,0,0,0,0,0,0
0.0,0.0,0.0,0.0,0.0,0.0,0.0,0.0,0.0,180.0,180.0,0.0,1,0,0,0,0,0,0
0.0,0.0,0.0,0.0,0.0,0.0,0.0,0.0,0.0,180.0,180.0,0.0,1,0,0,0,0,0,0
0.0,0.0,0.0,0.0,0.0,0.0,0.0,0.0,0.0,180.0,180.0,0.0,1,0,0,0,0,0,0
0.0,0.0,0.0,0.0,0.0,0.0,0.0,0.0,0.0,180.0,180.0,0.0,1,0,0,0,0,0,0
0.0,0.0,0.0,0.0,0.0,0.0,0.0,0.0,0.0,180.0,180.0,0.0,1,0,0,0,0,0,0
0.0,0.0,0.0,0.0,0.0,0.0,0.0,0.0,0.0,180.0,180.0,0.0,1,0,0,0,0,0,0
0.0,0.0,0.0,0.0,0.0,0.0,0.0,0.0,0.0,180.0,180.0,0.0,1,0,0,0,0,0,0
0.0,0.0,0.0,0.0,0.0,0.0,0.0,0.0,0.0,180.0,180.0,0.0,1,0,0,0,0,0,0
0.0,0.0,0.0,0.0,0.0,0.0,0.0,0.0,0.0,180.0,180.0,0.0,1,0,0,0,0,0,0
0.0,0.0,0.0,0.0,0.0,0.0,0.0,0.0,0.0,180.0,180.0,0.0,1,0,0,0,0,0,0
0.0,0.0,0.0,0.0,0.0,0.0,0.0,0.0,0.0,180.0,180.0,0.0,1,0,0,0,0,0,0
0.0,0.0,0.0,0.0,0.0,0.0,0.0,0.0,0.0,180.0,180.0,0.0,1,0,0,0,0,0,0
0.0,0.0,0.0,0.0,0.0,0.0,0.0,0.0,0.0,180.0,180.0,0.0,1,0,0,0,0,0,0
0.0,0.0,0.0,0.0,0.0,0.0,0.0,0.0,0.0,180.0,180.0,0.0,1,0,0,0,0,0,0
0.0,0.0,0.0,0.0,0.0,0.0,0.0,0.0,0.0,180.0,180.0,0.0,1,0,0,0,0,0,0
0.0,0.0,0.0,0.0,0.0,0.0,0.0,0.0,0.0,180.0,180.0,0.0,1,0,0,0,0,0,0
0.0,0.0,0.0,0.0,0.0,0.0,0.0,0.0,0.0,180.0,180.0,0.0,1,0,0,0,0,0,0
0.0,0.0,0.0,0.0,0.0,0.0,0.0,0.0,0.0,180.0,180.0,0.0,1,0,0,0,0,0,0
0.0,0.0,0.0,0.0,0.0,0.0,0.0,0.0,0.0,180.0,180.0,0.0,1,0,0,0,0,0,0
0.0,0.0,0.0,0.0,0.0,0.0,0.0,0.0,0.0,180.0,180.0,0.0,1,0,0,0,0,0,0
0.0,0.0,0.0,0.0,0.0,0.0,0.0,0.0,0.0,180.0,180.0,0.0,1,0,0,0,0,0,0
0.0,0.0,0.0,0.0,0.0,0.0,0.0,0.0,0.0,180.0,180.0,0.0,1,0,0,0,0,0,0
0.0,0.0,0.0,0.0,0.0,0.0,0.0,0.0,0.0,180.0,180.0,0.0,1,0,0,0,0,0,0
0.0,0.0,0.0,0.0,0.0,0.0,0.0,0.0,0.0,180.0,180.0,0.0,1,0,0,0,0,0,0
0.0,0.0,0.0,0.0,0.0,0.0,0.0,0.0,0.0,180.0,180.0,0.0,1,0,0,0,0,0,0
0.0,0.0,0.0,0.0,0.0,0.0,0.0,0.0,0.0,180.0,180.0,0.0,1,0,0,0,0,0,0
0.0,0.0,0.0,0.0,0.0,0.0,0.0,0.0,0.0,180.0,180.0,0.0,1,0,0,0,0,0,0
0.0,0.0,0.0,0.0,0.0,0.0,0.0,0.0,0.0,180.0,180.0,0.0,1,0,0,0,0,0,0
0.0,0.0,0.0,0.0,0.0,0.0,0.0,0.0,0.0,180.0,180.0,0.0,1,0,0,0,0,0,0
0.0,0.0,0.0,0.0,0.0,0.0,0.0,0.0,0.0,180.0,180.0,0.0,1,0,0,0,0,0,0
0.0,0.0,0.0,0.0,0.0,0.0,0.0,0.0,0.0,180.0,180.0,0.0,1,0,0,0,0,0,0
0.0,0.0,0.0,0.0,0.0,0.0,0.0,0.0,0.0,180.0,180.0,0.0,1,0,0,0,0,0,0
0.0,0.0,0.0,0.0,0.0,0.0,0.0,0.0,0.0,180.0,180.0,0.0,1,0,0,0,0,0,0
0.0,0.0,0.0,0.0,0.0,0.0,0.0,0.0,0.0,180.0,180.0,0.0,1,0,0,0,0,0,0
0.0,0.0,0.0,0.0,0.0,0.0,0.0,0.0,0.0,180.0,180.0,0.0,1,0,0,0,0,0,0
0.0,0.0,0.0,0.0,0.0,0.0,0.0,0.0,0.0,180.0,180.0,0.0,1,0,0,0,0,0,0
0.0,0.0,0.0,0.0,0.0,0.0,0.0,0.0,0.0,180.0,180.0,0.0,1,0,0,0,0,0,0
0.0,0.0,0.0,0.0,0.0,0.0,0.0,0.0,0.0,180.0,180.0,0.0,1,0,0,0,0,0,0
0.0,0.0,0.0,0.0,0.0,0.0,0.0,0.0,0.0,180.0,180.0,0.0,1,0,0,0,0,0,0
0.0,0.0,0.0,0.0,0.0,0.0,0.0,0.0,0.0,180.0,180.0,0.0,1,0,0,0,0,0,0
0.0,0.0,0.0,0.0,0.0,0.0,0.0,0.0,0.0,180.0,180.0,0.0,1,0,0,0,0,0,0
0.0,0.0,0.0,0.0,0.0,0.0,0.0,0.0,0.0,180.0,180.0,0.0,1,0,0,0,0,0,0
0.0,0.0,0.0,0.0,0.0,0.0,0.0,0.0,0.0,180.0,180.0,0.0,1,0,0,0,0,0,0
0.0,0.0,0.0,0.0,0.0,0.0,0.0,0.0,0.0,180.0,180.0,0.0,1,0,0,0,0,0,0
0.0,0.0,0.0,0.0,0.0,0.0,0.0,0.0,0.0,180.0,180.0,0.0,1,0,0,0,0,0,0
0.0,0.0,0.0,0.0,0.0,0.0,0.0,0.0,0.0,180.0,180.0,0.0,1,0,0,0,0,0,0
0.0,0.0,0.0,0.0,0.0,0.0,0.0,0.0,0.0,180.0,180.0,0.0,1,0,0,0,0,0,0
0.0,0.0,0.0,0.0,0.0,0.0,0.0,0.0,0.0,180.0,180.0,0.0,1,0,0,0,0,0,0
0.0,0.0,0.0,0.0,0.0,0.0,0.0,0.0,0.0,180.0,180.0,0.0,1,0,0,0,0,0,0
0.0,0.0,0.0,0.0,0.0,0.0,0.0,0.0,0.0,180.0,180.0,0.0,1,0,0,0,0,0,0
0.0,0.0,0.0,0.0,0.0,0.0,0.0,0.0,0.0,180.0,180.0,0.0,1,0,0,0,0,0,0
0.0,0.0,0.0,0.0,0.0,0.0,0.0,0.0,0.0,180.0,180.0,0.0,1,0,0,0,0,0,0
0.0,0.0,0.0,0.0,0.0,0.0,0.0,0.0,0.0,180.0,180.0,0.0,1,0,0,0,0,0,0
0.0,0.0,0.0,0.0,0.0,0.0,0.0,0.0,0.0,180.0,180.0,0.0,1,0,0,0,0,0,0
0.0,0.0,0.0,0.0,0.0,0.0,0.0,0.0,0.0,180.0,180.0,0.0,1,0,0,0,0,0,0
0.0,0.0,0.0,0.0,0.0,0.0,0.0,0.0,0.0,180.0,180.0,0.0,1,0,0,0,0,0,0
0.0,0.0,0.0,0.0,0.0,0.0,0.0,0.0,0.0,180.0,180.0,0.0,1,0,0,0,0,0,0
0.0,0.0,0.0,0.0,0.0,0.0,0.0,0.0,0.0,180.0,180.0,0.0,1,0,0,0,0,0,0
0.0,0.0,0.0,0.0,0.0,0.0,0.0,0.0,0.0,180.0,180.0,0.0,1,0,0,0,0,0,0
0.0,0.0,0.0,0.0,0.0,0.0,0.0,0.0,0.0,180.0,180.0,0.0,1,0,0,0,0,0,0
0.0,0.0,0.0,0.0,0.0,0.0,0.0,0.0,0.0,180.0,180.0,0.0,1,0,0,0,0,0,0
0.0,0.0,0.0,0.0,0.0,0.0,0.0,0.0,0.0,180.0,180.0,0.0,1,0,0,0,0,0,0
0.0,0.0,0.0,0.0,0.0,0.0,0.0,0.0,0.0,180.0,180.0,0.0,1,0,0,0,0,0,0
0.0,0.0,0.0,0.0,0.0,0.0,0.0,0.0,0.0,180.0,180.0,0.0,1,0,0,0,0,0,0
0.0,0.0,0.0,0.0,0.0,0.0,0.0,0.0,0.0,180.0,180.0,0.0,1,0,0,0,0,0,0
0.0,0.0,0.0,0.0,0.0,0.0,0.0,0.0,0.0,180.0,180.0,0.0,1,0,0,0,0,0,0
0.0,0.0,0.0,0.0,0.0,0.0,0.0,0.0,0.0,180.0,180.0,0.0,1,0,0,0,0,0,0
0.0,0.0,0.0,0.0,0.0,0.0,0.0,0.0,0.0,180.0,180.0,0.0,1,0,0,0,0,0,0
0.0,0.0,0.0,0.0,0.0,0.0,0.0,0.0,0.0,180.0,180.0,0.0,1,0,0,0,0,0,0
0.0,0.0,0.0,0.0,0.0,0.0,0.0,0.0,0.0,180.0,180.0,0.0,1,0,0,0,0,0,0
0.0,0.0,0.0,0.0,0.0,0.0,0.0,0.0,0.0,180.0,180.0,0.0,1,0,0,0,0,0,0
0.0,0.0,0.0,0.0,0.0,0.0,0.0,0.0,0.0,180.0,180.0,0.0,1,0,0,0,0,0,0
0.0,0.0,0.0,0.0,0.0,0.0,0.0,0.0,0.0,180.0,180.0,0.0,1,0,0,0,0,0,0
0.0,0.0,0.0,0.0,0.0,0.0,0.0,0.0,0.0,180.0,180.0,0.0,1,0,0,0,0,0,0
0.0,0.0,0.0,0.0,0.0,0.0,0.0,0.0,0.0,180.0,180.0,0.0,1,0,0,0,0,0,0
0.0,0.0,0.0,0.0,0.0,0.0,0.0,0.0,0.0,180.0,180.0,0.0,1,0,0,0,0,0,0
0.0,0.0,0.0,0.0,0.0,0.0,0.0,0.0,0.0,180.0,180.0,0.0,1,0,0,0,0,0,0
0.0,0.0,0.0,0.0,0.0,0.0,0.0,0.0,0.0,180.0,180.0,0.0,1,0,0,0,0,0,0
0.0,0.0,0.0,0.0,0.0,0.0,0.0,0.0,0.0,180.0,180.0,0.0,1,0,0,0,0,0,0
0.0,0.0,0.0,0.0,0.0,0.0,0.0,0.0,0.0,180.0,180.0,0.0,1,0,0,0,0,0,0
0.0,0.0,0.0,0.0,0.0,0.0,0.0,0.0,0.0,180.0,180.0,0.0,1,0,0,0,0,0,0
0.0,0.0,0.0,0.0,0.0,0.0,0.0,0.0,0.0,180.0,180.0,0.0,1,0,0,0,0,0,0
0.0,0.0,0.0,0.0,0.0,0.0,0.0,0.0,0.0,180.0,180.0,0.0,1,0,0,0,0,0,0
0.0,0.0,0.0,0.0,0.0,0.0,0.0,0.0,0.0,180.0,180.0,0.0,1,0,0,0,0,0,0
0.0,0.0,0.0,0.0,0.0,0.0,0.0,0.0,0.0,180.0,180.0,0.0,1,0,0,0,0,0,0
0.0,0.0,0.0,0.0,0.0,0.0,0.0,0.0,0.0,180.0,180.0,0.0,1,0,0,0,0,0,0
0.0,0.0,0.0,0.0,0.0,0.0,0.0,0.0,0.0,180.0,180.0,0.0,1,0,0,0,0,0,0
0.0,0.0,0.0,0.0,0.0,0.0,0.0,0.0,0.0,180.0,180.0,0.0,1,0,0,0,0,0,0
0.0,0.0,0.0,0.0,0.0,0.0,0.0,0.0,0.0,180.0,180.0,0.0,1,0,0,0,0,0,0
0.0,0.0,0.0,0.0,0.0,0.0,0.0,0.0,0.0,180.0,180.0,0.0,1,0,0,0,0,0,0
0.0,0.0,0.0,0.0,0.0,0.0,0.0,0.0,0.0,180.0,180.0,0.0,1,0,0,0,0,0,0
0.0,0.0,0.0,0.0,0.0,0.0,0.0,0.0,0.0,180.0,180.0,0.0,1,0,0,0,0,0,0
0.0,0.0,0.0,0.0,0.0,0.0,0.0,0.0,0.0,180.0,180.0,0.0,1,0,0,0,0,0,0
0.0,0.0,0.0,0.0,0.0,0.0,0.0,0.0,0.0,180.0,180.0,0.0,1,0,0,0,0,0,0
0.0,0.0,0.0,0.0,0.0,0.0,0.0,0.0,0.0,180.0,180.0,0.0,1,0,0,0,0,0,0
0.0,0.0,0.0,0.0,0.0,0.0,0.0,0.0,0.0,180.0,180.0,0.0,1,0,0,0,0,0,0
0.0,0.0,0.0,0.0,0.0,0.0,0.0,0.0,0.0,180.0,180.0,0.0,1,0,0,0,0,0,0
0.0,0.0,0.0,0.0,0.0,0.0,0.0,0.0,0.0,180.0,180.0,0.0,1,0,0,0,0,0,0
0.0,0.0,0.0,0.0,0.0,0.0,0.0,0.0,0.0,180.0,180.0,0.0,1,0,0,0,0,0,0
0.0,0.0,0.0,0.0,0.0,0.0,0.0,0.0,0.0,180.0,180.0,0.0,1,0,0,0,0,0,0
0.0,0.0,0.0,0.0,0.0,0.0,0.0,0.0,0.0,180.0,180.0,0.0,1,0,0,0,0,0,0
0.0,0.0,0.0,0.0,0.0,0.0,0.0,0.0,0.0,180.0,180.0,0.0,1,0,0,0,0,0,0
0.0,0.0,0.0,0.0,0.0,0.0,0.0,0.0,0.0,180.0,180.0,0.0,1,0,0,0,0,0,0
0.0,0.0,0.0,0.0,0.0,0.0,0.0,0.0,0.0,180.0,180.0,0.0,1,0,0,0,0,0,0
0.0,0.0,0.0,0.0,0.0,0.0,0.0,0.0,0.0,180.0,180.0,0.0,1,0,0,0,0,0,0
0.0,0.0,0.0,0.0,0.0,0.0,0.0,0.0,0.0,180.0,180.0,0.0,1,0,0,0,0,0,0
0.0,0.0,0.0,0.0,0.0,0.0,0.0,0.0,0.0,180.0,180.0,0.0,1,0,0,0,0,0,0
0.0,0.0,0.0,0.0,0.0,0.0,0.0,0.0,0.0,180.0,180.0,0.0,1,0,0,0,0,0,0
0.0,0.0,0.0,0.0,0.0,0.0,0.0,0.0,0.0,180.0,180.0,0.0,1,0,0,0,0,0,0
0.0,0.0,0.0,0.0,0.0,0.0,0.0,0.0,0.0,180.0,180.0,0.0,1,0,0,0,0,0,0
0.0,0.0,0.0,0.0,0.0,0.0,0.0,0.0,0.0,180.0,180.0,0.0,1,0,0,0,0,0,0
0.0,0.0,0.0,0.0,0.0,0.0,0.0,0.0,0.0,180.0,180.0,0.0,1,0,0,0,0,0,0
0.0,0.0,0.0,0.0,0.0,0.0,0.0,0.0,0.0,180.0,180.0,0.0,1,0,0,0,0,0,0
0.0,0.0,0.0,0.0,0.0,0.0,0.0,0.0,0.0,180.0,180.0,0.0,1,0,0,0,0,0,0
0.0,0.0,0.0,0.0,0.0,0.0,0.0,0.0,0.0,180.0,180.0,0.0,1,0,0,0,0,0,0
0.0,0.0,0.0,0.0,0.0,0.0,0.0,0.0,0.0,180.0,180.0,0.0,1,0,0,0,0,0,0
0.0,0.0,0.0,0.0,0.0,0.0,0.0,0.0,0.0,180.0,180.0,0.0,1,0,0,0,0,0,0
0.0,0.0,0.0,0.0,0.0,0.0,0.0,0.0,0.0,180.0,180.0,0.0,1,0,0,0,0,0,0
0.0,0.0,0.0,0.0,0.0,0.0,0.0,0.0,0.0,180.0,180.0,0.0,1,0,0,0,0,0,0
0.0,0.0,0.0,0.0,0.0,0.0,0.0,0.0,0.0,180.0,180.0,0.0,1,0,0,0,0,0,0
0.0,0.0,0.0,0.0,0.0,0.0,0.0,0.0,0.0,180.0,180.0,0.0,1,0,0,0,0,0,0
0.0,0.0,0.0,0.0,0.0,0.0,0.0,0.0,0.0,180.0,180.0,0.0,1,0,0,0,0,0,0
0.0,0.0,0.0,0.0,0.0,0.0,0.0,0.0,0.0,180.0,180.0,0.0,1,0,0,0,0,0,0
0.0,0.0,0.0,0.0,0.0,0.0,0.0,0.0,0.0,180.0,180.0,0.0,1,0,0,0,0,0,0
0.0,0.0,0.0,0.0,0.0,0.0,0.0,0.0,0.0,180.0,180.0,0.0,1,0,0,0,0,0,0
0.0,0.0,0.0,0.0,0.0,0.0,0.0,0.0,0.0,180.0,180.0,0.0,1,0,0,0,0,0,0
0.0,0.0,0.0,0.0,0.0,0.0,0.0,0.0,0.0,180.0,180.0,0.0,1,0,0,0,0,0,0
0.0,0.0,0.0,0.0,0.0,0.0,0.0,0.0,0.0,180.0,180.0,0.0,1,0,0,0,0,0,0
0.0,0.0,0.0,0.0,0.0,0.0,0.0,0.0,0.0,180.0,180.0,0.0,1,0,0,0,0,0,0
0.0,0.0,0.0,0.0,0.0,0.0,0.0,0.0,0.0,180.0,180.0,0.0,1,0,0,0,0,0,0
0.0,0.0,0.0,0.0,0.0,0.0,0.0,0.0,0.0,180.0,180.0,0.0,1,0,0,0,0,0,0
0.0,0.0,0.0,0.0,0.0,0.0,0.0,0.0,0.0,180.0,180.0,0.0,1,0,0,0,0,0,0
0.0,0.0,0.0,0.0,0.0,0.0,0.0,0.0,0.0,180.0,180.0,0.0,1,0,0,0,0,0,0
0.0,0.0,0.0,0.0,0.0,0.0,0.0,0.0,0.0,180.0,180.0,0.0,1,0,0,0,0,0,0
0.0,0.0,0.0,0.0,0.0,0.0,0.0,0.0,0.0,180.0,180.0,0.0,1,0,0,0,0,0,0
0.0,0.0,0.0,0.0,0.0,0.0,0.0,0.0,0.0,180.0,180.0,0.0,1,0,0,0,0,0,0
0.0,0.0,0.0,0.0,0.0,0.0,0.0,0.0,0.0,180.0,180.0,0.0,1,0,0,0,0,0,0
0.0,0.0,0.0,0.0,0.0,0.0,0.0,0.0,0.0,180.0,180.0,0.0,1,0,0,0,0,0,0
0.0,0.0,0.0,0.0,0.0,0.0,0.0,0.0,0.0,180.0,180.0,0.0,1,0,0,0,0,0,0
0.0,0.0,0.0,0.0,0.0,0.0,0.0,0.0,0.0,180.0,180.0,0.0,1,0,0,0,0,0,0
0.0,0.0,0.0,0.0,0.0,0.0,0.0,0.0,0.0,180.0,180.0,0.0,1,0,0,0,0,0,0
0.0,0.0,0.0,0.0,0.0,0.0,0.0,0.0,0.0,180.0,180.0,0.0,1,0,0,0,0,0,0
0.0,0.0,0.0,0.0,0.0,0.0,0.0,0.0,0.0,180.0,180.0,0.0,1,0,0,0,0,0,0
0.0,0.0,0.0,0.0,0.0,0.0,0.0,0.0,0.0,180.0,180.0,0.0,1,0,0,0,0,0,0
0.0,0.0,0.0,0.0,0.0,0.0,0.0,0.0,0.0,180.0,180.0,0.0,1,0,0,0,0,0,0
0.0,0.0,0.0,0.0,0.0,0.0,0.0,0.0,0.0,180.0,180.0,0.0,1,0,0,0,0,0,0
0.0,0.0,0.0,0.0,0.0,0.0,0.0,0.0,0.0,180.0,180.0,0.0,1,0,0,0,0,0,0
0.0,0.0,0.0,0.0,0.0,0.0,0.0,0.0,0.0,180.0,180.0,0.0,1,0,0,0,0,0,0
0.0,0.0,0.0,0.0,0.0,0.0,0.0,0.0,0.0,180.0,180.0,0.0,1,0,0,0,0,0,0
0.0,0.0,0.0,0.0,0.0,0.0,0.0,0.0,0.0,180.0,180.0,0.0,1,0,0,0,0,0,0
0.0,0.0,0.0,0.0,0.0,0.0,0.0,0.0,0.0,180.0,180.0,0.0,1,0,0,0,0,0,0
0.0,0.0,0.0,0.0,0.0,0.0,0.0,0.0,0.0,180.0,180.0,0.0,1,0,0,0,0,0,0
0.0,0.0,0.0,0.0,0.0,0.0,0.0,0.0,0.0,180.0,180.0,0.0,1,0,0,0,0,0,0
0.0,0.0,0.0,0.0,0.0,0.0,0.0,0.0,0.0,180.0,180.0,0.0,1,0,0,0,0,0,0
0.0,0.0,0.0,0.0,0.0,0.0,0.0,0.0,0.0,180.0,180.0,0.0,1,0,0,0,0,0,0
0.0,0.0,0.0,0.0,0.0,0.0,0.0,0.0,0.0,180.0,180.0,0.0,1,0,0,0,0,0,0
0.0,0.0,0.0,0.0,0.0,0.0,0.0,0.0,0.0,180.0,180.0,0.0,1,0,0,0,0,0,0
0.0,0.0,0.0,0.0,0.0,0.0,0.0,0.0,0.0,180.0,180.0,0.0,1,0,0,0,0,0,0
0.0,0.0,0.0,0.0,0.0,0.0,0.0,0.0,0.0,180.0,180.0,0.0,1,0,0,0,0,0,0
0.0,0.0,0.0,0.0,0.0,0.0,0.0,0.0,0.0,180.0,180.0,0.0,1,0,0,0,0,0,0
0.0,0.0,0.0,0.0,0.0,0.0,0.0,0.0,0.0,180.0,180.0,0.0,1,0,0,0,0,0,0
0.0,0.0,0.0,0.0,0.0,0.0,0.0,0.0,0.0,180.0,180.0,0.0,1,0,0,0,0,0,0
0.0,0.0,0.0,0.0,0.0,0.0,0.0,0.0,0.0,180.0,180.0,0.0,1,0,0,0,0,0,0
0.0,0.0,0.0,0.0,0.0,0.0,0.0,0.0,0.0,180.0,180.0,0.0,1,0,0,0,0,0,0
0.0,0.0,0.0,0.0,0.0,0.0,0.0,0.0,0.0,180.0,180.0,0.0,1,0,0,0,0,0,0
0.0,0.0,0.0,0.0,0.0,0.0,0.0,0.0,0.0,180.0,180.0,0.0,1,0,0,0,0,0,0
0.0,0.0,0.0,0.0,0.0,0.0,0.0,0.0,0.0,180.0,180.0,0.0,1,0,0,0,0,0,0
0.0,0.0,0.0,0.0,0.0,0.0,0.0,0.0,0.0,180.0,180.0,0.0,1,0,0,0,0,0,0
0.0,0.0,0.0,0.0,0.0,0.0,0.0,0.0,0.0,180.0,180.0,0.0,1,0,0,0,0,0,0
0.0,0.0,0.0,0.0,0.0,0.0,0.0,0.0,0.0,180.0,180.0,0.0,1,0,0,0,0,0,0
0.0,0.0,0.0,0.0,0.0,0.0,0.0,0.0,0.0,180.0,180.0,0.0,1,0,0,0,0,0,0
0.0,0.0,0.0,0.0,0.0,0.0,0.0,0.0,0.0,180.0,180.0,0.0,1,0,0,0,0,0,0
0.0,0.0,0.0,0.0,0.0,0.0,0.0,0.0,0.0,180.0,180.0,0.0,1,0,0,0,0,0,0
0.0,0.0,0.0,0.0,0.0,0.0,0.0,0.0,0.0,180.0,180.0,0.0,1,0,0,0,0,0,0
0.0,0.0,0.0,0.0,0.0,0.0,0.0,0.0,0.0,180.0,180.0,0.0,1,0,0,0,0,0,0
0.0,0.0,0.0,0.0,0.0,0.0,0.0,0.0,0.0,180.0,180.0,0.0,1,0,0,0,0,0,0
0.0,0.0,0.0,0.0,0.0,0.0,0.0,0.0,0.0,180.0,180.0,0.0,1,0,0,0,0,0,0
0.0,0.0,0.0,0.0,0.0,0.0,0.0,0.0,0.0,180.0,180.0,0.0,1,0,0,0,0,0,0
0.0,0.0,0.0,0.0,0.0,0.0,0.0,0.0,0.0,180.0,180.0,0.0,1,0,0,0,0,0,0
0.0,0.0,0.0,0.0,0.0,0.0,0.0,0.0,0.0,180.0,180.0,0.0,1,0,0,0,0,0,0
0.0,0.0,0.0,0.0,0.0,0.0,0.0,0.0,0.0,180.0,180.0,0.0,1,0,0,0,0,0,0
0.0,0.0,0.0,0.0,0.0,0.0,0.0,0.0,0.0,180.0,180.0,0.0,1,0,0,0,0,0,0
0.0,0.0,0.0,0.0,0.0,0.0,0.0,0.0,0.0,180.0,180.0,0.0,1,0,0,0,0,0,0
0.0,0.0,0.0,0.0,0.0,0.0,0.0,0.0,0.0,180.0,180.0,0.0,1,0,0,0,0,0,0
0.0,0.0,0.0,0.0,0.0,0.0,0.0,0.0,0.0,180.0,180.0,0.0,1,0,0,0,0,0,0
0.0,0.0,0.0,0.0,0.0,0.0,0.0,0.0,0.0,180.0,180.0,0.0,1,0,0,0,0,0,0
0.0,0.0,0.0,0.0,0.0,0.0,0.0,0.0,0.0,180.0,180.0,0.0,1,0,0,0,0,0,0
0.0,0.0,0.0,0.0,0.0,0.0,0.0,0.0,0.0,180.0,180.0,0.0,1,0,0,0,0,0,0
0.0,0.0,0.0,0.0,0.0,0.0,0.0,0.0,0.0,180.0,180.0,0.0,1,0,0,0,0,0,0
0.0,0.0,0.0,0.0,0.0,0.0,0.0,0.0,0.0,180.0,180.0,0.0,1,0,0,0,0,0,0
0.0,0.0,0.0,0.0,0.0,0.0,0.0,0.0,0.0,180.0,180.0,0.0,1,0,0,0,0,0,0
0.0,0.0,0.0,0.0,0.0,0.0,0.0,0.0,0.0,180.0,180.0,0.0,1,0,0,0,0,0,0
0.0,0.0,0.0,0.0,0.0,0.0,0.0,0.0,0.0,180.0,180.0,0.0,1,0,0,0,0,0,0
0.0,0.0,0.0,0.0,0.0,0.0,0.0,0.0,0.0,180.0,180.0,0.0,1,0,0,0,0,0,0
0.0,0.0,0.0,0.0,0.0,0.0,0.0,0.0,0.0,180.0,180.0,0.0,1,0,0,0,0,0,0
0.0,0.0,0.0,0.0,0.0,0.0,0.0,0.0,0.0,180.0,180.0,0.0,1,0,0,0,0,0,0
0.0,0.0,0.0,0.0,0.0,0.0,0.0,0.0,0.0,180.0,180.0,0.0,1,0,0,0,0,0,0
0.0,0.0,0.0,0.0,0.0,0.0,0.0,0.0,0.0,180.0,180.0,0.0,1,0,0,0,0,0,0
0.0,0.0,0.0,0.0,0.0,0.0,0.0,0.0,0.0,180.0,180.0,0.0,1,0,0,0,0,0,0
0.0,0.0,0.0,0.0,0.0,0.0,0.0,0.0,0.0,180.0,180.0,0.0,1,0,0,0,0,0,0
0.0,0.0,0.0,0.0,0.0,0.0,0.0,0.0,0.0,180.0,180.0,0.0,1,0,0,0,0,0,0
0.0,0.0,0.0,0.0,0.0,0.0,0.0,0.0,0.0,180.0,180.0,0.0,1,0,0,0,0,0,0
0.0,0.0,0.0,0.0,0.0,0.0,0.0,0.0,0.0,180.0,180.0,0.0,1,0,0,0,0,0,0
0.0,0.0,0.0,0.0,0.0,0.0,0.0,0.0,0.0,180.0,180.0,0.0,1,0,0,0,0,0,0
0.0,0.0,0.0,0.0,0.0,0.0,0.0,0.0,0.0,180.0,180.0,0.0,1,0,0,0,0,0,0
0.0,0.0,0.0,0.0,0.0,0.0,0.0,0.0,0.0,180.0,180.0,0.0,1,0,0,0,0,0,0
0.0,0.0,0.0,0.0,0.0,0.0,0.0,0.0,0.0,180.0,180.0,0.0,1,0,0,0,0,0,0
0.0,0.0,0.0,0.0,0.0,0.0,0.0,0.0,0.0,180.0,180.0,0.0,1,0,0,0,0,0,0
0.0,0.0,0.0,0.0,0.0,0.0,0.0,0.0,0.0,180.0,180.0,0.0,1,0,0,0,0,0,0
0.0,0.0,0.0,0.0,0.0,0.0,0.0,0.0,0.0,180.0,180.0,0.0,1,0,0,0,0,0,0
0.0,0.0,0.0,0.0,0.0,0.0,0.0,0.0,0.0,180.0,180.0,0.0,1,0,0,0,0,0,0
0.0,0.0,0.0,0.0,0.0,0.0,0.0,0.0,0.0,180.0,180.0,0.0,1,0,0,0,0,0,0
0.0,0.0,0.0,0.0,0.0,0.0,0.0,0.0,0.0,180.0,180.0,0.0,1,0,0,0,0,0,0
0.0,0.0,0.0,0.0,0.0,0.0,0.0,0.0,0.0,180.0,180.0,0.0,1,0,0,0,0,0,0
0.0,0.0,0.0,0.0,0.0,0.0,0.0,0.0,0.0,180.0,180.0,0.0,1,0,0,0,0,0,0
0.0,0.0,0.0,0.0,0.0,0.0,0.0,0.0,0.0,180.0,180.0,0.0,1,0,0,0,0,0,0
0.0,0.0,0.0,0.0,0.0,0.0,0.0,0.0,0.0,180.0,180.0,0.0,1,0,0,0,0,0,0
0.0,0.0,0.0,0.0,0.0,0.0,0.0,0.0,0.0,180.0,180.0,0.0,1,0,0,0,0,0,0
0.0,0.0,0.0,0.0,0.0,0.0,0.0,0.0,0.0,180.0,180.0,0.0,1,0,0,0,0,0,0
0.0,0.0,0.0,0.0,0.0,0.0,0.0,0.0,0.0,180.0,180.0,0.0,1,0,0,0,0,0,0
0.0,0.0,0.0,0.0,0.0,0.0,0.0,0.0,0.0,180.0,180.0,0.0,1,0,0,0,0,0,0
0.0,0.0,0.0,0.0,0.0,0.0,0.0,0.0,0.0,180.0,180.0,0.0,1,0,0,0,0,0,0
0.0,0.0,0.0,0.0,0.0,0.0,0.0,0.0,0.0,180.0,180.0,0.0,1,0,0,0,0,0,0
0.0,0.0,0.0,0.0,0.0,0.0,0.0,0.0,0.0,180.0,180.0,0.0,1,0,0,0,0,0,0
0.0,0.0,0.0,0.0,0.0,0.0,0.0,0.0,0.0,180.0,180.0,0.0,1,0,0,0,0,0,0
0.0,0.0,0.0,0.0,0.0,0.0,0.0,0.0,0.0,180.0,180.0,0.0,1,0,0,0,0,0,0
0.0,0.0,0.0,0.0,0.0,0.0,0.0,0.0,0.0,180.0,180.0,0.0,1,0,0,0,0,0,0
0.0,0.0,0.0,0.0,0.0,0.0,0.0,0.0,0.0,180.0,180.0,0.0,1,0,0,0,0,0,0
0.0,0.0,0.0,0.0,0.0,0.0,0.0,0.0,0.0,180.0,180.0,0.0,1,0,0,0,0,0,0
0.0,0.0,0.0,0.0,0.0,0.0,0.0,0.0,0.0,180.0,180.0,0.0,1,0,0,0,0,0,0
0.0,0.0,0.0,0.0,0.0,0.0,0.0,0.0,0.0,180.0,180.0,0.0,1,0,0,0,0,0,0
0.0,0.0,0.0,0.0,0.0,0.0,0.0,0.0,0.0,180.0,180.0,0.0,1,0,0,0,0,0,0
0.0,0.0,0.0,0.0,0.0,0.0,0.0,0.0,0.0,180.0,180.0,0.0,1,0,0,0,0,0,0
0.0,0.0,0.0,0.0,0.0,0.0,0.0,0.0,0.0,180.0,180.0,0.0,1,0,0,0,0,0,0
0.0,0.0,0.0,0.0,0.0,0.0,0.0,0.0,0.0,180.0,180.0,0.0,1,0,0,0,0,0,0
0.0,0.0,0.0,0.0,0.0,0.0,0.0,0.0,0.0,180.0,180.0,0.0,1,0,0,0,0,0,0
0.0,0.0,0.0,0.0,0.0,0.0,0.0,0.0,0.0,180.0,180.0,0.0,1,0,0,0,0,0,0
0.0,0.0,0.0,0.0,0.0,0.0,0.0,0.0,0.0,180.0,180.0,0.0,1,0,0,0,0,0,0
0.0,0.0,0.0,0.0,0.0,0.0,0.0,0.0,0.0,180.0,180.0,0.0,1,0,0,0,0,0,0
0.0,0.0,0.0,0.0,0.0,0.0,0.0,0.0,0.0,180.0,180.0,0.0,1,0,0,0,0,0,0
0.0,0.0,0.0,0.0,0.0,0.0,0.0,0.0,0.0,180.0,180.0,0.0,1,0,0,0,0,0,0
0.0,0.0,0.0,0.0,0.0,0.0,0.0,0.0,0.0,180.0,180.0,0.0,1,0,0,0,0,0,0
0.0,0.0,0.0,0.0,0.0,0.0,0.0,0.0,0.0,180.0,180.0,0.0,1,0,0,0,0,0,0
0.0,0.0,0.0,0.0,0.0,0.0,0.0,0.0,0.0,180.0,180.0,0.0,1,0,0,0,0,0,0
0.0,0.0,0.0,0.0,0.0,0.0,0.0,0.0,0.0,180.0,180.0,0.0,1,0,0,0,0,0,0
1.7262676501623218,1.7262676501623218,0.22628185493600772,0.22628185493600772,0.10119632194233193,1.0,0.07155660547655991,0.05,0.010119632194233192,180.0,180.0,0.0,1,0,0,0,0,0,0
0.1000000000003638,-1.626267650161958,0.0,0.22628185493600772,0.10119632194233193,0.9992121138029085,0.07155660547655991,0.09996060569014542,0.020239264388466384,180.0,180.0,0.0,1,0,0,0,0,0,0
0.0,-0.1000000000003638,0.0,0.0,0.10119632194233193,0.9992121138029085,0.07155660547655991,0.14992121138029085,0.03035889658269958,180.0,180.0,0.0,1,0,0,0,0,0,0
0.0,0.0,0.0,0.0,0.10119632194233193,0.9992121138029085,0.07155660547655991,0.19988181707043629,0.04047852877693277,180.0,180.0,0.0,1,0,0,0,0,0,0
0.0,0.0,0.0,0.0,0.10119632194233193,0.9992121138029085,0.07155660547655991,0.2498424227605817,0.05059816097116596,180.0,180.0,0.0,1,0,0,0,0,0,0
0.0,0.0,0.0,0.0,0.0,0.9992121138029085,0.07155660547655991,0.29980302845072715,0.05059816097116596,180.0,180.0,0.0,1,0,0,0,0,0,0
0.0,0.0,0.0,0.0,0.0,0.9992121138029085,0.07155660547655991,0.3497636341408726,0.05059816097116596,180.0,180.0,0.0,1,0,0,0,0,0,0
0.0,0.0,0.0,0.0,0.0,0.9992121138029085,0.07155660547655991,0.399724239831018,0.05059816097116596,180.0,180.0,0.0,1,0,0,0,0,0,0
0.0,0.0,0.0,0.0,0.0,0.9992121138029085,0.07155660547655991,0.4496848455211634,0.05059816097116596,180.0,180.0,0.0,1,0,0,0,0,0,0
0.0,0.0,0.0,0.0,0.0,0.9992121138029085,0.07155660547655991,0.4996454512113089,0.05059816097116596,180.0,180.0,0.0,1,0,0,0,0,0,0
0.0,0.0,0.0,0.0,0.0,0.9992121138029085,0.0,0.5496060569014543,0.04047852877693277,180.0,180.0,0.0,1,0,0,0,0,0,0
1.6278820596094121,1.6278820596094121,0.6929852062789894,0.6929852062789894,0.3099124057283069,0.9452298880461665,0.2191411636643224,0.5968675513037626,0.06135013715553027,180.0,180.0,0.0,1,0,0,0,0,0,0
1.2206555615737875,-0.4072264980356246,0.4651844867547615,0.22780071952422792,0.32724367651126807,0.957841530404221,0.2499976442228195,0.6447596278239736,0.08395487261242388,180.0,180.0,0.0,1,0,0,0,0,0,0
0.0,-1.2206555615737875,0.0,0.4651844867547615,0.32724367651126807,0.957841530404221,0.2499976442228195,0.6926517043441847,0.1065596080693175,180.0,180.0,0.0,1,0,0,0,0,0,0
0.4472135954999579,0.4472135954999579,0.38731184320764767,0.38731184320764767,0.30369924718177815,0.9478478240291032,0.25986839593263833,0.7400440955456398,0.1268099005932621,180.0,180.0,0.0,1,0,0,0,0,0,0
4.031128874148508,3.58391527864855,0.13222772349050152,0.2550841197171462,0.2743984628005314,0.9640215166485941,0.2544381395170749,0.7882451713780696,0.15424974687331525,180.0,180.0,0.0,1,0,0,0,0,0,0
2.6172504656610363,-1.4138784084874718,1.413917107062623e-06,0.13222630957339446,0.217918787768664,0.9703555315681089,0.2544380359279006,0.836762947956475,0.17604162565018167,180.0,180.0,0.0,1,0,0,0,0,0,0
0.0,-2.6172504656610363,0.0,1.413917107062623e-06,0.16845627670307564,0.9703555315681089,0.2544380359279006,0.8852807245348805,0.19288725332048923,180.0,180.0,0.0,1,0,0,0,0,0,0
0.0,0.0,0.0,0.0,0.16845627670307564,0.9703555315681089,0.2544380359279006,0.933798501113286,0.2097328809907968,180.0,180.0,0.0,1,0,0,0,0,0,0
0.0,0.0,0.0,0.0,0.05913387756939256,0.9703555315681089,0.2544380359279006,0.9823162776916913,0.21564626874773601,180.0,180.0,0.0,1,0,0,0,0,0,0
0.0,0.0,0.0,0.0,6.323203319406914e-07,0.9926649501999599,0.2544380359279006,0.9819495252016892,0.21564633197976923,180.0,180.0,0.0,1,0,0,0,0,0,0
0.0,0.0,0.0,0.0,0.0,0.9956129378408924,0.17855058942588103,0.9817695664035885,0.18465509140693853,180.0,180.0,0.0,1,0,0,0,0,0,0
0.0,0.0,0.0,0.0,0.0,0.9956129378408924,0.1249454777521952,0.9815896076054876,0.15193072375581174,180.0,180.0,0.0,1,0,0,0,0,0,0
0.0,0.0,0.0,0.0,0.0,0.9956129378408924,0.1249454777521952,0.9814096488073869,0.11920635610468493,180.0,180.0,0.0,1,0,0,0,0,0,0
0.0,0.0,0.0,0.0,0.0,0.9956129378408924,0.0418140279272711,0.9812296900092861,0.08883643138650713,180.0,180.0,0.0,1,0,0,0,0,0,0
0.0,0.0,0.0,0.0,0.0,0.9956129378408924,4.4709495140436736e-07,0.9810497312111852,0.06139658510645398,180.0,180.0,0.0,1,0,0,0,0,0,0
0.0,0.0,0.0,0.0,0.0,0.9956129378408924,0.0,0.9808697724130845,0.03960470632958758,180.0,180.0,0.0,1,0,0,0,0,0,0
0.0,0.0,0.0,0.0,0.0,0.9956129378408924,0.0,0.9806898136149836,0.022759078659280015,180.0,180.0,0.0,1,0,0,0,0,0,0
0.0,0.0,0.0,0.0,0.0,0.9956129378408924,0.0,0.9805098548168829,0.005913450988972451,180.0,180.0,0.0,1,0,0,0,0,0,0
0.0,0.0,0.0,0.0,0.0,0.9956129378408924,0.0,0.9803298960187821,6.323203319406914e-08,180.0,180.0,0.0,1,0,0,0,0,0,0
0.0,0.0,0.0,0.0,0.0,0.9956129378408924,0.0,0.9801499372206812,0.0,180.0,180.0,0.0,1,0,0,0,0,0,0
0.0,0.0,0.0,0.0,0.0,0.9948538117698649,0.0,0.9826311334068663,0.0,180.0,180.0,0.0,1,0,0,0,0,0,0
0.0,0.0,0.0,0.0,0.0,0.9973405280855524,0.0,0.9846060832909329,0.0,180.0,180.0,0.0,1,0,0,0,0,0,0
0.0,0.0,0.0,0.0,0.0,0.9973405280855524,0.0,0.9865810331749995,0.0,180.0,180.0,0.0,1,0,0,0,0,0,0
0.0,0.0,0.0,0.0,0.0,0.9999892779325223,0.0,0.9891881058701703,0.0,180.0,180.0,0.0,1,0,0,0,0,0,0
0.0,0.0,0.0,0.0,0.0,1.0,0.0,0.9909870300377405,0.0,180.0,180.0,0.0,1,0,0,0,0,0,0
0.0,0.0,0.0,0.0,0.0,0.0,0.0,0.9424692534593351,0.0,180.0,180.0,0.0,1,0,0,0,0,0,0
0.0,0.0,0.0,0.0,0.0,0.0,0.0,0.8939514768809296,0.0,180.0,180.0,0.0,1,0,0,0,0,0,0
0.5656854249500097,0.5656854249500097,0.013724205333016215,0.013724205333016215,0.006137651212357879,1.0,0.004339974792816091,0.8954337003025241,0.0006137651212357879,180.0,180.0,0.0,1,0,0,0,0,0,0
6.0108235708582045,5.445138145908195,0.010651206876500785,0.00307299845651543,0.006763317896418041,0.9999945599062082,0.0051895830266069365,0.8969156517194292,0.001290096910877592,180.0,180.0,0.0,1,0,0,0,0,0,0
6.661080993352912,0.6502574224947075,0.6009038211755631,0.5902526142990623,0.26607911435455395,0.9972175875539568,0.18923524229941904,0.8971432835871292,0.027898008346332985,180.0,180.0,0.0,1,0,0,0,0,0,0
6.711929677819636,0.050848684466723526,0.1738014514538475,0.42710236972171556,0.2568502290607681,0.9966609504388962,0.1908289387448994,0.8971956842170293,0.0535830312524098,180.0,180.0,0.0,1,0,0,0,0,0,0
6.673080248281057,-0.03884942953857884,0.5129666006835132,0.3391651492296657,0.2785835899592095,0.9955720570402631,0.2315604251169118,0.8971936401769977,0.08144139024833075,180.0,180.0,0.0,1,0,0,0,0,0,0
4.964876634923517,-1.70820361335754,0.7343511946605777,0.22138459397706456,0.30309209162711725,0.9949164269655479,0.2934897093402246,0.8971588146332307,0.11175059941104246,180.0,180.0,0.0,1,0,0,0,0,0,0
2.9832867780344667,-1.98158985688905,0.5192649046499329,0.21508629001064483,0.20718704507526084,0.9950478565986607,0.299142058438402,0.8971305605711191,0.13246930391856854,180.0,180.0,0.0,1,0,0,0,0,0,0
0.0,-2.9832867780344667,0.0,0.5192649046499329,0.29547896084441,0.9950478565986607,0.299142058438402,0.8971023065090072,0.16201720000300956,180.0,180.0,0.0,1,0,0,0,0,0,0
0.0,0.0,0.0,0.0,0.3346190238665778,0.9950478565986607,0.299142058438402,0.8970740524468959,0.19547910238966731,180.0,180.0,0.0,1,0,0,0,0,0,0
0.0,0.0,0.0,0.0,0.351637972000473,0.9950478565986607,0.299142058438402,0.8970457983847842,0.23064289958971465,180.0,180.0,0.0,1,0,0,0,0,0,0
0.0,0.0,0.0,0.0,0.23222232502543935,0.9950478565986607,0.3004087750548175,0.8970175443226726,0.25325136697102274,180.0,180.0,0.0,1,0,0,0,0,0,0
0.0,0.0,0.0,0.0,0.0,0.9950478565986607,0.3013894384657176,0.8969892902605612,0.25257503518138097,180.0,180.0,0.0,1,0,0,0,0,0,0
0.0,0.0,0.0,0.0,0.0,0.9950478565986607,0.28396798151391356,0.8969610361984494,0.2259671237459256,180.0,180.0,0.0,1,0,0,0,0,0,0
0.0,0.0,0.0,0.0,0.0,0.9950478565986607,0.29058580834917724,0.8969707384398891,0.20028210083984876,180.0,180.0,0.0,1,0,0,0,0,0,0
0.0,0.0,0.0,0.0,0.0,0.9950478565986607,0.2691039423005896,0.8968561048655447,0.1724237418439278,180.0,180.0,0.0,1,0,0,0,0,0,0
0.0,0.0,0.0,0.0,0.0,0.9950478565986607,0.16420598076839463,0.8967414712912001,0.1421145326812161,180.0,180.0,0.0,1,0,0,0,0,0,0
0.0,0.0,0.0,0.0,0.0,0.9950478565986607,0.0,0.8964944002245071,0.12139582817369002,180.0,180.0,0.0,1,0,0,0,0,0,0
0.0,0.0,0.0,0.0,0.0,0.9950478565986607,0.0,0.8962467930544401,0.09184793208924902,180.0,180.0,0.0,1,0,0,0,0,0,0
0.14142135623782398,0.14142135623782398,0.006696131882152123,0.006696131882152123,0.0029946012149591516,0.9950056170369137,0.0021175028260470904,0.9459970739062857,0.058685489824087146,180.0,180.0,0.0,1,0,0,0,0,0,0
5.440588203494311,5.299166847256487,0.24568881100145723,0.2389926791193051,0.10916523960792235,0.9956627253957263,0.07748692656331466,0.9957802101760722,0.03443821658483208,180.0,180.0,0.0,1,0,0,0,0,0,0
2.64196896272359,-2.798619240770721,0.022790607879205504,0.22289820312225173,0.10698472448610706,0.995807038771326,0.0769957310990066,0.9955705621146385,0.02191445653089886,180.0,180.0,0.0,1,0,0,0,0,0,0
3.944616584664458,1.302647621940868,0.135168747571782,0.11237813969257648,0.10667865710391446,0.9979910830406616,0.08323967259502961,0.9954703882713611,0.032582322241290304,180.0,180.0,0.0,1,0,0,0,0,0,0
5.3263495942329575,1.3817330095684994,0.048469017770072176,0.08669972980170981,0.09930401054051612,0.9972026995683005,0.08198652459819916,0.995469643872078,0.04251272329534191,180.0,180.0,0.0,1,0,0,0,0,0,0
4.263801121066875,-1.0625484731660828,0.9445964157555959,0.8961273979855238,0.38196951849856026,0.9921819139376497,0.2937976588203795,0.9952456920470159,0.08070967514519793,180.0,180.0,0.0,1,0,0,0,0,0,0
4.016217125603716,-0.24758399546315868,0.213988395237612,0.7306080205179839,0.3829296512253118,0.9878090628288361,0.29021119314607796,0.9948575423364445,0.11900264026772911,180.0,180.0,0.0,1,0,0,0,0,0,0
3.125699921617871,-0.8905172039858451,0.4700171833273134,0.2560287880897014,0.36150616221619214,0.9644797169460794,0.2990329570470258,0.9933357068354711,0.15515325648934836,180.0,180.0,0.0,1,0,0,0,0,0,0
2.8861739379335978,-0.23952598368427314,0.31480554222003865,0.15521164110727476,0.34165293360045856,0.9412352205685772,0.29108087447123315,0.9906450750339669,0.1893185498493942,180.0,180.0,0.0,1,0,0,0,0,0,0
2.9966648127538296,0.11049087482023179,0.5241455329316962,0.20933999071165754,0.2806407906692924,0.9462831693393763,0.2902079138333591,0.9882068406710027,0.21738262891632343,180.0,180.0,0.0,1,0,0,0,0,0,0
3.9824615503468426,0.985796737593013,0.3764319197928415,0.14771361313885467,0.12319076124779664,0.9435843380841717,0.27275852563858516,0.9856336647452784,0.22940224491960715,180.0,180.0,0.0,1,0,0,0,0,0,0
1.1401754250997762,-2.8422861252470666,0.9037570651750055,0.527325145382164,0.23047667916819928,0.9443677846002912,0.32470009025205143,0.9830996611453597,0.24153338887563486,180.0,180.0,0.0,1,0,0,0,0,0,0
1.4999999999989087,0.35982457489913244,2.5648641354236914,1.6611070702486859,0.9384638864397887,0.905830245574537,0.7356257943189777,0.9786387805941535,0.324681305071003,180.0,180.0,0.0,1,0,0,0,0,0,0
3.3541019662508234,1.8541019662519147,0.2849724406287668,2.279891694794925,0.9434884701905315,0.7833597577007885,0.725440104217318,0.96805437564926,0.40836228637966476,180.0,180.0,0.0,1,0,0,0,0,0,0
0.7280109889289513,-2.626090977321872,1.6824836268283165,1.3975111861995497,0.960717660264156,0.7832770431161153,0.7546760782621336,0.9574658349751328,0.4945036513520288,180.0,180.0,0.0,1,0,0,0,0,0,0
1.9723082923306614,1.24429730340171,0.30782827049834643,1.3746553563299702,0.9751324768270194,0.7888673372925865,0.7704449157272719,0.9471568090098291,0.5538199471848746,180.0,180.0,0.0,1,0,0,0,0,0,0
2.8160255680644917,0.8437172757338303,2.927395325611893,2.6195670551135466,1.2336878436551135,0.7006044108507179,0.9989989162909941,0.9324346367224317,0.6388957664278548,180.0,180.0,0.0,1,0,0,0,0,0,0
3.3301651610698233,0.5141395930053316,0.5031215290025381,2.424273796609355,1.1530676374475144,0.6754684219957477,0.9969689999100669,0.9164556649922861,0.7180519139509871,180.0,180.0,0.0,1,0,0,0,0,0,0
3.001666203961042,-0.3284989571087813,0.45982597459336844,0.04329555440916971,1.1228650841031507,0.5948878414697599,0.9862618635828385,0.8964476642358411,0.7961731290012561,180.0,180.0,0.0,1,0,0,0,0,0,0
3.4713109915403844,0.46964478757934236,0.29046986837928257,0.16935610621408587,1.1383942674607794,0.5848374571954493,1.002826141465203,0.8759371442656807,0.8819484766804051,180.0,180.0,0.0,1,0,0,0,0,0,0
1.1045361017189566,-2.3667748898214276,0.018860509618860103,0.27160935876042247,1.1823167982890233,0.5657629482379835,1.0345955079071518,0.8544750108257342,0.9878610803845277,180.0,180.0,0.0,1,0,0,0,0,0,0
0.0,-1.1045361017189566,0.02675978551114566,0.007899275892285559,0.23049727608202708,0.5281802000851248,1.079331887855682,0.8311008845602039,0.9878631400759103,180.0,180.0,0.0,1,0,0,0,0,0,0
2.154065922854207,2.154065922854207,2.1073689928684365,2.080609207357291,0.8735095360169897,0.4640137122859658,1.0086153970070686,0.804511218235936,0.9813677050336306,180.0,180.0,0.0,1,0,0,0,0,0,0
2.5999999999996644,0.4459340771454574,1.5274365891112112,0.5799324037572253,0.9625368240917536,0.433524784644607,1.0063095655739596,0.7762879033161333,0.9832725404237527,180.0,180.0,0.0,1,0,0,0,0,0,0
3.744329045370316,1.1443290453706516,2.3563930478656823,0.8289564587544711,1.1223958816126722,0.30673523181547035,1.0781950757124192,0.7417645299284917,0.9994403625586044,180.0,180.0,0.0,1,0,0,0,0,0,0
3.4409301068164586,-0.30339893855385736,0.6655720455174646,1.6908210023482177,0.9793417625499383,0.21419850278422398,1.0564557036106474,0.7028653593708205,0.9998612911308964,180.0,180.0,0.0,1,0,0,0,0,0,0
1.2369316876858276,-2.203998419130631,0.8654594243567457,0.1998873788392811,0.7419352785529244,0.1672742991263731,0.8358096681731498,0.6618386211856973,0.9506860346206771,180.0,180.0,0.0,1,0,0,0,0,0,0
3.7161808352120764,2.479249147526249,1.1009216782548987,0.235462253898153,0.670559537603198,0.055055212890827585,0.8270220971148327,0.6163673959829348,0.9024352246362456,180.0,180.0,0.0,1,0,0,0,0,0,0
0.8246211251230027,-2.8915597100890738,1.2017364842230178,0.10081480596811909,0.6590464248802422,0.05402976112020869,0.8121135919895415,0.5720071230105164,0.8560533587139549,180.0,180.0,0.0,1,0,0,0,0,0,0
3.6999999999989086,2.875378874875906,0.22779418503814042,0.9739422991848774,0.38760976287339605,0.0949399971142424,0.8185522620978278,0.5294399643992597,0.7809749082552165,180.0,180.0,0.0,1,0,0,0,0,0,0
0.7615773105874895,-2.938422689411419,0.012049251284980909,0.2157449337531595,0.5325445621009998,0.15556177927589793,0.819470798620201,0.49003883645884594,0.7159976846364142,180.0,180.0,0.0,1,0,0,0,0,0,0
0.0,-0.7615773105874895,0.0,0.012049251284980909,0.5948469589686147,0.1858801016840806,0.8230710137384836,0.4521144523130354,0.7524326529250729,180.0,180.0,0.0,1,0,0,0,0,0,0
2.282542442102841,2.282542442102841,2.3873102729439926,2.3873102729439926,1.0323972429798232,0.21691917956981013,0.8681983787015396,0.4176688990127991,0.7683214236213562,180.0,180.0,0.0,1,0,0,0,0,0,0
1.264911064067927,-1.0176313780349138,0.8982070293890134,1.4891032435549791,1.0090128733829242,0.19136313967238333,0.851134600778644,0.3880690681113788,0.7729690285504732,180.0,180.0,0.0,1,0,0,0,0,0,0
1.216552506058687,-0.04835855800924005,0.6160251471275295,0.2821818822614839,0.9775503021928006,0.22161437179513913,0.7012346963419898,0.35998593454532996,0.7584844706084862,180.0,180.0,0.0,1,0,0,0,0,0,0
2.0615528128088303,0.8450003067501433,1.042894421754015,0.4268692746264855,0.8780163394097097,0.2260992364462783,0.7034945640429053,0.33184752950301455,0.7483519282944633,180.0,180.0,0.0,1,0,0,0,0,0,0
0.3605551275477106,-1.7009976852611197,0.0580197186558683,0.9848747030981467,0.8619155795105752,0.1979163208738837,0.7447671775645912,0.30671312500417286,0.7603499583902283,180.0,180.0,0.0,1,0,0,0,0,0,0
2.8600699292163285,2.499514801668618,0.45569028233025666,0.39767056367438836,0.38694446040718733,0.206109970412148,0.7393499288926135,0.28324520242499285,0.7319884506706273,180.0,180.0,0.0,1,0,0,0,0,0,0
0.2000000000007276,-2.660069929215601,0.032817727660554935,0.42287255466970175,0.42024193174770286,0.20449288045078345,0.7418489055965377,0.26372545437404404,0.7081080013573733,180.0,180.0,0.0,1,0,0,0,0,0,0
2.517935662402748,2.31793566240202,0.5848020912171372,0.5519843635565823,0.417213666681051,0.341410077025843,0.7319097746244981,0.25155408536556373,0.7110683917381388,180.0,180.0,0.0,1,0,0,0,0,0,0
0.5,-2.017935662402748,0.23984868649866153,0.3449534047184757,0.24268894878883548,0.3779586173586691,0.7146141155070374,0.24216386882159804,0.6820828304069224,180.0,180.0,0.0,1,0,0,0,0,0,0
1.9026297590437005,1.4026297590437005,0.47670886557138703,0.2368601790727255,0.2206680845921558,0.400055162204959,0.6830035176901507,0.23575761692758973,0.6446649429692766,180.0,180.0,0.0,1,0,0,0,0,0,0
0.9219544457286968,-0.9806753133150037,0.3143109705031912,0.16239789506819585,0.21397304028134037,0.47228592100783734,0.3307146077942419,0.2361712273636833,0.5628225226994282,180.0,180.0,0.0,1,0,0,0,0,0,0
0.22360679775079245,-0.6983476479779043,9.463058533998314e-07,0.3143100241973378,0.2255463860163941,0.4683395780695617,0.3239823993543688,0.23791196703493106,0.48447587396277514,180.0,180.0,0.0,1,0,0,0,0,0,0
0.0,-0.22360679775079245,0.0,9.463058533998314e-07,0.20677992451857646,0.41113059557013026,0.333004293771426,0.243131735222664,0.40739883619535283,180.0,180.0,0.0,1,0,0,0,0,0,0
0.0,0.0,0.0,0.0,0.22410932213005003,0.5300250245405213,0.228558272411332,0.25892306131047893,0.34200813446738687,180.0,180.0,0.0,1,0,0,0,0,0,0
0.0,0.0,0.0,0.0,0.14056403342419974,0.5979939586531489,0.23369901757574932,0.28045904428681767,0.2698729798587493,180.0,180.0,0.0,1,0,0,0,0,0,0
0.14142135623782398,0.14142135623782398,1.334070318360722,1.334070318360722,0.596614277923802,0.6076130924448518,0.4238472004778858,0.3080869382645189,0.2908399616104108,180.0,180.0,0.0,1,0,0,0,0,0,0
3.080584360149625,2.939163003911801,0.38552649870006356,0.9485438196606586,0.5781374518403671,0.5753097499563967,0.41386207951785914,0.3341509377063283,0.3066295136196772,180.0,180.0,0.0,1,0,0,0,0,0,0
3.201562118715288,0.12097775856566306,0.39969340062422454,0.01416690192416098,0.5454014357971773,0.4701047842005643,0.4054282545184968,0.3529091770606444,0.3194482905312898,180.0,180.0,0.0,1,0,0,0,0,0,0
1.4317821063271272,-1.7697800123881606,2.5390752987831102,2.1393818981588857,1.0240799072728952,0.4147886000681544,0.8090800062217564,0.36587051810025717,0.3975873863796958,180.0,180.0,0.0,1,0,0,0,0,0,0
3.4669871646714396,2.0352050583443124,0.41392827223947437,2.125147026543636,0.9434956599914667,0.27523125474494403,0.8099114067457807,0.3703380757533004,0.46987014391962695,180.0,180.0,0.0,1,0,0,0,0,0,0
3.5608987629542788,0.09391159828283913,0.23844572710779974,0.17548254513167463,0.977330837885922,0.23681029870439332,0.8125972787343977,0.37133263171002956,0.5462059236800851,180.0,180.0,0.0,1,0,0,0,0,0,0
3.5341194094134702,-0.026779353540808515,0.2288099892432025,0.009635737864597232,0.9960920477291939,0.10851651026292831,0.7990910531860003,0.3671903002395568,0.6232604898513651,180.0,180.0,0.0,1,0,0,0,0,0,0
3.5735136770403333,0.039394267626863044,0.28125494392287287,0.052444954679670364,1.0082550751156862,0.032112686430618397,0.7821982821644754,0.35771521597133077,0.703408004911076,180.0,180.0,0.0,1,0,0,0,0,0,0
2.334523505987075,-1.2389901710532585,0.6165422613821123,0.33528731745923945,0.1634173158030391,0.14993183262174276,0.7550470853636317,0.353906845780104,0.6973388042783749,180.0,180.0,0.0,1,0,0,0,0,0,0
2.220360331116436,-0.11416317487063887,0.06781923589886674,0.5487230254832456,0.2015031043702519,0.1944221292356402,0.7489021021101168,0.3537321361981918,0.7034327113729801,180.0,180.0,0.0,1,0,0,0,0,0,0
0.6403124237430576,-1.5800479073733782,0.0016898094733521773,0.06612942642551456,0.23981566205233432,0.3103880151992844,0.7321123129349634,0.35894603843754863,0.6677528497858334,180.0,180.0,0.0,1,0,0,0,0,0,0
0.0,-0.6403124237430576,0.0,0.0016898094733521773,0.26300890253247683,0.3069972039262263,0.7497593222034278,0.3640712546113208,0.6362399948550443,180.0,180.0,0.0,1,0,0,0,0,0,0
0.0,0.0,0.0,0.0,0.26953357174212367,0.4090482533993974,0.7649406829653325,0.3674531634299985,0.608653208449539,180.0,180.0,0.0,1,0,0,0,0,0,0
0.0,0.0,0.19992485156490017,0.19992485156490017,0.08667947496879702,0.43086541177919413,0.2013144323677536,0.3700985031510247,0.5149131652191292,180.0,180.0,0.0,1,0,0,0,0,0,0
0.0,0.0,0.7443094500957186,0.5443845985308184,0.32210824051325354,0.520520879574847,0.2584442167837878,0.37612178901951915,0.45277442327130785,180.0,180.0,0.0,1,0,0,0,0,0,0
0.6708203932499369,0.6708203932499369,0.5145361608173888,0.22977328927832974,0.3290561168418223,0.5699908598249583,0.2728566256091274,0.38100703596037516,0.38794695116689787,180.0,180.0,0.0,1,0,0,0,0,0,0
1.264911064067927,0.5940906708179902,0.0072267625385147305,0.5073093982788741,0.32746626464007533,0.5913112659395983,0.28489776293794017,0.387155620353877,0.321084372857986,180.0,180.0,0.0,1,0,0,0,0,0,0
1.2806248474861153,0.015713783418188187,7.184010235272709e-05,0.007154922436162003,0.3274501851739505,0.5851562123215016,0.294454420280113,0.39585690119144556,0.25300388386381245,180.0,180.0,0.0,1,0,0,0,0,0,0
1.2806248474861153,0.0,0.0,7.184010235272709e-05,0.35290650874028745,0.5817548553595792,0.26406406770864743,0.3984433927323985,0.2719528031575373,180.0,180.0,0.0,1,0,0,0,0,1,0
1.4212670403563927,0.14064219287027746,0.0,0.0,0.22931277110955858,0.5809359150415082,0.26736106254425634,0.39759049055181644,0.27473376983146797,180.0,180.0,0.0,1,0,0,0,0,1,0
1.2806248474861153,-0.14064219287027746,0.0,0.0,0.003224024569012305,0.5870014770621096,0.26746346488854184,0.39655990978267935,0.25107460608313575,180.0,180.0,0.0,1,0,0,0,0,1,0
1.2806248474861153,0.0,0.0005298989507029894,0.0005298989507029894,0.00023104973518551066,0.6692160083626836,0.2674312423520013,0.40125522270299363,0.22479682080340663,180.0,180.0,0.0,1,0,0,0,0,1,0
1.3416407865006874,0.06101593901457214,0.3970989721174092,0.3965690731667062,0.1775289628681898,0.735542205504362,0.2726652547918518,0.41452709376818353,0.21559635991601325,180.0,180.0,0.0,1,0,0,0,0,0,0
1.3416407864990605,-1.6269208202857044e-12,0.5290535496877953,0.1319545775703861,0.2577971446211398,0.7560820826417134,0.29354782264588153,0.43159176789686154,0.2327081268812475,180.0,180.0,0.0,1,0,0,0,0,0,0
1.2529964086146603,-0.08864437788440016,0.0016890315875797146,0.5273645181002156,0.257494502373007,0.7720190394336502,0.2338276361686657,0.4564311571312968,0.22624675306722283,180.0,180.0,0.0,1,0,0,0,0,0,0
1.3000000000010914,0.047003591386431065,0.01000125765929516,0.008312226071715445,0.2557243351216968,0.7609744941466406,0.196726323994468,0.48263936690340914,0.21891357489521032,180.0,180.0,0.0,1,0,0,0,0,0,0
1.2999999999989926,-2.098765605751396e-12,0.46992063276321083,0.4599193751039157,0.2560048575830496,0.7342706223796398,0.22611810294016058,0.5139270725092447,0.21176743418950772,180.0,180.0,0.0,1,0,0,0,0,0,0
1.972308292332229,0.6723082923332364,0.8580559443277036,0.38813531156449277,0.36696823515743315,0.7078981329604412,0.3128968425058168,0.547716344835736,0.21571923918785602,180.0,180.0,0.0,1,0,0,0,0,0,0
2.059126028196764,0.086817735864535,1.5496161839932585,0.6915602396655549,0.6497898297493826,0.7572367683186387,0.5098937673240312,0.5780815916205808,0.2454075712887655,180.0,180.0,0.0,1,0,0,0,0,0,0
0.1000000000003638,-1.9591260281964002,9.917070173948161e-07,1.5496151922862411,0.6501643558875239,0.8499368663576833,0.5098936848598907,0.610857328476683,0.28749272976656204,180.0,180.0,0.0,1,0,0,0,0,0,0
0.31622776601798835,0.21622776601762456,1.491470832519916,1.4914698408128986,0.6642920849523206,0.8691303356305566,0.5966275883986578,0.6387944444982465,0.35359953580489284,180.0,180.0,0.0,1,0,0,0,0,0,0
1.029563014098382,0.7133352480803936,0.29972226847832123,1.1917485640415948,0.6938648094829721,0.8755519291085174,0.5741634412173824,0.6672221807573611,0.42296291177967155,180.0,180.0,0.0,1,0,0,0,0,0,0
3.190611226709767,2.161048212611385,0.045330744393216715,0.2543915240851045,0.7785392850745344,0.8913415292842448,0.5956707652669694,0.6913368445516034,0.48306394400030594,180.0,180.0,0.0,1,0,0,0,0,0,0
3.4132096331745094,0.22259840646474238,0.030538489970606264,0.014792254422610451,0.6364198819922472,0.9044361730498093,0.6158572771552401,0.7150153826151342,0.5209262177374167,180.0,180.0,0.0,1,0,0,0,0,0,0
3.3615472627943763,-0.051662370380133105,0.1015624160167432,0.07102392604613694,0.6230016854381852,0.9147797439489859,0.6080780096708762,0.7347283258338411,0.5574769360439346,180.0,180.0,0.0,1,0,0,0,0,0,0
3.4438350715448403,0.08228780875046393,0.02932370382421068,0.07223871219253253,0.11477347415246189,0.9258963031446062,0.6064271965448927,0.7525235979998235,0.5433818499470111,180.0,180.0,0.0,1,0,0,0,0,0,0
3.6674241641779535,0.22358909263311322,2.2358739499850344e-06,0.029321467950260693,0.03745844198583151,0.9417900183812589,0.6258415815690741,0.7700475356219065,0.5215272083872893,180.0,180.0,0.0,1,0,0,0,0,0,0
2.9068883707497264,-0.7605357934282271,0.021595533055566385,0.0215932971816164,0.03832209594919976,0.9453261465931992,0.6197100495363084,0.7880560323354914,0.48866259446646587,180.0,180.0,0.0,1,0,0,0,0,0,0
2.0591260281983543,-0.8477623425513721,0.3349783344390014,0.313382801383435,0.1381374059934035,0.9473179129204027,0.4578668847183887,0.8063341852135325,0.43749735209086793,180.0,180.0,0.0,1,0,0,0,0,0,0
1.8439088914577881,-0.2152171367405662,0.3071982545147911,0.027780079924210277,0.16720534841239523,0.9405159919157564,0.45056159376598304,0.8243131890572449,0.38920145134335515,180.0,180.0,0.0,1,0,0,0,0,0,0
2.8635642126559055,1.0196553211981174,0.4662994893006347,0.1591012347858436,0.20559027997307222,0.8802329601362411,0.17017914726509883,0.8389747632109517,0.3433312708454303,180.0,180.0,0.0,1,0,0,0,0,0,0
2.8999999999989465,0.03643578734304098,0.20534812957575024,0.2609513597248845,0.16581730182737203,0.8553014958434328,0.16431063903867563,0.8482790375849889,0.2905265200798703,180.0,180.0,0.0,1,0,0,0,0,0,0
1.4317821063287788,-1.4682178936701678,0.18202750241953503,0.023320627156215218,0.11380231103590387,0.8504757999150712,0.15987157398192983,0.8540257173055246,0.2240528226760073,180.0,180.0,0.0,1,0,0,0,0,0,0
2.8071337695228364,1.3753516631940577,0.09716499078769902,0.084862511631836,0.14143618377591308,0.8553492117315493,0.1548200774155904,0.8589890737600163,0.17455445285437382,180.0,180.0,0.0,1,0,0,0,0,0,0
1.1045361017191213,-1.7025976678037151,0.0022008812869267484,0.09496410950077228,0.17358393645701783,0.8561626111182619,0.16299730021848743,0.8631962523442468,0.1296126779562571,180.0,180.0,0.0,1,0,0,0,0,0,0
0.5830951894850915,-0.5214409122340298,0.1394222733324113,0.13722139204548456,0.08026534175096249,0.8510559292542796,0.1564296395138646,0.8677003240996287,0.12616186471610716,180.0,180.0,0.0,1,0,0,0,0,0,0
0.22360679774916548,-0.35948839173592606,0.0,0.1394222733324113,0.0815495238495382,0.8476912435676056,0.15642991842484416,0.873371355159027,0.13057097290247782,180.0,180.0,0.0,1,0,0,0,0,0,0
0.0,-0.22360679774916548,0.0,0.0,0.06610690950461386,0.8511648876988476,0.15892179716624416,0.8805346928959473,0.13334945425801922,180.0,180.0,0.0,1,0,0,0,0,0,0
0.0,0.0,0.0,0.0,0.0621127816853163,0.8463405039126877,0.15637812417091998,0.8849898796756499,0.12574699182721052,180.0,180.0,0.0,1,0,0,0,0,0,0
0.0,0.0,0.0,0.0,0.06235153614976735,0.8482387979552661,0.14991624713086935,0.8849049762555289,0.11526161060094771,180.0,180.0,0.0,1,0,0,0,0,0,0
0.0,0.0,0.0,0.0,0.0,0.8540125810026928,0.08496941146256853,0.884149088524136,0.0947025826036405,180.0,180.0,0.0,1,0,0,0,0,0,0
0.0,0.0,0.0,0.0,0.0,0.8516878589330108,0.07016637395497385,0.8829558850153605,0.0781208524209033,180.0,180.0,0.0,1,0,0,0,0,0,0
0.0,0.0,0.0,0.0,0.0,0.846786031367068,0.05075263734327924,0.8807281101195017,0.06674062131731291,180.0,180.0,0.0,1,0,0,0,0,0,0
0.0,0.0,0.0,0.0,0.0,0.8429092937167043,0.04401729759382744,0.8776517661528465,0.0525970029397216,180.0,180.0,0.0,1,0,0,0,0,0,0
0.0,0.0,0.0,0.0,0.0,0.8408404392152612,0.044089194028883075,0.8739548009161602,0.03523860929401982,180.0,180.0,0.0,1,0,0,0,0,0,0
0.0,0.0,0.0,0.0,0.0,0.8381583544099651,0.0,0.8695679034794281,0.027212075118923575,180.0,180.0,0.0,1,0,0,0,0,0,0
0.0,0.0,0.0,0.0,0.0,0.8459798409685958,0.0,0.8647773946087949,0.01905712273396975,180.0,180.0,0.0,1,0,0,0,0,0,0
0.0,0.0,0.0,0.0,0.0,0.8725155048795218,0.0,0.8611368625231111,0.012446431783508367,180.0,180.0,0.0,1,0,0,0,0,0,0
0.0,0.0,0.0,0.0,0.0,0.9187642432416108,0.0,0.8597091790391715,0.006235153614976735,180.0,180.0,0.0,1,0,0,0,0,0,0
0.0,0.0,0.0,0.0,0.0,0.9149116873204668,0.0,0.858428963809407,0.0,180.0,180.0,0.0,1,0,0,0,0,0,0
0.0,0.0,0.0,0.0,0.0,0.9503243159337402,0.0,0.8619335315992819,0.0,180.0,180.0,0.0,1,0,0,0,0,0,0
0.0,0.0,0.5103526017803945,0.5103526017803945,0.22823662201496847,0.970150274320926,0.16138766314189507,0.8676759705231566,0.02282366220149685,180.0,180.0,0.0,1,0,0,0,0,0,0
0.538516480713045,0.538516480713045,0.8221246268178719,0.31177202503747736,0.3811986251345418,0.9276350992164062,0.29036358887343516,0.8715339354882234,0.06094352471495103,180.0,180.0,0.0,1,0,0,0,0,0,0
1.8248287590886285,1.2863122783755836,2.3470957712701317,1.5249711444522598,0.9666120922332899,0.18860920768756936,0.7521289408917511,0.8381969352860243,0.15760473393828,180.0,180.0,0.0,1,0,0,0,0,0,0
0.5830951894850915,-1.241733569603537,0.02325805765365141,2.3238377136164803,0.9622313402730169,0.4136313780133404,0.7508996376842774,0.8160703736307783,0.2538278679655817,180.0,180.0,0.0,1,0,0,0,0,0,0
1.7888543819998317,1.2057591925147402,0.831975513159275,0.8087174555056236,0.8696317187065646,0.7395638093517368,0.7514049335945141,0.8104957676356511,0.34079103983623815,180.0,180.0,0.0,1,0,0,0,0,0,0
3.0083217912977207,1.219467409297889,0.2943672137193957,0.5376082994398792,0.8991218532963057,0.8397983176214278,0.737299241521954,0.8101011213383422,0.43070322516586873,180.0,180.0,0.0,1,0,0,0,0,0,0
1.7088007490639745,-1.2995210422337462,0.32634285927700524,0.03197564555760951,0.9316126335178676,0.8610929876716658,0.7205821692223929,0.8105975263369831,0.5238644885176555,180.0,180.0,0.0,1,0,0,0,0,0,0
3.2015621187148335,1.492761369650859,1.440241036819371,1.1138981775423658,0.5611023827895197,0.7679003623448141,0.7494424190979095,0.8066755192585895,0.5799747267966076,180.0,180.0,0.0,1,0,0,0,0,0,0
2.60768096208092,-0.5938811566339135,0.6404142563366477,0.7998267804827233,0.4671349063133103,0.5597577859555738,0.713309141618663,0.7922514686586049,0.6266882174279386,180.0,180.0,0.0,1,0,0,0,0,0,0
1.8110770276284476,-0.7966039344524725,0.30168081592426566,0.33873344041238207,0.49115436029099574,0.43145621851843546,0.685127459030912,0.771123650534392,0.6758036534570381,180.0,180.0,0.0,1,0,0,0,0,0,0
2.7202941017464197,0.9092170741179721,0.39115281569957094,0.08947199977530529,0.47779303775156,0.3837740359383191,0.6908463964487813,0.7477279593846574,0.7007592950306972,180.0,180.0,0.0,1,0,0,0,0,0,0
0.9433981132050434,-1.7768959885413764,0.04406352593495988,0.34708928976461106,0.5344758496873829,0.39546874085587896,0.7238298246033087,0.725162094859098,0.7160870174859814,180.0,180.0,0.0,1,0,0,0,0,0,0
0.7211102550928988,-0.22228785811214458,0.6290517717368423,0.5849882458018825,0.24834015933625603,0.4049158557968594,0.42016033845831957,0.7032624229631057,0.644259824196278,180.0,180.0,0.0,1,0,0,0,0,0,0
1.8027756377319946,1.0816653826390956,1.5109769380338127,0.8819251662969704,0.5633316926593264,0.43129032080089785,0.49276076383740813,0.6827849170423875,0.604369859434909,180.0,180.0,0.0,1,0,0,0,0,0,0
0.8944271910015429,-0.9083484467304517,0.0764239425211081,1.4345529955127045,0.5985963762551676,0.4474237203344357,0.5175312660474352,0.6632481853386112,0.5772663251897692,180.0,180.0,0.0,1,0,0,0,0,0,0
0.9486832980499386,0.054256107048395674,0.6123535820296899,0.5359296395085819,0.5938940203540172,0.4426190883041968,0.5087169430558987,0.6430801477053911,0.5467435418955404,180.0,180.0,0.0,1,0,0,0,0,0,0
0.7071067811873192,-0.24157651686261938,0.8317912896464734,0.2194377076167835,0.5175560042754017,0.4577683252148647,0.5038945111601473,0.6223427887221583,0.5053378789712937,180.0,180.0,0.0,1,0,0,0,0,0,0
1.1401754250981808,0.43306864391086164,1.1617319821972227,0.3299406925507493,0.5451263963674595,0.4671371968807009,0.46111001524057743,0.5997614364041128,0.5037402803290877,180.0,180.0,0.0,1,0,0,0,0,0,0
3.4205262752967758,2.280350850198595,1.1536692430514028,0.008062739145819897,0.45009303762227276,0.5002135554488863,0.4912209195564454,0.5790265298105337,0.5020360934599839,180.0,180.0,0.0,1,0,0,0,0,0,0
3.551056180912746,0.13052990561597033,0.5895296098703369,0.564139633181066,0.2793209802385901,0.5306982354266387,0.475332664978291,0.5580452257851787,0.48085275545474343,180.0,180.0,0.0,1,0,0,0,0,0,0
3.624913792079365,0.07385761116661893,0.024729862194826868,0.56479974767551,0.4719383400697101,0.5549991338984037,0.5143173959856828,0.5372876687640527,0.4802672856865584,180.0,180.0,0.0,1,0,0,0,0,0,0
3.383784863136812,-0.2411289289425529,0.25019464358845966,0.2254647813936328,0.5169700208155634,0.5689876856691719,0.49030604780100034,0.5193552980866909,0.4785167027993764,180.0,180.0,0.0,1,0,0,0,0,0,0
2.601922366251915,-0.7818624968848971,1.5457825477007625,1.2955879041123028,0.6306475703343838,0.6340564974316852,0.5596752504535086,0.5416276625738967,0.5167474438991893,180.0,180.0,0.0,1,0,0,0,0,0,0
3.413209633174776,0.8112872669228608,1.5148870824389697,0.030895465261792765,0.709535298635125,0.6662667607530623,0.5602470852159461,0.5542594317108828,0.5313678044967691,180.0,180.0,0.0,1,0,0,0,0,0,0
3.883297567790813,0.47008793461603693,0.26708425265029523,1.2478028297886745,0.7454882907860407,0.7481634549774479,0.5365323747575753,0.5546894139921684,0.5460569959498563,180.0,180.0,0.0,1,0,0,0,0,0,0
2.334523505984971,-1.5487740618058417,0.21112650233279762,0.05595775031749761,0.7055874149170733,0.8422713974184072,0.5659204784058549,0.5548130679820173,0.5572263354061621,180.0,180.0,0.0,1,0,0,0,0,0,0
0.5099019513593499,-1.8246215546256213,2.1592243090386747,1.948097806705877,0.8615110491073574,0.8975582997285264,0.7204932832706801,0.5566363335848603,0.5916218398893577,180.0,180.0,0.0,1,0,0,0,0,0,0
3.9204591567821327,3.4105572054227826,1.3660695100295952,0.7931547990090795,0.8438983200944765,0.9152253523312721,0.731932327263185,0.5640025830841833,0.6214990322620594,180.0,180.0,0.0,1,0,0,0,0,0,0
3.6235341863980652,-0.2969249703840675,0.9639853139848662,0.402084196044729,0.8121546110512381,0.7991677167160647,0.7273081668800314,0.5759730796222078,0.6577051896049558,180.0,180.0,0.0,1,0,0,0,0,0,0
3.125699921617871,-0.4978342647801943,0.7868427672758255,0.17714254670904073,0.7244618938310861,0.6969184264433497,0.7209216110145092,0.5892461900184535,0.7022192809642054,180.0,180.0,0.0,1,0,0,0,0,0,0
1.403566884761483,-1.7221330368563879,1.2343769980430592,0.44753423076723375,0.5298943623794167,0.6403203745049142,0.6544871893593326,0.6020735069467833,0.7080148831951761,180.0,180.0,0.0,1,0,0,0,0,0,0
2.570992026436573,1.1674251416750898,0.6769802443213816,0.5573967537216776,0.29148525789912766,0.5589953858967986,0.6104214988922197,0.6102498391988292,0.6854664069035326,180.0,180.0,0.0,1,0,0,0,0,0,0
0.3605551275477106,-2.2104368988888625,0.06105799347673724,0.6159222508446444,0.43634790287987874,0.542171755163016,0.6610186771663452,0.617112634167137,0.666036440158082,180.0,180.0,0.0,1,0,0,0,0,0,0
0.0,-0.3605551275477106,1.3281787926154052,1.267120799138668,0.5068208354075405,0.5275073425265181,0.6449202560822962,0.621923485253418,0.6457649938353236,180.0,180.0,0.0,1,0,0,0,0,0,0
1.7029386365925332,1.7029386365925332,0.44514137969636874,0.8830374129190364,0.5342798673354138,0.49679807238880813,0.6275602494331507,0.6243922028561366,0.6246441514902609,180.0,180.0,0.0,1,0,0,0,0,0,0
0.0,-1.7029386365925332,0.0,0.44514137969636874,0.5391789753955107,0.48707358631676495,0.6570405429437117,0.6266149277567651,0.6080033075381046,180.0,180.0,0.0,1,0,0,0,0,0,0
0.0,0.0,0.0,0.0,0.5685396161690026,0.4841257816909809,0.5429230168324958,0.6279328005805709,0.5787061642442691,180.0,180.0,0.0,1,0,0,0,0,0,0
0.0,0.0,0.10778984674896053,0.10778984674896053,0.5626085280573286,0.47066461982888547,0.512841420317257,0.6281091717279801,0.5505771850405543,180.0,180.0,0.0,1,0,0,0,0,0,0
0.8062257748291781,0.8062257748291781,0.7894182829469327,0.6816284361979722,0.3437187379813291,0.4261142520886652,0.5003987455723379,0.6244042065599691,0.5037335977335635,180.0,180.0,0.0,1,0,0,0,0,0,0
0.8246211251225615,0.01839535029338335,1.5121886542091814,0.7227703712622486,0.6634146195957704,0.35620700481216144,0.585080794838443,0.6156796450292452,0.4976288703100319,180.0,180.0,0.0,1,0,0,0,0,0,0
1.3000000000006717,0.47537887487811026,0.4861975707297691,1.0259910834794121,0.6084835961011849,0.3148462836496162,0.5435100676812223,0.6036720025168058,0.5054877936822086,180.0,180.0,0.0,1,0,0,0,0,0,0
1.6155494421404863,0.3155494421398146,0.6219674331542343,0.1357698624244652,0.5172276534412197,0.27873891646583154,0.5422543143713122,0.5891595640566388,0.528062033236418,180.0,180.0,0.0,1,0,0,0,0,0,0
1.5264337522463738,-0.08911568989411256,1.3704671698113908,0.7484997366571565,0.45857670819771656,0.2814265878267633,0.5723032181616766,0.5715280685763926,0.5302849137682017,180.0,180.0,0.0,1,0,0,0,0,0,0
2.418677324490242,0.8922435722438682,1.3969748021655464,0.02650763235415554,0.48321749832315186,0.3132147523052152,0.5814856755311634,0.5538754681540003,0.5279245800597627,180.0,180.0,0.0,1,0,0,0,0,0,0
0.4999999999992724,-1.9186773244909696,0.5894225523716845,0.8075522497938619,0.45085242451128255,0.3018014137964034,0.576975838381043,0.5315573660949481,0.5195818357773497,180.0,180.0,0.0,1,0,0,0,0,0,0
1.341640786498247,0.8416407864989746,1.0117595216665465,0.422336969294862,0.3893706337977992,0.3558176944168928,0.5298163627285425,0.5072346809448725,0.5046010016175785,180.0,180.0,0.0,1,0,0,0,0,0,0
2.0099751242240695,0.6683343377258226,0.7045141397776429,0.3072453818889036,0.37073882284580695,0.4136418431092455,0.45483436228053203,0.48303885811390834,0.48482092228525897,180.0,180.0,0.0,1,0,0,0,0,0,0
1.2041594578796826,-0.805815666344387,0.1945784214473978,0.5099357183302451,0.4525221465697797,0.3391726242320933,0.4394747670783852,0.4542362217089494,0.47381228413650406,180.0,180.0,0.0,1,0,0,0,0,0,0
2.0880613017822145,0.8839018439025319,0.5055881784673373,0.3110097570199395,0.2974282961400475,0.3473724358080155,0.4540204795035051,0.4316464576635469,0.4691832399523759,180.0,180.0,0.0,1,0,0,0,0,0,0
0.943398113206586,-1.1446631885756284,0.21886105883493068,0.2867271196324066,0.34366234320903094,0.3547404358918985,0.4243003902949167,0.41453755813597437,0.437208012313702,180.0,180.0,0.0,1,0,0,0,0,0,0
0.6082762530302407,-0.33512186017634527,0.8025497226357265,0.5836886638007959,0.27596310804648827,0.45080184574554727,0.4174960430056757,0.4050616316980061,0.4039559635082323,180.0,180.0,0.0,1,0,0,0,0,0,0
1.2041594578784742,0.5958832048482335,0.5442969935298345,0.25825272910589203,0.252432302440692,0.577402984311091,0.4206807153899109,0.40598201161872066,0.3774764284081796,180.0,180.0,0.0,1,0,0,0,0,0,0
1.1401754250980212,-0.06398403278045306,0.9706317023294335,0.426334708799599,0.2895366870945097,0.5422111735698506,0.3693220034743056,0.4059839825390624,0.36057242629785885,180.0,180.0,0.0,1,0,0,0,0,0,0
1.2649110640667764,0.12473563896875528,0.1438934944354007,0.8267382078940329,0.35858991907986437,0.5463787969355791,0.31248195770844667,0.40692755525951546,0.3481096683735301,180.0,180.0,0.0,1,0,0,0,0,0,0
2.267156809751472,1.0022457456846956,0.3994232377993021,0.25552974336390144,0.3262995777588569,0.59658800503321,0.31682200209495276,0.41191705189173555,0.33565438369828754,180.0,180.0,0.0,1,0,0,0,0,0,0
1.500000000001455,-0.767156809750017,2.6339260823144017,2.2345028445150996,0.9940952280649419,0.5034513256107432,0.7280900195887317,0.41273593885643456,0.39612684312500185,180.0,180.0,0.0,1,0,0,0,0,0,0
3.9051248379529544,2.405124837951499,0.760601028096807,1.8733250542175948,0.9772185346834726,0.4160969195645369,0.7282434438639928,0.40933449575011227,0.4567748143087684,180.0,180.0,0.0,1,0,0,0,0,0,0
1.772004514667633,-2.133120323285321,0.1113809738243614,0.6492200542724456,1.052317227614758,0.40079399331380233,0.7353213144850265,0.40584096442435813,0.5167543224132662,180.0,180.0,0.0,1,0,0,0,0,0,0
3.8275318418002144,2.055527327132581,0.9595091338518684,0.848128160027507,0.9842952327631246,0.43768330148963613,0.7353718883207322,0.40641941689440664,0.5854410160755739,180.0,180.0,0.0,1,0,0,0,0,0,0
0.31622776601741315,-3.5113040757828013,0.0,0.9595091338518684,1.0560721855056698,0.4787840753373273,0.7560511960679838,0.41254827042066494,0.6566820003052378,180.0,180.0,0.0,1,0,0,0,0,0,0
0.0,-0.31622776601741315,0.0,0.0,0.45844996104648844,0.48825811334067104,0.7896522425559266,0.4212188619052177,0.6749306856052378,180.0,180.0,0.0,1,0,0,0,0,0,0
0.0,0.0,0.0,0.0,0.41943485034372974,0.4698237017069126,0.8162402173450971,0.43077310116727174,0.6916309403955416,180.0,180.0,0.0,1,0,0,0,0,0,0
0.0,0.0,0.0,0.0,0.42910552966494553,0.4590825833723476,0.8246646936406729,0.439655900944551,0.7055878246525852,180.0,180.0,0.0,1,0,0,0,0,0,0
0.0,0.0,0.0,0.0,0.0,0.4457312152229293,0.8328008756989264,0.4462817240904366,0.6697288327445988,180.0,180.0,0.0,1,0,0,0,0,0,0
0.0,0.0,0.0,0.0,0.0,0.4579921114791962,0.846899504542833,0.4540912589745763,0.6370988749687131,180.0,180.0,0.0,1,0,0,0,0,0,0
0.0,0.0,0.0,0.0,0.0,0.4513658841405708,0.36150018367532283,0.45886866846076024,0.5376893521622189,180.0,180.0,0.0,1,0,0,0,0,0,0
0.0,0.0,0.0,0.0,0.0,0.411965031663033,0.3015483998379309,0.4587848278884496,0.43996749869387164,180.0,180.0,0.0,1,0,0,0,0,0,0
0.0,0.0,0.0,0.0,0.0,0.43442240674465915,0.30342342987072835,0.4635473170140779,0.3347357759323958,180.0,180.0,0.0,1,0,0,0,0,0,0
0.0,0.0,0.0,0.0,0.0,0.43936919475839853,0.0,0.4681471549615971,0.23630625265608335,180.0,180.0,0.0,1,0,0,0,0,0,0
0.0,0.0,0.0,0.0,0.0,0.46668732938451696,0.0,0.473744499636228,0.13069903410551637,180.0,180.0,0.0,1,0,0,0,0,0,0
0.0,0.0,0.0,0.0,0.0,0.4570501899071871,0.0,0.47405691684431,0.08485403800086752,180.0,180.0,0.0,1,0,0,0,0,0,0
0.0,0.0,0.0,0.0,0.0,0.5654099802502277,0.0,0.47345726664126675,0.042910552966494556,180.0,180.0,0.0,1,0,0,0,0,0,0
0.0,0.0,0.0,0.0,0.0,0.5665449572409004,0.0,0.47467395582481925,0.0,180.0,180.0,0.0,1,0,0,0,0,0,0
0.0,0.0,0.0,0.0,0.0,0.6667885395171321,0.0,0.48069444295389696,0.0,180.0,180.0,0.0,1,0,0,0,0,0,0
0.0,0.0,0.0,0.0,0.0,0.861907682762322,0.0,0.4939604268403525,0.0,180.0,180.0,0.0,1,0,0,0,0,0,0
0.0,0.0,0.0,0.0,0.0,0.9293337297722915,0.0,0.51525454704843,0.0,180.0,180.0,0.0,1,0,0,0,0,0,0
0.0,0.0,0.0,0.0,0.0,0.9443566331779539,0.0,0.5416675327291008,0.0,180.0,180.0,0.0,1,0,0,0,0,0,0
0.0,0.0,0.0,0.0,0.0,0.997646029928732,0.0,0.5715101345598472,0.0,180.0,180.0,0.0,1,0,0,0,0,0,0
0.0,0.0,0.0,0.0,0.0,1.0,0.0,0.5996259694853655,0.0,180.0,180.0,0.0,1,0,0,0,0,0,0
1.802775637730481,1.802775637730481,0.08500984835250877,0.08500984835250877,0.03801755993463162,1.0,0.026882474433944023,0.625686765718499,0.003801755993463162,180.0,180.0,0.0,1,0,0,0,0,0,0
0.5385164807137206,-1.2642591570167605,0.6231361801439376,0.5381263317914288,0.2716759162063489,0.9998495974514343,0.19589631428492565,0.6512663399240373,0.03096934761409805,180.0,180.0,0.0,1,0,0,0,0,0,0
3.312099032335696,2.773582551621975,0.08762925910071229,0.5355069210432253,0.2629413426516293,0.9131446351350896,0.19433031145071872,0.6734323865954461,0.05726348187926098,180.0,180.0,0.0,1,0,0,0,0,0,0
0.14142135623782398,-3.170677676097872,0.0,0.08762925910071229,0.2629413426516293,0.9106955426757414,0.19433031145071872,0.6960130345606157,0.0835576161444239,180.0,180.0,0.0,1,0,0,0,0,0,0
0.0,-0.14142135623782398,0.0,0.0,0.2629413426516293,0.9106955426757414,0.19433031145071872,0.7192612509332564,0.10985175040958683,180.0,180.0,0.0,1,0,0,0,0,0,0
0.0,0.0,0.0,0.0,0.27154193236496166,0.9106955426757414,0.19433031145071872,0.7418964224930836,0.137005943646083,180.0,180.0,0.0,1,0,0,0,0,0,0
0.0,0.0,0.04816351188024526,0.04816351188024526,0.039719880403398085,0.9106955426757414,0.19272914630587906,0.7648629054198421,0.1409779316864228,180.0,180.0,0.0,1,0,0,0,0,0,0
2.100000000000364,2.100000000000364,1.8630608212570379,1.8148973093767926,0.828063955450359,0.6759711672576392,0.591019356073873,0.7780632121995724,0.22378432723145872,180.0,180.0,0.0,1,0,0,0,0,0,0
1.4317821063275082,-0.6682178936728556,0.21117880968440317,1.6518820115726347,0.8088561085118036,0.65228357422079,0.5840033830224467,0.788956270573379,0.3046699380826391,180.0,180.0,0.0,1,0,0,0,0,0,0
3.3615472627943763,1.929765156466868,1.476376047593176,1.2651972379087728,0.8813846689830647,0.7437362260596863,0.6806525811060082,0.8041746221384434,0.39280840498094555,180.0,180.0,0.0,1,0,0,0,0,0,0
0.41231056256150134,-2.949236700232875,1.117866948375655,0.35850909921752105,0.7902332607691472,0.7510197947005777,0.6990090229693237,0.8183912454042466,0.4680299750643971,180.0,180.0,0.0,1,0,0,0,0,0,0
0.2000000000007276,-0.21231056256077374,0.10299404214527863,1.0148729062303763,0.7749378545388897,0.733125240628991,0.7116008485936791,0.8321949979403366,0.5183561688976511,180.0,180.0,0.0,1,0,0,0,0,0,0
0.0,-0.2000000000007276,0.0,0.10299404214527863,0.669466291498232,0.733125240628991,0.7176302987197359,0.8405807609592749,0.5590086637823115,180.0,180.0,0.0,1,0,0,0,0,0,0
0.28284271247436177,0.28284271247436177,1.4059235438154805,1.4059235438154805,0.7157786284406469,0.6982638936679979,0.7497176505632757,0.8471667077806296,0.6042923923612131,180.0,180.0,0.0,1,0,0,0,0,0,0
0.0,-0.28284271247436177,4.566867073396708e-06,1.405918976948407,0.6813316192617536,0.6982638936679979,0.749717229201149,0.848740475488173,0.6461314200222257,180.0,180.0,0.0,1,0,0,0,0,0,0
0.0,0.0,0.0,4.566867073396708e-06,0.6188415732507881,0.6982638936679979,0.749717229201149,0.8405582860334568,0.6808613841108083,180.0,180.0,0.0,1,0,0,0,0,0,0
0.0,0.0,0.0,0.0,0.6287476124396124,0.6982638936679979,0.7539599653429925,0.829004794228242,0.7397641573144298,180.0,180.0,0.0,1,0,0,0,0,0,0
0.0,0.0,0.0,0.0,0.6287476124396124,0.6982638936679979,0.6324363509847383,0.8167001572527444,0.7198325230133551,180.0,180.0,0.0,1,0,0,0,0,0,0
0.0,0.0,0.0,0.0,2.0423346868560286e-06,0.6982638936679979,0.6440277002445497,0.8017310504397075,0.6389471163956434,180.0,180.0,0.0,1,0,0,0,0,0,0
0.0,0.0,0.0,0.0,0.0,0.6982638936679979,0.5319621122518987,0.7866442451231075,0.550808649497337,180.0,180.0,0.0,1,0,0,0,0,0,0
0.0,0.0,0.0,0.0,0.0,0.6529596455125297,0.4421593701450367,0.7692922273987339,0.47178532342042223,180.0,180.0,0.0,1,0,0,0,0,0,0
0.0,0.0,0.0,0.0,0.0,0.6364895568134541,0.4445919009902094,0.751124225366835,0.39429153796653327,180.0,180.0,0.0,1,0,0,0,0,0,0
0.0,0.0,0.0,0.0,0.0,0.7491312247683437,0.4445919009902094,0.7429235548484977,0.3273449088167101,180.0,180.0,0.0,1,0,0,0,0,0,0
0.0,0.0,0.0,0.0,0.0,0.7657536509981513,1.444111808125191e-06,0.7356764602646182,0.2557670459726454,180.0,180.0,0.0,1,0,0,0,0,0,0
0.0,0.0,0.0,0.0,0.0,0.7657536509981513,0.0,0.7284293656807387,0.18763388404647,180.0,180.0,0.0,1,0,0,0,0,0,0
0.6082762530284465,0.6082762530284465,0.14194616676235272,0.14194616676235272,0.0634802556052284,0.66180030459644,0.04488731920991233,0.7159846037767736,0.13209775228191403,180.0,180.0,0.0,1,0,0,0,0,0,0
3.2756678708331504,2.6673916178047037,0.7893218353478431,0.6473756685854903,0.3426826723313239,0.2655831612063395,0.2486522928910931,0.6837289847033035,0.10349125827108514,180.0,180.0,0.0,1,0,0,0,0,0,0
2.3021728866435565,-0.9734949841895939,0.2544188202716393,0.5349030150762037,0.32662515287782073,0.10980079488639957,0.25106911090305006,0.6554204660847416,0.073279012314906,180.0,180.0,0.0,1,0,0,0,0,0,0
1.1045361017173099,-1.1976367849262466,1.492018862219146,1.2376000419475066,0.6123735274880558,0.25994407852448326,0.49632159399673065,0.6358034912999262,0.1345161608302429,180.0,180.0,0.0,1,0,0,0,0,0,0
3.1400636936218755,2.0355275919045654,0.926168681512378,0.565850180706768,0.5464048939683199,0.7423477820513436,0.5263104573119284,0.635734069099509,0.18915665022707487,180.0,180.0,0.0,1,0,0,0,0,0,0
1.6763054614243682,-1.4637582321975073,0.03887928184449141,0.8872893996678866,0.5749016442347469,0.8315799628544616,0.5234884596564812,0.6397620775072033,0.24664681465054955,180.0,180.0,0.0,1,0,0,0,0,0,0
1.5297058540780495,-0.14659960734631872,0.6638701703119918,0.6249908884675004,0.5727712179375745,0.8538240485926067,0.5141713562545535,0.645797017905384,0.30392393644430704,180.0,180.0,0.0,1,0,0,0,0,0,0
0.28284271247436177,-1.2468631416036877,1.092376552480568,0.42850638216857617,0.5406080452728668,0.8552203313583713,0.5283534754957305,0.651901772441853,0.35798474097159366,180.0,180.0,0.0,1,0,0,0,0,0,0
0.3999999999996362,0.11715728752527443,0.016972582933454605,1.0754039695471134,0.4984919010866251,0.8198046253060327,0.5264502531125049,0.6579788090237548,0.40783393108025623,180.0,180.0,0.0,1,0,0,0,0,0,0
2.247220505424504,1.8472205054248678,2.390502160923045,2.37352957798959,0.9769774528741204,0.8418241888484357,0.7489266641448019,0.6651568237827766,0.5055316763676683,180.0,180.0,0.0,1,0,0,0,0,0,0
3.624913792077709,1.377693286653205,0.052747006317301004,2.337755154605744,0.9741483146010375,0.8240864962983014,0.7578569509588406,0.6714479539142919,0.5965984822672491,180.0,180.0,0.0,1,0,0,0,0,0,0
3.2557641192201645,-0.3691496728575445,0.780376982060049,0.727629975742748,0.97016888988128,0.7870010963624677,0.7578391559500812,0.6758848140490153,0.6593471040222447,180.0,180.0,0.0,1,0,0,0,0,0,0
2.570992026436573,-0.6847720927835916,0.4820746525488222,0.2983023295112268,0.9730487751687965,0.7314735204817192,0.7438934128322822,0.6775452953897014,0.7239894662513423,180.0,180.0,0.0,1,0,0,0,0,0,0
2.0396078054370426,-0.5313842209995303,3.1136746325987645,2.631599980049942,1.31841386591151,0.7488634861510305,1.0334613670598933,0.680075275013853,0.7945935000936878,180.0,180.0,0.0,1,0,0,0,0,0,0
3.6687872655689375,1.629179460131895,0.7422797564700199,2.3713948761287447,1.198118386686359,0.6334072082636587,1.035680120069334,0.6768324407436361,0.8597648493654917,180.0,180.0,0.0,1,0,0,0,0,0,0
6.660330322138445,2.9915430565695074,0.41818388557373054,0.32409587089628933,1.1326346892116352,0.45202440296115143,1.0056273427753246,0.6667856786160671,0.9155381538631804,180.0,180.0,0.0,1,0,0,0,0,0,0
3.75898922584311,-2.9013410962953348,0.6353605010992927,0.2171766155255621,1.1448900435374878,0.36834124013004044,1.006648264163875,0.6533782627818965,0.9727500364231719,180.0,180.0,0.0,1,0,0,0,0,0,0
3.5128336140501526,-0.24615561179295753,0.021197021680247705,0.6141634794190449,1.2209224778266985,0.28865123714525864,1.048588166050154,0.6303542634007422,1.040781479678555,180.0,180.0,0.0,1,0,0,0,0,0,0
1.6970562748474567,-1.815777339202696,1.9095621884640628,1.888365166783815,0.7069180173322732,0.242556336576373,1.049249949353023,0.6041943976796533,1.0616240913031199,180.0,180.0,0.0,1,0,0,0,0,0,0
3.4669871646714396,1.769930889823983,0.21184548695896277,1.6977167015051,0.7461974455615832,0.2444910120992824,0.9637460041059775,0.5781312657347099,1.0385460905718662,180.0,180.0,0.0,1,0,0,0,0,0,0
2.9274562336604792,-0.5395309310109604,1.680619601767997,1.4687741148090343,0.8579226515518327,0.20482488708471383,0.954042857328084,0.5552824948591235,1.0269235242669457,180.0,180.0,0.0,1,0,0,0,0,0,0
1.5,-1.4274562336604792,2.361302102347151,0.6806825005791539,1.0538396555699323,0.1219195271769902,1.040741315254532,0.5480993131576561,1.035290600835811,180.0,180.0,0.0,1,0,0,0,0,0,0
0.9999999999996362,-0.5000000000003638,2.3676677477201586,0.006365645373007656,0.8862567761220086,0.10114165658902781,1.0750001574625583,0.5476663562427875,1.026611400931132,180.0,180.0,0.0,1,0,0,0,0,0,0
0.0,-0.9999999999996362,0.0,2.3676677477201586,1.149160433599018,0.0809300285827864,0.9498086188353413,0.5387156537457026,1.009686057699883,180.0,180.0,0.0,1,0,0,0,0,0,0
0.0,0.0,0.0,0.0,1.2030703470469277,0.01799705067044176,1.0027393286355415,0.5024981171766576,1.0101812537359396,180.0,180.0,0.0,1,0,0,0,0,0,0
0.22360679775079245,0.22360679775079245,0.16043363099844665,0.16043363099844665,1.2674860799992127,0.02886429423911748,1.0213699639725748,0.46236233374589036,1.0236663928146974,180.0,180.0,0.0,1,0,0,0,0,0,0
0.0,-0.22360679775079245,0.0,0.16043363099844665,1.0432317812132896,0.06375972469893627,1.0610574741191556,0.42285911755120686,1.0135005665822776,180.0,180.0,0.0,1,0,0,0,0,0,0
0.0,0.0,0.0,0.0,0.07174810095792562,0.07041938299173806,1.062963821760481,0.38361907013287516,0.8985831288954005,180.0,180.0,0.0,1,0,0,0,0,0,0
0.0,0.0,0.0,0.0,0.07174810095792562,0.06751466263528463,1.0261754105250416,0.34600457199933776,0.8350661372579656,180.0,180.0,0.0,1,0,0,0,0,0,0
0.0,0.0,0.0,0.0,0.07174810095792562,0.12671054242069185,1.0389791489218132,0.3102488896779506,0.7676212027975999,180.0,180.0,0.0,1,0,0,0,0,0,0
0.0,0.0,0.0,0.0,0.0,0.21836344006871922,0.9897648706206763,0.2799627368664715,0.6818289376424167,180.0,180.0,0.0,1,0,0,0,0,0,0
0.0,0.0,0.0,0.0,0.0,0.3106322706052183,0.7447937712654055,0.256144295578609,0.5764449720854234,180.0,180.0,0.0,1,0,0,0,0,0,0
0.0,0.0,0.0,0.0,0.0,0.3786388952787431,0.0507335687246122,0.23850256431846023,0.48781929447322253,180.0,180.0,0.0,1,0,0,0,0,0,0
0.0,0.0,0.0,0.0,0.0,0.46752915009702034,0.0507335687246122,0.22443584751575968,0.3729032511133207,180.0,180.0,0.0,1,0,0,0,0,0,0
0.0,0.0,0.0,0.0,0.0,0.4690173649521322,0.0507335687246122,0.21621635535018338,0.2525962164086279,180.0,180.0,0.0,1,0,0,0,0,0,0
0.0,0.0,0.0,0.0,0.0,0.4723855331377715,0.0,0.21723441185901438,0.12584760840870665,180.0,180.0,0.0,1,0,0,0,0,0,0
0.0,0.0,0.0,0.0,0.0,0.5230804096449904,0.0,0.22497137033476186,0.021524430287377688,180.0,180.0,0.0,1,0,0,0,0,0,0
0.0,0.0,0.0,0.0,0.0,0.6206068979405615,0.0,0.241569153374527,0.014349620191585127,180.0,180.0,0.0,1,0,0,0,0,0,0
0.0,0.0,0.0,0.0,0.0,0.6095466874073571,0.0,0.25991867091607623,0.0071748100957925625,180.0,180.0,0.0,1,0,0,0,0,0,0
0.0,0.0,0.0,0.0,0.0,0.7375131322495398,0.0,0.2845697769235891,0.0,180.0,180.0,0.0,1,0,0,0,0,0,0
0.0,0.0,0.0,0.0,0.0,0.9532033035362993,0.0,0.32198869774616834,0.0,180.0,180.0,0.0,1,0,0,0,0,0,0
0.0,0.0,0.0,0.0,0.0,0.9975880845202341,0.0,0.3657721256133305,0.0,180.0,180.0,0.0,1,0,0,0,0,0,0
0.0,0.0,0.0,0.0,0.0,1.0,0.0,0.41071504278387916,0.0,180.0,180.0,0.0,1,0,0,0,0,0,0
0.0,0.0,0.0,0.0,0.0,1.0,0.0,0.4566685413547399,0.0,180.0,180.0,0.0,1,0,0,0,0,0,0
0.0,0.0,0.0,0.0,0.0,1.0,0.0,0.5057686888212178,0.0,180.0,180.0,0.0,1,0,0,0,0,0,0
0.0,0.0,0.0,0.0,0.0,0.0,0.0,0.504325474109262,0.0,180.0,180.0,0.0,1,0,0,0,0,0,0
0.0,0.0,0.0,0.0,0.0,0.0,0.0,0.5011374878743151,0.0,180.0,180.0,0.0,1,0,0,0,0,0,0
0.0,0.0,0.0,0.0,0.0,0.0,0.0,0.4976165187247282,0.0,180.0,180.0,0.0,1,0,0,0,0,0,0
0.0,0.0,0.0,0.0,0.0,0.0,0.0,0.4942407855929639,0.0,180.0,180.0,0.0,1,0,0,0,0,0,0
0.0,0.0,0.0,0.0,0.0,0.0,0.0,0.4879052584719294,0.0,180.0,180.0,0.0,1,0,0,0,0,0,0
0.0,0.0,0.0,0.0,0.0,0.0,0.0,0.4769870864684934,0.0,180.0,180.0,0.0,1,0,0,0,0,0,0
0.0,0.0,0.0,0.0,0.0,0.0,0.0,0.4614554729382325,0.0,180.0,180.0,0.0,1,0,0,0,0,0,0
0.0,0.0,0.0,0.0,0.0,0.0,0.0,0.4425235281742953,0.0,180.0,180.0,0.0,1,0,0,0,0,0,0
0.0,0.0,0.0,0.0,0.0,0.0,0.0,0.41914707066944434,0.0,180.0,180.0,0.0,1,0,0,0,0,0,0
0.0,0.0,0.0,0.0,0.0,0.0,0.0,0.3956962024218377,0.0,180.0,180.0,0.0,1,0,0,0,0,0,0
0.0,0.0,0.0,0.0,0.0,0.0,0.0,0.3720769257649491,0.0,180.0,180.0,0.0,1,0,0,0,0,0,0
0.0,0.0,0.0,0.0,0.0,0.0,0.0,0.3459229052826996,0.0,180.0,180.0,0.0,1,0,0,0,0,0,0
0.0,0.0,0.0,0.0,0.0,0.0,0.0,0.3148925603856715,0.0,180.0,180.0,0.0,1,0,0,0,0,0,0
0.0,0.0,0.0,0.0,0.0,0.0,0.0,0.28441522601530367,0.0,180.0,180.0,0.0,1,0,0,0,0,0,0
0.0,0.0,0.0,0.0,0.0,0.0,0.0,0.24753956940282668,0.0,180.0,180.0,0.0,1,0,0,0,0,0,0
0.0,0.0,0.0,0.0,0.0,0.0,0.0,0.1998794042260117,0.0,180.0,180.0,0.0,1,0,0,0,0,0,0
0.0,0.0,0.0,0.0,0.0,0.0,0.0,0.15,0.0,180.0,180.0,0.0,1,0,0,0,0,0,0
0.0,0.0,0.0,0.0,0.0,0.0,0.0,0.1,0.0,180.0,180.0,0.0,1,0,0,0,0,0,0
0.0,0.0,0.0,0.0,0.0,0.0,0.0,0.05,0.0,180.0,180.0,0.0,1,0,0,0,0,0,0
0.0,0.0,0.0,0.0,0.0,0.0,0.0,0.0,0.0,180.0,180.0,0.0,1,0,0,0,0,0,0
0.0,0.0,0.0,0.0,0.0,0.0,0.0,0.0,0.0,180.0,180.0,0.0,1,0,0,0,0,0,0
0.0,0.0,0.0,0.0,0.0,0.0,0.0,0.0,0.0,180.0,180.0,0.0,1,0,0,0,0,0,0
0.0,0.0,0.0,0.0,0.0,0.0,0.0,0.0,0.0,180.0,180.0,0.0,1,0,0,0,0,0,0
0.0,0.0,0.0,0.0,0.0,0.0,0.0,0.0,0.0,180.0,180.0,0.0,1,0,0,0,0,0,0
0.0,0.0,0.0,0.0,0.0,0.0,0.0,0.0,0.0,180.0,180.0,0.0,1,0,0,0,0,0,0
0.0,0.0,0.0,0.0,0.0,0.0,0.0,0.0,0.0,180.0,180.0,0.0,1,0,0,0,0,0,0
0.0,0.0,0.0,0.0,0.0,0.0,0.0,0.0,0.0,180.0,180.0,0.0,1,0,0,0,0,0,0
0.0,0.0,0.0,0.0,0.0,0.0,0.0,0.0,0.0,180.0,180.0,0.0,1,0,0,0,0,0,0
0.0,0.0,0.0,0.0,0.0,0.0,0.0,0.0,0.0,180.0,180.0,0.0,1,0,0,0,0,0,0
0.0,0.0,0.0,0.0,0.0,0.0,0.0,0.0,0.0,180.0,180.0,0.0,1,0,0,0,0,0,0
0.0,0.0,0.0,0.0,0.0,0.0,0.0,0.0,0.0,180.0,180.0,0.0,1,0,0,0,0,0,0
0.0,0.0,0.0,0.0,0.0,0.0,0.0,0.0,0.0,180.0,180.0,0.0,1,0,0,0,0,0,0
0.0,0.0,0.0,0.0,0.0,0.0,0.0,0.0,0.0,180.0,180.0,0.0,1,0,0,0,0,0,0
0.0,0.0,0.0,0.0,0.0,0.0,0.0,0.0,0.0,180.0,180.0,0.0,1,0,0,0,0,0,0
0.0,0.0,0.0,0.0,0.0,0.0,0.0,0.0,0.0,180.0,180.0,0.0,1,0,0,0,0,0,0
0.0,0.0,0.0,0.0,0.0,0.0,0.0,0.0,0.0,180.0,180.0,0.0,1,0,0,0,0,0,0
0.0,0.0,0.0,0.0,0.0,0.0,0.0,0.0,0.0,180.0,180.0,0.0,1,0,0,0,0,0,0
0.0,0.0,0.0,0.0,0.0,0.0,0.0,0.0,0.0,180.0,180.0,0.0,1,0,0,0,0,0,0
0.0,0.0,0.0,0.0,0.0,0.0,0.0,0.0,0.0,180.0,180.0,0.0,1,0,0,0,0,0,0
0.0,0.0,0.0,0.0,0.0,0.0,0.0,0.0,0.0,180.0,180.0,0.0,1,0,0,0,0,0,0
0.0,0.0,0.0,0.0,0.0,0.0,0.0,0.0,0.0,180.0,180.0,0.0,1,0,0,0,0,0,0
0.0,0.0,0.0,0.0,0.0,0.0,0.0,0.0,0.0,180.0,180.0,0.0,1,0,0,0,0,0,0
0.0,0.0,0.0,0.0,0.0,0.0,0.0,0.0,0.0,180.0,180.0,0.0,1,0,0,0,0,0,0
0.0,0.0,0.0,0.0,0.0,0.0,0.0,0.0,0.0,180.0,180.0,0.0,1,0,0,0,0,0,0
0.0,0.0,0.0,0.0,0.0,0.0,0.0,0.0,0.0,180.0,180.0,0.0,1,0,0,0,0,0,0
0.0,0.0,0.0,0.0,0.0,0.0,0.0,0.0,0.0,180.0,180.0,0.0,1,0,0,0,0,0,0
0.0,0.0,0.0,0.0,0.0,0.0,0.0,0.0,0.0,180.0,180.0,0.0,1,0,0,0,0,0,0
0.0,0.0,0.0,0.0,0.0,0.0,0.0,0.0,0.0,180.0,180.0,0.0,1,0,0,0,0,0,0
0.0,0.0,0.0,0.0,0.0,0.0,0.0,0.0,0.0,180.0,180.0,0.0,1,0,0,0,0,0,0
0.0,0.0,0.0,0.0,0.0,0.0,0.0,0.0,0.0,180.0,180.0,0.0,1,0,0,0,0,0,0
0.0,0.0,0.0,0.0,0.0,0.0,0.0,0.0,0.0,180.0,180.0,0.0,1,0,0,0,0,0,0
0.0,0.0,0.0,0.0,0.0,0.0,0.0,0.0,0.0,180.0,180.0,0.0,1,0,0,0,0,0,0
0.0,0.0,0.0,0.0,0.0,0.0,0.0,0.0,0.0,180.0,180.0,0.0,1,0,0,0,0,0,0
0.0,0.0,0.0,0.0,0.0,0.0,0.0,0.0,0.0,180.0,180.0,0.0,1,0,0,0,0,0,0
0.0,0.0,0.0,0.0,0.0,0.0,0.0,0.0,0.0,180.0,180.0,0.0,1,0,0,0,0,0,0
0.0,0.0,0.0,0.0,0.0,0.0,0.0,0.0,0.0,180.0,180.0,0.0,1,0,0,0,0,0,0
0.0,0.0,0.0,0.0,0.0,0.0,0.0,0.0,0.0,180.0,180.0,0.0,1,0,0,0,0,0,0
0.0,0.0,0.0,0.0,0.0,0.0,0.0,0.0,0.0,180.0,180.0,0.0,1,0,0,0,0,0,0
0.0,0.0,0.0,0.0,0.0,0.0,0.0,0.0,0.0,180.0,180.0,0.0,1,0,0,0,0,0,0
0.0,0.0,0.0,0.0,0.0,0.0,0.0,0.0,0.0,180.0,180.0,0.0,1,0,0,0,0,0,0
0.0,0.0,0.0,0.0,0.0,0.0,0.0,0.0,0.0,180.0,180.0,0.0,1,0,0,0,0,0,0
0.0,0.0,0.0,0.0,0.0,0.0,0.0,0.0,0.0,180.0,180.0,0.0,1,0,0,0,0,0,0
0.0,0.0,0.0,0.0,0.0,0.0,0.0,0.0,0.0,180.0,180.0,0.0,1,0,0,0,0,0,0
0.4472135954999579,0.4472135954999579,0.5562411200545111,0.5562411200545111,0.24875859126450167,1.0,0.17589888676154178,0.05,0.024875859126450166,180.0,180.0,0.0,1,0,0,0,0,0,0
0.7211102550939078,0.2738966595939499,0.4972267390744878,0.05901438098002332,0.289257544260551,0.87287775748165,0.2225256940640943,0.0936438878740825,0.05380161355250527,180.0,180.0,0.0,1,0,0,0,0,0,0
0.0,-0.7211102550939078,0.0,0.4972267390744878,0.289257544260551,0.8728777574816501,0.2225256940640943,0.137287775748165,0.08272736797856037,180.0,180.0,0.0,1,0,0,0,0,0,0
0.640312423744194,0.640312423744194,1.5813025061015287,1.5813025061015287,0.6459011638775934,0.29774725208959524,0.5123968450921415,0.15217513835264476,0.1473174843663197,180.0,180.0,0.0,1,0,0,0,0,0,0
1.2000000000007276,0.5596875762565336,1.1795500384355402,0.4017524676659885,0.620219012587842,0.24197374575926345,0.5767331858054832,0.16427382564060794,0.20933938562510387,180.0,180.0,0.0,1,0,0,0,0,0,0
0.5385164807137206,-0.661483519287007,0.21390934213171375,0.9656406963038264,0.6659404144178371,0.3382994990253709,0.5648587080780686,0.18118880059187648,0.2759334270668876,180.0,180.0,0.0,1,0,0,0,0,0,0
0.0,-0.5385164807137206,0.0,0.21390934213171375,0.7361676879543205,0.3382994990253709,0.5648587080780686,0.198103775543145,0.34955019586231967,180.0,180.0,0.0,1,0,0,0,0,0,0
0.0,0.0,0.0,0.0,0.7361676879543205,0.3382994990253709,0.5648587080780686,0.21501875049441357,0.4231669646577517,180.0,180.0,0.0,1,0,0,0,0,0,0
0.0,0.0,0.0,0.0,0.5120424032163577,0.3382994990253709,0.5648587080780686,0.23193372544568208,0.4743712049793875,180.0,180.0,0.0,1,0,0,0,0,0,0
0.0,0.0,0.0,0.0,0.09566316600575536,0.3382994990253709,0.5648587080780686,0.24884870039695067,0.483937521579963,180.0,180.0,0.0,1,0,0,0,0,0,0
0.0,0.0,0.0,0.0,0.0,0.3382994990253709,0.5753624021189764,0.2657636753482192,0.4590616624535128,180.0,180.0,0.0,1,0,0,0,0,0,0
0.0,0.0,0.0,0.0,0.0,0.3382994990253709,0.5823985164234158,0.28267865029948774,0.43013590802745777,180.0,180.0,0.0,1,0,0,0,0,0,0
0.0,0.0,0.0,0.0,0.0,0.3382994990253709,0.5823985164234158,0.2995936252507563,0.40121015360140266,180.0,180.0,0.0,1,0,0,0,0,0,0
0.0,0.0,0.0,0.0,0.0,0.3382994990253709,0.37162146142059665,0.31650860020202487,0.3366200372136433,180.0,180.0,0.0,1,0,0,0,0,0,0
0.0,0.0,0.0,0.0,0.0,0.3382994990253709,0.0676440733924438,0.33342357515329335,0.27459813595485916,180.0,180.0,0.0,1,0,0,0,0,0,0
0.1000000000003638,0.1000000000003638,0.1274735521880459,0.1274735521880459,0.05700790560516754,0.3016051352596602,0.04031067663465656,0.34850383191627643,0.21370488507359217,180.0,180.0,0.0,1,0,0,0,0,0,0
0.1000000000003638,0.0,0.0,0.1274735521880459,0.05700790560516754,0.26686929126426634,0.04031067663465656,0.3618472964794897,0.14578890683867687,180.0,180.0,0.0,1,0,0,0,0,0,0
0.0,-0.1000000000003638,0.0,0.0,0.05700790560516754,0.26686929126426634,0.04031067663465656,0.37519076104270305,0.07787292860376158,180.0,180.0,0.0,1,0,0,0,0,0,0
0.0,0.0,0.0,0.0,0.05700790560516754,0.26686929126426634,0.04031067663465656,0.38853422560591633,0.03236947884264255,180.0,180.0,0.0,1,0,0,0,0,0,0
0.0,0.0,0.0,0.0,0.05700790560516754,0.26686929126426634,0.04031067663465656,0.40187769016912966,0.02850395280258377,180.0,180.0,0.0,1,0,0,0,0,0,0
0.0,0.0,0.0,0.0,0.0,0.42855746545469164,0.04031067663465656,0.3733055634418642,0.02850395280258377,180.0,180.0,0.0,1,0,0,0,0,0,0
0.0,0.0,0.0,0.0,0.0,0.7794139117754405,0.04031067663465656,0.3686323711565538,0.02850395280258377,180.0,180.0,0.0,1,0,0,0,0,0,0
0.0,0.0,0.0,0.0,0.0,0.7794139117754405,0.04031067663465656,0.36395917887124324,0.02850395280258377,180.0,180.0,0.0,1,0,0,0,0,0,0
0.0,0.0,0.0,0.0,0.0,0.7806354034627346,0.04031067663465656,0.3881035864399003,0.02850395280258377,180.0,180.0,0.0,1,0,0,0,0,0,0
0.0,0.0,0.0,0.0,0.0,0.4882154115198519,0.04031067663465656,0.40041566972792964,0.02850395280258377,180.0,180.0,0.0,1,0,0,0,0,0,0
0.0,0.0,0.0,0.0,0.0,1.0,0.0,0.4335006947766612,0.022803162242067014,180.0,180.0,0.0,1,0,0,0,0,0,0
0.0,0.0,0.0,0.0,0.0,1.0,0.0,0.4665857198253926,0.01710237168155026,180.0,180.0,0.0,1,0,0,0,0,0,0
0.0,0.0,0.0,0.0,0.0,1.0,0.0,0.49967074487412405,0.011401581121033507,180.0,180.0,0.0,1,0,0,0,0,0,0
0.0,0.0,0.0,0.0,0.0,1.0,0.0,0.5327557699228554,0.0057007905605167535,180.0,180.0,0.0,1,0,0,0,0,0,0
0.0,0.0,0.0,0.0,0.0,1.0,0.0,0.5658407949715869,0.0,180.0,180.0,0.0,1,0,0,0,0,0,0
0.0,0.0,0.0,0.0,0.0,1.0,0.0,0.5989258200203184,0.0,180.0,180.0,0.0,1,0,0,0,0,0,0
0.0,0.0,0.0,0.0,0.0,1.0,0.0,0.6320108450690499,0.0,180.0,180.0,0.0,1,0,0,0,0,0,0
0.0,0.0,0.0,0.0,0.0,1.0,0.0,0.6650958701177814,0.0,180.0,180.0,0.0,1,0,0,0,0,0,0
0.0,0.0,0.0,0.0,0.0,1.0,0.0,0.6981808951665128,0.0,180.0,180.0,0.0,1,0,0,0,0,0,0
0.0,0.0,0.0,0.0,0.0,1.0,0.0,0.7312659202152443,0.0,180.0,180.0,0.0,1,0,0,0,0,0,0
0.0,0.0,0.0,0.0,0.0,1.0,0.0,0.7661856634522612,0.0,180.0,180.0,0.0,1,0,0,0,0,0,0
0.0,0.0,0.0,0.0,0.0,0.0,0.0,0.7528421988890479,0.0,180.0,180.0,0.0,1,0,0,0,0,0,0
0.0,0.0,0.0,0.0,0.0,0.0,0.0,0.7394987343258347,0.0,180.0,180.0,0.0,1,0,0,0,0,0,0
0.0,0.0,0.0,0.0,0.0,0.0,0.0,0.7261552697626212,0.0,180.0,180.0,0.0,1,0,0,0,0,0,0
0.0,0.0,0.0,0.0,0.0,0.0,0.0,0.7128118051994079,0.0,180.0,180.0,0.0,1,0,0,0,0,0,0
0.14142135623782398,0.14142135623782398,0.8723797464961858,0.8723797464961858,0.39014008307190107,1.0,0.27587069835282424,0.7413839319266733,0.03901400830719011,180.0,180.0,0.0,1,0,0,0,0,0,0
1.4142135623730951,1.2727922061352712,0.04454238522984788,0.8278373612663379,0.38564271257503063,1.0,0.2746625862588925,0.7524132363379014,0.07757827956469317,180.0,180.0,0.0,1,0,0,0,0,0,0
2.3600847442406807,0.9458711818675856,1.0977545526646222,1.0532121674347743,0.5376595287794016,0.9972942841136495,0.4166271034299518,0.7633072549548118,0.13134423244263332,180.0,180.0,0.0,1,0,0,0,0,0,0
3.4438350715448403,1.0837503273041595,0.7779742078862496,0.3197803447783726,0.5033784786281233,0.7877396697872507,0.44639910787412795,0.7636624682710377,0.18168208030544566,180.0,180.0,0.0,1,0,0,0,0,0,0
3.6055512754638883,0.16171620391904806,0.168148397427151,0.6098258104590986,0.4605287094703667,0.821241363629722,0.4377949814920945,0.780313765876531,0.22773495125248236,180.0,180.0,0.0,1,0,0,0,0,0,0
3.551056180912746,-0.05449509455114221,0.2955908633487122,0.12744246592156122,0.4447582681785258,0.8339805384671417,0.4253860379275784,0.7720127927998882,0.27221077807033495,180.0,180.0,0.0,1,0,0,0,0,0,0
2.9206163733010255,-0.6304398076117206,0.22059994919570644,0.07499091415300577,0.4073792774954527,0.8429676008559367,0.41213610679741525,0.7641611728426849,0.3129487058198802,180.0,180.0,0.0,1,0,0,0,0,0,0
0.1000000000003638,-2.8206163733006617,0.04933614772635864,0.1712638014693478,0.2806123756270617,0.8394980976022308,0.4077837015427119,0.7561360777227966,0.3410099433825864,180.0,180.0,0.0,1,0,0,0,0,0,0
1.4212670403552408,1.321267040354877,6.937171822540832e-07,0.04933545400917638,0.12154230274543276,0.8448255738278402,0.4077836348877907,0.7483773564141886,0.35316417365712965,180.0,180.0,0.0,1,0,0,0,0,0,0
1.8384776310865671,0.4172105907313264,0.6389646001006664,0.6389639063834841,0.25327247861900076,0.8485054213735965,0.3962877746487099,0.7408026274828684,0.3784914215190297,180.0,180.0,0.0,1,0,0,0,0,0,0
3.4132096331745094,1.5747320020879423,0.5897905970901723,0.049174003010494016,0.29917033892862543,0.8426869294279924,0.3693282348452177,0.732936973954268,0.36939444710470215,180.0,180.0,0.0,1,0,0,0,0,0,0
3.58050275799355,0.16729312481904035,1.0998323938994519,0.5100417968092795,0.4575175235368245,0.8489522686085321,0.4088518160174694,0.7253845873846946,0.37658192820088154,180.0,180.0,0.0,1,0,0,0,0,0,0
3.6124783736379906,0.03197561564444085,0.24057475680234938,0.8592576370971025,0.4193794433459423,0.8607648787474123,0.354388858399992,0.7184228313220652,0.3647539196575356,180.0,180.0,0.0,1,0,0,0,0,0,0
3.4205262752967758,-0.19195209834121485,0.06313720820047741,0.17743754860187197,0.40056907436066536,0.8689373313174942,0.3434125442630303,0.7118696978879399,0.3544729792307898,180.0,180.0,0.0,1,0,0,0,0,0,0
3.560898762952849,0.14037248765607302,0.26093907508866243,0.19780186688818502,0.40959909766234504,0.880872603623194,0.33958760199477045,0.7059133280690996,0.34938001804998764,180.0,180.0,0.0,1,0,0,0,0,0,0
3.2310988842802972,-0.32979987867255156,0.00044621641975717274,0.26049285866890526,0.4430533453192575,0.8884152194187968,0.3568317577450878,0.7003340890400395,0.3492095257640608,180.0,180.0,0.0,1,0,0,0,0,0,0
1.99248588451689,-1.2386129997634072,0.04465664444784756,0.04421042802809039,0.11998559562865775,0.8918787314442566,0.36629041496839304,0.7449280256122524,0.3204701575773813,180.0,180.0,0.0,1,0,0,0,0,0,0
0.31622776601798835,-1.6762581184989016,0.08394842472374853,0.03929178027590097,0.10006540641950362,0.8924428686607944,0.36382679402232876,0.789550169045292,0.3024154606566255,180.0,180.0,0.0,1,0,0,0,0,0,0
0.0,-0.31622776601798835,0.0,0.08394842472374853,0.10806532473404083,0.8924428686607944,0.36382685805194487,0.8341723124783318,0.3010677628554863,180.0,180.0,0.0,1,0,0,0,0,0,0
0.0,0.0,0.0,0.0,0.037785268801074294,0.8924428686607944,0.35409568091303756,0.8787944559113715,0.27951904187369364,180.0,180.0,0.0,1,0,0,0,0,0,0
0.0,0.0,0.0,0.0,0.03786060334838344,0.8946260676223283,0.337794824351822,0.8735257592924878,0.25338806831566946,180.0,180.0,0.0,1,0,0,0,0,0,0
0.0,0.0,0.0,0.0,0.03754287685726633,0.9178961765486893,0.10048282491619097,0.8694205681199223,0.21139060364771364,180.0,180.0,0.0,1,0,0,0,0,0,0
0.0,0.0,0.0,0.0,0.0,0.9720267844477427,0.08204660031927334,0.868157193136627,0.16945265931311942,180.0,180.0,0.0,1,0,0,0,0,0,0
0.3605551275461971,0.3605551275461971,0.1533697873937876,0.1533697873937876,0.06858905406143988,0.971985773491886,0.08890020657262371,0.8773694983218588,0.13625465728319686,180.0,180.0,0.0,1,0,0,0,0,0,0
0.0,-0.3605551275461971,0.000462212056899336,0.15290757533688826,0.06853766941288915,0.9760354529715785,0.052240855707659295,0.8851092027889516,0.10214851445825128,180.0,180.0,0.0,1,0,0,0,0,0,0
1.3000000000006717,1.3000000000006717,0.04283498895925319,0.04237277690235385,0.06637349007377379,0.9735042333185494,0.05144436516702873,0.892085387531522,0.0644805289337029,180.0,180.0,0.0,1,0,0,0,0,0,0
0.7280109889289513,-0.5719890110717204,0.8824511019123757,0.8396161129531226,0.3778816343441853,0.9252221805270753,0.27403411284853757,0.8961981165150789,0.09027013280525567,180.0,180.0,0.0,1,0,0,0,0,0,0
1.31529464379778,0.5872836548688286,0.15295232243597612,0.7294987794763996,0.36189508196796066,0.9144975218315029,0.2739975570876147,0.8999480877265424,0.11645310036010137,180.0,180.0,0.0,1,0,0,0,0,0,0
1.3152946437957056,-2.0743406992096425e-12,0.25414459979358917,0.10119227735761305,0.3582051119411013,0.9004483820829785,0.2730847798883566,0.9027292281392996,0.1414670790808074,180.0,180.0,0.0,1,0,0,0,0,0,0
1.0816653826390958,-0.23362926115660976,0.5111134411206355,0.25696884132704634,0.33543993070175526,0.8985125844905095,0.28951415891737226,0.9052295862951449,0.17123254527087553,180.0,180.0,0.0,1,0,0,0,0,0,0
1.3038404810396926,0.2221750984005968,0.316754599593445,0.19435884152719052,0.2879167004208325,0.8969723086887509,0.28247587266290314,0.9079438552581831,0.19623815497812042,180.0,180.0,0.0,1,0,0,0,0,0,0
1.4866068747321197,0.1827663936924271,0.3643895843406809,0.04763498474723593,0.13299162773718762,0.8971457404937402,0.2726393237322312,0.9103535288524436,0.20578303006611254,180.0,180.0,0.0,1,0,0,0,0,0,0
3.106444913401521,1.6198380386694011,1.1379216887066719,0.773532104365991,0.35988172516556505,0.8893046163261625,0.36890085673293826,0.9117805157313809,0.24177120258266904,180.0,180.0,0.0,1,0,0,0,0,0,0
0.6403124237430576,-2.466132489658463,0.40829120028652877,0.7296304884201431,0.33766607685411315,0.8520218605168666,0.3600764381800391,0.9109347421913496,0.26867890486193635,180.0,180.0,0.0,1,0,0,0,0,0,0
1.476482306024646,0.8361698822815883,0.8285821192684246,0.42029091898189586,0.3582862607231074,0.7677901880940385,0.35127667256817974,0.9052806214148917,0.2976537639929582,180.0,180.0,0.0,1,0,0,0,0,0,0
3.0083217912977207,1.5318394852730748,0.19496753603905226,0.6336145832293724,0.3863476959666003,0.7533445649239061,0.33255710520958937,0.8985270886901471,0.32965118458224085,180.0,180.0,0.0,1,0,0,0,0,0,0
0.6708203932507504,-2.33750139804697,0.07881729006230775,0.1161502459767445,0.4442255282384347,0.7474918697883475,0.3283256754186715,0.8913077456073518,0.3362855739716658,180.0,180.0,0.0,1,0,0,0,0,0,0
2.5298221281341284,1.859001734883378,0.10568094619421375,0.026863656131906,0.31069783888222513,0.7695541742103174,0.3329817269397396,0.8851633108848279,0.33116584966309226,180.0,180.0,0.0,1,0,0,0,0,0,0
4.080441152620499,1.5506190244863705,0.002157557079899175,0.10352338911431458,0.3350472002378326,0.8001756285152958,0.3556932877251413,0.880549948877553,0.3288500584927654,180.0,180.0,0.0,1,0,0,0,0,0,0
0.7615773105867729,-3.3188638420337258,0.0033514941997712655,0.0011939371198720905,0.08026165385627199,0.8058082578237633,0.37307267338725125,0.8762182183357015,0.30333223080821703,180.0,180.0,0.0,1,0,0,0,0,0,0
3.001666203961042,2.240088893374269,0.032030857287546684,0.028679363087775418,0.046266357740848654,0.826411834842616,0.3860306116634228,0.8728075066967159,0.27916719654021865,180.0,180.0,0.0,1,0,0,0,0,0,0
1.9646882704384983,-1.0369779335225437,0.0822613656264823,0.050230508338935616,0.046927634996677084,0.8349603224519312,0.39232841913455324,0.8686607139918779,0.2705607972661676,180.0,180.0,0.0,1,0,0,0,0,0,0
0.0,-1.9646882704384983,0.0,0.0822613656264823,0.03513661409252118,0.8349603224519312,0.2614135631335471,0.8618073908920874,0.2380862861588632,180.0,180.0,0.0,1,0,0,0,0,0,0
0.0,0.0,0.0,0.0,0.035482854209499655,0.8341542454426529,0.2524175885403338,0.8549158144896257,0.20786796389440187,180.0,180.0,0.0,1,0,0,0,0,0,0
0.0,0.0,0.0,0.0,0.035987378515195026,0.8341542454426529,0.06521332941340413,0.8478217541131794,0.17563807567361064,180.0,180.0,0.0,1,0,0,0,0,0,0
0.0,0.0,0.0,0.0,0.03678840109255826,0.8361732763169091,0.04207084508365897,0.8409552062630974,0.14068214618620642,180.0,180.0,0.0,1,0,0,0,0,0,0
0.0,0.0,0.0,0.0,0.0,0.8837365166651383,0.039289572940513245,0.8388809230700005,0.09625959336236296,180.0,180.0,0.0,1,0,0,0,0,0,0
0.0,0.0,0.0,0.0,0.0,0.9123202782556349,0.026611528682529546,0.838772060891207,0.06518980947414044,180.0,180.0,0.0,1,0,0,0,0,0,0
0.0,0.0,0.0,0.0,0.0,0.9465226145209146,0.026708584115400925,0.841075772513104,0.03168508945035718,180.0,180.0,0.0,1,0,0,0,0,0,0
0.0,0.0,0.0,0.0,0.0,0.9521713182488406,0.026846553413067333,0.8437587092010205,0.023658924064729987,180.0,180.0,0.0,1,0,0,0,0,0,0
0.0,0.0,0.0,0.0,0.0,0.9506990457121118,0.026013327881557045,0.8464450460521885,0.01903228829064512,180.0,180.0,0.0,1,0,0,0,0,0,0
0.0,0.0,0.0,0.0,0.0,0.9558222796670373,0.0,0.8493788730108534,0.014339524790977411,180.0,180.0,0.0,1,0,0,0,0,0,0
0.0,0.0,0.0,0.0,0.0,0.9552126018646273,0.0,0.8526742722877767,0.010825863381725294,180.0,180.0,0.0,1,0,0,0,0,0,0
0.0,0.0,0.0,0.0,0.0,0.9691454463356258,0.0,0.8585304515787147,0.007277577960775328,180.0,180.0,0.0,1,0,0,0,0,0,0
0.0,0.0,0.0,0.0,0.0,0.995986778842125,0.0,0.8699402811161189,0.003678840109255826,180.0,180.0,0.0,1,0,0,0,0,0,0
0.41231056256150134,0.41231056256150134,0.019438330696353756,0.019438330696353756,0.008693085761233565,0.9340023056839284,0.006146939891204474,0.8789731681541202,0.0008693085761233565,180.0,180.0,0.0,1,0,0,0,0,0,0
0.0,-0.41231056256150134,0.0,0.019438330696353756,0.008693085761233565,0.9307885203052542,0.006146939891204474,0.8881380006799654,0.001738617152246713,180.0,180.0,0.0,1,0,0,0,0,0,0
0.0,0.0,0.0,0.0,0.008693085761233565,0.9139086291030757,0.006146939891204474,0.8953557234246035,0.0026079257283700696,180.0,180.0,0.0,1,0,0,0,0,0,0
0.0,0.0,0.0,0.0,0.008693085761233565,0.8599255882932483,0.006146939891204474,0.8983432214135009,0.003477234304493426,180.0,180.0,0.0,1,0,0,0,0,0,0
0.0,0.0,0.0,0.0,0.008693085761233565,0.8401433032221948,0.006146939891204474,0.9000599736834225,0.004346542880616783,180.0,180.0,0.0,1,0,0,0,0,0,0
0.0,0.0,0.0,0.0,0.0,0.6530998030262427,0.006146939891204474,0.8913943720926039,0.004346542880616783,180.0,180.0,0.0,1,0,0,0,0,0,0
0.3000000000010914,0.3000000000010914,0.024529983823568746,0.024529983823568746,0.010970142263293984,0.9926945048286908,0.009346701964228822,0.8992810812114419,0.005443557106946181,180.0,180.0,0.0,1,0,0,0,0,0,0
0.1000000000003638,-0.2000000000007276,0.17417165483116925,0.1496416710076005,0.07589633919399028,0.8617393793232566,0.054320887665001885,0.900620034055008,0.013033191026345209,180.0,180.0,0.0,1,0,0,0,0,0,0
0.22360679775079245,0.12360679775042865,0.0,0.17417165483116925,0.07589633919399028,0.4922226143646396,0.054320887665001885,0.8835234525011074,0.020622824945744238,180.0,180.0,0.0,1,0,0,0,0,0,0
0.0,-0.22360679775079245,0.0,0.0,0.07589633919399028,0.4922226143646396,0.054320887665001885,0.8664268709472068,0.028212458865143265,180.0,180.0,0.0,1,0,0,0,0,0,0
0.0,0.0,0.0,0.0,0.07589633919399028,0.4922226143646396,0.0547613522808079,0.8492293378495933,0.03493278420841893,180.0,180.0,0.0,1,0,0,0,0,0,0
0.0,0.0,0.0,0.0,0.07789193199122482,0.4922226143646396,0.0547613522808079,0.8296536427345684,0.04185266883141806,180.0,180.0,0.0,1,0,0,0,0,0,0
0.0,0.0,0.0,0.0,0.0,0.4922226143646396,0.0547613522808079,0.8086487595400186,0.040983360255294705,180.0,180.0,0.0,1,0,0,0,0,0,0
0.0,0.0,0.0,0.0,0.0,0.4922226143646396,0.0547613522808079,0.7859337595322049,0.04011405167917135,180.0,180.0,0.0,1,0,0,0,0,0,0
0.0,0.0,0.0,0.0,0.0,0.4922226143646396,0.0547613522808079,0.7629363243379947,0.03924474310304799,180.0,180.0,0.0,1,0,0,0,0,0,0
0.0,0.0,0.0,0.0,0.0,0.4922226143646396,0.0547613522808079,0.7400125027706211,0.03924474310304799,180.0,180.0,0.0,1,0,0,0,0,0,0
0.0,0.0,0.0,0.0,0.0,0.4922226143646396,0.05507791331071645,0.7168325195055012,0.03814772887671859,180.0,180.0,0.0,1,0,0,0,0,0,0
0.0,0.0,0.0,0.0,0.0,0.4922226143646396,0.0,0.693683020130502,0.030558094957319565,180.0,180.0,0.0,1,0,0,0,0,0,0
0.0,0.0,0.0,0.0,0.0,0.4922226143646396,0.0,0.6698368785319526,0.022968461037920537,180.0,180.0,0.0,1,0,0,0,0,0,0
0.0,0.0,0.0,0.0,0.0,0.4922226143646396,0.0,0.6446486703080783,0.01537882711852151,180.0,180.0,0.0,1,0,0,0,0,0,0
0.0,0.0,0.0,0.0,0.0,0.3585701736362871,0.0,0.6158770637056963,0.007789193199122482,180.0,180.0,0.0,1,0,0,0,0,0,0
0.0,0.0,0.0,0.0,0.0,0.3585701736362871,0.0,0.5872661463722479,0.0,180.0,180.0,0.0,1,0,0,0,0,0,0
0.0,0.0,0.0,0.0,0.0,0.3585701736362871,0.0,0.5594992235989085,0.0,180.0,180.0,0.0,1,0,0,0,0,0,0
0.0,0.0,0.0,0.0,0.0,0.3585701736362871,0.0,0.5344314528660605,0.0,180.0,180.0,0.0,1,0,0,0,0,0,0
0.1000000000003638,0.1000000000003638,0.0770590485015537,0.0770590485015537,0.03446185414618548,0.276393202250021,0.02436821075902949,0.5062439478174517,0.003446185414618548,180.0,180.0,0.0,1,0,0,0,0,0,0
0.44721359549914447,0.34721359549878067,0.0,0.0770590485015537,0.03446185414618548,0.48315303372674245,0.02436821075902949,0.4977466093524767,0.006892370829237096,180.0,180.0,0.0,1,0,0,0,0,0,0
0.0,-0.44721359549914447,0.0,0.0,0.03446185414618548,0.9258232593988358,0.02436821075902949,0.494403047080984,0.010338556243855644,180.0,180.0,0.0,1,0,0,0,0,0,0
0.0,0.0,0.0,0.0,0.03446185414618548,0.9880087725435588,0.02436821075902949,0.500716516741999,0.013784741658474192,180.0,180.0,0.0,1,0,0,0,0,0,0
0.0,0.0,0.0,0.0,0.03446185414618548,0.9841065447605987,0.02436821075902949,0.5253107132617971,0.01723092707309274,180.0,180.0,0.0,1,0,0,0,0,0,0
0.0,0.0,0.0,0.0,0.0,0.9841065447605987,0.02436821075902949,0.5499049097815949,0.01723092707309274,180.0,180.0,0.0,1,0,0,0,0,0,0
0.0,0.0,0.0,0.0,0.0,0.9841065447605987,0.02436821075902949,0.5744991063013929,0.01723092707309274,180.0,180.0,0.0,1,0,0,0,0,0,0
0.0,0.0,0.0,0.0,0.0,0.9841065447605987,0.02436821075902949,0.5990933028211909,0.01723092707309274,180.0,180.0,0.0,1,0,0,0,0,0,0
0.0,0.0,0.0,0.0,0.0,0.9841065447605987,0.02436821075902949,0.6236874993409889,0.01723092707309274,180.0,180.0,0.0,1,0,0,0,0,0,0
0.0,0.0,0.0,0.0,0.0,0.9841065447605987,0.02436821075902949,0.6482816958607868,0.01723092707309274,180.0,180.0,0.0,1,0,0,0,0,0,0
0.0,0.0,0.0,0.0,0.0,0.9841065447605987,0.0,0.6728758923805848,0.013784741658474192,180.0,180.0,0.0,1,0,0,0,0,0,0
0.0,0.0,0.0,0.0,0.0,0.9841065447605987,0.0,0.6974700889003828,0.010338556243855644,180.0,180.0,0.0,1,0,0,0,0,0,0
0.0,0.0,0.0,0.0,0.0,0.9841065447605987,0.0,0.7220642854201806,0.006892370829237096,180.0,180.0,0.0,1,0,0,0,0,0,0
0.0,0.0,0.0,0.0,0.0,0.9841065447605987,0.0,0.7466584819399786,0.003446185414618548,180.0,180.0,0.0,1,0,0,0,0,0,0
0.0,0.0,0.0,0.0,0.0,0.9841065447605987,0.0,0.7712526784597766,0.0,180.0,180.0,0.0,1,0,0,0,0,0,0
0.0,0.0,0.0,0.0,0.0,0.9841065447605987,0.0,0.7958468749795745,0.0,180.0,180.0,0.0,1,0,0,0,0,0,0
0.0,0.0,0.0,0.0,0.0,0.9841065447605987,0.0,0.8271236935357902,0.0,180.0,180.0,0.0,1,0,0,0,0,0,0
0.0,0.0,0.0,0.0,0.0,0.9841065447605987,0.0,0.8584005120920055,0.0,180.0,180.0,0.0,1,0,0,0,0,0,0
0.0,0.0,0.0,0.0,0.0,0.9841065447605987,0.0,0.8896773306482212,0.0,180.0,180.0,0.0,1,0,0,0,0,0,0
0.0,0.0,0.0,0.0,0.0,0.9841065447605987,0.0,0.920954149204437,0.0,180.0,180.0,0.0,1,0,0,0,0,0,0
0.0,0.0,0.0,0.0,0.0,1.0,0.0,0.9571344890919358,0.0,180.0,180.0,0.0,1,0,0,0,0,0,0
0.0,0.0,0.0,0.0,0.0,0.0,0.0,0.9329768374055988,0.0,180.0,180.0,0.0,1,0,0,0,0,0,0
0.0,0.0,0.0,0.0,0.0,0.0,0.0,0.8866856744356569,0.0,180.0,180.0,0.0,1,0,0,0,0,0,0
0.0,0.0,0.0,0.0,0.0,0.0,0.0,0.837285235808479,0.0,180.0,180.0,0.0,1,0,0,0,0,0,0
0.0,0.0,0.0,0.0,0.0,0.0,0.0,0.788079908570449,0.0,180.0,180.0,0.0,1,0,0,0,0,0,0
0.0,0.0,0.0,0.0,0.0,0.0,0.0,0.738874581332419,0.0,180.0,180.0,0.0,1,0,0,0,0,0,0
0.0,0.0,0.0,0.0,0.0,0.0,0.0,0.6896692540943892,0.0,180.0,180.0,0.0,1,0,0,0,0,0,0
0.0,0.0,0.0,0.0,0.0,0.0,0.0,0.6404639268563591,0.0,180.0,180.0,0.0,1,0,0,0,0,0,0
0.0,0.0,0.0,0.0,0.0,0.0,0.0,0.5912585996183293,0.0,180.0,180.0,0.0,1,0,0,0,0,0,0
0.0,0.0,0.0,0.0,0.0,0.0,0.0,0.5420532723802993,0.0,180.0,180.0,0.0,1,0,0,0,0,0,0
0.0,0.0,0.0,0.0,0.0,0.0,0.0,0.4928479451422693,0.0,180.0,180.0,0.0,1,0,0,0,0,0,0
0.0,0.0,0.0,0.0,0.0,0.0,0.0,0.4436426179042394,0.0,180.0,180.0,0.0,1,0,0,0,0,0,0
0.0,0.0,0.0,0.0,0.0,0.0,0.0,0.3944372906662096,0.0,180.0,180.0,0.0,1,0,0,0,0,0,0
0.0,0.0,0.0,0.0,0.0,0.0,0.0,0.34523196342817963,0.0,180.0,180.0,0.0,1,0,0,0,0,0,0
0.0,0.0,0.0,0.0,0.0,0.0,0.0,0.2960266361901497,0.0,180.0,180.0,0.0,1,0,0,0,0,0,0
0.0,0.0,0.0,0.0,0.0,0.0,0.0,0.24682130895211976,0.0,180.0,180.0,0.0,1,0,0,0,0,0,0
0.0,0.0,0.0,0.0,0.0,0.0,0.0,0.1976159817140898,0.0,180.0,180.0,0.0,1,0,0,0,0,0,0
0.0,0.0,0.0,0.0,0.0,0.0,0.0,0.1484106544760599,0.0,180.0,180.0,0.0,1,0,0,0,0,0,0
0.0,0.0,0.0,0.0,0.0,0.0,0.0,0.09920532723802993,0.0,180.0,180.0,0.0,1,0,0,0,0,0,0
0.0,0.0,0.0,0.0,0.0,0.0,0.0,0.05,0.0,180.0,180.0,0.0,1,0,0,0,0,0,0
0.0,0.0,0.0,0.0,0.0,0.0,0.0,0.0,0.0,180.0,180.0,0.0,1,0,0,0,0,0,0
0.0,0.0,0.0,0.0,0.0,0.0,0.0,0.0,0.0,180.0,180.0,0.0,1,0,0,0,0,0,0
0.0,0.0,0.0,0.0,0.0,0.0,0.0,0.0,0.0,180.0,180.0,0.0,1,0,0,0,0,0,0
0.0,0.0,0.0,0.0,0.0,0.0,0.0,0.0,0.0,180.0,180.0,0.0,1,0,0,0,0,0,0
0.0,0.0,0.0,0.0,0.0,0.0,0.0,0.0,0.0,180.0,180.0,0.0,1,0,0,0,0,0,0
0.0,0.0,0.0,0.0,0.0,0.0,0.0,0.0,0.0,180.0,180.0,0.0,1,0,0,0,0,0,0
0.0,0.0,0.0,0.0,0.0,0.0,0.0,0.0,0.0,180.0,180.0,0.0,1,0,0,0,0,0,0
0.0,0.0,0.0,0.0,0.0,0.0,0.0,0.0,0.0,180.0,180.0,0.0,1,0,0,0,0,0,0
0.0,0.0,0.0,0.0,0.0,0.0,0.0,0.0,0.0,180.0,180.0,0.0,1,0,0,0,0,0,0
0.0,0.0,0.0,0.0,0.0,0.0,0.0,0.0,0.0,180.0,180.0,0.0,1,0,0,0,0,0,0
0.0,0.0,0.0,0.0,0.0,0.0,0.0,0.0,0.0,180.0,180.0,0.0,1,0,0,0,0,0,0
0.0,0.0,0.0,0.0,0.0,0.0,0.0,0.0,0.0,180.0,180.0,0.0,1,0,0,0,0,0,0
0.0,0.0,0.0,0.0,0.0,0.0,0.0,0.0,0.0,180.0,180.0,0.0,1,0,0,0,0,0,0
0.0,0.0,0.0,0.0,0.0,0.0,0.0,0.0,0.0,180.0,180.0,0.0,1,0,0,0,0,0,0
0.0,0.0,0.0,0.0,0.0,0.0,0.0,0.0,0.0,180.0,180.0,0.0,1,0,0,0,0,0,0
0.0,0.0,0.0,0.0,0.0,0.0,0.0,0.0,0.0,180.0,180.0,0.0,1,0,0,0,0,0,0
0.0,0.0,0.0,0.0,0.0,0.0,0.0,0.0,0.0,180.0,180.0,0.0,1,0,0,0,0,0,0
0.0,0.0,0.0,0.0,0.0,0.0,0.0,0.0,0.0,180.0,180.0,0.0,1,0,0,0,0,0,0
0.0,0.0,0.0,0.0,0.0,0.0,0.0,0.0,0.0,180.0,180.0,0.0,1,0,0,0,0,0,0
0.0,0.0,0.0,0.0,0.0,0.0,0.0,0.0,0.0,180.0,180.0,0.0,1,0,0,0,0,0,0
0.0,0.0,0.0,0.0,0.0,0.0,0.0,0.0,0.0,180.0,180.0,0.0,1,0,0,0,0,0,0
0.0,0.0,0.0,0.0,0.0,0.0,0.0,0.0,0.0,180.0,180.0,0.0,1,0,0,0,0,0,0
0.0,0.0,0.0,0.0,0.0,0.0,0.0,0.0,0.0,180.0,180.0,0.0,1,0,0,0,0,0,0
0.0,0.0,0.0,0.0,0.0,0.0,0.0,0.0,0.0,180.0,180.0,0.0,1,0,0,0,0,0,0
0.0,0.0,0.0,0.0,0.0,0.0,0.0,0.0,0.0,180.0,180.0,0.0,1,0,0,0,0,0,0
0.0,0.0,0.0,0.0,0.0,0.0,0.0,0.0,0.0,180.0,180.0,0.0,1,0,0,0,0,0,0
0.0,0.0,0.0,0.0,0.0,0.0,0.0,0.0,0.0,180.0,180.0,0.0,1,0,0,0,0,0,0
0.0,0.0,0.0,0.0,0.0,0.0,0.0,0.0,0.0,180.0,180.0,0.0,1,0,0,0,0,0,0
0.0,0.0,0.0,0.0,0.0,0.0,0.0,0.0,0.0,180.0,180.0,0.0,1,0,0,0,0,0,0
0.0,0.0,0.0,0.0,0.0,0.0,0.0,0.0,0.0,180.0,180.0,0.0,1,0,0,0,0,0,0
0.0,0.0,0.0,0.0,0.0,0.0,0.0,0.0,0.0,180.0,180.0,0.0,1,0,0,0,0,0,0
0.0,0.0,0.0,0.0,0.0,0.0,0.0,0.0,0.0,180.0,180.0,0.0,1,0,0,0,0,0,0
0.0,0.0,0.0,0.0,0.0,0.0,0.0,0.0,0.0,180.0,180.0,0.0,1,0,0,0,0,0,0
0.0,0.0,0.0,0.0,0.0,0.0,0.0,0.0,0.0,180.0,180.0,0.0,1,0,0,0,0,0,0
0.0,0.0,0.0,0.0,0.0,0.0,0.0,0.0,0.0,180.0,180.0,0.0,1,0,0,0,0,0,0
0.31622776601626273,0.31622776601626273,0.033661680957123685,0.033661680957123685,0.01505396137140775,1.0,0.010644758169442757,0.05,0.0015053961371407749,180.0,180.0,0.0,1,0,0,0,0,0,0
0.1000000000003638,-0.21622776601589894,0.0,0.033661680957123685,0.01505396137140775,0.9905887983096046,0.010644758169442757,0.09952943991548022,0.0030107922742815497,180.0,180.0,0.0,1,0,0,0,0,0,0
0.0,-0.1000000000003638,0.0,0.0,0.01505396137140775,0.9905887983096046,0.010644758169442757,0.14905887983096044,0.004516188411422325,180.0,180.0,0.0,1,0,0,0,0,0,0
0.0,0.0,0.0,0.0,0.01505396137140775,0.9905887983096046,0.010644758169442757,0.1985883197464407,0.006021584548563099,180.0,180.0,0.0,1,0,0,0,0,0,0
0.0,0.0,0.0,0.0,0.01505396137140775,0.9905887983096046,0.010644758169442757,0.2481177596619209,0.007526980685703874,180.0,180.0,0.0,1,0,0,0,0,0,0
0.0,0.0,0.0,0.0,0.0,0.9905887983096046,0.010644758169442757,0.29764719957740116,0.007526980685703874,180.0,180.0,0.0,1,0,0,0,0,0,0
0.0,0.0,0.0,0.0,0.0,0.9905887983096046,0.010644758169442757,0.34717663949288136,0.007526980685703874,180.0,180.0,0.0,1,0,0,0,0,0,0
0.0,0.0,0.0,0.0,0.0,0.9905887983096046,0.010644758169442757,0.39670607940836156,0.007526980685703874,180.0,180.0,0.0,1,0,0,0,0,0,0
0.0,0.0,0.0,0.0,0.0,0.9905887983096046,0.010644758169442757,0.44623551932384176,0.007526980685703874,180.0,180.0,0.0,1,0,0,0,0,0,0
0.0,0.0,0.0,0.0,0.0,0.9905887983096046,0.010644758169442757,0.49576495923932207,0.007526980685703874,180.0,180.0,0.0,1,0,0,0,0,0,0
0.0,0.0,0.0,0.0,0.0,0.9905887983096046,0.0,0.5452943991548023,0.006021584548563099,180.0,180.0,0.0,1,0,0,0,0,0,0
0.0,0.0,0.0,0.0,0.0,0.9905887983096046,0.0,0.5948238390702825,0.004516188411422325,180.0,180.0,0.0,1,0,0,0,0,0,0
0.0,0.0,0.0,0.0,0.0,0.9905887983096046,0.0,0.6443532789857628,0.0030107922742815497,180.0,180.0,0.0,1,0,0,0,0,0,0
0.0,0.0,0.0,0.0,0.0,0.9905887983096046,0.0,0.693882718901243,0.0015053961371407749,180.0,180.0,0.0,1,0,0,0,0,0,0
0.0,0.0,0.0,0.0,0.0,0.9905887983096046,0.0,0.7434121588167232,0.0,180.0,180.0,0.0,1,0,0,0,0,0,0
0.0,0.0,0.0,0.0,0.0,0.9905887983096046,0.0,0.7929415987322035,0.0,180.0,180.0,0.0,1,0,0,0,0,0,0
0.0,0.0,0.0,0.0,0.0,0.9905887983096046,0.0,0.8424710386476836,0.0,180.0,180.0,0.0,1,0,0,0,0,0,0
0.0,0.0,0.0,0.0,0.0,0.9905887983096046,0.0,0.8920004785631639,0.0,180.0,180.0,0.0,1,0,0,0,0,0,0
0.0,0.0,0.0,0.0,0.0,0.9905887983096046,0.0,0.9415299184786441,0.0,180.0,180.0,0.0,1,0,0,0,0,0,0
0.0,0.0,0.0,0.0,0.0,0.9905887983096046,0.0,0.9910593583941243,0.0,180.0,180.0,0.0,1,0,0,0,0,0,0
0.0,0.0,0.0,0.0,0.0,1.0,0.0,0.9910593583941243,0.0,180.0,180.0,0.0,1,0,0,0,0,0,0
0.0,0.0,0.0,0.0,0.0,0.0,0.0,0.9415299184786441,0.0,180.0,180.0,0.0,1,0,0,0,0,0,0
0.0,0.0,0.0,0.0,0.0,0.0,0.0,0.892000478563164,0.0,180.0,180.0,0.0,1,0,0,0,0,0,0
0.0,0.0,0.0,0.0,0.0,0.0,0.0,0.8424710386476836,0.0,180.0,180.0,0.0,1,0,0,0,0,0,0
0.0,0.0,0.0,0.0,0.0,0.0,0.0,0.7929415987322035,0.0,180.0,180.0,0.0,1,0,0,0,0,0,0
0.0,0.0,0.0,0.0,0.0,0.0,0.0,0.7434121588167232,0.0,180.0,180.0,0.0,1,0,0,0,0,0,0
0.0,0.0,0.0,0.0,0.0,0.0,0.0,0.693882718901243,0.0,180.0,180.0,0.0,1,0,0,0,0,0,0
0.0,0.0,0.0,0.0,0.0,0.0,0.0,0.6443532789857628,0.0,180.0,180.0,0.0,1,0,0,0,0,0,0
0.0,0.0,0.0,0.0,0.0,0.0,0.0,0.5948238390702825,0.0,180.0,180.0,0.0,1,0,0,0,0,0,0
0.0,0.0,0.0,0.0,0.0,0.0,0.0,0.5452943991548023,0.0,180.0,180.0,0.0,1,0,0,0,0,0,0
0.0,0.0,0.0,0.0,0.0,0.0,0.0,0.49576495923932207,0.0,180.0,180.0,0.0,1,0,0,0,0,0,0
0.0,0.0,0.0,0.0,0.0,0.0,0.0,0.44623551932384187,0.0,180.0,180.0,0.0,1,0,0,0,0,0,0
0.0,0.0,0.0,0.0,0.0,0.0,0.0,0.39670607940836156,0.0,180.0,180.0,0.0,1,0,0,0,0,0,0
0.0,0.0,0.0,0.0,0.0,0.0,0.0,0.34717663949288136,0.0,180.0,180.0,0.0,1,0,0,0,0,0,0
0.0,0.0,0.0,0.0,0.0,0.0,0.0,0.29764719957740116,0.0,180.0,180.0,0.0,1,0,0,0,0,0,0
0.0,0.0,0.0,0.0,0.0,0.0,0.0,0.24811775966192093,0.0,180.0,180.0,0.0,1,0,0,0,0,0,0
0.0,0.0,0.0,0.0,0.0,0.0,0.0,0.1985883197464407,0.0,180.0,180.0,0.0,1,0,0,0,0,0,0
0.0,0.0,0.0,0.0,0.0,0.0,0.0,0.14905887983096047,0.0,180.0,180.0,0.0,1,0,0,0,0,0,0
0.0,0.0,0.0,0.0,0.0,0.0,0.0,0.09952943991548023,0.0,180.0,180.0,0.0,1,0,0,0,0,0,0
0.0,0.0,0.0,0.0,0.0,0.0,0.0,0.05,0.0,180.0,180.0,0.0,1,0,0,0,0,0,0
0.0,0.0,0.0,0.0,0.0,0.0,0.0,0.0,0.0,180.0,180.0,0.0,1,0,0,0,0,0,0
0.0,0.0,0.0,0.0,0.0,0.0,0.0,0.0,0.0,180.0,180.0,0.0,1,0,0,0,0,0,0
0.0,0.0,0.0,0.0,0.0,0.0,0.0,0.0,0.0,180.0,180.0,0.0,1,0,0,0,0,0,0
0.5385164807137206,0.5385164807137206,0.003729276521109271,0.003729276521109271,0.001667783161618852,1.0,0.0011793007831294299,0.05,0.0001667783161618852,180.0,180.0,0.0,1,0,0,0,0,0,0
0.1000000000003638,-0.4385164807133568,0.0032951320688587855,0.00043414445225048535,0.0019298274219703587,0.9905077646969189,0.0014844066198779282,0.09952538823484595,0.00035976105835892105,180.0,180.0,0.0,1,0,0,0,0,1,0
1.118033988750383,1.0180339887500192,0.11039090231773546,0.10709577024887668,0.04861492997561396,0.9678059523783676,0.03469274850533636,0.14791568585376433,0.005221254055920317,180.0,180.0,0.0,1,0,0,0,0,0,0
3.3060550509625157,2.1880210622121328,0.5468112172674207,0.4364203149496852,0.23610063950379742,0.9884235264012113,0.17227037404729886,0.1973368621738249,0.02883131800630006,180.0,180.0,0.0,1,0,0,0,0,0,0
3.8275318418016404,0.5214767908391247,0.42568987274327075,0.12112134452414991,0.25240926072587194,0.9819683936022883,0.2037518958875163,0.24643528185393931,0.05407224407888724,180.0,180.0,0.0,1,0,0,0,0,0,0
0.22360679775079245,-3.603925044050848,0.038839187414577925,0.3868506853286928,0.24534823533131392,0.9343983540609202,0.20180432119000807,0.2931551995569853,0.07860706761201865,180.0,180.0,0.0,1,0,0,0,0,0,0
3.8275318418017354,3.603925044050943,0.5315907825608357,0.49275159514625777,0.23968889564162452,0.8858029209369864,0.23590193990242564,0.33744534560383466,0.10257595717618109,180.0,180.0,0.0,1,0,0,0,0,0,0
1.843908891458775,-1.9836229503429605,0.7626314345394465,0.2310406519786108,0.26589219591003616,0.8893202415411926,0.29269762455230364,0.38191135768089424,0.1291651767671847,180.0,180.0,0.0,1,0,0,0,0,0,0
6.338769596695549,4.494860705236774,0.7306686210550033,0.03196281348444319,0.2921258988250989,0.8882835551931594,0.3157807422869142,0.4263255354405523,0.1583777666496946,180.0,180.0,0.0,1,0,0,0,0,0,0
6.726812023537072,0.38804242684152257,0.30771310465722207,0.42295551639778123,0.30394055015838195,0.8948795595754467,0.2960090553262607,0.4710695134193246,0.1887718216655328,180.0,180.0,0.0,1,0,0,0,0,0,0
6.519202405202649,-0.20760961833442249,0.6515538794406108,0.34384077478338876,0.18455509327485226,0.8758853581949356,0.2833651655544044,0.5148637813290714,0.20706055267685614,180.0,180.0,0.0,1,0,0,0,0,0,0
4.052159917870711,-2.4670424873319385,0.03175311963054761,0.6198007598100632,0.3167538796671321,0.8168394256983225,0.27892471072101305,0.5557057526139875,0.2385429579013723,180.0,180.0,0.0,1,0,0,0,0,0,0
3.765634076753058,-0.28652584111765256,0.937116410042663,0.9053632904121154,0.3600114317519537,0.7746458454670101,0.3006854391117544,0.594438044887338,0.2696826080790063,180.0,180.0,0.0,1,0,0,0,0,0,0
1.1401754250992975,-2.6254586516537604,0.5823895294538459,0.3547268805888171,0.34533845733019847,0.778128074415622,0.30155694329367017,0.6333444486081191,0.2806063898616464,180.0,180.0,0.0,1,0,0,0,0,0,0
2.5298221281364293,1.3896467030371318,0.27307914495275787,0.30931038450108805,0.3505208075027107,0.782621606433006,0.30949236868641244,0.6724755289297695,0.2904175445393303,180.0,180.0,0.0,1,0,0,0,0,0,0
0.0,-2.5298221281364293,0.0,0.27307914495275787,0.39601238409615724,0.782621606433006,0.3158874127693131,0.7116066092514197,0.30548395941581463,180.0,180.0,0.0,1,0,0,0,0,0,0
0.0,0.0,0.3475553177518053,0.3475553177518053,0.352381703578568,0.782621606433006,0.3179569348417581,0.75073768957307,0.31675324020950896,180.0,180.0,0.0,1,0,0,0,0,0,0
1.8027756377328017,1.8027756377328017,1.5634216213029761,1.2158663035511708,0.6017032868933072,0.7155996844794553,0.46759181547172446,0.7865176737970427,0.350334349307836,180.0,180.0,0.0,1,0,0,0,0,0,0
0.0,-1.8027756377328017,0.0,1.5634216213029761,0.6491598201993953,0.7155996844794553,0.4914069090679205,0.8222976580210155,0.3860377414452657,180.0,180.0,0.0,1,0,0,0,0,0,0
1.204159457879985,1.204159457879985,0.5472197474829721,0.5472197474829721,0.6434254282645104,0.7009919641114493,0.48847560903810416,0.857347256226588,0.4199862292558786,180.0,180.0,0.0,1,0,0,0,0,0,0
3.2802438933716336,2.076084435491649,1.5878461949152394,1.0406264474322673,0.7265834872686739,0.6059438227287749,0.5993139278154558,0.8376444473630267,0.47418906865526067,180.0,180.0,0.0,1,0,0,0,0,0,0
3.8288379438150537,0.5485940504434201,1.3252065321371003,0.2626396627781391,0.7024357685593935,0.6027650291442205,0.6056991998493351,0.8182573105853919,0.5127572575444868,180.0,180.0,0.0,1,0,0,0,0,0,0
2.247220505424504,-1.5816174383905497,0.8342152602171026,0.4909912719199977,0.6293384350157463,0.6041301440935519,0.6023976277647213,0.8000735201711511,0.539689957870866,180.0,180.0,0.0,1,0,1,0,0,0,0
3.1384709652959706,0.8912504598714666,0.6295229917378979,0.20469226847920463,0.45274587633361235,0.5986150268858547,0.6015059200853857,0.7805830951953832,0.5504306997712074,180.0,180.0,0.0,1,0,0,0,0,0,0
6.74166151627246,3.6031905509764894,0.47148455678183204,0.1580384349560659,0.47190696703078266,0.6150846825599616,0.5885969720579555,0.7622389096432668,0.5625693157240147,180.0,180.0,0.0,1,0,0,0,0,0,0
6.428063471994951,-0.3135980442775086,0.556359963211758,0.08487540642992591,0.34155696008013214,0.6579784511721289,0.5357854674397129,0.7484179144988273,0.5571237733224121,180.0,180.0,0.0,1,0,0,0,0,0,0
6.360031446462996,-0.06803202553195575,0.41896964931690484,0.13739031389485312,0.16226589376415027,0.6811368756555888,0.5297296680178222,0.7381846122347574,0.5381121923409704,180.0,180.0,0.0,1,0,0,0,0,0,0
6.585590330410269,0.22555888394727308,0.37020549055916996,0.04876415875773488,0.10441117772690384,0.6999792644756135,0.4677801409401019,0.7287175633814785,0.48838298142433006,180.0,180.0,0.0,1,0,0,0,0,0,0
6.754257916307486,0.1686675858972171,0.21940827547321007,0.1507972150859599,0.12565231037947044,0.6714363693255342,0.4367662436254584,0.7178752040880971,0.4360322304423375,180.0,180.0,0.0,1,0,0,0,0,0,0
4.972926703663881,-1.7813312126436047,0.0016574937588245129,0.21775078171438556,0.2117894951094661,0.6381199963945582,0.4884377320452191,0.7050372259290527,0.3928686371268332,180.0,180.0,0.0,1,0,0,0,0,0,0
0.0,-4.972926703663881,0.0,0.0016574937588245129,0.19787184743759018,0.6025305884590704,0.39594178714740164,0.6913694874422596,0.33999747314372475,180.0,180.0,0.0,1,0,0,0,0,0,0
1.1704699910704706,1.1704699910704706,0.13340286978683125,0.13340286978683125,0.1564933311065292,0.5905068255516982,0.2750935037898992,0.6800528574349283,0.2854032293984384,180.0,180.0,0.0,1,0,0,0,0,0,0
0.5830951894850915,-0.587374801585379,0.3145522765530102,0.18114940676617897,0.13726288818286553,0.5834048266226909,0.21983062425280753,0.6704908064927123,0.23619567471515027,180.0,180.0,0.0,1,0,0,0,0,0,0
0.424264068713472,-0.15883112077161954,0.7867628782967371,0.47221060174372687,0.3278769394932614,0.578795076857943,0.24881397540398445,0.6605241566148284,0.22370878103111513,180.0,180.0,0.0,1,0,0,0,0,0,0
2.9068883707480997,2.482624302034628,0.28981606667894777,0.4969468116177893,0.2978623005712605,0.5888486632001421,0.24369469122191675,0.6508355094531851,0.20630431438516292,180.0,180.0,0.0,1,0,0,0,0,0,0
2.184032966784605,-0.7228554039634947,0.3495539061694155,0.05973783949046774,0.24468112329005876,0.5888347541990864,0.22869476494545396,0.6411461668414892,0.19661673070615562,180.0,180.0,0.0,1,0,0,0,0,0,0
0.0,-2.184032966784605,0.0,0.3495539061694155,0.2820121027616208,0.5888347541990864,0.2402109697674306,0.6314568242297932,0.20859135160590264,180.0,180.0,0.0,1,0,0,0,0,0,0
0.0,0.0,0.0,0.0,0.3234216020406915,0.6375196233632219,0.24745198880101862,0.6275528211739816,0.23049239403728145,180.0,180.0,0.0,1,0,0,0,0,0,0
0.0,0.0,0.0,0.0,0.17636786370221394,0.6375196233632219,0.2560549431783882,0.6236488181181699,0.23556394936955577,180.0,180.0,0.0,1,0,0,0,0,0,0
0.0,0.0,0.0,0.0,0.15632525919908047,0.645160854840116,0.25618916418442916,0.6208572626546032,0.23001752577851722,180.0,180.0,0.0,1,0,0,0,0,0,0
0.0,0.0,0.0,0.0,0.0,0.7356099522979425,0.2561891641844292,0.6273405691330616,0.21023034103475818,180.0,180.0,0.0,1,0,0,0,0,0,0
0.0,0.0,0.0,0.0,0.0,0.7706078733099724,0.2627042646092663,0.6357327113413492,0.19458100792410526,180.0,180.0,0.0,1,0,0,0,0,0,0
0.0,0.0,0.0,0.0,0.0,0.7841252022399368,0.26284588251119295,0.6447324642486685,0.1808547191058187,180.0,180.0,0.0,1,0,0,0,0,0,0
0.0,0.0,0.0,0.0,0.0,0.7987189650434858,0.135524450276832,0.6547376611565501,0.14806702515649256,180.0,180.0,0.0,1,0,0,0,0,0,0
0.0,0.0,0.0,0.0,0.0,0.8514832241804073,0.11053865085041178,0.6665575882375723,0.11828079509936654,180.0,180.0,0.0,1,0,0,0,0,0,0
0.0,0.0,0.0,0.0,0.0,0.90550836284293,0.0,0.6789340838211123,0.09381268277036066,180.0,180.0,0.0,1,0,0,0,0,0,0
0.0,0.0,0.0,0.0,0.0,0.8963372830324038,0.0,0.6896941041899531,0.06561147249419857,180.0,180.0,0.0,1,0,0,0,0,0,0
0.0,0.0,0.0,0.0,0.0,0.8809461358154705,0.0,0.6987424477569458,0.03326931229012943,180.0,180.0,0.0,1,0,0,0,0,0,0
0.0,0.0,0.0,0.0,0.0,0.8153279717149103,0.0,0.7059370278764148,0.015632525919908036,180.0,180.0,0.0,1,0,0,0,0,0,0
0.0,0.0,0.0,0.0,0.0,0.7059365406735962,0.0,0.7093278550903667,0.0,180.0,180.0,0.0,1,0,0,0,0,0,0
0.0,0.0,0.0,0.0,0.0,0.7059365406735962,0.0,0.7144981527010928,0.0,180.0,180.0,0.0,1,0,0,0,0,0,0
0.0,0.0,0.0,0.0,0.0,0.7420916975780744,0.0,0.7220773963024117,0.0,180.0,180.0,0.0,1,0,0,0,0,0,0
0.0,0.0,0.0,0.0,0.0,0.9234744176562191,0.0,0.7390808758540881,0.0,180.0,180.0,0.0,1,0,0,0,0,0,0
0.0,0.0,0.0,0.0,0.0,0.9171320282535189,0.0,0.755997723423867,0.0,180.0,180.0,0.0,1,0,0,0,0,0,0
0.0,0.0,0.0,0.0,0.0,1.0,0.0,0.7765552902638598,0.0,180.0,180.0,0.0,1,0,0,0,0,0,0
0.0,0.0,0.0,0.0,0.0,0.0,0.0,0.7471135525539055,0.0,180.0,180.0,0.0,1,0,0,0,0,0,0
0.0,0.0,0.0,0.0,0.0,0.0,0.0,0.7176718148439512,0.0,180.0,180.0,0.0,1,0,0,0,0,0,0
0.0,0.0,0.0,0.0,0.0,0.0,0.0,0.6857958336757901,0.0,180.0,180.0,0.0,1,0,0,0,0,0,0
0.0,0.0,0.0,0.0,0.0,0.0,0.0,0.653919852507629,0.0,180.0,180.0,0.0,1,0,0,0,0,0,0
0.0,0.0,0.0,0.0,0.0,0.0,0.0,0.6216618097656232,0.0,180.0,180.0,0.0,1,0,0,0,0,0,0
0.0,0.0,0.0,0.0,0.0,0.0,0.0,0.5848813121507261,0.0,180.0,180.0,0.0,1,0,0,0,0,0,0
0.0,0.0,9.876774555994672e-07,9.876774555994672e-07,4.4170278611288777e-07,0.0,3.1233103532941417e-07,0.5463509184852274,4.417027860018655e-08,180.0,180.0,0.0,1,0,0,0,0,0,0
0.0,0.0,0.0,9.876774555994672e-07,4.4170278611288777e-07,0.0,3.1233103532941417e-07,0.5071446583732306,8.834055721147532e-08,180.0,180.0,0.0,1,0,0,0,0,0,0
0.0,0.0,0.6585188346928257,0.6585188346928257,0.294498465342035,0.0,0.2082419052717066,0.4672087101210563,0.029449934874760712,180.0,180.0,0.0,1,0,0,0,0,0,0
1.9026297590437005,1.9026297590437005,1.5104796044604856,0.8519607697676599,0.666011258992451,1.0,0.49941519575711507,0.474634548912036,0.0960510607740058,180.0,180.0,0.0,1,0,0,0,0,0,0
1.3038404810412274,-0.5987892780024731,0.14814887310117414,1.3623307313593114,0.6448465962852964,0.9541369415843104,0.494438644137715,0.47706597784910504,0.16053572040253544,180.0,180.0,0.0,1,0,0,0,0,0,0
0.0,-1.3038404810412274,0.0,0.14814887310117414,0.6448467737377253,0.9541369415843104,0.494438644137715,0.47995596077670033,0.22502039777630797,180.0,180.0,0.0,1,0,0,0,0,0,0
0.0,0.0,0.0,0.0,0.6448467737377253,0.9541369415843104,0.494438644137715,0.48361550106514234,0.2895050751500805,180.0,180.0,0.0,1,0,0,0,0,0,0
0.0,0.0,0.0,0.0,0.6620587282818177,0.9541369415843104,0.494438644137715,0.49055594955861237,0.35571094797826225,180.0,180.0,0.0,1,0,0,0,0,0,0
0.0,0.0,0.0,0.0,0.06625419020884314,0.9541369415843104,0.494438644137715,0.502965969604148,0.36233636699914656,180.0,180.0,0.0,1,0,0,0,0,0,0
0.0,0.0,0.0,0.0,0.0,0.9541369415843104,0.494438644137715,0.5153759896496838,0.36233636699914656,180.0,180.0,0.0,1,0,0,0,0,0,0
0.0,0.0,0.0,0.0,0.0,0.9541369415843104,0.49443869556729925,0.5259782518499956,0.36233632282886796,180.0,180.0,0.0,1,0,0,0,0,0,0
0.0,0.0,0.0,0.0,0.0,0.9541369415843104,0.49443869556729925,0.5275113780464001,0.36233627865858936,180.0,180.0,0.0,1,0,0,0,0,0,0
0.0,0.0,0.09860798163477852,0.09860798163477852,0.04409883001188312,0.9541369415843104,0.47192657865644666,0.5293616237129397,0.3372963151255742,180.0,180.0,0.0,1,0,0,0,0,0,0
0.8485281374243715,0.8485281374243715,1.8390027886947156,1.740394807059937,0.812525029062129,0.5918621357066455,0.5752838478577115,0.508954730498272,0.35194769213254196,180.0,180.0,0.0,1,0,1,0,0,0,0
2.2847319317593633,1.436203794334992,0.0873164558020978,1.7516863328926178,0.8029964041166481,0.14964095502027383,0.5763145290175002,0.5164367782492857,0.36776267291567716,180.0,180.0,0.0,1,0,0,0,0,0,0
0.0,-2.2847319317593633,0.0,0.0873164558020978,0.8029964041166481,0.14964095502027383,0.5763145290175002,0.5239188260002994,0.3835776359535694,180.0,180.0,0.0,1,0,0,0,0,0,0
0.0,0.0,0.0,0.0,0.8029964041166481,0.14964095502027383,0.5763145290175002,0.5314008737513131,0.3993925989914617,180.0,180.0,0.0,1,0,0,0,0,0,0
0.0,0.0,0.0,0.0,0.8135438300941483,0.14964095502027383,0.5763145290175002,0.5388829215023268,0.4145411091726947,180.0,180.0,0.0,1,0,0,0,0,0,0
0.0,0.0,0.0,0.0,0.03904910614556848,0.14964095502027383,0.5763145290175002,0.5463649692533404,0.4118206007663673,180.0,180.0,0.0,1,0,0,0,0,0,0
0.7071067811852613,0.7071067811852613,0.23460072408417343,0.23460072408417343,0.10491663332457678,0.12692604916500413,0.571913921095266,0.5527112717115906,0.42231226409882494,180.0,180.0,0.0,1,0,0,0,0,0,0
0.0,-0.7071067811852613,0.0,0.23460072408417343,0.10491663332457678,0.12692604916500413,0.571913921095266,0.5590575741698409,0.4328039274312826,180.0,180.0,0.0,1,0,0,0,0,0,0
0.0,0.0,0.0,0.0,0.10491663332457678,0.12692604916500413,0.571913921095266,0.5654038766280911,0.4432955907637403,180.0,180.0,0.0,1,0,0,0,0,0,0
0.0,0.0,0.0,0.0,0.10491663332457678,0.12692604916500413,0.5751942096139157,0.5717501790863413,0.44937737109500964,180.0,180.0,0.0,1,0,0,0,0,0,0
0.0,0.0,0.0,0.0,0.10491663332457678,0.48011630323781596,0.07622962104652084,0.5457559942482321,0.37861653152125446,180.0,180.0,0.0,1,0,0,0,0,0,0
0.0,0.0,0.0,0.0,0.0,0.8868624810824286,0.07418726288307104,0.5423922712231379,0.29831689110958964,180.0,180.0,0.0,1,0,0,0,0,0,0
0.0,0.0,0.0,0.0,0.0,0.8868624810824286,0.07418726288307104,0.5390285481980439,0.21801725069792485,180.0,180.0,0.0,1,0,0,0,0,0,0
0.0,0.0,0.0,0.0,0.0,0.8868624810824286,0.07418726288307104,0.5356648251729498,0.13771761028626003,180.0,180.0,0.0,1,0,0,0,0,0,0
0.0,0.0,0.0,0.0,0.0,0.8868624810824286,0.07418726288307104,0.5323011021478556,0.056363227276845215,180.0,180.0,0.0,1,0,0,0,0,0,0
0.0,0.0,0.0,0.0,0.0,0.8868624810824286,0.07418726288307104,0.5289373791227616,0.052458316662288375,180.0,180.0,0.0,1,0,0,0,0,0,0
0.0,0.0,0.0,0.0,0.0,0.8868624810824286,0.0,0.5255736560976675,0.0419666533298307,180.0,180.0,0.0,1,0,0,0,0,0,0
0.0,0.0,0.0,0.0,0.0,0.8868624810824286,0.0,0.5222099330725734,0.03147498999737301,180.0,180.0,0.0,1,0,0,0,0,0,0
0.0,0.0,0.0,0.0,0.0,0.8868624810824286,0.0,0.5188462100474793,0.020983326664915335,180.0,180.0,0.0,1,0,0,0,0,0,0
0.0,0.0,0.0,0.0,0.0,0.8868624810824286,0.0,0.5154824870223852,0.010491663332457655,180.0,180.0,0.0,1,0,0,0,0,0,0
0.0,0.0,0.0,0.0,0.0,0.9733291915478018,0.0,0.5345558398144431,0.0,180.0,180.0,0.0,1,0,0,0,0,0,0
0.0,0.0,0.0,0.0,0.0,1.0,0.0,0.5770737920634293,0.0,180.0,180.0,0.0,1,0,0,0,0,0,0
0.0,0.0,0.0,0.0,0.0,1.0,0.0,0.6195917443124157,0.0,180.0,180.0,0.0,1,0,0,0,0,0,0
0.0,0.0,0.0,0.0,0.0,1.0,0.0,0.662109696561402,0.0,180.0,180.0,0.0,1,0,0,0,0,0,0
0.0,0.0,0.0,0.0,0.0,1.0,0.0,0.7046276488103883,0.0,180.0,180.0,0.0,1,0,0,0,0,0,0
0.0,0.0,0.0,0.0,0.0,1.0,0.0,0.7471456010593747,0.0,180.0,180.0,0.0,1,0,0,0,0,0,0
0.0,0.0,0.0,0.0,0.0,0.0,0.0,0.7407992986011245,0.0,180.0,180.0,0.0,1,0,0,0,0,0,0
0.0,0.0,0.0,0.0,0.0,0.0,0.0,0.7344529961428742,0.0,180.0,180.0,0.0,1,0,0,0,0,0,0
0.0,0.0,0.0,0.0,0.0,0.0,0.0,0.728106693684624,0.0,180.0,180.0,0.0,1,0,0,0,0,0,0
0.0,0.0,0.0,0.0,0.0,0.0,0.0,0.7217603912263738,0.0,180.0,180.0,0.0,1,0,0,0,0,0,0
0.0,0.0,0.0,0.0,0.0,0.0,0.0,0.697754576064483,0.0,180.0,180.0,0.0,1,0,0,0,0,0,0
0.0,0.0,0.0,0.0,0.0,0.0,0.0,0.6534114520103615,0.0,180.0,180.0,0.0,1,0,0,0,0,0,0
0.0,0.0,0.0,0.0,0.0,0.0,0.0,0.6090683279562401,0.0,180.0,180.0,0.0,1,0,0,0,0,0,0
0.0,0.0,0.0,0.0,0.0,0.0,0.0,0.5647252039021187,0.0,180.0,180.0,0.0,1,0,0,0,0,0,0
0.0,0.0,0.0,0.0,0.0,0.0,0.0,0.5203820798479972,0.0,180.0,180.0,0.0,1,0,0,0,0,0,0
0.0,0.0,0.0,0.0,0.0,0.0,0.0,0.47603895579387584,0.0,180.0,180.0,0.0,1,0,0,0,0,0,0
0.0,0.0,0.0,0.0,0.0,0.0,0.0,0.43169583173975445,0.0,180.0,180.0,0.0,1,0,0,0,0,0,0
0.0,0.0,0.0,0.0,0.0,0.0,0.0,0.38735270768563296,0.0,180.0,180.0,0.0,1,0,1,0,0,0,0
0.28284271247436177,0.28284271247436177,0.2841374423632268,0.2841374423632268,0.12707012721542071,1.0,0.08985214864026125,0.39300958363151156,0.012707012721542049,180.0,180.0,0.0,1,0,0,0,0,0,0
0.0,-0.28284271247436177,0.0,0.2841374423632268,0.12707012721542071,1.0,0.08985214864026125,0.3986664595773901,0.02541402544308412,180.0,180.0,0.0,1,0,0,0,0,0,0
0.0,0.0,0.0,0.0,0.12707012721542071,1.0,0.08985214864026125,0.4,0.03812103816462619,180.0,180.0,0.0,1,0,0,0,0,0,0
0.0,0.0,0.0,0.0,0.12707012721542071,1.0,0.08985214864026125,0.4,0.05082805088616826,180.0,180.0,0.0,1,0,0,0,0,0,0
0.0,0.0,0.0,0.0,0.12707012721542071,1.0,0.08985214864026125,0.4,0.06353506360771033,180.0,180.0,0.0,1,0,0,0,0,0,0
0.6708203932507504,0.6708203932507504,0.34269622138937805,0.34269622138937805,0.15325840933179335,0.4323440427631602,0.13286699368830898,0.37161720213815796,0.07886090454088968,180.0,180.0,0.0,1,0,0,0,0,0,0
0.5099019513589931,-0.1609184418917573,0.14129971772038696,0.2013965036689911,0.1504625340138451,0.43750185250990276,0.13297347578530314,0.3434922947636531,0.09390715794227418,180.0,180.0,0.0,1,0,0,0,0,0,0
0.5099019513589931,0.0,0.04209536504480882,0.09920435267557814,0.1447618026960689,0.49906371678179823,0.1309220947845659,0.318445480602743,0.10838333821188106,180.0,180.0,0.0,1,0,0,0,0,0,0
0.09999999999854481,-0.40990195136044827,0.0005849646524827001,0.04151040039232612,0.14465570667918226,0.4313679394753275,0.13088199564444908,0.3400138775765094,0.1228489088797993,180.0,180.0,0.0,1,0,0,0,0,0,0
1.8973665960998771,1.7973665961013323,0.8465357311170493,0.8459507664645666,0.34592599534983043,0.7015347236537762,0.27118152697448067,0.3750906137591982,0.15744150841478236,180.0,180.0,0.0,1,0,1,0,0,0,0
2.831960451701285,0.9345938556014077,0.36965342344500707,0.4768823076720422,0.34745849063511847,0.7034454381595358,0.27662390863353525,0.41026288566717495,0.17948034475675212,180.0,180.0,0.0,1,0,0,0,0,0,0
2.692582403567252,-0.13937804813403298,0.4997675708021906,0.13011414735718352,0.34865653801513946,0.6989735931492758,0.2866031751428673,0.4452115653246388,0.20163898583672402,180.0,180.0,0.0,1,0,0,0,0,0,0
0.5656854249487235,-2.1268969786185283,0.3219833780443364,0.17778419275785418,0.30642730363245424,0.7143175865381939,0.27651808796482885,0.4809274446515485,0.2195747034784273,180.0,180.0,0.0,1,0,0,0,0,0,0
3.471310991541747,2.9056255665930233,0.011543586345352576,0.31043979169898384,0.3028051739803526,0.7767963620943362,0.27535012692642585,0.5197672627562653,0.23714820815492055,180.0,180.0,0.0,1,0,0,0,0,0,0
0.14142135623653776,-3.329889635305209,0.0,0.011543586345352576,0.22405416207636064,0.7785100846703016,0.2753501269264258,0.5586927669897804,0.24684661164101454,180.0,180.0,0.0,1,0,0,0,0,0,0
0.0,-0.14142135623653776,0.0,0.0,0.23167769555567228,0.7785100846703016,0.28474989378873633,0.5976182712232955,0.2546885402634024,180.0,180.0,0.0,1,0,0,0,0,0,0
0.0,0.0,0.0,0.0,0.142792246749915,0.7785100846703016,0.2926693063631595,0.6365437754568106,0.25392151153700937,180.0,180.0,0.0,1,0,0,0,0,0,0
0.0,0.0,0.0,0.0,0.005162448754468823,0.7785100846703016,0.2956279128822878,0.6754692796903257,0.23996157614284938,180.0,180.0,0.0,1,0,0,0,0,0,0
0.0,0.0,0.0,0.0,0.0,0.7785100846703016,0.2956729110602959,0.7143947839238407,0.22549600547493115,180.0,180.0,0.0,1,0,0,0,0,0,0
0.0,0.0,0.0,0.0,0.0,0.7785100846703016,0.19593350609435087,0.7533202881573557,0.19090340593994812,180.0,180.0,0.0,1,0,0,0,0,0,0
0.7810249675895475,0.7810249675895475,1.881510148801218,1.881510148801218,0.8414369186150535,0.6828470974644679,0.5922310142134826,0.7374626430305792,0.24030124873794162,180.0,180.0,0.0,1,0,0,0,0,0,0
1.442220510184284,0.6611955425947365,0.34482299774651864,1.5366871510546993,0.8166503970386362,0.6096329201206465,0.5876035616697304,0.7179442890366114,0.2871006346402913,180.0,180.0,0.0,1,0,0,0,0,0,0
0.0,-1.442220510184284,0.0,0.34482299774651864,0.8166503970386362,0.6096329201206465,0.592387576492148,0.6984259350426438,0.33812294398090953,180.0,180.0,0.0,1,0,0,0,0,0,0
0.0,0.0,0.0,0.0,0.8166503970386362,0.6096329201206465,0.59285818164354,0.6789075810486762,0.3895074662867379,180.0,180.0,0.0,1,0,0,0,0,0,0
0.0,0.0,0.0,0.0,0.8166503970386362,0.6096329201206465,0.59285818164354,0.6593892270547085,0.4487670897829655,180.0,180.0,0.0,1,0,0,0,0,0,0
0.0,0.0,0.0,0.0,0.1542095326332948,0.6755865048735029,0.59285818164354,0.6715513501602256,0.4410202734907277,180.0,180.0,0.0,1,0,0,0,0,0,0
0.0,0.0,0.0,0.0,0.0,0.6749354078914539,0.59285818164354,0.6834230279293032,0.42674104881573616,180.0,180.0,0.0,1,0,0,0,0,0,0
0.0,0.0,0.0,0.0,0.0,0.6665017955666388,0.59285818164354,0.6917949318685452,0.4262248039402893,180.0,180.0,0.0,1,0,0,0,0,0,0
0.0,0.0,0.0,0.0,0.0,0.6771058082713679,0.59285818164354,0.7040818253083472,0.4262248039402893,180.0,180.0,0.0,1,0,0,0,0,0,0
0.0,0.0,0.0,0.0,0.0,0.7061755380015653,0.59285818164354,0.7043138660257368,0.4262248039402893,180.0,180.0,0.0,1,0,0,0,0,0,0
0.0,0.0,0.0,0.0,0.0,0.6166569686420379,0.10904260624861012,0.6999744425498617,0.34208111207878394,180.0,180.0,0.0,1,0,0,0,0,0,0
0.0,0.0,0.0,0.0,0.0,0.4939775080985181,0.0,0.689724638297324,0.2604160723749203,180.0,180.0,0.0,1,0,0,0,0,0,0
0.0,0.0,0.0,0.0,0.0,0.44682845617816874,0.0,0.6763501817793227,0.1787510326710567,180.0,180.0,0.0,1,0,0,0,0,0,0
0.0,0.0,0.0,0.0,0.0,0.5875011138830883,0.0,0.6668854193687602,0.09708599296719307,180.0,180.0,0.0,1,0,0,0,0,0,0
0.0,0.0,0.0,0.0,0.0,0.6440054058991236,0.0,0.6601601854302014,0.015420953263329457,180.0,180.0,0.0,1,0,0,0,0,0,0
0.0,0.0,0.0,0.0,0.0,0.6440054058991236,0.0,0.6534349514916424,0.0,180.0,180.0,0.0,1,0,0,0,0,0,0
0.0,0.0,0.0,0.0,0.0,0.6440054058991236,0.0,0.6467097175530835,0.0,180.0,180.0,0.0,1,0,0,0,0,0,0
0.0,0.0,0.0,0.0,0.0,0.6440054058991236,0.0,0.6399844836145246,0.0,180.0,180.0,0.0,1,0,0,0,0,0,0
0.0,0.0,0.0,0.0,0.0,0.6440054058991236,0.0,0.6332592496759658,0.0,180.0,180.0,0.0,1,0,0,0,0,0,0
0.0,0.0,0.0,0.0,0.0,0.6440054058991236,0.0,0.626534015737407,0.0,180.0,180.0,0.0,1,0,0,0,0,0,0
0.0,0.0,0.0,0.0,0.0,1.0,0.0,0.6423916608641835,0.0,180.0,180.0,0.0,1,0,0,0,0,0,0
0.0,0.0,0.0,0.0,0.0,0.0,0.0,0.6119100148581512,0.0,180.0,180.0,0.0,1,0,0,0,0,0,0
0.0,0.0,0.0,0.0,0.0,0.0,0.0,0.5814283688521188,0.0,180.0,180.0,0.0,1,0,0,0,0,0,0
0.0,0.0,0.0,0.0,0.0,0.0,0.0,0.5509467228460865,0.0,180.0,180.0,0.0,1,0,0,0,0,0,0
0.0,0.0,0.0,0.0,0.0,0.0,0.0,0.5204650768400543,0.0,180.0,180.0,0.0,1,0,0,0,0,0,0
0.0,0.0,0.0,0.0,0.0,0.0,0.0,0.48668575159637906,0.0,180.0,180.0,0.0,1,0,0,0,0,0,0
0.0,0.0,0.0,0.0,0.0,0.0,0.0,0.45293898120180637,0.0,180.0,180.0,0.0,1,0,0,0,0,0,0
0.0,0.0,0.0,0.0,0.0,0.0,0.0,0.41961389142347444,0.0,180.0,180.0,0.0,1,0,0,0,0,0,0
0.0,0.0,0.0,0.0,0.0,0.0,0.0,0.385758601009906,0.0,180.0,180.0,0.0,1,0,0,0,0,0,0
0.0,0.0,0.0,0.0,0.0,0.0,0.0,0.3504498241098277,0.0,180.0,180.0,0.0,1,0,0,0,0,0,0
0.0,0.0,0.0,0.0,0.0,0.0,0.0,0.31961697567772585,0.0,180.0,180.0,0.0,1,0,0,0,0,0,0
0.0,0.0,0.0,0.0,0.0,0.0,0.0,0.29491810027279997,0.0,180.0,180.0,0.0,1,0,0,0,0,0,0
0.0,0.0,0.0,0.0,0.0,0.0,0.0,0.27257667746389147,0.0,180.0,180.0,0.0,1,0,0,0,0,0,0
0.0,0.0,0.0,0.0,0.0,0.0,0.0,0.2432016217697371,0.0,180.0,180.0,0.0,1,0,0,0,0,0,0
0.0,0.0,0.0,0.0,0.0,0.0,0.0,0.21100135147478088,0.0,180.0,180.0,0.0,1,0,0,0,0,0,0
0.0,0.0,0.0,0.0,0.0,0.0,0.0,0.1788010811798247,0.0,180.0,180.0,0.0,1,0,0,0,0,0,0
0.0,0.0,0.0,0.0,0.0,0.0,0.0,0.14660081088486854,0.0,180.0,180.0,0.0,1,0,0,0,0,0,0
0.0,0.0,0.0,0.0,0.0,0.0,0.0,0.11440054058991236,0.0,180.0,180.0,0.0,1,0,0,0,0,0,0
0.0,0.0,0.0,0.0,0.0,0.0,0.0,0.08220027029495618,0.0,180.0,180.0,0.0,1,0,0,0,0,0,0
0.0,0.0,0.0,0.0,0.0,0.0,0.0,0.05,0.0,180.0,180.0,0.0,1,0,0,0,0,0,0
0.0,0.0,0.0,0.0,0.0,0.0,0.0,0.0,0.0,180.0,180.0,0.0,1,0,0,0,0,0,0
0.0,0.0,0.0,0.0,0.0,0.0,0.0,0.0,0.0,180.0,180.0,0.0,1,0,0,0,0,0,0
0.0,0.0,0.0,0.0,0.0,0.0,0.0,0.0,0.0,180.0,180.0,0.0,1,0,0,0,0,0,0
0.0,0.0,0.0,0.0,0.0,0.0,0.0,0.0,0.0,180.0,180.0,0.0,1,0,0,0,0,0,0
0.0,0.0,0.0,0.0,0.0,0.0,0.0,0.0,0.0,180.0,180.0,0.0,1,0,0,0,0,0,0
0.0,0.0,0.0,0.0,0.0,0.0,0.0,0.0,0.0,180.0,180.0,0.0,1,0,0,0,0,0,0
0.0,0.0,0.0,0.0,0.0,0.0,0.0,0.0,0.0,180.0,180.0,0.0,1,0,0,0,0,0,0
0.0,0.0,0.0,0.0,0.0,0.0,0.0,0.0,0.0,180.0,180.0,0.0,1,0,0,0,0,0,0
0.0,0.0,0.0,0.0,0.0,0.0,0.0,0.0,0.0,180.0,180.0,0.0,1,0,0,0,0,0,0
0.0,0.0,0.0,0.0,0.0,0.0,0.0,0.0,0.0,180.0,180.0,0.0,1,0,0,0,0,0,0
0.0,0.0,0.0,0.0,0.0,0.0,0.0,0.0,0.0,180.0,180.0,0.0,1,0,0,0,0,0,0
0.0,0.0,0.0,0.0,0.0,0.0,0.0,0.0,0.0,180.0,180.0,0.0,1,0,0,0,0,0,0
0.0,0.0,0.0,0.0,0.0,0.0,0.0,0.0,0.0,180.0,180.0,0.0,1,0,0,0,0,0,0
0.0,0.0,0.0,0.0,0.0,0.0,0.0,0.0,0.0,180.0,180.0,0.0,1,0,0,0,0,0,0
0.0,0.0,0.0,0.0,0.0,0.0,0.0,0.0,0.0,180.0,180.0,0.0,1,0,0,0,0,0,0
0.0,0.0,0.0,0.0,0.0,0.0,0.0,0.0,0.0,180.0,180.0,0.0,1,0,0,0,0,0,0
0.0,0.0,0.0,0.0,0.0,0.0,0.0,0.0,0.0,180.0,180.0,0.0,1,0,0,0,0,0,0
0.0,0.0,0.0,0.0,0.0,0.0,0.0,0.0,0.0,180.0,180.0,0.0,1,0,0,0,0,0,0
0.0,0.0,0.0,0.0,0.0,0.0,0.0,0.0,0.0,180.0,180.0,0.0,1,0,0,0,0,0,0
0.0,0.0,0.0,0.0,0.0,0.0,0.0,0.0,0.0,180.0,180.0,0.0,1,0,0,0,0,0,0
0.0,0.0,0.0,0.0,0.0,0.0,0.0,0.0,0.0,180.0,180.0,0.0,1,0,0,0,0,0,0
0.0,0.0,0.0,0.0,0.0,0.0,0.0,0.0,0.0,180.0,180.0,0.0,1,0,0,0,0,0,0
0.0,0.0,0.0,0.0,0.0,0.0,0.0,0.0,0.0,180.0,180.0,0.0,1,0,0,0,0,0,0
0.0,0.0,0.0,0.0,0.0,0.0,0.0,0.0,0.0,180.0,180.0,0.0,1,0,0,0,0,0,0
0.0,0.0,0.0,0.0,0.0,0.0,0.0,0.0,0.0,180.0,180.0,0.0,1,0,0,0,0,0,0
0.0,0.0,0.0,0.0,0.0,0.0,0.0,0.0,0.0,180.0,180.0,0.0,1,0,0,0,0,0,0
0.0,0.0,0.0,0.0,0.0,0.0,0.0,0.0,0.0,180.0,180.0,0.0,1,0,0,0,0,0,0
0.0,0.0,0.0,0.0,0.0,0.0,0.0,0.0,0.0,180.0,180.0,0.0,1,0,0,0,0,0,0
0.0,0.0,0.0,0.0,0.0,0.0,0.0,0.0,0.0,180.0,180.0,0.0,1,0,0,0,0,0,0
0.0,0.0,0.0,0.0,0.0,0.0,0.0,0.0,0.0,180.0,180.0,0.0,1,0,0,0,0,0,0
0.0,0.0,0.0,0.0,0.0,0.0,0.0,0.0,0.0,180.0,180.0,0.0,1,0,0,0,0,0,0
0.0,0.0,0.0,0.0,0.0,0.0,0.0,0.0,0.0,180.0,180.0,0.0,1,0,0,0,0,0,0
0.0,0.0,0.0,0.0,0.0,0.0,0.0,0.0,0.0,180.0,180.0,0.0,1,0,0,0,0,0,0
2.051828452868071,2.051828452868071,0.11004930928004963,0.11004930928004963,0.04921554728541788,1.0,0.034800647225326165,0.05,0.004921554728541766,180.0,180.0,0.0,1,0,0,0,0,0,0
0.7615773105851011,-1.2902511422829699,0.010906119073560872,0.09914319020648876,0.04822797626021028,0.49379453792005384,0.03458768621833525,0.0746897268960027,0.009744352354562794,180.0,180.0,0.0,1,0,0,0,0,0,0
0.0,-0.7615773105851011,0.0,0.010906119073560872,0.04822797626021028,0.49379453792005384,0.03458768621833525,0.09937945379200538,0.01456714998058382,180.0,180.0,0.0,1,0,0,0,0,0,0
0.41231056256150134,0.41231056256150134,0.0006166520944921317,0.0006166520944921317,0.04815137593353995,0.5279257270268601,0.03456426718065342,0.1257757401433484,0.01938228757393782,180.0,180.0,0.0,1,0,0,0,0,1,0
2.1189620100413484,1.706651447479847,0.22186440908204336,0.22124775698755123,0.09729371217508691,0.6902517078066079,0.07428109371338759,0.1602883255336788,0.02911165879144651,180.0,180.0,0.0,1,0,0,0,0,0,0
0.0,-2.1189620100413484,1.9909431372977515e-07,0.22186420998772963,0.09804234537046472,0.6902517078066079,0.07428108348556019,0.1948009109240092,0.038915893328492976,180.0,180.0,0.0,1,0,0,0,0,0,0
0.0,0.0,1.990943212931695e-07,7.563394355258879e-15,0.09915215116798778,0.6902517078066079,0.07428107325772505,0.2293134963143396,0.04883110844529176,180.0,180.0,0.0,1,0,0,0,0,0,0
0.0,0.0,2.9864149615754787e-07,9.954717486437836e-08,0.09915211766290093,0.6902517078066079,0.07428105791598011,0.26382608170467,0.05874632021158185,180.0,180.0,0.0,1,0,0,0,0,0,0
1.4422205101857977,1.4422205101857977,0.8452689487029144,0.8452686500614182,0.3660424816722012,0.7433143496820296,0.2655458441841392,0.3009917991887715,0.09535056837880197,180.0,180.0,0.0,1,0,0,0,0,0,0
1.7691806012953721,0.32696009110957447,0.9616603176082374,0.11639136890532309,0.49655588400610134,0.6360887557259096,0.3709322436195647,0.33279623697506694,0.14500615677941212,180.0,180.0,0.0,1,0,0,0,0,0,0
0.3999999999996362,-1.369180601295736,0.0,0.9616603176082374,0.4965559202305587,0.6497189584435081,0.3759911194655438,0.36528218489724235,0.1897401940739262,180.0,180.0,0.0,1,0,0,0,0,0,0
0.0,-0.3999999999996362,0.0,0.0,0.4965559564550108,0.6497189584435081,0.37662882521105506,0.39776813281941775,0.23457299209340624,180.0,180.0,0.0,1,0,0,0,0,0,0
0.0,0.0,0.0,0.0,0.4965560107916716,0.6497189584435081,0.37662882521105506,0.4302540807415932,0.2794057955465524,180.0,180.0,0.0,1,0,0,0,0,0,0
0.0,0.0,0.0,0.0,0.4300675682872113,0.6497189584435081,0.3766656810672497,0.46274002866376857,0.3175974147819195,180.0,180.0,0.0,1,0,0,0,0,0,0
0.0,0.0,0.0,0.0,0.0,0.6497189584435081,0.38192066845442874,0.49522597658594397,0.30786804356441083,180.0,180.0,0.0,1,0,0,0,0,0,0
0.0,0.0,0.0,0.0,0.0,0.6497189584435081,0.38192067892051323,0.5277119245081193,0.29806380902736435,180.0,180.0,0.0,1,0,0,0,0,0,0
0.0,0.0,0.0,0.0,0.0,0.6497189584435081,0.3819206893865967,0.5601978724302948,0.2881485939105656,180.0,180.0,0.0,1,0,0,0,0,0,0
0.0,0.0,0.0,0.0,0.0,0.6497189584435081,0.3819207050857155,0.5926838203524702,0.2782333821442755,180.0,180.0,0.0,1,0,0,0,0,0,0
0.0,0.0,0.0,0.0,0.0,0.6497189584435081,0.3041036939042958,0.6251697682746455,0.24162913397705538,180.0,180.0,0.0,1,0,0,0,0,0,0
0.0,0.0,0.0,0.0,0.0,0.6497189584435081,0.0,0.657655716196821,0.19197354557644522,180.0,180.0,0.0,1,0,0,0,0,0,0
0.0,0.0,0.0,0.0,0.0,0.596656463965551,0.0,0.6374885393950985,0.14231795355338933,180.0,180.0,0.0,1,0,0,0,0,0,0
0.0,0.0,0.0,0.0,0.0,0.7896843270093011,0.0,0.6522830288495609,0.09266235790788827,180.0,180.0,0.0,1,0,0,0,0,0,0
0.0,0.0,0.0,0.0,0.0,0.7896843270093011,0.0,0.6670775183040233,0.04300675682872111,180.0,180.0,0.0,1,0,0,0,0,0,0
0.0,0.0,0.0,0.0,0.0,0.7749457701129078,0.0,0.6794285204583257,0.0,180.0,180.0,0.0,1,0,0,0,0,0,0
0.0,0.0,0.0,0.0,0.0,0.6651386416912015,0.0,0.6781728671525553,0.0,180.0,180.0,0.0,1,0,0,0,0,0,0
0.0,0.0,0.0,0.0,0.0,0.6651386416912015,0.0,0.676917213846785,0.0,180.0,180.0,0.0,1,0,0,0,0,0,0
0.0,0.0,0.0,0.0,0.0,0.6651386416912015,0.0,0.6756615605410147,0.0,180.0,180.0,0.0,1,0,0,0,0,0,0
0.0,0.0,0.0,0.0,0.0,0.6651386416912015,0.0,0.6744059072352444,0.0,180.0,180.0,0.0,1,0,0,0,0,0,0
0.0,0.0,0.0,0.0,0.0,0.950383205334724,0.0,0.684759350017879,0.0,180.0,180.0,0.0,1,0,0,0,0,0,0
0.0,0.0,0.0,0.0,0.0,1.0,0.0,0.7029549122315836,0.0,180.0,180.0,0.0,1,0,0,0,0,0,0
0.0,0.0,0.0,0.0,0.0,0.0,0.0,0.6704689643094082,0.0,180.0,180.0,0.0,1,0,0,0,0,0,0
0.0,0.0,0.0,0.0,0.0,0.0,0.0,0.6379830163872329,0.0,180.0,180.0,0.0,1,0,0,0,0,0,0
0.0,0.0,0.0,0.0,0.0,0.0,0.0,0.6054970684650574,0.0,180.0,180.0,0.0,1,0,0,0,0,0,0
0.0,0.0,0.0,0.0,0.0,0.0,0.0,0.573011120542882,0.0,180.0,180.0,0.0,1,0,0,0,0,0,0
0.0,0.0,0.0,0.0,0.0,0.0,0.0,0.5405251726207065,0.0,180.0,180.0,0.0,1,0,0,0,0,0,0
0.0,0.0,0.0,0.0,0.0,0.0,0.0,0.5080392246985312,0.0,180.0,180.0,0.0,1,0,0,0,0,0,0
1.8248287590886285,1.8248287590886285,1.2253320913361436,1.2253320913361436,0.5479851702479197,1.0,0.3874840298719687,0.5255532767763558,0.05479851702479195,180.0,180.0,0.0,1,0,0,0,0,0,0
0.9219544457290915,-0.902874313359537,0.06784342898296414,1.1574886623531795,0.5411979489160724,0.9836419607056004,0.38569002699045984,0.5422494268894604,0.10891831191639918,180.0,180.0,0.0,1,0,0,0,0,0,0
0.0,-0.9219544457290915,0.0,0.06784342898296414,0.5411979489160724,0.9836419607056004,0.38569002699045984,0.5589455770025651,0.16303810680800643,180.0,180.0,0.0,1,0,0,0,0,0,0
0.22360679774997896,0.22360679774997896,0.21379728541840493,0.21379728541840493,0.5238218534769656,0.9763027742124046,0.38364538609435983,0.5752747677910099,0.215420292155703,180.0,180.0,0.0,1,0,0,0,0,0,0
3.6124783736379906,3.3888715758880115,0.09603082166956556,0.11776646374883937,0.5116269483180921,0.9035740353984325,0.38064427837391107,0.5906206463626539,0.2665829869875122,180.0,180.0,0.0,1,0,0,0,0,0,0
0.3605551275477106,-3.2519232460902803,0.0,0.09603082166956556,0.08804369793934899,0.9082473518665541,0.38064427837391107,0.5965487976055166,0.2753873567814471,180.0,180.0,0.0,1,0,0,0,0,0,0
3.721558813186119,3.3610036856384085,1.2534669880681302,1.2534669880681302,0.5332289323619772,0.7037984104292463,0.5073032968929866,0.5922545017765138,0.3287102500176448,180.0,180.0,0.0,1,0,0,0,0,0,0
3.195309061734217,-0.526249751451902,0.3944850915342868,0.8589818965338434,0.5037728961800957,0.7642640313892635,0.49787318104143174,0.5917204148403316,0.3790875396356544,180.0,180.0,0.0,1,0,0,0,0,0,0
0.0,-3.195309061734217,0.0,0.3944850915342868,0.5309718976424572,0.7642640313892635,0.49787318104143174,0.5966766843252347,0.4321847293999001,180.0,180.0,0.0,1,0,0,0,0,0,0
2.4331050121188693,2.4331050121188693,1.1175222026134002,1.1175222026134002,0.6012662159630068,0.7941070925107192,0.5403976508239272,0.6031251068662106,0.49231135099620077,180.0,180.0,0.0,1,0,0,0,0,0,0
6.3324560795955716,3.8993510674767022,1.0959708759203062,0.02155132669309401,0.5465012053875662,0.6835155523774784,0.5206117028102948,0.6040439524005243,0.49216295451016545,180.0,180.0,0.0,1,0,0,0,0,0,0
6.705221845695737,0.37276576610016576,0.14763411733704812,0.948336758583258,0.5264842206905643,0.5816021270844024,0.5151307217557521,0.5998671266701845,0.4906915816876147,180.0,180.0,0.0,1,0,0,0,0,0,0
6.760177512464031,0.054955666768293554,0.042618034032255725,0.1050160833047924,0.5740256826941189,0.5466537916355663,0.5113227881625902,0.5796806559852266,0.49397435506541926,180.0,180.0,0.0,1,0,0,0,0,0,0
6.529931086925101,-0.2302464255389296,0.3152352989506617,0.272617264918406,0.5230732343739083,0.5390100353142253,0.5074127287630243,0.5566311577509379,0.4938994931551135,180.0,180.0,0.0,1,0,0,0,0,0,0
5.060632371552221,-1.4692987153728803,0.42876966381681997,0.11353436486615825,0.4134053308449338,0.5552567373961205,0.4925848862132229,0.5843939946207439,0.48407733140779763,180.0,180.0,0.0,1,0,0,0,0,0,0
7.021395872616524,1.960763501064303,0.1686631407221364,0.2601065230946836,0.15164884195354625,0.5616417374377727,0.47698005073863836,0.6124760814926324,0.49043784580921745,180.0,180.0,0.0,1,0,0,0,0,0,0
3.605551275463989,-3.415844597152535,0.3252037726246972,0.1565406319025608,0.1510851431387549,0.5827848871633456,0.39688341742499755,0.6416153258507997,0.45222346688689524,180.0,180.0,0.0,1,0,0,0,0,0,0
4.0804411526209,0.4748898771569112,1.116742397173401,0.7915386245487037,0.37272421893815755,0.5932267475618576,0.4563084600223635,0.6712766632288927,0.43911859916270146,180.0,180.0,0.0,1,0,0,0,0,0,0
4.997999599840852,0.9175584472199514,0.4687007142423143,0.6480416829310867,0.36288750657061486,0.5467204162131906,0.4249993098316643,0.6986126840395522,0.42231016005551714,180.0,180.0,0.0,1,0,0,0,0,0,0
1.8867962264116291,-3.1112033734292224,0.04634170427143891,0.4223590099708754,0.4181707751831736,0.5276993965220583,0.39214419515576365,0.7249976538656552,0.4040006159775339,180.0,180.0,0.0,1,0,0,0,0,0,0
2.1095023109724678,0.22270608456083862,1.9972219952224233,1.9508802909509844,0.7804547422614123,0.5392512130000293,0.6093177931804348,0.7019602145156566,0.42739596966491844,180.0,180.0,0.0,1,0,0,0,0,0,0
0.3999999999996362,-1.7095023109728316,1.5581351302519655,0.4390868649704578,0.7912543796884712,0.5505994201145753,0.6767433342902957,0.6803080874861054,0.4538729855647091,180.0,180.0,0.0,1,0,0,0,0,0,0
2.267156809751472,1.8671568097518358,0.1982018084452014,1.3599333218067642,0.8708618075049821,0.5288736551969694,0.6629587869316745,0.6575696722106738,0.4835565980457955,180.0,180.0,0.0,1,0,0,0,0,0,0
3.0870698080856602,0.8199129983341882,1.972383855793737,1.7741820473485355,0.9597599584593604,0.48993680323730826,0.7657102282130676,0.633251373661919,0.5272252704543406,180.0,180.0,0.0,1,0,0,0,0,0,0
1.456021977855654,-1.6310478302300062,1.2380455625528717,0.7343382932408653,0.7381722147726204,0.5174930531160651,0.7615780540349868,0.6139473245478005,0.5597019588471093,180.0,180.0,0.0,1,0,0,0,0,0,0
3.465544690232439,2.009522712376785,0.6924260776149269,0.5456194849379448,0.7007649393716872,0.49806293048994443,0.7219895914262118,0.5934381034789701,0.6146135685889235,180.0,180.0,0.0,1,0,0,0,0,0,0
2.3853720883759073,-1.0801726018565319,2.2502015447761954,1.5577754671612685,0.856957104765612,0.5877832336042089,0.7872139839467565,0.5876373446377182,0.6852007647516091,180.0,180.0,0.0,1,0,0,0,0,0,0
3.2756678708331504,0.8902957824572431,0.9264082707905958,1.3237932739855995,0.6708916118475551,0.6348172753696134,0.7905046904159767,0.5811650068367358,0.7150175040425488,180.0,180.0,0.0,1,0,0,0,0,0,0
1.8110770276268404,-1.46459084320631,1.2475014886408256,0.3210932178502297,0.5945513117032326,0.6013791265583944,0.7551621539608065,0.5730207615951923,0.7381838845558106,180.0,180.0,0.0,1,0,0,0,0,0,0
1.216552506058388,-0.5945245215684525,0.6890886106154355,0.5584128780253901,0.6502187312532381,0.6213856146227849,0.6670757748234059,0.5643846877007956,0.7613886801628171,180.0,180.0,0.0,1,0,0,0,0,0,0
1.7804493814778546,0.5638968754194666,0.4323663721614215,0.256722238454014,0.7051634464526044,0.6022923993460904,0.6628724559743842,0.5603235300492262,0.7538595505819363,180.0,180.0,0.0,1,0,0,0,0,0,0
0.0,-1.7804493814778546,0.0,0.4323663721614215,0.47549718310636474,0.5873890046576181,0.728448967289453,0.560612873927887,0.7222838309237256,180.0,180.0,0.0,1,0,0,0,0,0,0
0.22360679775079245,0.22360679775079245,0.7086862450810929,0.7086862450810929,0.45439603131535006,0.5624794710213175,0.6853825890778174,0.5614041578971745,0.6806372533047625,180.0,180.0,0.0,1,0,0,0,0,0,0
2.024845673132467,1.8012388753816746,0.22693375493899162,0.4817524901421013,0.30381220317162294,0.5423216273124114,0.6350879148379692,0.5615697374970837,0.6150424777759886,180.0,180.0,0.0,1,0,0,0,0,0,0
3.2249030993200964,1.2000574261876293,0.6098591210116056,0.38292536607261396,0.2873279447626291,0.48888782593788754,0.622410845047642,0.5582512919241721,0.5699580507749895,180.0,180.0,0.0,1,0,0,0,0,0,0
0.3999999999996362,-2.8249030993204602,6.018043041677856e-07,0.6098585192073014,0.33464972577301455,0.4435611375431446,0.6697472950266471,0.5523472619294407,0.5333465294151224,180.0,180.0,0.0,1,0,0,0,0,0,0
2.2000000000007276,1.8000000000010914,1.7033737154996123,1.703373113695308,0.6550067847887522,0.41739197723835303,0.5396235485332282,0.5440776164331911,0.5131514974174364,180.0,180.0,0.0,1,0,0,0,0,0,0
3.399999999999636,1.1999999999989086,1.7302286838543723,0.02685496835476009,0.8172123653392969,0.3413530608131959,0.6359169428269087,0.531483932095758,0.5277835727666105,180.0,180.0,0.0,1,0,1,0,0,0,0
1.4866068747321197,-1.9133931252675165,0.2778742932543321,1.4523543906000402,0.8077013526616895,0.2079895302121025,0.6228448445175135,0.5145473877957036,0.5490985768624562,180.0,180.0,0.0,1,0,0,0,0,0,0
3.1999999999989086,1.7133931252667889,0.277619316205126,0.00025497704920612874,0.8465934040171154,0.0767879496489009,0.6325981754286925,0.49200181545204574,0.5687360441388439,180.0,180.0,0.0,1,0,0,0,0,1,0
1.2206555615737875,-1.979344438425121,0.6343177275674299,0.3566984113623039,0.7376699778058654,0.015135293063054825,0.6299874354688784,0.465796019455197,0.5719866972741701,180.0,180.0,0.0,1,0,0,0,0,0,0
1.697056274848743,0.4764007132749555,0.1952693874388474,0.4390483401285825,0.6417625100607165,0.04984466107034153,0.6114968366003574,0.4407582815029853,0.5886132299696053,180.0,180.0,0.0,1,0,1,0,0,0,0
0.4999999999992724,-1.1970562748494706,0.042201568281539974,0.1530678191573074,0.21744524856057737,0.007883237763995198,0.6384706928015335,0.41470876063133655,0.564918151694128,180.0,180.0,0.0,1,0,1,0,0,0,0
0.0,-0.4999999999992724,0.0,0.042201568281539974,0.2525444616364614,0.08058143347065358,0.6558077045698284,0.3942409921430039,0.5597913775406117,180.0,180.0,0.0,1,0,1,0,0,0,0
0.0,0.0,0.0,0.0,0.2693821559980967,0.06042090177170358,0.6773239354795278,0.3713873845757858,0.5579967986641586,180.0,180.0,0.0,1,0,1,0,0,0,0
0.28284271247436177,0.28284271247436177,0.02575150880523624,0.02575150880523624,0.08172672921957998,0.05943940921565787,0.6753165356924127,0.3494562085120715,0.5327044990088151,180.0,180.0,0.0,1,0,1,0,0,0,0
0.14142135623782398,-0.1414213562365378,0.007013767933200299,0.018737740872035943,0.01850202651967564,0.1081136271174671,0.5347038710497725,0.32547272818773443,0.4690540231819075,180.0,180.0,0.0,1,0,1,0,0,0,0
4.110960958219645,3.9695396019818214,0.012546544143518192,0.005532776210317893,0.010713504258470521,0.2407759547281177,0.20563535679855896,0.3057706621556596,0.3884041370738248,180.0,180.0,0.0,1,0,0,0,0,0,0
6.637017402416924,2.5260564441972786,0.06880513341196748,0.05625858926844929,0.027383204015815683,0.4150431410613951,0.20146599787243277,0.29645386288080966,0.31037232220923744,180.0,180.0,0.0,1,0,0,0,0,0,0
6.5,-0.13701740241692395,0.6092177083791197,0.5404125749671522,0.2608196238102075,0.47326920948248236,0.25046142931317644,0.2890480426237945,0.25179494418854664,180.0,180.0,0.0,1,0,0,0,0,0,0
6.177378084591883,-0.32262191540811713,0.7795677785068879,0.17035007012776815,0.3699384804194442,0.48610412446339646,0.28313663422480345,0.28323862887965984,0.21502179444990452,180.0,180.0,0.0,1,0,0,0,0,0,0
6.543699259593666,0.36632117500178296,0.04075836773875319,0.7388094107681347,0.36361514075700146,0.49296031022083026,0.2860501707652109,0.27851719415782045,0.187207057519533,180.0,180.0,0.0,1,0,0,0,0,0,0
6.243396511515728,-0.30030274807793766,0.13428950849230337,0.09353114075355018,0.3428554755413809,0.5226172560417164,0.28335670935940066,0.2765240834088404,0.19974808021761337,180.0,180.0,0.0,1,0,0,0,0,0,0
1.486606874731508,-4.75678963678422,1.2532840131473997,1.1189945046550962,0.49549414966307087,0.5349156503261712,0.4366130115849221,0.2761537845595284,0.22404304902027433,180.0,180.0,0.0,1,0,0,0,0,0,0
3.3837848631369196,1.8971779884054116,2.613833286078495,1.3605492729310955,1.0464755571766335,0.5539860299908045,0.8387979976090195,0.2794086947621742,0.301752389138128,180.0,180.0,0.0,1,0,0,0,0,0,0
0.1000000000003638,-3.283784863136556,0.0,2.613833286078495,1.135200458126141,0.5624132056034451,0.8406391777438612,0.2853512981651892,0.40709976202878406,180.0,180.0,0.0,1,0,0,0,0,0,0
0.7615773105874895,0.6615773105871257,1.0447571296601006,1.0447571296601006,1.0511472661466161,0.523505923548903,0.8298807446146915,0.2906569954807167,0.5103642859914782,180.0,180.0,0.0,1,0,0,0,0,0,0
1.8027756377312882,1.0411983271437988,0.8185174137866471,0.22623971587345348,0.948268863186559,0.4400782595769541,0.7990420031077811,0.2955932554189047,0.604119821884287,180.0,180.0,0.0,1,0,0,0,0,0,0
0.1000000000003638,-1.7027756377309244,0.0,0.8185174137866471,1.0705972352640665,0.430508425026202,0.8056969654014026,0.30671920015960963,0.7084412250091121,180.0,180.0,0.0,1,0,0,0,0,0,0
1.5811388300841898,1.481138830083826,2.4780483817706855,2.4780483817706855,1.0164638521413607,0.4570251336253291,0.9738993101893032,0.32573105935843105,0.7840056478422274,180.0,180.0,0.0,1,0,0,0,0,0,0
0.9486832980499386,-0.6324555320342512,0.6967731875401779,1.7812751942305076,0.9098382254063268,0.4624936528675221,0.9755414763862394,0.34809897734865436,0.8379956223409156,180.0,180.0,0.0,1,0,0,0,0,0,0
1.6552945357242232,0.7066112376742847,1.0297927994331837,0.3330196118930058,0.9097101245415525,0.5166997099034228,0.926761709232706,0.3714417297903085,0.8926051207193707,180.0,180.0,0.0,1,0,0,0,0,0,0
3.9115214431213103,2.256226907397087,1.4319513546258986,0.40215855519271493,0.9196466601740039,0.4933652815077929,0.8807027244636747,0.3957158319774984,0.950284239182633,180.0,180.0,0.0,1,0,0,0,0,0,0
2.1189620100413484,-1.792559433079962,0.0013237693171313514,1.4306275853087673,0.9192410884889675,0.471332282307944,0.9486523706254193,0.41525337441936283,0.9926589330652227,180.0,180.0,0.0,1,0,0,0,0,0,0
3.9812058474805214,1.862243837439173,1.1800701351377731,1.1787463658206419,0.5527323308207335,0.451296933991857,0.7713514380086495,0.43479717603037055,0.9432846104296326,180.0,180.0,0.0,1,0,0,0,0,0,0
6.673080248281738,2.6918744008012165,0.3847024318113743,0.7953677033263988,0.5930474951320008,0.5109399188687207,0.7318246111859417,0.45737220151302366,0.8890693141302186,180.0,180.0,0.0,1,0,0,0,0,0,0
6.103277807866851,-0.5698024404148869,0.17991564556811956,0.20478678624325475,0.6331523049805707,0.5538750278225021,0.7640740269124487,0.4796602715482755,0.8472698180136142,180.0,180.0,0.0,1,0,0,0,0,0,0
0.4472135954999579,-5.656064212366893,0.09870611045070621,0.08120953511741336,0.4748891462779956,0.579434389028045,0.7974187223663711,0.4965931932632718,0.7999318463227578,180.0,180.0,0.0,1,0,0,0,0,0,0
0.5385164807137206,0.09130288521376267,0.9451050097723713,0.8463988993216651,0.4797790622787567,0.6592462063691557,0.7537072035265259,0.5088033465286599,0.7408500290242268,180.0,180.0,0.0,1,0,0,0,0,0,0
0.781024967590945,0.24250848687722437,3.0950142075746756,2.1499091978023044,1.2487963152819348,0.6740644383692597,0.9112407066715076,0.5188431079729987,0.7640832753382842,180.0,180.0,0.0,1,0,0,0,0,0,0
0.28284271247436177,-0.4981822551165832,2.1878991674002295,0.9071150401744461,1.307103529064483,0.6429563689548743,0.9919310369959741,0.5266857201975725,0.8038098057040999,180.0,180.0,0.0,1,0,0,0,0,0,0
0.3605551275477106,0.0777124150733488,0.04019106642056536,2.1477081009796644,1.338196048380131,0.6018142178267858,1.0426218900361937,0.5321284155778703,0.8466583980879576,180.0,180.0,0.0,1,0,0,0,0,0,0
1.7029386365911447,1.3423835090434342,0.3789552026133567,0.33876413619279133,1.2813568952294943,0.5774126753231366,1.0422161257213087,0.5348681865419413,0.8828294215935066,180.0,180.0,0.0,1,0,0,0,0,0,0
3.125699921617871,1.4227612850267262,1.8850454563737709,1.5060902537604142,1.2798243718331568,0.601074704930877,1.0421780193785308,0.5381761392721767,0.9188877499279258,180.0,180.0,0.0,1,0,0,0,0,0,0
4.554119014695311,1.4284190930774399,2.3593262352855224,0.4742807789117516,1.0797636846312575,0.6443254321412625,1.1236303523388755,0.5426931093796996,0.9715908853089781,180.0,180.0,0.0,1,0,0,0,0,0,0
6.640030120413031,2.08591110571772,0.02286060576542559,2.336465629520097,1.1037586713332177,0.6792838138307327,1.1565536246795385,0.5485366397910639,1.0226620029290996,180.0,180.0,0.0,1,0,0,0,0,0,0
6.801470429253054,0.1614403088400227,0.3254818402737236,0.30262123450829803,1.0519488500462304,0.7244384274631388,1.1442674216313737,0.5585832649867757,1.0645416574356656,180.0,180.0,0.0,1,0,0,0,0,0,0
6.628725367670011,-0.1727450615830426,0.5701441567855167,0.24466231651179304,1.0271709812000862,0.789033037073921,1.1059505417468765,0.5760310038616241,1.1197698409278747,180.0,180.0,0.0,1,0,0,0,0,0,0
3.5,-3.128725367670011,0.7466981465259421,0.17655398974042547,0.9105171701567548,0.7824854616979731,1.1124135643280197,0.5936298556952126,1.1628436517156746,180.0,180.0,0.0,1,0,0,0,0,0,0
3.1622776601692997,-0.3377223398307003,0.905299279752372,0.15860113322642988,0.34898878002428135,0.7638759342011311,0.8808688862410812,0.6089723957240027,1.0728628981899093,180.0,180.0,0.0,1,0,0,0,0,0,0
3.9115214431201943,0.7492437829508947,0.5961018161373135,0.3091974636150585,0.21613849422882808,0.7304031459497099,0.7672442854244665,0.6223678703781121,0.9637663947063437,180.0,180.0,0.0,1,0,0,0,0,0,0
2.5059928172293207,-1.4055286258908737,1.160393109015738,0.5642912928784245,0.24399237550191943,0.6897975231067468,0.7274862404371538,0.6310227610382784,0.8543460274185227,180.0,180.0,0.0,1,0,0,0,0,0,0
3.106444913402106,0.6004520961727855,0.507388498101996,0.653004610913742,0.2596117163460804,0.6270703821131953,0.7184403745735438,0.6377080160685484,0.7521715095301813,180.0,180.0,0.0,1,0,0,0,0,0,0
0.14142135623782398,-2.9650235571642822,0.04110472302761802,0.466283775074378,0.4240754482645813,0.6361153274386716,0.6750985123358232,0.6459471683250848,0.6665966171733237,180.0,180.0,0.0,1,0,0,0,0,0,0
0.5830951894850915,0.44167383324726756,0.950879466338086,0.9097747433104679,0.4315724754417399,0.6481042374756668,0.37700087624751466,0.6557875334992753,0.6017774962543719,180.0,180.0,0.0,1,0,0,0,0,0,0
0.7280109889289513,0.1449157994438598,0.961173474954576,0.010294008616489991,0.4503972748263013,0.5846549819686271,0.3368262886718543,0.6594732866542706,0.5364413566036803,180.0,180.0,0.0,1,0,0,0,0,0,0
0.0,-0.7280109889289513,0.0,0.961173474954576,0.468054860897427,0.5341462700770673,0.3865646931987489,0.6584868487669989,0.47805195768879993,180.0,180.0,0.0,1,0,0,0,0,0,0
0.0,0.0,0.0,0.0,0.5164181528510176,0.5299030865499305,0.4373623005663415,0.6560102836430932,0.4269766748538931,180.0,180.0,0.0,1,0,0,0,0,0,0
0.0,0.0,1.390218144365796,1.390218144365796,0.6284373144451956,0.5273248810678539,0.5055184220618739,0.6494142173780281,0.3987686892827372,180.0,180.0,0.0,1,0,0,0,0,0,0
0.7211102550928988,0.7211102550928988,0.4062986924010051,0.9839194519647909,0.6125088559062863,0.5454541109191083,0.5022732393609505,0.6429837010055206,0.4251206968709377,180.0,180.0,0.0,1,0,0,0,0,0,0
0.1000000000003638,-0.621110255092535,0.09192071427697002,0.31437797812403506,0.5901261003475011,0.5503305089209549,0.527529072294822,0.6383524080038245,0.462519457482805,180.0,180.0,0.0,1,0,0,0,0,0,0
0.8544003745325196,0.7544003745321558,0.32803243871425325,0.23611172443728323,0.554817981826713,0.5506993592916077,0.484601864177427,0.6357966650770657,0.4936020181152843,180.0,180.0,0.0,1,0,0,0,0,0,0
0.8246211251225615,-0.02977924940995813,0.4053291795039475,0.07729674078969423,0.5008406388017661,0.5372917372960386,0.4847478568505405,0.6337906181757107,0.5177249103608529,180.0,180.0,0.0,1,0,0,0,0,0,0
0.0,-0.8246211251225615,0.0,0.4053291795039475,0.18845868618165296,0.5581364147834096,0.488828107837916,0.6316437036683374,0.4941632341525601,180.0,180.0,0.0,1,0,0,0,0,0,0
0.28284271247436177,0.28284271247436177,0.3025580146378448,0.3025580146378448,0.17137898413802494,0.5525894604799306,0.45750440310912033,0.6270569050852707,0.4681438850221885,180.0,180.0,0.0,1,0,1,0,0,0,0
1.2041594578798338,0.921316745405472,0.5243126612474276,0.22175464660958277,0.1946003476740493,0.5036383679463649,0.4156981152996527,0.6182746327910523,0.44256419230696337,180.0,180.0,0.0,1,0,1,0,0,0,0
0.781024967590945,-0.42313449028888883,0.2912326448144067,0.2330800164330209,0.19454048395742746,0.5021337978680837,0.39870708652668824,0.6071594013112996,0.4152127546129634,180.0,180.0,0.0,1,0,1,0,0,0,0
1.4212670403563927,0.6402420727654478,0.17139976577469085,0.11983287903971584,0.19240309903545308,0.4727403134246523,0.38426589133572253,0.5913447651288363,0.38281124923140697,180.0,180.0,0.0,1,0,0,0,0,0,0
0.7071067811865476,-0.7141602591698452,0.1445843432979772,0.026815422476713646,0.15018549627033448,0.4303277272705271,0.16206662661136848,0.5737368784074639,0.33498606741392084,180.0,180.0,0.0,1,0,0,0,0,0,0
0.2000000000007276,-0.50710678118582,0.0,0.1445843432979772,0.1961701867776792,0.3411735393844217,0.17365846252551814,0.5526017586666284,0.29335220050106015,180.0,180.0,0.0,1,0,0,0,0,0,0
0.2000000000007276,0.0,1.5560548473676863,1.5560548473676863,0.6364858304191714,0.21797831764923356,0.44824344466346383,0.5269805172516046,0.29798817350822715,180.0,180.0,0.0,1,0,0,0,0,0,0
0.3000000000010914,0.1000000000003638,0.04851011151452101,1.5075447358531653,0.6588324306084373,0.1955470244193038,0.4598785881944501,0.5022679923172324,0.3083896183863996,180.0,180.0,0.0,1,0,0,0,0,0,0
2.4331050121188693,2.133105012117778,1.7590408996232236,1.7105307881087026,0.8771131254581597,0.2031307427579554,0.6427063266678913,0.4810710103494705,0.346016867052039,180.0,180.0,0.0,1,0,0,0,0,0,0
3.4205262752966163,0.987421263177747,0.30196297948194384,1.4570779201412798,0.8546618432537654,0.35331389917943634,0.6244963415902524,0.4669309389365087,0.4126371827592502,180.0,180.0,0.0,1,0,0,0,0,0,0
3.5057096285915588,0.08518335329494242,0.9997330342082569,0.697770054726313,0.750920147952722,0.5205242062477882,0.6375482570803113,0.46055193737511485,0.47059129914071995,180.0,180.0,0.0,1,0,0,0,0,0,0
5.920304046247073,2.414594417655514,1.6491326548028415,0.6493996205945847,0.7711078031254321,0.620502145418186,0.7205202147913294,0.46234429554759277,0.5282420446858581,180.0,180.0,0.0,1,0,0,0,0,0,0
3.9446165846628904,-1.9756874615841822,0.3291983138034294,1.3199343409994122,0.6954210390909417,0.45884183094998143,0.7182693963991374,0.4585790735912384,0.5783301001992096,180.0,180.0,0.0,1,0,0,0,0,0,0
4.884669896727784,0.9400533120648937,1.376809028345088,1.0476107145416587,0.6076669725564932,0.34286211692294405,0.7215943040675016,0.44922702510988904,0.6198564875513136,180.0,180.0,0.0,1,0,0,0,0,0,0
1.8027756377328017,-3.0818942589949825,0.387972691358222,0.988836336986866,0.5862348042564672,0.27132891974032014,0.7002003678897545,0.4364272270435124,0.6634614183499268,180.0,180.0,0.0,1,0,0,0,0,0,0
1.019803902718343,-0.7829717350144587,1.5605214087571213,1.1725487173988993,0.6487788708019049,0.24765849554593644,0.6649918270284906,0.4215374462748538,0.7087222867523495,180.0,180.0,0.0,1,0,0,0,0,0,0
0.1000000000003638,-0.9198039027179792,0.0,1.5605214087571213,0.6925764124757088,0.24481583615146496,0.700708533551563,0.40626171263637934,0.7143313449580032,180.0,180.0,0.0,1,0,0,0,0,0,0
0.0,-0.1000000000003638,0.0,0.0,0.7532968866475974,0.2348488035636413,0.7069469135493897,0.390469184849981,0.7237777905619193,180.0,180.0,0.0,1,0,0,0,0,0,0
0.0,0.0,0.0,0.0,0.6757262805293641,0.22282526621117557,0.6697405976584733,0.37474586129573784,0.7036391060690397,180.0,180.0,0.0,1,0,0,0,0,0,0
0.0,0.0,0.0,0.0,0.6978863900649325,0.22282526621117557,0.6940689559429137,0.3579803038671262,0.6879615607501564,180.0,180.0,0.0,1,0,0,0,0,0,0
0.0,0.0,0.0,0.0,0.0,0.22750769427102244,0.7068324928355317,0.34172621555668076,0.6128695459548841,180.0,180.0,0.0,1,0,0,0,0,0,0
0.0,0.0,0.0,0.0,0.0,0.2291510247111309,0.6013121233899662,0.3280018483949191,0.5357587656423409,180.0,180.0,0.0,1,0,0,0,0,0,0
3.2557641192189353,3.2557641192189353,3.044004459177923,3.044004459177923,1.3613201789068639,0.30541004678285744,1.0376527041496602,0.3181656608406577,0.6023486796239332,180.0,180.0,0.0,1,0,0,0,0,0,0
5.247856705360209,1.9920925861412737,0.31722153652525903,2.726782922652664,1.3329501689759784,0.3257887181605365,1.0073634331244037,0.31081808107745196,0.6748769992658816,180.0,180.0,0.0,1,0,0,0,0,0,0
2.570992026436573,-2.676864678923636,0.8378824637848206,0.5206609272595615,1.2788801060830435,0.3553150781330196,1.010309805022412,0.30706744862057656,0.7441415294485393,180.0,180.0,0.0,1,0,0,0,0,0,0
1.3601470508744806,-1.2108449755620923,0.6190305257622682,0.21885193802255232,1.2050877363740427,0.3726464027854368,0.9504614164566657,0.3086410917906273,0.7997724160057531,180.0,180.0,0.0,1,0,0,0,0,0,0
0.1000000000003638,-1.2601470508741168,0.01748472209802232,0.6015458036642459,1.2016127551510962,0.37692622537943843,0.9494921752222262,0.31658848717713756,0.8506760502732919,180.0,180.0,0.0,1,0,0,0,0,0,0
1.2206555615727444,1.1206555615723806,0.6764450047839885,0.6589602826859662,0.3261482204615353,0.39472671368599677,0.9352024069063839,0.32654747164047226,0.8079611836546856,180.0,180.0,0.0,1,0,0,0,0,0,0
2.5079872407969486,1.2873316792242042,0.2771467997076307,0.3992982050763578,0.33200644023945414,0.3940413483818192,0.9210519800757779,0.3360930019216654,0.7735891996256946,180.0,180.0,0.0,1,0,0,0,0,0,0
3.5057096285915588,0.9977223877946102,2.4310857953610546e-05,0.27712248884967705,0.3210097936808304,0.40989386631218067,0.9210502822796208,0.3389220002783026,0.7359015399872844,180.0,180.0,0.0,1,0,0,0,0,0,0
3.3734255586860393,-0.13228406990551944,0.6668640355757571,0.6668397247178035,0.3327220183862055,0.4130503399748923,0.8983387330648002,0.3335483069646578,0.7691737418259049,180.0,180.0,0.0,1,0,0,0,0,0,0
3.6055512754638883,0.232125716777849,0.6974736019409442,0.03060956636518708,0.31264330351852393,0.36705302570446646,0.8692488707868083,0.32087585097897187,0.8004380721777574,180.0,180.0,0.0,1,0,0,0,0,0,0
3.014962686336376,-0.5905885891275124,0.5687194782796393,0.1287541236613049,0.2976606704711471,0.46096215992356127,0.29562477859669817,0.32098186742765084,0.6940721213341857,180.0,180.0,0.0,1,0,0,0,0,0,0
3.3526109228487364,0.33764823651236053,0.06853093025850944,0.5001885480211299,0.33838771987449423,0.6677892567505853,0.3192209004366217,0.3372282244190329,0.5946158764240372,180.0,180.0,0.0,1,0,0,0,0,0,0
3.605551275463989,0.2529403526152527,0.06311750297857976,0.005413427279929675,0.3204283925723454,0.7458881288479179,0.3064870190122293,0.36095618487441283,0.4987707050729674,180.0,180.0,0.0,1,0,0,0,0,0,0
3.551056180912746,-0.05449509455124302,0.015830628941036595,0.04728687403754317,0.32370835698871325,0.7990411996992713,0.3103752013494464,0.3885253200820795,0.4106327671344345,180.0,180.0,0.0,1,0,0,0,0,0,0
3.413209633175469,-0.137846547737277,0.005344000496841695,0.010486628444194901,0.23889149840018903,0.8090986448373435,0.31164666757994625,0.4167394605163735,0.3143606414593438,180.0,180.0,0.0,1,0,0,0,0,0,0
3.5,0.0867903668245309,0.001242334444264026,0.004101666052577669,0.03245685141576978,0.8182678530245303,0.2946564564280377,0.4459104129894179,0.28499150455476724,180.0,180.0,0.0,1,0,0,0,0,0,0
3.3837848631379415,-0.11621513686205853,0.09970833808276258,0.09846600363849856,0.04284653736787411,0.82556891754956,0.2972630959337787,0.47604759555633713,0.2560755142676092,180.0,180.0,0.0,1,0,0,0,0,0,0
3.580502757992483,0.1967178948545416,0.1488342179183635,0.049125879835600905,0.06650239727329026,0.8336610494045827,0.28870211024659853,0.5065893847160076,0.2306247746268552,180.0,180.0,0.0,1,0,0,0,0,0,0
3.4669871646739576,-0.11351559331852545,0.02068644387314822,0.12814777404521527,0.06583423884848302,0.8401212808936951,0.25076700142047015,0.5372200640471412,0.203935996673083,180.0,180.0,0.0,1,0,0,0,0,0,0
2.4839484696736283,-0.9830386950003294,0.0006408883456145986,0.02004555552753362,0.06675120362937723,0.8458406440352663,0.17204270527302395,0.5680545450133478,0.17934678668416829,180.0,180.0,0.0,1,0,0,0,0,0,0
1.1401754250992975,-1.3437730445743308,0.2557989330778556,0.255158044732241,0.1033069080839315,0.8397981249773881,0.08213266256007043,0.5947739489230744,0.15991141044544674,180.0,180.0,0.0,1,0,0,0,0,0,0
1.17046999107218,0.030294565972882603,0.7364079811143605,0.48060904803650484,0.30003736582323803,0.89326754731922,0.22679174050247322,0.6231478903810086,0.15607637504032112,180.0,180.0,0.0,1,0,0,0,0,0,0
2.158703314492644,0.9882333234204639,1.672161927688516,0.9357539465741556,0.7003018765159655,0.8992372842225544,0.5335912354874317,0.6503440006854854,0.19406372343468314,180.0,180.0,0.0,1,0,0,0,0,0,0
2.0099751242240695,-0.14872819026857442,1.165818886302197,0.506343041386319,0.6760066252962396,0.8895327939269345,0.5877535728056601,0.6761883202425603,0.22929355026543577,180.0,180.0,0.0,1,0,0,0,0,0,0
3.522782990761666,1.5128078665375964,0.29057998382199135,0.8752389024802056,0.6023455023116104,0.8876519411419566,0.5726243725190115,0.7017246060306861,0.2656389506565779,180.0,180.0,0.0,1,0,0,0,0,0,0
3.4205262752967758,-0.10225671546489012,1.0996114577209837,0.8090314738989923,0.515200592595927,0.8928290122482867,0.5845044745393728,0.7266297209588006,0.31391332477459366,180.0,180.0,0.0,1,0,0,0,0,0,0
3.413209633174936,-0.007316642121839578,0.2777043954544256,0.8219070622665581,0.6052636048635883,0.8896882331645538,0.5718751328816714,0.7514120651979374,0.37015503152416507,180.0,180.0,0.0,1,0,0,0,0,0,0
3.6345563690776097,0.2213467359026735,0.11551004893055888,0.16219434652386672,0.5008973726821688,0.8927341821763127,0.5746717243638597,0.775554080991144,0.4135945290650529,180.0,180.0,0.0,1,0,0,0,0,0,0
3.5014282800022776,-0.13312808907533213,0.133508110345488,0.01799806141492913,0.4083371613367201,0.8849977753707625,0.5638364318029331,0.7991514527609375,0.44784482131387665,180.0,180.0,0.0,1,0,0,0,0,0,0
2.6076809620795247,-0.8937473179227529,0.26065135105648257,0.12714324071099456,0.410252498629464,0.8680139538557355,0.5399060849601155,0.824199499168501,0.4821949508138853,180.0,180.0,0.0,1,0,0,0,0,0,0
1.118033988749895,-1.4896469733296298,0.09084151938082886,0.16980983167565372,0.08692749857947059,0.8798137372949055,0.553954460596448,0.8451420780370681,0.4805570098634392,180.0,180.0,0.0,1,0,0,0,0,0,0
0.0,-1.118033988749895,1.3269056439513207,1.2360641245704918,0.530341841774883,0.8804142983493003,0.6014123735475082,0.8557733301170038,0.5035874574586037,180.0,180.0,0.0,1,0,0,0,0,0,0
0.0,0.0,1.2997607608017,0.027144883149620602,0.6339514105211912,0.8728001439064996,0.5389092931002784,0.8621189308699329,0.4969524108591263,180.0,180.0,0.0,1,0,0,0,0,0,0
1.6552945357249924,1.6552945357249924,0.20343397354108192,1.0963267872606182,0.6211131525810585,0.867492607494941,0.5131627967495739,0.8655415012597164,0.49146306358760816,180.0,180.0,0.0,1,0,0,0,0,0,0
1.236931687684063,-0.4183628480409294,0.7377809211455342,0.5343469476044522,0.5845434845070673,0.8594436877108332,0.5114139606903859,0.868058753403391,0.4896828618071538,180.0,180.0,0.0,1,0,0,0,0,0,0
0.6324555320342511,-0.6044761556498119,1.551139669166994,0.8133587480214599,0.5479328951439608,0.8494766926508592,0.5801906349627834,0.8696191953847073,0.4929560920619573,180.0,180.0,0.0,1,0,1,0,0,0,0
0.0,-0.6324555320342511,0.0,1.551139669166994,0.67176831026092,0.8381294347470072,0.6034945119084497,0.8702472212445798,0.4996065626016904,180.0,180.0,0.0,1,0,1,0,0,0,0
0.0,0.0,0.0,0.0,0.6613195309508442,0.8236535577907493,0.6142119150030473,0.8697468466638881,0.5156487784285579,180.0,180.0,0.0,1,0,1,0,0,0,0
2.10950231097402,2.10950231097402,1.2753646096932514,1.2753646096932514,0.7134570854529059,0.8173959359684023,0.6319155672613892,0.8686105794176233,0.5461607708401764,180.0,180.0,0.0,1,0,0,0,0,0,0
1.4317821063271272,-0.6777202046468926,0.3432896198080617,0.9320749898851897,0.7315938511193408,0.8095514832615169,0.626417303400614,0.8667961213789359,0.5782949060891642,180.0,180.0,0.0,1,0,0,0,0,0,0
1.476482306022182,0.044700199695054676,0.36682264350957317,0.023533023701511446,0.5221440940643495,0.80989314092829,0.6030818545965726,0.8653008721764811,0.621816565637652,180.0,180.0,0.0,1,0,0,0,0,0,0
1.627882059610194,0.15139975358801205,0.45882601226719744,0.09200336875762427,0.4729057763060745,0.7960938360462655,0.5658140625988792,0.8604421866128333,0.6160729590907712,180.0,180.0,0.0,1,0,1,0,0,0,0
0.0,-1.627882059610194,0.3115408855009107,0.14728512676628674,0.408535664783618,0.8132726411832739,0.5189650279252985,0.8561439544608692,0.5935313845170139,180.0,180.0,0.0,1,0,1,0,0,0,0
0.3000000000010914,0.3000000000010914,0.4530915482698157,0.141550662768905,0.06621642777479028,0.8259354401205836,0.5076684709272473,0.8529640867705519,0.5380417120363872,180.0,180.0,0.0,1,0,1,0,0,0,0
0.09999999999854481,-0.20000000000254659,0.05942440441052965,0.39366714385928603,0.16329073171577368,0.8410932709728339,0.524789966457805,0.8506361532620957,0.4959164367572577,180.0,180.0,0.0,1,0,1,0,0,0,0
2.846049894150391,2.746049894151846,0.07779791483997633,0.018373510429446682,0.19504123305923413,0.6653808699598044,0.3773797332868207,0.8392637461476715,0.4606272705487851,180.0,180.0,0.0,1,0,0,0,0,0,0
5.948108943186523,3.102059049036132,0.6170378349769934,0.539239920137017,0.24044864361394025,0.3546618012363687,0.3668878296259688,0.8125124245512623,0.41749530388408707,180.0,180.0,0.0,1,0,0,0,0,0,0
5.8463663928983385,-0.10174255028818457,1.5783072409005234,0.96126940592353,0.6194122240463501,0.11016443021351746,0.4946806450456215,0.7733839369531225,0.41330457319363767,180.0,180.0,0.0,1,0,0,0,0,0,0
6.9462219947241435,1.099855601825805,0.062296666399819234,1.5160105745007042,0.6592001425724437,0.29682253690225746,0.4443468275989123,0.7439751750296972,0.40787887890559144,180.0,180.0,0.0,1,0,0,0,0,0,0
5.45618914628201,-1.4900328484421337,0.2227380973369799,0.16044143093716068,0.6368831136869696,0.4697977664626072,0.44866072792808537,0.724064365660041,0.39840780516235436,180.0,180.0,0.0,1,0,0,0,0,0,0
5.325410782277438,-0.13077836400457166,0.1860857138250593,0.0366523835119206,0.6200610362044977,0.5608740290139305,0.4546762555374092,0.708117380245992,0.4081994993763692,180.0,180.0,0.0,1,0,0,0,0,0,0
1.4866068747321197,-3.8388039075453184,0.2129071219203511,0.026821408095291793,0.6326279378080633,0.5750733751917099,0.45794289672006866,0.6928503340881125,0.42417171552656807,180.0,180.0,0.0,1,0,0,0,0,0,0
4.91629942131235,3.42969254658023,1.224593329914523,1.011686207994172,0.4755293164855643,0.600022902868112,0.5287425444014823,0.6792114720361931,0.43087108069676266,180.0,180.0,0.0,1,0,0,0,0,0,0
1.9849433241274443,-2.9313560971849055,3.051649061591117,1.8270557316765939,1.2393276278455783,0.6322079383200478,0.9723092093177668,0.6674472385774486,0.5481822007038415,180.0,180.0,0.0,1,0,0,0,0,0,0
5.930430001272771,3.9454866771453263,0.16660835284648323,2.8850407087446337,1.2481202512826195,0.614825832696726,0.9646651698310582,0.6552163458267432,0.656665152660526,180.0,180.0,0.0,1,0,0,0,0,0,0
6.606814663663159,0.6763846623903884,0.7706626812987758,0.6040543284522926,1.1821581515505486,0.5475541034146835,0.9362828093968755,0.6401202163649343,0.7553768445096575,180.0,180.0,0.0,1,0,0,0,0,0,0
6.236986451805275,-0.36982821185788417,0.9194353591721909,0.14877267787341508,1.0904837631310036,0.41887559589735635,0.9342648335028009,0.6191575244224519,0.8403803564613639,180.0,180.0,0.0,1,0,0,0,0,0,0
6.688796603276877,0.4518101514716024,0.010084961892084856,0.909350397280106,1.2187589144416147,0.29531631056706803,0.9280748906651486,0.5927406620612679,0.9003150255008903,180.0,180.0,0.0,1,0,0,0,0,0,0
6.6850579653422955,-0.0037386379345818455,0.47983276796537266,0.4697478060732878,0.38602232055197666,0.19655595697655628,0.9061961450160682,0.5616986631116755,0.8729972432988434,180.0,180.0,0.0,1,0,0,0,0,0,0
5.457105459857788,-1.2279525054845077,0.7062640601982705,0.22643129223289782,0.35436923202328796,0.16770786115818284,0.8891912564503517,0.5296064820065088,0.8447458551324754,180.0,180.0,0.0,1,0,0,0,0,0,0
1.6278820596094121,-3.8292234002483756,0.10267627119184296,0.6035877890064275,0.3875850780615341,0.1639844224499081,0.8956740676068135,0.4973110460825897,0.8214982593181791,180.0,180.0,0.0,1,0,0,0,0,0,0
2.4083189157595166,0.7804368561501045,1.6402409941345801,1.5375647229427372,0.6523845488730616,0.16063723729347545,0.9115986786633951,0.4655382161449502,0.8234739204246789,180.0,180.0,0.0,1,0,0,0,0,0,0
1.4866068747307737,-0.9217120410287429,0.936331660711547,0.7039093334230331,0.5741338612188961,0.17134828949577016,0.9049808325383059,0.433441998560575,0.833334374898012,180.0,180.0,0.0,1,0,0,0,0,0,0
0.7000000000007276,-0.7866068747300461,0.0020560227627776373,0.9342756379487694,0.6673339318076696,0.17524901718540575,0.5255418219489912,0.4009076774138161,0.7761350052942213,180.0,180.0,0.0,1,0,0,0,0,0,0
1.7204650534097095,1.0204650534089819,2.6957468352677085,2.693690812504931,1.1249631064762766,0.15877803292758844,0.8289801409365825,0.3667919155115538,0.7638192908135869,180.0,180.0,0.0,1,0,0,0,0,0,0
2.7202941017464197,0.9998290483367103,1.4672801114941507,1.2284667237735578,0.9870523718172464,0.20969135301299727,0.8527119399368176,0.3440074396642135,0.7443087128402566,180.0,180.0,0.0,1,0,0,0,0,0,0
2.399999999999636,-0.3202941017467835,0.22074107980371638,1.2465390316904343,1.0817048436904415,0.2851407736793959,0.8788034653131447,0.3405313882863648,0.7434308208962005,180.0,180.0,0.0,1,0,0,0,0,0,0
2.9154759474226504,0.5154759474230142,2.845228633292872,2.6244875534891556,1.332891047021996,0.32937901165281686,1.030518275654386,0.35149211735832975,0.7548440341542386,180.0,180.0,0.0,1,0,0,0,0,0,0
4.17252920900476,1.2570532615821097,1.935864597877812,0.9093640354150601,1.0621499296321475,0.30442638457459165,1.034499276137965,0.3518723097419465,0.8224567950622557,180.0,180.0,0.0,1,0,0,0,0,0,0
2.3706539182255866,-1.8018752907791735,1.7359911905383902,0.19987340733942172,0.9478197424131793,0.3020865715228825,1.0249881227550939,0.34348674999496026,0.8818018461012448,180.0,180.0,0.0,1,0,0,0,0,0,0
0.9055385138132194,-1.465115404412367,0.17133596310413968,1.5646552274342507,1.1605325650740448,0.3583464034074646,1.0158323734138868,0.333360368714637,0.9590965948024959,180.0,180.0,0.0,1,0,0,0,0,0,0
0.28284271247436177,-0.6226958013388576,0.0016035316058552462,0.16973243149828443,1.2180555933297703,0.3685822077678425,1.0955508777791239,0.3230358103434436,1.0156636992481667,180.0,180.0,0.0,1,0,0,0,0,0,0
0.3605551275451881,0.07771241507082632,0.0,0.0016035316058552462,0.9790436130071106,0.4693814580530588,1.158887094259407,0.31650373810269095,1.056154674426988,180.0,180.0,0.0,1,0,1,0,0,0,0
0.22360679774835202,-0.13694832979683608,0.01151439763686668,0.01151439763686668,0.7591993669765946,0.4940318085445993,1.1578879805147735,0.3095949316139185,1.0653412179438808,180.0,180.0,0.0,1,0,1,0,0,0,0
0.0,-0.22360679774835202,0.0,0.01151439763686668,0.07531022048666132,0.5130310695500262,1.0566835422461307,0.30450519345658356,0.960375929344919,180.0,180.0,0.0,1,0,1,0,0,0,0
0.0,0.0,0.0,0.0,0.005018382534074657,0.49334031926607314,1.0616018148282669,0.301794504249153,0.862172530416602,180.0,180.0,0.0,1,0,1,0,0,0,0
0.0,0.0,0.0,0.0,0.0051493951673396,0.42207917806604456,1.074708886582602,0.3019546833575874,0.7545169855642918,180.0,180.0,0.0,1,0,0,0,0,0,0
0.0,0.0,0.0,0.0,0.0051493951673396,0.35412147680457773,0.767652690889441,0.3048949416694629,0.6217428203788262,180.0,180.0,0.0,1,0,0,0,0,0,0
0.0,0.0,0.0,0.0,3.801481684083656e-08,0.2855578494882029,0.5451142231891968,0.30934503629504523,0.5155278312170932,180.0,180.0,0.0,1,0,0,0,0,0,0
1.1661903789692474,1.1661903789692474,0.008190740928990747,0.008190740928990747,0.0036630107008597903,0.2115067495304551,0.05359006715939601,0.31153498071365887,0.4211121580458611,180.0,180.0,0.0,1,0,0,0,0,0,0
0.0,-1.1661903789692474,0.0,0.008190740928990747,0.0036630107008597907,0.16704539474536834,0.004174458861327058,0.3116880293284318,0.3054252026085427,180.0,180.0,0.0,1,0,0,0,0,0,0
0.9999999999996362,0.9999999999996362,0.023804241042649776,0.023804241042649776,0.010356089444320506,0.07633189300788565,0.008006975223909878,0.30747276211415236,0.1846552522199977,180.0,180.0,0.0,1,0,0,0,0,0,0
2.1023796041632443,1.102379604163608,1.2636492857125825,1.2398450446699327,0.5616280872904039,0.04948563933099705,0.39814981143772127,0.3013796296059137,0.14291369964832704,180.0,180.0,0.0,1,0,0,0,0,0,0
0.0,-2.1023796041632443,0.0,1.2636492857125825,0.5616280872904039,0.04028552344233341,0.3985492916081466,0.29463145491876014,0.12315657167970795,180.0,180.0,0.0,1,0,1,0,0,0,0
0.14142135623782398,0.14142135623782398,0.35149773095617265,0.35149773095617265,0.5439886416576454,0.11847295408983186,0.4013430544101376,0.2926162009768723,0.17002441379680636,180.0,180.0,0.0,1,0,1,0,0,0,0
0.0,-0.14142135623782398,0.0,0.35149773095617265,0.5439886416576454,0.24545593111640454,0.4013430544101376,0.29440442988204263,0.22392143970916342,180.0,180.0,0.0,1,0,1,0,0,0,0
1.264911064067927,1.264911064067927,0.23087667673765158,0.23087667673765158,0.5225187835588112,0.07122631051064521,0.39743658161220957,0.2837087067236051,0.2756583785483106,180.0,180.0,0.0,1,0,1,0,0,0,0
0.22360679775079245,-1.0413042663171346,0.31519731708755216,0.08432064034990058,0.1696150370711229,0.21477535733741904,0.3933654862391918,0.27797852400783524,0.2921049427386889,180.0,180.0,0.0,1,0,1,0,0,0,0
0.6082762530302407,0.38466945527944824,0.2214946727580389,0.09370264432951325,0.13674978342558564,0.14363458819083874,0.3858071511957699,0.26993893418864756,0.3057799172797658,180.0,180.0,0.0,1,0,1,0,0,0,0
0.0,-0.6082762530302407,0.0,0.2214946727580389,0.14481103811237422,0.4665404366798355,0.3863657274395397,0.2781616274464952,0.31989472002091723,180.0,180.0,0.0,1,0,1,0,0,0,0
0.1000000000003638,0.1000000000003638,0.003268585386245304,0.003268585386245304,0.14394959922353226,0.3889443421574124,0.386140836450625,0.2796915243839926,0.33392337887318446,180.0,180.0,0.0,1,0,0,0,0,0,0
2.915475947421777,2.815475947421413,1.6247731904604612,1.621504605074216,0.6802744643861053,0.00989469733905309,0.5728442211445117,0.26175714886255314,0.40091521636736294,180.0,180.0,0.0,1,0,0,0,0,0,0
2.459674775250582,-0.45580117217119476,1.9844532733878921,0.3596800829274309,0.9600934655986068,0.2206032463415141,0.7199112568286711,0.2493182382769759,0.4407617541981833,180.0,180.0,0.0,1,0,0,0,0,0,0
0.0,-2.459674775250582,1.2243376140989235,0.7601156592889686,0.9216786247153683,0.20914756849250954,0.7344647758594373,0.2350740262743714,0.4767668079406797,180.0,180.0,0.0,1,0,0,0,0,0,0
0.0,0.0,0.0,1.2243376140989235,0.9216786247153683,0.20914756849250954,0.7555526192125408,0.2198798512214956,0.514535806246452,180.0,180.0,0.0,1,0,0,0,0,0,0
1.4212670403552408,1.4212670403552408,2.09729470539332,2.09729470539332,0.8467924324097063,0.23140830095476506,0.8657496539292407,0.2067832503059302,0.5448161853216581,180.0,180.0,0.0,1,0,0,0,0,0,0
0.5,-0.9212670403552408,0.01851635823659148,2.0787783471567285,1.0205106732395497,0.224818689101836,0.8828827919751359,0.19692022585771973,0.594615374289732,180.0,180.0,0.0,1,0,0,0,0,0,0
0.31622776601626273,-0.18377223398373727,0.00344228039070682,0.01507407784588466,0.9568283911367262,0.20002857596865187,0.905124253339014,0.18921558081592343,0.6733367096962922,180.0,180.0,0.0,1,0,0,0,0,0,0
0.1000000000003638,-0.21622776601589894,0.12359295409534887,0.12015067370464205,0.9230659647331557,0.2055101070254388,0.9115947915797106,0.18521319369278524,0.7519683278270493,180.0,180.0,0.0,1,0,0,0,0,0,0
1.389244398943488,1.2892443989431241,0.09480656460651149,0.028786389488837383,0.9124608358394176,0.35365044881287394,0.9038740708976701,0.19232037865690618,0.8287333075997536,180.0,180.0,0.0,1,0,0,0,0,0,0
3.2388269481410483,1.8495825491975604,1.263770589388118,1.1689640247816064,0.5406601643068583,0.42182863995354986,0.8808091757303889,0.20505954091731526,0.8684043641080862,180.0,180.0,0.0,1,0,0,0,0,0,0
2.1189620100413484,-1.1198649380997,0.15256019180146485,1.1112103975866532,0.5262946385951579,0.457137455560349,0.8584668811222944,0.22409981904493842,0.8530063815289914,180.0,180.0,0.0,1,0,0,0,0,0,0
6.020797289396148,3.9018352793547995,1.2735194978324769,1.1209593060310121,0.6274796315193503,0.33357884893065576,0.7641958173154074,0.23830447952492134,0.8197449981210658,180.0,180.0,0.0,1,0,0,0,0,0,0
6.946221994726264,0.9254247053301157,0.8273561504181023,0.4461633474143746,0.5758518769134833,0.3363857297852349,0.7395258527295793,0.2531094898420664,0.7851623233408773,180.0,180.0,0.0,1,0,0,0,0,0,0
6.451356446514468,-0.49486554821179585,0.01927576160008257,0.8080803888180197,0.5970324788475376,0.43784667175691827,0.7378534487734515,0.26907817572542075,0.7526977087540943,180.0,180.0,0.0,1,0,0,0,0,0,0
6.573431371818118,0.12207492530365016,0.5931463067920192,0.5738705451919366,0.5097083747312168,0.523307246889689,0.515740545574738,0.28297074151408497,0.7189893029862453,180.0,180.0,0.0,1,0,0,0,0,0,0
6.830812543175338,0.2573811713572205,0.19582181859430847,0.3973244881977107,0.5010776132044096,0.5983995201404618,0.5026363718219974,0.3093294019955758,0.6670459969827313,180.0,180.0,0.0,1,0,0,0,0,0,0
6.432728814429664,-0.3980837287456742,0.21063618217611088,0.014814363581802409,0.3307976897070099,0.6276788596393544,0.4859605015916281,0.3299745771106726,0.6044429268397596,180.0,180.0,0.0,1,0,0,0,0,0,0
6.8709533545221095,0.4382245400924454,0.1695565408772115,0.04107964129889938,0.2128268001587729,0.6624285199599524,0.4824675893494494,0.35591427369912826,0.5334190103823213,180.0,180.0,0.0,1,0,0,0,0,0,0
6.428841264176832,-0.44211209034527776,0.17223233786371253,0.002675796986501028,0.18240243271976567,0.6888980193989832,0.4761786880894563,0.3670321528350856,0.46041317007035615,180.0,180.0,0.0,1,0,0,0,0,0,0
6.389053137985555,-0.039788126191276696,0.07498935643864657,0.09724298142506596,0.05293157890716304,0.7143798515429449,0.4038217217977435,0.3833039283043623,0.4116403115303867,180.0,180.0,0.0,1,0,0,0,0,0,0
6.5787536813603396,0.18970054337478448,0.062479191825130176,0.012510164613516395,0.06541676886409994,0.7944613357459239,0.4101393914134516,0.4225322602247058,0.3655525245572809,180.0,180.0,0.0,1,0,0,0,0,0,0
6.51920240520103,-0.05955127615930955,0.2682138734890851,0.20573468166395492,0.08386963793605297,0.8593632308636276,0.25529358817592746,0.4544702594508115,0.3111915251989511,180.0,180.0,0.0,1,0,0,0,0,0,0
6.466065264131115,-0.053137141069915295,0.8221916331005694,0.5539777596114843,0.31427265729113546,0.8692403497122423,0.2540189427836865,0.4874748985117982,0.28503360323671634,180.0,180.0,0.0,1,0,0,0,0,0,0
6.021627686929543,-0.4444375772015716,1.5623370183399596,0.7401453852393902,0.6405673674064268,0.8734846268173064,0.4695501541699949,0.520691751428038,0.28938709209260527,180.0,180.0,0.0,1,0,0,0,0,0,0
3.2310988842809727,-2.7905288026485704,1.1368173322077475,0.42551968613221214,0.6159243158904933,0.8815445397743762,0.5213255229396125,0.5531985633690185,0.3000086862085329,180.0,180.0,0.0,1,0,0,0,0,0,0
3.0083217912994136,-0.22277709298155912,8.044843943810775e-05,1.1367368837683094,0.6342147992788892,0.8811550679600304,0.5361254019219444,0.5860153823119283,0.3133224048159809,180.0,180.0,0.0,1,0,0,0,0,0,0
3.0083217912977207,-1.6928680679484387e-12,1.554041660653064,1.553961212213626,0.6465717099934202,0.8807861874701008,0.6301245020448449,0.6200532628870008,0.34489980684462196,180.0,180.0,0.0,1,0,0,0,0,0,0
3.4713109915429516,0.46298920024523094,0.3035839758722322,1.250457684780832,0.7224029207892381,0.8519303533470602,0.6217397402104883,0.6523742752030818,0.3958574189076684,180.0,180.0,0.0,1,0,0,0,0,0,0
3.2557641192201645,-0.21554687232278713,0.49052557338750347,0.18694159751527128,0.6346385608277607,0.8303786104310922,0.60558975786172,0.6762106832839927,0.4410810317184679,180.0,180.0,0.0,1,0,0,0,0,0,0
0.6708203932499369,-2.5849437259702275,0.4002507387731846,0.09027483461431884,0.591014723695112,0.8305409581110887,0.5808450160948175,0.6966462991918696,0.4948893461972628,180.0,180.0,0.0,1,0,0,0,0,0,0
2.7313000567496792,2.060479663499742,1.608325417294667,1.2080746785214824,0.6516365331046273,0.7833980225199565,0.6091517877810508,0.71295932753985,0.5535113226213155,180.0,180.0,0.0,1,0,0,0,0,0,0
1.910497317453804,-0.8208027392958752,2.4262174931691676,0.8178920758745005,0.9351384205918717,0.7539611774517305,0.7581050645810778,0.7339784439659037,0.6386382008868974,180.0,180.0,0.0,1,0,0,0,0,0,0
2.0000000000007274,0.0895026825469234,0.8661172552880931,1.5601002378810744,0.8538251824115067,0.7156508797145814,0.7568906782052691,0.752941701462371,0.6925934533989346,180.0,180.0,0.0,1,0,0,0,0,0,0
0.7071067811865476,-1.29289321881418,1.0436552196219522,0.17753796433385904,0.7781571310766311,0.6911592402467949,0.7341557750132363,0.7656073298868649,0.706352429765955,180.0,180.0,0.0,1,0,0,0,0,0,0
1.772004514665888,1.0648977334793406,1.8149017325738521,0.7712465129518999,0.6255788382843969,0.6443104033772235,0.7798386863376915,0.7716574877112417,0.7073178820053453,180.0,180.0,0.0,1,0,0,0,0,0,0
0.6403124237430576,-1.1316920909228303,1.6879901100839048,0.12691162248994736,0.6283852209457327,0.6133232581990717,0.7063625592846261,0.7724036746141721,0.7067349241720298,180.0,180.0,0.0,1,0,0,0,0,0,0
1.2727922061365573,0.6324797823934997,0.3636924071991232,1.3242977028847815,0.6003263680480079,0.5838721025521385,0.7430771600211319,0.7702133367598114,0.7021103899774885,180.0,180.0,0.0,1,0,0,0,0,0,0
0.0,-1.2727922061365573,0.025356961874019035,0.3383354453251042,0.7895074166874503,0.5545001891990827,0.7804986889467003,0.7648169202217678,0.7088208395673097,180.0,180.0,0.0,1,0,0,0,0,0,0
0.0,0.0,0.0,0.025356961874019035,0.9009235225723302,0.5342109535373979,0.8346858193209002,0.7570825669286886,0.7354493357417666,180.0,180.0,0.0,1,0,0,0,0,0,0
0.7071067811873192,0.7071067811873192,2.8605098131492075,2.8605098131492075,1.253880331475353,0.5178596930356741,0.980387678767152,0.747256559003325,0.8017358965197907,180.0,180.0,0.0,1,0,0,0,0,0,0
1.2806248474861153,0.5735180662987961,1.5811865972984522,1.2793232158507553,1.2397945023165473,0.5202200378785519,0.9793831286262393,0.7335444941099565,0.8605516934409827,180.0,180.0,0.0,1,0,0,0,0,0,0
1.3453624047071275,0.06473755722101227,0.4020945798790159,1.1790920174194364,1.2352398671107057,0.5403467066044886,0.9205758997977324,0.7175936678969995,0.8905618380928662,180.0,180.0,0.0,1,0,0,0,0,0,0
0.3605551275477106,-0.984807277159417,0.11769077130080413,0.2844038085782118,1.218086446154809,0.5455416340269952,0.9677174295029691,0.7014087321127371,0.9269879644671963,180.0,180.0,0.0,1,0,0,0,0,0,0
0.0,-0.3605551275477106,0.0,0.11769077130080413,1.218086446154809,0.5488295577151587,1.0163104749866358,0.6851759786576298,0.9709808959750141,180.0,180.0,0.0,1,0,0,0,0,0,0
0.0,0.0,0.0,0.0,0.6694896561253213,0.5496153175755012,0.9936658416652049,0.6685795175476861,0.9753719777591066,180.0,180.0,0.0,1,0,0,0,0,0,0
0.0,0.0,0.0,0.0,0.17428124293597846,0.5685634917970313,0.9503388530137118,0.6529499387395361,0.9299615799581311,180.0,180.0,0.0,1,0,0,0,0,0,0
0.0,0.0,0.0,0.0,0.0526329129906042,0.618516755029165,0.9644794534710711,0.6398364671174892,0.8751922344523908,180.0,180.0,0.0,1,0,0,0,0,0,0
0.0,0.0,0.0,0.0,2.9656446218659465e-08,0.564709469897425,0.965894432253248,0.6254754229450075,0.7962414957492904,180.0,180.0,0.0,1,0,0,0,0,0,0
0.41231056256150134,0.41231056256150134,1.6644666266067942,1.6644666266067942,0.744372104674511,0.49398214688386277,1.013153962312737,0.608655599767646,0.7805863539595085,180.0,180.0,0.0,1,0,0,0,0,0,0
0.8602325267048547,0.4479219641433534,0.6621273540380925,1.0023392725687017,0.7290839927434092,0.4714030682681731,0.6603206294145445,0.5906987052755003,0.7281067200863142,180.0,180.0,0.0,1,0,0,0,0,0,0
2.08086520466696,1.2206326779621053,0.6042311520434638,0.05789620199462875,0.6811772672134478,0.40412492731868915,0.533210086471284,0.5717350505154368,0.6722449965760042,180.0,180.0,0.0,1,0,0,0,0,0,0
1.0000000000010913,-1.0808652046658687,0.3641427952706371,0.2400883567728267,0.619514793052778,0.35347485483094654,0.5328940088888428,0.5517107343843977,0.6106724891702113,180.0,180.0,0.0,1,0,0,0,0,0,0
1.7088007490639745,0.7088007490628832,0.8408859419200746,0.4767431466494375,0.4981437456248604,0.2093160208133095,0.5480386734650536,0.5263939914393341,0.5386782191172165,180.0,180.0,0.0,1,0,0,0,0,0,0
0.8062257748291781,-0.9025749742347964,0.4455235105413462,0.3953624313787284,0.18709261746122402,0.11230282246848737,0.5284395834363754,0.4974511705504187,0.435578836247858,180.0,180.0,0.0,1,0,1,0,0,0,0
0.0,-0.8062257748291781,0.0015405191079229663,0.44398299143342324,0.3102734576245591,0.04087328595625672,0.5282913901418286,0.4672793146793704,0.3996572163977818,180.0,180.0,0.0,1,0,0,0,0,0,0
2.4758836806292823,2.4758836806292823,0.733278632005133,0.73173811289721,0.3308628584399412,0.2472518046449564,0.5081166510239403,0.44897574200166457,0.4153153779481781,180.0,180.0,0.0,1,0,0,0,0,0,0
1.9849433241274443,-0.490940356501838,2.065757397587156,1.3324787655820232,0.7697309598272258,0.45185817228372704,0.6639834820685616,0.4423750454882439,0.48702518263184025,180.0,180.0,0.0,1,0,0,0,0,0,0
1.0049875621121254,-0.979955762015319,0.5566487759420768,1.5091086216450793,0.7780139569032972,0.47372147306013185,0.6168835231476844,0.43833610968129644,0.5648265753565254,180.0,180.0,0.0,1,0,0,0,0,0,0
0.7071067811873192,-0.2978807809248062,0.1442223487502694,0.41242642719180744,0.8190977253625065,0.41849825447836353,0.5635075929533958,0.43255047472834474,0.5722991374253249,180.0,180.0,0.0,1,0,0,0,0,0,0
0.3605551275467016,-0.3465516536406176,0.8071308493798138,0.6629085006295444,0.7205994134220568,0.38320438965656867,0.5659481089556174,0.4258177095593895,0.5714506794931896,180.0,180.0,0.0,1,0,0,0,0,0,0
0.0,-0.3605551275467016,0.0,0.8071308493798138,0.8208411189199376,0.4440217062225746,0.6031609414679073,0.4220077929765906,0.5854170646638386,180.0,180.0,0.0,1,0,0,0,0,0,0
0.14142135623782398,0.14142135623782398,0.0,0.0,0.363078559989547,0.5256238163985558,0.6291407744041566,0.42127164846629395,0.5597734413575155,180.0,180.0,0.0,1,0,0,0,0,1,0
0.0,-0.14142135623782398,0.0,0.0,0.35044461487557443,0.5569684405886745,0.6433863785408559,0.4218429887943779,0.5450035282825869,180.0,180.0,0.0,1,0,0,0,0,0,0
0.0,0.0,0.0,0.0,0.3609598891900823,0.5569684405886745,0.6608737327716998,0.4222499329380537,0.5623902554554727,180.0,180.0,0.0,1,0,0,0,0,0,0
0.0,0.0,0.0,0.0,0.0,0.5569684405886745,0.660985097747448,0.4226175890887124,0.5313629096930168,180.0,180.0,0.0,1,0,0,0,0,0,0
0.0,0.0,0.0,0.0,0.0,0.5569684405886745,0.6643540032485373,0.4220378365282945,0.4982766238490227,180.0,180.0,0.0,1,0,0,0,0,0,0
0.0,0.0,0.0,0.0,0.0,0.5569684405886745,0.28958037807161335,0.41896042080627005,0.42130352786630015,180.0,180.0,0.0,1,0,0,0,0,0,0
0.0,0.0,0.0,0.0,0.0,0.5569684405886745,0.2542424484053656,0.41857336934083256,0.3435021321759704,180.0,180.0,0.0,1,0,0,0,0,0,0
0.0,0.0,0.0,0.0,0.0,0.605855445867513,0.25523718538265244,0.424167034290015,0.2615923596397198,180.0,180.0,0.0,1,0,0,0,0,0,0
0.0,0.0,0.0,0.0,0.0,0.6057502931715016,0.0,0.43088439553518143,0.18953241829751408,180.0,180.0,0.0,1,0,0,0,0,0,0
0.0,0.0,0.0,0.0,0.0,0.6343270880945614,0.0,0.44239450357397503,0.10744830640552032,180.0,180.0,0.0,1,0,0,0,0,0,0
0.0,0.0,0.0,0.0,0.0,0.7080492876896918,0.0,0.46012322521691235,0.07114045040656562,180.0,180.0,0.0,1,0,0,0,0,0,0
0.0,0.0,0.0,0.0,0.0,0.6659383997332534,0.0,0.4829543441629095,0.036095988919008185,180.0,180.0,0.0,1,0,0,0,0,0,0
0.0,0.0,0.0,0.0,0.0,0.0,0.0,0.0,0.0,180.0,180.0,0.0,1,0,0,0,0,0,0
0.0,0.0,0.0,0.0,0.0,0.0,0.0,0.0,0.0,180.0,180.0,0.0,1,0,0,0,0,0,0
