jogador_sessao,tempo_run_s,janela_analise_10s,vel_posicao,acel_linear,vel_rotacao,jitter_mira,entropia_mov,eficiencia_trajeto,var_camera_durante_corrida,eficiencia_mean_20s,entropia_mean_10s,travado_min_5s,travado_em_player,distancia_alvo,tem_visao,alvo_encontrado,alvo_na_mira,mirando,mirando_ads,mirando_alvo,alvo_oculto_na_mira,mirando_alvo_oculto,alvo_oculto_300m_na_mira,mirando_alvo_oculto_300m,duracao_mirando_alvo_s,duracao_rastreando_oculto_s,duracao_mirando_oculto_s,duracao_observando_oculto_300m_s,duracao_mirando_oculto_300m_s,taxa_alvo_na_mira_10s,taxa_alvo_oculto_10s,taxa_mirando_alvo_10s,taxa_mira_oculta_10s,taxa_visao_direta_10s,angulo_medio_alvo_10s,angulo_minimo_alvo_10s,distancia_media_alvo_10s,vel_rotacao_media_10s,vel_rotacao_std_10s,jitter_medio_10s,persistencia_oculta_max_10s,persistencia_mira_oculta_max_10s,taxa_alvo_oculto_300m_10s,taxa_mira_oculta_300m_10s,persistencia_oculta_300m_max_10s,persistencia_mira_oculta_300m_max_10s,perseguindo_player,duracao_perseguicao_oculta_s,duracao_speedhack_s,tracking_oculto_suspeito,mira_armada_oculta_suspeita,wallhack_suspeito,alerta_speedhack,alerta_aimbot,alerta_lockon,esp_oculto_longa_distancia,pontos_evento,pontos_suspeita_60s,tipos_evidencia_60s,nivel_suspeita,candidato_revisao,candidato_banimento
1,0.0,0,0.0,0.0,0.0,0.0,0.0,0.0,0.0,0.0,0.0,6.55389,6.55389,3.01952,1,1,0,0,0,0,0,0,0,0,0.0,0.0,0.0,0.0,0.0,0.0,0.0,0.0,0.0,1.0,6.55389,6.55389,3.01952,0.0,0.0,0.0,0.0,0.0,0.0,0.0,0.0,0.0,0,0.0,0.0,0,0,0,0,0,0,0,0,0,0,0,0,0
1,0.759,0,0.0,0.0,0.0,0.0,0.0,0.0,0.0,0.0,0.0,6.55389,22.6944,3.28144,1,1,0,0,0,0,0,0,0,0,0.0,0.0,0.0,0.0,0.0,0.0,0.0,0.0,0.0,1.0,14.624145,6.55389,3.15048,0.0,0.0,0.0,0.0,0.0,0.0,0.0,0.0,0.0,0,0.0,0.0,0,0,0,0,0,0,0,0,0,0,0,0,0
1,1.761,0,0.0,0.0,0.0,0.0,0.0,0.0,0.0,0.0,0.0,6.55389,22.7048,3.28016,1,1,0,0,0,0,0,0,0,0,0.0,0.0,0.0,0.0,0.0,0.0,0.0,0.0,0.0,1.0,17.317696666666667,6.55389,3.193706666666667,0.0,0.0,0.0,0.0,0.0,0.0,0.0,0.0,0.0,0,0.0,0.0,0,0,0,0,0,0,0,0,0,0,0,0,0
1,2.756,0,0.0,0.0,0.0,0.0,0.0,0.0,0.0,0.0,0.0,6.55389,22.7226,3.27797,1,1,0,0,0,0,0,0,0,0,0.0,0.0,0.0,0.0,0.0,0.0,0.0,0.0,0.0,1.0,18.6689225,6.55389,3.2147725,0.0,0.0,0.0,0.0,0.0,0.0,0.0,0.0,0.0,0,0.0,0.0,0,0,0,0,0,0,0,0,0,0,0,0,0
1,3.757,0,0.0,0.0,0.0,0.0,0.0,0.0,0.0,0.0,0.0,6.55389,22.8055,3.27081,1,1,0,0,0,0,0,0,0,0,0.0,0.0,0.0,0.0,0.0,0.0,0.0,0.0,0.0,1.0,19.496237999999998,6.55389,3.22598,0.0,0.0,0.0,0.0,0.0,0.0,0.0,0.0,0.0,0,0.0,0.0,0,0,0,0,0,0,0,0,0,0,0,0,0
1,4.76,0,0.0,0.0,0.0,0.0,0.0,0.0,0.0,0.0,0.0,22.6944,22.7049,3.27883,1,1,0,0,0,0,0,0,0,0,0.0,0.0,0.0,0.0,0.0,0.0,0.0,0.0,0.0,1.0,20.031015,6.55389,3.234788333333333,0.0,0.0,0.0,0.0,0.0,0.0,0.0,0.0,0.0,0,0.0,0.0,0,0,0,0,0,0,0,0,0,0,0,0,0
1,5.758,0,0.0,0.0,0.0,0.0,0.0,0.0,0.0,0.0,0.0,22.7048,22.7548,3.27494,1,1,0,0,0,0,0,0,0,0,0.0,0.0,0.0,0.0,0.0,0.0,0.0,0.0,0.0,1.0,20.420127142857144,6.55389,3.2405242857142857,0.0,0.0,0.0,0.0,0.0,0.0,0.0,0.0,0.0,0,0.0,0.0,0,0,0,0,0,0,0,0,0,0,0,0,0
1,6.764,0,0.0,0.0,0.0,0.0,0.0,0.0,0.0,0.0,0.0,22.7042,22.7042,3.28139,1,1,0,0,0,0,0,0,0,0,0.0,0.0,0.0,0.0,0.0,0.0,0.0,0.0,0.0,1.0,20.705636249999998,6.55389,3.2456325,0.0,0.0,0.0,0.0,0.0,0.0,0.0,0.0,0.0,0,0.0,0.0,0,0,0,0,0,0,0,0,0,0,0,0,0
1,7.761,0,0.0,0.0,0.0,0.0,0.0,0.0,0.0,0.0,0.0,22.6952,22.6952,3.28171,1,1,0,0,0,0,0,0,0,0,0.0,0.0,0.0,0.0,0.0,0.0,0.0,0.0,0.0,1.0,20.926698888888886,6.55389,3.249641111111111,0.0,0.0,0.0,0.0,0.0,0.0,0.0,0.0,0.0,0,0.0,0.0,0,0,0,0,0,0,0,0,0,0,0,0,0
1,8.765,0,0.0,0.0,0.0,0.0,0.0,0.0,0.0,0.0,0.0,22.6952,22.7246,3.27886,1,1,0,0,0,0,0,0,0,0,0.0,0.0,0.0,0.0,0.0,0.0,0.0,0.0,0.0,1.0,21.106489,6.55389,3.252563,0.0,0.0,0.0,0.0,0.0,0.0,0.0,0.0,0.0,0,0.0,0.0,0,0,0,0,0,0,0,0,0,0,0,0,0
1,9.774,0,0.0,0.0,0.0,0.0,0.0,0.0,0.0,0.0,0.0,22.6952,22.7064,3.27911,1,1,0,0,0,0,0,0,0,0,0.0,0.0,0.0,0.0,0.0,0.0,0.0,0.0,0.0,1.0,22.72174,22.6944,3.278522,0.0,0.0,0.0,0.0,0.0,0.0,0.0,0.0,0.0,0,0.0,0.0,0,0,0,0,0,0,0,0,0,0,0,0,0
1,10.767,1,0.0,0.0,0.0,0.0,0.0,0.0,0.0,0.0,0.0,22.6952,22.8089,3.27065,1,1,0,0,0,0,0,0,0,0,0.0,0.0,0.0,0.0,0.0,0.0,0.0,0.0,0.0,1.0,22.73319,22.6952,3.2774430000000003,0.0,0.0,0.0,0.0,0.0,0.0,0.0,0.0,0.0,0,0.0,0.0,0,0,0,0,0,0,0,0,0,0,0,0,0
1,11.768,1,0.0,0.0,0.0,0.0,0.0,0.0,0.0,0.0,0.0,22.6952,22.712,3.2785,1,1,0,0,0,0,0,0,0,0,0.0,0.0,0.0,0.0,0.0,0.0,0.0,0.0,0.0,1.0,22.73391,22.6952,3.277277,0.0,0.0,0.0,0.0,0.0,0.0,0.0,0.0,0.0,0,0.0,0.0,0,0,0,0,0,0,0,0,0,0,0,0,0
1,12.776,1,0.0,0.0,0.0,0.0,0.0,0.0,0.0,0.0,0.0,22.7064,22.7448,3.27598,1,1,0,0,0,0,0,0,0,0,0.0,0.0,0.0,0.0,0.0,0.0,0.0,0.0,0.0,1.0,22.73613,22.6952,3.2770780000000004,0.0,0.0,0.0,0.0,0.0,0.0,0.0,0.0,0.0,0,0.0,0.0,0,0,0,0,0,0,0,0,0,0,0,0,0
1,13.768,1,0.0,0.0,0.0,0.0,0.0,0.0,0.0,0.0,0.0,22.7041,22.7041,3.28114,1,1,0,0,0,0,0,0,0,0,0.0,0.0,0.0,0.0,0.0,0.0,0.0,0.0,0.0,1.0,22.72599,22.6952,3.278111,0.0,0.0,0.0,0.0,0.0,0.0,0.0,0.0,0.0,0,0.0,0.0,0,0,0,0,0,0,0,0,0,0,0,0,0
1,14.767,1,0.0,0.0,0.0,0.0,0.0,0.0,0.0,0.0,0.0,22.6869,22.6869,3.28279,1,1,0,0,0,0,0,0,0,0,0.0,0.0,0.0,0.0,0.0,0.0,0.0,0.0,0.0,1.0,22.72419,22.6869,3.2785070000000003,0.0,0.0,0.0,0.0,0.0,0.0,0.0,0.0,0.0,0,0.0,0.0,0,0,0,0,0,0,0,0,0,0,0,0,0
1,15.776,1,0.0,0.0,0.0,0.0,0.0,0.0,0.0,0.0,0.0,22.6869,22.7379,3.27765,1,1,0,0,0,0,0,0,0,0,0.0,0.0,0.0,0.0,0.0,0.0,0.0,0.0,0.0,1.0,22.7225,22.6869,3.278778,0.0,0.0,0.0,0.0,0.0,0.0,0.0,0.0,0.0,0,0.0,0.0,0,0,0,0,0,0,0,0,0,0,0,0,0
1,16.771,1,0.0,0.0,0.0,0.0,0.0,0.0,0.0,0.0,0.0,22.6869,22.6877,3.28019,1,1,0,0,0,0,0,0,0,0,0.0,0.0,0.0,0.0,0.0,0.0,0.0,0.0,0.0,1.0,22.720850000000002,22.6869,3.278658,0.0,0.0,0.0,0.0,0.0,0.0,0.0,0.0,0.0,0,0.0,0.0,0,0,0,0,0,0,0,0,0,0,0,0,0
1,17.781,1,0.0,0.0,0.0,0.0,0.0,0.0,0.0,0.0,0.0,22.6869,22.8138,3.26998,1,1,0,0,0,0,0,0,0,0,0.0,0.0,0.0,0.0,0.0,0.0,0.0,0.0,0.0,1.0,22.732710000000004,22.6869,3.277485,0.0,0.0,0.0,0.0,0.0,0.0,0.0,0.0,0.0,0,0.0,0.0,0,0,0,0,0,0,0,0,0,0,0,0,0
1,18.782,1,0.0,0.0,0.0,0.0,0.0,0.0,0.0,0.0,0.0,22.6869,22.7377,3.2763,1,1,0,0,0,0,0,0,0,0,0.0,0.0,0.0,0.0,0.0,0.0,0.0,0.0,0.0,1.0,22.73402,22.6869,3.2772289999999997,0.0,0.0,0.0,0.0,0.0,0.0,0.0,0.0,0.0,0,0.0,0.0,0,0,0,0,0,0,0,0,0,0,0,0,0
1,19.78,1,0.0,0.0,0.0,0.0,0.0,0.0,0.0,0.0,0.0,22.6877,22.7305,3.27716,1,1,0,0,0,0,0,0,0,0,0.0,0.0,0.0,0.0,0.0,0.0,0.0,0.0,0.0,1.0,22.736430000000002,22.6869,3.2770340000000004,0.0,0.0,0.0,0.0,0.0,0.0,0.0,0.0,0.0,0,0.0,0.0,0,0,0,0,0,0,0,0,0,0,0,0,0
1,20.784,2,0.0,0.0,0.0,0.0,0.0,0.0,0.0,0.0,0.0,22.6877,22.7148,3.27987,1,1,0,0,0,0,0,0,0,0,0.0,0.0,0.0,0.0,0.0,0.0,0.0,0.0,0.0,1.0,22.727020000000003,22.6869,3.2779560000000005,0.0,0.0,0.0,0.0,0.0,0.0,0.0,0.0,0.0,0,0.0,0.0,0,0,0,0,0,0,0,0,0,0,0,0,0
1,21.782,2,0.0,0.0,0.0,0.0,0.0,0.0,0.0,0.0,0.0,22.6842,22.6842,3.28322,1,1,0,0,0,0,0,0,0,0,0.0,0.0,0.0,0.0,0.0,0.0,0.0,0.0,0.0,1.0,22.72424,22.6842,3.2784280000000003,0.0,0.0,0.0,0.0,0.0,0.0,0.0,0.0,0.0,0,0.0,0.0,0,0,0,0,0,0,0,0,0,0,0,0,0
1,22.788,2,0.0,0.0,0.0,0.0,0.0,0.0,0.0,0.0,0.0,22.6842,22.7339,3.2778,1,1,0,0,0,0,0,0,0,0,0.0,0.0,0.0,0.0,0.0,0.0,0.0,0.0,0.0,1.0,22.723149999999997,22.6842,3.2786099999999996,0.0,0.0,0.0,0.0,0.0,0.0,0.0,0.0,0.0,0,0.0,0.0,0,0,0,0,0,0,0,0,0,0,0,0,0
1,23.782,2,0.0,0.0,0.0,0.0,0.0,0.0,0.0,0.0,0.0,22.677,22.677,3.28097,1,1,0,0,0,0,0,0,0,0,0.0,0.0,0.0,0.0,0.0,0.0,0.0,0.0,0.0,1.0,22.720440000000004,22.677,3.278593,0.0,0.0,0.0,0.0,0.0,0.0,0.0,0.0,0.0,0,0.0,0.0,0,0,0,0,0,0,0,0,0,0,0,0,0
1,24.782,2,0.0,0.0,0.0,0.0,0.0,0.0,0.0,0.0,0.0,22.677,22.7987,3.2714,1,1,0,0,0,0,0,0,0,0,0.0,0.0,0.0,0.0,0.0,0.0,0.0,0.0,0.0,1.0,22.73162,22.677,3.277454,0.0,0.0,0.0,0.0,0.0,0.0,0.0,0.0,0.0,0,0.0,0.0,0,0,0,0,0,0,0,0,0,0,0,0,0
1,25.788,2,0.0,0.0,0.0,0.0,0.0,0.0,0.0,0.0,0.0,22.677,22.7584,3.27477,1,1,0,0,0,0,0,0,0,0,0.0,0.0,0.0,0.0,0.0,0.0,0.0,0.0,0.0,1.0,22.73367,22.677,3.277166,0.0,0.0,0.0,0.0,0.0,0.0,0.0,0.0,0.0,0,0.0,0.0,0,0,0,0,0,0,0,0,0,0,0,0,0
1,26.781,2,0.0,0.0,0.0,0.0,0.0,0.0,0.0,0.0,0.0,22.677,22.7146,3.27831,1,1,0,0,0,0,0,0,0,0,0.0,0.0,0.0,0.0,0.0,0.0,0.0,0.0,0.0,1.0,22.736359999999998,22.677,3.2769780000000006,0.0,0.0,0.0,0.0,0.0,0.0,0.0,0.0,0.0,0,0.0,0.0,0,0,0,0,0,0,0,0,0,0,0,0,0
1,27.782,2,0.0,0.0,0.0,0.0,0.0,0.0,0.0,0.0,0.0,22.677,22.7352,3.27702,1,1,0,0,0,0,0,0,0,0,0.0,0.0,0.0,0.0,0.0,0.0,0.0,0.0,0.0,1.0,22.728500000000004,22.677,3.277682,0.0,0.0,0.0,0.0,0.0,0.0,0.0,0.0,0.0,0,0.0,0.0,0,0,0,0,0,0,0,0,0,0,0,0,0
1,28.787,2,0.0,0.0,0.0,0.0,0.0,0.0,0.0,0.0,0.0,22.691,22.691,3.28236,1,1,0,0,0,0,0,0,0,0,0.0,0.0,0.0,0.0,0.0,0.0,0.0,0.0,0.0,1.0,22.72383,22.677,3.278288,0.0,0.0,0.0,0.0,0.0,0.0,0.0,0.0,0.0,0,0.0,0.0,0,0,0,0,0,0,0,0,0,0,0,0,0
1,29.794,2,0.0,0.0,0.0,0.0,0.0,0.0,0.0,0.0,0.0,22.691,22.7194,3.27898,1,1,0,0,0,0,0,0,0,0,0.0,0.0,0.0,0.0,0.0,0.0,0.0,0.0,0.0,1.0,22.72272,22.677,3.27847,0.0,0.0,0.0,0.0,0.0,0.0,0.0,0.0,0.0,0,0.0,0.0,0,0,0,0,0,0,0,0,0,0,0,0,0
1,30.791,3,0.0,0.0,0.0,0.0,0.0,0.0,0.0,0.0,0.0,22.6808,22.6808,3.28056,1,1,0,0,0,0,0,0,0,0,0.0,0.0,0.0,0.0,0.0,0.0,0.0,0.0,0.0,1.0,22.71932,22.677,3.278539,0.0,0.0,0.0,0.0,0.0,0.0,0.0,0.0,0.0,0,0.0,0.0,0,0,0,0,0,0,0,0,0,0,0,0,0
1,31.787,3,0.0,0.0,0.0,0.0,0.0,0.0,0.0,0.0,0.0,22.6808,22.7793,3.27296,1,1,0,0,0,0,0,0,0,0,0.0,0.0,0.0,0.0,0.0,0.0,0.0,0.0,0.0,1.0,22.72883,22.677,3.277513,0.0,0.0,0.0,0.0,0.0,0.0,0.0,0.0,0.0,0,0.0,0.0,0,0,0,0,0,0,0,0,0,0,0,0,0
1,32.793,3,0.0,0.0,0.0,0.0,0.0,0.0,0.0,0.0,0.0,22.6808,22.7757,3.27341,1,1,0,0,0,0,0,0,0,0,0.0,0.0,0.0,0.0,0.0,0.0,0.0,0.0,0.0,1.0,22.73301,22.677,3.2770740000000003,0.0,0.0,0.0,0.0,0.0,0.0,0.0,0.0,0.0,0,0.0,0.0,0,0,0,0,0,0,0,0,0,0,0,0,0
1,33.796,3,0.0,0.0,0.0,0.0,0.0,0.0,0.0,0.0,0.0,22.6808,22.6995,3.27947,1,1,0,0,0,0,0,0,0,0,0.0,0.0,0.0,0.0,0.0,0.0,0.0,0.0,0.0,1.0,22.73526,22.6808,3.2769239999999997,0.0,0.0,0.0,0.0,0.0,0.0,0.0,0.0,0.0,0,0.0,0.0,0,0,0,0,0,0,0,0,0,0,0,0,0
1,34.796,3,0.0,0.0,0.0,0.0,0.0,0.0,0.0,0.0,0.0,22.6808,22.7408,3.27613,1,1,0,0,0,0,0,0,0,0,0.0,0.0,0.0,0.0,0.0,0.0,0.0,0.0,0.0,1.0,22.72947,22.6808,3.2773969999999997,0.0,0.0,0.0,0.0,0.0,0.0,0.0,0.0,0.0,0,0.0,0.0,0,0,0,0,0,0,0,0,0,0,0,0,0
1,35.796,3,0.0,0.0,0.0,0.0,0.0,0.0,0.0,0.0,0.0,22.6905,22.6905,3.28259,1,1,0,0,0,0,0,0,0,0,0.0,0.0,0.0,0.0,0.0,0.0,0.0,0.0,0.0,1.0,22.72268,22.6808,3.278179,0.0,0.0,0.0,0.0,0.0,0.0,0.0,0.0,0.0,0,0.0,0.0,0,0,0,0,0,0,0,0,0,0,0,0,0
1,36.8,3,0.0,0.0,0.0,0.0,0.0,0.0,0.0,0.0,0.0,22.6905,22.7055,3.28018,1,1,0,0,0,0,0,0,0,0,0.0,0.0,0.0,0.0,0.0,0.0,0.0,0.0,0.0,1.0,22.72177,22.6808,3.2783659999999997,0.0,0.0,0.0,0.0,0.0,0.0,0.0,0.0,0.0,0,0.0,0.0,0,0,0,0,0,0,0,0,0,0,0,0,0
1,37.8,3,0.0,0.0,0.0,0.0,0.0,0.0,0.0,0.0,0.0,22.6802,22.6802,3.28107,1,1,0,0,0,0,0,0,0,0,0.0,0.0,0.0,0.0,0.0,0.0,0.0,0.0,0.0,1.0,22.71627,22.6802,3.278771,0.0,0.0,0.0,0.0,0.0,0.0,0.0,0.0,0.0,0,0.0,0.0,0,0,0,0,0,0,0,0,0,0,0,0,0
1,38.802,3,0.0,0.0,0.0,0.0,0.0,0.0,0.0,0.0,0.0,22.6802,22.7541,3.27542,1,1,0,0,0,0,0,0,0,0,0.0,0.0,0.0,0.0,0.0,0.0,0.0,0.0,0.0,1.0,22.72258,22.6802,3.2780769999999997,0.0,0.0,0.0,0.0,0.0,0.0,0.0,0.0,0.0,0,0.0,0.0,0,0,0,0,0,0,0,0,0,0,0,0,0
1,39.804,3,0.0,0.0,0.0,0.0,0.0,0.0,0.0,0.0,0.0,22.6802,22.7889,3.2722,1,1,0,0,0,0,0,0,0,0,0.0,0.0,0.0,0.0,0.0,0.0,0.0,0.0,0.0,1.0,22.72953,22.6802,3.277399,0.0,0.0,0.0,0.0,0.0,0.0,0.0,0.0,0.0,0,0.0,0.0,0,0,0,0,0,0,0,0,0,0,0,0,0
1,40.802,4,0.0,0.0,0.0,0.0,0.0,0.0,0.0,0.0,0.0,22.6802,22.6959,3.27964,1,1,0,0,0,0,0,0,0,0,0.0,0.0,0.0,0.0,0.0,0.0,0.0,0.0,0.0,1.0,22.73104,22.6802,3.2773070000000004,0.0,0.0,0.0,0.0,0.0,0.0,0.0,0.0,0.0,0,0.0,0.0,0,0,0,0,0,0,0,0,0,0,0,0,0
1,41.802,4,0.0,0.0,0.0,0.0,0.0,0.0,0.0,0.0,0.0,22.6802,22.7509,3.27509,1,1,0,0,0,0,0,0,0,0,0.0,0.0,0.0,0.0,0.0,0.0,0.0,0.0,0.0,1.0,22.7282,22.6802,3.27752,0.0,0.0,0.0,0.0,0.0,0.0,0.0,0.0,0.0,0,0.0,0.0,0,0,0,0,0,0,0,0,0,0,0,0,0
1,42.805,4,0.0,0.0,0.0,0.0,0.0,0.0,0.0,0.0,0.0,22.6939,22.6939,3.28243,1,1,0,0,0,0,0,0,0,0,0.0,0.0,0.0,0.0,0.0,0.0,0.0,0.0,0.0,1.0,22.720019999999998,22.6802,3.2784220000000004,0.0,0.0,0.0,0.0,0.0,0.0,0.0,0.0,0.0,0,0.0,0.0,0,0,0,0,0,0,0,0,0,0,0,0,0
1,43.803,4,0.0,0.0,0.0,0.0,0.0,0.0,0.0,0.0,0.0,22.6939,22.6942,3.28143,1,1,0,0,0,0,0,0,0,0,0.0,0.0,0.0,0.0,0.0,0.0,0.0,0.0,0.0,1.0,22.71949,22.6802,3.2786180000000003,0.0,0.0,0.0,0.0,0.0,0.0,0.0,0.0,0.0,0,0.0,0.0,0,0,0,0,0,0,0,0,0,0,0,0,0
1,44.805,4,0.0,0.0,0.0,0.0,0.0,0.0,0.0,0.0,0.0,22.6939,22.6949,3.28042,1,1,0,0,0,0,0,0,0,0,0.0,0.0,0.0,0.0,0.0,0.0,0.0,0.0,0.0,1.0,22.7149,22.6802,3.279047,0.0,0.0,0.0,0.0,0.0,0.0,0.0,0.0,0.0,0,0.0,0.0,0,0,0,0,0,0,0,0,0,0,0,0,0
1,45.807,4,0.0,0.0,0.0,0.0,0.0,0.0,0.0,0.0,0.0,22.6939,22.7354,3.27675,1,1,0,0,0,0,0,0,0,0,0.0,0.0,0.0,0.0,0.0,0.0,0.0,0.0,0.0,1.0,22.71939,22.6802,3.278463,0.0,0.0,0.0,0.0,0.0,0.0,0.0,0.0,0.0,0,0.0,0.0,0,0,0,0,0,0,0,0,0,0,0,0,0
1,46.805,4,0.0,0.0,0.0,0.0,0.0,0.0,0.0,0.0,0.0,22.6939,22.8038,3.27077,1,1,0,0,0,0,0,0,0,0,0.0,0.0,0.0,0.0,0.0,0.0,0.0,0.0,0.0,1.0,22.72922,22.6802,3.277522,0.0,0.0,0.0,0.0,0.0,0.0,0.0,0.0,0.0,0,0.0,0.0,0,0,0,0,0,0,0,0,0,0,0,0,0
1,47.808,4,0.0,0.0,0.0,0.0,0.0,0.0,0.0,0.0,0.0,22.6942,22.6972,3.27967,1,1,0,0,0,0,0,0,0,0,0.0,0.0,0.0,0.0,0.0,0.0,0.0,0.0,0.0,1.0,22.730919999999998,22.6939,3.2773820000000002,0.0,0.0,0.0,0.0,0.0,0.0,0.0,0.0,0.0,0,0.0,0.0,0,0,0,0,0,0,0,0,0,0,0,0,0
1,48.812,4,0.0,0.0,0.0,0.0,0.0,0.0,0.0,0.0,0.0,22.6949,22.7539,3.27491,1,1,0,0,0,0,0,0,0,0,0.0,0.0,0.0,0.0,0.0,0.0,0.0,0.0,0.0,1.0,22.7309,22.6939,3.277331,0.0,0.0,0.0,0.0,0.0,0.0,0.0,0.0,0.0,0,0.0,0.0,0,0,0,0,0,0,0,0,0,0,0,0,0
1,49.81,4,0.0,0.0,0.0,0.0,0.0,0.0,0.0,0.0,0.0,22.6972,22.7041,3.28139,1,1,0,0,0,0,0,0,0,0,0.0,0.0,0.0,0.0,0.0,0.0,0.0,0.0,0.0,1.0,22.722420000000003,22.6939,3.27825,0.0,0.0,0.0,0.0,0.0,0.0,0.0,0.0,0.0,0,0.0,0.0,0,0,0,0,0,0,0,0,0,0,0,0,0
1,50.813,5,0.0,0.0,0.0,0.0,0.0,0.0,0.0,0.0,0.0,22.6945,22.6945,3.28169,1,1,0,0,0,0,0,0,0,0,0.0,0.0,0.0,0.0,0.0,0.0,0.0,0.0,0.0,1.0,22.72228,22.6939,3.278455,0.0,0.0,0.0,0.0,0.0,0.0,0.0,0.0,0.0,0,0.0,0.0,0,0,0,0,0,0,0,0,0,0,0,0,0
1,51.812,5,0.0,0.0,0.0,0.0,0.0,0.0,0.0,0.0,0.0,22.6945,22.7231,3.27882,1,1,0,0,0,0,0,0,0,0,0.0,0.0,0.0,0.0,0.0,0.0,0.0,0.0,0.0,1.0,22.7195,22.6939,3.278828,0.0,0.0,0.0,0.0,0.0,0.0,0.0,0.0,0.0,0,0.0,0.0,0,0,0,0,0,0,0,0,0,0,0,0,0
1,52.817,5,0.0,0.0,0.0,0.0,0.0,0.0,0.0,0.0,0.0,22.6945,22.7083,3.27916,1,1,0,0,0,0,0,0,0,0,0.0,0.0,0.0,0.0,0.0,0.0,0.0,0.0,0.0,1.0,22.720940000000002,22.6942,3.278501,0.0,0.0,0.0,0.0,0.0,0.0,0.0,0.0,0.0,0,0.0,0.0,0,0,0,0,0,0,0,0,0,0,0,0,0
1,53.809,5,0.0,0.0,0.0,0.0,0.0,0.0,0.0,0.0,0.0,22.6945,22.8085,3.27064,1,1,0,0,0,0,0,0,0,0,0.0,0.0,0.0,0.0,0.0,0.0,0.0,0.0,0.0,1.0,22.73237,22.6945,3.277422,0.0,0.0,0.0,0.0,0.0,0.0,0.0,0.0,0.0,0,0.0,0.0,0,0,0,0,0,0,0,0,0,0,0,0,0
1,54.814,5,0.0,0.0,0.0,0.0,0.0,0.0,0.0,0.0,0.0,22.6945,22.7096,3.27869,1,1,0,0,0,0,0,0,0,0,0.0,0.0,0.0,0.0,0.0,0.0,0.0,0.0,0.0,1.0,22.733839999999997,22.6945,3.2772490000000003,0.0,0.0,0.0,0.0,0.0,0.0,0.0,0.0,0.0,0,0.0,0.0,0,0,0,0,0,0,0,0,0,0,0,0,0
1,55.817,5,0.0,0.0,0.0,0.0,0.0,0.0,0.0,0.0,0.0,22.7083,22.7518,3.27511,1,1,0,0,0,0,0,0,0,0,0.0,0.0,0.0,0.0,0.0,0.0,0.0,0.0,0.0,1.0,22.73548,22.6945,3.2770850000000005,0.0,0.0,0.0,0.0,0.0,0.0,0.0,0.0,0.0,0,0.0,0.0,0,0,0,0,0,0,0,0,0,0,0,0,0
1,56.82,5,0.0,0.0,0.0,0.0,0.0,0.0,0.0,0.0,0.0,22.7038,22.7038,3.28114,1,1,0,0,0,0,0,0,0,0,0.0,0.0,0.0,0.0,0.0,0.0,0.0,0.0,0.0,1.0,22.725479999999997,22.6945,3.2781219999999998,0.0,0.0,0.0,0.0,0.0,0.0,0.0,0.0,0.0,0,0.0,0.0,0,0,0,0,0,0,0,0,0,0,0,0,0
1,57.817,5,0.0,0.0,0.0,0.0,0.0,0.0,0.0,0.0,0.0,22.6869,22.6869,3.28279,1,1,0,0,0,0,0,0,0,0,0.0,0.0,0.0,0.0,0.0,0.0,0.0,0.0,0.0,1.0,22.724449999999997,22.6869,3.278434,0.0,0.0,0.0,0.0,0.0,0.0,0.0,0.0,0.0,0,0.0,0.0,0,0,0,0,0,0,0,0,0,0,0,0,0
1,58.819,5,0.0,0.0,0.0,0.0,0.0,0.0,0.0,0.0,0.0,22.6869,22.7377,3.27764,1,1,0,0,0,0,0,0,0,0,0.0,0.0,0.0,0.0,0.0,0.0,0.0,0.0,0.0,1.0,22.72283,22.6869,3.278707,0.0,0.0,0.0,0.0,0.0,0.0,0.0,0.0,0.0,0,0.0,0.0,0,0,0,0,0,0,0,0,0,0,0,0,0
1,59.819,5,0.0,0.0,0.0,0.0,0.0,0.0,0.0,0.0,0.0,22.6869,22.6896,3.28024,1,1,0,0,0,0,0,0,0,0,0.0,0.0,0.0,0.0,0.0,0.0,0.0,0.0,0.0,1.0,22.72138,22.6869,3.2785919999999997,0.0,0.0,0.0,0.0,0.0,0.0,0.0,0.0,0.0,0,0.0,0.0,0,0,0,0,0,0,0,0,0,0,0,0,0
1,60.817,6,0.0,0.0,0.0,0.0,0.0,0.0,0.0,0.0,0.0,22.6869,22.8154,3.26977,1,1,0,0,0,0,0,0,0,0,0.0,0.0,0.0,0.0,0.0,0.0,0.0,0.0,0.0,1.0,22.73347,22.6869,3.2774,0.0,0.0,0.0,0.0,0.0,0.0,0.0,0.0,0.0,0,0.0,0.0,0,0,0,0,0,0,0,0,0,0,0,0,0
1,61.823,6,0.0,0.0,0.0,0.0,0.0,0.0,0.0,0.0,0.0,22.6869,22.7277,3.27734,1,1,0,0,0,0,0,0,0,0,0.0,0.0,0.0,0.0,0.0,0.0,0.0,0.0,0.0,1.0,22.733929999999997,22.6869,3.277252,0.0,0.0,0.0,0.0,0.0,0.0,0.0,0.0,0.0,0,0.0,0.0,0,0,0,0,0,0,0,0,0,0,0,0,0
1,62.823,6,0.0,0.0,0.0,0.0,0.0,0.0,0.0,0.0,0.0,22.6896,22.7335,3.27698,1,1,0,0,0,0,0,0,0,0,0.0,0.0,0.0,0.0,0.0,0.0,0.0,0.0,0.0,1.0,22.736449999999998,22.6869,3.2770340000000004,0.0,0.0,0.0,0.0,0.0,0.0,0.0,0.0,0.0,0,0.0,0.0,0,0,0,0,0,0,0,0,0,0,0,0,0
1,63.825,6,0.0,0.0,0.0,0.0,0.0,0.0,0.0,0.0,0.0,22.6896,22.713,3.28008,1,1,0,0,0,0,0,0,0,0,0.0,0.0,0.0,0.0,0.0,0.0,0.0,0.0,0.0,1.0,22.7269,22.6869,3.277978,0.0,0.0,0.0,0.0,0.0,0.0,0.0,0.0,0.0,0,0.0,0.0,0,0,0,0,0,0,0,0,0,0,0,0,0
1,64.826,6,0.0,0.0,0.0,0.0,0.0,0.0,0.0,0.0,0.0,22.6853,22.6853,3.283,1,1,0,0,0,0,0,0,0,0,0.0,0.0,0.0,0.0,0.0,0.0,0.0,0.0,0.0,1.0,22.724470000000004,22.6853,3.278409,0.0,0.0,0.0,0.0,0.0,0.0,0.0,0.0,0.0,0,0.0,0.0,0,0,0,0,0,0,0,0,0,0,0,0,0
1,65.825,6,0.0,0.0,0.0,0.0,0.0,0.0,0.0,0.0,0.0,22.6853,22.7346,3.27782,1,1,0,0,0,0,0,0,0,0,0.0,0.0,0.0,0.0,0.0,0.0,0.0,0.0,0.0,1.0,22.72275,22.6853,3.27868,0.0,0.0,0.0,0.0,0.0,0.0,0.0,0.0,0.0,0,0.0,0.0,0,0,0,0,0,0,0,0,0,0,0,0,0
1,66.827,6,0.0,0.0,0.0,0.0,0.0,0.0,0.0,0.0,0.0,22.6774,22.6774,3.28097,1,1,0,0,0,0,0,0,0,0,0.0,0.0,0.0,0.0,0.0,0.0,0.0,0.0,0.0,1.0,22.72011,22.6774,3.2786629999999994,0.0,0.0,0.0,0.0,0.0,0.0,0.0,0.0,0.0,0,0.0,0.0,0,0,0,0,0,0,0,0,0,0,0,0,0
1,67.828,6,0.0,0.0,0.0,0.0,0.0,0.0,0.0,0.0,0.0,22.6774,22.8011,3.27121,1,1,0,0,0,0,0,0,0,0,0.0,0.0,0.0,0.0,0.0,0.0,0.0,0.0,0.0,1.0,22.73153,22.6774,3.277505,0.0,0.0,0.0,0.0,0.0,0.0,0.0,0.0,0.0,0,0.0,0.0,0,0,0,0,0,0,0,0,0,0,0,0,0
1,68.83,6,0.0,0.0,0.0,0.0,0.0,0.0,0.0,0.0,0.0,22.6774,22.7556,3.27495,1,1,0,0,0,0,0,0,0,0,0.0,0.0,0.0,0.0,0.0,0.0,0.0,0.0,0.0,1.0,22.73332,22.6774,3.277236,0.0,0.0,0.0,0.0,0.0,0.0,0.0,0.0,0.0,0,0.0,0.0,0,0,0,0,0,0,0,0,0,0,0,0,0
1,69.832,6,0.0,0.0,0.0,0.0,0.0,0.0,0.0,0.0,0.0,22.6774,22.7185,3.27815,1,1,0,0,0,0,0,0,0,0,0.0,0.0,0.0,0.0,0.0,0.0,0.0,0.0,0.0,1.0,22.73621,22.6774,3.2770269999999995,0.0,0.0,0.0,0.0,0.0,0.0,0.0,0.0,0.0,0,0.0,0.0,0,0,0,0,0,0,0,0,0,0,0,0,0
1,70.832,7,0.0,0.0,0.0,0.0,0.0,0.0,0.0,0.0,0.0,22.6774,22.7279,3.27813,1,1,0,0,0,0,0,0,0,0,0.0,0.0,0.0,0.0,0.0,0.0,0.0,0.0,0.0,1.0,22.72746,22.6774,3.277863,0.0,0.0,0.0,0.0,0.0,0.0,0.0,0.0,0.0,0,0.0,0.0,0,0,0,0,0,0,0,0,0,0,0,0,0
1,71.833,7,0.0,0.0,0.0,0.0,0.0,0.0,0.0,0.0,0.0,22.6843,22.6843,3.28323,1,1,0,0,0,0,0,0,0,0,0.0,0.0,0.0,0.0,0.0,0.0,0.0,0.0,0.0,1.0,22.72312,22.6774,3.278452,0.0,0.0,0.0,0.0,0.0,0.0,0.0,0.0,0.0,0,0.0,0.0,0,0,0,0,0,0,0,0,0,0,0,0,0
1,72.837,7,0.0,0.0,0.0,0.0,0.0,0.0,0.0,0.0,0.0,22.6843,22.7294,3.27794,1,1,0,0,0,0,0,0,0,0,0.0,0.0,0.0,0.0,0.0,0.0,0.0,0.0,0.0,1.0,22.72271,22.6774,3.278548,0.0,0.0,0.0,0.0,0.0,0.0,0.0,0.0,0.0,0,0.0,0.0,0,0,0,0,0,0,0,0,0,0,0,0,0
1,73.835,7,0.0,0.0,0.0,0.0,0.0,0.0,0.0,0.0,0.0,22.6789,22.6789,3.28076,1,1,0,0,0,0,0,0,0,0,0.0,0.0,0.0,0.0,0.0,0.0,0.0,0.0,0.0,1.0,22.7193,22.6774,3.2786160000000004,0.0,0.0,0.0,0.0,0.0,0.0,0.0,0.0,0.0,0,0.0,0.0,0,0,0,0,0,0,0,0,0,0,0,0,0
1,74.836,7,0.0,0.0,0.0,0.0,0.0,0.0,0.0,0.0,0.0,22.6789,22.7849,3.2726,1,1,0,0,0,0,0,0,0,0,0.0,0.0,0.0,0.0,0.0,0.0,0.0,0.0,0.0,1.0,22.72926,22.6774,3.2775760000000007,0.0,0.0,0.0,0.0,0.0,0.0,0.0,0.0,0.0,0,0.0,0.0,0,0,0,0,0,0,0,0,0,0,0,0,0
1,75.836,7,0.0,0.0,0.0,0.0,0.0,0.0,0.0,0.0,0.0,22.6789,22.7651,3.27443,1,1,0,0,0,0,0,0,0,0,0.0,0.0,0.0,0.0,0.0,0.0,0.0,0.0,0.0,1.0,22.73231,22.6774,3.2772370000000004,0.0,0.0,0.0,0.0,0.0,0.0,0.0,0.0,0.0,0,0.0,0.0,0,0,0,0,0,0,0,0,0,0,0,0,0
1,76.843,7,0.0,0.0,0.0,0.0,0.0,0.0,0.0,0.0,0.0,22.6789,22.7027,3.2793,1,1,0,0,0,0,0,0,0,0,0.0,0.0,0.0,0.0,0.0,0.0,0.0,0.0,0.0,1.0,22.734840000000002,22.6789,3.2770699999999997,0.0,0.0,0.0,0.0,0.0,0.0,0.0,0.0,0.0,0,0.0,0.0,0,0,0,0,0,0,0,0,0,0,0,0,0
1,77.85,7,0.0,0.0,0.0,0.0,0.0,0.0,0.0,0.0,0.0,22.6789,22.7404,3.27612,1,1,0,0,0,0,0,0,0,0,0.0,0.0,0.0,0.0,0.0,0.0,0.0,0.0,0.0,1.0,22.72877,22.6789,3.277561,0.0,0.0,0.0,0.0,0.0,0.0,0.0,0.0,0.0,0,0.0,0.0,0,0,0,0,0,0,0,0,0,0,0,0,0
1,78.834,7,0.0,0.0,0.0,0.0,0.0,0.0,0.0,0.0,0.0,22.69,22.69,3.28258,1,1,0,0,0,0,0,0,0,0,0.0,0.0,0.0,0.0,0.0,0.0,0.0,0.0,0.0,1.0,22.72221,22.6789,3.278324,0.0,0.0,0.0,0.0,0.0,0.0,0.0,0.0,0.0,0,0.0,0.0,0,0,0,0,0,0,0,0,0,0,0,0,0
1,79.844,7,0.0,0.0,0.0,0.0,0.0,0.0,0.0,0.0,0.0,22.69,22.715,3.27913,1,1,0,0,0,0,0,0,0,0,0.0,0.0,0.0,0.0,0.0,0.0,0.0,0.0,0.0,1.0,22.72186,22.6789,3.278422,0.0,0.0,0.0,0.0,0.0,0.0,0.0,0.0,0.0,0,0.0,0.0,0,0,0,0,0,0,0,0,0,0,0,0,0
1,80.843,8,0.0,0.0,0.0,0.0,0.0,0.0,0.0,0.0,0.0,22.6846,22.6846,3.2804,1,1,0,0,0,0,0,0,0,0,0.0,0.0,0.0,0.0,0.0,0.0,0.0,0.0,0.0,1.0,22.71753,22.6789,3.278649,0.0,0.0,0.0,0.0,0.0,0.0,0.0,0.0,0.0,0,0.0,0.0,0,0,0,0,0,0,0,0,0,0,0,0,0
1,81.845,8,0.0,0.0,0.0,0.0,0.0,0.0,0.0,0.0,0.0,22.6846,22.7641,3.27438,1,1,0,0,0,0,0,0,0,0,0.0,0.0,0.0,0.0,0.0,0.0,0.0,0.0,0.0,1.0,22.72551,22.6789,3.277764,0.0,0.0,0.0,0.0,0.0,0.0,0.0,0.0,0.0,0,0.0,0.0,0,0,0,0,0,0,0,0,0,0,0,0,0
1,82.846,8,0.0,0.0,0.0,0.0,0.0,0.0,0.0,0.0,0.0,22.6846,22.7815,3.27305,1,1,0,0,0,0,0,0,0,0,0.0,0.0,0.0,0.0,0.0,0.0,0.0,0.0,0.0,1.0,22.730719999999998,22.6789,3.2772750000000004,0.0,0.0,0.0,0.0,0.0,0.0,0.0,0.0,0.0,0,0.0,0.0,0,0,0,0,0,0,0,0,0,0,0,0,0
1,83.841,8,0.0,0.0,0.0,0.0,0.0,0.0,0.0,0.0,0.0,22.6846,22.6961,3.27964,1,1,0,0,0,0,0,0,0,0,0.0,0.0,0.0,0.0,0.0,0.0,0.0,0.0,0.0,1.0,22.73244,22.6846,3.2771630000000003,0.0,0.0,0.0,0.0,0.0,0.0,0.0,0.0,0.0,0,0.0,0.0,0,0,0,0,0,0,0,0,0,0,0,0,0
1,84.847,8,0.0,0.0,0.0,0.0,0.0,0.0,0.0,0.0,0.0,22.6846,22.7504,3.27508,1,1,0,0,0,0,0,0,0,0,0.0,0.0,0.0,0.0,0.0,0.0,0.0,0.0,0.0,1.0,22.72899,22.6846,3.277411,0.0,0.0,0.0,0.0,0.0,0.0,0.0,0.0,0.0,0,0.0,0.0,0,0,0,0,0,0,0,0,0,0,0,0,0
1,85.85,8,0.0,0.0,0.0,0.0,0.0,0.0,0.0,0.0,0.0,22.6934,22.6934,3.28241,1,1,0,0,0,0,0,0,0,0,0.0,0.0,0.0,0.0,0.0,0.0,0.0,0.0,0.0,1.0,22.72182,22.6846,3.2782090000000004,0.0,0.0,0.0,0.0,0.0,0.0,0.0,0.0,0.0,0,0.0,0.0,0,0,0,0,0,0,0,0,0,0,0,0,0
1,86.85,8,0.0,0.0,0.0,0.0,0.0,0.0,0.0,0.0,0.0,22.6934,22.7025,3.28035,1,1,0,0,0,0,0,0,0,0,0.0,0.0,0.0,0.0,0.0,0.0,0.0,0.0,0.0,1.0,22.7218,22.6846,3.2783139999999995,0.0,0.0,0.0,0.0,0.0,0.0,0.0,0.0,0.0,0,0.0,0.0,0,0,0,0,0,0,0,0,0,0,0,0,0
1,87.844,8,0.0,0.0,0.0,0.0,0.0,0.0,0.0,0.0,0.0,22.6906,22.6906,3.28057,1,1,0,0,0,0,0,0,0,0,0.0,0.0,0.0,0.0,0.0,0.0,0.0,0.0,0.0,1.0,22.71682,22.6846,3.278759,0.0,0.0,0.0,0.0,0.0,0.0,0.0,0.0,0.0,0,0.0,0.0,0,0,0,0,0,0,0,0,0,0,0,0,0
1,88.851,8,0.0,0.0,0.0,0.0,0.0,0.0,0.0,0.0,0.0,22.6906,22.7368,3.27678,1,1,0,0,0,0,0,0,0,0,0.0,0.0,0.0,0.0,0.0,0.0,0.0,0.0,0.0,1.0,22.7215,22.6846,3.278179,0.0,0.0,0.0,0.0,0.0,0.0,0.0,0.0,0.0,0,0.0,0.0,0,0,0,0,0,0,0,0,0,0,0,0,0
1,89.851,8,0.0,0.0,0.0,0.0,0.0,0.0,0.0,0.0,0.0,22.6906,22.7951,3.27184,1,1,0,0,0,0,0,0,0,0,0.0,0.0,0.0,0.0,0.0,0.0,0.0,0.0,0.0,1.0,22.729509999999998,22.6846,3.2774499999999995,0.0,0.0,0.0,0.0,0.0,0.0,0.0,0.0,0.0,0,0.0,0.0,0,0,0,0,0,0,0,0,0,0,0,0,0
1,90.853,9,0.0,0.0,0.0,0.0,0.0,0.0,0.0,0.0,0.0,22.6906,22.6968,3.27966,1,1,0,0,0,0,0,0,0,0,0.0,0.0,0.0,0.0,0.0,0.0,0.0,0.0,0.0,1.0,22.73073,22.6906,3.2773759999999994,0.0,0.0,0.0,0.0,0.0,0.0,0.0,0.0,0.0,0,0.0,0.0,0,0,0,0,0,0,0,0,0,0,0,0,0
1,91.853,9,0.0,0.0,0.0,0.0,0.0,0.0,0.0,0.0,0.0,22.6906,22.7537,3.27491,1,1,0,0,0,0,0,0,0,0,0.0,0.0,0.0,0.0,0.0,0.0,0.0,0.0,0.0,1.0,22.729689999999998,22.6906,3.277429,0.0,0.0,0.0,0.0,0.0,0.0,0.0,0.0,0.0,0,0.0,0.0,0,0,0,0,0,0,0,0,0,0,0,0,0
1,92.854,9,0.0,0.0,0.0,0.0,0.0,0.0,0.0,0.0,0.0,22.6968,22.6974,3.28226,1,1,0,0,0,0,0,0,0,0,0.0,0.0,0.0,0.0,0.0,0.0,0.0,0.0,0.0,1.0,22.72128,22.6906,3.2783499999999997,0.0,0.0,0.0,0.0,0.0,0.0,0.0,0.0,0.0,0,0.0,0.0,0,0,0,0,0,0,0,0,0,0,0,0,0
1,93.857,9,0.0,0.0,0.0,0.0,0.0,0.0,0.0,0.0,0.0,22.694,22.694,3.28168,1,1,0,0,0,0,0,0,0,0,0.0,0.0,0.0,0.0,0.0,0.0,0.0,0.0,0.0,1.0,22.72107,22.6906,3.2785539999999997,0.0,0.0,0.0,0.0,0.0,0.0,0.0,0.0,0.0,0,0.0,0.0,0,0,0,0,0,0,0,0,0,0,0,0,0
1,94.859,9,0.0,0.0,0.0,0.0,0.0,0.0,0.0,0.0,0.0,22.694,22.7128,3.27985,1,1,0,0,0,0,0,0,0,0,0.0,0.0,0.0,0.0,0.0,0.0,0.0,0.0,0.0,1.0,22.71731,22.6906,3.279031,0.0,0.0,0.0,0.0,0.0,0.0,0.0,0.0,0.0,0,0.0,0.0,0,0,0,0,0,0,0,0,0,0,0,0,0
1,95.855,9,0.0,0.0,0.0,0.0,0.0,0.0,0.0,0.0,0.0,22.694,22.7115,3.27898,1,1,0,0,0,0,0,0,0,0,0.0,0.0,0.0,0.0,0.0,0.0,0.0,0.0,0.0,1.0,22.719119999999997,22.6906,3.2786880000000003,0.0,0.0,0.0,0.0,0.0,0.0,0.0,0.0,0.0,0,0.0,0.0,0,0,0,0,0,0,0,0,0,0,0,0,0
1,96.858,9,0.0,0.0,0.0,0.0,0.0,0.0,0.0,0.0,0.0,22.694,22.8082,3.27063,1,1,0,0,0,0,0,0,0,0,0.0,0.0,0.0,0.0,0.0,0.0,0.0,0.0,0.0,1.0,22.729689999999998,22.6906,3.2777160000000003,0.0,0.0,0.0,0.0,0.0,0.0,0.0,0.0,0.0,0,0.0,0.0,0,0,0,0,0,0,0,0,0,0,0,0,0
1,97.86,9,0.0,0.0,0.0,0.0,0.0,0.0,0.0,0.0,0.0,22.694,22.7083,3.27866,1,1,0,0,0,0,0,0,0,0,0.0,0.0,0.0,0.0,0.0,0.0,0.0,0.0,0.0,1.0,22.731460000000002,22.694,3.277525,0.0,0.0,0.0,0.0,0.0,0.0,0.0,0.0,0.0,0,0.0,0.0,0,0,0,0,0,0,0,0,0,0,0,0,0
1,98.859,9,0.0,0.0,0.0,0.0,0.0,0.0,0.0,0.0,0.0,22.7083,22.7537,3.27491,1,1,0,0,0,0,0,0,0,0,0.0,0.0,0.0,0.0,0.0,0.0,0.0,0.0,0.0,1.0,22.733150000000002,22.694,3.2773380000000003,0.0,0.0,0.0,0.0,0.0,0.0,0.0,0.0,0.0,0,0.0,0.0,0,0,0,0,0,0,0,0,0,0,0,0,0
1,99.861,9,0.0,0.0,0.0,0.0,0.0,0.0,0.0,0.0,0.0,22.7026,22.7026,3.28136,1,1,0,0,0,0,0,0,0,0,0.0,0.0,0.0,0.0,0.0,0.0,0.0,0.0,0.0,1.0,22.7239,22.694,3.2782899999999997,0.0,0.0,0.0,0.0,0.0,0.0,0.0,0.0,0.0,0,0.0,0.0,0,0,0,0,0,0,0,0,0,0,0,0,0
1,100.862,10,0.0,0.0,0.0,0.0,0.0,0.0,0.0,0.0,0.0,22.6871,22.6871,3.28279,1,1,0,0,0,0,0,0,0,0,0.0,0.0,0.0,0.0,0.0,0.0,0.0,0.0,0.0,1.0,22.722929999999998,22.6871,3.2786029999999995,0.0,0.0,0.0,0.0,0.0,0.0,0.0,0.0,0.0,0,0.0,0.0,0,0,0,0,0,0,0,0,0,0,0,0,0
1,101.867,10,0.0,0.0,0.0,0.0,0.0,0.0,0.0,0.0,0.0,22.6871,22.7291,3.27872,1,1,0,0,0,0,0,0,0,0,0.0,0.0,0.0,0.0,0.0,0.0,0.0,0.0,0.0,1.0,22.72047,22.6871,3.278984,0.0,0.0,0.0,0.0,0.0,0.0,0.0,0.0,0.0,0,0.0,0.0,0,0,0,0,0,0,0,0,0,0,0,0,0
1,102.859,10,0.0,0.0,0.0,0.0,0.0,0.0,0.0,0.0,0.0,22.6871,22.6945,3.2801,1,1,0,0,0,0,0,0,0,0,0.0,0.0,0.0,0.0,0.0,0.0,0.0,0.0,0.0,1.0,22.720180000000003,22.6871,3.2787680000000003,0.0,0.0,0.0,0.0,0.0,0.0,0.0,0.0,0.0,0,0.0,0.0,0,0,0,0,0,0,0,0,0,0,0,0,0
1,103.875,10,0.0,0.0,0.0,0.0,0.0,0.0,0.0,0.0,0.0,22.6871,22.8092,3.27065,1,1,0,0,0,0,0,0,0,0,0.0,0.0,0.0,0.0,0.0,0.0,0.0,0.0,0.0,1.0,22.7317,22.6871,3.277665,0.0,0.0,0.0,0.0,0.0,0.0,0.0,0.0,0.0,0,0.0,0.0,0,0,0,0,0,0,0,0,0,0,0,0,0
1,104.87,10,0.0,0.0,0.0,0.0,0.0,0.0,0.0,0.0,0.0,22.6871,22.7232,3.27749,1,1,0,0,0,0,0,0,0,0,0.0,0.0,0.0,0.0,0.0,0.0,0.0,0.0,0.0,1.0,22.73274,22.6871,3.277429,0.0,0.0,0.0,0.0,0.0,0.0,0.0,0.0,0.0,0,0.0,0.0,0,0,0,0,0,0,0,0,0,0,0,0,0
1,105.876,10,0.0,0.0,0.0,0.0,0.0,0.0,0.0,0.0,0.0,22.6945,22.7431,3.27593,1,1,0,0,0,0,0,0,0,0,0.0,0.0,0.0,0.0,0.0,0.0,0.0,0.0,0.0,1.0,22.7359,22.6871,3.2771239999999997,0.0,0.0,0.0,0.0,0.0,0.0,0.0,0.0,0.0,0,0.0,0.0,0,0,0,0,0,0,0,0,0,0,0,0,0
1,106.864,10,0.0,0.0,0.0,0.0,0.0,0.0,0.0,0.0,0.0,22.6945,22.7124,3.28006,1,1,0,0,0,0,0,0,0,0,0.0,0.0,0.0,0.0,0.0,0.0,0.0,0.0,0.0,1.0,22.72632,22.6871,3.278067,0.0,0.0,0.0,0.0,0.0,0.0,0.0,0.0,0.0,0,0.0,0.0,0,0,0,0,0,0,0,0,0,0,0,0,0
1,107.873,10,0.0,0.0,0.0,0.0,0.0,0.0,0.0,0.0,0.0,22.6854,22.6854,3.283,1,1,0,0,0,0,0,0,0,0,0.0,0.0,0.0,0.0,0.0,0.0,0.0,0.0,0.0,1.0,22.72403,22.6854,3.278501,0.0,0.0,0.0,0.0,0.0,0.0,0.0,0.0,0.0,0,0.0,0.0,0,0,0,0,0,0,0,0,0,0,0,0,0
1,108.865,10,0.0,0.0,0.0,0.0,0.0,0.0,0.0,0.0,0.0,22.6854,22.7361,3.27785,1,1,0,0,0,0,0,0,0,0,0.0,0.0,0.0,0.0,0.0,0.0,0.0,0.0,0.0,1.0,22.72227,22.6854,3.278795,0.0,0.0,0.0,0.0,0.0,0.0,0.0,0.0,0.0,0,0.0,0.0,0,0,0,0,0,0,0,0,0,0,0,0,0
1,109.871,10,0.0,0.0,0.0,0.0,0.0,0.0,0.0,0.0,0.0,22.6839,22.6839,3.28035,1,1,0,0,0,0,0,0,0,0,0.0,0.0,0.0,0.0,0.0,0.0,0.0,0.0,0.0,1.0,22.7204,22.6839,3.278694,0.0,0.0,0.0,0.0,0.0,0.0,0.0,0.0,0.0,0,0.0,0.0,0,0,0,0,0,0,0,0,0,0,0,0,0
1,110.878,11,0.0,0.0,0.0,0.0,0.0,0.0,0.0,0.0,0.0,22.6839,22.8114,3.27018,1,1,0,0,0,0,0,0,0,0,0.0,0.0,0.0,0.0,0.0,0.0,0.0,0.0,0.0,1.0,22.73283,22.6839,3.277433,0.0,0.0,0.0,0.0,0.0,0.0,0.0,0.0,0.0,0,0.0,0.0,0,0,0,0,0,0,0,0,0,0,0,0,0
1,111.869,11,0.0,0.0,0.0,0.0,0.0,0.0,0.0,0.0,0.0,22.6839,22.7429,3.27618,1,1,0,0,0,0,0,0,0,0,0.0,0.0,0.0,0.0,0.0,0.0,0.0,0.0,0.0,1.0,22.734209999999997,22.6839,3.2771789999999994,0.0,0.0,0.0,0.0,0.0,0.0,0.0,0.0,0.0,0,0.0,0.0,0,0,0,0,0,0,0,0,0,0,0,0,0
1,112.88,11,0.0,0.0,0.0,0.0,0.0,0.0,0.0,0.0,0.0,22.6839,22.7203,3.27819,1,1,0,0,0,0,0,0,0,0,0.0,0.0,0.0,0.0,0.0,0.0,0.0,0.0,0.0,1.0,22.73679,22.6839,3.2769880000000002,0.0,0.0,0.0,0.0,0.0,0.0,0.0,0.0,0.0,0,0.0,0.0,0,0,0,0,0,0,0,0,0,0,0,0,0
1,113.875,11,0.0,0.0,0.0,0.0,0.0,0.0,0.0,0.0,0.0,22.6839,22.7215,3.279,1,1,0,0,0,0,0,0,0,0,0.0,0.0,0.0,0.0,0.0,0.0,0.0,0.0,0.0,1.0,22.728019999999997,22.6839,3.277823,0.0,0.0,0.0,0.0,0.0,0.0,0.0,0.0,0.0,0,0.0,0.0,0,0,0,0,0,0,0,0,0,0,0,0,0
1,114.883,11,0.0,0.0,0.0,0.0,0.0,0.0,0.0,0.0,0.0,22.6842,22.6842,3.28322,1,1,0,0,0,0,0,0,0,0,0.0,0.0,0.0,0.0,0.0,0.0,0.0,0.0,0.0,1.0,22.72412,22.6839,3.278396,0.0,0.0,0.0,0.0,0.0,0.0,0.0,0.0,0.0,0,0.0,0.0,0,0,0,0,0,0,0,0,0,0,0,0,0
1,115.874,11,0.0,0.0,0.0,0.0,0.0,0.0,0.0,0.0,0.0,22.6842,22.7304,3.27797,1,1,0,0,0,0,0,0,0,0,0.0,0.0,0.0,0.0,0.0,0.0,0.0,0.0,0.0,1.0,22.72285,22.6839,3.2786,0.0,0.0,0.0,0.0,0.0,0.0,0.0,0.0,0.0,0,0.0,0.0,0,0,0,0,0,0,0,0,0,0,0,0,0
1,116.881,11,0.0,0.0,0.0,0.0,0.0,0.0,0.0,0.0,0.0,22.6777,22.6777,3.28098,1,1,0,0,0,0,0,0,0,0,0.0,0.0,0.0,0.0,0.0,0.0,0.0,0.0,0.0,1.0,22.719379999999997,22.6777,3.2786920000000004,0.0,0.0,0.0,0.0,0.0,0.0,0.0,0.0,0.0,0,0.0,0.0,0,0,0,0,0,0,0,0,0,0,0,0,0
1,117.886,11,0.0,0.0,0.0,0.0,0.0,0.0,0.0,0.0,0.0,22.6777,22.7942,3.27154,1,1,0,0,0,0,0,0,0,0,0.0,0.0,0.0,0.0,0.0,0.0,0.0,0.0,0.0,1.0,22.73026,22.6777,3.2775459999999996,0.0,0.0,0.0,0.0,0.0,0.0,0.0,0.0,0.0,0,0.0,0.0,0,0,0,0,0,0,0,0,0,0,0,0,0
1,118.883,11,0.0,0.0,0.0,0.0,0.0,0.0,0.0,0.0,0.0,22.6777,22.7628,3.27463,1,1,0,0,0,0,0,0,0,0,0.0,0.0,0.0,0.0,0.0,0.0,0.0,0.0,0.0,1.0,22.732930000000003,22.6777,3.2772240000000004,0.0,0.0,0.0,0.0,0.0,0.0,0.0,0.0,0.0,0,0.0,0.0,0,0,0,0,0,0,0,0,0,0,0,0,0
1,119.88,11,0.0,0.0,0.0,0.0,0.0,0.0,0.0,0.0,0.0,22.6777,22.7041,3.27934,1,1,0,0,0,0,0,0,0,0,0.0,0.0,0.0,0.0,0.0,0.0,0.0,0.0,0.0,1.0,22.734949999999998,22.6777,3.2771229999999996,0.0,0.0,0.0,0.0,0.0,0.0,0.0,0.0,0.0,0,0.0,0.0,0,0,0,0,0,0,0,0,0,0,0,0,0
1,120.895,12,0.0,0.0,0.0,0.0,0.0,0.0,0.0,0.0,0.0,22.6777,22.7342,3.277,1,1,0,0,0,0,0,0,0,0,0.0,0.0,0.0,0.0,0.0,0.0,0.0,0.0,0.0,1.0,22.72723,22.6777,3.277805,0.0,0.0,0.0,0.0,0.0,0.0,0.0,0.0,0.0,0,0.0,0.0,0,0,0,0,0,0,0,0,0,0,0,0,0
1,121.887,12,0.0,0.0,0.0,0.0,0.0,0.0,0.0,0.0,0.0,22.6896,22.6896,3.28257,1,1,0,0,0,0,0,0,0,0,0.0,0.0,0.0,0.0,0.0,0.0,0.0,0.0,0.0,1.0,22.721899999999998,22.6777,3.2784439999999995,0.0,0.0,0.0,0.0,0.0,0.0,0.0,0.0,0.0,0,0.0,0.0,0,0,0,0,0,0,0,0,0,0,0,0,0
1,122.881,12,0.0,0.0,0.0,0.0,0.0,0.0,0.0,0.0,0.0,22.6896,22.716,3.27915,1,1,0,0,0,0,0,0,0,0,0.0,0.0,0.0,0.0,0.0,0.0,0.0,0.0,0.0,1.0,22.72147,22.6777,3.2785400000000005,0.0,0.0,0.0,0.0,0.0,0.0,0.0,0.0,0.0,0,0.0,0.0,0,0,0,0,0,0,0,0,0,0,0,0,0
1,123.884,12,0.0,0.0,0.0,0.0,0.0,0.0,0.0,0.0,0.0,22.6839,22.6839,3.28038,1,1,0,0,0,0,0,0,0,0,0.0,0.0,0.0,0.0,0.0,0.0,0.0,0.0,0.0,1.0,22.71771,22.6777,3.278678,0.0,0.0,0.0,0.0,0.0,0.0,0.0,0.0,0.0,0,0.0,0.0,0,0,0,0,0,0,0,0,0,0,0,0,0
1,124.887,12,0.0,0.0,0.0,0.0,0.0,0.0,0.0,0.0,0.0,22.6839,22.7671,3.2742,1,1,0,0,0,0,0,0,0,0,0.0,0.0,0.0,0.0,0.0,0.0,0.0,0.0,0.0,1.0,22.726,22.6777,3.2777760000000002,0.0,0.0,0.0,0.0,0.0,0.0,0.0,0.0,0.0,0,0.0,0.0,0,0,0,0,0,0,0,0,0,0,0,0,0
1,125.892,12,0.0,0.0,0.0,0.0,0.0,0.0,0.0,0.0,0.0,22.6839,22.7792,3.27324,1,1,0,0,0,0,0,0,0,0,0.0,0.0,0.0,0.0,0.0,0.0,0.0,0.0,0.0,1.0,22.73088,22.6777,3.277303,0.0,0.0,0.0,0.0,0.0,0.0,0.0,0.0,0.0,0,0.0,0.0,0,0,0,0,0,0,0,0,0,0,0,0,0
1,126.886,12,0.0,0.0,0.0,0.0,0.0,0.0,0.0,0.0,0.0,22.6839,22.6967,3.27966,1,1,0,0,0,0,0,0,0,0,0.0,0.0,0.0,0.0,0.0,0.0,0.0,0.0,0.0,1.0,22.73278,22.6839,3.277171,0.0,0.0,0.0,0.0,0.0,0.0,0.0,0.0,0.0,0,0.0,0.0,0,0,0,0,0,0,0,0,0,0,0,0,0
1,127.891,12,0.0,0.0,0.0,0.0,0.0,0.0,0.0,0.0,0.0,22.6839,22.7499,3.27507,1,1,0,0,0,0,0,0,0,0,0.0,0.0,0.0,0.0,0.0,0.0,0.0,0.0,0.0,1.0,22.72835,22.6839,3.2775239999999997,0.0,0.0,0.0,0.0,0.0,0.0,0.0,0.0,0.0,0,0.0,0.0,0,0,0,0,0,0,0,0,0,0,0,0,0
1,128.897,12,0.0,0.0,0.0,0.0,0.0,0.0,0.0,0.0,0.0,22.691,22.691,3.28261,1,1,0,0,0,0,0,0,0,0,0.0,0.0,0.0,0.0,0.0,0.0,0.0,0.0,0.0,1.0,22.72117,22.6839,3.278322,0.0,0.0,0.0,0.0,0.0,0.0,0.0,0.0,0.0,0,0.0,0.0,0,0,0,0,0,0,0,0,0,0,0,0,0
1,129.893,12,0.0,0.0,0.0,0.0,0.0,0.0,0.0,0.0,0.0,22.691,22.7037,3.28038,1,1,0,0,0,0,0,0,0,0,0.0,0.0,0.0,0.0,0.0,0.0,0.0,0.0,0.0,1.0,22.721130000000002,22.6839,3.2784259999999996,0.0,0.0,0.0,0.0,0.0,0.0,0.0,0.0,0.0,0,0.0,0.0,0,0,0,0,0,0,0,0,0,0,0,0,0
1,130.898,13,0.0,0.0,0.0,0.0,0.0,0.0,0.0,0.0,0.0,22.6838,22.6838,3.28091,1,1,0,0,0,0,0,0,0,0,0.0,0.0,0.0,0.0,0.0,0.0,0.0,0.0,0.0,1.0,22.71609,22.6838,3.278817,0.0,0.0,0.0,0.0,0.0,0.0,0.0,0.0,0.0,0,0.0,0.0,0,0,0,0,0,0,0,0,0,0,0,0,0
1,131.895,13,0.0,0.0,0.0,0.0,0.0,0.0,0.0,0.0,0.0,22.6838,22.7491,3.27555,1,1,0,0,0,0,0,0,0,0,0.0,0.0,0.0,0.0,0.0,0.0,0.0,0.0,0.0,1.0,22.72204,22.6838,3.2781149999999997,0.0,0.0,0.0,0.0,0.0,0.0,0.0,0.0,0.0,0,0.0,0.0,0,0,0,0,0,0,0,0,0,0,0,0,0
1,132.899,13,0.0,0.0,0.0,0.0,0.0,0.0,0.0,0.0,0.0,22.6838,22.7921,3.27202,1,1,0,0,0,0,0,0,0,0,0.0,0.0,0.0,0.0,0.0,0.0,0.0,0.0,0.0,1.0,22.72965,22.6838,3.277402,0.0,0.0,0.0,0.0,0.0,0.0,0.0,0.0,0.0,0,0.0,0.0,0,0,0,0,0,0,0,0,0,0,0,0,0
1,133.906,13,0.0,0.0,0.0,0.0,0.0,0.0,0.0,0.0,0.0,22.6838,22.6962,3.27965,1,1,0,0,0,0,0,0,0,0,0.0,0.0,0.0,0.0,0.0,0.0,0.0,0.0,0.0,1.0,22.730880000000003,22.6838,3.2773290000000004,0.0,0.0,0.0,0.0,0.0,0.0,0.0,0.0,0.0,0,0.0,0.0,0,0,0,0,0,0,0,0,0,0,0,0,0
1,134.905,13,0.0,0.0,0.0,0.0,0.0,0.0,0.0,0.0,0.0,22.6838,22.753,3.27489,1,1,0,0,0,0,0,0,0,0,0.0,0.0,0.0,0.0,0.0,0.0,0.0,0.0,0.0,1.0,22.72947,22.6838,3.2773980000000003,0.0,0.0,0.0,0.0,0.0,0.0,0.0,0.0,0.0,0,0.0,0.0,0,0,0,0,0,0,0,0,0,0,0,0,0
1,135.907,13,0.0,0.0,0.0,0.0,0.0,0.0,0.0,0.0,0.0,22.6951,22.6951,3.28246,1,1,0,0,0,0,0,0,0,0,0.0,0.0,0.0,0.0,0.0,0.0,0.0,0.0,0.0,1.0,22.72106,22.6838,3.27832,0.0,0.0,0.0,0.0,0.0,0.0,0.0,0.0,0.0,0,0.0,0.0,0,0,0,0,0,0,0,0,0,0,0,0,0
1,136.9,13,0.0,0.0,0.0,0.0,0.0,0.0,0.0,0.0,0.0,22.6944,22.6944,3.28144,1,1,0,0,0,0,0,0,0,0,0.0,0.0,0.0,0.0,0.0,0.0,0.0,0.0,0.0,1.0,22.72083,22.6838,3.278498,0.0,0.0,0.0,0.0,0.0,0.0,0.0,0.0,0.0,0,0.0,0.0,0,0,0,0,0,0,0,0,0,0,0,0,0
1,137.905,13,0.0,0.0,0.0,0.0,0.0,0.0,0.0,0.0,0.0,22.6944,22.7047,3.28016,1,1,0,0,0,0,0,0,0,0,0.0,0.0,0.0,0.0,0.0,0.0,0.0,0.0,0.0,1.0,22.71631,22.6838,3.279007,0.0,0.0,0.0,0.0,0.0,0.0,0.0,0.0,0.0,0,0.0,0.0,0,0,0,0,0,0,0,0,0,0,0,0,0
1,138.904,13,0.0,0.0,0.0,0.0,0.0,0.0,0.0,0.0,0.0,22.6944,22.7228,3.27797,1,1,0,0,0,0,0,0,0,0,0.0,0.0,0.0,0.0,0.0,0.0,0.0,0.0,0.0,1.0,22.71949,22.6838,3.278543,0.0,0.0,0.0,0.0,0.0,0.0,0.0,0.0,0.0,0,0.0,0.0,0,0,0,0,0,0,0,0,0,0,0,0,0
1,139.915,13,0.0,0.0,0.0,0.0,0.0,0.0,0.0,0.0,0.0,22.6944,22.8055,3.27081,1,1,0,0,0,0,0,0,0,0,0.0,0.0,0.0,0.0,0.0,0.0,0.0,0.0,0.0,1.0,22.72967,22.6838,3.2775860000000003,0.0,0.0,0.0,0.0,0.0,0.0,0.0,0.0,0.0,0,0.0,0.0,0,0,0,0,0,0,0,0,0,0,0,0,0
1,140.906,14,0.0,0.0,0.0,0.0,0.0,0.0,0.0,0.0,0.0,22.6944,22.7048,3.27882,1,1,0,0,0,0,0,0,0,0,0.0,0.0,0.0,0.0,0.0,0.0,0.0,0.0,0.0,1.0,22.73177,22.6944,3.277377,0.0,0.0,0.0,0.0,0.0,0.0,0.0,0.0,0.0,0,0.0,0.0,0,0,0,0,0,0,0,0,0,0,0,0,0
1,141.908,14,0.0,0.0,0.0,0.0,0.0,0.0,0.0,0.0,0.0,22.7047,22.7547,3.27493,1,1,0,0,0,0,0,0,0,0,0.0,0.0,0.0,0.0,0.0,0.0,0.0,0.0,0.0,1.0,22.732329999999997,22.6944,3.277315,0.0,0.0,0.0,0.0,0.0,0.0,0.0,0.0,0.0,0,0.0,0.0,0,0,0,0,0,0,0,0,0,0,0,0,0
1,142.919,14,0.0,0.0,0.0,0.0,0.0,0.0,0.0,0.0,0.0,22.7035,22.7035,3.28138,1,1,0,0,0,0,0,0,0,0,0.0,0.0,0.0,0.0,0.0,0.0,0.0,0.0,0.0,1.0,22.72347,22.6944,3.278251,0.0,0.0,0.0,0.0,0.0,0.0,0.0,0.0,0.0,0,0.0,0.0,0,0,0,0,0,0,0,0,0,0,0,0,0
1,143.91,14,0.0,0.0,0.0,0.0,0.0,0.0,0.0,0.0,0.0,22.6949,22.6949,3.2817,1,1,0,0,0,0,0,0,0,0,0.0,0.0,0.0,0.0,0.0,0.0,0.0,0.0,0.0,1.0,22.72334,22.6944,3.278456,0.0,0.0,0.0,0.0,0.0,0.0,0.0,0.0,0.0,0,0.0,0.0,0,0,0,0,0,0,0,0,0,0,0,0,0
1,144.909,14,0.0,0.0,0.0,0.0,0.0,0.0,0.0,0.0,0.0,22.6949,22.7257,3.27888,1,1,0,0,0,0,0,0,0,0,0.0,0.0,0.0,0.0,0.0,0.0,0.0,0.0,0.0,1.0,22.72061,22.6944,3.278855,0.0,0.0,0.0,0.0,0.0,0.0,0.0,0.0,0.0,0,0.0,0.0,0,0,0,0,0,0,0,0,0,0,0,0,0
1,145.918,14,0.0,0.0,0.0,0.0,0.0,0.0,0.0,0.0,0.0,22.6949,22.7034,3.27929,1,1,0,0,0,0,0,0,0,0,0.0,0.0,0.0,0.0,0.0,0.0,0.0,0.0,0.0,1.0,22.72144,22.6944,3.278538,0.0,0.0,0.0,0.0,0.0,0.0,0.0,0.0,0.0,0,0.0,0.0,0,0,0,0,0,0,0,0,0,0,0,0,0
1,146.91,14,0.0,0.0,0.0,0.0,0.0,0.0,0.0,0.0,0.0,22.6949,22.8089,3.27065,1,1,0,0,0,0,0,0,0,0,0.0,0.0,0.0,0.0,0.0,0.0,0.0,0.0,0.0,1.0,22.73289,22.6949,3.2774590000000003,0.0,0.0,0.0,0.0,0.0,0.0,0.0,0.0,0.0,0,0.0,0.0,0,0,0,0,0,0,0,0,0,0,0,0,0
1,147.912,14,0.0,0.0,0.0,0.0,0.0,0.0,0.0,0.0,0.0,22.6949,22.7202,3.27766,1,1,0,0,0,0,0,0,0,0,0.0,0.0,0.0,0.0,0.0,0.0,0.0,0.0,0.0,1.0,22.73444,22.6949,3.277209,0.0,0.0,0.0,0.0,0.0,0.0,0.0,0.0,0.0,0,0.0,0.0,0,0,0,0,0,0,0,0,0,0,0,0,0
1,148.925,14,0.0,0.0,0.0,0.0,0.0,0.0,0.0,0.0,0.0,22.7034,22.7442,3.27596,1,1,0,0,0,0,0,0,0,0,0.0,0.0,0.0,0.0,0.0,0.0,0.0,0.0,0.0,1.0,22.736579999999996,22.6949,3.277008,0.0,0.0,0.0,0.0,0.0,0.0,0.0,0.0,0.0,0,0.0,0.0,0,0,0,0,0,0,0,0,0,0,0,0,0
1,149.922,14,0.0,0.0,0.0,0.0,0.0,0.0,0.0,0.0,0.0,22.7034,22.7041,3.28114,1,1,0,0,0,0,0,0,0,0,0.0,0.0,0.0,0.0,0.0,0.0,0.0,0.0,0.0,1.0,22.72644,22.6949,3.2780410000000004,0.0,0.0,0.0,0.0,0.0,0.0,0.0,0.0,0.0,0,0.0,0.0,0,0,0,0,0,0,0,0,0,0,0,0,0
1,150.922,15,0.0,0.0,0.0,0.0,0.0,0.0,0.0,0.0,0.0,22.6856,22.6856,3.28301,1,1,0,0,0,0,0,0,0,0,0.0,0.0,0.0,0.0,0.0,0.0,0.0,0.0,0.0,1.0,22.72452,22.6856,3.27846,0.0,0.0,0.0,0.0,0.0,0.0,0.0,0.0,0.0,0,0.0,0.0,0,0,0,0,0,0,0,0,0,0,0,0,0
1,151.915,15,0.0,0.0,0.0,0.0,0.0,0.0,0.0,0.0,0.0,22.6856,22.7379,3.27765,1,1,0,0,0,0,0,0,0,0,0.0,0.0,0.0,0.0,0.0,0.0,0.0,0.0,0.0,1.0,22.72284,22.6856,3.278732,0.0,0.0,0.0,0.0,0.0,0.0,0.0,0.0,0.0,0,0.0,0.0,0,0,0,0,0,0,0,0,0,0,0,0,0
1,152.919,15,0.0,0.0,0.0,0.0,0.0,0.0,0.0,0.0,0.0,22.6856,22.6866,3.28017,1,1,0,0,0,0,0,0,0,0,0.0,0.0,0.0,0.0,0.0,0.0,0.0,0.0,0.0,1.0,22.72115,22.6856,3.278611,0.0,0.0,0.0,0.0,0.0,0.0,0.0,0.0,0.0,0,0.0,0.0,0,0,0,0,0,0,0,0,0,0,0,0,0
1,153.921,15,0.0,0.0,0.0,0.0,0.0,0.0,0.0,0.0,0.0,22.6856,22.8134,3.26998,1,1,0,0,0,0,0,0,0,0,0.0,0.0,0.0,0.0,0.0,0.0,0.0,0.0,0.0,1.0,22.732999999999997,22.6856,3.277439,0.0,0.0,0.0,0.0,0.0,0.0,0.0,0.0,0.0,0,0.0,0.0,0,0,0,0,0,0,0,0,0,0,0,0,0
1,154.926,15,0.0,0.0,0.0,0.0,0.0,0.0,0.0,0.0,0.0,22.6856,22.7391,3.27634,1,1,0,0,0,0,0,0,0,0,0.0,0.0,0.0,0.0,0.0,0.0,0.0,0.0,0.0,1.0,22.73434,22.6856,3.2771850000000002,0.0,0.0,0.0,0.0,0.0,0.0,0.0,0.0,0.0,0,0.0,0.0,0,0,0,0,0,0,0,0,0,0,0,0,0
1,155.921,15,0.0,0.0,0.0,0.0,0.0,0.0,0.0,0.0,0.0,22.6866,22.7295,3.27714,1,1,0,0,0,0,0,0,0,0,0.0,0.0,0.0,0.0,0.0,0.0,0.0,0.0,0.0,1.0,22.73695,22.6856,3.27697,0.0,0.0,0.0,0.0,0.0,0.0,0.0,0.0,0.0,0,0.0,0.0,0,0,0,0,0,0,0,0,0,0,0,0,0
1,156.93,15,0.0,0.0,0.0,0.0,0.0,0.0,0.0,0.0,0.0,22.6866,22.7215,3.279,1,1,0,0,0,0,0,0,0,0,0.0,0.0,0.0,0.0,0.0,0.0,0.0,0.0,0.0,1.0,22.72821,22.6856,3.277805,0.0,0.0,0.0,0.0,0.0,0.0,0.0,0.0,0.0,0,0.0,0.0,0,0,0,0,0,0,0,0,0,0,0,0,0
1,157.923,15,0.0,0.0,0.0,0.0,0.0,0.0,0.0,0.0,0.0,22.6841,22.6841,3.28322,1,1,0,0,0,0,0,0,0,0,0.0,0.0,0.0,0.0,0.0,0.0,0.0,0.0,0.0,1.0,22.7246,22.6841,3.2783609999999994,0.0,0.0,0.0,0.0,0.0,0.0,0.0,0.0,0.0,0,0.0,0.0,0,0,0,0,0,0,0,0,0,0,0,0,0
1,158.924,15,0.0,0.0,0.0,0.0,0.0,0.0,0.0,0.0,0.0,22.6841,22.7331,3.27778,1,1,0,0,0,0,0,0,0,0,0.0,0.0,0.0,0.0,0.0,0.0,0.0,0.0,0.0,1.0,22.72349,22.6841,3.2785430000000004,0.0,0.0,0.0,0.0,0.0,0.0,0.0,0.0,0.0,0,0.0,0.0,0,0,0,0,0,0,0,0,0,0,0,0,0
1,159.926,15,0.0,0.0,0.0,0.0,0.0,0.0,0.0,0.0,0.0,22.6773,22.6773,3.28097,1,1,0,0,0,0,0,0,0,0,0.0,0.0,0.0,0.0,0.0,0.0,0.0,0.0,0.0,1.0,22.72081,22.6773,3.2785260000000003,0.0,0.0,0.0,0.0,0.0,0.0,0.0,0.0,0.0,0,0.0,0.0,0,0,0,0,0,0,0,0,0,0,0,0,0
1,160.927,16,0.0,0.0,0.0,0.0,0.0,0.0,0.0,0.0,0.0,22.6773,22.8004,3.27119,1,1,0,0,0,0,0,0,0,0,0.0,0.0,0.0,0.0,0.0,0.0,0.0,0.0,0.0,1.0,22.73229,22.6773,3.2773440000000003,0.0,0.0,0.0,0.0,0.0,0.0,0.0,0.0,0.0,0,0.0,0.0,0,0,0,0,0,0,0,0,0,0,0,0,0
1,161.926,16,0.0,0.0,0.0,0.0,0.0,0.0,0.0,0.0,0.0,22.6773,22.7567,3.27498,1,1,0,0,0,0,0,0,0,0,0.0,0.0,0.0,0.0,0.0,0.0,0.0,0.0,0.0,1.0,22.73417,22.6773,3.277077,0.0,0.0,0.0,0.0,0.0,0.0,0.0,0.0,0.0,0,0.0,0.0,0,0,0,0,0,0,0,0,0,0,0,0,0
1,162.926,16,0.0,0.0,0.0,0.0,0.0,0.0,0.0,0.0,0.0,22.6773,22.7149,3.27832,1,1,0,0,0,0,0,0,0,0,0.0,0.0,0.0,0.0,0.0,0.0,0.0,0.0,0.0,1.0,22.737000000000002,22.6773,3.276892,0.0,0.0,0.0,0.0,0.0,0.0,0.0,0.0,0.0,0,0.0,0.0,0,0,0,0,0,0,0,0,0,0,0,0,0
1,163.929,16,0.0,0.0,0.0,0.0,0.0,0.0,0.0,0.0,0.0,22.6773,22.7288,3.2779,1,1,0,0,0,0,0,0,0,0,0.0,0.0,0.0,0.0,0.0,0.0,0.0,0.0,0.0,1.0,22.728540000000002,22.6773,3.277684,0.0,0.0,0.0,0.0,0.0,0.0,0.0,0.0,0.0,0,0.0,0.0,0,0,0,0,0,0,0,0,0,0,0,0,0
1,164.932,16,0.0,0.0,0.0,0.0,0.0,0.0,0.0,0.0,0.0,22.691,22.691,3.28236,1,1,0,0,0,0,0,0,0,0,0.0,0.0,0.0,0.0,0.0,0.0,0.0,0.0,0.0,1.0,22.72373,22.6773,3.278286,0.0,0.0,0.0,0.0,0.0,0.0,0.0,0.0,0.0,0,0.0,0.0,0,0,0,0,0,0,0,0,0,0,0,0,0
1,165.933,16,0.0,0.0,0.0,0.0,0.0,0.0,0.0,0.0,0.0,22.691,22.7197,3.27899,1,1,0,0,0,0,0,0,0,0,0.0,0.0,0.0,0.0,0.0,0.0,0.0,0.0,0.0,1.0,22.722749999999998,22.6773,3.2784709999999997,0.0,0.0,0.0,0.0,0.0,0.0,0.0,0.0,0.0,0,0.0,0.0,0,0,0,0,0,0,0,0,0,0,0,0,0
1,166.936,16,0.0,0.0,0.0,0.0,0.0,0.0,0.0,0.0,0.0,22.6795,22.6795,3.28078,1,1,0,0,0,0,0,0,0,0,0.0,0.0,0.0,0.0,0.0,0.0,0.0,0.0,0.0,1.0,22.71855,22.6773,3.278649,0.0,0.0,0.0,0.0,0.0,0.0,0.0,0.0,0.0,0,0.0,0.0,0,0,0,0,0,0,0,0,0,0,0,0,0
1,167.935,16,0.0,0.0,0.0,0.0,0.0,0.0,0.0,0.0,0.0,22.6795,22.7798,3.27298,1,1,0,0,0,0,0,0,0,0,0.0,0.0,0.0,0.0,0.0,0.0,0.0,0.0,0.0,1.0,22.728119999999997,22.6773,3.2776249999999996,0.0,0.0,0.0,0.0,0.0,0.0,0.0,0.0,0.0,0,0.0,0.0,0,0,0,0,0,0,0,0,0,0,0,0,0
1,168.934,16,0.0,0.0,0.0,0.0,0.0,0.0,0.0,0.0,0.0,22.6795,22.7752,3.2734,1,1,0,0,0,0,0,0,0,0,0.0,0.0,0.0,0.0,0.0,0.0,0.0,0.0,0.0,1.0,22.73233,22.6773,3.277187,0.0,0.0,0.0,0.0,0.0,0.0,0.0,0.0,0.0,0,0.0,0.0,0,0,0,0,0,0,0,0,0,0,0,0,0
1,169.947,16,0.0,0.0,0.0,0.0,0.0,0.0,0.0,0.0,0.0,22.6795,22.6998,3.27948,1,1,0,0,0,0,0,0,0,0,0.0,0.0,0.0,0.0,0.0,0.0,0.0,0.0,0.0,1.0,22.73458,22.6795,3.277038,0.0,0.0,0.0,0.0,0.0,0.0,0.0,0.0,0.0,0,0.0,0.0,0,0,0,0,0,0,0,0,0,0,0,0,0
1,170.942,17,0.0,0.0,0.0,0.0,0.0,0.0,0.0,0.0,0.0,22.6795,22.7407,3.27613,1,1,0,0,0,0,0,0,0,0,0.0,0.0,0.0,0.0,0.0,0.0,0.0,0.0,0.0,1.0,22.72861,22.6795,3.277532,0.0,0.0,0.0,0.0,0.0,0.0,0.0,0.0,0.0,0,0.0,0.0,0,0,0,0,0,0,0,0,0,0,0,0,0
1,171.943,17,0.0,0.0,0.0,0.0,0.0,0.0,0.0,0.0,0.0,22.6903,22.6903,3.28259,1,1,0,0,0,0,0,0,0,0,0.0,0.0,0.0,0.0,0.0,0.0,0.0,0.0,0.0,1.0,22.721970000000002,22.6795,3.278293,0.0,0.0,0.0,0.0,0.0,0.0,0.0,0.0,0.0,0,0.0,0.0,0,0,0,0,0,0,0,0,0,0,0,0,0
1,172.943,17,0.0,0.0,0.0,0.0,0.0,0.0,0.0,0.0,0.0,22.6903,22.7058,3.28018,1,1,0,0,0,0,0,0,0,0,0.0,0.0,0.0,0.0,0.0,0.0,0.0,0.0,0.0,1.0,22.72106,22.6795,3.278479,0.0,0.0,0.0,0.0,0.0,0.0,0.0,0.0,0.0,0,0.0,0.0,0,0,0,0,0,0,0,0,0,0,0,0,0
1,173.942,17,0.0,0.0,0.0,0.0,0.0,0.0,0.0,0.0,0.0,22.6807,22.6807,3.28108,1,1,0,0,0,0,0,0,0,0,0.0,0.0,0.0,0.0,0.0,0.0,0.0,0.0,0.0,1.0,22.716250000000002,22.6795,3.278797,0.0,0.0,0.0,0.0,0.0,0.0,0.0,0.0,0.0,0,0.0,0.0,0,0,0,0,0,0,0,0,0,0,0,0,0
1,174.942,17,0.0,0.0,0.0,0.0,0.0,0.0,0.0,0.0,0.0,22.6807,22.7527,3.27538,1,1,0,0,0,0,0,0,0,0,0.0,0.0,0.0,0.0,0.0,0.0,0.0,0.0,0.0,1.0,22.72242,22.6795,3.278099,0.0,0.0,0.0,0.0,0.0,0.0,0.0,0.0,0.0,0,0.0,0.0,0,0,0,0,0,0,0,0,0,0,0,0,0
1,175.94,17,0.0,0.0,0.0,0.0,0.0,0.0,0.0,0.0,0.0,22.6807,22.791,3.27199,1,1,0,0,0,0,0,0,0,0,0.0,0.0,0.0,0.0,0.0,0.0,0.0,0.0,0.0,1.0,22.72955,22.6795,3.277399,0.0,0.0,0.0,0.0,0.0,0.0,0.0,0.0,0.0,0,0.0,0.0,0,0,0,0,0,0,0,0,0,0,0,0,0
1,176.944,17,0.0,0.0,0.0,0.0,0.0,0.0,0.0,0.0,0.0,22.6807,22.6958,3.27964,1,1,0,0,0,0,0,0,0,0,0.0,0.0,0.0,0.0,0.0,0.0,0.0,0.0,0.0,1.0,22.731180000000002,22.6807,3.277285,0.0,0.0,0.0,0.0,0.0,0.0,0.0,0.0,0.0,0,0.0,0.0,0,0,0,0,0,0,0,0,0,0,0,0,0
1,177.945,17,0.0,0.0,0.0,0.0,0.0,0.0,0.0,0.0,0.0,22.6807,22.7524,3.27488,1,1,0,0,0,0,0,0,0,0,0.0,0.0,0.0,0.0,0.0,0.0,0.0,0.0,0.0,1.0,22.72844,22.6807,3.2774750000000004,0.0,0.0,0.0,0.0,0.0,0.0,0.0,0.0,0.0,0,0.0,0.0,0,0,0,0,0,0,0,0,0,0,0,0,0
1,178.945,17,0.0,0.0,0.0,0.0,0.0,0.0,0.0,0.0,0.0,22.6942,22.6942,3.28244,1,1,0,0,0,0,0,0,0,0,0.0,0.0,0.0,0.0,0.0,0.0,0.0,0.0,0.0,1.0,22.72034,22.6807,3.278379,0.0,0.0,0.0,0.0,0.0,0.0,0.0,0.0,0.0,0,0.0,0.0,0,0,0,0,0,0,0,0,0,0,0,0,0
1,179.946,17,0.0,0.0,0.0,0.0,0.0,0.0,0.0,0.0,0.0,22.6942,22.6943,3.28144,1,1,0,0,0,0,0,0,0,0,0.0,0.0,0.0,0.0,0.0,0.0,0.0,0.0,0.0,1.0,22.71979,22.6807,3.278575,0.0,0.0,0.0,0.0,0.0,0.0,0.0,0.0,0.0,0,0.0,0.0,0,0,0,0,0,0,0,0,0,0,0,0,0
1,180.951,18,0.0,0.0,0.0,0.0,0.0,0.0,0.0,0.0,0.0,22.6942,22.6971,3.28047,1,1,0,0,0,0,0,0,0,0,0.0,0.0,0.0,0.0,0.0,0.0,0.0,0.0,0.0,1.0,22.71543,22.6807,3.279009,0.0,0.0,0.0,0.0,0.0,0.0,0.0,0.0,0.0,0,0.0,0.0,0,0,0,0,0,0,0,0,0,0,0,0,0
1,181.952,18,0.0,0.0,0.0,0.0,0.0,0.0,0.0,0.0,0.0,22.6942,22.7265,3.27781,1,1,0,0,0,0,0,0,0,0,0.0,0.0,0.0,0.0,0.0,0.0,0.0,0.0,0.0,1.0,22.71905,22.6807,3.278531,0.0,0.0,0.0,0.0,0.0,0.0,0.0,0.0,0.0,0,0.0,0.0,0,0,0,0,0,0,0,0,0,0,0,0,0
1,182.95,18,0.0,0.0,0.0,0.0,0.0,0.0,0.0,0.0,0.0,22.6942,22.8041,3.27078,1,1,0,0,0,0,0,0,0,0,0.0,0.0,0.0,0.0,0.0,0.0,0.0,0.0,0.0,1.0,22.728879999999997,22.6807,3.277591,0.0,0.0,0.0,0.0,0.0,0.0,0.0,0.0,0.0,0,0.0,0.0,0,0,0,0,0,0,0,0,0,0,0,0,0
1,183.955,18,0.0,0.0,0.0,0.0,0.0,0.0,0.0,0.0,0.0,22.6943,22.6975,3.27968,1,1,0,0,0,0,0,0,0,0,0.0,0.0,0.0,0.0,0.0,0.0,0.0,0.0,0.0,1.0,22.730559999999997,22.6942,3.277451,0.0,0.0,0.0,0.0,0.0,0.0,0.0,0.0,0.0,0,0.0,0.0,0,0,0,0,0,0,0,0,0,0,0,0,0
1,184.952,18,0.0,0.0,0.0,0.0,0.0,0.0,0.0,0.0,0.0,22.6971,22.7541,3.27492,1,1,0,0,0,0,0,0,0,0,0.0,0.0,0.0,0.0,0.0,0.0,0.0,0.0,0.0,1.0,22.730700000000002,22.6942,3.2774050000000003,0.0,0.0,0.0,0.0,0.0,0.0,0.0,0.0,0.0,0,0.0,0.0,0,0,0,0,0,0,0,0,0,0,0,0,0
1,185.959,18,0.0,0.0,0.0,0.0,0.0,0.0,0.0,0.0,0.0,22.6975,22.7043,3.2814,1,1,0,0,0,0,0,0,0,0,0.0,0.0,0.0,0.0,0.0,0.0,0.0,0.0,0.0,1.0,22.72203,22.6942,3.278346,0.0,0.0,0.0,0.0,0.0,0.0,0.0,0.0,0.0,0,0.0,0.0,0,0,0,0,0,0,0,0,0,0,0,0,0
1,186.96,18,0.0,0.0,0.0,0.0,0.0,0.0,0.0,0.0,0.0,22.6946,22.6946,3.28169,1,1,0,0,0,0,0,0,0,0,0.0,0.0,0.0,0.0,0.0,0.0,0.0,0.0,0.0,1.0,22.72191,22.6942,3.278551,0.0,0.0,0.0,0.0,0.0,0.0,0.0,0.0,0.0,0,0.0,0.0,0,0,0,0,0,0,0,0,0,0,0,0,0
1,187.959,18,0.0,0.0,0.0,0.0,0.0,0.0,0.0,0.0,0.0,22.6946,22.7237,3.27883,1,1,0,0,0,0,0,0,0,0,0.0,0.0,0.0,0.0,0.0,0.0,0.0,0.0,0.0,1.0,22.71904,22.6942,3.278946,0.0,0.0,0.0,0.0,0.0,0.0,0.0,0.0,0.0,0,0.0,0.0,0,0,0,0,0,0,0,0,0,0,0,0,0
1,188.958,18,0.0,0.0,0.0,0.0,0.0,0.0,0.0,0.0,0.0,22.6946,22.7072,3.27913,1,1,0,0,0,0,0,0,0,0,0.0,0.0,0.0,0.0,0.0,0.0,0.0,0.0,0.0,1.0,22.72034,22.6943,3.278615,0.0,0.0,0.0,0.0,0.0,0.0,0.0,0.0,0.0,0,0.0,0.0,0,0,0,0,0,0,0,0,0,0,0,0,0
1,189.96,18,0.0,0.0,0.0,0.0,0.0,0.0,0.0,0.0,0.0,22.6946,22.8087,3.27064,1,1,0,0,0,0,0,0,0,0,0.0,0.0,0.0,0.0,0.0,0.0,0.0,0.0,0.0,1.0,22.73178,22.6946,3.2775350000000003,0.0,0.0,0.0,0.0,0.0,0.0,0.0,0.0,0.0,0,0.0,0.0,0,0,0,0,0,0,0,0,0,0,0,0,0
1,190.964,19,0.0,0.0,0.0,0.0,0.0,0.0,0.0,0.0,0.0,22.6946,22.7113,3.27848,1,1,0,0,0,0,0,0,0,0,0.0,0.0,0.0,0.0,0.0,0.0,0.0,0.0,0.0,1.0,22.7332,22.6946,3.2773359999999996,0.0,0.0,0.0,0.0,0.0,0.0,0.0,0.0,0.0,0,0.0,0.0,0,0,0,0,0,0,0,0,0,0,0,0,0
1,191.966,19,0.0,0.0,0.0,0.0,0.0,0.0,0.0,0.0,0.0,22.7072,22.7452,3.27598,1,1,0,0,0,0,0,0,0,0,0.0,0.0,0.0,0.0,0.0,0.0,0.0,0.0,0.0,1.0,22.73507,22.6946,3.2771529999999998,0.0,0.0,0.0,0.0,0.0,0.0,0.0,0.0,0.0,0,0.0,0.0,0,0,0,0,0,0,0,0,0,0,0,0,0
1,192.957,19,0.0,0.0,0.0,0.0,0.0,0.0,0.0,0.0,0.0,22.7036,22.7036,3.28113,1,1,0,0,0,0,0,0,0,0,0.0,0.0,0.0,0.0,0.0,0.0,0.0,0.0,0.0,1.0,22.72502,22.6946,3.278188,0.0,0.0,0.0,0.0,0.0,0.0,0.0,0.0,0.0,0,0.0,0.0,0,0,0,0,0,0,0,0,0,0,0,0,0
1,193.962,19,0.0,0.0,0.0,0.0,0.0,0.0,0.0,0.0,0.0,22.6869,22.6869,3.28279,1,1,0,0,0,0,0,0,0,0,0.0,0.0,0.0,0.0,0.0,0.0,0.0,0.0,0.0,1.0,22.72396,22.6869,3.278499,0.0,0.0,0.0,0.0,0.0,0.0,0.0,0.0,0.0,0,0.0,0.0,0,0,0,0,0,0,0,0,0,0,0,0,0
1,194.961,19,0.0,0.0,0.0,0.0,0.0,0.0,0.0,0.0,0.0,22.6869,22.7295,3.27872,1,1,0,0,0,0,0,0,0,0,0.0,0.0,0.0,0.0,0.0,0.0,0.0,0.0,0.0,1.0,22.7215,22.6869,3.278879,0.0,0.0,0.0,0.0,0.0,0.0,0.0,0.0,0.0,0,0.0,0.0,0,0,0,0,0,0,0,0,0,0,0,0,0
1,195.97,19,0.0,0.0,0.0,0.0,0.0,0.0,0.0,0.0,0.0,22.6869,22.691,3.28027,1,1,0,0,0,0,0,0,0,0,0.0,0.0,0.0,0.0,0.0,0.0,0.0,0.0,0.0,1.0,22.720170000000003,22.6869,3.278766,0.0,0.0,0.0,0.0,0.0,0.0,0.0,0.0,0.0,0,0.0,0.0,0,0,0,0,0,0,0,0,0,0,0,0,0
1,196.966,19,0.0,0.0,0.0,0.0,0.0,0.0,0.0,0.0,0.0,22.6869,22.8155,3.26977,1,1,0,0,0,0,0,0,0,0,0.0,0.0,0.0,0.0,0.0,0.0,0.0,0.0,0.0,1.0,22.73226,22.6869,3.277574,0.0,0.0,0.0,0.0,0.0,0.0,0.0,0.0,0.0,0,0.0,0.0,0,0,0,0,0,0,0,0,0,0,0,0,0
1,197.965,19,0.0,0.0,0.0,0.0,0.0,0.0,0.0,0.0,0.0,22.6869,22.7267,3.27732,1,1,0,0,0,0,0,0,0,0,0.0,0.0,0.0,0.0,0.0,0.0,0.0,0.0,0.0,1.0,22.73256,22.6869,3.277423,0.0,0.0,0.0,0.0,0.0,0.0,0.0,0.0,0.0,0,0.0,0.0,0,0,0,0,0,0,0,0,0,0,0,0,0
1,198.973,19,0.0,0.0,0.0,0.0,0.0,0.0,0.0,0.0,0.0,22.691,22.7342,3.277,1,1,0,0,0,0,0,0,0,0,0.0,0.0,0.0,0.0,0.0,0.0,0.0,0.0,0.0,1.0,22.73526,22.6869,3.27721,0.0,0.0,0.0,0.0,0.0,0.0,0.0,0.0,0.0,0,0.0,0.0,0,0,0,0,0,0,0,0,0,0,0,0,0
1,199.968,19,0.0,0.0,0.0,0.0,0.0,0.0,0.0,0.0,0.0,22.691,22.7128,3.28007,1,1,0,0,0,0,0,0,0,0,0.0,0.0,0.0,0.0,0.0,0.0,0.0,0.0,0.0,1.0,22.72567,22.6869,3.2781530000000005,0.0,0.0,0.0,0.0,0.0,0.0,0.0,0.0,0.0,0,0.0,0.0,0,0,0,0,0,0,0,0,0,0,0,0,0
1,200.975,20,0.0,0.0,0.0,0.0,0.0,0.0,0.0,0.0,0.0,22.6853,22.6853,3.283,1,1,0,0,0,0,0,0,0,0,0.0,0.0,0.0,0.0,0.0,0.0,0.0,0.0,0.0,1.0,22.72307,22.6853,3.2786049999999998,0.0,0.0,0.0,0.0,0.0,0.0,0.0,0.0,0.0,0,0.0,0.0,0,0,0,0,0,0,0,0,0,0,0,0,0
1,201.97,20,0.0,0.0,0.0,0.0,0.0,0.0,0.0,0.0,0.0,22.6853,22.7352,3.27783,1,1,0,0,0,0,0,0,0,0,0.0,0.0,0.0,0.0,0.0,0.0,0.0,0.0,0.0,1.0,22.722070000000002,22.6853,3.27879,0.0,0.0,0.0,0.0,0.0,0.0,0.0,0.0,0.0,0,0.0,0.0,0,0,0,0,0,0,0,0,0,0,0,0,0
1,202.97,20,0.0,0.0,0.0,0.0,0.0,0.0,0.0,0.0,0.0,22.6778,22.6778,3.28098,1,1,0,0,0,0,0,0,0,0,0.0,0.0,0.0,0.0,0.0,0.0,0.0,0.0,0.0,1.0,22.71949,22.6778,3.2787750000000004,0.0,0.0,0.0,0.0,0.0,0.0,0.0,0.0,0.0,0,0.0,0.0,0,0,0,0,0,0,0,0,0,0,0,0,0
1,203.972,20,0.0,0.0,0.0,0.0,0.0,0.0,0.0,0.0,0.0,22.6778,22.8037,3.27102,1,1,0,0,0,0,0,0,0,0,0.0,0.0,0.0,0.0,0.0,0.0,0.0,0.0,0.0,1.0,22.73117,22.6778,3.277598,0.0,0.0,0.0,0.0,0.0,0.0,0.0,0.0,0.0,0,0.0,0.0,0,0,0,0,0,0,0,0,0,0,0,0,0
1,204.974,20,0.0,0.0,0.0,0.0,0.0,0.0,0.0,0.0,0.0,22.6778,22.7464,3.27601,1,1,0,0,0,0,0,0,0,0,0.0,0.0,0.0,0.0,0.0,0.0,0.0,0.0,0.0,1.0,22.73286,22.6778,3.2773269999999997,0.0,0.0,0.0,0.0,0.0,0.0,0.0,0.0,0.0,0,0.0,0.0,0,0,0,0,0,0,0,0,0,0,0,0,0
1,205.974,20,0.0,0.0,0.0,0.0,0.0,0.0,0.0,0.0,0.0,22.6778,22.7182,3.27814,1,1,0,0,0,0,0,0,0,0,0.0,0.0,0.0,0.0,0.0,0.0,0.0,0.0,0.0,1.0,22.73558,22.6778,3.277114,0.0,0.0,0.0,0.0,0.0,0.0,0.0,0.0,0.0,0,0.0,0.0,0,0,0,0,0,0,0,0,0,0,0,0,0
1,206.976,20,0.0,0.0,0.0,0.0,0.0,0.0,0.0,0.0,0.0,22.6778,22.728,3.27813,1,1,0,0,0,0,0,0,0,0,0.0,0.0,0.0,0.0,0.0,0.0,0.0,0.0,0.0,1.0,22.72683,22.6778,3.2779499999999997,0.0,0.0,0.0,0.0,0.0,0.0,0.0,0.0,0.0,0,0.0,0.0,0,0,0,0,0,0,0,0,0,0,0,0,0
1,207.973,20,0.0,0.0,0.0,0.0,0.0,0.0,0.0,0.0,0.0,22.6843,22.6843,3.28323,1,1,0,0,0,0,0,0,0,0,0.0,0.0,0.0,0.0,0.0,0.0,0.0,0.0,0.0,1.0,22.72259,22.6778,3.2785409999999997,0.0,0.0,0.0,0.0,0.0,0.0,0.0,0.0,0.0,0,0.0,0.0,0,0,0,0,0,0,0,0,0,0,0,0,0
1,208.972,20,0.0,0.0,0.0,0.0,0.0,0.0,0.0,0.0,0.0,22.6843,22.7213,3.27903,1,1,0,0,0,0,0,0,0,0,0.0,0.0,0.0,0.0,0.0,0.0,0.0,0.0,0.0,1.0,22.721300000000003,22.6778,3.2787439999999997,0.0,0.0,0.0,0.0,0.0,0.0,0.0,0.0,0.0,0,0.0,0.0,0,0,0,0,0,0,0,0,0,0,0,0,0
1,209.982,20,0.0,0.0,0.0,0.0,0.0,0.0,0.0,0.0,0.0,22.679,22.679,3.28076,1,1,0,0,0,0,0,0,0,0,0.0,0.0,0.0,0.0,0.0,0.0,0.0,0.0,0.0,1.0,22.71792,22.6778,3.2788130000000004,0.0,0.0,0.0,0.0,0.0,0.0,0.0,0.0,0.0,0,0.0,0.0,0,0,0,0,0,0,0,0,0,0,0,0,0
1,210.973,21,0.0,0.0,0.0,0.0,0.0,0.0,0.0,0.0,0.0,22.679,22.783,3.2728,1,1,0,0,0,0,0,0,0,0,0.0,0.0,0.0,0.0,0.0,0.0,0.0,0.0,0.0,1.0,22.727690000000003,22.6778,3.277793,0.0,0.0,0.0,0.0,0.0,0.0,0.0,0.0,0.0,0,0.0,0.0,0,0,0,0,0,0,0,0,0,0,0,0,0
1,211.977,21,0.0,0.0,0.0,0.0,0.0,0.0,0.0,0.0,0.0,22.679,22.772,3.27357,1,1,0,0,0,0,0,0,0,0,0.0,0.0,0.0,0.0,0.0,0.0,0.0,0.0,0.0,1.0,22.73137,22.6778,3.2773670000000004,0.0,0.0,0.0,0.0,0.0,0.0,0.0,0.0,0.0,0,0.0,0.0,0,0,0,0,0,0,0,0,0,0,0,0,0
1,212.979,21,0.0,0.0,0.0,0.0,0.0,0.0,0.0,0.0,0.0,22.679,22.7013,3.27952,1,1,0,0,0,0,0,0,0,0,0.0,0.0,0.0,0.0,0.0,0.0,0.0,0.0,0.0,1.0,22.733719999999998,22.679,3.277221,0.0,0.0,0.0,0.0,0.0,0.0,0.0,0.0,0.0,0,0.0,0.0,0,0,0,0,0,0,0,0,0,0,0,0,0
1,213.984,21,0.0,0.0,0.0,0.0,0.0,0.0,0.0,0.0,0.0,22.679,22.7405,3.27612,1,1,0,0,0,0,0,0,0,0,0.0,0.0,0.0,0.0,0.0,0.0,0.0,0.0,0.0,1.0,22.7274,22.679,3.277731,0.0,0.0,0.0,0.0,0.0,0.0,0.0,0.0,0.0,0,0.0,0.0,0,0,0,0,0,0,0,0,0,0,0,0,0
1,214.984,21,0.0,0.0,0.0,0.0,0.0,0.0,0.0,0.0,0.0,22.69,22.69,3.28258,1,1,0,0,0,0,0,0,0,0,0.0,0.0,0.0,0.0,0.0,0.0,0.0,0.0,0.0,1.0,22.72176,22.679,3.2783879999999996,0.0,0.0,0.0,0.0,0.0,0.0,0.0,0.0,0.0,0,0.0,0.0,0,0,0,0,0,0,0,0,0,0,0,0,0
1,215.992,21,0.0,0.0,0.0,0.0,0.0,0.0,0.0,0.0,0.0,22.69,22.707,3.28021,1,1,0,0,0,0,0,0,0,0,0.0,0.0,0.0,0.0,0.0,0.0,0.0,0.0,0.0,1.0,22.720639999999996,22.679,3.278595,0.0,0.0,0.0,0.0,0.0,0.0,0.0,0.0,0.0,0,0.0,0.0,0,0,0,0,0,0,0,0,0,0,0,0,0
1,216.982,21,0.0,0.0,0.0,0.0,0.0,0.0,0.0,0.0,0.0,22.6785,22.6785,3.28128,1,1,0,0,0,0,0,0,0,0,0.0,0.0,0.0,0.0,0.0,0.0,0.0,0.0,0.0,1.0,22.715690000000002,22.6785,3.2789100000000007,0.0,0.0,0.0,0.0,0.0,0.0,0.0,0.0,0.0,0,0.0,0.0,0,0,0,0,0,0,0,0,0,0,0,0,0
1,217.988,21,0.0,0.0,0.0,0.0,0.0,0.0,0.0,0.0,0.0,22.6785,22.7641,3.27438,1,1,0,0,0,0,0,0,0,0,0.0,0.0,0.0,0.0,0.0,0.0,0.0,0.0,0.0,1.0,22.72367,22.6785,3.2780250000000004,0.0,0.0,0.0,0.0,0.0,0.0,0.0,0.0,0.0,0,0.0,0.0,0,0,0,0,0,0,0,0,0,0,0,0,0
1,218.987,21,0.0,0.0,0.0,0.0,0.0,0.0,0.0,0.0,0.0,22.6785,22.7817,3.27305,1,1,0,0,0,0,0,0,0,0,0.0,0.0,0.0,0.0,0.0,0.0,0.0,0.0,0.0,1.0,22.72971,22.6785,3.2774270000000003,0.0,0.0,0.0,0.0,0.0,0.0,0.0,0.0,0.0,0,0.0,0.0,0,0,0,0,0,0,0,0,0,0,0,0,0
1,219.988,21,0.0,0.0,0.0,0.0,0.0,0.0,0.0,0.0,0.0,22.6785,22.6961,3.27964,1,1,0,0,0,0,0,0,0,0,0.0,0.0,0.0,0.0,0.0,0.0,0.0,0.0,0.0,1.0,22.731420000000004,22.6785,3.277315,0.0,0.0,0.0,0.0,0.0,0.0,0.0,0.0,0.0,0,0.0,0.0,0,0,0,0,0,0,0,0,0,0,0,0,0
1,220.995,22,0.0,0.0,0.0,0.0,0.0,0.0,0.0,0.0,0.0,22.6785,22.7505,3.27508,1,1,0,0,0,0,0,0,0,0,0.0,0.0,0.0,0.0,0.0,0.0,0.0,0.0,0.0,1.0,22.72817,22.6785,3.277543,0.0,0.0,0.0,0.0,0.0,0.0,0.0,0.0,0.0,0,0.0,0.0,0,0,0,0,0,0,0,0,0,0,0,0,0
1,221.992,22,0.0,0.0,0.0,0.0,0.0,0.0,0.0,0.0,0.0,22.6935,22.6935,3.28242,1,1,0,0,0,0,0,0,0,0,0.0,0.0,0.0,0.0,0.0,0.0,0.0,0.0,0.0,1.0,22.72032,22.6785,3.2784279999999995,0.0,0.0,0.0,0.0,0.0,0.0,0.0,0.0,0.0,0,0.0,0.0,0,0,0,0,0,0,0,0,0,0,0,0,0
1,222.99,22,0.0,0.0,0.0,0.0,0.0,0.0,0.0,0.0,0.0,22.6935,22.701,3.28057,1,1,0,0,0,0,0,0,0,0,0.0,0.0,0.0,0.0,0.0,0.0,0.0,0.0,0.0,1.0,22.72029,22.6785,3.2785330000000004,0.0,0.0,0.0,0.0,0.0,0.0,0.0,0.0,0.0,0,0.0,0.0,0,0,0,0,0,0,0,0,0,0,0,0,0
1,223.987,22,0.0,0.0,0.0,0.0,0.0,0.0,0.0,0.0,0.0,22.6911,22.6911,3.28058,1,1,0,0,0,0,0,0,0,0,0.0,0.0,0.0,0.0,0.0,0.0,0.0,0.0,0.0,1.0,22.71535,22.6785,3.2789789999999996,0.0,0.0,0.0,0.0,0.0,0.0,0.0,0.0,0.0,0,0.0,0.0,0,0,0,0,0,0,0,0,0,0,0,0,0
1,224.988,22,0.0,0.0,0.0,0.0,0.0,0.0,0.0,0.0,0.0,22.6911,22.7368,3.27678,1,1,0,0,0,0,0,0,0,0,0.0,0.0,0.0,0.0,0.0,0.0,0.0,0.0,0.0,1.0,22.72003,22.6785,3.2783990000000003,0.0,0.0,0.0,0.0,0.0,0.0,0.0,0.0,0.0,0,0.0,0.0,0,0,0,0,0,0,0,0,0,0,0,0,0
1,225.991,22,0.0,0.0,0.0,0.0,0.0,0.0,0.0,0.0,0.0,22.6911,22.7951,3.27184,1,1,0,0,0,0,0,0,0,0,0.0,0.0,0.0,0.0,0.0,0.0,0.0,0.0,0.0,1.0,22.728839999999998,22.6785,3.2775619999999996,0.0,0.0,0.0,0.0,0.0,0.0,0.0,0.0,0.0,0,0.0,0.0,0,0,0,0,0,0,0,0,0,0,0,0,0
1,226.997,22,0.0,0.0,0.0,0.0,0.0,0.0,0.0,0.0,0.0,22.6911,22.6967,3.27966,1,1,0,0,0,0,0,0,0,0,0.0,0.0,0.0,0.0,0.0,0.0,0.0,0.0,0.0,1.0,22.73066,22.6911,3.2774,0.0,0.0,0.0,0.0,0.0,0.0,0.0,0.0,0.0,0,0.0,0.0,0,0,0,0,0,0,0,0,0,0,0,0,0
1,227.998,22,0.0,0.0,0.0,0.0,0.0,0.0,0.0,0.0,0.0,22.6911,22.7536,3.27491,1,1,0,0,0,0,0,0,0,0,0.0,0.0,0.0,0.0,0.0,0.0,0.0,0.0,0.0,1.0,22.72961,22.6911,3.277453,0.0,0.0,0.0,0.0,0.0,0.0,0.0,0.0,0.0,0,0.0,0.0,0,0,0,0,0,0,0,0,0,0,0,0,0
1,229.001,22,0.0,0.0,0.0,0.0,0.0,0.0,0.0,0.0,0.0,22.6967,22.6972,3.28226,1,1,0,0,0,0,0,0,0,0,0.0,0.0,0.0,0.0,0.0,0.0,0.0,0.0,0.0,1.0,22.72116,22.6911,3.2783740000000003,0.0,0.0,0.0,0.0,0.0,0.0,0.0,0.0,0.0,0,0.0,0.0,0,0,0,0,0,0,0,0,0,0,0,0,0
1,230.002,23,0.0,0.0,0.0,0.0,0.0,0.0,0.0,0.0,0.0,22.6935,22.6935,3.28167,1,1,0,0,0,0,0,0,0,0,0.0,0.0,0.0,0.0,0.0,0.0,0.0,0.0,0.0,1.0,22.720899999999997,22.6911,3.278577,0.0,0.0,0.0,0.0,0.0,0.0,0.0,0.0,0.0,0,0.0,0.0,0,0,0,0,0,0,0,0,0,0,0,0,0
1,231.002,23,0.0,0.0,0.0,0.0,0.0,0.0,0.0,0.0,0.0,22.6935,22.709,3.28001,1,1,0,0,0,0,0,0,0,0,0.0,0.0,0.0,0.0,0.0,0.0,0.0,0.0,0.0,1.0,22.716749999999998,22.6911,3.27907,0.0,0.0,0.0,0.0,0.0,0.0,0.0,0.0,0.0,0,0.0,0.0,0,0,0,0,0,0,0,0,0,0,0,0,0
1,232.003,23,0.0,0.0,0.0,0.0,0.0,0.0,0.0,0.0,0.0,22.6935,22.7196,3.27815,1,1,0,0,0,0,0,0,0,0,0.0,0.0,0.0,0.0,0.0,0.0,0.0,0.0,0.0,1.0,22.71936,22.6911,3.278643,0.0,0.0,0.0,0.0,0.0,0.0,0.0,0.0,0.0,0,0.0,0.0,0,0,0,0,0,0,0,0,0,0,0,0,0
1,233.001,23,0.0,0.0,0.0,0.0,0.0,0.0,0.0,0.0,0.0,22.6935,22.8076,3.27061,1,1,0,0,0,0,0,0,0,0,0.0,0.0,0.0,0.0,0.0,0.0,0.0,0.0,0.0,1.0,22.73002,22.6911,3.2776469999999995,0.0,0.0,0.0,0.0,0.0,0.0,0.0,0.0,0.0,0,0.0,0.0,0,0,0,0,0,0,0,0,0,0,0,0,0
1,234.0,23,0.0,0.0,0.0,0.0,0.0,0.0,0.0,0.0,0.0,22.6935,22.7073,3.27863,1,1,0,0,0,0,0,0,0,0,0.0,0.0,0.0,0.0,0.0,0.0,0.0,0.0,0.0,1.0,22.73164,22.6935,3.2774519999999994,0.0,0.0,0.0,0.0,0.0,0.0,0.0,0.0,0.0,0,0.0,0.0,0,0,0,0,0,0,0,0,0,0,0,0,0
1,235.0,23,0.0,0.0,0.0,0.0,0.0,0.0,0.0,0.0,0.0,22.7073,22.7544,3.27492,1,1,0,0,0,0,0,0,0,0,0.0,0.0,0.0,0.0,0.0,0.0,0.0,0.0,0.0,1.0,22.7334,22.6935,3.277266,0.0,0.0,0.0,0.0,0.0,0.0,0.0,0.0,0.0,0,0.0,0.0,0,0,0,0,0,0,0,0,0,0,0,0,0
1,236.0,23,0.0,0.0,0.0,0.0,0.0,0.0,0.0,0.0,0.0,22.7028,22.7028,3.28136,1,1,0,0,0,0,0,0,0,0,0.0,0.0,0.0,0.0,0.0,0.0,0.0,0.0,0.0,1.0,22.724169999999997,22.6935,3.278218,0.0,0.0,0.0,0.0,0.0,0.0,0.0,0.0,0.0,0,0.0,0.0,0,0,0,0,0,0,0,0,0,0,0,0,0
1,237.009,23,0.0,0.0,0.0,0.0,0.0,0.0,0.0,0.0,0.0,22.6934,22.6934,3.28191,1,1,0,0,0,0,0,0,0,0,0.0,0.0,0.0,0.0,0.0,0.0,0.0,0.0,0.0,1.0,22.72384,22.6934,3.278443,0.0,0.0,0.0,0.0,0.0,0.0,0.0,0.0,0.0,0,0.0,0.0,0,0,0,0,0,0,0,0,0,0,0,0,0
1,238.007,23,0.0,0.0,0.0,0.0,0.0,0.0,0.0,0.0,0.0,22.6934,22.7285,3.2787,1,1,0,0,0,0,0,0,0,0,0.0,0.0,0.0,0.0,0.0,0.0,0.0,0.0,0.0,1.0,22.721330000000002,22.6934,3.2788220000000003,0.0,0.0,0.0,0.0,0.0,0.0,0.0,0.0,0.0,0,0.0,0.0,0,0,0,0,0,0,0,0,0,0,0,0,0
1,239.004,23,0.0,0.0,0.0,0.0,0.0,0.0,0.0,0.0,0.0,22.6934,22.6943,3.2801,1,1,0,0,0,0,0,0,0,0,0.0,0.0,0.0,0.0,0.0,0.0,0.0,0.0,0.0,1.0,22.72104,22.6934,3.278606,0.0,0.0,0.0,0.0,0.0,0.0,0.0,0.0,0.0,0,0.0,0.0,0,0,0,0,0,0,0,0,0,0,0,0,0
1,240.02,24,0.0,0.0,0.0,0.0,0.0,0.0,0.0,0.0,0.0,22.6934,22.8092,3.27065,1,1,0,0,0,0,0,0,0,0,0.0,0.0,0.0,0.0,0.0,0.0,0.0,0.0,0.0,1.0,22.73261,22.6934,3.2775040000000004,0.0,0.0,0.0,0.0,0.0,0.0,0.0,0.0,0.0,0,0.0,0.0,0,0,0,0,0,0,0,0,0,0,0,0,0
1,241.018,24,0.0,0.0,0.0,0.0,0.0,0.0,0.0,0.0,0.0,22.6934,22.7235,3.27749,1,1,0,0,0,0,0,0,0,0,0.0,0.0,0.0,0.0,0.0,0.0,0.0,0.0,0.0,1.0,22.73406,22.6934,3.277252,0.0,0.0,0.0,0.0,0.0,0.0,0.0,0.0,0.0,0,0.0,0.0,0,0,0,0,0,0,0,0,0,0,0,0,0
1,242.006,24,0.0,0.0,0.0,0.0,0.0,0.0,0.0,0.0,0.0,22.6943,22.7416,3.27615,1,1,0,0,0,0,0,0,0,0,0.0,0.0,0.0,0.0,0.0,0.0,0.0,0.0,0.0,1.0,22.736259999999998,22.6934,3.277052,0.0,0.0,0.0,0.0,0.0,0.0,0.0,0.0,0.0,0,0.0,0.0,0,0,0,0,0,0,0,0,0,0,0,0,0
1,243.02,24,0.0,0.0,0.0,0.0,0.0,0.0,0.0,0.0,0.0,22.6943,22.7124,3.28006,1,1,0,0,0,0,0,0,0,0,0.0,0.0,0.0,0.0,0.0,0.0,0.0,0.0,0.0,1.0,22.72674,22.6934,3.277997,0.0,0.0,0.0,0.0,0.0,0.0,0.0,0.0,0.0,0,0.0,0.0,0,0,0,0,0,0,0,0,0,0,0,0,0
1,244.021,24,0.0,0.0,0.0,0.0,0.0,0.0,0.0,0.0,0.0,22.6853,22.6853,3.283,1,1,0,0,0,0,0,0,0,0,0.0,0.0,0.0,0.0,0.0,0.0,0.0,0.0,0.0,1.0,22.72454,22.6853,3.278434,0.0,0.0,0.0,0.0,0.0,0.0,0.0,0.0,0.0,0,0.0,0.0,0,0,0,0,0,0,0,0,0,0,0,0,0
1,245.018,24,0.0,0.0,0.0,0.0,0.0,0.0,0.0,0.0,0.0,22.6853,22.7361,3.27785,1,1,0,0,0,0,0,0,0,0,0.0,0.0,0.0,0.0,0.0,0.0,0.0,0.0,0.0,1.0,22.72271,22.6853,3.278727,0.0,0.0,0.0,0.0,0.0,0.0,0.0,0.0,0.0,0,0.0,0.0,0,0,0,0,0,0,0,0,0,0,0,0,0
1,246.013,24,0.0,0.0,0.0,0.0,0.0,0.0,0.0,0.0,0.0,22.6839,22.6839,3.28035,1,1,0,0,0,0,0,0,0,0,0.0,0.0,0.0,0.0,0.0,0.0,0.0,0.0,0.0,1.0,22.72082,22.6839,3.278626,0.0,0.0,0.0,0.0,0.0,0.0,0.0,0.0,0.0,0,0.0,0.0,0,0,0,0,0,0,0,0,0,0,0,0,0
1,247.021,24,0.0,0.0,0.0,0.0,0.0,0.0,0.0,0.0,0.0,22.6839,22.8048,3.27105,1,1,0,0,0,0,0,0,0,0,0.0,0.0,0.0,0.0,0.0,0.0,0.0,0.0,0.0,1.0,22.73196,22.6839,3.2775399999999997,0.0,0.0,0.0,0.0,0.0,0.0,0.0,0.0,0.0,0,0.0,0.0,0,0,0,0,0,0,0,0,0,0,0,0,0
1,248.016,24,0.0,0.0,0.0,0.0,0.0,0.0,0.0,0.0,0.0,22.6839,22.7429,3.27618,1,1,0,0,0,0,0,0,0,0,0.0,0.0,0.0,0.0,0.0,0.0,0.0,0.0,0.0,1.0,22.733399999999996,22.6839,3.277288,0.0,0.0,0.0,0.0,0.0,0.0,0.0,0.0,0.0,0,0.0,0.0,0,0,0,0,0,0,0,0,0,0,0,0,0
1,249.015,24,0.0,0.0,0.0,0.0,0.0,0.0,0.0,0.0,0.0,22.6839,22.72,3.27819,1,1,0,0,0,0,0,0,0,0,0.0,0.0,0.0,0.0,0.0,0.0,0.0,0.0,0.0,1.0,22.735970000000002,22.6839,3.277097,0.0,0.0,0.0,0.0,0.0,0.0,0.0,0.0,0.0,0,0.0,0.0,0,0,0,0,0,0,0,0,0,0,0,0,0
1,250.019,25,0.0,0.0,0.0,0.0,0.0,0.0,0.0,0.0,0.0,22.6839,22.7217,3.27901,1,1,0,0,0,0,0,0,0,0,0.0,0.0,0.0,0.0,0.0,0.0,0.0,0.0,0.0,1.0,22.72722,22.6839,3.277933,0.0,0.0,0.0,0.0,0.0,0.0,0.0,0.0,0.0,0,0.0,0.0,0,0,0,0,0,0,0,0,0,0,0,0,0
1,251.028,25,0.0,0.0,0.0,0.0,0.0,0.0,0.0,0.0,0.0,22.6841,22.6841,3.28322,1,1,0,0,0,0,0,0,0,0,0.0,0.0,0.0,0.0,0.0,0.0,0.0,0.0,0.0,1.0,22.72328,22.6839,3.278506,0.0,0.0,0.0,0.0,0.0,0.0,0.0,0.0,0.0,0,0.0,0.0,0,0,0,0,0,0,0,0,0,0,0,0,0
1,252.027,25,0.0,0.0,0.0,0.0,0.0,0.0,0.0,0.0,0.0,22.6841,22.7304,3.27797,1,1,0,0,0,0,0,0,0,0,0.0,0.0,0.0,0.0,0.0,0.0,0.0,0.0,0.0,1.0,22.72216,22.6839,3.278688,0.0,0.0,0.0,0.0,0.0,0.0,0.0,0.0,0.0,0,0.0,0.0,0,0,0,0,0,0,0,0,0,0,0,0,0
1,253.024,25,0.0,0.0,0.0,0.0,0.0,0.0,0.0,0.0,0.0,22.6777,22.6777,3.28098,1,1,0,0,0,0,0,0,0,0,0.0,0.0,0.0,0.0,0.0,0.0,0.0,0.0,0.0,1.0,22.718690000000002,22.6777,3.27878,0.0,0.0,0.0,0.0,0.0,0.0,0.0,0.0,0.0,0,0.0,0.0,0,0,0,0,0,0,0,0,0,0,0,0,0
1,254.023,25,0.0,0.0,0.0,0.0,0.0,0.0,0.0,0.0,0.0,22.6777,22.7942,3.27154,1,1,0,0,0,0,0,0,0,0,0.0,0.0,0.0,0.0,0.0,0.0,0.0,0.0,0.0,1.0,22.72958,22.6777,3.277634,0.0,0.0,0.0,0.0,0.0,0.0,0.0,0.0,0.0,0,0.0,0.0,0,0,0,0,0,0,0,0,0,0,0,0,0
1,255.045,25,0.0,0.0,0.0,0.0,0.0,0.0,0.0,0.0,0.0,22.6777,22.7628,3.27463,1,1,0,0,0,0,0,0,0,0,0.0,0.0,0.0,0.0,0.0,0.0,0.0,0.0,0.0,1.0,22.73225,22.6777,3.277312,0.0,0.0,0.0,0.0,0.0,0.0,0.0,0.0,0.0,0,0.0,0.0,0,0,0,0,0,0,0,0,0,0,0,0,0
1,256.028,25,0.0,0.0,0.0,0.0,0.0,0.0,0.0,0.0,0.0,22.6777,22.704,3.27933,1,1,0,0,0,0,0,0,0,0,0.0,0.0,0.0,0.0,0.0,0.0,0.0,0.0,0.0,1.0,22.73426,22.6777,3.27721,0.0,0.0,0.0,0.0,0.0,0.0,0.0,0.0,0.0,0,0.0,0.0,0,0,0,0,0,0,0,0,0,0,0,0,0
1,257.024,25,0.0,0.0,0.0,0.0,0.0,0.0,0.0,0.0,0.0,22.6777,22.7342,3.277,1,1,0,0,0,0,0,0,0,0,0.0,0.0,0.0,0.0,0.0,0.0,0.0,0.0,0.0,1.0,22.7272,22.6777,3.277805,0.0,0.0,0.0,0.0,0.0,0.0,0.0,0.0,0.0,0,0.0,0.0,0,0,0,0,0,0,0,0,0,0,0,0,0
1,258.027,25,0.0,0.0,0.0,0.0,0.0,0.0,0.0,0.0,0.0,22.6896,22.6896,3.28257,1,1,0,0,0,0,0,0,0,0,0.0,0.0,0.0,0.0,0.0,0.0,0.0,0.0,0.0,1.0,22.721870000000003,22.6777,3.2784440000000004,0.0,0.0,0.0,0.0,0.0,0.0,0.0,0.0,0.0,0,0.0,0.0,0,0,0,0,0,0,0,0,0,0,0,0,0
1,259.037,25,0.0,0.0,0.0,0.0,0.0,0.0,0.0,0.0,0.0,22.6896,22.7169,3.27917,1,1,0,0,0,0,0,0,0,0,0.0,0.0,0.0,0.0,0.0,0.0,0.0,0.0,0.0,1.0,22.72156,22.6777,3.2785420000000003,0.0,0.0,0.0,0.0,0.0,0.0,0.0,0.0,0.0,0,0.0,0.0,0,0,0,0,0,0,0,0,0,0,0,0,0
1,260.035,26,0.0,0.0,0.0,0.0,0.0,0.0,0.0,0.0,0.0,22.6819,22.6819,3.28058,1,1,0,0,0,0,0,0,0,0,0.0,0.0,0.0,0.0,0.0,0.0,0.0,0.0,0.0,1.0,22.71758,22.6777,3.2786989999999996,0.0,0.0,0.0,0.0,0.0,0.0,0.0,0.0,0.0,0,0.0,0.0,0,0,0,0,0,0,0,0,0,0,0,0,0
1,261.029,26,0.0,0.0,0.0,0.0,0.0,0.0,0.0,0.0,0.0,22.6819,22.7764,3.27315,1,1,0,0,0,0,0,0,0,0,0.0,0.0,0.0,0.0,0.0,0.0,0.0,0.0,0.0,1.0,22.72681,22.6777,3.2776919999999996,0.0,0.0,0.0,0.0,0.0,0.0,0.0,0.0,0.0,0,0.0,0.0,0,0,0,0,0,0,0,0,0,0,0,0,0
1,262.039,26,0.0,0.0,0.0,0.0,0.0,0.0,0.0,0.0,0.0,22.6819,22.778,3.27321,1,1,0,0,0,0,0,0,0,0,0.0,0.0,0.0,0.0,0.0,0.0,0.0,0.0,0.0,1.0,22.731569999999998,22.6777,3.277216,0.0,0.0,0.0,0.0,0.0,0.0,0.0,0.0,0.0,0,0.0,0.0,0,0,0,0,0,0,0,0,0,0,0,0,0
1,263.04,26,0.0,0.0,0.0,0.0,0.0,0.0,0.0,0.0,0.0,22.6819,22.6972,3.27967,1,1,0,0,0,0,0,0,0,0,0.0,0.0,0.0,0.0,0.0,0.0,0.0,0.0,0.0,1.0,22.73352,22.6819,3.2770849999999996,0.0,0.0,0.0,0.0,0.0,0.0,0.0,0.0,0.0,0,0.0,0.0,0,0,0,0,0,0,0,0,0,0,0,0,0
1,264.035,26,0.0,0.0,0.0,0.0,0.0,0.0,0.0,0.0,0.0,22.6819,22.7494,3.27506,1,1,0,0,0,0,0,0,0,0,0.0,0.0,0.0,0.0,0.0,0.0,0.0,0.0,0.0,1.0,22.72904,22.6819,3.2774370000000004,0.0,0.0,0.0,0.0,0.0,0.0,0.0,0.0,0.0,0,0.0,0.0,0,0,0,0,0,0,0,0,0,0,0,0,0
1,265.037,26,0.0,0.0,0.0,0.0,0.0,0.0,0.0,0.0,0.0,22.691,22.691,3.28261,1,1,0,0,0,0,0,0,0,0,0.0,0.0,0.0,0.0,0.0,0.0,0.0,0.0,0.0,1.0,22.72186,22.6819,3.278235,0.0,0.0,0.0,0.0,0.0,0.0,0.0,0.0,0.0,0,0.0,0.0,0,0,0,0,0,0,0,0,0,0,0,0,0
1,266.038,26,0.0,0.0,0.0,0.0,0.0,0.0,0.0,0.0,0.0,22.691,22.7037,3.28038,1,1,0,0,0,0,0,0,0,0,0.0,0.0,0.0,0.0,0.0,0.0,0.0,0.0,0.0,1.0,22.72183,22.6819,3.27834,0.0,0.0,0.0,0.0,0.0,0.0,0.0,0.0,0.0,0,0.0,0.0,0,0,0,0,0,0,0,0,0,0,0,0,0
1,267.036,26,0.0,0.0,0.0,0.0,0.0,0.0,0.0,0.0,0.0,22.6839,22.6839,3.28091,1,1,0,0,0,0,0,0,0,0,0.0,0.0,0.0,0.0,0.0,0.0,0.0,0.0,0.0,1.0,22.7168,22.6819,3.2787309999999996,0.0,0.0,0.0,0.0,0.0,0.0,0.0,0.0,0.0,0,0.0,0.0,0,0,0,0,0,0,0,0,0,0,0,0,0
1,268.039,26,0.0,0.0,0.0,0.0,0.0,0.0,0.0,0.0,0.0,22.6839,22.7476,3.27576,1,1,0,0,0,0,0,0,0,0,0.0,0.0,0.0,0.0,0.0,0.0,0.0,0.0,0.0,1.0,22.7226,22.6819,3.2780500000000004,0.0,0.0,0.0,0.0,0.0,0.0,0.0,0.0,0.0,0,0.0,0.0,0,0,0,0,0,0,0,0,0,0,0,0,0
1,269.033,26,0.0,0.0,0.0,0.0,0.0,0.0,0.0,0.0,0.0,22.6839,22.7922,3.27202,1,1,0,0,0,0,0,0,0,0,0.0,0.0,0.0,0.0,0.0,0.0,0.0,0.0,0.0,1.0,22.730129999999996,22.6819,3.277335,0.0,0.0,0.0,0.0,0.0,0.0,0.0,0.0,0.0,0,0.0,0.0,0,0,0,0,0,0,0,0,0,0,0,0,0
1,270.046,27,0.0,0.0,0.0,0.0,0.0,0.0,0.0,0.0,0.0,22.6839,22.6962,3.27965,1,1,0,0,0,0,0,0,0,0,0.0,0.0,0.0,0.0,0.0,0.0,0.0,0.0,0.0,1.0,22.731559999999998,22.6839,3.2772419999999998,0.0,0.0,0.0,0.0,0.0,0.0,0.0,0.0,0.0,0,0.0,0.0,0,0,0,0,0,0,0,0,0,0,0,0,0
1,271.045,27,0.0,0.0,0.0,0.0,0.0,0.0,0.0,0.0,0.0,22.6839,22.7531,3.2749,1,1,0,0,0,0,0,0,0,0,0.0,0.0,0.0,0.0,0.0,0.0,0.0,0.0,0.0,1.0,22.72923,22.6839,3.277417,0.0,0.0,0.0,0.0,0.0,0.0,0.0,0.0,0.0,0,0.0,0.0,0,0,0,0,0,0,0,0,0,0,0,0,0
1,272.045,27,0.0,0.0,0.0,0.0,0.0,0.0,0.0,0.0,0.0,22.6953,22.6953,3.28246,1,1,0,0,0,0,0,0,0,0,0.0,0.0,0.0,0.0,0.0,0.0,0.0,0.0,0.0,1.0,22.72096,22.6839,3.278342,0.0,0.0,0.0,0.0,0.0,0.0,0.0,0.0,0.0,0,0.0,0.0,0,0,0,0,0,0,0,0,0,0,0,0,0
1,273.045,27,0.0,0.0,0.0,0.0,0.0,0.0,0.0,0.0,0.0,22.6945,22.6945,3.28144,1,1,0,0,0,0,0,0,0,0,0.0,0.0,0.0,0.0,0.0,0.0,0.0,0.0,0.0,1.0,22.72069,22.6839,3.278519,0.0,0.0,0.0,0.0,0.0,0.0,0.0,0.0,0.0,0,0.0,0.0,0,0,0,0,0,0,0,0,0,0,0,0,0
1,274.053,27,0.0,0.0,0.0,0.0,0.0,0.0,0.0,0.0,0.0,22.6945,22.705,3.28017,1,1,0,0,0,0,0,0,0,0,0.0,0.0,0.0,0.0,0.0,0.0,0.0,0.0,0.0,1.0,22.71625,22.6839,3.27903,0.0,0.0,0.0,0.0,0.0,0.0,0.0,0.0,0.0,0,0.0,0.0,0,0,0,0,0,0,0,0,0,0,0,0,0
1,275.05,27,0.0,0.0,0.0,0.0,0.0,0.0,0.0,0.0,0.0,22.6945,22.7225,3.27797,1,1,0,0,0,0,0,0,0,0,0.0,0.0,0.0,0.0,0.0,0.0,0.0,0.0,0.0,1.0,22.7194,22.6839,3.278566,0.0,0.0,0.0,0.0,0.0,0.0,0.0,0.0,0.0,0,0.0,0.0,0,0,0,0,0,0,0,0,0,0,0,0,0
1,276.055,27,0.0,0.0,0.0,0.0,0.0,0.0,0.0,0.0,0.0,22.6945,22.8056,3.27082,1,1,0,0,0,0,0,0,0,0,0.0,0.0,0.0,0.0,0.0,0.0,0.0,0.0,0.0,1.0,22.729589999999998,22.6839,3.27761,0.0,0.0,0.0,0.0,0.0,0.0,0.0,0.0,0.0,0,0.0,0.0,0,0,0,0,0,0,0,0,0,0,0,0,0
1,277.054,27,0.0,0.0,0.0,0.0,0.0,0.0,0.0,0.0,0.0,22.6945,22.705,3.27883,1,1,0,0,0,0,0,0,0,0,0.0,0.0,0.0,0.0,0.0,0.0,0.0,0.0,0.0,1.0,22.7317,22.6945,3.277402,0.0,0.0,0.0,0.0,0.0,0.0,0.0,0.0,0.0,0,0.0,0.0,0,0,0,0,0,0,0,0,0,0,0,0,0
1,278.055,27,2.1304644338048293,2.1283360977071224,0.12216514413673871,0.12216514413673871,0.054633913354161526,0.9947132225206735,0.038632010615485886,0.04973566112603368,0.005463391335416153,22.705,36.2924,3.7416,1,1,0,0,0,0,0,0,0,0,0.0,0.0,0.0,0.0,0.0,0.0,0.0,0.0,0.0,1.0,24.08618,22.6945,3.323986,0.01221651441367387,0.038632010615485886,0.01221651441367387,0.0,0.0,0.0,0.0,0.0,0.0,0,0.0,0.0,0,0,0,0,0,0,0,0,0,0,0,0,0
1,279.056,27,3.945202680092982,1.8129253209671858,0.8836707394450695,0.7615055953083307,0.3851808449459768,0.9871072526554326,0.2778144296154992,0.09909102375880531,0.043981475830013834,22.705,23.7951,6.49927,1,1,0,0,0,0,0,0,0,0,0.0,0.0,0.0,0.0,0.0,0.0,0.0,0.0,0.0,1.0,24.186469999999996,22.6945,3.646711,0.10058358835818082,0.2778144296154992,0.08836707394450695,0.0,0.0,0.0,0.0,0.0,0.0,0,0.0,0.0,0,0,0,0,0,0,0,0,0,0,0,0,0
1,280.053,28,0.2264247059645571,-3.72996787776171,0.0,0.8836707394450695,0.3851808449459768,0.9830864822749921,0.2778144296154992,0.1482453478725549,0.08249956032461152,22.705,24.9109,6.55867,1,1,0,0,0,0,0,0,0,0,0.0,0.0,0.0,0.0,0.0,0.0,0.0,0.0,0.0,1.0,24.407940000000004,22.6945,3.974613,0.10058358835818082,0.2778144296154992,0.1767341478890139,0.0,0.0,0.0,0.0,0.0,0.0,0,0.0,0.0,0,0,0,0,0,0,0,0,0,0,0,0,0
1,281.058,28,0.0,-0.2252982148901066,0.0,0.0,0.3851808449459768,0.9830864822749921,0.2778144296154992,0.19739967198630454,0.12101764481920921,22.705,24.9341,6.56359,1,1,0,0,0,0,0,0,0,0,0.0,0.0,0.0,0.0,0.0,0.0,0.0,0.0,0.0,1.0,24.62604,22.6945,4.303482000000001,0.10058358835818082,0.2778144296154992,0.1767341478890139,0.0,0.0,0.0,0.0,0.0,0.0,0,0.0,0.0,0,0,0,0,0,0,0,0,0,0,0,0,0
1,282.055,28,0.0,0.0,0.0,0.0,0.3851808449459768,0.9830864822749921,0.2778144296154992,0.2465539961000541,0.15953572931380688,23.7951,24.9248,6.55182,1,1,0,0,0,0,0,0,0,0,0.0,0.0,0.0,0.0,0.0,0.0,0.0,0.0,0.0,1.0,24.848989999999997,22.6945,4.630418000000001,0.10058358835818082,0.2778144296154992,0.1767341478890139,0.0,0.0,0.0,0.0,0.0,0.0,0,0.0,0.0,0,0,0,0,0,0,0,0,0,0,0,0,0
1,283.057,28,3.441069282206636,3.4342008804457445,0.20033810262615587,0.20033810262615587,0.3827513217408675,0.28866208739146976,0.276977352675612,0.2609871004696276,0.19781086148789365,22.6728,22.6728,4.13558,1,1,0,0,0,0,0,0,0,0,0.0,0.0,0.0,0.0,0.0,0.0,0.0,0.0,0.0,1.0,24.846819999999997,22.6728,4.715832,0.12061739862079641,0.276977352675612,0.19676795815162948,0.0,0.0,0.0,0.0,0.0,0.0,0,0.0,0.0,0,0,0,0,0,0,0,0,0,0,0,0,0
1,284.061,28,2.502758156931222,-0.9345728339396555,0.8751622470576197,0.6748241444314638,0.3790462087941276,0.04610986274373738,0.360346524680175,0.2632925936068145,0.23571548236730638,22.6728,29.2238,2.89689,1,1,0,0,0,0,0,0,0,0,0.0,0.0,0.0,0.0,0.0,0.0,0.0,0.0,0.0,1.0,25.4987,22.6728,4.677504,0.2081336233265584,0.360346524680175,0.26425037259477585,0.0,0.0,0.0,0.0,0.0,0.0,0,0.0,0.0,0,0,0,0,0,0,0,0,0,0,0,0,0
1,285.067,28,0.6303441057768182,-1.8612465717240592,0.12891152080575213,0.7462507262518676,0.3648770010154194,0.04901868788463314,0.35432898695842446,0.26574352800104617,0.27220318246884834,22.6728,29.6362,2.82997,1,1,0,0,0,0,0,0,0,0,0.0,0.0,0.0,0.0,0.0,0.0,0.0,0.0,0.0,1.0,26.190070000000002,22.6728,4.632704,0.22102477540713358,0.35432898695842446,0.3388754452199626,0.0,0.0,0.0,0.0,0.0,0.0,0,0.0,0.0,0,0,0,0,0,0,0,0,0,0,0,0,0
1,286.069,28,3.8541467012857202,3.217367859789323,0.34625717259411753,0.2173456517883654,0.3397210721947216,0.2620571903782716,0.34717640056685034,0.2788463875199597,0.3061752896883205,22.6728,99.3618,4.24421,1,1,0,0,0,0,0,0,0,0,0.0,0.0,0.0,0.0,0.0,0.0,0.0,0.0,0.0,1.0,33.845690000000005,22.6728,4.730043,0.2556504926665454,0.34717640056685034,0.36061001039879914,0.0,0.0,0.0,0.0,0.0,0.0,0,0.0,0.0,0,0,0,0,0,0,0,0,0,0,0,0,0
1,287.064,28,4.027390876961971,0.17411474942336766,2.1978643744712865,1.851607201877169,0.8606485600802691,0.33803118852728264,0.691902360277034,0.29574794694632384,0.3922401456963474,22.6728,32.1482,5.00073,1,1,0,0,0,0,0,0,0,0,0.0,0.0,0.0,0.0,0.0,0.0,0.0,0.0,0.0,1.0,34.79001,22.6728,4.902233000000001,0.475436930113674,0.691902360277034,0.545770730586516,0.0,0.0,0.0,0.0,0.0,0.0,0,0.0,0.0,0,0,0,0,0,0,0,0,0,0,0,0,0
1,288.061,28,2.6056035609760313,-1.4260655125235102,0.6902086983476997,1.5076556761235866,0.8087959118865409,0.23550775984569586,0.6829363477031735,0.3075233349386086,0.46765634554958535,29.2238,35.2599,3.12781,1,1,0,0,0,0,0,0,0,0,0.0,0.0,0.0,0.0,0.0,0.0,0.0,0.0,0.0,1.0,34.68676000000001,22.6728,4.840853999999999,0.5322412855347701,0.6829363477031735,0.6843197837852009,0.0,0.0,0.0,0.0,0.0,0.0,0,0.0,0.0,0,0,0,0,0,0,0,0,0,0,0,0,0
1,289.065,28,0.0,-2.5952226702948518,0.0,0.6902086983476997,0.8918000098125174,0.23550775984569586,0.6895497099560475,0.3192987229308934,0.5183182620362394,29.6362,35.1132,3.12968,1,1,0,0,0,0,0,0,0,0,0.0,0.0,0.0,0.0,0.0,0.0,0.0,0.0,0.0,1.0,35.81857,22.6728,4.503895,0.4438742115902632,0.6895497099560475,0.6771900940891378,0.0,0.0,0.0,0.0,0.0,0.0,0,0.0,0.0,0,0,0,0,0,0,0,0,0,0,0,0,0
1,290.066,29,0.0,0.0,0.0,0.0,0.9130596171853951,0.23550775984569586,0.6895497099560475,0.3310741109231782,0.5711061392601813,32.1482,35.2543,3.13378,1,1,0,0,0,0,0,0,0,0,0.0,0.0,0.0,0.0,0.0,0.0,0.0,0.0,0.0,1.0,36.85291,22.6728,4.161406,0.4438742115902632,0.6895497099560475,0.5888230201446307,0.0,0.0,0.0,0.0,0.0,0.0,0,0.0,0.0,0,0,0,0,0,0,0,0,0,0,0,0,0
1,291.069,29,0.0,0.0,0.0,0.0,0.9537822918591623,0.23550775984569586,0.6895497099560475,0.342849498915463,0.6279662839514998,32.1482,35.1722,3.13119,1,1,0,0,0,0,0,0,0,0,0.0,0.0,0.0,0.0,0.0,0.0,0.0,0.0,0.0,1.0,37.87672,22.6728,3.818166,0.4438742115902632,0.6895497099560475,0.5888230201446307,0.0,0.0,0.0,0.0,0.0,0.0,0,0.0,0.0,0,0,0,0,0,0,0,0,0,0,0,0,0
1,292.069,29,0.0,0.0,0.0,0.0,0.3086707136334208,0.23550775984569586,0.6895497099560475,0.35462488690774785,0.6203152708202442,35.1132,35.1787,3.13036,1,1,0,0,0,0,0,0,0,0,0.0,0.0,0.0,0.0,0.0,0.0,0.0,0.0,0.0,1.0,38.90211,22.6728,3.4760199999999997,0.4438742115902632,0.6895497099560475,0.5888230201446307,0.0,0.0,0.0,0.0,0.0,0.0,0,0.0,0.0,0,0,0,0,0,0,0,0,0,0,0,0,0
1,293.075,29,0.0,0.0,0.0,0.0,0.0,0.23550775984569586,0.7002388613349764,0.36640027490003263,0.5820401386461574,35.1132,35.1978,3.12893,1,1,0,0,0,0,0,0,0,0,0.0,0.0,0.0,0.0,0.0,0.0,0.0,0.0,0.0,1.0,40.154610000000005,29.2238,3.3753550000000003,0.4238404013276476,0.7002388613349764,0.5687892098820152,0.0,0.0,0.0,0.0,0.0,0.0,0,0.0,0.0,0,0,0,0,0,0,0,0,0,0,0,0,0
1,294.074,29,0.0,0.0,0.0,0.0,0.0,0.23550775984569586,0.6922081051734463,0.3781756628923174,0.5441355177667446,35.1722,35.1911,3.12633,1,1,0,0,0,0,0,0,0,0,0.0,0.0,0.0,0.0,0.0,0.0,0.0,0.0,0.0,1.0,40.75134,29.6362,3.398299,0.3363241766218856,0.6922081051734463,0.5013067954388688,0.0,0.0,0.0,0.0,0.0,0.0,0,0.0,0.0,0,0,0,0,0,0,0,0,0,0,0,0,0
1,295.078,29,0.0,0.0,0.0,0.0,0.0,0.23550775984569586,0.6976787442638592,0.3899510508846022,0.5076478176652027,35.1722,35.2497,3.12792,1,1,0,0,0,0,0,0,0,0,0.0,0.0,0.0,0.0,0.0,0.0,0.0,0.0,0.0,1.0,41.312689999999996,32.1482,3.428094,0.3234330245413104,0.6976787442638592,0.4266817228136821,0.0,0.0,0.0,0.0,0.0,0.0,0,0.0,0.0,0,0,0,0,0,0,0,0,0,0,0,0,0
1,296.074,29,0.0,0.0,0.0,0.0,0.0,0.23550775984569586,0.7049743295918003,0.40172643887688697,0.4736757104457306,35.117,35.117,3.12874,1,1,0,0,0,0,0,0,0,0,0.0,0.0,0.0,0.0,0.0,0.0,0.0,0.0,0.0,1.0,34.88821,32.1482,3.316547,0.28880730728189863,0.7049743295918003,0.40494715763484557,0.0,0.0,0.0,0.0,0.0,0.0,0,0.0,0.0,0,0,0,0,0,0,0,0,0,0,0,0,0
1,297.078,29,0.0,0.0,0.0,0.0,0.0,0.23550775984569586,0.21826315476388242,0.41350182686917175,0.3876108544377036,35.117,35.2337,3.1334,1,1,0,0,0,0,0,0,0,0,0.0,0.0,0.0,0.0,0.0,0.0,0.0,0.0,0.0,1.0,35.19676,35.1132,3.129814,0.06902086983476997,0.21826315476388242,0.2197864374471286,0.0,0.0,0.0,0.0,0.0,0.0,0,0.0,0.0,0,0,0,0,0,0,0,0,0,0,0,0,0
1,298.075,29,0.0,0.0,0.0,0.0,0.0,0.28739381679854753,0.0,0.3781358565830654,0.3067312632490496,35.117,35.2043,3.13152,1,1,0,0,0,0,0,0,0,0,0.0,0.0,0.0,0.0,0.0,0.0,0.0,0.0,0.0,1.0,35.191199999999995,35.1132,3.130185,0.0,0.0,0.06902086983476997,0.0,0.0,0.0,0.0,0.0,0.0,0,0.0,0.0,0,0,0,0,0,0,0,0,0,0,0,0,0
1,299.078,29,0.0,0.0,0.0,0.0,0.0,0.47040006459845873,0.0,0.3523004971802168,0.2175512622677978,35.117,35.1642,3.12972,1,1,0,0,0,0,0,0,0,0,0.0,0.0,0.0,0.0,0.0,0.0,0.0,0.0,0.0,1.0,35.196299999999994,35.117,3.130189,0.0,0.0,0.0,0.0,0.0,0.0,0.0,0.0,0.0,0,0.0,0.0,0,0,0,0,0,0,0,0,0,0,0,0,0
1,300.077,30,0.0,0.0,0.0,0.0,0.0,0.4810360862229091,0.0,0.32719797737761264,0.1262453005492583,35.117,35.1899,3.13029,1,1,0,0,0,0,0,0,0,0,0.0,0.0,0.0,0.0,0.0,0.0,0.0,0.0,0.0,1.0,35.189859999999996,35.117,3.12984,0.0,0.0,0.0,0.0,0.0,0.0,0.0,0.0,0.0,0,0.0,0.0,0,0,0,0,0,0,0,0,0,0,0,0,0
1,301.081,30,0.0,0.0,0.0,0.0,0.0,0.4810360862229091,0.0,0.30209545757500844,0.03086707136334208,35.1642,35.1759,3.12733,1,1,0,0,0,0,0,0,0,0,0.0,0.0,0.0,0.0,0.0,0.0,0.0,0.0,0.0,1.0,35.19023,35.117,3.129454,0.0,0.0,0.0,0.0,0.0,0.0,0.0,0.0,0.0,0,0.0,0.0,0,0,0,0,0,0,0,0,0,0,0,0,0
1,302.08,30,0.0,0.0,0.0,0.0,0.0,0.4810360862229091,0.0,0.27699293777240436,0.0,35.1642,35.2365,3.12733,1,1,0,0,0,0,0,0,0,0,0.0,0.0,0.0,0.0,0.0,0.0,0.0,0.0,0.0,1.0,35.19601,35.117,3.1291510000000002,0.0,0.0,0.0,0.0,0.0,0.0,0.0,0.0,0.0,0,0.0,0.0,0,0,0,0,0,0,0,0,0,0,0,0,0
1,303.087,30,0.0,0.0,0.0,0.0,0.0,0.4668868076478365,0.0,0.2859041737852227,0.0,35.1342,35.1342,3.1284,1,1,0,0,0,0,0,0,0,0,0.0,0.0,0.0,0.0,0.0,0.0,0.0,0.0,0.0,1.0,35.18965,35.117,3.129098,0.0,0.0,0.0,0.0,0.0,0.0,0.0,0.0,0.0,0,0.0,0.0,0,0,0,0,0,0,0,0,0,0,0,0,0
1,304.082,30,0.0,0.0,0.8570979435830268,0.8570979435830268,0.38330585304538556,0.45977029291239085,0.27103816795688634,0.3065871952936553,0.038330585304538554,35.1342,48.7931,3.1333,1,1,0,0,0,0,0,0,0,0,0.0,0.0,0.0,0.0,0.0,0.0,0.0,0.0,0.0,1.0,36.54985,35.117,3.129795,0.08570979435830269,0.27103816795688634,0.08570979435830269,0.0,0.0,0.0,0.0,0.0,0.0,0,0.0,0.0,0,0,0,0,0,0,0,0,0,0,0,0,0
1,305.084,30,0.0,0.0,0.0,0.8570979435830268,0.38330585304538556,0.469699859199905,0.27103816795688634,0.3276212538594189,0.07666117060907711,35.1342,48.7643,3.13196,1,1,0,0,0,0,0,0,0,0,0.0,0.0,0.0,0.0,0.0,0.0,0.0,0.0,0.0,1.0,37.90131,35.117,3.130199,0.08570979435830269,0.27103816795688634,0.17141958871660537,0.0,0.0,0.0,0.0,0.0,0.0,0,0.0,0.0,0,0,0,0,0,0,0,0,0,0,0,0,0
1,306.079,30,0.7117401747922582,0.7153167585851841,0.6783650071774935,0.6783650071774935,0.4252254323372291,0.5566119017999749,0.32643381506165375,0.3423489894305041,0.11918371384280002,35.1342,41.2109,2.57027,1,1,0,0,0,0,0,0,0,0,0.0,0.0,0.0,0.0,0.0,0.0,0.0,0.0,0.0,1.0,38.5107,35.1342,3.074352,0.15354629507605205,0.32643381506165375,0.23925608943435472,0.0,0.0,0.0,0.0,0.0,0.0,0,0.0,0.0,0,0,0,0,0,0,0,0,0,0,0,0,0
1,307.09,30,1.0742768729878371,0.35859218416971217,1.5160495770380913,0.8376845698605978,0.6385249694475885,0.6130565360922118,0.5335446890752203,0.35610025680875057,0.18303621078755888,35.1342,63.2633,2.60231,1,1,0,0,0,0,0,0,0,0,0.0,0.0,0.0,0.0,0.0,0.0,0.0,0.0,0.0,1.0,41.31366,35.1342,3.0212429999999997,0.30515125277986116,0.5335446890752203,0.3230245464204145,0.0,0.0,0.0,0.0,0.0,0.0,0,0.0,0.0,0,0,0,0,0,0,0,0,0,0,0,0,0
1,308.09,30,0.0,-1.0742768729878371,0.0,1.5160495770380913,0.6385249694475885,0.7921119836391624,0.5335446890752203,0.3839304679984239,0.24688870773231772,41.2109,63.0744,2.60293,1,1,0,0,0,0,0,0,0,0,0.0,0.0,0.0,0.0,0.0,0.0,0.0,0.0,0.0,1.0,44.10067,35.1342,2.968384,0.30515125277986116,0.5335446890752203,0.4746295041242236,0.0,0.0,0.0,0.0,0.0,0.0,0,0.0,0.0,0,0,0,0,0,0,0,0,0,0,0,0,0
1,309.091,30,0.0,0.0,0.0,0.0,0.6699802850675318,0.7921119836391624,0.5335446890752203,0.4117606791880973,0.3138867362390709,41.2109,63.2055,2.59944,1,1,0,0,0,0,0,0,0,0,0.0,0.0,0.0,0.0,0.0,0.0,0.0,0.0,0.0,1.0,46.9048,35.1342,2.915356,0.30515125277986116,0.5335446890752203,0.4746295041242236,0.0,0.0,0.0,0.0,0.0,0.0,0,0.0,0.0,0,0,0,0,0,0,0,0,0,0,0,0,0
1,310.09,31,0.0,0.0,9.775437617690712e-07,9.775437617690712e-07,0.6699801249781471,0.7921119836391624,0.5335446269543611,0.43959089037777055,0.3808847487368856,41.2109,63.113,2.6017,1,1,0,0,0,0,0,0,0,0,0.0,0.0,0.0,0.0,0.0,0.0,0.0,0.0,0.0,1.0,49.697109999999995,35.1342,2.8624970000000003,0.30515135053423736,0.5335446269543611,0.47462960187859976,0.0,0.0,0.0,0.0,0.0,0.0,0,0.0,0.0,0,0,0,0,0,0,0,0,0,0,0,0,0
1,311.093,31,0.0997058822286839,0.09940765925093112,0.06940669643366151,0.06940571888989974,0.6709114454584583,0.7847871311495215,0.5295706108432423,0.46705485894296184,0.44797589328273146,63.0744,66.4119,2.64369,1,1,0,0,0,0,0,0,0,0,0.0,0.0,0.0,0.0,0.0,0.0,0.0,0.0,0.0,1.0,52.82071,35.1342,2.814133,0.3120920201776035,0.5295706108432423,0.4815701737675898,0.0,0.0,0.0,0.0,0.0,0.0,0,0.0,0.0,0,0,0,0,0,0,0,0,0,0,0,0,0
1,312.094,31,1.6147713211704835,1.513551887054745,0.7461153362876884,0.676708639854027,0.3272956723285946,0.46978038425247054,0.5332615875892901,0.4787684901633006,0.48070546051559093,35.4964,35.4964,4.01832,1,1,0,0,0,0,0,0,0,0,0.0,0.0,0.0,0.0,0.0,0.0,0.0,0.0,0.0,1.0,52.8467,35.1342,2.903232,0.38670355380637234,0.5332615875892901,0.5492410377529925,0.0,0.0,0.0,0.0,0.0,0.0,0,0.0,0.0,0,0,0,0,0,0,0,0,0,0,0,0,0
1,313.095,31,0.10014455605237296,-1.513113651466644,0.0,0.7461153362876884,0.3272956723285946,0.4508230681923552,0.5332615875892901,0.48953425558063357,0.5134350277484503,34.7196,34.7196,3.99056,1,1,0,0,0,0,0,0,0,0,0.0,0.0,0.0,0.0,0.0,0.0,0.0,0.0,0.0,1.0,52.805240000000005,34.7196,2.989448,0.38670355380637234,0.5332615875892901,0.6238525713817613,0.0,0.0,0.0,0.0,0.0,0.0,0,0.0,0.0,0,0,0,0,0,0,0,0,0,0,0,0,0
1,314.095,31,0.0,-0.10014455605237296,0.0,0.0,0.3272956723285946,0.4508230681923552,0.5179144454538535,0.5003000209979664,0.5078340096767713,34.7196,34.8317,3.98958,1,1,0,0,0,0,0,0,0,0,0.0,0.0,0.0,0.0,0.0,0.0,0.0,0.0,0.0,1.0,51.4091,34.7196,3.075076,0.30099375944806966,0.5179144454538535,0.5381427770234586,0.0,0.0,0.0,0.0,0.0,0.0,0,0.0,0.0,0,0,0,0,0,0,0,0,0,0,0,0,0
1,315.097,31,0.0,0.0,0.0,0.0,0.3272957941154808,0.4508230681923552,0.5179144454538535,0.5110657864152995,0.5022330037837808,34.7196,34.7278,3.98831,1,1,0,0,0,0,0,0,0,0,0.0,0.0,0.0,0.0,0.0,0.0,0.0,0.0,0.0,1.0,50.00545,34.7196,3.160711,0.30099375944806966,0.5179144454538535,0.45243298266515597,0.0,0.0,0.0,0.0,0.0,0.0,0,0.0,0.0,0,0,0,0,0,0,0,0,0,0,0,0,0
1,316.096,31,0.0,0.0,0.0,0.0,0.33367292219887756,0.4508230681923552,0.5073119390589187,0.5218315518326324,0.49307775276994564,34.7196,34.7681,3.98599,1,1,0,0,0,0,0,0,0,0,0.0,0.0,0.0,0.0,0.0,0.0,0.0,0.0,0.0,1.0,49.36117,34.7196,3.302283,0.23315725873032028,0.5073119390589187,0.3845964819474066,0.0,0.0,0.0,0.0,0.0,0.0,0,0.0,0.0,0,0,0,0,0,0,0,0,0,0,0,0,0
1,317.098,31,0.0,0.0,0.0,0.0,0.0,0.4508230681923552,0.2345202210014908,0.5325973172499654,0.42922525582518684,34.7196,34.7698,3.98661,1,1,0,0,0,0,0,0,0,0,0.0,0.0,0.0,0.0,0.0,0.0,0.0,0.0,0.0,1.0,46.51182,34.7196,3.4407129999999997,0.08155230102651118,0.2345202210014908,0.3008280249613468,0.0,0.0,0.0,0.0,0.0,0.0,0,0.0,0.0,0,0,0,0,0,0,0,0,0,0,0,0,0
1,318.099,31,0.0,0.0,0.0,0.0,0.0,0.4508230681923552,0.2345202210014908,0.5407687798196557,0.3653727588804279,34.7278,34.7603,3.99198,1,1,0,0,0,0,0,0,0,0,0.0,0.0,0.0,0.0,0.0,0.0,0.0,0.0,0.0,1.0,43.68041,34.7196,3.579618,0.08155230102651118,0.2345202210014908,0.1492230672575377,0.0,0.0,0.0,0.0,0.0,0.0,0,0.0,0.0,0,0,0,0,0,0,0,0,0,0,0,0,0
1,319.101,31,0.0,0.0,0.0,0.0,0.0,0.4508230681923552,0.2345202210014908,0.5397899299993506,0.2983747303736747,34.7278,34.9505,3.98733,1,1,0,0,0,0,0,0,0,0,0.0,0.0,0.0,0.0,0.0,0.0,0.0,0.0,0.0,1.0,40.854910000000004,34.7196,3.718407,0.08155230102651118,0.2345202210014908,0.1492230672575377,0.0,0.0,0.0,0.0,0.0,0.0,0,0.0,0.0,0,0,0,0,0,0,0,0,0,0,0,0,0
1,320.1,32,0.0,0.0,0.0,0.0,0.0,0.4508230681923552,0.23452025877146826,0.5382792790978229,0.23137671787586003,34.7204,34.7204,3.9906,1,1,0,0,0,0,0,0,0,0,0.0,0.0,0.0,0.0,0.0,0.0,0.0,0.0,0.0,1.0,38.01565000000001,34.7196,3.857297,0.081552203272135,0.23452025877146826,0.14922296950316152,0.0,0.0,0.0,0.0,0.0,0.0,0,0.0,0.0,0,0,0,0,0,0,0,0,0,0,0,0,0
1,321.106,32,0.0,0.0,0.0,0.0,0.0,0.4508230681923552,0.23594238598515732,0.5367686281962951,0.1642855733300142,34.7204,34.8324,3.98961,1,1,0,0,0,0,0,0,0,0,0.0,0.0,0.0,0.0,0.0,0.0,0.0,0.0,0.0,1.0,34.857699999999994,34.7196,3.9918889999999996,0.07461153362876885,0.23594238598515732,0.14228239761417155,0.0,0.0,0.0,0.0,0.0,0.0,0,0.0,0.0,0,0,0,0,0,0,0,0,0,0,0,0,0
1,322.109,32,2.354551259792375,2.3475087335916003,0.988571632995441,0.988571632995441,0.442102674401156,0.19090338094628845,0.3126137990497657,0.5222619929324641,0.17576627353727034,34.7204,48.5007,2.25274,1,1,0,0,0,0,0,0,0,0,0.0,0.0,0.0,0.0,0.0,0.0,0.0,0.0,0.0,1.0,36.15812999999999,34.7196,3.8153310000000005,0.09885716329954411,0.3126137990497657,0.17346869692831296,0.0,0.0,0.0,0.0,0.0,0.0,0,0.0,0.0,0,0,0,0,0,0,0,0,0,0,0,0,0
1,323.104,32,1.4865952390985797,-0.8723176087374828,1.1439597829614152,0.15538814996597416,0.5865960728192379,0.32319104057713605,0.4510664935697897,0.5150772045789291,0.2016963135863347,34.7204,54.9286,2.17009,1,1,0,0,0,0,0,0,0,0,0.0,0.0,0.0,0.0,0.0,0.0,0.0,0.0,0.0,1.0,38.17903,34.7204,3.6332840000000006,0.21325314159568562,0.4510664935697897,0.11439597829614152,0.0,0.0,0.0,0.0,0.0,0.0,0,0.0,0.0,0,0,0,0,0,0,0,0,0,0,0,0,0
1,324.108,32,0.0,-1.4806725489029677,0.0,1.1439597829614152,0.5865960728192379,0.32319104057713605,0.4510664935697897,0.5082482419621664,0.22762635363539901,34.7204,54.8056,2.17391,1,1,0,0,0,0,0,0,0,0,0.0,0.0,0.0,0.0,0.0,0.0,0.0,0.0,0.0,1.0,40.17642,34.7204,3.451717,0.21325314159568562,0.4510664935697897,0.22879195659228305,0.0,0.0,0.0,0.0,0.0,0.0,0,0.0,0.0,0,0,0,0,0,0,0,0,0,0,0,0,0
1,325.113,32,0.0,0.0,0.0,0.0,0.5865960728192379,0.32319104057713605,0.4510664935697897,0.500922801031028,0.25355638150577475,34.8324,54.9718,2.16873,1,1,0,0,0,0,0,0,0,0,0.0,0.0,0.0,0.0,0.0,0.0,0.0,0.0,0.0,1.0,42.20082,34.7204,3.2697589999999996,0.21325314159568562,0.4510664935697897,0.22879195659228305,0.0,0.0,0.0,0.0,0.0,0.0,0,0.0,0.0,0,0,0,0,0,0,0,0,0,0,0,0,0
1,326.106,32,0.0,0.0,0.0,0.0,0.5865960728192379,0.2758368241710707,0.4510664935697897,0.4868840471495828,0.27884869656781075,48.5007,54.597,2.18131,1,1,0,0,0,0,0,0,0,0,0.0,0.0,0.0,0.0,0.0,0.0,0.0,0.0,0.0,1.0,44.183710000000005,34.7204,3.089291,0.21325314159568562,0.4510664935697897,0.22879195659228305,0.0,0.0,0.0,0.0,0.0,0.0,0,0.0,0.0,0,0,0,0,0,0,0,0,0,0,0,0,0
1,327.107,32,0.0,0.0,0.0,0.0,0.511594367645526,0.45889366945072046,0.4510664935697897,0.4791759038175082,0.33000813333236334,54.597,54.9173,2.17014,1,1,0,0,0,0,0,0,0,0,0.0,0.0,0.0,0.0,0.0,0.0,0.0,0.0,0.0,1.0,46.19846,34.7204,2.907644,0.21325314159568562,0.4510664935697897,0.22879195659228305,0.0,0.0,0.0,0.0,0.0,0.0,0,0.0,0.0,0,0,0,0,0,0,0,0,0,0,0,0,0
1,328.107,32,0.0,0.0,0.0,0.0,0.0,0.45889366945072046,0.4510664935697897,0.4625149881080861,0.33000813333236334,54.597,54.8181,2.1738,1,1,0,0,0,0,0,0,0,0,0.0,0.0,0.0,0.0,0.0,0.0,0.0,0.0,0.0,1.0,48.20424,34.7204,2.725826,0.21325314159568562,0.4510664935697897,0.22879195659228305,0.0,0.0,0.0,0.0,0.0,0.0,0,0.0,0.0,0,0,0,0,0,0,0,0,0,0,0,0,0
1,329.111,32,1.6220721187554084,1.6156096800352673,0.6928072130229288,0.6928072130229288,0.30983280472428926,0.1866802114904771,0.4675760016858177,0.4322433995006517,0.36099141380479227,47.9063,47.9063,2.51416,1,1,0,0,0,0,0,0,0,0,0.0,0.0,0.0,0.0,0.0,0.0,0.0,0.0,0.0,1.0,49.49982,34.7204,2.578509,0.2825338628979785,0.4675760016858177,0.2980726778945759,0.0,0.0,0.0,0.0,0.0,0.0,0,0.0,0.0,0,0,0,0,0,0,0,0,0,0,0,0,0
1,330.112,33,0.31723748221131937,-1.3035311054386505,9.470057968951319e-07,0.6928062660171319,0.30983269884609377,0.14704147529658382,0.46757593810475284,0.39998987408352293,0.3919746836894017,47.9063,50.3493,2.63962,1,1,0,0,0,0,0,0,0,0,0.0,0.0,0.0,0.0,0.0,0.0,0.0,0.0,0.0,1.0,51.062709999999996,34.8324,2.443411,0.2825339575985582,0.46757593810475284,0.3673533044962891,0.0,0.0,0.0,0.0,0.0,0.0,0,0.0,0.0,0,0,0,0,0,0,0,0,0,0,0,0,0
1,331.111,33,2.5815784764966545,2.2666076018872223,1.3701200745894127,1.3701191275836158,0.6136114961792702,0.1894860926130135,0.5659741399516911,0.37022482215669744,0.4533358333073287,47.9063,60.5293,2.01481,1,1,0,0,0,0,0,0,0,0,0.0,0.0,0.0,0.0,0.0,0.0,0.0,0.0,0.0,1.0,53.632400000000004,47.9063,2.2459309999999997,0.4195459650574994,0.5659741399516911,0.5043652172546507,0.0,0.0,0.0,0.0,0.0,0.0,0,0.0,0.0,0,0,0,0,0,0,0,0,0,0,0,0,0
1,332.114,33,0.002991026919242387,-2.570874825102106,0.7478534631312136,0.6222666114581991,0.5780131713566733,0.4124211377126009,0.5437668641201373,0.367356859829704,0.4669268830028804,44.2456,44.2456,2.02627,1,1,0,0,0,0,0,0,0,0,0.0,0.0,0.0,0.0,0.0,0.0,0.0,0.0,0.0,1.0,53.20689,44.2456,2.223284,0.3954741480710767,0.5437668641201373,0.46773471510092646,0.0,0.0,0.0,0.0,0.0,0.0,0,0.0,0.0,0,0,0,0,0,0,0,0,0,0,0,0,0
1,333.115,33,0.0,-0.002988038880362025,0.0,0.7478534631312136,0.5780131713566733,0.40573907570597934,0.48607798645981687,0.3651026602053852,0.466068592856624,44.2456,44.7119,2.0133,1,1,0,0,0,0,0,0,0,0,0.0,0.0,0.0,0.0,0.0,0.0,0.0,0.0,0.0,1.0,52.18522,44.2456,2.207605,0.2810781697749352,0.48607798645981687,0.5269812464174504,0.0,0.0,0.0,0.0,0.0,0.0,0,0.0,0.0,0,0,0,0,0,0,0,0,0,0,0,0,0
1,334.115,33,0.0,0.0,0.0,0.0,0.6203528507069005,0.40573907570597934,0.48607798645981687,0.36284846058106646,0.4694442706453902,44.2456,44.4311,2.02112,1,1,0,0,0,0,0,0,0,0,0.0,0.0,0.0,0.0,0.0,0.0,0.0,0.0,0.0,1.0,51.147769999999994,44.2456,2.192326,0.2810781697749352,0.48607798645981687,0.41258526812130897,0.0,0.0,0.0,0.0,0.0,0.0,0,0.0,0.0,0,0,0,0,0,0,0,0,0,0,0,0,0
1,335.117,33,0.0,0.0,0.0,0.0,0.6203530123674104,0.40573907570597934,0.48607798645981687,0.3605942609567476,0.4728199646002075,44.2456,44.429,2.02135,1,1,0,0,0,0,0,0,0,0,0.0,0.0,0.0,0.0,0.0,0.0,0.0,0.0,0.0,1.0,50.09349,44.2456,2.177588,0.2810781697749352,0.48607798645981687,0.41258526812130897,0.0,0.0,0.0,0.0,0.0,0.0,0,0.0,0.0,0,0,0,0,0,0,0,0,0,0,0,0,0
1,336.118,33,0.0,0.0,0.0,0.0,0.33445023615400504,0.40573907570597934,0.48607798645981687,0.35834006133242885,0.4476053809336841,44.2456,44.4245,2.0221,1,1,0,0,0,0,0,0,0,0,0.0,0.0,0.0,0.0,0.0,0.0,0.0,0.0,0.0,1.0,49.07624,44.2456,2.161667,0.2810781697749352,0.48607798645981687,0.41258526812130897,0.0,0.0,0.0,0.0,0.0,0.0,0,0.0,0.0,0,0,0,0,0,0,0,0,0,0,0,0,0
1,337.12,33,0.9482660854898078,0.9463733388121834,0.3723052688249135,0.3723052688249135,0.16649997789476798,0.2630664773648597,0.47631719182413135,0.34895223179105406,0.4130959419586084,44.4245,61.3014,2.24251,1,1,0,0,0,0,0,0,0,0,0.0,0.0,0.0,0.0,0.0,0.0,0.0,0.0,0.0,1.0,49.714650000000006,44.2456,2.1689040000000004,0.31830869665742656,0.47631719182413135,0.4498157950038003,0.0,0.0,0.0,0.0,0.0,0.0,0,0.0,0.0,0,0,0,0,0,0,0,0,0,0,0,0,0
1,338.118,33,3.779268494023962,2.8366757600542623,1.411885803823907,1.0395805349989935,0.6114256249721468,0.10047502706811784,0.571270602905094,0.33143482973484223,0.47423850445582305,44.4245,160.019,5.04915,1,1,0,0,0,0,0,0,0,0,0.0,0.0,0.0,0.0,0.0,0.0,0.0,0.0,0.0,1.0,60.23474,44.2456,2.4564390000000005,0.45949727703981724,0.571270602905094,0.5537738485036996,0.0,0.0,0.0,0.0,0.0,0.0,0,0.0,0.0,0,0,0,0,0,0,0,0,0,0,0,0,0
1,339.12,33,1.301293115120836,-2.4730293202626004,0.10502520850785194,1.306860595316055,0.5977531679671174,0.17806614208145663,0.5748254873678965,0.31779698342929724,0.5030305407801059,44.4245,164.592,6.35376,1,1,0,0,0,0,0,0,0,0,0.0,0.0,0.0,0.0,0.0,0.0,0.0,0.0,0.0,1.0,71.90331,44.2456,2.840399,0.4007190765883095,0.5748254873678965,0.6151791867330123,0.0,0.0,0.0,0.0,0.0,0.0,0,0.0,0.0,0,0,0,0,0,0,0,0,0,0,0,0,0
1,340.126,34,0.42173835261423326,-0.874308909052289,0.09207601674584893,0.012949191762003001,0.5844735215496507,0.1993840369173848,0.5683950900479645,0.3052250318655488,0.5304946230504616,44.4245,164.456,6.74488,1,1,0,0,0,0,0,0,0,0,0.0,0.0,0.0,0.0,0.0,0.0,0.0,0.0,0.0,1.0,83.31398,44.2456,3.250925,0.40992658356231476,0.5683950900479645,0.5471934793074993,0.0,0.0,0.0,0.0,0.0,0.0,0,0.0,0.0,0,0,0,0,0,0,0,0,0,0,0,0,0
1,341.14,34,5.231419308181273,4.7432751041095065,0.08032744078333635,0.01174857596251258,0.5718256578431801,0.4045017024817109,0.4628371871647852,0.3029089635800165,0.5263160392168527,61.3014,171.419,11.8432,1,1,0,0,0,0,0,0,0,0,0.0,0.0,0.0,0.0,0.0,0.0,0.0,0.0,0.0,1.0,94.40295,44.2456,4.233764,0.28094732018170715,0.4628371871647852,0.4113564241453891,0.0,0.0,0.0,0.0,0.0,0.0,0,0.0,0.0,0,0,0,0,0,0,0,0,0,0,0,0,0
1,342.123,34,6.839882996360743,1.6362804559302842,0.24561809275364935,0.165290651970313,0.5768270432241507,0.6992415480099005,0.4328185567576972,0.3283258719331971,0.5261974264036003,160.019,165.24,18.4343,1,1,0,0,0,0,0,0,0,0,0.0,0.0,0.0,0.0,0.0,0.0,0.0,0.0,0.0,1.0,106.50239000000002,44.4245,5.874567000000001,0.23072378314395067,0.4328185567576972,0.3656588281966004,0.0,0.0,0.0,0.0,0.0,0.0,0,0.0,0.0,0,0,0,0,0,0,0,0,0,0,0,0,0
1,343.124,34,6.748422116072503,-0.09136951077746183,0.06006743940582625,0.1855506533478231,0.07398090321451382,0.8446532313956652,0.42966607725411793,0.35439898147412363,0.4757941995893843,164.456,166.762,24.8819,1,1,0,0,0,0,0,0,0,0,0.0,0.0,0.0,0.0,0.0,0.0,0.0,0.0,0.0,1.0,118.7074,44.4245,8.161427,0.23673052708453332,0.42966607725411793,0.30942854721826135,0.0,0.0,0.0,0.0,0.0,0.0,0,0.0,0.0,0,0,0,0,0,0,0,0,0,0,0,0,0
1,344.127,34,1.1649161382174584,-5.566805561171531,1.352359537817178e-05,0.060053915810448076,0.09103630169948741,0.8497908210205778,0.429665249384183,0.38072897049629567,0.42286254468864304,164.456,167.421,26.0796,1,1,0,0,0,0,0,0,0,0,0.0,0.0,0.0,0.0,0.0,0.0,0.0,0.0,0.0,1.0,131.00639,44.4245,10.567275,0.23673187944407115,0.429665249384183,0.3154339387993062,0.0,0.0,0.0,0.0,0.0,0.0,0,0.0,0.0,0,0,0,0,0,0,0,0,0,0,0,0,0
1,345.128,34,0.44777092569379406,-0.7164287837399245,0.09503590206456222,0.09502237846918404,0.0910171125417356,0.8514338915362888,0.4248715653972045,0.40714111304425327,0.36992895470607556,162.289,162.289,26.4615,1,1,0,0,0,0,0,0,0,0,0.0,0.0,0.0,0.0,0.0,0.0,0.0,0.0,0.0,1.0,142.79239,44.4245,13.011289999999999,0.24623546965052734,0.4248715653972045,0.3249361766462246,0.0,0.0,0.0,0.0,0.0,0.0,0,0.0,0.0,0,0,0,0,0,0,0,0,0,0,0,0,0
1,346.19,34,3.807880266110253,3.1639447649872494,0.22769884246895566,0.13266294040439344,0.10703868719013629,0.8632748155377266,0.41622238280017804,0.4365130126125861,0.34718779980968867,151.233,151.233,30.2337,1,1,0,0,0,0,0,0,0,0,0.0,0.0,0.0,0.0,0.0,0.0,0.0,0.0,0.0,1.0,153.47324,61.3014,15.83245,0.26900535389742297,0.41622238280017804,0.3382024706866639,0.0,0.0,0.0,0.0,0.0,0.0,0,0.0,0.0,0,0,0,0,0,0,0,0,0,0,0,0,0
1,347.128,34,1.5164880776268834,-2.442848815014253,0.038121430668522076,0.18957741180043358,0.0873245549874942,0.8631515654367324,0.4204016964375025,0.45672590741188673,0.33927025751896134,150.515,150.515,31.5229,1,1,0,0,0,0,0,0,0,0,0.0,0.0,0.0,0.0,0.0,0.0,0.0,0.0,0.0,1.0,162.3946,150.515,18.760489,0.2355869700817838,0.4204016964375025,0.319929684984216,0.0,0.0,0.0,0.0,0.0,0.0,0,0.0,0.0,0,0,0,0,0,0,0,0,0,0,0,0,0
1,348.129,34,0.0,-1.5149731045223613,0.0,0.038121430668522076,0.0952450015748892,0.8631515654367324,0.08374458470920741,0.47693880221118734,0.28765219517923557,150.515,150.516,31.5215,1,1,0,0,0,0,0,0,0,0,0.0,0.0,0.0,0.0,0.0,0.0,0.0,0.0,0.0,1.0,161.4443,150.515,21.407723999999998,0.0943983896993931,0.08374458470920741,0.21978377455116882,0.0,0.0,0.0,0.0,0.0,0.0,0,0.0,0.0,0,0,0,0,0,0,0,0,0,0,0,0,0
1,349.131,34,0.0,0.0,0.0,0.0,0.09524756320092097,0.8570217845845177,0.08870268470864871,0.5104558808658893,0.23740163470261585,150.515,150.534,31.5259,1,1,0,0,0,0,0,0,0,0,0.0,0.0,0.0,0.0,0.0,0.0,0.0,0.0,0.0,1.0,160.0385,150.515,23.924938,0.0838958688486079,0.08870268470864871,0.08909771501956329,0.0,0.0,0.0,0.0,0.0,0.0,0,0.0,0.0,0,0,0,0,0,0,0,0,0,0,0,0,0
1,350.13,35,0.0,0.0,0.0,0.0,0.09895443751512752,0.8562518781504589,0.09245857881893887,0.5459164010085831,0.18884972629916358,150.515,150.524,31.524,1,1,0,0,0,0,0,0,0,0,0.0,0.0,0.0,0.0,0.0,0.0,0.0,0.0,0.0,1.0,158.6453,150.515,26.40285,0.07468826717402301,0.09245857881893887,0.087802795843363,0.0,0.0,0.0,0.0,0.0,0.0,0,0.0,0.0,0,0,0,0,0,0,0,0,0,0,0,0,0
1,351.139,35,0.0,0.0,0.0,0.0,0.017048422074876224,0.9507511970002968,0.09535814733888683,0.5839796562279472,0.13337200272233318,150.515,150.539,31.5247,1,1,0,0,0,0,0,0,0,0,0.0,0.0,0.0,0.0,0.0,0.0,0.0,0.0,0.0,1.0,156.5573,150.515,28.371000000000002,0.06665552309568937,0.09535814733888683,0.08662793824711174,0.0,0.0,0.0,0.0,0.0,0.0,0,0.0,0.0,0,0,0,0,0,0,0,0,0,0,0,0,0
1,352.138,35,1.6385820752951759,1.6402222975927687,0.001605851316333874,0.001605851316333874,0.0007181585411139659,0.9462182701167847,0.07309677560759142,0.6106695128481565,0.07576111425402951,150.516,151.807,32.931,1,1,0,0,0,0,0,0,0,0,0.0,0.0,0.0,0.0,0.0,0.0,0.0,0.0,0.0,1.0,155.214,150.515,29.82067,0.04225429895195783,0.07309677560759142,0.07025945818171382,0.0,0.0,0.0,0.0,0.0,0.0,0,0.0,0.0,0,0,0,0,0,0,0,0,0,0,0,0,0
1,353.139,35,4.00089922437585,2.3599571918887854,0.20015603948325159,0.19855018816691772,0.08933566866636601,0.9395033448922552,0.0886575293166893,0.6373577263074701,0.07729659079921473,143.172,143.172,36.5284,1,1,0,0,0,0,0,0,0,0,0.0,0.0,0.0,0.0,0.0,0.0,0.0,0.0,0.0,1.0,152.855,143.172,30.985319999999994,0.056263158959700355,0.0886575293166893,0.07155941166362328,0.0,0.0,0.0,0.0,0.0,0.0,0,0.0,0.0,0,0,0,0,0,0,0,0,0,0,0,0,0
1,354.144,35,4.1567604524391335,0.15508579906794392,0.3601542118265289,0.15999817234327732,0.16326828681525657,0.9189190735166243,0.12778325248586034,0.6630167261980024,0.08451978931079165,126.516,126.516,39.6129,0,1,0,0,0,0,0,0,0,0,0.0,0.0,0.0,0.0,0.0,0.0,0.0,0.0,0.0,0.9,148.7645,126.516,32.33865,0.09227722778281543,0.12778325248586034,0.0815538373169062,0.0,0.0,0.0,0.0,0.0,0.0,0,0.0,0.0,0,0,0,0,0,0,0,0,0,0,0,0,0
1,355.143,35,4.0166946034330335,-0.14020605506116113,0.00033551591887001175,0.3598186959076589,0.16321060876678697,0.8972301619316154,0.13102412344715247,0.6875912805092843,0.0917391389332968,126.516,130.431,42.4418,1,1,0,0,0,0,0,0,0,0,0.0,0.0,0.0,0.0,0.0,0.0,0.0,0.0,0.0,0.9,145.57869999999997,126.516,33.93668,0.08280718916824623,0.13102412344715247,0.10803346906075369,0.0,0.0,0.0,0.0,0.0,0.0,0,0.0,0.0,0,0,0,0,0,0,0,0,0,0,0,0,0
1,356.173,35,3.748500312811767,-0.260382806428414,0.5252108381638333,0.5248753222449632,0.228641473349605,0.896051913224496,0.18867430697604404,0.7121069223852101,0.10389941754924366,126.516,163.43,45.9109,1,1,0,0,0,0,0,0,0,0,0.0,0.0,0.0,0.0,0.0,0.0,0.0,0.0,0.0,0.9,146.7984,126.516,35.5044,0.11255838873773398,0.18867430697604404,0.14725470724481066,0.0,0.0,0.0,0.0,0.0,0.0,0,0.0,0.0,0,0,0,0,0,0,0,0,0,0,0,0,0
1,357.145,35,4.297540858673246,0.564856528664073,0.00909407517849132,0.5161167629853419,0.22689167964057297,0.9013612939622844,0.1901641664261662,0.7440216632150813,0.11785613001455153,126.516,165.395,49.8152,1,1,0,0,0,0,0,0,0,0,0.0,0.0,0.0,0.0,0.0,0.0,0.0,0.0,0.0,0.9,148.28640000000001,126.516,37.33363,0.1096556531887309,0.1901641664261662,0.1799086423633015,0.0,0.0,0.0,0.0,0.0,0.0,0,0.0,0.0,0,0,0,0,0,0,0,0,0,0,0,0,0
1,358.145,35,3.898635787040831,-0.3989050716324152,1.6276440899807554e-05,0.009077798737591514,0.2477412865443849,0.9323048973603713,0.19016312364912774,0.785613156729694,0.1331057585115011,126.516,166.333,53.6125,0,1,0,0,0,0,0,0,0,0,0.0,0.0,0.0,0.0,0.0,0.0,0.0,0.0,0.0,0.8,149.8681,126.516,39.54273,0.10965728083282089,0.19016312364912774,0.17700427917020845,0.0,0.0,0.0,0.0,0.0,0.0,0,0.0,0.0,0,0,0,0,0,0,0,0,0,0,0,0,0
1,359.142,35,4.243788088063303,0.3461908736434022,0.0,1.6276440899807554e-05,0.23385769229037562,0.937787916046844,0.19016312364912774,0.8235992454279634,0.14696677142044656,130.431,167.609,57.5171,1,1,0,0,0,0,0,0,0,0,0.0,0.0,0.0,0.0,0.0,0.0,0.0,0.0,0.0,0.8,151.57559999999998,126.516,42.14185,0.10965728083282089,0.19016312364912774,0.17700590681429845,0.0,0.0,0.0,0.0,0.0,0.0,0,0.0,0.0,0,0,0,0,0,0,0,0,0,0,0,0,0
1,360.144,36,3.7339654841822614,-0.5088049938932548,0.45576934021980464,0.45576934021980464,0.2681412719804113,0.9397430670264869,0.21407537396101925,0.8606171969334184,0.16388545486697495,163.43,163.998,61.1388,0,1,0,0,0,0,0,0,0,0,0.0,0.0,0.0,0.0,0.0,0.0,0.0,0.0,0.0,0.7,152.923,126.516,45.10333,0.15523421485480132,0.21407537396101925,0.22258284083627888,0.0,0.0,0.0,0.0,0.0,0.0,0,0.0,0.0,0,0,0,0,0,0,0,0,0,0,0,0,0
1,361.149,36,4.264990481619846,0.5283830820274478,0.8270601922482332,0.3712908520284286,0.373502082569558,0.9476144232695025,0.2927463858601914,0.8877728329728081,0.19953082091644314,117.618,117.618,65.382,0,1,0,0,0,0,0,0,0,0,0.0,0.0,0.0,0.0,0.0,0.0,0.0,0.0,0.0,0.6,149.6309,117.618,48.48906000000001,0.23794023407962467,0.2927463858601914,0.25971192603912174,0.0,0.0,0.0,0.0,0.0,0.0,0,0.0,0.0,0,0,0,0,0,0,0,0,0,0,0,0,0
1,362.148,36,3.9105285031712858,-0.35481679524380433,0.10337022226538385,0.7236899699828494,0.35990300053808283,0.9467196800735254,0.2852919687291036,0.9001467395759892,0.23544930511614,113.317,113.317,68.7904,0,1,0,0,0,0,0,0,0,0,0.0,0.0,0.0,0.0,0.0,0.0,0.0,0.0,0.0,0.5,145.7819,113.317,52.075,0.24811667117452965,0.2852919687291036,0.3319203379057733,0.0,0.0,0.0,0.0,0.0,0.0,0,0.0,0.0,0,0,0,0,0,0,0,0,0,0,0,0,0
1,363.156,36,2.499892917837555,-1.3994400648152092,1.832159731180544,1.7287895089151601,0.7395406311323195,0.907189275216706,0.5747532954409011,0.9032735417670412,0.3004698013627354,7.00899,7.00899,68.5392,0,1,0,0,0,0,0,0,0,0,0.0,0.0,0.0,0.0,0.0,0.0,0.0,0.0,0.0,0.4,132.165599,7.00899,55.27608,0.41131704034425887,0.5747532954409011,0.4849442699805976,0.0,0.0,0.0,0.0,0.0,0.0,0,0.0,0.0,0,0,0,0,0,0,0,0,0,0,0,0,0
1,364.148,36,4.043472434733046,1.5560277388059391,0.41639110460726664,1.4157686265732774,0.6690194536472779,0.8485361769814814,0.57447212560526,0.9032108095650866,0.3510449180459375,7.00899,26.1989,68.0967,1,1,0,0,0,0,0,0,0,0,0.0,0.0,0.0,0.0,0.0,0.0,0.0,0.0,0.0,0.5,122.133889,7.00899,58.12446,0.41694072962233275,0.57447212560526,0.6105213154035976,0.0,0.0,0.0,0.0,0.0,0.0,0,0.0,0.0,0,0,0,0,0,0,0,0,0,0,0,0,0
1,365.151,36,3.7303322225582263,-0.312203601370708,0.09661359358861757,0.31977751101864904,0.722553573655753,0.8000091134474443,0.567478499940013,0.9006395706606444,0.4069792145348341,7.00899,28.6503,67.4619,0,1,0,0,0,0,0,0,0,0,0.0,0.0,0.0,0.0,0.0,0.0,0.0,0.0,0.0,0.4,111.95581899999999,7.00899,60.62647,0.42656853738930745,0.567478499940013,0.6065171969146965,0.0,0.0,0.0,0.0,0.0,0.0,0,0.0,0.0,0,0,0,0,0,0,0,0,0,0,0,0,0
1,366.152,36,3.6268861629803,-0.10334271686106503,0.012933530147094781,0.08368006344152279,0.7646261465715046,0.7804783922735004,0.5805560019623709,0.896499749497433,0.4605776818570241,7.00899,26.6,68.6291,1,1,0,0,0,0,0,0,0,0,0.0,0.0,0.0,0.0,0.0,0.0,0.0,0.0,0.0,0.4,98.272819,7.00899,62.898289999999996,0.3753408065876336,0.5805560019623709,0.5623976710343526,0.0,0.0,0.0,0.0,0.0,0.0,0,0.0,0.0,0,0,0,0,0,0,0,0,0,0,0,0,0
1,367.158,36,3.7371019592504733,0.10955844559659352,0.39852043677910143,0.3855869066320066,0.7380247010072886,0.7656742530535339,0.5661412054531758,0.8916258838782731,0.5116909839936956,5.96972,5.96972,69.7433,0,1,0,0,0,0,0,0,0,0,0.0,0.0,0.0,0.0,0.0,0.0,0.0,0.0,0.0,0.3,82.330291,5.96972,64.89110000000001,0.4142834427476946,0.5661412054531758,0.549344685399019,0.0,0.0,0.0,0.0,0.0,0.0,0,0.0,0.0,0,0,0,0,0,0,0,0,0,0,0,0,0
1,368.156,36,4.070903922465969,0.3344709050255467,0.04359826345844811,0.35492217332065334,0.19759524183091892,0.7407722936829916,0.56275542928556,0.885506920290586,0.506676379522349,5.96972,6.41429,69.8516,0,1,0,0,0,0,0,0,0,0,0.0,0.0,0.0,0.0,0.0,0.0,0.0,0.0,0.0,0.3,66.33842,5.96972,66.51501,0.41864164144944943,0.56275542928556,0.5839291228573251,0.0,0.0,0.0,0.0,0.0,0.0,0,0.0,0.0,0,0,0,0,0,0,0,0,0,0,0,0,0
1,369.157,36,1.1169331551682486,-2.9510197475501707,1.1399973797016802,1.096399116243232,0.4736744548127211,0.7309351629936143,0.5836072626627751,0.8792025892110409,0.5306580557745836,5.96972,65.6473,70.457,1,1,0,0,0,0,0,0,0,0,0.0,0.0,0.0,0.0,0.0,0.0,0.0,0.0,0.0,0.3,56.14224999999999,5.96972,67.809,0.5326413794196174,0.5836072626627751,0.6935674068375585,0.0,0.0,0.0,0.0,0.0,0.0,0,0.0,0.0,0,0,0,0,0,0,0,0,0,0,0,0,0
1,370.156,37,6.39236331533131,5.2807108710340955,0.23429483554180106,0.9057025441598792,0.45991154009424084,0.6367454761654736,0.5910041537272249,0.8682272691117916,0.5498350825859666,5.96972,84.1418,70.6215,1,1,0,0,0,0,0,0,0,0,0.0,0.0,0.0,0.0,0.0,0.0,0.0,0.0,0.0,0.4,48.15663,5.96972,68.75726999999999,0.5104939289518171,0.5910041537272249,0.7385607272315659,0.0,0.0,0.0,0.0,0.0,0.0,0,0.0,0.0,0,0,0,0,0,0,0,0,0,0,0,0,0
1,371.161,37,6.47270037177165,0.07993736959237774,0.09332992322628238,0.14096491231551866,0.44567249835489525,0.5588206298526774,0.5928789257468936,0.8486307407544105,0.5570521241645002,5.96972,94.7335,70.6435,1,1,0,0,0,0,0,0,0,0,0.0,0.0,0.0,0.0,0.0,0.0,0.0,0.0,0.0,0.5,45.86818000000001,5.96972,69.28342,0.437120902049622,0.5928789257468936,0.7155281332602749,0.0,0.0,0.0,0.0,0.0,0.0,0,0.0,0.0,0,0,0,0,0,0,0,0,0,0,0,0,0
1,372.167,37,6.294375956811774,-0.177260849860711,0.0015868793652601618,0.09174304386102222,0.47628371874164555,0.5094707726298462,0.6000752887136658,0.8267933658800637,0.5686901959848566,6.41429,99.4662,72.3995,0,1,0,1,1,0,0,0,0,0,0.0,0.0,0.0,0.0,0.0,0.0,0.0,0.0,0.0,0.5,44.4831,5.96972,69.64433,0.4269425677596096,0.6000752887136658,0.6523334406480922,0.0,0.0,0.0,0.0,0.0,0.0,0,0.0,0.0,0,0,0,0,0,0,0,0,0,0,0,0,0
1,373.159,37,2.4673408183908903,-3.8578983250210523,0.05965637718343591,0.05806949781817575,0.47415031703180976,0.4698838651089178,0.3475150235833433,0.8033123918908969,0.5421511645748056,65.6473,97.9336,72.965,0,1,0,0,0,0,0,0,0,0,0.0,0.0,0.0,0.0,0.0,0.0,0.0,0.0,0.0,0.5,53.57556099999999,5.96972,70.08691,0.24969223235989885,0.3475150235833433,0.48526143953839374,0.0,0.0,0.0,0.0,0.0,0.0,0,0.0,0.0,0,0,0,0,0,0,0,0,0,0,0,0,0
1,374.164,37,3.2108970174921936,0.7398569145286601,0.004129336690833886,0.05552704049260202,0.0952544142550136,0.42728283597237166,0.3499868044714858,0.7787305800136842,0.4847746606355791,84.1418,100.647,73.455,1,1,0,0,0,0,0,0,0,0,0.0,0.0,0.0,0.0,0.0,0.0,0.0,0.0,0.0,0.5,61.020371,5.96972,70.62274000000001,0.20846605556825554,0.3499868044714858,0.3492372809303262,0.0,0.0,0.0,0.0,0.0,0.0,0,0.0,0.0,0,0,0,0,0,0,0,0,0,0,0,0,0
1,375.163,37,0.0,-3.2141111286208144,0.0,0.004129336690833886,0.04257825081302147,0.40792832997130096,0.3547190710288493,0.7542654884156685,0.4167771283513059,94.7335,100.642,73.4683,1,1,0,0,0,0,0,0,0,0,0.0,0.0,0.0,0.0,0.0,0.0,0.0,0.0,0.0,0.6,68.219541,5.96972,71.22338,0.19880469620939378,0.3547190710288493,0.3176724634975447,0.0,0.0,0.0,0.0,0.0,0.0,0,0.0,0.0,0,0,0,0,0,0,0,0,0,0,0,0,0
1,376.171,37,1.6770052076142967,1.6636956424745006,0.0621564864733294,0.0621564864733294,0.03236181593524299,0.37600879132568577,0.35218570339333005,0.7282633323207279,0.3435506952876798,97.9336,98.3653,73.6737,1,1,0,0,0,0,0,0,0,0,0.0,0.0,0.0,0.0,0.0,0.0,0.0,0.0,0.0,0.6,75.39607099999999,5.96972,71.72784,0.20372699184201726,0.35218570339333005,0.3155201058007253,0.0,0.0,0.0,0.0,0.0,0.0,0,0.0,0.0,0,0,0,0,0,0,0,0,0,0,0,0,0
1,377.164,37,6.518536054811634,4.8756604704907724,0.008657315236245895,0.053499171237083504,0.031188566650643994,0.35096807172375377,0.34979697194842757,0.7007436712088014,0.27286708185201536,97.9336,102.649,75.189,0,1,0,0,0,0,0,0,0,0,0.0,0.0,0.0,0.0,0.0,0.0,0.0,0.0,0.0,0.6,85.063999,6.41429,72.27241,0.1647406796877317,0.34979697194842757,0.282311332261233,0.0,0.0,0.0,0.0,0.0,0.0,0,0.0,0.0,0,0,0,0,0,0,0,0,0,0,0,0,0
1,378.169,37,6.119111751351333,-0.39743711787094554,0.07614610390561584,0.06748878866936994,0.0360141175485341,0.3540574322812902,0.34869421049824795,0.6718312979548474,0.25670896942377686,98.3653,111.428,77.0648,0,1,0,0,0,0,0,0,0,0,0.0,0.0,0.0,0.0,0.0,0.0,0.0,0.0,0.0,0.6,95.56537,65.6473,72.99373,0.16799546373244847,0.34869421049824795,0.2535679937961047,0.0,0.0,0.0,0.0,0.0,0.0,0,0.0,0.0,0,0,0,0,0,0,0,0,0,0,0,0,0
1,379.172,37,3.2108642632863695,-2.899548841540343,0.01595336213573948,0.06019274176987636,0.034216115572164134,0.3754921177507065,0.07170189256953363,0.6437165080400404,0.21276313549972117,98.3653,113.441,79.9169,1,1,0,0,0,0,0,0,0,0,0.0,0.0,0.0,0.0,0.0,0.0,0.0,0.0,0.0,0.6,100.34474,84.1418,73.93972,0.05559106197585441,0.07170189256953363,0.14994735634876913,0.0,0.0,0.0,0.0,0.0,0.0,0,0.0,0.0,0,0,0,0,0,0,0,0,0,0,0,0,0
1,380.167,38,2.434684723903419,-0.7800799390783424,0.004039833724337896,0.011913528411401586,0.033289523349419155,0.3854905362314019,0.036041960798508986,0.6160038815002863,0.170100933825239,98.3653,112.862,82.3275,1,1,0,0,0,0,0,0,0,0,0.0,0.0,0.0,0.0,0.0,0.0,0.0,0.0,0.0,0.6,103.21676,94.7335,75.11032,0.032565561794108085,0.036041960798508986,0.06056845477392135,0.0,0.0,0.0,0.0,0.0,0.0,0,0.0,0.0,0,0,0,0,0,0,0,0,0,0,0,0,0
1,381.166,38,1.3422210373356886,-1.0935572438115417,0.0028847097260102763,0.0011551239983276194,0.03095672898672149,0.3748408809722669,0.02992920932713792,0.5873652043854245,0.12862935688842164,102.649,113.556,82.8436,0,1,0,0,0,0,0,0,0,0,0.0,0.0,0.0,0.0,0.0,0.0,0.0,0.0,0.0,0.5,105.09900999999999,97.9336,76.33033,0.023521040444080873,0.02992920932713792,0.04658747594220225,0.0,0.0,0.0,0.0,0.0,0.0,0,0.0,0.0,0,0,0,0,0,0,0,0,0,0,0,0,0
1,382.174,38,4.6144200393315185,3.2462291686466567,0.6667523237456292,0.6638676140196189,0.2886838077469346,0.38889539693845765,0.20469019617577094,0.5594739902286711,0.10986936578895054,77.2332,77.2332,86.1335,1,1,0,0,0,0,0,0,0,0,0.0,0.0,0.0,0.0,0.0,0.0,0.0,0.0,0.0,0.6,102.87571,77.2332,77.70373,0.09003758488211779,0.20469019617577094,0.10379993295806192,0.0,0.0,0.0,0.0,0.0,0.0,0,0.0,0.0,0,0,0,0,0,0,0,0,0,0,0,0,0
1,383.169,38,2.7340644111538923,-1.8898046514348001,0.0018429214774560042,0.6649094022681732,0.2954717353199513,0.452366277810996,0.20645250435768642,0.5367328403583855,0.09200150761776468,77.2332,78.8465,86.9975,1,1,0,0,0,0,0,0,0,0,0.0,0.0,0.0,0.0,0.0,0.0,0.0,0.0,0.0,0.7,100.967,77.2332,79.10698,0.08425623931151979,0.20645250435768642,0.16448392340306167,0.0,0.0,0.0,0.0,0.0,0.0,0,0.0,0.0,0,0,0,0,0,0,0,0,0,0,0,0,0
1,384.169,38,5.554241622399947,2.8201772112460546,1.3590377908053346,1.3571948693278786,0.6049143549670143,0.5243964363669954,0.44952737163014306,0.5205258533276613,0.14296750168896474,4.28135,4.28135,84.6532,1,1,1,0,0,0,0,0,0,0,0.0,0.0,0.0,0.0,0.0,0.1,0.0,0.0,0.0,0.7,91.330435,4.28135,80.2268,0.2197470847229699,0.44952737163014306,0.29465070628658935,0.0,0.0,0.0,0.0,0.0,0.0,0,0.0,0.0,0,0,0,0,0,0,0,0,0,0,0,0,0
1,385.174,38,3.428438311058602,-2.115227175464025,0.020392959386065827,1.3386448314192687,0.6022298200578332,0.5954366581007741,0.44846471673027455,0.5102972305603278,0.19893265861344595,4.28135,5.05827,83.1281,0,1,0,0,0,0,0,0,0,0,0.0,0.0,0.0,0.0,0.0,0.1,0.0,0.0,0.0,0.6,81.77206199999999,4.28135,81.19278,0.22178638066157644,0.44846471673027455,0.42810225575943284,0.0,0.0,0.0,0.0,0.0,0.0,0,0.0,0.0,0,0,0,0,0,0,0,0,0,0,0,0,0
1,386.176,38,2.995026441574844,-0.43254677593189406,0.0004588224939172602,0.01993413689214857,0.6026408233531751,0.6764268016745983,0.45132015540578835,0.5050946510303828,0.25596055935523915,4.28135,7.11748,82.9454,0,1,0,0,0,0,0,0,0,0,0.0,0.0,0.0,0.0,0.0,0.1,0.0,0.0,0.0,0.5,72.64728,4.28135,82.11995,0.21561661426363524,0.45132015540578835,0.42388002080131465,0.0,0.0,0.0,0.0,0.0,0.0,0,0.0,0.0,0,0,0,0,0,0,0,0,0,0,0,0,0
1,387.185,38,3.3579766985848387,0.3597128414370612,0.1326199848024062,0.13216116230848893,0.5929457333446739,0.7349450104233243,0.44668265627885007,0.5035581888988723,0.3121362760246421,4.28135,16.3115,80.4551,1,1,0,0,0,0,0,0,0,0,0.0,0.0,0.0,0.0,0.0,0.1,0.0,0.0,0.0,0.6,64.01353,4.28135,82.64656,0.22801288122025126,0.44668265627885007,0.43174621990845524,0.0,0.0,0.0,0.0,0.0,0.0,0,0.0,0.0,0,0,0,0,0,0,0,0,0,0,0,0,0
1,388.173,38,4.331130492218369,0.9849734753375814,1.0287625855698501,0.8961426007674439,0.6386954471751216,0.8144945020154023,0.5080591953298755,0.5072442993154928,0.3724044089873009,4.28135,77.2422,78.4767,0,1,0,0,0,0,0,0,0,0,0.0,0.0,0.0,0.0,0.0,0.1,0.0,0.0,0.0,0.6,60.594950000000004,4.28135,82.78774999999999,0.32327452938667467,0.5080591953298755,0.5146116011182627,0.0,0.0,0.0,0.0,0.0,0.0,0,0.0,0.0,0,0,0,0,0,0,0,0,0,0,0,0,0
1,389.185,38,6.686021944132156,2.326967837859473,0.11740806171509639,0.9113545238547537,0.4336839786258779,0.8217017699959788,0.5022198180409304,0.5117826296656109,0.4123511952926722,5.05827,88.7604,79.2194,1,1,0,0,0,0,0,0,0,0,0.0,0.0,0.0,0.0,0.0,0.1,0.0,0.0,0.0,0.6,58.12689,4.28135,82.71799999999999,0.33341999934461036,0.5022198180409304,0.5997277793267504,0.0,0.0,0.0,0.0,0.0,0.0,0,0.0,0.0,0,0,0,0,0,0,0,0,0,0,0,0,0
1,390.169,39,5.8656240623511815,-0.8337376847367625,0.2420682229508479,0.12466016123575151,0.41395679444821554,0.8163205236269861,0.4903752319325443,0.5207613820386865,0.45041792240255196,7.11748,79.2331,79.8168,1,1,0,0,0,0,0,0,0,0,0.0,0.0,0.0,0.0,0.0,0.1,0.0,0.0,0.0,0.6,54.763999999999996,4.28135,82.46693,0.35722283826726137,0.4903752319325443,0.6110024426091853,0.0,0.0,0.0,0.0,0.0,0.0,0,0.0,0.0,0,0,0,0,0,0,0,0,0,0,0,0,0
1,391.187,39,5.823858761452768,-0.04102681817132964,0.04256187897171082,0.19950634397913708,0.40659464783455274,0.8169672828982752,0.48734078824973004,0.5336687146909664,0.48798171428733506,16.3115,80.6317,81.9657,0,1,0,0,0,0,0,0,0,0,0.0,0.0,0.0,0.0,0.0,0.1,0.0,0.0,0.0,0.6,51.47157,4.28135,82.37913999999999,0.3611905551918314,0.48734078824973004,0.6308375646072664,0.0,0.0,0.0,0.0,0.0,0.0,0,0.0,0.0,0,0,0,0,0,0,0,0,0,0,0,0,0
1,392.182,39,3.5272596398116796,-2.3081398207448123,0.20660628710391762,0.1640444081322068,0.3996909574554691,0.8172890272399537,0.4768955463389881,0.5490596274214719,0.49908242925818846,77.2422,94.8114,82.2263,1,1,0,0,0,0,0,0,0,0,0.0,0.0,0.0,0.0,0.0,0.1,0.0,0.0,0.0,0.6,53.22939,4.28135,81.98841999999999,0.3151759515276603,0.4768955463389881,0.5808552440185252,0.0,0.0,0.0,0.0,0.0,0.0,0,0.0,0.0,0,0,0,0,0,0,0,0,0,0,0,0,0
1,393.205,39,5.0686119882889935,1.506698287856612,0.36733556993639815,0.16072928283248053,0.12380162531115106,0.826308938330846,0.4640460716502197,0.5668808810825683,0.4819154182573084,79.2331,119.552,84.3006,0,1,0,0,0,0,0,0,0,0,0.0,0.0,0.0,0.0,0.0,0.1,0.0,0.0,0.0,0.5,57.29994000000001,4.28135,81.71873000000001,0.3517252163735545,0.4640460716502197,0.5304372320749559,0.0,0.0,0.0,0.0,0.0,0.0,0,0.0,0.0,0,0,0,0,0,0,0,0,0,0,0,0,0
1,394.179,39,6.934808785168082,1.916013138479557,0.0009337928325875972,0.36640177710381056,0.15023395206369536,0.8370181124151923,0.3094762893119366,0.5873676449047094,0.4364473779669765,79.2331,123.374,87.8286,0,1,0,0,0,0,0,0,0,0,0.0,0.0,0.0,0.0,0.0,0.0,0.0,0.0,0.0,0.4,69.209205,5.05827,82.03627,0.2159148165762798,0.3094762893119366,0.4313579228525491,0.0,0.0,0.0,0.0,0.0,0.0,0,0.0,0.0,0,0,0,0,0,0,0,0,0,0,0,0,0
1,395.183,39,6.631339839038321,-0.30225990650374585,0.2528667687064132,0.2519329758738256,0.1515665307471336,0.8471221193475381,0.3017932341745283,0.6093273343735212,0.3913810490359066,80.6317,141.712,90.5948,1,1,0,0,0,0,0,0,0,0,0.0,0.0,0.0,0.0,0.0,0.0,0.0,0.0,0.0,0.5,82.874578,7.11748,82.78294,0.23916219750831455,0.3017932341745283,0.32268673729800473,0.0,0.0,0.0,0.0,0.0,0.0,0,0.0,0.0,0,0,0,0,0,0,0,0,0,0,0,0,0
1,396.191,39,6.608918501569335,-0.022243390346216824,0.18498973734154994,0.06787703136486328,0.13290971793938966,0.8564527832024065,0.29102550367154734,0.6333495339673572,0.3444079384945281,94.8114,155.198,95.1703,1,1,0,0,0,0,0,0,0,0,0.0,0.0,0.0,0.0,0.0,0.0,0.0,0.0,0.0,0.6,97.68263,16.3115,84.00542999999999,0.2576152889930778,0.29102550367154734,0.32748102674527624,0.0,0.0,0.0,0.0,0.0,0.0,0,0.0,0.0,0,0,0,0,0,0,0,0,0,0,0,0,0
1,397.188,39,3.830404672056295,-2.7868744528716545,0.15082847175172012,0.03416126558982982,0.13481098290902294,0.8577026183211005,0.2902123815133061,0.6586862612972245,0.29859446345096297,119.552,164.674,98.5109,1,1,0,0,0,0,0,0,0,0,0.0,0.0,0.0,0.0,0.0,0.0,0.0,0.0,0.0,0.6,112.51888,77.2422,85.81100999999998,0.25943613768800916,0.2902123815133061,0.31768103707341033,0.0,0.0,0.0,0.0,0.0,0.0,0,0.0,0.0,0,0,0,0,0,0,0,0,0,0,0,0,0
1,398.185,39,3.596130914735422,-0.2349786934010763,0.23250614212837117,0.08167767037665105,0.09974233954145541,0.8578926761985302,0.10722180869102176,0.6838780234930866,0.24469915268759634,123.374,175.25,101.78,1,1,0,0,0,0,0,0,0,0,0.0,0.0,0.0,0.0,0.0,0.0,0.0,0.0,0.0,0.7,122.31966000000003,79.2331,88.14134,0.1798104933438613,0.10722180869102176,0.23623454403433103,0.0,0.0,0.0,0.0,0.0,0.0,0,0.0,0.0,0,0,0,0,0,0,0,0,0,0,0,0,0
1,399.186,39,0.7087727280885927,-2.8844737129338958,0.052629229446199646,0.17987691268217154,0.07910210940943424,0.874935767319588,0.11320091628662259,0.7088502059715306,0.20924096576595197,141.712,174.653,102.525,1,1,0,0,0,0,0,0,0,0,0.0,0.0,0.0,0.0,0.0,0.0,0.0,0.0,0.0,0.7,130.90892,79.2331,90.4719,0.17333261011697162,0.11320091628662259,0.1630867829170728,0.0,0.0,0.0,0.0,0.0,0.0,0,0.0,0.0,0,0,0,0,0,0,0,0,0,0,0,0,0
1,400.193,40,0.0,-0.703845807436537,0.0,0.052629229446199646,0.09576364506342142,0.9106844802012094,0.12237916209480267,0.735109903170021,0.17742165082747258,155.198,174.651,102.528,1,1,0,1,1,0,0,0,0,0,0.0,0.0,0.0,0.0,0.0,0.0,0.0,0.0,0.0,0.7,140.45071000000002,80.6317,92.74302,0.14912578782188685,0.12237916209480267,0.15588368973811764,0.0,0.0,0.0,0.0,0.0,0.0,0,0.0,0.0,0,0,0,0,0,0,0,0,0,0,0,0,0
1,401.19,40,0.0,0.0,0.0,0.0,0.1019378183905666,0.9120450355459977,0.1271444569531241,0.7619701108987075,0.14695596788307394,164.674,174.652,102.522,1,1,0,1,1,0,0,0,0,0,0.0,0.0,0.0,0.0,0.0,0.0,0.0,0.0,0.0,0.8,149.85273999999998,94.8114,94.79865,0.14486959992471576,0.1271444569531241,0.13593305534020392,0.0,0.0,0.0,0.0,0.0,0.0,0,0.0,0.0,0,0,0,0,0,0,0,0,0,0,0,0,0
1,402.193,40,0.0,0.0,0.0,0.0,0.10070812516242858,0.9332111972722965,0.13266439824548984,0.7891859009153994,0.11705768465376987,174.651,174.651,102.523,1,1,0,1,1,0,0,0,0,0,0.0,0.0,0.0,0.0,0.0,0.0,0.0,0.0,0.0,0.8,157.8367,119.552,96.82831999999999,0.12420897121432399,0.13266439824548984,0.11952861452698324,0.0,0.0,0.0,0.0,0.0,0.0,0,0.0,0.0,0,0,0,0,0,0,0,0,0,0,0,0,0
1,403.192,40,0.0,0.0,0.0,0.0,0.023536506929027843,0.9355835955159816,0.10605154223114963,0.8133467668006487,0.10703117281555756,174.651,174.652,102.523,1,1,0,1,1,0,0,0,0,0,0.0,0.0,0.0,0.0,0.0,0.0,0.0,0.0,0.0,0.9,163.3467,123.374,98.65056000000001,0.08747541422068417,0.10605154223114963,0.10345568624373518,0.0,0.0,0.0,0.0,0.0,0.0,0,0.0,0.0,0,0,0,0,0,0,0,0,0,0,0,0,0
1,404.193,40,0.0,0.0,0.0,0.0,0.0,0.9365827866937686,0.10613658660745806,0.8339560843169874,0.09200777760918803,174.651,174.652,102.528,1,1,0,1,1,0,0,0,0,0,0.0,0.0,0.0,0.0,0.0,0.0,0.0,0.0,0.0,1.0,168.47449999999998,141.712,100.1205,0.08738203493742541,0.10613658660745806,0.06681550853335412,0.0,0.0,0.0,0.0,0.0,0.0,0,0.0,0.0,0,0,0,0,0,0,0,0,0,0,0,0,0
1,405.194,40,1.119917102803482,1.118798304498983,0.05022709920232513,0.05022709920232513,0.02246224162580489,0.9319821856157773,0.08899050119307747,0.8507833606927375,0.07909734869705515,172.872,172.872,103.618,1,1,0,0,0,0,0,0,0,0,0.0,0.0,0.0,0.0,0.0,0.0,0.0,0.0,0.0,1.0,171.5905,155.198,101.42282,0.0671180679870166,0.08899050119307747,0.04664492086620407,0.0,0.0,0.0,0.0,0.0,0.0,0,0.0,0.0,0,0,0,0,0,0,0,0,0,0,0,0,0
1,406.196,40,3.4190959871939786,2.294589704980535,0.7958879758128833,0.7456608766105581,0.350990843008835,0.9252333714795555,0.24746850889730868,0.8632236891829855,0.10090546120399971,140.065,140.065,106.844,0,1,0,0,0,0,0,0,0,0,0.0,0.0,0.0,0.0,0.0,0.0,0.0,0.0,0.0,0.9,170.0772,140.065,102.59019,0.12820789183414993,0.24746850889730868,0.11442330539077354,0.0,0.0,0.0,0.0,0.0,0.0,0,0.0,0.0,0,0,0,0,0,0,0,0,0,0,0,0,0
1,407.198,40,3.529148851207276,0.10983319761806126,0.42100315899394697,0.3748848168189363,0.35074433980785613,0.9465779673755493,0.2643826998322785,0.8738053370305966,0.12249879689388302,117.449,117.449,109.056,0,1,0,0,0,0,0,0,0,0,0.0,0.0,0.0,0.0,0.0,0.0,0.0,0.0,0.0,0.8,165.35469999999998,117.449,103.64470000000001,0.1552253605583726,0.2643826998322785,0.1484956605136842,0.0,0.0,0.0,0.0,0.0,0.0,0,0.0,0.0,0,0,0,0,0,0,0,0,0,0,0,0,0
1,408.198,40,3.2189192285619894,-0.31022962264528653,0.9809372867544036,0.5599341277604566,0.4372331549295751,0.9561680228345479,0.37251351292016666,0.880889013071554,0.156247878432695,117.449,173.175,110.48,0,1,0,0,0,0,0,0,0,0,0.0,0.0,0.0,0.0,0.0,0.0,0.0,0.0,0.0,0.7,165.14720000000003,117.449,104.51469999999999,0.23006847502097588,0.37251351292016666,0.19632130625206476,0.0,0.0,0.0,0.0,0.0,0.0,0,0.0,0.0,0,0,0,0,0,0,0,0,0,0,0,0,0
1,409.2,40,3.3714512895887863,0.1522276058151665,0.3007383084968153,0.6801989782575883,0.37636936158119855,0.9524435075733564,0.3676125048888256,0.8874260999504229,0.1859746036498714,117.449,158.079,113.493,0,1,0,0,0,0,0,0,0,0,0.0,0.0,0.0,0.0,0.0,0.0,0.0,0.0,0.0,0.6,163.4898,117.449,105.6115,0.2548793829260374,0.3676125048888256,0.24635351280960646,0.0,0.0,0.0,0.0,0.0,0.0,0,0.0,0.0,0,0,0,0,0,0,0,0,0,0,0,0,0
1,410.204,41,5.972753278488078,2.59093823595547,0.04846364753688075,0.25227466095993456,0.3769080779591135,0.9526185088546285,0.3641824431697757,0.894240999211805,0.2140890469394406,117.449,156.448,119.005,0,1,0,0,0,0,0,0,0,0,0.0,0.0,0.0,0.0,0.0,0.0,0.0,0.0,0.0,0.5,161.6695,117.449,107.25919999999999,0.2597257476797255,0.3641824431697757,0.2663180559609799,0.0,0.0,0.0,0.0,0.0,0.0,0,0.0,0.0,0,0,0,0,0,0,0,0,0,0,0,0,0
1,411.214,41,2.505341025403188,-3.433081438697911,0.01925614214148259,0.029207505395398157,0.3891601450248152,0.9500716142027857,0.3627044640991203,0.9008962157770304,0.2428112796028655,117.449,155.863,121.248,0,1,0,0,0,0,0,0,0,0,0.0,0.0,0.0,0.0,0.0,0.0,0.0,0.0,0.0,0.4,159.79059999999998,117.449,109.1318,0.2616513618938737,0.3627044640991203,0.26923880650051973,0.0,0.0,0.0,0.0,0.0,0.0,0,0.0,0.0,0,0,0,0,0,0,0,0,0,0,0,0,0
1,412.204,41,2.9879651284116053,0.48749909394789626,0.5496209470545167,0.5303648049130341,0.39882063465234724,0.9545632269864331,0.3602849925559601,0.9077599257643545,0.27262253055185737,125.866,125.866,123.542,0,1,0,0,0,0,0,0,0,0,0.0,0.0,0.0,0.0,0.0,0.0,0.0,0.0,0.0,0.3,154.91209999999998,117.449,111.2337,0.3166134565993254,0.3602849925559601,0.3222752869918232,0.0,0.0,0.0,0.0,0.0,0.0,0,0.0,0.0,0,0,0,0,0,0,0,0,0,0,0,0,0
1,413.215,41,2.0406266968792712,-0.9370310895473137,0.9583814288627611,0.4087604818082444,0.3903589440515459,0.9527534626685364,0.3927142070476924,0.914082151981239,0.3093047742641092,71.3634,71.3634,124.828,0,1,0,0,0,0,0,0,0,0,0.0,0.0,0.0,0.0,0.0,0.0,0.0,0.0,0.0,0.2,144.58324,71.3634,113.4642,0.4124515994856015,0.3927142070476924,0.3631513351726476,0.0,0.0,0.0,0.0,0.0,0.0,0,0.0,0.0,0,0,0,0,0,0,0,0,0,0,0,0,0
1,414.207,41,1.3570642580621857,-0.6890750391301266,0.023722213056355843,0.9346592158064053,0.42196443928513694,0.9494279075845855,0.39000825851228643,0.9197026417397087,0.3515012181926228,70.4325,70.4325,125.891,0,1,0,0,0,0,0,0,0,0,0.0,0.0,0.0,0.0,0.0,0.0,0.0,0.0,0.0,0.1,134.16129,70.4325,115.80049999999999,0.4148238207912371,0.39000825851228643,0.4566172567532881,0.0,0.0,0.0,0.0,0.0,0.0,0,0.0,0.0,0,0,0,0,0,0,0,0,0,0,0,0,0
1,415.207,41,2.8484369327766608,1.491372674714475,0.7181714263341029,0.6944492132777471,0.4205566507333067,0.9350232918004553,0.3776288615015385,0.9240977003623545,0.39131065910337304,30.9118,30.9118,126.529,0,1,0,0,0,0,0,0,0,0,0.0,0.0,0.0,0.0,0.0,0.0,0.0,0.0,0.0,0.0,119.96527,30.9118,118.0916,0.4816182535044149,0.3776288615015385,0.5210394681608304,0.0,0.0,0.0,0.0,0.0,0.0,0,0.0,0.0,0,0,0,0,0,0,0,0,0,0,0,0,0
1,416.208,41,2.956621787376924,0.10807677782244063,1.547647252347681,0.829475826013578,0.5585374055024227,0.9195463024580836,0.5016162965166652,0.9272523763251383,0.4120653153527318,30.9118,120.255,127.892,0,1,0,0,0,0,0,0,0,0,0.0,0.0,0.0,0.0,0.0,0.0,0.0,0.0,0.0,0.0,117.98427,30.9118,120.1964,0.5567941811578947,0.5016162965166652,0.5294209631011323,0.0,0.0,0.0,0.0,0.0,0.0,0,0.0,0.0,0,0,0,0,0,0,0,0,0,0,0,0,0
1,417.219,41,3.2059980114316806,0.2466629318049029,0.04340786877494982,1.5042393835727312,0.6452428383670006,0.9093794663082103,0.5265652501618523,0.9298362187244937,0.4415151652086463,30.9118,124.006,129.413,0,1,0,0,0,0,0,0,0,0,0.0,0.0,0.0,0.0,0.0,0.0,0.0,0.0,0.0,0.0,118.63997000000002,30.9118,122.23209999999999,0.519034652135995,0.5265652501618523,0.6423564197765119,0.0,0.0,0.0,0.0,0.0,0.0,0,0.0,0.0,0,0,0,0,0,0,0,0,0,0,0,0,0
1,418.21,41,3.2866335857686755,0.0813678853047375,0.5014808537428318,0.45807298496788196,0.6241221837113318,0.9115636283450292,0.5010439001565864,0.9325197663318189,0.4602040680868219,30.9118,153.225,131.427,0,1,0,0,0,0,0,0,0,0,0.0,0.0,0.0,0.0,0.0,0.0,0.0,0.0,0.0,0.0,116.64497000000001,30.9118,124.3268,0.47108900883483784,0.5010439001565864,0.6321703054972543,0.0,0.0,0.0,0.0,0.0,0.0,0,0.0,0.0,0,0,0,0,0,0,0,0,0,0,0,0,0
1,419.216,41,3.3848772745611506,0.09765774233844447,0.589871502926356,0.08839064918352424,0.5476108377241213,0.9221302193422285,0.4984570669511572,0.9348794889329509,0.47732821570111417,30.9118,169.66,134.155,0,1,0,0,0,0,0,0,0,0,0.0,0.0,0.0,0.0,0.0,0.0,0.0,0.0,0.0,0.0,117.80307,30.9118,126.393,0.5000023282777919,0.4984570669511572,0.5729894725898479,0.0,0.0,0.0,0.0,0.0,0.0,0,0.0,0.0,0,0,0,0,0,0,0,0,0,0,0,0,0
1,420.212,42,3.6402991961444586,0.25644771243304015,0.3340973866341261,0.25577411629222996,0.5675139737796818,0.9276240860189097,0.47744850036504016,0.935726469223836,0.49638880528317103,120.255,168.944,137.167,0,1,0,0,0,0,0,0,0,0,0.0,0.0,0.0,0.0,0.0,0.0,0.0,0.0,0.0,0.0,119.05266999999999,30.9118,128.2092,0.5285657021875163,0.47744850036504016,0.5733394181230775,0.0,0.0,0.0,0.0,0.0,0.0,0,0.0,0.0,0,0,0,0,0,0,0,0,0,0,0,0,0
1,421.212,42,3.5649920560933857,-0.07530714005107297,0.47645704981339987,0.1423596631792738,0.21394989893975508,0.9321572372247897,0.4439756563906769,0.9367320793077754,0.47886778067466507,124.006,143.568,140.212,0,1,0,0,0,0,0,0,0,0,0.0,0.0,0.0,0.0,0.0,0.0,0.0,0.0,0.0,0.0,117.82316999999998,30.9118,130.1056,0.574285792954708,0.4439756563906769,0.584654633901465,0.0,0.0,0.0,0.0,0.0,0.0,0,0.0,0.0,0,0,0,0,0,0,0,0,0,0,0,0,0
1,422.211,42,2.4932184642498365,-1.072846438281831,0.0031363367868916937,0.4733207130265082,0.2303452799373875,0.9349534935933658,0.47955630592123244,0.9368191941238289,0.4620202452031691,143.568,144.315,142.277,0,1,0,0,0,0,0,0,0,0,0.0,0.0,0.0,0.0,0.0,0.0,0.0,0.0,0.0,0.0,119.66806999999999,30.9118,131.9791,0.5196373319279456,0.47955630592123244,0.5789502247128124,0.0,0.0,0.0,0.0,0.0,0.0,0,0.0,0.0,0,0,0,0,0,0,0,0,0,0,0,0,0
1,423.327,42,3.10041792989849,0.544085542695926,0.15068141013152037,0.14754507334462869,0.23778183841970085,0.938091804883074,0.4652552958140326,0.9369446045921835,0.44676253463998455,135.372,135.372,145.45,0,1,0,0,0,0,0,0,0,0,0.0,0.0,0.0,0.0,0.0,0.0,0.0,0.0,0.0,0.0,126.06893,30.9118,134.0413,0.43886733005482154,0.4652552958140326,0.5528286838664509,0.0,0.0,0.0,0.0,0.0,0.0,0,0.0,0.0,0,0,0,0,0,0,0,0,0,0,0,0,0
1,424.216,42,3.5961494781338468,0.5576282882287478,0.5828532914193322,0.4321718812878118,0.23573487936331813,0.941047908252799,0.44288023778321894,0.9371678606701351,0.42813957864780267,135.372,164.914,148.081,0,1,0,0,0,0,0,0,0,0,0.0,0.0,0.0,0.0,0.0,0.0,0.0,0.0,0.0,0.0,135.51708000000002,30.9118,136.2603,0.4947804378911192,0.44288023778321894,0.5025799504145916,0.0,0.0,0.0,0.0,0.0,0.0,0,0.0,0.0,0,0,0,0,0,0,0,0,0,0,0,0,0
1,425.215,42,3.7710180885622484,0.17504365408248412,0.2352732823666017,0.34758000905273045,0.2372889667551563,0.9485624997805965,0.44214219852848896,0.9379968763783761,0.4098128102499876,135.372,174.347,151.749,0,1,0,0,0,0,0,0,0,0,0.0,0.0,0.0,0.0,0.0,0.0,0.0,0.0,0.0,0.0,149.8606,120.255,138.78230000000002,0.446490623494369,0.44214219852848896,0.4678930299920898,0.0,0.0,0.0,0.0,0.0,0.0,0,0.0,0.0,0,0,0,0,0,0,0,0,0,0,0,0,0
1,426.219,42,1.4386773623364801,-2.3230485320973786,4.102702492206825e-06,0.23526917966410948,0.23919106021431452,0.9539534145572808,0.2372743076397556,0.9394328785322623,0.37787817572117677,135.372,174.362,153.003,0,1,0,0,0,0,0,0,0,0,0.0,0.0,0.0,0.0,0.0,0.0,0.0,0.0,0.0,0.0,155.27130000000002,124.006,141.2934,0.29172630852985015,0.2372743076397556,0.40847236535714304,0.0,0.0,0.0,0.0,0.0,0.0,0,0.0,0.0,0,0,0,0,0,0,0,0,0,0,0,0,0
1,427.217,42,3.2105811145399383,1.7754546615265112,0.0785099966392141,0.07850589393672189,0.22614346908864402,0.9413680498290482,0.23342088971288788,0.9391723826549372,0.33596823879334115,135.372,172.91,156.153,0,1,0,0,0,0,0,0,0,0,0.0,0.0,0.0,0.0,0.0,0.0,0.0,0.0,0.0,0.0,160.1617,135.372,143.9674,0.2952365213162766,0.23342088971288788,0.2658990163935421,0.0,0.0,0.0,0.0,0.0,0.0,0,0.0,0.0,0,0,0,0,0,0,0,0,0,0,0,0,0
1,428.219,42,2.698973272427114,-0.5105866687752739,0.14931679338212725,0.07080679674291315,0.22623295335750646,0.935138421333312,0.22527062628228903,0.9381209025798756,0.2961793157579586,164.914,166.077,158.838,0,1,0,0,0,0,0,0,0,0,0.0,0.0,0.0,0.0,0.0,0.0,0.0,0.0,0.0,0.0,161.44689999999997,135.372,146.7085,0.26002011528020613,0.22527062628228903,0.2271723975710452,0.0,0.0,0.0,0.0,0.0,0.0,0,0.0,0.0,0,0,0,0,0,0,0,0,0,0,0,0,0
1,429.223,42,3.43098530051953,0.7290956455103745,0.2610462266884957,0.11172943330636845,0.10848872448275451,0.9088980809142406,0.19353673333038632,0.9359436312469196,0.25226710443382194,166.077,173.779,161.614,0,1,0,0,0,0,0,0,0,0,0.0,0.0,0.0,0.0,0.0,0.0,0.0,0.0,0.0,0.0,161.8588,135.372,149.4544,0.22713758765642011,0.19353673333038632,0.2295062759833296,0.0,0.0,0.0,0.0,0.0,0.0,0,0.0,0.0,0,0,0,0,0,0,0,0,0,0,0,0,0
1,430.219,43,2.9448629076539183,-0.4880746916321401,0.1569574536643162,0.10408877302417949,0.09723636144456221,0.8944472210337647,0.19074567167313453,0.9330350668558763,0.20523934320030995,166.077,172.167,164.414,0,1,0,0,0,0,0,0,0,0,0.0,0.0,0.0,0.0,0.0,0.0,0.0,0.0,0.0,0.0,162.18110000000001,135.372,152.1791,0.20942359435943914,0.19074567167313453,0.21433774165652456,0.0,0.0,0.0,0.0,0.0,0.0,0,0.0,0.0,0,0,0,0,0,0,0,0,0,0,0,0,0
1,431.224,43,1.8594135465671369,-1.0800491155092353,0.45425150678383713,0.29729405311952095,0.1462433410527779,0.8827399530824728,0.18739137093693023,0.9296684837998608,0.19846868741161225,148.058,148.058,166.054,1,1,0,0,0,0,0,0,0,0,0.0,0.0,0.0,0.0,0.0,0.0,0.0,0.0,0.0,0.1,162.63010000000003,135.372,154.76330000000002,0.20720304005648282,0.18739137093693023,0.2298311806505493,0.0,0.0,0.0,0.0,0.0,0.0,0,0.0,0.0,0,0,0,0,0,0,0,0,0,0,0,0,0
1,432.224,43,3.523218579650983,1.6638050330838463,0.22463592846945454,0.2296155783143826,0.1237691205478611,0.8284004272942945,0.1731390617773102,0.9233603438152539,0.1878110714726596,148.058,161.658,167.556,0,1,0,0,0,0,0,0,0,0,0.0,0.0,0.0,0.0,0.0,0.0,0.0,0.0,0.0,0.1,164.3644,135.372,157.29119999999998,0.22935299922473912,0.1731390617773102,0.20546066717933673,0.0,0.0,0.0,0.0,0.0,0.0,0,0.0,0.0,0,0,0,0,0,0,0,0,0,0,0,0,0
1,433.227,43,1.607628663668929,-1.909860334977123,0.2684348015233959,0.04379887305394134,0.1104771211333029,0.8025558824176812,0.1711872901045893,0.9158504648027112,0.17508059974401982,148.058,174.415,168.158,0,1,0,1,1,0,0,0,0,0,0.0,0.0,0.0,0.0,0.0,0.0,0.0,0.0,0.0,0.1,168.2687,148.058,159.56199999999998,0.24112833836392666,0.1711872901045893,0.195086047150268,0.0,0.0,0.0,0.0,0.0,0.0,0,0.0,0.0,0,0,0,0,0,0,0,0,0,0,0,0,0
1,434.222,43,0.0,-1.6157071996672654,0.0,0.2684348015233959,0.16553843191258816,0.7987029987072426,0.13789727687657366,0.908314219358844,0.1680609549989468,148.058,174.415,168.154,0,1,0,1,1,0,0,0,0,0,0.0,0.0,0.0,0.0,0.0,0.0,0.0,0.0,0.0,0.1,169.2188,148.058,161.5693,0.18284300922199348,0.13789727687657366,0.1787123391738264,0.0,0.0,0.0,0.0,0.0,0.0,0,0.0,0.0,0,0,0,0,0,0,0,0,0,0,0,0,0
1,435.225,43,0.0,0.0,0.0,0.0,0.19324795625394517,0.8105352321795172,0.1476814181757287,0.9020898163777972,0.16365685394882568,148.058,174.416,168.149,0,1,0,1,1,0,0,0,0,0,0.0,0.0,0.0,0.0,0.0,0.0,0.0,0.0,0.0,0.1,169.22570000000002,148.058,163.20929999999998,0.15931568098533327,0.1476814181757287,0.14395433826855336,0.0,0.0,0.0,0.0,0.0,0.0,0,0.0,0.0,0,0,0,0,0,0,0,0,0,0,0,0,0
1,436.23,43,0.8449143099067762,0.8407107561261455,0.8704980624156665,0.8704980624156665,0.35651838990842505,0.8174129160769148,0.25839514072696834,0.8969831470587387,0.17538958691823675,131.463,131.463,168.834,0,1,0,0,0,0,0,0,0,0,0.0,0.0,0.0,0.0,0.0,0.0,0.0,0.0,0.0,0.1,164.9358,131.463,164.7924,0.24636507695665072,0.25839514072696834,0.20747722654370904,0.0,0.0,0.0,0.0,0.0,0.0,0,0.0,0.0,0,0,0,0,0,0,0,0,0,0,0,0,0
1,437.229,43,3.141615129434641,2.2989998193472116,0.6583989642361536,0.2120990981795129,0.39282088008761723,0.8183421386499149,0.2806504178918853,0.8924312806758239,0.19205732801813408,94.8855,94.8855,170.423,0,1,0,0,0,0,0,0,0,0,0.0,0.0,0.0,0.0,0.0,0.0,0.0,0.0,0.0,0.1,157.13335,94.8855,166.2194,0.30435397371634465,0.2806504178918853,0.22083654696798813,0.0,0.0,0.0,0.0,0.0,0.0,0,0.0,0.0,0,0,0,0,0,0,0,0,0,0,0,0,0
1,438.235,43,3.9726700985083627,0.8260983788009162,0.7264555890191517,0.06805662478299812,0.41882893625890166,0.74299617182964,0.3036273741462144,0.8840029078500542,0.21131692630827356,54.4745,54.4745,169.033,1,1,0,0,0,0,0,0,0,0,0.0,0.0,0.0,0.0,0.0,0.0,0.0,0.0,0.0,0.2,145.9731,54.4745,167.2389,0.3620678532800471,0.3036273741462144,0.22056152977199664,0.0,0.0,0.0,0.0,0.0,0.0,0,0.0,0.0,0,0,0,0,0,0,0,0,0,0,0,0,0
1,439.235,43,1.4180839502652862,-2.5545861482430765,0.015513132063867115,0.7109424569552847,0.4146891016210821,0.6992384020423785,0.32207183406479606,0.8728583169850618,0.24193696402210635,53.9646,53.9646,168.205,0,1,0,0,0,0,0,0,0,0,0.0,0.0,0.0,0.0,0.0,0.0,0.0,0.0,0.0,0.2,133.99166,53.9646,167.898,0.3375145438175843,0.32207183406479606,0.2804828321368883,0.0,0.0,0.0,0.0,0.0,0.0,0,0.0,0.0,0,0,0,0,0,0,0,0,0,0,0,0,0
1,440.237,44,1.7269217919354334,0.30822139887240235,0.605374717005249,0.589861584941382,0.32831431534727223,0.6531565586466723,0.32533961777571707,0.85913494061645,0.2650447594123774,53.9646,89.0941,167.7,0,1,0,0,0,0,0,0,0,0,0.0,0.0,0.0,0.0,0.0,0.0,0.0,0.0,0.0,0.2,125.68436999999999,53.9646,168.22660000000002,0.38235627015167756,0.32533961777571707,0.3290601133286085,0.0,0.0,0.0,0.0,0.0,0.0,0,0.0,0.0,0,0,0,0,0,0,0,0,0,0,0,0,0
1,441.241,44,2.211580627424815,0.48272792379420465,0.6509854303096221,0.04561071330437305,0.291585150220714,0.5766943823628117,0.33594561051525895,0.8413617978733511,0.27957894032917097,52.4012,52.4012,166.186,0,1,0,0,0,0,0,0,0,0,0.0,0.0,0.0,0.0,0.0,0.0,0.0,0.0,0.0,0.1,116.11868999999999,52.4012,168.2398,0.402029662504256,0.33594561051525895,0.3038917793470937,0.0,0.0,0.0,0.0,0.0,0.0,0,0.0,0.0,0,0,0,0,0,0,0,0,0,0,0,0,0
1,442.234,44,0.9007323172220976,-1.3200889327318401,0.047147809251741495,0.6038376210578806,0.34773082502983027,0.5448793743735674,0.3507226616679427,0.8218580919123613,0.3019751107773679,52.4012,55.3639,165.927,0,1,0,0,0,0,0,0,0,0,0.0,0.0,0.0,0.0,0.0,0.0,0.0,0.0,0.0,0.1,105.48928000000001,52.4012,168.0769,0.38428085058248473,0.3507226616679427,0.3413139836214435,0.0,0.0,0.0,0.0,0.0,0.0,0,0.0,0.0,0,0,0,0,0,0,0,0,0,0,0,0,0
1,443.236,44,1.1158023884435166,0.21464078964213482,0.24481018317856884,0.19766237392682734,0.3014724399089413,0.4749889559796233,0.35166799626783635,0.7987029494671887,0.3210746426549317,52.4012,69.494,164.919,0,1,0,0,0,0,0,0,0,0,0.0,0.0,0.0,0.0,0.0,0.0,0.0,0.0,0.0,0.1,94.99718,52.4012,167.753,0.38191838874800205,0.35166799626783635,0.3567003337087321,0.0,0.0,0.0,0.0,0.0,0.0,0,0.0,0.0,0,0,0,0,0,0,0,0,0,0,0,0,0
1,444.235,44,0.0,-1.116919307751268,0.0,0.24481018317856884,0.3053513172547956,0.43636260289412093,0.35166799626783635,0.7734686841992547,0.33505593118915244,52.4012,69.4922,164.911,0,1,0,0,0,0,0,0,0,0,0.0,0.0,0.0,0.0,0.0,0.0,0.0,0.0,0.0,0.1,84.50489999999999,52.4012,167.4287,0.38191838874800205,0.35166799626783635,0.3543378718742495,0.0,0.0,0.0,0.0,0.0,0.0,0,0.0,0.0,0,0,0,0,0,0,0,0,0,0,0,0,0
1,445.235,44,1.204246756276078,1.204246756276078,0.7511702015921558,0.7511702015921558,0.3450324077210158,0.3830281299192827,0.34109187339095126,0.7451919657061891,0.3502343763358595,52.4012,112.747,165.237,0,1,0,0,0,0,0,0,0,0,0.0,0.0,0.0,0.0,0.0,0.0,0.0,0.0,0.0,0.1,78.338,52.4012,167.1375,0.4570354089072176,0.34109187339095126,0.429454892033465,0.0,0.0,0.0,0.0,0.0,0.0,0,0.0,0.0,0,0,0,0,0,0,0,0,0,0,0,0,0
1,446.237,44,0.804617587746511,-0.3988315055185298,0.036842873655270315,0.7143273279368855,0.314046775735774,0.36396598066294894,0.33052236406106505,0.7156925940114724,0.3459872149185944,55.3639,115.108,165.574,0,1,0,0,0,0,0,0,0,0,0.0,0.0,0.0,0.0,0.0,0.0,0.0,0.0,0.0,0.1,76.7025,52.4012,166.8115,0.373669890031178,0.33052236406106505,0.4138378185855869,0.0,0.0,0.0,0.0,0.0,0.0,0,0.0,0.0,0,0,0,0,0,0,0,0,0,0,0,0,0
1,447.247,44,0.0,-0.7966510769767436,1.475362494440362e-08,0.03684285890164537,0.3210145293295963,0.3199286059073825,0.33306904699993206,0.6846206218153892,0.3388065798427923,69.4922,115.108,165.58,0,1,0,0,0,0,0,0,0,0,0.0,0.0,0.0,0.0,0.0,0.0,0.0,0.0,0.0,0.1,78.72475,52.4012,166.3272,0.30782999508292513,0.33306904699993206,0.39631219465780015,0.0,0.0,0.0,0.0,0.0,0.0,0,0.0,0.0,0,0,0,0,0,0,0,0,0,0,0,0,0
1,448.239,44,0.0,0.0,1.502133184863675e-08,2.6770690423313023e-10,0.33219765891776465,0.28743032346369546,0.3100453460117656,0.6522352169219083,0.3301434521086786,69.4922,115.112,165.585,0,1,0,0,0,0,0,0,0,0,0.0,0.0,0.0,0.0,0.0,0.0,0.0,0.0,0.0,0.0,84.7885,52.4012,165.9824,0.23518443768314312,0.3100453460117656,0.389506532206271,0.0,0.0,0.0,0.0,0.0,0.0,0,0.0,0.0,0,0,0,0,0,0,0,0,0,0,0,0,0
1,449.242,44,0.0,0.0,1.4856591419588892e-08,1.647404290478585e-10,0.33219765715568295,0.3223940882910359,0.31130285607413655,0.6229100172907481,0.32189430766213867,112.747,115.107,165.575,0,1,0,0,0,0,0,0,0,0,0.0,0.0,0.0,0.0,0.0,0.0,0.0,0.0,0.0,0.0,90.90274,52.4012,165.7194,0.23363312596241553,0.31130285607413655,0.3184122865272166,0.0,0.0,0.0,0.0,0.0,0.0,0,0.0,0.0,0,0,0,0,0,0,0,0,0,0,0,0,0
1,450.247,45,0.0,0.0,1.4827026063530008e-08,2.9565356058883436e-11,0.01647662734824265,0.3658771331722487,0.28904632095204974,0.5964815128976723,0.29071053886223575,115.107,115.11,165.581,0,1,0,0,0,0,0,0,0,0,0.0,0.0,0.0,0.0,0.0,0.0,0.0,0.0,0.0,0.0,93.50433,52.4012,165.5075,0.1730956557445933,0.28904632095204974,0.25942612803603493,0.0,0.0,0.0,0.0,0.0,0.0,0,0.0,0.0,0,0,0,0,0,0,0,0,0,0,0,0,0
1,451.245,45,0.0,0.0,1.493102324032831e-08,1.0399717679830304e-10,1.0232457478413348e-10,0.4309574611917155,0.23831241027845032,0.5738923883031345,0.26155202385039683,115.107,115.108,165.573,0,1,0,0,0,0,0,0,0,0,0.0,0.0,0.0,0.0,0.0,0.0,0.0,0.0,0.0,0.0,99.77501000000001,55.3639,165.4462,0.10799711420673339,0.23831241027845032,0.25486505671599735,0.0,0.0,0.0,0.0,0.0,0.0,0,0.0,0.0,0,0,0,0,0,0,0,0,0,0,0,0,0
1,452.247,45,0.0,0.0,1.4871418357133389e-08,5.960488319492257e-11,7.697295683116395e-11,0.6879628263990457,0.2401096249943539,0.566870508258372,0.22677894135511106,115.107,115.109,165.573,0,1,0,0,0,0,0,0,0,0,0.0,0.0,0.0,0.0,0.0,0.0,0.0,0.0,0.0,0.0,105.74952,69.4922,165.41080000000002,0.10328233476870108,0.2401096249943539,0.19448129461616975,0.0,0.0,0.0,0.0,0.0,0.0,0,0.0,0.0,0,0,0,0,0,0,0,0,0,0,0,0,0
1,453.249,45,0.0,0.0,1.4871418357133389e-08,0.0,3.78920379614793e-11,0.8433309875338475,0.2365299116652982,0.5689092635141803,0.19663169736800615,115.107,115.11,165.575,0,1,0,0,0,0,0,0,0,0,0.0,0.0,0.0,0.0,0.0,0.0,0.0,0.0,0.0,0.0,110.31112,69.4922,165.4764,0.07880131793798603,0.2365299116652982,0.17471505722348704,0.0,0.0,0.0,0.0,0.0,0.0,0,0.0,0.0,0,0,0,0,0,0,0,0,0,0,0,0,0
1,454.259,45,0.0,0.0,1.475362494440362e-08,1.1779341272976877e-10,6.575359469152772e-11,0.8433309875338475,0.23652991111915866,0.5711406629555105,0.16609656564910194,115.107,115.107,165.577,0,1,0,0,0,0,0,0,0,0,0.0,0.0,0.0,0.0,0.0,0.0,0.0,0.0,0.0,0.0,114.8726,112.747,165.54299999999998,0.07880131941334853,0.23652991111915866,0.1502340389174095,0.0,0.0,0.0,0.0,0.0,0.0,0,0.0,0.0,0,0,0,0,0,0,0,0,0,0,0,0,0
1,455.251,45,0.0,0.0,1.502133184863675e-08,2.6770690423313023e-10,9.774890202491918e-11,0.8433309875338475,0.011650734924619854,0.5727804507232271,0.13159332488677528,115.107,115.113,165.586,0,1,0,0,0,0,0,0,0,0,0.0,0.0,0.0,0.0,0.0,0.0,0.0,0.0,0.0,0.0,115.10920000000002,115.107,165.5779,0.003684300756266145,0.011650734924619854,0.07511701878496461,0.0,0.0,0.0,0.0,0.0,0.0,0,0.0,0.0,0,0,0,0,0,0,0,0,0,0,0,0,0
1,456.25,45,0.0,0.0,1.4916077271118776e-08,1.052545775179738e-10,9.639081759922892e-11,0.8668676315742624,9.3833212232647e-11,0.5752531864980945,0.10018864732283694,115.107,115.107,165.576,0,1,0,0,0,0,0,0,0,0,0.0,0.0,0.0,0.0,0.0,0.0,0.0,0.0,0.0,0.0,115.10910000000001,115.107,165.5781,1.4882346840593581e-08,9.3833212232647e-11,0.0036842860018015235,0.0,0.0,0.0,0.0,0.0,0.0,0,0.0,0.0,0,0,0,0,0,0,0,0,0,0,0,0,0
1,457.251,45,0.0,0.0,1.488627491892873e-08,2.980235219004666e-11,9.602742326061245e-11,0.9240088988636633,8.227903072473085e-11,0.5805365245087819,0.06808719439948005,115.107,115.11,165.581,0,1,0,0,0,0,0,0,0,0,0.0,0.0,0.0,0.0,0.0,0.0,0.0,0.0,0.0,0.0,115.1093,115.107,165.5782,1.4895611838046091e-08,8.227903072473085e-11,1.1461722180486221e-10,0.0,0.0,0.0,0.0,0.0,0.0,0,0.0,0.0,0,0,0,0,0,0,0,0,0,0,0,0,0
1,458.254,45,0.0,0.0,1.4856591419588892e-08,2.9683499339838035e-11,9.69592754608124e-11,0.8924283203607765,6.986628300817943e-11,0.5880081319353387,0.03486742851739952,115.107,115.108,165.574,0,1,0,0,0,0,0,0,0,0,0.0,0.0,0.0,0.0,0.0,0.0,0.0,0.0,0.0,0.0,115.10889999999999,115.107,165.57710000000003,1.4879137795141305e-08,6.986628300817943e-11,9.0814881315533e-11,0.0,0.0,0.0,0.0,0.0,0.0,0,0.0,0.0,0,0,0,0,0,0,0,0,0,0,0,0,0
1,459.257,45,0.0,0.0,1.4856591419588892e-08,0.0,6.831004750512082e-11,0.8765372116237226,6.986628300817943e-11,0.5968730724144059,0.0016476628086622282,115.107,115.109,165.573,0,1,0,0,0,0,0,0,0,0,0.0,0.0,0.0,0.0,0.0,0.0,0.0,0.0,0.0,0.0,115.10910000000001,115.107,165.5769,1.4879137795141308e-08,6.986628300817943e-11,7.434083841074715e-11,0.0,0.0,0.0,0.0,0.0,0.0,0,0.0,0.0,0,0,0,0,0,0,0,0,0,0,0,0,0
1,460.256,46,0.0,0.0,1.4916077271118776e-08,5.94858515298847e-11,2.974293763834785e-11,0.8490527308293448,6.814001927926338e-11,0.6066678810235395,7.681225677573461e-11,115.107,115.111,165.577,0,1,0,0,0,0,0,0,0,0,0.0,0.0,0.0,0.0,0.0,0.0,0.0,0.0,0.0,0.0,115.10919999999999,115.107,165.5765,1.4888042915900181e-08,6.814001927926338e-11,7.733288795784727e-11,0.0,0.0,0.0,0.0,0.0,0.0,0,0.0,0.0,0,0,0,0,0,0,0,0,0,0,0,0,0
1,461.259,46,0.0,0.0,1.4856591419588892e-08,5.94858515298847e-11,2.6596249916044106e-11,0.812729198242141,6.697880023816867e-11,0.618469621817506,6.923942428892567e-11,115.107,115.107,165.575,0,1,0,0,0,0,0,0,0,0,0.0,0.0,0.0,0.0,0.0,0.0,0.0,0.0,0.0,0.0,115.10909999999998,115.107,165.57670000000002,1.488059973382624e-08,6.697880023816867e-11,7.288175543100544e-11,0.0,0.0,0.0,0.0,0.0,0.0,0,0.0,0.0,0,0,0,0,0,0,0,0,0,0,0,0,0
1,462.257,46,0.0,0.0,1.493102324032831e-08,7.44318207394196e-11,3.705358917032787e-11,0.7597785237138746,6.870095954005222e-11,0.6292145792845213,6.524748752284206e-11,115.107,115.113,165.586,0,1,0,0,0,0,0,0,0,0,0.0,0.0,0.0,0.0,0.0,0.0,0.0,0.0,0.0,0.0,115.1095,115.107,165.578,1.4886560222145734e-08,6.870095954005222e-11,7.436444918545514e-11,0.0,0.0,0.0,0.0,0.0,0.0,0,0.0,0.0,0,0,0,0,0,0,0,0,0,0,0,0,0
1,463.261,46,0.0,0.0,1.484179401777655e-08,8.922922255176115e-11,4.018612261859598e-11,0.9997520708657055,7.005186391925865e-11,0.6554527350288255,6.547689598855373e-11,115.107,115.108,165.578,0,1,0,0,0,0,0,0,0,0,0.0,0.0,0.0,0.0,0.0,0.0,0.0,0.0,0.0,0.0,115.10929999999999,115.107,165.57829999999998,1.488359778821005e-08,7.005186391925865e-11,8.328737144063126e-11,0.0,0.0,0.0,0.0,0.0,0.0,0,0.0,0.0,0,0,0,0,0,0,0,0,0,0,0,0,0
1,464.258,46,0.5114368895993943,0.5129758170505458,0.1159974995919886,0.11599748475019458,0.05187565220415041,0.9990316938532928,0.03668162544833997,0.6835861895767841,0.0051875652793165776,108.687,108.687,165.795,0,1,0,0,0,0,0,0,0,0,0.0,0.0,0.0,0.0,0.0,0.0,0.0,0.0,0.0,0.0,114.4673,108.687,165.60010000000003,0.011599763367434155,0.03668162544833997,0.011599748546527488,0.0,0.0,0.0,0.0,0.0,0.0,0,0.0,0.0,0,0,0,0,0,0,0,0,0,0,0,0,0
1,465.265,46,2.2205244872114593,1.697207147579012,0.07895068545931176,0.03704681413267684,0.05497196602578615,0.9869129092367342,0.042016063751410516,0.7137804285426567,0.010684761872120302,108.687,113.975,165.958,0,1,0,0,0,0,0,0,0,0,0.0,0.0,0.0,0.0,0.0,0.0,0.0,0.0,0.0,0.0,114.35349999999998,108.687,165.63729999999998,0.019494830411232143,0.042016063751410516,0.015304429933024482,0.0,0.0,0.0,0.0,0.0,0.0,0,0.0,0.0,0,0,0,0,0,0,0,0,0,0,0,0,0
1,466.261,46,0.5020080321277836,-1.725418127594052,0.16469412721251758,0.08574344175320582,0.07236066498323299,0.9247360640794531,0.06135372796456603,0.7418189327134818,0.017920828360804518,108.687,123.415,166.346,0,1,0,0,0,0,0,0,0,0,0.0,0.0,0.0,0.0,0.0,0.0,0.0,0.0,0.0,0.0,115.18429999999998,108.687,165.7143,0.03596424164087618,0.06135372796456603,0.023878774097819605,0.0,0.0,0.0,0.0,0.0,0.0,0,0.0,0.0,0,0,0,0,0,0,0,0,0,0,0,0,0
1,467.271,46,1.5081176158592162,0.9961481027043888,0.39280888861163094,0.22811476139911335,0.14821862463082622,0.9341949063389042,0.12670758758050307,0.7725322477350579,0.032742690814284395,101.195,101.195,167.326,0,1,0,0,0,0,0,0,0,0,0.0,0.0,0.0,0.0,0.0,0.0,0.0,0.0,0.0,0.0,113.79280000000001,101.195,165.8888,0.07524512901341178,0.12670758758050307,0.04669025023475071,0.0,0.0,0.0,0.0,0.0,0.0,0,0.0,0.0,0,0,0,0,0,0,0,0,0,0,0,0,0
1,468.265,46,2.877333932811736,1.3774812041775852,1.8256517925888278,1.4328429039771968,0.7424272806069282,0.8879280639142489,0.5646488125950793,0.8025571347575855,0.10698541886528128,5.56148,5.56148,166.316,0,1,0,0,0,0,0,0,0,0,0.0,0.0,0.0,0.0,0.0,0.0,0.0,0.0,0.0,0.0,102.838148,5.56148,165.963,0.2578103067866354,0.5646488125950793,0.18997454062950206,0.0,0.0,0.0,0.0,0.0,0.0,0,0.0,0.0,0,0,0,0,0,0,0,0,0,0,0,0,0
1,469.261,46,2.8750644722911463,-0.0022785748198692157,1.494126261405842,0.3315255311829859,0.8097406995076073,0.626470443606603,0.6756251593107845,0.817760952523364,0.187959488809211,5.56148,87.2292,163.432,0,1,0,0,0,0,0,0,0,0,0.0,0.0,0.0,0.0,0.0,0.0,0.0,0.0,0.0,0.0,100.05016800000001,5.56148,165.7489,0.40722293144156047,0.6756251593107845,0.22312709374780063,0.0,0.0,0.0,0.0,0.0,0.0,0,0.0,0.0,0,0,0,0,0,0,0,0,0,0,0,0,0
1,470.27,47,0.35733908960723665,-2.495267970945401,0.0,1.494126261405842,0.8276743067839131,0.5724393648947023,0.6756251603097225,0.8280890641094867,0.27072691948462807,5.56148,87.3739,163.541,0,1,0,0,0,0,0,0,0,0,0.0,0.0,0.0,0.0,0.0,0.0,0.0,0.0,0.0,0.0,97.276458,5.56148,165.5453,0.40722292994995274,0.6756251603097225,0.3725397198824362,0.0,0.0,0.0,0.0,0.0,0.0,0,0.0,0.0,0,0,0,0,0,0,0,0,0,0,0,0,0
1,471.277,47,1.685259461564073,1.3186895451408507,0.06106922184916998,0.06106922184916998,0.8478428297934134,0.3637397528764589,0.6718004959677274,0.8247281786937238,0.35551120246130974,5.56148,84.3745,164.372,0,1,0,0,0,0,0,0,0,0,0.0,0.0,0.0,0.0,0.0,0.0,0.0,0.0,0.0,0.0,94.20320799999999,5.56148,165.425,0.4133298506492106,0.6718004959677274,0.37864664206140464,0.0,0.0,0.0,0.0,0.0,0.0,0,0.0,0.0,0,0,0,0,0,0,0,0,0,0,0,0,0
1,472.269,47,0.10080645161326995,-1.5972308568052451,2.0122277124392633,1.9511584905900934,0.9748276775310412,0.3647397152048404,0.81938797933596,0.8085670231340136,0.45299397021070853,5.56148,30.4589,164.301,0,1,0,0,0,0,0,0,0,0,0.0,0.0,0.0,0.0,0.0,0.0,0.0,0.0,0.0,0.0,85.737798,5.56148,165.29649999999998,0.6145526204000347,0.81938797933596,0.5737624911129708,0.0,0.0,0.0,0.0,0.0,0.0,0,0.0,0.0,0,0,0,0,0,0,0,0,0,0,0,0,0
1,473.284,47,1.7430350751691712,1.6179592350304448,0.6034779563466204,1.408749756092643,0.8902394988661045,0.4404685081468296,0.7908222954424359,0.7884238991646627,0.5420179200933003,6.99367,6.99367,163.539,0,1,0,0,0,0,0,0,0,0,0.0,0.0,0.0,0.0,0.0,0.0,0.0,0.0,0.0,0.0,74.926365,5.56148,165.0926,0.6749004145505173,0.7908222954424359,0.7146374667133122,0.0,0.0,0.0,0.0,0.0,0.0,0,0.0,0.0,0,0,0,0,0,0,0,0,0,0,0,0,0
1,474.28,47,0.7099465745558386,-1.0372374504149926,1.1186887314635292,0.5152107751169088,0.8347651042255613,0.46577011678067454,0.7755024004513124,0.769545855627004,0.6203068652954414,6.99367,59.6768,163.13,0,1,0,0,0,0,0,0,0,0,0.0,0.0,0.0,0.0,0.0,0.0,0.0,0.0,0.0,0.0,70.02534499999999,5.56148,164.8261,0.7751695377376714,0.7755024004513124,0.7545587957499836,0.0,0.0,0.0,0.0,0.0,0.0,0,0.0,0.0,0,0,0,0,0,0,0,0,0,0,0,0,0
1,475.28,47,2.889131788272142,2.1791852137163037,2.3386241783113775,1.2199354468478483,0.9502889504014677,0.36689065012045335,0.8731611186046023,0.7457238387563343,0.7098385637330096,6.99367,165.526,166.0,0,1,0,0,0,0,0,0,0,0,0.0,0.0,0.0,0.0,0.0,0.0,0.0,0.0,0.0,0.0,75.180445,5.56148,164.83030000000002,1.0011368870228778,0.8731611186046023,0.8728476590215006,0.0,0.0,0.0,0.0,0.0,0.0,0,0.0,0.0,0,0,0,0,0,0,0,0,0,0,0,0,0
1,476.275,47,2.3477731893240357,-0.5440789939176949,0.10027492260216142,2.238349255709216,0.9383520215774052,0.26336831375719016,0.8802268556390626,0.7155488728654806,0.7964376993924268,6.99367,171.109,167.666,0,1,0,0,0,0,0,0,0,0,0.0,0.0,0.0,0.0,0.0,0.0,0.0,0.0,0.0,0.0,79.94984500000001,5.56148,164.9623,0.9946949665618423,0.8802268556390626,1.0881082404171019,0.0,0.0,0.0,0.0,0.0,0.0,0,0.0,0.0,0,0,0,0,0,0,0,0,0,0,0,0,0
1,477.271,47,2.1328167563133578,-0.21581971185811036,0.6375783599544229,0.5373034373522615,0.8508785549564116,0.3193802603179346,0.8648999985206026,0.6853174409381942,0.8667036924249854,6.99367,150.748,169.512,0,1,0,0,0,0,0,0,0,0,0.0,0.0,0.0,0.0,0.0,0.0,0.0,0.0,0.0,0.0,84.905145,5.56148,165.1809,1.0191719136961215,0.8648999985206026,1.1190271080124163,0.0,0.0,0.0,0.0,0.0,0.0,0,0.0,0.0,0,0,0,0,0,0,0,0,0,0,0,0,0
1,478.288,47,0.0,-2.0971649521271956,2.0721164459633254e-08,0.6375783392332585,0.9509606773473043,0.3193802603179346,0.8684257263787065,0.6566650379360521,0.8875570320990229,59.6768,150.746,169.506,0,1,0,0,0,0,0,0,0,0,0.0,0.0,0.0,0.0,0.0,0.0,0.0,0.0,0.0,0.0,99.423597,6.99367,165.4999,0.8366067365093551,0.8684257263787065,1.0395006515380227,0.0,0.0,0.0,0.0,0.0,0.0,0,0.0,0.0,0,0,0,0,0,0,0,0,0,0,0,0,0
1,479.279,47,2.6798380323720985,2.704175612888091,0.7748953528010929,0.7748953320799284,0.9380261907943385,0.3893945577068903,0.8371390591636958,0.6323079052402105,0.900385581227696,150.746,163.37,171.349,0,1,0,0,0,0,0,0,0,0,0.0,0.0,0.0,0.0,0.0,0.0,0.0,0.0,0.0,0.0,107.037677,6.99367,166.2916,0.7646836456488803,0.8371390591636958,1.083837631627717,0.0,0.0,0.0,0.0,0.0,0.0,0,0.0,0.0,0,0,0,0,0,0,0,0,0,0,0,0,0
1,480.278,48,2.2249730469411055,-0.4553203057367297,0.10053762017983064,0.6743577326212622,0.35587684815687304,0.4283869033727765,0.8274830863201731,0.6112746138673821,0.853205835364992,150.746,157.607,173.445,0,1,0,0,0,0,0,0,0,0,0.0,0.0,0.0,0.0,0.0,0.0,0.0,0.0,0.0,0.0,114.060987,6.99367,167.28199999999998,0.7747374076668633,0.8274830863201731,1.001860778749259,0.0,0.0,0.0,0.0,0.0,0.0,0,0.0,0.0,0,0,0,0,0,0,0,0,0,0,0,0,0
1,481.28,48,2.4002063834819554,0.17488356940204575,2.5753444529214735,2.474806832741643,1.037610861173849,0.45394572421935175,0.958196209408739,0.5933354401662426,0.8721826385030356,54.1518,54.1518,175.823,0,1,0,0,0,0,0,0,0,0,0.0,0.0,0.0,0.0,0.0,0.0,0.0,0.0,0.0,0.0,111.03871699999999,6.99367,168.4271,1.0261649307740937,0.958196209408739,1.2432345398385063,0.0,0.0,0.0,0.0,0.0,0.0,0,0.0,0.0,0,0,0,0,0,0,0,0,0,0,0,0,0
1,482.28,48,3.0052831414028316,0.6050767579208762,0.2790454894434444,2.296298963478029,1.065190150906634,0.48887061863560577,0.9158320667231508,0.5797900449123292,0.8812188858405949,54.1518,71.0043,176.599,1,1,0,0,0,0,0,0,0,0,0.0,0.0,0.0,0.0,0.0,0.0,0.0,0.0,0.0,0.1,115.09325700000002,6.99367,169.6569,0.8528467084745117,0.9158320667231508,1.2777485871273,0.0,0.0,0.0,0.0,0.0,0.0,0,0.0,0.0,0,0,0,0,0,0,0,0,0,0,0,0,0
1,483.287,48,6.337633148964917,3.3091857076088242,0.21161399473245088,0.06743149471099355,1.0318226054871802,0.5095467608198881,0.9358522112752852,0.5552797794100384,0.8953771965027025,54.1518,60.8698,175.057,0,1,0,0,0,0,0,0,0,0,0.0,0.0,0.0,0.0,0.0,0.0,0.0,0.0,0.0,0.1,120.48087000000001,54.1518,170.8087,0.8136603123130948,0.9358522112752852,1.143616760989135,0.0,0.0,0.0,0.0,0.0,0.0,0,0.0,0.0,0,0,0,0,0,0,0,0,0,0,0,0,0
1,484.29,48,4.728753334804345,-1.6040676113265921,0.3297170334120606,0.11810303867960972,1.0522716174708107,0.5190876270495899,0.9405249939859842,0.5312825760698532,0.9171278478272272,54.1518,81.155,173.277,0,1,0,0,0,0,0,0,0,0,0.0,0.0,0.0,0.0,0.0,0.0,0.0,0.0,0.0,0.1,122.62869,54.1518,171.8234,0.7347631425079479,0.9405249939859842,1.1039059873454051,0.0,0.0,0.0,0.0,0.0,0.0,0,0.0,0.0,0,0,0,0,0,0,0,0,0,0,0,0,0
1,485.288,48,2.1515614305655233,-2.5823566174737698,0.11284884971541681,0.2168681836966438,1.0505333963592474,0.5128538848659329,0.7659623549557018,0.5075796248513131,0.9271522924230053,54.1518,88.278,173.051,0,1,0,0,0,0,0,0,0,0,0.0,0.0,0.0,0.0,0.0,0.0,0.0,0.0,0.0,0.1,114.90389,54.1518,172.52849999999998,0.5121856096483518,0.7659623549557018,1.0035992610302846,0.0,0.0,0.0,0.0,0.0,0.0,0,0.0,0.0,0,0,0,0,0,0,0,0,0,0,0,0,0
1,486.281,48,3.4091983096580423,1.266502395863564,0.14561437913985092,0.032765529424434114,0.09016590356205684,0.5441877495923977,0.7633830732837507,0.4885522091269604,0.8423336806214706,60.8698,97.668,173.153,1,1,0,0,0,0,0,0,0,0,0.0,0.0,0.0,0.0,0.0,0.0,0.0,0.0,0.0,0.2,107.55978999999999,54.1518,173.0772,0.5167195553021208,0.7633830732837507,0.7830408884018063,0.0,0.0,0.0,0.0,0.0,0.0,0,0.0,0.0,0,0,0,0,0,0,0,0,0,0,0,0,0
1,487.285,48,3.123377217102705,-0.28468236310292533,0.47822570773218503,0.3326113285923341,0.1495535327803258,0.559021643204123,0.7622422367992873,0.4697935459702213,0.772201178403862,60.8698,125.835,175.211,0,1,0,0,0,0,0,0,0,0,0.0,0.0,0.0,0.0,0.0,0.0,0.0,0.0,0.0,0.2,105.06849,54.1518,173.6471,0.500784290079897,0.7622422367992873,0.7625716775258137,0.0,0.0,0.0,0.0,0.0,0.0,0,0.0,0.0,0,0,0,0,0,0,0,0,0,0,0,0,0
1,488.307,48,3.0333390307978556,-0.08809998659965715,0.426069776209074,0.05215593152311104,0.16385225322455202,0.5728112507721539,0.7427997246558057,0.45403770531311655,0.6934903359915867,81.155,101.947,176.438,0,1,0,0,0,0,0,0,0,0,0.0,0.0,0.0,0.0,0.0,0.0,0.0,0.0,0.0,0.2,100.18859,54.1518,174.34029999999998,0.5433912656286879,0.7427997246558057,0.7040294367547989,0.0,0.0,0.0,0.0,0.0,0.0,0,0.0,0.0,0,0,0,0,0,0,0,0,0,0,0,0,0
1,489.288,48,3.282893393933288,0.25438773000553744,0.20445649029547408,0.2216132859135999,0.16742212080542104,0.6476224206067337,0.744946341729512,0.45509530416312316,0.616429928992695,88.278,91.5133,175.741,0,1,0,0,0,0,0,0,0,0,0.0,0.0,0.0,0.0,0.0,0.0,0.0,0.0,0.0,0.2,93.00292,54.1518,174.7795,0.486347379378126,0.744946341729512,0.6487012321381661,0.0,0.0,0.0,0.0,0.0,0.0,0,0.0,0.0,0,0,0,0,0,0,0,0,0,0,0,0,0
1,490.299,49,3.1966616322159425,-0.08529353285593015,0.05841040787420627,0.14604608242126782,0.18164284760418983,0.675027728645434,0.747485330929368,0.46022472235065975,0.5990065289374267,89.1849,89.1849,175.977,0,1,0,0,0,0,0,0,0,0,0.0,0.0,0.0,0.0,0.0,0.0,0.0,0.0,0.0,0.2,86.16071,54.1518,175.0327,0.4821346581475637,0.747485330929368,0.5958700671181666,0.0,0.0,0.0,0.0,0.0,0.0,0,0.0,0.0,0,0,0,0,0,0,0,0,0,0,0,0,0
1,491.293,49,0.9546757665412704,-2.255518979551984,0.099034596780985,0.040624188906778734,0.19013574584710483,0.7271279346561303,0.14167107495536285,0.4783941314396432,0.5142590174047522,83.8948,83.8948,176.128,0,1,0,0,0,0,0,0,0,0,0.0,0.0,0.0,0.0,0.0,0.0,0.0,0.0,0.0,0.2,89.13501,60.8698,175.0632,0.23450367253351478,0.14167107495536285,0.3524518027346802,0.0,0.0,0.0,0.0,0.0,0.0,0,0.0,0.0,0,0,0,0,0,0,0,0,0,0,0,0,0
1,492.292,49,2.4450050575432503,1.4918211121140939,0.9356181006968946,0.8365835039159095,0.3597869868153351,0.7340158256500185,0.26396652772894436,0.49685793696190217,0.4437187009956224,31.4656,31.4656,175.818,0,1,0,0,0,0,0,0,0,0,0.0,0.0,0.0,0.0,0.0,0.0,0.0,0.0,0.0,0.1,85.18114,31.4656,174.98510000000002,0.3001609336588598,0.26396652772894436,0.2064802567784682,0.0,0.0,0.0,0.0,0.0,0.0,0,0.0,0.0,0,0,0,0,0,0,0,0,0,0,0,0,0
1,493.293,49,0.4995007492506869,-1.9435607475450185,0.11538452973885141,0.8202335709580432,0.3689367459604286,0.7260861132847807,0.26925425776279804,0.5111388172187997,0.3774301150429472,25.0697,25.0697,175.427,0,1,0,0,0,0,0,0,0,0,0.0,0.0,0.0,0.0,0.0,0.0,0.0,0.0,0.0,0.1,81.60113,25.0697,175.0221,0.29053798715949986,0.26925425776279804,0.2817604644031732,0.0,0.0,0.0,0.0,0.0,0.0,0,0.0,0.0,0,0,0,0,0,0,0,0,0,0,0,0,0
1,494.295,49,0.0,-0.49850374176715256,0.0,0.11538452973885141,0.39046296553288773,0.7258985551571748,0.283722612974125,0.5241452391376248,0.3112492498491549,25.0688,25.0688,175.418,0,1,0,0,0,0,0,0,0,0,0.0,0.0,0.0,0.0,0.0,0.0,0.0,0.0,0.0,0.1,75.99251000000001,25.0688,175.2362,0.25756628381829383,0.283722612974125,0.2814886135090974,0.0,0.0,0.0,0.0,0.0,0.0,0,0.0,0.0,0,0,0,0,0,0,0,0,0,0,0,0,0
1,495.3,49,2.6175026940689445,2.604480292605915,0.5969595611357035,0.5969595611357035,0.4013925240157321,0.7358148086867029,0.29726438529429056,0.5425914470659372,0.24633516261480337,25.0688,59.5775,173.268,0,1,0,0,0,0,0,0,0,0,0.0,0.0,0.0,0.0,0.0,0.0,0.0,0.0,0.0,0.1,73.12246,25.0688,175.2579,0.30597735496032247,0.29726438529429056,0.31949775125300334,0.0,0.0,0.0,0.0,0.0,0.0,0,0.0,0.0,0,0,0,0,0,0,0,0,0,0,0,0,0
1,496.303,49,0.2991027085421312,-2.311465588760532,0.03688809153153791,0.5600714696041655,0.4119078093725731,0.8053710334013017,0.3056515154362839,0.5696915830481428,0.278509353195855,25.0688,61.7791,173.434,0,1,0,0,0,0,0,0,0,0,0.0,0.0,0.0,0.0,0.0,0.0,0.0,0.0,0.0,0.0,69.53357,25.0688,175.286,0.2951047261994912,0.3056515154362839,0.3722283452709765,0.0,0.0,0.0,0.0,0.0,0.0,0,0.0,0.0,0,0,0,0,0,0,0,0,0,0,0,0,0
1,497.308,49,1.6320417422685083,1.3263074962451515,0.6059183846736353,0.5690302931420974,0.30450185369937943,0.8187287727980778,0.31662226608700106,0.5946590086721499,0.2940041852877604,25.0688,97.0035,172.759,0,1,0,0,0,0,0,0,0,0,0.0,0.0,0.0,0.0,0.0,0.0,0.0,0.0,0.0,0.0,66.65042000000001,25.0688,175.0408,0.30787399389363623,0.31662226608700106,0.3958702417259528,0.0,0.0,0.0,0.0,0.0,0.0,0,0.0,0.0,0,0,0,0,0,0,0,0,0,0,0,0,0
1,498.296,49,2.9076863481877364,1.2911382651004333,0.9490238219379582,0.34310543726432285,0.4084557940594783,0.8220013707969731,0.3759435093628199,0.6197900641961018,0.31846453937125296,25.0688,151.04,174.666,0,1,0,0,0,0,0,0,0,0,0.0,0.0,0.0,0.0,0.0,0.0,0.0,0.0,0.0,0.0,71.55972,25.0688,174.8636,0.3601693984665246,0.3759435093628199,0.424965192300074,0.0,0.0,0.0,0.0,0.0,0.0,0,0.0,0.0,0,0,0,0,0,0,0,0,0,0,0,0,0
1,499.299,49,3.3507322414691423,0.44172073108814147,0.15456014300788995,0.7944636789300683,0.3711925859922948,0.8148011646674496,0.37856180938156475,0.6410603945441299,0.3388415858899404,59.5775,160.15,177.647,0,1,0,0,0,0,0,0,0,0,0.0,0.0,0.0,0.0,0.0,0.0,0.0,0.0,0.0,0.0,78.42339,25.0688,175.0542,0.35517976373776616,0.37856180938156475,0.4822502316017208,0.0,0.0,0.0,0.0,0.0,0.0,0,0.0,0.0,0,0,0,0,0,0,0,0,0,0,0,0,0
1,500.304,50,2.3230347976344383,-1.0225845212285614,0.5290918595649479,0.3745317165570579,0.36654028710302167,0.8214811670175571,0.36663646167998276,0.6607151077263688,0.3573313298398236,61.7791,167.433,179.881,0,1,0,0,0,0,0,0,0,0,0.0,0.0,0.0,0.0,0.0,0.0,0.0,0.0,0.0,0.0,86.2482,25.0688,175.44459999999998,0.40224790890684037,0.36663646167998276,0.5050987950152999,0.0,0.0,0.0,0.0,0.0,0.0,0,0.0,0.0,0,0,0,0,0,0,0,0,0,0,0,0,0
1,501.307,50,0.8459938387466718,-1.47262308961891,0.3248619781046046,0.20422988146034327,0.301199318202955,0.8540894576913781,0.35257010718424747,0.6807222943999702,0.3684376870754086,97.0035,149.381,180.74,0,1,0,0,0,0,0,0,0,0,0.0,0.0,0.0,0.0,0.0,0.0,0.0,0.0,0.0,0.0,92.79682,25.0688,175.9058,0.42483064703920237,0.35257010718424747,0.5214593642706563,0.0,0.0,0.0,0.0,0.0,0.0,0,0.0,0.0,0,0,0,0,0,0,0,0,0,0,0,0,0
1,502.307,50,2.9767473859908233,2.1307535472441517,1.3466923698951165,1.021830391790512,0.4847683688206743,0.7461799558872654,0.4334330823773641,0.6935877612625532,0.3809358252759425,73.5589,73.5589,181.597,0,1,0,0,0,0,0,0,0,0,0.0,0.0,0.0,0.0,0.0,0.0,0.0,0.0,0.0,0.0,97.00615,25.0688,176.4837,0.46593807395902453,0.4334330823773641,0.5399840530581165,0.0,0.0,0.0,0.0,0.0,0.0,0,0.0,0.0,0,0,0,0,0,0,0,0,0,0,0,0,0
1,503.309,50,1.9196990314980513,-1.0549384775376967,0.1253688191460455,1.221323550749071,0.5019983525633958,0.6444899696012336,0.4325464385405896,0.7003349217016204,0.3942419859362392,66.9746,66.9746,180.956,0,1,0,0,0,0,0,0,0,0,0.0,0.0,0.0,0.0,0.0,0.0,0.0,0.0,0.0,0.0,101.19663999999999,25.0688,177.0366,0.4669365028997439,0.4325464385405896,0.5800930510372193,0.0,0.0,0.0,0.0,0.0,0.0,0,0.0,0.0,0,0,0,0,0,0,0,0,0,0,0,0,0
1,504.304,50,0.0,-1.9293457602995492,2.1179320859745747e-08,0.12536879796672465,0.5321423634755916,0.6216847182996313,0.43254643600023346,0.7054647762641225,0.40840992573050966,66.9746,66.9779,180.952,0,1,0,0,0,0,0,0,0,0,0.0,0.0,0.0,0.0,0.0,0.0,0.0,0.0,0.0,0.0,105.38754999999999,59.5775,177.59,0.46693650501767603,0.43254643600023346,0.5810914778600067,0.0,0.0,0.0,0.0,0.0,0.0,0,0.0,0.0,0,0,0,0,0,0,0,0,0,0,0,0,0
1,505.305,50,0.0,0.0,0.08424041134530426,0.08424039016598339,0.5554669508450727,0.6046910628589901,0.44561193705362806,0.7100566351637754,0.4238173684134437,66.9746,71.7836,180.966,0,1,0,0,0,0,0,0,0,0,0.0,0.0,0.0,0.0,0.0,0.0,0.0,0.0,0.0,0.0,106.60816,61.7791,178.3598,0.4156645900386361,0.44561193705362806,0.5298195607630347,0.0,0.0,0.0,0.0,0.0,0.0,0,0.0,0.0,0,0,0,0,0,0,0,0,0,0,0,0,0
1,506.312,50,1.0923535298369595,1.0847602083783114,2.8680796443474654,2.783839233002161,1.2396819204879612,0.5831239150108087,0.872826404269348,0.7120034434346959,0.5065947795249824,66.9746,94.0518,181.504,0,1,0,0,0,0,0,0,0,0,0.0,0.0,0.0,0.0,0.0,0.0,0.0,0.0,0.0,0.0,109.83543,66.9746,179.16680000000002,0.6987837453202289,0.872826404269348,0.7521963371028342,0.0,0.0,0.0,0.0,0.0,0.0,0,0.0,0.0,0,0,0,0,0,0,0,0,0,0,0,0,0
1,507.311,50,3.1099604621742736,2.01962655889621,0.01141199537353701,2.856667648973928,1.2589992061392477,0.5804210953697913,0.8996879428528245,0.7130734160429794,0.6020445147689694,66.9746,94.3949,181.324,0,1,0,0,0,0,0,0,0,0,0.0,0.0,0.0,0.0,0.0,0.0,0.0,0.0,0.0,0.0,109.57457,66.9746,180.0233,0.639333106390219,0.8996879428528245,0.9809600726860174,0.0,0.0,0.0,0.0,0.0,0.0,0,0.0,0.0,0,0,0,0,0,0,0,0,0,0,0,0,0
1,508.321,50,2.7889308156720563,-0.31785113515071023,1.1612556145260684,1.1498436191525314,1.2428311878456193,0.5782848262337099,0.9102463697298022,0.7133470948160572,0.6854820541475835,66.9779,161.722,182.476,0,1,0,0,0,0,0,0,0,0,0.0,0.0,0.0,0.0,0.0,0.0,0.0,0.0,0.0,0.0,110.64277,66.9746,180.80429999999998,0.6605562856490301,0.9102463697298022,1.061633890874838,0.0,0.0,0.0,0.0,0.0,0.0,0,0.0,0.0,0,0,0,0,0,0,0,0,0,0,0,0,0
1,509.313,50,3.0495790883618383,0.26275027488889324,0.2139296263375393,0.9473259881885291,1.210593590032785,0.5685574366042522,0.9067663477888825,0.709393845615933,0.7694221545516324,71.7836,172.963,185.164,0,1,0,0,0,0,0,0,0,0,0.0,0.0,0.0,0.0,0.0,0.0,0.0,0.0,0.0,0.0,111.92407,66.9746,181.55599999999998,0.666493233981995,0.9067663477888825,1.076920121800684,0.0,0.0,0.0,0.0,0.0,0.0,0,0.0,0.0,0,0,0,0,0,0,0,0,0,0,0,0,0
1,510.322,51,2.9999135616238792,-0.049222524021763234,0.47884421116983567,0.26491458483229635,1.1584838109147175,0.5438197428789742,0.9077510317504,0.70283344632761,0.848616506932802,94.0518,156.824,188.201,0,1,0,0,0,0,0,0,0,0,0.0,0.0,0.0,0.0,0.0,0.0,0.0,0.0,0.0,0.0,110.86317000000001,66.9746,182.388,0.6614684691424837,0.9077510317504,1.0659584086282081,0.0,0.0,0.0,0.0,0.0,0.0,0,0.0,0.0,0,0,0,0,0,0,0,0,0,0,0,0,0
1,511.33,51,3.091689473792707,0.09104753191351958,0.6137023050360699,0.13485809386623426,0.4390621452749051,0.5323427135713799,0.9004160904809917,0.6930941852733725,0.862402789639997,94.3949,166.206,191.169,0,1,0,0,0,0,0,0,0,0,0.0,0.0,0.0,0.0,0.0,0.0,0.0,0.0,0.0,0.0,112.54567,66.9746,183.4309,0.6903525018356302,0.9004160904809917,1.059021229868797,0.0,0.0,0.0,0.0,0.0,0.0,0,0.0,0.0,0,0,0,0,0,0,0,0,0,0,0,0,0
1,512.317,51,3.2683078372119923,0.17894464378853625,0.6965353258830971,0.08283302084702715,0.3474359692167289,0.557773179575803,0.8707422128209342,0.6842820529696618,0.8486695496796024,127.469,127.469,194.353,0,1,0,0,0,0,0,0,0,0,0.0,0.0,0.0,0.0,0.0,0.0,0.0,0.0,0.0,0.0,117.93668,66.9746,184.70649999999998,0.6253367974344284,0.8707422128209342,0.9651214927744487,0.0,0.0,0.0,0.0,0.0,0.0,0,0.0,0.0,0,0,0,0,0,0,0,0,0,0,0,0,0
1,513.329,51,3.2174361953149435,-0.050268420846886104,0.3419412300328352,0.35459409585026186,0.1962223332086746,0.6039952842556997,0.8595465676796006,0.6781775115182077,0.8180919477441304,107.978,107.978,197.388,0,1,0,0,0,0,0,0,0,0,0.0,0.0,0.0,0.0,0.0,0.0,0.0,0.0,0.0,0.0,122.03701999999998,66.9779,186.3497,0.6469940385231073,0.8595465676796006,0.8784485472845679,0.0,0.0,0.0,0.0,0.0,0.0,0,0.0,0.0,0,0,0,0,0,0,0,0,0,0,0,0,0
1,514.318,51,3.1654137455990217,-0.05260106139122533,0.3768441122331174,0.034902882200282204,0.1517724323030737,0.6313632436798875,0.8359665925932459,0.6734507459443433,0.7800549546268786,87.1816,87.1816,200.078,0,1,0,0,0,0,0,0,0,0,0.0,0.0,0.0,0.0,0.0,0.0,0.0,0.0,0.0,0.0,124.05739000000001,71.7836,188.2623,0.684678447628487,0.8359665925932459,0.8694019557079236,0.0,0.0,0.0,0.0,0.0,0.0,0,0.0,0.0,0,0,0,0,0,0,0,0,0,0,0,0,0
1,515.329,51,3.171385442715234,0.005906723161436679,0.5118655786422657,0.13502146640914825,0.15125368852368562,0.7052190139460227,0.812445787544466,0.6719209562073093,0.7396336283947399,58.4054,58.4054,201.679,0,1,0,0,0,0,0,0,0,0,0.0,0.0,0.0,0.0,0.0,0.0,0.0,0.0,0.0,0.0,122.71957000000002,58.4054,190.3336,0.7274409643581831,0.812445787544466,0.87448006333224,0.0,0.0,0.0,0.0,0.0,0.0,0,0.0,0.0,0,0,0,0,0,0,0,0,0,0,0,0,0
1,516.332,51,1.891739404370901,-1.2758185825965436,0.7103109469217859,0.1984453682795202,0.17274726659994918,0.7015016570752276,0.31499141493783095,0.6667274873910056,0.6329401630059387,18.5261,18.5261,202.201,0,1,0,0,0,0,0,0,0,0,0.0,0.0,0.0,0.0,0.0,0.0,0.0,0.0,0.0,0.0,115.16699999999999,18.5261,192.4033,0.5116640946156152,0.31499141493783095,0.6159406768599759,0.0,0.0,0.0,0.0,0.0,0.0,0,0.0,0.0,0,0,0,0,0,0,0,0,0,0,0,0,0
1,517.331,51,1.020848775437721,-0.8717623913245046,0.08164489604492704,0.6286660508768588,0.23127989884148117,0.7234272721624069,0.3031588153043128,0.661962412359222,0.530168232276162,14.2969,14.2969,202.502,1,1,0,1,1,0,0,0,0,0,0.0,0.0,0.0,0.0,0.0,0.0,0.0,0.0,0.0,0.1,107.15719999999999,14.2969,194.5211,0.5186873846827542,0.3031588153043128,0.393140517050269,0.0,0.0,0.0,0.0,0.0,0.0,0,0.0,0.0,0,0,0,0,0,0,0,0,0,0,0,0,0
1,518.332,51,0.0,-1.0198289464912298,0.0,0.08164489604492704,0.29592991508198,0.7098592611551756,0.24685547244145914,0.6563553068771323,0.4354781049997981,14.2939,14.2939,202.494,1,1,0,1,1,0,0,0,0,0,0.0,0.0,0.0,0.0,0.0,0.0,0.0,0.0,0.0,0.2,92.41439,14.2939,196.5229,0.4025618232301473,0.24685547244145914,0.2863206447395085,0.0,0.0,0.0,0.0,0.0,0.0,0,0.0,0.0,0,0,0,0,0,0,0,0,0,0,0,0,0
1,519.33,51,0.0,0.0,0.0,0.0,0.32909870900559657,0.6855712366071036,0.2729134876728889,0.6498938104741149,0.3473286168970792,14.2939,14.2966,202.509,1,1,0,1,1,0,0,0,0,0,0.0,0.0,0.0,0.0,0.0,0.0,0.0,0.0,0.0,0.3,76.54775,14.2939,198.25740000000002,0.3811688605963934,0.2729134876728889,0.1915880459206556,0.0,0.0,0.0,0.0,0.0,0.0,0,0.0,0.0,0,0,0,0,0,0,0,0,0,0,0,0,0
1,520.336,52,0.0,0.0,0.0,0.0,0.31055141238017586,0.6669449210769166,0.2949870042534158,0.642166998177083,0.26253537704362506,14.2939,14.2959,202.504,1,1,0,1,1,0,0,0,0,0,0.0,0.0,0.0,0.0,0.0,0.0,0.0,0.0,0.0,0.4,62.29494,14.2939,199.6877,0.3332844394794098,0.2949870042534158,0.16509658743742597,0.0,0.0,0.0,0.0,0.0,0.0,0,0.0,0.0,0,0,0,0,0,0,0,0,0,0,0,0,0
1,521.327,52,0.0,0.0,0.0,0.0,0.03651270751447481,0.6597657467407443,0.29400250952457596,0.6324508126295513,0.222280433267582,14.2939,14.295,202.498,1,1,0,1,1,0,0,0,0,0,0.0,0.0,0.0,0.0,0.0,0.0,0.0,0.0,0.0,0.5,47.10384,14.2939,200.8206,0.2719142089758028,0.29400250952457596,0.15161077805080253,0.0,0.0,0.0,0.0,0.0,0.0,0,0.0,0.0,0,0,0,0,0,0,0,0,0,0,0,0,0
1,522.333,52,0.0,0.0,0.0,0.0,0.0,0.7371907408494051,0.26311285676593166,0.6320013518776582,0.18753683634590915,14.2939,14.2955,202.501,1,1,0,1,1,0,0,0,0,0,0.0,0.0,0.0,0.0,0.0,0.0,0.0,0.0,0.0,0.6,35.78649,14.2939,201.6354,0.2022606763874931,0.26311285676593166,0.14332747596609982,0.0,0.0,0.0,0.0,0.0,0.0,0,0.0,0.0,0,0,0,0,0,0,0,0,0,0,0,0,0
1,523.327,52,0.8111079265825477,0.8160039502842532,0.12797025203530552,0.12797025203530552,0.057230036529744795,0.8260018105152376,0.25916220375600124,0.6410769439233583,0.17363760667801617,7.89046,7.89046,202.594,1,1,0,0,0,0,0,0,0,0,0.0,0.0,0.0,0.0,0.0,0.0,0.0,0.0,0.0,0.7,25.777735999999997,7.89046,202.156,0.18086357858774016,0.25916220375600124,0.12066509158460421,0.0,0.0,0.0,0.0,0.0,0.0,0,0.0,0.0,0,0,0,0,0,0,0,0,0,0,0,0,0
1,524.334,52,0.6661685501684226,-0.14393185344004483,7.683137418157407e-05,0.12789342066112394,0.057221456192376924,0.8227397227020353,0.2548562886344103,0.6511296941434785,0.1641825090669465,7.89046,8.04484,202.674,1,1,0,0,0,0,0,0,0,0,0.0,0.0,0.0,0.0,0.0,0.0,0.0,0.0,0.0,0.8,17.86406,7.89046,202.41559999999998,0.14318685050184657,0.2548562886344103,0.1299641454306884,0.0,0.0,0.0,0.0,0.0,0.0,0,0.0,0.0,0,0,0,0,0,0,0,0,0,0,0,0,0
1,525.343,52,0.0,-0.6602265115643435,0.0,7.683137418157407e-05,0.057221456192376924,0.8227397227020353,0.22184663952631675,0.6620321271356309,0.15477928583381564,7.89046,8.04274,202.668,1,1,0,0,0,0,0,0,0,0,0.0,0.0,0.0,0.0,0.0,0.0,0.0,0.0,0.0,0.9,12.827794,7.89046,202.5145,0.09200029263762001,0.22184663952631675,0.11646968192719172,0.0,0.0,0.0,0.0,0.0,0.0,0,0.0,0.0,0,0,0,0,0,0,0,0,0,0,0,0,0
1,526.334,52,1.21513312973731,1.2261686475653986,0.7166508855532244,0.7166508855532244,0.3111518726117981,0.7578427997025895,0.22381035170389574,0.67076807137022,0.16861974643500052,7.89046,47.2774,202.119,1,1,0,0,0,0,0,0,0,0,0.0,0.0,0.0,0.0,0.0,0.0,0.0,0.0,0.0,1.0,15.702924000000001,7.89046,202.5063,0.09263428650076386,0.22381035170389574,0.16829023365456214,0.0,0.0,0.0,0.0,0.0,0.0,0,0.0,0.0,0,0,0,0,0,0,0,0,0,0,0,0,0
1,527.343,52,1.3910941487439363,0.17439149554670597,1.4525762749925064,0.735925389439282,0.6293744766346111,0.7095928447208085,0.4844465137946794,0.6772266588377708,0.2084292042143135,7.89046,130.626,201.286,0,1,0,0,0,0,0,0,0,0,0.0,0.0,0.0,0.0,0.0,0.0,0.0,0.0,0.0,0.9,27.335834,7.89046,202.3847,0.2297274243955218,0.4844465137946794,0.17901616751080446,0.0,0.0,0.0,0.0,0.0,0.0,0,0.0,0.0,0,0,0,0,0,0,0,0,0,0,0,0,0
1,528.342,52,2.7813079408897208,1.3916053975433278,1.7105592988995464,0.25798302390704,0.7966981260647621,0.7231590451700388,0.6632983962384834,0.6844703697845872,0.2585060253125917,8.04274,131.193,204.001,0,1,0,0,0,0,0,0,0,0,0.0,0.0,0.0,0.0,0.0,0.0,0.0,0.0,0.0,0.8,39.025743999999996,7.89046,202.5354,0.40078335428547646,0.6632983962384834,0.19664998029701572,0.0,0.0,0.0,0.0,0.0,0.0,0,0.0,0.0,0,0,0,0,0,0,0,0,0,0,0,0,0
1,529.34,52,2.6142030879220095,-0.16743973243257643,0.6982707514599781,1.0122885474395682,0.6792348486656135,0.690153064788218,0.6530948639825773,0.6905501511937855,0.29351963927859337,8.04274,170.665,206.075,0,1,0,0,0,0,0,0,0,0,0.0,0.0,0.0,0.0,0.0,0.0,0.0,0.0,0.0,0.7,54.662583999999995,7.89046,202.892,0.47061042943147424,0.6530948639825773,0.29787883504097257,0.0,0.0,0.0,0.0,0.0,0.0,0,0.0,0.0,0,0,0,0,0,0,0,0,0,0,0,0,0
1,530.339,53,3.1097738383945166,0.4960668172897969,0.4079139306862933,0.2903568207736848,0.5548814318669152,0.6906552768522434,0.6328606489956032,0.697891927892449,0.31795264122726735,47.2774,164.39,209.232,0,1,0,0,0,0,0,0,0,0,0.0,0.0,0.0,0.0,0.0,0.0,0.0,0.0,0.0,0.6,69.671994,7.89046,203.56480000000002,0.5114018225001036,0.6328606489956032,0.326914517118341,0.0,0.0,0.0,0.0,0.0,0.0,0,0.0,0.0,0,0,0,0,0,0,0,0,0,0,0,0,0
1,531.339,53,2.007580755536011,-1.1021930828585056,0.5121319777053763,0.10421804701908305,0.5873220659887411,0.6937216583911434,0.6070744236120916,0.7059608751334372,0.3730335770746939,130.626,165.063,211.227,0,1,0,0,0,0,0,0,0,0,0.0,0.0,0.0,0.0,0.0,0.0,0.0,0.0,0.0,0.5,84.748794,7.89046,204.4377,0.5626150202706411,0.6070744236120916,0.3373363218202493,0.0,0.0,0.0,0.0,0.0,0.0,0,0.0,0.0,0,0,0,0,0,0,0,0,0,0,0,0,0
1,532.353,53,3.4518110441522722,1.4242902254598238,0.4970790997448249,0.015052877960551436,0.5389270136830736,0.6997832620960803,0.5754133523863325,0.7130613792594509,0.4269262784430013,131.193,164.967,214.751,0,1,0,0,0,0,0,0,0,0,0.0,0.0,0.0,0.0,0.0,0.0,0.0,0.0,0.0,0.4,99.815944,7.89046,205.6627,0.6123229302451236,0.5754133523863325,0.3388416096163045,0.0,0.0,0.0,0.0,0.0,0.0,0,0.0,0.0,0,0,0,0,0,0,0,0,0,0,0,0,0
1,533.349,53,3.058495223796962,-0.39489540196316286,0.10909465319742967,0.3879844465473952,0.21539077000758505,0.6885464459344881,0.577206903790286,0.7172889373433904,0.44274235179078536,159.211,159.211,217.285,0,1,0,0,0,0,0,0,0,0,0.0,0.0,0.0,0.0,0.0,0.0,0.0,0.0,0.0,0.3,114.94799800000001,8.04274,207.13179999999997,0.610435370361336,0.577206903790286,0.3648430290675134,0.0,0.0,0.0,0.0,0.0,0.0,0,0.0,0.0,0,0,0,0,0,0,0,0,0,0,0,0,0
1,534.346,53,0.7048395288147336,-2.3607379087083538,0.004539286697529264,0.10455536649990041,0.23400759919488,0.6479332841704472,0.5766840859394501,0.7181174393679184,0.46042096609103567,158.999,158.999,217.419,0,1,0,0,0,0,0,0,0,0,0.0,0.0,0.0,0.0,0.0,0.0,0.0,0.0,0.0,0.2,130.043414,8.04274,208.6063,0.610881615893671,0.5766840859394501,0.3625092236513911,0.0,0.0,0.0,0.0,0.0,0.0,0,0.0,0.0,0,0,0,0,0,0,0,0,0,0,0,0,0
1,535.354,53,0.14029896451909876,-0.5600600836266219,0.0,0.004539286697529264,0.25939008070672553,0.6480772676559242,0.5766840859394501,0.7152603520534135,0.48063782854247056,158.999,159.01,217.54,0,1,0,0,0,0,0,0,0,0,0.0,0.0,0.0,0.0,0.0,0.0,0.0,0.0,0.0,0.1,145.14014,47.2774,210.0935,0.610881615893671,0.5766840859394501,0.3629554691837259,0.0,0.0,0.0,0.0,0.0,0.0,0,0.0,0.0,0,0,0,0,0,0,0,0,0,0,0,0,0
1,536.342,53,0.14342858816995133,0.0031676352741422716,0.0,0.0,0.21471830180838344,0.6785166663240411,0.6058704643218802,0.7141111025158542,0.470994471462129,158.999,159.024,217.665,0,1,0,0,0,0,0,0,0,0,0.0,0.0,0.0,0.0,0.0,0.0,0.0,0.0,0.0,0.0,156.3148,130.626,211.64809999999997,0.5392165273383485,0.6058704643218802,0.2912903806284034,0.0,0.0,0.0,0.0,0.0,0.0,0,0.0,0.0,0,0,0,0,0,0,0,0,0,0,0,0,0
1,537.352,53,0.7903422539294749,0.6405085799599244,0.2895621477591365,0.2895621477591365,0.125752802031368,0.6817896440127699,0.5160267295437182,0.7120292211083722,0.4206323040018047,142.576,142.576,218.061,0,1,0,0,0,0,0,0,0,0,0.0,0.0,0.0,0.0,0.0,0.0,0.0,0.0,0.0,0.0,157.50979999999998,131.193,213.32559999999998,0.4229151146150114,0.5160267295437182,0.24665405646038888,0.0,0.0,0.0,0.0,0.0,0.0,0,0.0,0.0,0,0,0,0,0,0,0,0,0,0,0,0,0
1,538.347,53,1.6040981958546279,0.8178451677639729,0.07816454878593165,0.21139759897320487,0.12475991620869341,0.6430124843874683,0.25623479157689816,0.7086868822699869,0.3534384830161979,142.576,146.967,218.24,0,1,0,0,0,0,0,0,0,0,0.0,0.0,0.0,0.0,0.0,0.0,0.0,0.0,0.0,0.0,159.0872,142.576,214.74949999999998,0.25967563960365,0.25623479157689816,0.24199551396700536,0.0,0.0,0.0,0.0,0.0,0.0,0,0.0,0.0,0,0,0,0,0,0,0,0,0,0,0,0,0
1,539.349,53,0.0,-1.6008964030485309,7.326325430157244e-05,0.07809128553163008,0.1253999375833326,0.6430124843874683,0.2152998333431776,0.7065589446590052,0.2980549919079698,142.576,146.97,218.24,0,1,0,0,0,0,0,0,0,0,0.0,0.0,0.0,0.0,0.0,0.0,0.0,0.0,0.0,0.0,156.7177,142.576,215.96600000000004,0.1898558907830823,0.2152998333431776,0.14857578777621155,0.0,0.0,0.0,0.0,0.0,0.0,0,0.0,0.0,0,0,0,0,0,0,0,0,0,0,0,0,0
1,540.351,54,1.1681351049192192,1.1658034979233725,0.6151050242407937,0.6150317609864921,0.26224496600762753,0.6501135191465126,0.24634683453160405,0.705717374562485,0.2687913453220411,112.011,112.011,219.159,0,1,0,0,0,0,0,0,0,0,0.0,0.0,0.0,0.0,0.0,0.0,0.0,0.0,0.0,0.0,151.4798,112.011,216.9587,0.21057500013853234,0.24634683453160405,0.1810432817974923,0.0,0.0,0.0,0.0,0.0,0.0,0,0.0,0.0,0,0,0,0,0,0,0,0,0,0,0,0,0
1,541.354,54,2.721305557420395,1.548524877867573,0.31968751395480144,0.2954175102859923,0.24039592016484723,0.6354326074445875,0.22692296998049175,0.7045007175976771,0.23409873073965165,112.011,130.967,220.314,0,1,0,0,0,0,0,0,0,0,0.0,0.0,0.0,0.0,0.0,0.0,0.0,0.0,0.0,0.0,148.0702,112.011,217.8674,0.19133055376347485,0.22692296998049175,0.20016322812418325,0.0,0.0,0.0,0.0,0.0,0.0,0,0.0,0.0,0,0,0,0,0,0,0,0,0,0,0,0,0
1,542.36,54,3.1070590072515785,0.38345273343060005,0.5890709881441003,0.26938347418929887,0.28298537456227213,0.650942566319936,0.2420549381537076,0.7001883088712036,0.20850456682757149,112.011,165.11,222.398,0,1,0,0,0,0,0,0,0,0,0.0,0.0,0.0,0.0,0.0,0.0,0.0,0.0,0.0,0.0,148.0845,112.011,218.63209999999998,0.20052974260340237,0.2420549381537076,0.22559628774705795,0.0,0.0,0.0,0.0,0.0,0.0,0,0.0,0.0,0,0,0,0,0,0,0,0,0,0,0,0,0
1,543.357,54,2.7100180625986146,-0.3982356516077873,0.25779836982697985,0.33127261831712046,0.2545107540397413,0.6690114013756914,0.24037548828558655,0.6923387884142264,0.21241656523078714,112.011,175.899,224.049,1,1,0,0,0,0,0,0,0,0,0.0,0.0,0.0,0.0,0.0,0.0,0.0,0.0,0.0,0.1,149.7533,112.011,219.3085,0.21540011426635738,0.24037548828558655,0.2199251049240305,0.0,0.0,0.0,0.0,0.0,0.0,0,0.0,0.0,0,0,0,0,0,0,0,0,0,0,0,0,0
1,544.359,54,3.2602873611688326,0.5491709566569042,0.9607622928208096,0.7029639229938298,0.2796895702475116,0.7032850847610733,0.3231252978832568,0.6863660565171783,0.21698476233605027,112.011,123.755,227.238,1,1,0,0,0,0,0,0,0,0,0.0,0.0,0.0,0.0,0.0,0.0,0.0,0.0,0.0,0.2,146.2289,112.011,220.2904,0.3110224148786854,0.3231252978832568,0.2797659605734234,0.0,0.0,0.0,0.0,0.0,0.0,0,0.0,0.0,0,0,0,0,0,0,0,0,0,0,0,0,0
1,545.358,54,2.064543450009784,-1.1969408520110596,0.21062499062277623,0.7501373021980333,0.31220795569340104,0.6594164251740419,0.3070646031849284,0.6781998916407785,0.22226654983471783,112.242,112.242,227.398,0,1,0,0,0,0,0,0,0,0,0.0,0.0,0.0,0.0,0.0,0.0,0.0,0.0,0.0,0.2,141.5521,112.011,221.27619999999996,0.33208491394096307,0.3070646031849284,0.35432576212347383,0.0,0.0,0.0,0.0,0.0,0.0,0,0.0,0.0,0,0,0,0,0,0,0,0,0,0,0,0,0
1,546.355,54,1.0080167068098749,-1.059705860782256,0.9201179893523881,0.7094929987296119,0.3538006920295863,0.7000603939388501,0.3332397920483272,0.6753107713525915,0.2361747888568381,112.242,164.533,228.24,0,1,0,0,0,0,0,0,0,0,0.0,0.0,0.0,0.0,0.0,0.0,0.0,0.0,0.0,0.2,142.103,112.011,222.3337,0.42409671287620193,0.3332397920483272,0.42527506199643506,0.0,0.0,0.0,0.0,0.0,0.0,0,0.0,0.0,0,0,0,0,0,0,0,0,0,0,0,0,0
1,547.361,54,0.35860314547424793,-0.6455403194191122,0.31435088185332516,0.6057671074990629,0.374269146325825,0.7579607129516004,0.3322184657924788,0.6777291647641313,0.26102642328628384,112.242,174.977,228.525,0,1,0,0,0,0,0,0,0,0,0.0,0.0,0.0,0.0,0.0,0.0,0.0,0.0,0.0,0.2,145.3431,112.011,223.3801,0.42657558628562076,0.3322184657924788,0.45689555797042763,0.0,0.0,0.0,0.0,0.0,0.0,0,0.0,0.0,0,0,0,0,0,0,0,0,0,0,0,0,0
1,548.357,54,0.540783929971548,0.18291243423423703,0.11865281360270509,0.19569806825062008,0.40382856673713285,0.7158012869682348,0.32771671948124026,0.677361276854041,0.28893328833912774,112.242,174.603,227.994,0,1,0,0,0,0,0,0,0,0,0.0,0.0,0.0,0.0,0.0,0.0,0.0,0.0,0.0,0.2,148.1067,112.011,224.35549999999998,0.4306244127672981,0.32771671948124026,0.4553256048981692,0.0,0.0,0.0,0.0,0.0,0.0,0,0.0,0.0,0,0,0,0,0,0,0,0,0,0,0,0,0
1,549.359,54,1.7463974873000758,1.203207143042443,0.006622735167165618,0.11203007843553947,0.3573187692995621,0.6389001383348718,0.3267658139929784,0.6747986305313737,0.3121251715107507,112.242,174.825,226.286,0,1,0,0,0,0,0,0,0,0,0.0,0.0,0.0,0.0,0.0,0.0,0.0,0.0,0.0,0.2,150.8922,112.011,225.1601,0.4312793599585845,0.3267658139929784,0.4587194841885601,0.0,0.0,0.0,0.0,0.0,0.0,0,0.0,0.0,0,0,0,0,0,0,0,0,0,0,0,0,0
1,550.367,55,0.7998500507548058,-0.9390351553028473,0.024756259348413565,0.018133524181247945,0.37973687871208345,0.5720009090391676,0.3427991094261671,0.6688659121407199,0.3238743627811963,164.533,175.59,225.439,0,1,0,0,0,0,0,0,0,0,0.0,0.0,0.0,0.0,0.0,0.0,0.0,0.0,0.0,0.2,157.2501,112.242,225.7881,0.37224448346934647,0.3427991094261671,0.39902966050803573,0.0,0.0,0.0,0.0,0.0,0.0,0,0.0,0.0,0,0,0,0,0,0,0,0,0,0,0,0,0
1,551.36,55,2.5417195815938816,1.75414857083492,0.0017842583840008723,0.02297200096441269,0.1323749966250873,0.4370456412123797,0.3623953274388865,0.6560321112817817,0.3130722704272203,174.603,175.499,222.928,0,1,0,0,0,0,0,0,0,0,0.0,0.0,0.0,0.0,0.0,0.0,0.0,0.0,0.0,0.2,161.7033,112.242,226.0495,0.3404541579122664,0.3623953274388865,0.37178510957587774,0.0,0.0,0.0,0.0,0.0,0.0,0,0.0,0.0,0,0,0,0,0,0,0,0,0,0,0,0,0
1,552.361,55,0.28256016998333366,-2.2569025091014465,0.011956918230153013,0.010172659846152142,0.04877770120600464,0.3762405386120797,0.36435138768636516,0.6398549751075817,0.28965150309159354,174.603,175.163,222.637,0,1,0,0,0,0,0,0,0,0,0.0,0.0,0.0,0.0,0.0,0.0,0.0,0.0,0.0,0.2,162.7086,112.242,226.0734,0.28274275092087164,0.36435138768636516,0.3458640281415631,0.0,0.0,0.0,0.0,0.0,0.0,0,0.0,0.0,0,0,0,0,0,0,0,0,0,0,0,0,0
1,553.363,55,1.4970074550880124,1.212023238627424,0.13335783876215687,0.12140092053200385,0.05526372595537824,0.27608379743347244,0.367410229192287,0.619231842682531,0.2697268002831572,173.606,173.606,221.16,0,1,0,0,0,0,0,0,0,0,0.0,0.0,0.0,0.0,0.0,0.0,0.0,0.0,0.0,0.1,162.47930000000002,112.242,225.78449999999998,0.27029869781438937,0.367410229192287,0.3248768583630514,0.0,0.0,0.0,0.0,0.0,0.0,0,0.0,0.0,0,0,0,0,0,0,0,0,0,0,0,0,0
1,554.364,55,2.4814685792290385,0.9834776464945317,0.0035748287869687106,0.12978300997518816,0.055679826160413705,0.21337078135484833,0.28238928032565525,0.597503717541751,0.24732582587444746,173.361,173.361,218.693,0,1,0,0,0,0,0,0,0,0,0.0,0.0,0.0,0.0,0.0,0.0,0.0,0.0,0.0,0.0,167.4399,112.242,224.93,0.1745799514110053,0.28238928032565525,0.26755876706118725,0.0,0.0,0.0,0.0,0.0,0.0,0,0.0,0.0,0,0,0,0,0,0,0,0,0,0,0,0,0
1,555.38,55,0.29527664041915525,-2.151763719301066,0.060299421809671815,0.05672459302270311,0.05629680388626939,0.20644480716934405,0.2842523072741028,0.5754220945174219,0.22173471069373427,173.361,175.551,218.933,0,1,0,0,0,0,0,0,0,0,0.0,0.0,0.0,0.0,0.0,0.0,0.0,0.0,0.0,0.0,173.7708,164.533,224.08350000000002,0.15954739452969485,0.2842523072741028,0.19821749614365422,0.0,0.0,0.0,0.0,0.0,0.0,0,0.0,0.0,0,0,0,0,0,0,0,0,0,0,0,0,0
1,556.371,55,0.2854120573875228,-0.009954170566733055,0.2649411454282818,0.20464172361860997,0.10817810645543682,0.21253546338955817,0.11397315037321123,0.5521230343706978,0.19717245213631934,162.772,162.772,218.925,0,1,0,0,0,0,0,0,0,0,0.0,0.0,0.0,0.0,0.0,0.0,0.0,0.0,0.0,0.0,173.59470000000002,162.772,223.152,0.09402971013728423,0.11397315037321123,0.14773236863255404,0.0,0.0,0.0,0.0,0.0,0.0,0,0.0,0.0,0,0,0,0,0,0,0,0,0,0,0,0,0
1,557.372,55,1.4851223208197026,1.1985117516804995,0.013617390151370302,0.2513237552769115,0.10786219556715887,0.2048210143216852,0.08549825875420863,0.5282746028861436,0.17053175706045273,162.772,163.604,220.361,0,1,0,0,0,0,0,0,0,0,0.0,0.0,0.0,0.0,0.0,0.0,0.0,0.0,0.0,0.0,172.4574,162.772,222.33559999999997,0.06395636096708875,0.08549825875420863,0.11228803341033888,0.0,0.0,0.0,0.0,0.0,0.0,0,0.0,0.0,0,0,0,0,0,0,0,0,0,0,0,0,0
1,558.373,55,0.0,-1.4836386821375653,0.0,0.013617390151370302,0.11244554339449278,0.21368434811367096,0.08529715079888077,0.5068081960724536,0.14139345472618875,162.772,163.604,220.358,0,1,0,0,0,0,0,0,0,0,0.0,0.0,0.0,0.0,0.0,0.0,0.0,0.0,0.0,0.0,171.35750000000002,162.772,221.57199999999997,0.05209107960681823,0.08529715079888077,0.0940799656004139,0.0,0.0,0.0,0.0,0.0,0.0,0,0.0,0.0,0,0,0,0,0,0,0,0,0,0,0,0,0
1,559.375,55,0.607065410180739,0.6058537027751886,1.043991308435935,1.043991308435935,0.4420064190192973,0.20199259608145853,0.3231211973056731,0.4847572016571532,0.14986221969816227,135.944,135.944,220.809,0,1,0,0,0,0,0,0,0,0,0.0,0.0,0.0,0.0,0.0,0.0,0.0,0.0,0.0,0.0,167.4694,135.944,221.02429999999998,0.15582793693369518,0.3231211973056731,0.18727608860045347,0.0,0.0,0.0,0.0,0.0,0.0,0,0.0,0.0,0,0,0,0,0,0,0,0,0,0,0,0,0
1,560.387,56,3.99680327476158,3.349543344447471,0.14445244796420909,0.8995388604717258,0.4332275558910175,0.1558338213659612,0.3199275391330608,0.4600432167681256,0.15521128741605567,135.944,144.947,223.768,0,1,0,0,0,0,0,0,0,0,0.0,0.0,0.0,0.0,0.0,0.0,0.0,0.0,0.0,0.0,164.4051,135.944,220.8572,0.16779755579527472,0.3199275391330608,0.27541662222950125,0.0,0.0,0.0,0.0,0.0,0.0,0,0.0,0.0,0,0,0,0,0,0,0,0,0,0,0,0,0
1,561.39,56,3.993094379106555,-0.0036978022482800177,0.07853169919807886,0.06592074876613023,0.44417153656810704,0.2202856879725218,0.3164036862285516,0.43928587079452236,0.18639094141035764,135.944,141.079,227.021,0,1,0,0,0,0,0,0,0,0,0.0,0.0,0.0,0.0,0.0,0.0,0.0,0.0,0.0,0.0,160.9631,135.944,221.2665,0.1754722998766825,0.3164036862285516,0.27971149700967296,0.0,0.0,0.0,0.0,0.0,0.0,0,0.0,0.0,0,0,0,0,0,0,0,0,0,0,0,0,0
1,562.373,56,0.22747831169915092,-3.8307386240156704,0.00259803037081816,0.0759336688272607,0.44570028385066623,0.22627328241111144,0.3169544495971904,0.4180524065990811,0.22608319967482382,135.944,140.9,226.894,0,1,0,0,0,0,0,0,0,0,0.0,0.0,0.0,0.0,0.0,0.0,0.0,0.0,0.0,0.0,157.5368,135.944,221.6922,0.17453641109074905,0.3169544495971904,0.2862875979077838,0.0,0.0,0.0,0.0,0.0,0.0,0,0.0,0.0,0,0,0,0,0,0,0,0,0,0,0,0,0
1,563.383,56,2.8646612590341696,2.6110722250841767,0.15389609066400708,0.15129806029318893,0.4287741885174132,0.34861462516547037,0.31672442878528756,0.4020325677885701,0.2634342459310273,132.549,132.549,228.926,0,1,0,0,0,0,0,0,0,0,0.0,0.0,0.0,0.0,0.0,0.0,0.0,0.0,0.0,0.0,153.4311,132.549,222.46880000000002,0.17659023628093404,0.31672442878528756,0.2892773118839023,0.0,0.0,0.0,0.0,0.0,0.0,0,0.0,0.0,0,0,0,0,0,0,0,0,0,0,0,0,0
1,564.373,56,0.6060606397291689,-2.281414766974748,0.2427070277070317,0.08881093704302462,0.08973333660878152,0.37195238432560374,0.31118910865803573,0.38546593276679664,0.26683959697586407,132.549,146.317,229.398,0,1,0,0,0,0,0,0,0,0,0.0,0.0,0.0,0.0,0.0,0.0,0.0,0.0,0.0,0.0,150.7267,132.549,223.5393,0.20050345617294035,0.31118910865803573,0.285180104590686,0.0,0.0,0.0,0.0,0.0,0.0,0,0.0,0.0,0,0,0,0,0,0,0,0,0,0,0,0,0
1,565.386,56,0.0,-0.5982829612331382,0.0,0.2427070277070317,0.10382551560265947,0.3222599340555574,0.31477131289326443,0.3686081082108724,0.2715924681475031,132.549,146.317,229.399,0,1,0,0,0,0,0,0,0,0,0.0,0.0,0.0,0.0,0.0,0.0,0.0,0.0,0.0,0.0,147.80329999999998,132.549,224.58589999999998,0.19447351399197316,0.31477131289326443,0.30377834805911885,0.0,0.0,0.0,0.0,0.0,0.0,0,0.0,0.0,0,0,0,0,0,0,0,0,0,0,0,0,0
1,566.376,56,1.5418523047771275,1.557426570481947,1.3994305537812173,1.3994305537812173,0.5903363728362943,0.3433925558734772,0.495533155486297,0.3507747163076037,0.3198082947855888,67.5789,67.5789,229.379,0,1,0,0,0,0,0,0,0,0,0.0,0.0,0.0,0.0,0.0,0.0,0.0,0.0,0.0,0.0,138.28399,67.5789,225.6313,0.3079224548272667,0.495533155486297,0.42325723107537955,0.0,0.0,0.0,0.0,0.0,0.0,0,0.0,0.0,0,0,0,0,0,0,0,0,0,0,0,0,0
1,567.382,56,0.42173367842673815,-1.113437998360228,0.22231317361566527,1.177117380165552,0.5647289022343502,0.3450683603959721,0.48606538867476634,0.3301300986798223,0.365494965452308,54.7747,54.7747,229.752,0,1,0,0,0,0,0,0,0,0,0.0,0.0,0.0,0.0,0.0,0.0,0.0,0.0,0.0,0.0,127.40106,54.7747,226.5704,0.3287920331736962,0.48606538867476634,0.5158365935642436,0.0,0.0,0.0,0.0,0.0,0.0,0,0.0,0.0,0,0,0,0,0,0,0,0,0,0,0,0,0
1,568.438,56,2.202595363937136,1.6864220506727254,0.3612066771762865,0.13889350356062125,0.5492030102297717,0.36670657219398156,0.4721388143699093,0.31267536294110965,0.40917071213583583,54.7747,76.886,227.795,0,1,0,0,0,0,0,0,0,0,0.0,0.0,0.0,0.0,0.0,0.0,0.0,0.0,0.0,0.0,118.72926,54.7747,227.3141,0.3649127008913249,0.4721388143699093,0.5283642049051687,0.0,0.0,0.0,0.0,0.0,0.0,0,0.0,0.0,0,0,0,0,0,0,0,0,0,0,0,0,0
1,569.446,56,0.7222331239369558,-1.468613333333512,1.785149765121973,1.4239430879456865,0.7882485635571961,0.40247235189398445,0.6242532888632851,0.3008539736190653,0.44379492658962577,54.7747,176.162,227.3,0,1,0,0,0,0,0,0,0,0,0.0,0.0,0.0,0.0,0.0,0.0,0.0,0.0,0.0,0.0,122.75106000000001,54.7747,227.9632,0.43902854655992873,0.6242532888632851,0.5663593828561438,0.0,0.0,0.0,0.0,0.0,0.0,0,0.0,0.0,0,0,0,0,0,0,0,0,0,0,0,0,0
1,570.439,57,2.6814758138465735,1.973054068388336,0.9987366429977051,0.7864131221242678,0.6667059344022723,0.4059305226148672,0.6377693282645707,0.29255045429785026,0.4671427644407512,54.7747,123.132,229.89,0,1,0,0,0,0,0,0,0,0,0.0,0.0,0.0,0.0,0.0,0.0,0.0,0.0,0.0,0.0,120.56956,54.7747,228.5754,0.5244569660632783,0.6377693282645707,0.555046809021398,0.0,0.0,0.0,0.0,0.0,0.0,0,0.0,0.0,0,0,0,0,0,0,0,0,0,0,0,0,0
1,571.44,57,2.3035650890197643,-0.37753319163517407,1.4264890845641,0.4277524415663949,0.671325660972756,0.5194558709214624,0.6744430733392285,0.2966709657833044,0.4898581768812161,42.1094,42.1094,229.992,0,1,0,0,0,0,0,0,0,0,0.0,0.0,0.0,0.0,0.0,0.0,0.0,0.0,0.0,0.0,110.67259999999999,42.1094,228.8725,0.6592527045998804,0.6744430733392285,0.5912299783014245,0.0,0.0,0.0,0.0,0.0,0.0,0,0.0,0.0,0,0,0,0,0,0,0,0,0,0,0,0,0
1,572.447,57,3.539648118170496,1.2274905949858312,0.21752445853624966,1.2089646260278504,0.6726411317393186,0.4612222879286007,0.6543164607952464,0.30092005324913046,0.5125522616700813,29.8477,29.8477,227.345,0,1,0,0,0,0,0,0,0,0,0.0,0.0,0.0,0.0,0.0,0.0,0.0,0.0,0.0,0.0,99.56737000000001,29.8477,228.91760000000005,0.6807453474164236,0.6543164607952464,0.7045330740214835,0.0,0.0,0.0,0.0,0.0,0.0,0,0.0,0.0,0,0,0,0,0,0,0,0,0,0,0,0,0
1,573.438,57,0.9852646421185624,-2.577581711455029,0.08825739936474424,0.12926705917150544,0.7407895264374741,0.4828570675751661,0.6604889824360706,0.3112587167562152,0.5437537954620874,29.8477,34.9,226.524,0,1,0,0,0,0,0,0,0,0,0.0,0.0,0.0,0.0,0.0,0.0,0.0,0.0,0.0,0.0,89.80247,29.8477,228.67739999999998,0.6741814782864973,0.6604889824360706,0.7023299739093152,0.0,0.0,0.0,0.0,0.0,0.0,0,0.0,0.0,0,0,0,0,0,0,0,0,0,0,0,0,0
1,574.448,57,0.5217758374117066,-0.4588998066404512,2.5530145080518283,2.464757108687084,1.0026411908584176,0.5491288819265566,0.8651462657413312,0.32804662178480054,0.6350445808870511,29.8477,175.961,227.047,0,1,0,0,0,0,0,0,0,0,0.0,0.0,0.0,0.0,0.0,0.0,0.0,0.0,0.0,0.0,92.76687,29.8477,228.44230000000002,0.905212226320977,0.8651462657413312,0.9399245910737211,0.0,0.0,0.0,0.0,0.0,0.0,0,0.0,0.0,0,0,0,0,0,0,0,0,0,0,0,0,0
1,575.449,57,3.385346016897944,2.860709470016222,0.03793491233591702,2.5150795957159113,1.1035457219486429,0.5107685868047117,0.8608083674372788,0.34326281076656895,0.7350166015216494,29.8477,176.333,229.587,0,1,0,0,0,0,0,0,0,0,0.0,0.0,0.0,0.0,0.0,0.0,0.0,0.0,0.0,0.0,95.76847000000001,29.8477,228.46110000000004,0.9090057175545686,0.8608083674372788,1.167161847874609,0.0,0.0,0.0,0.0,0.0,0.0,0,0.0,0.0,0,0,0,0,0,0,0,0,0,0,0,0,0
1,576.449,57,1.6135539191484791,-1.771792097749465,2.0348343366184114,1.9968994242824945,1.2094328515006063,0.5044974223992423,0.9222869625640855,0.35786090871705317,0.7969262493880807,29.8477,63.6179,230.858,0,1,0,0,0,0,0,0,0,0,0.0,0.0,0.0,0.0,0.0,0.0,0.0,0.0,0.0,0.0,95.37237,29.8477,228.60899999999998,0.9725460958382881,0.9222869625640855,1.2269087349247367,0.0,0.0,0.0,0.0,0.0,0.0,0,0.0,0.0,0,0,0,0,0,0,0,0,0,0,0,0,0
1,577.445,57,1.1447544604823874,-0.47068218741575474,1.341343743936707,0.6934905926817043,1.1328424496752005,0.4582121757792614,0.8884104718081931,0.37053046678993196,0.8537376041321656,13.2603,13.2603,230.687,0,1,0,0,0,0,0,0,0,0,0.0,0.0,0.0,0.0,0.0,0.0,0.0,0.0,0.0,0.0,91.22093000000001,13.2603,228.70250000000001,1.0844491528703921,0.8884104718081931,1.1785460561763519,0.0,0.0,0.0,0.0,0.0,0.0,0,0.0,0.0,0,0,0,0,0,0,0,0,0,0,0,0,0
1,578.446,57,1.0187851224987479,-0.1258434944891504,0.016629122485926528,1.3247146214507806,1.1509000624300045,0.43276484487587347,0.9254875632328803,0.3814844916280421,0.9139073093521889,12.1142,12.1142,231.059,0,1,0,0,0,0,0,0,0,0,0.0,0.0,0.0,0.0,0.0,0.0,0.0,0.0,0.0,0.0,84.74375,12.1142,229.02889999999996,1.0499913974013562,0.9254875632328803,1.297128167965368,0.0,0.0,0.0,0.0,0.0,0.0,0,0.0,0.0,0,0,0,0,0,0,0,0,0,0,0,0,0
1,579.453,57,3.3055248715289087,2.2708438421352146,0.8355693225017411,0.8189402000158146,0.8659334324702894,0.32609850566021353,0.8896999348196335,0.3876897871069799,0.9216757962434983,12.1142,59.8208,227.735,0,1,0,0,0,0,0,0,0,0,0.0,0.0,0.0,0.0,0.0,0.0,0.0,0.0,0.0,0.0,73.10963000000001,12.1142,229.07240000000002,0.9550333531393329,0.8896999348196335,1.2366278791723808,0.0,0.0,0.0,0.0,0.0,0.0,0,0.0,0.0,0,0,0,0,0,0,0,0,0,0,0,0,0
1,580.462,58,2.748349805372324,-0.5522052191839293,0.6237732792687753,0.21179604323296575,0.7613520860225004,0.24540951712802456,0.8955356728886369,0.39216857189508303,0.9311404114055211,12.1142,24.3479,225.397,0,1,0,0,0,0,0,0,0,0,0.0,0.0,0.0,0.0,0.0,0.0,0.0,0.0,0.0,0.0,63.23121999999999,12.1142,228.62309999999997,0.9175370167664401,0.8955356728886369,1.1791661712832506,0.0,0.0,0.0,0.0,0.0,0.0,0,0.0,0.0,0,0,0,0,0,0,0,0,0,0,0,0,0
1,581.448,58,0.7723908081623317,-2.004015210152122,0.09811683766709715,0.5256564416016782,0.5469064297417814,0.20281696561560716,0.9100559941693454,0.3912951357772373,0.9186984882824236,12.1142,18.8772,224.72,0,1,0,0,0,0,0,0,0,0,0.0,0.0,0.0,0.0,0.0,0.0,0.0,0.0,0.0,0.0,60.908,12.1142,228.09589999999997,0.7846997920767398,0.9100559941693454,1.188956571286779,0.0,0.0,0.0,0.0,0.0,0.0,0,0.0,0.0,0,0,0,0,0,0,0,0,0,0,0,0,0
1,582.451,58,0.0,-0.770080566462943,2.238248291510199,2.140131453843102,0.894447538403273,0.20857443334635006,0.9908806472037106,0.39041019332399923,0.9408791289488189,12.1142,110.089,224.699,0,1,0,0,0,0,0,0,0,0,0.0,0.0,0.0,0.0,0.0,0.0,0.0,0.0,0.0,0.0,68.93213,12.1142,227.83129999999997,0.9867721753741346,0.9908806472037106,1.282073254068304,0.0,0.0,0.0,0.0,0.0,0.0,0,0.0,0.0,0,0,0,0,0,0,0,0,0,0,0,0,0
1,583.463,58,4.090956903349895,4.042447532954442,0.8082618280847373,1.4299864634254618,0.7938248496294797,0.08864120621305219,0.9433566909163689,0.3774115223763783,0.9461826612680195,18.8772,157.08,228.547,0,1,0,0,0,0,0,0,0,0,0.0,0.0,0.0,0.0,0.0,0.0,0.0,0.0,0.0,0.0,81.15013,12.1142,228.03359999999998,1.0587726182461341,0.9433566909163689,1.4121451944936996,0.0,0.0,0.0,0.0,0.0,0.0,0,0.0,0.0,0,0,0,0,0,0,0,0,0,0,0,0,0
1,584.459,58,0.1419893489891151,-3.9648268618080116,2.1158056481372508e-08,0.8082618069266808,0.8974400418023507,0.08157268525148631,0.8330498789078684,0.36289253742267247,0.9356625463624131,18.8772,157.091,228.65,0,1,0,0,0,0,0,0,0,0,0.0,0.0,0.0,0.0,0.0,0.0,0.0,0.0,0.0,0.0,79.26313,12.1142,228.19389999999999,0.8034711695567569,0.8330498789078684,1.2464956643176592,0.0,0.0,0.0,0.0,0.0,0.0,0,0.0,0.0,0,0,0,0,0,0,0,0,0,0,0,0,0
1,585.462,58,2.555534644505163,2.4063263165663495,1.6385518059910213,1.638551784832965,0.9723376053626288,0.10090233478089375,0.8233309966861634,0.35182465745893926,0.9225417347038116,18.8772,108.527,231.137,0,1,0,0,0,0,0,0,0,0,0.0,0.0,0.0,0.0,0.0,0.0,0.0,0.0,0.0,0.0,72.48253,12.1142,228.34890000000001,0.9635328589222671,0.8233309966861634,1.1588428832293647,0.0,0.0,0.0,0.0,0.0,0.0,0,0.0,0.0,0,0,0,0,0,0,0,0,0,0,0,0,0
1,586.456,58,3.4922646963907074,0.9423843580337466,0.0209888337759121,1.6175629722151093,0.9898172002294763,0.1501057212963733,0.7771751113438791,0.34216031573008404,0.9005801695766985,108.169,108.169,232.216,0,1,0,0,0,0,0,0,0,0,0.0,0.0,0.0,0.0,0.0,0.0,0.0,0.0,0.0,0.0,76.93764,12.1142,228.48470000000003,0.7621483086380174,0.7771751113438791,1.1209092380226262,0.0,0.0,0.0,0.0,0.0,0.0,0,0.0,0.0,0,0,0,0,0,0,0,0,0,0,0,0,0
1,587.465,58,1.0535328048442156,-2.4169790798280393,0.00034990873905972483,0.020638925036852374,0.7280495528348505,0.1721973632915908,0.7818108173013969,0.333516765874865,0.8601008798926635,108.169,108.417,232.51,0,1,0,0,0,0,0,0,0,0,0.0,0.0,0.0,0.0,0.0,0.0,0.0,0.0,0.0,0.0,86.45331,12.1142,228.66699999999997,0.6280489251182526,0.7818108173013969,1.053624071258141,0.0,0.0,0.0,0.0,0.0,0.0,0,0.0,0.0,0,0,0,0,0,0,0,0,0,0,0,0,0
1,588.456,58,0.7276591947796682,-0.3288331080368793,0.13229895108167702,0.1319490423426173,0.7177058992545261,0.16320902995415076,0.772560626691587,0.32334188876287345,0.8167814635751156,100.776,100.776,232.243,0,1,0,0,0,0,0,0,0,0,0.0,0.0,0.0,0.0,0.0,0.0,0.0,0.0,0.0,0.0,95.31949,18.8772,228.78540000000004,0.6396159079778276,0.772560626691587,0.9343475133473247,0.0,0.0,0.0,0.0,0.0,0.0,0,0.0,0.0,0,0,0,0,0,0,0,0,0,0,0,0,0
1,589.494,58,1.7152691969271006,0.9514547226853876,0.282630289086845,0.15033133800516799,0.6931269970516573,0.20211531239781524,0.7767536525816847,0.313324036788065,0.7995008200332524,100.776,117.952,232.828,0,1,0,0,0,0,0,0,0,0,0.0,0.0,0.0,0.0,0.0,0.0,0.0,0.0,0.0,0.0,101.13261,18.8772,229.2947,0.584322004636338,0.7767536525816847,0.86748662714626,0.0,0.0,0.0,0.0,0.0,0.0,0,0.0,0.0,0,0,0,0,0,0,0,0,0,0,0,0,0
1,590.475,59,3.6298663642871674,1.951679069684064,0.7392843387494392,0.4566540496625942,0.3033068692681355,0.24921971839916554,0.7782629356192559,0.3054884965772799,0.7536962983578159,100.776,160.045,234.201,0,1,0,0,0,0,0,0,0,0,0.0,0.0,0.0,0.0,0.0,0.0,0.0,0.0,0.0,0.0,114.70232000000001,18.8772,230.17510000000001,0.5958731105844045,0.7782629356192559,0.8919724277892229,0.0,0.0,0.0,0.0,0.0,0.0,0,0.0,0.0,0,0,0,0,0,0,0,0,0,0,0,0,0
1,591.471,59,0.7646358803702566,-2.8767374336515164,0.10328507680914055,0.6359992619402987,0.2907557194572892,0.22423088881768813,0.7778972915172448,0.29072724747209117,0.7280812273293668,100.776,165.921,234.649,0,1,0,0,0,0,0,0,0,0,0.0,0.0,0.0,0.0,0.0,0.0,0.0,0.0,0.0,0.0,129.4067,100.776,231.16800000000003,0.5963899344986088,0.7778972915172448,0.9030067098230848,0.0,0.0,0.0,0.0,0.0,0.0,0,0.0,0.0,0,0,0,0,0,0,0,0,0,0,0,0,0
1,592.476,59,1.7683393967699632,0.9987099665668723,2.1379611431017276,2.034676066292587,0.8543477678467059,0.3115913262283564,0.7546783671678714,0.283245699387079,0.72407125027371,43.7287,43.7287,235.94,0,1,0,0,0,0,0,0,0,0,0.0,0.0,0.0,0.0,0.0,0.0,0.0,0.0,0.0,0.0,122.77067,43.7287,232.29210000000003,0.5863612196577617,0.7546783671678714,0.8924611710680332,0.0,0.0,0.0,0.0,0.0,0.0,0,0.0,0.0,0,0,0,0,0,0,0,0,0,0,0,0,0
1,593.467,59,3.4816769948530024,1.7288976771776379,2.021761385666944,0.11619975743478372,0.9629908317659128,0.38831011274905197,0.8812699535817731,0.27851835164577327,0.7409878484873533,43.7287,158.763,237.967,0,1,0,0,0,0,0,0,0,0,0.0,0.0,0.0,0.0,0.0,0.0,0.0,0.0,0.0,0.0,122.93897,43.7287,233.23410000000004,0.7077111754159823,0.8812699535817731,0.7610825004689656,0.0,0.0,0.0,0.0,0.0,0.0,0,0.0,0.0,0,0,0,0,0,0,0,0,0,0,0,0,0
1,594.471,59,6.257175053248402,2.7644402972065736,0.8173004640097014,1.2044609216572426,0.881767398358871,0.46310884064677427,0.8455167593252613,0.2742173495817842,0.7394205841430054,43.7287,153.278,244.006,0,1,0,0,0,0,0,0,0,0,0.0,0.0,0.0,0.0,0.0,0.0,0.0,0.0,0.0,0.0,122.55766999999999,43.7287,234.7697,0.7894412197011468,0.8455167593252613,0.8007024119420217,0.0,0.0,0.0,0.0,0.0,0.0,0,0.0,0.0,0,0,0,0,0,0,0,0,0,0,0,0,0
1,595.467,59,4.773288320711369,-1.489846117005053,0.8429323940064463,0.025631929996744907,0.8704344186242281,0.5114939375976114,0.792510694341119,0.2742536171214291,0.7292302654691654,43.7287,158.2,248.76,0,1,0,0,0,0,0,0,0,0,0.0,0.0,0.0,0.0,0.0,0.0,0.0,0.0,0.0,0.0,127.52497000000001,43.7287,236.53199999999998,0.7098792785026893,0.792510694341119,0.6394104264583997,0.0,0.0,0.0,0.0,0.0,0.0,0,0.0,0.0,0,0,0,0,0,0,0,0,0,0,0,0,0
1,596.473,59,0.22229591840342455,-4.52384930646913,0.9513232168229128,0.1083908228164665,0.66556087186932,0.5218391712069805,0.7564413563150052,0.27512070456181603,0.6968046326331496,43.7287,103.618,249.02,0,1,0,0,0,0,0,0,0,0,0.0,0.0,0.0,0.0,0.0,0.0,0.0,0.0,0.0,0.0,127.06987,43.7287,238.21239999999997,0.8029127168073893,0.7564413563150052,0.4884932115185355,0.0,0.0,0.0,0.0,0.0,0.0,0,0.0,0.0,0,0,0,0,0,0,0,0,0,0,0,0,0
1,597.485,59,1.0174285413530961,0.7857041728751696,0.12924049195911919,0.8220827248637936,0.6803237257769653,0.5239858237771562,0.7422112350781711,0.2784093869617108,0.6920320499273611,96.1584,96.1584,247.921,0,1,0,0,0,0,0,0,0,0,0.0,0.0,0.0,0.0,0.0,0.0,0.0,0.0,0.0,0.0,125.84401,43.7287,239.75350000000003,0.8158017751293952,0.7422112350781711,0.5686375915012296,0.0,0.0,0.0,0.0,0.0,0.0,0,0.0,0.0,0,0,0,0,0,0,0,0,0,0,0,0,0
1,598.471,59,0.5171611917317367,-0.5073705371413382,0.125717242587212,0.003523249371907178,0.41007882722970046,0.5290468726053987,0.7428873009317141,0.28322348834818706,0.6612693427248786,96.1584,103.199,247.425,0,1,0,0,0,0,0,0,0,0,0.0,0.0,0.0,0.0,0.0,0.0,0.0,0.0,0.0,0.0,126.08631,43.7287,241.27169999999995,0.8151436042799487,0.7428873009317141,0.5557950122041586,0.0,0.0,0.0,0.0,0.0,0.0,0,0.0,0.0,0,0,0,0,0,0,0,0,0,0,0,0,0
1,599.476,59,2.3229222613921263,1.7967771837416815,0.028046337325779762,0.09767090526143224,0.44323917153701914,0.5556961853191904,0.76713060273766,0.2947033723311359,0.6362805601734147,96.1584,104.282,246.83,0,1,0,0,0,0,0,0,0,0,0.0,0.0,0.0,0.0,0.0,0.0,0.0,0.0,0.0,0.0,124.71931,43.7287,242.6719,0.7896852091038422,0.76713060273766,0.550528968929785,0.0,0.0,0.0,0.0,0.0,0.0,0,0.0,0.0,0,0,0,0,0,0,0,0,0,0,0,0,0
1,600.486,60,1.7516737021356563,-0.565592632927198,0.009235168896843947,0.018811168428935814,0.39658106387831493,0.5684798742716558,0.8062029723336278,0.31085689018831747,0.6456079796344326,96.1584,103.361,246.443,0,1,0,0,0,0,0,0,0,0,0.0,0.0,0.0,0.0,0.0,0.0,0.0,0.0,0.0,0.0,119.05091,43.7287,243.8961,0.7166802921185828,0.8062029723336278,0.5067446808064192,0.0,0.0,0.0,0.0,0.0,0.0,0,0.0,0.0,0,0,0,0,0,0,0,0,0,0,0,0,0
1,601.483,60,1.3642568193874216,-0.3885826306401552,0.062387389106766944,0.053152220209922996,0.055045418119204284,0.5952008654550525,0.809756296951768,0.3304760851802897,0.6220369495006242,96.1584,107.23,246.567,0,1,0,0,0,0,0,0,0,0,0.0,0.0,0.0,0.0,0.0,0.0,0.0,0.0,0.0,0.0,113.18181,43.7287,245.0879,0.7125905233483454,0.809756296951768,0.4484599766333816,0.0,0.0,0.0,0.0,0.0,0.0,0,0.0,0.0,0,0,0,0,0,0,0,0,0,0,0,0,0
1,602.482,60,1.3615095014503216,-0.0027500680051051407,0.057736008924658175,0.004651380182108769,0.04435852089899624,0.6015720587126875,0.6553851043128173,0.3501259664486066,0.5410380248058533,103.199,104.223,247.125,0,1,0,0,0,0,0,0,0,0,0.0,0.0,0.0,0.0,0.0,0.0,0.0,0.0,0.0,0.0,119.23124,96.1584,246.20639999999997,0.5045680099306384,0.6553851043128173,0.2454575080223338,0.0,0.0,0.0,0.0,0.0,0.0,0,0.0,0.0,0,0,0,0,0,0,0,0,0,0,0,0,0
1,603.486,60,1.7733696633408154,0.41021928475148783,0.05026621162554816,0.007469797299110015,0.022353702070936482,0.612565265048895,0.3918051921036444,0.37632216939039875,0.44697431183635555,103.361,107.511,247.493,0,1,0,0,0,0,0,0,0,0,0.0,0.0,0.0,0.0,0.0,0.0,0.0,0.0,0.0,0.0,114.10604000000001,96.1584,247.15899999999996,0.30741849252649883,0.3918051921036444,0.23458451200876645,0.0,0.0,0.0,0.0,0.0,0.0,0,0.0,0.0,0,0,0,0,0,0,0,0,0,0,0,0,0
1,604.488,60,0.9201208475050215,-0.8515457243870198,0.06900388668020824,0.018737675054660077,0.023642690009879945,0.6166719098999064,0.35315544259453935,0.4030771306228197,0.3611618410014565,103.361,103.769,247.685,1,1,0,0,0,0,0,0,0,0,0.0,0.0,0.0,0.0,0.0,0.0,0.0,0.0,0.0,0.1,109.15514,96.1584,247.52689999999998,0.23258883479354955,0.35315544259453935,0.11601218734850818,0.0,0.0,0.0,0.0,0.0,0.0,0,0.0,0.0,0,0,0,0,0,0,0,0,0,0,0,0,0
1,605.488,60,0.7000178569140019,-0.22010299059101968,0.8297498613335512,0.7607459746533429,0.3443781315600004,0.6093285496380328,0.35063966200458074,0.4284984413656766,0.3085562122950337,103.769,151.184,248.317,0,1,0,0,0,0,0,0,0,0,0.0,0.0,0.0,0.0,0.0,0.0,0.0,0.0,0.0,0.1,108.45354,96.1584,247.4826,0.23127058152626004,0.35063966200458074,0.18952359181416795,0.0,0.0,0.0,0.0,0.0,0.0,0,0.0,0.0,0,0,0,0,0,0,0,0,0,0,0,0,0
1,606.491,60,2.6322925568216484,1.9264952142648522,2.8611099678475727,2.0313601065140214,1.2137729786932927,0.6003306789944062,0.8906542171002697,0.45100968925057827,0.363377422977431,13.4723,13.4723,250.93,0,1,0,0,0,0,0,0,0,0,0.0,0.0,0.0,0.0,0.0,0.0,0.0,0.0,0.0,0.1,99.43897000000001,13.4723,247.67360000000002,0.422249256628726,0.8906542171002697,0.38182052018392343,0.0,0.0,0.0,0.0,0.0,0.0,0,0.0,0.0,0,0,0,0,0,0,0,0,0,0,0,0,0
1,607.489,60,3.086772246043625,0.45539047016230105,0.3865408288073506,2.4745691390402222,1.1735339826668827,0.4744841692303628,0.8849472689410804,0.46612402954751697,0.41269844866642275,13.4723,35.711,248.634,0,1,0,0,0,0,0,0,0,0,0.0,0.0,0.0,0.0,0.0,0.0,0.0,0.0,0.0,0.1,93.39423000000001,13.4723,247.7449,0.44797929031354916,0.8849472689410804,0.5470691616015664,0.0,0.0,0.0,0.0,0.0,0.0,0,0.0,0.0,0,0,0,0,0,0,0,0,0,0,0,0,0
1,608.494,60,3.693736398549671,0.6039444303542748,0.40992481900790345,0.023383990200552873,1.1230117243811615,0.3717515996495624,0.8779839874513393,0.47655115803228754,0.48399173838156884,12.9473,12.9473,245.508,0,1,0,0,0,0,0,0,0,0,0.0,0.0,0.0,0.0,0.0,0.0,0.0,0.0,0.0,0.1,84.36905999999999,12.9473,247.5532,0.47640004795561824,0.8779839874513393,0.5490552356844309,0.0,0.0,0.0,0.0,0.0,0.0,0,0.0,0.0,0,0,0,0,0,0,0,0,0,0,0,0,0
1,609.495,60,3.0451247458480886,-0.6479636890125698,0.5076269933864136,0.09770217437851014,1.0558956362031502,0.2829190454394237,0.8637551898353311,0.480591344684368,0.5452573848481819,12.9473,41.5186,242.518,0,1,0,0,0,0,0,0,0,0,0.0,0.0,0.0,0.0,0.0,0.0,0.0,0.0,0.0,0.1,78.09272,12.9473,247.12199999999999,0.5243581135616816,0.8637551898353311,0.5490583625961387,0.0,0.0,0.0,0.0,0.0,0.0,0,0.0,0.0,0,0,0,0,0,0,0,0,0,0,0,0,0
1,610.495,61,1.2649758258553974,-1.7801489199926912,0.33901000861939734,0.16861698476701625,1.0975460248909903,0.25491406217781565,0.848055578570528,0.4808760618733004,0.6153538809494494,12.9473,60.8194,243.824,0,1,0,0,0,0,0,0,0,0,0.0,0.0,0.0,0.0,0.0,0.0,0.0,0.0,0.0,0.1,73.83856,12.9473,246.86010000000002,0.557335597533937,0.848055578570528,0.5640389442299467,0.0,0.0,0.0,0.0,0.0,0.0,0,0.0,0.0,0,0,0,0,0,0,0,0,0,0,0,0,0
1,611.502,61,2.962573303183021,1.685796899034383,0.9095507414515384,0.570540732832141,0.23137621097053823,0.19403124202014252,0.8353374290352749,0.47936607953342314,0.6329869602345829,9.70097,9.70097,243.277,0,1,0,0,0,0,0,0,0,0,0.0,0.0,0.0,0.0,0.0,0.0,0.0,0.0,0.0,0.1,64.085657,9.70097,246.5311,0.6420519327684142,0.8353374290352749,0.6157777954921685,0.0,0.0,0.0,0.0,0.0,0.0,0,0.0,0.0,0,0,0,0,0,0,0,0,0,0,0,0,0
1,612.491,61,0.45221480150699767,-2.538279577023279,0.8487097229052899,0.06084101854624846,0.2600054663622306,0.1751966138481113,0.8109538954473723,0.4725463439144109,0.6545516547809063,9.70097,39.2104,243.572,0,1,0,0,0,0,0,0,0,0,0.0,0.0,0.0,0.0,0.0,0.0,0.0,0.0,0.0,0.1,57.58439699999999,9.70097,246.17580000000004,0.7211493041664774,0.8109538954473723,0.6213967593285824,0.0,0.0,0.0,0.0,0.0,0.0,0,0.0,0.0,0,0,0,0,0,0,0,0,0,0,0,0,0
1,613.503,61,0.0,-0.4468525706590886,0.0,0.8487097229052899,0.37520179015270405,0.15471894759838034,0.8157161482546625,0.4608667856568773,0.689836463589083,9.70097,39.2111,243.567,0,1,0,0,0,0,0,0,0,0,0.0,0.0,0.0,0.0,0.0,0.0,0.0,0.0,0.0,0.1,50.754407,9.70097,245.78320000000002,0.7161226830039225,0.8157161482546625,0.7055207518892005,0.0,0.0,0.0,0.0,0.0,0.0,0,0.0,0.0,0,0,0,0,0,0,0,0,0,0,0,0,0
1,614.501,61,0.0,0.0,2.1932162557971764,2.1932162557971764,0.8353234106784615,0.12511054023379534,0.9006386856023365,0.4439668706362284,0.7710045356559412,9.70097,86.3559,243.561,0,1,0,0,0,0,0,0,0,0,0.0,0.0,0.0,0.0,0.0,0.0,0.0,0.0,0.0,0.0,49.013097,9.70097,245.3708,0.9285439199156194,0.9006386856023365,0.922968609963452,0.0,0.0,0.0,0.0,0.0,0.0,0,0.0,0.0,0,0,0,0,0,0,0,0,0,0,0,0,0
1,615.506,61,0.0,0.0,0.9843335428057917,1.2088827129913846,0.7833032973929629,0.24032067979033414,0.9000810446586893,0.4304082077458645,0.8148970522392375,9.70097,142.868,243.564,0,1,0,0,0,0,0,0,0,0,0.0,0.0,0.0,0.0,0.0,0.0,0.0,0.0,0.0,0.0,48.181497,9.70097,244.89550000000003,0.9440022880628434,0.9000810446586893,0.9677822837972563,0.0,0.0,0.0,0.0,0.0,0.0,0,0.0,0.0,0,0,0,0,0,0,0,0,0,0,0,0,0
1,616.512,61,0.0,0.0,0.0,0.9843335428057917,0.9023947466370221,0.2480943935783122,0.6401871620212605,0.4167209688644311,0.7837592290336104,39.2104,142.867,243.557,0,1,0,0,0,0,0,0,0,0,0.0,0.0,0.0,0.0,0.0,0.0,0.0,0.0,0.0,0.0,61.12096699999999,9.70097,244.1582,0.6578912912780861,0.6401871620212605,0.8630796274264332,0.0,0.0,0.0,0.0,0.0,0.0,0,0.0,0.0,0,0,0,0,0,0,0,0,0,0,0,0,0
1,617.496,61,0.0,0.0,0.0,0.0,0.9695031618908261,0.23112295138210956,0.6693948277009016,0.4020778252446788,0.7633561469560047,39.2111,142.869,243.563,0,1,0,0,0,0,0,0,0,0,0.0,0.0,0.0,0.0,0.0,0.0,0.0,0.0,0.0,0.0,71.836767,9.70097,243.65109999999999,0.6192372083973511,0.6693948277009016,0.615622713522411,0.0,0.0,0.0,0.0,0.0,0.0,0,0.0,0.0,0,0,0,0,0,0,0,0,0,0,0,0,0
1,618.489,61,0.0,0.0,0.0,0.0,0.9695031618908261,0.21956011364999947,0.6956726661905837,0.38660348729690874,0.7480052907069712,86.3559,142.867,243.558,0,1,0,0,0,0,0,0,0,0,0.0,0.0,0.0,0.0,0.0,0.0,0.0,0.0,0.0,0.0,84.828737,9.70097,243.45610000000002,0.5782447264965607,0.6956726661905837,0.6132843145023558,0.0,0.0,0.0,0.0,0.0,0.0,0,0.0,0.0,0,0,0,0,0,0,0,0,0,0,0,0,0
1,619.506,61,0.0,0.0,0.0,0.0,0.4402073428493914,0.16080368301551115,0.7195103048765915,0.3668588621817248,0.6864364613715953,142.867,142.868,243.569,0,1,0,0,0,0,0,0,0,0,0.0,0.0,0.0,0.0,0.0,0.0,0.0,0.0,0.0,0.0,94.963677,9.70097,243.5612,0.5274820271579193,0.7195103048765915,0.6035140970645048,0.0,0.0,0.0,0.0,0.0,0.0,0,0.0,0.0,0,0,0,0,0,0,0,0,0,0,0,0,0
1,620.491,62,0.0,0.0,0.0,0.0,0.0,0.12498340544511921,0.7371475442557601,0.344684038740398,0.5766818588824962,142.867,142.869,243.57,0,1,0,0,0,0,0,0,0,0,0.0,0.0,0.0,0.0,0.0,0.0,0.0,0.0,0.0,0.0,103.16863699999999,9.70097,243.53579999999997,0.4935810262959796,0.7371475442557601,0.5866523985878032,0.0,0.0,0.0,0.0,0.0,0.0,0,0.0,0.0,0,0,0,0,0,0,0,0,0,0,0,0,0
1,621.503,62,0.0,0.0,0.0,0.0,0.0,0.1646580129547305,0.7362322767899614,0.32315689611538195,0.5535442377854425,142.867,142.867,243.56,0,1,0,0,0,0,0,0,0,0,0.0,0.0,0.0,0.0,0.0,0.0,0.0,0.0,0.0,0.0,116.48524,39.2104,243.5641,0.40262595215082575,0.7362322767899614,0.529598325304589,0.0,0.0,0.0,0.0,0.0,0.0,0,0.0,0.0,0,0,0,0,0,0,0,0,0,0,0,0,0
1,622.494,62,0.0,0.0,0.0,0.0,0.0,0.2345583466347898,0.7279673219104621,0.304806210511487,0.5275436911492194,142.867,142.868,243.565,0,1,0,0,0,0,0,0,0,0,0.0,0.0,0.0,0.0,0.0,0.0,0.0,0.0,0.0,0.0,126.851,39.2111,243.56339999999994,0.3177549798602968,0.7279673219104621,0.5235142234499641,0.0,0.0,0.0,0.0,0.0,0.0,0,0.0,0.0,0,0,0,0,0,0,0,0,0,0,0,0,0
1,623.494,62,0.0,0.0,0.0,0.0,0.0,0.3359734066022516,0.7279673219104621,0.2909766175891549,0.490023512133949,142.867,142.867,243.557,0,1,0,0,0,0,0,0,0,0,0.0,0.0,0.0,0.0,0.0,0.0,0.0,0.0,0.0,0.0,137.21659,86.3559,243.56239999999997,0.3177549798602968,0.7279673219104621,0.4386432511594352,0.0,0.0,0.0,0.0,0.0,0.0,0,0.0,0.0,0,0,0,0,0,0,0,0,0,0,0,0,0
1,624.503,62,0.0,0.0,0.0,0.0,0.0,0.40026482045136313,0.31127359725691545,0.2801562631167277,0.40649117106610283,142.867,142.868,243.561,0,1,0,0,0,0,0,0,0,0,0.0,0.0,0.0,0.0,0.0,0.0,0.0,0.0,0.0,0.0,142.8678,142.867,243.56240000000003,0.09843335428057917,0.31127359725691545,0.2193216255797176,0.0,0.0,0.0,0.0,0.0,0.0,0,0.0,0.0,0,0,0,0,0,0,0,0,0,0,0,0,0
1,625.506,62,0.0,0.0,0.0,0.0,0.0,0.4533941455595833,0.0,0.27235954291280523,0.32816084132680656,142.867,142.867,243.558,0,1,0,0,0,0,0,0,0,0,0.0,0.0,0.0,0.0,0.0,0.0,0.0,0.0,0.0,0.0,142.8677,142.867,243.5618,0.0,0.0,0.09843335428057912,0.0,0.0,0.0,0.0,0.0,0.0,0,0.0,0.0,0,0,0,0,0,0,0,0,0,0,0,0,0
1,626.5,62,0.0,0.0,0.0,0.0,0.0,0.6693039076498353,0.0,0.2758082043455767,0.23792136666310432,142.867,142.867,243.566,0,1,0,0,0,0,0,0,0,0,0.0,0.0,0.0,0.0,0.0,0.0,0.0,0.0,0.0,0.0,142.86769999999999,142.867,243.5627,0.0,0.0,0.0,0.0,0.0,0.0,0.0,0.0,0.0,0,0.0,0.0,0,0,0,0,0,0,0,0,0,0,0,0,0
1,627.505,62,0.0,0.0,0.0,0.0,0.0,0.5804047359329357,0.0,0.28110423268070533,0.14097105047402175,142.867,142.869,243.572,0,1,0,0,0,0,0,0,0,0,0.0,0.0,0.0,0.0,0.0,0.0,0.0,0.0,0.0,0.0,142.86769999999999,142.867,243.5636,0.0,0.0,0.0,0.0,0.0,0.0,0.0,0.0,0.0,0,0.0,0.0,0,0,0,0,0,0,0,0,0,0,0,0,0
1,628.507,62,2.2955341456926317,2.2909522412102112,0.0018825533955070211,0.0018825533955070211,0.0008419034727253493,0.4385325444136111,0.0005953156546685981,0.2844432799189077,0.044104924632211676,142.867,143.208,244.698,0,1,0,0,0,0,0,0,0,0,0.0,0.0,0.0,0.0,0.0,0.0,0.0,0.0,0.0,0.0,142.9018,142.867,243.67759999999998,0.0001882553395507021,0.0005953156546685981,0.0001882553395506577,0.0,0.0,0.0,0.0,0.0,0.0,0,0.0,0.0,0,0,0,0,0,0,0,0,0,0,0,0,0
1,629.517,62,4.85727793585718,2.536379990261929,0.0756903269932518,0.07380777359774478,0.03364914283184113,0.8462580077471358,0.023876567849512694,0.3126102280342934,0.003449104630456648,139.596,139.596,248.429,0,1,0,0,0,0,0,0,0,0,0.0,0.0,0.0,0.0,0.0,0.0,0.0,0.0,0.0,0.0,142.5746,139.596,244.1636,0.007757288038875883,0.023876567849512694,0.007569032699325136,0.0,0.0,0.0,0.0,0.0,0.0,0,0.0,0.0,0,0,0,0,0,0,0,0,0,0,0,0,0
1,630.567,63,5.967451192296049,1.0573078632751132,0.10262223397235626,0.026931906979104456,0.04942124205538111,0.9181765524314285,0.03803049155195197,0.345773352546974,0.008391228835994758,134.271,134.271,253.634,0,1,0,0,0,0,0,0,0,0,0.0,0.0,0.0,0.0,0.0,0.0,0.0,0.0,0.0,0.0,141.7148,134.271,245.17000000000002,0.018019511436111506,0.03803049155195197,0.010262223397235582,0.0,0.0,0.0,0.0,0.0,0.0,0,0.0,0.0,0,0,0,0,0,0,0,0,0,0,0,0,0
1,631.513,63,1.410614809526439,-4.816951778826227,0.048943202669939304,0.053679031302416955,0.04516208568682171,0.9888953783742493,0.03859892452088055,0.3855165593646793,0.01290743740467693,134.271,137.115,254.558,0,1,0,0,0,0,0,0,0,0,0.0,0.0,0.0,0.0,0.0,0.0,0.0,0.0,0.0,0.0,141.1396,134.271,246.26979999999998,0.022913831703105438,0.03859892452088055,0.015630126527477278,0.0,0.0,0.0,0.0,0.0,0.0,0,0.0,0.0,0,0,0,0,0,0,0,0,0,0,0,0,0
1,632.514,63,3.0408024523823527,1.6285590837721418,1.0674920001396306,1.0185487974696914,0.45330686738719805,0.947089092147837,0.33167478750898854,0.42411118327966557,0.05823812414339673,76.7384,76.7384,254.755,0,1,0,0,0,0,0,0,0,0,0.0,0.0,0.0,0.0,0.0,0.0,0.0,0.0,0.0,0.0,134.52664,76.7384,247.38880000000003,0.1296630317170685,0.33167478750898854,0.11748500627444643,0.0,0.0,0.0,0.0,0.0,0.0,0,0.0,0.0,0,0,0,0,0,0,0,0,0,0,0,0,0
1,633.516,63,3.927522223363792,0.8849498712389615,0.5181123309095857,0.5493796692300449,0.43856099884052513,0.8955159524466278,0.34917518677389087,0.461151033522078,0.10209422402744925,76.7384,107.292,254.089,0,1,0,0,0,0,0,0,0,0,0.0,0.0,0.0,0.0,0.0,0.0,0.0,0.0,0.0,0.0,130.96913999999998,76.7384,248.442,0.18147426480802706,0.34917518677389087,0.17242297319745092,0.0,0.0,0.0,0.0,0.0,0.0,0,0.0,0.0,0,0,0,0,0,0,0,0,0,0,0,0,0
1,634.514,63,1.4895860468251583,-2.442821820178992,0.8176154952490576,0.2995031643394719,0.4427233526479713,0.8600865644221161,0.3947155158394337,0.497899834731494,0.14636655929224637,76.7384,154.119,253.247,0,1,0,0,0,0,0,0,0,0,0.0,0.0,0.0,0.0,0.0,0.0,0.0,0.0,0.0,0.0,132.09423999999999,76.7384,249.4106,0.26323581433293286,0.3947155158394337,0.2023732896313981,0.0,0.0,0.0,0.0,0.0,0.0,0,0.0,0.0,0,0,0,0,0,0,0,0,0,0,0,0,0
1,635.516,63,3.9278779748816213,2.433425077900662,0.4298076683299185,0.3878078269191391,0.38808945640786585,0.8645044759711835,0.38617535904768313,0.5291090245405365,0.18517550493303297,76.7384,130.005,256.594,0,1,0,0,0,0,0,0,0,0,0.0,0.0,0.0,0.0,0.0,0.0,0.0,0.0,0.0,0.0,130.80803999999998,76.7384,250.71419999999998,0.30621658116592465,0.38617535904768313,0.241154072323312,0.0,0.0,0.0,0.0,0.0,0.0,0,0.0,0.0,0,0,0,0,0,0,0,0,0,0,0,0,0
1,636.522,63,2.186878727634918,-1.730615553923164,0.20602902314425914,0.22377864518565938,0.337818125018467,0.8745790497357778,0.3733045863610992,0.5604332573484098,0.21895731743487964,76.7384,118.563,257.81,0,1,0,0,0,0,0,0,0,0,0.0,0.0,0.0,0.0,0.0,0.0,0.0,0.0,0.0,0.0,128.37763999999999,76.7384,252.1386,0.3268194834803506,0.3733045863610992,0.2635319368418779,0.0,0.0,0.0,0.0,0.0,0.0,0,0.0,0.0,0,0,0,0,0,0,0,0,0,0,0,0,0
1,637.514,63,0.0,-2.2045148464061675,1.502133184863675e-08,0.2060290081229273,0.31092793954586473,0.8745790497357778,0.3733045848998963,0.5926060622660931,0.25005011138946615,107.292,118.562,257.802,0,1,0,0,0,0,0,0,0,0,0.0,0.0,0.0,0.0,0.0,0.0,0.0,0.0,0.0,0.0,125.94694,76.7384,253.5616,0.3268194849824838,0.3733045848998963,0.2841348376541707,0.0,0.0,0.0,0.0,0.0,0.0,0,0.0,0.0,0,0,0,0,0,0,0,0,0,0,0,0,0
1,638.523,63,0.0,0.0,1.476824697110769e-08,2.530848775290609e-10,0.34393786468893583,0.8745790497357778,0.37348708443716133,0.6253570090703822,0.2843597075110872,118.562,118.563,257.802,0,1,0,0,0,0,0,0,0,0,0.0,0.0,0.0,0.0,0.0,0.0,0.0,0.0,0.0,0.0,123.48244,76.7384,254.872,0.3266312311197578,0.37348708443716133,0.2839465823399285,0.0,0.0,0.0,0.0,0.0,0.0,0,0.0,0.0,0,0,0,0,0,0,0,0,0,0,0,0,0
1,639.525,63,1.1976047904198879,1.195214361696495,0.09308027227875815,0.09308025751051117,0.1799878680116077,0.8396806097477465,0.37222721438574763,0.6593008554069939,0.29899358002906384,118.562,124.053,256.838,0,1,0,0,0,0,0,0,0,0,0.0,0.0,0.0,0.0,0.0,0.0,0.0,0.0,0.0,0.0,121.92813999999998,76.7384,255.7129,0.3283702256483084,0.37222721438574763,0.2858738307312051,0.0,0.0,0.0,0.0,0.0,0.0,0,0.0,0.0,0,0,0,0,0,0,0,0,0,0,0,0,0
1,640.52,64,3.330259603171244,2.1433716711068906,0.6850019556458775,0.5919216833671194,0.285764138793412,0.8549223571210894,0.37848900075578895,0.6957978029907924,0.32262786970286694,118.562,163.408,258.944,0,1,0,0,0,0,0,0,0,0,0.0,0.0,0.0,0.0,0.0,0.0,0.0,0.0,0.0,0.0,124.84184,76.7384,256.2439,0.3866081978156605,0.37848900075578895,0.3423728083700066,0.0,0.0,0.0,0.0,0.0,0.0,0,0.0,0.0,0,0,0,0,0,0,0,0,0,0,0,0,0
1,641.529,64,0.5778941422043169,-2.727815124843337,0.07470220449113243,0.6102997511547451,0.29069905739709045,0.8549804489893246,0.37601516818482483,0.7303139247925221,0.34718156687389384,118.562,167.733,259.026,0,1,0,0,0,0,0,0,0,0,0.0,0.0,0.0,0.0,0.0,0.0,0.0,0.0,0.0,0.0,127.90364,76.7384,256.6907,0.3891840979977798,0.37601516818482483,0.39803488035523943,0.0,0.0,0.0,0.0,0.0,0.0,0,0.0,0.0,0,0,0,0,0,0,0,0,0,0,0,0,0
1,642.535,64,1.6181730214818617,1.0340744326814562,0.8383791324878205,0.7636769279966881,0.39190073833540395,0.7864855265338103,0.33481536514516724,0.7579102837874732,0.34104095396871437,118.563,143.7,259.378,0,1,0,0,0,0,0,0,0,0,0.0,0.0,0.0,0.0,0.0,0.0,0.0,0.0,0.0,0.0,134.59980000000002,107.292,257.15299999999996,0.3662728112325988,0.33481536514516724,0.37254769340793903,0.0,0.0,0.0,0.0,0.0,0.0,0,0.0,0.0,0,0,0,0,0,0,0,0,0,0,0,0,0
1,643.531,64,1.0040160642570282,-0.6166234510289493,0.1491620210286059,0.6892171114592146,0.3644314961494936,0.7667251419231834,0.33654806178262303,0.7794478705535197,0.3336280036996112,124.053,152.302,260.215,0,1,0,0,0,0,0,0,0,0,0.0,0.0,0.0,0.0,0.0,0.0,0.0,0.0,0.0,0.0,139.1008,118.562,257.7656,0.3293777802445009,0.33654806178262303,0.38653143763085607,0.0,0.0,0.0,0.0,0.0,0.0,0,0.0,0.0,0,0,0,0,0,0,0,0,0,0,0,0,0
1,644.536,64,0.5358372942418359,-0.46584952240317645,1.393347062861849,1.244185041833243,0.5405295827712477,0.7496465998894642,0.4570301795545013,0.7969169595254247,0.34340862671193884,127.234,127.234,259.612,0,1,0,0,0,0,0,0,0,0,0.0,0.0,0.0,0.0,0.0,0.0,0.0,0.0,0.0,0.0,136.4123,118.562,258.4021,0.38695093700578,0.4570301795545013,0.4809996253802332,0.0,0.0,0.0,0.0,0.0,0.0,0,0.0,0.0,0,0,0,0,0,0,0,0,0,0,0,0,0
1,645.545,64,0.8525594912833051,0.31389712293505373,0.08084843806295287,1.3124986247988961,0.5899062188532057,0.7451414598822389,0.4666159557224502,0.8115043252415575,0.3635903029564728,127.234,132.073,259.385,0,1,0,0,0,0,0,0,0,0,0.0,0.0,0.0,0.0,0.0,0.0,0.0,0.0,0.0,0.0,136.6191,118.562,258.6812,0.35205501397908345,0.4666159557224502,0.5734687051682089,0.0,0.0,0.0,0.0,0.0,0.0,0,0.0,0.0,0,0,0,0,0,0,0,0,0,0,0,0,0
1,646.542,64,2.4238808372312706,1.5760494944312593,0.17447208547271686,0.09362364740976399,0.5730625163018417,0.7261200212654519,0.4678184089388941,0.8143451309223384,0.38711474208481034,122.6,122.6,258.138,0,1,0,0,0,0,0,0,0,0,0.0,0.0,0.0,0.0,0.0,0.0,0.0,0.0,0.0,0.0,137.0228,118.562,258.71400000000006,0.34889932021192915,0.4678184089388941,0.5604532053906193,0.0,0.0,0.0,0.0,0.0,0.0,0,0.0,0.0,0,0,0,0,0,0,0,0,0,0,0,0,0
1,647.536,64,1.71911544171426,-0.709019512592566,2.446796618210741,2.2723245327380237,1.046910413605692,0.6822091654197244,0.7923556692777538,0.8194353523966779,0.46071298949079315,98.2931,98.2931,259.098,0,1,0,0,0,0,0,0,0,0,0.0,0.0,0.0,0.0,0.0,0.0,0.0,0.0,0.0,0.0,134.99591,98.2931,258.84360000000004,0.5935789805308701,0.7923556692777538,0.7670827578521289,0.0,0.0,0.0,0.0,0.0,0.0,0,0.0,0.0,0,0,0,0,0,0,0,0,0,0,0,0,0
1,648.544,64,4.18669600119201,2.4479965867834816,0.9492145849088873,1.4975820333018535,0.9716555739230068,0.52842182289476,0.7698836437495776,0.8239298163207351,0.5234847604142001,44.5122,44.5122,259.328,0,1,0,0,0,0,0,0,0,0,0.0,0.0,0.0,0.0,0.0,0.0,0.0,0.0,0.0,0.0,127.59082999999998,44.5122,258.9962,0.6885004375449342,0.7698836437495776,0.9168409611570058,0.0,0.0,0.0,0.0,0.0,0.0,0,0.0,0.0,0,0,0,0,0,0,0,0,0,0,0,0,0
1,649.538,64,3.404210123881715,-0.787209132102912,0.32643565736044244,0.6227789275484449,0.983213171668045,0.3722090745548001,0.7531863929324917,0.8002273696611185,0.6038072907798439,26.3234,26.3234,256.164,0,1,0,0,0,0,0,0,0,0,0.0,0.0,0.0,0.0,0.0,0.0,0.0,0.0,0.0,0.0,117.81787,26.3234,258.9288,0.7118359760531026,0.7531863929324917,0.9698108281607991,0.0,0.0,0.0,0.0,0.0,0.0,0,0.0,0.0,0,0,0,0,0,0,0,0,0,0,0,0,0
1,650.546,65,3.2738095253119286,-0.12936567318431197,1.0999460085446349,0.7735103511841924,0.9001350055843264,0.19522293537425028,0.7629110300868551,0.7640796888082595,0.6652443774589354,26.3234,90.264,254.309,0,1,0,0,0,0,0,0,0,0,0.0,0.0,0.0,0.0,0.0,0.0,0.0,0.0,0.0,0.0,110.50347,26.3234,258.4653,0.7533303813429783,0.7629110300868551,0.9879696949425065,0.0,0.0,0.0,0.0,0.0,0.0,0,0.0,0.0,0,0,0,0,0,0,0,0,0,0,0,0,0
1,651.551,65,4.477877714610403,1.1980778002969898,0.3078784423045963,0.7920675662400385,0.8710791968683297,0.05848684805674177,0.7431728728335755,0.7175592622923842,0.7232823914060592,26.3234,108.948,255.146,0,1,0,0,0,0,0,0,0,0,0.0,0.0,0.0,0.0,0.0,0.0,0.0,0.0,0.0,0.0,104.62496999999999,26.3234,258.0773,0.7766480051243246,0.7431728728335755,1.0061464764510357,0.0,0.0,0.0,0.0,0.0,0.0,0,0.0,0.0,0,0,0,0,0,0,0,0,0,0,0,0,0
1,652.549,65,1.5933529361768237,-2.8903053892120036,0.5125363156383788,0.20465787333378244,0.3647036895818056,0.053760136991561236,0.7472973652175405,0.6728928145345704,0.7205626865306993,26.3234,138.489,255.747,0,1,0,0,0,0,0,0,0,0,0.0,0.0,0.0,0.0,0.0,0.0,0.0,0.0,0.0,0.0,104.10386999999999,26.3234,257.7142,0.7440637234393804,0.7472973652175405,0.9502445709847451,0.0,0.0,0.0,0.0,0.0,0.0,0,0.0,0.0,0,0,0,0,0,0,0,0,0,0,0,0,0
1,653.547,65,0.8574907992056336,-0.7373368105923748,0.13166515374059568,0.3808711618977831,0.37411358157988794,0.1778969613264794,0.7488638451496665,0.637011864978563,0.7215308950737388,26.3234,146.118,256.294,0,1,0,1,1,0,0,0,0,0,0.0,0.0,0.0,0.0,0.0,0.0,0.0,0.0,0.0,0.0,103.48546999999999,26.3234,257.3221,0.7423140367105795,0.7488638451496665,0.9194099760286021,0.0,0.0,0.0,0.0,0.0,0.0,0,0.0,0.0,0,0,0,0,0,0,0,0,0,0,0,0,0
1,654.545,65,0.0,-0.8592092176409155,0.0,0.13166515374059568,0.43085306922696837,0.22292675646232318,0.7438800718268739,0.6051538745805733,0.7105632437193109,90.264,146.12,256.286,0,1,0,1,1,0,0,0,0,0,0.0,0.0,0.0,0.0,0.0,0.0,0.0,0.0,0.0,0.0,105.37406999999999,26.3234,256.9895,0.6029793304243946,0.7438800718268739,0.8081579872193373,0.0,0.0,0.0,0.0,0.0,0.0,0,0.0,0.0,0,0,0,0,0,0,0,0,0,0,0,0,0
1,655.554,65,0.0,0.0,0.0,0.0,0.21995857061463048,0.2920427578393184,0.7505944169284596,0.5765307886739801,0.6735684788954533,108.948,146.118,256.302,0,1,0,1,1,0,0,0,0,0,0.0,0.0,0.0,0.0,0.0,0.0,0.0,0.0,0.0,0.0,106.77856999999999,26.3234,256.6812,0.5948944866180993,0.7505944169284596,0.6769081247394478,0.0,0.0,0.0,0.0,0.0,0.0,0,0.0,0.0,0,0,0,0,0,0,0,0,0,0,0,0,0
1,656.548,65,0.10061348040262644,0.10122080523403063,1.0575735629913408,1.0575735629913408,0.4525713691054985,0.3729662403023593,0.7475781578527617,0.5514501482023092,0.6615193641758191,138.489,153.271,256.205,0,1,0,0,0,0,0,0,0,0,0.0,0.0,0.0,0.0,0.0,0.0,0.0,0.0,0.0,0.0,109.84567,26.3234,256.4879,0.6832046343699616,0.7475781578527617,0.7733031162976054,0.0,0.0,0.0,0.0,0.0,0.0,0,0.0,0.0,0,0,0,0,0,0,0,0,0,0,0,0,0
1,657.546,65,3.6457127094385178,3.552203636308508,1.3460093555548052,0.2884357925634644,0.6446010745961545,0.25956837169408326,0.49863570225629616,0.5206996143002245,0.6212884302748652,77.2447,77.2447,254.367,0,1,0,0,0,0,0,0,0,0,0.0,0.0,0.0,0.0,0.0,0.0,0.0,0.0,0.0,0.0,107.74083,26.3234,256.0148,0.5731259081043681,0.49863570225629616,0.5749142422801495,0.0,0.0,0.0,0.0,0.0,0.0,0,0.0,0.0,0,0,0,0,0,0,0,0,0,0,0,0,0
1,658.553,65,3.6573292889465168,0.011535828707049646,0.7744884055937153,0.5715209499610898,0.6144118831277473,0.1537150569974991,0.48691652386128687,0.48465641466331044,0.5855640611953394,77.2447,122.68,254.171,0,1,0,0,0,0,0,0,0,0,0.0,0.0,0.0,0.0,0.0,0.0,0.0,0.0,0.0,0.0,115.55761,26.3234,255.4991,0.5556532901728509,0.48691652386128687,0.4823081339460732,0.0,0.0,0.0,0.0,0.0,0.0,0,0.0,0.0,0,0,0,0,0,0,0,0,0,0,0,0,0
1,659.545,65,2.721774193547287,-0.9430998945556752,1.9107494073728335,1.1362610017791182,0.7074212548155643,0.08185017874256735,0.6382727620255,0.44676489311305156,0.5579848695100913,77.2447,128.061,255.637,0,1,0,0,0,0,0,0,0,0,0.0,0.0,0.0,0.0,0.0,0.0,0.0,0.0,0.0,0.0,125.73137000000001,77.2447,255.44639999999998,0.71408466517409,0.6382727620255,0.5336563413691404,0.0,0.0,0.0,0.0,0.0,0.0,0,0.0,0.0,0,0,0,0,0,0,0,0,0,0,0,0,0
1,660.552,66,1.1957889353326565,-1.515377614910259,2.71945133143521,0.8087019240623763,0.7717822939139278,0.14002548208063825,0.8991882641489841,0.4110200493610289,0.5451495983430514,75.2051,75.2051,256.209,0,1,0,0,0,0,0,0,0,0,0.0,0.0,0.0,0.0,0.0,0.0,0.0,0.0,0.0,0.0,124.22547999999999,75.2051,255.63639999999995,0.8760351974631476,0.8991882641489841,0.5371754986569589,0.0,0.0,0.0,0.0,0.0,0.0,0,0.0,0.0,0,0,0,0,0,0,0,0,0,0,0,0,0
1,661.548,66,1.135914507930455,-0.06011488695000162,0.17921790022014766,2.540233431215062,0.9855611486016751,0.13011215145135677,0.9090870086242918,0.3747766344841306,0.5565977935163859,75.2051,85.6556,256.025,0,1,0,0,0,0,0,0,0,0,0.0,0.0,0.0,0.0,0.0,0.0,0.0,0.0,0.0,0.0,121.89624,75.2051,255.7243,0.8631691432547026,0.9090870086242918,0.7119920851544613,0.0,0.0,0.0,0.0,0.0,0.0,0,0.0,0.0,0,0,0,0,0,0,0,0,0,0,0,0,0
1,662.555,66,0.0,-1.1280183792755263,0.7869515679206122,0.6077336677004646,1.0222591484097923,0.11250423519223769,0.9014363889041044,0.34107756991705196,0.6223533393991847,75.2051,130.966,256.037,0,1,0,0,0,0,0,0,0,0,0.0,0.0,0.0,0.0,0.0,0.0,0.0,0.0,0.0,0.0,121.14394,75.2051,255.7533,0.8906106684829259,0.9014363889041044,0.7522996645911294,0.0,0.0,0.0,0.0,0.0,0.0,0,0.0,0.0,0,0,0,0,0,0,0,0,0,0,0,0,0
1,663.549,66,0.0,0.0,1.4991107840893013e-08,0.7869515529295044,1.165538366553118,0.12780193922715136,0.9146185325073858,0.30913140978225034,0.7014958178965077,75.2051,130.966,256.037,0,1,0,0,0,0,0,0,0,0,0.0,0.0,0.0,0.0,0.0,0.0,0.0,0.0,0.0,0.0,119.62874,75.2051,255.7276,0.8774441546079771,0.9146185325073858,0.7929077036943015,0.0,0.0,0.0,0.0,0.0,0.0,0,0.0,0.0,0,0,0,0,0,0,0,0,0,0,0,0,0
1,664.557,66,0.0,0.0,1.47828980097695e-08,2.082098311235126e-10,1.154346913898621,0.11785226810298129,0.9146185309316023,0.2775416931929262,0.7738452023636728,75.2051,130.965,256.027,0,1,0,0,0,0,0,0,0,0,0.0,0.0,0.0,0.0,0.0,0.0,0.0,0.0,0.0,0.0,118.11323999999999,75.2051,255.7017,0.8774441560862669,0.9146185309316023,0.779741188341063,0.0,0.0,0.0,0.0,0.0,0.0,0,0.0,0.0,0,0,0,0,0,0,0,0,0,0,0,0,0
1,665.556,66,0.0,0.0,1.4916077271118776e-08,1.3317926134927568e-10,0.3408500845339754,0.12685886215767622,0.9146185293416226,0.24662756330669805,0.7859343537556074,85.6556,130.966,256.032,0,1,0,0,0,0,0,0,0,0,0.0,0.0,0.0,0.0,0.0,0.0,0.0,0.0,0.0,0.0,116.59804000000001,75.2051,255.67470000000003,0.8774441575778746,0.9146185293416226,0.7797411883543809,0.0,0.0,0.0,0.0,0.0,0.0,0,0.0,0.0,0,0,0,0,0,0,0,0,0,0,0,0,0
1,666.552,66,0.0,0.0,1.4961005214706483e-08,4.492794358770658e-11,0.3519354335049123,0.16539547020794962,0.9518612718542545,0.21859133575382295,0.7758707601955488,130.965,130.965,256.024,0,1,0,0,0,0,0,0,0,0,0.0,0.0,0.0,0.0,0.0,0.0,0.0,0.0,0.0,0.0,114.36744000000002,75.2051,255.65659999999997,0.7716868027748413,0.9518612718542545,0.6739838320597397,0.0,0.0,0.0,0.0,0.0,0.0,0,0.0,0.0,0,0,0,0,0,0,0,0,0,0,0,0,0
1,667.566,66,0.0,0.0,1.4695425240480924e-08,2.65579974225559e-10,1.2563125156329523e-10,0.15306542497467168,0.9567792568705903,0.1921341487315703,0.7114106527484965,130.965,130.966,256.029,0,1,0,0,0,0,0,0,0,0,0.0,0.0,0.0,0.0,0.0,0.0,0.0,0.0,0.0,0.0,119.73957,75.2051,255.8228,0.6370858686889032,0.9567792568705903,0.6451402528299511,0.0,0.0,0.0,0.0,0.0,0.0,0,0.0,0.0,0,0,0,0,0,0,0,0,0,0,0,0,0
1,668.555,66,0.0,0.0,1.5066897061524426e-08,3.714718210435016e-10,1.467915880675524e-10,0.12742624886648785,0.9755827101123757,0.1720843700301567,0.6499694644504009,130.965,130.965,256.025,0,1,0,0,0,0,0,0,0,0,0.0,0.0,0.0,0.0,0.0,0.0,0.0,0.0,0.0,0.0,120.56806999999999,75.2051,256.00819999999993,0.5596370296362213,0.9755827101123757,0.5879881578709893,0.0,0.0,0.0,0.0,0.0,0.0,0,0.0,0.0,0,0,0,0,0,0,0,0,0,0,0,0,0
1,669.567,66,0.0,0.0,1.4724467582853415e-08,3.4242947867101087e-10,1.58738038464691e-10,0.08809369204026106,0.8620677483990015,0.15787860090442976,0.5792273389847182,130.965,130.965,256.033,0,1,0,0,0,0,0,0,0,0,0.0,0.0,0.0,0.0,0.0,0.0,0.0,0.0,0.0,0.0,120.85847000000001,75.2051,256.0478,0.36856209037138477,0.8620677483990015,0.47436205772732054,0.0,0.0,0.0,0.0,0.0,0.0,0,0.0,0.0,0,0,0,0,0,0,0,0,0,0,0,0,0
1,670.562,67,0.0,0.0,1.4976041400851914e-08,2.5157381799849987e-10,1.6497033519565163e-10,0.2599996395829916,0.24901215027884416,0.16111743611486679,0.5020491096098225,130.965,130.967,256.039,0,1,0,0,0,0,0,0,0,0,0.0,0.0,0.0,0.0,0.0,0.0,0.0,0.0,0.0,0.0,126.43465999999998,85.6556,256.0308,0.09661695872546794,0.24901215027884416,0.39349186534624025,0.0,0.0,0.0,0.0,0.0,0.0,0,0.0,0.0,0,0,0,0,0,0,0,0,0,0,0,0,0
1,671.564,67,0.0,0.0,1.4871418357133389e-08,1.0462304371852581e-10,1.593907616677562e-10,0.6182068608226295,0.24885593157921826,0.1891034367531612,0.40349299476559414,130.965,130.965,256.027,0,1,0,0,0,0,0,0,0,0,0.0,0.0,0.0,0.0,0.0,0.0,0.0,0.0,0.0,0.0,130.96560000000002,130.965,256.031,0.07869517019059499,0.24885593157921826,0.13946852223519637,0.0,0.0,0.0,0.0,0.0,0.0,0,0.0,0.0,0,0,0,0,0,0,0,0,0,0,0,0,0
1,672.569,67,0.0,0.0,1.4827026063530008e-08,4.4392293603380474e-11,1.3262486647992304e-10,0.7987105032775503,1.224356500454772e-10,0.22635095506746064,0.3012670799378773,130.965,130.966,256.034,0,1,0,0,0,0,0,0,0,0,0.0,0.0,0.0,0.0,0.0,0.0,0.0,0.0,0.0,0.0,130.9656,130.965,256.03069999999997,1.4881236404286184e-08,1.224356500454772e-10,0.07869515546958913,0.0,0.0,0.0,0.0,0.0,0.0,0,0.0,0.0,0,0,0,0,0,0,0,0,0,0,0,0,0
1,673.571,67,0.0,0.0,1.4871418357133389e-08,4.4392293603380474e-11,9.083930117458881e-11,0.9084062064030315,1.1619260821493714e-10,0.26287641732128825,0.18471324329164948,130.965,130.965,256.025,0,1,0,0,0,0,0,0,0,0,0.0,0.0,0.0,0.0,0.0,0.0,0.0,0.0,0.0,0.0,130.96550000000002,130.965,256.0295,1.4869267455910223e-08,1.1619260821493714e-10,1.810779314835143e-10,0.0,0.0,0.0,0.0,0.0,0.0,0,0.0,0.0,0,0,0,0,0,0,0,0,0,0,0,0,0
1,674.571,67,0.0,0.0,1.4901161193847656e-08,2.9742836714267565e-11,5.518660181311732e-11,0.9084062064030315,1.1238100425499218e-10,0.2971503898183237,0.06927855190730604,130.965,130.966,256.027,0,1,0,0,0,0,0,0,0,0,0.0,0.0,0.0,0.0,0.0,0.0,0.0,0.0,0.0,0.0,130.9656,130.965,256.0295,1.4881093774318038e-08,1.1238100425499218e-10,1.632312320425898e-10,0.0,0.0,0.0,0.0,0.0,0.0,0,0.0,0.0,0,0,0,0,0,0,0,0,0,0,0,0,0
1,675.569,67,0.0,0.0,1.493102324032831e-08,2.9862046480655e-11,3.8742276962617165e-11,0.9084062064030315,1.1299566333091806e-10,0.3279685622465093,0.035193543457782736,130.965,130.966,256.028,0,1,0,0,0,0,0,0,0,0,0.0,0.0,0.0,0.0,0.0,0.0,0.0,0.0,0.0,0.0,130.96560000000002,130.965,256.02909999999997,1.4882588371238992e-08,1.1299566333091806e-10,1.5289951055572775e-10,0.0,0.0,0.0,0.0,0.0,0.0,0,0.0,0.0,0,0,0,0,0,0,0,0,0,0,0,0,0
1,676.563,67,0.0,0.0,0.07812270963137968,0.07812269470035645,0.03493753120872185,0.9112776539358971,0.02470456523838092,0.3548841329281862,0.003493753228163687,126.529,126.529,256.03,0,1,0,0,0,0,0,0,0,0,0.0,0.0,0.0,0.0,0.0,0.0,0.0,0.0,0.0,0.0,130.522,126.529,256.02969999999993,0.007812284349625819,0.02470456523838092,0.007812269618442361,0.0,0.0,0.0,0.0,0.0,0.0,0,0.0,0.0,0,0,0,0,0,0,0,0,0,0,0,0,0
1,677.567,67,0.0,0.0,0.5741253597919196,0.4960026501605399,0.25031858003348983,0.9478480742850999,0.18048709297161486,0.389298118057737,0.02852561121894955,93.5729,93.5729,256.04,0,1,0,0,0,0,0,0,0,0,0.0,0.0,0.0,0.0,0.0,0.0,0.0,0.0,0.0,0.0,126.78269,93.5729,256.0308,0.06522481885927525,0.18048709297161486,0.05741253460793836,0.0,0.0,0.0,0.0,0.0,0.0,0,0.0,0.0,0,0,0,0,0,0,0,0,0,0,0,0,0
1,678.57,67,0.31528192025664326,0.3143389035460053,0.01278066852237211,0.5613446912695474,0.2487135800523378,0.952774666433486,0.18001854717057156,0.42925109852953636,0.053396969209504166,93.5729,94.3906,256.105,0,1,0,0,0,0,0,0,0,0,0.0,0.0,0.0,0.0,0.0,0.0,0.0,0.0,0.0,0.0,123.12525000000001,93.5729,256.03880000000004,0.06650288420482277,0.18001854717057156,0.11354700369774591,0.0,0.0,0.0,0.0,0.0,0.0,0,0.0,0.0,0,0,0,0,0,0,0,0,0,0,0,0,0
1,679.57,67,1.3928388277177328,1.0775569074610896,0.74226757375297,0.7294869052305979,0.35026810904658456,0.9642493664920213,0.2766464384173415,0.47337105791700906,0.08842378009828882,52.2428,52.2428,256.379,0,1,0,0,0,0,0,0,0,0,0.0,0.0,0.0,0.0,0.0,0.0,0.0,0.0,0.0,0.0,115.25303000000001,52.2428,256.0734,0.14072964010767303,0.2766464384173415,0.18649569418656275,0.0,0.0,0.0,0.0,0.0,0.0,0,0.0,0.0,0,0,0,0,0,0,0,0,0,0,0,0,0
1,680.56,68,0.10101010101046848,-1.3048775017245093,2.128628712671416e-08,0.7422675524666829,0.35026810776988554,0.9625079240314276,0.2766464380606734,0.5144951800145485,0.12345059085878034,52.2428,52.2525,256.375,0,1,0,0,0,0,0,0,0,0,0.0,0.0,0.0,0.0,0.0,0.0,0.0,0.0,0.0,0.0,107.38158000000001,52.2428,256.107,0.1407296407386976,0.2766464380606734,0.26072244940807365,0.0,0.0,0.0,0.0,0.0,0.0,0,0.0,0.0,0,0,0,0,0,0,0,0,0,0,0,0,0
1,681.572,68,0.0,-0.09981235277714276,2.0823541754394285e-08,4.6274537231987366e-10,0.3631128991147933,0.9653734835990929,0.2766464377242472,0.5562582466219353,0.15976188075432057,52.2428,52.2529,256.376,0,1,0,0,0,0,0,0,0,0,0.0,0.0,0.0,0.0,0.0,0.0,0.0,0.0,0.0,0.0,99.51037,52.2428,256.14189999999996,0.14072964133390992,0.2766464377242472,0.2607224494438859,0.0,0.0,0.0,0.0,0.0,0.0,0,0.0,0.0,0,0,0,0,0,0,0,0,0,0,0,0,0
1,682.584,68,0.0,0.0,2.0823541754394285e-08,0.0,0.3305695493739899,0.9653734835990929,0.2766464373853118,0.5989017090422781,0.1928188356784571,52.2428,52.2535,256.381,0,1,0,0,0,0,0,0,0,0,0.0,0.0,0.0,0.0,0.0,0.0,0.0,0.0,0.0,0.0,91.63912,52.2428,256.1766,0.1407296419335615,0.2766464373853118,0.26072244943944667,0.0,0.0,0.0,0.0,0.0,0.0,0,0.0,0.0,0,0,0,0,0,0,0,0,0,0,0,0,0
1,683.577,68,0.0,0.0,2.1221978102162152e-08,3.9843634776786697e-10,0.33195214107224197,0.9653734835990929,0.27664643702636516,0.6407802862608751,0.22601404977659736,52.2428,52.2517,256.377,0,1,0,0,0,0,0,0,0,0,0.0,0.0,0.0,0.0,0.0,0.0,0.0,0.0,0.0,0.0,83.76779000000002,52.2428,256.2118,0.14072964256861747,0.27664643702636516,0.2607224494748511,0.0,0.0,0.0,0.0,0.0,0.0,0,0.0,0.0,0,0,0,0,0,0,0,0,0,0,0,0,0
1,684.577,68,0.0,0.0,2.1073424255447017e-08,1.4855384671513453e-10,2.1704453832032187e-10,0.9653734835990929,0.2766464366774961,0.6831563470356807,0.22601404979278317,52.2517,52.2542,256.392,0,1,0,0,0,0,0,0,0,0,0.0,0.0,0.0,0.0,0.0,0.0,0.0,0.0,0.0,0.0,75.89661,52.2428,256.24830000000003,0.14072964318584377,0.2766464366774961,0.2607224494867322,0.0,0.0,0.0,0.0,0.0,0.0,0,0.0,0.0,0,0,0,0,0,0,0,0,0,0,0,0,0
1,685.58,68,0.0,0.0,2.1010393076218364e-08,6.303117922865307e-11,1.707369037696883e-10,0.9653734835990929,0.27664643633387764,0.7250820781077516,0.2260140498059826,52.2517,52.2518,256.378,0,1,0,0,0,0,0,0,0,0,0.0,0.0,0.0,0.0,0.0,0.0,0.0,0.0,0.0,0.0,68.02519,52.2428,256.2833,0.14072964379378075,0.27664643633387764,0.26072244949004914,0.0,0.0,0.0,0.0,0.0,0.0,0,0.0,0.0,0,0,0,0,0,0,0,0,0,0,0,0,0
1,686.582,68,0.0,0.0,2.1031361532382254e-08,2.0968456163889883e-11,1.4294199658916972e-10,0.9653734835990929,0.2796970860882529,0.7650809787773087,0.2225202966994046,52.2517,52.2527,256.384,0,1,0,0,0,0,0,0,0,0,0.0,0.0,0.0,0.0,0.0,0.0,0.0,0.0,0.0,0.0,60.59756,52.2428,256.3187,0.13291737493377892,0.2796970860882529,0.25291018002211024,0.0,0.0,0.0,0.0,0.0,0.0,0,0.0,0.0,0,0,0,0,0,0,0,0,0,0,0,0,0
1,687.578,68,0.0,0.0,2.1158056481372508e-08,1.2669494899025363e-10,8.901058988217438e-11,0.9653734835990929,0.23431097244719476,0.8056963817085299,0.1974884387049567,52.2517,52.2526,256.377,0,1,0,0,0,0,0,0,0,0,0.0,0.0,0.0,0.0,0.0,0.0,0.0,0.0,0.0,0.0,56.46553,52.2428,256.3524,0.07550484107039263,0.23431097244719476,0.20330991501872578,0.0,0.0,0.0,0.0,0.0,0.0,0,0.0,0.0,0,0,0,0,0,0,0,0,0,0,0,0,0
1,688.578,68,0.0,0.0,2.1073424255447017e-08,8.463222592549044e-11,5.6615103664399014e-11,0.9653734835990929,0.2347256099762183,0.8475937434451601,0.17261708070538445,52.2518,52.2528,256.375,0,1,0,0,0,0,0,0,0,0,0.0,0.0,0.0,0.0,0.0,0.0,0.0,0.0,0.0,0.0,52.25175,52.2428,256.3794,0.07422677632549783,0.2347256099762183,0.1471754459002343,0.0,0.0,0.0,0.0,0.0,0.0,0,0.0,0.0,0,0,0,0,0,0,0,0,0,0,0,0,0
1,689.578,68,0.0,0.0,2.1073424255447017e-08,0.0,5.6615103664399014e-11,0.9653734835990929,1.500533725561431e-10,0.8914577330231017,0.1375902698063875,52.2518,52.2539,256.382,0,1,0,0,0,0,0,0,0,0,0.0,0.0,0.0,0.0,0.0,0.0,0.0,0.0,0.0,0.0,52.25286,52.2517,256.3797,2.1057543259397907e-08,1.500533725561431e-10,0.07422675537717449,0.0,0.0,0.0,0.0,0.0,0.0,0,0.0,0.0,0,0,0,0,0,0,0,0,0,0,0,0,0
1,690.586,69,0.0,0.0,2.0906174856594263e-08,1.672493988527543e-10,9.191739832645555e-11,0.9653734835990929,1.328257983150258e-10,0.9267264252239068,0.10256345903859068,52.2512,52.2512,256.375,0,1,0,0,0,0,0,0,0,0,0.0,0.0,0.0,0.0,0.0,0.0,0.0,0.0,0.0,0.0,52.25273,52.2512,256.3797,2.1019532032385916e-08,1.328257983150258e-10,1.4723114428970091e-10,0.0,0.0,0.0,0.0,0.0,0.0,0,0.0,0.0,0,0,0,0,0,0,0,0,0,0,0,0,0
1,691.584,69,0.0,0.0,2.1115655566580177e-08,2.094807099859144e-10,9.56455110749655e-11,0.9653734835990929,1.159878974117542e-10,0.9440847563627299,0.06625216913667589,52.2512,52.254,256.393,0,1,0,0,0,0,0,0,0,0,0.0,0.0,0.0,0.0,0.0,0.0,0.0,0.0,0.0,0.0,52.252840000000006,52.2512,256.38140000000004,2.1048743413604504e-08,1.159878974117542e-10,1.2190467805630498e-10,0.0,0.0,0.0,0.0,0.0,0.0,0,0.0,0.0,0,0,0,0,0,0,0,0,0,0,0,0,0
1,692.582,69,0.0,0.0,2.1115655566580177e-08,0.0,8.684555057851867e-11,0.9653734835990929,8.583390426465351e-11,0.9524179053788071,0.03319521420796147,52.2512,52.2523,256.38,0,1,0,0,0,0,0,0,0,0,0.0,0.0,0.0,0.0,0.0,0.0,0.0,0.0,0.0,0.0,52.25272,52.2512,256.38129999999995,2.1077954794823094e-08,8.583390426465351e-11,1.2190467805630498e-10,0.0,0.0,0.0,0.0,0.0,0.0,0,0.0,0.0,0,0,0,0,0,0,0,0,0,0,0,0,0
1,693.583,69,0.0,0.0,2.1052371883563455e-08,6.32836830167228e-11,8.635105284185568e-11,0.9653734835990929,6.939602729961988e-11,0.95526626923861,1.0937237487119476e-10,52.2512,52.2526,256.382,0,1,0,0,0,0,0,0,0,0,0.0,0.0,0.0,0.0,0.0,0.0,0.0,0.0,0.0,0.0,52.25281,52.2512,256.3818,2.1060994172963222e-08,6.939602729961988e-11,8.838941158119056e-11,0.0,0.0,0.0,0.0,0.0,0.0,0,0.0,0.0,0,0,0,0,0,0,0,0,0,0,0,0,0
1,694.594,69,0.0,0.0,2.084413872942336e-08,2.0823315414009354e-10,1.2485989523384612e-10,0.9653734835990929,9.71578718962364e-11,0.9581146330984133,1.0015391056254721e-10,52.2512,52.2526,256.378,0,1,0,0,0,0,0,0,0,0,0.0,0.0,0.0,0.0,0.0,0.0,0.0,0.0,0.0,0.0,52.25265,52.2512,256.3804,2.103806562036086e-08,9.71578718962364e-11,9.435734232368646e-11,0.0,0.0,0.0,0.0,0.0,0.0,0,0.0,0.0,0,0,0,0,0,0,0,0,0,0,0,0,0
1,695.594,69,0.0,0.0,2.1073424255447017e-08,2.2928552602365623e-10,1.1300342989499411e-10,0.9653734835990929,9.720770377735366e-11,0.9609629969582162,9.438056317507779e-11,52.2523,52.2526,256.375,0,1,0,0,0,0,0,0,0,0,0.0,0.0,0.0,0.0,0.0,0.0,0.0,0.0,0.0,0.0,52.25273,52.2512,256.38009999999997,2.1044368738283725e-08,9.720770377735366e-11,1.1098277700318679e-10,0.0,0.0,0.0,0.0,0.0,0.0,0,0.0,0.0,0,0,0,0,0,0,0,0,0,0,0,0,0
1,696.585,69,0.0,0.0,2.1264807523155418e-08,1.9138326770840044e-10,1.5113748684932958e-10,0.9653734835990929,1.1926553310087824e-10,0.963667788441376,9.520011220109378e-11,52.2523,52.2538,256.383,0,1,0,0,0,0,0,0,0,0,0.0,0.0,0.0,0.0,0.0,0.0,0.0,0.0,0.0,0.0,52.252840000000006,52.2512,256.38,2.1067713337361042e-08,1.1926553310087824e-10,1.2802425815763783e-10,0.0,0.0,0.0,0.0,0.0,0.0,0,0.0,0.0,0,0,0,0,0,0,0,0,0,0,0,0,0
1,697.59,69,0.0,0.0,2.0968581348703502e-08,2.9622617445191544e-10,1.543281555949599e-10,0.9653734835990929,1.183655314823339e-10,0.9645440589070757,1.0173186877237231e-10,52.2512,52.2512,256.374,0,1,0,0,0,0,0,0,0,0,0.0,0.0,0.0,0.0,0.0,0.0,0.0,0.0,0.0,0.0,52.252700000000004,52.2512,256.3797,2.104876582409414e-08,1.183655314823339e-10,1.4497738070380403e-10,0.0,0.0,0.0,0.0,0.0,0.0,0,0.0,0.0,0,0,0,0,0,0,0,0,0,0,0,0,0
1,698.591,69,0.0,0.0,2.1052371883563455e-08,8.379053485995231e-11,1.543281555949599e-10,0.9591002590116854,1.1806506519701457e-10,0.9648603385359857,1.1150317396542839e-10,52.2512,52.2538,256.391,0,1,0,0,0,0,0,0,0,0,0.0,0.0,0.0,0.0,0.0,0.0,0.0,0.0,0.0,0.0,52.2528,52.2512,256.3813,2.1046660586905785e-08,1.1806506519701457e-10,1.448932115972502e-10,0.0,0.0,0.0,0.0,0.0,0.0,0,0.0,0.0,0,0,0,0,0,0,0,0,0,0,0,0,0
1,699.59,69,0.0,0.0,2.1094518774221237e-08,4.214689065778261e-11,1.0840717827259329e-10,1.0,1.187826450318593e-10,0.9666478702113845,1.1668238142624783e-10,52.2512,52.2527,256.383,0,1,0,0,0,0,0,0,0,0,0.0,0.0,0.0,0.0,0.0,0.0,0.0,0.0,0.0,0.0,52.25268,52.2512,256.3814,2.1048770038783205e-08,1.187826450318593e-10,1.4910790066302847e-10,0.0,0.0,0.0,0.0,0.0,0.0,0,0.0,0.0,0,0,0,0,0,0,0,0,0,0,0,0,0
1,700.6,70,0.0,0.0,2.0864776490541602e-08,2.297422836796355e-10,1.492160143397064e-10,0.0,1.2487002495338758e-10,0.9185224740098132,1.224122430275729e-10,52.2512,52.2524,256.38,0,1,0,0,0,0,0,0,0,0,0.0,0.0,0.0,0.0,0.0,0.0,0.0,0.0,0.0,0.0,52.2528,52.2512,256.3819,2.104463020217794e-08,1.2487002495338758e-10,1.553571891457166e-10,0.0,0.0,0.0,0.0,0.0,0.0,0,0.0,0.0,0,0,0,0,0,0,0,0,0,0,0,0,0
1,701.599,70,0.0,0.0,2.1094518774221237e-08,2.297422836796355e-10,9.844403452981089e-11,0.0,1.2370767470113787e-10,0.8702537998298586,1.2269209537305744e-10,52.2512,52.2526,256.38,0,1,0,0,0,0,0,0,0,0,0.0,0.0,0.0,0.0,0.0,0.0,0.0,0.0,0.0,0.0,52.252660000000006,52.2512,256.38059999999996,2.1042516522942044e-08,1.2370767470113787e-10,1.573833465150887e-10,0.0,0.0,0.0,0.0,0.0,0.0,0,0.0,0.0,0,0,0,0,0,0,0,0,0,0,0,0,0
1,702.593,70,0.0,0.0,2.120062802358855e-08,1.0610924936731305e-10,1.2280111298266852e-10,0.0,1.319344088330124e-10,0.8219851256499039,1.2628765161347246e-10,52.2524,52.2524,256.374,0,1,0,0,0,0,0,0,0,0,0.0,0.0,0.0,0.0,0.0,0.0,0.0,0.0,0.0,0.0,52.25267,52.2512,256.38,2.1051013768642882e-08,1.319344088330124e-10,1.6799427145182e-10,0.0,0.0,0.0,0.0,0.0,0.0,0,0.0,0.0,0,0,0,0,0,0,0,0,0,0,0,0,0
1,703.604,70,0.0,0.0,2.084413872942336e-08,3.564892941651892e-10,1.5712550706005448e-10,0.0,1.4724112002451986e-10,0.7737164514699494,1.3336509703529231e-10,52.2524,52.2535,256.381,0,1,0,0,0,0,0,0,0,0,0.0,0.0,0.0,0.0,0.0,0.0,0.0,0.0,0.0,0.0,52.25276,52.2512,256.3799,2.1030190453228872e-08,1.4724112002451986e-10,1.9731483256666666e-10,0.0,0.0,0.0,0.0,0.0,0.0,0,0.0,0.0,0,0,0,0,0,0,0,0,0,0,0,0,0
1,704.595,70,0.0,0.0,2.1264807523155418e-08,4.206687937320567e-10,1.9198202651358418e-10,0.0,1.4826898566928672e-10,0.7254477772899948,1.4007731016326612e-10,52.2515,52.2515,256.375,0,1,0,0,0,0,0,0,0,0,0.0,0.0,0.0,0.0,0.0,0.0,0.0,0.0,0.0,0.0,52.252649999999996,52.2512,256.3796,2.107225733260208e-08,1.4826898566928672e-10,2.1855839652586296e-10,0.0,0.0,0.0,0.0,0.0,0.0,0,0.0,0.0,0,0,0,0,0,0,0,0,0,0,0,0,0
1,705.601,70,0.0,0.0,2.094773782847616e-08,3.170696946792562e-10,1.7433839481210525e-10,0.0,1.533975468473125e-10,0.67717910311004,1.4621080665497724e-10,52.2515,52.253,256.388,0,1,0,0,0,0,0,0,0,0,0.0,0.0,0.0,0.0,0.0,0.0,0.0,0.0,0.0,0.0,52.252689999999994,52.2512,256.3809,2.105968868990499e-08,1.533975468473125e-10,2.2733681339142295e-10,0.0,0.0,0.0,0.0,0.0,0.0,0,0.0,0.0,0,0,0,0,0,0,0,0,0,0,0,0,0
1,706.606,70,0.0,0.0,2.0968581348703502e-08,2.0843520227340735e-11,1.7901135411140195e-10,0.0,1.3712487562344597e-10,0.6289104289300854,1.4899819338118446e-10,52.2515,52.2532,256.387,0,1,0,0,0,0,0,0,0,0,0.0,0.0,0.0,0.0,0.0,0.0,0.0,0.0,0.0,0.0,52.252629999999996,52.2512,256.3813,2.1030066072459802e-08,1.3712487562344597e-10,2.10282838643317e-10,0.0,0.0,0.0,0.0,0.0,0.0,0,0.0,0.0,0,0,0,0,0,0,0,0,0,0,0,0,0
1,707.608,70,0.0,0.0,2.1031361532382254e-08,6.278018367875181e-11,1.5690478749249142e-10,0.0,1.3542371999988209e-10,0.5806417547501308,1.4925585657093763e-10,52.2515,52.252,256.377,0,1,0,0,0,0,0,0,0,0,0.0,0.0,0.0,0.0,0.0,0.0,0.0,0.0,0.0,0.0,52.25271,52.2515,256.3816,2.1036344090827678e-08,1.3542371999988209e-10,1.869382395660006e-10,0.0,0.0,0.0,0.0,0.0,0.0,0,0.0,0.0,0,0,0,0,0,0,0,0,0,0,0,0,0
1,708.608,70,0.0,0.0,2.1073424255447017e-08,4.2062723064763185e-11,1.2635957360349843e-10,0.0,1.3586348691056778e-10,0.5323730805701761,1.4645899837179148e-10,52.2515,52.2525,256.382,0,1,0,0,0,0,0,0,0,0,0.0,0.0,0.0,0.0,0.0,0.0,0.0,0.0,0.0,0.0,52.25258,52.2515,256.3807,2.1038449328016034e-08,1.3586348691056778e-10,1.8276545838648172e-10,0.0,0.0,0.0,0.0,0.0,0.0,0,0.0,0.0,0,0,0,0,0,0,0,0,0,0,0,0,0
1,709.61,70,0.0,0.0,2.1031361532382254e-08,4.2062723064763185e-11,5.12984704125118e-11,0.0,1.344278220248071e-10,0.48410440639022145,1.4074812758578332e-10,52.252,52.2522,256.374,0,1,0,0,0,0,0,0,0,0,0.0,0.0,0.0,0.0,0.0,0.0,0.0,0.0,0.0,0.0,52.25253,52.2515,256.3798,2.1032133603832135e-08,1.344278220248071e-10,1.8275704162717975e-10,0.0,0.0,0.0,0.0,0.0,0.0,0,0.0,0.0,0,0,0,0,0,0,0,0,0,0,0,0,0
1,710.61,71,0.0,0.0,2.1073424255447017e-08,4.2062723064763185e-11,4.297898544686133e-11,0.0,1.2109715088438485e-10,0.4358357322102668,1.3012442469649883e-10,52.252,52.2533,256.38,0,1,0,0,0,0,0,0,0,0,0.0,0.0,0.0,0.0,0.0,0.0,0.0,0.0,0.0,0.0,52.25262,52.2515,256.3798,2.105299838032268e-08,1.2109715088438485e-10,1.6398908556569254e-10,0.0,0.0,0.0,0.0,0.0,0.0,0,0.0,0.0,0,0,0,0,0,0,0,0,0,0,0,0,0
1,711.613,71,0.0,0.0,2.1010393076218364e-08,6.303117922865307e-11,2.819778546641579e-11,0.0,1.2081401459025122e-10,0.3875670580303121,1.230997997901593e-10,52.2519,52.2519,256.376,0,1,0,0,0,0,0,0,0,0,0.0,0.0,0.0,0.0,0.0,0.0,0.0,0.0,0.0,0.0,52.25255,52.2515,256.3794,2.104458581052239e-08,1.2081401459025122e-10,1.473179751205943e-10,0.0,0.0,0.0,0.0,0.0,0.0,0,0.0,0.0,0,0,0,0,0,0,0,0,0,0,0,0,0
1,712.64,71,0.0,0.0,2.051940044347324e-08,4.909926327451243e-10,2.375906954240687e-10,0.0,1.9334127311446663e-10,0.3392983838503575,1.3457875803429934e-10,52.2519,52.2526,256.385,0,1,0,0,0,0,0,0,0,0,0.0,0.0,0.0,0.0,0.0,0.0,0.0,0.0,0.0,0.0,52.252570000000006,52.2515,256.3805,2.0976463052510862e-08,1.9334127311446663e-10,1.858063134583754e-10,0.0,0.0,0.0,0.0,0.0,0.0,0,0.0,0.0,0,0,0,0,0,0,0,0,0,0,0,0,0
1,713.601,71,0.0,0.0,2.192864126477317e-08,1.4092408212999308e-09,5.090161423758531e-10,0.0,3.5086348682994265e-10,0.2910297096704028,1.697678215658792e-10,52.2519,52.2535,256.388,0,1,0,0,0,0,0,0,0,0,0.0,0.0,0.0,0.0,0.0,0.0,0.0,0.0,0.0,0.0,52.252570000000006,52.2515,256.3812,2.108491330604584e-08,3.5086348682994265e-10,2.9108146617184956e-10,0.0,0.0,0.0,0.0,0.0,0.0,0,0.0,0.0,0,0,0,0,0,0,0,0,0,0,0,0,0
1,714.619,71,0.0,0.0,2.0700809681185676e-08,1.2278315835874946e-09,5.425720159138444e-10,0.0,3.6382397853613794e-10,0.2427610354904482,2.0482682050590522e-10,52.2518,52.2518,256.377,0,1,0,0,0,0,0,0,0,0,0.0,0.0,0.0,0.0,0.0,0.0,0.0,0.0,0.0,0.0,52.25260000000001,52.2518,256.38140000000004,2.1028513521848865e-08,3.6382397853613794e-10,3.717977451573934e-10,0.0,0.0,0.0,0.0,0.0,0.0,0,0.0,0.0,0,0,0,0,0,0,0,0,0,0,0,0,0
1,715.615,71,0.0,0.0,2.1158056481372508e-08,4.5724680018683163e-10,5.449356082112487e-10,0.0,3.647136256126122e-10,0.19449236131049358,2.4188654184581954e-10,52.2518,52.2526,256.384,0,1,0,0,0,0,0,0,0,0,0.0,0.0,0.0,0.0,0.0,0.0,0.0,0.0,0.0,0.0,52.252559999999995,52.2518,256.38100000000003,2.1049545387138503e-08,3.647136256126122e-10,3.858154557081509e-10,0.0,0.0,0.0,0.0,0.0,0.0,0,0.0,0.0,0,0,0,0,0,0,0,0,0,0,0,0,0
1,716.613,71,0.0,0.0,2.1115655566580177e-08,4.240091479233033e-11,5.444059764797319e-10,0.0,3.640507528898768e-10,0.14622368713053893,2.7842600408265254e-10,52.2518,52.2522,256.374,0,1,0,0,0,0,0,0,0,0,0.0,0.0,0.0,0.0,0.0,0.0,0.0,0.0,0.0,0.0,52.25246,52.2518,256.3797,2.106425280892617e-08,3.640507528898768e-10,3.879711951646499e-10,0.0,0.0,0.0,0.0,0.0,0.0,0,0.0,0.0,0,0,0,0,0,0,0,0,0,0,0,0,0
1,717.613,71,0.0,0.0,2.1073424255447017e-08,4.223131113316011e-11,4.4857945145274344e-10,0.0,3.638714529135271e-10,0.09795501295058426,3.075934704786778e-10,52.2518,52.2531,256.378,0,1,0,0,0,0,0,0,0,0,0.0,0.0,0.0,0.0,0.0,0.0,0.0,0.0,0.0,0.0,52.252570000000006,52.2518,256.37980000000005,2.1068459081232645e-08,3.638714529135271e-10,3.859163079100907e-10,0.0,0.0,0.0,0.0,0.0,0.0,0,0.0,0.0,0,0,0,0,0,0,0,0,0,0,0,0,0
1,718.622,71,0.0,0.0,2.0885455159015875e-08,1.8796909643114232e-10,1.907206521370731e-10,0.0,3.68413181794426e-10,0.05,3.1402957833203526e-10,52.2518,52.2526,256.377,0,1,0,0,0,0,0,0,0,0,0.0,0.0,0.0,0.0,0.0,0.0,0.0,0.0,0.0,0.0,52.25258,52.2518,256.3793,2.104966217158953e-08,3.68413181794426e-10,4.005069452467286e-10,0.0,0.0,0.0,0.0,0.0,0.0,0,0.0,0.0,0,0,0,0,0,0,0,0,0,0,0,0,0
1,719.61,71,0.0,0.0,2.1329376776768235e-08,4.4392161775236006e-10,1.5984140888145033e-10,0.0,3.786787690327283e-10,0.0,3.2488387217892907e-10,52.252,52.252,256.381,0,1,0,0,0,0,0,0,0,0,0.0,0.0,0.0,0.0,0.0,0.0,0.0,0.0,0.0,0.0,52.252559999999995,52.2518,256.38,2.1079463696028127e-08,3.786787690327283e-10,4.406928347154883e-10,0.0,0.0,0.0,0.0,0.0,0.0,0,0.0,0.0,0,0,0,0,0,0,0,0,0,0,0,0,0
1,720.618,72,0.0,0.0,2.0906174856594263e-08,4.23201920173972e-10,1.8024242625395386e-10,0.0,3.826477640414688e-10,0.0,3.3861021625963835e-10,52.252,52.2539,256.39,0,1,0,0,0,0,0,0,0,0,0.0,0.0,0.0,0.0,0.0,0.0,0.0,0.0,0.0,0.0,52.25262,52.2518,256.381,2.1062738756142852e-08,3.826477640414688e-10,4.788067544264092e-10,0.0,0.0,0.0,0.0,0.0,0.0,0,0.0,0.0,0,0,0,0,0,0,0,0,0,0,0,0,0
1,721.628,72,0.0,0.0,2.0864776490541602e-08,4.13983660526613e-11,1.9582399717840947e-10,0.0,3.8759978949171905e-10,0.0,3.5537283743083773e-10,52.2518,52.2518,256.377,0,1,0,0,0,0,0,0,0,0,0.0,0.0,0.0,0.0,0.0,0.0,0.0,0.0,0.0,0.0,52.252610000000004,52.2518,256.38109999999995,2.1048177097575176e-08,3.8759978949171905e-10,4.7664347310881e-10,0.0,0.0,0.0,0.0,0.0,0.0,0,0.0,0.0,0,0,0,0,0,0,0,0,0,0,0,0,0
1,722.618,72,0.0,0.0,2.128628712671416e-08,4.215106361725568e-10,2.3230044881479233e-10,0.0,3.44864303246999e-10,0.0,3.548438127699101e-10,52.2518,52.2527,256.384,0,1,0,0,0,0,0,0,0,0,0.0,0.0,0.0,0.0,0.0,0.0,0.0,0.0,0.0,0.0,52.25262,52.2518,256.381,2.112486576589927e-08,3.44864303246999e-10,4.696952734515532e-10,0.0,0.0,0.0,0.0,0.0,0.0,0,0.0,0.0,0,0,0,0,0,0,0,0,0,0,0,0,0
1,723.622,72,0.0,0.0,2.098946638988747e-08,2.968207368266897e-10,2.1757838353036155e-10,0.0,1.9845388010513733e-10,0.0,3.257000368853609e-10,52.2518,52.2525,256.375,0,1,0,0,0,0,0,0,0,0,0.0,0.0,0.0,0.0,0.0,0.0,0.0,0.0,0.0,0.0,52.252520000000004,52.2518,256.3797,2.10309482784107e-08,1.9845388010513733e-10,3.5845326500422917e-10,0.0,0.0,0.0,0.0,0.0,0.0,0,0.0,0.0,0,0,0,0,0,0,0,0,0,0,0,0,0
1,724.626,72,0.0,0.0,2.098946638988747e-08,0.0,1.6508264288974238e-10,0.0,1.6290844971911144e-10,0.0,2.879510995829507e-10,52.2518,52.2529,256.376,0,1,0,0,0,0,0,0,0,0,0.0,0.0,0.0,0.0,0.0,0.0,0.0,0.0,0.0,0.0,52.252629999999996,52.2518,256.37960000000004,2.1059813949280876e-08,1.6290844971911144e-10,2.356701066454797e-10,0.0,0.0,0.0,0.0,0.0,0.0,0,0.0,0.0,0,0,0,0,0,0,0,0,0,0,0,0,0
1,725.614,72,0.0,0.0,2.1329376776768235e-08,3.399103868807662e-10,2.041763629987024e-10,0.0,1.8224828162540567e-10,0.0,2.5387517506169606e-10,52.2518,52.2535,256.379,0,1,0,0,0,0,0,0,0,0,0.0,0.0,0.0,0.0,0.0,0.0,0.0,0.0,0.0,0.0,52.25272,52.2518,256.3791,2.107694597882045e-08,1.8224828162540567e-10,2.2393646531487315e-10,0.0,0.0,0.0,0.0,0.0,0.0,0,0.0,0.0,0,0,0,0,0,0,0,0,0,0,0,0,0
1,726.626,72,0.0,0.0,2.0823541754394285e-08,5.058350223739502e-10,2.1612545877012473e-10,0.0,1.9807746695680891e-10,0.0,2.2104712329073538e-10,52.2517,52.2517,256.377,0,1,0,0,0,0,0,0,0,0,0.0,0.0,0.0,0.0,0.0,0.0,0.0,0.0,0.0,0.0,52.25267,52.2517,256.3794,2.104773459760186e-08,1.9807746695680891e-10,2.702798760730351e-10,0.0,0.0,0.0,0.0,0.0,0.0,0,0.0,0.0,0,0,0,0,0,0,0,0,0,0,0,0,0
1,727.62,72,0.0,0.0,2.120062802358855e-08,3.770862691942654e-10,1.9874077945414394e-10,0.0,2.0390915939621526e-10,0.0,1.9606325609087542e-10,52.2517,52.2542,256.392,0,1,0,0,0,0,0,0,0,0,0.0,0.0,0.0,0.0,0.0,0.0,0.0,0.0,0.0,0.0,52.252779999999994,52.2517,256.3808,2.1060454974416012e-08,2.0390915939621526e-10,3.0376537187914567e-10,0.0,0.0,0.0,0.0,0.0,0.0,0,0.0,0.0,0,0,0,0,0,0,0,0,0,0,0,0,0
1,728.626,72,0.0,0.0,2.094773782847616e-08,2.528901951123887e-10,2.0360087577571935e-10,0.0,1.9885863602018482e-10,0.0,1.9735127845474003e-10,52.2517,52.2518,256.378,0,1,0,0,0,0,0,0,0,0,0.0,0.0,0.0,0.0,0.0,0.0,0.0,0.0,0.0,0.0,52.252700000000004,52.2517,256.3809,2.1066683241362042e-08,1.9885863602018482e-10,3.102574817472703e-10,0.0,0.0,0.0,0.0,0.0,0.0,0,0.0,0.0,0,0,0,0,0,0,0,0,0,0,0,0,0
1,729.622,72,0.0,0.0,2.1158056481372508e-08,2.1031865289634617e-10,2.0334241887978351e-10,0.0,1.8021867123723438e-10,0.0,2.0170137945457334e-10,52.2517,52.2527,256.384,0,1,0,0,0,0,0,0,0,0,0.0,0.0,0.0,0.0,0.0,0.0,0.0,0.0,0.0,0.0,52.25277,52.2517,256.3812,2.1049551211822468e-08,1.8021867123723438e-10,2.868971852616689e-10,0.0,0.0,0.0,0.0,0.0,0.0,0,0.0,0.0,0,0,0,0,0,0,0,0,0,0,0,0,0
1,730.626,73,0.0,0.0,2.098946638988747e-08,1.6859009148503893e-10,1.5520996368460826e-10,0.0,1.7469611195801733e-10,0.0,1.991981331976388e-10,52.2517,52.2524,256.376,0,1,0,0,0,0,0,0,0,0,0.0,0.0,0.0,0.0,0.0,0.0,0.0,0.0,0.0,0.0,52.25262,52.2517,256.37980000000005,2.1057880365151788e-08,1.7469611195801733e-10,2.614360023927756e-10,0.0,0.0,0.0,0.0,0.0,0.0,0,0.0,0.0,0,0,0,0,0,0,0,0,0,0,0,0,0
1,731.627,73,0.0,0.0,2.1052371883563455e-08,6.29054936759858e-11,1.078905357217006e-10,0.0,1.6120746385769688e-10,0.0,1.9040478705196792e-10,52.2518,52.2528,256.375,0,1,0,0,0,0,0,0,0,0,0.0,0.0,0.0,0.0,0.0,0.0,0.0,0.0,0.0,0.0,52.25272,52.2517,256.37960000000004,2.1076639904453977e-08,1.6120746385769688e-10,2.6358671515510806e-10,0.0,0.0,0.0,0.0,0.0,0.0,0,0.0,0.0,0,0,0,0,0,0,0,0,0,0,0,0,0
1,732.626,73,0.0,0.0,2.1094518774221237e-08,4.214689065778261e-11,8.332661594095188e-11,0.0,1.4398333380091513e-10,0.0,1.7550740376458385e-10,52.2518,52.2539,256.382,0,1,0,0,0,0,0,0,0,0,0.0,0.0,0.0,0.0,0.0,0.0,0.0,0.0,0.0,0.0,52.252840000000006,52.2517,256.37940000000003,2.1057463069204683e-08,1.4398333380091513e-10,2.2565034060363064e-10,0.0,0.0,0.0,0.0,0.0,0.0,0,0.0,0.0,0,0,0,0,0,0,0,0,0,0,0,0,0
1,733.626,73,0.0,0.0,2.1073424255447017e-08,2.109451877421992e-11,6.144024589414033e-11,0.0,1.4201217571469646e-10,0.0,1.5989359000096172e-10,52.2514,52.2514,256.375,0,1,0,0,0,0,0,0,0,0,0.0,0.0,0.0,0.0,0.0,0.0,0.0,0.0,0.0,0.0,52.25273,52.2514,256.37940000000003,2.1065858855760638e-08,1.4201217571469646e-10,1.9807771879838365e-10,0.0,0.0,0.0,0.0,0.0,0.0,0,0.0,0.0,0,0,0,0,0,0,0,0,0,0,0,0,0
1,734.631,73,0.0,0.0,2.0968581348703502e-08,1.04842906743515e-10,5.432121048557308e-11,0.0,1.4340719356803483e-10,0.0,1.488174467605448e-10,52.2514,52.2542,256.392,0,1,0,0,0,0,0,0,0,0,0.0,0.0,0.0,0.0,0.0,0.0,0.0,0.0,0.0,0.0,52.25286,52.2514,256.381,2.1063770351642243e-08,1.4340719356803483e-10,2.0856200947273516e-10,0.0,0.0,0.0,0.0,0.0,0.0,0,0.0,0.0,0,0,0,0,0,0,0,0,0,0,0,0,0
1,735.623,73,0.0,0.0,2.124337122524901e-08,2.7478987654550715e-10,9.989167005987207e-11,0.0,1.27392923990842e-10,0.0,1.3838897746666177e-10,52.2514,52.2521,256.38,0,1,0,0,0,0,0,0,0,0,0.0,0.0,0.0,0.0,0.0,0.0,0.0,0.0,0.0,0.0,52.25272,52.2514,256.3811,2.105516979649032e-08,1.27392923990842e-10,2.0204995843920926e-10,0.0,0.0,0.0,0.0,0.0,0.0,0,0.0,0.0,0,0,0,0,0,0,0,0,0,0,0,0,0
1,736.622,73,0.0,0.0,2.1094518774221237e-08,1.4885245102777223e-10,9.805815009010104e-11,0.0,9.810116738586631e-11,0.0,1.2658224659865941e-10,52.2514,52.2525,256.382,0,1,0,0,0,0,0,0,0,0,0.0,0.0,0.0,0.0,0.0,0.0,0.0,0.0,0.0,0.0,52.2528,52.2514,256.38160000000005,2.1082267498473015e-08,9.810116738586631e-11,1.6635170130459144e-10,0.0,0.0,0.0,0.0,0.0,0.0,0,0.0,0.0,0,0,0,0,0,0,0,0,0,0,0,0,0
1,737.631,73,0.0,0.0,2.0885455159015875e-08,2.0906361520536224e-10,1.3562809447754556e-10,0.0,1.0614824067359589e-10,0.0,1.2027097810099955e-10,52.2514,52.2526,256.378,0,1,0,0,0,0,0,0,0,0,0.0,0.0,0.0,0.0,0.0,0.0,0.0,0.0,0.0,0.0,52.25264,52.2514,256.38019999999995,2.1050750212015746e-08,1.0614824067359589e-10,1.4954943590570113e-10,0.0,0.0,0.0,0.0,0.0,0.0,0,0.0,0.0,0,0,0,0,0,0,0,0,0,0,0,0,0
1,738.623,73,0.0,0.0,2.124337122524901e-08,3.579160662331345e-10,1.609376698529744e-10,0.0,1.1506444282838315e-10,0.0,1.1600465750872507e-10,52.2521,52.2526,256.375,0,1,0,0,0,0,0,0,0,0,0.0,0.0,0.0,0.0,0.0,0.0,0.0,0.0,0.0,0.0,52.25272,52.2514,256.3799,2.1080313551693034e-08,1.1506444282838315e-10,1.6005202301777571e-10,0.0,0.0,0.0,0.0,0.0,0.0,0,0.0,0.0,0,0,0,0,0,0,0,0,0,0,0,0,0
1,739.634,73,0.0,0.0,2.084413872942336e-08,3.992324958256484e-10,1.9070919040857857e-10,0.0,1.3293213894930474e-10,0.0,1.1474133466160458e-10,52.2521,52.2539,256.383,0,1,0,0,0,0,0,0,0,0,0.0,0.0,0.0,0.0,0.0,0.0,0.0,0.0,0.0,0.0,52.252840000000006,52.2514,256.37980000000005,2.1048921776498118e-08,1.3293213894930474e-10,1.7894340731070593e-10,0.0,0.0,0.0,0.0,0.0,0.0,0,0.0,0.0,0,0,0,0,0,0,0,0,0,0,0,0,0
1,740.633,74,0.0,0.0,2.1094518774221237e-08,2.5038004479787615e-10,1.6527358711703758e-10,0.0,1.3185814134459303e-10,0.0,1.1574769700484752e-10,52.2511,52.2511,256.374,0,1,0,0,0,0,0,0,0,0,0.0,0.0,0.0,0.0,0.0,0.0,0.0,0.0,0.0,0.0,52.25271,52.2511,256.3796,2.1059427014931494e-08,1.3185814134459303e-10,1.8712240264198966e-10,0.0,0.0,0.0,0.0,0.0,0.0,0,0.0,0.0,0,0,0,0,0,0,0,0,0,0,0,0,0
1,741.629,74,0.0,0.0,2.1158056481372508e-08,6.353770715127052e-11,1.734825408290565e-10,0.0,1.3541713263512466e-10,0.0,1.223068975155831e-10,52.2511,52.2539,256.393,0,1,0,0,0,0,0,0,0,0,0.0,0.0,0.0,0.0,0.0,0.0,0.0,0.0,0.0,0.0,52.25282,52.2511,256.3814,2.10699954747124e-08,1.3541713263512466e-10,1.8718562398951813e-10,0.0,0.0,0.0,0.0,0.0,0.0,0,0.0,0.0,0,0,0,0,0,0,0,0,0,0,0,0,0
1,742.628,74,0.0,0.0,2.1094518774221237e-08,6.353770715127052e-11,1.4882507596415107e-10,0.0,1.3541713263512466e-10,0.0,1.2885674351790302e-10,52.2511,52.2525,256.382,0,1,0,0,0,0,0,0,0,0,0.0,0.0,0.0,0.0,0.0,0.0,0.0,0.0,0.0,0.0,52.25268,52.2511,256.3814,2.10699954747124e-08,1.3541713263512466e-10,1.8932470563886692e-10,0.0,0.0,0.0,0.0,0.0,0.0,0,0.0,0.0,0,0,0,0,0,0,0,0,0,0,0,0,0
1,743.635,74,0.0,0.0,2.092693570550846e-08,1.6758306871277646e-10,1.319922519010295e-10,0.0,1.427307682320948e-10,0.0,1.3591194411859194e-10,52.2511,52.2526,256.38,0,1,0,0,0,0,0,0,0,0,0.0,0.0,0.0,0.0,0.0,0.0,0.0,0.0,0.0,0.0,52.2528,52.2511,256.3819,2.1055346619718543e-08,1.427307682320948e-10,2.0397356063272258e-10,0.0,0.0,0.0,0.0,0.0,0.0,0,0.0,0.0,0,0,0,0,0,0,0,0,0,0,0,0,0
1,744.632,74,0.0,0.0,2.1136834759726197e-08,2.0989905421773602e-10,9.103524675204495e-11,0.0,1.4127586625568003e-10,0.0,1.3958334774523914e-10,52.2511,52.2527,256.379,0,1,0,0,0,0,0,0,0,0,0.0,0.0,0.0,0.0,0.0,0.0,0.0,0.0,0.0,0.0,52.252649999999996,52.2511,256.3806,2.1072171960820812e-08,1.4127586625568003e-10,2.1447917538014467e-10,0.0,0.0,0.0,0.0,0.0,0.0,0,0.0,0.0,0,0,0,0,0,0,0,0,0,0,0,0,0
1,745.639,74,0.0,0.0,2.092693570550846e-08,2.0989905421773602e-10,1.1344493513646243e-10,0.0,1.339158406436588e-10,0.0,1.4093867425289817e-10,52.2524,52.2524,256.374,0,1,0,0,0,0,0,0,0,0,0.0,0.0,0.0,0.0,0.0,0.0,0.0,0.0,0.0,0.0,52.25268,52.2511,256.38,2.1040528408846758e-08,1.339158406436588e-10,2.0799009314736757e-10,0.0,0.0,0.0,0.0,0.0,0.0,0,0.0,0.0,0,0,0,0,0,0,0,0,0,0,0,0,0
1,746.638,74,0.0,0.0,2.1094518774221237e-08,1.6758306871277646e-10,1.0100318085542946e-10,0.0,1.339158406436588e-10,0.0,1.41233177329431e-10,52.2524,52.2536,256.382,0,1,0,0,0,0,0,0,0,0,0.0,0.0,0.0,0.0,0.0,0.0,0.0,0.0,0.0,0.0,52.252790000000005,52.2511,256.38,2.1040528408846758e-08,1.339158406436588e-10,2.0986315491586798e-10,0.0,0.0,0.0,0.0,0.0,0.0,0,0.0,0.0,0,0,0,0,0,0,0,0,0,0,0,0,0
1,747.637,74,0.0,0.0,2.1094518774221237e-08,0.0,1.0100318085542946e-10,0.0,1.2288095349997598e-10,0.0,1.377706859672194e-10,52.2514,52.2514,256.374,0,1,0,0,0,0,0,0,0,0,0.0,0.0,0.0,0.0,0.0,0.0,0.0,0.0,0.0,0.0,52.25267,52.2511,256.37960000000004,2.1061434770367296e-08,1.2288095349997598e-10,1.8895679339533176e-10,0.0,0.0,0.0,0.0,0.0,0.0,0,0.0,0.0,0,0,0,0,0,0,0,0,0,0,0,0,0
1,748.632,74,0.0,0.0,2.1179320859745747e-08,8.480208552450989e-11,9.583662928422994e-11,0.0,1.1366792282760255e-10,0.0,1.3126058191034495e-10,52.2514,52.2533,256.389,0,1,0,0,0,0,0,0,0,0,0.0,0.0,0.0,0.0,0.0,0.0,0.0,0.0,0.0,0.0,52.25274,52.2511,256.38100000000003,2.105502973381697e-08,1.1366792282760255e-10,1.6164539532446931e-10,0.0,0.0,0.0,0.0,0.0,0.0,0,0.0,0.0,0,0,0,0,0,0,0,0,0,0,0,0,0
1,749.645,74,0.0,0.0,2.0802985444666357e-08,3.7633541507939064e-10,1.5185924397693206e-10,0.0,1.2254954498947156e-10,0.0,1.273755872671803e-10,52.2514,52.2531,256.385,0,1,0,0,0,0,0,0,0,0,0.0,0.0,0.0,0.0,0.0,0.0,0.0,0.0,0.0,0.0,52.25265999999999,52.2511,256.3812,2.105091440534127e-08,1.2254954498947156e-10,1.5935568724984352e-10,0.0,0.0,0.0,0.0,0.0,0.0,0,0.0,0.0,0,0,0,0,0,0,0,0,0,0,0,0,0
1,750.651,75,0.0,0.0,2.094773782847616e-08,1.447523838098051e-10,1.4894088451506332e-10,0.0,1.2550127012147652e-10,0.0,1.257423170069829e-10,52.2514,52.2521,256.378,0,1,0,0,0,0,0,0,0,0,0.0,0.0,0.0,0.0,0.0,0.0,0.0,0.0,0.0,0.0,52.25276,52.2514,256.38160000000005,2.103623631076676e-08,1.2550127012147652e-10,1.4879292115103642e-10,0.0,0.0,0.0,0.0,0.0,0.0,0,0.0,0.0,0,0,0,0,0,0,0,0,0,0,0,0,0
1,751.647,75,0.0,0.0,2.1158056481372508e-08,2.1031865289634617e-10,1.5886135629841832e-10,0.0,1.2550127012147652e-10,0.0,1.2428019855391905e-10,52.2514,52.2526,256.382,0,1,0,0,0,0,0,0,0,0,0.0,0.0,0.0,0.0,0.0,0.0,0.0,0.0,0.0,0.0,52.252629999999996,52.2514,256.38050000000004,2.103623631076676e-08,1.2550127012147652e-10,1.6347101572554398e-10,0.0,0.0,0.0,0.0,0.0,0.0,0,0.0,0.0,0,0,0,0,0,0,0,0,0,0,0,0,0
1,752.658,75,0.0,0.0,2.084413872942336e-08,3.139177519491467e-10,1.7468423368066975e-10,0.0,1.370282767847134e-10,0.0,1.268661143255709e-10,52.2521,52.2522,256.374,0,1,0,0,0,0,0,0,0,0,0.0,0.0,0.0,0.0,0.0,0.0,0.0,0.0,0.0,0.0,52.252599999999994,52.2514,256.3797,2.101119830628697e-08,1.370282767847134e-10,1.885090202053316e-10,0.0,0.0,0.0,0.0,0.0,0.0,0,0.0,0.0,0,0,0,0,0,0,0,0,0,0,0,0,0
1,753.658,75,0.0,0.0,2.1073424255447017e-08,2.2928552602365623e-10,1.5015026557622682e-10,0.0,1.348318834202612e-10,0.0,1.2868191569309064e-10,52.2521,52.2533,256.38,0,1,0,0,0,0,0,0,0,0,0.0,0.0,0.0,0.0,0.0,0.0,0.0,0.0,0.0,0.0,52.25267,52.2514,256.3797,2.102584716128083e-08,1.348318834202612e-10,1.9467926593641959e-10,0.0,0.0,0.0,0.0,0.0,0.0,0,0.0,0.0,0,0,0,0,0,0,0,0,0,0,0,0,0
1,754.645,75,0.0,0.0,2.135098708758563e-08,2.775628321386143e-10,1.9529607981804627e-10,0.0,1.6747415515235614e-10,0.0,1.3910799899969078e-10,52.2519,52.2519,256.376,0,1,0,0,0,0,0,0,0,0,0.0,0.0,0.0,0.0,0.0,0.0,0.0,0.0,0.0,0.0,52.25259,52.2514,256.3794,2.1047262394066773e-08,1.6747415515235614e-10,2.014456437285074e-10,0.0,0.0,0.0,0.0,0.0,0.0,0,0.0,0.0,0,0,0,0,0,0,0,0,0,0,0,0,0
1,755.648,75,0.0,0.0,2.1010393076218364e-08,3.4059401136726734e-10,1.8693041794373087e-10,0.0,1.6282664781313956e-10,0.0,1.4645654728041762e-10,52.2519,52.2526,256.385,0,1,0,0,0,0,0,0,0,0,0.0,0.0,0.0,0.0,0.0,0.0,0.0,0.0,0.0,0.0,52.252610000000004,52.2514,256.38050000000004,2.105560813113776e-08,1.6282664781313956e-10,2.1451513944346054e-10,0.0,0.0,0.0,0.0,0.0,0.0,0,0.0,0.0,0,0,0,0,0,0,0,0,0,0,0,0,0
1,756.66,75,0.0,0.0,2.0823541754394285e-08,1.8685132182407937e-10,2.1331941426514008e-10,0.0,1.7751699940031383e-10,0.0,1.576881706213887e-10,52.2519,52.2535,256.388,0,1,0,0,0,0,0,0,0,0,0.0,0.0,0.0,0.0,0.0,0.0,0.0,0.0,0.0,0.0,52.252599999999994,52.2514,256.3811,2.1028510429155065e-08,1.7751699940031383e-10,2.1644196475459084e-10,0.0,0.0,0.0,0.0,0.0,0.0,0,0.0,0.0,0,0,0,0,0,0,0,0,0,0,0,0,0
1,757.654,75,0.0,0.0,2.120062802358855e-08,3.770862691942654e-10,1.9871381841675934e-10,0.0,1.8491800378062038e-10,0.0,1.6745923437752168e-10,52.2518,52.2518,256.377,0,1,0,0,0,0,0,0,0,0,0.0,0.0,0.0,0.0,0.0,0.0,0.0,0.0,0.0,0.0,52.25264,52.2518,256.3814,2.1039121354091797e-08,1.8491800378062038e-10,2.5415059167401735e-10,0.0,0.0,0.0,0.0,0.0,0.0,0,0.0,0.0,0,0,0,0,0,0,0,0,0,0,0,0,0
1,758.655,75,0.0,0.0,2.1052371883563455e-08,1.4825614002509566e-10,1.9942215093914246e-10,0.0,1.7846882204842707e-10,0.0,1.7781778654301294e-10,52.2518,52.2526,256.384,0,1,0,0,0,0,0,0,0,0,0.0,0.0,0.0,0.0,0.0,0.0,0.0,0.0,0.0,0.0,52.252570000000006,52.2518,256.3809,2.102642645647357e-08,1.7846882204842707e-10,2.6049599712407597e-10,0.0,0.0,0.0,0.0,0.0,0.0,0,0.0,0.0,0,0,0,0,0,0,0,0,0,0,0,0,0
1,759.652,75,0.0,0.0,2.1136834759726197e-08,8.446287616274217e-11,1.4400446206665287e-10,0.0,1.6254184252516615e-10,0.0,1.7703230835198502e-10,52.2518,52.2522,256.374,0,1,0,0,0,0,0,0,0,0,0.0,0.0,0.0,0.0,0.0,0.0,0.0,0.0,0.0,0.0,52.252480000000006,52.2518,256.3798,2.1059811387979554e-08,1.6254184252516615e-10,2.313087432324111e-10,0.0,0.0,0.0,0.0,0.0,0.0,0,0.0,0.0,0,0,0,0,0,0,0,0,0,0,0,0,0
1,760.651,76,0.0,0.0,2.1094518774221237e-08,4.231598550495956e-11,1.4390065179427235e-10,0.0,1.5785658415855833e-10,0.0,1.765282850799059e-10,52.2518,52.2531,256.378,0,1,0,0,0,0,0,0,0,0,0.0,0.0,0.0,0.0,0.0,0.0,0.0,0.0,0.0,0.0,52.25258,52.2518,256.3798,2.1074489482554062e-08,1.5785658415855833e-10,2.2106510340192656e-10,0.0,0.0,0.0,0.0,0.0,0.0,0,0.0,0.0,0,0,0,0,0,0,0,0,0,0,0,0,0
1,761.659,76,0.0,0.0,2.0906174856594263e-08,1.883439176269742e-10,1.1062623497823733e-10,0.0,1.6305085954669388e-10,0.0,1.717047729478878e-10,52.2518,52.2526,256.377,0,1,0,0,0,0,0,0,0,0,0.0,0.0,0.0,0.0,0.0,0.0,0.0,0.0,0.0,0.0,52.25258,52.2518,256.3793,2.1049301320076233e-08,1.6305085954669388e-10,2.1886762987498936e-10,0.0,0.0,0.0,0.0,0.0,0.0,0,0.0,0.0,0,0,0,0,0,0,0,0,0,0,0,0,0
1,762.661,76,0.0,0.0,2.1031361532382254e-08,1.251866757879911e-10,8.717182770834412e-11,0.0,1.468162702059089e-10,0.0,1.6295353235065526e-10,52.2521,52.2521,256.381,0,1,0,0,0,0,0,0,0,0,0.0,0.0,0.0,0.0,0.0,0.0,0.0,0.0,0.0,0.0,52.252570000000006,52.2518,256.38,2.1068023600372127e-08,1.468162702059089e-10,1.9999452225887378e-10,0.0,0.0,0.0,0.0,0.0,0.0,0,0.0,0.0,0,0,0,0,0,0,0,0,0,0,0,0,0
1,763.669,76,0.14029899959638753,0.13918551547260669,0.10993915175198597,0.10993913072062445,0.049166273930853176,0.9999997500000936,0.03476580569421238,0.04999998750000468,0.004916627541023824,52.2521,58.6142,256.319,0,1,0,0,0,0,0,0,0,0,0.0,0.0,0.0,0.0,0.0,0.0,0.0,0.0,0.0,0.0,52.88866,52.2518,256.3739,0.010993934135879773,0.03476580569421238,0.010993913249128415,0.0,0.0,0.0,0.0,0.0,0.0,0,0.0,0.0,0,0,0,0,0,0,0,0,0,0,0,0,0
1,764.667,76,0.4481098151294033,0.3084276708747653,0.037903013515189904,0.07203613823679607,0.047832495826017174,0.9905887388116149,0.03549259697979252,0.09952942444058542,0.009699877104095932,52.2521,60.866,256.045,0,1,0,0,0,0,0,0,0,0,0.0,0.0,0.0,0.0,0.0,0.0,0.0,0.0,0.0,0.0,53.75007000000001,52.2518,256.34080000000006,0.014784233352300053,0.03549259697979252,0.018197527045051738,0.0,0.0,0.0,0.0,0.0,0.0,0,0.0,0.0,0,0,0,0,0,0,0,0,0,0,0,0,0
1,765.705,76,0.39721634158140784,-0.04903032133718251,0.02405356448990179,0.013849449025288115,0.045255381505552014,0.9839554014898925,0.03519313416800633,0.14872719451508004,0.014225415235958095,52.2521,62.381,255.833,0,1,0,0,0,0,0,0,0,0,0.0,0.0,0.0,0.0,0.0,0.0,0.0,0.0,0.0,0.0,54.76291,52.2518,256.2856,0.017189587700250926,0.03519313416800633,0.019582471913521148,0.0,0.0,0.0,0.0,0.0,0.0,0,0.0,0.0,0,0,0,0,0,0,0,0,0,0,0,0,0
1,766.708,76,3.097153454647837,2.691861528480987,0.28775468024604905,0.26370111575614724,0.11688550138877035,0.893216093558722,0.091758574486455,0.19338799919301614,0.02591396535350319,52.2521,79.4662,257.488,0,1,0,0,0,0,0,0,0,0,0.0,0.0,0.0,0.0,0.0,0.0,0.0,0.0,0.0,0.0,57.484179999999995,52.2518,256.3956,0.045965053642501655,0.091758574486455,0.04595258347045074,0.0,0.0,0.0,0.0,0.0,0.0,0,0.0,0.0,0,0,0,0,0,0,0,0,0,0,0,0,0
1,767.707,76,1.0640786599333298,-2.0351099046191266,1.6160143126950588,1.3282596324490097,0.6794722282982195,0.5279023187817217,0.5030538292975937,0.21978311513210222,0.09386118816345376,58.6142,171.043,257.569,0,1,0,0,0,0,0,0,0,0,0.0,0.0,0.0,0.0,0.0,0.0,0.0,0.0,0.0,0.0,69.36330000000001,52.2521,256.51480000000004,0.20756648279194473,0.5030538292975937,0.1787785466776431,0.0,0.0,0.0,0.0,0.0,0.0,0,0.0,0.0,0,0,0,0,0,0,0,0,0,0,0,0,0
1,768.697,76,1.5285601970121327,0.4691732697765686,0.0008181971953044275,1.6151961154997543,0.6933365016859426,0.46405762251625754,0.5030163844421855,0.24298599625791512,0.1631948383121058,60.866,170.95,258.875,0,1,0,0,0,0,0,0,0,0,0.0,0.0,0.0,0.0,0.0,0.0,0.0,0.0,0.0,0.0,81.23303999999999,52.2521,256.76390000000004,0.207648300406238,0.5030163844421855,0.3402981582127929,0.0,0.0,0.0,0.0,0.0,0.0,0,0.0,0.0,0,0,0,0,0,0,0,0,0,0,0,0,0
1,769.706,76,3.503997926012836,1.9578173726468817,2.6854338832806848,2.6846156860853805,1.1883289156297139,0.14247886796473558,0.9220976949432944,0.25010993965615186,0.28202772986067676,33.4389,33.4389,255.433,0,1,0,0,0,0,0,0,0,0,0.0,0.0,0.0,0.0,0.0,0.0,0.0,0.0,0.0,0.0,79.35171,33.4389,256.6698,0.47619168662062294,0.9220976949432944,0.6087597268128846,0.0,0.0,0.0,0.0,0.0,0.0,0,0.0,0.0,0,0,0,0,0,0,0,0,0,0,0,0,0
1,770.712,77,1.4910536812458581,-2.0009386130884477,0.3207203485491879,2.364713534731497,1.138600687801461,0.20779202645665382,0.9091818124603734,0.2604995409789846,0.39588779862643275,15.2951,15.2951,254.051,0,1,0,0,0,0,0,0,0,0,0.0,0.0,0.0,0.0,0.0,0.0,0.0,0.0,0.0,0.0,75.65591,15.2951,256.4371,0.5082637193660899,0.9091818124603734,0.8452310802818028,0.0,0.0,0.0,0.0,0.0,0.0,0,0.0,0.0,0,0,0,0,0,0,0,0,0,0,0,0,0
1,771.701,77,3.906274343532392,2.4420835816850697,1.3376329843452925,1.0169126357961047,1.0734738129996022,0.39896710319145295,0.9243676101957289,0.2804478961385572,0.5032351799153304,15.2951,61.3654,250.653,0,1,0,0,0,0,0,0,0,0,0.0,0.0,0.0,0.0,0.0,0.0,0.0,0.0,0.0,0.0,76.56719,15.2951,255.8647,0.6420270157100016,0.9243676101957289,0.9469223438425789,0.0,0.0,0.0,0.0,0.0,0.0,0,0.0,0.0,0,0,0,0,0,0,0,0,0,0,0,0,0
1,772.704,77,1.8303573992182203,-2.0697078208516175,0.11384704641165119,1.2237859379336413,1.1336975827408562,0.43647208554308276,0.9162470926171118,0.3022715004157114,0.6166049381806988,15.2951,68.2776,250.055,0,1,0,0,0,0,0,0,0,0,0.0,0.0,0.0,0.0,0.0,0.0,0.0,0.0,0.0,0.0,78.16974,15.2951,255.2321,0.6534117182480306,0.9162470926171118,1.0693009376234244,0.0,0.0,0.0,0.0,0.0,0.0,0,0.0,0.0,0,0,0,0,0,0,0,0,0,0,0,0,0
1,773.704,77,6.184020750288961,4.3536633510707405,1.4462779928954532,1.332430946483802,1.02921376337445,0.44187417163158366,0.9255792757732504,0.32436520899729054,0.7146096871250586,15.2951,152.127,252.81,0,1,0,0,0,0,0,0,0,0,0.0,0.0,0.0,0.0,0.0,0.0,0.0,0.0,0.0,0.0,87.52102,15.2951,254.88119999999998,0.7870456023623774,0.9255792757732504,1.1915501191997422,0.0,0.0,0.0,0.0,0.0,0.0,0,0.0,0.0,0,0,0,0,0,0,0,0,0,0,0,0,0
1,774.705,77,6.15679406084616,-0.027199489952848422,0.28650406398479483,1.1597739289106583,0.6367709416613568,0.46727606346848977,0.9063614637448697,0.347729012170715,0.7735035317085924,15.2951,169.049,257.592,1,1,0,0,0,0,0,0,0,0,0.0,0.0,0.0,0.0,0.0,0.0,0.0,0.0,0.0,0.1,98.33932,15.2951,255.0359,0.8119057074093379,0.9063614637448697,1.3003238982671284,0.0,0.0,0.0,0.0,0.0,0.0,0,0.0,0.0,0,0,0,0,0,0,0,0,0,0,0,0,0
1,775.723,77,6.669957672044387,0.5040899913538581,0.38570986063253815,0.09920579664774332,0.6276662959927973,0.45844389955811027,0.8782098141932932,0.37065120714862054,0.831744623157317,61.3654,167.153,264.284,1,1,0,0,0,0,0,0,0,0,0.0,0.0,0.0,0.0,0.0,0.0,0.0,0.0,0.0,0.2,108.81652,15.2951,255.88100000000003,0.8480713370236014,0.8782098141932932,1.3088595330293737,0.0,0.0,0.0,0.0,0.0,0.0,0,0.0,0.0,0,0,0,0,0,0,0,0,0,0,0,0,0
1,776.717,77,6.711846617764527,0.042141796499134486,0.4267695968305361,0.041059736197997965,0.5252376793372103,0.504129492693782,0.8694110513210653,0.3958576817833096,0.8725798409521609,68.2776,167.824,270.874,0,1,0,0,0,0,0,0,0,0,0.0,0.0,0.0,0.0,0.0,0.0,0.0,0.0,0.0,0.2,117.6523,15.2951,257.2196,0.8619728286820502,0.8694110513210653,1.2865953950735587,0.0,0.0,0.0,0.0,0.0,0.0,0,0.0,0.0,0,0,0,0,0,0,0,0,0,0,0,0,0
1,777.717,77,6.3897025916692325,-0.3221440260952946,0.41150737020841394,0.015262226622122177,0.4810277708164973,0.5382618402818815,0.8361377516526189,0.4227707737974037,0.8527353952039887,152.127,167.57,277.275,0,1,0,0,0,0,0,0,0,0,0.0,0.0,0.0,0.0,0.0,0.0,0.0,0.0,0.0,0.2,117.30500000000002,15.2951,259.1902,0.7415221344333858,0.8361377516526189,1.1552956544908701,0.0,0.0,0.0,0.0,0.0,0.0,0,0.0,0.0,0,0,0,0,0,0,0,0,0,0,0,0,0
1,778.714,77,6.779805674800445,0.39127691387283137,0.02651236967060262,0.3849950005378113,0.16624859432741915,0.5588712807776743,0.8336444539000282,0.45071433783628745,0.8000266044681364,166.401,166.401,283.825,0,1,0,0,0,0,0,0,0,0,0.0,0.0,0.0,0.0,0.0,0.0,0.0,0.0,0.0,0.2,116.8501,15.2951,261.6852,0.7440915516809155,0.8336444539000282,1.0322755429946757,0.0,0.0,0.0,0.0,0.0,0.0,0,0.0,0.0,0,0,0,0,0,0,0,0,0,0,0,0,0
1,779.717,77,6.734060833550938,-0.04560801719791366,0.20800970475966704,0.18149733508906443,0.17231076622026048,0.5848824341527988,0.48983878547149445,0.4799584595439274,0.6984247895271911,166.401,176.561,290.37,0,1,0,0,0,0,0,0,0,0,0.0,0.0,0.0,0.0,0.0,0.0,0.0,0.0,0.0,0.2,131.16231,15.2951,265.1789,0.49634913382881374,0.48983878547149445,0.7819637078950442,0.0,0.0,0.0,0.0,0.0,0.0,0,0.0,0.0,0,0,0,0,0,0,0,0,0,0,0,0,0
1,780.712,78,6.706652118366361,-0.027546447421685195,0.2621669743073584,0.05415726954769137,0.1641235946598576,0.6057007134036252,0.4925141042115245,0.5102434952141086,0.6009770802130306,164.188,164.188,296.741,0,1,0,0,0,0,0,0,0,0,0.0,0.0,0.0,0.0,0.0,0.0,0.0,0.0,0.0,0.2,146.0516,61.3654,269.4479,0.4904937964046308,0.4925141042115245,0.5509080813766636,0.0,0.0,0.0,0.0,0.0,0.0,0,0.0,0.0,0,0,0,0,0,0,0,0,0,0,0,0,0
1,781.722,78,6.652295397491543,-0.053818535519621694,0.0679691589624795,0.1941978153448789,0.15498446748339326,0.6236996444569782,0.4059021403926223,0.5414284774369575,0.5091281456614098,160.811,160.811,302.928,1,1,0,0,0,0,0,0,0,0,0.0,0.0,0.0,0.0,0.0,0.0,0.0,0.0,0.0,0.3,155.99616,68.2776,274.6754,0.3635274138663495,0.4059021403926223,0.46863659933154106,0.0,0.0,0.0,0.0,0.0,0.0,0,0.0,0.0,0,0,0,0,0,0,0,0,0,0,0,0,0
1,782.729,78,6.615797864978381,-0.03624382573303102,0.28355785432018915,0.21558869535770964,0.11600994696589648,0.6369355892516297,0.39776927942763296,0.573275256899539,0.40735938208391387,160.811,176.322,308.783,1,1,0,0,0,0,0,0,0,0,0.0,0.0,0.0,0.0,0.0,0.0,0.0,0.0,0.0,0.4,166.8006,152.127,280.5482,0.3804984946572033,0.39776927942763296,0.3678168750739479,0.0,0.0,0.0,0.0,0.0,0.0,0,0.0,0.0,0,0,0,0,0,0,0,0,0,0,0,0,0
1,783.718,78,4.0775458127208175,-2.5664833693200846,1.0864140182620254,0.8028561639418363,0.40284525644924524,0.6522515363124668,0.293156040452635,0.5558878462151577,0.34472253139139336,120.201,120.201,312.782,0,1,0,0,0,0,0,0,0,0,0.0,0.0,0.0,0.0,0.0,0.0,0.0,0.0,0.0,0.4,163.608,120.201,286.5454,0.34451209719386056,0.293156040452635,0.31485939681975134,0.0,0.0,0.0,0.0,0.0,0.0,0,0.0,0.0,0,0,0,0,0,0,0,0,0,0,0,0,0
1,784.727,78,3.4975708897053988,-0.5748017076465994,0.9566031234548491,0.12981089480717634,0.45758019398172,0.6597323362486665,0.3495793335562972,0.5393450260870103,0.3268034566234297,120.201,174.955,315.014,0,1,0,0,0,0,0,0,0,0,0.0,0.0,0.0,0.0,0.0,0.0,0.0,0.0,0.0,0.3,164.1986,120.201,292.2876,0.41152200314086596,0.3495793335562972,0.21186309340940315,0.0,0.0,0.0,0.0,0.0,0.0,0,0.0,0.0,0,0,0,0,0,0,0,0,0,0,0,0,0
1,785.729,78,3.4679734921232743,-0.02953832094024394,0.6554999508367148,0.30110317261813435,0.43287879199441764,0.6776367496091064,0.35768261800881435,0.524029093492971,0.30732470622359176,120.201,146.145,318.444,0,1,0,0,0,0,0,0,0,0,0.0,0.0,0.0,0.0,0.0,0.0,0.0,0.0,0.0,0.2,162.0978,120.201,297.70359999999994,0.4385010121612837,0.35768261800881435,0.23205283100644225,0.0,0.0,0.0,0.0,0.0,0.0,0,0.0,0.0,0,0,0,0,0,0,0,0,0,0,0,0,0
1,786.785,78,3.809157283968822,0.32309071197495054,0.4359048904820821,0.21959506035463267,0.33873516093158057,0.690127237606134,0.357660991786893,0.5138746506953416,0.28867445438302874,120.201,172.198,322.243,0,1,0,0,0,0,0,0,0,0,0.0,0.0,0.0,0.0,0.0,0.0,0.0,0.0,0.0,0.2,162.5352,120.201,302.84049999999996,0.4394145415264382,0.357660991786893,0.2499063634221057,0.0,0.0,0.0,0.0,0.0,0.0,0,0.0,0.0,0,0,0,0,0,0,0,0,0,0,0,0,0
1,787.82,78,6.10392836826429,2.2171701297540753,0.8812990578553481,0.44539416737326604,0.25814876897764705,0.7143533225274304,0.38350795413971983,0.523197200882627,0.2663865541991438,120.201,134.561,328.405,0,1,0,0,0,0,0,0,0,0,0.0,0.0,0.0,0.0,0.0,0.0,0.0,0.0,0.0,0.2,159.23430000000002,120.201,307.95349999999996,0.48639371029113165,0.38350795413971983,0.2929195574972201,0.0,0.0,0.0,0.0,0.0,0.0,0,0.0,0.0,0,0,0,0,0,0,0,0,0,0,0,0,0
1,788.739,78,5.258258315618845,-0.9202068037491236,1.0545650283496402,0.17326597049429204,0.24966523565454796,0.7240290193264747,0.3843238984542431,0.5361957707231378,0.2747282183318566,134.561,169.122,332.88,0,1,0,0,0,0,0,0,0,0,0.0,0.0,0.0,0.0,0.0,0.0,0.0,0.0,0.0,0.2,159.5064,120.201,312.85900000000004,0.5891989761590354,0.3843238984542431,0.27174665449286817,0.0,0.0,0.0,0.0,0.0,0.0,0,0.0,0.0,0,0,0,0,0,0,0,0,0,0,0,0,0
1,789.729,78,3.483018111023026,-1.7931719238341612,0.3503706593202975,0.7041943690293426,0.2956173416247849,0.7919614906876375,0.3710421914408878,0.5686699018592829,0.28705887587230905,134.561,170.053,336.389,0,1,0,0,0,0,0,0,0,0,0.0,0.0,0.0,0.0,0.0,0.0,0.0,0.0,0.0,0.2,158.8556,120.201,317.46090000000004,0.6034350716150984,0.3710421914408878,0.324016357886896,0.0,0.0,0.0,0.0,0.0,0.0,0,0.0,0.0,0,0,0,0,0,0,0,0,0,0,0,0,0
1,790.733,79,3.598086029521115,0.11460948057578581,0.1807833119692896,0.1695873473510079,0.3704248838706116,0.8244635835649001,0.3801401840995862,0.5995034797146953,0.30768900479338446,134.561,176.889,339.994,0,1,0,0,0,0,0,0,0,0,0.0,0.0,0.0,0.0,0.0,0.0,0.0,0.0,0.0,0.2,160.1257,120.201,321.7862,0.5952967053812916,0.3801401840995862,0.33555936566722766,0.0,0.0,0.0,0.0,0.0,0.0,0,0.0,0.0,0,0,0,0,0,0,0,0,0,0,0,0,0
1,791.726,79,3.715179606384339,0.11791900993275369,0.06586399250817367,0.11491931946111593,0.4374578273553397,0.891132792307139,0.3804651026749191,0.6241117641704796,0.3359363407805791,134.561,174.478,343.645,0,1,0,0,0,0,0,0,0,0,0.0,0.0,0.0,0.0,0.0,0.0,0.0,0.0,0.0,0.1,161.4924,120.201,325.8579,0.595086188735861,0.3804651026749191,0.3276315160788513,0.0,0.0,0.0,0.0,0.0,0.0,0,0.0,0.0,0,0,0,0,0,0,0,0,0,0,0,0,0
1,792.728,79,3.5397500700525906,-0.17507937757659545,0.1497020831318045,0.08383809062363083,0.40167549045703455,0.9139488035268173,0.3947303736326875,0.6479856000696663,0.3645028951296929,169.122,175.016,347.057,0,1,0,0,0,0,0,0,0,0,0.0,0.0,0.0,0.0,0.0,0.0,0.0,0.0,0.0,0.0,161.3618,120.201,329.6853,0.5817006116170225,0.3947303736326875,0.31445645560544344,0.0,0.0,0.0,0.0,0.0,0.0,0,0.0,0.0,0,0,0,0,0,0,0,0,0,0,0,0,0
1,793.734,79,2.9906056840880004,-0.5458691709389564,1.8313146630439776,1.681612579912173,0.7427401608093585,0.9394982662628242,0.5429979095960006,0.6728668048012283,0.39849238556570427,70.6723,70.6723,349.594,0,1,0,0,0,0,0,0,0,0,0.0,0.0,0.0,0.0,0.0,0.0,0.0,0.0,0.0,0.0,156.40893,70.6723,333.3665,0.6561906760952178,0.5429979095960006,0.4023320972024771,0.0,0.0,0.0,0.0,0.0,0.0,0,0.0,0.0,0,0,0,0,0,0,0,0,0,0,0,0,0
1,794.735,79,2.4678560093975803,-0.5222274472431769,3.054576805367435,1.2232621423234573,1.338205005581683,0.9533477815020378,0.9354428302495513,0.6971703907029058,0.4865548667257006,70.6723,104.619,351.971,0,1,0,0,0,0,0,0,0,0,0.0,0.0,0.0,0.0,0.0,0.0,0.0,0.0,0.0,0.0,149.37533000000002,70.6723,337.0622,0.8659880442864762,0.9354428302495513,0.5116772219541053,0.0,0.0,0.0,0.0,0.0,0.0,0,0.0,0.0,0,0,0,0,0,0,0,0,0,0,0,0,0
1,795.739,79,6.693239023065018,4.208548818393862,0.8008018911520338,2.253774914215401,1.2634132355404175,0.9059239839437362,0.9329351727911711,0.719544394922187,0.5696083110803005,59.6877,59.6877,353.123,0,1,0,0,0,0,0,0,0,0,0.0,0.0,0.0,0.0,0.0,0.0,0.0,0.0,0.0,0.0,140.7296,59.6877,340.53010000000006,0.8805182383180081,0.9329351727911711,0.7069443961138319,0.0,0.0,0.0,0.0,0.0,0.0,0,0.0,0.0,0,0,0,0,0,0,0,0,0,0,0,0,0
1,796.732,79,6.576003973388336,-0.11806148003693999,0.5096613704752436,0.2911405206767902,1.1782523641916076,0.8499695049932526,0.9293140908574696,0.7368363955371606,0.6535600314063033,59.6877,89.6951,352.343,0,1,0,0,0,0,0,0,0,0,0.0,0.0,0.0,0.0,0.0,0.0,0.0,0.0,0.0,0.0,132.47931,59.6877,343.5401,0.8878938863173242,0.9293140908574696,0.7140989421460476,0.0,0.0,0.0,0.0,0.0,0.0,0,0.0,0.0,0,0,0,0,0,0,0,0,0,0,0,0,0
1,797.743,79,6.59231767750369,0.016136205850992902,0.7569239839700136,0.24726261349476997,1.0593049819300993,0.7991474693982584,0.9302439836978391,0.7498806769929794,0.7336756527015484,47.0062,47.0062,351.638,0,1,0,0,0,0,0,0,0,0,0.0,0.0,0.0,0.0,0.0,0.0,0.0,0.0,0.0,0.0,123.72383000000002,47.0062,345.8634,0.8754563789287909,0.9302439836978391,0.6942857867581981,0.0,0.0,0.0,0.0,0.0,0.0,0,0.0,0.0,0,0,0,0,0,0,0,0,0,0,0,0,0
1,798.747,79,6.480996698905072,-0.11087746872372334,0.19007959723337875,0.5668443867366348,1.1398443389381263,0.7183387113169569,0.9516717887417795,0.7578540485199435,0.8226935630299061,47.0062,58.7867,347.911,0,1,0,0,0,0,0,0,0,0,0.0,0.0,0.0,0.0,0.0,0.0,0.0,0.0,0.0,0.0,112.69030000000001,47.0062,347.3665,0.7890078358171648,0.9516717887417795,0.7336436283824324,0.0,0.0,0.0,0.0,0.0,0.0,0,0.0,0.0,0,0,0,0,0,0,0,0,0,0,0,0,0
1,799.74,79,5.237624824308775,-1.2521368324232593,0.9581026437786974,0.7680230465453186,0.3000357493674294,0.658091240598756,0.9398799808937683,0.7615144888422414,0.8231354038041708,47.0062,113.951,345.146,0,1,0,0,0,0,0,0,0,0,0.0,0.0,0.0,0.0,0.0,0.0,0.0,0.0,0.0,0.0,107.08009999999999,47.0062,348.24219999999997,0.8497810342630048,0.9398799808937683,0.7400264961340299,0.0,0.0,0.0,0.0,0.0,0.0,0,0.0,0.0,0,0,0,0,0,0,0,0,0,0,0,0,0
1,800.743,80,2.5418841064393773,-2.6876776848149535,0.24836140874217505,0.7097412350365223,0.32787639824884307,0.6435987243784584,0.934764399311097,0.763409389390983,0.8188805552419938,47.0062,128.544,346.472,0,1,0,1,1,0,0,0,0,0,0.0,0.0,0.0,0.0,0.0,0.0,0.0,0.0,0.0,0.0,102.2456,47.0062,348.89,0.8565388439402934,0.934764399311097,0.7940418849025814,0.0,0.0,0.0,0.0,0.0,0.0,0,0.0,0.0,0,0,0,0,0,0,0,0,0,0,0,0,0
1,801.743,80,0.5385164807137206,-2.003367625725657,0.0061506028820248575,0.2422108058601502,0.4049555162301426,0.6209505919267371,0.9405493200446352,0.763271936764471,0.8156303241294742,47.0062,128.975,346.872,0,1,0,1,1,0,0,0,0,0,0.0,0.0,0.0,0.0,0.0,0.0,0.0,0.0,0.0,0.0,97.6953,47.0062,349.2127,0.8505675049776785,0.9405493200446352,0.8067710335424847,0.0,0.0,0.0,0.0,0.0,0.0,0,0.0,0.0,0,0,0,0,0,0,0,0,0,0,0,0,0
1,802.741,80,1.6796647910046414,1.1434351806522252,1.2278780773666056,1.2217274744845807,0.5337402375618907,0.5746388343382279,0.9126640973892907,0.7601570990188009,0.8288367988399598,58.7867,160.364,345.65,0,1,0,0,0,0,0,0,0,0,0.0,0.0,0.0,0.0,0.0,0.0,0.0,0.0,0.0,0.0,96.23010000000001,47.0062,349.072,0.9583851044011584,0.9126640973892907,0.9205599719285799,0.0,0.0,0.0,0.0,0.0,0.0,0,0.0,0.0,0,0,0,0,0,0,0,0,0,0,0,0,0
1,803.742,80,2.01045072902079,0.33045548253361506,0.7896733544346833,0.43820472293192225,0.5060029359304088,0.5318835531979361,0.8598809846985255,0.7541386998630744,0.8051630763520649,113.951,115.579,345.742,0,1,0,0,0,0,0,0,0,0,0.0,0.0,0.0,0.0,0.0,0.0,0.0,0.0,0.0,0.0,100.72076999999999,47.0062,348.6868,0.8542209735402292,0.8598809846985255,0.7962191862305548,0.0,0.0,0.0,0.0,0.0,0.0,0,0.0,0.0,0,0,0,0,0,0,0,0,0,0,0,0,0
1,804.747,80,5.109624803935327,3.0837552984224255,0.005480054261180196,0.7841933001735032,0.5374892913057859,0.5100292427050034,0.4221182078066295,0.7466535451858912,0.7250915049244752,115.579,116.041,347.945,0,1,0,0,0,0,0,0,0,0,0.0,0.0,0.0,0.0,0.0,0.0,0.0,0.0,0.0,0.0,101.86297,47.0062,348.28419999999994,0.5493112984296036,0.4221182078066295,0.7523123020155593,0.0,0.0,0.0,0.0,0.0,0.0,0,0.0,0.0,0,0,0,0,0,0,0,0,0,0,0,0,0
1,805.752,80,6.288368774334449,1.1728795725364398,0.4358197828868054,0.4303397286256252,0.5258394427059679,0.4671480749331739,0.4136511740577072,0.7361291114520946,0.6513341256410301,91.8136,91.8136,351.697,0,1,0,0,0,0,0,0,0,0,0.0,0.0,0.0,0.0,0.0,0.0,0.0,0.0,0.0,0.0,105.07556,47.0062,348.14160000000004,0.5128130876030808,0.4136511740577072,0.5699687834565818,0.0,0.0,0.0,0.0,0.0,0.0,0,0.0,0.0,0,0,0,0,0,0,0,0,0,0,0,0,0
1,806.751,80,3.8051217146861265,-2.4857327924407633,0.687535529258856,0.2517157463720506,0.45110769804377515,0.40493397298545347,0.41730880130970427,0.7218694482210606,0.5786196590262469,53.1167,53.1167,352.13,0,1,0,0,0,0,0,0,0,0,0.0,0.0,0.0,0.0,0.0,0.0,0.0,0.0,0.0,0.0,101.41772,47.0062,348.1203,0.5306005034814419,0.41730880130970427,0.5660263060261077,0.0,0.0,0.0,0.0,0.0,0.0,0,0.0,0.0,0,0,0,0,0,0,0,0,0,0,0,0,0
1,807.755,80,3.2519595811150555,-0.5509583003695927,0.736033458116295,0.04849792885743898,0.32352914874126515,0.32374753167528597,0.41610047671170597,0.7023391586784533,0.5050420757073635,53.1167,95.9305,351.742,0,1,0,0,0,0,0,0,0,0,0.0,0.0,0.0,0.0,0.0,0.0,0.0,0.0,0.0,0.0,106.31015,53.1167,348.1307,0.5285114508960701,0.41610047671170597,0.5461498375623746,0.0,0.0,0.0,0.0,0.0,0.0,0,0.0,0.0,0,0,0,0,0,0,0,0,0,0,0,0,0
1,808.753,80,1.3628792940400698,-1.892866019113212,1.6318346491348557,0.8958011910185607,0.5962207131567966,0.30625563722203947,0.5220873338721252,0.6814504895732316,0.4506797131292305,4.00487,4.00487,352.807,0,1,1,0,0,0,1,0,1,0,0.0,0.0,0.0,0.0,0.0,0.1,0.1,0.0,0.0,0.0,100.83196699999999,4.00487,348.6203,0.6726869560862178,0.5220873338721252,0.5790455179905672,0.0,0.0,0.1,0.0,0.0,0.0,0,0.0,0.0,0,0,0,0,0,0,0,0,0,0,0,0,0
1,809.753,80,1.7888582084678792,0.42597891442780944,1.544967592290598,0.08686705684425755,0.5434966514893311,0.2863968924966162,0.5867184640433316,0.6561722596636805,0.4750258033414207,4.00487,86.0527,352.584,0,1,0,0,0,0,0,0,0,0,0.0,0.0,0.0,0.0,0.0,0.1,0.1,0.0,0.0,0.0,98.042137,4.00487,349.36409999999995,0.7313734509374079,0.5867184640433316,0.5109299190204611,0.0,0.0,0.1,0.0,0.0,0.0,0,0.0,0.0,0,0,0,0,0,0,0,0,0,0,0,0,0
1,810.75,81,6.475435856043598,4.700679686635626,0.6085172135192197,0.9364503787713784,0.5020082113491168,0.2993310684246922,0.5644041899048925,0.62991563390667,0.49243898465144803,4.00487,52.3361,350.656,0,1,0,0,0,0,0,0,0,0,0.0,0.0,0.0,0.0,0.0,0.1,0.1,0.0,0.0,0.0,90.421347,4.00487,349.78249999999997,0.7673890314151123,0.5644041899048925,0.5336008333939468,0.0,0.0,0.1,0.0,0.0,0.0,0,0.0,0.0,0,0,0,0,0,0,0,0,0,0,0,0,0
1,811.758,81,6.647565761448735,0.17076379504477926,0.2441083801591201,0.36440883336009966,0.6081760164190227,0.32641850404576483,0.5328795059513388,0.6016799194936013,0.5127610346703361,4.00487,39.2163,347.255,0,1,0,0,0,0,0,0,0,0,0.0,0.0,0.0,0.0,0.0,0.1,0.1,0.0,0.0,0.0,81.445477,4.00487,349.8208,0.791184809142822,0.5328795059513388,0.5458206361439417,0.0,0.0,0.1,0.0,0.0,0.0,0,0.0,0.0,0,0,0,0,0,0,0,0,0,0,0,0,0
1,812.757,81,6.109387235244848,-0.5387172434473343,1.0868840887951123,0.8427757086359923,0.5970089542268916,0.3654791796689603,0.5217911708464806,0.5742564383007086,0.5190879063368362,4.00487,22.4307,343.874,0,1,0,0,0,0,0,0,0,0,0.0,0.0,0.0,0.0,0.0,0.1,0.1,0.0,0.0,0.0,67.65214699999999,4.00487,349.64320000000004,0.7770854102856726,0.5217911708464806,0.5079254595590829,0.0,0.0,0.1,0.0,0.0,0.0,0,0.0,0.0,0,0,0,0,0,0,0,0,0,0,0,0,0
1,813.761,81,1.0773559588053878,-5.011983343067191,0.33537555568401284,0.7515085331110996,0.545972897269461,0.40980027319460244,0.5400313493039518,0.5477715386472976,0.5230849024707414,22.4307,41.458,344.368,0,1,0,1,0,0,0,0,0,0,0.0,0.0,0.0,0.0,0.0,0.1,0.1,0.0,0.0,0.0,60.240047000000004,4.00487,349.5058,0.7316556304106056,0.5400313493039518,0.5392558405770005,0.0,0.0,0.1,0.0,0.0,0.0,0,0.0,0.0,0,0,0,0,0,0,0,0,0,0,0,0,0
1,814.757,81,1.5586520779376591,0.4832290352733648,0.5734797079559825,0.23810415227196963,0.32784077248992055,0.42504850437321956,0.4819095141515562,0.5213565747908565,0.5021200505891549,8.95177,8.95177,345.411,0,1,0,1,0,0,0,0,0,0,0.0,0.0,0.0,0.0,0.0,0.1,0.1,0.0,0.0,0.0,49.531124,4.00487,349.2524,0.7884555957800858,0.4819095141515562,0.4846469257868472,0.0,0.0,0.1,0.0,0.0,0.0,0,0.0,0.0,0,0,0,0,0,0,0,0,0,0,0,0,0
1,815.767,81,0.3130967980359037,-1.2332230494076788,3.0915047305151804,2.518025022559198,1.1784523053718294,0.3808685105780507,0.8540458005433298,0.4951038011225723,0.567381336855741,8.95177,170.015,345.743,0,1,0,0,0,0,0,0,0,0,0.0,0.0,0.0,0.0,0.0,0.1,0.1,0.0,0.0,0.0,57.35126399999999,4.00487,348.65700000000004,1.0540240905429232,0.8540458005433298,0.6934154551802044,0.0,0.0,0.1,0.0,0.0,0.0,0,0.0,0.0,0,0,0,0,0,0,0,0,0,0,0,0,0
1,816.771,81,1.879279109971742,1.5599425417687633,0.7313514012758787,2.3601533292393015,1.1117259611071115,0.29645666596957193,0.8520667605960601,0.4674281591713882,0.6334431631620747,8.95177,128.042,344.849,0,1,0,1,0,0,0,0,0,0,0.0,0.0,0.0,0.0,0.0,0.1,0.1,0.0,0.0,0.0,64.84379399999999,4.00487,347.9289,1.0584056777446256,0.8520667605960601,0.9042592134669295,0.0,0.0,0.1,0.0,0.0,0.0,0,0.0,0.0,0,0,0,0,0,0,0,0,0,0,0,0,0
1,817.766,81,1.438976994793245,-0.4425146886216052,0.1304269464222071,0.6009244548536716,1.2064996318920567,0.21468614554239154,0.8978186301445676,0.4382050929785949,0.7217402114771538,8.95177,120.435,344.092,0,1,0,0,0,0,0,0,0,0,0.0,0.0,0.0,0.0,0.0,0.1,0.1,0.0,0.0,0.0,67.294244,4.00487,347.16389999999996,0.9978450265752168,0.8978186301445676,0.9595018660665529,0.0,0.0,0.1,0.0,0.0,0.0,0,0.0,0.0,0,0,0,0,0,0,0,0,0,0,0,0,0
1,818.776,81,0.0,-1.424729697815094,2.0864776490541602e-08,0.1304269255574306,1.2589529610460946,0.1284394863314599,0.9178578940008955,0.40871013172932,0.7880134362660837,8.95177,120.434,344.097,0,1,0,0,0,0,0,0,0,0,0.0,0.0,0.0,0.0,0.0,0.0,0.0,0.0,0.0,0.0,78.937157,8.95177,346.29290000000003,0.8346615637482089,0.9178578940008955,0.8829644395204397,0.0,0.0,0.0,0.0,0.0,0.0,0,0.0,0.0,0,0,0,0,0,0,0,0,0,0,0,0,0
1,819.77,81,0.8654250771663728,0.8706489709923269,0.1446834582107172,0.14468343734594072,1.3011105719199412,0.0553729794510943,0.9041646598158798,0.37857421867193697,0.8637748283091445,112.339,112.339,344.427,0,1,0,0,0,0,0,0,0,0,0.0,0.0,0.0,0.0,0.0,0.0,0.0,0.0,0.0,0.0,81.565787,8.95177,345.4772,0.6946331503402207,0.9041646598158798,0.8887460775706082,0.0,0.0,0.0,0.0,0.0,0.0,0,0.0,0.0,0,0,0,0,0,0,0,0,0,0,0,0,0
1,820.765,82,1.589084254520797,0.7272956556325871,0.03325166687341236,0.11143179133730485,0.2990502496055452,0.050157021211539636,0.9282324933694693,0.348902133513591,0.8434790321347874,112.339,114.475,345.079,0,1,0,0,0,0,0,0,0,0,0.0,0.0,0.0,0.0,0.0,0.0,0.0,0.0,0.0,0.0,87.77967699999999,8.95177,344.9195,0.63710659567564,0.9282324933694693,0.8062442188272009,0.0,0.0,0.0,0.0,0.0,0.0,0,0.0,0.0,0,0,0,0,0,0,0,0,0,0,0,0,0
1,821.762,82,0.3616400476897709,-1.2311376196900963,1.723456523270389,1.6902048563969765,0.738866560180605,0.05300904184029682,0.975329091506804,0.32050505600926904,0.8565480865109457,16.3259,16.3259,344.722,0,1,0,0,0,0,0,0,0,0,0.0,0.0,0.0,0.0,0.0,0.0,0.0,0.0,0.0,0.0,85.490637,8.95177,344.6662,0.7850414099867669,0.975329091506804,0.9388238211308885,0.0,0.0,0.0,0.0,0.0,0.0,0,0.0,0.0,0,0,0,0,0,0,0,0,0,0,0,0,0
1,822.775,82,4.286839816441506,3.8748270175239248,0.18368205537334345,1.5397744678970455,0.7342639127217441,0.08868595281957659,0.9860329163971794,0.2962074119333365,0.8702735823604308,5.91182,5.91182,340.671,0,1,0,0,0,0,0,0,0,0,0.0,0.0,0.0,0.0,0.0,0.0,0.0,0.0,0.0,0.0,83.838749,5.91182,344.3459,0.69472120664459,0.9860329163971794,1.0085236970569937,0.0,0.0,0.0,0.0,0.0,0.0,0,0.0,0.0,0,0,0,0,0,0,0,0,0,0,0,0,0
1,823.768,82,3.2241396483184324,-1.0701915086838607,0.3173792413283971,0.13369718595505367,0.702220409430578,0.14532930553105544,0.9867777800700571,0.2768796995499924,0.8858983335765427,5.91182,23.4297,337.515,0,1,0,0,0,0,0,0,0,0,0.0,0.0,0.0,0.0,0.0,0.0,0.0,0.0,0.0,0.0,82.03591899999999,5.91182,343.6606,0.6929215752090284,0.9867777800700571,0.9467425623413892,0.0,0.0,0.0,0.0,0.0,0.0,0,0.0,0.0,0,0,0,0,0,0,0,0,0,0,0,0,0
1,824.778,82,0.22140172459784577,-2.973007845267907,0.022368063854666453,0.2950111774737307,0.7187787596860833,0.2329091790380679,1.00932192489536,0.26302369636664563,0.9249921322961591,5.91182,24.7253,337.357,0,1,0,0,0,0,0,0,0,0,0.0,0.0,0.0,0.0,0.0,0.0,0.0,0.0,0.0,0.0,83.613272,5.91182,342.85519999999997,0.6378104107988969,1.00932192489536,0.9524332648615653,0.0,0.0,0.0,0.0,0.0,0.0,0,0.0,0.0,0,0,0,0,0,0,0,0,0,0,0,0,0
1,825.782,82,2.4070819176824854,2.176972303869163,0.018150148444933307,0.004217915409733146,0.7210275966575321,0.4234389251167363,0.5361787554423822,0.2608382388758238,0.8792496614247292,5.91182,25.9998,335.36,0,1,0,0,0,0,0,0,0,0,0.0,0.0,0.0,0.0,0.0,0.0,0.0,0.0,0.0,0.0,69.21175199999999,5.91182,341.8169,0.3304749525918721,0.5361787554423822,0.7010525541466188,0.0,0.0,0.0,0.0,0.0,0.0,0,0.0,0.0,0,0,0,0,0,0,0,0,0,0,0,0,0
1,826.78,82,1.065230762531614,-1.3445402356221157,0.12474349689219223,0.10659334844725893,0.12456133914846393,0.5289965359671508,0.5198520205979998,0.26704136702490866,0.7805331992288644,5.91182,19.0039,334.313,0,1,0,0,0,0,0,0,0,0,0.0,0.0,0.0,0.0,0.0,0.0,0.0,0.0,0.0,0.0,58.307942000000004,5.91182,340.76329999999996,0.26981416215350346,0.5198520205979998,0.47569655606741457,0.0,0.0,0.0,0.0,0.0,0.0,0,0.0,0.0,0,0,0,0,0,0,0,0,0,0,0,0,0
1,827.786,82,0.0,-1.058877497546336,0.0,0.12474349689219223,0.13278914073489842,0.6163967332067225,0.5253448472968738,0.2816738271014805,0.6731621501131486,19.0016,19.0016,334.33,0,1,0,0,0,0,0,0,0,0,0.0,0.0,0.0,0.0,0.0,0.0,0.0,0.0,0.0,0.0,48.164601999999995,5.91182,339.7871,0.25677146751128277,0.5253448472968738,0.4280784602712667,0.0,0.0,0.0,0.0,0.0,0.0,0,0.0,0.0,0,0,0,0,0,0,0,0,0,0,0,0,0
1,828.776,82,3.3945624488218265,3.4288509584058855,0.10242092890962134,0.10242092890962134,0.05601327056285656,0.6867621492659914,0.5207610228145377,0.3006991527036781,0.5528681810648248,19.0016,24.9787,331.31,0,1,0,0,0,0,0,0,0,0,0.0,0.0,0.0,0.0,0.0,0.0,0.0,0.0,0.0,0.0,38.619072,5.91182,338.5084,0.26701355831576723,0.5207610228145377,0.4252778606064858,0.0,0.0,0.0,0.0,0.0,0.0,0,0.0,0.0,0,0,0,0,0,0,0,0,0,0,0,0,0
1,829.778,82,3.556702203898212,0.16181612283072422,0.1387009749105082,0.036280046000886856,0.06349170541572141,0.7042210172732817,0.5209205817698944,0.3215903589425113,0.4291062944144028,19.0016,33.1786,328.115,0,1,0,0,0,0,0,0,0,0,0.0,0.0,0.0,0.0,0.0,0.0,0.0,0.0,0.0,0.0,30.703032,5.91182,336.8772,0.26641530998574636,0.5209205817698944,0.4144375214719803,0.0,0.0,0.0,0.0,0.0,0.0,0,0.0,0.0,0,0,0,0,0,0,0,0,0,0,0,0,0
1,830.789,83,1.2398551474102004,-2.2916390271889338,0.04406720956415844,0.09463376534634976,0.058356484433774086,0.6969693631017154,0.5203936510308188,0.3414722736763625,0.4050369178972256,19.0016,30.7504,327.075,0,1,0,0,0,0,0,0,0,0,0.0,0.0,0.0,0.0,0.0,0.0,0.0,0.0,0.0,0.0,22.330572,5.91182,335.0768,0.2674968642548209,0.5203936510308188,0.4127577188728848,0.0,0.0,0.0,0.0,0.0,0.0,0,0.0,0.0,0,0,0,0,0,0,0,0,0,0,0,0,0
1,831.797,83,0.14041287611201125,-1.0907165389862987,0.1249272583564386,0.08086004879228016,0.05839019242369263,0.6624775366895158,0.09560564317684615,0.35827522530855005,0.3369892811215345,19.0016,23.5949,326.914,0,1,0,0,0,0,0,0,0,0,0.0,0.0,0.0,0.0,0.0,0.0,0.0,0.0,0.0,0.0,23.057472,5.91182,333.296,0.10764393776342591,0.09560564317684615,0.2518232381124152,0.0,0.0,0.0,0.0,0.0,0.0,0,0.0,0.0,0,0,0,0,0,0,0,0,0,0,0,0,0
1,832.788,83,3.6173293531115616,3.5084929132185168,0.12214908781069847,0.00277817054574013,0.037201618666890264,0.6664316165838394,0.092083250077702,0.37332284715429404,0.26728305171604905,23.5949,30.7828,323.8,0,1,0,0,0,0,0,0,0,0,0.0,0.0,0.0,0.0,0.0,0.0,0.0,0.0,0.0,0.0,25.54457,19.0016,331.6089,0.1014906410071614,0.092083250077702,0.09812360837728465,0.0,0.0,0.0,0.0,0.0,0.0,0,0.0,0.0,0,0,0,0,0,0,0,0,0,0,0,0,0
1,833.795,83,3.6139535066703443,-0.0033523797827380787,4.433869038343489e-06,0.12214465394166013,0.06073111330855375,0.7241449720456008,0.05767033721794781,0.38904008209684393,0.20313412210384665,23.5949,31.1004,320.626,0,1,0,0,0,0,0,0,0,0,0.0,0.0,0.0,0.0,0.0,0.0,0.0,0.0,0.0,0.0,26.31164,19.0016,329.92,0.06975316026122555,0.05767033721794781,0.09696835517594529,0.0,0.0,0.0,0.0,0.0,0.0,0,0.0,0.0,0,0,0,0,0,0,0,0,0,0,0,0,0
1,834.786,83,2.7269911137917355,-0.895017550836134,0.37767209679364167,0.3776676629246033,0.14632266537994537,0.7955490084001441,0.11049255313519847,0.4075651072981901,0.14588851267323286,23.5949,52.6548,318.137,0,1,0,0,0,0,0,0,0,0,0.0,0.0,0.0,0.0,0.0,0.0,0.0,0.0,0.0,0.0,29.10459,19.0016,327.998,0.10528356355512306,0.11049255313519847,0.10523400372103256,0.0,0.0,0.0,0.0,0.0,0.0,0,0.0,0.0,0,0,0,0,0,0,0,0,0,0,0,0,0
1,835.792,83,4.095100405065732,1.3599495937117256,3.005793090493743,2.6281209937001013,1.2817744273993434,0.6628441752233902,0.9203042786431828,0.42166389053045716,0.201963195747414,23.5949,121.281,319.729,0,1,0,0,0,0,0,0,0,0,0.0,0.0,0.0,0.0,0.0,0.0,0.0,0.0,0.0,0.0,38.63271,19.0016,326.4349,0.404047857760004,0.9203042786431828,0.36762431155006936,0.0,0.0,0.0,0.0,0.0,0.0,0,0.0,0.0,0,0,0,0,0,0,0,0,0,0,0,0,0
1,836.785,83,6.649897830054709,2.572807074510551,0.5187088085474838,2.487084281946259,1.2472334534529586,0.49346598093429106,0.9154388764447289,0.43151435627869306,0.3142304071778635,30.7828,92.8507,322.865,0,1,0,0,0,0,0,0,0,0,0.0,0.0,0.0,0.0,0.0,0.0,0.0,0.0,0.0,0.0,46.017390000000006,19.0016,325.2901,0.4434443889255332,0.9154388764447289,0.6056734048999693,0.0,0.0,0.0,0.0,0.0,0.0,0,0.0,0.0,0,0,0,0,0,0,0,0,0,0,0,0,0
1,837.797,83,6.434946124289877,-0.2124028713091221,0.4510441325116913,0.06766467603579251,1.2103531114800217,0.4648067576705249,0.9021779682550446,0.44402038688509976,0.4219868042523758,31.1004,67.8703,321.659,0,1,0,0,0,0,0,0,0,0,0.0,0.0,0.0,0.0,0.0,0.0,0.0,0.0,0.0,0.0,50.90426000000001,23.5949,324.023,0.48854880217670227,0.9021779682550446,0.5999655228143295,0.0,0.0,0.0,0.0,0.0,0.0,0,0.0,0.0,0,0,0,0,0,0,0,0,0,0,0,0,0
1,838.791,83,3.462299037486416,-2.990590630586983,0.01767619542653489,0.4333679370851564,1.2071968525328411,0.47611865826803085,0.9065952109055451,0.4614043454819282,0.5371051624493742,52.6548,67.4476,320.341,0,1,0,0,0,0,0,0,0,0,0.0,0.0,0.0,0.0,0.0,0.0,0.0,0.0,0.0,0.0,55.15115000000001,23.5949,322.9261,0.4800743288283937,0.9065952109055451,0.633060223631883,0.0,0.0,0.0,0.0,0.0,0.0,0,0.0,0.0,0,0,0,0,0,0,0,0,0,0,0,0,0
1,839.796,83,0.0,-3.445073669140713,0.0,0.01767619542653489,1.2568253098058326,0.4953412277159059,0.9134334304226129,0.48340275789516884,0.6564385228883853,67.4476,67.4485,320.348,0,1,0,0,0,0,0,0,0,0,0.0,0.0,0.0,0.0,0.0,0.0,0.0,0.0,0.0,0.0,58.57814,23.5949,322.14939999999996,0.4662042313373428,0.9134334304226129,0.6311998385744477,0.0,0.0,0.0,0.0,0.0,0.0,0,0.0,0.0,0,0,0,0,0,0,0,0,0,0,0,0,0
1,840.8,84,2.4498828080134025,2.4401223187384486,0.5803947151297939,0.5803947151297939,0.28198217356529376,0.5253859719030345,0.9015616555262563,0.5071642054297436,0.6788010918015374,67.4476,101.22,320.643,0,1,0,0,0,0,0,0,0,0,0.0,0.0,0.0,0.0,0.0,0.0,0.0,0.0,0.0,0.0,65.6251,23.5949,321.5062,0.5198369818939064,0.9015616555262563,0.6797759335527922,0.0,0.0,0.0,0.0,0.0,0.0,0,0.0,0.0,0,0,0,0,0,0,0,0,0,0,0,0,0
1,841.795,84,0.20101067831319416,-2.2601729946735762,1.3048936919826657e-06,0.5803934102361019,0.2830557632332243,0.5209548342994572,0.9084807562561779,0.5305614950527017,0.7012676488824905,67.4476,101.242,320.679,0,1,0,0,0,0,0,0,0,0,0.0,0.0,0.0,0.0,0.0,0.0,0.0,0.0,0.0,0.0,73.38981,30.7828,320.8827,0.5073443865476317,0.9084807562561779,0.7297292696971743,0.0,0.0,0.0,0.0,0.0,0.0,0,0.0,0.0,0,0,0,0,0,0,0,0,0,0,0,0,0
1,842.791,84,0.0,-0.20181795011364875,0.0,1.3048936919826657e-06,0.2576976902585629,0.47858661726533064,0.9150328730474496,0.5500565282749894,0.7233172560416578,67.4476,101.242,320.678,0,1,0,0,0,0,0,0,0,0,0.0,0.0,0.0,0.0,0.0,0.0,0.0,0.0,0.0,0.0,80.43573,31.1004,320.5705,0.4951294777665618,0.9150328730474496,0.7294515831319696,0.0,0.0,0.0,0.0,0.0,0.0,0,0.0,0.0,0,0,0,0,0,0,0,0,0,0,0,0,0
1,843.804,84,0.0,0.0,0.0,0.0,0.2595602614714329,0.4582958730755404,0.9150331396229517,0.5657048566522136,0.7432001708579457,67.4485,101.241,320.668,0,1,0,0,0,0,0,0,0,0,0.0,0.0,0.0,0.0,0.0,0.0,0.0,0.0,0.0,0.0,87.44979000000001,52.6548,320.5747,0.495129034379658,0.9150331396229517,0.7172371177378035,0.0,0.0,0.0,0.0,0.0,0.0,0,0.0,0.0,0,0,0,0,0,0,0,0,0,0,0,0,0
1,844.798,84,0.0,0.0,0.0,0.0,0.2595602614714329,0.45870047239149775,0.9281201925698539,0.5769944213198851,0.7545239304670944,101.22,101.241,320.674,0,1,0,0,0,0,0,0,0,0,0.0,0.0,0.0,0.0,0.0,0.0,0.0,0.0,0.0,0.0,92.30841000000001,67.4476,320.8284,0.4573618247002938,0.9281201925698539,0.6794703514453431,0.0,0.0,0.0,0.0,0.0,0.0,0,0.0,0.0,0,0,0,0,0,0,0,0,0,0,0,0,0
1,845.796,84,0.10020120240196774,0.10040200641479734,0.01226739910874668,0.01226739910874668,0.005486001800338949,0.4670667092958906,0.24947753214890844,0.5791758105288428,0.626895087907194,100.536,100.536,320.655,0,1,0,0,0,0,0,0,0,0,0.0,0.0,0.0,0.0,0.0,0.0,0.0,0.0,0.0,0.0,90.23391000000001,67.4476,320.92099999999994,0.15800925556179427,0.24947753214890844,0.41788499198620765,0.0,0.0,0.0,0.0,0.0,0.0,0,0.0,0.0,0,0,0,0,0,0,0,0,0,0,0,0,0
1,846.8,84,0.0008964143426309314,-0.0989091514535227,0.01579392327799193,0.0035265241692452494,0.007785395471378541,0.4666560938195636,0.217301645556468,0.5760587884214634,0.5029502821090359,99.6208,99.6208,320.64,0,1,0,0,0,0,0,0,0,0,0.0,0.0,0.0,0.0,0.0,0.0,0.0,0.0,0.0,0.0,90.91092,67.4476,320.6985,0.10771776703484506,0.217301645556468,0.1695292162085063,0.0,0.0,0.0,0.0,0.0,0.0,0,0.0,0.0,0,0,0,0,0,0,0,0,0,0,0,0,0
1,847.802,84,0.0,-0.0008946250924460393,0.0,0.01579392327799193,0.007785395471378541,0.4666560938195636,0.18207632392612136,0.5685717564521056,0.3826935105081717,99.6199,99.6199,320.637,0,1,0,0,0,0,0,0,0,0,0.0,0.0,0.0,0.0,0.0,0.0,0.0,0.0,0.0,0.0,94.08588,67.4476,320.5963,0.06261335378367594,0.18207632392612136,0.16434214093272623,0.0,0.0,0.0,0.0,0.0,0.0,0,0.0,0.0,0,0,0,0,0,0,0,0,0,0,0,0,0
1,848.807,84,0.0,0.0,0.0,0.0,0.007785395471378541,0.48037525055096114,0.18264596254089135,0.5582524115163541,0.2627523648020254,99.6199,99.62,320.645,0,1,0,0,0,0,0,0,0,0,0.0,0.0,0.0,0.0,0.0,0.0,0.0,0.0,0.0,0.0,97.30312,67.4485,320.62669999999997,0.06084573424102245,0.18264596254089135,0.12100534722421061,0.0,0.0,0.0,0.0,0.0,0.0,0,0.0,0.0,0,0,0,0,0,0,0,0,0,0,0,0,0
1,849.807,84,1.8439253889456981,1.8439253889456981,0.19393543464403212,0.19393543464403212,0.08389633168013896,0.4615525460462577,0.1857374187123601,0.5461189879550028,0.14545946698945603,99.6199,110.416,320.051,0,1,0,0,0,0,0,0,0,0,0.0,0.0,0.0,0.0,0.0,0.0,0.0,0.0,0.0,0.0,101.59987,99.6199,320.597,0.08023927770542566,0.1857374187123601,0.13863127114596036,0.0,0.0,0.0,0.0,0.0,0.0,0,0.0,0.0,0,0,0,0,0,0,0,0,0,0,0,0,0
1,850.809,85,3.0534187727408995,1.2070792253445124,0.022649401654159514,0.1712860329898726,0.08302622874419927,0.38890092459286923,0.06012823995189154,0.5307155660295605,0.1255638725073466,99.6199,108.599,318.985,0,1,0,0,0,0,0,0,0,0,0.0,0.0,0.0,0.0,0.0,0.0,0.0,0.0,0.0,0.0,102.33777,99.6199,320.4312,0.024464746357862225,0.06012823995189154,0.0977204029319682,0.0,0.0,0.0,0.0,0.0,0.0,0,0.0,0.0,0,0,0,0,0,0,0,0,0,0,0,0,0
1,851.809,85,2.8915901524951857,-0.16182862024571376,0.0034305462389401507,0.019218855415219362,0.08434210565127577,0.3204603781226685,0.05998282049809651,0.5136147081012181,0.10569250674915172,99.6199,107.902,318.081,0,1,0,0,0,0,0,0,0,0,0.0,0.0,0.0,0.0,0.0,0.0,0.0,0.0,0.0,0.0,103.00377,99.6199,320.1714,0.02480767049238704,0.05998282049809651,0.04160294744987995,0.0,0.0,0.0,0.0,0.0,0.0,0,0.0,0.0,0,0,0,0,0,0,0,0,0,0,0,0,0
1,852.806,85,3.015260025602244,0.12404199910437134,1.4945999191421922e-08,0.0034305312929409594,0.08434210370186432,0.281497055581085,0.059982819811278884,0.4943679800510804,0.08835694809348187,99.62,107.441,316.589,0,1,0,0,0,0,0,0,0,0,0.0,0.0,0.0,0.0,0.0,0.0,0.0,0.0,0.0,0.0,103.62367000000002,99.6199,319.7625,0.02480767198698696,0.059982819811278884,0.04194587008980484,0.0,0.0,0.0,0.0,0.0,0.0,0,0.0,0.0,0,0,0,0,0,0,0,0,0,0,0,0,0
1,853.809,85,0.3153197675783737,-2.691864664031775,1.4856591419588892e-08,8.940777183303037e-11,0.08434210176411418,0.2963768493692197,0.059982819128569786,0.4729795739172613,0.07083513212274999,107.372,107.372,316.472,0,1,0,0,0,0,0,0,0,0,0.0,0.0,0.0,0.0,0.0,0.0,0.0,0.0,0.0,0.0,104.23677,99.6199,319.3429,0.0248076734726461,0.059982819128569786,0.041945870098745626,0.0,0.0,0.0,0.0,0.0,0.0,0,0.0,0.0,0,0,0,0,0,0,0,0,0,0,0,0,0
1,854.816,85,0.7231474159815972,0.40499269950667677,0.004794076191212109,0.004794061334620689,0.009448621177603611,0.32928264585569444,0.059781335262458095,0.4496662557900389,0.04582396809336707,107.372,107.687,315.779,0,1,0,0,0,0,0,0,0,0,0.0,0.0,0.0,0.0,0.0,0.0,0.0,0.0,0.0,0.0,104.88136999999999,99.6199,318.85339999999997,0.025287081091767312,0.059781335262458095,0.042425276232207695,0.0,0.0,0.0,0.0,0.0,0.0,0,0.0,0.0,0,0,0,0,0,0,0,0,0,0,0,0,0
1,855.821,85,1.2589983379390164,0.5331849969725565,0.10050431616929714,0.09571023997808503,0.0440779754206282,0.2432210759545657,0.06400852147470175,0.4286851008265976,0.04968316545539599,107.372,113.412,317.03,0,1,0,0,0,0,0,0,0,0,0.0,0.0,0.0,0.0,0.0,0.0,0.0,0.0,0.0,0.0,106.16897000000002,99.6199,318.4909,0.03411077279782236,0.06400852147470175,0.050769560319141524,0.0,0.0,0.0,0.0,0.0,0.0,0,0.0,0.0,0,0,0,0,0,0,0,0,0,0,0,0,0
1,856.817,85,5.220885002508738,3.9777978559936966,1.54759834583589,1.4470940296665928,0.6816837968656849,0.05629033874560563,0.4821872003070929,0.40682631871716335,0.11707300559482663,107.372,158.509,321.52,0,1,0,0,0,0,0,0,0,0,0.0,0.0,0.0,0.0,0.0,0.0,0.0,0.0,0.0,0.0,112.05779,99.6199,318.5789,0.18729121505361218,0.4821872003070929,0.19512631086887627,0.0,0.0,0.0,0.0,0.0,0.0,0,0.0,0.0,0,0,0,0,0,0,0,0,0,0,0,0,0
1,857.816,85,2.9200325243559617,-2.303155633786563,2.166745306245337,0.6191469604094468,1.0225014511815147,0.3757808756321461,0.7821780447319107,0.4023750246152444,0.21854461116584023,35.321,35.321,321.586,0,1,0,0,0,0,0,0,0,0,0.0,0.0,0.0,0.0,0.0,0.0,0.0,0.0,0.0,0.0,105.6279,35.321,318.6738,0.4039657456781459,0.7821780447319107,0.25546161458202177,0.0,0.0,0.0,0.0,0.0,0.0,0,0.0,0.0,0,0,0,0,0,0,0,0,0,0,0,0,0
1,858.823,85,6.41005237189737,3.4657595308256295,0.39869086573327683,1.76805444051206,0.961776723194032,0.6051446634740766,0.7693551775481228,0.4088263248755467,0.3139437439381056,13.4262,13.4262,317.219,0,1,0,0,0,0,0,0,0,0,0.0,0.0,0.0,0.0,0.0,0.0,0.0,0.0,0.0,0.0,97.00852,13.4262,318.33119999999997,0.4438348322514735,0.7693551775481228,0.43226705863322773,0.0,0.0,0.0,0.0,0.0,0.0,0,0.0,0.0,0,0,0,0,0,0,0,0,0,0,0,0,0
1,859.817,85,6.634863937758143,0.22616857732472156,0.28014813130847,0.11854273442480684,0.9081216676781375,0.582079022461787,0.7667222347409465,0.4131632146128408,0.39636627753790543,4.10346,4.10346,310.763,0,1,1,0,0,0,1,0,1,0,0.0,0.0,0.0,0.0,0.0,0.1,0.1,0.0,0.0,0.0,86.37726599999999,4.10346,317.40240000000006,0.4524561019179173,0.7667222347409465,0.4247277886113053,0.0,0.0,0.1,0.0,0.0,0.0,0,0.0,0.0,0,0,0,0,0,0,0,0,0,0,0,0,0
1,860.818,86,6.72934970268357,0.09439137355187484,0.029235842932232373,0.25091228837623764,0.9241997774835469,0.6308579495199247,0.7663147103086433,0.4184368134936853,0.4804836324118402,4.10346,5.55785,304.186,0,1,0,0,0,0,0,0,0,0,0.0,0.0,0.0,0.0,0.0,0.1,0.1,0.0,0.0,0.0,76.073151,4.10346,315.9225,0.45311474604572466,0.7663147103086433,0.43269041414994175,0.0,0.0,0.1,0.0,0.0,0.0,0,0.0,0.0,0,0,0,0,0,0,0,0,0,0,0,0,0
1,861.823,86,6.554090741883178,-0.17438702567203146,0.35571654977482703,0.32648070684259467,0.8620235109168559,0.6450663696470663,0.7512954814016628,0.42464239026106576,0.5582517729383982,4.10346,16.255,297.564,0,1,0,0,0,0,0,0,0,0,0.0,0.0,0.0,0.0,0.0,0.1,0.1,0.0,0.0,0.0,66.908451,4.10346,313.8708,0.4883433463993133,0.7512954814016628,0.46341659929267925,0.0,0.0,0.1,0.0,0.0,0.0,0,0.0,0.0,0,0,0,0,0,0,0,0,0,0,0,0,0
1,862.827,86,6.6351389987429235,0.08072535543799307,0.26299498094049667,0.09272156883433036,0.14310863487308847,0.6835734697904868,0.7367639562149242,0.4348917328873235,0.5641284260555206,4.10346,31.7733,291.56,0,1,0,0,0,0,0,0,0,0,0.0,0.0,0.0,0.0,0.0,0.1,0.1,0.0,0.0,0.0,59.34168100000001,4.10346,311.3679,0.5146428429987631,0.7367639562149242,0.4723457030468182,0.0,0.0,0.1,0.0,0.0,0.0,0,0.0,0.0,0,0,0,0,0,0,0,0,0,0,0,0,0
1,863.828,86,6.669486784603391,0.03431347238807964,0.419482162428327,0.1564871814878303,0.14816418632729622,0.7026750864418377,0.715851624287271,0.4471106935556384,0.5705106345118389,4.10346,8.39145,284.94,0,1,0,0,0,0,0,0,0,0,0.0,0.0,0.0,0.0,0.0,0.1,0.1,0.0,0.0,0.0,49.443626,4.10346,308.2147,0.5565910577559366,0.715851624287271,0.48799442118666053,0.0,0.0,0.1,0.0,0.0,0.0,0,0.0,0.0,0,0,0,0,0,0,0,0,0,0,0,0,0
1,864.826,86,6.726864262672351,0.05749246299495011,0.10408593026767285,0.31539623216065416,0.16497335102551938,0.7200100785402047,0.7079930183478077,0.46017617386307375,0.5860631074966305,3.8415,3.8415,278.27,0,1,1,0,0,0,1,0,0,0,0.0,0.0,0.0,0.0,0.0,0.2,0.2,0.0,0.0,0.0,39.059076,3.8415,304.4638,0.5665202431635826,0.7079930183478077,0.5190546382692639,0.0,0.0,0.1,0.0,0.0,0.0,0,0.0,0.0,0,0,0,0,0,0,0,0,0,0,0,0,0
1,865.828,86,5.490101595872548,-1.2342940786425185,0.3446084203206095,0.24052249005293666,0.12153964548255618,0.7298578450573848,0.6942143727346243,0.4733157306511484,0.5938092745028232,3.8415,18.2177,272.792,0,1,0,0,0,0,0,0,0,0,0.0,0.0,0.0,0.0,0.0,0.2,0.2,0.0,0.0,0.0,29.539645999999998,3.8415,300.04,0.5909306535787139,0.6942143727346243,0.5335358632767491,0.0,0.0,0.1,0.0,0.0,0.0,0,0.0,0.0,0,0,0,0,0,0,0,0,0,0,0,0,0
1,866.832,86,0.8510761748916298,-4.620543247988962,0.412606745368423,0.0679983250478135,0.1306852752909699,0.7327110153155483,0.6078347826798826,0.4866184767259477,0.5387094223453517,3.8415,41.6397,272.145,0,1,0,0,0,0,0,0,0,0,0.0,0.0,0.0,0.0,0.0,0.2,0.2,0.0,0.0,0.0,17.852715999999997,3.8415,295.1025,0.4774314935319672,0.6078347826798826,0.395626292814871,0.0,0.0,0.1,0.0,0.0,0.0,0,0.0,0.0,0,0,0,0,0,0,0,0,0,0,0,0,0
1,867.827,86,4.928765362827362,4.09818008837762,0.4751237105721996,0.06251696520377659,0.14568728391318245,0.7072088865449191,0.14346269862183428,0.49864611636221545,0.4510280056185185,3.8415,15.5521,268.678,0,1,0,0,0,0,0,0,0,0,0.0,0.0,0.0,0.0,0.0,0.2,0.2,0.0,0.0,0.0,15.875826,3.8415,289.81170000000003,0.3082693339646535,0.14346269862183428,0.3399632932943041,0.0,0.0,0.1,0.0,0.0,0.0,0,0.0,0.0,0,0,0,0,0,0,0,0,0,0,0,0,0
1,868.828,86,6.02922462256568,1.0993598998384795,0.6921715560095162,0.2170478454373166,0.21309418893694793,0.7265764175903311,0.18732790151965875,0.510956174714184,0.37615975219281006,3.8415,25.0144,262.714,0,1,0,0,0,0,0,0,0,0,0.0,0.0,0.0,0.0,0.0,0.2,0.2,0.0,0.0,0.0,17.034646000000002,3.8415,284.3612,0.33761740299227744,0.18732790151965875,0.18486263378682968,0.0,0.0,0.1,0.0,0.0,0.0,0,0.0,0.0,0,0,0,0,0,0,0,0,0,0,0,0,0
1,869.825,86,2.0678255589210948,-3.9733190207067053,0.1922085431795125,0.49996301283000366,0.18349902781817992,0.7345611351373611,0.1923230402785846,0.5246066041687392,0.3036974882068143,15.5521,36.2001,261.15,0,1,0,0,0,0,0,0,0,0,0.0,0.0,0.0,0.0,0.0,0.1,0.1,0.0,0.0,0.0,20.24431,3.8415,279.3999,0.3288234441793817,0.1923230402785846,0.2230046616273494,0.0,0.0,0.0,0.0,0.0,0.0,0,0.0,0.0,0,0,0,0,0,0,0,0,0,0,0,0,0
1,870.834,87,2.1367424738756626,0.06830219519778778,0.9488752276998744,0.7566666845203619,0.2879426702321361,0.7293804248202832,0.24563550006334503,0.5416305791801099,0.24007177748167327,15.5521,91.3706,261.142,0,1,0,0,0,0,0,0,0,0,0.0,0.0,0.0,0.0,0.0,0.1,0.1,0.0,0.0,0.0,28.825585,3.8415,275.0955,0.42078738265614585,0.24563550006334503,0.2735801012417618,0.0,0.0,0.0,0.0,0.0,0.0,0,0.0,0.0,0,0,0,0,0,0,0,0,0,0,0,0,0
1,871.833,87,0.14160145441553554,-1.997138157617745,0.022296691509223893,0.9265785361906506,0.37290736009101305,0.7338964028113366,0.27617927500339806,0.5623023804145432,0.19116016239908895,15.5521,92.6634,261.145,0,1,0,0,0,0,0,0,0,0,0.0,0.0,0.0,0.0,0.0,0.1,0.1,0.0,0.0,0.0,36.466425,3.8415,271.45359999999994,0.38744539682958556,0.27617927500339806,0.3335898841765674,0.0,0.0,0.0,0.0,0.0,0.0,0,0.0,0.0,0,0,0,0,0,0,0,0,0,0,0,0,0
1,872.833,87,2.6267134617239365,2.485112007308401,0.14345046141972304,0.12115376991049914,0.3994630080597325,0.7269708648341343,0.28462284220595696,0.5845760708771957,0.21679559971775336,25.0144,101.45,260.761,0,1,0,0,0,0,0,0,0,0,0.0,0.0,0.0,0.0,0.0,0.1,0.1,0.0,0.0,0.0,43.434095,3.8415,268.3737,0.37549094487750817,0.28462284220595696,0.33643310428418427,0.0,0.0,0.0,0.0,0.0,0.0,0,0.0,0.0,0,0,0,0,0,0,0,0,0,0,0,0,0
1,873.836,87,3.19953150568077,0.571104729767531,0.45803082413173163,0.3145803627120086,0.369197893118937,0.7097870385448726,0.2855444050430218,0.6052465803359783,0.23889897039691746,36.2001,128.325,260.844,0,1,0,0,0,0,0,0,0,0,0.0,0.0,0.0,0.0,0.0,0.1,0.1,0.0,0.0,0.0,55.42745,3.8415,265.9641,0.37934581104784865,0.2855444050430218,0.3522424224066021,0.0,0.0,0.0,0.0,0.0,0.0,0,0.0,0.0,0,0,0,0,0,0,0,0,0,0,0,0,0
1,874.836,87,3.839322856963914,0.6397913512831441,1.0990931927736178,0.6410623686418861,0.4773865558394507,0.6839990282727177,0.3459423220314153,0.6229823994568295,0.27014029087831054,91.3706,167.877,261.184,0,1,0,0,0,0,0,0,0,0,0.0,0.0,0.0,0.0,0.0,0.0,0.0,0.0,0.0,0.0,71.83099999999999,15.5521,264.25550000000004,0.4788465372984431,0.3459423220314153,0.3848090360547253,0.0,0.0,0.0,0.0,0.0,0.0,0,0.0,0.0,0,0,0,0,0,0,0,0,0,0,0,0,0
1,875.834,87,2.3409011841909964,-1.501424521816551,1.071629742222484,0.02746345055113375,0.506314253825744,0.6612307281667484,0.38838710175583213,0.6438828820674386,0.30861775171262934,92.6634,107.006,263.34,0,1,0,0,0,0,0,0,0,0,0.0,0.0,0.0,0.0,0.0,0.0,0.0,0.0,0.0,0.0,80.70983,15.5521,263.3103,0.5515486694886306,0.38838710175583213,0.363503132104545,0.0,0.0,0.0,0.0,0.0,0.0,0,0.0,0.0,0,0,0,0,0,0,0,0,0,0,0,0,0
1,876.834,87,1.5231546244552514,-0.817746559735745,0.3432384994029062,0.7283912428195779,0.4368587931950521,0.7216389125350765,0.39174934455319776,0.6771503107569121,0.3392351035030376,87.6979,87.6979,263.436,0,1,0,0,0,0,0,0,0,0,0.0,0.0,0.0,0.0,0.0,0.0,0.0,0.0,0.0,0.0,85.31565,15.5521,262.4394,0.5446118448920789,0.39174934455319776,0.4295424238817215,0.0,0.0,0.0,0.0,0.0,0.0,0,0.0,0.0,0,0,0,0,0,0,0,0,0,0,0,0,0
1,877.831,87,1.5858965228141042,0.06293069043014322,0.4609589639720842,0.11772046456917801,0.3672374577142752,0.7279471192558999,0.39205400425778547,0.6947586229380999,0.36139012088314687,87.6979,114.301,262.636,0,1,0,1,0,0,0,0,0,0,0.0,0.0,0.0,0.0,0.0,0.0,0.0,0.0,0.0,0.0,95.19054,25.0144,261.8352,0.5431953702320673,0.39205400425778547,0.4350627738182616,0.0,0.0,0.0,0.0,0.0,0.0,0,0.0,0.0,0,0,0,0,0,0,0,0,0,0,0,0,0
1,878.835,87,0.0,-1.5795782099742073,0.0,0.4609589639720842,0.4787122594593817,0.7213036076751431,0.4227310992304111,0.7005665701481532,0.3879519279353902,87.6979,114.3,262.629,0,1,0,1,0,0,0,0,0,0,0.0,0.0,0.0,0.0,0.0,0.0,0.0,0.0,0.0,0.0,104.1191,36.2001,261.82669999999996,0.4739782146311158,0.4227310992304111,0.45945388567173834,0.0,0.0,0.0,0.0,0.0,0.0,0,0.0,0.0,0,0,0,0,0,0,0,0,0,0,0,0,0
1,879.839,87,0.0,0.0,0.05590698312650647,0.05590698312650647,0.42880424844551485,0.6951344038912403,0.43484937821982456,0.7062193392196259,0.4124824499981237,87.6979,111.087,262.633,0,1,0,0,0,0,0,0,0,0,0.0,0.0,0.0,0.0,0.0,0.0,0.0,0.0,0.0,0.0,111.60779,87.6979,261.975,0.4603480586258152,0.43484937821982456,0.4150482827013887,0.0,0.0,0.0,0.0,0.0,0.0,0,0.0,0.0,0,0,0,0,0,0,0,0,0,0,0,0,0
1,880.844,88,1.396583968483105,1.3896357895354279,1.054417577099608,0.9985105939731016,0.4219416238731245,0.6408272750591472,0.4490720945272721,0.7067178054965869,0.4258823453622226,50.6869,50.6869,263.431,0,1,0,0,0,0,0,0,0,0,0.0,0.0,0.0,0.0,0.0,0.0,0.0,0.0,0.0,0.0,107.53941999999999,50.6869,262.20390000000003,0.47090229356578855,0.4490720945272721,0.43923267364666263,0.0,0.0,0.0,0.0,0.0,0.0,0,0.0,0.0,0,0,0,0,0,0,0,0,0,0,0,0,0
1,881.844,88,2.66270539301726,1.266121424534155,2.0697697560279544,1.0153521789283464,0.8602177383087415,0.5331571301959451,0.6455753072586329,0.7011223435240309,0.4746133831839954,50.6869,169.074,266.042,0,1,0,0,0,0,0,0,0,0,0.0,0.0,0.0,0.0,0.0,0.0,0.0,0.0,0.0,0.0,115.18047999999999,50.6869,262.6936,0.6756496000176616,0.6455753072586329,0.4481100379204322,0.0,0.0,0.0,0.0,0.0,0.0,0,0.0,0.0,0,0,0,0,0,0,0,0,0,0,0,0,0
1,882.846,88,0.6311931536309576,-2.0274573247368286,0.8132826528807162,1.2564871031472382,0.8471843970736839,0.4628631444692542,0.6183981739338945,0.6900868272579693,0.5193855220853906,50.6869,143.829,266.486,0,1,0,0,0,0,0,0,0,0,0.0,0.0,0.0,0.0,0.0,0.0,0.0,0.0,0.0,0.0,119.41838,50.6869,263.2661,0.7426328191637609,0.6183981739338945,0.561643371244106,0.0,0.0,0.0,0.0,0.0,0.0,0,0.0,0.0,0,0,0,0,0,0,0,0,0,0,0,0,0
1,883.848,88,0.0,-0.6299332870568439,1.4871418357133389e-08,0.8132826380092979,0.8471843935687102,0.3893764758246934,0.657543634203567,0.6744218967271121,0.5671841721303679,50.6869,143.831,266.48,0,1,0,1,1,0,0,0,0,0,0.0,0.0,0.0,0.0,0.0,0.0,0.0,0.0,0.0,0.0,120.96897999999999,50.6869,263.8297,0.6968297382377295,0.657543634203567,0.611513598773835,0.0,0.0,0.0,0.0,0.0,0.0,0,0.0,0.0,0,0,0,0,0,0,0,0,0,0,0,0,0
1,884.844,88,0.0,0.0,1.4961005214706483e-08,8.958685757309424e-11,0.8597147663923783,0.29346766188958495,0.6744732819821582,0.6530947758945811,0.6054169931856606,50.6869,143.829,266.492,0,1,0,0,0,0,0,0,0,0,0.0,0.0,0.0,0.0,0.0,0.0,0.0,0.0,0.0,0.0,118.56418,50.6869,264.3605,0.5869204204564683,0.6744732819821582,0.5474073619186051,0.0,0.0,0.0,0.0,0.0,0.0,0,0.0,0.0,0,0,0,0,0,0,0,0,0,0,0,0,0
1,885.844,88,0.0,0.0,1.4901161193847656e-08,5.984402085882667e-11,0.9059493951587733,0.20149037428874464,0.6740360426871772,0.6266764023561491,0.6453805073189636,143.829,143.829,266.489,0,1,0,0,0,0,0,0,0,0,0.0,0.0,0.0,0.0,0.0,0.0,0.0,0.0,0.0,0.0,122.24648000000002,50.6869,264.67539999999997,0.47975744772433604,0.6740360426871772,0.5446610168694761,0.0,0.0,0.0,0.0,0.0,0.0,0,0.0,0.0,0,0,0,0,0,0,0,0,0,0,0,0,0
1,886.841,88,0.0,0.0,1.4945999191421922e-08,4.483799757426577e-11,0.36371105268014847,0.18229176700500607,0.6903034587859453,0.599155439940622,0.6380657332674733,143.829,143.83,266.482,0,1,0,1,1,0,0,0,0,0,0.0,0.0,0.0,0.0,0.0,0.0,0.0,0.0,0.0,0.0,127.85969,50.6869,264.98,0.44543359927864545,0.6903034587859453,0.4718218925920021,0.0,0.0,0.0,0.0,0.0,0.0,0,0.0,0.0,0,0,0,0,0,0,0,0,0,0,0,0,0
1,887.857,88,0.0,0.0,1.4666497238039032e-08,2.7950195338288986e-10,1.1878674237786076e-10,0.23769726671185498,0.7043982075316038,0.5756798589489688,0.6013419875079243,143.829,143.83,266.487,0,1,0,1,1,0,0,0,0,0,0.0,0.0,0.0,0.0,0.0,0.0,0.0,0.0,0.0,0.0,130.81259,50.6869,265.3651,0.3993377043480867,0.7043982075316038,0.46004984616303457,0.0,0.0,0.0,0.0,0.0,0.0,0,0.0,0.0,0,0,0,0,0,0,0,0,0,0,0,0,0
1,888.854,88,0.36164004768825286,0.3627282323854091,0.07560518921586747,0.07560517454937023,0.033811661858213285,0.2971269930532013,0.7000279389456,0.5542073877221123,0.5568519277478075,139.596,139.596,266.724,0,1,0,0,0,0,0,0,0,0,0.0,0.0,0.0,0.0,0.0,0.0,0.0,0.0,0.0,0.0,133.34219000000002,50.6869,265.7746,0.4068982232696734,0.7000279389456,0.42151446722076313,0.0,0.0,0.0,0.0,0.0,0.0,0,0.0,0.0,0,0,0,0,0,0,0,0,0,0,0,0,0
1,889.85,88,0.41396642827459973,0.05253652669311934,0.050930223704457205,0.02467496551141026,0.03573439493453194,0.30681608671108884,0.7003069110503235,0.5328201353007986,0.5175449423967092,136.622,136.622,266.36,0,1,0,1,1,0,0,0,0,0,0.0,0.0,0.0,0.0,0.0,0.0,0.0,0.0,0.0,0.0,135.89569,50.6869,266.1473,0.40640054732746844,0.7003069110503235,0.41839126545925354,0.0,0.0,0.0,0.0,0.0,0.0,0,0.0,0.0,0,0,0,0,0,0,0,0,0,0,0,0,0
1,890.853,89,0.0,-0.41272824354396787,0.0,0.050930223704457205,0.03573439757278077,0.2860970860689174,0.6706484108091304,0.5106559683632304,0.47892421976667476,136.622,136.623,266.357,0,1,0,1,1,0,0,0,0,0,0.0,0.0,0.0,0.0,0.0,0.0,0.0,0.0,0.0,0.0,144.48930000000001,136.622,266.43989999999997,0.30095878961750766,0.6706484108091304,0.32363322843238906,0.0,0.0,0.0,0.0,0.0,0.0,0,0.0,0.0,0,0,0,0,0,0,0,0,0,0,0,0,0
1,891.846,89,0.6125642024473723,0.6168823791010799,0.06774773774593333,0.06774773774593333,0.03657389310116647,0.3032742140849423,0.2522806113878162,0.48912485892691066,0.3965598352459173,136.622,140.554,266.842,0,1,0,0,0,0,0,0,0,0,0.0,0.0,0.0,0.0,0.0,0.0,0.0,0.0,0.0,0.0,141.6373,136.622,266.5199,0.10075658778930559,0.2522806113878162,0.22887278431414776,0.0,0.0,0.0,0.0,0.0,0.0,0,0.0,0.0,0,0,0,0,0,0,0,0,0,0,0,0,0
1,892.852,89,0.3143417157236465,-0.29644382378103956,0.0400499184483519,0.02769781929758143,0.029670637018060737,0.3278317138589742,0.03164487328662673,0.4691679013781527,0.31480845924035505,136.622,138.209,266.631,0,1,0,1,1,0,0,0,0,0,0.0,0.0,0.0,0.0,0.0,0.0,0.0,0.0,0.0,0.0,141.0753,136.622,266.5344,0.023433314346069153,0.03164487328662673,0.10599385592918206,0.0,0.0,0.0,0.0,0.0,0.0,0,0.0,0.0,0,0,0,0,0,0,0,0,0,0,0,0,0
1,893.861,89,0.0,-0.31153787484999657,0.0,0.0400499184483519,0.030613443340171367,0.43011175378284755,0.03164487451022845,0.45518413714005146,0.2331513642175011,136.622,138.211,266.62,0,1,0,0,0,0,0,0,0,0,0.0,0.0,0.0,0.0,0.0,0.0,0.0,0.0,0.0,0.0,140.51330000000002,136.622,266.5484,0.02343331285892732,0.03164487451022845,0.02867058397308747,0.0,0.0,0.0,0.0,0.0,0.0,0,0.0,0.0,0,0,0,0,0,0,0,0,0,0,0,0,0
1,894.86,89,0.0,0.0,0.0,0.0,0.03110339612170644,0.6572371559391471,0.031644875741201145,0.4538460435233729,0.15029022719043394,136.623,138.21,266.627,0,1,0,0,0,0,0,0,0,0,0.0,0.0,0.0,0.0,0.0,0.0,0.0,0.0,0.0,0.0,139.9514,136.622,266.5619,0.023433311362826798,0.031644875741201145,0.028670583964128794,0.0,0.0,0.0,0.0,0.0,0.0,0,0.0,0.0,0,0,0,0,0,0,0,0,0,0,0,0,0
1,895.862,89,0.0,0.0,0.0,0.0,0.03110339612170644,0.6058557568474026,0.03164487696724982,0.4510772949574056,0.06280562728672726,138.209,138.21,266.618,0,1,0,0,0,0,0,0,0,0,0.0,0.0,0.0,0.0,0.0,0.0,0.0,0.0,0.0,0.0,139.3895,136.622,266.57480000000004,0.023433309872710677,0.03164487696724982,0.02867058395814439,0.0,0.0,0.0,0.0,0.0,0.0,0,0.0,0.0,0,0,0,0,0,0,0,0,0,0,0,0,0
1,896.854,89,0.0,0.0,0.0,0.0,0.017910868028767547,0.5668839953680276,0.03164487819698757,0.4433395490990531,0.02822560882158917,138.209,138.209,266.621,0,1,0,0,0,0,0,0,0,0,0.0,0.0,0.0,0.0,0.0,0.0,0.0,0.0,0.0,0.0,138.8274,136.622,266.58869999999996,0.023433308378110758,0.03164487819698757,0.028670583953660587,0.0,0.0,0.0,0.0,0.0,0.0,0,0.0,0.0,0,0,0,0,0,0,0,0,0,0,0,0,0
1,897.854,89,0.0,0.0,0.0,0.0,0.0,0.6787980715677178,0.031644879403728156,0.44088209671464396,0.028225608809710496,138.209,138.21,266.62,0,1,0,0,0,0,0,0,0,0,0.0,0.0,0.0,0.0,0.0,0.0,0.0,0.0,0.0,0.0,138.26540000000003,136.622,266.602,0.023433306911461033,0.031644879403728156,0.02867058392571039,0.0,0.0,0.0,0.0,0.0,0.0,0,0.0,0.0,0,0,0,0,0,0,0,0,0,0,0,0,0
1,898.855,89,0.0,0.0,0.0,0.0,0.0,0.6787980715677178,0.026390624678458957,0.4387568199092728,0.02484444262388917,138.209,138.21,266.624,0,1,0,0,0,0,0,0,0,0,0.0,0.0,0.0,0.0,0.0,0.0,0.0,0.0,0.0,0.0,138.1268,136.622,266.592,0.015872787989874286,0.026390624678458957,0.02111006647077337,0.0,0.0,0.0,0.0,0.0,0.0,0,0.0,0.0,0,0,0,0,0,0,0,0,0,0,0,0,0
1,899.856,89,0.0,0.0,0.0,0.0,0.0,0.6787980715677178,0.023644868997791058,0.4379400032930967,0.021271003130435978,138.208,138.208,266.633,0,1,0,0,0,0,0,0,0,0,0.0,0.0,0.0,0.0,0.0,0.0,0.0,0.0,0.0,0.0,138.2854,136.623,266.61929999999995,0.010779765619428566,0.023644868997791058,0.018642569919632344,0.0,0.0,0.0,0.0,0.0,0.0,0,0.0,0.0,0,0,0,0,0,0,0,0,0,0,0,0,0
1,900.858,90,0.0,0.0,0.0,0.0,0.0,0.6570302975616867,0.023644868997791058,0.4387501544182236,0.0176975633731579,138.208,138.211,266.62,0,1,0,0,0,0,0,0,0,0,0.0,0.0,0.0,0.0,0.0,0.0,0.0,0.0,0.0,0.0,138.4442,138.208,266.6456,0.010779765619428566,0.023644868997791058,0.013549547549186622,0.0,0.0,0.0,0.0,0.0,0.0,0,0.0,0.0,0,0,0,0,0,0,0,0,0,0,0,0,0
1,901.852,90,0.0,0.0,0.0,0.0,0.0,0.27483281159919315,0.012664896240039275,0.425833938488386,0.014040174063041252,138.208,138.21,266.627,0,1,0,0,0,0,0,0,0,0,0.0,0.0,0.0,0.0,0.0,0.0,0.0,0.0,0.0,0.0,138.2098,138.208,266.6241,0.004004991844835234,0.012664896240039275,0.006774773774593288,0.0,0.0,0.0,0.0,0.0,0.0,0,0.0,0.0,0,0,0,0,0,0,0,0,0,0,0,0,0
1,902.867,90,0.0,0.0,0.0,0.0,0.0,0.13173723823531688,0.0,0.40927764317668913,0.01107311036123518,138.208,138.21,266.619,0,1,0,0,0,0,0,0,0,0,0.0,0.0,0.0,0.0,0.0,0.0,0.0,0.0,0.0,0.0,138.2099,138.208,266.6229,0.0,0.0,0.004004991844835146,0.0,0.0,0.0,0.0,0.0,0.0,0,0.0,0.0,0,0,0,0,0,0,0,0,0,0,0,0,0
1,903.863,90,0.0,0.0,0.0,0.0,0.0,0.13173723823531688,0.0,0.39639568129722036,0.008011766027218042,138.208,138.21,266.619,0,1,0,0,0,0,0,0,0,0,0.0,0.0,0.0,0.0,0.0,0.0,0.0,0.0,0.0,0.0,138.20980000000003,138.208,266.6228,0.0,0.0,0.0,0.0,0.0,0.0,0.0,0.0,0.0,0,0.0,0.0,0,0,0,0,0,0,0,0,0,0,0,0,0
1,904.865,90,0.0,0.0,1.6639802874303047,1.6639802874303047,0.74415460718276,0.13173723823531688,0.5261967689901411,0.3883091601145069,0.0793168871333234,42.7822,42.7822,266.623,0,1,0,0,0,0,0,0,0,0,0.0,0.0,0.0,0.0,0.0,0.0,0.0,0.0,0.0,0.0,128.66702,42.7822,266.6224,0.1663980287430305,0.5261967689901411,0.16639802874303042,0.0,0.0,0.0,0.0,0.0,0.0,0,0.0,0.0,0,0,0,0,0,0,0,0,0,0,0,0,0
1,905.869,90,0.0,0.0,1.1537932652400125,0.5101870221902922,0.792480242189701,0.13173723823531688,0.6060880497508426,0.3848215033118355,0.15545457174012287,23.745,23.745,266.621,0,1,0,0,0,0,0,0,0,0,0.0,0.0,0.0,0.0,0.0,0.0,0.0,0.0,0.0,0.0,117.22052000000001,23.745,266.6227,0.28177735526703174,0.6060880497508426,0.21741673096205966,0.0,0.0,0.0,0.0,0.0,0.0,0,0.0,0.0,0,0,0,0,0,0,0,0,0,0,0,0,0
1,906.876,90,0.0,0.0,1.4797578146819919e-08,1.1537932504424344,0.7924802395589589,0.13173723823531688,0.6060880489864464,0.3822937768733511,0.232911508893142,23.7419,23.7419,266.687,0,1,0,0,0,0,0,0,0,0,0.0,0.0,0.0,0.0,0.0,0.0,0.0,0.0,0.0,0.0,105.77381,23.7419,266.6293,0.28177735674678955,0.6060880489864464,0.3327960560063031,0.0,0.0,0.0,0.0,0.0,0.0,0,0.0,0.0,0,0,0,0,0,0,0,0,0,0,0,0,0
1,907.857,90,0.10193679918487646,0.10391111028020027,1.5189766762331963e-08,3.921886155120436e-10,0.7924802368584926,0.17593918736079428,0.6060880482017911,0.37920587290579805,0.31215953257899126,23.7364,23.7364,266.7,0,1,0,0,0,0,0,0,0,0,0.0,0.0,0.0,0.0,0.0,0.0,0.0,0.0,0.0,0.0,94.32645000000001,23.7364,266.6373,0.2817773582657662,0.6060880482017911,0.332796056045522,0.0,0.0,0.0,0.0,0.0,0.0,0,0.0,0.0,0,0,0,0,0,0,0,0,0,0,0,0,0
