vel_posicao,acel_linear,vel_rotacao,jitter_mira,entropia_mov,eficiencia_trajeto,travado_em_player,perseguindo_player,mirando,alerta_speedhack,alerta_aimbot,alerta_lockon,alerta_esp_player
0.0,0.0,0.0,0.0,0.0,0.0,0.0,0,0,0,0,0,0
0.0,0.0,0.0,0.0,0.0,0.0,0.0,0,0,0,0,0,0
0.0,0.0,0.0,0.0,0.0,0.0,0.0,0,0,0,0,0,0
0.0,0.0,0.0,0.0,0.0,0.0,0.0,0,0,0,0,0,0
0.0,0.0,0.0,0.0,0.0,0.0,0.0,0,0,0,0,0,0
0.0,0.0,0.0,0.0,0.0,0.0,0.0,0,0,0,0,0,0
0.0,0.0,0.0,0.0,0.0,0.0,0.0,0,0,0,0,0,0
0.0,0.0,0.0,0.0,0.0,0.0,0.0,0,0,0,0,0,0
0.0,0.0,0.0,0.0,0.0,0.0,0.0,0,0,0,0,0,0
0.0,0.0,0.0,0.0,0.0,0.0,0.0,0,0,0,0,0,0
0.0,0.0,0.0,0.0,0.0,0.0,0.0,0,0,0,0,0,0
0.0,0.0,0.0,0.0,0.0,0.0,0.0,0,0,0,0,0,0
0.0,0.0,0.0,0.0,0.0,0.0,0.0,0,0,0,0,0,0
0.0,0.0,0.0,0.0,0.0,0.0,0.0,0,0,0,0,0,0
0.0,0.0,0.0,0.0,0.0,0.0,0.0,0,0,0,0,0,0
0.0,0.0,0.0,0.0,0.0,0.0,0.0,0,0,0,0,0,0
0.0,0.0,0.0,0.0,0.0,0.0,0.0,0,0,0,0,0,0
0.0,0.0,9.143232482244912e-07,9.143232482244912e-07,4.0889778728767524e-07,0.0,0.0,0,0,0,0,0,0
0.0,0.0,4.049848731924044e-07,5.093383750320868e-07,4.0369696738740085e-07,0.0,0.0,0,0,0,0,0,0
0.0,0.0,0.0,4.049848731924044e-07,4.0369696738740085e-07,0.0,0.0,0,0,0,0,0,0
0.0,0.0,0.0,0.0,4.0369696738740085e-07,0.0,0.0,0,0,0,0,0,0
0.0,0.0,0.0,0.0,4.0369696738740085e-07,0.0,0.0,0,0,0,0,0,0
0.0,0.0,0.0,0.0,1.8111474126346966e-07,0.0,0.0,0,0,0,0,0,0
0.0,0.0,0.0,0.0,0.0,0.0,0.0,0,0,0,0,0,0
0.0,0.0,0.0,0.0,0.0,0.0,0.0,0,0,0,0,0,0
0.0,0.0,0.0,0.0,0.0,0.0,0.0,0,0,0,0,0,0
0.0,0.0,0.0,0.0,0.0,0.0,0.0,0,0,0,0,0,0
0.0,0.0,0.0,0.0,0.0,0.0,0.0,0,0,0,0,0,0
0.0,0.0,0.0,0.0,0.0,0.0,0.0,0,0,0,0,0,0
0.0,0.0,0.0,0.0,0.0,0.0,0.0,0,0,0,0,0,0
0.0,0.0,0.0,0.0,0.0,0.0,0.0,0,0,0,0,0,0
0.0,0.0,0.0,0.0,0.0,0.0,0.0,0,0,0,0,0,0
0.0,0.0,0.0,0.0,0.0,0.0,0.0,0,0,0,0,0,0
0.0,0.0,0.0,0.0,0.0,0.0,0.0,0,0,0,0,0,0
1.708800749063336,1.708800749063336,0.73691415874807,0.73691415874807,0.32955803050855115,1.0,0.0,0,0,0,0,0,0
1.0049875621119442,-0.7038131869513917,0.5120672085567644,0.22484695019130563,0.35116392620383213,0.9756252719020921,0.0,0,0,0,0,0,0
0.0,-1.0049875621119442,0.0,0.5120672085567644,0.35116392620383213,0.9756252719020921,0.0,0,0,0,0,0,0
0.0,0.0,0.0,0.0,0.35116392620383213,0.9756252719020921,0.0,0,0,0,0,0,0
0.0,0.0,1.2101711348373156,1.2101711348373156,0.5148502872868795,0.9756252719020921,0.0,0,0,0,0,0,0
0.0,0.0,0.0,1.2101711348373156,0.5323311984519591,0.9756252719020921,0.0,0,0,0,0,0,0
0.0,0.0,0.0,0.0,0.5412049843808604,0.9756252719020921,0.0,0,0,0,0,0,0
0.0,0.0,0.0,0.0,0.5412049843808604,0.9756252719020921,0.0,0,0,0,0,0,0
0.0,0.0,0.0,0.0,0.5412049843808604,0.9756252719020921,0.0,0,0,0,0,0,0
0.0,0.0,0.0,0.0,0.0,0.9756252719020921,0.0,0,0,0,0,0,0
0.0,0.0,0.0,0.0,0.0,0.9756252719020921,0.0,0,0,0,0,0,0
0.0,0.0,0.0,0.0,0.0,0.9756252719020921,0.0,0,0,0,0,0,0
0.0,0.0,0.0,0.0,0.0,0.9756252719020921,0.0,0,0,0,0,0,0
0.0,0.0,0.0,0.0,0.0,0.9756252719020921,0.0,0,0,0,0,0,0
0.0,0.0,0.0,0.0,0.0,0.9756252719020921,0.0,0,0,0,0,0,0
0.0,0.0,0.0,0.0,0.0,0.9756252719020921,0.0,0,0,0,0,0,0
0.0,0.0,0.0,0.0,0.0,0.9756252719020921,0.0,0,0,0,0,0,0
0.0,0.0,0.0,0.0,0.0,0.9756252719020921,0.0,0,0,0,0,0,0
0.0,0.0,0.0,0.0,0.0,0.9756252719020921,0.0,0,0,0,0,0,0
0.0,0.0,0.0,0.0,0.0,0.9756252719020921,0.0,0,0,0,0,0,0
0.0,0.0,0.0,0.0,0.0,1.0,0.0,0,0,0,0,0,0
0.0,0.0,0.0,0.0,0.0,0.0,0.0,0,0,0,0,0,0
0.0,0.0,0.0,0.0,0.0,0.0,0.0,0,0,0,0,0,0
0.0,0.0,0.0,0.0,0.0,0.0,0.0,0,0,0,0,0,0
0.0,0.0,0.0,0.0,0.0,0.0,0.0,0,0,0,0,0,0
0.0,0.0,0.0,0.0,0.0,0.0,0.0,0,0,0,0,0,0
0.0,0.0,0.0,0.0,0.0,0.0,0.0,0,0,0,0,0,0
0.0,0.0,0.0,0.0,0.0,0.0,0.0,0,0,0,0,0,0
2.02484567313094,2.02484567313094,0.948059486275515,0.948059486275515,0.4239850916051161,1.0,0.0,0,0,0,0,0,0
3.4058772731848532,1.3810316000539133,0.7470772450110286,0.20098224126448638,0.4696390880183676,0.9802622439602136,0.0,0,0,0,0,0,0
3.4014702703386366,-0.0044070028462166455,0.999762864966627,0.25268561995559846,0.500991571515789,0.9873725470366738,0.0,0,0,0,0,0,0
2.846049894152692,-0.5554203761859444,0.263094374272002,0.736668490694625,0.4403805086335739,0.9765121839855609,0.0,0,0,0,0,0,0
5.374011537018019,2.5279616428653267,0.5751316683012404,0.3120372940292384,0.2999444596115147,0.914703455409934,0.0,0,0,0,0,0,0
1.0630145812735676,-4.310996955744451,2.679294153611057,2.1041624853098164,0.9478349746648626,0.9131560440089862,0.0,0,0,0,0,0,0
4.701063709417302,3.6380491281437344,0.10880464885969367,2.570489504751363,1.038007584855288,0.5745681634036635,0.0,0,0,0,0,0,0
4.804164859785029,0.10310115036772682,0.7568199885490711,0.6480153396893774,1.0393309708005816,0.30069769117805567,0.0,0,0,0,0,0,0
6.525335240429194,1.721170380644165,0.026464581965733563,0.7303554065833375,1.0788873343302985,0.07149660458942243,0.0,0,0,0,0,0,0
6.746851117373858,0.22151587694466368,1.9741050069355115e-06,0.026462607860726628,1.1415968884500312,0.13169017681935494,0.0,0,0,0,0,0,0
6.918092222570828,0.17124110519697044,0.09117001805212252,0.09116804394711558,0.3163331989194744,0.2502388354958129,0.0,0,0,0,0,0,0
6.363961030680214,-0.5541311918906144,0.15803443901182646,0.06686442095970394,0.31367028531714414,0.33153956750699465,0.0,0,0,0,0,0,0
6.64830805543781,0.2843470247575963,0.147255133331892,0.010779305679934459,0.07053013438861434,0.40382323356186245,0.0,0,0,0,0,0,0
6.7268120235376125,0.07850396809980253,0.1611222599723064,0.013867126640414396,0.06846781871371962,0.4605339384765599,0.0,0,0,0,0,0,0
5.162363799655312,-1.5644482238823008,0.2513855819264569,0.09026332195415049,0.05753338716437247,0.49153295880227477,0.0,0,0,0,0,0,0
2.4331050121188693,-2.7292587875364425,0.19069600296575515,0.060689578960701734,0.04215139200085335,0.5073126154781286,0.0,0,0,0,0,0,0
1.4560219778574028,-0.9770830342614665,0.7486925560977297,0.5579965531319745,0.25409329600545005,0.4921601704575779,0.0,0,0,0,0,0,0
0.6082762530302407,-0.8477457248271622,1.2992297044662817,0.550537148368552,0.4920275658316737,0.4896190981798833,0.0,0,0,0,0,0,0
0.5656854249487235,-0.04259082808151715,0.4248462374567028,0.8743834670095789,0.45533563697039237,0.49116012409939375,0.0,0,0,0,0,0,0
0.8246211251230027,0.25893570017427914,0.8428166728590079,0.41797043540230505,0.42336038713736895,0.48863121315936703,0.0,0,0,0,0,0,0
0.0,-0.8246211251230027,0.003912588269395556,0.8389040845896123,0.4836255968726487,0.5262808364537066,0.0,0,0,0,0,0,0
1.31529464379778,1.31529464379778,1.2463506769373343,1.2424380886679387,0.5518382032626071,0.5843612128961887,0.0,0,0,0,0,0,0
1.3928388277177328,0.07754418391995288,0.1031193139537887,1.1432313629835456,0.5198310516670117,0.6412960450383621,0.0,0,0,0,0,0,0
0.5830951894841557,-0.8097436382335771,1.750889886960276,1.6477705730064873,0.7456694504366279,0.7079845047677418,0.0,0,0,0,0,0,0
3.0149626863361947,2.431867496852039,0.31049793678055515,1.4403919501797209,0.7736168132961496,0.7842621964879237,0.0,0,0,0,0,0,0
0.9486832980505138,-2.0662793882856807,1.9445041119958113,1.6340061752152562,0.8323406658861159,0.7948398630425715,0.0,0,0,0,0,0,0
5.966573556071495,5.017890258020981,0.017968201007542817,1.9265359109882685,0.9417649890543881,0.7945691424554191,0.0,0,0,0,0,0,0
4.410215414240402,-1.556358141831093,0.27950528177923206,0.26153708077168925,0.9107381457222844,0.771872818987094,0.0,0,0,0,0,0,0
1.9849433241274443,-2.4252720901129576,0.5578006132275168,0.2782953314482848,0.7635982670635395,0.7517853344347437,0.0,0,0,0,0,0,0
1.118033988750383,-0.8669093353770614,0.25301239641693907,0.3047882168105778,0.7698689827367684,0.7021377216039327,0.0,0,0,0,0,0,0
0.8602325267048547,-0.25780146204552823,2.1239661079075116,1.8709537114905725,0.847841893973759,0.663778588885368,0.0,0,0,0,0,0,0
0.9999999999996362,0.13976747329478145,1.1993453126971418,0.9246207952103698,0.7916621373806881,0.5937446945696212,0.0,0,0,0,0,0,0
4.118252056395118,3.1182520563954816,1.7851782658401547,0.5858329531430129,0.7912096060349879,0.5459494713330691,0.0,0,0,0,0,0,0
6.003332407922084,1.885080351526966,0.01752717863760833,1.7676510872025464,0.9238579386159471,0.5470774836323472,0.0,0,0,0,0,0,0
6.35137780327956,0.3480453953574756,0.03544008012060518,0.017912901482996846,0.9759557225214548,0.6249669287818189,0.0,0,0,0,0,0,0
6.551335741663802,0.1999579383842427,0.3781869547482509,0.34274687462764575,0.7804659246431237,0.6832901281952893,0.0,0,0,0,0,0,0
6.400781202322599,-0.15055453934120333,0.06346157629573489,0.314725378452516,0.757625435039846,0.7647159714274854,0.0,0,0,0,0,0,0
6.536818798160201,0.13603759583760233,0.674502402884566,0.6110408265888311,0.28731601394651796,0.7886324275895074,0.0,0,0,0,0,0,0
6.313477647066017,-0.22334115109418384,0.2672671016063708,0.4072353012781952,0.26079794300974707,0.8176322401886617,0.0,0,0,0,0,0,0
6.519202405202649,0.2057247581366317,8.10061439830978e-05,0.2671860954623877,0.26954778166520055,0.851855337925637,0.0,0,0,0,0,0,0
6.661080993351847,0.14187858814919796,0.06016585138780495,0.06008484524382185,0.27703061906159626,0.8642091315902962,0.0,0,0,0,0,0,0
6.573431371818118,-0.08764962153372924,0.020434583435445575,0.03973126795235937,0.28343496448032646,0.9031084078052999,0.0,0,0,0,0,0,0
0.781024967590945,-5.792406404227173,0.0036741452616961823,0.016760438173749392,0.11264436122123786,0.935709461732929,0.0,0,0,0,0,0,0
0.0,-0.781024967590945,0.0,0.0036741452616961823,0.02563120555685726,0.9360898466094272,0.0,0,0,0,0,0,0
0.0,0.0,0.0,0.0,0.025644493790590712,0.9414221634941882,0.0,0,0,0,0,0,0
0.0,0.0,0.0,0.0,0.008871659705255918,0.9452003659008027,0.0,0,0,0,0,0,0
0.0,0.0,0.0,0.0,0.001643127712695498,0.9412980872033003,0.0,0,0,0,0,0,0
0.0,0.0,0.0,0.0,0.0,0.9374845636381686,0.0,0,0,0,0,0,0
0.0,0.0,0.0,0.0,0.0,0.9369497627741311,0.0,0,0,0,0,0,0
0.0,0.0,0.0,0.0,0.0,0.9692759185352245,0.0,0,0,0,0,0,0
0.0,0.0,0.0,0.0,0.0,0.9689003310375929,0.0,0,0,0,0,0,0
0.0,0.0,0.0,0.0,0.0,0.9991098193669496,0.0,0,0,0,0,0,0
0.0,0.0,0.0,0.0,0.0,0.9991164034537732,0.0,0,0,0,0,0,0
3.2756678708331504,3.2756678708331504,0.10152664751878038,0.10152664751878038,0.045404097075930655,0.9991229291839575,0.0,0,0,0,0,0,0
3.982461550347802,0.7067936795146514,0.2562964560333481,0.15476980851456773,0.11223642328197335,0.999032708886968,0.0,0,0,0,0,0,0
4.1109609582183175,0.12849940787051572,0.206295265031965,0.050001191001383116,0.1171616011663692,0.9970944402496256,0.0,0,0,0,0,0,0
4.143669871020282,0.032708912801964196,0.0004219965762332633,0.20587326845573173,0.11706011618854716,0.9956209968245833,0.0,0,0,0,0,0,0
4.024922359499621,-0.11874751152066043,0.19976016100716043,0.19933816443092717,0.10201288037914963,0.9952664436180773,0.0,0,0,0,0,0,0
3.921734310224245,-0.1031880492753765,0.041447453157314906,0.15831270784984552,0.11256360901250242,0.9937505583314494,0.0,0,0,0,0,0,0
4.130375285613038,0.20864097538879323,0.0034505948799640196,0.03799685827735089,0.10421596717658134,0.9879126898864737,0.0,0,0,0,0,0,0
4.011234224026397,-0.11914106158664062,0.2565176870906807,0.25306709221071666,0.11949407159021402,0.9848343438939196,0.0,0,0,0,0,0,0
3.981205847478374,-0.030028376548023594,0.033953346282383334,0.22256434080829735,0.1132645268827775,0.9870457827252911,0.0,0,0,0,0,0,0
3.8275318418016404,-0.1536740056767334,0.0008196249120466792,0.033133721370336655,0.10733132583923172,0.9893714729067481,0.0,0,0,0,0,0,0
4.123105625617308,0.29557378381566757,0.0,0.0008196249120466792,0.11134658800417074,0.9848302122153827,0.0,0,0,0,0,1,0
4.045985664829295,-0.07711996078801331,0.018502014023568436,0.018502014023568436,0.10966180950861841,0.9815847014573661,0.0,0,0,0,0,0,0
2.7658633371874717,-1.280122327641823,0.06569638883962259,0.04719437481605415,0.027299285564055614,0.9798850703585764,0.0,0,0,0,0,0,0
0.0,-2.7658633371874717,0.0,0.06569638883962259,0.028343424304119666,0.9798850703585764,0.0,0,0,0,0,0,0
0.0,0.0,0.0,0.0,0.028462544776217624,0.9798850703585764,0.0,0,0,0,0,0,0
3.560898762952849,3.560898762952849,0.12960178714709303,0.12960178714709303,0.05548166141061592,0.9735569159944882,0.0,0,0,0,0,0,0
3.538361202590847,-0.02253756036200194,0.15116076374590814,0.021558976598815116,0.07063189054952938,0.9708272675773305,0.0,0,0,0,0,0,0
5.381449618829728,1.843088416238881,0.00032054431448924614,0.1508402194314189,0.07720874496185583,0.9704080622642169,0.0,0,0,0,0,0,0
6.717886572427362,1.3364369535976346,0.07170433452235259,0.07138379020786334,0.07052662609050549,0.9690243895132967,0.0,0,0,0,0,0,0
6.628725367671026,-0.08916120475633615,0.25114949484703697,0.17944516032468438,0.09342901189454418,0.9714744271167586,0.0,0,0,0,0,0,0
6.742403132414819,0.11367776474379276,0.20096577162369092,0.05018372322334605,0.10030981682608872,0.9723627838130233,0.0,0,0,0,0,0,0
6.453681120104035,-0.2887220123107843,0.41597927802883666,0.21501350640514574,0.16192496579179436,0.9720608690899314,0.0,0,0,0,0,0,0
6.868041933477624,0.4143608133735892,0.45798625790414105,0.042006979875304384,0.15861457695595915,0.9730477692451367,0.0,0,0,0,0,0,0
4.675467891024625,-2.192574042452999,0.28373070213560103,0.17425555576854002,0.11006586392882886,0.9739884966930995,0.0,0,0,0,0,0,0
3.4132096331745094,-1.2622582578501156,0.6342252096771106,0.35049450754150957,0.16703461291144725,0.9741676857582923,0.0,0,0,0,0,0,0
6.420280367710982,3.0070707345364722,0.8106025645870083,0.1763773549098977,0.20492997027286233,0.9763878360148937,0.0,0,0,0,0,0,0
6.511528238439101,0.09124787072811902,0.48192029886201215,0.32868226572499615,0.19854389053674734,0.982302938465377,0.0,0,0,0,0,0,0
6.466065264131115,-0.04546297430798596,0.479071195823747,0.0028491030382651328,0.19674972768052107,0.9898978378612524,0.0,0,0,0,0,0,0
6.652818951391691,0.18675368726057595,0.4304916566572605,0.048579539166486496,0.15609744755767463,0.9942594405648623,0.0,0,0,0,0,0,0
6.700746227100029,0.047927275708338435,0.08965092131585817,0.34084073534140236,0.25582312937044965,0.9956977864693988,0.0,0,0,0,0,0,0
6.6468037431545755,-0.053942483945453645,0.01961525706798206,0.0700356642478761,0.2264132214791463,0.995755641341399,0.0,0,0,0,0,0,0
6.71788657242609,0.07108282927151421,2.969566780419708e-05,0.019585561400177864,0.23218511099854022,0.9957793670740654,0.0,0,0,0,0,0,0
6.862215385719603,0.14432881329351321,0.0,2.969566780419708e-05,0.1840319249982233,0.9957785311004567,0.0,0,0,0,0,1,0
5.142956348249516,-1.7192590374700867,0.0,0.0,0.03883596679469561,0.993127755304259,0.0,0,0,0,0,1,0
3.6796738985953534,-1.4632824496541628,0.000700822704740145,0.000700822704740145,0.008695691871314623,0.99328594079361,0.0,0,0,0,0,1,0
3.5846896657862737,-0.09498423280907975,0.25681151748007863,0.2561106947753385,0.11476831825300664,0.9923859614922822,0.0,0,0,0,0,0,0
3.3837848631384246,-0.20090480264784905,0.021787489422372408,0.23502402805770622,0.11272273771792063,0.9918111295692688,0.0,0,0,0,0,0,0
3.4828149534520643,0.09903009031363963,0.05500226242565465,0.03321477300328224,0.10851383838322977,0.9915920086980802,0.0,0,0,0,0,0,0
3.3541019662496847,-0.12871298720237956,0.002368774175669497,0.05263348824998515,0.10815353310286634,0.9896904976805987,0.0,0,0,0,0,0,0
3.342154993414192,-0.01194697283549262,0.013119962420505948,0.010751188244836452,0.10636855401792711,0.9903765120922814,0.0,0,0,0,0,0,0
3.5468295701949013,0.20467457678070922,0.003550086067589997,0.009569876352915951,0.02152712268729684,0.9911175515058545,0.0,0,0,0,0,0,0
6.35137780327956,2.8045482330846583,8.306196099816532e-07,0.0035492554479800154,0.023017142700362852,0.9905960166600377,0.0,0,0,0,0,0,0
6.444377394287396,0.09299959100783628,0.2107691202436447,0.2107682896240347,0.09226531740999547,0.9905550716931361,0.0,0,0,0,0,0,0
3.448187929912637,-2.996189464374759,0.09049732886732909,0.1202717913763156,0.09025144897884911,0.9874987304093696,0.0,0,0,0,0,0,0
1.7888543819998317,-1.6593335479128053,0.4452944548357608,0.3547971259684317,0.18599703929680203,0.9882157034609161,0.0,0,0,0,0,0,0
2.408318915758157,0.6194645337583251,0.1536004577854082,0.2916939970503526,0.16765682674182447,0.946710805616447,0.0,0,0,0,0,0,0
2.886173937931392,0.47785502217323517,1.6948834776311175,1.5412830198457093,0.6708710941390936,0.9395174847076376,0.0,0,0,0,0,0,0
0.9055385138134202,-1.9806354241179718,1.0458304832014316,0.6490529944296859,0.6788474992904359,0.9348640348860164,0.0,0,0,0,0,0,0
1.019803902718343,0.11426538890492277,0.1167130217662653,0.9291174614351663,0.6731755668572011,0.9257533529455518,0.0,0,0,0,0,0,0
0.31622776601568753,-0.7035761367026554,0.137280059329564,0.020567037563298696,0.7141575849489915,0.9168611830465513,0.0,0,0,0,0,0,0
0.28284271247436177,-0.03338505354132576,1.4277314999244215,1.2904514405948575,0.7289862569114466,0.9095553140181389,0.0,0,0,0,0,0,0
1.442220510185293,1.1593777977109312,0.9358022317482023,0.4919292681762192,0.5823089517101036,0.9014762096522824,0.0,0,0,0,0,0,0
0.0,-1.442220510185293,0.0,0.9358022317482023,0.6277582085979323,0.8898679934543201,0.0,0,0,0,0,0,0
0.0,0.0,0.0,0.0,0.6484934355985293,0.8814923372297062,0.0,0,0,0,0,0,0
0.0,0.0,0.0,0.0,0.6702396423426643,0.8724802300212482,0.0,0,0,0,0,0,0
0.0,0.0,0.0,0.0,0.4185034807369982,0.8635297679833005,0.0,0,0,0,0,0,0
0.0,0.0,0.0,0.0,0.0,0.8529324608305074,0.0,0,0,0,0,0,0
0.0,0.0,0.0,0.0,0.0,0.8405745197683853,0.0,0,0,0,0,0,0
0.1000000000003638,0.1000000000003638,0.0694160470094558,0.0694160470094558,0.031043799968492835,0.8278309046431019,0.0,0,0,0,0,0,0
3.847076812333323,3.7470768123329594,0.1543211092874448,0.084905062277989,0.06823109506039332,0.8100062685560502,0.0,0,0,0,0,0,0
3.8470768123354038,2.0805579481475434e-12,0.006921045239799417,0.14740006404764538,0.06715811945347493,0.7979918559330689,0.0,0,0,0,0,0,0
3.5128336140501526,-0.3342431982852512,0.3928646346108735,0.3859435893710741,0.1622251282244602,0.7850649385321611,0.0,0,0,0,0,0,0
6.040695324215456,2.527861710165303,0.3036526987445429,0.08921193586633058,0.16070017214024745,0.784529035565564,0.0,0,0,0,0,0,0
4.8093658625637605,-1.2313294616516952,0.5137269342293416,0.21007423548479864,0.19882834931597415,0.8398542941635716,0.0,0,0,0,0,0,0
3.5014282800023295,-1.307937582561431,0.9042506179345546,0.39052368370521306,0.32714634194118036,0.8677877919051524,0.0,0,0,0,0,0,0
2.751363298439746,-0.7500649815625837,0.40188282765114547,0.5023677902834092,0.23622583138977668,0.9416129345015358,0.0,0,0,0,0,0,0
1.772004514667633,-0.9793587837721127,0.5859535702345964,0.1840707425834509,0.22934635046611418,0.9340227196282531,0.0,0,0,0,0,0,0
0.22360679775079245,-1.5483977169168406,0.05446117904491388,0.5314923911896825,0.30773820630284593,0.9402893791242168,0.0,0,0,0,0,0,0
1.9235384061666616,1.699931608415869,0.08183303863121516,0.027371859586301284,0.35683229752261014,0.9732886673718333,0.0,0,0,0,0,0,0
3.001666203960739,1.0781277977940775,2.3648220858940583,2.282989047262843,0.958167439333952,0.9757361253005882,0.0,0,0,0,0,0,0
4.373785545725291,1.3721193417645523,0.17014925998479646,2.1946728259092616,0.9813820897344164,0.9102586563396307,0.0,0,1,0,0,0,1
1.3152946437975033,-3.0584909019277884,0.01856254249925443,0.15158671748554203,1.0227788684266568,0.8922201193781205,0.0,0,1,0,0,0,1
0.44721359549914447,-0.8680810482983587,0.06651576343338178,0.04795322093412735,1.0213674430639172,0.8744421044427139,0.0,0,1,0,0,0,1
0.0,-0.44721359549914447,0.0,0.06651576343338178,1.0311608928512754,0.8744421044427139,0.0,0,1,0,0,0,1
0.0,0.0,0.0,0.0,0.0719226378856308,0.8744421044427139,0.0,0,1,0,0,0,1
0.4472135955015849,0.4472135955015849,0.04388282700295454,0.04388282700295454,0.029019056296376106,0.8721630489061671,0.0,0,0,0,0,0,0
3.5510561809130023,3.1038425854114173,1.0076400281378213,0.9637572011348667,0.4392284158247976,0.8755629693931442,0.0,0,0,0,0,0,0
4.079215610874442,0.5281594299614398,0.3301906122693026,0.6774494158685187,0.43141150542077056,0.8792052835312365,0.0,0,0,0,0,0,0
6.664082832619087,2.584867221744645,0.5326517437416611,0.20246113147235856,0.4114149417010647,0.8898265063187354,0.0,0,0,0,0,0,0
5.269724850501655,-1.3943579821174321,0.02973612295106265,0.5029156207905985,0.4046560536150646,0.887562590629752,0.0,0,0,0,0,0,0
3.8078865529308077,-1.4618382975708473,0.23918699005357544,0.2094508671025128,0.37106792633438157,0.8878643930173449,0.0,0,0,0,0,0,0
2.912043955713057,-0.8958425972177508,0.7264108571170034,0.4872238670634279,0.2683035851877432,0.8878004251704428,0.0,0,0,0,0,0,0
1.7204650534082293,-1.1915789023048275,0.589050557960672,0.1373602991563314,0.28288571511197363,0.8677348436068346,0.0,0,0,0,0,0,0
0.41231056256326604,-1.3081544908449634,0.3846494312162405,0.20440112674443145,0.2762626398696894,0.850133419766856,0.0,0,0,0,0,0,0
0.22360679775079245,-0.18870376481247358,0.0,0.3846494312162405,0.28620083626043696,0.8354612052100008,0.0,0,0,0,0,0,0
0.0,-0.22360679775079245,0.0,0.0,0.3333665775722628,0.8247199802341199,0.0,0,0,0,0,0,0
0.0,0.0,0.0,0.0,0.27627767326737324,0.8256769400586988,0.0,0,0,0,0,0,0
1.5811388300841898,1.5811388300841898,2.0837491599519367,2.0837491599519367,0.9043460932573285,0.8269295223993557,0.0,0,0,0,0,0,0
2.4698178070465775,0.8886789769623877,0.2068352001413265,1.8769139598106102,0.9131588059419254,0.8305276592325262,0.0,0,0,0,0,0,0
3.214031735998296,0.7442139289517185,2.662468649105801,2.4556334489644747,1.2813063496586201,0.6905833777509506,0.0,0,0,0,0,0,0
6.303173803727585,3.089142067729289,1.104864975914555,1.5576036731912462,1.1569986194048842,0.4839878674476187,0.0,0,0,0,0,0,0
6.7955868032122835,0.4924129994846984,0.030783106622450873,1.0740818692921041,1.1489939824519937,0.34605400941991715,0.0,0,0,0,0,0,0
6.753517601961385,-0.0420692012508983,0.21116414895793456,0.1803810423354837,1.1003019652226758,0.2984189080023506,0.0,0,0,0,0,0,0
6.2128898268043296,-0.5406277751570556,0.0023329808087981796,0.20883116814913638,1.133181374286705,0.32638995281684025,0.0,0,0,0,0,0,0
4.365775990588956,-1.8471138362153736,0.5880540056972965,0.5857210248884983,0.46409301514687074,0.24826639862670027,0.0,0,0,0,0,0,0
3.2756678708306515,-1.0901081197583045,0.6618243811333022,0.07377037543600573,0.30937855738101017,0.2634189902948409,0.0,0,0,0,0,0,0
2.6248809496818084,-0.6507869211488431,0.23022770105432366,0.43159668007897856,0.27738114042254614,0.2731558018610975,0.0,0,0,0,0,0,0
3.5735136770403333,0.9486327273585249,0.1028191924953461,0.12740850855897756,0.29359508579976545,0.3009423550762473,0.0,0,0,0,0,0,0
0.31622776601798835,-3.257285911022345,0.0,0.1028191924953461,0.2942214799703952,0.3802669080209419,0.0,0,0,0,0,0,0
0.0,-0.31622776601798835,0.0,0.0,0.27551511823435787,0.47982303283131716,0.0,0,0,0,0,0,0
0.0,0.0,0.0,0.0,0.10172577600777698,0.5519975981495296,0.0,0,0,0,0,0,0
0.0,0.0,0.0,0.0,0.04598214076224781,0.6210640839231357,0.0,0,0,0,0,0,0
1.7204650534082293,1.7204650534082293,1.2150961375160982,1.2150961375160982,0.5434075125366856,0.6470173648339042,0.0,0,0,0,0,0,0
1.7204650534082293,0.0,0.01644250724324081,1.1986536302728574,0.5416159831337722,0.6697569275291891,0.0,0,0,0,0,0,0
0.6403124237430576,-1.0801526296651716,1.4130067554857035,1.3965642482424627,0.7201723744541609,0.6555122738582225,0.0,0,0,0,0,0,0
3.6055512754638883,2.9652388517208306,0.4429464876351997,0.9700602678505038,0.6638895672215219,0.5728842509708992,0.0,0,0,0,0,0,0
1.8027756377331046,-1.8027756377307838,0.5545514258035387,0.11160493816833894,0.5753585937305903,0.5304621431733781,0.0,0,0,0,0,0,0
3.5171010790138153,1.7143254412807107,0.8435286954894243,0.28897726968588566,0.5179105850814414,0.4835837945888329,0.0,0,0,0,0,0,0
3.9012818406258774,0.38418076161206205,0.8972482630192679,0.053719567529843526,0.37758583175542276,0.4690893271028187,0.0,0,0,0,0,0,0
6.6219332524566905,2.720651411830813,0.47345656357324706,0.4237916994460208,0.21297965582569534,0.3977475714082645,0.0,0,0,0,0,0,0
4.904079934095283,-1.7178533183614073,0.07082893731902606,0.402627626254221,0.33189563194210914,0.3147244988853751,0.0,0,0,0,0,0,0
3.5057096285915588,-1.3983703055037244,0.09018275339010073,0.01935381607107467,0.3954579391000888,0.2855124224846319,0.0,0,0,0,0,0,0
2.451530134425896,-1.0541794941656626,0.23382467442039845,0.14364192103029771,0.3440973949649984,0.30462158320250465,0.0,0,0,0,0,0,0
1.3416407864990605,-1.1098893479268357,1.2503821653534986,1.0165574909331,0.4893065225215145,0.31871439388362705,0.0,0,0,0,0,0,0
1.3038404810412274,-0.03780030545783308,0.19155954099572747,1.058822624357771,0.4983030017334144,0.4510046775105906,0.0,0,0,0,0,0,0
0.6082762530302407,-0.6955642280109867,0.1107795075180299,0.08078003347769758,0.4926478318597965,0.5216547794240296,0.0,0,0,0,0,0,0
0.0,-0.6082762530302407,0.0,0.1107795075180299,0.5071359414996227,0.5132535137011394,0.0,0,0,0,0,0,0
0.0,0.0,0.0,0.0,0.5315623394456791,0.5586887168586205,0.0,0,0,0,0,0,0
0.0,0.0,0.0,0.0,0.08758621036040619,0.5638200619468798,0.0,0,0,0,0,0,0
0.0,0.0,0.0,0.0,0.0495421018648504,0.5638200619468798,0.0,0,0,0,0,0,0
0.0,0.0,0.0,0.0,0.0,0.5638200619468798,0.0,0,0,0,0,0,0
0.0,0.0,0.0,0.0,0.0,0.5638200619468798,0.0,0,0,0,0,0,0
0.0,0.0,0.0,0.0,0.0,0.6374540983072257,0.0,0,0,0,0,0,0
0.0,0.0,0.0,0.0,0.0,0.7128507587184844,0.0,0,0,0,0,0,0
0.0,0.0,0.4136899021264899,0.4136899021264899,0.18500774855201324,0.731194191778869,0.0,0,0,0,0,0,0
2.404163056034988,2.404163056034988,1.2243713601599309,0.8106814580334409,0.5323475422364199,0.6967069565518729,0.0,0,0,0,0,0,0
0.6000000000003638,-1.804163056034624,1.6752215331605866,0.4508501730006558,0.7551528274702384,0.7062913733836848,0.0,0,0,0,0,0,0
3.3015148038449373,2.7015148038445735,1.3665930709843628,0.30862846217622386,0.700699783160971,0.7736876986937814,0.0,0,0,0,0,0,0
3.3241540277177832,0.022639223872845893,1.2228076191575739,0.14378545182678892,0.4666616485178543,0.7680682536765876,0.0,0,0,0,0,0,0
0.7615773105867729,-2.5625767171310105,0.19307556462786513,1.0297320545297088,0.5586554664543858,0.7012022816464079,0.0,0,1,0,0,0,1
0.0,-0.7615773105867729,0.0,0.19307556462786513,0.7470385766895952,0.636594389747452,0.0,0,1,0,0,0,1
1.5811388300833844,1.5811388300833844,0.43314812613276554,0.43314812613276554,0.6163770226391427,0.6218623083030675,0.0,0,0,0,0,0,0
3.6674241641789456,2.086285334095561,0.4776304608106394,0.04448233467787388,0.465191843307274,0.6420841460824614,0.0,0,0,0,0,0,0
3.3955853692708184,-0.2718387949081271,0.6980871807560054,0.22045671994536598,0.26970054172584995,0.6870623860519318,0.0,0,0,0,0,0,0
2.30867927612222,-1.0869060931485985,0.584621456967449,0.11346572378855635,0.2657907424995162,0.6929578459064841,0.0,0,0,0,0,0,0
1.486606874731508,-0.8220724013907119,1.5945297751775285,1.0099083182100794,0.4789485259020023,0.6531548212286704,0.0,0,0,0,0,0,0
1.5811388300841898,0.09453195535268177,0.4610445553491894,1.133485219828339,0.47436458639539497,0.6174082641289366,0.0,0,0,0,0,0,0
1.8999999999996362,0.31886116991544644,1.6555144700819975,1.194469914732808,0.578212944221186,0.5096989303790589,0.0,0,0,0,0,0,0
3.0083217912994136,1.1083217912997774,0.043491903867737935,1.6120225662142595,0.7200267635075457,0.35661630860820787,0.0,0,0,0,0,0,0
0.5656854249500097,-2.442636366349404,1.877142677141608,1.83365077327387,0.8182465968813124,0.3684454776837802,0.0,0,0,0,0,0,0
3.2249030993182917,2.659217674368282,0.7423144499081946,1.1348282272334134,0.7844006803156215,0.4215793336871652,0.0,0,0,0,0,0,0
0.41231056256150134,-2.8125925367567906,0.0,0.7423144499081946,0.8785627008570231,0.41355300346691454,0.0,0,0,0,0,0,0
0.0,-0.41231056256150134,0.0,0.0,0.8152188985692703,0.41355300346691454,0.0,0,0,0,0,0,0
2.7202941017464197,2.7202941017464197,1.6314163304811953,1.6314163304811953,0.8834915938849234,0.3177658014917035,0.0,0,0,0,0,0,0
3.2999999999992724,0.5797058982528527,1.9434959968089454,0.3120796663277501,0.9030555445768501,0.2149531663241727,0.0,0,0,0,0,0,0
3.1622776601683795,-0.13772233983089288,0.8275860137828088,1.1159099830261365,0.900998919887259,0.2685416498028603,0.0,0,0,0,0,0,0
5.23545604508369,2.0731783849153103,0.698986276750678,0.1285997370321308,0.7757492019154131,0.36424855110554755,0.0,0,0,0,0,0,0
4.257933771207497,-0.9775222738761924,0.6519210811222829,0.04706519562839517,0.595155867598314,0.3802204390623472,0.0,0,0,0,0,0,0
0.0,-4.257933771207497,0.0,0.6519210811222829,0.7031178671054216,0.3371769243589783,0.0,0,0,0,0,0,0
0.0,0.0,0.0,0.0,0.402900374545842,0.33870529987103276,0.0,0,0,0,0,0,0
0.0,0.0,0.0,0.0,0.3703352444699143,0.33870529987103276,0.0,0,0,0,0,0,0
0.22360679775079245,0.22360679775079245,0.004854680686196655,0.004854680686196655,0.2910127933942055,0.31353758158690465,0.0,0,0,0,0,0,0
0.9486832980505138,0.7250765002997213,2.6292590485151663,2.6244043678289697,1.175299502727924,0.22891040818696035,0.0,0,0,0,0,0,0
4.472135954999416,3.523452656948902,0.33938628023508194,2.2898727682800843,1.1467202468465818,0.15316170149444788,0.0,0,0,0,0,0,0
6.488451279003306,2.01631532400389,0.12718772916194412,0.21219855107313781,1.1315402762745284,0.23394630999565164,0.0,0,0,0,0,0,0
5.173973328110098,-1.3144779508932078,1.3567392908600902,1.229551561698146,1.1080835749796527,0.29879537878540546,0.0,0,0,0,0,0,0
6.400781202322599,1.2268078742125006,0.4433813173852173,0.9133579734748729,1.0353283229968202,0.3520277430244349,0.0,0,0,0,0,0,0
1.843908891458775,-4.556872310863824,0.22337048423739148,0.22001083314782582,0.4945952366682174,0.3561824797023418,0.0,0,0,0,0,0,0
1.4422205101857977,-0.40168838127297724,0.28052080567061954,0.05715032143322807,0.4999862959347313,0.36724145328214447,0.0,0,0,0,0,0,0
0.1000000000003638,-1.3422205101854339,0.5346744320485919,0.25415362637797234,0.4583021720556698,0.3721532480478179,0.0,0,0,0,0,0,0
3.2310988842809727,3.131098884280609,1.5031740469023531,0.9684996148537612,0.5216302981777792,0.43789836141173943,0.0,0,0,0,0,0,0
3.4014702703386366,0.1703713860576639,1.2504163513553839,0.25275769554696925,0.5834052414340563,0.4696932854602677,0.0,0,0,0,0,0,0
3.328663395419172,-0.07280687491946436,0.9483641154733808,0.30205223588200303,0.5015246897786636,0.4986314399827247,0.0,0,1,0,0,0,1
1.0440306508913686,-2.2846327445278036,0.020106356128545503,0.9282577593448353,0.5883854370810377,0.543153716331857,0.0,0,1,0,0,0,1
0.0,-1.0440306508913686,0.0,0.020106356128545503,0.6985922638248991,0.5419973326045654,0.0,0,1,0,0,0,1
0.0,0.0,0.0,0.0,0.6079983688696401,0.5134525860314125,0.0,0,1,0,0,0,1
0.538516480713045,0.538516480713045,0.051335036282256,0.051335036282256,0.41666335099283,0.603338574938373,0.0,0,0,0,0,0,0
5.1478150704935,4.6092985897804555,0.7984479857395542,0.7471129494572982,0.3497203280460906,0.7692298661957022,0.0,0,0,0,0,0,0
4.031128874149275,-1.1166861963442258,0.3539703201545522,0.444477665585002,0.3448351191772014,0.7649119682354276,0.0,0,0,0,0,0,0
1.746424919657923,-2.2847039544913517,0.34343712628818723,0.010533193866364976,0.3180561467742561,0.7668324351601873,0.0,0,0,0,0,0,0
0.44721359549914447,-1.2992113241587784,0.1385829896374161,0.20485413665077112,0.289066313219688,0.7568328948384341,0.0,0,0,0,0,0,0
3.9051248379547245,3.4579112424555802,0.5820750653308133,0.4434920756933972,0.25307778060689073,0.7629403619484647,0.0,0,0,0,0,0,0
3.606937759374549,-0.2981870785801757,1.4700657417288472,0.8879906763980339,0.5229946327269617,0.7400212411095737,0.0,0,0,0,0,0,0
6.835934464284205,3.228996704909656,0.07259472049095671,1.3974710212378905,0.5664128282222087,0.6130147431468453,0.0,0,0,0,0,0,0
6.31506136153963,-0.5208731027445745,0.05087484084005478,0.021719879650901927,0.6032971852468109,0.6344968722147433,0.0,0,0,0,0,0,0
6.676076692189356,0.36101533064972546,0.07377528164841762,0.022900440808362843,0.612629280482958,0.6095805341221172,0.0,0,0,0,0,0,0
6.676076692189356,0.0,0.0005158998403975712,0.07325938180802005,0.6360160276480854,0.6072511505485145,0.0,0,0,0,0,0,0
6.9065186599324875,0.23044196774313175,0.3771162324209981,0.37660033258060055,0.14951692766340333,0.6174855830810762,0.0,0,0,0,0,0,0
6.702984409948252,-0.20353424998423542,0.14990644850436774,0.22720978391663038,0.1480286145425654,0.6357635676163756,0.0,0,0,0,0,0,0
6.621933252457157,-0.08105115749109526,0.4242246039611518,0.27431815545678406,0.1869173211586174,0.6590247719403046,0.0,0,0,0,0,0,0
6.664082832618296,0.0421495801611389,0.6117746019385186,0.18754999797736682,0.23978816605920586,0.6780856052693117,0.0,0,0,0,0,0,0
6.543699259593666,-0.12038357302462988,0.7336544477136318,0.12187984577511313,0.224848663419216,0.708915069412535,0.0,0,0,0,0,0,0
6.499999999998908,-0.0436992595947574,0.3829215270869901,0.35073292062664163,0.2243323625103281,0.7741561763598189,0.0,0,0,0,0,0,0
6.612866246946605,0.11286624694769642,0.3876885866461077,0.0047670595591176035,0.15718369939081533,0.8058838009942787,0.0,0,0,0,0,0,0
6.694027188471912,0.08116094152530717,0.3941318560304035,0.006443269384295791,0.1617069563627722,0.8168327595615775,0.0,0,0,0,0,0,0
6.628725367670834,-0.0653018208010776,0.5505658165687453,0.15643396053834174,0.1534271963568299,0.8259417219479488,0.0,0,0,0,0,0,0
3.7536648758241493,-2.875060491846685,0.7578074093003255,0.20724159273158027,0.16309988492561453,0.838104622416383,0.0,0,0,0,0,0,0
2.6400757564895336,-1.1135891193346157,0.05988646358292771,0.6979209457173978,0.25595635454303,0.9106073362289236,0.0,0,0,0,0,0,0
3.4409301068164586,0.800854350326925,0.09244152234432601,0.0325550587613983,0.29865757548384614,0.9367921362738465,0.0,0,0,0,0,0,0
3.0083217912994136,-0.43260831551704504,0.5217028076277119,0.4292612852833859,0.3064780953751877,0.9426259176568299,0.0,0,0,0,0,0,0
3.140063693621296,0.13174190232188243,0.739433191240318,0.2177303836126061,0.340020316891204,0.9403027902234709,0.0,0,0,0,0,0,0
3.9115214431211704,0.7714577494998744,0.7925480203894768,0.05311482914915877,0.3485332332029856,0.957345374219904,0.0,0,0,0,0,0,0
6.621933252458119,2.7104118093369483,0.41858865933639167,0.37395936105308514,0.28074799317951216,0.9534335427518374,0.0,0,0,0,0,0,0
4.201190307518918,-2.4207429449392004,0.042001015411465614,0.37658764392492605,0.29988903688069135,0.9524543314768836,0.0,0,1,0,0,0,1
2.1023796041632443,-2.098810703355674,0.00103042908935147,0.040970586322114144,0.37315753400189716,0.9499996173122914,0.0,0,1,0,0,0,1
3.622154055255288,1.5197744510920437,0.29342132506912333,0.29239089597977186,0.3210153542741377,0.9442414334668006,0.0,0,0,0,0,0,0
6.360031446464082,2.737877391208794,0.5991144255347991,0.30569310046567577,0.2526203505611323,0.9143270763740949,0.0,0,0,0,0,0,0
4.045985664827901,-2.314045781636181,1.525720059279114,0.9266056337443149,0.625106795983114,0.8947016144782628,0.0,0,0,0,0,0,0
0.0,-4.045985664827901,0.5006281214617219,1.0250919378173922,0.5740874218062112,0.8910608804284633,0.0,0,0,0,0,0,0
2.109502310973157,2.109502310973157,0.08105542060203069,0.41957270085969117,0.5545554846702351,0.8834307370447337,0.0,0,0,0,0,0,0
1.9646882704384983,-0.14481404053465874,0.1513611153888048,0.07030569478677412,0.5773590391318943,0.8676134883270123,0.0,0,0,0,0,0,0
3.1890437438203607,1.2243554733818625,1.666216244121696,1.5148551287328913,0.7588003438501458,0.8613070348726947,0.0,0,0,0,0,0,0
1.8384776310859734,-1.3505661127343873,1.3178979001566293,0.3483183439650668,0.7123528304874978,0.814146153321725,0.0,0,1,0,0,0,1
1.746424919657923,-0.0920527114280505,2.1393878703149447,0.8214899701583154,0.9195677478339355,0.7781029390838382,0.0,0,0,0,0,0,0
0.41231056256150134,-1.3341143570964216,0.5558919423553856,1.583495927959559,0.8097062743940794,0.7560852522997351,0.0,0,1,0,0,0,1
0.4472135954999579,0.03490303293845659,0.7586142265463656,0.20272228419097993,0.6490441874802111,0.7300329935157026,0.0,0,0,0,0,0,0
0.9055385138152281,0.45832491831527017,0.8438497901491061,0.08523556360274054,0.6331158647210844,0.7116902684067035,0.0,0,1,0,0,0,1
0.0,-0.9055385138152281,0.0,0.8438497901491061,0.7873140922956392,0.6974286942151918,0.0,0,1,0,0,0,1
0.0,0.0,0.0,0.0,0.40770509422706774,0.6788176512581114,0.0,0,1,0,0,0,1
1.4142135623730951,1.4142135623730951,1.8777383406250219,1.8777383406250219,0.7731619492911269,0.6362357760221564,0.0,0,0,0,0,0,0
3.080584360149625,1.6663707977765296,2.6121975897809366,0.7344592491559148,1.1588470530753632,0.5288752543283008,0.0,0,0,0,0,0,0
5.622277118748602,2.541692758598977,1.2765680760044396,1.335629513776497,1.1541869308516264,0.44916642488816133,0.0,0,0,0,0,0,0
3.2649655434619658,-2.357311575286636,0.70567247457257,0.5708956014318696,1.0123319042877912,0.49253708416554426,0.0,0,0,0,0,0,0
3.1384709652942893,-0.1264945781676765,1.2166280326792198,0.5109555581066498,0.7303625842675845,0.48964142942629274,0.0,0,0,0,0,0,0
1.0049875621121254,-2.133483403182164,0.03325447469349576,1.183373557985724,0.9488478283410686,0.4823841594528151,0.0,0,0,0,0,0,0
0.0,-1.0049875621121254,0.021044711771381674,0.012209762922114085,0.6108829872271379,0.45349810808935226,0.0,0,0,0,0,0,0
0.7071067811873192,0.7071067811873192,0.11069363084786633,0.08964891907648466,0.5292921090019485,0.3622633124327635,0.0,0,1,0,0,0,1
0.7280109889267026,0.020904207739383396,0.06424710098788777,0.04644652985997856,0.5196167947254722,0.293250885516247,0.0,0,1,0,0,0,1
0.0,-0.7280109889267026,0.0,0.06424710098788777,0.04306774270792955,0.293250885516247,0.0,0,1,0,0,0,1
0.44721359549914447,0.44721359549914447,1.8055694125087671,1.8055694125087671,0.786711539378984,0.26645056762413244,0.0,0,0,0,0,0,0
3.2802438933716336,2.8330302978724893,0.602166996149777,1.20340241635899,0.7591150311594049,0.2800910910480776,0.0,0,0,0,0,0,0
0.14142135623782398,-3.1388225371338097,0.0005937943517999589,0.601573201797977,0.7752558178380465,0.3589086358088177,0.0,0,0,0,0,0,0
2.8301943396166727,2.6887729833788487,1.4788598767417,1.4782660823899,0.8348148805338481,0.3395318669502389,0.0,0,0,0,0,0,0
3.2280024783140426,0.39780813869737,1.644218864380914,0.16535898763921386,0.7736070667345851,0.17376413821524517,0.0,0,0,0,0,0,0
0.6324555320336759,-2.5955469462803666,0.02874180743729582,1.615477056943618,0.7801502320122923,0.15364337206985276,0.0,0,0,0,0,0,0
0.0,-0.6324555320336759,0.0,0.02874180743729582,0.8520219209665244,0.15864908553493148,0.0,0,0,0,0,0,0
0.0,0.0,0.0,0.0,0.8521317014482575,0.1822975143868534,0.0,0,0,0,0,0,0
0.0,0.0,0.0,0.0,0.7322093764065618,0.1822975143868534,0.0,0,0,0,0,0,0
0.0,0.0,0.0,0.0,0.012853727045291138,0.1822975143868534,0.0,0,0,0,0,0,0
0.0,0.0,0.0,0.0,4.83646470273811e-08,0.19539688616919254,0.0,0,0,0,0,0,0
0.0,0.0,0.0,0.0,4.83646470273811e-08,0.3377699065672107,0.0,0,0,0,0,0,0
0.0,0.0,0.8878454804905549,0.8878454804905549,0.3970565695785714,0.42879062262556533,0.0,0,0,0,0,0,0
1.664331697710351,1.664331697710351,0.7555688738550841,0.1322766066354708,0.4524908209986952,0.3323659647840737,0.0,0,0,0,0,0,0
3.606937759374549,1.9426060616641978,1.4006667143535998,0.6450978404985157,0.6057506199958937,0.37701447566995683,0.0,0,0,0,0,0,0
3.9357337308313847,0.3287959714568358,0.8851531142619079,0.5155136000916919,0.504167865854653,0.47159060130227326,0.0,0,0,0,0,0,0
0.8544003745308164,-3.0813333563005685,1.5275643087098738,0.6424111944479659,0.34736146960171743,0.49150518537763344,0.0,0,0,0,0,0,0
2.9832867780344667,2.1288864035036505,0.9361771821392557,0.5913871265706181,0.34089453942777176,0.34920997512048735,0.0,0,0,0,0,0,0
1.3928388277194306,-1.5904479503150362,2.660765796654294,1.7245886145150384,0.7162975542775488,0.415375219773922,0.0,0,0,0,0,0,0
1.6552945357242232,0.2624557080047927,1.9703873048114862,0.690378491842808,0.7448565205879037,0.44122468393028486,0.0,0,0,0,0,0,0
3.757658845611013,2.1023643098867897,0.16022218871952876,1.8101651160919574,0.9579024529771649,0.2556817070498682,0.0,0,0,0,0,0,0
2.002498439450097,-1.755160406160916,0.8569238947035376,0.6967017059840088,0.9908900516010174,0.10642711115371584,0.0,0,0,0,0,0,0
0.0,-2.002498439450097,0.0,0.8569238947035376,1.1555770993616554,0.10214102433288279,0.0,0,0,0,0,0,0
0.0,0.0,0.0,0.0,0.8451841061080994,0.0038890169456895158,0.0,0,0,0,0,0,0
0.0,0.0,0.0,0.0,0.3718442147147731,0.1392942471783945,0.0,0,0,0,0,0,0
0.0,0.0,0.0,0.0,0.38322801602019835,0.16782260351698874,0.0,0,0,0,0,0,0
0.0,0.0,0.7810143243347648,0.7810143243347648,0.3492802241227204,0.16782260351698874,0.0,0,0,0,0,0,0
0.0,0.0,0.0,0.7810143243347648,0.3492802241227204,0.16782260351698874,0.0,0,0,0,0,0,0
0.0,0.0,0.0,0.0,0.3492802241227204,0.16782260351698874,0.0,0,0,0,0,0,0
0.0,0.0,0.0,0.0,0.3492802241227204,0.16782260351698874,0.0,0,0,0,0,0,0
0.0,0.0,0.0,0.0,0.3492802241227204,0.16782260351698874,0.0,0,0,0,0,0,0
0.0,0.0,0.0,0.0,0.0,0.16782260351698874,0.0,0,0,0,0,0,0
0.9848857801791302,0.9848857801791302,1.7819222378626818,1.7819222378626818,0.7968998508959012,0.11895224579862713,0.0,0,0,0,0,0,0
0.42426406871089956,-0.5606217114682306,0.22227568686861868,1.5596465509940631,0.7780249800718184,0.10154605132271878,0.0,0,0,0,0,0,0
3.106444913402106,2.6821808446912065,0.4808346647224877,0.25855897785386905,0.745113736860315,0.10819117901942986,0.0,0,0,0,0,0,0
3.3015148038431192,0.19506989044101308,1.0612800573312688,0.5804453926087811,0.7188365599878712,0.09625974443699091,0.0,0,0,0,0,0,0
1.4866068747321197,-1.8149079291109995,1.146013350071023,0.08473329273975416,0.6107234693453824,0.14078251289841448,0.0,0,0,0,0,0,0
1.6155494421404863,0.12894256740836663,0.5145756374697339,0.6314377126012891,0.3996754082501714,0.24230914525332614,0.0,0,0,0,0,0,0
1.910497317453804,0.2949478753133177,0.5285238926937628,0.013948255224028872,0.3280920759629928,0.2751936842866618,0.0,0,0,0,0,0,0
2.2203603311189757,0.30986301366517166,1.5979254185525946,1.0694015258588319,0.45714194110178025,0.3805920419456456,0.0,0,0,0,0,0,0
5.907622195097572,3.687261863978596,0.7513767529349632,0.8465486656176314,0.46259124022581544,0.5710166918233688,0.0,0,0,0,0,0,0
6.670832032063167,0.7632098369655953,0.039406355833210824,0.7119703971017524,0.5718718851566303,0.6652882598212315,0.0,0,0,0,0,0,0
6.239390995921596,-0.43144103614157103,0.4782517362464223,0.43884538041321147,0.5748228479876822,0.6604487486161004,0.0,0,0,0,0,0,0
6.907966415668018,0.6685754197464222,0.6193045679979076,0.14105283175148525,0.5702937631150928,0.621219628002491,0.0,0,0,0,0,0,0
6.5946948375197305,-0.31327157814828777,0.42669895468107,0.19260561331683757,0.2685955258582069,0.5653258814933403,0.0,0,0,0,0,0,0
6.777905281133232,0.18321044361350136,0.008768472933943894,0.4179304817471261,0.2745256545175667,0.5115058447770398,0.0,0,0,0,0,0,0
6.592419889538458,-0.18548539159477428,0.9211309176198997,0.9123624446859558,0.33102828953597907,0.4960472427190313,0.0,0,0,0,0,0,0
6.2681735776850225,-0.3242463118534351,0.6930603494069595,0.22807056821294025,0.34272031885992854,0.533648699952605,0.0,0,0,0,0,0,0
6.7186308128970555,0.45045723521203307,0.17858538885149092,0.5144749605554686,0.37075669290839774,0.5757424880292041,0.0,0,0,0,0,0,0
6.50307619515561,-0.21555461774144558,0.1437412592521875,0.034844129599303414,0.39516394250925124,0.6088423088114407,0.0,0,0,0,0,0,0
6.576473218982953,0.0733970238273427,0.6254885696556627,0.4817473104034752,0.3390536871907589,0.6384664102597077,0.0,0,0,0,0,0,0
3.7854986461504816,-2.790974572832471,0.23804829908859104,0.38744027056707164,0.2620681700794428,0.651190988480569,0.0,0,0,0,0,0,0
0.14142135623782398,-3.6440772899126577,0.0003434018000074701,0.23770489728858357,0.23400853688842638,0.645860918560655,0.0,0,0,0,0,0,0
0.7071067811865476,0.5656854249487235,0.0,0.0003434018000074701,0.25763558641188844,0.6524203330870334,0.0,0,0,0,0,1,0
3.195309061734217,2.4882022805476693,0.7330546464933588,0.7330546464933588,0.34468534574607557,0.6853034031420505,0.0,0,0,0,0,0,0
5.882176467941777,2.6868674062075604,0.14325301764812262,0.5898016288452362,0.3025089740631136,0.7360037367120369,0.0,0,0,0,0,0,0
6.315853069854583,0.433676601912806,0.8429500238257897,0.6996970061776671,0.41141518591859516,0.7754998486301007,0.0,0,1,0,0,0,1
1.8384776310859734,-4.477375438768609,1.1460692235323542,0.30311919970656453,0.4847448523847243,0.8054424095959993,0.0,0,0,0,0,0,0
3.423448553724334,1.5849709226383606,0.7350741475377867,0.4109950759945675,0.3638977860614192,0.7959884066132257,0.0,0,0,0,0,0,0
3.5057096285915588,0.08226107486722478,0.21251641435292612,0.5225577331848605,0.42806163607262904,0.7973880495869521,0.0,0,0,0,0,0,0
3.640054944640259,0.13434531604870026,0.17114508792548344,0.04137132642744268,0.42047567631272786,0.776354791133471,0.0,0,0,0,0,0,0
3.417601498127949,-0.22245344651231003,1.6828394859591245,1.511694398033641,0.6409820732644036,0.7693685022388524,0.0,0,0,0,0,0,0
3.3060550509625157,-0.11154644716543327,0.37584025944599,1.3069992265131345,0.6262584904084274,0.7640586798962434,0.0,0,0,0,0,0,0
1.9235384061669454,-1.3825166447955703,0.051662319202265494,0.3241779402437245,0.6719964174963274,0.7376083719416391,0.0,0,0,0,0,0,0
2.765863337187669,0.8423249310207235,0.11042366082435127,0.05876134162208578,0.68430807929046,0.7353320643530888,0.0,0,0,0,0,0,0
6.700746227101467,3.934882889913798,0.5705988479881476,0.46017518716379635,0.6624399642978033,0.7651933695978599,0.0,0,0,0,0,0,0
6.700746227098915,-2.5517365997984598e-12,0.623592220351171,0.05299337236302337,0.26005889223367,0.7948031207047769,0.0,0,0,0,0,0,0
6.444377394287537,-0.25636883281137823,0.007440065720216826,0.6161521546309542,0.29892439003481297,0.7841014496075953,0.0,0,0,0,0,0,0
6.5946948375197305,0.15031744323219343,0.7503072638838787,0.7428671981636619,0.3312825757580775,0.7652428823605772,0.0,0,0,0,0,0,0
6.720863039818605,0.12616820229887438,0.565112412180122,0.1851948517037567,0.2871017805909881,0.7579196061641967,0.0,0,0,0,0,0,0
6.862215385719603,0.141352345900998,0.298166496904683,0.266945915275439,0.29684865463780424,0.7493324802309542,0.0,0,0,0,0,0,0
6.648308055436332,-0.2139073302832708,0.008978262843604812,0.2891882340610782,0.3316509148531485,0.758221020853991,0.0,0,0,0,0,0,0
5.939696961968028,-0.7086110934683036,0.036948081574447955,0.027969818730843143,0.32475594658775153,0.7714695800455035,0.0,0,0,0,0,0,0
3.4828149534534742,-2.456882008514554,0.020963252363728646,0.01598482921071931,0.24346346558601756,0.7822039094733197,0.0,0,1,0,0,0,1
0.8485281374230853,-2.634286816030389,0.0056499088296046995,0.015313343534123947,0.125833045313313,0.7875997296613543,0.0,0,1,0,0,0,1
0.0,-0.8485281374230853,0.0,0.0056499088296046995,0.014703344690057473,0.7745802103382445,0.0,0,1,0,0,0,1
2.6248809496818084,2.6248809496818084,0.19144176113143707,0.19144176113143707,0.07981413041726997,0.7646561972351273,0.0,0,0,0,0,0,0
6.220128616032945,3.595247666351137,0.14856341596276057,0.0428783451686765,0.08987576799857537,0.7847888329488375,0.0,0,0,0,0,0,0
6.4404968752430785,0.22036825921013303,0.33022841748971277,0.1816650015269522,0.1382389811321923,0.8433022539379295,0.0,0,0,0,0,0,0
3.7013511046636123,-2.739145770579466,0.3918908040932847,0.06166238660357193,0.1547001930066603,0.9029388836695994,0.0,0,0,0,0,0,0
3.5114099732154522,-0.18994113144816005,0.7218824388961532,0.3299916348028685,0.22689668508113847,0.9549723024256906,0.0,0,0,0,0,0,0
2.90688837075054,-0.6045216024649123,1.1562271006207891,0.4343446617246359,0.39733612215401454,0.9745575943942824,0.0,0,0,0,0,0,0
2.1633307652781917,-0.7435576054723483,0.22536346553377756,0.9308636350870116,0.3790115365005635,0.9671732781702405,0.0,0,0,0,0,0,0
3.3060550509625157,1.142724285684324,0.46543693324157875,0.2400734677078012,0.36252785731927256,0.9607155956812562,0.0,0,0,0,0,0,0
6.168468205317634,2.862413154355118,0.13226489698799024,0.3331720362535885,0.4134067304254609,0.9567526381067828,0.0,0,0,0,0,0,0
6.324555320336759,0.1560871150191252,0.7714336287625838,0.6391687317745935,0.41940030165399067,0.9521278007373684,0.0,0,0,0,0,0,0
3.6400549446396595,-2.6845003756970995,1.69715106715536,0.9257174383927762,0.6311406119446088,0.9486531726352763,0.0,0,0,0,0,0,0
4.726520919239313,1.0864659745996534,0.7366499156900588,0.9605011514653012,0.5830405458216186,0.9243503109355214,0.0,0,0,0,0,0,0
6.258594091327814,1.5320731720885012,0.6036001862149596,0.1330497294750992,0.5686515878604265,0.8880727240070958,0.0,0,0,0,0,0,0
1.5652475842506663,-4.693346507077148,0.46931657451385256,0.13428361170110703,0.48532465567010724,0.8561216656162747,0.0,0,0,0,0,0,0
2.02484567313094,0.45959808888027354,0.44428356424532317,0.025033010268529388,0.5203056057561415,0.7980647567004354,0.0,0,0,0,0,0,0
3.220248437620438,1.195402764489498,1.376474179547686,0.9321906153023629,0.38192352095052357,0.7056082678281722,0.0,0,0,0,0,0,0
3.4828149534546236,0.26256651583418567,0.07818163737604245,1.2982925421716436,0.4786404880303539,0.6456862698207442,0.0,0,0,0,0,0,0
0.7211102550928988,-2.761704698361725,1.7399408794562439,1.6617592420802014,0.7018506758402611,0.6203992738245316,0.0,0,0,0,0,0,0
3.328663395420156,2.607553140327257,0.8478121496043016,0.8921287298519422,0.6742179486375425,0.5937898328137573,0.0,0,0,0,0,0,0
2.8600699292137843,-0.46859346620637155,0.042285608790004314,0.8055265408142973,0.760232785951432,0.5653793405766643,0.0,0,0,0,0,0,0
0.0,-2.8600699292137843,0.0,0.042285608790004314,0.7561727207330833,0.5498886513568377,0.0,0,0,0,0,0,0
2.601922366251915,2.601922366251915,0.8922961732304844,0.8922961732304844,0.7181211134309953,0.46759027948419774,0.0,0,0,0,0,0,0
3.342154993414192,0.740232627162277,1.3480081575981402,0.4557119843676558,0.5860905474835031,0.34263376978676446,0.0,0,0,0,0,0,0
2.9154759474226504,-0.4266790459915417,1.948733223463859,0.6007250658657188,0.8414048610163548,0.24959872572148267,0.0,0,0,0,0,0,0
2.1213203435583563,-0.7941556038642941,0.46192574668833203,1.486807476775527,0.7579516970071778,0.18898290803942555,0.0,0,0,0,0,0,0
2.3706539182255866,0.24933357466723027,2.8984863326664785,2.4365605859781465,0.9521869684911202,0.13175446872418828,0.0,0,0,0,0,0,0
1.7804493814764244,-0.5902045367491622,0.24458808353521344,2.653898249131265,1.0911349192464352,0.12515984169267524,0.0,0,0,0,0,0,0
3.2388269481410483,1.458377566664624,0.6707474068992341,0.4261593233640206,1.1372173030795252,0.0700755550142011,0.0,0,0,0,0,0,0
1.2999999999992724,-1.938826948141776,0.05098284544606413,0.6197645614531699,1.1600435189986098,0.11941627693845583,0.0,0,0,0,0,0,0
0.0,-1.2999999999992724,0.14506280977840724,0.09407996433234311,1.1956989029107719,0.24903361401171517,0.0,0,0,0,0,0,0
2.0099751242240695,2.0099751242240695,2.3741937052208133,2.229130895442406,0.9669949877679226,0.28728426796031487,0.0,0,0,0,0,0,0
0.1000000000003638,-1.9099751242237057,0.0,2.3741937052208133,1.001191946864125,0.33516748785380374,0.0,0,0,0,0,0,0
0.0,-0.1000000000003638,0.0,0.0,1.0415387829102043,0.45168111064015726,0.0,0,0,0,0,0,0
0.0,0.0,0.0,0.0,1.0474383384020436,0.45955650810019205,0.0,0,0,0,0,0,0
1.99248588451689,1.99248588451689,1.0713112161708902,1.0713112161708902,1.0500241234296472,0.3845091744123046,0.0,0,0,0,0,0,0
3.383784863137941,1.391298978621051,0.009437292936397501,1.0618739232344927,0.4780672851189442,0.27631244731694277,0.0,0,0,0,0,0,0
2.147091055358067,-1.236693807779874,1.2772910622173097,1.2678537692809122,0.6456003248963719,0.28994324077796757,0.0,0,0,0,0,0,0
3.2756678708306515,1.1285768154725844,0.8384583881827463,0.4388326740345634,0.5997420007175647,0.25299274506713915,0.0,0,0,0,0,0,0
0.1000000000003638,-3.1756678708302877,0.0,0.8384583881827463,0.5997420007175647,0.20609569627454322,0.0,0,0,0,0,0,0
1.118033988749895,1.018033988749531,0.08493984780857677,0.08493984780857677,0.5841354416572992,0.13317746389557145,0.0,0,0,0,0,0,0
1.0049875621121254,-0.11304642663776954,0.8248659592246621,0.7399261114160853,0.5457349703865302,0.13467918053736364,0.0,0,0,0,0,0,0
3.3541019662496847,2.349114404137559,1.973566688748952,1.14870072952429,0.7929677714636064,0.10779784890496993,0.0,0,0,0,0,0,0
3.2572994949808125,-0.0968024712688722,0.44801753745642914,1.5255491512925228,0.8005735298098903,0.24358572176229396,0.0,0,0,0,0,0,0
3.4525353003261188,0.19523580534530627,0.7355546318117316,0.2875370943553025,0.7099888470787379,0.3968706536109621,0.0,0,1,0,0,0,1
0.0,-3.4525353003261188,0.0,0.7355546318117316,0.7324372298989179,0.46654147153003994,0.0,0,1,0,0,0,1
0.0,0.0,0.0,0.0,0.812899232904577,0.5146340792945542,0.0,0,1,0,0,0,1
0.0,0.0,0.0,0.0,0.3397027061545821,0.5524440336156987,0.0,0,1,0,0,0,1
1.0816653826390958,1.0816653826390958,0.2750142231361998,0.2750142231361998,0.32110105776404063,0.6848103032152651,0.0,0,0,0,0,0,0
4.02243707222274,2.940771689583644,1.3014571455541466,1.0264429224179468,0.5639971474619953,0.6293240676618087,0.0,0,0,0,0,0,0
3.8327535793480623,-0.18968349287467756,0.2260554983619059,1.0754016471922407,0.5409953769885104,0.6615357383959627,0.0,0,0,0,0,0,0
4.049691346262419,0.21693776691435662,0.8081741100395301,0.5821186116776242,0.5269056098490017,0.6886395206090458,0.0,0,0,0,0,0,0
4.080441152621302,0.030749806358882914,0.005546461289714033,0.8026276487498161,0.525535592653885,0.7203805010894369,0.0,0,0,0,0,0,0
3.7802116342878236,-0.3002295183334782,0.419130024791329,0.41358356350161496,0.5123028595755402,0.7444373035152062,0.0,0,0,0,0,0,0
1.7029386365911447,-2.077272997696679,0.19508487549094033,0.22404514930038866,0.30449470614726887,0.7532184505911481,0.0,0,0,0,0,0,0
2.692582403567252,0.9896437669761071,0.7777011264413439,0.5826162509504036,0.35311355228595337,0.7841650010083355,0.0,0,0,0,0,0,0
3.5805027579950233,0.8879203544277714,0.2834151815175317,0.4942859449238122,0.2888910299563596,0.8412399707310496,0.0,0,0,0,0,0,0
3.448187929912637,-0.13231482808238626,0.11821179245227925,0.16520338906525245,0.2595602157097422,0.8517441320802167,0.0,0,0,0,0,0,0
3.5114099732154522,0.06322204330281522,0.3196769122399169,0.20146511978763765,0.25757550451328365,0.8632706175650696,0.0,0,0,0,0,0,0
3.584689665786933,0.07327969257148093,1.045798272154812,0.7261213599148951,0.3872337271103222,0.8723242383661006,0.0,0,0,0,0,0,0
2.8160255680667525,-0.7686640977201806,1.1953957442309282,0.14959747207611618,0.49088638400335055,0.8633198243042656,0.0,0,0,0,0,0,0
1.4035668847613534,-1.4124586833053991,0.7519199952213802,0.443475749009548,0.4609392906946904,0.8635697310194811,0.0,0,0,0,0,0,0
2.640075756489327,1.2365088717279737,0.14895142495521363,0.6029685702661666,0.45157959649943713,0.8694211236200774,0.0,0,0,0,0,0,0
1.4866068747307737,-1.1534688817585534,0.9016653015367506,0.752713876581537,0.40400615005318985,0.8635664306610805,0.0,0,0,0,0,0,0
1.456021977855654,-0.03058489687511967,1.5860283483891613,0.6843630468524107,0.5344361701727928,0.8531555163431925,0.0,0,0,0,0,0,0
1.1045361017191213,-0.3514858761365327,1.3689980593965962,0.21703028899256505,0.5619899341841256,0.8530976697416202,0.0,0,0,0,0,0,0
0.1000000000003638,-1.0045361017187575,0.7803974931778311,0.5886005662187651,0.559600688291317,0.8531865956792696,0.0,0,0,0,0,0,0
2.459674775248955,2.359674775248591,1.247782225023607,0.4673847318457759,0.33252079230727155,0.8151845947308327,0.0,0,0,0,0,0,0
3.1400636936218755,0.6803889183729206,0.31392444285860654,0.9338577821650005,0.5104538275184064,0.7511711902292743,0.0,0,0,0,0,0,0
1.7262676501637968,-1.4137960434580787,1.762726830687359,1.4488023878287524,0.5597610995537159,0.7424161349173335,0.0,0,0,0,0,0,0
1.9924858845186246,0.26621823435482783,2.2501686779678916,0.48744184728053264,0.7677548571620643,0.7046335677475801,0.0,0,0,0,0,0,0
3.101612483853953,1.1091265993353285,1.2531346855061654,0.9970339924617262,0.719847623528512,0.687356799531084,0.0,0,0,0,0,0,0
2.7202941017477573,-0.38131838210619584,1.0181451632273983,0.23498952227876702,0.7363754873320291,0.6075339168297568,0.0,0,0,0,0,0,0
3.2893768406795614,0.569082738931804,1.1951457041258466,0.1770005408984483,0.5044193736867087,0.5289396456028607,0.0,0,0,0,0,0,0
1.8110770276286483,-1.478299813050913,0.7527293055321485,0.4424163985936982,0.568939902495919,0.5144087892747482,0.0,0,0,0,0,0,0
1.029563014098382,-0.7815140135302663,1.3334323048042294,0.5807029992720809,0.23115884443254112,0.47322483874157634,0.0,0,0,0,0,0,0
2.570992026436573,1.5414290123381909,1.5926972609926084,0.2592649561883791,0.3173463419353473,0.420566430959054,0.0,0,0,0,0,0,0
2.915475947421777,0.344483920985204,1.3941195224778409,0.19857773851476757,0.3144019082731694,0.28896739716459185,0.0,0,0,0,0,0,0
2.8284271247456756,-0.08704882267610126,1.1370380590031446,0.2570814634746963,0.3181554674279402,0.1727640524209721,0.0,0,0,0,0,0,0
3.178049716415171,0.3496225916694953,1.9256177879888106,0.788579728985666,0.29903924325512893,0.16465408376343946,0.0,0,0,0,0,0,0
3.114482300479955,-0.06356741593521598,1.4858052528645538,0.4398125351242568,0.2883781869422448,0.14749714304984107,0.0,0,0,0,0,0,0
1.044030650890846,-2.070451649589109,0.10908282975560947,1.3767224231089443,0.67812588464634,0.11358904782980174,0.0,0,0,0,0,0,0
3.006659275674509,1.962628624783663,1.390355037335712,1.2812722075801026,0.6778728629306194,0.016043008319970777,0.0,0,0,0,0,0,0
3.448187929914378,0.44152865423986887,0.13166162369851087,1.2586934136372012,0.8355440435997629,0.10062484311347553,0.0,0,0,0,0,0,0
0.7071067811855186,-2.7410811487288593,0.00016080076664892748,0.13150082293186194,0.7461096987710042,0.12806821827920617,0.0,0,0,0,0,0,0
3.883297567790438,3.1761907866049195,0.8009592355517943,0.8007984347851453,0.5959694484641069,0.20513022833205377,0.0,0,0,0,0,0,0
3.79473319220263,-0.08856437558780783,1.4200320403310531,0.6190728047792589,0.6719721332921008,0.2621230676979056,0.0,0,0,0,0,0,0
6.315853069854583,2.521119877651953,0.5968234007827311,0.823208639548322,0.5682182388050339,0.2908336933321305,0.0,0,0,0,0,0,0
3.981205847479516,-2.334647222375067,1.1571899660056633,0.5603665652229322,0.5461056324203396,0.283567655804616,0.0,0,0,0,0,0,0
3.820994634908274,-0.16021121257124182,0.5691998442598672,0.587990121745796,0.36991318597241024,0.31632183749592097,0.0,0,0,0,0,0,0
5.66480361530844,1.8438089804001656,0.32989367257740204,0.2393061716824652,0.45456131155616264,0.31524201122576234,0.0,0,0,0,0,0,0
5.10392006207033,-0.56088355323811,0.32713537757829697,0.002758294999105071,0.3386568525913034,0.36904744696484254,0.0,0,0,0,0,0,0
3.298484500492893,-1.8054355615774367,0.4745605444275014,0.14742516684920443,0.3429733682150012,0.36079989583266925,0.0,0,0,0,0,0,0
2.002498439450097,-1.2959860610427962,1.1983552397227983,0.7237946952952969,0.3605866298902436,0.33929967609879774,0.0,0,0,0,0,0,0
3.6496575181793505,1.6471590787292536,0.01333609731995361,1.1850191424028447,0.441331827527678,0.37866178717496185,0.0,0,0,0,0,0,0
3.605551275464393,-0.044106242714957666,6.98414821240223e-07,0.01333539890513237,0.48931385229784125,0.4195920127819862,0.0,0,0,0,0,0,0
3.601388621074195,-0.004162654390197584,0.0,6.98414821240223e-07,0.5226737246497116,0.48236484653537176,0.0,0,0,0,0,1,0
3.6138621999184397,0.012473578844244493,0.481424313339776,0.481424313339776,0.5231333260806941,0.5342216717630873,0.0,0,0,0,0,0,0
2.408318915758157,-1.205543284160283,0.9133602121232696,0.4319358987834936,0.40914941250549636,0.555590027569287,0.0,0,1,0,0,0,1
1.702938636591572,-0.7053802791665849,1.1220374313860022,0.20867721926273264,0.5143162909111543,0.5597107287357838,0.0,0,0,0,0,0,0
3.5057096285915588,1.8027709919999868,0.6538651415336372,0.46817228985236503,0.43065430804142596,0.6285806042606157,0.0,0,0,0,0,0,0
3.3241540277188775,-0.1815556008726813,0.6044801428756542,0.04938499865798296,0.2586129204745927,0.6540080304336688,0.0,0,0,0,0,0,0
4.393176527298753,1.0690224995798752,0.9993236958978448,0.39484355302219054,0.2228757405162032,0.7380181095166027,0.0,0,0,0,0,0,0
1.019803902718343,-3.3733726245804094,0.2734523686666559,0.7258713272311889,0.33771811325550544,0.767724624228683,0.0,0,0,0,0,0,0
3.4014702703386366,2.3816663676202934,0.045289221695890454,0.22816314697076545,0.367706656666095,0.7527870314651419,0.0,0,0,0,0,0,0
1.503329637837194,-1.8981406325014425,0.8075833733920204,0.7622941516961299,0.38805336396740975,0.7756697400094158,0.0,0,0,0,0,0,0
2.6627053911379677,1.1593757533007736,0.6771897042042858,0.13039366918773454,0.39213243374920453,0.8137627087805298,0.0,0,0,0,0,0,0
2.601922366251915,-0.06078302488605258,0.8406644456369206,0.16347474143263474,0.3521307233093811,0.8133006230969604,0.0,0,0,0,0,0,0
2.545584412270542,-0.05633795398137309,1.7882622573400495,0.947597811703129,0.6240970719862273,0.7721687052141462,0.0,0,0,0,0,0,0
0.5830951894850915,-1.9624892227854505,0.908437167041747,0.8798250902983025,0.4461674556675254,0.7550182541035699,0.0,0,0,0,0,0,0
3.7854986461483193,3.2024034566632276,1.7692895009248117,0.8608523338830647,0.5379480322512498,0.6721394501938683,0.0,0,0,0,0,0,0
3.832753579348442,0.04725493320012264,0.4438370819893189,1.3254524189354928,0.6007506348779409,0.5338087329826436,0.0,0,0,0,0,0,0
1.0816653826380869,-2.751088196710355,0.015823521491114878,0.42801356049820405,0.7903104467020708,0.4873072550364662,0.0,0,0,0,0,0,0
0.0,-1.0816653826380869,0.0,0.015823521491114878,0.7389596378556907,0.4682004536091198,0.0,0,0,0,0,0,0
0.0,0.0,0.0,0.0,0.7638689946054735,0.43404266100657374,0.0,0,0,0,0,0,0
0.0,0.0,0.0,0.0,0.1968401414236727,0.39098155485848907,0.0,0,0,0,0,0,0
1.7888543819982048,1.7888543819982048,2.043312185773252,2.043312185773252,0.9120536031637088,0.35882470047124454,0.0,0,0,0,0,0,0
3.466987164672961,1.6781327826747563,0.7013944339191169,1.3419177518541352,0.8888751254852336,0.37022977621620456,0.0,0,0,0,0,0,0
2.8231188426974225,-0.6438683219755386,2.5224607410295423,1.8210663071104254,1.1706063203877137,0.38016440909949173,0.0,0,1,0,0,0,1
0.3605551275477106,-2.462563715149712,0.06735874368102102,2.455101997348521,1.1557454822685351,0.3592357237238276,0.0,0,0,0,0,0,0
0.4999999999992724,0.13944487245156184,0.10743274425400372,0.0400740005729827,1.1317003582320966,0.31058445941029444,0.0,0,0,0,0,0,0
0.0,-0.4999999999992724,0.0,0.10743274425400372,1.0677876086832736,0.2990494307443369,0.0,0,1,0,0,0,1
0.0,0.0,0.0,0.0,1.109487862438417,0.24838997182270695,0.0,0,1,0,0,0,1
0.0,0.0,0.0,0.0,0.04992139330315442,0.22396495625218912,0.0,0,1,0,0,0,1
0.0,0.0,0.0,0.0,0.048045383832231975,0.14462708486356124,0.0,0,1,0,0,0,1
2.6476404589751024,2.6476404589751024,0.8600704427550458,0.8600704427550458,0.3846351950877248,0.08109866722237899,0.0,0,0,0,0,0,0
1.523154621171874,-1.1244858378032283,0.07523287774302823,0.7848375650120176,0.3776316631743866,0.04139945738482065,0.0,0,0,0,0,0,0
2.6476404589751024,1.1244858378032283,1.3721880631240562,1.296955185381028,0.6251755625175284,0.2260879611208378,0.0,0,0,0,0,0,0
3.921734310224245,1.2740938512491424,0.10965486456429364,1.2625331985597625,0.606585984274443,0.4053083868857494,0.0,0,0,0,0,0,0
5.215361924162816,1.2936276139385714,1.0713648799914517,0.9617100154271581,0.5818475208531964,0.3855634905849674,0.0,0,0,0,0,0,0
6.661080993350865,1.4457190691880486,0.4547136056217817,0.6166512743696699,0.5818082477362191,0.4363905273649196,0.0,0,0,0,0,0,0
4.904079934096285,-1.7570010592545797,0.9806462541974653,0.5259326485756837,0.5073076254471198,0.6333093019209262,0.0,0,0,0,0,0,0
4.661544808322416,-0.24253512577386882,0.6208548080159497,0.3597914461815156,0.3930018444275066,0.6912910480357015,0.0,0,0,0,0,0,0
5.166236541235261,0.5046917329128444,0.38349254391539267,0.23736226410055705,0.3095383749559307,0.6827679435635414,0.0,0,0,0,0,0,0
3.4205262752982115,-1.7457102659370491,0.05085130536493354,0.33264123855045913,0.34020885963856284,0.6907729374663331,0.0,0,0,0,0,0,0
1.3000000000006717,-2.12052627529754,0.3562454446535718,0.30539413928863823,0.34614726542538365,0.6971788503464289,0.0,0,0,0,0,0,0
0.0,-1.3000000000006717,0.0,0.3562454446535718,0.2567045993857326,0.6912647137145278,0.0,0,0,0,0,0,0
0.8544003745308164,0.8544003745308164,0.14369194286168363,0.14369194286168363,0.17509589650399265,0.6828697458322478,0.0,0,0,0,0,0,0
3.2388269481410483,2.3844265736102317,0.011899657498064709,0.13179228536361892,0.14744661106261128,0.6891884940233208,0.0,0,0,0,0,0,0
1.3038404810398323,-1.934986467101216,0.14409360540027077,0.13219394790220607,0.14353898130404144,0.698786791230272,0.0,0,0,0,0,0,0
3.3136083051553875,2.0097678241155554,0.6760057598946558,0.531912154494385,0.27755231881931136,0.7196650151262184,0.0,0,0,0,0,0,0
3.2015621187164243,-0.11204618643896325,2.00447226883688,1.3284665089422243,0.8276729768623857,0.7224827340440386,0.0,0,0,0,0,0,0
0.5,-2.7015621187164243,2.4598216706570444,0.45534940182016426,1.1108978638777587,0.7066748205307593,0.0,0,0,0,0,0,0
2.3323807579375586,1.8323807579375586,1.6738595142103851,0.7859621564466592,0.957173925834347,0.6572967332803513,0.0,0,0,0,0,0,0
3.40587727318496,1.0734965152474012,0.9945309865093974,0.6793285277009877,0.7282486772331167,0.5639194567923258,0.0,0,0,0,0,0,0
1.9235384061676073,-1.4823388670173525,2.0676995236012976,1.0731685370919002,0.5489757708647611,0.6026983246769796,0.0,0,0,0,0,0,0
3.1320919526730604,1.208553546505453,0.23742974487232002,1.8302697787289777,0.8835243940103726,0.6519881813274367,0.0,0,0,0,0,0,0
1.9209372712303092,-1.2111546814427512,1.7881278468454336,1.5506981019731136,0.7375766502639752,0.6973568066433793,0.0,0,0,0,0,0,0
1.3892443989450591,-0.5316928722852501,0.015276900413562444,1.7728509464318711,0.9097013498543634,0.7008513501495645,0.0,0,0,0,0,0,0
2.6248809496811156,1.2356365507360565,1.0193360153340367,1.0040591149204743,0.9095911835896763,0.6142059052648623,0.0,0,0,0,0,0,0
0.1000000000003638,-2.524880949680752,0.0,1.0193360153340367,0.7778374941633676,0.5618362018175812,0.0,0,0,0,0,0,0
0.0,-0.1000000000003638,0.0,0.0,0.8128818195079996,0.5129329874665637,0.0,0,0,0,0,0,0
0.0,0.0,0.0,0.0,0.454201089484869,0.4550684859444534,0.0,0,0,0,0,0,0
0.0,0.0,8.510309563725116e-07,8.510309563725116e-07,0.45586082929213034,0.3964690428590086,0.0,0,0,0,0,0,0
0.5830951894850915,0.5830951894850915,0.7464452698742958,0.7464444188433395,0.3338203778364703,0.3313209916655206,0.0,0,0,0,0,0,0
0.0,-0.5830951894850915,0.0,0.7464452698742958,0.3338203778364703,0.3051204806709217,0.0,0,0,0,0,0,0
0.0,0.0,0.0,0.0,0.3338203778364703,0.3051204806709217,0.0,0,0,0,0,0,0
0.0,0.0,0.0,0.0,0.3338203778364703,0.2866915139227741,0.0,0,0,0,0,0,0
0.0,0.0,0.0,0.0,0.33382047298442036,0.20062773864073274,0.0,0,0,0,0,0,0
0.0,0.0,0.0,0.0,0.0,0.15986777774129574,0.0,0,0,0,0,0,0
0.0,0.0,0.0,0.0,0.0,0.06157166413328676,0.0,0,0,0,0,0,0
0.0,0.0,0.0,0.0,0.0,0.1202579481364765,0.0,0,0,0,0,0,0
0.0,0.0,0.0,0.0,0.0,0.09763355670790469,0.0,0,0,0,0,0,0
0.0,0.0,0.0,0.0,0.0,0.08202646752966208,0.0,0,0,0,0,0,0
0.0,0.0,0.0,0.0,0.0,0.29137673404151376,0.0,0,0,0,0,0,0
0.0,0.0,0.0,0.0,0.0,0.3898685320409395,0.0,0,0,0,0,0,0
0.0,0.0,0.0,0.0,0.0,0.6163672321497649,0.0,0,0,0,0,0,0
0.0,0.0,0.0,0.0,0.0,0.7714209194562422,0.0,0,0,0,0,0,0
0.0,0.0,0.0,0.0,0.0,0.7166478289120024,0.0,0,0,0,0,0,0
0.0,0.0,0.0,0.0,0.0,0.7319624083094352,0.0,0,0,0,0,0,0
0.0,0.0,0.0,0.0,0.0,1.0,0.0,0,0,0,0,0,0
0.0,0.0,0.0,0.0,0.0,1.0,0.0,0,0,0,0,0,0
0.0,0.0,0.0,0.0,0.0,1.0,0.0,0,0,0,0,0,0
0.0,0.0,0.0,0.0,0.0,1.0,0.0,0,0,0,0,0,0
0.0,0.0,0.0,0.0,0.0,0.0,0.0,0,0,0,0,0,0
0.0,0.0,0.0,0.0,0.0,0.0,0.0,0,0,0,0,0,0
0.0,0.0,0.0,0.0,0.0,0.0,0.0,0,0,0,0,0,0
0.0,0.0,0.0,0.0,0.0,0.0,0.0,0,0,0,0,0,0
0.0,0.0,0.0,0.0,0.0,0.0,0.0,0,0,0,0,0,0
0.0,0.0,0.0,0.0,0.0,0.0,0.0,0,0,0,0,0,0
0.0,0.0,0.0,0.0,0.0,0.0,0.0,0,0,0,0,0,0
0.0,0.0,0.0,0.0,0.0,0.0,0.0,0,0,0,0,0,0
0.0,0.0,0.0,0.0,0.0,0.0,0.0,0,0,0,0,0,0
0.0,0.0,0.0,0.0,0.0,0.0,0.0,0,0,0,0,0,0
0.0,0.0,0.0,0.0,0.0,0.0,0.0,0,0,0,0,0,0
0.0,0.0,0.0,0.0,0.0,0.0,0.0,0,0,0,0,0,0
0.0,0.0,0.0,0.0,0.0,0.0,0.0,0,0,0,0,0,0
0.0,0.0,0.0,0.0,0.0,0.0,0.0,0,0,0,0,0,0
0.0,0.0,0.0,0.0,0.0,0.0,0.0,0,0,0,0,0,0
0.0,0.0,0.0,0.0,0.0,0.0,0.0,0,0,0,0,0,0
0.0,0.0,0.0,0.0,0.0,0.0,0.0,0,0,0,0,0,0
0.0,0.0,0.0,0.0,0.0,0.0,0.0,0,0,0,0,0,0
0.0,0.0,0.0,0.0,0.0,0.0,0.0,0,0,0,0,0,0
0.0,0.0,0.0,0.0,0.0,0.0,0.0,0,0,0,0,0,0
0.0,0.0,0.0,0.0,0.0,0.0,0.0,0,0,0,0,0,0
0.0,0.0,0.0,0.0,0.0,0.0,0.0,0,0,0,0,0,0
0.0,0.0,0.0,0.0,0.0,0.0,0.0,0,0,0,0,0,0
0.0,0.0,0.0,0.0,0.0,0.0,0.0,0,0,0,0,0,0
0.0,0.0,0.0,0.0,0.0,0.0,0.0,0,0,0,0,0,0
0.0,0.0,0.0,0.0,0.0,0.0,0.0,0,0,0,0,0,0
0.0,0.0,0.0,0.0,0.0,0.0,0.0,0,0,0,0,0,0
0.0,0.0,0.0,0.0,0.0,0.0,0.0,0,0,0,0,0,0
0.0,0.0,0.0,0.0,0.0,0.0,0.0,0,0,0,0,0,0
0.0,0.0,0.0,0.0,0.0,0.0,0.0,0,0,0,0,0,0
0.0,0.0,0.0,0.0,0.0,0.0,0.0,0,0,0,0,0,0
0.0,0.0,0.0,0.0,0.0,0.0,0.0,0,0,0,0,0,0
0.0,0.0,0.0,0.0,0.0,0.0,0.0,0,0,0,0,0,0
0.0,0.0,0.0,0.0,0.0,0.0,0.0,0,0,0,0,0,0
0.0,0.0,0.0,0.0,0.0,0.0,0.0,0,0,0,0,0,0
0.0,0.0,0.0,0.0,0.0,0.0,0.0,0,0,0,0,0,0
0.0,0.0,0.0,0.0,0.0,0.0,0.0,0,0,0,0,0,0
0.0,0.0,0.0,0.0,0.0,0.0,0.0,0,0,0,0,0,0
0.0,0.0,0.0,0.0,0.0,0.0,0.0,0,0,0,0,0,0
0.0,0.0,0.0,0.0,0.0,0.0,0.0,0,0,0,0,0,0
0.0,0.0,0.0,0.0,0.0,0.0,0.0,0,0,0,0,0,0
0.0,0.0,0.0,0.0,0.0,0.0,0.0,0,0,0,0,0,0
0.0,0.0,0.0,0.0,0.0,0.0,0.0,0,0,0,0,0,0
0.0,0.0,0.0,0.0,0.0,0.0,0.0,0,0,0,0,0,0
0.0,0.0,0.0,0.0,0.0,0.0,0.0,0,0,0,0,0,0
0.0,0.0,0.0,0.0,0.0,0.0,0.0,0,0,0,0,0,0
0.0,0.0,0.0,0.0,0.0,0.0,0.0,0,0,0,0,0,0
0.0,0.0,0.0,0.0,0.0,0.0,0.0,0,0,0,0,0,0
0.0,0.0,0.0,0.0,0.0,0.0,0.0,0,0,0,0,0,0
0.0,0.0,0.0,0.0,0.0,0.0,0.0,0,0,0,0,0,0
0.0,0.0,0.0,0.0,0.0,0.0,0.0,0,0,0,0,0,0
0.0,0.0,0.0,0.0,0.0,0.0,0.0,0,0,0,0,0,0
0.0,0.0,0.21474061991220572,0.21474061991220572,0.09603492473082739,0.0,0.0,0,0,0,0,0,0
2.5612496949733665,2.5612496949733665,2.2042030748824026,1.989462454970197,0.9662255183760153,1.0,0.0,0,0,0,0,0,0
2.1095023109733297,-0.4517473840000368,1.619991347926669,0.5842117269557336,1.032762973853899,0.9586727425792376,0.0,0,0,0,0,0,0
0.0,-2.1095023109733297,0.0,1.619991347926669,1.032762973853899,0.9586727425792376,0.0,0,0,0,0,0,0
0.6000000000003638,0.6000000000003638,0.9350260411630364,0.9350260411630364,0.9294101114917568,0.8105108849437733,0.0,0,0,0,0,0,0
3.4205262752970946,2.820526275296731,0.2737970543205086,0.6612289868425278,0.9173151883891706,0.4403876757759626,0.0,0,0,0,0,0,0
2.6248809496818084,-0.7956453256152862,0.1327534106630459,0.1410436436574627,0.6776904029775553,0.3521487889762714,0.0,0,1,0,0,0,1
0.8246211251225615,-1.800259824559247,0.06548285708950896,0.06727055357353695,0.37920534901580943,0.38773791966586924,0.0,0,1,0,0,0,1
0.0,-0.8246211251225615,0.0,0.06548285708950896,0.37920534901580943,0.38773791966586924,0.0,0,1,0,0,0,1
0.2000000000007276,0.2000000000007276,0.20185965010079876,0.20185965010079876,0.10816338372991013,0.3973055290987649,0.0,0,0,0,0,0,0
3.6687872655689375,3.46878726556821,1.4330045952677783,1.2311449451669796,0.6008555281371034,0.5184776118856317,0.0,0,0,0,0,0,0
3.2388269481410483,-0.4299603174278892,0.9152002633879379,0.5178043318798404,0.626081346647248,0.4400032687090513,0.0,0,0,0,0,0,0
3.0413812651486314,-0.19744568299241694,0.478322676112466,0.43687758727547193,0.5758488961286616,0.3490147318272277,0.0,0,0,0,0,0,0
0.09999999999854481,-2.9413812651500866,0.004919949550284977,0.473402726562181,0.5745579528093621,0.34425482085444997,0.0,0,0,0,0,0,0
3.9560080889716462,3.8560080889731014,0.19368660889145364,0.18876665934116865,0.5760073191016231,0.25501730494368535,0.0,0,0,0,0,0,0
3.5468295701935166,-0.4091785187781296,1.6136296644134587,1.419943055522005,0.6427178901792572,0.2962817530809536,0.0,0,0,0,0,0,0
3.721558813186119,0.17472924299260217,1.7255561870321035,0.11192652261864477,0.8096048515374209,0.34196235205673237,0.0,0,0,0,0,0,0
4.016217125603716,0.2946583124175972,0.7366389063245167,0.9889172807075868,0.7917335125779114,0.38325952293391646,0.0,0,0,0,0,0,0
3.8209946349096073,-0.19522249069410869,0.7046833915387926,0.031955514785724115,0.6537492281188194,0.4129474359803839,0.0,0,1,0,0,0,1
0.7071067811855186,-3.113887853724089,0.015354016036487173,0.6893293755023053,0.7107632118208727,0.4193145716007343,0.0,0,1,0,0,0,1
0.0,-0.7071067811855186,0.0,0.015354016036487173,0.7056335314873711,0.4193145716007343,0.0,0,1,0,0,0,1
0.0,0.0,0.0,0.0,0.39213203443951844,0.45811300223702617,0.0,0,1,0,0,0,1
0.0,0.0,0.0,0.0,0.31349786859622997,0.5268304824805619,0.0,0,1,0,0,0,1
0.0,0.0,0.0,0.0,0.006866524717012925,0.5268304824805619,0.0,0,1,0,0,0,1
0.9055385138134202,0.9055385138134202,0.0944921778715859,0.0944921778715859,0.04225818661257349,0.5160733203548726,0.0,0,1,0,0,0,1
0.1000000000003638,-0.8055385138130564,0.19332565394372087,0.09883347607213497,0.08622029820394658,0.6041834578271228,0.0,0,1,0,0,0,1
0.8062257748289524,0.7062257748285886,0.4584282946228323,0.26510264067911143,0.19044909110947186,0.6112083737127025,0.0,0,0,0,0,0,0
3.820994634908274,3.0147688600793217,2.1948879308579268,1.7364596362350944,0.9143220441795807,0.5786897113661573,0.0,0,0,0,0,0,0
6.64906008395164,2.8280654490433657,0.45552075264794234,1.7393671782099844,0.8622701848895836,0.4405148726960296,0.0,0,0,0,0,0,0
5.852349955359906,-0.7967101285917337,1.980884704877647,1.5253639522297047,0.95057217979876,0.2721618136552578,0.0,0,0,0,0,0,0
6.087692502089418,0.2353425467295116,1.4017040378936398,0.5791806669840072,0.8209971882264105,0.32247169669133907,0.0,0,0,0,0,0,0
6.7911707385402975,0.7034782364508798,0.05783736859411576,1.343866669299524,0.9350671193164766,0.38355714821722325,0.0,0,0,0,0,0,0
6.537583651472344,-0.2535870870679533,0.5257141366999398,0.46787676810582407,0.7851243362749588,0.4220361842661221,0.0,0,0,0,0,0,0
4.964876634922454,-1.5727070165498906,1.775914070473675,1.2501999337737353,0.8258377814216078,0.44188335459994055,0.0,0,0,0,0,0,0
6.082762530298459,1.1178858953760056,0.8707438095205582,0.9051702609531169,0.6829414140564244,0.2954747902067174,0.0,0,0,0,0,0,0
6.649060083952022,0.5662975536535626,0.4708323259940797,0.3999114835264785,0.6469016949520647,0.14814882004153224,0.0,0,0,0,0,0,0
4.964876634922454,-1.6841834490295682,3.067760213560869,2.596927887566789,1.0970263981683102,0.039724239138908414,0.0,0,1,0,0,0,1
2.126029162546964,-2.8388474723754897,0.42563143229658973,2.642128781264279,1.11639058117879,0.04587619333182835,0.0,0,1,0,0,0,1
0.6403124237430576,-1.485716738803906,0.11933539263929595,0.3062960396572938,1.1913657764324257,0.11237721599502341,0.0,0,1,0,0,0,1
0.3605551275461971,-0.2797572961968605,0.038168741363119645,0.08116665127617631,1.2680661651017273,0.1217318215151291,0.0,0,1,0,0,0,1
1.6643316977098048,1.3037765701636077,0.018951144088454552,0.019217597274665092,1.3148019327677414,0.13077139933939488,0.0,0,0,0,0,0,0
2.8844410203700814,1.2201093226602766,0.035698212845395094,0.016747068756940542,0.17112823518815778,0.1532646102278823,0.0,0,0,0,0,0,0
1.6643316977098048,-1.2201093226602766,0.026811567103608214,0.00888664574178688,0.040710248568346596,0.16780066179138675,0.0,0,1,0,0,0,1
0.9219544457286968,-0.742377251981108,1.1806349374325982,1.15382337032899,0.5146771971878839,0.16452595560721264,0.0,0,0,0,0,0,0
2.6627053911379677,1.7407509454092709,1.282893189991855,0.1022582525592568,0.6608086535440725,0.12246631679710138,0.0,0,1,0,0,0,1
1.6278820596107528,-1.0348233315272148,0.7977998163286767,0.4850933736631783,0.6059315388676045,0.13695892196975146,0.0,0,1,0,0,0,1
0.8485281374243715,-0.7793539221863813,0.05534417739559039,0.7424556389330863,0.6008750999018618,0.13447852424457146,0.0,0,0,0,0,0,0
0.0,-0.8485281374243715,0.8609517941592079,0.8056076167636175,0.48218020325263977,0.11568476073893033,0.0,0,0,0,0,0,0
3.1622776601683795,3.1622776601683795,1.6704163274209078,0.8094645332617,0.6041433405724096,0.0818901578775461,0.0,0,0,0,0,0,0
3.981205847478374,0.8189281873099943,0.06244815013765059,1.6079681772832572,0.6705723266051078,0.06970384701059776,0.0,0,0,0,0,0,0
4.079215610874442,0.09800976339606837,9.79370958553716e-07,0.06244717076669204,0.7305614610309439,0.23042888837399642,0.0,0,0,0,0,0,0
3.801315561748829,-0.27790004912561317,0.6185411950899796,0.6185402157190211,0.6808399817345289,0.4112043434203319,0.0,0,0,0,0,0,0
4.0360872141226,0.23477165237377084,0.6171019044746133,0.0014392906153662954,0.6699234730371659,0.5978219178207026,0.0,0,0,0,0,0,0
4.049691346264216,0.013604132141615821,0.19748183455456902,0.4196200699200443,0.29956571107435226,0.7070116283239866,0.0,0,0,0,0,0,0
3.201562118716595,-0.8481292275476209,0.3777346810618727,0.18025284650730367,0.268908588653378,0.6751533362879778,0.0,0,0,0,0,0,0
3.847076812333607,0.6455146936170122,0.2724604065495402,0.10527427451233251,0.19447412767122227,0.6263919464317597,0.0,0,0,0,0,0,0
2.9832867780344667,-0.8637900342991403,1.235416948783357,0.9629565422338169,0.41975456820533713,0.5793983213334963,0.0,0,0,0,0,0,0
3.7013511046650867,0.7180643266306199,0.057673528308327345,1.1777434204750297,0.4660797944174682,0.49809085270245856,0.0,0,0,0,0,0,0
1.5297058540776927,-2.171645250587394,0.22635380285700035,0.16868027454867301,0.46267388154003136,0.4750876380311494,0.0,0,0,0,0,0,0
0.0,-1.5297058540776927,0.0,0.22635380285700035,0.5032065950767182,0.4766779911153057,0.0,0,0,0,0,0,0
0.0,0.0,0.0,0.0,0.5289317378695433,0.5028078439052066,0.0,0,0,0,0,0,0
0.0,0.0,0.0,0.0,0.09801527300066062,0.5566990904489971,0.0,0,0,0,0,0,0
0.0,0.0,0.0,0.0,0.10122849803076608,0.5943505026935516,0.0,0,0,0,0,0,0
0.0,0.0,0.0,0.0,0.0,0.5866547278318014,0.0,0,0,0,0,0,0
0.9848857801807924,0.9848857801807924,2.1185524005293512,2.1185524005293512,0.9474454362957981,0.6080539840303867,0.0,0,0,0,0,0,0
3.182766092567944,2.1978803123871513,0.4505002692703495,1.6680521312590018,0.918042542908598,0.6215778176414544,0.0,0,0,0,0,0,0
0.1000000000003638,-3.08276609256758,0.0,0.4505002692703495,0.918042542908598,0.614802778066275,0.0,0,0,0,0,0,0
1.029563014098382,0.9295630140980182,0.28828296313402424,0.28828296313402424,0.8862065855922242,0.6237661149637833,0.0,0,0,0,0,0,0
3.3541019662508234,2.3245389521524413,0.7475449719797012,0.4592620088456769,0.8267575949500859,0.6664528564743538,0.0,0,0,0,0,0,0
3.492849839314492,0.13874787306366887,0.5446563211395827,0.20288865084011842,0.28131473661724316,0.6956252991969143,0.0,0,0,0,0,0,0
4.661544808322416,1.168694969007924,1.0764901249576861,0.5318338038181034,0.4139774984138253,0.7548245692683105,0.0,0,0,0,0,0,0
6.576473218982427,1.9149284106600106,0.5226622795944396,0.5538278453632466,0.2951991060358476,0.7757519116736875,0.0,0,0,0,0,0,0
6.640030120413031,0.0635569014306041,0.3311542282945834,0.19150805129985615,0.28294544406402755,0.7854998603080512,0.0,0,0,0,0,0,0
6.640030120414483,1.4521717162097048e-12,0.03545429308536496,0.29569993520921845,0.3805057603822089,0.7682871120488086,0.0,0,0,0,0,0,0
5.900847396772384,-0.7391827236420996,0.511374552642063,0.47592025955669803,0.3798653954710672,0.7091516298316447,0.0,0,0,0,0,0,0
5.907622195096464,0.0067747983240806775,1.4418241079540313,0.9304495553119683,0.5264337925374782,0.6681432240838927,0.0,0,0,0,0,0,0
3.40587727318496,-2.5017449219115044,0.28230674774107034,1.159517360212961,0.5423971193593871,0.7102389917777069,0.0,0,0,0,0,0,0
0.14142135623782398,-3.264455916947136,0.0,0.28230674774107034,0.5894622984102992,0.8021529948086182,0.0,0,0,0,0,0,0
1.8027756377312882,1.6613542814934643,1.0523396175368869,1.0523396175368869,0.5842712296083432,0.7870302386188058,0.0,0,0,0,0,0,0
5.400925846555953,3.598150208824665,0.0028031006206981073,1.0495365169161888,0.6559550416082592,0.780594250351634,0.0,0,0,0,0,0,0
6.676076692189356,1.2751508456334024,0.8028291992877561,0.800026098667058,0.4784087682436187,0.7610009242548642,0.0,0,0,0,0,0,0
5.500909015790033,-1.1751676763993224,0.7054714409100984,0.0973577583776577,0.4835811294085612,0.7474628242807348,0.0,0,0,0,0,0,0
4.522167621837764,-0.9787413939522693,1.5079349184329645,0.8024634775228661,0.549612297185045,0.7537682788825849,0.0,0,0,0,0,0,0
3.423448553724334,-1.09871906811343,0.20806044059910292,1.2998744778338616,0.5866335482356655,0.7569809295239146,0.0,0,0,0,0,0,0
2.2090722034362664,-1.2143763502880676,2.2953593360615914,2.0872988954624883,0.8115936513895375,0.7194529632637824,0.0,0,0,0,0,0,0
2.451530134425896,0.24245793098962976,0.034329949290045625,2.2610293867715456,0.944722580550766,0.6588366159676659,0.0,0,0,0,0,0,0
2.308679276124032,-0.1428508583018644,1.33071178158667,1.2963818322966243,0.9456051015158569,0.6640203732803938,0.0,0,0,0,0,0,0
1.5620499351804924,-0.7466293409435394,0.4458463226380802,0.8848654589485898,0.9434066663383318,0.6497042742790412,0.0,0,0,0,0,0,0
0.9899494936621955,-0.5721004415182969,2.7913125020349847,2.3454661793969045,1.1742641108871614,0.6405580522009137,0.0,0,0,0,0,0,0
2.720294101747891,1.7303446080856955,2.068141782232913,0.7231707198020718,1.1336549154474655,0.6303808019799941,0.0,0,0,0,0,0,0
3.0886890422951456,0.36839494054725463,0.5281167591043603,1.5400250231285526,1.0064997177166628,0.5750695792115947,0.0,0,0,0,0,0,0
3.4205262752988497,0.33183723300370405,1.023659481455997,0.49554272235163666,1.023511153536457,0.48407737948835355,0.0,0,0,0,0,0,0
3.7336309405178123,0.31310466521896263,0.04666643758599242,0.9769930438700045,1.124356825213989,0.41869125707867993,0.0,0,0,0,0,0,0
1.702938636593281,-2.030692303924531,0.9913093938415636,0.9446429562555712,0.7499455840121083,0.36040694351813013,0.0,0,0,0,0,0,0
0.0,-1.702938636593281,0.0,0.9913093938415636,0.49251775527995234,0.29853241792161733,0.0,0,0,0,0,0,0
1.3341664064135332,1.3341664064135332,0.6768897431915161,0.6768897431915161,0.49775160285476266,0.19508454604745237,0.0,0,0,0,0,0,0
3.546829570192696,2.2126631637791627,0.033323413894449386,0.6435663292970667,0.4563248013079524,0.13684932440118766,0.0,0,0,0,0,0,0
5.008991914546798,1.4621623443541023,0.2775313367710233,0.24420792287657395,0.42885815646812275,0.08312079093272362,0.0,0,0,0,0,0,0
3.7854986461504816,-1.2234932683963167,2.5954484300955687,2.3179170933245454,1.084528937427926,0.05167779205959968,0.0,0,0,0,0,0,0
3.001666203961042,-0.7838324421894396,0.8382080584917475,1.7572403716038212,1.0081544760520995,0.09477638741370525,0.0,0,0,0,0,0,0
6.606814663663986,3.605148459702944,0.019291586425969953,0.8189164720657776,1.082151701310738,0.06698268202313087,0.0,0,0,0,0,0,0
6.718630812895242,0.11181614923125593,0.3551720039832751,0.33588041755730513,1.037301639469393,0.13174358925696245,0.0,0,0,0,0,0,0
6.718630812896054,8.117950756059145e-13,0.5368423829478437,0.1816703789645686,1.0096935927936637,0.20502054904868686,0.0,0,0,0,0,0,0
6.466065264131115,-0.252565548764939,0.5099859060140428,0.026856476933800888,0.29846668225383466,0.17794146537888655,0.0,0,0,0,0,0,0
5.600892785976517,-0.865172478154598,0.14932648333982734,0.36065942267421547,0.22568488903340517,0.14149343418276572,0.0,0,0,0,0,0,0
4.031128874149275,-1.5697639118272422,0.4374911428830466,0.28816465954321924,0.15576430631129898,0.18297917116513604,0.0,0,0,0,0,0,0
0.22360679774916548,-3.807522076400109,0.0,0.4374911428830466,0.23886317838349927,0.15871794168296857,0.0,0,0,0,0,0,0
0.0,-0.22360679774916548,0.0,0.0,0.2414471605730982,0.1610425362920423,0.0,0,0,0,0,0,0
0.0,0.0,0.0,0.0,0.190279999893964,0.1779781979926688,0.0,0,0,0,0,0,0
0.0,0.0,0.0,0.0,0.19565198700811534,0.186548267809828,0.0,0,0,0,0,0,0
0.0,0.0,0.0,0.0,0.0,0.22686248020073715,0.0,0,0,0,0,0,0
0.0,0.0,0.0,0.0,0.0,0.27612150815795566,0.0,0,0,0,0,0,0
0.0,0.0,0.0,0.0,0.0,0.3246457869032408,0.0,0,0,0,0,0,0
0.0,0.0,0.0,0.0,0.0,0.357515167974618,0.0,0,0,0,0,0,0
0.0,0.0,0.0,0.0,0.0,0.357515167974618,0.0,0,0,0,0,0,0
0.0,0.0,0.0,0.0,0.0,0.38932607693424276,0.0,0,0,0,0,0,0
0.0,0.0,0.0,0.0,0.0,0.45672628617925887,0.0,0,0,0,0,0,0
0.6999999999989086,0.6999999999989086,1.1477279855254197,1.1477279855254197,0.5132795590627466,0.6288556182915701,0.0,0,0,0,0,0,0
4.0199502484485015,3.319950248449593,0.1944625435943754,0.9532654419310442,0.4986983372560152,0.7922722786562916,0.0,0,0,0,0,0,0
4.716990566029266,0.6970403175807647,0.1551192002529702,0.039343343341405185,0.4823820816457854,0.8297859697866774,0.0,0,0,0,0,0,0
6.868041933475611,2.151051367446345,0.049558827496720255,0.10556037275624996,0.4751454479533362,0.8425340590718932,0.0,0,0,0,0,0,0
1.0440306508913686,-5.824011282584243,0.6051672593647555,0.5556084318680352,0.45320774326611435,0.8404434729353882,0.0,0,0,0,0,0,0
0.0,-1.0440306508913686,0.508860079443441,0.09630717992131443,0.24060563788411438,0.8253229264847726,0.0,0,0,0,0,0,0
0.0,0.0,0.5302084198724912,0.021348340429050205,0.24955388521390792,0.7839204421910253,0.0,0,0,0,0,0,0
0.0,0.0,0.0,0.5302084198724912,0.2893764927011127,0.8427260885693735,0.0,0,0,0,0,0,0
0.0,0.0,0.0,0.0,0.3023180091960562,0.978745781360487,0.0,0,0,0,0,0,0
1.7029386365933878,1.7029386365933878,1.4525579254232401,1.4525579254232401,0.5933682725704658,0.993009729891583,0.0,0,0,0,0,0,0
3.546829570192696,1.8438909335993081,0.1762733831585006,1.2762845422647395,0.6102924075832318,0.992802707924739,0.0,0,0,0,0,0,0
3.584689665786933,0.0378600955942372,0.10549433171147182,0.07077905144702878,0.6226051720447656,0.9895274955575176,0.0,0,0,0,0,0,0
3.2249030993205476,-0.3597865664663855,1.0665053648854472,0.9610110331739754,0.6558636892980663,0.9636077292295364,0.0,0,0,0,0,0,0
3.1064449134022234,-0.11845818591832424,0.7565456105134342,0.30995975437201306,0.5768308164629512,0.9050604797142077,0.0,0,0,0,0,0,0
1.5033296378373149,-1.6031152755649085,0.9870655658613795,0.23051995534794534,0.4512053563506377,0.8885689523783818,0.0,0,0,0,0,0,0
2.2203603311165176,0.7170306932792028,0.09385998638324478,0.8932055794781347,0.4724005625080232,0.8726159797475227,0.0,0,0,0,0,0,0
0.41231056256326604,-1.8080497685532517,0.9451316005225318,0.851271614139287,0.39466762861717125,0.8521510567330746,0.0,0,0,0,0,0,0
2.0615528128082126,1.6492422502449466,0.6467405322487417,0.29839106827379,0.3587956799424729,0.7544090777268465,0.0,0,0,0,0,0,0
2.6248809496811156,0.5633281368729031,0.6358502613826484,0.010890270866093288,0.3569070239473075,0.7265193821171317,0.0,0,0,0,0,0,0
2.8653097563787027,0.24042880669758704,1.0508568976929442,0.4150066363102958,0.372254346066942,0.7434751090429342,0.0,0,0,0,0,0,0
0.7071067811873192,-2.1582029751913834,2.5366009031467627,1.4857440054538185,0.7891819870100677,0.7171340185546313,0.0,0,0,0,0,0,0
3.863935817271418,3.156829036084099,1.8530147455282484,0.6835861576185143,0.8299052272163474,0.5740124905080434,0.0,0,0,0,0,0,0
2.9410882339706723,-0.9228475833007459,0.4515565130645968,1.4014582324636515,0.8743390592877894,0.4319719540330336,0.0,0,0,0,0,0,0
1.910497317455613,-1.0305909165150593,1.6338673062842681,1.1823107932196713,0.7933962512440854,0.31272343825363486,0.0,0,0,0,0,0,0
2.3430749027714373,0.43257758531582424,2.9677246279869443,1.3338573217026761,0.963802905292856,0.33853632652360477,0.0,0,0,0,0,0,0
3.3301651610698233,0.987090258298386,1.0081420092054596,1.9595826187814847,0.949155376922679,0.355453552665805,0.0,0,0,0,0,0,0
3.4828149534520643,0.15264979238224097,1.6433794729854203,0.6352374637799607,0.938812252923876,0.2751702710564386,0.0,0,0,0,0,0,0
0.3000000000010914,-3.182814953450973,0.23123269658939513,1.4121467763960251,1.0055271573957785,0.26680611040118757,0.0,0,0,0,0,0,0
1.6124515496599354,1.312451549658844,1.7538842706723623,1.5226515740829671,1.011032504756098,0.29147939417661023,0.0,0,0,0,0,0,0
2.7459060435501104,1.133454493890175,0.5335015795948075,1.2203826910775548,0.6680530198414266,0.3143743671866122,0.0,0,1,0,0,0,1
2.31948270094806,-0.4264233426020505,0.19313256333417095,0.34036901626063654,0.7679137858934247,0.3012201178165134,0.0,0,0,0,0,0,0
3.0000000000003637,0.6805172990523038,1.2132304333180899,1.020097869983919,0.6786631672424702,0.22880905625685846,0.0,0,0,0,0,0,0
2.7313000567496792,-0.26869994325068447,0.4890309886899129,0.724199444628177,0.6344257480104182,0.12013894177133642,0.0,0,0,0,0,0,0
1.272792206135271,-1.4585078506144082,0.048674892133933945,0.44035609655597896,0.44936112589223487,0.03147775047058391,0.0,0,0,0,0,0,0
2.641968962724485,1.369176756589214,0.8132371973829795,0.7645623052490456,0.47211127011777315,0.0572003227501002,0.0,0,0,0,0,0,0
2.720294101747891,0.0783251390234061,0.22287267768134456,0.590364519701635,0.4666235942552707,0.1565589498561002,0.0,0,0,0,0,0,0
5.608029957123105,2.8877358553752144,0.07151596753568157,0.151356710145663,0.3225828421812919,0.17492988959352035,0.0,0,0,0,0,0,0
3.2695565448540735,-2.338473412269032,0.1833828025798279,0.11186683504414632,0.313524163603507,0.24416478844366063,0.0,0,0,0,0,0,0
2.10950231097402,-1.1600542338800537,1.1948908339225979,1.01150803134277,0.4851792494817416,0.2853347670266761,0.0,0,0,0,0,0,0
4.830113870293013,2.720611559318993,0.10379812934280275,1.0910927045797951,0.4732314060225871,0.26247955402051415,0.0,0,0,0,0,0,0
2.7999999999992724,-2.0301138702937402,0.40916044131888585,0.3053623119760831,0.4674981630511212,0.26883152182011455,0.0,0,0,0,0,0,0
2.8178005607215777,0.017800560722305292,0.9059617328444372,0.4968012915255513,0.47315101961318473,0.3937902283419497,0.0,0,0,0,0,0,0
3.106444913400291,0.28864435267871347,1.0272276306470278,0.12126589780259067,0.45565365899020716,0.48870730134757245,0.0,0,0,0,0,0,0
1.2083045973597883,-1.8981403160405028,0.948437164044595,0.07879046660243283,0.4028154171882706,0.531083515391455,0.0,0,0,0,0,0,0
3.2388269481410483,2.03052235078126,0.8169217677402163,0.1315153963043787,0.24270123047286773,0.5410459416738227,0.0,0,0,0,0,0,0
2.140093455901961,-1.0987334922390875,1.5624774592727886,0.7455556915325723,0.295175756127512,0.6002467846692725,0.0,0,0,0,0,0,0
0.7615773105874895,-1.3785161453144714,1.6086617874933262,0.04618432822053764,0.3667472855153382,0.6943761034567278,0.0,0,0,0,0,0,0
0.0,-0.7615773105874895,1.0601632964950694,0.5484984909982569,0.3633108971668263,0.699450308227757,0.0,0,0,0,0,0,0
2.3853720883759073,2.3853720883759073,1.6709996783401704,0.610836381845101,0.38179892232174006,0.6618582176929054,0.0,0,0,0,0,0,0
4.01995024844832,1.634578160072413,0.5474168629366879,1.1235828154034824,0.4809377988528285,0.5225386216973362,0.0,0,0,0,0,0,0
3.601388621074195,-0.41856162737412506,2.087781977255787e-05,0.5473959851169153,0.7117894973657263,0.4018968360573048,0.0,0,0,0,0,0,0
3.687817782916366,0.08642916184217064,1.2610256514458058,1.2610047736260332,0.6489213252882554,0.3076482498402007,0.0,0,0,0,0,0,0
4.687216658103473,0.9993988751871075,0.2824596657047853,0.9785659857410205,0.694885200758352,0.2572858621803235,0.0,0,0,0,0,0,0
5.315072906368112,0.6278562482646386,0.2764572213747022,0.006002444330083123,0.48092751442433973,0.21329191982475104,0.0,0,0,0,0,0,0
5.390732788777698,0.07565988240958621,0.5025246519157156,0.22606743054101341,0.47961927931974135,0.13246878349780286,0.0,0,0,0,0,0,0
6.964194138591172,1.5734613498134742,0.3377563174387286,0.16476833447698702,0.4176273114219736,0.12245527500356639,0.0,0,0,0,0,0,0
6.6850579653422955,-0.27913617324887685,0.5219479718115277,0.18419165437279916,0.11946949438480217,0.2520377825725848,0.0,0,0,0,0,0,0
6.621178142899201,-0.06387982244309409,0.30168047778661156,0.2202674940249162,0.11562353477961045,0.36460293384864345,0.0,0,0,0,0,0,0
0.7211102550928988,-5.900067887806302,0.023877842032447028,0.27780263575416453,0.20055930256408055,0.41141384911085355,0.0,0,0,0,0,0,0
0.0,-0.7211102550928988,0.0,0.023877842032447028,0.22199143382913478,0.5144666894883801,0.0,0,0,0,0,0,0
1.0770329614267657,1.0770329614267657,0.20707415015665043,0.20707415015665043,0.21474558745112518,0.5840755265281551,0.0,0,0,0,0,0,0
0.8246211251247674,-0.25241183630199837,0.039321429893556914,0.1677527202630935,0.13283531892396108,0.6518203618586296,0.0,0,0,0,0,0,0
0.0,-0.8246211251247674,0.0,0.039321429893556914,0.08715859870839204,0.7140040770891231,0.0,0,0,0,0,0,0
0.0,0.0,0.0,0.0,0.08983835781323263,0.7459613139919583,0.0,0,0,0,0,0,0
1.2529964086121923,1.2529964086121923,0.20833441571940403,0.20833441571940403,0.10778825709996052,0.8330662247269293,0.0,0,0,0,0,0,0
4.071854614301431,2.8188582056892386,0.056684285166570536,0.1516501305528335,0.08607834914524153,0.8632594828544999,0.0,0,0,0,0,0,0
4.071854614301431,0.0,5.381085538713748e-06,0.05667890408103182,0.0902341179681698,0.8754039947201597,0.0,0,0,0,0,0,0
4.123105625616425,0.05125101131499399,0.022928028020884783,0.02292264693534607,0.08740530293702821,0.8817640847464969,0.0,0,0,0,0,0,0
3.9924929555361,-0.13061267008032518,0.1635556080684819,0.14062758004759712,0.09099536319617045,0.9331968813286333,0.0,0,0,0,0,0,0
4.100000000000319,0.10750704446421944,0.009341386644493133,0.15421422142398877,0.0667528416756183,0.9554458653210041,0.0,0,0,0,0,0,0
4.09999999999992,-3.9968028886505635e-13,0.0014397835509312173,0.007901603093561915,0.06996849388228282,0.9825696303014303,0.0,0,0,0,0,0,0
4.001249804748521,-0.09875019525139894,0.13221389996910893,0.1307741164181777,0.07605053854309977,0.9798223729016262,0.0,0,0,0,0,0,0
1.0049875621121254,-2.996262242636395,6.30850955469775e-05,0.13215081487356195,0.07987160127985547,0.9793978133475408,0.0,0,0,0,0,0,0
0.0,-1.0049875621121254,0.0,6.30850955469775e-05,0.058044652313109575,0.9792035539962518,0.0,0,0,0,0,0,0
1.6124515496581306,1.6124515496581306,0.021388538937458623,0.021388538937458623,0.05728990009830452,0.9878444997652298,0.0,0,0,0,0,0,0
4.002499219239645,2.3900476695815147,0.41134230005420913,0.3899537611167505,0.1755660192687934,0.9899049663207103,0.0,0,0,0,0,0,0
4.080441152619964,0.07794193338031885,0.16566668026424525,0.24567561978996388,0.17711182297430406,0.9896736485459386,0.0,0,0,0,0,0,0
3.940812099047357,-0.13962905357260702,0.7633663793734413,0.5976996991091961,0.31974734259928267,0.9861663079083776,0.0,0,0,0,0,0,0
4.0,0.059187900952642813,0.6768410727478739,0.08652530662556746,0.31889082277989717,0.974173479847669,0.0,0,0,0,0,0,0
4.049691346262419,0.04969134626241889,0.020866576127182124,0.6559744966206917,0.31904895694754976,0.9625665096462426,0.0,0,0,0,0,0,0
4.161730409337942,0.1120390630755228,0.9750713028137268,0.9542047266865447,0.40792212093105945,0.9546996626745606,0.0,0,0,0,0,0,0
3.7947331922009044,-0.36699721713703726,0.0003189561267846752,0.9747523466869421,0.4485448649995503,0.9392855188822492,0.0,0,0,0,0,0,0
3.996248240539046,0.2015150483381416,1.1298164224447242,1.1294974663179396,0.5278571774002243,0.9353817888574836,0.0,0,0,0,0,0,0
3.6687872655689375,-0.3274609749701085,0.4882931739585207,0.6415232484862036,0.5241976168066302,0.9256505623158308,0.0,0,0,0,0,0,0
3.4014702703385833,-0.26731699523035424,0.8211109134505131,0.33281773949199245,0.4494411282855985,0.907799823846132,0.0,0,0,0,0,0,0
5.299999999999272,1.8985297296606891,0.6015613327507002,0.2195495806998129,0.41873494884379575,0.8818822060237599,0.0,0,0,0,0,0,0
6.55515064662916,1.2551506466298878,0.43552666135567775,0.16603467139502248,0.2844968590420317,0.8329843159581809,0.0,0,0,0,0,0,0
6.676076692189356,0.12092604556019548,0.021164962872119164,0.4143616984835586,0.29304472586119024,0.8360690966379144,0.0,0,0,0,0,0,0
6.7186308128970555,0.042554120707699816,0.09843090791464192,0.07726594504252275,0.3367435241536024,0.8359432360605783,0.0,0,0,0,0,0,0
6.711929677818931,-0.0067011350781243095,0.04813736601745013,0.05029354189719178,0.2615790871874195,0.8467321568714185,0.0,0,0,0,0,0,0
6.706713054843581,-0.005216622975350305,5.610887879368629e-05,0.04808125713865644,0.17981882571312105,0.8624956663099639,0.0,0,0,0,0,0,0
2.563201123594791,-4.14351193124879,0.0,5.610887879368629e-05,0.04130119712742455,0.8908553337165038,0.0,0,0,0,0,1,0
3.255764119220723,0.692562995625932,0.2824640850640641,0.2824640850640641,0.11722673488439632,0.8997224261980412,0.0,0,0,0,0,0,0
6.029925372672571,2.7741612534518474,0.06137883932641666,0.22108524573764746,0.11740104636490452,0.9044352515272018,0.0,0,0,0,0,0,0
6.726812023537423,0.6968866508648528,0.003002125728504307,0.058376713597912355,0.12195722031969775,0.9107892397661417,0.0,0,0,0,0,0,0
6.413267497928667,-0.3135445256087568,9.705816758909247e-07,0.003001155146828416,0.12196505812402657,0.929276778555906,0.0,0,0,0,0,0,0
7.0092795635494936,0.596012065620827,0.0,9.705816758909247e-07,0.12196505812402657,0.9473094344420072,0.0,0,0,0,0,1,0
6.670832032063167,-0.33844753148632645,0.3917403002052038,0.3917403002052038,0.17002010077920576,0.9574788112526792,0.0,0,0,0,0,0,0
5.314132102234322,-1.356699929828845,0.0377474360301826,0.3539928641750212,0.17138019171155175,0.960000172052354,0.0,0,0,0,0,0,0
3.4985711369077417,-1.8155609653265805,0.3757989179854164,0.3380514819552338,0.2039684575857632,0.9603277168831236,0.0,0,0,0,0,0,0
3.3615472627943763,-0.13702387411336536,0.287945874527024,0.0878530434583924,0.1870771984805884,0.9653261610023588,0.0,0,0,0,0,0,0
3.3615472627943763,0.0,0.6121969892342856,0.32425111470726153,0.20743081413717188,0.9532119150590733,0.0,0,0,0,0,0,0
3.269556544854797,-0.09199071793957936,1.2556077286801355,0.6434107394458499,0.46277453594518025,0.9197138381411714,0.0,0,0,0,0,0,0
3.4525353003258026,0.18297875547100562,0.9518465315815003,0.30376119709863514,0.4045601926638302,0.8892641092022537,0.0,0,0,0,0,0,0
6.456004956628592,3.00346965630279,0.36136564296105167,0.5904808886204487,0.40746323774608073,0.8292460210272118,0.0,0,0,0,0,0,0
6.576473218982483,0.12046826235389041,0.6018409987042247,0.24047535574317302,0.3493360460653851,0.761724479001383,0.0,0,0,0,0,0,0
4.242640687119285,-2.333832531863198,1.228643383011198,0.6268023843069733,0.3918383684509503,0.7004882550018063,0.0,0,0,0,0,0,0
2.4839484696736283,-1.7586922174456565,1.611413677125418,0.3827702941142199,0.49568474619365027,0.65780214744026,0.0,0,0,0,0,0,0
2.7802877548900375,0.2963392852164093,0.14536939216407707,1.4660442849613409,0.6127413636893453,0.6375399026070065,0.0,0,0,0,0,0,0
0.0,-2.7802877548900375,0.0,0.14536939216407707,0.6920740380074318,0.6222962856985771,0.0,0,0,0,0,0,0
0.538516480713045,0.538516480713045,1.487164513926945,1.487164513926945,0.7645579054050723,0.6045969716557387,0.0,0,0,0,0,0,0
2.4083189157595166,1.8698024350464717,0.07591732948396102,1.411247184442984,0.8110036103015674,0.5606518679344697,0.0,0,0,0,0,0,0
1.1661903789692474,-1.2421285367902692,2.1472790228135685,2.0713616933296075,0.9843817894117962,0.5635601049381643,0.0,0,0,0,0,0,0
0.6708203932499369,-0.49536998571931046,0.04221953708109672,2.105059485732472,1.0017034849284838,0.5601587377511985,0.0,0,0,0,0,0,0
0.0,-0.6708203932499369,0.0,0.04221953708109672,1.0017034849284838,0.5385290632420472,0.0,0,0,0,0,0,0
0.0,0.0,0.0,0.0,0.9476195573214864,0.5219364627736522,0.0,0,0,0,0,0,0
0.8062257748291781,0.8062257748291781,0.9890881171000433,0.9890881171000433,0.9447489536751801,0.5149567319494177,0.0,0,0,0,0,0,0
2.7586228448264936,1.9523970699973154,0.01513891114300403,0.9739492059570393,0.43626164641035753,0.5312678759626325,0.0,0,0,0,0,0,0
3.6715119501367477,0.9128891053102541,0.9035202522877164,0.8883813411447123,0.5164720222428935,0.5475926037729153,0.0,0,0,0,0,0,0
6.5734313718175645,2.901919421680817,0.5942645541797359,0.3092556981079805,0.4732893017123145,0.5141400282943599,0.0,0,0,0,0,0,0
5.122499389946733,-1.4509319818708315,0.028368291699708226,0.5658962624800277,0.4659033536623269,0.5459194058713863,0.0,0,0,0,0,0,0
0.4999999999992724,-4.6224993899474605,0.03727537359687261,0.008907081897164382,0.4103497320135116,0.5246646382369612,0.0,0,0,0,0,0,0
1.2041594578796826,0.7041594578804102,0.005503238696092705,0.0317721349007799,0.41213297711961877,0.5094508687262731,0.0,0,0,0,0,0,0
3.397057550292113,2.19289809241243,1.30920885196696,1.3037056132708673,0.5677978521593304,0.4162746023800079,0.0,0,0,0,0,0,0
6.216912416946534,2.819854866654421,1.3660544818209557,0.05684562985399566,0.7200352987217795,0.3842719216045185,0.0,0,0,0,0,0,0
1.2529964086137892,-4.9639160083327445,1.2883178668811275,0.0777366149398282,0.7125888612002083,0.4191140473237125,0.0,0,0,0,0,0,0
3.2802438933716336,2.0272474847578446,0.8319196621984453,0.4563982046826822,0.5749104549491508,0.4274597956979363,0.0,0,0,0,0,0,0
2.2627416997974663,-1.0175021935741673,0.6225487790405402,0.20937088315790509,0.33485090476889945,0.5273105170991272,0.0,0,0,0,0,0,0
2.5238858928248935,0.2611441930274272,1.1902618706791723,0.5677130916386322,0.31864972905201083,0.5592997609677003,0.0,0,0,0,0,0,0
0.0,-2.5238858928248935,0.35301893057942046,0.8372429400997519,0.38945207204575044,0.5592997609677003,0.0,0,0,0,0,0,0
0.9848857801791302,0.9848857801791302,0.6424814612855436,0.28946253070612316,0.3096487952180246,0.5293932047735925,0.0,0,0,0,0,0,0
3.0886890422951456,2.103803262116015,1.0190357652778341,0.3765543039922905,0.3355638059430142,0.6416213732320488,0.0,0,0,0,0,0,0
3.420526275297095,0.33183723300194945,1.097130491338607,0.07809472606077295,0.35175969190008727,0.658508842193295,0.0,0,0,0,0,0,0
3.2649655434619658,-0.1555607318351293,0.038409680203342234,1.0587208111352648,0.44620990789331577,0.6309032260410767,0.0,0,0,0,0,0,0
5.99416382825815,2.7291982847961846,0.9328264987273862,0.894416818524044,0.43131932414592805,0.6274225749877759,0.0,0,0,0,0,0,0
6.621933252457157,0.6277694241990064,0.06872425411387012,0.864102244613516,0.5306283240336279,0.6660423434430629,0.0,0,0,0,0,0,0
6.907966415669702,0.28603316321254546,0.00014169283438331126,0.06858256127948681,0.5400246027837126,0.7018311025235552,0.0,0,0,0,0,0,0
6.6309878600382515,-0.2769785556314508,0.0,0.00014169283438331126,0.4062022701161596,0.7711416460153748,0.0,0,0,0,0,1,0
5.968249324552367,-0.6627385354858841,0.30799615357962146,0.30799615357962146,0.39581975226242777,0.7785122852451258,0.0,0,0,0,0,0,0
3.62215405525348,-2.3460952692988872,0.29509839436751406,0.012897759212107396,0.1552107879775754,0.7688786185363228,0.0,0,0,0,0,0,0
3.5468295701943884,-0.07532448505909173,0.08415478805967413,0.21094360630783993,0.1537249622719752,0.777955699739988,0.0,0,0,0,0,0,0
3.5846896657878466,0.037860095593458265,0.13338917541286266,0.049234387353188525,0.13428503282551318,0.7857320807484689,0.0,0,0,0,0,0,0
0.22360679774835202,-3.3610828680394946,0.0,0.13338917541286266,0.13428503282551318,0.7857425738454021,0.0,0,0,0,0,0,0
2.8425340807116335,2.6189272829632815,0.1668763153375203,0.1668763153375203,0.10892238292724786,0.8026007917651864,0.0,0,0,0,0,0,0
3.5355339059327378,0.6929998252211043,0.17342257649773657,0.006546261160216282,0.07169390644754858,0.80250154524821,0.0,0,0,0,0,0,0
2.051828452868071,-1.4837054530646667,1.0492737639095437,0.8758511874118071,0.4221399799158278,0.8219050291499946,0.0,0,0,0,0,0,0
3.5735136770408933,1.5216852241728223,0.5099121870146555,0.5393615768948883,0.4175225835748664,0.8455784706336393,0.0,0,0,0,0,0,0
2.126029162546964,-1.4474845144939295,0.9743919949016233,0.46447980788696785,0.4232360774066008,0.8461489617995737,0.0,0,0,0,0,0,0
3.6055512754638883,1.4795221129169245,0.2046952274215333,0.7696967674800901,0.4143690167516367,0.8548240304990682,0.0,0,0,0,0,0,0
3.4132096331745094,-0.1923416422893789,0.10719629188115261,0.09749893554038068,0.431415552440397,0.8606001137500977,0.0,0,0,0,0,0,0
3.5468295701949013,0.13361993702039188,0.4997556532798664,0.3925593613987138,0.3384961476356994,0.8881603357617508,0.0,0,0,0,0,0,0
3.6619666847192764,0.11513711452437514,0.43300724560578363,0.06674840767408274,0.3373605385538578,0.8881155156346657,0.0,0,0,0,0,0,0
3.5227829907618724,-0.13918369395740404,0.14248572876330162,0.290521516842482,0.1775618162068635,0.8883946994038469,0.0,0,0,0,0,0,0
3.5510561809126946,0.02827319015082219,7.249356615363078e-06,0.14247847940668626,0.21760376222513958,0.9097795100386294,0.0,0,0,0,0,0,0
3.5,-0.05105618091269459,0.9676981772044329,0.9676909278478175,0.37391866740249147,0.933008831613379,0.0,0,0,0,0,0,0
2.9410882339697446,-0.5589117660302554,0.11328733260419188,0.854410844600241,0.3899622553894387,0.9201873910011042,0.0,0,0,0,0,0,0
2.9154759474226504,-0.025612286547094243,0.5834397842109205,0.4701524516067286,0.40527374026974283,0.9154178034813132,0.0,0,0,0,0,0,0
1.1401754251007332,-1.7753005223219172,0.15107748480987215,0.4323622994010483,0.4041301886996497,0.9077034230362615,0.0,0,0,0,0,0,0
0.0,-1.1401754251007332,0.0,0.15107748480987215,0.40413181702337153,0.9031766389144974,0.0,0,0,0,0,0,0
0.0,0.0,0.0,0.0,0.24099060118489682,0.9016095350945373,0.0,0,0,0,0,0,0
0.0,0.0,0.0,0.0,0.25264761255482215,0.8953023433491678,0.0,0,0,0,0,0,0
1.5297058540776927,1.5297058540776927,0.4718322050382928,0.4718322050382928,0.20484551483155755,0.8891784069000321,0.0,0,0,0,0,0,0
3.4000000000001713,1.8702941459224787,0.41723155267357337,0.05460065236471945,0.2442442042313113,0.8960919251167828,0.0,0,0,0,0,0,0
3.178049716413511,-0.22195028358666047,0.06224324169445372,0.35498831097911965,0.23429949742287,0.8857542818118594,0.0,0,0,0,0,0,0
3.195309061734217,0.017259345320705943,2.2321241660973863,2.1698809244029325,0.9159849227976171,0.873406660116108,0.0,0,0,0,0,0,0
2.912043955713057,-0.28326510602115995,0.5353252222290916,1.6967989438682947,0.8520128507781165,0.8629890637175163,0.0,0,0,0,0,0,0
2.906888370748663,-0.0051555849643940554,0.20194046997025872,0.3333847522588329,0.8815829868828761,0.8481454953401396,0.0,0,0,0,0,0,0
3.264965543462578,0.35807717271391537,0.9165286249152789,0.7145881549450201,0.8712109503537055,0.760384228123939,0.0,0,0,0,0,0,0
3.3541019662496847,0.08913642278710654,1.4541713933325486,0.5376427684172698,0.8001653771882813,0.6740826264495469,0.0,0,0,0,0,0,0
3.471310991541747,0.11720902529206212,0.8159408714886558,0.6382305218438928,0.46592465631688973,0.5426971675627319,0.0,0,0,0,0,0,0
5.720139858430113,2.2488288668883665,0.5863737838215005,0.22956708766715528,0.45960829964060435,0.3522389862128515,0.0,0,0,0,0,0,0
2.5079872407962234,-3.21215261763389,0.2220010492234854,0.3643727345980151,0.45317966150212624,0.2533468386848045,0.0,0,0,0,0,0,0
0.9055385138134202,-1.6024487269828032,0.576410822387323,0.3544097731638376,0.4566416269440408,0.22283331316911048,0.0,0,0,0,0,0,0
3.3615472627943763,2.456008748980956,0.05576090693201242,0.5206499154553106,0.30654925911465186,0.24376494821635844,0.0,0,0,0,0,0,0
0.22360679775079245,-3.137940465043584,0.0,0.05576090693201242,0.2799296855679323,0.2973005840205039,0.0,0,0,0,0,0,0
0.0,-0.22360679775079245,0.0,0.0,0.2442953917098731,0.37142209074889104,0.0,0,0,0,0,0,0
0.0,0.0,0.0,0.0,0.25270066078118264,0.4143573806510022,0.0,0,0,0,0,0,0
2.0396078054370426,2.0396078054370426,0.06148898091705312,0.06148898091705312,0.03217400455324378,0.44917071561039673,0.0,0,0,0,0,0,0
3.2449961479177922,1.2053883424807497,1.3683447325844524,1.3068557516673993,0.6056532242778719,0.48656062075295176,0.0,0,0,0,0,0,0
3.623534186397212,0.3785380384794199,0.5362673683647365,0.8320773642197159,0.5896228030519913,0.47552975057970776,0.0,0,0,0,0,0,0
3.605551275463989,-0.017982910933223017,0.20440213349506187,0.3318652348696747,0.5619818242028055,0.46899409547681686,0.0,0,0,0,0,0,0
4.313930922024859,0.70837964656087,0.2683995766146987,0.06399744311963684,0.5215122461412784,0.47817679581940764,0.0,0,0,0,0,0,0
6.35137780327956,2.0374468812547004,0.4453146268216749,0.17691505020697618,0.46864552503093054,0.5095652327994622,0.0,0,0,0,0,0,0
6.767569726276366,0.4161919229968065,0.0016499603937473186,0.44366466642792757,0.209584283394093,0.4746716389505955,0.0,0,0,0,0,0,0
6.573431371818118,-0.19413835445824823,0.10001194985596251,0.0983619894622152,0.1689225114987104,0.4504143649977532,0.0,0,0,0,0,0,0
6.3694583757171985,-0.20397299610091935,0.3381946583408967,0.23818270848493417,0.17928962866469433,0.4243267304267374,0.0,0,0,0,0,0,0
6.551335741663802,0.18187736594660375,0.1815821964835166,0.1566124618573801,0.17893112538800462,0.4435571002868215,0.0,0,0,0,0,0,0
6.664082832618296,0.11274709095449342,0.02707004217098063,0.15451215431253595,0.13598978459945663,0.4925287530946023,0.0,0,0,0,0,0,0
6.723094525587833,0.05901169296953768,0.4835949022158431,0.4565248600448625,0.1846359878249315,0.557301625361005,0.0,0,0,0,0,0,0
6.664833081182111,-0.058261444405722784,0.3877685754933984,0.09582632672244473,0.180308674499167,0.6566071198612765,0.0,0,0,0,0,0,0
6.551335741663247,-0.11349733951886343,0.508066026857823,0.1202974513644246,0.207161616780601,0.7872655912763367,0.0,0,0,0,0,0,0
3.6999999999996462,-2.851335741663601,0.5263634654472922,0.018297438589469195,0.20794168978490515,0.8265088024888874,0.0,0,0,0,0,0,0
2.31948270094806,-1.3805172990515864,1.3741205234207774,0.8477570579734852,0.4049872809721077,0.8396121296927216,0.0,0,0,0,0,0,0
0.22360679775079245,-2.0958759031972676,0.0,1.3741205234207774,0.5024643603558906,0.884115293478348,0.0,0,0,0,0,0,0
0.0,-0.22360679775079245,0.0,0.0,0.5619551055556675,0.8870831739275739,0.0,0,0,0,0,0,0
0.0,0.0,0.0,0.0,0.6006034116318131,0.8870831739275739,0.0,0,0,0,0,0,0
0.0,0.0,0.0,0.0,0.6145253799292891,0.8870831739275739,0.0,0,0,0,0,0,0
0.14142135623782398,0.14142135623782398,0.3451041140520883,0.3451041140520883,0.15433525166706197,0.8936744246860605,0.0,0,0,0,0,0,0
0.4999999999992724,0.35857864376144843,0.477182677617897,0.13207856356580872,0.22998317536467697,0.9206826059279388,0.0,0,0,0,0,0,0
0.0,-0.4999999999992724,1.2822532048090847,0.8050705271911877,0.5256319337809982,0.9184466992076346,0.0,0,0,0,0,0,0
0.0,0.0,0.0,1.2822532048090847,0.5256319337809982,0.9150248119557698,0.0,0,0,0,0,0,0
0.0,0.0,7.859826195444342e-07,7.859826195444342e-07,0.5256317764341204,0.9094797987851835,0.0,0,0,0,0,0,0
1.2206555615737875,1.2206555615737875,0.46722934683304573,0.4672285608504262,0.5240638183745118,0.8640251984570295,0.0,0,0,0,0,0,0
3.522782990761408,2.30212742918762,1.1081323232960965,0.6409029764630507,0.6035810501936355,0.7875177489360532,0.0,0,0,0,0,0,0
3.7000000000007276,0.1772170092393197,1.1991113293473101,0.09097900605121367,0.5797817545002195,0.7609582198646271,0.0,0,0,0,0,0,0
6.463745044476744,2.7637450444760168,0.006953702344097534,1.1921576270032126,0.5781239202455236,0.7668842926269144,0.0,0,0,0,0,0,0
3.8275318418007376,-2.636213202676007,0.3619078656731744,0.35495416332907687,0.5096674663976805,0.7561330522238007,0.0,0,0,0,0,0,0
2.707397274136956,-1.1201345676637815,0.6888143281433656,0.32690646247019123,0.5016919742197282,0.7258598396544234,0.0,0,0,0,0,0,0
0.7211102550928988,-1.9862870190440574,0.03163951723100267,0.657174810912363,0.49924455022341563,0.6865725699871972,0.0,0,0,0,0,0,0
1.1000000000003638,0.37888974490746496,0.007431833082518823,0.024207684148483843,0.30247984334986927,0.629420158523278,0.0,0,0,0,0,0,0
2.8425340807090738,1.74253408070871,0.8259689219436231,0.8185370888611043,0.3723889995081257,0.6157807814468775,0.0,0,0,0,0,0,0
0.14142135623782398,-2.70111272447125,0.2657344490475949,0.5602344728960282,0.37622468868424264,0.6551305048799475,0.0,0,0,0,0,0,0
0.5830951894841557,0.44167383324633175,0.25965415748419646,0.0060802915633984544,0.3296428130286223,0.6478603011981081,0.0,0,0,0,0,0,0
0.6000000000003638,0.01690481051620807,2.42104832798768,2.1613941705034834,0.9777979578700258,0.6225889794439301,0.0,0,0,0,0,0,0
1.4317821063289058,0.831782106328542,1.3718091591115307,1.0492391688761493,0.9042960645037256,0.6214778475151531,0.0,0,0,0,0,0,0
3.5057096285915588,2.073927522262653,0.08783710846306814,1.2839720506484626,1.0007961799552054,0.6053842880314575,0.0,0,0,0,0,0,0
2.3430749027714373,-1.1626347258201215,0.0200982199468398,0.06773888851622833,1.0436727396582932,0.5645595488814762,0.0,0,0,0,0,0,0
1.2806248474861153,-1.062450055285322,0.004881380646946654,0.015216839299893148,1.0840456994651524,0.5388149346802142,0.0,0,0,0,0,0,0
1.6278820596107528,0.34725721212463756,0.02776338536694345,0.022882004719996796,0.5986046374053359,0.5143612760976536,0.0,0,0,0,0,0,0
4.669047011970488,3.041164952359735,0.24102615750548606,0.2132627721385426,0.09731761378573255,0.5676990760778398,0.0,0,0,0,0,0,0
6.688796603276877,2.0197495913063896,0.31639721702537726,0.0753710595198912,0.1457212938602649,0.6209791166679757,0.0,0,0,0,0,0,0
5.664803615306738,-1.0239929879701393,0.0997571803827314,0.21664003664264586,0.13580789865347473,0.651598371189533,0.0,0,0,0,0,0,0
3.4438350715448403,-2.220968543761898,0.30311578238824505,0.20335860200551364,0.12801355647839238,0.7052315916724454,0.0,0,0,0,0,0,0
3.2015621187164243,-0.242272952828416,0.036310238363727376,0.26680554402451767,0.1252048123996004,0.775663713359775,0.0,0,0,0,0,0,0
0.0,-3.2015621187164243,0.0,0.036310238363727376,0.14922797262979398,0.7835781416365639,0.0,0,0,0,0,0,0
0.0,0.0,0.0,0.0,0.12705582350781686,0.7593761274724181,0.0,0,0,0,0,0,0
0.6708203932507504,0.6708203932507504,0.0065215714909144795,0.0065215714909144795,0.13162844916834215,0.7458161147472235,0.0,0,0,0,0,0,0
3.478505426184067,2.8076850329333167,0.04962442465566386,0.04310285316474938,0.022988675294502943,0.7535417683883566,0.0,0,0,0,0,0,0
3.4132096331770145,-0.06529579300705235,0.11621699672860275,0.0665925720729389,0.0501739585919745,0.7770511001095279,0.0,0,0,0,0,0,0
3.397057550292113,-0.016152082884901553,0.34944447525665,0.23322747852804726,0.14462567136706717,0.7944791534466507,0.0,0,0,0,0,0,0
3.4014702703391717,0.004412720047058727,0.03360235618989871,0.3158421190667513,0.13924443416526913,0.7935324440297756,0.0,0,0,0,0,0,0
3.2280024783122956,-0.17346779202687612,0.00011771996172160738,0.0334846362281771,0.1404706692743588,0.8001515649956104,0.0,0,0,0,0,0,0
3.2015621187164243,-0.02644035959587132,0.2641202832362204,0.2640025632744988,0.14993288375993705,0.8294790553474685,0.0,0,0,0,0,0,0
0.8602325267048547,-2.3413295920115695,0.0021080848832967236,0.26201219835292366,0.1648198324982397,0.848861284852171,0.0,0,0,0,0,0,0
0.1000000000003638,-0.7602325267044909,0.0,0.0021080848832967236,0.11499922433871601,0.8452930011717397,0.0,0,0,0,0,0,0
0.09999999999854481,-1.8189894035458565e-12,0.0,0.0,0.1178727430000378,0.8524368194152326,0.0,0,0,0,0,1,0
0.14142135623782398,0.04142135623927917,0.0,0.0,0.11788602465977682,0.8844719388046133,0.0,0,0,0,0,1,0
0.0,-0.14142135623782398,0.0,0.0,0.0009427642205261667,0.9129128455667875,0.0,0,0,0,0,0,0
0.0,0.0,0.0,0.0,2.162449611465482e-08,0.9470946984439996,0.0,0,0,0,0,0,0
0.0,0.0,0.0,0.0,2.162449611465482e-08,0.9422891879168364,0.0,0,0,0,0,0,0
0.0,0.0,0.0,0.0,2.162449611465482e-08,0.9324579267689354,0.0,0,0,0,0,0,0
0.0,0.0,0.0,0.0,2.162449611465482e-08,0.9314221987032392,0.0,0,0,0,0,0,0
0.0,0.0,0.0,0.0,2.162449611465482e-08,0.9290442490608003,0.0,0,0,0,0,0,0
0.0,0.0,0.0,0.0,2.162449611465482e-08,0.9195839087138798,0.0,0,0,0,0,0,0
0.0,0.0,0.0,0.0,2.162449611465482e-08,0.9195839087138798,0.0,0,0,0,0,0,0
0.0,0.0,0.0,0.0,2.162449611465482e-08,0.9195839087138798,0.0,0,0,0,0,0,0
0.0,0.0,0.0,0.0,2.162449611465482e-08,0.918651172373868,0.0,0,0,0,0,0,0
0.0,0.0,0.0,0.0,2.162449611465482e-08,0.9278543165666941,0.0,0,0,0,0,0,0
0.0,0.0,0.0,0.0,2.162449611465482e-08,0.9265662508652956,0.0,0,0,0,0,0,0
