jogador_sessao,tempo_run_s,janela_analise_10s,arma,vel_posicao,acel_linear,vel_rotacao,jitter_mira,entropia_mov,eficiencia_trajeto,var_camera_durante_corrida,eficiencia_mean_20s,entropia_mean_10s,travado_min_5s,travado_em_player,distancia_alvo,tem_visao,alvo_encontrado,alvo_na_mira,mirando,mirando_ads,mirando_alvo,alvo_oculto_na_mira,mirando_alvo_oculto,alvo_oculto_300m_na_mira,mirando_alvo_oculto_300m,mirando_ads_alvo_oculto_300m,alinhamento_preciso_oculto_300m,duracao_mirando_alvo_s,duracao_rastreando_oculto_s,duracao_mirando_oculto_s,duracao_observando_oculto_300m_s,duracao_mirando_oculto_300m_s,duracao_ads_oculto_300m_s,duracao_precisao_oculta_300m_s,contagem_episodios_esp_120s,contagem_episodios_ads_120s,taxa_alvo_na_mira_10s,taxa_alvo_oculto_10s,taxa_mirando_alvo_10s,taxa_mira_oculta_10s,taxa_visao_direta_10s,angulo_medio_alvo_10s,angulo_minimo_alvo_10s,distancia_media_alvo_10s,vel_rotacao_media_10s,vel_rotacao_std_10s,jitter_medio_10s,persistencia_oculta_max_10s,persistencia_mira_oculta_max_10s,taxa_alvo_oculto_300m_10s,taxa_mira_oculta_300m_10s,taxa_ads_oculta_300m_10s,taxa_precisao_oculta_300m_10s,persistencia_oculta_300m_max_10s,persistencia_mira_oculta_300m_max_10s,perseguindo_player,duracao_perseguicao_oculta_s,duracao_speedhack_s,tracking_oculto_suspeito,mira_armada_oculta_suspeita,wallhack_suspeito,alerta_speedhack,alerta_aimbot,alerta_lockon,esp_oculto_longa_distancia,evidencia_esp_repetido,evidencia_ads_oculto_repetido,evidencia_precisao_oculta,esp_alto_risco,pontos_evento,pontos_suspeita_60s,tipos_evidencia_60s,nivel_suspeita,candidato_revisao,candidato_banimento
1,0.0,0,sem_arma,0.0,0.0,0.0,0.0,0.0,0.0,0.0,0.0,0.0,3.78238,3.78238,2.98395,1,1,1,0,0,0,0,0,0,0,0,0,0.0,0.0,0.0,0.0,0.0,0.0,0.0,0,0,1.0,0.0,0.0,0.0,1.0,3.78238,3.78238,2.98395,0.0,0.0,0.0,0.0,0.0,0.0,0.0,0.0,0.0,0.0,0.0,0,0.0,0.0,0,0,0,0,0,0,0,0,0,0,0,0,0,0,0,0,0
1,0.846,0,sem_arma,0.0,0.0,0.0,0.0,0.0,0.0,0.0,0.0,0.0,3.78238,23.7373,3.47952,1,1,0,0,0,0,0,0,0,0,0,0,0.0,0.0,0.0,0.0,0.0,0.0,0.0,0,0,0.5,0.0,0.0,0.0,1.0,13.75984,3.78238,3.231735,0.0,0.0,0.0,0.0,0.0,0.0,0.0,0.0,0.0,0.0,0.0,0,0.0,0.0,0,0,0,0,0,0,0,0,0,0,0,0,0,0,0,0,0
1,1.849,0,sem_arma,0.0,0.0,0.11307980780650317,0.11307980780650317,0.06528665747699575,0.0,0.06528665747699575,0.0,0.02176221915899858,3.78238,30.2489,3.47774,1,1,0,0,0,0,0,0,0,0,0,0,0.0,0.0,0.0,0.0,0.0,0.0,0.0,0,0,0.3333333333333333,0.0,0.0,0.0,1.0,19.256193333333332,3.78238,3.3137366666666668,0.037693269268834394,0.06528665747699575,0.037693269268834394,0.0,0.0,0.0,0.0,0.0,0.0,0.0,0.0,0,0.0,0.0,0,0,0,0,0,0,0,0,0,0,0,0,0,0,0,0,0
1,2.965,0,sem_arma,0.0,0.0,0.0,0.11307980780650317,0.05653990390325159,0.0,0.05653990390325159,0.0,0.030456640345061833,3.78238,30.211,3.48201,1,1,0,0,0,0,0,0,0,0,0,0,0.0,0.0,0.0,0.0,0.0,0.0,0.0,0,0,0.25,0.0,0.0,0.0,1.0,21.994895,3.78238,3.355805,0.028269951951625794,0.05653990390325159,0.05653990390325159,0.0,0.0,0.0,0.0,0.0,0.0,0.0,0.0,0,0.0,0.0,0,0,0,0,0,0,0,0,0,0,0,0,0,0,0,0,0
1,4.039,0,sem_arma,0.0,0.0,0.0,0.0,0.050570827427590496,0.0,0.050570827427590496,0.0,0.03447947776156757,3.78238,30.3645,3.4693,1,1,0,0,0,0,0,0,0,0,0,0,0.0,0.0,0.0,0.0,0.0,0.0,0.0,0,0,0.2,0.0,0.0,0.0,1.0,23.668816,3.78238,3.3785040000000004,0.022615961561300635,0.050570827427590496,0.04523192312260127,0.0,0.0,0.0,0.0,0.0,0.0,0.0,0.0,0,0.0,0.0,0,0,0,0,0,0,0,0,0,0,0,0,0,0,0,0,0
1,5.038,0,sem_arma,0.6008181308587188,0.601419550409128,0.06885607391227727,0.06885607391227727,0.05222085033013794,0.0,0.0490131091417463,0.0,0.03743637318966263,23.7373,30.6563,3.51972,1,1,0,0,0,0,0,0,0,0,0,0,0.0,0.0,0.0,0.0,0.0,0.0,0.0,0,0,0.16666666666666666,0.0,0.0,0.0,1.0,24.83339666666667,3.78238,3.40204,0.030322646953130073,0.0490131091417463,0.04916928158754727,0.0,0.0,0.0,0.0,0.0,0.0,0.0,0.0,0,0.0,0.0,0,0,0,0,0,0,0,0,0,0,0,0,0,0,0,0,0
1,6.04,0,sem_arma,3.818833636696188,3.211592321195079,2.011734501912713,1.9428784280004356,0.8806483346986144,0.0,0.7502386541598927,0.0,0.1578952248337986,30.211,48.6916,2.19734,1,1,0,0,0,0,0,0,0,0,0,0,0.0,0.0,0.0,0.0,0.0,0.0,0.0,0,0,0.14285714285714285,0.0,0.0,0.0,1.0,28.241711428571428,3.78238,3.22994,0.3133814833759276,0.7502386541598927,0.31969915964653134,0.0,0.0,0.0,0.0,0.0,0.0,0.0,0.0,0,0.0,0.0,0,0,0,0,0,0,0,0,0,0,0,0,0,0,0,0,0
1,7.046,0,sem_arma,1.8001740267876378,-2.006619890565159,0.937125237449669,1.0746092644630438,0.8815751286515681,0.0,0.7287535803466703,0.0,0.24835521281101977,30.211,34.3234,2.65199,1,1,0,0,0,0,0,0,0,0,0,0,0.0,0.0,0.0,0.0,0.0,0.0,0.0,0,0,0.125,0.0,0.0,0.0,1.0,29.0019225,3.78238,3.15769625,0.3913494526351453,0.7287535803466703,0.41406292274859535,0.0,0.0,0.0,0.0,0.0,0.0,0.0,0.0,0,0.0,0.0,0,0,0,0,0,0,0,0,0,0,0,0,0,0,0,0,0
1,8.046,0,sem_arma,0.7881200406018468,-1.0120539861857911,0.0005148687239078622,0.9366103687257612,0.8814870320804495,0.0,0.6940237504995604,0.0,0.3187031927298453,30.3645,47.2369,2.10724,1,1,0,0,0,0,0,0,0,0,0,0,0.0,0.0,0.0,0.0,0.0,0.0,0.0,0,0,0.1111111111111111,0.0,0.0,0.0,1.0,31.02803111111111,3.78238,3.0409788888888887,0.3479233877561189,0.6940237504995604,0.4721237500793916,0.0,0.0,0.0,0.0,0.0,0.0,0.0,0.0,0,0.0,0.0,0,0,0,0,0,0,0,0,0,0,0,0,0,0,0,0,0
1,9.127,0,sem_arma,0.0,-0.7290657174855197,0.0,0.0005148687239078622,0.8814870320804495,0.0,0.6635173400926588,0.0,0.3749815766649057,30.6563,47.2291,2.1071,1,1,0,0,0,0,0,0,0,0,0,0,0.0,0.0,0.0,0.0,0.0,0.0,0.0,0,0,0.1,0.0,0.0,0.0,1.0,32.648138,3.78238,2.947591,0.31313104898050703,0.6635173400926588,0.42496286194384325,0.0,0.0,0.0,0.0,0.0,0.0,0.0,0.0,0,0.0,0.0,0,0,0,0,0,0,0,0,0,0,0,0,0,0,0,0,0
1,10.124,1,sem_arma,0.0,0.0,0.0,0.0,0.8924009141322163,0.0,0.6635173400926588,0.0,0.46422166807812737,34.3234,47.2747,2.10694,1,1,0,0,0,0,0,0,0,0,0,0,0.0,0.0,0.0,0.0,0.0,0.0,0.0,0,0,0.0,0.0,0.0,0.0,1.0,36.997370000000004,23.7373,2.85989,0.31313104898050703,0.6635173400926588,0.42496286194384325,0.0,0.0,0.0,0.0,0.0,0.0,0.0,0.0,0,0.0,0.0,0,0,0,0,0,0,0,0,0,0,0,0,0,0,0,0,0
1,11.236,1,sem_arma,0.0,0.0,0.0,0.0,0.4190376421080397,0.0,0.6635173400926588,0.0,0.5061254322889314,34.3234,47.0248,2.11767,1,1,0,0,0,0,0,0,0,0,0,0,0.0,0.0,0.0,0.0,0.0,0.0,0.0,0,0,0.0,0.0,0.0,0.0,1.0,39.32612,30.211,2.723705,0.31313104898050703,0.6635173400926588,0.42496286194384325,0.0,0.0,0.0,0.0,0.0,0.0,0.0,0.0,0,0.0,0.0,0,0,0,0,0,0,0,0,0,0,0,0,0,0,0,0,0
1,12.303,1,sem_arma,0.0,0.0,0.0,0.0,0.00023025629334624438,0.0,0.668252214185944,0.0,0.49961979217056635,47.0248,47.3194,2.10391,1,1,0,0,0,0,0,0,0,0,0,0,0.0,0.0,0.0,0.0,0.0,0.0,0.0,0,0,0.0,0.0,0.0,0.0,1.0,41.03317,30.211,2.586322,0.3018230681998567,0.668252214185944,0.41365488116319293,0.0,0.0,0.0,0.0,0.0,0.0,0.0,0.0,0,0.0,0.0,0,0,0,0,0,0,0,0,0,0,0,0,0,0,0,0,0
1,13.304,1,sem_arma,0.0,0.0,0.0,0.0,7.338914223319316e-09,0.0,0.668252214185944,0.0,0.4939658025141326,47.0248,47.1999,2.10985,1,1,0,0,0,0,0,0,0,0,0,0,0.0,0.0,0.0,0.0,0.0,0.0,0.0,0,0,0.0,0.0,0.0,0.0,1.0,42.732060000000004,30.3645,2.4491059999999996,0.3018230681998567,0.668252214185944,0.40234690038254256,0.0,0.0,0.0,0.0,0.0,0.0,0.0,0.0,0,0.0,0.0,0,0,0,0,0,0,0,0,0,0,0,0,0,0,0,0,0
1,14.363,1,sem_arma,0.0,0.0,0.0,0.0,7.338914223319316e-09,0.0,0.668252214185944,0.0,0.488908720505265,47.0248,47.3214,2.10489,1,1,0,0,0,0,0,0,0,0,0,0,0.0,0.0,0.0,0.0,0.0,0.0,0.0,0,0,0.0,0.0,0.0,0.0,1.0,44.427749999999996,30.6563,2.312665,0.3018230681998567,0.668252214185944,0.40234690038254256,0.0,0.0,0.0,0.0,0.0,0.0,0.0,0.0,0,0.0,0.0,0,0,0,0,0,0,0,0,0,0,0,0,0,0,0,0,0
1,15.362,1,sem_arma,0.0,0.0,0.0,0.0,7.338914223319316e-09,0.0,0.6712673439976121,0.0,0.48368663620614266,47.0248,47.218,2.10809,1,1,0,0,0,0,0,0,0,0,0,0,0.0,0.0,0.0,0.0,0.0,0.0,0.0,0,0,0.0,0.0,0.0,0.0,1.0,46.08392,34.3234,2.171502,0.294937460808629,0.6712673439976121,0.39546129299131483,0.0,0.0,0.0,0.0,0.0,0.0,0.0,0.0,0,0.0,0.0,0,0,0,0,0,0,0,0,0,0,0,0,0,0,0,0,0
1,16.462,1,sem_arma,0.0,0.0,0.0,0.0,7.338914223319316e-09,0.0,0.2963269738508426,0.0,0.3956218034701726,47.1999,47.2623,2.10557,1,1,0,0,0,0,0,0,0,0,0,0,0.0,0.0,0.0,0.0,0.0,0.0,0.0,0,0,0.0,0.0,0.0,0.0,1.0,45.94099,34.3234,2.162325,0.09376401061735769,0.2963269738508426,0.20117345019127128,0.0,0.0,0.0,0.0,0.0,0.0,0.0,0.0,0,0.0,0.0,0,0,0,0,0,0,0,0,0,0,0,0,0,0,0,0,0
1,17.461,1,sem_arma,0.0,0.0,0.0,0.0,7.338914223319316e-09,0.0,0.00016281578631555525,0.0,0.3074642913389073,47.1999,47.2747,2.10694,1,1,0,0,0,0,0,0,0,0,0,0,0.0,0.0,0.0,0.0,0.0,0.0,0.0,0,0,0.0,0.0,0.0,0.0,1.0,47.23612,47.0248,2.10782,5.148687239078622e-05,0.00016281578631555525,0.0937125237449669,0.0,0.0,0.0,0.0,0.0,0.0,0.0,0.0,0,0.0,0.0,0,0,0,0,0,0,0,0,0,0,0,0,0,0,0,0,0
1,18.466,1,sem_arma,0.0,0.0,0.0,0.0,7.338914223319316e-09,0.0,0.0,0.0,0.21931558886475372,47.0434,47.0434,2.11681,1,1,0,0,0,0,0,0,0,0,0,0,0.0,0.0,0.0,0.0,0.0,0.0,0.0,0,0,0.0,0.0,0.0,0.0,1.0,47.216770000000004,47.0248,2.108777,0.0,0.0,5.148687239078622e-05,0.0,0.0,0.0,0.0,0.0,0.0,0.0,0.0,0,0.0,0.0,0,0,0,0,0,0,0,0,0,0,0,0,0,0,0,0,0
1,19.499,1,sem_arma,0.46566477539908957,0.45078874675613706,0.011471715787625203,0.011471715787625203,0.005130307263942727,0.0,0.003627675055900808,0.0,0.13167991638310303,38.7009,38.7009,2.44115,1,1,0,0,0,0,0,0,0,0,0,0,0.0,0.0,0.0,0.0,0.0,0.0,0.0,0,0,0.0,0.0,0.0,0.0,1.0,46.36395,38.7009,2.142182,0.0011471715787625203,0.003627675055900808,0.0011471715787625203,0.0,0.0,0.0,0.0,0.0,0.0,0.0,0.0,0,0.0,0.0,0,0,0,0,0,0,0,0,0,0,0,0,0,0,0,0,0
1,20.974,2,sem_arma,0.7972850621410388,0.22482731304538928,0.017263393686755633,0.00579167789913043,0.008131477746929622,0.6991544629695274,0.006209798467346214,0.03495772314847637,0.04325297274457436,25.5653,25.5653,3.4098,1,1,0,0,0,0,0,0,0,0,0,0,0.0,0.0,0.0,0.0,0.0,0.0,0.0,0,0,0.0,0.0,0.0,0.0,1.0,44.19301,25.5653,2.272468,0.0028735109474380834,0.006209798467346214,0.0017263393686755633,0.0,0.0,0.0,0.0,0.0,0.0,0.0,0.0,0,0.0,0.0,0,0,0,0,0,0,0,0,0,0,0,0,0,0,0,0,0
1,21.973,2,sem_arma,0.06018875850649636,-0.7378341377723147,0.004424390286047586,0.012839003400708048,0.007571158584177823,0.7011856989929267,0.0061395350137272925,0.0700170080981227,0.0021063243921881757,25.0235,25.0235,3.46178,1,1,0,0,0,0,0,0,0,0,0,0,0.0,0.0,0.0,0.0,0.0,0.0,0.0,0,0,0.0,0.0,0.0,0.0,1.0,41.99288,25.0235,2.406879,0.0033159499760428424,0.0061395350137272925,0.003010239708746368,0.0,0.0,0.0,0.0,0.0,0.0,0.0,0.0,0,0.0,0.0,0,0,0,0,0,0,0,0,0,0,0,0,0,0,0,0,0
1,22.975,2,sem_arma,2.277754284251403,2.213139247250406,0.06187828431905106,0.05745389403300347,0.02485802809869083,0.3496693100234637,0.019364642131973933,0.08750047359929589,0.004569101572722634,25.0235,60.7783,1.78864,1,1,0,0,0,0,0,0,0,0,0,0,0.0,0.0,0.0,0.0,0.0,0.0,0.0,0,0,0.0,0.0,0.0,0.0,1.0,43.33877,25.0235,2.375352,0.009503778407947949,0.019364642131973933,0.008755629112046717,0.0,0.0,0.0,0.0,0.0,0.0,0.0,0.0,0,0.0,0.0,0,0,0,0,0,0,0,0,0,0,0,0,0,0,0,0,0
1,25.425,2,sem_arma,0.07703487540343573,-0.8982528199379458,0.015218236541540447,0.046660047777510615,0.02279495026955798,0.3585885293053381,0.019131353089989207,0.10542990006456279,0.0068485958657870105,25.0235,56.4092,1.86674,1,1,0,0,0,0,0,0,0,0,0,0,0.0,0.0,0.0,0.0,0.0,0.0,0.0,0,0,0.0,0.0,0.0,0.0,1.0,44.259699999999995,25.0235,2.351041,0.011025602062101994,0.019131353089989207,0.013421633889797776,0.0,0.0,0.0,0.0,0.0,0.0,0.0,0.0,0,0.0,0.0,0,0,0,0,0,0,0,0,0,0,0,0,0,0,0,0,0
1,33.81,3,sem_arma,0.45077492654862417,0.044572456904614005,0.3450198771166325,0.3298016405750921,0.1449348146642143,0.49603384291067704,0.10688561817158486,0.13023159221009664,0.021342076598317015,25.0235,159.931,4.98521,1,1,0,0,0,0,0,0,0,0,0,0,0.0,0.0,0.0,0.0,0.0,0.0,0.0,0,0,0.0,0.0,0.0,0.0,1.0,55.52066,25.0235,2.6390730000000002,0.04552758977376524,0.10688561817158486,0.04640179794730699,0.0,0.0,0.0,0.0,0.0,0.0,0.0,0.0,0,0.0,0.0,0,0,0,0,0,0,0,0,0,0,0,0,0,0,0,0,0
1,34.812,3,sem_arma,3.5811501963661665,3.1241270157859704,2.8263175975522405,2.481297720435608,1.2242316400734883,0.5909776073159613,0.8841024329827369,0.15978047257589473,0.14376523987177442,13.4731,13.4731,7.92786,1,1,0,0,0,0,0,0,0,0,0,0,0.0,0.0,0.0,0.0,0.0,0.0,0.0,0,0,0.0,0.0,0.0,0.0,1.0,52.146170000000005,13.4731,3.2210500000000004,0.3281593495289893,0.8841024329827369,0.2945315699908678,0.0,0.0,0.0,0.0,0.0,0.0,0.0,0.0,0,0.0,0.0,0,0,0,0,0,0,0,0,0,0,0,0,0,0,0,0,0
1,36.051,3,sem_arma,0.0,-2.890355283588512,1.2026764482524339e-08,2.826317585525476,1.2248168939012052,0.48065823450150996,0.8841024324867292,0.18381338430097022,0.2662469285280035,13.4728,13.4728,7.93096,1,1,0,0,0,0,0,0,0,0,0,0,0.0,0.0,0.0,0.0,0.0,0.0,0.0,0,0,0.0,0.0,0.0,0.0,1.0,48.76722,13.4728,3.803589,0.32815935073166574,0.8841024324867292,0.5771633285434155,0.0,0.0,0.0,0.0,0.0,0.0,0.0,0.0,0,0.0,0.0,0,0,0,0,0,0,0,0,0,0,0,0,0,0,0,0,0
1,37.254,3,sem_arma,0.0,0.0,1.2386667659058732e-08,3.599031765343933e-10,1.2325293081013362,0.46181959181321003,0.8841024319758782,0.20690436389163072,0.38949985860424574,13.462,13.462,7.92922,1,1,0,0,0,0,0,0,0,0,0,0,0.0,0.0,0.0,0.0,0.0,0.0,0.0,0,0,0.0,0.0,0.0,0.0,1.0,45.38595,13.462,4.385817,0.3281593519703325,0.8841024319758782,0.5771633285794058,0.0,0.0,0.0,0.0,0.0,0.0,0.0,0.0,0,0.0,0.0,0,0,0,0,0,0,0,0,0,0,0,0,0,0,0,0,0
1,38.533,3,sem_arma,0.0,0.0,1.1650634240694024e-08,7.360334183647081e-10,1.2344668440710231,0.5538555979293469,0.8841024314953828,0.23459714378809804,0.5129465422774566,13.4467,13.4467,7.92621,1,1,0,0,0,0,0,0,0,0,0,0,0.0,0.0,0.0,0.0,0.0,0.0,0.0,0,0,0.0,0.0,0.0,0.0,1.0,42.02628,13.4467,4.966756999999999,0.32815935313539596,0.8841024314953828,0.5771633286530091,0.0,0.0,0.0,0.0,0.0,0.0,0.0,0.0,0,0.0,0.0,0,0,0,0,0,0,0,0,0,0,0,0,0,0,0,0,0
1,39.534,3,sem_arma,0.0,0.0,1.488627491892873e-08,3.2356406782347055e-09,1.2639676491297194,0.5538555979293469,0.8845663291519035,0.2622899236845654,0.6388302764640342,13.4467,13.4477,7.92949,1,1,0,0,0,0,0,0,0,0,0,0,0.0,0.0,0.0,0.0,0.0,0.0,0.0,0,0,0.0,0.0,0.0,0.0,1.0,39.500960000000006,13.4467,5.515591000000001,0.3270121830452609,0.8845663291519035,0.5760161573978106,0.0,0.0,0.0,0.0,0.0,0.0,0.0,0.0,0,0.0,0.0,0,0,0,0,0,0,0,0,0,0,0,0,0,0,0,0,0
1,40.654,4,sem_arma,0.0,0.0,1.330460820879255e-08,1.5816667101361804e-09,1.2926669205001208e-09,0.5538555979293469,0.8852545873766527,0.28998270358103273,0.6380171288186081,13.4467,13.4795,7.92508,1,1,0,0,0,0,0,0,0,0,0,0,0.0,0.0,0.0,0.0,0.0,0.0,0.0,0,0,0.0,0.0,0.0,0.0,1.0,38.292379999999994,13.4467,5.967119,0.32528584500704616,0.8852545873766527,0.5754369897660643,0.0,0.0,0.0,0.0,0.0,0.0,0.0,0.0,0,0.0,0.0,0,0,0,0,0,0,0,0,0,0,0,0,0,0,0,0,0
1,41.785,4,sem_arma,0.0,0.0,1.3175208836293242e-08,1.2939937249930748e-10,1.2089185826520218e-09,0.5538555979293469,0.885433854860382,0.3176754834775001,0.6372600130810822,13.4467,13.4704,7.94123,1,1,0,0,0,0,0,0,0,0,0,0,0.0,0.0,0.0,0.0,0.0,0.0,0.0,0,0,0.0,0.0,0.0,0.0,1.0,37.13707000000001,13.4467,6.415064000000001,0.3248434072959623,0.885433854860382,0.5741530894389334,0.0,0.0,0.0,0.0,0.0,0.0,0.0,0.0,0,0.0,0.0,0,0,0,0,0,0,0,0,0,0,0,0,0,0,0,0,0
1,42.809,4,sem_arma,0.0,0.0,1.4551915228366852e-08,1.37670639207361e-09,1.2836629652132827e-09,0.5538555979293469,0.8876891149919366,0.3453682633739674,0.6347742103995793,13.4467,13.4675,7.92443,1,1,0,0,0,0,0,0,0,0,0,0,0.0,0.0,0.0,0.0,0.0,0.0,0.0,0,0,0.0,0.0,0.0,0.0,1.0,32.40599,13.4467,7.028643,0.3186555803192487,0.8876891149919366,0.5684077001733037,0.0,0.0,0.0,0.0,0.0,0.0,0.0,0.0,0,0.0,0.0,0,0,0,0,0,0,0,0,0,0,0,0,0,0,0,0,0
1,43.809,4,sem_arma,0.0,0.0,1.4901161193847656e-08,3.4924596548080444e-10,8.561290770862682e-10,0.5538555979293469,0.8882799653902022,0.37306104327043477,0.6324947154582364,13.4477,13.4739,7.93312,1,1,0,0,0,0,0,0,0,0,0,0,0.0,0.0,0.0,0.0,0.0,0.0,0.0,0,0,0.0,0.0,0.0,0.0,1.0,28.112460000000006,13.4467,7.635280999999999,0.3171337581552108,0.8882799653902022,0.5637416954304773,0.0,0.0,0.0,0.0,0.0,0.0,0.0,0.0,0,0.0,0.0,0,0,0,0,0,0,0,0,0,0,0,0,0,0,0,0,0
1,44.813,4,sem_arma,0.0,0.0,1.484179401777655e-08,5.936717607110615e-11,8.469269673450419e-10,0.5538555979293469,0.8937600956510399,0.4007538231669021,0.6180012340765078,13.455,13.455,7.92562,1,1,0,0,0,0,0,0,0,0,0,0,0.0,0.0,0.0,0.0,0.0,0.0,0.0,0,0,0.0,0.0,0.0,0.0,1.0,13.464859999999998,13.4467,7.929322000000001,0.2826317719277269,0.8937600956510399,0.5307615313789047,0.0,0.0,0.0,0.0,0.0,0.0,0.0,0.0,0,0.0,0.0,0,0,0,0,0,0,0,0,0,0,0,0,0,0,0,0,0
1,45.815,4,sem_arma,0.0,0.0,1.4871418357133389e-08,2.962433935683858e-11,7.362824302504851e-10,0.5538555979293469,1.3077386925971337e-09,0.42844660306336946,0.4955780701427871,13.4485,13.4485,7.9274,1,1,0,0,0,0,0,0,0,0,0,0,0.0,0.0,0.0,0.0,0.0,0.0,0.0,0,0,0.0,0.0,0.0,0.0,1.0,13.462399999999999,13.4467,7.929276,1.3659644714341607e-08,1.3077386925971337e-09,0.2826317593383063,0.0,0.0,0.0,0.0,0.0,0.0,0.0,0.0,0,0.0,0.0,0,0,0,0,0,0,0,0,0,0,0,0,0,0,0,0,0
1,46.892,4,sem_arma,0.0,0.0,1.3835804265411009e-08,1.03561409172238e-09,4.497601377807228e-10,0.5538555979293469,1.1751641131446586e-09,0.45613938295983686,0.37309638079764257,13.4452,13.4452,7.9314,1,1,0,0,0,0,0,0,0,0,0,0,0.0,0.0,0.0,0.0,0.0,0.0,0.0,0,0,0.0,0.0,0.0,0.0,1.0,13.459640000000002,13.4452,7.9293200000000015,1.3840548692630272e-08,1.1751641131446586e-09,8.893201320474034e-10,0.0,0.0,0.0,0.0,0.0,0.0,0.0,0.0,0,0.0,0.0,0,0,0,0,0,0,0,0,0,0,0,0,0,0,0,0,0
1,48.224,4,sem_arma,0.0,0.0,1.118705795333908e-08,2.648746312071928e-09,1.596352266979903e-09,0.5538555979293469,1.3829289744165392e-09,0.48383216285630415,0.24984345014714418,13.4452,13.4755,7.92382,1,1,0,0,0,0,0,0,0,0,0,0,0.0,0.0,0.0,0.0,0.0,0.0,0.0,0,0,0.0,0.0,0.0,0.0,1.0,13.46099,13.4452,7.928780000000001,1.372058772205831e-08,1.3829289744165392e-09,1.1182044456011568e-09,0.0,0.0,0.0,0.0,0.0,0.0,0.0,0.0,0,0.0,0.0,0,0,0,0,0,0,0,0,0,0,0,0,0,0,0,0,0
1,49.192,4,sem_arma,0.0,0.0,1.539376156389221e-08,4.206703610553128e-09,1.6842498426647745e-09,0.5538555979293469,1.261662748067224e-09,0.5115249427527715,0.12639676590846685,13.4452,13.4732,7.94245,1,1,0,0,0,0,0,0,0,0,0,0,0.0,0.0,0.0,0.0,0.0,0.0,0.0,0,0,0.0,0.0,0.0,0.0,1.0,13.463639999999998,13.4452,7.930404000000001,1.4094900454378127e-08,1.261662748067224e-09,1.465271464819999e-09,0.0,0.0,0.0,0.0,0.0,0.0,0.0,0.0,0,0.0,0.0,0,0,0,0,0,0,0,0,0,0,0,0,0,0,0,0,0
1,50.453,5,sem_arma,0.0,0.0,1.1816939884098063e-08,3.5768216797941455e-09,1.8527729286454279e-09,0.5347983461002199,1.4121254693132646e-09,0.5382648600577825,1.1807722119118048e-09,13.4452,13.4724,7.92472,1,1,0,0,0,0,0,0,0,0,0,0,0.0,0.0,0.0,0.0,0.0,0.0,0.0,0,0,0.0,0.0,0.0,0.0,1.0,13.46611,13.4452,7.929927000000001,1.378796695089506e-08,1.4121254693132646e-09,1.4993895649759429e-09,0.0,0.0,0.0,0.0,0.0,0.0,0.0,0.0,0,0.0,0.0,0,0,0,0,0,0,0,0,0,0,0,0,0,0,0,0,0
1,51.458,5,sem_arma,0.0,0.0,1.4827026063530008e-08,3.010086179431945e-09,1.844171326555286e-09,0.48397598400717884,1.4360871848838789e-09,0.5275059361096651,1.2359226525173214e-09,13.4452,13.4754,7.93217,1,1,0,0,0,0,0,0,0,0,0,0,0.0,0.0,0.0,0.0,0.0,0.0,0.0,0,0,0.0,0.0,0.0,0.0,1.0,13.465699999999998,13.4452,7.930636,1.3940208736368807e-08,1.4360871848838789e-09,1.6422315119055192e-09,0.0,0.0,0.0,0.0,0.0,0.0,0.0,0.0,0,0.0,0.0,0,0,0,0,0,0,0,0,0,0,0,0,0,0,0,0,0
1,52.568,5,sem_arma,0.0,0.0,1.3424469544006896e-08,1.4025565195231121e-09,1.829663544269135e-09,0.4812877398798209,1.4234413152119464e-09,0.5165110381540098,1.2979971486790329e-09,13.4584,13.4584,7.92374,1,1,0,0,0,0,0,0,0,0,0,0,0.0,0.0,0.0,0.0,0.0,0.0,0.0,0,0,0.0,0.0,0.0,0.0,1.0,13.464499999999997,13.4452,7.928886999999999,1.396513480714017e-08,1.4234413152119464e-09,1.7695472266078998e-09,0.0,0.0,0.0,0.0,0.0,0.0,0.0,0.0,0,0.0,0.0,0,0,0,0,0,0,0,0,0,0,0,0,0,0,0,0,0
1,54.82,5,sem_arma,0.0,0.0,6.616856658014058e-09,6.807612885992838e-09,3.524416894178276e-09,0.9215765115428362,2.6996302554108574e-09,0.5451063982299784,1.5220725415755318e-09,13.4488,13.4488,7.92953,1,1,0,0,0,0,0,0,0,0,0,0,0.0,0.0,0.0,0.0,0.0,0.0,0.0,0,0,0.0,0.0,0.0,0.0,1.0,13.462629999999999,13.4452,7.929397,1.3171628950104892e-08,2.6996302554108574e-09,2.312637875999823e-09,0.0,0.0,0.0,0.0,0.0,0.0,0.0,0.0,0,0.0,0.0,0,0,0,0,0,0,0,0,0,0,0,0,0,0,0,0,0
1,56.697,5,sem_arma,0.0,0.0,7.938817897627946e-09,1.3219612396138882e-09,3.526545569106977e-09,0.9204080842586597,3.075632526718956e-09,0.5731973759776445,1.7891141907776028e-09,13.4454,13.4454,7.93452,1,1,0,0,0,0,0,0,0,0,0,0,0.0,0.0,0.0,0.0,0.0,0.0,0.0,0,0,0.0,0.0,0.0,0.0,1.0,13.45978,13.4452,7.929537000000001,1.2475394620482922e-08,3.075632526718956e-09,2.409909403413131e-09,0.0,0.0,0.0,0.0,0.0,0.0,0.0,0.0,0,0.0,0.0,0,0,0,0,0,0,0,0,0,0,0,0,0,0,0,0,0
1,57.893,5,sem_arma,0.0,0.0,1.2459164877799044e-08,4.5203469801710976e-09,3.5784751553848125e-09,0.9983526887483736,2.9621381933752893e-09,0.5983133182695293,2.06226900958158e-09,13.4454,13.4809,7.93037,1,1,0,0,0,0,0,0,0,0,0,0,0.0,0.0,0.0,0.0,0.0,0.0,0.0,0,0,0.0,0.0,0.0,0.0,1.0,13.462369999999998,13.4452,7.930012,1.2237131706485172e-08,2.9621381933752893e-09,2.8560073838231302e-09,0.0,0.0,0.0,0.0,0.0,0.0,0.0,0.0,0,0.0,0.0,0,0,0,0,0,0,0,0,0,0,0,0,0,0,0,0,0
1,59.521,5,sem_arma,0.0,0.0,0.5592964054808791,0.5592963930217142,0.25012495192405415,0.0,0.17686504906930453,0.5687644379037312,0.025012497181046183,13.4454,43.6886,7.93409,1,1,0,0,0,0,0,0,0,0,0,0,0.0,0.0,0.0,0.0,0.0,0.0,0.0,0,0,0.0,0.0,0.0,0.0,1.0,16.48638,13.4452,7.930681,0.05592965129807779,0.17686504906930453,0.05592964215521636,0.0,0.0,0.0,0.0,0.0,0.0,0.0,0.0,0,0.0,0.0,0,0,0,0,0,0,0,0,0,0,0,0,0,0,0,0,0
1,60.521,6,sem_arma,0.1972495840302268,0.1972495840302268,1.2486711784211775,0.6893747729402984,0.5518701850477733,0.9999049184467887,0.41434251380164144,0.5947267721009952,0.08019951564084751,13.4454,30.0027,7.74346,1,1,0,0,0,0,0,0,0,0,0,0,0.0,0.0,0.0,0.0,0.0,0.0,0.0,0,0,0.0,0.0,0.0,0.0,1.0,18.14213,13.4454,7.911886999999998,0.1807967677566151,0.41434251380164144,0.1248671193456848,0.0,0.0,0.0,0.0,0.0,0.0,0.0,0.0,0,0.0,0.0,0,0,0,0,0,0,0,0,0,0,0,0,0,0,0,0,0
1,61.574,6,sem_arma,2.9211056704608063,2.5867579168381574,0.33170613489670064,0.9169650435244768,0.516328480448745,0.9913724897304279,0.4115284171833733,0.621204416996856,0.1318323635260868,13.4454,17.5378,6.00248,1,1,0,0,0,0,0,0,0,0,0,0,0.0,0.0,0.0,0.0,0.0,0.0,0.0,0,0,0.0,0.0,0.0,0.0,1.0,18.54836,13.4454,7.719753,0.21396738012757938,0.4115284171833733,0.21656362343325783,0.0,0.0,0.0,0.0,0.0,0.0,0.0,0.0,0,0.0,0.0,0,0,0,0,0,0,0,0,0,0,0,0,0,0,0,0,0
1,62.573,6,sem_arma,0.06011300969202436,-2.863856517286068,1.4916077271118776e-08,0.3317061199806234,0.5163284790030511,0.9827317835947699,0.41152841721096933,0.6426482262801272,0.1834652112579669,13.4809,17.7825,5.94046,1,1,0,0,0,0,0,0,0,0,0,0,0.0,0.0,0.0,0.0,0.0,0.0,0.0,0,0,0.0,0.0,0.0,0.0,1.0,18.97929,13.4454,7.519553999999999,0.21396738007981098,0.41152841721096933,0.2497342350106498,0.0,0.0,0.0,0.0,0.0,0.0,0.0,0.0,0,0.0,0.0,0,0,0,0,0,0,0,0,0,0,0,0,0,0,0,0,0
1,63.579,6,sem_arma,0.30039208966683767,0.23884600395110664,0.01735674174328595,0.017356726827208676,0.5127782910295146,0.8362755362050484,0.41056117778906165,0.6567692231939123,0.23474304017564104,16.6964,16.6964,5.89954,1,1,0,0,0,0,0,0,0,0,0,0,0.0,0.0,0.0,0.0,0.0,0.0,0.0,0,0,0.0,0.0,0.0,0.0,1.0,19.30169,13.4454,7.317036,0.21570305307244558,0.41056117778906165,0.2514699073356885,0.0,0.0,0.0,0.0,0.0,0.0,0.0,0.0,0,0.0,0.0,0,0,0,0,0,0,0,0,0,0,0,0,0,0,0,0,0
1,64.576,6,sem_arma,3.3232565960229965,3.031960387518715,2.359521040040601,2.342164298297315,1.0130246622705685,0.11909938524521757,0.7824277133856641,0.6350314125597059,0.3360455062182808,16.6964,146.516,7.60318,1,1,0,0,0,0,0,0,0,0,0,0,0.0,0.0,0.0,0.0,0.0,0.0,0.0,0,0,0.0,0.0,0.0,0.0,1.0,32.60575,13.4454,7.284136999999999,0.45165515559380304,0.7824277133856641,0.4856863368644115,0.0,0.0,0.0,0.0,0.0,0.0,0.0,0.0,0,0.0,0.0,0,0,0,0,0,0,0,0,0,0,0,0,0,0,0,0,0
1,65.577,6,sem_arma,5.98531578577719,2.6593997899642297,1.6954959567251464,0.6640250833154546,1.080878388341343,0.4005265929628569,0.8541021967085558,0.6273649623113814,0.4441333448694487,16.6964,137.889,12.0774,1,1,0,0,0,0,0,0,0,0,0,0,0.0,0.0,0.0,0.0,0.0,0.0,0.0,0,0,0.0,0.0,0.0,0.0,1.0,45.04881,13.4454,7.699503,0.6212047499238708,0.8541021967085558,0.5520888450557013,0.0,0.0,0.0,0.0,0.0,0.0,0.0,0.0,0,0.0,0.0,0,0,0,0,0,0,0,0,0,0,0,0,0,0,0,0,0
1,66.578,6,sem_arma,4.086363347979882,-1.8970553824148935,2.8582437881596294,1.162747831434483,1.323368144655733,0.5310798933697665,1.0732560860304325,0.6262261770834023,0.5764701589825802,13.5704,13.5704,14.8755,1,1,0,0,0,0,0,0,0,0,0,0,0.0,0.0,0.0,0.0,0.0,0.0,0.0,0,0,0.0,0.0,0.0,0.0,1.0,45.06097,13.4454,8.3941,0.9070291280781481,1.0732560860304325,0.6683636275183883,0.0,0.0,0.0,0.0,0.0,0.0,0.0,0.0,0,0.0,0.0,0,0,0,0,0,0,0,0,0,0,0,0,0,0,0,0,0
1,67.693,6,sem_arma,2.279342643245106,-1.6206463719594404,0.024794165501574834,2.833449622658055,1.31690634403418,0.5888032750642427,1.0709540328966871,0.6279735609401471,0.7081607930333438,13.0205,13.0205,17.3681,1,1,0,0,0,0,0,0,0,0,0,0,0.0,0.0,0.0,0.0,0.0,0.0,0.0,0,0,0.0,0.0,0.0,0.0,1.0,45.01848,13.0205,9.337458,0.9095085438344238,1.0709540328966871,0.9517085896519977,0.0,0.0,0.0,0.0,0.0,0.0,0.0,0.0,0,0.0,0.0,0,0,0,0,0,0,0,0,0,0,0,0,0,0,0,0,0
1,69.121,6,sem_arma,3.800706958043284,1.065381172827856,0.17064307019127287,0.14584890468969802,1.2781451334451066,0.2448512761147554,1.056108547629321,0.6125233448494176,0.8359753060200068,13.0205,37.2559,12.6666,1,1,0,0,0,0,0,0,0,0,0,0,0.0,0.0,0.0,0.0,0.0,0.0,0.0,0,0,0.0,0.0,0.0,0.0,1.0,47.395979999999994,13.0205,9.811081,0.9265728496076344,1.056108547629321,0.9662934796689328,0.0,0.0,0.0,0.0,0.0,0.0,0.0,0.0,0,0.0,0.0,0,0,0,0,0,0,0,0,0,0,0,0,0,0,0,0,0
1,70.123,7,sem_arma,6.53694128394989,2.730772780345914,2.9014654090894534,2.7308223388981805,1.395173253139205,0.03668572830551914,1.213581497072071,0.5866648513682262,0.950480136141522,13.0205,127.38,8.63699,1,1,0,0,0,0,0,0,0,0,0,0,0.0,0.0,0.0,0.0,0.0,0.0,0.0,0,0,0.0,0.0,0.0,0.0,1.0,55.76512,13.0205,9.881371,1.1607897499684918,1.213581497072071,1.1834460742565793,0.0,0.0,0.0,0.0,0.0,0.0,0.0,0.0,0,0.0,0.0,0,0,0,0,0,0,0,0,0,0,0,0,0,0,0,0,0
1,71.125,7,sem_arma,2.7269766251166,-3.8023599389553793,0.42542522558980034,2.476040183499653,1.4710914795976677,0.11089248116942875,1.2346967643327424,0.5645166955302302,1.0424022655965115,13.0205,88.2522,9.85135,1,1,0,0,0,0,0,0,0,0,0,0,0.0,0.0,0.0,0.0,0.0,0.0,0.0,0,0,0.0,0.0,0.0,0.0,1.0,61.590070000000004,13.0205,10.092160000000002,1.0784651546853543,1.2346967643327424,1.3621126153125147,0.0,0.0,0.0,0.0,0.0,0.0,0.0,0.0,0,0.0,0.0,0,0,0,0,0,0,0,0,0,0,0,0,0,0,0,0,0
1,72.124,7,sem_arma,2.854358745572208,0.12750963008569374,2.091531446283578,1.6661062206937776,1.2942799596793872,0.08778565867306852,1.2418284307853287,0.5412131985674163,1.1201974135195756,13.0205,151.754,7.04248,1,1,0,0,0,0,0,0,0,0,0,0,0.0,0.0,0.0,0.0,0.0,0.0,0.0,0,0,0.0,0.0,0.0,0.0,1.0,75.01169,13.0205,10.19616,1.254447685824042,1.2418284307853287,1.437026733029445,0.0,0.0,0.0,0.0,0.0,0.0,0.0,0.0,0,0.0,0.0,0,0,0,0,0,0,0,0,0,0,0,0,0,0,0,0,0
1,73.124,7,sem_arma,2.028614232054573,-0.8257445135176349,1.6879398865236919,0.40359155975988603,1.146875275231373,0.036044201871586565,1.1646937170854785,0.5153226287645283,1.1832520931424078,37.2559,45.2538,7.94533,1,1,0,0,0,0,0,0,0,0,0,0,0.0,0.0,0.0,0.0,0.0,0.0,0.0,0,0,0.0,0.0,0.0,0.0,1.0,77.75882,13.0205,10.396647,1.4232416729848034,1.1646937170854785,1.444215277007371,0.0,0.0,0.0,0.0,0.0,0.0,0.0,0.0,0,0.0,0.0,0,0,0,0,0,0,0,0,0,0,0,0,0,0,0,0,0
1,74.126,7,sem_arma,0.0,-2.0245651018508712,2.331112920861256,0.6431730343375643,0.9279054356706777,0.036044201871586565,1.08120170226125,0.49038492155309654,1.2247648076065243,45.2538,89.601,7.94136,1,1,0,0,0,0,0,0,0,0,0,0,0.0,0.0,0.0,0.0,0.0,0.0,0.0,0,0,0.0,0.0,0.0,0.0,1.0,85.04928,13.0205,10.600829000000001,1.6546172908966004,1.08120170226125,1.5067969077584067,0.0,0.0,0.0,0.0,0.0,0.0,0.0,0.0,0,0.0,0.0,0,0,0,0,0,0,0,0,0,0,0,0,0,0,0,0,0
1,75.127,7,sem_arma,0.0,0.0,1.6597109867336264,0.6714019341276298,0.7347436103556051,0.036044201871586565,1.0527813600101126,0.46798833244631693,1.196936702415028,45.2538,168.313,7.93252,1,1,0,0,0,0,0,0,0,0,0,0,0.0,0.0,0.0,0.0,0.0,0.0,0.0,0,0,0.0,0.0,0.0,0.0,1.0,87.22898,13.0205,10.633763,1.5846362855659029,1.0527813600101126,1.3397206713414382,0.0,0.0,0.0,0.0,0.0,0.0,0.0,0.0,0,0.0,0.0,0,0,0,0,0,0,0,0,0,0,0,0,0,0,0,0,0
1,76.131,7,sem_arma,0.0,0.0,1.641330496692445,0.018380490041181474,0.3124895426032999,0.036044201871586565,1.0522868380100314,0.4457261555459053,1.1200978178412235,45.2538,90.3594,7.93695,1,1,0,0,0,0,0,0,0,0,0,0,0.0,0.0,0.0,0.0,0.0,0.0,0.0,0,0,0.0,0.0,0.0,0.0,1.0,82.47601999999999,13.0205,10.219718,1.5792197395626328,1.0522868380100314,1.275156212014011,0.0,0.0,0.0,0.0,0.0,0.0,0.0,0.0,0,0.0,0.0,0,0,0,0,0,0,0,0,0,0,0,0,0,0,0,0,0
1,77.129,7,sem_arma,0.0,0.0,1.5565108915905792,0.0848196051018657,0.3145381979876228,0.036044201871586565,0.9522447529990569,0.4014495400623429,1.0192148231744125,10.7705,10.7705,7.92959,1,1,0,0,0,0,0,0,0,0,0,0,0.0,0.0,0.0,0.0,0.0,0.0,0.0,0,0,0.0,0.0,0.0,0.0,1.0,82.19603,10.7705,9.525127000000001,1.4490464499057276,0.9522447529990569,1.1673633893807491,0.0,0.0,0.0,0.0,0.0,0.0,0.0,0.0,0,0.0,0.0,0,0,0,0,0,0,0,0,0,0,0,0,0,0,0,0,0
1,78.388,7,sem_arma,0.0,0.0,0.899480904986475,0.6570299866041042,0.507657381859871,0.036044201871586565,0.8404992336460904,0.35723134594298916,0.9382899269569815,10.7705,66.7077,7.93513,1,1,0,0,0,0,0,0,0,0,0,0,0.0,0.0,0.0,0.0,0.0,0.0,0.0,0,0,0.0,0.0,0.0,0.0,1.0,87.56474999999999,10.7705,8.58183,1.5365151238542176,0.8404992336460904,0.9497214257753541,0.0,0.0,0.0,0.0,0.0,0.0,0.0,0.0,0,0.0,0.0,0,0,0,0,0,0,0,0,0,0,0,0,0,0,0,0,0
1,79.255,7,sem_arma,0.0,0.0,0.5887043744549845,0.31077653053149057,0.4932783133265886,0.036044201871586565,0.7726729853152644,0.3091159215991498,0.8598032449451299,10.7705,95.3889,7.92852,1,1,0,0,0,0,0,0,0,0,0,0,0.0,0.0,0.0,0.0,0.0,0.0,0.0,0,0,0.0,0.0,0.0,0.0,1.0,93.37805,10.7705,8.108022,1.578321254280589,0.7726729853152644,0.9662141883595334,0.0,0.0,0.0,0.0,0.0,0.0,0.0,0.0,0,0.0,0.0,0,0,0,0,0,0,0,0,0,0,0,0,0,0,0,0,0
1,80.5,8,sem_arma,1.2928760063773814,1.0384546235962901,0.6524669099697559,0.0637625355147714,0.4995350404975225,0.05026761861434429,0.6644887983082383,0.31162930252986704,0.7702394236809615,10.7705,142.755,9.50017,1,1,0,0,0,0,0,0,0,0,0,0,0.0,0.0,0.0,0.0,0.0,0.0,0.0,0,0,0.0,0.0,0.0,0.0,1.0,94.91555,10.7705,8.19434,1.3534214043686192,0.6644887983082383,0.6995082080211924,0.0,0.0,0.0,0.0,0.0,0.0,0.0,0.0,0,0.0,0.0,0,0,0,0,0,0,0,0,0,0,0,0,0,0,0,0,0
1,81.499,8,sem_arma,6.678446010914524,5.390960965502645,0.20583030692241358,0.4466366030473423,0.49994314706650994,0.17550117170366603,0.7011795216295168,0.27040911519271094,0.6731245904278458,10.7705,161.393,15.9766,1,1,0,0,0,0,0,0,0,0,0,0,0.0,0.0,0.0,0.0,0.0,0.0,0.0,0,0,0.0,0.0,0.0,0.0,1.0,102.22963,10.7705,8.806864999999998,1.3314619125018807,0.7011795216295168,0.4965678499759614,0.0,0.0,0.0,0.0,0.0,0.0,0.0,0.0,0,0.0,0.0,0,0,0,0,0,0,0,0,0,0,0,0,0,0,0,0,0
1,82.511,8,sem_arma,6.879702144840293,0.19886969755510772,0.26011074628238234,0.05428043935996876,0.2883183382271539,0.3242054524141077,0.7195331774537995,0.23705076332689493,0.5725284282826224,66.7077,155.956,22.2076,1,1,0,0,0,0,0,0,0,0,0,0,0.0,0.0,0.0,0.0,0.0,0.0,0.0,0,0,0.0,0.0,0.0,0.0,1.0,102.64983,10.7705,10.323376999999999,1.1483198425017611,0.7195331774537995,0.33538527184258043,0.0,0.0,0.0,0.0,0.0,0.0,0.0,0.0,0,0.0,0.0,0,0,0,0,0,0,0,0,0,0,0,0,0,0,0,0,0
1,83.821,8,sem_arma,5.501507551599977,-1.0520569414048206,0.076919344953733,0.18319140132864936,0.25083480690646087,0.3916210118860523,0.7642514461739485,0.20749522474145898,0.4829243814501313,95.3889,157.835,28.5727,1,1,0,0,0,0,0,0,0,0,0,0,0.0,0.0,0.0,0.0,0.0,0.0,0.0,0,0,0.0,0.0,0.0,0.0,1.0,113.90795,10.7705,12.386114000000001,0.987217788344765,0.7642514461739485,0.3133452559994568,0.0,0.0,0.0,0.0,0.0,0.0,0.0,0.0,0,0.0,0.0,0,0,0,0,0,0,0,0,0,0,0,0,0,0,0,0,0
1,85.659,8,sem_arma,4.406410669532168,-0.5958089673927147,0.002273038662303486,0.07464630629142952,0.25239315481561836,0.4601936982895968,0.6564580861498939,0.18869113284568645,0.4153731533646253,142.755,162.872,36.1769,0,1,0,0,0,0,0,0,0,0,0,0,0.0,0.0,0.0,0.0,0.0,0.0,0.0,0,0,0.0,0.0,0.0,0.0,0.9,121.23505,10.7705,15.209667999999999,0.7543338001248698,0.6564580861498939,0.2564925831948433,0.0,0.0,0.0,0.0,0.0,0.0,0.0,0.0,0,0.0,0.0,0,0,0,0,0,0,0,0,0,0,0,0,0,0,0,0,0
1,86.637,8,sem_arma,9.911958385171513,5.629394392269269,0.13913331975172952,0.13686028108942602,0.1020531108630443,0.5386632592901648,0.5968419767345439,0.20966932654793377,0.35210410341536924,155.956,159.15,45.4033,0,1,0,0,0,0,0,0,0,0,0,0,0.0,0.0,0.0,0.0,0.0,0.0,0.0,0,0,0.0,0.0,0.0,0.0,0.8,120.31875,10.7705,18.956746,0.6022760334266801,0.5968419767345439,0.20303841789102295,0.0,0.0,0.0,0.0,0.0,0.0,0.0,0.0,0,0.0,0.0,0,0,0,0,0,0,0,0,0,0,0,0,0,0,0,0,0
1,87.636,8,sem_arma,9.391969921856582,-0.5205089722872182,0.32044593657764703,0.1813126168259175,0.13036527355253877,0.5627708818341125,0.47507935366093706,0.21778154099149657,0.3338916765102931,155.956,179.448,54.5661,0,1,0,0,0,0,0,0,0,0,0,0,0.0,0.0,0.0,0.0,0.0,0.0,0.0,0,0,0.0,0.0,0.0,0.0,0.7,129.22761,10.7705,23.619661,0.47018757741520034,0.47507935366093706,0.2193316305694965,0.0,0.0,0.0,0.0,0.0,0.0,0.0,0.0,0,0.0,0.999,0,0,0,0,0,0,0,0,0,0,0,0,0,0,0,0,0
1,88.634,8,sem_arma,6.731459426510195,-2.6658421797057983,0.04802007626321566,0.2724258603144314,0.12390162967980894,0.5924235277622801,0.29849178894146317,0.22084872271112227,0.31482801967951174,157.835,177.447,61.2971,0,1,0,0,0,0,0,0,0,0,0,0,0.0,0.0,0.0,0.0,0.0,0.0,0.0,0,0,0.0,0.0,0.0,0.0,0.6,145.89526,66.7077,28.956412,0.319338495882464,0.29849178894146317,0.2380922560907531,0.0,0.0,0.0,0.0,0.0,0.0,0.0,0.0,0,0.0,0.0,0,0,0,0,0,0,0,0,0,0,0,0,0,0,0,0,0
1,89.872,8,sem_arma,4.281181069372409,-1.9792232287058045,1.5698637569820126,1.521843680718797,0.6564614452178936,0.6075548806488651,0.46953677285542655,0.22178630299035335,0.32970842601531397,70.7749,70.7749,66.5483,0,1,0,0,0,0,0,0,0,0,0,0,0.0,0.0,0.0,0.0,0.0,0.0,0.0,0,0,0.0,0.0,0.0,0.0,0.5,146.30198000000001,70.7749,34.817729,0.38637678108201773,0.46953677285542655,0.32457362550222235,0.0,0.0,0.0,0.0,0.0,0.0,0.0,0.0,0,0.0,0.0,0,0,0,0,0,0,0,0,0,0,0,0,0,0,0,0,0
1,90.872,9,sem_arma,3.866393487488467,-0.4147875818839424,0.7381174124013226,0.8317463445806901,0.6221214559900847,0.6946749624930854,0.47897293134620267,0.2442774873092699,0.3425927402816636,31.5805,31.5805,67.9141,0,1,0,0,0,0,0,0,0,0,0,0,0.0,0.0,0.0,0.0,0.0,0.0,0.0,0,0,0.0,0.0,0.0,0.0,0.4,139.92114,31.5805,40.816287,0.4013180848766515,0.47897293134620267,0.3766706069071423,0.0,0.0,0.0,0.0,0.0,0.0,0.0,0.0,0,0.0,0.0,0,0,0,0,0,0,0,0,0,0,0,0,0,0,0,0,0
1,91.872,9,sem_arma,1.7506179231638488,-2.1157755643246183,0.7662750567307931,0.028157644329470544,0.5768429672835329,0.8306667441575217,0.4868901598916385,0.28397653810187,0.35032353296026464,11.2835,11.2835,68.9334,0,1,0,0,0,0,0,0,0,0,0,0,0.0,0.0,0.0,0.0,0.0,0.0,0.0,0,0,0.0,0.0,0.0,0.0,0.3,126.77398999999998,11.2835,46.75961,0.4126988995527553,0.4868901598916385,0.37311011778861225,0.0,0.0,0.0,0.0,0.0,0.0,0.0,0.0,0,0.0,0.0,0,0,0,0,0,0,0,0,0,0,0,0,0,0,0,0,0
1,92.879,9,sem_arma,2.313686949263419,0.5591549415090074,0.7735880174976619,0.007312960766868826,0.5389015636711277,0.8195967208536016,0.4931497078571325,0.3194117500860786,0.3542193746207264,11.2835,55.5794,66.6301,0,1,0,0,0,0,0,0,0,0,0,0,0.0,0.0,0.0,0.0,0.0,0.0,0.0,0,0,0.0,0.0,0.0,0.0,0.2,116.19263000000001,11.2835,51.82496,0.46947467061028014,0.4931497078571325,0.32917775356056495,0.0,0.0,0.0,0.0,0.0,0.0,0.0,0.0,0,0.0,0.0,0,0,0,0,0,0,0,0,0,0,0,0,0,0,0,0,0
1,93.874,9,sem_arma,0.9170118026476167,-1.4036936146892485,0.07534704572768412,0.6982409717699778,0.52969250799627,0.8721595090964146,0.5051797566342685,0.3586304426072459,0.378356791597638,11.2835,59.1366,66.9888,0,1,0,0,0,0,0,0,0,0,0,0,0.0,0.0,0.0,0.0,0.0,0.0,0.0,0,0,0.0,0.0,0.0,0.0,0.1,106.51069,11.2835,56.30308,0.45099830055481027,0.5051797566342685,0.39357380680156584,0.0,0.0,0.0,0.0,0.0,0.0,0.0,0.0,0,0.0,0.0,0,0,0,0,0,0,0,0,0,0,0,0,0,0,0,0,0
1,94.876,9,sem_arma,2.1511216930128234,1.2316465971708648,0.9301684630010231,0.8548214172733389,0.3335620461129775,0.8282564161314947,0.507031102752727,0.39824105332024134,0.3866295155182897,7.60318,7.60318,66.0396,0,1,0,0,0,0,0,0,0,0,0,0,0.0,0.0,0.0,0.0,0.0,0.0,0.0,0,0,0.0,0.0,0.0,0.0,0.0,91.487508,7.60318,60.04977000000001,0.5363232123595394,0.507031102752727,0.4607368083960348,0.0,0.0,0.0,0.0,0.0,0.0,0.0,0.0,0,0.0,0.0,0,0,0,0,0,0,0,0,0,0,0,0,0,0,0,0,0
1,95.883,9,sem_arma,4.759465703413367,2.5902125227413544,2.633223748318078,1.7030552853170549,0.952206558191782,0.8310153414941149,0.7981448600376829,0.4379896103013678,0.456610855855906,7.60318,146.773,70.0445,0,1,0,0,0,0,0,0,0,0,0,0,0.0,0.0,0.0,0.0,0.0,0.0,0.0,0,0,0.0,0.0,0.0,0.0,0.0,89.877608,7.60318,63.436530000000005,0.7994182833251168,0.7981448600376829,0.6235777062985972,0.0,0.0,0.0,0.0,0.0,0.0,0.0,0.0,0,0.0,0.0,0,0,0,0,0,0,0,0,0,0,0,0,0,0,0,0,0
1,96.884,9,sem_arma,6.736437978578254,1.9749972778870004,0.4551506328768624,2.178073115441215,0.9838559522543368,0.841698577627986,0.775017866908436,0.47827232908918776,0.5447911399950353,7.60318,174.54,76.3717,0,1,0,0,0,0,0,0,0,0,0,0,0.0,0.0,0.0,0.0,0.0,0.0,0.0,0,0,0.0,0.0,0.0,0.0,0.0,91.416608,7.60318,66.53336999999999,0.83102001463763,0.775017866908436,0.8276989897337762,0.0,0.0,0.0,0.0,0.0,0.0,0.0,0.0,0,0.0,0.0,0,0,0,0,0,0,0,0,0,0,0,0,0,0,0,0,0
1,97.884,9,sem_arma,6.752392494783435,0.015954516205180624,0.1213540634552207,0.3337965694216417,1.0574722745294278,0.8524017733585331,0.7919631277845238,0.5190902076635351,0.6375018400927243,7.60318,178.445,83.042,0,1,0,0,0,0,0,0,0,0,0,0,0.0,0.0,0.0,0.0,0.0,0.0,0.0,0,0,0.0,0.0,0.0,0.0,0.0,91.316308,7.60318,69.38095999999999,0.8111108273253874,0.7919631277845238,0.8429473849933486,0.0,0.0,0.0,0.0,0.0,0.0,0.0,0.0,0,0.0,0.0,0,0,0,0,0,0,0,0,0,0,0,0,0,0,0,0,0
1,99.088,9,sem_arma,5.232421117233343,-1.2624346989618709,0.6640656857002044,0.5427116222449837,0.9806045967735799,0.8603329091473662,0.7487926520562206,0.560304643027324,0.7231721368021014,7.60318,133.259,89.253,0,1,0,0,0,0,0,0,0,0,0,0,0.0,0.0,0.0,0.0,0.0,0.0,0.0,0,0,0.0,0.0,0.0,0.0,0.0,86.89750799999999,7.60318,72.17654999999999,0.8727153882690863,0.7487926520562206,0.8699759611864039,0.0,0.0,0.0,0.0,0.0,0.0,0.0,0.0,0,0.0,0.0,0,0,0,0,0,0,0,0,0,0,0,0,0,0,0,0,0
1,100.089,10,sem_arma,8.514059246282233,3.2783597692796116,0.6618476501753066,0.0022180355248978545,0.9899965266035852,0.8706587938640998,0.7088499254981148,0.6020353726269497,0.7565256449406704,133.259,171.564,97.744,0,1,0,0,0,0,0,0,0,0,0,0,0.0,0.0,0.0,0.0,0.0,0.0,0.0,0,0,0.0,0.0,0.0,0.0,0.0,96.976418,7.60318,75.29612,0.7819137775884156,0.7088499254981148,0.7180133966670139,0.0,0.0,0.0,0.0,0.0,0.0,0.0,0.0,0,0.0,0.0,0,0,0,0,0,0,0,0,0,0,0,0,0,0,0,0,0
1,101.481,10,sem_arma,5.423155986966945,-2.220476479393167,0.28776805623274265,0.3740795939425639,0.23682371507136843,0.8790145878965463,0.7260390538913116,0.6441838919281977,0.7179958708487988,133.259,165.997,105.216,0,1,0,0,0,0,0,0,0,0,0,0,0.0,0.0,0.0,0.0,0.0,0.0,0.0,0,0,0.0,0.0,0.0,0.0,0.0,110.41806799999999,7.60318,79.02631,0.7368788419715576,0.7260390538913116,0.6722467216032013,0.0,0.0,0.0,0.0,0.0,0.0,0.0,0.0,0,0.0,0.0,0,0,0,0,0,0,0,0,0,0,0,0,0,0,0,0,0
1,103.061,10,sem_arma,4.850178985922852,-0.3626436715468941,0.05480562515876213,0.2329624310739805,0.2910585197056519,0.8867040471013606,0.7570362702615421,0.6860057133525486,0.6894174260910106,133.259,171.812,112.651,0,1,0,0,0,0,0,0,0,0,0,0,0.0,0.0,0.0,0.0,0.0,0.0,0.0,0,0,0.0,0.0,0.0,0.0,0.0,126.47091800000001,7.60318,83.39806999999999,0.6657318988143546,0.7570362702615421,0.6927272002776523,0.0,0.0,0.0,0.0,0.0,0.0,0.0,0.0,0,0.0,0.0,0,0,0,0,0,0,0,0,0,0,0,0,0,0,0,0,0
1,105.431,10,sem_arma,4.351263584439035,-0.21051282763030255,0.04473848781639927,0.010067137342362864,0.30814479702832476,0.8968214037837177,0.7802288083844627,0.7220717249565511,0.6663417494267303,133.259,177.789,122.963,0,1,0,0,0,0,0,0,0,0,0,0,0.0,0.0,0.0,0.0,0.0,0.0,0.0,0,0,0.0,0.0,0.0,0.0,0.0,138.691878,7.60318,89.03135999999999,0.5928469458462283,0.7802288083844627,0.6930026179352018,0.0,0.0,0.0,0.0,0.0,0.0,0.0,0.0,0,0.0,0.0,0,0,0,0,0,0,0,0,0,0,0,0,0,0,0,0,0
1,107.174,10,sem_arma,11.297831710187884,3.9854091369758167,0.37261958388441646,0.3278810960680172,0.25515288311847356,0.906451484298536,0.763811334255688,0.7511840265507725,0.6388877869389508,144.817,144.817,142.589,0,1,0,0,0,0,0,0,0,0,0,0,0.0,0.0,0.0,0.0,0.0,0.0,0.0,0,0,0.0,0.0,0.0,0.0,0.0,147.25991800000003,7.60318,96.59138,0.6225741996619016,0.763811334255688,0.6559666303650056,0.0,0.0,0.0,0.0,0.0,0.0,0.0,0.0,0,0.0,0.0,0,0,0,0,0,0,0,0,0,0,0,0,0,0,0,0,0
1,109.186,10,sem_arma,4.249173281156869,-3.5033093583653154,0.29175779834500853,0.08086178553940793,0.15047709767432185,0.90542360445455,0.7619228768133337,0.7768741561791974,0.6205792920950852,111.826,111.826,150.989,0,1,0,0,0,0,0,0,0,0,0,0,0.0,0.0,0.0,0.0,0.0,0.0,0.0,0,0,0.0,0.0,0.0,0.0,0.0,157.68220000000002,111.826,105.08632,0.5587331331963001,0.7619228768133337,0.5785706671916125,0.0,0.0,0.0,0.0,0.0,0.0,0.0,0.0,0,0.0,0.0,0,0,0,0,0,0,0,0,0,0,0,0,0,0,0,0,0
1,110.373,11,sem_arma,10.629399651498117,5.37508540045598,0.3108761725564735,0.01911837421146495,0.1537686129944179,0.894761444808505,0.22194347787675356,0.7986025435051428,0.5407354975753489,111.826,135.219,162.003,0,1,0,0,0,0,0,0,0,0,0,0,0.0,0.0,0.0,0.0,0.0,0.0,0.0,0,0,0.0,0.0,0.0,0.0,0.0,156.52679999999998,111.826,114.28217,0.32649837562013967,0.22194347787675356,0.4101769760810535,0.0,0.0,0.0,0.0,0.0,0.0,0.0,0.0,0,0.0,0.0,0,0,0,0,0,0,0,0,0,0,0,0,0,0,0,0,0
1,111.372,11,sem_arma,8.96652530043514,-1.6645388899529294,0.5579532710816062,0.2470770985251327,0.1843522879299667,0.8668439462312584,0.2307700378784771,0.8150115778521976,0.4607851311429118,111.826,169.636,167.34,0,1,0,0,0,0,0,0,0,0,0,0,0.0,0.0,0.0,0.0,0.0,0.0,0.0,0,0,0.0,0.0,0.0,0.0,0.0,156.0364,111.826,123.37899999999999,0.33677863944061404,0.2307700378784771,0.21707737438944533,0.0,0.0,0.0,0.0,0.0,0.0,0.0,0.0,0,0.0,0.0,0,0,0,0,0,0,0,0,0,0,0,0,0,0,0,0,0
1,113.493,11,sem_arma,5.863565237843981,-1.4629703265399148,0.03805260898996297,0.5199006620916432,0.18681580051522365,0.8679219539222909,0.24070010698899388,0.8302691314566063,0.3737194837414914,111.826,175.114,179.479,0,1,0,0,0,0,0,0,0,0,0,0,0.0,0.0,0.0,0.0,0.0,0.0,0.0,0,0,0.0,0.0,0.0,0.0,0.0,155.70329999999998,111.826,133.0227,0.32844849399408826,0.24070010698899388,0.2356877836564455,0.0,0.0,0.0,0.0,0.0,0.0,0.0,0.0,0,0.0,0.0,0,0,0,0,0,0,0,0,0,0,0,0,0,0,0,0,0
1,114.469,11,sem_arma,8.254113816206655,2.449332559797821,0.24778312135916902,0.20973051236920606,0.18540162726667156,0.8680327159488709,0.21028228624526332,0.844049590865936,0.2941991867908006,111.826,161.834,187.363,0,1,0,0,0,0,0,0,0,0,0,0,0.0,0.0,0.0,0.0,0.0,0.0,0.0,0,0,0.0,0.0,0.0,0.0,0.0,158.5608,111.826,142.8337,0.28682023755998476,0.21028228624526332,0.2023896726688677,0.0,0.0,0.0,0.0,0.0,0.0,0.0,0.0,0,0.0,0.0,0,0,0,0,0,0,0,0,0,0,0,0,0,0,0,0,0
1,115.465,11,sem_arma,6.675024672022832,-1.5854308676544406,0.5184723162241724,0.2706891948650034,0.2119764456939471,0.8676823936924843,0.18527134331231587,0.857055966518117,0.21639717869983674,135.219,168.0,193.751,0,1,0,0,0,0,0,0,0,0,0,0,0.0,0.0,0.0,0.0,0.0,0.0,0.0,0,0,0.0,0.0,0.0,0.0,0.0,158.20440000000002,111.826,152.4344,0.2724827041648713,0.18527134331231587,0.22923678860287827,0.0,0.0,0.0,0.0,0.0,0.0,0.0,0.0,0,0.0,0.0,0,0,0,0,0,0,0,0,0,0,0,0,0,0,0,0,0
1,116.466,11,sem_arma,6.4827178397726,-0.19211471753269904,0.46247693113053084,0.0559953850936416,0.2184724514640032,0.8829752378138268,0.19486208258674323,0.8664709802841539,0.21456205233910022,161.834,166.321,199.498,0,1,0,0,0,0,0,0,0,0,0,0,0.0,0.0,0.0,0.0,0.0,0.0,0.0,0,0,0.0,0.0,0.0,0.0,0.0,158.2368,111.826,161.8626,0.2899535916546502,0.19486208258674323,0.19742836771798605,0.0,0.0,0.0,0.0,0.0,0.0,0.0,0.0,0,0.0,0.0,0,0,0,0,0,0,0,0,0,0,0,0,0,0,0,0,0
1,117.468,11,sem_arma,5.713300662919703,-0.7678814140248469,0.13176143989648487,0.330715491234046,0.2071941067014637,0.8863209858464692,0.1858550965011055,0.8692536923686014,0.20617561103868137,159.669,159.669,204.262,0,1,0,0,0,0,0,0,0,0,0,0,0.0,0.0,0.0,0.0,0.0,0.0,0.0,0,0,0.0,0.0,0.0,0.0,0.0,157.02249999999998,111.826,171.02370000000002,0.29764917312842243,0.1858550965011055,0.20720367373399257,0.0,0.0,0.0,0.0,0.0,0.0,0.0,0.0,0,0.0,0.0,0,0,0,0,0,0,0,0,0,0,0,0,0,0,0,0,0
1,118.558,11,sem_arma,4.193399866168605,-1.3944044006890812,0.05580744675051597,0.0759539931459689,0.20210679647052912,0.9166470549163345,0.18420713152625456,0.874106209071738,0.19557181098290183,159.669,163.582,208.558,0,1,0,0,0,0,0,0,0,0,0,0,0.0,0.0,0.0,0.0,0.0,0.0,0.0,0,0,0.0,0.0,0.0,0.0,0.0,155.6018,111.826,179.58319999999998,0.2987560690218341,0.18420713152625456,0.21379235931435323,0.0,0.0,0.0,0.0,0.0,0.0,0.0,0.0,0,0.0,0.0,0,0,0,0,0,0,0,0,0,0,0,0,0,0,0,0,0
1,119.666,11,sem_arma,2.96165786829683,-1.1116805034943813,0.029614663456788617,0.026192783293727356,0.23288762896389553,0.9218452014657322,0.2001683862163428,0.8765904936902039,0.19334528556744404,159.669,165.692,211.719,0,1,0,0,0,0,0,0,0,0,0,0,0.0,0.0,0.0,0.0,0.0,0.0,0.0,0,0,0.0,0.0,0.0,0.0,0.0,157.6893,111.826,186.4962,0.2644555769790713,0.2001683862163428,0.18362352803692422,0.0,0.0,0.0,0.0,0.0,0.0,0.0,0.0,0,0.0,0.0,0,0,0,0,0,0,0,0,0,0,0,0,0,0,0,0,0
1,120.98,12,sem_arma,3.0118495811328225,0.038197650560115926,0.01508501452484594,0.014529648931942677,0.18636710088134525,0.939590496392251,0.21457760283885824,0.8821571977032416,0.19693428588814638,159.669,167.07,215.565,0,1,0,0,0,0,0,0,0,0,0,0,0.0,0.0,0.0,0.0,0.0,0.0,0.0,0,0,0.0,0.0,0.0,0.0,0.0,163.2137,135.219,192.9538,0.23678829859705502,0.21457760283885824,0.17699031437617768,0.0,0.0,0.0,0.0,0.0,0.0,0.0,0.0,0,0.0,0.0,0,0,0,0,0,0,0,0,0,0,0,0,0,0,0,0,0
1,121.983,12,sem_arma,6.750430719464399,3.7273989415070554,0.22231989356069917,0.20723487903585322,0.08613381438252896,0.9462073433647936,0.21300183332078745,0.8879167977967756,0.1901708060269575,154.964,154.964,221.801,0,1,0,0,0,0,0,0,0,0,0,0,0.0,0.0,0.0,0.0,0.0,0.0,0.0,0,0,0.0,0.0,0.0,0.0,0.0,165.1882,154.964,198.9336,0.22793267069747764,0.21300183332078745,0.1958019648586165,0.0,0.0,0.0,0.0,0.0,0.0,0.0,0.0,0,0.0,0.0,0,0,0,0,0,0,0,0,0,0,0,0,0,0,0,0,0
1,122.986,12,sem_arma,4.051839790773816,-2.6905193705788464,0.5678136818194389,0.3454937882587398,0.2331359035319191,0.9510123153038146,0.21471526656262782,0.893382484680567,0.1950491675871527,154.964,172.08,225.556,0,1,0,0,0,0,0,0,0,0,0,0,0.0,0.0,0.0,0.0,0.0,0.0,0.0,0,0,0.0,0.0,0.0,0.0,0.0,165.4326,154.964,204.7552,0.22891871177126086,0.21471526656262782,0.20564363383197723,0.0,0.0,0.0,0.0,0.0,0.0,0.0,0.0,0,0.0,0.0,0,0,0,0,0,0,0,0,0,0,0,0,0,0,0,0,0
1,124.075,12,sem_arma,3.7866170320708235,-0.2435470695160633,1.3291777001161775,0.7613640182967386,0.5484222313648234,0.9510762642266449,0.3975429233854759,0.8983162092239727,0.2312098106721127,89.3586,89.3586,229.587,0,1,0,0,0,0,0,0,0,0,0,0,0.0,0.0,0.0,0.0,0.0,0.0,0.0,0,0,0.0,0.0,0.0,0.0,0.0,156.85706,89.3586,209.766,0.3580312208838824,0.3975429233854759,0.22978996945248675,0.0,0.0,0.0,0.0,0.0,0.0,0.0,0.0,0,0.0,0.0,0,0,0,0,0,0,0,0,0,0,0,0,0,0,0,0,0
1,125.144,12,sem_arma,3.8590878511485696,0.06779309548900478,1.3173986730751905,0.011779027040986989,0.6106023662851996,0.9271279735357588,0.4962287672964274,0.9016559624433922,0.2737298845739655,9.65594,9.65594,230.455,0,1,0,0,0,0,0,0,0,0,0,0,0.0,0.0,0.0,0.0,0.0,0.0,0.0,0,0,0.0,0.0,0.0,0.0,0.0,141.639254,9.65594,214.0752,0.4649927760554845,0.4962287672964274,0.20999482091966484,0.0,0.0,0.0,0.0,0.0,0.0,0.0,0.0,0,0.0,0.0,0,0,0,0,0,0,0,0,0,0,0,0,0,0,0,0,0
1,126.833,12,sem_arma,0.4803273841969702,-2.000450246862995,1.6035272218426209,0.2861285487674303,0.5840788771702983,0.9196088890340143,0.613899477261663,0.904103467201888,0.3109401277216006,9.65594,145.707,230.495,0,1,0,0,0,0,0,0,0,0,0,0,0.0,0.0,0.0,0.0,0.0,0.0,0.0,0,0,0.0,0.0,0.0,0.0,0.0,139.409954,9.65594,217.74960000000002,0.5734982666173294,0.613899477261663,0.21153875630990754,0.0,0.0,0.0,0.0,0.0,0.0,0.0,0.0,0,0.0,0.0,0,0,0,0,0,0,0,0,0,0,0,0,0,0,0,0,0
1,127.992,12,sem_arma,4.186703735897143,3.1979088452978193,1.1789376580087827,0.42458956383383817,0.38516383860412207,0.9064623815940251,0.6407246449692356,0.9054758568867619,0.3276092664356125,9.65594,68.5336,232.485,0,1,0,0,0,0,0,0,0,0,0,0,0.0,0.0,0.0,0.0,0.0,0.0,0.0,0,0,0.0,0.0,0.0,0.0,0.0,129.631214,9.65594,221.0483,0.6451443393051545,0.6407246449692356,0.24839817418392718,0.0,0.0,0.0,0.0,0.0,0.0,0.0,0.0,0,0.0,0.0,0,0,0,0,0,0,0,0,0,0,0,0,0,0,0,0,0
1,129.052,12,sem_arma,2.758124131654111,-1.3477166077764449,0.2678131701368714,0.9111244878719114,0.5109647750301433,0.8901922570066332,0.6299663517053986,0.9056502673820255,0.35798633326848045,9.65594,52.9669,231.854,0,1,0,0,0,0,0,0,0,0,0,0,0.0,0.0,0.0,0.0,0.0,0.0,0.0,0,0,0.0,0.0,0.0,0.0,0.0,118.961004,9.65594,223.80749999999998,0.6587495123291932,0.6299663517053986,0.30643907384771374,0.0,0.0,0.0,0.0,0.0,0.0,0.0,0.0,0,0.0,0.0,0,0,0,0,0,0,0,0,0,0,0,0,0,0,0,0,0
1,130.53,13,sem_arma,0.3383861122887568,-1.637170513778995,0.022433199284105195,0.2453799708527662,0.6917996337364931,0.8807203168320338,0.6335934878218847,0.9048452130344413,0.4069556169950769,9.65594,51.0879,231.362,0,1,0,0,0,0,0,0,0,0,0,0,0.0,0.0,0.0,0.0,0.0,0.0,0.0,0,0,0.0,0.0,0.0,0.0,0.0,107.71159400000002,9.65594,226.0879,0.6554120875825521,0.6335934878218847,0.32338167161839343,0.0,0.0,0.0,0.0,0.0,0.0,0.0,0.0,0,0.0,0.0,0,0,0,0,0,0,0,0,0,0,0,0,0,0,0,0,0
1,131.399,13,sem_arma,2.6378354500060786,2.6460866947264923,0.19389876001988046,0.17146556073577526,0.6958572471717892,0.8681810275703441,0.6174895032243131,0.9029316901980318,0.4532525788158662,51.0879,60.2765,232.649,0,1,0,0,0,0,0,0,0,0,0,0,0.0,0.0,0.0,0.0,0.0,0.0,0.0,0,0,0.0,0.0,0.0,0.0,0.0,97.17004399999999,9.65594,228.1809,0.6718404972388613,0.6174895032243131,0.33790894936259824,0.0,0.0,0.0,0.0,0.0,0.0,0.0,0.0,0,0.0,0.0,0,0,0,0,0,0,0,0,0,0,0,0,0,0,0,0,0
1,132.405,13,sem_arma,3.8125983376650887,1.1677563495616403,0.4706946724680734,0.2767959124481929,0.4501860998899831,0.820512693209969,0.5792728624017995,0.8986861446358028,0.47963447871673,33.9098,33.9098,230.43,0,1,0,0,0,0,0,0,0,0,0,0,0.0,0.0,0.0,0.0,0.0,0.0,0.0,0,0,0.0,0.0,0.0,0.0,0.0,83.854024,9.65594,229.6674,0.7174014630331841,0.5792728624017995,0.3641355757142233,0.0,0.0,0.0,0.0,0.0,0.0,0.0,0.0,0,0.0,0.0,0,0,0,0,0,0,0,0,0,0,0,0,0,0,0,0,0
1,133.401,13,sem_arma,1.8524192732737967,-1.9680512694691688,0.31353534030990327,0.15715933215817013,0.16426096287575304,0.7699324511422662,0.5712737717802403,0.8924446949524908,0.4874471935660524,33.9098,52.0436,228.896,0,1,0,0,0,0,0,0,0,0,0,0,0.0,0.0,0.0,0.0,0.0,0.0,0.0,0,0,0.0,0.0,0.0,0.0,0.0,73.561984,9.65594,230.37689999999998,0.7265230077081044,0.5712737717802403,0.35912802102645497,0.0,0.0,0.0,0.0,0.0,0.0,0.0,0.0,0,0.0,0.0,0,0,0,0,0,0,0,0,0,0,0,0,0,0,0,0,0
1,134.407,13,sem_arma,0.8125760721605644,-1.0336413529952608,1.5834702289021167,1.2699348885922135,0.6184438827725686,0.7569799014136642,0.6274461082250733,0.8869514927116111,0.5259779914901174,33.9098,143.261,229.663,0,1,0,0,0,0,0,0,0,0,0,0,0.0,0.0,0.0,0.0,0.0,0.0,0.0,0,0,0.0,0.0,0.0,0.0,0.0,70.680084,9.65594,230.78759999999997,0.8280886624163722,0.6274461082250733,0.4515721310598023,0.0,0.0,0.0,0.0,0.0,0.0,0.0,0.0,0,0.0,0.0,0,0,0,0,0,0,0,0,0,0,0,0,0,0,0,0,0
1,135.634,13,sem_arma,2.380605295170979,1.2779374270663524,1.3138183381882074,0.2696518907139094,0.6299165209311608,0.7122966128822651,0.6261005485244651,0.8791702256596098,0.5341274204467512,33.9098,124.869,231.836,0,1,0,0,0,0,0,0,0,0,0,0,0.0,0.0,0.0,0.0,0.0,0.0,0.0,0,0,0.0,0.0,0.0,0.0,0.0,74.231124,9.65594,231.0125,0.8265527262235752,0.6261005485244651,0.40240091830151936,0.0,0.0,0.0,0.0,0.0,0.0,0.0,0.0,0,0.0,0.0,0,0,0,0,0,0,0,0,0,0,0,0,0,0,0,0,0
1,136.735,13,sem_arma,4.640730155040865,2.0527927882560273,0.6922243437308322,0.6215939944573752,0.5492275451939076,0.6543500602837808,0.6024069451753123,0.8684860928763554,0.5279899383376219,33.9098,169.569,234.634,0,1,0,0,0,0,0,0,0,0,0,0,0.0,0.0,0.0,0.0,0.0,0.0,0.0,0,0,0.0,0.0,0.0,0.0,0.0,90.22242999999999,33.9098,231.43040000000002,0.7640352932891393,0.6024069451753123,0.46338241504315825,0.0,0.0,0.0,0.0,0.0,0.0,0.0,0.0,0,0.0,0.0,0,0,0,0,0,0,0,0,0,0,0,0,0,0,0,0,0
1,137.918,13,sem_arma,3.027374520556082,-1.363783292041237,0.47003637560555706,0.22218796812527514,0.5493486841542802,0.6354887180891322,0.5290721085071085,0.8568764090961876,0.5245169190360202,52.0436,158.423,238.178,0,1,0,0,0,0,0,0,0,0,0,0,0.0,0.0,0.0,0.0,0.0,0.0,0.0,0,0,0.0,0.0,0.0,0.0,0.0,91.49403,33.9098,232.1987,0.650686208665433,0.5290721085071085,0.4569883569789427,0.0,0.0,0.0,0.0,0.0,0.0,0.0,0.0,0,0.0,0.0,0,0,0,0,0,0,0,0,0,0,0,0,0,0,0,0,0
1,138.904,13,sem_arma,0.5863050642661188,-2.4757296716936743,0.1882224085219147,0.28181396708364237,0.5831638124518228,0.6048475925144922,0.5116343275507389,0.842970026831221,0.5443169164207902,124.869,147.862,238.685,0,1,0,0,0,0,0,0,0,0,0,0,0.0,0.0,0.0,0.0,0.0,0.0,0.0,0,0,0.0,0.0,0.0,0.0,0.0,99.42687,33.9098,232.81869999999998,0.5516146837167462,0.5116343275507389,0.4427107973039231,0.0,0.0,0.0,0.0,0.0,0.0,0.0,0.0,0,0.0,0.0,0,0,0,0,0,0,0,0,0,0,0,0,0,0,0,0,0
1,139.904,13,sem_arma,2.521430975379382,1.9351259111132633,1.204798774419623,1.0165763658977083,0.4793766238469006,0.5705603849955518,0.5389536283009138,0.8271819967886751,0.5411581013024659,79.3996,79.3996,239.495,0,1,0,0,0,0,0,0,0,0,0,0,0.0,0.0,0.0,0.0,0.0,0.0,0.0,0,0,0.0,0.0,0.0,0.0,0.0,102.07014,33.9098,233.58280000000005,0.6453132441450213,0.5389536283009138,0.45325598510650283,0.0,0.0,0.0,0.0,0.0,0.0,0.0,0.0,0,0.0,0.0,0,0,0,0,0,0,0,0,0,0,0,0,0,0,0,0,0
1,140.938,14,sem_arma,0.7785752698352766,-1.6855471040078391,0.025038729279854028,1.179760045139769,0.46262634058011937,0.5305569015163205,0.5386195694917292,0.8078774891186745,0.5182407719868285,78.1096,78.1096,239.33,0,1,0,0,0,0,0,0,0,0,0,0,0.0,0.0,0.0,0.0,0.0,0.0,0.0,0,0,0.0,0.0,0.0,0.0,0.0,104.77230999999999,33.9098,234.37960000000004,0.6455737971445962,0.5386195694917292,0.5466939925352031,0.0,0.0,0.0,0.0,0.0,0.0,0.0,0.0,0,0.0,0.0,0,0,0,0,0,0,0,0,0,0,0,0,0,0,0,0,0
1,142.098,14,sem_arma,0.0,-0.671185577444204,1.8166745047799156e-08,0.02503871111310898,0.4988855986415555,0.5033257903483678,0.5597613438370169,0.7869515185628062,0.4985436071338052,78.1083,78.1083,239.328,0,1,0,0,0,0,0,0,0,0,0,0,0.0,0.0,0.0,0.0,0.0,0.0,0.0,0,0,0.0,0.0,0.0,0.0,0.0,106.55549,33.9098,235.04749999999999,0.6261839229592827,0.5597613438370169,0.5320513075729365,0.0,0.0,0.0,0.0,0.0,0.0,0.0,0.0,0,0.0,0.0,0,0,0,0,0,0,0,0,0,0,0,0,0,0,0,0,0
1,144.623,14,sem_arma,0.22742588133454317,0.0900696559740765,0.008251737844065037,0.00825171967731999,0.5198052029527872,0.46145747370124357,0.5921967381512284,0.7630448674282558,0.5055055174400855,78.1083,79.3886,239.275,0,1,0,0,0,0,0,0,0,0,0,0,0.0,0.0,0.0,0.0,0.0,0.0,0.0,0,0,0.0,0.0,0.0,0.0,0.0,111.10337,52.0436,235.93200000000002,0.5799396294968818,0.5921967381512284,0.5051968882958492,0.0,0.0,0.0,0.0,0.0,0.0,0.0,0.0,0,0.0,0.0,0,0,0,0,0,0,0,0,0,0,0,0,0,0,0,0,0
1,145.434,14,sem_arma,1.744387129431371,1.8704824267531786,1.256265450066266,1.248013712222201,0.6682209427610246,0.40081114766197606,0.6194840285251821,0.7357750576431149,0.5559015154286128,78.1083,137.722,240.603,0,1,0,0,0,0,0,0,0,0,0,0,0.0,0.0,0.0,0.0,0.0,0.0,0.0,0,0,0.0,0.0,0.0,0.0,0.0,119.67121,78.1083,237.1027,0.6742126404725182,0.6194840285251821,0.6142823263022523,0.0,0.0,0.0,0.0,0.0,0.0,0.0,0.0,0,0.0,0.0,0,0,0,0,0,0,0,0,0,0,0,0,0,0,0,0,0
1,146.434,14,sem_arma,0.0,-1.744387129431371,0.0,1.256265450066266,0.5581906054585529,0.34850870616503704,0.5608445695015374,0.705649877186176,0.5498761876972111,78.1083,137.724,240.62,0,1,0,0,0,0,0,0,0,0,0,0,0.0,0.0,0.0,0.0,0.0,0.0,0.0,0,0,0.0,0.0,0.0,0.0,0.0,119.11751,78.1083,238.19840000000005,0.5158656175823064,0.5608445695015374,0.6129153824496575,0.0,0.0,0.0,0.0,0.0,0.0,0.0,0.0,0,0.0,0.0,0,0,0,0,0,0,0,0,0,0,0,0,0,0,0,0,0
1,147.438,14,sem_arma,0.0,0.0,0.0,0.0,0.5609077953003185,0.2887824690253801,0.5041711138932823,0.6725351874261128,0.5429753151341269,78.1083,137.722,240.604,0,1,0,0,0,0,0,0,0,0,0,0,0.0,0.0,0.0,0.0,0.0,0.0,0.0,0,0,0.0,0.0,0.0,0.0,0.0,120.40281,78.1083,239.0752,0.3844837837634857,0.5041711138932823,0.5859501933782665,0.0,0.0,0.0,0.0,0.0,0.0,0.0,0.0,0,0.0,0.0,0,0,0,0,0,0,0,0,0,0,0,0,0,0,0,0,0
1,148.741,14,sem_arma,0.0,0.0,0.0,0.0,0.5609077973480848,0.3494194082247668,0.5047444548462398,0.6436497591605632,0.5441433403495447,79.3886,137.723,240.61,0,1,0,0,0,0,0,0,0,0,0,0,0.0,0.0,0.0,0.0,0.0,0.0,0.0,0,0,0.0,0.0,0.0,0.0,0.0,117.21821,78.1083,239.6728,0.3152613493904025,0.5047444548462398,0.523790793932529,0.0,0.0,0.0,0.0,0.0,0.0,0.0,0.0,0,0.0,0.0,0,0,0,0,0,0,0,0,0,0,0,0,0,0,0,0,0
1,149.738,14,sem_arma,0.0,0.0,0.0,0.0,0.5618189888265089,0.3435946718578179,0.5105817675861488,0.6148490483017534,0.5453903708167676,137.721,137.721,240.605,0,1,0,0,0,0,0,0,0,0,0,0,0.0,0.0,0.0,0.0,0.0,0.0,0.0,0,0,0.0,0.0,0.0,0.0,0.0,115.14801,78.1083,239.9155,0.2682577118298468,0.5105817675861488,0.5015719971200016,0.0,0.0,0.0,0.0,0.0,0.0,0.0,0.0,0,0.0,0.0,0,0,0,0,0,0,0,0,0,0,0,0,0,0,0,0,0
1,150.742,15,sem_arma,0.0,0.0,0.0,0.0,0.0,0.27962910259171764,0.517285377416049,0.583507384351638,0.4870739895715852,137.721,137.722,240.608,0,1,0,0,0,0,0,0,0,0,0,0,0.0,0.0,0.0,0.0,0.0,0.0,0.0,0,0,0.0,0.0,0.0,0.0,0.0,114.13400999999999,78.1083,240.1078,0.24943547097765534,0.517285377416049,0.47339060041163733,0.0,0.0,0.0,0.0,0.0,0.0,0.0,0.0,0,0.0,0.0,0,0,0,0,0,0,0,0,0,0,0,0,0,0,0,0,0
1,151.744,15,sem_arma,0.0,0.0,0.0,0.0,0.0,0.3294152656293192,0.39617651216628347,0.5554685347827724,0.4391363271868952,137.721,137.722,240.61,0,1,0,0,0,0,0,0,0,0,0,0,0.0,0.0,0.0,0.0,0.0,0.0,0.0,0,0,0.0,0.0,0.0,0.0,0.0,119.96625000000002,78.1083,240.21929999999998,0.12895559353569302,0.39617651216628347,0.3717329638218665,0.0,0.0,0.0,0.0,0.0,0.0,0.0,0.0,0,0.0,0.0,0,0,0,0,0,0,0,0,0,0,0,0,0,0,0,0,0
1,153.664,15,sem_arma,0.15485489154371276,0.08065358934568373,0.12452897072202265,0.12452897072202265,0.05569104874050475,0.36025786759660267,0.39452270863083805,0.5294454123210007,0.39844279800293375,137.721,151.459,240.874,0,1,0,0,0,0,0,0,0,0,0,0,0.0,0.0,0.0,0.0,0.0,0.0,0.0,0,0,0.0,0.0,0.0,0.0,0.0,127.30118999999999,78.1083,240.3737,0.1389046176799099,0.39452270863083805,0.26620985638009187,0.0,0.0,0.0,0.0,0.0,0.0,0.0,0.0,0,0.0,0.0,0,0,0,0,0,0,0,0,0,0,0,0,0,0,0,0,0
1,154.662,15,sem_arma,0.0,-0.15516522198768815,1.493102324032831e-08,0.12452895579099942,0.055691047071165976,0.34034555385295007,0.39452270875742046,0.5030536386351311,0.3541233428458948,137.721,151.46,240.889,0,1,0,0,0,0,0,0,0,0,0,0,0.0,0.0,0.0,0.0,0.0,0.0,0.0,0,0,0.0,0.0,0.0,0.0,0.0,134.63636,79.3886,240.52979999999997,0.1389046173563377,0.39452270875742046,0.27615888084788087,0.0,0.0,0.0,0.0,0.0,0.0,0.0,0.0,0,0.0,0.0,0,0,0,0,0,0,0,0,0,0,0,0,0,0,0,0,0
1,155.662,15,sem_arma,0.0,0.0,1.4901161193847656e-08,2.9862046480655e-11,0.055691045405165625,0.5232932227759287,0.39483484790660134,0.48819266511342907,0.3077119270911326,137.722,151.459,240.873,0,1,0,0,0,0,0,0,0,0,0,0,0.0,0.0,0.0,0.0,0.0,0.0,0.0,0,0,0.0,0.0,0.0,0.0,0.0,141.8434,137.721,240.68959999999998,0.1380794450620473,0.39483484790660134,0.2753337088831351,0.0,0.0,0.0,0.0,0.0,0.0,0.0,0.0,0,0.0,0.0,0,0,0,0,0,0,0,0,0,0,0,0,0,0,0,0,0
1,156.796,15,sem_arma,0.0,0.0,1.3140353786461779e-08,1.7608074073858773e-09,0.055691043936029264,0.6689409839645601,0.03937951670591026,0.48314309175454373,0.24645893720863307,137.722,151.459,240.88,0,1,0,0,0,0,0,0,0,0,0,0,0.0,0.0,0.0,0.0,0.0,0.0,0.0,0,0,0.0,0.0,0.0,0.0,0.0,143.21710000000002,137.721,240.71730000000002,0.012452901369456088,0.03937951670591026,0.15053233783699577,0.0,0.0,0.0,0.0,0.0,0.0,0.0,0.0,0,0.0,0.0,0,0,0,0,0,0,0,0,0,0,0,0,0,0,0,0,0
1,158.036,15,sem_arma,0.0,0.0,1.2017065478909401e-08,1.1232883075523778e-09,0.05569104259248016,0.6537747267098485,0.039379516283673636,0.47798283301935296,0.19620898092202582,151.458,151.458,240.875,0,1,0,0,0,0,0,0,0,0,0,0,0.0,0.0,0.0,0.0,0.0,0.0,0.0,0,0,0.0,0.0,0.0,0.0,0.0,144.5905,137.721,240.7428,0.012452902571162636,0.039379516283673636,0.02490579294269798,0.0,0.0,0.0,0.0,0.0,0.0,0.0,0.0,0,0.0,0.0,0,0,0,0,0,0,0,0,0,0,0,0,0,0,0,0,0
1,158.94,15,sem_arma,0.0,0.0,1.6483585391424398e-08,4.4665199125149965e-09,1.7381064319868998e-09,0.6128417216086013,0.03937951570449954,0.4730100884556697,0.1401182015658046,151.458,151.458,240.877,0,1,0,0,0,0,0,0,0,0,0,0,0.0,0.0,0.0,0.0,0.0,0.0,0.0,0,0,0.0,0.0,0.0,0.0,0.0,145.9641,137.721,240.7701,0.012452904219521175,0.03937951570449954,0.024905793389349975,0.0,0.0,0.0,0.0,0.0,0.0,0.0,0.0,0,0.0,0.0,0,0,0,0,0,0,0,0,0,0,0,0,0,0,0,0,0
1,160.057,16,sem_arma,0.0,0.0,1.3340341265754392e-08,3.1432441256700056e-09,1.7380806620597396e-09,0.7163887285076965,0.03937951523576765,0.47611202186686546,0.08402742200480418,151.458,151.458,240.882,0,1,0,0,0,0,0,0,0,0,0,0,0.0,0.0,0.0,0.0,0.0,0.0,0.0,0,0,0.0,0.0,0.0,0.0,0.0,147.3376,137.721,240.7973,0.0124529055535553,0.03937951523576765,0.024905793703674385,0.0,0.0,0.0,0.0,0.0,0.0,0.0,0.0,0,0.0,0.0,0,0,0,0,0,0,0,0,0,0,0,0,0,0,0,0,0
1,161.058,16,sem_arma,0.9839021268120973,0.9829192076044929,0.07191319914574111,0.07191318580539985,0.03216055420677008,0.7791942573372096,0.04323066917779825,0.48329729882926936,0.031061578542830294,147.556,147.556,241.199,0,1,0,0,0,0,0,0,0,0,0,0,0.0,0.0,0.0,0.0,0.0,0.0,0.0,0,0,0.0,0.0,0.0,0.0,0.0,148.32110000000003,137.722,240.8567,0.01964422546812941,0.04323066917779825,0.03209711228421437,0.0,0.0,0.0,0.0,0.0,0.0,0.0,0.0,0,0.0,0.0,0,0,0,0,0,0,0,0,0,0,0,0,0,0,0,0,0
1,162.056,16,sem_arma,1.8977067161325138,0.9156358610425015,0.37399423772879176,0.30208103858305063,0.16223170324479455,0.7731145851655202,0.11926202870966131,0.49171064846182083,0.04728474886730975,126.279,126.279,243.05,0,1,0,0,0,0,0,0,0,0,0,0,0.0,0.0,0.0,0.0,0.0,0.0,0.0,0,0,0.0,0.0,0.0,0.0,0.0,147.17680000000001,126.279,241.1009,0.05704364924100859,0.11926202870966131,0.06230521614251944,0.0,0.0,0.0,0.0,0.0,0.0,0.0,0.0,0,0.0,0.0,0,0,0,0,0,0,0,0,0,0,0,0,0,0,0,0,0
1,163.059,16,sem_arma,0.3247557216291396,-1.5682462557361658,1.189465370807899,0.8154711330791073,0.5062070235798217,0.6572696651836494,0.37500415911029383,0.4960461124712257,0.09790545122529193,57.9262,57.9262,242.728,0,1,0,0,0,0,0,0,0,0,0,0,0.0,0.0,0.0,0.0,0.0,0.0,0.0,0,0,0.0,0.0,0.0,0.0,0.0,139.19722,57.9262,241.3127,0.17599018632179847,0.37500415911029383,0.1438523294504302,0.0,0.0,0.0,0.0,0.0,0.0,0.0,0.0,0,0.0,0.0,0,0,0,0,0,0,0,0,0,0,0,0,0,0,0,0,0
1,164.402,16,sem_arma,0.36637128649364054,0.03098701776954647,0.03825967762651196,1.151205693181387,0.50028135115202,0.5618554610735079,0.37730480919447357,0.4976110404490851,0.14236448146644345,54.9198,54.9198,242.363,0,1,0,0,0,0,0,0,0,0,0,0,0.0,0.0,0.0,0.0,0.0,0.0,0.0,0,0,0.0,0.0,0.0,0.0,0.0,129.5433,54.9198,241.4616,0.16736325701224744,0.37730480919447357,0.24652000169636662,0.0,0.0,0.0,0.0,0.0,0.0,0.0,0.0,0,0.0,0.0,0,0,0,0,0,0,0,0,0,0,0,0,0,0,0,0,0
1,165.436,16,sem_arma,0.2602248717236638,-0.10265610712763705,0.07455764944839112,0.03629797182187916,0.48878931120362784,0.5237419347676378,0.3743552699539093,0.49863184767004853,0.18567430787968964,54.9198,59.3809,242.159,0,1,0,0,0,0,0,0,0,0,0,0,0.0,0.0,0.0,0.0,0.0,0.0,0.0,0,0,0.0,0.0,0.0,0.0,0.0,120.33539,54.9198,241.58860000000004,0.17481902046398423,0.3743552699539093,0.23769690329945456,0.0,0.0,0.0,0.0,0.0,0.0,0.0,0.0,0,0.0,0.0,0,0,0,0,0,0,0,0,0,0,0,0,0,0,0,0,0
1,166.441,16,sem_arma,0.0,-0.25893022062056104,0.0,0.07455764944839112,0.499935328631661,0.5552982617966301,0.3743552707270923,0.5033238870748179,0.23009873620233917,54.9198,59.3809,242.162,0,1,0,0,0,0,0,0,0,0,0,0,0.0,0.0,0.0,0.0,0.0,0.0,0.0,0,0,0.0,0.0,0.0,0.0,0.0,111.12758,54.9198,241.71750000000003,0.17481901897386812,0.3743552707270923,0.24515266824130752,0.0,0.0,0.0,0.0,0.0,0.0,0.0,0.0,0,0.0,0.0,0,0,0,0,0,0,0,0,0,0,0,0,0,0,0,0,0
1,167.44,16,sem_arma,0.0,0.0,0.0,0.0,0.5202553385919131,0.49644900282671467,0.37435527140891156,0.5081057798330548,0.2765551656679276,54.9198,59.3812,242.163,0,1,0,0,0,0,0,0,0,0,0,0,0.0,0.0,0.0,0.0,0.0,0.0,0.0,0,0,0.0,0.0,0.0,0.0,0.0,101.9198,54.9198,241.8458,0.1748190176598327,0.37435527140891156,0.2451526680652268,0.0,0.0,0.0,0.0,0.0,0.0,0.0,0.0,0,0.0,0.0,0,0,0,0,0,0,0,0,0,0,0,0,0,0,0,0,0
1,168.443,16,sem_arma,0.009970134596328045,0.00994031365536196,0.0,0.0,0.033455553222479666,0.49713596167460045,0.3743552720324463,0.515537142608533,0.2743316167309275,54.9198,59.3693,242.173,0,1,0,0,0,0,0,0,0,0,0,0,0.0,0.0,0.0,0.0,0.0,0.0,0.0,0,0,0.0,0.0,0.0,0.0,0.0,92.71092999999999,54.9198,241.9756,0.1748190164581262,0.3743552720324463,0.24515266795289797,0.0,0.0,0.0,0.0,0.0,0.0,0.0,0.0,0,0.0,0.0,0,0,0,0,0,0,0,0,0,0,0,0,0,0,0,0,0
1,169.44,16,sem_arma,0.0,-0.01000013500133204,0.0,0.0,0.03334319448184048,0.49713596167460045,0.37435527288773723,0.5259548172409939,0.27766593600530093,59.3693,59.3708,242.189,0,1,0,0,0,0,0,0,0,0,0,0,0.0,0.0,0.0,0.0,0.0,0.0,0.0,0,0,0.0,0.0,0.0,0.0,0.0,83.50221,54.9198,242.10680000000002,0.17481901480976764,0.37435527288773723,0.24515266750624595,0.0,0.0,0.0,0.0,0.0,0.0,0.0,0.0,0,0.0,0.0,0,0,0,0,0,0,0,0,0,0,0,0,0,0,0,0,0
1,170.444,17,sem_arma,0.0,0.0,0.0,0.0,0.0,0.49713596167460045,0.37435527357993326,0.5333406449134857,0.27766593583149285,59.3691,59.3691,242.172,0,1,0,0,0,0,0,0,0,0,0,0,0.0,0.0,0.0,0.0,0.0,0.0,0.0,0,0,0.0,0.0,0.0,0.0,0.0,74.29332000000001,54.9198,242.2358,0.17481901347573353,0.37435527357993326,0.24515266719192153,0.0,0.0,0.0,0.0,0.0,0.0,0.0,0.0,0,0.0,0.0,0,0,0,0,0,0,0,0,0,0,0,0,0,0,0,0,0
1,171.475,17,sem_arma,0.0,0.0,0.0,0.0,0.0,0.49713596167460045,0.3772314007995229,0.5410177094043248,0.27444988041081586,59.3691,59.3699,242.18,0,1,0,0,0,0,0,0,0,0,0,0,0.0,0.0,0.0,0.0,0.0,0.0,0.0,0,0,0.0,0.0,0.0,0.0,0.0,65.47471,54.9198,242.3339,0.16762769356115942,0.3772314007995229,0.23796134861138155,0.0,0.0,0.0,0.0,0.0,0.0,0.0,0.0,0,0.0,0.0,0,0,0,0,0,0,0,0,0,0,0,0,0,0,0,0,0
1,172.481,17,sem_arma,0.0,0.0,0.0,0.0,0.0,0.49713596167460045,0.37301422252509975,0.551893052358469,0.25822671008633635,59.3684,59.3684,242.175,0,1,0,0,0,0,0,0,0,0,0,0,0.0,0.0,0.0,0.0,0.0,0.0,0.0,0,0,0.0,0.0,0.0,0.0,0.0,58.78365,54.9198,242.2464,0.13022826978828023,0.37301422252509975,0.2077532447530765,0.0,0.0,0.0,0.0,0.0,0.0,0.0,0.0,0,0.0,0.0,0,0,0,0,0,0,0,0,0,0,0,0,0,0,0,0,0
1,173.48,17,sem_arma,0.0,0.0,0.0,0.0,0.0,0.49713596167460045,0.02527596815274727,0.560279087160733,0.20760600772835422,59.3682,59.3682,242.177,0,1,0,0,0,0,0,0,0,0,0,0,0.0,0.0,0.0,0.0,0.0,0.0,0.0,0,0,0.0,0.0,0.0,0.0,0.0,58.92785,54.9198,242.1913,0.01128173270749033,0.02527596815274727,0.12620613144516574,0.0,0.0,0.0,0.0,0.0,0.0,0.0,0.0,0,0.0,0.0,0,0,0,0,0,0,0,0,0,0,0,0,0,0,0,0,0
1,174.573,17,sem_arma,0.0,0.0,0.0,0.0,0.0,0.4638021815936713,0.023577198924547856,0.5654563028605863,0.15757787261315223,59.3682,59.3688,242.182,0,1,0,0,0,0,0,0,0,0,0,0,0.0,0.0,0.0,0.0,0.0,0.0,0.0,0,0,0.0,0.0,0.0,0.0,0.0,59.372749999999996,59.3682,242.1732,0.007455764944839134,0.023577198924547856,0.01108556212702705,0.0,0.0,0.0,0.0,0.0,0.0,0.0,0.0,0,0.0,0.0,0,0,0,0,0,0,0,0,0,0,0,0,0,0,0,0,0
1,175.573,17,sem_arma,0.0,0.0,0.0,0.0,0.0,0.4638021815936713,2.8091038331050723e-08,0.5716291342476225,0.10869894149278944,59.3682,59.3693,242.173,0,1,0,0,0,0,0,0,0,0,0,0,0.0,0.0,0.0,0.0,0.0,0.0,0.0,0,0,0.0,0.0,0.0,0.0,0.0,59.371590000000005,59.3682,242.1746,0.0,2.8091038331050723e-08,0.007455764944839134,0.0,0.0,0.0,0.0,0.0,0.0,0.0,0.0,0,0.0,0.0,0,0,0,0,0,0,0,0,0,0,0,0,0,0,0,0,0
1,176.575,17,sem_arma,0.0,0.0,0.0,0.0,0.0,0.4638021815936713,2.8091038331050723e-08,0.5686545821885096,0.05870540862962335,59.3682,59.3708,242.19,0,1,0,0,0,0,0,0,0,0,0,0,0.0,0.0,0.0,0.0,0.0,0.0,0.0,0,0,0.0,0.0,0.0,0.0,0.0,59.370580000000004,59.3682,242.17739999999998,0.0,2.8091038331050723e-08,0.0,0.0,0.0,0.0,0.0,0.0,0.0,0.0,0.0,0,0.0,0.0,0,0,0,0,0,0,0,0,0,0,0,0,0,0,0,0,0
1,177.575,17,sem_arma,0.0,0.0,0.0,0.0,0.0,0.4638021815936713,2.8091038331050723e-08,0.5583976420699652,0.006679874770432037,59.3682,59.3691,242.173,0,1,0,0,0,0,0,0,0,0,0,0,0.0,0.0,0.0,0.0,0.0,0.0,0.0,0,0,0.0,0.0,0.0,0.0,0.0,59.36937,59.3682,242.1784,0.0,2.8091038331050723e-08,0.0,0.0,0.0,0.0,0.0,0.0,0.0,0.0,0.0,0,0.0,0.0,0,0,0,0,0,0,0,0,0,0,0,0,0,0,0,0,0
1,178.583,17,sem_arma,0.0,0.0,0.0,0.0,0.0,0.4638021815936713,2.8091038331050723e-08,0.5488990148141564,0.00333431944818407,59.3688,59.3699,242.18,0,1,0,0,0,0,0,0,0,0,0,0,0.0,0.0,0.0,0.0,0.0,0.0,0.0,0,0,0.0,0.0,0.0,0.0,0.0,59.36943,59.3682,242.1791,0.0,2.8091038331050723e-08,0.0,0.0,0.0,0.0,0.0,0.0,0.0,0.0,0.0,0,0.0,0.0,0,0,0,0,0,0,0,0,0,0,0,0,0,0,0,0,0
1,179.588,17,sem_arma,0.0,0.0,0.2708693516328377,0.2708693516328377,0.12113645665446376,0.4638021815936713,0.08565640994928608,0.5414470378134097,0.012113645665446399,43.7714,43.7714,242.175,0,1,0,0,0,0,0,0,0,0,0,0,0.0,0.0,0.0,0.0,0.0,0.0,0.0,0,0,0.0,0.0,0.0,0.0,0.0,57.809490000000004,43.7714,242.17770000000002,0.027086935163283792,0.08565640994928608,0.027086935163283792,0.0,0.0,0.0,0.0,0.0,0.0,0.0,0.0,0,0.0,0.0,0,0,0,0,0,0,0,0,0,0,0,0,0,0,0,0,0
1,180.576,18,sem_arma,2.720094192241617,2.753131773523904,3.140218756894659,2.869349405261821,1.3790612413866445,0.23627079792986058,0.9871840894626192,0.517441141284518,0.15001976980411086,43.7714,134.608,241.724,0,1,0,0,0,0,0,0,0,0,0,0,0.0,0.0,0.0,0.0,0.0,0.0,0.0,0,0,0.0,0.0,0.0,0.0,0.0,65.33338,43.7714,242.13289999999998,0.3411088108527497,0.9871840894626192,0.3140218756894659,0.0,0.0,0.0,0.0,0.0,0.0,0.0,0.0,0,0.0,0.0,0,0,0,0,0,0,0,0,0,0,0,0,0,0,0,0,0
1,181.583,18,sem_arma,1.6883001023495363,-1.0246217377279847,0.2349852612433439,2.905233495651315,1.3537717603291013,0.5440836176533433,0.980939290115654,0.5056856093003248,0.28539694583702097,43.7714,121.463,241.912,0,1,0,0,0,0,0,0,0,0,0,0,0.0,0.0,0.0,0.0,0.0,0.0,0.0,0,0,0.0,0.0,0.0,0.0,0.0,71.54269,43.7714,242.10610000000003,0.36460733697708403,0.980939290115654,0.6045452252545974,0.0,0.0,0.0,0.0,0.0,0.0,0.0,0.0,0,0.0,0.0,0,0,0,0,0,0,0,0,0,0,0,0,0,0,0,0,0
1,182.587,18,sem_arma,1.9757557436730107,0.28631039972457606,0.7074452761485232,0.47246001490517925,1.2941615063893668,0.840094298177044,0.9772255783319962,0.509034594950901,0.41481309647595765,43.7714,81.2002,242.659,0,1,0,0,0,0,0,0,0,0,0,0,0.0,0.0,0.0,0.0,0.0,0.0,0.0,0,0,0.0,0.0,0.0,0.0,0.0,73.72587,43.7714,242.1545,0.43535186459193637,0.9772255783319962,0.6517912267451154,0.0,0.0,0.0,0.0,0.0,0.0,0.0,0.0,0,0.0,0.0,0,0,0,0,0,0,0,0,0,0,0,0,0,0,0,0,0
1,183.586,18,sem_arma,1.2352936431546349,-0.741203303822198,0.7725760046145684,0.06513072846604528,1.2074296406223,0.7963342494648891,0.9694918477014673,0.5159878241649628,0.5355560605381877,37.0322,37.0322,241.462,0,1,0,0,0,0,0,0,0,0,0,0,0.0,0.0,0.0,0.0,0.0,0.0,0.0,0,0,0.0,0.0,0.0,0.0,0.0,71.49226999999999,37.0322,242.083,0.5126094650533932,0.9694918477014673,0.6583042995917199,0.0,0.0,0.0,0.0,0.0,0.0,0.0,0.0,0,0.0,0.0,0,0,0,0,0,0,0,0,0,0,0,0,0,0,0,0,0
1,184.749,18,sem_arma,2.2701412838419373,0.889808805406107,2.0831695093067726,1.3105935046922041,1.196335563021299,0.653766505582813,1.0661019783058463,0.5205833763904282,0.6551896168403175,37.0322,175.917,244.048,0,1,0,0,0,0,0,0,0,0,0,0,0.0,0.0,0.0,0.0,0.0,0.0,0.0,0,0,0.0,0.0,0.0,0.0,0.0,83.14709,37.0322,242.2696,0.7209264159840705,1.0661019783058463,0.7893636500609402,0.0,0.0,0.0,0.0,0.0,0.0,0.0,0.0,0,0.0,0.0,0,0,0,0,0,0,0,0,0,0,0,0,0,0,0,0,0
1,185.754,18,sem_arma,0.2529289666123012,-2.0071764350543644,2.5619739514001494,0.4788044420933768,0.9956875382628885,0.6934702666527105,1.175798118110108,0.5290697929846818,0.7547583706666063,36.4841,36.4841,243.979,0,1,0,0,0,0,0,0,0,0,0,0,0.0,0.0,0.0,0.0,0.0,0.0,0.0,0,0,0.0,0.0,0.0,0.0,0.0,80.85857,36.4841,242.4502,0.9771238111240855,1.175798118110108,0.8372440942702779,0.0,0.0,0.0,0.0,0.0,0.0,0.0,0.0,0,0.0,0.0,0,0,0,0,0,0,0,0,0,0,0,0,0,0,0,0,0
1,186.756,18,sem_arma,2.7958875990075005,2.537882866661876,0.6738251935170763,1.8881487578830731,0.8957463086745824,0.35316773914457006,1.1320741044156408,0.5189632668520787,0.8443330015340645,36.4841,75.7272,242.485,0,1,0,0,0,0,0,0,0,0,0,0,0.0,0.0,0.0,0.0,0.0,0.0,0.0,0,0,0.0,0.0,0.0,0.0,0.0,82.49421,36.4841,242.4797,1.044506330475793,1.1320741044156408,1.0260589700585852,0.0,0.0,0.0,0.0,0.0,0.0,0.0,0.0,0,0.0,0.0,0,0,0,0,0,0,0,0,0,0,0,0,0,0,0,0,0
1,187.835,18,sem_arma,3.4486604003502688,0.6049794266383395,1.6684723221690987,0.9946471286520224,0.820738537419459,0.3555961870270299,1.0829120255843934,0.5119206260620947,0.9264068552760106,27.5059,27.5059,238.777,0,1,0,0,0,0,0,0,0,0,0,0,0.0,0.0,0.0,0.0,0.0,0.0,0.0,0,0,0.0,0.0,0.0,0.0,0.0,79.30789,27.5059,242.1401,1.2113535626927028,1.0829120255843934,1.1255236829237876,0.0,0.0,0.0,0.0,0.0,0.0,0.0,0.0,0,0.0,0.0,0,0,0,0,0,0,0,0,0,0,0,0,0,0,0,0,0
1,189.116,18,sem_arma,2.9367969830536422,-0.3995811220114181,1.1438955223951113,0.5245767997739874,0.74597525566729,0.4658551963241863,0.9978092410172381,0.5103565877945738,1.0010043808427396,27.5059,112.036,235.864,0,1,0,0,0,0,0,0,0,0,0,0,0.0,0.0,0.0,0.0,0.0,0.0,0.0,0,0,0.0,0.0,0.0,0.0,0.0,84.5745,27.5059,241.5085,1.325743114932214,0.9978092410172381,1.1779813629011862,0.0,0.0,0.0,0.0,0.0,0.0,0.0,0.0,0,0.0,0.0,0,0,0,0,0,0,0,0,0,0,0,0,0,0,0,0,0
1,190.114,19,sem_arma,5.690576280755973,2.7592978934893098,1.209735934165262,0.06584041177015076,0.7138063175095176,0.49051957834900417,0.9293463351940239,0.5100257686282941,1.0602713669282449,27.5059,177.576,238.516,0,1,0,0,0,0,0,0,0,0,0,0,0.0,0.0,0.0,0.0,0.0,0.0,0.0,0,0,0.0,0.0,0.0,0.0,0.0,97.95496,27.5059,241.1426,1.4196297731854564,0.9293463351940239,1.1574784689149176,0.0,0.0,0.0,0.0,0.0,0.0,0.0,0.0,0,0.0,0.0,0,0,0,0,0,0,0,0,0,0,0,0,0,0,0,0,0
1,191.837,19,sem_arma,5.463236894487155,-0.131943927027753,0.8668990502010675,0.34283688396419454,0.37825293111976577,0.5790120757546009,0.7150328701871221,0.514119574332294,0.9601905359015571,27.5059,98.7663,243.008,0,1,0,0,0,0,0,0,0,0,0,0,0.0,0.0,0.0,0.0,0.0,0.0,0.0,0,0,0.0,0.0,0.0,0.0,0.0,94.37079,27.5059,241.27100000000002,1.1922978025160975,0.7150328701871221,0.9048272167851549,0.0,0.0,0.0,0.0,0.0,0.0,0.0,0.0,0,0.0,0.0,0,0,0,0,0,0,0,0,0,0,0,0,0,0,0,0,0
1,193.51,19,sem_arma,1.0887448130598736,-2.614759164033043,0.982635641723075,0.11573659152200755,0.3072527412500815,0.5919917624935633,0.6388410391638437,0.5188623643732422,0.855538633993655,4.9546,4.9546,244.123,0,1,1,0,0,0,1,0,0,0,0,0,0.0,0.0,0.0,0.0,0.0,0.0,0.0,0,0,0.1,0.1,0.0,0.0,0.0,82.71995000000001,4.9546,241.4921,1.2670628405640705,0.6388410391638437,0.625877526372224,0.0,0.0,0.0,0.0,0.0,0.0,0.0,0.0,0,0.0,0.0,0,0,0,0,0,0,0,0,0,0,0,0,0,0,0,0,0
1,194.412,19,sem_arma,5.072374658877788,4.416441070751567,3.425355710443572,2.4427200687204973,1.0704248405224412,0.6058822658109335,0.8993462712662625,0.5242996795800587,0.8331649674069626,4.9546,177.411,247.895,0,1,0,0,0,0,0,0,0,0,0,0,0.0,0.0,0.0,0.0,0.0,0.0,0.0,0,0,0.1,0.1,0.0,0.0,0.0,92.34103,4.9546,242.01569999999998,1.5388538839935753,0.8993462712662625,0.8229035317537559,0.0,0.0,0.0,0.0,0.0,0.0,0.0,0.0,0,0.0,0.0,0,0,0,0,0,0,0,0,0,0,0,0,0,0,0,0,0
1,195.415,19,sem_arma,7.023852252086639,1.9456406711952658,0.036040367182832954,3.3893153432607392,1.2660064767784753,0.5644680592565355,0.9942295534246917,0.5276662844591556,0.8390226510225801,4.9546,179.365,254.919,0,1,0,0,0,0,0,0,0,0,0,0,0.0,0.0,0.0,0.0,0.0,0.0,0.0,0,0,0.1,0.1,0.0,0.0,0.0,106.57431000000001,4.9546,243.36139999999995,1.4652003202504018,0.9942295534246917,1.1553219932332255,0.0,0.0,0.0,0.0,0.0,0.0,0.0,0.0,0,0.0,0.0,0,0,0,0,0,0,0,0,0,0,0,0,0,0,0,0,0
1,196.414,19,sem_arma,6.5198540235253555,-0.5045027312925764,0.14773142968827047,0.1116910625054375,1.3705722703488752,0.5760046654350283,1.0475197132645098,0.5332764086512235,0.8564463217553376,4.9546,172.037,261.405,0,1,0,0,0,0,0,0,0,0,0,0,0.0,0.0,0.0,0.0,0.0,0.0,0.0,0,0,0.1,0.1,0.0,0.0,0.0,106.18631,4.9546,245.0971,1.2716565122885515,1.0475197132645098,1.0354317490145486,0.0,0.0,0.0,0.0,0.0,0.0,0.0,0.0,0,0.0,0.0,0,0,0,0,0,0,0,0,0,0,0,0,0,0,0,0,0
1,197.599,19,sem_arma,6.640213837880211,0.10156946359059511,0.15752609593984118,0.009794666251570716,1.4348713213427369,0.5950751891032376,0.9929702070664849,0.5398400590267017,0.9003647000633226,4.9546,177.135,269.26,0,1,0,0,0,0,0,0,0,0,0,0,0.0,0.0,0.0,0.0,0.0,0.0,0.0,0,0,0.1,0.1,0.0,0.0,0.0,120.25140000000002,4.9546,247.62520000000004,1.0312117267425207,0.9929702070664849,0.988530771430368,0.0,0.0,0.0,0.0,0.0,0.0,0.0,0.0,0,0.0,0.0,0,0,0,0,0,0,0,0,0,0,0,0,0,0,0,0,0
1,198.6,19,sem_arma,4.807219381750085,-1.8311632928372887,0.7337222300506339,0.5761961341107926,1.43776488690136,0.5848303977747484,0.9907530575895546,0.5458914698357555,0.9545665578860003,140.309,140.309,273.626,0,1,0,0,0,0,0,0,0,0,0,0,0.0,0.0,0.0,0.0,0.0,0.0,0.0,0,0,0.1,0.1,0.0,0.0,0.0,126.70958,4.9546,250.73930000000001,1.0372014303958765,0.9907530575895546,0.85733550905314,0.0,0.0,0.0,0.0,0.0,0.0,0.0,0.0,0,0.0,0.0,0,0,0,0,0,0,0,0,0,0,0,0,0,0,0,0,0
1,199.604,19,sem_arma,3.617005509203993,-1.1854719846076611,0.4379208451681208,0.29580138488251306,0.28295885621463257,0.6030466562051012,0.97999621186248,0.5528536935663271,0.9007885897655177,115.319,115.319,277.112,0,1,0,0,0,0,0,0,0,0,0,0,0.0,0.0,0.0,0.0,0.0,0.0,0.0,0,0,0.1,0.1,0.0,0.0,0.0,135.49088999999998,4.9546,254.5728,0.9141462826957787,0.97999621186248,0.7874509346761891,0.0,0.0,0.0,0.0,0.0,0.0,0.0,0.0,0,0.0,0.0,0,0,0,0,0,0,0,0,0,0,0,0,0,0,0,0,0
1,201.075,20,sem_arma,0.9918933035415791,-1.78457661839729,0.067821055449907,0.3700997897182138,0.2757393335194118,0.6105511921519159,1.0105675648791796,0.5601911440942393,0.8537649975507298,109.836,109.836,278.154,0,1,0,0,0,0,0,0,0,0,0,0,0.0,0.0,0.0,0.0,0.0,0.0,0.0,0,0,0.1,0.1,0.0,0.0,0.0,135.27088999999998,4.9546,258.8018,0.8065388360012582,1.0105675648791796,0.7720032336706117,0.0,0.0,0.0,0.0,0.0,0.0,0.0,0.0,0,0.0,0.0,0,0,0,0,0,0,0,0,0,0,0,0,0,0,0,0,0
1,202.176,20,sem_arma,7.9957058300937565,6.361319279338945,0.4245583194803447,0.3567372640304377,0.26276371964938483,0.6230319774959951,1.0062533398175628,0.5681526338893556,0.8086607377647166,84.8194,84.8194,279.648,0,1,0,0,0,0,0,0,0,0,0,0,0.0,0.0,0.0,0.0,0.0,0.0,0.0,0,0,0.1,0.1,0.0,0.0,0.0,125.99523000000002,4.9546,262.915,0.7280210745327665,1.0062533398175628,0.8010929188966405,0.0,0.0,0.0,0.0,0.0,0.0,0.0,0.0,0,0.0,0.0,0,0,0,0,0,0,0,0,0,0,0,0,0,0,0,0,0
1,203.067,20,sem_arma,7.315066908091066,-0.7639045140322,0.6779694203874691,0.2534111009071244,0.26345293239698686,0.6328373342844691,1.0051291067155281,0.587980960707086,0.7971807378924386,84.8194,120.76,280.649,0,1,0,0,0,0,0,0,0,0,0,0,0.0,0.0,0.0,0.0,0.0,0.0,0.0,0,0,0.1,0.1,0.0,0.0,0.0,128.1946,4.9546,266.6791,0.7091281115514068,1.0051291067155281,0.7921503405909334,0.0,0.0,0.0,0.0,0.0,0.0,0.0,0.0,0,0.0,0.0,0,0,0,0,0,0,0,0,0,0,0,0,0,0,0,0,0
1,204.072,20,sem_arma,6.376306404330683,-0.9340900534929185,0.9571019251126461,0.27913250472517703,0.33018347359978656,0.6310840727571444,1.004389263659149,0.592330983462276,0.7994738111274091,84.8194,177.134,280.614,0,1,0,0,0,0,0,0,0,0,0,0,0.0,0.0,0.0,0.0,0.0,0.0,0.0,0,0,0.0,0.0,0.0,0.0,0.0,145.41254,84.8194,270.32820000000004,0.7065747398903638,1.004389263659149,0.8084899319112504,0.0,0.0,0.0,0.0,0.0,0.0,0.0,0.0,0,0.0,0.0,0,0,0,0,0,0,0,0,0,0,0,0,0,0,0,0,0
1,205.071,20,sem_arma,4.556264055214215,-1.821864213329798,0.5031126766046862,0.45398924850795996,0.32775207872467477,0.6268477669568775,0.3117792215755211,0.5816686569012677,0.7252065349476325,84.8194,154.102,285.064,0,1,0,0,0,0,0,0,0,0,0,0,0.0,0.0,0.0,0.0,0.0,0.0,0.0,0,0,0.0,0.0,0.0,0.0,0.0,143.08164,84.8194,274.0451,0.4143504365064753,0.3117792215755211,0.6096168498899965,0.0,0.0,0.0,0.0,0.0,0.0,0.0,0.0,0,0.0,0.0,0,0,0,0,0,0,0,0,0,0,0,0,0,0,0,0,0
1,206.072,20,sem_arma,1.0776657803190492,-3.475123151743423,0.016897872086194272,0.4862148045184919,0.34584518708453194,0.6399679669267093,0.31440772113025595,0.5738503427743588,0.6331904059782382,84.8194,155.164,286.053,0,1,0,0,0,0,0,0,0,0,0,0,0.0,0.0,0.0,0.0,0.0,0.0,0.0,0,0,0.0,0.0,0.0,0.0,0.0,140.66154,84.8194,277.1585,0.4124361869968113,0.31440772113025595,0.3193067960157719,0.0,0.0,0.0,0.0,0.0,0.0,0.0,0.0,0,0.0,0.0,0,0,0,0,0,0,0,0,0,0,0,0,0,0,0,0,0
1,207.074,20,sem_arma,1.9550691883396236,0.8756521038129484,1.005785172565164,0.9888873004789698,0.40077494435388156,0.6257412203946461,0.34929114305079856,0.5724490785149504,0.5362106733787387,97.6839,97.6839,287.524,0,1,0,0,0,0,0,0,0,0,0,0,0.0,0.0,0.0,0.0,0.0,0.0,0.0,0,0,0.0,0.0,0.0,0.0,0.0,133.22623,84.8194,279.7704,0.4982415612845007,0.34929114305079856,0.4070264198131251,0.0,0.0,0.0,0.0,0.0,0.0,0.0,0.0,0,0.0,0.0,0,0,0,0,0,0,0,0,0,0,0,0,0,0,0,0,0
1,208.075,20,sem_arma,0.8131279024551723,-1.1408004853990523,0.6863268953979293,0.31945827716723474,0.40103103993551303,0.6296636701851859,0.33155605518296116,0.5692587486915741,0.4328266452380164,97.6839,136.961,288.184,0,1,0,0,0,0,0,0,0,0,0,0,0.0,0.0,0.0,0.0,0.0,0.0,0.0,0,0,0.0,0.0,0.0,0.0,0.0,129.20882999999998,84.8194,281.6628,0.5511216412303096,0.33155605518296116,0.4379927809046915,0.0,0.0,0.0,0.0,0.0,0.0,0.0,0.0,0,0.0,0.0,0,0,0,0,0,0,0,0,0,0,0,0,0,0,0,0,0
1,209.075,20,sem_arma,0.8343260754055845,0.021198172950412153,0.045297258579004525,0.6410296368189248,0.423945535167924,0.6768660934103473,0.35970469315025244,0.585443666404863,0.3314447100646728,97.6839,139.628,288.936,0,1,0,0,0,0,0,0,0,0,0,0,0.0,0.0,0.0,0.0,0.0,0.0,0.0,0,0,0.0,0.0,0.0,0.0,0.0,129.14073000000002,84.8194,283.1938,0.4822791440831466,0.35970469315025244,0.4444761311755047,0.0,0.0,0.0,0.0,0.0,0.0,0.0,0.0,0,0.0,0.0,0,0,0,0,0,0,0,0,0,0,0,0,0,0,0,0,0
1,210.095,21,sem_arma,1.2678559342947509,0.42502927342075136,0.6291435364085115,0.5838462778295069,0.4314626022465405,0.7198400807393368,0.36215896996803876,0.6036558610904783,0.3462950846678636,97.6839,103.096,289.473,0,1,0,0,0,0,0,0,0,0,0,0,0.0,0.0,0.0,0.0,0.0,0.0,0.0,0,0,0.0,0.0,0.0,0.0,0.0,127.91843000000001,84.8194,284.4299,0.5014014132071857,0.36215896996803876,0.473280620470204,0.0,0.0,0.0,0.0,0.0,0.0,0.0,0.0,0,0.0,0.0,0,0,0,0,0,0,0,0,0,0,0,0,0,0,0,0,0
1,211.099,21,sem_arma,0.4106678987290486,-0.85377294379054,2.739734130659172,2.1105905942506604,1.021253101123194,0.7542455899232351,0.7665696717621978,0.6180753807704308,0.4208464614282418,54.5427,54.5427,289.1,0,1,0,0,0,0,0,0,0,0,0,0,0.0,0.0,0.0,0.0,0.0,0.0,0.0,0,0,0.0,0.0,0.0,0.0,0.0,122.38910000000001,54.5427,285.5245,0.7685927207281121,0.7665696717621978,0.6473297009234488,0.0,0.0,0.0,0.0,0.0,0.0,0.0,0.0,0,0.0,0.0,0,0,0,0,0,0,0,0,0,0,0,0,0,0,0,0,0
1,212.102,21,sem_arma,1.5265636752540948,1.112558102218391,2.237623469299559,0.5021106613596129,1.156249702294536,0.7357858641418421,0.8818939658011304,0.6303386950600727,0.5101950596927569,54.5427,176.506,288.86,0,1,0,0,0,0,0,0,0,0,0,0,0.0,0.0,0.0,0.0,0.0,0.0,0.0,0,0,0.0,0.0,0.0,0.0,0.0,131.55775999999997,54.5427,286.4457,0.9498992357100334,0.8818939658011304,0.6618670406563664,0.0,0.0,0.0,0.0,0.0,0.0,0.0,0.0,0,0.0,0.0,0,0,0,0,0,0,0,0,0,0,0,0,0,0,0,0,0
1,213.095,21,sem_arma,1.9728698019450088,0.44945229274009474,0.21825271217797587,2.019370757121583,1.2315751676634805,0.7218944423295041,0.9092035322805275,0.6374828133888177,0.6070072832194062,54.5427,163.821,289.993,0,1,0,0,0,0,0,0,0,0,0,0,0.0,0.0,0.0,0.0,0.0,0.0,0.0,0,0,0.0,0.0,0.0,0.0,0.0,135.86386,54.5427,287.38009999999997,0.9039275648890843,0.9092035322805275,0.8384630062778122,0.0,0.0,0.0,0.0,0.0,0.0,0.0,0.0,0,0.0,0.0,0,0,0,0,0,0,0,0,0,0,0,0,0,0,0,0,0
1,214.098,21,sem_arma,4.011891772846509,2.0329232012976073,0.6309373715467298,0.4126846593687539,1.1202064401056233,0.7100860745623264,0.9129267567967031,0.6433875289922559,0.68600957986999,54.5427,127.777,293.098,0,1,0,0,0,0,0,0,0,0,0,0,0.0,0.0,0.0,0.0,0.0,0.0,0.0,0,0,0.0,0.0,0.0,0.0,0.0,130.92816,54.5427,288.6285,0.8713111095324926,0.9129267567967031,0.8518182217421699,0.0,0.0,0.0,0.0,0.0,0.0,0.0,0.0,0,0.0,0.0,0,0,0,0,0,0,0,0,0,0,0,0,0,0,0,0,0
1,215.111,21,sem_arma,2.5067235243373323,-1.4858521702953373,1.220117538006685,0.5891801664599553,1.0625919686646392,0.6884372160711979,0.9089434410276789,0.6475152765052692,0.7594935688639863,54.5427,57.2396,295.212,0,1,0,0,0,0,0,0,0,0,0,0,0.0,0.0,0.0,0.0,0.0,0.0,0.0,0,0,0.0,0.0,0.0,0.0,0.0,121.24192000000001,54.5427,289.6433,0.9430115956726925,0.9089434410276789,0.8653373135373694,0.0,0.0,0.0,0.0,0.0,0.0,0.0,0.0,0,0.0,0.0,0,0,0,0,0,0,0,0,0,0,0,0,0,0,0,0,0
1,216.117,21,sem_arma,1.1970188667445691,-1.3018932978059274,0.6438225022982541,0.576295035708431,0.7832427778460852,0.6431312348818009,0.8581716770920901,0.6514484352865324,0.8032333279401417,20.3295,20.3295,294.486,0,1,0,0,0,0,0,0,0,0,0,0,0.0,0.0,0.0,0.0,0.0,0.0,0.0,0,0,0.0,0.0,0.0,0.0,0.0,107.75847000000002,20.3295,290.4866,1.0057040586938986,0.8581716770920901,0.8743453366563634,0.0,0.0,0.0,0.0,0.0,0.0,0.0,0.0,0,0.0,0.0,0,0,0,0,0,0,0,0,0,0,0,0,0,0,0,0,0
1,217.121,21,sem_arma,1.8074053282296207,0.607954642913398,0.03704289201939336,0.6067796102788607,0.4576003404753785,0.5714235824808174,0.911201034953289,0.6512193811388219,0.8089158675522915,18.1908,18.1908,292.673,0,1,0,0,0,0,0,0,0,0,0,0,0.0,0.0,0.0,0.0,0.0,0.0,0.0,0,0,0.0,0.0,0.0,0.0,0.0,99.80915999999999,18.1908,291.00149999999996,0.9088298306393214,0.911201034953289,0.8361345676363525,0.0,0.0,0.0,0.0,0.0,0.0,0.0,0.0,0,0.0,0.0,0,0,0,0,0,0,0,0,0,0,0,0,0,0,0,0,0
1,218.118,21,sem_arma,1.86638517266211,0.05915731638163406,1.437296741098248,1.4002538490788548,0.5517095013766758,0.48502550351777085,0.9217109744168033,0.6457168968595486,0.8239837136964077,18.1908,100.53,291.337,0,1,0,0,0,0,0,0,0,0,0,0,0.0,0.0,0.0,0.0,0.0,0.0,0.0,0,0,0.0,0.0,0.0,0.0,0.0,96.16605999999999,18.1908,291.3168,0.9839268152093533,0.9217109744168033,0.9442141248275144,0.0,0.0,0.0,0.0,0.0,0.0,0.0,0.0,0,0.0,0.0,0,0,0,0,0,0,0,0,0,0,0,0,0,0,0,0,0
1,219.113,21,sem_arma,0.43681043193861735,-1.4367585333904447,0.03900460732626405,1.398292133771984,0.6501345736906926,0.4880550036819091,0.9224248634181507,0.6408781271549067,0.8466026175486846,18.1908,102.825,291.427,0,1,0,0,0,0,0,0,0,0,0,0,0.0,0.0,0.0,0.0,0.0,0.0,0.0,0,0,0.0,0.0,0.0,0.0,0.0,92.48576,18.1908,291.5659,0.9832975500840793,0.9224248634181507,1.0199403745228204,0.0,0.0,0.0,0.0,0.0,0.0,0.0,0.0,0,0.0,0.0,0,0,0,0,0,0,0,0,0,0,0,0,0,0,0,0,0
1,220.114,22,sem_arma,0.3997256467051533,-0.03704773749596807,1.8484796607222012,1.8094750533959372,0.8202224249960095,0.4672529531322331,0.9505697483689588,0.6340884420012631,0.8854785998236314,3.45768,3.45768,291.502,0,1,1,0,0,0,1,0,0,0,0,0,0.0,0.0,0.0,0.0,0.0,0.0,0.0,0,0,0.1,0.1,0.0,0.0,0.0,82.521928,3.45768,291.7688,1.1052311625154483,0.9505697483689588,1.1425032520794633,0.0,0.0,0.0,0.0,0.0,0.0,0.0,0.0,0,0.0,0.0,0,0,0,0,0,0,0,0,0,0,0,0,0,0,0,0,0
1,221.121,22,sem_arma,1.4737329641598171,1.0665415267672929,2.5368097469272928,0.6883300862050916,1.113802094465005,0.4120335439493721,0.9132326634636807,0.624162559591136,0.8947334991578126,3.45768,143.203,290.16,0,1,0,0,0,0,0,0,0,0,0,0,0.0,0.0,0.0,0.0,0.0,0.0,0.0,0,0,0.1,0.1,0.0,0.0,0.0,91.387958,3.45768,291.8748,1.0849387241422606,0.9132326634636807,1.0002772012749064,0.0,0.0,0.0,0.0,0.0,0.0,0.0,0.0,0,0.0,0.0,0,0,0,0,0,0,0,0,0,0,0,0,0,0,0,0,0
1,222.118,22,sem_arma,3.236105104365234,1.7676751657025245,0.3479175817849418,2.188892165142351,1.0403210939056773,0.3679109930492828,0.840856989226885,0.6114065103688004,0.8831406383189266,3.45768,162.745,292.975,0,1,0,0,0,0,0,0,0,0,0,0,0.0,0.0,0.0,0.0,0.0,0.0,0.0,0,0,0.1,0.1,0.0,0.0,0.0,90.01185799999999,3.45768,292.28630000000004,0.8959681353907986,0.840856989226885,1.1689553516531803,0.0,0.0,0.0,0.0,0.0,0.0,0.0,0.0,0,0.0,0.0,0,0,0,0,0,0,0,0,0,0,0,0,0,0,0,0,0
1,223.118,22,sem_arma,1.704963342977611,-1.531141761387623,1.551549830118222,1.2036322483332802,1.0469197569346314,0.36153911934335237,0.8270486570474344,0.5978415996217445,0.8646750972460417,3.45768,73.8744,294.685,0,1,0,0,0,0,0,0,0,0,0,0,0.0,0.0,0.0,0.0,0.0,0.0,0.0,0,0,0.1,0.1,0.0,0.0,0.0,81.017198,3.45768,292.75550000000004,1.0292978471848233,0.8270486570474344,1.08738150077435,0.0,0.0,0.0,0.0,0.0,0.0,0.0,0.0,0,0.0,0.0,0,0,0,0,0,0,0,0,0,0,0,0,0,0,0,0,0
1,224.124,22,sem_arma,2.447529274821659,0.7381371091889146,0.41661130911004,1.134938521008182,0.945057179615483,0.39588460912190926,0.8411754665281183,0.5860816264399829,0.8471601711970278,3.45768,98.3177,293.545,0,1,0,0,0,0,0,0,0,0,0,0,0.0,0.0,0.0,0.0,0.0,0.0,0.0,0,0,0.1,0.1,0.0,0.0,0.0,78.071268,3.45768,292.8002,1.0078652409411542,0.8411754665281183,1.1596068869382927,0.0,0.0,0.0,0.0,0.0,0.0,0.0,0.0,0,0.0,0.0,0,0,0,0,0,0,0,0,0,0,0,0,0,0,0,0,0
1,225.741,22,sem_arma,0.6689334463106443,-1.0999355773104604,1.4745738021992971,1.057962493089257,0.9088914038765337,0.3433879951642345,0.8520874064386784,0.5719086378503506,0.8317901147182173,38.1518,38.1518,294.283,0,1,0,0,0,0,0,0,0,0,0,0,0.0,0.0,0.0,0.0,0.0,0.0,0.0,0,0,0.1,0.1,0.0,0.0,0.0,76.16248800000001,3.45768,292.70730000000003,1.0333108673604154,0.8520874064386784,1.2064851196012227,0.0,0.0,0.0,0.0,0.0,0.0,0.0,0.0,0,0.0,0.0,0,0,0,0,0,0,0,0,0,0,0,0,0,0,0,0,0
1,226.741,22,sem_arma,2.902085457046022,2.2331520107353775,0.3616842700814477,1.1128895321178494,0.6242438910997958,0.27221475202645923,0.8708806166014075,0.5535209771053381,0.8158902260435882,38.1518,59.4299,294.895,0,1,0,0,0,0,0,0,0,0,0,0,0.0,0.0,0.0,0.0,0.0,0.0,0.0,0,0,0.1,0.1,0.0,0.0,0.0,80.072528,3.45768,292.74820000000005,1.0050970441387348,0.8708806166014075,1.260144569242165,0.0,0.0,0.0,0.0,0.0,0.0,0.0,0.0,0,0.0,0.0,0,0,0,0,0,0,0,0,0,0,0,0,0,0,0,0,0
1,227.739,22,sem_arma,3.028058764781933,0.12622575925441992,0.7240487392087903,0.3623644691273426,0.5720352804218672,0.15945834361099304,0.8110732971542285,0.5302068332661555,0.8273337200382371,18.5197,18.5197,293.064,0,1,0,0,0,0,0,0,0,0,0,0,0.0,0.0,0.0,0.0,0.0,0.0,0.0,0,0,0.1,0.1,0.0,0.0,0.0,80.105418,3.45768,292.7873,1.0737976288576745,0.8110732971542285,1.2357030551270127,0.0,0.0,0.0,0.0,0.0,0.0,0.0,0.0,0,0.0,0.0,0,0,0,0,0,0,0,0,0,0,0,0,0,0,0,0,0
1,228.74,22,sem_arma,4.094988112788237,1.0658634845217825,0.6712091023974821,0.05283963681130821,0.4449017254101893,0.06450273534655149,0.8091021038596068,0.5019487865242238,0.8166529424415885,18.5197,19.7549,290.015,0,1,0,0,0,0,0,0,0,0,0,0,0.0,0.0,0.0,0.0,0.0,0.0,0.0,0,0,0.1,0.1,0.0,0.0,0.0,72.027908,3.45768,292.6551,0.9971888649875978,0.8091021038596068,1.1009616339002581,0.0,0.0,0.0,0.0,0.0,0.0,0.0,0.0,0,0.0,0.0,0,0,0,0,0,0,0,0,0,0,0,0,0,0,0,0,0
1,229.744,22,sem_arma,2.5825866971799836,-1.506375911960412,0.3411951884930648,0.3300139139044173,0.4592147857170854,0.03253337248289578,0.7742304169996163,0.4697321504778512,0.7975609636442278,0.739664,0.739664,287.835,0,1,1,0,0,0,1,0,0,0,0,0,0.0,0.0,0.0,0.0,0.0,0.0,0.0,0,0,0.2,0.2,0.0,0.0,0.0,61.8193744,0.739664,292.29589999999996,1.027407923104278,0.7742304169996163,0.9941338119135017,0.0,0.0,0.0,0.0,0.0,0.0,0.0,0.0,0,0.0,0.0,0,0,0,0,0,0,0,0,0,0,0,0,0,0,0,0,0
1,230.856,23,sem_arma,2.223533735489874,-0.3228893540378682,0.8299685308494659,0.4887733423564011,0.22140738155264494,0.11181149016946863,0.7192574620628761,0.4393307209493578,0.7376794592998913,0.739664,52.5324,285.372,0,1,0,0,0,0,0,0,0,0,0,0,0.0,0.0,0.0,0.0,0.0,0.0,0.0,0,0,0.1,0.1,0.0,0.0,0.0,66.7268464,0.739664,291.6829,0.9255568101170045,0.7192574620628761,0.862063640809548,0.0,0.0,0.0,0.0,0.0,0.0,0.0,0.0,0,0.0,0.0,0,0,0,0,0,0,0,0,0,0,0,0,0,0,0,0,0
1,231.856,23,sem_arma,3.9726280019159073,1.7490942664260332,0.4103630621947566,0.41960546865470927,0.20986820807317635,0.18006715262145406,0.45620325536073214,0.41062179908426877,0.6472860706607084,0.739664,76.4938,282.207,0,1,0,0,0,0,0,0,0,0,0,0,0.0,0.0,0.0,0.0,0.0,0.0,0.0,0,0,0.1,0.1,0.0,0.0,0.0,60.0559264,0.739664,290.8876,0.7129121416437508,0.45620325536073214,0.8351911790545097,0.0,0.0,0.0,0.0,0.0,0.0,0.0,0.0,0,0.0,0.0,0,0,0,0,0,0,0,0,0,0,0,0,0,0,0,0,0
1,232.856,23,sem_arma,3.920510170934726,-0.05211783098118117,1.4477047574268789,1.0373416952321222,0.44197802474629594,0.22649146271800996,0.48976623314119083,0.3851570790130771,0.5874517637447703,0.739664,160.103,279.972,0,1,0,0,0,0,0,0,0,0,0,0,0.0,0.0,0.0,0.0,0.0,0.0,0.0,0,0,0.1,0.1,0.0,0.0,0.0,59.7917264,0.739664,289.58729999999997,0.8228908592079446,0.48976623314119083,0.7200361320634869,0.0,0.0,0.0,0.0,0.0,0.0,0.0,0.0,0,0.0,0.0,0,0,0,0,0,0,0,0,0,0,0,0,0,0,0,0,0
1,233.89,23,sem_arma,3.768799205979764,-0.14672240324464425,1.889846078744683,0.44214132131780404,0.6711114113691063,0.29099078206653656,0.5532574021750126,0.36361189599992877,0.5498709291882178,0.739664,48.8458,278.043,0,1,0,0,0,0,0,0,0,0,0,0,0.0,0.0,0.0,0.0,0.0,0.0,0.0,0,0,0.1,0.1,0.0,0.0,0.0,57.2888664,0.739664,287.9231,0.8567204840705906,0.5532574021750126,0.6438870393619393,0.0,0.0,0.0,0.0,0.0,0.0,0.0,0.0,0,0.0,0.0,0,0,0,0,0,0,0,0,0,0,0,0,0,0,0,0,0
1,234.858,23,sem_arma,4.227680783807979,0.47405121676468487,0.32584764349635714,1.5639984352483258,0.6748103127185437,0.43255008892807284,0.5619558958799692,0.3497350967182161,0.5228462424985238,48.8458,67.5975,275.635,0,1,0,0,0,0,0,0,0,0,0,0,0.0,0.0,0.0,0.0,0.0,0.0,0.0,0,0,0.1,0.1,0.0,0.0,0.0,54.216846399999994,0.739664,286.1321,0.8476441175092223,0.5619558958799692,0.6867930307859538,0.0,0.0,0.0,0.0,0.0,0.0,0.0,0.0,0,0.0,0.0,0,0,0,0,0,0,0,0,0,0,0,0,0,0,0,0,0
1,235.883,23,sem_arma,3.6351213421972566,-0.5781067723031438,0.13431629538287343,0.1915313481134837,0.7775601015276896,0.5291064053955891,0.5556094345695721,0.34176855618443563,0.5097131122636395,48.8458,76.2426,274.995,0,1,0,0,0,0,0,0,0,0,0,0,0.0,0.0,0.0,0.0,0.0,0.0,0.0,0,0,0.1,0.1,0.0,0.0,0.0,58.0259264,0.739664,284.2033,0.71361836682758,0.5556094345695721,0.6001499162883763,0.0,0.0,0.0,0.0,0.0,0.0,0.0,0.0,0,0.0,0.0,0,0,0,0,0,0,0,0,0,0,0,0,0,0,0,0,0
1,236.86,23,sem_arma,1.0928926515004629,-2.602076449024354,0.6506124796754247,0.5162961842925513,0.751225389893401,0.517697610291538,0.5426356232293833,0.3354968749549225,0.522411262143,48.8458,112.687,276.072,0,1,0,0,0,0,0,0,0,0,0,0,0.0,0.0,0.0,0.0,0.0,0.0,0.0,0,0,0.1,0.1,0.0,0.0,0.0,63.351636400000004,0.739664,282.321,0.7425111877869777,0.5426356232293833,0.5404905815058465,0.0,0.0,0.0,0.0,0.0,0.0,0.0,0.0,0,0.0,0.0,0,0,0,0,0,0,0,0,0,0,0,0,0,0,0,0,0
1,237.893,23,sem_arma,3.9489321499885763,2.7648010633960443,0.059156877188868744,0.5914556024865559,0.7500136542163117,0.5026045625904666,0.5842854048955256,0.33205592396040495,0.5402090995224444,48.8458,116.917,278.082,0,1,0,0,0,0,0,0,0,0,0,0,0.0,0.0,0.0,0.0,0.0,0.0,0.0,0,0,0.1,0.1,0.0,0.0,0.0,73.19136639999999,0.739664,280.82280000000003,0.6760220015849855,0.5842854048955256,0.5633996948417679,0.0,0.0,0.0,0.0,0.0,0.0,0.0,0.0,0,0.0,0.0,0,0,0,0,0,0,0,0,0,0,0,0,0,0,0,0,0
1,238.862,23,sem_arma,4.172655020100498,0.23088015491426378,1.3425959632981202e-05,0.05914345122923576,0.263276766284609,0.5357429457359648,0.6222199482568576,0.3345917960713146,0.5220466036098863,67.5975,117.663,279.959,0,1,0,0,0,0,0,0,0,0,0,0,0.0,0.0,0.0,0.0,0.0,0.0,0.0,0,0,0.1,0.1,0.0,0.0,0.0,82.98217639999999,0.739664,279.8172,0.6089024339412006,0.6222199482568576,0.5640300762835606,0.0,0.0,0.0,0.0,0.0,0.0,0.0,0.0,0,0.0,0.0,0,0,0,0,0,0,0,0,0,0,0,0,0,0,0,0,0
1,239.89,23,sem_arma,1.4733741905564532,-2.625759561813273,0.9149729878676923,0.9149595619080594,0.4071687807324504,0.5516447557158592,0.6212450665566528,0.3377712836730121,0.5168420031114229,64.0457,64.0457,280.655,0,1,0,0,0,0,0,0,0,0,0,0,0.0,0.0,0.0,0.0,0.0,0.0,0.0,0,0,0.0,0.0,0.0,0.0,0.0,89.31278,48.8458,279.0992,0.6662802138786634,0.6212450665566528,0.6225246410839248,0.0,0.0,0.0,0.0,0.0,0.0,0.0,0.0,0,0.0,0.0,0,0,0,0,0,0,0,0,0,0,0,0,0,0,0,0,0
1,241.269,24,sem_arma,1.912960628334557,0.3187718910646148,1.327734807794726,0.41276181992703365,0.5664387213449279,0.5333469236196471,0.6548502867528284,0.3410759821973829,0.5513451370906512,40.6288,40.6288,283.025,0,1,0,0,0,0,0,0,0,0,0,0,0.0,0.0,0.0,0.0,0.0,0.0,0.0,0,0,0.0,0.0,0.0,0.0,0.0,88.12242,40.6288,278.86449999999996,0.7160568415731894,0.6548502867528284,0.614923488840988,0.0,0.0,0.0,0.0,0.0,0.0,0.0,0.0,0,0.0,0.0,0,0,0,0,0,0,0,0,0,0,0,0,0,0,0,0,0
1,242.269,24,sem_arma,0.9920181462548667,-0.9209424820796903,1.7491328137805908,0.42139800598586485,0.771505434542287,0.5246882348344727,0.7191064606214692,0.3467087167416379,0.6075088597375623,40.6288,59.4244,283.551,0,1,0,0,0,0,0,0,0,0,0,0,0.0,0.0,0.0,0.0,0.0,0.0,0.0,0,0,0.0,0.0,0.0,0.0,0.0,86.41548,40.6288,278.9989,0.8499338167317727,0.7191064606214692,0.6151027425741036,0.0,0.0,0.0,0.0,0.0,0.0,0.0,0.0,0,0.0,0.0,0,0,0,0,0,0,0,0,0,0,0,0,0,0,0,0,0
1,243.269,24,sem_arma,1.6667633312802577,0.6747451850253909,1.0492470339359812,0.6998857798446096,0.6476689410392366,0.5202713447668871,0.6928640816398469,0.3543267343275181,0.6280779513668564,0.852716,0.852716,285.225,0,1,1,0,0,0,1,0,0,0,0,0,0.0,0.0,0.0,0.0,0.0,0.0,0.0,0,0,0.1,0.1,0.0,0.0,0.0,70.4904516,0.852716,279.5242,0.810088044382683,0.6928640816398469,0.5813571510353525,0.0,0.0,0.0,0.0,0.0,0.0,0.0,0.0,0,0.0,0.0,0,0,0,0,0,0,0,0,0,0,0,0,0,0,0,0,0
1,244.271,24,sem_arma,0.4036676330568545,-1.2605745491251528,3.058708009382007,2.009460975446026,0.8652740881051988,0.535115574703285,0.9471792176759256,0.36300555709551474,0.6474942190404656,0.852716,176.368,285.131,0,1,0,0,0,0,0,0,0,0,0,0,0.0,0.0,0.0,0.0,0.0,0.0,0.0,0,0,0.1,0.1,0.0,0.0,0.0,83.2426716,0.852716,280.233,0.9269742374464155,0.9471792176759256,0.7380891164481745,0.0,0.0,0.0,0.0,0.0,0.0,0.0,0.0,0,0.0,0.0,0,0,0,0,0,0,0,0,0,0,0,0,0,0,0,0,0
1,245.277,24,sem_arma,0.14777404321323512,-0.25436738553043675,0.744447675298207,2.3142603340837997,0.9025652414982992,0.5913358172587664,0.9266892322700805,0.37277811750235756,0.6702697119184411,0.852716,140.711,285.282,0,1,0,0,0,0,0,0,0,0,0,0,0.0,0.0,0.0,0.0,0.0,0.0,0.0,0,0,0.1,0.1,0.0,0.0,0.0,90.5540216,0.852716,281.1977,0.9688342406266004,0.9266892322700805,0.8131153063317219,0.0,0.0,0.0,0.0,0.0,0.0,0.0,0.0,0,0.0,0.0,0,0,0,0,0,0,0,0,0,0,0,0,0,0,0,0,0
1,247.951,24,sem_arma,0.1672451741255652,0.007281649555845204,0.32219653154176875,0.42225114375643824,1.0708033704510576,0.6187638410078734,0.9096376950565754,0.38654690979453954,0.699594038810778,0.852716,169.926,284.835,0,1,0,0,0,0,0,0,0,0,0,0,0.0,0.0,0.0,0.0,0.0,0.0,0.0,0,0,0.1,0.1,0.0,0.0,0.0,99.9223616,0.852716,282.1817,0.9876222642424899,0.9096376950565754,0.8361872858960174,0.0,0.0,0.0,0.0,0.0,0.0,0.0,0.0,0,0.0,0.0,0,0,0,0,0,0,0,0,0,0,0,0,0,0,0,0,0
1,248.951,24,sem_arma,0.310000000160781,0.1427548260352158,2.4511819941027553,2.1289854625609865,1.1717948009597698,0.5981208266024917,1.0083646307405516,0.4028422135233412,0.7416509799174149,0.852716,29.5248,285.111,0,1,0,0,0,0,0,0,0,0,0,0,0.0,0.0,0.0,0.0,0.0,0.0,0.0,0,0,0.1,0.1,0.0,0.0,0.0,91.6061416,0.852716,283.0856,1.167679215685223,1.0083646307405516,0.997456213722861,0.0,0.0,0.0,0.0,0.0,0.0,0.0,0.0,0,0.0,0.0,0,0,0,0,0,0,0,0,0,0,0,0,0,0,0,0,0
1,250.036,25,sem_arma,0.5741721028458375,0.24347659233645763,1.178571715080561,1.2726102790221943,1.16003216612755,0.5703185501244868,0.9307810919643542,0.4233852238490159,0.7826528311085387,29.5248,43.7498,284.507,0,1,0,0,0,0,0,0,0,0,0,0,0.0,0.0,0.0,0.0,0.0,0.0,0.0,0,0,0.1,0.1,0.0,0.0,0.0,84.2894216,0.852716,283.7281,1.2796206994743922,0.9307810919643542,1.0655716813764247,0.0,0.0,0.0,0.0,0.0,0.0,0.0,0.0,0,0.0,0.0,0,0,0,0,0,0,0,0,0,0,0,0,0,0,0,0,0
1,251.035,25,sem_arma,0.5952379946991175,0.021086978832112118,3.0074174966235505,1.8288457815429895,1.1434752969092068,0.5630538925072593,0.9568826726991966,0.44831278170705124,0.8706726841709985,29.5248,128.38,285.098,0,1,0,0,0,0,0,0,0,0,0,0,0.0,0.0,0.0,0.0,0.0,0.0,0.0,0,0,0.1,0.1,0.0,0.0,0.0,85.3611216,0.852716,284.242,1.5803611065407839,0.9568826726991966,1.2425419144078,0.0,0.0,0.0,0.0,0.0,0.0,0.0,0.0,0,0.0,0.0,0,0,0,0,0,0,0,0,0,0,0,0,0,0,0,0,0
1,252.039,25,sem_arma,0.630014526010495,0.03463797939380227,1.0328287827598759,1.9745887138636746,1.0997032907819755,0.6171082810643658,0.9484655058498004,0.4775415271361248,0.9399261351759508,29.5248,172.225,285.706,0,1,0,0,0,0,0,0,0,0,0,0,0.0,0.0,0.0,0.0,0.0,0.0,0.0,0,0,0.1,0.1,0.0,0.0,0.0,96.17905160000001,0.852716,284.7471,1.5921466860300022,0.9484655058498004,1.3485048296033617,0.0,0.0,0.0,0.0,0.0,0.0,0.0,0.0,0,0.0,0.0,0,0,0,0,0,0,0,0,0,0,0,0,0,0,0,0,0
1,253.039,25,sem_arma,2.0365657367494214,1.4065512107389264,1.253119338655915,0.22029055589603908,0.8880478760515572,0.5672095616131085,0.9510666816308228,0.5003114307083067,0.9720870506466138,29.5248,100.061,286.352,0,1,0,0,0,0,0,0,0,0,0,0,0.0,0.0,0.0,0.0,0.0,0.0,0.0,0,0,0.1,0.1,0.0,0.0,0.0,102.1222716,0.852716,285.0798,1.5846851391161212,0.9510666816308228,1.3292577032002622,0.0,0.0,0.0,0.0,0.0,0.0,0.0,0.0,0,0.0,0.0,0,0,0,0,0,0,0,0,0,0,0,0,0,0,0,0,0
1,254.039,25,sem_arma,3.2655933611052723,1.229027624355851,0.8371495604641802,0.41596977819173475,0.8784793396814926,0.5093488369805053,0.9769195096145254,0.5167755149262593,0.9827844411605344,43.7498,147.692,289.18,0,1,0,0,0,0,0,0,0,0,0,0,0.0,0.0,0.0,0.0,0.0,0.0,0.0,0,0,0.1,0.1,0.0,0.0,0.0,110.94903159999998,0.852716,285.6427,1.4934868137844801,0.9769195096145254,1.3287148804208493,0.0,0.0,0.0,0.0,0.0,0.0,0.0,0.0,0,0.0,0.0,0,0,0,0,0,0,0,0,0,0,0,0,0,0,0,0,0
1,255.041,25,sem_arma,5.3820552134608555,2.1122373776003824,1.4289826242422656,0.5918330637780854,0.8653341394276761,0.44999171594155385,0.9650410153058835,0.5279505275874365,1.0045509609993784,100.061,130.886,293.537,0,1,0,0,0,0,0,0,0,0,0,0,0.0,0.0,0.0,0.0,0.0,0.0,0.0,0,0,0.0,0.0,0.0,0.0,0.0,123.95236,29.5248,286.4739,1.5314603728151086,0.9650410153058835,1.3179096088141968,0.0,0.0,0.0,0.0,0.0,0.0,0.0,0.0,0,0.0,0.0,0,0,0,0,0,0,0,0,0,0,0,0,0,0,0,0,0
1,256.041,25,sem_arma,6.967389701057988,1.585334487597133,0.21520827570095258,1.213774348541313,0.4692442370014233,0.4773328687539297,0.8802286708714648,0.5372676319218062,0.9649479758890008,100.061,144.1,298.767,0,1,0,0,0,0,0,0,0,0,0,0,0.0,0.0,0.0,0.0,0.0,0.0,0.0,0,0,0.0,0.0,0.0,0.0,0.0,120.72556,29.5248,287.8375,1.2471103994470032,0.8802286708714648,1.2383409461237256,0.0,0.0,0.0,0.0,0.0,0.0,0.0,0.0,0,0.0,0.0,0,0,0,0,0,0,0,0,0,0,0,0,0,0,0,0,0
1,257.075,25,sem_arma,6.300390861387409,-0.6450665760837327,0.011970107771152193,0.20323816792980037,0.622982600064121,0.6058549994238435,0.9540831552622592,0.5459328774465947,0.936989711745583,100.061,144.113,304.091,0,1,0,0,0,0,0,0,0,0,0,0,0.0,0.0,0.0,0.0,0.0,0.0,0.0,0,0,0.0,0.0,0.0,0.0,0.0,121.06576,29.5248,289.7184,1.1738626426942977,0.9540831552622592,1.0272387295083256,0.0,0.0,0.0,0.0,0.0,0.0,0.0,0.0,0,0.0,0.0,0,0,0,0,0,0,0,0,0,0,0,0,0,0,0,0,0
1,258.186,25,sem_arma,6.285213388748067,-0.01366109148455575,0.0254622674202009,0.013492159649048706,0.6166590670650309,0.7166535567954578,0.9875421306956609,0.5553102350165882,0.8915752814069803,130.886,143.283,309.625,0,1,0,0,0,0,0,0,0,0,0,0,0.0,0.0,0.0,0.0,0.0,0.0,0.0,0,0,0.0,0.0,0.0,0.0,0.0,118.40146,29.5248,292.19739999999996,1.144189216282141,0.9875421306956609,0.9863628310975867,0.0,0.0,0.0,0.0,0.0,0.0,0.0,0.0,0,0.0,0.0,0,0,0,0,0,0,0,0,0,0,0,0,0,0,0,0,0
1,259.068,25,sem_arma,7.667920412096066,1.5676950378095227,0.6795170733361666,0.6540548059159658,0.5991335946136654,0.7406338220503793,0.8800862053166283,0.5664570456045301,0.8343091607723698,130.886,178.291,315.148,0,1,0,0,0,0,0,0,0,0,0,0,0.0,0.0,0.0,0.0,0.0,0.0,0.0,0,0,0.0,0.0,0.0,0.0,0.0,133.27808,43.7498,295.2011,0.967022724205482,0.8800862053166283,0.8388697654330846,0.0,0.0,0.0,0.0,0.0,0.0,0.0,0.0,0,0.0,0.0,0,0,0,0,0,0,0,0,0,0,0,0,0,0,0,0,0
1,260.072,26,sem_arma,1.772908367539912,-5.871525940792982,0.45982876604483713,0.2196883072913295,0.2884297495445802,0.7978831707380988,0.8901809523957064,0.5812209760119118,0.7471489191140729,143.283,155.112,316.852,0,1,0,0,0,0,0,0,0,0,0,0,0.0,0.0,0.0,0.0,0.0,0.0,0.0,0,0,0.0,0.0,0.0,0.0,0.0,144.4143,100.061,298.43559999999997,0.8951484293019096,0.8901809523957064,0.7335775682599981,0.0,0.0,0.0,0.0,0.0,0.0,0.0,0.0,0,0.0,0.0,0,0,0,0,0,0,0,0,0,0,0,0,0,0,0,0,0
1,261.07,26,sem_arma,0.0,-1.7764612901201522,0.0,0.45982876604483713,0.3150460935805587,0.8665541104352693,0.5340571390457144,0.597761534246877,0.6643059987812081,143.283,155.112,316.853,0,1,0,0,0,0,0,0,0,0,0,0,0.0,0.0,0.0,0.0,0.0,0.0,0.0,0,0,0.0,0.0,0.0,0.0,0.0,147.08749999999998,100.061,301.61109999999996,0.5944066796395546,0.5340571390457144,0.5966758667101828,0.0,0.0,0.0,0.0,0.0,0.0,0.0,0.0,0,0.0,0.0,0,0,0,0,0,0,0,0,0,0,0,0,0,0,0,0,0
1,262.072,26,sem_arma,0.0,0.0,0.0,0.0,0.3172060406762011,0.8974967313044074,0.5396897339868522,0.6150541330263044,0.5860562737706307,143.283,155.112,316.853,0,1,0,0,0,0,0,0,0,0,0,0,0.0,0.0,0.0,0.0,0.0,0.0,0.0,0,0,0.0,0.0,0.0,0.0,0.0,145.37619999999998,100.061,304.7258,0.49112380136356704,0.5396897339868522,0.3992169953238154,0.0,0.0,0.0,0.0,0.0,0.0,0.0,0.0,0,0.0,0.0,0,0,0,0,0,0,0,0,0,0,0,0,0,0,0,0,0
1,263.074,26,sem_arma,0.0,0.0,0.0,0.0,0.321544770869746,0.9235169725566147,0.48590347263379124,0.6345626354731528,0.5294059632524496,155.112,155.113,316.85,0,1,0,0,0,0,0,0,0,0,0,0,0.0,0.0,0.0,0.0,0.0,0.0,0.0,0,0,0.0,0.0,0.0,0.0,0.0,150.8814,130.886,307.7756,0.36581186749797556,0.48590347263379124,0.3771879397342115,0.0,0.0,0.0,0.0,0.0,0.0,0.0,0.0,0,0.0,0.0,0,0,0,0,0,0,0,0,0,0,0,0,0,0,0,0,0
1,264.17,26,sem_arma,0.0,0.0,0.0,0.0,0.20564167577722342,0.9229715419525867,0.4674394583961665,0.6544768008290585,0.4621221968620226,155.112,155.112,316.859,0,1,0,0,0,0,0,0,0,0,0,0,0.0,0.0,0.0,0.0,0.0,0.0,0.0,0,0,0.0,0.0,0.0,0.0,0.0,151.6234,130.886,310.5435,0.28209691145155746,0.4674394583961665,0.335590961915038,0.0,0.0,0.0,0.0,0.0,0.0,0.0,0.0,0,0.0,0.0,0,0,0,0,0,0,0,0,0,0,0,0,0,0,0,0,0
1,265.171,26,sem_arma,0.0,0.0,0.0,0.0,0.0,0.9276414574085178,0.24187451305715932,0.67484530646114,0.375588782919255,155.112,155.113,316.846,0,1,0,0,0,0,0,0,0,0,0,0,0.0,0.0,0.0,0.0,0.0,0.0,0.0,0,0,0.0,0.0,0.0,0.0,0.0,154.0461,143.283,312.8744,0.13919864902733095,0.24187451305715932,0.27640765553722946,0.0,0.0,0.0,0.0,0.0,0.0,0.0,0.0,0,0.0,0.0,0,0,0,0,0,0,0,0,0,0,0,0,0,0,0,0,0
1,266.172,26,sem_arma,0.0,0.0,0.0,0.0,0.0,0.9319883284573627,0.2439255034159894,0.694688944148844,0.3286643592191127,155.11,155.11,316.861,0,1,0,0,0,0,0,0,0,0,0,0,0.0,0.0,0.0,0.0,0.0,0.0,0.0,0,0,0.0,0.0,0.0,0.0,0.0,155.1471,143.283,314.6838,0.11767782145723568,0.2439255034159894,0.15503022068309816,0.0,0.0,0.0,0.0,0.0,0.0,0.0,0.0,0,0.0,0.0,0,0,0,0,0,0,0,0,0,0,0,0,0,0,0,0,0
1,267.173,26,sem_arma,0.0,0.0,0.0,0.0,0.0,0.9335972459859784,0.24453049833254645,0.7118020155852045,0.26636609921270055,155.11,155.111,316.855,0,1,0,0,0,0,0,0,0,0,0,0,0.0,0.0,0.0,0.0,0.0,0.0,0.0,0,0,0.0,0.0,0.0,0.0,0.0,156.2469,143.283,315.96020000000004,0.11648081068012046,0.24453049833254645,0.1347064038901181,0.0,0.0,0.0,0.0,0.0,0.0,0.0,0.0,0,0.0,0.0,0,0,0,0,0,0,0,0,0,0,0,0,0,0,0,0,0
1,268.177,26,sem_arma,0.0,0.0,0.0,0.0,0.0,0.9510109548278304,0.24571325945911332,0.7284143712762023,0.20470019250619748,155.11,155.112,316.851,0,1,0,0,0,0,0,0,0,0,0,0,0.0,0.0,0.0,0.0,0.0,0.0,0.0,0,0,0.0,0.0,0.0,0.0,0.0,157.4298,155.11,316.6828,0.11393458393810038,0.24571325945911332,0.13335718792521326,0.0,0.0,0.0,0.0,0.0,0.0,0.0,0.0,0,0.0,0.0,0,0,0,0,0,0,0,0,0,0,0,0,0,0,0,0,0
1,269.177,26,sem_arma,0.0,0.0,0.0,0.0,0.0,0.951057530952427,0.1454106234366413,0.7460612064936991,0.14478683304483092,155.11,155.112,316.854,0,1,0,0,0,0,0,0,0,0,0,0,0.0,0.0,0.0,0.0,0.0,0.0,0.0,0,0,0.0,0.0,0.0,0.0,0.0,155.1119,155.11,316.8534,0.04598287660448371,0.1454106234366413,0.06795170733361666,0.0,0.0,0.0,0.0,0.0,0.0,0.0,0.0,0,0.0,0.0,0,0,0,0,0,0,0,0,0,0,0,0,0,0,0,0,0
1,270.181,27,sem_arma,0.0,0.0,0.0,0.0,0.0,0.9775830596158718,0.0,0.7664244319682684,0.11594385809037293,155.11,155.113,316.85,0,1,0,0,0,0,0,0,0,0,0,0,0.0,0.0,0.0,0.0,0.0,0.0,0.0,0,0,0.0,0.0,0.0,0.0,0.0,155.112,155.11,316.8532,0.0,0.0,0.04598287660448371,0.0,0.0,0.0,0.0,0.0,0.0,0.0,0.0,0,0.0,0.0,0,0,0,0,0,0,0,0,0,0,0,0,0,0,0,0,0
1,457.414,45,sem_arma,4803.462169132366,4803.462169132366,0.7172018510322271,0.7172018510322271,0.32074241849934754,0.9997335638356438,0.22679913913506217,0.7882584155346877,0.1165134905822518,155.111,180.0,0.0,-1,0,0,0,0,0,0,0,0,0,0,0,0.0,0.0,0.0,0.0,0.0,0.0,0.0,0,0,0.0,0.0,0.0,0.0,0.0,155.112,155.11,316.85322222222226,0.07172018510322271,0.22679913913506217,0.07172018510322271,0.0,0.0,0.0,0.0,0.0,0.0,0.0,0.0,0,0.0,0.0,0,0,0,0,0,0,0,0,0,0,0,0,0,0,0,0,0
1,459.411,45,sem_arma,0.0,-2405.339093205992,0.05806546802408099,0.6591363830081461,0.31525474243124296,0.9998142035047518,0.22549849767945804,0.8073937116567069,0.11631836075775599,155.112,180.0,0.0,-1,0,0,0,0,0,0,0,0,0,0,0,0.0,0.0,0.0,0.0,0.0,0.0,0.0,0,0,0.0,0.0,0.0,0.0,0.0,155.112,155.11,316.85325,0.07752673190563081,0.22549849767945804,0.13763382340403735,0.0,0.0,0.0,0.0,0.0,0.0,0.0,0.0,0,0.0,0.0,0,0,0,0,0,0,0,0,0,0,0,0,0,0,0,0,0
1,460.41,46,sem_arma,0.0,0.0,1.4916077271118776e-08,0.05806545310800372,0.31525474059717906,0.9998489652902632,0.22549849710966138,0.8290256818405647,0.1156893577304993,155.112,180.0,0.0,-1,0,0,0,0,0,0,0,0,0,0,0,0.0,0.0,0.0,0.0,0.0,0.0,0.0,0,0,0.0,0.0,0.0,0.0,0.0,155.11185714285713,155.11,316.8537142857143,0.07752673339723853,0.22549849710966138,0.1434403687148377,0.0,0.0,0.0,0.0,0.0,0.0,0.0,0.0,0,0.0,0.0,0,0,0,0,0,0,0,0,0,0,0,0,0,0,0,0,0
1,461.419,46,sem_arma,0.0,0.0,1.4856868717294949,1.4856868568134176,0.652424859749013,0.9998808559767759,0.4959641768539985,0.8535522827903783,0.16036767612767827,155.113,180.0,0.0,-1,0,0,0,0,0,0,0,0,0,0,0,0.0,0.0,0.0,0.0,0.0,0.0,0.0,0,0,0.0,0.0,0.0,0.0,0.0,155.11183333333332,155.11,316.8528333333333,0.22609542057018803,0.4959641768539985,0.29200905439617947,0.0,0.0,0.0,0.0,0.0,0.0,0.0,0.0,0,0.0,0.0,0,0,0,0,0,0,0,0,0,0,0,0,0,0,0,0,0
1,462.421,46,sem_arma,0.0,0.0,1.167106374852685,0.3185804968768098,0.6589447996535136,0.9999014169699248,0.568818749725824,0.8810477678417967,0.22626215609302963,180.0,180.0,0.0,-1,0,0,0,0,0,0,0,0,0,0,0,0.0,0.0,0.0,0.0,0.0,0.0,0.0,0,0,0.0,0.0,0.0,0.0,0.0,155.1116,155.11,316.8542,0.3428060580554565,0.568818749725824,0.32386710408386044,0.0,0.0,0.0,0.0,0.0,0.0,0.0,0.0,0,0.0,0.0,0,0,0,0,0,0,0,0,0,0,0,0,0,0,0,0,0
1,463.422,46,sem_arma,0.0,0.0,1.1308454344829866,0.03626094036969851,0.6891747945136721,0.999905976534932,0.6043915081439362,0.9071764232308469,0.29517963554439686,180.0,180.0,0.0,-1,0,0,0,0,0,0,0,0,0,0,0,0.0,0.0,0.0,0.0,0.0,0.0,0.0,0,0,0.0,0.0,0.0,0.0,0.0,155.112,155.111,316.8525,0.4558906015037552,0.6043915081439362,0.3274931981208303,0.0,0.0,0.0,0.0,0.0,0.0,0.0,0.0,0,0.0,0.0,0,0,0,0,0,0,0,0,0,0,0,0,0,0,0,0,0
1,464.423,46,sem_arma,0.0,0.0,0.0,1.1308454344829866,0.7044554299948355,0.9999282784681967,0.6043915081439362,0.9268800871830646,0.3656251785438804,180.0,180.0,0.0,-1,0,0,0,0,0,0,0,0,0,0,0,0.0,0.0,0.0,0.0,0.0,0.0,0.0,0,0,0.0,0.0,0.0,0.0,0.0,155.11233333333334,155.112,316.8516666666667,0.4558906015037552,0.6043915081439362,0.440577741569129,0.0,0.0,0.0,0.0,0.0,0.0,0.0,0.0,0,0.0,0.0,0,0,0,0,0,0,0,0,0,0,0,0,0,0,0,0,0
1,465.426,46,sem_arma,0.0,0.0,0.0656823688694114,0.0656823688694114,0.687217911624212,0.99994014408073,0.5992214080664868,0.9410444165473282,0.4343469697063016,180.0,180.0,0.0,-1,0,0,0,0,0,0,0,0,0,0,0,0.0,0.0,0.0,0.0,0.0,0.0,0.0,0,0,0.0,0.0,0.0,0.0,0.0,155.11249999999998,155.112,316.852,0.46245883839069635,0.5992214080664868,0.4471459784560701,0.0,0.0,0.0,0.0,0.0,0.0,0.0,0.0,0,0.0,0.0,0,0,0,0,0,0,0,0,0,0,0,0,0,0,0,0,0
1,466.424,46,sem_arma,0.0,0.0,0.0,0.0656823688694114,0.6180431932351583,0.9999554171502969,0.5992214080664868,0.9540104963023239,0.49615128902981737,180.0,180.0,0.0,-1,0,0,0,0,0,0,0,0,0,0,0,0.0,0.0,0.0,0.0,0.0,0.0,0.0,0,0,0.0,0.0,0.0,0.0,0.0,155.113,155.113,316.85,0.46245883839069635,0.5992214080664868,0.45371421534301126,0.0,0.0,0.0,0.0,0.0,0.0,0.0,0.0,0,0.0,0.0,0,0,0,0,0,0,0,0,0,0,0,0,0,0,0,0,0
1,467.428,46,sem_arma,0.0,0.0,0.0,0.0,0.4991968082410606,0.9999998897990888,0.5992214080664868,0.9641163322553735,0.5460709698539234,180.0,180.0,0.0,-1,0,0,0,0,0,0,0,0,0,0,0,0.0,0.0,0.0,0.0,0.0,0.0,0.0,0,0,0.0,0.0,0.0,0.0,0.0,180.0,180.0,0.0,0.46245883839069635,0.5992214080664868,0.45371421534301126,0.0,0.0,0.0,0.0,0.0,0.0,0.0,0.0,0,0.0,0.0,0,0,0,0,0,0,0,0,0,0,0,0,0,0,0,0,0
1,468.432,46,sem_arma,0.0,0.0,0.061425091989867585,0.061425091989867585,0.03484233841550502,0.9999998897990888,0.6041087476108217,0.9707886212235645,0.5174809618455393,180.0,180.0,0.0,-1,0,0,0,0,0,0,0,0,0,0,0,0.0,0.0,0.0,0.0,0.0,0.0,0.0,0,0,0.0,0.0,0.0,0.0,0.0,180.0,180.0,0.0,0.3968811624864604,0.6041087476108217,0.3881365394387753,0.0,0.0,0.0,0.0,0.0,0.0,0.0,0.0,0,0.0,0.0,0,0,0,0,0,0,0,0,0,0,0,0,0,0,0,0,0
1,469.425,46,sem_arma,0.0,0.0,0.0,0.061425091989867585,0.03484233841550502,0.9999998897990888,0.6079937712513667,0.9759137791482987,0.4894397214439654,180.0,180.0,0.0,-1,0,0,0,0,0,0,0,0,0,0,0,0.0,0.0,0.0,0.0,0.0,0.0,0.0,0,0,0.0,0.0,0.0,0.0,0.0,180.0,180.0,0.0,0.3910746156840523,0.6079937712513667,0.32836541033694744,0.0,0.0,0.0,0.0,0.0,0.0,0.0,0.0,0,0.0,0.0,0,0,0,0,0,0,0,0,0,0,0,0,0,0,0,0,0
1,470.437,47,sem_arma,0.0,0.0,0.0,0.0,0.027470136242703506,0.9999998897990888,0.6079937723174045,0.9797379250104223,0.4606612610085178,180.0,180.0,0.0,-1,0,0,0,0,0,0,0,0,0,0,0,0.0,0.0,0.0,0.0,0.0,0.0,0.0,0,0,0.0,0.0,0.0,0.0,0.0,180.0,180.0,0.0,0.39107461419244455,0.6079937723174045,0.32255886502614706,0.0,0.0,0.0,0.0,0.0,0.0,0.0,0.0,0,0.0,0.0,0,0,0,0,0,0,0,0,0,0,0,0,0,0,0,0,0
1,471.431,47,sem_arma,0.0,0.0,0.07096129807602575,0.07096129807602575,0.03641193655816151,0.9999998897990888,0.4750508207340101,0.9835893424027473,0.3990599686894327,180.0,180.0,0.0,-1,0,0,0,0,0,0,0,0,0,0,0,0.0,0.0,0.0,0.0,0.0,0.0,0.0,0,0,0.0,0.0,0.0,0.0,0.0,180.0,180.0,0.0,0.24960205682709763,0.4750508207340101,0.18108630915240786,0.0,0.0,0.0,0.0,0.0,0.0,0.0,0.0,0,0.0,0.0,0,0,0,0,0,0,0,0,0,0,0,0,0,0,0,0,0
1,474.649,47,sem_arma,0.0,0.0,0.0,0.07096129807602575,0.036411936558161516,0.9999998897990888,0.3520310631298593,0.987207264022276,0.3368066823798975,180.0,180.0,0.0,-1,0,0,0,0,0,0,0,0,0,0,0,0.0,0.0,0.0,0.0,0.0,0.0,0.0,0,0,0.0,0.0,0.0,0.0,0.0,180.0,180.0,0.0,0.1328914193418291,0.3520310631298593,0.15632438927232944,0.0,0.0,0.0,0.0,0.0,0.0,0.0,0.0,0,0.0,0.0,0,0,0,0,0,0,0,0,0,0,0,0,0,0,0,0,0
1,475.655,47,sem_arma,26.614939751687167,26.456202536468357,2.5725109769108263,2.5725109769108263,1.1429412822217178,0.9943350733671471,0.8071434018527224,0.990324601267765,0.3821833311507021,180.0,180.0,0.0,-1,0,0,0,0,0,0,0,0,0,0,0,0.0,0.0,0.0,0.0,0.0,0.0,0.0,0,0,0.0,0.0,0.0,0.0,0.0,180.0,180.0,0.0,0.2770579735846131,0.8071434018527224,0.4099493929264423,0.0,0.0,0.0,0.0,0.0,0.0,0.0,0.0,0,0.0,0.0,0,0,0,0,0,0,0,0,0,0,0,0,0,0,0,0,0
1,476.622,47,sem_arma,0.0,-27.523205534319718,0.0,2.5725109769108263,1.1429412822217178,0.9943350733671471,0.8071434018527224,0.9933614926368236,0.4260319163733903,180.0,180.0,0.0,-1,0,0,0,0,0,0,0,0,0,0,0,0.0,0.0,0.0,0.0,0.0,0.0,0.0,0,0,0.0,0.0,0.0,0.0,0.0,180.0,180.0,0.0,0.2770579735846131,0.8071434018527224,0.5541159471692263,0.0,0.0,0.0,0.0,0.0,0.0,0.0,0.0,0,0.0,0.0,0,0,0,0,0,0,0,0,0,0,0,0,0,0,0,0,0
1,477.629,47,sem_arma,0.0,0.0,0.0,0.0,1.1429412822217178,0.9943350733671471,0.8093189384695652,0.9955276985637894,0.47160425343314083,180.0,180.0,0.0,-1,0,0,0,0,0,0,0,0,0,0,0,0.0,0.0,0.0,0.0,0.0,0.0,0.0,0,0,0.0,0.0,0.0,0.0,0.0,180.0,180.0,0.0,0.27048973669767196,0.8093189384695652,0.5475477102822851,0.0,0.0,0.0,0.0,0.0,0.0,0.0,0.0,0,0.0,0.0,0,0,0,0,0,0,0,0,0,0,0,0,0,0,0,0,0
1,478.629,47,sem_arma,0.0,0.0,0.0,0.0,1.1504618834474,0.9943350733671471,0.8093189384695652,0.9976915756845255,0.5248461224543651,180.0,180.0,0.0,-1,0,0,0,0,0,0,0,0,0,0,0,0.0,0.0,0.0,0.0,0.0,0.0,0.0,0,0,0.0,0.0,0.0,0.0,0.0,180.0,180.0,0.0,0.27048973669767196,0.8093189384695652,0.5409794733953439,0.0,0.0,0.0,0.0,0.0,0.0,0.0,0.0,0,0.0,0.0,0,0,0,0,0,0,0,0,0,0,0,0,0,0,0,0,0
1,479.623,47,sem_arma,0.0,0.0,0.0,0.0,1.1504618834474,0.9943350733671471,0.8093189384695652,0.9985291763720893,0.589972629974999,180.0,180.0,0.0,-1,0,0,0,0,0,0,0,0,0,0,0,0.0,0.0,0.0,0.0,0.0,0.0,0.0,0,0,0.0,0.0,0.0,0.0,0.0,180.0,180.0,0.0,0.27048973669767196,0.8093189384695652,0.5409794733953439,0.0,0.0,0.0,0.0,0.0,0.0,0.0,0.0,0,0.0,0.0,0,0,0,0,0,0,0,0,0,0,0,0,0,0,0,0,0
1,480.629,48,sem_arma,2.254163448087017,2.240719133287293,1.8501941383190952,1.8501941383190952,0.827431972970629,0.9029791261450586,0.9443847378769521,0.99369145448756,0.6692315934305114,180.0,180.0,0.0,-1,0,0,0,0,0,0,0,0,0,0,0,0.0,0.0,0.0,0.0,0.0,0.0,0.0,0,0,0.0,0.0,0.0,0.0,0.0,180.0,180.0,0.0,0.4493666413305947,0.9443847378769521,0.7198563780282667,0.0,0.0,0.0,0.0,0.0,0.0,0.0,0.0,0,0.0,0.0,0,0,0,0,0,0,0,0,0,0,0,0,0,0,0,0,0
1,481.631,48,sem_arma,5.889469907675928,3.628050358871169,0.7986034803244092,1.0515906579946859,0.8151319070172475,0.6133780978296964,0.9358906653679218,0.9743696492038071,0.7472605502906856,180.0,180.0,0.0,-1,0,0,0,0,0,0,0,0,0,0,0,0.0,0.0,0.0,0.0,0.0,0.0,0.0,0,0,0.0,0.0,0.0,0.0,0.0,180.0,180.0,0.0,0.5292269893630357,0.9358906653679218,0.8188729346287484,0.0,0.0,0.0,0.0,0.0,0.0,0.0,0.0,0,0.0,0.0,0,0,0,0,0,0,0,0,0,0,0,0,0,0,0,0,0
1,482.629,48,sem_arma,6.543133817232102,0.6549738572707148,1.0986471633427357,0.3000436830183265,0.7841146247473099,0.5137323449670806,0.9313358152566551,0.9500638181876481,0.8229249991411463,180.0,180.0,0.0,-1,0,0,0,0,0,0,0,0,0,0,0,0.0,0.0,0.0,0.0,0.0,0.0,0.0,0,0,0.0,0.0,0.0,0.0,0.0,180.0,180.0,0.0,0.6390917056973092,0.9313358152566551,0.8488773029305812,0.0,0.0,0.0,0.0,0.0,0.0,0.0,0.0,0,0.0,0.0,0,0,0,0,0,0,0,0,0,0,0,0,0,0,0,0,0
1,483.764,48,sem_arma,2.8445846810727784,-3.258633600140373,0.8047881022696628,0.2938590610730729,0.6654191349879187,0.5272266132981277,0.9102692254331402,0.9264311060537155,0.885825718984122,180.0,180.0,0.0,-1,0,0,0,0,0,0,0,0,0,0,0,0.0,0.0,0.0,0.0,0.0,0.0,0.0,0,0,0.0,0.0,0.0,0.0,0.0,180.0,180.0,0.0,0.7124743861166729,0.9102692254331402,0.8711670792302859,0.0,0.0,0.0,0.0,0.0,0.0,0.0,0.0,0,0.0,0.0,0,0,0,0,0,0,0,0,0,0,0,0,0,0,0,0,0
1,484.635,48,sem_arma,4.73529258549623,2.1707323816572344,0.7170583389018216,0.08772976336784122,0.4681831932672502,0.565391121365283,0.8754868207998325,0.9047055912734836,0.9290028446550309,180.0,180.0,0.0,-1,0,0,0,0,0,0,0,0,0,0,0,0.0,0.0,0.0,0.0,0.0,0.0,0.0,0,0,0.0,0.0,0.0,0.0,0.0,180.0,180.0,0.0,0.784180220006855,0.8754868207998325,0.8728439257594675,0.0,0.0,0.0,0.0,0.0,0.0,0.0,0.0,0,0.0,0.0,0,0,0,0,0,0,0,0,0,0,0,0,0,0,0,0,0
1,485.631,48,sem_arma,0.5119502327747536,-4.240303566989433,0.027903975191921095,0.6891543637099005,0.39719800777191344,0.5566104601214995,0.6346144011752106,0.8825408154528119,0.8544285172100505,180.0,180.0,0.0,-1,0,0,0,0,0,0,0,0,0,0,0,0.0,0.0,0.0,0.0,0.0,0.0,0.0,0,0,0.0,0.0,0.0,0.0,0.0,180.0,180.0,0.0,0.5297195198349646,0.6346144011752106,0.684508264439375,0.0,0.0,0.0,0.0,0.0,0.0,0.0,0.0,0,0.0,0.0,0,0,0,0,0,0,0,0,0,0,0,0,0,0,0,0,0
1,486.634,48,sem_arma,0.7049921512151401,0.1924645248657892,0.5907540115063671,0.562850036314446,0.39377356063985447,0.5446188472867417,0.6067071738197427,0.8597753438937392,0.7795117450518642,180.0,180.0,0.0,-1,0,0,0,0,0,0,0,0,0,0,0,0.0,0.0,0.0,0.0,0.0,0.0,0.0,0,0,0.0,0.0,0.0,0.0,0.0,180.0,180.0,0.0,0.5887949209856013,0.6067071738197427,0.4835421703797369,0.0,0.0,0.0,0.0,0.0,0.0,0.0,0.0,0,0.0,0.0,0,0,0,0,0,0,0,0,0,0,0,0,0,0,0,0,0
1,487.64,48,sem_arma,3.9601398075053393,3.235733256749701,0.2693124183881076,0.3214415931182595,0.3250812271887666,0.5770586412834888,0.5831884625341744,0.8386312687538771,0.697725739548569,180.0,180.0,0.0,-1,0,0,0,0,0,0,0,0,0,0,0,0.0,0.0,0.0,0.0,0.0,0.0,0.0,0,0,0.0,0.0,0.0,0.0,0.0,180.0,180.0,0.0,0.615726162824412,0.5831884625341744,0.5156863296915628,0.0,0.0,0.0,0.0,0.0,0.0,0.0,0.0,0,0.0,0.0,0,0,0,0,0,0,0,0,0,0,0,0,0,0,0,0,0
1,488.633,48,sem_arma,2.7115633488662696,-1.2573781053767068,0.013204323480384698,0.2561080949077229,0.3212901632706308,0.5468158996683274,0.5816523846748011,0.8159742928797786,0.6148085675308921,180.0,180.0,0.0,-1,0,0,0,0,0,0,0,0,0,0,0,0.0,0.0,0.0,0.0,0.0,0.0,0.0,0,0,0.0,0.0,0.0,0.0,0.0,180.0,180.0,0.0,0.6170465951724504,0.5816523846748011,0.541297139182335,0.0,0.0,0.0,0.0,0.0,0.0,0.0,0.0,0,0.0,0.0,0,0,0,0,0,0,0,0,0,0,0,0,0,0,0,0,0
1,489.643,48,sem_arma,1.1922370911208986,-1.5042834235102682,0.3658964708525602,0.3526921473721755,0.2425174268489629,0.5447549754190771,0.5491222623398071,0.7932120471607781,0.5240141218710483,180.0,180.0,0.0,-1,0,0,0,0,0,0,0,0,0,0,0,0.0,0.0,0.0,0.0,0.0,0.0,0.0,0,0,0.0,0.0,0.0,0.0,0.0,180.0,180.0,0.0,0.6536362422577066,0.5491222623398071,0.5765663539195527,0.0,0.0,0.0,0.0,0.0,0.0,0.0,0.0,0,0.0,0.0,0,0,0,0,0,0,0,0,0,0,0,0,0,0,0,0,0
1,490.635,49,sem_arma,0.0,-1.2018519063718736,0.0,0.3658964708525602,0.24923231152378333,0.5447549754190771,0.389727117437256,0.7704498014417774,0.46619415572636375,180.0,180.0,0.0,-1,0,0,0,0,0,0,0,0,0,0,0,0.0,0.0,0.0,0.0,0.0,0.0,0.0,0,0,0.0,0.0,0.0,0.0,0.0,180.0,180.0,0.0,0.46861682842579705,0.389727117437256,0.42813658717289915,0.0,0.0,0.0,0.0,0.0,0.0,0.0,0.0,0,0.0,0.0,0,0,0,0,0,0,0,0,0,0,0,0,0,0,0,0,0
1,491.637,49,sem_arma,0.0,0.0,0.0,0.0,0.1749970152265019,0.5447549754190771,0.396361062131703,0.7476875557227769,0.40218066654728923,180.0,180.0,0.0,-1,0,0,0,0,0,0,0,0,0,0,0,0.0,0.0,0.0,0.0,0.0,0.0,0.0,0,0,0.0,0.0,0.0,0.0,0.0,180.0,180.0,0.0,0.38875648039335603,0.396361062131703,0.3229775213734306,0.0,0.0,0.0,0.0,0.0,0.0,0.0,0.0,0,0.0,0.0,0,0,0,0,0,0,0,0,0,0,0,0,0,0,0,0,0
1,492.636,49,sem_arma,0.0,0.0,0.0,0.0,0.1622583580960936,0.5447549754190771,0.3232479413915603,0.7249253100037762,0.3399950398821676,180.0,180.0,0.0,-1,0,0,0,0,0,0,0,0,0,0,0,0.0,0.0,0.0,0.0,0.0,0.0,0.0,0,0,0.0,0.0,0.0,0.0,0.0,180.0,180.0,0.0,0.2788917640590825,0.3232479413915603,0.2929731530715979,0.0,0.0,0.0,0.0,0.0,0.0,0.0,0.0,0,0.0,0.0,0,0,0,0,0,0,0,0,0,0,0,0,0,0,0,0,0
1,493.916,49,sem_arma,0.0,0.0,0.0,0.0,0.16363387631072013,0.5447549754190771,0.27423597970566715,0.7021630642847757,0.2898165140144477,180.0,180.0,0.0,-1,0,0,0,0,0,0,0,0,0,0,0,0.0,0.0,0.0,0.0,0.0,0.0,0.0,0,0,0.0,0.0,0.0,0.0,0.0,180.0,180.0,0.0,0.19841295383211624,0.27423597970566715,0.26358724696429064,0.0,0.0,0.0,0.0,0.0,0.0,0.0,0.0,0,0.0,0.0,0,0,0,0,0,0,0,0,0,0,0,0,0,0,0,0,0
1,494.913,49,sem_arma,0.0,0.0,0.0,0.0,0.0,0.5447549754190771,0.2097103165325292,0.6794008185657752,0.2429981946877227,180.0,180.0,0.0,-1,0,0,0,0,0,0,0,0,0,0,0,0.0,0.0,0.0,0.0,0.0,0.0,0.0,0,0,0.0,0.0,0.0,0.0,0.0,180.0,180.0,0.0,0.12670711994193407,0.2097103165325292,0.2548142706275065,0.0,0.0,0.0,0.0,0.0,0.0,0.0,0.0,0,0.0,0.0,0,0,0,0,0,0,0,0,0,0,0,0,0,0,0,0,0
1,495.908,49,sem_arma,0.0,0.0,0.0,0.0,0.0,0.6896705296395876,0.21135029411169473,0.6641675913793972,0.20327839391053137,180.0,180.0,0.0,-1,0,0,0,0,0,0,0,0,0,0,0,0.0,0.0,0.0,0.0,0.0,0.0,0.0,0,0,0.0,0.0,0.0,0.0,0.0,180.0,180.0,0.0,0.12391672242274196,0.21135029411169473,0.18589883425651646,0.0,0.0,0.0,0.0,0.0,0.0,0.0,0.0,0,0.0,0.0,0,0,0,0,0,0,0,0,0,0,0,0,0,0,0,0,0
1,496.915,49,sem_arma,0.0,0.0,2.866999597517464,2.866999597517464,1.2821611983027172,0.6896705296395876,0.8938342954662841,0.6489343641930192,0.2921171576768177,180.0,180.0,0.0,-1,0,0,0,0,0,0,0,0,0,0,0,0.0,0.0,0.0,0.0,0.0,0.0,0.0,0,0,0.0,0.0,0.0,0.0,0.0,180.0,180.0,0.0,0.3515412810238516,0.8938342954662841,0.41631379037681826,0.0,0.0,0.0,0.0,0.0,0.0,0.0,0.0,0,0.0,0.0,0,0,0,0,0,0,0,0,0,0,0,0,0,0,0,0,0
1,497.916,49,sem_arma,1.9216167919758589,1.9196970948809782,0.8932256938087246,1.9737739037087392,1.2439533737181987,0.6601829934338508,0.9091015937264959,0.6322267601963544,0.3840043723297609,180.0,180.0,0.0,-1,0,0,0,0,0,0,0,0,0,0,0,0.0,0.0,0.0,0.0,0.0,0.0,0.0,0,0,0.0,0.0,0.0,0.0,0.0,180.0,180.0,0.0,0.41393260856591335,0.9091015937264959,0.5815470214358662,0.0,0.0,0.0,0.0,0.0,0.0,0.0,0.0,0,0.0,0.0,0,0,0,0,0,0,0,0,0,0,0,0,0,0,0,0,0
1,498.932,49,sem_arma,0.0,-1.8913551102124595,1.4666497238039032e-08,0.8932256791422274,1.2439533715015025,0.6601829934338508,0.909757658078487,0.6155191561996896,0.4762706931528481,180.0,180.0,0.0,-1,0,0,0,0,0,0,0,0,0,0,0,0.0,0.0,0.0,0.0,0.0,0.0,0.0,0,0,0.0,0.0,0.0,0.0,0.0,180.0,180.0,0.0,0.41261217768452463,0.909757658078487,0.6452587798593167,0.0,0.0,0.0,0.0,0.0,0.0,0.0,0.0,0,0.0,0.0,0,0,0,0,0,0,0,0,0,0,0,0,0,0,0,0,0
1,499.922,49,sem_arma,0.8689217441448228,0.877698731459417,1.4829622605275534,1.4829622458610563,1.1956705991672503,0.6182125013708066,0.9699721824546841,0.5967130275998725,0.5715860103846768,180.0,180.0,0.0,-1,0,0,0,0,0,0,0,0,0,0,0,0.0,0.0,0.0,0.0,0.0,0.0,0.0,0,0,0.0,0.0,0.0,0.0,0.0,180.0,180.0,0.0,0.524318756652024,0.9699721824546841,0.7582857897082047,0.0,0.0,0.0,0.0,0.0,0.0,0.0,0.0,0,0.0,0.0,0,0,0,0,0,0,0,0,0,0,0,0,0,0,0,0,0
1,500.925,50,sem_arma,0.919196860570641,0.05012474219922051,0.08228056416262211,1.4006816963649313,1.1780666181767403,0.5913884740863348,0.9653683757763383,0.5811334949969363,0.6644694410499724,180.0,180.0,0.0,-1,0,0,0,0,0,0,0,0,0,0,0,0.0,0.0,0.0,0.0,0.0,0.0,0.0,0,0,0.0,0.0,0.0,0.0,0.0,180.0,180.0,0.0,0.5325468130682861,0.9653683757763383,0.861764312259442,0.0,0.0,0.0,0.0,0.0,0.0,0.0,0.0,0,0.0,0.0,0,0,0,0,0,0,0,0,0,0,0,0,0,0,0,0,0
1,501.93,50,sem_arma,0.7035888440381961,-0.21453533983327852,0.6968341259070143,0.6145535617443922,0.6120028844757791,0.6148666677009502,0.9476433542500828,0.581207923490499,0.7081700279749003,180.0,180.0,0.0,-1,0,0,0,0,0,0,0,0,0,0,0,0.0,0.0,0.0,0.0,0.0,0.0,0.0,0,0,0.0,0.0,0.0,0.0,0.0,180.0,180.0,0.0,0.6022302256589875,0.9476433542500828,0.9232196684338811,0.0,0.0,0.0,0.0,0.0,0.0,0.0,0.0,0,0.0,0.0,0,0,0,0,0,0,0,0,0,0,0,0,0,0,0,0,0
1,502.927,50,sem_arma,1.1739919669737229,0.4718185786715414,1.9543722327190536,1.2575381068120393,0.8595648626784811,0.4768819726290662,1.0091746364588106,0.5793654048735983,0.777900678433139,180.0,180.0,0.0,-1,0,0,0,0,0,0,0,0,0,0,0,0.0,0.0,0.0,0.0,0.0,0.0,0.0,0,0,0.0,0.0,0.0,0.0,0.0,180.0,180.0,0.0,0.7976674489308928,1.0091746364588106,1.048973479115085,0.0,0.0,0.0,0.0,0.0,0.0,0.0,0.0,0,0.0,0.0,0,0,0,0,0,0,0,0,0,0,0,0,0,0,0,0,0
1,503.929,50,sem_arma,2.6517625279430503,1.4748209191310653,1.315030247615253,0.6393419851038007,0.7281736389109316,0.3921845003770004,0.9789087730171936,0.572613299227542,0.8343546546931602,180.0,180.0,0.0,-1,0,0,0,0,0,0,0,0,0,0,0,0.0,0.0,0.0,0.0,0.0,0.0,0.0,0,0,0.0,0.0,0.0,0.0,0.0,180.0,180.0,0.0,0.9291704736924181,0.9789087730171936,1.1129076776254652,0.0,0.0,0.0,0.0,0.0,0.0,0.0,0.0,0,0.0,0.0,0,0,0,0,0,0,0,0,0,0,0,0,0,0,0,0,0
1,504.928,50,sem_arma,1.8018018045834527,-0.8508115348944921,0.24090668566356332,1.0741235619516896,0.777725512991409,0.26750783077557266,0.9562023927217119,0.5577191346980565,0.912127205992301,180.0,180.0,0.0,-1,0,0,0,0,0,0,0,0,0,0,0,0.0,0.0,0.0,0.0,0.0,0.0,0.0,0,0,0.0,0.0,0.0,0.0,0.0,180.0,180.0,0.0,0.9532611422587746,0.9562023927217119,1.220320033820634,0.0,0.0,0.0,0.0,0.0,0.0,0.0,0.0,0,0.0,0.0,0,0,0,0,0,0,0,0,0,0,0,0,0,0,0,0,0
1,505.935,50,sem_arma,3.393846795799735,1.5809781442068345,1.7078627254989642,1.466956039835401,0.7091940951453791,0.2749072197976576,0.9188122996439942,0.5436339726818643,0.9830466155068389,180.0,180.0,0.0,-1,0,0,0,0,0,0,0,0,0,0,0,0.0,0.0,0.0,0.0,0.0,0.0,0.0,0,0,0.0,0.0,0.0,0.0,0.0,180.0,180.0,0.0,1.124047414808671,0.9188122996439942,1.367015637804174,0.0,0.0,0.0,0.0,0.0,0.0,0.0,0.0,0,0.0,0.0,0,0,0,0,0,0,0,0,0,0,0,0,0,0,0,0,0
1,506.94,50,sem_arma,1.6915425812112233,-1.693835039391554,2.336320289435764,0.6284575639367997,0.8012534818937304,0.29181852284345966,0.816599013275212,0.5309939564597002,0.9349558438659402,180.0,180.0,0.0,-1,0,0,0,0,0,0,0,0,0,0,0,0.0,0.0,0.0,0.0,0.0,0.0,0.0,0,0,0.0,0.0,0.0,0.0,0.0,180.0,180.0,0.0,1.070979484000501,0.816599013275212,1.1431614344461076,0.0,0.0,0.0,0.0,0.0,0.0,0.0,0.0,0,0.0,0.0,0,0,0,0,0,0,0,0,0,0,0,0,0,0,0,0,0
1,507.941,50,sem_arma,2.0979022501311793,0.4059537152047513,2.2211231402619553,0.11519714917380863,0.845805456609316,0.30758720322648087,0.8892199074107142,0.5175203845568498,0.8951410521550519,180.0,180.0,0.0,-1,0,0,0,0,0,0,0,0,0,0,0,0.0,0.0,0.0,0.0,0.0,0.0,0.0,0,0,0.0,0.0,0.0,0.0,0.0,180.0,180.0,0.0,1.203769228645824,0.8892199074107142,0.9573037589926148,0.0,0.0,0.0,0.0,0.0,0.0,0.0,0.0,0,0.0,0.0,0,0,0,0,0,0,0,0,0,0,0,0,0,0,0,0,0
1,508.938,50,sem_arma,3.5219760166035448,1.4283588430013696,0.22682036991050902,1.9943027703514464,1.04298991559368,0.2594427944523225,0.8574271850084867,0.5031517292960496,0.8750447065642698,180.0,180.0,0.0,-1,0,0,0,0,0,0,0,0,0,0,0,0.0,0.0,0.0,0.0,0.0,0.0,0.0,0,0,0.0,0.0,0.0,0.0,0.0,180.0,180.0,0.0,1.2264512641702252,0.8574271850084867,1.0674114681135367,0.0,0.0,0.0,0.0,0.0,0.0,0.0,0.0,0,0.0,0.0,0,0,0,0,0,0,0,0,0,0,0,0,0,0,0,0,0
1,509.946,50,sem_arma,4.675347046186768,1.1442172912531974,1.6533809293721895,1.4265605594616804,0.8402132508784961,0.12259962522961054,0.8647542485734412,0.48204396178657627,0.8394989717353942,180.0,180.0,0.0,-1,0,0,0,0,0,0,0,0,0,0,0,0.0,0.0,0.0,0.0,0.0,0.0,0.0,0,0,0.0,0.0,0.0,0.0,0.0,180.0,180.0,0.0,1.2434931310546888,0.8647542485734412,1.0617712994735988,0.0,0.0,0.0,0.0,0.0,0.0,0.0,0.0,0,0.0,0.0,0,0,0,0,0,0,0,0,0,0,0,0,0,0,0,0,0
1,510.945,51,sem_arma,4.638522250830994,-0.036861657012786216,1.3218754172526823,0.3315055121195072,0.8488551872421777,0.24983257129941538,0.7626174817424801,0.4672978415805932,0.806577828641938,180.0,180.0,0.0,-1,0,0,0,0,0,0,0,0,0,0,0,0.0,0.0,0.0,0.0,0.0,0.0,0.0,0,0,0.0,0.0,0.0,0.0,0.0,180.0,180.0,0.0,1.3674526163636949,0.7626174817424801,0.9548536810490565,0.0,0.0,0.0,0.0,0.0,0.0,0.0,0.0,0,0.0,0.0,0,0,0,0,0,0,0,0,0,0,0,0,0,0,0,0,0
1,511.946,51,sem_arma,4.323493512783938,-0.3147140240230332,0.08308302937963523,1.2387923878730471,0.9231645500683893,0.3406622051121152,0.8430418367443463,0.45709320306524504,0.8376939952011989,180.0,180.0,0.0,-1,0,0,0,0,0,0,0,0,0,0,0,0.0,0.0,0.0,0.0,0.0,0.0,0.0,0,0,0.0,0.0,0.0,0.0,0.0,180.0,180.0,0.0,1.306077506710957,0.8430418367443463,1.017277563661922,0.0,0.0,0.0,0.0,0.0,0.0,0.0,0.0,0,0.0,0.0,0,0,0,0,0,0,0,0,0,0,0,0,0,0,0,0,0
1,512.948,51,sem_arma,6.59011834507974,2.262100631033735,0.27530221839464025,0.192219189015005,0.7210733003515819,0.44624811294561717,0.8664589416729361,0.45216785994157205,0.8238448389685091,180.0,180.0,0.0,-1,0,0,0,0,0,0,0,0,0,0,0,0.0,0.0,0.0,0.0,0.0,0.0,0.0,0,0,0.0,0.0,0.0,0.0,0.0,180.0,180.0,0.0,1.1381705052785156,0.8664589416729361,0.9107456718822184,0.0,0.0,0.0,0.0,0.0,0.0,0.0,0.0,0,0.0,0.0,0,0,0,0,0,0,0,0,0,0,0,0,0,0,0,0,0
1,513.949,51,sem_arma,6.696249438093269,0.10602506794558328,0.13220664179504515,0.1430955765995951,0.7380337076382674,0.5172808887736982,0.9187876454190103,0.4507941556093031,0.8248308458412428,180.0,180.0,0.0,-1,0,0,0,0,0,0,0,0,0,0,0,0.0,0.0,0.0,0.0,0.0,0.0,0.0,0,0,0.0,0.0,0.0,0.0,0.0,180.0,180.0,0.0,1.019888144696495,0.9187876454190103,0.8611210310317979,0.0,0.0,0.0,0.0,0.0,0.0,0.0,0.0,0,0.0,0.0,0,0,0,0,0,0,0,0,0,0,0,0,0,0,0,0,0
1,514.957,51,sem_arma,6.755991877637359,0.05926829319850196,0.3873716855151567,0.25516504372011156,0.5073770344608246,0.5697304867698268,0.90606943530661,0.4520429311768406,0.7977959979881842,180.0,180.0,0.0,-1,0,0,0,0,0,0,0,0,0,0,0,0.0,0.0,0.0,0.0,0.0,0.0,0.0,0,0,0.0,0.0,0.0,0.0,0.0,180.0,180.0,0.0,1.0345346446816541,0.90606943530661,0.7792251792086402,0.0,0.0,0.0,0.0,0.0,0.0,0.0,0.0,0,0.0,0.0,0,0,0,0,0,0,0,0,0,0,0,0,0,0,0,0,0
1,515.951,51,sem_arma,2.335049937374034,-4.447627706502339,0.1033889364087732,0.28398274910638355,0.13067922741047974,0.5780675269182459,0.9155984324777666,0.4464627810407736,0.7399445112146943,180.0,180.0,0.0,-1,0,0,0,0,0,0,0,0,0,0,0,0.0,0.0,0.0,0.0,0.0,0.0,0.0,0,0,0.0,0.0,0.0,0.0,0.0,180.0,180.0,0.0,0.8740872657726351,0.9155984324777666,0.6609278501357385,0.0,0.0,0.0,0.0,0.0,0.0,0.0,0.0,0,0.0,0.0,0,0,0,0,0,0,0,0,0,0,0,0,0,0,0,0,0
1,516.952,51,sem_arma,0.41199461299582746,-1.9211341901880188,0.6258707573052176,0.5224818208964443,0.2127965656824561,0.580065486660307,0.7583466420363204,0.44098252889180944,0.6810988195935669,180.0,180.0,0.0,-1,0,0,0,0,0,0,0,0,0,0,0,0.0,0.0,0.0,0.0,0.0,0.0,0.0,0,0,0.0,0.0,0.0,0.0,0.0,180.0,180.0,0.0,0.7030423125595805,0.7583466420363204,0.6503302758317029,0.0,0.0,0.0,0.0,0.0,0.0,0.0,0.0,0,0.0,0.0,0,0,0,0,0,0,0,0,0,0,0,0,0,0,0,0,0
1,517.956,51,sem_arma,2.450722266262215,2.0306052323370394,0.15920324616309986,0.4666675111421177,0.22291732069508974,0.6114025039100636,0.5519507658320494,0.4385435044156202,0.6188100060021442,180.0,180.0,0.0,-1,0,0,0,0,0,0,0,0,0,0,0,0.0,0.0,0.0,0.0,0.0,0.0,0.0,0,0,0.0,0.0,0.0,0.0,0.0,180.0,180.0,0.0,0.49685032314969496,0.5519507658320494,0.6854773120285339,0.0,0.0,0.0,0.0,0.0,0.0,0.0,0.0,0,0.0,0.0,0,0,0,0,0,0,0,0,0,0,0,0,0,0,0,0,0
1,519.21,51,sem_arma,1.3926833695572949,-0.8437311775956299,0.2864101849367732,0.12720693877367337,0.20719254203807083,0.6119925306752823,0.5490254611220485,0.4361339812776917,0.5352302686465833,180.0,180.0,0.0,-1,0,0,0,0,0,0,0,0,0,0,0,0.0,0.0,0.0,0.0,0.0,0.0,0.0,0,0,0.0,0.0,0.0,0.0,0.0,180.0,180.0,0.0,0.5028093046523213,0.5490254611220485,0.4987677288707566,0.0,0.0,0.0,0.0,0.0,0.0,0.0,0.0,0,0.0,0.0,0,0,0,0,0,0,0,0,0,0,0,0,0,0,0,0,0
1,520.058,52,sem_arma,0.8338523446418976,-0.6589988501360817,0.4896017584537019,0.20319157351692868,0.22101724996093106,0.5943259323769406,0.3732413268237234,0.4349396528279984,0.47331066855482684,180.0,180.0,0.0,-1,0,0,0,0,0,0,0,0,0,0,0,0.0,0.0,0.0,0.0,0.0,0.0,0.0,0,0,0.0,0.0,0.0,0.0,0.0,180.0,180.0,0.0,0.3864313875604725,0.3732413268237234,0.37643083027628144,0.0,0.0,0.0,0.0,0.0,0.0,0.0,0.0,0,0.0,0.0,0,0,0,0,0,0,0,0,0,0,0,0,0,0,0,0,0
1,521.059,52,sem_arma,1.626255806874795,0.7916118503825149,0.7295453017176652,0.23994354326396328,0.23539254354295056,0.5738722590321571,0.22641356488286318,0.4340638420752895,0.4119644041849041,180.0,180.0,0.0,-1,0,0,0,0,0,0,0,0,0,0,0,0.0,0.0,0.0,0.0,0.0,0.0,0.0,0,0,0.0,0.0,0.0,0.0,0.0,180.0,180.0,0.0,0.3271983760069709,0.22641356488286318,0.367274633390727,0.0,0.0,0.0,0.0,0.0,0.0,0.0,0.0,0,0.0,0.0,0,0,0,0,0,0,0,0,0,0,0,0,0,0,0,0,0
1,522.058,52,sem_arma,1.4156292234163161,-0.2108374208793582,1.6638244344947457,0.9342791327770805,0.5982764670238399,0.5767114029000536,0.4640965536575995,0.43215607883524465,0.37947559588044916,180.0,180.0,0.0,-1,0,0,0,0,0,0,0,0,0,0,0,0.0,0.0,0.0,0.0,0.0,0.0,0.0,0,0,0.0,0.0,0.0,0.0,0.0,180.0,180.0,0.0,0.4852725165184818,0.4640965536575995,0.33682330788113035,0.0,0.0,0.0,0.0,0.0,0.0,0.0,0.0,0,0.0,0.0,0,0,0,0,0,0,0,0,0,0,0,0,0,0,0,0,0
1,523.064,52,sem_arma,2.990379529081736,1.5653581567250696,0.11715049257211543,1.5466739419226303,0.6074031334620722,0.5709311179757804,0.47462214229776045,0.43685853610258035,0.3681085791914982,180.0,180.0,0.0,-1,0,0,0,0,0,0,0,0,0,0,0,0.0,0.0,0.0,0.0,0.0,0.0,0.0,0,0,0.0,0.0,0.0,0.0,0.0,180.0,180.0,0.0,0.4694573439362294,0.47462214229776045,0.4722687831718929,0.0,0.0,0.0,0.0,0.0,0.0,0.0,0.0,0,0.0,0.0,0,0,0,0,0,0,0,0,0,0,0,0,0,0,0,0,0
1,524.061,52,sem_arma,0.6728389174558644,-2.324514154088136,0.022929177151615746,0.09422131542049969,0.6570274527240124,0.5763977490247013,0.48440694701450904,0.4460691985349654,0.3600079537000727,180.0,180.0,0.0,-1,0,0,0,0,0,0,0,0,0,0,0,0.0,0.0,0.0,0.0,0.0,0.0,0.0,0,0,0.0,0.0,0.0,0.0,0.0,180.0,180.0,0.0,0.45852959747188643,0.48440694701450904,0.4673813570539833,0.0,0.0,0.0,0.0,0.0,0.0,0.0,0.0,0,0.0,0.0,0,0,0,0,0,0,0,0,0,0,0,0,0,0,0,0,0
1,525.063,52,sem_arma,0.6694814378278411,-0.003350778071879593,0.05461536319517699,0.03168618604356124,0.7032362812753638,0.5751103373203755,0.5009836320298258,0.4614493238622055,0.3795938783815266,180.0,180.0,0.0,-1,0,0,0,0,0,0,0,0,0,0,0,0.0,0.0,0.0,0.0,0.0,0.0,0.0,0,0,0.0,0.0,0.0,0.0,0.0,180.0,180.0,0.0,0.42525396523988845,0.5009836320298258,0.4450334712863283,0.0,0.0,0.0,0.0,0.0,0.0,0.0,0.0,0,0.0,0.0,0,0,0,0,0,0,0,0,0,0,0,0,0,0,0,0,0
1,526.071,52,sem_arma,1.6149623729113527,0.9379771181384043,1.2772363604149344,1.2226209972197575,0.7826692101084657,0.5620468649949586,0.5521016938808895,0.47580630612207064,0.4447928766513252,180.0,180.0,0.0,-1,0,0,0,0,0,0,0,0,0,0,0,0.0,0.0,0.0,0.0,0.0,0.0,0.0,0,0,0.0,0.0,0.0,0.0,0.0,180.0,180.0,0.0,0.5426387076405046,0.5521016938808895,0.5388972960976657,0.0,0.0,0.0,0.0,0.0,0.0,0.0,0.0,0,0.0,0.0,0,0,0,0,0,0,0,0,0,0,0,0,0,0,0,0,0
1,527.069,52,sem_arma,0.0,-1.6181987704522571,0.0,1.2772363604149344,0.5511916948760494,0.5504280593655577,0.5765514620886185,0.4887367829481756,0.4786323895706845,180.0,180.0,0.0,-1,0,0,0,0,0,0,0,0,0,0,0,0.0,0.0,0.0,0.0,0.0,0.0,0.0,0,0,0.0,0.0,0.0,0.0,0.0,180.0,180.0,0.0,0.48005163190998273,0.5765514620886185,0.6143727500495146,0.0,0.0,0.0,0.0,0.0,0.0,0.0,0.0,0,0.0,0.0,0,0,0,0,0,0,0,0,0,0,0,0,0,0,0,0,0
1,528.074,52,sem_arma,0.0,0.0,0.0,0.0,0.5629731449221242,0.546377970801264,0.5884702967329677,0.5006763213269146,0.512637971993388,180.0,180.0,0.0,-1,0,0,0,0,0,0,0,0,0,0,0,0.0,0.0,0.0,0.0,0.0,0.0,0.0,0,0,0.0,0.0,0.0,0.0,0.0,180.0,180.0,0.0,0.4641313072936729,0.5884702967329677,0.5677059989353029,0.0,0.0,0.0,0.0,0.0,0.0,0.0,0.0,0,0.0,0.0,0,0,0,0,0,0,0,0,0,0,0,0,0,0,0,0,0
1,529.071,52,sem_arma,0.0,0.0,0.0,0.0,0.5655859252859562,0.6452401258146675,0.6048237213259993,0.5199661878950319,0.5484773103181765,180.0,180.0,0.0,-1,0,0,0,0,0,0,0,0,0,0,0,0.0,0.0,0.0,0.0,0.0,0.0,0.0,0,0,0.0,0.0,0.0,0.0,0.0,180.0,180.0,0.0,0.4354902887999955,0.6048237213259993,0.5549853050579355,0.0,0.0,0.0,0.0,0.0,0.0,0.0,0.0,0,0.0,0.0,0,0,0,0,0,0,0,0,0,0,0,0,0,0,0,0,0
1,530.061,53,sem_arma,0.0,0.0,0.0,0.0,0.5711974650444431,0.7613502463520884,0.6195929091132332,0.5519037189511558,0.5834953318265278,180.0,180.0,0.0,-1,0,0,0,0,0,0,0,0,0,0,0,0.0,0.0,0.0,0.0,0.0,0.0,0.0,0,0,0.0,0.0,0.0,0.0,0.0,180.0,180.0,0.0,0.38653011295462536,0.6195929091132332,0.5346661477062427,0.0,0.0,0.0,0.0,0.0,0.0,0.0,0.0,0,0.0,0.0,0,0,0,0,0,0,0,0,0,0,0,0,0,0,0,0,0
1,531.068,53,sem_arma,0.0,0.0,9.815602903792856e-08,9.815602903792856e-08,4.389671066605031e-08,0.7606319208954762,0.617664127483958,0.5774436864309589,0.5599560818619038,180.0,180.0,0.0,-1,0,0,0,0,0,0,0,0,0,0,0,0.0,0.0,0.0,0.0,0.0,0.0,0.0,0,0,0.0,0.0,0.0,0.0,0.0,180.0,180.0,0.0,0.3135755925984617,0.617664127483958,0.5106718031954494,0.0,0.0,0.0,0.0,0.0,0.0,0.0,0.0,0,0.0,0.0,0,0,0,0,0,0,0,0,0,0,0,0,0,0,0,0,0
1,532.068,53,sem_arma,0.0,0.0,0.0,9.815602903792856e-08,4.389671066605031e-08,0.7366986911855061,0.3988744318946777,0.5972455107346284,0.5001284395491908,180.0,180.0,0.0,-1,0,0,0,0,0,0,0,0,0,0,0,0.0,0.0,0.0,0.0,0.0,0.0,0.0,0,0,0.0,0.0,0.0,0.0,0.0,180.0,180.0,0.0,0.14719314914898715,0.3988744318946777,0.41724389973334414,0.0,0.0,0.0,0.0,0.0,0.0,0.0,0.0,0,0.0,0.0,0,0,0,0,0,0,0,0,0,0,0,0,0,0,0,0,0
1,533.068,53,sem_arma,0.0,0.0,0.0,0.0,4.389671066605031e-08,0.69941116814994,0.4015661215686137,0.6099036634948446,0.4393881305926547,180.0,180.0,0.0,-1,0,0,0,0,0,0,0,0,0,0,0,0.0,0.0,0.0,0.0,0.0,0.0,0.0,0,0,0.0,0.0,0.0,0.0,0.0,180.0,180.0,0.0,0.13547809989177562,0.4015661215686137,0.26257650554108114,0.0,0.0,0.0,0.0,0.0,0.0,0.0,0.0,0,0.0,0.0,0,0,0,0,0,0,0,0,0,0,0,0,0,0,0,0,0
1,534.068,53,sem_arma,0.0,0.0,0.0,0.0,4.389671066605031e-08,0.6217119703316218,0.40234488118594064,0.6151252175727407,0.3736853897099245,180.0,180.0,0.0,-1,0,0,0,0,0,0,0,0,0,0,0,0.0,0.0,0.0,0.0,0.0,0.0,0.0,0,0,0.0,0.0,0.0,0.0,0.0,180.0,180.0,0.0,0.13318518217661404,0.40234488118594064,0.2531543739990311,0.0,0.0,0.0,0.0,0.0,0.0,0.0,0.0,0,0.0,0.0,0,0,0,0,0,0,0,0,0,0,0,0,0,0,0,0,0
1,535.067,53,sem_arma,0.0,0.0,0.0,0.0,4.389671066605031e-08,0.4758349435805548,0.4038975974806412,0.6104304404132772,0.3033617659720592,180.0,180.0,0.0,-1,0,0,0,0,0,0,0,0,0,0,0,0.0,0.0,0.0,0.0,0.0,0.0,0.0,0,0,0.0,0.0,0.0,0.0,0.0,180.0,180.0,0.0,0.12772364585709634,0.4038975974806412,0.24998575539467502,0.0,0.0,0.0,0.0,0.0,0.0,0.0,0.0,0,0.0,0.0,0,0,0,0,0,0,0,0,0,0,0,0,0,0,0,0,0
1,536.082,53,sem_arma,0.0,0.0,0.0,0.0,0.0,0.3925758121457738,3.103966178374802e-08,0.6011558546746535,0.22509484496121263,180.0,180.0,0.0,-1,0,0,0,0,0,0,0,0,0,0,0,0.0,0.0,0.0,0.0,0.0,0.0,0.0,0,0,0.0,0.0,0.0,0.0,0.0,180.0,180.0,0.0,9.815602903792856e-09,3.103966178374802e-08,0.1277236556726993,0.0,0.0,0.0,0.0,0.0,0.0,0.0,0.0,0,0.0,0.0,0,0,0,0,0,0,0,0,0,0,0,0,0,0,0,0,0
1,537.082,53,sem_arma,0.0,0.0,0.0,0.0,0.0,0.3746342969642804,3.103966178374802e-08,0.5908842951898522,0.1699756754736077,180.0,180.0,0.0,-1,0,0,0,0,0,0,0,0,0,0,0,0.0,0.0,0.0,0.0,0.0,0.0,0.0,0,0,0.0,0.0,0.0,0.0,0.0,180.0,180.0,0.0,9.815602903792856e-09,3.103966178374802e-08,1.9631205851994633e-08,0.0,0.0,0.0,0.0,0.0,0.0,0.0,0.0,0,0.0,0.0,0,0,0,0,0,0,0,0,0,0,0,0,0,0,0,0,0
1,538.083,53,sem_arma,0.0,0.0,0.0,0.0,0.0,0.28589810245113995,3.103966178374802e-08,0.574609075116906,0.11367836098139525,180.0,180.0,0.0,-1,0,0,0,0,0,0,0,0,0,0,0,0.0,0.0,0.0,0.0,0.0,0.0,0.0,0,0,0.0,0.0,0.0,0.0,0.0,180.0,180.0,0.0,9.815602903792856e-09,3.103966178374802e-08,1.9631205851994633e-08,0.0,0.0,0.0,0.0,0.0,0.0,0.0,0.0,0,0.0,0.0,0,0,0,0,0,0,0,0,0,0,0,0,0,0,0,0,0
1,539.082,53,sem_arma,0.0,0.0,0.0,0.0,0.0,0.26351276916187516,3.103966178374802e-08,0.5571850870412357,0.057119768452799646,180.0,180.0,0.0,-1,0,0,0,0,0,0,0,0,0,0,0,0.0,0.0,0.0,0.0,0.0,0.0,0.0,0,0,0.0,0.0,0.0,0.0,0.0,180.0,180.0,0.0,9.815602903792856e-09,3.103966178374802e-08,1.9631205851994633e-08,0.0,0.0,0.0,0.0,0.0,0.0,0.0,0.0,0,0.0,0.0,0,0,0,0,0,0,0,0,0,0,0,0,0,0,0,0,0
1,540.072,54,sem_arma,0.0,0.0,0.0,0.0,0.0,0.35494271572771513,3.103966178374802e-08,0.5452159262087745,2.1948355333025154e-08,180.0,180.0,0.0,-1,0,0,0,0,0,0,0,0,0,0,0,0.0,0.0,0.0,0.0,0.0,0.0,0.0,0,0,0.0,0.0,0.0,0.0,0.0,180.0,180.0,0.0,9.815602903792856e-09,3.103966178374802e-08,1.9631205851994633e-08,0.0,0.0,0.0,0.0,0.0,0.0,0.0,0.0,0,0.0,0.0,0,0,0,0,0,0,0,0,0,0,0,0,0,0,0,0,0
1,541.075,54,sem_arma,0.0,0.0,0.0,0.0,0.0,0.6529990938516564,0.0,0.5491722679497494,1.7558684266420122e-08,180.0,180.0,0.0,-1,0,0,0,0,0,0,0,0,0,0,0,0.0,0.0,0.0,0.0,0.0,0.0,0.0,0,0,0.0,0.0,0.0,0.0,0.0,180.0,180.0,0.0,0.0,0.0,9.815602948201777e-09,0.0,0.0,0.0,0.0,0.0,0.0,0.0,0.0,0,0.0,0.0,0,0,0,0,0,0,0,0,0,0,0,0,0,0,0,0,0
1,542.08,54,sem_arma,0.0,0.0,0.0,0.0,0.0,0.9536676563360051,0.0,0.568020080621547,1.3169013199815092e-08,180.0,180.0,0.0,-1,0,0,0,0,0,0,0,0,0,0,0,0.0,0.0,0.0,0.0,0.0,0.0,0.0,0,0,0.0,0.0,0.0,0.0,0.0,180.0,180.0,0.0,0.0,0.0,0.0,0.0,0.0,0.0,0.0,0.0,0.0,0.0,0.0,0,0.0,0.0,0,0,0,0,0,0,0,0,0,0,0,0,0,0,0,0,0
1,543.085,54,sem_arma,1.2022931975803561,1.196311639383439,0.4268211438825314,0.4268211438825314,0.19088021839111174,0.729553842021125,0.13497269681872426,0.5759512168238141,0.01908803061845331,180.0,180.0,0.0,-1,0,0,0,0,0,0,0,0,0,0,0,0.0,0.0,0.0,0.0,0.0,0.0,0.0,0,0,0.0,0.0,0.0,0.0,0.0,180.0,180.0,0.0,0.04268211438825314,0.13497269681872426,0.04268211438825319,0.0,0.0,0.0,0.0,0.0,0.0,0.0,0.0,0,0.0,0.0,0,0,0,0,0,0,0,0,0,0,0,0,0,0,0,0,0
1,544.081,54,sem_arma,1.5132093954738504,0.31216485732278537,1.6171753988174362,1.1903542549349049,0.7003299554659294,0.5280323141648694,0.514202767263026,0.5735329450808225,0.08912102177537518,180.0,180.0,0.0,-1,0,0,0,0,0,0,0,0,0,0,0,0.0,0.0,0.0,0.0,0.0,0.0,0.0,0,0,0.0,0.0,0.0,0.0,0.0,180.0,180.0,0.0,0.20439965426999676,0.514202767263026,0.16171753988174367,0.0,0.0,0.0,0.0,0.0,0.0,0.0,0.0,0,0.0,0.0,0,0,0,0,0,0,0,0,0,0,0,0,0,0,0,0,0
1,545.079,54,sem_arma,2.603576042369257,1.092551750396199,0.2922232545674105,1.3249521442500258,0.669186521398685,0.35433257821406905,0.5095787689412472,0.5624940571255073,0.1560396695255726,180.0,180.0,0.0,-1,0,0,0,0,0,0,0,0,0,0,0,0.0,0.0,0.0,0.0,0.0,0.0,0.0,0,0,0.0,0.0,0.0,0.0,0.0,180.0,180.0,0.0,0.23362197972673782,0.5095787689412472,0.2942127543067462,0.0,0.0,0.0,0.0,0.0,0.0,0.0,0.0,0,0.0,0.0,0,0,0,0,0,0,0,0,0,0,0,0,0,0,0,0,0
1,546.092,54,sem_arma,0.6980323674811324,-1.881089511241979,0.5127902013780788,0.22056694681066835,0.6169297338572095,0.26260677637795227,0.5092581732619286,0.5475220526946569,0.21773264291129352,180.0,180.0,0.0,-1,0,0,0,0,0,0,0,0,0,0,0,0.0,0.0,0.0,0.0,0.0,0.0,0.0,0,0,0.0,0.0,0.0,0.0,0.0,180.0,180.0,0.0,0.28490099986454565,0.5092581732619286,0.3162694489878131,0.0,0.0,0.0,0.0,0.0,0.0,0.0,0.0,0,0.0,0.0,0,0,0,0,0,0,0,0,0,0,0,0,0,0,0,0,0
1,547.097,54,sem_arma,0.22249432612019152,-0.47317218045864773,1.3746410813850818,0.8618508800070029,0.6057171769910001,0.26068871296333196,0.6010635054811966,0.5330350853745456,0.27830436061039354,180.0,180.0,0.0,-1,0,0,0,0,0,0,0,0,0,0,0,0.0,0.0,0.0,0.0,0.0,0.0,0.0,0,0,0.0,0.0,0.0,0.0,0.0,180.0,180.0,0.0,0.4223651080030539,0.6010635054811966,0.4024545369885134,0.0,0.0,0.0,0.0,0.0,0.0,0.0,0.0,0,0.0,0.0,0,0,0,0,0,0,0,0,0,0,0,0,0,0,0,0,0
1,548.096,54,sem_arma,1.7906451277490099,1.5697205221509694,0.41834282106809706,0.9562982603169847,0.6071896399838917,0.3397651593391951,0.5826776182544335,0.5227044448014422,0.3390233246087827,180.0,180.0,0.0,-1,0,0,0,0,0,0,0,0,0,0,0,0.0,0.0,0.0,0.0,0.0,0.0,0.0,0,0,0.0,0.0,0.0,0.0,0.0,180.0,180.0,0.0,0.4641993901098636,0.5826776182544335,0.4980843630202118,0.0,0.0,0.0,0.0,0.0,0.0,0.0,0.0,0,0.0,0.0,0,0,0,0,0,0,0,0,0,0,0,0,0,0,0,0,0
1,549.341,54,sem_arma,2.2002655456726585,0.32901238387441656,1.5697051646840396,1.1513623436159426,0.5922462493684227,0.5023818717835367,0.651142873446957,0.5155615320998856,0.398247949545625,180.0,180.0,0.0,-1,0,0,0,0,0,0,0,0,0,0,0,0.0,0.0,0.0,0.0,0.0,0.0,0.0,0,0,0.0,0.0,0.0,0.0,0.0,180.0,180.0,0.0,0.6211699065782675,0.651142873446957,0.6132205973818061,0.0,0.0,0.0,0.0,0.0,0.0,0.0,0.0,0,0.0,0.0,0,0,0,0,0,0,0,0,0,0,0,0,0,0,0,0,0
1,550.351,55,sem_arma,5.4166108246942315,3.184500276258983,0.3594862839921601,1.2102188806918797,0.5774557678795436,0.40134208209176697,0.622324192168209,0.4975611238868696,0.45599352633357937,180.0,180.0,0.0,-1,0,0,0,0,0,0,0,0,0,0,0,0.0,0.0,0.0,0.0,0.0,0.0,0.0,0,0,0.0,0.0,0.0,0.0,0.0,180.0,180.0,0.0,0.6571185349774835,0.622324192168209,0.7342424854509941,0.0,0.0,0.0,0.0,0.0,0.0,0.0,0.0,0,0.0,0.0,0,0,0,0,0,0,0,0,0,0,0,0,0,0,0,0,0
1,551.344,55,sem_arma,3.8014661290262577,-1.6265304085276675,0.5342577750995752,0.17477149110741508,0.5744215110934462,0.4596866540620705,0.5812184004984426,0.48251386054519924,0.5134356774429241,180.0,180.0,0.0,-1,0,0,0,0,0,0,0,0,0,0,0,0.0,0.0,0.0,0.0,0.0,0.0,0.0,0,0,0.0,0.0,0.0,0.0,0.0,180.0,180.0,0.0,0.7105443124874411,0.5812184004984426,0.7517196345617356,0.0,0.0,0.0,0.0,0.0,0.0,0.0,0.0,0,0.0,0.0,0,0,0,0,0,0,0,0,0,0,0,0,0,0,0,0,0
1,552.348,55,sem_arma,4.095718502222533,0.2930800529843376,0.1445470517553274,0.3897107233442478,0.5574035708662952,0.5369019960567366,0.5630989409639603,0.47252402578876074,0.5691760345295535,180.0,180.0,0.0,-1,0,0,0,0,0,0,0,0,0,0,0,0.0,0.0,0.0,0.0,0.0,0.0,0.0,0,0,0.0,0.0,0.0,0.0,0.0,180.0,180.0,0.0,0.7249990176629738,0.5630989409639603,0.7906907068961604,0.0,0.0,0.0,0.0,0.0,0.0,0.0,0.0,0,0.0,0.0,0,0,0,0,0,0,0,0,0,0,0,0,0,0,0,0,0
1,553.344,55,sem_arma,6.783043977464117,2.698117947029703,0.0003871246740032288,0.14415992708132416,0.6202413381523657,0.6293174695425362,0.6029272583366,0.4690193408583906,0.6121121465056789,180.0,180.0,0.0,-1,0,0,0,0,0,0,0,0,0,0,0,0.0,0.0,0.0,0.0,0.0,0.0,0.0,0,0,0.0,0.0,0.0,0.0,0.0,180.0,180.0,0.0,0.682355615742121,0.6029272583366,0.7624245852160396,0.0,0.0,0.0,0.0,0.0,0.0,0.0,0.0,0,0.0,0.0,0,0,0,0,0,0,0,0,0,0,0,0,0,0,0,0,0
1,554.342,55,sem_arma,6.615490249575524,-0.1678895069023976,0.4840093909222208,0.4836222662482176,0.22699412306583613,0.6920029020242946,0.5064844176098182,0.47253388744302427,0.5647785632656696,180.0,180.0,0.0,-1,0,0,0,0,0,0,0,0,0,0,0,0.0,0.0,0.0,0.0,0.0,0.0,0.0,0,0,0.0,0.0,0.0,0.0,0.0,180.0,180.0,0.0,0.5690390149525995,0.5064844176098182,0.6917513863473709,0.0,0.0,0.0,0.0,0.0,0.0,0.0,0.0,0,0.0,0.0,0,0,0,0,0,0,0,0,0,0,0,0,0,0,0,0,0
1,555.348,55,sem_arma,2.363337543988807,-4.226791953863535,0.18156603301545995,0.3024433579067608,0.23015039990896752,0.7101235290559971,0.5143520229915478,0.48424831671679636,0.5208749511166979,180.0,180.0,0.0,-1,0,0,0,0,0,0,0,0,0,0,0,0.0,0.0,0.0,0.0,0.0,0.0,0.0,0,0,0.0,0.0,0.0,0.0,0.0,180.0,180.0,0.0,0.5579732927974044,0.5143520229915478,0.5895005077130444,0.0,0.0,0.0,0.0,0.0,0.0,0.0,0.0,0,0.0,0.0,0,0,0,0,0,0,0,0,0,0,0,0,0,0,0,0,0
1,556.354,55,sem_arma,2.7018445909171285,0.33648811821900754,1.1067834921732636,0.9252174591578036,0.4409910579845285,0.7136633516170318,0.5421039621734391,0.5003026936903592,0.5032810835294297,180.0,180.0,0.0,-1,0,0,0,0,0,0,0,0,0,0,0,0.0,0.0,0.0,0.0,0.0,0.0,0.0,0,0,0.0,0.0,0.0,0.0,0.0,180.0,180.0,0.0,0.6173726218769229,0.5421039621734391,0.659965558947758,0.0,0.0,0.0,0.0,0.0,0.0,0.0,0.0,0,0.0,0.0,0,0,0,0,0,0,0,0,0,0,0,0,0,0,0,0,0
1,557.359,55,sem_arma,1.834735325896696,-0.8627952885775447,0.496906491353114,0.6098770008201495,0.4209669527051225,0.6896939166557068,0.4724528336271527,0.5160556746749306,0.484806061100842,180.0,180.0,0.0,-1,0,0,0,0,0,0,0,0,0,0,0,0.0,0.0,0.0,0.0,0.0,0.0,0.0,0,0,0.0,0.0,0.0,0.0,0.0,180.0,180.0,0.0,0.529599162873726,0.4724528336271527,0.6347681710290727,0.0,0.0,0.0,0.0,0.0,0.0,0.0,0.0,0,0.0,0.0,0,0,0,0,0,0,0,0,0,0,0,0,0,0,0,0,0
1,558.36,55,sem_arma,2.457238478983647,0.6218812718151356,0.4412559626190603,0.055650528734053684,0.34074869022250015,0.629291490027942,0.4719085559082425,0.5332253440537708,0.4581619661247028,180.0,180.0,0.0,-1,0,0,0,0,0,0,0,0,0,0,0,0.0,0.0,0.0,0.0,0.0,0.0,0.0,0,0,0.0,0.0,0.0,0.0,0.0,180.0,180.0,0.0,0.5318904770288224,0.4719085559082425,0.5447033978707795,0.0,0.0,0.0,0.0,0.0,0.0,0.0,0.0,0,0.0,0.0,0,0,0,0,0,0,0,0,0,0,0,0,0,0,0,0,0
1,559.357,55,sem_arma,0.0,-2.464632376111983,0.0,0.4412559626190603,0.4207397324708459,0.629291490027942,0.3272324843783939,0.551514280097074,0.4410113144349451,180.0,180.0,0.0,-1,0,0,0,0,0,0,0,0,0,0,0,0.0,0.0,0.0,0.0,0.0,0.0,0.0,0,0,0.0,0.0,0.0,0.0,0.0,180.0,180.0,0.0,0.37491996056041843,0.3272324843783939,0.47369275977109127,0.0,0.0,0.0,0.0,0.0,0.0,0.0,0.0,0,0.0,0.0,0,0,0,0,0,0,0,0,0,0,0,0,0,0,0,0,0
1,560.364,56,sem_arma,0.0,0.0,1.3075093120726518,1.3075093120726518,0.5311266171377725,0.629291490027942,0.44011864858576066,0.5652317188120854,0.43637839936076805,180.0,180.0,0.0,-1,0,0,0,0,0,0,0,0,0,0,0,0.0,0.0,0.0,0.0,0.0,0.0,0.0,0,0,0.0,0.0,0.0,0.0,0.0,180.0,180.0,0.0,0.4697222633684676,0.44011864858576066,0.4834218029091685,0.0,0.0,0.0,0.0,0.0,0.0,0.0,0.0,0,0.0,0.0,0,0,0,0,0,0,0,0,0,0,0,0,0,0,0,0,0
1,561.355,56,sem_arma,0.45569922582315187,0.4598377657145831,1.7279351792250093,0.4204258671523575,0.703394099946194,0.6210614014711218,0.5943986838570059,0.5636348341930586,0.4492756582460428,180.0,180.0,0.0,-1,0,0,0,0,0,0,0,0,0,0,0,0.0,0.0,0.0,0.0,0.0,0.0,0.0,0,0,0.0,0.0,0.0,0.0,0.0,180.0,180.0,0.0,0.589090003781011,0.5943986838570059,0.5079872405136627,0.0,0.0,0.0,0.0,0.0,0.0,0.0,0.0,0,0.0,0.0,0,0,0,0,0,0,0,0,0,0,0,0,0,0,0,0,0
1,562.364,56,sem_arma,1.485855917367247,1.0209679797265563,0.6199552442277888,1.1079799349972204,0.6924366996925599,0.6247203221991489,0.5735388285086434,0.5471874674862158,0.4627789711286693,180.0,180.0,0.0,-1,0,0,0,0,0,0,0,0,0,0,0,0.0,0.0,0.0,0.0,0.0,0.0,0.0,0,0,0.0,0.0,0.0,0.0,0.0,180.0,180.0,0.0,0.6366308230282571,0.5735388285086434,0.57981416167896,0.0,0.0,0.0,0.0,0.0,0.0,0.0,0.0,0,0.0,0.0,0,0,0,0,0,0,0,0,0,0,0,0,0,0,0,0,0
1,563.357,56,sem_arma,0.0,-1.4963302289700373,0.0,0.6199552442277888,0.775773105409967,0.6520670485637636,0.5735865561351843,0.5433131278133477,0.4783321478544294,180.0,180.0,0.0,-1,0,0,0,0,0,0,0,0,0,0,0,0.0,0.0,0.0,0.0,0.0,0.0,0.0,0,0,0.0,0.0,0.0,0.0,0.0,180.0,180.0,0.0,0.6365921105608568,0.5735865561351843,0.6273936933936064,0.0,0.0,0.0,0.0,0.0,0.0,0.0,0.0,0,0.0,0.0,0,0,0,0,0,0,0,0,0,0,0,0,0,0,0,0,0
1,564.415,56,sem_arma,0.0,0.0,0.0,0.0,0.775773105409967,0.7007650329086959,0.6073215655882531,0.5519497637505391,0.5332100460888425,180.0,180.0,0.0,-1,0,0,0,0,0,0,0,0,0,0,0,0.0,0.0,0.0,0.0,0.0,0.0,0.0,0,0,0.0,0.0,0.0,0.0,0.0,180.0,180.0,0.0,0.5881911714686348,0.6073215655882531,0.5790314667687847,0.0,0.0,0.0,0.0,0.0,0.0,0.0,0.0,0,0.0,0.0,0,0,0,0,0,0,0,0,0,0,0,0,0,0,0,0,0
1,565.422,56,sem_arma,0.09930486593698591,0.09861456398906249,0.0,0.0,0.7529253947670761,0.6840814479137137,0.6233318703007952,0.5684372072355213,0.5854875455746533,180.0,180.0,0.0,-1,0,0,0,0,0,0,0,0,0,0,0,0.0,0.0,0.0,0.0,0.0,0.0,0.0,0,0,0.0,0.0,0.0,0.0,0.0,180.0,180.0,0.0,0.5700345681670888,0.6233318703007952,0.5487871309781086,0.0,0.0,0.0,0.0,0.0,0.0,0.0,0.0,0,0.0,0.0,0,0,0,0,0,0,0,0,0,0,0,0,0,0,0,0,0
1,566.438,56,sem_arma,0.0,-0.09774100978049795,0.0,0.0,0.2772524138201638,0.6791979289273546,0.6156502088057537,0.5892667648629915,0.5691136811582169,180.0,180.0,0.0,-1,0,0,0,0,0,0,0,0,0,0,0,0.0,0.0,0.0,0.0,0.0,0.0,0.0,0,0,0.0,0.0,0.0,0.0,0.0,180.0,180.0,0.0,0.4593562189497624,0.6156502088057537,0.4562653850623283,0.0,0.0,0.0,0.0,0.0,0.0,0.0,0.0,0,0.0,0.0,0,0,0,0,0,0,0,0,0,0,0,0,0,0,0,0,0
1,567.443,56,sem_arma,0.0,0.0,0.0,0.0,0.0,0.6853816643860164,0.632115770271948,0.6105014124341257,0.5270169858877046,180.0,180.0,0.0,-1,0,0,0,0,0,0,0,0,0,0,0,0.0,0.0,0.0,0.0,0.0,0.0,0.0,0,0,0.0,0.0,0.0,0.0,0.0,180.0,180.0,0.0,0.409665569814451,0.632115770271948,0.3952776849803133,0.0,0.0,0.0,0.0,0.0,0.0,0.0,0.0,0,0.0,0.0,0,0,0,0,0,0,0,0,0,0,0,0,0,0,0,0,0
1,568.435,56,sem_arma,0.0,0.0,0.0,0.0,0.0,0.738376705810993,0.6449367210094376,0.6304319897577155,0.4929421168654546,180.0,180.0,0.0,-1,0,0,0,0,0,0,0,0,0,0,0,0.0,0.0,0.0,0.0,0.0,0.0,0.0,0,0,0.0,0.0,0.0,0.0,0.0,180.0,180.0,0.0,0.365539973552545,0.6449367210094376,0.3897126321069079,0.0,0.0,0.0,0.0,0.0,0.0,0.0,0.0,0,0.0,0.0,0,0,0,0,0,0,0,0,0,0,0,0,0,0,0,0,0
1,569.435,56,sem_arma,0.0,0.0,0.0,0.0,0.0,0.7733673033665427,0.6449367210094376,0.6439812613368658,0.45086814361837,180.0,180.0,0.0,-1,0,0,0,0,0,0,0,0,0,0,0,0.0,0.0,0.0,0.0,0.0,0.0,0.0,0,0,0.0,0.0,0.0,0.0,0.0,180.0,180.0,0.0,0.365539973552545,0.6449367210094376,0.3455870358450019,0.0,0.0,0.0,0.0,0.0,0.0,0.0,0.0,0,0.0,0.0,0,0,0,0,0,0,0,0,0,0,0,0,0,0,0,0,0
1,570.446,57,sem_arma,0.0,0.0,0.0,0.0,0.0,0.7492533743026883,0.5596472643445217,0.6613768259474119,0.39775548190459276,180.0,180.0,0.0,-1,0,0,0,0,0,0,0,0,0,0,0,0.0,0.0,0.0,0.0,0.0,0.0,0.0,0,0,0.0,0.0,0.0,0.0,0.0,180.0,180.0,0.0,0.2347890423452798,0.5596472643445217,0.21483610463773672,0.0,0.0,0.0,0.0,0.0,0.0,0.0,0.0,0,0.0,0.0,0,0,0,0,0,0,0,0,0,0,0,0,0,0,0,0,0
1,571.437,57,sem_arma,0.0,0.0,0.0,0.0,0.0,0.733864749613593,0.19604706191257537,0.675085730724988,0.32741607190997335,180.0,180.0,0.0,-1,0,0,0,0,0,0,0,0,0,0,0,0.0,0.0,0.0,0.0,0.0,0.0,0.0,0,0,0.0,0.0,0.0,0.0,0.0,180.0,180.0,0.0,0.06199552442277888,0.19604706191257537,0.17279351792250094,0.0,0.0,0.0,0.0,0.0,0.0,0.0,0.0,0,0.0,0.0,0,0,0,0,0,0,0,0,0,0,0,0,0,0,0,0,0
1,572.445,57,sem_arma,0.0,0.0,0.0,0.0,0.0,0.7055968618497509,0.0,0.6835204740146387,0.2581724019407174,180.0,180.0,0.0,-1,0,0,0,0,0,0,0,0,0,0,0,0.0,0.0,0.0,0.0,0.0,0.0,0.0,0,0,0.0,0.0,0.0,0.0,0.0,180.0,180.0,0.0,0.0,0.0,0.061995524422778926,0.0,0.0,0.0,0.0,0.0,0.0,0.0,0.0,0,0.0,0.0,0,0,0,0,0,0,0,0,0,0,0,0,0,0,0,0,0
1,573.439,57,sem_arma,0.0,0.0,0.0,0.0,0.0,0.6574258175037482,0.0,0.6849258914126993,0.1805950913997207,180.0,180.0,0.0,-1,0,0,0,0,0,0,0,0,0,0,0,0.0,0.0,0.0,0.0,0.0,0.0,0.0,0,0,0.0,0.0,0.0,0.0,0.0,180.0,180.0,0.0,0.0,0.0,0.0,0.0,0.0,0.0,0.0,0.0,0.0,0.0,0.0,0,0.0,0.0,0,0,0,0,0,0,0,0,0,0,0,0,0,0,0,0,0
1,574.437,57,sem_arma,0.0,0.0,0.0,0.0,0.0,0.5137270004887713,0.0,0.6760120963359232,0.103017780858724,180.0,180.0,0.0,-1,0,0,0,0,0,0,0,0,0,0,0,0.0,0.0,0.0,0.0,0.0,0.0,0.0,0,0,0.0,0.0,0.0,0.0,0.0,180.0,180.0,0.0,0.0,0.0,0.0,0.0,0.0,0.0,0.0,0.0,0.0,0.0,0.0,0,0.0,0.0,0,0,0,0,0,0,0,0,0,0,0,0,0,0,0,0,0
1,575.444,57,sem_arma,0.0,0.0,0.0,0.0,0.0,0.519922552818604,0.0,0.6665020475240535,0.02772524138201638,180.0,180.0,0.0,-1,0,0,0,0,0,0,0,0,0,0,0,0.0,0.0,0.0,0.0,0.0,0.0,0.0,0,0,0.0,0.0,0.0,0.0,0.0,180.0,180.0,0.0,0.0,0.0,0.0,0.0,0.0,0.0,0.0,0.0,0.0,0.0,0.0,0,0.0,0.0,0,0,0,0,0,0,0,0,0,0,0,0,0,0,0,0,0
1,576.489,57,sem_arma,0.0,0.0,0.0,0.0,0.0,0.41037204588156995,0.0,0.6513374822372805,0.0,180.0,180.0,0.0,-1,0,0,0,0,0,0,0,0,0,0,0,0.0,0.0,0.0,0.0,0.0,0.0,0.0,0,0,0.0,0.0,0.0,0.0,0.0,180.0,180.0,0.0,0.0,0.0,0.0,0.0,0.0,0.0,0.0,0.0,0.0,0.0,0.0,0,0.0,0.0,0,0,0,0,0,0,0,0,0,0,0,0,0,0,0,0,0
1,657.302,65,sem_arma,0.1000000005003638,0.1000000005003638,6.80054893922038e-05,6.80054893922038e-05,3.041297942482171e-05,0.18531531228800532,2.150522398737838e-05,0.6261185520188953,3.0412979424821713e-06,180.0,180.0,0.0,-1,0,0,0,0,0,0,0,0,0,0,0,0.0,0.0,0.0,0.0,0.0,0.0,0.0,0,0,0.0,0.0,0.0,0.0,0.0,180.0,180.0,0.0,6.80054893922038e-06,2.150522398737838e-05,6.800548939264789e-06,0.0,0.0,0.0,0.0,0.0,0.0,0.0,0.0,0,0.0,0.0,0,0,0,0,0,0,0,0,0,0,0,0,0,0,0,0,0
1,658.298,65,sem_arma,0.0,-0.1004016069280761,0.0,6.80054893922038e-05,3.041297942482171e-05,0.7496892516636582,2.150522398737838e-05,0.6321384401006812,6.082595884964343e-06,180.0,180.0,0.0,-1,0,0,0,0,0,0,0,0,0,0,0,0.0,0.0,0.0,0.0,0.0,0.0,0.0,0,0,0.0,0.0,0.0,0.0,0.0,180.0,180.0,0.0,6.80054893922038e-06,2.150522398737838e-05,1.3601097878485169e-05,0.0,0.0,0.0,0.0,0.0,0.0,0.0,0.0,0,0.0,0.0,0,0,0,0,0,0,0,0,0,0,0,0,0,0,0,0,0
1,659.301,65,sem_arma,0.0,0.0,0.0,0.0,3.041297942482171e-05,0.7496892516636582,2.150522398737838e-05,0.638158328182467,9.123893827446513e-06,180.0,180.0,0.0,-1,0,0,0,0,0,0,0,0,0,0,0,0.0,0.0,0.0,0.0,0.0,0.0,0.0,0,0,0.0,0.0,0.0,0.0,0.0,180.0,180.0,0.0,6.80054893922038e-06,2.150522398737838e-05,1.3601097878485169e-05,0.0,0.0,0.0,0.0,0.0,0.0,0.0,0.0,0,0.0,0.0,0,0,0,0,0,0,0,0,0,0,0,0,0,0,0,0,0
1,660.302,66,sem_arma,0.0,0.0,0.37348260165086183,0.37348260165086183,0.16701889649203802,0.7496892516636582,0.11810318123063111,0.6441782162642528,0.01671101354303125,180.0,180.0,0.0,-1,0,0,0,0,0,0,0,0,0,0,0,0.0,0.0,0.0,0.0,0.0,0.0,0.0,0,0,0.0,0.0,0.0,0.0,0.0,180.0,180.0,0.0,0.037355060714025404,0.11810318123063111,0.03736186126296467,0.0,0.0,0.0,0.0,0.0,0.0,0.0,0.0,0,0.0,0.0,0,0,0,0,0,0,0,0,0,0,0,0,0,0,0,0,0
1,661.407,66,sem_arma,0.0,0.0,2.6452138133943963,2.2717312117435347,1.1526119958160232,0.7917489077004956,0.8316884776207827,0.6527125915757216,0.13197221312463356,180.0,180.0,0.0,-1,0,0,0,0,0,0,0,0,0,0,0,0.0,0.0,0.0,0.0,0.0,0.0,0.0,0,0,0.0,0.0,0.0,0.0,0.0,180.0,180.0,0.0,0.30187644205346503,0.8316884776207827,0.2645349824373181,0.0,0.0,0.0,0.0,0.0,0.0,0.0,0.0,0,0.0,0.0,0,0,0,0,0,0,0,0,0,0,0,0,0,0,0,0,0
1,662.3,66,sem_arma,0.0,0.0,2.2641680728124682,0.3810457405819281,1.2924174049855266,0.9999999975000001,1.0258960780134394,0.6714765753407641,0.2612139536231862,180.0,180.0,0.0,-1,0,0,0,0,0,0,0,0,0,0,0,0.0,0.0,0.0,0.0,0.0,0.0,0.0,0,0,0.0,0.0,0.0,0.0,0.0,180.0,180.0,0.0,0.5282932493347119,1.0258960780134394,0.30263955649551094,0.0,0.0,0.0,0.0,0.0,0.0,0.0,0.0,0,0.0,0.0,0,0,0,0,0,0,0,0,0,0,0,0,0,0,0,0,0
1,663.307,66,sem_arma,0.0,0.0,0.2156254396550782,2.04854263315739,1.251291179930379,0.9999999975000001,1.015774626952521,0.6888732227875759,0.3863430716162241,180.0,180.0,0.0,-1,0,0,0,0,0,0,0,0,0,0,0,0.0,0.0,0.0,0.0,0.0,0.0,0.0,0,0,0.0,0.0,0.0,0.0,0.0,180.0,180.0,0.0,0.5498557933002196,1.015774626952521,0.50749381981125,0.0,0.0,0.0,0.0,0.0,0.0,0.0,0.0,0,0.0,0.0,0,0,0,0,0,0,0,0,0,0,0,0,0,0,0,0,0
1,664.313,66,sem_arma,0.0,0.0,0.0,0.2156254396550782,1.251291179930379,0.9999999975000001,1.015774626952521,0.7038349710171411,0.511472189609262,180.0,180.0,0.0,-1,0,0,0,0,0,0,0,0,0,0,0,0.0,0.0,0.0,0.0,0.0,0.0,0.0,0,0,0.0,0.0,0.0,0.0,0.0,180.0,180.0,0.0,0.5498557933002196,1.015774626952521,0.5290563637767577,0.0,0.0,0.0,0.0,0.0,0.0,0.0,0.0,0,0.0,0.0,0,0,0,0,0,0,0,0,0,0,0,0,0,0,0,0,0
1,665.309,66,sem_arma,0.0,0.0,0.0,0.0,1.315006415641629,0.999999995,1.015774626952521,0.7196308983714553,0.6429728311734249,180.0,180.0,0.0,-1,0,0,0,0,0,0,0,0,0,0,0,0.0,0.0,0.0,0.0,0.0,0.0,0.0,0,0,0.0,0.0,0.0,0.0,0.0,180.0,180.0,0.0,0.5498557933002196,1.015774626952521,0.5290563637767577,0.0,0.0,0.0,0.0,0.0,0.0,0.0,0.0,0,0.0,0.0,0,0,0,0,0,0,0,0,0,0,0,0,0,0,0,0,0
1,666.874,66,sem_arma,0.0,0.0,0.0,0.0,0.9928590306879603,0.999999995,1.015774626952521,0.7356710016750877,0.742258734242221,180.0,180.0,0.0,-1,0,0,0,0,0,0,0,0,0,0,0,0.0,0.0,0.0,0.0,0.0,0.0,0.0,0,0,0.0,0.0,0.0,0.0,0.0,180.0,180.0,0.0,0.5498557933002196,1.015774626952521,0.5290563637767577,0.0,0.0,0.0,0.0,0.0,0.0,0.0,0.0,0,0.0,0.0,0,0,0,0,0,0,0,0,0,0,0,0,0,0,0,0,0
1,667.885,66,sem_arma,0.0,0.0,0.0,0.0,0.09643062814940427,0.999999995,1.0157787169447998,0.7514019182057868,0.7518987557592189,180.0,180.0,0.0,-1,0,0,0,0,0,0,0,0,0,0,0,0.0,0.0,0.0,0.0,0.0,0.0,0.0,0,0,0.0,0.0,0.0,0.0,0.0,180.0,180.0,0.0,0.5498489927512804,1.0157787169447998,0.5290495632278185,0.0,0.0,0.0,0.0,0.0,0.0,0.0,0.0,0,0.0,0.0,0,0,0,0,0,0,0,0,0,0,0,0,0,0,0,0,0
1,668.88,66,sem_arma,0.0,0.0,0.0,0.0,0.0,0.999999995,1.0157787169447998,0.7644830826652372,0.7518957144612765,180.0,180.0,0.0,-1,0,0,0,0,0,0,0,0,0,0,0,0.0,0.0,0.0,0.0,0.0,0.0,0.0,0,0,0.0,0.0,0.0,0.0,0.0,180.0,180.0,0.0,0.5498489927512804,1.0157787169447998,0.5290427626788793,0.0,0.0,0.0,0.0,0.0,0.0,0.0,0.0,0,0.0,0.0,0,0,0,0,0,0,0,0,0,0,0,0,0,0,0,0,0
1,669.888,66,sem_arma,4028.376544032299,3996.4053016193443,0.0,0.0,0.0,0.9999535736162914,1.0157787169447998,0.7758123961777247,0.751892673163334,4.48878,4.48878,708.142,0,1,1,0,0,0,1,0,1,0,0,0,0.0,0.0,0.0,0.0,0.0,0.0,0.0,0,0,0.1,0.1,0.0,0.0,0.0,4.48878,4.48878,708.142,0.5498489927512804,1.0157787169447998,0.5290427626788793,0.0,0.0,0.1,0.0,0.0,0.0,0.0,0.0,0,0.0,0.0,0,0,0,0,0,0,0,0,0,0,0,0,0,0,0,0,0
1,670.887,67,sem_arma,0.0,-4032.4089529852845,0.0,0.0,0.0,0.9999535736162914,1.0297538811519984,0.7883474061434048,0.7351907835141301,4.48878,4.48878,708.142,0,1,1,0,0,0,1,0,1,0,0,0,0.0,0.999,0.0,0.999,0.0,0.0,0.0,0,0,0.2,0.2,0.0,0.0,0.0,4.48878,4.48878,708.142,0.5125007325861942,1.0297538811519984,0.4916945025137931,0.999,0.0,0.2,0.0,0.0,0.0,0.999,0.0,0,0.0,0.0,0,0,0,0,0,0,0,0,0,0,0,0,0,0,0,0,0
1,671.885,67,sem_arma,4.008016032090385e-05,4.0160481283470795e-05,1.0157805064381171,1.0157805064381171,0.45427085252295857,0.9999535637662391,0.7440771806789804,0.8016518468510372,0.6653566691848237,4.48878,42.4938,983.726,0,1,0,0,0,0,0,0,0,0,0,0,0.0,0.0,0.0,0.0,0.0,0.0,0.0,0,0,0.2,0.2,0.0,0.0,0.0,17.157120000000003,4.48878,800.0033333333334,0.3495574018905664,0.7440771806789804,0.3660994319832514,0.999,0.0,0.2,0.0,0.0,0.0,0.999,0.0,0,0.0,0.0,0,0,0,0,0,0,0,0,0,0,0,0,0,0,0,0,0
1,672.889,67,sem_arma,2.7548587408794396,2.7438432875688434,1.3092218233058788,0.29344131686776165,0.6451249206969619,0.9986216534824076,0.4884086635688877,0.81630308643267,0.6006274207559672,4.48878,21.7449,710.921,0,1,0,0,0,0,0,0,0,0,0,0,0.0,0.0,0.0,0.0,0.0,0.0,0.0,0,0,0.2,0.2,0.0,0.0,0.0,18.304065,4.48878,777.73275,0.2540627769399074,0.4884086635688877,0.35733898961183475,0.999,0.0,0.2,0.0,0.0,0.0,0.999,0.0,0,0.0,0.0,0,0,0,0,0,0,0,0,0,0,0,0,0,0,0,0,0
1,673.883,67,sem_arma,2.5470802618253634,-0.20903267510470444,0.7357893486996999,0.5734324746061789,0.59446796502712,0.9983877834792422,0.5110352472793676,0.8333511847314448,0.5349450992656413,4.48878,8.95679,985.655,0,1,0,0,0,0,0,0,0,0,0,0,0.0,0.0,0.0,0.0,0.0,0.0,0.0,0,0,0.2,0.2,0.0,0.0,0.0,16.43461,4.48878,819.3172000000001,0.3060791678443696,0.5110352472793676,0.20982797375671364,0.999,0.0,0.2,0.0,0.0,0.0,0.999,0.0,0,0.0,0.0,0,0,0,0,0,0,0,0,0,0,0,0,0,0,0,0,0
1,674.888,67,sem_arma,1.2467695000202617,-1.2938415540349273,0.5311216517554926,0.20466769694420728,0.49723729751772794,0.9982431664006095,0.5032299957206664,0.8575769930270367,0.4595397110243762,4.48878,39.5793,984.681,0,1,0,0,0,0,0,0,0,0,0,0,0.0,0.0,0.0,0.0,0.0,0.0,0.0,0,0,0.2,0.2,0.0,0.0,0.0,20.292058333333333,4.48878,846.8778333333333,0.35919133301991885,0.5032299957206664,0.20873219948562652,0.999,0.0,0.2,0.0,0.0,0.0,0.999,0.0,0,0.0,0.0,0,0,0,0,0,0,0,0,0,0,0,0,0,0,0,0,0
1,675.892,67,sem_arma,0.5807753486971008,-0.6633407881704789,0.12245384488905625,0.4086678068664364,0.45415807720356755,0.9981708628552718,0.4949400174088741,0.8814894085288699,0.3734548771805701,8.95679,46.6498,984.267,0,1,0,0,0,0,0,0,0,0,0,0,0.0,0.0,0.0,0.0,0.0,0.0,0.0,0,0,0.2,0.2,0.0,0.0,0.0,24.05745,4.48878,866.5048571428572,0.37143671750882445,0.4949400174088741,0.24959898017227017,0.999,0.0,0.2,0.0,0.0,0.0,0.999,0.0,0,0.0,0.0,0,0,0,0,0,0,0,0,0,0,0,0,0,0,0,0,0
1,676.895,67,sem_arma,0.7258382247837756,0.14462898911931685,0.34375594220185185,0.2213020973127956,0.4526398504357104,0.9978665877584958,0.47792081665413827,0.9108641356227162,0.3194329591553451,8.95679,26.8754,984.88,0,1,0,0,0,0,0,0,0,0,0,0,0.0,0.0,0.0,0.0,0.0,0.0,0.0,0,0,0.2,0.2,0.0,0.0,0.0,24.40969375,4.48878,881.3017500000001,0.40581231172900967,0.47792081665413827,0.2717291899035498,0.999,0.0,0.2,0.0,0.0,0.0,0.999,0.0,0,0.0,0.0,0,0,0,0,0,0,0,0,0,0,0,0,0,0,0,0,0
1,677.895,67,sem_arma,2.40208258744323,1.6762443626594545,1.657104456512868,1.3133485143110162,0.5924333306909894,0.9968224131646197,0.5946169302995455,0.9514394906665469,0.3690332294095036,8.95679,84.2979,4.64206,1,1,0,0,0,0,0,0,0,0,0,0,0.0,0.0,0.0,0.0,0.0,0.0,0.0,0,0,0.2,0.2,0.0,0.0,0.1111111111111111,31.063938888888888,4.48878,783.8951177777777,0.5715227573802965,0.5946169302995455,0.40306404133465135,0.999,0.0,0.2,0.0,0.0,0.0,0.999,0.0,0,0.0,0.0,0,0,0,0,0,0,0,0,0,0,0,0,0,0,0,0,0
1,678.897,67,sem_arma,4.189270936775851,1.7836211071183843,0.4234361135148146,1.2336683429980535,0.6012252910332159,0.9950284828697283,0.5636670827767637,0.9637064522268505,0.42915575851282517,26.8754,125.364,8.46101,1,1,0,0,0,0,0,0,0,0,0,0,0.0,0.0,0.0,0.0,0.0,0.0,0.0,0,0,0.2,0.2,0.0,0.0,0.2,40.493945,4.48878,706.351707,0.6138663687317779,0.5636670827767637,0.5264308756344567,0.999,0.0,0.2,0.0,0.0,0.0,0.999,0.0,0,0.0,0.0,0,0,0,0,0,0,0,0,0,0,0,0,0,0,0,0,0
1,679.896,67,sem_arma,6.628575670868611,2.4417464805733333,0.15303152769602088,0.2704045858187937,0.6372029930298675,0.9918445117459975,0.5469796044400169,0.9758142152309673,0.4928760578158119,26.8754,137.177,12.0594,1,1,0,0,0,0,0,0,0,0,0,0,0.0,0.0,0.0,0.0,0.0,0.0,0.0,0,0,0.1,0.1,0.0,0.0,0.3,53.762767,4.48878,636.7434470000001,0.6291695215013801,0.5469796044400169,0.5534713342163361,0.999,0.0,0.1,0.0,0.0,0.0,0.999,0.0,0,0.0,0.0,0,0,0,0,0,0,0,0,0,0,0,0,0,0,0,0,0
1,681.204,68,sem_arma,4.417086255451173,-1.6907411432855026,0.3455470091160654,0.19251548142004452,0.6077917289949014,0.9893142759151036,0.5126540265297829,0.9877954664435397,0.5536552307153021,26.8754,122.549,725.395,0,1,0,0,0,0,0,0,0,0,0,0,0.0,0.0,0.0,0.0,0.0,0.0,0.0,0,0,0.0,0.0,0.0,0.0,0.3,65.568789,8.95679,638.4687470000001,0.6637242224129866,0.5126540265297829,0.5727228823583406,0.0,0.0,0.0,0.0,0.0,0.0,0.0,0.0,0,0.0,0.0,0,0,0,0,0,0,0,0,0,0,0,0,0,0,0,0,0
1,682.384,68,sem_arma,1.9711491686753215,-2.0728280396405525,2.013149628064274,1.6676026189482087,0.851924249018254,0.9887916095569266,0.6635642931315882,0.9976476015363612,0.5934205703648315,6.4828,6.4828,15.0724,1,1,0,0,0,0,0,0,0,0,0,0,0.0,0.0,0.0,0.0,0.0,0.0,0.0,0,0,0.0,0.0,0.0,0.0,0.4,61.96768899999999,6.4828,541.603387,0.7634611345756023,0.6635642931315882,0.6379050936093498,0.0,0.0,0.0,0.0,0.0,0.0,0.0,0.0,0,0.0,0.0,0,0,0,0,0,0,0,0,0,0,0,0,0,0,0,0,0
1,683.386,68,sem_arma,6.281085564683054,4.301333728550632,0.10179685986848613,1.911352768195788,0.796967214005867,0.9887484152161691,0.6630749512603457,0.9970850224221698,0.6086047996957221,6.4828,8.11341,719.909,0,1,0,0,0,0,0,0,0,0,0,0,0.0,0.0,0.0,0.0,0.0,0.0,0.0,0,0,0.0,0.0,0.0,0.0,0.4,60.60454,6.4828,542.5021869999999,0.642718638231863,0.6630749512603457,0.7996962387421523,0.0,0.0,0.0,0.0,0.0,0.0,0.0,0.0,0,0.0,0.0,0,0,0,0,0,0,0,0,0,0,0,0,0,0,0,0,0
1,684.381,68,sem_arma,6.706621664675666,0.4276744723543836,0.030502909568396946,0.07129395030008918,0.8379601860528387,0.9887667111512876,0.6890749486774835,0.9965233581047339,0.632954021798294,6.4828,9.93365,713.287,0,1,0,0,0,0,0,0,0,0,0,0,0.0,0.0,0.0,0.0,0.0,0.0,0.0,0,0,0.0,0.0,0.0,0.0,0.4,60.702225999999996,6.4828,515.265387,0.5721899943187327,0.6890749486774835,0.7494823863115434,0.0,0.0,0.0,0.0,0.0,0.0,0.0,0.0,0,0.0,0.0,0,0,0,0,0,0,0,0,0,0,0,0,0,0,0,0,0
1,685.389,68,sem_arma,2.604080497440917,-4.06998131670114,1.2581604458400317,1.2276575362716349,0.8595346815670901,0.9885683813220617,0.7218363060696842,0.9959517772958371,0.6691837602032302,6.4828,42.9168,3.72188,1,1,0,0,0,0,0,0,0,0,0,0,0.0,0.0,0.0,0.0,0.0,0.0,0.0,0,0,0.0,0.0,0.0,0.0,0.5,61.035976000000005,6.4828,417.16947500000003,0.6448938737271865,0.7218363060696842,0.8517813702442861,0.0,0.0,0.0,0.0,0.0,0.0,0.0,0.0,0,0.0,0.0,0,0,0,0,0,0,0,0,0,0,0,0,0,0,0,0,0
1,686.383,68,sem_arma,2.5962917649847403,-0.00783574693780355,0.28050075583245465,0.9776596900075771,0.8676374031323218,0.9880135231352728,0.7107718615759852,0.9953524537026007,0.7105316927961056,6.4828,68.0342,986.714,0,1,0,0,0,0,0,0,0,0,0,0,0.0,0.0,0.0,0.0,0.0,0.0,0.0,0,0,0.0,0.0,0.0,0.0,0.5,63.174415999999994,6.4828,417.41417500000006,0.6606985648215266,0.7107718615759852,0.9086805585584002,0.0,0.0,0.0,0.0,0.0,0.0,0.0,0.0,0,0.0,0.0,0,0,0,0,0,0,0,0,0,0,0,0,0,0,0,0,0
1,687.382,68,sem_arma,2.321804790825555,-0.2747617358950804,0.23860622255450833,0.041894533277946316,0.5001462200418124,0.9872443454543071,0.7167343709017194,0.9947146712253161,0.7152823297567158,8.11341,54.5097,986.783,0,1,0,0,0,0,0,0,0,0,0,0,0.0,0.0,0.0,0.0,0.0,0.0,0.0,0,0,0.0,0.0,0.0,0.0,0.5,65.93784600000001,6.4828,417.604475,0.6501835928567921,0.7167343709017194,0.8907398021549152,0.0,0.0,0.0,0.0,0.0,0.0,0.0,0.0,0,0.0,0.0,0,0,0,0,0,0,0,0,0,0,0,0,0,0,0,0,0
1,688.387,68,sem_arma,0.943964493886073,-1.370985370089037,0.39563308611474546,0.15702686356023712,0.4756679385577652,0.9871713222404622,0.6249576660214029,0.9940732375873393,0.7036057905433933,9.93365,31.7575,985.977,0,1,0,0,0,0,0,0,0,0,0,0,0.0,0.0,0.0,0.0,0.0,0.0,0.0,0,0,0.0,0.0,0.0,0.0,0.4,60.68380599999999,6.4828,515.737969,0.5240364558169799,0.6249576660214029,0.7751076370798373,0.0,0.0,0.0,0.0,0.0,0.0,0.0,0.0,0,0.0,0.0,0,0,0,0,0,0,0,0,0,0,0,0,0,0,0,0,0
1,689.385,68,sem_arma,2.2066849522720036,1.2652509603065436,0.4088482424794513,0.013215156364705827,0.4210636562947329,0.98640128257914,0.6252355444055304,0.9933933019662963,0.6855896270695452,31.7575,55.2593,986.237,0,1,0,0,0,0,0,0,0,0,0,0,0.0,0.0,0.0,0.0,0.0,0.0,0.0,0,0,0.0,0.0,0.0,0.0,0.3,53.67333599999999,6.4828,613.515568,0.5225776687134435,0.6252355444055304,0.6530623184165025,0.0,0.0,0.0,0.0,0.0,0.0,0.0,0.0,0,0.0,0.0,0,0,0,0,0,0,0,0,0,0,0,0,0,0,0,0,0
1,690.39,69,sem_arma,1.3087509956016485,-0.8934666235525922,1.2710886696002626,0.8622404271208113,0.4267589223136838,0.04879422609535073,0.6512359671974284,0.9458353345902493,0.6645452199979267,6.92271,6.92271,710.735,0,1,0,0,0,0,0,0,0,0,0,0,0.0,0.0,0.0,0.0,0.0,0.0,0.0,0,0,0.0,0.0,0.0,0.0,0.2,40.647907000000004,6.4828,683.383128,0.6343833829038676,0.6512359671974284,0.7122459025467044,0.0,0.0,0.0,0.0,0.0,0.0,0.0,0.0,0,0.0,0.0,0,0,0,0,0,0,0,0,0,0,0,0,0,0,0,0,0
1,691.504,69,sem_arma,0.08976676884953493,-1.0942407780539618,0.0,1.2710886696002626,0.48093644161653937,0.04782411035019077,0.6769252475450128,0.8982288614269442,0.6518596912600906,6.92271,6.93121,710.747,0,1,0,0,0,0,0,0,0,0,0,0,0.0,0.0,0.0,0.0,0.0,0.0,0.0,0,0,0.0,0.0,0.0,0.0,0.2,29.086127999999995,6.4828,681.918328,0.5998286819922611,0.6769252475450128,0.8201032213647261,0.0,0.0,0.0,0.0,0.0,0.0,0.0,0.0,0,0.0,0.0,0,0,0,0,0,0,0,0,0,0,0,0,0,0,0,0,0
1,692.507,69,sem_arma,0.5369098069566123,0.4458056212433473,0.14312924591040055,0.14312924591040055,0.49378880710025314,0.03758654423971218,0.4696867481180528,0.8501105104506179,0.6160461470682905,1.29649,1.29649,710.203,0,1,1,0,0,0,1,0,1,0,0,0,0.0,0.0,0.0,0.0,0.0,0.0,0.0,0,0,0.1,0.1,0.0,0.0,0.1,28.567496999999996,1.29649,751.4313880000001,0.4128266437768738,0.4696867481180528,0.6676558840609454,0.0,0.0,0.1,0.0,0.0,0.0,0.0,0.0,0,0.0,0.0,0,0,0,0,0,0,0,0,0,0,0,0,0,0,0,0,0
1,693.507,69,sem_arma,0.4123137451016904,-0.12459606185492189,0.10905668111165057,0.03407256479874998,0.5168614173593674,0.025446607305016928,0.4691578939924034,0.8014517581417484,0.5880355674036405,1.29649,3.54895,985.234,0,1,1,0,0,0,1,0,1,0,0,0,0.0,1.0,0.0,1.0,0.0,0.0,0.0,0,0,0.2,0.2,0.0,0.0,0.1,28.111050999999996,1.29649,777.963888,0.41355262590119024,0.4691578939924034,0.47992786372124147,1.0,0.0,0.2,0.0,0.0,0.0,1.0,0.0,0,0.0,0.0,0,0,0,0,0,0,0,0,0,0,0,0,0,0,0,0,0
1,694.511,69,sem_arma,0.22271715360384894,-0.18884122659147554,1.484179401777655e-08,0.10905666626985655,0.5440525338443678,0.05952069421519253,0.472015512896113,0.7545084036785459,0.5586448021827934,1.29649,3.54834,985.423,0,1,1,0,0,0,1,0,1,0,0,0,0.0,2.004,0.0,2.004,0.0,0.0,0.0,0,0,0.3,0.3,0.0,0.0,0.1,27.472519999999996,1.29649,805.177488,0.41050233642852996,0.472015512896113,0.4837041353182182,2.004,0.0,0.3,0.0,0.0,0.0,2.004,0.0,0,0.0,0.0,0,0,0,0,0,0,0,0,0,0,0,0,0,0,0,0,0
1,695.513,69,sem_arma,0.0,-0.2222726083870748,1.4871418357133389e-08,2.962433935683858e-11,0.07010668544274606,0.047771209896027504,0.3796019725798194,0.7069848058533167,0.479702002570359,1.29649,3.54834,985.428,0,1,1,0,0,0,1,0,1,0,0,0,0.0,3.0060000000000002,0.0,3.0060000000000002,0.0,0.0,0.0,0,0,0.4,0.4,0.0,0.0,0.0,23.535674,1.29649,903.3480999999999,0.2846862933316686,0.3796019725798194,0.36093838169401715,3.0060000000000002,0.0,0.4,0.0,0.0,0.0,3.0060000000000002,0.0,0,0.0,0.0,1,0,0,0,0,0,0,0,0,0,0,1,1,0,1,0,0
1,696.511,69,sem_arma,0.0,0.0,1.493102324032831e-08,5.960488319492257e-11,0.07010668275727179,0.045420682199593554,0.39016230384848777,0.6593472968205328,0.39994893053285396,1.29649,3.54862,985.424,0,1,1,0,0,0,1,0,1,0,0,0,0.0,4.004,0.0,4.004,0.0,0.0,0.0,0,0,0.5,0.5,0.0,0.0,0.0,17.087116,1.29649,903.2191,0.25663621924152547,0.39016230384848777,0.26317241269922,4.004,0.0,0.5,0.0,0.0,0.0,4.004,0.0,0,0.0,0.0,1,0,0,0,0,0,0,0,0,0,0,0,1,0,1,0,0
1,697.514,69,sem_arma,0.0,0.0,1.4856591419588892e-08,7.44318207394196e-11,0.048771623820838945,0.04645033524760889,0.39859243713690123,0.6117764841949885,0.35481147091075665,3.54834,3.54867,985.423,0,1,1,0,0,0,1,0,1,0,0,0,0.0,5.007,0.0,5.007,0.0,0.0,0.0,0,0,0.6,0.6,0.0,0.0,0.0,11.991012999999999,1.29649,903.0831000000001,0.23277559847173374,0.39859243713690123,0.2589829593788685,5.007,0.0,0.6,0.0,0.0,0.0,5.007,0.0,0,0.0,0.0,1,0,0,0,0,0,0,0,0,0,0,0,1,0,1,0,0
1,698.517,69,sem_arma,0.0,0.0,1.4856591419588892e-08,0.0,3.489268689285781e-11,0.07048435197272873,0.4002627937886241,0.565459581135394,0.30724467705846936,3.54834,3.54867,985.433,0,1,1,0,0,0,1,0,1,0,0,0,0.0,6.01,0.0,6.01,0.0,0.0,0.0,0,0,0.7,0.7,0.0,0.0,0.0,9.17013,1.29649,903.0287000000001,0.19321229134591839,0.4002627937886241,0.2432802730228448,6.01,0.0,0.7,0.0,0.0,0.0,6.01,0.0,0,0.0,0.0,1,0,0,0,0,0,0,0,0,0,0,0,1,0,1,0,0
1,699.527,69,sem_arma,0.0,0.0,1.475362494440362e-08,1.0296647518527173e-10,6.388358303798286e-11,0.17252106539702916,0.39665394515966385,0.524334210261759,0.2651383114353844,3.54834,3.54851,985.417,0,1,1,0,0,0,1,0,1,0,0,0,0.0,7.02,0.0,7.02,0.0,0.0,0.0,0,0,0.8,0.8,0.0,0.0,0.0,3.999051,1.29649,902.9467000000001,0.15232746857333573,0.39665394515966385,0.2419587573966709,7.02,0.0,0.8,0.0,0.0,0.0,7.02,0.0,0,0.0,0.0,1,0,0,0,0,0,0,0,0,0,0,0,1,0,1,0,0
1,700.527,70,sem_arma,0.0,0.0,1.4901161193847656e-08,1.4753624944403633e-10,6.722579622930996e-11,0.37244464529615723,0.053768600197813175,0.49336421693926696,0.22246241921073864,3.54812,3.54812,985.439,0,1,1,0,0,0,1,0,1,0,0,0,0.0,8.02,0.0,8.02,0.0,0.0,0.0,0,0,0.9,0.9,0.0,0.0,0.0,3.6615919999999997,1.29649,930.4171,0.02521860310342559,0.053768600197813175,0.15573471469934339,8.02,0.0,0.9,0.0,0.0,0.0,8.02,0.0,0,0.0,0.0,1,0,0,0,0,0,0,0,0,0,0,0,1,0,1,0,0
1,701.515,70,sem_arma,0.0,0.0,1.5082146957335685e-08,1.8098576348802827e-10,1.2028657972980496e-10,0.5418299735086598,0.053768599411830736,0.47099000181894474,0.17436877506111337,3.54812,3.5484,985.427,0,1,1,0,0,0,1,0,1,0,0,0,0.0,9.008,0.0,9.008,0.0,0.0,0.0,0,0,1.0,1.0,0.0,0.0,0.0,3.3233109999999995,1.29649,957.8851000000001,0.02521860461164029,0.053768599411830736,0.028625847757415706,9.008,0.0,1.0,0.0,0.0,0.0,9.008,0.0,0,0.0,0.0,1,0,0,0,0,0,0,0,0,0,0,0,1,0,1,0,0
1,702.522,70,sem_arma,0.0,0.0,1.4797578146819919e-08,2.8456881051576557e-10,1.2708986402926782e-10,0.6133626140681303,0.0344867459326681,0.4522185520445049,0.12498989436379704,3.54812,3.54845,985.426,0,1,1,0,0,0,1,0,1,0,0,0,0.0,10.015,0.0,10.015,0.0,0.0,0.0,0,0,1.0,1.0,0.0,0.0,0.0,3.548507,3.54812,985.4074,0.010905681500358049,0.0344867459326681,0.014312923194832534,10.015,0.0,1.0,0.0,0.0,0.0,10.015,0.0,0,0.0,0.0,1,0,0,0,0,0,0,0,0,0,0,0,1,0,1,0,0
1,703.52,70,sem_arma,0.0,0.0,1.493102324032831e-08,1.334450935083923e-10,1.282766759897202e-10,0.5984859746903677,8.935480361659986e-11,0.4327054300182149,0.07330375264068797,3.54812,3.54856,985.426,0,1,1,0,0,0,1,0,1,0,0,0,0.0,11.013,0.0,11.013,0.0,0.0,0.0,0,0,1.0,1.0,0.0,0.0,0.0,3.5484680000000006,3.54812,985.4266,1.4882295315919581e-08,8.935480361659986e-11,0.010905666728302043,11.013,0.0,1.0,0.0,0.0,0.0,11.013,0.0,0,0.0,0.0,1,0,0,0,0,0,0,0,0,0,0,0,1,0,1,0,0
1,704.53,70,sem_arma,0.0,0.0,1.475362494440362e-08,1.7739829592469133e-10,1.282766759897202e-10,0.6345069371146889,9.775073472505774e-11,0.4149924413163849,0.018898499269078866,3.54812,3.54878,985.421,0,1,1,0,0,0,1,0,1,0,0,0,0.0,12.023,0.0,12.023,0.0,0.0,0.0,0,0,1.0,1.0,0.0,0.0,0.0,3.5485119999999997,3.54812,985.4264,1.4873478408582289e-08,9.775073472505774e-11,1.1905621754465762e-10,12.023,0.0,1.0,0.0,0.0,0.0,12.023,0.0,0,0.0,0.0,1,0,0,0,0,0,0,0,0,0,0,0,1,0,1,0,0
1,705.524,70,sem_arma,0.0,0.0,1.4991107840893013e-08,2.3748289648939335e-10,1.3577633808642994e-10,0.5867363005287871,1.0456085035911175e-10,0.3949008372767212,0.011887830738381894,3.5484,3.54867,985.431,0,1,1,0,0,0,1,0,1,0,0,0,0.0,13.017,0.0,13.017,0.0,0.0,0.0,0,0,1.0,1.0,0.0,0.0,0.0,3.548545,3.54812,985.4267,1.4885447356958253e-08,1.0456085035911175e-10,1.3984207325791309e-10,13.017,0.0,1.0,0.0,0.0,0.0,13.017,0.0,0,0.0,0.0,1,0,0,0,0,0,0,0,0,0,0,0,1,0,1,0,0
1,706.519,70,sem_arma,0.0,0.0,1.4976041400851914e-08,1.5066440041098772e-11,1.0775980367239861e-10,0.45551262102571644,1.0766419038222803e-10,0.3682757921712434,0.004877162473430695,3.54845,3.54851,985.418,0,1,1,0,0,0,1,0,1,0,0,0,0.0,14.012,0.0,14.012,0.0,0.0,0.0,0,0,1.0,1.0,0.0,0.0,0.0,3.548534,3.54812,985.4261,1.4889949173010614e-08,1.0766419038222803e-10,1.353882289425307e-10,14.012,0.0,1.0,0.0,0.0,0.0,14.012,0.0,0,0.0,0.0,1,0,0,0,0,0,0,0,0,0,0,0,1,0,1,0,0
1,707.522,70,sem_arma,0.0,0.0,1.4856591419588892e-08,1.1944998126302285e-10,9.790462446006308e-11,0.3047167872893025,1.0766419038222803e-10,0.33414941426299316,1.0113726281175554e-10,3.54823,3.54823,985.436,0,1,1,0,0,0,1,0,1,0,0,0,0.0,15.015,0.0,15.015,0.0,0.0,0.0,0,0,1.0,1.0,0.0,0.0,0.0,3.5484899999999997,3.54812,985.4273999999999,1.4889949173010614e-08,1.0766419038222803e-10,1.3989004499489104e-10,15.015,0.0,1.0,0.0,0.0,0.0,15.015,0.0,0,0.0,0.0,1,0,0,0,0,0,0,0,0,0,0,0,1,0,1,0,0
1,708.528,70,sem_arma,0.0,0.0,1.4812287469033456e-08,4.430395055543561e-11,1.0326070692295356e-10,0.17707148918191606,1.100739729032074e-10,0.29364442261006585,1.0797406481476513e-10,3.54823,3.54834,985.43,0,1,1,0,0,0,1,0,1,0,0,0,0.0,16.021,0.0,16.021,0.0,0.0,0.0,0,0,1.0,1.0,0.0,0.0,0.0,3.548457,3.54812,985.4271000000001,1.4885518777955068e-08,1.100739729032074e-10,1.443204400504346e-10,16.021,0.0,1.0,0.0,0.0,0.0,16.021,0.0,0,0.0,0.0,1,0,0,0,0,0,0,0,0,0,0,0,1,0,1,0,0
1,709.523,70,sem_arma,0.0,0.0,1.4976041400851914e-08,1.6375393181845846e-10,8.205349617102863e-11,0.6472878556614259,1.0268505213670762e-10,0.27668875126418013,1.0979105612806969e-10,3.54823,3.54845,985.424,0,1,1,0,0,0,1,0,1,0,0,0,0.0,17.016,0.0,17.016,0.0,0.0,0.0,0,0,1.0,1.0,0.0,0.0,0.0,3.548451,3.54812,985.4278,1.49077604235999e-08,1.0268505213670762e-10,1.5039918571375327e-10,17.016,0.0,1.0,0.0,0.0,0.0,17.016,0.0,0,0.0,0.0,1,0,0,0,0,0,0,0,0,0,0,0,1,0,1,0,0
1,710.525,71,sem_arma,0.0,0.0,1.4871418357133389e-08,1.0462304371852581e-10,7.4073746703063e-11,0.5975768385229729,1.0332618813907848e-10,0.3041278818855612,1.1047585117544501e-10,3.54823,3.5484,985.427,0,1,1,0,0,0,1,0,1,0,0,0,0.0,18.018,0.0,18.018,0.0,0.0,0.0,0,0,1.0,1.0,0.0,0.0,0.0,3.5484789999999995,3.54823,985.4266,1.490478613992847e-08,1.0332618813907848e-10,1.4610786514120221e-10,18.018,0.0,1.0,0.0,0.0,0.0,18.018,0.0,0,0.0,0.0,1,0,0,0,0,0,0,0,0,0,0,0,1,0,1,0,0
1,711.528,71,sem_arma,0.0,0.0,1.4856591419588892e-08,1.482693754449704e-11,6.089324497077906e-11,0.6198780362689955,8.290894727076857e-11,0.3327305781815015,1.0453651769954241e-10,3.54823,3.54867,985.421,0,1,1,0,0,0,1,0,1,0,0,0,0.0,19.021,0.0,19.021,0.0,0.0,0.0,0,0,1.0,1.0,0.0,0.0,0.0,3.5485059999999997,3.54823,985.426,1.4882230586153792e-08,8.290894727076857e-11,1.294919825468491e-10,19.021,0.0,1.0,0.0,0.0,0.0,19.021,0.0,0,0.0,0.0,1,0,0,0,0,0,0,0,0,0,0,0,1,0,1,0,0
1,712.531,71,sem_arma,0.0,0.0,1.4856591419588892e-08,0.0,6.089324497077906e-11,0.3145040951213131,7.817936584782779e-11,0.34657645572558154,9.791685579369353e-11,3.54834,3.54873,985.43,0,1,1,0,0,0,1,0,1,0,0,0,0.0,20.024,0.0,20.024,0.0,0.0,0.0,0,0,1.0,1.0,0.0,0.0,0.0,3.548534,3.54823,985.4264000000001,1.4888131913430691e-08,7.817936584782779e-11,1.0103510149527253e-10,20.024,0.0,1.0,0.0,0.0,0.0,20.024,0.0,0,0.0,0.0,1,0,0,0,0,0,0,0,0,0,0,0,1,0,1,0,0
1,713.529,71,sem_arma,0.0,0.0,1.493102324032831e-08,7.44318207394196e-11,5.318920108117602e-11,0.9999945240449795,7.817936584782779e-11,0.39530385156257963,9.040810830283911e-11,3.5484,3.54851,985.42,0,1,1,0,0,0,1,0,1,0,0,0,0.0,21.022,0.0,21.022,0.0,0.0,0.0,0,0,1.0,1.0,0.0,0.0,0.0,3.548529,3.54823,985.4258000000002,1.4888131913430691e-08,7.817936584782779e-11,9.513377421837527e-11,21.022,0.0,1.0,0.0,0.0,0.0,21.022,0.0,0,0.0,0.0,1,0,0,0,0,0,0,0,0,0,0,0,1,0,1,0,0
1,714.534,71,sem_arma,0.0,0.0,1.4827026063530008e-08,1.0399717679830304e-10,3.84752642634917e-11,0.0,6.675922758134108e-11,0.39232781685182,8.142796713021626e-11,3.54823,3.54823,985.432,0,1,1,0,0,0,1,0,1,0,0,0,0.0,22.027,0.0,22.027,0.0,0.0,0.0,0,0,1.0,1.0,0.0,0.0,0.0,3.548474,3.54823,985.4269,1.4895472025343329e-08,6.675922758134108e-11,8.779366230573644e-11,22.027,0.0,1.0,0.0,0.0,0.0,22.027,0.0,0,0.0,0.0,1,0,0,0,0,0,0,0,0,0,0,0,1,0,1,0,0
1,715.528,71,sem_arma,0.0,0.0,1.4991107840893013e-08,1.6408177736300506e-10,6.721835660945645e-11,0.0,6.675922758134108e-11,0.38993925635701865,7.457216898251892e-11,3.54823,3.54834,985.434,0,1,1,0,0,0,1,0,1,0,0,0,0.0,23.021,0.0,23.021,0.0,0.0,0.0,0,0,1.0,1.0,0.0,0.0,0.0,3.5484409999999995,3.54823,985.4272000000001,1.4895472025343329e-08,6.675922758134108e-11,8.045355039309762e-11,23.021,0.0,1.0,0.0,0.0,0.0,23.021,0.0,0,0.0,0.0,1,0,0,0,0,0,0,0,0,0,0,0,1,0,1,0,0
1,716.531,71,sem_arma,0.0,0.0,1.4856591419588892e-08,1.3451642130412162e-10,6.721835660945659e-11,0.0,6.119603503158785e-11,0.38766822224703895,7.051802427622472e-11,3.54823,3.54856,985.422,0,1,1,0,0,0,1,0,1,0,0,0,0.0,24.024,0.0,24.024,0.0,0.0,0.0,0,0,1.0,1.0,0.0,0.0,0.0,3.5484459999999998,3.54823,985.4276,1.4883527027217026e-08,6.119603503158785e-11,9.239854851939989e-11,24.024,0.0,1.0,0.0,0.0,0.0,24.024,0.0,0,0.0,0.0,1,0,0,0,0,0,0,0,0,0,0,0,1,0,1,0,0
1,717.539,71,sem_arma,0.0,0.0,1.47828980097695e-08,7.369340981939098e-11,8.322490521822868e-11,0.0,6.876868585556929e-11,0.3853457054846586,6.905005235204127e-11,3.54823,3.5484,985.427,0,1,1,0,0,0,1,0,1,0,0,0,0.0,25.032,0.0,25.032,0.0,0.0,0.0,0,0,1.0,1.0,0.0,0.0,0.0,3.5484630000000004,3.54823,985.4267,1.4876157686235087e-08,6.876868585556929e-11,8.78228913750367e-11,25.032,0.0,1.0,0.0,0.0,0.0,25.032,0.0,0,0.0,0.0,1,0,0,0,0,0,0,0,0,0,0,0,1,0,1,0,0
1,718.537,71,sem_arma,0.0,0.0,1.493102324032831e-08,1.4812523055881058e-10,8.322490521822868e-11,0.0,6.673596456993786e-11,0.3818214878860221,6.704647218156879e-11,3.54823,3.54867,985.421,0,1,1,0,0,0,1,0,1,0,0,0,0.0,26.03,0.0,26.03,0.0,0.0,0.0,0,0,1.0,1.0,0.0,0.0,0.0,3.548496,3.54823,985.4258,1.4888031263364572e-08,6.673596456993786e-11,9.82050193753742e-11,26.03,0.0,1.0,0.0,0.0,0.0,26.03,0.0,0,0.0,0.0,1,0,0,0,0,0,0,0,0,0,0,0,1,0,1,0,0
1,719.535,71,sem_arma,0.0,0.0,1.493102324032831e-08,0.0,8.033037974862547e-11,0.0,6.144831704550934e-11,0.37319543461617066,6.687416053932848e-11,3.54834,3.54867,985.428,0,1,1,0,0,0,1,0,1,0,0,0,0.0,27.028,0.0,27.028,0.0,0.0,0.0,0,0,1.0,1.0,0.0,0.0,0.0,3.548518,3.54823,985.4261999999999,1.4883529447312211e-08,6.144831704550934e-11,8.182962619352836e-11,27.028,0.0,1.0,0.0,0.0,0.0,27.028,0.0,0,0.0,0.0,1,0,0,0,0,0,0,0,0,0,0,0,1,0,1,0,0
1,720.534,72,sem_arma,0.0,0.0,1.4916077271118776e-08,1.4945969209534908e-11,6.40761751984223e-11,0.0,6.20898126034388e-11,0.35457320235136275,6.58744033888644e-11,3.5484,3.54873,985.423,0,1,1,0,0,0,1,0,1,0,0,0,0.0,28.027,0.0,28.027,0.0,0.0,0.0,0,0,1.0,1.0,0.0,0.0,0.0,3.548551,3.54823,985.4258,1.4887995338710748e-08,6.20898126034388e-11,7.286191874262926e-11,28.027,0.0,1.0,0.0,0.0,0.0,28.027,0.0,0,0.0,0.0,1,0,0,0,0,0,0,0,0,0,0,0,1,0,1,0,0
1,721.543,72,sem_arma,0.0,0.0,1.476824697110769e-08,1.478303000110871e-10,8.280287606085066e-11,0.0,7.24716732313241e-11,0.32748170367592977,6.806536649787156e-11,3.54829,3.54829,985.427,0,1,1,0,0,0,1,0,1,0,0,0,0.0,29.035999999999998,0.0,29.035999999999998,0.0,0.0,0.0,0,0,1.0,1.0,0.0,0.0,0.0,3.548513,3.54823,985.4264,1.4879160893862631e-08,7.24716732313241e-11,8.616225498928828e-11,29.035999999999998,0.0,1.0,0.0,0.0,0.0,29.035999999999998,0.0,0,0.0,0.0,1,0,0,0,0,0,0,0,0,0,0,0,1,0,1,0,0
1,722.543,72,sem_arma,0.0,0.0,1.4901161193847656e-08,1.32914222739967e-10,6.890752964775067e-11,0.0,7.2299745135955e-11,0.29681357297252325,6.886679496556872e-11,3.54829,3.54829,985.437,0,1,1,0,0,0,1,0,1,0,0,0,0.0,30.035999999999998,0.0,30.035999999999998,0.0,0.0,0.0,0,0,1.0,1.0,0.0,0.0,0.0,3.548469,3.54823,985.4270999999999,1.4883617871288506e-08,7.2299745135955e-11,9.945367726328497e-11,30.035999999999998,0.0,1.0,0.0,0.0,0.0,30.035999999999998,0.0,0,0.0,0.0,1,0,0,0,0,0,0,0,0,0,0,0,1,0,1,0,0
1,723.539,72,sem_arma,0.0,0.0,1.4961005214706483e-08,5.984402085882667e-11,7.450107429312016e-11,0.0,7.505325493031522e-11,0.26688927423800485,7.099798228676313e-11,3.54829,3.54851,985.421,0,1,1,0,0,0,1,0,1,0,0,0,0.0,31.032,0.0,31.032,0.0,0.0,0.0,0,0,1.0,1.0,0.0,0.0,0.0,3.548469,3.54823,985.4271999999999,1.4886616068726324e-08,7.505325493031522e-11,9.799489727522568e-11,31.032,0.0,1.0,0.0,0.0,0.0,31.032,0.0,0,0.0,0.0,1,0,0,0,0,0,0,0,0,0,0,0,1,0,1,0,0
1,724.543,72,sem_arma,0.0,0.0,1.484179401777655e-08,1.1921119692993282e-10,7.455232587280558e-11,0.0,7.388666893840958e-11,0.23516392738227046,7.460568844769453e-11,3.54829,3.5484,985.43,0,1,1,0,0,0,1,0,1,0,0,0,0.0,32.036,0.0,32.036,0.0,0.0,0.0,0,0,1.0,1.0,0.0,0.0,0.0,3.5484860000000005,3.54829,985.427,1.488809286415098e-08,7.388666893840958e-11,9.951629928838866e-11,32.036,0.0,1.0,0.0,0.0,0.0,32.036,0.0,0,0.0,0.0,1,0,0,0,0,0,0,0,0,0,0,0,1,0,1,0,0
1,725.544,72,sem_arma,0.0,0.0,1.488627491892873e-08,4.448090115217958e-11,7.18552511575867e-11,0.0,6.448546718682015e-11,0.20582711235583107,7.506937790250756e-11,3.54829,3.54862,985.422,0,1,1,0,0,0,1,0,1,0,0,0,0.0,33.037,0.0,33.037,0.0,0.0,0.0,0,0,1.0,1.0,0.0,0.0,0.0,3.548514,3.54829,985.4258,1.487760957195455e-08,6.448546718682015e-11,8.755621166730611e-11,33.037,0.0,1.0,0.0,0.0,0.0,33.037,0.0,0,0.0,0.0,1,0,0,0,0,0,0,0,0,0,0,0,1,0,1,0,0
1,726.544,72,sem_arma,0.0,0.0,1.4901161193847656e-08,1.488627491892657e-11,4.267857563470714e-11,0.0,6.44115681218141e-11,0.18305148130454527,7.261539980503261e-11,3.54829,3.54862,985.426,0,1,1,0,0,0,1,0,1,0,0,0,0.0,34.037,0.0,34.037,0.0,0.0,0.0,0,0,1.0,1.0,0.0,0.0,0.0,3.54852,3.54829,985.4262000000001,1.4882066549380428e-08,6.44115681218141e-11,7.559319702878661e-11,34.037,0.0,1.0,0.0,0.0,0.0,34.037,0.0,0,0.0,0.0,1,0,0,0,0,0,0,0,0,0,0,0,1,0,1,0,0
1,727.541,72,sem_arma,0.0,0.0,1.4945999191421922e-08,4.483799757426577e-11,4.783470521314296e-11,0.0,5.6698463763774375e-11,0.16781564194008014,6.907637980452404e-11,3.5484,3.54862,985.427,0,1,1,0,0,0,1,0,1,0,0,0,0.0,35.034,0.0,35.034,0.0,0.0,0.0,0,0,1.0,1.0,0.0,0.0,0.0,3.548542,3.54829,985.4262000000001,1.489837666754567e-08,5.6698463763774375e-11,7.270765580427409e-11,35.034,0.0,1.0,0.0,0.0,0.0,35.034,0.0,0,0.0,0.0,1,0,0,0,0,0,0,0,0,0,0,0,1,0,1,0,0
1,728.543,72,sem_arma,0.0,0.0,1.4871418357133389e-08,7.458083428853333e-11,3.8539604563614834e-11,0.0,5.601400327628803e-11,0.15896206748098435,6.460784973906264e-11,3.54834,3.54834,985.423,0,1,1,0,0,0,1,0,1,0,0,0,0.0,36.036,0.0,36.036,0.0,0.0,0.0,0,0,1.0,1.0,0.0,0.0,0.0,3.548509,3.54829,985.4264000000001,1.4892416179226178e-08,5.601400327628803e-11,6.535321617724636e-11,36.036,0.0,1.0,0.0,0.0,0.0,36.036,0.0,0,0.0,0.0,1,0,0,0,0,0,0,0,0,0,0,0,1,0,1,0,0
1,729.547,72,sem_arma,0.0,0.0,1.484179401777655e-08,2.962433935683858e-11,3.8539604563614834e-11,0.0,5.6286988581257154e-11,0.12659767469791305,6.042877222056159e-11,3.54823,3.54823,985.439,0,1,1,0,0,0,1,0,1,0,0,0,0.0,37.04,0.0,37.04,0.0,0.0,0.0,0,0,1.0,1.0,0.0,0.0,0.0,3.548465,3.54823,985.4275000000001,1.4883493256971001e-08,5.6286988581257154e-11,6.831565011293022e-11,37.04,0.0,1.0,0.0,0.0,0.0,37.04,0.0,0,0.0,0.0,1,0,0,0,0,0,0,0,0,0,0,0,1,0,1,0,0
1,730.566,73,sem_arma,0.0,0.0,1.4623318149016348e-08,2.1847586876020253e-10,1.2536414871968778e-10,0.0,9.807740209459062e-11,0.09671883277176441,6.655756957268814e-11,3.54823,3.54851,985.421,0,1,1,0,0,0,1,0,1,0,0,0,0.0,38.059,0.0,38.059,0.0,0.0,0.0,0,0,1.0,1.0,0.0,0.0,0.0,3.5484430000000002,3.54823,985.4273000000001,1.485421734476076e-08,9.807740209459062e-11,8.866864006799698e-11,38.059,0.0,1.0,0.0,0.0,0.0,38.059,0.0,0,0.0,0.0,1,0,0,0,0,0,0,0,0,0,0,0,1,0,1,0,0
1,731.545,73,sem_arma,0.0,0.0,1.5220797950814765e-08,5.974798017984174e-10,2.1551260376442883e-10,0.0,1.4647062958430713e-10,0.06572493095831462,7.982854234304595e-11,3.54823,3.5484,985.43,0,1,1,0,0,0,1,0,1,0,0,0,0.0,39.038,0.0,39.038,0.0,0.0,0.0,0,0,1.0,1.0,0.0,0.0,0.0,3.5484540000000004,3.54823,985.4276,1.4899472442731467e-08,1.4647062958430713e-10,1.3363359024673e-10,39.038,0.0,1.0,0.0,0.0,0.0,39.038,0.0,0,0.0,0.0,1,0,0,0,0,0,0,0,0,0,0,0,1,0,1,0,0
1,732.552,73,sem_arma,0.0,0.0,1.4797578146819919e-08,4.2321980399484607e-10,2.1791560115198027e-10,0.0,1.4995905154897764e-10,0.049999726202248976,9.47293494934689e-11,3.54823,3.54862,985.423,0,1,1,0,0,0,1,0,1,0,0,0,0.0,40.045,0.0,40.045,0.0,0.0,0.0,0,0,1.0,1.0,0.0,0.0,0.0,3.548487,3.54823,985.4262000000001,1.4889114138028692e-08,1.4995905154897764e-10,1.626641483722179e-10,40.045,0.0,1.0,0.0,0.0,0.0,40.045,0.0,0,0.0,0.0,1,0,0,0,0,0,0,0,0,0,0,0,1,0,1,0,0
1,733.547,73,sem_arma,0.0,0.0,1.4976041400851914e-08,1.7846325403199555e-10,2.2293332485923575e-10,0.0,1.5083282444393965e-10,0.0,1.0957257455008047e-10,3.54823,3.54873,985.424,0,1,1,0,0,0,1,0,1,0,0,0,0.0,41.04,0.0,41.04,0.0,0.0,0.0,0,0,1.0,1.0,0.0,0.0,0.0,3.548509,3.54823,985.4264999999999,1.4890617756643235e-08,1.5083282444393965e-10,1.7452607168953482e-10,41.04,0.0,1.0,0.0,0.0,0.0,41.04,0.0,0,0.0,0.0,1,0,0,0,0,0,0,0,0,0,0,0,1,0,1,0,0
1,734.555,73,sem_arma,0.0,0.0,1.47828980097695e-08,1.9314339108241383e-10,2.2774703327683008e-10,0.0,1.540662837748816e-10,0.0,1.248920452904829e-10,3.5484,3.54867,985.431,0,1,1,0,0,0,1,0,1,0,0,0,0.0,42.048,0.0,42.048,0.0,0.0,0.0,0,0,1.0,1.0,0.0,0.0,0.0,3.548536,3.54823,985.4266,1.4884728155842528e-08,1.540662837748816e-10,1.819192911047829e-10,42.048,0.0,1.0,0.0,0.0,0.0,42.048,0.0,0,0.0,0.0,1,0,0,0,0,0,0,0,0,0,0,0,1,0,1,0,0
1,735.548,73,sem_arma,0.0,0.0,1.5006204626231275e-08,2.2330661646177418e-10,1.7895489747156503e-10,0.0,1.5879532962781778e-10,0.0,1.3560200992188074e-10,3.5484,3.54851,985.42,0,1,1,0,0,0,1,0,1,0,0,0,0.0,43.041,0.0,43.041,0.0,0.0,0.0,0,0,1.0,1.0,0.0,0.0,0.0,3.548525,3.54823,985.4264,1.4896721126572783e-08,1.5879532962781778e-10,1.9980186263574238e-10,43.041,0.0,1.0,0.0,0.0,0.0,43.041,0.0,0,0.0,0.0,1,0,0,0,0,0,0,0,0,0,0,0,1,0,1,0,0
1,736.551,73,sem_arma,0.0,0.0,1.4856591419588892e-08,1.496132066423832e-10,1.0228278854579042e-10,0.0,1.592815959001995e-10,0.0,1.4156243121298907e-10,3.54829,3.54829,985.44,0,1,1,0,0,0,1,0,1,0,0,0,0.0,44.044,0.0,44.044,0.0,0.0,0.0,0,0,1.0,1.0,0.0,0.0,0.0,3.5484920000000004,3.54823,985.4278,1.4892264149146906e-08,1.592815959001995e-10,2.1327455580808805e-10,44.044,0.0,1.0,0.0,0.0,0.0,44.044,0.0,0,0.0,0.0,1,0,0,0,0,0,0,0,0,0,0,0,1,0,1,0,0
1,737.552,73,sem_arma,0.0,0.0,1.488627491892873e-08,2.9683499339838035e-11,9.060138364478134e-11,0.0,1.5815862491609992e-10,0.0,1.458390990561529e-10,3.54829,3.54834,985.423,0,1,1,0,0,0,1,0,1,0,0,0,0.0,45.045,0.0,45.045,0.0,0.0,0.0,0,0,1.0,1.0,0.0,0.0,0.0,3.548464,3.54823,985.4274000000001,1.488629172189759e-08,1.5815862491609992e-10,2.1175910598464527e-10,45.045,0.0,1.0,0.0,0.0,0.0,45.045,0.0,0,0.0,0.0,1,0,0,0,0,0,0,0,0,0,0,0,1,0,1,0,0
1,738.552,73,sem_arma,0.0,0.0,1.4901161193847656e-08,1.488627491892657e-11,8.08888356746323e-11,0.0,1.5812750748897949e-10,0.0,1.5007402216725467e-10,3.54829,3.54834,985.428,0,1,1,0,0,0,1,0,1,0,0,0,0.0,46.045,0.0,46.045,0.0,0.0,0.0,0,0,1.0,1.0,0.0,0.0,0.0,3.548464,3.54823,985.4279,1.4889266005569016e-08,1.5812750748897949e-10,2.057896500476846e-10,46.045,0.0,1.0,0.0,0.0,0.0,46.045,0.0,0,0.0,0.0,1,0,0,0,0,0,0,0,0,0,0,0,1,0,1,0,0
1,739.562,73,sem_arma,0.0,0.0,1.475362494440362e-08,1.4753624944403633e-10,9.073370277897968e-11,0.0,1.634374848224389e-10,0.0,1.5529343198879116e-10,3.54829,3.54862,985.424,0,1,1,0,0,0,1,0,1,0,0,0,0.0,47.055,0.0,47.055,0.0,0.0,0.0,0,0,1.0,1.0,0.0,0.0,0.0,3.548503,3.54829,985.4264,1.4880449098231724e-08,1.634374848224389e-10,2.1758084105640436e-10,47.055,0.0,1.0,0.0,0.0,0.0,47.055,0.0,0,0.0,0.0,1,0,0,0,0,0,0,0,0,0,0,0,1,0,1,0,0
1,740.668,74,sem_arma,0.0,0.0,1.3473020970929164e-08,1.2806039734744564e-09,6.182288885551314e-10,0.0,4.740869002161197e-10,0.0,2.0457990597233553e-10,3.54829,3.54878,985.423,0,1,1,0,0,0,1,0,1,0,0,0,0.0,48.161,0.0,48.161,0.0,0.0,0.0,0,0,1.0,1.0,0.0,0.0,0.0,3.5485299999999995,3.54829,985.4266000000001,1.4765419380423004e-08,4.740869002161197e-10,3.2379365152782973e-10,48.161,0.0,1.0,0.0,0.0,0.0,48.161,0.0,0,0.0,0.0,1,0,0,0,0,0,0,0,0,0,0,0,1,0,1,0,0
1,741.668,74,sem_arma,0.0,0.0,1.4901161193847656e-08,1.4281402229184927e-09,6.236174852805932e-10,0.0,4.50143794101564e-10,0.0,2.4539039412395195e-10,3.54834,3.54862,985.432,0,1,1,0,0,0,1,0,1,0,0,0,0.0,49.161,0.0,49.161,0.0,0.0,0.0,0,0,1.0,1.0,0.0,0.0,0.0,3.548552,3.54829,985.4268,1.4733455704726293e-08,4.50143794101564e-10,4.0685969363983726e-10,49.161,0.0,1.0,0.0,0.0,0.0,49.161,0.0,0,0.0,0.0,1,0,0,0,0,0,0,0,0,0,0,0,1,0,1,0,0
1,742.67,74,sem_arma,0.0,0.0,1.4871418357133389e-08,2.9742836714267565e-11,6.218444029582875e-10,0.0,4.519146539147215e-10,0.0,2.8578327430458267e-10,3.54829,3.54829,985.419,0,1,1,0,0,0,1,0,1,0,0,0,0.0,50.163,0.0,50.163,0.0,0.0,0.0,0,0,1.0,1.0,0.0,0.0,0.0,3.548519,3.54829,985.4264,1.4740839725757643e-08,4.519146539147215e-10,3.675119969117794e-10,50.163,0.0,1.0,0.0,0.0,0.0,50.163,0.0,0,0.0,0.0,1,0,0,0,0,0,0,0,0,0,0,0,1,0,1,0,0
1,743.673,74,sem_arma,0.0,0.0,1.4856591419588892e-08,1.482693754449704e-11,6.163865968906392e-10,0.0,4.4655390135724625e-10,0.0,3.25128601507723e-10,3.54829,3.54829,985.44,0,1,1,0,0,0,1,0,1,0,0,0,0.0,51.166,0.0,51.166,0.0,0.0,0.0,0,0,1.0,1.0,0.0,0.0,0.0,3.548475,3.54829,985.4280000000001,1.4728894727631338e-08,4.4655390135724625e-10,3.5114836526302956e-10,51.166,0.0,1.0,0.0,0.0,0.0,51.166,0.0,0,0.0,0.0,1,0,0,0,0,0,0,0,0,0,0,0,1,0,1,0,0
1,744.671,74,sem_arma,0.0,0.0,1.493102324032831e-08,7.44318207394196e-11,6.343584581720187e-10,0.0,4.5097905355460477e-10,0.0,3.6578974399724186e-10,3.54829,3.54845,985.424,0,1,1,0,0,0,1,0,1,0,0,0,0.0,52.164,0.0,52.164,0.0,0.0,0.0,0,0,1.0,1.0,0.0,0.0,0.0,3.548453,3.54829,985.4273000000001,1.4743707250687221e-08,4.5097905355460477e-10,3.3927720822873016e-10,52.164,0.0,1.0,0.0,0.0,0.0,52.164,0.0,0,0.0,0.0,1,0,0,0,0,0,0,0,0,0,0,0,1,0,1,0,0
1,745.675,74,sem_arma,0.0,0.0,1.484179401777655e-08,8.922922255176115e-11,3.5817872203750985e-11,0.0,4.432771907179324e-10,0.0,3.514760414704605e-10,3.54829,3.54834,985.428,0,1,1,0,0,0,1,0,1,0,0,0,0.0,53.168,0.0,53.168,0.0,0.0,0.0,0,0,1.0,1.0,0.0,0.0,0.0,3.548436,3.54829,985.4281000000001,1.4727266189841748e-08,4.432771907179324e-10,3.2586946883772883e-10,53.168,0.0,1.0,0.0,0.0,0.0,53.168,0.0,0,0.0,0.0,1,0,0,0,0,0,0,0,0,0,0,0,1,0,1,0,0
1,746.671,74,sem_arma,0.0,0.0,1.4961005214706483e-08,1.1921119692993282e-10,5.119051121930833e-11,0.0,4.478678758007426e-10,0.0,3.463668137378123e-10,3.54829,3.54862,985.424,0,1,1,0,0,0,1,0,1,0,0,0,0.0,54.164,0.0,54.164,0.0,0.0,0.0,0,0,1.0,1.0,0.0,0.0,0.0,3.548469,3.54829,985.4264999999999,1.4737707569353506e-08,4.478678758007426e-10,3.228292678664838e-10,54.164,0.0,1.0,0.0,0.0,0.0,54.164,0.0,0,0.0,0.0,1,0,0,0,0,0,0,0,0,0,0,0,1,0,1,0,0
1,747.672,74,sem_arma,0.0,0.0,1.488627491892873e-08,7.473029577775324e-11,5.008995515249583e-11,0.0,4.478678758007426e-10,0.0,3.423156708885837e-10,3.54829,3.54867,985.423,0,1,1,0,0,0,1,0,1,0,0,0,0.0,55.165,0.0,55.165,0.0,0.0,0.0,0,0,1.0,1.0,0.0,0.0,0.0,3.548502,3.54829,985.4265000000001,1.4737707569353506e-08,4.478678758007426e-10,3.2733394751027534e-10,55.165,0.0,1.0,0.0,0.0,0.0,55.165,0.0,0,0.0,0.0,1,0,0,0,0,0,0,0,0,0,0,0,1,0,1,0,0
1,748.677,74,sem_arma,0.0,0.0,1.4827026063530008e-08,5.924885539872147e-11,5.706663098140554e-11,0.0,4.454687678992552e-10,0.0,3.399334504192611e-10,3.54834,3.54867,985.433,0,1,1,0,0,0,1,0,1,0,0,0,0.0,56.17,0.0,56.17,0.0,0.0,0.0,0,0,1.0,1.0,0.0,0.0,0.0,3.5485349999999998,3.54829,985.4269999999999,1.473029405632174e-08,4.454687678992552e-10,3.317702055582548e-10,56.17,0.0,1.0,0.0,0.0,0.0,56.17,0.0,0,0.0,0.0,1,0,0,0,0,0,0,0,0,0,0,0,1,0,1,0,0
1,749.678,74,sem_arma,0.0,0.0,1.488627491892873e-08,5.924885539872147e-11,5.2214463502394424e-11,0.0,4.482072824090741e-10,0.0,3.360815264916025e-10,3.54834,3.54851,985.417,0,1,1,0,0,0,1,0,1,0,0,0,0.0,57.171,0.0,57.171,0.0,0.0,0.0,0,0,1.0,1.0,0.0,0.0,0.0,3.5485239999999996,3.54829,985.4263000000001,1.4743559053774252e-08,4.482072824090741e-10,3.2294146615372333e-10,57.171,0.0,1.0,0.0,0.0,0.0,57.171,0.0,0,0.0,0.0,1,0,0,0,0,0,0,0,0,0,0,0,1,0,1,0,0
1,750.68,75,sem_arma,0.0,0.0,1.4871418357133389e-08,1.4856561795340996e-11,4.825889375757004e-11,0.0,4.019042266179894e-11,0.0,2.790845270118464e-10,3.54812,3.54812,985.439,0,1,1,0,0,0,1,0,1,0,0,0,0.0,58.173,0.0,58.173,0.0,0.0,0.0,0,0,1.0,1.0,0.0,0.0,0.0,3.548458,3.54812,985.4278999999999,1.4883398792394675e-08,4.019042266179894e-11,1.963667249858118e-10,58.173,0.0,1.0,0.0,0.0,0.0,58.173,0.0,0,0.0,0.0,1,0,0,0,0,0,0,0,0,0,0,0,1,0,1,0,0
1,751.676,75,sem_arma,0.0,0.0,1.4961005214706483e-08,8.958685757309424e-11,4.825889375757004e-11,0.0,4.700656752769512e-11,0.0,2.2154866785954407e-10,3.54812,3.5484,985.427,0,1,1,0,0,0,1,0,1,0,0,0,0.0,59.169,0.0,59.169,0.0,0.0,0.0,0,0,1.0,1.0,0.0,0.0,0.0,3.548436,3.54812,985.4274000000001,1.4889383194480556e-08,4.700656752769512e-11,6.251138845127195e-11,59.169,0.0,1.0,0.0,0.0,0.0,59.169,0.0,0,0.0,0.0,1,0,0,0,0,0,0,0,0,0,0,0,1,0,1,0,0
1,752.681,75,sem_arma,0.0,0.0,1.4827026063530008e-08,1.339791511764747e-10,5.5088188697769196e-11,0.0,5.083214574737844e-11,0.0,1.6487304643349223e-10,3.54812,3.54845,985.426,0,1,1,0,0,0,1,0,1,0,0,0,0.0,60.174,0.0,60.174,0.0,0.0,0.0,0,0,1.0,1.0,0.0,0.0,0.0,3.5484519999999997,3.54812,985.4281000000001,1.4884943965120218e-08,5.083214574737844e-11,7.293501989749265e-11,60.174,0.0,1.0,0.0,0.0,0.0,60.174,0.0,0,0.0,0.0,1,0,0,0,0,0,0,0,0,0,0,0,1,0,1,0,0
1,753.685,75,sem_arma,0.0,0.0,1.484179401777655e-08,1.4767954246541892e-11,5.2224615426232576e-11,0.0,5.1952240377339264e-11,0.0,1.0845684828705156e-10,3.54812,3.54856,985.426,0,1,1,0,0,0,1,0,1,0,0,0,0.0,61.178,0.0,61.178,0.0,0.0,0.0,0,0,1.0,1.0,0.0,0.0,0.0,3.5484790000000004,3.54812,985.4267,1.4883464224938987e-08,5.1952240377339264e-11,7.292912156769715e-11,61.178,0.0,1.0,0.0,0.0,0.0,61.178,0.0,0,0.0,0.0,1,0,0,0,0,0,0,0,0,0,0,0,1,0,1,0,0
1,754.689,75,sem_arma,0.0,0.0,1.484179401777655e-08,0.0,5.4111413115907115e-11,0.0,5.051916508051215e-11,0.0,5.043214378144041e-11,3.54812,3.54878,985.421,0,1,1,0,0,0,1,0,1,0,0,0,0.0,62.182,0.0,62.182,0.0,0.0,0.0,0,0,1.0,1.0,0.0,0.0,0.0,3.5485119999999997,3.54812,985.4264,1.487454130268381e-08,5.051916508051215e-11,6.548593949375518e-11,62.182,0.0,1.0,0.0,0.0,0.0,62.182,0.0,0,0.0,0.0,1,0,0,0,0,0,0,0,0,0,0,0,1,0,1,0,0
1,755.684,75,sem_arma,0.0,0.0,1.4976041400851914e-08,1.342473830753644e-10,7.255535618349596e-11,0.0,5.8116099890889145e-11,0.0,5.41058921794149e-11,3.5484,3.54867,985.431,0,1,1,0,0,0,1,0,1,0,0,0,0.0,63.177,0.0,63.177,0.0,0.0,0.0,0,0,1.0,1.0,0.0,0.0,0.0,3.548545,3.54812,985.4267,1.4887966040991345e-08,5.8116099890889145e-11,6.998775554611551e-11,63.177,0.0,1.0,0.0,0.0,0.0,63.177,0.0,0,0.0,0.0,1,0,0,0,0,0,0,0,0,0,0,0,0,0,0,0,0
1,756.684,75,sem_arma,0.0,0.0,1.4901161193847656e-08,7.488020700425825e-11,6.198324836805165e-11,0.0,5.2576491810395856e-11,0.0,5.518516589428924e-11,3.54845,3.54851,985.418,0,1,1,0,0,0,1,0,1,0,0,0,0.0,64.17699999999999,0.0,64.17699999999999,0.0,0.0,0.0,0,0,1.0,1.0,0.0,0.0,0.0,3.548534,3.54812,985.4261,1.4881981638905462e-08,5.2576491810395856e-11,6.555465655354805e-11,64.17699999999999,0.0,1.0,0.0,0.0,0.0,64.17699999999999,0.0,0,0.0,0.0,1,0,0,0,0,0,0,0,0,0,0,0,0,0,0,0,0
1,757.682,75,sem_arma,0.0,0.0,1.493102324032831e-08,2.9862046480655e-11,5.811315394417928e-11,0.0,5.483814021177235e-11,0.0,5.5987485773457585e-11,3.54818,3.54818,985.435,0,1,1,0,0,0,1,0,1,0,0,0,0.0,65.175,0.0,65.175,0.0,0.0,0.0,0,0,1.0,1.0,0.0,0.0,0.0,3.5484850000000003,3.54812,985.4273,1.488645647104542e-08,5.483814021177235e-11,6.106783162383822e-11,65.175,0.0,1.0,0.0,0.0,0.0,65.175,0.0,0,0.0,0.0,1,0,0,0,0,0,0,0,0,0,0,0,0,0,0,0,0
1,758.688,75,sem_arma,0.7028896064659075,0.6986974219343016,0.2037051883638477,0.20370517343282446,0.09109972304111756,0.9999997696000795,0.0644172319327397,0.049999988480003976,0.009109972354392579,3.54818,8.15813,985.441,0,1,0,0,0,0,0,0,0,0,0,0,0.0,0.0,0.0,0.0,0.0,0.0,0.0,0,0,0.9,0.9,0.0,0.0,0.0,4.009431,3.54812,985.4281000000001,0.020370532240138635,0.0644172319327397,0.02037051739842539,65.175,0.0,0.9,0.0,0.0,0.0,65.175,0.0,0,0.0,0.0,0,0,0,0,0,0,0,0,0,0,0,0,0,0,0,0,0
1,759.689,75,sem_arma,3.2170316007863238,2.51163036395646,0.9631999466737771,0.7594947583099294,0.41740759495021856,0.9825329540854142,0.304244629974221,0.09912663618427468,0.05085073184419299,3.54818,22.5147,4.73717,1,1,0,0,0,0,0,0,0,0,0,0,0.0,0.0,0.0,0.0,0.0,0.0,0.0,0,0,0.8,0.8,0.0,0.0,0.1,5.9060500000000005,3.54812,887.360117,0.11669052541888884,0.304244629974221,0.09631999322349345,65.175,0.0,0.8,0.0,0.0,0.0,65.175,0.0,0,0.0,0.0,0,0,0,0,0,0,0,0,0,0,0,0,0,0,0,0,0
1,760.69,76,sem_arma,0.8593757632545717,-2.3553005369947577,0.00033088658890894176,0.9628690600848682,0.41736136936702256,0.9852535119068084,0.3042305472942373,0.14838931177961512,0.09258686877606936,3.54818,12.6458,6.80886,1,1,0,0,0,0,0,0,0,0,0,0,0.0,0.0,0.0,0.0,0.0,0.0,0.0,0,0,0.7,0.7,0.0,0.0,0.2,6.815818,3.54818,789.4971029999999,0.1167236125906379,0.3042305472942373,0.19260689923049462,65.175,0.0,0.7,0.0,0.0,0.0,65.175,0.0,0,0.0,0.0,0,0,0,0,0,0,0,0,0,0,0,0,0,0,0,0,0
1,761.687,76,sem_arma,0.0,-0.8619616481991692,0.0,0.00033088658890894176,0.41736137145072905,0.9852535119068084,0.3042305479320221,0.19765198737495554,0.13432300591631635,3.54818,12.6802,7.21737,1,1,0,0,0,0,0,0,0,0,0,0,0.0,0.0,0.0,0.0,0.0,0.0,0.0,0,0,0.6,0.6,0.0,0.0,0.3,7.728998,3.54818,691.67614,0.11672361109453737,0.3042305479320221,0.19263998788042683,65.175,0.0,0.6,0.0,0.0,0.0,65.175,0.0,0,0.0,0.0,0,0,0,0,0,0,0,0,0,0,0,0,0,0,0,0,0
1,762.696,76,sem_arma,0.0,0.0,0.0,0.0,0.41736137353861125,0.9852535119068084,0.3042305485640953,0.24691466297029593,0.17605914326466868,8.15813,25.0962,4.56831,1,1,0,0,0,0,0,0,0,0,0,0,0.0,0.0,0.0,0.0,0.0,0.0,0.0,0,0,0.5,0.5,0.0,0.0,0.4,9.883773,3.54818,593.590371,0.11672360961183477,0.3042305485640953,0.1926399878670289,65.175,0.0,0.5,0.0,0.0,0.0,65.175,0.0,0,0.0,0.0,0,0,0,0,0,0,0,0,0,0,0,0,0,0,0,0,0
1,763.69,76,sem_arma,0.0,0.0,0.0,0.0,0.4307191409226912,0.9852535119068084,0.3042305491967981,0.2961773385656364,0.21913105735171534,12.6458,31.8615,3.62908,1,1,0,0,0,0,0,0,0,0,0,0,0.0,0.0,0.0,0.0,0.0,0.0,0.0,0,0,0.4,0.4,0.0,0.0,0.5,12.715067000000001,3.54818,495.41067899999996,0.11672360812765536,0.3042305491967981,0.1926399878655521,65.175,0.0,0.4,0.0,0.0,0.0,65.175,0.0,0,0.0,0.0,0,0,0,0,0,0,0,0,0,0,0,0,0,0,0,0,0
1,764.696,76,AugShort,0.0,0.0,0.0,0.0,0.0001479769811090345,0.9852535119068084,0.30423054982950093,0.3454400141609768,0.2191458550444151,12.6458,31.7287,3.63522,1,1,0,0,0,0,0,0,0,0,0,0,0.0,0.0,0.0,0.0,0.0,0.0,0.0,0,0,0.3,0.3,0.0,0.0,0.6,15.533059,3.54818,397.232101,0.11672360664347596,0.30423054982950093,0.1926399878655521,65.175,0.0,0.3,0.0,0.0,0.0,65.175,0.0,0,0.0,0.0,0,0,0,0,0,0,0,0,0,0,0,0,0,0,0,0,0
1,765.696,76,AugShort,0.0,0.0,0.0,0.0,0.0,0.9852535119068084,0.3042305504679266,0.3947026897563172,0.21914585503715958,12.6802,31.7689,3.63106,1,1,0,0,0,0,0,0,0,0,0,0,0.0,0.0,0.0,0.0,0.0,0.0,0.0,0,0,0.2,0.2,0.0,0.0,0.7,18.355082000000003,3.54818,299.05210700000003,0.11672360514587184,0.3042305504679266,0.19263998785212738,65.175,0.0,0.2,0.0,0.0,0.0,65.175,0.0,0,0.0,0.0,0,0,0,0,0,0,0,0,0,0,0,0,0,0,0,0,0
1,766.698,76,AugShort,0.0,0.0,0.0,0.0,0.0,0.9852535119068084,0.30423055110316016,0.44396536535165765,0.21914585503096123,25.0962,42.8181,3.76216,1,1,0,0,0,0,0,0,0,0,0,0,0.0,0.0,0.0,0.0,0.0,0.0,0.0,0,0,0.1,0.1,0.0,0.0,0.8,22.282041,3.54818,200.886523,0.11672360365575571,0.30423055110316016,0.19263998784463934,65.175,0.0,0.1,0.0,0.0,0.0,65.175,0.0,0,0.0,0.0,0,0,0,0,0,0,0,0,0,0,0,0,0,0,0,0,0
1,767.702,76,AugShort,0.0,0.0,0.0,0.0,0.0,0.9852535119068084,0.30423055173966673,0.493228040946998,0.21914585502514994,31.7287,42.8574,3.76161,1,1,0,0,0,0,0,0,0,0,0,0,0.0,0.0,0.0,0.0,0.0,0.0,0.0,0,0,0.0,0.0,0.0,0.0,0.9,26.212963000000002,8.15813,102.719184,0.11672360216265339,0.30423055173966673,0.19263998784165315,0.0,0.0,0.0,0.0,0.0,0.0,0.0,0.0,0,0.0,0.0,0,0,0,0,0,0,0,0,0,0,0,0,0,0,0,0,0
1,768.704,76,AugShort,0.0,0.0,0.0,0.0,0.0,0.9852535119068084,0.30457895894597276,0.5424907165423385,0.21003588272103818,31.7287,42.8038,3.75949,1,1,0,1,1,0,0,0,0,0,0,0,0.0,0.0,0.0,0.0,0.0,0.0,0.0,0,0,0.0,0.0,0.0,0.0,1.0,29.67753,12.6458,4.551033,0.09635308332626862,0.30457895894597276,0.17226947049837069,0.0,0.0,0.0,0.0,0.0,0.0,0.0,0.0,0,0.0,0.0,0,0,0,0,0,0,0,0,0,0,0,0,0,0,0,0,0
1,769.705,76,AugShort,0.0,0.0,0.0,0.0,0.0,0.9852535119068084,0.00010463552668525513,0.5917533921376789,0.1682951232260163,31.7689,49.7209,3.84092,1,1,0,1,1,0,0,0,0,0,0,0,0.0,0.0,0.0,0.0,0.0,0.0,0.0,0,0,0.0,0.0,0.0,0.0,1.0,32.39815,12.6458,4.4614080000000005,3.308865889091638e-05,0.00010463552668525513,0.09631999466737776,0.0,0.0,0.0,0.0,0.0,0.0,0.0,0.0,0,0.0,0.0,0,0,0,0,0,0,0,0,0,0,0,0,0,0,0,0,0
1,770.707,77,AugShort,0.0,0.0,0.0,0.0,0.0,0.9852535119068084,0.0,0.6410160677330193,0.12655898628931406,42.8038,49.7476,3.8397,1,1,0,0,0,0,0,0,0,0,0,0,0.0,0.0,0.0,0.0,0.0,0.0,0.0,0,0,0.0,0.0,0.0,0.0,1.0,36.108329999999995,12.6802,4.164492,0.0,0.0,3.308865889093859e-05,0.0,0.0,0.0,0.0,0.0,0.0,0.0,0.0,0,0.0,0.0,0,0,0,0,0,0,0,0,0,0,0,0,0,0,0,0,0
1,771.699,77,AugShort,0.0,0.0,0.9439845753785682,0.9439845753785682,0.4221627360515505,0.9852535119068084,0.298514133426318,0.6902787433283597,0.1270391227493962,9.5544,9.5544,987.269,0,1,0,0,0,0,0,0,0,0,0,0,0.0,0.0,0.0,0.0,0.0,0.0,0.0,0,0,0.0,0.0,0.0,0.0,0.9,35.795750000000005,9.5544,102.169655,0.09439845753785683,0.298514133426318,0.09439845753785686,0.0,0.0,0.0,0.0,0.0,0.0,0.0,0.0,0,0.0,0.0,0,0,0,0,0,0,0,0,0,0,0,0,0,0,0,0,0
1,772.7,77,AugShort,0.0,0.0,2.1939351991119147,1.2499506237333464,0.966326864242531,0.9852535119068084,0.7241703671053175,0.7395414189237002,0.18193567181978818,9.5544,105.304,710.957,0,1,0,0,0,0,0,0,0,0,0,0,0.0,0.0,0.0,0.0,0.0,0.0,0.0,0,0,0.0,0.0,0.0,0.0,0.8,43.81653,9.5544,172.80852399999998,0.3137919774490483,0.7241703671053175,0.21939351991119152,0.0,0.0,0.0,0.0,0.0,0.0,0.0,0.0,0,0.0,0.0,0,0,0,0,0,0,0,0,0,0,0,0,0,0,0,0,0
1,773.699,77,AugShort,0.0,0.0,0.5615672767103241,1.6323679224015906,0.905893958243217,0.9852535119068084,0.7188877132631507,0.7888040945190407,0.22945315355184076,9.5544,137.447,710.957,0,1,0,0,0,0,0,0,0,0,0,0,0.0,0.0,0.0,0.0,0.0,0.0,0.0,0,0,0.0,0.0,0.0,0.0,0.7,54.375080000000004,9.5544,243.541316,0.3699487051200807,0.7188877132631507,0.38263031215135057,0.0,0.0,0.0,0.0,0.0,0.0,0.0,0.0,0,0.0,0.0,0,0,0,0,0,0,0,0,0,0,0,0,0,0,0,0,0
1,774.705,77,AugShort,0.0,0.0,0.6626872923088711,0.101120015598547,0.8144411871767641,0.9852535119068084,0.7115018770801348,0.838066770114381,0.3108824745714062,9.5544,145.227,3.83805,1,1,0,0,0,0,0,0,0,0,0,0,0.0,0.0,0.0,0.0,0.0,0.0,0.0,0,0,0.0,0.0,0.0,0.0,0.7,65.72491,9.5544,243.56159899999997,0.4362174343509678,0.7115018770801348,0.39274231371120527,0.0,0.0,0.0,0.0,0.0,0.0,0.0,0.0,0,0.0,0.0,0,0,0,0,0,0,0,0,0,0,0,0,0,0,0,0,0
1,775.703,77,AugShort,0.0,0.0,0.0,0.6626872923088711,0.8144411871767641,0.9852535119068084,0.7115018770801348,0.8873294457097215,0.39232659328908265,9.5544,145.22,3.84193,1,1,0,0,0,0,0,0,0,0,0,0,0.0,0.0,0.0,0.0,0.0,0.0,0.0,0,0,0.0,0.0,0.0,0.0,0.7,77.07002,9.5544,243.58268599999997,0.4362174343509678,0.7115018770801348,0.4590110429420924,0.0,0.0,0.0,0.0,0.0,0.0,0.0,0.0,0,0.0,0.0,0,0,0,0,0,0,0,0,0,0,0,0,0,0,0,0,0
1,776.705,77,AugShort,0.0,0.0,0.0,0.0,0.8987574274200056,0.9852535119068084,0.7115018770801348,0.9365921213050619,0.48220233603108326,105.304,145.23,3.83789,1,1,0,0,0,0,0,0,0,0,0,0,0.0,0.0,0.0,0.0,0.0,0.0,0.0,0,0,0.0,0.0,0.0,0.0,0.7,87.31121,9.5544,243.590259,0.4362174343509678,0.7115018770801348,0.4590110429420924,0.0,0.0,0.0,0.0,0.0,0.0,0.0,0.0,0,0.0,0.0,0,0,0,0,0,0,0,0,0,0,0,0,0,0,0,0,0
1,777.707,77,AugShort,0.0,0.0,0.0,0.0,0.33717666130184554,0.9852535119068084,0.7115018770801348,0.9858547969004023,0.5159200021612678,137.447,145.229,3.83795,1,1,0,0,0,0,0,0,0,0,0,0,0.0,0.0,0.0,0.0,0.0,0.0,0.0,0,0,0.0,0.0,0.0,0.0,0.7,97.54837,9.5544,243.59789300000003,0.4362174343509678,0.7115018770801348,0.4590110429420924,0.0,0.0,0.0,0.0,0.0,0.0,0.0,0.0,0,0.0,0.0,0,0,0,0,0,0,0,0,0,0,0,0,0,0,0,0,0
1,778.71,77,AugShort,0.0,0.0,2.0353108852556847,2.0353108852556847,0.8839974566987748,0.9999895554577611,0.8504037906604905,0.9858542861932863,0.6043197478311453,58.6793,58.6793,710.957,0,1,0,0,0,0,0,0,0,0,0,0,0.0,0.0,0.0,0.0,0.0,0.0,0.0,0,0,0.0,0.0,0.0,0.0,0.6,99.13592,9.5544,314.31764400000003,0.6397485228765363,0.8504037906604905,0.6625421314676608,0.0,0.0,0.0,0.0,0.0,0.0,0.0,0.0,0,0.0,0.0,0,0,0,0,0,0,0,0,0,0,0,0,0,0,0,0,0
1,779.703,77,AugShort,0.0,0.0,1.216973421897447,0.8183374633582376,0.9364886633502505,0.999996963257076,0.8356293333699056,0.9867274866518694,0.6979686141661703,0.435213,0.435213,987.281,0,1,1,0,0,0,1,0,1,0,0,0,0.0,0.0,0.0,0.0,0.0,0.0,0.0,0,0,0.1,0.1,0.0,0.0,0.5,94.2073513,0.435213,412.66165199999995,0.761445865066281,0.8356293333699056,0.7443758778034846,0.0,0.0,0.1,0.0,0.0,0.0,0.0,0.0,0,0.0,0.0,0,0,0,0,0,0,0,0,0,0,0,0,0,0,0,0,0
1,780.708,78,AugShort,0.0,0.0,0.0,1.216973421897447,0.9364886633502505,0.0,0.8356293333699056,0.9374648110565289,0.7916174805011954,0.435213,0.436111,987.264,0,1,1,0,0,0,1,0,1,0,0,0,0.0,1.005,0.0,1.005,0.0,0.0,0.0,0,0,0.2,0.2,0.0,0.0,0.4,89.2762024,0.435213,511.0040819999999,0.761445865066281,0.8356293333699056,0.8660732199932294,1.005,0.0,0.2,0.0,0.0,0.0,1.005,0.0,0,0.0,0.0,0,0,0,0,0,0,0,0,0,0,0,0,0,0,0,0,0
1,781.71,78,AugShort,0.0,0.0,0.0,0.0,0.9364886633502505,0.0,0.8655028199391056,0.8882021354611884,0.8430500732310653,0.435213,0.435662,987.272,0,1,1,0,0,0,1,0,1,0,0,0,0.0,2.0069999999999997,0.0,2.0069999999999997,0.0,0.0,0.0,0,0,0.3,0.3,0.0,0.0,0.4,88.3643286,0.435213,511.00438199999996,0.6670474075284242,0.8655028199391056,0.7716747624553725,2.0069999999999997,0.0,0.3,0.0,0.0,0.0,2.0069999999999997,0.0,0,0.0,0.0,0,0,0,0,0,0,0,0,0,0,0,0,0,0,0,0,0
1,782.708,78,AugShort,0.0,0.0,0.0,0.0,0.9364886633502505,0.0,0.6971439299755948,0.8389394598658481,0.8400662531418372,0.435213,0.435662,987.266,0,1,1,0,0,0,1,0,1,0,0,0,0.0,3.005,0.0,3.005,0.0,0.0,0.0,0,0,0.4,0.4,0.0,0.0,0.4,77.8774948,0.435213,538.635282,0.44765388761723274,0.6971439299755948,0.6466797000820378,3.005,0.0,0.4,0.0,0.0,0.0,3.005,0.0,0,0.0,0.0,1,0,0,0,0,0,0,0,0,0,0,1,1,0,1,0,0
1,783.707,78,AugShort,0.0,0.0,0.0,0.0,0.5442470596346447,0.0,0.7094574526568656,0.7896767842705078,0.8039015632809802,0.435213,0.436111,987.267,0,1,1,0,0,0,1,0,1,0,0,0,0.0,4.004,0.0,4.004,0.0,0.0,0.0,0,0,0.5,0.5,0.0,0.0,0.4,64.17640589999999,0.435213,566.2662819999999,0.39149715994620027,0.7094574526568656,0.4834429078418788,4.004,0.0,0.5,0.0,0.0,0.0,4.004,0.0,0,0.0,0.0,1,0,0,0,0,0,0,0,0,0,0,0,1,0,1,0,0
1,784.709,78,AugShort,0.0,0.0,0.0,0.0,0.0,0.0,0.7122561483522006,0.7404141086751673,0.7224574445633036,0.435662,0.436111,987.273,0,1,1,0,0,0,1,0,1,0,0,0,0.0,5.006,0.0,5.006,0.0,0.0,0.0,0,0,0.6,0.6,0.0,0.0,0.3,49.697317000000005,0.435213,664.609777,0.32522843071531315,0.7122561483522006,0.47333090628202407,5.006,0.0,0.6,0.0,0.0,0.0,5.006,0.0,0,0.0,0.0,1,0,0,0,0,0,0,0,0,0,0,0,1,0,1,0,0
1,785.724,78,AugShort,0.0,0.0,0.0,0.0,0.0,0.0,0.7122561483522006,0.691151433079827,0.6410133258456272,0.435662,0.435662,987.262,0,1,1,0,0,0,1,0,1,0,0,0,0.0,6.021,0.0,6.021,0.0,0.0,0.0,0,0,0.7,0.7,0.0,0.0,0.2,35.2188832,0.435213,762.951784,0.32522843071531315,0.7122561483522006,0.40706217705113695,6.021,0.0,0.7,0.0,0.0,0.0,6.021,0.0,0,0.0,0.0,1,0,0,0,0,0,0,0,0,0,0,0,1,0,1,0,0
1,786.728,78,AugShort,0.0,0.0,0.0,0.0,0.0,0.0,0.7122561483522006,0.6418887574844865,0.5511375831036267,0.435662,0.437007,987.282,0,1,1,0,0,0,1,0,1,0,0,0,0.0,7.0249999999999995,0.0,7.0249999999999995,0.0,0.0,0.0,0,0,0.8,0.8,0.0,0.0,0.1,20.739583900000003,0.435213,861.2961950000001,0.32522843071531315,0.7122561483522006,0.40706217705113695,7.0249999999999995,0.0,0.8,0.0,0.0,0.0,7.0249999999999995,0.0,0,0.0,0.0,1,0,0,0,0,0,0,0,0,0,0,0,1,0,1,0,0
1,787.728,78,AugShort,0.0,0.0,0.14322722963844556,0.14322722963844556,0.06405316434010738,0.0,0.7064055247759993,0.592626081889146,0.5238252334074529,0.435662,7.79553,987.266,0,1,0,0,0,0,0,0,0,0,0,0,0.0,0.0,0.0,0.0,0.0,0.0,0.0,0,0,0.8,0.8,0.0,0.0,0.0,6.9962368999999995,0.435213,959.6390000000001,0.3395511536791577,0.7064055247759993,0.4213849000149815,7.0249999999999995,0.0,0.8,0.0,0.0,0.0,7.0249999999999995,0.0,0,0.0,0.0,0,0,0,0,0,0,0,0,0,0,0,0,1,0,1,0,0
1,788.732,78,AugShort,0.0,0.0,2.1367575887814327,1.9935303591429872,0.9416184044080598,0.0,0.7336665643402476,0.5433634062938058,0.5295873281783814,0.435662,109.992,3.83711,1,1,0,0,0,0,0,0,0,0,0,0,0.0,0.0,0.0,0.0,0.0,0.0,0.0,0,0,0.8,0.8,0.0,0.0,0.1,12.1275069,0.435213,888.927011,0.34969582403173255,0.7336665643402476,0.41720684740371183,7.0249999999999995,0.0,0.8,0.0,0.0,0.0,7.0249999999999995,0.0,0,0.0,0.0,0,0,0,0,0,0,0,0,0,0,0,0,1,0,1,0,0
1,789.73,78,AugShort,0.0,0.0,0.9286183780953834,1.2081392106860493,0.9205368311648178,0.0,0.7007191288155851,0.4941007306984653,0.5279921449598381,0.435662,151.398,3.84066,1,1,0,0,0,0,0,0,0,0,0,0,0.0,0.0,0.0,0.0,0.0,0.0,0.0,0,0,0.7,0.7,0.0,0.0,0.2,27.223785599999996,0.435662,790.582977,0.32086031965152617,0.7007191288155851,0.456187022136493,7.0249999999999995,0.0,0.7,0.0,0.0,0.0,7.0249999999999995,0.0,0,0.0,0.0,0,0,0,0,0,0,0,0,0,0,0,0,1,0,1,0,0
1,790.73,79,AugShort,0.0,0.0,0.0,0.9286183780953834,0.9205368311648178,0.0,0.7007191288155851,0.44483805510312485,0.5263969617412948,0.437007,151.406,3.84048,1,1,0,0,0,0,0,0,0,0,0,0,0.0,0.0,0.0,0.0,0.0,0.0,0.0,0,0,0.6,0.6,0.0,0.0,0.3,42.320774500000006,0.435662,692.240625,0.32086031965152617,0.7007191288155851,0.42735151775628655,7.0249999999999995,0.0,0.6,0.0,0.0,0.0,7.0249999999999995,0.0,0,0.0,0.0,0,0,0,0,0,0,0,0,0,0,0,0,1,0,1,0,0
1,791.729,79,AugShort,0.0,0.0,0.0,0.0,0.9205368311648178,0.0,0.7007191288155851,0.39557537950778443,0.5248017785227516,7.79553,151.373,3.83614,1,1,0,0,0,0,0,0,0,0,0,0,0.0,0.0,0.0,0.0,0.0,0.0,0.0,0,0,0.5,0.5,0.0,0.0,0.4,57.4145083,0.435662,593.8970390000001,0.32086031965152617,0.7007191288155851,0.42735151775628655,7.0249999999999995,0.0,0.5,0.0,0.0,0.0,7.0249999999999995,0.0,0,0.0,0.0,0,0,0,0,0,0,0,0,0,0,0,0,1,0,1,0,0
1,792.731,79,AugShort,0.0,0.0,0.0,0.0,0.9419075222242294,0.0,0.7007191288155851,0.34631270391244395,0.5253436644101495,109.992,151.385,3.84092,1,1,0,0,0,0,0,0,0,0,0,0,0.0,0.0,0.0,0.0,0.0,0.0,0.0,0,0,0.4,0.4,0.0,0.0,0.5,72.5094421,0.435662,495.55453099999994,0.32086031965152617,0.7007191288155851,0.42735151775628655,7.0249999999999995,0.0,0.4,0.0,0.0,0.0,7.0249999999999995,0.0,0,0.0,0.0,0,0,0,0,0,0,0,0,0,0,0,0,1,0,1,0,0
1,793.737,79,AugShort,0.0,0.0,0.0,0.0,0.41529076371537604,0.0,0.7007191288155851,0.29705002831710353,0.5124480348182227,151.373,151.395,3.83967,1,1,0,0,0,0,0,0,0,0,0,0,0.0,0.0,0.0,0.0,0.0,0.0,0.0,0,0,0.3,0.3,0.0,0.0,0.6,87.605331,0.435662,397.211798,0.32086031965152617,0.7007191288155851,0.42735151775628655,7.0249999999999995,0.0,0.3,0.0,0.0,0.0,7.0249999999999995,0.0,0,0.0,0.0,0,0,0,0,0,0,0,0,0,0,0,0,1,0,1,0,0
1,794.731,79,AugShort,0.0,0.0,0.0,0.0,0.0,0.0,0.7007191288155851,0.2477873527217631,0.5124480348182227,151.373,151.38,3.838,1,1,0,0,0,0,0,0,0,0,0,0,0.0,0.0,0.0,0.0,0.0,0.0,0.0,0,0,0.2,0.2,0.0,0.0,0.7,102.69971989999999,0.435662,298.868298,0.32086031965152617,0.7007191288155851,0.42735151775628655,7.0249999999999995,0.0,0.2,0.0,0.0,0.0,7.0249999999999995,0.0,0,0.0,0.0,0,0,0,0,0,0,0,0,0,0,0,0,1,0,1,0,0
1,795.743,79,AugShort,0.0,0.0,0.0,0.0,0.0,0.0,0.7007191288155851,0.1985246771264227,0.5124480348182227,151.373,151.396,3.84172,1,1,0,0,0,0,0,0,0,0,0,0,0.0,0.0,0.0,0.0,0.0,0.0,0.0,0,0,0.1,0.1,0.0,0.0,0.8,117.7957537,0.437007,200.52627,0.32086031965152617,0.7007191288155851,0.42735151775628655,7.0249999999999995,0.0,0.1,0.0,0.0,0.0,7.0249999999999995,0.0,0,0.0,0.0,0,0,0,0,0,0,0,0,0,0,0,0,1,0,1,0,0
1,796.734,79,AugShort,0.0,0.0,0.0,0.0,0.0,0.0,0.7007191288155851,0.1492620015310823,0.5124480348182227,151.38,151.388,3.83883,1,1,0,0,0,0,0,0,0,0,0,0,0.0,0.0,0.0,0.0,0.0,0.0,0.0,0,0,0.0,0.0,0.0,0.0,0.9,132.890853,7.79553,102.181953,0.32086031965152617,0.7007191288155851,0.42735151775628655,0.0,0.0,0.0,0.0,0.0,0.0,0.0,0.0,0,0.0,0.0,0,0,0,0,0,0,0,0,0,0,0,0,1,0,1,0,0
1,797.74,79,AugShort,0.0,0.0,0.0,0.0,0.0,0.0,0.7061957631894797,0.09999932593574186,0.5060427183842119,151.378,151.378,3.83806,1,1,0,0,0,0,0,0,0,0,0,0,0.0,0.0,0.0,0.0,0.0,0.0,0.0,0,0,0.0,0.0,0.0,0.0,1.0,147.2491,109.992,3.839159,0.30653759668768166,0.7061957631894797,0.4130287947924421,0.0,0.0,0.0,0.0,0.0,0.0,0.0,0.0,0,0.0,0.0,0,0,0,0,0,0,0,0,0,0,0,0,1,0,1,0,0
1,798.737,79,AugShort,0.0,0.0,0.0,0.0,0.0,0.0,0.2936549151872827,0.0499998481628538,0.4118808779434059,151.378,151.386,3.84188,1,1,0,0,0,0,0,0,0,0,0,0,0.0,0.0,0.0,0.0,0.0,0.0,0.0,0,0,0.0,0.0,0.0,0.0,1.0,151.38849999999996,151.373,3.839636,0.09286183780953834,0.2936549151872827,0.21367575887814333,0.0,0.0,0.0,0.0,0.0,0.0,0.0,0.0,0,0.0,0.0,0,0,0,0,0,0,0,0,0,0,0,0,1,0,1,0,0
1,799.741,79,AugShort,0.0,0.0,0.0,0.0,0.0,0.0,0.0,0.0,0.3198271948269241,151.378,151.383,3.83788,1,1,0,0,0,0,0,0,0,0,0,0,0.0,0.0,0.0,0.0,0.0,0.0,0.0,0,0,0.0,0.0,0.0,0.0,1.0,151.387,151.373,3.839358,0.0,0.0,0.09286183780953838,0.0,0.0,0.0,0.0,0.0,0.0,0.0,0.0,0,0.0,0.0,0,0,0,0,0,0,0,0,0,0,0,0,1,0,1,0,0
1,800.739,80,AugShort,0.0,0.0,0.0,0.0,0.0,0.0,0.0,0.0,0.2277735117104423,151.378,151.381,3.83796,1,1,0,0,0,0,0,0,0,0,0,0,0.0,0.0,0.0,0.0,0.0,0.0,0.0,0,0,0.0,0.0,0.0,0.0,1.0,151.3845,151.373,3.8391059999999997,0.0,0.0,0.0,0.0,0.0,0.0,0.0,0.0,0.0,0.0,0.0,0,0.0,0.0,0,0,0,0,0,0,0,0,0,0,0,0,1,0,1,0,0
1,801.739,80,AugShort,0.0,0.0,0.4364402407691954,0.4364402407691954,0.19518200929525922,0.0,0.13801452233829353,0.0,0.15523802952348645,140.211,140.211,710.957,0,1,0,0,0,0,0,0,0,0,0,0,0.0,0.0,0.0,0.0,0.0,0.0,0.0,0,0,0.0,0.0,0.0,0.0,0.9,150.2683,140.211,74.551192,0.043644024076919544,0.13801452233829353,0.043644024076919585,0.0,0.0,0.0,0.0,0.0,0.0,0.0,0.0,0,0.0,0.0,0,0,0,0,0,0,0,0,0,0,0,0,1,0,1,0,0
1,802.744,80,AugShort,0.0,0.0,2.038158150393927,1.6017179096247314,0.8831536234243795,0.0,0.6439638542327903,0.0,0.1493626396435015,22.8493,22.8493,710.957,0,1,0,0,0,0,0,0,0,0,0,0,0.0,0.0,0.0,0.0,0.0,0.0,0.0,0,0,0.0,0.0,0.0,0.0,0.8,137.41473000000002,22.8493,145.26280000000003,0.24745983911631222,0.6439638542327903,0.20381581503939272,0.0,0.0,0.0,0.0,0.0,0.0,0.0,0.0,0,0.0,0.0,0,0,0,0,0,0,0,0,0,0,0,0,1,0,1,0,0
1,804.078,80,AugShort,302.6596543609142,226.88130012062533,0.6174237596004784,1.4207343907934484,0.8386984905996467,0.9999962258023779,0.6471922890127254,0.04999981129011889,0.19170341233192856,10.2302,10.2302,568.851,0,1,0,0,0,0,0,0,0,0,0,0,0.0,0.0,0.0,0.0,0.0,0.0,0.0,0,0,0.0,0.0,0.0,0.0,0.7,123.29825000000001,10.2302,201.763933,0.3092022150763601,0.6471922890127254,0.34588925411873755,0.0,0.0,0.0,0.0,0.0,0.0,0.0,0.0,0,0.0,0.0,0,0,0,0,0,0,0,0,0,0,0,0,1,0,1,0,0
1,804.873,80,AugShort,0.0,-380.7039677495776,2.4473570141973484,1.82993325459687,1.0698589716639437,0.9999962258023779,0.9217655179249866,0.09999962258023778,0.29868930949832295,9.39578,9.39578,403.34,0,1,0,0,0,0,0,0,0,0,0,0,0.0,0.0,0.0,0.0,0.0,0.0,0.0,0,0,0.0,0.0,0.0,0.0,0.6,109.09982799999997,9.39578,241.714133,0.5539379164960949,0.9217655179249866,0.5288825795784245,0.0,0.0,0.0,0.0,0.0,0.0,0.0,0.0,0,0.0,0.0,0,0,0,0,0,0,0,0,0,0,0,0,1,0,1,0,0
1,805.908,80,AugShort,0.2747294296512809,0.2654390624650057,2.666746234013379,0.21938921981603077,1.0438838354345565,0.9989581857935482,1.1101963416889324,0.14994753186991522,0.4030776930417786,9.39578,56.8774,568.581,0,1,0,0,0,0,0,0,0,0,0,0,0.0,0.0,0.0,0.0,0.0,0.0,0.0,0,0,0.0,0.0,0.0,0.0,0.5,99.647968,9.39578,298.188061,0.8206125398974329,1.1101963416889324,0.5508215015600276,0.0,0.0,0.0,0.0,0.0,0.0,0.0,0.0,0,0.0,0.0,0,0,0,0,0,0,0,0,0,0,0,0,1,0,1,0,0
1,806.892,80,AugShort,2.91021352640384,2.678337496699755,2.4675187175462616,0.19922751646711756,0.8314103317861699,0.9857540132088454,1.1795881300546411,0.19923523253035746,0.4862187262203956,9.39578,9.87765,400.617,0,1,0,0,0,0,0,0,0,0,0,0,0.0,0.0,0.0,0.0,0.0,0.0,0.0,0,0,0.0,0.0,0.0,0.0,0.4,85.496933,9.39578,337.865878,1.067364411652059,1.1795881300546411,0.5707442532067394,0.0,0.0,0.0,0.0,0.0,0.0,0.0,0.0,0,0.0,0.0,0,0,0,0,0,0,0,0,0,0,0,0,1,0,1,0,0
1,807.885,80,AugShort,5.204356932066073,2.3103156149670023,0.7182636079473769,1.7492551095988849,1.0226404565215337,0.9626964097879557,1.1281187748700143,0.24737005301975526,0.5884827718725489,9.39578,41.2944,884.135,0,1,0,0,0,0,0,0,0,0,0,0,0.0,0.0,0.0,0.0,0.0,0.0,0.0,0,0,0.0,0.0,0.0,0.0,0.3,74.488573,9.39578,425.895572,1.1391907724467967,1.1281187748700143,0.7456697641666279,0.0,0.0,0.0,0.0,0.0,0.0,0.0,0.0,0,0.0,0.0,0,0,0,0,0,0,0,0,0,0,0,0,1,0,1,0,0
1,808.924,80,AugShort,6.344538768629929,1.0973838657977437,0.08879993342416527,0.6294636745232116,1.1873836347388649,0.9375833437468738,1.1184634543170335,0.2942492202070989,0.7072211353464354,9.39578,46.8761,879.337,0,1,0,0,0,0,0,0,0,0,0,0,0.0,0.0,0.0,0.0,0.0,0.0,0.0,0,0,0.0,0.0,0.0,0.0,0.2,64.037583,9.39578,513.445084,1.1480707657892133,1.1184634543170335,0.8086161316189491,0.0,0.0,0.0,0.0,0.0,0.0,0.0,0.0,0,0.0,0.0,0,0,0,0,0,0,0,0,0,0,0,0,1,0,1,0,0
1,809.905,80,AugShort,6.288381043190036,-0.05724538780824958,0.25666024765970696,0.1678603142355417,1.235600434381384,0.9120806290785338,1.0918182219523302,0.33985325166102565,0.8307811787845738,9.87765,34.1015,386.506,0,1,0,0,0,0,0,0,0,0,0,0,0.0,0.0,0.0,0.0,0.0,0.0,0.0,0,0,0.0,0.0,0.0,0.0,0.1,52.309433,9.39578,551.711896,1.1737367905551839,1.0918182219523302,0.8254021630425032,0.0,0.0,0.0,0.0,0.0,0.0,0.0,0.0,0,0.0,0.0,0,0,0,0,0,0,0,0,0,0,0,0,1,0,1,0,0
1,810.928,81,AugShort,1.8033969578808053,-4.384148665991428,0.04641683383229483,0.21024341382741213,1.014955219961245,0.9044300315824481,1.086358854520761,0.38507475324014806,0.9322767007806985,9.87765,32.4847,385.669,0,1,0,0,0,0,0,0,0,0,0,0,0.0,0.0,0.0,0.0,0.0,0.0,0.0,0,0,0.0,0.0,0.0,0.0,0.0,40.419803,9.39578,589.895,1.1783784739384133,1.086358854520761,0.8464265044252445,0.0,0.0,0.0,0.0,0.0,0.0,0.0,0.0,0,0.0,0.0,0,0,0,0,0,0,0,0,0,0,0,0,1,0,1,0,0
1,812.031,81,AugShort,4.905170477295936,2.812124677620246,0.0857625783341305,0.039345744501835665,0.27979249917797216,0.8805898119626591,1.1181641560242463,0.429104243838281,0.9407377497689696,32.4847,38.3812,379.406,0,1,0,0,0,0,0,0,0,0,0,0,0.0,0.0,0.0,0.0,0.0,0.0,0.0,0,0,0.0,0.0,0.0,0.0,0.0,30.236823000000005,9.39578,556.7398999999999,1.143310707694907,1.1181641560242463,0.8067170547985084,0.0,0.0,0.0,0.0,0.0,0.0,0.0,0.0,0,0.0,0.0,0,0,0,0,0,0,0,0,0,0,0,0,1,0,1,0,0
1,812.889,81,AugShort,7.693227698921621,3.2494839412886773,0.27240927943666315,0.18664670110253267,0.10602099609253586,0.8530089266917141,1.1004317416796678,0.47175469017286675,0.8630244870357853,32.4847,46.4369,874.547,0,1,0,0,0,0,0,0,0,0,0,0,0.0,0.0,0.0,0.0,0.0,0.0,0.0,0,0,0.0,0.0,0.0,0.0,0.0,32.595583,9.39578,573.0989000000001,0.9667358205991805,1.1004317416796678,0.6652099339462886,0.0,0.0,0.0,0.0,0.0,0.0,0.0,0.0,0,0.0,0.0,0,0,0,0,0,0,0,0,0,0,0,0,1,0,1,0,0
1,813.883,81,AugShort,6.71639420637933,-0.982729871772929,0.11386059981790313,0.15854867961876,0.10295183003908677,0.8280336301628113,1.129334602692117,0.5131563716810073,0.7894498209797293,32.4847,40.3341,871.331,0,1,0,0,0,0,0,0,0,0,0,0,0.0,0.0,0.0,0.0,0.0,0.0,0.0,0,0,0.0,0.0,0.0,0.0,0.0,35.605973,9.39578,603.3469,0.9163795046209231,1.129334602692117,0.5389913628288198,0.0,0.0,0.0,0.0,0.0,0.0,0.0,0.0,0,0.0,0.0,0,0,0,0,0,0,0,0,0,0,0,0,1,0,1,0,0
1,814.887,81,AugShort,3.188808493970199,-3.5135315860648717,1.3828038453294837,1.2689432455115806,0.5669820479250043,0.8183667016814459,1.013185405287139,0.5540747067650795,0.7391621286058353,32.4847,37.0816,550.346,0,1,0,0,0,0,0,0,0,0,0,0,0.0,0.0,0.0,0.0,0.0,0.0,0.0,0,0,0.0,0.0,0.0,0.0,0.0,38.374555,9.87765,618.0474999999999,0.8099241877341365,1.013185405287139,0.48289236192029084,0.0,0.0,0.0,0.0,0.0,0.0,0.0,0.0,0,0.0,0.0,0,0,0,0,0,0,0,0,0,0,0,0,1,0,1,0,0
1,815.887,81,AugShort,3.4132096416127418,0.22440114764254293,0.5623760914546936,0.8204277538747902,0.5372049102885477,0.8153871433907448,0.7752817816134462,0.5948440639346168,0.6884942360912344,4.94696,4.94696,547.034,0,1,1,0,0,0,1,0,1,0,0,0,0.0,0.0,0.0,0.0,0.0,0.0,0.0,0,0,0.1,0.1,0.0,0.0,0.0,33.181511,4.94696,615.8928,0.599487173478268,0.7752817816134462,0.5429962153261667,0.0,0.0,0.1,0.0,0.0,0.0,0.0,0.0,0,0.0,0.0,0,0,0,0,0,0,0,0,0,0,0,0,1,0,1,0,0
1,816.89,81,AugShort,1.741201316737035,-1.6670073029668064,0.26445786430186075,0.29791822715283284,0.5093562161279644,0.8127289064560901,0.4145830092702047,0.6354805092574213,0.6562888245254139,4.94696,8.28216,863.853,0,1,0,0,0,0,0,0,0,0,0,0,0.0,0.0,0.0,0.0,0.0,0.0,0.0,0,0,0.1,0.1,0.0,0.0,0.0,33.021962,4.94696,662.2164,0.3791810881538279,0.4145830092702047,0.5528652863947382,0.0,0.0,0.1,0.0,0.0,0.0,0.0,0.0,0,0.0,0.0,0,0,0,0,0,0,0,0,0,0,0,0,1,0,1,0,0
1,817.894,81,AugShort,2.9412018551748798,1.1952196597986502,0.7641181080557448,0.499660243753884,0.4971209316802269,0.806626197889056,0.4189803674428957,0.675811819151874,0.6037368720412832,4.94696,50.3712,369.192,0,1,0,0,0,0,0,0,0,0,0,0,0.0,0.0,0.0,0.0,0.0,0.0,0.0,0,0,0.1,0.1,0.0,0.0,0.0,33.929642,4.94696,610.7221,0.3837665381646647,0.4189803674428957,0.4279057998102382,0.0,0.0,0.1,0.0,0.0,0.0,0.0,0.0,0,0.0,0.0,0,0,0,0,0,0,0,0,0,0,0,0,1,0,1,0,0
1,818.915,81,AugShort,1.3140460406070777,-1.5936883590282098,0.2941926103896223,0.46992549766612246,0.4563111807456656,0.802289699220604,0.4077990395843224,0.7159263041129043,0.5306296266419632,4.94696,35.1493,860.221,0,1,0,0,0,0,0,0,0,0,0,0,0.0,0.0,0.0,0.0,0.0,0.0,0.0,0,0,0.1,0.1,0.0,0.0,0.0,32.756962,4.94696,608.8105,0.4043058058612104,0.4077990395843224,0.41195198212452927,0.0,0.0,0.1,0.0,0.0,0.0,0.0,0.0,0,0.0,0.0,0,0,0,0,0,0,0,0,0,0,0,0,1,0,1,0,0
1,819.9,81,AugShort,0.0,-1.3340568940173378,1.5128082430302188e-08,0.29419259526153985,0.2940563319143477,0.802289699220604,0.4258034267698404,0.7560407890739345,0.43647521639525966,4.94696,35.1494,860.225,0,1,0,0,0,0,0,0,0,0,0,0,0.0,0.0,0.0,0.0,0.0,0.0,0.0,0,0,0.1,0.1,0.0,0.0,0.0,32.861752,4.94696,656.1824,0.3786397826080479,0.4258034267698404,0.42458521022712903,0.0,0.0,0.1,0.0,0.0,0.0,0.0,0.0,0,0.0,0.0,0,0,0,0,0,0,0,0,0,0,0,0,1,0,1,0,0
1,820.894,82,AugShort,2.399771279823277,2.4142568207477635,2.6387029272623903,2.638702912134308,1.0682304932112492,0.8011764014715381,0.8135857282803333,0.7960996091475114,0.44180274372026007,8.28216,113.247,543.331,0,1,0,0,0,0,0,0,0,0,0,0,0.0,0.0,0.0,0.0,0.0,0.0,0.0,0,0,0.1,0.1,0.0,0.0,0.0,40.937982,4.94696,671.9485999999999,0.6378683919510575,0.8135857282803333,0.6674311600578187,0.0,0.0,0.1,0.0,0.0,0.0,0.0,0.0,0,0.0,0.0,0,0,0,0,0,0,0,0,0,0,0,0,1,0,1,0,0
1,821.892,82,AugShort,4.64178493414232,2.246506667654352,0.010548906679435477,2.6281540205829548,1.1049984337583578,0.8014162195871084,0.8195824704543451,0.8361704201268669,0.5243233371782987,35.1493,114.295,545.211,0,1,0,0,0,0,0,0,0,0,0,0,0.0,0.0,0.0,0.0,0.0,0.0,0.0,0,0,0.1,0.1,0.0,0.0,0.0,48.529362,4.94696,688.5291,0.630347024785588,0.8195824704543451,0.9263119876659305,0.0,0.0,0.1,0.0,0.0,0.0,0.0,0.0,0,0.0,0.0,0,0,0,0,0,0,0,0,0,0,0,0,1,0,1,0,0
1,822.889,82,AugShort,5.194273660372056,0.5541511797690425,0.8929076283308411,0.8823587216514057,1.1071560723556317,0.8007768270229839,0.8129340313385394,0.876209261478016,0.6244368448046083,35.1493,90.5217,366.299,0,1,0,0,0,0,0,0,0,0,0,0,0.0,0.0,0.0,0.0,0.0,0.0,0.0,0,0,0.1,0.1,0.0,0.0,0.0,52.937842,4.94696,637.7043,0.6923968596750057,0.8129340313385394,0.9958831897208178,0.0,0.0,0.1,0.0,0.0,0.0,0.0,0.0,0,0.0,0.0,0,0,0,0,0,0,0,0,0,0,0,0,1,0,1,0,0
1,823.897,82,AugShort,0.9939288328925047,-4.16700875742019,0.7707872604753424,0.12212036785549873,1.0763316796725029,0.5229856146139084,0.7871214251234192,0.8523587309185926,0.7217748297679498,35.1494,46.0358,363.207,0,1,0,0,0,0,0,0,0,0,0,0,0.0,0.0,0.0,0.0,0.0,0.0,0.0,0,0,0.1,0.1,0.0,0.0,0.0,53.508011999999994,4.94696,586.8919,0.7580895257407497,0.7871214251234192,0.9922403585444917,0.0,0.0,0.1,0.0,0.0,0.0,0.0,0.0,0,0.0,0.0,0,0,0,0,0,0,0,0,0,0,0,0,1,0,1,0,0
1,824.895,82,AugShort,2.707265748885178,1.716770456906486,0.21269727710354436,0.558089983371798,1.037209099028074,0.5228212078493475,0.7707363742024526,0.828499980020941,0.7687975348782567,33.7457,33.7457,358.829,0,1,0,0,0,0,0,0,0,0,0,0,0.0,0.0,0.0,0.0,0.0,0.0,0.0,0,0,0.1,0.1,0.0,0.0,0.0,53.17442200000001,4.94696,567.7402,0.6410788689181557,0.7707363742024526,0.9211550323305137,0.0,0.0,0.1,0.0,0.0,0.0,0.0,0.0,0,0.0,0.0,0,0,0,0,0,0,0,0,0,0,0,0,1,0,1,0,0
1,825.901,82,AugShort,1.3336389529313568,-1.3654341908089673,0.16015446236983494,0.05254281473370942,0.39505628419537847,0.5147536408074055,0.7856509657893546,0.8042897527716338,0.7545826722689399,33.7457,43.0459,357.964,0,1,0,0,0,0,0,0,0,0,0,0,0.0,0.0,0.0,0.0,0.0,0.0,0.0,0,0,0.0,0.0,0.0,0.0,0.0,56.984316,8.28216,548.8332,0.6008567060096699,0.7856509657893546,0.8443665384164054,0.0,0.0,0.0,0.0,0.0,0.0,0.0,0.0,0,0.0,0.0,0,0,0,0,0,0,0,0,0,0,0,0,1,0,1,0,0
1,826.901,82,AugShort,1.5811388312226096,0.24749987829125275,0.09810892818668851,0.06204553418314643,0.3743531454342989,0.5059229842122889,0.7952673143150348,0.780298201321806,0.7410823651995733,33.7457,37.1905,356.122,0,1,0,0,0,0,0,0,0,0,0,0,0.0,0.0,0.0,0.0,0.0,0.0,0.0,0,0,0.0,0.0,0.0,0.0,0.0,59.875150000000005,33.7457,498.06010000000003,0.5842218123981526,0.7952673143150348,0.8207792691194369,0.0,0.0,0.0,0.0,0.0,0.0,0.0,0.0,0,0.0,0.0,0,0,0,0,0,0,0,0,0,0,0,0,1,0,1,0,0
1,827.9,82,AugShort,1.404971857188648,-0.17634331735131284,2.6783781602759382,2.5802692320892495,1.092572629832878,0.4368508991346578,1.03702244100724,0.7540059257891412,0.8006275350148384,33.7457,65.2151,550.739,0,1,0,0,0,0,0,0,0,0,0,0,0.0,0.0,0.0,0.0,0.0,0.0,0.0,0,0,0.0,0.0,0.0,0.0,0.0,61.359539999999996,33.7457,516.2148,0.775647817620172,1.03702244100724,1.0288401679529735,0.0,0.0,0.0,0.0,0.0,0.0,0.0,0.0,0,0.0,0.0,0,0,0,0,0,0,0,0,0,0,0,0,1,0,1,0,0
1,828.906,82,AugShort,1.813945088994851,0.4065340276403608,2.8863543824592384,0.20797622218330014,1.4404294177324946,0.3986527480403011,1.2124398133699459,0.7270593960038125,0.8990393587135215,3.29723,3.29723,352.476,0,1,1,0,0,0,1,0,1,0,0,0,0.0,0.0,0.0,0.0,0.0,0.0,0.0,0,0,0.1,0.1,0.0,0.0,0.0,58.17433299999999,3.29723,465.44030000000004,1.0348639948271336,1.2124398133699459,1.002645240404691,0.0,0.0,0.1,0.0,0.0,0.0,0.0,0.0,0,0.0,0.0,0,0,0,0,0,0,0,0,0,0,0,0,1,0,1,0,0
1,829.905,82,AugShort,0.3609160441455474,-1.4544835283776811,2.6636418217982523,0.2227125606609861,1.4344345298584344,0.33439699507044524,1.2517795197740176,0.6981752143034081,1.01307717850793,3.29723,106.191,549.753,0,1,0,0,0,0,0,0,0,0,0,0,0.0,0.0,0.0,0.0,0.0,0.0,0.0,0,0,0.1,0.1,0.0,0.0,0.0,65.278493,3.29723,434.39310000000006,1.3012281754941506,1.2517795197740176,0.9954972369446358,0.0,0.0,0.1,0.0,0.0,0.0,0.0,0.0,0,0.0,0.0,0,0,0,0,0,0,0,0,0,0,0,0,1,0,1,0,0
1,830.907,83,AugShort,4.503199270928098,4.134015196389772,0.46145469448117354,2.2021871273170786,1.3580071731113061,0.21935511705453797,1.1806263637112893,0.6639214685770126,1.0420548464979356,3.29723,80.1642,549.643,0,1,0,0,0,0,0,0,0,0,0,0,0.0,0.0,0.0,0.0,0.0,0.0,0.0,0,0,0.1,0.1,0.0,0.0,0.0,61.970213,3.29723,435.02430000000004,1.0835033522160287,1.1806263637112893,0.9518456584629128,0.0,0.0,0.1,0.0,0.0,0.0,0.0,0.0,0,0.0,0.0,0,0,0,0,0,0,0,0,0,0,0,0,1,0,1,0,0
1,831.905,83,AugShort,3.3575984645006804,-1.147896599626671,1.625682134440028,1.1642274399588546,1.0214655581878582,0.1993638019379655,1.1267834530973948,0.6298601680757778,1.0337015589408858,3.29723,11.0349,865.464,0,1,0,0,0,0,0,0,0,0,0,0,0.0,0.0,0.0,0.0,0.0,0.0,0.0,0,0,0.1,0.1,0.0,0.0,0.0,51.644203000000005,3.29723,467.0496,1.2450166749920881,1.1267834530973948,0.8054530004005027,0.0,0.0,0.1,0.0,0.0,0.0,0.0,0.0,0,0.0,0.0,0,0,0,0,0,0,0,0,0,0,0,0,1,0,1,0,0
1,832.943,83,AugShort,5.771511420213225,2.3255423465438776,0.7121600645017072,0.9135220699383209,1.1007775802298718,0.2196171688471226,1.1344826020891339,0.5981905801835483,1.0330637097283097,3.29723,49.219,339.046,0,1,0,0,0,0,0,0,0,0,0,0,0.0,0.0,0.0,0.0,0.0,0.0,0.0,0,0,0.1,0.1,0.0,0.0,0.0,47.513932999999994,3.29723,464.32430000000005,1.2269419186091748,1.1344826020891339,0.8085693352291943,0.0,0.0,0.1,0.0,0.0,0.0,0.0,0.0,0,0.0,0.0,0,0,0,0,0,0,0,0,0,0,0,0,1,0,1,0,0
1,833.907,83,AugShort,1.559987766851196,-4.368800470292562,1.4227956483479356,0.7106355838462284,0.8659709090712211,0.20899117306514753,1.1240416702198741,0.5672384573286652,1.0120276326681814,11.0349,23.0199,542.657,0,1,0,0,0,0,0,0,0,0,0,0,0.0,0.0,0.0,0.0,0.0,0.0,0.0,0,0,0.1,0.1,0.0,0.0,0.0,45.212343,3.29723,482.26930000000004,1.2921427573964341,1.1240416702198741,0.8674208568282673,0.0,0.0,0.1,0.0,0.0,0.0,0.0,0.0,0,0.0,0.0,0,0,0,0,0,0,0,0,0,0,0,0,1,0,1,0,0
1,834.921,83,AugShort,4.921986902994122,3.315581002113339,0.03995566237566491,1.3828399859722706,0.6625495694261824,0.2703296831864348,1.1436303354271082,0.5398366064039146,0.9745616797079923,11.0349,25.6068,538.292,0,1,0,0,0,0,0,0,0,0,0,0,0.0,0.0,0.0,0.0,0.0,0.0,0.0,0,0,0.1,0.1,0.0,0.0,0.0,44.398453,3.29723,500.2156,1.274868595923646,1.1436303354271082,0.9498958570883145,0.0,0.0,0.1,0.0,0.0,0.0,0.0,0.0,0,0.0,0.0,0,0,0,0,0,0,0,0,0,0,0,0,1,0,1,0,0
1,835.912,83,AugShort,6.062053802783414,1.1504206859629587,0.6881647346630141,0.6482090722873491,0.6363448079561372,0.3023628769106486,1.0977131498149981,0.5141853930799098,0.9986905320840682,11.0349,11.6255,851.285,0,1,0,0,0,0,0,0,0,0,0,0,0.0,0.0,0.0,0.0,0.0,0.0,0.0,0,0,0.1,0.1,0.0,0.0,0.0,41.256412999999995,3.29723,549.5477000000001,1.327669623152964,1.0977131498149981,1.0094624828436785,0.0,0.0,0.1,0.0,0.0,0.0,0.0,0.0,0,0.0,0.0,0,0,0,0,0,0,0,0,0,0,0,0,1,0,1,0,0
1,836.91,83,AugShort,2.133187002304448,-3.9367402810410477,0.6637816176592776,0.02438311700373652,0.48978248266156804,0.264141366420076,1.040389705594431,0.4867560160781091,1.0102334658067953,11.6255,49.6261,851.413,0,1,0,0,0,0,0,0,0,0,0,0,0.0,0.0,0.0,0.0,0.0,0.0,0.0,0,0,0.1,0.1,0.0,0.0,0.0,42.499973,3.29723,599.0768,1.384236892100223,1.040389705594431,1.0056962411257373,0.0,0.0,0.1,0.0,0.0,0.0,0.0,0.0,0,0.0,0.0,0,0,0,0,0,0,0,0,0,0,0,0,1,0,1,0,0
1,838.109,83,AugShort,0.2783144785514018,-1.547016283363675,0.0011128214366324743,0.6626687962226451,0.5818857601275984,0.243362174335899,1.0145142383843029,0.4585928149004513,0.9591647788362673,11.6255,49.7107,851.279,0,1,0,0,0,0,0,0,0,0,0,0,0.0,0.0,0.0,0.0,0.0,0.0,0.0,0,0,0.1,0.1,0.0,0.0,0.0,40.949533,3.29723,629.1308000000001,1.1165103582162925,1.0145142383843029,0.813936197539077,0.0,0.0,0.1,0.0,0.0,0.0,0.0,0.0,0,0.0,0.0,0,0,0,0,0,0,0,0,0,0,0,0,1,0,1,0,0
1,839.101,83,AugShort,2.1463822353847624,1.8831328193884684,1.6629966807482324,1.6618838593115999,0.6733296208431575,0.26226173572487693,0.8353170577619544,0.43159141672566487,0.8824547991473335,11.6255,43.1161,531.3,0,1,0,0,0,0,0,0,0,0,0,0,0.0,0.0,0.0,0.0,0.0,0.0,0.0,0,0,0.0,0.0,0.0,0.0,0.0,44.931419999999996,11.0349,647.0132,0.9941745880451919,0.8353170577619544,0.959326961251907,0.0,0.0,0.0,0.0,0.0,0.0,0.0,0.0,0,0.0,0.0,0,0,0,0,0,0,0,0,0,0,0,0,1,0,1,0,0
1,840.106,84,AugShort,0.7243890448020766,-1.4149185975947123,1.8511464590052642,0.18814977825703183,0.7695043010086053,0.24907227656238956,0.6799555830655815,0.40393054559275415,0.8159617762623507,11.6255,42.6061,323.386,0,1,0,0,0,0,0,0,0,0,0,0,0.0,0.0,0.0,0.0,0.0,0.0,0.0,0,0,0.0,0.0,0.0,0.0,0.0,38.57293,11.0349,624.3765000000001,0.912925051765893,0.6799555830655815,0.9558706830115116,0.0,0.0,0.0,0.0,0.0,0.0,0.0,0.0,0,0.0,0.0,0,0,0,0,0,0,0,0,0,0,0,0,1,0,1,0,0
1,841.104,84,AugShort,3.485476657220646,2.766620854126823,0.18475540465462104,1.666391054350643,0.845355718936499,0.25825154433499137,0.7055183796524529,0.3767843027359269,0.7646966308448699,42.6061,51.4489,848.246,0,1,0,0,0,0,0,0,0,0,0,0,0.0,0.0,0.0,0.0,0.0,0.0,0.0,0,0,0.0,0.0,0.0,0.0,0.0,35.7014,11.0349,654.2368,0.8852551227832379,0.7055183796524529,0.9022910757148679,0.0,0.0,0.0,0.0,0.0,0.0,0.0,0.0,0,0.0,0.0,0,0,0,0,0,0,0,0,0,0,0,0,1,0,1,0,0
1,842.099,84,AugShort,2.8319605480740138,-0.6568001096951079,0.5193837690585094,0.3346283644038883,0.8566705039658441,0.3294970525184115,0.6619034619781199,0.35318834438249197,0.7482171254226685,21.9857,21.9857,846.44,0,1,0,0,0,0,0,0,0,0,0,0,0.0,0.0,0.0,0.0,0.0,0.0,0.0,0,0,0.0,0.0,0.0,0.0,0.0,36.79648,11.6255,652.3344,0.774625286245086,0.6619034619781199,0.8193311681593715,0.0,0.0,0.0,0.0,0.0,0.0,0.0,0.0,0,0.0,0.0,0,0,0,0,0,0,0,0,0,0,0,0,1,0,1,0,0
1,843.623,84,AugShort,2.9878587476903573,0.10229540657240391,0.8110214566092109,0.2916376875507015,0.7237354061945915,0.48017613850077884,0.6616050480638703,0.33715830995638174,0.7105129080191405,21.9857,46.9557,523.47,0,1,0,0,0,0,0,0,0,0,0,0,0.0,0.0,0.0,0.0,0.0,0.0,0.0,0,0,0.0,0.0,0.0,0.0,0.0,36.57015,11.6255,670.7768,0.7845114254558363,0.6616050480638703,0.7571427299206095,0.0,0.0,0.0,0.0,0.0,0.0,0.0,0.0,0,0.0,0.0,0,0,0,0,0,0,0,0,0,0,0,0,0,0,0,0,0
1,844.558,84,AugShort,4.357975865621679,1.4653659015308251,1.633646407820659,0.8226249512114481,0.7171622316350537,0.505988575678517,0.687076643098059,0.3363084580096122,0.6956320402755237,21.9857,117.583,314.299,0,1,0,0,0,0,0,0,0,0,0,0,0.0,0.0,0.0,0.0,0.0,0.0,0.0,0,0,0.0,0.0,0.0,0.0,0.0,46.02646,11.6255,647.941,0.8055965014031086,0.687076643098059,0.7683416666571314,0.0,0.0,0.0,0.0,0.0,0.0,0.0,0.0,0,0.0,0.0,0,0,0,0,0,0,0,0,0,0,0,0,0,0,0,0,0
1,845.569,84,AugShort,2.831927786086856,-1.5094441934073424,0.17849287436134986,1.455153533459309,0.6016903715001324,0.4863914584906254,0.6711352430496557,0.33448697054167603,0.6895461204829187,21.9857,107.516,316.094,0,1,0,0,0,0,0,0,0,0,0,0,0.0,0.0,0.0,0.0,0.0,0.0,0.0,0,0,0.0,0.0,0.0,0.0,0.0,54.217380000000006,11.6255,625.7212000000001,0.8194502226016771,0.6711352430496557,0.7755730214058353,0.0,0.0,0.0,0.0,0.0,0.0,0.0,0.0,0,0.0,0.0,0,0,0,0,0,0,0,0,0,0,0,0,0,0,0,0,0
1,846.571,84,AugShort,1.7083077630164298,-1.1213772685333594,1.4803924188480497,1.3018995444866999,0.621576250906248,0.5033901352948298,0.7000514955063942,0.3339187952660473,0.6880692647779297,21.9857,60.5414,523.238,0,1,0,0,0,0,0,0,0,0,0,0,0.0,0.0,0.0,0.0,0.0,0.0,0.0,0,0,0.0,0.0,0.0,0.0,0.0,59.10897,21.9857,592.9165,0.8986729910201806,0.7000514955063942,0.8409420686257704,0.0,0.0,0.0,0.0,0.0,0.0,0.0,0.0,0,0.0,0.0,0,0,0,0,0,0,0,0,0,0,0,0,0,0,0,0,0
1,847.572,84,AugShort,0.42384023601863946,-1.2831843426551353,2.9607504215957547,1.480358002747705,1.0410504137537375,0.5091672089347048,0.9475132172065936,0.3340810065021681,0.7431960578871468,2.32111,2.32111,309.276,0,1,1,0,0,0,1,0,1,0,0,0,0.0,0.0,0.0,0.0,0.0,0.0,0.0,0,0,0.1,0.1,0.0,0.0,0.0,54.378471000000005,2.32111,538.7028,1.1283698714138282,0.9475132172065936,0.9865395572001672,0.0,0.0,0.1,0.0,0.0,0.0,0.0,0.0,0,0.0,0.0,0,0,0,0,0,0,0,0,0,0,0,0,0,0,0,0,0
1,848.577,84,AugShort,2.7860696517583383,2.3504770305867653,0.4819547376051962,2.4787956839905587,1.0974814715022005,0.44613643585015633,0.8946790141156015,0.334545283337943,0.794755629024607,2.32111,30.3461,303.711,0,1,0,0,0,0,0,0,0,0,0,0,0.0,0.0,0.0,0.0,0.0,0.0,0.0,0,0,0.1,0.1,0.0,0.0,0.0,52.442011,2.32111,483.946,1.1764540630306848,0.8946790141156015,1.1681522459769584,0.0,0.0,0.1,0.0,0.0,0.0,0.0,0.0,0,0.0,0.0,0,0,0,0,0,0,0,0,0,0,0,0,0,0,0,0,0
1,849.577,84,AugShort,1.8601076050865446,-0.9259620466717937,0.5801639304090753,0.09820919280387913,1.1293658022171387,0.42087850331819504,0.8947774628100758,0.33565657110183766,0.8403592471620052,2.32111,2.71123,298.43,0,1,1,0,0,0,1,0,0,0,0,0,0.0,0.0,0.0,0.0,0.0,0.0,0.0,0,0,0.2,0.2,0.0,0.0,0.0,48.401524,2.32111,460.659,1.068170787996769,0.8947774628100758,1.0117847793261865,0.0,0.0,0.1,0.0,0.0,0.0,0.0,0.0,0,0.0,0.0,0,0,0,0,0,0,0,0,0,0,0,0,0,0,0,0,0
1,850.571,85,AugShort,1.0259597211058997,-0.8391829818718761,2.169399273463267,1.5892353430541917,1.0557963630390812,0.40677752444445603,0.9306607665760994,0.33927559757053827,0.8689884533650527,2.32111,19.6718,526.896,0,1,0,0,0,0,0,0,0,0,0,0,0.0,0.0,0.0,0.0,0.0,0.0,0.0,0,0,0.2,0.2,0.0,0.0,0.0,46.108094,2.32111,481.01000000000005,1.0999960694425694,0.9306607665760994,1.1518933358059023,0.0,0.0,0.1,0.0,0.0,0.0,0.0,0.0,0,0.0,0.0,0,0,0,0,0,0,0,0,0,0,0,0,0,0,0,0,0
1,851.578,85,AugShort,0.9930486856515305,-0.03268225963691087,0.11869371568222457,2.0507055577810425,1.23386046092889,0.43540375548503873,0.9380841932325712,0.35007802949206324,0.9078389275642917,2.32111,26.5977,526.177,0,1,0,0,0,0,0,0,0,0,0,0,0.0,0.0,0.0,0.0,0.0,0.0,0.0,0,0,0.2,0.2,0.0,0.0,0.0,43.622974000000006,2.32111,448.8031,1.0933899005453296,0.9380841932325712,1.1903247861489423,0.0,0.0,0.1,0.0,0.0,0.0,0.0,0.0,0,0.0,0.0,0,0,0,0,0,0,0,0,0,0,0,0,0,0,0,0,0
1,852.584,85,AugShort,2.106324075991438,1.1066355768786356,0.2552456343728024,0.1365519186905778,0.8298400205380713,0.42342068456891147,0.9595162820023854,0.36128087362361055,0.9051558792215145,2.71123,41.4256,524.406,0,1,0,0,0,0,0,0,0,0,0,0,0.0,0.0,0.0,0.0,0.0,0.0,0.0,0,0,0.2,0.2,0.0,0.0,0.0,45.566964,2.32111,416.59970000000004,1.066976087076759,0.9595162820023854,1.1705171415776114,0.0,0.0,0.1,0.0,0.0,0.0,0.0,0.0,0,0.0,0.0,0,0,0,0,0,0,0,0,0,0,0,0,0,0,0,0,0
1,853.581,85,AugShort,0.8086517459430017,-1.3015770612321325,0.4420621145625445,0.18681648018974212,0.832900137764767,0.44825036244147387,0.9773794361242207,0.37271253330332815,0.9160723523785321,2.71123,66.7335,523.782,0,1,0,0,0,0,0,0,0,0,0,0,0.0,0.0,0.0,0.0,0.0,0.0,0.0,0,0,0.2,0.2,0.0,0.0,0.0,47.544743999999994,2.32111,416.6309,1.0300801528720922,0.9773794361242207,1.1600350208415153,0.0,0.0,0.1,0.0,0.0,0.0,0.0,0.0,0,0.0,0.0,0,0,0,0,0,0,0,0,0,0,0,0,0,0,0,0,0
1,854.584,85,AugShort,0.0,-0.806233046802594,0.0,0.4420621145625445,0.8942073500392064,0.43313706741629293,1.001517065815451,0.3839198280208854,0.9337768642189473,19.6718,66.734,523.775,0,1,0,0,0,0,0,0,0,0,0,0,0.0,0.0,0.0,0.0,0.0,0.0,0.0,0,0,0.2,0.2,0.0,0.0,0.0,42.459844,2.32111,437.57849999999996,0.8667155120900265,1.001517065815451,1.121978737176625,0.0,0.0,0.1,0.0,0.0,0.0,0.0,0.0,0,0.0,0.0,0,0,0,0,0,0,0,0,0,0,0,0,0,0,0,0,0
1,855.587,85,AugShort,0.6305638752702497,0.6286778417450147,1.223199381690687,1.223199381690687,0.48456324514761356,0.3567988926563857,0.9759108041911945,0.38824328849438294,0.9220641515836954,2.01023,2.01023,842.677,0,1,1,0,0,0,1,0,1,0,0,0,0.0,0.0,0.0,0.0,0.0,0.0,0.0,0,0,0.3,0.3,0.0,0.0,0.0,31.909267,2.01023,490.2368,0.9711861628229602,0.9759108041911945,1.0987833219997627,0.0,0.0,0.2,0.0,0.0,0.0,0.0,0.0,0,0.0,0.0,0,0,0,0,0,0,0,0,0,0,0,0,0,0,0,0,0
1,856.632,85,AugShort,0.9473201174685056,0.3031160212423502,1.216950477309518,0.006248904381168874,0.5632553573361921,0.2229225274837653,0.9641222836847648,0.3842712710230388,0.9162320622266897,2.01023,30.3106,281.842,0,1,0,0,0,0,0,0,0,0,0,0,0.0,0.0,0.0,0.0,0.0,0.0,0.0,0,0,0.3,0.3,0.0,0.0,0.0,28.886186999999996,2.01023,466.0972,0.944841968669107,0.9641222836847648,0.9692182579892098,0.0,0.0,0.2,0.0,0.0,0.0,0.0,0.0,0,0.0,0.0,0,0,0,0,0,0,0,0,0,0,0,0,0,0,0,0,0
1,857.585,85,AugShort,0.0,-0.9940399973436576,0.0,1.216950477309518,0.614649276541946,0.24459842392480563,0.6926616257722568,0.3832941238982753,0.8735919485055106,2.01023,30.9781,280.919,0,1,0,0,0,0,0,0,0,0,0,0,0.0,0.0,0.0,0.0,0.0,0.0,0.0,0,0,0.2,0.2,0.0,0.0,0.0,31.751886000000002,2.01023,463.26149999999996,0.6487669265095315,0.6926616257722568,0.942877505445391,0.0,0.0,0.1,0.0,0.0,0.0,0.0,0.0,0,0.0,0.0,0,0,0,0,0,0,0,0,0,0,0,0,0,0,0,0,0
1,858.589,85,AugShort,0.0,0.0,0.0,0.0,0.6682662128068038,0.2440757472351712,0.7217159592105432,0.3833298025432389,0.8306704226359709,2.01023,31.355,277.335,0,1,0,0,0,0,0,0,0,0,0,0,0.0,0.0,0.0,0.0,0.0,0.0,0.0,0,0,0.2,0.2,0.0,0.0,0.0,31.852776000000006,2.01023,460.62389999999994,0.6005714527490118,0.7217159592105432,0.6949979370463352,0.0,0.0,0.1,0.0,0.0,0.0,0.0,0.0,0,0.0,0.0,0,0,0,0,0,0,0,0,0,0,0,0,0,0,0,0,0
1,859.59,85,AugShort,0.0,0.0,0.0,0.0,0.6682662128068038,0.21960204856527576,0.7464341837687725,0.38119681818525886,0.7845604636949375,2.01023,31.5287,273.491,0,1,0,0,0,0,0,0,0,0,0,0,0.0,0.0,0.0,0.0,0.0,0.0,0.0,0,0,0.1,0.1,0.0,0.0,0.0,34.734523,2.01023,458.13,0.5425550597081044,0.7464341837687725,0.6851770177659473,0.0,0.0,0.1,0.0,0.0,0.0,0.0,0.0,0,0.0,0.0,0,0,0,0,0,0,0,0,0,0,0,0,0,0,0,0,0
1,860.584,86,AugShort,0.0,0.0,0.0,0.0,0.5442367985029779,0.23255397616806547,0.4934673795931643,0.38037090316554256,0.7334045072413272,30.3106,31.5195,272.757,0,1,0,0,0,0,0,0,0,0,0,0,0.0,0.0,0.0,0.0,0.0,0.0,0.0,0,0,0.1,0.1,0.0,0.0,0.0,35.919292999999996,2.01023,432.7161,0.32561513236177764,0.4934673795931643,0.5262534834605281,0.0,0.0,0.1,0.0,0.0,0.0,0.0,0.0,0,0.0,0.0,0,0,0,0,0,0,0,0,0,0,0,0,0,0,0,0,0
1,861.587,86,AugShort,0.0,0.0,0.0,0.0,0.0,0.2655997657569742,0.5003765709089013,0.38073831423664173,0.6100184611484382,30.9781,31.519,272.756,0,1,0,0,0,0,0,0,0,0,0,0,0.0,0.0,0.0,0.0,0.0,0.0,0.0,0,0,0.1,0.1,0.0,0.0,0.0,36.411423,2.01023,407.37399999999997,0.3137457607935552,0.5003765709089013,0.32118292768242385,0.0,0.0,0.1,0.0,0.0,0.0,0.0,0.0,0,0.0,0.0,0,0,0,0,0,0,0,0,0,0,0,0,0,0,0,0,0
1,862.591,86,AugShort,0.0,0.0,0.0,0.0,0.0,0.3283426199432579,0.5101077793160754,0.3806805926078841,0.5270344590946311,31.355,31.8138,271.799,0,1,0,0,0,0,0,0,0,0,0,0,0.0,0.0,0.0,0.0,0.0,0.0,0.0,0,0,0.1,0.1,0.0,0.0,0.0,35.450243,2.01023,382.1133,0.28822119735627494,0.5101077793160754,0.30752773581336607,0.0,0.0,0.1,0.0,0.0,0.0,0.0,0.0,0,0.0,0.0,0,0,0,0,0,0,0,0,0,0,0,0,0,0,0,0,0
1,863.592,86,AugShort,0.0,0.0,0.0,0.0,0.0,0.3254383401800021,0.5144308676321034,0.37294370269184524,0.4437444453181544,31.519,32.4254,268.009,0,1,0,0,0,0,0,0,0,0,0,0,0.0,0.0,0.0,0.0,0.0,0.0,0.0,0,0,0.1,0.1,0.0,0.0,0.0,32.01943300000001,2.01023,356.53599999999994,0.24401498590002052,0.5144308676321034,0.28884608779439186,0.0,0.0,0.1,0.0,0.0,0.0,0.0,0.0,0,0.0,0.0,0,0,0,0,0,0,0,0,0,0,0,0,0,0,0,0,0
1,864.589,86,AugShort,0.0,0.0,0.0,0.0,0.0,0.30770486280638726,0.5144308676321034,0.36302951704823877,0.3543237103142337,31.519,32.9841,261.957,0,1,0,0,0,0,0,0,0,0,0,0,0.0,0.0,0.0,0.0,0.0,0.0,0.0,0,0,0.1,0.1,0.0,0.0,0.0,28.644443000000003,2.01023,330.35420000000005,0.24401498590002052,0.5144308676321034,0.24463987633813739,0.0,0.0,0.1,0.0,0.0,0.0,0.0,0.0,0,0.0,0.0,0,0,0,0,0,0,0,0,0,0,0,0,0,0,0,0,0
1,865.598,86,AugShort,0.0,0.0,0.0,0.0,0.0,0.16066840184688494,0.38483353079271304,0.34674336421605173,0.30586738579947237,31.519,33.6995,257.195,0,1,0,0,0,0,0,0,0,0,0,0,0.0,0.0,0.0,0.0,0.0,0.0,0.0,0,0,0.0,0.0,0.0,0.0,0.0,31.813370000000003,30.3106,271.806,0.12169504773095181,0.38483353079271304,0.12231993816906869,0.0,0.0,0.0,0.0,0.0,0.0,0.0,0.0,0,0.0,0.0,0,0,0,0,0,0,0,0,0,0,0,0,0,0,0,0,0
1,866.599,86,AugShort,0.0,0.0,0.0,0.0,0.0,0.10440925758235813,0.0,0.32679432033042816,0.24954185006585314,31.8138,34.3544,254.503,0,1,0,0,0,0,0,0,0,0,0,0,0.0,0.0,0.0,0.0,0.0,0.0,0.0,0,0,0.0,0.0,0.0,0.0,0.0,32.21775,30.9781,269.0721,0.0,0.0,0.12169504773095181,0.0,0.0,0.0,0.0,0.0,0.0,0.0,0.0,0,0.0,0.0,0,0,0,0,0,0,0,0,0,0,0,0,0,0,0,0,0
1,867.591,86,AugShort,0.0,0.0,0.0,0.0,0.0,0.13389704172360156,0.0,0.308030811969873,0.18807692241165855,32.4254,34.7799,253.587,0,1,0,0,0,0,0,0,0,0,0,0,0.0,0.0,0.0,0.0,0.0,0.0,0.0,0,0,0.0,0.0,0.0,0.0,0.0,32.597930000000005,31.355,266.3389,0.0,0.0,0.0,0.0,0.0,0.0,0.0,0.0,0.0,0.0,0.0,0,0.0,0.0,0,0,0,0,0,0,0,0,0,0,0,0,0,0,0,0,0
1,868.594,86,AugShort,0.0,0.0,0.0,0.0,0.0,0.15471252276338895,0.0,0.29345961631553463,0.12125030113097816,32.9841,34.7808,253.599,0,1,0,0,0,0,0,0,0,0,0,0,0.0,0.0,0.0,0.0,0.0,0.0,0.0,0,0,0.0,0.0,0.0,0.0,0.0,32.94051,31.519,263.96529999999996,0.0,0.0,0.0,0.0,0.0,0.0,0.0,0.0,0.0,0.0,0.0,0,0.0,0.0,0,0,0,0,0,0,0,0,0,0,0,0,0,0,0,0,0
1,869.595,86,AugShort,0.0,0.0,0.0,0.0,0.0,0.42307307513361864,0.0,0.2935693449063058,0.05442367985029779,33.6995,34.7923,253.099,0,1,0,0,0,0,0,0,0,0,0,0,0.0,0.0,0.0,0.0,0.0,0.0,0.0,0,0,0.0,0.0,0.0,0.0,0.0,33.26687,31.519,261.9261,0.0,0.0,0.0,0.0,0.0,0.0,0.0,0.0,0.0,0.0,0.0,0,0.0,0.0,0,0,0,0,0,0,0,0,0,0,0,0,0,0,0,0,0
1,870.599,87,AugShort,0.0,0.0,0.0,0.0,0.0,0.4741857093857565,0.0,0.2969397541533708,0.0,34.2673,34.2673,250.487,0,1,0,0,0,0,0,0,0,0,0,0,0.0,0.0,0.0,0.0,0.0,0.0,0.0,0,0,0.0,0.0,0.0,0.0,0.0,33.54165,31.519,259.6991,0.0,0.0,0.0,0.0,0.0,0.0,0.0,0.0,0.0,0.0,0.0,0,0.0,0.0,0,0,0,0,0,0,0,0,0,0,0,0,0,0,0,0,0
1,871.89,87,AugShort,0.0,0.0,0.0,0.0,0.0,0.39824959426490514,0.0,0.2950820460923641,0.0,33.5455,33.5455,244.611,0,1,0,0,0,0,0,0,0,0,0,0,0.0,0.0,0.0,0.0,0.0,0.0,0.0,0,0,0.0,0.0,0.0,0.0,0.0,33.744299999999996,31.8138,256.8846,0.0,0.0,0.0,0.0,0.0,0.0,0.0,0.0,0.0,0.0,0.0,0,0.0,0.0,0,0,0,0,0,0,0,0,0,0,0,0,0,0,0,0,0
1,872.846,87,AugShort,0.0,0.0,0.0,0.0,0.0,0.37961900805363014,0.0,0.2928919622666001,0.0,33.3351,33.3351,241.26,0,1,0,0,0,0,0,0,0,0,0,0,0.0,0.0,0.0,0.0,0.0,0.0,0.0,0,0,0.0,0.0,0.0,0.0,0.0,33.896429999999995,32.4254,253.83070000000004,0.0,0.0,0.0,0.0,0.0,0.0,0.0,0.0,0.0,0.0,0.0,0,0.0,0.0,0,0,0,0,0,0,0,0,0,0,0,0,0,0,0,0,0
1,873.859,87,AugShort,0.0,0.0,0.0,0.0,0.0,0.9745647620125808,0.0,0.3192076822451554,0.0,32.6153,32.6153,239.28,0,1,0,0,0,0,0,0,0,0,0,0,0.0,0.0,0.0,0.0,0.0,0.0,0.0,0,0,0.0,0.0,0.0,0.0,0.0,33.91542,32.6153,250.9578,0.0,0.0,0.0,0.0,0.0,0.0,0.0,0.0,0.0,0.0,0.0,0,0.0,0.0,0,0,0,0,0,0,0,0,0,0,0,0,0,0,0,0,0
1,874.856,87,AugShort,0.0,0.0,0.0,0.0,0.0,0.9745647620125808,0.0,0.34627906697496985,0.0,32.4589,32.4589,239.48,0,1,0,0,0,0,0,0,0,0,0,0,0.0,0.0,0.0,0.0,0.0,0.0,0.0,0,0,0.0,0.0,0.0,0.0,0.0,33.862899999999996,32.4589,248.7101,0.0,0.0,0.0,0.0,0.0,0.0,0.0,0.0,0.0,0.0,0.0,0,0.0,0.0,0,0,0,0,0,0,0,0,0,0,0,0,0,0,0,0,0
1,875.848,87,AugShort,0.0,0.0,0.0,0.0,0.0,0.9999999706122462,0.0,0.3784391208727628,0.0,31.9599,31.9599,241.846,0,1,0,0,0,0,0,0,0,0,0,0,0.0,0.0,0.0,0.0,0.0,0.0,0.0,0,0,0.0,0.0,0.0,0.0,0.0,33.688939999999995,31.9599,247.1752,0.0,0.0,0.0,0.0,0.0,0.0,0.0,0.0,0.0,0.0,0.0,0,0.0,0.0,0,0,0,0,0,0,0,0,0,0,0,0,0,0,0,0,0
1,876.843,87,AugShort,0.0,0.0,0.0,0.0,0.0,0.0,0.0,0.36729299449857455,0.0,31.7615,31.7615,245.33,0,1,0,0,0,0,0,0,0,0,0,0,0.0,0.0,0.0,0.0,0.0,0.0,0.0,0,0,0.0,0.0,0.0,0.0,0.0,33.429649999999995,31.7615,246.25789999999998,0.0,0.0,0.0,0.0,0.0,0.0,0.0,0.0,0.0,0.0,0.0,0,0.0,0.0,0,0,0,0,0,0,0,0,0,0,0,0,0,0,0,0,0
1,877.848,87,AugShort,0.0,0.0,0.0,0.0,0.0,0.0,0.0,0.3550630733023343,0.0,31.7023,31.7023,247.142,0,1,0,0,0,0,0,0,0,0,0,0,0.0,0.0,0.0,0.0,0.0,0.0,0.0,0,0,0.0,0.0,0.0,0.0,0.0,33.12188999999999,31.7023,245.6134,0.0,0.0,0.0,0.0,0.0,0.0,0.0,0.0,0.0,0.0,0.0,0,0.0,0.0,0,0,0,0,0,0,0,0,0,0,0,0,0,0,0,0,0
1,878.846,87,AugShort,0.0,0.0,0.0,0.0,0.0,0.0,0.0,0.34285928594057574,0.0,31.6871,31.6871,247.175,0,1,0,0,0,0,0,0,0,0,0,0,0.0,0.0,0.0,0.0,0.0,0.0,0.0,0,0,0.0,0.0,0.0,0.0,0.0,32.81252,31.6871,244.971,0.0,0.0,0.0,0.0,0.0,0.0,0.0,0.0,0.0,0.0,0.0,0,0.0,0.0,0,0,0,0,0,0,0,0,0,0,0,0,0,0,0,0,0
1,879.851,87,AugShort,0.0,0.0,0.0,0.0,0.0,0.0,0.0,0.33187918351231194,0.0,31.6871,31.6894,247.169,0,1,0,0,0,0,0,0,0,0,0,0,0.0,0.0,0.0,0.0,0.0,0.0,0.0,0,0,0.0,0.0,0.0,0.0,0.0,32.50223,31.6871,244.37800000000001,0.0,0.0,0.0,0.0,0.0,0.0,0.0,0.0,0.0,0.0,0.0,0,0.0,0.0,0,0,0,0,0,0,0,0,0,0,0,0,0,0,0,0,0
1,880.85,88,AugShort,0.0,0.0,0.0,0.0,0.0,0.0,0.0,0.3202514847039087,0.0,31.6657,31.6657,247.114,0,1,0,0,0,0,0,0,0,0,0,0,0.0,0.0,0.0,0.0,0.0,0.0,0.0,0,0,0.0,0.0,0.0,0.0,0.0,32.24207,31.6657,244.04070000000002,0.0,0.0,0.0,0.0,0.0,0.0,0.0,0.0,0.0,0.0,0.0,0,0.0,0.0,0,0,0,0,0,0,0,0,0,0,0,0,0,0,0,0,0
1,881.851,88,AugShort,0.0,0.0,0.0,0.0,0.0,0.0,0.0,0.30697149641606,0.0,31.4586,31.4586,244.588,0,1,0,0,0,0,0,0,0,0,0,0,0.0,0.0,0.0,0.0,0.0,0.0,0.0,0,0,0.0,0.0,0.0,0.0,0.0,32.03338,31.4586,244.0384,0.0,0.0,0.0,0.0,0.0,0.0,0.0,0.0,0.0,0.0,0.0,0,0.0,0.0,0,0,0,0,0,0,0,0,0,0,0,0,0,0,0,0,0
1,882.844,88,AugShort,0.0,0.0,0.0,0.0,0.0,0.0,0.0,0.290554365418897,0.0,31.4582,31.4582,244.6,0,1,0,0,0,0,0,0,0,0,0,0,0.0,0.0,0.0,0.0,0.0,0.0,0.0,0,0,0.0,0.0,0.0,0.0,0.0,31.845689999999998,31.4582,244.37239999999997,0.0,0.0,0.0,0.0,0.0,0.0,0.0,0.0,0.0,0.0,0.0,0,0.0,0.0,0,0,0,0,0,0,0,0,0,0,0,0,0,0,0,0,0
1,883.861,88,AugShort,0.8458530381344288,0.8317139018037649,0.6332194441616518,0.6332194441616518,0.2831843443640171,0.9999999847972977,0.200241570225663,0.32428244764976183,0.028318434436401713,31.4582,38.0314,842.457,0,1,0,0,0,0,0,0,0,0,0,0,0.0,0.0,0.0,0.0,0.0,0.0,0.0,0,0,0.0,0.0,0.0,0.0,0.0,32.387299999999996,31.4582,304.6901,0.06332194441616518,0.200241570225663,0.06332194441616518,0.0,0.0,0.0,0.0,0.0,0.0,0.0,0.0,0,0.0,0.0,0,0,0,0,0,0,0,0,0,0,0,0,0,0,0,0,0
1,884.858,88,AugShort,2.347984057686663,1.5066509724696429,0.19976364116549455,0.4334558029961572,0.2748182184225881,0.9648617505323056,0.2031655851084076,0.35714029203605774,0.05580025627866052,31.4582,49.576,841.162,0,1,0,0,0,0,0,0,0,0,0,0,0.0,0.0,0.0,0.0,0.0,0.0,0.0,0,0,0.0,0.0,0.0,0.0,0.0,34.09901000000001,31.4582,364.8583,0.08329830853271462,0.2031655851084076,0.10666752471578089,0.0,0.0,0.0,0.0,0.0,0.0,0.0,0.0,0,0.0,0.0,0,0,0,0,0,0,0,0,0,0,0,0,0,0,0,0,0
1,885.864,88,AugShort,1.965779445426607,-0.37992506188872344,1.045597559088237,0.8458339179227423,0.45506416713825737,0.977192475100843,0.36228290182767925,0.39796649569875564,0.10130667299248626,2.30868,2.30868,241.985,0,1,1,0,0,0,1,0,0,0,0,0,0.0,0.0,0.0,0.0,0.0,0.0,0.0,0,0,0.1,0.1,0.0,0.0,0.0,31.133888000000002,2.30868,364.8722,0.18785806444153832,0.36228290182767925,0.19125091650805512,0.0,0.0,0.0,0.0,0.0,0.0,0.0,0.0,0,0.0,0.0,0,0,0,0,0,0,0,0,0,0,0,0,0,0,0,0,0
1,886.855,88,AugShort,0.29698189656364904,-1.6839531270060122,0.24128175584450026,0.8043158032437366,0.4164133159685377,0.9745660029690139,0.3563677654812998,0.4414743329680884,0.14294800458934004,2.30868,15.9271,241.857,0,1,0,1,1,0,0,0,0,0,0,0,0.0,0.0,0.0,0.0,0.0,0.0,0.0,0,0,0.1,0.1,0.0,0.0,0.0,29.550448,2.30868,364.5249,0.21198624002598834,0.3563677654812998,0.2716824968324288,0.0,0.0,0.0,0.0,0.0,0.0,0.0,0.0,0,0.0,0.0,0,0,0,0,0,0,0,0,0,0,0,0,0,0,0,0,0
1,887.856,88,AugShort,0.0,-0.29668521135229675,0.0,0.24128175584450026,0.4164133159685377,0.9745660029690139,0.3563677654812998,0.4835077810303591,0.1845893361861938,2.30868,15.9279,241.866,0,1,0,1,1,0,0,0,0,0,0,0,0.0,0.0,0.0,0.0,0.0,0.0,0.0,0,0,0.1,0.1,0.0,0.0,0.0,27.973008000000004,2.30868,363.9973,0.21198624002598834,0.3563677654812998,0.2958106724168788,0.0,0.0,0.0,0.0,0.0,0.0,0.0,0.0,0,0.0,0.0,0,0,0,0,0,0,0,0,0,0,0,0,0,0,0,0,0
1,888.857,88,AugShort,2.836456413300131,2.833622790509622,1.2416016867741089,1.2416016867741089,0.5577426906590457,0.7998110158870866,0.47187500532204935,0.5157627056865439,0.24036360525209838,2.30868,52.6063,840.998,0,1,0,0,0,0,0,0,0,0,0,0,0.0,0.0,0.0,0.0,0.0,0.0,0.0,0,0,0.1,0.1,0.0,0.0,0.0,30.064928,2.30868,423.37960000000004,0.33614640870339924,0.47187500532204935,0.41997084109428967,0.0,0.0,0.0,0.0,0.0,0.0,0.0,0.0,0,0.0,0.0,0,0,0,0,0,0,0,0,0,0,0,0,0,0,0,0,0
1,889.859,88,AugShort,2.1305707821247664,-0.7044766778197253,0.9640520091742919,0.27754967759981697,0.5438071348945994,0.7903101210818793,0.49355013177863566,0.534124557983957,0.2947443187415583,0.657301,0.657301,521.311,0,1,1,0,0,0,1,0,1,0,0,0,0.0,0.0,0.0,0.0,0.0,0.0,0.0,0,0,0.2,0.2,0.0,0.0,0.0,26.961718100000002,0.657301,450.79380000000003,0.43255160962082845,0.49355013177863566,0.4477258088542714,0.0,0.0,0.1,0.0,0.0,0.0,0.0,0.0,0,0.0,0.0,0,0,0,0,0,0,0,0,0,0,0,0,0,0,0,0,0
1,890.86,89,AugShort,1.90072903319032,-0.2296121367976488,0.8295940114251895,0.1344579977491024,0.5172729139008726,0.7070654793735789,0.4823604858372269,0.5457685464833482,0.34647161013164557,0.657301,48.2785,519.499,0,1,0,0,0,0,0,0,0,0,0,0,0.0,0.0,0.0,0.0,0.0,0.0,0.0,0,0,0.2,0.2,0.0,0.0,0.0,28.6229981,0.657301,478.0323,0.5155110107633474,0.4823604858372269,0.46117160862918166,0.0,0.0,0.1,0.0,0.0,0.0,0.0,0.0,0,0.0,0.0,0,0,0,0,0,0,0,0,0,0,0,0,0,0,0,0,0
1,891.862,89,AugShort,4.525264810372442,2.619297182816489,0.4254451463141329,0.40414886511105663,0.48603544515679037,0.4716287802827483,0.4494817565377859,0.5494375057842402,0.3950751546473246,0.657301,73.1444,517.172,0,1,0,0,0,0,0,0,0,0,0,0,0.0,0.0,0.0,0.0,0.0,0.0,0.0,0,0,0.2,0.2,0.0,0.0,0.0,32.791578099999995,0.657301,505.2907,0.5580555253947607,0.4494817565377859,0.5015864951402873,0.0,0.0,0.1,0.0,0.0,0.0,0.0,0.0,0,0.0,0.0,0,0,0,0,0,0,0,0,0,0,0,0,0,0,0,0,0
1,892.861,89,AugShort,6.619485872667858,2.0963173796750914,0.07720640825507617,0.3482387380590567,0.45902489400158397,0.38065603752136146,0.43938068361747884,0.5494893572576268,0.44097764404748296,0.657301,69.4502,516.094,0,1,0,0,0,0,0,0,0,0,0,0,0.0,0.0,0.0,0.0,0.0,0.0,0.0,0,0,0.2,0.2,0.0,0.0,0.0,36.5907781,0.657301,532.4401,0.5657761662202683,0.43938068361747884,0.536410368946193,0.0,0.0,0.1,0.0,0.0,0.0,0.0,0.0,0,0.0,0.0,0,0,0,0,0,0,0,0,0,0,0,0,0,0,0,0,0
1,893.859,89,AugShort,4.314300325248181,-2.3098051577351475,0.40026323677029535,0.32305682851521916,0.35724974401539294,0.4459134017934662,0.44157766912702207,0.5230567892466711,0.4483841840126206,0.657301,47.0004,514.338,0,1,0,0,0,0,0,0,0,0,0,0,0.0,0.0,0.0,0.0,0.0,0.0,0.0,0,0,0.2,0.2,0.0,0.0,0.0,37.4876781,0.657301,499.6282,0.5424805454811327,0.44157766912702207,0.5053941073815497,0.0,0.0,0.1,0.0,0.0,0.0,0.0,0.0,0,0.0,0.0,0,0,0,0,0,0,0,0,0,0,0,0,0,0,0,0,0
1,894.861,89,AugShort,0.997499481312497,-3.310180482969744,0.03253858844921049,0.36772464832108487,0.32147378804201904,0.4566257089547802,0.45882785952142835,0.497159836593781,0.4530497409745637,47.0004,48.9339,513.861,0,1,0,0,0,0,0,0,0,0,0,0,0.0,0.0,0.0,0.0,0.0,0.0,0.0,0,0,0.2,0.2,0.0,0.0,0.0,37.423468099999994,0.657301,466.89810000000006,0.5257580402095041,0.45882785952142835,0.49882099191404244,0.0,0.0,0.1,0.0,0.0,0.0,0.0,0.0,0,0.0,0.0,0,0,0,0,0,0,0,0,0,0,0,0,0,0,0,0,0
1,895.861,89,AugShort,0.0,-0.997499481312497,2.1073424255447017e-08,0.03253856737578623,0.20809805826166217,0.4566257089547802,0.4461648910691476,0.4699911235109077,0.4283531300869042,47.0004,48.9339,513.861,0,1,0,0,0,0,0,0,0,0,0,0,0.0,0.0,0.0,0.0,0.0,0.0,0.0,0,0,0.1,0.1,0.0,0.0,0.0,42.0859901,0.657301,494.0857,0.4211982864080229,0.4461648910691476,0.41749145685934685,0.0,0.0,0.1,0.0,0.0,0.0,0.0,0.0,0,0.0,0.0,0,0,0,0,0,0,0,0,0,0,0,0,0,0,0,0,0
1,896.869,89,AugShort,1.8694758909979383,1.854638780751923,0.42450077178072393,0.4245007507072997,0.20782789099890264,0.37326587431278974,0.4416952214497957,0.4886544172265473,0.40749458758994067,47.0004,73.3208,515.198,0,1,0,0,0,0,0,0,0,0,0,0,0.0,0.0,0.0,0.0,0.0,0.0,0.0,0,0,0.1,0.1,0.0,0.0,0.0,47.8253601,0.657301,521.4198,0.4395201880016454,0.4416952214497957,0.37950995160570317,0.0,0.0,0.1,0.0,0.0,0.0,0.0,0.0,0,0.0,0.0,0,0,0,0,0,0,0,0,0,0,0,0,0,0,0,0,0
1,897.868,89,AugShort,2.8471400152315147,0.978642767000577,0.5267171844888268,0.10221641270810283,0.24279577495775687,0.37221761423862204,0.4139960063087105,0.5072652979384784,0.3901328334888626,47.0004,103.768,516.287,0,1,0,0,0,0,0,0,0,0,0,0,0.0,0.0,0.0,0.0,0.0,0.0,0.0,0,0,0.1,0.1,0.0,0.0,0.0,56.6093701,0.657301,548.8619000000001,0.492191906450528,0.4139960063087105,0.36560341729206347,0.0,0.0,0.1,0.0,0.0,0.0,0.0,0.0,0,0.0,0.0,0,0,0,0,0,0,0,0,0,0,0,0,0,0,0,0,0
1,898.876,89,AugShort,2.6785714366721973,-0.1672307326977355,1.602384203415454,1.0756670189266273,0.6497501398884685,0.394314352469015,0.49446152014312744,0.5269810155619291,0.3993335784118049,11.5151,11.5151,516.773,0,1,0,0,0,0,0,0,0,0,0,0,0.0,0.0,0.0,0.0,0.0,0.0,0.0,0,0,0.1,0.1,0.0,0.0,0.0,52.5002501,0.657301,516.4394,0.5282701581146625,0.49446152014312744,0.34900995050731526,0.0,0.0,0.1,0.0,0.0,0.0,0.0,0.0,0,0.0,0.0,0,0,0,0,0,0,0,0,0,0,0,0,0,0,0,0,0
1,899.865,89,AugShort,3.983371614658666,1.3193126167709492,0.8859066740935782,0.7164775293218759,0.600843872340419,0.39980920317688023,0.48737586916845516,0.5469714757207731,0.4050372521563868,11.5151,37.5528,832.088,0,1,0,0,0,0,0,0,0,0,0,0,0.0,0.0,0.0,0.0,0.0,0.0,0.0,0,0,0.0,0.0,0.0,0.0,0.0,56.189800000000005,11.5151,547.5171,0.5204556246065911,0.48737586916845516,0.39290273567952116,0.0,0.0,0.0,0.0,0.0,0.0,0.0,0.0,0,0.0,0.0,0,0,0,0,0,0,0,0,0,0,0,0,0,0,0,0,0
1,900.87,90,AugShort,1.8020668365650754,-2.170452515516011,1.0939617379597364,0.20805506386615824,0.47338643500675165,0.36538680573077176,0.5125286800641485,0.5652408160073117,0.40064860426697474,11.5151,24.0312,512.346,0,1,0,0,0,0,0,0,0,0,0,0,0.0,0.0,0.0,0.0,0.0,0.0,0.0,0,0,0.0,0.0,0.0,0.0,0.0,53.765069999999994,11.5151,546.8018,0.5468923972600459,0.5125286800641485,0.40026244229122676,0.0,0.0,0.0,0.0,0.0,0.0,0.0,0.0,0,0.0,0.0,0,0,0,0,0,0,0,0,0,0,0,0,0,0,0,0,0
1,901.877,90,AugShort,2.840192411330278,1.0309092102931505,1.958465756633316,0.8645040186735795,0.5699741924734889,0.4050882628209053,0.67552000759566,0.5854952291483569,0.40904247899864454,11.5151,113.834,260.101,0,1,0,0,0,0,0,0,0,0,0,0,0.0,0.0,0.0,0.0,0.0,0.0,0.0,0,0,0.0,0.0,0.0,0.0,0.0,57.834030000000006,11.5151,521.0947,0.7001944582919641,0.67552000759566,0.44629795764747904,0.0,0.0,0.0,0.0,0.0,0.0,0.0,0.0,0,0.0,0.0,0,0,0,0,0,0,0,0,0,0,0,0,0,0,0,0,0
1,902.878,90,AugShort,0.8658972998874829,-1.9723227886541412,0.22962004466767214,1.7288457119656437,0.6667402887720829,0.3954627603393275,0.661475514166036,0.6052683671653234,0.4298140184756945,11.5151,100.841,260.366,0,1,0,0,0,0,0,0,0,0,0,0,0.0,0.0,0.0,0.0,0.0,0.0,0.0,0,0,0.0,0.0,0.0,0.0,0.0,60.97311,11.5151,495.5218999999999,0.7154358219332237,0.661475514166036,0.5843586550381377,0.0,0.0,0.0,0.0,0.0,0.0,0.0,0.0,0,0.0,0.0,0,0,0,0,0,0,0,0,0,0,0,0,0,0,0,0,0
1,903.874,90,AugShort,0.0,-0.8693747990838181,0.06557053524947307,0.16404950941819907,0.7565793976554432,0.39579124706122476,0.6871630822547096,0.5750579302785196,0.46974698383969943,24.0312,104.582,260.367,0,1,0,0,0,0,0,0,0,0,0,0,0.0,0.0,0.0,0.0,0.0,0.0,0.0,0,0,0.0,0.0,0.0,0.0,0.0,66.73127,11.5151,470.12479999999994,0.6819665517811415,0.6871630822547096,0.5684579231284357,0.0,0.0,0.0,0.0,0.0,0.0,0.0,0.0,0,0.0,0.0,0,0,0,0,0,0,0,0,0,0,0,0,0,0,0,0,0
1,904.872,90,AugShort,2.109252533865832,2.113479492851535,3.130325136486928,3.064754601237455,1.2743185507529537,0.4034894116175586,0.9923492241784896,0.5469893133327823,0.565031460110793,24.0312,31.1722,828.913,0,1,0,0,0,0,0,0,0,0,0,0,0.0,0.0,0.0,0.0,0.0,0.0,0.0,0,0,0.0,0.0,0.0,0.0,0.0,64.9551,11.5151,501.63,0.9917452065849133,0.9923492241784896,0.8381609184200727,0.0,0.0,0.0,0.0,0.0,0.0,0.0,0.0,0,0.0,0.0,0,0,0,0,0,0,0,0,0,0,0,0,0,0,0,0,0
1,905.877,90,AugShort,3.543184056353232,1.4267975348133333,0.000334911112367447,3.1299902253745606,1.4047576274284872,0.3992762709236677,0.9923120417779356,0.5180935031239235,0.6846974170274754,31.1722,31.3029,826.119,0,1,0,0,0,0,0,0,0,0,0,0,0.0,0.0,0.0,0.0,0.0,0.0,0.0,0,0,0.0,0.0,0.0,0.0,0.0,63.19199999999999,11.5151,532.8558,0.9917786955888076,0.9923120417779356,1.1479060842199502,0.0,0.0,0.0,0.0,0.0,0.0,0.0,0.0,0,0.0,0.0,0,0,0,0,0,0,0,0,0,0,0,0,0,0,0,0,0
1,906.876,90,AugShort,1.5636141413656763,-1.9815514664540097,0.6744183302088531,0.6740834190964856,1.3179870457707474,0.3939437126965709,0.9795019241311984,0.4890623886103015,0.79571333250466,31.1722,39.3016,257.536,0,1,0,0,0,0,0,0,0,0,0,0,0.0,0.0,0.0,0.0,0.0,0.0,0.0,0,0,0.0,0.0,0.0,0.0,0.0,59.79007999999999,11.5151,507.08959999999996,1.0167704514316205,0.9795019241311984,1.172864351058869,0.0,0.0,0.0,0.0,0.0,0.0,0.0,0.0,0,0.0,0.0,0,0,0,0,0,0,0,0,0,0,0,0,0,0,0,0,0
1,907.877,90,AugShort,3.896129359018867,2.33018503262057,0.25780332363390207,0.41661500657495104,1.3148872699826775,0.3385729732351808,0.9979681360183078,0.45726273712360976,0.902922482007152,31.1722,54.5705,254.264,0,1,0,0,0,0,0,0,0,0,0,0,0.0,0.0,0.0,0.0,0.0,0.0,0.0,0,0,0.0,0.0,0.0,0.0,0.0,54.87033,11.5151,480.88730000000004,0.9898790653461281,0.9979681360183078,1.2043042104455537,0.0,0.0,0.0,0.0,0.0,0.0,0.0,0.0,0,0.0,0.0,0,0,0,0,0,0,0,0,0,0,0,0,0,0,0,0,0
1,908.881,90,AugShort,6.31587324518358,2.4101034722756105,0.4778934470833526,0.2200901234494505,1.2673685895348057,0.4142271827513129,0.9845462794612925,0.43798354546682117,0.9646843269717857,28.243,28.243,819.026,0,1,0,0,0,0,0,0,0,0,0,0,0.0,0.0,0.0,0.0,0.0,0.0,0.0,0,0,0.0,0.0,0.0,0.0,0.0,56.54312,24.0312,511.11260000000004,0.8774299897129177,0.9845462794612925,1.118746520897836,0.0,0.0,0.0,0.0,0.0,0.0,0.0,0.0,0,0.0,0.0,0,0,0,0,0,0,0,0,0,0,0,0,0,0,0,0,0
1,909.877,90,AugShort,5.430141556682363,-0.8892888438767237,0.30483668016100796,0.17305676692234462,0.2520756885408138,0.4646101698443488,1.0010000220773836,0.42169854790494454,0.9298075085918251,28.243,45.6808,813.695,0,1,0,0,0,0,0,0,0,0,0,0,0.0,0.0,0.0,0.0,0.0,0.0,0.0,0,0,0.0,0.0,0.0,0.0,0.0,57.355920000000005,24.0312,509.27329999999995,0.8193229903196608,1.0010000220773836,1.064404444657883,0.0,0.0,0.0,0.0,0.0,0.0,0.0,0.0,0,0.0,0.0,0,0,0,0,0,0,0,0,0,0,0,0,0,0,0,0,0
1,910.878,91,AugShort,4.803551077442321,-0.6259645147253172,0.9475621506891923,0.6427254705281843,0.2840282240259399,0.46896323416108093,0.9976018441142838,0.4097934356443197,0.9108716874937439,6.54173,6.54173,490.949,0,1,0,0,0,0,0,0,0,0,0,0,0.0,0.0,0.0,0.0,0.0,0.0,0.0,0,0,0.0,0.0,0.0,0.0,0.0,55.606972999999996,6.54173,507.1336,0.8046830315926063,0.9976018441142838,1.1078714853240856,0.0,0.0,0.0,0.0,0.0,0.0,0.0,0.0,0,0.0,0.0,0,0,0,0,0,0,0,0,0,0,0,0,0,0,0,0,0
1,911.88,91,AugShort,3.954418227331512,-0.8474379741624839,0.45403779356137497,0.4935243571278173,0.27340050543735095,0.4693206193446926,0.9142265772630079,0.4096780275974169,0.8812143187901302,6.54173,33.0048,488.851,0,1,0,0,0,0,0,0,0,0,0,0,0.0,0.0,0.0,0.0,0.0,0.0,0.0,0,0,0.0,0.0,0.0,0.0,0.0,47.524052999999995,6.54173,530.0086,0.6542402352854124,0.9142265772630079,1.0707735191695091,0.0,0.0,0.0,0.0,0.0,0.0,0.0,0.0,0,0.0,0.0,0,0,0,0,0,0,0,0,0,0,0,0,0,0,0,0,0
1,912.88,91,AugShort,2.830199153486951,-1.1242190738445608,0.7519048720158399,0.2978670784544649,0.25806864571273613,0.5349560541955373,0.9021117226982194,0.4173930284311257,0.8403471544841956,6.54173,8.35663,804.962,0,1,0,0,0,0,0,0,0,0,0,0,0.0,0.0,0.0,0.0,0.0,0.0,0.0,0,0,0.0,0.0,0.0,0.0,0.0,38.275616,6.54173,584.4682,0.7064687180202291,0.9021117226982194,0.9276756558183914,0.0,0.0,0.0,0.0,0.0,0.0,0.0,0.0,0,0.0,0.0,0,0,0,0,0,0,0,0,0,0,0,0,0,0,0,0,0
1,913.884,91,AugShort,2.817163418006557,-0.012983800279277164,0.8120329945555954,0.060128122539755524,0.2658187387704263,0.5845938287118335,0.8736209931818377,0.424327049777044,0.7912710885956938,6.54173,55.1713,802.597,0,1,0,0,0,0,0,0,0,0,0,0,0.0,0.0,0.0,0.0,0.0,0.0,0.0,0,0,0.0,0.0,0.0,0.0,0.0,33.334546,6.54173,638.6912,0.7811149639508413,0.8736209931818377,0.917283517130547,0.0,0.0,0.0,0.0,0.0,0.0,0.0,0.0,0,0.0,0.0,0,0,0,0,0,0,0,0,0,0,0,0,0,0,0,0,0
1,914.885,91,AugShort,3.9773214415250164,1.1589990244939659,0.11500021450575756,0.6970327800498378,0.3331910159530161,0.6088642142039197,0.3135149728342535,0.431938975039501,0.6971583351157001,6.54173,54.442,255.132,0,1,0,0,0,0,0,0,0,0,0,0,0.0,0.0,0.0,0.0,0.0,0.0,0.0,0,0,0.0,0.0,0.0,0.0,0.0,35.661526,6.54173,581.3131,0.4795824717527243,0.3135149728342535,0.6805113350117853,0.0,0.0,0.0,0.0,0.0,0.0,0.0,0.0,0,0.0,0.0,0,0,0,0,0,0,0,0,0,0,0,0,0,0,0,0,0
1,915.885,91,AugShort,4.134140729535365,0.1568192880103485,0.5916887090261758,0.47668849452041817,0.27815013833369023,0.6302687084613984,0.26510886576116344,0.44062112501483186,0.5844975862062204,8.35663,21.4162,253.76,0,1,0,0,0,0,0,0,0,0,0,0,0.0,0.0,0.0,0.0,0.0,0.0,0.0,0,0,0.0,0.0,0.0,0.0,0.0,34.672856,6.54173,524.0772,0.5387178515441051,0.26510886576116344,0.415181161926371,0.0,0.0,0.0,0.0,0.0,0.0,0.0,0.0,0,0.0,0.0,0,0,0,0,0,0,0,0,0,0,0,0,0,0,0,0,0
1,916.89,91,AugShort,3.222730252110626,-0.9068760969400388,0.7079302779570894,0.11624156893091364,0.2805725999823111,0.664836807282433,0.26721824551500867,0.4551996716633141,0.48075614162737673,8.35663,18.795,251.614,0,1,0,0,0,0,0,0,0,0,0,0,0.0,0.0,0.0,0.0,0.0,0.0,0.0,0,0,0.0,0.0,0.0,0.0,0.0,32.622195999999995,6.54173,523.485,0.5420690463189288,0.26721824551500867,0.3593969769098138,0.0,0.0,0.0,0.0,0.0,0.0,0.0,0.0,0,0.0,0.0,0,0,0,0,0,0,0,0,0,0,0,0,0,0,0,0,0
1,917.887,91,AugShort,3.682559629036584,0.4612130159738797,0.4360301468346307,0.2719001311224587,0.272043322631344,0.7037379637021808,0.2516415183206401,0.47177568913649204,0.37647174689224344,18.795,43.5251,248.003,0,1,0,0,0,0,0,0,0,0,0,0,0.0,0.0,0.0,0.0,0.0,0.0,0.0,0,0,0.0,0.0,0.0,0.0,0.0,31.517656,6.54173,522.8589,0.5598917286390016,0.2516415183206401,0.3449254893645646,0.0,0.0,0.0,0.0,0.0,0.0,0.0,0.0,0,0.0,0.0,0,0,0,0,0,0,0,0,0,0,0,0,0,0,0,0,0
1,918.886,91,AugShort,6.089655493027938,2.4095053693607147,0.9156088277293474,0.47957868089471667,0.30104435355207976,0.6803048193873414,0.27295961130748875,0.4860752124824083,0.2798393232939708,18.795,96.4686,242.408,0,1,0,0,0,0,0,0,0,0,0,0,0.0,0.0,0.0,0.0,0.0,0.0,0.0,0,0,0.0,0.0,0.0,0.0,0.0,38.340216,6.54173,465.19710000000003,0.6036632667036012,0.27295961130748875,0.3708743451090912,0.0,0.0,0.0,0.0,0.0,0.0,0.0,0.0,0,0.0,0.0,0,0,0,0,0,0,0,0,0,0,0,0,0,0,0,0,0
1,919.887,91,AugShort,3.784475763660851,-2.3028768525145726,0.16643811187137947,0.7491707158579679,0.2826402456540682,0.577080659390535,0.2925967333813855,0.49493878529309104,0.2828957790052963,18.795,106.864,243.592,0,1,0,0,0,0,0,0,0,0,0,0,0.0,0.0,0.0,0.0,0.0,0.0,0.0,0,0,0.0,0.0,0.0,0.0,0.0,44.458536,6.54173,408.1868,0.5898234098746383,0.2925967333813855,0.4284857400026535,0.0,0.0,0.0,0.0,0.0,0.0,0.0,0.0,0,0.0,0.0,0,0,0,0,0,0,0,0,0,0,0,0,0,0,0,0,0
1,920.894,92,AugShort,2.844250723002018,-0.9336892161458125,0.30857637501932905,0.14213826314794958,0.3032017359359127,0.5075650346872561,0.27503701594383356,0.5020476967409152,0.2848131301962935,18.795,115.48,488.893,0,1,0,0,0,0,0,0,0,0,0,0,0.0,0.0,0.0,0.0,0.0,0.0,0.0,0,0,0.0,0.0,0.0,0.0,0.0,55.352363000000004,8.35663,407.9812,0.525924832307652,0.27503701594383356,0.37842701926463,0.0,0.0,0.0,0.0,0.0,0.0,0.0,0.0,0,0.0,0.0,0,0,0,0,0,0,0,0,0,0,0,0,0,0,0,0,0
1,921.892,92,AugShort,3.836590170613236,0.9943281038188558,0.8881417572923476,0.5795653822730185,0.34137809089333265,0.47255384120118316,0.2958973114906519,0.5054209756599292,0.2916108887418917,43.5251,64.8601,490.99,0,1,0,0,0,0,0,0,0,0,0,0,0.0,0.0,0.0,0.0,0.0,0.0,0.0,0,0,0.0,0.0,0.0,0.0,0.0,58.537893,8.35663,408.1951,0.5693352286807493,0.2958973114906519,0.3870311217791501,0.0,0.0,0.0,0.0,0.0,0.0,0.0,0.0,0,0.0,0.0,0,0,0,0,0,0,0,0,0,0,0,0,0,0,0,0,0
1,922.896,92,AugShort,2.9545390952662207,-0.8785369276364695,1.0267418684582568,0.1386001111659092,0.39337640010652,0.443333524671452,0.3259741967481241,0.5078145138765355,0.3051416641812701,6.12289,6.12289,490.8,0,1,0,0,0,0,0,0,0,0,0,0,0.0,0.0,0.0,0.0,0.0,0.0,0.0,0,0,0.0,0.0,0.0,0.0,0.0,58.314519,6.12289,376.77889999999996,0.596818928324991,0.3259741967481241,0.37110442505029456,0.0,0.0,0.0,0.0,0.0,0.0,0.0,0.0,0,0.0,0.0,0,0,0,0,0,0,0,0,0,0,0,0,0,0,0,0,0
1,923.892,92,AugShort,2.606577306374638,-0.349359225794762,0.9468692405752628,0.07987262788299399,0.39864575585476103,0.4528484323205216,0.33841667905921297,0.5106673731395002,0.3184243658897036,6.12289,45.64,806.671,0,1,0,0,0,0,0,0,0,0,0,0,0.0,0.0,0.0,0.0,0.0,0.0,0.0,0,0,0.0,0.0,0.0,0.0,0.0,57.361388999999996,6.12289,377.1863,0.6103025529269577,0.33841667905921297,0.37307887558461844,0.0,0.0,0.0,0.0,0.0,0.0,0.0,0.0,0,0.0,0.0,0,0,0,0,0,0,0,0,0,0,0,0,0,0,0,0,0
1,924.895,92,AugShort,3.105166801679677,0.4970982007029304,1.520884978429545,0.5740157378542823,0.4319630568429511,0.45977480639052704,0.3967811302965345,0.5134816428781487,0.3283015699786971,6.12289,39.2127,485.783,0,1,0,0,0,0,0,0,0,0,0,0,0.0,0.0,0.0,0.0,0.0,0.0,0.0,0,0,0.0,0.0,0.0,0.0,0.0,55.838459,6.12289,400.2514,0.7508910293193364,0.3967811302965345,0.3607771713650628,0.0,0.0,0.0,0.0,0.0,0.0,0.0,0.0,0,0.0,0.0,0,0,0,0,0,0,0,0,0,0,0,0,0,0,0,0,0
1,925.896,92,AugShort,2.116845164877073,-0.987334302500104,1.4054031346042912,0.11548184382525384,0.2861474344013173,0.4282527647333101,0.44143012392462466,0.5149304675686308,0.32910129958545975,6.12289,119.743,244.515,0,1,0,0,0,0,0,0,0,0,0,0,0.0,0.0,0.0,0.0,0.0,0.0,0.0,0,0,0.0,0.0,0.0,0.0,0.0,65.671139,6.12289,399.3269,0.8322624718771479,0.44143012392462466,0.32465650629554643,0.0,0.0,0.0,0.0,0.0,0.0,0.0,0.0,0,0.0,0.0,0,0,0,0,0,0,0,0,0,0,0,0,0,0,0,0,0
1,926.897,92,AugShort,0.9839018783008294,-1.1318114751011426,0.014953472204389643,1.3904496623999016,0.5933122105211245,0.39885038297087827,0.5118874453044637,0.5151758010823462,0.36037526063934117,6.12289,118.605,242.356,0,1,0,0,0,0,0,0,0,0,0,0,0.0,0.0,0.0,0.0,0.0,0.0,0.0,0,0,0.0,0.0,0.0,0.0,0.0,75.652139,6.12289,398.40110000000004,0.762964791301878,0.5118874453044637,0.45207731564244524,0.0,0.0,0.0,0.0,0.0,0.0,0.0,0.0,0,0.0,0.0,0,0,0,0,0,0,0,0,0,0,0,0,0,0,0,0,0
1,928.089,92,AugShort,0.0,-0.8254210388429778,1.2500974155912463e-08,0.014953459703415488,0.7351110248192221,0.3766530577450906,0.5592132940396473,0.5170798053078417,0.40668203085812893,39.2127,118.46,240.485,0,1,0,0,0,0,0,0,0,0,0,0,0.0,0.0,0.0,0.0,0.0,0.0,0.0,0,0,0.0,0.0,0.0,0.0,0.0,83.145629,6.12289,397.6493,0.7193617778685123,0.5592132940396473,0.4263826485005409,0.0,0.0,0.0,0.0,0.0,0.0,0.0,0.0,0,0.0,0.0,0,0,0,0,0,0,0,0,0,0,0,0,0,0,0,0,0
1,929.101,92,AugShort,0.0,0.0,1.4724467582853415e-08,2.223493426940951e-09,0.7997331195657705,0.3141945748179073,0.5971794878077988,0.5120781749111714,0.45655090745949795,39.2127,119.374,235.411,0,1,0,0,0,0,0,0,0,0,0,0,0.0,0.0,0.0,0.0,0.0,0.0,0.0,0,0,0.0,0.0,0.0,0.0,0.0,85.436169,6.12289,396.94960000000003,0.6278008965680243,0.5971794878077988,0.37842478063341856,0.0,0.0,0.0,0.0,0.0,0.0,0.0,0.0,0,0.0,0.0,0,0,0,0,0,0,0,0,0,0,0,0,0,0,0,0,0
1,930.096,93,AugShort,0.0,0.0,1.4976041400851914e-08,2.5157381799849987e-10,0.6268769765689789,0.26675205203818425,0.6135613914534169,0.5021852690208631,0.4909745805509891,118.46,120.57,232.356,0,1,0,0,0,0,0,0,0,0,0,0,0.0,0.0,0.0,0.0,0.0,0.0,0.0,0,0,0.0,0.0,0.0,0.0,0.0,86.806769,6.12289,395.826,0.6111570868784906,0.6135613914534169,0.3035077090727792,0.0,0.0,0.0,0.0,0.0,0.0,0.0,0.0,0,0.0,0.0,0,0,0,0,0,0,0,0,0,0,0,0,0,0,0,0,0
1,931.098,93,AugShort,1.2141242575453906,1.211700855833723,0.4951088179503534,0.495108802974312,0.21984291628650807,0.20661581096214784,0.6061307988696936,0.4890678978609165,0.4826386985860486,92.4353,92.4353,483.755,0,1,0,0,0,0,0,0,0,0,0,0,0.0,0.0,0.0,0.0,0.0,0.0,0.0,0,0,0.0,0.0,0.0,0.0,0.0,84.502299,6.12289,395.31219999999996,0.629810331171593,0.6061307988696936,0.33880476305541546,0.0,0.0,0.0,0.0,0.0,0.0,0.0,0.0,0,0.0,0.0,0,0,0,0,0,0,0,0,0,0,0,0,0,0,0,0,0
1,932.151,93,AugShort,2.3817542666570315,1.1088604075134292,0.24646941390847127,0.24863940404188212,0.22129858014282766,0.2087705210824031,0.6096986233237506,0.476040392947802,0.47063074751099804,77.8594,77.8594,483.167,0,1,0,0,0,0,0,0,0,0,0,0,0.0,0.0,0.0,0.0,0.0,0.0,0.0,0,0,0.0,0.0,0.0,0.0,0.0,85.802229,6.12289,394.5299,0.5656430968332053,0.6096986233237506,0.30571216523230177,0.0,0.0,0.0,0.0,0.0,0.0,0.0,0.0,0,0.0,0.0,0,0,0,0,0,0,0,0,0,0,0,0,0,0,0,0,0
1,933.11,93,AugShort,0.0,-2.4835810914046212,0.0,0.24646941390847127,0.2212985822373848,0.17880847968123673,0.6098735616596009,0.45823301422208707,0.45342296572408464,77.8594,77.8594,483.167,0,1,0,0,0,0,0,0,0,0,0,0,0.0,0.0,0.0,0.0,0.0,0.0,0.0,0,0,0.0,0.0,0.0,0.0,0.0,92.97587999999999,39.2127,393.76660000000004,0.4629689099873796,0.6098735616596009,0.31649909550655797,0.0,0.0,0.0,0.0,0.0,0.0,0.0,0.0,0,0.0,0.0,0,0,0,0,0,0,0,0,0,0,0,0,0,0,0,0,0
1,934.153,93,AugShort,2.581574698939842,2.4751435272673463,2.1913866009578733,2.1913866009578733,0.9202715073260587,0.18671392061619582,0.812807048948932,0.4383390188173052,0.5055855408712143,35.3684,35.3684,223.187,0,1,0,0,0,0,0,0,0,0,0,0,0.0,0.0,0.0,0.0,0.0,0.0,0.0,0,0,0.0,0.0,0.0,0.0,0.0,91.94872000000001,35.3684,335.41819999999996,0.5874206460256407,0.812807048948932,0.527650492814046,0.0,0.0,0.0,0.0,0.0,0.0,0.0,0.0,0,0.0,0.0,0,0,0,0,0,0,0,0,0,0,0,0,0,0,0,0,0
1,935.151,93,AugShort,4.326058751119938,1.7479800122045057,0.8081063330028295,1.3832802679550438,0.8605184920087868,0.179651679271615,0.7507358510316791,0.4168783920706899,0.5484410843877979,35.3684,82.5699,219.747,0,1,0,0,0,0,0,0,0,0,0,0,0.0,0.0,0.0,0.0,0.0,0.0,0.0,0,0,0.0,0.0,0.0,0.0,0.0,96.28443999999999,35.3684,308.8146,0.5161427814829691,0.7507358510316791,0.6085769458241221,0.0,0.0,0.0,0.0,0.0,0.0,0.0,0.0,0,0.0,0.0,0,0,0,0,0,0,0,0,0,0,0,0,0,0,0,0,0
1,936.154,93,AugShort,2.9067556803812575,-1.4150578970475385,2.63827171896755,1.8301653859647204,1.1780910199056127,0.26510676069064415,0.9794039921902234,0.3986202946821521,0.6376354429382275,35.3684,43.7735,809.649,0,1,0,0,0,0,0,0,0,0,0,0,0.0,0.0,0.0,0.0,0.0,0.0,0.0,0,0,0.0,0.0,0.0,0.0,0.0,88.68749,35.3684,365.328,0.6394296399192949,0.9794039921902234,0.7800453000380687,0.0,0.0,0.0,0.0,0.0,0.0,0.0,0.0,0,0.0,0.0,0,0,0,0,0,0,0,0,0,0,0,0,0,0,0,0,0
1,937.156,93,AugShort,6.430630107699179,3.516840745826269,0.551052878120321,2.087218840847229,1.1246172161409889,0.21799758432828892,0.955812006733493,0.37627833353444495,0.690765943500214,12.3691,12.3691,806.659,0,1,0,0,0,0,0,0,0,0,0,0,0.0,0.0,0.0,0.0,0.0,0.0,0.0,0,0,0.0,0.0,0.0,0.0,0.0,78.0639,12.3691,421.7583000000001,0.6930395805108882,0.955812006733493,0.8497222178828014,0.0,0.0,0.0,0.0,0.0,0.0,0.0,0.0,0,0.0,0.0,0,0,0,0,0,0,0,0,0,0,0,0,0,0,0,0,0
1,938.16,93,AugShort,1.562143134785623,-4.84909061047167,0.6744730689084361,0.12342019078811506,0.9686731087777726,0.16489906240886393,0.9247665658656732,0.3493363884697791,0.714122151896069,12.3691,51.0937,805.388,0,1,0,0,0,0,0,0,0,0,0,0,0.0,0.0,0.0,0.0,0.0,0.0,0.0,0,0,0.0,0.0,0.0,0.0,0.0,71.32727,12.3691,478.2486,0.7604868861516343,0.9247665658656732,0.8605688909912714,0.0,0.0,0.0,0.0,0.0,0.0,0.0,0.0,0,0.0,0.0,0,0,0,0,0,0,0,0,0,0,0,0,0,0,0,0,0
1,939.157,93,AugShort,3.1172996607049823,1.5598360340214237,1.1165435644099002,0.44207049550146416,0.8540391085993497,0.0505394683873491,0.8894759967263953,0.3178481209197795,0.7195527507994268,1.66013,1.66013,211.217,0,1,1,0,0,0,1,0,0,0,0,0,0.0,0.0,0.0,0.0,0.0,0.0,0.0,0,0,0.1,0.1,0.0,0.0,0.0,59.555882999999994,1.66013,475.8292,0.8721412411201775,0.8894759967263953,0.9047759403190685,0.0,0.0,0.0,0.0,0.0,0.0,0.0,0.0,0,0.0,0.0,0,0,0,0,0,0,0,0,0,0,0,0,0,0,0,0,0
1,940.191,94,AugShort,3.223542938681397,0.10274978527699696,0.09152517944108203,1.0250183849688181,0.9784338853623281,0.0970903629928189,0.8799243256988939,0.29384860609989366,0.7547084416787617,1.66013,4.41757,208.687,0,1,1,0,0,0,1,0,0,0,0,0,0.0,1.034,0.0,0.0,0.0,0.0,0.0,0,0,0.2,0.2,0.0,0.0,0.0,47.94064,1.66013,473.4623,0.8812937575666817,0.8799243256988939,1.0072777787907932,1.034,0.0,0.0,0.0,0.0,0.0,0.0,0.0,0,0.0,0.0,0,0,0,0,0,0,0,0,0,0,0,0,0,0,0,0,0
1,941.163,94,AugShort,4.341758816160675,1.1504278574889686,1.7811005215520501,1.689575342110968,0.6389850362094239,0.23262374618294582,0.9106491768308287,0.28010154167467816,0.7966226536710533,1.66013,10.8489,799.117,0,1,0,0,0,0,0,0,0,0,0,0,0.0,0.0,0.0,0.0,0.0,0.0,0.0,0,0,0.2,0.2,0.0,0.0,0.0,39.782,1.66013,504.99850000000004,1.0098929279268514,0.9106491768308287,1.1267244327044585,1.034,0.0,0.0,0.0,0.0,0.0,0.0,0.0,0,0.0,0.0,0,0,0,0,0,0,0,0,0,0,0,0,0,0,0,0,0
1,942.16,94,AugShort,6.151152700816354,1.814838399855245,1.0388829113580489,0.7422176101940012,0.6202435700054819,0.31988878089538364,0.8704258441611679,0.2724682886593882,0.8365171526573189,1.66013,45.9873,476.182,0,1,0,0,0,0,0,0,0,0,0,0,0.0,0.0,0.0,0.0,0.0,0.0,0.0,0,0,0.2,0.2,0.0,0.0,0.0,36.59479,1.66013,504.3,1.0891342776718091,0.8704258441611679,1.1760822533196706,1.034,0.0,0.0,0.0,0.0,0.0,0.0,0.0,0,0.0,0.0,0,0,0,0,0,0,0,0,0,0,0,0,0,0,0,0,0
1,943.162,94,AugShort,6.091098530621534,-0.05993430159163679,1.5722720463297244,0.5333891349716755,0.6530613041675298,0.4155177689396176,0.7901318484623102,0.2710775008727965,0.8796934248503334,1.66013,41.4439,788.153,0,1,0,0,0,0,0,0,0,0,0,0,0.0,0.0,0.0,0.0,0.0,0.0,0.0,0,0,0.2,0.2,0.0,0.0,0.0,32.953239999999994,1.66013,534.7986000000001,1.2463614823047817,0.7901318484623102,1.2047742254259908,1.034,0.0,0.0,0.0,0.0,0.0,0.0,0.0,0,0.0,0.0,0,0,0,0,0,0,0,0,0,0,0,0,0,0,0,0,0
1,944.163,94,AugShort,6.694459373222666,0.6027580845166157,0.12358763455817856,1.4486844117715458,0.7908410717446744,0.4533880102312998,0.7858996559742685,0.2711044797683354,0.8667503812921951,4.41757,48.8493,783.074,0,1,0,0,0,0,0,0,0,0,0,0,0.0,0.0,0.0,0.0,0.0,0.0,0.0,0,0,0.2,0.2,0.0,0.0,0.0,34.30133,1.66013,590.7873000000001,1.039581585664812,0.7858996559742685,1.1305040065073582,1.034,0.0,0.0,0.0,0.0,0.0,0.0,0.0,0,0.0,0.0,0,0,0,0,0,0,0,0,0,0,0,0,0,0,0,0,0
1,945.163,94,AugShort,5.371219601924653,-1.323239771298013,0.1507746247639391,0.02718699020576054,0.7755931321206401,0.46504255279054485,0.8334621865067529,0.27136786708833627,0.8582578453033802,10.8489,57.8068,780.011,0,1,0,0,0,0,0,0,0,0,0,0,0.0,0.0,0.0,0.0,0.0,0.0,0.0,0,0,0.2,0.2,0.0,0.0,0.0,31.825020000000002,1.66013,646.8136999999999,0.9738484148409231,0.8334621865067529,0.9948946787324298,1.034,0.0,0.0,0.0,0.0,0.0,0.0,0.0,0,0.0,0.0,0,0,0,0,0,0,0,0,0,0,0,0,0,0,0,0,0
1,946.167,94,AugShort,0.5363709970967244,-4.815586259788774,0.06477805468086058,0.08599657008307852,0.6805644239170344,0.45232201363494284,0.6364615697064626,0.27257132953341795,0.8085051857045225,41.4439,54.0483,780.287,0,1,0,0,0,0,0,0,0,0,0,0,0.0,0.0,0.0,0.0,0.0,0.0,0.0,0,0,0.2,0.2,0.0,0.0,0.0,32.8525,1.66013,643.8774999999999,0.7164990484122541,0.6364615697064626,0.8204777971442656,1.034,0.0,0.0,0.0,0.0,0.0,0.0,0.0,0,0.0,0.0,0,0,0,0,0,0,0,0,0,0,0,0,0,0,0,0,0
1,947.166,94,AugShort,3.261112613357714,2.727469085346336,0.11973479990299814,0.05495674522213756,0.6525846956387317,0.49875994839700466,0.6629816129504792,0.27756680780472426,0.7613019336542968,41.4439,61.1146,778.67,0,1,0,0,0,0,0,0,0,0,0,0,0.0,0.0,0.0,0.0,0.0,0.0,0.0,0,0,0.2,0.2,0.0,0.0,0.0,37.72705,1.66013,641.0786,0.6733672405905218,0.6629816129504792,0.6172515875817565,1.034,0.0,0.0,0.0,0.0,0.0,0.0,0.0,0,0.0,0.0,0,0,0,0,0,0,0,0,0,0,0,0,0,0,0,0,0
1,948.176,94,AugShort,3.4766435378370812,0.21339695493006638,0.3107328931531634,0.19099809325016526,0.09305259741923042,0.5223165839786503,0.6728193853341634,0.2848499841164022,0.6737398825184424,43.3534,43.3534,776.951,0,1,0,0,0,0,0,0,0,0,0,0,0.0,0.0,0.0,0.0,0.0,0.0,0.0,0,0,0.2,0.2,0.0,0.0,0.0,36.953019999999995,1.66013,638.2349,0.6369932230149945,0.6728193853341634,0.6240093778279615,1.034,0.0,0.0,0.0,0.0,0.0,0.0,0.0,0,0.0,0.0,0,0,0,0,0,0,0,0,0,0,0,0,0,0,0,0,0
1,949.173,94,AugShort,1.705115346302522,-1.7768587678380736,2.4114262112584535,2.1006933181052903,1.0103465973209345,0.48946088041263075,0.8708326233143302,0.2936132993961384,0.689370631390601,43.3534,91.0685,459.892,0,1,0,0,0,0,0,0,0,0,0,0,0.0,0.0,0.0,0.0,0.0,0.0,0.0,0,0,0.1,0.1,0.0,0.0,0.0,45.893857000000004,4.41757,663.1024,0.7664814876998498,0.8708326233143302,0.7898716600883441,1.034,0.0,0.0,0.0,0.0,0.0,0.0,0.0,0,0.0,0.0,0,0,0,0,0,0,0,0,0,0,0,0,0,0,0,0,0
1,950.173,95,AugShort,4.4411255781507135,2.7360102318481916,0.006741026062863215,2.40468518519559,1.0286537705951833,0.39560772256071813,0.8785130009902675,0.3000560829222651,0.6943926199138865,43.3534,91.8533,462.932,0,1,0,0,0,0,0,0,0,0,0,0,0.0,0.0,0.0,0.0,0.0,0.0,0.0,0,0,0.0,0.0,0.0,0.0,0.0,54.637429999999995,10.8489,688.5269,0.7580030723620279,0.8785130009902675,0.9278383401110213,0.0,0.0,0.0,0.0,0.0,0.0,0.0,0.0,0,0.0,0.0,0,0,0,0,0,0,0,0,0,0,0,0,0,0,0,0,0
1,951.174,95,AugShort,5.214938316139937,0.773039698290933,2.1299592385395103,2.123218212476647,1.1731751302615465,0.357436973051869,0.9291232980678198,0.3075971410267512,0.7478116293190987,26.6813,26.6813,778.213,0,1,0,0,0,0,0,0,0,0,0,0,0.0,0.0,0.0,0.0,0.0,0.0,0.0,0,0,0.0,0.0,0.0,0.0,0.0,56.220670000000005,26.6813,686.4365,0.792888944060774,0.9291232980678198,0.9712026271475892,0.0,0.0,0.0,0.0,0.0,0.0,0.0,0.0,0,0.0,0.0,0,0,0,0,0,0,0,0,0,0,0,0,0,0,0,0,0
1,952.179,95,AugShort,2.9060859436012603,-2.297365544814604,0.5635432841861467,1.5664159543533636,1.1051463736728222,0.40399146617138043,0.9272973004473501,0.3173581882812,0.7963019096858327,26.6813,59.2339,775.616,0,1,0,0,0,0,0,0,0,0,0,0,0.0,0.0,0.0,0.0,0.0,0.0,0.0,0,0,0.0,0.0,0.0,0.0,0.0,57.54533,26.6813,716.3799,0.7453549813435838,0.9272973004473501,1.0536224615635255,0.0,0.0,0.0,0.0,0.0,0.0,0.0,0.0,0,0.0,0.0,0,0,0,0,0,0,0,0,0,0,0,0,0,0,0,0,0
1,953.221,95,AugShort,2.3999222043626998,-0.4857617459103268,0.24705594265092104,0.31648734153522573,1.1165994819334195,0.41326239642334955,0.8899321371258387,0.32908088411830566,0.8426557274624218,26.6813,55.6573,258.949,0,1,0,0,0,0,0,0,0,0,0,0,0.0,0.0,0.0,0.0,0.0,0.0,0.0,0,0,0.0,0.0,0.0,0.0,0.0,58.96667,26.6813,663.4595,0.6128333709757035,0.8899321371258387,1.0319322822198804,0.0,0.0,0.0,0.0,0.0,0.0,0.0,0.0,0,0.0,0.0,0,0,0,0,0,0,0,0,0,0,0,0,0,0,0,0,0
1,954.637,95,AugShort,0.6510977724075505,-1.2350455027931846,0.3622056962905695,0.11514975363964844,0.8449877987470584,0.4256796107186636,0.8784817623466524,0.3410291686234291,0.84807040016266,26.6813,44.838,774.751,0,1,0,0,0,0,0,0,0,0,0,0,0.0,0.0,0.0,0.0,0.0,0.0,0.0,0,0,0.0,0.0,0.0,0.0,0.0,58.56554,26.6813,662.6272,0.6366951771489425,0.8784817623466524,0.8985788164066907,0.0,0.0,0.0,0.0,0.0,0.0,0.0,0.0,0,0.0,0.0,0,0,0,0,0,0,0,0,0,0,0,0,0,0,0,0,0
1,955.392,95,AugShort,5.339243543249257,6.209464597141333,1.3701925407499405,1.007986844459371,0.7994779118914747,0.5322553683077037,0.8881174506147399,0.3586593530752335,0.8504588781397435,26.6813,29.618,265.985,0,1,0,0,0,0,0,0,0,0,0,0,0.0,0.0,0.0,0.0,0.0,0.0,0.0,0,0,0.0,0.0,0.0,0.0,0.0,55.74666,26.6813,611.2246,0.7586369687475427,0.8881174506147399,0.9966588018320518,0.0,0.0,0.0,0.0,0.0,0.0,0.0,0.0,0,0.0,0.0,0,0,0,0,0,0,0,0,0,0,0,0,0,0,0,0,0
1,956.396,95,AugShort,2.5197431562207577,-2.808267317757469,2.747332564041903,1.3771400232919626,1.041340013358546,0.5360768665204328,1.0462968329261642,0.37220785836672293,0.8865364370838946,29.618,94.5153,455.194,0,1,0,0,0,0,0,0,0,0,0,0,0.0,0.0,0.0,0.0,0.0,0.0,0.0,0,0,0.0,0.0,0.0,0.0,0.0,59.79336000000001,26.6813,578.7153000000001,1.0268924196836469,1.0462968329261642,1.12577314715294,0.0,0.0,0.0,0.0,0.0,0.0,0.0,0.0,0,0.0,0.0,0,0,0,0,0,0,0,0,0,0,0,0,0,0,0,0,0
1,957.393,95,AugShort,3.3642394547040717,0.8470374107154603,0.005490059512133813,2.741842504529769,1.1334278554061925,0.4657134100891997,1.0578624260213003,0.3845936496547685,0.9346207530606409,29.618,94.5411,457.093,0,1,0,0,0,0,0,0,0,0,0,0,0.0,0.0,0.0,0.0,0.0,0.0,0.0,0,0,0.0,0.0,0.0,0.0,0.0,63.13601,26.6813,546.5576,1.0154679456445606,1.0578624260213003,1.3944617230837033,0.0,0.0,0.0,0.0,0.0,0.0,0.0,0.0,0,0.0,0.0,0,0,0,0,0,0,0,0,0,0,0,0,0,0,0,0,0
1,958.394,95,AugShort,2.783220452266399,-0.580438563873799,2.011477064947492,2.005987005435358,1.1359038382508386,0.441274593897398,1.0686328654055741,0.39841242622919515,1.0389058771438016,17.4387,17.4387,774.245,0,1,0,0,0,0,0,0,0,0,0,0,0.0,0.0,0.0,0.0,0.0,0.0,0.0,0,0,0.0,0.0,0.0,0.0,0.0,60.544540000000005,17.4387,546.287,1.1855423628239934,1.0686328654055741,1.5759606143022225,0.0,0.0,0.0,0.0,0.0,0.0,0.0,0.0,0,0.0,0.0,0,0,0,0,0,0,0,0,0,0,0,0,0,0,0,0,0
1,959.4,95,AugShort,2.769063275798623,-0.014072740027610262,0.27094752371019104,1.740529541237301,1.1552937737406273,0.44575981493998784,1.0084814446549843,0.41817344355682706,1.053400594785771,17.4387,33.0908,771.469,0,1,0,0,0,0,0,0,0,0,0,0,0.0,0.0,0.0,0.0,0.0,0.0,0.0,0,0,0.0,0.0,0.0,0.0,0.0,54.74676999999999,17.4387,577.4447,0.9714944940691671,1.0084814446549843,1.539944236615424,0.0,0.0,0.0,0.0,0.0,0.0,0.0,0.0,0,0.0,0.0,0,0,0,0,0,0,0,0,0,0,0,0,0,0,0,0,0
1,960.567,96,AugShort,0.8822305178171714,-1.616823271620781,0.1403784577668031,0.13056906594338794,1.2579352922417975,0.43063633677783225,0.9950729807614983,0.4348507422460777,1.0763287469504323,17.4387,42.5269,772.266,0,1,0,0,0,0,0,0,0,0,0,0,0.0,0.0,0.0,0.0,0.0,0.0,0.0,0,0,0.0,0.0,0.0,0.0,0.0,49.81413,17.4387,608.3781000000001,0.9848582372395611,0.9950729807614983,1.3125326246902034,0.0,0.0,0.0,0.0,0.0,0.0,0.0,0.0,0,0.0,0.0,0,0,0,0,0,0,0,0,0,0,0,0,0,0,0,0,0
1,961.566,96,AugShort,1.9869302546099523,1.105805542335116,0.20231785410424358,0.06193939633744047,0.8360769260428159,0.4106304974176164,0.9333967330094739,0.44375107980781137,1.0426189265285593,17.4387,53.9797,771.321,0,1,0,0,0,0,0,0,0,0,0,0,0.0,0.0,0.0,0.0,0.0,0.0,0.0,0,0,0.0,0.0,0.0,0.0,0.0,52.54397,17.4387,607.6889,0.7920940987960345,0.9333967330094739,1.1064047430762827,0.0,0.0,0.0,0.0,0.0,0.0,0.0,0.0,0,0.0,0.0,0,0,0,0,0,0,0,0,0,0,0,0,0,0,0,0,0
1,962.566,96,AugShort,3.4002917244844637,1.4133614698745114,0.977232263719606,0.7749144096153624,0.7968193650648401,0.37181435863660106,0.9313068451738195,0.44634735869487213,1.011786225667761,17.4387,23.1548,270.684,0,1,0,0,0,0,0,0,0,0,0,0,0.0,0.0,0.0,0.0,0.0,0.0,0.0,0,0,0.0,0.0,0.0,0.0,0.0,48.93606,17.4387,557.1957,0.8334629967493804,0.9313068451738195,1.0272545886024826,0.0,0.0,0.0,0.0,0.0,0.0,0.0,0.0,0,0.0,0.0,0,0,0,0,0,0,0,0,0,0,0,0,0,0,0,0,0
1,963.577,96,AugShort,0.1398826471195094,-3.2249347946240894,8.456660005495345e-07,0.9772314180536055,0.3817250949796424,0.31664415450106964,0.9516461913095638,0.4414036779729448,0.9382987869723834,23.1548,23.2892,270.885,0,1,0,0,0,0,0,0,0,0,0,0,0.0,0.0,0.0,0.0,0.0,0.0,0.0,0,0,0.0,0.0,0.0,0.0,0.0,45.69925,17.4387,558.3893,0.8087574870508882,0.9516461913095638,1.0933289962543207,0.0,0.0,0.0,0.0,0.0,0.0,0.0,0.0,0,0.0,0.0,0,0,0,0,0,0,0,0,0,0,0,0,0,0,0,0,0
1,964.58,96,AugShort,0.0,-0.1394642543564401,0.0,8.456660005495345e-07,0.40840506465083376,0.24019231754478826,0.9770838207699184,0.4307438933386193,0.8946405135627608,23.1548,24.0412,271.804,0,1,0,0,0,0,0,0,0,0,0,0,0.0,0.0,0.0,0.0,0.0,0.0,0.0,0,0,0.0,0.0,0.0,0.0,0.0,43.619569999999996,17.4387,508.0946,0.7725369174218314,0.9770838207699184,1.081814105456956,0.0,0.0,0.0,0.0,0.0,0.0,0.0,0.0,0,0.0,0.0,0,0,0,0,0,0,0,0,0,0,0,0,0,0,0,0,0
1,965.57,96,AugShort,1.628738939332565,1.6451908478106718,0.7993769006247209,0.7993769006247209,0.4614346493066973,0.22605950555218227,0.9547064834803384,0.4187947409767011,0.8608361873042831,20.4903,20.4903,274.249,0,1,0,0,0,0,0,0,0,0,0,0,0.0,0.0,0.0,0.0,0.0,0.0,0.0,0,0,0.0,0.0,0.0,0.0,0.0,42.7068,17.4387,508.921,0.7154553534093093,0.9547064834803384,1.0609531110734909,0.0,0.0,0.0,0.0,0.0,0.0,0.0,0.0,0,0.0,0.0,0,0,0,0,0,0,0,0,0,0,0,0,0,0,0,0,0
1,966.572,96,AugShort,1.4393418268426177,-0.18901907434126486,1.6491658737501838,0.8497889731254629,0.7011680120518246,0.24509013114457495,0.7322623660907227,0.4084331468521826,0.826818987173611,20.4903,106.403,450.514,0,1,0,0,0,0,0,0,0,0,0,0,0.0,0.0,0.0,0.0,0.0,0.0,0.0,0,0,0.0,0.0,0.0,0.0,0.0,43.89557,17.4387,508.453,0.6056386843801375,0.7322623660907227,1.008218006056841,0.0,0.0,0.0,0.0,0.0,0.0,0.0,0.0,0,0.0,0.0,0,0,0,0,0,0,0,0,0,0,0,0,0,0,0,0,0
1,967.567,96,AugShort,0.0,-1.4465747003443394,0.0,1.6491658737501838,0.7347922047331991,0.23892008441231874,0.7327642022693139,0.3954411536529484,0.7869554221063118,20.4903,106.403,450.514,0,1,0,0,0,0,0,0,0,0,0,0,0.0,0.0,0.0,0.0,0.0,0.0,0.0,0,0,0.0,0.0,0.0,0.0,0.0,45.081759999999996,17.4387,507.7951,0.6050896784289241,0.7327642022693139,0.8989503429788824,0.0,0.0,0.0,0.0,0.0,0.0,0.0,0.0,0,0.0,0.0,0,0,0,0,0,0,0,0,0,0,0,0,0,0,0,0,0
1,968.57,96,AugShort,0.0,0.0,0.0,0.0,0.7347923456334245,0.25194439215914827,0.5593740971288228,0.3819225440619733,0.7468442728445702,20.4903,106.403,450.514,0,1,0,0,0,0,0,0,0,0,0,0,0.0,0.0,0.0,0.0,0.0,0.0,0.0,0,0,0.0,0.0,0.0,0.0,0.0,53.97819,20.4903,475.422,0.4039419719341749,0.5593740971288228,0.6983516424353465,0.0,0.0,0.0,0.0,0.0,0.0,0.0,0.0,0,0.0,0.0,0,0,0,0,0,0,0,0,0,0,0,0,0,0,0,0,0
1,969.585,96,AugShort,0.0,0.0,0.0,0.0,0.7347923456334245,0.24797076896566933,0.5729295828574951,0.36984803848962516,0.7047941300338499,20.4903,106.403,450.514,0,1,0,0,0,0,0,0,0,0,0,0,0.0,0.0,0.0,0.0,0.0,0.0,0.0,0,0,0.0,0.0,0.0,0.0,0.0,61.30941,20.4903,443.3265,0.3768472195631558,0.5729295828574951,0.5242986883116164,0.0,0.0,0.0,0.0,0.0,0.0,0.0,0.0,0,0.0,0.0,0,0,0,0,0,0,0,0,0,0,0,0,0,0,0,0,0
1,970.577,97,AugShort,0.0,0.0,0.0,0.0,0.7375293999756493,0.338936230992781,0.5810297853013363,0.3670144639112284,0.6527535408072351,106.403,106.403,450.514,0,1,0,0,0,0,0,0,0,0,0,0,0.0,0.0,0.0,0.0,0.0,0.0,0.0,0,0,0.0,0.0,0.0,0.0,0.0,67.69702000000001,20.4903,411.1513,0.3628093737864755,0.5810297853013363,0.5112417817172776,0.0,0.0,0.0,0.0,0.0,0.0,0.0,0.0,0,0.0,0.0,0,0,0,0,0,0,0,0,0,0,0,0,0,0,0,0,0
1,971.596,97,AugShort,0.0,0.0,0.0,0.0,0.0,0.33583206156657525,0.5906813735071219,0.36593421833696366,0.5691458482029536,106.403,106.403,450.514,0,1,0,0,0,0,0,0,0,0,0,0,0.0,0.0,0.0,0.0,0.0,0.0,0.0,0,0,0.0,0.0,0.0,0.0,0.0,72.93935000000002,20.4903,379.0706,0.3425775883760511,0.5906813735071219,0.5050478420835336,0.0,0.0,0.0,0.0,0.0,0.0,0.0,0.0,0,0.0,0.0,0,0,0,0,0,0,0,0,0,0,0,0,0,0,0,0,0
1,972.574,97,AugShort,0.0,0.0,0.0,0.0,0.0,0.2698688550383641,0.553696158402884,0.35922808778031284,0.4894639116964695,106.403,106.403,450.514,0,1,0,0,0,0,0,0,0,0,0,0,0.0,0.0,0.0,0.0,0.0,0.0,0.0,0,0,0.0,0.0,0.0,0.0,0.0,81.26417000000001,20.4903,397.0536,0.24485436200409053,0.553696158402884,0.42755640112199733,0.0,0.0,0.0,0.0,0.0,0.0,0.0,0.0,0,0.0,0.0,0,0,0,0,0,0,0,0,0,0,0,0,0,0,0,0,0
1,973.575,97,AugShort,0.0,0.0,0.0,0.0,0.0,0.2703694975002275,0.5536961999548766,0.3520834428341567,0.45129140219850533,106.403,106.403,450.514,0,1,0,0,0,0,0,0,0,0,0,0,0.0,0.0,0.0,0.0,0.0,0.0,0.0,0,0,0.0,0.0,0.0,0.0,0.0,89.57554999999999,20.4903,415.0165,0.2448542774374905,0.5536961999548766,0.32983325931663676,0.0,0.0,0.0,0.0,0.0,0.0,0.0,0.0,0,0.0,0.0,0,0,0,0,0,0,0,0,0,0,0,0,0,0,0,0,0
1,974.577,97,AugShort,0.0,0.0,0.0,0.0,0.0,0.2710586437725612,0.5536961999548766,0.3443523944868516,0.4104508957334219,106.403,106.403,450.514,0,1,0,0,0,0,0,0,0,0,0,0,0.0,0.0,0.0,0.0,0.0,0.0,0.0,0,0,0.0,0.0,0.0,0.0,0.0,97.81173,20.4903,432.8875,0.2448542774374905,0.5536961999548766,0.32983317475003676,0.0,0.0,0.0,0.0,0.0,0.0,0.0,0.0,0,0.0,0.0,0,0,0,0,0,0,0,0,0,0,0,0,0,0,0,0,0
1,975.578,97,AugShort,0.0,0.0,0.0,0.0,0.0,0.24022131634443455,0.5215120400472273,0.32975069188868816,0.3643074308027522,106.403,106.403,450.514,0,1,0,0,0,0,0,0,0,0,0,0,0.0,0.0,0.0,0.0,0.0,0.0,0.0,0,0,0.0,0.0,0.0,0.0,0.0,106.403,106.403,450.514,0.16491658737501838,0.5215120400472273,0.24989548468756465,0.0,0.0,0.0,0.0,0.0,0.0,0.0,0.0,0,0.0,0.0,0,0,0,0,0,0,0,0,0,0,0,0,0,0,0,0,0
1,976.583,97,AugShort,0.0,0.0,0.0,0.0,0.0,0.2616845511772485,0.0,0.3160310761215289,0.2941906295975697,106.403,106.403,450.514,0,1,0,0,0,0,0,0,0,0,0,0,0.0,0.0,0.0,0.0,0.0,0.0,0.0,0,0,0.0,0.0,0.0,0.0,0.0,106.403,106.403,450.514,0.0,0.0,0.16491658737501838,0.0,0.0,0.0,0.0,0.0,0.0,0.0,0.0,0,0.0,0.0,0,0,0,0,0,0,0,0,0,0,0,0,0,0,0,0,0
1,977.582,97,AugShort,0.10010010010046426,0.10020030040086512,0.06767630202084672,0.06767630202084672,0.030265762356883934,0.43664639011544093,0.02140112580033317,0.314577725122841,0.22373798535993822,102.541,102.541,450.533,0,1,0,0,0,0,0,0,0,0,0,0,0.0,0.0,0.0,0.0,0.0,0.0,0.0,0,0,0.0,0.0,0.0,0.0,0.0,106.01680000000002,102.541,450.51590000000004,0.006767630202084672,0.02140112580033317,0.006767630202084672,0.0,0.0,0.0,0.0,0.0,0.0,0.0,0.0,0,0.0,0.0,0,0,0,0,0,0,0,0,0,0,0,0,0,0,0,0,0
1,978.592,97,AugShort,3.192973366214975,3.0622507585292187,0.1476526205335343,0.07997631851268759,0.06539890906573025,0.2675288997147208,0.049153640892380245,0.30589044041370717,0.1567986417031688,94.3214,94.3214,452.477,0,1,0,0,0,0,0,0,0,0,0,0,0.0,0.0,0.0,0.0,0.0,0.0,0.0,0,0,0.0,0.0,0.0,0.0,0.0,104.80864000000001,94.3214,450.71220000000005,0.021532892255438103,0.049153640892380245,0.01476526205335343,0.0,0.0,0.0,0.0,0.0,0.0,0.0,0.0,0,0.0,0.0,0,0,0,0,0,0,0,0,0,0,0,0,0,0,0,0,0
1,979.594,97,AugShort,3.151541580672311,-0.04134908736792817,1.2150544197590145,1.0674017992254803,0.5228621520028066,0.16788317274543071,0.3797863391412464,0.2919966083039793,0.135605622340107,24.9676,24.9676,452.372,0,1,0,0,0,0,0,0,0,0,0,0,0.0,0.0,0.0,0.0,0.0,0.0,0.0,0,0,0.0,0.0,0.0,0.0,0.0,96.66510000000001,24.9676,450.89799999999997,0.14303833423133955,0.3797863391412464,0.12150544197590145,0.0,0.0,0.0,0.0,0.0,0.0,0.0,0.0,0,0.0,0.0,0,0,0,0,0,0,0,0,0,0,0,0,0,0,0,0,0
1,980.6,98,AugShort,2.592156282978808,-0.5560490036714741,1.1038231735136181,0.11123124624539638,0.5993170460188849,0.3240831800242988,0.4806181151023958,0.2866689504663026,0.12178438694443057,24.9676,35.6666,767.691,0,1,0,0,0,0,0,0,0,0,0,0,0.0,0.0,0.0,0.0,0.0,0.0,0.0,0,0,0.0,0.0,0.0,0.0,0.0,89.59146000000001,24.9676,482.6157,0.2534206515827014,0.4806181151023958,0.1326285666004411,0.0,0.0,0.0,0.0,0.0,0.0,0.0,0.0,0,0.0,0.0,0,0,0,0,0,0,0,0,0,0,0,0,0,0,0,0,0
1,981.596,98,AugShort,1.482505642033363,-1.1141070692223343,0.29824440072844477,0.8055787727851733,0.5489895953462883,0.31698746044183007,0.47232711389265797,0.2819867986175133,0.17668334647905942,24.9676,52.6203,766.54,0,1,0,0,0,0,0,0,0,0,0,0,0.0,0.0,0.0,0.0,0.0,0.0,0.0,0,0,0.0,0.0,0.0,0.0,0.0,84.21319,24.9676,514.2183,0.28324509165554584,0.47232711389265797,0.21318644387895844,0.0,0.0,0.0,0.0,0.0,0.0,0.0,0.0,0,0.0,0.0,0,0,0,0,0,0,0,0,0,0,0,0,0,0,0,0,0
1,982.597,98,AugShort,2.3075357105737524,0.8242058626777117,0.3559573341497491,0.05771293342130435,0.49609623685959825,0.37562341089740525,0.4619072596373996,0.2821772512305535,0.22629297016501923,24.9676,32.3711,765.916,0,1,0,0,0,0,0,0,0,0,0,0,0.0,0.0,0.0,0.0,0.0,0.0,0.0,0,0,0.0,0.0,0.0,0.0,0.0,76.81000000000002,24.9676,545.7585,0.31884082507052075,0.4619072596373996,0.21895773722108886,0.0,0.0,0.0,0.0,0.0,0.0,0.0,0.0,0,0.0,0.0,0,0,0,0,0,0,0,0,0,0,0,0,0,0,0,0,0
1,983.604,98,AugShort,2.7322376352818196,0.4217496769692823,1.0131803478541226,0.6572230137043735,0.43557989049990614,0.34272625747129637,0.4941906186428604,0.28348135637906485,0.26985095921500984,24.9676,49.4345,265.755,0,1,0,0,0,0,0,0,0,0,0,0,0.0,0.0,0.0,0.0,0.0,0.0,0.0,0,0,0.0,0.0,0.0,0.0,0.0,71.11315,24.9676,527.2826000000001,0.42015885985593304,0.4941906186428604,0.2846800385915262,0.0,0.0,0.0,0.0,0.0,0.0,0.0,0.0,0,0.0,0.0,0,0,0,0,0,0,0,0,0,0,0,0,0,0,0,0,0
1,984.606,98,AugShort,1.9885088668100988,-0.7422442799118971,0.7588794229302737,0.2543009249238489,0.36885423004230555,0.34840788559873764,0.48058155308274164,0.28889213478176234,0.3067363822192404,32.3711,47.567,763.567,0,1,0,0,0,0,0,0,0,0,0,0,0.0,0.0,0.0,0.0,0.0,0.0,0.0,0,0,0.0,0.0,0.0,0.0,0.0,65.22955,24.9676,558.5879000000001,0.49604680214896035,0.48058155308274164,0.31011013108391106,0.0,0.0,0.0,0.0,0.0,0.0,0.0,0.0,0,0.0,0.0,0,0,0,0,0,0,0,0,0,0,0,0,0,0,0,0,0
1,985.603,98,AugShort,0.6018054163326952,-1.3908760787135444,1.5172583184840733,0.7583788955537997,0.5024666223858116,0.2784163880747405,0.5421388621974917,0.2915099789078902,0.3569830444578216,32.3711,35.9006,446.01,0,1,0,0,0,0,0,0,0,0,0,0,0.0,0.0,0.0,0.0,0.0,0.0,0.0,0,0,0.0,0.0,0.0,0.0,0.0,58.17931,24.9676,558.1375,0.6477726339973677,0.5421388621974917,0.38594802063929107,0.0,0.0,0.0,0.0,0.0,0.0,0.0,0.0,0,0.0,0.0,0,0,0,0,0,0,0,0,0,0,0,0,0,0,0,0,0
1,986.602,98,sem_arma,1.457479457450465,0.8565305716894592,1.0080120329141977,0.5092462855698756,0.42328543939538965,0.23027202113433173,0.5004203928775184,0.2907690734073781,0.39931158839736053,32.3711,93.7678,446.555,0,1,0,0,0,0,0,0,0,0,0,0,0.0,0.0,0.0,0.0,0.0,0.0,0.0,0,0,0.0,0.0,0.0,0.0,0.0,56.915789999999994,24.9676,557.7416000000001,0.7485738372887875,0.5004203928775184,0.43687264919627866,0.0,0.0,0.0,0.0,0.0,0.0,0.0,0.0,0,0.0,0.0,0,0,0,0,0,0,0,0,0,0,0,0,0,0,0,0,0
1,987.607,98,sem_arma,0.0,-1.4502283158711096,1.0056178343125943e-07,1.0080119323524144,0.5538916975978142,0.23027202113433173,0.5109977500959699,0.2903366702434787,0.4516741819214536,35.9006,93.7678,446.555,0,1,0,0,0,0,0,0,0,0,0,0,0.0,0.0,0.0,0.0,0.0,0.0,0.0,0,0,0.0,0.0,0.0,0.0,0.0,56.03847,24.9676,557.3438,0.7418062171428812,0.5109977500959699,0.5309062122294353,0.0,0.0,0.0,0.0,0.0,0.0,0.0,0.0,0,0.0,0.0,0,0,0,0,0,0,0,0,0,0,0,0,0,0,0,0,0
1,988.608,98,sem_arma,0.0,0.0,0.0,1.0056178343125943e-07,0.658963383259551,0.23027202113433173,0.5317838056141546,0.28925305169223786,0.5110306293408357,35.9006,93.7678,446.555,0,1,0,0,0,0,0,0,0,0,0,0,0.0,0.0,0.0,0.0,0.0,0.0,0.0,0,0,0.0,0.0,0.0,0.0,0.0,55.983109999999996,24.9676,556.7515999999999,0.7270409550895278,0.5317838056141546,0.5229085904343449,0.0,0.0,0.0,0.0,0.0,0.0,0.0,0.0,0,0.0,0.0,0,0,0,0,0,0,0,0,0,0,0,0,0,0,0,0,0
1,989.642,98,sem_arma,0.0,0.0,9.774138524991848e-08,9.774138524991848e-08,0.7146262648530121,0.23027202113433173,0.5464981151975925,0.288368114300671,0.5302070406258561,35.9006,93.7678,446.555,0,1,0,0,0,0,0,0,0,0,0,0,0.0,0.0,0.0,0.0,0.0,0.0,0.0,0,0,0.0,0.0,0.0,0.0,0.0,62.86312999999999,32.3711,556.1699000000001,0.6055355228877648,0.5464981151975925,0.41616842028593554,0.0,0.0,0.0,0.0,0.0,0.0,0.0,0.0,0,0.0,0.0,0,0,0,0,0,0,0,0,0,0,0,0,0,0,0,0,0
1,990.641,99,sem_arma,0.0,0.0,2.1094518774221237e-08,7.664686647569725e-08,0.4507966610173754,0.23027202113433173,0.5461462782497839,0.28293490380774855,0.5153550021257052,93.7678,93.7678,446.555,0,1,0,0,0,0,0,0,0,0,0,0,0.0,0.0,0.0,0.0,0.0,0.0,0.0,0,0,0.0,0.0,0.0,0.0,0.0,68.67325000000001,32.3711,524.0563,0.4951532076458549,0.5461462782497839,0.40504530332608246,0.0,0.0,0.0,0.0,0.0,0.0,0.0,0.0,0,0.0,0.0,0,0,0,0,0,0,0,0,0,0,0,0,0,0,0,0,0
1,991.643,99,sem_arma,0.0,0.0,2.1031361532382254e-08,6.31572418389831e-11,4.741340013180991e-08,0.23027202113433173,0.5658808712662619,0.2776569017861364,0.4604560473324164,93.7678,93.7678,446.555,0,1,0,0,0,0,0,0,0,0,0,0,0.0,0.0,0.0,0.0,0.0,0.0,0.0,0,0,0.0,0.0,0.0,0.0,0.0,72.788,32.3711,492.05779999999993,0.4653287696761465,0.5658808712662619,0.32448742605388087,0.0,0.0,0.0,0.0,0.0,0.0,0.0,0.0,0,0.0,0.0,0,0,0,0,0,0,0,0,0,0,0,0,0,0,0,0,0
1,992.648,99,sem_arma,0.0,0.0,2.0968581348703502e-08,6.278018367875181e-11,3.777142688139969e-08,0.23027202113433173,0.5844169570101946,0.27567706009093473,0.4108464274235993,93.7678,93.7678,446.555,0,1,0,0,0,0,0,0,0,0,0,0,0.0,0.0,0.0,0.0,0.0,0.0,0.0,0,0,0.0,0.0,0.0,0.0,0.0,78.92767,35.9006,460.1217,0.4297330383580298,0.5844169570101946,0.31871613271802846,0.0,0.0,0.0,0.0,0.0,0.0,0.0,0.0,0,0.0,0.0,0,0,0,0,0,0,0,0,0,0,0,0,0,0,0,0,0
1,993.651,99,sem_arma,0.0,0.0,2.1010393076218364e-08,4.181172751486193e-11,3.4308097814915906e-08,0.23027202113433173,0.5593145490031783,0.27367218627264,0.36728844180441844,93.7678,93.7678,446.555,0,1,0,0,0,0,0,0,0,0,0,0,0.0,0.0,0.0,0.0,0.0,0.0,0.0,0,0,0.0,0.0,0.0,0.0,0.0,83.36099999999999,35.9006,478.20169999999996,0.32841500567365683,0.5593145490031783,0.2529938313517723,0.0,0.0,0.0,0.0,0.0,0.0,0.0,0.0,0,0.0,0.0,0,0,0,0,0,0,0,0,0,0,0,0,0,0,0,0,0
1,994.648,99,sem_arma,0.0,0.0,1.0136869844374696e-07,8.03583053675286e-08,3.593028023096722e-08,0.23027202113433173,0.5457372011952517,0.27163285514072844,0.3304030223932159,93.7678,93.7678,446.555,0,1,0,0,0,0,0,0,0,0,0,0,0.0,0.0,0.0,0.0,0.0,0.0,0.0,0,0,0.0,0.0,0.0,0.0,0.0,87.98107999999999,35.9006,446.5005,0.25252707351749926,0.5457372011952517,0.227563746895218,0.0,0.0,0.0,0.0,0.0,0.0,0.0,0.0,0,0.0,0.0,0,0,0,0,0,0,0,0,0,0,0,0,0,0,0,0,0
1,995.654,99,sem_arma,0.0,0.0,0.0,1.0136869844374696e-07,3.9354020833185166e-08,0.23027202113433173,0.3187613798020116,0.27113539038022333,0.2801563640900368,93.7678,93.7678,446.555,0,1,0,0,0,0,0,0,0,0,0,0,0.0,0.0,0.0,0.0,0.0,0.0,0.0,0,0,0.0,0.0,0.0,0.0,0.0,93.7678,93.7678,446.555,0.10080124166909196,0.3187613798020116,0.15172586747670783,0.0,0.0,0.0,0.0,0.0,0.0,0.0,0.0,0,0.0,0.0,0,0,0,0,0,0,0,0,0,0,0,0,0,0,0,0,0
1,996.649,99,sem_arma,0.0,0.0,0.0,0.0,4.197326524646709e-08,0.23027202113433173,4.343785009637414e-08,0.2695647638780775,0.23782782434782437,93.7678,93.7678,446.555,0,1,0,0,0,0,0,0,0,0,0,0,0.0,0.0,0.0,0.0,0.0,0.0,0.0,0,0,0.0,0.0,0.0,0.0,0.0,93.7678,93.7678,446.555,3.837767218564502e-08,4.343785009637414e-08,0.10080123891972029,0.0,0.0,0.0,0.0,0.0,0.0,0.0,0.0,0,0.0,0.0,0,0,0,0,0,0,0,0,0,0,0,0,0,0,0,0,0
1,997.659,99,sem_arma,0.0,0.0,0.0,0.0,4.3936662461849846e-08,0.22958058395564857,3.883917866057126e-08,0.2592114735700879,0.18243865898170922,93.7678,93.7678,446.555,0,1,0,0,0,0,0,0,0,0,0,0,0.0,0.0,0.0,0.0,0.0,0.0,0.0,0,0,0.0,0.0,0.0,0.0,0.0,93.7678,93.7678,446.555,2.8321493842519083e-08,3.883917866057126e-08,4.568447881211833e-08,0.0,0.0,0.0,0.0,0.0,0.0,0.0,0.0,0,0.0,0.0,0,0,0,0,0,0,0,0,0,0,0,0,0,0,0,0,0
1,998.656,99,sem_arma,0.0,0.0,0.0,0.0,4.533346010217906e-08,0.36221218781207865,3.883917866057126e-08,0.26394563797495574,0.11654232518910013,93.7678,93.7678,446.555,0,1,0,0,0,0,0,0,0,0,0,0,0.0,0.0,0.0,0.0,0.0,0.0,0.0,0,0,0.0,0.0,0.0,0.0,0.0,93.7678,93.7678,446.555,2.8321493842519083e-08,3.883917866057126e-08,3.562830046899239e-08,0.0,0.0,0.0,0.0,0.0,0.0,0.0,0.0,0,0.0,0.0,0,0,0,0,0,0,0,0,0,0,0,0,0,0,0,0,0
1,999.658,99,sem_arma,0.0,0.0,0.0,0.0,0.0,0.5114137144030724,3.091922099537831e-08,0.2811221650578378,0.045079698703798916,93.7678,93.7678,446.555,0,1,0,0,0,0,0,0,0,0,0,0,0.0,0.0,0.0,0.0,0.0,0.0,0.0,0,0,0.0,0.0,0.0,0.0,0.0,93.7678,93.7678,446.555,1.8547355317527232e-08,3.091922099537831e-08,2.5854161944000537e-08,0.0,0.0,0.0,0.0,0.0,0.0,0.0,0.0,0,0.0,0.0,0,0,0,0,0,0,0,0,0,0,0,0,0,0,0,0,0
1,1000.653,100,sem_arma,0.0,0.0,0.0,0.0,0.0,0.45860206220954547,3.1441307786656285e-08,0.2878481091671002,3.260206137027739e-08,93.7678,93.7678,446.555,0,1,0,0,0,0,0,0,0,0,0,0,0.0,0.0,0.0,0.0,0.0,0.0,0.0,0,0,0.0,0.0,0.0,0.0,0.0,93.7678,93.7678,446.555,1.6437903440105108e-08,3.1441307786656285e-08,1.8189475296430814e-08,0.0,0.0,0.0,0.0,0.0,0.0,0.0,0.0,0,0.0,0.0,0,0,0,0,0,0,0,0,0,0,0,0,0,0,0,0,0
1,1001.659,100,sem_arma,0.0,0.0,1.0046182141989634e-07,1.0046182141989634e-07,4.4927892367666525e-08,0.5458927120148556,4.123779503973436e-08,0.2992933717457515,3.2353510593863054e-08,93.7678,93.7678,446.555,0,1,0,0,0,0,0,0,0,0,0,0,0.0,0.0,0.0,0.0,0.0,0.0,0.0,0,0,0.0,0.0,0.0,0.0,0.0,93.7678,93.7678,446.555,2.438094942885652e-08,4.123779503973436e-08,2.822934171423655e-08,0.0,0.0,0.0,0.0,0.0,0.0,0.0,0.0,0,0.0,0.0,0,0,0,0,0,0,0,0,0,0,0,0,0,0,0,0,0
1,1002.663,100,sem_arma,0.0,0.0,2.098946638988747e-08,7.947235503000887e-08,4.354036116123857e-08,0.4016693834251615,4.1237603545150297e-08,0.30059567037213925,3.293040402184694e-08,93.7678,93.7678,446.555,0,1,0,0,0,0,0,0,0,0,0,0,0.0,0.0,0.0,0.0,0.0,0.0,0.0,0,0,0.0,0.0,0.0,0.0,0.0,93.7678,93.7678,446.555,2.4383037932974918e-08,4.1237603545150297e-08,3.6170299198869563e-08,0.0,0.0,0.0,0.0,0.0,0.0,0.0,0.0,0,0.0,0.0,0,0,0,0,0,0,0,0,0,0,0,0,0,0,0,0,0
1,1003.657,100,sem_arma,0.0,0.0,2.120062802358855e-08,2.1116163370108146e-10,4.157128838737024e-08,0.05523190403420572,4.123591866846584e-08,0.28622095270028475,3.365672307909237e-08,93.7678,93.7678,446.555,0,1,0,0,0,0,0,0,0,0,0,0,0.0,0.0,0.0,0.0,0.0,0.0,0.0,0,0,0.0,0.0,0.0,0.0,0.0,93.7678,93.7678,446.555,2.4402061427711932e-08,4.123591866846584e-08,3.6187234189488186e-08,0.0,0.0,0.0,0.0,0.0,0.0,0.0,0.0,0,0.0,0.0,0,0,0,0,0,0,0,0,0,0,0,0,0,0,0,0,0
1,1004.661,100,sem_arma,0.0,0.0,2.098946638988747e-08,2.1116163370108146e-10,3.894694851677836e-08,0.9920165383372879,3.117211965250044e-08,0.31840138533721224,3.395838990767348e-08,93.7678,93.7678,446.555,0,1,0,0,0,0,0,0,0,0,0,0,0.0,0.0,0.0,0.0,0.0,0.0,0.0,0,0,0.0,0.0,0.0,0.0,0.0,93.7678,93.7678,446.555,1.6364138222325983e-08,3.117211965250044e-08,2.8172519816105434e-08,0.0,0.0,0.0,0.0,0.0,0.0,0.0,0.0,0,0.0,0.0,0,0,0,0,0,0,0,0,0,0,0,0,0,0,0,0,0
1,1005.66,100,sem_arma,0.0,0.0,2.1094518774221237e-08,1.050523843337684e-10,3.550587165916325e-08,0.9999999999056604,3.065108843607171e-08,0.35448056592875826,3.357357499027129e-08,93.7678,93.7678,446.555,0,1,0,0,0,0,0,0,0,0,0,0,0.0,0.0,0.0,0.0,0.0,0.0,0.0,0,0,0.0,0.0,0.0,0.0,0.0,93.7678,93.7678,446.555,1.8473590099748108e-08,3.065108843607171e-08,1.8046155210164112e-08,0.0,0.0,0.0,0.0,0.0,0.0,0.0,0.0,0,0.0,0.0,0,0,0,0,0,0,0,0,0,0,0,0,0,0,0,0,0
1,1006.667,100,sem_arma,0.0,0.0,1.0036205794281602e-07,7.926753916859478e-08,3.546125621153904e-08,0.0,3.917566757270377e-08,0.34296696487204165,3.292237408677849e-08,93.7678,93.7678,446.555,0,1,0,0,0,0,0,0,0,0,0,0,0.0,0.0,0.0,0.0,0.0,0.0,0.0,0,0,0.0,0.0,0.0,0.0,0.0,93.7678,93.7678,446.555,2.850979589402971e-08,3.917566757270377e-08,2.597290912702359e-08,0.0,0.0,0.0,0.0,0.0,0.0,0.0,0.0,0,0.0,0.0,0,0,0,0,0,0,0,0,0,0,0,0,0,0,0,0,0
1,1007.663,100,sem_arma,0.0,0.0,0.0,1.0036205794281602e-07,3.889569105421654e-08,0.0,3.917566757270377e-08,0.3314533638153251,3.2418276946015154e-08,93.7678,93.7678,446.555,0,1,0,0,0,0,0,0,0,0,0,0,0.0,0.0,0.0,0.0,0.0,0.0,0.0,0,0,0.0,0.0,0.0,0.0,0.0,93.7678,93.7678,446.555,2.850979589402971e-08,3.917566757270377e-08,3.6009114921305195e-08,0.0,0.0,0.0,0.0,0.0,0.0,0.0,0.0,0,0.0,0.0,0,0,0,0,0,0,0,0,0,0,0,0,0,0,0,0,0
1,1008.663,100,sem_arma,0.0,0.0,0.0,0.0,4.153283055849124e-08,0.0,3.917566757270377e-08,0.3199397627586085,3.2038213991646377e-08,93.7678,93.7678,446.555,0,1,0,0,0,0,0,0,0,0,0,0,0.0,0.0,0.0,0.0,0.0,0.0,0.0,0,0,0.0,0.0,0.0,0.0,0.0,93.7678,93.7678,446.555,2.850979589402971e-08,3.917566757270377e-08,3.6009114921305195e-08,0.0,0.0,0.0,0.0,0.0,0.0,0.0,0.0,0,0.0,0.0,0,0,0,0,0,0,0,0,0,0,0,0,0,0,0,0,0
1,1009.659,100,sem_arma,0.0,0.0,0.0,0.0,4.3494773798896856e-08,0.0,3.917566757270377e-08,0.3084261617018919,3.6387691371536066e-08,93.7678,93.7678,446.555,0,1,0,0,0,0,0,0,0,0,0,0,0.0,0.0,0.0,0.0,0.0,0.0,0.0,0,0,0.0,0.0,0.0,0.0,0.0,93.7678,93.7678,446.555,2.850979589402971e-08,3.917566757270377e-08,3.6009114921305195e-08,0.0,0.0,0.0,0.0,0.0,0.0,0.0,0.0,0,0.0,0.0,0,0,0,0,0,0,0,0,0,0,0,0,0,0,0,0,0
1,1010.666,101,sem_arma,0.0,0.0,0.0,0.0,4.488327678438185e-08,0.0,3.917566757270377e-08,0.29691256064517535,4.087601904997425e-08,93.7678,93.7678,446.555,0,1,0,0,0,0,0,0,0,0,0,0,0.0,0.0,0.0,0.0,0.0,0.0,0.0,0,0,0.0,0.0,0.0,0.0,0.0,93.7678,93.7678,446.555,2.850979589402971e-08,3.917566757270377e-08,3.6009114921305195e-08,0.0,0.0,0.0,0.0,0.0,0.0,0.0,0.0,0,0.0,0.0,0,0,0,0,0,0,0,0,0,0,0,0,0,0,0,0,0
1,1011.667,101,sem_arma,0.0,0.0,0.0,0.0,0.0,0.0,3.062143965018064e-08,0.28539895958845873,3.638322981320759e-08,93.7678,93.7678,446.555,0,1,0,0,0,0,0,0,0,0,0,0,0.0,0.0,0.0,0.0,0.0,0.0,0.0,0,0,0.0,0.0,0.0,0.0,0.0,93.7678,93.7678,446.555,1.8463613752040073e-08,3.062143965018064e-08,2.5962932779315562e-08,0.0,0.0,0.0,0.0,0.0,0.0,0.0,0.0,0,0.0,0.0,0,0,0,0,0,0,0,0,0,0,0,0,0,0,0,0,0
1,1012.673,101,sem_arma,0.0,0.0,0.0,0.0,0.0,0.0,3.114397110829724e-08,0.2738853585317421,3.202919369708374e-08,93.7678,93.7678,446.555,0,1,0,0,0,0,0,0,0,0,0,0,0.0,0.0,0.0,0.0,0.0,0.0,0.0,0,0,0.0,0.0,0.0,0.0,0.0,93.7678,93.7678,446.555,1.6364667113051328e-08,3.114397110829724e-08,1.8015697276314674e-08,0.0,0.0,0.0,0.0,0.0,0.0,0.0,0.0,0,0.0,0.0,0,0,0,0,0,0,0,0,0,0,0,0,0,0,0,0,0
1,1013.672,101,sem_arma,0.0,0.0,0.0,0.0,0.0,0.0,3.149778047997696e-08,0.26237175747502556,2.7872064858346714e-08,93.7678,93.7678,446.555,0,1,0,0,0,0,0,0,0,0,0,0,0.0,0.0,0.0,0.0,0.0,0.0,0.0,0,0,0.0,0.0,0.0,0.0,0.0,93.7678,93.7678,446.555,1.4244604310692473e-08,3.149778047997696e-08,1.7994581112944566e-08,0.0,0.0,0.0,0.0,0.0,0.0,0.0,0.0,0,0.0,0.0,0,0,0,0,0,0,0,0,0,0,0,0,0,0,0,0,0
1,1014.677,101,sem_arma,0.0,0.0,0.0,0.0,0.0,0.0,3.1697093091482505e-08,0.250858156418309,2.3977370006668878e-08,93.7678,93.7678,446.555,0,1,0,0,0,0,0,0,0,0,0,0,0.0,0.0,0.0,0.0,0.0,0.0,0.0,0,0,0.0,0.0,0.0,0.0,0.0,93.7678,93.7678,446.555,1.2145657671703726e-08,3.1697093091482505e-08,1.797346494957446e-08,0.0,0.0,0.0,0.0,0.0,0.0,0.0,0.0,0,0.0,0.0,0,0,0,0,0,0,0,0,0,0,0,0,0,0,0,0,0
1,1015.704,101,sem_arma,0.0,0.0,0.0,0.0,0.0,0.0,3.173726937610915e-08,0.2393445553615924,2.0426782840752554e-08,93.7678,93.7678,446.555,0,1,0,0,0,0,0,0,0,0,0,0,0.0,0.0,0.0,0.0,0.0,0.0,0.0,0,0,0.0,0.0,0.0,0.0,0.0,93.7678,93.7678,446.555,1.0036205794281602e-08,3.173726937610915e-08,1.7962959711141083e-08,0.0,0.0,0.0,0.0,0.0,0.0,0.0,0.0,0,0.0,0.0,0,0,0,0,0,0,0,0,0,0,0,0,0,0,0,0,0
1,1016.675,101,sem_arma,0.0,0.0,0.0,0.0,0.0,0.0,0.0,0.22783095430487582,1.688065721959865e-08,93.7678,93.7678,446.555,0,1,0,0,0,0,0,0,0,0,0,0,0.0,0.0,0.0,0.0,0.0,0.0,0.0,0,0,0.0,0.0,0.0,0.0,0.0,93.7678,93.7678,446.555,0.0,0.0,1.0036205794281602e-08,0.0,0.0,0.0,0.0,0.0,0.0,0.0,0.0,0,0.0,0.0,0,0,0,0,0,0,0,0,0,0,0,0,0,0,0,0,0
1,1017.677,101,sem_arma,0.3992015973068415,0.3984047877313788,0.09264167789201927,0.09264167789201927,0.0414306178632389,0.99999999875,0.029295870839844737,0.2663519250445934,0.004143074777412005,93.7678,99.0773,446.957,0,1,0,0,0,0,0,0,0,0,0,0,0.0,0.0,0.0,0.0,0.0,0.0,0.0,0,0,0.0,0.0,0.0,0.0,0.0,94.29875,93.7678,446.59520000000003,0.009264167789201926,0.029295870839844737,0.009264167789201926,0.0,0.0,0.0,0.0,0.0,0.0,0.0,0.0,0,0.0,0.0,0,0,0,0,0,0,0,0,0,0,0,0,0,0,0,0,0
1,1018.679,101,sem_arma,1.717030991687891,1.3151989963882729,0.16945520612436787,0.0768135282323486,0.07674404218419947,0.933709793249495,0.05814547818875486,0.2949268053164642,0.011817474842548897,89.5033,89.5033,448.199,0,1,0,0,0,0,0,0,0,0,0,0,0.0,0.0,0.0,0.0,0.0,0.0,0.0,0,0,0.0,0.0,0.0,0.0,0.0,93.8723,89.5033,446.75960000000003,0.026209688401638714,0.05814547818875486,0.016945520612436787,0.0,0.0,0.0,0.0,0.0,0.0,0.0,0.0,0,0.0,0.0,0,0,0,0,0,0,0,0,0,0,0,0,0,0,0,0,0
1,1019.679,101,sem_arma,2.8026184819906605,1.0855874903027696,0.4133628166080879,0.24390761048372,0.17096578903828338,0.9058998474098264,0.13438823725092652,0.3146511119668019,0.028914049396899854,66.1825,66.1825,448.646,0,1,0,0,0,0,0,0,0,0,0,0,0.0,0.0,0.0,0.0,0.0,0.0,0.0,0,0,0.0,0.0,0.0,0.0,0.0,91.11377,66.1825,446.9687,0.0675459700624475,0.13438823725092652,0.041336281660808785,0.0,0.0,0.0,0.0,0.0,0.0,0.0,0.0,0,0.0,0.0,0,0,0,0,0,0,0,0,0,0,0,0,0,0,0,0,0
1,1020.686,102,AugShort,1.928415860432702,-0.86812574136838,1.0491083920625601,0.6357455754544723,0.42248306550461967,0.846872275998703,0.3352248454701118,0.3340646226562598,0.07116235145903414,5.86852,5.86852,447.806,0,1,0,0,0,0,0,0,0,0,0,0,0.0,0.0,0.0,0.0,0.0,0.0,0.0,0,0,0.0,0.0,0.0,0.0,0.0,82.32384199999998,5.86852,447.0938,0.1724568092687035,0.3352248454701118,0.10491083920625602,0.0,0.0,0.0,0.0,0.0,0.0,0.0,0.0,0,0.0,0.0,0,0,0,0,0,0,0,0,0,0,0,0,0,0,0,0,0
1,1021.731,102,AugShort,2.6276858365955413,0.6691578719261622,0.6074026266128014,0.4417057654497587,0.3840947954272921,0.6011429410200378,0.35495289062454993,0.3368271341065189,0.10957183100176335,5.86852,27.6243,763.069,0,1,0,0,0,0,0,0,0,0,0,0,0.0,0.0,0.0,0.0,0.0,0.0,0.0,0,0,0.0,0.0,0.0,0.0,0.0,75.70949199999998,5.86852,478.7452,0.23319707192998368,0.35495289062454993,0.14908141575123188,0.0,0.0,0.0,0.0,0.0,0.0,0.0,0.0,0,0.0,0.0,0,0,0,0,0,0,0,0,0,0,0,0,0,0,0,0,0
1,1022.727,102,AugShort,1.3658397777538984,-1.2669137136964286,0.6770125186005045,0.06960989198770307,0.3265297021575863,0.6365287627490936,0.3697868263348147,0.34857010307271546,0.14222480121752198,5.86852,66.1852,762.201,0,1,0,0,0,0,0,0,0,0,0,0,0.0,0.0,0.0,0.0,0.0,0.0,0.0,0,0,0.0,0.0,0.0,0.0,0.0,72.95123199999999,5.86852,510.3098,0.3008983237900341,0.3697868263348147,0.15604240495000218,0.0,0.0,0.0,0.0,0.0,0.0,0.0,0.0,0,0.0,0.0,0,0,0,0,0,0,0,0,0,0,0,0,0,0,0,0,0
1,1023.738,102,AugShort,2.816624983871432,1.4350002038749097,1.450221510217784,0.7732089916172795,0.4119407365524834,0.3179103970795916,0.5000855943522645,0.3617040277249848,0.18341887487277034,5.24352,5.24352,313.818,0,1,0,0,0,0,0,0,0,0,0,0,0.0,0.0,0.0,0.0,0.0,0.0,0.0,0,0,0.0,0.0,0.0,0.0,0.0,64.098804,5.24352,497.0361,0.4459204748118125,0.5000855943522645,0.23336330411173015,0.0,0.0,0.0,0.0,0.0,0.0,0.0,0.0,0,0.0,0.0,0,0,0,0,0,0,0,0,0,0,0,0,0,0,0,0,0
1,1024.731,102,AugShort,2.961820980989552,0.146219533855106,2.0861862325499225,0.6359647223321385,0.6107391215867897,0.279666823019762,0.6917915390549075,0.32608654195910847,0.24449278703144933,5.24352,31.866,760.026,0,1,0,0,0,0,0,0,0,0,0,0,0.0,0.0,0.0,0.0,0.0,0.0,0.0,0,0,0.0,0.0,0.0,0.0,0.0,57.90862399999999,5.24352,528.3832,0.6545390980668048,0.6917915390549075,0.29695977634494397,0.0,0.0,0.0,0.0,0.0,0.0,0.0,0.0,0,0.0,0.0,0,0,0,0,0,0,0,0,0,0,0,0,0,0,0,0,0
1,1025.739,102,AugShort,2.3892052743124266,-0.5680711375765135,1.1431578610978672,0.9430283714520553,0.6073705514449712,0.33587539018568585,0.6655679009287677,0.2928803114731098,0.3052298421759464,5.24352,48.5125,315.959,0,1,0,0,0,0,0,0,0,0,0,0,0.0,0.0,0.0,0.0,0.0,0.0,0.0,0,0,0.0,0.0,0.0,0.0,0.0,53.38309399999999,5.24352,515.3235999999999,0.7688548841765914,0.6655679009287677,0.3912626134901495,0.0,0.0,0.0,0.0,0.0,0.0,0.0,0.0,0,0.0,0.0,0,0,0,0,0,0,0,0,0,0,0,0,0,0,0,0,0
1,1026.742,102,AugShort,2.3698632757298705,-0.019284146144123663,2.4138264828096228,1.2706686217117555,0.7019957290621411,0.264599640460415,0.7830824828980759,0.3061102934961305,0.37542941508216054,5.24352,90.865,317.063,0,1,0,0,0,0,0,0,0,0,0,0,0.0,0.0,0.0,0.0,0.0,0.0,0.0,0,0,0.0,0.0,0.0,0.0,0.0,53.092814,5.24352,502.3744,1.0102375324575537,0.7830824828980759,0.518329475661325,0.0,0.0,0.0,0.0,0.0,0.0,0.0,0.0,0,0.0,0.0,0,0,0,0,0,0,0,0,0,0,0,0,0,0,0,0,0
1,1027.765,102,AugShort,2.3501105143914622,-0.019308662109881046,0.5477156298720374,1.8661108529375854,0.7435338919835297,0.2074325470250792,0.7356175563637172,0.31648192084738447,0.4456397424941896,5.24352,88.4609,443.266,0,1,0,0,0,0,0,0,0,0,0,0,0.0,0.0,0.0,0.0,0.0,0.0,0.0,0,0,0.0,0.0,0.0,0.0,0.0,52.031174,5.24352,502.0053,1.0557449276555555,0.7356175563637172,0.6956763931658816,0.0,0.0,0.0,0.0,0.0,0.0,0.0,0.0,0,0.0,0.0,0,0,0,0,0,0,0,0,0,0,0,0,0,0,0,0,0
1,1028.75,102,AugShort,1.8198213308479287,-0.5383646533436889,0.05032897855600408,0.49738665131603327,0.9996891019041148,0.21988939384374317,0.752339414941982,0.3274763905395716,0.5379342484661811,31.866,85.8065,444.327,0,1,0,0,0,0,0,0,0,0,0,0,0.0,0.0,0.0,0.0,0.0,0.0,0.0,0,0,0.0,0.0,0.0,0.0,0.0,51.66149399999999,5.24352,501.61809999999997,1.0438323048987193,0.752339414941982,0.7377337054742502,0.0,0.0,0.0,0.0,0.0,0.0,0.0,0.0,0,0.0,0.0,0,0,0,0,0,0,0,0,0,0,0,0,0,0,0,0,0
1,1029.755,102,AugShort,4.460215515765375,2.6272578954402452,1.1157218587814755,1.0653928802254713,0.8838221039010353,0.27469138774890406,0.7189866995645818,0.34121095992701683,0.6092198799524563,48.5125,63.2279,320.219,0,1,0,0,0,0,0,0,0,0,0,0,0.0,0.0,0.0,0.0,0.0,0.0,0.0,0,0,0.0,0.0,0.0,0.0,0.0,51.366034,5.24352,488.7754,1.1140682091160579,0.7189866995645818,0.8198822324484253,0.0,0.0,0.0,0.0,0.0,0.0,0.0,0.0,0,0.0,0.0,0,0,0,0,0,0,0,0,0,0,0,0,0,0,0,0,0
1,1030.766,103,AugShort,5.106744749986465,0.6394947915144311,0.6330056850118426,0.48271617376963283,0.900271528075005,0.37904507544099314,0.7350256303423359,0.3601632136990665,0.6569987262094948,63.2279,101.071,327.808,0,1,0,0,0,0,0,0,0,0,0,0,0.0,0.0,0.0,0.0,0.0,0.0,0.0,0,0,0.0,0.0,0.0,0.0,0.0,60.886281999999994,5.24352,476.77560000000005,1.0724579384109862,0.7350256303423359,0.8045792922799414,0.0,0.0,0.0,0.0,0.0,0.0,0.0,0.0,0,0.0,0.0,0,0,0,0,0,0,0,0,0,0,0,0,0,0,0,0,0
1,1031.751,103,AugShort,0.4185894114950673,-4.759548566996343,0.0421992337648753,0.5908064512469673,0.44955555814238835,0.3859733912264411,0.79411552219225,0.37946188326038854,0.6635448024810044,63.2279,98.903,334.18,0,1,0,0,0,0,0,0,0,0,0,0,0.0,0.0,0.0,0.0,0.0,0.0,0.0,0,0,0.0,0.0,0.0,0.0,0.0,68.014152,5.24352,433.8867,1.0159375991261936,0.79411552219225,0.8194893608596623,0.0,0.0,0.0,0.0,0.0,0.0,0.0,0.0,0,0.0,0.0,0,0,0,0,0,0,0,0,0,0,0,0,0,0,0,0,0
1,1032.754,103,AugShort,1.8740087392240743,1.4510661293409843,0.16974853144349517,0.12754929767861986,0.46632396460107844,0.4132875991063553,0.8334006116888241,0.4001262632157063,0.6775242287253537,63.2279,89.3943,336.296,0,1,0,0,0,0,0,0,0,0,0,0,0.0,0.0,0.0,0.0,0.0,0.0,0.0,0,0,0.0,0.0,0.0,0.0,0.0,70.33506200000001,5.24352,391.2962,0.9652112004104927,0.8334006116888241,0.825283301428754,0.0,0.0,0.0,0.0,0.0,0.0,0.0,0.0,0,0.0,0.0,0,0,0,0,0,0,0,0,0,0,0,0,0,0,0,0,0
1,1033.806,103,AugShort,3.316115233754256,1.3708236640020737,0.05952833550701046,0.1102201959364847,0.4646035601318221,0.4580403322153514,0.8591101932045386,0.42302827982647384,0.6827905110832876,63.2279,85.9612,337.519,0,1,0,0,0,0,0,0,0,0,0,0,0.0,0.0,0.0,0.0,0.0,0.0,0.0,0,0,0.0,0.0,0.0,0.0,0.0,78.40683,31.866,393.6663,0.8261418829394153,0.8591101932045386,0.7589844218606744,0.0,0.0,0.0,0.0,0.0,0.0,0.0,0.0,0,0.0,0.0,0,0,0,0,0,0,0,0,0,0,0,0,0,0,0,0,0
1,1034.81,103,AugShort,1.902885976218377,-1.4075988620875288,3.128894598478997,3.0693662629719864,1.320150706955428,0.4014523743641682,1.0671283974039425,0.4431008985446823,0.7537316696201514,47.1563,47.1563,769.554,0,1,0,0,0,0,0,0,0,0,0,0,0.0,0.0,0.0,0.0,0.0,0.0,0.0,0,0,0.0,0.0,0.0,0.0,0.0,79.93586,47.1563,394.6191,0.9304127195323227,1.0671283974039425,1.0023245759246593,0.0,0.0,0.0,0.0,0.0,0.0,0.0,0.0,0,0.0,0.0,0,0,0,0,0,0,0,0,0,0,0,0,0,0,0,0,0
1,1035.811,103,AugShort,3.9776216350580254,2.0726629958438045,1.7248214844182899,1.404073114060707,1.3734637362972928,0.28341561128265974,1.0954886622625255,0.4572716791088153,0.8303409881053835,3.43883,3.43883,349.217,0,1,1,0,0,0,1,0,1,0,0,0,0.0,0.0,0.0,0.0,0.0,0.0,0.0,0,0,0.1,0.1,0.0,0.0,0.0,75.428493,3.43883,397.9449,0.9885790818643649,1.0954886622625255,1.0484290501855245,0.0,0.0,0.1,0.0,0.0,0.0,0.0,0.0,0,0.0,0.0,0,0,0,0,0,0,0,0,0,0,0,0,0,0,0,0,0
1,1036.901,103,AugShort,4.121337881554776,0.1318497674282119,1.1461900727415315,0.5786314116767584,1.2600154964548689,0.2544661699683693,0.9794374545309543,0.46999498760723374,0.8861429648446564,3.43883,74.5302,350.083,0,1,0,0,0,0,0,0,0,0,0,0,0.0,0.0,0.0,0.0,0.0,0.0,0.0,0,0,0.1,0.1,0.0,0.0,0.0,73.795013,3.43883,401.2469,0.8618154408575558,0.9794374545309543,0.9792253291820247,0.0,0.0,0.1,0.0,0.0,0.0,0.0,0.0,0,0.0,0.0,0,0,0,0,0,0,0,0,0,0,0,0,0,0,0,0,0
1,1037.817,103,AugShort,0.556845758840063,-3.891366946195102,0.3714692356149277,0.7747208371266039,1.2195255954178135,0.25918149074458957,0.9872719976800561,0.4329540622069632,0.9337421351880847,3.43883,93.6739,354.835,0,1,0,0,0,0,0,0,0,0,0,0,0.0,0.0,0.0,0.0,0.0,0.0,0.0,0,0,0.1,0.1,0.0,0.0,0.0,74.316313,3.43883,392.40380000000005,0.8441908014318449,0.9872719976800561,0.8700863276009265,0.0,0.0,0.1,0.0,0.0,0.0,0.0,0.0,0,0.0,0.0,0,0,0,0,0,0,0,0,0,0,0,0,0,0,0,0,0
1,1038.829,103,AugShort,4.066106362811567,3.4676488181536604,0.24423087381615616,0.12723836179877152,1.1750671370394232,0.292729880446782,0.9717298151609634,0.40090506656682756,0.9512799387016155,3.43883,79.6558,356.054,0,1,0,0,0,0,0,0,0,0,0,0,0.0,0.0,0.0,0.0,0.0,0.0,0.0,0,0,0.1,0.1,0.0,0.0,0.0,73.701243,3.43883,383.5765,0.8635809909578601,0.9717298151609634,0.8330714986492003,0.0,0.0,0.1,0.0,0.0,0.0,0.0,0.0,0,0.0,0.0,0,0,0,0,0,0,0,0,0,0,0,0,0,0,0,0,0
1,1040.484,104,AugShort,2.0974690404146727,-1.189508956131054,0.09845384527977658,0.14577702853637958,0.6937956757656518,0.30031210265534497,0.9953609403266802,0.3706256793291035,0.9322772958880773,3.43883,70.4593,355.309,0,1,0,0,0,0,0,0,0,0,0,0,0.0,0.0,0.0,0.0,0.0,0.0,0.0,0,0,0.1,0.1,0.0,0.0,0.0,74.42438299999999,3.43883,387.0855,0.7618541896076902,0.9953609403266802,0.7411099134802912,0.0,0.0,0.1,0.0,0.0,0.0,0.0,0.0,0,0.0,0.0,0,0,0,0,0,0,0,0,0,0,0,0,0,0,0,0,0
1,1041.386,104,AugShort,7.016084051324692,5.453009989922416,2.8245953410208644,2.726141495741088,1.1302312173287383,0.15878587882934583,1.1867173777702136,0.33622135947063564,0.9552732648134505,68.0541,68.0541,773.145,0,1,0,0,0,0,0,0,0,0,0,0,0.0,0.0,0.0,0.0,0.0,0.0,0.0,0,0,0.1,0.1,0.0,0.0,0.0,71.122693,3.43883,431.6192,0.9810131552085923,1.1867173777702136,0.9654524456774366,0.0,0.0,0.1,0.0,0.0,0.0,0.0,0.0,0,0.0,0.0,0,0,0,0,0,0,0,0,0,0,0,0,0,0,0,0,0
1,1042.381,104,AugShort,3.3710490428945703,-3.6633517672664544,2.2585150381001267,0.5660803029207377,1.2811035808006639,0.171492415835957,1.1988011196170842,0.31473883321143165,1.038428067079278,50.8256,50.8256,359.375,0,1,0,0,0,0,0,0,0,0,0,0,0.0,0.0,0.0,0.0,0.0,0.0,0.0,0,0,0.1,0.1,0.0,0.0,0.0,66.314953,3.43883,434.1387000000001,1.2026447356421175,1.1988011196170842,0.9629798308448138,0.0,0.0,0.1,0.0,0.0,0.0,0.0,0.0,0,0.0,0.0,0,0,0,0,0,0,0,0,0,0,0,0,0,0,0,0,0
1,1043.386,104,AugShort,1.5057617458239587,-1.856007260766778,0.2605017434877917,1.998013294612335,1.2990032429886906,0.2075684012633572,1.1904272040847128,0.29329081513714483,1.1216959949180392,50.8256,65.9427,361.047,0,1,0,0,0,0,0,0,0,0,0,0,0.0,0.0,0.0,0.0,0.0,0.0,0.0,0,0,0.1,0.1,0.0,0.0,0.0,63.969793,3.43883,436.61379999999997,1.2117200568465472,1.1904272040847128,1.1500262305381852,0.0,0.0,0.1,0.0,0.0,0.0,0.0,0.0,0,0.0,0.0,0,0,0,0,0,0,0,0,0,0,0,0,0,0,0,0,0
1,1044.379,104,AugShort,2.579371676253934,1.0811781776736908,0.27993363126865545,0.019431887780863744,1.292951109982115,0.2611237030477196,1.1685639185081644,0.2904514804355512,1.2045307499030684,50.8256,82.1014,363.084,0,1,0,0,0,0,0,0,0,0,0,0,0.0,0.0,0.0,0.0,0.0,0.0,0.0,0,0,0.1,0.1,0.0,0.0,0.0,63.583813,3.43883,439.17030000000005,1.2337605864227117,1.1685639185081644,1.1409473997226232,0.0,0.0,0.1,0.0,0.0,0.0,0.0,0.0,0,0.0,0.0,0,0,0,0,0,0,0,0,0,0,0,0,0,0,0,0,0
1,1045.445,104,AugShort,4.034862229319951,1.3653757533452318,0.14250184504612864,0.1374317862225268,1.2841630355359603,0.36892509125186346,0.9998518353544532,0.29491439384715623,1.2009319827611218,50.8256,74.1121,364.17,0,1,0,0,0,0,0,0,0,0,0,0,0.0,0.0,0.0,0.0,0.0,0.0,0.0,0,0,0.1,0.1,0.0,0.0,0.0,66.279393,3.43883,398.6319,0.9351213110794248,0.9998518353544532,0.8477539520476771,0.0,0.0,0.1,0.0,0.0,0.0,0.0,0.0,0,0.0,0.0,0,0,0,0,0,0,0,0,0,0,0,0,0,0,0,0,0
1,1046.463,104,AugShort,1.7708997480467208,-2.2239317104845093,0.7121221651547601,0.5696203201086315,0.8810246470136589,0.4337398957392592,0.961531157300863,0.2998076191248349,1.1516880738327584,50.8256,97.3033,461.7,0,1,0,0,0,0,0,0,0,0,0,0,0.0,0.0,0.0,0.0,0.0,0.0,0.0,0,0,0.0,0.0,0.0,0.0,0.0,75.66584,50.8256,409.88019999999995,0.833851379153072,0.961531157300863,0.7643086726524696,0.0,0.0,0.0,0.0,0.0,0.0,0.0,0.0,0,0.0,0.0,0,0,0,0,0,0,0,0,0,0,0,0,0,0,0,0,0
1,1047.464,104,AugShort,0.0,-1.7691306174292918,1.488627491892873e-08,0.7121221502684852,0.26665080367555655,0.41449554587420545,0.9881102598983499,0.3073024143955244,1.0523516045548271,65.9427,97.3033,461.7,0,1,0,0,0,0,0,0,0,0,0,0,0.0,0.0,0.0,0.0,0.0,0.0,0.0,0,0,0.0,0.0,0.0,0.0,0.0,77.94315,50.8256,421.0419,0.7192323733675462,0.9881102598983499,0.7776577465116423,0.0,0.0,0.0,0.0,0.0,0.0,0.0,0.0,0,0.0,0.0,0,0,0,0,0,0,0,0,0,0,0,0,0,0,0,0,0
1,1048.573,104,AugShort,1.543484474120385,1.3917804094863706,1.9182082597975771,1.9182082449113023,0.7780479696091334,0.4027669320407503,1.0469331288639447,0.31706913364630795,1.0082038419739592,5.83875,5.83875,363.317,0,1,0,0,0,0,0,0,0,0,0,0,0.0,0.0,0.0,0.0,0.0,0.0,0.0,0,0,0.0,0.0,0.0,0.0,0.0,69.15963500000001,5.83875,421.89009999999996,0.8739062757858111,1.0469331288639447,0.8920064872901122,0.0,0.0,0.0,0.0,0.0,0.0,0.0,0.0,0,0.0,0.0,0,0,0,0,0,0,0,0,0,0,0,0,0,0,0,0,0
1,1049.567,104,AugShort,4.889377964107326,3.366090030167949,1.5997353324274959,0.31847292737008126,0.8576466787269236,0.27968405589397505,1.0440954756632297,0.3200588667488196,0.9764617961427093,5.83875,47.6152,778.185,0,1,0,0,0,0,0,0,0,0,0,0,0.0,0.0,0.0,0.0,0.0,0.0,0.0,0,0,0.0,0.0,0.0,0.0,0.0,65.955575,5.83875,464.1032,1.0094567216469452,1.0440954756632297,0.9111299438472431,0.0,0.0,0.0,0.0,0.0,0.0,0.0,0.0,0,0.0,0.0,0,0,0,0,0,0,0,0,0,0,0,0,0,0,0,0,0
1,1050.566,105,AugShort,6.537892521539795,1.6501647221546234,1.4537750034316972,0.1459603289957987,0.7742813777599024,0.16603356268489813,0.999723362364104,0.3146259754956193,0.9845103663421343,5.83875,15.4882,363.225,0,1,0,0,0,0,0,0,0,0,0,0,0.0,0.0,0.0,0.0,0.0,0.0,0.0,0,0,0.0,0.0,0.0,0.0,0.0,60.458465000000004,5.83875,464.89480000000003,1.1449888374621373,0.999723362364104,0.911148273893185,0.0,0.0,0.0,0.0,0.0,0.0,0.0,0.0,0,0.0,0.0,0,0,0,0,0,0,0,0,0,0,0,0,0,0,0,0,0
1,1051.569,105,AugShort,5.556736299727239,-0.978221557141132,0.9964420567080634,0.4573329467236338,0.7451922981229994,0.2492730212787531,0.8070381312408537,0.3081373727875073,0.9460064744215604,5.83875,73.4938,360.405,0,1,0,0,0,0,0,0,0,0,0,0,0.0,0.0,0.0,0.0,0.0,0.0,0.0,0,0,0.0,0.0,0.0,0.0,0.0,61.002435000000006,5.83875,423.6208,0.9621735090308571,0.8070381312408537,0.6842674189914396,0.0,0.0,0.0,0.0,0.0,0.0,0.0,0.0,0,0.0,0.0,0,0,0,0,0,0,0,0,0,0,0,0,0,0,0,0,0
1,1052.57,105,AugShort,2.306372903219001,-3.2471162802280107,1.9460336680823758,0.9495916113743124,0.3889689202566074,0.21752784841025963,0.7556829067074933,0.29971509564669824,0.8567930083671547,5.83875,34.3523,457.877,0,1,0,0,0,0,0,0,0,0,0,0,0.0,0.0,0.0,0.0,0.0,0.0,0.0,0,0,0.0,0.0,0.0,0.0,0.0,59.355105,5.83875,433.471,0.9309253720290821,0.7556829067074933,0.7226185498367971,0.0,0.0,0.0,0.0,0.0,0.0,0.0,0.0,0,0.0,0.0,0,0,0,0,0,0,0,0,0,0,0,0,0,0,0,0,0
1,1053.572,105,AugShort,6.382545861656089,4.068036884667752,0.1075680759836115,1.8384655920987643,0.7094813202817154,0.15639211116924298,0.7721269630765385,0.2868703212498426,0.7978408160964572,15.4882,28.4375,451.752,0,1,0,0,0,0,0,0,0,0,0,0,0.0,0.0,0.0,0.0,0.0,0.0,0.0,0,0,0.0,0.0,0.0,0.0,0.0,55.604585,5.83875,442.5415,0.915632005278664,0.7721269630765385,0.70666377958544,0.0,0.0,0.0,0.0,0.0,0.0,0.0,0.0,0,0.0,0.0,0,0,0,0,0,0,0,0,0,0,0,0,0,0,0,0,0
1,1054.572,105,AugShort,4.8089595342948765,-1.5735863273612125,0.3989618540697876,0.2913937780861761,0.7511150686863917,0.17745283255760635,0.7620906387211067,0.2728409462669554,0.743657211966885,15.4882,51.5577,447.386,0,1,0,0,0,0,0,0,0,0,0,0,0.0,0.0,0.0,0.0,0.0,0.0,0.0,0,0,0.0,0.0,0.0,0.0,0.0,52.550214999999994,5.83875,450.97170000000006,0.9275348275587773,0.7620906387211067,0.7338599686159712,0.0,0.0,0.0,0.0,0.0,0.0,0.0,0.0,0,0.0,0.0,0,0,0,0,0,0,0,0,0,0,0,0,0,0,0,0,0
1,1055.576,105,AugShort,3.311099185082595,-1.491892778099882,0.5310802914465577,0.13211843737677004,0.7184209611452839,0.15355608313492108,0.7267002568159764,0.260446131705493,0.6870830045278172,28.4375,82.2896,444.434,0,1,0,0,0,0,0,0,0,0,0,0,0.0,0.0,0.0,0.0,0.0,0.0,0.0,0,0,0.0,0.0,0.0,0.0,0.0,53.36796499999999,5.83875,458.99809999999997,0.9663926721988203,0.7267002568159764,0.7333286337313956,0.0,0.0,0.0,0.0,0.0,0.0,0.0,0.0,0,0.0,0.0,0,0,0,0,0,0,0,0,0,0,0,0,0,0,0,0,0
1,1056.58,105,AugShort,1.216062880822646,-2.0866895460756467,1.4210672863969849,0.8899869949504272,0.7711956445926988,0.10732106433127307,0.7336858671467681,0.2516414043579237,0.6761001042857212,0.653719,0.653719,443.535,0,1,1,0,0,0,1,0,1,0,0,0,0.0,0.0,0.0,0.0,0.0,0.0,0.0,0,0,0.1,0.1,0.0,0.0,0.0,43.7030069,0.653719,457.18160000000006,1.0372871843230427,0.7336858671467681,0.7653653012155751,0.0,0.0,0.1,0.0,0.0,0.0,0.0,0.0,0,0.0,0.0,0,0,0,0,0,0,0,0,0,0,0,0,0,0,0,0,0
1,1057.577,105,AugShort,1.4185398695380778,0.20308624745780526,0.8234499809463733,0.5976173054506115,0.49895331969049533,0.17758071609388557,0.6452053297523476,0.24779713166419945,0.6993303558872151,0.653719,43.6603,760.275,0,1,0,0,0,0,0,0,0,0,0,0,0.0,0.0,0.0,0.0,0.0,0.0,0.0,0,0,0.1,0.1,0.0,0.0,0.0,38.3387069,0.653719,487.03909999999996,1.1196321809290526,0.6452053297523476,0.7539148167337878,0.0,0.0,0.1,0.0,0.0,0.0,0.0,0.0,0,0.0,0.0,0,0,0,0,0,0,0,0,0,0,0,0,0,0,0,0,0
1,1058.584,105,AugShort,3.028708469923624,1.5989757699955773,0.08802901431678228,0.735420966629591,0.5043737202924109,0.20835974810344368,0.6530386231926434,0.24525604453214217,0.6719629309555428,0.653719,38.7564,758.396,0,1,0,0,0,0,0,0,0,0,0,0,0.0,0.0,0.0,0.0,0.0,0.0,0.0,0,0,0.1,0.1,0.0,0.0,0.0,41.630471899999996,0.653719,526.547,0.936614256380973,0.6530386231926434,0.6356360889056167,0.0,0.0,0.1,0.0,0.0,0.0,0.0,0.0,0,0.0,0.0,0,0,0,0,0,0,0,0,0,0,0,0,0,0,0,0,0
1,1059.582,105,AugShort,3.2622951981026347,0.23405483785472014,0.06185970971929891,0.026169304597483373,0.5655594823709427,0.30150858749805126,0.6605632952049545,0.24569497988470562,0.6427542113199448,0.653719,35.4492,757.146,0,1,0,0,0,0,0,0,0,0,0,0,0.0,0.0,0.0,0.0,0.0,0.0,0.0,0,0,0.1,0.1,0.0,0.0,0.0,40.4138719,0.653719,524.4431000000001,0.7828266941101533,0.6605632952049545,0.6064057266283569,0.0,0.0,0.1,0.0,0.0,0.0,0.0,0.0,0,0.0,0.0,0,0,0,0,0,0,0,0,0,0,0,0,0,0,0,0,0
1,1060.576,106,AugShort,3.3305726295613054,0.06868956887190213,0.5227216751299648,0.46086196541066593,0.5657713804497723,0.3995088089018297,0.6198469129866148,0.2506548151970299,0.6219032115889317,0.653719,65.4194,755.177,0,1,0,0,0,0,0,0,0,0,0,0,0.0,0.0,0.0,0.0,0.0,0.0,0.0,0,0,0.1,0.1,0.0,0.0,0.0,45.406991899999994,0.653719,563.6383,0.6897213612799801,0.6198469129866148,0.6378958902698436,0.0,0.0,0.1,0.0,0.0,0.0,0.0,0.0,0,0.0,0.0,0,0,0,0,0,0,0,0,0,0,0,0,0,0,0,0,0
1,1061.583,106,AugShort,3.38725304614818,0.05628641170493982,1.4700450627985142,0.9473233876685494,0.5840290529555248,0.36229521246022306,0.662511154896549,0.26083028187857377,0.6057868870721843,0.614212,0.614212,403.993,0,1,1,0,0,0,1,0,1,0,0,0,0.0,0.0,0.0,0.0,0.0,0.0,0.0,0,0,0.2,0.2,0.0,0.0,0.0,38.1190331,0.614212,567.9970999999999,0.737081661889025,0.662511154896549,0.6868949343643351,0.0,0.0,0.2,0.0,0.0,0.0,0.0,0.0,0,0.0,0.0,0,0,0,0,0,0,0,0,0,0,0,0,0,0,0,0,0
1,1062.577,106,AugShort,0.7395256503422872,-2.663709653728262,0.17351362858541855,1.2965314342130956,0.5922468436931837,0.35686711006838595,0.5262182182646039,0.2700990165901952,0.6261146794158419,0.614212,10.3792,403.981,0,1,0,0,0,0,0,0,0,0,0,0,0.0,0.0,0.0,0.0,0.0,0.0,0.0,0,0,0.2,0.2,0.0,0.0,0.0,35.7217231,0.614212,562.6075000000001,0.5598296579393294,0.5262182182646039,0.7215889166482133,0.0,0.0,0.2,0.0,0.0,0.0,0.0,0.0,0,0.0,0.0,0,0,0,0,0,0,0,0,0,0,0,0,0,0,0,0,0
1,1063.583,106,AugShort,1.0380888425064159,0.2967824971810424,0.006349473264274649,0.1671641553211439,0.6061467738403883,0.3943332005916384,0.5367521437998246,0.2794372565566092,0.6157812247717093,0.614212,9.85594,403.843,0,1,0,0,0,0,0,0,0,0,0,0,0.0,0.0,0.0,0.0,0.0,0.0,0.0,0,0,0.2,0.2,0.0,0.0,0.0,33.8635671,0.614212,557.8166,0.5497077976673956,0.5367521437998246,0.5544587729704513,0.0,0.0,0.2,0.0,0.0,0.0,0.0,0.0,0,0.0,0.0,0,0,0,0,0,0,0,0,0,0,0,0,0,0,0,0,0
1,1064.58,106,AugShort,0.9504845366657474,-0.08786790956937661,1.9956976749309603,1.9893482016666857,0.862008713293139,0.4622151677994599,0.6996929193374615,0.2894918297941963,0.6268705892323839,0.614212,82.3015,435.43,0,1,0,1,0,0,0,0,0,0,0,0,0.0,0.0,0.0,0.0,0.0,0.0,0.0,0,0,0.2,0.2,0.0,0.0,0.0,36.937947099999995,0.614212,556.621,0.709381379753513,0.6996929193374615,0.7242542153285023,0.0,0.0,0.2,0.0,0.0,0.0,0.0,0.0,0,0.0,0.0,0,0,0,0,0,0,0,0,0,0,0,0,0,0,0,0,0
1,1065.604,106,AugShort,1.19204651409202,0.23590036858034436,0.14252150671744174,1.8531761682135186,0.9116358391682104,0.582562537214164,0.7211543737483076,0.3001737020923113,0.6461920770346766,0.614212,90.5378,434.651,0,1,0,1,0,0,0,0,0,0,0,0,0.0,0.0,0.0,0.0,0.0,0.0,0.0,0,0,0.2,0.2,0.0,0.0,0.0,37.762767100000005,0.614212,555.6427000000001,0.6705255012806014,0.7211543737483076,0.8963599884121771,0.0,0.0,0.2,0.0,0.0,0.0,0.0,0.0,0,0.0,0.0,0,0,0,0,0,0,0,0,0,0,0,0,0,0,0,0,0
1,1066.586,106,AugShort,1.0385162241659982,-0.15634449075969634,1.7720255202085213,1.6295040134910797,0.9782058781002326,0.6256852430125017,0.7687106686806691,0.30977096945597343,0.66689310038543,9.85594,15.3697,403.927,0,1,0,0,0,0,0,0,0,0,0,0,0.0,0.0,0.0,0.0,0.0,0.0,0.0,0,0,0.1,0.1,0.0,0.0,0.0,39.2343652,0.614212,551.6818999999999,0.705621324661755,0.7687106686806691,0.9703116902662424,0.0,0.0,0.1,0.0,0.0,0.0,0.0,0.0,0,0.0,0.0,0,0,0,0,0,0,0,0,0,0,0,0,0,0,0,0,0
1,1067.586,106,AugShort,2.2136024936746312,1.175086269508633,1.5362075216513262,0.2358179985571951,0.942942287522931,0.6369583813965536,0.8126385240202242,0.32089411123209083,0.7112919971686735,9.85594,101.827,433.774,0,1,0,0,0,0,0,0,0,0,0,0,0.0,0.0,0.0,0.0,0.0,0.0,0.0,0,0,0.1,0.1,0.0,0.0,0.0,45.0510352,0.614212,519.0318,0.7768970787322503,0.8126385240202242,0.934131759576901,0.0,0.0,0.1,0.0,0.0,0.0,0.0,0.0,0,0.0,0.0,0,0,0,0,0,0,0,0,0,0,0,0,0,0,0,0,0
1,1068.589,106,AugShort,2.8378374380950153,0.622367840897691,0.07350062091461164,1.4627069007367146,0.9239258687517451,0.6871933478071469,0.8140187409645308,0.33511543202041066,0.753247212014607,15.3697,97.234,432.993,0,1,0,0,0,0,0,0,0,0,0,0,0.0,0.0,0.0,0.0,0.0,0.0,0.0,0,0,0.1,0.1,0.0,0.0,0.0,50.8987952,0.614212,486.4915,0.7754442393920333,0.8140187409645308,1.0068603529876132,0.0,0.0,0.1,0.0,0.0,0.0,0.0,0.0,0,0.0,0.0,0,0,0,0,0,0,0,0,0,0,0,0,0,0,0,0,0
1,1069.59,106,AugShort,1.9294064568501648,-0.9075234577870636,0.243885976745136,0.1703853558305244,0.8284662855331298,0.6693549684776527,0.7981698889880324,0.3545989776495945,0.7795378923308257,15.3697,92.6487,403.647,0,1,0,1,0,0,0,0,0,0,0,0,0.0,0.0,0.0,0.0,0.0,0.0,0.0,0,0,0.1,0.1,0.0,0.0,0.0,56.6187452,0.614212,451.14160000000004,0.793646866094617,0.7981698889880324,1.0212819581109174,0.0,0.0,0.1,0.0,0.0,0.0,0.0,0.0,0,0.0,0.0,0,0,0,0,0,0,0,0,0,0,0,0,0,0,0,0,0
1,1070.588,107,AugShort,1.0335442312546408,-0.8976575406768778,0.028521062796119486,0.21536491394901652,0.8507577947534617,0.6508615542936876,0.8314158042784164,0.378840377230034,0.8080365337611946,15.3697,90.8608,403.893,0,1,0,1,0,0,0,0,0,0,0,0,0.0,0.0,0.0,0.0,0.0,0.0,0.0,0,0,0.1,0.1,0.0,0.0,0.0,59.162885200000005,0.614212,416.0132,0.7442268048612324,0.8314158042784164,0.9967322529647523,0.0,0.0,0.1,0.0,0.0,0.0,0.0,0.0,0,0.0,0.0,0,0,0,0,0,0,0,0,0,0,0,0,0,0,0,0,0
1,1071.596,107,AugShort,0.20126599581420884,-0.8256728526194761,0.018251314386046383,0.010269748410073103,0.6526262823789175,0.6600640391249193,0.8172261972236708,0.39937992812234235,0.8148962567035338,89.8461,89.8461,403.907,0,1,0,0,0,0,0,0,0,0,0,0,0.0,0.0,0.0,0.0,0.0,0.0,0.0,0,0,0.0,0.0,0.0,0.0,0.0,68.08607400000001,9.85594,416.00460000000004,0.5990474300199856,0.8172261972236708,0.9030268890389047,0.0,0.0,0.0,0.0,0.0,0.0,0.0,0.0,0,0.0,0.0,0,0,0,0,0,0,0,0,0,0,0,0,0,0,0,0,0
1,1072.593,107,AugShort,3.6164959541698916,3.42550647778905,0.04630981757450638,0.02805850318846,0.0928398429040805,0.6039696216052406,0.8255334765372406,0.4187020167820914,0.7649555566246236,87.7035,87.7035,403.832,0,1,0,0,0,0,0,0,0,0,0,0,0.0,0.0,0.0,0.0,0.0,0.0,0.0,0,0,0.0,0.0,0.0,0.0,0.0,75.81850399999999,9.85594,415.98969999999997,0.5863270489188944,0.8255334765372406,0.7761795959364413,0.0,0.0,0.0,0.0,0.0,0.0,0.0,0.0,0,0.0,0.0,0,0,0,0,0,0,0,0,0,0,0,0,0,0,0,0,0
1,1073.59,107,AugShort,1.0080388488265954,-2.616306023413537,2.775486652612574,2.729176835038068,1.2071270317117127,0.605212436556713,1.0447106669275639,0.44114303305146485,0.825053582411756,38.0019,38.0019,749.139,0,1,0,0,0,0,0,0,0,0,0,0,0.0,0.0,0.0,0.0,0.0,0.0,0.0,0,0,0.0,0.0,0.0,0.0,0.0,78.6331,15.3697,450.51930000000004,0.8632407668537244,1.0447106669275639,1.0323808639081336,0.0,0.0,0.0,0.0,0.0,0.0,0.0,0.0,0,0.0,0.0,0,0,0,0,0,0,0,0,0,0,0,0,0,0,0,0,0
1,1074.594,107,AugShort,2.4069853321587056,1.3933729913666435,1.441573864556764,1.3339127880558102,1.2317960958569314,0.657280369880984,0.9913004142625931,0.46513440991763383,0.8620323206681352,38.0019,40.7855,430.846,0,1,0,0,0,0,0,0,0,0,0,0,0.0,0.0,0.0,0.0,0.0,0.0,0.0,0,0,0.0,0.0,0.0,0.0,0.0,74.48150000000001,15.3697,450.06090000000006,0.8078283858163047,0.9913004142625931,0.9668373225470459,0.0,0.0,0.0,0.0,0.0,0.0,0.0,0.0,0,0.0,0.0,0,0,0,0,0,0,0,0,0,0,0,0,0,0,0,0,0
1,1075.597,107,AugShort,1.557379876947792,-0.8470642624236427,0.6868914351096491,0.7546824294471148,1.1530974010745327,0.7058492063288871,0.9653121108757678,0.4927490660773321,0.8861784768587675,1.18779,1.18779,429.489,0,1,1,0,0,0,1,0,1,0,0,0,0.0,0.0,0.0,0.0,0.0,0.0,0.0,0,0,0.1,0.1,0.0,0.0,0.0,65.546499,1.18779,449.54470000000003,0.8622653786555254,0.9653121108757678,0.8569879486704057,0.0,0.0,0.1,0.0,0.0,0.0,0.0,0.0,0,0.0,0.0,0,0,0,0,0,0,0,0,0,0,0,0,0,0,0,0,0
1,1076.596,107,AugShort,4.742885995115742,3.1886948129809314,2.3517571306834126,1.6648656955737635,1.131623988522147,0.7512991783622412,1.040499908314005,0.5249479717788804,0.901520287900959,1.18779,24.5263,401.193,0,1,0,0,0,0,0,0,0,0,0,0,0.0,0.0,0.0,0.0,0.0,0.0,0.0,0,0,0.1,0.1,0.0,0.0,0.0,66.462159,1.18779,449.2713,0.9202385397030145,1.040499908314005,0.860524116878674,0.0,0.0,0.1,0.0,0.0,0.0,0.0,0.0,0,0.0,0.0,0,0,0,0,0,0,0,0,0,0,0,0,0,0,0,0,0
1,1077.602,107,AugShort,6.4290587355100275,1.6761160441295084,0.8139738752506557,1.5377832554327568,0.9250188743380695,0.7549231585705923,1.0178120750469544,0.5538150939027158,0.8997279465824729,1.18779,72.4674,397.684,0,1,0,0,0,0,0,0,0,0,0,0,0.0,0.0,0.0,0.0,0.0,0.0,0.0,0,0,0.1,0.1,0.0,0.0,0.0,63.526199,1.18779,445.66229999999996,0.8480151750629477,1.0178120750469544,0.9907206425662303,0.0,0.0,0.1,0.0,0.0,0.0,0.0,0.0,0,0.0,0.0,0,0,0,0,0,0,0,0,0,0,0,0,0,0,0,0,0
1,1078.6,107,AugShort,4.614359101112509,-1.8183363070115417,0.15853846098575936,0.6554354142648964,0.8399317351093235,0.7660769988359554,1.0109541687735277,0.5817009564393414,0.8913285332182307,1.18779,74.5574,747.827,0,1,0,0,0,0,0,0,0,0,0,0,0.0,0.0,0.0,0.0,0.0,0.0,0.0,0,0,0.1,0.1,0.0,0.0,0.0,61.258539000000006,1.18779,477.1456999999999,0.8565189590700625,1.0109541687735277,0.9099934939190485,0.0,0.0,0.1,0.0,0.0,0.0,0.0,0.0,0,0.0,0.0,0,0,0,0,0,0,0,0,0,0,0,0,0,0,0,0,0
1,1079.597,107,AugShort,1.822813679455507,-2.79994525742929,0.5720903436059122,0.4135518826201528,0.8390945005887348,0.7581579372852338,0.9940413381670828,0.6045334239287005,0.892391354723791,1.18779,50.6247,397.495,0,1,0,0,0,0,0,0,0,0,0,0,0.0,0.0,0.0,0.0,0.0,0.0,0.0,0,0,0.1,0.1,0.0,0.0,0.0,57.056138999999995,1.18779,476.5305,0.8893393957561398,0.9940413381670828,0.9343101465980113,0.0,0.0,0.1,0.0,0.0,0.0,0.0,0.0,0,0.0,0.0,0,0,0,0,0,0,0,0,0,0,0,0,0,0,0,0,0
1,1080.6,108,AugShort,0.4985045392825135,-1.3203480958853377,1.7973898469794105,1.2252995033734984,0.9072747800041584,0.7269240248772098,0.9811400047283971,0.6209041847274696,0.8980430532488608,24.5263,52.4757,400.535,0,1,0,0,0,0,0,0,0,0,0,0,0.0,0.0,0.0,0.0,0.0,0.0,0.0,0,0,0.1,0.1,0.0,0.0,0.0,53.217629,1.18779,476.1947,1.066226274174469,0.9811400047283971,1.0353036055404594,0.0,0.0,0.1,0.0,0.0,0.0,0.0,0.0,0,0.0,0.0,0,0,0,0,0,0,0,0,0,0,0,0,0,0,0,0,0
1,1081.602,108,AugShort,0.22316048483097506,-0.2747944655204974,0.16330809604418461,1.634081750935226,0.6735778684337151,0.6946470296241861,0.9648619332992684,0.6375217755856677,0.9001382118543406,50.6247,61.547,403.007,0,1,0,0,0,0,0,0,0,0,0,0,0.0,0.0,0.0,0.0,0.0,0.0,0.0,0,0,0.1,0.1,0.0,0.0,0.0,50.387719000000004,1.18779,476.1047,1.0807319523402827,0.9648619332992684,1.1976848057929748,0.0,0.0,0.1,0.0,0.0,0.0,0.0,0.0,0,0.0,0.0,0,0,0,0,0,0,0,0,0,0,0,0,0,0,0,0,0
1,1082.662,108,AugShort,1.2656989734618485,0.9835268760668617,0.8665644461770459,0.7032563501328613,0.6761873984189326,0.6973388181266937,0.8998261409355341,0.654545360988583,0.9584729674058258,8.04203,8.04203,404.348,0,1,0,0,0,0,0,0,0,0,0,0,0.0,0.0,0.0,0.0,0.0,0.0,0.0,0,0,0.1,0.1,0.0,0.0,0.0,42.421572000000005,1.18779,476.1563,1.1627574152005367,0.8998261409355341,1.2652045904874147,0.0,0.0,0.1,0.0,0.0,0.0,0.0,0.0,0,0.0,0.0,0,0,0,0,0,0,0,0,0,0,0,0,0,0,0,0,0
1,1083.61,108,AugShort,0.23587216862922142,-1.0863151949711256,0.06263028816581553,0.8039341580112304,0.6968425866684385,0.6912796807994339,0.7572324530977959,0.6693926849989729,0.9074445229014984,3.80318,3.80318,407.46,0,1,1,0,0,0,1,0,1,0,0,0,0.0,0.0,0.0,0.0,0.0,0.0,0.0,0,0,0.2,0.2,0.0,0.0,0.0,39.0017,1.18779,441.9884,0.891471778755861,0.7572324530977959,1.072680322784731,0.0,0.0,0.2,0.0,0.0,0.0,0.0,0.0,0,0.0,0.0,0,0,0,0,0,0,0,0,0,0,0,0,0,0,0,0,0
1,1084.6,108,AugShort,2.596961662980874,2.3849388831834877,0.01735073187389583,0.04527955629191971,0.7619095235679839,0.6573577718716075,0.7759755894537727,0.6791498152025802,0.8604558656726036,3.80318,4.07266,407.486,0,1,1,0,0,0,1,0,1,0,0,0,0.0,0.99,0.0,0.99,0.0,0.0,0.0,0,0,0.3,0.3,0.0,0.0,0.0,35.330416,1.18779,439.65240000000006,0.7490494654875741,0.7759755894537727,0.9438169996083419,0.99,0.0,0.3,0.0,0.0,0.0,0.99,0.0,0,0.0,0.0,0,0,0,0,0,0,0,0,0,0,0,0,0,0,0,0,0
1,1085.63,108,AugShort,0.30701724994105595,-2.22324700295128,1.4467146790143356e-08,0.01735071740674904,0.3658797897359065,0.6509658523185327,0.8116699189401976,0.6825699809577986,0.781734104538741,3.43091,3.43091,406.84,0,1,1,0,0,0,1,0,1,0,0,0,0.0,2.02,0.0,2.02,0.0,0.0,0.0,0,0,0.3,0.3,0.0,0.0,0.0,35.554728,3.43091,437.3875,0.6803603234233239,0.8116699189401976,0.8700838284043053,2.02,0.0,0.3,0.0,0.0,0.0,2.02,0.0,0,0.0,0.0,0,0,0,0,0,0,0,0,0,0,0,0,0,0,0,0,0
1,1086.612,108,AugShort,0.0,-0.31264485737378406,1.517429856807297e-08,7.071517779296133e-10,0.37946273371851813,0.6422187120842872,0.581713868619482,0.683396654411388,0.7065179790583781,2.54314,2.54314,406.715,0,1,1,0,0,0,1,0,1,0,0,0,0.0,3.002,0.0,3.002,0.0,0.0,0.0,0,0,0.4,0.4,0.0,0.0,0.0,33.356412,2.54314,437.9397,0.44518461187241243,0.581713868619482,0.7035972589176442,3.002,0.0,0.4,0.0,0.0,0.0,3.002,0.0,0,0.0,0.0,1,0,0,0,0,0,0,0,0,0,0,1,1,0,1,0,0
1,1087.647,108,AugShort,1.3422652491475262,1.2968746368575133,0.2579728485751067,0.2579728334008081,0.10946577550188549,0.6359344118888997,0.5689803974230854,0.6833454559360053,0.6249626691747597,2.54314,16.8025,404.337,0,1,0,0,0,0,0,0,0,0,0,0,0.0,0.0,0.0,0.0,0.0,0.0,0.0,0,0,0.4,0.4,0.0,0.0,0.0,27.789922,2.54314,438.605,0.3895845092048576,0.5689803974230854,0.5756162167144494,3.002,0.0,0.4,0.0,0.0,0.0,3.002,0.0,0,0.0,0.0,0,0,0,0,0,0,0,0,0,0,0,0,1,0,1,0,0
1,1088.64,108,AugShort,2.0760854271946005,0.7389931299567717,1.487964901695386,1.2299920531202793,0.6440212170450378,0.6010848631166011,0.6574333914676399,0.679040031701478,0.6053716173683312,2.54314,89.6085,436.491,0,1,0,0,0,0,0,0,0,0,0,0,0.0,0.0,0.0,0.0,0.0,0.0,0.0,0,0,0.4,0.4,0.0,0.0,0.0,29.295032000000003,2.54314,407.4714,0.5225271532758202,0.6574333914676399,0.6330718805999875,3.002,0.0,0.4,0.0,0.0,0.0,3.002,0.0,0,0.0,0.0,0,0,0,0,0,0,0,0,0,0,0,0,1,0,1,0,0
1,1089.615,108,AugShort,0.9287574514824833,-1.1767466417560175,0.09601836356980521,1.3919465381255807,0.6346748337770892,0.5718428558141171,0.6705517432013258,0.6741644260683012,0.5849296506871665,2.54314,84.2328,435.517,0,1,0,0,0,0,0,0,0,0,0,0,0.0,0.0,0.0,0.0,0.0,0.0,0.0,0,0,0.4,0.4,0.0,0.0,0.0,32.655842,2.54314,411.2736,0.47491995527220954,0.6705517432013258,0.7309113461505305,3.002,0.0,0.4,0.0,0.0,0.0,3.002,0.0,0,0.0,0.0,0,0,0,0,0,0,0,0,0,0,0,0,1,0,1,0,0
1,1090.613,109,AugShort,0.3168614896279742,-0.6131222062670432,0.13387780520686454,0.03785944163705933,0.6178487648738821,0.5631984927642322,0.4873297611736318,0.6697812729918284,0.5559870491741389,2.54314,76.5714,435.22,0,1,0,0,0,0,0,0,0,0,0,0,0.0,0.0,0.0,0.0,0.0,0.0,0.0,0,0,0.4,0.4,0.0,0.0,0.0,35.065411999999995,2.54314,414.74210000000005,0.30856875109495496,0.4873297611736318,0.6121673399768864,3.002,0.0,0.4,0.0,0.0,0.0,3.002,0.0,0,0.0,0.0,0,0,0,0,0,0,0,0,0,0,0,0,1,0,1,0,0
1,1091.615,109,AugShort,0.19960080064942873,-0.11702663570713123,0.009765115376856542,0.124112689830008,0.6163008568317387,0.5671443391404304,0.4947769503356813,0.665135287992604,0.5502593480139413,16.8025,76.0041,435.021,0,1,0,0,0,0,0,0,0,0,0,0,0.0,0.0,0.0,0.0,0.0,0.0,0.0,0,0,0.4,0.4,0.0,0.0,0.0,36.511122,2.54314,417.94350000000003,0.29321445302822213,0.4947769503356813,0.4611704338663648,3.002,0.0,0.4,0.0,0.0,0.0,3.002,0.0,0,0.0,0.0,0,0,0,0,0,0,0,0,0,0,0,0,1,0,1,0,0
1,1092.614,109,AugShort,0.10010010460496867,-0.09960029634080086,0.06131558252188951,0.05155046714503297,0.6334379941164276,0.722147987797809,0.4550265405577837,0.6710442063022323,0.5459844075836908,72.5014,72.5014,435.186,0,1,0,0,0,0,0,0,0,0,0,0,0.0,0.0,0.0,0.0,0.0,0.0,0.0,0,0,0.4,0.4,0.0,0.0,0.0,42.957059,2.54314,421.0273,0.21268956666270653,0.4550265405577837,0.3959998455675819,3.002,0.0,0.4,0.0,0.0,0.0,3.002,0.0,0,0.0,0.0,0,0,0,0,0,0,0,0,0,0,0,0,1,0,1,0,0
1,1093.637,109,AugShort,0.0,-0.09784956461873771,0.0,0.06131558252188951,0.056745784321814804,0.7480249336300007,0.4577443710331065,0.6781848311558967,0.4819747273490284,72.5014,72.5014,435.186,0,1,0,0,0,0,0,0,0,0,0,0,0.0,0.0,0.0,0.0,0.0,0.0,0.0,0,0,0.3,0.3,0.0,0.0,0.0,49.826881,2.54314,423.7999,0.20642653784612497,0.4577443710331065,0.32173798801864784,3.002,0.0,0.3,0.0,0.0,0.0,3.002,0.0,0,0.0,0.0,0,0,0,0,0,0,0,0,0,0,0,0,1,0,1,0,0
1,1094.617,109,AugShort,0.0,0.0,0.0,0.0,0.05782868506688508,0.7453579360501853,0.458572826307142,0.6825887094643568,0.4115666434989185,72.5014,72.5014,435.186,0,1,0,0,0,0,0,0,0,0,0,0,0.0,0.0,0.0,0.0,0.0,0.0,0.0,0,0,0.2,0.2,0.0,0.0,0.0,56.669754999999995,2.54314,426.5699000000001,0.20469146465873536,0.458572826307142,0.3172100323894559,3.002,0.0,0.2,0.0,0.0,0.0,3.002,0.0,0,0.0,0.0,0,0,0,0,0,0,0,0,0,0,0,0,1,0,1,0,0
1,1095.614,109,AugShort,0.0,0.0,0.0,0.0,0.026666763093579918,0.7664863978045534,0.45857282702465835,0.6856205690381401,0.37764534083468587,72.5014,72.5014,435.186,0,1,0,0,0,0,0,0,0,0,0,0,0.0,0.0,0.0,0.0,0.0,0.0,0.0,0,0,0.1,0.1,0.0,0.0,0.0,63.576804,2.54314,429.4045,0.2046914632120207,0.45857282702465835,0.31547496064878094,3.002,0.0,0.1,0.0,0.0,0.0,3.002,0.0,0,0.0,0.0,0,0,0,0,0,0,0,0,0,0,0,0,1,0,1,0,0
1,1096.616,109,AugShort,0.0,0.0,0.0,0.0,0.027421162119738645,0.7249827678264972,0.45857282777724667,0.6843047485113529,0.3424411836748079,72.5014,72.5014,435.186,0,1,0,0,0,0,0,0,0,0,0,0,0.0,0.0,0.0,0.0,0.0,0.0,0.0,0,0,0.0,0.0,0.0,0.0,0.0,70.57263,16.8025,432.25159999999994,0.20469146169459082,0.45857282777724667,0.3154749605780658,0.0,0.0,0.0,0.0,0.0,0.0,0.0,0.0,0,0.0,0.0,0,0,0,0,0,0,0,0,0,0,0,0,1,0,1,0,0
1,1097.627,109,AugShort,0.0,0.0,0.0,0.0,0.0,0.6240193933883762,0.46248195575889406,0.6777595602522422,0.33149460612461945,72.5014,72.5014,435.186,0,1,0,0,0,0,0,0,0,0,0,0,0.0,0.0,0.0,0.0,0.0,0.0,0.0,0,0,0.0,0.0,0.0,0.0,0.0,76.14252,72.5014,435.3365,0.17889417683708014,0.46248195575889406,0.289677677237985,0.0,0.0,0.0,0.0,0.0,0.0,0.0,0.0,0,0.0,0.0,0,0,0,0,0,0,0,0,0,0,0,0,1,0,1,0,0
1,1098.633,109,AugShort,0.0,0.0,0.0,0.0,0.0,0.5192126444263986,0.04937278105345793,0.6654163425317642,0.26709248442011563,72.5014,72.5014,435.186,0,1,0,0,0,0,0,0,0,0,0,0,0.0,0.0,0.0,0.0,0.0,0.0,0.0,0,0,0.0,0.0,0.0,0.0,0.0,74.43181,72.5014,435.20599999999996,0.03009768666754158,0.04937278105345793,0.16667847192595703,0.0,0.0,0.0,0.0,0.0,0.0,0.0,0.0,0,0.0,0.0,0,0,0,0,0,0,0,0,0,0,0,0,1,0,1,0,0
1,1099.627,109,AugShort,0.0,0.0,0.10283538636734316,0.10283538636734316,0.04598938288196689,0.46687477397789684,0.05042005081199555,0.6508521843663975,0.20822393933060335,66.6447,66.6447,435.186,0,1,0,0,0,0,0,0,0,0,0,0,0.0,0.0,0.0,0.0,0.0,0.0,0.0,0,0,0.0,0.0,0.0,0.0,0.0,72.673,66.6447,435.1729,0.030779388947295372,0.05042005081199555,0.0377673567501333,0.0,0.0,0.0,0.0,0.0,0.0,0.0,0.0,0,0.0,0.0,0,0,0,0,0,0,0,0,0,0,0,0,1,0,1,0,0
1,1100.619,110,AugShort,0.0,0.0,1.502133184863675e-08,0.10283537134601131,0.045989381202531404,0.5425118998569645,0.0355986795455871,0.6416315781153852,0.1510380009634683,66.6447,66.6447,435.186,0,1,0,1,0,0,0,0,0,0,0,0,0.0,0.0,0.0,0.0,0.0,0.0,0.0,0,0,0.0,0.0,0.0,0.0,0.0,71.68033,66.6447,435.16949999999997,0.017391609928742106,0.0355986795455871,0.04426494972102849,0.0,0.0,0.0,0.0,0.0,0.0,0.0,0.0,0,0.0,0.0,0,0,0,0,0,0,0,0,0,0,0,0,1,0,1,0,0
1,1101.641,110,AugShort,0.0,0.0,1.4580392557580876e-08,4.40939291055874e-10,0.04598937957239409,0.563931598525955,0.03596319464050694,0.6350958065604736,0.09400685323753386,66.6447,66.6447,435.186,0,1,0,1,0,0,0,0,0,0,0,0,0.0,0.0,0.0,0.0,0.0,0.0,0.0,0,0,0.0,0.0,0.0,0.0,0.0,70.74439,66.6447,435.186,0.016415099849095706,0.03596319464050694,0.03185368078212163,0.0,0.0,0.0,0.0,0.0,0.0,0.0,0.0,0,0.0,0.0,0,0,0,0,0,0,0,0,0,0,0,0,1,0,1,0,0
1,1102.621,110,AugShort,0.0,0.0,1.5205266524334343e-08,6.248739667534673e-10,0.045989377872393475,0.6142072153822972,0.03251940292406153,0.6309392264232538,0.03526199161313043,66.6447,66.6447,435.186,0,1,0,1,1,0,0,0,0,0,0,0,0.0,0.0,0.0,0.0,0.0,0.0,0.0,0,0,0.0,0.0,0.0,0.0,0.0,70.15871999999999,66.6447,435.186,0.01028354311743341,0.03251940292406153,0.02669863413010572,0.0,0.0,0.0,0.0,0.0,0.0,0.0,0.0,0,0.0,0.0,0,0,0,0,0,0,0,0,0,0,0,0,1,0,1,0,0
1,1103.621,110,AugShort,0.0,0.0,1.4901161193847656e-08,3.041053304866872e-10,0.045989376206392554,0.6284696819483676,0.03251940240048818,0.6277987264807005,0.0341863508015882,66.6447,66.6447,435.186,0,1,0,1,1,0,0,0,0,0,0,0,0.0,0.0,0.0,0.0,0.0,0.0,0.0,0,0,0.0,0.0,0.0,0.0,0.0,69.57305,66.6447,435.186,0.010283544607549527,0.03251940240048818,0.020567075908327306,0.0,0.0,0.0,0.0,0.0,0.0,0.0,0.0,0,0.0,0.0,0,0,0,0,0,0,0,0,0,0,0,0,1,0,1,0,0
1,1104.622,110,AugShort,0.0,0.0,1.488627491892873e-08,1.488627491892657e-11,2.2828951932890643e-10,0.4963101665711786,0.032519401877437785,0.619746346215679,0.02840348231772865,66.6447,66.6447,435.186,0,1,0,1,1,0,0,0,0,0,0,0,0.0,0.0,0.0,0.0,0.0,0.0,0.0,0,0,0.0,0.0,0.0,0.0,0.0,68.98738,66.6447,435.186,0.010283546096177019,0.032519401877437785,0.02056707590981593,0.0,0.0,0.0,0.0,0.0,0.0,0.0,0.0,0,0.0,0.0,0,0,0,0,0,0,0,0,0,0,0,0,1,0,1,0,0
1,1105.625,110,AugShort,0.0,0.0,1.4856591419588892e-08,2.9683499339838035e-11,2.2159749815908821e-10,0.47462132413810987,0.03251940135543029,0.6109291198066579,0.025736806030530406,66.6447,66.6447,435.186,0,1,0,1,1,0,0,0,0,0,0,0,0.0,0.0,0.0,0.0,0.0,0.0,0.0,0,0,0.0,0.0,0.0,0.0,0.0,68.40171000000001,66.6447,435.186,0.010283547581836161,0.03251940135543029,0.020567075912784283,0.0,0.0,0.0,0.0,0.0,0.0,0.0,0.0,0,0.0,0.0,0,0,0,0,0,0,0,0,0,0,0,0,1,0,1,0,0
1,1106.628,110,AugShort,0.0,0.0,1.4856591419588892e-08,0.0,1.488860478168124e-10,0.47462132413810987,0.03251940083342271,0.602549250409349,0.02299468983344515,66.6447,66.6447,435.186,0,1,0,1,1,0,0,0,0,0,0,0,0.0,0.0,0.0,0.0,0.0,0.0,0.0,0,0,0.0,0.0,0.0,0.0,0.0,67.81604,66.6447,435.186,0.010283549067495302,0.03251940083342271,0.020567075912784283,0.0,0.0,0.0,0.0,0.0,0.0,0.0,0.0,0,0.0,0.0,0,0,0,0,0,0,0,0,0,0,0,0,1,0,1,0,0
1,1107.651,110,AugShort,0.0,0.0,1.4566139974435639e-08,2.904514451532531e-10,1.3953609481549544e-10,0.27626607095701683,0.03251940032162046,0.5845658333627549,0.022994689847398754,66.6447,66.6447,435.186,0,1,0,1,1,0,0,0,0,0,0,0,0.0,0.0,0.0,0.0,0.0,0.0,0.0,0,0,0.0,0.0,0.0,0.0,0.0,67.23037000000001,66.6447,435.186,0.010283550524109302,0.03251940032162046,0.020567075941829428,0.0,0.0,0.0,0.0,0.0,0.0,0.0,0.0,0,0.0,0.0,0,0,0,0,0,0,0,0,0,0,0,0,1,0,1,0,0
1,1108.636,110,AugShort,0.0,0.0,1.5128082430302188e-08,5.619424558665496e-10,1.9932857559732274e-10,0.8643210548524339,0.0325193997900735,0.5977276429495465,0.022994689867331615,66.6447,66.6447,435.186,0,1,0,0,0,0,0,0,0,0,0,0,0.0,0.0,0.0,0.0,0.0,0.0,0.0,0,0,0.0,0.0,0.0,0.0,0.0,66.6447,66.6447,435.186,0.010283552036917543,0.0325193997900735,0.020567075998023675,0.0,0.0,0.0,0.0,0.0,0.0,0.0,0.0,0,0.0,0.0,0,0,0,0,0,0,0,0,0,0,0,0,1,0,1,0,0
1,1109.635,110,AugShort,0.0,0.0,1.4916077271118776e-08,2.1200515918341177e-10,2.0079810478183962e-10,0.6690879255356015,2.046908313147336e-10,0.6025898964356207,0.018395751599214735,66.6447,66.6447,435.186,0,1,0,0,0,0,0,0,0,0,0,0,0.0,0.0,0.0,0.0,0.0,0.0,0.0,0,0,0.0,0.0,0.0,0.0,0.0,66.6447,66.6447,435.186,1.4891790954448495e-08,2.046908313147336e-10,0.010283537382489874,0.0,0.0,0.0,0.0,0.0,0.0,0.0,0.0,0,0.0,0.0,0,0,0,0,0,0,0,0,0,0,0,0,1,0,1,0,0
1,1110.633,111,AugShort,0.0,0.0,1.493102324032831e-08,1.4945969209534908e-11,2.027961045327865e-10,0.33333332583333364,2.002852944577669e-10,0.5910966380890758,0.013796813499241205,66.6447,66.6447,435.186,0,1,0,0,0,0,0,0,0,0,0,0,0.0,0.0,0.0,0.0,0.0,0.0,0.0,0,0,0.0,0.0,0.0,0.0,0.0,66.6447,66.6447,435.186,1.4882760093617651e-08,2.002852944577669e-10,2.4938333919675423e-10,0.0,0.0,0.0,0.0,0.0,0.0,0.0,0.0,0,0.0,0.0,0,0,0,0,0,0,0,0,0,0,0,0,1,0,1,0,0
1,1111.662,111,AugShort,0.0,0.0,1.4481206213651756e-08,4.498170266765552e-10,2.713381565880837e-10,0.999999955000003,2.185465603695159e-10,0.6127394188820544,0.009197875569135613,66.6447,66.6447,435.186,0,1,0,0,0,0,0,0,0,0,0,0,0.0,0.0,0.0,0.0,0.0,0.0,0.0,0,0,0.0,0.0,0.0,0.0,0.0,66.6447,66.6447,435.186,1.487284145922474e-08,2.185465603695159e-10,2.502711127588224e-10,0.0,0.0,0.0,0.0,0.0,0.0,0.0,0.0,0,0.0,0.0,0,0,0,0,0,0,0,0,0,0,0,0,1,0,1,0,0
1,1112.632,111,AugShort,0.9335448596014642,0.9624173810324373,0.4435851422723019,0.44358512779109566,0.19837729973853013,1.0,0.14027393388750603,0.626632019492164,0.02443666775574928,66.6447,89.7712,409.96,0,1,0,0,0,0,0,0,0,0,0,0,0.0,0.0,0.0,0.0,0.0,0.0,0.0,0,0,0.0,0.0,0.0,0.0,0.0,68.95735,66.6447,432.6634,0.044358527579545,0.14027393388750603,0.04435851296689328,0.0,0.0,0.0,0.0,0.0,0.0,0.0,0.0,0,0.0,0.0,0,0,0,0,0,0,0,0,0,0,0,0,1,0,1,0,0
1,1113.635,111,AugShort,1.2170045924037536,0.2826118971109566,0.04514453109327051,0.3984406111790314,0.1943157609028038,0.9371138156106611,0.13941151163003843,0.636086463591197,0.03926930622539041,66.6447,88.6126,436.994,0,1,0,0,0,0,0,0,0,0,0,0,0.0,0.0,0.0,0.0,0.0,0.0,0.0,0,0,0.0,0.0,0.0,0.0,0.0,71.15414,66.6447,432.8442,0.048872979198755925,0.13941151163003843,0.08420257405438589,0.0,0.0,0.0,0.0,0.0,0.0,0.0,0.0,0,0.0,0.0,0,0,0,0,0,0,0,0,0,0,0,0,1,0,1,0,0
1,1114.638,111,AugShort,0.39880364419205633,-0.8157536871502465,0.0014780121323509229,0.04366651896091959,0.19413092933684387,0.8499311242600386,0.13935471286919485,0.6413151230016897,0.058682399136245844,66.6447,88.4697,436.929,0,1,0,0,0,0,0,0,0,0,0,0,0.0,0.0,0.0,0.0,0.0,0.0,0.0,0,0,0.0,0.0,0.0,0.0,0.0,73.33664000000002,66.6447,433.0185,0.049020778923363525,0.13935471286919485,0.08856922594898922,0.0,0.0,0.0,0.0,0.0,0.0,0.0,0.0,0,0.0,0.0,0,0,0,0,0,0,0,0,0,0,0,0,1,0,1,0,0
1,1115.639,111,AugShort,0.0,-0.39840523895310326,9.761583263673393e-08,0.0014779145165182861,0.194130918897314,0.8499311242600386,0.13935470963450922,0.6454873593244639,0.07809549100381749,66.6447,88.4696,436.927,0,1,0,0,0,0,0,0,0,0,0,0,0.0,0.0,0.0,0.0,0.0,0.0,0.0,0,0,0.0,0.0,0.0,0.0,0.0,75.51912999999999,66.6447,433.19259999999997,0.04902078719928765,0.13935470963450922,0.0887170173976727,0.0,0.0,0.0,0.0,0.0,0.0,0.0,0.0,0,0.0,0.0,0,0,0,0,0,0,0,0,0,0,0,0,1,0,1,0,0
1,1116.635,111,AugShort,0.0,0.0,0.3378124413138614,0.33781234369802876,0.2096435896625754,0.8499311242600386,0.16477711400357611,0.651734777146141,0.09905984995518642,69.1918,69.1918,436.927,0,1,0,0,0,0,0,0,0,0,0,0,0.0,0.0,0.0,0.0,0.0,0.0,0.0,0,0,0.0,0.0,0.0,0.0,0.0,75.77383999999999,66.6447,433.3666999999999,0.08280202984501465,0.16477711400357611,0.12249825176747557,0.0,0.0,0.0,0.0,0.0,0.0,0.0,0.0,0,0.0,0.0,0,0,0,0,0,0,0,0,0,0,0,0,1,0,1,0,0
1,1117.639,111,AugShort,0.09960159362404862,0.09920477452594484,0.4908972470068643,0.15308480569300292,0.22577435003646687,0.7840722699440825,0.20546721797148235,0.6597374209739264,0.1216372849448795,40.9532,40.9532,436.923,0,1,0,0,0,0,0,0,0,0,0,0,0.0,0.0,0.0,0.0,0.0,0.0,0.0,0,0,0.0,0.0,0.0,0.0,0.0,73.20469,40.9532,433.54040000000003,0.1318917530890871,0.20546721797148235,0.13780673230773072,0.0,0.0,0.0,0.0,0.0,0.0,0.0,0.0,0,0.0,0.0,0,0,0,0,0,0,0,0,0,0,0,0,1,0,1,0,0
1,1118.639,111,AugShort,0.30000004266593605,0.20039844904188742,0.5833488259867194,0.09245157897985512,0.2719274868489711,0.6600111434322337,0.24320532559098906,0.6667773459242181,0.14883003360984376,40.9532,74.4207,436.864,0,1,0,0,0,0,0,0,0,0,0,0,0.0,0.0,0.0,0.0,0.0,0.0,0.0,0,0,0.0,0.0,0.0,0.0,0.0,73.98228999999999,40.9532,433.70820000000003,0.19022663417495078,0.24320532559098906,0.14705189014952197,0.0,0.0,0.0,0.0,0.0,0.0,0.0,0.0,0,0.0,0.0,0,0,0,0,0,0,0,0,0,0,0,0,1,0,1,0,0
1,1119.643,111,AugShort,0.0,-0.29880482337244624,0.0,0.5833488259867194,0.27231016355623966,0.6600111434322337,0.24320532688730345,0.6764341643969349,0.1760610499453879,40.9532,74.4207,436.864,0,1,0,0,0,0,0,0,0,0,0,0,0.0,0.0,0.0,0.0,0.0,0.0,0.0,0,0,0.0,0.0,0.0,0.0,0.0,74.75989,40.9532,433.87600000000003,0.19022663268334306,0.24320532688730345,0.20538677272699343,0.0,0.0,0.0,0.0,0.0,0.0,0.0,0.0,0,0.0,0.0,0,0,0,0,0,0,0,0,0,0,0,0,1,0,1,0,0
1,1120.643,112,AugShort,0.0,0.0,0.0,0.0,0.27231018886547537,0.6600111434322337,0.24320532818491672,0.6823091265756983,0.20329206881165582,40.9532,74.4207,436.864,0,1,0,1,1,0,0,0,0,0,0,0,0.0,0.0,0.0,0.0,0.0,0.0,0.0,0,0,0.0,0.0,0.0,0.0,0.0,75.53748999999999,40.9532,434.04380000000003,0.19022663119024075,0.24320532818491672,0.20538677272549882,0.0,0.0,0.0,0.0,0.0,0.0,0.0,0.0,0,0.0,0.0,0,0,0,0,0,0,0,0,0,0,0,0,1,0,1,0,0
1,1121.644,112,AugShort,0.09990010189846533,0.09980030159686848,0.198048491511838,0.198048491511838,0.27237495897893615,0.6269811050784746,0.23387845389971898,0.6854616019033244,0.23052956468241564,40.9532,85.7837,436.857,0,1,0,1,1,0,0,0,0,0,0,0,0.0,0.0,0.0,0.0,0.0,0.0,0.0,0,0,0.0,0.0,0.0,0.0,0.0,77.45139,40.9532,434.2108999999999,0.21003147889330392,0.23387845389971898,0.22519162183170094,0.0,0.0,0.0,0.0,0.0,0.0,0.0,0.0,0,0.0,0.0,0,0,0,0,0,0,0,0,0,0,0,0,1,0,1,0,0
1,1122.648,112,AugShort,0.09960159810793197,-0.0002973145324037515,0.12255944543223636,0.07548904607960165,0.24037070827431944,0.5766678294422241,0.21987129415577186,0.6835846326063206,0.23472890553599454,74.4207,82.1743,409.757,0,1,0,1,1,0,0,0,0,0,0,0,0.0,0.0,0.0,0.0,0.0,0.0,0.0,0,0,0.0,0.0,0.0,0.0,0.0,76.6917,40.9532,434.1906,0.17792890920929735,0.21987129415577186,0.18838201366055152,0.0,0.0,0.0,0.0,0.0,0.0,0.0,0.0,0,0.0,0.0,0,0,0,0,0,0,0,0,0,0,0,0,1,0,1,0,0
1,1123.644,112,AugShort,0.0,-0.10000160452603611,2.1158056481372508e-08,0.12255942427417987,0.09176890826294164,0.5766678294422241,0.2233367336550517,0.6809945399810136,0.22447422027200833,74.4207,82.1425,410.065,0,1,0,0,0,0,0,0,0,0,0,0,0.0,0.0,0.0,0.0,0.0,0.0,0.0,0,0,0.0,0.0,0.0,0.0,0.0,76.04469,40.9532,431.4977,0.17341445821577597,0.2233367336550517,0.16079389497006638,0.0,0.0,0.0,0.0,0.0,0.0,0.0,0.0,0,0.0,0.0,0,0,0,0,0,0,0,0,0,0,0,0,1,0,1,0,0
1,1124.652,112,AugShort,0.715387182662445,0.7097095066095686,0.8437794371197016,0.8437794159616451,0.3517982944566801,0.2906018973724119,0.29773096800688625,0.6707091265210752,0.24024095678399196,44.163,44.163,436.212,0,1,0,0,0,0,0,0,0,0,0,0,0.0,0.0,0.0,0.0,0.0,0.0,0.0,0,0,0.0,0.0,0.0,0.0,0.0,71.61402000000001,40.9532,431.42600000000004,0.257644600714511,0.29773096800688625,0.24080518467013895,0.0,0.0,0.0,0.0,0.0,0.0,0.0,0.0,0,0.0,0.0,0,0,0,0,0,0,0,0,0,0,0,0,1,0,1,0,0
1,1125.65,112,AugShort,1.2674459769323527,0.5531651245189456,0.10161114183850334,0.7421682952811983,0.3376322430318064,0.043739704212279046,0.2895833853570987,0.6491650455247837,0.2545910891974412,44.163,50.0399,435.014,0,1,0,0,0,0,0,0,0,0,0,0,0.0,0.0,0.0,0.0,0.0,0.0,0.0,0,0,0.0,0.0,0.0,0.0,0.0,67.77105,40.9532,431.2347,0.2678057051367781,0.2895833853570987,0.3148742227466069,0.0,0.0,0.0,0.0,0.0,0.0,0.0,0.0,0,0.0,0.0,0,0,0,0,0,0,0,0,0,0,0,0,1,0,1,0,0
1,1126.651,112,AugShort,1.2793455675517218,0.01188770291645262,0.2616157819280714,0.16000464008956805,0.3362302558335463,0.2325424627987247,0.28853723284158433,0.6370611024578143,0.2672497558145383,35.1483,35.1483,434.079,0,1,0,0,0,0,0,0,0,0,0,0,0.0,0.0,0.0,0.0,0.0,0.0,0.0,0,0,0.0,0.0,0.0,0.0,0.0,64.36670000000001,35.1483,430.94989999999996,0.26018603919819905,0.28853723284158433,0.29709345238576085,0.0,0.0,0.0,0.0,0.0,0.0,0.0,0.0,0,0.0,0.0,0,0,0,0,0,0,0,0,0,0,0,0,1,0,1,0,0
1,1127.647,112,AugShort,1.2857680211225901,0.0064482465570967346,1.22239761426078,0.9607818323327086,0.5254965632388564,0.3595015657849197,0.4174522976965986,0.6412228771992095,0.29722197713477727,29.4132,29.4132,748.763,0,1,0,0,0,0,0,0,0,0,0,0,0.0,0.0,0.0,0.0,0.0,0.0,0.0,0,0,0.0,0.0,0.0,0.0,0.0,63.2127,29.4132,462.1339,0.33333607592359066,0.4174522976965986,0.37786315504973145,0.0,0.0,0.0,0.0,0.0,0.0,0.0,0.0,0,0.0,0.0,0,0,0,0,0,0,0,0,0,0,0,0,1,0,1,0,0
1,1128.68,112,AugShort,1.2129684822596454,-0.07047390015773937,0.578881362612961,0.643516251647819,0.4500374441811219,0.44473238059189707,0.41715729839898563,0.6202434434861827,0.31503297286799237,29.4132,63.6195,747.808,0,1,0,0,0,0,0,0,0,0,0,0,0.0,0.0,0.0,0.0,0.0,0.0,0.0,0,0,0.0,0.0,0.0,0.0,0.0,62.132580000000004,29.4132,493.22830000000005,0.3328893295862148,0.41715729839898563,0.43296962231652786,0.0,0.0,0.0,0.0,0.0,0.0,0.0,0.0,0,0.0,0.0,0,0,0,0,0,0,0,0,0,0,0,0,1,0,1,0,0
1,1129.651,112,AugShort,1.3188721945805566,0.1090666450266851,0.36172982425576483,0.21715153835719614,0.43663551133597317,0.4297349996267855,0.40043220070772384,0.6082757971907419,0.3314655076459657,29.4132,83.792,746.651,0,1,0,0,0,0,0,0,0,0,0,0,0.0,0.0,0.0,0.0,0.0,0.0,0.0,0,0,0.0,0.0,0.0,0.0,0.0,63.06971000000001,29.4132,524.207,0.3690623120117913,0.40043220070772384,0.39634989355357547,0.0,0.0,0.0,0.0,0.0,0.0,0.0,0.0,0,0.0,0.0,0,0,0,0,0,0,0,0,0,0,0,0,1,0,1,0,0
1,1130.651,113,AugShort,1.3416409206631323,0.02276872608257574,0.6331595101694483,0.27142968591368344,0.37400972433901997,0.4016862736961317,0.38536631486131506,0.6116934445838818,0.34163546119332017,29.4132,64.7456,415.105,0,1,0,0,0,0,0,0,0,0,0,0,0.0,0.0,0.0,0.0,0.0,0.0,0.0,0,0,0.0,0.0,0.0,0.0,0.0,62.1022,29.4132,522.0311,0.43237826302873617,0.38536631486131506,0.42349286214494375,0.0,0.0,0.0,0.0,0.0,0.0,0.0,0.0,0,0.0,0.0,0,0,0,0,0,0,0,0,0,0,0,0,1,0,1,0,0
1,1131.659,113,AugShort,1.1569350104029732,-0.18323999033745947,0.48383215323530615,0.14932735693414212,0.3329834580878333,0.3161601343697973,0.37655375896787563,0.5775014535523715,0.34769631110420984,29.4132,37.8959,413.834,0,1,0,0,0,0,0,0,0,0,0,0,0.0,0.0,0.0,0.0,0.0,0.0,0.0,0,0,0.0,0.0,0.0,0.0,0.0,57.313419999999994,29.4132,519.7288000000001,0.4609566292010829,0.37655375896787563,0.41862074868717414,0.0,0.0,0.0,0.0,0.0,0.0,0.0,0.0,0,0.0,0.0,0,0,0,0,0,0,0,0,0,0,0,0,1,0,1,0,0
1,1132.655,113,AugShort,0.28397864473224593,-0.8764622145288427,0.08382671545808756,0.4000054377772186,0.21841440931501394,0.3929667833022547,0.3805987820316123,0.5471497927174842,0.3455006812082793,37.8959,43.6211,413.938,0,1,0,0,0,0,0,0,0,0,0,0,0.0,0.0,0.0,0.0,0.0,0.0,0.0,0,0,0.0,0.0,0.0,0.0,0.0,53.4581,29.4132,520.1469,0.4570833562036681,0.3805987820316123,0.45107238785693593,0.0,0.0,0.0,0.0,0.0,0.0,0.0,0.0,0,0.0,0.0,0,0,0,0,0,0,0,0,0,0,0,0,1,0,1,0,0
1,1133.664,113,AugShort,0.2216122980252976,-0.06181005620113809,0.059699751717220674,0.02412696374086689,0.25004313466091116,0.5318391218007728,0.373025325936585,0.5268860580269898,0.3613281038480763,37.8959,47.5352,414.967,0,1,0,0,0,0,0,0,0,0,0,0,0.0,0.0,0.0,0.0,0.0,0.0,0.0,0,0,0.0,0.0,0.0,0.0,0.0,49.997370000000004,29.4132,520.6371,0.4630533292595844,0.373025325936585,0.4412291418036046,0.0,0.0,0.0,0.0,0.0,0.0,0.0,0.0,0,0.0,0.0,0,0,0,0,0,0,0,0,0,0,0,0,1,0,1,0,0
1,1134.66,113,AugShort,0.7099466699734248,0.4902955541647864,1.195903593287097,1.1362038415698763,0.4660899494039765,0.5265027844869377,0.4258389161087507,0.5107146410383347,0.37275726934280595,37.8959,71.7612,746.134,0,1,0,0,0,0,0,0,0,0,0,0,0.0,0.0,0.0,0.0,0.0,0.0,0.0,0,0,0.0,0.0,0.0,0.0,0.0,52.75719,29.4132,551.6293,0.49826574487632397,0.4258389161087507,0.4704715843644278,0.0,0.0,0.0,0.0,0.0,0.0,0.0,0.0,0,0.0,0.0,0,0,0,0,0,0,0,0,0,0,0,0,1,0,1,0,0
1,1135.659,113,AugShort,1.266177398353045,0.5567875158955158,0.00801937266642728,1.1878842206206697,0.5010528405636433,0.5171892800214052,0.4364222893383933,0.49407754882640303,0.3890993290959896,37.8959,71.3909,745.551,0,1,0,0,0,0,0,0,0,0,0,0,0.0,0.0,0.0,0.0,0.0,0.0,0.0,0,0,0.0,0.0,0.0,0.0,0.0,54.89229,29.4132,582.683,0.4889065679591164,0.4364222893383933,0.5150431768983749,0.0,0.0,0.0,0.0,0.0,0.0,0.0,0.0,0,0.0,0.0,0,0,0,0,0,0,0,0,0,0,0,0,1,0,1,0,0
1,1136.663,113,AugShort,0.9182814298321814,-0.34650992880564113,0.008445888662673418,0.00042651599624613824,0.5179820464211634,0.5143279337820211,0.4578878556459074,0.4772973893025022,0.4072745081547513,43.6211,70.9711,745.262,0,1,0,0,0,0,0,0,0,0,0,0,0.0,0.0,0.0,0.0,0.0,0.0,0.0,0,0,0.0,0.0,0.0,0.0,0.0,58.47456999999999,29.4132,613.8013,0.4635895786325766,0.4578878556459074,0.49908536448904267,0.0,0.0,0.0,0.0,0.0,0.0,0.0,0.0,0,0.0,0.0,0,0,0,0,0,0,0,0,0,0,0,0,1,0,1,0,0
1,1137.662,113,AugShort,0.0,-0.9192006304626441,0.0,0.008445888662673418,0.526842813446654,0.511146187693812,0.3911026669530106,0.4636510851899887,0.40740913317553107,47.5352,70.9713,745.267,0,1,0,0,0,0,0,0,0,0,0,0,0.0,0.0,0.0,0.0,0.0,0.0,0.0,0,0,0.0,0.0,0.0,0.0,0.0,62.63038,37.8959,613.4517,0.3413498172064986,0.3911026669530106,0.40385177012203927,0.0,0.0,0.0,0.0,0.0,0.0,0.0,0.0,0,0.0,0.0,0,0,0,0,0,0,0,0,0,0,0,0,1,0,1,0,0
1,1138.674,113,AugShort,0.0,0.0,0.0,0.0,0.5329993902157807,0.5307935896824018,0.394861405267086,0.45719020750249717,0.41570532777899694,70.9711,70.9713,745.256,0,1,0,0,0,0,0,0,0,0,0,0,0.0,0.0,0.0,0.0,0.0,0.0,0.0,0,0,0.0,0.0,0.0,0.0,0.0,63.365559999999995,37.8959,613.1965,0.2834616809452025,0.394861405267086,0.3395001449572573,0.0,0.0,0.0,0.0,0.0,0.0,0.0,0.0,0,0.0,0.0,0,0,0,0,0,0,0,0,0,0,0,0,1,0,1,0,0
1,1139.669,113,AugShort,0.4143824768875476,0.41646480089200766,0.428516915068928,0.428516915068928,0.18984240991613896,0.5447544006999362,0.3968919292403242,0.4514273703658822,0.3910260176370135,70.9711,94.0907,413.774,0,1,0,0,0,0,0,0,0,0,0,0,0.0,0.0,0.0,0.0,0.0,0.0,0.0,0,0,0.0,0.0,0.0,0.0,0.0,64.39543,37.8959,579.9088,0.2901403900265188,0.3968919292403242,0.36063668262843046,0.0,0.0,0.0,0.0,0.0,0.0,0.0,0.0,0,0.0,0.0,0,0,0,0,0,0,0,0,0,0,0,0,1,0,1,0,0
1,1140.675,114,AugShort,9.940357852506384e-06,-0.4119011297511879,0.0,0.428516915068928,0.19072937710699886,0.5447540001884247,0.3864567050746317,0.4456645132036918,0.3726979829138114,70.9711,94.0427,413.785,0,1,0,1,1,0,0,0,0,0,0,0,0.0,0.0,0.0,0.0,0.0,0.0,0.0,0,0,0.0,0.0,0.0,0.0,0.0,67.32514,37.8959,579.7768,0.22682443900957402,0.3864567050746317,0.3763454055439549,0.0,0.0,0.0,0.0,0.0,0.0,0.0,0.0,0,0.0,0.0,0,0,0,0,0,0,0,0,0,0,0,0,1,0,1,0,0
1,1141.671,114,AugShort,0.0,-9.980278968379904e-06,0.0,0.0,0.19163859032052435,0.551530868074256,0.38095290898603623,0.4418920013534809,0.3585634961370805,70.9713,94.0354,414.173,0,1,0,1,1,0,0,0,0,0,0,0,0.0,0.0,0.0,0.0,0.0,0.0,0.0,0,0,0.0,0.0,0.0,0.0,0.0,72.93909,43.6211,579.8107,0.17844122368604337,0.38095290898603623,0.3614126698505407,0.0,0.0,0.0,0.0,0.0,0.0,0.0,0.0,0,0.0,0.0,0,0,0,0,0,0,0,0,0,0,0,0,1,0,1,0,0
1,1142.672,114,AugShort,0.0,0.0,0.0,0.0,0.19163859032052435,0.5487392286562679,0.3841748362262529,0.44049557131418304,0.3558859142376315,70.9713,94.0351,414.17,0,1,0,1,1,0,0,0,0,0,0,0,0.0,0.0,0.0,0.0,0.0,0.0,0.0,0,0,0.0,0.0,0.0,0.0,0.0,77.98049,47.5352,579.8339,0.17005855214023463,0.3841748362262529,0.3214121260728188,0.0,0.0,0.0,0.0,0.0,0.0,0.0,0.0,0,0.0,0.0,0,0,0,0,0,0,0,0,0,0,0,0,1,0,1,0,0
1,1143.671,114,AugShort,0.0,0.0,0.0,0.0,0.19163859032052435,0.5487392286562679,0.3865369298721563,0.43909914127488525,0.35004545980359286,94.0351,94.0353,414.165,0,1,0,1,1,0,0,0,0,0,0,0,0.0,0.0,0.0,0.0,0.0,0.0,0.0,0,0,0.0,0.0,0.0,0.0,0.0,82.63050000000001,70.9711,579.7537,0.16408857696851256,0.3865369298721563,0.3189994296987322,0.0,0.0,0.0,0.0,0.0,0.0,0.0,0.0,0,0.0,0.0,0,0,0,0,0,0,0,0,0,0,0,0,1,0,1,0,0
1,1144.672,114,AugShort,0.0,0.0,0.0,0.0,0.0,0.5502294384629325,0.134973855963237,0.4520805183294113,0.3034364648631952,94.0351,94.0353,414.166,0,1,0,1,1,0,0,0,0,0,0,0,0.0,0.0,0.0,0.0,0.0,0.0,0.0,0,0,0.0,0.0,0.0,0.0,0.0,84.85790999999999,70.9711,546.5569,0.04449821763980287,0.134973855963237,0.20537904554174452,0.0,0.0,0.0,0.0,0.0,0.0,0.0,0.0,0,0.0,0.0,0,0,0,0,0,0,0,0,0,0,0,0,1,0,1,0,0
1,1145.677,114,AugShort,0.0,0.0,0.0,0.0,0.0,0.5397221497217067,0.13523823849085864,0.47687964060488264,0.2533311808068309,94.0351,94.0353,414.159,0,1,0,1,1,0,0,0,0,0,0,0,0.0,0.0,0.0,0.0,0.0,0.0,0.0,0,0,0.0,0.0,0.0,0.0,0.0,87.12235000000001,70.9711,513.4177,0.04369628037316014,0.13523823849085864,0.08659062347967754,0.0,0.0,0.0,0.0,0.0,0.0,0.0,0.0,0,0.0,0.0,0,0,0,0,0,0,0,0,0,0,0,0,1,0,1,0,0
1,1146.677,114,AugShort,0.0,0.0,0.0,0.0,0.0,0.5867323963561416,0.13550894675267347,0.49458913728275344,0.20153297616471458,94.0351,94.0351,414.155,0,1,0,0,0,0,0,0,0,0,0,0,0.0,0.0,0.0,0.0,0.0,0.0,0.0,0,0,0.0,0.0,0.0,0.0,0.0,89.42875000000001,70.9713,480.30699999999996,0.042851691506892796,0.13550894675267347,0.08654797188005295,0.0,0.0,0.0,0.0,0.0,0.0,0.0,0.0,0,0.0,0.0,0,0,0,0,0,0,0,0,0,0,0,0,0,0,0,0,0
1,1147.674,114,AugShort,0.0,0.0,0.0,0.0,0.0,0.7089228962966991,0.13550894675267347,0.5120602038083425,0.14884869482004917,94.0346,94.0346,414.164,0,1,0,1,1,0,0,0,0,0,0,0,0.0,0.0,0.0,0.0,0.0,0.0,0.0,0,0,0.0,0.0,0.0,0.0,0.0,91.73508,70.9713,447.19669999999996,0.042851691506892796,0.13550894675267347,0.08570338301378559,0.0,0.0,0.0,0.0,0.0,0.0,0.0,0.0,0,0.0,0.0,0,0,0,0,0,0,0,0,0,0,0,0,0,0,0,0,0
1,1148.679,114,AugShort,0.0,0.0,0.0,0.0,0.0,0.8363004267080794,0.13550894675267347,0.5316386061141516,0.09554875579847108,94.0346,94.0351,414.166,0,1,0,1,1,0,0,0,0,0,0,0,0.0,0.0,0.0,0.0,0.0,0.0,0.0,0,0,0.0,0.0,0.0,0.0,0.0,94.04146,94.0346,414.08770000000004,0.042851691506892796,0.13550894675267347,0.08570338301378559,0.0,0.0,0.0,0.0,0.0,0.0,0.0,0.0,0,0.0,0.0,0,0,0,0,0,0,0,0,0,0,0,0,0,0,0,0,0
1,1149.679,114,AugShort,0.0,0.0,0.0,0.0,0.0,0.8409161509356117,0.0,0.5521976636795929,0.07656451480685719,94.0265,94.0265,414.193,0,1,0,0,0,0,0,0,0,0,0,0,0.0,0.0,0.0,0.0,0.0,0.0,0.0,0,0,0.0,0.0,0.0,0.0,0.0,94.03504,94.0265,414.12960000000004,0.0,0.0,0.042851691506892796,0.0,0.0,0.0,0.0,0.0,0.0,0.0,0.0,0,0.0,0.0,0,0,0,0,0,0,0,0,0,0,0,0,0,0,0,0,0
1,1150.682,115,AugShort,0.0,0.0,0.0,0.0,0.0,0.8096370585394361,0.0,0.5725952029217581,0.057491577096157306,94.0265,94.2529,414.051,0,1,0,0,0,0,0,0,0,0,0,0,0.0,0.0,0.0,0.0,0.0,0.0,0.0,0,0,0.0,0.0,0.0,0.0,0.0,94.05606,94.0265,414.1562,0.0,0.0,0.0,0.0,0.0,0.0,0.0,0.0,0.0,0.0,0.0,0,0.0,0.0,0,0,0,0,0,0,0,0,0,0,0,0,0,0,0,0,0
1,1151.784,115,AugShort,0.0,0.0,0.0,0.0,0.0,0.8380604882672067,0.0,0.5986902206166287,0.038327718064104864,94.0265,94.6704,414.077,0,1,0,0,0,0,0,0,0,0,0,0,0.0,0.0,0.0,0.0,0.0,0.0,0.0,0,0,0.0,0.0,0.0,0.0,0.0,94.11956,94.0265,414.14660000000003,0.0,0.0,0.0,0.0,0.0,0.0,0.0,0.0,0.0,0.0,0.0,0,0.0,0.0,0,0,0,0,0,0,0,0,0,0,0,0,0,0,0,0,0
1,1152.681,115,AugShort,0.0,0.0,0.0,0.0,0.0,0.8745487915287256,0.0,0.6227693210279521,0.019163859032052435,94.0265,95.017,414.169,0,1,0,0,0,0,0,0,0,0,0,0,0.0,0.0,0.0,0.0,0.0,0.0,0.0,0,0,0.0,0.0,0.0,0.0,0.0,94.21775,94.0265,414.1465,0.0,0.0,0.0,0.0,0.0,0.0,0.0,0.0,0.0,0.0,0.0,0,0.0,0.0,0,0,0,0,0,0,0,0,0,0,0,0,0,0,0,0,0
1,1153.684,115,AugShort,0.0997008973084385,0.09940268924071635,0.3046094010544649,0.3046094010544649,0.1362254654686559,0.9005602653784316,0.09632595040318047,0.6412053782068351,0.01362254654686559,77.8998,77.8998,744.953,0,1,0,0,0,0,0,0,0,0,0,0,0.0,0.0,0.0,0.0,0.0,0.0,0.0,0,0,0.0,0.0,0.0,0.0,0.0,92.60419999999999,77.8998,447.22529999999995,0.030460940105446487,0.09632595040318047,0.030460940105446487,0.0,0.0,0.0,0.0,0.0,0.0,0.0,0.0,0,0.0,0.0,0,0,0,0,0,0,0,0,0,0,0,0,0,0,0,0,0
1,1154.683,115,AugShort,1.030593715091992,0.9318246424259795,0.1726770986513373,0.1319323024031276,0.1387838130412911,0.36477297941122167,0.10531646876030455,0.6331188879530492,0.0275009278509947,67.9501,67.9501,745.498,0,1,0,0,0,0,0,0,0,0,0,0,0.0,0.0,0.0,0.0,0.0,0.0,0.0,0,0,0.0,0.0,0.0,0.0,0.0,89.99568,67.9501,480.3585,0.04772864997058022,0.10531646876030455,0.04365417034575925,0.0,0.0,0.0,0.0,0.0,0.0,0.0,0.0,0,0.0,0.0,0,0,0,0,0,0,0,0,0,0,0,0,0,0,0,0,0
1,1155.689,115,AugShort,1.1113659435318355,0.08029048552668346,0.021495595182920154,0.15118150346841713,0.13537873963934938,0.2847125174629421,0.10444986591317028,0.6214950498251262,0.04103880181492964,67.9501,69.1057,745.916,0,1,0,0,0,0,0,0,0,0,0,0,0.0,0.0,0.0,0.0,0.0,0.0,0.0,0,0,0.0,0.0,0.0,0.0,0.0,87.50272,67.9501,513.5342,0.049878209488872234,0.10444986591317028,0.058772320692600966,0.0,0.0,0.0,0.0,0.0,0.0,0.0,0.0,0,0.0,0.0,0,0,0,0,0,0,0,0,0,0,0,0,0,0,0,0,0
1,1156.682,115,AugShort,2.0539859473351547,0.9492648578079751,0.02441123166404739,0.0029156364811272345,0.13125927116127517,0.8471505332561865,0.10343495581394348,0.6381361797988344,0.05416472893105715,67.5721,67.5721,746.625,0,1,0,1,1,0,0,0,0,0,0,0,0.0,0.0,0.0,0.0,0.0,0.0,0.0,0,0,0.0,0.0,0.0,0.0,0.0,84.85642,67.5721,546.7812,0.052319332655276975,0.10343495581394348,0.05906388434071368,0.0,0.0,0.0,0.0,0.0,0.0,0.0,0.0,0,0.0,0.0,0,0,0,0,0,0,0,0,0,0,0,0,0,0,0,0,0
1,1157.687,115,AugShort,1.7631887652241374,-0.2893504299612113,0.021220683763344333,0.0031905479007030557,0.12731381596935615,0.8883389902602273,0.10245535201549108,0.6569958199271551,0.06689611052799277,66.2265,66.2265,747.309,0,1,0,1,1,0,0,0,0,0,0,0,0.0,0.0,0.0,0.0,0.0,0.0,0.0,0,0,0.0,0.0,0.0,0.0,0.0,82.07561000000001,66.2265,580.0957,0.0544414010316114,0.10245535201549108,0.059382939130783984,0.0,0.0,0.0,0.0,0.0,0.0,0.0,0.0,0,0.0,0.0,0,0,0,0,0,0,0,0,0,0,0,0,0,0,0,0,0
1,1158.828,115,AugShort,0.0,-1.5453012841578768,1.3059738119060172e-08,0.021220670703606215,0.0703996010008417,0.8883389902602273,0.10245535124443396,0.6748730899560463,0.07393607062807694,66.2257,66.2257,747.32,0,1,0,1,1,0,0,0,0,0,0,0,0.0,0.0,0.0,0.0,0.0,0.0,0.0,0,0,0.0,0.0,0.0,0.0,0.0,79.29467,66.2257,613.4111,0.054441402337585224,0.10245535124443396,0.06150500620114461,0.0,0.0,0.0,0.0,0.0,0.0,0.0,0.0,0,0.0,0.0,0,0,0,0,0,0,0,0,0,0,0,0,0,0,0,0,0
1,1159.823,115,AugShort,0.5124642775519549,0.5150394749265879,0.007630246566000098,0.007630233506261979,0.010592002685193239,0.9016177784017717,0.10203239514841789,0.6927162588411383,0.07499527089659627,65.7743,65.7743,746.825,0,1,0,1,1,0,0,0,0,0,0,0,0.0,0.0,0.0,0.0,0.0,0.0,0.0,0,0,0.0,0.0,0.0,0.0,0.0,76.46945000000001,65.7743,646.6743,0.05520442699418523,0.10203239514841789,0.06226802955177081,0.0,0.0,0.0,0.0,0.0,0.0,0.0,0.0,0,0.0,0.0,0,0,0,0,0,0,0,0,0,0,0,0,0,0,0,0,0
1,1160.832,116,AugShort,0.5053538234299244,-0.007047030844430611,0.07028190092164924,0.06265165435564914,0.027346682471855302,0.7646470902437629,0.10021162819978471,0.7037109133439051,0.07772993914378179,65.7743,69.874,746.67,0,1,0,1,1,0,0,0,0,0,0,0,0.0,0.0,0.0,0.0,0.0,0.0,0.0,0,0,0.0,0.0,0.0,0.0,0.0,74.03156,65.7743,679.9362,0.06223261708635015,0.10021162819978471,0.06853319498733572,0.0,0.0,0.0,0.0,0.0,0.0,0.0,0.0,0,0.0,0.0,0,0,0,0,0,0,0,0,0,0,0,0,0,0,0,0,0
1,1161.843,116,AugShort,0.0,-0.49985541387727445,0.0,0.07028190092164924,0.029506861553608876,0.7646470902437629,0.10021162819978471,0.7143667244523805,0.08068062529914269,65.7743,69.8738,746.667,0,1,0,1,1,0,0,0,0,0,0,0,0.0,0.0,0.0,0.0,0.0,0.0,0.0,0,0,0.0,0.0,0.0,0.0,0.0,71.5519,65.7743,713.1951999999999,0.06223261708635015,0.10021162819978471,0.07556138507950064,0.0,0.0,0.0,0.0,0.0,0.0,0.0,0.0,0,0.0,0.0,0,0,0,0,0,0,0,0,0,0,0,0,0,0,0,0,0
1,1162.83,116,AugShort,0.0,0.0,0.0,0.0,0.03075591531553842,0.7646470902437629,0.10021162819978471,0.7251621175317553,0.08375621683069652,65.7743,69.8734,746.66,0,1,0,1,1,0,0,0,0,0,0,0,0.0,0.0,0.0,0.0,0.0,0.0,0.0,0,0,0.0,0.0,0.0,0.0,0.0,69.03753999999999,65.7743,746.4443,0.06223261708635015,0.10021162819978471,0.07556138507950064,0.0,0.0,0.0,0.0,0.0,0.0,0.0,0.0,0,0.0,0.0,0,0,0,0,0,0,0,0,0,0,0,0,0,0,0,0,0
1,1163.84,116,AugShort,0.0,0.0,0.0,0.0,0.030755916969711063,0.7646470902437629,0.05398460515089373,0.73595751061113,0.07320926198080205,65.7743,69.8736,746.664,0,1,0,1,1,0,0,0,0,0,0,0,0.0,0.0,0.0,0.0,0.0,0.0,0.0,0,0,0.0,0.0,0.0,0.0,0.0,68.23492,65.7743,746.6154,0.03177167698090366,0.05398460515089373,0.04510044497405415,0.0,0.0,0.0,0.0,0.0,0.0,0.0,0.0,0,0.0,0.0,0,0,0,0,0,0,0,0,0,0,0,0,0,0,0,0,0
1,1164.845,116,AugShort,1.9319890472437116,1.922377161436529,0.2928651934892078,0.2928651934892078,0.12682113853654492,0.8153048646492752,0.0901233765655324,0.7492112819204471,0.07201299453032742,69.8734,86.6018,747.32,0,1,0,0,0,0,0,0,0,0,0,0,0.0,0.0,0.0,0.0,0.0,0.0,0.0,0,0,0.0,0.0,0.0,0.0,0.0,70.10009,65.7743,746.7976,0.04379048646469071,0.0901233765655324,0.061193734082662175,0.0,0.0,0.0,0.0,0.0,0.0,0.0,0.0,0,0.0,0.0,0,0,0,0,0,0,0,0,0,0,0,0,0,0,0,0,0
1,1165.833,116,AugShort,0.41731842746835845,-1.533067428922422,0.26390602911420863,0.02895916437499918,0.15282144392757846,0.8192402502266647,0.11312604333363198,0.763187186945695,0.07375726495915033,69.8734,71.6319,747.326,0,1,0,1,1,0,0,0,0,0,0,0,0.0,0.0,0.0,0.0,0.0,0.0,0.0,0,0,0.0,0.0,0.0,0.0,0.0,70.35270999999999,65.7743,746.9386,0.06803152985781956,0.11312604333363198,0.04897150017332038,0.0,0.0,0.0,0.0,0.0,0.0,0.0,0.0,0,0.0,0.0,0,0,0,0,0,0,0,0,0,0,0,0,0,0,0,0,0
1,1166.84,116,AugShort,0.22205243273169137,-0.19390863429659097,0.09728920126371111,0.16661682785049753,0.14082133612221395,0.7941494326044141,0.11234850352521122,0.7735580387581087,0.07471347145524421,69.8734,77.2521,747.56,0,1,0,1,1,0,0,0,0,0,0,0,0.0,0.0,0.0,0.0,0.0,0.0,0.0,0,0,0.0,0.0,0.0,0.0,0.0,71.32070999999999,65.7743,747.0321,0.07531932681778594,0.11234850352521122,0.06534161931025742,0.0,0.0,0.0,0.0,0.0,0.0,0.0,0.0,0,0.0,0.0,0,0,0,0,0,0,0,0,0,0,0,0,0,0,0,0,0
1,1167.838,116,AugShort,0.0,-0.2224974275868651,0.0,0.09728920126371111,0.14082133612221395,0.7941494326044141,0.11367643275210945,0.7778193655734944,0.07606422347052999,69.8736,77.2527,747.568,0,1,0,1,1,0,0,0,0,0,0,0,0.0,0.0,0.0,0.0,0.0,0.0,0.0,0,0,0.0,0.0,0.0,0.0,0.0,72.42332999999999,65.7743,747.058,0.0731972584414515,0.11367643275210945,0.07475148464655822,0.0,0.0,0.0,0.0,0.0,0.0,0.0,0.0,0,0.0,0.0,0,0,0,0,0,0,0,0,0,0,0,0,0,0,0,0,0
1,1168.84,116,AugShort,0.0,0.0,0.0,0.0,0.14082133612221395,0.7941494326044141,0.11367643368647387,0.7757118158683112,0.08310639698266722,71.6319,77.2527,747.572,0,1,0,1,1,0,0,0,0,0,0,0,0.0,0.0,0.0,0.0,0.0,0.0,0.0,0,0,0.0,0.0,0.0,0.0,0.0,73.52603,65.7743,747.0831999999999,0.07319725713547769,0.11367643368647387,0.07262941757619759,0.0,0.0,0.0,0.0,0.0,0.0,0.0,0.0,0,0.0,0.0,0,0,0,0,0,0,0,0,0,0,0,0,0,0,0,0,0
1,1169.847,116,AugShort,0.29791464564821674,0.2958437394719134,0.06966846781003166,0.06966846781003166,0.10820879239821297,0.7407799917445868,0.11137001869177195,0.7707050079087598,0.09286807595396919,71.6319,73.2583,747.465,0,1,0,1,1,0,0,0,0,0,0,0,0.0,0.0,0.0,0.0,0.0,0.0,0.0,0,0,0.0,0.0,0.0,0.0,0.0,74.27443,69.8734,747.1472,0.07940107925988085,0.11137001869177195,0.07883324100657457,0.0,0.0,0.0,0.0,0.0,0.0,0.0,0.0,0,0.0,0.0,0,0,0,0,0,0,0,0,0,0,0,0,0,0,0,0,0
1,1170.852,117,AugShort,1.024440903600845,0.7229116994553517,0.09778206641170666,0.02811359860167499,0.04965579294576455,0.6044689900221079,0.11145931242464108,0.7604466044828934,0.09509898700136012,67.7021,67.7021,747.807,0,1,0,1,1,0,0,0,0,0,0,0,0.0,0.0,0.0,0.0,0.0,0.0,0.0,0,0,0.0,0.0,0.0,0.0,0.0,74.05724000000001,67.7021,747.2609,0.08215109580888658,0.11145931242464108,0.07537943543117716,0.0,0.0,0.0,0.0,0.0,0.0,0.0,0.0,0,0.0,0.0,0,0,0,0,0,0,0,0,0,0,0,0,0,0,0,0,0
1,1171.847,117,AugShort,0.10050251708579266,-0.9285812929799521,0.0014613762096084826,0.09632069020209817,0.046666146300217905,0.5904660278636831,0.11134052854989528,0.7480668814627173,0.09681491547602102,67.7021,67.7908,747.844,0,1,0,1,1,0,0,0,0,0,0,0,0.0,0.0,0.0,0.0,0.0,0.0,0.0,0,0,0.0,0.0,0.0,0.0,0.0,73.84894,67.7021,747.3786,0.08229723342984743,0.11134052854989528,0.07798331435922204,0.0,0.0,0.0,0.0,0.0,0.0,0.0,0.0,0,0.0,0.0,0,0,0,0,0,0,0,0,0,0,0,0,0,0,0,0,0
1,1172.849,117,AugShort,0.5088842393620695,0.4075665890980807,0.008153210687674396,0.006691834478065913,0.04531342781203412,0.520927181595862,0.11069892786475884,0.7303858009660742,0.09827066672567059,67.7021,68.296,747.659,0,1,0,1,1,0,0,0,0,0,0,0,0.0,0.0,0.0,0.0,0.0,0.0,0.0,0,0,0.0,0.0,0.0,0.0,0.0,73.6912,67.7021,747.4784999999999,0.08311255449861486,0.11069892786475884,0.07865249780702863,0.0,0.0,0.0,0.0,0.0,0.0,0.0,0.0,0,0.0,0.0,0,0,0,0,0,0,0,0,0,0,0,0,0,0,0,0,0
1,1173.852,117,AugShort,0.0,-0.5073621529033595,1.4856591419588892e-08,0.008153195831082977,0.04531342490938039,0.5226429844938366,0.11069892662539205,0.7114899369218443,0.09972641751963751,67.7021,68.2959,747.654,0,1,0,1,1,0,0,0,0,0,0,0,0.0,0.0,0.0,0.0,0.0,0.0,0.0,0,0,0.0,0.0,0.0,0.0,0.0,73.53343000000001,67.7021,747.5775,0.08311255598427403,0.11069892662539205,0.07946781739013693,0.0,0.0,0.0,0.0,0.0,0.0,0.0,0.0,0,0.0,0.0,0,0,0,0,0,0,0,0,0,0,0,0,0,0,0,0,0
1,1174.851,117,AugShort,0.0,0.0,1.4916077271118776e-08,5.94858515298847e-11,0.042787654379794635,0.47771541544656904,0.08473671345513228,0.7171370587236117,0.0913230691039625,67.7021,68.2964,747.656,0,1,0,1,1,0,0,0,0,0,0,0,0.0,0.0,0.0,0.0,0.0,0.0,0.0,0,0,0.0,0.0,0.0,0.0,0.0,71.70289,67.7021,747.6111,0.05382603812696096,0.08473671345513228,0.05018129804716474,0.0,0.0,0.0,0.0,0.0,0.0,0.0,0.0,0,0.0,0.0,0,0,0,0,0,0,0,0,0,0,0,0,0,0,0,0,0
1,1175.854,117,AugShort,0.4229951003828858,0.421729910650933,0.003428419046893175,0.0034284041308159036,0.0034036879249931206,0.437135741869516,0.04248431648619719,0.7247582199439404,0.07638129350370396,67.7908,68.0818,747.945,0,1,0,1,1,0,0,0,0,0,0,0,0.0,0.0,0.0,0.0,0.0,0.0,0.0,0,0,0.0,0.0,0.0,0.0,0.0,71.34788,67.7021,747.673,0.027778277120229417,0.04248431648619719,0.04762822202274641,0.0,0.0,0.0,0.0,0.0,0.0,0.0,0.0,0,0.0,0.0,0,0,0,0,0,0,0,0,0,0,0,0,0,0,0,0,0
1,1176.851,117,AugShort,0.14184689834707878,-0.28199418458957576,0.013730479823585122,0.010302060776691947,0.005886724436485005,0.28537852255725354,0.03481956724223733,0.6966696194089937,0.06288783233513105,68.0818,68.8704,748.108,0,1,0,0,0,0,0,0,0,0,0,0,0.0,0.0,0.0,0.0,0.0,0.0,0.0,0,0,0.0,0.0,0.0,0.0,0.0,70.50971000000001,67.7021,747.7278,0.01942240497621682,0.03481956724223733,0.03199674531536585,0.0,0.0,0.0,0.0,0.0,0.0,0.0,0.0,0,0.0,0.0,0,0,0,0,0,0,0,0,0,0,0,0,0,0,0,0,0
1,1177.849,117,AugShort,0.9238021020503386,0.7835222481996592,2.98632083072225,2.972590350898665,1.3336167225964375,0.1289119048635151,0.9381547757193431,0.6586982651391582,0.1821673709825534,61.6167,61.6167,385.41,0,1,0,0,0,0,0,0,0,0,0,0,0.0,0.0,0.0,0.0,0.0,0.0,0.0,0,0,0.0,0.0,0.0,0.0,0.0,68.94611,61.6167,711.5120000000001,0.31805448804844183,0.9381547757193431,0.31952686027886124,0.0,0.0,0.0,0.0,0.0,0.0,0.0,0.0,0,0.0,0.0,0,0,0,0,0,0,0,0,0,0,0,0,0,0,0,0,0
1,1178.849,117,AugShort,2.220967760595089,1.2971656585447504,0.26549502351972964,2.7208258072025204,1.3087743106482566,0.3368667376991371,0.9318896291369795,0.6311246525111036,0.2989626684351577,46.7441,46.7441,384.318,0,1,0,0,0,0,0,0,0,0,0,0,0.0,0.0,0.0,0.0,0.0,0.0,0.0,0,0,0.0,0.0,0.0,0.0,0.0,65.89525,46.7441,675.1866,0.34460399040041484,0.9318896291369795,0.5916094409991133,0.0,0.0,0.0,0.0,0.0,0.0,0.0,0.0,0,0.0,0.0,0,0,0,0,0,0,0,0,0,0,0,0,0,0,0,0,0
1,1179.851,117,AugShort,5.851507818063003,3.62329347052686,1.1726937995839943,0.9071987760642647,1.2667208485725008,0.5832480145220611,0.9605693468098119,0.615206164317118,0.4148138740525864,20.7608,20.7608,378.614,0,1,0,0,0,0,0,0,0,0,0,0,0.0,0.0,0.0,0.0,0.0,0.0,0.0,0,0,0.0,0.0,0.0,0.0,0.0,60.645500000000006,20.7608,638.3015,0.45490652357781103,0.9605693468098119,0.6753624718245366,0.0,0.0,0.0,0.0,0.0,0.0,0.0,0.0,0,0.0,0.0,0,0,0,0,0,0,0,0,0,0,0,0,0,0,0,0,0
1,1180.853,118,AugShort,6.6154943789201806,0.7624616375820136,0.3526103636284216,0.8200834359555728,1.2142779084977557,0.6456040419320953,0.953395925136598,0.6092540119015346,0.5312760856077856,20.7608,41.4614,373.26,0,1,0,0,0,0,0,0,0,0,0,0,0.0,0.0,0.0,0.0,0.0,0.0,0.0,0,0,0.0,0.0,0.0,0.0,0.0,58.021429999999995,20.7608,600.8468,0.48038935329948257,0.953395925136598,0.7545594555599264,0.0,0.0,0.0,0.0,0.0,0.0,0.0,0.0,0,0.0,0.0,0,0,0,0,0,0,0,0,0,0,0,0,0,0,0,0,0
1,1181.855,118,AugShort,6.680665856825485,0.06504139511507394,0.20698216699994218,0.1456281966284794,1.179272151379801,0.6948343090050085,0.9440944934662554,0.6057633728395969,0.6445366861157439,20.7608,30.6776,368.488,0,1,0,0,0,0,0,0,0,0,0,0,0.0,0.0,0.0,0.0,0.0,0.0,0.0,0,0,0.0,0.0,0.0,0.0,0.0,54.310109999999995,20.7608,562.9111999999999,0.500941432378516,0.9440944934662554,0.7594902062025646,0.0,0.0,0.0,0.0,0.0,0.0,0.0,0.0,0,0.0,0.0,0,0,0,0,0,0,0,0,0,0,0,0,0,0,0,0,0
1,1182.856,118,AugShort,6.694052174933643,0.013372945162995163,0.1545031036975637,0.052479063302378476,0.4213904285232927,0.7518171022035073,0.936712167836902,0.6051218734375843,0.6821443861868697,20.7608,22.2377,363.397,0,1,0,0,0,0,0,0,0,0,0,0,0.0,0.0,0.0,0.0,0.0,0.0,0.0,0,0,0.0,0.0,0.0,0.0,0.0,49.70428,20.7608,524.4849999999999,0.5155764216795049,0.936712167836902,0.7640689290849958,0.0,0.0,0.0,0.0,0.0,0.0,0.0,0.0,0,0.0,0.0,0,0,0,0,0,0,0,0,0,0,0,0,0,0,0,0,0
1,1183.862,118,AugShort,6.671898288690085,-0.02202175570930215,0.17380082063602365,0.01929771693845994,0.43222040918288884,0.7919046103324255,0.9276516363946248,0.6064847494420174,0.7208350846142206,20.7608,32.2775,354.635,0,1,0,0,0,0,0,0,0,0,0,0,0.0,0.0,0.0,0.0,0.0,0.0,0.0,0,0,0.0,0.0,0.0,0.0,0.0,46.10244,20.7608,485.1831,0.5329565022574481,0.9276516363946248,0.7651833811957334,0.0,0.0,0.0,0.0,0.0,0.0,0.0,0.0,0,0.0,0.0,0,0,0,0,0,0,0,0,0,0,0,0,0,0,0,0,0
1,1184.857,118,AugShort,6.6817174919562135,0.009868545996109163,0.09729123270022717,0.07650958793579647,0.0956559567881095,0.840027098082688,0.9219335405153156,0.6077208611136881,0.7261219148550521,22.2377,38.3331,347.527,0,1,0,0,0,0,0,0,0,0,0,0,0.0,0.0,0.0,0.0,0.0,0.0,0.0,0,0,0.0,0.0,0.0,0.0,0.0,43.10611,20.7608,445.1702,0.5426856240358631,0.9219335405153156,0.7728343399833645,0.0,0.0,0.0,0.0,0.0,0.0,0.0,0.0,0,0.0,0.0,0,0,0,0,0,0,0,0,0,0,0,0,0,0,0,0,0
1,1185.861,118,AugShort,6.6442558151785756,-0.03731242706936046,0.0968490591784324,0.0004421735217947781,0.04835366139394557,0.865040867139291,0.9163182517235329,0.6100108919593193,0.7306169122019474,22.2377,44.7024,342.786,0,1,0,0,0,0,0,0,0,0,0,0,0.0,0.0,0.0,0.0,0.0,0.0,0.0,0,0,0.0,0.0,0.0,0.0,0.0,40.76817,20.7608,404.6543,0.552027688049017,0.9163182517235329,0.7725357169224624,0.0,0.0,0.0,0.0,0.0,0.0,0.0,0.0,0,0.0,0.0,0,0,0,0,0,0,0,0,0,0,0,0,0,0,0,0,0
1,1186.867,118,AugShort,6.645186844285747,0.0009254762496733151,0.2857557980866697,0.18890673890823728,0.07736630734306797,0.8730620633685078,0.9024958789440081,0.6139565234975239,0.7377648704926056,22.2377,62.3768,339.564,0,1,0,0,0,0,0,0,0,0,0,0,0.0,0.0,0.0,0.0,0.0,0.0,0.0,0,0,0.0,0.0,0.0,0.0,0.0,40.118809999999996,20.7608,363.7999,0.5792302198753255,0.9024958789440081,0.7903961847356169,0.0,0.0,0.0,0.0,0.0,0.0,0.0,0.0,0,0.0,0.0,0,0,0,0,0,0,0,0,0,0,0,0,0,0,0,0,0
1,1187.86,118,AugShort,6.565159504708543,-0.08059147993676131,0.6506675885550421,0.36491179046837247,0.23119439173675518,0.847175711229841,0.33266262282948034,0.6166078374287953,0.6275226374066374,32.2775,100.353,338.323,0,1,0,0,0,0,0,0,0,0,0,0,0.0,0.0,0.0,0.0,0.0,0.0,0.0,0,0,0.0,0.0,0.0,0.0,0.0,43.99244,20.7608,359.0912,0.34566489565860464,0.33266262282948034,0.5296283286925877,0.0,0.0,0.0,0.0,0.0,0.0,0.0,0.0,0,0.0,0.0,0,0,0,0,0,0,0,0,0,0,0,0,0,0,0,0,0
1,1188.863,118,AugShort,6.593139684759342,0.02789649057906231,0.007322024232376795,0.6433455643226653,0.25737465332336856,0.8171386731942484,0.3491836743893106,0.6177572994582871,0.5223826716741485,38.3331,102.102,341.208,0,1,0,0,0,0,0,0,0,0,0,0,0.0,0.0,0.0,0.0,0.0,0.0,0.0,0,0,0.0,0.0,0.0,0.0,0.0,49.52822999999999,20.7608,354.7802,0.3198475957298693,0.3491836743893106,0.32188030440460214,0.0,0.0,0.0,0.0,0.0,0.0,0.0,0.0,0,0.0,0.0,0,0,0,0,0,0,0,0,0,0,0,0,0,0,0,0,0
1,1189.867,118,AugShort,6.649478777110869,0.05611463381626174,0.1750758074481632,0.1677537832157864,0.24976925995441182,0.7959110632681112,0.1799540693160833,0.6205138530344633,0.42068751281233974,44.7024,92.9232,802.728,0,1,0,0,0,0,0,0,0,0,0,0,0.0,0.0,0.0,0.0,0.0,0.0,0.0,0,0,0.0,0.0,0.0,0.0,0.0,56.74447,22.2377,397.1916,0.22008579651628626,0.1799540693160833,0.24793580511975435,0.0,0.0,0.0,0.0,0.0,0.0,0.0,0.0,0,0.0,0.0,0,0,0,0,0,0,0,0,0,0,0,0,0,0,0,0,0
1,1190.865,119,AugShort,5.10994867067953,-1.5426153371055504,0.1532525984670933,0.021823208981069903,0.24268386699231909,0.7838327973706862,0.17460455867504698,0.6294820434018922,0.323528108661796,62.3768,102.039,803.535,0,1,0,0,0,0,0,0,0,0,0,0,0.0,0.0,0.0,0.0,0.0,0.0,0.0,0,0,0.0,0.0,0.0,0.0,0.0,62.80223000000001,22.2377,440.21909999999997,0.20015002000015344,0.17460455867504698,0.16810978242230404,0.0,0.0,0.0,0.0,0.0,0.0,0.0,0.0,0,0.0,0.0,0,0,0,0,0,0,0,0,0,0,0,0,0,0,0,0,0
1,1191.866,119,AugShort,3.50790211262461,-1.600446111942977,0.04785413056485685,0.10539846790223645,0.25785045621126423,0.7802206155021273,0.1810450998751613,0.6389697727838144,0.23138593914494235,92.9232,99.5378,804.343,0,1,0,0,0,0,0,0,0,0,0,0,0.0,0.0,0.0,0.0,0.0,0.0,0.0,0,0,0.0,0.0,0.0,0.0,0.0,69.68825,22.2377,483.80459999999994,0.18423721635664486,0.1810450998751613,0.16408680954967975,0.0,0.0,0.0,0.0,0.0,0.0,0.0,0.0,0,0.0,0.0,0,0,0,0,0,0,0,0,0,0,0,0,0,0,0,0,0
1,1192.869,119,AugShort,6.181735418049,2.6658357980302987,1.0697149959349204,1.0218608653700636,0.4411355471125252,0.7603371524611929,0.332402275296606,0.6509402713270809,0.2333604510038656,49.8928,49.8928,360.141,0,1,0,0,0,0,0,0,0,0,0,0,0.0,0.0,0.0,0.0,0.0,0.0,0.0,0,0,0.0,0.0,0.0,0.0,0.0,72.45376000000002,32.2775,483.479,0.27575840558038056,0.332402275296606,0.2610249897564483,0.0,0.0,0.0,0.0,0.0,0.0,0.0,0.0,0,0.0,0.0,0,0,0,0,0,0,0,0,0,0,0,0,0,0,0,0,0
1,1193.975,119,AugShort,3.2373719593984087,-2.6621731090873335,0.06149717647978007,1.0082178194551403,0.43302777874660553,0.7486150918278895,0.3380783551387957,0.6622388766937837,0.23344118796023725,46.4506,46.4506,356.833,0,1,0,0,0,0,0,0,0,0,0,0,0.0,0.0,0.0,0.0,0.0,0.0,0.0,0,0,0.0,0.0,0.0,0.0,0.0,73.87107,38.3331,483.69879999999995,0.2645280411647562,0.3380783551387957,0.35991700000811633,0.0,0.0,0.0,0.0,0.0,0.0,0.0,0.0,0,0.0,0.0,0,0,0,0,0,0,0,0,0,0,0,0,0,0,0,0,0
1,1194.913,119,AugShort,4.1482040954712405,0.9710363924017397,3.2470998219235363,3.185602645443756,1.3714308710920542,0.7585552636897073,0.9946696620999852,0.6762808691059405,0.3610186793906317,2.8554,2.8554,498.36,0,1,1,0,0,0,1,0,1,0,0,0,0.0,0.0,0.0,0.0,0.0,0.0,0.0,0,0,0.1,0.1,0.0,0.0,0.0,70.32329999999999,2.8554,498.7821,0.579508900087087,0.9946696620999852,0.6708263057589122,0.0,0.0,0.1,0.0,0.0,0.0,0.0,0.0,0,0.0,0.0,0,0,0,0,0,0,0,0,0,0,0,0,0,0,0,0,0
1,1195.914,119,AugShort,2.193256691746026,-1.9529944093158986,0.27441848530655416,2.972681336616982,1.3555649851741707,0.7561355048366099,0.9866484333548563,0.6922308572542952,0.4917398117686543,2.8554,6.5357,812.058,0,1,0,1,0,0,0,0,0,0,0,0,0.0,0.0,0.0,0.0,0.0,0.0,0.0,0,0,0.1,0.1,0.0,0.0,0.0,66.50663,2.8554,545.7093,0.5972658426998992,0.9866484333548563,0.968050222068431,0.0,0.0,0.1,0.0,0.0,0.0,0.0,0.0,0,0.0,0.0,0,0,0,0,0,0,0,0,0,0,0,0,0,0,0,0,0
1,1196.928,119,AugShort,0.8368128427136065,-1.3377158274481455,0.1727558196022246,0.10166266570432955,1.336021687905846,0.7416273642917363,0.991248905375662,0.7150432993410193,0.6176053498249321,2.8554,16.5225,811.584,0,1,0,0,0,0,0,0,0,0,0,0,0.0,0.0,0.0,0.0,0.0,0.0,0.0,0,0,0.1,0.1,0.0,0.0,0.0,61.9212,2.8554,592.9113,0.5859658448514548,0.991248905375662,0.9593258147480401,0.0,0.0,0.1,0.0,0.0,0.0,0.0,0.0,0,0.0,0.0,0,0,0,0,0,0,0,0,0,0,0,0,0,0,0,0,0
1,1197.921,119,AugShort,4.419224110738407,3.6076649224821753,1.7911143774134999,1.6183585578112754,1.38808247201894,0.726762645919464,1.062560027781565,0.7449358363938168,0.7332941578531506,2.8554,95.4801,356.683,0,1,0,0,0,0,0,0,0,0,0,0,0.0,0.0,0.0,0.0,0.0,0.0,0.0,0,0,0.1,0.1,0.0,0.0,0.0,61.433910000000004,2.8554,594.7473,0.7000105237373007,1.062560027781565,1.0846704914823304,0.0,0.0,0.1,0.0,0.0,0.0,0.0,0.0,0,0.0,0.0,0,0,0,0,0,0,0,0,0,0,0,0,0,0,0,0,0
1,1198.926,119,AugShort,2.8866074204065364,-1.5249917316735029,2.0293131858621654,0.23819880844866548,1.292368151190799,0.7573919398945836,1.1075341829772327,0.765962096503589,0.8367935076398936,2.00935,2.00935,811.236,0,1,1,0,0,0,1,0,1,0,0,0,0.0,0.0,0.0,0.0,0.0,0.0,0.0,0,0,0.2,0.2,0.0,0.0,0.0,51.424645,2.00935,641.7501,0.9022096399002795,1.1075341829772327,1.0441558158949307,0.0,0.0,0.2,0.0,0.0,0.0,0.0,0.0,0,0.0,0.0,0,0,0,0,0,0,0,0,0,0,0,0,0,0,0,0,0
1,1199.933,119,AugShort,4.986988343082374,2.0857804594596208,1.1879991447068705,0.8413140411552948,0.849996806321631,0.7051823590556134,1.0796109566882661,0.7720588137302667,0.8968162622766155,2.00935,60.1261,495.547,0,1,0,0,0,0,0,0,0,0,0,0,0.0,0.0,0.0,0.0,0.0,0.0,0.0,0,0,0.2,0.2,0.0,0.0,0.0,48.144935000000004,2.00935,611.0319999999999,1.0035019736261501,1.0796109566882661,1.1115118416888814,0.0,0.0,0.2,0.0,0.0,0.0,0.0,0.0,0,0.0,0.0,0,0,0,0,0,0,0,0,0,0,0,0,0,0,0,0,0
1,1200.926,120,AugShort,3.148270365101937,-1.851679736133371,2.1652907849237004,0.9772916402168299,0.8157419042377589,0.6689689299614914,1.0909749888127096,0.7732270581317365,0.9541220660011595,2.00935,43.9923,356.166,0,1,0,0,0,0,0,0,0,0,0,0,0.0,0.0,0.0,0.0,0.0,0.0,0.0,0,0,0.2,0.2,0.0,0.0,0.0,42.340265,2.00935,566.2951,1.204705792271811,1.0909749888127096,1.2070586848124574,0.0,0.0,0.2,0.0,0.0,0.0,0.0,0.0,0,0.0,0.0,0,0,0,0,0,0,0,0,0,0,0,0,0,0,0,0,0
1,1201.926,120,AugShort,3.171833470170956,0.02356310506901904,1.9168581276083176,0.24843265731538278,0.37837181756524324,0.6584941090883307,1.0291083207951697,0.7714100481359026,0.9661742021365575,2.00935,60.278,811.618,0,1,0,0,0,0,0,0,0,0,0,0,0.0,0.0,0.0,0.0,0.0,0.0,0.0,0,0,0.2,0.2,0.0,0.0,0.0,38.414285,2.00935,567.0226,1.3916061919761569,1.0291083207951697,1.221362103753772,0.0,0.0,0.2,0.0,0.0,0.0,0.0,0.0,0,0.0,0.0,0,0,0,0,0,0,0,0,0,0,0,0,0,0,0,0,0
1,1202.922,120,AugShort,0.2839786979769388,-2.8994525825241135,1.3656289267600512,0.5512292008482664,0.43025227310002806,0.6514538218537763,1.023060755996561,0.7663918841184161,0.9650858747353077,2.00935,11.2675,500.317,0,1,0,1,0,0,0,0,0,0,0,0,0.0,0.0,0.0,0.0,0.0,0.0,0.0,0,0,0.2,0.2,0.0,0.0,0.0,34.551755,2.00935,581.0402,1.42119758505867,1.023060755996561,1.1742989373015924,0.0,0.0,0.2,0.0,0.0,0.0,0.0,0.0,0,0.0,0.0,0,0,0,0,0,0,0,0,0,0,0,0,0,0,0,0,0
1,1203.929,120,AugShort,0.0,-0.2820046653197009,9.71131582218134e-07,1.365627955628469,0.841487341574923,0.6488720796589708,1.0322852873419188,0.7592402575847433,1.0059318310181395,11.2675,11.2676,500.317,0,1,0,1,0,0,0,0,0,0,0,0,0.0,0.0,0.0,0.0,0.0,0.0,0.0,0,0,0.2,0.2,0.0,0.0,0.0,31.033454999999996,2.00935,595.3886,1.41504796452385,1.0322852873419188,1.2100399509189252,0.0,0.0,0.2,0.0,0.0,0.0,0.0,0.0,0,0.0,0.0,0,0,0,0,0,0,0,0,0,0,0,0,0,0,0,0,0
1,1204.935,120,AugShort,1.3845318127410244,1.3762741677346166,0.5982468730958531,0.5982459019642709,0.9048184401126806,0.6378425430086904,0.8299681419902217,0.7491310298310434,0.959270587920202,11.2675,16.9391,811.186,0,1,0,0,0,0,0,0,0,0,0,0,0.0,0.0,0.0,0.0,0.0,0.0,0.0,0,0,0.1,0.1,0.0,0.0,0.0,32.441825,2.00935,626.6712,1.1501626696410818,0.8299681419902217,0.9513042765709766,0.0,0.0,0.1,0.0,0.0,0.0,0.0,0.0,0,0.0,0.0,0,0,0,0,0,0,0,0,0,0,0,0,0,0,0,0,0
1,1205.931,120,AugShort,3.495681304934959,2.1196280042107776,0.5871268600332815,0.011120013062571599,0.7499244927124807,0.5779897789855586,0.7986048142584421,0.7347784754233568,0.8987065386740329,10.1489,10.1489,496.808,0,1,0,0,0,0,0,0,0,0,0,0,0.0,0.0,0.0,0.0,0.0,0.0,0.0,0,0,0.1,0.1,0.0,0.0,0.0,32.803145,2.00935,595.1461999999999,1.1814335071137547,0.7986048142584421,0.6551481442155356,0.0,0.0,0.1,0.0,0.0,0.0,0.0,0.0,0,0.0,0.0,0,0,0,0,0,0,0,0,0,0,0,0,0,0,0,0,0
1,1206.931,120,AugShort,2.093330399148843,-1.402350905786116,2.77279132132019,2.1856644612869083,1.070907653490791,0.5178742649234652,0.8549787131036748,0.7170190855011047,0.8721951352325276,10.1489,29.6099,356.765,0,1,0,0,0,0,0,0,0,0,0,0,0.0,0.0,0.0,0.0,0.0,0.0,0.0,0,0,0.1,0.1,0.0,0.0,0.0,34.111885,2.00935,549.6643,1.4414370572855513,0.8549787131036748,0.8635483237737935,0.0,0.0,0.1,0.0,0.0,0.0,0.0,0.0,0,0.0,0.0,0,0,0,0,0,0,0,0,0,0,0,0,0,0,0,0,0
1,1207.932,120,AugShort,3.5554900505410174,1.4606989524397351,0.7113136318112198,2.06147768950897,1.0649117347428028,0.471962537057566,0.8738870014632534,0.698258426792491,0.839878061504914,10.1489,70.7141,354.684,0,1,0,0,0,0,0,0,0,0,0,0,0.0,0.0,0.0,0.0,0.0,0.0,0.0,0,0,0.1,0.1,0.0,0.0,0.0,31.635285,2.00935,549.4644000000001,1.333456982725323,0.8738870014632534,0.9078602369435629,0.0,0.0,0.1,0.0,0.0,0.0,0.0,0.0,0,0.0,0.0,0,0,0,0,0,0,0,0,0,0,0,0,0,0,0,0,0
1,1208.931,120,AugShort,2.6380714627678943,-0.9183369246978209,2.5005314019264198,1.7892177701152,1.1031550689284435,0.42083952168422184,0.9266875660552364,0.6784434692169896,0.8209567532786783,1.02507,1.02507,809.644,0,1,1,0,0,0,1,0,1,0,0,0,0.0,0.0,0.0,0.0,0.0,0.0,0.0,0,0,0.1,0.1,0.0,0.0,0.0,31.536857000000005,1.02507,549.3052,1.3805788043317484,0.9266875660552364,1.0629621331102164,0.0,0.0,0.1,0.0,0.0,0.0,0.0,0.0,0,0.0,0.0,0,0,0,0,0,0,0,0,0,0,0,0,0,0,0,0,0
1,1209.936,120,AugShort,3.1955319556513695,0.5546870575954977,2.296743033844662,0.20378836808175782,1.0412326807939098,0.2986371609955892,0.9665567336742962,0.6535797741033635,0.8400803407259062,1.02507,14.3674,358.215,0,1,0,0,0,0,0,0,0,0,0,0,0.0,0.0,0.0,0.0,0.0,0.0,0.0,0,0,0.1,0.1,0.0,0.0,0.0,26.960987,1.02507,535.572,1.4914531932455277,0.9665567336742962,0.9992095658028626,0.0,0.0,0.1,0.0,0.0,0.0,0.0,0.0,0,0.0,0.0,0,0,0,0,0,0,0,0,0,0,0,0,0,0,0,0,0
1,1210.938,121,AugShort,3.180183566346564,-0.01531775379721122,1.0131199374106594,1.2836230964340025,0.93151665472698,0.22970858538038183,0.9457556127946452,0.6258735635038484,0.8516578157748282,1.02507,44.1338,355.513,0,1,0,0,0,0,0,0,0,0,0,0,0.0,0.0,0.0,0.0,0.0,0.0,0.0,0,0,0.1,0.1,0.0,0.0,0.0,26.975137,1.02507,535.5067,1.3762361084942236,0.9457556127946452,1.0298427114245798,0.0,0.0,0.1,0.0,0.0,0.0,0.0,0.0,0,0.0,0.0,0,0,0,0,0,0,0,0,0,0,0,0,0,0,0,0,0
1,1211.939,121,AugShort,1.1054790364890417,-2.0726318979595626,1.4189717588664503,0.4058518214557909,0.7846443104905574,0.19365117742112606,0.9270531686081089,0.5965450915997983,0.8922850650673595,1.02507,37.1921,354.754,0,1,0,1,0,0,0,0,0,0,0,0,0.0,0.0,0.0,0.0,0.0,0.0,0.0,0,0,0.1,0.1,0.0,0.0,0.0,24.666546999999998,1.02507,489.8203,1.3264474716200367,0.9270531686081089,1.0455846278386205,0.0,0.0,0.1,0.0,0.0,0.0,0.0,0.0,0,0.0,0.0,0,0,0,0,0,0,0,0,0,0,0,0,0,0,0,0,0
1,1212.915,121,AugShort,1.1591915170165195,0.05503327922897315,2.9438345371767967,1.5248627783103463,0.7960744510698402,0.1303621693807017,1.0593593785011635,0.5650463424457737,0.928867282864341,1.02507,56.0698,810.253,0,1,0,1,0,0,0,0,0,0,0,0,0.0,0.0,0.0,0.0,0.0,0.0,0.0,0,0,0.1,0.1,0.0,0.0,0.0,29.146776999999997,1.02507,520.8139,1.4842680326617113,1.0593593785011635,1.1429479855848288,0.0,0.0,0.1,0.0,0.0,0.0,0.0,0.0,0,0.0,0.0,0,0,0,0,0,0,0,0,0,0,0,0,0,0,0,0,0
1,1213.926,121,AugShort,0.8692387436433648,-0.2867979954234962,0.49742827067081324,2.4464062665059836,0.9846851443868132,0.0860239282835335,0.9914210479820043,0.5319167842685559,0.9431870631455299,14.3674,84.8614,809.497,0,1,0,1,0,0,0,0,0,0,0,0,0.0,0.0,0.0,0.0,0.0,0.0,0.0,0,0,0.1,0.1,0.0,0.0,0.0,36.506156999999995,1.02507,551.7319,1.5340107626156345,0.9914210479820043,1.25102581667258,0.0,0.0,0.1,0.0,0.0,0.0,0.0,0.0,0,0.0,0.0,0,0,0,0,0,0,0,0,0,0,0,0,0,0,0,0,0
1,1214.927,121,AugShort,0.0,-0.8683703732700948,0.0,0.49742827067081324,1.1240808356778191,0.032093188699759814,1.0691630309218585,0.49559368051905855,0.9651133027020439,37.1921,84.8609,809.49,0,1,0,1,0,0,0,0,0,0,0,0,0.0,0.0,0.0,0.0,0.0,0.0,0.0,0,0,0.1,0.1,0.0,0.0,0.0,43.298337,1.02507,551.5622999999999,1.4741860753060494,1.0691630309218585,1.2409440535432346,0.0,0.0,0.1,0.0,0.0,0.0,0.0,0.0,0,0.0,0.0,0,0,0,0,0,0,0,0,0,0,0,0,0,0,0,0,0
1,1215.928,121,AugShort,0.35593164882453876,0.355576072751787,0.4249619115394149,0.4249619115394149,1.1748414555492872,0.08621612349746961,1.0852216275228241,0.4620977114521015,1.0076049989857245,37.1921,60.4886,809.176,0,1,0,1,0,0,0,0,0,0,0,0,0.0,0.0,0.0,0.0,0.0,0.0,0.0,0,0,0.1,0.1,0.0,0.0,0.0,48.332307,1.02507,582.7991,1.4579695804566626,1.0852216275228241,1.2823282433909187,0.0,0.0,0.1,0.0,0.0,0.0,0.0,0.0,0,0.0,0.0,0,0,0,0,0,0,0,0,0,0,0,0,0,0,0,0,0
1,1216.929,121,AugShort,1.6396070197852959,1.2823929779827745,0.7923404586045394,0.36737854706512446,1.1599080558194308,0.10904602868151514,0.9956260555961037,0.43046864467159046,1.0165050392185884,56.0698,105.926,807.733,0,1,0,1,0,0,0,0,0,0,0,0,0.0,0.0,0.0,0.0,0.0,0.0,0.0,0,0,0.1,0.1,0.0,0.0,0.0,55.963916999999995,1.02507,627.8959,1.2599244941850976,0.9956260555961037,1.1004996519687404,0.0,0.0,0.1,0.0,0.0,0.0,0.0,0.0,0,0.0,0.0,0,0,0,0,0,0,0,0,0,0,0,0,0,0,0,0,0
1,1217.933,121,AugShort,0.42437147565106015,-1.210393968261191,0.4267377183448494,0.36560274025969,0.2831777916191731,0.059107771178448114,1.0168890010060991,0.39708590093453966,0.9383316449062254,60.4886,81.3866,807.398,0,1,0,1,0,0,0,0,0,0,0,0,0.0,0.0,0.0,0.0,0.0,0.0,0.0,0,0,0.1,0.1,0.0,0.0,0.0,57.031167,1.02507,673.1673,1.2314669028384606,1.0168890010060991,0.9309121570438125,0.0,0.0,0.1,0.0,0.0,0.0,0.0,0.0,0,0.0,0.0,0,0,0,0,0,0,0,0,0,0,0,0,0,0,0,0,0
1,1218.934,121,AugShort,0.9046340178367884,0.47978275942630205,0.7882358013081341,0.3614980829632847,0.32734675288806026,0.12743464392758067,0.9188944231117802,0.3655880361361895,0.8607508133021871,60.4886,126.649,807.126,0,1,0,1,0,0,0,0,0,0,0,0,0.0,0.0,0.0,0.0,0.0,0.0,0.0,0,0,0.0,0.0,0.0,0.0,0.0,69.59356,14.3674,672.9155000000001,1.0602373427766318,0.9188944231117802,0.7881401883286208,0.0,0.0,0.0,0.0,0.0,0.0,0.0,0.0,0,0.0,0.0,0,0,0,0,0,0,0,0,0,0,0,0,0,0,0,0,0
1,1219.931,121,AugShort,1.671541025507136,0.7692146516252232,1.3414545262347868,0.5532187249266527,0.3752028726909374,0.029193898184119965,0.820445801201649,0.3317886130926148,0.7941478324918899,60.4886,150.116,496.653,0,1,0,1,0,0,0,0,0,0,0,0,0.0,0.0,0.0,0.0,0.0,0.0,0.0,0,0,0.0,0.0,0.0,0.0,0.0,83.16842,37.1921,686.7592999999999,0.9647084920156443,0.820445801201649,0.8230832240131104,0.0,0.0,0.0,0.0,0.0,0.0,0.0,0.0,0,0.0,0.0,0,0,0,0,0,0,0,0,0,0,0,0,0,0,0,0,0
1,1220.933,122,AugShort,2.3320829833841326,0.6592235108552861,0.23455210413382052,1.1069024221009662,0.42358640787097457,0.08954824928829952,0.8516878477472315,0.30281757905895523,0.7433548078062893,81.3866,136.641,498.622,0,1,0,0,0,0,0,0,0,0,0,0,0.0,0.0,0.0,0.0,0.0,0.0,0.0,0,0,0.0,0.0,0.0,0.0,0.0,92.41914,37.1921,701.0702,0.8868517086879605,0.8516878477472315,0.8054111565798067,0.0,0.0,0.0,0.0,0.0,0.0,0.0,0.0,0,0.0,0.0,0,0,0,0,0,0,0,0,0,0,0,0,0,0,0,0,0
1,1221.933,122,AugShort,2.1329467316372868,-0.1991362517468458,0.3920736479736754,0.15752154383985487,0.443083271936666,0.06957834096727485,0.8422556565259426,0.27337179065290246,0.7091987039509002,81.3866,159.069,500.723,0,1,0,0,0,0,0,0,0,0,0,0,0.0,0.0,0.0,0.0,0.0,0.0,0.0,0,0,0.0,0.0,0.0,0.0,0.0,104.60682999999999,56.0698,715.6671,0.7841618975986829,0.8422556565259426,0.7805781288182131,0.0,0.0,0.0,0.0,0.0,0.0,0.0,0.0,0,0.0,0.0,0,0,0,0,0,0,0,0,0,0,0,0,0,0,0,0,0
1,1222.935,122,AugShort,1.0704916704596934,-1.0603343923928077,2.12589607641053,1.7338224284368544,0.7716520232184465,0.033660361436748165,0.6194723276430115,0.24248211763205108,0.7067564611657609,37.146,37.146,500.191,0,1,0,1,0,0,0,0,0,0,0,0,0.0,0.0,0.0,0.0,0.0,0.0,0.0,0,0,0.0,0.0,0.0,0.0,0.0,102.71444999999999,37.146,684.6609,0.7023680515220564,0.6194723276430115,0.801474093830864,0.0,0.0,0.0,0.0,0.0,0.0,0.0,0.0,0,0.0,0.0,0,0,0,0,0,0,0,0,0,0,0,0,0,0,0,0,0
1,1223.937,122,AugShort,1.7656775077264744,0.6937982407852106,1.2355172709500464,0.8903788054604835,0.770304042923448,0.04042416573645626,0.6360890854455892,0.21205972193592534,0.6853183510194243,27.2772,27.2772,810.464,0,1,0,1,0,0,0,0,0,0,0,0,0.0,0.0,0.0,0.0,0.0,0.0,0.0,0,0,0.0,0.0,0.0,0.0,0.0,96.95603,27.2772,684.7576,0.7761769515499797,0.6360890854455892,0.6458713477263138,0.0,0.0,0.0,0.0,0.0,0.0,0.0,0.0,0,0.0,0.0,0,0,0,0,0,0,0,0,0,0,0,0,0,0,0,0,0
1,1224.937,122,AugShort,1.59666413500088,-0.16901337272559447,1.1271709897272235,0.10834628122282286,0.7569863073834462,0.08449466057045033,0.5807254689244152,0.18439232781401332,0.648608898189987,27.2772,91.8053,809.173,0,1,0,1,0,0,0,0,0,0,0,0,0.0,0.0,0.0,0.0,0.0,0.0,0.0,0,0,0.0,0.0,0.0,0.0,0.0,97.65047,27.2772,684.7259,0.8888940505227021,0.5807254689244152,0.6069631487815149,0.0,0.0,0.0,0.0,0.0,0.0,0.0,0.0,0,0.0,0.0,0,0,0,0,0,0,0,0,0,0,0,0,0,0,0,0,0
1,1225.937,122,AugShort,1.6121186339720783,0.015454498971198438,0.646373677261668,0.48079731246555557,0.6667751441497789,0.06266952944304319,0.5650820409641985,0.15862631533688756,0.5978022670500361,27.2772,128.824,807.728,0,1,0,1,0,0,0,0,0,0,0,0,0.0,0.0,0.0,0.0,0.0,0.0,0.0,0,0,0.0,0.0,0.0,0.0,0.0,104.48401000000001,27.2772,684.5811,0.9110352270949275,0.5650820409641985,0.612546688874129,0.0,0.0,0.0,0.0,0.0,0.0,0.0,0.0,0,0.0,0.0,0,0,0,0,0,0,0,0,0,0,0,0,0,0,0,0,0
1,1226.939,122,AugShort,1.531556891301345,-0.08040094078915493,0.7376137835031148,0.09124010624144685,0.5875594894732002,0.05006493343870116,0.5666222007373649,0.13523584876264932,0.5405674104154131,27.2772,171.24,806.884,0,1,0,1,0,0,0,0,0,0,0,0,0.0,0.0,0.0,0.0,0.0,0.0,0.0,0,0,0.0,0.0,0.0,0.0,0.0,111.01541,27.2772,684.4961999999999,0.9055625595847848,0.5666222007373649,0.5849328447917612,0.0,0.0,0.0,0.0,0.0,0.0,0.0,0.0,0,0.0,0.0,0,0,0,0,0,0,0,0,0,0,0,0,0,0,0,0,0
1,1227.946,122,AugShort,1.6946124533367126,0.16192210728437692,0.19690934177620173,0.5407044417269131,0.41451509317519364,0.12114698314677859,0.5922818878025418,0.11769507106710997,0.5537011405710152,27.2772,170.755,496.647,0,1,0,1,0,0,0,0,0,0,0,0,0.0,0.0,0.0,0.0,0.0,0.0,0.0,0,0,0.0,0.0,0.0,0.0,0.0,119.95225,27.2772,653.4210999999999,0.8825797219279201,0.5922818878025418,0.6024430149384835,0.0,0.0,0.0,0.0,0.0,0.0,0.0,0.0,0,0.0,0.0,0,0,0,0,0,0,0,0,0,0,0,0,0,0,0,0,0
1,1229.393,122,AugShort,1.203837544598034,-0.33916717950150554,0.043970202602495304,0.15293913917370644,0.4354168999092832,0.009995387655957701,0.6494572549422518,0.09715286436569677,0.5645081552731375,91.8053,167.121,498.105,0,1,0,1,0,0,0,0,0,0,0,0,0.0,0.0,0.0,0.0,0.0,0.0,0.0,0,0,0.0,0.0,0.0,0.0,0.0,123.99945,27.2772,622.519,0.8081531620573562,0.6494572549422518,0.5815871205595257,0.0,0.0,0.0,0.0,0.0,0.0,0.0,0.0,0,0.0,0.0,0,0,0,0,0,0,0,0,0,0,0,0,0,0,0,0,0
1,1230.4,123,AugShort,2.519311801464298,1.306329947235615,2.9101292969978796,2.866159094395384,1.1573886474543027,0.14040787212510772,0.923999266904306,0.0892413999221727,0.6427267327494739,0.74651,0.74651,499.766,0,1,1,1,0,1,1,1,1,1,0,1,0.0,0.0,0.0,0.0,0.0,0.0,0.0,0,0,0.1,0.1,0.1,0.1,0.0,109.062501,0.74651,622.8303,0.9650206391336654,0.923999266904306,0.8128811575063988,0.0,0.0,0.1,0.1,0.0,0.1,0.0,0.0,0,0.0,0.0,0,0,0,0,1,0,0,0,0,0,0,1,1,1,1,0,0
1,1231.398,123,AugShort,0.20040082665221146,-2.323558090994075,0.024283913770782168,2.8858453832270974,1.2239337685185512,0.05433143862805968,0.9446311356403774,0.08047254258455658,0.7227614688142316,0.74651,1.99753,499.761,0,1,1,1,0,1,1,1,1,1,0,0,0.998,0.998,0.998,0.998,0.998,0.0,0.0,0,0,0.2,0.2,0.2,0.2,0.0,95.598154,0.74651,622.9442,0.9439938200973617,0.9446311356403774,0.9907754536190119,0.998,0.998,0.2,0.2,0.0,0.1,0.998,0.998,0,0.0,0.0,0,0,0,0,0,0,0,0,0,0,0,0,1,1,1,0,0
1,1232.397,123,AugShort,0.7218321496473245,0.5219532762713843,0.1897367211618435,0.16545280739106133,1.2531424748786872,0.015878091104726037,0.9598116547585712,0.07158388826873659,0.8037673891084338,0.74651,6.39277,810.803,0,1,0,1,0,0,0,0,0,0,0,0,0.0,0.0,0.0,0.0,0.0,0.0,0.0,0,0,0.2,0.2,0.2,0.2,0.0,80.33053100000001,0.74651,653.9522,0.9237601274161786,0.9598116547585712,0.9915685799741327,0.998,0.998,0.2,0.2,0.0,0.1,0.998,0.998,0,0.0,0.0,0,0,0,0,0,0,0,0,0,0,0,0,1,1,1,0,0
1,1233.401,123,AugShort,1.9453078288395353,1.2186012740958276,0.39699586827732614,0.20725914711548263,1.2372318833304812,0.0380680366161262,0.8707969443986818,0.06696918163050782,0.8503253751196373,0.74651,29.1629,809.251,0,1,0,1,0,0,0,0,0,0,0,0,0.0,0.0,0.0,0.0,0.0,0.0,0.0,0,0,0.2,0.2,0.2,0.2,0.0,79.532221,0.74651,684.8582,0.7508701066028581,0.8707969443986818,0.8389122518419952,0.998,0.998,0.2,0.2,0.0,0.1,0.998,0.998,0,0.0,0.0,0,0,0,0,0,0,0,0,0,0,0,0,1,1,1,0,0
1,1234.4,123,AugShort,1.8362228783029437,-0.10919414468127289,1.245565663445718,0.8485697951683918,1.1906063752254195,0.06294655501686476,0.8714239042699566,0.06581531296717438,0.8923556083498344,0.74651,100.477,807.643,0,1,0,1,0,0,0,0,0,0,0,0,0.0,0.0,0.0,0.0,0.0,0.0,0.0,0,0,0.2,0.2,0.2,0.2,0.0,86.85220100000001,0.74651,684.5761,0.7518749458524253,0.8714239042699566,0.8347313508127863,0.998,0.998,0.2,0.2,0.0,0.1,0.998,0.998,0,0.0,0.0,0,0,0,0,0,0,0,0,0,0,0,0,1,1,1,0,0
1,1235.397,123,AugShort,1.313216647411379,-0.5245799708039768,0.9854303855185395,0.2601352779271785,0.52471307601621,0.09741204398610667,0.8657757325311898,0.06908125573149172,0.8691282852131108,1.99753,156.84,806.873,0,1,0,1,0,0,0,0,0,0,0,0,0.0,0.0,0.0,0.0,0.0,0.0,0.0,0,0,0.2,0.2,0.2,0.2,0.0,93.355671,0.74651,684.3461,0.7377008854315569,0.8657757325311898,0.8499102504832218,0.998,0.998,0.2,0.2,0.0,0.1,0.998,0.998,0,0.0,0.0,0,0,0,0,0,0,0,0,0,0,0,0,1,1,1,0,0
1,1236.4,123,AugShort,1.8533609732030984,0.5385287395730006,0.9578314645104646,0.027598921008074817,0.4423185802416424,0.09128228635383172,0.8677253014461932,0.06933456387430983,0.8466826288222971,6.39277,141.543,496.82,0,1,0,1,0,0,0,0,0,0,0,0,0.0,0.0,0.0,0.0,0.0,0.0,0.0,0,0,0.2,0.2,0.2,0.2,0.0,94.627571,0.74651,653.2553,0.7688466641564365,0.8677253014461932,0.8045904113374738,0.998,0.998,0.2,0.2,0.0,0.1,0.998,0.998,0,0.0,0.0,0,0,0,0,0,0,0,0,0,0,0,0,1,1,1,0,0
1,1237.401,123,AugShort,1.7690012764274774,-0.0842754213542668,0.8575567719226216,0.10027469258784305,0.30993220208219524,0.10609932832186605,0.8680745069960466,0.06918722885632736,0.8189199000831966,29.1629,92.3833,498.337,0,1,0,1,0,0,0,0,0,0,0,0,0.0,0.0,0.0,0.0,0.0,0.0,0.0,0,0,0.2,0.2,0.2,0.2,0.0,86.74190100000001,0.74651,622.4006,0.7808409629983872,0.8680745069960466,0.8054938699721133,0.998,0.998,0.2,0.2,0.0,0.1,0.998,0.998,0,0.0,0.0,0,0,0,0,0,0,0,0,0,0,0,0,1,1,1,0,0
1,1238.401,123,AugShort,1.6731102726373803,-0.09589100379009707,0.23544207869931283,0.6221146932233088,0.37549206652817835,0.14004728642651879,0.8652755164825884,0.0732342046187309,0.815017597418495,78.9268,78.9268,499.764,0,1,0,1,0,0,0,0,0,0,0,0,0.0,0.0,0.0,0.0,0.0,0.0,0.0,0,0,0.2,0.2,0.2,0.2,0.0,77.55908099999999,0.74651,622.7123,0.7846942366906984,0.8652755164825884,0.8136348951217529,0.998,0.998,0.2,0.2,0.0,0.1,0.998,0.998,0,0.0,0.0,0,0,0,0,0,0,0,0,0,0,0,0,1,1,1,0,0
1,1239.406,123,AugShort,1.0958111950032214,-0.5744269429195611,0.7932565298029998,0.5578144511036869,0.30641729186211536,0.14009585777013978,0.825535091992014,0.07386726531085885,0.8021176366137783,33.3651,33.3651,500.17,0,1,0,1,0,0,0,0,0,0,0,0,0.0,0.0,0.0,0.0,0.0,0.0,0.0,0,0,0.2,0.2,0.2,0.2,0.0,64.183491,0.74651,622.9188,0.8596228694107488,0.825535091992014,0.8541224263147509,0.998,0.998,0.2,0.2,0.0,0.1,0.998,0.998,0,0.0,0.0,0,0,0,0,0,0,0,0,0,0,0,0,1,1,1,0,0
1,1240.405,124,AugShort,1.9045342984928635,0.8095326361257679,0.5700132788432638,0.22324325095973596,0.28776415386324017,0.06804506501305894,0.4034925994808765,0.07580982365230579,0.7151551872546721,33.3651,66.0068,498.255,0,1,0,1,0,0,0,0,0,0,0,0,0.0,0.0,0.0,0.0,0.0,0.0,0.0,0,0,0.1,0.1,0.1,0.1,0.0,70.70952000000001,1.99753,622.7677000000001,0.6256112675952872,0.4034925994808765,0.5898308419711861,0.998,0.998,0.1,0.1,0.0,0.0,0.998,0.998,0,0.0,0.0,0,0,0,0,0,0,0,0,0,0,0,0,1,1,1,0,0
1,1241.405,124,AugShort,1.4764824965111696,-0.4280518019816939,1.5642544717888716,0.9942411929456078,0.48963722608269755,0.09736892808366829,0.44065129157336574,0.07620085759207425,0.6417255330110867,33.3651,155.776,497.487,0,1,0,1,0,0,0,0,0,0,0,0,0.0,0.0,0.0,0.0,0.0,0.0,0.0,0,0,0.0,0.0,0.0,0.0,0.0,86.087367,6.39277,622.5403,0.7796083233970961,0.44065129157336574,0.4006704229430372,0.0,0.0,0.0,0.0,0.0,0.0,0.0,0.0,0,0.0,0.0,0,0,0,0,0,0,0,0,0,0,0,0,1,1,1,0,0
1,1242.406,124,AugShort,1.7121939283845038,0.23547595591741682,0.48873642852368915,1.0755180432651823,0.5070435710455573,0.17410070908799288,0.40487033815928086,0.08142697599811015,0.5671156426277737,33.3651,169.739,809.826,0,1,0,1,0,0,0,0,0,0,0,0,0.0,0.0,0.0,0.0,0.0,0.0,0.0,0,0,0.0,0.0,0.0,0.0,0.0,102.42199000000001,29.1629,622.4426000000001,0.8095082941332807,0.40487033815928086,0.49167694653044924,0.0,0.0,0.0,0.0,0.0,0.0,0.0,0.0,0,0.0,0.0,0,0,0,0,0,0,0,0,0,0,0,0,1,1,1,0,0
1,1243.407,124,AugShort,1.8420668429454665,0.12974317138957317,0.17274154784721069,0.31599488067647846,0.522871545336711,0.1351246639571469,0.4353231627395293,0.08650019112413009,0.49567960882839673,33.3651,159.814,811.67,0,1,0,1,0,0,0,0,0,0,0,0,0.0,0.0,0.0,0.0,0.0,0.0,0.0,0,0,0.0,0.0,0.0,0.0,0.0,115.48710000000001,33.3651,622.6845000000001,0.7870828620902691,0.4353231627395293,0.5025505198865489,0.0,0.0,0.0,0.0,0.0,0.0,0.0,0.0,0,0.0,0.0,0,0,0,0,0,0,0,0,0,0,0,0,1,1,1,0,0
1,1244.407,124,AugShort,1.9416487999888976,0.09958195704343109,0.2744969193227414,0.10175537147553071,0.5546577112828323,0.13952160733858576,0.4299608151604306,0.09145506320423655,0.43208474243413797,66.0068,144.072,813.598,0,1,0,1,0,0,0,0,0,0,0,0,0.0,0.0,0.0,0.0,0.0,0.0,0.0,0,0,0.0,0.0,0.0,0.0,0.0,119.84660000000001,33.3651,623.28,0.6899759876779715,0.4299608151604306,0.4278690775172628,0.0,0.0,0.0,0.0,0.0,0.0,0.0,0.0,0,0.0,0.0,0,0,0,0,0,0,0,0,0,0,0,0,1,1,1,0,0
2,0.0,0,Glock19,0.0,0.0,0.0,0.0,0.0,0.0,0.0,0.0,0.0,112.157,112.157,707.46,0,1,0,0,0,0,0,0,0,0,0,0,0.0,0.0,0.0,0.0,0.0,0.0,0.0,0,0,0.0,0.0,0.0,0.0,0.0,112.157,112.157,707.46,0.0,0.0,0.0,0.0,0.0,0.0,0.0,0.0,0.0,0.0,0.0,0,0.0,0.0,0,0,0,0,0,0,0,0,0,0,0,0,0,0,0,0,0
2,3.076,0,Glock19,0.0,0.0,0.0,0.0,0.0,0.0,0.0,0.0,0.0,112.157,112.157,707.46,0,1,0,0,0,0,0,0,0,0,0,0,0.0,0.0,0.0,0.0,0.0,0.0,0.0,0,0,0.0,0.0,0.0,0.0,0.0,112.157,112.157,707.46,0.0,0.0,0.0,0.0,0.0,0.0,0.0,0.0,0.0,0.0,0.0,0,0.0,0.0,0,0,0,0,0,0,0,0,0,0,0,0,0,0,0,0,0
2,4.122,0,Glock19,0.0,0.0,0.0,0.0,0.0,0.0,0.0,0.0,0.0,112.157,112.157,707.46,0,1,0,0,0,0,0,0,0,0,0,0,0.0,0.0,0.0,0.0,0.0,0.0,0.0,0,0,0.0,0.0,0.0,0.0,0.0,112.157,112.157,707.46,0.0,0.0,0.0,0.0,0.0,0.0,0.0,0.0,0.0,0.0,0.0,0,0.0,0.0,0,0,0,0,0,0,0,0,0,0,0,0,0,0,0,0,0
2,5.118,0,Glock19,0.0,0.0,0.0,0.0,0.0,0.0,0.0,0.0,0.0,112.157,112.157,707.46,0,1,0,0,0,0,0,0,0,0,0,0,0.0,0.0,0.0,0.0,0.0,0.0,0.0,0,0,0.0,0.0,0.0,0.0,0.0,112.157,112.157,707.46,0.0,0.0,0.0,0.0,0.0,0.0,0.0,0.0,0.0,0.0,0.0,0,0.0,0.0,0,0,0,0,0,0,0,0,0,0,0,0,0,0,0,0,0
2,6.124,0,Glock19,0.0,0.0,0.0,0.0,0.0,0.0,0.0,0.0,0.0,112.157,112.157,707.46,0,1,0,0,0,0,0,0,0,0,0,0,0.0,0.0,0.0,0.0,0.0,0.0,0.0,0,0,0.0,0.0,0.0,0.0,0.0,112.157,112.157,707.46,0.0,0.0,0.0,0.0,0.0,0.0,0.0,0.0,0.0,0.0,0.0,0,0.0,0.0,0,0,0,0,0,0,0,0,0,0,0,0,0,0,0,0,0
2,7.12,0,Glock19,0.0,0.0,0.0,0.0,0.0,0.0,0.0,0.0,0.0,112.157,112.157,707.46,0,1,0,0,0,0,0,0,0,0,0,0,0.0,0.0,0.0,0.0,0.0,0.0,0.0,0,0,0.0,0.0,0.0,0.0,0.0,112.157,112.157,707.46,0.0,0.0,0.0,0.0,0.0,0.0,0.0,0.0,0.0,0.0,0.0,0,0.0,0.0,0,0,0,0,0,0,0,0,0,0,0,0,0,0,0,0,0
2,8.125,0,Glock19,0.0,0.0,0.0,0.0,0.0,0.0,0.0,0.0,0.0,112.157,112.157,707.46,0,1,0,0,0,0,0,0,0,0,0,0,0.0,0.0,0.0,0.0,0.0,0.0,0.0,0,0,0.0,0.0,0.0,0.0,0.0,112.157,112.157,707.46,0.0,0.0,0.0,0.0,0.0,0.0,0.0,0.0,0.0,0.0,0.0,0,0.0,0.0,0,0,0,0,0,0,0,0,0,0,0,0,0,0,0,0,0
2,9.465,0,Glock19,0.0,0.0,0.0,0.0,0.0,0.0,0.0,0.0,0.0,112.157,112.157,707.46,0,1,0,0,0,0,0,0,0,0,0,0,0.0,0.0,0.0,0.0,0.0,0.0,0.0,0,0,0.0,0.0,0.0,0.0,0.0,112.157,112.157,707.46,0.0,0.0,0.0,0.0,0.0,0.0,0.0,0.0,0.0,0.0,0.0,0,0.0,0.0,0,0,0,0,0,0,0,0,0,0,0,0,0,0,0,0,0
2,10.468,1,Glock19,0.0,0.0,0.0,0.0,0.0,0.0,0.0,0.0,0.0,112.157,112.157,707.46,0,1,0,0,0,0,0,0,0,0,0,0,0.0,0.0,0.0,0.0,0.0,0.0,0.0,0,0,0.0,0.0,0.0,0.0,0.0,112.157,112.157,707.46,0.0,0.0,0.0,0.0,0.0,0.0,0.0,0.0,0.0,0.0,0.0,0,0.0,0.0,0,0,0,0,0,0,0,0,0,0,0,0,0,0,0,0,0
2,11.463,1,Glock19,0.0,0.0,0.0,0.0,0.0,0.0,0.0,0.0,0.0,112.157,112.157,707.46,0,1,0,0,0,0,0,0,0,0,0,0,0.0,0.0,0.0,0.0,0.0,0.0,0.0,0,0,0.0,0.0,0.0,0.0,0.0,112.157,112.157,707.46,0.0,0.0,0.0,0.0,0.0,0.0,0.0,0.0,0.0,0.0,0.0,0,0.0,0.0,0,0,0,0,0,0,0,0,0,0,0,0,0,0,0,0,0
2,12.558,1,Glock19,1.3576349356515853,1.2398492563028176,1.1149624783681618,1.1149624783681618,0.4986263787985697,0.0,0.35258209372696075,0.0,0.049862637879856966,112.157,166.573,980.045,0,1,0,0,0,0,0,0,0,0,0,0,0.0,0.0,0.0,0.0,0.0,0.0,0.0,0,0,0.0,0.0,0.0,0.0,0.0,117.59859999999999,112.157,734.7185000000001,0.11149624783681618,0.35258209372696075,0.11149624783681618,0.0,0.0,0.0,0.0,0.0,0.0,0.0,0.0,0,0.0,0.0,0,0,0,0,0,0,0,0,0,0,0,0,0,0,0,0,0
2,13.792,1,Glock19,1.239644364954105,-0.0956163457840198,0.6825404450967386,0.43242203327142315,0.5154608218353639,0.0,0.392414337626732,0.0,0.10140872006339337,112.157,133.914,707.254,0,1,0,0,0,0,0,0,0,0,0,0,0.0,0.0,0.0,0.0,0.0,0.0,0.0,0,0,0.0,0.0,0.0,0.0,0.0,119.7743,112.157,734.6979,0.17975029234649004,0.392414337626732,0.1547384511639585,0.0,0.0,0.0,0.0,0.0,0.0,0.0,0.0,0,0.0,0.0,0,0,0,0,0,0,0,0,0,0,0,0,0,0,0,0,0
2,14.795,1,Glock19,1.963906457496455,0.7220958051269694,0.31612664003445584,0.36641380506228277,0.4783965022764867,0.0,0.38904382025841455,0.0,0.14924837029104204,112.157,115.859,708.632,0,1,0,0,0,0,0,0,0,0,0,0,0.0,0.0,0.0,0.0,0.0,0.0,0.0,0,0,0.0,0.0,0.0,0.0,0.0,120.14450000000002,112.157,734.8151,0.2113629563499356,0.38904382025841455,0.19137983167018677,0.0,0.0,0.0,0.0,0.0,0.0,0.0,0.0,0,0.0,0.0,0,0,0,0,0,0,0,0,0,0,0,0,0,0,0,0,0
2,15.789,1,Glock19,0.7324155568421785,-1.2389244473383063,0.002957613074616069,0.3131690269598398,0.477744526962064,0.0,0.38886636661691426,0.0,0.19702282298724844,112.157,115.727,709.266,0,1,0,0,0,0,0,0,0,0,0,0,0.0,0.0,0.0,0.0,0.0,0.0,0.0,0,0,0.0,0.0,0.0,0.0,0.0,120.5015,112.157,734.9957,0.21165871765739724,0.38886636661691426,0.2226967343661707,0.0,0.0,0.0,0.0,0.0,0.0,0.0,0.0,0,0.0,0.0,0,0,0,0,0,0,0,0,0,0,0,0,0,0,0,0,0
2,16.793,1,Glock19,0.09960172111581861,-0.6302926650660956,0.0,0.002957613074616069,0.477744526962064,0.0,0.38886636661691426,0.0,0.24479727568345483,115.727,115.729,709.287,0,1,0,0,0,0,0,0,0,0,0,0,0.0,0.0,0.0,0.0,0.0,0.0,0.0,0,0,0.0,0.0,0.0,0.0,0.0,120.8587,112.157,735.1784,0.21165871765739724,0.38886636661691426,0.22299249567363236,0.0,0.0,0.0,0.0,0.0,0.0,0.0,0.0,0,0.0,0.0,0,0,0,0,0,0,0,0,0,0,0,0,0,0,0,0,0
2,17.798,1,Glock19,0.0,-0.09910619016499365,0.0,0.0,0.30214063447186784,0.0,0.38886636661691426,0.0,0.2750113391306416,115.727,115.729,709.287,0,1,0,0,0,0,0,0,0,0,0,0,0.0,0.0,0.0,0.0,0.0,0.0,0.0,0,0,0.0,0.0,0.0,0.0,0.0,121.2159,112.157,735.3611,0.21165871765739724,0.38886636661691426,0.22299249567363236,0.0,0.0,0.0,0.0,0.0,0.0,0.0,0.0,0,0.0,0.0,0,0,0,0,0,0,0,0,0,0,0,0,0,0,0,0,0
2,18.794,1,Glock19,0.0,0.0,0.5015270292783418,0.5015270292783418,0.2328054905683225,0.0,0.39087149763693874,0.0,0.2982918881874739,87.1086,87.1086,709.287,0,1,0,0,0,0,0,0,0,0,0,0,0.0,0.0,0.0,0.0,0.0,0.0,0.0,0,0,0.0,0.0,0.0,0.0,0.0,118.71106,87.1086,735.5438,0.26181142058523144,0.39087149763693874,0.2731451986014665,0.0,0.0,0.0,0.0,0.0,0.0,0.0,0.0,0,0.0,0.0,0,0,0,0,0,0,0,0,0,0,0,0,0,0,0,0,0
2,19.797,1,Glock19,0.0,0.0,1.1862962112180016,0.6847691819396597,0.521317760670403,0.0,0.473805138928082,0.0,0.35042366425451416,18.935,18.935,709.287,0,1,0,0,0,0,0,0,0,0,0,0,0.0,0.0,0.0,0.0,0.0,0.0,0.0,0,0,0.0,0.0,0.0,0.0,0.0,109.38886,18.935,735.7265,0.3804410417070316,0.473805138928082,0.34162211679543253,0.0,0.0,0.0,0.0,0.0,0.0,0.0,0.0,0,0.0,0.0,0,0,0,0,0,0,0,0,0,0,0,0,0,0,0,0,0
2,20.804,2,Glock19,0.0,0.0,0.040491295207368265,1.1458049160106334,0.5155224000879028,0.0,0.4703530915414301,0.0,0.40197590426330443,16.5988,16.5988,709.287,0,1,0,0,0,0,0,0,0,0,0,0,0.0,0.0,0.0,0.0,0.0,0.0,0.0,0,0,0.0,0.0,0.0,0.0,0.0,99.83304,16.5988,735.9092,0.3844901712277684,0.4703530915414301,0.4562026083964959,0.0,0.0,0.0,0.0,0.0,0.0,0.0,0.0,0,0.0,0.0,0,0,0,0,0,0,0,0,0,0,0,0,0,0,0,0,0
2,21.803,2,Glock19,0.0,0.0,0.0,0.040491295207368265,0.5155224000879028,0.0,0.4703530915414301,0.0,0.45352814427209476,16.5988,16.5988,709.287,0,1,0,0,0,0,0,0,0,0,0,0,0.0,0.0,0.0,0.0,0.0,0.0,0.0,0,0,0.0,0.0,0.0,0.0,0.0,90.27722,16.5988,736.0919,0.3844901712277684,0.4703530915414301,0.46025173791723273,0.0,0.0,0.0,0.0,0.0,0.0,0.0,0.0,0,0.0,0.0,0,0,0,0,0,0,0,0,0,0,0,0,0,0,0,0,0
2,22.805,2,Glock19,0.0,0.0,0.0,0.0,0.5155224000879028,0.5581203991259037,0.40565681225473926,0.027906019956295186,0.455217746401028,16.5988,16.5988,709.287,0,1,0,0,0,0,0,0,0,0,0,0,0.0,0.0,0.0,0.0,0.0,0.0,0.0,0,0,0.0,0.0,0.0,0.0,0.0,75.2798,16.5988,709.0161,0.27299392339095224,0.40565681225473926,0.3487554900804165,0.0,0.0,0.0,0.0,0.0,0.0,0.0,0.0,0,0.0,0.0,0,0,0,0,0,0,0,0,0,0,0,0,0,0,0,0,0
2,23.802,2,Glock19,0.0,0.0,0.4189078578399719,0.4189078578399719,0.5105779550433367,0.5581203991259037,0.38407599836444495,0.05581203991259037,0.4547294597218253,16.5988,40.5284,709.287,0,1,0,0,0,0,0,0,0,0,0,0,0.0,0.0,0.0,0.0,0.0,0.0,0.0,0,0,0.0,0.0,0.0,0.0,0.0,65.94124000000001,16.5988,709.2194000000001,0.24663066466527556,0.38407599836444495,0.34740407253727135,0.0,0.0,0.0,0.0,0.0,0.0,0.0,0.0,0,0.0,0.0,0,0,0,0,0,0,0,0,0,0,0,0,0,0,0,0,0
2,24.807,2,Glock19,0.0,0.0,0.5460711433011682,0.12716328546119632,0.26130582108233724,0.5581203991259037,0.3954149458862069,0.08371805986888556,0.43302039160241035,16.5988,71.9724,709.287,0,1,0,1,0,0,0,0,0,0,0,0,0.0,0.0,0.0,0.0,0.0,0.0,0.0,0,0,0.0,0.0,0.0,0.0,0.0,61.55258,16.5988,709.2849,0.2696251149919468,0.3954149458862069,0.3234790205771627,0.0,0.0,0.0,0.0,0.0,0.0,0.0,0.0,0,0.0,0.0,0,0,0,0,0,0,0,0,0,0,0,0,0,0,0,0,0
2,25.809,2,Glock19,0.0,0.0,0.0,0.5460711433011682,0.2680674319913035,0.5581203991259037,0.3956376128310418,0.11162407982518074,0.41205268210533436,16.5988,71.9724,709.287,0,1,0,1,0,0,0,0,0,0,0,0,0.0,0.0,0.0,0.0,0.0,0.0,0.0,0,0,0.0,0.0,0.0,0.0,0.0,57.17711999999999,16.5988,709.287,0.2693293536844852,0.3956376128310418,0.3467692322112956,0.0,0.0,0.0,0.0,0.0,0.0,0.0,0.0,0,0.0,0.0,0,0,0,0,0,0,0,0,0,0,0,0,0,0,0,0,0
2,26.804,2,Glock19,0.0,0.0,0.0,0.0,0.2680674319913035,0.5581203991259037,0.3956376128310418,0.13953009978147593,0.39108497260825825,16.5988,71.9724,709.287,0,1,0,1,0,0,0,0,0,0,0,0,0.0,0.0,0.0,0.0,0.0,0.0,0.0,0,0,0.0,0.0,0.0,0.0,0.0,52.80146,16.5988,709.287,0.2693293536844852,0.3956376128310418,0.34647347090383396,0.0,0.0,0.0,0.0,0.0,0.0,0.0,0.0,0,0.0,0.0,0,0,0,0,0,0,0,0,0,0,0,0,0,0,0,0,0
2,27.81,2,Glock19,0.0,0.0,0.0,0.0,0.2680674319913035,0.5581203991259037,0.3956376128310418,0.16743611973777112,0.3876776523602018,40.5284,71.9724,709.287,0,1,0,1,0,0,0,0,0,0,0,0,0.0,0.0,0.0,0.0,0.0,0.0,0.0,0,0,0.0,0.0,0.0,0.0,0.0,48.425799999999995,16.5988,709.287,0.2693293536844852,0.3956376128310418,0.34647347090383396,0.0,0.0,0.0,0.0,0.0,0.0,0.0,0.0,0,0.0,0.0,0,0,0,0,0,0,0,0,0,0,0,0,0,0,0,0,0
2,28.948,2,Glock19,0.0,0.0,0.0,0.0,0.2442104393944882,0.5581203991259037,0.39471954745321597,0.1953421396940663,0.3888181472428184,71.9724,71.9724,709.287,0,1,0,1,0,0,0,0,0,0,0,0,0.0,0.0,0.0,0.0,0.0,0.0,0.0,0,0,0.0,0.0,0.0,0.0,0.0,46.91217999999999,16.5988,709.287,0.219176650756651,0.39471954745321597,0.29632076797599977,0.0,0.0,0.0,0.0,0.0,0.0,0.0,0.0,0,0.0,0.0,0,0,0,0,0,0,0,0,0,0,0,0,0,0,0,0,0
2,29.945,2,Glock19,0.0,0.0,0.0,0.0,0.0,0.5581203991259037,0.20391174022382363,0.2232481596503615,0.3366863711757781,71.9724,71.9724,709.287,0,1,0,1,0,0,0,0,0,0,0,0,0.0,0.0,0.0,0.0,0.0,0.0,0.0,0,0,0.0,0.0,0.0,0.0,0.0,52.21592,16.5988,709.287,0.10054702963485085,0.20391174022382363,0.2278438497820338,0.0,0.0,0.0,0.0,0.0,0.0,0.0,0.0,0,0.0,0.0,0,0,0,0,0,0,0,0,0,0,0,0,0,0,0,0,0
2,30.953,3,Glock19,0.0,0.0,0.0,0.0,0.0,0.5581203991259037,0.20563155822489448,0.25115417960665665,0.2851341311669878,71.9724,71.9724,709.287,0,1,0,1,0,0,0,0,0,0,0,0,0.0,0.0,0.0,0.0,0.0,0.0,0.0,0,0,0.0,0.0,0.0,0.0,0.0,57.75328,16.5988,709.287,0.09649790011411402,0.20563155822489448,0.11326335818097047,0.0,0.0,0.0,0.0,0.0,0.0,0.0,0.0,0,0.0,0.0,0,0,0,0,0,0,0,0,0,0,0,0,0,0,0,0,0
2,31.954,3,Glock19,0.0,0.0,0.0,0.0,0.0,0.5581203991259037,0.20563155822489448,0.27906019956295186,0.23358189115819755,71.9724,71.9724,709.287,0,1,0,1,0,0,0,0,0,0,0,0,0.0,0.0,0.0,0.0,0.0,0.0,0.0,0,0,0.0,0.0,0.0,0.0,0.0,63.290639999999996,16.5988,709.287,0.09649790011411402,0.20563155822489448,0.10921422866023364,0.0,0.0,0.0,0.0,0.0,0.0,0.0,0.0,0,0.0,0.0,0,0,0,0,0,0,0,0,0,0,0,0,0,0,0,0,0
2,32.957,3,Glock19,0.0,0.0,1.1602312259236633,1.1602312259236633,0.5188711781566455,0.9939046483534977,0.38989487665730876,0.32875543198062673,0.2339167689650718,71.9724,138.648,709.287,0,1,0,0,0,0,0,0,0,0,0,0,0.0,0.0,0.0,0.0,0.0,0.0,0.0,0,0,0.0,0.0,0.0,0.0,0.0,75.49556,40.5284,709.287,0.21252102270648035,0.38989487665730876,0.22523735125259997,0.0,0.0,0.0,0.0,0.0,0.0,0.0,0.0,0,0.0,0.0,0,0,0,0,0,0,0,0,0,0,0,0,0,0,0,0,0
2,33.955,3,Glock19,2.7257760510533218,2.731238528109541,0.6482920692763962,0.5119391566472672,0.5273205388657695,0.9430425986750901,0.40963415944516907,0.37590756191438124,0.2355910273473151,71.9724,173.08,986.497,0,1,0,0,0,0,0,0,0,0,0,0,0.0,0.0,0.0,0.0,0.0,0.0,0.0,0,0,0.0,0.0,0.0,0.0,0.0,88.75072,71.9724,737.008,0.2354594438501228,0.40963415944516907,0.2345404811333295,0.0,0.0,0.0,0.0,0.0,0.0,0.0,0.0,0,0.0,0.0,0,0,0,0,0,0,0,0,0,0,0,0,0,0,0,0,0
2,34.951,3,Glock19,3.189238191889857,0.4653234345748345,0.13050253869282305,0.5177895305835731,0.5078104420941619,0.8868717489620008,0.3954558408905223,0.4202511493624813,0.26024148944849756,71.9724,165.778,988.521,0,1,0,1,0,0,0,0,0,0,0,0,0.0,0.0,0.0,0.0,0.0,0.0,0.0,0,0,0.0,0.0,0.0,0.0,0.0,98.13127999999999,71.9724,764.9313999999999,0.19390258338928826,0.3954558408905223,0.27360310564556717,0.0,0.0,0.0,0.0,0.0,0.0,0.0,0.0,0,0.0,0.0,0,0,0,0,0,0,0,0,0,0,0,0,0,0,0,0,0
2,35.953,3,Glock19,0.0,-3.1828724469958654,0.0,0.13050253869282305,0.5078104420941619,0.9224455148148478,0.3954558408905223,0.46637342510322366,0.2842157904587834,71.9724,165.777,988.514,0,1,0,1,0,0,0,0,0,0,0,0,0.0,0.0,0.0,0.0,0.0,0.0,0.0,0,0,0.0,0.0,0.0,0.0,0.0,107.51173999999999,71.9724,792.8541,0.19390258338928826,0.3954558408905223,0.23204624518473266,0.0,0.0,0.0,0.0,0.0,0.0,0.0,0.0,0,0.0,0.0,0,0,0,0,0,0,0,0,0,0,0,0,0,0,0,0,0
2,36.959,3,Glock19,0.19880715705837734,0.19762142848745262,0.187101057319227,0.187101057319227,0.4781144505877199,0.9169014372294697,0.3896458886956371,0.5122184969646971,0.3052204923184251,138.648,172.217,714.494,0,1,0,1,0,0,0,0,0,0,0,0,0.0,0.0,0.0,0.0,0.0,0.0,0.0,0,0,0.0,0.0,0.0,0.0,0.0,117.53620000000001,71.9724,793.3748,0.21261268912121095,0.3896458886956371,0.2507563509166554,0.0,0.0,0.0,0.0,0.0,0.0,0.0,0.0,0,0.0,0.0,0,0,0,0,0,0,0,0,0,0,0,0,0,0,0,0,0
2,37.96,3,Glock19,0.0,-0.1986085485098675,1.488627491892873e-08,0.18710104243295209,0.2672683260067862,0.9169014372294697,0.3896458877931051,0.5580635688261706,0.3051405817199733,165.777,172.215,714.497,0,1,0,1,0,0,0,0,0,0,0,0,0.0,0.0,0.0,0.0,0.0,0.0,0.0,0,0,0.0,0.0,0.0,0.0,0.0,127.56045999999999,71.9724,793.8958,0.21261269060983845,0.3896458877931051,0.26946645515995055,0.0,0.0,0.0,0.0,0.0,0.0,0.0,0.0,0,0.0,0.0,0,0,0,0,0,0,0,0,0,0,0,0,0,0,0,0,0
2,38.961,3,Glock19,0.3996004000995367,0.3992011989006361,0.09714507715775705,0.09714506227148213,0.08226723135973261,0.8163661429770113,0.38493869032946293,0.5988818759750212,0.2889462609164978,165.777,166.637,714.147,0,1,0,0,0,0,0,0,0,0,0,0,0.0,0.0,0.0,0.0,0.0,0.0,0.0,0,0,0.0,0.0,0.0,0.0,0.0,137.02692,71.9724,794.3818,0.22232719832561415,0.38493869032946293,0.27918096138709875,0.0,0.0,0.0,0.0,0.0,0.0,0.0,0.0,0,0.0,0.0,0,0,0,0,0,0,0,0,0,0,0,0,0,0,0,0,0
2,39.961,3,Glock19,2.0224140921187863,1.6228136920192497,0.03507390252890389,0.062071174628853164,0.07950014339056863,0.4567337583718514,0.38284193918938686,0.6217185638936138,0.2968962752555546,164.588,164.588,712.193,0,1,0,1,1,0,0,0,0,0,0,0,0.0,0.0,0.0,0.0,0.0,0.0,0.0,0,0,0.0,0.0,0.0,0.0,0.0,146.28848,71.9724,794.6724,0.22583458857850455,0.38284193918938686,0.2853880788499841,0.0,0.0,0.0,0.0,0.0,0.0,0.0,0.0,0,0.0,0.0,0,0,0,0,0,0,0,0,0,0,0,0,0,0,0,0,0
2,40.96,4,Glock19,0.2002079518007914,-1.8240301704884834,7.450543868272745e-05,0.034999397090221165,0.07948518604921555,0.43672292303164534,0.3828370565493574,0.643554710045196,0.3048447938604762,164.579,164.579,711.98,0,1,0,1,1,0,0,0,0,0,0,0,0.0,0.0,0.0,0.0,0.0,0.0,0.0,0,0,0.0,0.0,0.0,0.0,0.0,155.54914,71.9724,794.9417000000001,0.22584203912237283,0.3828370565493574,0.2888880185590062,0.0,0.0,0.0,0.0,0.0,0.0,0.0,0.0,0,0.0,0.0,0,0,0,0,0,0,0,0,0,0,0,0,0,0,0,0,0
2,41.964,4,Glock19,0.0,-0.19941031055855718,0.0,7.450543868272745e-05,0.04232917485786105,0.43672292303164534,0.3828370565493574,0.6653908561967783,0.3090777113462623,164.579,164.579,711.98,0,1,0,0,0,0,0,0,0,0,0,0,0.0,0.0,0.0,0.0,0.0,0.0,0.0,0,0,0.0,0.0,0.0,0.0,0.0,164.8098,138.648,795.211,0.22584203912237283,0.3828370565493574,0.2888954691028745,0.0,0.0,0.0,0.0,0.0,0.0,0.0,0.0,0,0.0,0.0,0,0,0,0,0,0,0,0,0,0,0,0,0,0,0,0,0
2,42.966,4,Glock19,0.7794827185326533,0.7779268648030472,0.05856336385065073,0.05856336385065073,0.041266664606400855,0.47553839541784,0.19793649423865886,0.6612617560113752,0.2613172599912378,164.579,167.923,712.764,0,1,0,0,0,0,0,0,0,0,0,0,0.0,0.0,0.0,0.0,0.0,0.0,0.0,0,0,0.0,0.0,0.0,0.0,0.0,167.7373,164.579,795.5587,0.11567525291507155,0.19793649423865886,0.17872868289557323,0.0,0.0,0.0,0.0,0.0,0.0,0.0,0.0,0,0.0,0.0,0,0,0,0,0,0,0,0,0,0,0,0,0,0,0,0,0
2,43.967,4,Glock19,0.0,-0.7787040145181352,1.488627491892873e-08,0.05856334896437581,0.026941937484621734,0.47553839541784,0.06690086414242188,0.6571326558259719,0.21127939985312305,164.579,167.923,712.764,0,1,0,0,0,0,0,0,0,0,0,0,0.0,0.0,0.0,0.0,0.0,0.0,0.0,0,0,0.0,0.0,0.0,0.0,0.0,167.22160000000002,164.579,768.1854000000001,0.05084604747605943,0.06690086414242188,0.13339110212728406,0.0,0.0,0.0,0.0,0.0,0.0,0.0,0.0,0,0.0,0.0,0,0,0,0,0,0,0,0,0,0,0,0,0,0,0,0,0
2,44.959,4,Glock19,0.0,0.0,1.502133184863675e-08,1.3505692970802046e-10,0.02618201907855147,0.47553839541784,0.0621991444760592,0.6530035556405688,0.163116557551562,164.579,167.923,712.764,0,1,0,0,0,0,0,0,0,0,0,0,0.0,0.0,0.0,0.0,0.0,0.0,0.0,0,0,0.0,0.0,0.0,0.0,0.0,167.4361,164.579,740.6097000000001,0.03779579510891031,0.0621991444760592,0.08161214908243246,0.0,0.0,0.0,0.0,0.0,0.0,0.0,0.0,0,0.0,0.0,0,0,0,0,0,0,0,0,0,0,0,0,0,0,0,0,0
2,45.969,4,Glock19,0.0,0.0,1.475362494440362e-08,2.6770690423313023e-10,0.026190327518945507,0.47553839541784,0.062199143479931,0.6488744554551655,0.11495454609404035,164.579,167.923,712.764,0,1,0,0,0,0,0,0,0,0,0,0,0.0,0.0,0.0,0.0,0.0,0.0,0.0,0,0,0.0,0.0,0.0,0.0,0.0,167.6507,164.579,713.0347,0.0377957965842728,0.062199143479931,0.06856189523992084,0.0,0.0,0.0,0.0,0.0,0.0,0.0,0.0,0,0.0,0.0,0,0,0,0,0,0,0,0,0,0,0,0,0,0,0,0,0
2,46.967,4,Glock19,0.0,0.0,1.493102324032831e-08,1.7739829592469133e-10,0.026190325849605567,0.47553839541784,0.03408222291280898,0.6447453552697624,0.0697621336202289,167.923,167.923,712.764,0,1,0,0,0,0,0,0,0,0,0,0,0.0,0.0,0.0,0.0,0.0,0.0,0.0,0,0,0.0,0.0,0.0,0.0,0.0,167.22129999999999,164.579,712.8617,0.019085692345452425,0.03408222291280898,0.049851789525737975,0.0,0.0,0.0,0.0,0.0,0.0,0.0,0.0,0,0.0,0.0,0,0,0,0,0,0,0,0,0,0,0,0,0,0,0,0,0
2,47.97,4,Glock19,0.19940747773628892,0.1988110446024815,0.04530175196818774,0.0453017370371645,0.020259552717523884,0.4756678359817169,0.03427369452560243,0.6406227271125531,0.045061256291302684,165.323,165.323,712.945,0,1,0,0,0,0,0,0,0,0,0,0,0.0,0.0,0.0,0.0,0.0,0.0,0.0,0,0,0.0,0.0,0.0,0.0,0.0,166.53209999999999,164.579,712.7065,0.02361586605364371,0.03427369452560243,0.03567185898615921,0.0,0.0,0.0,0.0,0.0,0.0,0.0,0.0,0,0.0,0.0,0,0,0,0,0,0,0,0,0,0,0,0,0,0,0,0,0
2,48.969,4,Glock19,4.023981836391731,3.828402761416859,0.0401981569503857,0.00510359501780204,0.023484527564098193,0.5600779437184316,0.02384278959627283,0.6407206043421795,0.03918298591173924,163.116,163.116,716.802,0,1,0,0,0,0,0,0,0,0,0,0,0.0,0.0,0.0,0.0,0.0,0.0,0.0,0,0,0.0,0.0,0.0,0.0,0.0,166.18,163.116,712.972,0.01792117403290657,0.02384278959627283,0.026467712260791205,0.0,0.0,0.0,0.0,0.0,0.0,0.0,0.0,0,0.0,0.0,0,0,0,0,0,0,0,0,0,0,0,0,0,0,0,0,0
2,49.97,4,Glock19,3.9178164937449655,-0.10605928336340208,0.11020905575506187,0.07001089880467617,0.04514912631898787,0.652445953006386,0.037674948107997194,0.6454368820362035,0.03574788420458117,156.798,156.798,720.704,0,1,0,0,0,0,0,0,0,0,0,0,0.0,0.0,0.0,0.0,0.0,0.0,0.0,0,0,0.0,0.0,0.0,0.0,0.0,165.401,156.798,713.8231,0.025434689355522372,0.037674948107997194,0.027261684678373505,0.0,0.0,0.0,0.0,0.0,0.0,0.0,0.0,0,0.0,0.0,0,0,0,0,0,0,0,0,0,0,0,0,0,0,0,0,0
2,50.969,5,Glock19,3.2605647879902038,-0.6579096153701319,0.6846974800250928,0.5744884242700309,0.2870547460177114,0.6659377978925157,0.21078900507232923,0.6508277519745341,0.05650484020143076,117.775,117.775,723.188,0,1,0,0,0,0,0,0,0,0,0,0,0.0,0.0,0.0,0.0,0.0,0.0,0.0,0,0,0.0,0.0,0.0,0.0,0.0,160.7206,117.775,714.9439,0.09389698681416339,0.21078900507232923,0.08121058739635448,0.0,0.0,0.0,0.0,0.0,0.0,0.0,0.0,0,0.0,0.0,0,0,0,0,0,0,0,0,0,0,0,0,0,0,0,0,0
2,51.971,5,Glock19,2.3410490758956137,-0.9176803513918065,0.18099254205974427,0.5037049379653485,0.27021729873362826,0.5898762044102628,0.20959781686656578,0.6524155422387521,0.07929365258900747,117.775,128.348,722.715,0,1,0,0,0,0,0,0,0,0,0,0,0.0,0.0,0.0,0.0,0.0,0.0,0.0,0,0,0.0,0.0,0.0,0.0,0.0,157.0975,117.775,716.0174,0.1119962410201378,0.20959781686656578,0.13157363064902106,0.0,0.0,0.0,0.0,0.0,0.0,0.0,0.0,0,0.0,0.0,0,0,0,0,0,0,0,0,0,0,0,0,0,0,0,0,0
2,52.998,5,Glock19,1.4734903554774028,-0.8447504580508384,2.4394684438153162,2.258475901755572,1.0097215363363696,0.6123396573876712,0.7632374092536891,0.6333372926904607,0.17613913976200438,77.0779,77.0779,999.013,0,1,0,0,0,0,0,0,0,0,0,0,0.0,0.0,0.0,0.0,0.0,0.0,0.0,0,0,0.0,0.0,0.0,0.0,0.0,148.01299,77.0779,744.6423,0.35008674901660436,0.7632374092536891,0.35156488443951317,0.0,0.0,0.0,0.0,0.0,0.0,0.0,0.0,0,0.0,0.0,0,0,0,0,0,0,0,0,0,0,0,0,0,0,0,0,0
2,53.994,5,Glock19,3.933803806777893,2.470194228213344,0.11898882410004427,2.320479619715272,0.9975651167066388,0.4361862923702675,0.758083239476264,0.6079944773752196,0.27320145768420606,70.4953,70.4953,997.549,0,1,0,0,0,0,0,0,0,0,0,0,0.0,0.0,0.0,0.0,0.0,0.0,0.0,0,0,0.0,0.0,0.0,0.0,0.0,138.27022,70.4953,773.1207999999999,0.3619856299379813,0.758083239476264,0.5777565115146028,0.0,0.0,0.0,0.0,0.0,0.0,0.0,0.0,0,0.0,0.0,0,0,0,0,0,0,0,0,0,0,0,0,0,0,0,0,0
2,55.108,5,Glock19,2.4086908797876236,-1.3690421247668485,0.09262237371405145,0.02636645038599282,1.0002223126202558,0.34293625161625,0.7537223825813846,0.5807977025079321,0.3706054870383765,70.4953,76.5567,996.747,0,1,0,0,0,0,0,0,0,0,0,0,0.0,0.0,0.0,0.0,0.0,0.0,0.0,0,0,0.0,0.0,0.0,0.0,0.0,129.13359,70.4953,801.5191,0.3712478658072532,0.7537223825813846,0.5803931565396964,0.0,0.0,0.0,0.0,0.0,0.0,0.0,0.0,0,0.0,0.0,0,0,0,0,0,0,0,0,0,0,0,0,0,0,0,0,0
2,55.979,5,Glock19,1.3872623890583895,-1.1727077964744363,0.00442148366041795,0.0882008900536335,1.0484967951262436,0.33445162408003054,0.7534816625967233,0.5513980079711913,0.47283613379910633,70.4953,76.4044,996.47,0,1,0,0,0,0,0,0,0,0,0,0,0.0,0.0,0.0,0.0,0.0,0.0,0.0,0,0,0.0,0.0,0.0,0.0,0.0,119.98173,70.4953,829.8897,0.37169001269793256,0.7534816625967233,0.589213245518289,0.0,0.0,0.0,0.0,0.0,0.0,0.0,0.0,0,0.0,0.0,0,0,0,0,0,0,0,0,0,0,0,0,0,0,0,0,0
2,56.974,5,Glock19,3.964475508097074,2.590163938732346,0.028579046658550496,0.024157562998132546,1.0646269969196065,0.3287273841138218,0.7519679032228824,0.5219893053154089,0.5766798009061064,70.4953,78.2426,995.116,0,1,0,0,0,0,0,0,0,0,0,0,0.0,0.0,0.0,0.0,0.0,0.0,0.0,0,0,0.0,0.0,0.0,0.0,0.0,111.01369,70.4953,858.1249,0.37454791587068526,0.7519679032228824,0.5916290018003625,0.0,0.0,0.0,0.0,0.0,0.0,0.0,0.0,0,0.0,0.0,0,0,0,0,0,0,0,0,0,0,0,0,0,0,0,0,0
2,57.979,5,Glock19,4.030081820792669,0.06527991312994574,0.06575009818936413,0.03717105153081363,0.04645357511290364,0.37544950373457525,0.7510002803351069,0.4949167086406641,0.5792992031456443,70.4953,82.2595,994.431,0,1,0,0,0,0,0,0,0,0,0,0,0.0,0.0,0.0,0.0,0.0,0.0,0.0,0,0,0.0,0.0,0.0,0.0,0.0,102.70734,70.4953,886.2735,0.37659275049280294,0.7510002803351069,0.5908159332497274,0.0,0.0,0.0,0.0,0.0,0.0,0.0,0.0,0,0.0,0.0,0,0,0,0,0,0,0,0,0,0,0,0,0,0,0,0,0
2,58.976,5,Glock19,0.5401368937160604,-3.5004462658742312,0.0004751360864900149,0.06527496210287412,0.03992923449614521,0.3894474757847577,0.7530794657076115,0.4735707752810514,0.580943673838849,76.4044,82.3176,994.37,0,1,0,0,0,0,0,0,0,0,0,0,0.0,0.0,0.0,0.0,0.0,0.0,0.0,0,0,0.0,0.0,0.0,0.0,0.0,94.6275,70.4953,914.0303,0.3726204484064134,0.7530794657076115,0.5968330699582346,0.0,0.0,0.0,0.0,0.0,0.0,0.0,0.0,0,0.0,0.0,0,0,0,0,0,0,0,0,0,0,0,0,0,0,0,0,0
2,59.981,5,Glock19,0.0,-0.5374496454886174,1.4827026063530008e-08,0.00047512125946395136,0.02824208531389342,0.4437576112365701,0.758135855627443,0.4729219679242874,0.5792529697383396,76.4044,82.3178,994.355,0,1,0,0,0,0,0,0,0,0,0,0,0.0,0.0,0.0,0.0,0.0,0.0,0.0,0,0,0.0,0.0,0.0,0.0,0.0,87.17948,70.4953,941.3954,0.36159954431360974,0.758135855627443,0.5898794922037134,0.0,0.0,0.0,0.0,0.0,0.0,0.0,0.0,0,0.0,0.0,0,0,0,0,0,0,0,0,0,0,0,0,0,0,0,0,0
2,60.979,6,Glock19,0.0,0.0,1.493102324032831e-08,1.0399717679830304e-10,0.028907142754647265,0.4490541756475211,0.7566307379142277,0.4735385305550812,0.5534382094120331,78.2426,82.318,994.376,0,1,0,0,0,0,0,0,0,0,0,0,0.0,0.0,0.0,0.0,0.0,0.0,0.0,0,0,0.0,0.0,0.0,0.0,0.0,83.63378,70.4953,968.5142,0.29312979780420284,0.7566307379142277,0.53243064978711,0.0,0.0,0.0,0.0,0.0,0.0,0.0,0.0,0,0.0,0.0,0,0,0,0,0,0,0,0,0,0,0,0,0,0,0,0,0
2,61.981,6,Glock19,0.0,0.0,1.4871418357133389e-08,5.960488319492257e-11,0.029351932019015283,0.4490541756475211,0.7617585749097049,0.474155093185875,0.5293516727405719,82.2595,82.3179,994.367,0,1,0,0,0,0,0,0,0,0,0,0,0.0,0.0,0.0,0.0,0.0,0.0,0.0,0,0,0.0,0.0,0.0,0.0,0.0,79.03076999999999,70.4953,995.6794,0.2750305450853702,0.7617585749097049,0.4820601559965357,0.0,0.0,0.0,0.0,0.0,0.0,0.0,0.0,0,0.0,0.0,0,0,0,0,0,0,0,0,0,0,0,0,0,0,0,0,0
2,62.98,6,Glock19,0.0,0.0,1.4916077271118776e-08,4.465891398538766e-11,0.00021248066063812496,0.43795351451314396,0.04501221012528719,0.47227584914064014,0.4284007671729988,82.3176,82.3178,994.363,0,1,0,0,0,0,0,0,0,0,0,0,0.0,0.0,0.0,0.0,0.0,0.0,0.0,0,0,0.0,0.0,0.0,0.0,0.0,79.55476,70.4953,995.2144000000001,0.031083702195446324,0.04501221012528719,0.2562125658254443,0.0,0.0,0.0,0.0,0.0,0.0,0.0,0.0,0,0.0,0.0,0,0,0,0,0,0,0,0,0,0,0,0,0,0,0,0,0
2,63.982,6,Glock19,0.0,0.0,1.4871418357133389e-08,4.465891398538766e-11,1.3697618209748054e-08,0.43795351451314396,0.03342976556520011,0.4703966050954054,0.3286442568720967,82.3178,82.3178,994.364,0,1,0,0,0,0,0,0,0,0,0,0,0.0,0.0,0.0,0.0,0.0,0.0,0.0,0,0,0.0,0.0,0.0,0.0,0.0,80.73701000000001,76.4044,994.8959000000001,0.01918482127258373,0.03342976556520011,0.024164603858383003,0.0,0.0,0.0,0.0,0.0,0.0,0.0,0.0,0,0.0,0.0,0,0,0,0,0,0,0,0,0,0,0,0,0,0,0,0,0
2,64.988,6,Glock19,0.0,0.0,1.4812287469033456e-08,5.913088809993265e-11,1.3697634958201087e-08,0.43795351451314396,0.021538171760778442,0.4685173610501705,0.2286220269798346,82.3175,82.3175,994.36,0,1,0,0,0,0,0,0,0,0,0,0,0.0,0.0,0.0,0.0,0.0,0.0,0.0,0,0,0.0,0.0,0.0,0.0,0.0,81.31309,76.4044,994.6572,0.009922585382407336,0.021538171760778442,0.02152795882569681,0.0,0.0,0.0,0.0,0.0,0.0,0.0,0.0,0,0.0,0.0,0,0,0,0,0,0,0,0,0,0,0,0,0,0,0,0,0
2,65.986,6,Glock19,0.0,0.0,1.493102324032831e-08,1.1873577129485521e-10,1.3697634958201087e-08,0.43795351451314396,0.02170835970773996,0.4666381170049358,0.12377234883697374,82.3175,82.3176,994.369,0,1,0,0,0,0,0,0,0,0,0,0,0.0,0.0,0.0,0.0,0.0,0.0,0.0,0,0,0.0,0.0,0.0,0.0,0.0,81.90441,78.2426,994.4471,0.009480438509467864,0.02170835970773996,0.012707869832207036,0.0,0.0,0.0,0.0,0.0,0.0,0.0,0.0,0,0.0,0.0,0,0,0,0,0,0,0,0,0,0,0,0,0,0,0,0,0
2,66.999,6,Glock19,0.0,0.0,1.4709932076848626e-08,2.2109116347968487e-10,1.3697851943060257e-08,0.43795351451314396,0.020775844484187338,0.4647588729597009,0.017309650514798276,82.3175,82.3177,994.357,0,1,0,0,0,0,0,0,0,0,0,0,0.0,0.0,0.0,0.0,0.0,0.0,0.0,0,0,0.0,0.0,0.0,0.0,0.0,82.31192,82.2595,994.3711999999999,0.006622535314606022,0.020775844484187338,0.010292113554502897,0.0,0.0,0.0,0.0,0.0,0.0,0.0,0.0,0,0.0,0.0,0,0,0,0,0,0,0,0,0,0,0,0,0,0,0,0,0
2,68.002,6,Glock19,0.0,0.0,1.4856591419588892e-08,1.4665934274026526e-10,1.3697804026390216e-08,0.4382508332796176,0.00015024652406263726,0.46288802282459607,0.012664294373288318,82.3175,82.318,994.372,0,1,0,0,0,0,0,0,0,0,0,0,0.0,0.0,0.0,0.0,0.0,0.0,0.0,0,0,0.0,0.0,0.0,0.0,0.0,82.31777,82.3175,994.3652999999998,4.752698132875099e-05,0.00015024652406263726,0.006575008416087468,0.0,0.0,0.0,0.0,0.0,0.0,0.0,0.0,0,0.0,0.0,0,0,0,0,0,0,0,0,0,0,0,0,0,0,0,0,0
2,69.001,6,Glock19,0.0,0.0,1.4916077271118776e-08,5.94858515298847e-11,1.3697847250786988e-08,0.45171697016200163,6.859755525654839e-11,0.4574699741467745,0.008671372293458521,82.3175,82.3179,994.371,0,1,0,0,0,0,0,0,0,0,0,0,0.0,0.0,0.0,0.0,0.0,0.0,0.0,0,0,0.0,0.0,0.0,0.0,0.0,82.3178,82.3175,994.3654,1.4864287476616194e-08,6.859755525654839e-11,4.751221174864124e-05,0.0,0.0,0.0,0.0,0.0,0.0,0.0,0.0,0,0.0,0.0,0,0,0,0,0,0,0,0,0,0,0,0,0,0,0,0,0
2,70.001,7,Glock19,0.0,0.0,1.4901161193847656e-08,1.4916077271120093e-11,1.3697851556600059e-08,0.4799265923962405,6.812755817593743e-11,0.4488440061162672,0.005847165131854335,82.3176,82.3178,994.36,0,1,0,0,0,0,0,0,0,0,0,0,0.0,0.0,0.0,0.0,0.0,0.0,0.0,0,0,0.0,0.0,0.0,0.0,0.0,82.3178,82.3175,994.3659000000001,1.4871700989647958e-08,6.812755817593743e-11,8.729385382905339e-11,0.0,0.0,0.0,0.0,0.0,0.0,0.0,0.0,0,0.0,0.0,0,0,0,0,0,0,0,0,0,0,0,0,0,0,0,0,0
2,71.003,7,Glock19,0.0,0.0,1.4871418357133389e-08,2.9742836714267565e-11,1.3697803447228772e-08,0.6534173530101028,6.489132273135985e-11,0.4482179838721466,0.0029564522261699535,82.3177,82.3179,994.366,0,1,0,0,0,0,0,0,0,0,0,0,0.0,0.0,0.0,0.0,0.0,0.0,0.0,0,0,0.0,0.0,0.0,0.0,0.0,82.31779,82.3175,994.3649000000001,1.4865740501328468e-08,6.489132273135985e-11,7.986841982064984e-11,0.0,0.0,0.0,0.0,0.0,0.0,0.0,0.0,0,0.0,0.0,0,0,0,0,0,0,0,0,0,0,0,0,0,0,0,0,0
2,72.005,7,Glock19,0.0,0.0,1.4871418357133389e-08,0.0,1.3697577948531935e-08,0.8663214988066629,6.489132273135985e-11,0.4620402485919666,2.1260394026220167e-05,82.3176,82.3176,994.359,0,1,0,0,0,0,0,0,0,0,0,0,0.0,0.0,0.0,0.0,0.0,0.0,0.0,0,0,0.0,0.0,0.0,0.0,0.0,82.31775999999999,82.3175,994.3641,1.4865740501328468e-08,6.489132273135985e-11,7.390793150115758e-11,0.0,0.0,0.0,0.0,0.0,0.0,0.0,0.0,0,0.0,0.0,0,0,0,0,0,0,0,0,0,0,0,0,0,0,0,0,0
2,73.006,7,Glock19,0.0,0.0,1.1074654694685837,1.1074654545971654,0.4952736078340755,0.9960882549194219,0.35021132665164756,0.48122767846855413,0.049527373111369954,18.8016,18.8016,994.366,0,1,0,0,0,0,0,0,0,0,0,0,0.0,0.0,0.0,0.0,0.0,0.0,0.0,0,0,0.0,0.0,0.0,0.0,0.0,75.96614,18.8016,994.3643999999998,0.11074656032099114,0.35021132665164756,0.11074654552915857,0.0,0.0,0.0,0.0,0.0,0.0,0.0,0.0,0,0.0,0.0,0,0,0,0,0,0,0,0,0,0,0,0,0,0,0,0,0
2,74.005,7,Glock19,3.279812595646302,3.2830956913376395,1.78361075435377,0.6761452848851863,0.8270554230361215,0.5877275915793305,0.6299836723796198,0.48880474342900726,0.13223291404522028,18.8016,72.1859,721.966,0,1,0,0,0,0,0,0,0,0,0,0,0.0,0.0,0.0,0.0,0.0,0.0,0.0,0,0,0.0,0.0,0.0,0.0,0.0,74.95295,18.8016,967.1245999999999,0.2891076342692263,0.6299836723796198,0.1783610740132113,0.0,0.0,0.0,0.0,0.0,0.0,0.0,0.0,0,0.0,0.0,0,0,0,0,0,0,0,0,0,0,0,0,0,0,0,0,0
2,75.011,7,Glock19,4.086443726774969,0.8018202098694507,1.0504897037643661,0.7331210505894039,0.7752559686372605,0.23308107556992316,0.6631307419812468,0.4833119846266909,0.20975850953918282,11.9279,11.9279,720.23,0,1,0,0,0,0,0,0,0,0,0,0,0.0,0.0,0.0,0.0,0.0,0.0,0.0,0,0,0.0,0.0,0.0,0.0,0.0,67.91399,11.9279,939.7115999999999,0.39415660316443424,0.6631307419812468,0.25167317906623865,0.0,0.0,0.0,0.0,0.0,0.0,0.0,0.0,0,0.0,0.0,0,0,0,0,0,0,0,0,0,0,0,0,0,0,0,0,0
2,76.014,7,Glock19,3.6903575813856864,-0.39490144106608455,0.6231971942933343,0.4272925094710318,0.6580725550561839,0.3078902617590464,0.6511480572842733,0.48198391651064176,0.2755657636750377,11.9279,12.5152,990.565,0,1,0,0,0,0,0,0,0,0,0,0,0.0,0.0,0.0,0.0,0.0,0.0,0.0,0,0,0.0,0.0,0.0,0.0,0.0,60.933749999999996,11.9279,939.3312,0.4564763211006653,0.6511480572842733,0.2944024300014682,0.0,0.0,0.0,0.0,0.0,0.0,0.0,0.0,0,0.0,0.0,0,0,0,0,0,0,0,0,0,0,0,0,0,0,0,0,0
2,77.013,7,Glock19,3.7050569857943136,0.014714118527154424,0.9071434084658666,0.2839462141725323,0.42842951519366884,0.5438586301584866,0.6436340768722165,0.4927404788128749,0.31840871382461944,11.9279,28.3377,713.784,0,1,0,0,0,0,0,0,0,0,0,0,0.0,0.0,0.0,0.0,0.0,0.0,0.0,0,0,0.0,0.0,0.0,0.0,0.0,55.53575000000001,11.9279,911.2738999999999,0.5471906604762588,0.6436340768722165,0.32279705139661236,0.0,0.0,0.0,0.0,0.0,0.0,0.0,0.0,0,0.0,0.0,0,0,0,0,0,0,0,0,0,0,0,0,0,0,0,0,0
2,78.015,7,FAL,3.74621417845135,0.04107504257189243,0.7489521005275079,0.15819130793835867,0.45487667876132204,0.8843249391093956,0.6158625908769618,0.5181842505816159,0.3638963803309712,11.9279,71.4725,710.455,0,1,0,0,0,0,0,0,0,0,0,0,0.0,0.0,0.0,0.0,0.0,0.0,0.0,0,0,0.0,0.0,0.0,0.0,0.0,54.45119999999999,11.9279,882.8822,0.6220858690433504,0.6158625908769618,0.3386161821757822,0.0,0.0,0.0,0.0,0.0,0.0,0.0,0.0,0,0.0,0.0,0,0,0,0,0,0,0,0,0,0,0,0,0,0,0,0,0
2,79.011,7,FAL,0.724006611655399,-3.03434494658228,0.03160851523933473,0.7173435852881732,0.3927311691354619,0.9323982636020048,0.6123863489384986,0.5453317899724783,0.40316949587473266,11.9279,73.3074,709.875,0,1,0,0,0,0,0,0,0,0,0,0,0.0,0.0,0.0,0.0,0.0,0.0,0.0,0,0,0.0,0.0,0.0,0.0,0.0,53.550149999999995,11.9279,854.4326000000001,0.6252467190756762,0.6123863489384986,0.41035054069865096,0.0,0.0,0.0,0.0,0.0,0.0,0.0,0.0,0,0.0,0.0,0,0,0,0,0,0,0,0,0,0,0,0,0,0,0,0,0
2,80.012,8,FAL,0.0,-0.7232833283270721,0.0,0.03160851523933473,0.4198688382284772,0.9323982636020048,0.6123863506289533,0.5697638225907501,0.4451563783277952,12.5152,73.3074,709.875,0,1,0,0,0,0,0,0,0,0,0,0,0.0,0.0,0.0,0.0,0.0,0.0,0.0,0,0,0.0,0.0,0.0,0.0,0.0,52.64910999999999,11.9279,825.9841,0.62524671758556,0.6123863506289533,0.41351139222109284,0.0,0.0,0.0,0.0,0.0,0.0,0.0,0.0,0,0.0,0.0,0,0,0,0,0,0,0,0,0,0,0,0,0,0,0,0,0
2,81.015,8,FAL,0.0,0.0,0.0,0.0,0.451433421436931,0.9323982636020048,0.6123863523160337,0.5939310269884742,0.49029971910170805,28.3377,73.3074,709.875,0,1,0,0,0,0,0,0,0,0,0,0,0.0,0.0,0.0,0.0,0.0,0.0,0.0,0,0,0.0,0.0,0.0,0.0,0.0,51.748059999999995,11.9279,797.5350000000001,0.6252467160984183,0.6123863523160337,0.4135113922181186,0.0,0.0,0.0,0.0,0.0,0.0,0.0,0.0,0,0.0,0.0,0,0,0,0,0,0,0,0,0,0,0,0,0,0,0,0,0
2,82.069,8,FAL,0.0,0.0,0.0,0.0,0.3316901310496509,0.9323982636020048,0.6123863540031141,0.6180982313861985,0.5234687308369153,71.4725,73.3074,709.875,0,1,0,0,0,0,0,0,0,0,0,0,0.0,0.0,0.0,0.0,0.0,0.0,0.0,0,0,0.0,0.0,0.0,0.0,0.0,50.84704000000001,11.9279,769.0866,0.6252467146112763,0.6123863540031141,0.4135113922181186,0.0,0.0,0.0,0.0,0.0,0.0,0.0,0.0,0,0.0,0.0,0,0,0,0,0,0,0,0,0,0,0,0,0,0,0,0,0
2,83.068,8,FAL,0.0,0.0,0.0,0.0,0.014135757748589557,0.9323982636020048,0.6156210928009194,0.6428204688406415,0.4753549458283667,73.3074,73.3074,709.875,0,1,0,0,0,0,0,0,0,0,0,0,0.0,0.0,0.0,0.0,0.0,0.0,0.0,0,0,0.0,0.0,0.0,0.0,0.0,56.29762000000001,11.9279,740.6375,0.5145001676644181,0.6156210928009194,0.30276484675840204,0.0,0.0,0.0,0.0,0.0,0.0,0.0,0.0,0,0.0,0.0,0,0,0,0,0,0,0,0,0,0,0,0,0,0,0,0,0
2,84.07,8,FAL,0.0,0.0,0.0,0.0,0.0,0.9323982636020048,0.4405610032280388,0.6675427062950845,0.3926494035247546,73.3074,73.3074,709.875,0,1,0,0,0,0,0,0,0,0,0,0,0.0,0.0,0.0,0.0,0.0,0.0,0.0,0,0,0.0,0.0,0.0,0.0,0.0,56.40977,11.9279,739.4284,0.336139092229041,0.4405610032280388,0.2351503182698834,0.0,0.0,0.0,0.0,0.0,0.0,0.0,0.0,0,0.0,0.0,0,0,0,0,0,0,0,0,0,0,0,0,0,0,0,0,0
2,85.072,8,FAL,0.0,0.0,0.0,0.0,0.0,0.9323982636020048,0.3710624100606019,0.6922649437495276,0.3151238066610285,73.3074,73.3074,709.875,0,1,0,0,0,0,0,0,0,0,0,0,0.0,0.0,0.0,0.0,0.0,0.0,0.0,0,0,0.0,0.0,0.0,0.0,0.0,62.54771999999999,12.5152,738.3929,0.23109012185260439,0.3710624100606019,0.16183821321094302,0.0,0.0,0.0,0.0,0.0,0.0,0.0,0.0,0,0.0,0.0,0,0,0,0,0,0,0,0,0,0,0,0,0,0,0,0,0
2,86.069,8,FAL,0.0,0.0,0.0,0.0,0.0,0.9323982636020048,0.34960342982396875,0.7169871812039705,0.24931655115541013,73.3074,73.3074,709.875,0,1,0,0,0,0,0,0,0,0,0,0,0.0,0.0,0.0,0.0,0.0,0.0,0.0,0,0,0.0,0.0,0.0,0.0,0.0,68.62694,28.3377,710.3239,0.16877040242327093,0.34960342982396875,0.11910896226383985,0.0,0.0,0.0,0.0,0.0,0.0,0.0,0.0,0,0.0,0.0,0,0,0,0,0,0,0,0,0,0,0,0,0,0,0,0,0
2,89.78,8,FAL,0.0,0.0,0.0,0.0,0.0,0.9323982636020048,0.23593804733718904,0.7417094186584137,0.20647359963604325,73.3074,73.3074,709.875,0,1,0,0,0,0,0,0,0,0,0,0,0.0,0.0,0.0,0.0,0.0,0.0,0.0,0,0,0.0,0.0,0.0,0.0,0.0,73.12391,71.4725,709.933,0.07805606157668427,0.23593804733718904,0.09071434084658661,0.0,0.0,0.0,0.0,0.0,0.0,0.0,0.0,0,0.0,0.0,0,0,0,0,0,0,0,0,0,0,0,0,0,0,0,0,0
2,90.78,9,FAL,0.0,0.0,0.0,0.0,0.0,0.9323982636020048,0.009995490161248918,0.766416790174533,0.160985931759911,73.3074,73.3074,709.875,0,1,0,0,0,0,0,0,0,0,0,0,0.0,0.0,0.0,0.0,0.0,0.0,0.0,0,0,0.0,0.0,0.0,0.0,0.0,73.3074,73.3074,709.875,0.003160851523933473,0.009995490161248918,0.07489521005275075,0.0,0.0,0.0,0.0,0.0,0.0,0.0,0.0,0,0.0,0.0,0,0,0,0,0,0,0,0,0,0,0,0,0,0,0,0,0
2,91.782,9,FAL,0.0,0.0,0.0,0.0,0.0,0.9323982636020048,9.969816740307215e-09,0.7904508548465332,0.12171281484636483,73.3074,73.3074,709.875,0,1,0,0,0,0,0,0,0,0,0,0,0.0,0.0,0.0,0.0,0.0,0.0,0.0,0,0,0.0,0.0,0.0,0.0,0.0,73.3074,73.3074,709.875,0.0,9.969816740307215e-09,0.0031608515239334284,0.0,0.0,0.0,0.0,0.0,0.0,0.0,0.0,0,0.0,0.0,0,0,0,0,0,0,0,0,0,0,0,0,0,0,0,0,0
2,92.786,9,FAL,0.0,0.0,0.0,0.0,0.0,0.9323982636020048,9.969816740307215e-09,0.8130744384068214,0.07972593102351712,73.3074,73.3074,709.875,0,1,0,0,0,0,0,0,0,0,0,0,0.0,0.0,0.0,0.0,0.0,0.0,0.0,0,0,0.0,0.0,0.0,0.0,0.0,73.3074,73.3074,709.875,0.0,9.969816740307215e-09,0.0,0.0,0.0,0.0,0.0,0.0,0.0,0.0,0.0,0,0.0,0.0,0,0,0,0,0,0,0,0,0,0,0,0,0,0,0,0,0
2,93.788,9,FAL,0.0,0.0,0.0,0.0,0.0,0.9323982636020048,9.969816740307215e-09,0.8270234839364164,0.03458258887982401,73.3074,73.3074,709.875,0,1,0,0,0,0,0,0,0,0,0,0,0.0,0.0,0.0,0.0,0.0,0.0,0.0,0,0,0.0,0.0,0.0,0.0,0.0,73.3074,73.3074,709.875,0.0,9.969816740307215e-09,0.0,0.0,0.0,0.0,0.0,0.0,0.0,0.0,0.0,0,0.0,0.0,0,0,0,0,0,0,0,0,0,0,0,0,0,0,0,0,0
2,94.79,9,FAL,0.0,0.0,0.0,0.0,0.0,0.9323982636020048,9.969816740307215e-09,0.8303273221761837,0.0014135757748589225,73.3074,73.3074,709.875,0,1,0,0,0,0,0,0,0,0,0,0,0.0,0.0,0.0,0.0,0.0,0.0,0.0,0,0,0.0,0.0,0.0,0.0,0.0,73.3074,73.3074,709.875,0.0,9.969816740307215e-09,0.0,0.0,0.0,0.0,0.0,0.0,0.0,0.0,0.0,0,0.0,0.0,0,0,0,0,0,0,0,0,0,0,0,0,0,0,0,0,0
2,95.79,9,FAL,0.0,0.0,0.0,0.0,0.0,0.9323982636020048,9.969816740307215e-09,0.8271428226103128,0.0,73.3074,73.3074,709.875,0,1,0,0,0,0,0,0,0,0,0,0,0.0,0.0,0.0,0.0,0.0,0.0,0.0,0,0,0.0,0.0,0.0,0.0,0.0,73.3074,73.3074,709.875,0.0,9.969816740307215e-09,0.0,0.0,0.0,0.0,0.0,0.0,0.0,0.0,0.0,0,0.0,0.0,0,0,0,0,0,0,0,0,0,0,0,0,0,0,0,0,0
2,96.788,9,FAL,0.0,0.0,0.0,0.0,0.0,0.9643454588026033,9.969816740307215e-09,0.8459737159714764,0.0,73.3074,73.3074,709.875,0,1,0,0,0,0,0,0,0,0,0,0,0.0,0.0,0.0,0.0,0.0,0.0,0.0,0,0,0.0,0.0,0.0,0.0,0.0,73.3074,73.3074,709.875,0.0,9.969816740307215e-09,0.0,0.0,0.0,0.0,0.0,0.0,0.0,0.0,0.0,0,0.0,0.0,0,0,0,0,0,0,0,0,0,0,0,0,0,0,0,0,0
2,97.79,9,FAL,0.0,0.0,0.0,0.0,0.0,0.9993358566810416,9.969816740307215e-09,0.8842864550270322,0.0,73.3074,73.3074,709.875,0,1,0,0,0,0,0,0,0,0,0,0,0.0,0.0,0.0,0.0,0.0,0.0,0.0,0,0,0.0,0.0,0.0,0.0,0.0,73.3074,73.3074,709.875,0.0,9.969816740307215e-09,0.0,0.0,0.0,0.0,0.0,0.0,0.0,0.0,0.0,0,0.0,0.0,0,0,0,0,0,0,0,0,0,0,0,0,0,0,0,0,0
2,98.796,9,FAL,0.0,0.0,0.0,0.0,0.0,0.9991039968284885,9.969816740307215e-09,0.9188471417805044,0.0,73.3074,73.3074,709.875,0,1,0,0,0,0,0,0,0,0,0,0,0.0,0.0,0.0,0.0,0.0,0.0,0.0,0,0,0.0,0.0,0.0,0.0,0.0,73.3074,73.3074,709.875,0.0,9.969816740307215e-09,0.0,0.0,0.0,0.0,0.0,0.0,0.0,0.0,0.0,0,0.0,0.0,0,0,0,0,0,0,0,0,0,0,0,0,0,0,0,0,0
2,99.794,9,FAL,0.0,0.0,0.0,0.0,0.0,0.998650984507826,9.969816740307215e-09,0.9415867594979712,0.0,73.3074,73.3074,709.875,0,1,0,0,0,0,0,0,0,0,0,0,0.0,0.0,0.0,0.0,0.0,0.0,0.0,0,0,0.0,0.0,0.0,0.0,0.0,73.3074,73.3074,709.875,0.0,9.969816740307215e-09,0.0,0.0,0.0,0.0,0.0,0.0,0.0,0.0,0.0,0,0.0,0.0,0,0,0,0,0,0,0,0,0,0,0,0,0,0,0,0,0
2,100.8,10,FAL,0.0,0.0,0.0,0.0,0.0,0.9999995422118529,9.969816740307215e-09,0.9473704896530941,0.0,73.3074,73.3074,709.875,0,1,0,0,0,0,0,0,0,0,0,0,0.0,0.0,0.0,0.0,0.0,0.0,0.0,0,0,0.0,0.0,0.0,0.0,0.0,73.3074,73.3074,709.875,0.0,9.969816740307215e-09,0.0,0.0,0.0,0.0,0.0,0.0,0.0,0.0,0.0,0,0.0,0.0,0,0,0,0,0,0,0,0,0,0,0,0,0,0,0,0,0
2,101.798,10,FAL,0.0,0.0,0.0,0.0,0.0,0.0,9.969816740307215e-09,0.900750576472994,0.0,73.3074,73.3074,709.875,0,1,0,0,0,0,0,0,0,0,0,0,0.0,0.0,0.0,0.0,0.0,0.0,0.0,0,0,0.0,0.0,0.0,0.0,0.0,73.3074,73.3074,709.875,0.0,9.969816740307215e-09,0.0,0.0,0.0,0.0,0.0,0.0,0.0,0.0,0.0,0,0.0,0.0,0,0,0,0,0,0,0,0,0,0,0,0,0,0,0,0,0
2,105.01,10,FAL,0.0,0.0,0.0,0.0,0.0,0.0,9.969816740307215e-09,0.8541306632928937,0.0,73.3074,73.3074,709.875,0,1,0,0,0,0,0,0,0,0,0,0,0.0,0.0,0.0,0.0,0.0,0.0,0.0,0,0,0.0,0.0,0.0,0.0,0.0,73.3074,73.3074,709.875,0.0,9.969816740307215e-09,0.0,0.0,0.0,0.0,0.0,0.0,0.0,0.0,0.0,0,0.0,0.0,0,0,0,0,0,0,0,0,0,0,0,0,0,0,0,0,0
2,105.997,10,FAL,0.0,0.0,0.0,0.0,0.0,0.0,9.969816740307215e-09,0.8075107501127935,0.0,73.3074,73.3074,709.875,0,1,0,0,0,0,0,0,0,0,0,0,0.0,0.0,0.0,0.0,0.0,0.0,0.0,0,0,0.0,0.0,0.0,0.0,0.0,73.3074,73.3074,709.875,0.0,9.969816740307215e-09,0.0,0.0,0.0,0.0,0.0,0.0,0.0,0.0,0.0,0,0.0,0.0,0,0,0,0,0,0,0,0,0,0,0,0,0,0,0,0,0
2,106.989,10,FAL,0.0,0.0,0.0,0.0,0.0,0.0,9.969816740307215e-09,0.7608908369326933,0.0,73.3074,73.3074,709.875,0,1,0,0,0,0,0,0,0,0,0,0,0.0,0.0,0.0,0.0,0.0,0.0,0.0,0,0,0.0,0.0,0.0,0.0,0.0,73.3074,73.3074,709.875,0.0,9.969816740307215e-09,0.0,0.0,0.0,0.0,0.0,0.0,0.0,0.0,0.0,0,0.0,0.0,0,0,0,0,0,0,0,0,0,0,0,0,0,0,0,0,0
2,107.994,10,FAL,0.0,0.0,0.0,0.0,0.0,0.0,9.969816740307215e-09,0.714270923752593,0.0,73.3074,73.3074,709.875,0,1,0,0,0,0,0,0,0,0,0,0,0.0,0.0,0.0,0.0,0.0,0.0,0.0,0,0,0.0,0.0,0.0,0.0,0.0,73.3074,73.3074,709.875,0.0,9.969816740307215e-09,0.0,0.0,0.0,0.0,0.0,0.0,0.0,0.0,0.0,0,0.0,0.0,0,0,0,0,0,0,0,0,0,0,0,0,0,0,0,0,0
2,108.995,10,FAL,0.0,0.0,0.0,0.0,0.0,0.0,9.969816740307215e-09,0.6676510105724928,0.0,73.3074,73.3074,709.875,0,1,0,0,0,0,0,0,0,0,0,0,0.0,0.0,0.0,0.0,0.0,0.0,0.0,0,0,0.0,0.0,0.0,0.0,0.0,73.3074,73.3074,709.875,0.0,9.969816740307215e-09,0.0,0.0,0.0,0.0,0.0,0.0,0.0,0.0,0.0,0,0.0,0.0,0,0,0,0,0,0,0,0,0,0,0,0,0,0,0,0,0
2,109.992,10,FAL,0.0,0.0,0.0,0.0,0.0,0.0,9.969816740307215e-09,0.6210310973923925,0.0,73.3074,73.3074,709.875,0,1,0,0,0,0,0,0,0,0,0,0,0.0,0.0,0.0,0.0,0.0,0.0,0.0,0,0,0.0,0.0,0.0,0.0,0.0,73.3074,73.3074,709.875,0.0,9.969816740307215e-09,0.0,0.0,0.0,0.0,0.0,0.0,0.0,0.0,0.0,0,0.0,0.0,0,0,0,0,0,0,0,0,0,0,0,0,0,0,0,0,0
2,110.997,11,FAL,0.0,0.0,0.0,0.0,0.0,0.0,9.969816740307215e-09,0.5744111842122923,0.0,73.3074,73.3074,709.875,0,1,0,0,0,0,0,0,0,0,0,0,0.0,0.0,0.0,0.0,0.0,0.0,0.0,0,0,0.0,0.0,0.0,0.0,0.0,73.3074,73.3074,709.875,0.0,9.969816740307215e-09,0.0,0.0,0.0,0.0,0.0,0.0,0.0,0.0,0.0,0,0.0,0.0,0,0,0,0,0,0,0,0,0,0,0,0,0,0,0,0,0
2,111.999,11,FAL,0.0,0.0,0.0,0.0,0.0,0.0,9.969816740307215e-09,0.5277912710321921,0.0,73.3074,73.3074,709.875,0,1,0,0,0,0,0,0,0,0,0,0,0.0,0.0,0.0,0.0,0.0,0.0,0.0,0,0,0.0,0.0,0.0,0.0,0.0,73.3074,73.3074,709.875,0.0,9.969816740307215e-09,0.0,0.0,0.0,0.0,0.0,0.0,0.0,0.0,0.0,0,0.0,0.0,0,0,0,0,0,0,0,0,0,0,0,0,0,0,0,0,0
2,112.996,11,FAL,0.0,0.0,0.0,0.0,0.0,0.0,9.969816740307215e-09,0.48117135785209186,0.0,73.3074,73.3074,709.875,0,1,0,0,0,0,0,0,0,0,0,0,0.0,0.0,0.0,0.0,0.0,0.0,0.0,0,0,0.0,0.0,0.0,0.0,0.0,73.3074,73.3074,709.875,0.0,9.969816740307215e-09,0.0,0.0,0.0,0.0,0.0,0.0,0.0,0.0,0.0,0,0.0,0.0,0,0,0,0,0,0,0,0,0,0,0,0,0,0,0,0,0
2,114.001,11,FAL,0.0,0.0,0.0,0.0,0.0,0.0,9.969816740307215e-09,0.4345514446719916,0.0,73.3074,73.3074,709.875,0,1,0,0,0,0,0,0,0,0,0,0,0.0,0.0,0.0,0.0,0.0,0.0,0.0,0,0,0.0,0.0,0.0,0.0,0.0,73.3074,73.3074,709.875,0.0,9.969816740307215e-09,0.0,0.0,0.0,0.0,0.0,0.0,0.0,0.0,0.0,0,0.0,0.0,0,0,0,0,0,0,0,0,0,0,0,0,0,0,0,0,0
2,114.998,11,FAL,0.0,0.0,0.0,0.0,0.0,0.0,9.969816740307215e-09,0.38793153149189136,0.0,73.3074,73.3074,709.875,0,1,0,0,0,0,0,0,0,0,0,0,0.0,0.0,0.0,0.0,0.0,0.0,0.0,0,0,0.0,0.0,0.0,0.0,0.0,73.3074,73.3074,709.875,0.0,9.969816740307215e-09,0.0,0.0,0.0,0.0,0.0,0.0,0.0,0.0,0.0,0,0.0,0.0,0,0,0,0,0,0,0,0,0,0,0,0,0,0,0,0,0
2,115.999,11,FAL,0.0,0.0,0.0,0.0,0.0,0.0,9.969816740307215e-09,0.34131161831179113,0.0,73.3074,73.3074,709.875,0,1,0,0,0,0,0,0,0,0,0,0,0.0,0.0,0.0,0.0,0.0,0.0,0.0,0,0,0.0,0.0,0.0,0.0,0.0,73.3074,73.3074,709.875,0.0,9.969816740307215e-09,0.0,0.0,0.0,0.0,0.0,0.0,0.0,0.0,0.0,0,0.0,0.0,0,0,0,0,0,0,0,0,0,0,0,0,0,0,0,0,0
2,117.0,11,FAL,0.0,0.0,0.0,0.0,0.0,0.0,9.969816740307215e-09,0.29469170513169085,0.0,73.3074,73.3074,709.875,0,1,0,0,0,0,0,0,0,0,0,0,0.0,0.0,0.0,0.0,0.0,0.0,0.0,0,0,0.0,0.0,0.0,0.0,0.0,73.3074,73.3074,709.875,0.0,9.969816740307215e-09,0.0,0.0,0.0,0.0,0.0,0.0,0.0,0.0,0.0,0,0.0,0.0,0,0,0,0,0,0,0,0,0,0,0,0,0,0,0,0,0
2,118.003,11,FAL,0.0,0.0,0.0,0.0,0.0,0.0,9.969816740307215e-09,0.24807179195159063,0.0,73.3074,73.3074,709.875,0,1,0,0,0,0,0,0,0,0,0,0,0.0,0.0,0.0,0.0,0.0,0.0,0.0,0,0,0.0,0.0,0.0,0.0,0.0,73.3074,73.3074,709.875,0.0,9.969816740307215e-09,0.0,0.0,0.0,0.0,0.0,0.0,0.0,0.0,0.0,0,0.0,0.0,0,0,0,0,0,0,0,0,0,0,0,0,0,0,0,0,0
2,119.001,11,FAL,0.0,0.0,0.0,0.0,0.0,0.0,9.969816740307215e-09,0.19985451901146045,0.0,73.3074,73.3074,709.875,0,1,0,0,0,0,0,0,0,0,0,0,0.0,0.0,0.0,0.0,0.0,0.0,0.0,0,0,0.0,0.0,0.0,0.0,0.0,73.3074,73.3074,709.875,0.0,9.969816740307215e-09,0.0,0.0,0.0,0.0,0.0,0.0,0.0,0.0,0.0,0,0.0,0.0,0,0,0,0,0,0,0,0,0,0,0,0,0,0,0,0,0
2,120.006,12,FAL,1.982575905884202,1.9727123441633854,0.5584685553717159,0.5584685553717159,0.24975473062145243,0.9999985440837841,0.17660326365584872,0.19988765338159759,0.02497547306214521,73.3074,105.587,708.606,0,1,0,0,0,0,0,0,0,0,0,0,0.0,0.0,0.0,0.0,0.0,0.0,0.0,0,0,0.0,0.0,0.0,0.0,0.0,76.53536,73.3074,709.7481,0.05584685553717159,0.17660326365584872,0.055846855537171544,0.0,0.0,0.0,0.0,0.0,0.0,0.0,0.0,0,0.0,0.0,0,0,0,0,0,0,0,0,0,0,0,0,0,0,0,0,0
2,121.002,12,FAL,0.0,-1.9905380581166687,0.0,0.5584685553717159,0.24975473062145243,0.9999985440837841,0.17660326365584872,0.19993238074436234,0.04995094612429045,73.3074,105.587,708.606,0,1,0,0,0,0,0,0,0,0,0,0,0.0,0.0,0.0,0.0,0.0,0.0,0.0,0,0,0.0,0.0,0.0,0.0,0.0,79.76332,73.3074,709.6211999999999,0.05584685553717159,0.17660326365584872,0.11169371107434314,0.0,0.0,0.0,0.0,0.0,0.0,0.0,0.0,0,0.0,0.0,0,0,0,0,0,0,0,0,0,0,0,0,0,0,0,0,0
2,122.004,12,FAL,0.0,0.0,0.0,0.0,0.24975473062145243,0.9999985440837841,0.17660326365584872,0.19999975872316025,0.0749264191864357,73.3074,105.587,708.606,0,1,0,0,0,0,0,0,0,0,0,0,0.0,0.0,0.0,0.0,0.0,0.0,0.0,0,0,0.0,0.0,0.0,0.0,0.0,82.99127999999999,73.3074,709.4943000000001,0.05584685553717159,0.17660326365584872,0.11169371107434314,0.0,0.0,0.0,0.0,0.0,0.0,0.0,0.0,0,0.0,0.0,0,0,0,0,0,0,0,0,0,0,0,0,0,0,0,0,0
2,123.005,12,FAL,0.0,0.0,0.0,0.0,0.24975473062145243,0.9999985440837841,0.17660326365584872,0.1999997088167568,0.09990189224858094,73.3074,105.587,708.606,0,1,0,0,0,0,0,0,0,0,0,0,0.0,0.0,0.0,0.0,0.0,0.0,0.0,0,0,0.0,0.0,0.0,0.0,0.0,86.21923999999999,73.3074,709.3674,0.05584685553717159,0.17660326365584872,0.11169371107434314,0.0,0.0,0.0,0.0,0.0,0.0,0.0,0.0,0,0.0,0.0,0,0,0,0,0,0,0,0,0,0,0,0,0,0,0,0,0
2,124.28,12,FAL,0.0,0.0,0.0,0.0,0.24975473062145243,0.9999985440837841,0.17660326365584872,0.249999636020946,0.12487736531072617,105.587,105.587,708.606,0,1,0,0,0,0,0,0,0,0,0,0,0.0,0.0,0.0,0.0,0.0,0.0,0.0,0,0,0.0,0.0,0.0,0.0,0.0,89.44720000000001,73.3074,709.2405,0.05584685553717159,0.17660326365584872,0.11169371107434314,0.0,0.0,0.0,0.0,0.0,0.0,0.0,0.0,0,0.0,0.0,0,0,0,0,0,0,0,0,0,0,0,0,0,0,0,0,0
2,125.281,12,FAL,0.0,0.0,0.0,0.0,0.0,0.9999985440837841,0.17660326365584872,0.2999995632251352,0.12487736531072617,105.587,105.587,708.606,0,1,0,0,0,0,0,0,0,0,0,0,0.0,0.0,0.0,0.0,0.0,0.0,0.0,0,0,0.0,0.0,0.0,0.0,0.0,92.67516,73.3074,709.1136,0.05584685553717159,0.17660326365584872,0.11169371107434314,0.0,0.0,0.0,0.0,0.0,0.0,0.0,0.0,0,0.0,0.0,0,0,0,0,0,0,0,0,0,0,0,0,0,0,0,0,0
2,126.279,12,FAL,0.0,0.0,0.0,0.0,0.0,0.9999985440837841,0.17660326365584872,0.34999949042932443,0.12487736531072617,105.587,105.587,708.606,0,1,0,0,0,0,0,0,0,0,0,0,0.0,0.0,0.0,0.0,0.0,0.0,0.0,0,0,0.0,0.0,0.0,0.0,0.0,95.90312,73.3074,708.9867,0.05584685553717159,0.17660326365584872,0.11169371107434314,0.0,0.0,0.0,0.0,0.0,0.0,0.0,0.0,0,0.0,0.0,0,0,0,0,0,0,0,0,0,0,0,0,0,0,0,0,0
2,127.282,12,FAL,0.0,0.0,0.0,0.0,0.0,0.9999985440837841,0.17660326365584872,0.39999941763351365,0.12487736531072617,105.587,105.587,708.606,0,1,0,0,0,0,0,0,0,0,0,0,0.0,0.0,0.0,0.0,0.0,0.0,0.0,0,0,0.0,0.0,0.0,0.0,0.0,99.13108,73.3074,708.8598,0.05584685553717159,0.17660326365584872,0.11169371107434314,0.0,0.0,0.0,0.0,0.0,0.0,0.0,0.0,0,0.0,0.0,0,0,0,0,0,0,0,0,0,0,0,0,0,0,0,0,0
2,128.284,12,FAL,0.0,0.0,0.0,0.0,0.0,0.9999985440837841,0.17660326365584872,0.44999934483770276,0.12487736531072617,105.587,105.587,708.606,0,1,0,0,0,0,0,0,0,0,0,0,0.0,0.0,0.0,0.0,0.0,0.0,0.0,0,0,0.0,0.0,0.0,0.0,0.0,102.35904000000001,73.3074,708.7329,0.05584685553717159,0.17660326365584872,0.11169371107434314,0.0,0.0,0.0,0.0,0.0,0.0,0.0,0.0,0,0.0,0.0,0,0,0,0,0,0,0,0,0,0,0,0,0,0,0,0,0
2,129.294,12,FAL,0.0,0.0,0.0,0.0,0.0,0.9999985440837841,0.17660326365584872,0.499999272041892,0.12487736531072617,105.587,105.587,708.606,0,1,0,0,0,0,0,0,0,0,0,0,0.0,0.0,0.0,0.0,0.0,0.0,0.0,0,0,0.0,0.0,0.0,0.0,0.0,105.587,105.587,708.606,0.05584685553717159,0.17660326365584872,0.11169371107434314,0.0,0.0,0.0,0.0,0.0,0.0,0.0,0.0,0,0.0,0.0,0,0,0,0,0,0,0,0,0,0,0,0,0,0,0,0,0
2,130.292,13,FAL,0.0,0.0,0.0,0.0,0.0,0.9999985440837841,0.0,0.5499991992460813,0.09990189224858093,105.587,105.587,708.606,0,1,0,0,0,0,0,0,0,0,0,0,0.0,0.0,0.0,0.0,0.0,0.0,0.0,0,0,0.0,0.0,0.0,0.0,0.0,105.587,105.587,708.606,0.0,0.0,0.055846855537171544,0.0,0.0,0.0,0.0,0.0,0.0,0.0,0.0,0,0.0,0.0,0,0,0,0,0,0,0,0,0,0,0,0,0,0,0,0,0
2,131.294,13,FAL,0.0,0.0,0.0,0.0,0.0,0.9999985440837841,0.0,0.5999991264502704,0.0749264191864357,105.587,105.587,708.606,0,1,0,0,0,0,0,0,0,0,0,0,0.0,0.0,0.0,0.0,0.0,0.0,0.0,0,0,0.0,0.0,0.0,0.0,0.0,105.587,105.587,708.606,0.0,0.0,0.0,0.0,0.0,0.0,0.0,0.0,0.0,0.0,0.0,0,0.0,0.0,0,0,0,0,0,0,0,0,0,0,0,0,0,0,0,0,0
2,132.295,13,FAL,0.0,0.0,0.0,0.0,0.0,0.9999985440837841,0.0,0.6499990536544596,0.04995094612429045,105.587,105.587,708.606,0,1,0,0,0,0,0,0,0,0,0,0,0.0,0.0,0.0,0.0,0.0,0.0,0.0,0,0,0.0,0.0,0.0,0.0,0.0,105.587,105.587,708.606,0.0,0.0,0.0,0.0,0.0,0.0,0.0,0.0,0.0,0.0,0.0,0,0.0,0.0,0,0,0,0,0,0,0,0,0,0,0,0,0,0,0,0,0
2,133.295,13,FAL,0.0,0.0,0.0,0.0,0.0,0.9999985440837841,0.0,0.6999989808586489,0.02497547306214521,105.587,105.587,708.606,0,1,0,0,0,0,0,0,0,0,0,0,0.0,0.0,0.0,0.0,0.0,0.0,0.0,0,0,0.0,0.0,0.0,0.0,0.0,105.587,105.587,708.606,0.0,0.0,0.0,0.0,0.0,0.0,0.0,0.0,0.0,0.0,0.0,0,0.0,0.0,0,0,0,0,0,0,0,0,0,0,0,0,0,0,0,0,0
2,134.298,13,FAL,0.0,0.0,0.0,0.0,0.0,0.9999985440837841,0.0,0.7499989080628381,0.0,105.587,105.587,708.606,0,1,0,0,0,0,0,0,0,0,0,0,0.0,0.0,0.0,0.0,0.0,0.0,0.0,0,0,0.0,0.0,0.0,0.0,0.0,105.587,105.587,708.606,0.0,0.0,0.0,0.0,0.0,0.0,0.0,0.0,0.0,0.0,0.0,0,0.0,0.0,0,0,0,0,0,0,0,0,0,0,0,0,0,0,0,0,0
2,135.295,13,FAL,0.0,0.0,0.0,0.0,0.0,0.9999985440837841,0.0,0.7999988352670273,0.0,105.587,105.587,708.606,0,1,0,0,0,0,0,0,0,0,0,0,0.0,0.0,0.0,0.0,0.0,0.0,0.0,0,0,0.0,0.0,0.0,0.0,0.0,105.587,105.587,708.606,0.0,0.0,0.0,0.0,0.0,0.0,0.0,0.0,0.0,0.0,0.0,0,0.0,0.0,0,0,0,0,0,0,0,0,0,0,0,0,0,0,0,0,0
2,136.299,13,FAL,0.0,0.0,0.0,0.0,0.0,0.9999985440837841,0.0,0.8499987624712164,0.0,105.587,105.587,708.606,0,1,0,0,0,0,0,0,0,0,0,0,0.0,0.0,0.0,0.0,0.0,0.0,0.0,0,0,0.0,0.0,0.0,0.0,0.0,105.587,105.587,708.606,0.0,0.0,0.0,0.0,0.0,0.0,0.0,0.0,0.0,0.0,0.0,0,0.0,0.0,0,0,0,0,0,0,0,0,0,0,0,0,0,0,0,0,0
2,137.303,13,FAL,0.0,0.0,0.0,0.0,0.0,0.9999985440837841,0.0,0.8999986896754055,0.0,105.587,105.587,708.606,0,1,0,0,0,0,0,0,0,0,0,0,0.0,0.0,0.0,0.0,0.0,0.0,0.0,0,0,0.0,0.0,0.0,0.0,0.0,105.587,105.587,708.606,0.0,0.0,0.0,0.0,0.0,0.0,0.0,0.0,0.0,0.0,0.0,0,0.0,0.0,0,0,0,0,0,0,0,0,0,0,0,0,0,0,0,0,0
2,138.305,13,FAL,0.0,0.0,0.0,0.0,0.0,0.9999985440837841,0.0,0.949998616879595,0.0,105.587,105.587,708.606,0,1,0,0,0,0,0,0,0,0,0,0,0.0,0.0,0.0,0.0,0.0,0.0,0.0,0,0,0.0,0.0,0.0,0.0,0.0,105.587,105.587,708.606,0.0,0.0,0.0,0.0,0.0,0.0,0.0,0.0,0.0,0.0,0.0,0,0.0,0.0,0,0,0,0,0,0,0,0,0,0,0,0,0,0,0,0,0
2,139.302,13,FAL,0.0,0.0,0.0,0.0,0.0,0.9999985440837841,0.0,0.9999985440837841,0.0,105.587,105.587,708.606,0,1,0,0,0,0,0,0,0,0,0,0,0.0,0.0,0.0,0.0,0.0,0.0,0.0,0,0,0.0,0.0,0.0,0.0,0.0,105.587,105.587,708.606,0.0,0.0,0.0,0.0,0.0,0.0,0.0,0.0,0.0,0.0,0.0,0,0.0,0.0,0,0,0,0,0,0,0,0,0,0,0,0,0,0,0,0,0
2,140.312,14,FAL,0.0,0.0,0.0,0.0,0.0,0.0,0.0,0.949998616879595,0.0,105.587,105.587,708.606,0,1,0,0,0,0,0,0,0,0,0,0,0.0,0.0,0.0,0.0,0.0,0.0,0.0,0,0,0.0,0.0,0.0,0.0,0.0,105.587,105.587,708.606,0.0,0.0,0.0,0.0,0.0,0.0,0.0,0.0,0.0,0.0,0.0,0,0.0,0.0,0,0,0,0,0,0,0,0,0,0,0,0,0,0,0,0,0
2,141.314,14,FAL,0.0,0.0,0.0,0.0,0.0,0.0,0.0,0.8999986896754057,0.0,105.587,105.587,708.606,0,1,0,0,0,0,0,0,0,0,0,0,0.0,0.0,0.0,0.0,0.0,0.0,0.0,0,0,0.0,0.0,0.0,0.0,0.0,105.587,105.587,708.606,0.0,0.0,0.0,0.0,0.0,0.0,0.0,0.0,0.0,0.0,0.0,0,0.0,0.0,0,0,0,0,0,0,0,0,0,0,0,0,0,0,0,0,0
2,142.314,14,FAL,0.0,0.0,0.0,0.0,0.0,0.0,0.0,0.8499987624712165,0.0,105.587,105.587,708.606,0,1,0,0,0,0,0,0,0,0,0,0,0.0,0.0,0.0,0.0,0.0,0.0,0.0,0,0,0.0,0.0,0.0,0.0,0.0,105.587,105.587,708.606,0.0,0.0,0.0,0.0,0.0,0.0,0.0,0.0,0.0,0.0,0.0,0,0.0,0.0,0,0,0,0,0,0,0,0,0,0,0,0,0,0,0,0,0
2,143.317,14,FAL,0.0,0.0,0.0,0.0,0.0,0.0,0.0,0.7999988352670273,0.0,105.587,105.587,708.606,0,1,0,0,0,0,0,0,0,0,0,0,0.0,0.0,0.0,0.0,0.0,0.0,0.0,0,0,0.0,0.0,0.0,0.0,0.0,105.587,105.587,708.606,0.0,0.0,0.0,0.0,0.0,0.0,0.0,0.0,0.0,0.0,0.0,0,0.0,0.0,0,0,0,0,0,0,0,0,0,0,0,0,0,0,0,0,0
2,144.318,14,FAL,0.0,0.0,0.0,0.0,0.0,0.0,0.0,0.7499989080628381,0.0,105.587,105.587,708.606,0,1,0,0,0,0,0,0,0,0,0,0,0.0,0.0,0.0,0.0,0.0,0.0,0.0,0,0,0.0,0.0,0.0,0.0,0.0,105.587,105.587,708.606,0.0,0.0,0.0,0.0,0.0,0.0,0.0,0.0,0.0,0.0,0.0,0,0.0,0.0,0,0,0,0,0,0,0,0,0,0,0,0,0,0,0,0,0
2,145.321,14,FAL,0.0,0.0,0.0,0.0,0.0,0.0,0.0,0.6999989808586489,0.0,105.587,105.587,708.606,0,1,0,0,0,0,0,0,0,0,0,0,0.0,0.0,0.0,0.0,0.0,0.0,0.0,0,0,0.0,0.0,0.0,0.0,0.0,105.587,105.587,708.606,0.0,0.0,0.0,0.0,0.0,0.0,0.0,0.0,0.0,0.0,0.0,0,0.0,0.0,0,0,0,0,0,0,0,0,0,0,0,0,0,0,0,0,0
2,146.319,14,FAL,0.0,0.0,0.0,0.0,0.0,0.0,0.0,0.6499990536544596,0.0,105.587,105.587,708.606,0,1,0,0,0,0,0,0,0,0,0,0,0.0,0.0,0.0,0.0,0.0,0.0,0.0,0,0,0.0,0.0,0.0,0.0,0.0,105.587,105.587,708.606,0.0,0.0,0.0,0.0,0.0,0.0,0.0,0.0,0.0,0.0,0.0,0,0.0,0.0,0,0,0,0,0,0,0,0,0,0,0,0,0,0,0,0,0
2,147.32,14,FAL,0.0,0.0,0.0,0.0,0.0,0.0,0.0,0.5999991264502704,0.0,105.587,105.587,708.606,0,1,0,0,0,0,0,0,0,0,0,0,0.0,0.0,0.0,0.0,0.0,0.0,0.0,0,0,0.0,0.0,0.0,0.0,0.0,105.587,105.587,708.606,0.0,0.0,0.0,0.0,0.0,0.0,0.0,0.0,0.0,0.0,0.0,0,0.0,0.0,0,0,0,0,0,0,0,0,0,0,0,0,0,0,0,0,0
2,148.321,14,FAL,0.0,0.0,0.0,0.0,0.0,0.0,0.0,0.5499991992460813,0.0,105.587,105.587,708.606,0,1,0,0,0,0,0,0,0,0,0,0,0.0,0.0,0.0,0.0,0.0,0.0,0.0,0,0,0.0,0.0,0.0,0.0,0.0,105.587,105.587,708.606,0.0,0.0,0.0,0.0,0.0,0.0,0.0,0.0,0.0,0.0,0.0,0,0.0,0.0,0,0,0,0,0,0,0,0,0,0,0,0,0,0,0,0,0
2,149.319,14,FAL,0.0,0.0,0.0,0.0,0.0,0.0,0.0,0.499999272041892,0.0,105.587,105.587,708.606,0,1,0,0,0,0,0,0,0,0,0,0,0.0,0.0,0.0,0.0,0.0,0.0,0.0,0,0,0.0,0.0,0.0,0.0,0.0,105.587,105.587,708.606,0.0,0.0,0.0,0.0,0.0,0.0,0.0,0.0,0.0,0.0,0.0,0,0.0,0.0,0,0,0,0,0,0,0,0,0,0,0,0,0,0,0,0,0
2,150.425,15,FAL,0.0,0.0,0.0,0.0,0.0,0.0,0.0,0.44999934483770276,0.0,105.587,105.587,708.606,0,1,0,0,0,0,0,0,0,0,0,0,0.0,0.0,0.0,0.0,0.0,0.0,0.0,0,0,0.0,0.0,0.0,0.0,0.0,105.587,105.587,708.606,0.0,0.0,0.0,0.0,0.0,0.0,0.0,0.0,0.0,0.0,0.0,0,0.0,0.0,0,0,0,0,0,0,0,0,0,0,0,0,0,0,0,0,0
2,151.423,15,FAL,0.0,0.0,0.0,0.0,0.0,0.0,0.0,0.39999941763351365,0.0,105.587,105.587,708.606,0,1,0,0,0,0,0,0,0,0,0,0,0.0,0.0,0.0,0.0,0.0,0.0,0.0,0,0,0.0,0.0,0.0,0.0,0.0,105.587,105.587,708.606,0.0,0.0,0.0,0.0,0.0,0.0,0.0,0.0,0.0,0.0,0.0,0,0.0,0.0,0,0,0,0,0,0,0,0,0,0,0,0,0,0,0,0,0
2,152.425,15,FAL,0.0,0.0,0.0,0.0,0.0,0.0,0.0,0.34999949042932443,0.0,105.587,105.587,708.606,0,1,0,0,0,0,0,0,0,0,0,0,0.0,0.0,0.0,0.0,0.0,0.0,0.0,0,0,0.0,0.0,0.0,0.0,0.0,105.587,105.587,708.606,0.0,0.0,0.0,0.0,0.0,0.0,0.0,0.0,0.0,0.0,0.0,0,0.0,0.0,0,0,0,0,0,0,0,0,0,0,0,0,0,0,0,0,0
2,153.428,15,FAL,0.0,0.0,0.0,0.0,0.0,0.0,0.0,0.2999995632251352,0.0,105.587,105.587,708.606,0,1,0,0,0,0,0,0,0,0,0,0,0.0,0.0,0.0,0.0,0.0,0.0,0.0,0,0,0.0,0.0,0.0,0.0,0.0,105.587,105.587,708.606,0.0,0.0,0.0,0.0,0.0,0.0,0.0,0.0,0.0,0.0,0.0,0,0.0,0.0,0,0,0,0,0,0,0,0,0,0,0,0,0,0,0,0,0
2,154.428,15,FAL,0.0,0.0,0.0,0.0,0.0,0.0,0.0,0.249999636020946,0.0,105.587,105.587,708.606,0,1,0,0,0,0,0,0,0,0,0,0,0.0,0.0,0.0,0.0,0.0,0.0,0.0,0,0,0.0,0.0,0.0,0.0,0.0,105.587,105.587,708.606,0.0,0.0,0.0,0.0,0.0,0.0,0.0,0.0,0.0,0.0,0.0,0,0.0,0.0,0,0,0,0,0,0,0,0,0,0,0,0,0,0,0,0,0
2,155.427,15,FAL,0.0,0.0,0.0,0.0,0.0,0.0,0.0,0.1999997088167568,0.0,105.587,105.587,708.606,0,1,0,0,0,0,0,0,0,0,0,0,0.0,0.0,0.0,0.0,0.0,0.0,0.0,0,0,0.0,0.0,0.0,0.0,0.0,105.587,105.587,708.606,0.0,0.0,0.0,0.0,0.0,0.0,0.0,0.0,0.0,0.0,0.0,0,0.0,0.0,0,0,0,0,0,0,0,0,0,0,0,0,0,0,0,0,0
2,156.433,15,FAL,0.0,0.0,0.0,0.0,0.0,0.0,0.0,0.1499997816125676,0.0,105.587,105.587,708.606,0,1,0,0,0,0,0,0,0,0,0,0,0.0,0.0,0.0,0.0,0.0,0.0,0.0,0,0,0.0,0.0,0.0,0.0,0.0,105.587,105.587,708.606,0.0,0.0,0.0,0.0,0.0,0.0,0.0,0.0,0.0,0.0,0.0,0,0.0,0.0,0,0,0,0,0,0,0,0,0,0,0,0,0,0,0,0,0
2,157.435,15,FAL,0.0,0.0,0.0,0.0,0.0,0.0,0.0,0.09999985440837841,0.0,105.587,105.587,708.606,0,1,0,0,0,0,0,0,0,0,0,0,0.0,0.0,0.0,0.0,0.0,0.0,0.0,0,0,0.0,0.0,0.0,0.0,0.0,105.587,105.587,708.606,0.0,0.0,0.0,0.0,0.0,0.0,0.0,0.0,0.0,0.0,0.0,0,0.0,0.0,0,0,0,0,0,0,0,0,0,0,0,0,0,0,0,0,0
2,158.436,15,FAL,0.0,0.0,0.0,0.0,0.0,0.0,0.0,0.04999992720418921,0.0,105.587,105.587,708.606,0,1,0,0,0,0,0,0,0,0,0,0,0.0,0.0,0.0,0.0,0.0,0.0,0.0,0,0,0.0,0.0,0.0,0.0,0.0,105.587,105.587,708.606,0.0,0.0,0.0,0.0,0.0,0.0,0.0,0.0,0.0,0.0,0.0,0,0.0,0.0,0,0,0,0,0,0,0,0,0,0,0,0,0,0,0,0,0
2,159.434,15,FAL,0.0,0.0,0.0,0.0,0.0,0.0,0.0,0.0,0.0,105.587,105.587,708.606,0,1,0,0,0,0,0,0,0,0,0,0,0.0,0.0,0.0,0.0,0.0,0.0,0.0,0,0,0.0,0.0,0.0,0.0,0.0,105.587,105.587,708.606,0.0,0.0,0.0,0.0,0.0,0.0,0.0,0.0,0.0,0.0,0.0,0,0.0,0.0,0,0,0,0,0,0,0,0,0,0,0,0,0,0,0,0,0
2,160.431,16,FAL,0.0,0.0,0.0,0.0,0.0,0.0,0.0,0.0,0.0,105.587,105.587,708.606,0,1,0,0,0,0,0,0,0,0,0,0,0.0,0.0,0.0,0.0,0.0,0.0,0.0,0,0,0.0,0.0,0.0,0.0,0.0,105.587,105.587,708.606,0.0,0.0,0.0,0.0,0.0,0.0,0.0,0.0,0.0,0.0,0.0,0,0.0,0.0,0,0,0,0,0,0,0,0,0,0,0,0,0,0,0,0,0
2,161.432,16,FAL,0.0,0.0,0.0,0.0,0.0,0.0,0.0,0.0,0.0,105.587,105.587,708.606,0,1,0,0,0,0,0,0,0,0,0,0,0.0,0.0,0.0,0.0,0.0,0.0,0.0,0,0,0.0,0.0,0.0,0.0,0.0,105.587,105.587,708.606,0.0,0.0,0.0,0.0,0.0,0.0,0.0,0.0,0.0,0.0,0.0,0,0.0,0.0,0,0,0,0,0,0,0,0,0,0,0,0,0,0,0,0,0
2,162.436,16,FAL,0.0,0.0,0.0,0.0,0.0,0.0,0.0,0.0,0.0,105.587,105.587,708.606,0,1,0,0,0,0,0,0,0,0,0,0,0.0,0.0,0.0,0.0,0.0,0.0,0.0,0,0,0.0,0.0,0.0,0.0,0.0,105.587,105.587,708.606,0.0,0.0,0.0,0.0,0.0,0.0,0.0,0.0,0.0,0.0,0.0,0,0.0,0.0,0,0,0,0,0,0,0,0,0,0,0,0,0,0,0,0,0
2,163.433,16,FAL,0.0,0.0,0.0,0.0,0.0,0.0,0.0,0.0,0.0,105.587,105.587,708.606,0,1,0,0,0,0,0,0,0,0,0,0,0.0,0.0,0.0,0.0,0.0,0.0,0.0,0,0,0.0,0.0,0.0,0.0,0.0,105.587,105.587,708.606,0.0,0.0,0.0,0.0,0.0,0.0,0.0,0.0,0.0,0.0,0.0,0,0.0,0.0,0,0,0,0,0,0,0,0,0,0,0,0,0,0,0,0,0
2,164.436,16,FAL,0.0,0.0,0.0,0.0,0.0,0.0,0.0,0.0,0.0,105.587,105.587,708.606,0,1,0,0,0,0,0,0,0,0,0,0,0.0,0.0,0.0,0.0,0.0,0.0,0.0,0,0,0.0,0.0,0.0,0.0,0.0,105.587,105.587,708.606,0.0,0.0,0.0,0.0,0.0,0.0,0.0,0.0,0.0,0.0,0.0,0,0.0,0.0,0,0,0,0,0,0,0,0,0,0,0,0,0,0,0,0,0
2,165.435,16,FAL,0.0,0.0,0.0,0.0,0.0,0.0,0.0,0.0,0.0,105.587,105.587,708.606,0,1,0,0,0,0,0,0,0,0,0,0,0.0,0.0,0.0,0.0,0.0,0.0,0.0,0,0,0.0,0.0,0.0,0.0,0.0,105.587,105.587,708.606,0.0,0.0,0.0,0.0,0.0,0.0,0.0,0.0,0.0,0.0,0.0,0,0.0,0.0,0,0,0,0,0,0,0,0,0,0,0,0,0,0,0,0,0
2,166.444,16,FAL,0.0,0.0,0.0,0.0,0.0,0.0,0.0,0.0,0.0,105.587,105.587,708.606,0,1,0,0,0,0,0,0,0,0,0,0,0.0,0.0,0.0,0.0,0.0,0.0,0.0,0,0,0.0,0.0,0.0,0.0,0.0,105.587,105.587,708.606,0.0,0.0,0.0,0.0,0.0,0.0,0.0,0.0,0.0,0.0,0.0,0,0.0,0.0,0,0,0,0,0,0,0,0,0,0,0,0,0,0,0,0,0
2,167.444,16,FAL,0.0,0.0,0.0,0.0,0.0,0.0,0.0,0.0,0.0,105.587,105.587,708.606,0,1,0,0,0,0,0,0,0,0,0,0,0.0,0.0,0.0,0.0,0.0,0.0,0.0,0,0,0.0,0.0,0.0,0.0,0.0,105.587,105.587,708.606,0.0,0.0,0.0,0.0,0.0,0.0,0.0,0.0,0.0,0.0,0.0,0,0.0,0.0,0,0,0,0,0,0,0,0,0,0,0,0,0,0,0,0,0
2,168.445,16,FAL,0.0,0.0,0.0,0.0,0.0,0.0,0.0,0.0,0.0,105.587,105.587,708.606,0,1,0,0,0,0,0,0,0,0,0,0,0.0,0.0,0.0,0.0,0.0,0.0,0.0,0,0,0.0,0.0,0.0,0.0,0.0,105.587,105.587,708.606,0.0,0.0,0.0,0.0,0.0,0.0,0.0,0.0,0.0,0.0,0.0,0,0.0,0.0,0,0,0,0,0,0,0,0,0,0,0,0,0,0,0,0,0
2,169.446,16,FAL,0.0,0.0,0.0,0.0,0.0,0.0,0.0,0.0,0.0,105.587,105.587,708.606,0,1,0,0,0,0,0,0,0,0,0,0,0.0,0.0,0.0,0.0,0.0,0.0,0.0,0,0,0.0,0.0,0.0,0.0,0.0,105.587,105.587,708.606,0.0,0.0,0.0,0.0,0.0,0.0,0.0,0.0,0.0,0.0,0.0,0,0.0,0.0,0,0,0,0,0,0,0,0,0,0,0,0,0,0,0,0,0
2,170.441,17,FAL,0.0,0.0,0.0,0.0,0.0,0.0,0.0,0.0,0.0,105.587,105.587,708.606,0,1,0,0,0,0,0,0,0,0,0,0,0.0,0.0,0.0,0.0,0.0,0.0,0.0,0,0,0.0,0.0,0.0,0.0,0.0,105.587,105.587,708.606,0.0,0.0,0.0,0.0,0.0,0.0,0.0,0.0,0.0,0.0,0.0,0,0.0,0.0,0,0,0,0,0,0,0,0,0,0,0,0,0,0,0,0,0
2,171.443,17,FAL,0.0,0.0,0.0,0.0,0.0,0.0,0.0,0.0,0.0,105.587,105.587,708.606,0,1,0,0,0,0,0,0,0,0,0,0,0.0,0.0,0.0,0.0,0.0,0.0,0.0,0,0,0.0,0.0,0.0,0.0,0.0,105.587,105.587,708.606,0.0,0.0,0.0,0.0,0.0,0.0,0.0,0.0,0.0,0.0,0.0,0,0.0,0.0,0,0,0,0,0,0,0,0,0,0,0,0,0,0,0,0,0
2,172.444,17,FAL,0.0,0.0,0.0,0.0,0.0,0.0,0.0,0.0,0.0,105.587,105.587,708.606,0,1,0,0,0,0,0,0,0,0,0,0,0.0,0.0,0.0,0.0,0.0,0.0,0.0,0,0,0.0,0.0,0.0,0.0,0.0,105.587,105.587,708.606,0.0,0.0,0.0,0.0,0.0,0.0,0.0,0.0,0.0,0.0,0.0,0,0.0,0.0,0,0,0,0,0,0,0,0,0,0,0,0,0,0,0,0,0
2,173.45,17,FAL,0.0,0.0,0.0,0.0,0.0,0.0,0.0,0.0,0.0,105.587,105.587,708.606,0,1,0,0,0,0,0,0,0,0,0,0,0.0,0.0,0.0,0.0,0.0,0.0,0.0,0,0,0.0,0.0,0.0,0.0,0.0,105.587,105.587,708.606,0.0,0.0,0.0,0.0,0.0,0.0,0.0,0.0,0.0,0.0,0.0,0,0.0,0.0,0,0,0,0,0,0,0,0,0,0,0,0,0,0,0,0,0
2,174.447,17,FAL,0.0,0.0,0.0,0.0,0.0,0.0,0.0,0.0,0.0,105.587,105.587,708.606,0,1,0,0,0,0,0,0,0,0,0,0,0.0,0.0,0.0,0.0,0.0,0.0,0.0,0,0,0.0,0.0,0.0,0.0,0.0,105.587,105.587,708.606,0.0,0.0,0.0,0.0,0.0,0.0,0.0,0.0,0.0,0.0,0.0,0,0.0,0.0,0,0,0,0,0,0,0,0,0,0,0,0,0,0,0,0,0
2,175.447,17,FAL,0.0,0.0,0.0,0.0,0.0,0.0,0.0,0.0,0.0,105.587,105.587,708.606,0,1,0,0,0,0,0,0,0,0,0,0,0.0,0.0,0.0,0.0,0.0,0.0,0.0,0,0,0.0,0.0,0.0,0.0,0.0,105.587,105.587,708.606,0.0,0.0,0.0,0.0,0.0,0.0,0.0,0.0,0.0,0.0,0.0,0,0.0,0.0,0,0,0,0,0,0,0,0,0,0,0,0,0,0,0,0,0
2,176.461,17,FAL,0.0,0.0,0.0,0.0,0.0,0.0,0.0,0.0,0.0,105.587,105.587,708.606,0,1,0,0,0,0,0,0,0,0,0,0,0.0,0.0,0.0,0.0,0.0,0.0,0.0,0,0,0.0,0.0,0.0,0.0,0.0,105.587,105.587,708.606,0.0,0.0,0.0,0.0,0.0,0.0,0.0,0.0,0.0,0.0,0.0,0,0.0,0.0,0,0,0,0,0,0,0,0,0,0,0,0,0,0,0,0,0
2,177.461,17,FAL,0.0,0.0,0.0,0.0,0.0,0.0,0.0,0.0,0.0,105.587,105.587,708.606,0,1,0,0,0,0,0,0,0,0,0,0,0.0,0.0,0.0,0.0,0.0,0.0,0.0,0,0,0.0,0.0,0.0,0.0,0.0,105.587,105.587,708.606,0.0,0.0,0.0,0.0,0.0,0.0,0.0,0.0,0.0,0.0,0.0,0,0.0,0.0,0,0,0,0,0,0,0,0,0,0,0,0,0,0,0,0,0
2,178.465,17,FAL,0.0,0.0,0.0,0.0,0.0,0.0,0.0,0.0,0.0,105.587,105.587,708.606,0,1,0,0,0,0,0,0,0,0,0,0,0.0,0.0,0.0,0.0,0.0,0.0,0.0,0,0,0.0,0.0,0.0,0.0,0.0,105.587,105.587,708.606,0.0,0.0,0.0,0.0,0.0,0.0,0.0,0.0,0.0,0.0,0.0,0,0.0,0.0,0,0,0,0,0,0,0,0,0,0,0,0,0,0,0,0,0
2,179.707,17,FAL,0.0,0.0,0.0,0.0,0.0,0.0,0.0,0.0,0.0,105.587,105.587,708.606,0,1,0,0,0,0,0,0,0,0,0,0,0.0,0.0,0.0,0.0,0.0,0.0,0.0,0,0,0.0,0.0,0.0,0.0,0.0,105.587,105.587,708.606,0.0,0.0,0.0,0.0,0.0,0.0,0.0,0.0,0.0,0.0,0.0,0,0.0,0.0,0,0,0,0,0,0,0,0,0,0,0,0,0,0,0,0,0
2,180.715,18,FAL,0.0,0.0,0.0,0.0,0.0,0.0,0.0,0.0,0.0,105.587,105.587,708.606,0,1,0,0,0,0,0,0,0,0,0,0,0.0,0.0,0.0,0.0,0.0,0.0,0.0,0,0,0.0,0.0,0.0,0.0,0.0,105.587,105.587,708.606,0.0,0.0,0.0,0.0,0.0,0.0,0.0,0.0,0.0,0.0,0.0,0,0.0,0.0,0,0,0,0,0,0,0,0,0,0,0,0,0,0,0,0,0
2,181.711,18,FAL,0.0,0.0,0.0,0.0,0.0,0.0,0.0,0.0,0.0,105.587,105.587,708.606,0,1,0,0,0,0,0,0,0,0,0,0,0.0,0.0,0.0,0.0,0.0,0.0,0.0,0,0,0.0,0.0,0.0,0.0,0.0,105.587,105.587,708.606,0.0,0.0,0.0,0.0,0.0,0.0,0.0,0.0,0.0,0.0,0.0,0,0.0,0.0,0,0,0,0,0,0,0,0,0,0,0,0,0,0,0,0,0
2,182.715,18,FAL,0.0,0.0,0.0,0.0,0.0,0.0,0.0,0.0,0.0,105.587,105.587,708.606,0,1,0,0,0,0,0,0,0,0,0,0,0.0,0.0,0.0,0.0,0.0,0.0,0.0,0,0,0.0,0.0,0.0,0.0,0.0,105.587,105.587,708.606,0.0,0.0,0.0,0.0,0.0,0.0,0.0,0.0,0.0,0.0,0.0,0,0.0,0.0,0,0,0,0,0,0,0,0,0,0,0,0,0,0,0,0,0
2,183.711,18,FAL,0.0,0.0,0.0,0.0,0.0,0.0,0.0,0.0,0.0,105.587,105.587,708.606,0,1,0,0,0,0,0,0,0,0,0,0,0.0,0.0,0.0,0.0,0.0,0.0,0.0,0,0,0.0,0.0,0.0,0.0,0.0,105.587,105.587,708.606,0.0,0.0,0.0,0.0,0.0,0.0,0.0,0.0,0.0,0.0,0.0,0,0.0,0.0,0,0,0,0,0,0,0,0,0,0,0,0,0,0,0,0,0
2,184.711,18,FAL,0.0,0.0,0.0,0.0,0.0,0.0,0.0,0.0,0.0,105.587,105.587,708.606,0,1,0,0,0,0,0,0,0,0,0,0,0.0,0.0,0.0,0.0,0.0,0.0,0.0,0,0,0.0,0.0,0.0,0.0,0.0,105.587,105.587,708.606,0.0,0.0,0.0,0.0,0.0,0.0,0.0,0.0,0.0,0.0,0.0,0,0.0,0.0,0,0,0,0,0,0,0,0,0,0,0,0,0,0,0,0,0
2,185.714,18,FAL,0.0,0.0,0.0,0.0,0.0,0.0,0.0,0.0,0.0,105.587,105.587,708.606,0,1,0,0,0,0,0,0,0,0,0,0,0.0,0.0,0.0,0.0,0.0,0.0,0.0,0,0,0.0,0.0,0.0,0.0,0.0,105.587,105.587,708.606,0.0,0.0,0.0,0.0,0.0,0.0,0.0,0.0,0.0,0.0,0.0,0,0.0,0.0,0,0,0,0,0,0,0,0,0,0,0,0,0,0,0,0,0
2,186.719,18,FAL,0.0,0.0,0.0,0.0,0.0,0.0,0.0,0.0,0.0,105.587,105.587,708.606,0,1,0,0,0,0,0,0,0,0,0,0,0.0,0.0,0.0,0.0,0.0,0.0,0.0,0,0,0.0,0.0,0.0,0.0,0.0,105.587,105.587,708.606,0.0,0.0,0.0,0.0,0.0,0.0,0.0,0.0,0.0,0.0,0.0,0,0.0,0.0,0,0,0,0,0,0,0,0,0,0,0,0,0,0,0,0,0
2,187.721,18,FAL,0.0,0.0,0.0,0.0,0.0,0.0,0.0,0.0,0.0,105.587,105.587,708.606,0,1,0,0,0,0,0,0,0,0,0,0,0.0,0.0,0.0,0.0,0.0,0.0,0.0,0,0,0.0,0.0,0.0,0.0,0.0,105.587,105.587,708.606,0.0,0.0,0.0,0.0,0.0,0.0,0.0,0.0,0.0,0.0,0.0,0,0.0,0.0,0,0,0,0,0,0,0,0,0,0,0,0,0,0,0,0,0
2,188.724,18,FAL,0.0,0.0,0.0,0.0,0.0,0.0,0.0,0.0,0.0,105.587,105.587,708.606,0,1,0,0,0,0,0,0,0,0,0,0,0.0,0.0,0.0,0.0,0.0,0.0,0.0,0,0,0.0,0.0,0.0,0.0,0.0,105.587,105.587,708.606,0.0,0.0,0.0,0.0,0.0,0.0,0.0,0.0,0.0,0.0,0.0,0,0.0,0.0,0,0,0,0,0,0,0,0,0,0,0,0,0,0,0,0,0
2,189.723,18,FAL,0.0,0.0,0.0,0.0,0.0,0.0,0.0,0.0,0.0,105.587,105.587,708.606,0,1,0,0,0,0,0,0,0,0,0,0,0.0,0.0,0.0,0.0,0.0,0.0,0.0,0,0,0.0,0.0,0.0,0.0,0.0,105.587,105.587,708.606,0.0,0.0,0.0,0.0,0.0,0.0,0.0,0.0,0.0,0.0,0.0,0,0.0,0.0,0,0,0,0,0,0,0,0,0,0,0,0,0,0,0,0,0
2,190.727,19,FAL,0.0,0.0,0.0,0.0,0.0,0.0,0.0,0.0,0.0,105.587,105.587,708.606,0,1,0,0,0,0,0,0,0,0,0,0,0.0,0.0,0.0,0.0,0.0,0.0,0.0,0,0,0.0,0.0,0.0,0.0,0.0,105.587,105.587,708.606,0.0,0.0,0.0,0.0,0.0,0.0,0.0,0.0,0.0,0.0,0.0,0,0.0,0.0,0,0,0,0,0,0,0,0,0,0,0,0,0,0,0,0,0
2,191.721,19,FAL,0.0,0.0,0.0,0.0,0.0,0.0,0.0,0.0,0.0,105.587,105.587,708.606,0,1,0,0,0,0,0,0,0,0,0,0,0.0,0.0,0.0,0.0,0.0,0.0,0.0,0,0,0.0,0.0,0.0,0.0,0.0,105.587,105.587,708.606,0.0,0.0,0.0,0.0,0.0,0.0,0.0,0.0,0.0,0.0,0.0,0,0.0,0.0,0,0,0,0,0,0,0,0,0,0,0,0,0,0,0,0,0
2,192.728,19,FAL,0.0,0.0,0.0,0.0,0.0,0.0,0.0,0.0,0.0,105.587,105.587,708.606,0,1,0,0,0,0,0,0,0,0,0,0,0.0,0.0,0.0,0.0,0.0,0.0,0.0,0,0,0.0,0.0,0.0,0.0,0.0,105.587,105.587,708.606,0.0,0.0,0.0,0.0,0.0,0.0,0.0,0.0,0.0,0.0,0.0,0,0.0,0.0,0,0,0,0,0,0,0,0,0,0,0,0,0,0,0,0,0
2,193.725,19,FAL,0.0,0.0,0.0,0.0,0.0,0.0,0.0,0.0,0.0,105.587,105.587,708.606,0,1,0,0,0,0,0,0,0,0,0,0,0.0,0.0,0.0,0.0,0.0,0.0,0.0,0,0,0.0,0.0,0.0,0.0,0.0,105.587,105.587,708.606,0.0,0.0,0.0,0.0,0.0,0.0,0.0,0.0,0.0,0.0,0.0,0,0.0,0.0,0,0,0,0,0,0,0,0,0,0,0,0,0,0,0,0,0
2,194.783,19,FAL,2.206544481241513,2.085580795124303,0.49502708707001536,0.49502708707001536,0.2213828434784523,0.9999997621927453,0.15654130986197368,0.04999998810963727,0.022138284347845198,75.7675,75.7675,708.135,0,1,0,0,0,0,0,0,0,0,0,0,0.0,0.0,0.0,0.0,0.0,0.0,0.0,0,0,0.0,0.0,0.0,0.0,0.0,102.60505,75.7675,708.5589,0.04950270870700153,0.15654130986197368,0.04950270870700149,0.0,0.0,0.0,0.0,0.0,0.0,0.0,0.0,0,0.0,0.0,0,0,0,0,0,0,0,0,0,0,0,0,0,0,0,0,0
2,195.788,19,FAL,3.840858555530344,1.6261831584963493,0.5032618406197041,0.008234753549688778,0.2734081840981443,0.9746224611082964,0.2104667349915864,0.0987311111650521,0.04947910275765963,47.0867,47.0867,709.228,0,1,0,0,0,0,0,0,0,0,0,0,0.0,0.0,0.0,0.0,0.0,0.0,0.0,0,0,0.0,0.0,0.0,0.0,0.0,96.75502,47.0867,708.6211000000001,0.09982889276897196,0.2104667349915864,0.05032618406197037,0.0,0.0,0.0,0.0,0.0,0.0,0.0,0.0,0,0.0,0.0,0,0,0,0,0,0,0,0,0,0,0,0,0,0,0,0,0
2,196.801,19,FAL,5.7671315097796985,1.9015527682619495,0.865189245018721,0.3619274043990168,0.37160683081075885,0.9452074495270922,0.3161612873970328,0.1459914836414067,0.08663978583873551,2.70769,2.70769,706.549,0,1,1,0,0,0,1,0,1,0,0,0,0.0,0.0,0.0,0.0,0.0,0.0,0.0,0,0,0.1,0.1,0.0,0.0,0.0,86.46708900000002,2.70769,708.4154,0.18634781727084404,0.3161612873970328,0.08651892450187205,0.0,0.0,0.1,0.0,0.0,0.0,0.0,0.0,0,0.0,0.0,0,0,0,0,0,0,0,0,0,0,0,0,0,0,0,0,0
2,197.806,19,FAL,0.9439696864519974,-4.799165993360897,1.8004151150886276,0.9352258700699067,0.6714812932278411,0.8127349224416154,0.5912284678772362,0.18662822976348747,0.15378791516151963,2.70769,95.4829,984.018,0,1,0,0,0,0,0,0,0,0,0,0,0.0,0.0,0.0,0.0,0.0,0.0,0.0,0,0,0.1,0.1,0.0,0.0,0.0,85.45667900000001,2.70769,735.9566,0.36638932877970676,0.5912284678772362,0.18004151150886272,0.0,0.0,0.1,0.0,0.0,0.0,0.0,0.0,0,0.0,0.0,0,0,0,0,0,0,0,0,0,0,0,0,0,0,0,0,0
2,198.802,19,FAL,5.045122491631821,4.117623298373316,0.19981069424137357,1.600604420847254,0.6210181025666432,0.3107840371128372,0.5807537995230247,0.2021674316191293,0.21588972541818396,2.70769,107.181,984.309,0,1,0,0,0,0,0,0,0,0,0,0,0.0,0.0,0.0,0.0,0.0,0.0,0.0,0,0,0.1,0.1,0.0,0.0,0.0,85.616079,2.70769,763.5269000000001,0.38637039820384417,0.5807537995230247,0.34010195359358814,0.0,0.0,0.1,0.0,0.0,0.0,0.0,0.0,0,0.0,0.0,0,0,0,0,0,0,0,0,0,0,0,0,0,0,0,0,0
2,199.802,19,FAL,5.063596497194345,0.0184740055625241,1.983511559956536,1.7837008657151625,0.7887296221088081,0.04524721801847432,0.7486002327345711,0.20442979252005306,0.29476268762906477,2.70769,127.72,709.454,0,1,0,0,0,0,0,0,0,0,0,0,0.0,0.0,0.0,0.0,0.0,0.0,0.0,0,0,0.1,0.1,0.0,0.0,0.0,87.82937899999999,2.70769,763.6117,0.5847215541994977,0.7486002327345711,0.5184720401651044,0.0,0.0,0.1,0.0,0.0,0.0,0.0,0.0,0,0.0,0.0,0,0,0,0,0,0,0,0,0,0,0,0,0,0,0,0,0
2,200.808,20,FAL,1.7586442953149986,-3.2852407573353344,0.5682236236022999,1.415287936354236,0.7775062997747088,0.04104975923634892,0.7203167399892623,0.2064822804818705,0.37251331760653567,2.70769,94.8323,708.73,0,1,0,0,0,0,0,0,0,0,0,0,0.0,0.0,0.0,0.0,0.0,0.0,0.0,0,0,0.1,0.1,0.0,0.0,0.0,86.753909,2.70769,763.6241,0.6415439165597278,0.7203167399892623,0.660000833800528,0.0,0.0,0.1,0.0,0.0,0.0,0.0,0.0,0,0.0,0.0,0,0,0,0,0,0,0,0,0,0,0,0,0,0,0,0,0
2,201.804,20,FAL,0.0,-1.7657071238102395,0.0,0.5682236236022999,0.9212145948308473,0.04104975923634892,0.7203167399892623,0.20853476844368793,0.4646347770896203,94.8323,94.8323,708.73,0,1,0,0,0,0,0,0,0,0,0,0,0.0,0.0,0.0,0.0,0.0,0.0,0.0,0,0,0.1,0.1,0.0,0.0,0.0,85.678439,2.70769,763.6365,0.6415439165597278,0.7203167399892623,0.716823196160758,0.0,0.0,0.1,0.0,0.0,0.0,0.0,0.0,0,0.0,0.0,0,0,0,0,0,0,0,0,0,0,0,0,0,0,0,0,0
2,202.807,20,FAL,1.994017946174579e-05,1.9880537848201187e-05,0.0059574874633149776,0.0059574874633149776,0.8331252964295198,0.04104972618918422,0.7197294102639372,0.21058725475314716,0.5479473067325723,94.8323,95.1745,708.743,0,1,0,0,0,0,0,0,0,0,0,0,0.0,0.0,0.0,0.0,0.0,0.0,0.0,0,0,0.1,0.1,0.0,0.0,0.0,84.637189,2.70769,763.6502,0.6421396653060593,0.7197294102639372,0.7174189449070895,0.0,0.0,0.1,0.0,0.0,0.0,0.0,0.0,0,0.0,0.0,0,0,0,0,0,0,0,0,0,0,0,0,0,0,0,0,0
2,203.805,20,FAL,1.0316418005191728,1.0336892388173455,0.07486748426572325,0.06890999680240827,0.8480510350969789,0.03324863916489911,0.7126622762253854,0.2122496867113921,0.6327524102422702,94.8323,99.5205,709.39,0,1,0,0,0,0,0,0,0,0,0,0,0.0,0.0,0.0,0.0,0.0,0.0,0.0,0,0,0.1,0.1,0.0,0.0,0.0,84.030539,2.70769,763.7286,0.6496264137326315,0.7126622762253854,0.7243099445873302,0.0,0.0,0.1,0.0,0.0,0.0,0.0,0.0,0,0.0,0.0,0,0,0,0,0,0,0,0,0,0,0,0,0,0,0,0,0
2,204.804,20,FAL,3.017981198901674,1.9883277261086099,4.8926225039129643e-05,0.07481855804068412,0.24710989568030767,0.09320868542428377,0.7412105190605075,0.21691012098260626,0.6353251154624557,94.8323,99.755,708.697,0,1,0,0,0,0,0,0,0,0,0,0,0.0,0.0,0.0,0.0,0.0,0.0,0.0,0,0,0.1,0.1,0.0,0.0,0.0,86.429289,2.70769,763.7848,0.600128597648134,0.7412105190605075,0.6822890916843971,0.0,0.0,0.1,0.0,0.0,0.0,0.0,0.0,0,0.0,0.0,0,0,0,0,0,0,0,0,0,0,0,0,0,0,0,0,0
2,205.809,20,FAL,2.703111761967666,-0.313302922322396,0.006015993021063726,0.005967066796024596,0.03227559369021458,0.14681680848247658,0.7647365978744773,0.22425096140673012,0.6112118564216629,94.8323,99.5132,711.095,0,1,0,0,0,0,0,0,0,0,0,0,0.0,0.0,0.0,0.0,0.0,0.0,0.0,0,0,0.1,0.1,0.0,0.0,0.0,91.671939,2.70769,763.9715,0.5504040128882699,0.7647365978744773,0.6820623230090308,0.0,0.0,0.1,0.0,0.0,0.0,0.0,0.0,0,0.0,0.0,0,0,0,0,0,0,0,0,0,0,0,0,0,0,0,0,0
2,206.854,20,CZ550,0.8176088474168324,-1.804309009139554,0.903438189508727,0.8974221964876633,0.39551467965386317,0.15255590960767626,0.766579391153894,0.23187875688711396,0.6136026413059732,45.4696,45.4696,710.453,0,1,0,0,0,0,0,0,0,0,0,0,0.0,0.0,0.0,0.0,0.0,0.0,0.0,0,0,0.0,0.0,0.0,0.0,0.0,95.94812999999999,45.4696,764.3619000000001,0.5542289073372706,0.766579391153894,0.7356118022178955,0.0,0.0,0.0,0.0,0.0,0.0,0.0,0.0,0,0.0,0.0,0,0,0,0,0,0,0,0,0,0,0,0,0,0,0,0,0
2,207.872,20,CZ550,1.7925628695417692,0.9577151494351049,0.7638220231320537,0.1396161663766733,0.44554194398965785,0.19093688008138507,0.6387742039290323,0.24142560089118317,0.591008706382155,1.0598,1.0598,710.143,0,1,1,1,1,1,1,1,1,1,1,0,0.0,0.0,0.0,0.0,0.0,0.0,0.0,0,0,0.1,0.1,0.1,0.1,0.0,86.50582,1.0598,736.9744000000001,0.45056959814161307,0.6387742039290323,0.656050831848572,0.0,0.0,0.1,0.1,0.1,0.0,0.0,0.0,0,0.0,0.0,0,0,0,0,0,0,0,0,0,0,0,0,0,0,0,0,0
2,208.863,20,CZ550,0.8621608731866112,-0.9388516613069203,0.01822854900371787,0.7455934741283359,0.4548962378339776,0.20998235888228003,0.6491904274456863,0.2519247188352972,0.5743965199088883,1.0598,2.16718,710.167,0,1,1,1,1,1,1,1,1,1,1,0,0.991,0.991,0.991,0.991,0.991,0.991,0.0,0,0,0.2,0.2,0.2,0.2,0.0,76.004438,1.0598,709.5602,0.43241138361784753,0.6491904274456863,0.5705497371766803,0.991,0.991,0.2,0.2,0.2,0.0,0.991,0.991,0,0.0,0.0,0,0,0,0,0,0,0,0,0,0,0,0,0,0,0,0,0
2,209.934,20,CZ550,1.5084509757683986,0.6034454739325746,0.024552522212950602,0.006323973209232732,0.4504512815767755,0.1578316092188765,0.360511818640739,0.259816299296241,0.5405686858556851,1.0598,3.53956,710.075,0,1,1,0,0,0,1,0,1,0,0,0,0.0,2.062,0.0,2.062,0.0,0.0,0.0,0,0,0.3,0.3,0.2,0.2,0.0,63.586394000000006,1.0598,709.6223,0.23651547984348903,0.360511818640739,0.39281204792608726,2.062,0.991,0.3,0.2,0.2,0.0,2.062,0.991,0,0.0,0.0,0,0,0,0,0,0,0,0,0,0,0,0,0,0,0,0,0
2,210.933,21,CZ550,2.222598705788518,0.7148625926127321,0.007444990500208096,0.017107531712742506,0.4501842286754132,0.11701949284464805,0.3465247580275626,0.26566727393847345,0.5078364787457555,1.0598,3.88176,708.21,0,1,1,0,0,0,1,0,1,0,0,0,0.0,3.061,0.0,3.061,0.0,0.0,0.0,0,0,0.4,0.4,0.2,0.2,0.0,54.49134,1.0598,709.5703,0.1804376165332798,0.3465247580275626,0.2529940074619379,3.061,0.991,0.4,0.2,0.2,0.0,3.061,0.991,0,0.0,0.0,1,0,0,0,0,0,0,0,0,0,0,1,1,0,1,0,0
2,211.94,21,CZ550,2.482628398977913,0.2582221382218422,0.12133369059992793,0.11388870009971984,0.3256334858998367,0.15448347114496294,0.34159398015246295,0.2733914474957216,0.44827836785265446,1.0598,3.007,706.026,0,1,1,0,0,0,1,0,1,0,0,0,0.0,4.068,0.0,4.068,0.0,0.0,0.0,0,0,0.5,0.5,0.2,0.2,0.0,45.30881,1.0598,709.2999,0.19257098559327263,0.34159398015246295,0.2075605151116799,4.068,0.991,0.5,0.2,0.2,0.0,4.068,0.991,0,0.0,0.0,1,0,0,0,0,0,0,0,0,0,0,0,1,0,1,0,0
2,212.937,21,CZ550,6.351519193730748,3.8805323919286203,0.7995603062700297,0.6782266156701018,0.3414653161115449,0.2159394725277492,0.383088170851502,0.284188421122109,0.3991123698208569,2.16718,37.5653,975.786,0,1,0,0,0,0,0,0,0,0,0,0,0.0,0.0,0.0,0.0,0.0,0.0,0.0,0,0,0.5,0.5,0.2,0.2,0.0,39.54789,1.0598,736.0042,0.2719312674739441,0.383088170851502,0.2747874279323586,4.068,0.991,0.5,0.2,0.2,0.0,4.068,0.991,0,0.0,0.0,0,0,0,0,0,0,0,0,0,0,0,0,1,0,1,0,0
2,213.947,21,CZ550,3.586313536199229,-2.737827383694573,1.0147841754145999,0.21522386914457015,0.4769995294739374,0.24540889699903895,0.4403863063481466,0.29645886597206095,0.36200721925855284,3.007,96.3482,972.306,0,1,0,0,0,0,0,0,0,0,0,0,0.0,0.0,0.0,0.0,0.0,0.0,0.0,0,0,0.5,0.5,0.2,0.2,0.0,39.23066,1.0598,762.2958000000001,0.36592293658883174,0.4403863063481466,0.28941881516657475,4.068,0.991,0.5,0.2,0.2,0.0,4.068,0.991,0,0.0,0.0,0,0,0,0,0,0,0,0,0,0,0,0,1,0,1,0,0
2,214.944,21,CZ550,2.7395250041780357,-0.8493365416461318,1.7279261050192687,0.7131419296046688,0.7025434110200618,0.19740065702971551,0.5933046598151882,0.2563289107139095,0.40755057079252827,3.007,153.862,698.501,0,1,0,0,0,0,0,0,0,0,0,0,0.0,0.0,0.0,0.0,0.0,0.0,0.0,0,0,0.5,0.5,0.2,0.2,0.0,44.64136,1.0598,761.2762,0.5387106544682547,0.5933046598151882,0.3532511523229732,4.068,0.991,0.5,0.2,0.2,0.0,4.068,0.991,0,0.0,0.0,0,0,0,0,0,0,0,0,0,0,0,0,1,0,1,0,0
2,216.708,21,CZ550,5.126246099254262,1.3530164938073843,0.9192173577078716,0.8087087473113971,0.5731587515604547,0.038948272179951844,0.5721035114047793,0.20954520126749224,0.4616388865795522,3.007,102.069,983.588,0,1,0,0,0,0,0,0,0,0,0,0,0.0,0.0,0.0,0.0,0.0,0.0,0.0,0,0,0.5,0.5,0.2,0.2,0.0,44.89694,1.0598,788.5255,0.6300307909369354,0.5721035114047793,0.4335253203745105,4.068,0.991,0.5,0.2,0.2,0.0,4.068,0.991,0,0.0,0.0,0,0,0,0,0,0,0,0,0,0,0,0,1,0,1,0,0
2,218.225,21,CZ550,2.8831825394746646,-1.4786180354512837,0.03920910794576839,0.8800082497621032,0.6020912189774387,0.14948626577725452,0.5911712775698307,0.16975914208000037,0.48229654051190973,37.5653,98.9021,985.086,0,1,0,0,0,0,0,0,0,0,0,0,0.0,0.0,0.0,0.0,0.0,0.0,0.0,0,0,0.5,0.5,0.2,0.2,0.0,50.24019,1.0598,815.9888,0.5436078827806397,0.5911712775698307,0.43178392570195445,4.068,0.991,0.5,0.2,0.2,0.0,4.068,0.991,0,0.0,0.0,0,0,0,0,0,0,0,0,0,0,0,0,1,0,1,0,0
2,219.67,21,CZ550,0.0692041522481279,-1.9473898873540045,6.840354411155296e-08,0.039209039542224274,0.7284110632088353,0.1371464626663183,0.6086436747392164,0.1359797190912355,0.5105834524338275,96.3482,98.9077,985.093,0,1,0,0,0,0,0,0,0,0,0,0,0.0,0.0,0.0,0.0,0.0,0.0,0.0,0,0,0.4,0.4,0.1,0.1,0.0,60.024980000000006,2.16718,843.4838,0.46722568730778863,0.6086436747392164,0.42174321301850953,4.068,0.991,0.4,0.1,0.1,0.0,4.068,0.991,0,0.0,0.0,0,0,0,0,0,0,0,0,0,0,0,0,1,0,1,0,0
2,220.664,22,CZ550,0.0,-0.06962188354942445,0.0,6.840354411155296e-08,0.7728079368397113,0.05097649792685806,0.6101632103949844,0.12298934213193655,0.5423746223344008,98.9021,98.9077,985.09,0,1,0,0,0,0,0,0,0,0,0,0,0.0,0.0,0.0,0.0,0.0,0.0,0.0,0,0,0.3,0.3,0.0,0.0,0.0,69.699032,3.007,870.9761000000001,0.46540283240741687,0.6101632103949844,0.34718387244603044,4.068,0.0,0.3,0.0,0.0,0.0,4.068,0.0,0,0.0,0.0,0,0,0,0,0,0,0,0,0,0,0,0,1,0,1,0,0
2,221.669,22,CZ550,0.0,0.0,0.0,0.0,0.4070570047979687,0.06217346790596834,0.6121803299732317,0.12383565462631126,0.5380351946565203,98.9021,98.9076,985.091,0,1,0,0,0,0,0,0,0,0,0,0,0.0,0.0,0.0,0.0,0.0,0.0,0.0,0,0,0.2,0.2,0.0,0.0,0.0,79.235836,3.007,898.4777,0.46294758018612175,0.6121803299732317,0.34655147512510714,4.068,0.0,0.2,0.0,0.0,0.0,4.068,0.0,0,0.0,0.0,0,0,0,0,0,0,0,0,0,0,0,0,1,0,1,0,0
2,222.664,22,CZ550,0.0,0.0,0.0,0.0,0.017534838493034412,0.10492893896498416,0.6128000505563214,0.127029613612743,0.49477025563828236,98.9021,98.9074,985.086,0,1,0,0,0,0,0,0,0,0,0,0,0.0,0.0,0.0,0.0,0.0,0.0,0.0,0,0,0.1,0.1,0.0,0.0,0.0,88.7384,3.007,926.1652999999999,0.462203081136101,0.6128000505563214,0.34484072195383286,4.068,0.0,0.1,0.0,0.0,0.0,4.068,0.0,0,0.0,0.0,0,0,0,0,0,0,0,0,0,0,0,0,1,0,1,0,0
2,223.663,22,CZ550,0.0,0.0,0.0,0.0,2.0135360770358625e-08,0.10492893896498416,0.6214394292479547,0.13022357259917478,0.4622069090618347,98.9074,98.9075,985.095,0,1,0,0,0,0,0,0,0,0,0,0,0.0,0.0,0.0,0.0,0.0,0.0,0.0,0,0,0.0,0.0,0.0,0.0,0.0,98.32845,37.5653,954.0722,0.4500697120761082,0.6214394292479547,0.3334518519438609,0.0,0.0,0.0,0.0,0.0,0.0,0.0,0.0,0,0.0,0.0,0,0,0,0,0,0,0,0,0,0,0,0,1,0,1,0,0
2,225.245,22,CZ550,0.08939405753173536,0.05650698959022463,0.11223987321522133,0.11223987321522133,0.05019519725903855,0.10535743542162293,0.6164798874651595,0.1334389580607967,0.43307989717658407,98.9074,109.077,985.045,0,1,0,0,0,0,0,0,0,0,0,0,0.0,0.0,0.0,0.0,0.0,0.0,0.0,0,0,0.0,0.0,0.0,0.0,0.0,105.47962,96.3482,954.9981,0.38133766877062736,0.6164798874651595,0.27685317769837287,0.0,0.0,0.0,0.0,0.0,0.0,0.0,0.0,0,0.0,0.0,0,0,0,0,0,0,0,0,0,0,0,0,1,0,1,0,0
2,226.253,22,CZ550,0.8476204307490319,0.7522087035885878,0.21014730178647667,0.09790742857125534,0.09483272044288085,0.10144201516248856,0.5757830108228478,0.13684862686067617,0.3948632162734785,98.9074,121.167,984.587,0,1,0,0,0,0,0,0,0,0,0,0,0.0,0.0,0.0,0.0,0.0,0.0,0.0,0,0,0.0,0.0,0.0,0.0,0.0,107.9615,98.9021,956.2262000000001,0.30087398140781507,0.5757830108228478,0.2651215336410414,0.0,0.0,0.0,0.0,0.0,0.0,0.0,0.0,0,0.0,0.0,0,0,0,0,0,0,0,0,0,0,0,0,1,0,1,0,0
2,227.255,22,CZ550,1.919702714827092,1.0699423992795012,0.03909667570476098,0.17105062608171567,0.08965783955454593,0.012225521587339215,0.2849112513115711,0.13279946866882897,0.33357465912692685,98.9074,119.033,983.957,0,1,0,0,0,0,0,0,0,0,0,0,0.0,0.0,0.0,0.0,0.0,0.0,0.0,0,0,0.0,0.0,0.0,0.0,0.0,104.4786,98.9021,984.7718000000001,0.13199103847636426,0.2849112513115711,0.21091240328874608,0.0,0.0,0.0,0.0,0.0,0.0,0.0,0.0,0,0.0,0.0,0,0,0,0,0,0,0,0,0,0,0,0,1,0,1,0,0
2,228.253,22,CZ550,0.0,-1.923549814456004,0.0,0.03909667570476098,0.08965783955454593,0.07468433104207907,0.06973767640352489,0.1291928447968091,0.285224567926336,98.9075,119.032,983.947,0,1,0,0,0,0,0,0,0,0,0,0,0.0,0.0,0.0,0.0,0.0,0.0,0.0,0,0,0.0,0.0,0.0,0.0,0.0,106.17490000000001,98.9021,984.8077000000001,0.040069302705577105,0.06973767640352489,0.13395119612808243,0.0,0.0,0.0,0.0,0.0,0.0,0.0,0.0,0,0.0,0.0,0,0,0,0,0,0,0,0,0,0,0,0,1,0,1,0,0
2,229.446,22,CZ550,0.0,0.0,0.0,0.0,0.08965783955454593,0.07782907137337211,0.07088422897871403,0.12545650288509388,0.23398122998404675,109.077,119.032,983.952,0,1,0,0,0,0,0,0,0,0,0,0,0.0,0.0,0.0,0.0,0.0,0.0,0.0,0,0,0.0,0.0,0.0,0.0,0.0,108.18789,98.9074,984.6942999999999,0.03614839191100026,0.07088422897871403,0.04595037115187213,0.0,0.0,0.0,0.0,0.0,0.0,0.0,0.0,0,0.0,0.0,0,0,0,0,0,0,0,0,0,0,0,0,1,0,1,0,0
2,230.451,23,CZ550,0.0,0.0,0.0,0.0,0.0911947455122405,0.12129672985494398,0.07088423285463571,0.12197449537377184,0.17025959821438724,119.032,119.032,983.945,0,1,0,0,0,0,0,0,0,0,0,0,0.0,0.0,0.0,0.0,0.0,0.0,0.0,0,0,0.0,0.0,0.0,0.0,0.0,110.20032,98.9074,984.5795,0.036148385070645855,0.07088423285463571,0.0420294671976497,0.0,0.0,0.0,0.0,0.0,0.0,0.0,0.0,0,0.0,0.0,0,0,0,0,0,0,0,0,0,0,0,0,1,0,1,0,0
2,231.918,23,CZ550,0.0,0.0,0.0,0.0,0.017484564914022015,0.14722185752928385,0.07088423285463571,0.11883647030612202,0.0947272610218183,119.032,119.032,983.952,0,1,0,0,0,0,0,0,0,0,0,0,0.0,0.0,0.0,0.0,0.0,0.0,0.0,0,0,0.0,0.0,0.0,0.0,0.0,112.21275,98.9074,984.4657000000001,0.036148385070645855,0.07088423285463571,0.04202946035729529,0.0,0.0,0.0,0.0,0.0,0.0,0.0,0.0,0,0.0,0.0,0,0,0,0,0,0,0,0,0,0,0,0,1,0,1,0,0
2,232.912,23,CZ550,0.0,0.0,0.0,0.0,0.0,0.10873039875317923,0.07088423285463571,0.11638140978283715,0.05402156054202144,119.032,119.032,983.946,0,1,0,0,0,0,0,0,0,0,0,0,0.0,0.0,0.0,0.0,0.0,0.0,0.0,0,0,0.0,0.0,0.0,0.0,0.0,114.22519,98.9074,984.3512000000001,0.036148385070645855,0.07088423285463571,0.04202946035729529,0.0,0.0,0.0,0.0,0.0,0.0,0.0,0.0,0,0.0,0.0,0,0,0,0,0,0,0,0,0,0,0,0,1,0,1,0,0
2,233.919,23,CZ550,0.0,0.0,0.0,0.0,0.0,0.07648764160702275,0.07088423285463571,0.11435481722095589,0.052268076692718005,119.032,119.033,983.953,0,1,0,0,0,0,0,0,0,0,0,0,0.0,0.0,0.0,0.0,0.0,0.0,0.0,0,0,0.0,0.0,0.0,0.0,0.0,116.23774999999998,98.9075,984.2378999999999,0.036148385070645855,0.07088423285463571,0.04202946035729529,0.0,0.0,0.0,0.0,0.0,0.0,0.0,0.0,0,0.0,0.0,0,0,0,0,0,0,0,0,0,0,0,0,1,0,1,0,0
2,234.914,23,CZ550,0.0,0.0,0.0,0.0,0.0,0.15660783010786988,0.07088423285463571,0.11446103516910122,0.05226807467918192,119.032,119.032,983.96,0,1,0,0,0,0,0,0,0,0,0,0,0.0,0.0,0.0,0.0,0.0,0.0,0.0,0,0,0.0,0.0,0.0,0.0,0.0,118.25019999999999,109.077,984.1244,0.036148385070645855,0.07088423285463571,0.04202946035729529,0.0,0.0,0.0,0.0,0.0,0.0,0.0,0.0,0,0.0,0.0,0,0,0,0,0,0,0,0,0,0,0,0,1,0,1,0,0
2,235.916,23,CZ550,0.0,0.0,0.0,0.0,0.0,0.41743864810440373,0.06623039120099766,0.12453599394793395,0.047248554953278066,119.032,119.032,983.946,0,1,0,0,0,0,0,0,0,0,0,0,0.0,0.0,0.0,0.0,0.0,0.0,0.0,0,0,0.0,0.0,0.0,0.0,0.0,119.24570000000001,119.032,984.0145,0.024924397749123722,0.06623039120099766,0.030805473035773155,0.0,0.0,0.0,0.0,0.0,0.0,0.0,0.0,0,0.0,0.0,0,0,0,0,0,0,0,0,0,0,0,0,1,0,1,0,0
2,236.917,23,CZ550,0.0,0.0,0.0,0.0,0.0,0.6417439089830838,0.012363454416802437,0.1443527445471362,0.037765282908989985,119.032,119.033,983.953,0,1,0,0,0,0,0,0,0,0,0,0,0.0,0.0,0.0,0.0,0.0,0.0,0.0,0,0,0.0,0.0,0.0,0.0,0.0,119.03229999999999,119.032,983.9511,0.003909667570476054,0.012363454416802437,0.021014730178647623,0.0,0.0,0.0,0.0,0.0,0.0,0.0,0.0,0,0.0,0.0,0,0,0,0,0,0,0,0,0,0,0,0,1,0,1,0,0
2,237.918,23,CZ550,0.0,0.0,0.0,0.0,0.0,0.6575506741387905,0.0,0.16736024540258992,0.02879949895353539,119.032,119.032,983.945,0,1,0,0,0,0,0,0,0,0,0,0,0.0,0.0,0.0,0.0,0.0,0.0,0.0,0,0,0.0,0.0,0.0,0.0,0.0,119.03220000000002,119.032,983.9499,0.0,0.0,0.003909667570476054,0.0,0.0,0.0,0.0,0.0,0.0,0.0,0.0,0,0.0,0.0,0,0,0,0,0,0,0,0,0,0,0,0,1,0,1,0,0
2,238.919,23,CZ550,0.0,0.0,0.0,0.0,0.0,0.7065974798166986,0.0,0.20074270578442727,0.0198337149980808,119.032,119.032,983.951,0,1,0,0,0,0,0,0,0,0,0,0,0.0,0.0,0.0,0.0,0.0,0.0,0.0,0,0,0.0,0.0,0.0,0.0,0.0,119.03219999999999,119.032,983.9503000000001,0.0,0.0,0.0,0.0,0.0,0.0,0.0,0.0,0.0,0.0,0.0,0,0.0,0.0,0,0,0,0,0,0,0,0,0,0,0,0,1,0,1,0,0
2,239.921,23,CZ550,0.0,0.0,0.0,0.0,0.0,0.5236660275914146,0.0,0.21945169387513527,0.010867931042626207,119.032,119.032,983.948,0,1,0,0,0,0,0,0,0,0,0,0,0.0,0.0,0.0,0.0,0.0,0.0,0.0,0,0,0.0,0.0,0.0,0.0,0.0,119.03219999999999,119.032,983.9499,0.0,0.0,0.0,0.0,0.0,0.0,0.0,0.0,0.0,0.0,0.0,0,0.0,0.0,0,0,0,0,0,0,0,0,0,0,0,0,1,0,1,0,0
2,240.923,24,CZ550,0.0,0.0,0.0,0.0,0.0,0.5228650057435152,0.0,0.23873762102899515,0.001748456491402157,119.032,119.032,983.95,0,1,0,0,0,0,0,0,0,0,0,0,0.0,0.0,0.0,0.0,0.0,0.0,0.0,0,0,0.0,0.0,0.0,0.0,0.0,119.03220000000002,119.032,983.9504000000001,0.0,0.0,0.0,0.0,0.0,0.0,0.0,0.0,0.0,0.0,0.0,0,0.0,0.0,0,0,0,0,0,0,0,0,0,0,0,0,1,0,1,0,0
2,241.923,24,CZ550,0.0,0.0,0.0,0.0,0.0,0.5228650057435152,0.0,0.262332046419828,0.0,119.032,119.033,983.962,0,1,0,0,0,0,0,0,0,0,0,0,0.0,0.0,0.0,0.0,0.0,0.0,0.0,0,0,0.0,0.0,0.0,0.0,0.0,119.03229999999999,119.032,983.9513999999999,0.0,0.0,0.0,0.0,0.0,0.0,0.0,0.0,0.0,0.0,0.0,0,0.0,0.0,0,0,0,0,0,0,0,0,0,0,0,0,1,0,1,0,0
2,242.922,24,CZ550,0.0,0.0,0.0,0.0,0.0,0.5228650057435152,0.0,0.2853666233117053,0.0,119.032,119.032,983.946,0,1,0,0,0,0,0,0,0,0,0,0,0.0,0.0,0.0,0.0,0.0,0.0,0.0,0,0,0.0,0.0,0.0,0.0,0.0,119.03229999999999,119.032,983.9513999999999,0.0,0.0,0.0,0.0,0.0,0.0,0.0,0.0,0.0,0.0,0.0,0,0.0,0.0,0,0,0,0,0,0,0,0,0,0,0,0,1,0,1,0,0
2,243.924,24,CZ550,0.0,0.0,0.0,0.0,0.0,0.5228650057435152,0.0,0.3062634266506319,0.0,119.032,119.032,983.954,0,1,0,0,0,0,0,0,0,0,0,0,0.0,0.0,0.0,0.0,0.0,0.0,0.0,0,0,0.0,0.0,0.0,0.0,0.0,119.03220000000002,119.032,983.9514999999999,0.0,0.0,0.0,0.0,0.0,0.0,0.0,0.0,0.0,0.0,0.0,0,0.0,0.0,0,0,0,0,0,0,0,0,0,0,0,0,1,0,1,0,0
2,244.929,24,CZ550,0.0,0.0,0.0,0.0,0.0,0.5228650057435152,0.0,0.32716022998955846,0.0,119.032,119.032,983.947,0,1,0,0,0,0,0,0,0,0,0,0,0.0,0.0,0.0,0.0,0.0,0.0,0.0,0,0,0.0,0.0,0.0,0.0,0.0,119.03219999999999,119.032,983.9501999999999,0.0,0.0,0.0,0.0,0.0,0.0,0.0,0.0,0.0,0.0,0.0,0,0.0,0.0,0,0,0,0,0,0,0,0,0,0,0,0,1,0,1,0,0
2,245.925,24,CZ550,0.0,0.0,0.0,0.0,0.0,0.5399677827129578,0.0,0.3488907473541252,0.0,119.032,119.032,983.949,0,1,0,0,0,0,0,0,0,0,0,0,0.0,0.0,0.0,0.0,0.0,0.0,0.0,0,0,0.0,0.0,0.0,0.0,0.0,119.03219999999999,119.032,983.9504999999999,0.0,0.0,0.0,0.0,0.0,0.0,0.0,0.0,0.0,0.0,0.0,0,0.0,0.0,0,0,0,0,0,0,0,0,0,0,0,0,1,0,1,0,0
2,246.931,24,CZ550,0.0,0.0,0.0,0.0,0.0,0.9999980691407275,0.0,0.3938185500530371,0.0,119.032,119.032,983.953,0,1,0,0,0,0,0,0,0,0,0,0,0.0,0.0,0.0,0.0,0.0,0.0,0.0,0,0,0.0,0.0,0.0,0.0,0.0,119.03210000000001,119.032,983.9504999999999,0.0,0.0,0.0,0.0,0.0,0.0,0.0,0.0,0.0,0.0,0.0,0,0.0,0.0,0,0,0,0,0,0,0,0,0,0,0,0,1,0,1,0,0
2,247.934,24,CZ550,0.0,0.0,0.0,0.0,0.0,0.0,0.0,0.39320727397367017,0.0,119.032,119.032,983.946,0,1,0,0,0,0,0,0,0,0,0,0,0.0,0.0,0.0,0.0,0.0,0.0,0.0,0,0,0.0,0.0,0.0,0.0,0.0,119.03209999999999,119.032,983.9505999999999,0.0,0.0,0.0,0.0,0.0,0.0,0.0,0.0,0.0,0.0,0.0,0,0.0,0.0,0,0,0,0,0,0,0,0,0,0,0,0,1,0,1,0,0
2,248.931,24,CZ550,0.0,0.0,0.0,0.0,0.0,0.0,0.0,0.38947305742156624,0.0,119.032,119.033,983.964,0,1,0,0,0,0,0,0,0,0,0,0,0.0,0.0,0.0,0.0,0.0,0.0,0.0,0,0,0.0,0.0,0.0,0.0,0.0,119.03219999999999,119.032,983.9518999999998,0.0,0.0,0.0,0.0,0.0,0.0,0.0,0.0,0.0,0.0,0.0,0,0.0,0.0,0,0,0,0,0,0,0,0,0,0,0,0,1,0,1,0,0
2,249.929,24,CZ550,0.0,0.0,0.0,0.0,0.0,0.0,0.0,0.38558160385289764,0.0,119.032,119.032,983.947,0,1,0,0,0,0,0,0,0,0,0,0,0.0,0.0,0.0,0.0,0.0,0.0,0.0,0,0,0.0,0.0,0.0,0.0,0.0,119.03220000000002,119.032,983.9518,0.0,0.0,0.0,0.0,0.0,0.0,0.0,0.0,0.0,0.0,0.0,0,0.0,0.0,0,0,0,0,0,0,0,0,0,0,0,0,1,0,1,0,0
2,250.935,25,CZ550,0.0,0.0,0.0,0.0,0.0,0.0,0.0,0.3795167673601504,0.0,119.032,119.032,983.954,0,1,0,0,0,0,0,0,0,0,0,0,0.0,0.0,0.0,0.0,0.0,0.0,0.0,0,0,0.0,0.0,0.0,0.0,0.0,119.03219999999999,119.032,983.9522000000001,0.0,0.0,0.0,0.0,0.0,0.0,0.0,0.0,0.0,0.0,0.0,0,0.0,0.0,0,0,0,0,0,0,0,0,0,0,0,0,1,0,1,0,0
2,251.934,25,CZ550,0.0,0.0,0.0,0.0,0.0,0.0,0.0,0.3721556744836862,0.0,119.032,119.032,983.948,0,1,0,0,0,0,0,0,0,0,0,0,0.0,0.0,0.0,0.0,0.0,0.0,0.0,0,0,0.0,0.0,0.0,0.0,0.0,119.03209999999999,119.032,983.9508,0.0,0.0,0.0,0.0,0.0,0.0,0.0,0.0,0.0,0.0,0.0,0,0.0,0.0,0,0,0,0,0,0,0,0,0,0,0,0,1,0,1,0,0
2,252.932,25,CZ550,0.0,0.0,0.0,0.0,0.0,0.0,0.0,0.36671915454602727,0.0,119.032,119.032,983.948,0,1,0,0,0,0,0,0,0,0,0,0,0.0,0.0,0.0,0.0,0.0,0.0,0.0,0,0,0.0,0.0,0.0,0.0,0.0,119.03210000000001,119.032,983.951,0.0,0.0,0.0,0.0,0.0,0.0,0.0,0.0,0.0,0.0,0.0,0,0.0,0.0,0,0,0,0,0,0,0,0,0,0,0,0,1,0,1,0,0
2,253.936,25,CZ550,0.0,0.0,0.0,0.0,0.0,0.0,0.0,0.36289477246567614,0.0,119.032,119.032,983.956,0,1,0,0,0,0,0,0,0,0,0,0,0.0,0.0,0.0,0.0,0.0,0.0,0.0,0,0,0.0,0.0,0.0,0.0,0.0,119.03209999999999,119.032,983.9512000000001,0.0,0.0,0.0,0.0,0.0,0.0,0.0,0.0,0.0,0.0,0.0,0,0.0,0.0,0,0,0,0,0,0,0,0,0,0,0,0,1,0,1,0,0
2,254.934,25,CZ550,0.0,0.0,0.0,0.0,0.0,0.0,0.0,0.35506438096028264,0.0,119.032,119.032,983.944,0,1,0,0,0,0,0,0,0,0,0,0,0.0,0.0,0.0,0.0,0.0,0.0,0.0,0,0,0.0,0.0,0.0,0.0,0.0,119.03209999999999,119.032,983.9509,0.0,0.0,0.0,0.0,0.0,0.0,0.0,0.0,0.0,0.0,0.0,0,0.0,0.0,0,0,0,0,0,0,0,0,0,0,0,0,1,0,1,0,0
2,255.936,25,CZ550,0.0,0.0,0.0,0.0,0.0,0.0,0.0,0.3341924485550624,0.0,119.032,119.033,983.964,0,1,0,0,0,0,0,0,0,0,0,0,0.0,0.0,0.0,0.0,0.0,0.0,0.0,0,0,0.0,0.0,0.0,0.0,0.0,119.03220000000002,119.032,983.9523999999999,0.0,0.0,0.0,0.0,0.0,0.0,0.0,0.0,0.0,0.0,0.0,0,0.0,0.0,0,0,0,0,0,0,0,0,0,0,0,0,1,0,1,0,0
2,256.969,25,CZ550,0.0,0.0,0.0,0.0,0.0,0.0,0.0,0.30210525310590824,0.0,119.032,119.032,983.949,0,1,0,0,0,0,0,0,0,0,0,0,0.0,0.0,0.0,0.0,0.0,0.0,0.0,0,0,0.0,0.0,0.0,0.0,0.0,119.03219999999999,119.032,983.952,0.0,0.0,0.0,0.0,0.0,0.0,0.0,0.0,0.0,0.0,0.0,0,0.0,0.0,0,0,0,0,0,0,0,0,0,0,0,0,1,0,1,0,0
2,257.966,25,CZ550,0.0,0.0,0.0,0.0,0.0,0.0,0.0,0.2692277193989687,0.0,119.032,119.032,983.952,0,1,0,0,0,0,0,0,0,0,0,0,0.0,0.0,0.0,0.0,0.0,0.0,0.0,0,0,0.0,0.0,0.0,0.0,0.0,119.03219999999999,119.032,983.9526,0.0,0.0,0.0,0.0,0.0,0.0,0.0,0.0,0.0,0.0,0.0,0,0.0,0.0,0,0,0,0,0,0,0,0,0,0,0,0,1,0,1,0,0
2,258.967,25,CZ550,0.0,0.0,0.0,0.0,0.0,0.0,0.0,0.2338978454081338,0.0,119.032,119.032,983.95,0,1,0,0,0,0,0,0,0,0,0,0,0.0,0.0,0.0,0.0,0.0,0.0,0.0,0,0,0.0,0.0,0.0,0.0,0.0,119.03210000000001,119.032,983.9512000000001,0.0,0.0,0.0,0.0,0.0,0.0,0.0,0.0,0.0,0.0,0.0,0,0.0,0.0,0,0,0,0,0,0,0,0,0,0,0,0,1,0,1,0,0
2,259.969,25,CZ550,0.0,0.0,0.0,0.0,0.0,0.0,0.0,0.2077145440285631,0.0,119.032,119.032,983.947,0,1,0,0,0,0,0,0,0,0,0,0,0.0,0.0,0.0,0.0,0.0,0.0,0.0,0,0,0.0,0.0,0.0,0.0,0.0,119.03209999999999,119.032,983.9512000000001,0.0,0.0,0.0,0.0,0.0,0.0,0.0,0.0,0.0,0.0,0.0,0,0.0,0.0,0,0,0,0,0,0,0,0,0,0,0,0,1,0,1,0,0
2,260.969,26,CZ550,0.0,0.0,0.0,0.0,0.0,0.0,0.0,0.1815712937413873,0.0,119.032,119.032,983.957,0,1,0,0,0,0,0,0,0,0,0,0,0.0,0.0,0.0,0.0,0.0,0.0,0.0,0,0,0.0,0.0,0.0,0.0,0.0,119.03209999999999,119.032,983.9515000000001,0.0,0.0,0.0,0.0,0.0,0.0,0.0,0.0,0.0,0.0,0.0,0,0.0,0.0,0,0,0,0,0,0,0,0,0,0,0,0,1,0,1,0,0
2,261.973,26,CZ550,0.0,0.0,0.0,0.0,0.0,0.0,0.0,0.15542804345421155,0.0,119.032,119.032,983.942,0,1,0,0,0,0,0,0,0,0,0,0,0.0,0.0,0.0,0.0,0.0,0.0,0.0,0,0,0.0,0.0,0.0,0.0,0.0,119.03210000000001,119.032,983.9509,0.0,0.0,0.0,0.0,0.0,0.0,0.0,0.0,0.0,0.0,0.0,0,0.0,0.0,0,0,0,0,0,0,0,0,0,0,0,0,1,0,1,0,0
2,262.975,26,CZ550,0.0,0.0,0.0,0.0,0.0,0.0,0.0,0.12928479316703578,0.0,119.032,119.033,983.962,0,1,0,0,0,0,0,0,0,0,0,0,0.0,0.0,0.0,0.0,0.0,0.0,0.0,0,0,0.0,0.0,0.0,0.0,0.0,119.03219999999999,119.032,983.9523000000002,0.0,0.0,0.0,0.0,0.0,0.0,0.0,0.0,0.0,0.0,0.0,0,0.0,0.0,0,0,0,0,0,0,0,0,0,0,0,0,1,0,1,0,0
2,263.975,26,CZ550,0.0,0.0,0.0,0.0,0.0,0.0,0.0,0.10314154287986002,0.0,119.032,119.032,983.953,0,1,0,0,0,0,0,0,0,0,0,0,0.0,0.0,0.0,0.0,0.0,0.0,0.0,0,0,0.0,0.0,0.0,0.0,0.0,119.03219999999999,119.032,983.952,0.0,0.0,0.0,0.0,0.0,0.0,0.0,0.0,0.0,0.0,0.0,0,0.0,0.0,0,0,0,0,0,0,0,0,0,0,0,0,1,0,1,0,0
2,264.98,26,CZ550,0.0,0.0,0.0,0.0,0.0,0.0,0.0,0.07699829259268427,0.0,119.032,119.032,983.95,0,1,0,0,0,0,0,0,0,0,0,0,0.0,0.0,0.0,0.0,0.0,0.0,0.0,0,0,0.0,0.0,0.0,0.0,0.0,119.03220000000002,119.032,983.9526,0.0,0.0,0.0,0.0,0.0,0.0,0.0,0.0,0.0,0.0,0.0,0,0.0,0.0,0,0,0,0,0,0,0,0,0,0,0,0,1,0,1,0,0
2,265.982,26,CZ550,0.42341889979787617,0.4225737522932896,0.6197428011493973,0.6197428011493973,0.27715740638723746,0.9999960664120986,0.19597988151249132,0.0999997067776413,0.0277157406387237,119.032,154.63,983.7,0,1,0,0,0,0,0,0,0,0,0,0,0.0,0.0,0.0,0.0,0.0,0.0,0.0,0,0,0.0,0.0,0.0,0.0,0.0,122.59189999999998,119.032,983.9262000000001,0.06197428011493968,0.19597988151249132,0.06197428011493968,0.0,0.0,0.0,0.0,0.0,0.0,0.0,0.0,0,0.0,0.0,0,0,0,0,0,0,0,0,0,0,0,0,1,0,1,0,0
2,266.977,26,CZ550,0.4494617310523935,0.02617369975328376,0.0857325903881265,0.5340102107612708,0.27013520273103764,0.9870936438859393,0.19483943926122502,0.09935448551490189,0.05472926091182746,119.032,159.54,983.544,0,1,0,0,0,0,0,0,0,0,0,0,0.0,0.0,0.0,0.0,0.0,0.0,0.0,0,0,0.0,0.0,0.0,0.0,0.0,126.64269999999999,119.032,983.8857,0.07054753915375234,0.19483943926122502,0.11537530119106676,0.0,0.0,0.0,0.0,0.0,0.0,0.0,0.0,0,0.0,0.0,0,0,0,0,0,0,0,0,0,0,0,0,1,0,1,0,0
2,267.983,26,CZ550,0.0,-0.44678104478369135,1.4812287469033456e-08,0.08573257557583903,0.27013520079687586,0.9870936438859393,0.19483943866530967,0.14870916770919887,0.08174278099151505,119.032,159.54,983.553,0,1,0,0,0,0,0,0,0,0,0,0,0.0,0.0,0.0,0.0,0.0,0.0,0.0,0,0,0.0,0.0,0.0,0.0,0.0,130.6935,119.032,983.8458,0.07054754063498107,0.19483943866530967,0.12394855874865067,0.0,0.0,0.0,0.0,0.0,0.0,0.0,0.0,0,0.0,0.0,0,0,0,0,0,0,0,0,0,0,0,0,1,0,1,0,0
2,268.978,26,CZ550,0.0,0.0,1.4976041400851914e-08,1.6375393181845846e-10,0.27013519884133125,0.9870936438859393,0.1948394380628063,0.19806384990349585,0.10875630087564818,119.032,159.54,983.541,0,1,0,0,0,0,0,0,0,0,0,0,0.0,0.0,0.0,0.0,0.0,0.0,0.0,0,0,0.0,0.0,0.0,0.0,0.0,134.74429999999998,119.032,983.8049000000001,0.07054754213258521,0.1948394380628063,0.12394855876502606,0.0,0.0,0.0,0.0,0.0,0.0,0.0,0.0,0,0.0,0.0,0,0,0,0,0,0,0,0,0,0,0,0,1,0,1,0,0
2,269.983,26,CZ550,0.0,0.0,1.4827026063530008e-08,1.490153373219063e-10,0.2701351969052448,0.9870936438859393,0.19483943746629795,0.2474185320977928,0.13576982056617265,154.63,159.54,983.557,0,1,0,0,0,0,0,0,0,0,0,0,0.0,0.0,0.0,0.0,0.0,0.0,0.0,0,0,0.0,0.0,0.0,0.0,0.0,138.7951,119.032,983.7659,0.07054754361528782,0.19483943746629795,0.12394855877992758,0.0,0.0,0.0,0.0,0.0,0.0,0.0,0.0,0,0.0,0.0,0,0,0,0,0,0,0,0,0,0,0,0,1,0,1,0,0
2,270.985,27,CZ550,0.0,0.0,1.4871418357133389e-08,4.4392293603380474e-11,0.03834077334817597,0.9870936438859393,0.19483943686800365,0.29677321429208975,0.13960389790099026,159.54,159.54,983.553,0,1,0,0,0,0,0,0,0,0,0,0,0.0,0.0,0.0,0.0,0.0,0.0,0.0,0,0,0.0,0.0,0.0,0.0,0.0,142.8459,119.032,983.7254999999999,0.07054754510242967,0.19483943686800365,0.12394855878436681,0.0,0.0,0.0,0.0,0.0,0.0,0.0,0.0,0,0.0,0.0,0,0,0,0,0,0,0,0,0,0,0,0,1,0,1,0,0
2,271.983,27,CZ550,0.0,0.0,1.493102324032831e-08,5.960488319492257e-11,6.933406056596371e-11,0.9870936438859393,0.19483943626731134,0.3461278964863867,0.13960389790792366,159.54,159.54,983.545,0,1,0,0,0,0,0,0,0,0,0,0,0.0,0.0,0.0,0.0,0.0,0.0,0.0,0,0,0.0,0.0,0.0,0.0,0.0,146.89669999999998,119.032,983.6858,0.07054754659553199,0.19483943626731134,0.12394855879032732,0.0,0.0,0.0,0.0,0.0,0.0,0.0,0.0,0,0.0,0.0,0,0,0,0,0,0,0,0,0,0,0,0,1,0,1,0,0
2,273.531,27,CZ550,0.0,0.0,9.626073122640605e-09,5.3049501176877064e-09,2.359870033167182e-09,0.9870936438859393,0.1948394358800433,0.3954825786806837,0.13960389814391067,159.54,159.54,983.549,0,1,0,0,0,0,0,0,0,0,0,0,0.0,0.0,0.0,0.0,0.0,0.0,0.0,0,0,0.0,0.0,0.0,0.0,0.0,150.9474,119.032,983.6445,0.0705475475581393,0.1948394358800433,0.12394855932082231,0.0,0.0,0.0,0.0,0.0,0.0,0.0,0.0,0,0.0,0.0,0,0,0,0,0,0,0,0,0,0,0,0,1,0,1,0,0
2,274.687,27,CZ550,0.0,0.0,1.2890277849349184e-08,3.2642047267085794e-09,2.2936649527504715e-09,0.9870936438859393,0.1948394353614525,0.4448372608749807,0.13960389837327716,159.54,159.54,983.544,0,1,0,0,0,0,0,0,0,0,0,0,0.0,0.0,0.0,0.0,0.0,0.0,0.0,0,0,0.0,0.0,0.0,0.0,0.0,154.9982,119.032,983.6036,0.07054754884716709,0.1948394353614525,0.12394855964724279,0.0,0.0,0.0,0.0,0.0,0.0,0.0,0.0,0,0.0,0.0,0,0,0,0,0,0,0,0,0,0,0,0,0,0,0,0,0
2,275.992,27,CZ550,0.0,0.0,1.1418514324787476e-08,1.4717635245617078e-09,2.2808275423215685e-09,0.9870936438859393,0.19483943490207248,0.4941919430692776,0.1396038986013599,159.54,159.54,983.551,0,1,0,0,0,0,0,0,0,0,0,0,0.0,0.0,0.0,0.0,0.0,0.0,0.0,0,0,0.0,0.0,0.0,0.0,0.0,159.04899999999998,154.63,983.5637,0.07054754998901852,0.19483943490207248,0.12394855979441914,0.0,0.0,0.0,0.0,0.0,0.0,0.0,0.0,0,0.0,0.0,0,0,0,0,0,0,0,0,0,0,0,0,0,0,0,0,0
2,276.995,27,CZ550,0.0,0.0,1.4856591419588892e-08,3.438077094801415e-09,2.2773827865986685e-09,0.9870936438859393,0.027111021204142164,0.5435466252635746,0.11188815819037443,159.54,159.54,983.543,0,1,0,0,0,0,0,0,0,0,0,0,0.0,0.0,0.0,0.0,0.0,0.0,0.0,0,0,0.0,0.0,0.0,0.0,0.0,159.54,159.54,983.548,0.00857327135973793,0.027111021204142164,0.06197428002328712,0.0,0.0,0.0,0.0,0.0,0.0,0.0,0.0,0,0.0,0.0,0,0,0,0,0,0,0,0,0,0,0,0,0,0,0,0,0
2,277.998,27,CZ550,0.0,0.0,1.4856591419588892e-08,0.0,2.259691743084511e-09,0.9870936438859393,1.8868787864227017e-09,0.5929013074578716,0.08487463814323985,159.54,159.54,983.552,0,1,0,0,0,0,0,0,0,0,0,0,0.0,0.0,0.0,0.0,0.0,0.0,0.0,0,0,0.0,0.0,0.0,0.0,0.0,159.54,159.54,983.5488000000001,1.380658442227429e-08,1.8868787864227017e-09,0.00857325894716005,0.0,0.0,0.0,0.0,0.0,0.0,0.0,0.0,0,0.0,0.0,0,0,0,0,0,0,0,0,0,0,0,0,0,0,0,0,0
2,278.994,27,CZ550,0.0,0.0,1.4961005214706483e-08,1.0441379511759128e-10,1.5874283009456658e-09,0.9870936438859393,1.8962489589716783e-09,0.6422559896521685,0.057861118222295095,159.54,159.54,983.557,0,1,0,0,0,0,0,0,0,0,0,0,0.0,0.0,0.0,0.0,0.0,0.0,0.0,0,0,0.0,0.0,0.0,0.0,0.0,159.54,159.54,983.5492,1.3821456196841594e-08,1.8962489589716783e-09,1.4000175260726458e-09,0.0,0.0,0.0,0.0,0.0,0.0,0.0,0.0,0,0.0,0.0,0,0,0,0,0,0,0,0,0,0,0,0,0,0,0,0,0
2,280.0,28,CZ550,0.0,0.0,1.4812287469033456e-08,1.4871774567302689e-10,1.5452432366545132e-09,0.9870936438859393,1.885849031478926e-09,0.6916106718464655,0.030847598492686295,159.54,159.54,983.543,0,1,0,0,0,0,0,0,0,0,0,0,0.0,0.0,0.0,0.0,0.0,0.0,0.0,0,0,0.0,0.0,0.0,0.0,0.0,159.54,159.54,983.5493999999999,1.3805080803659751e-08,1.885849031478926e-09,1.3985139074581027e-09,0.0,0.0,0.0,0.0,0.0,0.0,0.0,0.0,0,0.0,0.0,0,0,0,0,0,0,0,0,0,0,0,0,0,0,0,0,0
2,280.998,28,CZ550,0.0,0.0,1.493102324032831e-08,1.1873577129485521e-10,6.079655550252899e-11,0.9870936438859393,1.8923862605414615e-09,0.7409653540407625,0.0038340788082414736,159.54,159.54,983.551,0,1,0,0,0,0,0,0,0,0,0,0,0.0,0.0,0.0,0.0,0.0,0.0,0.0,0,0,0.0,0.0,0.0,0.0,0.0,159.54,159.54,983.5488000000001,1.381548052133958e-08,1.8923862605414615e-09,1.3954859508553975e-09,0.0,0.0,0.0,0.0,0.0,0.0,0.0,0.0,0,0.0,0.0,0,0,0,0,0,0,0,0,0,0,0,0,0,0,0,0,0
2,282.001,28,CZ550,0.0,0.0,1.4856591419588892e-08,7.44318207394196e-11,6.079655550252899e-11,0.9870936438859393,1.8914725902991458e-09,0.7903200362350594,1.4795035323004392e-09,159.54,159.54,983.543,0,1,0,0,0,0,0,0,0,0,0,0,0.0,0.0,0.0,0.0,0.0,0.0,0.0,0,0,0.0,0.0,0.0,0.0,0.0,159.54,159.54,983.5478,1.3813997827585128e-08,1.8914725902991458e-09,1.3984899035690014e-09,0.0,0.0,0.0,0.0,0.0,0.0,0.0,0.0,0,0.0,0.0,0,0,0,0,0,0,0,0,0,0,0,0,0,0,0,0,0
2,282.997,28,CZ550,0.0,0.0,1.4961005214706483e-08,1.0441379511759128e-10,6.687203223759477e-11,0.9870936438859393,1.8934626516145207e-09,0.8396747184293565,1.4792573294676022e-09,159.54,159.54,983.549,0,1,0,0,0,0,0,0,0,0,0,0,0.0,0.0,0.0,0.0,0.0,0.0,0.0,0,0,0.0,0.0,0.0,0.0,0.0,159.54,159.54,983.5482,1.3816996025022946e-08,1.8934626516145207e-09,1.4029707947612683e-09,0.0,0.0,0.0,0.0,0.0,0.0,0.0,0.0,0,0.0,0.0,0,0,0,0,0,0,0,0,0,0,0,0,0,0,0,0,0
2,284.003,28,CZ550,0.0,0.0,1.4812287469033456e-08,1.4871774567302689e-10,6.844605099384898e-11,0.9870936438859393,1.2020304681402886e-09,0.8890294006236534,1.250114931250269e-09,159.54,159.54,983.546,0,1,0,0,0,0,0,0,0,0,0,0,0.0,0.0,0.0,0.0,0.0,0.0,0.0,0,0,0.0,0.0,0.0,0.0,0.0,159.54,159.54,983.5478999999999,1.4335617459662229e-08,1.2020304681402886e-09,8.873475575598004e-10,0.0,0.0,0.0,0.0,0.0,0.0,0.0,0.0,0,0.0,0.0,0,0,0,0,0,0,0,0,0,0,0,0,0,0,0,0,0
2,285.171,28,CZ550,0.0,0.0,1.2757843487883269e-08,2.0544439811501873e-09,9.554484295380321e-10,0.9870936438859393,1.2203144157540432e-09,0.9383840828179503,1.116293278929025e-09,159.54,159.54,983.549,0,1,0,0,0,0,0,0,0,0,0,0,0.0,0.0,0.0,0.0,0.0,0.0,0.0,0,0,0.0,0.0,0.0,0.0,0.0,159.54,159.54,983.5484,1.432237402351564e-08,1.2203144157540432e-09,7.663714830039612e-10,0.0,0.0,0.0,0.0,0.0,0.0,0.0,0.0,0,0.0,0.0,0,0,0,0,0,0,0,0,0,0,0,0,0,0,0,0,0
2,287.668,28,CZ550,0.0,0.0,5.9676256282930145e-09,6.790217859590254e-09,3.858393950061872e-09,0.9870936438859393,2.8245099237297527e-09,0.9877387650122473,1.2740499197030554e-09,159.54,159.54,983.562,0,1,0,0,0,0,0,0,0,0,0,0,0.0,0.0,0.0,0.0,0.0,0.0,0.0,0,0,0.0,0.0,0.0,0.0,0.0,159.54,159.54,983.5495000000001,1.3777285153866193e-08,2.8245099237297527e-09,1.2982169165068157e-09,0.0,0.0,0.0,0.0,0.0,0.0,0.0,0.0,0,0.0,0.0,0,0,0,0,0,0,0,0,0,0,0,0,0,0,0,0,0
2,288.668,28,CZ550,0.0,0.0,1.4901161193847656e-08,8.933535565554641e-09,3.8647516415204065e-09,0.9999981510051281,2.8264367727034073e-09,0.9877388692418988,1.4327868051952292e-09,159.54,159.54,983.543,0,1,0,0,0,0,0,0,0,0,0,0,0.0,0.0,0.0,0.0,0.0,0.0,0.0,0,0,0.0,0.0,0.0,0.0,0.0,159.54,159.54,983.5495000000001,1.378174213129207e-08,2.8264367727034073e-09,1.8477627635821382e-09,0.0,0.0,0.0,0.0,0.0,0.0,0.0,0.0,0,0.0,0.0,0,0,0,0,0,0,0,0,0,0,0,0,0,0,0,0,0
2,289.667,28,CZ550,0.0,0.0,1.4916077271118776e-08,1.4916077271120093e-11,3.858169018055028e-09,0.0,2.829011700729256e-09,0.9383841870476018,1.5926345326922808e-09,159.54,159.54,983.552,0,1,0,0,0,0,0,0,0,0,0,0,0.0,0.0,0.0,0.0,0.0,0.0,0.0,0,0,0.0,0.0,0.0,0.0,0.0,159.54,159.54,983.5494999999999,1.3787690716445058e-08,2.829011700729256e-09,1.8492543713092503e-09,0.0,0.0,0.0,0.0,0.0,0.0,0.0,0.0,0,0.0,0.0,0,0,0,0,0,0,0,0,0,0,0,0,0,0,0,0,0
2,290.669,29,CZ550,0.0,0.0,1.4871418357133389e-08,4.465891398538766e-11,3.86645517346245e-09,0.0,2.825022338959478e-09,0.8890295048533048,1.8205372199439594e-09,159.54,159.54,983.544,0,1,0,0,0,0,0,0,0,0,0,0,0.0,0.0,0.0,0.0,0.0,0.0,0.0,0,0,0.0,0.0,0.0,0.0,0.0,159.54,159.54,983.5482,1.377873203068775e-08,2.825022338959478e-09,1.8432788831960299e-09,0.0,0.0,0.0,0.0,0.0,0.0,0.0,0.0,0,0.0,0.0,0,0,0,0,0,0,0,0,0,0,0,0,0,0,0,0,0
2,291.672,29,CZ550,0.0,0.0,1.4856591419588892e-08,1.482693754449704e-11,3.9886271367206174e-09,0.0,2.8268574752963684e-09,0.8396748226590078,2.06487560995057e-09,159.54,159.54,983.548,0,1,0,0,0,0,0,0,0,0,0,0,0.0,0.0,0.0,0.0,0.0,0.0,0.0,0,0,0.0,0.0,0.0,0.0,0.0,159.54,159.54,983.5487,1.3783162425743296e-08,2.8268574752963684e-09,1.829889802383177e-09,0.0,0.0,0.0,0.0,0.0,0.0,0.0,0.0,0,0.0,0.0,0,0,0,0,0,0,0,0,0,0,0,0,0,0,0,0,0
2,292.669,29,CZ550,0.0,0.0,1.4945999191421922e-08,8.940777183303037e-11,3.5572623975863505e-11,0.0,2.8275370345440515e-09,0.7903201404647109,2.0623532167979035e-09,159.54,159.54,983.55,0,1,0,0,0,0,0,0,0,0,0,0,0.0,0.0,0.0,0.0,0.0,0.0,0.0,0,0,0.0,0.0,0.0,0.0,0.0,159.54,159.54,983.5485999999999,1.3784660020852652e-08,2.8275370345440515e-09,1.8269570024369944e-09,0.0,0.0,0.0,0.0,0.0,0.0,0.0,0.0,0,0.0,0.0,0,0,0,0,0,0,0,0,0,0,0,0,0,0,0,0,0
2,293.672,29,CZ550,0.0,0.0,0.20055627852515787,0.20055626357915868,0.08969148775695268,0.0,0.06342145959723304,0.7409654582704139,0.00896915083196883,159.54,171.065,983.545,0,1,0,0,0,0,0,0,0,0,0,0,0.0,0.0,0.0,0.0,0.0,0.0,0.0,0,0,0.0,0.0,0.0,0.0,0.0,160.6925,159.54,983.5487999999999,0.020055640151516667,0.06342145959723304,0.020055628177429688,0.0,0.0,0.0,0.0,0.0,0.0,0.0,0.0,0,0.0,0.0,0,0,0,0,0,0,0,0,0,0,0,0,0,0,0,0,0
2,294.677,29,CZ550,1.385910667541239,1.3790155895932728,1.4011955253838984,1.2006392468587406,0.6104199219233976,0.9999989997695419,0.44058178739682097,0.7416107260645941,0.07001114301762137,97.1778,97.1778,707.535,0,1,0,0,0,0,0,0,0,0,0,0,0.0,0.0,0.0,0.0,0.0,0.0,0.0,0,0,0.0,0.0,0.0,0.0,0.0,154.45628,97.1778,955.9474,0.160175191193806,0.44058178739682097,0.14011955285286237,0.0,0.0,0.0,0.0,0.0,0.0,0.0,0.0,0,0.0,0.0,0,0,0,0,0,0,0,0,0,0,0,0,0,0,0,0,0
2,295.674,29,CZ550,1.4184750472656025,0.03266236682483806,0.023545626896723782,1.3776498984871746,0.607414140160088,0.8385002781662986,0.4396926847998263,0.734181057778612,0.13075255702678557,97.1778,98.6283,708.142,0,1,0,0,0,0,0,0,0,0,0,0,0.0,0.0,0.0,0.0,0.0,0.0,0.0,0,0,0.0,0.0,0.0,0.0,0.0,148.36511000000002,97.1778,928.4069999999999,0.16252975240224962,0.4396926847998263,0.2778845426867081,0.0,0.0,0.0,0.0,0.0,0.0,0.0,0.0,0,0.0,0.0,0,0,0,0,0,0,0,0,0,0,0,0,0,0,0,0,0
2,297.243,29,CZ550,0.0,-0.9040631276390073,1.34311180723053e-08,0.02354561346560571,0.6074141403507995,0.8385002781662986,0.4396926847721739,0.72675138949263,0.19149397096632068,97.1778,98.6283,708.142,0,1,0,0,0,0,0,0,0,0,0,0,0.0,0.0,0.0,0.0,0.0,0.0,0.0,0,0,0.0,0.0,0.0,0.0,0.0,142.27393999999998,97.1778,900.8662999999999,0.16252975246957707,0.4396926847721739,0.2802391038278242,0.0,0.0,0.0,0.0,0.0,0.0,0.0,0.0,0,0.0,0.0,0,0,0,0,0,0,0,0,0,0,0,0,0,0,0,0,0
2,298.25,29,CZ550,0.0,0.0,2.092693570550846e-08,7.49581763320316e-09,0.6074141395506206,0.8385002781662986,0.43969268415777185,0.719321721206648,0.25223538453554334,97.1778,98.6283,708.142,0,1,0,0,0,0,0,0,0,0,0,0,0.0,0.0,0.0,0.0,0.0,0.0,0.0,0,0,0.0,0.0,0.0,0.0,0.0,136.18277,97.1778,873.3243,0.1625297539655081,0.43969268415777185,0.2802391038983842,0.0,0.0,0.0,0.0,0.0,0.0,0.0,0.0,0,0.0,0.0,0,0,0,0,0,0,0,0,0,0,0,0,0,0,0,0,0
2,299.249,29,CZ550,0.0,0.0,2.1094518774221237e-08,1.6758306871277646e-10,0.6240844884907835,0.8385002781662986,0.43969268390340105,0.7118920529206659,0.3146438329981465,97.1778,98.6283,708.142,0,1,0,0,0,0,0,0,0,0,0,0,0.0,0.0,0.0,0.0,0.0,0.0,0.0,0,0,0.0,0.0,0.0,0.0,0.0,130.0916,97.1778,845.7842,0.16252975458484384,0.43969268390340105,0.28023910302178895,0.0,0.0,0.0,0.0,0.0,0.0,0.0,0.0,0,0.0,0.0,0,0,0,0,0,0,0,0,0,0,0,0,0,0,0,0,0
2,300.252,30,CZ550,0.7258338144722836,0.7236628259943008,2.1010393076218364e-08,8.412569800287299e-11,0.010529915913963904,0.8528718520219597,0.43969268365309805,0.7051809633274668,0.315696824203726,98.6283,98.6701,707.762,0,1,0,0,0,0,0,0,0,0,0,0,0.0,0.0,0.0,0.0,0.0,0.0,0.0,0,0,0.0,0.0,0.0,0.0,0.0,124.00461,97.1778,818.2052000000001,0.16252975519427543,0.43969268365309805,0.2802391030287099,0.0,0.0,0.0,0.0,0.0,0.0,0.0,0.0,0,0.0,0.0,0,0,0,0,0,0,0,0,0,0,0,0,0,0,0,0,0
2,301.254,30,CZ550,0.0,-0.7243850443835166,2.1031361532382254e-08,2.0968456163889883e-11,3.392503221539571e-09,0.8528718520219597,0.43969268340009965,0.698469873734268,0.3156968241563308,98.6283,98.6701,707.762,0,1,0,0,0,0,0,0,0,0,0,0,0.0,0.0,0.0,0.0,0.0,0.0,0.0,0,0,0.0,0.0,0.0,0.0,0.0,117.91761999999999,97.1778,790.6270000000001,0.16252975581026974,0.43969268340009965,0.28023910302634086,0.0,0.0,0.0,0.0,0.0,0.0,0.0,0.0,0,0.0,0.0,0,0,0,0,0,0,0,0,0,0,0,0,0,0,0,0,0
2,302.252,30,CZ550,0.0,0.0,2.1115655566580177e-08,8.42940341979233e-11,7.473528062811526e-11,0.8528718520219597,0.43969268314303017,0.691758784141069,0.3156968237649417,98.6283,98.6701,707.762,0,1,0,0,0,0,0,0,0,0,0,0,0.0,0.0,0.0,0.0,0.0,0.0,0.0,0,0,0.0,0.0,0.0,0.0,0.0,111.83063,97.1778,763.0483999999999,0.16252975643617615,0.43969268314303017,0.2802391030332876,0.0,0.0,0.0,0.0,0.0,0.0,0.0,0.0,0,0.0,0.0,0,0,0,0,0,0,0,0,0,0,0,0,0,0,0,0,0
2,303.256,30,CZ550,0.09960175498031133,0.09920493523935392,1.1923175455670652,1.1923175244514095,0.5332206071110801,0.8325969211848558,0.5407660990439852,0.6840339480060147,0.36901888447249237,32.8069,32.8069,3.43616,1,1,0,0,0,0,0,0,0,0,0,0,0.0,0.0,0.0,0.0,0.0,0.0,0.0,0,0,0.0,0.0,0.0,0.0,0.1,99.15732,32.8069,665.037016,0.28176150949828277,0.5407660990439852,0.3994708554694878,0.0,0.0,0.0,0.0,0.0,0.0,0.0,0.0,0,0.0,0.0,0,0,0,0,0,0,0,0,0,0,0,0,0,0,0,0,0
2,304.252,30,CZ550,0.9525010739273935,0.8563246174167491,0.4703980425463737,0.7219195030206915,0.5220083285979074,0.7737812888173796,0.5429916880046487,0.6733683302525868,0.4122505685565879,32.8069,72.696,2.29625,1,1,0,0,0,0,0,0,0,0,0,0,0.0,0.0,0.0,0.0,0.0,0.0,0.0,0,0,0.0,0.0,0.0,0.0,0.2,89.32042,32.8069,566.912141,0.30874568590040435,0.5429916880046487,0.45160717941364104,0.0,0.0,0.0,0.0,0.0,0.0,0.0,0.0,0,0.0,0.0,0,0,0,0,0,0,0,0,0,0,0,0,0,0,0,0,0
2,305.256,30,CZ550,0.31496855980690996,-0.6349925439447047,1.5331617030313351,1.0627636604849615,0.6983469534641834,0.6594091703318733,0.5732525314373735,0.6569841065748835,0.42104327171066647,32.8069,65.7026,1.74494,1,1,0,0,0,0,0,0,0,0,0,0,0.0,0.0,0.0,0.0,0.0,0.0,0.0,0,0,0.0,0.0,0.0,0.0,0.3,86.1729,32.8069,496.333135,0.321942303665148,0.5732525314373735,0.43781962077626313,0.0,0.0,0.0,0.0,0.0,0.0,0.0,0.0,0,0.0,0.0,0,0,0,0,0,0,0,0,0,0,0,0,0,0,0,0,0
2,306.259,30,CZ550,0.7049966082280755,0.3888614640290784,0.13556211144119257,1.3975995915901427,0.6693578293484341,0.5600153977812395,0.5678427416557668,0.6356301942696485,0.42723764062950104,32.8069,74.5337,1.75123,1,1,0,1,0,0,0,0,0,0,0,0,0.0,0.0,0.0,0.0,0.0,0.0,0.0,0,0,0.0,0.0,0.0,0.0,0.4,83.76343999999999,32.8069,425.6940579999999,0.33314395211959485,0.5678427416557668,0.43981459008655993,0.0,0.0,0.0,0.0,0.0,0.0,0.0,0.0,0,0.0,0.0,0,0,0,0,0,0,0,0,0,0,0,0,0,0,0,0,0
2,307.26,30,CZ550,1.2517467727783167,0.5462039605896516,0.16565758053938323,0.030095469098190664,0.6311422806531318,0.2919050982371989,0.5593975897821246,0.6008707669872115,0.4296104546597343,32.8069,36.3935,2.88365,1,1,0,0,0,0,0,0,0,0,0,0,0.0,0.0,0.0,0.0,0.0,0.0,0.0,0,0,0.0,0.0,0.0,0.0,0.5,77.53996,32.8069,355.168223,0.3497097088304214,0.5593975897821246,0.4404695756498184,0.0,0.0,0.0,0.0,0.0,0.0,0.0,0.0,0,0.0,0.0,0,0,0,0,0,0,0,0,0,0,0,0,0,0,0,0,0
2,308.259,30,CZ550,0.7078173427346642,-0.5444739039476001,0.14900780347425815,0.016649777065125076,0.5990967381749304,0.20515056060279657,0.5509683423210977,0.5617736128230544,0.4287787145221652,36.3935,38.0834,4.68483,1,1,0,0,0,0,0,0,0,0,0,0,0.0,0.0,0.0,0.0,0.0,0.0,0.0,0,0,0.0,0.0,0.0,0.0,0.6,71.48546999999999,32.8069,284.82250600000003,0.36461048708515365,0.5509683423210977,0.44213455260674916,0.0,0.0,0.0,0.0,0.0,0.0,0.0,0.0,0,0.0,0.0,0,0,0,0,0,0,0,0,0,0,0,0,0,0,0,0,0
2,309.262,30,CZ550,1.4516677167612877,0.7416254975340215,0.72982007870688,0.5808122752326219,0.6080592249323159,0.3213925584917613,0.5456157123851297,0.5278433331973861,0.42717618816631847,12.7812,12.7812,8.84237,1,1,0,0,0,0,0,0,0,0,0,0,0.0,0.0,0.0,0.0,0.0,0.0,0.0,0,0,0.0,0.0,0.0,0.0,0.7,62.900760000000005,12.7812,214.892543,0.43759249284638974,0.5456157123851297,0.5002157801132532,0.0,0.0,0.0,0.0,0.0,0.0,0.0,0.0,0,0.0,0.0,0,0,0,0,0,0,0,0,0,0,0,0,0,0,0,0,0
2,310.262,31,CZ550,3.4670047739362153,2.0153370571749276,0.40417271180306014,0.3256473669038199,0.2559614184317012,0.44899304356220493,0.5241461526852752,0.5502929853754963,0.45171933841809225,8.39164,8.39164,12.4786,1,1,0,0,0,0,0,0,0,0,0,0,0.0,0.0,0.0,0.0,0.0,0.0,0.0,0,0,0.0,0.0,0.0,0.0,0.8,53.872914,8.39164,145.364203,0.4780097619256565,0.5241461526852752,0.5327805167952225,0.0,0.0,0.0,0.0,0.0,0.0,0.0,0.0,0,0.0,0.0,0,0,0,0,0,0,0,0,0,0,0,0,0,0,0,0,0
2,311.572,31,CZ550,1.4663708074197046,-1.5272015011576419,0.6743987389213757,0.27022602711831556,0.27339450216207606,0.5162955549031638,0.4985709198632301,0.5761077631206545,0.47905878829504955,8.39164,21.6704,15.6765,1,1,0,0,0,0,0,0,0,0,0,0,0.0,0.0,0.0,0.0,0.0,0.0,0.0,0,0,0.0,0.0,0.0,0.0,0.9,46.172944,8.39164,76.155653,0.5454496337146579,0.4985709198632301,0.5598031195049572,0.0,0.0,0.0,0.0,0.0,0.0,0.0,0.0,0,0.0,0.0,0,0,0,0,0,0,0,0,0,0,0,0,0,0,0,0,0
2,312.748,31,CZ550,1.6044438310910687,0.11740903373415315,0.4094129159146144,0.2649858230067613,0.2346640174214896,0.5720385377447748,0.4644453652909322,0.6047096900078932,0.502525190029725,6.69779,6.69779,14.7968,1,1,0,0,0,0,0,0,0,0,0,0,0.0,0.0,0.0,0.0,0.0,0.0,0.0,0,0,0.0,0.0,0.0,0.0,1.0,36.975713,6.69779,6.859133,0.5863909231945538,0.4644453652909322,0.586301701797204,0.0,0.0,0.0,0.0,0.0,0.0,0.0,0.0,0,0.0,0.0,0,0,0,0,0,0,0,0,0,0,0,0,0,0,0,0,0
2,313.751,31,CZ550,0.8917639863051016,-0.710548200185411,0.01488133477837873,0.39453158113623565,0.2835797148057898,0.5937397376085742,0.44249620349485885,0.6343966768883219,0.47756110079919595,6.69779,9.33362,8.66362,1,1,0,0,0,0,0,0,0,0,0,0,0.0,0.0,0.0,0.0,0.0,0.0,0.0,0,0,0.0,0.0,0.0,0.0,1.0,34.628384999999994,6.69779,7.3818790000000005,0.46864730211568506,0.44249620349485885,0.5065231074656864,0.0,0.0,0.0,0.0,0.0,0.0,0.0,0.0,0,0.0,0.0,0,0,0,0,0,0,0,0,0,0,0,0,0,0,0,0,0
2,314.748,31,CZ550,1.4184909330035693,0.5283118823455043,1.3051189622351442,1.2902376274567655,0.4775954253318397,0.4740463500880973,0.5155613857922916,0.6580989943927268,0.4731198104725892,6.69779,85.9758,987.102,0,1,0,0,0,0,0,0,0,0,0,0,0.0,0.0,0.0,0.0,0.0,0.0,0.0,0,0,0.0,0.0,0.0,0.0,0.9,35.956365000000005,6.69779,105.862454,0.5521193940845621,0.5155613857922916,0.5633549199092939,0.0,0.0,0.0,0.0,0.0,0.0,0.0,0.0,0,0.0,0.0,0,0,0,0,0,0,0,0,0,0,0,0,0,0,0,0,0
2,315.754,31,CZ550,2.8290969581100014,1.4021928678990379,0.02978397061870544,1.2753349916164387,0.5344152918428707,0.28982059656075915,0.4050524938151487,0.6225900742322876,0.4567266443104579,6.69779,87.7741,984.583,0,1,0,0,0,0,0,0,0,0,0,0,0.0,0.0,0.0,0.0,0.0,0.0,0.0,0,0,0.0,0.0,0.0,0.0,0.8,38.163515000000004,6.69779,204.14625999999998,0.40178162084329927,0.4050524938151487,0.5846120530224417,0.0,0.0,0.0,0.0,0.0,0.0,0.0,0.0,0,0.0,0.0,0,0,0,0,0,0,0,0,0,0,0,0,0,0,0,0,0
2,316.75,31,CZ550,1.9312670910144127,-0.9014356095337236,0.3998490579840217,0.3700650873653163,0.5243200632464506,0.2479907261301943,0.39422974876677813,0.5930645966304825,0.4422228677002595,6.69779,40.6222,4.80247,1,1,0,0,0,0,0,0,0,0,0,0,0.0,0.0,0.0,0.0,0.0,0.0,0.0,0,0,0.0,0.0,0.0,0.0,0.8,34.772365,6.69779,204.45138400000002,0.42821031549758215,0.39422974876677813,0.481858602599959,0.0,0.0,0.0,0.0,0.0,0.0,0.0,0.0,0,0.0,0.0,0,0,0,0,0,0,0,0,0,0,0,0,0,0,0,0,0
2,317.75,31,CZ550,1.1045361397894018,-0.826730951225011,0.8180319223703876,0.41818286438636587,0.5511167241747402,0.2462268712901243,0.3998918703401618,0.5634509262866738,0.43422031205242034,9.33362,23.1064,6.93887,1,1,0,0,0,0,0,0,0,0,0,0,0.0,0.0,0.0,0.0,0.0,0.0,0.0,0,0,0.0,0.0,0.0,0.0,0.8,33.443655,6.69779,204.85690599999998,0.4934477496806826,0.3998918703401618,0.5206673421287765,0.0,0.0,0.0,0.0,0.0,0.0,0.0,0.0,0,0.0,0.0,0,0,0,0,0,0,0,0,0,0,0,0,0,0,0,0,0
2,318.753,31,CZ550,1.2689902981558572,0.1639622715518,0.48378833068998733,0.33424359168040024,0.4804099905571322,0.20854507345754777,0.3814399908198236,0.5319531660512362,0.4223516372906405,18.0624,18.0624,6.4674,1,1,0,0,0,0,0,0,0,0,0,0,0.0,0.0,0.0,0.0,0.0,0.0,0.0,0,0,0.0,0.0,0.0,0.0,0.8,31.441555,6.69779,205.035163,0.5269258024022555,0.3814399908198236,0.5524267235903041,0.0,0.0,0.0,0.0,0.0,0.0,0.0,0.0,0,0.0,0.0,0,0,0,0,0,0,0,0,0,0,0,0,0,0,0,0,0
2,319.754,31,CZ550,0.9210372746361873,-0.3476054181015683,0.23179096288974851,0.25199736780023885,0.2944720643493622,0.2135061085020042,0.3845059435296128,0.5007034575680215,0.3909929212323452,18.0624,21.8069,8.46022,1,1,0,0,0,0,0,0,0,0,0,0,0.0,0.0,0.0,0.0,0.0,0.0,0.0,0,0,0.0,0.0,0.0,0.0,0.8,32.344125,6.69779,204.99694799999997,0.4771228908205424,0.3845059435296128,0.5195452328470658,0.0,0.0,0.0,0.0,0.0,0.0,0.0,0.0,0,0.0,0.0,0,0,0,0,0,0,0,0,0,0,0,0,0,0,0,0,0
2,320.758,32,CZ550,1.9568620876571898,1.0316980209372533,0.16669646854555248,0.06509449434419604,0.25616876205239864,0.14999413935351208,0.396653602572401,0.46555957193459907,0.3910136555944149,18.0624,22.8701,6.06293,1,1,0,0,0,0,0,0,0,0,0,0,0.0,0.0,0.0,0.0,0.0,0.0,0.0,0,0,0.0,0.0,0.0,0.0,0.8,33.791971000000004,6.69779,204.355381,0.4533752664947916,0.396653602572401,0.4934899455911033,0.0,0.0,0.0,0.0,0.0,0.0,0.0,0.0,0,0.0,0.0,0,0,0,0,0,0,0,0,0,0,0,0,0,0,0,0,0
2,321.874,32,CZ550,0.0,-1.7534606520225713,0.0,0.16669646854555248,0.31879966030436013,0.14999413935351208,0.411936229544604,0.43041568630117666,0.39555417140864335,18.0624,22.496,6.0055,1,1,0,0,0,0,0,0,0,0,0,0,0.0,0.0,0.0,0.0,0.0,0.0,0.0,0,0,0.0,0.0,0.0,0.0,0.8,33.874531000000005,6.69779,203.38828099999998,0.38593539260265397,0.411936229544604,0.483136989733827,0.0,0.0,0.0,0.0,0.0,0.0,0.0,0.0,0,0.0,0.0,0,0,0,0,0,0,0,0,0,0,0,0,0,0,0,0,0
2,322.875,32,CZ550,0.0,0.0,0.0,0.0,0.199927366766013,0.14999413935351208,0.42932196601068945,0.3952718006677543,0.39208050634309566,18.0624,26.7456,5.70449,1,1,0,0,0,0,0,0,0,0,0,0,0.0,0.0,0.0,0.0,0.0,0.0,0.0,0,0,0.0,0.0,0.0,0.0,0.8,35.879312000000006,9.33362,202.47905,0.34499410101119254,0.42932196601068945,0.45663840743315093,0.0,0.0,0.0,0.0,0.0,0.0,0.0,0.0,0,0.0,0.0,0,0,0,0,0,0,0,0,0,0,0,0,0,0,0,0,0
2,323.876,32,CZ550,0.22338395067938996,0.22316078988950047,0.0062153136760100345,0.0062153136760100345,0.110449684072522,0.14357210282665767,0.430070442914723,0.3608205597498444,0.37476750326976893,21.8069,28.6015,5.45237,1,1,0,0,0,0,0,0,0,0,0,0,0.0,0.0,0.0,0.0,0.0,0.0,0.0,0,0,0.0,0.0,0.0,0.0,0.8,37.8061,18.0624,202.157925,0.3441274989009556,0.430070442914723,0.4178067806871284,0.0,0.0,0.0,0.0,0.0,0.0,0.0,0.0,0,0.0,0.0,0,0,0,0,0,0,0,0,0,0,0,0,0,0,0,0,0
2,324.877,32,CZ550,1.921618640595436,1.696538151764282,0.24537247205792986,0.23915715838191984,0.11515386371919793,0.10240100504343487,0.2663721234165725,0.32725154556114716,0.33852334710850474,22.496,58.2961,4.64291,1,1,0,0,0,0,0,0,0,0,0,0,0.0,0.0,0.0,0.0,0.0,0.0,0.0,0,0,0.0,0.0,0.0,0.0,0.9,35.03813,18.0624,103.912016,0.2381528498832343,0.2663721234165725,0.31269873377964374,0.0,0.0,0.0,0.0,0.0,0.0,0.0,0.0,0,0.0,0.0,0,0,0,0,0,0,0,0,0,0,0,0,0,0,0,0,0
2,325.88,32,CZ550,3.296184895932253,1.3704548906648226,1.5345006039146372,1.2891281318567074,0.6665050705836391,0.17933630266196493,0.4771756802135813,0.30324790217765174,0.35173232498258156,15.6758,15.6758,5.88356,1,1,0,0,0,0,0,0,0,0,0,0,0.0,0.0,0.0,0.0,0.0,0.0,0.0,0,0,0.0,0.0,0.0,0.0,1.0,27.828300000000002,15.6758,6.042071999999999,0.3886245132128274,0.4771756802135813,0.31407804780367066,0.0,0.0,0.0,0.0,0.0,0.0,0.0,0.0,0,0.0,0.0,0,0,0,0,0,0,0,0,0,0,0,0,0,0,0,0,0
2,326.878,32,CZ550,0.4481114553211674,-2.8537810026163184,1.593896988184305,0.05939638426966787,0.8170963470810032,0.21330587484407945,0.6109419294683541,0.28591242603079375,0.3810099533660368,15.6758,21.3174,712.036,0,1,0,0,0,0,0,0,0,0,0,0,0.0,0.0,0.0,0.0,0.0,0.0,0.0,0,0,0.0,0.0,0.0,0.0,0.9,25.897820000000003,15.6758,76.765425,0.5080293062328558,0.6109419294683541,0.28301117749410587,0.0,0.0,0.0,0.0,0.0,0.0,0.0,0.0,0,0.0,0.0,0,0,0,0,0,0,0,0,0,0,0,0,0,0,0,0,0
2,327.882,32,CZ550,3.0292813110675527,2.5708863105043678,1.4295016473589968,0.16439534082530827,0.7701765809263443,0.17519615845155226,0.6728769494271306,0.2800769790415114,0.4029159390411972,15.6758,40.2837,5.35759,1,1,0,0,0,0,0,0,0,0,0,0,0.0,0.0,0.0,0.0,0.0,0.0,0.0,0,0,0.0,0.0,0.0,0.0,0.9,27.615550000000002,15.6758,76.60729699999999,0.5691762787317167,0.6728769494271306,0.2576324251380001,0.0,0.0,0.0,0.0,0.0,0.0,0.0,0.0,0,0.0,0.0,0,0,0,0,0,0,0,0,0,0,0,0,0,0,0,0,0
2,328.883,32,CZ550,3.235591890332927,0.20610447479058355,1.4815263309104802,0.052024683551483486,0.568784955973509,0.13354052418654846,0.7303282295550153,0.276496477220699,0.4117534355828349,15.6758,20.4994,5.19972,1,1,0,0,0,0,0,0,0,0,0,0,0.0,0.0,0.0,0.0,0.0,0.0,0.0,0,0,0.0,0.0,0.0,0.0,0.9,27.859249999999996,15.6758,76.480529,0.668950078753766,0.7303282295550153,0.22941053432510836,0.0,0.0,0.0,0.0,0.0,0.0,0.0,0.0,0,0.0,0.0,0,0,0,0,0,0,0,0,0,0,0,0,0,0,0,0,0
2,329.882,32,CZ550,0.7818093376620077,-2.4562387914623813,0.07528570361947319,1.406240627291007,0.6444618075695201,0.10813135957374712,0.7423157320220826,0.2658334172747983,0.4467524099048507,15.6758,28.4277,5.46302,1,1,0,0,0,0,0,0,0,0,0,0,0.0,0.0,0.0,0.0,0.0,0.0,0.0,0,0,0.0,0.0,0.0,0.0,0.9,28.52133,15.6758,76.18080899999998,0.6532995528267385,0.7423157320220826,0.3448348602741852,0.0,0.0,0.0,0.0,0.0,0.0,0.0,0.0,0,0.0,0.0,0,0,0,0,0,0,0,0,0,0,0,0,0,0,0,0,0
2,330.888,33,CZ550,0.4970209717591226,-0.2830898269412377,6.363631766539307e-06,0.07527933998770665,0.8045018893650598,0.10287507087198902,0.7561984369474781,0.2485275186402875,0.5015857226361169,20.4994,25.4738,5.14354,1,1,0,0,0,0,0,0,0,0,0,0,0.0,0.0,0.0,0.0,0.0,0.0,0.0,0,0,0.0,0.0,0.0,0.0,0.9,28.7817,15.6758,76.08886999999999,0.6366305423353599,0.7561984369474781,0.34585334483853625,0.0,0.0,0.0,0.0,0.0,0.0,0.0,0.0,0,0.0,0.0,0,0,0,0,0,0,0,0,0,0,0,0,0,0,0,0,0
2,331.884,33,CZ550,0.10040169126538966,-0.398212129009772,0.0,6.363631766539307e-06,0.7842897556607125,0.15112921368747614,0.7561984369474781,0.2302692015795031,0.548134732171752,20.4994,25.8064,5.16663,1,1,0,0,0,0,0,0,0,0,0,0,0.0,0.0,0.0,0.0,0.0,0.0,0.0,0,0,0.0,0.0,0.0,0.0,0.9,29.112740000000002,15.6758,76.004983,0.6366305423353599,0.7561984369474781,0.3291843343471577,0.0,0.0,0.0,0.0,0.0,0.0,0.0,0.0,0,0.0,0.0,0,0,0,0,0,0,0,0,0,0,0,0,0,0,0,0,0
2,332.887,33,FAL,2.2137248089421404,2.107002111342723,0.22250427419122443,0.22250427419122443,0.6357866237887058,0.18396788879312817,0.738450027475396,0.21086566913192079,0.5917206578740213,20.4994,34.4857,3.17675,1,1,0,0,0,0,0,0,0,0,0,0,0.0,0.0,0.0,0.0,0.0,0.0,0.0,0,0,0.0,0.0,0.0,0.0,0.9,29.88675,15.6758,75.752209,0.6588809697544823,0.738450027475396,0.35143476176628013,0.0,0.0,0.0,0.0,0.0,0.0,0.0,0.0,0,0.0,0.0,0,0,0,0,0,0,0,0,0,0,0,0,0,0,0,0,0
2,333.887,33,FAL,1.4035768536489386,-0.8101479552932018,0.3309959382056415,0.10849166401441707,0.14633732791307938,0.1811349344822892,0.7132682117929003,0.19023542897560652,0.595309422258077,25.4738,39.211,3.23744,1,1,0,0,0,0,0,0,0,0,0,0,0.0,0.0,0.0,0.0,0.0,0.0,0.0,0,0,0.0,0.0,0.0,0.0,0.9,30.947700000000005,15.6758,75.530716,0.6913590322074454,0.7132682117929003,0.3616623968001208,0.0,0.0,0.0,0.0,0.0,0.0,0.0,0.0,0,0.0,0.0,0,0,0,0,0,0,0,0,0,0,0,0,0,0,0,0,0
2,334.892,33,FAL,2.558201338376542,1.148880084306073,1.024317556744976,0.6933216185393345,0.4214223301647448,0.19952534290200932,0.7015891247985673,0.17650937861630212,0.6259362689026318,25.4738,48.7987,986.739,0,1,0,0,0,0,0,0,0,0,0,0,0.0,0.0,0.0,0.0,0.0,0.0,0.0,0,0,0.0,0.0,0.0,0.0,0.8,29.99796,15.6758,173.74032499999998,0.76925354067615,0.7015891247985673,0.40707884281586226,0.0,0.0,0.0,0.0,0.0,0.0,0.0,0.0,0,0.0,0.0,0,0,0,0,0,0,0,0,0,0,0,0,0,0,0,0,0
2,335.888,33,FAL,3.1749841338997884,0.6192598348626973,2.077064285591959,1.052746728846983,0.8442239631573774,0.2260850314036209,0.783537139598739,0.1733226003584452,0.6437081581600056,25.8064,54.6089,2.42987,1,1,0,0,0,0,0,0,0,0,0,0,0.0,0.0,0.0,0.0,0.0,0.0,0.0,0,0,0.0,0.0,0.0,0.0,0.8,33.891270000000006,20.4994,173.394956,0.8235099088438822,0.783537139598739,0.3834407025148899,0.0,0.0,0.0,0.0,0.0,0.0,0.0,0.0,0,0.0,0.0,0,0,0,0,0,0,0,0,0,0,0,0,0,0,0,0,0
2,336.888,33,FAL,1.6278881966838346,-1.5470959372159538,1.3875278313995136,0.6895364541924454,0.768528294474717,0.2156288127003977,0.7634523330996189,0.17170450468695536,0.6388513528993769,34.4857,37.6479,2.61979,1,1,0,0,0,0,0,0,0,0,0,0,0.0,0.0,0.0,0.0,0.0,0.0,0.0,0,0,0.0,0.0,0.0,0.0,0.9,35.52432,20.4994,102.453335,0.8028729931654031,0.7634523330996189,0.44645470950716754,0.0,0.0,0.0,0.0,0.0,0.0,0.0,0.0,0,0.0,0.0,0,0,0,0,0,0,0,0,0,0,0,0,0,0,0,0,0
2,337.89,33,FAL,2.2954107399102264,0.6661901629005906,0.5241354261452237,0.86339240525429,0.7002102039999616,0.13641306458790847,0.7339995114892127,0.1662138143518446,0.6318547152067386,37.6479,43.1446,3.17061,1,1,0,0,0,0,0,0,0,0,0,0,0.0,0.0,0.0,0.0,0.0,0.0,0.0,0,0,0.0,0.0,0.0,0.0,0.9,35.810410000000005,20.4994,102.234637,0.7123363710440258,0.7339995114892127,0.5163544159500657,0.0,0.0,0.0,0.0,0.0,0.0,0.0,0.0,0,0.0,0.0,0,0,0,0,0,0,0,0,0,0,0,0,0,0,0,0,0
2,338.894,33,FAL,1.803866904887075,-0.48958549305094756,0.6437198509166356,0.11958442477141196,0.6280826450663967,0.15033864635853664,0.6824515130095076,0.163303492996894,0.6377844841160274,37.6479,51.8269,2.28381,1,1,0,0,0,0,0,0,0,0,0,0,0.0,0.0,0.0,0.0,0.0,0.0,0.0,0,0,0.0,0.0,0.0,0.0,0.9,38.94316,25.4738,101.94304600000001,0.6285557230446412,0.6824515130095076,0.5231103900720586,0.0,0.0,0.0,0.0,0.0,0.0,0.0,0.0,0,0.0,0.0,0,0,0,0,0,0,0,0,0,0,0,0,0,0,0,0,0
2,339.892,33,FAL,0.0,-1.8074818686243237,2.1115655566580177e-08,0.6437198298009801,0.8118819048872314,0.1568151288968284,0.6896108702348337,0.16046894401663525,0.6545264938477986,37.6479,51.861,2.28119,1,1,0,0,0,0,0,0,0,0,0,0,0.0,0.0,0.0,0.0,0.0,0.0,0.0,0,0,0.0,0.0,0.0,0.0,0.9,41.28649,25.4738,101.624863,0.6210271547942596,0.6896108702348337,0.4468583103230559,0.0,0.0,0.0,0.0,0.0,0.0,0.0,0.0,0,0.0,0.0,0,0,0,0,0,0,0,0,0,0,0,0,0,0,0,0,0
2,340.893,34,FAL,0.0,0.0,2.1052371883563455e-08,6.32836830167228e-11,0.5719112835503168,0.12735264980541813,0.6896115048745404,0.15933686953923057,0.6312674332663243,37.6479,51.8266,2.28961,1,1,0,0,0,0,0,0,0,0,0,0,0.0,0.0,0.0,0.0,0.0,0.0,0.0,0,0,0.0,0.0,0.0,0.0,0.9,43.92177,25.8064,101.33947,0.6210265205363201,0.6896115048745404,0.4393303763306136,0.0,0.0,0.0,0.0,0.0,0.0,0.0,0.0,0,0.0,0.0,0,0,0,0,0,0,0,0,0,0,0,0,0,0,0,0,0
2,341.897,34,FAL,0.0,0.0,2.098946638988747e-08,6.29054936759858e-11,0.3226127602361706,0.12735264980541813,0.6896115027743217,0.15820479506182586,0.58509973372387,43.1446,51.7323,2.2948,1,1,0,0,0,0,0,0,0,0,0,0,0.0,0.0,0.0,0.0,0.0,0.0,0.0,0,0,0.0,0.0,0.0,0.0,0.9,46.514359999999996,34.4857,101.052287,0.6210265226352668,0.6896115027743217,0.4393297399737276,0.0,0.0,0.0,0.0,0.0,0.0,0.0,0.0,0,0.0,0.0,0,0,0,0,0,0,0,0,0,0,0,0,0,0,0,0,0
2,342.897,34,FAL,0.0,0.0,2.1073424255447017e-08,8.395786555954849e-11,0.2878802596058243,0.12735264980541813,0.7072622758605984,0.15707272058442115,0.550309097305582,51.7323,51.8594,2.28461,1,1,0,0,0,0,0,0,0,0,0,0,0.0,0.0,0.0,0.0,0.0,0.0,0.0,0,0,0.0,0.0,0.0,0.0,0.9,48.251729999999995,37.6479,100.963073,0.5987760973234868,0.7072622758605984,0.41707931256300085,0.0,0.0,0.0,0.0,0.0,0.0,0.0,0.0,0,0.0,0.0,0,0,0,0,0,0,0,0,0,0,0,0,0,0,0,0,0
2,343.898,34,FAL,0.0,0.0,2.1052371883563455e-08,2.105237188356269e-11,4.558857927657633e-11,0.12626537344152625,0.7286097940507327,0.15620738411516458,0.5356753645188328,51.7323,51.8,2.29049,1,1,0,0,0,0,0,0,0,0,0,0,0.0,0.0,0.0,0.0,0.0,0.0,0.0,0,0,0.0,0.0,0.0,0.0,0.9,49.51063,37.6479,100.868378,0.5656765056081599,0.7286097940507327,0.40623014616366443,0.0,0.0,0.0,0.0,0.0,0.0,0.0,0.0,0,0.0,0.0,0,0,0,0,0,0,0,0,0,0,0,0,0,0,0,0,0
2,344.899,34,FAL,0.0,0.0,2.1052371883563455e-08,0.0,3.181967447896579e-11,0.10378298109599789,0.7289692660705276,0.15627648291779273,0.49353313150554035,51.7323,51.9479,2.28227,1,1,0,0,0,0,0,0,0,0,0,0,0.0,0.0,0.0,0.0,0.0,0.0,0.0,0,0,0.0,0.0,0.0,0.0,1.0,49.82555,37.6479,2.4227049999999997,0.4632447520388993,0.7289692660705276,0.33689798430973095,0.0,0.0,0.0,0.0,0.0,0.0,0.0,0.0,0,0.0,0.0,0,0,0,0,0,0,0,0,0,0,0,0,0,0,0,0,0
2,345.897,34,FAL,0.0,0.0,2.1115655566580177e-08,6.32836830167228e-11,4.558857927657633e-11,0.20846476294686853,0.46682477272323714,0.15773290593203793,0.4091107351943615,51.7323,51.8643,2.28237,1,1,0,0,0,0,0,0,0,0,0,0,0.0,0.0,0.0,0.0,0.0,0.0,0.0,0,0,0.0,0.0,0.0,0.0,1.0,49.55109,37.6479,2.407955,0.255538325591269,0.46682477272323714,0.23162331143136097,0.0,0.0,0.0,0.0,0.0,0.0,0.0,0.0,0,0.0,0.0,0,0,0,0,0,0,0,0,0,0,0,0,0,0,0,0,0
2,346.901,34,FAL,0.0,0.0,2.098946638988747e-08,1.261891766927086e-10,4.558857927657633e-11,0.22917164931287626,0.24781367490864717,0.15852619465547776,0.33225790575144865,51.8,51.846,2.28263,1,1,0,0,0,0,0,0,0,0,0,0,0.0,0.0,0.0,0.0,0.0,0.0,0.0,0,0,0.0,0.0,0.0,0.0,1.0,50.9709,43.1446,2.374239,0.11678554455026427,0.24781367490864717,0.16266966602473537,0.0,0.0,0.0,0.0,0.0,0.0,0.0,0.0,0,0.0,0.0,0,0,0,0,0,0,0,0,0,0,0,0,0,0,0,0,0
2,347.905,34,sem_arma,0.0,0.0,2.098946638988747e-08,0.0,5.276621563063351e-11,0.1818158160406061,0.2035620837401594,0.15885717753493045,0.26223688535672907,51.8,51.8783,2.28667,1,1,0,0,0,0,0,0,0,0,0,0,0.0,0.0,0.0,0.0,0.0,0.0,0.0,0,0,0.0,0.0,0.0,0.0,1.0,51.844269999999995,51.7323,2.285845,0.06437200403468854,0.2035620837401594,0.07633042549930638,0.0,0.0,0.0,0.0,0.0,0.0,0.0,0.0,0,0.0,0.0,0,0,0,0,0,0,0,0,0,0,0,0,0,0,0,0,0
2,348.904,34,sem_arma,0.0,0.0,2.1094518774221237e-08,1.050523843337684e-10,5.8335912920744e-11,0.2020160528811623,4.955401648620571e-11,0.16228095396966113,0.19942862085592303,51.7034,51.7034,2.29665,1,1,0,0,0,0,0,0,0,0,0,0,0.0,0.0,0.0,0.0,0.0,0.0,0.0,0,0,0.0,0.0,0.0,0.0,1.0,51.831920000000004,51.7034,2.287129,2.105247685390922e-08,4.955401648620571e-11,0.06437198303267043,0.0,0.0,0.0,0.0,0.0,0.0,0.0,0.0,0,0.0,0.0,0,0,0,0,0,0,0,0,0,0,0,0,0,0,0,0,0
2,349.903,34,sem_arma,0.0,0.0,2.1094518774221237e-08,0.0,6.200199933391556e-11,0.2237109084139848,4.6941694042480265e-11,0.16805993141167302,0.11824043037340008,51.7034,51.8788,2.28449,1,1,0,0,0,0,0,0,0,0,0,0,0.0,0.0,0.0,0.0,0.0,0.0,0.0,0,0,0.0,0.0,0.0,0.0,1.0,51.8337,51.7034,2.2874589999999997,2.105036317467332e-08,4.6941694042480265e-11,5.257242140898097e-11,0.0,0.0,0.0,0.0,0.0,0.0,0.0,0.0,0,0.0,0.0,0,0,0,0,0,0,0,0,0,0,0,0,0,0,0,0,0
2,350.902,35,sem_arma,0.0,0.0,2.1094518774221237e-08,0.0,5.7539560619307896e-11,0.21485419706337186,4.898950685109738e-11,0.17365888772124216,0.06104930202412236,51.7034,51.7868,2.29091,1,1,0,0,0,0,0,0,0,0,0,0,0.0,0.0,0.0,0.0,0.0,0.0,0.0,0,0,0.0,0.0,0.0,0.0,1.0,51.829719999999995,51.7034,2.2875889999999997,2.1054577863739104e-08,4.898950685109738e-11,4.6244053107308694e-11,0.0,0.0,0.0,0.0,0.0,0.0,0.0,0.0,0,0.0,0.0,0,0,0,0,0,0,0,0,0,0,0,0,0,0,0,0,0
2,351.908,35,sem_arma,0.0,0.0,2.094773782847616e-08,1.4678094574507565e-10,7.05277325956057e-11,0.21331528786464485,5.637268010892908e-11,0.17676819143010059,0.02878802600755807,51.7034,51.9295,2.28357,1,1,0,0,0,0,0,0,0,0,0,0,0.0,0.0,0.0,0.0,0.0,0.0,0.0,0,0,0.0,0.0,0.0,0.0,1.0,51.84944,51.7034,2.286466,2.1050405007597968e-08,5.637268010892908e-11,5.4631598314217675e-11,0.0,0.0,0.0,0.0,0.0,0.0,0.0,0.0,0,0.0,0.0,0,0,0,0,0,0,0,0,0,0,0,0,0,0,0,0,0
2,352.909,35,sem_arma,0.0,0.0,2.1052371883563455e-08,1.0463405508729304e-10,6.360475798312023e-11,0.08578371145461322,5.5807781244727625e-11,0.17185898256317486,5.3336114730281185e-11,51.7034,51.8811,2.28213,1,1,0,0,0,0,0,0,0,0,0,0,0.0,0.0,0.0,0.0,0.0,0.0,0.0,0,0,0.0,0.0,0.0,0.0,1.0,51.851609999999994,51.7034,2.2862180000000003,2.1048299770409616e-08,5.5807781244727625e-11,5.669921726699213e-11,0.0,0.0,0.0,0.0,0.0,0.0,0.0,0.0,0,0.0,0.0,0,0,0,0,0,0,0,0,0,0,0,0,0,0,0,0,0
2,353.905,35,sem_arma,0.9256611321509634,0.929378646737915,0.040344304090888676,0.040344283038516796,0.018042511877797176,0.05818123303466923,0.012757982498251953,0.16571129749079386,0.0018042512365569745,51.7868,58.6481,2.78535,1,1,0,0,0,0,0,0,0,0,0,0,0.0,0.0,0.0,0.0,0.0,0.0,0.0,0,0,0.0,0.0,0.0,0.0,1.0,52.53642,51.7034,2.335704,0.004034449352151449,0.012757982498251953,0.00403442835844566,0.0,0.0,0.0,0.0,0.0,0.0,0.0,0.0,0,0.0,0.0,0,0,0,0,0,0,0,0,0,0,0,0,0,0,0,0,0
2,354.91,35,sem_arma,0.0,-0.9210558528865308,0.0,0.040344304090888676,0.018042514236238368,0.24622054692902712,0.012757983237958613,0.16804605769214476,0.0036085026569988438,51.7868,58.7162,2.7922,1,1,0,0,0,0,0,0,0,0,0,0,0.0,0.0,0.0,0.0,0.0,0.0,0.0,0,0,0.0,0.0,0.0,0.0,1.0,53.21325,51.7034,2.3866970000000003,0.004034447246914262,0.012757983237958613,0.008068858767534527,0.0,0.0,0.0,0.0,0.0,0.0,0.0,0.0,0,0.0,0.0,0,0,0,0,0,0,0,0,0,0,0,0,0,0,0,0,0
2,355.91,35,sem_arma,0.0,0.0,0.0,0.0,0.018042516594678024,0.6220857277353896,0.012757983979888407,0.1878460925087332,0.005412754311907788,51.8811,61.2147,2.68032,1,1,0,0,0,0,0,0,0,0,0,0,0.0,0.0,0.0,0.0,0.0,0.0,0.0,0,0,0.0,0.0,0.0,0.0,1.0,54.148289999999996,51.7034,2.426492,0.004034445135348704,0.012757983979888407,0.008068858761206159,0.0,0.0,0.0,0.0,0.0,0.0,0.0,0.0,0,0.0,0.0,0,0,0,0,0,0,0,0,0,0,0,0,0,0,0,0,0
2,356.911,35,sem_arma,0.0,0.0,0.0,0.0,0.018042518936705557,0.7311032950688803,0.01275798471738394,0.21361981662715732,0.007217006201019486,51.8811,59.1363,2.77817,1,1,0,0,0,0,0,0,0,0,0,0,0.0,0.0,0.0,0.0,0.0,0.0,0.0,0,0,0.0,0.0,0.0,0.0,1.0,54.87732,51.7034,2.476046,0.004034443036402066,0.01275798471738394,0.008068858748587242,0.0,0.0,0.0,0.0,0.0,0.0,0.0,0.0,0,0.0,0.0,0,0,0,0,0,0,0,0,0,0,0,0,0,0,0,0,0
2,357.91,35,sem_arma,0.5662538022770671,0.566820622899967,0.044525302634246755,0.044525302634246755,0.02328945801276581,0.6366089413493772,0.01791919717201479,0.23862961046523073,0.009545951997019445,52.7441,52.7441,2.45964,1,1,0,0,0,0,0,0,0,0,0,0,0.0,0.0,0.0,0.0,0.0,0.0,0.0,0,0,0.0,0.0,0.0,0.0,1.0,54.9639,51.7034,2.493343,0.008486971200880102,0.01791919717201479,0.012521389012011918,0.0,0.0,0.0,0.0,0.0,0.0,0.0,0.0,0,0.0,0.0,0,0,0,0,0,0,0,0,0,0,0,0,0,0,0,0,0
2,358.91,35,sem_arma,1.9849501616156786,1.4186963593386115,0.02152690941568766,0.022998393218559093,0.019832621235760683,0.472304251143665,0.01807868487124734,0.25472789070448715,0.011529214114761923,52.7441,55.9201,2.06928,1,1,0,0,0,0,0,0,0,0,0,0,0.0,0.0,0.0,0.0,0.0,0.0,0.0,0,0,0.0,0.0,0.0,0.0,1.0,55.385569999999994,51.7868,2.470606,0.010639660032996991,0.01807868487124734,0.014821228323362589,0.0,0.0,0.0,0.0,0.0,0.0,0.0,0.0,0,0.0,0.0,0,0,0,0,0,0,0,0,0,0,0,0,0,0,0,0,0
2,359.915,35,sem_arma,0.0,-1.9750747876772923,0.0,0.02152690941568766,0.019832621235760683,0.472304251143665,0.018078686250638822,0.27050234681682894,0.01351247623213779,52.7441,55.9658,2.06886,1,1,0,0,0,0,0,0,0,0,0,0,0.0,0.0,0.0,0.0,0.0,0.0,0.0,0,0,0.0,0.0,0.0,0.0,1.0,55.794270000000004,51.7868,2.449043,0.010639657923545114,0.018078686250638822,0.01697391926493135,0.0,0.0,0.0,0.0,0.0,0.0,0.0,0.0,0,0.0,0.0,0,0,0,0,0,0,0,0,0,0,0,0,0,0,0,0,0
2,360.916,36,sem_arma,2.3171659881856526,2.314851137048604,0.14960127847333207,0.14960127847333207,0.06230001470614637,0.6331791989318243,0.047023193523076726,0.29579367427314934,0.019742477696998474,52.7441,100.955,2.60557,1,1,0,0,0,0,0,0,0,0,0,0,0.0,0.0,0.0,0.0,0.0,0.0,0.0,0,0,0.0,0.0,0.0,0.0,1.0,60.71109,51.8811,2.480509,0.025599783661426446,0.047023193523076726,0.031934047112264566,0.0,0.0,0.0,0.0,0.0,0.0,0.0,0.0,0,0.0,0.0,0,0,0,0,0,0,0,0,0,0,0,0,0,0,0,0,0
2,361.915,36,sem_arma,0.2831271470601247,-2.0360749160415694,0.0,0.14960127847333207,0.06230001470614637,0.6309138971428973,0.0470231947901992,0.3209717366400232,0.025972479160560336,52.7441,107.52,2.67534,1,1,0,0,0,0,0,0,0,0,0,0,0.0,0.0,0.0,0.0,0.0,0.0,0.0,0,0,0.0,0.0,0.0,0.0,1.0,66.27014,51.8811,2.519686,0.025599781566652657,0.0470231947901992,0.046894174944919674,0.0,0.0,0.0,0.0,0.0,0.0,0.0,0.0,0,0.0,0.0,0,0,0,0,0,0,0,0,0,0,0,0,0,0,0,0,0
2,362.918,36,sem_arma,0.0,-0.28228030614169963,0.0,0.0,0.06516705266430796,0.6309138971428973,0.04702319606365082,0.3461497990068972,0.03248918442063066,55.9201,107.102,2.6791,1,1,0,0,0,0,0,0,0,0,0,0,0.0,0.0,0.0,0.0,0.0,0.0,0.0,0,0,0.0,0.0,0.0,0.0,1.0,71.79222999999999,52.7441,2.5593829999999995,0.02559977946141547,0.04702319606365082,0.046894174934456266,0.0,0.0,0.0,0.0,0.0,0.0,0.0,0.0,0,0.0,0.0,0,0,0,0,0,0,0,0,0,0,0,0,0,0,0,0,0
2,363.915,36,sem_arma,0.0,0.0,0.0,0.0,0.0669037256374493,0.6309138971428973,0.04734719295566771,0.37138222519196573,0.03737530579659586,55.9658,106.163,2.7115,1,1,0,0,0,0,0,0,0,0,0,0,0.0,0.0,0.0,0.0,0.0,0.0,0.0,0,0,0.0,0.0,0.0,0.0,1.0,76.54372,52.7441,2.551998,0.021565349052326606,0.04734719295566771,0.04285974663060459,0.0,0.0,0.0,0.0,0.0,0.0,0.0,0.0,0,0.0,0.0,0,0,0,0,0,0,0,0,0,0,0,0,0,0,0,0,0
2,364.92,36,sem_arma,0.35876270079007055,0.3569778117314135,1.3600572301188225,1.3600572301188225,0.5950467311914254,0.5546305361357623,0.42508766345678767,0.393924602943954,0.09507572749211457,42.3857,42.3857,2.59494,1,1,0,0,0,0,0,0,0,0,0,0,0.0,0.0,0.0,0.0,0.0,0.0,0.0,0,0,0.0,0.0,0.0,0.0,1.0,74.91067000000001,42.3857,2.532272,0.15757107206420887,0.42508766345678767,0.174831039233398,0.0,0.0,0.0,0.0,0.0,0.0,0.0,0.0,0,0.0,0.0,0,0,0,0,0,0,0,0,0,0,0,0,0,0,0,0,0
2,365.917,36,sem_arma,0.2836949860765931,-0.07529359549997738,0.31875749002961207,1.0412997400892103,0.5889987762574402,0.5091338827413113,0.4239087270009923,0.40895805893367615,0.15217135345839078,42.3857,48.1329,2.58415,1,1,0,0,0,0,0,0,0,0,0,0,0.0,0.0,0.0,0.0,0.0,0.0,0.0,0,0,0.0,0.0,0.0,0.0,1.0,73.60249,42.3857,2.522655,0.1894468210671701,0.4239087270009923,0.27896101324231903,0.0,0.0,0.0,0.0,0.0,0.0,0.0,0.0,0,0.0,0.0,0,0,0,0,0,0,0,0,0,0,0,0,0,0,0,0,0
2,366.919,36,sem_arma,0.6070622804558746,0.3227218506779257,0.20388399627367162,0.11487349375594044,0.5665729871829169,0.5433906236212372,0.4186551146323255,0.42466900764909415,0.20702440028301194,42.3857,61.3398,2.98496,1,1,0,0,0,0,0,0,0,0,0,0,0.0,0.0,0.0,0.0,0.0,0.0,0.0,0,0,0.0,0.0,0.0,0.0,1.0,73.82284,42.3857,2.543334,0.20983522069453722,0.4186551146323255,0.29044836261791307,0.0,0.0,0.0,0.0,0.0,0.0,0.0,0.0,0,0.0,0.0,0,0,0,0,0,0,0,0,0,0,0,0,0,0,0,0,0
2,367.921,36,sem_arma,0.0,-0.60585057929728,0.0,0.20388399627367162,0.5665729871829169,0.5433906236212372,0.42083965614360497,0.4427477480281257,0.261352753200027,42.3857,61.1726,2.98869,1,1,0,0,0,0,0,0,0,0,0,0,0.0,0.0,0.0,0.0,0.0,0.0,0.0,0,0,0.0,0.0,0.0,0.0,1.0,74.66569,42.3857,2.596239,0.20538269043111254,0.42083965614360497,0.30638423198185555,0.0,0.0,0.0,0.0,0.0,0.0,0.0,0.0,0,0.0,0.0,0,0,0,0,0,0,0,0,0,0,0,0,0,0,0,0,0
2,368.92,36,sem_arma,0.0,0.0,0.0,0.0,0.5665729871829169,0.5433906236212372,0.42193824010690895,0.4598164765651294,0.31602678979474264,42.3857,61.388,2.97841,1,1,0,0,0,0,0,0,0,0,0,0,0.0,0.0,0.0,0.0,0.0,0.0,0.0,0,0,0.0,0.0,0.0,0.0,1.0,75.21248,42.3857,2.6871519999999998,0.20322999948954376,0.42193824010690895,0.3040843926599996,0.0,0.0,0.0,0.0,0.0,0.0,0.0,0.0,0,0.0,0.0,0,0,0,0,0,0,0,0,0,0,0,0,0,0,0,0,0
2,369.926,36,sem_arma,0.0,0.0,1.2966995174372602,1.2966995174372602,0.539120654939642,0.5433906236212372,0.536295637407073,0.4758004623254921,0.36795559316513077,36.969,36.969,2.98399,1,1,0,0,0,0,0,0,0,0,0,0,0.0,0.0,0.0,0.0,0.0,0.0,0.0,0,0,0.0,0.0,0.0,0.0,1.0,73.31280000000001,36.969,2.778665,0.3328999512332698,0.536295637407073,0.43160165346215695,0.0,0.0,0.0,0.0,0.0,0.0,0.0,0.0,0,0.0,0.0,0,0,0,0,0,0,0,0,0,0,0,0,0,0,0,0,0
2,371.035,37,CZ550,1.8589319812977572,1.6762236080232256,0.7276851643357223,0.5690143531015379,0.5611345116235715,0.27281712836782096,0.5454209342289013,0.4786986088907145,0.4178390428568733,36.969,45.8856,2.56866,1,1,0,0,0,0,0,0,0,0,0,0,0.0,0.0,0.0,0.0,0.0,0.0,0.0,0,0,0.0,0.0,0.0,0.0,1.0,67.80586,36.969,2.7749740000000003,0.39070833981950887,0.5454209342289013,0.4735429609249775,0.0,0.0,0.0,0.0,0.0,0.0,0.0,0.0,0,0.0,0.0,0,0,0,0,0,0,0,0,0,0,0,0,0,0,0,0,0
2,372.035,37,CZ550,1.868155585063495,0.009223603765737831,0.8612134017065067,0.13352823737078445,0.5672981139399115,0.09932507679713563,0.5448658462395458,0.47299909833733905,0.46833885278024984,36.969,47.9279,2.59275,1,1,0,0,0,0,0,0,0,0,0,0,0.0,0.0,0.0,0.0,0.0,0.0,0.0,0,0,0.0,0.0,0.0,0.0,1.0,61.84665,36.969,2.766715,0.4768296799901595,0.5448658462395458,0.4719356568147227,0.0,0.0,0.0,0.0,0.0,0.0,0.0,0.0,0,0.0,0.0,0,0,0,0,0,0,0,0,0,0,0,0,0,0,0,0,0
2,373.036,37,CZ550,0.0,-1.8662892957677275,0.0,0.8612134017065067,0.5672981139399115,0.09932507679713563,0.5448658462395458,0.4736761666044652,0.5185519589078103,36.969,48.9743,2.53525,1,1,0,0,0,0,0,0,0,0,0,0,0.0,0.0,0.0,0.0,0.0,0.0,0.0,0,0,0.0,0.0,0.0,0.0,1.0,56.033879999999996,36.969,2.7523299999999997,0.4768296799901595,0.5448658462395458,0.5580569969853734,0.0,0.0,0.0,0.0,0.0,0.0,0.0,0.0,0,0.0,0.0,0,0,0,0,0,0,0,0,0,0,0,0,0,0,0,0,0
2,374.036,37,CZ550,0.0,0.0,0.0,0.0,0.5672981139399115,0.19060424853187746,0.5448658462395458,0.4802973173793256,0.5685913977380563,36.969,48.9743,2.53097,1,1,0,0,0,0,0,0,0,0,0,0,0.0,0.0,0.0,0.0,0.0,0.0,0.0,0,0,0.0,0.0,0.0,0.0,1.0,50.31501,36.969,2.734277,0.4768296799901595,0.5448658462395458,0.5580569969853734,0.0,0.0,0.0,0.0,0.0,0.0,0.0,0.0,0,0.0,0.0,0,0,0,0,0,0,0,0,0,0,0,0,0,0,0,0,0
2,375.04,37,CZ550,0.0,0.0,0.0,0.0,0.4376912413559899,0.19060424853187746,0.4635861642406725,0.47751650245946814,0.5528558487545128,45.8856,48.887,2.53914,1,1,0,0,0,0,0,0,0,0,0,0,0.0,0.0,0.0,0.0,0.0,0.0,0.0,0,0,0.0,0.0,0.0,0.0,1.0,50.965140000000005,36.969,2.728697,0.3408239569782773,0.4635861642406725,0.42205127397349107,0.0,0.0,0.0,0.0,0.0,0.0,0.0,0.0,0,0.0,0.0,0,0,0,0,0,0,0,0,0,0,0,0,0,0,0,0,0
2,376.041,37,CZ550,0.0,0.0,0.0,0.0,0.3851463418699165,0.19060424853187746,0.47606285672985965,0.4559424284992926,0.5324706053157604,47.9279,49.0072,2.5279,1,1,0,0,0,0,0,0,0,0,0,0,0.0,0.0,0.0,0.0,0.0,0.0,0.0,0,0,0.0,0.0,0.0,0.0,1.0,51.05257,36.969,2.723072,0.308948207975316,0.47606285672985965,0.3179212999645701,0.0,0.0,0.0,0.0,0.0,0.0,0.0,0.0,0,0.0,0.0,0,0,0,0,0,0,0,0,0,0,0,0,0,0,0,0,0
2,377.039,37,CZ550,1.8638449551386824,1.8675801153694214,0.9345952203193219,0.9345952203193219,0.41796368881607926,0.03479151324019298,0.5128053993258843,0.42112683940785817,0.5176096754790767,39.1874,39.1874,3.04906,1,1,0,0,0,0,0,0,0,0,0,0,0.0,0.0,0.0,0.0,0.0,0.0,0.0,0,0,0.0,0.0,0.0,0.0,1.0,48.837329999999994,36.969,2.729482,0.38201933037988106,0.5128053993258843,0.39989347262090824,0.0,0.0,0.0,0.0,0.0,0.0,0.0,0.0,0,0.0,0.0,0,0,0,0,0,0,0,0,0,0,0,0,0,0,0,0,0
2,378.041,37,CZ550,8.982035928158235e-05,-1.8600350646501005,1.4871418357133389e-08,0.9345952054479035,0.4179636871534042,0.0608061337594809,0.512805398094928,0.3923366990283633,0.5027487454761255,39.1874,39.4393,3.05785,1,1,0,0,0,0,0,0,0,0,0,0,0.0,0.0,0.0,0.0,0.0,0.0,0.0,0,0,0.0,0.0,0.0,0.0,1.0,46.664,36.969,2.736398,0.3820193318670229,0.512805398094928,0.4729645935383314,0.0,0.0,0.0,0.0,0.0,0.0,0.0,0.0,0,0.0,0.0,0,0,0,0,0,0,0,0,0,0,0,0,0,0,0,0,0
2,379.044,37,CZ550,0.0,-8.955170416907514e-05,1.4856591419588892e-08,1.482693754449704e-11,0.41796368549238677,0.270396302527129,0.512805396865199,0.38224130159753655,0.4878878153070724,39.021,39.021,3.0554,1,1,0,0,0,0,0,0,0,0,0,0,0.0,0.0,0.0,0.0,0.0,0.0,0.0,0,0,0.0,0.0,0.0,0.0,1.0,44.4273,36.969,2.744097,0.38201933335268207,0.512805396865199,0.4729645935398142,0.0,0.0,0.0,0.0,0.0,0.0,0.0,0.0,0,0.0,0.0,0,0,0,0,0,0,0,0,0,0,0,0,0,0,0,0,0
2,380.044,38,CZ550,0.0,0.0,1.4901161193847656e-08,4.4569774258764604e-11,0.4179636838263863,0.270396302527129,0.4093192636034858,0.3721459041667098,0.4757721181957468,39.021,39.4819,3.05242,1,1,0,0,0,0,0,0,0,0,0,0,0.0,0.0,0.0,0.0,0.0,0.0,0.0,0,0,0.0,0.0,0.0,0.0,1.0,44.67859,39.021,2.75094,0.2523493830990721,0.4093192636034858,0.3432946418005451,0.0,0.0,0.0,0.0,0.0,0.0,0.0,0.0,0,0.0,0.0,0,0,0,0,0,0,0,0,0,0,0,0,0,0,0,0,0
2,381.047,38,CZ550,0.0,0.0,1.4856591419588892e-08,4.4569774258764604e-11,0.4179636821653689,0.632470796145652,0.37898458881938357,0.3721104840274011,0.4614550352499266,39.021,39.5642,3.0459,1,1,0,0,0,0,0,0,0,0,0,0,0.0,0.0,0.0,0.0,0.0,0.0,0.0,0,0,0.0,0.0,0.0,0.0,1.0,44.04645,39.021,2.7986639999999996,0.17958086815115906,0.37898458881938357,0.2863932064948483,0.0,0.0,0.0,0.0,0.0,0.0,0.0,0.0,0,0.0,0.0,0,0,0,0,0,0,0,0,0,0,0,0,0,0,0,0,0
2,382.044,38,CZ550,0.0,0.0,1.4945999191421922e-08,8.940777183303037e-11,3.798518674602078e-11,0.6795895367276724,0.29554495603632813,0.37454426600663987,0.404725223859734,39.021,39.4709,3.04926,1,1,0,0,0,0,0,0,0,0,0,0,0.0,0.0,0.0,0.0,0.0,0.0,0.0,0,0,0.0,0.0,0.0,0.0,1.0,43.20075,39.021,2.844315,0.0934595294751083,0.29554495603632813,0.2730403827667106,0.0,0.0,0.0,0.0,0.0,0.0,0.0,0.0,0,0.0,0.0,0,0,0,0,0,0,0,0,0,0,0,0,0,0,0,0,0
2,383.048,38,CZ550,4.980079681263294e-05,4.9602387263578624e-05,0.017548674781876442,0.01754865983587725,0.007847999286413594,0.6795847112251531,0.29497991795271694,0.3769778067107527,0.34878021239438417,38.7677,38.7677,3.0416,1,1,0,0,0,0,0,0,0,0,0,0,0.0,0.0,0.0,0.0,0.0,0.0,0.0,0,0,0.0,0.0,0.0,0.0,1.0,42.18009,38.7677,2.8949499999999997,0.09521439695329595,0.29497991795271694,0.18867390857964766,0.0,0.0,0.0,0.0,0.0,0.0,0.0,0.0,0,0.0,0.0,0,0,0,0,0,0,0,0,0,0,0,0,0,0,0,0,0
2,384.049,38,CZ550,2.689898432987915,2.6871614707203824,0.7237843512718458,0.7062356764899693,0.32181392091271716,0.25184624109823006,0.352257228508557,0.35802442390851935,0.3242317930916647,38.7677,50.825,2.02354,0,1,0,0,0,0,0,0,0,0,0,0,0.0,0.0,0.0,0.0,0.0,0.0,0.0,0,0,0.0,0.0,0.0,0.0,0.9,42.365159999999996,38.7677,2.844207,0.16759283208048054,0.352257228508557,0.2592974762286446,0.0,0.0,0.0,0.0,0.0,0.0,0.0,0.0,0,0.0,0.0,0,0,0,0,0,0,0,0,0,0,0,0,0,0,0,0,0
2,385.053,38,CZ550,2.9880559428832902,0.29696963136989546,1.6109247447751118,0.887140393503266,0.7093354150779252,0.12362572884813257,0.5688563766046437,0.33647418354413783,0.35139621046385827,38.7677,49.5396,2.6426,1,1,0,0,0,0,0,0,0,0,0,0,0.0,0.0,0.0,0.0,0.0,0.0,0.0,0,0,0.0,0.0,0.0,0.0,0.9,42.43042,38.7677,2.854553,0.3286853065579917,0.5688563766046437,0.3480115155789712,0.0,0.0,0.0,0.0,0.0,0.0,0.0,0.0,0,0.0,0.0,0,0,0,0,0,0,0,0,0,0,0,0,0,0,0,0,0
2,386.05,38,CZ550,0.6343591541190686,-2.3607791261426496,0.9194452735403699,0.691479471234742,0.6752447159790664,0.14619696967617254,0.5839333620249836,0.31832733789088097,0.3804060478747733,32.903,32.903,3.18568,1,1,0,0,0,0,0,0,0,0,0,0,0.0,0.0,0.0,0.0,0.0,0.0,0.0,0,0,0.0,0.0,0.0,0.0,0.9,40.82000000000001,32.903,2.920331,0.4206298339120287,0.5839333620249836,0.41715946270244536,0.0,0.0,0.0,0.0,0.0,0.0,0.0,0.0,0,0.0,0.0,0,0,0,0,0,0,0,0,0,0,0,0,0,0,0,0,0
2,387.051,38,CZ550,2.0570722622148425,1.4212918162794947,0.6115739875790432,0.3078712859613266,0.5750401134723268,0.09595968855410512,0.5608196899070457,0.2959557911375243,0.396113690340398,32.903,58.4976,1.92619,1,1,0,0,0,0,0,0,0,0,0,0,0.0,0.0,0.0,0.0,0.0,0.0,0.0,0,0,0.0,0.0,0.0,0.0,0.9,42.75102,32.903,2.8080439999999998,0.38832771063800087,0.5608196899070457,0.35448706926664586,0.0,0.0,0.0,0.0,0.0,0.0,0.0,0.0,0,0.0,0.0,0,0,0,0,0,0,0,0,0,0,0,0,0,0,0,0,0
2,388.05,38,CZ550,2.3793551308588774,0.32260547411815305,1.4275017424249692,0.815927754845926,0.4394453666202993,0.21361289159661076,0.6285765817491556,0.27946690453629297,0.3982618582870875,32.903,53.5188,2.49269,1,1,0,0,0,0,0,0,0,0,0,0,0.0,0.0,0.0,0.0,0.0,0.0,0.0,0,0,0.0,0.0,0.0,0.0,0.9,44.15897,32.903,2.751528,0.5310778833933559,0.6285765817491556,0.34262032420644806,0.0,0.0,0.0,0.0,0.0,0.0,0.0,0.0,0,0.0,0.0,0,0,0,0,0,0,0,0,0,0,0,0,0,0,0,0,0
2,389.053,38,CZ550,1.136765903104165,-1.2388726099249376,0.15693769042046105,1.270564052004508,0.593534217200151,0.1361301092745722,0.6156704484866865,0.25910387881895974,0.4158189114578639,32.903,52.0366,2.19242,1,1,0,0,0,0,0,0,0,0,0,0,0.0,0.0,0.0,0.0,0.0,0.0,0.0,0,0,0.0,0.0,0.0,0.0,0.9,45.46053,32.903,2.6652299999999998,0.5467716509497429,0.6156704484866865,0.46967672940541616,0.0,0.0,0.0,0.0,0.0,0.0,0.0,0.0,0,0.0,0.0,0,0,0,0,0,0,0,0,0,0,0,0,0,0,0,0,0
2,390.055,39,CZ550,0.0,-1.1344969092855939,0.0,0.15693769042046105,0.578916324234268,0.1361301092745722,0.6156704499570858,0.2387408531016265,0.43191417549865213,32.903,50.736,4.75145,1,1,0,0,0,0,0,0,0,0,0,0,0.0,0.0,0.0,0.0,0.0,0.0,0.0,0,0,0.0,0.0,0.0,0.0,0.9,46.58594,32.903,2.835133,0.5467716494596268,0.6156704499570858,0.48537049844300534,0.0,0.0,0.0,0.0,0.0,0.0,0.0,0.0,0,0.0,0.0,0,0,0,0,0,0,0,0,0,0,0,0,0,0,0,0,0
2,391.056,39,CZ550,1.5117631176955333,1.5102528648307028,0.23861161233304015,0.23861161233304015,0.5718105230534046,0.06282631997428959,0.5964488210496449,0.2282413126819499,0.4472988595874557,50.736,72.4824,6.83518,0,1,0,0,0,0,0,0,0,0,0,0,0.0,0.0,0.0,0.0,0.0,0.0,0.0,0,0,0.0,0.0,0.0,0.0,0.8,49.87776,32.903,3.214061,0.5706328092072717,0.5964488210496449,0.5092316596718524,0.0,0.0,0.0,0.0,0.0,0.0,0.0,0.0,0,0.0,0.0,0,0,0,0,0,0,0,0,0,0,0,0,0,0,0,0,0
2,392.056,39,CZ550,0.41231102871470915,-1.0994520889808241,0.013105079822878219,0.22550653251016192,0.601083198251743,0.20438628926097926,0.5950685277117389,0.23349437330514208,0.5074071794088314,50.736,74.0212,7.21838,0,1,0,0,0,0,0,0,0,0,0,0,0.0,0.0,0.0,0.0,0.0,0.0,0.0,0,0,0.0,0.0,0.0,0.0,0.7,53.33279,32.903,3.630973,0.5719433156949595,0.5950685277117389,0.5317823129139277,0.0,0.0,0.0,0.0,0.0,0.0,0.0,0.0,0,0.0,0.0,0,0,0,0,0,0,0,0,0,0,0,0,0,0,0,0,0
2,393.059,39,CZ550,3.027365399740813,2.6072326730070827,1.2047965948639578,1.1916915150410796,0.5031467745616082,0.04067467323388755,0.5905885075042646,0.23056185312697966,0.5569370569363509,22.4329,22.4329,4.60696,1,1,0,0,0,0,0,0,0,0,0,0,0.0,0.0,0.0,0.0,0.0,0.0,0.0,0,0,0.0,0.0,0.0,0.0,0.7,51.699310000000004,22.4329,3.787509,0.6906681077031677,0.5905885075042646,0.649196598434448,0.0,0.0,0.0,0.0,0.0,0.0,0.0,0.0,0,0.0,0.0,0,0,0,0,0,0,0,0,0,0,0,0,0,0,0,0,0
2,394.057,39,CZ550,1.0651490283244736,-1.9661486687538472,3.9025730461788794e-05,1.204757569133496,0.5206565934520715,0.07513183783575964,0.6291656009191059,0.2247882325921738,0.5768213241902863,22.4329,29.0235,3.62227,1,1,0,0,0,0,0,0,0,0,0,0,0.0,0.0,0.0,0.0,0.0,0.0,0.0,0,0,0.0,0.0,0.0,0.0,0.8,49.51916,22.4329,3.947382,0.6182935751490292,0.6291656009191059,0.6990487876988007,0.0,0.0,0.0,0.0,0.0,0.0,0.0,0.0,0,0.0,0.0,0,0,0,0,0,0,0,0,0,0,0,0,0,0,0,0,0
2,395.06,39,CZ550,0.0,-1.0619631389077504,0.0,3.9025730461788794e-05,0.5206565934520715,0.07513183783575964,0.5477333732192805,0.21901461205736789,0.5579534420277009,22.4329,29.3631,3.59954,1,1,0,0,0,0,0,0,0,0,0,0,0.0,0.0,0.0,0.0,0.0,0.0,0.0,0,0,0.0,0.0,0.0,0.0,0.8,47.501509999999996,22.4329,4.043076,0.45720110067151803,0.5477333732192805,0.6103386509215203,0.0,0.0,0.0,0.0,0.0,0.0,0.0,0.0,0,0.0,0.0,0,0,0,0,0,0,0,0,0,0,0,0,0,0,0,0,0
2,396.06,39,CZ550,0.0,0.0,0.0,0.0,0.5373617658731791,0.07513183783575964,0.5386126048824178,0.213240991522562,0.5441651470171122,22.4329,28.0314,3.54135,1,1,0,0,0,0,0,0,0,0,0,0,0.0,0.0,0.0,0.0,0.0,0.0,0.0,0,0,0.0,0.0,0.0,0.0,0.8,47.01434999999999,22.4329,4.0786430000000005,0.3652565733174811,0.5386126048824178,0.5411907037980461,0.0,0.0,0.0,0.0,0.0,0.0,0.0,0.0,0,0.0,0.0,0,0,0,0,0,0,0,0,0,0,0,0,0,0,0,0,0
2,397.063,39,CZ550,0.9970107726799675,0.9940286866201073,0.32374243730880425,0.32374243730880425,0.5217839175398192,0.038465110748402094,0.5316325274338114,0.21342467139797244,0.5388395274238615,22.4329,27.2704,3.70154,1,1,0,0,0,0,0,0,0,0,0,0,0.0,0.0,0.0,0.0,0.0,0.0,0.0,0,0,0.0,0.0,0.0,0.0,0.8,43.89163,22.4329,4.256178,0.3364734182904572,0.5316325274338114,0.5427778189327939,0.0,0.0,0.0,0.0,0.0,0.0,0.0,0.0,0,0.0,0.0,0,0,0,0,0,0,0,0,0,0,0,0,0,0,0,0,0
2,398.063,39,CZ550,0.0,-0.9970107726799675,0.0,0.32374243730880425,0.1447776571816981,0.038465293659734855,0.3745803181518442,0.21230762939298517,0.5093727564800014,27.2704,27.416,3.76407,1,1,0,0,0,0,0,0,0,0,0,0,0.0,0.0,0.0,0.0,0.0,0.0,0.0,0,0,0.0,0.0,0.0,0.0,0.8,41.281349999999996,22.4329,4.383316,0.1937232440479603,0.3745803181518442,0.4935592871790816,0.0,0.0,0.0,0.0,0.0,0.0,0.0,0.0,0,0.0,0.0,0,0,0,0,0,0,0,0,0,0,0,0,0,0,0,0,0
2,399.067,39,CZ550,0.0,0.0,0.0,0.0,0.14478201940479182,0.038465293659734855,0.3795474362363045,0.20071107894961546,0.4644975367004654,26.5349,26.5349,3.6869,1,1,0,0,0,0,0,0,0,0,0,0,0.0,0.0,0.0,0.0,0.0,0.0,0.0,0,0,0.0,0.0,0.0,0.0,0.8,38.731179999999995,22.4329,4.532764,0.17802947500591415,0.3795474362363045,0.36650288197863085,0.0,0.0,0.0,0.0,0.0,0.0,0.0,0.0,0,0.0,0.0,0,0,0,0,0,0,0,0,0,0,0,0,0,0,0,0,0
2,400.068,40,CZ550,0.5379822495890704,0.5374448047842861,0.10808600292119576,0.10808600292119576,0.14070944298787558,0.05857579665375276,0.37543095889858524,0.19012005365594667,0.4206768485758262,26.5349,26.9921,3.7927,1,1,0,0,0,0,0,0,0,0,0,0,0.0,0.0,0.0,0.0,0.0,0.0,0.0,0,0,0.0,0.0,0.0,0.0,0.8,36.35679,22.4329,4.436888999999999,0.18883807529803373,0.37543095889858524,0.36161771322870434,0.0,0.0,0.0,0.0,0.0,0.0,0.0,0.0,0,0.0,0.0,0,0,0,0,0,0,0,0,0,0,0,0,0,0,0,0,0
2,401.07,40,CZ550,0.0,-0.5369084327236231,1.4871418357133389e-08,0.1080859880497774,0.1407094407059033,0.05857579665375276,0.37947690644534954,0.1614253036813517,0.37756674034107607,26.5349,27.9584,3.86363,1,1,0,0,0,0,0,0,0,0,0,0,0.0,0.0,0.0,0.0,0.0,0.0,0.0,0,0,0.0,0.0,0.0,0.0,0.9,31.90439,22.4329,4.139734,0.16497691555187158,0.37947690644534954,0.34856515080037803,0.0,0.0,0.0,0.0,0.0,0.0,0.0,0.0,0,0.0,0.0,0,0,0,0,0,0,0,0,0,0,0,0,0,0,0,0,0
2,402.066,40,CZ550,0.0,0.0,1.4961005214706483e-08,8.958685757309424e-11,0.04833752665424658,0.05857579665375276,0.38008181161668103,0.13037461667765568,0.32229217318132647,26.5349,27.8222,3.86988,1,1,0,0,0,0,0,0,0,0,0,0,0.0,0.0,0.0,0.0,0.0,0.0,0.0,0,0,0.0,0.0,0.0,0.0,1.0,27.284489999999998,22.4329,3.804884,0.16366640906568428,0.38008181161668103,0.3260144975583205,0.0,0.0,0.0,0.0,0.0,0.0,0.0,0.0,0,0.0,0.0,0,0,0,0,0,0,0,0,0,0,0,0,0,0,0,0,0
2,403.067,40,CZ550,0.0,0.0,1.488627491892873e-08,7.473029577775324e-11,0.048337524989910306,0.058575947118878195,0.10426504505725073,0.09932417847234196,0.27681124822415665,26.5349,27.7707,3.91814,1,1,0,0,0,0,0,0,0,0,0,0,0.0,0.0,0.0,0.0,0.0,0.0,0.0,0,0,0.0,0.0,0.0,0.0,1.0,27.818270000000002,26.5349,3.736002,0.04318675106791599,0.10426504505725073,0.20684534606168564,0.0,0.0,0.0,0.0,0.0,0.0,0.0,0.0,0,0.0,0.0,0,0,0,0,0,0,0,0,0,0,0,0,0,0,0,0,0
2,404.067,40,CZ550,0.0,0.0,1.4901161193847656e-08,1.488627491892657e-11,0.04833752332390941,0.1813333703787425,0.10426683952131385,0.09579853493636756,0.22957934121134044,26.9921,28.2617,3.89947,1,1,0,0,0,0,0,0,0,0,0,0,0.0,0.0,0.0,0.0,0.0,0.0,0.0,0,0,0.0,0.0,0.0,0.0,1.0,27.74209,26.5349,3.763722,0.04318284998498593,0.10426683952131385,0.08636958914982465,0.0,0.0,0.0,0.0,0.0,0.0,0.0,0.0,0,0.0,0.0,0,0,0,0,0,0,0,0,0,0,0,0,0,0,0,0,0
2,405.07,40,CZ550,0.0,0.0,1.4856591419588892e-08,4.4569774258764604e-11,2.3152322174680674e-08,0.40329305697896184,0.10426683883765145,0.10978190134290904,0.1775136841813655,27.7707,28.1043,3.90133,1,1,0,0,0,0,0,0,0,0,0,0,0.0,0.0,0.0,0.0,0.0,0.0,0.0,0,0,0.0,0.0,0.0,0.0,1.0,27.616210000000002,26.5349,3.7939010000000004,0.043182851470645066,0.10426683883765145,0.08636568658123545,0.0,0.0,0.0,0.0,0.0,0.0,0.0,0.0,0,0.0,0.0,0,0,0,0,0,0,0,0,0,0,0,0,0,0,0,0,0
2,406.072,40,CZ550,0.0,0.0,1.4871418357133389e-08,1.482693754449704e-11,2.3152322174680674e-08,0.46423646040991196,0.10426683815330673,0.125683875879596,0.12377750990927983,27.7707,28.1042,3.89972,1,1,0,0,0,0,0,0,0,0,0,0,0.0,0.0,0.0,0.0,0.0,0.0,0.0,0,0,0.0,0.0,0.0,0.0,1.0,27.623489999999997,26.5349,3.829738,0.043182852957786906,0.10426683815330673,0.08636568658271813,0.0,0.0,0.0,0.0,0.0,0.0,0.0,0.0,0,0.0,0.0,0,0,0,0,0,0,0,0,0,0,0,0,0,0,0,0,0
2,407.071,40,CZ550,0.0,0.0,1.4916077271118776e-08,4.465891398538766e-11,2.3152299012590705e-08,0.37914395238933457,0.034179791578001634,0.13984308907135748,0.0715991204705278,27.7707,28.1046,3.89812,1,1,0,0,0,0,0,0,0,0,0,0,0.0,0.0,0.0,0.0,0.0,0.0,0.0,0,0,0.0,0.0,0.0,0.0,1.0,27.70691,26.5349,3.849396,0.010808610718514204,0.034179791578001634,0.053991442856303605,0.0,0.0,0.0,0.0,0.0,0.0,0.0,0.0,0,0.0,0.0,0,0,0,0,0,0,0,0,0,0,0,0,0,0,0,0,0
2,408.072,40,CZ550,0.0,0.0,1.488627491892873e-08,2.980235219004666e-11,2.3152299012590705e-08,0.24748709814114647,0.03417979105495101,0.14153679939858427,0.0571213570675879,28.0807,28.0807,3.90498,1,1,0,0,0,0,0,0,0,0,0,0,0.0,0.0,0.0,0.0,0.0,0.0,0.0,0,0,0.0,0.0,0.0,0.0,1.0,27.773380000000003,26.5349,3.863487,0.010808612207141697,0.03417979105495101,0.02161719912840341,0.0,0.0,0.0,0.0,0.0,0.0,0.0,0.0,0,0.0,0.0,0,0,0,0,0,0,0,0,0,0,0,0,0,0,0,0,0
2,409.074,40,CZ550,0.0,0.0,1.4871418357133389e-08,1.4856561795340996e-11,2.3152298062182545e-08,0.4151560653703355,0.034179790532422316,0.15548809720337245,0.042643157442338514,27.5743,27.5743,3.87123,1,1,0,0,0,0,0,0,0,0,0,0,0.0,0.0,0.0,0.0,0.0,0.0,0.0,0,0,0.0,0.0,0.0,0.0,1.0,27.877319999999997,26.9921,3.88192,0.010808613694283532,0.034179790532422316,0.02161719912988907,0.0,0.0,0.0,0.0,0.0,0.0,0.0,0.0,0,0.0,0.0,0,0,0,0,0,0,0,0,0,0,0,0,0,0,0,0,0
2,410.072,41,CZ550,0.0,0.0,1.493102324032831e-08,5.960488319492257e-11,2.3152302890854953e-08,0.4151560653703355,3.237217488259302e-11,0.1694393950081606,0.028572215458781254,27.5743,28.0979,3.87928,1,1,0,0,0,0,0,0,0,0,0,0,0.0,0.0,0.0,0.0,0.0,0.0,0.0,0,0,0.0,0.0,0.0,0.0,1.0,27.987900000000003,27.5743,3.8905780000000005,1.4895266280475853e-08,3.237217488259302e-11,0.01080859884372998,0.0,0.0,0.0,0.0,0.0,0.0,0.0,0.0,0,0.0,0.0,0,0,0,0,0,0,0,0,0,0,0,0,0,0,0,0,0
2,411.073,41,CZ550,0.0,0.0,1.488627491892873e-08,4.474832139958157e-11,2.3152300022247784e-08,0.7690456001062177,3.1484859557183437e-11,0.20475035901475702,0.014501273703420919,27.5743,27.9534,3.78307,1,1,0,0,0,0,0,0,0,0,0,0,0.0,0.0,0.0,0.0,0.0,0.0,0.0,0,0,0.0,0.0,0.0,0.0,1.0,27.9874,27.5743,3.8825220000000003,1.4896751936655387e-08,3.1484859557183437e-11,4.322707285491053e-11,0.0,0.0,0.0,0.0,0.0,0.0,0.0,0.0,0,0.0,0.0,0,0,0,0,0,0,0,0,0,0,0,0,0,0,0,0,0
2,412.075,41,CZ550,0.0,0.0,1.4871418357133389e-08,1.4856561795340996e-11,2.315230002234969e-08,0.898120982915045,2.268724897635228e-11,0.2394370936974603,0.009667523353226263,27.5743,28.1419,3.8507,1,1,0,0,0,0,0,0,0,0,0,0,0.0,0.0,0.0,0.0,0.0,0.0,0.0,0,0,0.0,0.0,0.0,0.0,1.0,28.01937,27.5743,3.8806040000000004,1.4887793250898078e-08,2.268724897635228e-11,3.5754043277135206e-11,0.0,0.0,0.0,0.0,0.0,0.0,0.0,0.0,0,0.0,0.0,0,0,0,0,0,0,0,0,0,0,0,0,0,0,0,0,0
2,413.077,41,CZ550,0.0,0.0,1.4871418357133389e-08,0.0,2.315230145810169e-08,0.8081286408220261,2.3276508867574533e-11,0.27780979207686723,0.00483377316946538,27.5743,28.1311,3.84576,1,1,0,0,0,0,0,0,0,0,0,0,0.0,0.0,0.0,0.0,0.0,0.0,0.0,0,0,0.0,0.0,0.0,0.0,1.0,28.055410000000002,27.5743,3.873366,1.4886307594718545e-08,2.3276508867574533e-11,2.828101369935988e-11,0.0,0.0,0.0,0.0,0.0,0.0,0.0,0.0,0,0.0,0.0,0,0,0,0,0,0,0,0,0,0,0,0,0,0,0,0,0
2,414.076,41,CZ550,0.0,0.0,1.4916077271118776e-08,4.465891398538766e-11,2.3152302890854953e-08,0.9921429239875249,2.4764483417716464e-11,0.3236603463844555,2.3152304727704516e-08,27.8904,27.8904,3.86727,1,1,0,0,0,0,0,0,0,0,0,0,0.0,0.0,0.0,0.0,0.0,0.0,0.0,0,0,0.0,0.0,0.0,0.0,1.0,28.018279999999997,27.5743,3.8701459999999996,1.4887799202445655e-08,2.4764483417716464e-11,3.125827760600599e-11,0.0,0.0,0.0,0.0,0.0,0.0,0.0,0.0,0,0.0,0.0,0,0,0,0,0,0,0,0,0,0,0,0,0,0,0,0,0
2,415.077,41,CZ550,0.0,0.0,1.488627491892873e-08,2.980235219004666e-11,2.3152294250692476e-08,0.9921429239875249,2.2260580081770485e-11,0.36951090069204373,2.31523019353057e-08,27.8656,27.8656,3.87249,1,1,0,0,0,0,0,0,0,0,0,0,0.0,0.0,0.0,0.0,0.0,0.0,0.0,0,0,0.0,0.0,0.0,0.0,1.0,27.99441,27.5743,3.8672619999999993,1.489076755237964e-08,2.2260580081770485e-11,2.9781535399134194e-11,0.0,0.0,0.0,0.0,0.0,0.0,0.0,0.0,0,0.0,0.0,0,0,0,0,0,0,0,0,0,0,0,0,0,0,0,0,0
2,416.092,41,CZ550,0.0,0.0,1.4680946989012471e-08,2.0532792991625855e-10,2.3152476386610226e-08,0.9921429239875249,7.030264812074183e-11,0.41536145499963195,2.315231735649865e-08,27.8656,27.8878,3.86878,1,1,0,0,0,0,0,0,0,0,0,0,0.0,0.0,0.0,0.0,0.0,0.0,0.0,0,0,0.0,0.0,0.0,0.0,1.0,27.972769999999997,27.5743,3.8641680000000003,1.4871720415567547e-08,7.030264812074183e-11,4.883163463631035e-11,0.0,0.0,0.0,0.0,0.0,0.0,0.0,0.0,0,0.0,0.0,0,0,0,0,0,0,0,0,0,0,0,0,0,0,0,0,0
2,417.094,41,CZ550,0.0,0.0,1.4871418357133389e-08,1.9047136812091755e-10,2.3152476386610226e-08,0.9999930343831235,6.856893020625894e-11,0.46343785118136804,2.3152335093900602e-08,27.8656,27.8855,3.86811,1,1,0,0,0,0,0,0,0,0,0,0,0.0,0.0,0.0,0.0,0.0,0.0,0.0,0,0,0.0,0.0,0.0,0.0,1.0,27.95086,27.5743,3.8611669999999996,1.486725452416901e-08,6.856893020625894e-11,6.341288004986334e-11,0.0,0.0,0.0,0.0,0.0,0.0,0.0,0.0,0,0.0,0.0,0,0,0,0,0,0,0,0,0,0,0,0,0,0,0,0,0
2,418.094,41,CZ550,0.0,0.0,1.4901161193847656e-08,2.9742836714267565e-11,2.3152488619091747e-08,0.9999930343831235,6.918655063449483e-11,0.5115142382175375,2.315235405455071e-08,27.8656,28.2675,3.84974,1,1,0,0,0,0,0,0,0,0,0,0,0.0,0.0,0.0,0.0,0.0,0.0,0.0,0,0,0.0,0.0,0.0,0.0,1.0,27.969540000000002,27.5743,3.8556430000000006,1.4868743151660903e-08,6.918655063449483e-11,6.340692850228542e-11,0.0,0.0,0.0,0.0,0.0,0.0,0.0,0.0,0,0.0,0.0,0,0,0,0,0,0,0,0,0,0,0,0,0,0,0,0,0
2,419.097,41,CZ550,0.0,0.0,1.4856591419588892e-08,4.4569774258764604e-11,2.315246221494503e-08,0.9999930343831235,6.928165900913877e-11,0.559590625253707,2.3152370469826954e-08,27.8656,28.1058,3.90621,1,1,0,0,0,0,0,0,0,0,0,0,0.0,0.0,0.0,0.0,0.0,0.0,0.0,0,0,0.0,0.0,0.0,0.0,1.0,28.02269,27.8656,3.8591409999999997,1.4867260457906453e-08,6.928165900913877e-11,6.637824974862779e-11,0.0,0.0,0.0,0.0,0.0,0.0,0.0,0.0,0,0.0,0.0,0,0,0,0,0,0,0,0,0,0,0,0,0,0,0,0,0
2,420.095,42,CZ550,0.0,0.0,1.493102324032831e-08,7.44318207394196e-11,2.3152493571896714e-08,0.0,6.928165900913877e-11,0.5566618354210193,2.3152389537931133e-08,27.8855,27.9478,3.9123,1,1,0,0,0,0,0,0,0,0,0,0,0.0,0.0,0.0,0.0,0.0,0.0,0.0,0,0,0.0,0.0,0.0,0.0,1.0,28.00768,27.8656,3.862443,1.4867260457906453e-08,6.928165900913877e-11,6.786094350307749e-11,0.0,0.0,0.0,0.0,0.0,0.0,0.0,0.0,0,0.0,0.0,0,0,0,0,0,0,0,0,0,0,0,0,0,0,0,0,0
2,421.096,42,CZ550,0.0,0.0,1.488627491892873e-08,4.474832139958157e-11,2.315230478233147e-08,0.0,6.928165900913877e-11,0.5537330455883317,2.3152390013939502e-08,27.8855,27.9692,3.90857,1,1,0,0,0,0,0,0,0,0,0,0,0.0,0.0,0.0,0.0,0.0,0.0,0.0,0,0,0.0,0.0,0.0,0.0,1.0,28.00926,27.8656,3.874993,1.4867260457906452e-08,6.928165900913877e-11,6.786094350307749e-11,0.0,0.0,0.0,0.0,0.0,0.0,0.0,0.0,0,0.0,0.0,0,0,0,0,0,0,0,0,0,0,0,0,0,0,0,0,0
2,422.097,42,CZ550,0.0,0.0,1.488627491892873e-08,0.0,2.3152302868011784e-08,0.0,6.953953552967633e-11,0.5508042557556441,2.3152390298505713e-08,27.9444,27.9444,3.91378,1,1,0,0,0,0,0,0,0,0,0,0,0.0,0.0,0.0,0.0,0.0,0.0,0.0,0,0,0.0,0.0,0.0,0.0,1.0,27.989510000000003,27.8656,3.8813009999999997,1.4868746114085985e-08,6.953953552967633e-11,6.63752873235434e-11,0.0,0.0,0.0,0.0,0.0,0.0,0.0,0.0,0,0.0,0.0,0,0,0,0,0,0,0,0,0,0,0,0,0,0,0,0,0
2,423.098,42,CZ550,0.0,0.0,1.488627491892873e-08,0.0,2.315230239520738e-08,0.0,6.976131375315335e-11,0.5478754583997001,2.315239039221628e-08,27.9444,27.9453,3.91221,1,1,0,0,0,0,0,0,0,0,0,0,0.0,0.0,0.0,0.0,0.0,0.0,0.0,0,0,0.0,0.0,0.0,0.0,1.0,27.97093,27.8656,3.8879460000000003,1.4870231770265522e-08,6.976131375315335e-11,6.63752873235434e-11,0.0,0.0,0.0,0.0,0.0,0.0,0.0,0.0,0,0.0,0.0,0,0,0,0,0,0,0,0,0,0,0,0,0,0,0,0,0
2,424.102,42,CZ550,0.0,0.0,1.484179401777655e-08,4.448090115217958e-11,2.3152308565333185e-08,0.0,6.827629352059839e-11,0.538808789880763,2.3152390959664102e-08,27.9444,27.9511,3.90979,1,1,0,0,0,0,0,0,0,0,0,0,0.0,0.0,0.0,0.0,0.0,0.0,0.0,0,0,0.0,0.0,0.0,0.0,1.0,27.976999999999997,27.8656,3.8921980000000005,1.4862803444931298e-08,6.827629352059839e-11,6.635748604022259e-11,0.0,0.0,0.0,0.0,0.0,0.0,0.0,0.0,0,0.0,0.0,0,0,0,0,0,0,0,0,0,0,0,0,0,0,0,0,0
2,425.099,42,CZ550,0.0,0.0,1.4945999191421922e-08,1.0420517364537192e-10,2.3152316761671113e-08,0.0,7.300592691133885e-11,0.5186441370318149,2.3152393210761965e-08,27.9347,27.9347,3.91488,1,1,0,0,0,0,0,0,0,0,0,0,0.0,0.0,0.0,0.0,0.0,0.0,0.0,0,0,0.0,0.0,0.0,0.0,1.0,27.983909999999998,27.8855,3.896437,1.4868775872180618e-08,7.300592691133885e-11,7.379776818575511e-11,0.0,0.0,0.0,0.0,0.0,0.0,0.0,0.0,0,0.0,0.0,0,0,0,0,0,0,0,0,0,0,0,0,0,0,0,0,0
2,426.106,42,CZ550,0.0,0.0,1.4797578146819919e-08,1.4842104460200307e-10,2.315235366151361e-08,0.0,4.268479037721491e-11,0.4954323140113194,2.3152380938252304e-08,27.9347,27.9431,3.91154,1,1,0,0,0,0,0,0,0,0,0,0,0.0,0.0,0.0,0.0,0.0,0.0,0.0,0,0,0.0,0.0,0.0,0.0,1.0,27.989440000000002,27.8855,3.9007130000000005,1.4880438987961361e-08,4.268479037721491e-11,6.810707965432956e-11,0.0,0.0,0.0,0.0,0.0,0.0,0.0,0.0,0,0.0,0.0,0,0,0,0,0,0,0,0,0,0,0,0,0,0,0,0,0
2,427.103,42,CZ550,0.0,0.0,1.4945999191421922e-08,1.4842104460200307e-10,2.315237854207203e-08,0.0,4.720929022831484e-11,0.4764751163918525,2.3152371153798486e-08,27.9347,27.9651,3.90944,1,1,0,0,0,0,0,0,0,0,0,0,0.0,0.0,0.0,0.0,0.0,0.0,0.0,0,0,0.0,0.0,0.0,0.0,1.0,27.9974,27.9347,3.904846,1.4887897071390214e-08,4.720929022831484e-11,6.390204730243811e-11,0.0,0.0,0.0,0.0,0.0,0.0,0.0,0.0,0,0.0,0.0,0,0,0,0,0,0,0,0,0,0,0,0,0,0,0,0,0
2,428.105,42,CZ550,0.0,0.0,1.4871418357133389e-08,7.458083428853333e-11,2.3152379054935648e-08,0.0,4.721770365005116e-11,0.46410076148479523,2.3152360197382873e-08,27.9347,27.9458,3.91383,1,1,0,0,0,0,0,0,0,0,0,0,0.0,0.0,0.0,0.0,0.0,0.0,0.0,0,0,0.0,0.0,0.0,0.0,1.0,27.965230000000002,27.9347,3.9112549999999997,1.4884922787718789e-08,4.721770365005116e-11,6.838584705986469e-11,0.0,0.0,0.0,0.0,0.0,0.0,0.0,0.0,0,0.0,0.0,0,0,0,0,0,0,0,0,0,0,0,0,0,0,0,0,0
2,429.104,42,CZ550,0.0,0.0,1.4916077271118776e-08,4.465891398538766e-11,2.3152371795304887e-08,0.0,4.699843652368445e-11,0.4433429582162785,2.3152351155418863e-08,27.9347,27.9541,3.91049,1,1,0,0,0,0,0,0,0,0,0,0,0.0,0.0,0.0,0.0,0.0,0.0,0.0,0,0,0.0,0.0,0.0,0.0,1.0,27.95006,27.9347,3.911683,1.4890871372871776e-08,4.699843652368445e-11,6.8394761032527e-11,0.0,0.0,0.0,0.0,0.0,0.0,0.0,0.0,0,0.0,0.0,0,0,0,0,0,0,0,0,0,0,0,0,0,0,0,0,0
2,430.107,43,CZ550,0.0,0.0,1.4856591419588892e-08,5.94858515298847e-11,2.3152357486236192e-08,0.0,4.5811955104997743e-11,0.42258515494776167,2.3152337546852808e-08,27.9431,27.9455,3.91061,1,1,0,0,0,0,0,0,0,0,0,0,0.0,0.0,0.0,0.0,0.0,0.0,0.0,0,0,0.0,0.0,0.0,0.0,1.0,27.949830000000002,27.9347,3.9115140000000004,1.4883428190797835e-08,4.5811955104997743e-11,6.690016411157351e-11,0.0,0.0,0.0,0.0,0.0,0.0,0.0,0.0,0,0.0,0.0,0,0,0,0,0,0,0,0,0,0,0,0,0,0,0,0,0
2,431.106,43,CZ550,0.0,0.0,1.4916077271118776e-08,5.94858515298847e-11,2.3152315829864614e-08,0.0,4.697239732373199e-11,0.3841328749424508,2.3152338651606124e-08,27.8936,27.8936,3.91934,1,1,0,0,0,0,0,0,0,0,0,0,0.0,0.0,0.0,0.0,0.0,0.0,0.0,0,0,0.0,0.0,0.0,0.0,1.0,27.94227,27.8936,3.9125910000000004,1.4886408426016842e-08,4.697239732373199e-11,6.837391712460382e-11,0.0,0.0,0.0,0.0,0.0,0.0,0.0,0.0,0,0.0,0.0,0,0,0,0,0,0,0,0,0,0,0,0,0,0,0,0,0
2,432.106,43,CZ550,0.0,0.0,1.4901161193847656e-08,1.4916077271120093e-11,2.31523028392225e-08,0.0,4.7203012953872994e-11,0.33922682579669855,2.3152338648727195e-08,27.8872,27.8872,3.86139,1,1,0,0,0,0,0,0,0,0,0,0,0.0,0.0,0.0,0.0,0.0,0.0,0.0,0,0,0.0,0.0,0.0,0.0,1.0,27.93655,27.8872,3.9073520000000004,1.4887897053508733e-08,4.7203012953872994e-11,6.986552485171582e-11,0.0,0.0,0.0,0.0,0.0,0.0,0.0,0.0,0,0.0,0.0,0,0,0,0,0,0,0,0,0,0,0,0,0,0,0,0,0
2,433.11,43,CZ550,0.0,0.0,1.484179401777655e-08,5.936717607110615e-11,2.3152313298404928e-08,0.0,4.941673958893425e-11,0.29882039375559727,2.315233973904695e-08,27.8872,27.9211,3.8592,1,1,0,0,0,0,0,0,0,0,0,0,0.0,0.0,0.0,0.0,0.0,0.0,0.0,0,0,0.0,0.0,0.0,0.0,1.0,27.93413,27.8872,3.902051,1.4883448963393512e-08,4.941673958893425e-11,7.580224245882644e-11,0.0,0.0,0.0,0.0,0.0,0.0,0.0,0.0,0,0.0,0.0,0,0,0,0,0,0,0,0,0,0,0,0,0,0,0,0,0
2,434.242,43,CZ550,0.0,0.0,1.316356995922938e-08,1.678224058547171e-09,2.3165012635655634e-08,0.0,5.473758947948577e-10,0.24921324755622104,2.3153610146079194e-08,27.8872,83.0586,403.337,0,1,0,0,0,0,0,0,0,0,0,0,0.0,0.0,0.0,0.0,0.0,0.0,0.0,0,0,0.0,0.0,0.0,0.0,0.9,33.44488,27.8872,43.844772,1.4715626557538798e-08,5.473758947948577e-10,2.391765581983256e-10,0.0,0.0,0.0,0.0,0.0,0.0,0.0,0.0,0,0.0,0.0,0,0,0,0,0,0,0,0,0,0,0,0,0,0,0,0,0
2,435.239,43,CZ550,0.0,0.0,1.4945999191421922e-08,1.7824292321925428e-09,2.3165356635327703e-08,0.0,5.473758947948577e-10,0.19960610135684478,2.3154914133444853e-08,27.8872,83.0306,403.273,0,1,0,0,0,0,0,0,0,0,0,0,0.0,0.0,0.0,0.0,0.0,0.0,0.0,0,0,0.0,0.0,0.0,0.0,0.8,38.95447,27.8872,83.780584,1.4715626557538795e-08,5.473758947948577e-10,4.069989640530427e-10,0.0,0.0,0.0,0.0,0.0,0.0,0.0,0.0,0,0.0,0.0,0,0,0,0,0,0,0,0,0,0,0,0,0,0,0,0,0
2,436.254,43,CZ550,0.0,0.0,1.4680946989012471e-08,2.650522024094509e-10,2.3164675796720926e-08,0.0,5.466778117737363e-10,0.14999895515746853,2.3156146346965586e-08,27.8872,83.1079,403.304,0,1,0,0,0,0,0,0,0,0,0,0,0.0,0.0,0.0,0.0,0.0,0.0,0.0,0,0,0.0,0.0,0.0,0.0,0.7,44.47095,27.8872,123.71983,1.4703963441758055e-08,5.466778117737363e-10,4.1866207983378746e-10,0.0,0.0,0.0,0.0,0.0,0.0,0.0,0.0,0,0.0,0.0,0,0,0,0,0,0,0,0,0,0,0,0,0,0,0,0,0
2,437.241,43,CZ550,0.0,0.0,0.1748610325142611,0.17486101783331412,0.07820022462005292,0.0,0.0552959090340852,0.09999930343831236,0.007820043302913787,27.9211,73.4122,400.567,0,1,0,0,0,0,0,0,0,0,0,0,0.0,0.0,0.0,0.0,0.0,0.0,0.0,0,0,0.0,0.0,0.0,0.0,0.6,49.015660000000004,27.8872,163.38558600000002,0.01748611646078963,0.0552959090340852,0.017486102187151388,0.0,0.0,0.0,0.0,0.0,0.0,0.0,0.0,0,0.0,0.0,0,0,0,0,0,0,0,0,0,0,0,0,0,0,0,0,0
2,438.247,43,CZ550,0.6046487864336645,0.6010425312461873,0.7283802830082993,0.5535192504940382,0.3154144999416465,0.9999992994601943,0.2308269454674556,0.09999961669216588,0.03936149098184053,31.9128,31.9128,396.389,0,1,0,0,0,0,0,0,0,0,0,0,0.0,0.0,0.0,0.0,0.0,0.0,0.0,0,0,0.0,0.0,0.0,0.0,0.5,49.41236,27.8872,202.633103,0.09032414327447773,0.2308269454674556,0.07283802722909712,0.0,0.0,0.0,0.0,0.0,0.0,0.0,0.0,0,0.0,0.0,0,0,0,0,0,0,0,0,0,0,0,0,0,0,0,0,0
2,439.243,43,CZ550,2.6065773237780947,2.009968410988384,0.9378626424008616,0.20948235939256232,0.43668288688233436,0.9853649333518797,0.3498784133760618,0.0992682116406037,0.08302977735483678,31.9128,86.5323,392.061,0,1,0,0,0,0,0,0,0,0,0,0,0.0,0.0,0.0,0.0,0.0,0.0,0.0,0,0,0.0,0.0,0.0,0.0,0.4,55.27018,27.8872,241.44815400000002,0.18411040602295617,0.3498784133760618,0.09378626316388747,0.0,0.0,0.0,0.0,0.0,0.0,0.0,0.0,0,0.0,0.0,0,0,0,0,0,0,0,0,0,0,0,0,0,0,0,0,0
2,440.248,44,CZ550,6.456251266580092,3.830521336121391,0.6669653634443473,0.2708972789565143,0.3960621764720825,0.9889576528785436,0.37364601986792206,0.14871609428453086,0.12263599268680929,31.9128,49.5719,386.695,0,1,0,0,0,0,0,0,0,0,0,0,0.0,0.0,0.0,0.0,0.0,0.0,0.0,0,0,0.0,0.0,0.0,0.0,0.3,57.43282000000001,27.8872,279.726593,0.2508069408817318,0.37364601986792206,0.1208759910535903,0.0,0.0,0.0,0.0,0.0,0.0,0.0,0.0,0,0.0,0.0,0,0,0,0,0,0,0,0,0,0,0,0,0,0,0,0,0
2,441.247,44,CZ550,6.435296421098062,-0.020975821303333194,0.8539290614666741,0.18696369802232682,0.29754477234269044,0.9925212302320806,0.4061246155280847,0.1983421557961349,0.15239046760584676,31.9128,99.5529,385.339,0,1,0,0,0,0,0,0,0,0,0,0,0.0,0.0,0.0,0.0,0.0,0.0,0.0,0,0,0.0,0.0,0.0,0.0,0.2,64.59875,27.8872,317.868559,0.33619984553679144,0.4061246155280847,0.1395723608498744,0.0,0.0,0.0,0.0,0.0,0.0,0.0,0.0,0,0.0,0.0,0,0,0,0,0,0,0,0,0,0,0,0,0,0,0,0,0
2,442.247,44,CZ550,3.383808658317537,-3.0514877627805252,0.6139078401934331,0.240021221273241,0.13365603140506918,0.9882884373461707,0.3959289993058225,0.24775657766344344,0.1657560684311234,31.9128,64.8901,379.101,0,1,0,0,0,0,0,0,0,0,0,0,0.0,0.0,0.0,0.0,0.0,0.0,0.0,0,0,0.0,0.0,0.0,0.0,0.1,68.29904,27.9211,355.39252,0.39759062806601864,0.3959289993058225,0.16357448297570693,0.0,0.0,0.0,0.0,0.0,0.0,0.0,0.0,0,0.0,0.0,0,0,0,0,0,0,0,0,0,0,0,0,0,0,0,0,0
2,443.249,44,CZ550,5.536078437403154,2.147973831422772,0.40431220838726767,0.20959563180616547,0.20982206704535747,0.9896042250915671,0.37065377695736407,0.2972367889180218,0.18673827282042782,42.9043,42.9043,372.337,0,1,0,0,0,0,0,0,0,0,0,0,0.0,0.0,0.0,0.0,0.0,0.0,0.0,0,0,0.0,0.0,0.0,0.0,0.0,69.79736,31.9128,392.2403,0.438021847420566,0.37065377695736407,0.18453404615038674,0.0,0.0,0.0,0.0,0.0,0.0,0.0,0.0,0,0.0,0.0,0,0,0,0,0,0,0,0,0,0,0,0,0,0,0,0,0
2,444.249,44,CZ550,1.5620852921981394,-3.9739931452050152,0.19543121270564115,0.20888099568162652,0.25349268878669723,0.9877194270970233,0.349543472855812,0.346622760272873,0.21208753938259628,32.5904,32.5904,366.762,0,1,0,0,0,0,0,0,0,0,0,0,0.0,0.0,0.0,0.0,0.0,0.0,0.0,0,0,0.0,0.0,0.0,0.0,0.0,64.75054,31.9128,388.5828,0.45756496737477315,0.349543472855812,0.20542214555072696,0.0,0.0,0.0,0.0,0.0,0.0,0.0,0.0,0,0.0,0.0,0,0,0,0,0,0,0,0,0,0,0,0,0,0,0,0,0
2,445.253,44,CZ550,0.0,-1.555861844818864,0.0,0.19543121270564115,0.3364378548899542,0.9877194270970233,0.3495434750296842,0.39600873162772415,0.245731322555056,32.5904,32.999,365.577,0,1,0,0,0,0,0,0,0,0,0,0,0.0,0.0,0.0,0.0,0.0,0.0,0.0,0,0,0.0,0.0,0.0,0.0,0.0,59.74738,31.9128,384.81319999999994,0.45756496588017326,0.3495434750296842,0.22496526664304817,0.0,0.0,0.0,0.0,0.0,0.0,0.0,0.0,0,0.0,0.0,0,0,0,0,0,0,0,0,0,0,0,0,0,0,0,0,0
2,446.252,44,CZ550,0.0,0.0,0.0,0.0,0.26643699076759597,0.9877194270970233,0.34954347716500495,0.4453947029825753,0.272375019315348,32.5904,33.4751,367.174,0,1,0,0,0,0,0,0,0,0,0,0,0.0,0.0,0.0,0.0,0.0,0.0,0.0,0,0,0.0,0.0,0.0,0.0,0.0,54.7841,31.9128,381.2002,0.45756496441207856,0.34954347716500495,0.22496526661654298,0.0,0.0,0.0,0.0,0.0,0.0,0.0,0.0,0,0.0,0.0,0,0,0,0,0,0,0,0,0,0,0,0,0,0,0,0,0
2,447.254,44,CZ550,0.0,0.0,0.0,0.0,0.18008559528856188,0.9877194270970233,0.36908480316335107,0.49478067433742645,0.28256355638219893,32.5904,33.7388,367.424,0,1,0,0,0,0,0,0,0,0,0,0,0.0,0.0,0.0,0.0,0.0,0.0,0.0,0,0,0.0,0.0,0.0,0.0,0.0,50.81676,31.9128,377.8859,0.4400788611606524,0.36908480316335107,0.20747916483321155,0.0,0.0,0.0,0.0,0.0,0.0,0.0,0.0,0,0.0,0.0,0,0,0,0,0,0,0,0,0,0,0,0,0,0,0,0,0
2,448.254,44,CZ550,2.459676257151741,2.459676257151741,0.6716239488246929,0.6716239488246929,0.2910821004919375,0.9606127270810784,0.36456756986419214,0.5428113106914804,0.280130316437228,32.5904,72.9185,369.149,0,1,0,0,0,0,0,0,0,0,0,0,0.0,0.0,0.0,0.0,0.0,0.0,0.0,0,0,0.0,0.0,0.0,0.0,0.0,54.91733000000001,32.5904,375.1619,0.4344032277422917,0.36456756986419214,0.219289634666277,0.0,0.0,0.0,0.0,0.0,0.0,0.0,0.0,0,0.0,0.0,0,0,0,0,0,0,0,0,0,0,0,0,0,0,0,0,0
2,449.276,44,CZ550,2.36662566415807,-0.09104754696053949,0.4975693734780244,0.17405457534666852,0.3260565154519747,0.9464800447844729,0.32099123914369204,0.590135312930704,0.26906767929419206,32.999,44.2543,366.905,0,1,0,0,0,0,0,0,0,0,0,0,0.0,0.0,0.0,0.0,0.0,0.0,0.0,0,0,0.0,0.0,0.0,0.0,0.0,50.68953,32.5904,372.6463,0.39037390085000806,0.32099123914369204,0.21574685626168763,0.0,0.0,0.0,0.0,0.0,0.0,0.0,0.0,0,0.0,0.0,0,0,0,0,0,0,0,0,0,0,0,0,0,0,0,0,0
2,450.259,45,CZ550,0.0,-2.4075540835789115,1.5158861845216335e-08,0.49756935831916255,0.3260565127340963,0.9464800447844729,0.32638134415829806,0.6374593151699277,0.2620671129203934,33.4751,44.2506,366.919,0,1,0,0,0,0,0,0,0,0,0,0,0.0,0.0,0.0,0.0,0.0,0.0,0.0,0,0,0.0,0.0,0.0,0.0,0.0,50.1574,32.5904,370.6687,0.32367736602145947,0.32638134415829806,0.23841406419795247,0.0,0.0,0.0,0.0,0.0,0.0,0.0,0.0,0,0.0,0.0,0,0,0,0,0,0,0,0,0,0,0,0,0,0,0,0,0
2,451.257,45,CZ550,0.0,0.0,1.493102324032831e-08,2.2783860488802394e-10,0.32605651005706765,0.9464800447844729,0.2807536923208006,0.6847833174091513,0.2649182866918312,33.7388,43.9176,368.225,0,1,0,0,0,0,0,0,0,0,0,0,0.0,0.0,0.0,0.0,0.0,0.0,0.0,0,0,0.0,0.0,0.0,0.0,0.0,44.593869999999995,32.5904,368.95730000000003,0.2382844613678944,0.2807536923208006,0.2197176944185036,0.0,0.0,0.0,0.0,0.0,0.0,0.0,0.0,0,0.0,0.0,0,0,0,0,0,0,0,0,0,0,0,0,0,0,0,0,0
2,452.258,45,CZ550,3.729931100662316,3.72620489576655,0.984639094588082,0.9846390796570588,0.4302235798733219,0.9044138792590309,0.35144335267836524,0.7300040113721028,0.29457504153865643,12.7146,12.7146,368.893,0,1,0,0,0,0,0,0,0,0,0,0,0.0,0.0,0.0,0.0,0.0,0.0,0.0,0,0,0.0,0.0,0.0,0.0,0.0,39.37632,12.7146,367.93649999999997,0.2753575868073593,0.35144335267836524,0.29417948025688545,0.0,0.0,0.0,0.0,0.0,0.0,0.0,0.0,0,0.0,0.0,0,0,0,0,0,0,0,0,0,0,0,0,0,0,0,0,0
2,453.256,45,CZ550,6.575163140967636,2.8509339081215628,0.6131916170400736,0.37144747754800833,0.4227744844092524,0.8648229342825787,0.3658705521077753,0.7732451580862317,0.31587028327504596,12.7146,22.3514,366.63,0,1,0,0,0,0,0,0,0,0,0,0,0.0,0.0,0.0,0.0,0.0,0.0,0.0,0,0,0.0,0.0,0.0,0.0,0.0,37.32102999999999,12.7146,367.3658,0.29624552767263984,0.3658705521077753,0.3103646648310697,0.0,0.0,0.0,0.0,0.0,0.0,0.0,0.0,0,0.0,0.0,0,0,0,0,0,0,0,0,0,0,0,0,0,0,0,0,0
2,454.263,45,CZ550,3.3010467008274156,-3.251356941549375,0.6904808350662831,0.07728921802620947,0.44017266921750714,0.8403570708632015,0.3837681427821851,0.8152630116293919,0.3345382813181269,12.7146,17.5006,363.366,0,1,0,0,0,0,0,0,0,0,0,0,0.0,0.0,0.0,0.0,0.0,0.0,0.0,0,0,0.0,0.0,0.0,0.0,0.0,35.81205,12.7146,367.02619999999996,0.34575048990870405,0.3837681427821851,0.29720548706552796,0.0,0.0,0.0,0.0,0.0,0.0,0.0,0.0,0,0.0,0.0,0,0,0,0,0,0,0,0,0,0,0,0,0,0,0,0,0
2,455.26,45,CZ550,2.440426291321632,-0.8632100396246574,0.9548920451913728,0.2644112101250897,0.396997097064043,0.83759095246783,0.40631542728299863,0.8571425592527835,0.3405942055355358,12.7146,37.1642,358.802,0,1,0,0,0,0,0,0,0,0,0,0,0.0,0.0,0.0,0.0,0.0,0.0,0.0,0,0,0.0,0.0,0.0,0.0,0.0,36.22857,12.7146,366.3487,0.4412396944278413,0.40631542728299863,0.30410348680747284,0.0,0.0,0.0,0.0,0.0,0.0,0.0,0.0,0,0.0,0.0,0,0,0,0,0,0,0,0,0,0,0,0,0,0,0,0,0
2,456.265,45,CZ550,2.440083536694642,-0.0003410493800896236,0.045245146654163584,0.9096468985372093,0.3786056026585515,0.8064442389131011,0.40107418815415363,0.8974647711984384,0.35181106672463136,12.7146,39.7158,357.677,0,1,0,0,0,0,0,0,0,0,0,0,0.0,0.0,0.0,0.0,0.0,0.0,0.0,0,0,0.0,0.0,0.0,0.0,0.0,36.852639999999994,12.7146,365.399,0.4457642090932577,0.40107418815415363,0.39506817666119376,0.0,0.0,0.0,0.0,0.0,0.0,0.0,0.0,0,0.0,0.0,0,0,0,0,0,0,0,0,0,0,0,0,0,0,0,0,0
2,457.264,45,CZ550,0.004924924924925183,-2.4375962079776947,0.0004462676361472747,0.04479887901801631,0.419736471492736,0.806364890148754,0.4010190988235406,0.9377830157058762,0.3757761543450488,17.5006,39.9156,356.55,0,1,0,0,0,0,0,0,0,0,0,0,0.0,0.0,0.0,0.0,0.0,0.0,0.0,0,0,0.0,0.0,0.0,0.0,0.0,37.47032,12.7146,364.3116,0.4458088358568724,0.4010190988235406,0.3995480645629954,0.0,0.0,0.0,0.0,0.0,0.0,0.0,0.0,0,0.0,0.0,0,0,0,0,0,0,0,0,0,0,0,0,0,0,0,0,0
2,458.265,45,CZ550,2.969708400039554,2.9618216534611683,2.977254983785746e-08,0.0004462378635974368,0.4524075082865655,0.7912771775857067,0.4149955844563711,0.9273469096121516,0.39190869512451154,17.5006,40.0288,356.593,0,1,0,0,0,0,0,0,0,0,0,0,0.0,0.0,0.0,0.0,0.0,0.0,0.0,0,0,0.0,0.0,0.0,0.0,0.0,34.18135,12.7146,363.056,0.37864644395165814,0.4149955844563711,0.33243029346688585,0.0,0.0,0.0,0.0,0.0,0.0,0.0,0.0,0,0.0,0.0,0,0,0,0,0,0,0,0,0,0,0,0,0,0,0,0,0
2,459.266,45,CZ550,2.4162610663997737,-0.55289443920058,1.1697377957949333,1.1697377660223836,0.5788120928384316,0.7664187868649346,0.48493915323501635,0.9163996022878045,0.4171842528631572,20.3374,20.3374,724.53,0,1,0,0,0,0,0,0,0,0,0,0,0.0,0.0,0.0,0.0,0.0,0.0,0.0,0,0,0.0,0.0,0.0,0.0,0.0,31.789660000000005,12.7146,398.8185,0.445863286183349,0.48493915323501635,0.43199861253445737,0.0,0.0,0.0,0.0,0.0,0.0,0.0,0.0,0,0.0,0.0,0,0,0,0,0,0,0,0,0,0,0,0,0,0,0,0,0
2,460.268,46,CZ550,5.370708202424878,2.948550035953198,0.3001323332698392,0.8696054625250942,0.5002569026129294,0.7030038552221644,0.46307299093646725,0.9021019124049856,0.43460429185104055,9.92706,9.92706,347.599,0,1,0,0,0,0,0,0,0,0,0,0,0.0,0.0,0.0,0.0,0.0,0.0,0.0,0,0,0.0,0.0,0.0,0.0,0.0,28.357306,9.92706,396.8865,0.47587651799444675,0.46307299093646725,0.46920222295505054,0.0,0.0,0.0,0.0,0.0,0.0,0.0,0.0,0,0.0,0.0,0,0,0,0,0,0,0,0,0,0,0,0,0,0,0,0,0
2,461.27,46,CZ550,2.663006799526463,-2.7022968092798556,0.13168961133524854,0.16844272193459064,0.49051595596843317,0.6740985941933916,0.44971612280307244,0.886180780603051,0.4510502364421772,9.92706,17.9742,350.428,0,1,0,0,0,0,0,0,0,0,0,0,0.0,0.0,0.0,0.0,0.0,0.0,0.0,0,0,0.0,0.0,0.0,0.0,0.0,25.762966,9.92706,395.10679999999996,0.4890454776348692,0.44971612280307244,0.48604649512572573,0.0,0.0,0.0,0.0,0.0,0.0,0.0,0.0,0,0.0,0.0,0,0,0,0,0,0,0,0,0,0,0,0,0,0,0,0,0
2,462.27,46,Glock19,3.4481879302753047,0.7851811307488417,0.04457760779113851,0.08711200354411003,0.48366868613994213,0.6817218491851531,0.4325336742502795,0.8708524511950001,0.4563947470688391,9.92706,15.0111,348.843,0,1,0,0,0,0,0,0,0,0,0,0,0.0,0.0,0.0,0.0,0.0,0.0,0.0,0,0,0.0,0.0,0.0,0.0,0.0,25.992615999999998,9.92706,393.1018,0.3950393289551749,0.4325336742502795,0.39629378751443084,0.0,0.0,0.0,0.0,0.0,0.0,0.0,0.0,0,0.0,0.0,0,0,0,0,0,0,0,0,0,0,0,0,0,0,0,0,0
2,463.297,46,Glock19,4.699095817737321,1.2180213120370171,0.11575365565071559,0.07117604785957708,0.46643385708691754,0.7279404490252692,0.43326076677233316,0.8577692623916853,0.46076068433660566,7.67031,7.67031,339.12,0,1,0,0,0,0,0,0,0,0,0,0,0.0,0.0,0.0,0.0,0.0,0.0,0.0,0,0,0.0,0.0,0.0,0.0,0.0,24.524507,7.67031,390.35080000000005,0.34529553281623915,0.43326076677233316,0.3662666445455877,0.0,0.0,0.0,0.0,0.0,0.0,0.0,0.0,0,0.0,0.0,0,0,0,0,0,0,0,0,0,0,0,0,0,0,0,0,0
2,464.272,46,Glock19,4.586806107978552,-0.11516893308591757,0.7677071285664919,0.6519534729157763,0.2925482230989623,0.7565632516046984,0.440721164243762,0.8462114536170692,0.44599823972475117,2.61823,2.61823,707.881,0,1,1,0,0,0,1,0,1,0,0,0,0.0,0.0,0.0,0.0,0.0,0.0,0.0,0,0,0.1,0.1,0.0,0.0,0.0,23.036270000000002,2.61823,424.8023,0.35301816216626003,0.440721164243762,0.4237330700345444,0.0,0.0,0.1,0.0,0.0,0.0,0.0,0.0,0,0.0,0.0,0,0,0,0,0,0,0,0,0,0,0,0,0,0,0,0,0
2,465.28,46,Glock19,2.6619856874997496,-1.9095440679353195,0.05549093313612161,0.7122161954303703,0.3067731447267064,0.7512190334342491,0.39348787167831867,0.8343864339339303,0.43697584449101756,0.624637,0.624637,705.26,0,1,1,0,0,0,1,0,1,0,0,0,0.0,1.008,0.0,1.008,0.0,0.0,0.0,0,0,0.2,0.2,0.0,0.0,0.0,19.3823137,0.624637,459.44809999999995,0.2630780509607349,0.39348787167831867,0.4685135685650724,1.008,0.0,0.2,0.0,0.0,0.0,1.008,0.0,0,0.0,0.0,0,0,0,0,0,0,0,0,0,0,0,0,0,0,0,0,0
2,466.276,46,Glock19,3.265754210315008,0.6061932959992553,0.7570710926433231,0.7015801595072014,0.3791629686759246,0.7588257119447182,0.4135755580188246,0.8229417481763152,0.43703158109275486,0.624637,2.93345,336.507,0,1,1,1,1,1,1,1,1,1,1,0,0.0,2.004,0.0,2.004,0.0,0.0,0.0,0,0,0.3,0.3,0.1,0.1,0.0,15.704078699999997,0.624637,457.33110000000005,0.33426064555965085,0.4135755580188246,0.4477068946620717,2.004,0.0,0.3,0.1,0.1,0.0,2.004,0.0,0,0.0,0.0,0,0,0,0,0,0,0,0,0,0,0,0,0,0,0,0,0
2,467.274,46,Glock19,1.4794411887043692,-1.7898928072250888,0.06557479708815975,0.6914962955551633,0.3750546144165382,0.764657452437551,0.4082127105431365,0.8117886494433415,0.43256339538513505,0.624637,0.951005,334.408,0,1,1,1,1,1,1,1,1,1,1,1,0.998,3.002,0.998,3.002,0.998,0.998,0.0,0,0,0.4,0.4,0.2,0.2,0.0,11.8076192,0.624637,455.1169,0.3407734985048521,0.4082127105431365,0.5123766363157864,3.002,0.998,0.4,0.2,0.2,0.1,3.002,0.998,0,0.0,0.0,1,0,0,0,0,0,0,0,0,0,0,1,1,0,1,0,0
2,468.468,46,Glock19,0.37455075037587815,-0.9253688763220193,0.006807696220733324,0.058767100867426425,0.3948749875815207,0.8328475753442222,0.40758646241720614,0.8054003918564987,0.42681014331463063,0.613574,0.613574,333.272,0,1,1,1,1,1,1,1,1,1,1,1,2.192,4.196,2.192,4.196,2.192,2.192,1.194,0,0,0.5,0.5,0.3,0.3,0.0,7.8660966000000005,0.613574,452.7848,0.3414542651496704,0.40758646241720614,0.5182087226161693,4.196,2.192,0.5,0.3,0.3,0.2,4.196,2.192,0,0.0,0.0,1,0,0,0,0,0,0,0,0,0,0,0,1,0,1,0,0
2,469.465,46,Glock19,3.5447536704389346,3.1797421465025644,0.003998467322552566,0.0028092288981807585,0.3250209004204838,0.8523396834256896,0.29572293888897366,0.8006933737885594,0.4014310240728358,0.452407,0.452407,330.971,0,1,1,0,0,0,1,0,1,0,0,0,0.0,5.193,0.0,5.193,0.0,0.0,0.0,0,0,0.6,0.6,0.3,0.3,0.0,5.877597300000001,0.452407,413.4289,0.22488033230243237,0.29572293888897366,0.4015158689037491,5.193,2.192,0.6,0.3,0.3,0.2,5.193,2.192,0,0.0,0.0,1,0,0,0,0,0,0,0,0,0,0,0,1,0,1,0,0
2,470.467,47,Glock19,6.487287680279593,2.9366606884637307,0.5368344575783547,0.5328359902558021,0.3500618646312084,0.8676680153746009,0.3114693193965295,0.7967527723180658,0.3864115202746637,0.452407,31.3322,323.581,0,1,0,0,0,0,0,0,0,0,0,0,0.0,0.0,0.0,0.0,0.0,0.0,0.0,0,0,0.6,0.6,0.3,0.3,0.0,8.0181113,0.452407,411.02709999999996,0.24855054473328392,0.3114693193965295,0.36783892167681975,5.193,2.192,0.6,0.3,0.3,0.2,5.193,2.192,0,0.0,0.0,0,0,0,0,0,0,0,0,0,0,0,0,1,0,1,0,0
2,471.466,47,Glock19,6.446701807073183,-0.040626499706115614,0.742560303245924,0.20572584566756935,0.3450811005779239,0.8791619308705628,0.34418843286386497,0.7933868666223705,0.37186803473561275,0.452407,10.7403,314.812,0,1,0,0,0,0,0,0,0,0,0,0,0.0,0.0,0.0,0.0,0.0,0.0,0.0,0,0,0.6,0.6,0.3,0.3,0.0,7.294721300000001,0.452407,407.4655,0.3096376139243514,0.34418843286386497,0.37156723405011766,5.193,2.192,0.6,0.3,0.3,0.2,5.193,2.192,0,0.0,0.0,0,0,0,0,0,0,0,0,0,0,0,0,1,0,1,0,0
2,472.467,47,Glock19,3.9783112826564886,-2.465924599816878,0.025169525545407356,0.7173907777005166,0.3515120880511151,0.8862533885828602,0.34589958641595137,0.7924788420885619,0.3586523749267301,0.452407,11.5348,309.436,0,1,0,0,0,0,0,0,0,0,0,0,0.0,0.0,0.0,0.0,0.0,0.0,0.0,0,0,0.6,0.6,0.3,0.3,0.0,6.947091299999999,0.452407,403.52479999999997,0.30769680569977836,0.34589958641595137,0.43459511146575835,5.193,2.192,0.6,0.3,0.3,0.2,5.193,2.192,0,0.0,0.0,0,0,0,0,0,0,0,0,0,0,0,0,1,0,1,0,0
2,473.99,47,Glock19,2.5768183655241708,-0.9202185929956126,0.0024717286468129897,0.022697796898594365,0.35230681167958394,0.8506328299208097,0.35462900963263255,0.7917693368704735,0.3472396703859967,0.452407,11.3179,311.3,0,1,0,0,0,0,0,0,0,0,0,0,0.0,0.0,0.0,0.0,0.0,0.0,0.0,0,0,0.6,0.6,0.3,0.3,0.0,7.311850300000001,0.452407,400.7428,0.2963686129993881,0.35462900963263255,0.42974728636966003,5.193,2.192,0.6,0.3,0.3,0.2,5.193,2.192,0,0.0,0.0,0,0,0,0,0,0,0,0,0,0,0,0,1,0,1,0,0
2,474.925,47,Glock19,0.10751551159120187,-2.6409656191796453,0.00024155909838690504,0.0022301695484260847,0.3529985058229243,0.8475429135111046,0.3229183773753192,0.7921286290028686,0.3532846986583929,10.7403,11.0954,314.485,0,1,0,0,0,0,0,0,0,0,0,0,0.0,0.0,0.0,0.0,0.0,0.0,0.0,0,0,0.5,0.5,0.3,0.3,0.0,8.1595673,0.452407,361.4032,0.2196220560525776,0.3229183773753192,0.36477495603292504,5.193,2.192,0.5,0.3,0.3,0.2,5.193,2.192,0,0.0,0.0,0,0,0,0,0,0,0,0,0,0,0,0,1,0,1,0,0
2,475.933,47,Glock19,1.1984032445775865,1.0822298938356991,0.26210676151310486,0.26186520241471795,0.31918003582029786,0.8263648315224429,0.3178195540895357,0.7915673229555992,0.35452538776775205,10.7403,20.2577,686.357,0,1,0,0,0,0,0,0,0,0,0,0,0.0,0.0,0.0,0.0,0.0,0.0,0.0,0,0,0.4,0.4,0.3,0.3,0.0,10.1228736,0.452407,359.5129,0.24028363889027596,0.3178195540895357,0.3197398567313598,5.193,2.192,0.4,0.3,0.3,0.2,5.193,2.192,0,0.0,0.0,0,0,0,0,0,0,0,0,0,0,0,0,1,0,1,0,0
2,476.933,47,Glock19,2.0828935666529436,0.884490322075357,0.544984028587073,0.2828772670739681,0.2381758987510537,0.8646233963393284,0.2848700256268665,0.7944762808269106,0.34042668077526494,4.61876,4.61876,315.813,0,1,1,0,0,0,1,0,1,0,0,0,0.0,0.0,0.0,0.0,0.0,0.0,0.0,0,0,0.4,0.4,0.2,0.2,0.0,10.2914046,0.452407,357.44350000000003,0.2190749324846509,0.2848700256268665,0.27786956748803643,5.193,2.192,0.4,0.2,0.2,0.2,5.193,2.192,0,0.0,0.0,0,0,0,0,0,0,0,0,0,0,0,0,1,0,1,0,0
2,477.935,47,Glock19,6.428103742367128,4.336537101511162,0.5967592058341307,0.05177517724705771,0.2855482486323074,0.8751928050296853,0.30207170132366595,0.7979176765709572,0.3314760441968419,4.61876,17.7611,680.909,0,1,0,0,0,0,0,0,0,0,0,0,0.0,0.0,0.0,0.0,0.0,0.0,0.0,0,0,0.3,0.3,0.1,0.1,0.0,11.9724141,0.452407,392.0936,0.272193373359248,0.30207170132366595,0.2138974556572259,5.193,2.192,0.3,0.1,0.1,0.1,5.193,2.192,0,0.0,0.0,0,0,0,0,0,0,0,0,0,0,0,0,1,0,1,0,0
2,478.942,47,Glock19,4.504520928197668,-1.91021133482568,0.18603728511251577,0.4107219207216149,0.2503682686285292,0.8997040220657918,0.28963709170528196,0.8033390187949614,0.3170253723015427,4.61876,7.36442,678.675,0,1,0,0,0,0,0,0,0,0,0,0,0.0,0.0,0.0,0.0,0.0,0.0,0.0,0,0,0.2,0.2,0.0,0.0,0.0,12.6474987,0.452407,426.6339,0.29011633224842626,0.28963709170528196,0.24909293764264478,5.193,0.0,0.2,0.0,0.0,0.0,5.193,0.0,0,0.0,0.0,0,0,0,0,0,0,0,0,0,0,0,0,1,0,1,0,0
2,479.94,47,Glock19,3.6473504301181876,-0.8588882746287383,0.15806964019172587,0.027967644920789902,0.20636999448496246,0.9013943413384106,0.2765272555676311,0.810087796518635,0.3051602817079906,1.48385,1.48385,675.896,0,1,1,0,0,0,1,0,1,0,0,0,0.0,0.0,0.0,0.0,0.0,0.0,0.0,0,0,0.2,0.2,0.0,0.0,0.0,12.750643,1.48385,461.1264,0.30552344953534355,0.2765272555676311,0.25160877924490566,0.0,0.0,0.2,0.0,0.0,0.0,0.0,0.0,0,0.0,0.0,0,0,0,0,0,0,0,0,0,0,0,0,1,0,1,0,0
2,480.94,48,Glock19,4.465427545589042,0.8180771154708548,0.5685871924006416,0.4105175522089157,0.2190170383583381,0.8962517509179857,0.27964319218076805,0.8197501913034262,0.29205579908070356,1.48385,17.6682,295.522,0,1,0,0,0,0,0,0,0,0,0,0,0.0,0.0,0.0,0.0,0.0,0.0,0.0,0,0,0.2,0.2,0.0,0.0,0.0,11.384243,1.48385,458.3205,0.3086987230175723,0.27964319218076805,0.23937693544021701,0.0,0.0,0.2,0.0,0.0,0.0,0.0,0.0,0,0.0,0.0,0,0,0,0,0,0,0,0,0,0,0,0,1,0,1,0,0
2,481.941,48,Glock19,3.0498177092066334,-1.4141956407416676,0.49224814947926004,0.07633904292138155,0.21210569945268754,0.9030874523325627,0.24562657703679003,0.8311996342103848,0.27875825896817996,1.48385,10.3485,293.811,0,1,0,0,0,0,0,0,0,0,0,0,0.0,0.0,0.0,0.0,0.0,0.0,0.0,0,0,0.2,0.2,0.0,0.0,0.0,11.345063,1.48385,456.2204,0.2836675076409058,0.24562657703679003,0.22643825516559826,0.0,0.0,0.2,0.0,0.0,0.0,0.0,0.0,0,0.0,0.0,0,0,0,0,0,0,0,0,0,0,0,0,1,0,1,0,0
2,482.946,48,Glock19,3.902223294739632,0.8481647617243768,0.0746770452749042,0.41757110420435584,0.2196118836497765,0.8937132251904636,0.24027818259555944,0.8417992030106504,0.26556823852804606,1.48385,5.82137,292.561,0,1,0,0,0,0,0,0,0,0,0,0,0.0,0.0,0.0,0.0,0.0,0.0,0.0,0,0,0.2,0.2,0.0,0.0,0.0,10.77372,1.48385,454.5329,0.2886182596138555,0.24027818259555944,0.19645628781598218,0.0,0.0,0.2,0.0,0.0,0.0,0.0,0.0,0,0.0,0.0,0,0,0,0,0,0,0,0,0,0,0,0,1,0,1,0,0
2,483.947,48,Glock19,4.056731561676598,0.1543539130239418,0.6458249612782698,0.5711479160033657,0.25543702520086414,0.8868688301587903,0.24127644302256449,0.8497456220673264,0.25588125988017413,1.48385,18.5496,663.189,0,1,0,0,0,0,0,0,0,0,0,0,0.0,0.0,0.0,0.0,0.0,0.0,0.0,0,0,0.2,0.2,0.0,0.0,0.0,11.496889999999999,1.48385,489.7218,0.35295358287700124,0.24127644302256449,0.2513012997264593,0.0,0.0,0.2,0.0,0.0,0.0,0.0,0.0,0,0.0,0.0,0,0,0,0,0,0,0,0,0,0,0,0,1,0,1,0,0
2,484.95,48,Glock19,0.50837682089666,-3.5377415162312444,0.020705283601243504,0.6251196776770264,0.29121442141660964,0.8801946483424893,0.2380173153995692,0.8559271919042158,0.2497028514395426,5.82137,17.4007,663.037,0,1,0,0,0,0,0,0,0,0,0,0,0.0,0.0,0.0,0.0,0.0,0.0,0.0,0,0,0.2,0.2,0.0,0.0,0.0,12.127419999999999,1.48385,524.577,0.35499995532728684,0.2380173153995692,0.31359025053931927,0.0,0.0,0.2,0.0,0.0,0.0,0.0,0.0,0,0.0,0.0,0,0,0,0,0,0,0,0,0,0,0,0,1,0,1,0,0
2,485.948,48,Glock19,3.9937933141576347,3.4924012958526798,0.06952979518209064,0.048824511580847135,0.28752555500525384,0.8572307908508087,0.25364578537584465,0.8612277797750438,0.24653740335803817,5.82137,13.7506,664.092,0,1,0,0,0,0,0,0,0,0,0,0,0.0,0.0,0.0,0.0,0.0,0.0,0.0,0,0,0.2,0.2,0.0,0.0,0.0,11.47671,1.48385,522.3505,0.3357422586941855,0.25364578537584465,0.2922861814559322,0.0,0.0,0.2,0.0,0.0,0.0,0.0,0.0,0,0.0,0.0,0,0,0,0,0,0,0,0,0,0,0,0,1,0,1,0,0
2,487.0,48,Glock19,3.342798876469878,-0.6188160054066126,0.8515991539844504,0.7820693588023597,0.3874527091927555,0.8507173059819282,0.29663868680578015,0.8658223594769044,0.2614650844022084,5.82137,16.2784,281.996,0,1,0,0,0,0,0,0,0,0,0,0,0.0,0.0,0.0,0.0,0.0,0.0,0.0,0,0,0.1,0.1,0.0,0.0,0.0,12.642674,1.48385,518.9688,0.3664037712339232,0.29663868680578015,0.34220539062877137,0.0,0.0,0.1,0.0,0.0,0.0,0.0,0.0,0,0.0,0.0,0,0,0,0,0,0,0,0,0,0,0,0,1,0,1,0,0
2,487.951,48,Glock19,3.644118802971843,0.31684534858250774,0.21028001628359047,0.6413191377008599,0.3692135917406931,0.8205446327907855,0.2883525964284191,0.8686167184945661,0.26983161871304695,5.52318,5.52318,281.059,0,1,0,0,0,0,0,0,0,0,0,0,0.0,0.0,0.0,0.0,0.0,0.0,0.0,0,0,0.1,0.1,0.0,0.0,0.0,11.418882,1.48385,478.9838,0.32775585227886916,0.2883525964284191,0.4011597866741516,0.0,0.0,0.1,0.0,0.0,0.0,0.0,0.0,0,0.0,0.0,0,0,0,0,0,0,0,0,0,0,0,0,1,0,1,0,0
2,488.953,48,Glock19,4.091826713438429,0.4468142819027809,0.5421033009423044,0.3318232846587139,0.35160463344982995,0.8248431068274825,0.2908812958558575,0.8682164950687291,0.27995525519517706,5.52318,23.3939,664.565,0,1,0,0,0,0,0,0,0,0,0,0,0.0,0.0,0.0,0.0,0.0,0.0,0.0,0,0,0.1,0.1,0.0,0.0,0.0,13.02183,1.48385,477.57280000000003,0.36336245386184807,0.2908812958558575,0.3932699230678615,0.0,0.0,0.1,0.0,0.0,0.0,0.0,0.0,0,0.0,0.0,0,0,0,0,0,0,0,0,0,0,0,0,1,0,1,0,0
2,489.953,48,Glock19,3.891076659434207,-0.2007500540042222,0.2855736820337264,0.256529618908578,0.3090703653021423,0.8255577109252323,0.28358568764198033,0.8668773964437063,0.290225292276895,5.52318,8.75401,273.676,0,1,0,0,0,0,0,0,0,0,0,0,0.0,0.0,0.0,0.0,0.0,0.0,0.0,0,0,0.0,0.0,0.0,0.0,0.0,13.748845999999997,5.52318,437.3508,0.3761128580460481,0.28358568764198033,0.4161261204666403,0.0,0.0,0.0,0.0,0.0,0.0,0.0,0.0,0,0.0,0.0,0,0,0,0,0,0,0,0,0,0,0,0,1,0,1,0,0
2,490.95,49,Glock19,0.8564177931678494,-3.0437902369772893,0.022643012943166785,0.2629306690905596,0.32174473456445757,0.8100831379927748,0.29474596169542255,0.8639981525746151,0.30049806189750694,5.52318,10.0758,272.854,0,1,0,1,1,0,0,0,0,0,0,0,0.0,0.0,0.0,0.0,0.0,0.0,0.0,0,0,0.0,0.0,0.0,0.0,0.0,12.989606,5.52318,435.084,0.3215184401003007,0.29474596169542255,0.4013674321548047,0.0,0.0,0.0,0.0,0.0,0.0,0.0,0.0,0,0.0,0.0,0,0,0,0,0,0,0,0,0,0,0,0,1,0,1,0,0
2,491.953,49,Glock19,0.0,-0.8538562244943664,2.1010393076218364e-08,0.02264299193277371,0.22089829218208995,0.7913442712175375,0.3040232585351864,0.8596072695919638,0.3013773211704472,5.52318,10.0761,272.855,0,1,0,1,1,0,0,0,0,0,0,0,0.0,0.0,0.0,0.0,0.0,0.0,0.0,0,0,0.0,0.0,0.0,0.0,0.0,12.962366,5.52318,432.9884,0.27229362725341394,0.3040232585351864,0.39599782705594394,0.0,0.0,0.0,0.0,0.0,0.0,0.0,0.0,0,0.0,0.0,0,0,0,0,0,0,0,0,0,0,0,0,1,0,1,0,0
2,492.954,49,Glock19,1.7586419375043867,1.756885052451935,0.0019392874575601706,0.0019392664471670944,0.24014349837697987,0.7728827231038105,0.31008625198044654,0.8539387363180111,0.3034304826431675,8.75401,9.8802,271.966,0,1,0,0,0,0,0,0,0,0,0,0,0.0,0.0,0.0,0.0,0.0,0.0,0.0,0,0,0.0,0.0,0.0,0.0,0.0,13.368249,5.52318,430.9289,0.26501985147167956,0.31008625198044654,0.35443464328022506,0.0,0.0,0.0,0.0,0.0,0.0,0.0,0.0,0,0.0,0.0,0,0,0,0,0,0,0,0,0,0,0,0,1,0,1,0,0
2,493.956,49,Glock19,4.61785840457021,2.8535094481694845,0.844413411147418,0.8424741236898577,0.36348889152370356,0.8361190688823112,0.34190999158360375,0.8532130482660862,0.3142356692754515,8.75401,39.2137,268.232,0,1,0,0,0,0,0,0,0,0,0,0,0.0,0.0,0.0,0.0,0.0,0.0,0.0,0,0,0.0,0.0,0.0,0.0,0.0,15.434659,5.52318,391.4332,0.2848786964585943,0.34190999158360375,0.3815672640488743,0.0,0.0,0.0,0.0,0.0,0.0,0.0,0.0,0,0.0,0.0,0,0,0,0,0,0,0,0,0,0,0,0,1,0,1,0,0
2,494.956,49,Glock19,6.549045732631721,1.9311873280615108,0.29543280578719944,0.5489806053602185,0.36388605852282485,0.8524379669568982,0.3291231206842874,0.853457800938376,0.321502832986073,9.8802,56.6903,262.241,0,1,0,0,0,0,0,0,0,0,0,0,0.0,0.0,0.0,0.0,0.0,0.0,0.0,0,0,0.0,0.0,0.0,0.0,0.0,19.363619,5.52318,351.35360000000003,0.31235144867718995,0.3291231206842874,0.3739533568171935,0.0,0.0,0.0,0.0,0.0,0.0,0.0,0.0,0,0.0,0.0,0,0,0,0,0,0,0,0,0,0,0,0,1,0,1,0,0
2,495.961,49,Glock19,5.878234414312225,-0.6674739485766127,0.9267435140557242,0.6313107082685248,0.4481655318977189,0.8783153887749573,0.3681684360500964,0.8560553288010017,0.33756683067531956,4.14241,4.14241,257.393,0,1,1,0,0,0,1,0,0,0,0,0,0.0,0.0,0.0,0.0,0.0,0.0,0.0,0,0,0.1,0.1,0.0,0.0,0.0,18.402800000000003,4.14241,310.6837,0.3980728205645533,0.3681684360500964,0.4322019764859613,0.0,0.0,0.0,0.0,0.0,0.0,0.0,0.0,0,0.0,0.0,0,0,0,0,0,0,0,0,0,0,0,0,1,0,1,0,0
2,496.962,49,Glock19,4.076377926387599,-1.800056431493133,0.13590006069887914,0.790843453356845,0.420041416660752,0.8771731507482956,0.33858494378638676,0.8566828165214501,0.34082570142211915,3.17416,3.17416,254.665,0,1,1,0,0,0,1,0,0,0,0,0,0.0,1.001,0.0,0.0,0.0,0.0,0.0,0,0,0.2,0.2,0.0,0.0,0.0,17.092376,3.17416,307.9506,0.3265029112359962,0.33858494378638676,0.4330793859414098,1.001,0.0,0.0,0.0,0.0,0.0,0.0,0.0,0,0.0,0.0,0,0,0,0,0,0,0,0,0,0,0,0,1,0,1,0,0
2,497.958,49,Glock19,1.7960418570174093,-2.2894940455524,0.2816510629843649,0.14575100228548574,0.36151524280165837,0.8670958187465311,0.3366093056380595,0.8562779672072922,0.3400558665282157,3.17416,18.7841,253.708,0,1,0,0,0,0,0,0,0,0,0,0,0.0,0.0,0.0,0.0,0.0,0.0,0.0,0,0,0.2,0.2,0.0,0.0,0.0,18.418468,3.17416,305.21549999999996,0.3336400159060736,0.3366093056380595,0.3835225723998724,1.001,0.0,0.0,0.0,0.0,0.0,0.0,0.0,0,0.0,0.0,0,0,0,0,0,0,0,0,0,0,0,0,1,0,1,0,0
2,498.96,49,Glock19,0.0,-1.792456943131147,0.0,0.2816510629843649,0.3557348076683178,0.8581349717040461,0.34289997600461397,0.8541995146892051,0.34046888395006447,3.17416,18.7842,253.707,0,1,0,0,0,0,0,0,0,0,0,0,0.0,0.0,0.0,0.0,0.0,0.0,0.0,0,0,0.2,0.2,0.0,0.0,0.0,17.957498,3.17416,264.1297,0.27942968581184313,0.34289997600461397,0.3785053502324375,1.001,0.0,0.0,0.0,0.0,0.0,0.0,0.0,0,0.0,0.0,0,0,0,0,0,0,0,0,0,0,0,0,1,0,1,0,0
2,499.961,49,Glock19,0.599400615717979,0.5988018139040749,0.9261313387483189,0.9261313387483189,0.4425500317174992,0.8593545412907022,0.39935745752942653,0.8520975246868197,0.3538168505916002,3.17416,34.4149,253.221,0,1,0,0,0,0,0,0,0,0,0,0,0.0,0.0,0.0,0.0,0.0,0.0,0.0,0,0,0.2,0.2,0.0,0.0,0.0,20.523587000000003,3.17416,262.08419999999995,0.3434854514833024,0.39935745752942653,0.44546552221641156,1.001,0.0,0.0,0.0,0.0,0.0,0.0,0.0,0,0.0,0.0,0,0,0,0,0,0,0,0,0,0,0,0,1,0,1,0,0
2,500.963,50,Glock19,3.378654704291589,2.773706675223164,1.478324915111002,0.5521935763626832,0.6221364061134331,0.8508324258519301,0.517300382087175,0.8498265584335168,0.3838560177464977,2.70617,2.70617,656.849,0,1,1,0,0,0,1,0,1,0,0,0,0.0,0.0,0.0,0.0,0.0,0.0,0.0,0,0,0.3,0.3,0.0,0.0,0.0,19.786624,2.70617,300.4837,0.489053641700086,0.517300382087175,0.4743918129436239,1.001,0.0,0.1,0.0,0.0,0.0,0.0,0.0,0,0.0,0.0,0,0,0,0,0,0,0,0,0,0,0,0,1,0,1,0,0
2,502.25,50,Glock19,4.944707773966118,1.216824451961561,0.10579461782888247,1.3725302972821196,0.6274432944748477,0.836682474372627,0.5071699204151565,0.84650630953552,0.42451051797577344,2.70617,5.29206,650.839,0,1,0,0,0,0,0,0,0,0,0,0,0.0,0.0,0.0,0.0,0.0,0.0,0.0,0,0,0.3,0.3,0.0,0.0,0.0,19.30822,2.70617,338.2821,0.4996331013819349,0.5071699204151565,0.6093805434785585,1.001,0.0,0.1,0.0,0.0,0.0,0.0,0.0,0,0.0,0.0,0,0,0,0,0,0,0,0,0,0,0,0,1,0,1,0,0
2,503.21,50,Glock19,3.9094942877617385,-1.0783473814628954,0.22809470368012807,0.1223000858512456,0.6337736599588071,0.8572752826727698,0.487158575066162,0.8446844124096353,0.46387353413395616,1.111,1.111,947.035,0,1,1,0,0,0,1,0,1,0,0,0,0.0,0.0,0.0,0.0,0.0,0.0,0.0,0,0,0.4,0.4,0.0,0.0,0.0,18.4313,1.111,405.78900000000004,0.5222486430041916,0.487158575066162,0.6214166254189663,1.001,0.0,0.2,0.0,0.0,0.0,0.0,0.0,0,0.0,0.0,0,0,0,0,0,0,0,0,0,0,0,0,1,0,1,0,0
2,504.215,50,Glock19,3.6924536527596996,-0.21596083084779988,0.378582641960565,0.15048793828043694,0.5715461531354692,0.8094870999471818,0.47505102027927343,0.840815325899055,0.48467926029513275,1.111,20.6925,943.361,0,1,0,0,0,0,0,0,0,0,0,0,0.0,0.0,0.0,0.0,0.0,0.0,0.0,0,0,0.4,0.4,0.0,0.0,0.0,16.57918,1.111,473.30190000000005,0.47566556608550636,0.47505102027927343,0.5522180068780242,1.001,0.0,0.2,0.0,0.0,0.0,0.0,0.0,0,0.0,0.0,0,0,0,0,0,0,0,0,0,0,0,0,1,0,1,0,0
2,505.214,50,Glock19,0.5662516854730313,-3.129331298585254,0.2951595193889587,0.08342312257160633,0.5574747451241772,0.7956232988064608,0.4750625484380547,0.8365867584222535,0.504038128955268,1.111,37.6109,942.934,0,1,0,0,0,0,0,0,0,0,0,0,0.0,0.0,0.0,0.0,0.0,0.0,0.0,0,0,0.4,0.4,0.0,0.0,0.0,14.671240000000001,1.111,541.3712,0.47563823744568223,0.4750625484380547,0.505662258599163,1.001,0.0,0.2,0.0,0.0,0.0,0.0,0.0,0,0.0,0.0,0,0,0,0,0,0,0,0,0,0,0,0,1,0,1,0,0
2,506.212,50,Glock19,3.1113152216556488,2.5501638639104383,1.199436620420778,0.9042771010318194,0.4353395047523477,0.7153285566341946,0.5103497493486611,0.8294916467114228,0.5027555262407308,1.111,106.38,942.206,0,1,0,0,0,0,0,0,0,0,0,0,0.0,0.0,0.0,0.0,0.0,0.0,0.0,0,0,0.3,0.3,0.0,0.0,0.0,24.894999,1.111,609.8525,0.5029075480821877,0.5103497493486611,0.5329588978754926,1.001,0.0,0.2,0.0,0.0,0.0,0.0,0.0,0,0.0,0.0,0,0,0,0,0,0,0,0,0,0,0,0,1,0,1,0,0
2,507.21,50,Glock19,3.695208199533745,0.5850631040862689,0.8779470846718633,0.3214895357489147,0.4233082214323771,0.6019922916482581,0.504976190810951,0.8170553959947393,0.5030822067178933,1.111,144.27,245.154,0,1,0,0,0,0,0,0,0,0,0,0,0.0,0.0,0.0,0.0,0.0,0.0,0.0,0,0,0.2,0.2,0.0,0.0,0.0,39.004583000000004,1.111,608.9014,0.5771122504794861,0.504976190810951,0.48602350611469947,0.0,0.0,0.2,0.0,0.0,0.0,0.0,0.0,0,0.0,0.0,0,0,0,0,0,0,0,0,0,0,0,0,1,0,1,0,0
2,508.212,50,Glock19,2.0981832385414694,-1.5938372864194368,1.647540187411638,0.7695931027397747,0.566705237985591,0.5588352552437743,0.5931986667774939,0.8039699271173888,0.5236012062362867,20.6925,49.6492,247.215,0,1,0,0,0,0,0,0,0,0,0,0,0.0,0.0,0.0,0.0,0.0,0.0,0.0,0,0,0.2,0.2,0.0,0.0,0.0,42.091093,1.111,608.2520999999999,0.7137011629222134,0.5931986667774939,0.5484077161601284,0.0,0.0,0.2,0.0,0.0,0.0,0.0,0.0,0,0.0,0.0,0,0,0,0,0,0,0,0,0,0,0,0,1,0,1,0,0
2,509.211,50,Glock19,0.10010013213249117,-2.000083189598577,0.0,1.647540187411638,0.6668457417567991,0.533515671076295,0.5931986667774939,0.7894035553298294,0.5547122996451348,37.6109,49.6395,247.17,0,1,0,0,0,0,0,0,0,0,0,0,0.0,0.0,0.0,0.0,0.0,0.0,0.0,0,0,0.2,0.2,0.0,0.0,0.0,45.176623,1.111,607.5984000000001,0.7137011629222134,0.5931986667774939,0.6849966286028557,0.0,0.0,0.2,0.0,0.0,0.0,0.0,0.0,0,0.0,0.0,0,0,0,0,0,0,0,0,0,0,0,0,1,0,1,0,0
2,510.213,51,Glock19,0.0,-0.09990033146955206,0.0,0.0,0.7329420778678166,0.5002201545658712,0.6276439869413942,0.7731366775118614,0.5837515042601665,49.6224,49.6224,247.23,0,1,0,0,0,0,0,0,0,0,0,0,0.0,0.0,0.0,0.0,0.0,0.0,0.0,0,0,0.2,0.2,0.0,0.0,0.0,46.697373,1.111,606.9993,0.6210880290473815,0.6276439869413942,0.5923834947280238,0.0,0.0,0.2,0.0,0.0,0.0,0.0,0.0,0,0.0,0.0,0,0,0,0,0,0,0,0,0,0,0,0,1,0,1,0,0
2,511.217,51,Glock19,0.09960159412386832,0.09920477502377323,0.2893529963309161,0.2893529963309161,0.7043152280350768,0.4928106257918579,0.5557037979827206,0.7572730519018156,0.5919693864523309,32.9589,32.9589,247.206,0,1,0,0,0,0,0,0,0,0,0,0,0.0,0.0,0.0,0.0,0.0,0.0,0.0,0,0,0.1,0.1,0.0,0.0,0.0,49.722646,1.111,566.0350000000001,0.5021908371693729,0.5557037979827206,0.5660994367248471,0.0,0.0,0.1,0.0,0.0,0.0,0.0,0.0,0,0.0,0.0,0,0,0,0,0,0,0,0,0,0,0,0,1,0,1,0,0
2,512.216,51,Glock19,2.693418227716301,2.596413046639072,0.46613828156037485,0.17678528522945874,0.6819982915137922,0.5148730875176297,0.5385624350776741,0.74344949271682,0.5974248861562254,6.11581,6.11581,244.71,0,1,0,0,0,0,0,0,0,0,0,0,0.0,0.0,0.0,0.0,0.0,0.0,0.0,0,0,0.1,0.1,0.0,0.0,0.0,49.805020999999996,1.111,525.4221,0.5382252035425222,0.5385624350776741,0.44652493551958106,0.0,0.0,0.1,0.0,0.0,0.0,0.0,0.0,0,0.0,0.0,0,0,0,0,0,0,0,0,0,0,0,0,1,0,1,0,0
2,513.213,51,Glock19,0.0,-2.7015227961046144,0.0,0.46613828156037485,0.21613458759982004,0.5164809832438935,0.5576486539918147,0.7306294057238243,0.5556609789203266,6.11581,6.13597,244.632,0,1,0,0,0,0,0,0,0,0,0,0,0.0,0.0,0.0,0.0,0.0,0.0,0.0,0,0,0.0,0.0,0.0,0.0,0.0,50.307518,6.11581,455.18179999999995,0.5154157331745094,0.5576486539918147,0.4809087550904939,0.0,0.0,0.0,0.0,0.0,0.0,0.0,0.0,0,0.0,0.0,0,0,0,0,0,0,0,0,0,0,0,0,1,0,1,0,0
2,514.222,51,Glock19,0.0,0.0,0.0,0.0,0.21613458759982004,0.4950836164599736,0.5803586815413009,0.7135776331027074,0.5201198223667617,6.11581,6.33165,244.5,0,1,0,0,0,0,0,0,0,0,0,0,0.0,0.0,0.0,0.0,0.0,0.0,0.0,0,0,0.0,0.0,0.0,0.0,0.0,48.871433,6.11581,385.2957,0.47755746897845286,0.5803586815413009,0.4658599612624503,0.0,0.0,0.0,0.0,0.0,0.0,0.0,0.0,0,0.0,0.0,0,0,0,0,0,0,0,0,0,0,0,0,1,0,1,0,0
2,515.22,51,Glock19,0.0,0.0,0.0,0.0,0.21613458759982004,0.4487522407225425,0.5979061616394031,0.6933933467909895,0.48598580661432605,6.11581,6.75453,242.991,0,1,0,0,0,0,0,0,0,0,0,0,0.0,0.0,0.0,0.0,0.0,0.0,0.0,0,0,0.0,0.0,0.0,0.0,0.0,45.785796,6.11581,315.3014,0.448041517039557,0.5979061616394031,0.4575176490052896,0.0,0.0,0.0,0.0,0.0,0.0,0.0,0.0,0,0.0,0.0,0,0,0,0,0,0,0,0,0,0,0,0,1,0,1,0,0
2,516.223,51,Glock19,0.0,0.0,0.0,0.0,0.20846337689678818,0.4442382237806626,0.548706335352372,0.671689488541275,0.46329819382877,6.11581,7.14839,241.923,0,1,0,0,0,0,0,0,0,0,0,0,0.0,0.0,0.0,0.0,0.0,0.0,0.0,0,0,0.0,0.0,0.0,0.0,0.0,35.862635,6.11581,245.27309999999997,0.3280978549974792,0.548706335352372,0.3670899389021077,0.0,0.0,0.0,0.0,0.0,0.0,0.0,0.0,0,0.0,0.0,0,0,0,0,0,0,0,0,0,0,0,0,1,0,1,0,0
2,517.22,51,Glock19,0.0,0.0,0.0,0.0,0.0,0.5054335294825599,0.5204637569657916,0.653102507477988,0.42096737168553233,6.13597,7.22569,241.792,0,1,0,0,0,0,0,0,0,0,0,0,0.0,0.0,0.0,0.0,0.0,0.0,0.0,0,0,0.0,0.0,0.0,0.0,0.0,22.158204,6.11581,244.9369,0.2403031465302928,0.5204637569657916,0.33494098532721617,0.0,0.0,0.0,0.0,0.0,0.0,0.0,0.0,0,0.0,0.0,0,0,0,0,0,0,0,0,0,0,0,0,1,0,1,0,0
2,518.221,51,Glock19,0.0,0.0,0.0,0.0,0.0,0.5572922628932255,0.16463202973255867,0.6376123296853228,0.36429684788697325,6.33165,7.22792,241.816,0,1,0,0,0,0,0,0,0,0,0,0,0.0,0.0,0.0,0.0,0.0,0.0,0.0,0,0,0.0,0.0,0.0,0.0,0.0,17.916075999999997,6.11581,244.397,0.07554912778912906,0.16463202973255867,0.25798167505323877,0.0,0.0,0.0,0.0,0.0,0.0,0.0,0.0,0,0.0,0.0,0,0,0,0,0,0,0,0,0,0,0,0,1,0,1,0,0
2,519.221,51,Glock19,0.0,0.0,0.0,0.0,0.0,0.5572922628932255,0.16463202973255867,0.6225701942447819,0.29761227371129334,6.75453,7.05255,239.052,0,1,0,0,0,0,0,0,0,0,0,0,0.0,0.0,0.0,0.0,0.0,0.0,0.0,0,0,0.0,0.0,0.0,0.0,0.0,13.657380999999997,6.11581,243.58520000000004,0.07554912778912906,0.16463202973255867,0.09322765631207493,0.0,0.0,0.0,0.0,0.0,0.0,0.0,0.0,0,0.0,0.0,0,0,0,0,0,0,0,0,0,0,0,0,1,0,1,0,0
2,520.223,52,Glock19,0.0,0.0,0.0,0.0,0.0,0.5682398257819352,0.16463202973255867,0.6080144584693434,0.2243180659245117,7.05255,7.37219,238.45,0,1,0,0,0,0,0,0,0,0,0,0,0.0,0.0,0.0,0.0,0.0,0.0,0.0,0,0,0.0,0.0,0.0,0.0,0.0,9.43236,6.11581,242.7072,0.07554912778912906,0.16463202973255867,0.09322765631207493,0.0,0.0,0.0,0.0,0.0,0.0,0.0,0.0,0,0.0,0.0,0,0,0,0,0,0,0,0,0,0,0,0,1,0,1,0,0
2,521.223,52,Glock19,0.0,0.0,0.0,0.0,0.0,0.5211855269472694,0.1474058674327659,0.5915321135241104,0.153886543121004,7.05255,7.75441,239.485,0,1,0,0,0,0,0,0,0,0,0,0,0.0,0.0,0.0,0.0,0.0,0.0,0.0,0,0,0.0,0.0,0.0,0.0,0.0,6.911911000000001,6.11581,241.9351,0.04661382815603744,0.1474058674327659,0.06429235667898332,0.0,0.0,0.0,0.0,0.0,0.0,0.0,0.0,0,0.0,0.0,0,0,0,0,0,0,0,0,0,0,0,0,1,0,1,0,0
2,522.227,52,Glock19,0.0,0.0,0.0,0.0,0.0,0.4627941990550748,0.0,0.5728376997582327,0.08568671396962478,7.05255,7.9231,244.28,0,1,0,0,0,0,0,0,0,0,0,0,0.0,0.0,0.0,0.0,0.0,0.0,0.0,0,0,0.0,0.0,0.0,0.0,0.0,7.09264,6.13597,241.89210000000003,0.0,0.0,0.04661382815603744,0.0,0.0,0.0,0.0,0.0,0.0,0.0,0.0,0,0.0,0.0,0,0,0,0,0,0,0,0,0,0,0,0,1,0,1,0,0
2,523.225,52,Glock19,0.0,0.0,0.0,0.0,0.0,0.5454808247804477,0.0,0.5572479768636167,0.06407325520964277,7.05255,7.63515,250.823,0,1,0,0,0,0,0,0,0,0,0,0,0.0,0.0,0.0,0.0,0.0,0.0,0.0,0,0,0.0,0.0,0.0,0.0,0.0,7.242558,6.33165,242.5112,0.0,0.0,0.0,0.0,0.0,0.0,0.0,0.0,0.0,0.0,0.0,0,0.0,0.0,0,0,0,0,0,0,0,0,0,0,0,0,1,0,1,0,0
2,524.226,52,Glock19,0.0,0.0,0.0,0.0,0.0,0.5910672011603093,0.0,0.5463269819242731,0.04245979644966078,7.37219,7.73606,254.83,0,1,0,0,0,0,0,0,0,0,0,0,0.0,0.0,0.0,0.0,0.0,0.0,0.0,0,0,0.0,0.0,0.0,0.0,0.0,7.382999000000001,6.75453,243.5442,0.0,0.0,0.0,0.0,0.0,0.0,0.0,0.0,0.0,0.0,0.0,0,0.0,0.0,0,0,0,0,0,0,0,0,0,0,0,0,1,0,1,0,0
2,525.227,52,Glock19,0.0,0.0,0.0,0.0,0.0,0.5790722577351193,0.0,0.535499429870706,0.020846337689678772,7.63515,7.81022,255.584,0,1,0,0,0,0,0,0,0,0,0,0,0.0,0.0,0.0,0.0,0.0,0.0,0.0,0,0,0.0,0.0,0.0,0.0,0.0,7.488568000000001,7.05255,244.80349999999999,0.0,0.0,0.0,0.0,0.0,0.0,0.0,0.0,0.0,0.0,0.0,0,0.0,0.0,0,0,0,0,0,0,0,0,0,0,0,0,1,0,1,0,0
2,526.228,52,Glock19,0.0,0.0,0.0,0.0,0.0,0.4300961166954621,0.0,0.5212378078737694,0.0,7.63515,7.81063,255.589,0,1,0,0,0,0,0,0,0,0,0,0,0.0,0.0,0.0,0.0,0.0,0.0,0.0,0,0,0.0,0.0,0.0,0.0,0.0,7.554792000000001,7.05255,246.1701,0.0,0.0,0.0,0.0,0.0,0.0,0.0,0.0,0.0,0.0,0.0,0,0.0,0.0,0,0,0,0,0,0,0,0,0,0,0,0,1,0,1,0,0
2,527.232,52,Glock19,0.0,0.0,0.0,0.0,0.0,0.26112822090532845,0.0,0.5041946043366229,0.0,7.61499,7.61499,254.071,0,1,0,0,0,0,0,0,0,0,0,0,0.0,0.0,0.0,0.0,0.0,0.0,0.0,0,0,0.0,0.0,0.0,0.0,0.0,7.593722,7.05255,247.398,0.0,0.0,0.0,0.0,0.0,0.0,0.0,0.0,0.0,0.0,0.0,0,0.0,0.0,0,0,0,0,0,0,0,0,0,0,0,0,1,0,1,0,0
2,528.231,52,Glock19,0.0,0.0,0.0,0.0,0.0,0.9833291773126142,0.0,0.5254193004400649,0.0,7.14918,7.14918,256.216,0,1,0,0,0,0,0,0,0,0,0,0,0.0,0.0,0.0,0.0,0.0,0.0,0.0,0,0,0.0,0.0,0.0,0.0,0.0,7.585848,7.05255,248.83800000000002,0.0,0.0,0.0,0.0,0.0,0.0,0.0,0.0,0.0,0.0,0.0,0,0.0,0.0,0,0,0,0,0,0,0,0,0,0,0,0,0,0,0,0,0
2,529.235,52,Glock19,0.0,0.0,0.0,0.0,0.0,0.9910913922030967,0.0,0.5482980864964049,0.0,6.91931,6.91931,258.546,0,1,0,0,0,0,0,0,0,0,0,0,0.0,0.0,0.0,0.0,0.0,0.0,0.0,0,0,0.0,0.0,0.0,0.0,0.0,7.572524,6.91931,250.7874,0.0,0.0,0.0,0.0,0.0,0.0,0.0,0.0,0.0,0.0,0.0,0,0.0,0.0,0,0,0,0,0,0,0,0,0,0,0,0,0,0,0,0,0
2,530.232,53,Glock19,0.0,0.0,0.0,0.0,0.0,0.9910913922030967,0.0,0.5728416483782662,0.0,6.91931,7.75687,258.848,0,1,0,0,0,0,0,0,0,0,0,0,0.0,0.0,0.0,0.0,0.0,0.0,0.0,0,0,0.0,0.0,0.0,0.0,0.0,7.610992,6.91931,252.8272,0.0,0.0,0.0,0.0,0.0,0.0,0.0,0.0,0.0,0.0,0.0,0,0.0,0.0,0,0,0,0,0,0,0,0,0,0,0,0,0,0,0,0,0
2,531.234,53,Glock19,0.0,0.0,0.0,0.0,0.0,0.9999999999723757,0.0,0.5982011170872921,0.0,6.91931,8.04057,257.523,0,1,0,0,0,0,0,0,0,0,0,0,0.0,0.0,0.0,0.0,0.0,0.0,0.0,0,0,0.0,0.0,0.0,0.0,0.0,7.639608,6.91931,254.631,0.0,0.0,0.0,0.0,0.0,0.0,0.0,0.0,0.0,0.0,0.0,0,0.0,0.0,0,0,0,0,0,0,0,0,0,0,0,0,0,0,0,0,0
2,532.238,53,Glock19,0.0,0.0,0.0,0.0,0.0,0.0,0.0,0.5724574627114107,0.0,6.91931,8.20255,260.192,0,1,0,0,0,0,0,0,0,0,0,0,0.0,0.0,0.0,0.0,0.0,0.0,0.0,0,0,0.0,0.0,0.0,0.0,0.0,7.667553000000001,6.91931,256.2222,0.0,0.0,0.0,0.0,0.0,0.0,0.0,0.0,0.0,0.0,0.0,0,0.0,0.0,0,0,0,0,0,0,0,0,0,0,0,0,0,0,0,0,0
2,533.239,53,Glock19,0.0,0.0,0.0,0.0,0.0,0.0,0.0,0.5466334135492159,0.0,6.91931,8.03026,260.411,0,1,0,0,0,0,0,0,0,0,0,0,0.0,0.0,0.0,0.0,0.0,0.0,0.0,0,0,0.0,0.0,0.0,0.0,0.0,7.707064,6.91931,257.181,0.0,0.0,0.0,0.0,0.0,0.0,0.0,0.0,0.0,0.0,0.0,0,0.0,0.0,0,0,0,0,0,0,0,0,0,0,0,0,0,0,0,0,0
2,534.238,53,Glock19,0.0,0.0,0.0,0.0,0.0,0.0,0.0,0.5218792327262173,0.0,7.75687,8.04384,260.457,0,1,0,0,0,0,0,0,0,0,0,0,0.0,0.0,0.0,0.0,0.0,0.0,0.0,0,0,0.0,0.0,0.0,0.0,0.0,7.7378420000000006,6.91931,257.7437,0.0,0.0,0.0,0.0,0.0,0.0,0.0,0.0,0.0,0.0,0.0,0,0.0,0.0,0,0,0,0,0,0,0,0,0,0,0,0,0,0,0,0,0
2,535.238,53,Glock19,0.0,0.0,0.0,0.0,0.0,0.0,0.0,0.4994416206900902,0.0,8.03026,8.47079,259.218,0,1,0,0,0,0,0,0,0,0,0,0,0.0,0.0,0.0,0.0,0.0,0.0,0.0,0,0,0.0,0.0,0.0,0.0,0.0,7.8038989999999995,6.91931,258.10710000000006,0.0,0.0,0.0,0.0,0.0,0.0,0.0,0.0,0.0,0.0,0.0,0,0.0,0.0,0,0,0,0,0,0,0,0,0,0,0,0,0,0,0,0,0
2,536.238,53,Glock19,0.0,0.0,0.0,0.0,0.0,0.0,0.0,0.47722970950105703,0.0,8.03026,9.20227,258.16,0,1,0,0,0,0,0,0,0,0,0,0,0.0,0.0,0.0,0.0,0.0,0.0,0.0,0,0,0.0,0.0,0.0,0.0,0.0,7.9430629999999995,6.91931,258.3642,0.0,0.0,0.0,0.0,0.0,0.0,0.0,0.0,0.0,0.0,0.0,0,0.0,0.0,0,0,0,0,0,0,0,0,0,0,0,0,0,0,0,0,0
2,537.242,53,Glock19,0.0,0.0,0.0,0.0,0.0,0.0,0.0,0.45195803302692905,0.0,8.03026,9.52481,257.422,0,1,0,0,0,0,0,0,0,0,0,0,0.0,0.0,0.0,0.0,0.0,0.0,0.0,0,0,0.0,0.0,0.0,0.0,0.0,8.134045,6.91931,258.6993,0.0,0.0,0.0,0.0,0.0,0.0,0.0,0.0,0.0,0.0,0.0,0,0.0,0.0,0,0,0,0,0,0,0,0,0,0,0,0,0,0,0,0,0
2,538.241,53,Glock19,0.0,0.0,0.0,0.0,0.0,0.0,0.0,0.4240934198822678,0.0,8.04384,10.0485,254.2,0,1,0,0,0,0,0,0,0,0,0,0,0.0,0.0,0.0,0.0,0.0,0.0,0.0,0,0,0.0,0.0,0.0,0.0,0.0,8.423977,6.91931,258.4977,0.0,0.0,0.0,0.0,0.0,0.0,0.0,0.0,0.0,0.0,0.0,0,0.0,0.0,0,0,0,0,0,0,0,0,0,0,0,0,0,0,0,0,0
2,539.245,53,Glock19,0.0,0.0,0.0,0.0,0.0,0.0,0.0,0.39622880673760646,0.0,8.47079,11.4445,252.329,0,1,0,0,0,0,0,0,0,0,0,0,0.0,0.0,0.0,0.0,0.0,0.0,0.0,0,0,0.0,0.0,0.0,0.0,0.0,8.876496,7.75687,257.87600000000003,0.0,0.0,0.0,0.0,0.0,0.0,0.0,0.0,0.0,0.0,0.0,0,0.0,0.0,0,0,0,0,0,0,0,0,0,0,0,0,0,0,0,0,0
2,540.243,54,Glock19,0.0,0.0,0.0,0.0,0.0,0.0,0.0,0.3678168154485097,0.0,9.20227,12.5478,253.771,0,1,0,0,0,0,0,0,0,0,0,0,0.0,0.0,0.0,0.0,0.0,0.0,0.0,0,0,0.0,0.0,0.0,0.0,0.0,9.355589,8.03026,257.36830000000003,0.0,0.0,0.0,0.0,0.0,0.0,0.0,0.0,0.0,0.0,0.0,0,0.0,0.0,0,0,0,0,0,0,0,0,0,0,0,0,0,0,0,0,0
2,541.244,54,Glock19,0.0,0.0,0.0,0.0,0.0,0.0,0.0,0.34175753910114626,0.0,9.52481,13.6517,253.107,0,1,0,0,0,0,0,0,0,0,0,0,0.0,0.0,0.0,0.0,0.0,0.0,0.0,0,0,0.0,0.0,0.0,0.0,0.0,9.916701999999999,8.03026,256.92670000000004,0.0,0.0,0.0,0.0,0.0,0.0,0.0,0.0,0.0,0.0,0.0,0,0.0,0.0,0,0,0,0,0,0,0,0,0,0,0,0,0,0,0,0,0
2,542.245,54,Glock19,0.0,0.0,0.0,0.0,0.0,0.0,0.0,0.3186178291483925,0.0,10.0485,13.7365,257.314,0,1,0,0,0,0,0,0,0,0,0,0,0.0,0.0,0.0,0.0,0.0,0.0,0.0,0,0,0.0,0.0,0.0,0.0,0.0,10.470096999999999,8.03026,256.63890000000004,0.0,0.0,0.0,0.0,0.0,0.0,0.0,0.0,0.0,0.0,0.0,0,0.0,0.0,0,0,0,0,0,0,0,0,0,0,0,0,0,0,0,0,0
2,543.245,54,Glock19,0.0,0.0,0.0,0.0,0.0,0.0,0.0,0.29134378790937016,0.0,11.4445,14.3463,257.285,0,1,0,0,0,0,0,0,0,0,0,0,0.0,0.0,0.0,0.0,0.0,0.0,0.0,0,0,0.0,0.0,0.0,0.0,0.0,11.101701,8.04384,256.3263,0.0,0.0,0.0,0.0,0.0,0.0,0.0,0.0,0.0,0.0,0.0,0,0.0,0.0,0,0,0,0,0,0,0,0,0,0,0,0,0,0,0,0,0
2,544.247,54,Glock19,0.0,0.0,0.0,0.0,0.0,0.0,0.0,0.26179042785135465,0.0,12.5478,14.9747,256.86,0,1,0,0,0,0,0,0,0,0,0,0,0.0,0.0,0.0,0.0,0.0,0.0,0.0,0,0,0.0,0.0,0.0,0.0,0.0,11.794787000000001,8.47079,255.96660000000003,0.0,0.0,0.0,0.0,0.0,0.0,0.0,0.0,0.0,0.0,0.0,0,0.0,0.0,0,0,0,0,0,0,0,0,0,0,0,0,0,0,0,0,0
2,545.248,54,Glock19,0.0,0.0,0.0,0.0,0.0,0.0,0.0,0.23283681496459868,0.0,13.6517,15.8077,254.99,0,1,0,0,0,0,0,0,0,0,0,0,0.0,0.0,0.0,0.0,0.0,0.0,0.0,0,0,0.0,0.0,0.0,0.0,0.0,12.528478,9.20227,255.5438,0.0,0.0,0.0,0.0,0.0,0.0,0.0,0.0,0.0,0.0,0.0,0,0.0,0.0,0,0,0,0,0,0,0,0,0,0,0,0,0,0,0,0,0
2,546.248,54,Glock19,0.0,0.0,0.0,0.0,0.0,0.0,0.0,0.21133200912982558,0.0,13.7365,16.6431,253.678,0,1,0,0,0,0,0,0,0,0,0,0,0.0,0.0,0.0,0.0,0.0,0.0,0.0,0,0,0.0,0.0,0.0,0.0,0.0,13.272561000000001,9.52481,255.09560000000002,0.0,0.0,0.0,0.0,0.0,0.0,0.0,0.0,0.0,0.0,0.0,0,0.0,0.0,0,0,0,0,0,0,0,0,0,0,0,0,0,0,0,0,0
2,547.252,54,Glock19,0.0,0.0,0.0,0.0,0.0,0.0,0.0,0.19827559808455913,0.0,14.3463,17.1747,251.511,0,1,0,0,0,0,0,0,0,0,0,0,0.0,0.0,0.0,0.0,0.0,0.0,0.0,0,0,0.0,0.0,0.0,0.0,0.0,14.03755,10.0485,254.5045,0.0,0.0,0.0,0.0,0.0,0.0,0.0,0.0,0.0,0.0,0.0,0,0.0,0.0,0,0,0,0,0,0,0,0,0,0,0,0,0,0,0,0,0
2,548.251,54,Glock19,0.0,0.0,0.0,0.0,0.0,0.0,0.0,0.14910913921892846,0.0,14.9747,17.3253,247.808,0,1,0,0,0,0,0,0,0,0,0,0,0.0,0.0,0.0,0.0,0.0,0.0,0.0,0,0,0.0,0.0,0.0,0.0,0.0,14.765230000000003,11.4445,253.86530000000002,0.0,0.0,0.0,0.0,0.0,0.0,0.0,0.0,0.0,0.0,0.0,0,0.0,0.0,0,0,0,0,0,0,0,0,0,0,0,0,0,0,0,0,0
2,549.252,54,Glock19,0.0,0.0,0.0,0.0,0.0,0.0,0.0,0.09955456960877361,0.0,15.8077,16.7345,242.427,0,1,0,0,0,0,0,0,0,0,0,0,0.0,0.0,0.0,0.0,0.0,0.0,0.0,0,0,0.0,0.0,0.0,0.0,0.0,15.294230000000002,12.5478,252.87510000000003,0.0,0.0,0.0,0.0,0.0,0.0,0.0,0.0,0.0,0.0,0.0,0,0.0,0.0,0,0,0,0,0,0,0,0,0,0,0,0,0,0,0,0,0
2,550.254,55,Glock19,0.0,0.0,0.0,0.0,0.0,0.0,0.0,0.04999999999861878,0.0,15.9227,15.9227,243.695,0,1,0,0,0,0,0,0,0,0,0,0,0.0,0.0,0.0,0.0,0.0,0.0,0.0,0,0,0.0,0.0,0.0,0.0,0.0,15.631720000000001,13.6517,251.86749999999998,0.0,0.0,0.0,0.0,0.0,0.0,0.0,0.0,0.0,0.0,0.0,0,0.0,0.0,0,0,0,0,0,0,0,0,0,0,0,0,0,0,0,0,0
2,551.257,55,Glock19,0.0,0.0,0.0,0.0,0.0,0.0,0.0,0.0,0.0,15.3063,15.3063,243.326,0,1,0,0,0,0,0,0,0,0,0,0,0.0,0.0,0.0,0.0,0.0,0.0,0.0,0,0,0.0,0.0,0.0,0.0,0.0,15.79718,13.7365,250.88939999999997,0.0,0.0,0.0,0.0,0.0,0.0,0.0,0.0,0.0,0.0,0.0,0,0.0,0.0,0,0,0,0,0,0,0,0,0,0,0,0,0,0,0,0,0
2,552.257,55,Glock19,3.275667871076543,3.275667871076543,0.5496634816414318,0.5496634816414318,0.24581698193988982,0.9999999999254426,0.1738188548605072,0.04999999999627213,0.02458169819398894,15.3063,46.5548,240.753,0,1,0,0,0,0,0,0,0,0,0,0,0.0,0.0,0.0,0.0,0.0,0.0,0.0,0,0,0.0,0.0,0.0,0.0,0.0,19.07901,14.3463,249.2333,0.05496634816414313,0.1738188548605072,0.05496634816414313,0.0,0.0,0.0,0.0,0.0,0.0,0.0,0.0,0,0.0,0.0,0,0,0,0,0,0,0,0,0,0,0,0,0,0,0,0,0
2,553.259,55,Glock19,2.454765245266619,-0.8192640976146943,0.04428180852410448,0.5053816731173273,0.2416281337481117,0.9441100352149734,0.1728241626770991,0.0972055017570208,0.04874451156880011,15.3063,49.4314,242.064,0,1,0,0,0,0,0,0,0,0,0,0,0.0,0.0,0.0,0.0,0.0,0.0,0.0,0,0,0.0,0.0,0.0,0.0,0.0,22.58752,14.9747,247.71119999999996,0.05939452901655358,0.1728241626770991,0.10550451547587585,0.0,0.0,0.0,0.0,0.0,0.0,0.0,0.0,0,0.0,0.0,0,0,0,0,0,0,0,0,0,0,0,0,0,0,0,0,0
2,554.259,55,Glock19,0.921954445730867,-1.532810799535752,0.0033161703023379826,0.0409656382217665,0.24122477493500566,0.844528498664727,0.17270067019936816,0.13943192669025714,0.07286698906230067,15.3063,50.0126,242.163,0,1,0,0,0,0,0,0,0,0,0,0,0.0,0.0,0.0,0.0,0.0,0.0,0.0,0,0,0.0,0.0,0.0,0.0,0.0,26.09131,15.3063,246.2415,0.05972614604678737,0.17270067019936816,0.10960107929805252,0.0,0.0,0.0,0.0,0.0,0.0,0.0,0.0,0,0.0,0.0,0,0,0,0,0,0,0,0,0,0,0,0,0,0,0,0,0
2,555.259,55,Glock19,0.0,-0.921954445730867,0.0,0.0033161703023379826,0.24122477493500566,0.844528498664727,0.17270067019936816,0.1816583516234935,0.09698946655580123,15.3063,50.7406,241.929,0,1,0,0,0,0,0,0,0,0,0,0,0.0,0.0,0.0,0.0,0.0,0.0,0.0,0,0,0.0,0.0,0.0,0.0,0.0,29.584600000000002,15.3063,244.9354,0.05972614604678737,0.17270067019936816,0.10993269632828631,0.0,0.0,0.0,0.0,0.0,0.0,0.0,0.0,0,0.0,0.0,0,0,0,0,0,0,0,0,0,0,0,0,0,0,0,0,0
2,556.26,55,CZ550,0.9889605331795237,0.9879725606189049,0.2764657821467957,0.2764657821467957,0.23867094942747683,0.6412870147139715,0.1838463180216794,0.21372270235919205,0.12085656149854893,35.125,35.125,244.732,0,1,0,0,0,0,0,0,0,0,0,0,0.0,0.0,0.0,0.0,0.0,0.0,0.0,0,0,0.0,0.0,0.0,0.0,0.0,31.43279,15.3063,244.0408,0.08737272426146694,0.1838463180216794,0.13757927454296587,0.0,0.0,0.0,0.0,0.0,0.0,0.0,0.0,0,0.0,0.0,0,0,0,0,0,0,0,0,0,0,0,0,0,0,0,0,0
2,557.262,55,CZ550,2.857868280454577,1.8651773924900734,0.6508074729616811,0.3743416908148854,0.27923143920486904,0.7365209454294143,0.2520284164452013,0.25054874963066276,0.14877970541903582,2.5124,2.5124,242.635,0,1,1,0,0,0,1,0,0,0,0,0,0.0,0.0,0.0,0.0,0.0,0.0,0.0,0,0,0.1,0.1,0.0,0.0,0.0,29.966560000000005,2.5124,243.15320000000003,0.15245347155763506,0.2520284164452013,0.17501344362445442,0.0,0.0,0.0,0.0,0.0,0.0,0.0,0.0,0,0.0,0.0,0,0,0,0,0,0,0,0,0,0,0,0,0,0,0,0,0
2,558.458,55,CZ550,1.6524258027012955,-1.007895048288697,0.28851798261142014,0.3622894903502609,0.2673914473097019,0.7607831889645422,0.24913453121917814,0.2885879090788899,0.175518850150006,2.5124,18.93,642.0,0,1,0,0,0,0,0,0,0,0,0,0,0.0,0.0,0.0,0.0,0.0,0.0,0.0,0,0,0.1,0.1,0.0,0.0,0.0,30.127029999999998,2.5124,282.5724,0.18130526981877707,0.24913453121917814,0.2112423926594805,0.0,0.0,0.0,0.0,0.0,0.0,0.0,0.0,0,0.0,0.0,0,0,0,0,0,0,0,0,0,0,0,0,0,0,0,0,0
2,559.463,55,CZ550,6.0336588799181845,4.359435897728248,0.007217587055802742,0.2813003955556174,0.26651843196955116,0.668124679051956,0.24856071086728007,0.3219941430314877,0.20217069334696114,2.5124,19.383,635.943,0,1,0,0,0,0,0,0,0,0,0,0,0.0,0.0,0.0,0.0,0.0,0.0,0.0,0,0,0.1,0.1,0.0,0.0,0.0,30.391880000000004,2.5124,321.924,0.18202702852435731,0.24856071086728007,0.23937243221504226,0.0,0.0,0.0,0.0,0.0,0.0,0.0,0.0,0,0.0,0.0,0,0,0,0,0,0,0,0,0,0,0,0,0,0,0,0,0
2,560.462,56,CZ550,5.737229181621928,-0.29672642472097716,0.05849501294002838,0.05127742588422564,0.25409135401303357,0.6388522256611595,0.2444554028831032,0.3539367543145457,0.2275798287482645,2.5124,19.943,232.768,0,1,0,0,0,0,0,0,0,0,0,0,0.0,0.0,0.0,0.0,0.0,0.0,0.0,0,0,0.1,0.1,0.0,0.0,0.0,30.79391,2.5124,320.8313,0.18787652981836017,0.2444554028831032,0.2445001748034648,0.0,0.0,0.0,0.0,0.0,0.0,0.0,0.0,0,0.0,0.0,0,0,0,0,0,0,0,0,0,0,0,0,0,0,0,0,0
2,561.463,56,CZ550,4.919509391517428,-0.8169028872172832,0.006031066501941594,0.052463946438086786,0.27651897452833707,0.6438296356150544,0.2439472940991151,0.3861282360952984,0.2552317262010982,2.5124,21.1483,231.479,0,1,0,0,0,0,0,0,0,0,0,0,0.0,0.0,0.0,0.0,0.0,0.0,0.0,0,0,0.1,0.1,0.0,0.0,0.0,31.37811,2.5124,319.6466,0.1884796364685543,0.2439472940991151,0.2497465694472735,0.0,0.0,0.0,0.0,0.0,0.0,0.0,0.0,0,0.0,0.0,0,0,0,0,0,0,0,0,0,0,0,0,0,0,0,0,0
2,562.521,56,CZ550,5.243584925198596,0.3063095781485522,0.11929813085619587,0.11326706435425427,0.11724897405603216,0.6915266273254976,0.20854080812312095,0.4207045674615733,0.2423749254127124,14.8273,14.8273,620.386,0,1,0,0,0,0,0,0,0,0,0,0,0.0,0.0,0.0,0.0,0.0,0.0,0.0,0,0,0.1,0.1,0.0,0.0,0.0,28.205359999999995,2.5124,357.60990000000004,0.14544310139003075,0.20854080812312095,0.20610692771855574,0.0,0.0,0.0,0.0,0.0,0.0,0.0,0.0,0,0.0,0.0,0,0,0,0,0,0,0,0,0,0,0,0,0,0,0,0,0
2,563.472,56,CZ550,3.856387753963919,-1.4586721043477153,0.0326521397112404,0.08664599114495547,0.046905608999539446,0.7209407991908872,0.20919902453996345,0.45675160742111764,0.2229026729378552,14.8273,16.6995,616.878,0,1,0,0,0,0,0,0,0,0,0,0,0.0,0.0,0.0,0.0,0.0,0.0,0.0,0,0,0.1,0.1,0.0,0.0,0.0,24.932170000000003,2.5124,395.0913,0.14428013450874433,0.20919902453996345,0.16423335952131857,0.0,0.0,0.0,0.0,0.0,0.0,0.0,0.0,0,0.0,0.0,0,0,0,0,0,0,0,0,0,0,0,0,0,0,0,0,0
2,564.517,56,CZ550,0.8559177032131161,-2.8712632064600987,1.5837415601177307e-05,0.03263630229563922,0.048431584124206,0.727275208630921,0.20944857385459864,0.4931153678526637,0.20362335385677524,14.8273,16.7266,615.945,0,1,0,0,0,0,0,0,0,0,0,0,0.0,0.0,0.0,0.0,0.0,0.0,0.0,0,0,0.1,0.1,0.0,0.0,0.0,21.603569999999998,2.5124,432.4695,0.14395010122007063,0.20944857385459864,0.16340042592870582,0.0,0.0,0.0,0.0,0.0,0.0,0.0,0.0,0,0.0,0.0,0,0,0,0,0,0,0,0,0,0,0,0,0,0,0,0,0
2,565.517,56,CZ550,1.8459867405809038,0.9900690373677877,0.011925361780790626,0.011909524365189448,0.04924951993391248,0.7311886635509941,0.20857000545111634,0.5296748010302135,0.1844258283566659,14.8273,16.1809,614.835,0,1,0,0,0,0,0,0,0,0,0,0,0.0,0.0,0.0,0.0,0.0,0.0,0.0,0,0,0.1,0.1,0.0,0.0,0.0,18.1476,2.5124,469.7601000000001,0.1451426373981497,0.20857000545111634,0.16425976133499098,0.0,0.0,0.0,0.0,0.0,0.0,0.0,0.0,0,0.0,0.0,0,0,0,0,0,0,0,0,0,0,0,0,0,0,0,0,0
2,566.519,56,CZ550,2.714864374486257,0.8671433472109313,0.035583150585432065,0.02365778880464144,0.04676685934189972,0.7470922110924307,0.20560698570874045,0.567029411584835,0.1652354193481082,14.8273,18.331,612.38,0,1,0,0,0,0,0,0,0,0,0,0,0.0,0.0,0.0,0.0,0.0,0.0,0.0,0,0,0.1,0.1,0.0,0.0,0.0,16.4682,2.5124,506.5249,0.12105437424201335,0.20560698570874045,0.13897896200077556,0.0,0.0,0.0,0.0,0.0,0.0,0.0,0.0,0,0.0,0.0,0,0,0,0,0,0,0,0,0,0,0,0,0,0,0,0,0
2,567.522,56,CZ550,3.413208927469518,0.696255785626382,0.19908073074421828,0.1634975801587862,0.08141061920974363,0.7540214528238147,0.09747487134446889,0.6047304842260257,0.14545333734859567,6.80974,6.80974,609.104,0,1,0,0,0,0,0,0,0,0,0,0,0.0,0.0,0.0,0.0,0.0,0.0,0.0,0,0,0.0,0.0,0.0,0.0,0.0,16.897934,6.80974,543.1718,0.07588170002026709,0.09747487134446889,0.11789455093516563,0.0,0.0,0.0,0.0,0.0,0.0,0.0,0.0,0,0.0,0.0,0,0,0,0,0,0,0,0,0,0,0,0,0,0,0,0,0
2,568.523,56,CZ550,1.2987012996611498,-2.112395232575793,0.5663740307338604,0.3672932999896421,0.23960073460049933,0.7452754095573771,0.1742157966939703,0.6419942547038946,0.14267426607767542,6.80974,6.92747,212.318,0,1,0,0,0,0,0,0,0,0,0,0,0.0,0.0,0.0,0.0,0.0,0.0,0.0,0,0,0.0,0.0,0.0,0.0,0.0,15.697681,6.80974,500.2036,0.1036673048325111,0.1742157966939703,0.11839493189910374,0.0,0.0,0.0,0.0,0.0,0.0,0.0,0.0,0,0.0,0.0,0,0,0,0,0,0,0,0,0,0,0,0,0,0,0,0,0
2,569.521,56,CZ550,1.2753428919584717,-0.023405218138955963,0.018141471773043708,0.5482325589608167,0.23664485429812218,0.7348735991520581,0.17357690620042837,0.6787379346614975,0.1396869083105325,6.80974,7.53369,211.152,0,1,0,0,0,0,0,0,0,0,0,0,0.0,0.0,0.0,0.0,0.0,0.0,0.0,0,0,0.0,0.0,0.0,0.0,0.0,14.512750000000002,6.80974,457.7245000000001,0.10475969330423522,0.17357690620042837,0.14508814823962368,0.0,0.0,0.0,0.0,0.0,0.0,0.0,0.0,0,0.0,0.0,0,0,0,0,0,0,0,0,0,0,0,0,0,0,0,0,0
2,570.527,57,CZ550,0.0,-1.2677364731197531,2.094773782847616e-08,0.01814145082530588,0.2386404063662001,0.7348735991520581,0.17627392924688784,0.7154816146191003,0.13814181354584917,6.80974,6.92464,208.615,0,1,0,0,0,0,0,0,0,0,0,0,0.0,0.0,0.0,0.0,0.0,0.0,0.0,0,0,0.0,0.0,0.0,0.0,0.0,13.210913999999999,6.80974,455.30920000000003,0.09891019410500615,0.17627392924688784,0.1417745507337317,0.0,0.0,0.0,0.0,0.0,0.0,0.0,0.0,0,0.0,0.0,0,0,0,0,0,0,0,0,0,0,0,0,0,0,0,0,0
2,571.526,57,CZ550,2.4172861247172177,2.4197058305477657,2.532849724726743,2.5328497037790054,1.0696152035736313,0.6571120954854494,0.7857484992323341,0.7483372193933728,0.21745143645037857,6.80974,139.382,209.981,0,1,0,0,0,0,0,0,0,0,0,0,0.0,0.0,0.0,0.0,0.0,0.0,0.0,0,0,0.0,0.0,0.0,0.0,0.0,25.034284,6.80974,453.1594,0.3515920599274863,0.7857484992323341,0.3898131264678236,0.0,0.0,0.0,0.0,0.0,0.0,0.0,0.0,0,0.0,0.0,0,0,0,0,0,0,0,0,0,0,0,0,0,0,0,0,0
2,572.525,57,CZ550,6.414240076731136,4.000954906920839,0.06082256429698234,2.472027160429761,1.0862734708380994,0.47249570887205183,0.7878840035415666,0.7219620048407032,0.3143538861285853,6.92464,144.391,221.219,0,1,0,0,0,0,0,0,0,0,0,0,0.0,0.0,0.0,0.0,0.0,0.0,0.0,0,0,0.0,0.0,0.0,0.0,0.0,37.990654,6.80974,413.24269999999996,0.345744503271565,0.7878840035415666,0.6256891360753742,0.0,0.0,0.0,0.0,0.0,0.0,0.0,0.0,0,0.0,0.0,0,0,0,0,0,0,0,0,0,0,0,0,0,0,0,0,0
2,573.526,57,CZ550,6.669407826305575,0.25491283673770143,0.00018689841261667405,0.06063566588436566,1.1241493172257915,0.33607718350177573,0.7893829276577011,0.6915603622550435,0.4220782569512105,6.92464,146.645,230.061,0,1,0,0,0,0,0,0,0,0,0,0,0.0,0.0,0.0,0.0,0.0,0.0,0.0,0,0,0.0,0.0,0.0,0.0,0.0,50.985203999999996,6.80974,374.56100000000004,0.34249797914170255,0.7893829276577011,0.6230881035493152,0.0,0.0,0.0,0.0,0.0,0.0,0.0,0.0,0,0.0,0.0,0,0,0,0,0,0,0,0,0,0,0,0,0,0,0,0,0
2,574.529,57,CZ550,6.782315054677655,0.11256951981264231,0.7991092399541241,0.7989223415415074,1.0903159801639342,0.1907723857387425,0.7913050723539874,0.6588725566087442,0.5262666965551833,6.92464,103.587,233.444,0,1,0,0,0,0,0,0,0,0,0,0,0.0,0.0,0.0,0.0,0.0,0.0,0.0,0,0,0.0,0.0,0.0,0.0,0.0,59.671244,6.80974,336.3109,0.4224073193955549,0.7913050723539874,0.6997167074739021,0.0,0.0,0.0,0.0,0.0,0.0,0.0,0.0,0,0.0,0.0,0,0,0,0,0,0,0,0,0,0,0,0,0,0,0,0,0
2,575.528,57,CZ550,6.5995487318820745,-0.18294927206764813,0.0065841310471471265,0.7925251089069769,1.0892950192616295,0.09942413378526176,0.7916146713707479,0.6216173383647708,0.6302712464879551,103.587,105.668,235.449,0,1,0,0,0,0,0,0,0,0,0,0,0.0,0.0,0.0,0.0,0.0,0.0,0.0,0,0,0.0,0.0,0.0,0.0,0.0,68.619954,6.80974,298.3723,0.4218731963221905,0.7916146713707479,0.7777782659280807,0.0,0.0,0.0,0.0,0.0,0.0,0.0,0.0,0,0.0,0.0,0,0,0,0,0,0,0,0,0,0,0,0,0,0,0,0,0
2,576.532,57,CZ550,6.437760691956668,-0.16114346606116192,0.3160153647711357,0.30943123372398856,0.340007202419195,0.0567671685070942,0.7813098510233262,0.592391346054427,0.6595952807956846,103.587,124.649,240.808,0,1,0,0,0,0,0,0,0,0,0,0,0.0,0.0,0.0,0.0,0.0,0.0,0.0,0,0,0.0,0.0,0.0,0.0,0.0,79.251754,6.80974,261.2151,0.4499164177407609,0.7813098510233262,0.8063556104200156,0.0,0.0,0.0,0.0,0.0,0.0,0.0,0.0,0,0.0,0.0,0,0,0,0,0,0,0,0,0,0,0,0,0,0,0,0,0
2,577.533,57,CZ550,6.230774862531135,-0.20677905037515798,0.03807799885705306,0.27793736591408263,0.3430841157757615,0.07049993513461461,0.788677226132812,0.559090295539687,0.6857626304522864,103.587,128.29,244.849,0,1,0,0,0,0,0,0,0,0,0,0,0.0,0.0,0.0,0.0,0.0,0.0,0.0,0,0,0.0,0.0,0.0,0.0,0.0,91.39977999999999,6.92464,224.7896,0.4338161445520443,0.788677226132812,0.8177995889955453,0.0,0.0,0.0,0.0,0.0,0.0,0.0,0.0,0,0.0,0.0,0,0,0,0,0,0,0,0,0,0,0,0,0,0,0,0,0
2,578.537,57,CZ550,3.1259704691592582,-3.092434654752865,4.1426757263406176e-05,0.03803657209978965,0.34310869336739686,0.11908744073103059,0.7983748460996097,0.5270055081280114,0.6961134263289761,103.587,129.26,246.583,0,1,0,0,0,0,0,0,0,0,0,0,0.0,0.0,0.0,0.0,0.0,0.0,0.0,0,0,0.0,0.0,0.0,0.0,0.0,103.633033,6.92464,228.2161,0.37718288415438467,0.7983748460996097,0.7848739162065599,0.0,0.0,0.0,0.0,0.0,0.0,0.0,0.0,0,0.0,0.0,0,0,0,0,0,0,0,0,0,0,0,0,0,0,0,0,0
2,579.535,57,Glock19,3.207978075114941,0.0821719498553937,0.08199937947793322,0.08195795272066982,0.13122785213966315,0.24022914522216426,0.7954339372213984,0.5056107314365218,0.6855717261131302,105.668,124.535,250.735,0,1,0,1,1,0,0,0,0,0,0,0,0.0,0.0,0.0,0.0,0.0,0.0,0.0,0,0,0.0,0.0,0.0,0.0,0.0,115.33316400000001,6.92464,232.17439999999996,0.3835686749248736,0.7954339372213984,0.7382464555825452,0.0,0.0,0.0,0.0,0.0,0.0,0.0,0.0,0,0.0,0.0,0,0,0,0,0,0,0,0,0,0,0,0,0,0,0,0,0
2,580.538,58,Glock19,1.8625664719799677,-1.341387440812536,0.016137530563991417,0.0658618489139418,0.12979794529435212,0.3471805637804816,0.7945852186981774,0.49102714834248795,0.6746874800059455,123.002,123.002,252.033,0,1,0,1,1,0,0,0,0,0,0,0,0.0,0.0,0.0,0.0,0.0,0.0,0.0,0,0,0.0,0.0,0.0,0.0,0.0,126.94090000000001,103.587,236.51620000000003,0.385182425886499,0.7945852186981774,0.7430184953914087,0.0,0.0,0.0,0.0,0.0,0.0,0.0,0.0,0,0.0,0.0,0,0,0,0,0,0,0,0,0,0,0,0,0,0,0,0,0
2,581.54,58,Glock19,0.09980039920195988,-1.7592475776227623,2.1031361532382254e-08,0.016137509532629886,0.034355112039721525,0.4380876644615191,0.25312467817569273,0.4807400497848112,0.5711614708525544,122.84,122.84,257.319,0,1,0,1,1,0,0,0,0,0,0,0,0.0,0.0,0.0,0.0,0.0,0.0,0.0,0,0,0.0,0.0,0.0,0.0,0.0,125.2867,103.587,241.25,0.1318974555169608,0.25312467817569273,0.49134727596677125,0.0,0.0,0.0,0.0,0.0,0.0,0.0,0.0,0,0.0,0.0,0,0,0,0,0,0,0,0,0,0,0,0,0,0,0,0,0
2,582.542,58,Glock19,0.09980039969914652,4.961942505801105e-10,0.023559246478220355,0.023559225446858824,0.03382066334986345,0.5613367989554217,0.2545574801284762,0.47423055836630745,0.4659161901037308,122.107,122.107,257.663,0,1,0,0,0,0,0,0,0,0,0,0,0.0,0.0,0.0,0.0,0.0,0.0,0.0,0,0,0.0,0.0,0.0,0.0,0.0,123.05829999999999,103.587,244.8944,0.1281711237350846,0.2545574801284762,0.2465004824684811,0.0,0.0,0.0,0.0,0.0,0.0,0.0,0.0,0,0.0,0.0,0,0,0,0,0,0,0,0,0,0,0,0,0,0,0,0,0
2,583.581,58,Glock19,5.5230670781497295,5.219698439317212,0.02846692798228776,0.004907681504067406,0.03098358661504819,0.670952743951567,0.2531307490247129,0.4717311556043414,0.3565996170426565,121.961,121.961,258.682,0,1,0,0,0,0,0,0,0,0,0,0,0.0,0.0,0.0,0.0,0.0,0.0,0.0,0,0,0.0,0.0,0.0,0.0,0.0,120.58989999999999,103.587,247.75650000000002,0.13099912669205174,0.2531307490247129,0.24092768403045128,0.0,0.0,0.0,0.0,0.0,0.0,0.0,0.0,0,0.0,0.0,0,0,0,0,0,0,0,0,0,0,0,0,0,0,0,0,0
2,584.755,58,Glock19,5.145396357934032,-0.3216956730968466,0.10778245345974768,0.07931552547745993,0.04198651459888128,0.7120621893931998,0.09606201863423784,0.4709705046424554,0.2517666704861512,116.022,116.022,261.541,0,1,0,0,0,0,0,0,0,0,0,0,0.0,0.0,0.0,0.0,0.0,0.0,0.0,0,0,0.0,0.0,0.0,0.0,0.0,121.83340000000001,105.668,250.56620000000004,0.061866448042614076,0.09606201863423784,0.16896700242404655,0.0,0.0,0.0,0.0,0.0,0.0,0.0,0.0,0,0.0,0.0,0,0,0,0,0,0,0,0,0,0,0,0,0,0,0,0,0
2,585.758,58,Glock19,8.518288608402461,3.362803838951575,0.012794610944379512,0.09498784251536817,0.04239040681877599,0.7592115972732457,0.09568423557289008,0.47237165132856795,0.14707620924186587,116.022,117.804,265.706,0,1,0,0,0,0,0,0,0,0,0,0,0.0,0.0,0.0,0.0,0.0,0.0,0.0,0,0,0.0,0.0,0.0,0.0,0.0,123.047,116.022,253.59190000000004,0.06248749603233731,0.09568423557289008,0.09921327578488567,0.0,0.0,0.0,0.0,0.0,0.0,0.0,0.0,0,0.0,0.0,0,0,0,0,0,0,0,0,0,0,0,0,0,0,0,0,0
2,586.757,58,Glock19,2.373142749627867,-6.151297155930524,2.238306376383184e-06,0.01279237263800313,0.04238995541845193,0.8146370172932114,0.03657694178114902,0.4757488916386069,0.11731448454179154,116.022,117.73,267.4,0,1,0,0,0,0,0,0,0,0,0,0,0.0,0.0,0.0,0.0,0.0,0.0,0.0,0,0,0.0,0.0,0.0,0.0,0.0,122.3551,116.022,256.2511,0.03088618338586139,0.03657694178114902,0.06954938967628713,0.0,0.0,0.0,0.0,0.0,0.0,0.0,0.0,0,0.0,0.0,0,0,0,0,0,0,0,0,0,0,0,0,0,0,0,0,0
2,587.759,58,Glock19,0.0,-2.368405937752362,2.1031361532382254e-08,2.2172750148508015e-06,0.04513360252122272,0.896941992049753,0.03770955317546875,0.4828949185999039,0.08751943321633768,116.022,117.039,267.86,0,1,0,0,0,0,0,0,0,0,0,0,0.0,0.0,0.0,0.0,0.0,0.0,0.0,0,0,0.0,0.0,0.0,0.0,0.0,121.22999999999999,116.022,258.55219999999997,0.02707838560329224,0.03770955317546875,0.04175587481238034,0.0,0.0,0.0,0.0,0.0,0.0,0.0,0.0,0,0.0,0.0,0,0,0,0,0,0,0,0,0,0,0,0,0,0,0,0,0
2,588.759,58,Glock19,0.0,0.0,2.1073424255447017e-08,4.2062723064763185e-11,0.0470979927088554,0.9125363216356216,0.037712853860556235,0.49125796420381607,0.05791836315048354,116.022,116.768,270.293,0,1,0,0,0,0,0,0,0,0,0,0,0.0,0.0,0.0,0.0,0.0,0.0,0.0,0,0,0.0,0.0,0.0,0.0,0.0,119.9808,116.022,260.9232,0.027074245034908316,0.037712853860556235,0.03795221760660765,0.0,0.0,0.0,0.0,0.0,0.0,0.0,0.0,0,0.0,0.0,0,0,0,0,0,0,0,0,0,0,0,0,0,0,0,0,0
2,589.766,58,Glock19,0.0,0.0,2.092693570550846e-08,1.4648854993855654e-10,0.00572166674656804,0.9409748228022138,0.03307262690563821,0.5015630253863239,0.04536774461117402,116.768,117.254,271.751,0,1,0,0,0,0,0,0,0,0,0,0,0.0,0.0,0.0,0.0,0.0,0.0,0.0,0,0,0.0,0.0,0.0,0.0,0.0,119.2527,116.022,263.0248,0.01887430917980857,0.03307262690563821,0.029756422349189526,0.0,0.0,0.0,0.0,0.0,0.0,0.0,0.0,0,0.0,0.0,0,0,0,0,0,0,0,0,0,0,0,0,0,0,0,0,0
2,590.93,59,Glock19,0.0,0.0,1.810431637065895e-08,2.8226193348495106e-09,9.91783804901867e-07,0.9409748228022138,0.033610340388913536,0.5118680865688316,0.0323880492601193,116.768,117.251,270.705,0,1,0,0,0,0,0,0,0,0,0,0,0.0,0.0,0.0,0.0,0.0,0.0,0.0,0,0,0.0,0.0,0.0,0.0,0.0,118.67760000000001,116.022,264.892,0.017260557933841063,0.033610340388913536,0.02317023774005728,0.0,0.0,0.0,0.0,0.0,0.0,0.0,0.0,0,0.0,0.0,0,0,0,0,0,0,0,0,0,0,0,0,0,0,0,0,0
2,591.932,59,Glock19,0.0,0.0,2.1031361532382254e-08,2.927045161723304e-09,1.3031649021853578e-09,0.9482784767230479,0.033610340388913536,0.5264264056307116,0.02895253818646364,116.768,117.137,272.573,0,1,0,0,0,0,0,0,0,0,0,0,0.0,0.0,0.0,0.0,0.0,0.0,0.0,0,0,0.0,0.0,0.0,0.0,0.0,118.10730000000001,116.022,266.4174,0.017260557933841063,0.033610340388913536,0.021556487079498806,0.0,0.0,0.0,0.0,0.0,0.0,0.0,0.0,0,0.0,0.0,0,0,0,0,0,0,0,0,0,0,0,0,0,0,0,0,0
2,592.929,59,Glock19,0.0,0.0,2.1136834759726197e-08,1.0547322734394266e-10,1.3160524063981942e-09,0.9535244247780603,0.03394381595257537,0.550477841426012,0.025570471983082533,116.768,117.713,270.575,0,1,0,0,0,0,0,0,0,0,0,0,0.0,0.0,0.0,0.0,0.0,0.0,0.0,0,0,0.0,0.0,0.0,0.0,0.0,117.6679,116.022,267.7086,0.014904635399702503,0.03394381595257537,0.01920056454536025,0.0,0.0,0.0,0.0,0.0,0.0,0.0,0.0,0,0.0,0.0,0,0,0,0,0,0,0,0,0,0,0,0,0,0,0,0,0
2,593.937,59,Glock19,0.5355877804780595,0.5313370838075988,0.06471829169986662,0.06471827056303187,0.02894289084733815,0.9570484409640588,0.037320968502315754,0.5815264042991262,0.02536640240631153,114.076,114.076,270.721,0,1,0,0,0,0,0,0,0,0,0,0,0.0,0.0,0.0,0.0,0.0,0.0,0.0,0,0,0.0,0.0,0.0,0.0,0.0,116.8794,114.076,268.9125,0.01852977177146039,0.037320968502315754,0.025181623451256695,0.0,0.0,0.0,0.0,0.0,0.0,0.0,0.0,0,0.0,0.0,0,0,0,0,0,0,0,0,0,0,0,0,0,0,0,0,0
2,594.939,59,Glock19,3.790753887118722,3.2486687691024576,2.237703709174153,2.1729854174742864,0.9938909494760306,0.9474801885695141,0.7051907669334726,0.6193617944406646,0.12055684589402646,13.1834,13.1834,678.795,0,1,0,0,0,0,0,0,0,0,0,0,0.0,0.0,0.0,0.0,0.0,0.0,0.0,0,0,0.0,0.0,0.0,0.0,0.0,106.59553999999999,13.1834,310.6379,0.2315218973429009,0.7051907669334726,0.23454861265093935,0.0,0.0,0.0,0.0,0.0,0.0,0.0,0.0,0,0.0,0.0,0,0,0,0,0,0,0,0,0,0,0,0,0,0,0,0,0
2,595.933,59,Glock19,3.285226671584686,-0.5085786876599963,0.11087783139960421,2.126825877774549,0.982216496505736,0.9389628847074171,0.7024874449595805,0.6613387319867725,0.21453945486272247,6.50153,6.50153,274.15,0,1,0,0,0,0,0,0,0,0,0,0,0.0,0.0,0.0,0.0,0.0,0.0,0.0,0,0,0.0,0.0,0.0,0.0,0.0,95.465293,6.50153,311.4823,0.2413302193884234,0.7024874449595805,0.4377324161768573,0.0,0.0,0.0,0.0,0.0,0.0,0.0,0.0,0,0.0,0.0,0,0,0,0,0,0,0,0,0,0,0,0,0,0,0,0,0
2,596.936,59,Glock19,0.001146560319042856,-3.2742573392478995,0.0,0.11087783139960421,0.9822164990894322,0.9402140420574339,0.7024875303969603,0.7055110756642895,0.3085221092298205,6.18726,6.18726,274.318,0,1,0,0,0,0,0,0,0,0,0,0,0.0,0.0,0.0,0.0,0.0,0.0,0.0,0,0,0.0,0.0,0.0,0.0,0.0,84.311019,6.18726,312.1741,0.24132999555778575,0.7024875303969603,0.44754096205301747,0.0,0.0,0.0,0.0,0.0,0.0,0.0,0.0,0,0.0,0.0,0,0,0,0,0,0,0,0,0,0,0,0,0,0,0,0,0
2,597.935,59,Glock19,1.5616750532728523,1.5620905835373469,0.35757548449754356,0.35757548449754356,0.950803668446265,0.9366336242274537,0.6979243360100479,0.7488177601189314,0.39908911582232476,0.66676,0.66676,681.42,0,1,1,0,0,0,1,0,1,0,0,0,0.0,0.0,0.0,0.0,0.0,0.0,0.0,0,0,0.1,0.1,0.0,0.0,0.0,72.67379500000001,0.66676,353.5301,0.277087541904404,0.6979243360100479,0.4832982887752705,0.0,0.0,0.1,0.0,0.0,0.0,0.0,0.0,0,0.0,0.0,0,0,0,0,0,0,0,0,0,0,0,0,0,0,0,0,0
2,598.936,59,Glock19,1.9657893865450369,0.4037106226495351,0.4198884434686796,0.062312958971136034,0.9177889546818451,0.9414964908028437,0.6920074970464754,0.7899382126225222,0.4861582120196237,0.66676,1.8818,273.175,0,1,1,0,0,0,1,0,0,0,0,0,0.0,1.001,0.0,0.0,0.0,0.0,0.0,0,0,0.2,0.2,0.0,0.0,0.0,61.185175,0.66676,353.8183,0.31907638414392947,0.6920074970464754,0.4895295846681777,1.001,0.0,0.1,0.0,0.0,0.0,0.0,0.0,0,0.0,0.0,0,0,0,0,0,0,0,0,0,0,0,0,0,0,0,0,0
2,599.951,59,Glock19,3.8155486139734744,1.8224228841659484,0.09325975336629969,0.32662869010237994,0.18196806121296732,0.9458077469157656,0.6878455148843993,0.8252171427072021,0.5037828514662636,0.66676,4.3442,272.478,0,1,1,0,0,0,1,0,0,0,0,0,0.0,2.016,0.0,0.0,0.0,0.0,0.0,0,0,0.3,0.3,0.0,0.0,0.0,49.894195,0.66676,353.89099999999996,0.3284023573878659,0.6878455148843993,0.5221924536637669,2.016,0.0,0.1,0.0,0.0,0.0,0.0,0.0,0,0.0,0.0,0,0,0,0,0,0,0,0,0,0,0,0,0,0,0,0,0
2,600.941,60,Glock19,4.0280818249335235,0.21468001107075663,0.6465321851960426,0.553272431829743,0.2600263002378059,0.9148892282574506,0.6839217935882874,0.8536025759310505,0.5297853823116637,0.291412,0.291412,985.082,0,1,1,0,0,0,1,0,1,0,0,0,0.0,3.006,0.0,0.0,0.0,0.0,0.0,0,0,0.4,0.4,0.0,0.0,0.0,38.198236200000004,0.291412,425.3287,0.3930555740970385,0.6839217935882874,0.5775196965644792,3.006,0.0,0.2,0.0,0.0,0.0,0.0,0.0,0,0.0,0.0,0,0,0,0,0,0,0,0,0,0,0,0,0,0,0,0,0
2,601.962,60,Glock19,4.042999089471138,0.014610445188652841,0.015930388348280113,0.6306017968477625,0.25543567634963665,0.8901611470221693,0.6829223591770204,0.8762062500590831,0.555328949816311,0.291412,0.714637,985.037,0,1,1,0,0,0,1,0,1,0,0,0,0.0,4.026999999999999,0.0,1.021,0.0,0.0,0.0,0,0,0.5,0.5,0.0,0.0,0.0,26.5559999,0.291412,496.5751,0.3946486108287304,0.6829223591770204,0.6405798759565509,4.026999999999999,0.0,0.3,0.0,0.0,0.0,1.021,0.0,0,0.0,0.0,0,0,0,0,0,0,0,0,0,0,0,0,0,0,0,0,0
2,602.941,60,Glock19,3.558146787266049,-0.4952526069510613,0.5453661741936277,0.5294357858453476,0.2776388236216563,0.8883668972550333,0.6695497980356334,0.8925577549740638,0.5830928320468712,0.291412,0.765662,267.536,0,1,1,0,0,0,1,0,0,0,0,0,0.0,5.005999999999999,0.0,0.0,0.0,0.0,0.0,0,0,0.6,0.6,0.0,0.0,0.0,14.8612661,0.291412,496.2712,0.44918522613440964,0.6695497980356334,0.6935234545305384,5.005999999999999,0.0,0.3,0.0,0.0,0.0,1.021,0.0,0,0.0,0.0,0,0,0,0,0,0,0,0,0,0,0,0,0,0,0,0,0
2,603.943,60,Glock19,3.1884413609346813,-0.36896749134867035,0.003128420157991412,0.5422377540356362,0.30991640840360746,0.8587776948330548,0.6737494512636605,0.901949002518138,0.6111901838024982,0.291412,0.697174,264.87,0,1,1,0,0,0,1,0,0,0,0,0,0.0,6.007999999999999,0.0,0.0,0.0,0.0,0.0,0,0,0.7,0.7,0.0,0.0,0.0,3.5233835,0.291412,495.6861,0.4430262389802221,0.6737494512636605,0.7412754028777988,6.007999999999999,0.0,0.3,0.0,0.0,0.0,1.021,0.0,0,0.0,0.0,0,0,0,0,0,0,0,0,0,0,0,0,0,0,0,0,0
2,604.943,60,Glock19,3.987994483446362,0.7995531225116808,0.24911256725133668,0.24598414709334526,0.2963899625487165,0.8418289326897306,0.23728340410924786,0.9084373396829646,0.5414400851097667,0.291412,14.4263,261.587,0,1,0,0,0,0,0,0,0,0,0,0,0.0,0.0,0.0,0.0,0.0,0.0,0.0,0,0,0.7,0.7,0.0,0.0,0.0,3.6476735000000007,0.291412,453.9653,0.2441671247879405,0.23728340410924786,0.5485752758397047,6.007999999999999,0.0,0.3,0.0,0.0,0.0,1.021,0.0,0,0.0,0.0,0,0,0,0,0,0,0,0,0,0,0,0,0,0,0,0,0
2,605.945,60,Glock19,3.8588910280005844,-0.12884576391794184,0.07737181343663779,0.1717407538146989,0.22747933871166942,0.8532008704344849,0.23959992107768507,0.9131368033410266,0.4659663693303601,0.697174,10.4242,258.17,0,1,0,0,0,0,0,0,0,0,0,0,0.0,0.0,0.0,0.0,0.0,0.0,0.0,0,0,0.7,0.7,0.0,0.0,0.0,4.0399405,0.291412,452.3673,0.24081652299164386,0.23959992107768507,0.35306676344371973,6.007999999999999,0.0,0.3,0.0,0.0,0.0,1.021,0.0,0,0.0,0.0,0,0,0,0,0,0,0,0,0,0,0,0,0,0,0,0,0
2,606.949,60,Glock19,3.1707403594536943,-0.6854090324172212,0.2715907494161921,0.1942189359795543,0.2099491773055027,0.8596018551980156,0.22416546502114007,0.9153850452362668,0.3887396371519672,0.697174,4.87074,255.508,0,1,1,0,0,0,1,0,0,0,0,0,0.0,0.0,0.0,0.0,0.0,0.0,0.0,0,0,0.8,0.8,0.0,0.0,0.0,3.9082885,0.291412,450.4862999999999,0.2679755979332631,0.22416546502114007,0.3614008739017147,6.007999999999999,0.0,0.3,0.0,0.0,0.0,1.021,0.0,0,0.0,0.0,0,0,0,0,0,0,0,0,0,0,0,0,0,0,0,0,0
2,607.949,60,Glock19,0.0,-3.1707403594536943,2.1073424255447017e-08,0.2715907283427679,0.13183857935068483,0.8596018551980156,0.23646661739733293,0.9135180383936798,0.30684312824240917,0.697174,4.88964,255.544,0,1,1,0,0,0,1,0,0,0,0,0,0.0,1.0,0.0,0.0,0.0,0.0,0.0,0,0,0.8,0.8,0.0,0.0,0.0,4.3305765,0.291412,407.8987,0.23221805159085113,0.23646661739733293,0.35280239828623716,6.007999999999999,0.0,0.2,0.0,0.0,0.0,1.021,0.0,0,0.0,0.0,0,0,0,0,0,0,0,0,0,0,0,0,0,0,0,0,0
2,608.959,60,Glock19,1.7425161134545197,1.7252634786678414,0.00017693981638644145,0.000176918742962186,0.1324989832767024,0.8115155270312571,0.2367031139132767,0.9084669986634617,0.22831413110189494,4.87074,5.6049,257.341,0,1,0,0,0,0,0,0,0,0,0,0,0.0,0.0,0.0,0.0,0.0,0.0,0.0,0,0,0.7,0.7,0.0,0.0,0.0,4.7028865,0.291412,406.3153,0.19024690122562182,0.2367031139132767,0.3465887942634197,6.007999999999999,0.0,0.2,0.0,0.0,0.0,1.021,0.0,0,0.0,0.0,0,0,0,0,0,0,0,0,0,0,0,0,0,0,0,0,0
2,609.959,60,Glock19,2.3239069172402207,0.581390803785701,0.0,0.00017693981638644145,0.1176523295378945,0.7819363231432576,0.24270991273132944,0.9005150736805139,0.22188255793438763,4.87074,5.83331,261.348,0,1,0,0,0,0,0,0,0,0,0,0,0.0,0.0,0.0,0.0,0.0,0.0,0.0,0,0,0.6,0.6,0.0,0.0,0.0,4.8517975,0.291412,405.20230000000004,0.18092092588899183,0.24270991273132944,0.31394361923482045,6.007999999999999,0.0,0.2,0.0,0.0,0.0,1.021,0.0,0,0.0,0.0,0,0,0,0,0,0,0,0,0,0,0,0,0,0,0,0,0
2,610.963,61,Glock19,0.0,-2.314648323944443,0.0,0.0,0.12143931488932393,0.7819363231432576,0.18388132212080022,0.892563148697566,0.20802385939953943,4.87074,5.49736,263.388,0,1,0,0,0,0,0,0,0,0,0,0,0.0,0.0,0.0,0.0,0.0,0.0,0.0,0,0,0.5,0.5,0.0,0.0,0.0,5.3723923,0.697174,333.0329,0.11626770736938759,0.18388132212080022,0.2586163760518462,6.007999999999999,0.0,0.1,0.0,0.0,0.0,1.021,0.0,0,0.0,0.0,0,0,0,0,0,0,0,0,0,0,0,0,0,0,0,0,0
2,611.963,61,Glock19,0.0,0.0,0.270832050267445,0.270832050267445,0.12110001438282252,0.7819363231432576,0.18608126611966877,0.8842460410185765,0.194590293202858,2.76711,2.76711,678.196,0,1,1,0,0,0,1,0,1,0,0,0,0.0,0.0,0.0,0.0,0.0,0.0,0.0,0,0,0.5,0.5,0.0,0.0,0.0,5.5776395999999995,0.697174,302.34880000000004,0.1417578735613041,0.18608126611966877,0.22263940139381436,6.007999999999999,0.0,0.1,0.0,0.0,0.0,0.0,0.0,0,0.0,0.0,0,0,0,0,0,0,0,0,0,0,0,0,0,0,0,0,0
2,612.964,61,Glock19,3.098579682162919,3.0954841979649546,1.36767094915731,1.096838898889865,0.5930471033725636,0.6685720804464662,0.4195210010226518,0.8699984238019969,0.22613112117794873,2.76711,69.2629,983.427,0,1,0,0,0,0,0,0,0,0,0,0,0.0,0.0,0.0,0.0,0.0,0.0,0.0,0,0,0.4,0.4,0.0,0.0,0.0,12.4273634,0.697174,373.9379,0.22398835105767234,0.4195210010226518,0.2793797126982661,6.007999999999999,0.0,0.1,0.0,0.0,0.0,0.0,0.0,0,0.0,0.0,0,0,0,0,0,0,0,0,0,0,0,0,0,0,0,0,0
2,613.967,61,Glock19,0.672849172853366,-2.418475084057381,1.3881757664465669e-05,1.3676570673996455,0.5930696229848724,0.6569907756749098,0.41970430285005994,0.8549955405375395,0.25444644263607524,2.76711,69.2796,984.037,0,1,0,0,0,0,0,0,0,0,0,0,0.0,0.0,0.0,0.0,0.0,0.0,0.0,0,0,0.3,0.3,0.0,0.0,0.0,19.285606,2.76711,445.8546,0.22367689721763964,0.41970430285005994,0.3619216440346671,1.0,0.0,0.1,0.0,0.0,0.0,0.0,0.0,0,0.0,0.0,0,0,0,0,0,0,0,0,0,0,0,0,0,0,0,0,0
2,614.97,61,Glock19,0.0,-0.6708366628647717,1.4856591419588892e-08,1.386690107304608e-05,0.5930696209326028,0.6503956032098931,0.42538139546820886,0.8401413112695584,0.2841144084744639,2.76711,69.2793,984.032,0,1,0,0,0,0,0,0,0,0,0,0,0.0,0.0,0.0,0.0,0.0,0.0,0.0,0,0,0.3,0.3,0.0,0.0,0.0,24.770906000000004,2.76711,518.0991,0.19876564197816513,0.42538139546820886,0.33732461601543984,1.0,0.0,0.1,0.0,0.0,0.0,0.0,0.0,0,0.0,0.0,0,0,0,0,0,0,0,0,0,0,0,0,0,0,0,0,0
2,615.969,61,Glock19,0.0,0.0,1.4916077271118776e-08,5.94858515298847e-11,0.5930696188721158,0.6527097711114511,0.4285267601999399,0.82582865558976,0.3206734364905085,2.76711,69.2792,984.033,0,1,0,0,0,0,0,0,0,0,0,0,0.0,0.0,0.0,0.0,0.0,0.0,0.0,0,0,0.3,0.3,0.0,0.0,0.0,30.656406000000004,2.76711,590.6854,0.19102846212610908,0.4285267601999399,0.3201505406399185,1.0,0.0,0.1,0.0,0.0,0.0,0.0,0.0,0,0.0,0.0,0,0,0,0,0,0,0,0,0,0,0,0,0,0,0,0,0
2,616.969,61,Glock19,0.0,0.0,1.4901161193847656e-08,1.4916077271120093e-11,0.6116394856405789,0.6527280373831794,0.43145002165506885,0.8114543553560474,0.36084246732401615,69.2629,69.2794,984.04,0,1,0,0,0,0,0,0,0,0,0,0,0.0,0.0,0.0,0.0,0.0,0.0,0.0,0,0,0.2,0.2,0.0,0.0,0.0,37.097272,2.76711,663.5386000000001,0.163869388674606,0.43145002165506885,0.3007286470434547,1.0,0.0,0.1,0.0,0.0,0.0,0.0,0.0,0,0.0,0.0,0,0,0,0,0,0,0,0,0,0,0,0,0,0,0,0,0
2,617.97,61,Glock19,0.0,0.0,1.488627491892873e-08,1.488627491892657e-11,6.201430147560278e-06,0.6402181182695232,0.431450021916174,0.7966335800581509,0.34765922953196243,69.2792,69.2794,984.027,0,1,0,0,0,0,0,0,0,0,0,0,0.0,0.0,0.0,0.0,0.0,0.0,0.0,0,0,0.1,0.1,0.0,0.0,0.0,43.536248,2.76711,736.3869000000001,0.16386938805589105,0.431450021916174,0.2735695742106665,0.0,0.0,0.1,0.0,0.0,0.0,0.0,0.0,0,0.0,0.0,0,0,0,0,0,0,0,0,0,0,0,0,0,0,0,0,0
2,618.973,61,Glock19,0.0,0.0,1.4856591419588892e-08,2.9683499339838035e-11,2.6593752672123335e-11,0.6229405419353928,0.43145748386332566,0.7807057826147783,0.3344093312069515,69.2792,69.2798,984.047,0,1,0,0,0,0,0,0,0,0,0,0,0.0,0.0,0.0,0.0,0.0,0.0,0.0,0,0,0.1,0.1,0.0,0.0,0.0,49.903738000000004,2.76711,809.0575,0.16385169555991153,0.43145748386332566,0.2735518823393387,0.0,0.0,0.1,0.0,0.0,0.0,0.0,0.0,0,0.0,0.0,0,0,0,0,0,0,0,0,0,0,0,0,0,0,0,0,0
2,620.009,62,Glock19,0.0,0.0,1.4383360225721675e-08,4.732311938672163e-10,2.2765265831111034e-10,0.5887484790433126,0.43145748325640665,0.7628528192211557,0.3226440982759274,69.2792,69.2795,984.033,0,1,0,0,0,0,0,0,0,0,0,0,0.0,0.0,0.0,0.0,0.0,0.0,0.0,0,0,0.1,0.1,0.0,0.0,0.0,56.248357,2.76711,881.326,0.16385169699824756,0.43145748325640665,0.2735341884050232,0.0,0.0,0.1,0.0,0.0,0.0,0.0,0.0,0,0.0,0.0,0,0,0,0,0,0,0,0,0,0,0,0,0,0,0,0,0
2,621.008,62,Glock19,0.0,0.0,1.4916077271118776e-08,5.32717045397101e-10,2.2765265831111034e-10,0.5370573567727268,0.4314574826270091,0.7439612256469195,0.3105001668097602,69.2794,69.2796,984.035,0,1,0,0,0,0,0,0,0,0,0,0,0.0,0.0,0.0,0.0,0.0,0.0,0.0,0,0,0.1,0.1,0.0,0.0,0.0,62.626581,2.76711,953.3907000000002,0.16385169848985529,0.4314574826270091,0.27353418845829486,0.0,0.0,0.1,0.0,0.0,0.0,0.0,0.0,0,0.0,0.0,0,0,0,0,0,0,0,0,0,0,0,0,0,0,0,0,0
2,622.011,62,Glock19,0.0,0.0,1.4856591419588892e-08,5.94858515298847e-11,2.2297238599485667e-10,0.4676274756102039,0.43249503699863323,0.7228345420763211,0.2983901653937752,69.2793,69.2793,984.034,0,1,0,0,0,0,0,0,0,0,0,0,0.0,0.0,0.0,0.0,0.0,0.0,0.0,0,0,0.0,0.0,0.0,0.0,0.0,69.2778,69.2629,983.9745,0.13676849494876994,0.43249503699863323,0.24645098343749897,0.0,0.0,0.0,0.0,0.0,0.0,0.0,0.0,0,0.0,0.0,0,0,0,0,0,0,0,0,0,0,0,0,0,0,0,0,0
2,623.015,62,Glock19,0.0,0.0,1.484179401777655e-08,1.4797401812341544e-11,2.185037275248153e-10,0.40069648439509925,4.385075932339009e-06,0.6984510214333245,0.23908545507836926,69.2792,69.2792,984.031,0,1,0,0,0,0,0,0,0,0,0,0,0.0,0.0,0.0,0.0,0.0,0.0,0.0,0,0,0.0,0.0,0.0,0.0,0.0,69.27943,69.2792,984.0349,1.4015172183400903e-06,4.385075932339009e-06,0.13676709354999217,0.0,0.0,0.0,0.0,0.0,0.0,0.0,0.0,0,0.0,0.0,0,0,0,0,0,0,0,0,0,0,0,0,0,0,0,0,0
2,624.015,62,Glock19,0.0,0.0,1.4901161193847656e-08,5.936717607110615e-11,2.237212042575143e-10,0.3045686534815897,1.5980411654947093e-10,0.6707405693657512,0.1797784928022541,69.2792,69.2794,984.04,0,1,0,0,0,0,0,0,0,0,0,0,0.0,0.0,0.0,0.0,0.0,0.0,0.0,0,0,0.0,0.0,0.0,0.0,0.0,69.27941000000001,69.2792,984.0352,1.4831568012908188e-08,1.5980411654947093e-10,1.3868159643417817e-06,0.0,0.0,0.0,0.0,0.0,0.0,0.0,0.0,0,0.0,0.0,0,0,0,0,0,0,0,0,0,0,0,0,0,0,0,0,0
2,625.015,62,Glock19,0.0,0.0,1.4901161193847656e-08,0.0,3.220431867492794e-11,0.16496341049797422,1.6119504834197136e-10,0.6368972932561634,0.12047153071221424,69.2792,69.2794,984.026,0,1,0,0,0,0,0,0,0,0,0,0,0.0,0.0,0.0,0.0,0.0,0.0,0.0,0,0,0.0,0.0,0.0,0.0,0.0,69.27941999999999,69.2792,984.0346,1.4836024990334065e-08,1.6119504834197136e-10,1.2585703717374193e-10,0.0,0.0,0.0,0.0,0.0,0.0,0.0,0.0,0,0.0,0.0,0,0,0,0,0,0,0,0,0,0,0,0,0,0,0,0,0
2,626.018,62,Glock19,0.0,0.0,1.4856591419588892e-08,4.4569774258764604e-11,2.7778326533485434e-11,0.2978478087117914,1.5899523012819975e-10,0.6091296401700287,0.061164568827780506,69.2792,69.2798,984.045,0,1,0,0,0,0,0,0,0,0,0,0,0.0,0.0,0.0,0.0,0.0,0.0,0.0,0,0,0.0,0.0,0.0,0.0,0.0,69.27948,69.2792,984.0358,1.4830076405181078e-08,1.5899523012819975e-10,1.2436542944662991e-10,0.0,0.0,0.0,0.0,0.0,0.0,0.0,0.0,0,0.0,0.0,0,0,0,0,0,0,0,0,0,0,0,0,0,0,0,0,0
2,627.018,62,Glock19,0.0,0.0,1.4901161193847656e-08,4.4569774258764604e-11,2.8941097263929015e-11,0.7672330903249643,1.5899523012819975e-10,0.6045112019263762,6.202666167245733e-07,69.2792,69.2796,984.035,0,1,0,0,0,0,0,0,0,0,0,0,0.0,0.0,0.0,0.0,0.0,0.0,0.0,0,0,0.0,0.0,0.0,0.0,0.0,69.27950000000001,69.2792,984.0352999999999,1.4830076405181078e-08,1.5899523012819975e-10,1.2733079914539435e-10,0.0,0.0,0.0,0.0,0.0,0.0,0.0,0.0,0,0.0,0.0,0,0,0,0,0,0,0,0,0,0,0,0,0,0,0,0,0
2,628.023,62,Glock19,0.0,0.0,1.4827026063530008e-08,7.413513031764804e-11,3.414788225715279e-11,0.7672330903249643,1.577675295465479e-10,0.5998927636827236,1.2701675677118158e-10,69.2794,69.2795,984.033,0,1,0,0,0,0,0,0,0,0,0,0,0.0,0.0,0.0,0.0,0.0,0.0,0.0,0,0,0.0,0.0,0.0,0.0,0.0,69.27951,69.2792,984.0358999999999,1.4824151519641203e-08,1.577675295465479e-10,1.332556846852665e-10,0.0,0.0,0.0,0.0,0.0,0.0,0.0,0.0,0,0.0,0.0,0,0,0,0,0,0,0,0,0,0,0,0,0,0,0,0,0
2,629.022,62,Glock19,0.0,0.0,1.4916077271118776e-08,8.905120758876813e-11,3.725099848047376e-11,0.7190191469688634,1.6022882172213104e-10,0.5952679446796039,1.280824813520166e-10,69.2794,69.2794,984.034,0,1,0,0,0,0,0,0,0,0,0,0,0.0,0.0,0.0,0.0,0.0,0.0,0.0,0,0,0.0,0.0,0.0,0.0,0.0,69.27946999999999,69.2792,984.0346,1.4830100104794193e-08,1.6022882172213104e-10,1.3919245551015952e-10,0.0,0.0,0.0,0.0,0.0,0.0,0.0,0.0,0,0.0,0.0,0,0,0,0,0,0,0,0,0,0,0,0,0,0,0,0,0
2,630.021,63,Glock19,0.0,0.0,1.4916077271118776e-08,0.0,3.98365030696763e-11,0.9191761487580051,3.415042323893898e-11,0.6021299359603413,1.0930086582787318e-10,69.2792,69.2792,984.031,0,1,0,0,0,0,0,0,0,0,0,0,0.0,0.0,0.0,0.0,0.0,0.0,0.0,0,0,0.0,0.0,0.0,0.0,0.0,69.27944,69.2792,984.0343999999999,1.4883371809333904e-08,3.415042323893898e-11,9.186933612343788e-11,0.0,0.0,0.0,0.0,0.0,0.0,0.0,0.0,0,0.0,0.0,0,0,0,0,0,0,0,0,0,0,0,0,0,0,0,0,0
2,631.02,63,Glock19,0.0,0.0,1.4916077271118776e-08,0.0,3.8700024773729804e-11,0.9191761487580051,3.415042323893898e-11,0.6089919272410788,9.040560247413515e-11,69.2792,69.2794,984.039,0,1,0,0,0,0,0,0,0,0,0,0,0.0,0.0,0.0,0.0,0.0,0.0,0.0,0,0,0.0,0.0,0.0,0.0,0.0,69.27942,69.2792,984.0348,1.4883371809333904e-08,3.415042323893898e-11,3.859763158372778e-11,0.0,0.0,0.0,0.0,0.0,0.0,0.0,0.0,0,0.0,0.0,0,0,0,0,0,0,0,0,0,0,0,0,0,0,0,0,0
2,632.026,63,Glock19,0.0,0.0,1.4812287469033456e-08,1.0378980208532031e-10,5.306813918799144e-11,0.9191761487580051,4.032613543438606e-11,0.6158539185218161,7.341517779344862e-11,69.2792,69.2793,984.027,0,1,0,0,0,0,0,0,0,0,0,0,0.0,0.0,0.0,0.0,0.0,0.0,0.0,0,0,0.0,0.0,0.0,0.0,0.0,69.27942,69.2792,984.0341000000001,1.487894141427836e-08,4.032613543438606e-11,4.302802663927134e-11,0.0,0.0,0.0,0.0,0.0,0.0,0.0,0.0,0,0.0,0.0,0,0,0,0,0,0,0,0,0,0,0,0,0,0,0,0,0
2,633.026,63,Glock19,0.0,0.0,1.4901161193847656e-08,8.887372481420021e-11,4.521226387638494e-11,0.9940027845460462,3.8581969785840016e-11,0.6321254537267951,5.608603142860558e-11,69.2792,69.2798,984.042,0,1,0,0,0,0,0,0,0,0,0,0,0.0,0.0,0.0,0.0,0.0,0.0,0.0,0,0,0.0,0.0,0.0,0.0,0.0,69.27947999999999,69.2792,984.0351999999999,1.4884878131885471e-08,3.8581969785840016e-11,5.043565893945721e-11,0.0,0.0,0.0,0.0,0.0,0.0,0.0,0.0,0,0.0,0.0,0,0,0,0,0,0,0,0,0,0,0,0,0,0,0,0,0
2,634.024,63,Glock19,0.0,0.0,1.493102324032831e-08,2.9862046480655e-11,4.760506953818631e-11,0.0,4.10584582586473e-11,0.5992759149430495,3.847441795667279e-11,69.2792,69.2796,984.038,0,1,0,0,0,0,0,0,0,0,0,0,0.0,0.0,0.0,0.0,0.0,0.0,0.0,0,0,0.0,0.0,0.0,0.0,0.0,69.27950000000001,69.2792,984.0350000000001,1.4887864336533536e-08,4.10584582586473e-11,4.748514598041209e-11,0.0,0.0,0.0,0.0,0.0,0.0,0.0,0.0,0,0.0,0.0,0,0,0,0,0,0,0,0,0,0,0,0,0,0,0,0,0
2,635.026,63,Glock19,0.0,0.0,1.4871418357133389e-08,5.960488319492257e-11,4.6922764999179066e-11,0.0,4.106549573879645e-11,0.5667561347825549,3.9946262589097904e-11,69.2793,69.2794,984.031,0,1,0,0,0,0,0,0,0,0,0,0,0.0,0.0,0.0,0.0,0.0,0.0,0.0,0,0,0.0,0.0,0.0,0.0,0.0,69.27950000000001,69.2792,984.0355,1.488489005286211e-08,4.106549573879645e-11,5.344563429990435e-11,0.0,0.0,0.0,0.0,0.0,0.0,0.0,0.0,0,0.0,0.0,0,0,0,0,0,0,0,0,0,0,0,0,0,0,0,0,0
2,636.026,63,Glock19,0.0,0.0,1.4901161193847656e-08,2.9742836714267565e-11,4.4998456445473576e-11,0.0,4.005921088318862e-11,0.5341206462269824,4.1668275580296716e-11,69.2793,69.2795,984.035,0,1,0,0,0,0,0,0,0,0,0,0,0.0,0.0,0.0,0.0,0.0,0.0,0.0,0,0,0.0,0.0,0.0,0.0,0.0,69.27947,69.2792,984.0345,1.4889347030287986e-08,4.005921088318862e-11,5.196294054545464e-11,0.0,0.0,0.0,0.0,0.0,0.0,0.0,0.0,0,0.0,0.0,0,0,0,0,0,0,0,0,0,0,0,0,0,0,0,0,0
2,637.033,63,Glock19,0.09965459766349567,0.09896186461121716,1.4276023223461516,1.4276023074449904,0.6384431608564972,0.9964905610688997,0.4514474884479634,0.5513087724112683,0.06384431612442389,6.38823,6.38823,679.191,0,1,0,0,0,0,0,0,0,0,0,0,0.0,0.0,0.0,0.0,0.0,0.0,0.0,0,0,0.0,0.0,0.0,0.0,0.0,62.99033300000001,6.38823,953.5501,0.14276024563384607,0.4514474884479634,0.142760230792005,0.0,0.0,0.0,0.0,0.0,0.0,0.0,0.0,0,0.0,0.0,0,0,0,0,0,0,0,0,0,0,0,0,0,0,0,0,0
2,638.029,63,Glock19,0.4141388094010795,0.3157472005397428,0.028378957929575652,1.399223364416576,0.6353891390879257,0.9942818140577417,0.45053863719743226,0.5690119572006792,0.12738323002980168,6.38823,7.97494,679.109,0,1,0,0,0,0,0,0,0,0,0,0,0.0,0.0,0.0,0.0,0.0,0.0,0.0,0,0,0.0,0.0,0.0,0.0,0.0,56.859877,6.38823,923.0577000000001,0.14559813994410103,0.45053863719743226,0.28268256722624907,0.0,0.0,0.0,0.0,0.0,0.0,0.0,0.0,0,0.0,0.0,0,0,0,0,0,0,0,0,0,0,0,0,0,0,0,0,0
2,639.03,63,Glock19,0.14320100013874773,-0.2706671421202116,0.17178517164148777,0.14340621371191212,0.6201691618894468,0.9143851504151176,0.447635951425784,0.5835841876246655,0.18940014621502127,5.26295,5.26295,266.284,0,1,0,0,0,0,0,0,0,0,0,0,0.0,0.0,0.0,0.0,0.0,0.0,0.0,0,0,0.0,0.0,0.0,0.0,0.0,50.458231999999995,5.26295,851.2827,0.16277665561664206,0.447635951425784,0.29702318858853516,0.0,0.0,0.0,0.0,0.0,0.0,0.0,0.0,0,0.0,0.0,0,0,0,0,0,0,0,0,0,0,0,0,0,0,0,0,0
2,640.029,64,Glock19,2.9727757389000713,2.832407145907231,0.09666649425644314,0.07511867738504463,0.6088872031995677,0.9046499008433696,0.4447647796475379,0.5993792587146685,0.25028886653099436,0.819961,0.819961,269.208,0,1,1,0,0,0,1,0,0,0,0,0,0.0,0.0,0.0,0.0,0.0,0.0,0.0,0,0,0.1,0.1,0.0,0.0,0.0,43.6123081,0.819961,779.8004,0.17244330355067866,0.4447647796475379,0.30453505632703964,0.0,0.0,0.0,0.0,0.0,0.0,0.0,0.0,0,0.0,0.0,0,0,0,0,0,0,0,0,0,0,0,0,0,0,0,0,0
2,641.032,64,Glock19,3.100270278557729,0.12711320005748522,0.0,0.09666649425644314,0.6088872053096509,0.9071012330300591,0.4447647802901192,0.6178814525275349,0.3111775870580894,0.819961,0.979388,272.026,0,1,1,0,0,0,1,0,0,0,0,0,0.0,1.003,0.0,0.0,0.0,0.0,0.0,0,0,0.2,0.2,0.0,0.0,0.0,36.782306899999995,0.819961,708.5991000000001,0.17244330205907094,0.4447647802901192,0.31420170575268397,1.003,0.0,0.0,0.0,0.0,0.0,0.0,0.0,0,0.0,0.0,0,0,0,0,0,0,0,0,0,0,0,0,0,0,0,0,0
2,642.033,64,Glock19,3.0434185047766373,-0.05679497880228935,0.8168567343974618,0.8168567343974618,0.3386941613452167,0.9358788078119855,0.4829478787735893,0.641294019137624,0.3450470031873043,0.819961,47.5185,275.045,0,1,0,0,0,0,0,0,0,0,0,0,0.0,0.0,0.0,0.0,0.0,0.0,0.0,0,0,0.2,0.2,0.0,0.0,0.0,34.6062269,0.819961,637.7009,0.2541289740175884,0.4829478787735893,0.39588737918205114,1.003,0.0,0.0,0.0,0.0,0.0,0.0,0.0,0,0.0,0.0,0,0,0,0,0,0,0,0,0,0,0,0,0,0,0,0,0
2,643.039,64,Glock19,4.92184540286722,1.867223556750082,1.0906213662770152,0.27376463187955347,0.48698828928604243,0.8145047252981933,0.5390671349393832,0.6619844311827788,0.3937458321113873,0.819961,111.359,276.548,0,1,0,0,0,0,0,0,0,0,0,0,0.0,0.0,0.0,0.0,0.0,0.0,0.0,0,0,0.2,0.2,0.0,0.0,0.0,38.8141469,0.819961,566.9515,0.3631911091551737,0.5390671349393832,0.42326384236111914,1.003,0.0,0.0,0.0,0.0,0.0,0.0,0.0,0,0.0,0.0,0,0,0,0,0,0,0,0,0,0,0,0,0,0,0,0,0
2,644.035,64,Glock19,6.54598918773649,1.630666450671958,0.20926277994410794,0.8813585863329073,0.48218532999821845,0.8620234333763581,0.5273358041317673,0.6898571701775171,0.44196436510644865,0.819961,124.241,281.142,0,1,0,0,0,0,0,0,0,0,0,0,0.0,0.0,0.0,0.0,0.0,0.0,0.0,0,0,0.2,0.2,0.0,0.0,0.0,44.310286899999994,0.819961,496.66189999999995,0.38411738565648224,0.5273358041317673,0.5113997009914236,1.003,0.0,0.0,0.0,0.0,0.0,0.0,0.0,0,0.0,0.0,0,0,0,0,0,0,0,0,0,0,0,0,0,0,0,0,0
2,645.04,64,Glock19,6.815591709401369,0.2682612155869445,0.17749570798815983,0.031767071955948106,0.4688553139386927,0.8863806783008302,0.5158319433379034,0.72592803356766,0.48884989649562566,0.979388,114.999,285.815,0,1,0,0,0,0,0,0,0,0,0,0,0.0,0.0,0.0,0.0,0.0,0.0,0.0,0,0,0.2,0.2,0.0,0.0,0.0,48.8822469,0.819961,426.8403,0.40186695496815633,0.5158319433379034,0.514576408181058,1.003,0.0,0.0,0.0,0.0,0.0,0.0,0.0,0,0.0,0.0,0,0,0,0,0,0,0,0,0,0,0,0,0,0,0,0,0
2,646.072,64,Glock19,6.1448449841291275,-0.6499483772017846,0.29814611914154326,0.12065041115338343,0.41134140753371684,0.8980947171584471,0.4983433898905242,0.7559403789899928,0.5299840372444975,47.5185,133.032,291.782,0,1,0,0,0,0,0,0,0,0,0,0,0.0,0.0,0.0,0.0,0.0,0.0,0.0,0,0,0.2,0.2,0.0,0.0,0.0,55.2574969,0.819961,357.61500000000007,0.4316815653921946,0.4983433898905242,0.526641449293422,1.003,0.0,0.0,0.0,0.0,0.0,0.0,0.0,0,0.0,0.0,0,0,0,0,0,0,0,0,0,0,0,0,0,0,0,0,0
2,647.04,64,Glock19,7.237956507550392,1.1292474415508935,0.1605491480354798,0.13759697110606348,0.396780910632045,0.9130623051643839,0.3584267269277238,0.7632318397319637,0.5058178122220522,111.359,124.983,297.025,0,1,0,0,0,0,0,0,0,0,0,0,0.0,0.0,0.0,0.0,0.0,0.0,0.0,0,0,0.2,0.2,0.0,0.0,0.0,67.11697389999999,0.819961,319.3984,0.3049762479611274,0.3584267269277238,0.39764091565952936,1.003,0.0,0.0,0.0,0.0,0.0,0.0,0.0,0,0.0,0.0,0,0,0,0,0,0,0,0,0,0,0,0,0,0,0,0,0
2,648.04,64,Glock19,6.2320790270991795,-1.005877480451213,0.5863952199509018,0.425846071915422,0.1759146321538647,0.92417500515668,0.35398992911915306,0.7710789354735496,0.45987036152864624,114.999,159.102,302.041,0,1,0,0,0,0,0,0,0,0,0,0,0.0,0.0,0.0,0.0,0.0,0.0,0.0,0,0,0.2,0.2,0.0,0.0,0.0,82.2296799,0.819961,281.6916,0.36077787416326,0.35398992911915306,0.30030318640941395,1.003,0.0,0.0,0.0,0.0,0.0,0.0,0.0,0,0.0,0.0,0,0,0,0,0,0,0,0,0,0,0,0,0,0,0,0,0
2,649.045,64,sem_arma,5.807834689333425,-0.4221336694186615,0.351257389930196,0.23513783002070582,0.17176746313830407,0.900150287024058,0.3478395542583533,0.7801354924763093,0.41503019165353194,114.999,162.037,726.871,0,1,0,0,0,0,0,0,0,0,0,0,0.0,0.0,0.0,0.0,0.0,0.0,0.0,0,0,0.2,0.2,0.0,0.0,0.0,97.9070849,0.819961,327.7503,0.37872509599213083,0.3478395542583533,0.3094763480402933,1.003,0.0,0.0,0.0,0.0,0.0,0.0,0.0,0,0.0,0.0,0,0,0,0,0,0,0,0,0,0,0,0,0,0,0,0,0
2,650.044,65,FAL,1.9521682485842435,-3.859525966715897,0.2910841091320271,0.060173280798168916,0.1558467694897641,0.9031212742236067,0.3355385830484045,0.7793327487495894,0.36972614828255157,124.983,145.338,728.747,0,1,0,0,0,0,0,0,0,0,0,0,0.0,0.0,0.0,0.0,0.0,0.0,0.0,0,0,0.1,0.1,0.0,0.0,0.0,112.3588888,0.979388,373.7042,0.3981668574796892,0.3355385830484045,0.3079818083816057,1.003,0.0,0.0,0.0,0.0,0.0,0.0,0.0,0,0.0,0.0,0,0,0,0,0,0,0,0,0,0,0,0,0,0,0,0,0
2,651.05,65,FAL,1.9767666252447638,0.024451666660556884,0.5876493419515677,0.2965652328195406,0.18803209863288253,0.9040720098097916,0.3084205024608724,0.7785775418021786,0.3276406376148747,111.397,111.397,730.455,0,1,0,1,0,0,0,0,0,0,0,0,0.0,0.0,0.0,0.0,0.0,0.0,0.0,0,0,0.0,0.0,0.0,0.0,0.0,123.40065,47.5185,419.54709999999994,0.456931791674846,0.3084205024608724,0.32797168223791545,0.0,0.0,0.0,0.0,0.0,0.0,0.0,0.0,0,0.0,0.0,0,0,0,0,0,0,0,0,0,0,0,0,0,0,0,0,0
2,652.096,65,FAL,0.5816935413406064,-1.3337218775374353,0.1558304901640856,0.43181885178748214,0.1895114326384147,0.8956010331810864,0.2931683848471577,0.7773987860233327,0.31272236474419446,102.102,102.102,730.598,0,1,0,1,0,0,0,0,0,0,0,0,0.0,0.0,0.0,0.0,0.0,0.0,0.0,0,0,0.0,0.0,0.0,0.0,0.0,128.85899999999998,102.102,465.10239999999993,0.3908291672515084,0.2931683848471577,0.2894678939769175,0.0,0.0,0.0,0.0,0.0,0.0,0.0,0.0,0,0.0,0.0,0,0,0,0,0,0,0,0,0,0,0,0,0,0,0,0,0
2,653.096,65,FAL,1.634714192145137,1.0530206508045306,0.7116154641960923,0.5557849740320068,0.22598393200399494,0.8681859398637864,0.20340422151586268,0.7711079437892197,0.28662192901598976,102.102,142.75,730.161,0,1,0,1,0,0,0,0,0,0,0,0,0.0,0.0,0.0,0.0,0.0,0.0,0.0,0,0,0.0,0.0,0.0,0.0,0.0,131.9981,102.102,510.46369999999996,0.3529285770434161,0.20340422151586268,0.31766992819216283,0.0,0.0,0.0,0.0,0.0,0.0,0.0,0.0,0,0.0,0.0,0,0,0,0,0,0,0,0,0,0,0,0,0,0,0,0,0
2,654.103,65,FAL,1.96820316303068,0.33117077545734175,0.4434831313877114,0.26813233280838095,0.22276349623417194,0.8453665511521202,0.19844782262111255,0.8133762713468258,0.2606797456395851,102.102,117.02,730.14,0,1,0,0,0,0,0,0,0,0,0,0,0.0,0.0,0.0,0.0,0.0,0.0,0.0,0,0,0.0,0.0,0.0,0.0,0.0,131.276,102.102,555.3634999999999,0.3763506121877765,0.19844782262111255,0.25634730283971024,0.0,0.0,0.0,0.0,0.0,0.0,0.0,0.0,0,0.0,0.0,0,0,0,0,0,0,0,0,0,0,0,0,0,0,0,0,0
2,655.1,65,FAL,0.2850315362781863,-1.688236335759773,0.44519142137180967,0.0017082899840982768,0.20750465539916357,0.8442766151331804,0.18632812435057214,0.8555901021034847,0.23454467978563223,91.6043,91.6043,730.374,0,1,0,1,0,0,0,0,0,0,0,0,0.0,0.0,0.0,0.0,0.0,0.0,0.0,0,0,0.0,0.0,0.0,0.0,0.0,128.93653,91.6043,599.8194,0.40312018352614143,0.18632812435057214,0.25334142464252524,0.0,0.0,0.0,0.0,0.0,0.0,0.0,0.0,0,0.0,0.0,0,0,0,0,0,0,0,0,0,0,0,0,0,0,0,0,0
2,656.105,65,FAL,0.7211485878522275,0.433947314999046,0.23272384719944725,0.21246757417236242,0.21714765480554069,0.8331814655129112,0.19150018253242015,0.8972491753791303,0.21512530451281459,78.2548,78.2548,730.435,0,1,0,0,0,0,0,0,0,0,0,0,0.0,0.0,0.0,0.0,0.0,0.0,0.0,0,0,0.0,0.0,0.0,0.0,0.0,123.45881,78.2548,643.6847,0.3965779563319318,0.19150018253242015,0.2625231409444232,0.0,0.0,0.0,0.0,0.0,0.0,0.0,0.0,0,0.0,0.0,0,0,0,0,0,0,0,0,0,0,0,0,0,0,0,0,0
2,657.107,65,FAL,1.807448550160011,1.0841316989099636,1.5463394390170089,1.3136155918175616,0.5154099238844446,0.8163581343022727,0.3950036954611983,0.888242554040799,0.2269882058380545,7.97912,7.97912,317.057,0,1,0,1,0,0,0,0,0,0,0,0,0.0,0.0,0.0,0.0,0.0,0.0,0.0,0,0,0.0,0.0,0.0,0.0,0.0,111.758422,7.97912,645.6879,0.5351569854300847,0.3950036954611983,0.38012500301557295,0.0,0.0,0.0,0.0,0.0,0.0,0.0,0.0,0,0.0,0.0,0,0,0,0,0,0,0,0,0,0,0,0,0,0,0,0,0
2,658.119,65,FAL,0.42439790029790736,-1.3666508397846873,0.7288545427730799,0.817484896243929,0.5157663526668497,0.8131773371676754,0.3995991319129105,0.8791873301962957,0.26097337788935304,7.97912,33.9121,315.965,0,1,0,0,0,0,0,0,0,0,0,0,0.0,0.0,0.0,0.0,0.0,0.0,0.0,0,0,0.0,0.0,0.0,0.0,0.0,99.239432,7.97912,647.0803,0.5494029177123025,0.3995991319129105,0.41928888544842363,0.0,0.0,0.0,0.0,0.0,0.0,0.0,0.0,0,0.0,0.0,0,0,0,0,0,0,0,0,0,0,0,0,0,0,0,0,0
2,659.112,65,FAL,0.28600997464180306,-0.13936346994572438,2.49651717496541,1.76766263219233,0.9310830743913366,0.8128206818062327,0.7248673075596742,0.8741091067658514,0.3369049390146563,7.97912,165.337,731.001,0,1,0,0,0,0,0,0,0,0,0,0,0.0,0.0,0.0,0.0,0.0,0.0,0.0,0,0,0.0,0.0,0.0,0.0,0.0,99.56943199999999,7.97912,647.4932999999999,0.7639288962158239,0.7248673075596742,0.5725413656655861,0.0,0.0,0.0,0.0,0.0,0.0,0.0,0.0,0,0.0,0.0,0,0,0,0,0,0,0,0,0,0,0,0,0,0,0,0,0
2,660.115,66,FAL,4.741258219840026,4.441922477764929,0.16850710022127388,2.328010074744136,0.985606620225095,0.8158156053505435,0.7347211059897343,0.8696673919912102,0.4198809240881894,7.97912,155.785,735.405,0,1,0,0,0,0,0,0,0,0,0,0,0.0,0.0,0.0,0.0,0.0,0.0,0.0,0,0,0.0,0.0,0.0,0.0,0.0,100.614132,7.97912,648.1591000000001,0.7516711953247486,0.7347211059897343,0.7993250450601828,0.0,0.0,0.0,0.0,0.0,0.0,0.0,0.0,0,0.0,0.0,0,0,0,0,0,0,0,0,0,0,0,0,0,0,0,0,0
2,661.122,66,FAL,6.402763521046134,1.6499556119226497,0.09553462056031745,0.07297247966095644,1.0149818604171743,0.7993269629119083,0.7628696028621605,0.8642786784853026,0.5025759002666186,7.97912,150.571,740.596,0,1,0,0,0,0,0,0,0,0,0,0,0.0,0.0,0.0,0.0,0.0,0.0,0.0,0,0,0.0,0.0,0.0,0.0,0.0,104.531532,7.97912,649.1732,0.7024597231856237,0.7628696028621605,0.7769657697443243,0.0,0.0,0.0,0.0,0.0,0.0,0.0,0.0,0,0.0,0.0,0,0,0,0,0,0,0,0,0,0,0,0,0,0,0,0,0
2,662.113,66,FAL,6.9602871709168275,0.5625869322610424,0.5434815064175949,0.4479468858572774,0.9802897883286833,0.7923664499751486,0.7415579323074138,0.8571030605934606,0.5816537358356454,33.9121,157.719,333.793,0,1,0,0,0,0,0,0,0,0,0,0,0.0,0.0,0.0,0.0,0.0,0.0,0.0,0,0,0.0,0.0,0.0,0.0,0.0,110.09323199999999,7.97912,609.4927,0.7412248248109745,0.7415579323074138,0.7785785731513039,0.0,0.0,0.0,0.0,0.0,0.0,0.0,0.0,0,0.0,0.0,0,0,0,0,0,0,0,0,0,0,0,0,0,0,0,0,0
2,663.115,66,FAL,2.8740642343252105,-4.078066802985646,2.5716659932701007,2.028184486852506,1.2524149183814093,0.8077603497152143,0.940025582547598,0.8567658418143118,0.6842968344733869,9.83495,9.83495,336.409,0,1,0,0,0,0,0,0,0,0,0,0,0.0,0.0,0.0,0.0,0.0,0.0,0.0,0,0,0.0,0.0,0.0,0.0,0.0,96.801727,7.97912,570.1175000000001,0.9272298777183753,0.940025582547598,0.9258185244333539,0.0,0.0,0.0,0.0,0.0,0.0,0.0,0.0,0,0.0,0.0,0,0,0,0,0,0,0,0,0,0,0,0,0,0,0,0,0
2,664.168,66,FAL,2.6080675788762986,-0.25260840973305976,1.8356992842607627,0.735966709009338,1.1042122841864208,0.79162835769895,0.9632302152999717,0.8532460880304414,0.7724417132686117,9.83495,120.428,337.354,0,1,0,0,0,0,0,0,0,0,0,0,0.0,0.0,0.0,0.0,0.0,0.0,0.0,0,0,0.0,0.0,0.0,0.0,0.0,97.142527,7.97912,530.8389,1.0664514930056803,0.9632302152999717,0.9726019620534496,0.0,0.0,0.0,0.0,0.0,0.0,0.0,0.0,0,0.0,0.0,0,0,0,0,0,0,0,0,0,0,0,0,0,0,0,0,0
2,665.173,66,FAL,6.0390425775515,3.4139054713186088,1.3115023772973595,0.5241969069634032,0.9903608059423141,0.8000525591686467,0.9398196293291493,0.8489296820738321,0.8507273283229267,9.83495,142.869,756.496,0,1,0,0,0,0,0,0,0,0,0,0,0.0,0.0,0.0,0.0,0.0,0.0,0.0,0,0,0.0,0.0,0.0,0.0,0.0,102.268997,7.97912,533.4511,1.1530825885982354,0.9398196293291493,1.02485082375138,0.0,0.0,0.0,0.0,0.0,0.0,0.0,0.0,0,0.0,0.0,0,0,0,0,0,0,0,0,0,0,0,0,0,0,0,0,0
2,666.174,66,FAL,6.642560381033378,0.6029148885932843,0.4320541248895667,0.8794482524077929,0.8975427805962756,0.8009125664701235,0.920036049879444,0.844070574539416,0.9187668409020004,9.83495,118.219,762.935,0,1,0,0,0,0,0,0,0,0,0,0,0.0,0.0,0.0,0.0,0.0,0.0,0.0,0,0,0.0,0.0,0.0,0.0,0.0,106.265417,7.97912,536.7011,1.1730156163672474,0.920036049879444,1.091548891574923,0.0,0.0,0.0,0.0,0.0,0.0,0.0,0.0,0,0.0,0.0,0,0,0,0,0,0,0,0,0,0,0,0,0,0,0,0,0
2,667.263,66,FAL,5.817276061345714,-0.7578368408518492,1.0692548026360174,0.6372006777464507,0.8073231931132372,0.8077016355607519,0.9108501311400852,0.8388025410592345,0.9479581678248795,9.83495,155.93,349.74,0,1,0,0,0,0,0,0,0,0,0,0,0.0,0.0,0.0,0.0,0.0,0.0,0.0,0,0,0.0,0.0,0.0,0.0,0.0,121.060505,9.83495,539.9694,1.1253071527291483,0.9108501311400852,1.023907400167812,0.0,0.0,0.0,0.0,0.0,0.0,0.0,0.0,0,0.0,0.0,0,0,0,0,0,0,0,0,0,0,0,0,0,0,0,0,0
2,668.18,66,FAL,5.917546850030162,0.1093465525457444,0.8163208571180359,0.25293394551798143,0.5275675649557172,0.8061220290557171,0.9070320633742891,0.8328998922541861,0.9491382890537663,113.414,113.414,354.769,0,1,0,0,0,0,0,0,0,0,0,0,0.0,0.0,0.0,0.0,0.0,0.0,0.0,0,0,0.0,0.0,0.0,0.0,0.0,129.010695,9.83495,543.8498,1.1340537841636438,0.9070320633742891,0.9674523050952173,0.0,0.0,0.0,0.0,0.0,0.0,0.0,0.0,0,0.0,0.0,0,0,0,0,0,0,0,0,0,0,0,0,0,0,0,0,0
2,669.19,66,FAL,3.506543193658665,-2.3871323330410856,0.0461431879830262,0.7701776691350097,0.504230661865743,0.7882513262305758,0.8253735977187145,0.8273049442145123,0.9064530478012071,110.562,110.562,355.949,0,1,0,0,0,0,0,0,0,0,0,0,0.0,0.0,0.0,0.0,0.0,0.0,0.0,0,0,0.0,0.0,0.0,0.0,0.0,123.533195,9.83495,506.3445999999999,0.8890163854654054,0.8253735977187145,0.8677038087894852,0.0,0.0,0.0,0.0,0.0,0.0,0.0,0.0,0,0.0,0.0,0,0,0,0,0,0,0,0,0,0,0,0,0,0,0,0,0
2,670.845,67,Scout,1.5387261190786716,-1.1890133381147996,1.2057606225823554,1.159617434599329,0.47540251284108953,0.7768618194756591,0.7891470766283016,0.8209919714771148,0.8554326370628065,3.88101,3.88101,355.515,0,1,1,0,0,0,1,0,1,0,0,0,0.0,0.0,0.0,0.0,0.0,0.0,0.0,0,0,0.1,0.1,0.0,0.0,0.0,108.34279599999999,3.88101,468.3556,0.9927417377015135,0.7891470766283016,0.7508645447750044,0.0,0.0,0.1,0.0,0.0,0.0,0.0,0.0,0,0.0,0.0,0,0,0,0,0,0,0,0,0,0,0,0,0,0,0,0,0
2,671.74,67,Scout,5.85859226904536,4.8266660893482545,0.012676505670088333,1.193084116912267,0.5659367470568248,0.7738142192717871,0.7999749078166716,0.8144790819502147,0.8105281257267715,2.73029,2.73029,359.028,0,1,1,0,0,0,1,0,1,0,0,0,0.0,0.895,0.0,0.895,0.0,0.0,0.0,0,0,0.2,0.2,0.0,0.0,0.0,93.55872500000001,2.73029,430.1988,0.9844559262124907,0.7999749078166716,0.8628757085001355,0.895,0.0,0.2,0.0,0.0,0.0,0.895,0.0,0,0.0,0.0,0,0,0,0,0,0,0,0,0,0,0,0,0,0,0,0,0
2,672.741,67,Scout,2.5684873215045614,-3.2868181294113876,0.0,0.012676505670088333,0.5604681903722448,0.7857909526187323,0.8501500844743882,0.8089885779220969,0.7685459659311276,2.10654,2.10654,359.354,0,1,1,0,0,0,1,0,1,0,0,0,0.0,1.896,0.0,1.896,0.0,0.0,0.0,0,0,0.3,0.3,0.0,0.0,0.0,77.997479,2.10654,432.7549,0.9301077755707313,0.8501500844743882,0.8193486704814166,1.896,0.0,0.3,0.0,0.0,0.0,1.896,0.0,0,0.0,0.0,0,0,0,0,0,0,0,0,0,0,0,0,0,0,0,0,0
2,673.741,67,Scout,3.0086258113801576,0.44013848987559623,0.01397878647101337,0.01397878647101337,0.5313664689298503,0.8163349311010514,0.6662664676285853,0.8063960274839601,0.6964411209859717,1.43913,1.43913,361.122,0,1,1,0,0,0,1,0,1,0,0,0,0.0,2.896,0.0,2.896,0.0,0.0,0.0,0,0,0.4,0.4,0.0,0.0,0.0,77.157897,1.43913,435.22619999999995,0.6743390548908225,0.6662664676285853,0.6179281004432674,2.896,0.0,0.4,0.0,0.0,0.0,2.896,0.0,0,0.0,0.0,0,0,0,0,0,0,0,0,0,0,0,0,0,0,0,0,0
2,674.738,67,Scout,2.915644269902675,-0.09326132545384437,0.07508299899163562,0.061104212520622245,0.5286637764453281,0.847401647720844,0.5472732732730127,0.8064977823123962,0.6388862702118624,1.43913,2.62555,363.153,0,1,1,0,0,0,1,0,1,0,0,0,0.0,3.893,0.0,3.893,0.0,0.0,0.0,0,0,0.5,0.5,0.0,0.0,0.0,65.377652,1.43913,437.80609999999996,0.4982774263639097,0.5472732732730127,0.5504418507943958,3.893,0.0,0.5,0.0,0.0,0.0,3.893,0.0,0,0.0,0.0,1,0,0,0,0,0,0,0,0,0,0,1,1,0,1,0,0
2,675.804,67,Scout,1.9520315475680212,-0.9039518971244405,0.008701022313189902,0.06638197667844571,0.030124310793759945,0.8484958309150654,0.48352793993479504,0.8067087431014904,0.542862620697007,1.43913,2.44641,364.208,0,1,1,1,1,1,1,1,1,1,1,0,0.0,4.959,0.0,4.959,0.0,0.0,0.0,0,0,0.6,0.6,0.1,0.1,0.0,51.335392999999996,1.43913,398.57730000000004,0.3679972908654928,0.48352793993479504,0.5046603577659,4.959,0.0,0.6,0.1,0.1,0.0,4.959,0.0,0,0.0,0.0,1,0,0,0,0,0,0,0,0,0,0,0,1,0,1,0,0
2,676.824,67,Scout,0.0,-1.9137564191843346,0.0,0.008701022313189902,0.031611143925959116,0.8558703346383605,0.4963024469563814,0.8078431865577631,0.4562694570299753,1.43913,2.1814,364.875,0,1,1,1,1,1,1,1,1,1,1,0,1.02,5.979,1.02,5.979,1.02,1.02,0.0,0,0,0.7,0.7,0.2,0.2,0.0,39.731633,1.43913,358.7713,0.3247918783765361,0.4963024469563814,0.4175856347564397,5.979,1.02,0.7,0.2,0.2,0.0,5.979,1.02,0,0.0,0.0,1,0,0,0,0,0,0,0,0,0,0,0,1,0,1,0,0
2,677.825,67,Scout,0.0,0.0,0.0,0.0,0.031611143925959116,0.8684585212561147,0.42866449002303636,0.8104482059054551,0.3786982521112475,1.43913,2.18767,364.848,0,1,1,1,1,1,1,1,1,1,1,0,2.021,6.98,2.021,6.98,2.021,2.021,0.0,0,0,0.8,0.8,0.3,0.3,0.0,24.357400000000002,1.43913,360.2821,0.21786639811293437,0.42866449002303636,0.35386556698179467,6.98,2.021,0.8,0.3,0.3,0.0,6.98,2.021,0,0.0,0.0,1,0,0,0,0,0,0,0,0,0,0,0,1,0,1,0,0
2,678.933,67,Scout,0.0,0.0,0.0,0.0,0.032822294563567035,0.8776709337881949,0.37660165498063974,0.8136728857364812,0.32922372507203257,2.06886,2.06886,363.319,0,1,1,1,1,1,1,1,1,1,1,0,3.129,8.088000000000001,3.129,8.088000000000001,3.129,3.129,0.0,1,1,0.9,0.9,0.4,0.4,0.0,13.222885999999999,1.43913,361.13710000000003,0.1362343124011308,0.37660165498063974,0.32857217242999653,8.088000000000001,3.129,0.9,0.4,0.4,0.0,8.088000000000001,3.129,0,0.0,0.0,1,1,1,0,0,0,1,0,0,0,0,2,3,1,2,1,0
2,679.933,67,Scout,0.0,0.0,0.0,0.0,0.003891215473178875,0.8781688268196379,0.37810782069025084,0.8169402929871513,0.2791897804327761,2.06886,2.85896,364.545,0,1,1,1,1,1,1,1,1,1,1,0,4.129,9.088000000000001,4.129,9.088000000000001,4.129,4.129,0.0,1,1,1.0,1.0,0.5,0.5,0.0,2.452582,1.43913,361.99670000000003,0.13161999360282817,0.37810782069025084,0.2515544055164956,9.088000000000001,4.129,1.0,0.5,0.5,0.0,9.088000000000001,4.129,0,0.0,0.0,1,1,1,0,0,1,1,0,0,0,0,0,3,1,2,1,0
2,680.932,68,Scout,0.0,0.0,0.0,0.0,0.0,0.8745902178227333,0.02321297673149808,0.8198790236107609,0.23164952914866715,2.06886,3.83599,363.019,0,1,1,1,1,1,1,1,1,1,1,0,5.128,10.087,5.128,10.087,5.128,5.128,0.0,1,1,1.0,1.0,0.6,0.6,0.0,2.44808,1.43913,362.7471,0.011043931344592636,0.02321297673149808,0.13559266205656267,10.087,5.128,1.0,0.6,0.6,0.0,10.087,5.128,0,0.0,0.0,1,1,1,0,0,1,1,0,0,0,0,0,3,1,2,1,0
2,681.935,68,Scout,0.09970096909305871,0.09940276081062685,0.048018413035778966,0.048018413035778966,0.021474487143932762,0.8885624734829246,0.02601094332607961,0.8243407991393117,0.17720330315737795,1.82799,1.82799,360.529,0,1,1,1,1,1,1,1,1,1,1,0,6.131,11.09,6.131,11.09,6.131,6.131,0.0,1,1,1.0,1.0,0.7,0.7,0.0,2.35785,1.43913,362.8972,0.014578122081161698,0.02601094332607961,0.021086091668913853,11.09,6.131,1.0,0.7,0.7,0.0,11.09,6.131,0,0.0,0.0,1,1,1,0,0,0,1,0,0,0,0,2,5,1,2,1,0
2,682.933,68,Scout,2.6979847279744122,2.6034907403620777,0.04209034007772051,0.0059280729580584585,0.024766142416608364,0.9087032102888563,0.026783832970456504,0.830157637154997,0.12363309836181431,0.965301,0.965301,364.47,0,1,1,0,0,0,1,0,1,0,0,0,0.0,12.088,0.0,12.088,0.0,0.0,0.0,1,1,1.0,1.0,0.7,0.7,0.0,2.2437261,0.965301,363.40880000000004,0.01878715608893375,0.026783832970456504,0.020411248397710868,12.088,6.131,1.0,0.7,0.7,0.0,12.088,6.131,0,0.0,0.0,1,0,0,0,0,0,0,0,0,0,0,0,5,1,2,1,0
2,683.938,68,Scout,2.9584245231244948,0.25914407477620155,0.002332226210386485,0.03975811386733402,0.02436050628454499,0.9103215886638143,0.02726504363474053,0.8352856991024271,0.07293250209728379,0.884038,0.884038,373.926,0,1,1,0,0,0,1,0,1,0,0,0,0.0,13.093,0.0,13.093,0.0,0.0,0.0,1,1,1.0,1.0,0.7,0.7,0.0,2.1882168999999996,0.884038,364.6892,0.017622500062871062,0.02726504363474053,0.02298918113734293,13.093,6.131,1.0,0.7,0.7,0.0,13.093,6.131,0,0.0,0.0,1,0,0,0,0,0,0,0,0,0,0,0,5,1,2,1,0
2,684.939,68,Scout,3.0053200035100103,0.04684863175376174,0.01677891830593925,0.014446692095552764,0.022240384940984775,0.9177047775321158,0.018407454861237377,0.8415895200940854,0.022290162946849455,0.275536,0.275536,381.458,0,1,1,0,0,0,1,0,1,0,0,0,0.0,14.094,0.0,14.094,0.0,0.0,0.0,1,1,1.0,1.0,0.7,0.7,0.0,1.9532155000000002,0.275536,366.5197,0.011792091994301424,0.018407454861237377,0.01832342909483598,14.094,6.131,1.0,0.7,0.7,0.0,14.094,6.131,0,0.0,0.0,1,0,0,0,0,0,0,0,0,0,0,0,5,1,2,1,0
2,685.942,68,Scout,3.0923484094162497,0.0867681016014351,9.292201156221892e-07,0.016777989085823626,0.022240156779197443,0.9121336806465369,0.01877177904322061,0.8471935761679799,0.021501747545393204,0.275536,0.28116,387.796,0,1,1,0,0,0,1,0,1,0,0,0,0.0,15.097,0.0,15.097,0.0,0.0,0.0,1,1,1.0,1.0,0.6,0.6,0.0,1.7366905000000004,0.275536,368.8785,0.010922082684993995,0.01877177904322061,0.013363030335573772,15.097,6.131,1.0,0.6,0.6,0.0,15.097,6.131,0,0.0,0.0,1,0,0,0,0,0,0,0,0,0,0,0,5,1,2,1,0
2,686.941,68,Scout,3.104760443606825,0.012424458649224352,0.000530530503750432,0.0005296012836348097,0.018004570857973325,0.9110930739913778,0.01873820078023498,0.8527026015440426,0.020141090238594624,0.275536,0.28393,392.017,0,1,1,0,0,0,1,0,1,0,0,0,0.0,16.096,0.0,16.096,0.0,0.0,0.0,1,1,1.0,1.0,0.5,0.5,0.0,1.5469434999999998,0.275536,371.59270000000004,0.010975135735369037,0.01873820078023498,0.012545888232618263,16.096,6.131,1.0,0.5,0.5,0.0,16.096,6.131,0,0.0,0.0,1,0,0,0,0,0,0,0,0,0,0,0,5,1,2,1,0
2,687.94,68,Scout,2.918400398903564,-0.18654659129455528,0.013156825787620023,0.012626295283869592,0.007829342004098664,0.900174484131813,0.01833962763743317,0.8573262439725955,0.017762910046408578,0.275536,1.07192,396.228,0,1,1,0,0,0,1,0,1,0,0,0,0.0,17.095,0.0,17.095,0.0,0.0,0.0,1,1,1.0,1.0,0.4,0.4,0.0,1.4353685,0.275536,374.73069999999996,0.01229081831413104,0.01833962763743317,0.013808517761005223,17.095,6.131,1.0,0.4,0.4,0.0,17.095,6.131,0,0.0,0.0,1,0,0,0,0,0,0,0,0,0,0,0,5,1,2,1,0
2,688.945,68,Scout,2.9010377209755545,-0.017276296445780704,0.0005160685137029158,0.012640757273917108,0.008111555363243997,0.8912629268185057,0.018301886248501948,0.8615832888607351,0.015291836126376274,0.275536,1.52547,399.449,0,1,1,0,0,0,1,0,1,0,0,0,0.0,18.099999999999998,0.0,18.099999999999998,0.0,0.0,0.0,1,1,1.0,1.0,0.3,0.3,0.0,1.3810295,0.275536,378.3437,0.012342425165501332,0.018301886248501948,0.015072593488396934,18.099999999999998,6.131,1.0,0.3,0.3,0.0,18.099999999999998,6.131,0,0.0,0.0,1,0,0,0,0,0,0,0,0,0,0,0,5,1,2,1,0
2,689.943,68,Scout,3.144772210438849,0.2442229353339626,0.0,0.0005160685137029158,0.005772718604368686,0.9156654834149801,0.018301886248501948,0.8679539967199552,0.015479986439495256,0.28116,1.97199,402.046,0,1,1,0,0,0,1,0,1,0,0,0,0.0,19.098,0.0,19.098,0.0,0.0,0.0,1,1,1.0,1.0,0.2,0.2,0.0,1.2923325,0.275536,382.0938,0.012342425165501332,0.018301886248501948,0.015124200339767224,19.098,6.131,1.0,0.2,0.2,0.0,19.098,6.131,0,0.0,0.0,1,0,0,0,0,0,0,0,0,0,0,0,5,1,2,1,0
2,690.942,69,Scout,2.69529082824191,-0.44993131351044946,0.0,0.0,0.00577283290277298,0.9407909130548802,0.018301886248501948,0.8761504513989165,0.016057269729772554,0.28393,2.41727,405.05,0,1,1,1,0,1,1,1,1,1,0,0,0.0,20.096999999999998,0.0,20.096999999999998,0.0,0.0,0.0,1,1,1.0,1.0,0.2,0.2,0.0,1.1504604999999999,0.275536,386.2969,0.012342425165501332,0.018301886248501948,0.015124200339767224,20.096999999999998,6.131,1.0,0.2,0.1,0.0,20.096999999999998,6.131,0,0.0,0.0,1,0,0,0,0,0,0,0,0,0,0,0,5,1,2,1,0
2,691.948,69,Scout,9.940357852506384e-06,-2.6792056539602958,0.0,0.0,0.005830497058604617,0.9833524888437494,0.013595807816612269,0.8866273648775145,0.01449287072123974,1.07192,2.8517,403.919,0,1,1,1,1,1,1,1,1,1,1,0,1.006,21.102999999999998,1.006,21.102999999999998,1.006,0.0,0.0,1,1,1.0,1.0,0.2,0.2,0.0,1.2528314999999999,0.275536,390.63590000000005,0.007540583861923436,0.013595807816612269,0.010322359036189329,21.102999999999998,1.006,1.0,0.2,0.1,0.0,21.102999999999998,1.006,0,0.0,0.0,1,0,0,0,0,0,0,0,0,0,0,0,5,1,2,1,0
2,692.944,69,Scout,0.0,-9.980278968379904e-06,0.0,0.0,0.00023079285553709194,0.9941618572703382,0.006232789542217555,0.8970459101100948,0.012039335765132612,1.52547,2.95751,403.923,0,1,1,1,1,1,1,1,1,1,1,0,2.002,22.099,2.002,22.099,2.002,0.996,0.0,1,1,1.0,1.0,0.3,0.3,0.0,1.4520524,0.275536,394.58119999999997,0.0033315498541513855,0.006232789542217555,0.009729551740383483,22.099,2.002,1.0,0.3,0.2,0.0,22.099,2.002,0,0.0,0.0,1,0,0,0,0,0,0,0,0,0,0,0,5,1,2,1,0
2,693.947,69,Scout,0.0,0.0,0.0,0.0,0.0,0.9936238121209063,0.006317397829928402,0.9059103541610876,0.009603285136678113,1.97199,3.10545,403.768,0,1,1,1,1,1,1,1,1,1,1,0,3.005,23.102,3.005,23.102,3.005,1.9989999999999999,0.0,2,1,1.0,1.0,0.4,0.4,0.0,1.6741936,0.275536,397.5654,0.0030983272331127367,0.006317397829928402,0.005753740353650082,23.102,3.005,1.0,0.4,0.3,0.0,23.102,3.005,0,0.0,0.0,1,1,1,0,0,0,1,1,0,0,1,4,9,2,3,1,1
2,694.947,69,Scout,0.0,0.0,0.0,0.0,0.0,0.9976934113582925,0.00412948056545281,0.9134249423429598,0.007379246642579636,2.41727,3.21473,404.28,0,1,1,1,1,1,1,1,1,1,1,0,4.005,24.102,4.005,24.102,4.005,2.9989999999999997,0.0,2,1,1.0,1.0,0.5,0.5,0.0,1.968113,0.28116,399.84759999999994,0.0014204354025188117,0.00412948056545281,0.004309071144094805,24.102,4.005,1.0,0.5,0.4,0.0,24.102,4.005,0,0.0,0.0,1,1,1,0,0,1,1,1,0,0,1,0,9,2,3,1,1
2,695.96,69,Scout,0.0,0.0,0.0,0.0,0.0,0.9996234871553448,0.004129516066731939,0.920981325154974,0.005155230964659892,2.8517,3.38645,404.462,0,1,1,1,1,1,1,1,1,1,1,0,5.018,25.115,5.018,25.115,5.018,4.012,0.0,2,2,1.0,1.0,0.6,0.6,0.0,2.278642,0.28393,401.51419999999996,0.0014203424805072497,0.004129516066731939,0.0026312722355124425,25.115,5.018,1.0,0.6,0.5,0.0,25.115,5.018,0,0.0,0.0,1,1,1,0,0,1,1,1,1,0,1,2,11,3,3,1,1
2,696.952,69,Scout,0.0,0.0,0.0,0.0,0.0,0.9996234871553448,0.004145594551314388,0.928168982780823,0.003354773878862559,2.95751,3.53502,403.909,0,1,1,1,1,1,1,1,1,1,1,0,6.01,26.107,6.01,26.107,6.01,5.004,0.0,2,2,1.0,1.0,0.7,0.7,0.0,2.603751,1.07192,402.7034,0.0013672894301322064,0.004145594551314388,0.0025783121071489617,26.107,6.01,1.0,0.7,0.6,0.0,26.107,6.01,0,0.0,0.0,1,1,1,0,0,1,1,1,1,0,1,2,13,3,3,1,1
2,697.953,69,Scout,0.0,0.0,0.0,0.0,0.0,0.9996234871553448,0.00016319519179962144,0.9347272310757845,0.0025718396784526927,3.10545,3.82996,404.071,0,1,1,1,1,1,1,1,1,1,1,0,7.010999999999999,27.108,7.010999999999999,27.108,7.010999999999999,6.005,0.0,2,2,1.0,1.0,0.8,0.8,0.0,2.879555,1.52547,403.48769999999996,5.160685137020415e-05,0.00016319519179962144,0.0013156825787620024,27.108,7.010999999999999,1.0,0.8,0.7,0.0,27.108,7.010999999999999,0,0.0,0.0,1,1,1,0,0,1,1,1,1,0,1,0,13,3,3,1,1
2,698.953,69,Scout,0.0,0.0,0.0,0.0,0.0,0.9996234871553448,0.0,0.940824858744142,0.001760684142128293,3.21473,4.23522,403.652,0,1,1,1,1,1,1,1,1,1,1,0,8.011,28.108,8.011,28.108,8.011,7.005,0.0,2,2,1.0,1.0,0.9,0.9,0.0,3.1505300000000003,1.97199,403.908,0.0,0.0,5.1606851370291574e-05,28.108,8.011,1.0,0.9,0.8,0.0,28.108,8.011,0,0.0,0.0,1,1,1,0,0,1,1,1,1,0,1,0,13,3,3,1,1
2,699.954,69,Scout,0.0,0.0,0.0,0.0,0.0,0.9996234871553448,0.0,0.9468975917609275,0.0011834122816914245,3.38645,4.48895,403.715,0,1,1,1,1,1,1,1,1,1,1,0,9.012,29.108999999999998,9.012,29.108999999999998,9.012,8.006,0.0,2,2,1.0,1.0,1.0,1.0,0.0,3.402226,2.41727,404.07489999999996,0.0,0.0,0.0,29.108999999999998,9.012,1.0,1.0,0.9,0.0,29.108999999999998,9.012,0,0.0,0.0,1,1,1,0,0,1,1,1,1,0,1,2,15,3,3,1,1
2,700.953,70,Scout,0.0,0.0,0.0,0.0,0.0,0.9996234871553448,0.0,0.953149255227558,0.0006061289914141265,3.53502,4.65265,403.874,0,1,1,1,1,1,1,1,1,1,1,0,10.011,30.108,10.011,30.108,10.011,9.004999999999999,0.0,2,2,1.0,1.0,1.0,1.0,0.0,3.625764,2.8517,403.95730000000003,0.0,0.0,0.0,30.108,10.011,1.0,1.0,1.0,0.0,30.108,10.011,0,0.0,0.0,1,1,1,0,0,1,1,1,1,0,1,0,15,3,3,1,1
2,701.958,70,Scout,0.0,0.0,0.0,0.0,0.0,0.9998818792566969,0.0,0.9587152255162465,2.3079285553664787e-05,3.82996,4.59559,403.937,0,1,1,1,1,1,1,1,1,1,1,0,11.016,31.113,11.016,31.113,11.016,10.01,0.0,2,2,1.0,1.0,1.0,1.0,0.0,3.8001530000000003,2.95751,403.9591,0.0,0.0,0.0,31.113,11.016,1.0,1.0,1.0,0.0,31.113,11.016,0,0.0,0.0,1,1,1,0,0,1,1,1,1,0,1,0,15,3,3,1,1
2,702.958,70,Scout,0.0,0.0,0.0,0.0,0.0,0.9998713007602599,0.0,0.9632736300398168,0.0,4.11114,4.11114,403.883,0,1,1,1,1,1,1,1,1,1,1,0,12.016,32.113,12.016,32.113,12.016,11.01,0.0,2,2,1.0,1.0,1.0,1.0,0.0,3.915516,3.10545,403.9551,0.0,0.0,0.0,32.113,12.016,1.0,1.0,1.0,0.0,32.113,12.016,0,0.0,0.0,1,1,1,0,0,1,1,1,1,0,1,2,17,3,3,1,1
2,703.957,70,Scout,0.0,0.0,0.0,0.0,0.0,0.9999286558561705,0.0,0.9677539833994345,0.0,4.11114,4.1846,404.918,0,1,1,1,1,1,1,1,1,1,1,0,13.014999999999999,33.112,13.014999999999999,33.112,13.014999999999999,12.008999999999999,0.0,2,2,1.0,1.0,1.0,1.0,0.0,4.023431,3.21473,404.0701,0.0,0.0,0.0,33.112,13.014999999999999,1.0,1.0,1.0,0.0,33.112,13.014999999999999,0,0.0,0.0,1,1,1,0,0,1,1,1,1,0,1,0,17,3,3,1,1
2,704.958,70,Scout,0.09990509478058945,0.09980528949109836,0.031297774439829985,0.031297774439829985,0.01399679023838305,0.9923089446214169,0.009897225292406327,0.9714841917538996,0.0013996790238382606,2.72979,2.72979,405.111,0,1,1,0,0,0,1,0,1,0,0,0,0.0,34.113,0.0,34.113,0.0,0.0,0.0,2,2,1.0,1.0,0.9,0.9,0.0,3.9749369999999997,2.72979,404.1532,0.003129777443982911,0.009897225292406327,0.0031297774439829986,34.113,13.014999999999999,1.0,0.9,0.9,0.0,34.113,13.014999999999999,0,0.0,0.0,1,0,0,0,0,0,0,1,1,0,1,0,17,3,3,1,1
2,705.96,70,Scout,3.1242838914634086,3.0183421124579035,0.061772748877570324,0.03047497443774034,0.02767218245216164,0.6986539880195616,0.020894472840975502,0.9608102071225508,0.004166897269054425,0.372729,0.372729,403.882,0,1,1,0,0,0,1,0,1,0,0,0,0.0,35.115,0.0,35.115,0.0,0.0,0.0,2,2,1.0,1.0,0.8,0.8,0.0,3.6735648999999997,0.372729,404.0952,0.009307052331739942,0.020894472840975502,0.006177274887757033,35.115,13.014999999999999,1.0,0.8,0.8,0.0,35.115,13.014999999999999,0,0.0,0.0,1,0,0,0,0,0,0,1,1,0,1,0,17,3,3,1,1
2,706.959,70,Scout,2.930536512749579,-0.1939413200338636,0.1759448195817064,0.11417207070413608,0.0729351626161762,0.5555192154822566,0.056288026410699715,0.9430315141970947,0.011460413530672045,0.372729,10.8215,401.07,0,1,0,0,0,0,0,0,0,0,0,0,0.0,0.0,0.0,0.0,0.0,0.0,0.0,2,2,0.9,0.9,0.7,0.7,0.0,4.4022129,0.372729,403.8113,0.026901534289910583,0.056288026410699715,0.017594481958170642,35.115,13.014999999999999,0.9,0.7,0.7,0.0,35.115,13.014999999999999,0,0.0,0.0,0,0,0,0,0,0,0,1,1,0,1,0,17,3,3,1,1
2,707.965,70,Scout,3.043211131564462,0.1120026031957088,1.11135794321253e-05,0.1759337060022743,0.07293311318058636,0.5703717574131634,0.05628743635364308,0.9265413778611624,0.01875372484873068,0.372729,11.8711,397.767,0,1,0,0,0,0,0,0,0,0,0,0,0.0,0.0,0.0,0.0,0.0,0.0,0.0,2,2,0.8,0.8,0.6,0.6,0.0,5.2063269,0.372729,403.1809,0.026902645647853794,0.05628743635364308,0.03518785255839807,35.115,13.014999999999999,0.8,0.6,0.6,0.0,35.115,13.014999999999999,0,0.0,0.0,0,0,0,0,0,0,0,1,1,0,1,0,17,3,3,1,1
2,708.966,70,CZ550,3.0389798889550423,-0.004227015593825713,0.0,1.11135794321253e-05,0.07293311318058636,0.6421416327674807,0.05628743635364308,0.9140853131586111,0.026047036166789318,0.372729,12.8941,397.454,0,1,0,0,0,0,0,0,0,0,0,0,0.0,0.0,0.0,0.0,0.0,0.0,0.0,2,2,0.7,0.7,0.5,0.5,0.0,6.0722149000000005,0.372729,402.5611,0.026902645647853794,0.05628743635364308,0.035188963916341284,35.115,13.014999999999999,0.7,0.5,0.5,0.0,35.115,13.014999999999999,0,0.0,0.0,0,0,0,0,0,0,0,1,1,0,1,0,17,3,3,1,1
2,709.964,70,CZ550,3.0530108212050204,0.014059050350679449,0.6852552505551196,0.6852552505551196,0.2889495382472207,0.780283554208877,0.21454380635959774,0.907316216698306,0.054941989991511384,0.372729,52.7451,397.492,0,1,0,0,0,0,0,0,0,0,0,0,0.0,0.0,0.0,0.0,0.0,0.0,0.0,2,2,0.6,0.6,0.4,0.4,0.0,10.8978299,0.372729,401.9388,0.09542817070336576,0.21454380635959774,0.10371448897185324,35.115,13.014999999999999,0.6,0.4,0.4,0.0,35.115,13.014999999999999,0,0.0,0.0,0,0,0,0,0,0,0,1,1,0,1,0,17,3,3,1,1
2,710.965,71,CZ550,3.19302235400923,0.13987166114306648,0.7022438982655848,0.016988647710465155,0.35524620759790854,0.8735300911707484,0.2836401369915625,0.9039531756040994,0.09046661075130225,10.8215,93.2211,400.453,0,1,0,0,0,0,0,0,0,0,0,0,0.0,0.0,0.0,0.0,0.0,0.0,0.0,2,2,0.5,0.5,0.3,0.3,0.0,19.7546749,0.372729,401.5967,0.16565256052992422,0.2836401369915625,0.10541335374289976,35.115,13.014999999999999,0.5,0.3,0.3,0.0,35.115,13.014999999999999,0,0.0,0.0,0,0,0,0,0,0,0,1,1,0,1,0,17,3,3,1,1
2,711.967,71,CZ550,3.3951570265301476,0.20173121010071624,0.043194926229548306,0.6590489720360364,0.37255992319548814,0.8651616176712478,0.28115517009423374,0.8980436320454743,0.12772260307085107,11.8711,91.0408,402.94,0,1,0,0,0,0,0,0,0,0,0,0,0.0,0.0,0.0,0.0,0.0,0.0,0.0,2,2,0.4,0.4,0.2,0.2,0.0,28.399195900000002,0.372729,401.49699999999996,0.16997205315287905,0.28115517009423374,0.17131825094650338,35.115,13.014999999999999,0.4,0.2,0.2,0.0,35.115,13.014999999999999,0,0.0,0.0,0,0,0,0,0,0,0,1,1,0,1,0,17,3,3,1,1
2,713.029,71,CZ550,4.515123464409908,1.0545823332201132,0.14411293264141609,0.10091800641186778,0.34976855482451985,0.8883005971851701,0.2751030935165999,0.8927505690412157,0.16269945855330303,12.8941,100.671,404.194,0,1,0,0,0,0,0,0,0,0,0,0,0.0,0.0,0.0,0.0,0.0,0.0,0.0,2,2,0.3,0.3,0.1,0.1,0.0,38.0551819,0.372729,401.5281,0.18438334641702067,0.2751030935165999,0.18141005158769016,35.115,13.014999999999999,0.3,0.1,0.1,0.0,35.115,13.014999999999999,0,0.0,0.0,0,0,0,0,0,0,0,1,1,0,1,0,17,3,3,1,1
2,713.973,71,CZ550,6.9381042925261465,2.5667169789366935,0.004026892884842364,0.14008603975657372,0.34886548583066657,0.9077462119051937,0.27480599598621147,0.8884566890304303,0.1975860071363697,52.7451,101.731,407.168,0,1,0,0,0,0,0,0,0,0,0,0,0.0,0.0,0.0,0.0,0.0,0.0,0.0,2,2,0.2,0.2,0.0,0.0,0.0,47.8098219,0.372729,401.7531,0.18478603570550492,0.27480599598621147,0.19541865556334753,35.115,0.0,0.2,0.0,0.0,0.0,35.115,0.0,0,0.0,0.0,0,0,0,0,0,0,0,1,1,0,1,0,17,3,3,1,1
2,714.969,71,CZ550,5.738928177619665,-1.203992083239439,0.26920466393600817,0.2651777710511658,0.28189323846333425,0.9199796851977021,0.2703028976925183,0.8845710027224009,0.2243756519588648,87.118,87.118,407.333,0,1,0,0,0,0,0,0,0,0,0,0,0.0,0.0,0.0,0.0,0.0,0.0,0.0,2,2,0.1,0.1,0.0,0.0,0.0,56.24864290000001,0.372729,401.9753,0.20857672465512272,0.2703028976925183,0.21880665522448112,35.115,0.0,0.1,0.0,0.0,0.0,35.115,0.0,0,0.0,0.0,0,0,0,0,0,0,0,1,1,0,1,0,17,3,3,1,1
2,715.997,71,CZ550,4.45750302177027,-1.246522525145326,0.12765409646770548,0.1415505674683027,0.10274112218747473,0.9191152123499682,0.2671112830433084,0.8805455889821318,0.2318825459323961,80.2335,80.2335,406.816,0,1,0,0,0,0,0,0,0,0,0,0,0.0,0.0,0.0,0.0,0.0,0.0,0.0,2,2,0.0,0.0,0.0,0.0,0.0,64.23472000000001,10.8215,402.26869999999997,0.2151648594141362,0.2671112830433084,0.22991421452753738,0.0,0.0,0.0,0.0,0.0,0.0,0.0,0.0,0,0.0,0.0,0,0,0,0,0,0,0,1,1,0,1,0,17,3,3,1,1
2,716.975,71,CZ550,6.680299050960811,2.272797575859449,0.06730767995777315,0.06034641650993233,0.0988660758082871,0.9206310140267074,0.2710635983067747,0.8765959653257,0.2344756372516072,77.3729,77.3729,406.699,0,1,0,0,0,0,0,0,0,0,0,0,0.0,0.0,0.0,0.0,0.0,0.0,0.0,2,2,0.0,0.0,0.0,0.0,0.0,70.88986,11.8711,402.8316,0.20430114545174294,0.2710635983067747,0.224531649108117,0.0,0.0,0.0,0.0,0.0,0.0,0.0,0.0,0,0.0,0.0,0,0,0,0,0,0,0,1,1,0,1,0,17,3,3,1,1
2,718.013,71,CZ550,5.9290484692101355,-0.7237481519756029,0.21101986971491182,0.14371218975713868,0.10674330128468738,0.9141241989422282,0.26143567799532963,0.8723210009150442,0.2378566560620173,65.8097,65.8097,404.4,0,1,0,0,0,0,0,0,0,0,0,0,0.0,0.0,0.0,0.0,0.0,0.0,0.0,2,2,0.0,0.0,0.0,0.0,0.0,76.28371999999999,12.8941,403.49490000000003,0.22540202106529086,0.26143567799532963,0.2213094974836034,0.0,0.0,0.0,0.0,0.0,0.0,0.0,0.0,0,0.0,0.0,0,0,0,0,0,0,0,1,1,0,1,0,17,3,3,1,1
2,719.008,71,CZ550,6.705062834143155,0.7799139346060501,0.4695124802420547,0.2584926105271429,0.15508169912776743,0.9053434244441195,0.2586024773939868,0.8676069977794828,0.24607151465673544,39.9634,39.9634,400.03,0,1,0,0,0,0,0,0,0,0,0,0,0.0,0.0,0.0,0.0,0.0,0.0,0.0,2,2,0.0,0.0,0.0,0.0,0.0,78.99065,39.9634,403.75249999999994,0.27235326908949636,0.2586024773939868,0.24715764717837452,0.0,0.0,0.0,0.0,0.0,0.0,0.0,0.0,0,0.0,0.0,0,0,0,0,0,0,0,1,1,0,1,0,17,3,3,1,1
2,719.981,71,CZ550,6.657290218391056,-0.049098269015518226,0.34021474204469815,0.12929773819735657,0.16275265496596972,0.8935482427880376,0.21707372270238967,0.8623032355611177,0.23345182632861036,39.9634,59.7841,397.982,0,1,0,0,0,0,0,0,0,0,0,0,0.0,0.0,0.0,0.0,0.0,0.0,0.0,2,2,0.0,0.0,0.0,0.0,0.0,79.69455,39.9634,403.80150000000003,0.23784921823845423,0.21707372270238967,0.1915618959425982,0.0,0.0,0.0,0.0,0.0,0.0,0.0,0.0,0,0.0,0.0,0,0,0,0,0,0,0,1,1,0,1,0,17,3,3,1,1
2,720.98,72,CZ550,3.6130544406379785,-3.0472830608138914,0.05620992494261027,0.28400481710208786,0.17786157914946768,0.8886052675141513,0.1489531747278809,0.8567523245790578,0.21571336348376624,39.9634,56.9943,396.791,0,1,0,0,0,0,0,0,0,0,0,0,0.0,0.0,0.0,0.0,0.0,0.0,0.0,2,2,0.0,0.0,0.0,0.0,0.0,76.07187,39.9634,403.4353,0.17324582090615676,0.1489531747278809,0.21826351288176044,0.0,0.0,0.0,0.0,0.0,0.0,0.0,0.0,0,0.0,0.0,0,0,0,0,0,0,0,1,1,0,1,0,17,3,3,1,1
2,721.979,72,CZ550,0.0,-3.6166711117497283,0.3835440879063175,0.3273341629637072,0.16153200363865,0.8886052675141513,0.15470825772161115,0.8511884939919308,0.19461057152808242,35.0483,35.0483,396.736,0,1,0,0,0,0,0,0,0,0,0,0,0.0,0.0,0.0,0.0,0.0,0.0,0.0,2,2,0.0,0.0,0.0,0.0,0.0,70.47262,35.0483,402.81489999999997,0.2072807370738337,0.15470825772161115,0.18509203197452753,0.0,0.0,0.0,0.0,0.0,0.0,0.0,0.0,0,0.0,0.0,0,0,0,0,0,0,0,1,1,0,1,0,17,3,3,1,1
2,722.981,72,CZ550,3.968716986215729,3.9607953954248796,1.0478587023302697,0.6643146144239522,0.3636300885623997,0.7995306451389251,0.30483461957084135,0.841171461210864,0.19599672490187042,20.6427,20.6427,826.548,0,1,0,0,0,0,0,0,0,0,0,0,0.0,0.0,0.0,0.0,0.0,0.0,0.0,2,2,0.0,0.0,0.0,0.0,0.0,62.46979,20.6427,445.05030000000005,0.29765531404271905,0.30483461957084135,0.24143169277573598,0.0,0.0,0.0,0.0,0.0,0.0,0.0,0.0,0,0.0,0.0,0,0,0,0,0,0,0,1,1,0,1,0,17,3,3,1,1
2,724.002,72,CZ550,2.604296517164716,-1.33635697262587,0.4608540400241877,0.587004662306082,0.36359091050974796,0.7622770109383035,0.28980153703565553,0.8292888789649705,0.19746926736977857,1.30071,1.30071,391.576,0,1,1,0,0,0,1,0,1,0,0,0,0.0,0.0,0.0,0.0,0.0,0.0,0.0,2,2,0.1,0.1,0.0,0.0,0.0,52.426761,1.30071,443.4911,0.3433380287566536,0.28980153703565553,0.28612355503068676,0.0,0.0,0.1,0.0,0.0,0.0,0.0,0.0,0,0.0,0.0,0,0,0,0,0,0,0,1,1,0,1,0,17,3,3,1,1
2,724.983,72,CZ550,0.0,-2.6547365108712704,0.0,0.4608540400241877,0.4187348176529131,0.7619927037260803,0.3093007362344292,0.8177730669202037,0.21115342528873643,1.30071,1.30116,391.58,0,1,1,0,0,0,1,0,1,0,0,0,0.0,0.981,0.0,0.981,0.0,0.0,0.0,2,2,0.2,0.2,0.0,0.0,0.0,43.845077,1.30071,441.91580000000005,0.3164175623630528,0.3093007362344292,0.305691181927989,0.981,0.0,0.2,0.0,0.0,0.0,0.981,0.0,0,0.0,0.0,0,0,0,0,0,0,0,1,1,0,1,0,17,3,3,1,1
2,725.981,72,CZ550,0.0,0.0,0.0,0.0,0.43051515399869217,0.7601419989611304,0.3203923601178359,0.8208474674672821,0.24393082846985817,1.2998,1.2998,391.583,0,1,1,0,0,0,1,0,1,0,0,0,0.0,1.979,0.0,1.979,0.0,0.0,0.0,2,2,0.3,0.3,0.0,0.0,0.0,35.951707000000006,1.2998,440.39250000000004,0.3036521527162822,0.3203923601178359,0.29153612518115873,1.979,0.0,0.3,0.0,0.0,0.0,1.979,0.0,0,0.0,0.0,0,0,0,0,0,0,0,1,1,0,1,0,17,3,3,1,1
2,726.983,72,sem_arma,0.6750639288413187,0.6737164958496195,1.0389105153287561,1.0389105153287561,0.5224108805573607,0.7492917770150832,0.38212946072922555,0.8305360955439236,0.28628530894476556,1.2998,60.992,392.155,0,1,0,0,0,0,0,0,0,0,0,0,0.0,0.0,0.0,0.0,0.0,0.0,0.0,2,2,0.3,0.3,0.0,0.0,0.0,34.313617,1.2998,438.9381,0.40081243625338053,0.38212946072922555,0.3893925350630411,1.979,0.0,0.3,0.0,0.0,0.0,1.979,0.0,0,0.0,0.0,0,0,0,0,0,0,0,1,1,0,1,0,17,3,3,1,1
2,727.989,72,sem_arma,1.6058411725669566,0.9252258883952662,0.338961088813516,0.6999494265152402,0.42732707786128216,0.747860206864741,0.3771786782779191,0.8394105180165023,0.318343686602425,1.2998,80.7403,392.745,0,1,0,0,0,0,0,0,0,0,0,0,0.0,0.0,0.0,0.0,0.0,0.0,0.0,2,2,0.3,0.3,0.0,0.0,0.0,35.806677,1.2998,437.77259999999995,0.41360655816324093,0.3771786782779191,0.44501625873885126,1.979,0.0,0.3,0.0,0.0,0.0,1.979,0.0,0,0.0,0.0,0,0,0,0,0,0,0,1,1,0,1,0,17,3,3,1,1
2,728.993,72,sem_arma,4.71459900980065,3.096372347842324,0.4176763056651996,0.07871521685168359,0.42540707434809993,0.7553152491147882,0.3766808537076142,0.8450691988338678,0.3453762241244583,1.2998,105.448,393.38,0,1,0,0,0,0,0,0,0,0,0,0,0.0,0.0,0.0,0.0,0.0,0.0,0.0,2,2,0.3,0.3,0.0,0.0,0.0,42.355137,1.2998,437.1076,0.4084229407055554,0.3766808537076142,0.4270385193713054,1.979,0.0,0.3,0.0,0.0,0.0,1.979,0.0,0,0.0,0.0,0,0,0,0,0,0,0,1,1,0,1,0,17,3,3,1,1
2,729.991,72,sem_arma,4.085727315991562,-0.6301319577245368,0.016822148526707586,0.400854157138492,0.4219090879313465,0.7578809340474177,0.3965457427818086,0.8439490678257947,0.37129186742099596,1.2998,106.972,394.905,0,1,0,0,0,0,0,0,0,0,0,0,0.0,0.0,0.0,0.0,0.0,0.0,0.0,2,2,0.3,0.3,0.0,0.0,0.0,47.073927,1.2998,436.7999,0.37608368135375636,0.3965457427818086,0.45419416126541884,1.979,0.0,0.3,0.0,0.0,0.0,1.979,0.0,0,0.0,0.0,0,0,0,0,0,0,0,1,1,0,1,0,17,3,3,1,1
2,730.987,73,sem_arma,3.968740704477963,-0.11745643726264972,0.3346915545536055,0.3178694060268979,0.37383481725480705,0.7760342660559035,0.38106220276467107,0.8390742765700525,0.3908891912315299,60.992,88.3882,396.899,0,1,0,0,0,0,0,0,0,0,0,0,0.0,0.0,0.0,0.0,0.0,0.0,0.0,2,2,0.3,0.3,0.0,0.0,0.0,50.213316999999996,1.2998,436.8107,0.40393184431485585,0.38106220276467107,0.4575806201578999,1.979,0.0,0.3,0.0,0.0,0.0,1.979,0.0,0,0.0,0.0,0,0,0,0,0,0,0,1,1,0,1,0,17,3,3,1,1
2,732.009,73,sem_arma,3.8304005752247794,-0.13536216169587437,0.0646972863365469,0.26999426821705863,0.1807765263746638,0.7939066579667122,0.39600416914345843,0.8355115285848257,0.39281364350513126,80.7403,85.1415,398.086,0,1,0,0,0,0,0,0,0,0,0,0,0.0,0.0,0.0,0.0,0.0,0.0,0.0,2,2,0.3,0.3,0.0,0.0,0.0,55.222637,1.2998,436.94570000000004,0.3720471641578788,0.39600416914345843,0.451846630683235,1.979,0.0,0.3,0.0,0.0,0.0,1.979,0.0,0,0.0,0.0,0,0,0,0,0,0,0,1,1,0,1,0,17,3,3,1,1
2,732.989,73,sem_arma,4.20784767073364,0.38515009745802137,0.00017667971108289456,0.064520606625464,0.1948128235962533,0.7941315439743099,0.3305175029547227,0.8308030759242827,0.37593191700851664,85.1415,85.7163,398.82,0,1,0,0,0,0,0,0,0,0,0,0,0.0,0.0,0.0,0.0,0.0,0.0,0.0,2,2,0.3,0.3,0.0,0.0,0.0,61.729997000000004,1.2998,394.17289999999997,0.2672789618959602,0.3305175029547227,0.3918672299033862,1.979,0.0,0.3,0.0,0.0,0.0,1.979,0.0,0,0.0,0.0,0,0,0,0,0,0,0,1,1,0,1,0,17,3,3,1,1
2,733.989,73,sem_arma,4.1123929152738485,-0.09545475545979176,0.4630230279548445,0.46284634824376164,0.2098838256234526,0.8007248091997844,0.33065933054847274,0.8254520057890122,0.3605612085198871,85.1415,112.814,399.803,0,1,0,0,0,0,0,0,0,0,0,0,0.0,0.0,0.0,0.0,0.0,0.0,0.0,2,2,0.2,0.2,0.0,0.0,0.0,72.881326,1.2998,394.9956,0.2674958606890258,0.33065933054847274,0.37945139849715415,1.979,0.0,0.2,0.0,0.0,0.0,1.979,0.0,0,0.0,0.0,0,0,0,0,0,0,0,1,1,0,1,0,17,3,3,1,1
2,734.99,73,sem_arma,4.044612651183693,-0.06771255153861731,0.003596044087906158,0.45942698386693837,0.2124572386430574,0.8003877075355783,0.33033789443065564,0.8194724069059062,0.3399334506189015,85.1415,113.491,402.059,0,1,0,0,0,0,0,0,0,0,0,0,0.0,0.0,0.0,0.0,0.0,0.0,0.0,2,2,0.1,0.1,0.0,0.0,0.0,84.10031000000001,1.2998,396.0435,0.26785546509781644,0.33033789443065564,0.3793086928814292,1.979,0.0,0.1,0.0,0.0,0.0,1.979,0.0,0,0.0,0.0,0,0,0,0,0,0,0,1,1,0,1,0,16,3,3,1,1
2,735.992,73,sem_arma,4.016126397160416,-0.028429395232810583,0.0,0.003596044087906158,0.20130328866965894,0.793728618544312,0.33033789443065564,0.8132030772156232,0.3170122640859982,85.1415,114.004,403.858,0,1,0,0,0,0,0,0,0,0,0,0,0.0,0.0,0.0,0.0,0.0,0.0,0.0,2,2,0.0,0.0,0.0,0.0,0.0,95.37073000000001,60.992,397.271,0.26785546509781644,0.33033789443065564,0.3796682972902198,0.0,0.0,0.0,0.0,0.0,0.0,0.0,0.0,0,0.0,0.0,0,0,0,0,0,0,0,1,1,0,1,0,16,3,3,1,1
2,736.994,73,sem_arma,4.101105061182767,0.08480904593048946,0.029930669580148672,0.029930669580148672,0.20368585162974537,0.7823396171339856,0.1950459790222437,0.8062885073709871,0.28513976119323664,85.7163,112.792,405.741,0,1,0,0,0,0,0,0,0,0,0,0,0.0,0.0,0.0,0.0,0.0,0.0,0.0,2,2,0.0,0.0,0.0,0.0,0.0,100.55073,80.7403,398.62960000000004,0.1669574805229557,0.1950459790222437,0.2787703127153591,0.0,0.0,0.0,0.0,0.0,0.0,0.0,0.0,0,0.0,0.0,0,0,0,0,0,0,0,1,1,0,1,0,16,3,3,1,1
2,738.015,73,sem_arma,3.9819908832839768,-0.11666422908794329,0.005697066173200644,0.02423360340694803,0.20302782217332832,0.7749292785800986,0.19081683902148197,0.7993287613528807,0.2627098356244413,112.792,112.983,407.305,0,1,0,0,0,0,0,0,0,0,0,0,0.0,0.0,0.0,0.0,0.0,0.0,0.0,2,2,0.0,0.0,0.0,0.0,0.0,103.775,85.1415,400.0856,0.13363107825892417,0.19081683902148197,0.21119873040452988,0.0,0.0,0.0,0.0,0.0,0.0,0.0,0.0,0,0.0,0.0,0,0,0,0,0,0,0,1,1,0,1,0,16,3,3,1,1
2,739.002,73,sem_arma,4.071934588566304,0.09112837414622806,0.0,0.005697066173200644,0.012585031749793444,0.770290342931868,0.16580772623745005,0.7925761072772681,0.22142763136461063,112.792,113.446,409.177,0,1,0,0,0,0,0,0,0,0,0,0,0.0,0.0,0.0,0.0,0.0,0.0,0.0,2,2,0.0,0.0,0.0,0.0,0.0,104.57480000000001,85.1415,401.6653,0.0918634476924042,0.16580772623745005,0.20389691533668158,0.0,0.0,0.0,0.0,0.0,0.0,0.0,0.0,0,0.0,0.0,0,0,0,0,0,0,0,1,1,0,1,0,14,3,3,1,1
2,740.0,74,sem_arma,3.6402716194740363,-0.4325280251425526,0.4039307635665996,0.4039307635665996,0.17709180418296697,0.746735348207888,0.18979501333834925,0.7852354625482606,0.1969459029897727,90.405,90.405,412.755,0,1,0,0,0,0,0,0,0,0,0,0,0.0,0.0,0.0,0.0,0.0,0.0,0.0,2,2,0.0,0.0,0.0,0.0,0.0,102.91810000000001,85.1415,403.4503,0.1305743091963934,0.18979501333834925,0.20420457597949232,0.0,0.0,0.0,0.0,0.0,0.0,0.0,0.0,0,0.0,0.0,0,0,0,0,0,0,0,1,1,0,1,0,14,3,3,1,1
2,741.001,74,sem_arma,3.8730036065002675,0.23249948753869254,0.013529841849037704,0.3904009217175619,0.17550898192101277,0.7639501465109578,0.1782384160819479,0.7790027064981009,0.17711331945639325,90.1543,90.1543,413.552,0,1,0,0,0,0,0,0,0,0,0,0,0.0,0.0,0.0,0.0,0.0,0.0,0.0,2,2,0.0,0.0,0.0,0.0,0.0,103.09470999999999,85.1415,405.1156,0.09845813792593662,0.1782384160819479,0.21145772754855874,0.0,0.0,0.0,0.0,0.0,0.0,0.0,0.0,0,0.0,0.0,0,0,0,0,0,0,0,1,1,0,1,0,14,3,3,1,1
2,742.026,74,sem_arma,4.526319063973636,0.6373809341203597,0.34418609378468806,0.33065625193565035,0.20253169581708455,0.7714078871197572,0.1936065398769759,0.7731428374783812,0.1792888364006353,70.5857,70.5857,413.018,0,1,0,0,0,0,0,0,0,0,0,0,0.0,0.0,0.0,0.0,0.0,0.0,0.0,2,2,0.0,0.0,0.0,0.0,0.0,101.63913,70.5857,406.6088,0.12640701867075074,0.1936065398769759,0.21752392592041794,0.0,0.0,0.0,0.0,0.0,0.0,0.0,0.0,0,0.0,0.0,0,0,0,0,0,0,0,1,1,0,1,0,12,3,3,1,1
2,742.999,74,sem_arma,6.796826514788988,2.3335122824412657,0.030115027872130343,0.31407106591255773,0.19832849892483065,0.8675226066440563,0.19165937641127911,0.7765424355536379,0.17964040393349306,69.7667,69.7667,409.965,0,1,0,0,0,0,0,0,0,0,0,0,0.0,0.0,0.0,0.0,0.0,0.0,0.0,2,2,0.0,0.0,0.0,0.0,0.0,100.04417,69.7667,407.7233,0.12940085348685548,0.19165937641127911,0.24247897184912728,0.0,0.0,0.0,0.0,0.0,0.0,0.0,0.0,0,0.0,0.0,0,0,0,0,0,0,0,1,1,0,1,0,12,3,3,1,1
2,744.002,74,sem_arma,6.665534061123471,-0.13089975440230997,0.03157564416787864,0.0014606162957482988,0.1924410535481485,0.9118443409768713,0.15284384946776888,0.7840208020555661,0.17789612672596264,69.7667,72.5807,407.724,0,1,0,0,0,0,0,0,0,0,0,0,0.0,0.0,0.0,0.0,0.0,0.0,0.0,2,2,0.0,0.0,0.0,0.0,0.0,96.02083999999999,69.7667,408.5154,0.08625611510815889,0.15284384946776888,0.19634039865432595,0.0,0.0,0.0,0.0,0.0,0.0,0.0,0.0,0,0.0,0.0,0,0,0,0,0,0,0,1,1,0,1,0,12,3,3,1,1
2,745.003,74,sem_arma,6.7650584950240615,0.09942500889169904,0.0011390770773266402,0.030436567090552,0.1459285980262422,0.902977637670669,0.1529933913004501,0.7910700487527956,0.1712432626642811,69.7667,73.0293,842.732,0,1,0,0,0,0,0,0,0,0,0,0,0.0,0.0,0.0,0.0,0.0,0.0,0.0,2,2,0.0,0.0,0.0,0.0,0.0,91.97467,69.7667,452.58270000000005,0.08601041840710094,0.1529933913004501,0.15344135697668732,0.0,0.0,0.0,0.0,0.0,0.0,0.0,0.0,0,0.0,0.0,0,0,0,0,0,0,0,1,1,0,1,0,12,3,3,1,1
2,746.002,74,sem_arma,6.6903137509296915,-0.07481956365802807,0.26031954545555785,0.2591804683782312,0.1573755559918865,0.9060199177125414,0.15877029289641667,0.7983639446903662,0.16685048939650388,69.7667,88.3818,842.599,0,1,0,0,0,0,0,0,0,0,0,0,0.0,0.0,0.0,0.0,0.0,0.0,0.0,2,2,0.0,0.0,0.0,0.0,0.0,89.41245,69.7667,496.45680000000004,0.11204237295265673,0.15877029289641667,0.17899979940571983,0.0,0.0,0.0,0.0,0.0,0.0,0.0,0.0,0,0.0,0.0,0,0,0,0,0,0,0,1,1,0,1,0,12,3,3,1,1
2,747.003,74,sem_arma,6.813058618326198,0.12262224515135524,0.1152201697367888,0.14509937571876907,0.1054912668393398,0.9124110123971739,0.15613825420501,0.8065199064594708,0.15703103091746334,69.7667,82.2322,842.601,0,1,0,0,0,0,0,0,0,0,0,0,0.0,0.0,0.0,0.0,0.0,0.0,0.0,2,2,0.0,0.0,0.0,0.0,0.0,86.35647,69.7667,540.1428,0.12057132296832074,0.15613825420501,0.1905166700195819,0.0,0.0,0.0,0.0,0.0,0.0,0.0,0.0,0,0.0,0.0,0,0,0,0,0,0,0,1,1,0,1,0,12,3,3,1,1
2,748.004,74,sem_arma,6.764207805871694,-0.048802010444060344,0.05057908765839909,0.0646410820783897,0.10306900067801866,0.9128924185356367,0.15308449677652006,0.8147715170430155,0.14703514876793236,72.5807,79.7865,841.684,0,1,0,0,0,0,0,0,0,0,0,0,0.0,0.0,0.0,0.0,0.0,0.0,0.0,2,2,0.0,0.0,0.0,0.0,0.0,83.03682,69.7667,583.5807,0.12505952511684057,0.15308449677652006,0.19455741788672604,0.0,0.0,0.0,0.0,0.0,0.0,0.0,0.0,0,0.0,0.0,0,0,0,0,0,0,0,1,1,0,1,0,12,3,3,1,1
2,749.005,74,sem_arma,5.473810472168688,-1.289108225477528,0.25216670584664264,0.20158761818824356,0.11711745050570568,0.9133087680956635,0.15094933447159514,0.8226711929920594,0.15748839064352357,65.6782,65.6782,843.443,0,1,0,0,0,0,0,0,0,0,0,0,0.0,0.0,0.0,0.0,0.0,0.0,0.0,2,2,0.0,0.0,0.0,0.0,0.0,78.26004,65.6782,627.0073,0.15027619570150483,0.15094933447159514,0.21414647308823032,0.0,0.0,0.0,0.0,0.0,0.0,0.0,0.0,0,0.0,0.0,0,0,0,0,0,0,0,1,1,0,1,0,12,3,3,1,1
2,750.01,75,FAL,1.8454319356813655,-3.610326901977436,0.5076851020896406,0.25551839624299794,0.17580326352198594,0.9082499758533218,0.17236759958725723,0.8301896450823545,0.15735953657742546,36.5208,36.5208,844.972,0,1,0,0,0,0,0,0,0,0,0,0,0.0,0.0,0.0,0.0,0.0,0.0,0.0,2,2,0.0,0.0,0.0,0.0,0.0,72.87162000000001,36.5208,670.229,0.16065162955380896,0.17236759958725723,0.19930523635587016,0.0,0.0,0.0,0.0,0.0,0.0,0.0,0.0,0,0.0,0.0,0,0,0,0,0,0,0,1,1,0,1,0,12,3,3,1,1
2,751.008,75,FAL,1.3530200183403132,-0.49339871477059355,0.09723954064675196,0.41044556144288863,0.1853109764351122,0.9097920173823026,0.16635666026211596,0.8368775326486745,0.15833973602883541,31.0384,31.0384,845.663,0,1,0,1,1,0,0,0,0,0,0,0,0.0,0.0,0.0,0.0,0.0,0.0,0.0,2,2,0.0,0.0,0.0,0.0,0.0,66.96002999999999,31.0384,713.4401,0.1690225994335804,0.16635666026211596,0.20130970032840284,0.0,0.0,0.0,0.0,0.0,0.0,0.0,0.0,0,0.0,0.0,0,0,0,0,0,0,0,1,1,0,1,0,12,3,3,1,1
2,752.006,75,FAL,0.10049700589697688,-1.2550330786005373,0.044080681781641304,0.05315885886511065,0.19629254390422166,0.9054487636874955,0.15811133662496157,0.8424546379347136,0.15771582083754915,31.0384,33.556,845.628,0,1,0,1,1,0,0,0,0,0,0,0,0.0,0.0,0.0,0.0,0.0,0.0,0.0,2,2,0.0,0.0,0.0,0.0,0.0,63.25706,31.0384,756.7011,0.13901205823327573,0.15811133662496157,0.17355996102134885,0.0,0.0,0.0,0.0,0.0,0.0,0.0,0.0,0,0.0,0.0,0,0,0,0,0,0,0,1,1,0,1,0,12,3,3,1,1
2,753.013,75,FAL,1.707379726492953,1.5957127314756467,0.024135801733966847,0.019944880047674456,0.20129236528589772,0.9030191595508958,0.15857951699569275,0.8478990187135429,0.15801220747365582,31.0384,35.0619,845.84,0,1,0,0,0,0,0,0,0,0,0,0,0.0,0.0,0.0,0.0,0.0,0.0,0.0,2,2,0.0,0.0,0.0,0.0,0.0,59.78658,31.0384,800.2886000000001,0.13841413561945934,0.15857951699569275,0.14414734243486055,0.0,0.0,0.0,0.0,0.0,0.0,0.0,0.0,0,0.0,0.0,0,0,0,0,0,0,0,1,1,0,1,0,12,3,3,1,1
2,754.01,75,FAL,0.22783985339299054,-1.4839918486459003,0.0648306614256997,0.04069485969173285,0.203105808237902,0.8995579914681849,0.15642415403737553,0.8528406778269628,0.1590786829426312,31.0384,38.7786,845.957,0,1,0,1,1,0,0,0,0,0,0,0,0.0,0.0,0.0,0.0,0.0,0.0,0.0,2,2,0.0,0.0,0.0,0.0,0.0,56.40637,31.0384,844.1119000000001,0.14173963734524148,0.15642415403737553,0.148070766774459,0.0,0.0,0.0,0.0,0.0,0.0,0.0,0.0,0,0.0,0.0,0,0,0,0,0,0,0,1,1,0,0,0,8,1,2,1,0
2,755.018,75,FAL,1.4070723009427497,1.1698734598707927,0.08832570308119644,0.02349504165549675,0.030343225520051698,0.9039162263552554,0.15001519321103432,0.8580171037679468,0.14752014569201216,31.0384,43.9741,846.0,0,1,0,0,0,0,0,0,0,0,0,0,0.0,0.0,0.0,0.0,0.0,0.0,0.0,2,2,0.0,0.0,0.0,0.0,0.0,53.50085,31.0384,844.4387,0.15045829994562843,0.15001519321103432,0.14737661423095344,0.0,0.0,0.0,0.0,0.0,0.0,0.0,0.0,0,0.0,0.0,0,0,0,0,0,0,0,1,1,0,0,0,8,1,2,1,0
2,756.014,75,FAL,6.144359204987976,4.756312152655849,0.3705650861568536,0.2822393830756571,0.1429776795619587,0.9092854020176706,0.16251602310544455,0.8637949429416147,0.14608035804901937,33.556,65.5278,845.411,0,1,0,0,0,0,0,0,0,0,0,0,0.0,0.0,0.0,0.0,0.0,0.0,0.0,2,2,0.0,0.0,0.0,0.0,0.0,51.21545,31.0384,844.7199,0.16148285401575802,0.16251602310544455,0.14968250570069602,0.0,0.0,0.0,0.0,0.0,0.0,0.0,0.0,0,0.0,0.0,0,0,0,0,0,0,0,1,1,0,0,0,6,0,2,1,0
2,757.019,75,FAL,6.683362659781921,0.5363218455661152,0.22352841808800372,0.14703666806884985,0.14218231927374442,0.9152010177807033,0.16269926869068085,0.8704380129739505,0.1497494632924598,35.0619,78.8451,844.673,0,1,0,0,0,0,0,0,0,0,0,0,0.0,0.0,0.0,0.0,0.0,0.0,0.0,2,2,0.0,0.0,0.0,0.0,0.0,50.87674,31.0384,844.9271000000001,0.1723136788508795,0.16269926869068085,0.14987623493570412,0.0,0.0,0.0,0.0,0.0,0.0,0.0,0.0,0,0.0,0.0,0,0,0,0,0,0,0,1,1,0,0,0,4,0,2,1,0
2,758.015,75,FAL,6.738440650768,0.055299187737026904,0.044826151370907216,0.1787022667170965,0.13767750431088974,0.9222012932834602,0.16318698124643016,0.8778016137091187,0.15321031365574694,38.7786,81.8535,845.495,0,1,0,0,0,0,0,0,0,0,0,0,0.0,0.0,0.0,0.0,0.0,0.0,0.0,2,2,0.0,0.0,0.0,0.0,0.0,51.08344,31.0384,845.3082,0.1717383852221303,0.16318698124643016,0.1612823533995748,0.0,0.0,0.0,0.0,0.0,0.0,0.0,0.0,0,0.0,0.0,0,0,0,0,0,0,0,1,1,0,0,0,4,0,2,1,0
2,759.043,75,FAL,6.4787358051357415,-0.25263117279402586,0.17432230698208545,0.12949615561117822,0.12739472712286873,0.9300257491680803,0.16076273216715253,0.8857883840209293,0.15423804131746324,43.9741,72.0251,847.008,0,1,0,0,0,0,0,0,0,0,0,0,0.0,0.0,0.0,0.0,0.0,0.0,0.0,2,2,0.0,0.0,0.0,0.0,0.0,51.718129999999995,31.0384,845.6647,0.1639539453356746,0.16076273216715253,0.15407320714186828,0.0,0.0,0.0,0.0,0.0,0.0,0.0,0.0,0,0.0,0.0,0,0,0,0,0,0,0,1,1,0,0,0,4,0,2,1,0
2,760.018,76,FAL,6.704646943752528,0.2317037319146528,0.17856753656821014,0.004245229586124694,0.11707928501498344,0.9652660544240955,0.10741017757303871,0.8967149193317396,0.14836564346676298,62.4778,62.4778,845.008,0,1,0,0,0,0,0,0,0,0,0,0,0.0,0.0,0.0,0.0,0.0,0.0,0.0,2,2,0.0,0.0,0.0,0.0,0.0,54.31383000000001,31.0384,845.6682999999999,0.13104218878353155,0.10741017757303871,0.12894589047618094,0.0,0.0,0.0,0.0,0.0,0.0,0.0,0.0,0,0.0,0.0,0,0,0,0,0,0,0,1,1,0,0,0,2,0,1,0,0
2,761.019,76,FAL,6.72877682335167,0.024105773825316944,0.08071520769041798,0.09785232887779216,0.07452256755708957,0.9629680489069364,0.10811279956260081,0.9066658144515387,0.13728680257896073,62.4778,67.5247,842.486,0,1,0,0,0,0,0,0,0,0,0,0,0.0,0.0,0.0,0.0,0.0,0.0,0.0,2,2,0.0,0.0,0.0,0.0,0.0,57.96246,33.556,845.3506000000001,0.12938975548789816,0.10811279956260081,0.09768656721967131,0.0,0.0,0.0,0.0,0.0,0.0,0.0,0.0,0,0.0,0.0,0,0,0,0,0,0,0,1,1,0,0,0,2,0,1,0,0
2,762.024,76,FAL,6.673082161492571,-0.05541757398915323,0.0030020098116665854,0.0777131978787514,0.07818629177307673,0.9619556250450029,0.11240940813472194,0.9161932013478008,0.1254761773658462,62.4778,68.139,840.912,0,1,0,0,0,0,0,0,0,0,0,0,0.0,0.0,0.0,0.0,0.0,0.0,0.0,2,2,0.0,0.0,0.0,0.0,0.0,61.420759999999994,35.0619,844.8789999999999,0.12528188829090067,0.11240940813472194,0.10014200112103537,0.0,0.0,0.0,0.0,0.0,0.0,0.0,0.0,0,0.0,0.0,0,0,0,0,0,0,0,1,1,0,0,0,2,0,1,0,0
2,763.022,76,FAL,6.6423852834567665,-0.030758394825455698,0.0035623080134078223,0.0005602982017412369,0.08669121061076505,0.9626003159662873,0.1146325888642811,0.9209470868139125,0.11401606189833298,62.4778,68.3829,840.424,0,1,0,0,0,0,0,0,0,0,0,0,0.0,0.0,0.0,0.0,0.0,0.0,0.0,2,2,0.0,0.0,0.0,0.0,0.0,64.75286,38.7786,844.3374,0.12322453891884477,0.1146325888642811,0.09820354293644205,0.0,0.0,0.0,0.0,0.0,0.0,0.0,0.0,0,0.0,0.0,0,0,0,0,0,0,0,1,1,0,0,0,0,0,0,0,0
2,764.028,76,FAL,4.012834333131624,-2.61386774386197,1.178520638887681,1.1749583308742733,0.5025172377969224,0.9616684912729025,0.35031337573320936,0.9234382943287139,0.143957204854235,1.19599,1.19599,840.927,0,1,1,0,0,0,1,0,1,0,0,0,0.0,0.0,0.0,0.0,0.0,0.0,0.0,2,2,0.1,0.1,0.0,0.0,0.0,60.99459900000001,1.19599,843.8344000000001,0.2345935366650429,0.35031337573320936,0.2116298900546961,0.0,0.0,0.1,0.0,0.0,0.0,0.0,0.0,0,0.0,0.0,0,0,0,0,0,0,0,1,1,0,0,0,0,0,0,0,0
2,765.027,76,FAL,2.8333955747180384,-1.1806193777913774,0.010192805912216388,1.1683278329754645,0.5171846441000384,0.9620950617009165,0.3547810098916199,0.9263941655302265,0.19264134671223365,1.02774,1.02774,841.143,0,1,1,0,0,0,1,0,1,0,0,0,0.0,0.999,0.0,0.999,0.0,0.0,0.0,2,2,0.2,0.2,0.0,0.0,0.0,56.699963000000004,1.02774,843.3487000000001,0.2267802469481449,0.3547810098916199,0.32611316918669286,0.999,0.0,0.2,0.0,0.0,0.0,0.999,0.0,0,0.0,0.0,0,0,0,0,0,0,0,1,1,0,0,0,0,0,0,0,0
2,766.025,76,FAL,2.6826372461086985,-0.15106044950835662,0.3604513446022896,0.35025853869007323,0.5086509246252916,0.9532844482374221,0.3543397206075965,0.9287573920564706,0.22920867121856697,1.02774,21.0936,842.964,0,1,0,0,0,0,0,0,0,0,0,0,0.0,0.0,0.0,0.0,0.0,0.0,0.0,2,2,0.2,0.2,0.0,0.0,0.0,52.256543,1.02774,843.104,0.22576887279268854,0.3543397206075965,0.33291508474813447,0.999,0.0,0.2,0.0,0.0,0.0,0.999,0.0,0,0.0,0.0,0,0,0,0,0,0,0,1,1,0,0,0,0,0,0,0,0
2,767.027,76,FAL,3.123095777613081,0.439579372758865,1.428166842916551,1.0677154983142614,0.667358120866342,0.9425930567662549,0.519684757421457,0.9302664942749244,0.28172625137782675,1.02774,53.4443,417.74,0,1,0,0,0,0,0,0,0,0,0,0,0.0,0.0,0.0,0.0,0.0,0.0,0.0,2,2,0.2,0.2,0.0,0.0,0.0,49.716463,1.02774,800.4107,0.3462327152755432,0.519684757421457,0.42498296777267563,0.999,0.0,0.2,0.0,0.0,0.0,0.999,0.0,0,0.0,0.0,0,0,0,0,0,0,0,1,1,0,0,0,0,0,0,0,0
2,768.029,76,FAL,3.043620129310288,-0.0793170142742447,0.7856266339505047,0.6425402089660464,0.5796202890349887,0.9248230847100146,0.5247213850512067,0.9308630275836434,0.3259205298502366,1.02774,8.24688,415.644,0,1,0,0,0,0,0,0,0,0,0,0,0.0,0.0,0.0,0.0,0.0,0.0,0.0,2,2,0.2,0.2,0.0,0.0,0.0,42.355801,1.02774,757.4256,0.42031276353350294,0.5247213850512067,0.47136676199757066,0.999,0.0,0.2,0.0,0.0,0.0,0.999,0.0,0,0.0,0.0,0,0,0,0,0,0,0,1,1,0,0,0,0,0,0,0,0
2,769.036,76,sem_arma,2.4863302766330664,-0.5534159410895946,0.0784312754492931,0.7071953585012116,0.5862755560597073,0.9119541587748596,0.530559968917324,0.930795297117603,0.37180861274392046,1.02774,3.82567,413.549,0,1,1,0,0,0,1,0,1,0,0,0,0.0,0.0,0.0,0.0,0.0,0.0,0.0,2,2,0.3,0.3,0.0,0.0,0.0,35.535858000000005,1.02774,714.0797,0.4107236603802238,0.530559968917324,0.529136682286574,0.999,0.0,0.3,0.0,0.0,0.0,0.999,0.0,0,0.0,0.0,0,0,0,0,0,0,0,1,1,0,0,0,0,0,0,0,0
2,770.036,77,Scout,0.10019201564849846,-2.386138260984568,0.045131615204720386,0.03329966024457271,0.5786514383342887,0.9235022893541811,0.5386635198669577,0.9315579127926462,0.417965828075851,2.0509,2.0509,413.854,0,1,1,0,0,0,1,0,1,0,0,0,0.0,1.0,0.0,1.0,0.0,0.0,0.0,2,2,0.4,0.4,0.0,0.0,0.0,29.493167999999997,1.02774,670.9643,0.39738006824387473,0.5386635198669577,0.5320421253524188,1.0,0.0,0.4,0.0,0.0,0.0,1.0,0.0,0,0.0,0.0,0,0,0,0,0,0,0,1,1,0,0,0,0,0,0,0,0
2,771.037,77,Scout,0.4162083708366096,0.3157006545335776,0.022522361068546597,0.02260925413617379,0.622848256170067,0.9161707455583736,0.5427633528424245,0.9318768492014495,0.4727983969371488,2.0509,2.83262,413.892,0,1,1,1,1,1,1,1,1,1,1,0,0.0,2.001,0.0,2.001,0.0,0.0,0.0,2,2,0.5,0.5,0.1,0.1,0.0,23.02396,1.02774,628.1049,0.3915607835816876,0.5427633528424245,0.5245178178782569,2.001,0.0,0.5,0.1,0.1,0.0,2.001,0.0,0,0.0,0.0,0,0,0,0,0,0,0,1,1,0,0,0,0,0,0,0,0
2,772.036,77,Scout,0.4004010135126799,-0.015823180504434115,0.033298715528125473,0.010776354459578877,0.33195048755416073,0.912391246369055,0.5404330068866977,0.9322239733355276,0.49817481651525714,1.92742,1.92742,414.276,0,1,1,1,1,1,1,1,1,1,1,0,0.999,3.0,0.999,3.0,0.999,0.999,0.0,2,2,0.6,0.6,0.2,0.2,0.0,16.402802,1.02774,585.4413,0.3945904541533335,0.5404330068866977,0.5178241335363396,3.0,0.999,0.6,0.2,0.2,0.0,3.0,0.999,0,0.0,0.0,1,0,0,0,0,0,0,1,1,0,0,1,1,0,1,0,0
2,773.038,77,Scout,0.0,-0.3996018098928941,0.0,0.033298715528125473,0.029020110794917613,0.9114431265622577,0.5407204926787597,0.9326451716860958,0.4924077065336724,1.92742,1.92752,414.278,0,1,1,1,1,1,1,1,1,1,1,0,2.001,4.002,2.001,4.002,2.001,2.001,0.0,2,2,0.7,0.7,0.3,0.3,0.0,9.757264,1.02774,542.8267,0.39423422335199276,0.5407204926787597,0.5210979752689782,4.002,2.001,0.7,0.3,0.3,0.0,4.002,2.001,0,0.0,0.0,1,0,0,0,0,0,0,1,1,0,0,0,1,0,1,0,0
2,774.038,77,Scout,0.0,0.0,0.0,0.0,0.02009125866218876,0.9120101122516108,0.4752580833919554,0.9332677777252669,0.4441651086201991,1.92742,1.92763,414.277,0,1,1,1,1,1,1,1,1,1,1,0,3.0010000000000003,5.002,3.0010000000000003,5.002,3.0010000000000003,3.0010000000000003,0.0,3,3,0.7,0.7,0.4,0.4,0.0,9.830428000000001,1.02774,500.1617,0.27638215946322464,0.4752580833919554,0.40360214218155077,5.002,3.0010000000000003,0.7,0.4,0.4,0.0,5.002,3.0010000000000003,0,0.0,0.0,1,1,1,0,0,0,1,1,1,0,0,2,3,1,2,1,0
2,775.04,77,Scout,0.0,0.0,0.0,0.0,0.015754861832494967,0.9108944862828818,0.47590290200849544,0.9336166907216483,0.3940221303934447,1.92742,1.92742,414.277,0,1,1,1,1,1,1,1,1,1,1,0,4.003,6.004,4.003,6.004,4.003,4.003,0.0,3,3,0.7,0.7,0.5,0.5,0.0,9.920396,1.92742,457.4751,0.27536287887200295,0.47590290200849544,0.2867693588840043,6.004,4.003,0.7,0.5,0.5,0.0,6.004,4.003,0,0.0,0.0,1,1,1,0,0,1,1,1,1,0,0,0,3,1,2,1,0
2,776.04,77,Scout,0.0,0.0,0.0,0.0,0.014891638296874373,0.9029743255545181,0.48234891706439503,0.9333011368984907,0.344646201760603,1.92742,1.92773,414.28,0,1,1,1,1,1,1,1,1,1,1,0,5.003,7.004,5.003,7.004,5.003,5.003,0.0,3,3,0.8,0.8,0.6,0.6,0.0,8.003809,1.92742,414.6067,0.239317744411774,0.48234891706439503,0.251743505014997,7.004,5.003,0.8,0.6,0.6,0.0,7.004,5.003,0,0.0,0.0,1,1,1,0,0,1,1,1,1,0,0,0,3,1,2,1,0
2,777.039,77,Scout,0.0,0.0,0.0,0.0,1.8156312140526158e-08,0.8929686040425284,0.24355903933882164,0.9321895162115821,0.27791039148959995,1.92742,1.93553,414.325,0,1,1,1,1,1,1,1,1,1,1,0,6.002,8.003,6.002,8.003,6.002,6.002,0.0,3,3,0.9,0.9,0.7,0.7,0.0,2.852932,1.92742,414.2652,0.09650106012011893,0.24355903933882164,0.14497195518357087,8.003,6.002,0.9,0.7,0.7,0.0,8.003,6.002,0,0.0,0.0,1,1,1,0,0,1,1,1,1,0,0,2,5,1,2,1,0
2,778.041,77,Scout,0.0,0.0,0.0,0.0,1.8156312140526158e-08,0.885826400849236,0.027052475945127268,0.9303707715898707,0.21994836440173232,1.92722,1.92722,414.282,0,1,1,1,1,1,1,1,1,1,1,0,7.004,9.004999999999999,7.004,9.004999999999999,7.004,7.004,0.0,3,3,1.0,1.0,0.8,0.8,0.0,2.2209659999999998,1.92722,414.129,0.017938396725068466,0.027052475945127268,0.08071793428696623,9.004999999999999,7.004,1.0,0.8,0.8,0.0,9.004999999999999,7.004,0,0.0,0.0,1,1,1,0,0,1,1,1,1,0,0,0,5,1,2,1,0
2,779.043,77,Scout,0.0,0.0,0.0,0.0,1.8156312140526158e-08,0.885954083850218,0.0171067864919066,0.9281671883239776,0.1613208106113928,1.92722,1.92763,414.277,0,1,1,1,1,1,1,1,1,1,1,0,8.006,10.007,8.006,10.007,8.006,8.006,0.0,3,3,1.0,1.0,0.9,0.9,0.0,2.031162,1.92722,414.2018,0.010095269180139158,0.0171067864919066,0.009998398436845062,10.007,8.006,1.0,0.9,0.9,0.0,10.007,8.006,0,0.0,0.0,1,1,1,0,0,1,1,1,1,0,0,0,5,1,2,1,0
2,780.045,78,Scout,0.0,0.0,0.0,0.0,1.8156312140526158e-08,0.8672237966053908,0.012039111930535603,0.9232650754330424,0.10345566859359516,1.92722,1.94138,414.343,0,1,1,0,0,0,1,0,1,0,0,0,0.0,11.009,0.0,11.009,0.0,0.0,0.0,3,3,1.0,1.0,0.9,0.9,0.0,2.0202099999999996,1.92722,414.25069999999994,0.005582107659667118,0.012039111930535603,0.0066684324123877925,11.009,8.006,1.0,0.9,0.9,0.0,11.009,8.006,0,0.0,0.0,1,0,0,0,0,0,0,1,1,0,0,0,5,1,2,1,0
2,781.047,78,Scout,1.6992065352370203,1.695814905426168,0.0034035649562849414,0.0034035649562849414,0.001522120521726163,0.8491788673858308,0.010465196133209372,0.917575616356987,0.041323055028761074,1.92722,1.99557,414.347,0,1,1,0,0,0,1,0,1,0,0,0,0.0,12.011,0.0,12.011,0.0,0.0,0.0,3,3,1.0,1.0,0.8,0.8,0.0,1.936505,1.92722,414.29620000000006,0.003670228048440953,0.010465196133209372,0.004747863494398907,12.011,8.006,1.0,0.8,0.8,0.0,12.011,8.006,0,0.0,0.0,1,0,0,0,0,0,0,1,1,0,0,0,5,1,2,1,0
2,782.151,78,Scout,2.816101554368139,1.0116802709521004,3.726757121491995e-06,0.0033998381991634493,0.001521704713277095,0.8307870004526786,0.0010761714350292517,0.9110171851273711,0.008280176744672709,1.92722,2.15794,414.364,0,1,1,0,0,0,1,0,1,0,0,0,0.0,13.115,0.0,13.115,0.0,0.0,0.0,3,3,1.0,1.0,0.7,0.7,0.0,1.9595569999999998,1.92722,414.30499999999995,0.00034072917134055455,0.0010761714350292517,0.004010211868357364,13.115,8.006,1.0,0.7,0.7,0.0,13.115,8.006,0,0.0,0.0,1,0,0,0,0,0,0,1,1,0,0,0,5,1,2,1,0
2,783.047,78,Scout,2.7280259379601848,-0.09829867902673478,0.021969752465012246,0.021966025707890753,0.009558444138939663,0.8053869587702205,0.006910980430129996,0.9031565172675677,0.006334010079074914,1.92763,2.10951,414.4,0,1,1,1,1,1,1,1,1,1,1,0,0.0,14.011,0.0,14.011,0.0,0.0,0.0,3,3,1.0,1.0,0.7,0.7,0.0,1.977756,1.92722,414.31719999999996,0.0025377044178417794,0.006910980430129996,0.002876942886333892,14.011,8.006,1.0,0.7,0.7,0.0,14.011,8.006,0,0.0,0.0,1,0,0,0,0,0,0,1,1,0,0,0,5,1,2,1,0
2,784.05,78,Scout,0.3202047791893071,-2.400619300868273,0.009129746462000052,0.012840006003012194,0.009212258708857292,0.788580279614778,0.007137807803087377,0.8945021066846615,0.005246110083741767,1.94138,2.17511,414.242,0,1,1,1,1,1,1,1,1,1,1,0,1.003,15.014,1.003,15.014,1.003,1.003,0.0,3,3,1.0,1.0,0.7,0.7,0.0,2.002504,1.92722,414.3137,0.003450679064041785,0.007137807803087377,0.004160943486635112,15.014,8.006,1.0,0.7,0.7,0.0,15.014,8.006,0,0.0,0.0,1,0,0,0,0,0,0,1,1,0,0,0,5,1,2,1,0
2,785.049,78,Scout,0.0,-0.3205253044938009,0.0,0.009129746462000052,0.009212258708857292,0.7697059357583075,0.007137807803087377,0.8848826503875309,0.004591849771378,1.99557,2.20194,413.71,0,1,1,1,1,1,1,1,1,1,1,0,2.002,16.012999999999998,2.002,16.012999999999998,2.002,2.002,0.0,3,3,1.0,1.0,0.7,0.7,0.0,2.029956,1.92722,414.25699999999995,0.003450679064041785,0.007137807803087377,0.005073918132835116,16.012999999999998,8.006,1.0,0.7,0.7,0.0,16.012999999999998,8.006,0,0.0,0.0,1,0,0,0,0,0,0,1,1,0,0,0,5,1,2,1,0
2,786.051,78,Scout,1.1666390739632926,1.1643104530571782,0.17299162251202588,0.17299162251202588,0.07443316188874577,0.8419815233347476,0.05395280743946464,0.8793175041423972,0.010546002130565139,1.71726,1.71726,835.035,0,1,1,0,0,0,1,0,1,0,0,0,0.0,17.015,0.0,17.015,0.0,0.0,0.0,3,3,1.0,1.0,0.6,0.6,0.0,2.008909,1.71726,456.3325,0.02074984131524437,0.05395280743946464,0.022373080384037704,17.015,8.006,1.0,0.6,0.6,0.0,17.015,8.006,0,0.0,0.0,1,0,0,0,0,0,0,1,1,0,0,0,5,1,2,1,0
2,787.05,78,Scout,3.2420823825524536,2.07752082941858,0.14627047953651837,0.02672114297550751,0.08266880706982373,0.8095426355892278,0.06615093705717705,0.8726649830835459,0.0188128810219163,1.71726,9.7993,832.026,0,1,0,0,0,0,0,0,0,0,0,0,0.0,0.0,0.0,0.0,0.0,0.0,0.0,3,3,0.9,0.9,0.5,0.5,0.0,2.795286,1.71726,498.1026,0.035376889268896206,0.06615093705717705,0.025045194681588456,17.015,8.006,0.9,0.5,0.5,0.0,17.015,8.006,0,0.0,0.0,0,0,0,0,0,0,0,1,1,0,0,0,5,1,2,1,0
2,788.051,78,CZ550,3.7299397028880823,0.4873699503852435,4.29489025509374e-06,0.1462661846462633,0.08636507038726718,0.7910518104460882,0.06615068186326234,0.8659764193703495,0.0274493862450118,1.71726,9.88229,828.481,0,1,0,0,0,0,0,0,0,0,0,0,0.0,0.0,0.0,0.0,0.0,0.0,0.0,3,3,0.8,0.8,0.4,0.4,0.0,3.590793,1.71726,539.5225,0.035377318757921716,0.06615068186326234,0.039671813146214784,17.015,8.006,0.8,0.4,0.4,0.0,17.015,8.006,0,0.0,0.0,0,0,0,0,0,0,0,1,1,0,0,0,5,1,2,1,0
2,789.191,78,CZ550,3.863325164287254,0.11700479070102794,0.18599327179599567,0.1859889769057406,0.09335039534599454,0.8158068336385568,0.07983140241958586,0.8611690531135343,0.03678442396398004,1.71726,22.1991,825.14,0,1,0,0,0,0,0,0,0,0,0,0,0.0,0.0,0.0,0.0,0.0,0.0,0.0,3,3,0.7,0.7,0.3,0.3,0.0,5.61794,1.71726,580.6088,0.053976645937521286,0.07983140241958586,0.05827071083678884,17.015,2.002,0.7,0.3,0.3,0.0,17.015,2.002,0,0.0,0.0,0,0,0,0,0,0,0,1,1,0,0,0,5,1,2,1,0
2,790.188,79,CZ550,9.229014208312027,5.3818345476677765,0.22602173546746374,0.04002846367146806,0.08666887891903816,0.8713123597134323,0.09365120118161249,0.858559556631497,0.04545131004025264,1.71726,35.5413,818.67,0,1,0,0,0,0,0,0,0,0,0,0,0.0,0.0,0.0,0.0,0.0,0.0,0.0,3,3,0.6,0.6,0.3,0.3,0.0,8.977932,1.71726,621.0415,0.07657881948426766,0.09365120118161249,0.062273557203935646,17.015,2.002,0.6,0.3,0.3,0.0,17.015,2.002,0,0.0,0.0,0,0,0,0,0,0,0,1,1,0,0,0,5,1,2,1,0
2,791.196,79,CZ550,4.610911054863613,-4.581451541119458,0.0007674526921615637,0.22525428277530218,0.10555326378181086,0.8905864257199009,0.09388348446386735,0.8572803406395734,0.05585442436626111,9.7993,35.9103,817.84,0,1,0,0,0,0,0,0,0,0,0,0,0.0,0.0,0.0,0.0,0.0,0.0,0.0,3,3,0.5,0.5,0.3,0.3,0.0,12.369405,1.71726,661.3907999999999,0.07631520825785533,0.09388348446386735,0.08445862898583738,17.015,2.002,0.5,0.3,0.3,0.0,17.015,2.002,0,0.0,0.0,0,0,0,0,0,0,0,1,1,0,0,0,5,1,2,1,0
2,792.2,79,CZ550,3.4465332525383072,-1.1597388469375556,0.305303843672162,0.30453639098000046,0.13762224246481977,0.9131094251514479,0.11383151033041516,0.8573162495786928,0.06946447814141539,9.88229,53.6954,816.818,0,1,0,0,0,0,0,0,0,0,0,0,0.0,0.0,0.0,0.0,0.0,0.0,0.0,3,3,0.4,0.4,0.3,0.3,0.0,17.523151000000002,1.71726,701.6362,0.10684521994935936,0.11383151033041516,0.11457228426392108,17.015,2.002,0.4,0.3,0.3,0.0,17.015,2.002,0,0.0,0.0,0,0,0,0,0,0,0,1,1,0,0,0,5,1,2,1,0
2,793.196,79,CZ550,3.5736211413924783,0.1275982819820995,0.0040336293925925994,0.3012702142795694,0.13657889536339587,0.917808124714101,0.11544730515981431,0.857634499486285,0.08216652326386101,22.1991,54.1595,815.605,0,1,0,0,0,0,0,0,0,0,0,0,0.0,0.0,0.0,0.0,0.0,0.0,0.0,3,3,0.3,0.3,0.2,0.2,0.0,22.72815,1.71726,741.7567,0.1050516076421174,0.11544730515981431,0.14250270312108893,17.015,2.002,0.3,0.2,0.2,0.0,17.015,2.002,0,0.0,0.0,0,0,0,0,0,0,0,1,1,0,0,0,5,1,2,1,0
2,794.202,79,CZ550,4.717494895768568,1.1370514457018785,4.951958382711572e-06,0.004028677434209888,0.14733100463595958,0.9262207333044109,0.11632244106055455,0.8583450305389253,0.09597839785657122,35.5413,54.4283,812.866,0,1,0,0,0,0,0,0,0,0,0,0,0.0,0.0,0.0,0.0,0.0,0.0,0.0,3,3,0.2,0.2,0.1,0.1,0.0,27.953469000000002,1.71726,781.6191,0.10413912819175566,0.11632244106055455,0.1416215702642087,17.015,2.002,0.2,0.1,0.1,0.0,17.015,2.002,0,0.0,0.0,0,0,0,0,0,0,0,1,1,0,0,0,5,1,2,1,0
2,795.205,79,CZ550,4.268882221061725,-0.44727086212048167,0.5788347414293871,0.5788297894710044,0.2599194331132236,0.9320000184314983,0.18341337466878388,0.8594003071463557,0.12104911529700786,35.9103,87.9205,810.175,0,1,0,0,0,0,0,0,0,0,0,0,0.0,0.0,0.0,0.0,0.0,0.0,0.0,3,3,0.1,0.1,0.0,0.0,0.0,36.525324999999995,1.71726,821.2656,0.16202260233469437,0.18341337466878388,0.19859157456510915,17.015,0.0,0.1,0.0,0.0,0.0,17.015,0.0,0,0.0,0.0,0,0,0,0,0,0,0,1,1,0,0,0,5,1,2,1,0
2,796.201,79,CZ550,3.3216329844731387,-0.9510534503901469,0.037087962060708655,0.5417467793686784,0.25417944958164695,0.9349256534936644,0.18749979511421636,0.8609978735433131,0.13902374406629797,53.6954,86.0208,808.924,0,1,0,0,0,0,0,0,0,0,0,0,0.0,0.0,0.0,0.0,0.0,0.0,0.0,3,3,0.0,0.0,0.0,0.0,0.0,44.955679,9.7993,818.6545,0.14843223628956265,0.18749979511421636,0.23546709025077442,0.0,0.0,0.0,0.0,0.0,0.0,0.0,0.0,0,0.0,0.0,0,0,0,0,0,0,0,1,1,0,0,0,5,1,2,1,0
2,797.203,79,CZ550,3.619600801760209,0.2973730711447808,0.45296725956151324,0.4158792975008046,0.27900970008314213,0.9373672985929339,0.21074897501532117,0.8632178082708334,0.1586578333676298,54.1595,60.2559,807.517,0,1,0,0,0,0,0,0,0,0,0,0,0.0,0.0,0.0,0.0,0.0,0.0,0.0,3,3,0.0,0.0,0.0,0.0,0.0,50.001339,9.88229,816.2036,0.17910191429206213,0.21074897501532117,0.2743829057033041,0.0,0.0,0.0,0.0,0.0,0.0,0.0,0.0,0,0.0,0.0,0,0,0,0,0,0,0,1,1,0,0,0,5,1,2,1,0
2,798.203,79,CZ550,3.524309874287003,-0.09529092747320611,0.5670131290019337,0.11404586944042044,0.2862993956693811,0.9333659484505749,0.23237551641357984,0.8655947856509005,0.1786512658958412,54.4283,92.983,807.479,0,1,0,0,0,0,0,0,0,0,0,0,0.0,0.0,0.0,0.0,0.0,0.0,0.0,3,3,0.0,0.0,0.0,0.0,0.0,58.31141,22.1991,814.1034,0.23580279770323004,0.23237551641357984,0.27116087418271984,0.0,0.0,0.0,0.0,0.0,0.0,0.0,0.0,0,0.0,0.0,0,0,0,0,0,0,0,1,1,0,0,0,5,1,2,1,0
2,799.205,79,CZ550,3.692615613368489,0.1679697994825209,0.050650365063883186,0.5163627639380505,0.2723882102114694,0.9222813745465206,0.2394331476766638,0.8674111501857157,0.1965550473823887,60.2559,96.1454,808.323,0,1,0,0,0,0,0,0,0,0,0,0,0.0,0.0,0.0,0.0,0.0,0.0,0.0,2,2,0.0,0.0,0.0,0.0,0.0,65.70604,35.5413,812.4217000000001,0.2222685070300187,0.2394331476766638,0.3041982528859508,0.0,0.0,0.0,0.0,0.0,0.0,0.0,0.0,0,0.0,0.0,0,0,0,0,0,0,0,1,1,0,0,0,5,1,2,1,0
2,800.214,80,CZ550,3.413146855683448,-0.27697597391976314,0.6182098928892005,0.5675595278253173,0.28153230826636805,0.9245675912954999,0.2702526449839516,0.8702783399202211,0.21604139031712166,60.2559,60.6559,807.668,0,1,0,0,0,0,0,0,0,0,0,0,0.0,0.0,0.0,0.0,0.0,0.0,0.0,2,2,0.0,0.0,0.0,0.0,0.0,68.2175,35.9103,811.3215,0.26148732277219244,0.2702526449839516,0.3569513593013357,0.0,0.0,0.0,0.0,0.0,0.0,0.0,0.0,0,0.0,0.0,0,0,0,0,0,0,0,1,1,0,0,0,5,1,2,1,0
2,801.214,80,CZ550,3.640054946014015,0.22690809033056691,0.27761379629904526,0.3405960965901552,0.23190135974383483,0.9288808558524277,0.254285327881979,0.8742634393435509,0.22867619991332408,44.9967,44.9967,806.191,0,1,0,0,0,0,0,0,0,0,0,0,0.0,0.0,0.0,0.0,0.0,0.0,0.0,2,2,0.0,0.0,0.0,0.0,0.0,69.12613999999999,44.9967,810.1566,0.2891719571328808,0.254285327881979,0.368485540682821,0.0,0.0,0.0,0.0,0.0,0.0,0.0,0.0,0,0.0,0.0,0,0,0,0,0,0,0,1,1,0,0,0,5,1,2,1,0
2,802.214,80,CZ550,2.8504603154570476,-0.7895946305569672,1.6554433769696604,1.3778295806706151,0.615506059018118,0.9207263725737145,0.5017855817806629,0.8787604079496025,0.27646458156865394,38.0319,38.0319,387.136,0,1,0,0,0,0,0,0,0,0,0,0,0.0,0.0,0.0,0.0,0.0,0.0,0.0,2,2,0.0,0.0,0.0,0.0,0.0,67.55978999999999,38.0319,767.1884,0.42418591046263066,0.5017855817806629,0.47581485965188247,0.0,0.0,0.0,0.0,0.0,0.0,0.0,0.0,0,0.0,0.0,0,0,0,0,0,0,0,1,1,0,0,0,5,1,2,1,0
2,803.216,80,CZ550,3.2385191096983954,0.3872842257897683,0.6326145381076339,1.0228288388620266,0.6144251107941845,0.8893508450908846,0.4822979817038131,0.8829586022656357,0.3242492031117328,38.0319,74.2822,384.33,0,1,0,0,0,0,0,0,0,0,0,0,0.0,0.0,0.0,0.0,0.0,0.0,0.0,2,2,0.0,0.0,0.0,0.0,0.0,69.57206,38.0319,724.0609000000001,0.4870440013341348,0.4822979817038131,0.5479707221101282,0.0,0.0,0.0,0.0,0.0,0.0,0.0,0.0,0,0.0,0.0,0,0,0,0,0,0,0,1,1,0,0,0,5,1,2,1,0
2,804.216,80,CZ550,2.8460498959089375,-0.39246921378945787,1.0966997935561245,0.46408525544849055,0.5333905314706489,0.8205602865785256,0.48393081234297913,0.8845576026138232,0.36285515579520167,38.0319,137.442,383.937,0,1,0,0,0,0,0,0,0,0,0,0,0.0,0.0,0.0,0.0,0.0,0.0,0.0,2,2,0.0,0.0,0.0,0.0,0.0,77.87343000000001,38.0319,681.168,0.5967134854939089,0.48393081234297913,0.5939763799115563,0.0,0.0,0.0,0.0,0.0,0.0,0.0,0.0,0,0.0,0.0,0,0,0,0,0,0,0,1,1,0,0,0,5,1,2,1,0
2,805.216,80,CZ550,3.106444913401521,0.2603950174925833,0.005807343853456264,1.0908924497026682,0.6575409297462051,0.7463135934000756,0.5189429062062649,0.8833879854959117,0.4026173054584998,38.0319,138.174,385.523,0,1,0,0,0,0,0,0,0,0,0,0,0.0,0.0,0.0,0.0,0.0,0.0,0.0,2,2,0.0,0.0,0.0,0.0,0.0,82.89878000000002,38.0319,638.7028,0.5394107457363158,0.5189429062062649,0.6451826459347226,0.0,0.0,0.0,0.0,0.0,0.0,0.0,0.0,0,0.0,0.0,0,0,0,0,0,0,0,1,1,0,0,0,5,1,2,1,0
2,806.218,80,CZ550,0.0,-3.100244424552416,1.3586673728546168,1.3528600290011605,0.6477679744096625,0.7426533062724668,0.5444581085089656,0.8784215746427975,0.4419761579413014,38.0319,132.243,802.83,0,1,0,0,0,0,0,0,0,0,0,0,0.0,0.0,0.0,0.0,0.0,0.0,0.0,2,2,0.0,0.0,0.0,0.0,0.0,87.521,38.0319,638.0934,0.6715686868157067,0.5444581085089656,0.7262939708979708,0.0,0.0,0.0,0.0,0.0,0.0,0.0,0.0,0,0.0,0.0,0,0,0,0,0,0,0,1,1,0,0,0,5,1,2,1,0
2,807.217,80,CZ550,0.0,0.0,0.2744627037523464,1.0842046691022704,0.5601937497257111,0.7387279429205807,0.5552408764004171,0.8748808400093653,0.47009456290555834,74.2822,116.541,802.83,0,1,0,0,0,0,0,0,0,0,0,0,0.0,0.0,0.0,0.0,0.0,0.0,0.0,2,2,0.0,0.0,0.0,0.0,0.0,93.14951,38.0319,637.6247000000001,0.65371823123479,0.5552408764004171,0.7931265080581176,0.0,0.0,0.0,0.0,0.0,0.0,0.0,0.0,0,0.0,0.0,0,0,0,0,0,0,0,1,1,0,0,0,5,1,2,1,0
2,808.217,80,CZ550,0.0,0.0,0.0,0.2744627037523464,0.6378379055247804,0.7356532098672749,0.5927629505293743,0.8721109099804245,0.5052484138910982,116.541,116.541,802.83,0,1,0,0,0,0,0,0,0,0,0,0,0.0,0.0,0.0,0.0,0.0,0.0,0.0,2,2,0.0,0.0,0.0,0.0,0.0,95.50531,38.0319,637.1598,0.5970169183345966,0.5927629505293743,0.8091681914893101,0.0,0.0,0.0,0.0,0.0,0.0,0.0,0.0,0,0.0,0.0,0,0,0,0,0,0,0,1,1,0,0,0,5,1,2,1,0
2,809.218,80,CZ550,0.0,0.0,0.0,0.0,0.5882425854645891,0.720501878545752,0.5981422614116063,0.8673456622257845,0.5368338514164102,116.541,116.541,802.83,0,1,0,0,0,0,0,0,0,0,0,0,0.0,0.0,0.0,0.0,0.0,0.0,0.0,2,2,0.0,0.0,0.0,0.0,0.0,97.54487,38.0319,636.6105,0.5919518818282083,0.5981422614116063,0.757531915095505,0.0,0.0,0.0,0.0,0.0,0.0,0.0,0.0,0,0.0,0.0,0,0,0,0,0,0,0,1,1,0,0,0,5,1,2,1,0
2,810.218,81,CZ550,0.0,0.0,0.0,0.0,0.5890424510141571,0.6804049495251621,0.6264065669504453,0.8578002917163708,0.5675848656911892,116.541,116.541,802.83,0,1,0,0,0,0,0,0,0,0,0,0,0.0,0.0,0.0,0.0,0.0,0.0,0.0,2,2,0.0,0.0,0.0,0.0,0.0,103.13338000000002,38.0319,636.1267,0.5301308925392882,0.6264065669504453,0.7007759623129732,0.0,0.0,0.0,0.0,0.0,0.0,0.0,0.0,0,0.0,0.0,0,0,0,0,0,0,0,1,1,0,0,0,5,1,2,1,0
2,811.219,81,CZ550,0.0,0.0,0.0,0.0,0.12274345257572752,0.6553416031987755,0.6447250595244393,0.8460380505903146,0.5566690749743783,116.541,116.541,802.83,0,1,0,0,0,0,0,0,0,0,0,0,0.0,0.0,0.0,0.0,0.0,0.0,0.0,2,2,0.0,0.0,0.0,0.0,0.0,110.28781,38.0319,635.7906,0.5023695129093838,0.6447250595244393,0.6667163526539578,0.0,0.0,0.0,0.0,0.0,0.0,0.0,0.0,0,0.0,0.0,0,0,0,0,0,0,0,1,1,0,0,0,5,1,2,1,0
2,812.222,81,CZ550,2.4278755058586823,2.4206136648640904,1.0561154788700364,1.0561154788700364,0.47230920056862885,0.6461292102561799,0.5459110109923161,0.8326890398455513,0.5423493891294295,116.541,169.742,367.862,0,1,0,0,0,0,0,0,0,0,0,0,0.0,0.0,0.0,0.0,0.0,0.0,0.0,2,2,0.0,0.0,0.0,0.0,0.0,123.45882000000002,74.2822,633.8632,0.44243672309942134,0.5459110109923161,0.6345449424738999,0.0,0.0,0.0,0.0,0.0,0.0,0.0,0.0,0,0.0,0.0,0,0,0,0,0,0,0,1,1,0,0,0,5,1,2,1,0
2,813.222,81,CZ550,1.4153304949724834,-1.0125450108861989,2.540606981278267,1.4844915024082306,1.1161072133717376,0.5787963518115365,0.861798945486142,0.815738451200423,0.5925175993871848,24.4677,24.4677,363.02,0,1,0,0,0,0,0,0,0,0,0,0,0.0,0.0,0.0,0.0,0.0,0.0,0.0,2,2,0.0,0.0,0.0,0.0,0.0,118.47737,24.4677,631.7322,0.6332359674164847,0.861798945486142,0.6807112088285203,0.0,0.0,0.0,0.0,0.0,0.0,0.0,0.0,0,0.0,0.0,0,0,0,0,0,0,0,1,1,0,0,0,5,1,2,1,0
2,814.227,81,CZ550,3.253765423467493,1.8292884860646865,0.42445905751051555,2.1161479237677514,1.0625734174563295,0.4667499904928684,0.8477339153570413,0.7927649140598458,0.6454358879857528,3.10324,3.10324,354.289,0,1,1,0,0,0,1,0,1,0,0,0,0.0,0.0,0.0,0.0,0.0,0.0,0.0,1,2,0.1,0.1,0.0,0.0,0.0,105.04349399999998,3.10324,628.7674,0.5660118938119237,0.8477339153570413,0.8459174756604464,0.0,0.0,0.1,0.0,0.0,0.0,0.0,0.0,0,0.0,0.0,0,0,0,0,0,0,0,0,1,0,0,0,5,1,2,1,0
2,815.224,81,CZ550,1.774504116471055,-1.4837124443294263,0.5090638464270283,0.08460478891651274,0.9880220920488428,0.3970391438680745,0.8254266474434592,0.7660168703316746,0.6784840042160167,3.10324,16.2945,800.218,0,1,0,0,0,0,0,0,0,0,0,0,0.0,0.0,0.0,0.0,0.0,0.0,0.0,1,2,0.1,0.1,0.0,0.0,0.0,92.855544,3.10324,670.2369000000001,0.616337544069281,0.8254266474434592,0.7452887095818308,0.0,0.0,0.1,0.0,0.0,0.0,0.0,0.0,0,0.0,0.0,0,0,0,0,0,0,0,0,1,0,0,0,5,1,2,1,0
2,816.227,81,CZ550,0.50837682089666,-1.2623402747501449,0.637853456833869,0.12878961040684067,0.8766959531541015,0.35055547057250486,0.7838235659206059,0.7367983611856166,0.7013768020904605,3.10324,52.9395,800.462,0,1,0,0,0,0,0,0,0,0,0,0,0.0,0.0,0.0,0.0,0.0,0.0,0.0,1,1,0.1,0.1,0.0,0.0,0.0,84.925194,3.10324,670.0001,0.5442561524672062,0.7838235659206059,0.6228816677223988,0.0,0.0,0.1,0.0,0.0,0.0,0.0,0.0,0,0.0,0.0,0,0,0,0,0,0,0,0,0,0,0,0,5,1,2,1,0
2,817.231,81,CZ550,2.507904046217876,1.9915609813956334,0.1550249210330343,0.4828285358008346,0.9596110122928256,0.318113412144765,0.7892823991585058,0.7058356668632083,0.7413185283471719,3.10324,62.0315,800.746,0,1,0,0,0,0,0,0,0,0,0,0,0.0,0.0,0.0,0.0,0.0,0.0,0.0,1,1,0.1,0.1,0.0,0.0,0.0,79.474244,3.10324,669.7917,0.532312374195275,0.7892823991585058,0.5627440543922553,0.0,0.0,0.1,0.0,0.0,0.0,0.0,0.0,0,0.0,0.0,0,0,0,0,0,0,0,0,0,0,0,0,5,1,2,1,0
2,818.226,81,CZ550,0.9949411902333557,-1.5205656844065534,0.1189516593085488,0.03607326172448551,0.22543582877139923,0.271639958402151,0.7812238274910357,0.672749367360787,0.7000783206718338,3.10324,55.2165,799.953,0,1,0,0,0,0,0,0,0,0,0,0,0.0,0.0,0.0,0.0,0.0,0.0,0.0,1,1,0.1,0.1,0.0,0.0,0.0,73.34179400000001,3.10324,669.504,0.5442075401261299,0.7812238274910357,0.5389051101894692,0.0,0.0,0.1,0.0,0.0,0.0,0.0,0.0,0,0.0,0.0,0,0,0,0,0,0,0,0,0,0,0,0,5,1,2,1,0
2,819.23,81,CZ550,2.1454917642719367,1.1459667072097421,0.011027013132353566,0.10792464617619524,0.2712136425610791,0.24426445127692129,0.780377649737688,0.6388485211973072,0.6683754263814828,16.2945,55.9733,801.128,0,1,0,0,0,0,0,0,0,0,0,0,0.0,0.0,0.0,0.0,0.0,0.0,0.0,1,1,0.1,0.1,0.0,0.0,0.0,67.28502399999999,3.10324,669.3338000000001,0.5453102414393652,0.780377649737688,0.5496975748070887,0.0,0.0,0.1,0.0,0.0,0.0,0.0,0.0,0,0.0,0.0,0,0,0,0,0,0,0,0,0,0,0,0,5,1,2,1,0
2,820.232,82,CZ550,3.758117842396064,1.6094072635969334,1.7216512353545084,1.7106242222221548,0.7089709113245534,0.18918988763450045,0.8347261735189235,0.6020796360142571,0.6803682724125225,52.9395,155.003,802.79,0,1,0,0,0,0,0,0,0,0,0,0,0.0,0.0,0.0,0.0,0.0,0.0,0.0,1,1,0.1,0.1,0.0,0.0,0.0,71.131224,3.10324,669.3298,0.7174753649748161,0.8347261735189235,0.720759997029304,0.0,0.0,0.1,0.0,0.0,0.0,0.0,0.0,0,0.0,0.0,0,0,0,0,0,0,0,0,0,0,0,0,5,1,2,1,0
2,821.231,82,CZ550,5.253341611639491,1.49672048973316,1.6128268920858733,0.1088243432686351,0.8636358886762816,0.12975620655286504,0.8365054600465169,0.562123403549279,0.7544575160225779,55.2165,63.0038,806.468,0,1,0,0,0,0,0,0,0,0,0,0,0.0,0.0,0.0,0.0,0.0,0.0,0.0,1,1,0.1,0.1,0.0,0.0,0.0,65.777504,3.10324,669.6936,0.8787580541834034,0.8365054600465169,0.7316424313561676,0.0,0.0,0.1,0.0,0.0,0.0,0.0,0.0,0,0.0,0.0,0,0,0,0,0,0,0,0,0,0,0,0,5,1,2,1,0
2,822.232,82,CZ550,5.528428312573295,0.27481188904475956,0.36822134240985877,1.2446055496760144,0.8332567522724944,0.2567577640570409,0.8484983274957754,0.5289249731234453,0.7905522711929645,55.2165,84.4851,807.79,0,1,0,0,0,0,0,0,0,0,0,0,0.0,0.0,0.0,0.0,0.0,0.0,0.0,1,1,0.1,0.1,0.0,0.0,0.0,57.251814,3.10324,713.6863999999999,0.8099686405373856,0.8484983274957754,0.7504914384367655,0.0,0.0,0.1,0.0,0.0,0.0,0.0,0.0,0,0.0,0.0,0,0,0,0,0,0,0,0,0,0,0,0,5,1,2,1,0
2,823.235,82,CZ550,2.181242815072541,-3.337173975574032,0.3116218152093939,0.05659952720046485,0.7995974742676454,0.37044890785931106,0.5996246706329238,0.5029798762618667,0.7589012972825552,55.9733,66.717,807.825,0,1,0,0,0,0,0,0,0,0,0,0,0.0,0.0,0.0,0.0,0.0,0.0,0.0,1,1,0.1,0.1,0.0,0.0,0.0,61.476744,3.10324,758.1668999999999,0.5870701239304983,0.5996246706329238,0.6077022409159889,0.0,0.0,0.1,0.0,0.0,0.0,0.0,0.0,0,0.0,0.0,0,0,0,0,0,0,0,0,0,0,0,0,5,1,2,1,0
2,824.342,82,CZ550,2.9384906603830707,0.6840540608044531,1.282051139516095,0.970429324306701,0.6766335095764319,0.4914596816316884,0.6341185961522636,0.4865248460145247,0.7203073064945654,8.37344,8.37344,356.615,0,1,0,0,0,0,0,0,0,0,0,0,0.0,0.0,0.0,0.0,0.0,0.0,0.0,1,1,0.0,0.0,0.0,0.0,0.0,62.003764000000004,8.37344,758.3995,0.6728293321310563,0.6341185961522636,0.4931303809698838,0.0,0.0,0.0,0.0,0.0,0.0,0.0,0.0,0,0.0,0.0,0,0,0,0,0,0,0,0,0,0,0,0,5,1,2,1,0
2,825.278,82,CZ550,3.207484463311681,0.2873865415903956,0.0014476017176398039,1.280603537798455,0.6927781521136691,0.6085839659342217,0.6680921771325014,0.47963836464123205,0.6907829125010481,8.37344,9.23606,355.756,0,1,0,0,0,0,0,0,0,0,0,0,0.0,0.0,0.0,0.0,0.0,0.0,0.0,1,1,0.0,0.0,0.0,0.0,0.0,61.29792,8.37344,713.9533,0.6220677076601173,0.6680921771325014,0.612730255858078,0.0,0.0,0.0,0.0,0.0,0.0,0.0,0.0,0,0.0,0.0,0,0,0,0,0,0,0,0,0,0,0,0,5,1,2,1,0
2,826.279,82,CZ550,3.111752841324936,-0.09563598600074427,0.3668575882811852,0.3654099865635454,0.4808770354043693,0.6255324327444213,0.6728598626914143,0.47378232096482975,0.6512010207260748,7.13622,7.13622,804.667,0,1,0,0,0,0,0,0,0,0,0,0,0.0,0.0,0.0,0.0,0.0,0.0,0.0,1,1,0.0,0.0,0.0,0.0,0.0,56.717592,7.13622,714.3738000000001,0.5949681208048491,0.6728598626914143,0.6363922934737486,0.0,0.0,0.0,0.0,0.0,0.0,0.0,0.0,0,0.0,0.0,0,0,0,0,0,0,0,0,0,0,0,0,5,1,2,1,0
2,827.289,82,CZ550,3.171273411654306,0.05893125775185146,0.624621615317344,0.25776402703615875,0.4815086614670784,0.6368976636309931,0.6548910646116008,0.46869080700035043,0.6033907856435001,6.42626,6.42626,352.625,0,1,0,0,0,0,0,0,0,0,0,0,0.0,0.0,0.0,0.0,0.0,0.0,0.0,1,1,0.0,0.0,0.0,0.0,0.0,51.157067999999995,6.42626,669.5617,0.64192779023328,0.6548910646116008,0.613885842597281,0.0,0.0,0.0,0.0,0.0,0.0,0.0,0.0,0,0.0,0.0,0,0,0,0,0,0,0,0,0,0,0,0,5,1,2,1,0
2,828.288,82,CZ550,0.22384817601259616,-2.9503756112529627,0.0,0.624621615317344,0.532280222813073,0.638616601341715,0.6664243779058339,0.46383897657407236,0.6340752250476676,6.04248,6.04248,356.54,0,1,0,0,0,0,0,0,0,0,0,0,0.0,0.0,0.0,0.0,0.0,0.0,0.0,1,1,0.0,0.0,0.0,0.0,0.0,46.23966599999999,6.04248,625.2204,0.630032624302425,0.6664243779058339,0.6727406779565668,0.0,0.0,0.0,0.0,0.0,0.0,0.0,0.0,0,0.0,0.0,0,0,0,0,0,0,0,0,0,0,0,0,5,1,2,1,0
2,829.289,82,CZ550,0.0,-0.22362455146113505,0.0,0.0,0.2861634235051676,0.638616601341715,0.6675705592942636,0.4597447127138706,0.6355702031420764,5.70599,5.70599,356.495,0,1,0,0,0,0,0,0,0,0,0,0,0.0,0.0,0.0,0.0,0.0,0.0,0.0,1,1,0.0,0.0,0.0,0.0,0.0,41.212934999999995,5.70599,580.7571,0.6289299229891897,0.6675705592942636,0.6619482133389473,0.0,0.0,0.0,0.0,0.0,0.0,0.0,0.0,0,0.0,0.0,0,0,0,0,0,0,0,0,0,0,0,0,5,1,2,1,0
2,830.297,83,CZ550,0.008234126984128941,0.008168776769969188,0.0,0.0,0.2864133595729512,0.6384977608143133,0.5692059526355929,0.45764935327832806,0.5933144479669161,5.70599,5.97245,359.273,0,1,0,0,0,0,0,0,0,0,0,0,0.0,0.0,0.0,0.0,0.0,0.0,0.0,1,1,0.0,0.0,0.0,0.0,0.0,26.309880000000003,5.70599,536.4054,0.4567647994537388,0.5692059526355929,0.4908857911167318,0.0,0.0,0.0,0.0,0.0,0.0,0.0,0.0,0,0.0,0.0,0,0,0,0,0,0,0,0,0,0,0,0,5,1,2,1,0
2,831.295,83,CZ550,0.10026530963803346,0.09221561388166785,0.0,0.0,0.2793392784130599,0.6364908702967665,0.41203994011606077,0.45670681663322765,0.5348847869405939,5.70599,6.00329,356.35,0,1,0,0,0,0,0,0,0,0,0,0,0.0,0.0,0.0,0.0,0.0,0.0,0.0,1,1,0.0,0.0,0.0,0.0,0.0,20.609829,5.70599,491.3936,0.2954821102451516,0.41203994011606077,0.4800033567898683,0.0,0.0,0.0,0.0,0.0,0.0,0.0,0.0,0,0.0,0.0,0,0,0,0,0,0,0,0,0,0,0,0,5,1,2,1,0
2,832.293,83,CZ550,0.0,-0.10046624212227802,0.0,0.0,0.0,0.6157260360789886,0.4211692977277041,0.4551866579243681,0.4515591117133445,5.59451,5.59451,354.762,0,1,0,0,0,0,0,0,0,0,0,0,0.0,0.0,0.0,0.0,0.0,0.0,0.0,1,1,0.0,0.0,0.0,0.0,0.0,12.72077,5.59451,446.09080000000006,0.25865997600416574,0.4211692977277041,0.3555428018222669,0.0,0.0,0.0,0.0,0.0,0.0,0.0,0.0,0,0.0,0.0,0,0,0,0,0,0,0,0,0,0,0,0,4,1,2,1,0
2,833.291,83,CZ550,0.0,0.0,0.0,0.0,0.0,0.6488062437927454,0.4282835778286084,0.4586871525234285,0.37159936428658,5.58571,5.58571,354.708,0,1,0,0,0,0,0,0,0,0,0,0,0.0,0.0,0.0,0.0,0.0,0.0,0.0,1,1,0.0,0.0,0.0,0.0,0.0,6.607640999999999,5.58571,400.7791,0.22749779448322632,0.4282835778286084,0.3498828491022204,0.0,0.0,0.0,0.0,0.0,0.0,0.0,0.0,0,0.0,0.0,0,0,0,0,0,0,0,0,0,0,0,0,4,1,2,1,0
2,834.295,83,CZ550,0.0,0.0,0.0,0.0,0.0,0.7694514448348211,0.21760013885829166,0.47382222524052614,0.3039360133289368,5.58307,5.58307,354.698,0,1,0,0,0,0,0,0,0,0,0,0,0.0,0.0,0.0,0.0,0.0,0.0,0.0,1,1,0.0,0.0,0.0,0.0,0.0,6.328604,5.58307,400.5874,0.0992926805316168,0.21760013885829166,0.2528399166715503,0.0,0.0,0.0,0.0,0.0,0.0,0.0,0.0,0,0.0,0.0,0,0,0,0,0,0,0,0,0,0,0,0,2,0,1,0,0
2,835.301,83,CZ550,0.0,0.0,0.0,0.0,0.0,0.8332073080195198,0.21767293285628156,0.4956306334480984,0.23465819811756988,5.46027,5.46027,355.946,0,1,0,0,0,0,0,0,0,0,0,0,0.0,0.0,0.0,0.0,0.0,0.0,0.0,1,1,0.0,0.0,0.0,0.0,0.0,5.9510250000000005,5.46027,400.6064,0.09914792035985283,0.21767293285628156,0.12477956289170478,0.0,0.0,0.0,0.0,0.0,0.0,0.0,0.0,0,0.0,0.0,0,0,0,0,0,0,0,0,0,0,0,0,2,0,1,0,0
2,836.297,83,CZ550,0.0,0.0,0.0,0.0,0.0,0.8317875574223246,0.1975226980176321,0.5196922377905895,0.18657049457713298,5.46027,5.62786,358.091,0,1,0,0,0,0,0,0,0,0,0,0,0.0,0.0,0.0,0.0,0.0,0.0,0.0,1,1,0.0,0.0,0.0,0.0,0.0,5.8001890000000005,5.46027,355.9488,0.062462161531734305,0.1975226980176321,0.08823856423535023,0.0,0.0,0.0,0.0,0.0,0.0,0.0,0.0,0,0.0,0.0,0,0,0,0,0,0,0,0,0,0,0,0,2,0,1,0,0
2,837.298,83,CZ550,0.0,0.0,0.0,0.0,0.0,0.8190125526646767,0.0,0.544737194816585,0.13841962843042516,5.46027,5.83956,357.059,0,1,0,0,0,0,0,0,0,0,0,0,0.0,0.0,0.0,0.0,0.0,0.0,0.0,1,1,0.0,0.0,0.0,0.0,0.0,5.741519,5.46027,356.39220000000006,0.0,0.0,0.06246216153173435,0.0,0.0,0.0,0.0,0.0,0.0,0.0,0.0,0,0.0,0.0,0,0,0,0,0,0,0,0,0,0,0,0,0,0,0,0,0
2,838.299,83,CZ550,0.0,0.0,0.0,0.0,0.0,0.8625245047097895,0.0,0.574281422131967,0.08519160614911783,5.39837,5.39837,355.0,0,1,0,0,0,0,0,0,0,0,0,0,0.0,0.0,0.0,0.0,0.0,0.0,0.0,1,1,0.0,0.0,0.0,0.0,0.0,5.677108,5.39837,356.23820000000006,0.0,0.0,0.0,0.0,0.0,0.0,0.0,0.0,0.0,0.0,0.0,0,0.0,0.0,0,0,0,0,0,0,0,0,0,0,0,0,0,0,0,0,0
2,839.299,83,CZ550,0.0,0.0,0.0,0.0,0.0,0.8634548047880043,0.0,0.6052409398075211,0.056575263798601075,5.24897,5.24897,357.198,0,1,0,0,0,0,0,0,0,0,0,0,0.0,0.0,0.0,0.0,0.0,0.0,0.0,1,1,0.0,0.0,0.0,0.0,0.0,5.631406,5.24897,356.3085,0.0,0.0,0.0,0.0,0.0,0.0,0.0,0.0,0.0,0.0,0.0,0,0.0,0.0,0,0,0,0,0,0,0,0,0,0,0,0,0,0,0,0,0
2,840.303,84,CZ550,0.0,0.0,0.0,0.0,0.0,0.8558952230724804,0.0,0.63857620657942,0.027933927841305946,5.24897,5.59072,358.357,0,1,0,0,0,0,0,0,0,0,0,0,0.0,0.0,0.0,0.0,0.0,0.0,0.0,1,1,0.0,0.0,0.0,0.0,0.0,5.593233,5.24897,356.2169,0.0,0.0,0.0,0.0,0.0,0.0,0.0,0.0,0.0,0.0,0.0,0,0.0,0.0,0,0,0,0,0,0,0,0,0,0,0,0,0,0,0,0,0
2,841.306,84,CZ550,0.0,0.0,0.0,0.0,0.0,0.9149533748080344,0.0,0.6778360649921785,0.0,5.24897,5.34669,355.76,0,1,0,0,0,0,0,0,0,0,0,0,0.0,0.0,0.0,0.0,0.0,0.0,0.0,1,1,0.0,0.0,0.0,0.0,0.0,5.527573,5.24897,356.1579,0.0,0.0,0.0,0.0,0.0,0.0,0.0,0.0,0.0,0.0,0.0,0,0.0,0.0,0,0,0,0,0,0,0,0,0,0,0,0,0,0,0,0,0
2,842.303,84,CZ550,0.0,0.0,0.0,0.0,0.0,0.9396824228380891,0.0,0.7119822979312309,0.0,5.24897,5.25125,355.0,0,1,0,0,0,0,0,0,0,0,0,0,0.0,0.0,0.0,0.0,0.0,0.0,0.0,1,1,0.0,0.0,0.0,0.0,0.0,5.493246999999999,5.24897,356.1817,0.0,0.0,0.0,0.0,0.0,0.0,0.0,0.0,0.0,0.0,0.0,0,0.0,0.0,0,0,0,0,0,0,0,0,0,0,0,0,0,0,0,0,0
