jogador_sessao,janela_analise_10s,inicio_janela_s,fim_janela_s,amostras,arma_predominante,armas_observadas,taxa_arma_empunhada,vel_posicao_media,vel_posicao_max,aceleracao_media,aceleracao_max,vel_rotacao_media,vel_rotacao_max,vel_rotacao_std,jitter_medio,entropia_media,eficiencia_trajeto_media,variacao_camera_media,angulo_alvo_medio,angulo_alvo_min,distancia_alvo_media,distancia_alvo_max,taxa_alvo_encontrado,taxa_alvo_na_mira,taxa_visao_direta,taxa_alvo_oculto,taxa_mirando_alvo,taxa_mira_oculta,duracao_rastreando_oculto_max,duracao_mirando_oculto_max,duracao_perseguicao_oculta_max,taxa_alvo_oculto_300m,taxa_mira_oculta_300m,duracao_observando_oculto_300m_max,duracao_mirando_oculto_300m_max,taxa_ads_oculta_300m,taxa_precisao_oculta_300m,duracao_ads_oculto_300m_max,duracao_precisao_oculta_300m_max,contagem_episodios_esp_120s_max,contagem_episodios_ads_120s_max,duracao_speedhack_max,pontos_evento_total,pontos_suspeita_60s_max,tipos_evidencia_60s_max,nivel_suspeita_max,indice_regra_0a1,padrao_suspeito,candidato_revisao,candidato_banimento
1,0,0.0,9.763,11,AugShort,AugShort,1.0,0.19279152238260633,1.6108407114604042,0.14629377090731127,1.0998748019102285,0.6073536471532267,2.252855633240587,0.9893118795142319,0.23421160934423052,0.3088298626557023,0.0,0.25415100677709224,40.474633454545454,0.493768,3.2574818181818186,3.44733,1.0,0.09090909090909091,0.9090909090909091,0.09090909090909091,0.0,0.0,0.0,0.0,0.0,0.0,0.0,0.0,0.0,0.0,0.0,0.0,0.0,0,0,0.0,0,0,0,0,0.0,0,0,0
1,1,10.764,19.775,10,AugShort,AugShort,1.0,3.1712022090658065,6.4449115351050885,0.1511333983777885,2.606282068310041,1.0724691605331358,2.717168275871356,1.0606652056594663,0.6064024952630328,0.7159470880627637,0.0611778424516777,0.9901840559169358,118.61249000000001,30.5113,15.939129,23.8144,1.0,0.0,0.4,0.0,0.0,0.0,0.0,0.0,0.0,0.0,0.0,0.0,0.0,0.0,0.0,0.0,0.0,0,0,0.0,0,0,0,0,0.0,0,0,0
1,2,20.779,29.785,10,AugShort,AugShort,1.0,3.736788497691849,6.84491443052285,0.07079673285049552,2.595006456361613,0.4241990293202641,1.900919486167539,0.5911887489595667,0.7556790550414438,0.9010696246501213,0.4487171821172414,0.9681642526162639,110.67411,43.8179,19.038980000000002,23.5022,1.0,0.0,0.1,0.0,0.0,0.0,0.0,0.0,0.0,0.0,0.0,0.0,0.0,0.0,0.0,0.0,0.0,0,0,0.0,0,0,0,0,0.0,0,0,0
1,3,30.787,39.8,10,AugShort,AugShort,1.0,3.5623957808859936,6.113100686231628,0.21926682526370236,4.533925969402999,1.18575609142463,2.8755492316562408,1.042547257726086,1.2438468600961325,0.8245409744721044,0.3173407889019332,0.8804278691667357,93.76586,20.3682,15.34795,17.5378,1.0,0.0,0.0,0.0,0.0,0.0,0.0,0.0,0.0,0.0,0.0,0.0,0.0,0.0,0.0,0.0,0.0,0,0,0.0,0,0,0,0,0.0,0,0,0
1,4,40.796,49.807,10,AugShort,AugShort,1.0,4.618563013213145,6.673080255023669,-0.5860331318398149,2.8425940438920447,1.1561832331306856,2.9374209053736524,1.109158664352371,0.8338960204708341,1.0122768967647233,0.27405344274164156,1.117464940580404,116.32920999999999,33.2025,19.93159,26.2909,1.0,0.0,0.4,0.0,0.0,0.0,0.0,0.0,0.0,0.0,0.0,0.0,0.0,0.0,0.0,0.0,0.0,0,0,0.0,0,0,0,0,0.0,0,0,0
1,5,50.813,56.813,7,AugShort,AugShort,1.0,1.5646283212402299,2.2845733173484843,0.22444440157971823,2.268210539404654,0.5653765089070253,2.6305249284353254,0.9248214088410881,0.8437746364436597,0.8423448817222036,0.3937774598676699,0.8329907674581261,77.80662857142856,25.6236,26.954085714285718,27.9161,1.0,0.0,0.2857142857142857,0.0,0.0,0.0,0.0,0.0,0.0,0.0,0.0,0.0,0.0,0.0,0.0,0.0,0.0,0,0,0.0,0,0,0,0,0.0,0,0,0
1,6,60.145,69.152,10,AugShort,AugShort,1.0,1.4538561391800155,3.5284769520286803,0.27770931739103955,2.345843060751037,0.3124539693561068,1.6928958862397825,0.5476872942206185,0.4794724558883875,0.48310285001354003,0.4497507347668844,0.7001631857732897,129.76243,48.9693,27.676170000000003,31.8845,1.0,0.0,0.6,0.0,0.0,0.0,0.0,0.0,0.0,0.0,0.0,0.0,0.0,0.0,0.0,0.0,0.0,0,0,0.0,0,0,0,0,0.0,0,0,0
1,7,70.155,79.163,10,AugShort,AugShort,1.0,1.7895690879045638,3.570567628742991,-0.24464258430296315,2.8368828740676535,0.8826532718369362,3.0207533884522837,1.008492413620324,0.6552786114993417,0.5817699701565515,0.5447279704428841,0.5714163037627984,143.60951,54.9961,40.19492,43.8252,1.0,0.0,0.0,0.0,0.0,0.0,0.0,0.0,0.0,0.0,0.0,0.0,0.0,0.0,0.0,0.0,0.0,0,0,0.0,0,0,0,0,0.0,0,0,0
1,8,80.164,89.175,10,AugShort,AugShort,1.0,1.2131344238113642,3.610548307682231,-0.11837013556042637,1.4897303963594473,0.339508738480312,1.5753459715710167,0.5390641937203222,0.4698322253068524,0.6835249320169378,0.754389160350915,0.8520503919755033,148.0766,115.366,52.087959999999995,54.2472,1.0,0.0,0.0,0.0,0.0,0.0,0.0,0.0,0.0,0.0,0.0,0.0,0.0,0.0,0.0,0.0,0.0,0,0,0.0,0,0,0,0,0.0,0,0,0
1,9,90.172,99.181,10,AugShort,AugShort,1.0,0.0,0.0,0.0,0.0,0.0,0.0,0.0,0.0,0.0,0.7520577741809891,0.18404829080567414,138.4614,138.448,54.24227,54.247,1.0,0.0,0.0,0.0,0.0,0.0,0.0,0.0,0.0,0.0,0.0,0.0,0.0,0.0,0.0,0.0,0.0,0,0,0.0,0,0,0,0,0.0,0,0,0
1,10,100.183,109.192,10,AugShort,AugShort,1.0,0.0,0.0,0.0,0.0,0.0,0.0,0.0,0.0,0.0,0.4734631520845487,0.0,138.4631,138.453,54.24237000000001,54.2458,1.0,0.0,0.0,0.0,0.0,0.0,0.0,0.0,0.0,0.0,0.0,0.0,0.0,0.0,0.0,0.0,0.0,0,0,0.0,0,0,0,0,0.0,0,0,0
1,11,110.193,119.203,10,AugShort,AugShort,1.0,0.0,0.0,0.0,0.0,0.0,0.0,0.0,0.0,0.0,0.0,0.0,138.4632,138.455,54.242200000000004,54.2458,1.0,0.0,0.0,0.0,0.0,0.0,0.0,0.0,0.0,0.0,0.0,0.0,0.0,0.0,0.0,0.0,0.0,0,0,0.0,0,0,0,0,0.0,0,0,0
1,12,120.202,129.214,10,AugShort,AugShort,1.0,0.0,0.0,0.0,0.0,0.17290725831015621,1.3882702471503388,0.44026145155771074,0.24357381583494542,0.12219985091772934,0.0,0.08792710504417059,120.64661000000001,39.6566,54.24236,54.2454,1.0,0.0,0.0,0.0,0.0,0.0,0.0,0.0,0.0,0.0,0.0,0.0,0.0,0.0,0.0,0.0,0.0,0,0,0.0,0,0,0,0,0.0,0,0,0
1,13,130.213,139.227,10,AugShort,AugShort;sem_arma,0.9,1.1966785197537164,3.1322065537814243,0.2394388968442805,3.025652735746751,0.7854499308582706,2.249382912880821,0.8290625827955096,0.8819523553450278,0.7162787779770474,0.4792781432254718,0.7691397214300222,57.79145,22.9214,52.18351,54.3901,1.0,0.0,0.0,0.0,0.0,0.0,0.0,0.0,0.0,0.0,0.0,0.0,0.0,0.0,0.0,0.0,0.0,0,0,0.0,0,0,0,0,0.0,0,0,0
1,14,140.226,149.24,10,AugShort,AugShort,1.0,1.4756926729584878,3.251957712612685,-0.09161303719591456,1.6141746478366263,1.0193570678041814,2.389351245030894,0.6971765372811088,0.8484210538279529,0.7991573676343439,0.1747680956924185,0.7602400500594431,84.22256999999999,13.0474,51.779700000000005,53.4309,1.0,0.0,0.0,0.0,0.0,0.0,0.0,0.0,0.0,0.0,0.0,0.0,0.0,0.0,0.0,0.0,0.0,0,0,0.0,0,0,0,0,0.0,0,0,0
1,15,150.235,159.244,10,AugShort,AugShort,1.0,2.0461331251623176,4.508725348533709,-0.022329983117030095,3.741475142585936,1.0400313143367463,2.9376229470951976,1.0607768941713707,1.4133314834230697,0.9137464160483866,0.15959148318594124,0.8246576983642857,90.45282999999999,51.5774,51.83121,54.7242,1.0,0.0,0.0,0.0,0.0,0.0,0.0,0.0,0.0,0.0,0.0,0.0,0.0,0.0,0.0,0.0,0.0,0,0,0.0,0,0,0,0,0.0,0,0,0
1,16,160.244,169.256,10,AugShort,AugShort,1.0,2.2750087084218666,5.912678119459709,-0.1297267555462383,3.9732467257400543,0.4965349740206351,1.2077907421094247,0.48874756644755313,0.3950988782038542,0.699340064454903,0.2910820541948744,0.9010889502165617,72.77273,11.224,40.54123,45.669,1.0,0.0,0.0,0.0,0.0,0.0,0.0,0.0,0.0,0.0,0.0,0.0,0.0,0.0,0.0,0.0,0.0,0,0,0.0,0,0,0,0,0.0,0,0,0
1,17,170.254,179.268,10,AugShort,AugShort,1.0,3.5798680690051654,6.569667133830943,0.5764050360644326,3.280893708904937,0.9530723221496988,2.4096422365754284,0.7307946164106663,0.9170997419015275,0.7170357068141525,0.17907271479089942,0.7433383632331774,101.61331,19.4504,46.85955,53.3698,1.0,0.0,0.0,0.0,0.0,0.0,0.0,0.0,0.0,0.0,0.0,0.0,0.0,0.0,0.0,0.0,0.0,0,0,0.0,0,0,0,0,0.0,0,0,0
1,18,180.267,189.272,10,AugShort,AugShort,1.0,3.0144355192926713,6.677509541605399,-0.5069793796525192,2.9843635271587914,0.33439854175595146,1.3669532326585605,0.43229687506109904,0.3716499306993041,0.45125992564526485,0.13159853318827744,0.5153496110459979,118.71165,7.7146,34.14069,42.5241,1.0,0.0,0.1,0.0,0.0,0.0,0.0,0.0,0.0,0.0,0.0,0.0,0.0,0.0,0.0,0.0,0.0,0,0,0.0,0,0,0,0,0.0,0,0,0
1,19,190.274,199.522,10,AugShort,AugShort,1.0,0.7369869470974566,1.6115980329363717,-0.07121755824184738,0.8421561924653145,0.14935320872547214,1.2579678065038573,0.3925758175093376,0.27517301058130433,0.24149710207641015,0.24625876653089987,0.3137756850112459,137.2285,98.2558,36.82011,38.8214,1.0,0.0,0.3,0.0,0.0,0.0,0.0,0.0,0.0,0.0,0.0,0.0,0.0,0.0,0.0,0.0,0.0,0,0,0.0,0,0,0,0,0.0,0,0,0
1,20,200.523,209.536,10,AugShort,AugShort,1.0,0.0,0.0,0.0,0.0,8.489356379546648e-08,6.595476618321663e-07,2.0191287265258436e-07,1.298483794483938e-07,0.05625813881386045,0.48452530677139005,0.2368706882626686,98.26982000000001,98.2562,38.81796,38.8212,1.0,0.0,0.0,0.0,0.0,0.0,0.0,0.0,0.0,0.0,0.0,0.0,0.0,0.0,0.0,0.0,0.0,0,0,0.0,0,0,0,0,0.0,0,0,0
1,21,210.533,219.543,10,sem_arma,AugShort;sem_arma,0.3,0.8643682819237176,4.086971114407343,0.10771284552022838,3.1668568971132345,0.2982421368323539,1.491133956660105,0.4713309375682746,0.32982030396550477,0.25413269187926163,0.9361186590583218,0.1983353425990762,113.58588,96.4557,40.624900000000004,45.4028,1.0,0.0,0.0,0.0,0.0,0.0,0.0,0.0,0.0,0.0,0.0,0.0,0.0,0.0,0.0,0.0,0.0,0,0,0.0,0,0,0,0,0.0,0,0,0
1,22,220.544,229.553,10,sem_arma,sem_arma,0.0,1.5675589434474442,3.932413607325395,-0.10910850016471721,3.133368672422781,0.35628266446331824,1.0796371597769177,0.37633711507979234,0.3641246326568346,0.3666106744580524,0.29014795460309,0.40990162213649073,58.62868999999999,14.3704,38.03049,44.7262,1.0,0.0,0.0,0.0,0.0,0.0,0.0,0.0,0.0,0.0,0.0,0.0,0.0,0.0,0.0,0.0,0.0,0,0,0.0,0,0,0,0,0.0,0,0,0
1,23,230.554,239.565,10,sem_arma,sem_arma,0.0,2.9121855854645684,4.101219330881461,0.3925323953163999,3.057385714011772,0.809399228088974,1.50195084195735,0.4974238183589438,0.548462149948193,0.5135737296181118,0.11964427947762138,0.5007259552465213,106.72724000000001,13.9055,40.3451,44.0909,1.0,0.0,0.0,0.0,0.0,0.0,0.0,0.0,0.0,0.0,0.0,0.0,0.0,0.0,0.0,0.0,0.0,0,0,0.0,0,0,0,0,0.0,0,0,0
1,24,240.566,249.581,10,sem_arma,sem_arma;AugShort,0.3,1.791072572769901,3.8165445611218263,-0.39324970498936346,1.9777170685012768,0.468786419087146,1.4404626809290413,0.5626358169348574,0.5880562026772357,0.508679553229525,0.12422665519584615,0.4947252133810924,78.12665,14.3869,38.18116,43.2173,1.0,0.0,0.0,0.0,0.0,0.0,0.0,0.0,0.0,0.0,0.0,0.0,0.0,0.0,0.0,0.0,0.0,0,0,0.0,0,0,0,0,0.0,0,0,0
1,25,250.577,259.982,10,AugShort,AugShort,1.0,1.0945260959302867,3.6400549446393096,0.3491114832485559,3.278777261725772,0.30614425928285427,1.0282202191693373,0.44856279195976206,0.22442242860520062,0.19404391232305643,0.14895430070575105,0.41004366645449625,111.42017000000001,90.5513,38.22995,42.6061,1.0,0.0,0.0,0.0,0.0,0.0,0.0,0.0,0.0,0.0,0.0,0.0,0.0,0.0,0.0,0.0,0.0,0,0,0.0,0,0,0,0,0.0,0,0,0
1,26,260.982,269.992,10,AugShort,AugShort,1.0,1.2852313427162734,3.471310991541747,-0.31505389169962006,2.5566179541541034,0.5513625650935844,2.1823369172562694,0.8460273995443545,0.8648716194717005,0.8407854653150812,0.13176639315002897,0.7073128624371618,96.61966,16.4997,35.98115,42.6141,1.0,0.0,0.6,0.0,0.0,0.0,0.0,0.0,0.0,0.0,0.0,0.0,0.0,0.0,0.0,0.0,0.0,0,0,0.0,0,0,0,0,0.0,0,0,0
1,27,271.003,279.039,9,AugShort,AugShort;sem_arma,0.8888888888888888,2.776817623325076,5.889821729051593,0.32386346305363944,3.9995282765673497,0.6325823023531929,2.6530845470749247,0.9314246486481625,1.0349774709112944,0.9149145991293032,0.24900976655668916,0.9304763343571221,76.31455555555556,31.5675,29.425155555555552,33.2496,1.0,0.0,0.0,0.0,0.0,0.0,0.0,0.0,0.0,0.0,0.0,0.0,0.0,0.0,0.0,0.0,0.0,0,0,0.0,0,0,0,0,0.0,0,0,0
1,28,280.042,289.047,10,AugShort,AugShort,1.0,1.311492782062761,4.642744588113269,-0.2824099756890277,3.7715142779136297,0.7202071748115738,2.4140429142628634,0.9723226822206976,0.5604511432275463,0.6831742564611727,0.26068491144349315,0.7717410339291912,113.61830400000001,9.01694,28.049740000000003,28.5538,1.0,0.0,0.0,0.0,0.0,0.0,0.0,0.0,0.0,0.0,0.0,0.0,0.0,0.0,0.0,0.0,0.0,0,0,0.0,0,0,0,0,0.0,0,0,0
1,29,290.052,299.061,10,AugShort,AugShort,1.0,4.630148456253703,6.887304502161534,0.5709654867637044,3.9056550302173645,0.8822176457297222,2.862973266694546,1.0086121824981369,1.1363644123228493,0.8903183375453848,0.3455902009918386,1.0100221811238812,94.09173,26.8099,43.56594,51.5106,1.0,0.0,0.0,0.0,0.0,0.0,0.0,0.0,0.0,0.0,0.0,0.0,0.0,0.0,0.0,0.0,0.0,0,0,0.0,0,0,0,0,0.0,0,0,0
1,30,300.061,309.076,10,AugShort,AugShort,1.0,4.068010517737536,6.862215385718755,0.02232154057271969,3.0843151177575123,0.46039296474776464,1.6475306396171665,0.5527961170822281,0.5586797812593548,0.7400058176210732,0.09381612735795937,0.8158781947895083,105.774189,6.93279,31.50322,42.5328,1.0,0.0,0.0,0.0,0.0,0.0,0.0,0.0,0.0,0.0,0.0,0.0,0.0,0.0,0.0,0.0,0.0,0,0,0.0,0,0,0,0,0.0,0,0,0
1,31,310.073,319.103,10,AugShort,AugShort,1.0,4.577508767427908,6.7253980398151825,-0.3684213326485065,3.863931268947371,0.3723828677632749,1.6132175550626868,0.558463879579391,0.5407997814514369,0.48490005900709876,0.16462702268383844,0.5582737259705861,44.85443,24.0749,41.6009,52.554,1.0,0.0,0.0,0.0,0.0,0.0,0.0,0.0,0.0,0.0,0.0,0.0,0.0,0.0,0.0,0.0,0.0,0,0,0.0,0,0,0,0,0.0,0,0,0
1,32,320.105,329.12,10,AugShort,AugShort,1.0,3.4387070142241436,6.693159727462545,-0.2025208323012842,2.7023081325218166,0.6424688679042394,1.899026048990277,0.5846641847733276,0.5448899906253756,0.5826032579241412,0.1583326312240609,0.6546810978159362,123.85543,89.3481,41.711220000000004,52.5709,1.0,0.0,0.0,0.0,0.0,0.0,0.0,0.0,0.0,0.0,0.0,0.0,0.0,0.0,0.0,0.0,0.0,0,0,0.0,0,0,0,0,0.0,0,0,0
1,33,330.116,339.14,10,AugShort,AugShort,1.0,3.2817820698235804,6.322175245099682,0.04587358043995453,3.784730448168023,0.6033253911934608,2.192608291960302,0.719596227796434,0.6415792627089456,0.6643185296643023,0.14305019001832098,0.6677601521831672,36.45528,11.878,179.31984,318.412,1.0,0.0,0.0,0.0,0.0,0.0,0.0,0.0,0.0,0.0,0.0,0.0,0.0,0.0,0.0,0.0,0.0,0,0,0.0,0,0,0,0,0.0,0,0,0
1,34,340.142,349.148,10,AugShort,AugShort,1.0,0.7307331029107283,1.7864923471902519,-0.12464065855796913,1.4171434086913393,0.4520584334119385,1.9989085961157078,0.682004057844311,0.4169610819342953,0.25752204872060536,0.22056725390471588,0.4186125889054823,41.09943,16.9125,260.63457,318.18,1.0,0.0,0.3,0.0,0.0,0.0,0.0,0.0,0.0,0.0,0.0,0.0,0.0,0.0,0.0,0.0,0.0,0,0,0.0,0,0,0,0,0.0,0,0,0
1,35,350.155,359.167,10,AugShort,AugShort,1.0,0.0,0.0,0.0,0.0,0.038206497705557764,0.30374222672650103,0.09649204276152983,0.23026508228422088,0.35165939692349135,0.4652708288530663,0.6087684193927585,15.577000000000002,15.1179,38.938810000000004,38.9425,1.0,0.0,0.0,0.0,0.0,0.0,0.0,0.0,0.0,0.0,0.0,0.0,0.0,0.0,0.0,0.0,0.0,0,0,0.0,0,0,0,0,0.0,0,0,0
1,36,360.162,369.17,10,AugShort,AugShort,1.0,0.042370063701145974,0.2828427124730755,7.063936532859805e-05,0.2828427124730755,0.2851387723009128,1.3871391764875523,0.5501643246642479,0.4901529521012093,0.47596458122284657,0.7887968827374721,0.4983695834027463,33.3686,15.5742,66.43776,313.565,1.0,0.0,0.1,0.0,0.0,0.0,0.0,0.0,0.0,0.0,0.0,0.0,0.0,0.0,0.0,0.0,0.0,0,0,0.0,0,0,0,0,0.0,0,0,0
1,37,370.175,379.186,10,AugShort,AugShort,1.0,0.0,0.0,0.0,0.0,2.1039963350504285e-08,2.1179320859745747e-08,6.893122933588531e-11,6.944059941341545e-11,6.37570737233641e-11,0.7453559925026415,0.13104320520015553,15.58387,15.5749,38.98601,38.9895,1.0,0.0,0.0,0.0,0.0,0.0,0.0,0.0,0.0,0.0,0.0,0.0,0.0,0.0,0.0,0.0,0.0,0,0,0.0,0,0,0,0,0.0,0,0,0
1,38,380.18,389.191,10,AugShort,AugShort,1.0,0.0,0.0,0.0,0.0,2.1063348553683693e-08,2.120062802358855e-08,1.0329812858725949e-10,1.4524569251907272e-10,1.021343109423643e-10,0.17453559925026413,9.121532141428797e-11,15.585220000000001,15.5789,38.98596,38.9894,1.0,0.0,0.0,0.0,0.0,0.0,0.0,0.0,0.0,0.0,0.0,0.0,0.0,0.0,0.0,0.0,0.0,0,0,0.0,0,0,0,0,0.0,0,0,0
1,39,390.192,399.207,10,AugShort,AugShort,1.0,0.0,0.0,0.0,0.0,0.06173165218563884,0.6173163325513624,0.19521255811692417,0.06173163124240969,0.027607224801921276,0.0,0.01952125588863373,17.02903,15.5766,56.698710000000005,216.103,1.0,0.0,0.0,0.0,0.0,0.0,0.0,0.0,0.0,0.0,0.0,0.0,0.0,0.0,0.0,0.0,0.0,0,0,0.0,0,0,0,0,0.0,0,0,0
1,40,400.206,409.212,10,AugShort,AugShort,1.0,0.0,0.0,0.0,0.0,1.7685326101316616,2.8666910275094595,0.9587196936365313,0.8752999951944137,0.7040770788392041,0.0,0.8048641005196183,60.783757,2.67737,145.25657,216.103,1.0,0.1,0.0,0.1,0.0,0.0,0.0,0.0,0.0,0.0,0.0,0.0,0.0,0.0,0.0,0.0,0.0,0,0,0.0,0,0,0,0,0.0,0,0,0
1,41,410.213,419.228,10,AugShort,AugShort,1.0,0.0,0.0,0.0,0.0,0.6892972270249957,1.9788821953413267,0.7085457041071114,0.9329513912427213,0.8098319838557588,0.0,1.005250772590405,28.534078,7.67102,109.83333,216.104,1.0,0.0,0.0,0.0,0.0,0.0,0.0,0.0,0.0,0.0,0.0,0.0,0.0,0.0,0.0,0.0,0.0,0,0,0.0,0,0,0,0,0.0,0,0,0
1,42,420.224,429.238,10,AugShort,AugShort,1.0,0.022293798379858322,0.22293798379858323,-0.00013376399415509498,0.2222711702877201,0.9657305886507446,2.0527639003064886,0.8112582069622357,0.589823434144129,0.7060694014166976,0.3,0.7494403710615474,45.64993,9.4689,109.54870000000001,216.225,1.0,0.0,0.0,0.0,0.0,0.0,0.0,0.0,0.0,0.0,0.0,0.0,0.0,0.0,0.0,0.0,0.0,0,0,0.0,0,0,0,0,0.0,0,0,0
1,43,430.239,439.254,10,AugShort,AugShort,1.0,0.7766813171923499,1.4274996075046136,0.009732904758100791,0.822974353443527,0.39618062029261947,2.0888040703556827,0.6300164360296502,0.6987941950924795,0.6787440392440945,0.8898892819565283,0.7814229144315841,31.934109,2.83179,209.2638,218.014,1.0,0.1,0.0,0.1,0.0,0.0,0.0,0.0,0.0,0.0,0.0,0.0,0.0,0.0,0.0,0.0,0.0,0,0,0.0,0,0,0,0,0.0,0,0,0
1,44,440.257,449.276,10,AugShort,AugShort,1.0,0.7465698494582768,1.3355019083204904,0.09917098514924838,0.6390556077012207,0.9561110655779863,2.955033984631491,0.9130960255274622,1.0839160616318757,0.8528779074591935,0.5487432930754887,0.763875509953866,68.62426,11.7805,109.84858,223.772,1.0,0.0,0.0,0.0,0.0,0.0,0.0,0.0,0.0,0.0,0.0,0.0,0.0,0.0,0.0,0.0,0.0,0,0,0.0,0,0,0,0,0.0,0,0,0
1,45,450.273,459.285,10,AugShort,AugShort,1.0,0.7383980737792142,1.3429837702709584,-0.09496487740753454,0.7018088116809085,0.2368753281690442,2.2537886459830427,0.7089690014609014,0.3808969015823327,0.3578959750527025,0.5182379951228903,0.743034724794021,110.78650999999999,12.2581,43.36605,43.9644,1.0,0.0,0.0,0.0,0.0,0.0,0.0,0.0,0.0,0.0,0.0,0.0,0.0,0.0,0.0,0.0,0.0,0,0,0.0,0,0,0,0,0.0,0,0,0
1,46,460.285,469.295,10,AugShort,AugShort,1.0,1.219060147775418,3.215257327336958,0.08682673154146076,1.7076863908782838,0.2357252009491159,1.0611893695068058,0.3923307841527715,0.3785746508841365,0.5032655200110023,0.23035496292306137,0.7049563995364638,14.169878,8.202,201.77899,226.301,1.0,0.0,0.0,0.0,0.0,0.0,0.0,0.0,0.0,0.0,0.0,0.0,0.0,0.0,0.0,0.0,0.0,0,0,0.0,0,0,0,0,0.0,0,0,0
1,47,470.295,479.308,10,AugShort,AugShort,1.0,1.2977898683422768,2.392231075697211,0.0009580995831842909,1.4787933346554798,0.6544851995891021,2.8359939215729835,0.8785916331085043,0.7800759084030597,0.7623821455556347,0.4281196188772329,0.6294584022700168,79.80304,14.7607,162.15977,247.733,1.0,0.0,0.2,0.0,0.0,0.0,0.0,0.0,0.0,0.0,0.0,0.0,0.0,0.0,0.0,0.0,0.0,0,0,0.0,0,0,0,0,0.0,0,0,0
1,48,480.307,489.317,10,AugShort,AugShort,1.0,1.3398079680003587,4.258892449558679,-0.10209767862538736,2.1735226125773646,0.3541889182933348,1.193943769826907,0.39006646447871623,0.5509515332639193,0.4685555642615505,0.4447488236977505,0.6226352157664166,25.400661,5.66071,188.33387,274.166,1.0,0.0,0.2,0.0,0.0,0.0,0.0,0.0,0.0,0.0,0.0,0.0,0.0,0.0,0.0,0.0,0.0,0,0,0.0,0,0,0,0,0.0,0,0,0
1,49,490.324,499.325,10,AugShort,AugShort,1.0,0.25584504195070024,1.1961774994824816,-0.0008161706958103212,1.1878624622467544,0.2940371971272918,0.893413423338104,0.3690165585862101,0.4229826158934194,0.39326052031882003,0.5715487992914536,0.39030249175651255,18.102501999999998,1.68074,92.96925999999999,246.084,1.0,0.2,0.0,0.2,0.0,0.0,0.999,0.0,0.0,0.0,0.0,0.0,0.0,0.0,0.0,0.0,0.0,0,0,0.0,0,0,0,0,0.0,0,0,0
1,50,500.329,509.351,10,AugShort,AugShort,1.0,0.0,0.0,0.0,0.0,0.04728326592272218,0.47283265922722184,0.14952281552722518,0.04728326592272218,0.08815800571414825,0.39825794993782127,0.23552869806923343,25.08785,16.4941,50.54249,257.984,1.0,0.0,0.0,0.0,0.0,0.0,0.0,0.0,0.0,0.0,0.0,0.0,0.0,0.0,0.0,0.0,0.0,0,0,0.0,0,0,0,0,0.0,0,0,0
1,51,510.352,519.359,10,AugShort,AugShort,1.0,2.478409371258429,6.592419889540141,0.1293044917839812,2.7169405164936737,0.5774455535123553,2.115416925066451,0.657174790961792,0.6070873552874357,0.6169529578284205,0.7832940558714256,0.5363687721120766,72.225948,6.79188,196.6119,301.739,1.0,0.0,0.0,0.0,0.0,0.0,0.0,0.0,0.0,0.0,0.0,0.0,0.0,0.0,0.0,0.0,0.0,0,0,0.0,0,0,0,0,0.0,0,0,0
1,52,520.36,529.376,10,AugShort,AugShort,1.0,2.1850378211500794,6.612866246946605,-0.0465505665269562,4.28067493227607,0.320204764225199,2.0897257862864467,0.6933415706775042,0.519337560411577,0.5655764130701849,0.3360434030112506,0.6909333054509605,106.89826000000001,10.6843,220.80605,302.41,1.0,0.0,0.0,0.0,0.0,0.0,0.0,0.0,0.0,0.0,0.0,0.0,0.0,0.0,0.0,0.0,0.0,0,0,0.0,0,0,0,0,0.0,0,0,0
1,53,530.37,539.381,10,AugShort,AugShort,1.0,0.9534599564864275,3.2658702600521616,-0.04608513102496251,1.9885068822455172,0.7370667119509766,2.3705562618013234,0.8605124446334248,0.872533349863055,0.7240970433158107,0.2839251145578214,0.7955334808942321,29.118160999999997,3.14541,191.12169,301.248,1.0,0.1,0.1,0.1,0.0,0.0,0.0,0.0,0.0,0.0,0.0,0.0,0.0,0.0,0.0,0.0,0.0,0,0,0.0,0,0,0,0,0.0,0,0,0
1,54,540.386,549.582,10,AugShort,AugShort,1.0,1.0064141330498038,3.073322430146006,-0.04236805164016823,2.6996293507795333,0.2918691590700758,1.4104955848792589,0.4445349879413466,0.4474618289354037,0.46761330744211377,0.13897393901781685,0.6240111391868102,26.32492,16.7757,37.007670000000005,38.3159,1.0,0.0,0.0,0.0,0.0,0.0,0.0,0.0,0.0,0.0,0.0,0.0,0.0,0.0,0.0,0.0,0.0,0,0,0.0,0,0,0,0,0.0,0,0,0
1,55,550.58,559.588,10,AugShort,AugShort,1.0,1.416443054810359,3.489360478836281,0.023403136283016445,2.8192097463586907,0.4207319509552955,1.701197848988025,0.687833192031181,0.8198303951081718,0.71988713863377,0.1423016335637083,0.6276226303857734,28.374092,2.4516,172.74127000000001,313.252,1.0,0.1,0.0,0.1,0.0,0.0,0.0,0.0,0.0,0.1,0.0,0.0,0.0,0.0,0.0,0.0,0.0,0,0,0.0,0,0,0,0,0.0,0,0,0
1,56,560.591,569.607,10,sem_arma,sem_arma,0.0,0.0,0.0,-0.022338475330438094,0.0,0.06963906357213334,0.6963906357213334,0.22021805500920286,0.06963906357213334,0.18192087604114,0.3095076003273026,0.4260786178364274,34.21939,17.7646,37.9224,37.9224,1.0,0.0,0.0,0.0,0.0,0.0,0.0,0.0,0.0,0.0,0.0,0.0,0.0,0.0,0.0,0.0,0.0,0,0,0.0,0,0,0,0,0.0,0,0,0
1,57,570.607,579.612,10,AugShort,AugShort,1.0,1.4754658857198326,3.4092865597457735,0.32904854922577514,2.512678554010772,0.4686276832272657,1.963928761384065,0.5745236845916455,0.5127939468838898,0.41867903648807897,0.4373348714359652,0.36317570391702353,52.107389999999995,18.9678,120.32001,315.88,1.0,0.0,0.0,0.0,0.0,0.0,0.0,0.0,0.0,0.0,0.0,0.0,0.0,0.0,0.0,0.0,0.0,0,0,0.0,0,0,0,0,0.0,0,0,0
1,58,580.614,589.629,10,AugShort,AugShort,1.0,1.1519991129500382,3.6212925009560966,-0.3263700380872677,2.7612530649021156,0.36905624818944804,2.5056043532478625,0.775408366583148,0.5808981611855878,0.6961488310170301,0.3398326930706672,0.78094448250171,40.23648,14.8041,67.00411,317.741,1.0,0.0,0.0,0.0,0.0,0.0,0.0,0.0,0.0,0.0,0.0,0.0,0.0,0.0,0.0,0.0,0.0,0,0,0.0,0,0,0,0,0.0,0,0,0
1,59,590.646,599.755,10,AugShort,AugShort,1.0,1.1550369524875548,3.5022457429180314,0.11314878272398676,3.0931626437174873,0.37808594893156133,1.8066857714737299,0.6271694885393898,0.6475499240098679,0.5622110748364251,0.2507020100063181,0.6500883237231658,41.111329,7.51609,310.6519,315.091,1.0,0.0,0.0,0.0,0.0,0.0,0.0,0.0,0.0,0.0,0.0,0.0,0.0,0.0,0.0,0.0,0.0,0,0,0.0,0,0,0,0,0.0,0,0,0
1,60,600.757,609.769,10,AugShort,AugShort,1.0,2.0218720320631483,3.182782540606028,0.06827393378791069,2.6679115400286215,0.6260889442816021,1.8321353242610543,0.7401760414257972,0.8382942192781272,0.6858477098849037,0.2450092376648696,0.5803570774656838,27.587276000000003,2.22616,202.13842,314.949,1.0,0.1,0.0,0.1,0.0,0.0,0.0,0.0,0.0,0.1,0.0,0.0,0.0,0.0,0.0,0.0,0.0,0,0,0.0,0,0,0,0,0.0,0,0,0
1,61,610.772,619.781,10,AugShort,AugShort,1.0,0.9159315783561108,3.0326144189221074,-0.19080082499024348,1.1042041275597854,0.09289250776541971,0.5277661819009447,0.17538321615719715,0.14483449746935717,0.22419210176401622,0.19890086282914704,0.5054754240875928,33.59825,16.1447,36.96459,38.878,1.0,0.0,0.0,0.0,0.0,0.0,0.0,0.0,0.0,0.0,0.0,0.0,0.0,0.0,0.0,0.0,0.0,0,0,0.0,0,0,0,0,0.0,0,0,0
1,62,620.777,629.789,10,AugShort,AugShort,1.0,0.3577462625634594,1.3429837702709584,0.13414526489014839,0.8295244383474168,0.3384730341290828,1.5532172817316847,0.5237874707964701,0.6076610730763166,0.49113137324954925,0.2556613297164334,0.3838348186977175,32.780066,4.6093,146.88838,314.084,1.0,0.1,0.0,0.1,0.0,0.0,0.0,0.0,0.0,0.1,0.0,0.0,0.0,0.0,0.0,0.0,0.0,0,0,0.0,0,0,0,0,0.0,0,0,0
1,63,630.796,639.031,9,AugShort,AugShort,1.0,1.2763004979263424,1.3429837702709584,-0.009779928252226813,0.14617720287496863,0.8713619044579661,2.6575937378344077,1.1141551251925201,0.6335625342711977,0.7254195969467988,0.6380449041557323,0.7743485463168683,58.46211333333334,7.22091,343.70044444444443,473.689,1.0,0.0,0.0,0.0,0.0,0.0,0.0,0.0,0.0,0.0,0.0,0.0,0.0,0.0,0.0,0.0,0.0,0,0,0.0,0,0,0,0,0.0,0,0,0
1,64,640.069,649.052,10,AugShort,AugShort,1.0,1.3106660051930499,1.391743554461294,-0.0010212235469912068,0.12925347753551736,0.44938514252680245,1.359940741534877,0.5445562590491922,0.5152048730405723,0.6705920940230572,0.35342162072605904,0.8591529819680781,28.5117,12.6508,362.71387999999996,473.494,1.0,0.0,0.0,0.0,0.0,0.0,0.0,0.0,0.0,0.0,0.0,0.0,0.0,0.0,0.0,0.0,0.0,0,0,0.0,0,0,0,0,0.0,0,0,0
1,65,650.05,659.454,10,AugShort,AugShort,1.0,1.2034691699007602,1.3920314887438263,0.003998203399035279,0.8083439512775461,0.2569212886289395,0.9648303726608636,0.30015377428833523,0.36244707321684844,0.3368922313472257,0.20714857819916102,0.4378774761719164,15.384155000000002,5.70465,274.58146,305.189,1.0,0.0,0.0,0.0,0.0,0.0,0.0,0.0,0.0,0.0,0.0,0.0,0.0,0.0,0.0,0.0,0.0,0,0,0.0,0,0,0,0,0.0,0,0,0
1,66,660.418,669.422,10,AugShort,AugShort,1.0,0.2514805364418131,1.2987012987002924,-0.1337480976498643,0.9204933085241955,0.7845362691276684,2.5199707150565067,0.8165807513377309,0.4428883880946211,0.471255317860936,0.5472171091906286,0.49961579200245954,42.09828,11.9701,309.4071,472.483,1.0,0.0,0.0,0.0,0.0,0.0,0.0,0.0,0.0,0.0,0.0,0.0,0.0,0.0,0.0,0.0,0.0,0,0,0.0,0,0,0,0,0.0,0,0,0
1,67,670.429,679.474,10,AugShort,AugShort,1.0,0.6212660321037087,1.285767919163907,0.1284500166630808,0.9987270888893214,0.7772253842826828,2.1024014261306783,0.7479887104087362,0.5538809571859112,0.5730710269861679,0.42358671326641434,0.722856669398591,27.983719999999998,2.88072,318.1581,471.227,1.0,0.2,0.0,0.2,0.0,0.0,0.0,0.0,0.0,0.2,0.0,0.0,0.0,0.0,0.0,0.0,0.0,0,0,0.0,0,0,0,0,0.0,0,0,0
1,68,680.474,689.484,10,AugShort,AugShort,1.0,0.4444039107700088,1.2037955244561092,-0.12493213441725297,0.4830126503552952,0.3788883271826172,1.4865371059931942,0.5100274342962889,0.4523556437238431,0.518159093310612,0.1307632201123158,0.6949918288322567,13.210318000000001,1.97348,135.19589000000002,287.134,1.0,0.2,0.0,0.2,0.0,0.0,1.002,0.0,0.0,0.0,0.0,0.0,0.0,0.0,0.0,0.0,0.0,0,0,0.0,0,0,0,0,0.0,0,0,0
1,69,690.487,699.501,10,AugShort,AugShort,1.0,0.917677368649699,1.3970328902215714,0.12769308542867816,1.2623850316196563,0.5014311938936082,1.719570944833221,0.6920884730745837,0.6429563991048617,0.5910298583298812,0.3283195014083642,0.5696066005705702,67.68876,16.0249,288.5994,477.584,1.0,0.0,0.0,0.0,0.0,0.0,0.0,0.0,0.0,0.0,0.0,0.0,0.0,0.0,0.0,0.0,0.0,0,0,0.0,0,0,0,0,0.0,0,0,0
1,70,700.496,709.51,10,AugShort,AugShort,1.0,1.1678756271707438,1.384531637892078,-0.03783984015099056,0.3509434814155003,0.46814312810728564,1.701679416877396,0.6258327783402083,0.4996336362766652,0.6409326023084161,0.5023655460834509,0.6585512964203682,19.819399999999998,11.5349,265.10767,473.9,1.0,0.0,0.0,0.0,0.0,0.0,0.0,0.0,0.0,0.0,0.0,0.0,0.0,0.0,0.0,0.0,0.0,0,0,0.0,0,0,0,0,0.0,0,0,0
1,71,710.506,719.526,10,AugShort,AugShort,1.0,0.7267765463692977,1.347028902109124,-0.08840234361170288,0.8031924508043723,0.03878218006999892,0.1418650030304388,0.0567137088933295,0.05170509175370626,0.0677677280673126,0.2074321011943146,0.2604819380183804,16.89175,11.3824,272.9239,274.522,1.0,0.0,0.0,0.0,0.0,0.0,0.0,0.0,0.0,0.0,0.0,0.0,0.0,0.0,0.0,0.0,0.0,0,0,0.0,0,0,0,0,0.0,0,0,0
1,72,720.521,729.532,10,AugShort,AugShort,1.0,0.9215616139035383,1.2999999999992724,0.049796858406910685,0.6573860937775583,1.2459265554848902,2.188296224201184,0.51293846316314,0.46412995251768974,0.5587527044318623,0.2537288539917504,0.6339142792773564,32.547700000000006,6.29569,307.66933,489.263,1.0,0.0,0.0,0.0,0.0,0.0,0.0,0.0,0.0,0.0,0.0,0.0,0.0,0.0,0.0,0.0,0.0,0,0,0.0,0,0,0,0,0.0,0,0,0
1,73,730.53,739.54,10,AugShort,AugShort,1.0,1.172790459026754,1.4332153216496661,0.07807785269509865,0.5506720814603144,0.7529065359126245,1.683404689582649,0.57485175629149,0.5593161283356011,0.4484583453282166,0.3721451214671138,0.5078755368735366,72.298245,3.13025,409.1675,489.098,1.0,0.1,0.0,0.1,0.0,0.0,0.0,0.0,0.0,0.1,0.0,0.0,0.0,0.0,0.0,0.0,0.0,0,0,0.0,0,0,0,0,0.0,0,0,0
1,74,740.538,749.084,9,AugShort,AugShort,1.0,1.318243161417994,2.1002793248375418,0.008677339884151918,1.3016846515061506,0.4568537453830519,0.9281094683975829,0.2799047304196837,0.4540082188004736,0.3932886347647387,0.20368752964616968,0.49538816949675724,23.641243333333335,6.93299,188.01494444444447,528.772,1.0,0.0,0.0,0.0,0.0,0.0,0.0,0.0,0.0,0.0,0.0,0.0,0.0,0.0,0.0,0.0,0.0,0,0,0.0,0,0,0,0,0.0,0,0,0
1,75,750.083,759.148,10,AugShort,AugShort,1.0,1.1479434152614385,1.433215321648776,0.013197593067224195,0.8647996321587051,0.694142492911774,1.506557866884208,0.5229775945179024,0.6673986035617685,0.4767664682722277,0.19857930316927588,0.43694980181731075,34.52117,12.2463,243.1015,528.029,1.0,0.0,0.0,0.0,0.0,0.0,0.0,0.0,0.0,0.0,0.0,0.0,0.0,0.0,0.0,0.0,0.0,0,0,0.0,0,0,0,0,0.0,0,0,0
1,76,760.153,769.162,10,AugShort,AugShort,1.0,0.7817036117421756,1.3823327352696275,-0.0021632359534278015,1.022974180783082,0.21150074133521568,1.3555046999001348,0.4427116351410444,0.2827710277019266,0.41314246025256984,0.2293772803324495,0.48326371863418005,52.91707,25.2801,175.1552,177.717,1.0,0.0,0.0,0.0,0.0,0.0,0.0,0.0,0.0,0.0,0.0,0.0,0.0,0.0,0.0,0.0,0.0,0,0,0.0,0,0,0,0,0.0,0,0,0
1,77,770.159,779.291,10,AugShort,AugShort,1.0,1.1486642604810022,1.5201143956655923,0.016753372705519753,1.0911843063377347,0.3187414173462741,1.0017480986456802,0.3333320308865976,0.36499878046296935,0.30344768402134825,0.49343551273470787,0.3737413802819018,75.18111999999999,22.2465,443.54080000000005,564.334,1.0,0.0,0.0,0.0,0.0,0.0,0.0,0.0,0.0,0.0,0.0,0.0,0.0,0.0,0.0,0.0,0.0,0,0,0.0,0,0,0,0,0.0,0,0,0
1,78,780.291,789.302,10,AugShort,AugShort,1.0,1.0924778127147179,1.3426770506071304,-0.04041789006418215,1.0140733399936674,0.5295032317378924,1.391554000673101,0.540741170850116,0.5603815315398838,0.5055452743703536,0.4297583234245428,0.500025845791895,24.16897,15.2078,140.56971,557.961,1.0,0.0,0.0,0.0,0.0,0.0,0.0,0.0,0.0,0.0,0.0,0.0,0.0,0.0,0.0,0.0,0.0,0,0,0.0,0,0,0,0,0.0,0,0,0
1,79,790.302,799.309,10,AugShort,AugShort,1.0,0.8937836010215694,1.4560219778561536,0.011020583509153626,1.2255528708456869,0.4344513645386625,1.31011257576205,0.46327061309675704,0.3589469824734035,0.2509849244334563,0.42328344292181963,0.35136287296500907,29.409679,7.64781,134.25695000000002,151.269,1.0,0.0,0.0,0.0,0.0,0.0,0.0,0.0,0.0,0.0,0.0,0.0,0.0,0.0,0.0,0.0,0.0,0,0,0.0,0,0,0,0,0.0,0,0,0
1,80,800.313,809.342,10,AugShort,AugShort,1.0,1.040391950388206,1.3443294453898402,-0.05239120942864859,0.7362004524423912,0.6267652954027615,2.1622766320854674,0.6121499461198399,0.5904327825873168,0.4232489308668198,0.1919224590075662,0.44266512672644875,22.039628,3.84471,405.29376,555.118,1.0,0.1,0.0,0.1,0.0,0.0,0.0,0.0,0.0,0.1,0.0,0.0,0.0,0.0,0.0,0.0,0.0,0,0,0.0,0,0,0,0,0.0,0,0,0
1,81,810.344,819.416,10,AugShort,AugShort,1.0,1.1857111794873165,1.4198471966777029,0.051783103940200484,0.6183637676527357,0.4488158568279281,1.1352210365097317,0.3813468201847881,0.4399055271293778,0.48544054965344285,0.42590084174156584,0.6138873810075188,62.683029999999995,23.5872,342.8178,555.318,1.0,0.0,0.0,0.0,0.0,0.0,0.0,0.0,0.0,0.0,0.0,0.0,0.0,0.0,0.0,0.0,0.0,0,0,0.0,0,0,0,0,0.0,0,0,0
1,82,820.417,829.423,10,AugShort,AugShort,1.0,0.5294887064221265,1.3403004860146728,-0.11961079414155333,0.14436718350001662,0.06547535436452143,0.5792594256959132,0.18207448054416317,0.21428918527652724,0.2374163774703379,0.2917098298597406,0.3515432936974744,30.56363,27.3169,50.55934,131.634,1.0,0.0,0.0,0.0,0.0,0.0,0.0,0.0,0.0,0.0,0.0,0.0,0.0,0.0,0.0,0.0,0.0,0,0,0.0,0,0,0,0,0.0,0,0,0
1,83,830.419,839.433,10,AugShort,AugShort,1.0,0.0,0.0,0.0,0.0,1.488645896613652e-08,1.4961005214706483e-08,5.5148435342209336e-11,8.616385780293471e-11,5.7917119513135176e-11,0.6400145644967971,0.01831976817190097,28.9848,28.9848,41.1572,41.1572,1.0,0.0,0.0,0.0,0.0,0.0,0.0,0.0,0.0,0.0,0.0,0.0,0.0,0.0,0.0,0.0,0.0,0,0,0.0,0,0,0,0,0.0,0,0,0
1,84,840.434,849.447,10,AugShort,AugShort,1.0,0.0,0.0,0.0,0.0,1.4880376802040015e-08,1.493102324032831e-08,2.8188701609623654e-11,3.718321651342125e-11,2.9340436808323614e-11,0.299743653957914,1.2221871545821811e-08,28.9848,28.9848,41.1572,41.1572,1.0,0.0,0.0,0.0,0.0,0.0,0.0,0.0,0.0,0.0,0.0,0.0,0.0,0.0,0.0,0.0,0.0,0,0,0.0,0,0,0,0,0.0,0,0,0
1,85,850.447,859.458,10,AugShort,AugShort,1.0,0.0,0.0,0.0,0.0,1.4884875565614867e-08,1.4961005214706483e-08,3.810613071634123e-11,5.207289154802879e-11,3.532817407266313e-11,0.0,1.222186746056537e-08,28.9848,28.9848,41.1572,41.1572,1.0,0.0,0.0,0.0,0.0,0.0,0.0,0.0,0.0,0.0,0.0,0.0,0.0,0.0,0.0,0.0,0.0,0,0,0.0,0,0,0,0,0.0,0,0,0
1,86,860.456,869.469,10,AugShort,AugShort,1.0,0.0,0.0,0.0,0.0,1.4884872397888378e-08,1.493102324032831e-08,3.7368635304880475e-11,5.3492963135034894e-11,3.915635842834365e-11,0.0,1.2221881979147201e-08,28.9848,28.9848,41.1572,41.1572,1.0,0.0,0.0,0.0,0.0,0.0,0.0,0.0,0.0,0.0,0.0,0.0,0.0,0.0,0.0,0.0,0.0,0,0,0.0,0,0,0,0,0.0,0,0,0
1,87,870.47,879.482,10,AugShort,AugShort,1.0,0.0,0.0,0.0,0.0,1.488190413707784e-08,1.4945999191421922e-08,3.844768901083807e-11,5.354352990787186e-11,3.8253266434134444e-11,0.0,1.2221874287282186e-08,28.9848,28.9848,41.1572,41.1572,1.0,0.0,0.0,0.0,0.0,0.0,0.0,0.0,0.0,0.0,0.0,0.0,0.0,0.0,0.0,0.0,0.0,0,0,0.0,0,0,0,0,0.0,0,0,0
1,88,880.504,889.617,10,AugShort,AugShort,1.0,0.5985951627165156,1.358788262610132,0.12061456041994298,0.937400742710673,0.7142025185844348,2.6162462772579143,0.9335380077024651,0.9013364704106097,0.7130490081394798,0.4546665929178798,0.6082007533125593,37.794740000000004,15.6746,53.966229999999996,80.8925,1.0,0.0,0.0,0.0,0.0,0.0,0.0,0.0,0.0,0.0,0.0,0.0,0.0,0.0,0.0,0.0,0.0,0,0,0.0,0,0,0,0,0.0,0,0,0
1,89,890.616,899.858,10,AugShort,AugShort,1.0,0.685225521636146,1.3429837702709584,-0.12156243312828825,0.7570283338927778,0.16459059055442204,1.048999584104799,0.32594394562751283,0.24890089909014815,0.26325266154552773,0.25659726914208375,0.6093308588156089,10.66444,10.1877,55.589980000000004,63.9407,1.0,0.0,0.0,0.0,0.0,0.0,0.0,0.0,0.0,0.0,0.0,0.0,0.0,0.0,0.0,0.0,0.0,0,0,0.0,0,0,0,0,0.0,0,0,0
1,90,900.863,909.869,10,AugShort,AugShort,1.0,1.3265369210333506,3.196653946535516,0.02857661645084657,1.503045042929287,0.6574542591343489,2.3026593501436854,0.9903723100613999,0.8628261550408014,0.5344320095368209,0.24460536445159056,0.45513005749033564,18.095599999999997,10.2683,132.40807,452.178,1.0,0.0,0.0,0.0,0.0,0.0,0.0,0.0,0.0,0.0,0.0,0.0,0.0,0.0,0.0,0.0,0.0,0,0,0.0,0,0,0,0,0.0,0,0,0
1,91,910.87,919.878,10,AugShort,AugShort;sem_arma,0.5,0.09414484905526176,0.7000000000007276,-0.03151510121238491,0.7000000000007276,0.19825675695550565,0.9442312062772225,0.39180007585387294,0.18920556174056463,0.4930595386619997,0.495094414305028,0.8100440601330264,21.263118,9.03699,54.01871,62.1928,1.0,0.0,0.0,0.0,0.0,0.0,0.0,0.0,0.0,0.0,0.0,0.0,0.0,0.0,0.0,0.0,0.0,0,0,0.0,0,0,0,0,0.0,0,0,0
1,92,920.88,929.934,10,AugShort,sem_arma;AugShort,0.7,0.666088288566723,1.400765354055187,0.11397824548405289,0.8526858697067241,0.28596304863778743,0.9235015751873374,0.31036491301159397,0.3463648977374644,0.3143085115412335,0.5948844101530428,0.3525839191438657,47.77278,13.7514,51.15005,64.8172,1.0,0.0,0.0,0.0,0.0,0.0,0.0,0.0,0.0,0.0,0.0,0.0,0.0,0.0,0.0,0.0,0.0,0,0,0.0,0,0,0,0,0.0,0,0,0
1,93,930.935,939.955,10,AugShort,AugShort,1.0,0.8179670098832001,1.2058928117363157,0.00406283270762684,0.844726660959053,0.035216671392526946,0.12634758238433624,0.03921874348041143,0.028267224460175915,0.13026967676833573,0.39979717885050553,0.23680043896451308,33.2025,17.5353,64.52709999999999,66.635,1.0,0.0,0.0,0.0,0.0,0.0,0.0,0.0,0.0,0.0,0.0,0.0,0.0,0.0,0.0,0.0,0.0,0,0,0.0,0,0,0,0,0.0,0,0,0
1,94,940.956,949.043,9,AugShort,AugShort,1.0,0.5596907762315677,1.3139806631328494,-0.09772720123168183,0.5754626245995026,0.03477664887843362,0.1358760175229969,0.043947781509240114,0.036087200690943566,0.04163572136876379,0.4344894493513316,0.04973905051457877,38.678133333333335,35.9957,56.39807777777778,57.9573,1.0,0.0,0.0,0.0,0.0,0.0,0.0,0.0,0.0,0.0,0.0,0.0,0.0,0.0,0.0,0.0,0.0,0,0,0.0,0,0,0,0,0.0,0,0,0
1,95,950.045,959.052,10,AugShort,AugShort,1.0,0.9113329285706362,1.2206555615737875,0.08574529029113252,0.7402957243641005,0.11711494593792944,0.2682409592547315,0.10524026438944603,0.12740442691650727,0.10647099273381326,0.37586063394560765,0.10243156397197464,43.867689999999996,34.3535,56.66837,57.7696,1.0,0.0,0.0,0.0,0.0,0.0,0.0,0.0,0.0,0.0,0.0,0.0,0.0,0.0,0.0,0.0,0.0,0,0,0.0,0,0,0,0,0.0,0,0,0
1,96,960.051,969.105,10,AugShort,AugShort,1.0,0.5836485426019518,1.1367651340823408,-0.04249818261845719,1.0177673502508482,0.1359422153951269,0.7844583359250135,0.24150847222559266,0.1848434966881627,0.1382936392920936,0.17619572909883086,0.12989438918333276,35.83174,12.2885,56.9363,59.4484,1.0,0.0,0.0,0.0,0.0,0.0,0.0,0.0,0.0,0.0,0.0,0.0,0.0,0.0,0.0,0.0,0.0,0,0,0.0,0,0,0,0,0.0,0,0,0
1,97,970.106,979.331,10,AugShort,AugShort;sem_arma,0.5,0.46464629047025674,2.065321994179302,0.13346689830434172,1.7878428101353463,0.24810551543223797,1.9946421089960542,0.6208613927029333,0.2849973964418292,0.2094896176635042,0.2892893891354036,0.24972580627154697,27.752737000000003,1.86257,86.77873,361.078,1.0,0.1,0.0,0.1,0.0,0.0,0.0,0.0,0.0,0.1,0.0,0.0,0.0,0.0,0.0,0.0,0.0,0,0,0.0,0,0,0,0,0.0,0,0,0
1,98,980.335,989.346,10,sem_arma,sem_arma,0.0,0.13825683581534345,0.9809619324509885,-0.16587644755330472,0.4032193029141024,0.14605857695684082,0.7973294702777081,0.30515791960639604,0.27919715792737626,0.4245801320185899,0.5628522902836799,0.5970691019360812,7.18125,2.79673,327.26193,360.314,1.0,0.8,0.0,0.8,0.0,0.0,8.015,0.0,0.0,0.8,0.0,8.015,0.0,0.0,0.0,0.0,0.0,0,0,0.0,1,1,0,1,0.16666666666666666,1,0,0
1,99,990.345,999.362,10,AugShort,AugShort,1.0,1.2110864735480662,2.9952678494321954,0.0984415723399894,1.1084194580081224,0.141176451814279,0.44592853729505755,0.15587038532276742,0.166480174972809,0.20552935136504663,0.3292778765250948,0.2731981224111233,34.37614,22.2807,44.484140000000004,48.5312,1.0,0.0,0.0,0.0,0.0,0.0,0.0,0.0,0.0,0.0,0.0,0.0,0.0,0.0,0.0,0.0,0.0,0,0,0.0,0,1,0,1,0.16666666666666666,1,0,0
1,100,1000.36,1009.371,10,AugShort,AugShort,1.0,2.225941138404934,2.958882376798824,0.13090435371386716,2.0276429917750973,0.09259237974339674,0.3277551182805066,0.11603440100666661,0.0705888606111684,0.0801423773590995,0.23522053518881783,0.11018753704280908,21.46545,11.1118,53.73535,54.9842,1.0,0.0,0.0,0.0,0.0,0.0,0.0,0.0,0.0,0.0,0.0,0.0,0.0,0.0,0.0,0.0,0.0,0,0,0.0,0,1,0,1,0.16666666666666666,1,0,0
1,101,1010.372,1019.388,10,AugShort,AugShort,1.0,0.23769098066427827,1.1146899189929163,-0.1648141983042194,1.1113558514386006,0.32394823910840365,1.7742912026199473,0.6688154629311046,0.6293366344658067,0.4830113761684961,0.2098930241268427,0.4153480060297202,61.344640000000005,13.1661,59.30431,64.8583,1.0,0.0,0.0,0.0,0.0,0.0,0.0,0.0,0.0,0.0,0.0,0.0,0.0,0.0,0.0,0.0,0.0,0,0,0.0,0,1,0,1,0.16666666666666666,1,0,0
1,102,1020.388,1029.4,10,AugShort,AugShort,1.0,1.1530917187545424,1.3845316378903905,0.03462196186173774,0.29997930831936465,0.5863251089348624,1.6451306431257464,0.6512335654222052,0.6326178190939428,0.6665979472366239,0.12501386002047116,0.6631519642169091,22.145786,8.60667,93.51743,359.4,1.0,0.0,0.0,0.0,0.0,0.0,0.0,0.0,0.0,0.0,0.0,0.0,0.0,0.0,0.0,0.0,0.0,0,0,0.0,0,1,0,1,0.16666666666666666,1,0,0
1,103,1030.396,1039.659,10,AugShort,AugShort,1.0,1.1940278610080106,1.7088007490639745,-0.021913760761399677,0.6976807906141151,0.006319263788491902,0.054451690712958696,0.017133657035454653,0.012351252195978737,0.14177637676669158,0.20273269075874795,0.43646456618014867,25.43846,17.2982,61.69144,68.4697,1.0,0.0,0.0,0.0,0.0,0.0,0.0,0.0,0.0,0.0,0.0,0.0,0.0,0.0,0.0,0.0,0.0,0,0,0.0,0,1,0,1,0.16666666666666666,1,0,0
1,104,1040.735,1049.808,10,AugShort,AugShort,1.0,0.8946649082882905,1.2394105087036762,-0.022596081933196004,0.594235606378637,0.09185265647832329,0.3640808116700368,0.1419638337455642,0.13738216518199597,0.13758085701376377,0.1652918998732485,0.12476805915283855,11.370464,8.92654,56.53727,61.7148,1.0,0.0,0.0,0.0,0.0,0.0,0.0,0.0,0.0,0.0,0.0,0.0,0.0,0.0,0.0,0.0,0.0,0,0,0.0,0,1,0,1,0.16666666666666666,1,0,0
1,105,1050.811,1059.608,9,AugShort,AugShort,1.0,0.6682765909830897,1.003983578533592,0.05373709388559187,0.6013784340986257,0.018278536968110323,0.03704876925568497,0.012603343973434671,0.017256756645048783,0.028731164540631206,0.13389397545106313,0.0761516335862774,7.1890455555555555,6.1545,83.12571111111112,88.8654,1.0,0.0,0.0,0.0,0.0,0.0,0.0,0.0,0.0,0.0,0.0,0.0,0.0,0.0,0.0,0.0,0.0,0,0,0.0,0,0,0,0,0.0,0,0,0
1,106,1060.608,1069.993,10,AugShort,AugShort,1.0,1.1320194106215768,2.636695571580429,0.03774570118406784,1.6503644661177155,0.028726956798092156,0.09036391124532156,0.031088934684321754,0.017971933942204997,0.01824904425007606,0.29997650234262024,0.01721001023338697,8.047374999999999,6.67244,83.08179,85.0283,1.0,0.0,0.0,0.0,0.0,0.0,0.0,0.0,0.0,0.0,0.0,0.0,0.0,0.0,0.0,0.0,0.0,0,0,0.0,0,0,0,0,0.0,0,0,0
1,107,1070.995,1079.005,9,AugShort,AugShort,1.0,1.4331785992003916,2.7870200248972106,-0.019314220359946885,1.8868103972364454,0.36162158512003173,2.447646618571121,0.7911712539967292,0.6233324170878265,0.5548506546810137,0.19364377317076864,0.39585666615600706,18.0511,15.0301,64.15945555555555,83.5192,1.0,0.0,0.0,0.0,0.0,0.0,0.0,0.0,0.0,0.0,0.0,0.0,0.0,0.0,0.0,0.0,0.0,0,0,0.0,0,0,0,0,0.0,0,0,0
1,108,1080.003,1089.025,10,AugShort,AugShort,1.0,1.1378374181200777,2.147091055358067,0.005034391074683736,0.8441567915264235,0.34514762825639783,2.444386301999869,0.7437062055293301,0.5734253168833213,0.6786479588560914,0.12219142902527116,0.8696114752907885,30.147100000000002,19.25,69.39110000000001,86.4512,1.0,0.0,0.0,0.0,0.0,0.0,0.0,0.0,0.0,0.0,0.0,0.0,0.0,0.0,0.0,0.0,0.0,0,0,0.0,0,0,0,0,0.0,0,0,0
1,109,1090.167,1099.176,10,AugShort,AugShort,1.0,1.1072753467179943,1.3219041646190774,0.006776454015027467,0.2034098196053829,0.0647088079587831,0.38185882372855856,0.11469781952554882,0.08167218591801992,0.10016550876191607,0.12805638480179893,0.1805968233865354,42.72927,29.3455,54.17877,58.8351,1.0,0.0,0.0,0.0,0.0,0.0,0.0,0.0,0.0,0.0,0.0,0.0,0.0,0.0,0.0,0.0,0.0,0,0,0.0,0,0,0,0,0.0,0,0,0
1,110,1100.177,1109.189,10,AugShort,AugShort,1.0,1.3413003274293387,2.554045996162075,-0.1116902842510689,1.4187134103791017,0.28165812918870875,1.0558864649243282,0.3472671990007056,0.3087579055431159,0.2898821915257973,0.19487775921470935,0.32366809599946306,16.653489999999998,10.0018,75.26853,262.253,1.0,0.0,0.0,0.0,0.0,0.0,0.0,0.0,0.0,0.0,0.0,0.0,0.0,0.0,0.0,0.0,0.0,0,0,0.0,0,0,0,0,0.0,0,0,0
1,111,1110.189,1119.199,10,AugShort,AugShort,1.0,0.38533260655625895,1.019803902718343,0.04186359618851245,0.8780991369502691,0.006134773987093686,0.025577354848833174,0.007876633462200707,0.007518824828758067,0.014137473227334755,0.14384903773220245,0.10923170375842092,10.357433,9.83713,55.93479,62.8149,1.0,0.0,0.0,0.0,0.0,0.0,0.0,0.0,0.0,0.0,0.0,0.0,0.0,0.0,0.0,0.0,0.0,0,0,0.0,0,0,0,0,0.0,0,0,0
1,112,1120.198,1129.356,10,AugShort,AugShort,1.0,0.4959114884863597,1.0019816172603444,0.02293086267680803,0.568830821494957,0.009752856725054817,0.040312381850598974,0.012027939173623834,0.010457814403822126,0.009438789771035669,0.3183002254618433,0.011825230799219818,22.24498,12.7418,80.57945,91.3936,1.0,0.0,0.0,0.0,0.0,0.0,0.0,0.0,0.0,0.0,0.0,0.0,0.0,0.0,0.0,0.0,0.0,0,0,0.0,0,0,0,0,0.0,0,0,0
1,113,1130.369,1139.374,10,AugShort,AugShort,1.0,1.2986063194017774,2.52926851172294,-0.0651961547684885,1.1371799216393295,0.6894072530392401,2.1886551370710934,0.7185634727654207,0.6663323354831117,0.6638345444415192,0.35888927603477494,0.6555581866948378,47.517669999999995,19.5864,108.72908,199.656,1.0,0.0,0.0,0.0,0.0,0.0,0.0,0.0,0.0,0.0,0.0,0.0,0.0,0.0,0.0,0.0,0.0,0,0,0.0,0,0,0,0,0.0,0,0,0
1,114,1141.11,1149.127,9,sem_arma,AugShort;sem_arma,0.4444444444444444,0.41929926078644564,1.1078596807614056,-0.0488615394344358,0.3712864158804459,0.19060747824984323,1.1115308114417597,0.36842674356258565,0.2477867525593322,0.3195165030484608,0.07118601317266943,0.4606384194372567,20.265751111111108,3.81516,104.6565,184.199,1.0,0.1111111111111111,0.0,0.1111111111111111,0.1111111111111111,0.1111111111111111,0.0,0.0,0.0,0.0,0.0,0.0,0.0,0.0,0.0,0.0,0.0,0,0,0.0,0,0,0,0,0.0,0,0,0
1,115,1150.125,1159.679,10,sem_arma,sem_arma,0.0,0.2198746653569148,0.6131817066837104,0.06666713250937117,0.4656165185689566,0.0777693335086698,0.5272515282871831,0.17238349902274536,0.12183629811939527,0.06961633595304076,0.28663744304632266,0.22795278651789413,18.364259999999998,16.5449,44.724270000000004,45.0326,1.0,0.0,0.0,0.0,0.0,0.0,0.0,0.0,0.0,0.0,0.0,0.0,0.0,0.0,0.0,0.0,0.0,0,0,0.0,0,0,0,0,0.0,0,0,0
1,116,1160.738,1169.747,10,sem_arma,sem_arma,0.0,0.3813569647740536,1.7119055257793327,-0.06010355859711136,0.6067681186057937,0.4488747528136912,1.6640006224523134,0.6511283232236441,0.41097925440112126,0.5348850881290632,0.6680512798455542,0.6412049428874806,20.7409,10.6939,91.18347,129.126,1.0,0.0,0.0,0.0,0.0,0.0,0.0,0.0,0.0,0.0,0.0,0.0,0.0,0.0,0.0,0.0,0.0,0,0,0.0,0,0,0,0,0.0,0,0,0
1,117,1170.748,1179.761,10,sem_arma,sem_arma;AugShort,0.1,0.3962635244881241,2.2090722034362664,-0.0001984052286786081,1.4311588891026559,0.3102846793833713,1.1797096619300236,0.42158142523805153,0.3735857604640717,0.29881591224080506,0.3167182687028767,0.32501871871780363,38.82892,21.9708,59.08102,121.952,1.0,0.0,0.0,0.0,0.0,0.0,0.0,0.0,0.0,0.0,0.0,0.0,0.0,0.0,0.0,0.0,0.0,0,0,0.0,0,0,0,0,0.0,0,0,0
1,118,1180.763,1189.772,10,AugShort,AugShort,1.0,0.44871025877100523,0.6403124237430576,0.06405156220397779,0.4091829766219677,0.2140251978865073,1.6862262479288144,0.525469130373727,0.28967571265974584,0.4460264738131948,0.186538384034893,0.5951245565620249,16.82518,14.4737,42.185289999999995,43.8784,1.0,0.0,0.0,0.0,0.0,0.0,0.0,0.0,0.0,0.0,0.0,0.0,0.0,0.0,0.0,0.0,0.0,0,0,0.0,0,0,0,0,0.0,0,0,0
1,119,1190.773,1199.785,10,AugShort,AugShort,1.0,0.9394968652966531,1.2418992848251282,0.05945607791343173,0.6934944791360599,0.2969740426235292,1.4617359802852665,0.4257266215204037,0.37201778531064983,0.3753462861293245,0.5385152462932016,0.406395059565943,53.425509999999996,32.595,107.02562,120.041,1.0,0.0,0.0,0.0,0.0,0.0,0.0,0.0,0.0,0.0,0.0,0.0,0.0,0.0,0.0,0.0,0.0,0,0,0.0,0,0,0,0,0.0,0,0,0
1,120,1200.785,1209.837,10,AugShort,AugShort,1.0,0.7527294195466683,1.17046999107218,-0.007817419004064435,0.8594520523807878,0.6958068800016493,2.7187170145994073,0.8977048517868149,0.9629499722969891,0.7845384852185717,0.32913846686325987,0.7971545790276906,52.08792,25.3072,40.916481999999995,118.925,1.0,0.0,0.0,0.0,0.0,0.0,0.0,0.0,0.0,0.0,0.0,0.0,0.0,0.0,0.0,0.0,0.0,0,0,0.0,0,0,0,0,0.0,0,0,0
1,121,1210.836,1219.847,10,AugShort,AugShort,1.0,0.9930019638577147,1.2029565013767956,-0.00912938704643508,1.0384366517535508,0.702700686027031,1.5731943773138442,0.6341236738873874,0.5060284149247798,0.582735832037443,0.17746050252729806,0.6238142080779132,37.903341999999995,3.10312,58.01052,118.862,1.0,0.1,0.0,0.1,0.0,0.0,0.0,0.0,0.0,0.0,0.0,0.0,0.0,0.0,0.0,0.0,0.0,0,0,0.0,0,0,0,0,0.0,0,0,0
1,122,1220.846,1229.726,9,AugShort,AugShort,1.0,0.8899307234542037,1.1015113189654138,0.01608769424998046,0.4294069770895542,0.49943596421581254,1.3565381745643037,0.4618110830767902,0.4811989133056512,0.4980553330518218,0.14083850369305703,0.6011640615436137,17.897011111111112,11.2782,32.139579999999995,117.388,1.0,0.0,0.2222222222222222,0.0,0.0,0.0,0.0,0.0,0.0,0.0,0.0,0.0,0.0,0.0,0.0,0.0,0.0,0,0,0.0,0,0,0,0,0.0,0,0,0
1,123,1230.722,1239.781,10,AugShort,AugShort,1.0,0.30874809217731347,0.9034318212806374,-0.09194139120656757,0.7612492158282714,0.05172135371963878,0.22123643260181838,0.07973080286032548,0.08553922094089794,0.1087522897354923,0.12064252183815301,0.24068488727235482,25.15786,17.3339,36.83553,36.9594,1.0,0.0,0.0,0.0,0.0,0.0,0.0,0.0,0.0,0.0,0.0,0.0,0.0,0.0,0.0,0.0,0.0,0,0,0.0,0,0,0,0,0.0,0,0,0
1,124,1240.785,1249.795,10,AugShort,AugShort,1.0,0.3140755294695846,1.1650253536156319,0.0889729959634461,0.9449227950505125,0.14293581487305956,0.9830377064542782,0.3067114487865198,0.19432626527715896,0.12111313861241271,0.3651037525315948,0.1270121131943863,18.05574,9.0513,52.89439,117.119,1.0,0.0,0.0,0.0,0.0,0.0,0.0,0.0,0.0,0.0,0.0,0.0,0.0,0.0,0.0,0.0,0.0,0,0,0.0,0,0,0,0,0.0,0,0,0
1,125,1250.795,1259.807,10,AugShort,AugShort,1.0,0.9796991730393907,1.2119404186156353,-0.08072110328012208,0.14090697697208854,0.210008213647924,0.9370156090365899,0.3138617798644083,0.2443079130341443,0.34088228661807546,0.7098340316741195,0.3536025069814669,10.882423,2.00369,363.22271,480.263,1.0,0.1,0.0,0.1,0.0,0.0,0.0,0.0,0.0,0.1,0.0,0.0,0.0,0.0,0.0,0.0,0.0,0,0,0.0,0,0,0,0,0.0,0,0,0
1,126,1260.812,1269.957,10,AugShort,AugShort,1.0,0.8228393924153208,1.9216167893766234,0.17020674100476732,0.5245412849217689,0.35859914904794316,1.5120471308925818,0.47306777976960757,0.35210688962592185,0.37273193695985835,0.5937316218045969,0.3293691005085201,19.90228,13.3545,86.56296999999999,463.363,1.0,0.0,0.0,0.0,0.0,0.0,0.0,0.0,0.0,0.0,0.0,0.0,0.0,0.0,0.0,0.0,0.0,0,0,0.0,0,0,0,0,0.0,0,0,0
1,127,1270.958,1279.968,10,AugShort,AugShort,1.0,1.0050771186015002,2.016129032257331,-0.18077114197988986,1.5879456457718648,0.10984430832221803,0.3928215140903744,0.11647851327222938,0.07911411071391532,0.12516060986691294,0.4156849054276899,0.31702007124162246,19.02582,14.9956,37.63983,41.4957,1.0,0.0,0.1,0.0,0.0,0.0,0.0,0.0,0.0,0.0,0.0,0.0,0.0,0.0,0.0,0.0,0.0,0,0,0.0,0,0,0,0,0.0,0,0,0
1,128,1280.975,1289.976,10,AugShort,AugShort,1.0,0.5305318527841124,0.9469999999999992,-0.004343812356900054,0.7562510136001983,0.3014367858589037,3.013889402182734,0.9530587081497177,0.563495727596949,0.6568882002167645,0.5107542175286249,0.9396523720019443,91.59961000000001,90.5634,104.27158999999999,111.231,1.0,0.0,0.0,0.0,0.0,0.0,0.0,0.0,0.0,0.0,0.0,0.0,0.0,0.0,0.0,0.0,0.0,0,0,0.0,0,0,0,0,0.0,0,0,0
1,129,1290.984,1299.081,9,AugShort,AugShort,1.0,0.23182360208321956,0.7313356405045532,-0.00873248316472983,0.2762302430100897,0.09784120490462349,0.840526814223355,0.27882179205460045,0.18678373487797714,0.20901036274604146,0.2899990564384884,0.17660032463201591,74.39263333333334,64.7878,32.836712444444444,99.0878,1.0,0.0,0.6666666666666666,0.0,0.0,0.0,0.0,0.0,0.0,0.0,0.0,0.0,0.0,0.0,0.0,0.0,0.0,0,0,0.0,0,0,0,0,0.0,0,0,0
1,130,1300.078,1309.09,10,AugShort,AugShort,1.0,0.0,0.0,0.0,0.0,0.0,0.0,0.0,0.0,2.7898902122258207e-08,0.20694251564880545,0.10714240141104521,64.7878,64.7878,0.428702,0.428702,1.0,0.0,1.0,0.0,0.0,0.0,0.0,0.0,0.0,0.0,0.0,0.0,0.0,0.0,0.0,0.0,0.0,0,0,0.0,0,0,0,0,0.0,0,0,0
1,131,1310.089,1319.104,10,AugShort,AugShort,1.0,0.0,0.0,0.0,0.0,0.0,0.0,0.0,0.0,2.7898902122258207e-08,0.2261011487198898,0.0,64.7878,64.7878,0.428702,0.428702,1.0,0.0,1.0,0.0,0.0,0.0,0.0,0.0,0.0,0.0,0.0,0.0,0.0,0.0,0.0,0.0,0.0,0,0,0.0,0,0,0,0,0.0,0,0,0
1,132,1320.105,1329.202,10,AugShort,AugShort,1.0,0.0,0.0,0.0,0.0,0.0,0.0,0.0,0.0,2.7898902122258207e-08,0.0,0.0,64.7878,64.7878,0.428702,0.428702,1.0,0.0,1.0,0.0,0.0,0.0,0.0,0.0,0.0,0.0,0.0,0.0,0.0,0.0,0.0,0.0,0.0,0,0,0.0,0,0,0,0,0.0,0,0,0
1,133,1330.202,1339.221,10,AugShort,AugShort;sem_arma,0.6,0.035840469935160095,0.35840469935160096,0.03562670967709751,0.3562670967709751,0.1439753882063241,0.9030257261331491,0.309880713524041,0.23110899681592278,0.2228735668885935,0.1,0.1733933078466539,40.732330000000005,19.1837,3.7604817999999995,33.7465,1.0,0.0,0.9,0.0,0.0,0.0,0.0,0.0,0.0,0.0,0.0,0.0,0.0,0.0,0.0,0.0,0.0,0,0,0.0,0,0,0,0,0.0,0,0,0
1,134,1340.219,1349.23,10,AugShort,sem_arma;AugShort,0.8,0.8514059508355107,2.1084199104889043,-0.03456058652568626,1.8758800335257015,0.34578405553913577,0.7956952683907103,0.3386587997716498,0.28471898607652835,0.31247326259118346,0.7659537308054305,0.3382321341797381,67.13211,21.5239,62.9933449,85.4844,1.0,0.0,0.1,0.0,0.0,0.0,0.0,0.0,0.0,0.0,0.0,0.0,0.0,0.0,0.0,0.0,0.0,0,0,0.0,0,0,0,0,0.0,0,0,0
1,135,1350.544,1359.562,10,Scout,AugShort;Scout,1.0,0.5680176507531374,2.109832052557997,0.05324869051331684,1.2234384141629187,0.324932685361194,1.91012544991053,0.6211206891578582,0.3809002350788683,0.4800840885942253,0.3909147266618839,0.4540265174133298,15.834147000000002,1.4528,108.13313899999999,458.032,1.0,0.1,0.1,0.1,0.0,0.0,0.0,0.0,0.0,0.1,0.0,0.0,0.0,0.0,0.0,0.0,0.0,0,0,0.0,0,0,0,0,0.0,0,0,0
1,136,1360.569,1369.607,10,Scout,Scout,1.0,0.0,0.0,-0.05315835678221838,0.0,0.0,0.0,0.0,0.002530151035099317,0.06069134100135665,0.37974510053196775,0.35612282661543426,15.341370000000001,14.9681,82.27261,82.5247,1.0,0.0,0.0,0.0,0.0,0.0,0.0,0.0,0.0,0.0,0.0,0.0,0.0,0.0,0.0,0.0,0.0,0,0,0.0,0,0,0,0,0.0,0,0,0
1,137,1370.607,1379.698,10,Scout,Scout,1.0,0.0,0.0,0.0,0.0,0.0,0.0,0.0,0.0,8.739682090991856e-09,0.7035200328229407,8.577245522225895e-09,14.635380000000001,13.5681,83.12989999999999,83.7957,1.0,0.0,0.0,0.0,0.0,0.0,0.0,0.0,0.0,0.0,0.0,0.0,0.0,0.0,0.0,0.0,0.0,0,0,0.0,0,0,0,0,0.0,0,0,0
1,138,1380.694,1389.703,10,Scout,Scout,1.0,0.0,0.0,0.0,0.0,0.0,0.0,0.0,0.0,8.739682090991856e-09,0.0,8.577245522225895e-09,13.27817,12.6975,82.04204,82.8885,1.0,0.0,0.0,0.0,0.0,0.0,0.0,0.0,0.0,0.0,0.0,0.0,0.0,0.0,0.0,0.0,0.0,0,0,0.0,0,0,0,0,0.0,0,0,0
1,139,1390.705,1399.753,10,Scout,Scout,1.0,0.0,0.0,0.0,0.0,0.0,0.0,0.0,0.0,8.739682090991856e-09,0.0,8.577245522225895e-09,13.571209999999999,13.2853,80.8819,81.5101,1.0,0.0,0.0,0.0,0.0,0.0,0.0,0.0,0.0,0.0,0.0,0.0,0.0,0.0,0.0,0.0,0.0,0,0,0.0,0,0,0,0,0.0,0,0,0
1,140,1400.756,1409.794,10,Scout,Scout,1.0,0.0,0.0,0.0,0.0,0.0,0.0,0.0,0.0,8.739682090991856e-09,0.0,8.577245522225895e-09,13.97378,13.5624,81.99757,82.5917,1.0,0.0,0.0,0.0,0.0,0.0,0.0,0.0,0.0,0.0,0.0,0.0,0.0,0.0,0.0,0.0,0.0,0,0,0.0,0,0,0,0,0.0,0,0,0
1,141,1410.799,1419.854,10,Scout,Scout;sem_arma,0.8,0.0,0.0,0.0,0.0,0.08329439778880011,0.5559659163627598,0.18750862529767426,0.11119318178837256,0.08694390116561582,0.0,0.06501140727389555,15.934698000000001,6.21628,78.65754000000001,184.083,1.0,0.0,0.0,0.0,0.0,0.0,0.0,0.0,0.0,0.0,0.0,0.0,0.0,0.0,0.0,0.0,0.0,0,0,0.0,0,0,0,0,0.0,0,0,0
1,142,1420.853,1429.862,10,sem_arma,sem_arma,0.0,0.0,0.0,0.0,0.0,0.16596965859021223,1.5651332349062879,0.49251339426943946,0.31302664549707815,0.3952396657384603,0.0,0.43412223350853185,64.12797,16.5145,34.3104,34.3104,1.0,0.0,0.0,0.0,0.0,0.0,0.0,0.0,0.0,0.0,0.0,0.0,0.0,0.0,0.0,0.0,0.0,0,0,0.0,0,0,0,0,0.0,0,0,0
1,143,1430.863,1439.888,10,sem_arma,sem_arma,0.0,0.0,0.0,0.0,0.0,0.0,0.0,0.0,0.0,0.0,0.0,0.09874519812210616,75.4231,75.4231,34.3104,34.3104,1.0,0.0,0.0,0.0,0.0,0.0,0.0,0.0,0.0,0.0,0.0,0.0,0.0,0.0,0.0,0.0,0.0,0,0,0.0,0,0,0,0,0.0,0,0,0
1,144,1440.882,1449.073,9,sem_arma,sem_arma,0.0,0.8380845937411501,2.6991520651557,0.21144476854334426,1.6208815101424279,0.3602447418413183,1.472612378157319,0.5290890850039955,0.2898508155978773,0.1924175123533194,0.3236149278490584,0.1560631731659113,75.20001444444443,3.82013,44.08346777777778,94.8066,1.0,0.1111111111111111,0.0,0.1111111111111111,0.0,0.0,0.0,0.0,0.0,0.0,0.0,0.0,0.0,0.0,0.0,0.0,0.0,0,0,0.0,0,0,0,0,0.0,0,0,0
1,145,1450.077,1459.112,10,AugShort,AugShort,1.0,1.2860392152603748,2.3553725255663953,0.04896639418377294,1.661223403832883,0.4497870638751845,2.38321440930418,0.734533832162992,0.9312174028490581,0.5530141630169847,0.28911307086365073,0.5432290136705297,26.296611000000002,3.5637,78.84552,92.588,1.0,0.1,0.1,0.1,0.0,0.0,1.004,0.0,0.0,0.0,0.0,0.0,0.0,0.0,0.0,0.0,0.0,0,0,0.0,0,0,0,0,0.0,0,0,0
1,146,1460.118,1469.58,10,AugShort,AugShort,1.0,2.0260793606491108,2.7669236163279773,-0.0074872293400783715,1.0811681656153913,0.2403607822214467,1.3443073446090716,0.46947293473652707,0.45532311071823905,0.5258071420337691,0.3996843215770731,0.6924097823971953,30.38813,13.6362,25.824849999999998,33.9457,1.0,0.0,0.6,0.0,0.0,0.0,0.0,0.0,0.0,0.0,0.0,0.0,0.0,0.0,0.0,0.0,0.0,0,0,0.0,0,0,0,0,0.0,0,0,0
1,147,1470.577,1479.973,10,AugShort,AugShort,1.0,1.9750900167459016,2.294909817563358,-0.03830443268098328,0.4165225621683161,1.0101050091998818,3.012286127529186,0.9083210296582408,0.7552308610204643,0.6653512636894107,0.7629761885485947,0.6344299621561525,34.907247,9.01389,75.28079,142.3,1.0,0.0,0.0,0.0,0.0,0.0,0.0,0.0,0.0,0.0,0.0,0.0,0.0,0.0,0.0,0.0,0.0,0,0,0.0,0,0,0,0,0.0,0,0,0
1,148,1480.974,1489.985,10,sem_arma,AugShort;sem_arma,0.4,1.593786178111182,2.419145233447889,0.05460132710497638,1.2172570134724587,0.6478557796173481,2.436052740455043,0.8014932220710361,1.1275281241672037,0.8853215009214491,0.4138585911589825,0.9226974702222073,30.682799999999997,16.8194,60.55841,109.682,1.0,0.0,0.0,0.0,0.0,0.0,0.0,0.0,0.0,0.0,0.0,0.0,0.0,0.0,0.0,0.0,0.0,0,0,0.0,0,0,0,0,0.0,0,0,0
1,149,1490.983,1499.62,9,sem_arma,AugShort;sem_arma,0.4444444444444444,1.2883256704045545,2.7072657487182923,-0.2060258232124162,1.6505814990831336,0.5203921065000959,1.734936833683839,0.699623968292875,0.7030871869882709,0.715223375880973,0.12912091265310982,0.7091862767675493,48.94427777777778,25.9319,85.20994444444445,108.566,1.0,0.0,0.0,0.0,0.0,0.0,0.0,0.0,0.0,0.0,0.0,0.0,0.0,0.0,0.0,0.0,0.0,0,0,0.0,0,0,0,0,0.0,0,0,0
1,150,1500.619,1509.676,10,sem_arma,sem_arma,0.0,0.0,0.0,0.0,0.0,0.0,0.0,0.0,0.0,0.014457363955825387,0.16669711217766317,0.32159114426375934,57.68879,56.9686,91.05632,106.105,1.0,0.0,0.0,0.0,0.0,0.0,0.0,0.0,0.0,0.0,0.0,0.0,0.0,0.0,0.0,0.0,0.0,0,0,0.0,0,0,0,0,0.0,0,0,0
1,151,1510.689,1519.005,9,sem_arma,sem_arma,0.0,0.026821693470420925,0.24139524123378833,0.020474575168260248,0.18427117651434224,0.017694689810225633,0.15925220829203068,0.053084069430676895,0.017694689810225633,0.007913305851287473,0.8234323806370791,0.005595568549690434,59.112988888888886,57.7666,89.36957777777778,89.3944,1.0,0.0,0.0,0.0,0.0,0.0,0.0,0.0,0.0,0.0,0.0,0.0,0.0,0.0,0.0,0.0,0.0,0,0,0.0,0,0,0,0,0.0,0,0,0
1,152,1520.004,1529.221,10,sem_arma,sem_arma;AugShort,0.1,1.3258487583291252,2.3017739564188617,0.19667233576931617,1.0978032956058568,0.5499156044787179,1.634693011603395,0.5151251394267702,0.5154102848218949,0.37854497245056623,0.7826154912986727,0.3401231725371402,46.03818,12.5742,55.30306,94.0839,1.0,0.0,0.0,0.0,0.0,0.0,0.0,0.0,0.0,0.0,0.0,0.0,0.0,0.0,0.0,0.0,0.0,0,0,0.0,0,0,0,0,0.0,0,0,0
1,153,1530.224,1539.351,10,AugShort,AugShort,1.0,1.9153223543977975,2.321113529678093,-0.0028466727642548206,1.1484165092756857,0.9757302012672662,2.2211724365839363,0.7952445479247603,1.0484226761062625,0.7261056967529966,0.14484482402840093,0.651882653055855,39.431963,7.42986,61.72052,113.768,1.0,0.0,0.0,0.0,0.0,0.0,0.0,0.0,0.0,0.0,0.0,0.0,0.0,0.0,0.0,0.0,0.0,0,0,0.0,0,0,0,0,0.0,0,0,0
1,154,1540.354,1549.364,10,AugShort,AugShort,1.0,1.9349124277484386,2.3694937715664124,-0.03524143949380008,0.9063614035470223,0.9797484858340422,2.9706451064571366,1.010103331683565,1.1396243880165253,1.119876479668067,0.0952311190192202,1.0282017594951263,28.103503999999997,3.96744,50.61103,110.287,1.0,0.1,0.0,0.1,0.0,0.0,0.0,0.0,0.0,0.0,0.0,0.0,0.0,0.0,0.0,0.0,0.0,0,0,0.0,0,0,0,0,0.0,0,0,0
1,155,1550.365,1559.565,10,AugShort,AugShort;sem_arma,0.9,1.3981739006124236,2.306372903307354,-0.0757015383298313,1.9338428455748953,0.5288872879914146,2.866710586606052,0.8589880118994838,0.7307398458483059,0.7183273762915217,0.15276120872582322,0.906967038257258,46.059334,7.30954,81.02532,109.127,1.0,0.0,0.0,0.0,0.0,0.0,0.0,0.0,0.0,0.0,0.0,0.0,0.0,0.0,0.0,0.0,0.0,0,0,0.0,0,0,0,0,0.0,0,0,0
1,156,1560.569,1569.586,10,AugShort,AugShort,1.0,1.9954987089843168,2.4283017262273274,0.013047908702575994,1.5263709335968625,0.6764026285795253,2.435274512323804,0.8323613358117482,0.7689251654457948,0.6825052873338476,0.4287216123182621,0.6879324891962171,61.73813,13.3546,45.842169999999996,113.793,1.0,0.0,0.0,0.0,0.0,0.0,0.0,0.0,0.0,0.0,0.0,0.0,0.0,0.0,0.0,0.0,0.0,0,0,0.0,0,0,0,0,0.0,0,0,0
1,157,1570.582,1579.597,10,AugShort,AugShort,1.0,1.7782450381668813,2.383005872801457,0.038149390145998774,2.00485415416436,1.2471613383936286,2.6825119761576794,0.911163351960018,0.8163385955499537,0.8418188119791251,0.8029651863295648,0.8905488458677828,49.424729,2.39097,95.31175,118.111,1.0,0.1,0.0,0.1,0.0,0.0,0.0,0.0,0.0,0.0,0.0,0.0,0.0,0.0,0.0,0.0,0.0,0,0,0.0,0,0,0,0,0.0,0,0,0
1,158,1581.248,1589.959,4,AugShort,AugShort,1.0,1.139568663856774,3.585348821930864,0.7268849186243553,3.62870239965205,0.6609901084792323,1.1253227260690915,0.5346792855861152,0.5566015521290203,0.6997648523543663,0.642756759674444,0.8172702301997575,92.56465,39.9257,47.227675000000005,88.0275,1.0,0.0,0.0,0.0,0.0,0.0,0.0,0.0,0.0,0.0,0.0,0.0,0.0,0.0,0.0,0.0,0.0,0,0,0.0,0,0,0,0,0.0,0,0,0
1,159,1592.1,1599.133,8,AugShort,AugShort,1.0,0.04128367475813044,0.3302693980650435,-0.2306778762996707,0.0,4.0157404267409356e-06,3.2125923413927484e-05,1.1358229148933903e-05,0.13817306583946679,0.24892711697925618,0.41511700957519987,0.6364641067146886,91.7651,91.7651,31.2716,31.2716,1.0,0.0,0.0,0.0,0.0,0.0,0.0,0.0,0.0,0.0,0.0,0.0,0.0,0.0,0.0,0.0,0.0,0,0,0.0,0,0,0,0,0.0,0,0,0
1,160,1600.136,1609.741,10,AugShort,AugShort,1.0,0.0,0.0,0.0,0.0,0.0,0.0,0.0,0.0,0.0,0.5341077081032887,0.03495623882269823,91.7651,91.7651,31.2716,31.2716,1.0,0.0,0.0,0.0,0.0,0.0,0.0,0.0,0.0,0.0,0.0,0.0,0.0,0.0,0.0,0.0,0.0,0,0,0.0,0,0,0,0,0.0,0,0,0
1,161,1610.746,1619.755,10,AugShort,AugShort,1.0,0.0,0.0,0.0,0.0,0.0,0.0,0.0,0.0,0.0,0.19975880842022778,9.78555787581821e-09,91.7651,91.7651,31.2716,31.2716,1.0,0.0,0.0,0.0,0.0,0.0,0.0,0.0,0.0,0.0,0.0,0.0,0.0,0.0,0.0,0.0,0.0,0,0,0.0,0,0,0,0,0.0,0,0,0
1,162,1620.755,1629.05,9,AugShort,AugShort,1.0,0.0,0.0,0.0,0.0,0.0,0.0,0.0,0.0,0.0,0.0,9.78555787581821e-09,91.7651,91.7651,31.271599999999996,31.2716,1.0,0.0,0.0,0.0,0.0,0.0,0.0,0.0,0.0,0.0,0.0,0.0,0.0,0.0,0.0,0.0,0.0,0,0,0.0,0,0,0,0,0.0,0,0,0
1,163,1630.049,1639.472,9,AugShort,AugShort,1.0,0.0,0.0,0.0,0.0,0.0,0.0,0.0,0.0,0.0,0.0,9.78555787581821e-09,91.7651,91.7651,31.271599999999996,31.2716,1.0,0.0,0.0,0.0,0.0,0.0,0.0,0.0,0.0,0.0,0.0,0.0,0.0,0.0,0.0,0.0,0.0,0,0,0.0,0,0,0,0,0.0,0,0,0
1,164,1640.473,1649.485,10,AugShort,AugShort;sem_arma,0.9,0.0,0.0,0.0,0.0,0.0,0.0,0.0,0.0,0.0,0.0,9.78555787581821e-09,91.7651,91.7651,31.2716,31.2716,1.0,0.0,0.0,0.0,0.0,0.0,0.0,0.0,0.0,0.0,0.0,0.0,0.0,0.0,0.0,0.0,0.0,0,0,0.0,0,0,0,0,0.0,0,0,0
1,165,1650.485,1659.161,8,sem_arma,sem_arma,0.0,0.0,0.0,0.0,0.0,0.0,0.0,0.0,0.0,0.0,0.0,9.78555787581821e-09,91.7651,91.7651,31.2716,31.2716,1.0,0.0,0.0,0.0,0.0,0.0,0.0,0.0,0.0,0.0,0.0,0.0,0.0,0.0,0.0,0.0,0.0,0,0,0.0,0,0,0,0,0.0,0,0,0
1,166,1660.159,1669.665,10,sem_arma,sem_arma,0.0,0.25089035859955455,0.907369613683283,0.0827761978659683,0.7071067812572582,0.13271037922843337,0.5546868546977702,0.2225673289719543,0.0812481872231338,0.07912493616706635,0.2990289151010487,0.061596253958541534,89.42321000000001,69.8558,32.40393,39.525,1.0,0.0,0.0,0.0,0.0,0.0,0.0,0.0,0.0,0.0,0.0,0.0,0.0,0.0,0.0,0.0,0.0,0,0,0.0,0,0,0,0,0.0,0,0,0
1,167,1670.666,1679.68,10,AugShort,sem_arma;AugShort,0.9,1.9382690721247697,4.204759208337428,0.33235149102250017,2.019898237846645,0.27652057757001614,0.7863921389982939,0.28038797397228415,0.29498103701085554,0.23233157139905,0.9590326145765247,0.23827431478622949,85.30754,20.9893,40.70056,43.9764,1.0,0.0,0.0,0.0,0.0,0.0,0.0,0.0,0.0,0.0,0.0,0.0,0.0,0.0,0.0,0.0,0.0,0,0,0.0,0,0,0,0,0.0,0,0,0
1,168,1680.683,1689.78,10,AugShort,AugShort;sem_arma,0.7,1.08327840683353,3.958920835156542,-0.4227309467864223,0.6940341218457561,0.38952552858334055,1.4311186359947858,0.5299920669065649,0.400219084074107,0.4425080851474374,0.4843380232001583,0.45395168985302253,34.689731,1.67585,53.71191,92.8733,1.0,0.2,0.0,0.2,0.0,0.0,0.0,0.0,0.0,0.0,0.0,0.0,0.0,0.0,0.0,0.0,0.0,0,0,0.0,0,0,0,0,0.0,0,0,0
1,169,1690.835,1699.9,10,sem_arma,sem_arma,0.0,0.15764096020685536,1.5764096020685536,-0.00031402487882379313,1.5716945185130147,0.06781140391004949,0.6742528958283796,0.21308527530279323,0.13485057916567592,0.15088530421129057,0.4876784907326256,0.313532208649955,93.60510000000001,53.6909,51.62164,52.7279,1.0,0.0,0.0,0.0,0.0,0.0,0.0,0.0,0.0,0.0,0.0,0.0,0.0,0.0,0.0,0.0,0.0,0,0,0.0,0,0,0,0,0.0,0,0,0
1,170,1700.9,1709.282,7,sem_arma,sem_arma,0.0,0.0,0.0,0.0,0.0,0.0,0.0,0.0,0.0,0.0,0.8013056887545791,0.030459640996884675,82.96151428571429,79.7264,45.515057142857145,49.32,1.0,0.0,0.0,0.0,0.0,0.0,0.0,0.0,0.0,0.0,0.0,0.0,0.0,0.0,0.0,0.0,0.0,0,0,0.0,0,0,0,0,0.0,0,0,0
1,171,1710.278,1719.45,10,sem_arma,sem_arma,0.0,0.0,0.0,0.0,0.0,0.0,0.0,0.0,0.0,0.0,0.3999999998,0.0,77.30367,70.3265,43.46034,45.6228,1.0,0.0,0.0,0.0,0.0,0.0,0.0,0.0,0.0,0.0,0.0,0.0,0.0,0.0,0.0,0.0,0.0,0,0,0.0,0,0,0,0,0.0,0,0,0
1,172,1720.452,1729.581,10,sem_arma,sem_arma,0.0,0.0,0.0,0.0,0.0,0.0,0.0,0.0,0.0,0.0,0.0,0.0,60.541419999999995,43.67,27.218709999999998,38.8959,1.0,0.0,0.0,0.0,0.0,0.0,0.0,0.0,0.0,0.0,0.0,0.0,0.0,0.0,0.0,0.0,0.0,0,0,0.0,0,0,0,0,0.0,0,0,0
1,173,1730.582,1739.591,10,sem_arma,sem_arma,0.0,0.0,0.0,0.0,0.0,0.0,0.0,0.0,0.0,0.0,0.0,0.0,12.941358,4.5164,28.97171,38.6272,1.0,0.1,0.0,0.1,0.0,0.0,0.0,0.0,0.0,0.0,0.0,0.0,0.0,0.0,0.0,0.0,0.0,0,0,0.0,0,0,0,0,0.0,0,0,0
1,174,1740.598,1749.609,10,sem_arma,sem_arma,0.0,0.0,0.0,0.0,0.0,0.0,0.0,0.0,0.0,0.0,0.0,0.0,14.32099,10.1159,35.53643,37.4259,1.0,0.0,0.0,0.0,0.0,0.0,0.0,0.0,0.0,0.0,0.0,0.0,0.0,0.0,0.0,0.0,0.0,0,0,0.0,0,0,0,0,0.0,0,0,0
1,175,1750.613,1759.619,10,sem_arma,sem_arma,0.0,0.0,0.0,0.0,0.0,0.0,0.0,0.0,0.0,0.0,0.0,0.0,11.151599999999998,11.1488,37.40968,37.4108,1.0,0.0,0.0,0.0,0.0,0.0,0.0,0.0,0.0,0.0,0.0,0.0,0.0,0.0,0.0,0.0,0.0,0,0,0.0,0,0,0,0,0.0,0,0,0
1,176,1760.622,1769.427,9,sem_arma,sem_arma,0.0,0.0,0.0,0.0,0.0,0.0,0.0,0.0,0.0,0.0,0.0,0.0,11.152055555555556,11.149,37.409866666666666,37.4116,1.0,0.0,0.0,0.0,0.0,0.0,0.0,0.0,0.0,0.0,0.0,0.0,0.0,0.0,0.0,0.0,0.0,0,0,0.0,0,0,0,0,0.0,0,0,0
1,177,1770.427,1779.438,10,sem_arma,sem_arma,0.0,0.0,0.0,0.0,0.0,0.0,0.0,0.0,0.0,0.0,0.0,0.0,11.40735,11.136,37.33949,37.4178,1.0,0.0,0.0,0.0,0.0,0.0,0.0,0.0,0.0,0.0,0.0,0.0,0.0,0.0,0.0,0.0,0.0,0,0,0.0,0,0,0,0,0.0,0,0,0
1,178,1780.438,1789.45,10,sem_arma,sem_arma;Scout,0.2,0.02828427131827548,0.2828427131827548,0.0,0.2828427131827548,0.03345259919119903,0.3345259919119903,0.10578640709689548,0.06690519838239806,0.07480228581557552,0.9999999975,0.10578640709689549,28.545460000000002,28.541,37.00872,37.0105,1.0,0.0,0.0,0.0,0.0,0.0,0.0,0.0,0.0,0.0,0.0,0.0,0.0,0.0,0.0,0.0,0.0,0,0,0.0,0,0,0,0,0.0,0,0,0
1,179,1790.454,1799.462,10,AugShort,Scout;AugShort,1.0,2.0042787552328343,4.327817002832159,0.17715002648767525,3.0718408680593914,0.22635165886510103,0.6817269993681191,0.2651391895344506,0.1840880640400271,0.2060436479894597,0.9785277715378923,0.17179503889969847,31.24053,10.595,27.60315,37.0084,1.0,0.0,0.0,0.0,0.0,0.0,0.0,0.0,0.0,0.0,0.0,0.0,0.0,0.0,0.0,0.0,0.0,0,0,0.0,0,0,0,0,0.0,0,0,0
1,180,1800.462,1809.475,10,AugShort,AugShort,1.0,1.8352832195735373,2.6544116396468747,-0.1073663943033742,1.642254763123168,1.032609137661572,2.8716292822683753,0.9897100623280342,0.9898658958208456,0.7576295682705947,0.821702846301525,0.6815370196766857,49.048837000000006,4.87717,59.692761999999995,120.446,1.0,0.1,0.0,0.1,0.1,0.1,0.0,0.0,0.0,0.0,0.0,0.0,0.0,0.0,0.0,0.0,0.0,0,0,0.0,0,0,0,0,0.0,0,0,0
1,181,1810.472,1819.484,10,AugShort,AugShort,1.0,0.8718779829759562,2.1461674542901537,0.1460545651089776,1.9251546242248545,0.294611606493776,1.5817762087958975,0.5391493241004097,0.23124624818407655,0.3411724859240588,0.35958053731018647,0.7350694264982061,10.311297999999999,1.92275,78.436429,120.184,1.0,0.4,0.3,0.1,0.4,0.1,0.997,0.997,0.0,0.0,0.0,0.0,0.0,0.0,0.0,0.0,0.0,0,0,0.0,0,0,0,0,0.0,0,0,0
1,182,1820.531,1829.709,10,AugShort,AugShort;sem_arma,0.9,1.5030963120401224,2.2840352235454606,-0.07656498296355277,1.4782205333926333,1.4181498342889745,2.856355376773818,1.0103968859897208,1.2033148579659305,1.042611974307695,0.1917433614755143,0.9962259862423002,32.594590999999994,2.1743,33.767085,115.7,1.0,0.2,0.6,0.2,0.0,0.0,0.0,0.0,0.0,0.0,0.0,0.0,0.0,0.0,0.0,0.0,0.0,0,0,0.0,0,0,0,0,0.0,0,0,0
1,183,1830.705,1839.868,10,sem_arma,sem_arma,0.0,0.5145064562635394,1.5683232281264048,-0.11680265323441026,0.30607452422296416,0.5109794035930635,2.691256105995307,0.8023344476727866,0.8113016116875885,0.7343479204925224,0.09231619168199559,0.8254062011785479,62.975971,2.24437,68.021309,131.45,1.0,0.1,0.3,0.1,0.0,0.0,0.0,0.0,0.0,0.0,0.0,0.0,0.0,0.0,0.0,0.0,0.0,0,0,0.0,0,0,0,0,0.0,0,0,0
1,184,1840.874,1849.354,9,sem_arma,sem_arma,0.0,0.1987021337580993,0.9450489294726478,-0.04829806534330637,0.6355569086645045,0.2292622342395447,0.729031229397874,0.28235857117798907,0.16750270704855277,0.3183741904388903,0.3089902212283435,0.6208446971838414,133.202,104.853,63.05687777777777,63.4312,1.0,0.0,0.0,0.0,0.0,0.0,0.0,0.0,0.0,0.0,0.0,0.0,0.0,0.0,0.0,0.0,0.0,0,0,0.0,0,0,0,0,0.0,0,0,0
1,185,1850.355,1859.379,10,sem_arma,sem_arma,0.0,0.0,0.0,0.0,0.0,0.0,0.0,0.0,0.0,3.033730573351287e-08,0.46263564031758164,0.08016194459999429,142.308,142.308,63.431200000000004,63.4312,1.0,0.0,0.0,0.0,0.0,0.0,0.0,0.0,0.0,0.0,0.0,0.0,0.0,0.0,0.0,0.0,0.0,0,0,0.0,0,0,0,0,0.0,0,0,0
1,186,1860.367,1869.55,10,sem_arma,sem_arma,0.0,0.0,0.0,0.0,0.0,0.0,0.0,0.0,0.0,3.033730573351287e-08,0.40329268927988016,1.5589997124574355e-08,142.308,142.308,63.431200000000004,63.4312,1.0,0.0,0.0,0.0,0.0,0.0,0.0,0.0,0.0,0.0,0.0,0.0,0.0,0.0,0.0,0.0,0.0,0,0,0.0,0,0,0,0,0.0,0,0,0
1,187,1870.553,1879.76,10,sem_arma,sem_arma,0.0,0.0,0.0,0.0,0.0,0.0,0.0,0.0,0.0,3.033730573351287e-08,0.0,1.5589997124574355e-08,142.308,142.308,63.431200000000004,63.4312,1.0,0.0,0.0,0.0,0.0,0.0,0.0,0.0,0.0,0.0,0.0,0.0,0.0,0.0,0.0,0.0,0.0,0,0,0.0,0,0,0,0,0.0,0,0,0
1,188,1880.764,1884.197,4,sem_arma,sem_arma,0.0,0.0,0.0,0.0,0.0,0.0,0.0,0.0,0.0,3.033730573351287e-08,0.0,1.5589997124574355e-08,142.308,142.308,63.4312,63.4312,1.0,0.0,0.0,0.0,0.0,0.0,0.0,0.0,0.0,0.0,0.0,0.0,0.0,0.0,0.0,0.0,0.0,0,0,0.0,0,0,0,0,0.0,0,0,0
2,0,0.0,9.737,11,sem_arma,sem_arma,0.0,0.0,0.0,0.0,0.0,0.0,0.0,0.0,0.0,0.0,0.0,0.0,180.0,180.0,0.0,0.0,0.0,0.0,0.0,0.0,0.0,0.0,0.0,0.0,0.0,0.0,0.0,0.0,0.0,0.0,0.0,0.0,0.0,0,0,0.0,0,0,0,0,0.0,0,0,0
2,1,10.744,19.748,10,sem_arma,sem_arma,0.0,0.0,0.0,0.0,0.0,0.4136761000166261,1.6247077722045962,0.5305107126647323,0.4545564593073843,0.4522688049793458,0.0,0.4594401728431105,180.0,180.0,0.0,0.0,0.0,0.0,0.0,0.0,0.0,0.0,0.0,0.0,0.0,0.0,0.0,0.0,0.0,0.0,0.0,0.0,0.0,0,0,0.0,0,0,0,0,0.0,0,0,0
2,2,20.75,29.971,10,sem_arma,sem_arma,0.0,5.531888105064998,8.112008326715145,0.6097239761201652,4.119729798408812,0.15539438584097273,0.4770228959514812,0.17622690712598305,0.17529094251481475,0.19635173847551018,0.9650150344967994,0.2712457776602309,180.0,180.0,0.0,0.0,0.0,0.0,0.0,0.0,0.0,0.0,0.0,0.0,0.0,0.0,0.0,0.0,0.0,0.0,0.0,0.0,0.0,0,0,0.0,0,0,0,0,0.0,0,0,0
2,3,30.76,39.779,10,sem_arma,sem_arma,0.0,2.3609808292830947,7.424180888643364,-0.2622784938010946,2.410773472074777,0.1781887481178272,0.8667503232695759,0.3400443041370428,0.2624288975553314,0.2462499134652149,0.9425023503750187,0.26252669539959983,180.0,180.0,0.0,0.0,0.0,0.0,0.0,0.0,0.0,0.0,0.0,0.0,0.0,0.0,0.0,0.0,0.0,0.0,0.0,0.0,0.0,0,0,0.0,0,0,0,0,0.0,0,0,0
2,4,40.771,49.791,10,sem_arma,sem_arma,0.0,2.3990795351170706,4.645796776667302,-0.16788511178228704,2.780034947331139,0.4832267752380644,3.0545680263241257,0.9230542644617264,0.6769659695797997,0.8072690926843622,0.6643460421160899,0.6182534290784282,180.0,180.0,0.0,0.0,0.0,0.0,0.0,0.0,0.0,0.0,0.0,0.0,0.0,0.0,0.0,0.0,0.0,0.0,0.0,0.0,0.0,0,0,0.0,0,0,0,0,0.0,0,0,0
2,5,50.791,59.184,9,sem_arma,sem_arma,0.0,0.01116652846775363,0.10049875620978266,-0.06578286852691971,0.10049875620978266,0.2157867283076299,1.078503952735426,0.40671323621094063,0.2528512842855692,0.3342243032506278,0.39572810362668637,0.7025848287436781,180.0,180.0,0.0,0.0,0.0,0.0,0.0,0.0,0.0,0.0,0.0,0.0,0.0,0.0,0.0,0.0,0.0,0.0,0.0,0.0,0.0,0,0,0.0,0,0,0,0,0.0,0,0,0
2,6,60.198,69.206,10,sem_arma,sem_arma,0.0,1.8212588161879988,3.430037660806879,0.28469286835864716,2.2453648002378803,0.8906887871150234,2.217119366174503,0.8383025417914699,0.9376934316323785,0.707719912835102,0.30261094161254026,0.6377072181459569,180.0,180.0,0.0,0.0,0.0,0.0,0.0,0.0,0.0,0.0,0.0,0.0,0.0,0.0,0.0,0.0,0.0,0.0,0.0,0.0,0.0,0,0,0.0,0,0,0,0,0.0,0,0,0
2,7,70.201,79.254,10,sem_arma,sem_arma,0.0,1.3401892193815144,3.935169726390989,-0.28993382945884383,1.1681089262420916,0.4492322090939728,2.3888527127328882,0.8874113277177057,0.7003502662049074,0.70325871124676,0.1751482281612869,0.9152553646703359,180.0,180.0,0.0,0.0,0.0,0.0,0.0,0.0,0.0,0.0,0.0,0.0,0.0,0.0,0.0,0.0,0.0,0.0,0.0,0.0,0.0,0,0,0.0,0,0,0,0,0.0,0,0,0
2,8,80.25,89.268,10,sem_arma,sem_arma,0.0,1.7526853786072762,6.194586346230083,0.42834863404670304,3.477719081349377,0.7213858736177047,2.9721546455062082,1.0633298557853847,0.6130600339363214,0.4975109286233225,0.38009801555899003,0.5509995136578639,180.0,180.0,0.0,0.0,0.0,0.0,0.0,0.0,0.0,0.0,0.0,0.0,0.0,0.0,0.0,0.0,0.0,0.0,0.0,0.0,0.0,0,0,0.0,0,0,0,0,0.0,0,0,0
2,9,90.253,99.28,10,sem_arma,sem_arma,0.0,3.698441862099324,7.28519503829309,-0.3504769116142029,4.3180145978542015,0.5294485986091131,1.991342184260375,0.578220212057962,0.6659121542335369,0.6205050692919811,0.6635269275322409,0.8398452857129527,180.0,180.0,0.0,0.0,0.0,0.0,0.0,0.0,0.0,0.0,0.0,0.0,0.0,0.0,0.0,0.0,0.0,0.0,0.0,0.0,0.0,0,0,0.0,0,0,0,0,0.0,0,0,0
2,10,100.267,109.278,10,sem_arma,sem_arma,0.0,1.6209692519346874,3.5219324140044357,0.04107567923503206,2.9592020413886635,0.6758576767880283,1.6430885660834784,0.5826437806707592,0.8084328125693393,0.6600185981970066,0.5128131282246904,0.6686932909235166,180.0,180.0,0.0,0.0,0.0,0.0,0.0,0.0,0.0,0.0,0.0,0.0,0.0,0.0,0.0,0.0,0.0,0.0,0.0,0.0,0.0,0,0,0.0,0,0,0,0,0.0,0,0,0
2,11,110.284,119.309,10,sem_arma,sem_arma,0.0,1.0113770699956826,2.867875651807417,-0.11548146982905474,1.6925739713772,0.6120451004269313,2.313954643470373,0.7436074083936515,0.5345944335241425,0.6489871237668936,0.360112681476446,0.6484590085951375,180.0,180.0,0.0,0.0,0.0,0.0,0.0,0.0,0.0,0.0,0.0,0.0,0.0,0.0,0.0,0.0,0.0,0.0,0.0,0.0,0.0,0,0,0.0,0,0,0,0,0.0,0,0,0
2,12,120.31,129.34,10,sem_arma,sem_arma,0.0,0.0,0.0,0.0,0.0,0.007293517445084473,0.07293517445084473,0.023064127280638988,0.07366940213896445,0.1324031917572863,0.3289981081127251,0.37228035811897414,180.0,180.0,0.0,0.0,0.0,0.0,0.0,0.0,0.0,0.0,0.0,0.0,0.0,0.0,0.0,0.0,0.0,0.0,0.0,0.0,0.0,0,0,0.0,0,0,0,0,0.0,0,0,0
2,13,130.333,139.346,10,sem_arma,sem_arma,0.0,2.5968909071851423,4.508579431427681,0.32758359866096304,3.43991145034253,0.5215999785318922,2.213608526717674,0.6388969203474929,0.6035408163031616,0.5331540883404735,0.6536174241352825,0.5466140235026522,180.0,180.0,0.0,0.0,0.0,0.0,0.0,0.0,0.0,0.0,0.0,0.0,0.0,0.0,0.0,0.0,0.0,0.0,0.0,0.0,0.0,0,0,0.0,0,0,0,0,0.0,0,0,0
2,14,140.346,149.355,10,sem_arma,sem_arma,0.0,2.624819336317451,6.746060924336907,-0.10089372153212009,6.692520758270741,0.19743241623255195,1.066825497255267,0.3204071688938445,0.23145713305083362,0.2039942306012314,0.6084084125486517,0.3126374801154164,180.0,180.0,0.0,0.0,0.0,0.0,0.0,0.0,0.0,0.0,0.0,0.0,0.0,0.0,0.0,0.0,0.0,0.0,0.0,0.0,0.0,0,0,0.0,0,0,0,0,0.0,0,0,0
2,15,150.357,159.366,10,sem_arma,sem_arma,0.0,0.7566272411569261,1.833043182012474,-0.11930491392878846,1.055105214798477,0.5576054848316686,1.639640418981668,0.6042726181059765,0.721075567182116,0.5748378415722679,0.7056718467015102,0.48138302478032713,180.0,180.0,0.0,0.0,0.0,0.0,0.0,0.0,0.0,0.0,0.0,0.0,0.0,0.0,0.0,0.0,0.0,0.0,0.0,0.0,0.0,0,0,0.0,0,0,0,0,0.0,0,0,0
2,16,160.382,169.376,10,sem_arma,sem_arma,0.0,0.0,0.0,-0.12072113748998689,0.0,1.488689979953859e-08,1.5066897061524426e-08,1.015030845748301e-10,0.06641577878988185,0.2400322805311522,0.47016005296790214,0.4777475120422838,180.0,180.0,0.0,0.0,0.0,0.0,0.0,0.0,0.0,0.0,0.0,0.0,0.0,0.0,0.0,0.0,0.0,0.0,0.0,0.0,0.0,0,0,0.0,0,0,0,0,0.0,0,0,0
2,17,170.378,179.391,10,sem_arma,sem_arma;MakarovIJ70,0.3,0.6017132957506748,3.2514986221782856,0.2782548628495419,3.264556849576592,0.4654156987124596,1.5321353194098513,0.6266278028673015,0.4095908600639703,0.2951027291582024,0.5761369134687854,0.2459046641201769,180.0,180.0,0.0,0.0,0.0,0.0,0.0,0.0,0.0,0.0,0.0,0.0,0.0,0.0,0.0,0.0,0.0,0.0,0.0,0.0,0.0,0,0,0.0,0,0,0,0,0.0,0,0,0
2,18,180.402,189.409,10,sem_arma,sem_arma,0.0,3.666730596583006,7.510760653874218,0.4793984828107437,3.5517695019438627,0.4310123880411302,1.2918015528822104,0.4529807839982549,0.5478673806894889,0.49136454330499674,0.8309435687759142,0.5717088047962761,180.0,180.0,0.0,0.0,0.0,0.0,0.0,0.0,0.0,0.0,0.0,0.0,0.0,0.0,0.0,0.0,0.0,0.0,0.0,0.0,0.0,0,0,0.0,0,0,0,0,0.0,0,0,0
2,19,190.448,199.42,10,sem_arma,sem_arma,0.0,2.3265971973990545,6.8356720034195,-0.4961073372043755,1.9029628343707157,0.6914330163280211,2.1339366244207816,0.7790828065321194,0.5825423764152828,0.6741841109567968,0.8934495393704778,0.6091750638971918,180.0,180.0,0.0,0.0,0.0,0.0,0.0,0.0,0.0,0.0,0.0,0.0,0.0,0.0,0.0,0.0,0.0,0.0,0.0,0.0,0.0,0,0,0.0,0,0,0,0,0.0,0,0,0
2,20,200.419,209.424,10,sem_arma,sem_arma,0.0,1.2501328390966833,4.122374431020395,-0.2236013501043816,1.8994639439453342,0.13415196934330542,0.42395587322131634,0.1479920472957862,0.2745991089899682,0.3490875455942702,0.7367383936574609,0.5703729972229571,180.0,180.0,0.0,0.0,0.0,0.0,0.0,0.0,0.0,0.0,0.0,0.0,0.0,0.0,0.0,0.0,0.0,0.0,0.0,0.0,0.0,0,0,0.0,0,0,0,0,0.0,0,0,0
2,21,210.421,219.444,10,sem_arma,sem_arma,0.0,0.9048517027405671,3.12570352835978,0.010065199940059276,2.4327128923025905,0.4534275753511289,2.187780195033269,0.7576574954403251,0.43755603708398044,0.5955961950340707,0.40000038926244874,0.5895203409832456,180.0,180.0,0.0,0.0,0.0,0.0,0.0,0.0,0.0,0.0,0.0,0.0,0.0,0.0,0.0,0.0,0.0,0.0,0.0,0.0,0.0,0,0,0.0,0,0,0,0,0.0,0,0,0
2,22,220.438,229.441,10,sem_arma,sem_arma,0.0,828.8808805269291,8279.547060441775,-1.3084020111614323,8329.52420567583,0.40943708480127883,1.291329627615198,0.5045243847935235,0.20205848049653063,0.17668471413739012,0.9984536968849775,0.42292329199027145,57.084540000000004,26.9559,81.28558799999999,200.404,1.0,0.0,0.6,0.0,0.0,0.0,0.0,0.0,0.0,0.0,0.0,0.0,0.0,0.0,0.0,0.0,0.0,0,0,0.0,0,0,0,0,0.0,0,0,0
2,23,230.446,239.466,10,sem_arma,sem_arma;MakarovIJ70,0.3,1.684245559106617,3.0910376193154323,-0.3353443864801681,1.2085503731735658,0.22600814637486724,0.9914288552011196,0.2986388716228948,0.3698385393501225,0.3510402819396102,0.9960104617050158,0.4600091523572202,23.608984,7.46164,50.322747,201.438,1.0,0.0,0.8,0.0,0.0,0.0,0.0,0.0,0.0,0.0,0.0,0.0,0.0,0.0,0.0,0.0,0.0,0,0,0.0,0,0,0,0,0.0,0,0,0
2,24,240.459,249.476,10,sem_arma,sem_arma,0.0,0.7446573271166531,3.58763466616292,0.3286211516305509,1.933466462293167,0.29273936965112535,2.0299053606956696,0.6269080838858909,0.4757707474133096,0.5747683826799085,0.44573537719232464,0.4718402591252743,27.250874,4.77844,109.40239,201.492,1.0,0.3,0.0,0.3,0.0,0.0,2.0069999999999997,0.0,0.0,0.0,0.0,0.0,0.0,0.0,0.0,0.0,0.0,0,0,0.0,0,0,0,0,0.0,0,0,0
2,25,250.488,259.496,10,sem_arma,sem_arma,0.0,1.3931260137177988,4.068704188484411,0.045609621144732326,4.036412885401201,0.17170212962175344,0.9619068314377897,0.32504873540653867,0.32060412253612186,0.29528357969510866,0.2253003609321363,0.47049605029449404,23.809618,8.43058,13.210585,15.6686,1.0,0.0,0.7,0.0,0.0,0.0,0.0,0.0,0.0,0.0,0.0,0.0,0.0,0.0,0.0,0.0,0.0,0,0,0.0,0,0,0,0,0.0,0,0,0
2,26,260.495,269.503,10,MakarovIJ70,sem_arma;MakarovIJ70,0.9,2.634023383184741,5.450880209726302,-0.032155968417952575,3.859820490886405,0.9563962340604295,2.4913967030307007,0.8672902199291436,0.7540101496282413,0.6577102000784841,0.4754283944220634,0.5815302404471653,35.44169,14.1042,48.051049,224.428,1.0,0.0,0.7,0.0,0.0,0.0,0.0,0.0,0.0,0.0,0.0,0.0,0.0,0.0,0.0,0.0,0.0,0,0,0.0,0,0,0,0,0.0,0,0,0
2,27,270.503,279.509,10,MakarovIJ70,MakarovIJ70;sem_arma,0.6,4.516972039065713,6.711918894008676,-0.3731247180747813,4.775822279730644,0.6221660484441004,1.850194287317592,0.62185781014071,0.6343732887457427,0.5382355423626375,0.6213795033683355,0.7479415864578327,43.554739999999995,12.3221,52.672906,247.031,1.0,0.0,0.8,0.0,0.0,0.0,0.0,0.0,0.0,0.0,0.0,0.0,0.0,0.0,0.0,0.0,0.0,0,0,0.0,0,0,0,0,0.0,0,0,0
2,28,280.519,289.523,10,sem_arma,sem_arma,0.0,1.942283730922684,4.208968935644881,-0.005659453157709199,2.5631623868803857,0.894346581098973,2.608647098668793,0.9542685903220498,0.7099069683895357,0.8675853017579737,0.7282626427785682,0.9564284686929462,35.862049999999996,13.4475,101.178463,245.933,1.0,0.0,0.6,0.0,0.0,0.0,0.0,0.0,0.0,0.0,0.0,0.0,0.0,0.0,0.0,0.0,0.0,0,0,0.0,0,0,0,0,0.0,0,0,0
2,29,290.525,299.535,10,sem_arma,sem_arma,0.0,0.8446849368153675,3.4643822271450713,-0.0021797529803643466,1.7127835616540088,0.6380792717496593,3.143115431840738,1.0499607389684278,1.1191211390326818,0.9430283878370485,0.5583041663162008,0.9690234387735381,38.53137,21.0474,95.4786,236.592,1.0,0.0,0.0,0.0,0.0,0.0,0.0,0.0,0.0,0.0,0.0,0.0,0.0,0.0,0.0,0.0,0.0,0,0,0.0,0,0,0,0,0.0,0,0,0
2,30,300.532,309.554,10,sem_arma,sem_arma,0.0,3.7983312978480983,6.682009717058834,0.300716476153495,2.8190511490138848,0.9073640649933447,1.906532761609206,0.712739501202522,0.49757133709093404,0.5835652578472881,0.3558606736047131,0.7266815623964065,44.55245,6.3807,121.58496,255.617,1.0,0.0,0.1,0.0,0.0,0.0,0.0,0.0,0.0,0.0,0.0,0.0,0.0,0.0,0.0,0.0,0.0,0,0,0.0,0,0,0,0,0.0,0,0,0
2,31,310.558,319.559,10,sem_arma,sem_arma,0.0,2.3056209296467696,6.644255240644474,-0.08655373989743279,3.6304096199157105,0.15974696577000305,0.8336943805293519,0.24405948176245737,0.25120996210238833,0.3616158583830404,0.3670370980009183,0.5877112830752032,4.685630000000001,2.27864,273.6937,289.653,1.0,0.7,0.0,0.7,0.0,0.0,4.006,0.0,0.0,0.0,0.0,0.0,0.0,0.0,0.0,0.0,0.0,0,0,0.0,0,0,0,0,0.0,0,0,0
2,32,320.567,329.583,10,sem_arma,sem_arma,0.0,0.6774167413708568,2.2382263330723964,-0.19271775623291892,0.7199326179865099,0.07500128258204788,0.3567218205846953,0.10210816490295725,0.05373863841438693,0.04759048087875852,0.4622911624460023,0.05622805587676362,10.865933,2.52414,287.6904,292.352,1.0,0.2,0.0,0.2,0.0,0.0,1.008,0.0,0.0,0.0,0.0,0.0,0.0,0.0,0.0,0.0,0.0,0,0,0.0,0,0,0,0,0.0,0,0,0
2,33,330.591,339.592,10,sem_arma,sem_arma,0.0,4.048877047310547,6.789728815270205,0.6592497572830354,2.54843354711767,0.510420190338409,2.558699700469982,0.8620402656248722,0.5664730892345073,0.6862816319082389,0.5740168109701707,0.6252428803230572,19.225276,3.07549,103.66398999999998,287.926,1.0,0.2,0.7,0.0,0.0,0.0,0.0,0.0,0.0,0.0,0.0,0.0,0.0,0.0,0.0,0.0,0.0,0,0,0.0,0,0,0,0,0.0,0,0,0
2,34,340.59,349.783,10,sem_arma,sem_arma,0.0,3.0516972329515455,6.151521239684785,-0.6567763837998499,2.2531452585857554,0.05756505306327232,0.26372399307424166,0.09724354150695166,0.046603022224915185,0.06623598059696575,0.8302640329507429,0.3685661870103,34.010611,7.33141,8.701662,17.7047,1.0,0.0,0.6,0.0,0.0,0.0,0.0,0.0,0.0,0.0,0.0,0.0,0.0,0.0,0.0,0.0,0.0,0,0,0.0,0,0,0,0,0.0,0,0,0
2,35,350.791,359.803,10,sem_arma,sem_arma;MakarovIJ70,0.4,0.6060737129866923,3.9514037117877776,0.010513369523312721,2.549059397840622,0.20874473231404983,1.8492255861266462,0.5810687566467767,0.36984511518701013,0.41603946874665027,0.8600144217507694,0.5802172996389374,47.72679,35.4126,305.7884,311.236,1.0,0.0,0.0,0.0,0.0,0.0,0.0,0.0,0.0,0.0,0.0,0.0,0.0,0.0,0.0,0.0,0.0,0,0,0.0,0,0,0,0,0.0,0,0,0
2,36,360.799,369.81,10,MakarovIJ70,MakarovIJ70,1.0,0.195140670832809,1.9514067083280902,0.19612127721890354,1.9612127721890353,0.25787154940751333,2.578715304638711,0.8154613733232119,0.25787152868730046,0.11532368565024091,0.8322569310331653,0.0890663830721297,53.224720000000005,48.9033,302.5636,304.276,1.0,0.0,0.0,0.0,0.0,0.0,0.0,0.0,0.0,0.0,0.0,0.0,0.0,0.0,0.0,0.0,0.0,0,0,0.0,0,0,0,0,0.0,0,0,0
2,37,370.819,379.813,10,MakarovIJ70,MakarovIJ70,1.0,0.6930153338616053,3.797671177877563,-0.19667736777600175,2.59904530706869,0.2500197515567305,1.2309525648625945,0.4341431765177042,0.26528160778262555,0.5332427764456851,0.6772334463218268,0.8052335056179052,99.61572,81.4652,2.0476199999999998,2.9539,1.0,0.0,1.0,0.0,0.0,0.0,0.0,0.0,0.0,0.0,0.0,0.0,0.0,0.0,0.0,0.0,0.0,0,0,0.0,0,0,0,0,0.0,0,0,0
2,38,380.82,389.835,10,MakarovIJ70,MakarovIJ70,1.0,0.0,0.0,0.0,0.0,4.1237944144717244e-08,1.0036147401543763e-07,5.024956865301655e-08,5.668613629913105e-08,5.066173376881185e-08,0.7458918744407145,0.04742664031936282,49.44108,36.5746,2.908235,3.05762,1.0,0.0,0.7,0.0,0.0,0.0,0.0,0.0,0.0,0.0,0.0,0.0,0.0,0.0,0.0,0.0,0.0,0,0,0.0,0,0,0,0,0.0,0,0,0
2,39,390.842,399.866,10,MakarovIJ70,MakarovIJ70,1.0,0.22287596711672886,1.6450794183816475,0.0013589650219666184,1.0645929444292943,0.09758239429646606,0.9071297631408178,0.28526402210180213,0.18142595262816358,0.2002122837053956,0.6962617886704534,0.14279159064929312,47.15609,32.8624,64.45687600000001,311.129,1.0,0.0,0.7,0.0,0.0,0.0,0.0,0.0,0.0,0.0,0.0,0.0,0.0,0.0,0.0,0.0,0.0,0,0,0.0,0,0,0,0,0.0,0,0,0
2,40,400.963,409.978,10,MakarovIJ70,MakarovIJ70,1.0,0.0,0.0,0.0,0.0,0.0,0.0,0.0,0.0,0.0030720971148941903,0.9987044041280722,0.14480431175330633,33.24557,19.8245,97.729151,309.082,1.0,0.0,0.7,0.0,0.0,0.0,0.0,0.0,0.0,0.0,0.0,0.0,0.0,0.0,0.0,0.0,0.0,0,0,0.0,0,0,0,0,0.0,0,0,0
2,41,410.977,419.987,10,MakarovIJ70,MakarovIJ70,1.0,0.0,0.0,0.0,0.0,0.0,0.0,0.0,0.0,0.0,0.5993508464856525,0.0,21.62311,21.6051,8.139676,8.14225,1.0,0.0,1.0,0.0,0.0,0.0,0.0,0.0,0.0,0.0,0.0,0.0,0.0,0.0,0.0,0.0,0.0,0,0,0.0,0,0,0,0,0.0,0,0,0
2,42,420.992,429.998,10,MakarovIJ70,MakarovIJ70,1.0,0.0,0.0,0.0,0.0,0.2430561588495443,1.5550022561787777,0.5245048899963021,0.3110004486522152,0.2444316360295608,0.0,0.1848868633970468,35.49528,11.9861,124.628701,314.492,1.0,0.0,0.6,0.0,0.0,0.0,0.0,0.0,0.0,0.0,0.0,0.0,0.0,0.0,0.0,0.0,0.0,0,0,0.0,0,0,0,0,0.0,0,0,0
2,43,430.996,439.231,9,MakarovIJ70,MakarovIJ70,1.0,49.38284605054328,444.4456144548895,-31.95053034193157,301.11491494233707,2.5810030837541315e-08,3.418485864836801e-08,4.1761954133894e-09,3.816438896845519e-09,0.1548512429389326,0.666666657881136,0.40465670005899185,119.64636666666667,72.2081,534.9266666666667,655.236,1.0,0.0,0.0,0.0,0.0,0.0,0.0,0.0,0.0,0.0,0.0,0.0,0.0,0.0,0.0,0.0,0.0,0,0,0.0,0,0,0,0,0.0,0,0,0
2,44,440.24,449.251,10,MakarovIJ70,MakarovIJ70,1.0,0.0,0.0,0.0,0.0,2.5786536899818832e-08,2.7515531214837796e-08,8.955618362741229e-10,8.731528238849182e-10,7.729615431213186e-10,0.999999986821704,2.3260111562274126e-09,144.1284,143.455,658.0794,659.304,1.0,0.0,0.0,0.0,0.0,0.0,0.0,0.0,0.0,0.0,0.0,0.0,0.0,0.0,0.0,0.0,0.0,0,0,0.0,0,0,0,0,0.0,0,0,0
2,45,450.265,459.619,10,MakarovIJ70,MakarovIJ70,1.0,0.0,0.0,0.0,0.0,2.5104857391000496e-08,2.620260739037345e-08,2.1529111632181656e-09,1.5984116001356708e-09,1.6435253500911077e-09,0.3999999947286816,1.2930973300557806e-09,144.3863,144.365,659.4144,659.584,1.0,0.0,0.0,0.0,0.0,0.0,0.0,0.0,0.0,0.0,0.0,0.0,0.0,0.0,0.0,0.0,0.0,0,0,0.0,0,0,0,0,0.0,0,0,0
2,46,460.663,469.634,10,MakarovIJ70,MakarovIJ70,1.0,0.0,0.0,0.0,0.0,2.577888090210354e-08,2.6717979585422207e-08,4.758962910238939e-10,4.276480536865862e-10,4.0441740373852967e-10,0.0,1.334407249857372e-09,143.7495,143.441,658.2039,662.358,1.0,0.0,0.0,0.0,0.0,0.0,0.0,0.0,0.0,0.0,0.0,0.0,0.0,0.0,0.0,0.0,0.0,0,0,0.0,0,0,0,0,0.0,0,0,0
2,47,470.628,479.682,10,MakarovIJ70,MakarovIJ70,1.0,0.0,0.0,0.0,0.0,2.5691777208359565e-08,2.5991508841407706e-08,3.907379947191994e-10,4.588324874941285e-10,3.416099047716068e-10,0.0,3.267841114950839e-10,143.5399,143.441,656.3527,656.47,1.0,0.0,0.0,0.0,0.0,0.0,0.0,0.0,0.0,0.0,0.0,0.0,0.0,0.0,0.0,0.0,0.0,0,0,0.0,0,0,0,0,0.0,0,0,0
2,48,480.682,489.688,10,MakarovIJ70,MakarovIJ70,1.0,1.4848028556468007,5.778919128065574,-0.0007353791266815457,4.33993369546068,0.49862187888041787,2.0165117904718266,0.8384020980654423,0.6400280425176152,0.656524719546449,0.4126535806524231,0.717239026714328,119.45926,28.1672,527.8704,656.0,1.0,0.0,0.0,0.0,0.0,0.0,0.0,0.0,0.0,0.0,0.0,0.0,0.0,0.0,0.0,0.0,0.0,0,0,0.0,0,0,0,0,0.0,0,0,0
2,49,490.692,499.709,10,sem_arma,MakarovIJ70;sem_arma,0.1,0.0,0.0,0.0,0.0,0.0,0.0,0.0,0.0,0.0,0.34650782031441985,0.2171154289816896,133.9447,133.314,476.8514,478.176,1.0,0.0,0.0,0.0,0.0,0.0,0.0,0.0,0.0,0.0,0.0,0.0,0.0,0.0,0.0,0.0,0.0,0,0,0.0,0,0,0,0,0.0,0,0,0
2,50,500.712,509.714,10,sem_arma,sem_arma,0.0,0.0,0.0,0.0,0.0,0.0,0.0,0.0,0.0,0.0,0.2711008519155088,0.0,133.38569999999999,133.093,471.8068,475.913,1.0,0.0,0.0,0.0,0.0,0.0,0.0,0.0,0.0,0.0,0.0,0.0,0.0,0.0,0.0,0.0,0.0,0,0,0.0,0,0,0,0,0.0,0,0,0
2,51,510.721,519.734,10,sem_arma,sem_arma,0.0,1.6676397192807204,4.088489888787451,-0.009830507193676308,2.709564977241264,0.1541520440054734,0.40499997673729704,0.14780674371937585,0.14917140190441452,0.1310234960172272,0.8937602298946571,0.11173912209638044,155.44819999999999,133.849,534.964,665.937,1.0,0.0,0.0,0.0,0.0,0.0,0.0,0.0,0.0,0.0,0.0,0.0,0.0,0.0,0.0,0.0,0.0,0,0,0.0,0,0,0,0,0.0,0,0,0
2,52,520.737,529.744,10,sem_arma,sem_arma,0.0,0.0,0.0,-0.004975441030195456,0.0,0.0,0.0,0.0,0.0003814385573714321,0.029997280214370186,0.9879433530415289,0.09886221521319125,162.51000000000002,161.848,660.2131999999999,665.937,1.0,0.0,0.0,0.0,0.0,0.0,0.0,0.0,0.0,0.0,0.0,0.0,0.0,0.0,0.0,0.0,0.0,0,0,0.0,0,0,0,0,0.0,0,0,0
2,53,530.743,539.756,10,sem_arma,sem_arma,0.0,0.0,0.0,0.0,0.0,0.0,0.0,0.0,0.0,0.0,0.7898230388630367,1.5247987819516176e-09,165.0659,164.51,634.1013,646.666,1.0,0.0,0.0,0.0,0.0,0.0,0.0,0.0,0.0,0.0,0.0,0.0,0.0,0.0,0.0,0.0,0.0,0,0,0.0,0,0,0,0,0.0,0,0,0
2,54,540.847,549.287,9,sem_arma,sem_arma,0.0,5.362262284553975,7.431961565466107,0.5278817777703422,5.112119446214905,0.6691987314060166,2.5691101110057457,0.7871265771655995,0.4911613096763079,0.31764810533185334,0.9683770568051706,0.2758930255178282,121.4202111111111,58.2036,617.8954444444445,665.52,1.0,0.0,0.0,0.0,0.0,0.0,0.0,0.0,0.0,0.0,0.0,0.0,0.0,0.0,0.0,0.0,0.0,0,0,0.0,0,0,0,0,0.0,0,0,0
2,55,550.292,559.408,10,sem_arma,sem_arma,0.0,3.492370266566836,4.202545330117876,-0.10043477366621419,1.454545671368445,0.39251898115048955,1.7937691344450004,0.6891996617164877,0.6150802068194521,0.7523052082755084,0.7461789071539571,0.8271059995416069,77.246449,2.39719,641.3183,663.6,1.0,0.1,0.0,0.1,0.0,0.0,0.0,0.0,0.0,0.1,0.0,0.0,0.0,0.0,0.0,0.0,0.0,0,0,0.0,0,0,0,0,0.0,0,0,0
2,56,560.356,569.37,10,sem_arma,sem_arma,0.0,2.1794380463035603,3.7636766704737923,0.2228251074201358,2.393730223238324,0.515225120434369,1.697741386773775,0.6244779799789907,0.8272745238405623,0.6486227610154184,0.5705433099172873,0.668359216489222,49.783069999999995,2.82923,620.8857,646.648,1.0,0.1,0.0,0.1,0.0,0.0,0.0,0.0,0.0,0.1,0.0,0.0,0.0,0.0,0.0,0.0,0.0,0,0,0.0,0,0,0,0,0.0,0,0,0
2,57,570.37,579.496,10,sem_arma,sem_arma,0.0,5.85400730596717,6.957115521549556,0.02493993476727887,1.4586400299525117,0.6827779429110888,1.6636314327454655,0.5099474753661465,0.5505696700681824,0.45804198100521176,0.3681214768983518,0.5394399872165895,120.63478,20.1212,572.1681000000001,684.705,1.0,0.0,0.0,0.0,0.0,0.0,0.0,0.0,0.0,0.0,0.0,0.0,0.0,0.0,0.0,0.0,0.0,0,0,0.0,0,0,0,0,0.0,0,0,0
2,58,580.499,589.506,10,sem_arma,sem_arma,0.0,1.5656425053651426,3.89936856334061,-0.022613321161189477,3.34516199081304,0.733537219390024,2.4527058814724483,0.774661622879188,0.9831663732019933,0.8151172318608527,0.5028771808834099,0.6659234542835037,54.066058,1.33457,657.2246,688.468,1.0,0.2,0.0,0.2,0.0,0.0,0.0,0.0,0.0,0.2,0.0,0.0,0.0,0.0,0.0,0.0,0.0,0,0,0.0,0,0,0,0,0.0,0,0,0
2,59,590.509,599.519,10,sem_arma,sem_arma,0.0,1.021986712359633,1.9274167214913995,-0.21690396237019796,1.0158572442586622,0.9398529698004812,1.9108284532686415,0.6792477300652092,0.7338987479090356,0.5056710853871623,0.35640223361414936,0.6937980193571629,79.097718,1.64378,637.6938,677.749,1.0,0.1,0.0,0.1,0.0,0.0,0.0,0.0,0.0,0.1,0.0,0.0,0.0,0.0,0.0,0.0,0.0,0,0,0.0,0,0,0,0,0.0,0,0,0
2,60,600.513,609.524,10,sem_arma,sem_arma,0.0,1.151717819927659,2.6427011906671685,-0.12835129704804196,1.1810557943520148,0.7435803689386993,2.3932287574241413,0.8056328025882776,0.6976869684196046,0.6707499324744062,0.1802763623691046,0.6779492949604282,129.55248,34.4605,574.2533000000001,677.235,1.0,0.0,0.0,0.0,0.0,0.0,0.0,0.0,0.0,0.0,0.0,0.0,0.0,0.0,0.0,0.0,0.0,0,0,0.0,0,0,0,0,0.0,0,0,0
2,61,610.547,619.615,10,sem_arma,sem_arma,0.0,1.1976152501292954,3.795574336998536,0.2064502294084928,2.846658274627203,0.35143535814826304,0.9773981054675349,0.3460975223569341,0.4506668331766216,0.3092549639514188,0.2510924945106563,0.4893039703864561,152.791,109.596,638.9489,676.58,1.0,0.0,0.0,0.0,0.0,0.0,0.0,0.0,0.0,0.0,0.0,0.0,0.0,0.0,0.0,0.0,0.0,0,0,0.0,0,0,0,0,0.0,0,0,0
2,62,620.627,629.622,10,sem_arma,sem_arma,0.0,1.6089946404365159,5.574768192214149,0.30014256070927475,3.080721510503712,0.407260360561753,1.6546245989635227,0.5473708459554789,0.3021910995918832,0.33248188572932735,0.4266722307305478,0.34663889013046695,125.75357999999999,22.385,561.3149000000001,563.419,1.0,0.0,0.0,0.0,0.0,0.0,0.0,0.0,0.0,0.0,0.0,0.0,0.0,0.0,0.0,0.0,0.0,0,0,0.0,0,0,0,0,0.0,0,0,0
2,63,630.632,639.643,10,sem_arma,sem_arma,0.0,0.7884584766265597,2.5309869996596714,-0.5035381078156292,0.9950856201318502,0.39955119246918913,2.424474894196343,0.8388994562469996,0.5501774755160795,0.6248270767250006,0.3679094326387587,0.8135644599949542,33.808499999999995,23.9867,559.5684,651.683,1.0,0.0,0.0,0.0,0.0,0.0,0.0,0.0,0.0,0.0,0.0,0.0,0.0,0.0,0.0,0.0,0.0,0,0,0.0,0,0,0,0,0.0,0,0,0
2,64,640.64,649.648,10,sem_arma,sem_arma,0.0,0.5070707779353544,3.0188754709687218,0.2044838597668212,3.01284977142587,0.23762398545656988,1.3806311251053731,0.4906353009834824,0.2669289067799342,0.16848457168542022,0.5831951369972399,0.2575042016036625,57.55905,25.6749,549.3386,553.464,1.0,0.0,0.0,0.0,0.0,0.0,0.0,0.0,0.0,0.0,0.0,0.0,0.0,0.0,0.0,0.0,0.0,0,0,0.0,0,0,0,0,0.0,0,0,0
2,65,650.656,659.661,10,sem_arma,sem_arma,0.0,3.5045777360592956,4.117524112829566,0.20483724923596247,1.1779017467532564,0.43163411905939464,2.563385756074781,0.771668079424597,0.6493607937258112,0.6640588218814555,0.5133503136187803,0.5953755363600128,99.04896,12.8661,566.394,647.243,1.0,0.0,0.0,0.0,0.0,0.0,0.0,0.0,0.0,0.0,0.0,0.0,0.0,0.0,0.0,0.0,0.0,0,0,0.0,0,0,0,0,0.0,0,0,0
2,66,660.667,669.703,10,sem_arma,sem_arma,0.0,3.755231914464228,7.017684262752024,0.1233075498391983,4.761931990578447,0.6027243452812663,1.772773509621356,0.6172069254749158,0.6662962437226274,0.6367612035819264,0.24391060422752084,0.749727460958635,85.46291,25.832,542.573,548.478,1.0,0.0,0.0,0.0,0.0,0.0,0.0,0.0,0.0,0.0,0.0,0.0,0.0,0.0,0.0,0.0,0.0,0,0,0.0,0,0,0,0,0.0,0,0,0
2,67,670.677,679.694,10,sem_arma,sem_arma,0.0,1.534405184590788,3.903945039838933,-0.14515460059639956,3.167132718738666,0.4996297904778116,1.2031277569112904,0.5281970121607713,0.6725039978571182,0.5595520092713617,0.6894145875258471,0.5404656753348884,66.96771,20.3024,527.8025,528.965,1.0,0.0,0.0,0.0,0.0,0.0,0.0,0.0,0.0,0.0,0.0,0.0,0.0,0.0,0.0,0.0,0.0,0,0,0.0,0,0,0,0,0.0,0,0,0
2,68,680.711,689.821,10,sem_arma,sem_arma,0.0,2.9917070026692683,4.217513614261654,-0.1883569339049008,2.4719194544743672,0.3727547871162856,2.0885993566016845,0.6205275179212599,0.6522357924783128,0.5007244259529613,0.590566488573687,0.5117328224531106,123.84988000000001,34.9193,567.0719,615.749,1.0,0.0,0.0,0.0,0.0,0.0,0.0,0.0,0.0,0.0,0.0,0.0,0.0,0.0,0.0,0.0,0.0,0,0,0.0,0,0,0,0,0.0,0,0,0
2,69,690.825,699.064,9,sem_arma,sem_arma,0.0,6.330820237468251,7.315125767640738,0.3249728013218567,3.1506383846164057,0.08502987227440528,0.7652552884148554,0.25508453109210133,0.16829404367081588,0.30659135921906483,0.4297326144206785,0.5613069666876979,5.1470255555555555,4.56948,560.8233333333333,595.178,1.0,0.4444444444444444,0.0,0.4444444444444444,0.0,0.0,2.999,0.0,0.0,0.4444444444444444,0.0,2.999,0.0,0.0,0.0,0.0,0.0,0,0,0.0,0,0,0,0,0.0,0,0,0
2,70,700.068,709.076,10,sem_arma,sem_arma,0.0,4.431709649529013,6.928737427558188,-0.2310686410547655,3.361488927738298,0.5985520525723288,1.609801153049968,0.627600063457783,0.3219602291287649,0.4960417346532685,0.733019561638953,0.5636936879195406,52.895399999999995,22.7266,491.2204,520.971,1.0,0.0,0.0,0.0,0.0,0.0,0.0,0.0,0.0,0.0,0.0,0.0,0.0,0.0,0.0,0.0,0.0,0,0,0.0,0,0,0,0,0.0,0,0,0
2,71,710.081,719.084,10,sem_arma,sem_arma,0.0,3.934384903679881,6.659233559020572,0.4347127543489712,1.9093621187791856,0.16939345094055713,0.9727026271263377,0.31638909676671517,0.2715337509405074,0.17626299859520456,0.906459718214825,0.35717889141156656,23.399814,1.96782,468.45349999999996,495.767,1.0,0.1,0.0,0.1,0.0,0.0,0.0,0.0,0.0,0.1,0.0,0.0,0.0,0.0,0.0,0.0,0.0,0,0,0.0,0,0,0,0,0.0,0,0,0
2,72,720.114,729.137,10,sem_arma,sem_arma,0.0,5.240555690425887,6.820421244102342,-0.3565798315903651,0.40598303296973876,0.24846444479122304,0.7631965669790528,0.2852785187580476,0.10623737778722245,0.19204596403258006,0.9326143941254317,0.29309028620035854,30.619227000000002,2.11868,413.5508,450.266,1.0,0.1,0.0,0.1,0.0,0.0,0.0,0.0,0.0,0.1,0.0,0.0,0.0,0.0,0.0,0.0,0.0,0,0,0.0,0,0,0,0,0.0,0,0,0
2,73,730.146,739.161,10,sem_arma,sem_arma,0.0,3.689442689715482,4.216454663622259,0.10299533817038901,0.9041620949213895,0.5385083319148968,2.3494668341481946,0.7155145809620376,0.5148604609798698,0.5773671634396883,0.8962199455782794,0.6669683064696716,79.73002,32.3475,395.8138,411.431,1.0,0.0,0.0,0.0,0.0,0.0,0.0,0.0,0.0,0.0,0.0,0.0,0.0,0.0,0.0,0.0,0.0,0,0,0.0,0,0,0,0,0.0,0,0,0
2,74,740.162,749.256,10,sem_arma,sem_arma,0.0,0.8965573477376616,2.9453904211565596,-0.4194622929062327,2.622801326702333,0.46170782928444903,1.3874385202487576,0.5840651319785453,0.7007973530840521,0.5429373552553431,0.8449593475616396,0.5013615196229302,98.45572899999999,2.49669,362.2817,381.278,1.0,0.2,0.0,0.2,0.0,0.0,0.999,0.0,0.0,0.2,0.0,0.999,0.0,0.0,0.0,0.0,0.0,0,0,0.0,0,0,0,0,0.0,0,0,0
2,75,750.256,759.264,10,sem_arma,sem_arma;MKII,0.4,1.2745424375792855,4.077437238696314,0.4072766244140561,1.6295947011256766,0.41414347893210657,1.3241964471324736,0.48341587098256233,0.40560417319935815,0.2807909832363057,0.6566709354546194,0.44867206716374186,137.80501999999998,54.0962,361.3388,382.865,1.0,0.0,0.0,0.0,0.0,0.0,0.0,0.0,0.0,0.0,0.0,0.0,0.0,0.0,0.0,0.0,0.0,0,0,0.0,0,0,0,0,0.0,0,0,0
2,76,760.296,769.316,10,sem_arma,sem_arma,0.0,2.804051245725149,6.579014623007032,-0.398137450203884,3.043487088095716,0.6617586061488134,2.0677653268460943,0.8323318433985848,0.4833101244304693,0.5602068076858618,0.35294785558021047,0.7016771161928744,64.345297,4.11037,370.6794,381.65,1.0,0.1,0.0,0.1,0.0,0.0,0.0,0.0,0.0,0.1,0.0,0.0,0.0,0.0,0.0,0.0,0.0,0,0,0.0,0,0,0,0,0.0,0,0,0
2,77,770.314,779.546,10,sem_arma,sem_arma,0.0,0.0,0.0,0.0,0.0,1.4611971712150947e-08,1.5128082430302188e-08,8.042456128619014e-10,6.412850738291643e-10,0.011377601416054678,0.5391101033622514,0.23107456514068142,54.41893,54.0012,364.89009999999996,367.958,1.0,0.0,0.0,0.0,0.0,0.0,0.0,0.0,0.0,0.0,0.0,0.0,0.0,0.0,0.0,0.0,0.0,0,0,0.0,0,0,0,0,0.0,0,0,0
2,78,780.54,789.562,10,sem_arma,sem_arma,0.0,1.1221271157797146,4.293469218764205,0.0034918583602685403,4.20755236675221,0.3087641592364534,1.2493564216662383,0.5060196864437089,0.24987128150048304,0.37771468222512306,0.7255708252940911,0.37579512742300775,105.84631999999999,55.4192,353.9117,363.226,1.0,0.0,0.0,0.0,0.0,0.0,0.0,0.0,0.0,0.0,0.0,0.0,0.0,0.0,0.0,0.0,0.0,0,0,0.0,0,0,0,0,0.0,0,0,0
2,79,790.555,799.568,10,sem_arma,sem_arma,0.0,1.1733339371853924,4.489072252101501,0.14215011311133302,3.1081315558755276,0.4109220550904945,2.6416230838857557,0.8500874173248933,0.5273474760978489,0.3826183132479586,0.42112187051838285,0.47038033157988207,102.27878,56.974,352.3747,356.333,1.0,0.0,0.0,0.0,0.0,0.0,0.0,0.0,0.0,0.0,0.0,0.0,0.0,0.0,0.0,0.0,0.0,0,0,0.0,0,0,0,0,0.0,0,0,0
2,80,800.573,809.579,10,sem_arma,sem_arma,0.0,2.7122497759243727,3.9380031430448117,0.021982510008332866,1.3960709833999898,1.2869093841539823,3.0577561080301887,1.134167458684678,1.7303307489769875,1.1791982821104054,0.12372584421898533,1.0707431913114795,72.83139,15.0188,349.3551,355.386,1.0,0.0,0.0,0.0,0.0,0.0,0.0,0.0,0.0,0.0,0.0,0.0,0.0,0.0,0.0,0.0,0.0,0,0,0.0,0,0,0,0,0.0,0,0,0
2,81,810.579,819.593,10,sem_arma,sem_arma,0.0,1.3273125975553826,4.4791530227028415,-0.15936379481323354,1.6713340155805523,0.4733102230060936,1.7967027851056685,0.7202752301534953,0.5923623981966865,0.7764852351643945,0.09042563408186043,0.964231000135044,97.72650999999999,19.6761,349.1607,350.495,1.0,0.0,0.0,0.0,0.0,0.0,0.0,0.0,0.0,0.0,0.0,0.0,0.0,0.0,0.0,0.0,0.0,0,0,0.0,0,0,0,0,0.0,0,0,0
2,82,820.6,829.604,10,sem_arma,sem_arma,0.0,2.237338733415522,5.743637428519957,0.7176517571387991,4.925652968590015,0.7656753420596614,3.0074297385283875,1.0378517329825878,0.9842046083205955,0.7387270662596039,0.1751742786680245,0.8267127163875285,73.76168,22.7785,348.78020000000004,352.154,1.0,0.0,0.0,0.0,0.0,0.0,0.0,0.0,0.0,0.0,0.0,0.0,0.0,0.0,0.0,0.0,0.0,0,0,0.0,0,0,0,0,0.0,0,0,0
2,83,830.612,839.868,10,sem_arma,sem_arma,0.0,4.249003254596978,6.89194199741402,-0.3437018277964377,3.468004774884417,1.0606223164727449,3.0367440267016637,0.9501905334424544,1.0753507543141754,0.7832650082706223,0.509514447699682,0.8771950433515595,74.94663,27.454,325.2937,337.522,1.0,0.0,0.0,0.0,0.0,0.0,0.0,0.0,0.0,0.0,0.0,0.0,0.0,0.0,0.0,0.0,0.0,0,0,0.0,0,0,0,0,0.0,0,0,0
2,84,840.868,849.959,10,sem_arma,sem_arma,0.0,3.1006958583358433,5.274707112285783,0.12373421484621858,2.885902763058622,1.5258585712199273,2.7386725785112125,0.8762585475286709,0.673263545765822,0.83977438748379,0.44987067333831865,0.9977697590354724,88.5258,21.0522,320.459,323.646,1.0,0.0,0.0,0.0,0.0,0.0,0.0,0.0,0.0,0.0,0.0,0.0,0.0,0.0,0.0,0.0,0.0,0,0,0.0,0,0,0,0,0.0,0,0,0
2,85,851.021,859.816,9,sem_arma,sem_arma,0.0,6.001702479568213,7.0170934861015155,0.29002381759671175,3.1073673785162863,0.7179967989827778,2.3378961884869955,0.9641667398443539,0.4101105848030139,0.6377358801186896,0.28111442686347893,0.8827725055786912,41.211077777777774,10.0656,307.78344444444446,337.084,1.0,0.0,0.0,0.0,0.0,0.0,0.0,0.0,0.0,0.0,0.0,0.0,0.0,0.0,0.0,0.0,0.0,0,0,0.0,0,0,0,0,0.0,0,0,0
2,86,860.817,869.199,9,sem_arma,sem_arma,0.0,2.461813449157737,6.699700781452998,-0.6160390635981465,2.4311756386631522,0.393183558723044,1.3226280738289868,0.41839028785491433,0.44043525954032325,0.3806705601471519,0.5456497270972229,0.5256288087421085,112.06453333333333,35.4588,272.85633333333334,276.883,1.0,0.0,0.0,0.0,0.0,0.0,0.0,0.0,0.0,0.0,0.0,0.0,0.0,0.0,0.0,0.0,0.0,0,0,0.0,0,0,0,0,0.0,0,0,0
2,87,870.2,879.209,10,sem_arma,sem_arma,0.0,2.7003738422646952,6.282564717470721,0.48962450959301085,3.166902226252952,0.9297385053312388,2.006123854378249,0.6221406156662836,0.8915141156795082,0.6020012918494055,0.6302280132401891,0.5815166344878261,87.752051,6.5593,270.84659999999997,280.995,1.0,0.0,0.0,0.0,0.0,0.0,0.0,0.0,0.0,0.0,0.0,0.0,0.0,0.0,0.0,0.0,0.0,0,0,0.0,0,0,0,0,0.0,0,0,0
2,88,880.214,889.231,10,sem_arma,sem_arma,0.0,4.227010263348849,6.752711608524798,-0.45412730041391675,2.0437117465850454,0.6039203307352836,1.7504418188934732,0.5820098544115737,0.5799453158902088,0.5241789141385133,0.480207733308318,0.548474227735648,71.3574916,0.702486,242.0547,252.761,1.0,0.1,0.0,0.1,0.0,0.0,0.0,0.0,0.0,0.0,0.0,0.0,0.0,0.0,0.0,0.0,0.0,0,0,0.0,0,0,0,0,0.0,0,0,0
2,89,890.235,899.379,10,sem_arma,sem_arma,0.0,0.8312550028332595,3.225111107617267,0.16009398895356863,1.939019538160279,0.6612833762896748,2.2054046630353246,0.8564210449817458,0.8740302656930965,0.7918993014841427,0.4980051235159769,0.7704200305598576,98.28538,73.2002,230.592,244.33,1.0,0.0,0.0,0.0,0.0,0.0,0.0,0.0,0.0,0.0,0.0,0.0,0.0,0.0,0.0,0.0,0.0,0,0,0.0,0,0,0,0,0.0,0,0,0
2,90,900.382,909.402,10,sem_arma,sem_arma,0.0,2.530658671640317,3.953098968813579,-0.23409802124001647,0.911575405575402,0.8292065502673391,2.403836632633971,0.6383968817846124,0.5332325496633182,0.6393545210740813,0.6226065215919041,0.6821960804560531,83.659515,3.45185,237.57829999999998,258.157,1.0,0.1,0.0,0.1,0.0,0.0,0.0,0.0,0.0,0.0,0.0,0.0,0.0,0.0,0.0,0.0,0.0,0,0,0.0,0,0,0,0,0.0,0,0,0
2,91,910.397,919.406,10,sem_arma,sem_arma,0.0,3.7411207701353826,6.383881400450224,0.29840620817761,5.087872790119538,0.7059778436670985,2.1852556253669295,0.7644124063134959,0.8312320487379994,0.7158895920913152,0.13275055955430642,0.7684353830092607,42.894061,7.22561,228.6207,246.147,1.0,0.0,0.0,0.0,0.0,0.0,0.0,0.0,0.0,0.0,0.0,0.0,0.0,0.0,0.0,0.0,0.0,0,0,0.0,0,0,0,0,0.0,0,0,0
2,92,920.406,929.422,10,sem_arma,sem_arma,0.0,5.076168498499176,6.911391922222617,0.28086360416158557,2.8114566922578326,0.21413326881974948,0.4766602445101363,0.22829667393224712,0.10987336535633388,0.17490633449813528,0.3646940133678117,0.37483362757646244,9.5929802,0.468972,213.96120000000002,221.79,1.0,0.3,0.0,0.3,0.0,0.0,2.005,0.0,0.0,0.0,0.0,0.0,0.0,0.0,0.0,0.0,0.0,0,0,0.0,0,0,0,0,0.0,0,0,0
2,93,930.564,939.586,10,sem_arma,sem_arma;MakarovIJ70,0.3,4.052979634864456,8.867106254820914,-0.4483137261155809,4.279413996820539,0.42954949680144494,1.5194992453873528,0.5619532372280017,0.4983070874137308,0.4098275921237799,0.7148391358445025,0.3616839633228749,50.857569999999996,3.43188,195.2697,204.205,1.0,0.1,0.0,0.1,0.0,0.0,0.0,0.0,0.0,0.0,0.0,0.0,0.0,0.0,0.0,0.0,0.0,0,0,0.0,0,0,0,0,0.0,0,0,0
2,94,940.581,949.336,9,MakarovIJ70,MakarovIJ70,1.0,4.863050010046288,8.11409051980557,0.4880132681276501,2.8765898246665755,0.38211869874964566,1.867833705862926,0.5966896561440961,0.623746379992114,0.6409545803901413,0.8096558718988311,0.652184524479607,57.343899,0.596761,173.1232222222222,188.268,1.0,0.1111111111111111,0.0,0.1111111111111111,0.0,0.0,0.0,0.0,0.0,0.0,0.0,0.0,0.0,0.0,0.0,0.0,0.0,0,0,0.0,0,0,0,0,0.0,0,0,0
2,95,950.335,959.883,10,MakarovIJ70,MakarovIJ70;MKII;sem_arma,0.7,4.172679517804569,6.7211966768925455,-0.4327966099152663,1.2472222609510626,0.4822554431388924,1.9101356989060279,0.6103011892618856,0.5985065442860893,0.47518240125558087,0.7564004989993314,0.49375838192884086,30.257197,4.63202,135.8456,152.238,1.0,0.1,0.0,0.1,0.0,0.0,0.0,0.0,0.0,0.0,0.0,0.0,0.0,0.0,0.0,0.0,0.0,0,0,0.0,0,0,0,0,0.0,0,0,0
2,96,960.888,969.954,10,sem_arma,sem_arma,0.0,2.0252159917092,5.596865405904597,0.38446646809309937,1.8226666940716598,0.5990032914369072,1.8764027016364406,0.6131306698076173,0.5602241994180875,0.6587817732081794,0.6384242349737181,0.6433765412977708,87.568169,5.20458,138.8168,151.392,1.0,0.0,0.0,0.0,0.0,0.0,0.0,0.0,0.0,0.0,0.0,0.0,0.0,0.0,0.0,0.0,0.0,0,0,0.0,0,0,0,0,0.0,0,0,0
2,97,970.956,979.97,10,sem_arma,sem_arma;AK74,0.4,1.0382055423570196,3.848879219730406,-0.5602795224314436,3.678270630924754,0.8662364439272482,2.9238380809759215,0.9370944246415537,1.063194578966074,0.8527332265240621,0.32006431205758945,0.930794775358374,75.45078600000001,3.17626,120.44149999999999,126.666,1.0,0.1,0.0,0.1,0.0,0.0,0.0,0.0,0.0,0.0,0.0,0.0,0.0,0.0,0.0,0.0,0.0,0,0,0.0,0,0,0,0,0.0,0,0,0
2,98,980.971,989.983,10,AK74,AK74,1.0,1.3422733657039,2.9388255701621926,0.13474205215745352,2.9343881759741945,0.8346062180455333,3.110746304097819,0.979083096771519,1.0146731158690814,0.9423410973474524,0.2035176950468566,0.9579318688225831,66.89599000000001,12.2659,124.49770000000001,134.929,1.0,0.0,0.0,0.0,0.0,0.0,0.0,0.0,0.0,0.0,0.0,0.0,0.0,0.0,0.0,0.0,0.0,0,0,0.0,0,0,0,0,0.0,0,0,0
2,99,990.982,999.994,10,AK74,AK74,1.0,0.4381392165077993,1.345808963314604,-0.13081522135628212,0.7231461700899593,0.08191018626579939,0.4711062679641201,0.15278671347596237,0.10575795524459389,0.20119949371510998,0.24352063456909848,0.43135939997755585,5.008988,1.3903,118.31119999999999,121.407,1.0,0.7,0.0,0.7,0.0,0.0,6.013999999999999,0.0,0.0,0.0,0.0,0.0,0.0,0.0,0.0,0.0,0.0,0,0,0.0,0,0,0,0,0.0,0,0,0
2,100,1000.995,1009.045,9,AK74,AK74,1.0,0.09526771172876301,0.6339257369063741,0.0002772619700600856,0.41126459744877863,0.6648583286890388,1.2830846068878021,0.5415521220320906,0.4648847132784564,0.5320491904449933,0.2026094037212017,0.5313392340188793,69.0231,3.8186,113.57977777777778,115.565,1.0,0.1111111111111111,0.0,0.1111111111111111,0.0,0.0,0.0,0.0,0.0,0.0,0.0,0.0,0.0,0.0,0.0,0.0,0.0,0,0,0.0,0,0,0,0,0.0,0,0,0
2,101,1010.046,1019.054,10,AK74,AK74,1.0,0.4468996983370673,1.338096083514759,0.0004609255442701465,1.0187135134752536,0.15064808088171555,0.5398410365630292,0.20955056585739562,0.22763618360020615,0.23853497674662152,0.4195087018902111,0.3645406455860808,44.351053,5.11244,119.7481,124.918,1.0,0.0,0.0,0.0,0.0,0.0,0.0,0.0,0.0,0.0,0.0,0.0,0.0,0.0,0.0,0.0,0.0,0,0,0.0,0,0,0,0,0.0,0,0,0
2,102,1020.054,1029.919,10,AK74,AK74,1.0,0.0,0.0,0.0,0.0,0.07378117397713169,0.7378117397713169,0.23331655820888011,0.07378117397713169,0.05764512605340557,0.5474456744584983,0.11911358621058502,66.63581,28.6966,116.6138,117.415,1.0,0.0,0.0,0.0,0.0,0.0,0.0,0.0,0.0,0.0,0.0,0.0,0.0,0.0,0.0,0.0,0.0,0,0,0.0,0,0,0,0,0.0,0,0,0
2,103,1030.936,1039.981,10,AK74,AK74,1.0,0.0,0.0,0.0,0.0,0.0,0.0,0.0,0.07378117397713169,0.13198377637808398,0.5489633000001503,0.20998490238799566,29.42552,29.147,114.23910000000001,115.109,1.0,0.0,0.0,0.0,0.0,0.0,0.0,0.0,0.0,0.0,0.0,0.0,0.0,0.0,0.0,0.0,0.0,0,0,0.0,0,0,0,0,0.0,0,0,0
2,104,1040.99,1049.003,9,AK74,AK74;sem_arma,0.6666666666666666,0.9097587527184794,1.658500540495185,0.013737241983116445,0.9927551752561385,0.4336844712889683,1.6366974590634684,0.5967478567278313,0.5128658625294326,0.41534808712933285,0.5474427937548096,0.31602212016545733,48.90305333333333,6.54799,115.40422222222222,118.255,1.0,0.0,0.0,0.0,0.0,0.0,0.0,0.0,0.0,0.0,0.0,0.0,0.0,0.0,0.0,0.0,0.0,0,0,0.0,0,0,0,0,0.0,0,0,0
2,105,1050.004,1059.017,10,sem_arma,sem_arma,0.0,0.6803818487777129,1.695884600339317,0.08777129475866383,0.7708463845470438,0.8908835398792814,1.9131896375251063,0.7142167356804981,1.0485910032539418,0.6403715929170273,0.38963521143199165,0.6204326952687299,51.789318,3.49413,195.9409,384.176,1.0,0.1,0.1,0.0,0.0,0.0,0.0,0.0,0.0,0.0,0.0,0.0,0.0,0.0,0.0,0.0,0.0,0,0,0.0,0,0,0,0,0.0,0,0,0
2,106,1060.02,1069.171,10,AK74,sem_arma;MakarovIJ70;AK74,0.7,0.3170437937436898,1.1367651297538888,-0.0972710809524153,1.037590877773437,0.2576300367212018,1.0243125199459944,0.34760226459648974,0.4206699802071531,0.43226736638095903,0.2367015934355135,0.6216229779531778,75.89384,48.799,371.3155,382.6,1.0,0.0,0.0,0.0,0.0,0.0,0.0,0.0,0.0,0.0,0.0,0.0,0.0,0.0,0.0,0.0,0.0,0,0,0.0,0,0,0,0,0.0,0,0,0
2,107,1070.166,1079.185,10,AK74,AK74,1.0,0.46013017699574565,1.284584980579867,0.12688110868375085,1.049461258095657,0.48849191346145415,1.2783009986579572,0.5131459763175962,0.36706505446408516,0.4656990265864658,0.1458798332170677,0.43763261245618795,51.59338,6.5722,242.0496,367.925,1.0,0.0,0.0,0.0,0.0,0.0,0.0,0.0,0.0,0.0,0.0,0.0,0.0,0.0,0.0,0.0,0.0,0,0,0.0,0,0,0,0,0.0,0,0,0
2,108,1080.189,1089.186,10,AK74,AK74,1.0,2.163390590538757,3.334190373510972,0.18629508894848845,2.7433518569081543,0.3153432411573149,0.9824922116299031,0.2843539182532823,0.32363737216701316,0.28540856780538093,0.516214525389701,0.41713677711537045,27.8161333,0.860483,107.65789,113.537,1.0,0.2,0.0,0.2,0.0,0.0,0.0,0.0,0.0,0.0,0.0,0.0,0.0,0.0,0.0,0.0,0.0,0,0,0.0,0,0,0,0,0.0,0,0,0
2,109,1090.196,1099.27,10,AK74,AK74;sem_arma;MKII,0.9,2.312360418401022,3.523548769952792,-0.06894168355555645,0.9735138320253851,0.5414980745486134,2.225079031171051,0.6422852399931996,0.5842810352546135,0.5506767775144822,0.5394543480091878,0.5063580762864338,55.248912,3.1507,126.24817,381.569,1.0,0.1,0.0,0.1,0.0,0.0,0.0,0.0,0.0,0.0,0.0,0.0,0.0,0.0,0.0,0.0,0.0,0,0,0.0,0,0,0,0,0.0,0,0,0
2,110,1100.296,1109.299,10,sem_arma,sem_arma;AK74;MKII,0.4,1.4485164779569526,3.4264360704863814,-0.15995758431216492,1.2133110902481745,0.5979955973344064,2.8363285499838136,1.097308869551665,0.9204766442176553,0.8292968181477753,0.5938416250519178,1.019622716708587,37.343900000000005,30.542,147.95354,395.976,1.0,0.0,0.0,0.0,0.0,0.0,0.0,0.0,0.0,0.0,0.0,0.0,0.0,0.0,0.0,0.0,0.0,0,0,0.0,0,0,0,0,0.0,0,0,0
2,111,1110.304,1119.314,10,sem_arma,sem_arma,0.0,0.17032298822484676,1.7032298822484677,-0.09557035202508088,0.7526514268389283,0.0002681229295121391,0.0026791315259348065,0.0008471420704902508,0.0005357761052388737,0.0005956201592290683,0.8389383687480134,0.18419606311210943,35.28817,35.2881,82.0471,82.0471,1.0,0.0,0.0,0.0,0.0,0.0,0.0,0.0,0.0,0.0,0.0,0.0,0.0,0.0,0.0,0.0,0.0,0,0,0.0,0,0,0,0,0.0,0,0,0
2,112,1120.314,1129.412,10,sem_arma,sem_arma,0.0,0.0,0.0,0.0,0.0,2.180421319728677e-07,2.995805038542744e-07,4.2481012912733606e-08,5.118984378307653e-08,3.036937428093017e-08,0.9709470000255307,6.073793555649068e-08,35.28832,35.2883,82.0471,82.0471,1.0,0.0,0.0,0.0,0.0,0.0,0.0,0.0,0.0,0.0,0.0,0.0,0.0,0.0,0.0,0.0,0.0,0,0,0.0,0,0,0,0,0.0,0,0,0
2,113,1130.411,1139.425,10,sem_arma,sem_arma,0.0,0.0,0.0,0.0,0.0,2.295128417595241e-07,2.9898313495326886e-07,4.738716521343015e-08,5.145274572464045e-08,3.218758971890537e-08,0.0,6.121846824129412e-08,35.28415,35.2456,82.01704,82.0471,1.0,0.0,0.1,0.0,0.0,0.0,0.0,0.0,0.0,0.0,0.0,0.0,0.0,0.0,0.0,0.0,0.0,0,0,0.0,0,0,0,0,0.0,0,0,0
2,114,1140.437,1149.446,10,sem_arma,sem_arma,0.0,0.0,0.0,0.0,0.0,2.1958031580192687e-07,3.038298727032712e-07,4.3388654175321514e-08,5.2196272823035e-08,3.9478717898097227e-08,0.0,6.015212991659383e-08,34.42805,32.7502,84.37896,86.1752,1.0,0.0,0.3,0.0,0.0,0.0,0.0,0.0,0.0,0.0,0.0,0.0,0.0,0.0,0.0,0.0,0.0,0,0,0.0,0,0,0,0,0.0,0,0,0
2,115,1150.44,1159.762,10,sem_arma,sem_arma,0.0,0.0714108002286454,0.39811936854144686,-0.0003476365972333695,0.3961386751656188,0.00022590775571151652,0.0011061405254885138,0.0004535953539016468,0.00021242480175963986,0.00016492306567241177,0.29737546916176516,0.00012475917417458827,33.216809999999995,32.68,84.33527000000001,85.3164,1.0,0.0,0.1,0.0,0.0,0.0,0.0,0.0,0.0,0.0,0.0,0.0,0.0,0.0,0.0,0.0,0.0,0,0,0.0,0,0,0,0,0.0,0,0,0
2,116,1160.773,1169.814,10,sem_arma,sem_arma;MakarovIJ70,0.4,0.19760704605569313,1.2639464992970018,0.0001174160460651219,0.7171439690432322,0.07666751522215072,0.6337577377669391,0.19794710348147412,0.13479117684872147,0.14597647068617495,0.9345500676605687,0.14196091853291581,63.92030999999999,34.7395,82.30418,82.4948,1.0,0.0,0.4,0.0,0.0,0.0,0.0,0.0,0.0,0.0,0.0,0.0,0.0,0.0,0.0,0.0,0.0,0,0,0.0,0,0,0,0,0.0,0,0,0
2,117,1170.817,1179.903,10,AK74,MakarovIJ70;AK74,1.0,0.14415176965747517,0.509392558800193,0.05186450197608866,0.5088836751250679,0.24440684544346056,1.7482238720989545,0.5596828322341071,0.41411334541053535,0.4165435857329586,0.8007257437255211,0.3917311196632416,58.89299,18.4789,229.70125,342.206,1.0,0.0,0.0,0.0,0.0,0.0,0.0,0.0,0.0,0.0,0.0,0.0,0.0,0.0,0.0,0.0,0.0,0,0,0.0,0,0,0,0,0.0,0,0,0
2,118,1180.912,1189.909,10,AK74,AK74,1.0,0.2926541668712469,0.9137308679191998,-0.03753254340017231,0.4032193029141024,0.39653824099735335,1.5967126466801622,0.5131306769949145,0.39471757022503573,0.36365178050130054,0.5829920544608909,0.440201119100026,32.15859,11.5493,208.20750000000004,305.413,1.0,0.0,0.0,0.0,0.0,0.0,0.0,0.0,0.0,0.0,0.0,0.0,0.0,0.0,0.0,0.0,0.0,0,0,0.0,0,0,0,0,0.0,0,0,0
2,119,1190.914,1199.957,10,AK74,AK74,1.0,0.15967348663787656,0.5083768208963042,0.00835165370385968,0.22138738917431994,0.22876150223269942,0.7407439252698924,0.30758372941273177,0.2873157855560696,0.40418565560785746,0.47129902950779445,0.4851840690946956,20.567731000000002,6.95801,82.37859,87.6787,1.0,0.0,0.0,0.0,0.0,0.0,0.0,0.0,0.0,0.0,0.0,0.0,0.0,0.0,0.0,0.0,0.0,0,0,0.0,0,0,0,0,0.0,0,0,0
2,120,1200.964,1209.0,9,AK74,AK74,1.0,0.17331404021509084,0.22183214062417209,-0.0022184510555845706,0.20160965145796803,0.002899410093426045,0.02217457806160191,0.007280500573871483,0.023305459930392698,0.12303377045574775,0.25976270438463683,0.275595280230867,26.77602222222222,26.6252,88.39646666666665,89.0452,1.0,0.0,0.0,0.0,0.0,0.0,0.0,0.0,0.0,0.0,0.0,0.0,0.0,0.0,0.0,0.0,0.0,0,0,0.0,0,0,0,0,0.0,0,0,0
2,121,1210.001,1219.271,10,AK74,AK74,1.0,0.2109976550859586,0.29673590504558994,-0.0014918266421712258,0.0829656143468343,0.2533828147310366,1.2102339301157747,0.40442922604774567,0.3280593141380377,0.28764127594041833,0.8483290423549376,0.24455296873382643,35.412649,3.89249,116.12052000000001,146.284,1.0,0.1,0.0,0.1,0.0,0.0,0.0,0.0,0.0,0.0,0.0,0.0,0.0,0.0,0.0,0.0,0.0,0,0,0.0,0,0,0,0,0.0,0,0,0
2,122,1220.06,1229.067,10,sem_arma,sem_arma,0.0,0.3439766325516138,0.4473289903407473,0.0331315246216381,0.3104742207192321,0.21084592747182634,0.9963099171685358,0.35598229307825413,0.20028235778089093,0.30405603277812787,0.9177849897530963,0.3805549306929576,75.22109,44.8791,116.8905,124.36,1.0,0.0,0.0,0.0,0.0,0.0,0.0,0.0,0.0,0.0,0.0,0.0,0.0,0.0,0.0,0.0,0.0,0,0,0.0,0,0,0,0,0.0,0,0,0
2,123,1230.071,1239.083,10,sem_arma,sem_arma,0.0,0.4132169855566237,0.4995535876875897,-0.0026487855007814934,0.14061112284963423,0.16481690623520975,1.0778747432174767,0.3414688219998595,0.21557502829292013,0.2549187556917266,0.9112375912238047,0.3149893201284005,68.69017,49.7523,96.06919,117.294,1.0,0.0,0.0,0.0,0.0,0.0,0.0,0.0,0.0,0.0,0.0,0.0,0.0,0.0,0.0,0.0,0.0,0,0,0.0,0,0,0,0,0.0,0,0,0
2,124,1240.09,1249.28,10,sem_arma,sem_arma,0.0,0.20853331103481515,0.5043541499434099,-0.04191671649687219,0.09387695080601546,0.0,0.0,0.0,0.0,4.505097190119671e-08,0.9123846207698965,0.13686291317888433,49.18884,45.9783,84.74974,93.4417,1.0,0.0,0.0,0.0,0.0,0.0,0.0,0.0,0.0,0.0,0.0,0.0,0.0,0.0,0.0,0.0,0.0,0,0,0.0,0,0,0,0,0.0,0,0,0
2,125,1250.284,1259.32,10,sem_arma,sem_arma,0.0,0.0,0.0,0.0,0.0,0.0,0.0,0.0,0.0,9.454274434164011e-09,0.9488163684108878,3.9717948259117995e-08,43.12469,41.1179,90.25527,93.1957,1.0,0.0,0.0,0.0,0.0,0.0,0.0,0.0,0.0,0.0,0.0,0.0,0.0,0.0,0.0,0.0,0.0,0,0,0.0,0,0,0,0,0.0,0,0,0
2,126,1260.321,1269.782,10,sem_arma,sem_arma,0.0,0.19724166648996208,0.5083778181941335,-0.00020020374534491345,0.19801621964255486,0.19379185179489677,1.0462667642943286,0.34498145887116966,0.30166401700948065,0.2937389580655721,0.9625279388098538,0.2267497303618637,40.86481,15.6061,80.72594000000001,86.7443,1.0,0.0,0.0,0.0,0.0,0.0,0.0,0.0,0.0,0.0,0.0,0.0,0.0,0.0,0.0,0.0,0.0,0,0,0.0,0,0,0,0,0.0,0,0,0
2,127,1270.794,1279.191,9,sem_arma,sem_arma,0.0,0.015599369235378528,0.13957578268448204,7.462495589919466e-05,0.13751308638865226,0.2633901129858385,2.242716485085386,0.7428069010542152,0.4909857464961951,0.22524379719633675,0.9557737659767575,0.34483015149960033,16.230731111111112,4.89297,75.83702222222223,100.097,1.0,0.1111111111111111,0.0,0.1111111111111111,0.0,0.0,0.0,0.0,0.0,0.0,0.0,0.0,0.0,0.0,0.0,0.0,0.0,0,0,0.0,0,0,0,0,0.0,0,0,0
2,128,1280.187,1289.192,10,sem_arma,sem_arma,0.0,1.0663972358720142,1.3055823960259962,0.022899393002134727,1.0122553068504345,0.952232575816202,3.0852916160533144,1.0580313759619504,1.3783614660650405,1.1184828195637415,0.8511551236581351,1.129214229417252,40.723794,4.2157,87.40565000000001,105.382,1.0,0.1,0.0,0.1,0.0,0.0,0.0,0.0,0.0,0.0,0.0,0.0,0.0,0.0,0.0,0.0,0.0,0,0,0.0,0,0,0,0,0.0,0,0,0
2,129,1290.191,1299.834,10,sem_arma,sem_arma,0.0,0.0,0.0,-0.022316116302039064,0.0,0.0,0.0,0.0,0.0,0.13989410875972585,0.8077992072537707,0.4668974127537867,9.81298,9.81298,99.6937,99.6937,1.0,0.0,0.0,0.0,0.0,0.0,0.0,0.0,0.0,0.0,0.0,0.0,0.0,0.0,0.0,0.0,0.0,0,0,0.0,0,0,0,0,0.0,0,0,0
2,130,1300.83,1309.887,10,sem_arma,sem_arma,0.0,0.0,0.0,0.0,0.0,0.0,0.0,0.0,0.0,0.0,0.8523292275130938,0.0,9.81298,9.81298,99.6937,99.6937,1.0,0.0,0.0,0.0,0.0,0.0,0.0,0.0,0.0,0.0,0.0,0.0,0.0,0.0,0.0,0.0,0.0,0,0,0.0,0,0,0,0,0.0,0,0,0
2,131,1310.886,1318.905,9,sem_arma,sem_arma,0.0,0.0,0.0,0.0,0.0,0.0,0.0,0.0,0.0,0.0,0.0,0.0,9.81298,9.81298,99.6937,99.6937,1.0,0.0,0.0,0.0,0.0,0.0,0.0,0.0,0.0,0.0,0.0,0.0,0.0,0.0,0.0,0.0,0.0,0,0,0.0,0,0,0,0,0.0,0,0,0
2,132,1320.216,1329.433,10,sem_arma,sem_arma,0.0,0.0,0.0,0.0,0.0,0.0,0.0,0.0,0.0,0.0,0.0,0.0,9.81298,9.81298,99.6937,99.6937,1.0,0.0,0.0,0.0,0.0,0.0,0.0,0.0,0.0,0.0,0.0,0.0,0.0,0.0,0.0,0.0,0.0,0,0,0.0,0,0,0,0,0.0,0,0,0
2,133,1330.431,1339.559,10,sem_arma,sem_arma,0.0,0.14370430741323634,0.7230724707145394,-0.007735421560742706,0.6484954894300802,0.015503841558174714,0.1401706423354552,0.04405194991702336,0.02803412846709104,0.03081366403913303,0.44046205641649533,0.022053364875497965,14.692849999999998,9.81298,99.2197,99.6937,1.0,0.0,0.0,0.0,0.0,0.0,0.0,0.0,0.0,0.0,0.0,0.0,0.0,0.0,0.0,0.0,0.0,0,0,0.0,0,0,0,0,0.0,0,0,0
2,134,1340.609,1349.572,10,sem_arma,sem_arma,0.0,0.0,0.0,0.0,0.0,0.0,0.0,0.0,0.0,0.0006649070330552317,0.8511551503489303,0.022496135230443658,19.8215,19.8215,98.6933,98.6933,1.0,0.0,0.0,0.0,0.0,0.0,0.0,0.0,0.0,0.0,0.0,0.0,0.0,0.0,0.0,0.0,0.0,0,0,0.0,0,0,0,0,0.0,0,0,0
2,135,1350.572,1359.773,10,sem_arma,sem_arma,0.0,0.0,0.0,0.0,0.0,0.0,0.0,0.0,0.0,0.0,0.5255775676360044,0.0,19.8215,19.8215,98.6933,98.6933,1.0,0.0,0.0,0.0,0.0,0.0,0.0,0.0,0.0,0.0,0.0,0.0,0.0,0.0,0.0,0.0,0.0,0,0,0.0,0,0,0,0,0.0,0,0,0
2,136,1360.773,1369.789,10,sem_arma,sem_arma,0.0,9.980039919781858e-07,9.980039919781859e-06,9.960119680421016e-07,9.960119680421016e-06,1.3218005761943766e-08,1.3218005761943766e-07,4.1799004332971686e-08,1.3218005761943766e-08,5.911271882138033e-09,0.0,4.1799004332971685e-09,19.82052,19.8117,98.69185,98.6933,1.0,0.0,0.0,0.0,0.0,0.0,0.0,0.0,0.0,0.0,0.0,0.0,0.0,0.0,0.0,0.0,0.0,0,0,0.0,0,0,0,0,0.0,0,0,0
2,137,1370.803,1379.804,10,sem_arma,sem_arma,0.0,0.0705086460533468,0.5028619607855151,-0.001029650336036636,0.49590925122839774,1.8488554184470798e-07,1.3983022122453556e-06,4.4924883386441076e-07,2.664424366871273e-07,3.196789512602155e-07,0.9964415979872264,4.1542478243319444e-07,19.507939999999998,19.5002,98.34385999999999,98.4416,1.0,0.0,0.0,0.0,0.0,0.0,0.0,0.0,0.0,0.0,0.0,0.0,0.0,0.0,0.0,0.0,0.0,0,0,0.0,0,0,0,0,0.0,0,0,0
2,138,1380.809,1386.103,3,sem_arma,sem_arma,0.0,0.0,0.0,0.0,0.0,0.0,0.0,0.0,0.0,0.0,0.9960484157627171,1.4739399493158373e-07,19.5002,19.5002,98.33300000000001,98.333,1.0,0.0,0.0,0.0,0.0,0.0,0.0,0.0,0.0,0.0,0.0,0.0,0.0,0.0,0.0,0.0,0.0,0,0,0.0,0,0,0,0,0.0,0,0,0
2,139,1390.29,1399.349,9,sem_arma,sem_arma,0.0,0.0,0.0,0.0,0.0,0.14913561731278893,0.8127041523096685,0.30416903607189977,0.2982712203827706,0.2544574695770244,0.8858169766528295,0.20735487413703393,33.717166666666664,15.9028,93.43133333333333,98.333,1.0,0.0,0.0,0.0,0.0,0.0,0.0,0.0,0.0,0.0,0.0,0.0,0.0,0.0,0.0,0.0,0.0,0,0,0.0,0,0,0,0,0.0,0,0,0
2,140,1400.347,1409.95,10,sem_arma,sem_arma;AK74,0.1,0.8589507371378863,2.1849753210351364,-0.038293549685306,0.9123458989807564,0.6508954071213073,1.7866021512794161,0.7107393286540129,0.5463007753029724,0.5344418602963213,0.3143810990598077,0.5341785466933512,29.540316,4.62381,86.80803,98.3176,1.0,0.1,0.0,0.1,0.0,0.0,0.0,0.0,0.0,0.0,0.0,0.0,0.0,0.0,0.0,0.0,0.0,0,0,0.0,0,0,0,0,0.0,0,0,0
2,141,1410.95,1419.962,10,sem_arma,AK74;sem_arma,0.4,0.3343454689069272,1.201201203243819,0.11973491691928786,0.894407171101083,0.02148188818275865,0.1704166530969407,0.052934776156348465,0.037707610039377865,0.16185919844814203,0.10398652122232288,0.4518020647586122,40.025510000000004,38.9247,91.04173999999999,91.3123,1.0,0.0,0.0,0.0,0.0,0.0,0.0,0.0,0.0,0.0,0.0,0.0,0.0,0.0,0.0,0.0,0.0,0,0,0.0,0,0,0,0,0.0,0,0,0
2,142,1420.966,1429.258,9,sem_arma,sem_arma,0.0,0.4371337120047347,1.4851217873849698,-0.1334199377357814,0.22214436466068294,0.001558009027177345,0.010830702544138973,0.0036328349605759275,0.002399923556240203,0.0044130209222964616,0.10922322176175311,0.007323438950834889,40.150977777777776,39.5491,91.60981111111111,91.7664,1.0,0.0,0.0,0.0,0.0,0.0,0.0,0.0,0.0,0.0,0.0,0.0,0.0,0.0,0.0,0.0,0.0,0,0,0.0,0,0,0,0,0.0,0,0,0
2,143,1430.26,1439.683,9,sem_arma,sem_arma,0.0,0.0,0.0,0.0,0.0,0.0,0.0,0.0,0.0,0.0,0.11401382916725598,0.000496576179487212,40.25213333333333,40.2479,91.73956666666668,91.7461,1.0,0.0,0.0,0.0,0.0,0.0,0.0,0.0,0.0,0.0,0.0,0.0,0.0,0.0,0.0,0.0,0.0,0,0,0.0,0,0,0,0,0.0,0,0,0
2,144,1440.681,1449.698,10,sem_arma,sem_arma,0.0,0.0,0.0,0.0,0.0,0.0,0.0,0.0,0.0,0.0,0.15478969519788177,0.0,22.89327,16.7352,60.014340000000004,62.6298,1.0,0.0,0.0,0.0,0.0,0.0,0.0,0.0,0.0,0.0,0.0,0.0,0.0,0.0,0.0,0.0,0.0,0,0,0.0,0,0,0,0,0.0,0,0,0
2,145,1450.696,1457.75,8,sem_arma,sem_arma,0.0,0.0,0.0,0.0,0.0,0.0,0.0,0.0,0.0,0.0,0.0,0.0,18.720625,15.4289,60.618975,65.5114,1.0,0.0,0.0,0.0,0.0,0.0,0.0,0.0,0.0,0.0,0.0,0.0,0.0,0.0,0.0,0.0,0.0,0,0,0.0,0,0,0,0,0.0,0,0,0
2,146,1460.371,1469.874,10,sem_arma,sem_arma,0.0,0.0,0.0,0.0,0.0,0.0,0.0,0.0,0.0,0.0,0.0,0.0,21.72416,20.2734,61.54973,65.4488,1.0,0.0,0.0,0.0,0.0,0.0,0.0,0.0,0.0,0.0,0.0,0.0,0.0,0.0,0.0,0.0,0.0,0,0,0.0,0,0,0,0,0.0,0,0,0
2,147,1470.873,1479.888,10,sem_arma,sem_arma,0.0,0.0,0.0,0.0,0.0,0.0,0.0,0.0,0.0,0.0,0.0,0.0,21.75692,20.1308,60.70548,61.0661,1.0,0.0,0.0,0.0,0.0,0.0,0.0,0.0,0.0,0.0,0.0,0.0,0.0,0.0,0.0,0.0,0.0,0,0,0.0,0,0,0,0,0.0,0,0,0
2,148,1480.889,1489.986,10,sem_arma,sem_arma,0.0,0.0,0.0,0.0,0.0,0.0,0.0,0.0,0.0,0.0,0.0,0.0,15.600290000000001,11.7053,56.20979,62.6403,1.0,0.0,0.0,0.0,0.0,0.0,0.0,0.0,0.0,0.0,0.0,0.0,0.0,0.0,0.0,0.0,0.0,0,0,0.0,0,0,0,0,0.0,0,0,0
2,149,1490.989,1499.102,9,sem_arma,sem_arma,0.0,0.0,0.0,0.0,0.0,0.0,0.0,0.0,0.0,0.0,0.0,0.0,15.699488888888888,11.9668,41.77444444444445,50.842,1.0,0.0,0.0,0.0,0.0,0.0,0.0,0.0,0.0,0.0,0.0,0.0,0.0,0.0,0.0,0.0,0.0,0,0,0.0,0,0,0,0,0.0,0,0,0
2,150,1500.107,1508.47,8,sem_arma,sem_arma,0.0,0.0,0.0,0.0,0.0,2.9520341248818854e-05,0.00023616272999055083,8.349613391992306e-05,2.9520341248818854e-05,1.3201897950269999e-05,0.0,9.335151565168696e-06,11.672045,6.96492,49.2793375,56.4962,1.0,0.0,0.0,0.0,0.0,0.0,0.0,0.0,0.0,0.0,0.0,0.0,0.0,0.0,0.0,0.0,0.0,0,0,0.0,0,0,0,0,0.0,0,0,0
2,151,1510.496,1519.658,10,sem_arma,sem_arma,0.0,0.33694217696001244,1.203802479280901,-0.0013075423317829183,0.7135059484517967,0.4468013590386614,1.6950051303511915,0.6342883545870761,0.38077841603732515,0.503973020069443,0.46848695915550326,0.6302893592057994,31.114542,7.1291,61.44947,97.8675,1.0,0.0,0.0,0.0,0.0,0.0,0.0,0.0,0.0,0.0,0.0,0.0,0.0,0.0,0.0,0.0,0.0,0,0,0.0,0,0,0,0,0.0,0,0,0
2,152,1520.66,1529.789,10,sem_arma,sem_arma,0.0,0.0,0.0,0.0,0.0,0.0,0.0,0.0,0.0005240166930417753,0.030982427305669906,0.398976371980507,0.12569475944238334,3.993009,1.84727,73.80488,82.2352,1.0,0.6,0.0,0.6,0.0,0.0,3.001,0.0,0.0,0.0,0.0,0.0,0.0,0.0,0.0,0.0,0.0,0,0,0.0,0,0,0,0,0.0,0,0,0
2,153,1530.79,1539.798,10,sem_arma,sem_arma,0.0,1.6546027101442982,4.126250913896609,0.410395466325688,2.8010542602805497,0.6700848105596535,2.7481711680076555,0.9202512840243636,0.41199330744961155,0.3123726102949343,0.5727630243897609,0.26460947861149475,27.889235000000003,1.80808,92.31223,96.2045,1.0,0.3,0.0,0.3,0.0,0.0,6.0,0.0,0.0,0.0,0.0,0.0,0.0,0.0,0.0,0.0,0.0,0,0,0.0,0,0,0,0,0.0,0,0,0
2,154,1540.819,1549.822,10,sem_arma,sem_arma,0.0,4.834556441971435,6.806635435228416,-0.09044833691581644,3.0482537485298304,0.8516094022354384,2.098500513172971,0.7556060692478708,0.7701735048752145,0.7514723909789647,0.3752675457123892,0.915689064274153,75.710606,3.96936,111.5557,121.838,1.0,0.1,0.0,0.1,0.0,0.0,0.0,0.0,0.0,0.0,0.0,0.0,0.0,0.0,0.0,0.0,0.0,0,0,0.0,0,0,0,0,0.0,0,0,0
2,155,1550.818,1559.828,10,sem_arma,sem_arma,0.0,0.42794702484848834,2.4283908880412786,-0.31837155010899737,0.007182573071647172,0.08912924936157265,0.5049126857215497,0.18875628377748094,0.24342054708228442,0.3288619975517294,0.29710888918530853,0.571088208383771,25.68206,19.8304,117.75489999999999,118.874,1.0,0.0,0.0,0.0,0.0,0.0,0.0,0.0,0.0,0.0,0.0,0.0,0.0,0.0,0.0,0.0,0.0,0,0,0.0,0,0,0,0,0.0,0,0,0
2,156,1560.828,1569.638,9,sem_arma,sem_arma,0.0,0.0,0.0,0.0,0.0,1.3952274604951984e-08,1.502133184863675e-08,1.9003442756484374e-09,1.1492301528890176e-09,9.995159857192605e-10,0.6202974281965865,0.035461527421764144,20.003,20.0013,117.52055555555555,117.523,1.0,0.0,0.0,0.0,0.0,0.0,0.0,0.0,0.0,0.0,0.0,0.0,0.0,0.0,0.0,0.0,0.0,0,0,0.0,0,0,0,0,0.0,0,0,0
2,157,1570.636,1579.644,10,sem_arma,sem_arma,0.0,0.0,0.0,0.0,0.0,1.4892300812346046e-08,1.4945999191421922e-08,3.521436896317373e-11,5.3517026888317017e-11,4.891098867932442e-10,0.3808495944491182,1.257624436071705e-09,19.97517,19.8653,117.3321,117.534,1.0,0.0,0.0,0.0,0.0,0.0,0.0,0.0,0.0,0.0,0.0,0.0,0.0,0.0,0.0,0.0,0.0,0,0,0.0,0,0,0,0,0.0,0,0,0
2,158,1580.651,1589.659,10,sem_arma,sem_arma,0.0,0.2689639220357995,2.0509223388429825,-0.0005960280853279265,1.9429501374910505,5.026279383839142e-08,3.687690707637617e-07,1.119117075432444e-07,7.083891924779052e-08,6.33433664297669e-08,0.38222482657906015,4.4792890236834615e-08,19.81421,19.5977,117.66990000000001,119.421,1.0,0.0,0.0,0.0,0.0,0.0,0.0,0.0,0.0,0.0,0.0,0.0,0.0,0.0,0.0,0.0,0.0,0,0,0.0,0,0,0,0,0.0,0,0,0
2,159,1590.658,1599.672,10,sem_arma,sem_arma,0.0,0.0,0.0,0.0,0.0,1.4882075993441422e-08,1.4991107840893013e-08,6.568602337820751e-11,9.359634498422286e-11,1.5883791851840317e-08,0.945088071667891,6.717168692353703e-08,19.89959,19.531,118.5468,120.855,1.0,0.0,0.0,0.0,0.0,0.0,0.0,0.0,0.0,0.0,0.0,0.0,0.0,0.0,0.0,0.0,0.0,0,0,0.0,0,0,0,0,0.0,0,0,0
2,160,1600.672,1609.679,10,sem_arma,sem_arma,0.0,0.0,0.0,0.0,0.0,1.4890943096734244e-08,1.4976041400851914e-08,5.830824311091805e-11,7.28973374816914e-11,5.7223668875295216e-11,0.7669212561990618,5.274848520334577e-11,24.91672,23.0759,113.5714,118.374,1.0,0.0,0.0,0.0,0.0,0.0,0.0,0.0,0.0,0.0,0.0,0.0,0.0,0.0,0.0,0.0,0.0,0,0,0.0,0,0,0,0,0.0,0,0,0
2,161,1610.688,1619.695,10,sem_arma,sem_arma,0.0,0.3165756172067309,0.49603174603174605,0.019820768770749363,0.4106662548782922,0.05273648847078003,0.1957859577522329,0.07227690188339755,0.04267502162325448,0.055086600824853206,0.7901851004027443,0.056933212795951225,9.3650015,0.324455,115.32719999999999,120.604,1.0,0.6,0.0,0.6,0.0,0.0,5.0089999999999995,0.0,0.0,0.0,0.0,0.0,0.0,0.0,0.0,0.0,0.0,0,0,0.0,0,0,0,0,0.0,0,0,0
2,162,1620.692,1629.916,10,sem_arma,sem_arma,0.0,0.802846360663105,1.3126693052232734,0.11111072324968456,0.6680523007769218,0.4112273180541351,2.453353747109473,0.763868030588846,0.4982328390589978,0.5417355038874322,0.5368584162040334,0.42303426719522597,71.76818,1.80222,106.77508,113.687,1.0,0.3,0.0,0.3,0.0,0.0,7.052999999999999,0.0,0.0,0.0,0.0,0.0,0.0,0.0,0.0,0.0,0.0,0,0,0.0,0,0,0,0,0.0,0,0,0
2,163,1630.919,1639.073,9,sem_arma,sem_arma,0.0,1.2624857736911173,1.6140656153053472,0.03916130891183819,0.5893173201261053,0.6244892604378609,1.6608038591882965,0.6150058411805712,0.6318404802225364,0.4937275898307944,0.4054124530920818,0.7114684734951651,117.68156666666667,62.3115,106.68722222222222,122.589,1.0,0.0,0.0,0.0,0.0,0.0,0.0,0.0,0.0,0.0,0.0,0.0,0.0,0.0,0.0,0.0,0.0,0,0,0.0,0,0,0,0,0.0,0,0,0
2,164,1640.074,1649.56,10,sem_arma,sem_arma,0.0,1.2674871344807208,1.548215006125965,-0.039205326440894285,0.46213399859858567,0.1693582032360798,0.6216147531771775,0.19631024526429666,0.17361613950252214,0.27210494755115533,0.8059198968649568,0.435871117081958,126.3747,117.2,128.917,142.148,1.0,0.0,0.0,0.0,0.0,0.0,0.0,0.0,0.0,0.0,0.0,0.0,0.0,0.0,0.0,0.0,0.0,0,0,0.0,0,0,0,0,0.0,0,0,0
2,165,1650.561,1659.572,10,sem_arma,sem_arma,0.0,1.2629449867933367,1.4199393474593685,-0.06318736772600064,0.1333379233139942,0.21798107393521185,0.7850018658685578,0.3019923949625191,0.18008078637347785,0.23006985970685362,0.7058140687222889,0.2825485573033561,45.781220000000005,23.7122,142.6274,143.689,1.0,0.0,0.0,0.0,0.0,0.0,0.0,0.0,0.0,0.0,0.0,0.0,0.0,0.0,0.0,0.0,0.0,0,0,0.0,0,0,0,0,0.0,0,0,0
2,166,1660.596,1669.756,10,sem_arma,sem_arma,0.0,0.0,0.0,-0.06246953710675244,0.0,1.4660854104568531e-08,1.5236361138903534e-08,6.529821219507386e-10,6.692342978000486e-10,8.932699427056285e-09,0.7870106029136168,0.06918721925716294,39.9553,39.9553,141.3,141.3,1.0,0.0,0.0,0.0,0.0,0.0,0.0,0.0,0.0,0.0,0.0,0.0,0.0,0.0,0.0,0.0,0.0,0,0,0.0,0,0,0,0,0.0,0,0,0
2,167,1670.757,1679.964,10,sem_arma,sem_arma,0.0,0.0,0.0,0.0,0.0,1.4660194697642004e-08,1.548977255077719e-08,9.322336362692908e-10,7.290692303644382e-10,8.958640760626405e-09,0.872826771435015,7.788049793697221e-10,39.9553,39.9553,141.3,141.3,1.0,0.0,0.0,0.0,0.0,0.0,0.0,0.0,0.0,0.0,0.0,0.0,0.0,0.0,0.0,0.0,0.0,0,0,0.0,0,0,0,0,0.0,0,0,0
2,168,1680.967,1689.421,9,sem_arma,sem_arma,0.0,0.0,0.0,0.0,0.0,0.0030937973469996596,0.02784406144925784,0.009281349038346938,0.00309378404966927,0.001383589840628911,0.0,0.0009783412419823768,39.774322222222224,38.3265,141.3,141.3,1.0,0.0,0.0,0.0,0.0,0.0,0.0,0.0,0.0,0.0,0.0,0.0,0.0,0.0,0.0,0.0,0.0,0,0,0.0,0,0,0,0,0.0,0,0,0
2,169,1690.423,1696.506,5,sem_arma,sem_arma,0.0,0.0,0.0,0.0,0.0,0.4000936391639362,1.0007963407927059,0.547850922464299,0.39474972402723074,0.5241254789226752,0.0,0.3993397913348431,39.89072,25.9341,141.3,141.3,1.0,0.0,0.0,0.0,0.0,0.0,0.0,0.0,0.0,0.0,0.0,0.0,0.0,0.0,0.0,0.0,0.0,0,0,0.0,0,0,0,0,0.0,0,0,0
2,170,1700.233,1709.761,9,sem_arma,sem_arma,0.0,0.0,0.0,0.0,0.0,0.0,0.0,0.0,0.0,0.04972996999212302,0.0,0.26884969475417897,25.9341,25.9341,141.3,141.3,1.0,0.0,0.0,0.0,0.0,0.0,0.0,0.0,0.0,0.0,0.0,0.0,0.0,0.0,0.0,0.0,0.0,0,0,0.0,0,0,0,0,0.0,0,0,0
3,0,0.0,9.772,11,CZ550,CZ550,1.0,0.0,0.0,0.0,0.0,7.627957392973938e-08,7.003754684241762e-07,2.0704503614478184e-07,1.269058459281544e-07,1.4508038282035698e-07,0.0,1.9295238605164663e-07,5.684319090909091,5.68341,350.00627272727274,350.01,1.0,0.0,0.0,0.0,0.0,0.0,0.0,0.0,0.0,0.0,0.0,0.0,0.0,0.0,0.0,0.0,0.0,0,0,0.0,0,0,0,0,0.0,0,0,0
3,1,10.772,19.803,10,CZ550,CZ550,1.0,0.6232926123364891,1.6064594595876502,0.09158348516027519,0.8753045911258417,0.11625318269165363,0.6705715110094569,0.212727963785408,0.1482379848974985,0.10246722854250294,0.02680493381577817,0.07983349442231066,11.544736,3.41392,334.89230000000003,350.009,1.0,0.3,0.4,0.2,0.0,0.0,1.01,0.0,0.0,0.2,0.0,1.01,0.0,0.0,0.0,0.0,0.0,0,0,0.0,0,0,0,0,0.0,0,0,0
3,2,20.786,29.806,10,CZ550,CZ550,1.0,1.574978946702717,5.783546535830491,-0.030551829142439944,1.9806092546316132,0.3476697880117221,2.198907633803305,0.6852501469279769,0.6046015676588967,0.6135825514051859,0.5787947670825495,0.6833181869439512,71.02203,35.0727,349.2909,349.568,1.0,0.0,0.0,0.0,0.0,0.0,0.0,0.0,0.0,0.0,0.0,0.0,0.0,0.0,0.0,0.0,0.0,0,0,0.0,0,0,0,0,0.0,0,0,0
3,3,30.8,39.808,10,CZ550,CZ550,1.0,0.0,0.0,-0.051205046409429925,0.0,9.613029638935388e-08,9.613029638935387e-07,3.039906887374188e-07,0.03342547806716372,0.05979331288952342,0.7472010579728419,0.1532409082094517,35.07289,35.0719,349.55100000000004,349.556,1.0,0.0,0.0,0.0,0.0,0.0,0.0,0.0,0.0,0.0,0.0,0.0,0.0,0.0,0.0,0.0,0.0,0,0,0.0,0,0,0,0,0.0,0,0,0
3,4,40.811,49.821,10,CZ550,CZ550,1.0,0.0,0.0,0.0,0.0,1.9301476730575416e-07,9.84073270968257e-07,4.070094147070826e-07,1.968146541936514e-07,2.9782419149850654e-07,0.8606251238362592,2.3462383656105873e-07,35.07297,35.0719,349.5507,349.555,1.0,0.0,0.0,0.0,0.0,0.0,0.0,0.0,0.0,0.0,0.0,0.0,0.0,0.0,0.0,0.0,0.0,0,0,0.0,0,0,0,0,0.0,0,0,0
3,5,50.827,59.842,10,CZ550,CZ550,1.0,0.0,0.0,0.0,0.0,0.0,0.0,0.0,0.0,0.0,0.0,1.9272126534867408e-07,35.07305,35.0719,349.5505,349.555,1.0,0.0,0.0,0.0,0.0,0.0,0.0,0.0,0.0,0.0,0.0,0.0,0.0,0.0,0.0,0.0,0.0,0,0,0.0,0,0,0,0,0.0,0,0,0
3,6,60.849,69.846,10,CZ550,CZ550,1.0,41.201255298346624,412.01255298346626,-0.16747456577178924,414.49955028517735,0.0,0.0,0.0,0.0,0.0,0.6990062579153796,0.0,99.61269999999999,35.072,244.45610000000002,349.553,1.0,0.0,0.0,0.0,0.0,0.0,0.0,0.0,0.0,0.0,0.0,0.0,0.0,0.0,0.0,0.0,0.0,0,0,0.0,0,0,0,0,0.0,0,0,0
3,7,70.842,79.863,10,CZ550,CZ550,1.0,0.0,0.0,0.0,0.0,1.957689977564214e-07,9.96387013670675e-07,4.1280012173993294e-07,3.915379955128428e-07,3.3598480051024245e-07,0.9985803684505423,2.6719819861745026e-07,127.2731,127.271,199.4158,199.427,1.0,0.0,0.0,0.0,0.0,0.0,0.0,0.0,0.0,0.0,0.0,0.0,0.0,0.0,0.0,0.0,0.0,0,0,0.0,0,0,0,0,0.0,0,0,0
3,8,80.849,89.863,10,CZ550,CZ550,1.0,0.0674315100618933,0.6742194983244781,0.0014648515265894787,0.6776075360045006,0.20467228222781614,1.4372703870698869,0.4735523365368549,0.22650979277686054,0.127510004125935,0.6995276034295214,0.09280609327531285,97.21114,46.3234,61.073839,199.415,1.0,0.0,0.7,0.0,0.0,0.0,0.0,0.0,0.0,0.0,0.0,0.0,0.0,0.0,0.0,0.0,0.0,0,0,0.0,0,0,0,0,0.0,0,0,0
3,9,90.863,99.865,10,CZ550,CZ550;FAL,1.0,0.9149994475612278,2.2316087606359982,0.11979977950691174,1.1751695861240732,0.8582998704658144,2.2717387659253534,0.658907060002771,0.815554418829443,0.6960103103500754,0.5371643161648152,0.6771889148625012,53.627063,7.67373,50.457395000000005,217.752,1.0,0.0,0.8,0.0,0.0,0.0,0.0,0.0,0.0,0.0,0.0,0.0,0.0,0.0,0.0,0.0,0.0,0,0,0.0,0,0,0,0,0.0,0,0,0
3,10,100.882,109.909,10,FAL,FAL,1.0,0.7452403536136074,2.363568612496196,-0.11088479778774238,2.356499115150744,0.15619791700144922,0.6959899500640851,0.21690162743470176,0.1982355389725991,0.21815318745276616,0.5577789789867496,0.43337903325103666,54.99053,43.9987,216.8352,221.241,1.0,0.0,0.0,0.0,0.0,0.0,0.0,0.0,0.0,0.0,0.0,0.0,0.0,0.0,0.0,0.0,0.0,0,0,0.0,0,0,0,0,0.0,0,0,0
3,11,110.902,119.911,10,FAL,FAL,1.0,0.7758289171751993,2.9868477071760156,0.1500941103950684,1.3432825911943143,0.413122987109391,1.903906906590276,0.6737139241436588,0.5400133881884192,0.3054966173792474,0.5455358086503747,0.263301739117917,44.738621,3.26027,158.85821,227.997,1.0,0.2,0.0,0.2,0.0,0.0,1.002,0.0,0.0,0.0,0.0,0.0,0.0,0.0,0.0,0.0,0.0,0,0,0.0,0,0,0,0,0.0,0,0,0
3,12,120.907,129.916,10,FAL,FAL,1.0,1.771993336181119,6.631961476375195,0.5008844695171193,3.92840341548705,0.5647935736691063,2.4819049997744895,0.7929122315420291,0.797279622629272,0.8059786694195361,0.21365964434516616,0.7665649538215439,46.113029999999995,21.6851,116.90881199999998,227.967,1.0,0.0,0.5,0.0,0.0,0.0,0.0,0.0,0.0,0.0,0.0,0.0,0.0,0.0,0.0,0.0,0.0,0,0,0.0,0,0,0,0,0.0,0,0,0
3,13,130.919,139.932,10,FAL,FAL,1.0,5.124840779347392,8.209750300708098,-0.24346143177119126,6.31238370460592,0.9204394458145906,2.1444549018085977,0.6174448311845293,0.6163481026938038,0.5860787055089487,0.42543564755841157,0.7190448139619365,92.14134,16.8705,151.304847,226.864,1.0,0.0,0.3,0.0,0.0,0.0,0.0,0.0,0.0,0.0,0.0,0.0,0.0,0.0,0.0,0.0,0.0,0,0,0.0,0,0,0,0,0.0,0,0,0
3,14,140.926,149.937,10,FAL,FAL,1.0,2.5237238710576846,5.1246849959066605,0.08422475797809063,4.000185192145673,0.7848541624634272,2.673136288718949,0.7154224371025731,0.8407770689534972,0.6399020882340568,0.7567797568850226,0.7231743278065108,41.757724,2.03144,147.8194,252.57,1.0,0.1,0.4,0.1,0.1,0.1,0.0,0.0,0.0,0.0,0.0,0.0,0.0,0.0,0.0,0.0,0.0,0,0,0.0,0,0,0,0,0.0,0,0,0
3,15,150.943,159.95,10,FAL,FAL,1.0,5.5220510677623675,7.180284328420815,-0.4998399365673415,1.54607735424911,0.3008800851366102,0.9706059113675471,0.3326999397457882,0.3124629413728554,0.3443937654501079,0.7593910545675648,0.3631866930767028,120.82572,69.4662,277.9593,291.013,1.0,0.0,0.0,0.0,0.0,0.0,0.0,0.0,0.0,0.0,0.0,0.0,0.0,0.0,0.0,0.0,0.0,0,0,0.0,0,0,0,0,0.0,0,0,0
3,16,160.949,169.966,10,FAL,FAL,1.0,2.0819813361583206,8.223507933984575,0.0021620876222892215,8.231739673658232,0.39278622759056014,2.155033675488927,0.6921538209095289,0.5491284300920574,0.5877388036084985,0.8661463020842046,0.6215365856114689,30.42756,13.5104,207.78195999999997,302.457,1.0,0.0,0.0,0.0,0.0,0.0,0.0,0.0,0.0,0.0,0.0,0.0,0.0,0.0,0.0,0.0,0.0,0,0,0.0,0,0,0,0,0.0,0,0,0
3,17,170.965,179.979,10,FAL,FAL,1.0,1.425724648345453,4.349012756721078,0.0004977845215085486,2.3282155830266653,0.06839109186028539,0.33617544498123625,0.1071506261384023,0.10102744610131482,0.10902946472437,0.5161480507276114,0.26081783074661724,6.318942,1.56148,127.18391000000001,296.687,1.0,0.6,0.5,0.1,0.2,0.0,0.0,0.0,0.0,0.0,0.0,0.0,0.0,0.0,0.0,0.0,0.0,0,0,0.0,0,0,0,0,0.0,0,0,0
3,18,180.985,189.996,10,FAL,FAL,1.0,0.35151696994425385,3.007784551820344,0.3010271068052613,2.505410224647444,0.010229808704902607,0.09267435098461269,0.029125517191149797,0.0175724965904812,0.019802381478678282,0.8337202677291845,0.05589537034955413,4.561615,1.89176,46.92703,48.0714,1.0,0.5,0.3,0.2,0.4,0.1,0.998,0.0,0.0,0.0,0.0,0.0,0.0,0.0,0.0,0.0,0.0,0,0,0.0,0,0,0,0,0.0,0,0,0
3,19,190.997,199.007,9,FAL,FAL,1.0,0.9986256431202316,5.987356130780175,-0.29574139074585737,2.9765949839758554,0.05153825735467779,0.1565162495869144,0.06235643367521939,0.08319445423935395,0.06408571102379762,0.9330959382284261,0.05762694003572203,2.9510666666666667,2.25785,36.951,39.0149,1.0,0.8888888888888888,1.0,0.0,0.3333333333333333,0.0,0.0,0.0,0.0,0.0,0.0,0.0,0.0,0.0,0.0,0.0,0.0,0,0,0.0,0,0,0,0,0.0,0,0,0
3,20,200.01,209.197,10,FAL,FAL,1.0,3.3217133098587937,6.734425683660825,-0.005995704391785856,4.436976813342988,0.6705048338626074,2.689950968078392,0.9571404740940195,0.919180172142491,0.9158465689799723,0.41648200545794084,0.8117113286199974,60.083983,0.46436,243.67606999999998,313.865,1.0,0.3,0.2,0.3,0.0,0.0,2.176,0.0,0.0,0.0,0.0,0.0,0.0,0.0,0.0,0.0,0.0,0,0,0.0,0,0,0,0,0.0,0,0,0
3,21,210.21,219.212,10,FAL,FAL,1.0,0.7074409813477137,2.484607209882498,0.0020981321715602486,2.1504489437451686,0.3178636709960759,1.7048925832205648,0.5890464780346142,0.36505945922197414,0.5076899221797787,0.6707023857082337,0.6681835756866605,22.111821,0.46436,297.90369999999996,314.781,1.0,0.4,0.0,0.4,0.0,0.0,5.19,0.0,0.0,0.1,0.0,0.0,0.0,0.0,0.0,0.0,0.0,0,0,0.0,0,0,0,0,0.0,0,0,0
3,22,220.217,229.236,10,FAL,FAL,1.0,0.0,0.0,0.0,0.0,0.06242526735448293,0.6242526735448293,0.19740602838511978,0.12485053470896586,0.13501152724079388,0.6189641921098035,0.3924062201453452,22.543756000000002,2.53088,298.5161,309.384,1.0,0.3,0.0,0.3,0.0,0.0,2.002,0.0,0.0,0.3,0.0,2.002,0.0,0.0,0.0,0.0,0.0,0,0,0.0,0,0,0,0,0.0,0,0,0
3,23,230.227,239.237,10,sem_arma,FAL;sem_arma,0.2,1.0508218936883242,3.4358285915476747,0.006397412719020473,3.3292139456746166,0.2790024099538686,1.6697638273540312,0.5363481860892036,0.33395276399405516,0.42961006564312826,0.41413323083048476,0.37250900628989436,31.561794,2.53829,153.386277,309.366,1.0,0.4,0.5,0.4,0.0,0.0,5.996,0.0,0.0,0.4,0.0,5.996,0.0,0.0,0.0,0.0,0.0,0,0,0.0,1,1,0,1,0.16666666666666666,1,0,0
3,24,240.241,249.252,10,sem_arma,sem_arma;CZ550,0.4,0.6339087705408165,2.54033937773438,0.04719973949895119,1.5129927567853751,0.5590669623272262,1.8529837555110416,0.7433802659917289,0.6820422097354432,0.716923236910302,0.21485302498440437,0.702144765445641,72.56366,34.9286,127.004185,316.058,1.0,0.0,0.6,0.0,0.0,0.0,0.0,0.0,0.0,0.0,0.0,0.0,0.0,0.0,0.0,0.0,0.0,0,0,0.0,0,1,0,1,0.16666666666666666,1,0,0
3,25,250.251,259.291,10,FAL,CZ550;FAL,1.0,0.5874643011602099,2.918414775276333,0.2391154704862843,1.2074946013155266,0.4813381381365275,2.4569728006889,0.7604503543200155,0.3856704821012681,0.3926119052239848,0.3670819867140489,0.5425218177176545,28.968257,2.44457,154.912534,315.473,1.0,0.3,0.5,0.3,0.0,0.0,2.005,0.0,0.0,0.3,0.0,2.005,0.0,0.0,0.0,0.0,0.0,0,0,0.0,0,1,0,1,0.16666666666666666,1,0,0
3,26,260.283,269.398,10,FAL,FAL,1.0,2.0944144531238376,5.543729191370739,-0.30703133528713505,3.29919922730504,0.803971010090906,3.0537089781663664,0.9651076475150484,0.9142613797233803,0.9325612023566787,0.21641878732318628,0.9451702093393928,35.293345,1.34872,277.157698,310.974,1.0,0.3,0.1,0.3,0.0,0.0,1.014,0.0,0.0,0.2,0.0,1.014,0.0,0.0,0.0,0.0,0.0,0,0,0.0,0,1,0,1,0.16666666666666666,1,0,0
3,27,270.404,279.403,10,FAL,FAL,1.0,0.0,0.0,0.0,0.0,2.106345191781066e-08,2.120062802358855e-08,1.1422185128820545e-10,1.5093647428251942e-10,0.061851071339091956,0.26635417775256565,0.39923558434352946,2.523651,2.31266,308.1189,310.283,1.0,1.0,0.0,1.0,0.0,0.0,11.019,0.0,0.0,1.0,0.0,11.019,0.0,0.0,0.0,0.0,0.0,0,0,0.0,1,2,0,1,0.3333333333333333,1,0,0
3,28,280.41,289.416,10,FAL,FAL,1.0,0.0,0.0,0.0,0.0,2.1047447423170533e-08,2.1221978102162152e-08,1.7940375585746253e-10,2.682889767216913e-10,1.660771856891158e-10,0.5104961165604178,1.4635077828088473e-10,2.733725,2.67993,308.96750000000003,309.072,1.0,1.0,0.0,1.0,0.0,0.0,21.032,0.0,0.0,1.0,0.0,21.032,0.0,0.0,0.0,0.0,0.0,0,0,0.0,0,2,0,1,0.3333333333333333,1,0,0
3,29,290.42,299.664,10,FAL,FAL,1.0,0.0,0.0,0.0,0.0,2.104730932116551e-08,2.794883853507562e-08,3.2307522320085124e-09,2.8385050587099038e-09,1.3560544449270918e-09,0.0,9.730353668277624e-10,2.450737,2.23441,305.82160000000005,308.825,1.0,1.0,0.0,1.0,0.0,0.0,31.28,0.0,0.0,1.0,0.0,31.28,0.0,0.0,0.0,0.0,0.0,0,0,0.0,0,2,0,1,0.3333333333333333,1,0,0
3,30,300.662,309.671,10,FAL,FAL;CZ550,1.0,1.3235136574907944,3.750458016803015,0.008580271605003386,2.1375052961726055,0.5983940073182585,2.8465854328997255,0.9121305862425213,0.6768508578976656,0.6956217953456904,0.6626969069914329,0.680234195253721,36.119305,2.22088,342.4874,655.286,1.0,0.2,0.0,0.2,0.0,0.0,33.275999999999996,0.0,0.0,0.2,0.0,33.275999999999996,0.0,0.0,0.0,0.0,0.0,0,0,0.0,0,1,0,1,0.16666666666666666,1,0,0
3,31,310.68,319.038,9,CZ550,CZ550,1.0,0.025893241129325888,0.233039170163933,0.019081238857277735,0.17173114971549963,0.039867447889503235,0.35880703100552913,0.1196023436685097,0.039867447889503235,0.057607775782224487,0.9334282397774606,0.4121180505492592,17.135394444444444,2.82085,303.2081111111111,307.675,1.0,0.1111111111111111,0.0,0.1111111111111111,0.0,0.0,0.0,0.0,0.0,0.0,0.0,0.0,0.0,0.0,0.0,0.0,0.0,0,0,0.0,0,1,0,1,0.16666666666666666,1,0,0
3,32,320.034,329.056,10,CZ550,CZ550,1.0,1.500930583814082,3.6492174775307005,0.34660028611233173,1.7172699825439148,0.20543295062880276,0.9231749089849689,0.3202693966841804,0.3190741029982406,0.2950156278097263,0.7781006763799823,0.25360541241160195,22.427726,2.75762,547.8295,662.498,1.0,0.3,0.0,0.3,0.0,0.0,2.995,0.0,0.0,0.0,0.0,0.0,0.0,0.0,0.0,0.0,0.0,0,0,0.0,0,1,0,1,0.16666666666666666,1,0,0
3,33,330.048,339.099,10,CZ550,CZ550,1.0,0.21345740165711855,1.2579853123071967,-0.36940320163571394,1.235741957079761,0.2532262530611496,1.0747316856012248,0.3765291416116379,0.31368002135230033,0.2573262325075148,0.6306951431805674,0.3151683724968578,26.163580000000003,3.59101,582.6323,656.494,1.0,0.2,0.0,0.2,0.0,0.0,0.991,0.0,0.0,0.0,0.0,0.0,0.0,0.0,0.0,0.0,0.0,0,0,0.0,0,1,0,1,0.16666666666666666,1,0,0
3,34,340.108,349.119,10,CZ550,CZ550,1.0,2.4730572134111943,6.316844131496024,0.5501205280688746,3.144581585406142,0.29108374941547865,1.7966518758342256,0.5570030241977353,0.4811697647346545,0.5182173462995291,0.6723371855061123,0.5105751633437551,23.923567,5.84352,395.9235,656.494,1.0,0.0,0.0,0.0,0.0,0.0,0.0,0.0,0.0,0.0,0.0,0.0,0.0,0.0,0.0,0.0,0.0,0,0,0.0,0,0,0,0,0.0,0,0,0
3,35,350.108,359.144,10,CZ550,CZ550,1.0,0.873054043874945,4.542214761014077,-0.25399887204814353,2.9982121932003594,0.17207669671370782,1.3767862319787567,0.4363963081867608,0.18975995618221295,0.156135258014252,0.8760860828058833,0.3081232248812585,10.349276,2.48412,273.98789999999997,275.155,1.0,0.9,0.0,0.9,0.0,0.0,8.009,0.0,0.0,0.0,0.0,0.0,0.0,0.0,0.0,0.0,0.0,0,0,0.0,0,0,0,0,0.0,0,0,0
3,36,360.168,369.132,10,FAL,CZ550;FAL,1.0,1.4613449189744503,6.4015195217577325,-0.3043122921758114,3.24448788998141,0.2814083992636696,1.8052696499720624,0.5701004628702655,0.42461529851936436,0.46800997049923876,0.7689189381974222,0.6264399406133292,32.87833,2.4737,278.4869,280.365,1.0,0.1,0.0,0.1,0.0,0.0,0.0,0.0,0.0,0.0,0.0,0.0,0.0,0.0,0.0,0.0,0.0,0,0,0.0,0,0,0,0,0.0,0,0,0
3,37,370.132,379.145,10,FAL,FAL,1.0,0.0,0.0,0.0,0.0,0.0,0.0,0.0,0.0,1.0443572063867803e-08,0.8089056782414481,0.07761481769525579,28.036990000000003,27.6019,275.2895,278.304,1.0,0.0,0.0,0.0,0.0,0.0,0.0,0.0,0.0,0.0,0.0,0.0,0.0,0.0,0.0,0.0,0.0,0,0,0.0,0,0,0,0,0.0,0,0,0
3,38,380.145,389.165,10,FAL,FAL,1.0,0.7655099817326938,5.451942454160549,0.5434943169942976,3.2749849707602414,0.16503901284777148,0.9016343816179583,0.34979374382205436,0.105451301637616,0.08584216036450149,0.5757535299369401,0.06349156628411981,25.44124,14.9444,310.3049,664.236,1.0,0.0,0.0,0.0,0.0,0.0,0.0,0.0,0.0,0.0,0.0,0.0,0.0,0.0,0.0,0.0,0.0,0,0,0.0,0,0,0,0,0.0,0,0,0
3,39,390.163,399.166,10,FAL,FAL,1.0,4.69882828645923,6.675372191637017,-0.14144358627505219,2.739775959602225,0.5099975699093655,1.4448082298155582,0.4257179907614309,0.4238673712413742,0.3798737546440272,0.9673507841048844,0.448877196556788,16.0363891,0.464781,319.8212,655.22,1.0,0.2,0.0,0.2,0.0,0.0,0.0,0.0,0.0,0.0,0.0,0.0,0.0,0.0,0.0,0.0,0.0,0,0,0.0,0,0,0,0,0.0,0,0,0
3,40,400.163,409.317,10,FAL,FAL,1.0,4.252073590717943,6.567035826190269,-0.06559801321336667,3.1257869225012462,0.39533671721351193,1.6139086284390143,0.5244450566395825,0.445630369152927,0.47305129722587724,0.7786682683903393,0.4597389903725338,20.5546478,0.886028,331.19960000000003,629.394,1.0,0.4,0.0,0.4,0.0,0.0,3.15,0.0,0.0,0.0,0.0,0.0,0.0,0.0,0.0,0.0,0.0,0,0,0.0,0,0,0,0,0.0,0,0,0
3,41,410.401,419.778,10,FAL,FAL,1.0,2.6720102373108863,6.343277863807244,0.41556993593373714,3.011938865179964,0.2818351965275768,1.2100997117456174,0.4067351009879558,0.47582883516774854,0.2967743772695026,0.6044866685174461,0.3860243047819069,21.0861946,0.246288,198.4577,205.472,1.0,0.2,0.0,0.2,0.0,0.0,5.6739999999999995,0.0,0.0,0.0,0.0,0.0,0.0,0.0,0.0,0.0,0.0,0,0,0.0,0,0,0,0,0.0,0,0,0
3,42,420.813,429.787,10,FAL,FAL,1.0,1.8655442363158627,4.509848691884767,-0.601469514161167,1.6265407701521075,0.2974533659919802,0.7988547587853654,0.34825623703862657,0.2935372776199047,0.3896426114177859,0.7632036218947639,0.4051050084946624,25.837216,1.5523,176.5697,184.069,1.0,0.1,0.0,0.1,0.0,0.0,0.0,0.0,0.0,0.0,0.0,0.0,0.0,0.0,0.0,0.0,0.0,0,0,0.0,0,0,0,0,0.0,0,0,0
3,43,430.78,439.8,10,FAL,FAL,1.0,1.1314169203102256,3.050020375427145,-0.002139147585624379,2.3679969242500225,0.095516767506088,0.4743984598773015,0.197292143397073,0.09758366674602813,0.14497696301597413,0.6007575243705924,0.24121734170677298,8.605720999999999,6.77274,173.892,175.514,1.0,0.0,0.0,0.0,0.0,0.0,0.0,0.0,0.0,0.0,0.0,0.0,0.0,0.0,0.0,0.0,0.0,0,0,0.0,0,0,0,0,0.0,0,0,0
3,44,440.804,449.952,10,FAL,FAL,1.0,4.486517607468973,7.285165853696223,0.3271958315421759,5.032108355106667,0.24740134123819688,0.9530810229583712,0.29679519302068624,0.29350565296821507,0.26297591085236693,0.5828487459557106,0.2601080809689853,22.136439000000003,1.80927,173.69639999999998,182.81,1.0,0.4,0.0,0.4,0.1,0.1,2.025,0.0,0.0,0.0,0.0,0.0,0.0,0.0,0.0,0.0,0.0,0,0,0.0,0,0,0,0,0.0,0,0,0
3,45,450.929,459.957,10,FAL,FAL,1.0,1.6765979076542128,3.7458075135578315,-0.08122797477097658,2.637896020191659,0.23680303052989818,0.6407082929275243,0.28556858103956945,0.16879606606898162,0.2161812708808542,0.8929577010333754,0.257974288514301,29.093008200000003,0.139882,152.5431,161.11,1.0,0.1,0.0,0.1,0.0,0.0,0.0,0.0,0.0,0.0,0.0,0.0,0.0,0.0,0.0,0.0,0.0,0,0,0.0,0,0,0,0,0.0,0,0,0
3,46,460.94,469.94,10,FAL,FAL,1.0,2.7248436505775766,6.353707007312489,-0.05806707174554528,2.382407384953614,0.30899502625127795,0.6909753482240933,0.24667458325492087,0.11927485387106321,0.20599623085479718,0.9645640567864413,0.28700962459766227,12.157095,1.15758,142.5883,147.913,1.0,0.6,0.0,0.6,0.0,0.0,4.99,0.0,0.0,0.0,0.0,0.0,0.0,0.0,0.0,0.0,0.0,0,0,0.0,0,0,0,0,0.0,0,0,0
3,47,470.949,478.981,9,FAL,FAL;Glock19,1.0,1.5583179195975758,3.0748018060708966,-0.28717397771848296,2.036176894210286,0.16433140659911236,0.7929670908253411,0.2649191697016362,0.2682163959297092,0.2427596722993518,0.9242599288358346,0.22811317144739313,11.57049,7.30224,313.551,672.107,1.0,0.0,0.0,0.0,0.0,0.0,0.0,0.0,0.0,0.0,0.0,0.0,0.0,0.0,0.0,0.0,0.0,0,0,0.0,0,0,0,0,0.0,0,0,0
3,48,480.039,489.049,10,Glock19,Glock19,1.0,1.3307633319053083,3.5713871709830305,0.22598846786742657,2.907682397112082,0.19302938993028668,0.8247756344739531,0.30388504922374154,0.2703965350658325,0.26047593768645705,0.5503427389006951,0.27824783923720686,11.180871999999999,3.37899,246.9402,684.237,1.0,0.3,0.0,0.3,0.2,0.2,2.0039999999999996,1.003,0.0,0.0,0.0,0.0,0.0,0.0,0.0,0.0,0.0,0,0,0.0,0,0,0,0,0.0,0,0,0
3,49,490.046,499.068,10,Glock19,Glock19;FAL,1.0,3.9031511985425325,6.777889816321893,0.1419213169943437,4.059372347385515,0.3036840150163657,0.9945089774120293,0.3145945329634339,0.29889328616004873,0.22593624299629217,0.44698199402465333,0.28533989650168995,8.111486600000001,0.424746,274.8558,661.837,1.0,0.4,0.0,0.4,0.0,0.0,5.999,0.0,0.0,0.2,0.0,1.002,0.0,0.0,0.0,0.0,0.0,0,0,0.0,0,0,0,0,0.0,0,0,0
3,50,500.056,509.068,10,FAL,FAL,1.0,1.881152217203049,3.3208354800388333,-0.10802226923584701,2.9312032437868463,0.6530566324505421,1.9058194544427305,0.6391369376688321,0.41342067734282945,0.4677243200173019,0.7036759367592713,0.45389065142455776,81.06444,51.8406,263.61150000000004,633.121,1.0,0.0,0.0,0.0,0.0,0.0,0.0,0.0,0.0,0.0,0.0,0.0,0.0,0.0,0.0,0.0,0.0,0,0,0.0,0,0,0,0,0.0,0,0,0
3,51,510.073,519.082,10,FAL,FAL,1.0,2.3753977013945873,6.147881069956706,0.34012114985714187,2.715862802958104,1.2223899414529522,2.5419670096270743,0.7908876634167079,0.7636235578763161,0.7150592162692402,0.273345608179371,0.7379114067631203,61.050617,7.86517,203.72878,642.996,1.0,0.0,0.0,0.0,0.0,0.0,0.0,0.0,0.0,0.0,0.0,0.0,0.0,0.0,0.0,0.0,0.0,0,0,0.0,0,0,0,0,0.0,0,0,0
3,52,520.093,529.1,10,FAL,FAL,1.0,2.782131118182121,3.331598270426318,-0.3087737146997207,1.3833031205660975,0.6324064711214081,2.0963251977204074,0.7145073233592633,0.6366495185660804,0.5475222756836692,0.2538246668603699,0.707322724347065,121.64654,71.4504,166.84936,646.997,1.0,0.0,0.0,0.0,0.0,0.0,0.0,0.0,0.0,0.0,0.0,0.0,0.0,0.0,0.0,0.0,0.0,0,0,0.0,0,0,0,0,0.0,0,0,0
3,53,530.096,539.14,10,FAL,FAL;Glock19,1.0,2.172606134865746,3.453173963917181,0.03478619873188817,2.7583622260889515,0.1898997706911087,0.6373334510593008,0.239328199554304,0.20322638164337223,0.3395893890988934,0.3579439873479434,0.4568180804551757,49.108929,6.54089,108.4152,111.958,1.0,0.0,0.0,0.0,0.0,0.0,0.0,0.0,0.0,0.0,0.0,0.0,0.0,0.0,0.0,0.0,0.0,0,0,0.0,0,0,0,0,0.0,0,0,0
3,54,540.118,549.235,10,Glock19,Glock19,1.0,3.139795181262918,4.582278557400174,0.1387475086251982,3.6945717210316706,0.3805579101056269,0.973576565549857,0.3189935584136927,0.3472777593640921,0.30889388495053904,0.5338488919518544,0.3232819175753585,21.926614,0.44279,408.26072999999997,614.892,1.0,0.2,0.0,0.2,0.0,0.0,0.994,0.0,0.0,0.1,0.0,0.0,0.0,0.0,0.0,0.0,0.0,0,0,0.0,0,0,0,0,0.0,0,0,0
3,55,550.321,559.255,10,FAL,sem_arma;FAL,0.9,3.4242766854572446,5.9246829453945855,-0.24814685506036982,2.9139382662010878,0.4608803889464995,1.2337512652088352,0.31997307734136743,0.3072827833025593,0.22465031541455743,0.9411557052521309,0.24528417170005706,18.438751,9.96531,340.24236,616.099,1.0,0.0,0.2,0.0,0.0,0.0,0.0,0.0,0.0,0.0,0.0,0.0,0.0,0.0,0.0,0.0,0.0,0,0,0.0,0,0,0,0,0.0,0,0,0
3,56,560.251,569.497,10,FAL,FAL,1.0,0.46733201659475976,1.7132902934464151,-0.07980834523597342,0.9507042138301492,0.039395547426539,0.10831625526129776,0.03942095149288575,0.08915206347583414,0.20240840044905953,0.8564731266525035,0.32664556642041,11.604201,6.523,71.9375,90.4434,1.0,0.0,0.0,0.0,0.0,0.0,0.0,0.0,0.0,0.0,0.0,0.0,0.0,0.0,0.0,0.0,0.0,0,0,0.0,0,0,0,0,0.0,0,0,0
3,57,570.49,579.507,10,FAL,FAL,1.0,1.726624250545879,2.907215803582029,-0.021702297709916073,1.4040243296158879,0.7804782287553854,2.2887255833259696,0.9203409627202809,1.0656153911439885,0.6775214502214623,0.4682724641011925,0.591672617328994,47.720510000000004,12.367,320.58638,495.653,1.0,0.0,0.1,0.0,0.0,0.0,0.0,0.0,0.0,0.0,0.0,0.0,0.0,0.0,0.0,0.0,0.0,0,0,0.0,0,0,0,0,0.0,0,0,0
3,58,580.501,589.515,10,FAL,FAL,1.0,2.0789717223821524,3.717063170710412,0.14726953357349526,2.1678328423483624,0.6690448390582773,1.823305970601764,0.6149286957284343,0.6865455331803547,0.7048943862217348,0.27653323523276435,0.7538153526534088,52.673241,4.51701,407.8115,470.564,1.0,0.1,0.0,0.1,0.0,0.0,0.0,0.0,0.0,0.1,0.0,0.0,0.0,0.0,0.0,0.0,0.0,0,0,0.0,0,0,0,0,0.0,0,0,0
3,59,590.522,599.609,10,FAL,FAL,1.0,2.6025473660766116,6.433277654706076,0.4385992434042122,2.453072272729931,0.8246658130412264,2.929671857826638,0.8755523028094534,0.7104083833676134,0.6669575613619025,0.5256911713290063,0.6848669229171414,29.8152588,0.797458,273.40386,412.586,1.0,0.2,0.0,0.2,0.0,0.0,0.0,0.0,0.0,0.2,0.0,0.0,0.0,0.0,0.0,0.0,0.0,0,0,0.0,0,0,0,0,0.0,0,0,0
3,60,600.609,609.663,10,FAL,FAL,1.0,2.182670006661665,3.4372383367682096,-0.6038903397023729,1.570830926958498,0.13939134296801806,0.42221990006551596,0.17244560561407435,0.2592224930313166,0.3290465084789925,0.7861183349782043,0.6394669304827069,15.196478000000003,4.33639,157.60085999999998,393.245,1.0,0.1,0.0,0.1,0.0,0.0,0.0,0.0,0.0,0.0,0.0,0.0,0.0,0.0,0.0,0.0,0.0,0,0,0.0,0,0,0,0,0.0,0,0,0
3,61,610.668,619.691,10,FAL,FAL,1.0,0.4336434614165524,2.4088573063681125,-0.020440737073672176,2.098619144627209,0.01748642341117931,0.04928879060680989,0.016704271270832474,0.013209597035770895,0.02863531519702574,0.6427063699691256,0.07966129415195451,4.916397,3.36546,98.17989,98.2036,1.0,0.6,0.0,0.6,0.6,0.6,5.013999999999999,5.013999999999999,0.0,0.0,0.0,0.0,0.0,0.0,0.0,0.0,0.0,0,0,0.0,0,0,0,0,0.0,0,0,0
3,62,620.676,629.726,10,FAL,FAL,1.0,0.010157036248311279,0.1015703624831128,-0.010095226405000362,0.0005166295395196647,0.0007307762349764147,0.007307762349764146,0.0023109173624478747,0.0011453690618300396,0.00361257735133196,0.4161687973634322,0.008293966291000212,5.510508,5.5105,98.1807,98.1807,1.0,0.0,0.0,0.0,0.0,0.0,0.0,0.0,0.0,0.0,0.0,0.0,0.0,0.0,0.0,0.0,0.0,0,0,0.0,0,0,0,0,0.0,0,0,0
3,63,630.741,639.957,10,FAL,FAL,1.0,0.8671312537570103,2.9847560639223083,0.23918381823846674,2.961067523732449,0.17071195244526774,0.9000771587233011,0.302003294429494,0.1609444155847186,0.12329725492515897,0.6239971450450585,0.09330719006324292,9.758192,0.29074,124.04195,364.958,1.0,0.1,0.0,0.1,0.0,0.0,0.0,0.0,0.0,0.0,0.0,0.0,0.0,0.0,0.0,0.0,0.0,0,0,0.0,0,0,0,0,0.0,0,0,0
3,64,640.961,648.972,9,FAL,FAL,1.0,2.656821421502919,6.630387015432996,-0.14969651842276827,3.7815599375175446,0.7535472620498942,2.0310258325627704,0.7203590546009914,0.5534703054367978,0.5325122448555921,0.5683628892804719,0.5034825559696353,29.130000000000003,2.12541,141.46461111111114,363.298,1.0,0.3333333333333333,0.0,0.3333333333333333,0.0,0.0,3.014,0.0,0.0,0.0,0.0,0.0,0.0,0.0,0.0,0.0,0.0,0,0,0.0,0,0,0,0,0.0,0,0,0
3,65,650.002,659.982,11,FAL,FAL,1.0,2.4634492473342346,5.199016901829402,0.07492773774962162,1.9295027729309089,0.8198701463310158,1.7802014418261551,0.6100437329695287,0.6015551843249154,0.5515268631558503,0.4869523258844612,0.6100757370603691,55.929641818181814,5.42528,275.06682727272727,353.113,1.0,0.0,0.0,0.0,0.0,0.0,0.0,0.0,0.0,0.0,0.0,0.0,0.0,0.0,0.0,0.0,0.0,0,0,0.0,0,0,0,0,0.0,0,0,0
3,66,660.997,669.0,9,FAL,FAL;Glock19,1.0,1.6644795250564806,4.151050048277,-0.10588815030360421,1.669853036984142,0.8029367216398486,1.641318125869238,0.6798338701568304,0.36991157581014245,0.5365423845673152,0.2283554891549101,0.5976646061807447,24.08540177777778,0.675506,203.78243333333333,356.314,1.0,0.2222222222222222,0.0,0.2222222222222222,0.2222222222222222,0.2222222222222222,1.005,1.005,0.0,0.0,0.0,0.0,0.0,0.0,0.0,0.0,0.0,0,0,0.0,0,0,0,0,0.0,0,0,0
3,67,670.001,679.099,10,Glock19,Glock19,1.0,1.2654843146230514,6.071673532652911,0.500832997951447,2.5340673215133185,0.4019385618305432,2.2475475026819955,0.6847249896042717,0.5439961884212755,0.3789485742414733,0.5577897690290584,0.5034202072256599,34.827927,1.22987,111.85199,352.616,1.0,0.1,0.0,0.1,0.1,0.1,2.006,2.006,0.0,0.0,0.0,0.0,0.0,0.0,0.0,0.0,0.0,0,0,0.0,0,0,0,0,0.0,0,0,0
3,68,680.014,689.031,10,sem_arma,Glock19;sem_arma,0.4,0.7684594536529474,3.880935716859863,-0.5889673057434236,0.41838616896557457,0.23371227537683387,1.9010600671856042,0.5943986195593898,0.3633958746272559,0.48415349611556413,0.6644078415539908,0.7831590518924595,35.574490000000004,16.1151,350.5562,352.646,1.0,0.0,0.0,0.0,0.0,0.0,0.0,0.0,0.0,0.0,0.0,0.0,0.0,0.0,0.0,0.0,0.0,0,0,0.0,0,0,0,0,0.0,0,0,0
3,69,690.188,699.037,10,FAL,CZ550;FAL,1.0,1.9268317746976487,6.525728134265388,0.6161887162384504,3.052784875877771,0.2885108293301439,1.2832029567363596,0.46703531113404884,0.4402727446324037,0.27875617467960045,0.5973881112342665,0.23113631782178748,25.911114200000004,0.841862,268.827,349.163,1.0,0.1,0.0,0.1,0.0,0.0,0.0,0.0,0.0,0.1,0.0,0.0,0.0,0.0,0.0,0.0,0.0,0,0,0.0,0,0,0,0,0.0,0,0,0
3,70,700.299,709.384,10,FAL,FAL,1.0,1.016472877076667,3.601687216510801,-0.5149858660065474,0.7056337836292232,0.10968515898655529,0.5181357790478698,0.15824798721407657,0.12464611064211935,0.1753863511942229,0.5890544278030972,0.33317387943972865,9.3370911,0.838601,78.63725,94.2683,1.0,0.4,0.0,0.4,0.0,0.0,2.006,0.0,0.0,0.0,0.0,0.0,0.0,0.0,0.0,0.0,0.0,0,0,0.0,0,0,0,0,0.0,0,0,0
3,71,710.395,719.235,9,FAL,FAL,1.0,4.34652338314521,7.177528450335346,0.6485670847726568,2.752852830662196,0.4534023237443492,1.2918030357363475,0.46272877672920854,0.5627689441890398,0.43187377929965604,0.30629677146521594,0.38574438132886457,85.31004444444446,22.3159,237.2224111111111,337.178,1.0,0.0,0.0,0.0,0.0,0.0,0.0,0.0,0.0,0.0,0.0,0.0,0.0,0.0,0.0,0.0,0.0,0,0,0.0,0,0,0,0,0.0,0,0,0
3,72,720.241,729.275,10,FAL,FAL,1.0,2.155890175692881,4.080492942106886,-0.4030508382149849,1.8912257835266681,0.3041582309497139,1.4730053917506394,0.44281448423253245,0.41413106349009177,0.40484485813521776,0.5131848799971028,0.4722294750830816,7.960551499999999,0.195835,126.86827000000001,312.905,1.0,0.3,0.0,0.3,0.2,0.2,1.994,0.995,0.0,0.0,0.0,0.0,0.0,0.0,0.0,0.0,0.0,0,0,0.0,0,0,0,0,0.0,0,0,0
3,73,730.288,739.666,10,FAL,FAL,1.0,1.4583454073171331,4.794991048005344,0.17583370049755703,3.2970703505592454,0.2689234252437571,1.2369944925961978,0.45880823611595023,0.2316089558407226,0.20945309625365627,0.4820434891934154,0.2586416897820726,7.198367,3.14093,132.01299,276.443,1.0,0.1,0.0,0.1,0.1,0.1,3.0069999999999997,2.008,0.0,0.0,0.0,0.0,0.0,0.0,0.0,0.0,0.0,0,0,0.0,0,0,0,0,0.0,0,0,0
3,74,740.629,749.644,10,FAL,FAL,1.0,4.01064215717816,5.289570327451647,0.206495790283022,3.5427270172116043,0.6060391151508802,1.5786430334915118,0.48177367589107617,0.590418012258057,0.4572027282231629,0.7252474559042693,0.5288692371194441,10.7797102,0.234902,162.84209,261.267,1.0,0.4,0.0,0.4,0.0,0.0,0.988,0.0,0.0,0.0,0.0,0.0,0.0,0.0,0.0,0.0,0.0,0,0,0.0,0,0,0,0,0.0,0,0,0
3,75,750.662,759.801,10,FAL,FAL,1.0,2.685083181212282,6.999323162285552,-0.4720756625534503,1.9946080944483318,0.18540354846639187,1.036027625307457,0.33195514940683485,0.2153654984964118,0.3871300089659837,0.6679224916380635,0.38537891829917625,13.011168000000001,4.65417,69.252,95.2521,1.0,0.1,0.1,0.1,0.0,0.0,0.0,0.0,0.0,0.0,0.0,0.0,0.0,0.0,0.0,0.0,0.0,0,0,0.0,0,0,0,0,0.0,0,0,0
3,76,760.812,769.813,10,FAL,FAL;Glock19;sem_arma,0.9,1.7009313810209297,4.079104352040374,0.18293448562138806,2.559766294714016,0.25830968595791065,0.5347257096881001,0.21089677201193938,0.22813446229455492,0.21596227550066124,0.5793148822554128,0.2801698513359768,25.083376,1.17686,109.19307,231.059,1.0,0.2,0.0,0.2,0.0,0.0,0.0,0.0,0.0,0.0,0.0,0.0,0.0,0.0,0.0,0.0,0.0,0,0,0.0,0,0,0,0,0.0,0,0,0
3,77,770.813,779.826,10,FAL,FAL,1.0,1.148601189918796,2.8102157951789932,-0.17707694400768506,2.0100200805275756,0.36871424674056424,1.7182685677078184,0.6272237721724662,0.3620403552254435,0.4589727988918336,0.139003366914896,0.5413931339089697,19.176724,7.48464,57.16426,82.6364,1.0,0.0,0.0,0.0,0.0,0.0,0.0,0.0,0.0,0.0,0.0,0.0,0.0,0.0,0.0,0.0,0.0,0,0,0.0,0,0,0,0,0.0,0,0,0
3,78,780.834,789.838,10,FAL,FAL,1.0,4.362401995141571,6.5318671153909245,0.6548865948621303,3.0557840141022763,1.071753294869962,2.725642053212312,1.042684433309279,1.095340585632148,0.8918660905994761,0.3250098310908174,0.9338158868528363,65.25104200000001,9.75403,144.86032,221.877,1.0,0.0,0.0,0.0,0.0,0.0,0.0,0.0,0.0,0.0,0.0,0.0,0.0,0.0,0.0,0.0,0.0,0,0,0.0,0,0,0,0,0.0,0,0,0
3,79,790.85,799.005,9,FAL,FAL,1.0,3.84795836341223,6.717929849709981,-0.5057287424641203,1.5510042869438543,0.35720179385868206,1.1354568367311622,0.4161847251761949,0.46226349966937597,0.3904021399989708,0.7084372699161867,0.6890460701180229,22.446744444444445,1.2874,105.61005555555556,125.523,1.0,0.2222222222222222,0.0,0.2222222222222222,0.2222222222222222,0.2222222222222222,0.997,0.997,0.0,0.0,0.0,0.0,0.0,0.0,0.0,0.0,0.0,0,0,0.0,0,0,0,0,0.0,0,0,0
3,80,800.005,809.75,10,FAL,FAL,1.0,2.3718784738166856,5.576342803764382,-0.03709054563056347,1.8050824567014345,0.1785400023848095,0.5386579736262378,0.21964017899051289,0.21405574604329897,0.1949745670610435,0.5534311830747946,0.24096283242290867,14.744549000000001,9.33239,93.67518,121.695,1.0,0.0,0.0,0.0,0.0,0.0,0.0,0.0,0.0,0.0,0.0,0.0,0.0,0.0,0.0,0.0,0.0,0,0,0.0,0,0,0,0,0.0,0,0,0
3,81,810.754,819.833,10,FAL,FAL,1.0,3.157013031327473,5.193750171949974,0.11421179825525592,3.293567083442075,0.4974086883486987,1.4535673414841896,0.5252477546188612,0.6834483467987643,0.4737507735059411,0.33082309487006906,0.444584069690707,30.160818999999996,3.35719,140.7874,171.082,1.0,0.1,0.1,0.1,0.0,0.0,0.0,0.0,0.0,0.0,0.0,0.0,0.0,0.0,0.0,0.0,0.0,0,0,0.0,0,0,0,0,0.0,0,0,0
3,82,821.312,829.376,9,FAL,FAL,1.0,4.671728106888433,8.258649745121495,0.5643450148875272,4.742081487698681,0.790560419496115,1.3943797254344759,0.4329734639336636,0.6952002305293219,0.5299408840457209,0.16431385346393482,0.5384760275175644,56.16880888888889,8.63238,80.16328888888889,87.4249,1.0,0.0,0.2222222222222222,0.0,0.0,0.0,0.0,0.0,0.0,0.0,0.0,0.0,0.0,0.0,0.0,0.0,0.0,0,0,0.0,0,0,0,0,0.0,0,0,0
3,83,830.381,839.394,10,FAL,FAL,1.0,5.535994526846764,6.777072435693959,-0.22910114705607384,2.7154871799703058,0.5394685471395713,1.3174062860378493,0.4832907705831458,0.4246447050362348,0.4806257729622871,0.3970269323902115,0.44464913366474423,39.119418,8.35656,80.77275999999999,145.523,1.0,0.0,0.0,0.0,0.0,0.0,0.0,0.0,0.0,0.0,0.0,0.0,0.0,0.0,0.0,0.0,0.0,0,0,0.0,0,0,0,0,0.0,0,0,0
3,84,840.391,849.401,10,Glock19,Glock19,1.0,3.420993946361354,6.595997686966205,-0.010917288344233621,2.7737020335284335,0.5790914068790867,1.8229816274511743,0.6194241730731663,0.5966060627267366,0.45648087903164764,0.6642318202331701,0.49184472391277945,27.085573,6.17543,106.17947,142.753,1.0,0.0,0.0,0.0,0.0,0.0,0.0,0.0,0.0,0.0,0.0,0.0,0.0,0.0,0.0,0.0,0.0,0,0,0.0,0,0,0,0,0.0,0,0,0
3,85,850.401,859.423,10,FAL,Glock19;FAL,1.0,1.8105790742273324,4.085339643164115,-0.13708925532578656,2.2340483924158643,0.464224141523219,1.7360122360900312,0.692621735893974,0.5265093244899071,0.5345488559714358,0.5990946595857073,0.6817771002097521,39.06415,11.5686,42.865520000000004,49.0494,1.0,0.0,0.0,0.0,0.0,0.0,0.0,0.0,0.0,0.0,0.0,0.0,0.0,0.0,0.0,0.0,0.0,0,0,0.0,0,0,0,0,0.0,0,0,0
3,86,860.412,869.422,10,FAL,FAL,1.0,1.7707216099505,3.5231397218625515,-0.25562591704568866,1.4378847990697698,0.7510512134084382,2.0968673206169557,0.6424615054872737,0.6593822530233674,0.6860245835253546,0.6137692095047844,0.6551460996934921,65.249868,6.83598,54.804845,118.474,1.0,0.0,0.0,0.0,0.0,0.0,0.0,0.0,0.0,0.0,0.0,0.0,0.0,0.0,0.0,0.0,0.0,0,0,0.0,0,0,0,0,0.0,0,0,0
3,87,870.415,879.472,10,FAL,FAL,1.0,3.116549270502763,6.451356446516188,0.044291814627351475,2.6538384028109685,1.4579678797358808,2.8644699850260475,0.8401776757073998,0.940183658832173,0.8167916315239079,0.2061926268116495,0.7937423315562759,58.512914,7.70074,63.500801,124.71,1.0,0.0,0.0,0.0,0.0,0.0,0.0,0.0,0.0,0.0,0.0,0.0,0.0,0.0,0.0,0.0,0.0,0,0,0.0,0,0,0,0,0.0,0,0,0
3,88,880.478,889.48,10,FAL,FAL,1.0,1.6513850314372547,3.094878799896529,0.05713097043759134,2.135265544383009,0.45921548724395905,1.3316133439530033,0.5329724688693578,0.5215497292730364,0.6794662678598786,0.05709812687831071,0.8415391598828924,43.801955,7.97802,37.758545,116.265,1.0,0.0,0.0,0.0,0.0,0.0,0.0,0.0,0.0,0.0,0.0,0.0,0.0,0.0,0.0,0.0,0.0,0,0,0.0,0,0,0,0,0.0,0,0,0
3,89,890.488,899.36,9,sem_arma,FAL;sem_arma,0.3333333333333333,0.4164429755652412,0.8735119047619061,-0.04231341717004508,0.6079705025965346,1.4096014632886118e-08,1.493102324032831e-08,2.2735222818023484e-09,1.6072884311052551e-09,3.080911288682767e-05,0.3050051187387586,0.2179319777628261,68.2102,50.5807,3.7473111111111113,4.2576,1.0,0.0,0.0,0.0,0.0,0.0,0.0,0.0,0.0,0.0,0.0,0.0,0.0,0.0,0.0,0.0,0.0,0,0,0.0,0,0,0,0,0.0,0,0,0
3,90,900.358,909.42,10,sem_arma,sem_arma,0.0,0.2609005865173416,0.3885148514851488,-0.032562152649429035,0.26571739695448227,1.4815805225387959e-08,1.4976041400851914e-08,2.3661018336129184e-10,2.3222343105917428e-10,1.9837547140784408e-10,0.19046044272067691,2.5970583188443497e-08,82.0838,78.8141,5.843017,6.93448,1.0,0.0,0.0,0.0,0.0,0.0,0.0,0.0,0.0,0.0,0.0,0.0,0.0,0.0,0.0,0.0,0.0,0,0,0.0,0,0,0,0,0.0,0,0,0
3,91,910.421,919.442,10,sem_arma,sem_arma,0.0,48.01603524031263,480.16035240312635,0.48403700477435907,484.5210417791386,0.11733258554098056,1.1733257512348239,0.37103817746268075,0.2346651488029467,0.15741816691573154,0.3027994795317229,0.11131147124804283,52.521507,9.21249,141.14401900000001,453.068,1.0,0.0,0.0,0.0,0.0,0.0,0.0,0.0,0.0,0.0,0.0,0.0,0.0,0.0,0.0,0.0,0.0,0,0,0.0,0,0,0,0,0.0,0,0,0
3,92,920.432,929.525,10,sem_arma,sem_arma,0.0,3.6174317798906763,6.436804406544216,0.10724541395794725,4.58685797837401,0.6919106409242655,1.5972734194834528,0.5680000143242045,0.6825647065652447,0.5452680488145045,0.9423252595643781,0.5184254525033725,50.671367,9.17567,410.1671,453.068,1.0,0.0,0.0,0.0,0.0,0.0,0.0,0.0,0.0,0.0,0.0,0.0,0.0,0.0,0.0,0.0,0.0,0,0,0.0,0,0,0,0,0.0,0,0,0
3,93,930.515,939.604,10,sem_arma,sem_arma,0.0,0.0331472629753177,0.331472629753177,-0.09878016122575575,0.0,0.0,0.0,0.0,0.03338091755417474,0.19929049949266836,0.7597999704033667,0.45018195810632883,38.96176,38.8538,368.2067,369.323,1.0,0.0,0.0,0.0,0.0,0.0,0.0,0.0,0.0,0.0,0.0,0.0,0.0,0.0,0.0,0.0,0.0,0,0,0.0,0,0,0,0,0.0,0,0,0
3,94,940.591,949.606,10,sem_arma,sem_arma,0.0,0.0,0.0,0.0,0.0,0.0,0.0,0.0,0.0,0.0,0.76386041511242,0.0,39.24095,38.9104,372.73670000000004,378.443,1.0,0.0,0.0,0.0,0.0,0.0,0.0,0.0,0.0,0.0,0.0,0.0,0.0,0.0,0.0,0.0,0.0,0,0,0.0,0,0,0,0,0.0,0,0,0
3,95,950.613,959.691,10,sem_arma,sem_arma,0.0,0.06170463106197597,0.6170463106197597,-0.002759131555680694,0.5882233657004382,0.007789269442045031,0.07789269442045031,0.024631832745611218,0.015578538884090063,0.006966934386989819,0.19967191929546552,0.004926366549122244,41.31792,39.6084,381.9738,385.63,1.0,0.0,0.0,0.0,0.0,0.0,0.0,0.0,0.0,0.0,0.0,0.0,0.0,0.0,0.0,0.0,0.0,0,0,0.0,0,0,0,0,0.0,0,0,0
3,96,960.678,969.714,10,sem_arma,sem_arma,0.0,0.0,0.0,0.0,0.0,0.0,0.0,0.0,0.0,0.010450401580484728,0.9983595964773275,0.019705466196488976,44.45669,44.0763,397.5035,405.308,1.0,0.0,0.0,0.0,0.0,0.0,0.0,0.0,0.0,0.0,0.0,0.0,0.0,0.0,0.0,0.0,0.0,0,0,0.0,0,0,0,0,0.0,0,0,0
3,97,970.717,979.726,10,sem_arma,sem_arma,0.0,0.0,0.0,0.0,0.0,0.0,0.0,0.0,0.0,0.0,0.7986876771818621,0.0,45.0261,44.8963,407.85880000000003,408.571,1.0,0.0,0.0,0.0,0.0,0.0,0.0,0.0,0.0,0.0,0.0,0.0,0.0,0.0,0.0,0.0,0.0,0,0,0.0,0,0,0,0,0.0,0,0,0
3,98,980.728,989.74,10,sem_arma,sem_arma,0.0,0.321213532929167,1.8004215742264744,-0.0009247919484582478,1.0763074629995395,0.11547346174653206,0.6014672861088436,0.22548372734399325,0.12029345577176084,0.16619600676636392,0.38569428979475734,0.15459233619733811,15.121799000000001,0.128204,424.91790000000003,437.211,1.0,0.6,0.0,0.6,0.0,0.0,5.008,0.0,0.0,0.6,0.0,5.008,0.0,0.0,0.0,0.0,0.0,0,0,0.0,1,1,0,1,0.16666666666666666,1,0,0
3,99,990.757,999.848,10,sem_arma,sem_arma,0.0,0.0,0.0,0.0,0.0,1.4749900048115264e-08,1.4961005214706483e-08,3.516990578817016e-10,3.6843105651880854e-10,2.9915574489697424e-10,0.5687125671103609,0.0850772135019878,0.128204,0.128204,435.401,435.401,1.0,1.0,0.0,1.0,0.0,0.0,15.116,0.0,0.0,1.0,0.0,15.116,0.0,0.0,0.0,0.0,0.0,0,0,0.0,0,1,0,1,0.16666666666666666,1,0,0
3,100,1000.839,1009.865,10,sem_arma,sem_arma,0.0,0.24427923067822827,1.246596290788209,0.001348278556703697,1.192618161509545,0.0349930875899928,0.34027771174413507,0.10730897374038686,0.06805554085422709,0.07611153069683607,0.8569733572296625,0.09660770311441158,7.6264534,0.128204,407.7882,435.401,1.0,0.1,0.0,0.1,0.0,0.0,16.107,0.0,0.0,0.1,0.0,16.107,0.0,0.0,0.0,0.0,0.0,0,0,0.0,0,1,0,1,0.16666666666666666,1,0,0
3,101,1010.875,1019.185,9,sem_arma,sem_arma,0.0,0.0,0.0,0.0,0.0,0.0,0.0,0.0,0.0,2.466109600420443e-09,0.946892132877779,0.012262396451803066,8.53359,8.53359,404.617,404.617,1.0,0.0,0.0,0.0,0.0,0.0,0.0,0.0,0.0,0.0,0.0,0.0,0.0,0.0,0.0,0.0,0.0,0,0,0.0,0,1,0,1,0.16666666666666666,1,0,0
3,102,1020.18,1029.238,10,sem_arma,sem_arma,0.0,4.352241233456009,6.860440431224663,0.09981271844696735,4.186259864506638,0.45820143924606505,1.3142269143209255,0.44474490480923273,0.45660085123194616,0.3064898838487096,0.9703502289600676,0.26897497400408477,26.012239899999997,0.24309,383.5568,404.614,1.0,0.3,0.0,0.3,0.0,0.0,1.043,0.0,0.0,0.3,0.0,1.043,0.0,0.0,0.0,0.0,0.0,0,0,0.0,0,1,0,1,0.16666666666666666,1,0,0
3,103,1030.235,1039.242,10,sem_arma,sem_arma,0.0,2.6476894146633683,6.76461153084056,0.5741411935131968,5.7326980452847085,0.06268211678580668,0.22940160951733166,0.08498512433325298,0.08917312834211792,0.17921128402429418,0.9590285464342949,0.3515209465852707,31.36831,19.4924,355.2087,361.521,1.0,0.0,0.0,0.0,0.0,0.0,0.0,0.0,0.0,0.0,0.0,0.0,0.0,0.0,0.0,0.0,0.0,0,0,0.0,0,1,0,1,0.16666666666666666,1,0,0
3,104,1040.323,1049.33,10,sem_arma,sem_arma,0.0,6.72798456617966,9.068320824324836,0.03114865344466301,4.811948302072261,0.16463508755536832,0.43854045004304565,0.17634147275393464,0.08225797571086223,0.12843352462946103,0.9410072927900771,0.149734690899436,4.9493547,0.110143,332.4344,384.834,1.0,0.8,0.0,0.8,0.0,0.0,6.005,0.0,0.0,0.8,0.0,6.005,0.0,0.0,0.0,0.0,0.0,0,0,0.0,1,2,0,1,0.3333333333333333,1,0,0
3,105,1050.333,1059.341,10,sem_arma,sem_arma,0.0,6.648449258098618,6.785513614504544,-0.11183572981365823,0.17654506943832265,0.2865030631255438,0.6748716946399151,0.2548807402195392,0.2915028848530396,0.2374996687740854,0.9267716998900666,0.21986594909156407,9.393114,1.74237,257.8933,305.826,1.0,0.7,0.0,0.7,0.0,0.0,7.008,0.0,0.0,0.1,0.0,7.008,0.0,0.0,0.0,0.0,0.0,0,0,0.0,0,1,0,1,0.16666666666666666,1,0,0
3,106,1060.382,1069.421,10,sem_arma,sem_arma,0.0,3.8894736278244095,7.916061154798869,-0.4664247032732125,1.7130565383660439,0.5170432671685496,2.0654467201274485,0.6531434049988833,0.4229367606561044,0.317195171950169,0.9787527267656309,0.3477000439556014,22.928278,2.79855,210.32779999999997,239.35,1.0,0.3,0.0,0.3,0.0,0.0,3.035,0.0,0.0,0.0,0.0,0.0,0.0,0.0,0.0,0.0,0.0,0,0,0.0,0,1,0,1,0.16666666666666666,1,0,0
3,107,1070.422,1079.437,10,sem_arma,sem_arma,0.0,5.091925967570372,7.6937196140434105,0.5391197164649146,2.7732681684937073,0.5739059759453398,1.7311149756842619,0.4920998668060258,0.6462290447535811,0.5589246645763285,0.9339678042606521,0.6432164583787868,20.887774999999998,1.39255,168.4204,209.819,1.0,0.3,0.0,0.3,0.0,0.0,0.997,0.0,0.0,0.0,0.0,0.0,0.0,0.0,0.0,0.0,0.0,0,0,0.0,0,1,0,1,0.16666666666666666,1,0,0
3,108,1080.437,1089.489,10,sem_arma,sem_arma,0.0,4.143600122564309,6.187511667899662,-0.2497355676232961,4.408341876015496,0.30644331630812055,1.300623033650702,0.43196845800819433,0.3105226776172295,0.264238956214817,0.8170663222234834,0.34099081857450486,54.17092699999999,4.99187,127.6443,175.752,1.0,0.1,0.0,0.1,0.0,0.0,0.0,0.0,0.0,0.0,0.0,0.0,0.0,0.0,0.0,0.0,0.0,0,0,0.0,0,1,0,1,0.16666666666666666,1,0,0
3,109,1090.488,1099.503,10,sem_arma,sem_arma,0.0,3.776529122623414,6.927887399669745,0.01079127378947443,2.3377281014377367,0.783761884721651,2.9769638339242452,1.0402906639690532,1.198536370763206,0.9585691836446539,0.7394001105630029,0.9551033207091046,45.766242,1.41913,133.01516999999998,175.752,1.0,0.4,0.0,0.4,0.0,0.0,1.9989999999999999,0.0,0.0,0.0,0.0,0.0,0.0,0.0,0.0,0.0,0.0,0,0,0.0,0,1,0,1,0.16666666666666666,1,0,0
3,110,1100.505,1109.525,10,sem_arma,sem_arma,0.0,2.5959481845740227,5.375775168105674,0.1633502314251515,2.610420681676346,0.6496114969170126,1.4651319564791174,0.3805706869981662,0.46426468106172836,0.39854425455389997,0.608504258977894,0.539357756146623,77.88284,3.04902,121.72274999999999,147.996,1.0,0.1,0.0,0.1,0.0,0.0,0.0,0.0,0.0,0.0,0.0,0.0,0.0,0.0,0.0,0.0,0.0,0,0,0.0,0,1,0,1,0.16666666666666666,1,0,0
3,111,1110.548,1119.735,10,sem_arma,sem_arma,0.0,3.679720234072638,5.7631778049495335,-0.0410767801524724,3.656101771155328,0.8615897466935746,1.6883476182096993,0.4778627332255943,0.5023360739571551,0.40083545699974044,0.34866660681345174,0.40082887578297727,72.196785,3.92935,126.44386,172.162,1.0,0.1,0.0,0.1,0.0,0.0,0.0,0.0,0.0,0.0,0.0,0.0,0.0,0.0,0.0,0.0,0.0,0,0,0.0,0,0,0,0,0.0,0,0,0
3,112,1120.738,1129.774,10,sem_arma,sem_arma,0.0,3.2813211385140297,5.492139837986946,-0.3239901172783023,3.8399717089807623,0.8887666561172545,1.9610538054196474,0.7988088332255334,0.8403413388974655,0.692095204242323,0.256785884132652,0.6942074791577235,62.667761,8.14931,92.13081,160.163,1.0,0.0,0.0,0.0,0.0,0.0,0.0,0.0,0.0,0.0,0.0,0.0,0.0,0.0,0.0,0.0,0.0,0,0,0.0,0,0,0,0,0.0,0,0,0
3,113,1131.199,1139.39,9,sem_arma,sem_arma,0.0,2.833793426313859,5.0351544373582335,0.1855536232773051,2.244329506288389,0.9826509722025961,2.2925009305377726,0.7937771193727109,1.0145309977447647,0.6252210718298917,0.29820231977162004,0.617589134315226,59.888381111111116,2.73151,127.46564444444445,162.94,1.0,0.1111111111111111,0.0,0.1111111111111111,0.0,0.0,0.0,0.0,0.0,0.0,0.0,0.0,0.0,0.0,0.0,0.0,0.0,0,0,0.0,0,0,0,0,0.0,0,0,0
3,114,1140.587,1149.615,10,sem_arma,sem_arma,0.0,3.724402477340822,6.719971232473232,0.4477312510726443,4.9764166410416095,1.1616197769272147,2.537726266538122,0.7465674102465266,0.9211452425026412,0.8191187210135608,0.45880415187884827,0.834038794396615,53.27183,1.80222,105.51393,145.347,1.0,0.2,0.0,0.2,0.0,0.0,0.0,0.0,0.0,0.0,0.0,0.0,0.0,0.0,0.0,0.0,0.0,0,0,0.0,0,0,0,0,0.0,0,0,0
3,115,1150.612,1159.25,9,sem_arma,sem_arma,0.0,3.0642679805856314,6.5043784452800715,-0.009255979054691462,3.701076413723556,0.8754876843884368,1.5896519570725656,0.5597287563580773,0.5842158635455275,0.6088410921333115,0.6843816464770894,0.6300633082630813,34.295003333333334,5.24733,48.32992222222222,123.654,1.0,0.0,0.0,0.0,0.0,0.0,0.0,0.0,0.0,0.0,0.0,0.0,0.0,0.0,0.0,0.0,0.0,0,0,0.0,0,0,0,0,0.0,0,0,0
3,116,1160.252,1169.373,10,sem_arma,sem_arma,0.0,2.6857367209832157,4.836974378036776,-0.3863696888636931,1.9570720791285068,0.9028512690593022,2.6111007053356055,0.7064461652762617,0.718356666272443,0.6798219732829457,0.8078555346262919,0.7076108252901552,98.51301,29.512,98.52973,124.525,1.0,0.0,0.0,0.0,0.0,0.0,0.0,0.0,0.0,0.0,0.0,0.0,0.0,0.0,0.0,0.0,0.0,0,0,0.0,0,0,0,0,0.0,0,0,0
3,117,1170.357,1179.324,10,sem_arma,sem_arma,0.0,3.302868631170008,6.435587779693244,0.1047221333551905,4.235737540558217,1.0733862741904365,2.6310067052501886,0.9440866218474256,1.0385188773933887,0.8780121959666257,0.6387563136674872,0.8075465007730436,37.853125999999996,2.78558,94.78020000000001,122.215,1.0,0.2,0.0,0.2,0.0,0.0,1.012,0.0,0.0,0.0,0.0,0.0,0.0,0.0,0.0,0.0,0.0,0,0,0.0,0,0,0,0,0.0,0,0,0
3,118,1180.32,1189.848,10,sem_arma,sem_arma,0.0,2.963668947489108,6.564053287069306,0.1301783270597759,3.583672193151496,0.6750092844943513,2.104300315092533,0.6754825076997446,0.7589191012145975,0.803009184501235,0.27776147259173667,0.8369022187063273,84.10028,21.7645,38.45118,114.571,1.0,0.0,0.0,0.0,0.0,0.0,0.0,0.0,0.0,0.0,0.0,0.0,0.0,0.0,0.0,0.0,0.0,0,0,0.0,0,0,0,0,0.0,0,0,0
3,119,1190.854,1199.982,10,sem_arma,sem_arma,0.0,4.10781596610276,6.954839040408708,-0.1862097657963411,2.2079460887665445,0.8763625438911165,2.071774896643008,0.7261603987009975,0.6776508496033818,0.6507159471942878,0.43366857223718663,0.6630522089912605,98.30823000000001,54.8411,97.10127,133.241,1.0,0.0,0.0,0.0,0.0,0.0,0.0,0.0,0.0,0.0,0.0,0.0,0.0,0.0,0.0,0.0,0.0,0,0,0.0,0,0,0,0,0.0,0,0,0
3,120,1200.98,1209.994,10,sem_arma,sem_arma,0.0,3.0699216391130424,6.848032261890715,0.37227363668459923,3.054944844900751,0.6639195023099556,2.875107886948904,0.8557700184260834,0.6253298972596035,0.6327280850653163,0.5292828170288894,0.6881638572701606,96.4603,29.0634,38.70748,130.569,1.0,0.0,0.0,0.0,0.0,0.0,0.0,0.0,0.0,0.0,0.0,0.0,0.0,0.0,0.0,0.0,0.0,0,0,0.0,0,0,0,0,0.0,0,0,0
3,121,1211.001,1219.087,9,sem_arma,sem_arma,0.0,1.1404418950434088,5.483391337692862,-0.7616252579712672,0.0,0.2845668985340974,1.3782847397195388,0.4851336675149892,0.33640961256215324,0.504090788915588,0.2876275365171723,0.7814867411220614,102.07762222222223,90.4748,117.4141111111111,117.83,1.0,0.0,0.0,0.0,0.0,0.0,0.0,0.0,0.0,0.0,0.0,0.0,0.0,0.0,0.0,0.0,0.0,0,0,0.0,0,0,0,0,0.0,0,0,0
3,122,1220.195,1229.202,10,sem_arma,sem_arma,0.0,0.0,0.0,0.0,0.0,0.0,0.0,0.0,0.0,0.0,0.6828194519135244,0.09302386203388627,90.4748,90.4748,117.83,117.83,1.0,0.0,0.0,0.0,0.0,0.0,0.0,0.0,0.0,0.0,0.0,0.0,0.0,0.0,0.0,0.0,0.0,0,0,0.0,0,0,0,0,0.0,0,0,0
3,123,1230.205,1239.216,10,sem_arma,sem_arma,0.0,0.0,0.0,0.0,0.0,0.04013133005005502,0.40131330050055025,0.126906408490133,0.04013133005005502,0.017947276403880615,0.2417163106781441,0.012690640849013298,88.17353,67.4621,117.83,117.83,1.0,0.0,0.0,0.0,0.0,0.0,0.0,0.0,0.0,0.0,0.0,0.0,0.0,0.0,0.0,0.0,0.0,0,0,0.0,0,0,0,0,0.0,0,0,0
3,124,1240.218,1249.529,7,sem_arma,sem_arma,0.0,3.6800799092539997,6.464350628881215,0.5818358744337112,4.808101666760552,0.5650847584471318,1.5962584877680792,0.5326865267893178,0.6041944606839955,0.5371520330572536,0.8128328697411812,0.5085347702748637,8.663154285714286,4.21988,105.33445714285713,117.48,1.0,0.2857142857142857,0.0,0.2857142857142857,0.0,0.0,0.0,0.0,0.0,0.0,0.0,0.0,0.0,0.0,0.0,0.0,0.0,0,0,0.0,0,0,0,0,0.0,0,0,0
3,125,1253.714,1259.76,6,sem_arma,sem_arma,0.0,3.943295987952526,6.6563701846980035,1.2220506193106817,3.207072554221478,0.6863732697511101,1.5320065067800328,0.5424506537768844,0.5097300466375163,0.3945903637767297,0.8130845877295602,0.4485001827312596,50.21723666666667,3.88212,67.44225,80.9225,1.0,0.16666666666666666,0.0,0.16666666666666666,0.0,0.0,0.0,0.0,0.0,0.0,0.0,0.0,0.0,0.0,0.0,0.0,0.0,0,0,0.0,0,0,0,0,0.0,0,0,0
3,126,1260.771,1269.35,9,sem_arma,sem_arma,0.0,2.6933289639208344,4.068727273436079,-0.654748202941656,1.1276076964288118,0.6968100358674844,1.7802800217988461,0.6927358656841578,0.6289707525590466,0.694760713439045,0.6520293628828588,0.6268553100033284,56.78588888888889,27.1717,42.58369999999999,69.997,1.0,0.0,0.0,0.0,0.0,0.0,0.0,0.0,0.0,0.0,0.0,0.0,0.0,0.0,0.0,0.0,0.0,0,0,0.0,0,0,0,0,0.0,0,0,0
3,127,1270.367,1279.382,10,sem_arma,sem_arma,0.0,1.6950699791948274,5.888774501355584,0.0933962876888393,5.6159877680769235,0.5151679121681798,1.9242402418979756,0.7514807180680467,0.7874209908320152,0.6966762331128856,0.5013912479500723,0.7293036710714046,42.043528,2.68132,57.99808,88.6718,1.0,0.1,0.0,0.1,0.0,0.0,0.0,0.0,0.0,0.0,0.0,0.0,0.0,0.0,0.0,0.0,0.0,0,0,0.0,0,0,0,0,0.0,0,0,0
3,128,1280.387,1289.39,10,sem_arma,sem_arma,0.0,4.072287680765131,7.361952356186333,0.5681174399678302,4.273669520749319,0.584421977247229,1.6499750441309997,0.6514928728690559,0.9297326480974238,0.6772853889350408,0.30425392116054006,0.6828282818116227,14.978919999999999,2.56521,63.35174000000001,86.7213,1.0,0.3,0.0,0.3,0.0,0.0,2.001,0.0,0.0,0.0,0.0,0.0,0.0,0.0,0.0,0.0,0.0,0,0,0.0,0,0,0,0,0.0,0,0,0
3,129,1290.539,1299.689,10,sem_arma,sem_arma,0.0,2.3743130770465926,5.175359623216919,-0.5349976587950105,2.404244660364763,0.9641648861191326,2.270957335876443,0.6745261482542603,0.8061820248671612,0.5999947452857282,0.6599084556095013,0.6005549633302842,37.986228,1.11698,48.011700000000005,61.5843,1.0,0.1,0.0,0.1,0.0,0.0,0.0,0.0,0.0,0.0,0.0,0.0,0.0,0.0,0.0,0.0,0.0,0,0,0.0,0,0,0,0,0.0,0,0,0
3,130,1300.69,1309.105,8,sem_arma,sem_arma,0.0,3.1975004081305016,13.090428221869868,0.27498525499562687,13.002732872191613,0.5867700060197035,1.603863304387115,0.4825269111921127,0.5105045941090706,0.4898410918548942,0.7318977024661663,0.6368317847909608,63.443305,1.49384,49.232124999999996,61.8001,1.0,0.125,0.0,0.125,0.0,0.0,0.0,0.0,0.0,0.0,0.0,0.0,0.0,0.0,0.0,0.0,0.0,0,0,0.0,0,0,0,0,0.0,0,0,0
3,131,1310.103,1319.16,10,sem_arma,sem_arma,0.0,2.988736600178323,5.403014500735107,0.16324033812259447,2.890309386890132,1.2338206705361814,2.9029261746298403,0.7516409451464399,0.9754692148753168,0.7559319924021668,0.6439648688434643,0.6455292702378852,31.136933999999997,4.08154,58.53405,81.4402,1.0,0.1,0.0,0.1,0.0,0.0,0.0,0.0,0.0,0.0,0.0,0.0,0.0,0.0,0.0,0.0,0.0,0,0,0.0,0,0,0,0,0.0,0,0,0
3,132,1320.175,1329.793,9,sem_arma,sem_arma,0.0,2.147741095437832,4.767195441650837,-0.26605179925097944,4.727420681093378,1.1540358822224157,2.205164975834074,0.9450915224425576,0.9226411176528385,0.7921462116784289,0.25796501218048035,0.8412733402996566,42.93791777777778,2.4116,47.1486,61.2466,1.0,0.2222222222222222,0.0,0.2222222222222222,0.0,0.0,1.001,0.0,0.0,0.0,0.0,0.0,0.0,0.0,0.0,0.0,0.0,0,0,0.0,0,0,0,0,0.0,0,0,0
3,133,1330.793,1339.314,9,sem_arma,sem_arma,0.0,0.0,0.0,-0.012798635301111817,0.0,0.0,0.0,0.0,0.0,0.3588879933535915,0.10826558795903524,0.855269673704425,2.409962222222222,2.40843,61.13772222222222,61.1437,1.0,1.0,0.0,1.0,0.0,0.0,10.522,0.0,0.0,0.0,0.0,0.0,0.0,0.0,0.0,0.0,0.0,0,0,0.0,0,0,0,0,0.0,0,0,0
3,134,1340.316,1349.317,10,sem_arma,sem_arma,0.0,1.9011864468605002,4.146286635308466,0.3574612596314971,2.421107991481422,0.7075291036484213,3.0831814682707614,0.9429330065006679,0.6929664869474126,0.7127701395554568,0.22679224368882625,0.6851366004012822,28.327717999999997,2.47441,55.47054000000001,62.5769,1.0,0.3,0.0,0.3,0.0,0.0,13.526,0.0,0.0,0.0,0.0,0.0,0.0,0.0,0.0,0.0,0.0,0,0,0.0,0,0,0,0,0.0,0,0,0
3,135,1350.316,1359.522,10,sem_arma,sem_arma,0.0,1.8401208353379783,4.137374646269684,-0.1321048818619996,3.4427059220054352,0.2501126795709968,1.0110971398794701,0.2787228006397323,0.3122064280036011,0.3343426059228808,0.5890012958685071,0.5230673566940476,45.02363,14.7532,51.04423,85.1176,1.0,0.0,0.0,0.0,0.0,0.0,0.0,0.0,0.0,0.0,0.0,0.0,0.0,0.0,0.0,0.0,0.0,0,0,0.0,0,0,0,0,0.0,0,0,0
3,136,1360.521,1369.546,10,sem_arma,sem_arma,0.0,2.3750289292591744,6.595592869933645,0.031751454842324965,2.7148974599662874,0.5580532450198066,1.9881892412306894,0.5881124806036943,0.46493351876214967,0.5018739375040401,0.4423714924583063,0.5375900211909095,48.852649,1.91469,50.414139999999996,80.2944,1.0,0.1,0.0,0.1,0.0,0.0,0.0,0.0,0.0,0.0,0.0,0.0,0.0,0.0,0.0,0.0,0.0,0,0,0.0,0,0,0,0,0.0,0,0,0
3,137,1371.902,1379.081,7,sem_arma,sem_arma,0.0,0.8975355154967739,2.1962022726676937,-0.07567335387738254,0.926081014544414,0.9283717127326933,3.0160306606099927,1.0378787335501785,1.084039601521558,0.8395162914068217,0.17373805033737197,0.7250628127440678,50.52905714285714,12.2326,61.45774285714286,87.7069,1.0,0.0,0.0,0.0,0.0,0.0,0.0,0.0,0.0,0.0,0.0,0.0,0.0,0.0,0.0,0.0,0.0,0,0,0.0,0,0,0,0,0.0,0,0,0
3,138,1380.1,1389.205,10,sem_arma,sem_arma,0.0,2.6990794264475615,6.60646369033771,0.03276555770662404,4.307103980317433,0.7640614547889983,1.881749060074171,0.585103060467706,0.5835925664383039,0.6252408021000144,0.5736798522526639,0.768167633444095,45.816569,1.30656,40.56592,73.4588,1.0,0.3,0.0,0.3,0.0,0.0,0.995,0.0,0.0,0.0,0.0,0.0,0.0,0.0,0.0,0.0,0.0,0,0,0.0,0,0,0,0,0.0,0,0,0
3,139,1390.209,1399.217,10,sem_arma,sem_arma,0.0,2.7322071755640027,5.969344994319854,0.07585783019893605,4.457470905645191,0.432666616093791,1.265670561416745,0.3998097634062271,0.5939870122167621,0.42814551043868765,0.6490790459215239,0.502272038227814,72.74802,36.0889,46.33386,68.912,1.0,0.0,0.0,0.0,0.0,0.0,0.0,0.0,0.0,0.0,0.0,0.0,0.0,0.0,0.0,0.0,0.0,0,0,0.0,0,0,0,0,0.0,0,0,0
3,140,1400.218,1409.246,10,sem_arma,sem_arma,0.0,3.1189289074237814,6.1150490424136175,0.4420874169560389,5.601999811073838,0.9254945853219485,2.015329645002782,0.606596549797233,0.7413910644732261,0.5847116899329119,0.6278260054555835,0.5714624553939738,56.839234,3.93064,89.35949000000001,103.745,1.0,0.1,0.0,0.1,0.0,0.0,0.0,0.0,0.0,0.0,0.0,0.0,0.0,0.0,0.0,0.0,0.0,0,0,0.0,0,0,0,0,0.0,0,0,0
3,141,1410.24,1419.244,10,sem_arma,sem_arma,0.0,1.371396050138911,4.891067671185256,-0.6108321863626455,0.8802356748868699,0.6053639446707294,2.1629100564968105,0.7462544865376728,0.3352759446216816,0.4434038415523382,0.33792135214334945,0.6146958773290786,77.956141,8.41881,85.28662,123.139,1.0,0.0,0.0,0.0,0.0,0.0,0.0,0.0,0.0,0.0,0.0,0.0,0.0,0.0,0.0,0.0,0.0,0,0,0.0,0,0,0,0,0.0,0,0,0
3,142,1420.245,1429.584,10,sem_arma,sem_arma,0.0,0.0,0.0,0.0,0.0,2.0533408159828507e-08,2.124337122524901e-08,1.6658735176445183e-09,6.225794888644843e-10,2.977966443342178e-10,0.22300258024434788,0.1762856223849223,73.3171,73.3171,79.1754,79.1754,1.0,0.0,0.0,0.0,0.0,0.0,0.0,0.0,0.0,0.0,0.0,0.0,0.0,0.0,0.0,0.0,0.0,0,0,0.0,0,0,0,0,0.0,0,0,0
3,143,1431.062,1439.062,9,sem_arma,sem_arma,0.0,0.0,0.0,0.0,0.0,2.0316987440128006e-08,2.1329376776768235e-08,2.2763994204952235e-09,1.10633156526865e-09,1.903949688900692e-09,0.36828212417634704,2.5824383911723847e-09,73.3171,73.3171,79.1754,79.1754,1.0,0.0,0.0,0.0,0.0,0.0,0.0,0.0,0.0,0.0,0.0,0.0,0.0,0.0,0.0,0.0,0.0,0,0,0.0,0,0,0,0,0.0,0,0,0
3,144,1440.066,1449.074,10,sem_arma,sem_arma,0.0,0.13944361080066187,0.998003997005988,-0.0005929014787445619,0.9960119730598682,0.05287181973469458,0.4940168017845869,0.15538571709444904,0.10574362052832997,0.11256122353352178,0.45714285522471254,0.12447579388129897,96.78662,73.3171,79.12541999999999,79.1754,1.0,0.0,0.0,0.0,0.0,0.0,0.0,0.0,0.0,0.0,0.0,0.0,0.0,0.0,0.0,0.0,0.0,0,0,0.0,0,0,0,0,0.0,0,0,0
3,145,1450.073,1459.086,10,sem_arma,sem_arma,0.0,0.15843074449741382,1.5843074449741381,0.15874824097937254,1.5874824097937255,0.1742008905953008,1.742008905953008,0.5508715847109557,0.1742008905953008,0.07790500662241928,0.42025018055169217,0.08835900701701227,93.454565,5.47565,79.21215,79.8813,1.0,0.0,0.0,0.0,0.0,0.0,0.0,0.0,0.0,0.0,0.0,0.0,0.0,0.0,0.0,0.0,0.0,0,0,0.0,0,0,0,0,0.0,0,0,0
3,146,1460.089,1469.096,10,sem_arma,sem_arma,0.0,2.6138448599937107,5.412023651094891,-0.055913021590368726,1.8341352879370703,0.7932699970588459,2.727968912109304,0.8887725549171436,0.7209957716030898,0.8143520830810445,0.3774796767876766,0.8846762770428482,20.298298,3.13144,84.95634,115.167,1.0,0.1,0.0,0.1,0.0,0.0,0.0,0.0,0.0,0.0,0.0,0.0,0.0,0.0,0.0,0.0,0.0,0,0,0.0,0,0,0,0,0.0,0,0,0
3,147,1470.1,1479.11,10,sem_arma,sem_arma,0.0,1.1384035561154335,3.580567377864445,-0.10469530474615989,3.2597347106749255,0.18219072882909287,1.126406518746002,0.3427366509297789,0.2562695465704945,0.2880387177888583,0.4753341966892311,0.47450351358924775,36.959230000000005,16.1231,21.363996,67.4942,1.0,0.0,0.7,0.0,0.0,0.0,0.0,0.0,0.0,0.0,0.0,0.0,0.0,0.0,0.0,0.0,0.0,0,0,0.0,0,0,0,0,0.0,0,0,0
3,148,1480.119,1485.16,6,sem_arma,sem_arma,0.0,0.0,0.0,0.0,0.0,0.0,0.0,0.0,0.0,5.372575748713175e-06,0.5834681128283022,0.1867467800649806,75.9064,53.525,11.734963333333333,60.8166,1.0,0.0,0.8333333333333334,0.0,0.0,0.0,0.0,0.0,0.0,0.0,0.0,0.0,0.0,0.0,0.0,0.0,0.0,0,0,0.0,0,0,0,0,0.0,0,0,0
