jogador_sessao,janela_analise_10s,inicio_janela_s,fim_janela_s,amostras,arma_predominante,armas_observadas,taxa_arma_empunhada,vel_posicao_media,vel_posicao_max,aceleracao_media,aceleracao_max,vel_rotacao_media,vel_rotacao_max,vel_rotacao_std,jitter_medio,entropia_media,eficiencia_trajeto_media,variacao_camera_media,angulo_alvo_medio,angulo_alvo_min,distancia_alvo_media,distancia_alvo_max,taxa_alvo_encontrado,taxa_alvo_na_mira,taxa_visao_direta,taxa_alvo_oculto,taxa_mirando_alvo,taxa_mira_oculta,duracao_rastreando_oculto_max,duracao_mirando_oculto_max,duracao_perseguicao_oculta_max,taxa_alvo_oculto_300m,taxa_mira_oculta_300m,duracao_observando_oculto_300m_max,duracao_mirando_oculto_300m_max,taxa_ads_oculta_300m,taxa_precisao_oculta_300m,duracao_ads_oculto_300m_max,duracao_precisao_oculta_300m_max,contagem_episodios_esp_120s_max,contagem_episodios_ads_120s_max,duracao_speedhack_max,pontos_evento_total,pontos_suspeita_60s_max,tipos_evidencia_60s_max,nivel_suspeita_max,indice_regra_0a1,padrao_suspeito,candidato_revisao,candidato_banimento
1,0,0.0,9.809,11,sem_arma,sem_arma,0.0,0.9536963910178549,4.55721149067976,0.4112619513382663,2.711741139729343,0.6189972296348302,2.5587226099916376,0.9024543645882248,0.5087512430085227,0.3883044868561176,0.0,0.3450351531525522,64.98103422727273,0.0279765,3.7355490909090907,7.00982,1.0,0.09090909090909091,1.0,0.0,0.0,0.0,0.0,0.0,0.0,0.0,0.0,0.0,0.0,0.0,0.0,0.0,0.0,0,0,0.0,0,0,0,0,0.0,0,0,0
1,1,10.815,19.932,10,sem_arma,sem_arma,0.0,4.785354934737489,7.180222141086626,-0.28783687217259274,2.4884750072861874,0.6470254858006672,2.452501663905508,0.7416838359599898,0.548955853985331,0.5644010868636105,0.06349691065055031,0.7532994390127288,129.34931999999998,97.2092,25.347699999999996,36.8728,1.0,0.0,0.3,0.0,0.0,0.0,0.0,0.0,0.0,0.0,0.0,0.0,0.0,0.0,0.0,0.0,0.0,0,0,0.0,0,0,0,0,0.0,0,0,0
1,2,20.941,29.152,8,sem_arma,sem_arma,0.0,2.413669752775623,5.355507363319846,-0.0053082550732039754,4.039791769286959,0.6890997562388169,2.168875621114177,0.7512983213602008,0.719571874748831,0.7793511199761984,0.6153410904909898,0.8697175838927502,106.4298,47.6575,43.9664375,47.0677,1.0,0.0,0.0,0.0,0.0,0.0,0.0,0.0,0.0,0.0,0.0,0.0,0.0,0.0,0.0,0.0,0.0,0,0,0.0,0,0,0,0,0.0,0,0,0
1,3,30.152,39.164,10,sem_arma,sem_arma,0.0,1.0288433645427422,2.7304941655399215,0.016504078264905287,1.2132625449046914,0.8198562787056325,2.3172732749217118,0.9389655673064051,0.6691598122177297,0.5866621848859556,0.5744255636803156,0.698192374968152,61.15715,19.366,46.42188,46.9131,1.0,0.0,0.0,0.0,0.0,0.0,0.0,0.0,0.0,0.0,0.0,0.0,0.0,0.0,0.0,0.0,0.0,0,0,0.0,0,0,0,0,0.0,0,0,0
1,4,40.169,49.172,10,sem_arma,sem_arma,0.0,3.459425814439702,6.152029909883818,0.4406005463225092,4.543352794895695,0.8813167509512674,1.9900158260973215,0.6675603480985428,0.8117524949869626,0.6750048914767783,0.27003964807664305,0.7970385102749467,84.12501,15.5804,41.517160000000004,46.6798,1.0,0.0,0.0,0.0,0.0,0.0,0.0,0.0,0.0,0.0,0.0,0.0,0.0,0.0,0.0,0.0,0.0,0,0,0.0,0,0,0,0,0.0,0,0,0
1,5,50.174,59.187,10,sem_arma,sem_arma,0.0,2.3829535712261727,5.323104815716443,-0.5113340536161513,2.979558771725128,1.190889129130682,2.790863577542838,0.8227044062334155,1.0526621403660785,0.8911417396506343,0.5534589992574983,0.8154491452436036,119.58427999999999,52.4243,45.039069999999995,48.0261,1.0,0.0,0.0,0.0,0.0,0.0,0.0,0.0,0.0,0.0,0.0,0.0,0.0,0.0,0.0,0.0,0.0,0,0,0.0,0,0,0,0,0.0,0,0,0
1,6,60.189,69.247,10,sem_arma,sem_arma,0.0,3.8972796657355224,6.189970340332693,0.19145556862719273,2.531599804849268,0.8619589550128733,2.1381332604166867,0.6433079270300339,0.7025498718904419,0.5505735053887204,0.4206908116255108,0.6485850294245813,119.33377,15.7576,53.96034999999999,68.039,1.0,0.0,0.0,0.0,0.0,0.0,0.0,0.0,0.0,0.0,0.0,0.0,0.0,0.0,0.0,0.0,0.0,0,0,0.0,0,0,0,0,0.0,0,0,0
1,7,70.203,79.382,10,sem_arma,sem_arma,0.0,0.3823594374055739,2.7607587425498568,-0.20227612703355669,1.4675221357337724,0.24815265950170753,1.8385710620476805,0.5748659260523845,0.42526160117285805,0.4434161391162476,0.5148083143238298,0.5775581220261545,117.58467,97.3858,71.91866,72.2378,1.0,0.0,0.0,0.0,0.0,0.0,0.0,0.0,0.0,0.0,0.0,0.0,0.0,0.0,0.0,0.0,0.0,0,0,0.0,0,0,0,0,0.0,0,0,0
1,8,80.379,89.391,10,sem_arma,sem_arma,0.0,2.105072440730859,5.324825528328824,0.5324044636623416,2.4110896848005408,0.8428737648613474,2.753746382888637,0.935484258926274,1.0333878868818052,0.6324357352433346,0.5765112200943323,0.7012842852660555,81.789153,8.84953,72.18026,75.1865,1.0,0.0,0.0,0.0,0.0,0.0,0.0,0.0,0.0,0.0,0.0,0.0,0.0,0.0,0.0,0.0,0.0,0,0,0.0,0,0,0,0,0.0,0,0,0
1,9,90.394,99.404,10,sem_arma,sem_arma,0.0,2.424799317942614,6.42583181368594,-0.5326492177435723,1.0490984735056805,0.585835430403056,1.897394565755386,0.6845911812643529,0.6780696272617315,0.7078706978568956,0.31591661706285595,0.7855568581982734,106.59190000000001,43.8861,69.01201999999999,71.2743,1.0,0.0,0.0,0.0,0.0,0.0,0.0,0.0,0.0,0.0,0.0,0.0,0.0,0.0,0.0,0.0,0.0,0,0,0.0,0,0,0,0,0.0,0,0,0
1,10,100.407,109.414,10,sem_arma,sem_arma,0.0,1.3574970920490916,2.852457844506125,0.22863979151723793,2.8339726615941063,0.4747968565959453,1.3910048816785399,0.5387226725083465,0.5820236518740012,0.46097534246220995,0.5246850674523194,0.546453093327957,70.70494,30.1779,71.74431999999999,73.4422,1.0,0.0,0.0,0.0,0.0,0.0,0.0,0.0,0.0,0.0,0.0,0.0,0.0,0.0,0.0,0.0,0.0,0,0,0.0,0,0,0,0,0.0,0,0,0
1,11,110.42,119.426,10,sem_arma,sem_arma,0.0,3.7413607297144145,6.692869333292482,-0.0954318568762757,4.201120010511822,0.9660568407665003,2.555187104518223,0.857507691606638,0.7729661574897589,0.7205217392610395,0.6478878960956451,0.6428500813835467,53.957687,5.75963,50.47819,68.7559,1.0,0.0,0.0,0.0,0.0,0.0,0.0,0.0,0.0,0.0,0.0,0.0,0.0,0.0,0.0,0.0,0.0,0,0,0.0,0,0,0,0,0.0,0,0,0
1,12,120.425,129.442,10,sem_arma,sem_arma,0.0,0.10733567913747236,0.6523408842724443,-0.12892934972968859,0.651689195077367,0.08778861612452807,0.8149410917519251,0.2562158955392189,0.14755720326778765,0.3413366950469471,0.8228283837732221,0.7663041406134106,106.22409999999999,105.117,39.684960000000004,39.915,1.0,0.0,0.0,0.0,0.0,0.0,0.0,0.0,0.0,0.0,0.0,0.0,0.0,0.0,0.0,0.0,0.0,0,0,0.0,0,0,0,0,0.0,0,0,0
1,13,130.438,139.458,10,sem_arma,sem_arma,0.0,0.0,0.0,0.0,0.0,0.0,0.0,0.0,0.0,3.527161373088403e-08,0.8673781751137668,0.0039182687973020125,105.13699999999999,105.118,39.61413,39.6176,1.0,0.0,0.0,0.0,0.0,0.0,0.0,0.0,0.0,0.0,0.0,0.0,0.0,0.0,0.0,0.0,0.0,0,0,0.0,0,0,0,0,0.0,0,0,0
1,14,140.453,149.467,10,sem_arma,sem_arma,0.0,0.7801983668930952,2.675260193668952,0.2664189963691694,1.7382812845156084,0.2760244742395145,1.1617211251237893,0.46468829928260125,0.17022690936856355,0.13273888368338133,0.7521191926970167,0.1056837661463564,85.53096000000001,19.7973,39.64671,40.6436,1.0,0.0,0.0,0.0,0.0,0.0,0.0,0.0,0.0,0.0,0.0,0.0,0.0,0.0,0.0,0.0,0.0,0,0,0.0,0,0,0,0,0.0,0,0,0
1,15,150.467,159.48,10,sem_arma,sem_arma,0.0,4.737117851723514,6.857347488782926,-0.14887410545585272,1.5013266518064818,0.6233441865760849,2.6323462008501273,0.7825706515366934,0.5613063213630575,0.5247491154410501,0.5215981460104836,0.4770081981599576,91.02119,42.1997,43.34931,55.2868,1.0,0.0,0.1,0.0,0.0,0.0,0.0,0.0,0.0,0.0,0.0,0.0,0.0,0.0,0.0,0.0,0.0,0,0,0.0,0,0,0,0,0.0,0,0,0
1,16,160.481,169.631,10,sem_arma,sem_arma,0.0,0.20596306965861816,1.3493542346040468,-0.1163336700256606,0.3842350056591335,0.21868964056848875,1.731677233761315,0.5442219146713165,0.6095700639154794,0.6699953925698133,0.6895042890020295,0.8409587909089508,112.47312,30.5734,53.73487,54.0602,1.0,0.0,0.0,0.0,0.0,0.0,0.0,0.0,0.0,0.0,0.0,0.0,0.0,0.0,0.0,0.0,0.0,0,0,0.0,0,0,0,0,0.0,0,0,0
1,17,170.634,179.804,9,sem_arma,sem_arma,0.0,0.9212953027721775,2.1194577378412123,0.08062144785390331,1.1881079062520128,0.6499249898430738,2.953167358712416,0.9325386258457798,0.8617659683061478,0.47252071020834774,0.7974037436233938,0.4951375510023066,131.25373333333334,39.1446,56.37981111111111,59.9631,1.0,0.0,0.0,0.0,0.0,0.0,0.0,0.0,0.0,0.0,0.0,0.0,0.0,0.0,0.0,0.0,0.0,0,0,0.0,0,0,0,0,0.0,0,0,0
1,18,180.735,188.947,9,sem_arma,sem_arma,0.0,2.5521542731814293,3.9325121321001713,0.22936981144499768,3.058957495236425,1.104537749918394,2.2742207284079843,0.735587894200063,0.7883585146466366,0.8865031442947944,0.2622049526769801,0.944499202693058,84.00753333333334,20.2837,53.905766666666665,59.9614,1.0,0.0,0.0,0.0,0.0,0.0,0.0,0.0,0.0,0.0,0.0,0.0,0.0,0.0,0.0,0.0,0.0,0,0,0.0,0,0,0,0,0.0,0,0,0
1,19,190.491,199.606,9,sem_arma,sem_arma,0.0,4.583984780101689,9.717972108037891,1.0397503736565206,9.378925713379312,0.7571331162770512,1.8342006690796768,0.5741989447781629,0.7987083523354217,0.5460904208361806,0.36356681569335936,0.5841949197214517,131.93772222222222,86.6745,45.145966666666666,62.8566,1.0,0.0,0.4444444444444444,0.0,0.0,0.0,0.0,0.0,0.0,0.0,0.0,0.0,0.0,0.0,0.0,0.0,0.0,0,0,0.0,0,0,0,0,0.0,0,0,0
1,20,200.784,209.79,10,sem_arma,sem_arma,0.0,2.11930134341488,7.834075299290537,-0.8825263123253748,2.1947854594530356,1.032469369685645,2.8899335823681174,0.9129578936261208,0.8813964298169077,0.7938768255620394,0.3290916302973618,0.6854038246819922,71.44529,20.872,65.3881,69.0167,1.0,0.0,0.0,0.0,0.0,0.0,0.0,0.0,0.0,0.0,0.0,0.0,0.0,0.0,0.0,0.0,0.0,0,0,0.0,0,0,0,0,0.0,0,0,0
1,21,210.791,219.8,10,sem_arma,sem_arma,0.0,1.324782458367181,3.1223255215021535,-0.01299397343163713,1.358319868980759,0.7149711842098394,2.624733933139671,1.0238123278819997,0.5638267753262948,0.999175374940692,0.37505471805634877,1.0655933157325344,67.04301,38.3916,62.718810000000005,65.5103,1.0,0.0,0.0,0.0,0.0,0.0,0.0,0.0,0.0,0.0,0.0,0.0,0.0,0.0,0.0,0.0,0.0,0,0,0.0,0,0,0,0,0.0,0,0,0
1,22,220.801,229.813,10,sem_arma,sem_arma,0.0,0.0,0.0,0.0,0.0,1.488188031293363e-08,1.493102324032831e-08,3.290961036187398e-11,4.608541053883155e-11,0.03613668173061986,0.3593350095150846,0.44909265476054705,47.92171,47.9141,59.92736,59.9371,1.0,0.0,0.0,0.0,0.0,0.0,0.0,0.0,0.0,0.0,0.0,0.0,0.0,0.0,0.0,0.0,0.0,0,0,0.0,0,0,0,0,0.0,0,0,0
1,23,230.816,239.819,10,sem_arma,sem_arma,0.0,0.09572181319993317,0.9572181319993317,-9.562618701290937e-05,0.9562618701292026,0.36791655234135184,2.7197334559764283,0.8754075670559228,0.5439466876292348,0.6339620783099613,0.6680337573471156,0.4670595265410874,101.281334,5.16524,60.3322,60.7466,1.0,0.0,0.0,0.0,0.0,0.0,0.0,0.0,0.0,0.0,0.0,0.0,0.0,0.0,0.0,0.0,0.0,0,0,0.0,0,0,0,0,0.0,0,0,0
1,24,240.822,249.744,8,sem_arma,sem_arma,0.0,0.0,0.0,0.0,0.0,1.9321479433779835e-08,2.1179320859745747e-08,4.888568514375509e-09,3.5202957115522723e-09,0.002021946360009668,0.9999999991286352,0.5464909623333547,163.603625,163.599,60.738025,60.7438,1.0,0.0,0.0,0.0,0.0,0.0,0.0,0.0,0.0,0.0,0.0,0.0,0.0,0.0,0.0,0.0,0.0,0,0,0.0,0,0,0,0,0.0,0,0,0
1,25,250.746,258.755,9,sem_arma,sem_arma,0.0,0.0,0.0,0.0,0.0,2.104793603774119e-08,2.1179320859745747e-08,7.48458905510463e-11,9.809313406722121e-11,1.4345670919347558e-09,0.7777777771000497,3.4183188344272987e-09,163.60344444444445,163.599,60.73675555555556,60.7433,1.0,0.0,0.0,0.0,0.0,0.0,0.0,0.0,0.0,0.0,0.0,0.0,0.0,0.0,0.0,0.0,0.0,0,0,0.0,0,0,0,0,0.0,0,0,0
1,26,260.692,269.7,10,sem_arma,sem_arma,0.0,0.0,0.0,0.0,0.0,2.003736625740395e-08,2.1158056481372508e-08,3.218455665834983e-09,2.093434629833979e-09,2.3194710511231744e-09,0.0,3.2173531422447392e-09,163.60399999999998,163.599,60.738189999999996,60.7471,1.0,0.0,0.0,0.0,0.0,0.0,0.0,0.0,0.0,0.0,0.0,0.0,0.0,0.0,0.0,0.0,0.0,0,0,0.0,0,0,0,0,0.0,0,0,0
1,27,270.702,279.711,10,sem_arma,sem_arma,0.0,0.0,0.0,0.0,0.0,2.1050493650780838e-08,2.1158056481372508e-08,7.251962467158671e-11,9.881331881187133e-11,6.208933867626948e-11,0.0,6.607157544729548e-11,163.6027,163.598,60.73837999999999,60.748,1.0,0.0,0.0,0.0,0.0,0.0,0.0,0.0,0.0,0.0,0.0,0.0,0.0,0.0,0.0,0.0,0.0,0,0,0.0,0,0,0,0,0.0,0,0,0
1,28,280.712,289.721,10,sem_arma,sem_arma,0.0,0.0,0.0,0.0,0.0,2.105254829817093e-08,2.1158056481372508e-08,6.422587724012438e-11,9.676693634772789e-11,7.630095813422822e-11,0.0,7.811231521255092e-11,163.60430000000002,163.598,60.73799,60.7471,1.0,0.0,0.0,0.0,0.0,0.0,0.0,0.0,0.0,0.0,0.0,0.0,0.0,0.0,0.0,0.0,0.0,0,0,0.0,0,0,0,0,0.0,0,0,0
1,29,290.724,299.736,10,sem_arma,sem_arma,0.0,0.0,0.0,0.0,0.0,2.104197162303152e-08,2.1136834759726197e-08,5.075461596986705e-11,6.933497591465793e-11,4.483069401099991e-11,0.0,4.669390138168027e-11,163.603,163.599,60.73688,60.7424,1.0,0.0,0.0,0.0,0.0,0.0,0.0,0.0,0.0,0.0,0.0,0.0,0.0,0.0,0.0,0.0,0.0,0,0,0.0,0,0,0,0,0.0,0,0,0
1,30,300.735,309.744,10,sem_arma,sem_arma,0.0,0.0,0.0,0.0,0.0,2.1056637035479783e-08,2.1115655566580177e-08,3.6857296457458175e-11,5.050906085339919e-11,4.3084188721138555e-11,0.0,4.735772044308247e-11,163.6028,163.599,60.737249999999996,60.745,1.0,0.0,0.0,0.0,0.0,0.0,0.0,0.0,0.0,0.0,0.0,0.0,0.0,0.0,0.0,0.0,0.0,0,0,0.0,0,0,0,0,0.0,0,0,0
1,31,310.744,319.758,10,sem_arma,sem_arma,0.0,0.0,0.0,0.0,0.0,2.1044147919105836e-08,2.1115655566580177e-08,6.575501922069462e-11,9.864504153141516e-11,5.94530253574404e-11,0.0,4.969439300963713e-11,163.6043,163.599,60.73866,60.748,1.0,0.0,0.0,0.0,0.0,0.0,0.0,0.0,0.0,0.0,0.0,0.0,0.0,0.0,0.0,0.0,0.0,0,0,0.0,0,0,0,0,0.0,0,0,0
1,32,320.76,329.769,10,sem_arma,sem_arma,0.0,0.0,0.0,0.0,0.0,2.1050329627305344e-08,2.1094518774221237e-08,3.7658695745664586e-11,5.468176657030947e-11,4.91163557352731e-11,0.0,5.586261115541246e-11,163.6026,163.598,60.738200000000006,60.7473,1.0,0.0,0.0,0.0,0.0,0.0,0.0,0.0,0.0,0.0,0.0,0.0,0.0,0.0,0.0,0.0,0.0,0,0,0.0,0,0,0,0,0.0,0,0,0
1,33,330.775,339.785,10,sem_arma,sem_arma,0.0,0.0,0.0,0.0,0.0,2.1039857830224646e-08,2.1094518774221237e-08,4.763703834049206e-11,5.457711530554458e-11,4.4597831569763087e-11,0.0,4.715091224415514e-11,163.60399999999998,163.598,60.73786,60.7454,1.0,0.0,0.0,0.0,0.0,0.0,0.0,0.0,0.0,0.0,0.0,0.0,0.0,0.0,0.0,0.0,0.0,0,0,0.0,0,0,0,0,0.0,0,0,0
1,34,340.78,349.794,10,sem_arma,sem_arma,0.0,0.0,0.0,0.0,0.0,2.1054741794522985e-08,2.1179320859745747e-08,7.89491098596143e-11,1.366747768610637e-10,7.910119088684553e-11,0.0,6.939940977546303e-11,163.6029,163.599,60.7367,60.7445,1.0,0.0,0.0,0.0,0.0,0.0,0.0,0.0,0.0,0.0,0.0,0.0,0.0,0.0,0.0,0.0,0.0,0,0,0.0,0,0,0,0,0.0,0,0,0
1,35,350.795,359.814,10,sem_arma,sem_arma,0.0,0.0,0.0,0.0,0.0,0.6384918161956528,2.870364286035491,1.0842942800273523,0.43319697454950157,0.39481930147380434,0.0,0.30564155684686567,143.54000000000002,31.2707,60.73755,60.7466,1.0,0.0,0.0,0.0,0.0,0.0,0.0,0.0,0.0,0.0,0.0,0.0,0.0,0.0,0.0,0.0,0.0,0,0,0.0,0,0,0,0,0.0,0,0,0
1,36,360.815,369.825,10,sem_arma,sem_arma,0.0,0.0,0.0,0.0,0.0,0.7554017946987269,2.8263710383673,1.1321746026168003,0.5645081437235878,0.8240717500150396,0.0,1.1577537803713494,100.63392999999999,19.4791,60.73875,60.7478,1.0,0.0,0.0,0.0,0.0,0.0,0.0,0.0,0.0,0.0,0.0,0.0,0.0,0.0,0.0,0.0,0.0,0,0,0.0,0,0,0,0,0.0,0,0,0
1,37,370.826,379.838,10,sem_arma,sem_arma,0.0,0.0,0.0,0.0,0.0,1.488194296166007e-08,1.4976041400851914e-08,4.608758850665395e-11,5.806631561433626e-11,4.149708755178805e-11,0.0,0.25648105273153493,96.97586,96.9711,60.73806,60.7459,1.0,0.0,0.0,0.0,0.0,0.0,0.0,0.0,0.0,0.0,0.0,0.0,0.0,0.0,0.0,0.0,0.0,0,0,0.0,0,0,0,0,0.0,0,0,0
1,38,380.836,389.846,10,sem_arma,sem_arma,0.0,4.306030515064952,6.9409155190555785,0.47270094243209326,3.010963069346681,0.5048770065044255,1.9054868737863948,0.6182184849566438,0.6040975890703707,0.4171297087019548,0.7920096103575014,0.3752860728730022,141.3921,100.244,72.97547,89.2591,1.0,0.0,0.1,0.0,0.0,0.0,0.0,0.0,0.0,0.0,0.0,0.0,0.0,0.0,0.0,0.0,0.0,0,0,0.0,0,0,0,0,0.0,0,0,0
1,39,390.847,399.855,10,sem_arma,sem_arma,0.0,2.5760623320087794,6.413650776322569,-0.3175892623961835,2.1114464457011732,0.4874756609854911,1.0053896764872965,0.38707965701576114,0.532598033364408,0.5057827515048968,0.6097053106431882,0.5539028150335656,51.073401000000004,1.87941,96.43733999999999,99.6178,1.0,0.1,0.0,0.1,0.0,0.0,0.0,0.0,0.0,0.0,0.0,0.0,0.0,0.0,0.0,0.0,0.0,0,0,0.0,0,0,0,0,0.0,0,0,0
1,40,400.86,409.872,10,sem_arma,sem_arma,0.0,2.329412834091853,6.583913907000935,-0.15378818990638154,2.273839764816748,0.41444025246994604,1.8059640473270064,0.677432075553631,0.6770378333044872,0.563744216415084,0.2726288511412258,0.6068854014551689,113.47682,23.429,83.96113,94.5858,1.0,0.0,0.0,0.0,0.0,0.0,0.0,0.0,0.0,0.0,0.0,0.0,0.0,0.0,0.0,0.0,0.0,0,0,0.0,0,0,0,0,0.0,0,0,0
1,41,410.87,419.88,10,sem_arma,sem_arma,0.0,1.9509607230614656,4.051232440544219,0.3431678804147961,2.153465651372546,0.5866738590646554,1.4552342879255358,0.6098876913789223,0.49798482895997964,0.3745704745121886,0.49918351889716445,0.4979124988124089,123.16806999999999,36.8027,81.59812000000001,84.3031,1.0,0.0,0.1,0.0,0.0,0.0,0.0,0.0,0.0,0.0,0.0,0.0,0.0,0.0,0.0,0.0,0.0,0,0,0.0,0,0,0,0,0.0,0,0,0
1,42,420.878,429.892,10,sem_arma,sem_arma,0.0,1.5044579938931915,6.396553754682729,-0.34093542538184834,2.967329760625393,0.2780228677002742,1.3414222604203447,0.42748082871130383,0.3962233159774728,0.47900488892763216,0.25849293826329556,0.5395454270040546,77.89002,36.216,89.41887,90.7614,1.0,0.0,0.0,0.0,0.0,0.0,0.0,0.0,0.0,0.0,0.0,0.0,0.0,0.0,0.0,0.0,0.0,0,0,0.0,0,0,0,0,0.0,0,0,0
1,43,430.889,439.898,10,sem_arma,sem_arma,0.0,0.0,0.0,0.0,0.0,0.0,0.0,0.0,0.0,2.8563481368951058e-05,0.3884517277498579,0.16162488937630537,50.95373,50.9501,90.23492,90.2433,1.0,0.0,0.0,0.0,0.0,0.0,0.0,0.0,0.0,0.0,0.0,0.0,0.0,0.0,0.0,0.0,0.0,0,0,0.0,0,0,0,0,0.0,0,0,0
1,44,440.898,449.953,10,sem_arma,sem_arma,0.0,0.0,0.0,0.0,0.0,0.0,0.0,0.0,0.0,1.485617722365999e-08,0.3323957357964531,8.527305747671869e-09,50.954359999999994,50.9493,90.23432,90.2453,1.0,0.0,0.0,0.0,0.0,0.0,0.0,0.0,0.0,0.0,0.0,0.0,0.0,0.0,0.0,0.0,0.0,0,0,0.0,0,0,0,0,0.0,0,0,0
1,45,450.954,459.962,10,sem_arma,sem_arma,0.0,0.0,0.0,0.0,0.0,0.0,0.0,0.0,0.0,1.485617722365999e-08,0.0,8.527305747671869e-09,50.9546,50.9492,90.23492,90.246,1.0,0.0,0.0,0.0,0.0,0.0,0.0,0.0,0.0,0.0,0.0,0.0,0.0,0.0,0.0,0.0,0.0,0,0,0.0,0,0,0,0,0.0,0,0,0
1,46,460.964,469.972,10,sem_arma,sem_arma,0.0,1.4902955091077807,6.693400762250493,0.6688353090422818,3.634870372099219,0.1925203913108446,0.976251003018523,0.3386393277500361,0.25468628126092596,0.16863575925926141,0.2513543040756357,0.13007320184674592,45.574817,5.11887,88.72310999999999,90.2451,1.0,0.0,0.1,0.0,0.0,0.0,0.0,0.0,0.0,0.0,0.0,0.0,0.0,0.0,0.0,0.0,0.0,0,0,0.0,0,0,0,0,0.0,0,0,0
1,47,470.975,479.982,10,sem_arma,sem_arma,0.0,2.9347158203126886,6.617894594970221,-0.5356154366391411,2.126934940025927,0.6239772242645535,1.7294811126787166,0.532603239975925,0.6033481896080957,0.4015146995787659,0.8799633563644645,0.3997346683625299,61.46423,13.7407,72.1993,79.3775,1.0,0.0,0.0,0.0,0.0,0.0,0.0,0.0,0.0,0.0,0.0,0.0,0.0,0.0,0.0,0.0,0.0,0,0,0.0,0,0,0,0,0.0,0,0,0
1,48,480.985,489.993,10,sem_arma,sem_arma,0.0,1.4593100786992594,5.728748283704342,0.43682225128644714,3.851577238243707,0.3759420981042588,1.606291656658075,0.5274195057939818,0.28934172775736317,0.40376202655927534,0.7054091864305857,0.5084775382281388,96.99714,54.5537,71.34916000000001,75.0779,1.0,0.0,0.0,0.0,0.0,0.0,0.0,0.0,0.0,0.0,0.0,0.0,0.0,0.0,0.0,0.0,0.0,0,0,0.0,0,0,0,0,0.0,0,0,0
1,49,490.994,499.009,9,sem_arma,sem_arma,0.0,5.913461536095617,6.752159886209103,-0.4653949726858015,0.7998132392461844,0.3051253845860871,1.1207414522316588,0.4466450543062617,0.2706514704234441,0.39109335612040563,0.5260138931588602,0.5612177674294774,142.79111111111112,115.879,99.30311111111111,115.908,1.0,0.0,0.0,0.0,0.0,0.0,0.0,0.0,0.0,0.0,0.0,0.0,0.0,0.0,0.0,0.0,0.0,0,0,0.0,0,0,0,0,0.0,0,0,0
1,50,500.005,509.196,8,sem_arma,sem_arma,0.0,4.834601778608425,6.781060752570283,0.04999894700686153,2.3413240391611687,0.18428896934239106,0.548889402741597,0.19929863360474145,0.1597759827086866,0.18109328021707774,0.6752598319044143,0.2712252855414661,119.69069999999999,85.1266,119.40650000000001,124.397,1.0,0.0,0.0,0.0,0.0,0.0,0.0,0.0,0.0,0.0,0.0,0.0,0.0,0.0,0.0,0.0,0.0,0,0,0.0,0,0,0,0,0.0,0,0,0
1,51,510.196,519.209,10,sem_arma,sem_arma,0.0,1.394098838800613,3.945259452879713,0.06403205570308791,1.9523357368647163,0.38173166347213716,1.0796630143566597,0.3425826780299079,0.23076494953529517,0.2080819065193186,0.7652199471614304,0.19768210318736784,143.57017000000002,77.0827,127.15540000000001,133.239,1.0,0.0,0.0,0.0,0.0,0.0,0.0,0.0,0.0,0.0,0.0,0.0,0.0,0.0,0.0,0.0,0.0,0,0,0.0,0,0,0,0,0.0,0,0,0
1,52,520.207,529.218,10,sem_arma,sem_arma,0.0,3.790480264246464,6.145383020846818,-0.014951089302305542,2.642843968100366,1.2610659729781273,3.1350296169069094,1.0961672489945529,1.116663222153503,0.9910695669531805,0.5638518785617387,0.8853401627548612,107.96356,68.5245,138.3447,144.053,1.0,0.0,0.0,0.0,0.0,0.0,0.0,0.0,0.0,0.0,0.0,0.0,0.0,0.0,0.0,0.0,0.0,0,0,0.0,0,0,0,0,0.0,0,0,0
1,53,530.219,539.227,10,sem_arma,sem_arma,0.0,0.3881473773905938,1.4870259482374861,-0.3788344699974068,1.4840578325723415,0.31599956039495775,2.8976415949320726,0.9099125553713614,0.5968323865780473,0.7417376481935186,0.324979480083446,1.0436278383630746,79.27951,69.2806,143.4804,144.067,1.0,0.0,0.0,0.0,0.0,0.0,0.0,0.0,0.0,0.0,0.0,0.0,0.0,0.0,0.0,0.0,0.0,0,0,0.0,0,0,0,0,0.0,0,0,0
1,54,540.229,549.238,10,sem_arma,sem_arma,0.0,0.1103635266438586,0.4095465975011282,0.03375064360052779,0.40872913922268284,0.008982888155660017,0.06360505558417906,0.02064214015461734,0.011229468904506976,0.008300552140105937,0.33010734989755164,0.19607126745726605,70.87875,70.4983,143.4299,143.455,1.0,0.0,0.0,0.0,0.0,0.0,0.0,0.0,0.0,0.0,0.0,0.0,0.0,0.0,0.0,0.0,0.0,0,0,0.0,0,0,0,0,0.0,0,0,0
1,55,550.239,559.249,10,sem_arma,sem_arma,0.0,0.2933434180046301,0.9861572319022891,-0.015097202791632583,0.6148864842559406,0.011833717339884933,0.05645688428197622,0.01840962498853137,0.02055764789342953,0.024542055072534884,0.26223231396991675,0.02224920038493685,72.30103,69.2559,143.2801,143.433,1.0,0.0,0.0,0.0,0.0,0.0,0.0,0.0,0.0,0.0,0.0,0.0,0.0,0.0,0.0,0.0,0.0,0,0,0.0,0,0,0,0,0.0,0,0,0
1,56,560.252,569.263,10,sem_arma,sem_arma,0.0,0.012170045479308892,0.12170045479308891,-0.0188236371067712,0.0,0.30788923937441887,2.1819094391134137,0.7116142505629017,0.4332483600055748,0.5151845511267311,0.14298249696298787,0.6648083033849255,98.53591,19.7491,143.3515,143.359,1.0,0.0,0.0,0.0,0.0,0.0,0.0,0.0,0.0,0.0,0.0,0.0,0.0,0.0,0.0,0.0,0.0,0,0,0.0,0,0,0,0,0.0,0,0,0
1,57,570.262,579.272,10,sem_arma,sem_arma,0.0,0.0,0.0,0.0,0.0,2.1054535924799154e-08,2.1094518774221237e-08,3.766938967997642e-11,6.097645506446652e-11,4.0799380329075345e-11,0.29861493495108027,0.06998124278433143,107.5116,107.509,143.352,143.358,1.0,0.0,0.0,0.0,0.0,0.0,0.0,0.0,0.0,0.0,0.0,0.0,0.0,0.0,0.0,0.0,0.0,0,0,0.0,0,0,0,0,0.0,0,0,0
1,58,580.272,589.283,10,sem_arma,sem_arma,0.0,0.0,0.0,0.0,0.0,2.105037997814274e-08,2.1136834759726197e-08,5.0936170467710006e-11,6.726334277001059e-11,4.88784111358579e-11,0.0,4.2005782650939786e-11,107.51089999999999,107.509,143.35150000000002,143.36,1.0,0.0,0.0,0.0,0.0,0.0,0.0,0.0,0.0,0.0,0.0,0.0,0.0,0.0,0.0,0.0,0.0,0,0,0.0,0,0,0,0,0.0,0,0,0
1,59,590.285,599.298,10,sem_arma,sem_arma,0.0,0.0,0.0,0.0,0.0,2.1041929501024738e-08,2.1094518774221237e-08,3.984184915409254e-11,3.782311005454737e-11,3.054422443466186e-11,0.0,4.00350005511338e-11,107.5115,107.509,143.3529,143.362,1.0,0.0,0.0,0.0,0.0,0.0,0.0,0.0,0.0,0.0,0.0,0.0,0.0,0.0,0.0,0.0,0.0,0,0,0.0,0,0,0,0,0.0,0,0,0
1,60,600.295,609.303,10,sem_arma,sem_arma,0.0,0.0,0.0,0.0,0.0,2.1062982313568876e-08,2.1136834759726197e-08,4.578757500354522e-11,5.679591170570175e-11,4.5351474891730946e-11,0.0,4.875043529627866e-11,107.5113,107.509,143.3519,143.36,1.0,0.0,0.0,0.0,0.0,0.0,0.0,0.0,0.0,0.0,0.0,0.0,0.0,0.0,0.0,0.0,0.0,0,0,0.0,0,0,0,0,0.0,0,0,0
1,61,610.304,619.313,10,sem_arma,sem_arma,0.0,0.0,0.0,0.0,0.0,2.1052426586694008e-08,2.1136834759726197e-08,3.579646710801179e-11,3.791996158401981e-11,4.660713588840754e-11,0.0,4.3699864365576854e-11,107.51079999999999,107.509,143.35139999999998,143.357,1.0,0.0,0.0,0.0,0.0,0.0,0.0,0.0,0.0,0.0,0.0,0.0,0.0,0.0,0.0,0.0,0.0,0,0,0.0,0,0,0,0,0.0,0,0,0
1,62,620.315,629.326,10,sem_arma,sem_arma,0.0,0.0,0.0,0.0,0.0,2.104609815499523e-08,2.1073424255447017e-08,2.810161798687831e-11,3.78228970389229e-11,2.40256544233904e-11,0.0,2.817587809975197e-11,107.51140000000001,107.509,143.3519,143.36,1.0,0.0,0.0,0.0,0.0,0.0,0.0,0.0,0.0,0.0,0.0,0.0,0.0,0.0,0.0,0.0,0.0,0,0,0.0,0,0,0,0,0.0,0,0,0
1,63,630.326,639.334,10,sem_arma,sem_arma,0.0,0.0,0.0,0.0,0.0,2.1056607570411907e-08,2.1094518774221237e-08,2.5851820027618863e-11,3.574707444286886e-11,2.9999952908698155e-11,0.0,2.7757269016755658e-11,107.51110000000001,107.509,143.3518,143.361,1.0,0.0,0.0,0.0,0.0,0.0,0.0,0.0,0.0,0.0,0.0,0.0,0.0,0.0,0.0,0.0,0.0,0,0,0.0,0,0,0,0,0.0,0,0,0
1,64,640.335,649.35,10,sem_arma,sem_arma,0.0,0.0,0.0,0.0,0.0,2.1039811795229763e-08,2.1094518774221237e-08,3.457658481409074e-11,3.781460596542495e-11,2.4099219119056688e-11,0.0,2.4903381277706425e-11,107.5115,107.509,143.3529,143.362,1.0,0.0,0.0,0.0,0.0,0.0,0.0,0.0,0.0,0.0,0.0,0.0,0.0,0.0,0.0,0.0,0.0,0,0,0.0,0,0,0,0,0.0,0,0,0
1,65,650.345,659.357,10,sem_arma,sem_arma,0.0,0.0,0.0,0.0,0.0,2.1058809886333362e-08,2.1179320859745747e-08,5.4519906425098825e-11,7.373067552630058e-11,6.031149450247578e-11,0.0,5.790770331189476e-11,107.5112,107.509,143.3517,143.357,1.0,0.0,0.0,0.0,0.0,0.0,0.0,0.0,0.0,0.0,0.0,0.0,0.0,0.0,0.0,0.0,0.0,0,0,0.0,0,0,0,0,0.0,0,0,0
1,66,660.356,669.365,10,sem_arma,sem_arma,0.0,0.0,0.0,0.0,0.0,2.1056658071472228e-08,2.1136834759726197e-08,4.302250312198452e-11,5.4707168679541763e-11,4.483765186555092e-11,0.0,4.210288498337205e-11,107.51079999999999,107.509,143.3512,143.357,1.0,0.0,0.0,0.0,0.0,0.0,0.0,0.0,0.0,0.0,0.0,0.0,0.0,0.0,0.0,0.0,0.0,0,0,0.0,0,0,0,0,0.0,0,0,0
1,67,670.368,679.375,10,sem_arma,sem_arma,0.0,0.0,0.0,0.0,0.0,2.1052565182367415e-08,2.1158056481372508e-08,6.72435003984376e-11,9.885106187921531e-11,5.842652999007392e-11,0.0,5.2974918269050984e-11,107.51140000000001,107.509,143.352,143.361,1.0,0.0,0.0,0.0,0.0,0.0,0.0,0.0,0.0,0.0,0.0,0.0,0.0,0.0,0.0,0.0,0.0,0,0,0.0,0,0,0,0,0.0,0,0,0
1,68,680.377,689.384,10,sem_arma,sem_arma,0.0,0.0,0.0,0.0,0.0,2.105449391646425e-08,2.1073424255447017e-08,2.0900383660083455e-11,2.102298252891947e-11,3.546518990478443e-11,0.0,4.795807574560208e-11,107.51110000000001,107.509,143.3524,143.362,1.0,0.0,0.0,0.0,0.0,0.0,0.0,0.0,0.0,0.0,0.0,0.0,0.0,0.0,0.0,0.0,0.0,0,0,0.0,0,0,0,0,0.0,0,0,0
1,69,690.385,699.401,10,sem_arma,sem_arma,0.0,0.0,0.0,0.0,0.0,2.1037752443111575e-08,2.1094518774221237e-08,4.636359242880528e-11,4.829908382033552e-11,2.7025722448117386e-11,0.0,2.4036843728211892e-11,107.5116,107.509,143.3527,143.361,1.0,0.0,0.0,0.0,0.0,0.0,0.0,0.0,0.0,0.0,0.0,0.0,0.0,0.0,0.0,0.0,0.0,0,0,0.0,0,0,0,0,0.0,0,0,0
1,70,700.399,709.407,10,sem_arma,sem_arma,0.0,0.0,0.0,0.0,0.0,2.106112127386573e-08,2.1221978102162152e-08,8.83792346722517e-11,1.4309735128266277e-10,9.405792362589565e-11,0.0,8.460662663119222e-11,107.51140000000001,107.509,143.3517,143.356,1.0,0.0,0.0,0.0,0.0,0.0,0.0,0.0,0.0,0.0,0.0,0.0,0.0,0.0,0.0,0.0,0.0,0,0,0.0,0,0,0,0,0.0,0,0,0
1,71,710.407,719.421,10,sem_arma,sem_arma,0.0,0.0,0.0,0.0,0.0,2.104411461621177e-08,2.1136834759726197e-08,5.959375517521093e-11,7.565505364258168e-11,5.4642060463074104e-11,0.0,6.17123957927234e-11,107.5106,107.509,143.35150000000002,143.359,1.0,0.0,0.0,0.0,0.0,0.0,0.0,0.0,0.0,0.0,0.0,0.0,0.0,0.0,0.0,0.0,0.0,0,0,0.0,0,0,0,0,0.0,0,0,0
1,72,720.418,729.432,10,sem_arma,sem_arma,0.0,0.0,0.0,0.0,0.0,2.1050484818338702e-08,2.1136834759726197e-08,7.10100872196194e-11,1.0088895020828827e-10,7.339780960887626e-11,0.0,6.791781909240219e-11,107.51169999999999,107.51,143.35219999999998,143.362,1.0,0.0,0.0,0.0,0.0,0.0,0.0,0.0,0.0,0.0,0.0,0.0,0.0,0.0,0.0,0.0,0.0,0,0,0.0,0,0,0,0,0.0,0,0,0
1,73,730.433,739.436,10,sem_arma,sem_arma,0.0,0.0,0.0,0.0,0.0,2.1065133951709507e-08,2.1158056481372508e-08,5.638681440163157e-11,7.368080108946737e-11,6.993797059455514e-11,0.0,6.693033261772141e-11,107.51100000000001,107.509,143.3521,143.361,1.0,0.0,0.0,0.0,0.0,0.0,0.0,0.0,0.0,0.0,0.0,0.0,0.0,0.0,0.0,0.0,0.0,0,0,0.0,0,0,0,0,0.0,0,0,0
1,74,740.437,749.448,10,sem_arma,sem_arma,0.0,0.0,0.0,0.0,0.0,2.1048316650547974e-08,2.1158056481372508e-08,5.923824373707164e-11,6.93314398497879e-11,5.002565974936069e-11,0.0,5.1112557947297236e-11,107.5113,107.509,143.35219999999998,143.359,1.0,0.0,0.0,0.0,0.0,0.0,0.0,0.0,0.0,0.0,0.0,0.0,0.0,0.0,0.0,0.0,0.0,0,0,0.0,0,0,0,0,0.0,0,0,0
1,75,750.449,759.469,10,sem_arma,sem_arma,0.0,0.08462985929639402,0.7764382557810234,-0.00027331053307145804,0.7725753788865906,0.3276857489453636,2.953741690260477,0.928272844507045,0.5907483359468582,0.6635149487412128,0.7924832933496512,0.7431965023767633,74.64223000000001,64.1025,142.9085,143.356,1.0,0.0,0.0,0.0,0.0,0.0,0.0,0.0,0.0,0.0,0.0,0.0,0.0,0.0,0.0,0.0,0.0,0,0,0.0,0,0,0,0,0.0,0,0,0
1,76,760.471,769.489,10,sem_arma,sem_arma,0.0,0.0,0.0,0.0,0.0,0.0,0.0,0.0,0.0,0.0,0.9892618476540896,0.19587238655202024,64.10549,64.1018,142.7874,142.796,1.0,0.0,0.0,0.0,0.0,0.0,0.0,0.0,0.0,0.0,0.0,0.0,0.0,0.0,0.0,0.0,0.0,0,0,0.0,0,0,0,0,0.0,0,0,0
1,77,770.492,779.498,10,sem_arma,sem_arma,0.0,0.0,0.0,0.0,0.0,0.0,0.0,0.0,0.0,0.0,0.19785236953081792,0.0,64.10472999999999,64.1012,142.78789999999998,142.797,1.0,0.0,0.0,0.0,0.0,0.0,0.0,0.0,0.0,0.0,0.0,0.0,0.0,0.0,0.0,0.0,0.0,0,0,0.0,0,0,0,0,0.0,0,0,0
1,78,780.496,788.505,9,sem_arma,sem_arma,0.0,0.0,0.0,0.0,0.0,0.0,0.0,0.0,0.0,0.0,0.0,0.0,64.10489999999999,64.101,142.78755555555554,142.795,1.0,0.0,0.0,0.0,0.0,0.0,0.0,0.0,0.0,0.0,0.0,0.0,0.0,0.0,0.0,0.0,0.0,0,0,0.0,0,0,0,0,0.0,0,0,0
1,79,790.436,799.69,8,sem_arma,sem_arma,0.0,0.0,0.0,0.0,0.0,0.0,0.0,0.0,0.0,0.0,0.0,0.0,64.1053,64.1008,142.787375,142.796,1.0,0.0,0.0,0.0,0.0,0.0,0.0,0.0,0.0,0.0,0.0,0.0,0.0,0.0,0.0,0.0,0.0,0,0,0.0,0,0,0,0,0.0,0,0,0
1,80,800.694,809.702,10,sem_arma,sem_arma,0.0,0.0,0.0,0.0,0.0,0.0,0.0,0.0,0.0,0.0,0.0,0.0,64.10490999999999,64.1016,142.7875,142.794,1.0,0.0,0.0,0.0,0.0,0.0,0.0,0.0,0.0,0.0,0.0,0.0,0.0,0.0,0.0,0.0,0.0,0,0,0.0,0,0,0,0,0.0,0,0,0
1,81,811.136,819.156,9,sem_arma,sem_arma,0.0,0.0,0.0,0.0,0.0,0.0,0.0,0.0,0.0,0.0,0.0,0.0,64.10478888888889,64.102,142.78755555555554,142.794,1.0,0.0,0.0,0.0,0.0,0.0,0.0,0.0,0.0,0.0,0.0,0.0,0.0,0.0,0.0,0.0,0.0,0,0,0.0,0,0,0,0,0.0,0,0,0
1,82,820.16,829.165,10,sem_arma,sem_arma,0.0,0.0,0.0,0.0,0.0,0.0,0.0,0.0,0.0,0.0,0.0,0.0,64.10527,64.102,142.7868,142.794,1.0,0.0,0.0,0.0,0.0,0.0,0.0,0.0,0.0,0.0,0.0,0.0,0.0,0.0,0.0,0.0,0.0,0,0,0.0,0,0,0,0,0.0,0,0,0
1,83,830.172,839.22,10,sem_arma,sem_arma,0.0,0.0,0.0,0.0,0.0,0.0,0.0,0.0,0.0,0.0,0.0,0.0,64.10478,64.1012,142.78820000000002,142.797,1.0,0.0,0.0,0.0,0.0,0.0,0.0,0.0,0.0,0.0,0.0,0.0,0.0,0.0,0.0,0.0,0.0,0,0,0.0,0,0,0,0,0.0,0,0,0
1,84,840.219,849.443,10,sem_arma,sem_arma,0.0,0.0,0.0,0.0,0.0,0.0,0.0,0.0,0.0,0.0,0.0,0.0,64.10513,64.1013,142.78699999999998,142.796,1.0,0.0,0.0,0.0,0.0,0.0,0.0,0.0,0.0,0.0,0.0,0.0,0.0,0.0,0.0,0.0,0.0,0,0,0.0,0,0,0,0,0.0,0,0,0
1,85,850.444,859.462,10,sem_arma,sem_arma,0.0,0.0,0.0,0.0,0.0,0.0,0.0,0.0,0.0,0.0,0.0,0.0,64.10526999999999,64.1012,142.7874,142.797,1.0,0.0,0.0,0.0,0.0,0.0,0.0,0.0,0.0,0.0,0.0,0.0,0.0,0.0,0.0,0.0,0.0,0,0,0.0,0,0,0,0,0.0,0,0,0
1,86,860.463,869.467,10,sem_arma,sem_arma,0.0,0.0,0.0,0.0,0.0,0.0,0.0,0.0,0.0,0.0,0.0,0.0,64.10449,64.1009,142.78820000000002,142.796,1.0,0.0,0.0,0.0,0.0,0.0,0.0,0.0,0.0,0.0,0.0,0.0,0.0,0.0,0.0,0.0,0.0,0,0,0.0,0,0,0,0,0.0,0,0,0
1,87,870.472,879.701,10,sem_arma,sem_arma,0.0,67.84035052449647,661.7458282956061,-44.15498089519215,447.7306010119121,0.4032238837154531,1.5954885650604593,0.5783083762454848,0.5730026098104916,0.4392809858923926,0.6899164574769916,0.3763783203783624,56.30407,23.8301,724.2215,977.492,1.0,0.0,0.0,0.0,0.0,0.0,0.0,0.0,0.0,0.0,0.0,0.0,0.0,0.0,0.0,0.0,0.0,0,0,0.0,0,0,0,0,0.0,0,0,0
1,88,880.701,889.712,10,sem_arma,sem_arma,0.0,4.931641141210212,7.022202806079226,0.6791588245845036,1.7540738734623267,0.38009920750818793,2.5596349967088514,0.8107495748697305,0.5239351088417977,0.5759442697670395,0.9682915248665307,0.8173244306046525,135.2101625,77.1853,977.952,996.29,0.8,0.0,0.0,0.0,0.0,0.0,0.0,0.0,0.0,0.0,0.0,0.0,0.0,0.0,0.0,0.0,0.0,0,0,0.0,0,0,0,0,0.0,0,0,0
1,89,890.712,899.724,10,sem_arma,sem_arma,0.0,4.551356454822409,6.7535178580942405,-0.2877444355798754,3.6684867509266565,0.01819324477145791,0.1000711543619042,0.03165467391989112,0.024291197714328853,0.023178641730697967,0.8588512874278017,0.06054352423195686,180.0,180.0,0.0,0.0,0.0,0.0,0.0,0.0,0.0,0.0,0.0,0.0,0.0,0.0,0.0,0.0,0.0,0.0,0.0,0.0,0.0,0,0,0.0,0,0,0,0,0.0,0,0,0
1,90,900.721,909.734,10,sem_arma,sem_arma,0.0,5.062770175798843,6.788544204204876,0.28495246106807415,2.306647724412394,0.37846539927617656,0.9037962554429442,0.2833773212100049,0.21109113224109805,0.2228251005163242,0.796972378025272,0.2534761028490721,180.0,180.0,0.0,0.0,0.0,0.0,0.0,0.0,0.0,0.0,0.0,0.0,0.0,0.0,0.0,0.0,0.0,0.0,0.0,0.0,0.0,0,0,0.0,0,0,0,0,0.0,0,0,0
1,91,910.735,919.898,8,sem_arma,sem_arma,0.0,2.129604969541357,6.2860109613774995,-0.7915222040164076,1.0890816427525967,0.8334790165860712,1.8673669937648973,0.8708960865860959,1.0230122466091627,0.8152174447878378,0.691870443136866,0.6758386140667453,180.0,180.0,0.0,0.0,0.0,0.0,0.0,0.0,0.0,0.0,0.0,0.0,0.0,0.0,0.0,0.0,0.0,0.0,0.0,0.0,0.0,0,0,0.0,0,0,0,0,0.0,0,0,0
1,92,920.899,929.442,8,sem_arma,sem_arma,0.0,0.62316367361544,3.814048401291151,0.4227727802674511,2.548493166498344,0.18989563406396084,0.9455443263375817,0.3653984163735522,0.12484068502753541,0.2989164694276739,0.64998378609585,0.6445286252182909,180.0,180.0,0.0,0.0,0.0,0.0,0.0,0.0,0.0,0.0,0.0,0.0,0.0,0.0,0.0,0.0,0.0,0.0,0.0,0.0,0.0,0,0,0.0,0,0,0,0,0.0,0,0,0
1,93,930.447,939.546,10,sem_arma,sem_arma,0.0,2.1056599386463053,7.358000333971445,-0.3599942095227632,3.5263203310251683,0.5129984047352766,2.170237696619937,0.680665863920961,0.7407995044445991,0.6254206279494255,0.4592955689375479,0.5701438840091618,180.0,180.0,0.0,0.0,0.0,0.0,0.0,0.0,0.0,0.0,0.0,0.0,0.0,0.0,0.0,0.0,0.0,0.0,0.0,0.0,0.0,0,0,0.0,0,0,0,0,0.0,0,0,0
1,94,940.553,949.567,10,sem_arma,sem_arma,0.0,1.5252421957301436,3.3344414826025046,0.2688056409342047,1.9457127690482918,0.7806395542016034,1.8276963957628822,0.7069085749838375,0.7751795718818848,0.7020474773255476,0.3276709233492937,0.7292378542407438,180.0,180.0,0.0,0.0,0.0,0.0,0.0,0.0,0.0,0.0,0.0,0.0,0.0,0.0,0.0,0.0,0.0,0.0,0.0,0.0,0.0,0,0,0.0,0,0,0,0,0.0,0,0,0
1,95,950.567,959.748,10,sem_arma,sem_arma,0.0,4.690202337558899,7.12710563536981,0.13401412671685603,3.8989415417488584,0.6747141585711577,1.2451491250446758,0.3526309418812798,0.4417397825147476,0.34347649360923066,0.38550572775196024,0.45772736823592003,180.0,180.0,0.0,0.0,0.0,0.0,0.0,0.0,0.0,0.0,0.0,0.0,0.0,0.0,0.0,0.0,0.0,0.0,0.0,0.0,0.0,0,0,0.0,0,0,0,0,0.0,0,0,0
1,96,960.751,969.761,10,sem_arma,sem_arma,0.0,1.924480108435485,4.089073240772278,-0.37617193187831355,3.8718626547109,0.6437976034541727,2.7674501736379056,0.9111460786569352,1.0140915503883412,0.8287002223870333,0.4536283424413802,0.8365237265627433,180.0,180.0,0.0,0.0,0.0,0.0,0.0,0.0,0.0,0.0,0.0,0.0,0.0,0.0,0.0,0.0,0.0,0.0,0.0,0.0,0.0,0,0,0.0,0,0,0,0,0.0,0,0,0
1,97,970.764,979.792,10,sem_arma,sem_arma,0.0,0.702177115025248,1.997255348765028,-0.009788831186072702,1.1680113551732014,0.09419388631580948,0.3288754816657941,0.09271463348912495,0.09047992639158835,0.1337422211159696,0.4233851494030724,0.29845740618760047,180.0,180.0,0.0,0.0,0.0,0.0,0.0,0.0,0.0,0.0,0.0,0.0,0.0,0.0,0.0,0.0,0.0,0.0,0.0,0.0,0.0,0,0,0.0,0,0,0,0,0.0,0,0,0
1,98,980.792,989.077,9,sem_arma,sem_arma,0.0,2.209979364216432,4.717859135280623,0.12399769964004298,2.0450490593256387,0.8394569568077183,2.3019562264196094,0.6768198712391473,0.9179552244270117,0.5471355212332815,0.5242485399861551,0.47284176731227656,180.0,180.0,0.0,0.0,0.0,0.0,0.0,0.0,0.0,0.0,0.0,0.0,0.0,0.0,0.0,0.0,0.0,0.0,0.0,0.0,0.0,0,0,0.0,0,0,0,0,0.0,0,0,0
1,99,990.082,999.089,10,sem_arma,sem_arma,0.0,4.275577995905413,6.911110806819716,0.5572775295827002,4.390781832103488,0.5506158107399914,2.3032393034853587,0.7344055681899392,0.4764043206105324,0.6622146391954139,0.5155334594650146,0.7531408518235462,180.0,180.0,0.0,0.0,0.0,0.0,0.0,0.0,0.0,0.0,0.0,0.0,0.0,0.0,0.0,0.0,0.0,0.0,0.0,0.0,0.0,0,0,0.0,0,0,0,0,0.0,0,0,0
1,100,1000.092,1009.176,10,sem_arma,sem_arma,0.0,3.009664827122358,5.8916550707117485,-0.5693924660612034,3.8767694529943237,0.39098161181215174,1.159750336197304,0.3868970699037197,0.4258614609869795,0.3462406608871993,0.6677045461004076,0.4283652322350887,180.0,180.0,0.0,0.0,0.0,0.0,0.0,0.0,0.0,0.0,0.0,0.0,0.0,0.0,0.0,0.0,0.0,0.0,0.0,0.0,0.0,0,0,0.0,0,0,0,0,0.0,0,0,0
1,101,1010.207,1019.217,10,sem_arma,sem_arma,0.0,0.4121191484827576,1.3583716170495967,-0.09184954395095699,1.3211335251767562,0.14087985106821013,0.39797698091134387,0.1534968823288012,0.12258229855117095,0.2044718629574119,0.5546042381422995,0.2946140807489227,180.0,180.0,0.0,0.0,0.0,0.0,0.0,0.0,0.0,0.0,0.0,0.0,0.0,0.0,0.0,0.0,0.0,0.0,0.0,0.0,0.0,0,0,0.0,0,0,0,0,0.0,0,0,0
1,102,1020.221,1029.233,10,sem_arma,sem_arma,0.0,0.06936583732756976,0.6936583732756977,0.028631661578755324,0.6943527260016994,0.13261700767326226,1.3261699428742006,0.4193717536904805,0.1405285886982633,0.10360388217755805,0.34314990227888703,0.15382265436525883,180.0,180.0,0.0,0.0,0.0,0.0,0.0,0.0,0.0,0.0,0.0,0.0,0.0,0.0,0.0,0.0,0.0,0.0,0.0,0.0,0.0,0,0,0.0,0,0,0,0,0.0,0,0,0
1,103,1030.234,1039.478,10,sem_arma,sem_arma,0.0,2.528416033151745,6.748374064175817,0.5727330810984167,2.857372460316392,0.8914331241448428,2.0687987576559292,0.7451602244900878,1.0871420777323255,0.7659405208682415,0.6502690210909742,0.699538691992847,180.0,180.0,0.0,0.0,0.0,0.0,0.0,0.0,0.0,0.0,0.0,0.0,0.0,0.0,0.0,0.0,0.0,0.0,0.0,0.0,0.0,0,0,0.0,0,0,0,0,0.0,0,0,0
1,104,1040.478,1049.859,10,sem_arma,sem_arma,0.0,5.002353223318913,6.753083154382386,-0.3958373309589228,3.2984089931621297,0.7189090922057069,1.835612607334727,0.6345492134784582,0.5916390334633397,0.5478450542599459,0.5166531817784843,0.6192273268321935,180.0,180.0,0.0,0.0,0.0,0.0,0.0,0.0,0.0,0.0,0.0,0.0,0.0,0.0,0.0,0.0,0.0,0.0,0.0,0.0,0.0,0,0,0.0,0,0,0,0,0.0,0,0,0
1,105,1050.861,1059.876,10,sem_arma,sem_arma,0.0,2.0871367469573014,4.425392816335989,-0.1481098803974618,2.1903907171599286,0.6802276618877414,1.6187935028322826,0.6969778408991876,0.5024324529878418,0.59051937436989,0.3557077269250716,0.650956797777613,180.0,180.0,0.0,0.0,0.0,0.0,0.0,0.0,0.0,0.0,0.0,0.0,0.0,0.0,0.0,0.0,0.0,0.0,0.0,0.0,0.0,0,0,0.0,0,0,0,0,0.0,0,0,0
1,106,1060.92,1069.223,9,sem_arma,sem_arma,0.0,0.0,0.0,0.0,0.0,2.0363665037367145e-08,2.1094518774221237e-08,1.2269672473751858e-09,1.191171713830516e-09,0.013275092375787818,0.19629971298242677,0.29182135250932423,180.0,180.0,0.0,0.0,0.0,0.0,0.0,0.0,0.0,0.0,0.0,0.0,0.0,0.0,0.0,0.0,0.0,0.0,0.0,0.0,0.0,0,0,0.0,0,0,0,0,0.0,0,0,0
1,114,1142.764,1149.882,8,sem_arma,sem_arma,0.0,0.6820966853900285,3.159959752921745,0.04543135593820852,1.5678138751987258,0.4286685971555358,1.7981946634200496,0.7139289473397226,0.40849393891088775,0.2836447956708215,0.43519238398544946,0.21638660543185645,180.0,180.0,0.0,0.0,0.0,0.0,0.0,0.0,0.0,0.0,0.0,0.0,0.0,0.0,0.0,0.0,0.0,0.0,0.0,0.0,0.0,0,0,0.0,0,0,0,0,0.0,0,0,0
1,115,1150.887,1159.908,10,sem_arma,sem_arma,0.0,1.1734675101792875,3.730389076697277,0.03735950139994829,2.0476932652881343,0.9168595130074102,3.0489703176432363,1.0761175070035072,1.0914001330748742,1.0081763362483076,0.22921236966763225,1.0030830069167793,180.0,180.0,0.0,0.0,0.0,0.0,0.0,0.0,0.0,0.0,0.0,0.0,0.0,0.0,0.0,0.0,0.0,0.0,0.0,0.0,0.0,0,0,0.0,0,0,0,0,0.0,0,0,0
1,116,1160.907,1169.911,10,sem_arma,sem_arma,0.0,888.8555897703548,8838.844251611632,1.956796145322187,8848.330853154343,0.4757179209019002,0.8096148449987577,0.3289656546018527,0.429275270797303,0.34186262905380743,0.615293541910556,0.546438726204797,130.307,118.824,2.333345,2.77006,0.2,0.0,1.0,0.0,0.0,0.0,0.0,0.0,0.0,0.0,0.0,0.0,0.0,0.0,0.0,0.0,0.0,0,0,0.0,0,0,0,0,0.0,0,0,0
1,117,1170.915,1179.092,9,sem_arma,sem_arma,0.0,1.5980918150599719,4.070193199589565,-0.12967514424522625,4.0179597231881194,1.0290190416053917,3.004136966822332,1.0725097834022024,1.1918465585347047,1.0878779812733788,0.9923100588880883,0.964035931183237,69.26543333333333,36.5365,2.607678888888889,5.26157,1.0,0.0,1.0,0.0,0.0,0.0,0.0,0.0,0.0,0.0,0.0,0.0,0.0,0.0,0.0,0.0,0.0,0,0,0.0,0,0,0,0,0.0,0,0,0
1,118,1180.097,1189.961,10,sem_arma,sem_arma,0.0,1.4280127908221285,3.7751579002754085,0.07259575249613844,2.186439276756432,0.34078235012145786,0.916653910153564,0.3928430436918809,0.26446900437673954,0.4580791420179272,0.9181664328048831,0.6251160595180004,31.51836,10.1557,5.320511000000001,8.38845,1.0,0.0,0.7,0.0,0.0,0.0,0.0,0.0,0.0,0.0,0.0,0.0,0.0,0.0,0.0,0.0,0.0,0,0,0.0,0,0,0,0,0.0,0,0,0
1,119,1190.978,1199.007,9,sem_arma,sem_arma,0.0,0.2741764628243967,1.026484356705337,0.11341213992930091,0.7966302788167011,0.12550070272652855,0.8631071322672333,0.2826250869243494,0.09590079247413703,0.06826597170496825,0.2204449566069656,0.25258334274568695,20.2531,15.3607,5.788887777777777,6.19389,1.0,0.0,0.5555555555555556,0.0,0.0,0.0,0.0,0.0,0.0,0.0,0.0,0.0,0.0,0.0,0.0,0.0,0.0,0,0,0.0,0,0,0,0,0.0,0,0,0
1,120,1200.006,1209.54,9,sem_arma,sem_arma,0.0,1.5599154050029447,4.595478319581605,-0.13865819723198725,3.462791652401426,0.9072153279489034,2.9119667873085024,0.9874637240088129,0.6642853918439001,0.8175248614289405,0.39678091008741023,0.7251110563444256,56.01911111111111,12.1907,7.845628888888888,12.1852,1.0,0.0,0.6666666666666666,0.0,0.0,0.0,0.0,0.0,0.0,0.0,0.0,0.0,0.0,0.0,0.0,0.0,0.0,0,0,0.0,0,0,0,0,0.0,0,0,0
1,121,1210.522,1219.549,10,sem_arma,sem_arma,0.0,0.0,0.0,0.0,0.0,0.0,0.0,0.0,0.0,0.03064177055572559,0.6483490043039835,0.5134447273399956,14.55583,10.4627,9.820855,12.1997,1.0,0.0,0.7,0.0,0.0,0.0,0.0,0.0,0.0,0.0,0.0,0.0,0.0,0.0,0.0,0.0,0.0,0,0,0.0,0,0,0,0,0.0,0,0,0
1,122,1220.547,1229.276,9,sem_arma,sem_arma,0.0,0.0,0.0,0.0,0.0,0.0,0.0,0.0,0.0,4.0872224154866656e-08,0.5373569612964215,6.162700649935781e-08,20.20301111111111,15.0446,9.316844444444445,10.7847,1.0,0.0,1.0,0.0,0.0,0.0,0.0,0.0,0.0,0.0,0.0,0.0,0.0,0.0,0.0,0.0,0.0,0,0,0.0,0,0,0,0,0.0,0,0,0
1,123,1230.281,1239.879,10,sem_arma,sem_arma,0.0,0.0,0.0,0.0,0.0,0.0,0.0,0.0,0.0,4.0872224154866656e-08,0.0,6.162700649935781e-08,68.20824999999999,26.6172,7.476667000000001,10.3685,1.0,0.0,0.3,0.0,0.0,0.0,0.0,0.0,0.0,0.0,0.0,0.0,0.0,0.0,0.0,0.0,0.0,0,0,0.0,0,0,0,0,0.0,0,0,0
1,124,1240.87,1249.595,7,sem_arma,sem_arma,0.0,149.4507880689285,1022.1397240276464,-125.58713276278714,332.29509883863665,0.4410147183661067,1.9865737355115443,0.7400062768178739,0.5675924935690124,0.5280680937525187,0.7106501760275157,0.401898033761485,168.4065,168.087,8.283570000000001,8.58436,0.2857142857142857,0.0,0.0,0.0,0.0,0.0,0.0,0.0,0.0,0.0,0.0,0.0,0.0,0.0,0.0,0.0,0.0,0,0,0.0,0,0,0,0,0.0,0,0,0
1,125,1250.651,1259.276,9,sem_arma,sem_arma,0.0,6.520181981589052,7.943487271468016,-0.5597178459759241,2.2264864151389676,0.28513382384317265,0.7508813688413281,0.2772342205553871,0.3606698373206088,0.34111462405150433,0.973699569355493,0.5031743000321158,180.0,180.0,0.0,0.0,0.0,0.0,0.0,0.0,0.0,0.0,0.0,0.0,0.0,0.0,0.0,0.0,0.0,0.0,0.0,0.0,0.0,0,0,0.0,0,0,0,0,0.0,0,0,0
1,126,1260.285,1269.302,10,sem_arma,sem_arma,0.0,3.29091880172676,6.0768357130093325,-0.04896798472110149,4.74102704723325,0.6904022761734996,1.307200740014093,0.47115101375829077,0.6321813901747746,0.4847692045875516,0.8676797838423378,0.46505255407831453,180.0,180.0,0.0,0.0,0.0,0.0,0.0,0.0,0.0,0.0,0.0,0.0,0.0,0.0,0.0,0.0,0.0,0.0,0.0,0.0,0.0,0,0,0.0,0,0,0,0,0.0,0,0,0
1,127,1270.297,1279.313,10,sem_arma,sem_arma,0.0,2.3104384131532205,4.467148599196483,0.06429975542948828,1.966990852574002,0.9867838164709365,2.704156148842767,0.8986848367973607,1.0106713292525453,0.7697025028401876,0.685747680860748,0.7314798600584758,180.0,180.0,0.0,0.0,0.0,0.0,0.0,0.0,0.0,0.0,0.0,0.0,0.0,0.0,0.0,0.0,0.0,0.0,0.0,0.0,0.0,0,0,0.0,0,0,0,0,0.0,0,0,0
1,128,1280.311,1289.32,10,sem_arma,sem_arma,0.0,6.042717011052135,6.80974930532571,0.20621527152654845,3.820565386630504,0.5546556290280538,1.273672624130127,0.4444871857687594,0.4956637365823021,0.4532261811986327,0.49116032625058803,0.6525181684899249,180.0,180.0,0.0,0.0,0.0,0.0,0.0,0.0,0.0,0.0,0.0,0.0,0.0,0.0,0.0,0.0,0.0,0.0,0.0,0.0,0.0,0,0,0.0,0,0,0,0,0.0,0,0,0
1,129,1290.414,1299.336,10,sem_arma,sem_arma,0.0,2.1001418377904217,4.179258222551772,-0.29646705474432566,3.088663282751881,0.44645483326254193,2.3835216213718993,0.9301914247087146,0.4479411142536411,0.6320730370718477,0.6814789022184742,0.856976853517905,180.0,180.0,0.0,0.0,0.0,0.0,0.0,0.0,0.0,0.0,0.0,0.0,0.0,0.0,0.0,0.0,0.0,0.0,0.0,0.0,0.0,0,0,0.0,0,0,0,0,0.0,0,0,0
1,130,1300.338,1309.352,10,sem_arma,sem_arma,0.0,2.298844595300151,5.312973654692613,-0.06501348922672863,3.7535252516940707,0.17431863944095627,0.9512600479169214,0.3161500900497064,0.29325237611123545,0.2572705166816003,0.9310977206437802,0.2815226166848348,180.0,180.0,0.0,0.0,0.0,0.0,0.0,0.0,0.0,0.0,0.0,0.0,0.0,0.0,0.0,0.0,0.0,0.0,0.0,0.0,0.0,0,0,0.0,0,0,0,0,0.0,0,0,0
1,131,1310.343,1319.364,10,sem_arma,sem_arma,0.0,0.43575937886524574,1.5403665861695963,-0.2688421330516736,0.009981152650490488,0.29617664371613217,1.5253534559892148,0.6231804678843035,0.2945637117114983,0.4334276782678579,0.9567168812644896,0.6049011666870752,180.0,180.0,0.0,0.0,0.0,0.0,0.0,0.0,0.0,0.0,0.0,0.0,0.0,0.0,0.0,0.0,0.0,0.0,0.0,0.0,0.0,0,0,0.0,0,0,0,0,0.0,0,0,0
1,132,1320.366,1325.363,6,sem_arma,sem_arma,0.0,0.0,0.0,0.0,0.0,2.1077228144167093e-08,2.1179320859745747e-08,8.579931003425389e-11,1.0868271141491583e-10,4.946644221931247e-08,0.9701561652754159,0.07567031019940251,180.0,180.0,0.0,0.0,0.0,0.0,0.0,0.0,0.0,0.0,0.0,0.0,0.0,0.0,0.0,0.0,0.0,0.0,0.0,0.0,0.0,0,0,0.0,0,0,0,0,0.0,0,0,0
1,139,1391.442,1399.564,9,sem_arma,sem_arma,0.0,0.522957579754966,4.012493438413586,0.4456526323360755,3.4677741175743315,0.06214905343980845,0.47916238083221513,0.15860965938123875,0.0975853378865323,0.046957672773885815,0.8768576378282033,0.033604207173072116,180.0,180.0,0.0,0.0,0.0,0.0,0.0,0.0,0.0,0.0,0.0,0.0,0.0,0.0,0.0,0.0,0.0,0.0,0.0,0.0,0.0,0,0,0.0,0,0,0,0,0.0,0,0,0
1,140,1400.572,1409.588,10,sem_arma,sem_arma,0.0,6.151272680795175,7.333882060894052,0.26001908508616717,1.8987226913504915,0.29378438750905705,0.8739150631425916,0.3685205244941519,0.31063085344939945,0.3258588876834582,0.8323912593952333,0.3237477219918041,180.0,180.0,0.0,0.0,0.0,0.0,0.0,0.0,0.0,0.0,0.0,0.0,0.0,0.0,0.0,0.0,0.0,0.0,0.0,0.0,0.0,0,0,0.0,0,0,0,0,0.0,0,0,0
1,141,1410.588,1419.778,10,sem_arma,sem_arma,0.0,312.3003371838446,3110.5187433956753,46.72591025703375,3103.9585677593986,0.7479209595766759,2.9176670811545797,1.2111771704900145,1.1769312280583422,1.083894260979952,0.9938295602672668,0.9427676858231742,49.740711,1.38833,12.698489,36.1469,1.0,0.3,0.7,0.3,0.0,0.0,2.008,0.0,0.0,0.0,0.0,0.0,0.0,0.0,0.0,0.0,0.0,0,0,0.0,0,0,0,0,0.0,0,0,0
1,142,1420.791,1429.47,9,sem_arma,sem_arma,0.0,0.04344473249516348,0.1383770608980665,0.001307302739593184,0.13539829833470304,0.9806358361965456,2.855518825123346,1.1235481931115756,1.0239432568824158,1.0822223081490316,0.994967481497641,1.13791321024659,44.53275555555555,13.3617,19.399214444444443,33.2394,1.0,0.0,0.4444444444444444,0.0,0.0,0.0,0.0,0.0,0.0,0.0,0.0,0.0,0.0,0.0,0.0,0.0,0.0,0,0,0.0,0,0,0,0,0.0,0,0,0
1,143,1430.463,1439.557,10,sem_arma,sem_arma,0.0,0.3803562190150842,0.9486832980505138,0.04762051433921861,0.7734018278543403,0.632845691651291,2.142130181767781,0.827006910488748,0.7299201478840015,0.9604394508866838,0.47757043731587673,1.0018779260905677,56.76477,30.0104,15.029871,33.2443,1.0,0.0,0.6,0.0,0.0,0.0,0.0,0.0,0.0,0.0,0.0,0.0,0.0,0.0,0.0,0.0,0.0,0,0,0.0,0,0,0,0,0.0,0,0,0
1,144,1440.554,1449.684,10,sem_arma,sem_arma,0.0,0.18989765004567083,0.4472135954999579,-0.04978033240566028,0.4472135954999579,0.20903031777228348,1.6568344652958413,0.5124968940406232,0.39226234393747045,0.38376577758334485,0.36701040046303557,0.5419587812051554,59.95666,36.3792,2.2392329999999996,2.69758,1.0,0.0,1.0,0.0,0.0,0.0,0.0,0.0,0.0,0.0,0.0,0.0,0.0,0.0,0.0,0.0,0.0,0,0,0.0,0,0,0,0,0.0,0,0,0
1,145,1450.681,1459.685,10,sem_arma,sem_arma,0.0,0.11826155938566625,0.898921800000733,0.09031533047786587,0.903438994975611,0.12273433428938865,0.4882927910878906,0.20328505012521725,0.10787977232612234,0.16670842569171623,0.4619881392628004,0.3619756726107373,45.24138,39.5995,2.454832,2.5111,1.0,0.0,1.0,0.0,0.0,0.0,0.0,0.0,0.0,0.0,0.0,0.0,0.0,0.0,0.0,0.0,0.0,0,0,0.0,0,0,0,0,0.0,0,0,0
1,146,1460.69,1469.696,10,sem_arma,sem_arma,0.0,0.16507358713879783,0.6011290614122733,-0.08888036854358343,0.31941391986693546,0.09315619236067503,0.4198852641336112,0.14528901565950864,0.08394022742976914,0.1317308733773648,0.46094734614145694,0.19857781844830558,62.79994000000001,56.9854,1.885275,2.14066,1.0,0.0,1.0,0.0,0.0,0.0,0.0,0.0,0.0,0.0,0.0,0.0,0.0,0.0,0.0,0.0,0.0,0,0,0.0,0,0,0,0,0.0,0,0,0
1,147,1470.698,1479.936,10,sem_arma,sem_arma,0.0,0.07040800033981884,0.3216966083601102,0.002764283578888399,0.32726002885056993,0.043005665692245995,0.2146121962521945,0.07681568886224091,0.07301953532693721,0.07287660186063075,0.4276333941909264,0.08199580276391545,61.81494,58.6261,1.96995,2.51509,1.0,0.0,1.0,0.0,0.0,0.0,0.0,0.0,0.0,0.0,0.0,0.0,0.0,0.0,0.0,0.0,0.0,0,0,0.0,0,0,0,0,0.0,0,0,0
1,148,1480.928,1489.943,10,sem_arma,sem_arma,0.0,0.0,0.0,0.0,0.0,0.0,0.0,0.0,0.0,0.0,0.41571819973866414,0.01925823450033751,79.31967,66.6542,1.980116,2.17565,1.0,0.0,0.6,0.0,0.0,0.0,0.0,0.0,0.0,0.0,0.0,0.0,0.0,0.0,0.0,0.0,0.0,0,0,0.0,0,0,0,0,0.0,0,0,0
1,149,1490.937,1499.96,10,sem_arma,sem_arma;AugShort,0.2,0.12017559460279412,1.2017559460279412,-0.00011981590724925439,1.1993572315648116,0.3201557206944067,2.5551396636048374,0.7997491412431165,0.6204141863843244,0.6264221955932685,0.6505061582821247,0.7223654010619508,43.71548,19.4227,2.0661519999999998,3.34062,1.0,0.0,0.7,0.0,0.0,0.0,0.0,0.0,0.0,0.0,0.0,0.0,0.0,0.0,0.0,0.0,0.0,0,0,0.0,0,0,0,0,0.0,0,0,0
1,150,1500.948,1509.963,10,AugShort,AugShort,1.0,1.431120456994638,3.2961665513237786,0.2918693564360844,2.5922461057037904,0.5471819105837645,1.430257095453973,0.5495787774162489,0.2594042243782212,0.23851347088567992,0.850130045446656,0.37116078928601914,49.20595,20.3891,14.941358,32.3726,1.0,0.0,0.2,0.0,0.0,0.0,0.0,0.0,0.0,0.0,0.0,0.0,0.0,0.0,0.0,0.0,0.0,0,0,0.0,0,0,0,0,0.0,0,0,0
1,151,1510.964,1519.972,10,AugShort,AugShort,1.0,2.159865602091589,3.0183352784834447,-0.2548849239581304,2.057073079060763,1.481543831594051,2.8302930676234928,0.9096216770389339,0.991808845903978,0.7751527156269601,0.5501443975401509,0.7173948913209807,77.587635,2.29865,22.27874,34.2876,1.0,0.1,0.0,0.1,0.0,0.0,0.0,0.0,0.0,0.0,0.0,0.0,0.0,0.0,0.0,0.0,0.0,0,0,0.0,0,0,0,0,0.0,0,0,0
1,152,1520.971,1529.985,10,AugShort,AugShort,1.0,1.073918050388497,2.961820980836154,0.26118589109401424,2.2776588689013764,0.4802030960486105,2.283380318467556,0.7357053296110032,0.6756504582707081,0.7845873059105365,0.3089774834395055,0.9296309745998872,52.676221,4.09911,20.191300000000002,34.5604,1.0,0.3,0.0,0.3,0.0,0.0,2.003,0.0,0.0,0.0,0.0,0.0,0.0,0.0,0.0,0.0,0.0,0,0,0.0,0,0,0,0,0.0,0,0,0
1,153,1530.994,1539.525,8,AugShort,AugShort,1.0,1.9313511694579697,3.742377477570187,-0.18200102224768658,1.763083497741988,0.3162142738666044,1.7653110726011674,0.6153657233842613,0.47606317160878486,0.29381204623907464,0.34627969240979395,0.5796251634521414,36.76953,8.04974,10.94335375,31.7048,1.0,0.0,0.625,0.0,0.0,0.0,0.0,0.0,0.0,0.0,0.0,0.0,0.0,0.0,0.0,0.0,0.0,0,0,0.0,0,0,0,0,0.0,0,0,0
1,154,1540.536,1549.589,10,AugShort,AugShort,1.0,0.4375088821885179,1.2973537125172683,0.04995037646364725,1.0103054628966281,0.5314450224876753,1.7552670104498749,0.6067480333247385,0.4934673369751204,0.6236605646933187,0.5050889426693179,0.7090389361744052,55.92944,30.5764,1.738788,2.17402,1.0,0.0,1.0,0.0,0.0,0.0,0.0,0.0,0.0,0.0,0.0,0.0,0.0,0.0,0.0,0.0,0.0,0,0,0.0,0,0,0,0,0.0,0,0,0
1,155,1550.686,1559.833,10,AugShort,AugShort,1.0,0.3060408565236645,0.6381993259662214,-0.019418745463638816,0.3634569679775206,0.2556766143705579,0.8227815449178735,0.30737269221769825,0.15302553837055585,0.20579607892951707,0.2728596435622587,0.33969984816058524,59.67219,55.6887,229.98328700000002,573.43,1.0,0.0,0.6,0.0,0.0,0.0,0.0,0.0,0.0,0.0,0.0,0.0,0.0,0.0,0.0,0.0,0.0,0,0,0.0,0,0,0,0,0.0,0,0,0
1,156,1561.088,1569.296,9,AugShort,AugShort,1.0,27.981238071989953,246.05898455648745,-12.528440481967461,180.49488107159797,0.4962686892119301,1.8272747864122063,0.6644836482646163,0.5900500643032816,0.3726870182559075,0.699741660427592,0.34738266885944685,32.963163333333334,2.06317,362.82255888888886,573.113,1.0,0.1111111111111111,0.1111111111111111,0.1111111111111111,0.0,0.0,0.0,0.0,0.0,0.1111111111111111,0.0,0.0,0.0,0.0,0.0,0.0,0.0,0,0,0.0,0,0,0,0,0.0,0,0,0
1,157,1570.284,1579.491,10,AugShort,AugShort,1.0,4.833968224107215,7.023340541867353,0.2896453208323139,3.780437161194359,0.5602544655237521,1.9662768108799975,0.6787397767530509,0.8078084531588724,0.7094369294575374,0.952110787396457,0.6930400031456113,23.171701000000002,1.26548,343.1702,373.904,1.0,0.2,0.0,0.2,0.0,0.0,1.996,0.0,0.0,0.2,0.0,1.996,0.0,0.0,0.0,0.0,0.0,0,0,0.0,0,0,0,0,0.0,0,0,0
1,158,1580.501,1589.567,10,AugShort,AugShort,1.0,5.95939755877056,7.131400481225931,0.20904974765008494,2.7854603677007965,0.3317914407268238,0.8604724998874751,0.2928004568980287,0.4377650699801111,0.379018700137761,0.9459326696370283,0.47214122042149614,17.1920113,0.370623,307.1932,339.423,1.0,0.2,0.1,0.2,0.0,0.0,0.0,0.0,0.0,0.0,0.0,0.0,0.0,0.0,0.0,0.0,0.0,0,0,0.0,0,0,0,0,0.0,0,0,0
1,159,1590.59,1599.595,10,sem_arma,AugShort;sem_arma,0.2,6.759908284083759,7.846785611400728,0.08380586687870599,2.1342127643491544,0.16004219910779893,0.5037787359856665,0.19656878443231024,0.1812524640695121,0.2016291263380389,0.979226619275367,0.24337204870100781,20.09533,11.7886,251.5636,277.545,1.0,0.0,0.0,0.0,0.0,0.0,0.0,0.0,0.0,0.0,0.0,0.0,0.0,0.0,0.0,0.0,0.0,0,0,0.0,0,0,0,0,0.0,0,0,0
1,160,1600.564,1609.581,10,sem_arma,sem_arma,0.0,1.3837812367076834,4.407786791963292,-0.5678507212212457,0.5163426332359655,0.45636450316042476,1.4495193469469192,0.4429280036676617,0.30312189541400897,0.24219345366715972,0.962339263210699,0.26805445782692755,31.971274,2.03394,329.2507,467.054,1.0,0.1,0.0,0.1,0.0,0.0,0.0,0.0,0.0,0.1,0.0,0.0,0.0,0.0,0.0,0.0,0.0,0,0,0.0,0,0,0,0,0.0,0,0,0
1,161,1612.107,1619.183,8,sem_arma,sem_arma,0.0,2.6274365559772996,4.072561585460123,-0.13713756938560465,1.8434450583023392,0.9117420476582252,2.516843283278716,0.7166122554224795,0.6410034623246568,0.45518378616455024,0.747111241801272,0.4558942286580193,40.1165975,8.46828,303.83162500000003,429.777,1.0,0.0,0.0,0.0,0.0,0.0,0.0,0.0,0.0,0.0,0.0,0.0,0.0,0.0,0.0,0.0,0.0,0,0,0.0,0,0,0,0,0.0,0,0,0
1,162,1620.188,1629.299,10,sem_arma,sem_arma,0.0,2.1499284694399363,3.9203525561927703,0.37198956768986136,2.171100428453511,1.1155706749020327,2.742874964414196,0.9503859227523157,1.3164260979642912,0.9913644919062106,0.48955659028674453,0.9381753043324995,43.251597,4.03027,368.06350000000003,457.398,1.0,0.1,0.0,0.1,0.0,0.0,0.0,0.0,0.0,0.1,0.0,0.0,0.0,0.0,0.0,0.0,0.0,0,0,0.0,0,0,0,0,0.0,0,0,0
1,163,1630.365,1639.429,10,sem_arma,sem_arma,0.0,3.2827996938531925,4.577139957284716,-0.3383775981637519,0.9883909120762323,0.590542835985025,1.688854221999136,0.6229657436674219,0.707547547013435,0.5934663795726112,0.5127364341368271,0.698723716979325,25.967490400000003,0.545364,404.9217,441.498,1.0,0.3,0.1,0.2,0.0,0.0,0.994,0.0,0.0,0.2,0.0,0.994,0.0,0.0,0.0,0.0,0.0,0,0,0.0,0,0,0,0,0.0,0,0,0
1,164,1640.43,1649.44,10,sem_arma,sem_arma,0.0,1.5049000557851409,6.557447384356622,-0.05640045557129103,4.516353073706225,0.17548714693636602,0.6144260309902296,0.18701118722677287,0.18286521941978134,0.21262687908973418,0.6911111166977923,0.34099080060341,29.419214,2.69602,414.1782,440.598,1.0,0.2,0.0,0.2,0.0,0.0,0.0,0.0,0.0,0.2,0.0,0.0,0.0,0.0,0.0,0.0,0.0,0,0,0.0,0,0,0,0,0.0,0,0,0
1,165,1650.441,1659.557,10,sem_arma,sem_arma,0.0,2.7950729241872323,5.885807466733133,0.513059948283708,2.8220018747296103,1.0458218099622185,2.5924032529900596,1.1184326688746915,0.8590744315322194,0.9706771168562801,0.436448900551231,0.8544823640447865,42.608410000000006,20.8581,351.7812,426.117,1.0,0.0,0.0,0.0,0.0,0.0,0.0,0.0,0.0,0.0,0.0,0.0,0.0,0.0,0.0,0.0,0.0,0,0,0.0,0,0,0,0,0.0,0,0,0
1,166,1660.549,1669.612,10,sem_arma,sem_arma,0.0,3.037032187671435,7.943706239518821,0.15945926960069762,6.229895162671471,0.07792905466842003,0.41192957282777115,0.1323757327750029,0.14559966318002876,0.35964380072884705,0.27212539077444886,0.7158260161112884,16.252095,4.81943,401.223,419.805,1.0,0.1,0.0,0.1,0.0,0.0,0.0,0.0,0.0,0.1,0.0,0.0,0.0,0.0,0.0,0.0,0.0,0,0,0.0,0,0,0,0,0.0,0,0,0
1,167,1670.612,1679.117,9,sem_arma,sem_arma,0.0,2.6765106405300845,10.542022184995739,-0.7152165621706612,7.937417960098564,0.38413736194896364,1.783255890649318,0.5767447553909861,0.6603205395756303,0.42590979472591584,0.4135409531566996,0.3438289643341474,29.793608888888887,3.26549,388.32044444444443,402.015,1.0,0.2222222222222222,0.0,0.2222222222222222,0.0,0.0,1.005,0.0,0.0,0.2222222222222222,0.0,1.005,0.0,0.0,0.0,0.0,0.0,0,0,0.0,0,0,0,0,0.0,0,0,0
1,168,1680.138,1689.378,10,sem_arma,sem_arma,0.0,0.0,0.0,-0.06981481511816524,0.0,0.07365495512845313,0.736549246426042,0.23291731204706542,0.1567817137174748,0.23988070554780797,0.1911139863172041,0.4400247727361176,18.86066,14.4656,379.3023,379.691,1.0,0.0,0.0,0.0,0.0,0.0,0.0,0.0,0.0,0.0,0.0,0.0,0.0,0.0,0.0,0.0,0.0,0,0,0.0,0,0,0,0,0.0,0,0,0
1,169,1690.379,1699.384,10,sem_arma,sem_arma,0.0,4.203109853016954,6.71610239461813,0.664083914785148,3.90530450030508,0.38569571664866864,0.7267549704441404,0.2291334031357954,0.2252634911933403,0.19306329159479857,0.8936103407497986,0.19566634197158994,13.684368999999998,3.77569,357.35859999999997,375.449,1.0,0.1,0.0,0.1,0.0,0.0,0.0,0.0,0.0,0.1,0.0,0.0,0.0,0.0,0.0,0.0,0.0,0,0,0.0,0,0,0,0,0.0,0,0,0
1,170,1700.386,1709.831,10,sem_arma,sem_arma,0.0,6.016025661902496,9.97249414285479,0.06433687673484456,6.919516971481557,0.11678473925907962,0.5657350385040837,0.1726524867618255,0.11391211872912159,0.15075625731263692,0.8801527907285834,0.2464097249015341,69.12047,53.5149,327.8973,334.207,1.0,0.0,0.0,0.0,0.0,0.0,0.0,0.0,0.0,0.0,0.0,0.0,0.0,0.0,0.0,0.0,0.0,0,0,0.0,0,0,0,0,0.0,0,0,0
1,171,1710.839,1719.959,10,sem_arma,sem_arma,0.0,4.0024634155007535,6.774321055377476,-0.5083370009967173,0.9692893803530597,0.7551086036101016,2.3518553357222305,0.7383071174661696,0.46081962908160207,0.3339409446529988,0.8445673675206807,0.31400361914352304,43.8853893,0.609093,429.5907,476.249,1.0,0.1,0.0,0.1,0.0,0.0,0.0,0.0,0.0,0.1,0.0,0.0,0.0,0.0,0.0,0.0,0.0,0,0,0.0,0,0,0,0,0.0,0,0,0
1,172,1720.843,1729.86,10,sem_arma,sem_arma,0.0,3.3459186263075673,4.737012273366959,0.08540601316851656,2.6806026863371524,1.2652730262911709,2.658557772572192,0.704161440999313,0.9040645023402444,0.6842746955654502,0.5773563595539164,0.6736197386510969,53.52332800000001,4.39828,384.3496,471.619,1.0,0.1,0.0,0.1,0.0,0.0,0.0,0.0,0.0,0.1,0.0,0.0,0.0,0.0,0.0,0.0,0.0,0,0,0.0,0,0,0,0,0.0,0,0,0
1,173,1730.858,1739.895,10,sem_arma,sem_arma,0.0,4.039752385994169,7.173127355621905,-0.19997556440236514,2.169339516116079,0.5384211569354567,1.4033000166909655,0.49115741448195593,0.5296489794016541,0.492529275588047,0.32613588528951104,0.6488728622583584,63.65568999999999,12.97,430.2794,486.304,1.0,0.0,0.0,0.0,0.0,0.0,0.0,0.0,0.0,0.0,0.0,0.0,0.0,0.0,0.0,0.0,0.0,0,0,0.0,0,0,0,0,0.0,0,0,0
1,174,1740.896,1749.903,10,sem_arma,sem_arma,0.0,4.432795533487574,7.199220329451172,0.6996841429534134,4.923465551229016,0.6631927293168135,1.7805792137396201,0.6882475486261438,0.6301030968347401,0.7080235113588247,0.5515214063646068,0.6772562522400811,51.41059700000001,2.1535,406.7647,485.046,1.0,0.2,0.0,0.2,0.0,0.0,0.0,0.0,0.0,0.2,0.0,0.0,0.0,0.0,0.0,0.0,0.0,0,0,0.0,0,0,0,0,0.0,0,0,0
1,175,1750.901,1758.945,9,sem_arma,sem_arma,0.0,5.657294615239049,6.927999466111077,-0.7088910263394439,0.5523675701383817,0.37318021412494595,2.1827566487431005,0.7113726771978124,0.5240046431060653,0.3053787909188254,0.7810754593204678,0.44162753846054864,83.97586666666666,50.5924,388.3868888888889,505.339,1.0,0.0,0.0,0.0,0.0,0.0,0.0,0.0,0.0,0.0,0.0,0.0,0.0,0.0,0.0,0.0,0.0,0,0,0.0,0,0,0,0,0.0,0,0,0
1,176,1760.029,1769.078,10,sem_arma,sem_arma,0.0,0.7969170466000295,3.5043443305603947,0.22671341867569877,3.168548910237027,0.38295123126442965,1.398556671543492,0.6131470738214251,0.16149470935554328,0.48309237967813,0.892401856755729,0.6772597729850833,43.112457,4.82337,412.8726,506.844,1.0,0.1,0.0,0.1,0.0,0.0,0.0,0.0,0.0,0.1,0.0,0.0,0.0,0.0,0.0,0.0,0.0,0,0,0.0,0,0,0,0,0.0,0,0,0
1,177,1770.073,1779.311,10,sem_arma,sem_arma,0.0,6.249598578495921,7.878599526672261,0.37571204637948047,2.5727347536898937,0.5338572030781743,1.0862512764098053,0.34767911815947594,0.34715074983672145,0.36004565158515567,0.6920743438619035,0.49943630218571844,25.633736,1.40959,465.0928,502.148,1.0,0.2,0.0,0.2,0.0,0.0,1.002,0.0,0.0,0.2,0.0,1.002,0.0,0.0,0.0,0.0,0.0,0,0,0.0,0,0,0,0,0.0,0,0,0
1,178,1780.361,1789.32,10,sem_arma,sem_arma,0.0,6.54270696925816,7.074373264823271,-0.18844967152039363,0.5114545505521304,0.19697195422889724,1.1794635828674833,0.3752865735611418,0.14726806482823934,0.14703098338819318,0.8437499253946337,0.23827847598251747,25.907294999999998,4.92645,430.4156,512.25,1.0,0.1,0.0,0.1,0.0,0.0,2.052,0.0,0.0,0.1,0.0,2.052,0.0,0.0,0.0,0.0,0.0,0,0,0.0,0,0,0,0,0.0,0,0,0
1,179,1790.359,1799.337,10,sem_arma,sem_arma,0.0,1.5806458845065003,3.656051888153965,-0.32727176173402783,0.6791223023769738,0.8919139255965437,2.960378494623665,0.9254310124103273,0.8043799788790105,0.8731262736774694,0.9085093691753781,0.8886849783446145,30.150095,7.97905,393.971,510.959,1.0,0.0,0.0,0.0,0.0,0.0,0.0,0.0,0.0,0.0,0.0,0.0,0.0,0.0,0.0,0.0,0.0,0,0,0.0,0,0,0,0,0.0,0,0,0
1,180,1800.33,1807.201,7,sem_arma,sem_arma,0.0,0.8720924602395753,1.3042191749054044,0.04344870854109882,0.9543461492720311,0.5287665927838499,2.038607839940543,0.7546532329170019,0.5234728734878925,0.42373955902470367,0.7881931849655854,0.5698030640563977,13.262867142857143,2.7815,472.633,494.677,1.0,0.2857142857142857,0.0,0.2857142857142857,0.0,0.0,1.015,0.0,0.0,0.2857142857142857,0.0,1.015,0.0,0.0,0.0,0.0,0.0,0,0,0.0,0,0,0,0,0.0,0,0,0
1,181,1810.796,1819.153,9,sem_arma,sem_arma,0.0,0.2901277214696416,1.2310776045077294,-0.03183168834815807,0.7848422084408837,0.40042149894437534,1.9447067219810465,0.6315503453365147,0.6702204855975141,0.6720504587643048,0.446305306062179,0.7761318355431108,31.70242222222222,18.4539,474.503,492.135,1.0,0.0,0.0,0.0,0.0,0.0,0.0,0.0,0.0,0.0,0.0,0.0,0.0,0.0,0.0,0.0,0.0,0,0,0.0,0,0,0,0,0.0,0,0,0
1,182,1820.151,1829.574,10,sem_arma,sem_arma,0.0,2.4271901202887682,5.575006890569075,0.32437916853762794,2.6540020946453557,0.5706810166631847,2.0934220995125994,0.6785975508211897,0.777883774097606,0.6212104591907043,0.3327775602800468,0.6419251394001149,56.50032,21.0441,415.2465,464.028,1.0,0.0,0.0,0.0,0.0,0.0,0.0,0.0,0.0,0.0,0.0,0.0,0.0,0.0,0.0,0.0,0.0,0,0,0.0,0,0,0,0,0.0,0,0,0
1,183,1830.555,1839.579,10,sem_arma,sem_arma,0.0,4.254206295504276,5.813677943753335,0.09402407300651047,2.172254242515796,0.06116832502047035,0.4396983712399063,0.13523029649981025,0.051929785166300355,0.09023966501297295,0.7460333065277919,0.3355472120246358,15.528216700000002,0.789567,379.9388,400.779,1.0,0.1,0.0,0.1,0.0,0.0,0.0,0.0,0.0,0.1,0.0,0.0,0.0,0.0,0.0,0.0,0.0,0,0,0.0,0,0,0,0,0.0,0,0,0
1,184,1840.63,1849.577,10,sem_arma,sem_arma,0.0,2.9430770519632885,4.277511972954946,-0.3576266667198692,1.8078228509667889,0.8481042755097532,1.52116441848315,0.54308194441025,0.5370683585386086,0.4799165049780778,0.8591747428972386,0.4756466777570907,55.631969000000005,4.90409,428.9244,478.344,1.0,0.1,0.0,0.1,0.0,0.0,0.0,0.0,0.0,0.0,0.0,0.0,0.0,0.0,0.0,0.0,0.0,0,0,0.0,0,0,0,0,0.0,0,0,0
1,185,1850.645,1859.659,10,sem_arma,sem_arma,0.0,0.29424732137522397,1.0771543800339565,-0.07059091017171121,0.4183766545841887,0.30781523744074435,2.305143123239582,0.7203296508842897,0.46032642381239725,0.510836184190804,0.6687575899927323,0.7245760887342202,44.43721,33.7443,403.4049,452.72,1.0,0.0,0.0,0.0,0.0,0.0,0.0,0.0,0.0,0.0,0.0,0.0,0.0,0.0,0.0,0.0,0.0,0,0,0.0,0,0,0,0,0.0,0,0,0
1,186,1860.654,1869.162,9,sem_arma,sem_arma,0.0,0.007843367522283783,0.07059030770055405,-0.0025011899297040932,0.04772840277251795,0.0,0.0,0.0,0.0,0.0048046443876374285,0.3769705051435848,0.050067891957836216,48.61926666666667,48.5975,406.9403333333333,414.527,1.0,0.0,0.0,0.0,0.0,0.0,0.0,0.0,0.0,0.0,0.0,0.0,0.0,0.0,0.0,0.0,0.0,0,0,0.0,0,0,0,0,0.0,0,0,0
1,187,1870.191,1879.531,10,sem_arma,sem_arma,0.0,0.0,0.0,0.0,0.0,0.0,0.0,0.0,0.0,0.0,0.7629039132780908,6.549345703909655e-08,48.62335,48.6232,405.0992,405.102,1.0,0.0,0.0,0.0,0.0,0.0,0.0,0.0,0.0,0.0,0.0,0.0,0.0,0.0,0.0,0.0,0.0,0,0,0.0,0,0,0,0,0.0,0,0,0
1,188,1880.523,1889.594,10,sem_arma,sem_arma,0.0,0.0,0.0,0.0,0.0,0.0,0.0,0.0,0.0,0.0,0.7,6.549345703909655e-08,47.90263,46.8889,396.8033,405.1,1.0,0.0,0.0,0.0,0.0,0.0,0.0,0.0,0.0,0.0,0.0,0.0,0.0,0.0,0.0,0.0,0.0,0,0,0.0,0,0,0,0,0.0,0,0,0
1,189,1890.595,1893.684,4,sem_arma,sem_arma,0.0,0.0,0.0,0.0,0.0,0.0,0.0,0.0,0.0,0.0,0.0,6.549345703909655e-08,46.468325,46.4016,376.747,379.339,1.0,0.0,0.0,0.0,0.0,0.0,0.0,0.0,0.0,0.0,0.0,0.0,0.0,0.0,0.0,0.0,0.0,0,0,0.0,0,0,0,0,0.0,0,0,0
1,190,1900.899,1909.388,8,sem_arma,sem_arma,0.0,138.92600764256233,1111.2032249279343,-36.959269332409214,154.0129209879327,0.4370219990293169,2.4670726098082545,0.8406381033643195,0.42939402520956743,0.29921451579042313,0.9999944127746418,0.2270120125967175,180.0,180.0,0.0,0.0,0.0,0.0,0.0,0.0,0.0,0.0,0.0,0.0,0.0,0.0,0.0,0.0,0.0,0.0,0.0,0.0,0.0,0,0,0.0,0,0,0,0,0.0,0,0,0
1,191,1910.394,1919.557,10,sem_arma,sem_arma,0.0,6.762746192334527,9.11848796083335,0.7968021780505853,5.5915582034571285,0.08051367095698725,0.4212003153194314,0.15563183081058793,0.28601181470038545,0.4548415598429353,0.9941894133821412,0.7035834300646411,180.0,180.0,0.0,0.0,0.0,0.0,0.0,0.0,0.0,0.0,0.0,0.0,0.0,0.0,0.0,0.0,0.0,0.0,0.0,0.0,0.0,0,0,0.0,0,0,0,0,0.0,0,0,0
1,192,1920.553,1929.606,10,sem_arma,sem_arma,0.0,4.9949090073189435,6.785869966089533,-0.2160821588329712,0.9835643780659061,0.8069562948974294,2.285841861621085,0.6922268501700217,0.6362782947107304,0.4790541505298199,0.9539561648557442,0.4362289563906205,180.0,180.0,0.0,0.0,0.0,0.0,0.0,0.0,0.0,0.0,0.0,0.0,0.0,0.0,0.0,0.0,0.0,0.0,0.0,0.0,0.0,0,0,0.0,0,0,0,0,0.0,0,0,0
1,193,1930.607,1939.645,10,sem_arma,sem_arma,0.0,4.508749466368999,6.7254521749146114,0.18353342223409286,2.5122384341653667,0.7536904474387646,3.1441119893618046,0.9541738309477897,0.8714579284610311,0.8677507601160821,0.8342586092457968,0.7706798181767771,180.0,180.0,0.0,0.0,0.0,0.0,0.0,0.0,0.0,0.0,0.0,0.0,0.0,0.0,0.0,0.0,0.0,0.0,0.0,0.0,0.0,0,0,0.0,0,0,0,0,0.0,0,0,0
1,194,1940.664,1949.67,10,sem_arma,sem_arma,0.0,2.4887524427878382,6.744423733506368,-0.20881538330314164,3.385030266635174,0.5113584106465028,2.2160135761576925,0.7528790383536982,0.42089035644266526,0.28374293168980846,0.7962664462418785,0.7078736249489277,180.0,180.0,0.0,0.0,0.0,0.0,0.0,0.0,0.0,0.0,0.0,0.0,0.0,0.0,0.0,0.0,0.0,0.0,0.0,0.0,0.0,0,0,0.0,0,0,0,0,0.0,0,0,0
1,195,1950.781,1959.785,10,sem_arma,sem_arma,0.0,2.6509098599441066,6.516477979792091,-0.35712293221667285,2.2417953523272662,0.11112743658724544,0.25997807705968445,0.07282570567962679,0.2662846080424729,0.39216519944024,0.779844106550464,0.643385411889103,180.0,180.0,0.0,0.0,0.0,0.0,0.0,0.0,0.0,0.0,0.0,0.0,0.0,0.0,0.0,0.0,0.0,0.0,0.0,0.0,0.0,0,0,0.0,0,0,0,0,0.0,0,0,0
1,196,1960.788,1969.22,9,sem_arma,sem_arma,0.0,2.9501642802036323,6.566255356045218,0.03760475766677967,2.851716131275924,0.6413552339259269,2.055112086575468,0.76033685504635,0.7015780043349972,0.5382894087541631,0.6106090916093504,0.45381657639236334,180.0,180.0,0.0,0.0,0.0,0.0,0.0,0.0,0.0,0.0,0.0,0.0,0.0,0.0,0.0,0.0,0.0,0.0,0.0,0.0,0.0,0,0,0.0,0,0,0,0,0.0,0,0,0
1,197,1970.237,1979.255,10,sem_arma,sem_arma,0.0,1.8996425972980269,6.579100977768885,0.48536654520538713,2.7089835054501505,0.8634382787215245,2.6910149736394664,0.9547824069190863,0.9814557121429983,1.0491301998273364,0.5215603858925395,0.9401594845906036,180.0,180.0,0.0,0.0,0.0,0.0,0.0,0.0,0.0,0.0,0.0,0.0,0.0,0.0,0.0,0.0,0.0,0.0,0.0,0.0,0.0,0,0,0.0,0,0,0,0,0.0,0,0,0
1,198,1980.262,1989.265,10,sem_arma,sem_arma,0.0,1.8358422537947212,5.915685247381432,-0.6384736498215251,3.991770054929541,0.7417638119004344,2.7823429883681703,0.9786384552709297,0.5729318227084921,0.718982619950362,0.6111180734247526,0.986941668895357,180.0,180.0,0.0,0.0,0.0,0.0,0.0,0.0,0.0,0.0,0.0,0.0,0.0,0.0,0.0,0.0,0.0,0.0,0.0,0.0,0.0,0,0,0.0,0,0,0,0,0.0,0,0,0
1,199,1990.32,1999.694,10,sem_arma,sem_arma,0.0,3.838328826162597,5.131031722135174,0.5219512195211499,3.7250784415518616,0.427564280275773,1.1343602360467746,0.49753118208494285,0.3695321583074566,0.35263065254987247,0.7135975107709853,0.44403015464753964,180.0,180.0,0.0,0.0,0.0,0.0,0.0,0.0,0.0,0.0,0.0,0.0,0.0,0.0,0.0,0.0,0.0,0.0,0.0,0.0,0.0,0,0,0.0,0,0,0,0,0.0,0,0,0
1,200,2000.624,2009.753,10,sem_arma,sem_arma,0.0,4.578925017991972,6.816192803105471,-0.20911982589600592,2.219876000350025,0.749883765111731,2.1589709575308325,0.701106992915321,0.45754839496853494,0.3694449716630914,0.7445146780076664,0.4676029803763231,180.0,180.0,0.0,0.0,0.0,0.0,0.0,0.0,0.0,0.0,0.0,0.0,0.0,0.0,0.0,0.0,0.0,0.0,0.0,0.0,0.0,0,0,0.0,0,0,0,0,0.0,0,0,0
1,201,2010.795,2019.833,10,sem_arma,sem_arma,0.0,1.8462895577358232,4.081607785377728,-0.13648629253699276,2.727699826402884,0.8730135203948706,2.174972991223491,0.8546402918945544,1.0593902013806058,0.802949237259814,0.5343327675341687,0.7803927241179436,180.0,180.0,0.0,0.0,0.0,0.0,0.0,0.0,0.0,0.0,0.0,0.0,0.0,0.0,0.0,0.0,0.0,0.0,0.0,0.0,0.0,0,0,0.0,0,0,0,0,0.0,0,0,0
1,202,2020.993,2029.012,9,sem_arma,sem_arma,0.0,1.2688382051518057,4.203315067864505,-0.12877150236943832,2.3517442086934675,0.6813075739946672,2.0274295216018188,0.6905837017723857,0.5323683522971427,0.6707937457969648,0.2329285134940679,0.7557053515907137,180.0,180.0,0.0,0.0,0.0,0.0,0.0,0.0,0.0,0.0,0.0,0.0,0.0,0.0,0.0,0.0,0.0,0.0,0.0,0.0,0.0,0,0,0.0,0,0,0,0,0.0,0,0,0
1,203,2030.033,2039.299,10,sem_arma,sem_arma,0.0,0.7847382648262654,1.3882176845029737,0.10965987641110406,0.9487413970428217,0.42862577381267347,1.1021507853681323,0.4567451016892199,0.32554981496357027,0.4005879681412289,0.10230551390698883,0.447825756884472,180.0,180.0,0.0,0.0,0.0,0.0,0.0,0.0,0.0,0.0,0.0,0.0,0.0,0.0,0.0,0.0,0.0,0.0,0.0,0.0,0.0,0,0,0.0,0,0,0,0,0.0,0,0,0
1,204,2040.309,2049.348,10,sem_arma,sem_arma,0.0,0.3328632895746378,1.1807112662726296,-0.13296841844805288,0.05571643172061281,0.2642040100459091,1.8754751207826028,0.5815056156797476,0.4339160758614282,0.48548137814398373,0.37307458837133056,0.5930436610140555,180.0,180.0,0.0,0.0,0.0,0.0,0.0,0.0,0.0,0.0,0.0,0.0,0.0,0.0,0.0,0.0,0.0,0.0,0.0,0.0,0.0,0,0,0.0,0,0,0,0,0.0,0,0,0
1,205,2050.421,2059.421,10,sem_arma,sem_arma,0.0,0.5044126853035057,1.847935177960507,0.18585265897163072,1.8319642070308004,0.5100415722468328,1.450288397450555,0.444581975965792,0.29169320096382173,0.24280944529571835,0.6231369367024461,0.30586300073294603,180.0,180.0,0.0,0.0,0.0,0.0,0.0,0.0,0.0,0.0,0.0,0.0,0.0,0.0,0.0,0.0,0.0,0.0,0.0,0.0,0.0,0,0,0.0,0,0,0,0,0.0,0,0,0
1,206,2060.495,2069.509,10,sem_arma,sem_arma,0.0,1.7011778130086437,2.4363772286313363,0.019726954697632925,1.807153940107811,1.2298700399918046,2.971005478690345,0.7315861008623099,0.6715431459417494,0.5231180557434467,0.22082272470558797,0.5331642811421362,180.0,180.0,0.0,0.0,0.0,0.0,0.0,0.0,0.0,0.0,0.0,0.0,0.0,0.0,0.0,0.0,0.0,0.0,0.0,0.0,0.0,0,0,0.0,0,0,0,0,0.0,0,0,0
1,207,2070.509,2079.604,10,sem_arma,sem_arma,0.0,0.7256826212311341,1.9709135820988604,-0.17005778400849675,0.5089874845920596,0.2639498559847461,1.265261635041585,0.4160222594030613,0.23092944394163473,0.49651647987498926,0.11275367670320688,0.7688260152533116,180.0,180.0,0.0,0.0,0.0,0.0,0.0,0.0,0.0,0.0,0.0,0.0,0.0,0.0,0.0,0.0,0.0,0.0,0.0,0.0,0.0,0,0,0.0,0,0,0,0,0.0,0,0,0
1,208,2080.621,2089.667,10,sem_arma,sem_arma,0.0,2.6822526370351953,5.5008456639992165,0.16397445595184992,3.5007645615063674,0.8039309256719275,2.6614673920076535,0.9226144138307378,0.9688718855677712,0.8147052404440336,0.20850162880036544,0.7180898746884274,180.0,180.0,0.0,0.0,0.0,0.0,0.0,0.0,0.0,0.0,0.0,0.0,0.0,0.0,0.0,0.0,0.0,0.0,0.0,0.0,0.0,0,0,0.0,0,0,0,0,0.0,0,0,0
1,209,2090.677,2099.767,10,sem_arma,sem_arma,0.0,0.590478348687201,1.56513954581141,-0.1857250217242503,0.8631046942649677,0.45586324597836725,2.475226439179056,0.8395486507730792,0.7408825910947774,0.7145101045408078,0.2628089397778484,0.924395070136103,180.0,180.0,0.0,0.0,0.0,0.0,0.0,0.0,0.0,0.0,0.0,0.0,0.0,0.0,0.0,0.0,0.0,0.0,0.0,0.0,0.0,0,0,0.0,0,0,0,0,0.0,0,0,0
1,210,2100.987,2109.004,9,sem_arma,sem_arma,0.0,0.0,0.0,0.0,0.0,1.0458621239907555e-07,9.412759115916799e-07,3.1375863719722665e-07,2.091724247981511e-07,2.338618804335643e-07,0.44755312656489227,0.15502143326156498,180.0,180.0,0.0,0.0,0.0,0.0,0.0,0.0,0.0,0.0,0.0,0.0,0.0,0.0,0.0,0.0,0.0,0.0,0.0,0.0,0.0,0,0,0.0,0,0,0,0,0.0,0,0,0
1,211,2110.002,2119.016,10,sem_arma,sem_arma,0.0,0.0,0.0,0.0,0.0,0.0,0.0,0.0,0.0,0.0,0.2719446693230633,1.0305910062102626e-07,180.0,180.0,0.0,0.0,0.0,0.0,0.0,0.0,0.0,0.0,0.0,0.0,0.0,0.0,0.0,0.0,0.0,0.0,0.0,0.0,0.0,0,0,0.0,0,0,0,0,0.0,0,0,0
1,212,2120.022,2124.03,5,sem_arma,sem_arma,0.0,0.0,0.0,0.0,0.0,0.0,0.0,0.0,0.0,0.0,0.0,8.025596828797907e-08,180.0,180.0,0.0,0.0,0.0,0.0,0.0,0.0,0.0,0.0,0.0,0.0,0.0,0.0,0.0,0.0,0.0,0.0,0.0,0.0,0.0,0,0,0.0,0,0,0,0,0.0,0,0,0
2,0,0.0,9.77,11,sem_arma,sem_arma,0.0,0.0,0.0,0.0,0.0,1.3973062281368773e-08,1.98947412467926e-08,4.8751781849346285e-09,2.409402167118544e-09,3.955289137979827e-09,0.0,6.504233603613756e-09,180.0,180.0,0.0,0.0,0.0,0.0,0.0,0.0,0.0,0.0,0.0,0.0,0.0,0.0,0.0,0.0,0.0,0.0,0.0,0.0,0.0,0,0,0.0,0,0,0,0,0.0,0,0,0
2,1,10.755,19.759,10,sem_arma,sem_arma,0.0,0.0,0.0,0.0,0.0,1.491816020384935e-08,1.5128082430302188e-08,9.905896333362484e-11,1.4898753930316457e-10,1.2959713976227646e-10,0.0,1.4215394482035058e-10,180.0,180.0,0.0,0.0,0.0,0.0,0.0,0.0,0.0,0.0,0.0,0.0,0.0,0.0,0.0,0.0,0.0,0.0,0.0,0.0,0.0,0,0,0.0,0,0,0,0,0.0,0,0,0
2,2,20.762,29.778,10,sem_arma,sem_arma,0.0,0.0,0.0,0.0,0.0,1.487348737272338e-08,1.5051677973583492e-08,9.851405159852373e-11,1.3247087321564463e-10,9.624783312144946e-11,0.0,8.749619583007937e-11,180.0,180.0,0.0,0.0,0.0,0.0,0.0,0.0,0.0,0.0,0.0,0.0,0.0,0.0,0.0,0.0,0.0,0.0,0.0,0.0,0.0,0,0,0.0,0,0,0,0,0.0,0,0,0
2,3,30.778,39.794,10,sem_arma,sem_arma,0.0,0.0,0.0,0.0,0.0,1.4877694070291093e-08,1.502133184863675e-08,7.469931863686417e-11,9.222225258947696e-11,8.047988444403512e-11,0.0,8.6785213767234e-11,180.0,180.0,0.0,0.0,0.0,0.0,0.0,0.0,0.0,0.0,0.0,0.0,0.0,0.0,0.0,0.0,0.0,0.0,0.0,0.0,0.0,0,0,0.0,0,0,0,0,0.0,0,0,0
2,4,40.795,49.954,10,sem_arma,sem_arma,0.0,0.0,0.0,0.0,0.0,1.4700209249433769e-08,1.5586988696493364e-08,7.130493989917279e-10,7.567841598103247e-10,6.002971118436378e-10,0.0,4.938414763172838e-10,180.0,180.0,0.0,0.0,0.0,0.0,0.0,0.0,0.0,0.0,0.0,0.0,0.0,0.0,0.0,0.0,0.0,0.0,0.0,0.0,0.0,0,0,0.0,0,0,0,0,0.0,0,0,0
2,5,50.967,59.99,10,sem_arma,sem_arma,0.0,0.0,0.0,0.0,0.0,1.4848674662891336e-08,1.5051677973583492e-08,1.2642182860923293e-10,1.869794890465756e-10,1.259146358378616e-10,0.0,3.4614266881856865e-10,180.0,180.0,0.0,0.0,0.0,0.0,0.0,0.0,0.0,0.0,0.0,0.0,0.0,0.0,0.0,0.0,0.0,0.0,0.0,0.0,0.0,0,0,0.0,0,0,0,0,0.0,0,0,0
2,6,60.989,69.991,10,sem_arma,sem_arma,0.0,0.0,0.0,0.0,0.0,1.490061269212876e-08,1.5112739547512837e-08,1.2476122262287854e-10,1.7848349657485347e-10,1.2371480494881903e-10,0.0,1.1984042819552248e-10,180.0,180.0,0.0,0.0,0.0,0.0,0.0,0.0,0.0,0.0,0.0,0.0,0.0,0.0,0.0,0.0,0.0,0.0,0.0,0.0,0.0,0,0,0.0,0,0,0,0,0.0,0,0,0
2,7,70.997,79.001,9,sem_arma,sem_arma,0.0,0.08942984424186509,0.8048289942163895,0.00045020632179237907,0.8096472738993896,0.334329157457637,3.0089428986294675,1.0029801529600648,0.6686539758851019,0.7475769048185413,0.5555277651055037,0.5286170779949657,180.0,180.0,0.0,0.0,0.0,0.0,0.0,0.0,0.0,0.0,0.0,0.0,0.0,0.0,0.0,0.0,0.0,0.0,0.0,0.0,0.0,0,0,0.0,0,0,0,0,0.0,0,0,0
2,8,80.001,89.019,10,sem_arma,sem_arma,0.0,0.0,0.0,0.0,0.0,0.0,0.0,0.0,0.0,8.702334897709209e-07,0.9999499771899067,0.475755925205909,180.0,180.0,0.0,0.0,0.0,0.0,0.0,0.0,0.0,0.0,0.0,0.0,0.0,0.0,0.0,0.0,0.0,0.0,0.0,0.0,0.0,0,0,0.0,0,0,0,0,0.0,0,0,0
2,9,90.008,99.019,10,sem_arma,sem_arma,0.0,0.0,0.0,0.0,0.0,0.0,0.0,0.0,0.0,0.0,0.4999799883447128,1.693235110452033e-08,180.0,180.0,0.0,0.0,0.0,0.0,0.0,0.0,0.0,0.0,0.0,0.0,0.0,0.0,0.0,0.0,0.0,0.0,0.0,0.0,0.0,0,0,0.0,0,0,0,0,0.0,0,0,0
2,10,100.034,109.043,10,sem_arma,sem_arma,0.0,0.04012236705130191,0.40122367051301916,0.04024309634032289,0.40243096340322887,3.7125091819294156e-08,3.7125091819294155e-07,1.1739984849185377e-07,3.7125091819294156e-08,1.660284579577261e-08,0.09999500037496879,2.7100578355152342e-08,180.0,180.0,0.0,0.0,0.0,0.0,0.0,0.0,0.0,0.0,0.0,0.0,0.0,0.0,0.0,0.0,0.0,0.0,0.0,0.0,0.0,0,0,0.0,0,0,0,0,0.0,0,0,0
2,11,110.042,119.045,10,sem_arma,sem_arma,0.0,0.030031643616903175,0.30031643616903175,-0.04043581781108485,0.0,0.0,0.0,0.0,3.7125091819294156e-08,6.641138318309044e-08,0.9999484037571451,1.0844639636020841e-07,180.0,180.0,0.0,0.0,0.0,0.0,0.0,0.0,0.0,0.0,0.0,0.0,0.0,0.0,0.0,0.0,0.0,0.0,0.0,0.0,0.0,0,0,0.0,0,0,0,0,0.0,0,0,0
2,12,120.05,129.069,10,sem_arma,sem_arma,0.0,0.0,0.0,0.0,0.0,0.0,0.0,0.0,0.0,0.0,0.9999481904256026,1.693235110452033e-08,180.0,180.0,0.0,0.0,0.0,0.0,0.0,0.0,0.0,0.0,0.0,0.0,0.0,0.0,0.0,0.0,0.0,0.0,0.0,0.0,0.0,0,0,0.0,0,0,0,0,0.0,0,0,0
2,13,130.064,139.141,10,sem_arma,sem_arma,0.0,0.0,0.0,0.0,0.0,0.0,0.0,0.0,0.0,0.0,0.0,1.693235110452033e-08,180.0,180.0,0.0,0.0,0.0,0.0,0.0,0.0,0.0,0.0,0.0,0.0,0.0,0.0,0.0,0.0,0.0,0.0,0.0,0.0,0.0,0,0,0.0,0,0,0,0,0.0,0,0,0
2,14,140.143,148.237,9,sem_arma,sem_arma,0.0,0.0,0.0,0.0,0.0,0.0,0.0,0.0,0.0,0.0,0.0,1.693235110452033e-08,180.0,180.0,0.0,0.0,0.0,0.0,0.0,0.0,0.0,0.0,0.0,0.0,0.0,0.0,0.0,0.0,0.0,0.0,0.0,0.0,0.0,0,0,0.0,0,0,0,0,0.0,0,0,0
2,15,150.315,159.402,10,sem_arma,sem_arma,0.0,0.0,0.0,0.0,0.0,0.0,0.0,0.0,0.0,0.0,0.0,1.693235110452033e-08,180.0,180.0,0.0,0.0,0.0,0.0,0.0,0.0,0.0,0.0,0.0,0.0,0.0,0.0,0.0,0.0,0.0,0.0,0.0,0.0,0.0,0,0,0.0,0,0,0,0,0.0,0,0,0
2,16,160.404,169.705,9,sem_arma,sem_arma,0.0,0.0,0.0,0.0,0.0,0.0,0.0,0.0,0.0,0.0,0.0,1.693235110452033e-08,180.0,180.0,0.0,0.0,0.0,0.0,0.0,0.0,0.0,0.0,0.0,0.0,0.0,0.0,0.0,0.0,0.0,0.0,0.0,0.0,0.0,0,0,0.0,0,0,0,0,0.0,0,0,0
2,17,170.709,179.376,9,sem_arma,sem_arma,0.0,0.0,0.0,0.0,0.0,0.0,0.0,0.0,0.0,0.0,0.0,1.693235110452033e-08,180.0,180.0,0.0,0.0,0.0,0.0,0.0,0.0,0.0,0.0,0.0,0.0,0.0,0.0,0.0,0.0,0.0,0.0,0.0,0.0,0.0,0,0,0.0,0,0,0,0,0.0,0,0,0
2,18,180.376,189.383,10,sem_arma,sem_arma,0.0,0.0,0.0,0.0,0.0,0.0,0.0,0.0,0.0,0.0,0.0,1.693235110452033e-08,180.0,180.0,0.0,0.0,0.0,0.0,0.0,0.0,0.0,0.0,0.0,0.0,0.0,0.0,0.0,0.0,0.0,0.0,0.0,0.0,0.0,0,0,0.0,0,0,0,0,0.0,0,0,0
2,19,190.383,199.404,10,sem_arma,sem_arma,0.0,0.0,0.0,0.0,0.0,0.0,0.0,0.0,0.0,0.0,0.0,1.693235110452033e-08,180.0,180.0,0.0,0.0,0.0,0.0,0.0,0.0,0.0,0.0,0.0,0.0,0.0,0.0,0.0,0.0,0.0,0.0,0.0,0.0,0.0,0,0,0.0,0,0,0,0,0.0,0,0,0
2,20,200.396,209.404,10,sem_arma,sem_arma,0.0,0.0,0.0,0.0,0.0,0.0,0.0,0.0,0.0,0.0,0.0,1.693235110452033e-08,180.0,180.0,0.0,0.0,0.0,0.0,0.0,0.0,0.0,0.0,0.0,0.0,0.0,0.0,0.0,0.0,0.0,0.0,0.0,0.0,0.0,0,0,0.0,0,0,0,0,0.0,0,0,0
2,21,210.404,218.412,9,sem_arma,sem_arma,0.0,0.0,0.0,0.0,0.0,0.0,0.0,0.0,0.0,0.0,0.0,1.693235110452033e-08,180.0,180.0,0.0,0.0,0.0,0.0,0.0,0.0,0.0,0.0,0.0,0.0,0.0,0.0,0.0,0.0,0.0,0.0,0.0,0.0,0.0,0,0,0.0,0,0,0,0,0.0,0,0,0
2,22,221.329,229.351,9,sem_arma,sem_arma,0.0,0.0,0.0,0.0,0.0,0.0,0.0,0.0,0.0,0.0,0.0,1.693235110452033e-08,180.0,180.0,0.0,0.0,0.0,0.0,0.0,0.0,0.0,0.0,0.0,0.0,0.0,0.0,0.0,0.0,0.0,0.0,0.0,0.0,0.0,0,0,0.0,0,0,0,0,0.0,0,0,0
2,23,230.34,239.295,9,sem_arma,sem_arma,0.0,0.0,0.0,0.0,0.0,0.0,0.0,0.0,0.0,0.0,0.0,1.693235110452033e-08,180.0,180.0,0.0,0.0,0.0,0.0,0.0,0.0,0.0,0.0,0.0,0.0,0.0,0.0,0.0,0.0,0.0,0.0,0.0,0.0,0.0,0,0,0.0,0,0,0,0,0.0,0,0,0
2,24,240.289,249.304,10,sem_arma,sem_arma,0.0,0.0,0.0,0.0,0.0,0.0,0.0,0.0,0.0,0.0,0.0,1.693235110452033e-08,180.0,180.0,0.0,0.0,0.0,0.0,0.0,0.0,0.0,0.0,0.0,0.0,0.0,0.0,0.0,0.0,0.0,0.0,0.0,0.0,0.0,0,0,0.0,0,0,0,0,0.0,0,0,0
2,25,250.295,259.307,10,sem_arma,sem_arma,0.0,0.0,0.0,0.0,0.0,0.0,0.0,0.0,0.0,0.0,0.0,1.693235110452033e-08,180.0,180.0,0.0,0.0,0.0,0.0,0.0,0.0,0.0,0.0,0.0,0.0,0.0,0.0,0.0,0.0,0.0,0.0,0.0,0.0,0.0,0,0,0.0,0,0,0,0,0.0,0,0,0
2,26,260.317,269.316,10,sem_arma,sem_arma,0.0,0.2586425294709572,0.4485610255011569,-0.00026911114459168183,0.2192105270004376,8.141932297519135e-05,0.00041095555415113276,0.0001712174505274413,8.226528661488353e-05,0.00012535174143289145,0.9572915202172035,9.866529955215662e-05,180.0,180.0,0.0,0.0,0.0,0.0,0.0,0.0,0.0,0.0,0.0,0.0,0.0,0.0,0.0,0.0,0.0,0.0,0.0,0.0,0.0,0,0,0.0,0,0,0,0,0.0,0,0,0
2,27,270.322,279.331,10,sem_arma,sem_arma,0.0,0.0,0.0,0.0,0.0,0.0,0.0,0.0,0.0,4.2404104669148564e-08,0.9593438658464868,8.123226891754373e-05,180.0,180.0,0.0,0.0,0.0,0.0,0.0,0.0,0.0,0.0,0.0,0.0,0.0,0.0,0.0,0.0,0.0,0.0,0.0,0.0,0.0,0,0,0.0,0,0,0,0,0.0,0,0,0
2,28,280.337,289.336,10,sem_arma,sem_arma,0.0,0.0,0.0,0.0,0.0,0.0,0.0,0.0,0.0,2.5171421439780334e-12,0.591925827415482,1.693235100383679e-08,180.0,180.0,0.0,0.0,0.0,0.0,0.0,0.0,0.0,0.0,0.0,0.0,0.0,0.0,0.0,0.0,0.0,0.0,0.0,0.0,0.0,0,0,0.0,0,0,0,0,0.0,0,0,0
2,29,290.348,299.359,10,sem_arma,sem_arma,0.0,0.0,0.0,0.0,0.0,0.0,0.0,0.0,0.0,2.5171421439780334e-12,0.0,1.693235100383679e-08,180.0,180.0,0.0,0.0,0.0,0.0,0.0,0.0,0.0,0.0,0.0,0.0,0.0,0.0,0.0,0.0,0.0,0.0,0.0,0.0,0.0,0,0,0.0,0,0,0,0,0.0,0,0,0
2,30,300.358,309.371,10,sem_arma,sem_arma,0.0,0.032315836308969045,0.22295050565134616,0.009929502922335456,0.22228365468728434,0.1829119702266537,1.6044206401024406,0.5044344875867527,0.16044206401024405,0.07996879252226427,0.16179396280631914,0.057549070549979375,180.0,180.0,0.0,0.0,0.0,0.0,0.0,0.0,0.0,0.0,0.0,0.0,0.0,0.0,0.0,0.0,0.0,0.0,0.0,0.0,0.0,0,0,0.0,0,0,0,0,0.0,0,0,0
2,31,310.375,319.384,10,sem_arma,sem_arma,0.0,0.07054546033133956,0.6058529598867509,-0.010040504473491548,0.5036305801278951,0.00017622302582708871,0.0017602330208208812,0.0005565643816689057,0.16044208598266624,0.28150183358638226,0.4889675672615604,0.45427680143488464,180.0,180.0,0.0,0.0,0.0,0.0,0.0,0.0,0.0,0.0,0.0,0.0,0.0,0.0,0.0,0.0,0.0,0.0,0.0,0.0,0.0,0,0,0.0,0,0,0,0,0.0,0,0,0
2,32,320.38,329.399,10,sem_arma,sem_arma,0.0,0.0,0.0,0.0,0.0,3.905455862824256e-08,2.0127973952497066e-07,5.700021218637468e-08,1.8441462183839867e-08,4.017888963327612e-08,0.5817480013277893,8.527794999818212e-08,180.0,180.0,0.0,0.0,0.0,0.0,0.0,0.0,0.0,0.0,0.0,0.0,0.0,0.0,0.0,0.0,0.0,0.0,0.0,0.0,0.0,0,0,0.0,0,0,0,0,0.0,0,0,0
2,33,330.402,339.41,10,sem_arma,sem_arma,0.0,0.0,0.0,0.0,0.0,2.1050865151097517e-08,2.124337122524901e-08,1.18285160770147e-10,1.5798544654959274e-10,1.2171520954600133e-10,0.0999999500000375,1.8890922608618344e-08,180.0,180.0,0.0,0.0,0.0,0.0,0.0,0.0,0.0,0.0,0.0,0.0,0.0,0.0,0.0,0.0,0.0,0.0,0.0,0.0,0.0,0,0,0.0,0,0,0,0,0.0,0,0,0
2,34,340.413,349.422,10,sem_arma,sem_arma,0.0,0.07097430221934464,0.5093928997995693,-6.185533794407211e-05,0.5087745634830978,0.0001831845258177978,0.001649298257901145,0.0005176552091495992,0.0003298367806880586,0.0003693087379475554,0.5979095436752442,0.0002640870740245842,180.0,180.0,0.0,0.0,0.0,0.0,0.0,0.0,0.0,0.0,0.0,0.0,0.0,0.0,0.0,0.0,0.0,0.0,0.0,0.0,0.0,0,0,0.0,0,0,0,0,0.0,0,0,0
2,35,350.426,359.432,10,sem_arma,sem_arma,0.0,1.1048363482795827,3.992691228243417,0.39897426822190746,3.0046949190273526,0.14657820924546788,1.1805813507231944,0.36730679034879093,0.24697967227570095,0.2698676652269567,0.806965950847877,0.25888730459426257,180.0,180.0,0.0,0.0,0.0,0.0,0.0,0.0,0.0,0.0,0.0,0.0,0.0,0.0,0.0,0.0,0.0,0.0,0.0,0.0,0.0,0,0,0.0,0,0,0,0,0.0,0,0,0
2,36,360.438,369.443,10,sem_arma,sem_arma,0.0,2.058898912478421,4.1938417595380715,-0.31500191949268347,1.0954359960377422,0.5912574787524666,1.5763860820248923,0.7040581404597717,0.7588645777585094,0.5792068955336778,0.7634351688044628,0.5982900893035283,180.0,180.0,0.0,0.0,0.0,0.0,0.0,0.0,0.0,0.0,0.0,0.0,0.0,0.0,0.0,0.0,0.0,0.0,0.0,0.0,0.0,0,0,0.0,0,0,0,0,0.0,0,0,0
2,37,370.443,379.454,10,sem_arma,sem_arma,0.0,0.09486833866464137,0.9486833866464136,-0.08505359060453097,0.09342766275709202,4.096517507493995e-05,0.00040951780253174183,0.00012949619337812097,0.0031515783373549577,0.09065219331132741,0.5595576836808688,0.3875830918854192,180.0,180.0,0.0,0.0,0.0,0.0,0.0,0.0,0.0,0.0,0.0,0.0,0.0,0.0,0.0,0.0,0.0,0.0,0.0,0.0,0.0,0,0,0.0,0,0,0,0,0.0,0,0,0
2,38,380.454,389.466,10,sem_arma,sem_arma,0.0,0.0,0.0,0.0,0.0,1.4883623651302986e-08,1.4976041400851914e-08,7.2944976452841e-11,7.711837868915694e-11,2.6155154955224182e-08,0.3467054048623134,1.7276079226926675e-08,180.0,180.0,0.0,0.0,0.0,0.0,0.0,0.0,0.0,0.0,0.0,0.0,0.0,0.0,0.0,0.0,0.0,0.0,0.0,0.0,0.0,0,0,0.0,0,0,0,0,0.0,0,0,0
2,39,390.464,399.469,10,sem_arma,sem_arma,0.0,0.0,0.0,0.0,0.0,1.49091135083993e-08,1.5869181250104e-08,4.5325492921299876e-10,4.239010249866033e-10,2.6157242096747e-08,0.0,1.727755020376886e-08,180.0,180.0,0.0,0.0,0.0,0.0,0.0,0.0,0.0,0.0,0.0,0.0,0.0,0.0,0.0,0.0,0.0,0.0,0.0,0.0,0.0,0,0,0.0,0,0,0,0,0.0,0,0,0
2,40,400.47,409.481,10,sem_arma,sem_arma,0.0,0.0,0.0,0.0,0.0,1.4883647966106944e-08,1.4991107840893013e-08,7.571201497960166e-11,9.520880488630303e-11,2.6157302300402466e-08,0.0,1.7280481769178904e-08,180.0,180.0,0.0,0.0,0.0,0.0,0.0,0.0,0.0,0.0,0.0,0.0,0.0,0.0,0.0,0.0,0.0,0.0,0.0,0.0,0.0,0,0,0.0,0,0,0,0,0.0,0,0,0
2,41,410.483,419.534,10,sem_arma,sem_arma,0.0,0.0,0.0,0.0,0.0,1.4825274445063053e-08,1.4991107840893013e-08,2.065923957048378e-10,1.6418236548026138e-10,2.6155886996829962e-08,0.0,1.7276674336635846e-08,180.0,180.0,0.0,0.0,0.0,0.0,0.0,0.0,0.0,0.0,0.0,0.0,0.0,0.0,0.0,0.0,0.0,0.0,0.0,0.0,0.0,0,0,0.0,0,0,0,0,0.0,0,0,0
2,42,420.563,429.544,10,sem_arma,sem_arma,0.0,0.0,0.0,0.0,0.0,1.488882615151484e-08,1.531465693098423e-08,2.0555256591046336e-10,2.454738450952245e-10,2.615595680986352e-08,0.0,1.7277694528732867e-08,180.0,180.0,0.0,0.0,0.0,0.0,0.0,0.0,0.0,0.0,0.0,0.0,0.0,0.0,0.0,0.0,0.0,0.0,0.0,0.0,0.0,0,0,0.0,0,0,0,0,0.0,0,0,0
2,43,430.554,439.556,10,sem_arma,sem_arma,0.0,0.0,0.0,0.0,0.0,1.4883559158685332e-08,1.502133184863675e-08,6.533306144661902e-11,6.840986351167118e-11,2.6155185857451808e-08,0.0,1.72762106483086e-08,180.0,180.0,0.0,0.0,0.0,0.0,0.0,0.0,0.0,0.0,0.0,0.0,0.0,0.0,0.0,0.0,0.0,0.0,0.0,0.0,0.0,0,0,0.0,0,0,0,0,0.0,0,0,0
2,44,440.555,449.567,10,sem_arma,sem_arma,0.0,0.0,0.0,0.0,0.0,1.4885029634088873e-08,1.5006204626231275e-08,6.319681985620517e-11,6.836167401436144e-11,2.6155153934879364e-08,0.0,1.7276049853501153e-08,180.0,180.0,0.0,0.0,0.0,0.0,0.0,0.0,0.0,0.0,0.0,0.0,0.0,0.0,0.0,0.0,0.0,0.0,0.0,0.0,0.0,0,0,0.0,0,0,0,0,0.0,0,0,0
2,45,450.573,459.575,10,sem_arma,sem_arma,0.0,0.0,0.0,0.0,0.0,1.4889785554015194e-08,1.5051677973583492e-08,9.425240072191582e-11,1.518631901043563e-10,2.615522944610391e-08,0.0,1.7276175785547737e-08,180.0,180.0,0.0,0.0,0.0,0.0,0.0,0.0,0.0,0.0,0.0,0.0,0.0,0.0,0.0,0.0,0.0,0.0,0.0,0.0,0.0,0,0,0.0,0,0,0,0,0.0,0,0,0
2,46,460.576,469.698,10,sem_arma,sem_arma,0.0,0.0,0.0,0.0,0.0,1.4733962594022025e-08,1.493102324032831e-08,4.5747119602309733e-10,2.0143164152809597e-10,2.6155931838924877e-08,0.0,1.7276735660293544e-08,180.0,180.0,0.0,0.0,0.0,0.0,0.0,0.0,0.0,0.0,0.0,0.0,0.0,0.0,0.0,0.0,0.0,0.0,0.0,0.0,0.0,0,0,0.0,0,0,0,0,0.0,0,0,0
2,47,470.59,479.78,8,sem_arma,sem_arma,0.0,0.0,0.0,0.0,0.0,1.3176720797119375e-08,1.6705337661264187e-08,3.788262636016185e-09,2.734489953378535e-09,2.633305173509333e-08,0.0,1.7433086639402976e-08,180.0,180.0,0.0,0.0,0.0,0.0,0.0,0.0,0.0,0.0,0.0,0.0,0.0,0.0,0.0,0.0,0.0,0.0,0.0,0.0,0.0,0,0,0.0,0,0,0,0,0.0,0,0,0
2,48,480.78,489.792,10,sem_arma,sem_arma,0.0,0.0,0.0,0.0,0.0,1.488333034845206e-08,1.4916077271118776e-08,2.1948498231119263e-11,2.677455802082359e-11,2.621124720303934e-08,0.0,1.748182321079034e-08,180.0,180.0,0.0,0.0,0.0,0.0,0.0,0.0,0.0,0.0,0.0,0.0,0.0,0.0,0.0,0.0,0.0,0.0,0.0,0.0,0.0,0,0,0.0,0,0,0,0,0.0,0,0,0
2,49,490.791,499.802,10,sem_arma,sem_arma,0.0,0.0,0.0,0.0,0.0,1.4886545513810676e-08,1.4991107840893013e-08,6.692687039601617e-11,1.0266778868664711e-10,2.6155168913382288e-08,0.0,1.7276065953875734e-08,180.0,180.0,0.0,0.0,0.0,0.0,0.0,0.0,0.0,0.0,0.0,0.0,0.0,0.0,0.0,0.0,0.0,0.0,0.0,0.0,0.0,0,0,0.0,0,0,0,0,0.0,0,0,0
2,50,500.808,509.812,10,sem_arma,sem_arma,0.0,0.0,0.0,0.0,0.0,1.4886450301730112e-08,1.4976041400851914e-08,5.387180909169215e-11,7.439134472501171e-11,2.6155135901851045e-08,0.0,1.7276090867099155e-08,180.0,180.0,0.0,0.0,0.0,0.0,0.0,0.0,0.0,0.0,0.0,0.0,0.0,0.0,0.0,0.0,0.0,0.0,0.0,0.0,0.0,0,0,0.0,0,0,0,0,0.0,0,0,0
2,51,510.813,519.824,10,sem_arma,sem_arma,0.0,0.0,0.0,0.0,0.0,1.4883485097679346e-08,1.5006204626231275e-08,5.519483578034494e-11,6.398082291283773e-11,2.6155153055722715e-08,0.0,1.727609021618528e-08,180.0,180.0,0.0,0.0,0.0,0.0,0.0,0.0,0.0,0.0,0.0,0.0,0.0,0.0,0.0,0.0,0.0,0.0,0.0,0.0,0.0,0,0,0.0,0,0,0,0,0.0,0,0,0
2,52,520.822,529.839,10,sem_arma,sem_arma,0.0,0.0,0.0,0.0,0.0,1.4879000651805982e-08,1.4945999191421922e-08,5.1021143421172014e-11,5.938585519693473e-11,2.615512020970305e-08,0.0,1.7276044484980092e-08,180.0,180.0,0.0,0.0,0.0,0.0,0.0,0.0,0.0,0.0,0.0,0.0,0.0,0.0,0.0,0.0,0.0,0.0,0.0,0.0,0.0,0,0,0.0,0,0,0,0,0.0,0,0,0
2,53,530.835,539.854,10,sem_arma,sem_arma,0.0,0.0,0.0,0.0,0.0,1.487900917123662e-08,1.4961005214706483e-08,5.232385316043149e-11,5.194325601354913e-11,2.6155119833222396e-08,0.0,1.7276047544492393e-08,180.0,180.0,0.0,0.0,0.0,0.0,0.0,0.0,0.0,0.0,0.0,0.0,0.0,0.0,0.0,0.0,0.0,0.0,0.0,0.0,0.0,0,0,0.0,0,0,0,0,0.0,0,0,0
2,54,540.847,549.864,10,sem_arma,sem_arma,0.0,0.0,0.0,0.0,0.0,1.4886510001734254e-08,1.5006204626231275e-08,6.240385034499236e-11,8.033302740709137e-11,2.615517600044925e-08,0.0,1.727610664552937e-08,180.0,180.0,0.0,0.0,0.0,0.0,0.0,0.0,0.0,0.0,0.0,0.0,0.0,0.0,0.0,0.0,0.0,0.0,0.0,0.0,0.0,0,0,0.0,0,0,0,0,0.0,0,0,0
2,55,550.859,559.873,10,sem_arma,sem_arma,0.0,0.04591070298352971,0.3601950491227718,0.00021853784426435207,0.35983521390886297,0.3285783295642914,2.9655437409300207,0.9319850850498853,0.5931087452488779,0.39219451797195765,0.2373245389989668,0.2801757558551231,180.0,180.0,0.0,0.0,0.0,0.0,0.0,0.0,0.0,0.0,0.0,0.0,0.0,0.0,0.0,0.0,0.0,0.0,0.0,0.0,0.0,0,0,0.0,0,0,0,0,0.0,0,0,0
2,56,560.869,569.882,10,sem_arma,sem_arma,0.0,0.0,0.0,0.0,0.0,1.488782311614883e-08,1.4961005214706483e-08,3.177502825318702e-11,2.5318856707156397e-11,0.2738928947112501,0.6866228567255247,0.6625164191976791,180.0,180.0,0.0,0.0,0.0,0.0,0.0,0.0,0.0,0.0,0.0,0.0,0.0,0.0,0.0,0.0,0.0,0.0,0.0,0.0,0.0,0,0,0.0,0,0,0,0,0.0,0,0,0
2,57,570.88,579.888,10,sem_arma,sem_arma,0.0,0.0,0.0,0.0,0.0,1.4892348489185191e-08,1.4976041400851914e-08,4.505869862117679e-11,6.252648593641278e-11,4.576631110066077e-11,0.5806359872078696,3.9090994549362106e-11,180.0,180.0,0.0,0.0,0.0,0.0,0.0,0.0,0.0,0.0,0.0,0.0,0.0,0.0,0.0,0.0,0.0,0.0,0.0,0.0,0.0,0,0,0.0,0,0,0,0,0.0,0,0,0
2,58,580.895,589.897,10,sem_arma,sem_arma,0.0,0.0,0.0,0.0,0.0,1.4887927232607986e-08,1.4991107840893013e-08,5.228265604220029e-11,5.510183700169084e-11,5.259948760882917e-11,0.0,5.253966686894657e-11,180.0,180.0,0.0,0.0,0.0,0.0,0.0,0.0,0.0,0.0,0.0,0.0,0.0,0.0,0.0,0.0,0.0,0.0,0.0,0.0,0.0,0,0,0.0,0,0,0,0,0.0,0,0,0
2,59,590.899,599.91,10,sem_arma,sem_arma,0.0,0.06407906149791127,0.4995004995004996,-1.986067721393425e-09,0.4989915378728963,1.4881829817865013e-08,1.4901161193847656e-08,1.573584309697075e-11,1.783087212859024e-11,1.8107425356452598e-11,0.5741533257816291,2.5689996763428337e-11,180.0,180.0,0.0,0.0,0.0,0.0,0.0,0.0,0.0,0.0,0.0,0.0,0.0,0.0,0.0,0.0,0.0,0.0,0.0,0.0,0.0,0,0,0.0,0,0,0,0,0.0,0,0,0
2,60,600.911,609.918,10,sem_arma,sem_arma,0.0,0.0,0.0,0.0,0.0,1.4889347231096442e-08,1.4961005214706483e-08,4.013297775968252e-11,5.3523059704605055e-11,3.2207353707521494e-11,0.9483106514832598,2.5342811201951404e-11,180.0,180.0,0.0,0.0,0.0,0.0,0.0,0.0,0.0,0.0,0.0,0.0,0.0,0.0,0.0,0.0,0.0,0.0,0.0,0.0,0.0,0,0,0.0,0,0,0,0,0.0,0,0,0
2,61,610.919,619.931,10,sem_arma,sem_arma,0.0,0.0,0.0,0.0,0.0,1.4881829835675148e-08,1.4916077271118776e-08,1.5754558292554113e-11,1.4871445090129535e-11,2.260817680445174e-11,0.4793256900451247,3.154362922346574e-11,180.0,180.0,0.0,0.0,0.0,0.0,0.0,0.0,0.0,0.0,0.0,0.0,0.0,0.0,0.0,0.0,0.0,0.0,0.0,0.0,0.0,0,0,0.0,0,0,0,0,0.0,0,0,0
2,62,620.939,629.941,10,sem_arma,sem_arma,0.0,0.0,0.0,0.0,0.0,1.488658802158472e-08,1.5036489600249905e-08,7.209355318938142e-11,9.537771435148783e-11,6.821627492904935e-11,0.0,5.923706431153615e-11,180.0,180.0,0.0,0.0,0.0,0.0,0.0,0.0,0.0,0.0,0.0,0.0,0.0,0.0,0.0,0.0,0.0,0.0,0.0,0.0,0.0,0,0,0.0,0,0,0,0,0.0,0,0,0
2,63,630.941,639.955,10,sem_arma,sem_arma,0.0,0.0,0.0,0.0,0.0,1.4880793101447577e-08,1.5036489600249905e-08,8.770023168270728e-11,1.263714186537214e-10,7.950258459306353e-11,0.0,6.989063730621406e-11,180.0,180.0,0.0,0.0,0.0,0.0,0.0,0.0,0.0,0.0,0.0,0.0,0.0,0.0,0.0,0.0,0.0,0.0,0.0,0.0,0.0,0,0,0.0,0,0,0,0,0.0,0,0,0
2,64,640.954,649.958,10,sem_arma,sem_arma,0.0,0.0,0.0,0.0,0.0,1.4896944822410771e-08,1.4991107840893013e-08,6.45887752273331e-11,8.626025953615564e-11,7.979898149836643e-11,0.0,8.048163851681188e-11,180.0,180.0,0.0,0.0,0.0,0.0,0.0,0.0,0.0,0.0,0.0,0.0,0.0,0.0,0.0,0.0,0.0,0.0,0.0,0.0,0.0,0,0,0.0,0,0,0,0,0.0,0,0,0
2,65,650.967,659.969,10,sem_arma,sem_arma,0.0,0.0,0.0,0.0,0.0,1.4884985111798669e-08,1.4991107840893013e-08,5.7078745769172844e-11,6.686601946025622e-11,5.5905070506206697e-11,0.0,6.879438996609674e-11,180.0,180.0,0.0,0.0,0.0,0.0,0.0,0.0,0.0,0.0,0.0,0.0,0.0,0.0,0.0,0.0,0.0,0.0,0.0,0.0,0.0,0,0,0.0,0,0,0,0,0.0,0,0,0
2,66,660.975,669.978,10,sem_arma,sem_arma,0.0,0.0,0.0,0.0,0.0,1.4887870685732877e-08,1.4976041400851914e-08,4.238876142348684e-11,4.316824322178625e-11,3.594989452462092e-11,0.0,4.193838575700122e-11,180.0,180.0,0.0,0.0,0.0,0.0,0.0,0.0,0.0,0.0,0.0,0.0,0.0,0.0,0.0,0.0,0.0,0.0,0.0,0.0,0.0,0,0,0.0,0,0,0,0,0.0,0,0,0
2,67,670.981,679.991,10,sem_arma,sem_arma,0.0,0.0,0.0,0.0,0.0,1.4883071504266104e-08,1.5128082430302188e-08,1.440373378271897e-10,1.9310469235977715e-10,1.334934259919121e-10,0.0,1.0736663569472531e-10,180.0,180.0,0.0,0.0,0.0,0.0,0.0,0.0,0.0,0.0,0.0,0.0,0.0,0.0,0.0,0.0,0.0,0.0,0.0,0.0,0.0,0,0,0.0,0,0,0,0,0.0,0,0,0
2,68,681.0,689.0,9,sem_arma,sem_arma,0.0,0.0,0.0,0.0,0.0,1.48865879395419e-08,1.4991107840893013e-08,7.233244617261054e-11,9.740738280248509e-11,7.89831396794228e-11,0.0,1.0403943832384534e-10,180.0,180.0,0.0,0.0,0.0,0.0,0.0,0.0,0.0,0.0,0.0,0.0,0.0,0.0,0.0,0.0,0.0,0.0,0.0,0.0,0.0,0,0,0.0,0,0,0,0,0.0,0,0,0
2,69,690.001,699.019,10,sem_arma,sem_arma,0.0,0.0,0.0,0.0,0.0,1.487346230765732e-08,1.502133184863675e-08,9.627098264051651e-11,1.3974613821682962e-10,8.492342111041023e-11,0.0,7.601606050795994e-11,180.0,180.0,0.0,0.0,0.0,0.0,0.0,0.0,0.0,0.0,0.0,0.0,0.0,0.0,0.0,0.0,0.0,0.0,0.0,0.0,0.0,0,0,0.0,0,0,0,0,0.0,0,0,0
2,70,700.01,709.029,10,sem_arma,sem_arma,0.0,0.0,0.0,0.0,0.0,1.4886851641936153e-08,1.5036489600249905e-08,9.769613968657404e-11,1.2789391887769044e-10,1.0798906240140407e-10,0.0,1.0436590193834787e-10,180.0,180.0,0.0,0.0,0.0,0.0,0.0,0.0,0.0,0.0,0.0,0.0,0.0,0.0,0.0,0.0,0.0,0.0,0.0,0.0,0.0,0,0,0.0,0,0,0,0,0.0,0,0,0
2,71,710.024,719.03,10,sem_arma,sem_arma,0.0,0.3562501182658834,1.3547283281285134,0.050359178256896356,0.8568020366581316,0.23911465671570742,1.6539675580330997,0.5043977792418664,0.365754432852905,0.37493935408877055,0.4915078257379114,0.3620472971933249,180.0,180.0,0.0,0.0,0.0,0.0,0.0,0.0,0.0,0.0,0.0,0.0,0.0,0.0,0.0,0.0,0.0,0.0,0.0,0.0,0.0,0,0,0.0,0,0,0,0,0.0,0,0,0
2,72,720.041,729.042,10,sem_arma,sem_arma,0.0,2.8823328887773654,5.771944863920345,-0.014864459361341042,3.2990655925686467,0.4945819063706155,1.2991182007753823,0.5027435496941086,0.5639068926573777,0.39497498005078324,0.6398069212848259,0.435425095095651,180.0,180.0,0.0,0.0,0.0,0.0,0.0,0.0,0.0,0.0,0.0,0.0,0.0,0.0,0.0,0.0,0.0,0.0,0.0,0.0,0.0,0,0,0.0,0,0,0,0,0.0,0,0,0
2,73,730.053,739.063,10,sem_arma,sem_arma,0.0,1.3120825617523315,3.11579229028948,0.27619273171125147,2.4198599813262054,0.5934028350076612,1.5795858590935994,0.5757387845273964,0.4418006676455759,0.5271070059520832,0.6045108712801743,0.5374647242298431,180.0,180.0,0.0,0.0,0.0,0.0,0.0,0.0,0.0,0.0,0.0,0.0,0.0,0.0,0.0,0.0,0.0,0.0,0.0,0.0,0.0,0,0,0.0,0,0,0,0,0.0,0,0,0
2,74,740.083,749.082,10,sem_arma,sem_arma,0.0,1.9966876034547976,6.171016878524415,-0.22493925590719907,5.053857571847253,0.9343903955783798,2.1593635007864735,0.7605994216567942,0.5092750746032823,0.6465952581066704,0.3306555046588727,0.675409287946863,180.0,180.0,0.0,0.0,0.0,0.0,0.0,0.0,0.0,0.0,0.0,0.0,0.0,0.0,0.0,0.0,0.0,0.0,0.0,0.0,0.0,0,0,0.0,0,0,0,0,0.0,0,0,0
2,75,750.082,759.089,10,sem_arma,sem_arma,0.0,4.93741978307177,6.839079802103442,0.5820959257313343,2.393318039910494,0.5203389000148527,1.4994274973027402,0.549105072023618,0.5635311925903982,0.5488749794031723,0.2417831663489296,0.6500973560868911,83.41542999999999,16.8122,27.96644,34.0709,1.0,0.0,0.0,0.0,0.0,0.0,0.0,0.0,0.0,0.0,0.0,0.0,0.0,0.0,0.0,0.0,0.0,0,0,0.0,0,0,0,0,0.0,0,0,0
2,76,760.092,769.278,7,sem_arma,sem_arma,0.0,5.757149992297104,6.7607010949005755,0.23313144853988374,3.1535838865583847,0.21729912723763814,0.8446631163702223,0.3274081715324114,0.22601207808074056,0.13596333153977627,0.5999687355393882,0.3856053351404873,154.92514285714284,140.623,53.33291428571429,74.2178,1.0,0.0,0.0,0.0,0.0,0.0,0.0,0.0,0.0,0.0,0.0,0.0,0.0,0.0,0.0,0.0,0.0,0,0,0.0,0,0,0,0,0.0,0,0,0
2,77,770.277,779.291,10,sem_arma,sem_arma,0.0,2.896683396505655,6.4531589466167825,0.0808864859341142,3.420459234528207,0.9864209547260507,2.4019797605986026,1.0189485669666793,1.317952034017869,0.9862167024745047,0.7662065283259754,0.8786680022020015,105.95866000000001,27.0596,84.54044999999999,94.0661,1.0,0.0,0.0,0.0,0.0,0.0,0.0,0.0,0.0,0.0,0.0,0.0,0.0,0.0,0.0,0.0,0.0,0,0,0.0,0,0,0,0,0.0,0,0,0
2,78,780.295,789.747,10,sem_arma,sem_arma,0.0,2.1063620908794496,6.69630928844145,-0.5650405654226269,3.2771814065434532,0.6616265231953127,2.412349799315144,0.7456091511802743,0.7616638530893305,0.6991305208454349,0.7028494429770432,0.8060157974729781,109.79802,49.3613,97.77771,98.9866,1.0,0.0,0.0,0.0,0.0,0.0,0.0,0.0,0.0,0.0,0.0,0.0,0.0,0.0,0.0,0.0,0.0,0,0,0.0,0,0,0,0,0.0,0,0,0
2,79,790.749,799.757,10,sem_arma,sem_arma,0.0,2.787310055295263,4.395262464459291,0.08277674218169309,2.5831737757780235,1.361480076109523,2.4106603286078063,0.7005842771969434,0.8619924319493674,0.7145041269939542,0.3152593278641547,0.7134022548926581,102.41365,20.3108,100.12723,104.894,1.0,0.0,0.0,0.0,0.0,0.0,0.0,0.0,0.0,0.0,0.0,0.0,0.0,0.0,0.0,0.0,0.0,0,0,0.0,0,0,0,0,0.0,0,0,0
2,80,800.759,809.809,10,sem_arma,sem_arma,0.0,3.414953027904788,5.791255677897942,0.18452594682342766,4.214046995104065,1.2872952884523472,2.9166182009463064,0.9560575639637768,1.1922232032645543,0.9191658448425724,0.17217642968011165,0.8722995243092573,103.64433,28.0813,103.63579999999999,106.831,1.0,0.0,0.0,0.0,0.0,0.0,0.0,0.0,0.0,0.0,0.0,0.0,0.0,0.0,0.0,0.0,0.0,0,0,0.0,0,0,0,0,0.0,0,0,0
2,81,810.803,819.03,9,sem_arma,sem_arma,0.0,2.7725946429220367,5.440982219447597,-0.21537341071909044,3.441920392410288,1.1237468413239273,2.409596475029852,0.8944649823341627,1.2951427788663086,0.8926963134347226,0.09802993299342908,0.8721265857132783,82.00240000000001,13.793,103.7513,106.966,1.0,0.0,0.0,0.0,0.0,0.0,0.0,0.0,0.0,0.0,0.0,0.0,0.0,0.0,0.0,0.0,0.0,0,0,0.0,0,0,0,0,0.0,0,0,0
2,82,820.027,829.04,10,sem_arma,sem_arma,0.0,1.0065441653461373,3.817664891033767,-0.09757493622866004,2.824155555868094,0.7151916547485297,2.037637284000274,0.9074156324929231,0.6981831943265012,0.7991093948181683,0.2272987448878796,0.9036182097319141,81.52316,39.8754,111.3904,112.357,1.0,0.0,0.0,0.0,0.0,0.0,0.0,0.0,0.0,0.0,0.0,0.0,0.0,0.0,0.0,0.0,0.0,0,0,0.0,0,0,0,0,0.0,0,0,0
2,83,830.055,839.058,10,sem_arma,sem_arma,0.0,0.0,0.0,0.0,0.0,2.1036147753767934e-08,2.124337122524901e-08,1.169164987095043e-10,1.0469209857767591e-10,1.360690382889747e-10,0.5153389344179171,0.27850580448208473,64.24278,64.2413,112.1874,112.19,1.0,0.0,0.0,0.0,0.0,0.0,0.0,0.0,0.0,0.0,0.0,0.0,0.0,0.0,0.0,0.0,0.0,0,0,0.0,0,0,0,0,0.0,0,0,0
2,84,840.054,849.286,10,sem_arma,sem_arma,0.0,0.0,0.0,0.0,0.0,2.1111031002752433e-08,2.8439169035690982e-08,3.348344503015146e-09,2.958057594981638e-09,1.3715817015925115e-09,0.35794696426134787,9.437679437065842e-10,64.37346,64.2335,112.1534,112.208,1.0,0.0,0.0,0.0,0.0,0.0,0.0,0.0,0.0,0.0,0.0,0.0,0.0,0.0,0.0,0.0,0.0,0,0,0.0,0,0,0,0,0.0,0,0,0
2,85,850.334,859.292,10,sem_arma,sem_arma,0.0,0.05055611729019212,0.5055611729019212,0.05111841990919325,0.5111841990919325,2.1068781901207257e-08,2.170280561838004e-08,4.290938338039963e-10,4.975517445189349e-10,1.595213984921555e-09,0.1,2.681585105207321e-09,64.45364,64.3933,112.1029,112.162,1.0,0.0,0.0,0.0,0.0,0.0,0.0,0.0,0.0,0.0,0.0,0.0,0.0,0.0,0.0,0.0,0.0,0,0,0.0,0,0,0,0,0.0,0,0,0
2,86,860.37,869.313,10,sem_arma,sem_arma,0.0,2.256006138408248,6.92185641471079,0.644107980409499,2.981287876289136,0.4139004102130337,3.0229419132665782,0.9376611216243386,0.5869580393404059,0.4123148976145255,0.6580600697077743,0.2986264232202489,78.36291,56.9036,114.02629999999999,119.392,1.0,0.0,0.0,0.0,0.0,0.0,0.0,0.0,0.0,0.0,0.0,0.0,0.0,0.0,0.0,0.0,0.0,0,0,0.0,0,0,0,0,0.0,0,0,0
2,87,870.346,879.315,10,sem_arma,sem_arma,0.0,2.7477173987243626,6.321327286473159,-0.5010833376421715,3.1051804045861444,0.7564088812655514,2.8994707087876206,0.9285622679955237,1.2249221595658928,0.8108634368011615,0.7389982800728194,0.8912248543665493,109.36603,55.7779,126.3954,128.308,1.0,0.0,0.0,0.0,0.0,0.0,0.0,0.0,0.0,0.0,0.0,0.0,0.0,0.0,0.0,0.0,0.0,0,0,0.0,0,0,0,0,0.0,0,0,0
2,88,880.316,889.97,9,sem_arma,sem_arma,0.0,1.5790661208019081,4.220645306568739,0.03278966939117484,2.70671182795807,0.8159757682185416,2.1745650677204833,0.7548768735899063,0.8404918404891378,0.925994122167409,0.6211302353935603,0.9155828678145943,92.62144,2.69457,124.82377777777778,129.291,1.0,0.2222222222222222,0.0,0.2222222222222222,0.0,0.0,1.003,0.0,0.0,0.0,0.0,0.0,0.0,0.0,0.0,0.0,0.0,0,0,0.0,0,0,0,0,0.0,0,0,0
2,89,891.012,899.996,8,sem_arma,sem_arma,0.0,4.7951740977693005,10.803385021609063,0.5862810451750344,6.7786298740776205,0.6345104412492825,2.8802890428329606,0.9998113258858076,0.723858328747096,0.5385177624220554,0.5831624321243246,0.7797672999741537,135.845825,60.1568,157.206375,168.722,1.0,0.0,0.0,0.0,0.0,0.0,0.0,0.0,0.0,0.0,0.0,0.0,0.0,0.0,0.0,0.0,0.0,0,0,0.0,0,0,0,0,0.0,0,0,0
2,90,900.998,909.122,9,sem_arma,sem_arma,0.0,2.9928826940133515,5.7096603504534915,-0.01207214508304191,4.2983394711032865,0.9990885441717463,2.047844110389424,0.6892844913847553,0.9668451266792424,0.7559690971435469,0.7006801904212495,0.8876348329514765,137.47735555555556,72.6332,178.27466666666666,185.755,1.0,0.0,0.0,0.0,0.0,0.0,0.0,0.0,0.0,0.0,0.0,0.0,0.0,0.0,0.0,0.0,0.0,0,0,0.0,0,0,0,0,0.0,0,0,0
2,91,910.124,919.151,10,sem_arma,sem_arma,0.0,2.741093541974892,5.693208129201088,0.07911628403537022,4.803768773462067,0.9334690631886854,2.3322106026382747,0.6863047750706421,0.9054660601727413,0.7254691301676757,0.5096373024805777,0.7277848221363296,117.06802,49.6079,183.4645,187.294,1.0,0.0,0.0,0.0,0.0,0.0,0.0,0.0,0.0,0.0,0.0,0.0,0.0,0.0,0.0,0.0,0.0,0,0,0.0,0,0,0,0,0.0,0,0,0
2,92,920.149,929.281,10,sem_arma,sem_arma,0.0,2.598277617973447,4.61954506792987,0.03329137721620921,3.118378220626452,0.9980357217615398,2.459782335398256,0.8357148043662941,1.0035051727973998,0.7213755118909988,0.19876768060078745,0.6582577716126741,77.68215000000001,21.5721,183.0721,187.809,1.0,0.0,0.0,0.0,0.0,0.0,0.0,0.0,0.0,0.0,0.0,0.0,0.0,0.0,0.0,0.0,0.0,0,0,0.0,0,0,0,0,0.0,0,0,0
2,93,930.342,939.377,10,sem_arma,sem_arma,0.0,17.098816369490358,141.2941179421136,-1.6589243865713108,124.27727104124132,0.9084232877806014,2.909446888984801,1.0130727617332482,1.2787633310394522,0.9807047124202176,0.4413409975770318,0.9135047032624455,83.54342,42.9713,179.2157,190.565,1.0,0.0,0.0,0.0,0.0,0.0,0.0,0.0,0.0,0.0,0.0,0.0,0.0,0.0,0.0,0.0,0.0,0,0,0.0,0,0,0,0,0.0,0,0,0
2,94,940.37,949.384,10,sem_arma,sem_arma,0.0,5.574117681442528,6.9853990882979655,-0.011946878279793372,2.462162856862043,0.6384637195232197,4.1518742870328,1.3140212686845139,0.6600475277627147,0.6932298481302678,0.5685325455958827,0.9549258087449424,93.91599,28.8314,179.6186,184.771,1.0,0.0,0.0,0.0,0.0,0.0,0.0,0.0,0.0,0.0,0.0,0.0,0.0,0.0,0.0,0.0,0.0,0,0,0.0,0,0,0,0,0.0,0,0,0
2,95,950.386,959.664,10,sem_arma,sem_arma,0.0,2.159754906147451,3.719462074178388,-0.2260175193129847,2.1451283926201206,0.3674457909421196,0.9502124286943436,0.3328431448575798,0.6817000391228818,0.8484725790520729,0.5192766082059225,1.1507700370757543,52.735417,2.35634,187.6275,193.2,1.0,0.2,0.0,0.2,0.0,0.0,0.0,0.0,0.0,0.0,0.0,0.0,0.0,0.0,0.0,0.0,0.0,0,0,0.0,0,0,0,0,0.0,0,0,0
2,96,960.667,969.678,10,sem_arma,sem_arma,0.0,1.5394380466938913,2.583080740640761,-0.22725308165054972,1.6094199738466428,0.7615554897903576,2.136300093368198,0.8044228042467634,0.5631305818455173,0.6922913286822711,0.3596450484609947,0.7071375424984045,51.32465,16.1919,190.0689,191.031,1.0,0.0,0.0,0.0,0.0,0.0,0.0,0.0,0.0,0.0,0.0,0.0,0.0,0.0,0.0,0.0,0.0,0,0,0.0,0,0,0,0,0.0,0,0,0
2,97,970.675,979.758,10,sem_arma,sem_arma,0.0,2.008652805089601,4.723139166688527,-0.07514583026552293,2.4965243170326614,0.6729844354357672,2.8008116516630905,0.917122339471953,0.6547973681098356,0.7149449736076681,0.1326129130203602,0.8964544294700977,106.18916999999999,33.3423,184.5132,188.98,1.0,0.0,0.0,0.0,0.0,0.0,0.0,0.0,0.0,0.0,0.0,0.0,0.0,0.0,0.0,0.0,0.0,0,0,0.0,0,0,0,0,0.0,0,0,0
2,98,980.758,989.802,10,sem_arma,sem_arma,0.0,19.93508848016591,186.4540454745053,18.647820188700926,186.79135945850086,0.7925051675421579,3.077431339766446,0.8823612403849167,0.9486805937527594,0.8563019212212742,0.1697629354569359,0.7865523857616339,108.47097000000001,57.5666,166.609097,186.826,1.0,0.0,0.1,0.0,0.0,0.0,0.0,0.0,0.0,0.0,0.0,0.0,0.0,0.0,0.0,0.0,0.0,0,0,0.0,0,0,0,0,0.0,0,0,0
2,99,990.805,999.814,10,sem_arma,sem_arma,0.0,0.031528192419652025,0.31528192419652024,-18.58976150195336,0.0,0.21411375050857262,2.04409667060959,0.6437132822844878,0.4088193299724086,0.4557780946609104,0.8987377505157046,0.8163591415313741,83.06105,52.9316,1.786638,1.99236,1.0,0.0,1.0,0.0,0.0,0.0,0.0,0.0,0.0,0.0,0.0,0.0,0.0,0.0,0.0,0.0,0.0,0,0,0.0,0,0,0,0,0.0,0,0,0
2,100,1000.821,1008.83,9,sem_arma,sem_arma,0.0,0.0,0.0,0.0,0.0,2.1036430922508445e-08,2.1158056481372508e-08,9.776510677830183e-11,1.44797690998874e-10,1.0293384148160665e-10,0.9728421982833435,0.0034096607981435227,37.46987777777778,36.8765,3.2781622222222224,3.34777,1.0,0.0,1.0,0.0,0.0,0.0,0.0,0.0,0.0,0.0,0.0,0.0,0.0,0.0,0.0,0.0,0.0,0,0,0.0,0,0,0,0,0.0,0,0,0
2,101,1010.023,1019.45,10,sem_arma,sem_arma,0.0,0.029505336258283978,0.2222731587980044,0.011214619665211787,0.22094747395427874,2.0051207593242277e-08,2.1094518774221237e-08,1.968816871273648e-09,1.452018510231148e-09,1.0863308130521817e-09,0.24370160119488213,1.1672921707196645e-09,85.89805,54.1512,1.2956973999999999,2.26523,1.0,0.0,1.0,0.0,0.0,0.0,0.0,0.0,0.0,0.0,0.0,0.0,0.0,0.0,0.0,0.0,0.0,0,0,0.0,0,0,0,0,0.0,0,0,0
2,102,1020.447,1029.466,10,sem_arma,sem_arma,0.0,0.0,0.0,-0.007299920138900237,0.0,2.104017405629418e-08,2.1136834759726197e-08,9.799351021987188e-11,6.887546102952503e-10,1.0791335410636056e-09,0.43701602444882104,1.634471356063141e-09,54.150729999999996,54.0096,2.264036,2.26623,1.0,0.0,1.0,0.0,0.0,0.0,0.0,0.0,0.0,0.0,0.0,0.0,0.0,0.0,0.0,0.0,0.0,0,0,0.0,0,0,0,0,0.0,0,0,0
2,103,1030.467,1039.722,10,sem_arma,sem_arma,0.0,0.0,0.0,0.0,0.0,2.060856779854622e-08,2.1115655566580177e-08,1.1072548569416664e-09,8.942138021735764e-10,5.979467271256044e-10,0.44961281955905685,4.4987426823955096e-10,56.02318,30.4198,2.453096,3.44631,1.0,0.0,1.0,0.0,0.0,0.0,0.0,0.0,0.0,0.0,0.0,0.0,0.0,0.0,0.0,0.0,0.0,0,0,0.0,0,0,0,0,0.0,0,0,0
2,104,1040.729,1049.831,10,sem_arma,sem_arma,0.0,0.05183725674712614,0.22183214062578616,-0.00018039352737845156,0.22007156808113706,0.11122729165221046,0.6706468328257267,0.23637035316539876,0.21376336842274965,0.1296972538216288,0.4894811423397741,0.09740908891343265,34.28667,30.3584,3.2337119999999997,3.43964,1.0,0.0,1.0,0.0,0.0,0.0,0.0,0.0,0.0,0.0,0.0,0.0,0.0,0.0,0.0,0.0,0.0,0,0,0.0,0,0,0,0,0.0,0,0,0
2,105,1050.832,1059.857,10,sem_arma,sem_arma,0.0,0.0,0.0,0.0,0.0,0.17733774702436356,0.814932451864701,0.3035812402988367,0.1629864888946504,0.24493101776442772,0.9738260724467203,0.30638854231503937,37.534530000000004,33.2701,2.956935,2.96726,1.0,0.0,1.0,0.0,0.0,0.0,0.0,0.0,0.0,0.0,0.0,0.0,0.0,0.0,0.0,0.0,0.0,0,0,0.0,0,0,0,0,0.0,0,0,0
2,106,1060.862,1069.862,10,sem_arma,sem_arma,0.0,0.0,0.0,0.0,0.0,0.08738603267676535,0.4616234547418025,0.17798173093738529,0.16915592201049306,0.14800828472870736,0.6869130362233602,0.16942278602421854,37.15923,33.1037,2.957393,2.96444,1.0,0.0,1.0,0.0,0.0,0.0,0.0,0.0,0.0,0.0,0.0,0.0,0.0,0.0,0.0,0.0,0.0,0,0,0.0,0,0,0,0,0.0,0,0,0
2,107,1070.868,1079.927,10,sem_arma,sem_arma,0.0,0.0,0.0,0.0,0.0,0.26763097852446055,1.3309944857800078,0.5463911532107806,0.5073080158154359,0.4614917822670435,0.0,0.48041400264778444,51.750840000000004,39.0027,2.956946,2.96679,1.0,0.0,1.0,0.0,0.0,0.0,0.0,0.0,0.0,0.0,0.0,0.0,0.0,0.0,0.0,0.0,0.0,0,0,0.0,0,0,0,0,0.0,0,0,0
2,108,1080.924,1089.047,9,sem_arma,sem_arma,0.0,0.0,0.0,0.0,0.0,0.0,0.0,0.0,0.0,0.0,0.0,0.15403405055802785,39.15257777777778,39.006,2.9570422222222223,2.96693,1.0,0.0,1.0,0.0,0.0,0.0,0.0,0.0,0.0,0.0,0.0,0.0,0.0,0.0,0.0,0.0,0.0,0,0,0.0,0,0,0,0,0.0,0,0,0
2,109,1090.055,1099.314,10,sem_arma,sem_arma,0.0,0.0,0.0,0.0,0.0,0.0,0.0,0.0,0.0,0.0,0.0,0.0,39.12816,38.9933,2.9581910000000002,2.96722,1.0,0.0,1.0,0.0,0.0,0.0,0.0,0.0,0.0,0.0,0.0,0.0,0.0,0.0,0.0,0.0,0.0,0,0,0.0,0,0,0,0,0.0,0,0,0
2,110,1100.316,1109.323,10,sem_arma,sem_arma,0.0,0.0,0.0,0.0,0.0,0.0,0.0,0.0,0.0,0.0,0.0,0.0,39.15695,38.9942,2.957666,2.96726,1.0,0.0,1.0,0.0,0.0,0.0,0.0,0.0,0.0,0.0,0.0,0.0,0.0,0.0,0.0,0.0,0.0,0,0,0.0,0,0,0,0,0.0,0,0,0
2,111,1110.32,1119.331,10,AK74,sem_arma;AK74,0.6,0.0,0.0,0.0,0.0,0.0,0.0,0.0,0.0,0.0,0.0,0.0,39.03398,38.4023,2.966081,3.00018,1.0,0.0,1.0,0.0,0.0,0.0,0.0,0.0,0.0,0.0,0.0,0.0,0.0,0.0,0.0,0.0,0.0,0,0,0.0,0,0,0,0,0.0,0,0,0
2,112,1120.418,1129.455,10,AK74,AK74,1.0,0.0,0.0,0.0,0.0,0.0,0.0,0.0,0.0,0.0,0.0,0.0,38.98016,38.4674,2.968895,3.00053,1.0,0.0,1.0,0.0,0.0,0.0,0.0,0.0,0.0,0.0,0.0,0.0,0.0,0.0,0.0,0.0,0.0,0,0,0.0,0,0,0,0,0.0,0,0,0
2,113,1130.462,1139.473,10,AK74,AK74,1.0,0.0,0.0,0.0,0.0,0.0,0.0,0.0,0.0,0.0,0.0,0.0,45.637649999999994,35.5316,2.286857,2.83558,1.0,0.0,1.0,0.0,0.0,0.0,0.0,0.0,0.0,0.0,0.0,0.0,0.0,0.0,0.0,0.0,0.0,0,0,0.0,0,0,0,0,0.0,0,0,0
2,114,1140.468,1149.595,10,AK74,AK74,1.0,0.0,0.0,0.0,0.0,0.0,0.0,0.0,0.0,0.0,0.0,0.0,43.03358,32.2233,2.9020040000000003,3.8976,1.0,0.0,0.7,0.0,0.0,0.0,0.0,0.0,0.0,0.0,0.0,0.0,0.0,0.0,0.0,0.0,0.0,0,0,0.0,0,0,0,0,0.0,0,0,0
2,115,1150.597,1159.95,10,AK74,AK74,1.0,0.57511490258711,1.7429390418301611,0.1077254927131571,1.037849203352052,0.13653433375738608,0.4919663008261906,0.1621851236654491,0.08600299957437652,0.060735977512507144,0.35372045420662496,0.05612492705151746,23.388709999999996,10.5811,5.079465,8.72694,1.0,0.0,0.9,0.0,0.0,0.0,0.0,0.0,0.0,0.0,0.0,0.0,0.0,0.0,0.0,0.0,0.0,0,0,0.0,0,0,0,0,0.0,0,0,0
2,116,1160.944,1169.557,9,AK74,AK74,1.0,1.422404339254152,2.7683765213085607,-0.013697258896634066,1.8708865157880643,0.7975158987785054,2.6567268179864545,1.0118611319496404,1.051502493454565,0.9195911743440077,0.33212452047466684,0.8501143484645376,53.02832222222222,34.3002,2.763278888888889,5.43731,1.0,0.0,1.0,0.0,0.0,0.0,0.0,0.0,0.0,0.0,0.0,0.0,0.0,0.0,0.0,0.0,0.0,0,0,0.0,0,0,0,0,0.0,0,0,0
2,117,1170.559,1179.571,10,AK74,AK74,1.0,1.2236271362017612,2.5025033603401936,-0.04473283988599519,2.5050083687089026,0.39848985702279355,1.5709446678480037,0.4721672132354301,0.4215650623827294,0.4105062381541022,0.15107113472017425,0.6034404389441169,38.00813,19.7308,5.470898,9.56852,1.0,0.0,0.7,0.0,0.0,0.0,0.0,0.0,0.0,0.0,0.0,0.0,0.0,0.0,0.0,0.0,0.0,0,0,0.0,0,0,0,0,0.0,0,0,0
2,118,1182.082,1189.116,8,AK74,AK74,1.0,1.5222538127610767,2.5858602435617857,0.20375708811611776,1.5034852078354357,0.30536999275078697,0.7030441860287809,0.2993537278595215,0.27661712733905336,0.2079275626638864,0.15418183068221555,0.40039269232555597,17.6949435,0.990908,10.6543075,12.8828,1.0,0.25,0.625,0.25,0.0,0.0,0.0,0.0,0.0,0.0,0.0,0.0,0.0,0.0,0.0,0.0,0.0,0,0,0.0,0,0,0,0,0.0,0,0,0
2,119,1190.102,1199.192,10,AK74,AK74,1.0,0.8980305983961818,2.305714435277157,-0.21754911474488625,1.326990532311766,0.2950735980843947,1.0233274612628598,0.3942230770702993,0.4862713985691096,0.3845846659591135,0.0884377786474499,0.3545909821559413,31.277463,6.78463,5.130187,11.1555,1.0,0.0,0.9,0.0,0.0,0.0,0.0,0.0,0.0,0.0,0.0,0.0,0.0,0.0,0.0,0.0,0.0,0,0,0.0,0,0,0,0,0.0,0,0,0
2,120,1200.829,1209.426,9,AK74,AK74;sem_arma,0.7777777777777778,0.926157554152007,3.113248191942943,0.23480469095940254,1.5298417583480366,0.3886275847657561,1.331307647955448,0.5872825121858674,0.14792307199504978,0.22864270494315228,0.19558795345138422,0.3583844522821739,92.66812222222222,11.8119,5.488468888888889,15.6753,1.0,0.0,1.0,0.0,0.0,0.0,0.0,0.0,0.0,0.0,0.0,0.0,0.0,0.0,0.0,0.0,0.0,0,0,0.0,0,0,0,0,0.0,0,0,0
2,121,1210.426,1219.408,8,AK74,AK74,1.0,2.894649922499525,6.321086176311405,-0.172584284256582,3.6878348496642523,0.2553056308774593,1.0686871958885296,0.3700017074394579,0.4863806930356398,0.5537985932795827,0.49377644623543426,0.5667013603042992,52.480292500000004,9.39754,5.52761,11.395,1.0,0.0,1.0,0.0,0.0,0.0,0.0,0.0,0.0,0.0,0.0,0.0,0.0,0.0,0.0,0.0,0.0,0,0,0.0,0,0,0,0,0.0,0,0,0
2,122,1220.403,1229.259,9,AK74,AK74,1.0,2.508895073169965,6.701428843929097,-0.03198315526578007,3.31793385193441,0.8166830584413086,2.2391738372563803,0.7996415163188769,0.8585280832081947,0.4783320079981848,0.5564744834420104,0.47596305270698086,29.53211333333333,2.99062,17.356166666666667,22.7477,1.0,0.1111111111111111,0.1111111111111111,0.1111111111111111,0.0,0.0,0.0,0.0,0.0,0.0,0.0,0.0,0.0,0.0,0.0,0.0,0.0,0,0,0.0,0,0,0,0,0.0,0,0,0
2,123,1230.264,1239.845,10,AK74,AK74,1.0,1.417280827609466,4.5342765809012135,-0.07621663686449835,3.1984926039258617,0.4329455393117043,1.1459173108296414,0.3834050840622021,0.48180291145132514,0.5722723273169746,0.527600494316286,0.6854246978437246,39.933367,7.47409,22.739961,29.1955,1.0,0.0,0.0,0.0,0.0,0.0,0.0,0.0,0.0,0.0,0.0,0.0,0.0,0.0,0.0,0.0,0.0,0,0,0.0,0,0,0,0,0.0,0,0,0
2,124,1240.847,1249.862,10,AK74,AK74,1.0,0.0,0.0,0.0,0.0,1.487610092223764e-08,1.4991107840893013e-08,6.15186810210828e-11,6.538912048367356e-11,0.065665627245443,0.7134119907243793,0.25095331623047823,7.474112,7.47407,29.1955,29.1955,1.0,0.0,0.0,0.0,0.0,0.0,0.0,0.0,0.0,0.0,0.0,0.0,0.0,0.0,0.0,0.0,0.0,0,0,0.0,0,0,0,0,0.0,0,0,0
2,125,1250.865,1259.873,10,AK74,AK74,1.0,0.5644390728011504,4.514150118722059,-0.0016893755527880305,4.500648174199461,1.4885138653284168e-08,1.5066897061524426e-08,7.63652022989618e-11,7.434354777135709e-11,5.2754310989733324e-11,0.7200853924508269,5.727124452483566e-11,13.231620000000001,12.3867,32.38846,32.893,1.0,0.0,0.0,0.0,0.0,0.0,0.0,0.0,0.0,0.0,0.0,0.0,0.0,0.0,0.0,0.0,0.0,0,0,0.0,0,0,0,0,0.0,0,0,0
2,126,1260.884,1269.891,10,AK74,AK74,1.0,0.0,0.0,0.0,0.0,1.4874944947705999e-08,1.5036489600249905e-08,9.608778915249785e-11,1.3404743714424394e-10,1.1636623018379261e-10,0.8185972811729579,1.057763990692271e-10,12.3867,12.3867,32.893,32.893,1.0,0.0,0.0,0.0,0.0,0.0,0.0,0.0,0.0,0.0,0.0,0.0,0.0,0.0,0.0,0.0,0.0,0,0,0.0,0,0,0,0,0.0,0,0,0
2,127,1270.889,1279.898,10,AK74,AK74,1.0,0.0,0.0,0.0,0.0,1.4890976193575028e-08,1.5006204626231275e-08,6.287930772015837e-11,9.086235430873145e-11,6.102932382965338e-11,0.6,6.696662110368476e-11,12.3867,12.3867,32.893,32.893,1.0,0.0,0.0,0.0,0.0,0.0,0.0,0.0,0.0,0.0,0.0,0.0,0.0,0.0,0.0,0.0,0.0,0,0,0.0,0,0,0,0,0.0,0,0,0
2,128,1280.903,1289.914,10,AK74,AK74,1.0,0.0,0.0,0.0,0.0,1.4877770623280468e-08,1.5006204626231275e-08,8.268067974809773e-11,1.3670351646694215e-10,8.365064404614523e-11,0.0,7.706009152232133e-11,12.3867,12.3867,32.893,32.893,1.0,0.0,0.0,0.0,0.0,0.0,0.0,0.0,0.0,0.0,0.0,0.0,0.0,0.0,0.0,0.0,0.0,0,0,0.0,0,0,0,0,0.0,0,0,0
2,129,1290.917,1299.925,10,AK74,AK74,1.0,0.0,0.0,0.0,0.0,1.4884914210984042e-08,1.4961005214706483e-08,4.573526295034249e-11,6.995146539508906e-11,4.96964458471246e-11,0.0,6.053757032461559e-11,12.3867,12.3867,32.893,32.893,1.0,0.0,0.0,0.0,0.0,0.0,0.0,0.0,0.0,0.0,0.0,0.0,0.0,0.0,0.0,0.0,0.0,0,0,0.0,0,0,0,0,0.0,0,0,0
2,130,1300.925,1309.935,10,AK74,AK74,1.0,0.0,0.0,0.0,0.0,1.488647697236557e-08,1.4961005214706483e-08,5.781112051113834e-11,7.289375729241743e-11,5.6240944127266164e-11,0.0,5.063686605008587e-11,12.3867,12.3867,32.893,32.893,1.0,0.0,0.0,0.0,0.0,0.0,0.0,0.0,0.0,0.0,0.0,0.0,0.0,0.0,0.0,0.0,0.0,0,0,0.0,0,0,0,0,0.0,0,0,0
2,131,1310.94,1319.947,10,AK74,AK74,1.0,0.0,0.0,0.0,0.0,1.4883666579759915e-08,1.502133184863675e-08,7.780313077467376e-11,9.38416928934861e-11,8.181613011291444e-11,0.0,7.424143096727557e-11,12.3867,12.3867,32.893,32.893,1.0,0.0,0.0,0.0,0.0,0.0,0.0,0.0,0.0,0.0,0.0,0.0,0.0,0.0,0.0,0.0,0.0,0,0,0.0,0,0,0,0,0.0,0,0,0
2,132,1320.94,1329.964,10,AK74,AK74,1.0,0.0,0.0,0.0,0.0,1.4876582516213249e-08,1.502133184863675e-08,1.0824434739414019e-10,1.4840375794613409e-10,1.0359242133635174e-10,0.0,9.707886415508655e-11,12.3867,12.3867,32.893,32.893,1.0,0.0,0.0,0.0,0.0,0.0,0.0,0.0,0.0,0.0,0.0,0.0,0.0,0.0,0.0,0.0,0.0,0,0,0.0,0,0,0,0,0.0,0,0,0
2,133,1330.969,1339.975,10,AK74,AK74,1.0,0.9495303673776014,2.25547672146714,0.09118702509209073,1.1113568140610843,0.7237733729608503,1.8639857736625316,0.7505348105678102,0.9556208676205247,0.6722578915504591,0.3434829953466446,0.5763471719044084,39.045925,8.30295,23.24465,33.2056,1.0,0.0,0.3,0.0,0.0,0.0,0.0,0.0,0.0,0.0,0.0,0.0,0.0,0.0,0.0,0.0,0.0,0,0,0.0,0,0,0,0,0.0,0,0,0
2,134,1340.975,1349.99,10,AK74,AK74,1.0,0.15376443755511485,0.7071067812572582,-0.0917264901757224,0.6274260845405738,0.012504167400264938,0.047601266564963725,0.02052199130305131,0.07601747018494893,0.270803213379862,0.0990305805049774,0.5530626068143214,44.24852,39.2891,2.519355,2.59249,1.0,0.0,1.0,0.0,0.0,0.0,0.0,0.0,0.0,0.0,0.0,0.0,0.0,0.0,0.0,0.0,0.0,0,0,0.0,0,0,0,0,0.0,0,0,0
2,135,1350.991,1359.996,10,AK74,AK74,1.0,0.0,0.0,0.0,0.0,0.0,0.0,0.0,0.0,0.006376669223090281,0.41163187884928976,0.013075419252205438,38.96664,35.1403,2.6085540000000003,2.83496,1.0,0.0,1.0,0.0,0.0,0.0,0.0,0.0,0.0,0.0,0.0,0.0,0.0,0.0,0.0,0.0,0.0,0,0,0.0,0,0,0,0,0.0,0,0,0
2,136,1360.997,1369.013,9,AK74,AK74,1.0,0.0,0.0,0.0,0.0,0.0,0.0,0.0,0.0,0.0,0.7848570472683113,0.0,35.25941111111111,35.238,2.8352500000000003,2.83684,1.0,0.0,1.0,0.0,0.0,0.0,0.0,0.0,0.0,0.0,0.0,0.0,0.0,0.0,0.0,0.0,0.0,0,0,0.0,0,0,0,0,0.0,0,0,0
2,137,1370.121,1379.13,10,AK74,AK74,1.0,0.11213981833446503,1.1213981833446502,0.11247725008471918,1.1247725008471918,0.04570367808601472,0.4570367808601472,0.14452772019893145,0.04570367808601472,0.02043930620441928,0.099999999996,0.014452772019893145,40.868880000000004,35.1599,2.677891,2.83795,1.0,0.0,1.0,0.0,0.0,0.0,0.0,0.0,0.0,0.0,0.0,0.0,0.0,0.0,0.0,0.0,0.0,0,0,0.0,0,0,0,0,0.0,0,0,0
2,138,1380.148,1389.329,10,AK74,AK74,1.0,0.04425910267741878,0.22293798379858323,-0.11065838869759474,0.003275115476548997,0.0012462395528612933,0.012462395528612932,0.003940955497231498,0.04570367808601472,0.08178591030135444,0.77736199088373,0.13012284503437319,34.687599999999996,26.9455,3.230404,3.87452,1.0,0.0,0.9,0.0,0.0,0.0,0.0,0.0,0.0,0.0,0.0,0.0,0.0,0.0,0.0,0.0,0.0,0,0,0.0,0,0,0,0,0.0,0,0,0
2,139,1390.328,1399.719,10,AK74,AK74,1.0,0.40969344022390325,1.4777404321721088,0.01527520422922717,1.4689268709464303,0.3380595462198022,1.5155780157775183,0.47417426653452843,0.4201735105158818,0.3896681117832853,0.39624879914542865,0.3111242561524596,37.18217,29.7451,18.677064,34.1782,1.0,0.0,0.4,0.0,0.0,0.0,0.0,0.0,0.0,0.0,0.0,0.0,0.0,0.0,0.0,0.0,0.0,0,0,0.0,0,0,0,0,0.0,0,0,0
2,140,1401.016,1409.106,9,AK74,AK74,1.0,0.3011469945146626,0.8148430090764835,-0.01758556859608347,0.6651563669055431,0.1828272512388303,0.57221670459411,0.22806995089858098,0.22273161691303628,0.20569927236078478,0.5411229546081714,0.34905185681383294,22.24716111111111,3.02025,16.75105333333333,34.5818,1.0,0.1111111111111111,0.5555555555555556,0.1111111111111111,0.1111111111111111,0.1111111111111111,0.0,0.0,0.0,0.0,0.0,0.0,0.0,0.0,0.0,0.0,0.0,0,0,0.0,0,0,0,0,0.0,0,0,0
2,141,1410.104,1419.234,10,AK74,AK74,1.0,0.10823837275365027,0.5656854263629371,0.0013184216149792175,0.5656854263629371,0.20885489567226195,0.9940197539715663,0.33287835792973697,0.21563523661344672,0.24882366267499254,0.3454098240904349,0.2788860087444144,22.034282,1.42711,21.214315,34.4597,1.0,0.2,0.4,0.2,0.0,0.0,0.0,0.0,0.0,0.0,0.0,0.0,0.0,0.0,0.0,0.0,0.0,0,0,0.0,0,0,0,0,0.0,0,0,0
2,142,1420.236,1429.241,10,AK74,AK74,1.0,0.6880563021882742,1.8329786950264089,0.00039962434003996034,1.4687370273115432,0.3475277391588114,1.5194423140065147,0.4818233756028653,0.4465443129625542,0.42663294045686684,0.3544118563199638,0.4606728426548522,32.798410000000004,28.497,5.479121999999999,33.2523,1.0,0.0,0.9,0.0,0.0,0.0,0.0,0.0,0.0,0.0,0.0,0.0,0.0,0.0,0.0,0.0,0.0,0,0,0.0,0,0,0,0,0.0,0,0,0
2,143,1430.245,1439.251,10,AK74,AK74,1.0,0.12965650652062738,0.6898602743963214,-0.0022004403060293274,0.6730344140451916,0.37625724440539055,3.0682616529137845,0.9564606862192304,0.3917372711510036,0.24830151181547758,0.2842933068117725,0.3061059905976656,30.578610000000005,20.6962,5.339049,32.7768,1.0,0.0,0.9,0.0,0.0,0.0,0.0,0.0,0.0,0.0,0.0,0.0,0.0,0.0,0.0,0.0,0.0,0,0,0.0,0,0,0,0,0.0,0,0,0
2,144,1440.261,1449.46,10,AK74,AK74,1.0,0.0,0.0,0.0,0.0,0.8917737022233757,2.796850850115529,1.0467147692090961,0.5962014813321601,0.8919048961648806,0.4144383888727482,1.1264756179870257,36.4887,26.5125,11.236706000000002,32.7768,1.0,0.0,0.7,0.0,0.0,0.0,0.0,0.0,0.0,0.0,0.0,0.0,0.0,0.0,0.0,0.0,0.0,0,0,0.0,0,0,0,0,0.0,0,0,0
2,145,1450.472,1459.495,10,AK74,AK74,1.0,0.0,0.0,0.0,0.0,9.483709945766701e-08,9.483709945766701e-07,2.9990124097014715e-07,1.8967419891533402e-07,3.2780096354682145e-07,0.468448432363256,0.31812738705610333,27.363369999999996,26.6204,2.1308219999999998,2.13686,1.0,0.0,1.0,0.0,0.0,0.0,0.0,0.0,0.0,0.0,0.0,0.0,0.0,0.0,0.0,0.0,0.0,0,0,0.0,0,0,0,0,0.0,0,0,0
2,146,1460.488,1469.507,10,AK74,AK74,1.0,0.0,0.0,0.0,0.0,1.9244045074483576e-07,9.713386069579415e-07,4.057229527119661e-07,1.942677213915883e-07,3.0683400531790684e-07,0.0,3.7429960422837374e-07,36.58534,26.636,2.06719,2.22692,1.0,0.0,1.0,0.0,0.0,0.0,0.0,0.0,0.0,0.0,0.0,0.0,0.0,0.0,0.0,0.0,0.0,0,0,0.0,0,0,0,0,0.0,0,0,0
2,147,1470.504,1479.517,10,AK74,AK74,1.0,0.16409377646929038,1.0504096653365649,-0.0012644624677355415,0.5951579547493543,0.2711404646974642,1.4577274424739293,0.569190143071694,0.29154548849478584,0.4167266179835295,0.5713661465313333,0.4375870113363379,42.27805,25.4023,5.571886000000001,32.9446,1.0,0.0,0.9,0.0,0.0,0.0,0.0,0.0,0.0,0.0,0.0,0.0,0.0,0.0,0.0,0.0,0.0,0,0,0.0,0,0,0,0,0.0,0,0,0
2,148,1480.515,1489.534,10,AK74,AK74,1.0,0.1567329503086781,0.8518448400691296,0.0006994019546948171,0.7502891068099077,0.39348610177814475,1.889337655944168,0.6629666193187282,0.46436878703875967,0.5149672319809502,0.3644547894139817,0.5706857077712086,57.867740000000005,16.3991,24.010593,33.4083,1.0,0.0,0.4,0.0,0.0,0.0,0.0,0.0,0.0,0.0,0.0,0.0,0.0,0.0,0.0,0.0,0.0,0,0,0.0,0,0,0,0,0.0,0,0,0
2,149,1490.535,1499.536,10,AK74,AK74,1.0,0.0,0.0,0.0,0.0,0.0,0.0,0.0,0.0,0.004630544070808856,0.2779171522069754,0.3104269816822708,98.3602,98.3602,33.4083,33.4083,1.0,0.0,0.0,0.0,0.0,0.0,0.0,0.0,0.0,0.0,0.0,0.0,0.0,0.0,0.0,0.0,0.0,0,0,0.0,0,0,0,0,0.0,0,0,0
2,150,1500.548,1508.553,9,AK74,AK74,1.0,0.0,0.0,0.0,0.0,0.0,0.0,0.0,0.0,0.0,0.35407254138193006,0.0,98.3602,98.3602,33.4083,33.4083,1.0,0.0,0.0,0.0,0.0,0.0,0.0,0.0,0.0,0.0,0.0,0.0,0.0,0.0,0.0,0.0,0.0,0,0,0.0,0,0,0,0,0.0,0,0,0
2,151,1511.166,1519.14,9,AK74,AK74,1.0,0.25810643840143327,1.0860094203193644,-0.003770348511377811,0.6442142637184141,0.8589005419875888,2.1687237110151534,0.9840561360537144,0.8608276259262404,0.7264705440387106,0.6407725871959236,0.6492175620446736,70.49051222222222,2.68431,129.05987222222222,573.599,1.0,0.1111111111111111,0.7777777777777778,0.1111111111111111,0.0,0.0,0.0,0.0,0.0,0.1111111111111111,0.0,0.0,0.0,0.0,0.0,0.0,0.0,0,0,0.0,0,0,0,0,0.0,0,0,0
2,152,1520.149,1529.395,10,sem_arma,sem_arma,0.0,0.0,0.0,0.0,0.0,2.059317172540971e-08,2.120062802358855e-08,9.638022084556571e-10,6.883525616226539e-10,0.20485137230037184,0.7288794298631517,0.6161515807178198,65.32794,57.0819,1.3480649999999998,2.29594,1.0,0.0,1.0,0.0,0.0,0.0,0.0,0.0,0.0,0.0,0.0,0.0,0.0,0.0,0.0,0.0,0.0,0,0,0.0,0,0,0,0,0.0,0,0,0
2,153,1530.396,1539.849,10,sem_arma,sem_arma,0.0,0.2961314578474289,1.1915673693865003,0.05532649715222968,1.0921790736814851,0.2079266325332847,0.6980017265526337,0.23396449043040826,0.1307237827591478,0.10855471495157798,0.8043979868058709,0.09657565832504844,62.98139,32.3113,101.52028800000001,335.68,1.0,0.0,0.7,0.0,0.0,0.0,0.0,0.0,0.0,0.0,0.0,0.0,0.0,0.0,0.0,0.0,0.0,0,0,0.0,0,0,0,0,0.0,0,0,0
2,154,1540.845,1549.856,10,sem_arma,sem_arma,0.0,0.30585413703082287,0.8094636293463378,-0.06534419030449926,0.14718637353089023,0.7906689012026417,3.057699479827371,1.113092422428043,0.6277981585158628,0.8425997617911648,0.1202118397952628,0.8692339008135951,66.53452999999999,41.4087,365.6508,572.629,1.0,0.0,0.0,0.0,0.0,0.0,0.0,0.0,0.0,0.0,0.0,0.0,0.0,0.0,0.0,0.0,0.0,0,0,0.0,0,0,0,0,0.0,0,0,0
2,155,1550.859,1559.173,9,sem_arma,sem_arma,0.0,0.057808294290951606,0.3789945724569021,-0.00451310899589351,0.2014529629620676,0.1219962263038093,1.0631307464028088,0.3531134322544491,0.23625127697840195,0.2643201809132823,0.2716527518749687,0.5912994049058882,118.5014,60.0446,372.56566666666663,392.209,1.0,0.0,0.0,0.0,0.0,0.0,0.0,0.0,0.0,0.0,0.0,0.0,0.0,0.0,0.0,0.0,0.0,0,0,0.0,0,0,0,0,0.0,0,0,0
2,156,1560.136,1569.129,10,sem_arma,sem_arma,0.0,0.0,0.0,0.0,0.0,0.0,0.0,0.0,0.0,2.8229695390336003e-08,0.8745637080908362,0.06813085384165503,130.8664,128.328,421.19989999999996,443.966,1.0,0.0,0.0,0.0,0.0,0.0,0.0,0.0,0.0,0.0,0.0,0.0,0.0,0.0,0.0,0.0,0.0,0,0,0.0,0,0,0,0,0.0,0,0,0
2,157,1570.122,1579.135,10,sem_arma,sem_arma,0.0,0.0,0.0,0.0,0.0,0.0,0.0,0.0,0.0,2.8229695390336003e-08,0.29811775966192094,0.0,135.9962,134.038,461.658,465.733,1.0,0.0,0.0,0.0,0.0,0.0,0.0,0.0,0.0,0.0,0.0,0.0,0.0,0.0,0.0,0.0,0.0,0,0,0.0,0,0,0,0,0.0,0,0,0
2,158,1580.139,1589.729,9,sem_arma,sem_arma,0.0,0.0,0.0,0.0,0.0,0.0,0.0,0.0,0.0,2.8229695390336003e-08,0.0,0.0,137.7801111111111,136.876,459.58011111111114,466.287,1.0,0.0,0.0,0.0,0.0,0.0,0.0,0.0,0.0,0.0,0.0,0.0,0.0,0.0,0.0,0.0,0.0,0,0,0.0,0,0,0,0,0.0,0,0,0
2,159,1590.743,1599.753,10,sem_arma,sem_arma,0.0,0.0,0.0,0.0,0.0,0.0,0.0,0.0,0.0,2.8229695390336003e-08,0.0,0.0,138.8207,138.396,456.24570000000006,457.971,1.0,0.0,0.0,0.0,0.0,0.0,0.0,0.0,0.0,0.0,0.0,0.0,0.0,0.0,0.0,0.0,0.0,0,0,0.0,0,0,0,0,0.0,0,0,0
2,160,1601.073,1608.875,9,sem_arma,sem_arma,0.0,0.0,0.0,0.0,0.0,0.22695008744920087,1.6335721353311543,0.5437343179995562,0.36301603007358985,0.41535054535930727,0.0,0.3591921988377958,58.109744444444445,20.7122,450.3503333333333,456.228,1.0,0.0,0.0,0.0,0.0,0.0,0.0,0.0,0.0,0.0,0.0,0.0,0.0,0.0,0.0,0.0,0.0,0,0,0.0,0,0,0,0,0.0,0,0,0
2,161,1610.175,1619.997,11,sem_arma,sem_arma,0.0,0.0,0.0,0.0,0.0,0.0,0.0,0.0,0.0,2.6926627382402276e-08,0.0,0.1883626309714984,23.040681818181817,22.8995,438.0826363636363,443.731,1.0,0.0,0.0,0.0,0.0,0.0,0.0,0.0,0.0,0.0,0.0,0.0,0.0,0.0,0.0,0.0,0.0,0,0,0.0,0,0,0,0,0.0,0,0,0
2,162,1620.998,1629.035,9,sem_arma,sem_arma,0.0,0.0,0.0,0.0,0.0,0.0,0.0,0.0,0.0,2.692662738240228e-08,0.0,0.0,23.23531111111111,22.9489,427.62766666666664,434.197,1.0,0.0,0.0,0.0,0.0,0.0,0.0,0.0,0.0,0.0,0.0,0.0,0.0,0.0,0.0,0.0,0.0,0,0,0.0,0,0,0,0,0.0,0,0,0
2,163,1630.123,1639.154,10,sem_arma,sem_arma,0.0,0.0,0.0,0.0,0.0,0.0,0.0,0.0,0.0,2.692662738240228e-08,0.0,0.0,23.00486,22.8685,430.5692,440.055,1.0,0.0,0.0,0.0,0.0,0.0,0.0,0.0,0.0,0.0,0.0,0.0,0.0,0.0,0.0,0.0,0.0,0,0,0.0,0,0,0,0,0.0,0,0,0
2,164,1640.282,1649.677,10,sem_arma,sem_arma,0.0,0.0,0.0,0.0,0.0,0.0,0.0,0.0,0.0,2.692662738240228e-08,0.0,0.0,22.70333,22.454,405.8939,420.123,1.0,0.0,0.0,0.0,0.0,0.0,0.0,0.0,0.0,0.0,0.0,0.0,0.0,0.0,0.0,0.0,0.0,0,0,0.0,0,0,0,0,0.0,0,0,0
2,165,1650.683,1659.928,10,sem_arma,sem_arma,0.0,0.0,0.0,0.0,0.0,0.1051637189319842,0.9640888926485955,0.3030471212685465,0.1928177785297191,0.21625759693539276,0.0,0.154292080861766,25.290309999999998,17.2501,226.38209999999998,421.058,1.0,0.0,0.0,0.0,0.0,0.0,0.0,0.0,0.0,0.0,0.0,0.0,0.0,0.0,0.0,0.0,0.0,0,0,0.0,0,0,0,0,0.0,0,0,0
2,166,1660.945,1669.94,10,sem_arma,sem_arma,0.0,0.0,0.0,0.0,0.0,0.0,0.0,0.0,0.0,0.0,0.0,0.15170601618380983,29.200800000000005,29.2008,32.6948,32.6948,1.0,0.0,0.0,0.0,0.0,0.0,0.0,0.0,0.0,0.0,0.0,0.0,0.0,0.0,0.0,0.0,0.0,0,0,0.0,0,0,0,0,0.0,0,0,0
2,167,1670.946,1679.386,9,sem_arma,sem_arma,0.0,0.0,0.0,0.0,0.0,0.0,0.0,0.0,0.0,0.0,0.0,0.0,29.200822222222225,29.2008,32.6948,32.6948,1.0,0.0,0.0,0.0,0.0,0.0,0.0,0.0,0.0,0.0,0.0,0.0,0.0,0.0,0.0,0.0,0.0,0,0,0.0,0,0,0,0,0.0,0,0,0
2,168,1680.388,1689.4,10,sem_arma,sem_arma,0.0,0.0,0.0,0.0,0.0,0.0,0.0,0.0,0.0,0.0,0.0,0.0,29.20081,29.2008,32.6948,32.6948,1.0,0.0,0.0,0.0,0.0,0.0,0.0,0.0,0.0,0.0,0.0,0.0,0.0,0.0,0.0,0.0,0.0,0,0,0.0,0,0,0,0,0.0,0,0,0
2,169,1690.407,1699.415,10,sem_arma,sem_arma,0.0,0.0,0.0,0.0,0.0,0.0,0.0,0.0,0.0,0.0,0.0,0.0,29.200800000000005,29.2008,32.6948,32.6948,1.0,0.0,0.0,0.0,0.0,0.0,0.0,0.0,0.0,0.0,0.0,0.0,0.0,0.0,0.0,0.0,0.0,0,0,0.0,0,0,0,0,0.0,0,0,0
2,170,1700.415,1709.445,10,sem_arma,sem_arma,0.0,0.0,0.0,0.0,0.0,0.0,0.0,0.0,0.0,0.0,0.0,0.0,29.200850000000003,29.2008,32.6948,32.6948,1.0,0.0,0.0,0.0,0.0,0.0,0.0,0.0,0.0,0.0,0.0,0.0,0.0,0.0,0.0,0.0,0.0,0,0,0.0,0,0,0,0,0.0,0,0,0
2,171,1710.446,1719.461,10,sem_arma,sem_arma,0.0,0.0,0.0,0.0,0.0,0.0,0.0,0.0,0.0,0.0,0.0,0.0,29.17733,29.0479,168.56776,487.928,1.0,0.0,0.0,0.0,0.0,0.0,0.0,0.0,0.0,0.0,0.0,0.0,0.0,0.0,0.0,0.0,0.0,0,0,0.0,0,0,0,0,0.0,0,0,0
2,172,1720.455,1729.564,10,sem_arma,sem_arma,0.0,0.0,0.0,0.0,0.0,0.0,0.0,0.0,0.0,0.0,0.0,0.0,25.15788,21.961,495.0485,505.955,1.0,0.0,0.0,0.0,0.0,0.0,0.0,0.0,0.0,0.0,0.0,0.0,0.0,0.0,0.0,0.0,0.0,0,0,0.0,0,0,0,0,0.0,0,0,0
2,173,1730.52,1739.599,10,sem_arma,sem_arma,0.0,0.0,0.0,0.0,0.0,0.0,0.0,0.0,0.0,0.0,0.0,0.0,20.90688,20.8151,509.2486,509.951,1.0,0.0,0.0,0.0,0.0,0.0,0.0,0.0,0.0,0.0,0.0,0.0,0.0,0.0,0.0,0.0,0.0,0,0,0.0,0,0,0,0,0.0,0,0,0
2,174,1740.634,1749.871,10,sem_arma,sem_arma,0.0,0.0,0.0,0.0,0.0,0.0,0.0,0.0,0.0,0.0,0.0,0.0,20.11925,19.1011,495.1154,509.889,1.0,0.0,0.0,0.0,0.0,0.0,0.0,0.0,0.0,0.0,0.0,0.0,0.0,0.0,0.0,0.0,0.0,0,0,0.0,0,0,0,0,0.0,0,0,0
2,175,1750.871,1759.883,10,sem_arma,sem_arma,0.0,0.0,0.0,0.0,0.0,0.0,0.0,0.0,0.0,0.0,0.0,0.0,19.63263,18.765,437.92699999999996,467.54,1.0,0.0,0.0,0.0,0.0,0.0,0.0,0.0,0.0,0.0,0.0,0.0,0.0,0.0,0.0,0.0,0.0,0,0,0.0,0,0,0,0,0.0,0,0,0
2,176,1760.886,1769.893,10,sem_arma,sem_arma,0.0,0.0,0.0,0.0,0.0,0.0,0.0,0.0,0.0,0.0,0.0,0.0,17.003,16.3332,393.0751,401.898,1.0,0.0,0.0,0.0,0.0,0.0,0.0,0.0,0.0,0.0,0.0,0.0,0.0,0.0,0.0,0.0,0.0,0,0,0.0,0,0,0,0,0.0,0,0,0
2,177,1770.893,1779.759,9,sem_arma,sem_arma,0.0,0.02170138086705931,0.14057789031017648,0.012810006730561476,0.0853313646290449,0.34086655511228103,1.9313469603149644,0.7049746657688685,0.2145941067016627,0.15490520108540956,0.2140232974714421,0.11474645054939939,22.23864,8.88516,434.34588888888885,814.873,1.0,0.0,0.0,0.0,0.0,0.0,0.0,0.0,0.0,0.0,0.0,0.0,0.0,0.0,0.0,0.0,0.0,0,0,0.0,0,0,0,0,0.0,0,0,0
2,178,1780.758,1789.515,7,sem_arma,sem_arma,0.0,2.002071483814434,4.522191886351056,0.6955927760350943,4.0119601892186765,0.5269437525029186,1.4601573556084142,0.49010015976407334,0.4658702320090124,0.6470334509558636,0.8568329976655528,0.7136351054489793,137.19965714285715,92.5406,452.65285714285716,821.714,1.0,0.0,0.0,0.0,0.0,0.0,0.0,0.0,0.0,0.0,0.0,0.0,0.0,0.0,0.0,0.0,0.0,0,0,0.0,0,0,0,0,0.0,0,0,0
2,179,1790.658,1799.172,9,sem_arma,sem_arma,0.0,3.027836389656209,4.420182377063072,-0.1097879503370376,1.9655183436865873,0.6961890596439781,2.7911827018994457,0.8640515146737393,0.9885327072133049,0.6782903996670814,0.7526273425268236,0.6281987681098852,101.71146666666667,10.7026,404.54476666666665,782.448,1.0,0.0,0.0,0.0,0.0,0.0,0.0,0.0,0.0,0.0,0.0,0.0,0.0,0.0,0.0,0.0,0.0,0,0,0.0,0,0,0,0,0.0,0,0,0
2,180,1800.148,1809.113,10,sem_arma,sem_arma,0.0,2.219592467962795,3.5461724343231413,0.027494044793680554,1.9489929374887303,0.7756384419604277,1.7458512819690697,0.5586790142555536,0.7629871557666535,0.6150288284533174,0.6353428826792029,0.7151735977403034,88.79885,37.1908,397.89639999999997,407.337,1.0,0.0,0.0,0.0,0.0,0.0,0.0,0.0,0.0,0.0,0.0,0.0,0.0,0.0,0.0,0.0,0.0,0,0,0.0,0,0,0,0,0.0,0,0,0
2,181,1810.357,1819.132,10,sem_arma,sem_arma,0.0,3.567267206594166,4.402382509740973,0.03267324018979384,1.863749492675695,0.36987201229281697,0.9292926369637542,0.2758656548482453,0.29077110240044296,0.2921962671119449,0.6310876688892714,0.4197127258824184,100.72872,61.6143,315.81138,381.567,1.0,0.0,0.0,0.0,0.0,0.0,0.0,0.0,0.0,0.0,0.0,0.0,0.0,0.0,0.0,0.0,0.0,0,0,0.0,0,0,0,0,0.0,0,0,0
2,182,1820.131,1829.25,10,sem_arma,sem_arma,0.0,2.8461351047084347,4.619290530365027,0.0016642397988030021,2.8395755058544183,0.8055320169046629,2.0571544158903285,0.6755477994974997,0.5662102333144897,0.6032392799849771,0.6373598021963216,0.6257549816675118,122.06861,16.7917,242.83924000000002,390.493,1.0,0.0,0.0,0.0,0.0,0.0,0.0,0.0,0.0,0.0,0.0,0.0,0.0,0.0,0.0,0.0,0.0,0,0,0.0,0,0,0,0,0.0,0,0,0
2,183,1830.239,1839.226,10,sem_arma,sem_arma,0.0,1.8242674751702768,3.348853491803252,0.04078588178806597,1.7181063965423669,1.0527568821162105,1.979663747550014,0.6286001723409911,0.6936872215023168,0.546260183707398,0.5495055602221826,0.5907962865289023,77.14238800000001,4.06308,277.0354,389.526,1.0,0.1,0.0,0.1,0.0,0.0,0.0,0.0,0.0,0.0,0.0,0.0,0.0,0.0,0.0,0.0,0.0,0,0,0.0,0,0,0,0,0.0,0,0,0
2,184,1840.708,1849.761,10,sem_arma,sem_arma,0.0,2.0347720819610062,3.688619800433103,-0.22867622277156788,1.0251088887063244,1.1401068056878851,2.946104908258459,0.9265346442820601,1.048162935827017,0.764684004514829,0.2612982621354243,0.6857364427641625,57.492736,2.77509,195.642,390.1,1.0,0.2,0.0,0.2,0.0,0.0,0.0,0.0,0.0,0.0,0.0,0.0,0.0,0.0,0.0,0.0,0.0,0,0,0.0,0,0,0,0,0.0,0,0,0
2,185,1850.978,1859.084,9,sem_arma,sem_arma,0.0,2.155597006117024,3.5512015284353806,-0.06724360879753538,1.5662891425304881,0.875686665421338,2.039931727177992,0.7686847223176221,1.0179920028219716,0.9149110444809262,0.1307060262181994,0.9257383726542342,58.45633222222222,1.00658,235.34311111111114,385.612,1.0,0.2222222222222222,0.0,0.2222222222222222,0.0,0.0,1.117,0.0,0.0,0.2222222222222222,0.0,1.117,0.0,0.0,0.0,0.0,0.0,0,0,0.0,0,0,0,0,0.0,0,0,0
2,186,1860.157,1868.977,9,sem_arma,sem_arma,0.0,1.648189108673029,3.550248019400444,0.057968698977353544,1.5844206649775918,0.728227822665096,1.9094981646642546,0.7215444983512507,0.8242442675537487,0.7272997666714333,0.30739899064203763,0.7272526425264715,68.79809777777777,2.01528,627.8854444444445,702.123,1.0,0.1111111111111111,0.0,0.1111111111111111,0.0,0.0,0.0,0.0,0.0,0.1111111111111111,0.0,0.0,0.0,0.0,0.0,0.0,0.0,0,0,0.0,0,0,0,0,0.0,0,0,0
2,187,1876.926,1879.941,4,sem_arma,sem_arma,0.0,0.0,0.0,-0.009761736141005275,0.0,0.003204872698967536,0.012819490795870143,0.006409745397935073,0.22245256195470223,0.39482732420127886,0.5571012891108149,0.6809111174369771,0.118694,0.118694,118.874,118.874,1.0,1.0,0.0,1.0,0.0,0.0,10.964,0.0,0.0,0.0,0.0,0.0,0.0,0.0,0.0,0.0,0.0,0,0,0.0,0,0,0,0,0.0,0,0,0
2,188,1880.95,1889.083,9,sem_arma,sem_arma,0.0,0.5338705141960769,1.1619213859407724,0.12861715536457347,0.9499502641711489,0.7063851034541683,2.7363224881703823,0.8628543016088646,0.9009750934228743,0.7695950339752401,0.7177950858881487,0.6356589531992933,74.69294777777777,2.28353,529.2503333333333,694.215,1.0,0.1111111111111111,0.0,0.1111111111111111,0.0,0.0,11.972999999999999,0.0,0.0,0.1111111111111111,0.0,0.0,0.0,0.0,0.0,0.0,0.0,0,0,0.0,0,0,0,0,0.0,0,0,0
2,189,1890.109,1899.107,10,sem_arma,sem_arma,0.0,1.2945459852966241,1.3601470509087001,0.0199892190336954,0.10247090450584324,0.35053610262369833,1.9134901462585345,0.6396290667351774,0.4297965428708147,0.5354337786846494,0.36924103432074235,0.7915286178611357,47.25819,10.9516,395.9724,399.327,1.0,0.0,0.0,0.0,0.0,0.0,0.0,0.0,0.0,0.0,0.0,0.0,0.0,0.0,0.0,0.0,0.0,0,0,0.0,0,0,0,0,0.0,0,0,0
2,190,1900.113,1909.2,10,sem_arma,sem_arma,0.0,1.7817406434610614,3.700229973146868,0.22433169719203544,2.194756054596624,0.8962522572943536,2.7143459897161146,0.9383119965051503,0.9995552496621091,0.8496318618746684,0.41430389579213145,0.7929458569635072,103.23875000000001,52.545,482.24799999999993,691.654,1.0,0.0,0.0,0.0,0.0,0.0,0.0,0.0,0.0,0.0,0.0,0.0,0.0,0.0,0.0,0.0,0.0,0,0,0.0,0,0,0,0,0.0,0,0,0
2,191,1910.208,1919.209,10,sem_arma,sem_arma,0.0,3.340290027535628,4.136781188099888,-0.1987773834024793,0.9809856843052068,0.3102614009201784,0.7340268720029112,0.24030678504479253,0.18649942041114134,0.24812028701940808,0.5323895128219259,0.5087888193946731,147.4347,104.709,300.7003,712.58,1.0,0.0,0.0,0.0,0.0,0.0,0.0,0.0,0.0,0.0,0.0,0.0,0.0,0.0,0.0,0.0,0.0,0,0,0.0,0,0,0,0,0.0,0,0,0
2,192,1920.21,1929.335,10,sem_arma,sem_arma,0.0,2.49558274003454,3.909436252044861,-0.14144961876485643,1.7624091739503576,0.6027412275720854,1.819205711525485,0.6009193139946464,0.6724571171736,0.4652591158670307,0.3902573825484564,0.4495946677596906,107.23540700000001,2.62167,383.94960000000003,417.942,1.0,0.1,0.0,0.1,0.0,0.0,0.0,0.0,0.0,0.1,0.0,0.0,0.0,0.0,0.0,0.0,0.0,0,0,0.0,0,0,0,0,0.0,0,0,0
2,193,1930.337,1939.77,10,sem_arma,sem_arma,0.0,0.9981973729641862,2.9208761589133876,-0.03810996857702156,1.163861846459374,0.31320970338240206,1.0849364935203902,0.4070277407238231,0.36007155202339536,0.3706030014307765,0.2797947341410245,0.5124564606691611,83.361992,5.18882,191.87449999999998,404.305,1.0,0.0,0.0,0.0,0.0,0.0,0.0,0.0,0.0,0.0,0.0,0.0,0.0,0.0,0.0,0.0,0.0,0,0,0.0,0,0,0,0,0.0,0,0,0
2,194,1940.774,1949.814,10,sem_arma,sem_arma,0.0,0.41904112083129536,1.6597088172047616,0.16465644212948902,0.9219544462167903,0.32391800765768636,1.2821384457205678,0.5195553354778917,0.4470242890573262,0.487967853102642,0.29088246910561416,0.49631101550275003,56.79428,15.6423,163.21089999999998,404.305,1.0,0.0,0.0,0.0,0.0,0.0,0.0,0.0,0.0,0.0,0.0,0.0,0.0,0.0,0.0,0.0,0.0,0,0,0.0,0,0,0,0,0.0,0,0,0
2,195,1950.81,1959.832,10,sem_arma,sem_arma,0.0,30.869491453476325,298.44855117819435,0.6192109673972638,299.724010749566,0.33891899449786883,1.2495814878220737,0.4700521565912741,0.4716106012057524,0.4809725801270943,0.5395335401471412,0.46038738291890324,62.68094,11.2447,288.4406,512.395,1.0,0.0,0.0,0.0,0.0,0.0,0.0,0.0,0.0,0.0,0.0,0.0,0.0,0.0,0.0,0.0,0.0,0,0,0.0,0,0,0,0,0.0,0,0,0
2,196,1960.843,1968.827,9,sem_arma,sem_arma,0.0,5.790055855559974,6.895696067300677,0.06783758623713466,2.760969876846667,0.4825754775294344,2.1160578807418444,0.6793626546186436,0.520517790218984,0.6483406238626849,0.8009605248695922,0.6978773122086801,10.890958888888889,1.74215,183.75755555555554,207.318,1.0,0.4444444444444444,0.0,0.4444444444444444,0.0,0.0,3.029,0.0,0.0,0.0,0.0,0.0,0.0,0.0,0.0,0.0,0.0,0,0,0.0,0,0,0,0,0.0,0,0,0
2,197,1970.215,1979.247,10,sem_arma,sem_arma,0.0,5.4298095740567,7.714723600904231,0.021288219791864443,3.0047284461097847,0.9832983894659071,2.8678905262974874,0.8063975587629478,0.8518474728594274,0.699015205630255,0.7079999452444892,0.635852681438354,42.8523254,0.455854,253.42800000000003,533.852,1.0,0.1,0.0,0.1,0.0,0.0,0.0,0.0,0.0,0.0,0.0,0.0,0.0,0.0,0.0,0.0,0.0,0,0,0.0,0,0,0,0,0.0,0,0,0
2,198,1980.265,1989.382,10,sem_arma,sem_arma,0.0,1.6117203111127978,6.0513994768424775,-0.619641336293814,0.6343618819343644,0.6878395258218716,2.8765923735776866,1.1054439559102844,0.6173384156813747,0.8756597580520598,0.8490878257806639,0.9982267333434676,12.063064,3.4489,124.86030000000001,217.938,1.0,0.6,0.0,0.6,0.0,0.0,5.032,0.0,0.0,0.0,0.0,0.0,0.0,0.0,0.0,0.0,0.0,0,0,0.0,0,0,0,0,0.0,0,0,0
2,199,1990.389,1999.54,10,sem_arma,sem_arma,0.0,3.2336714916965783,5.060970409848029,0.35932315757449895,2.24091449548293,0.028320121471501952,0.10416304161237885,0.03780144887988607,0.020905082160896732,0.026408394223670778,0.7159868419004344,0.3379842907490995,4.964253,3.47745,101.01895999999999,114.382,1.0,0.7,0.0,0.7,0.0,0.0,7.032,0.0,0.0,0.0,0.0,0.0,0.0,0.0,0.0,0.0,0.0,0,0,0.0,0,0,0,0,0.0,0,0,0
2,200,2000.538,2009.851,10,sem_arma,sem_arma,0.0,4.07124506324454,4.420605706656559,0.031550229087484075,0.64444507218597,0.0,0.0,0.0,0.0,0.0025566953473078425,0.9039486295813222,0.019563215776783313,6.897177999999999,4.91681,60.350530000000006,79.1072,1.0,0.1,0.0,0.1,0.0,0.0,4.005,0.0,0.0,0.0,0.0,0.0,0.0,0.0,0.0,0.0,0.0,0,0,0.0,0,0,0,0,0.0,0,0,0
2,201,2010.855,2019.861,10,sem_arma,sem_arma,0.0,0.5588957712201793,4.237459638682611,-0.43802021272894026,0.0,0.0,0.0,0.0,0.0,4.123956678063855e-09,0.9989917332392377,9.068772821333842e-09,11.2003,10.8502,36.069959999999995,37.2783,1.0,0.0,0.0,0.0,0.0,0.0,0.0,0.0,0.0,0.0,0.0,0.0,0.0,0.0,0.0,0.0,0.0,0,0,0.0,0,0,0,0,0.0,0,0,0
2,202,2020.898,2029.977,10,sem_arma,sem_arma,0.0,0.0,0.0,0.0,0.0,0.0,0.0,0.0,0.0,4.123956678063855e-09,0.9998463672508082,9.068772821333842e-09,11.2392,11.2392,35.9357,35.9357,1.0,0.0,0.0,0.0,0.0,0.0,0.0,0.0,0.0,0.0,0.0,0.0,0.0,0.0,0.0,0.0,0.0,0,0,0.0,0,0,0,0,0.0,0,0,0
2,203,2030.974,2039.059,9,sem_arma,sem_arma,0.0,0.0,0.0,0.0,0.0,0.0,0.0,0.0,0.0,4.123956678063855e-09,0.1111034639444058,9.068772821333842e-09,11.2392,11.2392,35.9357,35.9357,1.0,0.0,0.0,0.0,0.0,0.0,0.0,0.0,0.0,0.0,0.0,0.0,0.0,0.0,0.0,0.0,0.0,0,0,0.0,0,0,0,0,0.0,0,0,0
2,204,2040.062,2049.069,10,sem_arma,sem_arma,0.0,0.0,0.0,0.0,0.0,0.0,0.0,0.0,0.0,4.123956678063855e-09,0.0,9.068772821333842e-09,11.2392,11.2392,35.9357,35.9357,1.0,0.0,0.0,0.0,0.0,0.0,0.0,0.0,0.0,0.0,0.0,0.0,0.0,0.0,0.0,0.0,0.0,0,0,0.0,0,0,0,0,0.0,0,0,0
2,205,2050.074,2059.18,10,sem_arma,sem_arma,0.0,0.0,0.0,0.0,0.0,0.0,0.0,0.0,0.0,4.123956678063855e-09,0.0,9.068772821333842e-09,11.2392,11.2392,35.9357,35.9357,1.0,0.0,0.0,0.0,0.0,0.0,0.0,0.0,0.0,0.0,0.0,0.0,0.0,0.0,0.0,0.0,0.0,0,0,0.0,0,0,0,0,0.0,0,0,0
2,206,2060.176,2069.318,10,sem_arma,sem_arma,0.0,0.0,0.0,0.0,0.0,0.0,0.0,0.0,0.0,4.123956678063855e-09,0.0,9.068772821333842e-09,11.2392,11.2392,35.9357,35.9357,1.0,0.0,0.0,0.0,0.0,0.0,0.0,0.0,0.0,0.0,0.0,0.0,0.0,0.0,0.0,0.0,0.0,0,0,0.0,0,0,0,0,0.0,0,0,0
2,207,2070.326,2079.553,10,sem_arma,sem_arma,0.0,0.0,0.0,0.0,0.0,0.0,0.0,0.0,0.0,4.123956678063855e-09,0.0,9.068772821333842e-09,11.2392,11.2392,35.9357,35.9357,1.0,0.0,0.0,0.0,0.0,0.0,0.0,0.0,0.0,0.0,0.0,0.0,0.0,0.0,0.0,0.0,0.0,0,0,0.0,0,0,0,0,0.0,0,0,0
2,208,2080.553,2089.572,10,sem_arma,sem_arma,0.0,0.0,0.0,0.0,0.0,0.0,0.0,0.0,0.0,4.123956678063855e-09,0.0,9.068772821333842e-09,11.2392,11.2392,35.9357,35.9357,1.0,0.0,0.0,0.0,0.0,0.0,0.0,0.0,0.0,0.0,0.0,0.0,0.0,0.0,0.0,0.0,0.0,0,0,0.0,0,0,0,0,0.0,0,0,0
2,209,2090.564,2099.586,10,sem_arma,sem_arma,0.0,0.0,0.0,0.0,0.0,0.0,0.0,0.0,0.0,4.123956678063855e-09,0.0,9.068772821333842e-09,11.2392,11.2392,35.9357,35.9357,1.0,0.0,0.0,0.0,0.0,0.0,0.0,0.0,0.0,0.0,0.0,0.0,0.0,0.0,0.0,0.0,0.0,0,0,0.0,0,0,0,0,0.0,0,0,0
2,210,2100.582,2109.401,9,sem_arma,sem_arma;MakarovIJ70;AK74,0.3333333333333333,0.06705426385038968,0.6034883746535071,-0.0034081437570204643,0.5758476857380793,0.19682467437634693,1.1875556336950188,0.4187076558247963,0.2639012502682218,0.1467903968184843,0.22222212222228976,0.1093234250201447,14.697914444444443,8.59592,118.1681,408.102,1.0,0.0,0.0,0.0,0.0,0.0,0.0,0.0,0.0,0.0,0.0,0.0,0.0,0.0,0.0,0.0,0.0,0,0,0.0,0,0,0,0,0.0,0,0,0
2,211,2110.391,2119.8,10,AK74,AK74,1.0,1.9265282123984118,4.513230701838112,0.2700093599356464,4.5087219798582545,0.48964672218775424,1.6780207027405694,0.5333994548268554,0.4848475218097901,0.5613202246666058,0.9552617123005973,0.543154791048158,22.783462,3.43883,244.88813,400.352,1.0,0.1,0.0,0.1,0.0,0.0,0.0,0.0,0.0,0.1,0.0,0.0,0.0,0.0,0.0,0.0,0.0,0,0,0.0,0,0,0,0,0.0,0,0,0
2,212,2120.845,2128.958,9,AK74,AK74,1.0,1.7376489012362684,4.201818228674297,-0.15907547571853056,1.4082754441076584,0.23171364576161174,1.2908867018328756,0.4084679562087202,0.3069155903810431,0.3161815762264565,0.13098889445480333,0.4556095163709874,5.114552222222222,1.7597,345.83033333333333,354.174,1.0,0.5555555555555556,0.0,0.5555555555555556,0.2222222222222222,0.2222222222222222,2.048,1.039,0.0,0.5555555555555556,0.2222222222222222,2.048,1.039,0.0,0.0,0.0,0.0,0,0,0.0,0,0,0,0,0.0,0,0,0
2,213,2130.101,2139.042,9,AK74,AK74,1.0,0.056682745587468025,0.5101447102872122,-0.12845382394213137,0.0,0.0015632970777093532,0.014069673699384179,0.00468989123312806,0.00788713030466324,0.02968452991520109,0.3312231300520966,0.10103963530856246,2.454362222222222,1.89279,319.9501111111111,335.564,1.0,1.0,0.0,1.0,0.0,0.0,11.09,0.0,0.0,0.8888888888888888,0.0,10.097,0.0,0.0,0.0,0.0,0.0,0,0,0.0,1,1,0,1,0.16666666666666666,1,0,0
2,214,2140.341,2149.131,8,AK74,AK74,1.0,0.0,0.0,0.0,0.0,0.0,0.0,0.0,0.0,1.7526789688446473e-08,0.5813314313068654,0.0005561658869302626,3.2543912500000003,2.78193,292.124125,296.236,1.0,1.0,0.0,1.0,0.0,0.0,21.179,0.0,0.0,0.0,0.0,0.0,0.0,0.0,0.0,0.0,0.0,0,0,0.0,0,1,0,1,0.16666666666666666,1,0,0
2,215,2150.168,2159.543,9,AK74,AK74,1.0,0.0,0.0,0.0,0.0,0.0,0.0,0.0,0.0,1.7526789688446473e-08,0.20824394485790673,1.508755346166947e-08,4.711826666666667,4.62855,292.6041111111111,294.271,1.0,0.8888888888888888,0.0,0.8888888888888888,0.0,0.0,8.414,0.0,0.0,0.0,0.0,0.0,0.0,0.0,0.0,0.0,0.0,0,0,0.0,0,1,0,1,0.16666666666666666,1,0,0
2,216,2160.54,2169.55,10,AK74,AK74,1.0,0.0,0.0,0.0,0.0,0.0,0.0,0.0,0.0,1.7526789688446473e-08,0.0,1.508755346166947e-08,4.644554,4.64393,292.3219,292.323,1.0,1.0,0.0,1.0,0.0,0.0,18.421,0.0,0.0,0.0,0.0,0.0,0.0,0.0,0.0,0.0,0.0,0,0,0.0,0,1,0,1,0.16666666666666666,1,0,0
2,217,2170.599,2179.605,10,AK74,AK74,1.0,0.0,0.0,0.0,0.0,0.0,0.0,0.0,0.0,1.7526789688446473e-08,0.0,1.508755346166947e-08,4.644706,4.64427,292.3224,292.325,1.0,1.0,0.0,1.0,0.0,0.0,28.476,0.0,0.0,0.0,0.0,0.0,0.0,0.0,0.0,0.0,0.0,0,0,0.0,0,1,0,1,0.16666666666666666,1,0,0
2,218,2180.602,2189.226,9,AK74,AK74,1.0,0.0,0.0,0.0,0.0,0.0,0.0,0.0,0.0,1.7526789688446473e-08,0.0,1.508755346166947e-08,4.549245555555555,4.12303,291.46844444444446,292.323,1.0,1.0,0.0,1.0,0.0,0.0,38.097,0.0,0.0,0.0,0.0,0.0,0.0,0.0,0.0,0.0,0.0,0,0,0.0,0,1,0,1,0.16666666666666666,1,0,0
2,219,2192.096,2199.435,7,AK74,AK74,1.0,0.0,0.0,0.0,0.0,0.0,0.0,0.0,0.0,1.752678968844647e-08,0.0,1.508755346166947e-08,4.01363,3.57193,276.18514285714286,281.72,1.0,1.0,0.0,1.0,0.0,0.0,48.306,0.0,0.0,0.0,0.0,0.0,0.0,0.0,0.0,0.0,0.0,0,0,0.0,0,1,0,1,0.16666666666666666,1,0,0
2,220,2200.434,2209.899,9,AK74,AK74,1.0,0.0,0.0,0.0,0.0,0.0,0.0,0.0,0.0,1.7526789688446473e-08,0.0,1.508755346166947e-08,5.246205555555556,4.20617,250.3024444444444,262.489,1.0,0.5555555555555556,0.0,0.5555555555555556,0.0,0.0,53.748,0.0,0.0,0.0,0.0,0.0,0.0,0.0,0.0,0.0,0.0,0,0,0.0,0,0,0,0,0.0,0,0,0
2,221,2210.898,2219.56,9,AK74,AK74,1.0,0.0,0.0,0.0,0.0,0.0,0.0,0.0,0.0,1.7526789688446473e-08,0.0,1.508755346166947e-08,4.860128888888889,4.02355,249.37766666666664,251.425,1.0,0.6666666666666666,0.0,0.6666666666666666,0.0,0.0,5.513999999999999,0.0,0.0,0.0,0.0,0.0,0.0,0.0,0.0,0.0,0.0,0,0,0.0,0,0,0,0,0.0,0,0,0
2,222,2220.565,2229.7,6,AK74,AK74,1.0,0.0,0.0,0.0,0.0,0.0,0.0,0.0,0.0,1.7526789688446473e-08,0.0,1.508755346166947e-08,4.005021666666667,3.89742,251.25183333333334,251.437,1.0,1.0,0.0,1.0,0.0,0.0,15.653999999999998,0.0,0.0,0.0,0.0,0.0,0.0,0.0,0.0,0.0,0.0,0,0,0.0,0,0,0,0,0.0,0,0,0
2,223,2230.687,2239.366,9,AK74,AK74,1.0,0.0,0.0,0.0,0.0,0.0,0.0,0.0,0.0,1.7526789688446473e-08,0.0,1.508755346166947e-08,5.688138888888889,3.37145,230.53255555555558,248.81,1.0,0.3333333333333333,0.0,0.3333333333333333,0.0,0.0,18.644,0.0,0.0,0.0,0.0,0.0,0.0,0.0,0.0,0.0,0.0,0,0,0.0,0,0,0,0,0.0,0,0,0
2,224,2240.366,2249.862,10,AK74,AK74,1.0,0.0,0.0,0.0,0.0,0.0,0.0,0.0,0.0,1.7526789688446473e-08,0.0,1.508755346166947e-08,8.150006000000001,5.5744,199.60219999999998,214.605,1.0,0.0,0.0,0.0,0.0,0.0,0.0,0.0,0.0,0.0,0.0,0.0,0.0,0.0,0.0,0.0,0.0,0,0,0.0,0,0,0,0,0.0,0,0,0
2,225,2250.852,2259.878,10,AK74,AK74,1.0,0.0,0.0,0.0,0.0,0.0,0.0,0.0,0.0,1.7526789688446473e-08,0.0,1.508755346166947e-08,7.223431,6.22513,197.8712,202.379,1.0,0.0,0.0,0.0,0.0,0.0,0.0,0.0,0.0,0.0,0.0,0.0,0.0,0.0,0.0,0.0,0.0,0,0,0.0,0,0,0,0,0.0,0,0,0
2,226,2260.876,2269.974,10,AK74,AK74,1.0,0.0,0.0,0.0,0.0,0.0,0.0,0.0,0.0,1.7526789688446473e-08,0.0,1.508755346166947e-08,3.630858,1.43299,184.4456,193.444,1.0,0.7,0.0,0.7,0.0,0.0,6.019,0.0,0.0,0.0,0.0,0.0,0.0,0.0,0.0,0.0,0.0,0,0,0.0,0,0,0,0,0.0,0,0,0
2,227,2270.959,2279.607,9,AK74,AK74,1.0,0.0,0.0,0.0,0.0,0.0,0.0,0.0,0.0,1.7526789688446473e-08,0.0,1.508755346166947e-08,5.365424444444445,3.21455,165.0028888888889,168.907,1.0,0.5555555555555556,0.0,0.5555555555555556,0.0,0.0,10.588,0.0,0.0,0.0,0.0,0.0,0.0,0.0,0.0,0.0,0.0,0,0,0.0,0,0,0,0,0.0,0,0,0
2,228,2280.606,2289.62,10,AK74,AK74,1.0,0.0,0.0,0.0,0.0,0.0,0.0,0.0,0.0,1.7526789688446473e-08,0.0,1.508755346166947e-08,5.220463,4.2813,154.1384,163.271,1.0,0.3,0.0,0.3,0.0,0.0,2.989,0.0,0.0,0.0,0.0,0.0,0.0,0.0,0.0,0.0,0.0,0,0,0.0,0,0,0,0,0.0,0,0,0
2,229,2290.615,2299.624,10,AK74,AK74,1.0,0.0,0.0,0.0,0.0,0.0,0.0,0.0,0.0,1.7526789688446473e-08,0.0,1.508755346166947e-08,4.998385,1.99704,147.6279,158.755,1.0,0.7,0.0,0.7,0.0,0.0,6.002,0.0,0.0,0.0,0.0,0.0,0.0,0.0,0.0,0.0,0.0,0,0,0.0,0,0,0,0,0.0,0,0,0
2,230,2300.63,2309.711,10,AK74,AK74,1.0,0.0,0.0,0.0,0.0,0.0,0.0,0.0,0.0,1.7526789688446473e-08,0.0,1.508755346166947e-08,12.44181,10.2023,165.7768,173.005,1.0,0.0,0.0,0.0,0.0,0.0,0.0,0.0,0.0,0.0,0.0,0.0,0.0,0.0,0.0,0.0,0.0,0,0,0.0,0,0,0,0,0.0,0,0,0
2,231,2310.715,2319.016,9,AK74,AK74,1.0,0.0,0.0,0.0,0.0,0.0,0.0,0.0,0.0,1.7526789688446473e-08,0.0,1.508755346166947e-08,16.890322222222224,12.3474,161.44600000000003,165.065,1.0,0.0,0.0,0.0,0.0,0.0,0.0,0.0,0.0,0.0,0.0,0.0,0.0,0.0,0.0,0.0,0.0,0,0,0.0,0,0,0,0,0.0,0,0,0
2,232,2320.019,2329.245,10,AK74,AK74,1.0,0.0,0.0,0.0,0.0,0.0,0.0,0.0,0.0,1.7526789688446473e-08,0.0,1.508755346166947e-08,17.57964,14.9519,161.3562,167.749,1.0,0.0,0.0,0.0,0.0,0.0,0.0,0.0,0.0,0.0,0.0,0.0,0.0,0.0,0.0,0.0,0.0,0,0,0.0,0,0,0,0,0.0,0,0,0
2,233,2330.639,2339.317,9,AK74,AK74,1.0,0.0,0.0,0.0,0.0,0.0,0.0,0.0,0.0,1.7526789688446473e-08,0.0,1.508755346166947e-08,13.9714,13.4652,150.07677777777778,150.441,1.0,0.0,0.0,0.0,0.0,0.0,0.0,0.0,0.0,0.0,0.0,0.0,0.0,0.0,0.0,0.0,0.0,0,0,0.0,0,0,0,0,0.0,0,0,0
2,234,2340.82,2349.835,10,AK74,AK74,1.0,0.0,0.0,0.0,0.0,0.08184523207064132,0.41115832783823647,0.1708842722625303,0.0822316655676473,0.08452365943106299,0.0,0.06412413358782276,15.947179,4.62249,120.2257,139.803,1.0,0.1,0.0,0.1,0.0,0.0,0.0,0.0,0.0,0.0,0.0,0.0,0.0,0.0,0.0,0.0,0.0,0,0,0.0,0,0,0,0,0.0,0,0,0
2,235,2350.829,2359.149,9,AK74,AK74,1.0,0.17583721744306305,0.44721369612300566,0.03485107486576057,0.3149667813262949,0.010012596059630792,0.08029766887635657,0.026404528319709245,0.017727665556516507,0.06473490822498365,0.3019631849369379,0.13335585630222627,13.60477,5.72344,68.91593333333333,94.1816,1.0,0.0,0.0,0.0,0.0,0.0,0.0,0.0,0.0,0.0,0.0,0.0,0.0,0.0,0.0,0.0,0.0,0,0,0.0,0,0,0,0,0.0,0,0,0
2,236,2360.286,2365.206,5,AK74,AK74,1.0,0.4538013491051739,1.235035550093427,0.18666256015825827,0.6239553432181199,0.2510490486201348,0.9731079080007944,0.4101611254070608,0.26265531078073934,0.13139419353729315,0.25964511488813813,0.10195450985314032,19.710558,6.70853,44.40812,49.4854,1.0,0.0,0.0,0.0,0.0,0.0,0.0,0.0,0.0,0.0,0.0,0.0,0.0,0.0,0.0,0.0,0.0,0,0,0.0,0,0,0,0,0.0,0,0,0
2,237,2375.056,2379.279,5,AK74,AK74,1.0,1.701737072246767,3.521849320408167,-0.06302325640959865,2.4729774297103955,0.5123254932910386,0.8888100348303151,0.36814157909564893,0.6810447468889442,0.42140766578646505,0.8252601233945598,0.3690887923559911,39.73344,20.7672,172.75554,274.471,1.0,0.0,0.0,0.0,0.0,0.0,0.0,0.0,0.0,0.0,0.0,0.0,0.0,0.0,0.0,0.0,0.0,0,0,0.0,0,0,0,0,0.0,0,0,0
2,238,2380.285,2389.865,10,AK74,AK74,1.0,0.029821075215482863,0.2982107521548286,-0.06884270819567448,0.0,0.08654203805457254,0.535427220120392,0.18620710022925055,0.15790377491632995,0.22794319074158778,0.8937698291026777,0.3379415858668554,15.341769,2.0783,209.86322,274.572,1.0,0.1,0.0,0.1,0.1,0.1,0.0,0.0,0.0,0.0,0.0,0.0,0.0,0.0,0.0,0.0,0.0,0,0,0.0,0,0,0,0,0.0,0,0,0
2,239,2390.86,2399.974,9,AK74,AK74,1.0,1.2300329800152008,6.4870265499768855,0.4889891061040321,4.424645939813464,0.037178504357746556,0.2596482729756142,0.08499001651358926,0.05355041746762948,0.09153534782403937,0.8421380589541168,0.16261162666141438,23.66175555555556,11.434,75.15794444444444,264.986,1.0,0.0,0.0,0.0,0.0,0.0,0.0,0.0,0.0,0.0,0.0,0.0,0.0,0.0,0.0,0.0,0.0,0,0,0.0,0,0,0,0,0.0,0,0,0
2,240,2401.362,2409.392,8,AK74,AK74,1.0,5.759910231119989,9.884776001588202,-0.2546570248232361,5.299018047342993,0.4207302795392118,1.552991621957271,0.5119442349403647,0.35379966333295737,0.24279757240035194,0.9963413616300699,0.21396747980220018,31.08858625,4.59099,197.83985,255.431,1.0,0.125,0.0,0.125,0.125,0.125,0.0,0.0,0.0,0.0,0.0,0.0,0.0,0.0,0.0,0.0,0.0,0,0,0.999,0,0,0,0,0.0,0,0,0
2,241,2410.789,2419.219,9,AK74,AK74;sem_arma,0.7777777777777778,1.323482739065161,3.050026188959874,0.17978810909740472,0.9868096021236531,0.30980357503483386,2.2118422971910445,0.7207974854870338,0.522840078347877,0.5589638169244433,0.9961635605674919,0.5627989605619034,22.56323666666667,1.84143,106.37532222222222,227.949,1.0,0.5555555555555556,0.0,0.5555555555555556,0.4444444444444444,0.4444444444444444,4.234,3.2279999999999998,0.0,0.0,0.0,0.0,0.0,0.0,0.0,0.0,0.0,0,0,0.0,0,0,0,0,0.0,0,0,0
2,242,2420.219,2429.318,10,sem_arma,sem_arma,0.0,1.7783223390471903,5.465145898324723,0.21925943432740466,3.2994795031238677,0.7860169164158726,2.484909145521295,1.1250287153448137,1.0892021351754848,0.9205059303428431,0.9769977078556261,1.0000065451862965,10.804101,1.51155,91.14475999999999,221.158,1.0,0.5,0.0,0.5,0.0,0.0,4.090999999999999,0.0,0.0,0.0,0.0,0.0,0.0,0.0,0.0,0.0,0.0,0,0,0.0,0,0,0,0,0.0,0,0,0
2,243,2430.325,2439.334,10,AK74,sem_arma;AK74,0.8,1.9889727374879242,3.577029642483526,-0.435076745133198,0.4687823165626885,0.13648940123104042,0.5698561531062966,0.20333874863414392,0.34524686926089054,0.4821915427662753,0.7333924901222117,0.8114055518068563,5.6309507000000005,0.626201,63.011469999999996,64.5601,1.0,0.6,0.0,0.6,0.5,0.5,3.0039999999999996,3.0039999999999996,0.0,0.0,0.0,0.0,0.0,0.0,0.0,0.0,0.0,0,0,0.0,0,0,0,0,0.0,0,0,0
2,244,2440.335,2449.346,10,AK74,AK74,1.0,1.1069425811675784,1.2880721575335659,0.03731266872192824,0.17983925952912252,0.04007063576596366,0.09882965143236581,0.03554752748284768,0.030592190836727557,0.02743372064640214,0.34391662714387594,0.06252173093333548,6.136114000000001,3.71926,51.06016,57.4861,1.0,0.1,0.0,0.1,0.1,0.1,4.005,4.005,0.0,0.0,0.0,0.0,0.0,0.0,0.0,0.0,0.0,0,0,0.0,0,0,0,0,0.0,0,0,0
2,245,2450.348,2459.355,10,AK74,AK74,1.0,0.486121567212135,1.045842473403025,-0.1252135591441942,0.7178431262416755,0.02368524549473868,0.049519255899146415,0.02014206541651442,0.021634795944925116,0.02191777830568312,0.5652073210018159,0.028516481828959737,5.331709,4.54381,43.30173,44.1093,1.0,0.3,0.0,0.3,0.3,0.3,2.002,2.002,0.0,0.0,0.0,0.0,0.0,0.0,0.0,0.0,0.0,0,0,0.0,0,0,0,0,0.0,0,0,0
2,246,2460.357,2469.65,10,AK74,AK74;sem_arma,0.5,0.1560930578616349,0.6254786477023409,-0.0047591604402976075,0.4732891764129764,0.2659183897247269,1.3131931554787608,0.5464307688193407,0.27139569234054606,0.4074541880499454,0.29672472886000595,0.3213847457074625,54.941334000000005,5.60301,133.5408,210.534,1.0,0.0,0.0,0.0,0.0,0.0,0.0,0.0,0.0,0.0,0.0,0.0,0.0,0.0,0.0,0.0,0.0,0,0,0.0,0,0,0,0,0.0,0,0,0
2,247,2470.799,2479.849,10,sem_arma,sem_arma,0.0,0.0,0.0,0.0,0.0,0.0,0.0,0.0,0.0,0.0,0.8746399165193631,0.2606967378703644,91.638,91.638,210.53400000000002,210.534,1.0,0.0,0.0,0.0,0.0,0.0,0.0,0.0,0.0,0.0,0.0,0.0,0.0,0.0,0.0,0.0,0.0,0,0,0.0,0,0,0,0,0.0,0,0,0
2,248,2480.851,2488.983,9,sem_arma,sem_arma,0.0,0.07784315340893909,0.32736678341418607,0.0023569877040588456,0.24537087495456392,0.11814518167856959,0.6952537507997838,0.23363190347550888,0.15450083351106306,0.13268598427898637,0.6874737396317415,0.09917843604221267,100.17123333333333,91.5898,188.9821111111111,210.534,1.0,0.0,0.0,0.0,0.0,0.0,0.0,0.0,0.0,0.0,0.0,0.0,0.0,0.0,0.0,0.0,0.0,0,0,0.0,0,0,0,0,0.0,0,0,0
2,249,2490.33,2499.482,9,sem_arma,sem_arma,0.0,0.12234161277995523,0.7797546491590163,0.09385939178353303,0.767479760172902,0.25117934194057256,0.88866427589765,0.2930893350823501,0.26027981399903044,0.19938665899662253,0.6054283754624471,0.23350905991533188,58.014711111111104,45.1999,114.23322222222221,114.381,1.0,0.0,0.0,0.0,0.0,0.0,0.0,0.0,0.0,0.0,0.0,0.0,0.0,0.0,0.0,0.0,0.0,0,0,0.0,0,0,0,0,0.0,0,0,0
2,250,2500.49,2509.913,10,sem_arma,sem_arma,0.0,0.7852717886064415,0.9484724561107244,-0.03256877798817611,0.24715940671229056,0.49835344698025547,3.1298025969291206,0.9387786352857231,0.6999369726627173,0.45964609905941883,0.7530393495018439,0.4092182214467505,70.544713,7.46093,109.29739,217.223,1.0,0.0,0.0,0.0,0.0,0.0,0.0,0.0,0.0,0.0,0.0,0.0,0.0,0.0,0.0,0.0,0.0,0,0,0.0,0,0,0,0,0.0,0,0,0
2,251,2510.913,2519.47,9,sem_arma,sem_arma,0.0,0.1366171881937558,1.0285571564464988,-0.053563705991225334,0.95590813796143,0.000522876498828749,0.004705888489458741,0.001568629496486247,0.027007085522250347,0.4571426937893366,0.8587277776144,0.8655162310951213,7.624705555555555,6.81388,42.15045555555556,44.6754,1.0,0.0,0.0,0.0,0.0,0.0,0.0,0.0,0.0,0.0,0.0,0.0,0.0,0.0,0.0,0.0,0.0,0,0,0.0,0,0,0,0,0.0,0,0,0
2,252,2520.502,2529.075,9,sem_arma,sem_arma,0.0,0.0,0.0,0.0,0.0,0.0,0.0,0.0,0.0,0.0,0.7524684665473262,0.0001653480671171603,8.166717777777778,6.54377,47.102355555555555,51.021,1.0,0.0,0.0,0.0,0.0,0.0,0.0,0.0,0.0,0.0,0.0,0.0,0.0,0.0,0.0,0.0,0.0,0,0,0.0,0,0,0,0,0.0,0,0,0
2,253,2530.074,2539.366,10,sem_arma,sem_arma,0.0,0.0,0.0,0.0,0.0,0.0,0.0,0.0,0.0,0.0,0.6180462936560346,0.0,13.51577,10.9815,51.833529999999996,53.5018,1.0,0.0,0.0,0.0,0.0,0.0,0.0,0.0,0.0,0.0,0.0,0.0,0.0,0.0,0.0,0.0,0.0,0,0,0.0,0,0,0,0,0.0,0,0,0
2,254,2544.994,2549.529,3,sem_arma,sem_arma,0.0,265.4209506555706,796.2628519667118,-27.901691685573308,141.48238307866237,0.1152795819964967,0.2960091195396196,0.1584869621842914,0.19733937930449372,0.12988028077283012,0.9999946799697333,0.09332262891861694,180.0,180.0,0.0,0.0,0.0,0.0,0.0,0.0,0.0,0.0,0.0,0.0,0.0,0.0,0.0,0.0,0.0,0.0,0.0,0.0,0.0,0,0,0.0,0,0,0,0,0.0,0,0,0
2,255,2550.532,2559.479,9,sem_arma,sem_arma,0.0,0.0,0.0,0.0,0.0,5.15737251642162e-08,9.986016795142447e-08,4.3953014648589997e-08,7.894651573133662e-08,0.031060690736840733,0.9999946799697335,0.07422477576346688,180.0,180.0,0.0,0.0,0.0,0.0,0.0,0.0,0.0,0.0,0.0,0.0,0.0,0.0,0.0,0.0,0.0,0.0,0.0,0.0,0.0,0,0,0.0,0,0,0,0,0.0,0,0,0
2,256,2560.478,2569.685,10,sem_arma,sem_arma,0.0,5.259460815610771,8.255418235921706,0.8294365669081678,4.897806727439602,0.7048619706315867,1.8103491914206993,0.6407512727802823,0.5760956517671435,0.6264740889527471,0.9742491649403746,0.5451323530143442,180.0,180.0,0.0,0.0,0.0,0.0,0.0,0.0,0.0,0.0,0.0,0.0,0.0,0.0,0.0,0.0,0.0,0.0,0.0,0.0,0.0,0,0,0.0,0,0,0,0,0.0,0,0,0
2,257,2570.682,2579.699,10,sem_arma,sem_arma,0.0,1.2276625218363588,6.296707597840624,-0.6940512350795348,1.310928552898021,0.030409619722911202,0.21415165677461293,0.06770523074412246,0.05477687883552181,0.1982517387930692,0.900271197378309,0.4591599109435058,180.0,180.0,0.0,0.0,0.0,0.0,0.0,0.0,0.0,0.0,0.0,0.0,0.0,0.0,0.0,0.0,0.0,0.0,0.0,0.0,0.0,0,0,0.0,0,0,0,0,0.0,0,0,0
2,258,2580.698,2589.757,10,sem_arma,sem_arma,0.0,0.010020140019457845,0.10020140019457846,-0.13141673509120236,0.0,0.12347862747890188,0.742608856846272,0.2608419341557522,0.24691376610895546,0.23315841750029564,0.8965327591907597,0.20808850801133008,180.0,180.0,0.0,0.0,0.0,0.0,0.0,0.0,0.0,0.0,0.0,0.0,0.0,0.0,0.0,0.0,0.0,0.0,0.0,0.0,0.0,0,0,0.0,0,0,0,0,0.0,0,0,0
2,259,2591.517,2599.962,9,sem_arma,sem_arma,0.0,1.3324591060273248,2.986234439909516,0.12547969122750724,2.1092949734173714,0.38454556193533607,2.0261731460882193,0.6536717188283857,0.49227016614856534,0.24964985372299126,0.9155714270979038,0.2931035165706269,180.0,180.0,0.0,0.0,0.0,0.0,0.0,0.0,0.0,0.0,0.0,0.0,0.0,0.0,0.0,0.0,0.0,0.0,0.0,0.0,0.0,0,0,0.0,0,0,0,0,0.0,0,0,0
2,260,2601.979,2609.002,8,sem_arma,sem_arma,0.0,1.308073787508107,2.0856940517492504,-0.07473850947503291,1.2034858400562032,0.7144688419603749,1.933507049068851,0.6734910047742532,0.5577705715127041,0.6016755688935905,0.47122315677851384,0.6399283535091793,180.0,180.0,0.0,0.0,0.0,0.0,0.0,0.0,0.0,0.0,0.0,0.0,0.0,0.0,0.0,0.0,0.0,0.0,0.0,0.0,0.0,0,0,0.0,0,0,0,0,0.0,0,0,0
2,261,2610.005,2619.05,10,sem_arma,sem_arma,0.0,1.2953726327414639,4.364410281600145,-0.12157397857694807,2.6756931105530404,0.8662668607020126,2.7937988584053635,1.035892337436642,0.6848198405669603,0.9025328281897851,0.3713707489614654,0.9911767022196118,180.0,180.0,0.0,0.0,0.0,0.0,0.0,0.0,0.0,0.0,0.0,0.0,0.0,0.0,0.0,0.0,0.0,0.0,0.0,0.0,0.0,0,0,0.0,0,0,0,0,0.0,0,0,0
2,262,2620.051,2629.779,10,sem_arma,sem_arma,0.0,0.0,0.0,0.0,0.0,2.017694435435128e-08,2.1221978102162152e-08,2.7938475324779272e-09,1.918971914976818e-09,2.0706110545203734e-09,0.33242182783589713,0.2870266153868278,180.0,180.0,0.0,0.0,0.0,0.0,0.0,0.0,0.0,0.0,0.0,0.0,0.0,0.0,0.0,0.0,0.0,0.0,0.0,0.0,0.0,0,0,0.0,0,0,0,0,0.0,0,0,0
2,263,2630.779,2639.79,10,sem_arma,sem_arma,0.0,0.0,0.0,0.0,0.0,2.1050510159069926e-08,2.1179320859745747e-08,7.508897812937132e-11,1.1572847129198082e-10,1.0426737203073211e-10,0.3341328009524832,6.428266884567774e-10,180.0,180.0,0.0,0.0,0.0,0.0,0.0,0.0,0.0,0.0,0.0,0.0,0.0,0.0,0.0,0.0,0.0,0.0,0.0,0.0,0.0,0,0,0.0,0,0,0,0,0.0,0,0,0
2,264,2640.794,2648.33,8,sem_arma,sem_arma,0.0,0.0,0.0,0.0,0.0,2.051809981940333e-08,2.5574543999328904e-08,3.6597610062032674e-09,3.3220595351950303e-09,1.7150124215373026e-09,0.0,1.1943232936503502e-09,180.0,180.0,0.0,0.0,0.0,0.0,0.0,0.0,0.0,0.0,0.0,0.0,0.0,0.0,0.0,0.0,0.0,0.0,0.0,0.0,0.0,0,0,0.0,0,0,0,0,0.0,0,0,0
2,269,2691.039,2699.457,9,sem_arma,sem_arma,0.0,0.022222222222303065,0.2000000000007276,-0.0005698005698026433,0.2000000000007276,6.8221234856195595e-06,6.139911137057604e-05,2.0466370456858685e-05,1.3641903135819762e-05,1.5252164460713733e-05,1.0,1.9412505073502603e-05,180.0,180.0,0.0,0.0,0.0,0.0,0.0,0.0,0.0,0.0,0.0,0.0,0.0,0.0,0.0,0.0,0.0,0.0,0.0,0.0,0.0,0,0,0.0,0,0,0,0,0.0,0,0,0
2,270,2700.712,2709.891,10,sem_arma,sem_arma,0.0,0.0511949750360793,0.511949750360793,0.05140057734546115,0.5140057734546115,0.370545150146799,1.5521306184067418,0.551178812706284,0.4141820075005523,0.3293061967482859,0.971827095330904,0.2798217499665844,180.0,180.0,0.0,0.0,0.0,0.0,0.0,0.0,0.0,0.0,0.0,0.0,0.0,0.0,0.0,0.0,0.0,0.0,0.0,0.0,0.0,0,0,0.0,0,0,0,0,0.0,0,0,0
2,271,2711.535,2719.613,9,sem_arma,sem_arma,0.0,1.1436527766344666,2.0312009227540972,0.04020276492164232,1.2101107959903918,0.6646705472652106,2.4963966013451455,0.7277774716828596,0.6805283106193938,0.6573443079526,0.7799769803835452,0.6144318819391335,180.0,180.0,0.0,0.0,0.0,0.0,0.0,0.0,0.0,0.0,0.0,0.0,0.0,0.0,0.0,0.0,0.0,0.0,0.0,0.0,0.0,0,0,0.0,0,0,0,0,0.0,0,0,0
2,272,2720.7,2729.798,9,sem_arma,sem_arma,0.0,0.17407928858916133,0.8899922083370178,-0.09330470442038638,0.4642282272954714,1.1447116206949146,2.1400157851641928,0.7894938571803545,0.5882135313119746,0.602421446668246,0.44456288379610065,0.733513423685389,180.0,180.0,0.0,0.0,0.0,0.0,0.0,0.0,0.0,0.0,0.0,0.0,0.0,0.0,0.0,0.0,0.0,0.0,0.0,0.0,0.0,0,0,0.0,0,0,0,0,0.0,0,0,0
2,273,2730.799,2739.063,9,sem_arma,sem_arma,0.0,0.14535494129053222,0.942455657547496,0.024867181725603846,0.941514143404092,0.5336410725067564,1.3513962456915853,0.3917722673463141,0.6626116883619297,0.5222651660054705,0.23325839177074878,0.7156878701092793,180.0,180.0,0.0,0.0,0.0,0.0,0.0,0.0,0.0,0.0,0.0,0.0,0.0,0.0,0.0,0.0,0.0,0.0,0.0,0.0,0.0,0,0,0.0,0,0,0,0,0.0,0,0,0
2,274,2740.062,2749.179,10,sem_arma,sem_arma,0.0,0.028341066972832375,0.14198931349049976,-0.0221715539114515,0.14255955169728893,0.02209991381514364,0.169282326056828,0.05265441953538309,0.086484420887155,0.20821149024971564,0.6531096934336501,0.3686774791215594,180.0,180.0,0.0,0.0,0.0,0.0,0.0,0.0,0.0,0.0,0.0,0.0,0.0,0.0,0.0,0.0,0.0,0.0,0.0,0.0,0.0,0,0,0.0,0,0,0,0,0.0,0,0,0
2,275,2750.176,2759.113,9,sem_arma,sem_arma,0.0,0.0,0.0,0.0,0.0,1.3889450832764842e-08,1.4991107840893013e-08,2.0920900342939466e-09,1.8665957567556606e-09,6.802136921856522e-09,0.6168491611566831,0.01322979172254845,180.0,180.0,0.0,0.0,0.0,0.0,0.0,0.0,0.0,0.0,0.0,0.0,0.0,0.0,0.0,0.0,0.0,0.0,0.0,0.0,0.0,0,0,0.0,0,0,0,0,0.0,0,0,0
2,276,2760.12,2769.134,10,sem_arma,sem_arma,0.0,0.0,0.0,0.0,0.0,1.4870003631604021e-08,1.4901161193847656e-08,3.380155980088258e-11,5.049273929048321e-11,6.49440362758513e-09,0.41213203435499957,5.879284025072939e-10,180.0,180.0,0.0,0.0,0.0,0.0,0.0,0.0,0.0,0.0,0.0,0.0,0.0,0.0,0.0,0.0,0.0,0.0,0.0,0.0,0.0,0,0,0.0,0,0,0,0,0.0,0,0,0
2,277,2770.436,2779.399,9,sem_arma,sem_arma,0.0,433.8896206147872,3904.014443705065,-48.944997779217275,3409.6196014891398,1.3339049746210426e-08,1.4916077271118776e-08,1.932984885757559e-09,1.502630230546971e-09,6.760021027132056e-09,0.333303385345064,1.807860843384288e-09,15.828899999999999,15.7332,188.423,188.477,0.3333333333333333,0.0,0.0,0.0,0.0,0.0,0.0,0.0,0.0,0.0,0.0,0.0,0.0,0.0,0.0,0.0,0.0,0,0,0.0,0,0,0,0,0.0,0,0,0
2,278,2780.474,2789.651,10,sem_arma,sem_arma,0.0,0.9858266578235744,2.4478642421391044,0.09032883642391791,2.260248316075026,0.44037709359093674,2.4623220304441102,0.7514126527136451,0.5486312045731851,0.5321132129368794,0.9991457255458089,0.4589225712536454,22.990372,8.00616,128.43912,188.477,1.0,0.0,0.0,0.0,0.0,0.0,0.0,0.0,0.0,0.0,0.0,0.0,0.0,0.0,0.0,0.0,0.0,0,0,0.0,0,0,0,0,0.0,0,0,0
2,279,2790.656,2799.668,10,sem_arma,sem_arma,0.0,1.360347801810605,4.056920444564815,-0.0945250585573902,3.3696855355033573,0.5922308182350123,2.088147272658669,0.7256272039821469,0.7263171780066763,0.5900952788430109,0.7634563074302121,0.7263764067468217,39.96959,13.9783,52.748985000000005,191.993,1.0,0.0,0.2,0.0,0.0,0.0,0.0,0.0,0.0,0.0,0.0,0.0,0.0,0.0,0.0,0.0,0.0,0,0,0.0,0,0,0,0,0.0,0,0,0
2,280,2800.666,2809.118,9,sem_arma,sem_arma,0.0,1.1710887420609948,3.1885777525765095,0.22387989235523958,3.1949676879524143,0.6075148419252283,2.3663373342141463,0.7486355971345592,0.6833312638170139,0.7367440409084992,0.2337740758105582,0.7608033908964887,33.80653,9.09557,95.09867222222222,192.46,1.0,0.0,0.1111111111111111,0.0,0.0,0.0,0.0,0.0,0.0,0.0,0.0,0.0,0.0,0.0,0.0,0.0,0.0,0,0,0.0,0,0,0,0,0.0,0,0,0
2,281,2810.002,2819.224,10,sem_arma,sem_arma,0.0,0.08460350431545036,0.4664146635331064,-0.22109744794372918,0.3792411384829144,0.06397102605185882,0.34658328393256244,0.1354500626974416,0.1365116883310137,0.17069999152071785,0.23956638022910415,0.3552561985867552,20.90651,7.76855,190.4774,190.553,1.0,0.0,0.0,0.0,0.0,0.0,0.0,0.0,0.0,0.0,0.0,0.0,0.0,0.0,0.0,0.0,0.0,0,0,0.0,0,0,0,0,0.0,0,0,0
2,282,2820.226,2829.238,10,sem_arma,sem_arma,0.0,0.13497248282559865,0.6901473089255198,0.02623520110659307,0.6915303696648495,0.12118035779549925,0.656967025053663,0.20978489771347378,0.16023298583474396,0.17496073194216186,0.5827247053153538,0.15314664210146606,14.849039,7.76855,190.0378,190.175,1.0,0.0,0.0,0.0,0.0,0.0,0.0,0.0,0.0,0.0,0.0,0.0,0.0,0.0,0.0,0.0,0.0,0,0,0.0,0,0,0,0,0.0,0,0,0
2,283,2830.236,2839.248,10,sem_arma,sem_arma,0.0,0.0,0.0,-0.025948310964580383,0.0,0.0,0.0,0.0,0.0011468179557684874,0.034534651178359015,0.4908023163890947,0.13179746479286833,9.46924,9.46924,189.676,189.676,1.0,0.0,0.0,0.0,0.0,0.0,0.0,0.0,0.0,0.0,0.0,0.0,0.0,0.0,0.0,0.0,0.0,0,0,0.0,0,0,0,0,0.0,0,0,0
2,284,2840.248,2849.923,10,sem_arma,sem_arma,0.0,0.0,0.0,0.0,0.0,0.0,0.0,0.0,0.0,0.0,0.398894471887174,9.614900167999527e-09,9.46924,9.46924,189.676,189.676,1.0,0.0,0.0,0.0,0.0,0.0,0.0,0.0,0.0,0.0,0.0,0.0,0.0,0.0,0.0,0.0,0.0,0,0,0.0,0,0,0,0,0.0,0,0,0
2,285,2850.887,2859.991,10,sem_arma,sem_arma,0.0,0.22973563704134342,0.5297050204362448,0.012031260265228504,0.48555096213447213,0.6391133322836291,2.209785058781443,0.8396266862350052,0.5147334223318358,0.6151533105405622,0.8645699853347469,0.5285005493648814,19.968865,5.20654,173.36748,189.332,1.0,0.0,0.0,0.0,0.0,0.0,0.0,0.0,0.0,0.0,0.0,0.0,0.0,0.0,0.0,0.0,0.0,0,0,0.0,0,0,0,0,0.0,0,0,0
2,286,2860.991,2869.044,9,sem_arma,sem_arma,0.0,0.1615358386256949,1.453822547631254,-0.01016176900110303,1.3580182042455604,0.1496004968228013,0.67775159946566,0.29686299783835685,0.2417655359668261,0.3016010760813145,0.20122694885812573,0.5693784802455233,28.52959555555556,9.35009,85.75089555555556,189.933,1.0,0.0,0.5555555555555556,0.0,0.0,0.0,0.0,0.0,0.0,0.0,0.0,0.0,0.0,0.0,0.0,0.0,0.0,0,0,0.0,0,0,0,0,0.0,0,0,0
2,287,2870.045,2879.054,10,sem_arma,sem_arma,0.0,0.07984031936131375,0.4990019960072579,-4.975084755636794e-05,0.2988035904250296,0.05450085399367595,0.503773127131019,0.15838918924369375,0.1007546254262038,0.14324551750380882,0.19847698350553916,0.21360540521532845,19.727958,9.35009,189.40040000000002,189.933,1.0,0.0,0.0,0.0,0.0,0.0,0.0,0.0,0.0,0.0,0.0,0.0,0.0,0.0,0.0,0.0,0.0,0,0,0.0,0,0,0,0,0.0,0,0,0
2,288,2880.086,2889.136,10,sem_arma,sem_arma,0.0,0.1589335488689172,0.7803204469958521,-0.0027415756980178063,0.36134140984978624,0.1946623758387808,1.4283147054817453,0.446651635069772,0.28566294109634904,0.3300931190788182,0.5008171063123885,0.3464793904354508,33.57609,22.6238,151.828493,189.216,1.0,0.0,0.2,0.0,0.0,0.0,0.0,0.0,0.0,0.0,0.0,0.0,0.0,0.0,0.0,0.0,0.0,0,0,0.0,0,0,0,0,0.0,0,0,0
2,289,2890.143,2899.185,10,sem_arma,sem_arma,0.0,0.0,0.0,0.0,0.0,0.06834666244338042,0.6834666244338041,0.21613112379177105,0.13669332488676084,0.15282778325863047,0.4521982092724315,0.28870573064184707,10.436912000000001,3.70174,188.983,188.983,1.0,0.8,0.0,0.8,0.0,0.0,7.0120000000000005,0.0,0.0,0.0,0.0,0.0,0.0,0.0,0.0,0.0,0.0,0,0,0.0,0,0,0,0,0.0,0,0,0
2,290,2900.188,2909.194,10,sem_arma,sem_arma;AKM,0.2,0.14788074777469043,1.4788074777469042,0.14802877655124166,1.4802877655124167,0.16067087576219166,0.6845337229431199,0.2657845479638497,0.18383501285759987,0.2006874698363695,0.4294040910851601,0.25327942196557474,62.63352999999999,28.539,173.19384,188.983,1.0,0.0,0.0,0.0,0.0,0.0,0.0,0.0,0.0,0.0,0.0,0.0,0.0,0.0,0.0,0.0,0.0,0,0,0.0,0,0,0,0,0.0,0,0,0
2,291,2910.197,2919.208,10,AKM,AKM,1.0,0.028913260219328968,0.2891326021932897,-0.14752491281689772,0.0,0.09718964095480975,0.7658637979464888,0.24370714004019736,0.12351464806362478,0.12628132030482378,0.9919878455868842,0.17325128608568624,65.84463,38.9565,46.76715,190.494,1.0,0.0,0.0,0.0,0.0,0.0,0.0,0.0,0.0,0.0,0.0,0.0,0.0,0.0,0.0,0.0,0.0,0,0,0.0,0,0,0,0,0.0,0,0,0
2,292,2920.207,2920.207,1,AKM,AKM,1.0,2.2974226916023155,2.2974226916023155,2.299722414016332,2.299722414016332,0.9590582019839805,0.9590582019839805,0.0,0.19319440403749166,0.47730200361745284,0.1984578254668197,0.3664854705644099,16.4284,16.4284,188.26,188.26,1.0,0.0,0.0,0.0,0.0,0.0,0.0,0.0,0.0,0.0,0.0,0.0,0.0,0.0,0.0,0.0,0.0,0,0,0.0,0,0,0,0,0.0,0,0,0
2,349,3495.03,3498.016,4,sem_arma,sem_arma,0.0,1828.6203363769007,7314.481345507603,-34.092854710359006,7312.183922816001,0.7259821985614192,2.903928730723213,1.4519643547745291,1.212199809613013,1.207109355025826,0.9995231888277393,0.930741408576016,148.305,148.305,875.4449999999999,875.456,1.0,0.0,0.0,0.0,0.0,0.0,0.0,0.0,0.0,0.0,0.0,0.0,0.0,0.0,0.0,0.0,0.0,0,0,0.0,0,0,0,0,0.0,0,0,0
3,0,0.0,9.75,11,sem_arma,sem_arma,0.0,0.0,0.0,0.0,0.0,0.007459470273858049,0.08205417301243854,0.02474026403319679,0.014918940547716098,0.01667988260848557,0.0,0.01904230159913297,180.0,180.0,0.0,0.0,0.0,0.0,0.0,0.0,0.0,0.0,0.0,0.0,0.0,0.0,0.0,0.0,0.0,0.0,0.0,0.0,0.0,0,0,0.0,0,0,0,0,0.0,0,0,0
3,1,10.761,19.699,9,sem_arma,sem_arma,0.0,0.0946850263242196,0.5653797506330844,0.06294265632365231,0.2856429146263864,0.008350691298003577,0.06193996607331502,0.02056581630730771,0.006882218452590558,0.0036389405928189036,0.0,0.011287933864712298,180.0,180.0,0.0,0.0,0.0,0.0,0.0,0.0,0.0,0.0,0.0,0.0,0.0,0.0,0.0,0.0,0.0,0.0,0.0,0.0,0.0,0,0,0.0,0,0,0,0,0.0,0,0,0
3,2,20.698,29.706,10,sem_arma,sem_arma,0.0,0.0,0.0,-0.056594569632941384,0.0,4.00835006274125e-08,1.0116575810652223e-07,5.175142792759851e-08,0.006193996607331502,0.010822039198594171,0.9660818774782929,0.01761361380058223,180.0,180.0,0.0,0.0,0.0,0.0,0.0,0.0,0.0,0.0,0.0,0.0,0.0,0.0,0.0,0.0,0.0,0.0,0.0,0.0,0.0,0,0,0.0,0,0,0,0,0.0,0,0,0
3,3,30.706,39.732,10,sem_arma,sem_arma,0.0,0.0,0.0,0.0,0.0,0.0,0.0,0.0,0.0,0.0,0.8725374826843482,1.2140242612145092e-08,180.0,180.0,0.0,0.0,0.0,0.0,0.0,0.0,0.0,0.0,0.0,0.0,0.0,0.0,0.0,0.0,0.0,0.0,0.0,0.0,0.0,0,0,0.0,0,0,0,0,0.0,0,0,0
3,4,40.725,49.735,10,sem_arma,sem_arma,0.0,0.0,0.0,0.0,0.0,0.0,0.0,0.0,0.0,0.0,0.0,0.0,180.0,180.0,0.0,0.0,0.0,0.0,0.0,0.0,0.0,0.0,0.0,0.0,0.0,0.0,0.0,0.0,0.0,0.0,0.0,0.0,0.0,0,0,0.0,0,0,0,0,0.0,0,0,0
3,5,50.737,59.75,10,sem_arma,sem_arma,0.0,0.0,0.0,0.0,0.0,0.0,0.0,0.0,0.0,0.0,0.0,0.0,180.0,180.0,0.0,0.0,0.0,0.0,0.0,0.0,0.0,0.0,0.0,0.0,0.0,0.0,0.0,0.0,0.0,0.0,0.0,0.0,0.0,0,0,0.0,0,0,0,0,0.0,0,0,0
3,6,60.75,69.765,10,sem_arma,sem_arma,0.0,0.0,0.0,0.0,0.0,0.0,0.0,0.0,0.0,0.0,0.0,0.0,180.0,180.0,0.0,0.0,0.0,0.0,0.0,0.0,0.0,0.0,0.0,0.0,0.0,0.0,0.0,0.0,0.0,0.0,0.0,0.0,0.0,0,0,0.0,0,0,0,0,0.0,0,0,0
3,7,70.762,79.775,10,sem_arma,sem_arma,0.0,3.3388693399506573,4.414675061843861,0.3877837914741627,2.9167099266382563,0.5311029892294719,1.95639617862319,0.7414265950737357,0.6408640165153665,0.5463528589572775,0.8173498156506616,0.519723201300422,180.0,180.0,0.0,0.0,0.0,0.0,0.0,0.0,0.0,0.0,0.0,0.0,0.0,0.0,0.0,0.0,0.0,0.0,0.0,0.0,0.0,0,0,0.0,0,0,0,0,0.0,0,0,0
3,8,80.787,89.79,10,sem_arma,sem_arma,0.0,0.6177229402606031,3.8064025753516146,-0.3845579400679261,1.5581719545125752,0.19853616940231647,1.0772249569490062,0.3696313941731666,0.23340266312410357,0.4272780781045154,0.8780000288917116,0.6034001385736578,180.0,180.0,0.0,0.0,0.0,0.0,0.0,0.0,0.0,0.0,0.0,0.0,0.0,0.0,0.0,0.0,0.0,0.0,0.0,0.0,0.0,0,0,0.0,0,0,0,0,0.0,0,0,0
3,9,90.798,99.797,10,sem_arma,sem_arma,0.0,0.8413999184845341,2.715512659501303,0.10296526761358282,2.6493899441761637,0.16344377517743958,0.7259510297155054,0.2583170565620739,0.22039750293951435,0.22691690252648283,0.7889462030729049,0.19407895609604744,180.0,180.0,0.0,0.0,0.0,0.0,0.0,0.0,0.0,0.0,0.0,0.0,0.0,0.0,0.0,0.0,0.0,0.0,0.0,0.0,0.0,0,0,0.0,0,0,0,0,0.0,0,0,0
3,10,100.811,109.819,10,sem_arma,sem_arma,0.0,0.8337932840115023,4.0213625427042405,0.2521735456752672,3.3678606521687997,0.04270007958457896,0.42700060657470235,0.13502944125464472,0.04270037290310715,0.07429574595251988,0.8885955268853138,0.18177280634585338,180.0,180.0,0.0,0.0,0.0,0.0,0.0,0.0,0.0,0.0,0.0,0.0,0.0,0.0,0.0,0.0,0.0,0.0,0.0,0.0,0.0,0,0,0.0,0,0,0,0,0.0,0,0,0
3,11,110.825,119.829,10,sem_arma,sem_arma,0.0,5.048666317390901,8.08495889542069,0.30615542773850535,4.672592531015495,0.29449746561268303,2.275654307529444,0.7102479498005949,0.5278944352693639,0.5603160303679132,0.48425009163917976,0.5959447330965175,180.0,180.0,0.0,0.0,0.0,0.0,0.0,0.0,0.0,0.0,0.0,0.0,0.0,0.0,0.0,0.0,0.0,0.0,0.0,0.0,0.0,0,0,0.0,0,0,0,0,0.0,0,0,0
3,12,120.827,129.844,10,sem_arma,sem_arma,0.0,5.6853732936519465,6.779979900426798,-0.6053739579346746,0.046899559339363336,0.32742666369370327,1.5802189807454015,0.49967206534369196,0.42390601138438627,0.30220374023716107,0.7259270428649376,0.3603616235006997,180.0,180.0,0.0,0.0,0.0,0.0,0.0,0.0,0.0,0.0,0.0,0.0,0.0,0.0,0.0,0.0,0.0,0.0,0.0,0.0,0.0,0,0,0.0,0,0,0,0,0.0,0,0,0
3,13,130.833,139.855,10,sem_arma,sem_arma,0.0,3.0166227951251483,6.763161199931869,-0.07513948393155985,4.333663505779806,0.7859846427190952,3.0365418830345443,0.8757745484300958,0.9767748474952501,0.7936855540887428,0.8018951051085852,0.9098629833705735,180.0,180.0,0.0,0.0,0.0,0.0,0.0,0.0,0.0,0.0,0.0,0.0,0.0,0.0,0.0,0.0,0.0,0.0,0.0,0.0,0.0,0,0,0.0,0,0,0,0,0.0,0,0,0
3,14,140.857,149.857,10,Deagle,Deagle,1.0,0.8102998565740027,3.3600846786844385,0.03613047934040191,2.4095828570236355,0.8080824399893647,2.0701320543629587,0.8781289904734856,0.5711956832103607,0.7583981782781347,0.5507170480604549,0.7085208543169216,180.0,180.0,0.0,0.0,0.0,0.0,0.0,0.0,0.0,0.0,0.0,0.0,0.0,0.0,0.0,0.0,0.0,0.0,0.0,0.0,0.0,0,0,0.0,0,0,0,0,0.0,0,0,0
3,15,150.864,159.868,10,Deagle,Deagle,1.0,3.6566721100869026,6.855810959962694,-0.04187977633244424,3.5059278785440346,0.7388693346264308,2.350615661246819,0.7304826148433512,0.774827143831569,0.7208451794184189,0.38954407549210257,0.8032760569864095,180.0,180.0,0.0,0.0,0.0,0.0,0.0,0.0,0.0,0.0,0.0,0.0,0.0,0.0,0.0,0.0,0.0,0.0,0.0,0.0,0.0,0,0,0.0,0,0,0,0,0.0,0,0,0
3,16,160.885,168.879,9,Deagle,Deagle,1.0,2.806372532842707,6.699916787602901,0.03766301816425008,2.7901382087081505,0.33961066370079446,1.065035771635557,0.4375661152603211,0.3747718088356086,0.4558794475736595,0.3935184372252192,0.5458920874998971,180.0,180.0,0.0,0.0,0.0,0.0,0.0,0.0,0.0,0.0,0.0,0.0,0.0,0.0,0.0,0.0,0.0,0.0,0.0,0.0,0.0,0,0,0.0,0,0,0,0,0.0,0,0,0
3,17,170.036,170.869,2,Deagle,Deagle,1.0,0.0,0.0,-0.15754768641189912,0.0,0.0,0.0,0.0,0.0,0.43565311054997946,0.4496521960485753,0.4262908115882907,180.0,180.0,0.0,0.0,0.0,0.0,0.0,0.0,0.0,0.0,0.0,0.0,0.0,0.0,0.0,0.0,0.0,0.0,0.0,0.0,0.0,0,0,0.0,0,0,0,0,0.0,0,0,0
3,49,496.441,499.451,4,Deagle,Deagle,1.0,0.06403124237444781,0.25612496949779123,0.0006339726967767162,0.25612496949779123,5.166537061295735e-07,1.411447553183508e-06,6.717400639598339e-07,7.05723776591754e-07,0.05593551138521679,0.47273436924340284,0.4071994004794259,180.0,180.0,0.0,0.0,0.0,0.0,0.0,0.0,0.0,0.0,0.0,0.0,0.0,0.0,0.0,0.0,0.0,0.0,0.0,0.0,0.0,0,0,0.0,0,0,0,0,0.0,0,0,0
3,50,500.445,509.465,10,Deagle,Deagle,1.0,0.0,0.0,0.0,0.0,0.0,0.0,0.0,0.0,1.0309454679048006e-07,0.8211920736919891,0.049914981407684814,180.0,180.0,0.0,0.0,0.0,0.0,0.0,0.0,0.0,0.0,0.0,0.0,0.0,0.0,0.0,0.0,0.0,0.0,0.0,0.0,0.0,0,0,0.0,0,0,0,0,0.0,0,0,0
3,51,510.475,519.5,10,Deagle,Deagle,1.0,0.0,0.0,0.0,0.0,0.0,0.0,0.0,0.0,1.3938767534014436e-08,0.5026963325058945,0.0,180.0,180.0,0.0,0.0,0.0,0.0,0.0,0.0,0.0,0.0,0.0,0.0,0.0,0.0,0.0,0.0,0.0,0.0,0.0,0.0,0.0,0,0,0.0,0,0,0,0,0.0,0,0,0
3,52,520.482,529.494,10,Deagle,Deagle,1.0,348.70829980304035,3487.0829980304034,348.70829980304035,3487.0829980304034,0.0,0.0,0.0,0.0,1.3938767534014436e-08,0.0999999921122839,0.0,117.783,117.783,31.3213,31.3213,0.1,0.0,0.0,0.0,0.0,0.0,0.0,0.0,0.0,0.0,0.0,0.0,0.0,0.0,0.0,0.0,0.0,0,0,0.0,0,0,0,0,0.0,0,0,0
3,53,530.518,539.506,10,Deagle,Deagle,1.0,0.0,0.0,-340.5354490264066,0.0,0.0,0.0,0.0,0.0,1.3938767534014436e-08,0.999999921122839,0.0,112.07539999999999,69.2685,28.11822,34.0292,1.0,0.0,0.0,0.0,0.0,0.0,0.0,0.0,0.0,0.0,0.0,0.0,0.0,0.0,0.0,0.0,0.0,0,0,0.0,0,0,0,0,0.0,0,0,0
3,54,540.502,549.691,7,Deagle,Deagle,1.0,0.0,0.0,0.0,0.0,0.0,0.0,0.0,0.0,1.3938767534014433e-08,0.999999921122839,0.0,56.4996,54.1389,59.79862857142857,76.2052,1.0,0.0,0.0,0.0,0.0,0.0,0.0,0.0,0.0,0.0,0.0,0.0,0.0,0.0,0.0,0.0,0.0,0,0,0.0,0,0,0,0,0.0,0,0,0
3,55,550.69,559.713,10,Deagle,Deagle,1.0,0.0,0.0,0.0,0.0,0.0,0.0,0.0,0.0,1.3938767534014436e-08,0.1999999842245678,0.0,57.24669,54.0863,86.82019,98.2372,1.0,0.0,0.0,0.0,0.0,0.0,0.0,0.0,0.0,0.0,0.0,0.0,0.0,0.0,0.0,0.0,0.0,0,0,0.0,0,0,0,0,0.0,0,0,0
3,56,560.701,569.167,9,Deagle,Deagle,1.0,0.06317462361316421,0.4259679409473798,0.00011077309232164644,0.2845022784902426,0.1799189385413951,1.6071531790094025,0.5352278427183763,0.18126530163730104,0.08151803090118902,0.4414773012843187,0.05770115891884945,62.01969999999999,31.8646,97.74525555555556,98.946,1.0,0.0,0.0,0.0,0.0,0.0,0.0,0.0,0.0,0.0,0.0,0.0,0.0,0.0,0.0,0.0,0.0,0,0,0.0,0,0,0,0,0.0,0,0,0
3,57,570.163,579.174,10,Deagle,Deagle,1.0,0.0,0.0,0.0,0.0,0.0,0.0,0.0,0.16071531790094024,0.2873627442742607,0.9961601123601648,0.45715692621142107,32.626310000000004,30.8379,100.28492,104.8,1.0,0.0,0.0,0.0,0.0,0.0,0.0,0.0,0.0,0.0,0.0,0.0,0.0,0.0,0.0,0.0,0.0,0,0,0.0,0,0,0,0,0.0,0,0,0
3,58,580.178,589.229,10,Deagle,Deagle,1.0,0.0,0.0,0.0,0.0,0.0,0.0,0.0,0.0,0.0,0.6976960673049877,0.0,33.109719999999996,30.9918,103.93350000000001,107.205,1.0,0.0,0.0,0.0,0.0,0.0,0.0,0.0,0.0,0.0,0.0,0.0,0.0,0.0,0.0,0.0,0.0,0,0,0.0,0,0,0,0,0.0,0,0,0
3,59,590.22,599.445,10,Deagle,Deagle,1.0,0.099264320373845,0.7694827269428757,-0.0010504586202919664,0.7581110610274638,0.022339654950112885,0.22339654950112886,0.07064419178461194,0.04467930990022577,0.02997179223740525,0.2990779177167481,0.021193257535383578,30.51854,22.7632,104.37794,108.756,1.0,0.0,0.0,0.0,0.0,0.0,0.0,0.0,0.0,0.0,0.0,0.0,0.0,0.0,0.0,0.0,0.0,0,0,0.0,0,0,0,0,0.0,0,0,0
3,60,600.456,609.476,10,B95,sem_arma;B95,0.9,0.03171793045641363,0.3171793045641363,0.00015874935413232594,0.3181337056811798,0.007593038316498496,0.07593038316498496,0.024011295441065714,0.015186076632996991,0.03695974465638803,0.9895974952647137,0.05735374068231991,19.89878,18.3761,111.6134,112.146,1.0,0.0,0.0,0.0,0.0,0.0,0.0,0.0,0.0,0.0,0.0,0.0,0.0,0.0,0.0,0.0,0.0,0,0,0.0,0,0,0,0,0.0,0,0,0
3,61,610.476,619.468,10,B95,B95,1.0,0.0,0.0,0.0,0.0,0.0,0.0,0.0,0.0,0.0,0.9907364538662098,0.004802259088213143,18.8724,18.8724,111.965,111.965,1.0,0.0,0.0,0.0,0.0,0.0,0.0,0.0,0.0,0.0,0.0,0.0,0.0,0.0,0.0,0.0,0.0,0,0,0.0,0,0,0,0,0.0,0,0,0
3,62,620.473,629.753,10,B95,B95,1.0,0.049701789274353876,0.49701789274353875,-0.0003461836836045562,0.49405357131564487,0.031915605368957475,0.3191560536895747,0.1009260058690042,0.06383121073791495,0.07136546314804616,0.9999999992599999,0.07064820410830294,6.1761402,0.734886,111.9384,111.965,1.0,0.7,0.0,0.7,0.0,0.0,6.273,0.0,0.0,0.0,0.0,0.0,0.0,0.0,0.0,0.0,0.0,0,0,0.0,0,0,0,0,0.0,0,0,0
3,63,630.73,639.786,10,B95,B95,1.0,0.0,0.0,0.0,0.0,0.0,0.0,0.0,0.0,0.0,0.9999999998,0.030277801760701262,0.7217651,0.657897,111.8049,111.927,1.0,1.0,0.0,1.0,0.0,0.0,16.306,0.0,0.0,0.0,0.0,0.0,0.0,0.0,0.0,0.0,0.0,0,0,0.0,0,0,0,0,0.0,0,0,0
3,64,640.767,649.762,10,B95,B95,1.0,0.0,0.0,0.0,0.0,0.22631942753133139,1.3070052342779281,0.4842353837637492,0.45263883590774556,0.3920532006378797,0.29999999994,0.42162703932483814,27.8184864,0.660864,115.2752,124.192,1.0,0.1,0.0,0.1,0.0,0.0,17.287,0.0,0.0,0.0,0.0,0.0,0.0,0.0,0.0,0.0,0.0,0,0,0.0,0,0,0,0,0.0,0,0,0
3,65,650.781,659.73,10,B95,B95,1.0,0.09091752160580466,0.9091752160580465,0.0912826522146633,0.9128265221466331,0.003050418076817068,0.030504046154813138,0.009646221640179822,0.003050403556458717,0.0013641821116795632,0.09999999984756097,0.10986285905675519,30.50084,27.8531,126.4673,128.349,1.0,0.0,0.0,0.0,0.0,0.0,0.0,0.0,0.0,0.0,0.0,0.0,0.0,0.0,0.0,0.0,0.0,0,0,0.0,0,0,0,0,0.0,0,0,0
3,66,660.739,669.385,8,B95,B95,1.0,0.11007097028234322,0.8805677622587458,-0.12121301666809947,0.8410389324343323,0.002562803073632003,0.020502424589056024,0.007248701728843665,0.008938611916615649,0.009400962862626473,0.17287980115829668,0.010838197514314458,35.2071,33.7337,125.051625,129.521,1.0,0.0,0.0,0.0,0.0,0.0,0.0,0.0,0.0,0.0,0.0,0.0,0.0,0.0,0.0,0.0,0.0,0,0,0.0,0,0,0,0,0.0,0,0,0
3,67,670.427,679.415,8,B95,B95,1.0,0.0,0.0,0.0,0.0,0.0,0.0,0.0,0.0,0.0,0.05471977297010912,0.0029969193302009254,37.1392,36.1904,157.40825,168.634,1.0,0.0,0.0,0.0,0.0,0.0,0.0,0.0,0.0,0.0,0.0,0.0,0.0,0.0,0.0,0.0,0.0,0,0,0.0,0,0,0,0,0.0,0,0,0
3,68,680.415,689.539,10,B95,B95,1.0,0.0,0.0,0.0,0.0,0.0,0.0,0.0,0.0,0.0,0.2164159315969151,0.0,33.89074,32.9173,178.5035,185.938,1.0,0.0,0.0,0.0,0.0,0.0,0.0,0.0,0.0,0.0,0.0,0.0,0.0,0.0,0.0,0.0,0.0,0,0,0.0,0,0,0,0,0.0,0,0,0
3,69,690.545,699.568,10,B95,B95,1.0,0.0,0.0,0.0,0.0,0.0,0.0,0.0,0.0,0.0,0.0,0.0,33.73348,32.2586,184.5608,187.979,1.0,0.0,0.0,0.0,0.0,0.0,0.0,0.0,0.0,0.0,0.0,0.0,0.0,0.0,0.0,0.0,0.0,0,0,0.0,0,0,0,0,0.0,0,0,0
3,70,700.569,709.763,10,B95,B95,1.0,0.0,0.0,0.0,0.0,0.0,0.0,0.0,0.0,0.0,0.0,0.0,34.07346,32.5767,182.01579999999998,187.857,1.0,0.0,0.0,0.0,0.0,0.0,0.0,0.0,0.0,0.0,0.0,0.0,0.0,0.0,0.0,0.0,0.0,0,0,0.0,0,0,0,0,0.0,0,0,0
3,71,710.751,719.788,10,B95,B95,1.0,0.0,0.0,0.0,0.0,0.0,0.0,0.0,0.0,0.0,0.0,0.0,25.682010000000002,15.6804,179.971,190.445,1.0,0.0,0.0,0.0,0.0,0.0,0.0,0.0,0.0,0.0,0.0,0.0,0.0,0.0,0.0,0.0,0.0,0,0,0.0,0,0,0,0,0.0,0,0,0
3,72,720.782,729.806,10,B95,B95,1.0,0.0,0.0,0.0,0.0,0.0,0.0,0.0,0.0,0.0,0.0,0.0,7.328306,3.69411,179.5212,183.501,1.0,0.4,0.0,0.4,0.0,0.0,3.009,0.0,0.0,0.0,0.0,0.0,0.0,0.0,0.0,0.0,0.0,0,0,0.0,0,0,0,0,0.0,0,0,0
3,73,730.802,739.078,9,B95,B95,1.0,0.0,0.0,0.0,0.0,0.0,0.0,0.0,0.0,0.0,0.0,0.0,5.316521111111111,4.59231,188.09855555555555,193.066,1.0,0.2222222222222222,0.0,0.2222222222222222,0.0,0.0,1.004,0.0,0.0,0.0,0.0,0.0,0.0,0.0,0.0,0.0,0.0,0,0,0.0,0,0,0,0,0.0,0,0,0
3,74,740.083,749.098,10,sem_arma,B95;sem_arma,0.4,0.46293035980348973,3.111370930335508,0.0007229114155749367,3.108262667667841,0.11828040558944015,0.6376396148179267,0.23236906324183346,0.2027211507034893,0.144568489197864,0.3391208478229938,0.10991846155822697,9.385527999999999,2.93291,190.0079,190.956,1.0,0.3,0.0,0.3,0.0,0.0,2.009,0.0,0.0,0.0,0.0,0.0,0.0,0.0,0.0,0.0,0.0,0,0,0.0,0,0,0,0,0.0,0,0,0
3,75,750.091,759.178,10,sem_arma,sem_arma,0.0,0.04196479413559838,0.41964794135598377,-0.0007950160019786045,0.41508203892777823,0.05390738991195225,0.5390719555572167,0.17046945193884708,0.10781448920563155,0.1611269074307555,0.7796767193517714,0.2153774640888348,23.407277999999998,2.52515,184.5982,188.76,1.0,0.3,0.0,0.3,0.0,0.0,5.004,0.0,0.0,0.0,0.0,0.0,0.0,0.0,0.0,0.0,0.0,0,0,0.0,0,0,0,0,0.0,0,0,0
3,76,760.173,769.216,10,sem_arma,sem_arma,0.0,0.06769126067855424,0.6769126067855424,0.068306014811861,0.6830601481186099,0.0,0.0,0.0,0.0,0.0,0.818422130690642,0.051140849229197774,36.35561,31.7494,166.66270300000002,186.829,1.0,0.0,0.1,0.0,0.0,0.0,0.0,0.0,0.0,0.0,0.0,0.0,0.0,0.0,0.0,0.0,0.0,0,0,0.0,0,0,0,0,0.0,0,0,0
3,77,770.221,779.229,10,sem_arma,sem_arma,0.0,0.23488521495591108,1.2280944202664181,0.008990876451149321,0.875729827606745,0.2089005738460072,1.0076700840570474,0.3916965185460177,0.1804208047821866,0.1453123846206796,0.7586553807355488,0.11075640019373564,36.35653,20.2397,0.8579535,1.07247,1.0,0.0,1.0,0.0,0.0,0.0,0.0,0.0,0.0,0.0,0.0,0.0,0.0,0.0,0.0,0.0,0.0,0,0,0.0,0,0,0,0,0.0,0,0,0
3,78,780.236,789.441,10,sem_arma,sem_arma,0.0,0.4903878837770927,1.9861414274921778,0.05695965349468812,1.3547082085522615,0.33178933036996244,1.2557001142206234,0.4916509892280607,0.40128031225540156,0.3484552480703633,0.4969515993407968,0.4735869442368735,73.45283,34.3034,2.1421038,2.37436,1.0,0.0,1.0,0.0,0.0,0.0,0.0,0.0,0.0,0.0,0.0,0.0,0.0,0.0,0.0,0.0,0.0,0,0,0.0,0,0,0,0,0.0,0,0,0
3,79,790.436,799.863,10,sem_arma,sem_arma,0.0,0.19419577556994744,1.025535578225408,-0.18028858877720558,0.5164093372941203,0.35168873714166127,1.5895280307938027,0.6204200324078278,0.4259820844239311,0.4368183195514052,0.15947710249032251,0.432513496085396,92.87056,26.6267,0.90058,1.15842,1.0,0.0,1.0,0.0,0.0,0.0,0.0,0.0,0.0,0.0,0.0,0.0,0.0,0.0,0.0,0.0,0.0,0,0,0.0,0,0,0,0,0.0,0,0,0
3,80,800.866,809.881,10,sem_arma,sem_arma,0.0,0.0,0.0,0.0,0.0,0.0,0.0,0.0,0.0,0.2173182392232631,0.307272581374407,0.478345434764741,146.9964,146.902,1.159077,1.16056,1.0,0.0,1.0,0.0,0.0,0.0,0.0,0.0,0.0,0.0,0.0,0.0,0.0,0.0,0.0,0.0,0.0,0,0,0.0,0,0,0,0,0.0,0,0,0
3,81,810.884,819.139,9,sem_arma,sem_arma,0.0,0.7948337114511937,1.5797339562917592,0.05181582757619098,1.513155130547662,0.46638587263159603,2.0858960789891516,0.6938138218099552,0.5439378022560981,0.5366226478641339,0.39171618941396713,0.4525424694073942,79.97354444444444,13.1214,1.4662724444444446,2.54605,1.0,0.0,1.0,0.0,0.0,0.0,0.0,0.0,0.0,0.0,0.0,0.0,0.0,0.0,0.0,0.0,0.0,0,0,0.0,0,0,0,0,0.0,0,0,0
3,82,820.15,829.213,10,sem_arma,sem_arma,0.0,0.0,0.0,-0.052686177228464116,0.0,2.0934331265620414e-08,2.165819553488902e-08,5.893600429708659e-10,0.06310270529004344,0.10881570992945724,0.22698113728068656,0.38307504545657867,18.24064,13.3732,2.351041,2.54934,1.0,0.0,1.0,0.0,0.0,0.0,0.0,0.0,0.0,0.0,0.0,0.0,0.0,0.0,0.0,0.0,0.0,0,0,0.0,0,0,0,0,0.0,0,0,0
3,83,830.214,839.239,10,sem_arma,sem_arma,0.0,0.0,0.0,0.0,0.0,2.1019196932748993e-08,2.1136834759726197e-08,9.901439157298034e-11,1.423324688482279e-10,1.260857724585685e-10,0.48631212141479885,2.5360399814870213e-10,16.8151,13.9933,2.054261,2.0612,1.0,0.0,1.0,0.0,0.0,0.0,0.0,0.0,0.0,0.0,0.0,0.0,0.0,0.0,0.0,0.0,0.0,0,0,0.0,0,0,0,0,0.0,0,0,0
3,84,840.241,849.245,10,sem_arma,sem_arma,0.0,0.0,0.0,0.0,0.0,2.106094874078816e-08,2.1179320859745747e-08,6.141966827505647e-11,8.003829777244664e-11,7.167239689200997e-11,0.0,8.213772053083144e-11,29.46071,14.9563,2.366046,2.91805,1.0,0.0,1.0,0.0,0.0,0.0,0.0,0.0,0.0,0.0,0.0,0.0,0.0,0.0,0.0,0.0,0.0,0,0,0.0,0,0,0,0,0.0,0,0,0
3,85,850.25,859.307,10,sem_arma,sem_arma,0.0,0.0,0.0,0.0,0.0,2.0948412637735224e-08,2.1179320859745747e-08,3.293903746690247e-10,2.756702952452911e-10,1.5233592677790166e-10,0.0,1.2066020835742442e-10,33.81725,31.6987,2.5933699999999997,3.08137,1.0,0.0,1.0,0.0,0.0,0.0,0.0,0.0,0.0,0.0,0.0,0.0,0.0,0.0,0.0,0.0,0.0,0,0,0.0,0,0,0,0,0.0,0,0,0
3,86,860.309,869.433,10,sem_arma,sem_arma,0.0,0.0,0.0,0.0,0.0,2.0833417480135166e-08,2.1136834759726197e-08,6.867767749335218e-10,4.780981269837138e-10,3.5762588101989533e-10,0.0,3.973996242219202e-10,31.823520000000002,31.6937,2.388843,2.39552,1.0,0.0,1.0,0.0,0.0,0.0,0.0,0.0,0.0,0.0,0.0,0.0,0.0,0.0,0.0,0.0,0.0,0,0,0.0,0,0,0,0,0.0,0,0,0
3,87,870.5,879.697,10,sem_arma,sem_arma,0.0,0.0,0.0,0.0,0.0,2.057012277986239e-08,2.1158056481372508e-08,9.041270360293141e-10,9.628383871553848e-10,9.521774774810432e-10,0.0,8.989133622622087e-10,32.66134,32.3947,2.390763,2.47406,1.0,0.0,1.0,0.0,0.0,0.0,0.0,0.0,0.0,0.0,0.0,0.0,0.0,0.0,0.0,0.0,0.0,0,0,0.0,0,0,0,0,0.0,0,0,0
3,88,880.693,889.704,10,sem_arma,sem_arma,0.0,0.0,0.0,0.0,0.0,2.105887236445073e-08,2.1158056481372508e-08,6.648365510321955e-11,8.198813889808841e-11,6.682900334930929e-11,0.0,3.867635317222524e-10,32.6462,32.6145,2.3637249999999996,2.36692,1.0,0.0,1.0,0.0,0.0,0.0,0.0,0.0,0.0,0.0,0.0,0.0,0.0,0.0,0.0,0.0,0.0,0,0,0.0,0,0,0,0,0.0,0,0,0
3,89,890.706,899.801,10,M16A2,sem_arma;M16A2,0.6,0.0,0.0,0.0,0.0,2.0883474864977133e-08,2.1094518774221237e-08,5.214716633635582e-10,2.151705675485995e-10,1.1886138017073909e-10,0.0,9.767194494378651e-11,33.09952,32.0819,2.464911,2.58938,1.0,0.0,1.0,0.0,0.0,0.0,0.0,0.0,0.0,0.0,0.0,0.0,0.0,0.0,0.0,0.0,0.0,0,0,0.0,0,0,0,0,0.0,0,0,0
3,90,900.882,909.843,10,M16A2,M16A2;sem_arma;M14,0.9,0.03152819204125637,0.3152819204125637,0.031433890370145934,0.31433890370145934,0.03383028843800985,0.33830269536156726,0.10698069895022909,0.03383026783759701,0.015129356127077859,0.09999999995,0.01069807061021911,32.47777,23.1269,2.526634,2.67402,1.0,0.0,1.0,0.0,0.0,0.0,0.0,0.0,0.0,0.0,0.0,0.0,0.0,0.0,0.0,0.0,0.0,0,0,0.0,0,0,0,0,0.0,0,0,0
3,91,910.848,919.854,10,M14,M14,1.0,0.11981686148472714,1.1981686148472714,-0.032327971333912575,0.8784942233181173,0.025657445076889017,0.2565744507688902,0.0811359653836433,0.033830269536156726,0.07765695149288865,0.8946056828924511,0.12230735446268826,55.590689999999995,55.5736,1.597025,1.60382,1.0,0.0,1.0,0.0,0.0,0.0,0.0,0.0,0.0,0.0,0.0,0.0,0.0,0.0,0.0,0.0,0.0,0,0,0.0,0,0,0,0,0.0,0,0,0
3,92,920.855,929.978,10,M14,M14,1.0,0.5484495837966871,1.980602642167126,0.059898524701146316,1.8973665961268047,0.5845092062038839,1.4765795938426272,0.5633875753043452,0.46721064406051005,0.3312390072127416,0.6041191156274922,0.2972377982815758,48.13176,29.8965,2.2622109999999997,3.39179,1.0,0.0,1.0,0.0,0.0,0.0,0.0,0.0,0.0,0.0,0.0,0.0,0.0,0.0,0.0,0.0,0.0,0,0,0.0,0,0,0,0,0.0,0,0,0
3,93,931.03,939.329,9,M14,M14,1.0,0.9179589018183917,1.6779834835643712,-0.02213144942642325,0.9867608485960971,0.7646713090419011,2.5748890771635127,0.7303686129900228,0.7637210278943252,0.6615315081126039,0.25693480123072987,0.657167671971484,45.04452222222223,28.9503,2.499195555555555,4.31028,1.0,0.0,1.0,0.0,0.0,0.0,0.0,0.0,0.0,0.0,0.0,0.0,0.0,0.0,0.0,0.0,0.0,0,0,0.0,0,0,0,0,0.0,0,0,0
3,94,940.326,949.943,10,M14,M14;sem_arma,0.6,0.4111153285734576,1.9933555655484128,-0.05190515131364305,1.1911985115498382,0.12937221663539683,0.7895201921840482,0.24727707665664947,0.18698273555390507,0.19696633663788587,0.1650446412122716,0.4297533808583653,15.91665,14.7127,6.215089000000001,7.76679,1.0,0.0,0.4,0.0,0.0,0.0,0.0,0.0,0.0,0.0,0.0,0.0,0.0,0.0,0.0,0.0,0.0,0,0,0.0,0,0,0,0,0.0,0,0,0
3,95,950.947,958.954,9,M14,M14,1.0,0.7380658027238369,2.2090724975868854,-1.5849858319347573e-05,1.2030782601843835,0.24403501676211636,1.3266299096857157,0.4244160813650228,0.3407176977154997,0.35091857259693426,0.29164332042018337,0.3017040889093212,16.910112222222224,9.21751,5.903373333333333,8.94162,1.0,0.0,1.0,0.0,0.0,0.0,0.0,0.0,0.0,0.0,0.0,0.0,0.0,0.0,0.0,0.0,0.0,0,0,0.0,0,0,0,0,0.0,0,0,0
3,96,961.466,969.485,9,M14,M14,1.0,2.136717870303745,3.759366512072931,0.06364949927754823,3.3618824973672377,0.8542204192620682,2.898797747626366,1.1372105028881565,1.0036310342747683,0.7398749534131177,0.3401793814082527,0.7232337375387607,37.18812,5.92526,5.439121111111111,11.3558,1.0,0.0,1.0,0.0,0.0,0.0,0.0,0.0,0.0,0.0,0.0,0.0,0.0,0.0,0.0,0.0,0.0,0,0,0.0,0,0,0,0,0.0,0,0,0
3,97,970.489,978.577,9,M14,M14,1.0,0.6692759153424483,2.3300566550421733,0.19710808970744215,2.127728662115076,0.5439234237650097,1.7586254564996384,0.5575747390170824,0.7746074558889723,0.7726467567920916,0.15676890219409653,0.9631168860755837,27.225512222222225,1.45037,8.589314444444446,11.5337,1.0,0.1111111111111111,0.8888888888888888,0.0,0.1111111111111111,0.0,0.0,0.0,0.0,0.0,0.0,0.0,0.0,0.0,0.0,0.0,0.0,0,0,0.0,0,0,0,0,0.0,0,0,0
3,98,980.215,989.808,10,M14,M14,1.0,2.2333197613858933,9.051149253305914,-0.12080755199044826,7.026655220452095,0.5470353300842463,1.9173949033484752,0.6614985078883021,0.8349395093579941,0.701914960004781,0.2714134179607486,0.631131718884837,38.15557,12.5742,9.917705999999999,15.6255,1.0,0.0,0.3,0.0,0.0,0.0,0.0,0.0,0.0,0.0,0.0,0.0,0.0,0.0,0.0,0.0,0.0,0,0,0.0,0,0,0,0,0.0,0,0,0
3,99,990.812,999.788,8,M14,M14,1.0,1.5474152803932304,5.4405882042393845,0.6231574047191824,4.32694566920736,0.9654754346662536,2.8301278835891903,0.977840975995912,0.8548915299384765,0.8662830453968506,0.5540445417313765,0.7838795668498936,51.054663749999996,7.25301,7.20210375,13.8317,1.0,0.0,0.625,0.0,0.0,0.0,0.0,0.0,0.0,0.0,0.0,0.0,0.0,0.0,0.0,0.0,0.0,0,0,0.0,0,0,0,0,0.0,0,0,0
3,100,1000.915,1009.644,9,M14,M14,1.0,3.965465417759073,6.673080248281057,-0.4176402369850347,2.0293105510746225,0.5377829487587505,1.6819542504893032,0.5601074920727364,0.7675867997063515,0.631235847728449,0.5555162404137509,0.7931086240684664,120.59445555555557,70.8347,20.064844444444443,36.7699,1.0,0.0,0.0,0.0,0.0,0.0,0.0,0.0,0.0,0.0,0.0,0.0,0.0,0.0,0.0,0.0,0.0,0,0,0.0,0,0,0,0,0.0,0,0,0
3,101,1010.639,1019.23,9,M14,M14,1.0,2.4477847738813745,8.207789203178187,-0.13226687302524232,5.523073819393742,1.1789431346191843,3.142691258566067,1.1951869816346927,1.1211123450379947,1.0388307324092205,0.4014981421406896,1.0070385853943342,26.766438888888885,1.56898,23.42736888888889,38.3968,1.0,0.1111111111111111,0.1111111111111111,0.1111111111111111,0.0,0.0,0.0,0.0,0.0,0.0,0.0,0.0,0.0,0.0,0.0,0.0,0.0,0,0,0.0,0,0,0,0,0.0,0,0,0
3,102,1020.232,1029.246,10,M14,M14,1.0,0.36786985925940596,2.338398106581012,-0.16905883954761447,0.6388187707080023,0.19440828388479345,1.1682083630370113,0.4201515405676551,0.21817585796064418,0.49150900588725993,0.19163919036252225,0.9136357697611057,46.2875,42.0597,32.43593,33.0005,1.0,0.0,0.0,0.0,0.0,0.0,0.0,0.0,0.0,0.0,0.0,0.0,0.0,0.0,0.0,0.0,0.0,0,0,0.0,0,0,0,0,0.0,0,0,0
3,103,1030.248,1039.259,10,M14,M14,1.0,0.6482413991807355,1.7805182911416726,0.030925230187295226,0.8999999999996362,0.7112209205746699,2.280244176917274,0.8952881289890541,0.949743151184405,0.81347101992211,0.31413617662955595,0.708019547870517,33.68969,14.1335,20.642304000000003,34.1022,1.0,0.0,0.4,0.0,0.0,0.0,0.0,0.0,0.0,0.0,0.0,0.0,0.0,0.0,0.0,0.0,0.0,0,0,0.0,0,0,0,0,0.0,0,0,0
3,104,1040.265,1049.275,10,M14,M14,1.0,0.0,0.0,-0.03162391506256852,0.0,1.4877467772806214e-08,1.4945999191421922e-08,4.271338455043716e-11,0.07013636455303926,0.25172544815675424,0.2500317200747052,0.5807231337241614,44.76805,44.7529,2.2803080000000002,2.28109,1.0,0.0,1.0,0.0,0.0,0.0,0.0,0.0,0.0,0.0,0.0,0.0,0.0,0.0,0.0,0.0,0.0,0,0,0.0,0,0,0,0,0.0,0,0,0
3,105,1050.273,1059.283,10,M14,M14,1.0,0.0,0.0,0.0,0.0,1.4889320648296947e-08,1.4945999191421922e-08,3.426013855308566e-11,4.764246833427846e-11,3.764697265726336e-11,0.5851748090184818,3.4999795326340937e-11,44.75489,44.7387,2.280944,2.28176,1.0,0.0,1.0,0.0,0.0,0.0,0.0,0.0,0.0,0.0,0.0,0.0,0.0,0.0,0.0,0.0,0.0,0,0,0.0,0,0,0,0,0.0,0,0,0
3,106,1060.286,1069.298,10,M14,M14,1.0,0.03162277660156875,0.31622776601568753,0.00018860502943281453,0.31622776601568753,0.012676368453930695,0.12676366968271552,0.04008619155385435,0.025352732453852313,0.028345216588371684,0.9,0.03607757051833414,47.04807,44.775,2.316003,2.32674,1.0,0.0,1.0,0.0,0.0,0.0,0.0,0.0,0.0,0.0,0.0,0.0,0.0,0.0,0.0,0.0,0.0,0,0,0.0,0,0,0,0,0.0,0,0,0
3,107,1070.302,1079.31,10,M14,M14,1.0,0.05801942183921949,0.5801942183921949,-0.0002886538399961114,0.5773076799922338,0.043717161394636356,0.3878410082383267,0.12190262704616005,0.07756820164766534,0.08726511787633477,0.9584677395812046,0.06651990345459718,48.0685,46.5368,2.246524,2.32069,1.0,0.0,1.0,0.0,0.0,0.0,0.0,0.0,0.0,0.0,0.0,0.0,0.0,0.0,0.0,0.0,0.0,0,0,0.0,0,0,0,0,0.0,0,0,0
3,108,1080.309,1089.319,10,M14,M14,1.0,0.0,0.0,0.0,0.0,0.0,0.0,0.0,0.0,0.0,0.9916935479162406,0.06102566037895644,49.01413,48.9916,2.173304,2.17477,1.0,0.0,1.0,0.0,0.0,0.0,0.0,0.0,0.0,0.0,0.0,0.0,0.0,0.0,0.0,0.0,0.0,0,0,0.0,0,0,0,0,0.0,0,0,0
3,109,1090.321,1099.33,10,M14,M14,1.0,0.06324555321133081,0.6324555321133081,-0.00012674459561389239,0.6324555321133081,0.017673217125608782,0.1767320449831641,0.05588757533183589,0.03534640691865477,0.03951848429486309,0.9988077626891598,0.03912130428463848,49.82222,48.9824,2.252173,2.28752,1.0,0.0,1.0,0.0,0.0,0.0,0.0,0.0,0.0,0.0,0.0,0.0,0.0,0.0,0.0,0.0,0.0,0,0,0.0,0,0,0,0,0.0,0,0,0
3,110,1100.327,1109.346,10,M14,M14,1.0,0.1020379597767043,1.020379597767043,-0.0006049520009448583,1.0112780949128275,0.03231394106993779,0.32313926328882553,0.10218560216267364,0.06462785063023878,0.04335367947179704,0.9987862931430312,0.04742195261123948,50.1271,49.9846,2.396735,2.65954,1.0,0.0,1.0,0.0,0.0,0.0,0.0,0.0,0.0,0.0,0.0,0.0,0.0,0.0,0.0,0.0,0.0,0,0,0.0,0,0,0,0,0.0,0,0,0
3,111,1110.35,1119.359,10,M14,M14,1.0,0.3083744041859126,2.4162610634268153,0.06737695196986604,2.413847216210605,0.11463284943340295,1.0007115695660573,0.3134061111114884,0.18874344255489844,0.11811396068527324,0.8872640179098378,0.13542051632455646,47.118579999999994,22.4724,2.574833,4.05277,1.0,0.0,1.0,0.0,0.0,0.0,0.0,0.0,0.0,0.0,0.0,0.0,0.0,0.0,0.0,0.0,0.0,0,0,0.0,0,0,0,0,0.0,0,0,0
3,112,1120.357,1129.371,10,M14,M14,1.0,0.0,0.0,-0.06688206196716544,0.0,0.0,0.0,0.0,0.011398871358313026,0.13560848010330714,0.6286340431597633,0.25443837244422063,41.03931,39.8834,2.471123,2.57235,1.0,0.0,1.0,0.0,0.0,0.0,0.0,0.0,0.0,0.0,0.0,0.0,0.0,0.0,0.0,0.0,0.0,0,0,0.0,0,0,0,0,0.0,0,0,0
3,113,1130.372,1139.379,10,M14,M14,1.0,0.03159118541621007,0.31591185416210066,0.03155962579041965,0.3155962579041965,0.051887656793744366,0.5188765679374436,0.16408317791734184,0.051887656793744366,0.023204865556798238,0.9768253027432395,0.016408317791734184,39.67907,37.9802,2.599432,2.83146,1.0,0.0,0.9,0.0,0.0,0.0,0.0,0.0,0.0,0.0,0.0,0.0,0.0,0.0,0.0,0.0,0.0,0,0,0.0,0,0,0,0,0.0,0,0,0
3,114,1140.382,1149.506,10,M14,M14,1.0,0.0,0.0,-0.03149669533021941,0.0,0.0,0.0,0.0,0.051887656793744366,0.09281946222719295,1.0,0.14767486012560765,38.04267,38.0058,2.827769,2.83025,1.0,0.0,0.0,0.0,0.0,0.0,0.0,0.0,0.0,0.0,0.0,0.0,0.0,0.0,0.0,0.0,0.0,0,0,0.0,0,0,0,0,0.0,0,0,0
3,115,1150.506,1159.531,10,M14,M14,1.0,0.1555528526679267,1.555528526679267,0.0010856239530558254,1.5586458183158989,0.01895736262382257,0.18957362623822568,0.05994844432102512,0.03791472524764514,0.03391196120078483,0.908707352557574,0.023979377728410047,44.92099,37.9864,2.6606449999999997,2.83052,1.0,0.0,0.4,0.0,0.0,0.0,0.0,0.0,0.0,0.0,0.0,0.0,0.0,0.0,0.0,0.0,0.0,0,0,0.0,0,0,0,0,0.0,0,0,0
3,116,1160.533,1169.711,10,M14,M14,1.0,0.405297417264992,2.4635658513912726,0.05004079986104486,2.451309304866938,0.39104000701459585,1.5297966059319092,0.557813991668843,0.27271174984366625,0.27150596559454404,0.7524869957755682,0.25010530451190477,49.43593,34.8585,2.933689,3.66095,1.0,0.0,1.0,0.0,0.0,0.0,0.0,0.0,0.0,0.0,0.0,0.0,0.0,0.0,0.0,0.0,0.0,0,0,0.0,0,0,0,0,0.0,0,0,0
3,117,1170.707,1179.1,9,M14,M14,1.0,0.03527752856049339,0.3174977570444405,-0.05656611868177483,0.0,0.0020667786567072433,0.01860100791036519,0.006200335970121729,0.08892792480712547,0.19549924312966455,0.24262427200628464,0.4755228729049024,34.18534444444444,30.8509,2.980982222222222,3.56024,1.0,0.0,0.8888888888888888,0.0,0.0,0.0,0.0,0.0,0.0,0.0,0.0,0.0,0.0,0.0,0.0,0.0,0.0,0,0,0.0,0,0,0,0,0.0,0,0,0
3,118,1180.403,1189.489,10,M14,M14,1.0,0.0,0.0,0.0,0.0,0.0,0.0,0.0,0.0,0.0,0.46169157721023646,0.0005882203514617245,26.19418,16.7144,2.593636,3.42561,1.0,0.0,1.0,0.0,0.0,0.0,0.0,0.0,0.0,0.0,0.0,0.0,0.0,0.0,0.0,0.0,0.0,0,0,0.0,0,0,0,0,0.0,0,0,0
3,119,1190.498,1199.62,10,M14,M14,1.0,0.2970684541495029,1.6516572088811736,-0.0011172966822287854,0.9968200386534185,0.13021716823037263,0.7687739330460727,0.25969117123634067,0.15375478660921454,0.1049327396606464,0.3584305593114191,0.07990615093170324,28.690278999999997,7.52079,7.994817,34.0445,1.0,0.0,0.8,0.0,0.0,0.0,0.0,0.0,0.0,0.0,0.0,0.0,0.0,0.0,0.0,0.0,0.0,0,0,0.0,0,0,0,0,0.0,0,0,0
3,120,1200.624,1209.632,10,M14,M14,1.0,0.07280109889284515,0.7280109889284515,0.00014531157463641974,0.7280109889284515,0.014365813910646726,0.1436579706866518,0.04542863322308365,0.028731592088892904,0.10317635268545704,0.48732021324513763,0.2022036677655314,13.729579999999999,13.032,34.201010000000004,34.2184,1.0,0.0,0.0,0.0,0.0,0.0,0.0,0.0,0.0,0.0,0.0,0.0,0.0,0.0,0.0,0.0,0.0,0,0,0.0,0,0,0,0,0.0,0,0,0
3,121,1210.633,1219.642,10,M14,M14,1.0,0.0,0.0,0.0,0.0,2.1053059390796556e-08,2.1264807523155418e-08,1.2666786298408561e-10,1.5959904773737534e-10,1.1119649252886512e-10,0.553025260026,0.0045428633308332005,13.032,13.032,34.2184,34.2184,1.0,0.0,0.0,0.0,0.0,0.0,0.0,0.0,0.0,0.0,0.0,0.0,0.0,0.0,0.0,0.0,0.0,0,0,0.0,0,0,0,0,0.0,0,0,0
3,122,1220.643,1229.852,10,M14,M14,1.0,0.13152855191278437,0.7064003808771528,-8.033075416727931e-05,0.705694686190962,0.024346187000872724,0.1971812572210165,0.062445475692261485,0.03943630604808956,0.04504499420077852,0.1437923277511291,0.06243635140966507,1.6959319999999998,1.65682,34.37674,34.8793,1.0,1.0,0.0,1.0,0.0,0.0,9.209,0.0,0.0,0.0,0.0,0.0,0.0,0.0,0.0,0.0,0.0,0,0,0.0,0,0,0,0,0.0,0,0,0
3,123,1230.852,1239.876,10,M14,M14,1.0,0.18543790204248198,0.9074354781328046,-0.0011282839324188386,0.8931451556425242,0.02249601537190952,0.09642868391081257,0.037265379135675146,0.03534911612456698,0.026368999595732724,0.180358281817111,0.02554309612154353,6.233924,1.65682,34.63984,35.3435,1.0,0.4,0.0,0.4,0.0,0.0,12.23,0.0,0.0,0.0,0.0,0.0,0.0,0.0,0.0,0.0,0.0,0,0,0.0,0,0,0,0,0.0,0,0,0
3,124,1240.878,1249.889,10,M14,M14,1.0,0.18320039001152133,1.3315033996147128,-9.994739089488335e-05,1.328845708198316,0.14635164086544705,1.1437772217600992,0.3540444568689709,0.25132130323741714,0.2371015620402294,0.43838504464300065,0.1712525588538262,22.293478,1.32928,21.045397,34.1473,1.0,0.5,0.4,0.5,0.0,0.0,4.003,0.0,0.0,0.0,0.0,0.0,0.0,0.0,0.0,0.0,0.0,0,0,0.0,0,0,0,0,0.0,0,0,0
3,125,1250.891,1259.901,10,M14,M14,1.0,0.24008659953343967,0.998003992065505,-0.000131146365796031,0.9960119681292465,0.09954453838140616,0.4722119730731606,0.17038064497686994,0.08402293216930119,0.1603550026457254,0.6724347099656087,0.28280954958888255,36.47382,28.6921,2.8845660000000004,3.78981,1.0,0.0,0.8,0.0,0.0,0.0,0.0,0.0,0.0,0.0,0.0,0.0,0.0,0.0,0.0,0.0,0.0,0,0,0.0,0,0,0,0,0.0,0,0,0
3,126,1260.904,1269.915,10,M16A2,M14;M16A2,1.0,0.7870309759564075,2.314852994957909,0.0013547556287961005,1.9163099245293715,0.6799665702893484,3.0378245902054672,1.1929924815106372,1.1475679914758135,1.0585484375846235,0.4597814475054475,0.8939244832936382,25.035139,8.15509,5.574934000000001,11.5927,1.0,0.0,0.8,0.0,0.0,0.0,0.0,0.0,0.0,0.0,0.0,0.0,0.0,0.0,0.0,0.0,0.0,0,0,0.0,0,0,0,0,0.0,0,0,0
3,127,1270.912,1279.928,10,M16A2,M16A2,1.0,0.0,0.0,0.0,0.0,0.0,0.0,0.0,0.0,0.01596878064908785,0.23950166731425987,0.5353974373955238,14.62351,14.5167,3.6917859999999996,3.6949,1.0,0.0,1.0,0.0,0.0,0.0,0.0,0.0,0.0,0.0,0.0,0.0,0.0,0.0,0.0,0.0,0.0,0,0,0.0,0,0,0,0,0.0,0,0,0
3,128,1280.924,1287.935,8,M16A2,M16A2,1.0,0.0,0.0,0.0,0.0,0.0,0.0,0.0,0.0,0.0,0.28110033435003823,0.0,14.6192875,14.5164,3.69202625,3.6949,1.0,0.0,1.0,0.0,0.0,0.0,0.0,0.0,0.0,0.0,0.0,0.0,0.0,0.0,0.0,0.0,0.0,0,0,0.0,0,0,0,0,0.0,0,0,0
3,129,1290.552,1299.532,10,M16A2,M16A2,1.0,21.875468147456385,218.75468147456385,-15.574785907961754,83.58986682253109,0.0,0.0,0.0,0.0,0.0,0.9999994864963636,0.0,66.04542000000001,65.9547,553.2203000000001,574.227,1.0,0.0,0.0,0.0,0.0,0.0,0.0,0.0,0.0,0.0,0.0,0.0,0.0,0.0,0.0,0.0,0.0,0,0,0.0,0,0,0,0,0.0,0,0,0
3,130,1300.531,1309.776,10,M16A2,M16A2,1.0,0.0,0.0,0.0,0.0,0.0,0.0,0.0,0.0,0.0,0.9999994864963636,0.0,66.0647,66.0647,540.301,540.301,1.0,0.0,0.0,0.0,0.0,0.0,0.0,0.0,0.0,0.0,0.0,0.0,0.0,0.0,0.0,0.0,0.0,0,0,0.0,0,0,0,0,0.0,0,0,0
3,131,1310.78,1319.228,9,M16A2,M16A2,1.0,0.0,0.0,0.0,0.0,0.0,0.0,0.0,0.0,0.0,0.0,0.0,54.71615555555556,31.9756,487.07066666666674,540.301,1.0,0.0,0.0,0.0,0.0,0.0,0.0,0.0,0.0,0.0,0.0,0.0,0.0,0.0,0.0,0.0,0.0,0,0,0.0,0,0,0,0,0.0,0,0,0
3,132,1320.227,1329.242,10,M16A2,M16A2,1.0,0.3127466067794485,2.747085684122139,-0.001110444746834255,2.72798975583132,0.18945129359628712,0.5890345126370649,0.2368776393639681,0.16362312619539632,0.16314392036293654,0.4997493993932928,0.13808741661480187,16.225275,2.20567,436.17300000000006,540.301,1.0,0.1,0.0,0.1,0.0,0.0,0.0,0.0,0.0,0.1,0.0,0.0,0.0,0.0,0.0,0.0,0.0,0,0,0.0,0,0,0,0,0.0,0,0,0
3,133,1330.243,1339.5,10,M16A2,M16A2,1.0,0.0,0.0,0.0,0.0,0.0,0.0,0.0,0.05890345126370648,0.10418848575381497,0.9993735025668649,0.18840959416467085,15.50325,12.515,320.422,341.705,1.0,0.0,0.0,0.0,0.0,0.0,0.0,0.0,0.0,0.0,0.0,0.0,0.0,0.0,0.0,0.0,0.0,0,0,0.0,0,0,0,0,0.0,0,0,0
3,134,1340.5,1349.507,10,M16A2,M16A2,1.0,0.0,0.0,0.0,0.0,0.0,0.0,0.0,0.0,0.0,0.5996867504177815,0.0,8.418557,4.99936,268.2209,292.753,1.0,0.1,0.4,0.1,0.0,0.0,0.0,0.0,0.0,0.0,0.0,0.0,0.0,0.0,0.0,0.0,0.0,0,0,0.0,0,0,0,0,0.0,0,0,0
3,135,1350.511,1359.521,10,M16A2,M16A2,1.0,0.0,0.0,0.0,0.0,0.0,0.0,0.0,0.0,0.0,0.0,0.0,2.879269,2.50655,221.1886,236.767,1.0,1.0,0.0,1.0,0.0,0.0,10.014,0.0,0.0,0.0,0.0,0.0,0.0,0.0,0.0,0.0,0.0,0,0,0.0,0,0,0,0,0.0,0,0,0
3,136,1360.518,1369.11,8,M16A2,M16A2;M14,1.0,2.4400971375736993,5.549770503974918,-0.3068063659126679,3.8594048813156268,0.08323511940833932,0.19332315189556065,0.09403809646752616,0.07262595312859864,0.05643779323654183,0.7344804489319424,0.04799938125513161,8.6630725,1.47989,197.43675,214.249,1.0,0.5,0.125,0.375,0.0,0.0,13.017999999999999,0.0,0.0,0.0,0.0,0.0,0.0,0.0,0.0,0.0,0.0,0,0,0.0,0,0,0,0,0.0,0,0,0
3,137,1370.127,1379.138,10,M14,M14,1.0,2.2846285724439626,6.751768780126791,0.66503154906164,4.065676448036184,0.24471677808083045,1.8838070073458826,0.5853672411139239,0.3756652542293734,0.35431859144834676,0.7881154275831374,0.28856286319931285,56.31698,9.2917,182.5876,196.378,1.0,0.0,0.0,0.0,0.0,0.0,0.0,0.0,0.0,0.0,0.0,0.0,0.0,0.0,0.0,0.0,0.0,0,0,0.0,0,0,0,0,0.0,0,0,0
3,138,1380.454,1389.532,10,M14,M14,1.0,6.65447898678462,9.492346658907858,0.04470787746047662,5.6211908828108825,0.22732225923689295,0.8361827411418452,0.28527880490503693,0.23984906717187432,0.293795994191212,0.6743983994287677,0.4560729340820992,134.6145,95.74,222.948,243.453,1.0,0.0,0.3,0.0,0.0,0.0,0.0,0.0,0.0,0.0,0.0,0.0,0.0,0.0,0.0,0.0,0.0,0,0,0.0,0,0,0,0,0.0,0,0,0
3,139,1390.371,1399.381,10,M14,M14,1.0,3.991820774875106,8.403867856545657,-0.42768859495677763,3.830139554494267,0.6672584466801942,1.5530575070342285,0.5198499622328193,0.4825635469330134,0.4753705392427926,0.9611521647684921,0.5282796471557721,100.750864,8.78394,266.76,284.011,1.0,0.0,0.2,0.0,0.0,0.0,0.0,0.0,0.0,0.0,0.0,0.0,0.0,0.0,0.0,0.0,0.0,0,0,0.0,0,0,0,0,0.0,0,0,0
3,140,1400.382,1409.506,10,M14,M14,1.0,3.3822028282929373,5.788038387379068,0.49443646107168754,3.869656124842193,0.5589628074978401,2.785493496345662,0.8092078970494665,0.716692841633079,0.6805469283262313,0.9011207325261734,0.5720388191590602,91.830678,8.71848,329.84139999999996,668.512,1.0,0.0,0.0,0.0,0.0,0.0,0.0,0.0,0.0,0.0,0.0,0.0,0.0,0.0,0.0,0.0,0.0,0,0,0.0,0,0,0,0,0.0,0,0,0
3,141,1410.493,1419.663,10,M14,M14,1.0,6.0055788493712425,7.736268070255699,0.0018952557186893149,3.6760979695267926,0.2362650419004368,0.5312957592488966,0.2010852139041097,0.22682421800103536,0.20722819503007628,0.9459183220756116,0.5048527991115555,142.6214,114.197,448.24889999999994,701.914,1.0,0.0,0.0,0.0,0.0,0.0,0.0,0.0,0.0,0.0,0.0,0.0,0.0,0.0,0.0,0.0,0.0,0,0,0.0,0,0,0,0,0.0,0,0,0
3,142,1420.555,1429.06,9,M14,M14,1.0,3.3835196300156487,8.020546429050324,-0.5041212227552222,2.5632383783169637,0.31380307429410736,1.345239392893532,0.4462727717716518,0.414009225040747,0.411985842284209,0.9514184316213284,0.4018928846008849,23.39467,1.03647,399.8586666666667,405.672,1.0,0.5555555555555556,0.0,0.5555555555555556,0.1111111111111111,0.1111111111111111,2.003,0.0,0.0,0.5555555555555556,0.1111111111111111,2.003,0.0,0.1111111111111111,0.0,0.0,0.0,0,0,0.0,0,0,0,0,0.0,0,0,0
3,143,1430.061,1439.312,10,M16A2,M14;M16A2,1.0,1.7625484533445708,4.038930276431685,-0.033707272526232644,3.8994828819127867,0.36798474024023864,1.2097657483082873,0.4407316659421882,0.48045253404399746,0.4103583185205807,0.6794276962579892,0.4316331617999619,34.854959,2.45599,564.9153,748.063,1.0,0.1,0.0,0.1,0.0,0.0,0.0,0.0,0.0,0.1,0.0,0.0,0.0,0.0,0.0,0.0,0.0,0,0,0.0,0,0,0,0,0.0,0,0,0
3,144,1440.32,1449.324,10,M16A2,M16A2,1.0,0.0,0.0,0.0,0.0,0.0,0.0,0.0,0.0,0.0,0.6010763794219669,0.14100473809165298,17.8078,17.8078,748.063,748.063,1.0,0.0,0.0,0.0,0.0,0.0,0.0,0.0,0.0,0.0,0.0,0.0,0.0,0.0,0.0,0.0,0.0,0,0,0.0,0,0,0,0,0.0,0,0,0
3,145,1450.326,1459.772,10,Scout_Livonia,M16A2;Scout_Livonia,1.0,1.4173683897811256,4.722732594253889,0.32343725867346756,3.244194141175116,0.164297592378399,0.565678984913047,0.23737718795283944,0.12969877650600942,0.16041548533591177,0.7528660892318282,0.1363345524443484,11.056274,1.2557,495.75519999999995,748.063,1.0,0.5,0.0,0.5,0.0,0.0,3.4379999999999997,0.0,0.0,0.5,0.0,3.4379999999999997,0.0,0.0,0.0,0.0,0.0,0,0,0.0,1,1,0,1,0.16666666666666666,1,0,0
3,146,1460.775,1469.785,10,Scout_Livonia,Scout_Livonia,1.0,3.3625798930628745,6.700049090017256,-0.3093459386686855,4.139357364647973,0.29761190446581326,2.173239619353537,0.6992038722196751,0.44910109527159336,0.5125765731195857,0.8628518856622746,0.4608457436566965,82.21720239999999,0.322034,380.53319999999997,823.22,1.0,0.5,0.0,0.5,0.0,0.0,8.443,0.0,0.0,0.5,0.0,8.443,0.0,0.0,0.0,0.0,0.0,0,0,0.0,0,1,0,1,0.16666666666666666,1,0,0
3,147,1470.783,1479.796,10,sem_arma,Scout_Livonia;sem_arma,0.2,1.7254620440061597,7.328784808503315,0.044805006566584815,6.087673235705881,0.013371749327932966,0.11394933419902964,0.035661722065011066,0.02278986536750304,0.06091880656390232,0.9269503488752427,0.38588054136375816,164.2963,162.394,739.5199,839.206,1.0,0.0,0.0,0.0,0.0,0.0,0.0,0.0,0.0,0.0,0.0,0.0,0.0,0.0,0.0,0.0,0.0,0,0,0.0,0,1,0,1,0.16666666666666666,1,0,0
3,148,1480.8,1489.83,10,sem_arma,sem_arma,0.0,0.0,0.0,0.0,0.0,1.4851188598721873e-08,1.4991107840893013e-08,9.233335608262372e-11,1.2706633180488912e-10,2.437360747878682e-08,0.9841842203652591,0.007758914581238276,162.64870000000002,162.547,791.9244,839.207,1.0,0.0,0.0,0.0,0.0,0.0,0.0,0.0,0.0,0.0,0.0,0.0,0.0,0.0,0.0,0.0,0.0,0,0,0.0,0,1,0,1,0.16666666666666666,1,0,0
3,149,1490.83,1499.839,10,sem_arma,sem_arma,0.0,0.5628701986362541,5.480338018417507,0.5480041882752946,5.331974050472473,0.010535521066915817,0.08640443400807887,0.02731479370536322,0.008640441979080616,0.004590816244174431,0.6997537637112683,0.003330762949298259,162.39159999999998,158.886,839.7611999999999,844.658,1.0,0.0,0.0,0.0,0.0,0.0,0.0,0.0,0.0,0.0,0.0,0.0,0.0,0.0,0.0,0.0,0.0,0,0,0.0,0,1,0,1,0.16666666666666666,1,0,0
3,150,1500.847,1509.884,10,sem_arma,sem_arma,0.0,5.249267973180801,6.7678660801225545,-0.13135593693672676,1.8996334385302085,0.6461813647426572,1.9621742633653945,0.733698793957601,0.6656172381768188,0.6102811630464531,0.7916694946241593,0.6014667827762257,43.790729,0.30901,792.0139999999999,851.31,1.0,0.2,0.0,0.2,0.0,0.0,1.0,0.0,0.0,0.2,0.0,1.0,0.0,0.0,0.0,0.0,0.0,0,0,0.0,0,1,0,1,0.16666666666666666,1,0,0
3,151,1510.858,1518.98,9,sem_arma,sem_arma,0.0,3.389067569075584,4.131694154265995,-0.12598005410913593,0.02120524429280346,0.32988476089997687,1.389077298283781,0.5288254879168389,0.3530422056784184,0.4999632456033043,0.7460376922110318,0.6668199522596466,17.126913333333334,6.9271,483.09766666666667,839.705,1.0,0.0,0.0,0.0,0.0,0.0,0.0,0.0,0.0,0.0,0.0,0.0,0.0,0.0,0.0,0.0,0.0,0,0,0.0,0,1,0,1,0.16666666666666666,1,0,0
3,152,1520.018,1529.254,10,sem_arma,sem_arma;CZ61,0.2,2.0036764756179752,3.5320479819165516,-0.2604642665100835,1.1121492873876824,0.0024649361785509813,0.019005545373648892,0.006076090266126415,0.0038011090747297784,0.009640682018273488,0.7358606186131283,0.1266802196101762,8.127705,6.90527,419.5911,442.456,1.0,0.0,0.0,0.0,0.0,0.0,0.0,0.0,0.0,0.0,0.0,0.0,0.0,0.0,0.0,0.0,0.0,0,0,0.0,0,0,0,0,0.0,0,0,0
3,153,1530.256,1539.264,10,CZ61,CZ61,1.0,0.0,0.0,0.0,0.0,0.0,0.0,0.0,0.0,1.5488358883954765e-07,0.9278411084026402,0.0030315335891656424,12.76459,10.9353,473.0777,500.737,1.0,0.0,0.0,0.0,0.0,0.0,0.0,0.0,0.0,0.0,0.0,0.0,0.0,0.0,0.0,0.0,0.0,0,0,0.0,0,0,0,0,0.0,0,0,0
3,154,1540.268,1549.277,10,CZ61,CZ61;M14,1.0,4.228479948421382,6.7033457161601655,0.32803440199882494,3.3011500703357273,0.23136043819708219,0.8403571824442193,0.27805746997018777,0.24599919612531607,0.24691284570450275,0.8533042962974658,0.261418845299269,9.817676299999999,0.811083,644.7479000000001,863.979,1.0,0.1,0.0,0.1,0.1,0.1,0.0,0.0,0.0,0.1,0.1,0.0,0.0,0.1,0.1,0.0,0.0,0,0,0.0,0,0,0,0,0.0,0,0,0
3,155,1550.277,1559.141,9,M14,M14,1.0,3.2909798555352237,6.569012821579525,-0.2961513612230574,2.266442505115066,0.29121830033461127,0.6357033082279843,0.2585068566444348,0.19510645064166504,0.23024970978571835,0.9648508704056441,0.2550234520946156,14.34579311111111,0.14671,735.98,830.125,1.0,0.3333333333333333,0.0,0.3333333333333333,0.0,0.0,2.0069999999999997,0.0,0.0,0.3333333333333333,0.0,2.0069999999999997,0.0,0.0,0.0,0.0,0.0,0,0,0.0,0,0,0,0,0.0,0,0,0
3,156,1560.138,1568.892,7,CZ61,CZ61,1.0,1.1180643309757536,6.28608530075582,0.7791307465487095,5.947100568359338,0.08714716803770828,0.28905636604453755,0.1305823574045775,0.13299996991614066,0.09334823399421009,0.9285686438138011,0.19211436661460388,4.865497142857143,1.29785,662.9657142857143,820.204,1.0,0.7142857142857143,0.0,0.7142857142857143,0.42857142857142855,0.42857142857142855,4.102,2.067,0.0,0.7142857142857143,0.42857142857142855,4.102,2.067,0.42857142857142855,0.0,2.067,0.0,0,0,0.0,1,1,0,1,0.16666666666666666,1,0,0
3,157,1570.035,1579.51,10,M14,M14,1.0,6.1648988199248365,8.313636507381435,-0.27243960692606634,2.794492280606196,0.12871185924476272,0.6175450826927638,0.19933377780940706,0.24968824785162397,0.19816248802335576,0.9130937715360226,0.16099293864547856,23.724365,3.44265,778.1939,817.233,1.0,0.3,0.0,0.3,0.0,0.0,1.054,0.0,0.0,0.3,0.0,1.054,0.0,0.0,0.0,0.0,0.0,0,0,0.0,0,1,0,1,0.16666666666666666,1,0,0
3,158,1580.588,1589.503,10,M14,M14,1.0,3.469996256021575,4.8767899322047015,0.024142806945852403,2.8008836176775294,0.11789292250836733,1.0194552825433136,0.3185095983884482,0.21043203062302956,0.13489659711980667,0.9709977309887059,0.1903266733503798,43.050824999999996,8.26695,731.4648,776.525,1.0,0.0,0.0,0.0,0.0,0.0,0.0,0.0,0.0,0.0,0.0,0.0,0.0,0.0,0.0,0.0,0.0,0,0,0.0,0,1,0,1,0.16666666666666666,1,0,0
3,159,1590.5,1599.514,10,CZ61,M14;CZ61,1.0,2.082613850796059,5.675387291840932,-0.2996279785576831,2.983437285911366,0.08355998006604035,0.3399450997668112,0.13397829316997112,0.13071221643099623,0.21296080271407392,0.9402926597502738,0.2810994137979931,4.660109,1.43477,545.5698,761.303,1.0,0.6,0.0,0.6,0.5,0.5,5.003,4.004,0.0,0.6,0.5,5.003,4.004,0.5,0.0,4.004,0.0,1,1,0.0,3,4,1,2,0.6666666666666666,2,1,0
3,160,1600.514,1609.595,10,M14,CZ61;M14,1.0,4.8915139892557224,7.60070731793501,0.6832782804914771,2.6234133016952237,0.048731346988684775,0.21285162385184336,0.06931591898448652,0.06751185390218033,0.05072445602129183,0.8677066615353887,0.08052687102863837,3.4527302,0.266879,474.62789999999995,659.515,1.0,0.7,0.0,0.7,0.2,0.2,9.08,6.01,0.0,0.7,0.2,9.08,6.01,0.2,0.0,6.01,0.0,1,1,0.0,2,6,1,2,1.0,2,1,0
3,161,1610.601,1618.608,9,M14,M14,1.0,2.4116600670352617,5.099249349907865,-0.771194964334111,1.3054079821204867,0.015993441274811098,0.060734824277994016,0.02160418620131984,0.021170486100296943,0.02776208506801809,0.9793747995453574,0.0466433361186906,1.8766207777777777,0.161925,411.5226666666667,421.065,1.0,0.8888888888888888,0.0,0.8888888888888888,0.0,0.0,6.008,0.0,0.0,0.8888888888888888,0.0,6.008,0.0,0.0,0.0,0.0,0.0,1,1,0.0,2,8,1,2,1.0,2,1,0
3,162,1620.09,1629.143,10,M14,M14,1.0,0.0,0.0,0.0,0.0,0.0,0.0,0.0,0.0,7.1444952593574104e-06,0.9909938223156901,0.009903485570299807,0.03903463,0.034264,405.5448,405.548,1.0,1.0,0.0,1.0,0.0,0.0,16.543,0.0,0.0,1.0,0.0,16.543,0.0,0.0,0.0,0.0,0.0,1,1,0.0,0,8,1,2,1.0,2,1,0
3,163,1630.358,1639.532,10,M14,M14,1.0,1.4671518330193085,5.874129154895639,0.4040642051631325,2.475910047811141,0.07939397604995475,0.5924411611596884,0.1866808522905406,0.1139493410530336,0.07722596625056184,0.9879945404912295,0.056284650138837974,1.30557282,0.0395647,474.7577,708.524,1.0,0.9,0.0,0.9,0.0,0.0,23.869,0.0,0.0,0.9,0.0,23.869,0.0,0.0,0.0,0.0,0.0,1,1,0.0,0,7,1,2,1.0,2,1,0
3,164,1640.532,1648.356,8,M14,M14,1.0,2.308990907565714,5.6755707915339935,-0.48621967853057657,3.5087357953024276,0.14100156596684452,0.5650901748720556,0.1993707422793291,0.18998802532688586,0.21597521055194924,0.9848290242068273,0.20587822129568628,12.81402625,5.20507,380.827125,390.384,1.0,0.0,0.0,0.0,0.0,0.0,0.0,0.0,0.0,0.0,0.0,0.0,0.0,0.0,0.0,0.0,0.0,1,1,0.0,0,7,1,2,1.0,2,1,0
3,165,1656.311,1659.325,4,M14,M14,1.0,0.0,0.0,0.0,0.0,0.0,0.0,0.0,0.0,0.025838198099873595,0.983473969928298,0.18324558727315987,13.636,13.636,376.212,376.212,1.0,0.0,0.0,0.0,0.0,0.0,0.0,0.0,0.0,0.0,0.0,0.0,0.0,0.0,0.0,0.0,0.0,1,1,0.0,0,7,1,2,1.0,2,1,0
3,166,1660.33,1669.432,10,M14,M14,1.0,0.0,0.0,0.0,0.0,0.0,0.0,0.0,0.0,2.0850777126316426e-08,0.9834178552864111,0.02578286366267855,13.636,13.636,376.212,376.212,1.0,0.0,0.0,0.0,0.0,0.0,0.0,0.0,0.0,0.0,0.0,0.0,0.0,0.0,0.0,0.0,0.0,1,1,0.0,0,7,1,2,1.0,2,1,0
3,167,1670.434,1679.494,10,M14,M14,1.0,0.0,0.0,0.0,0.0,0.0,0.0,0.0,0.0,2.0850777126316426e-08,0.29791798471496783,5.371809935950065e-09,13.636,13.636,376.212,376.212,1.0,0.0,0.0,0.0,0.0,0.0,0.0,0.0,0.0,0.0,0.0,0.0,0.0,0.0,0.0,0.0,0.0,1,1,0.0,0,2,0,1,0.3333333333333333,1,0,0
3,168,1680.494,1689.587,10,M14,M14,1.0,0.0,0.0,0.0,0.0,0.0,0.0,0.0,0.0,2.0850777126316426e-08,0.0,5.371809935950065e-09,13.636,13.636,376.212,376.212,1.0,0.0,0.0,0.0,0.0,0.0,0.0,0.0,0.0,0.0,0.0,0.0,0.0,0.0,0.0,0.0,0.0,1,1,0.0,0,1,0,1,0.16666666666666666,1,0,0
3,169,1690.585,1699.594,10,M14,M14,1.0,0.0,0.0,0.0,0.0,0.0,0.0,0.0,0.0,2.0850777126316426e-08,0.0,5.371809935950065e-09,13.636,13.636,376.212,376.212,1.0,0.0,0.0,0.0,0.0,0.0,0.0,0.0,0.0,0.0,0.0,0.0,0.0,0.0,0.0,0.0,0.0,1,1,0.0,0,0,0,0,0.0,0,0,0
3,170,1700.597,1709.72,10,M14,M14,1.0,0.0,0.0,0.0,0.0,0.0,0.0,0.0,0.0,2.0850777126316426e-08,0.0,5.371809935950065e-09,13.636,13.636,376.212,376.212,1.0,0.0,0.0,0.0,0.0,0.0,0.0,0.0,0.0,0.0,0.0,0.0,0.0,0.0,0.0,0.0,0.0,1,1,0.0,0,0,0,0,0.0,0,0,0
3,171,1710.721,1719.153,9,M14,M14,1.0,0.0,0.0,0.0,0.0,0.0,0.0,0.0,0.0,2.0850777126316426e-08,0.0,5.371809935950065e-09,13.636,13.636,376.212,376.212,1.0,0.0,0.0,0.0,0.0,0.0,0.0,0.0,0.0,0.0,0.0,0.0,0.0,0.0,0.0,0.0,0.0,1,1,0.0,0,0,0,0,0.0,0,0,0
3,172,1720.157,1729.193,10,M14,M14,1.0,0.0,0.0,0.0,0.0,0.0,0.0,0.0,0.0,2.0850777126316426e-08,0.0,5.371809935950065e-09,13.636,13.636,376.212,376.212,1.0,0.0,0.0,0.0,0.0,0.0,0.0,0.0,0.0,0.0,0.0,0.0,0.0,0.0,0.0,0.0,0.0,1,1,0.0,0,0,0,0,0.0,0,0,0
3,173,1730.192,1739.202,10,M14,M14,1.0,0.0,0.0,0.0,0.0,0.0,0.0,0.0,0.0,2.0850777126316426e-08,0.0,5.371809935950065e-09,13.636,13.636,376.212,376.212,1.0,0.0,0.0,0.0,0.0,0.0,0.0,0.0,0.0,0.0,0.0,0.0,0.0,0.0,0.0,0.0,0.0,0,0,0.0,0,0,0,0,0.0,0,0,0
3,174,1740.201,1749.596,10,M14,M14,1.0,0.0,0.0,0.0,0.0,0.1356661273206315,0.9512884541163605,0.3136211203861284,0.1902576908232721,0.2281436390881224,0.0,0.18689294461007105,58.136469999999996,13.636,376.212,376.212,1.0,0.0,0.0,0.0,0.0,0.0,0.0,0.0,0.0,0.0,0.0,0.0,0.0,0.0,0.0,0.0,0.0,0,0,0.0,0,0,0,0,0.0,0,0,0
3,175,1750.559,1759.643,10,M14,M14,1.0,0.0,0.0,0.0,0.0,0.0,0.0,0.0,0.0,0.0,0.0,0.13826746225292783,91.6706,91.6706,376.212,376.212,1.0,0.0,0.0,0.0,0.0,0.0,0.0,0.0,0.0,0.0,0.0,0.0,0.0,0.0,0.0,0.0,0.0,0,0,0.0,0,0,0,0,0.0,0,0,0
3,176,1760.637,1769.771,10,M14,M14,1.0,0.0,0.0,0.0,0.0,0.0,0.0,0.0,0.0,0.0,0.0,0.0,91.6706,91.6706,376.212,376.212,1.0,0.0,0.0,0.0,0.0,0.0,0.0,0.0,0.0,0.0,0.0,0.0,0.0,0.0,0.0,0.0,0.0,0,0,0.0,0,0,0,0,0.0,0,0,0
3,177,1770.767,1779.921,10,M14,M14,1.0,0.0,0.0,0.0,0.0,0.0,0.0,0.0,0.0,0.0,0.0,0.0,91.6706,91.6706,376.212,376.212,1.0,0.0,0.0,0.0,0.0,0.0,0.0,0.0,0.0,0.0,0.0,0.0,0.0,0.0,0.0,0.0,0.0,0,0,0.0,0,0,0,0,0.0,0,0,0
3,178,1780.95,1789.237,9,M14,M14,1.0,0.0,0.0,0.0,0.0,0.0,0.0,0.0,0.0,0.0,0.0,0.0,91.6706,91.6706,376.212,376.212,1.0,0.0,0.0,0.0,0.0,0.0,0.0,0.0,0.0,0.0,0.0,0.0,0.0,0.0,0.0,0.0,0.0,0,0,0.0,0,0,0,0,0.0,0,0,0
3,179,1790.239,1799.247,10,M14,M14,1.0,0.0,0.0,0.0,0.0,0.0,0.0,0.0,0.0,0.0,0.0,0.0,91.6706,91.6706,376.212,376.212,1.0,0.0,0.0,0.0,0.0,0.0,0.0,0.0,0.0,0.0,0.0,0.0,0.0,0.0,0.0,0.0,0.0,0,0,0.0,0,0,0,0,0.0,0,0,0
3,180,1800.284,1809.36,10,M14,M14,1.0,0.0,0.0,0.0,0.0,0.0,0.0,0.0,0.0,0.0,0.0,0.0,91.6706,91.6706,376.212,376.212,1.0,0.0,0.0,0.0,0.0,0.0,0.0,0.0,0.0,0.0,0.0,0.0,0.0,0.0,0.0,0.0,0.0,0,0,0.0,0,0,0,0,0.0,0,0,0
3,181,1810.361,1819.445,10,M14,M14,1.0,0.0,0.0,0.0,0.0,0.0,0.0,0.0,0.0,0.0,0.0,0.0,91.6706,91.6706,376.212,376.212,1.0,0.0,0.0,0.0,0.0,0.0,0.0,0.0,0.0,0.0,0.0,0.0,0.0,0.0,0.0,0.0,0.0,0,0,0.0,0,0,0,0,0.0,0,0,0
3,182,1820.449,1829.458,10,M14,M14,1.0,4.225285927393446,6.650797291458066,0.6335287203049562,3.7674635053263508,0.4522543167542013,0.895383715492253,0.345912336914393,0.31280612965510957,0.3118215868240744,0.656165026669521,0.32217996409165417,39.182324799999996,0.794015,426.745,562.912,1.0,0.3,0.0,0.3,0.0,0.0,2.0,0.0,0.0,0.3,0.0,2.0,0.0,0.0,0.0,0.0,0.0,0,0,0.0,0,0,0,0,0.0,0,0,0
3,183,1830.547,1839.56,10,M14,M14,1.0,5.036487494781815,6.697320359694969,-0.07036677839931474,1.7937533278736426,1.0516521182381011,2.4342240575711074,0.7913009326730402,0.5463109487160751,0.6701474661808173,0.6948481462923344,0.7529350526183259,33.144519,5.50983,451.204,549.928,1.0,0.0,0.0,0.0,0.0,0.0,0.0,0.0,0.0,0.0,0.0,0.0,0.0,0.0,0.0,0.0,0.0,0,0,0.0,0,0,0,0,0.0,0,0,0
3,184,1840.56,1849.706,10,M14,M14;CZ61,1.0,4.4001464565710835,7.339591489993702,-0.49644186662194095,1.7369823115256535,0.5360182169618544,1.2822222693256757,0.5547806203089399,0.681611374401472,0.5276950311398846,0.8692056208275589,0.5829008889320597,20.0526218,0.977788,397.3197,498.699,1.0,0.3,0.0,0.3,0.1,0.1,2.1029999999999998,0.0,0.0,0.3,0.1,2.1029999999999998,0.0,0.1,0.0,0.0,0.0,0,0,0.0,0,0,0,0,0.0,0,0,0
3,185,1850.707,1859.938,10,M16A2,CZ61;M16A2,1.0,0.9672394348405866,2.5046055480949447,0.10309115420610852,1.673915135261378,0.3455146988683361,0.8558991569680151,0.3458123236177264,0.4314108813281828,0.36466923801130025,0.9353848254125363,0.4233381659333286,88.104023,1.84143,269.2353,271.249,1.0,0.1,0.0,0.1,0.0,0.0,0.0,0.0,0.0,0.0,0.0,0.0,0.0,0.0,0.0,0.0,0.0,0,0,0.0,0,0,0,0,0.0,0,0,0
3,186,1860.94,1869.95,10,CZ61,M16A2;CZ61,1.0,0.9373863982783783,3.0120730189979454,-0.14628126692100835,1.5423269057605227,0.051397990283343374,0.4421796080108922,0.1391355847580082,0.1608415085387149,0.21033311093605428,0.3656592788389367,0.3031914830035019,1.4972569999999998,1.0902,420.36139999999995,458.489,1.0,1.0,0.0,1.0,0.7,0.7,10.011999999999999,6.005999999999999,0.0,0.8,0.7,7.008,6.005999999999999,0.7,0.0,6.005999999999999,0.0,1,1,0.0,5,5,1,2,0.8333333333333334,2,1,0
3,187,1870.954,1879.964,10,M16A2,CZ61;M16A2,1.0,4.052920473594852,6.716443420149252,0.29972588815671747,3.2814513601471598,0.38731137807050336,2.027811535254234,0.6271663456386906,0.5946633162794132,0.3993124571507955,0.5310320485438738,0.32160244683639416,58.18522900000001,1.14158,387.5125,457.714,1.0,0.1,0.0,0.1,0.0,0.0,11.016,0.0,0.0,0.1,0.0,8.012,0.0,0.0,0.0,0.0,0.0,1,1,0.0,0,5,1,2,0.8333333333333334,2,1,0
3,188,1880.969,1889.778,9,M16A2,M16A2,1.0,2.348502159595697,4.250676048239816,-0.04018104746744601,1.8718595639602764,0.30608935338955157,2.1480109698195657,0.7015950682370055,0.5535527615204142,0.7224901610332921,0.8986936450413902,0.7232491448225823,59.913363333333336,4.85365,419.65944444444443,435.463,1.0,0.1111111111111111,0.0,0.1111111111111111,0.0,0.0,0.0,0.0,0.0,0.1111111111111111,0.0,0.0,0.0,0.0,0.0,0.0,0.0,1,1,0.0,0,5,1,2,0.8333333333333334,2,1,0
3,189,1891.066,1899.181,9,M16A2,M16A2,1.0,6.401642963331039,8.250824201260643,0.20644827404505717,3.1750545587440175,0.12056363185758462,0.4537593927119356,0.15789750055029808,0.1391502242604658,0.12654022703255208,0.8966794786411203,0.37084862044373473,12.013005555555557,2.0035,385.035,407.561,1.0,0.5555555555555556,0.0,0.5555555555555556,0.0,0.0,2.005,0.0,0.0,0.5555555555555556,0.0,2.005,0.0,0.0,0.0,0.0,0.0,1,1,0.0,0,5,1,2,0.8333333333333334,2,1,0
3,190,1900.229,1909.482,10,M14,M14,1.0,3.8032534557818365,7.255203888122157,-0.277056501155169,1.525766452211377,0.42533462640214903,1.0210577493311632,0.43605307774498053,0.5206263884569791,0.40392747166976717,0.9237848109930317,0.34945902487286074,55.292503999999994,5.14201,352.4717,362.459,1.0,0.0,0.0,0.0,0.0,0.0,0.0,0.0,0.0,0.0,0.0,0.0,0.0,0.0,0.0,0.0,0.0,1,1,0.0,0,5,1,2,0.8333333333333334,2,1,0
3,191,1910.481,1919.534,9,M14,M14,1.0,4.7376727885185925,10.838074526964075,0.29696801804968953,6.754089785314658,0.08615233529232759,0.2852532734385031,0.1005583582294378,0.10024478923742976,0.16805268113789903,0.9246587513475882,0.3017255818233551,5.115246666666668,1.38169,316.39166666666665,338.569,1.0,0.5555555555555556,0.0,0.5555555555555556,0.0,0.0,3.1109999999999998,0.0,0.0,0.3333333333333333,0.0,1.006,0.0,0.0,0.0,0.0,0.0,1,1,0.0,0,5,1,2,0.8333333333333334,2,1,0
3,192,1920.767,1929.518,8,M14,M14,1.0,2.0872588913023007,3.9504942979827615,-0.20047513737360187,2.0281583148901396,0.6272116759408517,1.7594029275329925,0.6652262959753013,0.4988113817682672,0.3771931003564525,0.8075372300410213,0.325951343381709,43.44507875,1.50506,259.39675,301.974,1.0,0.25,0.0,0.25,0.0,0.0,5.34,0.0,0.0,0.0,0.0,0.0,0.0,0.0,0.0,0.0,0.0,1,1,0.0,0,5,1,2,0.8333333333333334,2,1,0
3,193,1930.516,1939.926,9,M14,M14,1.0,0.3560049128956689,1.7581294334449922,-0.29241544887623655,0.0,0.3499786491212216,2.577609492336748,0.8448530186515756,0.5154498092720939,0.5956869545514394,0.6401967982799892,0.871445180720515,31.946866666666665,22.6812,205.22366666666667,206.382,1.0,0.0,0.0,0.0,0.0,0.0,0.0,0.0,0.0,0.0,0.0,0.0,0.0,0.0,0.0,0.0,0.0,1,1,0.0,0,4,1,2,0.6666666666666666,2,1,0
3,194,1940.928,1949.981,10,M14,M14,1.0,0.0,0.0,0.0,0.0,0.0,0.0,0.0,0.0,0.0,0.4928534801869612,0.10019855452714599,22.6812,22.6812,205.086,205.086,1.0,0.0,0.0,0.0,0.0,0.0,0.0,0.0,0.0,0.0,0.0,0.0,0.0,0.0,0.0,0.0,0.0,1,1,0.0,0,0,0,0,0.0,0,0,0
3,195,1950.977,1959.989,10,M14,M14,1.0,0.0,0.0,0.0,0.0,0.0,0.0,0.0,0.0,0.0,0.2759577516201511,0.0,22.6812,22.6812,205.086,205.086,1.0,0.0,0.0,0.0,0.0,0.0,0.0,0.0,0.0,0.0,0.0,0.0,0.0,0.0,0.0,0.0,0.0,1,1,0.0,0,0,0,0,0.0,0,0,0
3,196,1961.094,1968.606,8,M14,M14,1.0,0.6453796510639693,2.4886703452340444,0.30844142562847693,1.2274479673196685,0.14138462409232544,0.8781622495905226,0.3040227469151679,0.2200228999084648,0.14362730627139153,0.3599735307967127,0.10354842199510743,24.2465875,22.6812,215.03725,287.794,1.0,0.0,0.0,0.0,0.0,0.0,0.0,0.0,0.0,0.0,0.0,0.0,0.0,0.0,0.0,0.0,0.0,1,1,0.0,0,0,0,0,0.0,0,0,0
3,197,1971.478,1979.815,8,M14,M14,1.0,2.748726501599267,6.398822566461553,0.39157601524968666,2.1647982503227907,0.8802512774969282,2.3061209139279697,0.7535462932688729,0.6735087417279244,0.5417076839986343,0.8922269118585832,0.47237783526222604,32.9233575,1.43491,267.768125,284.728,1.0,0.25,0.0,0.25,0.0,0.0,0.0,0.0,0.0,0.0,0.0,0.0,0.0,0.0,0.0,0.0,0.0,1,1,0.0,0,0,0,0,0.0,0,0,0
3,198,1980.819,1989.284,8,M14,M14,1.0,2.6738588385254056,5.900766421240086,-0.5598899279631927,3.0833864866281044,0.5615187260771772,1.3573843188669947,0.47463895790786487,0.43280156806918024,0.5733868567214804,0.8705727159915098,0.6870969635973238,41.29904375,1.64639,232.21812500000001,258.208,1.0,0.25,0.0,0.25,0.0,0.0,0.0,0.0,0.0,0.0,0.0,0.0,0.0,0.0,0.0,0.0,0.0,1,1,0.0,0,0,0,0,0.0,0,0,0
3,199,1990.285,1999.946,10,M14,M14,1.0,1.4675219947893694,5.535384134469724,-0.12639106183094312,3.9332540322913143,0.3872621352179933,1.9325632275021498,0.6042325825171438,0.39136925745356554,0.5599916200143084,0.5623346592254231,0.5425741813615235,20.838103999999998,2.86259,228.2706,257.272,1.0,0.6,0.0,0.6,0.0,0.0,5.510999999999999,0.0,0.0,0.0,0.0,0.0,0.0,0.0,0.0,0.0,0.0,1,1,0.0,0,0,0,0,0.0,0,0,0
3,200,2000.947,2009.078,5,M14,M14,1.0,0.24635541599760385,1.2317770799880192,0.2451297671617949,1.2256488358089745,0.08227524032773172,0.41137620163865857,0.18397303023794018,0.08227524032773172,0.03679460604758804,0.18124535634244426,0.5177893449585242,9.203336,4.49013,250.93040000000002,251.149,1.0,0.8,0.0,0.8,0.0,0.0,13.638,0.0,0.0,0.0,0.0,0.0,0.0,0.0,0.0,0.0,0.0,0,0,0.0,0,0,0,0,0.0,0,0,0
3,201,2010.073,2019.75,10,M14,M14,1.0,4.401905862451725,7.825471579577692,0.23882774304100146,2.9743904418413183,0.32435680645911974,1.2252176917416369,0.39912032422785637,0.4526175941245607,0.36939527813645767,0.44389605207918403,0.3452125433729742,19.146192,3.4076,231.22570000000002,248.572,1.0,0.2,0.0,0.2,0.0,0.0,1.001,0.0,0.0,0.0,0.0,0.0,0.0,0.0,0.0,0.0,0.0,0,0,0.0,0,0,0,0,0.0,0,0,0
3,202,2020.939,2029.241,9,M16A2,M14;M16A2,1.0,4.325844284427767,6.681285520886886,0.3444374470081574,3.0994353205985314,0.4502824571740185,1.5073168153285965,0.533590434108026,0.29860086906296535,0.22574857906316112,0.8234203058274177,0.2853014430789718,26.197166666666664,3.58927,198.72488888888887,214.026,1.0,0.2222222222222222,0.0,0.2222222222222222,0.0,0.0,1.136,0.0,0.0,0.0,0.0,0.0,0.0,0.0,0.0,0.0,0.0,0,0,0.0,0,0,0,0,0.0,0,0,0
3,203,2030.239,2039.257,10,M16A2,M16A2,1.0,3.167269020230365,5.711810794935121,-0.19523552691808635,3.3586563242836864,0.7373580481562422,1.3530240285591573,0.47185184538722236,0.577475905093449,0.4955233026644774,0.4213002833936523,0.5276202582261263,34.5611654,0.221173,198.4181,207.658,1.0,0.2,0.0,0.2,0.0,0.0,0.0,0.0,0.0,0.0,0.0,0.0,0.0,0.0,0.0,0.0,0.0,0,0,0.0,0,0,0,0,0.0,0,0,0
3,204,2040.256,2049.354,10,M16A2,M16A2,1.0,5.45524475747409,7.98085101502403,0.3386378026289738,5.459820381925416,0.3881775504489472,0.7103808381226314,0.25884451207859355,0.2948395785603507,0.2849871306738206,0.3254468957842797,0.3691491739234609,17.4250688,0.530818,179.24079999999998,193.464,1.0,0.2,0.0,0.2,0.0,0.0,0.0,0.0,0.0,0.0,0.0,0.0,0.0,0.0,0.0,0.0,0.0,0,0,0.0,0,0,0,0,0.0,0,0,0
3,205,2050.346,2059.986,10,M16A2,M16A2,1.0,3.547482310460648,6.141123984727029,-0.23238347575533252,4.7638373347297875,0.9119999460407664,2.496450182757839,0.799238827117537,0.8305204673784787,0.7819395219948827,0.5593358315789149,0.6353763910517963,42.848739,3.41879,166.96030000000002,182.047,1.0,0.1,0.0,0.1,0.0,0.0,0.0,0.0,0.0,0.0,0.0,0.0,0.0,0.0,0.0,0.0,0.0,0,0,0.0,0,0,0,0,0.0,0,0,0
3,206,2060.987,2069.997,10,M16A2,M16A2,1.0,2.368712962385688,4.008227826292819,-0.03923158700426381,1.8563221472156544,0.769453576431681,1.9320675949687216,0.6145085877975277,0.7311339177259986,0.6516889364617502,0.5152408330391922,0.7356625544490464,17.826248999999997,2.78488,156.0306,173.754,1.0,0.2,0.0,0.2,0.0,0.0,0.0,0.0,0.0,0.0,0.0,0.0,0.0,0.0,0.0,0.0,0.0,0,0,0.0,0,0,0,0,0.0,0,0,0
3,207,2070.997,2079.007,9,M16A2,M16A2,1.0,5.193235605865804,6.721992230068665,0.418415359643588,2.94974586606941,0.7892664370897909,2.075200640341451,0.7651490817991056,0.9928659444375126,0.7292604196157672,0.45988955626097233,0.7265422583091317,78.37068677777778,0.502411,165.21466666666666,196.622,1.0,0.1111111111111111,0.0,0.1111111111111111,0.0,0.0,1.0,0.0,0.0,0.0,0.0,0.0,0.0,0.0,0.0,0.0,0.0,0,0,0.0,0,0,0,0,0.0,0,0,0
3,208,2080.01,2089.094,10,M16A2,M16A2,1.0,3.8561736789039442,6.9478052102707215,-0.1459754311650766,3.10235846990842,1.0857411132966444,2.948154118069993,1.250036847548031,1.6495647635627502,1.1471206352373764,0.6401935390606167,1.021746409701902,53.97408,14.0271,178.111,212.126,1.0,0.0,0.0,0.0,0.0,0.0,0.0,0.0,0.0,0.0,0.0,0.0,0.0,0.0,0.0,0.0,0.0,0,0,0.0,0,0,0,0,0.0,0,0,0
3,209,2090.094,2099.4,10,M16A2,M16A2,1.0,4.552181290619327,7.222222813410636,-0.027812235353145854,6.041475913313611,0.6987408993173979,2.2255524358411214,0.7117155993444921,0.8883171168246461,0.8734231800221552,0.4788041452929243,0.9752339618287124,57.176089000000005,6.74488,196.5282,228.926,1.0,0.0,0.0,0.0,0.0,0.0,0.0,0.0,0.0,0.0,0.0,0.0,0.0,0.0,0.0,0.0,0.0,0,0,0.0,0,0,0,0,0.0,0,0,0
3,210,2100.4,2108.628,9,M16A2,M16A2,1.0,4.5974825465825155,6.607951925466449,-0.01747264478080473,2.1410608001642517,1.4601892696386762,3.109978775846787,1.1292786814163658,1.0886268762254803,1.010465111360365,0.197468392711149,0.9149497461666153,38.315513333333335,0.15949,179.5121111111111,225.082,1.0,0.1111111111111111,0.0,0.1111111111111111,0.0,0.0,0.0,0.0,0.0,0.0,0.0,0.0,0.0,0.0,0.0,0.0,0.0,0,0,0.0,0,0,0,0,0.0,0,0,0
3,211,2110.023,2118.699,9,sem_arma,M16A2;sem_arma;M14,0.3333333333333333,0.6627090825301052,2.8279021352052567,-0.146781701527729,1.0654507655327285,0.32412204987052806,0.9544535434429188,0.3975535266789192,0.6413395131106933,0.8321197631038656,0.2108622719008421,1.0949200828268755,18.422302222222225,1.06643,182.309,208.54,1.0,0.4444444444444444,0.0,0.4444444444444444,0.0,0.0,3.666,0.0,0.0,0.0,0.0,0.0,0.0,0.0,0.0,0.0,0.0,0,0,0.0,0,0,0,0,0.0,0,0,0
3,212,2120.203,2129.215,10,M14,M14,1.0,5.092092780232169,6.68309602271724,0.36666654055103154,4.241220159927019,0.10119817206366344,0.27500637407468537,0.08118464225367761,0.14195149452495176,0.17069307613588375,0.6962295500542393,0.27896849213063063,9.542622999999999,3.62066,120.30440000000002,139.874,1.0,0.3,0.0,0.3,0.0,0.0,1.008,0.0,0.0,0.0,0.0,0.0,0.0,0.0,0.0,0.0,0.0,0,0,0.0,0,0,0,0,0.0,0,0,0
3,213,2130.213,2139.666,10,M16A2,M14;M16A2,1.0,6.185168867432079,6.752193760633178,-0.257173201014101,0.34721073191536256,0.36523937162928233,1.308675558100719,0.41976329009270763,0.32249794271718574,0.2766097749260202,0.8977240083599396,0.21934404691677614,19.934922,4.26025,86.00717,232.745,1.0,0.2,0.0,0.2,0.0,0.0,3.0389999999999997,0.0,0.0,0.0,0.0,0.0,0.0,0.0,0.0,0.0,0.0,0,0,0.0,0,0,0,0,0.0,0,0,0
3,214,2140.665,2144.588,4,M16A2,M16A2,1.0,6.902183952618958,9.552920613412155,0.8628040345985136,4.660721707131153,0.4943293801570675,0.643088895662581,0.11060787500763018,0.3066455058856752,0.4059576888227294,0.7958492789197001,0.3832844214094693,56.470475,19.1066,135.5254,226.087,1.0,0.0,0.0,0.0,0.0,0.0,0.0,0.0,0.0,0.0,0.0,0.0,0.0,0.0,0.0,0.0,0.0,0,0,0.0,0,0,0,0,0.0,0,0,0
3,215,2154.442,2159.665,6,M16A2,M16A2,1.0,2.3820851865742063,3.44985326431576,0.14545782875119936,1.8571464090117231,1.0874941732630345,2.388005253514789,0.9315113871510392,1.2843455136418511,0.7057913710103686,0.8184859229515998,0.605373957658954,41.054,11.1657,114.58038333333333,220.65,1.0,0.0,0.0,0.0,0.0,0.0,0.0,0.0,0.0,0.0,0.0,0.0,0.0,0.0,0.0,0.0,0.0,0,0,0.0,0,0,0,0,0.0,0,0,0
3,216,2161.31,2169.247,9,M16A2,M16A2,1.0,2.216066483123436,7.050620146268444,0.08132839692385702,6.4388203050942865,0.8014443704757115,3.3958020027219753,1.2175950521010042,0.7591066366257435,1.029138657253344,0.6476585818235573,1.1193975878288427,57.21475555555556,17.0782,81.22817777777777,218.661,1.0,0.0,0.0,0.0,0.0,0.0,0.0,0.0,0.0,0.0,0.0,0.0,0.0,0.0,0.0,0.0,0.0,0,0,0.0,0,0,0,0,0.0,0,0,0
3,217,2170.246,2179.358,9,M16A2,M16A2,1.0,1.6204614171038427,3.5322365229478017,-0.16291570311329356,1.4936496987414645,0.5752795758270934,2.2250179751195898,0.6951344414884535,0.6733231290924367,0.6077617878552881,0.3316498743584748,0.8058230121894883,33.288669999999996,5.0907,62.991577777777785,74.3447,1.0,0.0,0.0,0.0,0.0,0.0,0.0,0.0,0.0,0.0,0.0,0.0,0.0,0.0,0.0,0.0,0.0,0,0,0.0,0,0,0,0,0.0,0,0,0
3,218,2180.744,2188.774,8,M16A2,M16A2,1.0,0.8081563943238788,1.662269988145574,0.14344562813345008,0.9867711535785934,0.20270065216409353,0.46339074916439726,0.1777176662424852,0.1241824827474694,0.18319863352251456,0.6106633949607045,0.37517303264209123,11.217765,3.50911,38.0821125,65.9276,1.0,0.5,0.0,0.5,0.5,0.5,3.552,3.552,0.0,0.0,0.0,0.0,0.0,0.0,0.0,0.0,0.0,0,0,0.0,0,0,0,0,0.0,0,0,0
3,219,2190.173,2199.603,10,M16A2,M16A2,1.0,0.9562226595587566,2.715889365960302,-0.1305923427015651,1.6245729777258506,0.2652452567633721,1.3503899494829408,0.4013409652234801,0.3603699736872926,0.3358109641869285,0.49311829583318484,0.3733261460217757,24.434814,8.26189,49.21393,56.5951,1.0,0.0,0.0,0.0,0.0,0.0,0.0,0.0,0.0,0.0,0.0,0.0,0.0,0.0,0.0,0.0,0.0,0,0,0.0,0,0,0,0,0.0,0,0,0
3,220,2200.607,2209.708,10,M16A2,M16A2,1.0,0.9122297743785882,1.9885783907150913,0.08232056297840709,1.7189560022880028,0.06062352233820164,0.1578719706026253,0.04901619812824283,0.06487457044073676,0.05743639200881392,0.2543692495466002,0.10895386587340194,6.324264,3.38547,60.58151,66.28,1.0,0.6,0.0,0.6,0.2,0.2,3.094,1.003,0.0,0.0,0.0,0.0,0.0,0.0,0.0,0.0,0.0,0,0,0.0,0,0,0,0,0.0,0,0,0
3,221,2210.709,2219.72,10,M16A2,M16A2,1.0,1.5458729791562185,5.274486505583796,0.4450922751194213,5.204138169305633,0.07551734894615428,0.2193582195261384,0.06833696455660604,0.053520162523866543,0.040867926939487875,0.33653174674043196,0.04383723004891274,10.676999,2.16681,62.19557999999999,64.6046,1.0,0.2,0.0,0.2,0.0,0.0,1.002,0.0,0.0,0.0,0.0,0.0,0.0,0.0,0.0,0.0,0.0,0,0,0.0,0,0,0,0,0.0,0,0,0
3,222,2220.719,2229.731,10,M16A2,M16A2;M14,1.0,2.400005187844941,5.74251808839008,-0.3019641547152908,2.4954358859739294,0.1031814038001126,0.31223815880571787,0.12450099692515769,0.09932079405322752,0.09382541639260547,0.48995057539489106,0.09694117791557283,16.029168000000002,3.1438,49.312110000000004,52.8041,1.0,0.1,0.0,0.1,0.0,0.0,0.0,0.0,0.0,0.0,0.0,0.0,0.0,0.0,0.0,0.0,0.0,0,0,0.0,0,0,0,0,0.0,0,0,0
3,223,2230.73,2239.741,10,M14,M14,1.0,0.3561608499954595,1.0824548393577456,-0.11695979989594578,0.8307932528520414,0.021977976671795987,0.05996181707295639,0.020210862880541657,0.039142490129599763,0.06061774415897275,0.6481306903490276,0.10268340055777336,3.398492,2.42673,43.195499999999996,44.2342,1.0,0.9,0.0,0.9,0.3,0.3,6.007,1.002,0.0,0.0,0.0,0.0,0.0,0.0,0.0,0.0,0.0,0,0,0.0,0,0,0,0,0.0,0,0,0
3,224,2240.741,2249.033,9,M14,M14,1.0,0.472654444604722,1.2462612203389831,-0.1045389286805673,0.7269545179511908,0.03726866611062006,0.10324088743374644,0.03923360614466514,0.04576751509052285,0.028619494806986896,0.43366963402960157,0.024710876687121755,5.49148,2.67518,42.360955555555556,42.8984,1.0,0.6666666666666666,0.0,0.6666666666666666,0.4444444444444444,0.4444444444444444,7.289,5.284,0.0,0.0,0.0,0.0,0.0,0.0,0.0,0.0,0.0,0,0,0.0,0,0,0,0,0.0,0,0,0
3,225,2250.182,2259.233,10,M14,M14;sem_arma,0.6,0.1751437977370231,0.6422007144635298,-0.010888720319269532,0.2585049461956518,0.09007939257492632,0.5535835312860821,0.17771663561030304,0.17852131773630855,0.15404633785553987,0.2127311767882583,0.13278125792126894,18.427636999999997,4.6392,41.98086,42.3176,1.0,0.2,0.0,0.2,0.0,0.0,2.149,0.0,0.0,0.0,0.0,0.0,0.0,0.0,0.0,0.0,0.0,0,0,0.0,0,0,0,0,0.0,0,0,0
3,226,2260.234,2269.712,10,M14,sem_arma;M14,0.8,0.08303591471439799,0.29970029969957285,0.0011040887524036106,0.2994008988007721,0.08595405415047372,0.4170204334274233,0.14854843288993577,0.09068513331580824,0.12312350658673907,0.64289831271536,0.16363833060106503,9.253207,6.40156,40.85279,41.7379,1.0,0.0,0.0,0.0,0.0,0.0,0.0,0.0,0.0,0.0,0.0,0.0,0.0,0.0,0.0,0.0,0.0,0,0,0.0,0,0,0,0,0.0,0,0,0
3,227,2270.92,2279.874,9,M14,M14,1.0,0.06467441814203798,0.2521008403359052,0.012182876194299086,0.10652813647022565,0.005634799307518214,0.02169819630748391,0.009074145048928875,0.0037804127696753047,0.0033887535604504846,0.5622770251755348,0.037959714660848604,5.6886311111111105,2.72398,40.15983333333333,40.8375,1.0,0.2222222222222222,0.0,0.2222222222222222,0.0,0.0,1.004,0.0,0.0,0.0,0.0,0.0,0.0,0.0,0.0,0.0,0.0,0,0,0.0,0,0,0,0,0.0,0,0,0
3,228,2280.874,2289.298,9,M14,M14,1.0,0.32252306171794615,0.4995004995012264,-0.015509561324082492,0.22333357425728811,0.028287853616933274,0.10929634137126774,0.04123054734231077,0.043169409326106085,0.03794649490670826,0.6671076685620191,0.03278689046073834,3.765134444444444,2.55006,41.17514444444444,41.34,1.0,0.8888888888888888,0.0,0.8888888888888888,0.2222222222222222,0.2222222222222222,6.233,1.003,0.0,0.0,0.0,0.0,0.0,0.0,0.0,0.0,0.0,0,0,0.0,0,0,0,0,0.0,0,0,0
3,229,2290.297,2299.887,10,M14,M14,1.0,0.5037944106682013,2.733224533574766,0.09418499828677662,1.4248539088309453,0.09421346833938253,0.9417740018062933,0.2978024277791169,0.09417740018062934,0.04572418452517639,0.7864362982575102,0.04858196076610048,9.565132,3.73586,42.479820000000004,45.3695,1.0,0.7,0.0,0.7,0.5,0.5,7.475,6.476,0.0,0.0,0.0,0.0,0.0,0.0,0.0,0.0,0.0,0,0,0.0,0,0,0,0,0.0,0,0,0
3,230,2301.449,2309.46,9,M14,M14,1.0,2.3118792134088952,6.05216792042702,-0.15919766726454643,3.9385343014114893,0.27470934021047827,1.334978780541451,0.44200049730207414,0.45876245145587724,0.43081944052499405,0.33301202779772043,0.45324529537437047,29.86461111111111,11.3538,73.10926666666667,84.4169,1.0,0.0,0.0,0.0,0.0,0.0,0.0,0.0,0.0,0.0,0.0,0.0,0.0,0.0,0.0,0.0,0.0,0,0,0.0,0,0,0,0,0.0,0,0,0
3,231,2310.461,2318.751,9,M14,M14,1.0,0.6722305619221847,0.9523164180040986,0.012611415207898595,0.5893172865781517,0.06328187994639883,0.3913805057848054,0.1364171181966101,0.06717828864853628,0.038696791957526025,0.34908689733460957,0.18063582186484986,22.076877777777778,14.0114,76.11385555555556,76.6485,1.0,0.0,0.0,0.0,0.0,0.0,0.0,0.0,0.0,0.0,0.0,0.0,0.0,0.0,0.0,0.0,0.0,0,0,0.0,0,0,0,0,0.0,0,0,0
3,232,2320.639,2329.914,4,M14,M14,1.0,0.0,0.0,-0.07844915084900067,0.0,9.92851642882177e-09,1.4916077271118776e-08,6.202048085209049e-09,0.04453910615267042,0.1498460854074266,0.49713485286778925,0.1301627935601713,17.7499,17.7499,75.7926,75.7926,1.0,0.0,0.0,0.0,0.0,0.0,0.0,0.0,0.0,0.0,0.0,0.0,0.0,0.0,0.0,0.0,0.0,0,0,0.0,0,0,0,0,0.0,0,0,0
3,233,2330.918,2339.863,9,M14,M14,1.0,0.0,0.0,0.0,0.0,1.3836708783331464e-08,1.4916077271118776e-08,2.1029792117968254e-09,2.1140581933939854e-09,2.663379371259216e-09,0.2263034346248222,0.06410990854163717,17.7499,17.7499,75.7926,75.7926,1.0,0.0,0.0,0.0,0.0,0.0,0.0,0.0,0.0,0.0,0.0,0.0,0.0,0.0,0.0,0.0,0.0,0,0,0.0,0,0,0,0,0.0,0,0,0
3,234,2340.866,2349.067,9,M14,M14,1.0,1.5189886416124838,6.85666870992685,0.7604289554794241,3.2818886616403047,0.04750660027540113,0.4274416305434492,0.1424756416639072,0.09497395344562742,0.04247802957172505,0.6591982725265312,0.030037077641745156,21.348988888888886,17.3139,73.96044444444445,75.7926,1.0,0.0,0.0,0.0,0.0,0.0,0.0,0.0,0.0,0.0,0.0,0.0,0.0,0.0,0.0,0.0,0.0,0,0,0.0,0,0,0,0,0.0,0,0,0
3,235,2350.068,2359.082,10,M14,M14,1.0,5.812364421649894,11.106095248088321,-0.05691164250296288,5.857507031749681,0.8945167376177322,1.8496574393122134,0.689577733203418,0.6961367793042215,0.5617814777991232,0.47390762710099255,0.5292886340909085,26.466683,6.28553,116.45252,233.124,1.0,0.0,0.1,0.0,0.0,0.0,0.0,0.0,0.0,0.0,0.0,0.0,0.0,0.0,0.0,0.0,0.0,0,0,0.0,0,0,0,0,0.0,0,0,0
3,236,2360.082,2369.137,10,M14,M14,1.0,4.096719758543038,6.631533368068256,-0.5730622891072289,2.3953939058927047,0.7690582187709373,2.90363934416063,0.81997279363146,0.8707651628813998,0.7751713378061853,0.0908410042766811,0.7053589772490672,24.575868,1.94682,93.97206,218.561,1.0,0.2,0.0,0.2,0.0,0.0,0.0,0.0,0.0,0.0,0.0,0.0,0.0,0.0,0.0,0.0,0.0,0,0,0.0,0,0,0,0,0.0,0,0,0
3,237,2370.901,2379.345,9,M14,M14,1.0,2.6221991040699413,7.748373899397476,0.6100142019568991,2.7763834574327273,0.4546347912982738,1.6438877390207705,0.6290974614324898,0.6476757023272752,0.5525413681062346,0.4533125891212135,0.7378522651991782,23.997086666666668,1.13901,127.08574444444444,216.048,1.0,0.2222222222222222,0.0,0.2222222222222222,0.0,0.0,1.066,0.0,0.0,0.0,0.0,0.0,0.0,0.0,0.0,0.0,0.0,0,0,0.0,0,0,0,0,0.0,0,0,0
3,238,2381.36,2389.388,9,M14,M14,1.0,1.0839192766697578,4.464976313405711,-0.6755416409202863,0.0,0.44057174944550326,2.7191561874446917,0.924119342636521,0.8272966465127882,0.8040806867361112,0.5015362776443629,0.8320866252886915,28.8835,11.289,162.87896666666666,199.136,1.0,0.0,0.0,0.0,0.0,0.0,0.0,0.0,0.0,0.0,0.0,0.0,0.0,0.0,0.0,0.0,0.0,0,0,0.0,0,0,0,0,0.0,0,0,0
3,239,2390.388,2399.435,10,M14,M14,1.0,0.0,0.0,0.0,0.0,0.0,0.0,0.0,0.0,3.7235436591699354e-08,0.6261420638125053,0.26366467992612624,34.8586,34.8586,198.803,198.803,1.0,0.0,0.0,0.0,0.0,0.0,0.0,0.0,0.0,0.0,0.0,0.0,0.0,0.0,0.0,0.0,0.0,0,0,0.0,0,0,0,0,0.0,0,0,0
3,240,2400.436,2409.163,9,M14,M14,1.0,0.0,0.0,0.0,0.0,0.0,0.0,0.0,0.0,3.7235436591699354e-08,0.3048877076978233,0.0,34.8586,34.8586,198.803,198.803,1.0,0.0,0.0,0.0,0.0,0.0,0.0,0.0,0.0,0.0,0.0,0.0,0.0,0.0,0.0,0.0,0.0,0,0,0.0,0,0,0,0,0.0,0,0,0
3,241,2410.164,2419.174,10,M14,M14,1.0,0.25797892925017785,1.9760281473773076,0.19723456207327264,1.6480769108159607,0.19602503767139612,1.1296512136211996,0.4073495952382939,0.12438677424927055,0.10098063277154397,0.888853722267352,0.0777019829012394,35.828791,6.11651,182.49831,198.803,1.0,0.0,0.0,0.0,0.0,0.0,0.0,0.0,0.0,0.0,0.0,0.0,0.0,0.0,0.0,0.0,0.0,0,0,0.0,0,0,0,0,0.0,0,0,0
3,242,2420.177,2429.717,10,M16A2,M14;M16A2,1.0,0.5811199719962458,1.291540527933446,-0.17825575280265518,0.9449303673302515,0.7159953493702296,1.6569857874208611,0.5520981011042368,0.5424858622180901,0.5550394437763906,0.2575249924515316,0.5815880742026663,27.460638,7.42338,188.36589999999998,197.841,1.0,0.0,0.0,0.0,0.0,0.0,0.0,0.0,0.0,0.0,0.0,0.0,0.0,0.0,0.0,0.0,0.0,0,0,0.0,0,0,0,0,0.0,0,0,0
3,243,2430.718,2439.98,8,M16A2,M16A2;M14,1.0,2.260887657606042,6.43372157624854,0.8052834593353282,3.411744436379598,0.4004463365767396,0.8828895246567717,0.35563783555162864,0.33850469561811725,0.3325510395346748,0.2257648038090186,0.38908064565135914,37.8470625,19.916,34.8821375,37.6114,1.0,0.0,0.0,0.0,0.0,0.0,0.0,0.0,0.0,0.0,0.0,0.0,0.0,0.0,0.0,0.0,0.0,0,0,0.0,0,0,0,0,0.0,0,0,0
3,244,2440.983,2449.245,9,M14,M14,1.0,1.7089370881835744,5.633280183624713,-0.6288369257027484,0.9006886720067381,0.7922441189983273,2.155476873594366,0.7948062464499854,0.7932445684385474,0.7503303612946037,0.624521503302271,0.6820955153452307,21.167363333333334,6.51849,145.04577777777777,203.001,1.0,0.0,0.0,0.0,0.0,0.0,0.0,0.0,0.0,0.0,0.0,0.0,0.0,0.0,0.0,0.0,0.0,0,0,0.0,0,0,0,0,0.0,0,0,0
3,245,2450.243,2459.255,10,M14,M14,1.0,0.5844118338813378,3.1969882189009664,0.31895326088778714,1.885605213314215,0.14166072580452554,0.7742987296759194,0.27432383560598916,0.25706067725128134,0.23033157784049427,0.6249115739117566,0.461086632895548,8.530061,0.35443,116.11780000000002,116.853,1.0,0.7,0.0,0.7,0.0,0.0,6.005,0.0,0.0,0.0,0.0,0.0,0.0,0.0,0.0,0.0,0.0,0,0,0.0,0,0,0,0,0.0,0,0,0
3,246,2460.257,2469.396,10,M14,M14;sem_arma,0.7,1.5543756630616405,4.517343515394842,-0.3162561094965076,0.7145898229503795,0.3081262003557411,1.5411460638895849,0.5575753599976304,0.3082292883108383,0.39671135781643657,0.7579980874123595,0.36590868340284355,21.68461,1.06275,61.99909,110.52,1.0,0.3,0.0,0.3,0.0,0.0,9.009,0.0,0.0,0.0,0.0,0.0,0.0,0.0,0.0,0.0,0.0,0,0,0.0,0,0,0,0,0.0,0,0,0
3,247,2470.399,2478.843,9,sem_arma,sem_arma,0.0,0.008671634219410905,0.05431792017786326,-0.002449765341763149,0.04425931182319168,0.0,0.0,0.0,0.0,0.020243526057749803,0.9542210598736296,0.3020767547693069,30.655333333333335,30.634,32.42675555555556,32.4285,1.0,0.0,0.0,0.0,0.0,0.0,0.0,0.0,0.0,0.0,0.0,0.0,0.0,0.0,0.0,0.0,0.0,0,0,0.0,0,0,0,0,0.0,0,0,0
3,248,2480.096,2489.277,10,sem_arma,sem_arma,0.0,0.0,0.0,0.0,0.0,0.0,0.0,0.0,0.0,4.5229112958863673e-08,0.4620163917766808,2.2407723507059848e-08,30.6656,30.6656,32.4285,32.4285,1.0,0.0,0.0,0.0,0.0,0.0,0.0,0.0,0.0,0.0,0.0,0.0,0.0,0.0,0.0,0.0,0.0,0,0,0.0,0,0,0,0,0.0,0,0,0
3,249,2490.92,2498.999,9,sem_arma,sem_arma,0.0,0.0,0.0,0.0,0.0,0.0,0.0,0.0,0.0,4.5229112958863673e-08,0.0,2.2407723507059848e-08,30.6656,30.6656,32.4285,32.4285,1.0,0.0,0.0,0.0,0.0,0.0,0.0,0.0,0.0,0.0,0.0,0.0,0.0,0.0,0.0,0.0,0.0,0,0,0.0,0,0,0,0,0.0,0,0,0
3,250,2500.081,2509.183,9,sem_arma,sem_arma,0.0,0.0,0.0,0.0,0.0,0.0,0.0,0.0,0.0,4.5229112958863673e-08,0.0,2.2407723507059848e-08,30.6656,30.6656,32.4285,32.4285,1.0,0.0,0.0,0.0,0.0,0.0,0.0,0.0,0.0,0.0,0.0,0.0,0.0,0.0,0.0,0.0,0.0,0,0,0.0,0,0,0,0,0.0,0,0,0
3,251,2510.184,2519.449,10,sem_arma,sem_arma,0.0,3.996003996030176e-06,3.9960039960301754e-05,3.99201198404613e-06,3.9920119840461296e-05,0.0,0.0,0.0,0.0,4.5229112958863673e-08,0.0,2.2407723507059848e-08,30.66587,30.6656,32.4286,32.4295,1.0,0.0,0.0,0.0,0.0,0.0,0.0,0.0,0.0,0.0,0.0,0.0,0.0,0.0,0.0,0.0,0.0,0,0,0.0,0,0,0,0,0.0,0,0,0
3,252,2520.495,2529.562,10,sem_arma,sem_arma,0.0,2.368181465444344,5.089258528239113,0.06926959323650486,3.208836032623331,1.1094659181132225,2.0426089154911415,0.85365045562838,0.4902189568029181,0.5636520893714214,0.931846235053859,0.6964316065197973,29.515254,5.92374,105.27435,198.977,1.0,0.0,0.0,0.0,0.0,0.0,0.0,0.0,0.0,0.0,0.0,0.0,0.0,0.0,0.0,0.0,0.0,0,0,0.0,0,0,0,0,0.0,0,0,0
3,253,2531.255,2539.503,9,sem_arma,sem_arma,0.0,0.9454242206452954,1.5573546511627916,0.046939036550514554,0.793446924876834,0.04282467543486295,0.38542192335832814,0.12847396797129948,0.042991282396436216,0.20750478247577162,0.657684953118607,0.6195382759561832,38.73128888888888,36.1389,121.974,122.223,1.0,0.0,0.0,0.0,0.0,0.0,0.0,0.0,0.0,0.0,0.0,0.0,0.0,0.0,0.0,0.0,0.0,0,0,0.0,0,0,0,0,0.0,0,0,0
3,254,2540.505,2549.82,10,sem_arma,sem_arma,0.0,0.2703107377253467,2.693117367265056,-0.10183165544241572,1.6721103859005748,0.09343767682658347,0.9343763545591979,0.29547573268505556,0.14833310509746897,0.20588847619273834,0.43369931918267157,0.30571422581137747,25.73445,25.7341,188.3153,188.318,1.0,0.0,0.0,0.0,0.0,0.0,0.0,0.0,0.0,0.0,0.0,0.0,0.0,0.0,0.0,0.0,0.0,0,0,0.0,0,0,0,0,0.0,0,0,0
3,255,2551.303,2559.859,9,sem_arma,sem_arma,0.0,0.21057460177074117,0.9546849048697568,0.04194156879648328,0.5880675068890764,0.26594705184943745,1.9884424452834084,0.6596819894220838,0.39686739460865456,0.19458483299654214,0.53298649819862,0.13960177042765698,23.351742222222224,4.54398,173.4798888888889,188.315,1.0,0.1111111111111111,0.0,0.1111111111111111,0.0,0.0,0.0,0.0,0.0,0.0,0.0,0.0,0.0,0.0,0.0,0.0,0.0,0,0,0.0,0,0,0,0,0.0,0,0,0
3,256,2560.86,2569.036,9,sem_arma,sem_arma,0.0,1.2695848386618798,3.203453443679647,0.11698264851678308,2.0677500819790384,0.6176719284490448,1.2325476626261178,0.35879580067453876,0.4069021556976542,0.48468226181842206,0.23598759624987206,0.5869663423136625,22.933073333333333,5.43347,68.73697444444444,122.523,1.0,0.0,0.1111111111111111,0.0,0.0,0.0,0.0,0.0,0.0,0.0,0.0,0.0,0.0,0.0,0.0,0.0,0.0,0,0,0.0,0,0,0,0,0.0,0,0,0
3,257,2570.04,2579.052,10,sem_arma,sem_arma,0.0,0.8449092438559948,2.5915561435991745,-0.042796273417818956,1.039623502405198,0.5614969321715357,1.3571357554626975,0.5888236780715514,0.45056026000805066,0.4658294097299585,0.058194738815941296,0.477546029479365,33.87954,18.4106,64.09947700000001,188.447,1.0,0.0,0.3,0.0,0.0,0.0,0.0,0.0,0.0,0.0,0.0,0.0,0.0,0.0,0.0,0.0,0.0,0,0,0.0,0,0,0,0,0.0,0,0,0
3,258,2580.051,2589.386,10,sem_arma,sem_arma,0.0,0.5604651082066775,1.539110420867173,-0.10139671068445819,1.5059556034291441,0.45344377682744375,1.3714137181044972,0.5462303640595597,0.5674764920787606,0.5610334795267514,0.1363752773275475,0.5639588390034235,17.507423,8.30865,26.670375999999997,32.9551,1.0,0.0,0.1,0.0,0.0,0.0,0.0,0.0,0.0,0.0,0.0,0.0,0.0,0.0,0.0,0.0,0.0,0,0,0.0,0,0,0,0,0.0,0,0,0
3,259,2590.386,2599.61,10,sem_arma,sem_arma,0.0,0.0,0.0,0.0,0.0,0.0,0.0,0.0,0.0,0.06035908222702961,0.10761715923060933,0.26858366822235263,28.8697,28.8697,32.9551,32.9551,1.0,0.0,0.0,0.0,0.0,0.0,0.0,0.0,0.0,0.0,0.0,0.0,0.0,0.0,0.0,0.0,0.0,0,0,0.0,0,0,0,0,0.0,0,0,0
3,260,2600.607,2609.619,10,sem_arma,sem_arma;M16A2,0.5,0.047168746677213866,0.47168746677213863,0.00018867574141182009,0.47263273223661184,0.028447186116655025,0.2844717718929357,0.08995786978379977,0.0568943529166958,0.06360982030762835,0.6762707526160382,0.0629705099469711,40.46275,28.8697,33.20745000000001,33.3156,1.0,0.0,0.0,0.0,0.0,0.0,0.0,0.0,0.0,0.0,0.0,0.0,0.0,0.0,0.0,0.0,0.0,0,0,0.0,0,0,0,0,0.0,0,0,0
3,261,2610.622,2619.634,10,M16A2,M16A2,1.0,0.0,0.0,0.0,0.0,1.487887035524169e-08,1.4901161193847656e-08,2.1286448925538963e-11,2.6750912265491874e-11,2.9234346717865864e-11,1.0,0.02698736064312269,45.4312,45.4312,33.3156,33.3156,1.0,0.0,0.0,0.0,0.0,0.0,0.0,0.0,0.0,0.0,0.0,0.0,0.0,0.0,0.0,0.0,0.0,0,0,0.0,0,0,0,0,0.0,0,0,0
3,262,2620.771,2629.307,9,M16A2,M16A2,1.0,0.0,0.0,0.0,0.0,1.4031981993884677e-08,1.4945999191421922e-08,1.4851965152754994e-09,1.5468819381540597e-09,1.0819110583082713e-09,0.3333333333333333,8.471581638461554e-10,45.4312,45.4312,33.3156,33.3156,1.0,0.0,0.0,0.0,0.0,0.0,0.0,0.0,0.0,0.0,0.0,0.0,0.0,0.0,0.0,0.0,0.0,0,0,0.0,0,0,0,0,0.0,0,0,0
3,263,2630.271,2639.375,10,M16A2,M16A2,1.0,0.0,0.0,0.0,0.0,1.4807656238145704e-08,1.5457636093202964e-08,3.421516986908954e-10,4.711156526312338e-10,6.916332555146594e-10,0.0,1.1521176809536031e-09,45.4312,45.4312,33.3156,33.3156,1.0,0.0,0.0,0.0,0.0,0.0,0.0,0.0,0.0,0.0,0.0,0.0,0.0,0.0,0.0,0.0,0.0,0,0,0.0,0,0,0,0,0.0,0,0,0
3,264,2640.376,2649.43,10,M16A2,M16A2,1.0,0.0,0.0,0.0,0.0,1.482193856216573e-08,1.4945999191421922e-08,1.9100057977383206e-10,2.2381604826399108e-10,1.928439263574252e-10,0.0,2.438166299359029e-10,45.4312,45.4312,33.3156,33.3156,1.0,0.0,0.0,0.0,0.0,0.0,0.0,0.0,0.0,0.0,0.0,0.0,0.0,0.0,0.0,0.0,0.0,0,0,0.0,0,0,0,0,0.0,0,0,0
3,265,2650.429,2659.47,10,M16A2,M16A2,1.0,0.09947728431381336,0.7716123663409356,0.07541606761066369,0.5314456294028463,0.07461228559516003,0.5702973981929691,0.18272132408417305,0.05702973835893259,0.03260248021635292,0.18781163927170721,0.02383221749519477,40.278047,5.82137,27.182704,34.1519,1.0,0.0,0.0,0.0,0.0,0.0,0.0,0.0,0.0,0.0,0.0,0.0,0.0,0.0,0.0,0.0,0.0,0,0,0.0,0,0,0,0,0.0,0,0,0
3,266,2660.472,2669.528,10,AKM,M16A2;AKM,1.0,0.05938360090453352,0.3437874306992714,-0.07680340108768863,0.2493006763171124,0.06123168510616824,0.6034150407159953,0.1905243527683848,0.17771274796249598,0.18048557258344042,0.8827554424553018,0.1961210035177987,15.407209,5.82137,34.25271,34.5664,1.0,0.0,0.0,0.0,0.0,0.0,0.0,0.0,0.0,0.0,0.0,0.0,0.0,0.0,0.0,0.0,0.0,0,0,0.0,0,0,0,0,0.0,0,0,0
3,267,2670.546,2679.57,10,sem_arma,AKM;sem_arma,0.2,0.29452955823945876,1.0712044933587304,-0.0005359431925241687,1.063758186056336,0.08416976587784436,0.7184428262503204,0.22435438055120202,0.16828478714800085,0.18242887104894695,0.3509471332679618,0.2614793486406801,10.065769,7.01246,34.33879,35.0383,1.0,0.0,0.0,0.0,0.0,0.0,0.0,0.0,0.0,0.0,0.0,0.0,0.0,0.0,0.0,0.0,0.0,0,0,0.0,0,0,0,0,0.0,0,0,0
3,268,2680.571,2689.579,10,sem_arma,sem_arma,0.0,0.0,0.0,0.0,0.0,1.4887814059442429e-08,1.4945999191421922e-08,2.9283377624692594e-11,3.271747659266303e-11,0.0031202655985879207,0.11060995548831427,0.014065456374650495,12.7341,12.7341,33.9781,33.9781,1.0,0.0,0.0,0.0,0.0,0.0,0.0,0.0,0.0,0.0,0.0,0.0,0.0,0.0,0.0,0.0,0.0,0,0,0.0,0,0,0,0,0.0,0,0,0
3,269,2690.58,2699.591,10,sem_arma,sem_arma,0.0,0.34941550020041146,1.8029414702892632,0.10897364863915009,1.804746216505769,0.08083354239254513,0.37192445330222607,0.1461444165012033,0.10716200494447006,0.06668333136567041,0.6514556724917883,0.05013714844777526,17.046268,9.77588,31.585302000000002,35.9709,1.0,0.0,0.1,0.0,0.0,0.0,0.0,0.0,0.0,0.0,0.0,0.0,0.0,0.0,0.0,0.0,0.0,0,0,0.0,0,0,0,0,0.0,0,0,0
3,327,3274.416,3274.416,1,sem_arma,sem_arma,0.0,6514.53156411406,6514.53156411406,6513.443032993696,6513.443032993696,0.2797750237404325,0.2797750237404325,0.0,0.04799616341744112,0.15735434813066962,0.9995935724911089,0.1554348604343258,180.0,180.0,0.0,0.0,0.0,0.0,0.0,0.0,0.0,0.0,0.0,0.0,0.0,0.0,0.0,0.0,0.0,0.0,0.0,0.0,0.0,0,0,0.0,0,0,0,0,0.0,0,0,0
