jogador_sessao,janela_analise_10s,inicio_janela_s,fim_janela_s,amostras,vel_posicao_media,vel_posicao_max,aceleracao_media,aceleracao_max,vel_rotacao_media,vel_rotacao_max,vel_rotacao_std,jitter_medio,entropia_media,eficiencia_trajeto_media,variacao_camera_media,angulo_alvo_medio,angulo_alvo_min,distancia_alvo_media,distancia_alvo_max,taxa_alvo_encontrado,taxa_alvo_na_mira,taxa_visao_direta,taxa_alvo_oculto,taxa_mirando_alvo,taxa_mira_oculta,duracao_rastreando_oculto_max,duracao_mirando_oculto_max,duracao_perseguicao_oculta_max,taxa_alvo_oculto_300m,taxa_mira_oculta_300m,duracao_observando_oculto_300m_max,duracao_mirando_oculto_300m_max,taxa_ads_oculta_300m,taxa_precisao_oculta_300m,duracao_ads_oculto_300m_max,duracao_precisao_oculta_300m_max,contagem_episodios_esp_120s_max,contagem_episodios_ads_120s_max,duracao_speedhack_max,pontos_evento_total,pontos_suspeita_60s_max,tipos_evidencia_60s_max,nivel_suspeita_max,indice_regra_0a1,padrao_suspeito,candidato_revisao,candidato_banimento
1,0,0.0,9.783,11,0.0,0.0,0.0,0.0,1.3932144345650204e-08,1.9302022271823388e-08,4.807887459600956e-09,2.2520487492527688e-09,3.828956513794781e-09,0.0,6.353665711015723e-09,30.352545454545453,28.632,3.5211945454545455,4.42722,1.0,0.0,0.0,0.0,0.0,0.0,0.0,0.0,0.0,0.0,0.0,0.0,0.0,0.0,0.0,0.0,0.0,0,0,0.0,0,0,0,0,0.0,0,0,0
1,1,10.779,19.624,9,0.0,0.0,0.0,0.0,1.4127670142935468e-08,1.4961005214706483e-08,2.2386219156607703e-09,1.5737683441178015e-09,1.0426058344603769e-09,0.0,7.669370441768843e-10,28.655444444444445,28.6222,3.4297466666666665,3.43312,1.0,0.0,0.0,0.0,0.0,0.0,0.0,0.0,0.0,0.0,0.0,0.0,0.0,0.0,0.0,0.0,0.0,0,0,0.0,0,0,0,0,0.0,0,0,0
1,2,20.621,29.634,10,0.0,0.0,0.0,0.0,1.4887508940157506e-08,1.5066897061524426e-08,1.4258207329140835e-10,2.1358081646524598e-10,7.189606527476309e-10,0.0,1.5281784755327419e-09,28.65102,28.6214,3.4305259999999995,3.43339,1.0,0.0,0.0,0.0,0.0,0.0,0.0,0.0,0.0,0.0,0.0,0.0,0.0,0.0,0.0,0.0,0.0,0,0,0.0,0,0,0,0,0.0,0,0,0
1,3,30.629,39.65,10,0.0,0.0,0.0,0.0,1.4877595473153333e-08,1.4976041400851914e-08,6.275439037144835e-11,9.065121706478494e-11,7.630725446845045e-11,0.0,1.0306882660255246e-10,28.65765,28.6265,3.4299790000000003,3.43271,1.0,0.0,0.0,0.0,0.0,0.0,0.0,0.0,0.0,0.0,0.0,0.0,0.0,0.0,0.0,0.0,0.0,0,0,0.0,0,0,0,0,0.0,0,0,0
1,4,40.64,49.658,10,0.0,0.0,0.0,0.0,1.4890400505957123e-08,1.5051677973583492e-08,1.3801963462121172e-10,2.2338242409964464e-10,1.379509553396725e-10,0.0,1.1875358042676867e-10,28.65996,28.632,3.429804,3.43312,1.0,0.0,0.0,0.0,0.0,0.0,0.0,0.0,0.0,0.0,0.0,0.0,0.0,0.0,0.0,0.0,0.0,0,0,0.0,0,0,0,0,0.0,0,0,0
1,5,50.659,59.673,10,0.0,0.0,0.0,0.0,1.4879324674608612e-08,1.502133184863675e-08,8.927912970120567e-11,1.100831155167089e-10,8.351704142505264e-11,0.0,9.237784067152312e-11,28.647520000000004,28.6247,3.4310110000000003,3.43344,1.0,0.0,0.0,0.0,0.0,0.0,0.0,0.0,0.0,0.0,0.0,0.0,0.0,0.0,0.0,0.0,0.0,0,0,0.0,0,0,0,0,0.0,0,0,0
1,6,60.667,69.069,9,0.0,0.0,0.0,0.0,1.4426449580117878e-08,1.5006204626231275e-08,1.3902674041839778e-09,1.0743172266348112e-09,7.031696377956189e-10,0.0,5.141935975133051e-10,28.655255555555552,28.6215,3.4298188888888888,3.43366,1.0,0.0,0.0,0.0,0.0,0.0,0.0,0.0,0.0,0.0,0.0,0.0,0.0,0.0,0.0,0.0,0.0,0,0,0.0,0,0,0,0,0.0,0,0,0
1,7,70.071,79.079,10,0.0,0.0,0.0,0.0,1.4886387599641787e-08,1.4945999191421922e-08,4.3127854277383056e-11,6.088031023538723e-11,4.0809170129945676e-10,0.0,9.35435599665465e-10,28.655790000000003,28.6258,3.430089,3.43341,1.0,0.0,0.0,0.0,0.0,0.0,0.0,0.0,0.0,0.0,0.0,0.0,0.0,0.0,0.0,0.0,0.0,0,0,0.0,0,0,0,0,0.0,0,0,0
1,8,80.082,89.091,10,0.0,0.0,0.0,0.0,1.4883467041553942e-08,1.4976041400851914e-08,5.23816229539786e-11,8.030123985751893e-11,5.1796194126801235e-11,0.0,4.74444478034722e-11,28.65568,28.6286,3.430598,3.43312,1.0,0.0,0.0,0.0,0.0,0.0,0.0,0.0,0.0,0.0,0.0,0.0,0.0,0.0,0.0,0.0,0.0,0,0,0.0,0,0,0,0,0.0,0,0,0
1,9,90.09,99.1,10,0.0,0.0,0.0,0.0,1.4888186779096713e-08,1.5066897061524426e-08,8.392422701590673e-11,8.644599709798221e-11,6.95392052157326e-11,0.0,6.268371945800209e-11,28.65865,28.6363,3.429766,3.43289,1.0,0.0,0.0,0.0,0.0,0.0,0.0,0.0,0.0,0.0,0.0,0.0,0.0,0.0,0.0,0.0,0.0,0,0,0.0,0,0,0,0,0.0,0,0,0
1,10,100.099,109.114,10,0.0,0.0,0.0,0.0,1.4880486912275317e-08,1.4976041400851914e-08,5.1187635393975694e-11,5.8004068252041366e-11,6.356734354376018e-11,0.0,7.482004782115004e-11,28.649099999999997,28.6223,3.430708,3.43366,1.0,0.0,0.0,0.0,0.0,0.0,0.0,0.0,0.0,0.0,0.0,0.0,0.0,0.0,0.0,0.0,0.0,0,0,0.0,0,0,0,0,0.0,0,0,0
1,11,110.113,119.117,10,0.0,0.0,0.0,0.0,1.4897071000616753e-08,1.5036489600249905e-08,7.92389013342685e-11,1.1921139761114424e-10,6.795976263244179e-11,0.0,6.050036010237518e-11,28.653109999999998,28.6175,3.4300849999999996,3.4334,1.0,0.0,0.0,0.0,0.0,0.0,0.0,0.0,0.0,0.0,0.0,0.0,0.0,0.0,0.0,0.0,0.0,0,0,0.0,0,0,0,0,0.0,0,0,0
1,12,120.12,129.133,10,0.0,0.0,0.0,0.0,1.4877488839223035e-08,1.4961005214706483e-08,4.666596414972975e-11,4.314121547119985e-11,6.053080787486874e-11,0.0,6.680504113071513e-11,28.65715,28.6311,3.429991,3.43313,1.0,0.0,0.0,0.0,0.0,0.0,0.0,0.0,0.0,0.0,0.0,0.0,0.0,0.0,0.0,0.0,0.0,0,0,0.0,0,0,0,0,0.0,0,0,0
1,13,130.131,139.141,10,0.0,0.0,0.0,0.0,1.488954252172097e-08,1.4976041400851914e-08,6.947054456327766e-11,8.010703682863595e-11,6.722080536695701e-11,0.0,6.220214514120538e-11,28.65518,28.6341,3.430651,3.43286,1.0,0.0,0.0,0.0,0.0,0.0,0.0,0.0,0.0,0.0,0.0,0.0,0.0,0.0,0.0,0.0,0.0,0,0,0.0,0,0,0,0,0.0,0,0,0
1,14,140.146,149.158,10,0.0,0.0,0.0,0.0,1.4876146224463067e-08,1.5006204626231275e-08,6.743174305402048e-11,9.086912643918112e-11,7.4218216792468e-11,0.0,7.080814996432555e-11,28.65679,28.6329,3.429847,3.43316,1.0,0.0,0.0,0.0,0.0,0.0,0.0,0.0,0.0,0.0,0.0,0.0,0.0,0.0,0.0,0.0,0.0,0,0,0.0,0,0,0,0,0.0,0,0,0
1,15,150.158,159.353,10,0.0,0.0,0.0,0.0,1.4655100962261893e-08,1.5006204626231275e-08,7.440131232080037e-10,2.894469265616339e-10,1.464450081494862e-10,0.0,1.1994945130500466e-10,28.650470000000002,28.6224,3.4305079999999997,3.4334,1.0,0.0,0.0,0.0,0.0,0.0,0.0,0.0,0.0,0.0,0.0,0.0,0.0,0.0,0.0,0.0,0.0,0,0,0.0,0,0,0,0,0.0,0,0,0
1,16,160.358,169.375,10,0.0,0.0,0.0,0.0,1.4868749406422546e-08,1.4961005214706483e-08,7.030329262554418e-11,3.2050051592577e-10,4.648252452829913e-10,0.0,6.752983734140958e-10,28.651519999999998,28.6215,3.430211,3.43366,1.0,0.0,0.0,0.0,0.0,0.0,0.0,0.0,0.0,0.0,0.0,0.0,0.0,0.0,0.0,0.0,0.0,0,0,0.0,0,0,0,0,0.0,0,0,0
1,17,170.363,179.378,10,0.0,0.0,0.0,0.0,1.48974034198545e-08,1.5082146957335685e-08,1.0868714552563111e-10,1.3592905326394096e-10,1.1036669089815505e-10,0.0,1.049241645614268e-10,28.656209999999998,28.6262,3.4300319999999997,3.43313,1.0,0.0,0.0,0.0,0.0,0.0,0.0,0.0,0.0,0.0,0.0,0.0,0.0,0.0,0.0,0.0,0.0,0,0,0.0,0,0,0,0,0.0,0,0,0
1,18,180.378,189.4,10,0.0,0.0,0.0,0.0,1.4868997950142066e-08,1.502133184863675e-08,9.511236522325195e-11,1.18788997142113e-10,9.006445150983184e-11,0.0,8.368637749290976e-11,28.65526,28.629,3.4306530000000004,3.43308,1.0,0.0,0.0,0.0,0.0,0.0,0.0,0.0,0.0,0.0,0.0,0.0,0.0,0.0,0.0,0.0,0.0,0,0,0.0,0,0,0,0,0.0,0,0,0
1,19,190.39,199.403,10,0.0,0.0,0.0,0.0,1.4897168694088157e-08,1.5051677973583492e-08,8.880661606809972e-11,1.338425215945033e-10,1.0277339179723332e-10,0.0,1.0737988159396329e-10,28.658859999999997,28.6393,3.4297359999999997,3.43263,1.0,0.0,0.0,0.0,0.0,0.0,0.0,0.0,0.0,0.0,0.0,0.0,0.0,0.0,0.0,0.0,0.0,0,0,0.0,0,0,0,0,0.0,0,0,0
1,20,200.402,209.423,10,0.0,0.0,0.0,0.0,1.4875743026619974e-08,1.5441617817458713e-08,2.6770591652349427e-10,2.999658078689163e-10,2.4469765357058526e-10,0.0,1.865686605569192e-10,28.65028,28.627,3.4306069999999997,3.43367,1.0,0.0,0.0,0.0,0.0,0.0,0.0,0.0,0.0,0.0,0.0,0.0,0.0,0.0,0.0,0.0,0.0,0,0,0.0,0,0,0,0,0.0,0,0,0
1,21,210.423,219.435,10,0.0,0.0,0.0,0.0,1.488354663989652e-08,1.4961005214706483e-08,6.364448117315382e-11,8.460788009742782e-11,6.613376735828313e-11,0.0,1.5611034891915985e-10,28.6527,28.618,3.430142,3.43341,1.0,0.0,0.0,0.0,0.0,0.0,0.0,0.0,0.0,0.0,0.0,0.0,0.0,0.0,0.0,0.0,0.0,0,0,0.0,0,0,0,0,0.0,0,0,0
1,22,220.435,229.442,10,0.0,0.0,0.0,0.0,1.489101169076783e-08,1.5006204626231275e-08,6.736450605250727e-11,9.23068995107316e-11,6.836847013362415e-11,0.0,6.382630072685215e-11,28.6572,28.6312,3.4299929999999996,3.43313,1.0,0.0,0.0,0.0,0.0,0.0,0.0,0.0,0.0,0.0,0.0,0.0,0.0,0.0,0.0,0.0,0.0,0,0,0.0,0,0,0,0,0.0,0,0,0
1,23,230.451,239.458,10,0.0,0.0,0.0,0.0,1.4878089889863265e-08,1.5036489600249905e-08,1.0998358336316294e-10,1.5431486128159595e-10,9.753832363530171e-11,0.0,8.520586407089049e-11,28.65643,28.6342,3.430551,3.43286,1.0,0.0,0.0,0.0,0.0,0.0,0.0,0.0,0.0,0.0,0.0,0.0,0.0,0.0,0.0,0.0,0.0,0,0,0.0,0,0,0,0,0.0,0,0,0
1,24,240.461,249.46,10,0.0,0.0,0.0,0.0,1.4898353522197942e-08,1.4976041400851914e-08,5.332481403143414e-11,7.431169113762857e-11,7.175180238243497e-11,0.0,8.574628703100463e-11,28.65786,28.632,3.429739,3.43344,1.0,0.0,0.0,0.0,0.0,0.0,0.0,0.0,0.0,0.0,0.0,0.0,0.0,0.0,0.0,0.0,0.0,0,0,0.0,0,0,0,0,0.0,0,0,0
1,25,250.463,259.471,10,0.0,0.0,0.0,0.0,1.4884914059932226e-08,1.4961005214706483e-08,4.568065649333296e-11,6.09901825654777e-11,4.5788770468508163e-11,0.0,5.009578693766021e-11,28.650150000000004,28.6193,3.430535,3.43339,1.0,0.0,0.0,0.0,0.0,0.0,0.0,0.0,0.0,0.0,0.0,0.0,0.0,0.0,0.0,0.0,0.0,0,0,0.0,0,0,0,0,0.0,0,0,0
1,26,260.478,269.481,10,0.0,0.0,0.0,0.0,1.4886432295211047e-08,1.4961005214706483e-08,5.10037305919312e-11,6.542970343561187e-11,5.351434084972894e-11,0.0,5.499696385138613e-11,28.65533,28.6215,3.4299779999999997,3.43313,1.0,0.0,0.0,0.0,0.0,0.0,0.0,0.0,0.0,0.0,0.0,0.0,0.0,0.0,0.0,0.0,0.0,0,0,0.0,0,0,0,0,0.0,0,0,0
1,27,270.485,279.497,10,0.0,0.0,0.0,0.0,1.487748584231893e-08,1.4976041400851914e-08,4.612677318940215e-11,6.396179913024292e-11,5.051402531203525e-11,0.0,4.812695690732384e-11,28.660379999999996,28.6295,3.4297130000000005,3.43271,1.0,0.0,0.0,0.0,0.0,0.0,0.0,0.0,0.0,0.0,0.0,0.0,0.0,0.0,0.0,0.0,0.0,0,0,0.0,0,0,0,0,0.0,0,0,0
1,28,280.499,289.511,10,0.0,0.0,0.0,0.0,1.4880498531034809e-08,1.4961005214706483e-08,5.2991550121680445e-11,6.094297698101877e-11,4.796290155322907e-11,0.0,4.576794637481053e-11,28.651120000000002,28.632,3.4309800000000004,3.43344,1.0,0.0,0.0,0.0,0.0,0.0,0.0,0.0,0.0,0.0,0.0,0.0,0.0,0.0,0.0,0.0,0.0,0,0,0.0,0,0,0,0,0.0,0,0,0
1,29,290.509,299.515,10,0.0,0.0,0.0,0.0,1.4895427290481246e-08,1.5006204626231275e-08,6.095712231525586e-11,9.236573206866394e-11,6.371397448635261e-11,0.0,6.400206299124563e-11,28.65613,28.623,3.429792,3.43312,1.0,0.0,0.0,0.0,0.0,0.0,0.0,0.0,0.0,0.0,0.0,0.0,0.0,0.0,0.0,0.0,0.0,0,0,0.0,0,0,0,0,0.0,0,0,0
1,30,300.516,309.526,10,0.0,0.0,0.0,0.0,1.4884845762726225e-08,1.4945999191421922e-08,3.0944095629872204e-11,4.1649188574445686e-11,3.3172738269644334e-11,0.0,3.9194286230052527e-11,28.65054,28.6215,3.4305459999999997,3.43366,1.0,0.0,0.0,0.0,0.0,0.0,0.0,0.0,0.0,0.0,0.0,0.0,0.0,0.0,0.0,0.0,0.0,0,0,0.0,0,0,0,0,0.0,0,0,0
1,31,310.53,319.539,10,0.0,0.0,0.0,0.0,0.08989456172075763,0.6333086875544179,0.20838865574680182,0.06333086731882169,0.03971945688509965,0.0,0.029239038649585748,31.76588,28.626,3.430106,3.43312,1.0,0.0,0.0,0.0,0.0,0.0,0.0,0.0,0.0,0.0,0.0,0.0,0.0,0.0,0.0,0.0,0.0,0,0,0.0,0,0,0,0,0.0,0,0,0
1,32,320.541,329.562,10,1.0673905182621428,2.6050758881117555,0.1610787689444487,1.5739389350782953,1.0103306983013054,3.0779029168030347,0.8975925877265795,0.7491084715686538,0.682513063265291,0.5240034214116769,0.5754439518637141,79.58930000000001,12.8227,4.128898,7.56621,1.0,0.0,0.0,0.0,0.0,0.0,0.0,0.0,0.0,0.0,0.0,0.0,0.0,0.0,0.0,0.0,0.0,0,0,0.0,0,0,0,0,0.0,0,0,0
1,33,330.566,339.583,10,0.9624520118427015,2.6966198440271993,-0.1594991994182697,1.512566643942884,0.3312408811829291,1.9353730550204349,0.6255630818967287,0.6672977008782437,0.7099669906148081,0.3608692637622638,0.8384551486902465,114.52429,19.3553,6.054434,6.69318,1.0,0.0,0.0,0.0,0.0,0.0,0.0,0.0,0.0,0.0,0.0,0.0,0.0,0.0,0.0,0.0,0.0,0,0,0.0,0,0,0,0,0.0,0,0,0
1,34,340.584,349.594,10,1199.5621349625403,11995.621349625402,0.0,11983.63771191349,2.105033811982845e-08,2.1115655566580177e-08,4.023607866534498e-11,4.6269272533828445e-11,3.9816926638278055e-11,0.9983903023573761,0.24897419339482224,75.68196,68.0747,1.7290079999999999,1.84049,1.0,0.0,1.0,0.0,0.0,0.0,0.0,0.0,0.0,0.0,0.0,0.0,0.0,0.0,0.0,0.0,0.0,0,0,0.0,0,0,0,0,0.0,0,0,0
1,35,350.591,359.609,10,0.0,0.0,0.0,0.0,2.1042171900398805e-08,2.1136834759726197e-08,8.504393903276372e-11,1.048537068484698e-10,7.896937509151146e-11,0.9997584047291218,6.168673138185629e-09,83.846,31.3155,2.7504020000000002,3.66927,1.0,0.0,1.0,0.0,0.0,0.0,0.0,0.0,0.0,0.0,0.0,0.0,0.0,0.0,0.0,0.0,0.0,0,0,0.0,0,0,0,0,0.0,0,0,0
1,36,360.601,369.617,10,0.21068856779854409,2.106885677985441,0.21068856779854409,2.106885677985441,0.2613346218092766,1.3591476887022886,0.49285141061547316,0.3120686972068848,0.15321672665943267,0.09991472692351198,0.11619912765604698,55.78643999999999,31.9373,2.288808,2.91813,1.0,0.0,1.0,0.0,0.0,0.0,0.0,0.0,0.0,0.0,0.0,0.0,0.0,0.0,0.0,0.0,0.0,0,0,0.0,0,0,0,0,0.0,0,0,0
1,37,370.622,379.629,10,2.0484169931944836,3.8838803022878636,-0.07641334756204879,2.2294845887134374,0.7617002620135643,1.8820864397699504,0.7244453445894161,0.5753235944132078,0.5707147160565321,0.4269108125157725,0.6972004749124848,41.21163,22.6079,3.6836930000000003,6.34151,1.0,0.0,1.0,0.0,0.0,0.0,0.0,0.0,0.0,0.0,0.0,0.0,0.0,0.0,0.0,0.0,0.0,0,0,0.0,0,0,0,0,0.0,0,0,0
1,38,380.625,389.637,10,1.6105352122069942,3.8271628748534,-0.13021753504879668,2.513884755125634,0.6090418826833283,2.5189638501548157,0.7835230077929111,0.7574259431318786,0.862053356563677,0.1162469580961389,0.7193699610320481,92.92519,25.0593,8.925229,17.4841,1.0,0.0,0.6,0.0,0.0,0.0,0.0,0.0,0.0,0.0,0.0,0.0,0.0,0.0,0.0,0.0,0.0,0,0,0.0,0,0,0,0,0.0,0,0,0
1,39,390.638,399.651,10,0.3845757341634592,1.9310679172686382,0.0012789143647490286,0.7080106609417506,0.26222856940550404,1.36957034325605,0.42982323063645067,0.40330154865090845,0.4704146554234606,0.31366234503850365,0.6177653625381044,40.42976,17.05,5.75565,14.2451,1.0,0.0,1.0,0.0,0.0,0.0,0.0,0.0,0.0,0.0,0.0,0.0,0.0,0.0,0.0,0.0,0.0,0,0,0.0,0,0,0,0,0.0,0,0,0
1,40,400.649,409.657,10,0.07915319840712406,0.5476960955613889,-0.0013275785197062822,0.5449712393645662,0.005005257668166069,0.05004587260596982,0.015825659075586494,0.010009174521193964,0.03375335230043134,0.5022499326551471,0.2405837400645426,26.70666,15.4538,12.56584,15.8968,1.0,0.0,0.3,0.0,0.0,0.0,0.0,0.0,0.0,0.0,0.0,0.0,0.0,0.0,0.0,0.0,0.0,0,0,0.0,0,0,0,0,0.0,0,0,0
1,41,410.66,419.673,10,0.0,0.0,0.0,0.0,0.0,0.0,0.0,0.0,0.0,0.6854703794911419,0.0015827990356911512,30.317880000000002,30.2971,10.77504,10.7838,1.0,0.0,0.0,0.0,0.0,0.0,0.0,0.0,0.0,0.0,0.0,0.0,0.0,0.0,0.0,0.0,0.0,0,0,0.0,0,0,0,0,0.0,0,0,0
1,42,420.673,429.678,10,0.0,0.0,0.0,0.0,0.0,0.0,0.0,0.0,0.0,0.19993873857058692,2.638777583563012e-08,30.32307,30.2947,10.77673,10.7867,1.0,0.0,0.0,0.0,0.0,0.0,0.0,0.0,0.0,0.0,0.0,0.0,0.0,0.0,0.0,0.0,0.0,0,0,0.0,0,0,0,0,0.0,0,0,0
1,43,430.678,439.69,10,0.0,0.0,0.0,0.0,0.0,0.0,0.0,0.0,0.0,0.0,2.638777583563012e-08,30.32151,30.2938,10.7757,10.786,1.0,0.0,0.0,0.0,0.0,0.0,0.0,0.0,0.0,0.0,0.0,0.0,0.0,0.0,0.0,0.0,0.0,0,0,0.0,0,0,0,0,0.0,0,0,0
1,44,440.688,449.697,10,0.0,0.0,0.0,0.0,0.0,0.0,0.0,0.0,0.0,0.0,2.638777583563012e-08,28.75736,22.6033,6.204693000000001,10.7728,1.0,0.0,0.8,0.0,0.0,0.0,0.0,0.0,0.0,0.0,0.0,0.0,0.0,0.0,0.0,0.0,0.0,0,0,0.0,0,0,0,0,0.0,0,0,0
1,45,450.698,459.714,10,0.0,0.0,0.0,0.0,0.0,0.0,0.0,0.0,0.0,0.0,2.638777583563012e-08,18.519550000000002,15.962,7.344619,7.65721,1.0,0.0,0.2,0.0,0.0,0.0,0.0,0.0,0.0,0.0,0.0,0.0,0.0,0.0,0.0,0.0,0.0,0,0,0.0,0,0,0,0,0.0,0,0,0
1,46,460.713,469.722,10,0.0,0.0,0.0,0.0,0.0,0.0,0.0,0.0,0.0,0.0,2.638777583563012e-08,17.44745,15.5762,7.563312000000001,7.95099,1.0,0.0,0.1,0.0,0.0,0.0,0.0,0.0,0.0,0.0,0.0,0.0,0.0,0.0,0.0,0.0,0.0,0,0,0.0,0,0,0,0,0.0,0,0,0
1,47,470.723,479.735,10,0.0,0.0,0.0,0.0,0.0,0.0,0.0,0.0,0.0,0.0,2.638777583563012e-08,30.015530000000002,25.2288,4.727259999999999,5.96252,1.0,0.0,1.0,0.0,0.0,0.0,0.0,0.0,0.0,0.0,0.0,0.0,0.0,0.0,0.0,0.0,0.0,0,0,0.0,0,0,0,0,0.0,0,0,0
1,48,480.737,489.743,10,0.0,0.0,0.0,0.0,0.0,0.0,0.0,0.0,0.0,0.0,2.638777583563012e-08,22.881890000000002,18.759,10.593720000000001,11.9947,1.0,0.0,0.9,0.0,0.0,0.0,0.0,0.0,0.0,0.0,0.0,0.0,0.0,0.0,0.0,0.0,0.0,0,0,0.0,0,0,0,0,0.0,0,0,0
1,49,490.742,499.755,10,0.0,0.0,0.0,0.0,0.0,0.0,0.0,0.0,0.0,0.0,2.638777583563012e-08,18.77374,18.6103,10.488330000000001,11.8786,1.0,0.0,1.0,0.0,0.0,0.0,0.0,0.0,0.0,0.0,0.0,0.0,0.0,0.0,0.0,0.0,0.0,0,0,0.0,0,0,0,0,0.0,0,0,0
1,50,500.754,509.767,10,0.0,0.0,0.0,0.0,0.0,0.0,0.0,0.0,0.0,0.0,2.638777583563012e-08,20.54743,18.7845,9.316567000000001,10.1012,1.0,0.0,1.0,0.0,0.0,0.0,0.0,0.0,0.0,0.0,0.0,0.0,0.0,0.0,0.0,0.0,0.0,0,0,0.0,0,0,0,0,0.0,0,0,0
1,51,510.766,519.777,10,0.0,0.0,0.0,0.0,0.0,0.0,0.0,0.0,0.0,0.0,2.638777583563012e-08,26.63267,25.3629,5.926912,6.2289,1.0,0.0,1.0,0.0,0.0,0.0,0.0,0.0,0.0,0.0,0.0,0.0,0.0,0.0,0.0,0.0,0.0,0,0,0.0,0,0,0,0,0.0,0,0,0
1,52,520.775,529.786,10,0.0,0.0,0.0,0.0,0.0,0.0,0.0,0.0,0.0,0.0,2.638777583563012e-08,25.4027,25.3652,6.218605999999999,6.22891,1.0,0.0,1.0,0.0,0.0,0.0,0.0,0.0,0.0,0.0,0.0,0.0,0.0,0.0,0.0,0.0,0.0,0,0,0.0,0,0,0,0,0.0,0,0,0
1,53,530.783,539.797,10,0.0,0.0,0.0,0.0,0.0,0.0,0.0,0.0,0.0,0.0,2.638777583563012e-08,26.24594,25.3669,6.072482,6.22904,1.0,0.0,1.0,0.0,0.0,0.0,0.0,0.0,0.0,0.0,0.0,0.0,0.0,0.0,0.0,0.0,0.0,0,0,0.0,0,0,0,0,0.0,0,0,0
1,54,540.8,549.805,10,0.0,0.0,0.0,0.0,0.0,0.0,0.0,0.0,0.0,0.0,2.638777583563012e-08,30.50958,24.3591,4.580578,6.0334,1.0,0.0,1.0,0.0,0.0,0.0,0.0,0.0,0.0,0.0,0.0,0.0,0.0,0.0,0.0,0.0,0.0,0,0,0.0,0,0,0,0,0.0,0,0,0
1,55,550.806,559.819,10,0.0,0.0,0.0,0.0,0.0,0.0,0.0,0.0,0.0,0.0,2.638777583563012e-08,28.950979999999998,13.8216,8.415061,13.5936,1.0,0.0,0.9,0.0,0.0,0.0,0.0,0.0,0.0,0.0,0.0,0.0,0.0,0.0,0.0,0.0,0.0,0,0,0.0,0,0,0,0,0.0,0,0,0
1,56,560.82,569.828,10,0.0,0.0,0.0,0.0,0.0,0.0,0.0,0.0,0.0,0.0,2.638777583563012e-08,57.80693,54.4283,6.876295000000001,7.08416,1.0,0.0,1.0,0.0,0.0,0.0,0.0,0.0,0.0,0.0,0.0,0.0,0.0,0.0,0.0,0.0,0.0,0,0,0.0,0,0,0,0,0.0,0,0,0
1,57,570.833,579.839,10,0.0,0.0,0.0,0.0,0.0,0.0,0.0,0.0,0.0,0.0,2.638777583563012e-08,46.944630000000004,25.2008,6.72601,7.35556,1.0,0.0,0.8,0.0,0.0,0.0,0.0,0.0,0.0,0.0,0.0,0.0,0.0,0.0,0.0,0.0,0.0,0,0,0.0,0,0,0,0,0.0,0,0,0
1,58,580.843,589.852,10,0.0,0.0,0.0,0.0,0.0,0.0,0.0,0.0,0.0,0.0,2.638777583563012e-08,26.79504,21.9231,5.348622000000001,6.31289,1.0,0.0,1.0,0.0,0.0,0.0,0.0,0.0,0.0,0.0,0.0,0.0,0.0,0.0,0.0,0.0,0.0,0,0,0.0,0,0,0,0,0.0,0,0,0
1,59,590.854,599.86,10,0.0,0.0,0.0,0.0,0.0,0.0,0.0,0.0,0.0,0.0,2.638777583563012e-08,21.95424,21.9285,6.313286,6.31904,1.0,0.0,1.0,0.0,0.0,0.0,0.0,0.0,0.0,0.0,0.0,0.0,0.0,0.0,0.0,0.0,0.0,0,0,0.0,0,0,0,0,0.0,0,0,0
1,60,600.859,609.872,10,0.0,0.0,0.0,0.0,0.4465666849674251,1.9729729240660827,0.7627294119988486,0.7117815424218381,0.7301561572261683,0.0,0.6725937074586132,103.25122999999999,53.4553,5.920423,6.32228,1.0,0.0,1.0,0.0,0.0,0.0,0.0,0.0,0.0,0.0,0.0,0.0,0.0,0.0,0.0,0.0,0.0,0,0,0.0,0,0,0,0,0.0,0,0,0
1,61,610.869,619.876,10,0.0,0.0,0.0,0.0,0.0,0.0,0.0,0.0,0.0,0.0,0.25287862936264865,85.19488,46.4366,3.086682,3.45004,1.0,0.0,1.0,0.0,0.0,0.0,0.0,0.0,0.0,0.0,0.0,0.0,0.0,0.0,0.0,0.0,0.0,0,0,0.0,0,0,0,0,0.0,0,0,0
1,62,620.882,629.892,10,0.0,0.0,0.0,0.0,0.08477303217247736,0.8477303217247737,0.2680758658237605,0.16954606434495473,0.18955826259643607,0.0,0.2680758658237605,72.5281,50.3403,9.200345,18.0505,1.0,0.0,0.9,0.0,0.0,0.0,0.0,0.0,0.0,0.0,0.0,0.0,0.0,0.0,0.0,0.0,0.0,0,0,0.0,0,0,0,0,0.0,0,0,0
1,63,630.891,639.898,10,0.0,0.0,0.0,0.0,0.0,0.0,0.0,0.0,0.0,0.0,0.0,46.804289999999995,42.7358,18.80397,21.1043,1.0,0.0,1.0,0.0,0.0,0.0,0.0,0.0,0.0,0.0,0.0,0.0,0.0,0.0,0.0,0.0,0.0,0,0,0.0,0,0,0,0,0.0,0,0,0
1,64,640.903,640.903,1,0.0,0.0,0.0,0.0,0.0,0.0,0.0,0.0,0.0,0.0,0.0,42.7576,42.7576,14.7564,14.7564,1.0,0.0,1.0,0.0,0.0,0.0,0.0,0.0,0.0,0.0,0.0,0.0,0.0,0.0,0.0,0.0,0.0,0,0,0.0,0,0,0,0,0.0,0,0,0
1,90,902.197,909.204,8,0.0,0.0,0.0,0.0,3.470296878977873e-06,2.7658168886804093e-05,9.77337618264428e-06,6.912757435904555e-06,7.728640675991247e-06,0.0,8.744452515294651e-06,66.1843125,43.9207,24.1511875,33.8656,1.0,0.0,0.625,0.0,0.0,0.0,0.0,0.0,0.0,0.0,0.0,0.0,0.0,0.0,0.0,0.0,0.0,0,0,0.0,0,0,0,0,0.0,0,0,0
1,91,910.215,919.213,10,0.0,0.0,0.0,0.0,1.4888252653650758e-08,1.5006204626231275e-08,8.995365092245349e-11,1.157756851223366e-10,9.099543357115546e-11,0.0,1.7484414378095508e-06,40.87928,31.8507,9.540548,13.5417,1.0,0.0,0.7,0.0,0.0,0.0,0.0,0.0,0.0,0.0,0.0,0.0,0.0,0.0,0.0,0.0,0.0,0,0,0.0,0,0,0,0,0.0,0,0,0
1,92,920.206,929.22,10,0.0,0.0,0.0,0.0,1.4891130358022362e-08,1.5006204626231275e-08,8.06016190227314e-11,8.93168269069883e-11,8.819341920642136e-11,0.0,8.07743657919172e-11,31.736399999999996,31.693,5.988421,6.00168,1.0,0.0,1.0,0.0,0.0,0.0,0.0,0.0,0.0,0.0,0.0,0.0,0.0,0.0,0.0,0.0,0.0,0,0,0.0,0,0,0,0,0.0,0,0,0
1,93,930.215,939.226,10,0.0,0.0,0.0,0.0,1.4892753359901338e-08,1.502133184863675e-08,9.34586183846769e-11,1.4885802447821913e-10,9.094814456267461e-11,0.0,8.442382090265233e-11,31.72061,31.6901,5.9894289999999994,5.99948,1.0,0.0,1.0,0.0,0.0,0.0,0.0,0.0,0.0,0.0,0.0,0.0,0.0,0.0,0.0,0.0,0.0,0,0,0.0,0,0,0,0,0.0,0,0,0
1,94,940.231,949.238,10,0.0,0.0,0.0,0.0,0.3040776988344879,2.128073276608185,0.7021468071732466,0.42561465238305407,0.2825858803933575,0.0,0.20772494683615142,66.09421999999999,31.5818,5.376672,5.99158,1.0,0.0,1.0,0.0,0.0,0.0,0.0,0.0,0.0,0.0,0.0,0.0,0.0,0.0,0.0,0.0,0.0,0,0,0.0,0,0,0,0,0.0,0,0,0
1,95,950.238,959.255,10,0.1481481566639776,1.186521342662411,0.0280263800584854,1.1736116148985274,0.20289169442254534,1.0101616241496048,0.36495098591050773,0.20203232190585654,0.36222045005752085,0.19983132251636335,0.5978322772354591,85.59906,18.0343,4.159922,6.34536,1.0,0.0,1.0,0.0,0.0,0.0,0.0,0.0,0.0,0.0,0.0,0.0,0.0,0.0,0.0,0.0,0.0,0,0,0.0,0,0,0,0,0.0,0,0,0
1,96,960.253,969.263,10,0.0680682983169948,0.680682983169948,-0.028945557320865872,0.38649575069397096,0.0019520579496281876,0.019520579496281876,0.006172949245463309,0.0039041144061540507,0.13834956296624598,0.9977764402843169,0.2880493910446719,24.14929,12.1887,6.030054,9.21648,1.0,0.0,0.1,0.0,0.0,0.0,0.0,0.0,0.0,0.0,0.0,0.0,0.0,0.0,0.0,0.0,0.0,0,0,0.0,0,0,0,0,0.0,0,0,0
1,97,970.262,979.279,10,0.0,0.0,0.0,0.0,0.05031709410021967,0.5031709410021967,0.15911662259771484,0.05031709410021967,0.02250248856766896,0.9981231566841944,0.015911672954912463,34.18745,13.4033,5.989841,11.7038,1.0,0.0,0.5,0.0,0.0,0.0,0.0,0.0,0.0,0.0,0.0,0.0,0.0,0.0,0.0,0.0,0.0,0,0,0.0,0,0,0,0,0.0,0,0,0
1,98,980.275,989.29,10,0.6908178081218859,1.9752944199497937,0.025397790481690163,1.635273531144655,0.20885554708691526,1.0252637447037996,0.33397299646767453,0.3449657390894805,0.3448510353392076,0.6325395097729477,0.27244571706021825,36.65906,27.4126,10.1289,13.6351,1.0,0.0,1.0,0.0,0.0,0.0,0.0,0.0,0.0,0.0,0.0,0.0,0.0,0.0,0.0,0.0,0.0,0,0,0.0,0,0,0,0,0.0,0,0,0
1,99,990.282,999.304,10,0.09993907910858488,0.9993907910858487,-0.024503297598262596,0.7513686103442423,0.004408861339154605,0.04408842419069281,0.013941977241185155,0.009930221060538133,0.044416570332210956,0.22194441551247399,0.19638998445049752,65.03869999999999,64.9987,5.640503,5.65213,1.0,0.0,1.0,0.0,0.0,0.0,0.0,0.0,0.0,0.0,0.0,0.0,0.0,0.0,0.0,0.0,0.0,0,0,0.0,0,0,0,0,0.0,0,0,0
1,100,1000.297,1009.314,10,0.35727858085864594,2.0136363308319436,-0.0008078723965223133,1.546775275550115,0.1358085239658762,1.0627247244579605,0.33865453343432145,0.21254494139625207,0.24488128011748272,0.3359025839259745,0.20293357711826054,49.79947,25.7561,4.838303,5.65401,1.0,0.0,0.5,0.0,0.0,0.0,0.0,0.0,0.0,0.0,0.0,0.0,0.0,0.0,0.0,0.0,0.0,0,0,0.0,0,0,0,0,0.0,0,0,0
1,101,1010.306,1019.319,10,0.0,0.0,0.0,0.0,1.4894991233622929e-08,1.5097427754658214e-08,1.4534343703770377e-10,2.1858391925246553e-10,1.1426890026298531e-10,0.5454899758541173,0.1448019282746011,42.396,42.3313,4.255103,4.26676,1.0,0.0,0.0,0.0,0.0,0.0,0.0,0.0,0.0,0.0,0.0,0.0,0.0,0.0,0.0,0.0,0.0,0,0,0.0,0,0,0,0,0.0,0,0,0
1,102,1020.32,1029.332,10,0.0,0.0,0.0,0.0,1.488214482573776e-08,1.4961005214706483e-08,7.357523202130738e-11,1.054986305825359e-10,1.1539504824247296e-10,0.31817873387098816,1.2465638749622852e-10,46.53586,27.1558,3.9444760000000003,4.28261,1.0,0.0,0.2,0.0,0.0,0.0,0.0,0.0,0.0,0.0,0.0,0.0,0.0,0.0,0.0,0.0,0.0,0,0,0.0,0,0,0,0,0.0,0,0,0
1,103,1030.337,1039.343,10,0.0,0.0,0.0,0.0,1.488520917572448e-08,1.4976041400851914e-08,8.328284690843845e-11,1.0382732062318201e-10,7.289255287152974e-11,0.0,7.306549983800068e-11,33.694995,5.99283,19.935602,35.3717,1.0,0.0,0.1,0.0,0.0,0.0,0.0,0.0,0.0,0.0,0.0,0.0,0.0,0.0,0.0,0.0,0.0,0,0,0.0,0,0,0,0,0.0,0,0,0
1,104,1040.341,1049.351,10,0.0,0.0,0.0,0.0,1.4889555725803911e-08,1.502133184863675e-08,7.117788589894948e-11,9.373095250144263e-11,7.576218060979725e-11,0.0,7.697051565842589e-11,16.686860000000003,13.0002,21.19332,38.8107,1.0,0.0,0.7,0.0,0.0,0.0,0.0,0.0,0.0,0.0,0.0,0.0,0.0,0.0,0.0,0.0,0.0,0,0,0.0,0,0,0,0,0.0,0,0,0
1,105,1050.353,1059.361,10,0.0,0.0,0.0,0.0,1.4886634382789004e-08,1.4991107840893013e-08,7.710180189448439e-11,9.522878694804351e-11,8.294082849102215e-11,0.0,7.785063363262434e-11,13.9089,12.8276,8.492819,10.0251,1.0,0.0,1.0,0.0,0.0,0.0,0.0,0.0,0.0,0.0,0.0,0.0,0.0,0.0,0.0,0.0,0.0,0,0,0.0,0,0,0,0,0.0,0,0,0
1,106,1060.367,1069.37,10,0.02120799917030129,0.2120799917030129,0.021314572030453557,0.21314572030453557,0.04804210230345822,0.36524114912194433,0.11718316008904181,0.03652411353546718,0.021002383810156892,0.0999671307073433,0.01536061926779079,17.7281,14.5465,7.540555,8.39994,1.0,0.0,1.0,0.0,0.0,0.0,0.0,0.0,0.0,0.0,0.0,0.0,0.0,0.0,0.0,0.0,0.0,0,0,0.0,0,0,0,0,0.0,0,0,0
1,107,1070.371,1079.387,10,0.36904892028522596,1.5227552876235952,-0.02057690332620928,1.3093659299905918,0.07580081028412668,0.3249809338345077,0.12671878335842723,0.07371384288143545,0.1039530133292013,0.2328062854504817,0.14599830984766898,46.89112,27.4257,2.563651,4.10756,1.0,0.0,0.3,0.0,0.0,0.0,0.0,0.0,0.0,0.0,0.0,0.0,0.0,0.0,0.0,0.0,0.0,0,0,0.0,0,0,0,0,0.0,0,0,0
1,108,1080.398,1089.403,10,0.231114910625113,1.4343580698003877,0.000143292514465565,0.8767910364507422,0.0495689483365238,0.3770982566109749,0.12096654734125947,0.07541964985579033,0.08762792321065897,0.2223691990385602,0.10379472234174328,27.526959999999995,24.6213,6.13466,7.01985,1.0,0.0,0.6,0.0,0.0,0.0,0.0,0.0,0.0,0.0,0.0,0.0,0.0,0.0,0.0,0.0,0.0,0,0,0.0,0,0,0,0,0.0,0,0,0
1,109,1090.402,1099.409,10,0.0,0.0,0.0,0.0,1.4892525474243125e-08,1.4976041400851914e-08,7.024321540290133e-11,9.352345020544603e-11,7.051798567450155e-11,0.7291493295322296,0.04004014488661446,24.69114,24.6143,7.017189,7.01972,1.0,0.0,1.0,0.0,0.0,0.0,0.0,0.0,0.0,0.0,0.0,0.0,0.0,0.0,0.0,0.0,0.0,0,0,0.0,0,0,0,0,0.0,0,0,0
1,110,1100.408,1109.415,10,0.05181936542695378,0.5174182262735658,-0.00044141773900611134,0.515870614430275,0.11846778098899943,1.1846776759699262,0.3746279702165176,0.11846776620928397,0.05298039569513131,0.5943993873431749,0.03746279708266077,26.872770000000003,23.2457,7.324762,8.08394,1.0,0.0,1.0,0.0,0.0,0.0,0.0,0.0,0.0,0.0,0.0,0.0,0.0,0.0,0.0,0.0,0.0,0,0,0.0,0,0,0,0,0.0,0,0,0
1,111,1110.42,1119.431,10,0.0,0.0,-7.715701452457346e-05,0.0,0.07368817318174437,0.7368811418593394,0.233022256581121,0.26584395504294095,0.31473175912946394,0.9984622111061963,0.3912647552000094,61.82266,16.6608,4.976768,8.04643,1.0,0.0,1.0,0.0,0.0,0.0,0.0,0.0,0.0,0.0,0.0,0.0,0.0,0.0,0.0,0.0,0.0,0,0,0.0,0,0,0,0,0.0,0,0,0
1,112,1120.429,1129.45,10,0.4408914670067336,1.5331664327732704,0.10587239229991477,1.5439742525410578,0.1223127033537615,0.5202930938895696,0.21178730515686267,0.15805866728082862,0.14542828432905866,0.3981095087441755,0.19208946563927226,55.575120000000005,16.0582,3.5241169999999995,7.55982,1.0,0.0,1.0,0.0,0.0,0.0,0.0,0.0,0.0,0.0,0.0,0.0,0.0,0.0,0.0,0.0,0.0,0,0,0.0,0,0,0,0,0.0,0,0,0
1,113,1130.452,1139.46,10,0.38794735248460793,2.0287376268127373,-0.10358255552898102,1.8489397274515325,0.37718957828386845,1.849931972538411,0.6168079390667737,0.4948757577528681,0.4988633760741289,0.2661240615235557,0.39038746445754924,81.50706,62.9652,2.5276330000000002,3.70061,1.0,0.0,1.0,0.0,0.0,0.0,0.0,0.0,0.0,0.0,0.0,0.0,0.0,0.0,0.0,0.0,0.0,0,0,0.0,0,0,0,0,0.0,0,0,0
1,114,1140.461,1149.482,10,0.0,0.0,0.0,0.0,0.0,0.0,0.0,0.0,0.07649032166567264,0.4116655729610387,0.36480811499168303,90.5057,90.387,3.57712,3.58216,1.0,0.0,1.0,0.0,0.0,0.0,0.0,0.0,0.0,0.0,0.0,0.0,0.0,0.0,0.0,0.0,0.0,0,0,0.0,0,0,0,0,0.0,0,0,0
1,115,1150.474,1159.484,10,0.0,0.0,0.0,0.0,0.0,0.0,0.0,0.0,0.0,0.6185363266455093,0.0,90.49539,90.3789,3.577637,3.58193,1.0,0.0,1.0,0.0,0.0,0.0,0.0,0.0,0.0,0.0,0.0,0.0,0.0,0.0,0.0,0.0,0.0,0,0,0.0,0,0,0,0,0.0,0,0,0
1,116,1160.485,1169.492,10,0.0,0.0,0.0,0.0,0.0,0.0,0.0,0.0,0.0,0.0,0.0,90.52072,90.3975,3.5765369999999996,3.5804,1.0,0.0,1.0,0.0,0.0,0.0,0.0,0.0,0.0,0.0,0.0,0.0,0.0,0.0,0.0,0.0,0.0,0,0,0.0,0,0,0,0,0.0,0,0,0
1,117,1170.497,1179.505,10,0.0,0.0,0.0,0.0,0.0,0.0,0.0,0.0,0.0,0.0,0.0,90.60020999999999,90.3981,3.5790640000000002,3.59819,1.0,0.0,1.0,0.0,0.0,0.0,0.0,0.0,0.0,0.0,0.0,0.0,0.0,0.0,0.0,0.0,0.0,0,0,0.0,0,0,0,0,0.0,0,0,0
1,118,1180.509,1189.514,10,0.0,0.0,0.0,0.0,0.0,0.0,0.0,0.0,0.0,0.0,0.0,90.05463999999999,83.6922,2.401333,3.7612,1.0,0.0,1.0,0.0,0.0,0.0,0.0,0.0,0.0,0.0,0.0,0.0,0.0,0.0,0.0,0.0,0.0,0,0,0.0,0,0,0,0,0.0,0,0,0
1,119,1190.522,1199.526,10,0.0,0.0,0.0,0.0,0.0,0.0,0.0,0.0,0.0,0.0,0.0,83.84561,83.6501,2.108058,2.1133,1.0,0.0,1.0,0.0,0.0,0.0,0.0,0.0,0.0,0.0,0.0,0.0,0.0,0.0,0.0,0.0,0.0,0,0,0.0,0,0,0,0,0.0,0,0,0
1,120,1200.548,1209.537,10,0.0,0.0,0.0,0.0,0.0,0.0,0.0,0.0,0.0,0.0,0.0,84.00876,83.637,2.1300730000000003,2.18053,1.0,0.0,1.0,0.0,0.0,0.0,0.0,0.0,0.0,0.0,0.0,0.0,0.0,0.0,0.0,0.0,0.0,0,0,0.0,0,0,0,0,0.0,0,0,0
1,121,1210.537,1219.549,10,0.767353265643699,5.530002211304791,-0.0031448452960678884,5.3229551159042545,0.1750741018442963,0.8963833687227261,0.3497969204503571,0.1792766737445452,0.2572169829730048,0.7853798688114901,0.2735390178913101,130.44367,83.9591,6.228458,8.25794,1.0,0.0,1.0,0.0,0.0,0.0,0.0,0.0,0.0,0.0,0.0,0.0,0.0,0.0,0.0,0.0,0.0,0,0,0.0,0,0,0,0,0.0,0,0,0
1,122,1220.554,1229.564,10,0.0,0.0,0.0,0.0,0.0,0.0,0.0,0.0,0.0,0.975846059801517,0.09682560847137806,145.6673,145.644,8.248525,8.26045,1.0,0.0,1.0,0.0,0.0,0.0,0.0,0.0,0.0,0.0,0.0,0.0,0.0,0.0,0.0,0.0,0.0,0,0,0.0,0,0,0,0,0.0,0,0,0
1,123,1230.573,1239.579,10,0.0,0.0,0.0,0.0,0.0,0.0,0.0,0.0,0.0,0.3928674629085497,0.0,145.67159999999998,145.643,8.249938,8.26144,1.0,0.0,1.0,0.0,0.0,0.0,0.0,0.0,0.0,0.0,0.0,0.0,0.0,0.0,0.0,0.0,0.0,0,0,0.0,0,0,0,0,0.0,0,0,0
1,124,1240.573,1249.586,10,0.0,0.0,0.0,0.0,0.0,0.0,0.0,0.0,0.0,0.0,0.0,145.6723,145.643,8.248652,8.25765,1.0,0.0,1.0,0.0,0.0,0.0,0.0,0.0,0.0,0.0,0.0,0.0,0.0,0.0,0.0,0.0,0.0,0,0,0.0,0,0,0,0,0.0,0,0,0
1,125,1250.583,1259.602,10,0.0,0.0,0.0,0.0,0.0,0.0,0.0,0.0,0.0,0.0,0.0,145.6651,145.645,8.247681,8.25445,1.0,0.0,1.0,0.0,0.0,0.0,0.0,0.0,0.0,0.0,0.0,0.0,0.0,0.0,0.0,0.0,0.0,0,0,0.0,0,0,0,0,0.0,0,0,0
1,126,1260.603,1269.605,10,0.0,0.0,0.0,0.0,0.0,0.0,0.0,0.0,0.0,0.0,0.0,145.6748,145.646,8.248942,8.2599,1.0,0.0,1.0,0.0,0.0,0.0,0.0,0.0,0.0,0.0,0.0,0.0,0.0,0.0,0.0,0.0,0.0,0,0,0.0,0,0,0,0,0.0,0,0,0
1,127,1270.612,1279.79,10,204.14406860725603,2041.4406860725603,-115.3558506049774,1477.164027548886,0.0,0.0,0.0,0.0,0.0,0.2999999806027571,0.0,145.6692857142857,145.643,8.249117142857143,8.26143,0.7,0.0,1.0,0.0,0.0,0.0,0.0,0.0,0.0,0.0,0.0,0.0,0.0,0.0,0.0,0.0,0.0,0,0,0.0,0,0,0,0,0.0,0,0,0
1,128,1280.789,1289.793,10,1.7150812830698325,3.839024797019255,0.0008596858966721799,2.1278675642145455,0.6894601595389016,1.9351130052860124,0.8915429043136889,0.5369366537626707,0.7056246145008745,0.9936168360412454,0.6702746276695886,180.0,180.0,0.0,0.0,0.0,0.0,0.0,0.0,0.0,0.0,0.0,0.0,0.0,0.0,0.0,0.0,0.0,0.0,0.0,0.0,0.0,0,0,0.0,0,0,0,0,0.0,0,0,0
1,129,1290.801,1299.81,10,0.0,0.0,0.0,0.0,1.894754687175471e-08,1.0026081055102897e-07,2.941785548952963e-08,2.7165575298959323e-08,0.001435988521889723,0.8879274803215967,0.38456884168115407,180.0,180.0,0.0,0.0,0.0,0.0,0.0,0.0,0.0,0.0,0.0,0.0,0.0,0.0,0.0,0.0,0.0,0.0,0.0,0.0,0.0,0,0,0.0,0,0,0,0,0.0,0,0,0
1,130,1300.812,1309.823,10,0.0,0.0,0.0,0.0,3.5907754886553805e-08,1.0026081055102897e-07,4.460880132226541e-08,2.7143550258143293e-08,3.646437973963502e-08,0.48233841849141,3.6669120893794586e-08,180.0,180.0,0.0,0.0,0.0,0.0,0.0,0.0,0.0,0.0,0.0,0.0,0.0,0.0,0.0,0.0,0.0,0.0,0.0,0.0,0.0,0,0,0.0,0,0,0,0,0.0,0,0,0
1,131,1310.821,1319.835,10,0.0,0.0,0.0,0.0,4.14181130725468e-08,1.0046233981846823e-07,5.0463827189429623e-08,3.702947709835853e-08,4.5498470878560234e-08,0.0,4.699512876949259e-08,180.0,180.0,0.0,0.0,0.0,0.0,0.0,0.0,0.0,0.0,0.0,0.0,0.0,0.0,0.0,0.0,0.0,0.0,0.0,0.0,0.0,0,0,0.0,0,0,0,0,0.0,0,0,0
1,132,1320.833,1329.14,8,0.0,0.0,0.0,0.0,2.1752947963649475e-08,9.956178099539431e-08,3.21513037548678e-08,3.369740435765274e-08,3.977434847933228e-08,0.0,4.615380661449048e-08,180.0,180.0,0.0,0.0,0.0,0.0,0.0,0.0,0.0,0.0,0.0,0.0,0.0,0.0,0.0,0.0,0.0,0.0,0.0,0.0,0.0,0,0,0.0,0,0,0,0,0.0,0,0,0
1,133,1330.141,1339.156,10,0.0,0.0,0.0,0.0,2.318766091964024e-08,1.0273384184930718e-07,4.1604567641922085e-08,3.7636565752438854e-08,4.0729083217672046e-08,0.0,4.312453634340343e-08,180.0,180.0,0.0,0.0,0.0,0.0,0.0,0.0,0.0,0.0,0.0,0.0,0.0,0.0,0.0,0.0,0.0,0.0,0.0,0.0,0.0,0,0,0.0,0,0,0,0,0.0,0,0,0
1,134,1340.159,1349.172,10,0.0,0.0,0.0,0.0,4.0320719281761024e-08,1.0036147401543763e-07,4.095246972448694e-08,3.565681865889861e-08,4.496533303751223e-08,0.0,4.178863116655419e-08,180.0,180.0,0.0,0.0,0.0,0.0,0.0,0.0,0.0,0.0,0.0,0.0,0.0,0.0,0.0,0.0,0.0,0.0,0.0,0.0,0.0,0,0,0.0,0,0,0,0,0.0,0,0,0
1,135,1350.168,1356.177,7,0.0,0.0,0.0,0.0,1.4895537291765225e-08,1.537787532904815e-08,2.9457393017790683e-10,3.1814112311093356e-10,9.279235453949746e-09,0.0,2.660413802600172e-08,180.0,180.0,0.0,0.0,0.0,0.0,0.0,0.0,0.0,0.0,0.0,0.0,0.0,0.0,0.0,0.0,0.0,0.0,0.0,0.0,0.0,0,0,0.0,0,0,0,0,0.0,0,0,0
1,145,1455.883,1459.884,5,0.0,0.0,0.0,0.0,7.162728255947753e-06,3.581364127973877e-05,1.601634728465769e-05,1.4322502862501286e-05,1.60130179750004e-05,0.0,1.1321609498102968e-05,180.0,180.0,0.0,0.0,0.0,0.0,0.0,0.0,0.0,0.0,0.0,0.0,0.0,0.0,0.0,0.0,0.0,0.0,0.0,0.0,0.0,0,0,0.0,0,0,0,0,0.0,0,0,0
1,146,1460.889,1469.892,10,0.0,0.0,0.0,0.0,0.0,0.0,0.0,0.0,9.275011545472756e-09,0.0,5.665449309119744e-06,180.0,180.0,0.0,0.0,0.0,0.0,0.0,0.0,0.0,0.0,0.0,0.0,0.0,0.0,0.0,0.0,0.0,0.0,0.0,0.0,0.0,0,0,0.0,0,0,0,0,0.0,0,0,0
1,147,1470.9,1479.901,10,0.0,0.0,0.0,0.0,0.0,0.0,0.0,0.0,9.275011545472756e-09,0.0,6.674840262427468e-09,180.0,180.0,0.0,0.0,0.0,0.0,0.0,0.0,0.0,0.0,0.0,0.0,0.0,0.0,0.0,0.0,0.0,0.0,0.0,0.0,0.0,0,0,0.0,0,0,0,0,0.0,0,0,0
1,148,1480.919,1489.982,10,0.0,0.0,0.0,0.0,0.0,0.0,0.0,0.0,9.275011545472756e-09,0.0,6.674840262427468e-09,180.0,180.0,0.0,0.0,0.0,0.0,0.0,0.0,0.0,0.0,0.0,0.0,0.0,0.0,0.0,0.0,0.0,0.0,0.0,0.0,0.0,0,0,0.0,0,0,0,0,0.0,0,0,0
1,149,1490.914,1499.958,10,0.0,0.0,0.0,0.0,0.0,0.0,0.0,0.0,9.275011545472756e-09,0.0,6.674840262427468e-09,180.0,180.0,0.0,0.0,0.0,0.0,0.0,0.0,0.0,0.0,0.0,0.0,0.0,0.0,0.0,0.0,0.0,0.0,0.0,0.0,0.0,0,0,0.0,0,0,0,0,0.0,0,0,0
1,150,1500.93,1509.929,10,0.0,0.0,0.0,0.0,0.0,0.0,0.0,0.0,9.275011545472756e-09,0.0,6.674840262427468e-09,180.0,180.0,0.0,0.0,0.0,0.0,0.0,0.0,0.0,0.0,0.0,0.0,0.0,0.0,0.0,0.0,0.0,0.0,0.0,0.0,0.0,0,0,0.0,0,0,0,0,0.0,0,0,0
1,151,1510.942,1519.948,10,0.5312118029170837,3.1983124786620722,0.0007967157648558932,3.18557019787059,0.11723431434109774,0.6718132956506847,0.22774098179644847,0.1813811824878608,0.17774129299446217,0.5993999077780623,0.15630786532925978,180.0,180.0,0.0,0.0,0.0,0.0,0.0,0.0,0.0,0.0,0.0,0.0,0.0,0.0,0.0,0.0,0.0,0.0,0.0,0.0,0.0,0,0,0.0,0,0,0,0,0.0,0,0,0
1,152,1520.973,1529.957,10,0.0,0.0,0.0,0.0,0.0,0.0,0.0,0.0,0.0,0.9987998155570942,0.0918720415838227,180.0,180.0,0.0,0.0,0.0,0.0,0.0,0.0,0.0,0.0,0.0,0.0,0.0,0.0,0.0,0.0,0.0,0.0,0.0,0.0,0.0,0,0,0.0,0,0,0,0,0.0,0,0,0
1,153,1530.965,1539.976,10,0.0,0.0,0.0,0.0,0.0,0.0,0.0,0.0,0.0,0.49951992616756413,0.0,180.0,180.0,0.0,0.0,0.0,0.0,0.0,0.0,0.0,0.0,0.0,0.0,0.0,0.0,0.0,0.0,0.0,0.0,0.0,0.0,0.0,0,0,0.0,0,0,0,0,0.0,0,0,0
1,154,1540.975,1549.989,10,0.0,0.0,0.0,0.0,0.0,0.0,0.0,0.0,0.0,0.0,0.0,180.0,180.0,0.0,0.0,0.0,0.0,0.0,0.0,0.0,0.0,0.0,0.0,0.0,0.0,0.0,0.0,0.0,0.0,0.0,0.0,0.0,0,0,0.0,0,0,0,0,0.0,0,0,0
1,155,1550.985,1559.996,10,1.0561308897645356,5.853847510204261,-0.004535900790992931,4.0118245162449995,0.11954618368148104,0.5246292707455887,0.20796798775238973,0.10492585266346158,0.1335526343115375,0.49387583494598475,0.10663227901059362,180.0,180.0,0.0,0.0,0.0,0.0,0.0,0.0,0.0,0.0,0.0,0.0,0.0,0.0,0.0,0.0,0.0,0.0,0.0,0.0,0.0,0,0,0.0,0,0,0,0,0.0,0,0,0
1,156,1560.999,1569.003,9,0.0,0.0,0.0,0.0,1.4889946432003998e-08,1.5006204626231275e-08,7.830789485644515e-11,1.0570962920615011e-10,0.02333015501238981,0.9839263732118398,0.13217192860041113,180.0,180.0,0.0,0.0,0.0,0.0,0.0,0.0,0.0,0.0,0.0,0.0,0.0,0.0,0.0,0.0,0.0,0.0,0.0,0.0,0.0,0,0,0.0,0,0,0,0,0.0,0,0,0
1,157,1570.007,1579.022,10,0.0,0.0,0.0,0.0,1.487393112707618e-08,1.5097427754658214e-08,1.3067452343947685e-10,1.995854257675198e-10,1.359151586527703e-10,0.7901144971944902,1.1929334890257446e-10,180.0,180.0,0.0,0.0,0.0,0.0,0.0,0.0,0.0,0.0,0.0,0.0,0.0,0.0,0.0,0.0,0.0,0.0,0.0,0.0,0.0,0,0,0.0,0,0,0,0,0.0,0,0,0
1,158,1580.02,1589.026,10,0.0,0.0,0.0,0.0,1.4895824483674762e-08,1.5051677973583492e-08,1.0154372405225638e-10,1.3856374132893847e-10,9.472992674476516e-11,0.0,1.0025202352905301e-10,180.0,180.0,0.0,0.0,0.0,0.0,0.0,0.0,0.0,0.0,0.0,0.0,0.0,0.0,0.0,0.0,0.0,0.0,0.0,0.0,0.0,0,0,0.0,0,0,0,0,0.0,0,0,0
1,159,1590.027,1599.039,10,0.0,0.0,0.0,0.0,1.4882491412079755e-08,1.502133184863675e-08,1.0573941025577792e-10,1.5157553318573972e-10,1.0877276790217222e-10,0.0,1.0719877388951636e-10,180.0,180.0,0.0,0.0,0.0,0.0,0.0,0.0,0.0,0.0,0.0,0.0,0.0,0.0,0.0,0.0,0.0,0.0,0.0,0.0,0.0,0,0,0.0,0,0,0,0,0.0,0,0,0
1,160,1600.05,1609.056,10,0.0,0.0,0.0,0.0,1.4876320528793166e-08,1.502133184863675e-08,8.612627858916657e-11,1.1906830771584833e-10,9.339359013469649e-11,0.0,9.658096740435887e-11,180.0,180.0,0.0,0.0,0.0,0.0,0.0,0.0,0.0,0.0,0.0,0.0,0.0,0.0,0.0,0.0,0.0,0.0,0.0,0.0,0.0,0,0,0.0,0,0,0,0,0.0,0,0,0
1,161,1610.05,1619.062,10,1.2530885174301516,6.145730406986843,0.6172880337904152,3.372889825312207,0.5146028120165326,2.361132426637654,0.9133005910278669,0.4468289393770024,0.3356533761258328,0.2892106809192973,0.26382502356656906,180.0,180.0,0.0,0.0,0.0,0.0,0.0,0.0,0.0,0.0,0.0,0.0,0.0,0.0,0.0,0.0,0.0,0.0,0.0,0.0,0.0,0,0,0.0,0,0,0,0,0.0,0,0,0
1,162,1620.068,1629.075,10,4.222832054027899,6.685239583019054,-0.3237865885131075,3.491924316153448,0.3817988350868021,2.0454165693716777,0.6250662795154732,0.3357519552248559,0.5047771209334302,0.9472751396345405,0.7885391401902085,180.0,180.0,0.0,0.0,0.0,0.0,0.0,0.0,0.0,0.0,0.0,0.0,0.0,0.0,0.0,0.0,0.0,0.0,0.0,0.0,0.0,0,0,0.0,0,0,0,0,0.0,0,0,0
1,163,1630.091,1639.097,10,4.512731314876687,6.66435915547254,-0.05731722226459111,3.382950465935911,0.48043305298612965,2.8764859924141586,0.8744238260722144,0.49306435759278217,0.705430487076934,0.8937848031740716,0.9464858243480269,180.0,180.0,0.0,0.0,0.0,0.0,0.0,0.0,0.0,0.0,0.0,0.0,0.0,0.0,0.0,0.0,0.0,0.0,0.0,0.0,0.0,0,0,0.0,0,0,0,0,0.0,0,0,0
1,164,1640.095,1649.099,10,0.0,0.0,-0.22949868011143515,0.0,1.4898632524406052e-08,1.5006204626231275e-08,8.629073551772649e-11,0.00012243602445066818,0.00810746054640014,0.9026173674388795,0.10057591290140692,180.0,180.0,0.0,0.0,0.0,0.0,0.0,0.0,0.0,0.0,0.0,0.0,0.0,0.0,0.0,0.0,0.0,0.0,0.0,0.0,0.0,0,0,0.0,0,0,0,0,0.0,0,0,0
1,165,1650.102,1659.106,10,0.0,0.0,0.0,0.0,1.4891585337047748e-08,1.5066897061524426e-08,1.1842428751859415e-10,1.709313428791179e-10,2.089071037456037e-08,0.8854756411083855,2.5601608346724027e-08,180.0,180.0,0.0,0.0,0.0,0.0,0.0,0.0,0.0,0.0,0.0,0.0,0.0,0.0,0.0,0.0,0.0,0.0,0.0,0.0,0.0,0,0,0.0,0,0,0,0,0.0,0,0,0
1,166,1660.111,1669.181,10,0.0,0.0,0.0,0.0,1.4795807981549813e-08,1.4991107840893013e-08,2.957441942966521e-10,1.846448915144363e-10,2.0891182307600468e-08,0.0,2.5601870868688924e-08,180.0,180.0,0.0,0.0,0.0,0.0,0.0,0.0,0.0,0.0,0.0,0.0,0.0,0.0,0.0,0.0,0.0,0.0,0.0,0.0,0.0,0,0,0.0,0,0,0,0,0.0,0,0,0
1,167,1670.123,1679.148,10,271.27589876227887,2711.4639097018107,-2.6734257103987864,2679.3121637369672,1.495612248428788e-08,1.581864245631386e-08,3.127877678685287e-10,3.749828764078498e-10,2.0895131788087016e-08,0.8997261416848616,2.560507287307405e-08,86.53101111111111,53.7514,1.8605277777777778,2.27334,0.9,0.0,1.0,0.0,0.0,0.0,0.0,0.0,0.0,0.0,0.0,0.0,0.0,0.0,0.0,0.0,0.0,0,0,0.0,0,0,0,0,0.0,0,0,0
1,168,1680.134,1689.144,10,0.028458020909686556,0.27459815744895466,-2.9856585188172205e-06,0.27377682696805056,0.026108241828583144,0.26108140974975663,0.08256115551780385,0.052216279125942656,0.05837958309959842,0.9995183272889904,0.07430504560148429,57.345090000000006,53.7478,1.988589,2.12869,1.0,0.0,1.0,0.0,0.0,0.0,0.0,0.0,0.0,0.0,0.0,0.0,0.0,0.0,0.0,0.0,0.0,0,0,0.0,0,0,0,0,0.0,0,0,0
1,169,1690.141,1699.155,10,0.0,0.0,0.0,0.0,1.4885100329081463e-08,1.4961005214706483e-08,7.178520231593011e-11,9.501129279856177e-11,2.101304138742539e-08,0.743678521275585,0.008256163792904945,57.736779999999996,57.5969,1.973019,1.97944,1.0,0.0,1.0,0.0,0.0,0.0,0.0,0.0,0.0,0.0,0.0,0.0,0.0,0.0,0.0,0.0,0.0,0,0,0.0,0,0,0,0,0.0,0,0,0
1,170,1700.157,1709.166,10,0.0,0.0,0.0,0.0,1.4888261810060265e-08,1.5457636093202964e-08,2.4173099070472947e-10,2.84639056753329e-10,2.1013672108186906e-08,0.0930886481333272,2.5594087707951565e-08,57.75716,57.6405,1.97214,1.97709,1.0,0.0,1.0,0.0,0.0,0.0,0.0,0.0,0.0,0.0,0.0,0.0,0.0,0.0,0.0,0.0,0.0,0,0,0.0,0,0,0,0,0.0,0,0,0
1,171,1710.159,1719.185,10,0.0,0.0,0.0,0.0,1.487372406021929e-08,1.5036489600249905e-08,1.1645312311845526e-10,1.7516930368720717e-10,2.101388320050577e-08,0.0,2.5594722179577585e-08,57.7445,57.5749,1.9724679999999999,1.97946,1.0,0.0,1.0,0.0,0.0,0.0,0.0,0.0,0.0,0.0,0.0,0.0,0.0,0.0,0.0,0.0,0.0,0,0,0.0,0,0,0,0,0.0,0,0,0
1,172,1720.184,1729.201,10,0.0,0.0,0.0,0.0,1.4878219447319345e-08,1.5036489600249905e-08,1.1905567628843887e-10,1.6731140067237386e-10,2.101316530055479e-08,0.0,2.5593927415371753e-08,48.77248,27.0515,3.782922,9.88932,1.0,0.0,1.0,0.0,0.0,0.0,0.0,0.0,0.0,0.0,0.0,0.0,0.0,0.0,0.0,0.0,0.0,0,0,0.0,0,0,0,0,0.0,0,0,0
1,173,1730.192,1739.216,10,0.0,0.0,0.0,0.0,1.4879724207269415e-08,1.5036489600249905e-08,1.2026358667608048e-10,1.4947645353628055e-10,2.1013282529008513e-08,0.0,2.559403818616009e-08,26.289390000000004,12.3827,7.129051,8.64079,1.0,0.0,1.0,0.0,0.0,0.0,0.0,0.0,0.0,0.0,0.0,0.0,0.0,0.0,0.0,0.0,0.0,0,0,0.0,0,0,0,0,0.0,0,0,0
1,174,1740.196,1749.236,10,0.0,0.0,0.0,0.0,1.4873123448041298e-08,1.5205266524334343e-08,1.681055016901371e-10,1.9638494568912278e-10,2.1013629540010757e-08,0.0,2.5594306136966365e-08,86.02351999999999,81.5234,3.177571,3.32081,1.0,0.0,1.0,0.0,0.0,0.0,0.0,0.0,0.0,0.0,0.0,0.0,0.0,0.0,0.0,0.0,0.0,0,0,0.0,0,0,0,0,0.0,0,0,0
1,175,1750.231,1759.206,10,0.0,0.0,0.0,0.0,1.4947036758625273e-08,1.5283242250100162e-08,1.3223712650588387e-10,1.2715031678468777e-10,2.101328255328576e-08,0.0,2.5594035570908513e-08,81.66065,81.4824,3.316344,3.32021,1.0,0.0,1.0,0.0,0.0,0.0,0.0,0.0,0.0,0.0,0.0,0.0,0.0,0.0,0.0,0.0,0.0,0,0,0.0,0,0,0,0,0.0,0,0,0
1,176,1760.208,1769.223,10,0.0,0.0,0.0,0.0,1.4876097630737955e-08,1.4976041400851914e-08,6.103065735403134e-11,9.517482214707566e-11,2.1012992632579877e-08,0.0,2.559393247940279e-08,81.65812,81.4413,3.317394,3.32177,1.0,0.0,1.0,0.0,0.0,0.0,0.0,0.0,0.0,0.0,0.0,0.0,0.0,0.0,0.0,0.0,0.0,0,0,0.0,0,0,0,0,0.0,0,0,0
1,177,1770.222,1779.227,10,0.0,0.0,0.0,0.0,1.4895396845094273e-08,1.4976041400851914e-08,5.657442177323355e-11,7.588339467680693e-11,2.1012940525589157e-08,0.0,2.5593794049174337e-08,81.61987,81.4278,3.31744,3.3224,1.0,0.0,1.0,0.0,0.0,0.0,0.0,0.0,0.0,0.0,0.0,0.0,0.0,0.0,0.0,0.0,0.0,0,0,0.0,0,0,0,0,0.0,0,0,0
1,178,1780.229,1789.238,10,0.0,0.0,0.0,0.0,0.7771297206251189,3.0653663891022003,1.2857035981013658,0.613073274869809,0.7544753796878909,0.0,0.6136301936350728,66.99289999999999,27.0717,3.3176229999999998,3.32203,1.0,0.0,1.0,0.0,0.0,0.0,0.0,0.0,0.0,0.0,0.0,0.0,0.0,0.0,0.0,0.0,0.0,0,0,0.0,0,0,0,0,0.0,0,0,0
1,179,1790.241,1799.243,10,0.0,0.0,0.0,0.0,1.4894079376822664e-08,1.5066897061524426e-08,7.785919449106732e-11,7.902297123703351e-11,0.20566292380719475,0.0,0.7956951460994505,27.13203333333333,27.0581,3.316546666666667,3.31853,0.3,0.0,1.0,0.0,0.0,0.0,0.0,0.0,0.0,0.0,0.0,0.0,0.0,0.0,0.0,0.0,0.0,0,0,0.0,0,0,0,0,0.0,0,0,0
1,180,1800.245,1809.263,10,0.0,0.0,0.0,0.0,1.4871711410905905e-08,1.4976041400851914e-08,6.95611479463012e-11,9.789392490521235e-11,6.705091788410003e-11,0.0,7.259121259809944e-11,132.9431111111111,132.938,32.36147777777778,32.3643,0.9,0.0,1.0,0.0,0.0,0.0,0.0,0.0,0.0,0.0,0.0,0.0,0.0,0.0,0.0,0.0,0.0,0,0,0.0,0,0,0,0,0.0,0,0,0
1,181,1810.272,1819.27,10,265.75667046903334,2657.5667046903336,0.801273172175297,2668.2396633437083,1.4891371144556878e-08,1.5112739547512837e-08,1.0261004059674705e-10,1.2825615947260467e-10,9.95236971870804e-11,0.3999999884351556,1.0267711870034542e-10,132.94883333333334,132.939,32.35823333333334,32.3644,0.6,0.0,1.0,0.0,0.0,0.0,0.0,0.0,0.0,0.0,0.0,0.0,0.0,0.0,0.0,0.0,0.0,0,0,0.0,0,0,0,0,0.0,0,0,0
1,182,1820.268,1829.278,10,0.0,0.0,0.0,0.0,1.4889383029718688e-08,1.4961005214706483e-08,4.695637462634052e-11,6.102582032143012e-11,5.0574076379531326e-11,0.9999999710878891,5.346722766236266e-11,180.0,180.0,0.0,0.0,0.0,0.0,0.0,0.0,0.0,0.0,0.0,0.0,0.0,0.0,0.0,0.0,0.0,0.0,0.0,0.0,0.0,0,0,0.0,0,0,0,0,0.0,0,0,0
1,183,1830.276,1839.29,10,0.0,0.0,0.0,0.0,1.488358153455228e-08,1.4945999191421922e-08,6.793738488355461e-11,7.55698196141047e-11,6.300133663637818e-11,0.5999999826527335,5.689985857501182e-11,180.0,180.0,0.0,0.0,0.0,0.0,0.0,0.0,0.0,0.0,0.0,0.0,0.0,0.0,0.0,0.0,0.0,0.0,0.0,0.0,0.0,0,0,0.0,0,0,0,0,0.0,0,0,0
1,184,1840.29,1849.298,10,0.0,0.0,0.0,0.0,1.4889398003031205e-08,1.4976041400851914e-08,4.954198833895716e-11,6.250872951773455e-11,5.8112706731760674e-11,0.0,5.944710612012088e-11,180.0,180.0,0.0,0.0,0.0,0.0,0.0,0.0,0.0,0.0,0.0,0.0,0.0,0.0,0.0,0.0,0.0,0.0,0.0,0.0,0.0,0,0,0.0,0,0,0,0,0.0,0,0,0
1,185,1850.293,1859.307,10,0.0,0.0,0.0,0.0,1.4887930113792269e-08,1.4976041400851914e-08,5.272203102048984e-11,7.442114747874782e-11,5.2766762085094927e-11,0.0,5.3883619711488955e-11,180.0,180.0,0.0,0.0,0.0,0.0,0.0,0.0,0.0,0.0,0.0,0.0,0.0,0.0,0.0,0.0,0.0,0.0,0.0,0.0,0.0,0,0,0.0,0,0,0,0,0.0,0,0,0
1,186,1860.306,1869.315,10,0.0,0.0,0.0,0.0,1.4889377373713235e-08,1.4991107840893013e-08,4.6001700583281086e-11,5.809635226408899e-11,4.1351603865129145e-11,0.0,4.098016646198146e-11,180.0,180.0,0.0,0.0,0.0,0.0,0.0,0.0,0.0,0.0,0.0,0.0,0.0,0.0,0.0,0.0,0.0,0.0,0.0,0.0,0.0,0,0,0.0,0,0,0,0,0.0,0,0,0
1,187,1870.32,1879.327,10,0.0,0.0,0.0,0.0,1.48836180112827e-08,1.4991107840893013e-08,7.233706575313697e-11,9.055146181443845e-11,6.469219132654178e-11,0.0,5.7955346048013726e-11,180.0,180.0,0.0,0.0,0.0,0.0,0.0,0.0,0.0,0.0,0.0,0.0,0.0,0.0,0.0,0.0,0.0,0.0,0.0,0.0,0.0,0,0,0.0,0,0,0,0,0.0,0,0,0
1,188,1880.328,1889.339,10,0.5807009752778448,3.35141933588699,0.33434092119457476,1.665606440789273,1.479045568742015,2.8950952047788276,0.8076219829395768,1.1144022610369937,0.8017759830399716,0.2285714062150387,0.8579202905015249,180.0,180.0,0.0,0.0,0.0,0.0,0.0,0.0,0.0,0.0,0.0,0.0,0.0,0.0,0.0,0.0,0.0,0.0,0.0,0.0,0.0,0,0,0.0,0,0,0,0,0.0,0,0,0
1,189,1890.343,1899.351,10,1.9416647216955802,4.872528661425615,-0.3352052772824047,2.1350627670920503,0.4794696753090612,2.4567176460291207,0.7937686817855812,0.47379342164150645,0.8009554797413692,0.49474715679613945,0.90006692348753,180.0,180.0,0.0,0.0,0.0,0.0,0.0,0.0,0.0,0.0,0.0,0.0,0.0,0.0,0.0,0.0,0.0,0.0,0.0,0.0,0.0,0,0,0.0,0,0,0,0,0.0,0,0,0
1,190,1900.353,1909.362,10,0.0,0.0,0.0,0.0,0.0,0.0,0.0,0.0,0.0,0.3318443952905115,0.21282279384265834,180.0,180.0,0.0,0.0,0.0,0.0,0.0,0.0,0.0,0.0,0.0,0.0,0.0,0.0,0.0,0.0,0.0,0.0,0.0,0.0,0.0,0,0,0.0,0,0,0,0,0.0,0,0,0
1,191,1910.363,1919.368,10,0.0,0.0,0.0,0.0,0.0,0.0,0.0,0.0,0.0,0.3421987512724317,0.0,180.0,180.0,0.0,0.0,0.0,0.0,0.0,0.0,0.0,0.0,0.0,0.0,0.0,0.0,0.0,0.0,0.0,0.0,0.0,0.0,0.0,0,0,0.0,0,0,0,0,0.0,0,0,0
1,192,1920.367,1929.379,10,0.0,0.0,0.0,0.0,0.0,0.0,0.0,0.0,0.0,0.0,0.0,180.0,180.0,0.0,0.0,0.0,0.0,0.0,0.0,0.0,0.0,0.0,0.0,0.0,0.0,0.0,0.0,0.0,0.0,0.0,0.0,0.0,0,0,0.0,0,0,0,0,0.0,0,0,0
1,193,1930.385,1939.398,10,0.0,0.0,0.0,0.0,0.0,0.0,0.0,0.0,0.0,0.0,0.0,180.0,180.0,0.0,0.0,0.0,0.0,0.0,0.0,0.0,0.0,0.0,0.0,0.0,0.0,0.0,0.0,0.0,0.0,0.0,0.0,0.0,0,0,0.0,0,0,0,0,0.0,0,0,0
1,194,1940.39,1949.403,10,0.0,0.0,0.0,0.0,0.0,0.0,0.0,0.0,0.0,0.0,0.0,180.0,180.0,0.0,0.0,0.0,0.0,0.0,0.0,0.0,0.0,0.0,0.0,0.0,0.0,0.0,0.0,0.0,0.0,0.0,0.0,0.0,0,0,0.0,0,0,0,0,0.0,0,0,0
1,195,1950.408,1959.414,10,0.0,0.0,0.0,0.0,0.0,0.0,0.0,0.0,0.0,0.0,0.0,180.0,180.0,0.0,0.0,0.0,0.0,0.0,0.0,0.0,0.0,0.0,0.0,0.0,0.0,0.0,0.0,0.0,0.0,0.0,0.0,0.0,0,0,0.0,0,0,0,0,0.0,0,0,0
1,196,1960.409,1969.43,10,0.0,0.0,0.0,0.0,0.0,0.0,0.0,0.0,0.0,0.0,0.0,180.0,180.0,0.0,0.0,0.0,0.0,0.0,0.0,0.0,0.0,0.0,0.0,0.0,0.0,0.0,0.0,0.0,0.0,0.0,0.0,0.0,0,0,0.0,0,0,0,0,0.0,0,0,0
1,197,1970.429,1979.446,10,2.567252874468278,5.295664272233325,0.42174875397673633,2.386291503505325,0.8584494972330348,2.7696899886039934,1.02085512283249,0.8603578088650957,0.7432316948765568,0.6784900935292544,0.6391661082922495,180.0,180.0,0.0,0.0,0.0,0.0,0.0,0.0,0.0,0.0,0.0,0.0,0.0,0.0,0.0,0.0,0.0,0.0,0.0,0.0,0.0,0,0,0.0,0,0,0,0,0.0,0,0,0
1,198,1980.448,1989.461,10,0.6459198768621983,2.9562594952809476,-0.4181040471478793,0.8317410351174757,0.32265521610122394,1.9426651877129173,0.6900140393372356,0.2504088669969142,0.5299432487903337,0.804066699275604,0.926116868102856,180.0,180.0,0.0,0.0,0.0,0.0,0.0,0.0,0.0,0.0,0.0,0.0,0.0,0.0,0.0,0.0,0.0,0.0,0.0,0.0,0.0,0,0,0.0,0,0,0,0,0.0,0,0,0
1,199,1990.458,1999.468,10,0.0,0.0,0.0,0.0,2.1059020114506258e-08,2.1221978102162152e-08,8.882630201638773e-11,1.2199527560775584e-10,3.5476810915268723e-08,0.7082705642228998,0.040483142227643015,180.0,180.0,0.0,0.0,0.0,0.0,0.0,0.0,0.0,0.0,0.0,0.0,0.0,0.0,0.0,0.0,0.0,0.0,0.0,0.0,0.0,0,0,0.0,0,0,0,0,0.0,0,0,0
1,200,2000.468,2009.475,10,0.0,0.0,0.0,0.0,2.1058842523061314e-08,2.1136834759726197e-08,6.09303966432806e-11,6.928545067189266e-11,3.5476694741229475e-08,0.19928352540051386,7.803164750670317e-11,180.0,180.0,0.0,0.0,0.0,0.0,0.0,0.0,0.0,0.0,0.0,0.0,0.0,0.0,0.0,0.0,0.0,0.0,0.0,0.0,0.0,0,0,0.0,0,0,0,0,0.0,0,0,0
1,201,2010.471,2019.483,10,0.0,0.0,0.0,0.0,2.1056904749487565e-08,2.1158056481372508e-08,8.712035629019943e-11,1.0495918961559263e-10,3.547673225914011e-08,0.0,8.231317774442162e-11,180.0,180.0,0.0,0.0,0.0,0.0,0.0,0.0,0.0,0.0,0.0,0.0,0.0,0.0,0.0,0.0,0.0,0.0,0.0,0.0,0.0,0,0,0.0,0,0,0,0,0.0,0,0,0
1,202,2020.49,2029.49,10,0.0,0.0,0.0,0.0,2.1059382992033354e-08,2.1264807523155418e-08,1.280959357552408e-10,1.875733991401849e-10,3.547684194510326e-08,0.0,1.0427241765884101e-10,180.0,180.0,0.0,0.0,0.0,0.0,0.0,0.0,0.0,0.0,0.0,0.0,0.0,0.0,0.0,0.0,0.0,0.0,0.0,0.0,0.0,0,0,0.0,0,0,0,0,0.0,0,0,0
1,203,2030.496,2039.503,10,0.0,0.0,0.0,0.0,2.104645195325447e-08,2.124337122524901e-08,9.534205013956229e-11,1.346812820029082e-10,3.5476785909691913e-08,0.0,1.0807866596118765e-10,180.0,180.0,0.0,0.0,0.0,0.0,0.0,0.0,0.0,0.0,0.0,0.0,0.0,0.0,0.0,0.0,0.0,0.0,0.0,0.0,0.0,0,0,0.0,0,0,0,0,0.0,0,0,0
1,204,2040.511,2049.542,10,0.0,0.0,0.0,0.0,2.099266494025898e-08,2.1179320859745747e-08,1.5998613487850137e-10,1.5223171722612598e-10,3.5476834509243395e-08,0.0,1.1010925759985297e-10,180.0,180.0,0.0,0.0,0.0,0.0,0.0,0.0,0.0,0.0,0.0,0.0,0.0,0.0,0.0,0.0,0.0,0.0,0.0,0.0,0.0,0,0,0.0,0,0,0,0,0.0,0,0,0
1,205,2050.548,2059.548,10,0.0,0.0,0.0,0.0,2.106107898370934e-08,2.1179320859745747e-08,8.255940789721368e-11,1.3170112793406181e-10,3.547689648895517e-08,0.0,1.4486565947647924e-10,180.0,180.0,0.0,0.0,0.0,0.0,0.0,0.0,0.0,0.0,0.0,0.0,0.0,0.0,0.0,0.0,0.0,0.0,0.0,0.0,0.0,0,0,0.0,0,0,0,0,0.0,0,0,0
1,206,2060.559,2069.572,10,0.0,0.0,0.0,0.0,2.1023787737167717e-08,2.1158056481372508e-08,1.3773169098183175e-10,1.423000717155978e-10,3.547679378896845e-08,0.0,1.0288652292742285e-10,180.0,180.0,0.0,0.0,0.0,0.0,0.0,0.0,0.0,0.0,0.0,0.0,0.0,0.0,0.0,0.0,0.0,0.0,0.0,0.0,0.0,0,0,0.0,0,0,0,0,0.0,0,0,0
1,207,2070.56,2079.574,10,0.0,0.0,0.0,0.0,2.1069856144007334e-08,2.1329376776768235e-08,1.2315519445177218e-10,1.9551393928589943e-10,3.547700669815747e-08,0.0,1.540896119893325e-10,180.0,180.0,0.0,0.0,0.0,0.0,0.0,0.0,0.0,0.0,0.0,0.0,0.0,0.0,0.0,0.0,0.0,0.0,0.0,0.0,0.0,0,0,0.0,0,0,0,0,0.0,0,0,0
1,208,2080.571,2089.578,10,0.0,0.0,0.0,0.0,2.106537603411808e-08,2.1136834759726197e-08,9.379340683252412e-11,1.2174673822763156e-10,3.547676814024256e-08,0.0,1.0023560625400742e-10,180.0,180.0,0.0,0.0,0.0,0.0,0.0,0.0,0.0,0.0,0.0,0.0,0.0,0.0,0.0,0.0,0.0,0.0,0.0,0.0,0.0,0,0,0.0,0,0,0,0,0.0,0,0,0
1,209,2090.587,2099.594,10,0.0,0.0,0.0,0.0,2.104025186247568e-08,2.1179320859745747e-08,1.0712170626781204e-10,1.658788090450364e-10,3.54767895072342e-08,0.0,1.0272080565034142e-10,180.0,180.0,0.0,0.0,0.0,0.0,0.0,0.0,0.0,0.0,0.0,0.0,0.0,0.0,0.0,0.0,0.0,0.0,0.0,0.0,0.0,0,0,0.0,0,0,0,0,0.0,0,0,0
1,210,2100.6,2109.608,10,0.0,0.0,0.0,0.0,2.104434191778377e-08,2.1221978102162152e-08,9.424366590681815e-11,1.2617976407407562e-10,3.54767753373762e-08,0.0,1.0047655735163378e-10,180.0,180.0,0.0,0.0,0.0,0.0,0.0,0.0,0.0,0.0,0.0,0.0,0.0,0.0,0.0,0.0,0.0,0.0,0.0,0.0,0.0,0,0,0.0,0,0,0,0,0.0,0,0,0
1,211,2110.605,2119.61,10,0.0,0.0,0.0,0.0,2.1069735254476068e-08,2.124337122524901e-08,1.1075837726474104e-10,1.2408781579317531e-10,3.547674971792151e-08,0.0,8.226387770329964e-11,180.0,180.0,0.0,0.0,0.0,0.0,0.0,0.0,0.0,0.0,0.0,0.0,0.0,0.0,0.0,0.0,0.0,0.0,0.0,0.0,0.0,0,0,0.0,0,0,0,0,0.0,0,0,0
1,212,2120.614,2129.624,10,0.0,0.0,0.0,0.0,2.1044227787689047e-08,2.1158056481372508e-08,7.870327549029256e-11,1.2835619641475995e-10,3.5476784562366844e-08,0.0,1.0398114878706813e-10,180.0,180.0,0.0,0.0,0.0,0.0,0.0,0.0,0.0,0.0,0.0,0.0,0.0,0.0,0.0,0.0,0.0,0.0,0.0,0.0,0.0,0,0,0.0,0,0,0,0,0.0,0,0,0
1,213,2130.63,2139.633,10,0.0,0.0,0.0,0.0,2.1054733514964113e-08,2.1158056481372508e-08,7.773169334416345e-11,9.677985813663185e-11,3.5476725339467005e-08,0.0,8.472436828603979e-11,180.0,180.0,0.0,0.0,0.0,0.0,0.0,0.0,0.0,0.0,0.0,0.0,0.0,0.0,0.0,0.0,0.0,0.0,0.0,0.0,0.0,0,0,0.0,0,0,0,0,0.0,0,0,0
1,214,2140.632,2149.657,10,0.0,0.0,0.0,0.0,2.1023619538253377e-08,2.1179320859745747e-08,1.2295867554776838e-10,1.1272906754266369e-10,3.5476742677318254e-08,0.0,8.039843931255527e-11,180.0,180.0,0.0,0.0,0.0,0.0,0.0,0.0,0.0,0.0,0.0,0.0,0.0,0.0,0.0,0.0,0.0,0.0,0.0,0.0,0.0,0,0,0.0,0,0,0,0,0.0,0,0,0
1,215,2150.651,2159.66,10,0.0,0.0,0.0,0.0,2.1068618465920606e-08,2.1437868011644983e-08,1.8869615264728758e-10,2.385403463734366e-10,3.5477212089359927e-08,0.0,1.8016174827424775e-10,180.0,180.0,0.0,0.0,0.0,0.0,0.0,0.0,0.0,0.0,0.0,0.0,0.0,0.0,0.0,0.0,0.0,0.0,0.0,0.0,0.0,0,0,0.0,0,0,0,0,0.0,0,0,0
1,216,2160.665,2169.675,10,0.0,0.0,0.0,0.0,2.1042051627020977e-08,2.1158056481372508e-08,6.673204321363742e-11,1.094785315516069e-10,3.547673926925806e-08,0.0,1.1472565105525381e-10,180.0,180.0,0.0,0.0,0.0,0.0,0.0,0.0,0.0,0.0,0.0,0.0,0.0,0.0,0.0,0.0,0.0,0.0,0.0,0.0,0.0,0,0,0.0,0,0,0,0,0.0,0,0,0
1,217,2170.674,2179.91,10,0.0,0.0,0.0,0.0,2.0655434979882695e-08,2.1158056481372508e-08,1.1427297212418403e-09,8.56781206905818e-10,3.548756568993508e-08,0.0,4.0651597605723176e-10,180.0,180.0,0.0,0.0,0.0,0.0,0.0,0.0,0.0,0.0,0.0,0.0,0.0,0.0,0.0,0.0,0.0,0.0,0.0,0.0,0.0,0,0,0.0,0,0,0,0,0.0,0,0,0
1,218,2180.902,2189.981,10,0.0,0.0,0.0,0.0,2.092935652838321e-08,2.124337122524901e-08,3.2035412938087e-10,3.831009593609566e-10,3.548520162531849e-08,0.0,8.934437767564802e-10,180.0,180.0,0.0,0.0,0.0,0.0,0.0,0.0,0.0,0.0,0.0,0.0,0.0,0.0,0.0,0.0,0.0,0.0,0.0,0.0,0.0,0,0,0.0,0,0,0,0,0.0,0,0,0
1,219,2190.963,2199.976,10,0.0,0.0,0.0,0.0,2.108513834018643e-08,2.145969883446743e-08,1.6644205125221587e-10,2.0827686472143728e-10,3.547737762882368e-08,0.0,2.762823619946206e-10,180.0,180.0,0.0,0.0,0.0,0.0,0.0,0.0,0.0,0.0,0.0,0.0,0.0,0.0,0.0,0.0,0.0,0.0,0.0,0.0,0.0,0,0,0.0,0,0,0,0,0.0,0,0,0
1,220,2200.968,2209.983,10,0.0,0.0,0.0,0.0,2.1066046638974358e-08,2.1905846419383593e-08,4.1503120594902887e-10,4.3407083407016506e-10,3.547760455261817e-08,0.0,1.7087730243156046e-10,180.0,180.0,0.0,0.0,0.0,0.0,0.0,0.0,0.0,0.0,0.0,0.0,0.0,0.0,0.0,0.0,0.0,0.0,0.0,0.0,0.0,0,0,0.0,0,0,0,0,0.0,0,0,0
1,221,2210.986,2219.998,10,0.0,0.0,0.0,0.0,2.104213592600206e-08,2.120062802358855e-08,8.020682979022743e-11,1.9267945711724995e-10,3.5478395784504166e-08,0.0,3.6002308256199485e-10,180.0,180.0,0.0,0.0,0.0,0.0,0.0,0.0,0.0,0.0,0.0,0.0,0.0,0.0,0.0,0.0,0.0,0.0,0.0,0.0,0.0,0,0,0.0,0,0,0,0,0.0,0,0,0
1,222,2220.996,2229.01,9,0.0,0.0,0.0,0.0,2.1045736330275547e-08,2.1179320859745747e-08,9.38459997971263e-11,1.1898359290492809e-10,3.5476737102532133e-08,0.0,8.596117334135926e-11,180.0,180.0,0.0,0.0,0.0,0.0,0.0,0.0,0.0,0.0,0.0,0.0,0.0,0.0,0.0,0.0,0.0,0.0,0.0,0.0,0.0,0,0,0.0,0,0,0,0,0.0,0,0,0
1,223,2230.011,2239.024,10,0.0,0.0,0.0,0.0,2.1049933986766164e-08,2.1569523291143313e-08,3.709593821741779e-10,4.478160259684708e-10,3.547858874212993e-08,0.0,3.1675391838565276e-10,180.0,180.0,0.0,0.0,0.0,0.0,0.0,0.0,0.0,0.0,0.0,0.0,0.0,0.0,0.0,0.0,0.0,0.0,0.0,0.0,0.0,0,0,0.0,0,0,0,0,0.0,0,0,0
1,224,2240.02,2249.042,10,0.0,0.0,0.0,0.0,2.1036531892075686e-08,2.1179320859745747e-08,1.5037304375766704e-10,1.9263234754129852e-10,3.5477040504025175e-08,0.0,2.057042734700049e-10,180.0,180.0,0.0,0.0,0.0,0.0,0.0,0.0,0.0,0.0,0.0,0.0,0.0,0.0,0.0,0.0,0.0,0.0,0.0,0.0,0.0,0,0,0.0,0,0,0,0,0.0,0,0,0
1,225,2250.047,2259.054,10,0.0,0.0,0.0,0.0,2.1049274274791236e-08,2.1416081560413635e-08,1.615795255105714e-10,2.0450904066301655e-10,3.547692815237396e-08,0.0,1.3097349799694515e-10,180.0,180.0,0.0,0.0,0.0,0.0,0.0,0.0,0.0,0.0,0.0,0.0,0.0,0.0,0.0,0.0,0.0,0.0,0.0,0.0,0.0,0,0,0.0,0,0,0,0,0.0,0,0,0
1,226,2260.055,2269.08,10,0.0,0.0,0.0,0.0,0.07309307558992614,0.6344912643503033,0.19957002642196167,0.12689825076902134,0.14314686939341326,0.0,0.17972039359898245,180.0,180.0,0.0,0.0,0.0,0.0,0.0,0.0,0.0,0.0,0.0,0.0,0.0,0.0,0.0,0.0,0.0,0.0,0.0,0.0,0.0,0,0,0.0,0,0,0,0,0.0,0,0,0
1,227,2270.078,2279.081,10,0.0,0.0,0.0,0.0,0.0,0.0,0.0,0.0,3.517823701772098e-08,0.0,0.023006686558966507,180.0,180.0,0.0,0.0,0.0,0.0,0.0,0.0,0.0,0.0,0.0,0.0,0.0,0.0,0.0,0.0,0.0,0.0,0.0,0.0,0.0,0,0,0.0,0,0,0,0,0.0,0,0,0
1,228,2280.079,2289.092,10,0.0,0.0,0.0,0.0,0.0,0.0,0.0,0.0,3.517823701772098e-08,0.0,0.0,180.0,180.0,0.0,0.0,0.0,0.0,0.0,0.0,0.0,0.0,0.0,0.0,0.0,0.0,0.0,0.0,0.0,0.0,0.0,0.0,0.0,0,0,0.0,0,0,0,0,0.0,0,0,0
1,229,2290.089,2299.102,10,0.0,0.0,0.0,0.0,0.0,0.0,0.0,0.0,3.517823701772098e-08,0.0,0.0,180.0,180.0,0.0,0.0,0.0,0.0,0.0,0.0,0.0,0.0,0.0,0.0,0.0,0.0,0.0,0.0,0.0,0.0,0.0,0.0,0.0,0,0,0.0,0,0,0,0,0.0,0,0,0
1,230,2300.11,2309.118,10,0.0,0.0,0.0,0.0,0.0,0.0,0.0,0.0,3.517823701772098e-08,0.0,0.0,180.0,180.0,0.0,0.0,0.0,0.0,0.0,0.0,0.0,0.0,0.0,0.0,0.0,0.0,0.0,0.0,0.0,0.0,0.0,0.0,0.0,0,0,0.0,0,0,0,0,0.0,0,0,0
1,231,2310.118,2319.129,10,0.0,0.0,0.0,0.0,0.0,0.0,0.0,0.0,3.517823701772098e-08,0.0,0.0,180.0,180.0,0.0,0.0,0.0,0.0,0.0,0.0,0.0,0.0,0.0,0.0,0.0,0.0,0.0,0.0,0.0,0.0,0.0,0.0,0.0,0,0,0.0,0,0,0,0,0.0,0,0,0
1,232,2320.13,2329.134,10,0.0,0.0,0.0,0.0,0.0,0.0,0.0,0.0,3.517823701772098e-08,0.0,0.0,180.0,180.0,0.0,0.0,0.0,0.0,0.0,0.0,0.0,0.0,0.0,0.0,0.0,0.0,0.0,0.0,0.0,0.0,0.0,0.0,0.0,0,0,0.0,0,0,0,0,0.0,0,0,0
1,233,2330.136,2339.139,10,0.0,0.0,0.0,0.0,0.0,0.0,0.0,0.0,3.517823701772098e-08,0.0,0.0,180.0,180.0,0.0,0.0,0.0,0.0,0.0,0.0,0.0,0.0,0.0,0.0,0.0,0.0,0.0,0.0,0.0,0.0,0.0,0.0,0.0,0,0,0.0,0,0,0,0,0.0,0,0,0
1,234,2340.141,2349.157,10,0.0,0.0,0.0,0.0,0.0,0.0,0.0,0.0,3.517823701772098e-08,0.0,0.0,180.0,180.0,0.0,0.0,0.0,0.0,0.0,0.0,0.0,0.0,0.0,0.0,0.0,0.0,0.0,0.0,0.0,0.0,0.0,0.0,0.0,0,0,0.0,0,0,0,0,0.0,0,0,0
1,235,2350.163,2359.166,10,0.0,0.0,0.0,0.0,0.0,0.0,0.0,0.0,3.517823701772098e-08,0.0,0.0,180.0,180.0,0.0,0.0,0.0,0.0,0.0,0.0,0.0,0.0,0.0,0.0,0.0,0.0,0.0,0.0,0.0,0.0,0.0,0.0,0.0,0,0,0.0,0,0,0,0,0.0,0,0,0
1,236,2360.176,2369.186,10,0.0,0.0,0.0,0.0,0.0,0.0,0.0,0.0,3.517823701772098e-08,0.0,0.0,180.0,180.0,0.0,0.0,0.0,0.0,0.0,0.0,0.0,0.0,0.0,0.0,0.0,0.0,0.0,0.0,0.0,0.0,0.0,0.0,0.0,0,0,0.0,0,0,0,0,0.0,0,0,0
1,237,2370.186,2379.194,10,0.0,0.0,0.0,0.0,0.0,0.0,0.0,0.0,3.517823701772098e-08,0.0,0.0,180.0,180.0,0.0,0.0,0.0,0.0,0.0,0.0,0.0,0.0,0.0,0.0,0.0,0.0,0.0,0.0,0.0,0.0,0.0,0.0,0.0,0,0,0.0,0,0,0,0,0.0,0,0,0
1,238,2380.198,2389.203,10,0.0,0.0,0.0,0.0,0.0,0.0,0.0,0.0,3.517823701772098e-08,0.0,0.0,180.0,180.0,0.0,0.0,0.0,0.0,0.0,0.0,0.0,0.0,0.0,0.0,0.0,0.0,0.0,0.0,0.0,0.0,0.0,0.0,0.0,0,0,0.0,0,0,0,0,0.0,0,0,0
1,239,2390.207,2399.233,10,1.1121527443628425,4.014769723602004,0.006008592726489692,3.060482434581132,0.051526305782402984,0.2632172940434533,0.10406117903905737,0.09932587223081128,0.09863855594373463,0.8948999088803087,0.0785554208280253,180.0,180.0,0.0,0.0,0.0,0.0,0.0,0.0,0.0,0.0,0.0,0.0,0.0,0.0,0.0,0.0,0.0,0.0,0.0,0.0,0.0,0,0,0.0,0,0,0,0,0.0,0,0,0
1,240,2400.227,2409.235,10,0.0,0.0,0.0,0.0,2.1069512919465136e-08,2.120062802358855e-08,8.416397417216914e-11,1.2829879868974642e-10,0.012301147320871838,0.9880411768395113,0.0522957400180664,180.0,180.0,0.0,0.0,0.0,0.0,0.0,0.0,0.0,0.0,0.0,0.0,0.0,0.0,0.0,0.0,0.0,0.0,0.0,0.0,0.0,0,0,0.0,0,0,0,0,0.0,0,0,0
1,241,2410.234,2419.252,10,0.0,0.0,0.0,0.0,2.103798386799197e-08,2.120062802358855e-08,8.705121386858256e-11,1.1147167982382205e-10,3.521690113215871e-08,0.7961032382354353,7.797167098787692e-11,180.0,180.0,0.0,0.0,0.0,0.0,0.0,0.0,0.0,0.0,0.0,0.0,0.0,0.0,0.0,0.0,0.0,0.0,0.0,0.0,0.0,0,0,0.0,0,0,0,0,0.0,0,0,0
1,242,2420.248,2429.251,10,0.0,0.0,0.0,0.0,2.1075978871224088e-08,2.120062802358855e-08,1.0212233682018539e-10,1.4516190547360198e-10,3.521693178746561e-08,0.0,9.585816419611955e-11,180.0,180.0,0.0,0.0,0.0,0.0,0.0,0.0,0.0,0.0,0.0,0.0,0.0,0.0,0.0,0.0,0.0,0.0,0.0,0.0,0.0,0,0,0.0,0,0,0,0,0.0,0,0,0
1,243,2430.251,2439.269,10,0.0,0.0,0.0,0.0,2.1037148086297063e-08,2.139433934563149e-08,1.9240571827210916e-10,2.453865434825429e-10,3.521739205816238e-08,0.0,1.8455388374724624e-10,180.0,180.0,0.0,0.0,0.0,0.0,0.0,0.0,0.0,0.0,0.0,0.0,0.0,0.0,0.0,0.0,0.0,0.0,0.0,0.0,0.0,0,0,0.0,0,0,0,0,0.0,0,0,0
1,244,2440.259,2449.276,10,0.0,0.0,0.0,0.0,2.105921901180135e-08,2.128628712671416e-08,1.1212957570178472e-10,1.391181330371937e-10,3.521697629645639e-08,0.0,1.2917831110922706e-10,180.0,180.0,0.0,0.0,0.0,0.0,0.0,0.0,0.0,0.0,0.0,0.0,0.0,0.0,0.0,0.0,0.0,0.0,0.0,0.0,0.0,0,0,0.0,0,0,0,0,0.0,0,0,0
1,245,2450.282,2459.295,10,0.0,0.0,0.0,0.0,2.103369767520595e-08,2.1179320859745747e-08,7.449004281591155e-11,1.1559711749035202e-10,3.5216876757110074e-08,0.0,7.719739566629245e-11,180.0,180.0,0.0,0.0,0.0,0.0,0.0,0.0,0.0,0.0,0.0,0.0,0.0,0.0,0.0,0.0,0.0,0.0,0.0,0.0,0.0,0,0,0.0,0,0,0,0,0.0,0,0,0
1,246,2460.298,2469.299,10,0.0,0.0,0.0,0.0,2.106527761110689e-08,2.120062802358855e-08,8.095952075452888e-11,8.432565076038251e-11,3.521685287492594e-08,0.0,6.362629054512691e-11,180.0,180.0,0.0,0.0,0.0,0.0,0.0,0.0,0.0,0.0,0.0,0.0,0.0,0.0,0.0,0.0,0.0,0.0,0.0,0.0,0.0,0,0,0.0,0,0,0,0,0.0,0,0,0
1,247,2470.303,2479.323,10,0.0,0.0,0.0,0.0,2.102358609545218e-08,2.124337122524901e-08,1.2014889437618247e-10,1.848386153759679e-10,3.521704093992082e-08,0.0,1.1269808631436751e-10,180.0,180.0,0.0,0.0,0.0,0.0,0.0,0.0,0.0,0.0,0.0,0.0,0.0,0.0,0.0,0.0,0.0,0.0,0.0,0.0,0.0,0,0,0.0,0,0,0,0,0.0,0,0,0
1,248,2480.318,2489.331,10,0.0,0.0,0.0,0.0,2.1056876446907545e-08,2.1179320859745747e-08,8.33906597966758e-11,1.1567295626377851e-10,3.521689694215764e-08,0.0,1.0217732883078249e-10,180.0,180.0,0.0,0.0,0.0,0.0,0.0,0.0,0.0,0.0,0.0,0.0,0.0,0.0,0.0,0.0,0.0,0.0,0.0,0.0,0.0,0,0,0.0,0,0,0,0,0.0,0,0,0
1,249,2490.338,2499.341,10,0.0,0.0,0.0,0.0,2.10528927320089e-08,2.124337122524901e-08,1.103585776737189e-10,1.260986837687397e-10,3.5216982845189715e-08,0.0,1.038704923337621e-10,180.0,180.0,0.0,0.0,0.0,0.0,0.0,0.0,0.0,0.0,0.0,0.0,0.0,0.0,0.0,0.0,0.0,0.0,0.0,0.0,0.0,0,0,0.0,0,0,0,0,0.0,0,0,0
1,250,2500.348,2509.357,10,0.0,0.0,0.0,0.0,2.104157278060662e-08,2.1416081560413635e-08,2.062689122358133e-10,2.595915001072842e-10,3.521716128386965e-08,0.0,1.3647656088665188e-10,180.0,180.0,0.0,0.0,0.0,0.0,0.0,0.0,0.0,0.0,0.0,0.0,0.0,0.0,0.0,0.0,0.0,0.0,0.0,0.0,0.0,0,0,0.0,0,0,0,0,0.0,0,0,0
1,251,2510.359,2519.359,10,0.0,0.0,0.0,0.0,2.1069399207512815e-08,2.120062802358855e-08,6.649738971059549e-11,1.0273279262995228e-10,3.521712721361072e-08,0.0,1.6568335197185742e-10,180.0,180.0,0.0,0.0,0.0,0.0,0.0,0.0,0.0,0.0,0.0,0.0,0.0,0.0,0.0,0.0,0.0,0.0,0.0,0.0,0.0,0,0,0.0,0,0,0,0,0.0,0,0,0
1,252,2520.359,2529.375,10,0.0,0.0,0.0,0.0,2.1040599226729403e-08,2.1264807523155418e-08,1.399224140579226e-10,1.888945311937244e-10,3.521700800874664e-08,0.0,9.580727194446271e-11,180.0,180.0,0.0,0.0,0.0,0.0,0.0,0.0,0.0,0.0,0.0,0.0,0.0,0.0,0.0,0.0,0.0,0.0,0.0,0.0,0.0,0,0,0.0,0,0,0,0,0.0,0,0,0
1,253,2530.381,2539.384,10,0.08202092145203929,0.5276034301461479,-0.001917781079844616,0.2914400242771366,0.0033184341477802463,0.032013165109380744,0.01008901491524055,0.006402631076051444,0.004270666222094983,0.13682318222909423,0.00303014752164281,180.0,180.0,0.0,0.0,0.0,0.0,0.0,0.0,0.0,0.0,0.0,0.0,0.0,0.0,0.0,0.0,0.0,0.0,0.0,0.0,0.0,0,0,0.0,0,0,0,0,0.0,0,0,0
1,254,2540.383,2549.404,10,0.0,0.0,0.0,0.0,0.0,0.0,0.0,0.0,0.0028913658892629856,0.5990171204310809,0.007099343787014623,180.0,180.0,0.0,0.0,0.0,0.0,0.0,0.0,0.0,0.0,0.0,0.0,0.0,0.0,0.0,0.0,0.0,0.0,0.0,0.0,0.0,0,0,0.0,0,0,0,0,0.0,0,0,0
1,255,2550.398,2559.418,10,0.0,0.0,0.0,0.0,0.0,0.0,0.0,0.0,3.5216929919223915e-08,0.5035082711497754,0.0,180.0,180.0,0.0,0.0,0.0,0.0,0.0,0.0,0.0,0.0,0.0,0.0,0.0,0.0,0.0,0.0,0.0,0.0,0.0,0.0,0.0,0,0,0.0,0,0,0,0,0.0,0,0,0
1,256,2560.412,2569.42,10,0.0,0.0,0.0,0.0,0.0,0.0,0.0,0.0,3.5216929919223915e-08,0.0,0.0,180.0,180.0,0.0,0.0,0.0,0.0,0.0,0.0,0.0,0.0,0.0,0.0,0.0,0.0,0.0,0.0,0.0,0.0,0.0,0.0,0.0,0,0,0.0,0,0,0,0,0.0,0,0,0
1,257,2570.422,2579.442,10,0.0,0.0,0.0,0.0,0.0,0.0,0.0,0.0,3.5216929919223915e-08,0.0,0.0,180.0,180.0,0.0,0.0,0.0,0.0,0.0,0.0,0.0,0.0,0.0,0.0,0.0,0.0,0.0,0.0,0.0,0.0,0.0,0.0,0.0,0,0,0.0,0,0,0,0,0.0,0,0,0
1,258,2580.441,2589.456,10,0.0,0.0,0.0,0.0,0.0,0.0,0.0,0.0,3.5216929919223915e-08,0.0,0.0,180.0,180.0,0.0,0.0,0.0,0.0,0.0,0.0,0.0,0.0,0.0,0.0,0.0,0.0,0.0,0.0,0.0,0.0,0.0,0.0,0.0,0,0,0.0,0,0,0,0,0.0,0,0,0
1,259,2590.459,2599.461,10,0.0,0.0,0.0,0.0,0.0,0.0,0.0,0.0,3.5216929919223915e-08,0.0,0.0,180.0,180.0,0.0,0.0,0.0,0.0,0.0,0.0,0.0,0.0,0.0,0.0,0.0,0.0,0.0,0.0,0.0,0.0,0.0,0.0,0.0,0,0,0.0,0,0,0,0,0.0,0,0,0
1,260,2600.47,2609.481,10,0.0,0.0,0.0,0.0,0.0,0.0,0.0,0.0,3.5216929919223915e-08,0.0,0.0,180.0,180.0,0.0,0.0,0.0,0.0,0.0,0.0,0.0,0.0,0.0,0.0,0.0,0.0,0.0,0.0,0.0,0.0,0.0,0.0,0.0,0,0,0.0,0,0,0,0,0.0,0,0,0
1,261,2610.481,2619.492,10,0.037899457258889366,0.3789945725888937,3.763555673506613e-05,0.3778609896200336,8.93621195219751e-08,8.936211952197511e-07,2.825878342296385e-07,1.787242390439502e-07,2.182025825980361e-07,0.6999999997577855,1.9781148396074694e-07,180.0,180.0,0.0,0.0,0.0,0.0,0.0,0.0,0.0,0.0,0.0,0.0,0.0,0.0,0.0,0.0,0.0,0.0,0.0,0.0,0.0,0,0,0.0,0,0,0,0,0.0,0,0,0
1,262,2620.493,2629.508,10,0.0,0.0,0.0,0.0,0.0,0.0,0.0,0.0,3.5216929919223915e-08,0.9999999996539792,8.477635026889155e-08,180.0,180.0,0.0,0.0,0.0,0.0,0.0,0.0,0.0,0.0,0.0,0.0,0.0,0.0,0.0,0.0,0.0,0.0,0.0,0.0,0.0,0,0,0.0,0,0,0,0,0.0,0,0,0
1,263,2630.496,2639.506,10,0.0,0.0,0.0,0.0,0.0,0.0,0.0,0.0,3.5216929919223915e-08,0.2999999998961938,0.0,180.0,180.0,0.0,0.0,0.0,0.0,0.0,0.0,0.0,0.0,0.0,0.0,0.0,0.0,0.0,0.0,0.0,0.0,0.0,0.0,0.0,0,0,0.0,0,0,0,0,0.0,0,0,0
1,264,2640.516,2649.52,10,0.0,0.0,0.0,0.0,0.0,0.0,0.0,0.0,3.5216929919223915e-08,0.0,0.0,180.0,180.0,0.0,0.0,0.0,0.0,0.0,0.0,0.0,0.0,0.0,0.0,0.0,0.0,0.0,0.0,0.0,0.0,0.0,0.0,0.0,0,0,0.0,0,0,0,0,0.0,0,0,0
1,265,2650.527,2659.534,10,0.0,0.0,0.0,0.0,0.0,0.0,0.0,0.0,3.5216929919223915e-08,0.0,0.0,180.0,180.0,0.0,0.0,0.0,0.0,0.0,0.0,0.0,0.0,0.0,0.0,0.0,0.0,0.0,0.0,0.0,0.0,0.0,0.0,0.0,0,0,0.0,0,0,0,0,0.0,0,0,0
1,266,2660.533,2669.537,10,0.0,0.0,0.0,0.0,0.0,0.0,0.0,0.0,3.5216929919223915e-08,0.0,0.0,180.0,180.0,0.0,0.0,0.0,0.0,0.0,0.0,0.0,0.0,0.0,0.0,0.0,0.0,0.0,0.0,0.0,0.0,0.0,0.0,0.0,0,0,0.0,0,0,0,0,0.0,0,0,0
1,267,2670.552,2679.552,10,0.0,0.0,0.0,0.0,0.0,0.0,0.0,0.0,3.5216929919223915e-08,0.0,0.0,180.0,180.0,0.0,0.0,0.0,0.0,0.0,0.0,0.0,0.0,0.0,0.0,0.0,0.0,0.0,0.0,0.0,0.0,0.0,0.0,0.0,0,0,0.0,0,0,0,0,0.0,0,0,0
1,268,2680.551,2689.559,10,0.0,0.0,0.0,0.0,0.0,0.0,0.0,0.0,3.5216929919223915e-08,0.0,0.0,180.0,180.0,0.0,0.0,0.0,0.0,0.0,0.0,0.0,0.0,0.0,0.0,0.0,0.0,0.0,0.0,0.0,0.0,0.0,0.0,0.0,0,0,0.0,0,0,0,0,0.0,0,0,0
1,269,2690.565,2699.578,10,0.0,0.0,0.0,0.0,0.0,0.0,0.0,0.0,3.5216929919223915e-08,0.0,0.0,180.0,180.0,0.0,0.0,0.0,0.0,0.0,0.0,0.0,0.0,0.0,0.0,0.0,0.0,0.0,0.0,0.0,0.0,0.0,0.0,0.0,0,0,0.0,0,0,0,0,0.0,0,0,0
1,270,2700.576,2709.59,10,0.0,0.0,0.0,0.0,0.0,0.0,0.0,0.0,3.5216929919223915e-08,0.0,0.0,180.0,180.0,0.0,0.0,0.0,0.0,0.0,0.0,0.0,0.0,0.0,0.0,0.0,0.0,0.0,0.0,0.0,0.0,0.0,0.0,0.0,0,0,0.0,0,0,0,0,0.0,0,0,0
1,271,2710.594,2719.603,10,0.0,0.0,0.0,0.0,0.0,0.0,0.0,0.0,3.5216929919223915e-08,0.0,0.0,180.0,180.0,0.0,0.0,0.0,0.0,0.0,0.0,0.0,0.0,0.0,0.0,0.0,0.0,0.0,0.0,0.0,0.0,0.0,0.0,0.0,0,0,0.0,0,0,0,0,0.0,0,0,0
1,272,2720.606,2729.613,10,0.0,0.0,0.0,0.0,0.0,0.0,0.0,0.0,3.5216929919223915e-08,0.0,0.0,180.0,180.0,0.0,0.0,0.0,0.0,0.0,0.0,0.0,0.0,0.0,0.0,0.0,0.0,0.0,0.0,0.0,0.0,0.0,0.0,0.0,0,0,0.0,0,0,0,0,0.0,0,0,0
1,273,2730.616,2739.621,10,0.0,0.0,0.0,0.0,0.0,0.0,0.0,0.0,3.5216929919223915e-08,0.0,0.0,180.0,180.0,0.0,0.0,0.0,0.0,0.0,0.0,0.0,0.0,0.0,0.0,0.0,0.0,0.0,0.0,0.0,0.0,0.0,0.0,0.0,0,0,0.0,0,0,0,0,0.0,0,0,0
1,274,2740.624,2749.635,10,0.6596690423850132,4.9498286091760715,0.4940009841426837,3.286534123882598,0.05421100900536372,0.36947777904628387,0.12334567912934674,0.05663232470852144,0.0329201521856106,0.19918045170948312,0.024018481179001593,180.0,180.0,0.0,0.0,0.0,0.0,0.0,0.0,0.0,0.0,0.0,0.0,0.0,0.0,0.0,0.0,0.0,0.0,0.0,0.0,0.0,0,0,0.0,0,0,0,0,0.0,0,0,0
1,275,2750.643,2759.65,10,2.6212372730201494,5.540370375427038,-0.48887521155737435,2.68797072513617,0.2735768755930018,1.6454446968439782,0.5322430558567735,0.45930473662095983,0.47822428557966923,0.7334491309857398,0.5161029812641299,180.0,180.0,0.0,0.0,0.0,0.0,0.0,0.0,0.0,0.0,0.0,0.0,0.0,0.0,0.0,0.0,0.0,0.0,0.0,0.0,0.0,0,0,0.0,0,0,0,0,0.0,0,0,0
1,276,2760.648,2769.657,10,1.435885151586726,3.5527650650544675,0.2503220008926246,1.6886516803690403,0.20339895954535092,0.6153873219741792,0.19969053848916501,0.18959490444133456,0.21476027334849784,0.6925631117588719,0.23988221916935742,180.0,180.0,0.0,0.0,0.0,0.0,0.0,0.0,0.0,0.0,0.0,0.0,0.0,0.0,0.0,0.0,0.0,0.0,0.0,0.0,0.0,0,0,0.0,0,0,0,0,0.0,0,0,0
1,277,2770.658,2779.672,10,1.766241483583649,3.5772685701534517,-0.24960710043496723,1.0734877293988718,0.002139119071749343,0.02132928531654599,0.006742765179246017,0.003536677078258839,0.025737966794749673,0.9713387640878943,0.096109650367555,180.0,180.0,0.0,0.0,0.0,0.0,0.0,0.0,0.0,0.0,0.0,0.0,0.0,0.0,0.0,0.0,0.0,0.0,0.0,0.0,0.0,0,0,0.0,0,0,0,0,0.0,0,0,0
1,278,2780.666,2789.683,10,3.1434301403414984,5.613459310324695,0.17636674711930667,2.22886860448621,0.17709492922436382,0.5780547306796647,0.2146826280208722,0.1574141856192987,0.1574838089272866,0.9546667254108824,0.1484724418512782,180.0,180.0,0.0,0.0,0.0,0.0,0.0,0.0,0.0,0.0,0.0,0.0,0.0,0.0,0.0,0.0,0.0,0.0,0.0,0.0,0.0,0,0,0.0,0,0,0,0,0.0,0,0,0
1,279,2790.683,2799.705,10,1.5177727677434958,3.4890364718940785,-0.07742404281701461,1.296417018827644,0.5726022259371553,2.5384981526983315,0.8234417388647054,0.6258363244376113,0.38466911275735316,0.9061793876955836,0.32785655375664263,180.0,180.0,0.0,0.0,0.0,0.0,0.0,0.0,0.0,0.0,0.0,0.0,0.0,0.0,0.0,0.0,0.0,0.0,0.0,0.0,0.0,0,0,0.0,0,0,0,0,0.0,0,0,0
1,280,2800.722,2809.722,10,1.6625270578862437,3.3454223016692093,0.007563903135814764,3.1879534136030476,0.7014961203973163,2.6951937735553195,0.765415963638355,0.955010930341413,0.8283359674082652,0.7387232899977614,0.9112027752982547,180.0,180.0,0.0,0.0,0.0,0.0,0.0,0.0,0.0,0.0,0.0,0.0,0.0,0.0,0.0,0.0,0.0,0.0,0.0,0.0,0.0,0,0,0.0,0,0,0,0,0.0,0,0,0
1,281,2810.716,2819.732,10,2.3309251673685916,3.5384368566815314,0.018505958768704846,2.5256170012531847,0.8952012666569977,2.7998621411383287,0.8196990128188361,0.8503926697285223,0.7394074107845464,0.5512727071037589,0.7427681676328408,180.0,180.0,0.0,0.0,0.0,0.0,0.0,0.0,0.0,0.0,0.0,0.0,0.0,0.0,0.0,0.0,0.0,0.0,0.0,0.0,0.0,0,0,0.0,0,0,0,0,0.0,0,0,0
1,282,2820.734,2829.736,10,1.344517280566182,3.5268548418503944,-0.11989934874025907,1.3554282606243768,0.5966615794848618,1.926403411718561,0.685212860842772,0.3546399250157076,0.4597006414087811,0.4827972081125377,0.6711318338723411,180.0,180.0,0.0,0.0,0.0,0.0,0.0,0.0,0.0,0.0,0.0,0.0,0.0,0.0,0.0,0.0,0.0,0.0,0.0,0.0,0.0,0,0,0.0,0,0,0,0,0.0,0,0,0
1,283,2830.736,2839.748,10,0.0,0.0,0.0,0.0,0.0,0.0,0.0,0.0,5.0508689468826955e-08,0.34964211000599843,0.1891788121210231,180.0,180.0,0.0,0.0,0.0,0.0,0.0,0.0,0.0,0.0,0.0,0.0,0.0,0.0,0.0,0.0,0.0,0.0,0.0,0.0,0.0,0,0,0.0,0,0,0,0,0.0,0,0,0
1,284,2840.762,2849.757,10,0.0,0.0,0.0,0.0,0.2819099279128418,2.0707911433254593,0.6711026540805666,0.4141582286650919,0.4871100707422585,0.34744428345476697,0.5605457042721727,180.0,180.0,0.0,0.0,0.0,0.0,0.0,0.0,0.0,0.0,0.0,0.0,0.0,0.0,0.0,0.0,0.0,0.0,0.0,0.0,0.0,0,0,0.0,0,0,0,0,0.0,0,0,0
1,285,2850.755,2859.766,10,0.0,0.0,0.0,0.0,0.0,0.0,0.0,0.0,0.0,0.0,0.13259443112218303,180.0,180.0,0.0,0.0,0.0,0.0,0.0,0.0,0.0,0.0,0.0,0.0,0.0,0.0,0.0,0.0,0.0,0.0,0.0,0.0,0.0,0,0,0.0,0,0,0,0,0.0,0,0,0
1,286,2860.77,2869.782,10,0.0,0.0,0.0,0.0,0.0,0.0,0.0,0.0,0.0,0.0,0.0,180.0,180.0,0.0,0.0,0.0,0.0,0.0,0.0,0.0,0.0,0.0,0.0,0.0,0.0,0.0,0.0,0.0,0.0,0.0,0.0,0.0,0,0,0.0,0,0,0,0,0.0,0,0,0
1,287,2870.78,2879.8,10,0.6601059943951186,3.088584638113383,0.05929331914333735,3.0531136940101513,0.5714835438438234,1.8191232064481977,0.6685977819356248,0.4944990325139961,0.5623876622140391,0.6123058269424131,0.5892012035500361,180.0,180.0,0.0,0.0,0.0,0.0,0.0,0.0,0.0,0.0,0.0,0.0,0.0,0.0,0.0,0.0,0.0,0.0,0.0,0.0,0.0,0,0,0.0,0,0,0,0,0.0,0,0,0
1,288,2880.792,2889.805,10,3.879844465287045,6.282742334708255,-0.01639674955253727,2.5210601320860384,1.1649956663917047,3.0153755163850087,1.0655548748569053,1.0865904422503512,0.8731463097407927,0.2400918229080864,0.9115912614734321,180.0,180.0,0.0,0.0,0.0,0.0,0.0,0.0,0.0,0.0,0.0,0.0,0.0,0.0,0.0,0.0,0.0,0.0,0.0,0.0,0.0,0,0,0.0,0,0,0,0,0.0,0,0,0
1,289,2890.804,2899.815,10,0.5553271451869837,3.3556177631538895,0.03120343486019158,3.3223938249048413,0.13347781095630545,0.8938352946762802,0.2975010123701337,0.1737381603548263,0.3157336280659829,0.03972814273999509,0.7172475248381842,180.0,180.0,0.0,0.0,0.0,0.0,0.0,0.0,0.0,0.0,0.0,0.0,0.0,0.0,0.0,0.0,0.0,0.0,0.0,0.0,0.0,0,0,0.0,0,0,0,0,0.0,0,0,0
1,290,2900.817,2909.831,10,0.14446482228036475,1.3910111231308315,-0.0761919813958672,0.6240326589759541,0.052380410971259526,0.5238041097125953,0.1656414034448527,0.08938352946762802,0.18331366477538696,0.28021157541611075,0.2999808857181729,180.0,180.0,0.0,0.0,0.0,0.0,0.0,0.0,0.0,0.0,0.0,0.0,0.0,0.0,0.0,0.0,0.0,0.0,0.0,0.0,0.0,0,0,0.0,0,0,0,0,0.0,0,0,0
1,291,2910.828,2919.838,10,0.0,0.0,0.0,0.0,0.0,0.0,0.0,0.0,0.0,0.5379011277054463,0.0,180.0,180.0,0.0,0.0,0.0,0.0,0.0,0.0,0.0,0.0,0.0,0.0,0.0,0.0,0.0,0.0,0.0,0.0,0.0,0.0,0.0,0,0,0.0,0,0,0,0,0.0,0,0,0
1,292,2920.842,2929.862,10,0.0,0.0,0.0,0.0,0.0,0.0,0.0,0.0,0.0,0.0,0.0,180.0,180.0,0.0,0.0,0.0,0.0,0.0,0.0,0.0,0.0,0.0,0.0,0.0,0.0,0.0,0.0,0.0,0.0,0.0,0.0,0.0,0,0,0.0,0,0,0,0,0.0,0,0,0
1,293,2930.862,2939.88,10,0.1067307774829775,0.5585590580346769,-0.0005765399488825374,0.5541260496375763,0.005827930550395126,0.04997462524206093,0.01572960103094508,0.009994925048412186,0.011294564101179185,0.1453171826808702,0.012846297873426232,180.0,180.0,0.0,0.0,0.0,0.0,0.0,0.0,0.0,0.0,0.0,0.0,0.0,0.0,0.0,0.0,0.0,0.0,0.0,0.0,0.0,0,0,0.0,0,0,0,0,0.0,0,0,0
1,294,2940.892,2949.885,10,0.0,0.0,0.0,0.0,0.0,0.0,0.0,0.0,0.0,0.056646478370804255,0.0031532965128770684,180.0,180.0,0.0,0.0,0.0,0.0,0.0,0.0,0.0,0.0,0.0,0.0,0.0,0.0,0.0,0.0,0.0,0.0,0.0,0.0,0.0,0,0,0.0,0,0,0,0,0.0,0,0,0
1,295,2950.891,2959.895,10,0.0,0.0,0.0,0.0,0.0,0.0,0.0,0.0,0.0,0.10566464781791565,0.0,180.0,180.0,0.0,0.0,0.0,0.0,0.0,0.0,0.0,0.0,0.0,0.0,0.0,0.0,0.0,0.0,0.0,0.0,0.0,0.0,0.0,0,0,0.0,0,0,0,0,0.0,0,0,0
1,296,2960.9,2969.921,10,0.0,0.0,0.0,0.0,0.0,0.0,0.0,0.0,0.0,0.0,0.0,180.0,180.0,0.0,0.0,0.0,0.0,0.0,0.0,0.0,0.0,0.0,0.0,0.0,0.0,0.0,0.0,0.0,0.0,0.0,0.0,0.0,0,0,0.0,0,0,0,0,0.0,0,0,0
1,297,2970.918,2979.925,10,0.0,0.0,0.0,0.0,0.0,0.0,0.0,0.0,0.0,0.0,0.0,180.0,180.0,0.0,0.0,0.0,0.0,0.0,0.0,0.0,0.0,0.0,0.0,0.0,0.0,0.0,0.0,0.0,0.0,0.0,0.0,0.0,0,0,0.0,0,0,0,0,0.0,0,0,0
1,298,2980.924,2989.954,10,0.0,0.0,0.0,0.0,0.0,0.0,0.0,0.0,0.0,0.0,0.0,180.0,180.0,0.0,0.0,0.0,0.0,0.0,0.0,0.0,0.0,0.0,0.0,0.0,0.0,0.0,0.0,0.0,0.0,0.0,0.0,0.0,0,0,0.0,0,0,0,0,0.0,0,0,0
1,299,2990.945,2999.943,10,0.0,0.0,0.0,0.0,0.0,0.0,0.0,0.0,0.0,0.0,0.0,180.0,180.0,0.0,0.0,0.0,0.0,0.0,0.0,0.0,0.0,0.0,0.0,0.0,0.0,0.0,0.0,0.0,0.0,0.0,0.0,0.0,0,0,0.0,0,0,0,0,0.0,0,0,0
1,300,3000.957,3009.96,10,0.0,0.0,0.0,0.0,0.0,0.0,0.0,0.0,0.0,0.0,0.0,180.0,180.0,0.0,0.0,0.0,0.0,0.0,0.0,0.0,0.0,0.0,0.0,0.0,0.0,0.0,0.0,0.0,0.0,0.0,0.0,0.0,0,0,0.0,0,0,0,0,0.0,0,0,0
1,301,3010.963,3019.981,10,0.10306555848011548,1.0306555848011547,0.1025527945075776,1.025527945075776,0.04811731611029545,0.48117316110295444,0.15216031380284734,0.04811731611029545,0.021518717943493276,0.09999999999533955,0.015216031380284734,180.0,180.0,0.0,0.0,0.0,0.0,0.0,0.0,0.0,0.0,0.0,0.0,0.0,0.0,0.0,0.0,0.0,0.0,0.0,0.0,0.0,0,0,0.0,0,0,0,0,0.0,0,0,0
1,302,3020.967,3029.997,10,4.563144477223123,6.624447146751586,0.31774375259595444,3.179265442584618,0.32125028839227837,2.679972347624574,0.831840331708509,0.5399268705044392,0.6022537994577121,0.7408995348736566,0.8327176391047347,180.0,180.0,0.0,0.0,0.0,0.0,0.0,0.0,0.0,0.0,0.0,0.0,0.0,0.0,0.0,0.0,0.0,0.0,0.0,0.0,0.0,0,0,0.0,0,0,0,0,0.0,0,0,0
1,303,3030.996,3039.0,9,5.222511460127302,6.79093076724848,0.29689777738326373,2.1137174982900495,2.1066804165180795e-08,2.120062802358855e-08,9.757876855909811e-11,1.7051364456399033e-10,0.007168646152003981,0.8055833953572129,0.03209446955829165,180.0,180.0,0.0,0.0,0.0,0.0,0.0,0.0,0.0,0.0,0.0,0.0,0.0,0.0,0.0,0.0,0.0,0.0,0.0,0.0,0.0,0,0,0.0,0,0,0,0,0.0,0,0,0
1,304,3040.0,3049.008,10,3.810676636813663,6.766205956517425,-0.6393438292956085,0.5157803551867284,0.3464850545569861,3.0168855394251026,0.9401175536053304,0.6032653686300511,0.6690982643839416,0.978885797323778,0.568010106228072,180.0,180.0,0.0,0.0,0.0,0.0,0.0,0.0,0.0,0.0,0.0,0.0,0.0,0.0,0.0,0.0,0.0,0.0,0.0,0.0,0.0,0,0,0.0,0,0,0,0,0.0,0,0,0
1,305,3050.014,3059.026,10,0.3102535976130988,1.0585952078808798,-0.03151515404269319,0.7268679427108806,0.44396316762491833,1.3457841666872346,0.49783282363016473,0.4988534530041303,0.4119856412259952,0.945786588510859,0.6098705486633288,180.0,180.0,0.0,0.0,0.0,0.0,0.0,0.0,0.0,0.0,0.0,0.0,0.0,0.0,0.0,0.0,0.0,0.0,0.0,0.0,0.0,0,0,0.0,0,0,0,0,0.0,0,0,0
1,306,3060.021,3069.035,10,0.0,0.0,0.0,0.0,1.4887921137072407e-08,1.4976041400851914e-08,5.128471120824434e-11,7.88012226618964e-11,0.13207965773397437,0.6012863084922001,0.35990516095588393,180.0,180.0,0.0,0.0,0.0,0.0,0.0,0.0,0.0,0.0,0.0,0.0,0.0,0.0,0.0,0.0,0.0,0.0,0.0,0.0,0.0,0,0,0.0,0,0,0,0,0.0,0,0,0
1,307,3070.036,3079.048,10,0.9537502467007493,3.8597096738898133,0.14199465199209593,2.705410621256378,0.3117673115111615,2.010187380750982,0.6319506761703187,0.4530763003903303,0.48127469342089996,0.6627313614718481,0.5077128426578829,180.0,180.0,0.0,0.0,0.0,0.0,0.0,0.0,0.0,0.0,0.0,0.0,0.0,0.0,0.0,0.0,0.0,0.0,0.0,0.0,0.0,0,0,0.0,0,0,0,0,0.0,0,0,0
1,308,3080.051,3089.054,10,0.8544970229680173,3.150564130353803,-0.1510686876658527,1.76458387521912,0.04339254196798188,0.20185789469805554,0.06717878018548881,0.060402572570649495,0.06232866427191756,0.9723638155822725,0.2037113544135639,180.0,180.0,0.0,0.0,0.0,0.0,0.0,0.0,0.0,0.0,0.0,0.0,0.0,0.0,0.0,0.0,0.0,0.0,0.0,0.0,0.0,0,0,0.0,0,0,0,0,0.0,0,0,0
1,309,3090.057,3099.074,10,1.2567076587862918,4.0237169815713,0.08147661965578065,2.1433467613276433,0.04826355849475593,0.21276273984845018,0.08045791054233373,0.04193635193094146,0.04294476797119519,0.9882007636539015,0.04684659489468675,180.0,180.0,0.0,0.0,0.0,0.0,0.0,0.0,0.0,0.0,0.0,0.0,0.0,0.0,0.0,0.0,0.0,0.0,0.0,0.0,0.0,0,0,0.0,0,0,0,0,0.0,0,0,0
1,310,3100.078,3109.09,10,1.4706196932142699,6.381325409943431,0.5553606973530404,3.418396522372083,0.005940402163017005,0.04004428057753363,0.012827982034803951,0.005625137874156938,0.02462855146471992,0.9985672995319493,0.05845747956636592,180.0,180.0,0.0,0.0,0.0,0.0,0.0,0.0,0.0,0.0,0.0,0.0,0.0,0.0,0.0,0.0,0.0,0.0,0.0,0.0,0.0,0,0,0.0,0,0,0,0,0.0,0,0,0
1,311,3110.091,3119.099,10,1.909989777459952,6.975667099075007,-0.6364054370810288,1.09012475286172,0.006156904999561512,0.04135474528285887,0.013148787893503785,0.00698813337149806,0.012044038794444694,0.9993341401852625,0.01642109899525232,180.0,180.0,0.0,0.0,0.0,0.0,0.0,0.0,0.0,0.0,0.0,0.0,0.0,0.0,0.0,0.0,0.0,0.0,0.0,0.0,0.0,0,0,0.0,0,0,0,0,0.0,0,0,0
1,312,3120.098,3129.113,10,0.7098873936891311,2.2859796994242934,0.0022297453432672753,1.3812553652544353,0.007007269716733428,0.02049873430896731,0.008911545155923958,0.008844801603533927,0.00691940619825353,0.9995475851850024,0.006729454584180039,180.0,180.0,0.0,0.0,0.0,0.0,0.0,0.0,0.0,0.0,0.0,0.0,0.0,0.0,0.0,0.0,0.0,0.0,0.0,0.0,0.0,0,0,0.0,0,0,0,0,0.0,0,0,0
1,313,3130.111,3139.12,10,2.144851679492338,5.8050255440717935,0.37276469855339095,2.186685294816074,0.01192407291007409,0.04018635853664505,0.015204863205339838,0.009187081326297482,0.013008611696301423,0.9991480260463979,0.012490645770966424,180.0,180.0,0.0,0.0,0.0,0.0,0.0,0.0,0.0,0.0,0.0,0.0,0.0,0.0,0.0,0.0,0.0,0.0,0.0,0.0,0.0,0,0,0.0,0,0,0,0,0.0,0,0,0
1,314,3140.141,3149.144,10,2.418037287991466,3.6757599394277047,-0.36821078849289823,0.25117535584788925,0.12897791700553052,0.9681981204469017,0.30456245852357366,0.19592277040775094,0.09963956585956231,0.9988383128110783,0.07901076044798969,180.0,180.0,0.0,0.0,0.0,0.0,0.0,0.0,0.0,0.0,0.0,0.0,0.0,0.0,0.0,0.0,0.0,0.0,0.0,0.0,0.0,0,0,0.0,0,0,0,0,0.0,0,0,0
1,315,3150.153,3159.285,10,2.555117528717844,3.598503922262718,0.3559263453504053,2.430026914602564,0.1567938282016734,0.8243972371585297,0.2696437401830312,0.16487944743170596,0.24866905154806646,0.992314971897091,0.3321751748505662,180.0,180.0,0.0,0.0,0.0,0.0,0.0,0.0,0.0,0.0,0.0,0.0,0.0,0.0,0.0,0.0,0.0,0.0,0.0,0.0,0.0,0,0,0.0,0,0,0,0,0.0,0,0,0
1,316,3160.285,3169.318,10,3.576071625127701,3.7470730499005223,0.0015718385724767941,0.304198837664262,0.0,0.0,0.0,0.0,1.0593239579904848e-08,0.9929065184547019,0.046791806079799506,180.0,180.0,0.0,0.0,0.0,0.0,0.0,0.0,0.0,0.0,0.0,0.0,0.0,0.0,0.0,0.0,0.0,0.0,0.0,0.0,0.0,0,0,0.0,0,0,0,0,0.0,0,0,0
1,317,3170.319,3179.332,10,2.765108717416328,3.690881829649136,-0.3341019261194013,0.13826025170837086,0.014212362748820479,0.11314620783203212,0.035803105815491565,0.02260109537649951,0.019719087681625475,0.9988739533718325,0.014326645307021454,180.0,180.0,0.0,0.0,0.0,0.0,0.0,0.0,0.0,0.0,0.0,0.0,0.0,0.0,0.0,0.0,0.0,0.0,0.0,0.0,0.0,0,0,0.0,0,0,0,0,0.0,0,0,0
1,318,3180.336,3189.343,10,0.6985180900084549,3.5320440093660266,0.33198557344917334,2.9008337482579085,0.03161344049863187,0.1664637083163128,0.06671063202331956,0.016674514100614678,0.021515558365393317,0.9992168919462227,0.03377996187599473,180.0,180.0,0.0,0.0,0.0,0.0,0.0,0.0,0.0,0.0,0.0,0.0,0.0,0.0,0.0,0.0,0.0,0.0,0.0,0.0,0.0,0,0,0.0,0,0,0,0,0.0,0,0,0
1,319,3190.345,3199.36,10,5.186136124236878,6.81093077419103,0.3159168902017202,4.532666658333651,0.00800422795089752,0.0494879120397085,0.016562392037057113,0.026543948183199217,0.04192738646054177,0.9989135115287319,0.05923353762476452,180.0,180.0,0.0,0.0,0.0,0.0,0.0,0.0,0.0,0.0,0.0,0.0,0.0,0.0,0.0,0.0,0.0,0.0,0.0,0.0,0.0,0,0,0.0,0,0,0,0,0.0,0,0,0
1,320,3200.361,3209.363,10,5.845964663469941,6.96143732878658,-0.2845742011722268,0.22720464845190574,2.1067602635643884e-08,2.128628712671416e-08,1.0817986628208382e-10,1.3710181416052561e-10,0.0022168838845032885,0.9988894179868953,0.009348801185406335,12.945785714285714,12.2566,969.3478571428572,997.615,0.7,0.0,0.0,0.0,0.0,0.0,0.0,0.0,0.0,0.0,0.0,0.0,0.0,0.0,0.0,0.0,0.0,0,0,0.0,0,0,0,0,0.0,0,0,0
1,321,3210.378,3219.373,10,3.954889622848943,4.265061904771685,0.019245051707141143,0.6223327104554955,0.019338065244126568,0.19195535556086252,0.060653187006115966,0.019195533616649798,0.008632533861944344,0.9929647948639738,0.006110394105103739,12.315983,2.68773,922.1923999999999,939.622,1.0,0.1,0.0,0.1,0.0,0.0,0.0,0.0,0.0,0.1,0.0,0.0,0.0,0.0,0.0,0.0,0.0,0,0,0.0,0,0,0,0,0.0,0,0,0
1,322,3220.375,3229.386,10,3.342126263062167,4.07237539400972,-0.40651184905992305,0.16305908232802754,0.004191514142686101,0.03340504979119033,0.010607205052935472,0.019195535556086253,0.03479677366061195,0.9920277795748212,0.055180226141799196,0.3789992,0.288036,883.4914000000001,900.425,1.0,1.0,0.0,1.0,0.0,0.0,10.013,0.0,0.0,1.0,0.0,10.013,0.0,0.0,0.0,0.0,0.0,0,0,0.0,1,1,0,1,0.16666666666666666,1,0,0
1,323,3230.393,3239.395,10,0.0,0.0,0.0,0.0,0.0,0.0,0.0,0.0,1.0732964919552859e-08,0.9976094125130871,0.0002691190726028962,0.3686636,0.367973,871.0856,871.091,1.0,1.0,0.0,1.0,0.0,0.0,20.022,0.0,0.0,1.0,0.0,20.022,0.0,0.0,0.0,0.0,0.0,0,0,0.0,0,1,0,1,0.16666666666666666,1,0,0
1,324,3240.401,3249.405,10,0.0,0.0,0.0,0.0,0.0,0.0,0.0,0.0,1.0732964919552859e-08,0.79998019690256,1.2006452438913286e-08,0.3687166,0.367973,871.0861000000001,871.09,1.0,1.0,0.0,1.0,0.0,0.0,30.032,0.0,0.0,1.0,0.0,30.032,0.0,0.0,0.0,0.0,0.0,0,0,0.0,0,1,0,1,0.16666666666666666,1,0,0
1,325,3250.406,3259.42,10,0.0,0.0,0.0,0.0,0.0,0.0,0.0,0.0,1.0732964919552859e-08,0.0,1.2006452438913286e-08,0.3686106,0.367973,871.0868,871.092,1.0,1.0,0.0,1.0,0.0,0.0,40.047,0.0,0.0,1.0,0.0,40.047,0.0,0.0,0.0,0.0,0.0,0,0,0.0,0,1,0,1,0.16666666666666666,1,0,0
1,326,3260.419,3269.434,10,0.0,0.0,0.0,0.0,0.0,0.0,0.0,0.0,1.0732964919552859e-08,0.0,1.2006452438913286e-08,0.368451,0.367441,871.0872999999999,871.093,1.0,1.0,0.0,1.0,0.0,0.0,50.061,0.0,0.0,1.0,0.0,50.061,0.0,0.0,0.0,0.0,0.0,0,0,0.0,0,1,0,1,0.16666666666666666,1,0,0
1,327,3270.432,3279.446,10,4.674496028189487,6.69750868060947,0.651312840279785,4.104204951273622,0.0,0.0,0.0,0.0,1.0732964919552859e-08,0.7999280094974667,1.2006452438913286e-08,0.43320559999999997,0.366908,851.8684999999999,871.092,1.0,1.0,0.0,1.0,0.0,0.0,60.073,0.0,6.010999999999999,1.0,0.0,60.073,0.0,0.0,0.0,0.0,0.0,0,0,0.0,0,1,0,1,0.16666666666666666,1,0,0
1,328,3280.45,3289.454,10,6.4949324498146,6.59747746991234,0.0021576491903867703,0.28483136846119433,0.0,0.0,0.0,0.0,1.0732964919552859e-08,0.9999268537767045,1.2006452438913286e-08,0.6653141,0.551784,788.6135,817.81,1.0,1.0,0.0,1.0,0.0,0.0,70.081,0.0,16.019,1.0,0.0,70.081,0.0,0.0,0.0,0.0,0.0,0,0,0.0,0,1,0,1,0.16666666666666666,1,0,0
1,329,3290.458,3299.468,10,5.724088681406536,6.8129494623545925,-0.23119884209397695,0.42522374571753097,0.1545039396107541,1.1549972576681293,0.3694553381018154,0.23002536762773923,0.15182414051645568,0.9870080903153825,0.11090787774660879,16.1251399,0.170174,786.4649000000001,912.885,1.0,0.7,0.0,0.7,0.0,0.0,77.088,0.0,23.026,0.7,0.0,77.088,0.0,0.0,0.0,0.0,0.0,0,0,0.0,0,0,0,0,0.0,0,0,0
1,330,3300.472,3309.483,10,4.301364230191608,6.960581872236008,-0.4206702031653055,1.496919515626349,0.2754129393746517,0.8265731740753293,0.2507449889266999,0.2397325298472346,0.2773152895936038,0.7739107961896119,0.3302302616207847,38.753094,1.60864,893.2111000000001,905.231,1.0,0.1,0.0,0.1,0.0,0.0,0.0,0.0,0.0,0.1,0.0,0.0,0.0,0.0,0.0,0.0,0.0,0,0,0.0,0,0,0,0,0.0,0,0,0
1,331,3310.479,3319.488,10,1.6267386897111642,3.129417411375681,0.1561170427279247,3.1419853527868287,0.4962847777254133,1.1391859407654357,0.3677906534060737,0.4891173534126404,0.37965591986342395,0.7082861794225229,0.34398064909582227,15.626695000000002,1.31224,813.4757,887.042,1.0,0.2,0.0,0.2,0.0,0.0,0.0,0.0,0.0,0.2,0.0,0.0,0.0,0.0,0.0,0.0,0.0,0,0,0.0,0,0,0,0,0.0,0,0,0
1,332,3320.49,3329.498,10,4.367107149741095,6.963602904480772,0.08782238411827642,2.248054051053532,0.3206188126328883,1.0399463331653276,0.30596584966311524,0.22402528650226133,0.23573376435100402,0.6209824756138334,0.28160982851924754,15.833636000000002,1.77817,756.1872000000001,883.564,1.0,0.3,0.0,0.3,0.0,0.0,1.006,0.0,0.0,0.3,0.0,1.006,0.0,0.0,0.0,0.0,0.0,0,0,0.0,0,0,0,0,0.0,0,0,0
1,333,3330.5,3339.51,10,0.4909502687144444,1.9081534619465228,-0.14505915785337642,1.911977416780083,0.4276412975811114,1.839203238435083,0.5506841039399086,0.6414231644531536,0.4954072505765078,0.7517169305824967,0.4100948565369761,77.11586700000001,6.11385,811.0124,847.897,1.0,0.0,0.0,0.0,0.0,0.0,0.0,0.0,0.0,0.0,0.0,0.0,0.0,0.0,0.0,0.0,0.0,0,0,0.0,0,0,0,0,0.0,0,0,0
1,334,3340.512,3349.526,10,2.1476740395238503,4.987876931582301,0.3641950888540674,4.691848924521813,0.6210736595304226,2.483149937992536,0.7601343077490469,0.6991036764288353,0.6885402616315626,0.6427981010256938,0.7038069155267362,55.93974000000001,19.6364,713.6766,844.612,1.0,0.0,0.0,0.0,0.0,0.0,0.0,0.0,0.0,0.0,0.0,0.0,0.0,0.0,0.0,0.0,0.0,0,0,0.0,0,0,0,0,0.0,0,0,0
1,335,3350.523,3359.53,10,4.379961650350816,6.654922411044507,-0.16130758102997383,1.8434504074070526,0.49930674828016874,1.4598619706665195,0.533266367805086,0.402166768087547,0.409244534953896,0.7349362135785563,0.533816025877855,64.802662,7.18758,694.6256000000001,825.407,1.0,0.0,0.0,0.0,0.0,0.0,0.0,0.0,0.0,0.0,0.0,0.0,0.0,0.0,0.0,0.0,0.0,0,0,0.0,0,0,0,0,0.0,0,0,0
1,336,3360.532,3369.701,10,2.0660072459948475,4.924682062354901,0.2042029338830587,3.33949304958192,0.7475543392522577,1.9672441679119173,0.6623630961754677,0.5682628911376383,0.6564475712690456,0.5273725191700637,0.6540020546473555,53.376687000000004,9.10923,733.8897,829.15,1.0,0.0,0.0,0.0,0.0,0.0,0.0,0.0,0.0,0.0,0.0,0.0,0.0,0.0,0.0,0.0,0.0,0,0,0.0,0,0,0,0,0.0,0,0,0
1,337,3370.704,3379.713,10,3.457204724621694,6.754692249278081,-0.4755291638027924,1.7033833261990265,0.5402054174643406,1.4623218136133176,0.4569834876145532,0.45346440945996686,0.35181459322291175,0.503457931428205,0.44493130155339866,43.316491,4.22925,532.8555,567.955,1.0,0.1,0.0,0.1,0.0,0.0,0.0,0.0,0.0,0.1,0.0,0.0,0.0,0.0,0.0,0.0,0.0,0,0,0.0,0,0,0,0,0.0,0,0,0
1,338,3380.721,3389.731,10,0.8895930187095333,2.2892214912606286,0.019560760160057967,1.723517338395753,0.7528513861627013,2.046667525763207,0.6298982440783062,0.7835255500037521,0.6445137440814281,0.6957212998839996,0.5765087935248936,77.564678,7.27041,749.1901,811.834,1.0,0.0,0.0,0.0,0.0,0.0,0.0,0.0,0.0,0.0,0.0,0.0,0.0,0.0,0.0,0.0,0.0,0,0,0.0,0,0,0,0,0.0,0,0,0
1,339,3390.727,3399.733,10,3.074218747248372,6.729291596260685,0.6310789729736881,4.689539906872139,0.39890250166680175,2.1909828867963204,0.6511651996330274,0.5932500594947383,0.6273298450815992,0.5714580237437825,0.6341480088812868,64.100913,3.43085,636.3383,809.963,1.0,0.1,0.0,0.1,0.0,0.0,0.0,0.0,0.0,0.1,0.0,0.0,0.0,0.0,0.0,0.0,0.0,0,0,0.0,0,0,0,0,0.0,0,0,0
1,340,3400.737,3409.753,10,6.735909206498865,6.808545820218836,0.004851405297034151,0.10273059184766133,0.04615829877621172,0.1600482123993273,0.07439963073098321,0.02341380020423599,0.07618934096997679,0.913843550738086,0.38194057474402243,16.14127,12.5131,391.1563,442.685,1.0,0.0,0.0,0.0,0.0,0.0,0.0,0.0,0.0,0.0,0.0,0.0,0.0,0.0,0.0,0.0,0.0,0,0,0.0,0,0,0,0,0.0,0,0,0
1,341,3410.754,3419.802,10,6.723730510347655,6.973599846511982,-0.05065330045296973,0.22786801727752323,0.0,0.0,0.0,0.0,0.0,0.9919149383700473,0.010983823717914582,20.76054,18.8045,302.1966,331.085,1.0,0.0,0.0,0.0,0.0,0.0,0.0,0.0,0.0,0.0,0.0,0.0,0.0,0.0,0.0,0.0,0.0,0,0,0.0,0,0,0,0,0.0,0,0,0
1,342,3420.766,3429.78,10,4.223689677391485,5.6560613005149465,-0.21170197386587172,0.1922538319271471,0.0,0.0,0.0,0.0,0.0,0.9910455541210448,0.0,23.870449999999998,22.8586,246.87800000000001,264.303,1.0,0.0,0.0,0.0,0.0,0.0,0.0,0.0,0.0,0.0,0.0,0.0,0.0,0.0,0.0,0.0,0.0,0,0,0.0,0,0,0,0,0.0,0,0,0
1,343,3430.769,3439.805,10,2.4039247838604987,6.671885207724928,0.23455247768337126,3.84047635886643,0.06590490123701842,0.252925949262373,0.09605184158155121,0.0989194857198521,0.0860959879545877,0.9774948090563524,0.07517607510653919,9.337969,2.68321,221.72660000000002,226.609,1.0,0.1,0.0,0.1,0.0,0.0,0.0,0.0,0.0,0.0,0.0,0.0,0.0,0.0,0.0,0.0,0.0,0,0,0.0,0,0,0,0,0.0,0,0,0
1,344,3440.792,3449.804,10,3.5158447672058286,6.711246332638047,-0.6472917344095068,1.6492532673622777,0.012334575667518666,0.12334495384868094,0.039005070997386315,0.024669824287780164,0.05155011549044201,0.9588231527750519,0.06972867265388207,10.078655000000001,5.40668,397.12739999999997,605.255,1.0,0.0,0.0,0.0,0.0,0.0,0.0,0.0,0.0,0.0,0.0,0.0,0.0,0.0,0.0,0.0,0.0,0,0,0.0,0,0,0,0,0.0,0,0,0
1,345,3450.805,3459.813,10,0.0,0.0,0.0,0.0,0.0,0.0,0.0,0.0,3.828567354351831e-08,0.9743752852910321,0.019502560886162153,14.000200000000001,14.0002,604.858,604.858,1.0,0.0,0.0,0.0,0.0,0.0,0.0,0.0,0.0,0.0,0.0,0.0,0.0,0.0,0.0,0.0,0.0,0,0,0.0,0,0,0,0,0.0,0,0,0
1,346,3460.817,3469.829,10,4.460335006023997,6.844914786632763,0.6662578633013295,4.347464374893016,0.10693526963040637,0.2962055723372627,0.11153384298249351,0.1035088173208168,0.06711260035496297,0.9883416585633087,0.0597428900395091,11.891152,2.91269,587.9909,604.858,1.0,0.3,0.0,0.3,0.0,0.0,0.987,0.0,0.0,0.3,0.0,0.987,0.0,0.0,0.0,0.0,0.0,0,0,0.0,0,0,0,0,0.0,0,0,0
1,347,3470.826,3479.862,10,6.6087156440447385,7.904127685332641,0.007139611307265925,3.015305955035416,0.3438546945033695,0.6729340018684492,0.24059361381468528,0.29232372940307616,0.22466687117922937,0.9712307336756018,0.19505492995459886,20.505562,2.96485,485.81769,554.509,1.0,0.1,0.0,0.1,0.0,0.0,0.0,0.0,0.0,0.1,0.0,0.0,0.0,0.0,0.0,0.0,0.0,0,0,0.0,0,0,0,0,0.0,0,0,0
1,348,3480.873,3489.874,10,3.251134384036561,6.729744054179246,0.029160253867098973,3.7434777885268167,0.18298397351174006,0.8351515900282634,0.2974370769830172,0.355160759891696,0.29114751947262646,0.8610348456005873,0.27758778864002626,17.190402,2.46728,167.8748,500.887,1.0,0.2,0.2,0.1,0.0,0.0,0.0,0.0,0.0,0.0,0.0,0.0,0.0,0.0,0.0,0.0,0.0,0,0,0.0,0,0,0,0,0.0,0,0,0
1,349,3490.876,3499.895,10,5.816050666350378,6.845935793516778,-0.43419177453051755,0.2510570308813721,0.19426561623848354,1.037301865369243,0.3293996067778423,0.34065772689942864,0.29174822525823313,0.7083162053513862,0.30584319895524054,23.28572,11.4645,33.73576,56.1384,1.0,0.0,0.6,0.0,0.0,0.0,0.0,0.0,0.0,0.0,0.0,0.0,0.0,0.0,0.0,0.0,0.0,0,0,0.0,0,0,0,0,0.0,0,0,0
1,350,3500.904,3509.903,10,1.3185693765368014,3.117547047422921,0.07738887549187286,1.7792541230376548,0.19284550505776266,0.7110541058430587,0.25089584981902574,0.23533855997145356,0.2276649687403399,0.8153079622160557,0.2995630930122718,23.78933,12.2118,19.80725,28.877,1.0,0.0,0.0,0.0,0.0,0.0,0.0,0.0,0.0,0.0,0.0,0.0,0.0,0.0,0.0,0.0,0.0,0,0,0.0,0,0,0,0,0.0,0,0,0
1,351,3510.899,3519.908,10,1.7165600498147309,3.7260597079000193,-0.32057010701751054,2.252540976817709,1.1976561343340713,3.005314944421035,1.0406263621732241,1.2960811439360929,0.9095279899853768,0.47842459325204156,0.7964636683199953,82.53558999999998,17.3586,209.68469999999996,476.549,1.0,0.0,0.0,0.0,0.0,0.0,0.0,0.0,0.0,0.0,0.0,0.0,0.0,0.0,0.0,0.0,0.0,0,0,0.0,0,0,0,0,0.0,0,0,0
1,352,3520.921,3529.937,10,0.19444942534057055,0.7435439482170932,-0.007755048470663739,0.6139754246642407,0.8578025055158406,2.6006865290320857,0.929257122009665,1.1125040359316276,0.8241541615060303,0.16146510783077087,0.9199759724875918,91.55899000000001,25.1947,396.35011,476.718,1.0,0.0,0.0,0.0,0.0,0.0,0.0,0.0,0.0,0.0,0.0,0.0,0.0,0.0,0.0,0.0,0.0,0,0,0.0,0,0,0,0,0.0,0,0,0
1,353,3530.935,3539.959,10,2.50101560619838,4.078113632839071,0.4038546191207141,2.1962409975895483,0.4328497031068587,1.7672583394634953,0.5791229078052428,0.4353464652536075,0.7617409384985657,0.3379100162068056,0.8604623446621174,82.17559,11.3344,269.90744,480.615,1.0,0.0,0.0,0.0,0.0,0.0,0.0,0.0,0.0,0.0,0.0,0.0,0.0,0.0,0.0,0.0,0.0,0,0,0.0,0,0,0,0,0.0,0,0,0
1,354,3540.944,3549.952,10,3.9582807103355813,4.100210801465492,-0.031182932965552163,0.21637546119286058,0.47807461214841374,1.077399583615968,0.36618479024826767,0.4573872186915552,0.3348381587971808,0.6667678662575036,0.4460354164352885,28.7120586,0.670856,158.29097,444.502,1.0,0.2,0.0,0.2,0.0,0.0,1.004,0.0,0.0,0.2,0.0,1.004,0.0,0.0,0.0,0.0,0.0,0,0,0.0,0,0,0,0,0.0,0,0,0
1,355,3550.955,3559.966,10,3.234731150941749,5.837199708385229,0.017957878692303364,3.5263134318301943,0.6587401583319499,2.05629235830698,0.6183947101126673,0.6399642056389541,0.6181937854208723,0.6362194149330685,0.5079031313813077,90.99734,19.1261,181.69791,426.93,1.0,0.0,0.0,0.0,0.0,0.0,0.0,0.0,0.0,0.0,0.0,0.0,0.0,0.0,0.0,0.0,0.0,0,0,0.0,0,0,0,0,0.0,0,0,0
1,356,3560.964,3569.978,10,1.1846839604870163,2.2373652340303436,-0.29868533140469805,1.497521700731631,0.6184744783235258,2.3667359190849266,0.7069810978164299,0.7644848625790346,0.6444643132742454,0.2297242679262062,0.7348068907684147,36.639211,1.3331,353.82019,439.391,1.0,0.1,0.0,0.1,0.0,0.0,0.0,0.0,0.0,0.1,0.0,0.0,0.0,0.0,0.0,0.0,0.0,0,0,0.0,0,0,0,0,0.0,0,0,0
1,357,3570.978,3579.989,10,4.797966155441363,6.713652629260964,-0.057865892103639106,3.022836792103878,0.3266232933225076,1.045616088695687,0.33090669535835365,0.41217517189986896,0.29107916713093673,0.4021662713244371,0.35500513388705374,30.546265,1.60206,408.1771,430.815,1.0,0.1,0.0,0.1,0.0,0.0,0.0,0.0,0.0,0.1,0.0,0.0,0.0,0.0,0.0,0.0,0.0,0,0,0.0,0,0,0,0,0.0,0,0,0
1,358,3580.994,3589.002,9,1.821968133299261,3.5863899019234737,0.09913510210782074,2.2888898568002882,0.619472190367055,2.3828030611481985,0.7354720529470687,0.8685360929767018,0.7001807179400665,0.7897544452872967,0.6357354525748798,25.447367777777778,4.87661,162.92945555555556,390.505,1.0,0.1111111111111111,0.0,0.1111111111111111,0.0,0.0,0.0,0.0,0.0,0.0,0.0,0.0,0.0,0.0,0.0,0.0,0.0,0,0,0.0,0,0,0,0,0.0,0,0,0
1,359,3590.001,3599.025,10,1.5165393589919969,3.345525827825223,0.20694487767982794,2.6999540448760717,0.18027372931730007,0.5103618589411526,0.15419241554808025,0.17669001059342487,0.20920206993660012,0.44378045593357357,0.38557177377035823,48.85301,31.1295,355.65605999999997,391.55,1.0,0.0,0.0,0.0,0.0,0.0,0.0,0.0,0.0,0.0,0.0,0.0,0.0,0.0,0.0,0.0,0.0,0,0,0.0,0,0,0,0,0.0,0,0,0
1,360,3600.011,3609.037,10,0.9700356083630632,3.221931994729638,-0.33580347028224167,1.551343552005259,0.12041897622210933,0.3223136112923144,0.12165468235920736,0.1086881233540283,0.11036505068142166,0.535979517721617,0.12027770509260141,58.8562,46.0398,164.29613999999998,381.323,1.0,0.0,0.0,0.0,0.0,0.0,0.0,0.0,0.0,0.0,0.0,0.0,0.0,0.0,0.0,0.0,0.0,0,0,0.0,0,0,0,0,0.0,0,0,0
1,361,3610.026,3619.05,10,0.3960903508208878,2.3925914877645837,0.0055660371692855815,2.419202717658831,0.1294534608680688,0.8860838910952971,0.2857473998757491,0.1822973232125234,0.20966666013037155,0.7165528663907894,0.2771012969189378,44.34925,41.2585,375.53450000000004,376.019,1.0,0.0,0.0,0.0,0.0,0.0,0.0,0.0,0.0,0.0,0.0,0.0,0.0,0.0,0.0,0.0,0.0,0,0,0.0,0,0,0,0,0.0,0,0,0
1,362,3620.042,3629.065,10,0.0,0.0,0.0,0.0,0.15747185762668023,1.5747184499252556,0.49796969308617206,0.31494368823957897,0.2816941978239944,0.48592133879674904,0.21290602169247563,43.84126,41.2585,259.54963000000004,375.314,1.0,0.0,0.0,0.0,0.0,0.0,0.0,0.0,0.0,0.0,0.0,0.0,0.0,0.0,0.0,0.0,0.0,0,0,0.0,0,0,0,0,0.0,0,0,0
1,363,3630.06,3639.068,10,0.0,0.0,0.0,0.0,0.10738151192697724,1.073814125487067,0.3395698071022783,0.2147630238539545,0.31053566574635827,0.3961575549120998,0.44188332341622794,58.5866,47.7132,230.60658000000004,375.314,1.0,0.0,0.0,0.0,0.0,0.0,0.0,0.0,0.0,0.0,0.0,0.0,0.0,0.0,0.0,0.0,0.0,0,0,0.0,0,0,0,0,0.0,0,0,0
1,364,3640.068,3649.085,10,1.8627540818049355,6.2470524025172764,0.6189787221119293,3.9655960530821117,0.36464968749007404,1.3537437436514494,0.4453956259929912,0.39174328922350227,0.22529162561891414,0.6436030566441137,0.336906553086191,58.61766,24.3483,316.72984,377.21,1.0,0.0,0.0,0.0,0.0,0.0,0.0,0.0,0.0,0.0,0.0,0.0,0.0,0.0,0.0,0.0,0.0,0,0,0.0,0,0,0,0,0.0,0,0,0
1,365,3650.107,3659.103,10,1.6979471023593902,6.543774559916713,-0.4569311520325245,1.700639164436588,0.1927148304732133,1.052509509708519,0.3201902851914784,0.22893913033930616,0.31827966446467826,0.9146669770699478,0.4254111427056692,66.57102,56.0791,354.54052,385.426,1.0,0.0,0.0,0.0,0.0,0.0,0.0,0.0,0.0,0.0,0.0,0.0,0.0,0.0,0.0,0.0,0.0,0,0,0.0,0,0,0,0,0.0,0,0,0
1,366,3660.114,3669.115,10,0.4229582643088766,1.92912351673905,-0.17163506965021655,0.663077398904343,0.1388274465601974,0.822480810066039,0.262719040382983,0.1537335841269108,0.19226493507507422,0.8426611877985991,0.2707395353083538,18.381265000000003,8.67645,382.5202,383.492,1.0,0.0,0.0,0.0,0.0,0.0,0.0,0.0,0.0,0.0,0.0,0.0,0.0,0.0,0.0,0.0,0.0,0,0,0.0,0,0,0,0,0.0,0,0,0
1,367,3670.111,3679.129,10,0.3304029421837349,2.21492934542661,0.0009675901103526341,2.210508328769072,0.06650506845130669,0.5586062396066261,0.1761129668415736,0.11172132729849286,0.1219173458938448,0.8272194719979206,0.10668479273693529,30.42138,16.6617,380.7855,381.804,1.0,0.0,0.0,0.0,0.0,0.0,0.0,0.0,0.0,0.0,0.0,0.0,0.0,0.0,0.0,0.0,0.0,0,0,0.0,0,0,0,0,0.0,0,0,0
1,368,3680.138,3689.145,10,1.8379317715262424,4.081353052715356,0.4000047009713696,2.444853918386827,0.3070085408353505,1.447779249131689,0.5486178428395706,0.5365759344373544,0.3429985252689229,0.9672137627225972,0.3456949470681866,35.980396,9.47256,376.1101,379.612,1.0,0.0,0.0,0.0,0.0,0.0,0.0,0.0,0.0,0.0,0.0,0.0,0.0,0.0,0.0,0.0,0.0,0,0,0.0,0,0,0,0,0.0,0,0,0
1,369,3690.151,3699.154,10,1.7773417380471888,4.018543729152848,0.004082967483651267,1.9006745685813173,0.13388808969617022,0.6016463511975377,0.2327346291981789,0.2550489315140143,0.29964969188507307,0.9645371210217624,0.4185300451333722,21.606589,2.97802,357.2795,362.774,1.0,0.3,0.0,0.3,0.0,0.0,0.999,0.0,0.0,0.3,0.0,0.999,0.0,0.0,0.0,0.0,0.0,0,0,0.0,0,0,0,0,0.0,0,0,0
1,370,3700.16,3709.169,10,1.2761373565322944,3.707282073656897,-0.061511489732530754,2.1289808824245218,0.0,0.0,0.0,8.097419336803134e-06,0.050024514345456295,0.9631409988171772,0.13342362797589907,4.193603,4.03163,346.21619999999996,349.295,1.0,1.0,0.0,1.0,0.0,0.0,11.014,0.0,0.0,1.0,0.0,11.014,0.0,0.0,0.0,0.0,0.0,0,0,0.0,1,1,0,1,0.16666666666666666,1,0,0
1,371,3710.171,3719.175,10,3.412028717401693,3.579807296140059,-0.024649842194270712,0.2320551467530031,0.0,0.0,0.0,0.0,1.5006841032076942e-09,0.9465289561772237,1.9103265882934595e-08,6.311137,5.24239,326.5194,339.881,1.0,0.0,0.0,0.0,0.0,0.0,0.0,0.0,0.0,0.0,0.0,0.0,0.0,0.0,0.0,0.0,0.0,0,0,0.0,0,1,0,1,0.16666666666666666,1,0,0
1,372,3720.181,3729.205,10,2.8076159226886155,3.484559893643159,0.03476887096652363,1.2544470367885108,0.0,0.0,0.0,0.0,1.5006841032076942e-09,0.9024503681089214,1.9103265882934595e-08,9.090281000000001,8.17056,306.2312,315.166,1.0,0.0,0.0,0.0,0.0,0.0,0.0,0.0,0.0,0.0,0.0,0.0,0.0,0.0,0.0,0.0,0.0,0,0,0.0,0,1,0,1,0.16666666666666666,1,0,0
1,373,3730.19,3739.203,10,1.8879254908950496,3.775872499948309,0.00496001758186741,1.8526753083368261,0.3520426153320089,1.678583132492379,0.4942932794388706,0.4194429451887471,0.4425995147440786,0.6398779443330198,0.5170563598799405,29.50543,13.1012,71.01472,74.4391,1.0,0.0,0.0,0.0,0.0,0.0,0.0,0.0,0.0,0.0,0.0,0.0,0.0,0.0,0.0,0.0,0.0,0,0,0.0,0,1,0,1,0.16666666666666666,1,0,0
1,374,3740.216,3749.219,10,1.8850605351709728,3.656499836036485,-0.22333489715173807,1.6426686529276964,0.5957806008143376,1.6366270060180712,0.5427966157777213,0.470661697703358,0.389165401022051,0.7576732021002721,0.34398449015293614,43.688644,8.35139,79.41325,298.781,1.0,0.0,0.5,0.0,0.0,0.0,0.0,0.0,0.0,0.0,0.0,0.0,0.0,0.0,0.0,0.0,0.0,0,0,0.0,0,1,0,1,0.16666666666666666,1,0,0
1,375,3750.226,3759.243,10,2.5126774780312617,5.380885258302187,0.14411501359415838,3.8961540678661026,0.6632775543480481,2.183211663600233,0.8451853444626116,0.6797875874318653,0.5601688669983841,0.570232644086859,0.6437408330492705,22.879703,3.2338,70.19666,309.737,1.0,0.2,0.7,0.0,0.1,0.0,0.0,0.0,0.0,0.0,0.0,0.0,0.0,0.0,0.0,0.0,0.0,0,0,0.0,0,1,0,1,0.16666666666666666,1,0,0
1,376,3760.236,3769.301,10,5.220005532886198,7.341241980501807,0.12918920756205327,3.0313179203990734,0.1490560351983536,0.529833493910999,0.1587034422734693,0.17318715268868587,0.39934601261595953,0.4843477708479006,0.6770209683035165,43.470845,4.14019,34.05007,41.7485,1.0,0.1,0.0,0.1,0.0,0.0,0.0,0.0,0.0,0.0,0.0,0.0,0.0,0.0,0.0,0.0,0.0,0,0,0.0,0,1,0,1,0.16666666666666666,1,0,0
1,377,3770.293,3779.313,10,2.7619035768414726,4.763334548684456,-0.2566377334734423,1.4403383357458954,0.566108478465228,1.4558721676072426,0.4657292348642829,0.33752393760891186,0.2906581600117474,0.6655088425057933,0.27432619481694165,94.56415,28.7384,68.78821,356.574,1.0,0.0,0.0,0.0,0.0,0.0,0.0,0.0,0.0,0.0,0.0,0.0,0.0,0.0,0.0,0.0,0.0,0,0,0.0,0,0,0,0,0.0,0,0,0
1,378,3780.309,3789.812,10,3.102541675309868,6.370532304057875,-0.07717713943120132,2.688986180452936,0.6304704319998736,1.647143083295286,0.6538938559089801,0.6473741453928912,0.6054406281866211,0.6203508025540099,0.5452594604162683,69.16464199999999,2.46275,138.45123,364.995,1.0,0.1,0.2,0.1,0.0,0.0,0.0,0.0,0.0,0.0,0.0,0.0,0.0,0.0,0.0,0.0,0.0,0,0,0.0,0,0,0,0,0.0,0,0,0
1,379,3790.819,3799.82,10,0.008877859668820327,0.08877859668820327,-0.05626794670175499,0.08851305751565632,0.39640268153893177,2.733272867210818,0.9076333687291273,0.5466556528243117,0.818939649569381,0.6150604816462175,0.8285438459895687,67.70292400000001,2.64412,208.29834,372.296,1.0,0.2,0.0,0.2,0.0,0.0,1.006,0.0,0.0,0.0,0.0,0.0,0.0,0.0,0.0,0.0,0.0,0,0,0.0,0,0,0,0,0.0,0,0,0
1,380,3800.833,3809.827,10,0.0,0.0,0.0,0.0,0.0,0.0,0.0,0.0,0.0,0.6500667616052835,0.4019732046465399,101.882,101.882,372.296,372.296,1.0,0.0,0.0,0.0,0.0,0.0,0.0,0.0,0.0,0.0,0.0,0.0,0.0,0.0,0.0,0.0,0.0,0,0,0.0,0,0,0,0,0.0,0,0,0
1,381,3810.842,3819.839,10,0.16694544535903252,1.2473461385268536,0.12492339020654171,0.8211321626501313,0.5963589029732238,1.7421775570841516,0.6989599055892788,0.48608303216363213,0.5196207799820766,0.197167965563024,0.4614476962977041,76.07137,31.0425,116.590401,372.296,1.0,0.0,0.6,0.0,0.0,0.0,0.0,0.0,0.0,0.0,0.0,0.0,0.0,0.0,0.0,0.0,0.0,0,0,0.0,0,0,0,0,0.0,0,0,0
1,382,3820.841,3829.869,10,3.586351247641968,6.020303925449064,0.15940153449946926,2.648839249921053,0.5830229759137993,2.2912705729974236,0.7053608296542727,0.685468955523255,0.5603451622757082,0.6494708822108828,0.5794842704396967,57.59279,15.7833,197.443665,373.425,1.0,0.0,0.3,0.0,0.0,0.0,0.0,0.0,0.0,0.0,0.0,0.0,0.0,0.0,0.0,0.0,0.0,0,0,0.0,0,0,0,0,0.0,0,0,0
1,383,3830.861,3839.873,10,1.0919351255967793,1.940585190572906,-0.13527451683099978,1.1103505264743152,0.4372071658228097,1.4573013207655015,0.5395172594885934,0.5992985878295956,0.6739099879303161,0.700315372432731,0.6942254792496054,58.014936999999996,7.52587,43.274119999999996,45.482,1.0,0.0,0.5,0.0,0.0,0.0,0.0,0.0,0.0,0.0,0.0,0.0,0.0,0.0,0.0,0.0,0.0,0,0,0.0,0,0,0,0,0.0,0,0,0
1,384,3840.87,3849.892,10,2.0193550278531442,2.2097530397037017,0.07051048982939369,0.318400120354628,0.12128970516316775,0.38848874664483285,0.11773005103438097,0.10719544122384672,0.2503354791408448,0.40433603435274207,0.4007544680413123,10.171316000000001,8.05596,29.75391,38.3618,1.0,0.0,0.5,0.0,0.0,0.0,0.0,0.0,0.0,0.0,0.0,0.0,0.0,0.0,0.0,0.0,0.0,0,0,0.0,0,0,0,0,0.0,0,0,0
1,385,3850.885,3859.286,9,0.09900682289622187,0.8910614060659968,-0.24606842346724786,0.0,0.001147811492375596,0.010330187286898003,0.0034433909229464486,0.015330805944960177,0.03712992753732315,0.5961084667652857,0.09427823543548391,10.86638,9.90318,18.108433333333334,19.2537,1.0,0.0,0.2222222222222222,0.0,0.0,0.0,0.0,0.0,0.0,0.0,0.0,0.0,0.0,0.0,0.0,0.0,0.0,0,0,0.0,0,0,0,0,0.0,0,0,0
1,386,3862.427,3869.44,8,0.1827713665789385,0.7391372922316323,-0.047400257655268445,0.5769791811487048,0.005624244245631701,0.022740341887855814,0.008005453342350028,0.009228747267051585,0.008165370072389183,0.8386687002854346,0.007427393624336055,115.3599625,70.2507,234.86941125,374.933,1.0,0.0,0.375,0.0,0.0,0.0,0.0,0.0,0.0,0.0,0.0,0.0,0.0,0.0,0.0,0.0,0.0,0,0,0.0,0,0,0,0,0.0,0,0,0
1,387,3870.433,3879.448,10,0.7209787327254066,1.4432596175502321,0.06820169726540679,1.1875464000350067,0.7633818914598581,2.326311140123202,0.8593173099211592,0.8607630932317971,0.6019217688661549,0.3668579948085429,0.5167653041486459,52.75843,15.6577,44.850013000000004,373.72,1.0,0.0,0.5,0.0,0.0,0.0,0.0,0.0,0.0,0.0,0.0,0.0,0.0,0.0,0.0,0.0,0.0,0,0,0.0,0,0,0,0,0.0,0,0,0
1,388,3880.446,3889.463,10,1.5516983670166122,2.2450443268903815,0.14448487752176925,1.5697849635799548,0.7689467967715126,2.5649435199407034,0.8583288156137602,1.0700426306640074,0.8318668628238981,0.25434660741133663,0.8711366346124244,65.33916,19.0999,119.749147,372.745,1.0,0.0,0.5,0.0,0.0,0.0,0.0,0.0,0.0,0.0,0.0,0.0,0.0,0.0,0.0,0.0,0.0,0,0,0.0,0,0,0,0,0.0,0,0,0
1,389,3890.46,3899.471,10,1.1968025045938357,2.397890601488525,-0.10078409647561584,1.248010735208396,0.3934840526339955,2.2384359083302567,0.7535473299884043,0.5490546907120862,0.5975132444462001,0.44740950844102967,0.6532753383739187,106.42465,30.4477,118.66892,371.129,1.0,0.0,0.4,0.0,0.0,0.0,0.0,0.0,0.0,0.0,0.0,0.0,0.0,0.0,0.0,0.0,0.0,0,0,0.0,0,0,0,0,0.0,0,0,0
1,390,3900.476,3909.511,10,2.000024466800973,2.3369298177099496,0.10668735943823496,1.584411037617951,0.5745891040297562,1.5200749711123602,0.5669716153773247,0.6487483203812705,0.76607148769138,0.8232026494677687,0.73525827277216,43.136154000000005,8.4671,230.95965,375.898,1.0,0.0,0.1,0.0,0.0,0.0,0.0,0.0,0.0,0.0,0.0,0.0,0.0,0.0,0.0,0.0,0.0,0,0,0.0,0,0,0,0,0.0,0,0,0
1,391,3910.489,3919.512,10,0.8921092443927581,2.096662711500191,-0.20455609985419604,1.8012328350378002,0.298781892475646,1.1610307059065494,0.42595020235371217,0.3537463216935023,0.4222635949525816,0.8845025614032084,0.54236683148234,10.200398,2.77425,36.18539,39.3446,1.0,0.4,0.1,0.3,0.1,0.0,2.002,0.0,0.0,0.0,0.0,0.0,0.0,0.0,0.0,0.0,0.0,0,0,0.0,0,0,0,0,0.0,0,0,0
1,392,3920.5,3929.514,10,1.1093803110951967,2.2329411898899454,0.06607835557888411,1.4262143439531951,0.2593023173410517,1.0638007936414284,0.3541518718900129,0.16093488636038827,0.2035590570673304,0.5669319323936197,0.28747231785013594,14.260938,3.59439,35.75231,39.5803,1.0,0.4,0.1,0.3,0.4,0.3,0.991,0.991,0.0,0.0,0.0,0.0,0.0,0.0,0.0,0.0,0.0,0,0,0.0,0,0,0,0,0.0,0,0,0
1,393,3930.512,3939.518,10,1.4453536797545798,2.4488907351403455,0.14712338086874116,2.158597100259722,0.3716903942721682,0.9454281429455454,0.3144456222514777,0.3297849751166323,0.36605997684357366,0.5367345088267371,0.35308723572779444,74.65723,57.1293,168.9717,390.012,1.0,0.0,0.1,0.0,0.0,0.0,0.0,0.0,0.0,0.0,0.0,0.0,0.0,0.0,0.0,0.0,0.0,0,0,0.0,0,0,0,0,0.0,0,0,0
1,394,3940.528,3949.54,10,1.4719919963631798,2.309500770075165,-0.2004886600737473,1.4504337352576202,0.49982903867946354,1.151939827927445,0.4395047106927429,0.41918224231260315,0.4136635966618135,0.33143122843859724,0.3776442371518815,25.365289,6.56519,24.86327,26.0618,1.0,0.0,0.9,0.0,0.0,0.0,0.0,0.0,0.0,0.0,0.0,0.0,0.0,0.0,0.0,0.0,0.0,0,0,0.0,0,0,0,0,0.0,0,0,0
1,395,3950.769,3959.771,10,0.02846682921604385,0.2846682921604385,-0.0427858938674662,0.0,0.0,0.0,0.0,0.0010884743314124442,0.12284071448478517,0.19528903879569073,0.312772210487588,70.04013,30.4046,4.6336829999999996,16.8267,1.0,0.0,0.8,0.0,0.0,0.0,0.0,0.0,0.0,0.0,0.0,0.0,0.0,0.0,0.0,0.0,0.0,0,0,0.0,0,0,0,0,0.0,0,0,0
1,396,3960.786,3969.794,10,0.0,0.0,0.0,0.0,0.0,0.0,0.0,0.0,0.0,0.4848153433365404,0.0,123.78441000000001,83.0061,308.594363,384.78,1.0,0.0,0.1,0.0,0.0,0.0,0.0,0.0,0.0,0.0,0.0,0.0,0.0,0.0,0.0,0.0,0.0,0,0,0.0,0,0,0,0,0.0,0,0,0
1,397,3970.787,3979.804,10,0.0,0.0,0.0,0.0,0.0,0.0,0.0,0.0,0.0,0.0,0.0,129.442,129.442,384.78,384.78,1.0,0.0,0.0,0.0,0.0,0.0,0.0,0.0,0.0,0.0,0.0,0.0,0.0,0.0,0.0,0.0,0.0,0,0,0.0,0,0,0,0,0.0,0,0,0
1,398,3980.805,3989.947,10,0.0,0.0,0.0,0.0,0.0,0.0,0.0,0.0,0.0,0.0,0.0,60.653800000000004,32.3867,43.303261,384.78,1.0,0.0,0.5,0.0,0.0,0.0,0.0,0.0,0.0,0.0,0.0,0.0,0.0,0.0,0.0,0.0,0.0,0,0,0.0,0,0,0,0,0.0,0,0,0
1,399,3990.951,3999.962,10,0.0,0.0,0.0,0.0,0.0,0.0,0.0,0.0,0.0,0.0,0.0,74.88909,25.9635,10.314115,12.529,1.0,0.0,0.3,0.0,0.0,0.0,0.0,0.0,0.0,0.0,0.0,0.0,0.0,0.0,0.0,0.0,0.0,0,0,0.0,0,0,0,0,0.0,0,0,0
1,400,4000.974,4009.994,10,0.0,0.0,0.0,0.0,0.0,0.0,0.0,0.0,0.0,0.0,0.0,84.509,84.509,11.9178,11.9178,1.0,0.0,0.0,0.0,0.0,0.0,0.0,0.0,0.0,0.0,0.0,0.0,0.0,0.0,0.0,0.0,0.0,0,0,0.0,0,0,0,0,0.0,0,0,0
1,401,4010.961,4019.993,10,0.0,0.0,0.0,0.0,0.0,0.0,0.0,0.0,0.0,0.0,0.0,125.12311,86.2531,347.52870999999993,384.78,1.0,0.0,0.0,0.0,0.0,0.0,0.0,0.0,0.0,0.0,0.0,0.0,0.0,0.0,0.0,0.0,0.0,0,0,0.0,0,0,0,0,0.0,0,0,0
1,402,4020.987,4029.99,10,0.0,0.0,0.0,0.0,0.0,0.0,0.0,0.0,0.0,0.0,0.0,129.442,129.442,384.78,384.78,1.0,0.0,0.0,0.0,0.0,0.0,0.0,0.0,0.0,0.0,0.0,0.0,0.0,0.0,0.0,0.0,0.0,0,0,0.0,0,0,0,0,0.0,0,0,0
1,403,4030.987,4039.993,10,0.0,0.0,0.0,0.0,0.0,0.0,0.0,0.0,0.0,0.0,0.0,129.442,129.442,384.78,384.78,1.0,0.0,0.0,0.0,0.0,0.0,0.0,0.0,0.0,0.0,0.0,0.0,0.0,0.0,0.0,0.0,0.0,0,0,0.0,0,0,0,0,0.0,0,0,0
2,0,0.0,9.801,11,0.683414534696097,3.865412315506627,0.34231922617174554,2.339477980065905,0.10847922143789704,0.9201028156936344,0.27912742481766406,0.1649706243058099,0.08219480976585093,0.0,0.06064653353785325,180.0,180.0,0.0,0.0,0.0,0.0,0.0,0.0,0.0,0.0,0.0,0.0,0.0,0.0,0.0,0.0,0.0,0.0,0.0,0.0,0.0,0,0,0.0,0,0,0,0,0.0,0,0,0
2,1,10.784,19.811,10,0.8127563653233096,2.4518216204024768,-0.1551963745055704,2.380409340196579,0.28158802217966883,1.74641299121495,0.5474749010746595,0.42629060469634616,0.46830991389592586,0.01912270113826134,0.544162497942609,180.0,180.0,0.0,0.0,0.0,0.0,0.0,0.0,0.0,0.0,0.0,0.0,0.0,0.0,0.0,0.0,0.0,0.0,0.0,0.0,0.0,0,0,0.0,0,0,0,0,0.0,0,0,0
2,2,20.8,29.8,10,1.6182027141625415,3.445547693178326,0.09507457150323198,2.8280044929588164,0.398922677310508,1.3356604705991664,0.5893762435709461,0.5147447986599918,0.4922993404593819,0.23114630265980693,0.4673167732438416,180.0,180.0,0.0,0.0,0.0,0.0,0.0,0.0,0.0,0.0,0.0,0.0,0.0,0.0,0.0,0.0,0.0,0.0,0.0,0.0,0.0,0,0,0.0,0,0,0,0,0.0,0,0,0
2,3,30.791,39.817,10,1.3929481394945396,3.0390494199578137,-0.2929731696951171,2.2165075220010504,0.18671124194243532,1.1178671709005945,0.3508228492415228,0.28069439890325604,0.43587869298652737,0.38651661143817234,0.476588431196585,180.0,180.0,0.0,0.0,0.0,0.0,0.0,0.0,0.0,0.0,0.0,0.0,0.0,0.0,0.0,0.0,0.0,0.0,0.0,0.0,0.0,0,0,0.0,0,0,0,0,0.0,0,0,0
2,4,40.819,48.819,9,1.7488398930876883,4.066768032184706,0.1914599366071147,2.366828684966525,0.2216672504790018,0.68787185371211,0.2828027988454313,0.21744450439217242,0.22657262027486796,0.3691721714616236,0.3125370713250392,180.0,180.0,0.0,0.0,0.0,0.0,0.0,0.0,0.0,0.0,0.0,0.0,0.0,0.0,0.0,0.0,0.0,0.0,0.0,0.0,0.0,0,0,0.0,0,0,0,0,0.0,0,0,0
2,5,50.205,59.21,10,1.8815664862488788,4.131079389113964,-0.17010248295643046,3.5466479765995853,0.2676739325437212,1.2727069692641075,0.45314788581946447,0.41164817189933844,0.3655123652699938,0.2387839740533339,0.4247276207288365,180.0,180.0,0.0,0.0,0.0,0.0,0.0,0.0,0.0,0.0,0.0,0.0,0.0,0.0,0.0,0.0,0.0,0.0,0.0,0.0,0.0,0,0,0.0,0,0,0,0,0.0,0,0,0
2,6,60.221,69.22,10,0.14079224847390145,1.3445408183785432,-0.06369893371866679,1.2798792727453268,0.01567362619790977,0.13322300241278287,0.041958455954955155,0.11173149629611512,0.16598315785143777,0.28963811798394545,0.259005286581939,180.0,180.0,0.0,0.0,0.0,0.0,0.0,0.0,0.0,0.0,0.0,0.0,0.0,0.0,0.0,0.0,0.0,0.0,0.0,0.0,0.0,0,0,0.0,0,0,0,0,0.0,0,0,0
2,7,70.223,79.266,10,0.0,0.0,0.0,0.0,2.0978136845752698e-08,2.1221978102162152e-08,1.6741445415126382e-10,1.9043216369085127e-10,1.4431752550139515e-10,0.7383504522777511,0.0042128807005376145,180.0,180.0,0.0,0.0,0.0,0.0,0.0,0.0,0.0,0.0,0.0,0.0,0.0,0.0,0.0,0.0,0.0,0.0,0.0,0.0,0.0,0,0,0.0,0,0,0,0,0.0,0,0,0
2,8,80.244,89.242,10,2.1627609711226823,6.055561541333202,0.19533545484439915,4.05694808128559,0.2686801588185516,1.2876574443182096,0.4117860995787294,0.4054148953403157,0.3423176899449821,0.5471930567249657,0.3028591215504003,180.0,180.0,0.0,0.0,0.0,0.0,0.0,0.0,0.0,0.0,0.0,0.0,0.0,0.0,0.0,0.0,0.0,0.0,0.0,0.0,0.0,0,0,0.0,0,0,0,0,0.0,0,0,0
2,9,90.246,99.254,10,0.7142078959688157,3.440780477036743,0.14929926086162487,2.6559471438773024,0.3725737408701752,1.322225843833457,0.5731472344768743,0.3923889014668671,0.4049420803523712,0.2231082671861327,0.40555546385580954,180.0,180.0,0.0,0.0,0.0,0.0,0.0,0.0,0.0,0.0,0.0,0.0,0.0,0.0,0.0,0.0,0.0,0.0,0.0,0.0,0.0,0,0,0.0,0,0,0,0,0.0,0,0,0
2,10,100.265,109.269,10,0.31376977311012055,1.3002860846540993,-0.3405413647889205,0.762323010465826,0.304415770391283,0.8895333573335699,0.39703989253853267,0.32274894540292803,0.41663929536952826,0.26964710180923557,0.5301912409013875,180.0,180.0,0.0,0.0,0.0,0.0,0.0,0.0,0.0,0.0,0.0,0.0,0.0,0.0,0.0,0.0,0.0,0.0,0.0,0.0,0.0,0,0,0.0,0,0,0,0,0.0,0,0,0
2,11,110.272,119.282,10,0.0,0.0,0.0,0.0,0.0,0.0,0.0,0.0,0.0,0.5202609609565568,0.12568183039114492,180.0,180.0,0.0,0.0,0.0,0.0,0.0,0.0,0.0,0.0,0.0,0.0,0.0,0.0,0.0,0.0,0.0,0.0,0.0,0.0,0.0,0,0,0.0,0,0,0,0,0.0,0,0,0
2,12,120.291,129.285,10,0.0,0.0,0.0,0.0,0.0,0.0,0.0,0.0,0.0,0.3788370941661027,0.0,180.0,180.0,0.0,0.0,0.0,0.0,0.0,0.0,0.0,0.0,0.0,0.0,0.0,0.0,0.0,0.0,0.0,0.0,0.0,0.0,0.0,0,0,0.0,0,0,0,0,0.0,0,0,0
2,13,130.293,139.313,10,0.0,0.0,0.0,0.0,0.0,0.0,0.0,0.0,0.0,0.0,0.0,180.0,180.0,0.0,0.0,0.0,0.0,0.0,0.0,0.0,0.0,0.0,0.0,0.0,0.0,0.0,0.0,0.0,0.0,0.0,0.0,0.0,0,0,0.0,0,0,0,0,0.0,0,0,0
2,14,140.301,149.512,10,0.0,0.0,0.0,0.0,0.0,0.0,0.0,0.0,0.0,0.0,0.0,180.0,180.0,0.0,0.0,0.0,0.0,0.0,0.0,0.0,0.0,0.0,0.0,0.0,0.0,0.0,0.0,0.0,0.0,0.0,0.0,0.0,0,0,0.0,0,0,0,0,0.0,0,0,0
2,15,150.516,159.532,10,0.0,0.0,0.0,0.0,0.0,0.0,0.0,0.0,0.0,0.0,0.0,180.0,180.0,0.0,0.0,0.0,0.0,0.0,0.0,0.0,0.0,0.0,0.0,0.0,0.0,0.0,0.0,0.0,0.0,0.0,0.0,0.0,0,0,0.0,0,0,0,0,0.0,0,0,0
2,16,160.531,169.523,10,0.0,0.0,0.0,0.0,0.0,0.0,0.0,0.0,0.0,0.0,0.0,180.0,180.0,0.0,0.0,0.0,0.0,0.0,0.0,0.0,0.0,0.0,0.0,0.0,0.0,0.0,0.0,0.0,0.0,0.0,0.0,0.0,0,0,0.0,0,0,0,0,0.0,0,0,0
2,17,170.543,179.552,10,0.0,0.0,0.0,0.0,0.0,0.0,0.0,0.0,0.0,0.0,0.0,180.0,180.0,0.0,0.0,0.0,0.0,0.0,0.0,0.0,0.0,0.0,0.0,0.0,0.0,0.0,0.0,0.0,0.0,0.0,0.0,0.0,0,0,0.0,0,0,0,0,0.0,0,0,0
2,18,180.551,189.556,10,0.3969024873635047,1.7038656215315828,0.0617831520282847,1.6770330920586445,0.13784074917377848,0.7090883386122789,0.2748029371935957,0.2591973568916756,0.18781034527532223,0.5480228269564397,0.1445517523500866,180.0,180.0,0.0,0.0,0.0,0.0,0.0,0.0,0.0,0.0,0.0,0.0,0.0,0.0,0.0,0.0,0.0,0.0,0.0,0.0,0.0,0,0,0.0,0,0,0,0,0.0,0,0,0
2,19,190.57,199.58,10,0.47999978099632745,2.014848628143132,-0.056234633034306716,2.0209113622298216,0.07604274409644123,0.4926506417058687,0.15635677923284025,0.14297660812633298,0.1979971512654689,0.4309730880167174,0.2305915407658698,180.0,180.0,0.0,0.0,0.0,0.0,0.0,0.0,0.0,0.0,0.0,0.0,0.0,0.0,0.0,0.0,0.0,0.0,0.0,0.0,0.0,0,0,0.0,0,0,0,0,0.0,0,0,0
2,20,200.58,209.583,10,0.0,0.0,0.0,0.0,1.4897581410083343e-08,1.5082146957335685e-08,1.2144231977987681e-10,1.6116939630940397e-10,1.0363321262932921e-10,0.4195195774473871,0.05777395759237767,180.0,180.0,0.0,0.0,0.0,0.0,0.0,0.0,0.0,0.0,0.0,0.0,0.0,0.0,0.0,0.0,0.0,0.0,0.0,0.0,0.0,0,0,0.0,0,0,0,0,0.0,0,0,0
2,21,210.585,219.586,10,0.0,0.0,0.0,0.0,1.489804778373935e-08,1.502133184863675e-08,1.4885410515909472e-10,1.604499015459161e-10,1.4429572570798638e-10,0.32461440574598843,1.344106912945548e-10,180.0,180.0,0.0,0.0,0.0,0.0,0.0,0.0,0.0,0.0,0.0,0.0,0.0,0.0,0.0,0.0,0.0,0.0,0.0,0.0,0.0,0,0,0.0,0,0,0,0,0.0,0,0,0
2,22,220.601,229.601,10,0.0,0.0,0.0,0.0,1.4880300336545297e-08,1.5158861845216335e-08,1.553849124441581e-10,2.0985934548128955e-10,1.6744260744003525e-10,0.0,1.7684805576564456e-10,180.0,180.0,0.0,0.0,0.0,0.0,0.0,0.0,0.0,0.0,0.0,0.0,0.0,0.0,0.0,0.0,0.0,0.0,0.0,0.0,0.0,0,0,0.0,0,0,0,0,0.0,0,0,0
2,23,230.604,239.603,10,0.0,0.0,0.0,0.0,1.489842563212326e-08,1.5006204626231275e-08,6.362092132625431e-11,7.597626696954246e-11,7.191134834582721e-11,0.0,8.58367053368647e-11,180.0,180.0,0.0,0.0,0.0,0.0,0.0,0.0,0.0,0.0,0.0,0.0,0.0,0.0,0.0,0.0,0.0,0.0,0.0,0.0,0.0,0,0,0.0,0,0,0,0,0.0,0,0,0
2,24,240.609,249.623,10,0.0,0.0,0.0,0.0,1.4871931299145071e-08,1.502133184863675e-08,9.210513659957678e-11,1.3526812916217836e-10,9.511903357138148e-11,0.0,8.662622170217002e-11,180.0,180.0,0.0,0.0,0.0,0.0,0.0,0.0,0.0,0.0,0.0,0.0,0.0,0.0,0.0,0.0,0.0,0.0,0.0,0.0,0.0,0,0,0.0,0,0,0,0,0.0,0,0,0
2,25,250.625,259.633,10,0.0,0.0,0.0,0.0,1.4886557531775768e-08,1.4991107840893013e-08,6.841170175586401e-11,7.443389181887227e-11,7.126928572032855e-11,0.0,7.34732957625216e-11,180.0,180.0,0.0,0.0,0.0,0.0,0.0,0.0,0.0,0.0,0.0,0.0,0.0,0.0,0.0,0.0,0.0,0.0,0.0,0.0,0.0,0,0,0.0,0,0,0,0,0.0,0,0,0
2,26,260.637,269.635,10,0.0,0.0,0.0,0.0,1.4898608786052518e-08,1.5036489600249905e-08,8.3993273926981e-11,9.517546352482226e-11,6.696148654042505e-11,0.0,6.69158339506092e-11,180.0,180.0,0.0,0.0,0.0,0.0,0.0,0.0,0.0,0.0,0.0,0.0,0.0,0.0,0.0,0.0,0.0,0.0,0.0,0.0,0.0,0,0,0.0,0,0,0,0,0.0,0,0,0
2,27,270.643,279.653,10,0.6054350241306121,1.9005095551630884,0.07789525608637939,1.9158362451240811,0.1755295600770988,0.8745571617123008,0.30869866793361483,0.2446439197588232,0.19495086091583777,0.6509392591461103,0.1446308599747756,180.0,180.0,0.0,0.0,0.0,0.0,0.0,0.0,0.0,0.0,0.0,0.0,0.0,0.0,0.0,0.0,0.0,0.0,0.0,0.0,0.0,0,0,0.0,0,0,0,0,0.0,0,0,0
2,28,280.654,289.659,10,0.2784403885726975,1.5628550435939346,-0.07546316489527162,0.9592735258642133,0.10446179843094142,0.7273250857169326,0.22608991900566705,0.17657539577530867,0.21466414254366334,0.43097289361048025,0.27393043514610504,180.0,180.0,0.0,0.0,0.0,0.0,0.0,0.0,0.0,0.0,0.0,0.0,0.0,0.0,0.0,0.0,0.0,0.0,0.0,0.0,0.0,0,0,0.0,0,0,0,0,0.0,0,0,0
2,29,290.663,299.678,10,0.4890784137417734,2.672974430939506,-0.0006982437232289307,2.6623251304178344,0.1577852200476203,0.9215276883122843,0.33010758894499,0.2991144716091117,0.28618629937915036,0.30127003084948456,0.33716683513704376,180.0,180.0,0.0,0.0,0.0,0.0,0.0,0.0,0.0,0.0,0.0,0.0,0.0,0.0,0.0,0.0,0.0,0.0,0.0,0.0,0.0,0,0,0.0,0,0,0,0,0.0,0,0,0
2,30,300.676,309.69,10,0.13071179262889882,1.2712897820723243,0.0007029158253134416,1.2700197623100145,0.15732676804290863,1.282118230191112,0.40566516222376076,0.25642364397717243,0.22393675114560024,0.6876516872715926,0.22162233133755257,180.0,180.0,0.0,0.0,0.0,0.0,0.0,0.0,0.0,0.0,0.0,0.0,0.0,0.0,0.0,0.0,0.0,0.0,0.0,0.0,0.0,0,0,0.0,0,0,0,0,0.0,0,0,0
2,31,310.701,319.717,10,0.0,0.0,0.0,0.0,2.1017012943971083e-08,2.1115655566580177e-08,8.815409760118673e-11,1.4256665385908777e-10,0.06855348949883895,0.9941893173217704,0.25260604749049304,180.0,180.0,0.0,0.0,0.0,0.0,0.0,0.0,0.0,0.0,0.0,0.0,0.0,0.0,0.0,0.0,0.0,0.0,0.0,0.0,0.0,0,0,0.0,0,0,0,0,0.0,0,0,0
2,32,320.724,329.73,10,0.0,0.0,0.0,0.0,2.1046265965363652e-08,2.1158056481372508e-08,6.863739726937253e-11,8.614002249245554e-11,6.924570238639493e-11,0.6992764076943369,7.170300738639831e-11,72.7944,72.7709,1.7053971428571428,1.70582,0.7,0.0,1.0,0.0,0.0,0.0,0.0,0.0,0.0,0.0,0.0,0.0,0.0,0.0,0.0,0.0,0.0,0,0,0.0,0,0,0,0,0.0,0,0,0
2,33,330.733,339.741,10,1.1657201495931382,3.3399732118000833,0.3377771859238207,3.3433469600432173,0.6160797131763509,1.8586145218544983,0.742331487879309,0.5609637262575042,0.33448053671721145,0.5601631450764908,0.2952518574396338,51.923759999999994,31.0124,2.335072,3.20113,1.0,0.0,1.0,0.0,0.0,0.0,0.0,0.0,0.0,0.0,0.0,0.0,0.0,0.0,0.0,0.0,0.0,0,0,0.0,0,0,0,0,0.0,0,0,0
2,34,340.75,349.755,10,1.0921123476826484,3.835698346888703,-0.33858644991890036,1.137112969804571,0.39745548028710875,0.8415225199987182,0.33808703618287544,0.45743141587620606,0.4916875911062791,0.10393775524783289,0.6089918468675588,65.15053,27.0521,2.722321,3.67148,1.0,0.0,1.0,0.0,0.0,0.0,0.0,0.0,0.0,0.0,0.0,0.0,0.0,0.0,0.0,0.0,0.0,0,0,0.0,0,0,0,0,0.0,0,0,0
2,35,350.765,359.761,10,1.782293608675928,3.6763645626131196,0.3145694476036415,1.5327720414481714,0.13989519569407036,0.6051087531834622,0.20841086483251914,0.1508700323481394,0.1650394591790695,0.17714050896832087,0.2740311426842864,63.95617,11.5367,3.3359940000000003,6.02118,1.0,0.0,0.9,0.0,0.0,0.0,0.0,0.0,0.0,0.0,0.0,0.0,0.0,0.0,0.0,0.0,0.0,0,0,0.0,0,0,0,0,0.0,0,0,0
2,36,360.78,369.773,10,3.073195603483618,4.298042254530079,0.10135827061746458,3.7925691339580365,0.5513347194222417,2.0950067087107285,0.7324294824856629,0.7523801225347095,0.6520245671804221,0.3313391336023254,0.5967172907310107,48.732329,2.85526,9.042429,17.7176,1.0,0.1,0.7,0.0,0.0,0.0,0.0,0.0,0.0,0.0,0.0,0.0,0.0,0.0,0.0,0.0,0.0,0,0,0.0,0,0,0,0,0.0,0,0,0
2,37,370.775,379.792,10,1.422020992006573,1.9180093696566731,-0.2564979961157503,1.301053911073986,0.5285301297201326,1.8052706741482045,0.6446928446116347,0.48191595883636495,0.36821102624067475,0.1443251768211677,0.4993209820432825,69.49881,31.8367,2.531547,3.6757,1.0,0.0,0.9,0.0,0.0,0.0,0.0,0.0,0.0,0.0,0.0,0.0,0.0,0.0,0.0,0.0,0.0,0,0,0.0,0,0,0,0,0.0,0,0,0
2,38,380.784,389.796,10,2.42200078076336,6.129310613507338,-0.1476428772550857,5.518001202344323,0.48708688973282854,1.478085589363233,0.6087556398653017,0.5222703086672718,0.6061300360477485,0.13379384075012607,0.6594134130224019,43.593793999999995,8.87044,12.970238,15.6905,1.0,0.0,0.7,0.0,0.0,0.0,0.0,0.0,0.0,0.0,0.0,0.0,0.0,0.0,0.0,0.0,0.0,0,0,0.0,0,0,0,0,0.0,0,0,0
2,39,390.796,399.805,10,0.0,0.0,0.0,0.0,1.488813790905739e-08,1.5036489600249905e-08,7.882247717810767e-11,1.0412438224986286e-10,0.00850944175310703,0.2567066216665902,0.24707961361377354,12.25809,12.2393,10.6068,10.6191,1.0,0.0,1.0,0.0,0.0,0.0,0.0,0.0,0.0,0.0,0.0,0.0,0.0,0.0,0.0,0.0,0.0,0,0,0.0,0,0,0,0,0.0,0,0,0
2,40,400.805,409.815,10,0.0,0.0,0.0,0.0,1.4887006514306641e-08,1.5051677973583492e-08,1.0983302636108113e-10,1.3038757815339536e-10,1.75619134483115e-08,0.6164962169221744,1.1273909612039347e-08,12.253139999999998,12.2446,10.60824,10.6161,1.0,0.0,1.0,0.0,0.0,0.0,0.0,0.0,0.0,0.0,0.0,0.0,0.0,0.0,0.0,0.0,0.0,0,0,0.0,0,0,0,0,0.0,0,0,0
2,41,410.819,419.832,10,0.0,0.0,0.0,0.0,1.487622859786021e-08,1.5006204626231275e-08,7.67982877818817e-11,1.0884237941414973e-10,1.7561961934392937e-08,0.0,1.1274060250835076e-08,12.25667,12.2421,10.606869999999999,10.6188,1.0,0.0,1.0,0.0,0.0,0.0,0.0,0.0,0.0,0.0,0.0,0.0,0.0,0.0,0.0,0.0,0.0,0,0,0.0,0,0,0,0,0.0,0,0,0
2,42,420.83,429.838,10,0.9631941897035402,5.046650896783504,-0.002108925016958063,3.1397343687637247,0.24157680742420468,1.619615635074679,0.5246131127794653,0.323923125606495,0.24076008854655714,0.4416767503654948,0.18219722166185207,25.0518,12.2407,7.809082999999999,10.6207,1.0,0.0,0.9,0.0,0.0,0.0,0.0,0.0,0.0,0.0,0.0,0.0,0.0,0.0,0.0,0.0,0.0,0,0,0.0,0,0,0,0,0.0,0,0,0
2,43,430.84,439.852,10,0.5899128878580522,2.4555347973439345,-0.0025998989663382766,2.431222571627658,0.3398577396339913,1.6370441626168093,0.6658740945271802,0.6387741644333408,0.6878702183500207,0.563099825217733,0.6884268450577709,54.45934,12.1618,6.464985,7.58797,1.0,0.0,1.0,0.0,0.0,0.0,0.0,0.0,0.0,0.0,0.0,0.0,0.0,0.0,0.0,0.0,0.0,0,0,0.0,0,0,0,0,0.0,0,0,0
2,44,440.848,449.864,10,0.03317759460083756,0.33177594600837557,0.03297971630301944,0.3297971630301944,0.01406304181621508,0.1406304181621508,0.044471242969430703,0.01406304181621508,0.006289183494295804,0.4501770470969756,0.21673008324985524,20.25244,13.9434,7.609415,7.89469,1.0,0.0,1.0,0.0,0.0,0.0,0.0,0.0,0.0,0.0,0.0,0.0,0.0,0.0,0.0,0.0,0.0,0,0,0.0,0,0,0,0,0.0,0,0,0
2,45,450.865,459.875,10,0.7132230409250676,2.936971718378999,0.15359380721805976,2.9252706358356564,0.21177750739324627,1.0763843805908788,0.4124368036120843,0.42287033568251775,0.3678443888150512,0.5597662220628148,0.2863996181762102,40.97341,13.9782,5.6335500000000005,7.91673,1.0,0.0,0.7,0.0,0.0,0.0,0.0,0.0,0.0,0.0,0.0,0.0,0.0,0.0,0.0,0.0,0.0,0,0,0.0,0,0,0,0,0.0,0,0,0
2,46,460.865,469.887,10,0.9299685242641373,3.6647263530165133,-0.1944227333202927,2.323662804515952,0.24580284428630464,1.414860603866784,0.496570083952391,0.2977198416935467,0.4253022272168215,0.4319736590834207,0.4541570401405098,75.28503,47.0304,8.038424000000001,11.7033,1.0,0.0,0.9,0.0,0.0,0.0,0.0,0.0,0.0,0.0,0.0,0.0,0.0,0.0,0.0,0.0,0.0,0,0,0.0,0,0,0,0,0.0,0,0,0
2,47,470.892,479.887,10,0.28405551418979147,1.2477145203258322,0.0007303850414563495,1.2603176972988204,0.12454141849366607,1.1316741446681104,0.35563256064720655,0.24886368879230436,0.2772111972243848,0.4621139866742233,0.4442770567403886,6.859852000000001,5.59072,10.812103,11.6186,1.0,0.0,1.0,0.0,0.0,0.0,0.0,0.0,0.0,0.0,0.0,0.0,0.0,0.0,0.0,0.0,0.0,0,0,0.0,0,0,0,0,0.0,0,0,0
2,48,480.891,489.899,10,0.0,0.0,0.0,0.0,0.0,0.0,0.0,0.0,4.899833980307577e-05,0.5478446675489567,0.017826861734168226,6.1843449999999995,6.17724,9.909528,9.91858,1.0,0.0,1.0,0.0,0.0,0.0,0.0,0.0,0.0,0.0,0.0,0.0,0.0,0.0,0.0,0.0,0.0,0,0,0.0,0,0,0,0,0.0,0,0,0
2,49,490.892,499.911,10,0.7358064052165918,3.479770938616922,-0.006412790594375805,2.0990364745181602,0.08788960904572211,0.48900451306264475,0.1643489999101168,0.15209030156704184,0.14274074849178087,0.7492299082106177,0.10918412129058812,16.47494,6.18422,6.2055050000000005,9.90359,1.0,0.0,0.8,0.0,0.0,0.0,0.0,0.0,0.0,0.0,0.0,0.0,0.0,0.0,0.0,0.0,0.0,0,0,0.0,0,0,0,0,0.0,0,0,0
2,50,500.907,509.93,10,0.0,0.0,0.0,0.0,0.0,0.0,0.0,0.0,0.0,0.5263377383022202,0.07928402248811853,13.08304,13.0724,6.109616,6.12135,1.0,0.0,1.0,0.0,0.0,0.0,0.0,0.0,0.0,0.0,0.0,0.0,0.0,0.0,0.0,0.0,0.0,0,0,0.0,0,0,0,0,0.0,0,0,0
2,51,510.92,519.926,10,0.0,0.0,0.0,0.0,0.0,0.0,0.0,0.0,0.0,0.38477233826308793,0.0,13.085579999999998,13.0738,6.1078209999999995,6.11595,1.0,0.0,1.0,0.0,0.0,0.0,0.0,0.0,0.0,0.0,0.0,0.0,0.0,0.0,0.0,0.0,0.0,0,0,0.0,0,0,0,0,0.0,0,0,0
2,52,520.932,529.943,10,0.42109253567505345,1.7139308393393233,-0.0018259522346856627,1.7088044260611401,0.09068859705180053,0.4445036469565806,0.17787541094198916,0.17049968360766007,0.15330213517153377,0.6724577312596974,0.12252780195290942,29.454,13.0864,4.568497,6.10865,1.0,0.0,0.3,0.0,0.0,0.0,0.0,0.0,0.0,0.0,0.0,0.0,0.0,0.0,0.0,0.0,0.0,0,0,0.0,0,0,0,0,0.0,0,0,0
2,53,530.943,539.969,10,1.276826434725786,3.311663074022774,0.33075593009869986,3.124266285086979,0.40470259609158055,2.3135630793035222,0.7338756768150386,0.4714578978336788,0.3494748494498627,0.5511162576915437,0.3152277305301708,67.79162,32.4718,7.032697999999999,12.176,1.0,0.0,1.0,0.0,0.0,0.0,0.0,0.0,0.0,0.0,0.0,0.0,0.0,0.0,0.0,0.0,0.0,0,0,0.0,0,0,0,0,0.0,0,0,0
2,54,540.957,549.967,10,1.7014710285072212,3.885223693058398,-0.33540520010939084,1.2531392544382265,0.2212033212398023,0.6344695579486123,0.29132846302997517,0.1292493939108061,0.312416854914261,0.17885212784901364,0.5816264806508524,13.210215,9.0559,7.607346,13.4773,1.0,0.0,0.9,0.0,0.0,0.0,0.0,0.0,0.0,0.0,0.0,0.0,0.0,0.0,0.0,0.0,0.0,0,0,0.0,0,0,0,0,0.0,0,0,0
2,55,550.968,559.98,10,0.0,0.0,0.0,0.0,0.0,0.0,0.0,0.0,2.481486764885094e-08,0.3063048970805115,0.06999785145135151,9.056856,9.04961,6.57699,6.58668,1.0,0.0,1.0,0.0,0.0,0.0,0.0,0.0,0.0,0.0,0.0,0.0,0.0,0.0,0.0,0.0,0.0,0,0,0.0,0,0,0,0,0.0,0,0,0
2,56,560.971,569.986,10,0.9004992975395771,2.609739570312567,0.19475113639582842,2.6334405351287256,0.16440351398012573,0.9233537267887756,0.3181036484979765,0.26013864101468054,0.19004240132039457,0.45364150753626886,0.13635628620806745,32.487919999999995,25.4792,5.303877,7.16658,1.0,0.0,0.6,0.0,0.0,0.0,0.0,0.0,0.0,0.0,0.0,0.0,0.0,0.0,0.0,0.0,0.0,0,0,0.0,0,0,0,0,0.0,0,0,0
2,57,570.991,579.993,10,0.25729051236977674,2.518711791567897,-0.19079521215368495,0.620334113858016,0.02870292413967146,0.2870292413967146,0.09076661578839076,0.05623805170079099,0.12794297184312925,0.3654940017685713,0.25925286783202284,33.60935,33.5525,6.144698,6.16064,1.0,0.0,1.0,0.0,0.0,0.0,0.0,0.0,0.0,0.0,0.0,0.0,0.0,0.0,0.0,0.0,0.0,0,0,0.0,0,0,0,0,0.0,0,0,0
2,58,580.998,589.002,9,0.0,0.0,0.0,0.0,0.0,0.0,0.0,0.0,0.0,0.25991898920714473,0.0,33.49903333333334,31.9563,6.128125555555556,6.2473,1.0,0.0,1.0,0.0,0.0,0.0,0.0,0.0,0.0,0.0,0.0,0.0,0.0,0.0,0.0,0.0,0.0,0,0,0.0,0,0,0,0,0.0,0,0,0
2,59,590.009,599.015,10,1.3625140559241518,3.097989999448765,-0.0004249897570305361,2.896185140587942,0.2277644446556847,1.007700712835941,0.327938003140674,0.2015401425671882,0.20217850355129632,0.5530214874255861,0.17042053467411264,66.69642999999999,12.6948,3.8312910000000002,6.23818,1.0,0.0,1.0,0.0,0.0,0.0,0.0,0.0,0.0,0.0,0.0,0.0,0.0,0.0,0.0,0.0,0.0,0,0,0.0,0,0,0,0,0.0,0,0,0
2,60,600.015,609.028,10,0.9245654223658952,3.644755006676344,0.36382658645622346,2.815833683021265,0.23390203364247064,1.534238868060645,0.47827487175957634,0.22271557981095497,0.18487260833735203,0.23798811312493257,0.273757712014463,136.26987,94.6497,4.619261,9.27952,1.0,0.0,1.0,0.0,0.0,0.0,0.0,0.0,0.0,0.0,0.0,0.0,0.0,0.0,0.0,0.0,0.0,0,0,0.0,0,0,0,0,0.0,0,0,0
2,61,610.032,619.037,10,1.527245621809271,3.6581373885722117,-0.3656416910853962,1.9534414902501862,0.3922663172156826,1.2682047160053143,0.5132045821517934,0.6382532662421639,0.5825766108997918,0.5940770485586928,0.5329351838412261,59.05421,10.9441,18.34258,21.1305,1.0,0.0,0.2,0.0,0.0,0.0,0.0,0.0,0.0,0.0,0.0,0.0,0.0,0.0,0.0,0.0,0.0,0,0,0.0,0,0,0,0,0.0,0,0,0
2,62,620.034,629.022,10,0.6359025887460404,3.7410698107401363,0.001022379491860495,2.5645799642058025,0.07108663654304172,0.5345034197286865,0.17200260083053664,0.10690076801262202,0.1726542031140284,0.4510308343588503,0.37773556828134913,7.634963999999999,7.04751,15.102889999999999,18.371,1.0,0.0,0.1,0.0,0.0,0.0,0.0,0.0,0.0,0.0,0.0,0.0,0.0,0.0,0.0,0.0,0.0,0,0,0.0,0,0,0,0,0.0,0,0,0
2,63,630.031,639.035,10,0.0,0.0,0.0,0.0,9.931207580416647e-08,8.591126732039671e-07,2.669667230102273e-07,2.5399355461129207e-07,3.290890118591876e-07,0.71748668692546,0.005577346386472263,7.064414285714286,7.04551,14.731271428571429,14.734,0.7,0.0,0.0,0.0,0.0,0.0,0.0,0.0,0.0,0.0,0.0,0.0,0.0,0.0,0.0,0.0,0.0,0,0,0.0,0,0,0,0,0.0,0,0,0
2,64,640.04,649.043,10,0.0,0.0,0.0,0.0,2.702110486319742e-07,8.686104012494381e-07,4.111372183947613e-07,5.106999473231639e-07,4.146853405308245e-07,0.0998228291791392,3.7575246872597025e-07,180.0,180.0,0.0,0.0,0.0,0.0,0.0,0.0,0.0,0.0,0.0,0.0,0.0,0.0,0.0,0.0,0.0,0.0,0.0,0.0,0.0,0,0,0.0,0,0,0,0,0.0,0,0,0
2,65,650.048,659.055,10,0.0,0.0,0.0,0.0,0.09034533881521899,0.9034490166426012,0.285695510644119,0.09034524009615193,0.04040384842622201,0.0,0.02856993792520258,180.0,180.0,0.0,0.0,0.0,0.0,0.0,0.0,0.0,0.0,0.0,0.0,0.0,0.0,0.0,0.0,0.0,0.0,0.0,0.0,0.0,0,0,0.0,0,0,0,0,0.0,0,0,0
2,66,660.059,669.069,10,2.3165096494619624,4.074436124269665,0.38510834991662174,3.548337585013999,1.1899371365977571,2.151126588994595,0.6294458482409813,0.7120020981728783,0.6706522455183009,0.6694062035114149,0.7404458397991498,180.0,180.0,0.0,0.0,0.0,0.0,0.0,0.0,0.0,0.0,0.0,0.0,0.0,0.0,0.0,0.0,0.0,0.0,0.0,0.0,0.0,0,0,0.0,0,0,0,0,0.0,0,0,0
2,67,670.076,679.076,10,2.467889234699156,4.194607876118831,-0.04658130952996134,2.3407928170068297,0.5719325179688354,2.161994442092055,0.7469156364680558,0.8003090587273907,0.8049715471530707,0.5035005515138644,0.7537991535594906,180.0,180.0,0.0,0.0,0.0,0.0,0.0,0.0,0.0,0.0,0.0,0.0,0.0,0.0,0.0,0.0,0.0,0.0,0.0,0.0,0.0,0,0,0.0,0,0,0,0,0.0,0,0,0
2,68,680.076,689.087,10,0.4556494451205705,2.3792539611399985,-0.34154664305863186,0.0,0.1307576209283709,1.1753907392676726,0.36939001281859424,0.14131978520924277,0.28392968544820557,0.2552146558778629,0.5867871576248078,180.0,180.0,0.0,0.0,0.0,0.0,0.0,0.0,0.0,0.0,0.0,0.0,0.0,0.0,0.0,0.0,0.0,0.0,0.0,0.0,0.0,0,0,0.0,0,0,0,0,0.0,0,0,0
2,69,690.09,699.097,10,1.4417230779092312,4.124518820225701,0.3411515481426427,2.8118713108828217,0.3250867556098841,1.5097170201930035,0.526572505943686,0.45831258322201196,0.4350063661089698,0.8078939114565007,0.4860243902744304,180.0,180.0,0.0,0.0,0.0,0.0,0.0,0.0,0.0,0.0,0.0,0.0,0.0,0.0,0.0,0.0,0.0,0.0,0.0,0.0,0.0,0,0,0.0,0,0,0,0,0.0,0,0,0
2,70,700.104,709.114,10,2.2847800165522885,3.966797076705147,-0.2922612244301952,1.7120747647522603,0.32530823593130975,1.1768385210785366,0.4000871298844596,0.3442306212608952,0.3841019196304763,0.5155764370071192,0.4234323758778875,180.0,180.0,0.0,0.0,0.0,0.0,0.0,0.0,0.0,0.0,0.0,0.0,0.0,0.0,0.0,0.0,0.0,0.0,0.0,0.0,0.0,0,0,0.0,0,0,0,0,0.0,0,0,0
2,71,710.113,719.124,10,3.759361141358776,6.210450121792902,0.6119003465592912,4.27823184606952,0.2261303993124329,0.6729970163009313,0.2681561834752723,0.1866306124467014,0.23584544492989168,0.26610721791196584,0.2822889564107877,180.0,180.0,0.0,0.0,0.0,0.0,0.0,0.0,0.0,0.0,0.0,0.0,0.0,0.0,0.0,0.0,0.0,0.0,0.0,0.0,0.0,0,0,0.0,0,0,0,0,0.0,0,0,0
2,72,720.125,729.133,10,1.2451195695432837,5.5923601290101415,-0.5904622167101934,2.732876477458089,0.4707481471032313,2.679502275466509,0.8733905273473478,0.702498394470787,0.6673948792538298,0.47534321195541074,0.8283587114050089,180.0,180.0,0.0,0.0,0.0,0.0,0.0,0.0,0.0,0.0,0.0,0.0,0.0,0.0,0.0,0.0,0.0,0.0,0.0,0.0,0.0,0,0,0.0,0,0,0,0,0.0,0,0,0
2,73,730.132,739.147,10,0.4624006469744114,3.8202075359854373,-0.0025482823107872226,3.11454084201016,0.060323858220932114,0.5235508717208873,0.16467677128004674,0.10471017226622925,0.11812067215524032,0.42493136765216094,0.2074794468336747,180.0,180.0,0.0,0.0,0.0,0.0,0.0,0.0,0.0,0.0,0.0,0.0,0.0,0.0,0.0,0.0,0.0,0.0,0.0,0.0,0.0,0,0,0.0,0,0,0,0,0.0,0,0,0
2,74,740.147,749.155,10,0.0,0.0,0.0,0.0,2.1056700029834057e-08,2.1136834759726197e-08,5.320303163946043e-11,6.102304378815807e-11,5.0138640320623255e-11,0.8814868985191019,0.05192297357006496,180.0,180.0,0.0,0.0,0.0,0.0,0.0,0.0,0.0,0.0,0.0,0.0,0.0,0.0,0.0,0.0,0.0,0.0,0.0,0.0,0.0,0,0,0.0,0,0,0,0,0.0,0,0,0
2,75,750.154,759.16,10,2.1138557162650713,6.059845992017572,-0.0028500595846452812,2.4609459666391493,0.1307133707527502,0.7742885270974355,0.2371026240295547,0.16503027700724876,0.1636127947597071,0.9679767229756872,0.12537250874251443,180.0,180.0,0.0,0.0,0.0,0.0,0.0,0.0,0.0,0.0,0.0,0.0,0.0,0.0,0.0,0.0,0.0,0.0,0.0,0.0,0.0,0,0,0.0,0,0,0,0,0.0,0,0,0
2,76,760.162,769.172,10,0.5470275966331994,1.7137046023601477,2.7567123205329835e-05,1.7068770939842108,0.034460546821034777,0.12440201536489551,0.05247146107232903,0.04412991461967086,0.0589078628779614,0.9228921871198011,0.14602458401480173,180.0,180.0,0.0,0.0,0.0,0.0,0.0,0.0,0.0,0.0,0.0,0.0,0.0,0.0,0.0,0.0,0.0,0.0,0.0,0.0,0.0,0,0,0.0,0,0,0,0,0.0,0,0,0
2,77,770.177,779.183,10,2.4335915326258246,4.177407143779129,0.41935334714546524,3.7154062940682033,0.4215304204133671,1.783167763938183,0.5807545404464078,0.5632185907052689,0.3405343160368306,0.6463188443033263,0.2775319384246841,180.0,180.0,0.0,0.0,0.0,0.0,0.0,0.0,0.0,0.0,0.0,0.0,0.0,0.0,0.0,0.0,0.0,0.0,0.0,0.0,0.0,0,0,0.0,0,0,0,0,0.0,0,0,0
2,78,780.183,789.192,10,0.3197192536523087,3.1971925365230867,-0.4161500713249163,0.0,6.687285206412463e-08,6.687285206412463e-07,2.114705261541262e-07,0.0026067834196708594,0.23762852601149773,0.2937291541656213,0.46550945744022687,180.0,180.0,0.0,0.0,0.0,0.0,0.0,0.0,0.0,0.0,0.0,0.0,0.0,0.0,0.0,0.0,0.0,0.0,0.0,0.0,0.0,0,0,0.0,0,0,0,0,0.0,0,0,0
2,79,790.195,799.205,10,0.0,0.0,0.0,0.0,0.0,0.0,0.0,0.0,1.1833207644814516e-08,0.500562606129631,0.0,180.0,180.0,0.0,0.0,0.0,0.0,0.0,0.0,0.0,0.0,0.0,0.0,0.0,0.0,0.0,0.0,0.0,0.0,0.0,0.0,0.0,0,0,0.0,0,0,0,0,0.0,0,0,0
2,80,800.206,809.21,10,0.0,0.0,0.0,0.0,0.0,0.0,0.0,0.0,1.1833207644814516e-08,0.0,0.0,180.0,180.0,0.0,0.0,0.0,0.0,0.0,0.0,0.0,0.0,0.0,0.0,0.0,0.0,0.0,0.0,0.0,0.0,0.0,0.0,0.0,0,0,0.0,0,0,0,0,0.0,0,0,0
2,81,810.213,819.227,10,0.0,0.0,0.0,0.0,0.0,0.0,0.0,0.0,1.1833207644814516e-08,0.0,0.0,180.0,180.0,0.0,0.0,0.0,0.0,0.0,0.0,0.0,0.0,0.0,0.0,0.0,0.0,0.0,0.0,0.0,0.0,0.0,0.0,0.0,0,0,0.0,0,0,0,0,0.0,0,0,0
2,82,820.229,829.238,10,0.0,0.0,0.0,0.0,0.0,0.0,0.0,0.0,1.1833207644814516e-08,0.0,0.0,180.0,180.0,0.0,0.0,0.0,0.0,0.0,0.0,0.0,0.0,0.0,0.0,0.0,0.0,0.0,0.0,0.0,0.0,0.0,0.0,0.0,0,0,0.0,0,0,0,0,0.0,0,0,0
2,83,830.232,839.248,10,0.0,0.0,0.0,0.0,0.2098205732900726,1.4003173666065782,0.47230994640654134,0.21027463669190088,0.12522289661610575,0.0,0.09151291789631211,180.0,180.0,0.0,0.0,0.0,0.0,0.0,0.0,0.0,0.0,0.0,0.0,0.0,0.0,0.0,0.0,0.0,0.0,0.0,0.0,0.0,0,0,0.0,0,0,0,0,0.0,0,0,0
2,84,840.247,849.259,10,0.6983604603579587,3.9071159573722274,-0.0009730339214673256,2.118482600950707,0.10980212122669838,0.6899394468733661,0.2214204373852965,0.20777672600408797,0.28206731903708926,0.8821195165448182,0.42951829531515556,180.0,180.0,0.0,0.0,0.0,0.0,0.0,0.0,0.0,0.0,0.0,0.0,0.0,0.0,0.0,0.0,0.0,0.0,0.0,0.0,0.0,0,0,0.0,0,0,0,0,0.0,0,0,0
2,85,850.261,859.262,10,0.0,0.0,0.0,0.0,0.0,0.0,0.0,0.0,0.0,0.97781078788444,0.036235215741798624,180.0,180.0,0.0,0.0,0.0,0.0,0.0,0.0,0.0,0.0,0.0,0.0,0.0,0.0,0.0,0.0,0.0,0.0,0.0,0.0,0.0,0,0,0.0,0,0,0,0,0.0,0,0,0
2,86,860.266,869.274,10,0.150267310640847,1.50267310640847,0.1511743567815362,1.5117435678153621,0.14808550511538066,1.0054083176130424,0.336254249878632,0.24862633094288253,0.17956375302905245,0.39575894232604764,0.1290068326951594,180.0,180.0,0.0,0.0,0.0,0.0,0.0,0.0,0.0,0.0,0.0,0.0,0.0,0.0,0.0,0.0,0.0,0.0,0.0,0.0,0.0,0,0,0.0,0,0,0,0,0.0,0,0,0
2,87,870.283,879.287,10,1.893022505149392,5.678652948662566,0.4142305394665181,3.736852672788941,0.6184137818540685,2.948813761798243,0.945917470410806,0.9977604446240933,0.8304100535941101,0.8842123594629925,0.8086122365888411,180.0,180.0,0.0,0.0,0.0,0.0,0.0,0.0,0.0,0.0,0.0,0.0,0.0,0.0,0.0,0.0,0.0,0.0,0.0,0.0,0.0,0,0,0.0,0,0,0,0,0.0,0,0,0
2,88,880.295,889.303,10,3.441995143775279,5.9008310448293635,0.022375630642444265,1.569406086017523,0.3216792605620009,1.6181086511555274,0.5036895375401722,0.4383947997256625,0.40363378768049724,0.7004496160129088,0.544782697042872,42.77086,9.3462,28.81624,33.6956,0.5,0.0,0.0,0.0,0.0,0.0,0.0,0.0,0.0,0.0,0.0,0.0,0.0,0.0,0.0,0.0,0.0,0,0,0.0,0,0,0,0,0.0,0,0,0
2,89,890.3,899.31,10,2.459811248728551,6.216921055117175,-0.58591761985654,2.2864923284853,0.051162984588475256,0.26755816167943747,0.10799894715422367,0.03680967452973577,0.12784966376460613,0.09631446667331485,0.3511466119867586,9.752735,2.79036,12.481002,19.6418,1.0,0.3,0.2,0.3,0.0,0.0,2.006,0.0,0.0,0.0,0.0,0.0,0.0,0.0,0.0,0.0,0.0,0,0,0.0,0,0,0,0,0.0,0,0,0
2,90,900.308,909.316,10,0.09414757400912975,0.9414757400912975,-0.0008591403961628163,0.934931221540514,0.015011734404330712,0.15011717547587378,0.047471213118637806,0.030023433021415878,0.03356721856438532,0.6125327166049485,0.05118491284403354,18.458840000000002,18.0003,5.986472,6.78828,1.0,0.0,0.0,0.0,0.0,0.0,0.0,0.0,0.0,0.0,0.0,0.0,0.0,0.0,0.0,0.0,0.0,0,0,0.0,0,0,0,0,0.0,0,0,0
2,91,910.318,919.328,10,0.0,0.0,0.0,0.0,2.1048480801588265e-08,2.120062802358855e-08,8.577196131221674e-11,1.1774533496957194e-10,8.061530989537152e-11,0.851230880426822,0.004747121302310928,18.04507,18.0079,5.898822,5.90586,1.0,0.0,0.0,0.0,0.0,0.0,0.0,0.0,0.0,0.0,0.0,0.0,0.0,0.0,0.0,0.0,0.0,0,0,0.0,0,0,0,0,0.0,0,0,0
2,92,920.328,929.34,10,0.18292964867630218,1.1516892399748908,0.11502712479713413,0.6776072467881311,0.013704980857174915,0.09530814494320046,0.031530813700514755,0.014887477425599174,0.008466316151880185,0.286962196377378,0.006166988944075683,17.87622,16.9682,5.70437,5.90576,1.0,0.0,0.1,0.0,0.0,0.0,0.0,0.0,0.0,0.0,0.0,0.0,0.0,0.0,0.0,0.0,0.0,0,0,0.0,0,0,0,0,0.0,0,0,0
2,93,930.337,939.35,10,0.9007635653566094,2.9370308710667827,0.17741655263701478,1.0137169943614104,0.5736491194475685,1.4490668442860877,0.5658880136449521,0.3731015870666532,0.30159012361098314,0.7626146004295777,0.2744093912969024,33.17566,15.5759,3.794177,4.78483,1.0,0.0,1.0,0.0,0.0,0.0,0.0,0.0,0.0,0.0,0.0,0.0,0.0,0.0,0.0,0.0,0.0,0,0,0.0,0,0,0,0,0.0,0,0,0
2,94,940.35,949.361,10,2.813664939648479,3.828051473216443,-0.29425296161453235,3.2391795160724537,0.4367784509870606,1.1462239742734062,0.4354423534541458,0.5638928571663809,0.5012555838545827,0.23900030906519837,0.5075085221596863,34.54914,13.5893,6.091844,9.10542,1.0,0.0,1.0,0.0,0.0,0.0,0.0,0.0,0.0,0.0,0.0,0.0,0.0,0.0,0.0,0.0,0.0,0,0,0.0,0,0,0,0,0.0,0,0,0
2,95,950.366,959.371,10,0.9276161658674363,3.6642735813909577,0.17186325036623995,3.5963132816374173,0.13591497668926283,0.9581944199090655,0.31278454571142245,0.2681051102130384,0.2677557237511171,0.10684267152485667,0.3742467671075794,47.39336,17.6817,3.908251,7.02527,1.0,0.0,0.5,0.0,0.0,0.0,0.0,0.0,0.0,0.0,0.0,0.0,0.0,0.0,0.0,0.0,0.0,0,0,0.0,0,0,0,0,0.0,0,0,0
2,96,960.373,969.383,10,1.2298866450565193,3.883532525639012,0.20474595632853987,3.7501783358644407,0.1851642584668845,1.187372740713555,0.37581044369185246,0.26703562175110795,0.3598684734528896,0.26447414357042004,0.4092234309442572,22.545997,3.85864,11.41061,13.4088,1.0,0.3,1.0,0.0,0.0,0.0,0.0,0.0,0.0,0.0,0.0,0.0,0.0,0.0,0.0,0.0,0.0,0,0,0.0,0,0,0,0,0.0,0,0,0
2,97,970.385,979.392,10,0.0014128807758659997,0.014128807758659998,-0.38084886968262255,0.0,0.0,0.0,0.0,0.01640889708352581,0.028982369179855017,0.14577862652546003,0.11209283028162413,15.046609999999998,12.6086,5.639408,6.12275,1.0,0.0,1.0,0.0,0.0,0.0,0.0,0.0,0.0,0.0,0.0,0.0,0.0,0.0,0.0,0.0,0.0,0,0,0.0,0,0,0,0,0.0,0,0,0
2,98,980.397,989.406,10,0.0,0.0,0.0,0.0,0.0,0.0,0.0,0.0,0.0,0.8657828662073506,0.0,19.541059999999998,16.1075,5.047288,5.46656,1.0,0.0,1.0,0.0,0.0,0.0,0.0,0.0,0.0,0.0,0.0,0.0,0.0,0.0,0.0,0.0,0.0,0,0,0.0,0,0,0,0,0.0,0,0,0
2,99,990.415,999.423,10,0.0,0.0,0.0,0.0,0.0,0.0,0.0,0.0,0.0,0.0,0.0,30.881990000000002,30.7611,3.969317,4.00471,1.0,0.0,1.0,0.0,0.0,0.0,0.0,0.0,0.0,0.0,0.0,0.0,0.0,0.0,0.0,0.0,0.0,0,0,0.0,0,0,0,0,0.0,0,0,0
2,100,1000.419,1009.434,10,0.0,0.0,0.0,0.0,0.17304200361490732,0.8919191994935222,0.36502154267031045,0.34608381380988124,0.2744368502861341,0.0,0.21402910290364158,31.46854,28.4595,4.000177,4.01335,1.0,0.0,1.0,0.0,0.0,0.0,0.0,0.0,0.0,0.0,0.0,0.0,0.0,0.0,0.0,0.0,0.0,0,0,0.0,0,0,0,0,0.0,0,0,0
2,101,1010.433,1019.44,10,3.9369876903717715,6.538527208974739,0.376488463705579,2.077915528487654,0.45294843487236164,0.9703437005691361,0.3772163670910123,0.359731439851481,0.3869445101106338,0.5799860839443178,0.3909066705192551,106.45277000000002,23.659,11.122567,25.5994,1.0,0.0,0.6,0.0,0.0,0.0,0.0,0.0,0.0,0.0,0.0,0.0,0.0,0.0,0.0,0.0,0.0,0,0,0.0,0,0,0,0,0.0,0,0,0
2,102,1020.448,1029.456,10,4.99903280307028,6.682178689966213,-0.0017479516229529258,4.538111155684056,0.3776046572172884,2.2626236425807664,0.6744142206747302,0.5900245768167584,0.5631560645536519,0.4142173827417347,0.5398822228802475,70.935299,3.65012,27.65815,38.936,1.0,0.2,0.2,0.1,0.0,0.0,0.0,0.0,0.0,0.0,0.0,0.0,0.0,0.0,0.0,0.0,0.0,0,0,0.0,0,0,0,0,0.0,0,0,0
2,103,1030.452,1039.468,10,0.502723415414522,1.9909425578377014,-0.3794747956498369,1.527111152488056,0.001697640257236709,0.016471895754159888,0.005193555559358239,0.0033137941680691416,0.03367096221210589,0.15126738679759374,0.31123941819139694,12.19571,6.99731,8.858135,9.84072,1.0,0.0,1.0,0.0,0.0,0.0,0.0,0.0,0.0,0.0,0.0,0.0,0.0,0.0,0.0,0.0,0.0,0,0,0.0,0,0,0,0,0.0,0,0,0
2,104,1040.464,1049.476,10,0.0,0.0,0.0,0.0,1.4889418811747667e-08,1.4976041400851914e-08,5.290193688009834e-11,8.333791494130318e-11,0.0007538721905696228,0.8153073595426141,0.0031320682006306263,18.81267,18.785,8.244702,8.25702,1.0,0.0,1.0,0.0,0.0,0.0,0.0,0.0,0.0,0.0,0.0,0.0,0.0,0.0,0.0,0.0,0.0,0,0,0.0,0,0,0,0,0.0,0,0,0
2,105,1050.484,1059.482,10,0.8470217853546608,3.238419736593185,0.0028688644705109345,2.9501831103923393,0.04311908934709126,0.20312476808278587,0.07239637526655791,0.08060758102236573,0.06536015200498443,0.8309425313571241,0.05019173918085653,37.99852,18.7851,3.479766,8.24407,1.0,0.0,0.7,0.0,0.0,0.0,0.0,0.0,0.0,0.0,0.0,0.0,0.0,0.0,0.0,0.0,0.0,0,0,0.0,0,0,0,0,0.0,0,0,0
2,106,1060.486,1069.498,10,0.38961658461523,2.61755907804046,-0.0016872581478212466,1.9285132085812358,0.2963837184364518,2.189623309683948,0.6937838124023287,0.43792466046003853,0.516989882427841,0.5310624588479955,0.5026413497803158,90.90169,42.9271,4.386243,6.80779,1.0,0.0,0.8,0.0,0.0,0.0,0.0,0.0,0.0,0.0,0.0,0.0,0.0,0.0,0.0,0.0,0.0,0,0,0.0,0,0,0,0,0.0,0,0,0
2,107,1070.496,1079.509,10,0.0,0.0,0.0,0.0,0.0,0.0,0.0,0.0,0.0,0.6398185067209281,0.22850559721923452,99.7758,99.7526,6.805631,6.81394,1.0,0.0,1.0,0.0,0.0,0.0,0.0,0.0,0.0,0.0,0.0,0.0,0.0,0.0,0.0,0.0,0.0,0,0,0.0,0,0,0,0,0.0,0,0,0
2,108,1080.511,1089.523,10,0.05428560024462355,0.5428560024462354,0.053961829269009484,0.5396182926900949,0.1476584577666855,1.140490947837696,0.3644856846161764,0.1140490947837696,0.06446785077741456,0.4941043977284824,0.04707678223495415,89.63699,17.2963,6.859954,7.35249,1.0,0.0,1.0,0.0,0.0,0.0,0.0,0.0,0.0,0.0,0.0,0.0,0.0,0.0,0.0,0.0,0.0,0,0,0.0,0,0,0,0,0.0,0,0,0
2,109,1090.52,1099.534,10,0.9630755864749645,3.4661860720003714,0.24014825945270032,1.440918992297224,0.20855243211364782,1.1946870842814135,0.3950062269812528,0.26384860016028877,0.29160547796374403,0.8330658886080917,0.36666846804341335,22.51941,10.4152,6.417185999999999,7.91246,1.0,0.0,1.0,0.0,0.0,0.0,0.0,0.0,0.0,0.0,0.0,0.0,0.0,0.0,0.0,0.0,0.0,0,0,0.0,0,0,0,0,0.0,0,0,0
2,110,1100.528,1109.539,10,1.9330896796614911,3.886778479219488,-0.29663942596646065,2.2066495801548354,0.8209367338053447,2.1774488018592013,0.7628192021446443,1.0863754323765915,0.6566849492331313,0.28005854477734426,0.5770662237570044,65.63447,31.3979,3.7157830000000005,7.27891,1.0,0.0,0.8,0.0,0.0,0.0,0.0,0.0,0.0,0.0,0.0,0.0,0.0,0.0,0.0,0.0,0.0,0,0,0.0,0,0,0,0,0.0,0,0,0
2,111,1110.542,1119.56,10,0.0,0.0,0.0,0.0,0.0,0.0,0.0,0.0006002090340499795,0.2948487408716224,0.19286059959419963,0.6192720081496902,97.79165,74.2661,1.8981470000000003,3.36133,1.0,0.0,1.0,0.0,0.0,0.0,0.0,0.0,0.0,0.0,0.0,0.0,0.0,0.0,0.0,0.0,0.0,0,0,0.0,0,0,0,0,0.0,0,0,0
2,112,1120.562,1129.577,10,0.0,0.0,0.0,0.0,0.0,0.0,0.0,0.0,0.0,0.4214911434326842,0.0,77.16337999999999,75.4109,3.574844,3.5964,1.0,0.0,1.0,0.0,0.0,0.0,0.0,0.0,0.0,0.0,0.0,0.0,0.0,0.0,0.0,0.0,0.0,0,0,0.0,0,0,0,0,0.0,0,0,0
2,113,1130.58,1139.585,10,0.0,0.0,0.0,0.0,0.0,0.0,0.0,0.0,0.0,0.0,0.0,75.5282,75.4194,3.57642,3.57951,1.0,0.0,1.0,0.0,0.0,0.0,0.0,0.0,0.0,0.0,0.0,0.0,0.0,0.0,0.0,0.0,0.0,0,0,0.0,0,0,0,0,0.0,0,0,0
2,114,1140.584,1149.595,10,0.0,0.0,0.0,0.0,0.0,0.0,0.0,0.0,0.0,0.0,0.0,75.51649,75.4079,3.576118,3.57964,1.0,0.0,1.0,0.0,0.0,0.0,0.0,0.0,0.0,0.0,0.0,0.0,0.0,0.0,0.0,0.0,0.0,0,0,0.0,0,0,0,0,0.0,0,0,0
2,115,1150.601,1159.606,10,0.0,0.0,0.0,0.0,0.0,0.0,0.0,0.0,0.0,0.0,0.0,75.51147,75.3887,3.575271,3.57979,1.0,0.0,1.0,0.0,0.0,0.0,0.0,0.0,0.0,0.0,0.0,0.0,0.0,0.0,0.0,0.0,0.0,0,0,0.0,0,0,0,0,0.0,0,0,0
2,116,1160.609,1169.619,10,0.4178864496299883,1.8326041081739037,0.0006019031147095219,1.6316999757584756,0.16288311646794157,1.0337936879047884,0.3416531489477903,0.2067587375809577,0.2509749022399282,0.3653574530743306,0.2380480661801348,61.25372,25.9948,2.894129,4.013,1.0,0.0,1.0,0.0,0.0,0.0,0.0,0.0,0.0,0.0,0.0,0.0,0.0,0.0,0.0,0.0,0.0,0,0,0.0,0,0,0,0,0.0,0,0,0
2,117,1170.62,1179.627,10,0.0,0.0,0.0,0.0,0.0,0.0,0.0,0.0,0.0,0.423967138218684,0.12132205319077287,65.55681,65.4164,2.136016,2.14064,1.0,0.0,1.0,0.0,0.0,0.0,0.0,0.0,0.0,0.0,0.0,0.0,0.0,0.0,0.0,0.0,0.0,0,0,0.0,0,0,0,0,0.0,0,0,0
2,118,1180.628,1189.636,10,0.0,0.0,0.0,0.0,0.0,0.0,0.0,0.0,0.0,0.3271197799541391,0.0,65.59599,65.4131,2.1366959999999997,2.14166,1.0,0.0,1.0,0.0,0.0,0.0,0.0,0.0,0.0,0.0,0.0,0.0,0.0,0.0,0.0,0.0,0.0,0,0,0.0,0,0,0,0,0.0,0,0,0
2,119,1190.642,1199.648,10,0.0,0.0,0.0,0.0,0.0,0.0,0.0,0.0,0.0,0.0,0.0,43.767759999999996,11.3783,4.496682,8.31994,1.0,0.0,1.0,0.0,0.0,0.0,0.0,0.0,0.0,0.0,0.0,0.0,0.0,0.0,0.0,0.0,0.0,0,0,0.0,0,0,0,0,0.0,0,0,0
2,120,1200.65,1209.661,10,0.0,0.0,0.0,0.0,0.0,0.0,0.0,0.0,0.0,0.0,0.0,11.38745,11.3708,8.316248,8.32371,1.0,0.0,1.0,0.0,0.0,0.0,0.0,0.0,0.0,0.0,0.0,0.0,0.0,0.0,0.0,0.0,0.0,0,0,0.0,0,0,0,0,0.0,0,0,0
2,121,1210.66,1219.67,10,0.0,0.0,0.0,0.0,0.0,0.0,0.0,0.0,0.0,0.0,0.0,11.3869,11.3762,8.316244000000001,8.32104,1.0,0.0,1.0,0.0,0.0,0.0,0.0,0.0,0.0,0.0,0.0,0.0,0.0,0.0,0.0,0.0,0.0,0,0,0.0,0,0,0,0,0.0,0,0,0
2,122,1220.676,1229.684,10,0.0,0.0,0.0,0.0,0.0,0.0,0.0,0.0,0.0,0.0,0.0,11.38751,11.3759,8.316282,8.32117,1.0,0.0,1.0,0.0,0.0,0.0,0.0,0.0,0.0,0.0,0.0,0.0,0.0,0.0,0.0,0.0,0.0,0,0,0.0,0,0,0,0,0.0,0,0,0
2,123,1230.686,1239.7,10,0.0,0.0,0.0,0.0,0.0,0.0,0.0,0.0,0.0,0.0,0.0,11.38939,11.3745,8.31516,8.32295,1.0,0.0,1.0,0.0,0.0,0.0,0.0,0.0,0.0,0.0,0.0,0.0,0.0,0.0,0.0,0.0,0.0,0,0,0.0,0,0,0,0,0.0,0,0,0
2,124,1240.698,1249.708,10,0.0,0.0,0.0,0.0,0.0,0.0,0.0,0.0,0.0,0.0,0.0,11.38771,11.3709,8.316151999999999,8.32372,1.0,0.0,1.0,0.0,0.0,0.0,0.0,0.0,0.0,0.0,0.0,0.0,0.0,0.0,0.0,0.0,0.0,0,0,0.0,0,0,0,0,0.0,0,0,0
2,125,1250.711,1259.726,10,0.0,0.0,0.0,0.0,0.0,0.0,0.0,0.0,0.0,0.0,0.0,11.3866,11.3725,8.316513,8.32239,1.0,0.0,1.0,0.0,0.0,0.0,0.0,0.0,0.0,0.0,0.0,0.0,0.0,0.0,0.0,0.0,0.0,0,0,0.0,0,0,0,0,0.0,0,0,0
2,126,1260.724,1269.905,10,0.0,0.0,0.0,0.0,0.0,0.0,0.0,0.0,0.0,0.0,0.0,180.0,180.0,0.0,0.0,0.0,0.0,0.0,0.0,0.0,0.0,0.0,0.0,0.0,0.0,0.0,0.0,0.0,0.0,0.0,0.0,0.0,0,0,0.0,0,0,0,0,0.0,0,0,0
2,127,1270.899,1279.911,10,0.0,0.0,0.0,0.0,0.0,0.0,0.0,0.0,0.0,0.0,0.0,180.0,180.0,0.0,0.0,0.0,0.0,0.0,0.0,0.0,0.0,0.0,0.0,0.0,0.0,0.0,0.0,0.0,0.0,0.0,0.0,0.0,0,0,0.0,0,0,0,0,0.0,0,0,0
2,128,1280.912,1289.927,10,0.0,0.0,0.0,0.0,0.0,0.0,0.0,0.0,0.0,0.0,0.0,180.0,180.0,0.0,0.0,0.0,0.0,0.0,0.0,0.0,0.0,0.0,0.0,0.0,0.0,0.0,0.0,0.0,0.0,0.0,0.0,0.0,0,0,0.0,0,0,0,0,0.0,0,0,0
2,129,1290.928,1299.941,10,0.0,0.0,0.0,0.0,0.0,0.0,0.0,0.0,0.0,0.0,0.0,180.0,180.0,0.0,0.0,0.0,0.0,0.0,0.0,0.0,0.0,0.0,0.0,0.0,0.0,0.0,0.0,0.0,0.0,0.0,0.0,0.0,0,0,0.0,0,0,0,0,0.0,0,0,0
2,130,1300.939,1308.947,9,0.0,0.0,0.0,0.0,0.0,0.0,0.0,0.0,0.0,0.0,0.0,180.0,180.0,0.0,0.0,0.0,0.0,0.0,0.0,0.0,0.0,0.0,0.0,0.0,0.0,0.0,0.0,0.0,0.0,0.0,0.0,0.0,0,0,0.0,0,0,0,0,0.0,0,0,0
2,131,1311.502,1319.298,9,32.74460913568268,270.0240102860654,-27.705879366484098,105.68454414327412,0.5181787530519651,1.8281528722330078,0.6412230948182905,0.39140937928170283,0.4874497543814526,0.9807245121140882,0.4272151325534589,180.0,180.0,0.0,0.0,0.0,0.0,0.0,0.0,0.0,0.0,0.0,0.0,0.0,0.0,0.0,0.0,0.0,0.0,0.0,0.0,0.0,0,0,0.0,0,0,0,0,0.0,0,0,0
2,132,1320.264,1329.272,10,6.590565969080139,6.896042571557948,-0.07238267167789494,0.7890719346113875,0.25139799979599875,0.6294350671499211,0.21708501775620268,0.21508630859068006,0.20986196388287387,0.8450969849264443,0.37400293902467613,180.0,180.0,0.0,0.0,0.0,0.0,0.0,0.0,0.0,0.0,0.0,0.0,0.0,0.0,0.0,0.0,0.0,0.0,0.0,0.0,0.0,0,0,0.0,0,0,0,0,0.0,0,0,0
2,133,1330.266,1339.28,10,3.8634934934646097,6.671805121975784,-0.07664700465464498,2.2705812627738764,0.6891659872058251,1.9288612859032794,0.6909573696202398,0.8553072634265012,0.5821920069244779,0.880933441444719,0.49930484990014223,180.0,180.0,0.0,0.0,0.0,0.0,0.0,0.0,0.0,0.0,0.0,0.0,0.0,0.0,0.0,0.0,0.0,0.0,0.0,0.0,0.0,0,0,0.0,0,0,0,0,0.0,0,0,0
2,134,1340.283,1349.298,10,6.642744588767333,7.749673229078128,0.12755238495949817,2.1573955586147235,0.24996269261086632,0.7922421467559645,0.33118366124746995,0.2139952301677837,0.2800471064972191,0.8085165424522162,0.511503417023185,180.0,180.0,0.0,0.0,0.0,0.0,0.0,0.0,0.0,0.0,0.0,0.0,0.0,0.0,0.0,0.0,0.0,0.0,0.0,0.0,0.0,0,0,0.0,0,0,0,0,0.0,0,0,0
2,135,1350.302,1359.891,9,4.328488349319165,6.1741282937497735,-0.3792762647145411,1.283425079167941,0.4795478057102729,1.7239622209054202,0.5235486623150679,0.611752946361552,0.35895576963007536,0.7071351148738213,0.3325398922270874,180.0,180.0,0.0,0.0,0.0,0.0,0.0,0.0,0.0,0.0,0.0,0.0,0.0,0.0,0.0,0.0,0.0,0.0,0.0,0.0,0.0,0,0,0.0,0,0,0,0,0.0,0,0,0
2,136,1360.889,1369.896,10,1.4182216798244718,3.971460732287839,-0.3632776120120612,2.869825573762678,0.5156109650121994,2.226340768608373,0.7563685304228566,0.6990630221303777,0.7351660512848593,0.4455066558723895,0.6660793680758663,180.0,180.0,0.0,0.0,0.0,0.0,0.0,0.0,0.0,0.0,0.0,0.0,0.0,0.0,0.0,0.0,0.0,0.0,0.0,0.0,0.0,0,0,0.0,0,0,0,0,0.0,0,0,0
2,137,1370.901,1379.914,10,1.0819334407457997,3.518082134402068,0.0002538127824758707,1.9412207636130072,0.4559778945885834,1.9158148639456876,0.6729972750741431,0.420873775897744,0.5781994138578657,0.4223970268540523,0.7190168212407271,180.0,180.0,0.0,0.0,0.0,0.0,0.0,0.0,0.0,0.0,0.0,0.0,0.0,0.0,0.0,0.0,0.0,0.0,0.0,0.0,0.0,0,0,0.0,0,0,0,0,0.0,0,0,0
2,138,1380.915,1389.925,10,0.0,0.0,0.0,0.0,0.0,0.0,0.0,0.0,0.07478717453718368,0.5389268033109533,0.3875274829608502,180.0,180.0,0.0,0.0,0.0,0.0,0.0,0.0,0.0,0.0,0.0,0.0,0.0,0.0,0.0,0.0,0.0,0.0,0.0,0.0,0.0,0,0,0.0,0,0,0,0,0.0,0,0,0
2,139,1390.92,1399.935,10,0.0,0.0,0.0,0.0,0.0,0.0,0.0,0.0,1.0761965298018945e-08,0.6803644973851843,0.0,180.0,180.0,0.0,0.0,0.0,0.0,0.0,0.0,0.0,0.0,0.0,0.0,0.0,0.0,0.0,0.0,0.0,0.0,0.0,0.0,0.0,0,0,0.0,0,0,0,0,0.0,0,0,0
2,140,1400.937,1409.938,10,51.76791391709801,517.6791391709801,0.15545951218249457,518.7165723156113,0.0,0.0,0.0,0.0,1.0761965298018945e-08,0.29999877770512784,0.0,180.0,180.0,0.0,0.0,0.0,0.0,0.0,0.0,0.0,0.0,0.0,0.0,0.0,0.0,0.0,0.0,0.0,0.0,0.0,0.0,0.0,0,0,0.0,0,0,0,0,0.0,0,0,0
2,141,1410.94,1419.945,10,0.3080230279025505,3.0802302790255047,0.001229636527464839,3.083313592618123,0.2125132292451859,2.125132292451859,0.6720258373322928,0.4250264584903718,0.47519402778642855,0.9960918514223941,0.6048232535990635,180.0,180.0,0.0,0.0,0.0,0.0,0.0,0.0,0.0,0.0,0.0,0.0,0.0,0.0,0.0,0.0,0.0,0.0,0.0,0.0,0.0,0,0,0.0,0,0,0,0,0.0,0,0,0
2,142,1420.948,1429.957,10,0.0,0.0,0.0,0.0,0.0,0.0,0.0,0.0,0.0,0.9969344679262662,0.06720258373322928,180.0,180.0,0.0,0.0,0.0,0.0,0.0,0.0,0.0,0.0,0.0,0.0,0.0,0.0,0.0,0.0,0.0,0.0,0.0,0.0,0.0,0,0,0.0,0,0,0,0,0.0,0,0,0
2,143,1430.959,1439.97,10,0.0,0.0,0.0,0.0,0.0,0.0,0.0,0.0,0.0,0.09999127405030625,0.0,180.0,180.0,0.0,0.0,0.0,0.0,0.0,0.0,0.0,0.0,0.0,0.0,0.0,0.0,0.0,0.0,0.0,0.0,0.0,0.0,0.0,0,0,0.0,0,0,0,0,0.0,0,0,0
2,144,1440.966,1449.976,10,0.0,0.0,0.0,0.0,0.0,0.0,0.0,0.0,0.0,0.0,0.0,180.0,180.0,0.0,0.0,0.0,0.0,0.0,0.0,0.0,0.0,0.0,0.0,0.0,0.0,0.0,0.0,0.0,0.0,0.0,0.0,0.0,0,0,0.0,0,0,0,0,0.0,0,0,0
2,145,1450.979,1459.988,10,0.0,0.0,0.0,0.0,0.0,0.0,0.0,0.0,0.0,0.0,0.0,180.0,180.0,0.0,0.0,0.0,0.0,0.0,0.0,0.0,0.0,0.0,0.0,0.0,0.0,0.0,0.0,0.0,0.0,0.0,0.0,0.0,0,0,0.0,0,0,0,0,0.0,0,0,0
2,146,1460.989,1468.996,9,0.5012765019594814,3.4684355698097646,0.0009306460368468738,2.540353848252862,0.3177380688112792,1.652946348710572,0.6402860591295906,0.3673214160799273,0.4971544977443762,0.9955217911178915,0.5863744233689127,180.0,180.0,0.0,0.0,0.0,0.0,0.0,0.0,0.0,0.0,0.0,0.0,0.0,0.0,0.0,0.0,0.0,0.0,0.0,0.0,0.0,0,0,0.0,0,0,0,0,0.0,0,0,0
2,147,1470.0,1479.004,10,0.0,0.0,0.0,0.0,1.4853335947569705e-08,2.588722996942613e-08,8.6780816158494e-09,1.0508266087639699e-08,9.060540045101909e-09,0.9947081769608095,0.11346799653993786,180.0,180.0,0.0,0.0,0.0,0.0,0.0,0.0,0.0,0.0,0.0,0.0,0.0,0.0,0.0,0.0,0.0,0.0,0.0,0.0,0.0,0,0,0.0,0,0,0,0,0.0,0,0,0
2,148,1480.007,1489.019,10,4.75720561030955,47.572056103095505,-0.2275657738221959,46.36652641627242,1.8516256211224802e-08,2.617603273784772e-08,7.909614789681126e-09,8.561441285662536e-09,7.507199785055458e-09,0.6991453201115776,8.971526674985022e-09,180.0,180.0,0.0,0.0,0.0,0.0,0.0,0.0,0.0,0.0,0.0,0.0,0.0,0.0,0.0,0.0,0.0,0.0,0.0,0.0,0.0,0,0,0.0,0,0,0,0,0.0,0,0,0
2,149,1490.021,1499.025,10,0.0,0.0,0.0,0.0,1.6959661800190737e-08,2.591322116417455e-08,7.075144003451649e-09,7.50618610201776e-09,5.486750566750761e-09,0.9999921074315546,5.1396071044284095e-09,180.0,180.0,0.0,0.0,0.0,0.0,0.0,0.0,0.0,0.0,0.0,0.0,0.0,0.0,0.0,0.0,0.0,0.0,0.0,0.0,0.0,0,0,0.0,0,0,0,0,0.0,0,0,0
2,150,1500.031,1509.039,10,0.0,0.0,0.0,0.0,1.4410041308302994e-08,2.578378449502283e-08,1.0569714340694406e-08,1.037082782986749e-08,1.0329192384765619e-08,0.5999952644589328,9.733611559135582e-09,180.0,180.0,0.0,0.0,0.0,0.0,0.0,0.0,0.0,0.0,0.0,0.0,0.0,0.0,0.0,0.0,0.0,0.0,0.0,0.0,0.0,0,0,0.0,0,0,0,0,0.0,0,0,0
2,151,1510.041,1519.052,10,3.851021491816332,6.471441484505515,0.6226421132990794,4.12705315549108,1.2193721342214703,2.887290739139045,1.1451973479514845,1.6576534721686713,1.0511908244988741,0.7538630385202365,0.9436025580939065,180.0,180.0,0.0,0.0,0.0,0.0,0.0,0.0,0.0,0.0,0.0,0.0,0.0,0.0,0.0,0.0,0.0,0.0,0.0,0.0,0.0,0,0,0.0,0,0,0,0,0.0,0,0,0
2,152,1520.049,1529.063,10,5.583398006694898,6.981377424994295,0.04730523878124776,3.586415021048995,0.8537480459627084,2.7397346610226827,0.9567690174178136,0.5458798032163424,0.8151179634105382,0.5911889578195084,1.078468077441981,180.0,180.0,0.0,0.0,0.0,0.0,0.0,0.0,0.0,0.0,0.0,0.0,0.0,0.0,0.0,0.0,0.0,0.0,0.0,0.0,0.0,0,0,0.0,0,0,0,0,0.0,0,0,0
2,153,1530.069,1539.078,10,4.306070479071588,6.6359596848023825,-0.5076036997482613,3.493062770198529,0.9755354696497942,2.935644131457354,1.1260547824908975,1.527545647074438,1.0186683599570188,0.331227877766145,1.0065068997507838,180.0,180.0,0.0,0.0,0.0,0.0,0.0,0.0,0.0,0.0,0.0,0.0,0.0,0.0,0.0,0.0,0.0,0.0,0.0,0.0,0.0,0,0,0.0,0,0,0,0,0.0,0,0,0
2,154,1540.078,1549.088,10,5.933352460531145,59.333524605311446,5.742617216255872,59.097136061067175,1.488633439021812e-08,1.4945999191421922e-08,3.137554634546334e-11,0.00413290357833406,0.35578069622071357,0.1500008172366243,0.7520100018836133,180.0,180.0,0.0,0.0,0.0,0.0,0.0,0.0,0.0,0.0,0.0,0.0,0.0,0.0,0.0,0.0,0.0,0.0,0.0,0.0,0.0,0,0,0.0,0,0,0,0,0.0,0,0,0
2,155,1550.09,1559.097,10,0.0,0.0,-5.921509441647848,0.0,1.4887861423967061e-08,1.4945999191421922e-08,4.047078980353085e-11,4.604131886329319e-11,3.1780337354107565e-08,0.8305934678408577,1.634982305756912e-08,180.0,180.0,0.0,0.0,0.0,0.0,0.0,0.0,0.0,0.0,0.0,0.0,0.0,0.0,0.0,0.0,0.0,0.0,0.0,0.0,0.0,0,0,0.0,0,0,0,0,0.0,0,0,0
2,156,1560.099,1569.112,10,0.0,0.0,0.0,0.0,1.4878935698659353e-08,1.4945999191421922e-08,3.9173784644263823e-11,5.8024357964157714e-11,3.178032816603585e-08,0.8998938296851666,1.634982075012346e-08,180.0,180.0,0.0,0.0,0.0,0.0,0.0,0.0,0.0,0.0,0.0,0.0,0.0,0.0,0.0,0.0,0.0,0.0,0.0,0.0,0.0,0,0,0.0,0,0,0,0,0.0,0,0,0
2,157,1570.108,1579.121,10,0.0,0.0,0.0,0.0,1.4887944809165182e-08,1.4961005214706483e-08,5.4954013394082904e-11,8.474346505558601e-11,3.1780365697282384e-08,0.0,1.6349879209687786e-08,180.0,180.0,0.0,0.0,0.0,0.0,0.0,0.0,0.0,0.0,0.0,0.0,0.0,0.0,0.0,0.0,0.0,0.0,0.0,0.0,0.0,0,0,0.0,0,0,0,0,0.0,0,0,0
2,158,1580.123,1589.136,10,0.13141601146804333,1.314150144590702,0.00013075943571488484,1.3115270904098821,0.08075070289954302,0.8075069694796272,0.25535612291039744,0.1615013924400481,0.1805640586547444,0.5999779538194101,0.1532136795010693,180.0,180.0,0.0,0.0,0.0,0.0,0.0,0.0,0.0,0.0,0.0,0.0,0.0,0.0,0.0,0.0,0.0,0.0,0.0,0.0,0.0,0,0,0.0,0,0,0,0,0.0,0,0,0
2,159,1590.136,1599.142,10,0.0,0.0,0.0,0.0,0.0,0.0,0.0,0.0,0.0,0.9999619906984603,0.10214244968695123,180.0,180.0,0.0,0.0,0.0,0.0,0.0,0.0,0.0,0.0,0.0,0.0,0.0,0.0,0.0,0.0,0.0,0.0,0.0,0.0,0.0,0,0,0.0,0,0,0,0,0.0,0,0,0
2,160,1600.141,1609.163,10,0.0,0.0,0.0,0.0,0.0,0.0,0.0,0.0,0.0,0.3999847962793841,0.0,180.0,180.0,0.0,0.0,0.0,0.0,0.0,0.0,0.0,0.0,0.0,0.0,0.0,0.0,0.0,0.0,0.0,0.0,0.0,0.0,0.0,0,0,0.0,0,0,0,0,0.0,0,0,0
2,161,1610.163,1619.174,10,0.6596915657671826,3.1563157057659867,0.0006302573529932687,2.732189094479697,0.40168410411680827,1.986894173503886,0.7001973529216904,0.39737883470077723,0.5201260482935286,0.4435864009958029,0.4536625797415962,180.0,180.0,0.0,0.0,0.0,0.0,0.0,0.0,0.0,0.0,0.0,0.0,0.0,0.0,0.0,0.0,0.0,0.0,0.0,0.0,0.0,0,0,0.0,0,0,0,0,0.0,0,0,0
2,162,1620.171,1629.18,10,2.2021925257844375,6.159596997989676,0.615175780820524,4.095052573086905,0.8416675995806976,2.3608121282269674,0.995668157770636,0.7656858326836046,0.5815862705904877,0.5077315171228839,0.7944645668192774,180.0,180.0,0.0,0.0,0.0,0.0,0.0,0.0,0.0,0.0,0.0,0.0,0.0,0.0,0.0,0.0,0.0,0.0,0.0,0.0,0.0,0,0,0.0,0,0,0,0,0.0,0,0,0
2,163,1630.185,1639.195,10,0.9254199561356977,6.699774188432537,-0.6158143239090448,0.5374897417341896,0.1028596877383819,0.7399641534722087,0.24153549242503963,0.16840795362506164,0.3450156641113231,0.4460978486346354,0.7356960406460944,180.0,180.0,0.0,0.0,0.0,0.0,0.0,0.0,0.0,0.0,0.0,0.0,0.0,0.0,0.0,0.0,0.0,0.0,0.0,0.0,0.0,0,0,0.0,0,0,0,0,0.0,0,0,0
2,164,1640.192,1649.206,10,0.0,0.0,0.0,0.0,2.1050484818338702e-08,2.1136834759726197e-08,7.101008721961868e-11,1.0923471246661327e-10,7.12761402883078e-11,0.6529761982830917,0.02339972051583662,180.0,180.0,0.0,0.0,0.0,0.0,0.0,0.0,0.0,0.0,0.0,0.0,0.0,0.0,0.0,0.0,0.0,0.0,0.0,0.0,0.0,0,0,0.0,0,0,0,0,0.0,0,0,0
2,165,1650.203,1659.217,10,0.12972110268186648,1.2972110268186647,-0.0002599621296229815,1.2972110268186647,2.1050430328076538e-08,2.1136834759726197e-08,6.140635604427323e-11,6.938127485140909e-11,6.133021406196662e-11,0.39957655437585,6.31704123478585e-11,97.95128333333334,88.0798,1.7296283333333333,1.76944,0.6,0.0,1.0,0.0,0.0,0.0,0.0,0.0,0.0,0.0,0.0,0.0,0.0,0.0,0.0,0.0,0.0,0,0,0.0,0,0,0,0,0.0,0,0,0
2,166,1660.22,1669.226,10,0.3418478144744983,1.7326428214675489,0.00019543832163291253,1.680792944444102,0.17846659939707918,0.9549111637358214,0.3773953332341138,0.1909822306523905,0.27611264732754337,0.21977566665919826,0.36985273767037413,55.865480000000005,44.2738,1.7238965,2.15779,1.0,0.0,1.0,0.0,0.0,0.0,0.0,0.0,0.0,0.0,0.0,0.0,0.0,0.0,0.0,0.0,0.0,0,0,0.0,0,0,0,0,0.0,0,0,0
2,167,1670.224,1679.238,10,0.0,0.0,0.0,0.0,0.0,0.0,0.0,0.0,0.0,0.3041595251745628,0.026239151630688528,56.3634,56.3119,1.183921,1.18798,1.0,0.0,1.0,0.0,0.0,0.0,0.0,0.0,0.0,0.0,0.0,0.0,0.0,0.0,0.0,0.0,0.0,0,0,0.0,0,0,0,0,0.0,0,0,0
2,168,1680.238,1689.247,10,0.0,0.0,0.0,0.0,0.0,0.0,0.0,0.0,0.0,0.0999823574568737,0.0,56.35331,56.3189,1.183759,1.18899,1.0,0.0,1.0,0.0,0.0,0.0,0.0,0.0,0.0,0.0,0.0,0.0,0.0,0.0,0.0,0.0,0.0,0,0,0.0,0,0,0,0,0.0,0,0,0
2,169,1690.257,1699.254,10,0.0,0.0,0.0,0.0,0.0,0.0,0.0,0.0,0.0,0.0,0.0,56.34621,56.3102,1.183503,1.18895,1.0,0.0,1.0,0.0,0.0,0.0,0.0,0.0,0.0,0.0,0.0,0.0,0.0,0.0,0.0,0.0,0.0,0,0,0.0,0,0,0,0,0.0,0,0,0
2,170,1700.255,1709.265,10,0.008511405559929647,0.08511405559929648,0.008519925485415063,0.08519925485415063,0.016857191627473896,0.16857191627473897,0.05330712049673815,0.016857191627473896,0.007538765277754389,0.0,0.005330712049673815,55.69159,49.7509,1.188493,1.2321,1.0,0.0,1.0,0.0,0.0,0.0,0.0,0.0,0.0,0.0,0.0,0.0,0.0,0.0,0.0,0.0,0.0,0,0,0.0,0,0,0,0,0.0,0,0,0
2,171,1710.275,1719.286,10,1.6065385468765352,3.999540633672715,-0.011845222999072485,3.319743276572347,0.41984007395727935,1.5361243644653642,0.5899213975015525,0.6781164581054823,0.5759959576181185,0.6257045049213488,0.551262365443647,51.872246999999994,8.31557,7.580606,9.46631,1.0,0.0,0.2,0.0,0.0,0.0,0.0,0.0,0.0,0.0,0.0,0.0,0.0,0.0,0.0,0.0,0.0,0,0,0.0,0,0,0,0,0.0,0,0,0
2,172,1720.288,1729.297,10,1.388604497966249,3.9645235662813185,-0.00047412188648195407,2.276071152973214,0.4479710133589319,1.5900955285607223,0.6110617086843246,0.5335372051666215,0.5442015194437198,0.12320090097938885,0.5952140034470608,69.76295,13.3664,3.361398,7.24692,1.0,0.0,0.9,0.0,0.0,0.0,0.0,0.0,0.0,0.0,0.0,0.0,0.0,0.0,0.0,0.0,0.0,0,0,0.0,0,0,0,0,0.0,0,0,0
2,173,1730.302,1739.308,10,0.0,0.0,0.0,0.0,0.0,0.0,0.0,0.0,2.8018570625759135e-08,0.5137208795068847,0.16125721441118362,56.16221,56.1138,3.221851,3.22403,1.0,0.0,1.0,0.0,0.0,0.0,0.0,0.0,0.0,0.0,0.0,0.0,0.0,0.0,0.0,0.0,0.0,0,0,0.0,0,0,0,0,0.0,0,0,0
2,174,1740.31,1749.318,10,0.0,0.0,0.0,0.0,0.0,0.0,0.0,0.0,2.8018570625759135e-08,0.38312984392911853,0.0,56.157669999999996,56.1119,3.2222679999999997,3.22492,1.0,0.0,1.0,0.0,0.0,0.0,0.0,0.0,0.0,0.0,0.0,0.0,0.0,0.0,0.0,0.0,0.0,0,0,0.0,0,0,0,0,0.0,0,0,0
2,175,1750.325,1759.328,10,0.0,0.0,0.0,0.0,0.0,0.0,0.0,0.0,2.8018570625759135e-08,0.0,0.0,56.158249999999995,56.1119,3.222137,3.22492,1.0,0.0,1.0,0.0,0.0,0.0,0.0,0.0,0.0,0.0,0.0,0.0,0.0,0.0,0.0,0.0,0.0,0,0,0.0,0,0,0,0,0.0,0,0,0
2,176,1760.333,1769.341,10,0.0,0.0,0.0,0.0,0.0,0.0,0.0,0.0,2.8018570625759135e-08,0.0,0.0,54.81577,44.6972,3.186528,3.44639,1.0,0.0,1.0,0.0,0.0,0.0,0.0,0.0,0.0,0.0,0.0,0.0,0.0,0.0,0.0,0.0,0.0,0,0,0.0,0,0,0,0,0.0,0,0,0
2,177,1770.351,1779.345,10,263.2958366313604,2632.9583663136036,-6.5900139719355595,2601.7375161201617,0.0,0.0,0.0,0.0,2.8018570625759135e-08,0.39999998341947857,0.0,49.859766666666665,49.0969,2.8516816666666664,2.86018,0.6,0.0,1.0,0.0,0.0,0.0,0.0,0.0,0.0,0.0,0.0,0.0,0.0,0.0,0.0,0.0,0.0,0,0,0.0,0,0,0,0,0.0,0,0,0
2,178,1780.346,1789.36,10,260.394260576278,2603.9426057627797,-2.5781609958047285,2578.1609958047325,0.0,0.0,0.0,0.0,2.8018570625759135e-08,0.4039287486288766,0.0,171.33866666666665,171.337,32.637433333333334,32.639,0.6,0.0,1.0,0.0,0.0,0.0,0.0,0.0,0.0,0.0,0.0,0.0,0.0,0.0,0.0,0.0,0.0,0,0,0.0,0,0,0,0,0.0,0,0,0
2,179,1790.364,1799.369,10,0.0,0.0,0.0,0.0,0.0,0.0,0.0,0.0,2.8018570625759135e-08,0.4039287409988509,0.0,171.33844444444446,171.336,32.63753333333333,32.6393,0.9,0.0,1.0,0.0,0.0,0.0,0.0,0.0,0.0,0.0,0.0,0.0,0.0,0.0,0.0,0.0,0.0,0,0,0.0,0,0,0,0,0.0,0,0,0
2,180,1800.369,1809.382,10,0.192690508457374,1.904522021735823,-0.0003704503421178451,1.8765094306060879,0.08908883186531372,0.4962160884008551,0.18933461049344708,0.09924321619303215,0.09617359140745767,0.6998863644086812,0.07249211389133586,180.0,180.0,0.0,0.0,0.0,0.0,0.0,0.0,0.0,0.0,0.0,0.0,0.0,0.0,0.0,0.0,0.0,0.0,0.0,0.0,0.0,0,0,0.0,0,0,0,0,0.0,0,0,0
2,181,1810.381,1819.391,10,0.6311138889953478,5.50174537138587,0.5494001430723092,4.68298588105615,0.23579181505270008,1.4581799758561809,0.5142242928500982,0.20166218816319792,0.17504798731061233,0.9894894792720305,0.22361552345589703,180.0,180.0,0.0,0.0,0.0,0.0,0.0,0.0,0.0,0.0,0.0,0.0,0.0,0.0,0.0,0.0,0.0,0.0,0.0,0.0,0.0,0,0,0.0,0,0,0,0,0.0,0,0,0
2,182,1820.388,1829.399,10,5.4068614520299505,6.762191434190424,-0.22624557221488084,2.1087607216451696,0.5090305672193486,1.2832209933542953,0.4345496273627793,0.6320399184150567,0.462960810046369,0.7244777413106649,0.48757849250959173,180.0,180.0,0.0,0.0,0.0,0.0,0.0,0.0,0.0,0.0,0.0,0.0,0.0,0.0,0.0,0.0,0.0,0.0,0.0,0.0,0.0,0,0,0.0,0,0,0,0,0.0,0,0,0
2,183,1830.401,1839.412,10,0.43330207055615383,3.7692518173784517,-0.3216705119716338,0.5518364397126397,0.016649021934540514,0.16273473338691094,0.051342853891510894,0.12832209933542954,0.21920840872431563,0.5206942932705465,0.39120679671815034,180.0,180.0,0.0,0.0,0.0,0.0,0.0,0.0,0.0,0.0,0.0,0.0,0.0,0.0,0.0,0.0,0.0,0.0,0.0,0.0,0.0,0,0,0.0,0,0,0,0,0.0,0,0,0
2,184,1840.409,1849.424,10,1.2035379971323843,2.94817517587878,0.2950904381720883,1.9402429726718204,0.9375334110265037,2.6053983221400516,1.0900351570148004,0.9474390274285476,0.7858473319598505,0.5763293131893773,0.685365237365237,72.26793,33.0679,2.475696,5.013,1.0,0.0,1.0,0.0,0.0,0.0,0.0,0.0,0.0,0.0,0.0,0.0,0.0,0.0,0.0,0.0,0.0,0,0,0.0,0,0,0,0,0.0,0,0,0
2,185,1850.42,1859.43,10,5.047495378402625,6.54695246687338,0.3407942715828407,4.33090947286474,1.2865832636028771,2.461512312777814,0.7506995645433139,1.0804295531021002,0.7823054933214328,0.6904341078110804,0.8702410807270352,123.42654999999999,54.2979,9.107792,14.2755,1.0,0.0,1.0,0.0,0.0,0.0,0.0,0.0,0.0,0.0,0.0,0.0,0.0,0.0,0.0,0.0,0.0,0,0,0.0,0,0,0,0,0.0,0,0,0
2,186,1860.436,1869.439,10,5.451552080555469,6.750731856474583,-0.6118958419007692,0.32665683299735027,0.6228141785454004,2.328657038427467,0.919773626055935,0.49547867560973835,0.6065512774848919,0.6100171227952981,0.8191216615871664,123.80752,31.9084,7.281091999999999,9.40005,1.0,0.0,1.0,0.0,0.0,0.0,0.0,0.0,0.0,0.0,0.0,0.0,0.0,0.0,0.0,0.0,0.0,0,0,0.0,0,0,0,0,0.0,0,0,0
2,187,1870.441,1879.453,10,0.5817615659723318,1.6410617027467513,0.13786346712665098,1.0047673524788336,0.3789138882169676,1.0434728295608195,0.39511936616298443,0.3793934787546066,0.5566085355114677,0.7841210609235869,0.7874569478785702,45.99288,30.4219,2.616951,3.18614,1.0,0.0,1.0,0.0,0.0,0.0,0.0,0.0,0.0,0.0,0.0,0.0,0.0,0.0,0.0,0.0,0.0,0,0,0.0,0,0,0,0,0.0,0,0,0
2,188,1880.456,1889.464,10,1.4704352783690073,3.315059919268753,-0.08181693209544157,3.26171761522948,0.5333820072533165,1.330260062309788,0.45737494445029064,0.45863127611050336,0.41601012322759984,0.449782204732667,0.40831786366719697,44.68942,19.9079,3.027416,5.28059,1.0,0.0,0.6,0.0,0.0,0.0,0.0,0.0,0.0,0.0,0.0,0.0,0.0,0.0,0.0,0.0,0.0,0,0,0.0,0,0,0,0,0.0,0,0,0
2,189,1890.467,1899.478,10,0.029490047410765746,0.28076227951748906,-0.08117403093810885,0.28076227951748906,0.08995450141241264,0.5387107057749029,0.19421994958602964,0.1378189478928165,0.27574072774887226,0.062205166171534085,0.3934321945586362,41.34509,34.4118,2.6374500000000003,2.79432,1.0,0.0,0.0,0.0,0.0,0.0,0.0,0.0,0.0,0.0,0.0,0.0,0.0,0.0,0.0,0.0,0.0,0,0,0.0,0,0,0,0,0.0,0,0,0
2,190,1900.476,1909.487,10,0.0,0.0,0.0,0.0,0.0533899681661692,0.533899681661692,0.1688339036089778,0.0533899681661692,0.023876719627220825,0.5430078751866086,0.06713796300125394,42.58864,40.609,2.575745,2.61812,1.0,0.0,0.0,0.0,0.0,0.0,0.0,0.0,0.0,0.0,0.0,0.0,0.0,0.0,0.0,0.0,0.0,0,0,0.0,0,0,0,0,0.0,0,0,0
2,191,1910.488,1919.503,10,1.6179328133581268,3.55857820238602,0.0006888143708057015,3.4427411664137555,0.5034977955385153,2.248623320480557,0.8329928246168519,0.6470193277417924,0.6637640987040807,0.811566771579878,0.7327326663123424,40.285726,7.70935,8.942902,10.6209,1.0,0.0,0.3,0.0,0.0,0.0,0.0,0.0,0.0,0.0,0.0,0.0,0.0,0.0,0.0,0.0,0.0,0,0,0.0,0,0,0,0,0.0,0,0,0
2,192,1920.501,1929.506,10,1.1972616630051405,4.013022905451403,0.3697385841195982,3.4187199250651537,0.19587998636613774,1.3235598590786406,0.423360802962258,0.13235598590786407,0.0833284783021176,0.5422715154076982,0.2693964097013679,14.974396000000002,7.71719,8.531791,10.5498,1.0,0.0,0.3,0.0,0.0,0.0,0.0,0.0,0.0,0.0,0.0,0.0,0.0,0.0,0.0,0.0,0.0,0,0,0.0,0,0,0,0,0.0,0,0,0
2,193,1930.508,1939.523,10,1.6224823299997122,3.6674905308028443,-0.002449659973619367,2.3109118040420897,0.6988218367990207,1.86755813714105,0.689526278457553,0.6489155706805599,0.6158294936420822,0.3770626966500179,0.5419105058426623,54.37254,12.7341,2.87042,5.42971,1.0,0.0,0.9,0.0,0.0,0.0,0.0,0.0,0.0,0.0,0.0,0.0,0.0,0.0,0.0,0.0,0.0,0,0,0.0,0,0,0,0,0.0,0,0,0
2,194,1940.52,1949.535,10,0.2487799805662631,1.5415951458871149,-0.36714039798420856,0.0,0.0009018457079002188,0.004901511582471851,0.001910229747843805,0.186755813714105,0.3326329041129754,0.18232326348369318,0.6155984002954934,24.03358,20.4493,4.996456,5.79607,1.0,0.0,1.0,0.0,0.0,0.0,0.0,0.0,0.0,0.0,0.0,0.0,0.0,0.0,0.0,0.0,0.0,0,0,0.0,0,0,0,0,0.0,0,0,0
2,195,1950.535,1959.55,10,0.0,0.0,0.0,0.0,0.0,0.0,0.0,0.0,2.1471182025840652e-08,0.4026875541485716,0.00013018924771041483,24.19274,23.5835,4.6120350000000006,4.66045,1.0,0.0,1.0,0.0,0.0,0.0,0.0,0.0,0.0,0.0,0.0,0.0,0.0,0.0,0.0,0.0,0.0,0,0,0.0,0,0,0,0,0.0,0,0,0
2,196,1960.548,1969.56,10,0.18816785345248402,1.3840031994542952,0.0312309322382996,1.3840031994542952,0.1868959053310023,1.700251451453368,0.534332305848349,0.356547226265776,0.22656454304228876,0.3342695908703641,0.16096221019783266,35.900310000000005,24.5239,4.493696,4.60506,1.0,0.0,1.0,0.0,0.0,0.0,0.0,0.0,0.0,0.0,0.0,0.0,0.0,0.0,0.0,0.0,0.0,0,0,0.0,0,0,0,0,0.0,0,0,0
2,197,1970.564,1979.572,10,1.8403642168965615,3.7787244885143267,0.20157718464700358,2.363908497788559,0.5160830788076548,1.6796906138281993,0.6487972245866049,0.7278722482760138,0.6691903390066454,0.30702944609493865,0.6325511421011892,46.105002999999996,5.04123,3.495767,7.95428,1.0,0.0,1.0,0.0,0.0,0.0,0.0,0.0,0.0,0.0,0.0,0.0,0.0,0.0,0.0,0.0,0.0,0,0,0.0,0,0,0,0,0.0,0,0,0
2,198,1980.571,1989.581,10,0.6766978012295721,3.1921133511703044,-0.23635779946004112,2.3834714526024166,0.21509163347043586,0.6953157702160147,0.2775017678897744,0.2838226194702714,0.4011615851872364,0.17751215239493734,0.49475223568731524,76.65353,36.5334,2.442859,3.70214,1.0,0.0,1.0,0.0,0.0,0.0,0.0,0.0,0.0,0.0,0.0,0.0,0.0,0.0,0.0,0.0,0.0,0,0,0.0,0,0,0,0,0.0,0,0,0
2,199,1990.581,1999.59,10,1.2170185966230238,3.8414710820985145,0.0010917512987601852,2.2458010425513666,0.3995604521815433,1.3439633873304915,0.5148665706863829,0.4630566915912354,0.4921248616605336,0.26736786961138687,0.46839480432030395,42.82652,19.5012,4.960265,6.60225,1.0,0.0,1.0,0.0,0.0,0.0,0.0,0.0,0.0,0.0,0.0,0.0,0.0,0.0,0.0,0.0,0.0,0,0,0.0,0,0,0,0,0.0,0,0,0
2,200,2000.593,2009.603,10,0.43504709595249136,3.274051977237891,-0.001257332045968007,3.1505772023451235,0.06952558433089476,0.43977826714233575,0.15186981744067146,0.08795565134421941,0.14302042659672987,0.31977623354151297,0.2862110048597627,19.508873,9.07303,4.747383,6.60124,1.0,0.0,1.0,0.0,0.0,0.0,0.0,0.0,0.0,0.0,0.0,0.0,0.0,0.0,0.0,0.0,0.0,0,0,0.0,0,0,0,0,0.0,0,0,0
2,201,2010.598,2019.613,10,0.629200742393572,2.756399905473414,0.20845460379583547,2.659534146026635,0.13371830976628057,1.117051452679598,0.34822947638851093,0.1456336202816172,0.08323692122324614,0.545453174516103,0.10543010556541973,53.95739999999999,21.6382,2.001416,3.86971,1.0,0.0,0.9,0.0,0.0,0.0,0.0,0.0,0.0,0.0,0.0,0.0,0.0,0.0,0.0,0.0,0.0,0,0,0.0,0,0,0,0,0.0,0,0,0
2,202,2020.609,2029.622,10,1.5163802539561004,3.656866562469427,-0.013694858220448625,3.34854465323991,0.28876530928581345,1.2835925879192323,0.4429254942413369,0.5300117820023184,0.47340989302026326,0.4484610519458503,0.45895065928166245,69.27059,12.3012,3.480361,4.45352,1.0,0.0,0.9,0.0,0.0,0.0,0.0,0.0,0.0,0.0,0.0,0.0,0.0,0.0,0.0,0.0,0.0,0,0,0.0,0,0,0,0,0.0,0,0,0
2,203,2030.626,2039.657,10,0.7413780488837217,2.66715885457461,-0.1930222870316208,1.8329030531921109,0.04790489077967379,0.291975780888654,0.09886707045291573,0.07616733499022174,0.15636960970490793,0.18336521527481583,0.27291882405905227,22.32315,13.393,3.8240499999999997,4.58406,1.0,0.0,1.0,0.0,0.0,0.0,0.0,0.0,0.0,0.0,0.0,0.0,0.0,0.0,0.0,0.0,0.0,0,0,0.0,0,0,0,0,0.0,0,0,0
2,204,2040.658,2049.667,10,0.3924880819639628,2.19977138680683,0.21956366166677532,1.1655652044547533,0.10334616444091324,0.8547435240821348,0.26676250158328974,0.10710864255593273,0.06525368533227222,0.33169647376547046,0.06633372812687977,27.414229999999996,19.8506,3.992864,4.57345,1.0,0.0,1.0,0.0,0.0,0.0,0.0,0.0,0.0,0.0,0.0,0.0,0.0,0.0,0.0,0.0,0.0,0,0,0.0,0,0,0,0,0.0,0,0,0
2,205,2050.665,2059.677,10,0.19962928458445328,1.6305980093733003,-0.05727456088519134,1.6338657408550104,0.08227888457757734,0.7376768043134202,0.23183158965854972,0.17626443218535703,0.19368184750539352,0.4615329524100524,0.263685804043433,82.83211,73.9061,1.8450019999999998,1.92752,1.0,0.0,1.0,0.0,0.0,0.0,0.0,0.0,0.0,0.0,0.0,0.0,0.0,0.0,0.0,0.0,0.0,0,0,0.0,0,0,0,0,0.0,0,0,0
2,206,2060.676,2069.686,10,0.6364817171066413,2.324984560700473,-0.16490029463204187,1.7866891417866115,0.31080299008001705,1.14043604936683,0.4178263714178336,0.5564154972099434,0.4220589346257711,0.4013659463471946,0.3757341729224685,64.123,45.367,2.0618600000000002,3.31606,1.0,0.0,1.0,0.0,0.0,0.0,0.0,0.0,0.0,0.0,0.0,0.0,0.0,0.0,0.0,0.0,0.0,0,0,0.0,0,0,0,0,0.0,0,0,0
2,207,2070.69,2079.702,10,0.0,0.0,0.0,0.0,0.0,0.0,0.0,0.0,0.07383882330616082,0.07384432831284612,0.22978707028136883,58.73306,58.6123,2.050197,2.05693,1.0,0.0,1.0,0.0,0.0,0.0,0.0,0.0,0.0,0.0,0.0,0.0,0.0,0.0,0.0,0.0,0.0,0,0,0.0,0,0,0,0,0.0,0,0,0
2,208,2080.702,2089.708,10,0.0,0.0,0.0,0.0,0.0,0.0,0.0,0.0,0.0,0.31726194265762075,0.0,58.78865,58.5961,2.05071,2.05702,1.0,0.0,1.0,0.0,0.0,0.0,0.0,0.0,0.0,0.0,0.0,0.0,0.0,0.0,0.0,0.0,0.0,0,0,0.0,0,0,0,0,0.0,0,0,0
2,209,2090.71,2099.718,10,0.0,0.0,0.0,0.0,0.0,0.0,0.0,0.0,0.0,0.0,0.0,58.73984,58.5909,2.0502659999999997,2.05483,1.0,0.0,1.0,0.0,0.0,0.0,0.0,0.0,0.0,0.0,0.0,0.0,0.0,0.0,0.0,0.0,0.0,0,0,0.0,0,0,0,0,0.0,0,0,0
2,210,2100.719,2109.728,10,0.0,0.0,0.0,0.0,0.0,0.0,0.0,0.0,0.0,0.0,0.0,58.77442,58.6087,2.049787,2.05544,1.0,0.0,1.0,0.0,0.0,0.0,0.0,0.0,0.0,0.0,0.0,0.0,0.0,0.0,0.0,0.0,0.0,0,0,0.0,0,0,0,0,0.0,0,0,0
2,211,2110.731,2119.74,10,0.0,0.0,0.0,0.0,0.0,0.0,0.0,0.0,0.0,0.0,0.0,58.8864,58.6229,2.065287,2.14578,1.0,0.0,1.0,0.0,0.0,0.0,0.0,0.0,0.0,0.0,0.0,0.0,0.0,0.0,0.0,0.0,0.0,0,0,0.0,0,0,0,0,0.0,0,0,0
2,212,2120.745,2129.749,10,0.0,0.0,0.0,0.0,0.0,0.0,0.0,0.0,0.0,0.0,0.0,59.37471000000001,58.9282,2.1446359999999998,2.16479,1.0,0.0,1.0,0.0,0.0,0.0,0.0,0.0,0.0,0.0,0.0,0.0,0.0,0.0,0.0,0.0,0.0,0,0,0.0,0,0,0,0,0.0,0,0,0
2,213,2130.753,2139.766,10,0.07487904978683133,0.7388493000913643,0.0006639686632130895,0.7410725176442972,0.10284282799732325,0.5440488756721156,0.19955446172378433,0.17259910317937116,0.15877598920634428,0.696210373966014,0.17400476034155404,97.22944,58.9559,2.367091,2.6764,1.0,0.0,1.0,0.0,0.0,0.0,0.0,0.0,0.0,0.0,0.0,0.0,0.0,0.0,0.0,0.0,0.0,0,0,0.0,0,0,0,0,0.0,0,0,0
2,214,2140.766,2149.777,10,0.0,0.0,0.0,0.0,1.4884899061630446e-08,1.4961005214706483e-08,4.28516918901045e-11,5.946896598436189e-11,5.0746077347520654e-11,0.9938265049835756,0.045337522867877775,129.9098,129.821,2.673022,2.6784,1.0,0.0,1.0,0.0,0.0,0.0,0.0,0.0,0.0,0.0,0.0,0.0,0.0,0.0,0.0,0.0,0.0,0,0,0.0,0,0,0,0,0.0,0,0,0
2,215,2150.782,2159.799,10,0.0,0.0,0.0,0.0,1.4868794434376372e-08,1.4945999191421922e-08,7.515361675190884e-11,9.046256323668481e-11,4.8754435252259934e-11,0.29814795149507267,4.235101749990269e-11,129.95766666666665,129.83,2.6697,2.68091,0.9,0.0,1.0,0.0,0.0,0.0,0.0,0.0,0.0,0.0,0.0,0.0,0.0,0.0,0.0,0.0,0.0,0,0,0.0,0,0,0,0,0.0,0,0,0
2,216,2161.012,2169.06,9,0.212257449202364,1.0663182212959492,0.0896311635173759,1.0599584704731106,0.026861640539731783,0.23458286107679982,0.07793155926411703,0.052926382695123446,0.058638943534215344,0.7449403213175491,0.05767262470391151,180.0,180.0,0.0,0.0,0.0,0.0,0.0,0.0,0.0,0.0,0.0,0.0,0.0,0.0,0.0,0.0,0.0,0.0,0.0,0.0,0.0,0,0,0.0,0,0,0,0,0.0,0,0,0
2,217,2170.062,2179.071,10,0.5880996247454419,2.484351940857954,-0.010019639088337796,2.517073901578474,0.3796133753200569,1.8370476530036877,0.5984172152639984,0.47581929727934613,0.3756853181593754,0.7253241994227381,0.2877540856172214,180.0,180.0,0.0,0.0,0.0,0.0,0.0,0.0,0.0,0.0,0.0,0.0,0.0,0.0,0.0,0.0,0.0,0.0,0.0,0.0,0.0,0,0,0.0,0,0,0,0,0.0,0,0,0
2,218,2180.074,2189.088,10,3.5352148819966844,6.389259933990921,0.21176300088304417,5.748311997715302,0.3792755500354122,1.5415057342054017,0.4621033579652226,0.5721801365282021,0.5350660154874146,0.5493722445804643,0.624981985908103,180.0,180.0,0.0,0.0,0.0,0.0,0.0,0.0,0.0,0.0,0.0,0.0,0.0,0.0,0.0,0.0,0.0,0.0,0.0,0.0,0.0,0,0,0.0,0,0,0,0,0.0,0,0,0
2,219,2190.088,2199.1,10,1.1109068617972437,3.8078668630473187,-0.2801545862283457,1.218936793531248,0.0679257023461234,0.5294642496855123,0.1683051771556982,0.11423303250469352,0.13788541490271133,0.7697871851780171,0.23239156559288032,180.0,180.0,0.0,0.0,0.0,0.0,0.0,0.0,0.0,0.0,0.0,0.0,0.0,0.0,0.0,0.0,0.0,0.0,0.0,0.0,0.0,0,0,0.0,0,0,0,0,0.0,0,0,0
2,220,2200.097,2209.108,10,0.0,0.0,0.0,0.0,0.0,0.0,0.0,0.0,0.0,0.9642230097959823,0.03826217094574915,180.0,180.0,0.0,0.0,0.0,0.0,0.0,0.0,0.0,0.0,0.0,0.0,0.0,0.0,0.0,0.0,0.0,0.0,0.0,0.0,0.0,0,0,0.0,0,0,0,0,0.0,0,0,0
2,221,2210.107,2219.125,10,2.8344241849596137,6.690095838043241,0.15080803207693796,5.66178493910993,0.2665921271222376,0.5929973650686114,0.2520303407535335,0.1450039545599556,0.15641475016245251,0.9718010719542161,0.15640174828357373,180.0,180.0,0.0,0.0,0.0,0.0,0.0,0.0,0.0,0.0,0.0,0.0,0.0,0.0,0.0,0.0,0.0,0.0,0.0,0.0,0.0,0,0,0.0,0,0,0,0,0.0,0,0,0
2,222,2220.134,2229.137,10,5.695503041557009,6.759518534347122,0.23586807796099443,3.414938512909623,0.42607094109296034,1.4516947747615494,0.4165890809332737,0.4005243074207727,0.38688364365114497,0.8874714208492455,0.4264563293610345,180.0,180.0,0.0,0.0,0.0,0.0,0.0,0.0,0.0,0.0,0.0,0.0,0.0,0.0,0.0,0.0,0.0,0.0,0.0,0.0,0.0,0,0,0.0,0,0,0,0,0.0,0,0,0
2,223,2230.141,2239.161,10,3.3388132021589483,6.693629443708626,-0.28350676309935446,1.9773280703978424,0.21091139372935155,0.8660747310309342,0.2797623792563793,0.26718482760086343,0.24679900297707097,0.8573837638082672,0.24991906975502234,180.0,180.0,0.0,0.0,0.0,0.0,0.0,0.0,0.0,0.0,0.0,0.0,0.0,0.0,0.0,0.0,0.0,0.0,0.0,0.0,0.0,0,0,0.0,0,0,0,0,0.0,0,0,0
2,224,2240.153,2249.166,10,3.2966350347315476,6.747103082331307,0.5672477180619573,4.638816429269607,0.5008068837917021,1.7072405505306298,0.5763266457502146,0.6515228696330744,0.5903834202815128,0.7712260016626725,0.48946884560144827,180.0,180.0,0.0,0.0,0.0,0.0,0.0,0.0,0.0,0.0,0.0,0.0,0.0,0.0,0.0,0.0,0.0,0.0,0.0,0.0,0.0,0,0,0.0,0,0,0,0,0.0,0,0,0
2,225,2250.169,2259.185,10,3.268729422676688,6.7584786378748625,-0.4175074936365393,1.7585086614229197,0.28897800041950544,0.724900579411999,0.26825186212371044,0.26007373963361113,0.2796913818954502,0.7349787129631269,0.40835433091910067,180.0,180.0,0.0,0.0,0.0,0.0,0.0,0.0,0.0,0.0,0.0,0.0,0.0,0.0,0.0,0.0,0.0,0.0,0.0,0.0,0.0,0,0,0.0,0,0,0,0,0.0,0,0,0
2,226,2260.187,2269.194,10,2.8039549687679863,6.776942804501941,0.43702411038291605,4.326658187888997,0.2665977382270409,0.6839329020566681,0.24785915636165795,0.315976053980687,0.24640545080916754,0.7683787978065673,0.2621001709879568,180.0,180.0,0.0,0.0,0.0,0.0,0.0,0.0,0.0,0.0,0.0,0.0,0.0,0.0,0.0,0.0,0.0,0.0,0.0,0.0,0.0,0,0,0.0,0,0,0,0,0.0,0,0,0
2,227,2270.195,2279.205,10,4.374014307943876,6.542002117761097,-0.07119260035381951,2.0384358466475843,0.3455797131255268,1.2939989864102757,0.42827409051930343,0.43640933163220375,0.3579234067897124,0.8110250312339258,0.33787959473001694,180.0,180.0,0.0,0.0,0.0,0.0,0.0,0.0,0.0,0.0,0.0,0.0,0.0,0.0,0.0,0.0,0.0,0.0,0.0,0.0,0.0,0,0,0.0,0,0,0,0,0.0,0,0,0
2,228,2280.208,2289.218,10,4.670911897245101,6.7797112690458095,0.07266138681815612,1.4830948956343784,0.26481711691198384,0.5218521423444176,0.14975093574145515,0.1422123335386784,0.17018223455549691,0.8866176776916026,0.28753832274548774,180.0,180.0,0.0,0.0,0.0,0.0,0.0,0.0,0.0,0.0,0.0,0.0,0.0,0.0,0.0,0.0,0.0,0.0,0.0,0.0,0.0,0,0,0.0,0,0,0,0,0.0,0,0,0
2,229,2290.22,2299.228,10,6.18662341358146,6.953896240229093,-0.26880183101991034,0.2959005769466309,0.2685942529406034,0.5475600489864775,0.19031649223943164,0.24375605561689717,0.17714951804692522,0.8458914195990266,0.16352281496526053,45.83725,31.5385,994.673,999.58,0.2,0.0,0.0,0.0,0.0,0.0,0.0,0.0,0.0,0.0,0.0,0.0,0.0,0.0,0.0,0.0,0.0,0,0,0.0,0,0,0,0,0.0,0,0,0
2,230,2300.233,2309.24,10,2.5910941427895575,4.104506437408164,-0.2644250710996511,2.273147586970618,0.6054247277683491,2.0933322166098285,0.7305916066372702,0.5637378102728718,0.4837946551804057,0.855974974693738,0.4254649003578469,86.354353,6.52543,979.6656,982.775,1.0,0.0,0.0,0.0,0.0,0.0,0.0,0.0,0.0,0.0,0.0,0.0,0.0,0.0,0.0,0.0,0.0,0,0,0.0,0,0,0,0,0.0,0,0,0
2,231,2310.238,2319.252,10,1.8974616012917203,5.733548156061697,-0.14204362072972052,3.2564348797089258,0.33794551348345825,1.5054564067237994,0.4957380974377363,0.4838792465537137,0.6161642550279749,0.678285282890731,0.7039113722368383,123.00528999999999,8.8438,973.5433999999999,978.446,1.0,0.0,0.0,0.0,0.0,0.0,0.0,0.0,0.0,0.0,0.0,0.0,0.0,0.0,0.0,0.0,0.0,0,0,0.0,0,0,0,0,0.0,0,0,0
2,232,2320.255,2329.259,10,0.12286087829075551,1.2286087829075552,0.12273814015060491,1.2273814015060491,0.07352346784925433,0.7352346784925433,0.23250161987780504,0.07352346784925433,0.03288069441049059,0.4587456130686814,0.1992831911065831,167.9697,129.909,974.8688,978.563,1.0,0.0,0.0,0.0,0.0,0.0,0.0,0.0,0.0,0.0,0.0,0.0,0.0,0.0,0.0,0.0,0.0,0,0,0.0,0,0,0,0,0.0,0,0,0
2,233,2330.263,2339.275,10,3.0271514266599273,5.346487940262488,0.25670175455489225,1.9623313854886053,0.8321069544581752,2.510915631728248,0.7632739523304577,0.9534245077135596,0.7111562810616947,0.43563414452025134,0.6874584991652807,75.72918,13.6534,971.6294,977.565,1.0,0.0,0.0,0.0,0.0,0.0,0.0,0.0,0.0,0.0,0.0,0.0,0.0,0.0,0.0,0.0,0.0,0,0,0.0,0,0,0,0,0.0,0,0,0
2,234,2340.27,2349.283,10,4.295995110144647,6.79516593559451,-0.013129062041049178,4.437724320916417,0.6178276173081533,2.5023911042374984,0.7710642717606074,0.7363724138601303,0.7159071157619221,0.4770989287172608,0.7483271138255461,102.743158,9.52658,944.0946,963.448,1.0,0.0,0.0,0.0,0.0,0.0,0.0,0.0,0.0,0.0,0.0,0.0,0.0,0.0,0.0,0.0,0.0,0,0,0.0,0,0,0,0,0.0,0,0,0
2,235,2350.287,2359.299,10,1.1308511828997356,3.0210012641049793,-0.18766958961672567,0.8286734013878397,0.7301038163430109,2.2265640118951233,0.8083316826067268,0.5561060058839012,0.6713805335860009,0.48750300140700775,0.7917456104973557,39.164473,3.72168,925.4672,927.121,1.0,0.4,0.0,0.4,0.0,0.0,3.005,0.0,0.0,0.4,0.0,3.005,0.0,0.0,0.0,0.0,0.0,0,0,0.0,1,1,0,1,0.16666666666666666,1,0,0
2,236,2360.294,2369.305,10,5.122243787872625,6.771655879574506,0.1730251272773549,2.54908621429829,0.5446031266915019,1.6871107861221721,0.588023720641697,0.379575033346917,0.5066145268756471,0.6117723491096247,0.7023327924910168,21.028529,2.90677,883.2182,920.629,1.0,0.1,0.0,0.1,0.0,0.0,0.0,0.0,0.0,0.1,0.0,0.0,0.0,0.0,0.0,0.0,0.0,0,0,0.0,0,1,0,1,0.16666666666666666,1,0,0
2,237,2370.308,2379.321,10,5.14779629078791,6.832834827942093,0.1236667530793198,2.174437963372082,0.4056083335334081,1.0261279840119601,0.39446620395497606,0.33584300892956986,0.3722167471095702,0.8447197735548544,0.36554736883339417,38.20097,10.247,839.1249,864.239,1.0,0.0,0.0,0.0,0.0,0.0,0.0,0.0,0.0,0.0,0.0,0.0,0.0,0.0,0.0,0.0,0.0,0,0,0.0,0,1,0,1,0.16666666666666666,1,0,0
2,238,2380.319,2389.339,10,5.386383748557361,6.9776793921163405,0.19709076552903768,2.3196019180701937,0.31812074932017864,0.969455857088408,0.3262224097939616,0.28263327552555134,0.29215261765914274,0.9236382963168269,0.34576673759386223,31.879327,9.82977,782.1679,811.518,1.0,0.0,0.0,0.0,0.0,0.0,0.0,0.0,0.0,0.0,0.0,0.0,0.0,0.0,0.0,0.0,0.0,0,0,0.0,0,1,0,1,0.16666666666666666,1,0,0
2,239,2390.336,2399.348,10,5.849180480692409,6.772913353203498,0.003916462233761858,1.7413298961168142,0.36284305377817383,0.7407186445882102,0.26662885488657034,0.33657958859268283,0.21380262661707433,0.9333541671051648,0.2681605788885642,37.919761,4.01142,723.5073,735.512,1.0,0.1,0.0,0.1,0.0,0.0,0.0,0.0,0.0,0.1,0.0,0.0,0.0,0.0,0.0,0.0,0.0,0,0,0.0,0,1,0,1,0.16666666666666666,1,0,0
2,240,2400.354,2409.361,10,6.040020937621941,7.006226898980986,-0.22698556220535057,1.4665678482535265,0.2318508111689777,1.012679094392016,0.36469696137266366,0.3044502174068653,0.3378706171095184,0.9390684748956257,0.33807616410515606,58.822976,1.73799,681.9246,698.804,1.0,0.2,0.0,0.2,0.0,0.0,1.001,0.0,0.0,0.2,0.0,1.001,0.0,0.0,0.0,0.0,0.0,0,0,0.0,0,1,0,1,0.16666666666666666,1,0,0
2,241,2410.36,2419.372,10,1.8796937245541698,5.4886884532651665,0.09476822941468163,2.9653393380815705,0.9449335372998716,2.171777354765121,0.7854188327722174,0.9315723983682813,0.6609663862146021,0.8931489151391077,0.5792476153089663,121.972756,8.53166,638.6479,646.946,1.0,0.0,0.0,0.0,0.0,0.0,0.0,0.0,0.0,0.0,0.0,0.0,0.0,0.0,0.0,0.0,0.0,0,0,0.0,0,1,0,1,0.16666666666666666,1,0,0
2,242,2420.375,2429.384,10,3.1058838584069,6.757311141455617,-0.3421414103695414,2.2212357393391264,0.9358765803967938,2.0872150033834247,0.7140671437879421,0.6786210905257803,0.7361452576734541,0.5435284190218022,0.7625003414075783,115.44492,19.6754,628.9783,635.003,1.0,0.0,0.0,0.0,0.0,0.0,0.0,0.0,0.0,0.0,0.0,0.0,0.0,0.0,0.0,0.0,0.0,0,0,0.0,0,0,0,0,0.0,0,0,0
2,243,2430.384,2439.398,10,3.4511143820734107,4.804606685949099,0.18611942428157305,2.3473173918329615,0.9816248108449616,2.888500354419658,0.8964593962887931,0.8984763209583118,0.7778228686229518,0.3607639012747098,0.8675325477171393,61.62898,22.4391,621.463,630.469,1.0,0.0,0.0,0.0,0.0,0.0,0.0,0.0,0.0,0.0,0.0,0.0,0.0,0.0,0.0,0.0,0.0,0,0,0.0,0,0,0,0,0.0,0,0,0
2,244,2440.399,2449.406,10,4.367310632214379,5.998235141035893,-0.30303918954855275,2.0881982983894583,0.2646524740736306,0.6089619576749244,0.1783715036861499,0.2927201312228972,0.3640989478284333,0.759318743515301,0.4798094370354131,45.569293,6.50234,590.6241,611.27,1.0,0.0,0.0,0.0,0.0,0.0,0.0,0.0,0.0,0.0,0.0,0.0,0.0,0.0,0.0,0.0,0.0,0,0,0.0,0,0,0,0,0.0,0,0,0
2,245,2450.406,2459.417,10,4.488853588248026,6.627871892920169,0.5045136893248625,2.181345898133054,0.4911307205224057,1.2690652752887641,0.439242172423362,0.4824872518051652,0.361328305249395,0.7842878919812409,0.3072929331720875,37.502271,7.57391,546.6461999999999,567.016,1.0,0.0,0.0,0.0,0.0,0.0,0.0,0.0,0.0,0.0,0.0,0.0,0.0,0.0,0.0,0.0,0.0,0,0,0.0,0,0,0,0,0.0,0,0,0
2,246,2460.421,2469.438,10,3.8825903708218674,6.661776369672587,-0.1455184045483414,3.3770922189313315,0.5593245193454947,1.4618692738458554,0.420647035569232,0.5686928034352441,0.40516940775359406,0.7491036140807784,0.40997098609174454,39.434474,7.72804,507.34400000000005,519.077,1.0,0.0,0.0,0.0,0.0,0.0,0.0,0.0,0.0,0.0,0.0,0.0,0.0,0.0,0.0,0.0,0.0,0,0,0.0,0,0,0,0,0.0,0,0,0
2,247,2470.431,2479.447,10,5.7117219426582935,6.800348714928729,0.23137264524508513,2.3577770646331384,0.33000927607303543,0.8949638670594446,0.29813083428638476,0.34107142488185566,0.36963465989480154,0.7722079144762668,0.41315496853079103,52.279839,6.94549,481.5353,492.376,1.0,0.0,0.0,0.0,0.0,0.0,0.0,0.0,0.0,0.0,0.0,0.0,0.0,0.0,0.0,0.0,0.0,0,0,0.0,0,0,0,0,0.0,0,0,0
2,248,2480.446,2489.459,10,5.945105856360773,6.948817586339578,0.021418641738482815,2.2166518599864253,0.37209021558852323,1.367920224624649,0.4198890082644068,0.42086919229430275,0.40089386801700366,0.7970591027039942,0.38296401658992957,64.26156499999999,7.25655,471.0065000000001,477.37,1.0,0.0,0.0,0.0,0.0,0.0,0.0,0.0,0.0,0.0,0.0,0.0,0.0,0.0,0.0,0.0,0.0,0,0,0.0,0,0,0,0,0.0,0,0,0
2,249,2490.463,2499.469,10,5.274487193368425,6.974509150216891,-0.27584106711055795,0.30644900824172455,0.5161763264298072,1.455076283706264,0.3898003269357863,0.42422796967720233,0.23912376385958733,0.9752648637547109,0.29856414258001635,97.98758000000001,42.4673,460.67029999999994,464.219,1.0,0.0,0.0,0.0,0.0,0.0,0.0,0.0,0.0,0.0,0.0,0.0,0.0,0.0,0.0,0.0,0.0,0,0,0.0,0,0,0,0,0.0,0,0,0
2,250,2500.469,2509.472,10,5.280277726468387,6.673989547883977,0.23300545438041861,2.3011423263556265,0.284755921335345,0.7968964867916754,0.26290138898419585,0.21458523929617246,0.3186710533394549,0.9534246977900194,0.4056618552585135,120.35583,88.8153,477.59760000000006,490.447,1.0,0.0,0.0,0.0,0.0,0.0,0.0,0.0,0.0,0.0,0.0,0.0,0.0,0.0,0.0,0.0,0.0,0,0,0.0,0,0,0,0,0.0,0,0,0
2,251,2510.481,2519.495,10,4.904358415795423,6.911969587915755,0.02822808622289801,2.274821252780823,0.4403935252949496,0.6917475025916257,0.2289442477867169,0.32065949712340386,0.2263239003807614,0.9498659962225192,0.21880552574450024,147.81543,97.7533,507.06139999999994,521.672,1.0,0.0,0.0,0.0,0.0,0.0,0.0,0.0,0.0,0.0,0.0,0.0,0.0,0.0,0.0,0.0,0.0,0,0,0.0,0,0,0,0,0.0,0,0,0
2,252,2520.498,2529.501,10,3.0806569684659246,6.581636737237994,-0.5853928732317549,2.052361562211427,0.9823733956990945,2.51805022490418,0.7697200437686964,0.7509911224295092,0.6368090717120165,0.9035942766654816,0.6191474933124211,113.44319,45.7229,529.4257,548.023,1.0,0.0,0.0,0.0,0.0,0.0,0.0,0.0,0.0,0.0,0.0,0.0,0.0,0.0,0.0,0.0,0.0,0,0,0.0,0,0,0,0,0.0,0,0,0
2,253,2530.503,2539.518,10,3.1942081700806084,5.623269226517058,0.474871431016853,2.878134634993459,1.0632685959549504,2.3066431775297955,0.6819677430157738,0.9366259440029896,0.5823329917630662,0.49455663682460643,0.6295712808589542,81.294177,7.12827,536.2831,547.764,1.0,0.0,0.0,0.0,0.0,0.0,0.0,0.0,0.0,0.0,0.0,0.0,0.0,0.0,0.0,0.0,0.0,0,0,0.0,0,0,0,0,0.0,0,0,0
2,254,2540.518,2549.528,10,4.501681865410932,6.7953086824778035,-0.5605509063736164,2.6358989334112013,0.466393335674714,1.1434496451106946,0.3523722649492032,0.43059421199450576,0.46555785491775703,0.38753435514598766,0.6122318413557684,110.20973,69.0254,525.4622,529.293,1.0,0.0,0.0,0.0,0.0,0.0,0.0,0.0,0.0,0.0,0.0,0.0,0.0,0.0,0.0,0.0,0.0,0,0,0.0,0,0,0,0,0.0,0,0,0
2,255,2550.532,2559.541,10,0.9328571847838937,3.2827491691989277,0.02859367868075661,2.2953592116930204,0.5654926949179471,1.6049477337976215,0.5799002800851346,0.53773972012224,0.5894524119303105,0.6573274682360482,0.5125984635343633,72.36112,42.8794,521.7194000000001,529.511,1.0,0.0,0.0,0.0,0.0,0.0,0.0,0.0,0.0,0.0,0.0,0.0,0.0,0.0,0.0,0.0,0.0,0,0,0.0,0,0,0,0,0.0,0,0,0
2,256,2560.548,2569.559,10,1.779632155229595,6.930372009129149,0.6608770578278801,3.9873713674149114,0.1628309732022474,0.7979226529717786,0.30838124789366994,0.11877237334672013,0.19886603514742016,0.5935778541511096,0.39546717287122635,68.22932,50.6582,482.1263,503.394,1.0,0.0,0.0,0.0,0.0,0.0,0.0,0.0,0.0,0.0,0.0,0.0,0.0,0.0,0.0,0.0,0.0,0,0,0.0,0,0,0,0,0.0,0,0,0
2,257,2570.559,2579.572,10,5.699744962880616,6.775519982099101,-0.03345618396193808,2.075458719436849,0.395795634370378,1.0767392303806833,0.3547023055784124,0.4742075295720351,0.3692673557551389,0.8513882744169384,0.35102098184439223,106.63354,73.4332,444.0969,457.765,1.0,0.0,0.0,0.0,0.0,0.0,0.0,0.0,0.0,0.0,0.0,0.0,0.0,0.0,0.0,0.0,0.0,0,0,0.0,0,0,0,0,0.0,0,0,0
2,258,2580.573,2589.587,10,3.8115510966770385,5.491654511885438,-0.27119470590200334,2.5288088499441295,0.4324165985645584,1.184549165912903,0.45297316388179,0.5190492227779584,0.3988709784002036,0.9092125518398225,0.39384764177985593,129.01627,71.3566,447.45230000000004,455.715,1.0,0.0,0.0,0.0,0.0,0.0,0.0,0.0,0.0,0.0,0.0,0.0,0.0,0.0,0.0,0.0,0.0,0,0,0.0,0,0,0,0,0.0,0,0,0
2,259,2590.578,2599.597,10,3.8882515395495525,6.943981517282259,-0.2817381993350857,2.563937968598353,0.6651628710262848,1.8383314090573457,0.5665161702928462,0.3773355790506722,0.4859215041667639,0.7487513448456905,0.5999768715982404,141.25832,91.1342,465.3316,472.078,1.0,0.0,0.0,0.0,0.0,0.0,0.0,0.0,0.0,0.0,0.0,0.0,0.0,0.0,0.0,0.0,0.0,0,0,0.0,0,0,0,0,0.0,0,0,0
2,260,2600.596,2609.605,10,1.7449906383468992,3.2351650596184514,0.21331646549023495,2.5032453881881604,0.7498470471656522,2.441212931443624,0.7490411338852158,0.7533018837901675,0.6737252508581522,0.5978919341824558,0.6655586552327973,110.40646999999998,38.9749,475.5478,479.203,1.0,0.0,0.0,0.0,0.0,0.0,0.0,0.0,0.0,0.0,0.0,0.0,0.0,0.0,0.0,0.0,0.0,0,0,0.0,0,0,0,0,0.0,0,0,0
2,261,2610.603,2619.617,10,3.838680435721482,6.3525907690110905,-0.07526890319382584,4.281378198693354,0.78690764979347,1.5091224172874438,0.44960356449819444,0.5430725933068956,0.4351939170156426,0.23087862929653963,0.5276597152891761,75.09303,33.2895,459.8669,466.965,1.0,0.0,0.0,0.0,0.0,0.0,0.0,0.0,0.0,0.0,0.0,0.0,0.0,0.0,0.0,0.0,0.0,0,0,0.0,0,0,0,0,0.0,0,0,0
2,262,2620.614,2629.622,10,1.2451865988272923,4.097015003101856,-0.250138725177268,1.4436322567687656,0.23107986061982738,0.9288227851812906,0.3415990360413736,0.2705853536666578,0.3128652793515484,0.3900079993759466,0.38466232598890016,147.80315000000002,97.6204,453.5568999999999,456.898,1.0,0.0,0.0,0.0,0.0,0.0,0.0,0.0,0.0,0.0,0.0,0.0,0.0,0.0,0.0,0.0,0.0,0,0,0.0,0,0,0,0,0.0,0,0,0
2,263,2630.627,2639.633,10,3.335511764849323,4.178148742752211,0.33557182641440214,4.031328106184581,0.3952472102608561,0.9058810136706624,0.2548658058778619,0.32211959375430654,0.26240708642545074,0.472597672836555,0.30507647755886,157.88690000000003,119.162,449.3361,459.655,1.0,0.0,0.0,0.0,0.0,0.0,0.0,0.0,0.0,0.0,0.0,0.0,0.0,0.0,0.0,0.0,0.0,0,0,0.0,0,0,0,0,0.0,0,0,0
2,264,2640.633,2649.647,10,2.49319743107942,4.549640238688279,0.000597429472624511,2.3544705095500946,0.3513704262836814,1.3903429888250813,0.4701154817782341,0.3273065493781312,0.343849244731611,0.7221128105975845,0.3097504373605928,116.96342999999999,69.1213,461.13190000000003,466.274,1.0,0.0,0.0,0.0,0.0,0.0,0.0,0.0,0.0,0.0,0.0,0.0,0.0,0.0,0.0,0.0,0.0,0,0,0.0,0,0,0,0,0.0,0,0,0
2,265,2650.654,2659.655,10,0.3170909170449724,2.727011033614883,-0.35160493750445887,2.2808320647153266,0.22328015159281156,1.2984569841345603,0.47847558660433315,0.25760236531146985,0.34774557672113876,0.8090936756451047,0.528678862682468,135.7135,131.195,467.5491,468.073,1.0,0.0,0.0,0.0,0.0,0.0,0.0,0.0,0.0,0.0,0.0,0.0,0.0,0.0,0.0,0.0,0.0,0,0,0.0,0,0,0,0,0.0,0,0,0
2,266,2660.658,2669.67,10,0.018774091805070694,0.18774091805070695,0.018680688363254424,0.18680688363254425,0.026362820892151563,0.2636282089215156,0.0833665595662711,0.026362820892151563,0.011789811918700509,0.9400089743775277,0.03788322435453945,128.4468,114.108,461.799,468.235,1.0,0.0,0.0,0.0,0.0,0.0,0.0,0.0,0.0,0.0,0.0,0.0,0.0,0.0,0.0,0.0,0.0,0,0,0.0,0,0,0,0,0.0,0,0,0
2,267,2670.669,2679.681,10,1.681271940352137,3.088700471320215,0.29042088808959654,1.8031747220375427,0.904563947477491,1.89042475385563,0.6176253728062048,0.6940397169241145,0.5752353110391745,0.6426665170067448,0.5269245383574457,91.722619,4.92919,457.2354,459.487,1.0,0.1,0.0,0.1,0.0,0.0,0.0,0.0,0.0,0.1,0.0,0.0,0.0,0.0,0.0,0.0,0.0,0,0,0.0,0,0,0,0,0.0,0,0,0
2,268,2680.68,2689.691,10,1.5775557900304846,3.974652729448006,-0.21198102661898136,3.5507933227770097,1.0809221276660188,1.7860089295179937,0.6399286012788544,0.8587630347708991,0.6688654770389271,0.31608954519712756,0.6476892580002409,91.60289,23.5532,455.19489999999996,460.984,1.0,0.0,0.0,0.0,0.0,0.0,0.0,0.0,0.0,0.0,0.0,0.0,0.0,0.0,0.0,0.0,0.0,0,0,0.0,0,0,0,0,0.0,0,0,0
2,269,2690.691,2699.702,10,1.231254393700501,3.071037404461031,-0.09539597854553745,2.1123440371891293,0.512557240386154,1.731469177820357,0.6478533680424723,0.8760789542858042,0.6491094641394122,0.41407218273171953,0.6759777189577049,124.28223,59.3097,409.7868,435.653,1.0,0.0,0.0,0.0,0.0,0.0,0.0,0.0,0.0,0.0,0.0,0.0,0.0,0.0,0.0,0.0,0.0,0,0,0.0,0,0,0,0,0.0,0,0,0
2,270,2700.704,2709.712,10,2.0365866613404995,3.8962776876218745,0.22072097957555906,2.3791972028871125,0.9712004827882174,2.3208917150760073,0.7805505945397808,0.6084613493995532,0.6848519573057097,0.3075908170001365,0.6912464013591729,66.02584,11.6255,400.10929999999996,401.876,1.0,0.0,0.0,0.0,0.0,0.0,0.0,0.0,0.0,0.0,0.0,0.0,0.0,0.0,0.0,0.0,0.0,0,0,0.0,0,0,0,0,0.0,0,0,0
2,271,2710.716,2719.723,10,1.7881011084515692,3.550706901718538,0.11671084944756768,2.495426280956203,0.6912360405271192,2.0067761071126133,0.6157166003538695,0.4629571975433044,0.5100539250661565,0.4513295941631504,0.6516208565188611,105.37518,43.4683,396.2872,402.063,1.0,0.0,0.0,0.0,0.0,0.0,0.0,0.0,0.0,0.0,0.0,0.0,0.0,0.0,0.0,0.0,0.0,0,0,0.0,0,0,0,0,0.0,0,0,0
2,272,2720.726,2729.739,10,1.9114732141000992,3.4516819268705703,-0.04559446500934028,2.3597634724225087,1.1128174407555815,2.79483439497497,0.9437810692276793,0.8473537493791067,0.7212058840062725,0.1924324229269206,0.8228821453313859,96.5418656,0.661456,399.9962,404.683,1.0,0.1,0.0,0.1,0.0,0.0,0.0,0.0,0.0,0.1,0.0,0.0,0.0,0.0,0.0,0.0,0.0,0,0,0.0,0,0,0,0,0.0,0,0,0
2,273,2730.741,2739.748,10,1.5952247409423577,3.9093311908759927,-0.2844965023263057,2.862410142671696,0.7375221454382263,2.24654129799301,0.8292116340718484,0.8103689905869155,0.9481209268730408,0.24402733071741464,0.9176535903001606,94.16672200000001,5.05478,404.4154,409.451,1.0,0.0,0.0,0.0,0.0,0.0,0.0,0.0,0.0,0.0,0.0,0.0,0.0,0.0,0.0,0.0,0.0,0,0,0.0,0,0,0,0,0.0,0,0,0
2,274,2740.752,2749.761,10,1.582295720530787,3.046240503719452,0.2977391095151388,3.052345194107667,0.5771943715222132,1.9206520961170463,0.6308544375604734,0.6131109153011229,0.6313508622758944,0.3086673312685387,0.6867529246708818,51.18457,12.1173,406.4814,410.458,1.0,0.0,0.0,0.0,0.0,0.0,0.0,0.0,0.0,0.0,0.0,0.0,0.0,0.0,0.0,0.0,0.0,0,0,0.0,0,0,0,0,0.0,0,0,0
2,275,2750.761,2759.774,10,2.724508217895969,4.959876626684137,-0.09917493191853453,2.188890441513162,0.9147520518285199,2.7207311599181567,0.8449163705103779,0.7633662636972097,0.8117576986269477,0.23345389010114043,0.8686732196706339,57.14164100000001,5.0703,397.6391,408.167,1.0,0.0,0.0,0.0,0.0,0.0,0.0,0.0,0.0,0.0,0.0,0.0,0.0,0.0,0.0,0.0,0.0,0,0,0.0,0,0,0,0,0.0,0,0,0
2,276,2760.772,2769.789,10,2.2791118671601134,4.289566688416071,0.16461351038069116,2.716089956837578,1.1123967472929472,2.278776917658368,0.7791717370024785,0.9184419285298369,0.7742324812108815,0.21279173833498816,0.7577756691416598,103.65825,21.7578,397.305,402.25,1.0,0.0,0.0,0.0,0.0,0.0,0.0,0.0,0.0,0.0,0.0,0.0,0.0,0.0,0.0,0.0,0.0,0,0,0.0,0,0,0,0,0.0,0,0,0
2,277,2770.786,2779.815,10,3.0537549239595525,4.996807359703523,0.12451650460724384,2.6821173553668496,0.6915782185148484,2.6992838815220668,0.889363554258086,1.156577675526244,0.9152375837370379,0.18533511993772575,0.8119336688531952,87.651871,8.78241,402.2514,406.044,1.0,0.0,0.0,0.0,0.0,0.0,0.0,0.0,0.0,0.0,0.0,0.0,0.0,0.0,0.0,0.0,0.0,0,0,0.0,0,0,0,0,0.0,0,0,0
2,278,2780.812,2789.824,10,0.6219911569071205,4.717357533773562,-0.4993339738402135,0.3503241209469108,0.40885177572020226,2.841766069176228,0.9225451334108487,0.5497804063443466,0.6599976213297041,0.15179660588544788,1.0282935724761262,140.1266,134.107,391.152,395.728,1.0,0.0,0.0,0.0,0.0,0.0,0.0,0.0,0.0,0.0,0.0,0.0,0.0,0.0,0.0,0.0,0.0,0,0,0.0,0,0,0,0,0.0,0,0,0
2,279,2790.822,2799.833,10,1.219042898849986,3.7163588129687755,-0.0002272654038638633,2.1475365604795527,0.7571146318338265,2.274156256318793,0.8966983587034878,0.45483125126375856,0.5081865884585317,0.24337123856721546,0.5235315212896121,124.98015000000001,60.312,407.7144,413.246,1.0,0.0,0.0,0.0,0.0,0.0,0.0,0.0,0.0,0.0,0.0,0.0,0.0,0.0,0.0,0.0,0.0,0,0,0.0,0,0,0,0,0.0,0,0,0
2,280,2800.838,2809.843,10,0.49032165508301323,2.2750040741463615,0.0011741251281115917,2.092502448516505,0.20850866703426557,0.7683850965680099,0.2825450654174281,0.24678257958171454,0.3432742728430818,0.2905361120621372,0.6242342032149326,105.26814999999999,84.6238,416.4839,417.409,1.0,0.0,0.0,0.0,0.0,0.0,0.0,0.0,0.0,0.0,0.0,0.0,0.0,0.0,0.0,0.0,0.0,0,0,0.0,0,0,0,0,0.0,0,0,0
2,281,2810.849,2819.853,10,0.0,0.0,0.0,0.0,0.0,0.0,0.0,0.0,0.04546338205654703,0.30315198367238644,0.12996657162279313,136.1628,135.925,416.921,417.487,1.0,0.0,0.0,0.0,0.0,0.0,0.0,0.0,0.0,0.0,0.0,0.0,0.0,0.0,0.0,0.0,0.0,0,0,0.0,0,0,0,0,0.0,0,0,0
2,282,2820.855,2829.866,10,0.0,0.0,0.0,0.0,0.0,0.0,0.0,0.0,0.0,0.26212607990166437,0.0,136.57049999999998,135.991,408.1498,417.572,1.0,0.0,0.0,0.0,0.0,0.0,0.0,0.0,0.0,0.0,0.0,0.0,0.0,0.0,0.0,0.0,0.0,0,0,0.0,0,0,0,0,0.0,0,0,0
2,283,2830.861,2839.875,10,0.0,0.0,0.0,0.0,0.0,0.0,0.0,0.0,0.0,0.0,0.0,138.19,137.143,396.3504,410.238,1.0,0.0,0.0,0.0,0.0,0.0,0.0,0.0,0.0,0.0,0.0,0.0,0.0,0.0,0.0,0.0,0.0,0,0,0.0,0,0,0,0,0.0,0,0,0
2,284,2840.878,2849.886,10,0.0,0.0,0.0,0.0,0.0,0.0,0.0,0.0,0.0,0.0,0.0,137.06,135.691,410.0194,412.762,1.0,0.0,0.0,0.0,0.0,0.0,0.0,0.0,0.0,0.0,0.0,0.0,0.0,0.0,0.0,0.0,0.0,0,0,0.0,0,0,0,0,0.0,0,0,0
2,285,2850.888,2859.901,10,0.4180642700687883,3.6405401871769185,0.3642020487192569,3.094249175315323,0.18041703910680534,1.221206281715706,0.40902171299254614,0.12212062817157061,0.08038912532732032,0.18689814729422358,0.05933711509610347,135.1115,100.868,389.8605,402.795,1.0,0.0,0.0,0.0,0.0,0.0,0.0,0.0,0.0,0.0,0.0,0.0,0.0,0.0,0.0,0.0,0.0,0,0,0.0,0,0,0,0,0.0,0,0,0
2,286,2860.905,2869.911,10,3.674312304838879,6.786827123251242,0.1390203303006578,3.4823150264106313,0.27392898016928197,0.984124354598279,0.32753080603276763,0.2859283259410642,0.322741086143408,0.8295902994520719,0.43322433052550835,153.6068,131.793,387.45189999999997,402.092,1.0,0.0,0.0,0.0,0.0,0.0,0.0,0.0,0.0,0.0,0.0,0.0,0.0,0.0,0.0,0.0,0.0,0,0,0.0,0,0,0,0,0.0,0,0,0
2,287,2870.912,2879.926,10,1.8057087123493036,3.897019747002386,-0.49209183643345666,3.4534946402902946,0.25184429793410884,1.2922404882106637,0.39961411283953285,0.34756482973777714,0.3443727357929027,0.8244141063813165,0.295421074539598,135.8741,116.341,398.0671,403.318,1.0,0.0,0.0,0.0,0.0,0.0,0.0,0.0,0.0,0.0,0.0,0.0,0.0,0.0,0.0,0.0,0.0,0,0,0.0,0,0,0,0,0.0,0,0,0
2,288,2880.922,2889.934,10,4.270495054498115,6.727311113980733,0.6070618814658106,3.288887450552818,0.5032873666231886,1.3795433003543682,0.5489786091706802,0.3221218300326785,0.3644902738906104,0.7340046156912902,0.41741209045667677,145.1244,115.89,399.44989999999996,414.881,1.0,0.0,0.0,0.0,0.0,0.0,0.0,0.0,0.0,0.0,0.0,0.0,0.0,0.0,0.0,0.0,0.0,0,0,0.0,0,0,0,0,0.0,0,0,0
2,289,2890.934,2899.95,10,5.340969277458223,6.798626767056208,-0.25561281121494706,0.7069521190597936,0.5066830489731611,1.2680298518136084,0.45607749713278234,0.6048193672935456,0.44990647814657514,0.7985885909845312,0.5095437482099672,147.46732,89.2912,445.1188,469.182,1.0,0.0,0.0,0.0,0.0,0.0,0.0,0.0,0.0,0.0,0.0,0.0,0.0,0.0,0.0,0.0,0.0,0,0,0.0,0,0,0,0,0.0,0,0,0
2,290,2900.966,2909.954,10,0.6854659415008563,3.9171606525923326,-0.3558007152266399,0.38096973302177933,0.1717091552421441,1.6692067487897344,0.5263821777286701,0.45106739657367567,0.43782290497753323,0.7875522851338645,0.5818147520727415,169.39346,86.2956,475.51149999999996,480.444,1.0,0.0,0.0,0.0,0.0,0.0,0.0,0.0,0.0,0.0,0.0,0.0,0.0,0.0,0.0,0.0,0.0,0,0,0.0,0,0,0,0,0.0,0,0,0
2,291,2910.958,2919.981,10,0.0,0.0,0.0,0.0,1.4861517716439243e-08,1.4961005214706483e-08,8.881597380800134e-11,1.0481717887042257e-10,8.113985610207074e-11,0.624608837187962,0.052784951718882825,175.5326,174.25,473.937,479.083,1.0,0.0,0.0,0.0,0.0,0.0,0.0,0.0,0.0,0.0,0.0,0.0,0.0,0.0,0.0,0.0,0.0,0,0,0.0,0,0,0,0,0.0,0,0,0
2,292,2920.987,2929.994,10,3.8048082136130823,6.946863479082322,0.3090051987908727,3.3461147439042263,0.6340951956923877,1.5310002425571967,0.5257950805117206,0.5620822764203597,0.46226078438540047,0.8818976253548396,0.42238323495697483,146.72,112.483,498.2503,517.698,1.0,0.0,0.0,0.0,0.0,0.0,0.0,0.0,0.0,0.0,0.0,0.0,0.0,0.0,0.0,0.0,0.0,0,0,0.0,0,0,0,0,0.0,0,0,0
2,293,2930.993,2939.005,9,4.200765845048285,6.636907322910506,-0.05942560983029842,2.967127537851312,0.7241974140313597,1.2207527730235408,0.40939303949359823,0.3457405290456717,0.40779614081770227,0.7945162360004399,0.4467453799087151,109.41174444444444,33.3162,531.579111111111,541.708,1.0,0.0,0.0,0.0,0.0,0.0,0.0,0.0,0.0,0.0,0.0,0.0,0.0,0.0,0.0,0.0,0.0,0,0,0.0,0,0,0,0,0.0,0,0,0
2,294,2940.005,2949.016,10,2.566531151872586,6.772683261758524,-0.26287282242019516,4.156280075985822,0.248728618298565,1.0930080902840096,0.3462270545564094,0.36151037630197597,0.3419461136930925,0.7620458956855223,0.38821749261192884,95.73528,36.0314,553.1594,561.816,1.0,0.0,0.0,0.0,0.0,0.0,0.0,0.0,0.0,0.0,0.0,0.0,0.0,0.0,0.0,0.0,0.0,0,0,0.0,0,0,0,0,0.0,0,0,0
2,295,2950.021,2959.03,10,0.2777900455372689,2.7779004553726887,0.0011133903029258096,2.7862592330719043,0.16301013811868045,1.2060501084294497,0.38996485520779195,0.24121002168588995,0.2821539046697644,0.7562541432115458,0.3946879854675446,4.828113,1.97278,543.3195,556.854,1.0,0.9,0.0,0.9,0.0,0.0,8.011999999999999,0.0,0.0,0.9,0.0,8.011999999999999,0.0,0.0,0.0,0.0,0.0,0,0,0.0,1,1,0,1,0.16666666666666666,1,0,0
2,296,2960.029,2969.036,10,0.0,0.0,0.0,0.0,0.0,0.0,0.0,0.0,0.0,0.7923145297736104,0.013409678666065425,6.4948570000000005,4.50493,528.03,534.366,1.0,0.1,0.0,0.1,0.0,0.0,9.011,0.0,0.0,0.1,0.0,9.011,0.0,0.0,0.0,0.0,0.0,0,0,0.0,0,1,0,1,0.16666666666666666,1,0,0
2,297,2970.037,2979.054,10,0.0,0.0,0.0,0.0,0.0,0.0,0.0,0.0,0.0,0.09999999996805946,0.0,6.7868129999999995,6.38282,515.3319,530.152,1.0,0.0,0.0,0.0,0.0,0.0,0.0,0.0,0.0,0.0,0.0,0.0,0.0,0.0,0.0,0.0,0.0,0,0,0.0,0,1,0,1,0.16666666666666666,1,0,0
2,298,2980.051,2989.063,10,0.0,0.0,0.0,0.0,0.0,0.0,0.0,0.0,0.0,0.0,0.0,6.857963000000001,6.67738,497.29799999999994,499.064,1.0,0.0,0.0,0.0,0.0,0.0,0.0,0.0,0.0,0.0,0.0,0.0,0.0,0.0,0.0,0.0,0.0,0,0,0.0,0,1,0,1,0.16666666666666666,1,0,0
2,299,2990.063,2999.081,10,0.0,0.0,0.0,0.0,0.0,0.0,0.0,0.0,0.0,0.0,0.0,6.343026,6.11462,496.47920000000005,497.192,1.0,0.0,0.0,0.0,0.0,0.0,0.0,0.0,0.0,0.0,0.0,0.0,0.0,0.0,0.0,0.0,0.0,0,0,0.0,0,1,0,1,0.16666666666666666,1,0,0
2,300,3000.083,3009.101,10,0.110006836450755,1.0640488712463931,8.095808871117424e-05,1.0640488712463931,0.04822282412269688,0.4822282412269688,0.15249395943343316,0.09644564824539376,0.10782951280536687,0.7998468060984487,0.12199516754674652,18.810093000000002,6.29373,494.6226,500.109,1.0,0.0,0.0,0.0,0.0,0.0,0.0,0.0,0.0,0.0,0.0,0.0,0.0,0.0,0.0,0.0,0.0,0,0,0.0,0,1,0,1,0.16666666666666666,1,0,0
2,301,3010.099,3019.111,10,0.0,0.0,0.0,0.0,0.0,0.0,0.0,0.0,0.0,0.9997811515944477,0.03049879188668663,21.76322,21.7063,495.9008,499.67,1.0,0.0,0.0,0.0,0.0,0.0,0.0,0.0,0.0,0.0,0.0,0.0,0.0,0.0,0.0,0.0,0.0,0,0,0.0,0,1,0,1,0.16666666666666666,1,0,0
2,302,3020.11,3029.117,10,0.0,0.0,0.0,0.0,0.0,0.0,0.0,0.0,0.0,0.19995623031888954,0.0,21.9668,21.7983,499.7544,503.813,1.0,0.0,0.0,0.0,0.0,0.0,0.0,0.0,0.0,0.0,0.0,0.0,0.0,0.0,0.0,0.0,0.0,0,0,0.0,0,0,0,0,0.0,0,0,0
2,303,3030.123,3039.127,10,0.0,0.0,0.0,0.0,0.0,0.0,0.0,0.0,0.0,0.0,0.0,22.34713,22.0342,509.07939999999996,512.284,1.0,0.0,0.0,0.0,0.0,0.0,0.0,0.0,0.0,0.0,0.0,0.0,0.0,0.0,0.0,0.0,0.0,0,0,0.0,0,0,0,0,0.0,0,0,0
2,304,3040.128,3049.142,10,1.072390585899312,3.8660545533198576,0.08776217017493489,2.39165915944871,0.3464621452775203,2.5853558838726762,0.8101862229248595,0.5050989528252494,0.44638880091880695,0.3108979883640554,0.3264030015097661,52.326409999999996,22.5634,512.1934,513.159,1.0,0.0,0.0,0.0,0.0,0.0,0.0,0.0,0.0,0.0,0.0,0.0,0.0,0.0,0.0,0.0,0.0,0,0,0.0,0,0,0,0,0.0,0,0,0
2,305,3050.142,3059.154,10,6.282318629546536,6.7916055480020585,0.5906600777781099,2.962941791604071,0.40186788463492357,1.5733634351987362,0.5346252565537725,0.5713913805374524,0.6109946459989628,0.7380155400281555,0.710875890728103,139.6311,107.912,539.2514,555.324,1.0,0.0,0.0,0.0,0.0,0.0,0.0,0.0,0.0,0.0,0.0,0.0,0.0,0.0,0.0,0.0,0.0,0,0,0.0,0,0,0,0,0.0,0,0,0
2,306,3060.153,3069.16,10,5.185219106110491,6.767317402346483,-0.2740089764707845,0.28061775877515327,0.3562196220218058,1.708575531374212,0.5395445023007595,0.5156897467384105,0.31028478830067313,0.6166476792288141,0.41984815227738925,102.70830000000001,52.647,567.3984,579.829,1.0,0.0,0.0,0.0,0.0,0.0,0.0,0.0,0.0,0.0,0.0,0.0,0.0,0.0,0.0,0.0,0.0,0,0,0.0,0,0,0,0,0.0,0,0,0
2,307,3070.163,3079.176,10,3.846070065553357,6.101815410616843,-0.09703464832644511,1.9418711251546217,0.7067178048992293,1.7504360655911455,0.6074639519130884,0.5661454413504204,0.6095444061912559,0.793047887319261,0.6012580824616685,126.46819,83.9492,602.3688,611.641,1.0,0.0,0.0,0.0,0.0,0.0,0.0,0.0,0.0,0.0,0.0,0.0,0.0,0.0,0.0,0.0,0.0,0,0,0.0,0,0,0,0,0.0,0,0,0
2,308,3080.187,3089.195,10,5.281467481897836,6.8240490774971905,0.3706447109977994,1.7768709865500778,0.11689067771168535,0.3929729969677642,0.16391576716057812,0.14189133195090858,0.31379102120076413,0.6168089918912476,0.5305281526898404,71.20333000000001,41.2521,603.203,608.569,1.0,0.0,0.0,0.0,0.0,0.0,0.0,0.0,0.0,0.0,0.0,0.0,0.0,0.0,0.0,0.0,0.0,0,0,0.0,0,0,0,0,0.0,0,0,0
2,309,3090.196,3099.206,10,4.357471511515945,6.767345806480991,-0.43688482953871777,1.919325417804544,0.11539107484489533,0.48869147947094627,0.1608611092554755,0.1434098991873173,0.15474053203252558,0.7880634029838156,0.17231772327954317,42.7654,27.0826,588.6952,597.406,1.0,0.0,0.0,0.0,0.0,0.0,0.0,0.0,0.0,0.0,0.0,0.0,0.0,0.0,0.0,0.0,0.0,0,0,0.0,0,0,0,0,0.0,0,0,0
2,310,3100.206,3109.237,10,2.2442631837834943,5.837439507215343,-0.2021626513420749,4.24072461281684,0.6907387618461394,1.5165961248764448,0.6446504585444841,0.44853170001689885,0.4700445586503628,0.6594000186090045,0.43063161374706704,100.55467,19.2628,587.9344,594.858,1.0,0.0,0.0,0.0,0.0,0.0,0.0,0.0,0.0,0.0,0.0,0.0,0.0,0.0,0.0,0.0,0.0,0,0,0.0,0,0,0,0,0.0,0,0,0
2,311,3110.224,3119.232,10,2.38754462086108,4.022838886190667,0.12106640388539777,2.419774529769492,0.3856224113333665,1.182737969516251,0.46776107721646365,0.46573998953283047,0.5757925236878789,0.29511023446079226,0.5947928203969057,21.728431,3.65581,588.6743,593.55,1.0,0.1,0.0,0.1,0.0,0.0,0.0,0.0,0.0,0.1,0.0,0.0,0.0,0.0,0.0,0.0,0.0,0,0,0.0,0,0,0,0,0.0,0,0,0
2,312,3120.23,3129.238,10,1.3579053336825802,2.640164588623437,-0.14991460544625895,1.4848466926256143,0.40365309691549217,1.6058838792716303,0.49009088705746273,0.5259159260487818,0.411894306237864,0.38311749772798676,0.5000720979599655,80.41614799999999,5.64038,590.6598,592.511,1.0,0.0,0.0,0.0,0.0,0.0,0.0,0.0,0.0,0.0,0.0,0.0,0.0,0.0,0.0,0.0,0.0,0,0,0.0,0,0,0,0,0.0,0,0,0
2,313,3130.243,3139.392,10,4.542455277256978,6.743254905499345,0.6253634315936902,3.2210380296181973,0.37542164148358836,1.323150469779014,0.44795173210110484,0.492221300833606,0.4731303702657523,0.3289654528939691,0.42839157012025153,34.720845000000004,4.27901,585.2742000000001,591.41,1.0,0.2,0.0,0.2,0.0,0.0,0.0,0.0,0.0,0.2,0.0,0.0,0.0,0.0,0.0,0.0,0.0,0,0,0.0,0,0,0,0,0.0,0,0,0
2,314,3140.388,3149.399,10,3.496393334599967,6.50041706926248,-0.431100776735495,0.9149810739017106,0.20292582751311422,0.7680334891817906,0.28786612901802255,0.1763842925934666,0.2146884166907539,0.6732885107122553,0.3344561544813051,25.21573,15.587,573.137,587.275,1.0,0.0,0.0,0.0,0.0,0.0,0.0,0.0,0.0,0.0,0.0,0.0,0.0,0.0,0.0,0.0,0.0,0,0,0.0,0,0,0,0,0.0,0,0,0
2,315,3150.432,3159.439,10,1.0122491621641463,3.7325299714808975,-0.10631500424819737,1.4361133815014684,0.13271100709266673,0.7908507551343394,0.23825628034109927,0.18577724253799793,0.19883874510667393,0.8017764335170161,0.26684271858958397,22.58192,17.8295,555.8117,559.808,1.0,0.0,0.0,0.0,0.0,0.0,0.0,0.0,0.0,0.0,0.0,0.0,0.0,0.0,0.0,0.0,0.0,0,0,0.0,0,0,0,0,0.0,0,0,0
2,316,3160.443,3169.453,10,4.024149920810663,4.14557058098718,0.29696562257573467,3.069051284208068,0.20611373908254538,0.5232118352915403,0.1694459085056846,0.21302553049292633,0.21297905966670191,0.9182344851539321,0.24089693852577074,41.873253999999996,6.80504,534.1677,549.928,1.0,0.0,0.0,0.0,0.0,0.0,0.0,0.0,0.0,0.0,0.0,0.0,0.0,0.0,0.0,0.0,0.0,0,0,0.0,0,0,0,0,0.0,0,0,0
2,317,3170.448,3179.465,10,4.706301569745483,6.529584354052173,0.1196795980019989,1.3394725252361561,0.28518592302577506,0.6667126170876335,0.21950740500014512,0.26695920353047675,0.1803935292766084,0.917689570300085,0.186187582707623,58.04542,40.9287,504.49890000000005,517.393,1.0,0.0,0.0,0.0,0.0,0.0,0.0,0.0,0.0,0.0,0.0,0.0,0.0,0.0,0.0,0.0,0.0,0,0,0.0,0,0,0,0,0.0,0,0,0
2,318,3180.466,3189.476,10,4.3884034881920195,6.672826559110376,0.15192619888021658,2.8114536353900212,0.21752148190185286,0.4916895299024618,0.18795450699345465,0.2497457640290325,0.19497172935136464,0.9178136261041242,0.20403701397360266,36.045395,5.02235,682.1317,997.478,1.0,0.0,0.0,0.0,0.0,0.0,0.0,0.0,0.0,0.0,0.0,0.0,0.0,0.0,0.0,0.0,0.0,0,0,0.0,0,0,0,0,0.0,0,0,0
2,319,3190.468,3199.477,10,1.3236316446646925,5.0629532274480615,-0.6700459320785306,1.3894484295380434,0.29946815062957227,1.8487990976191828,0.5784690288704761,0.40601484754999556,0.4554059618818762,0.8490181434689076,0.4464583454578217,35.272214000000005,3.09326,886.4599000000001,958.524,1.0,0.2,0.0,0.2,0.0,0.0,1.002,0.0,0.0,0.2,0.0,1.002,0.0,0.0,0.0,0.0,0.0,0,0,0.0,0,0,0,0,0.0,0,0,0
2,320,3200.48,3209.49,10,0.0,0.0,0.0,0.0,0.0,0.0,0.0,0.0,0.0,0.8589153856729531,0.19146175630263734,48.83092,48.7428,894.3540999999999,912.337,1.0,0.0,0.0,0.0,0.0,0.0,0.0,0.0,0.0,0.0,0.0,0.0,0.0,0.0,0.0,0.0,0.0,0,0,0.0,0,0,0,0,0.0,0,0,0
2,321,3210.488,3219.498,10,0.0,0.0,0.0,0.0,0.0,0.0,0.0,0.0,0.0,0.2719413634310974,0.0,48.90342,48.8985,871.2582,872.874,1.0,0.0,0.0,0.0,0.0,0.0,0.0,0.0,0.0,0.0,0.0,0.0,0.0,0.0,0.0,0.0,0.0,0,0,0.0,0,0,0,0,0.0,0,0,0
2,322,3220.497,3229.509,10,0.0,0.0,0.0,0.0,0.0,0.0,0.0,0.0,0.0,0.0,0.0,48.903980000000004,48.9036,871.0777,871.087,1.0,0.0,0.0,0.0,0.0,0.0,0.0,0.0,0.0,0.0,0.0,0.0,0.0,0.0,0.0,0.0,0.0,0,0,0.0,0,0,0,0,0.0,0,0,0
2,323,3230.51,3239.524,10,0.0,0.0,0.0,0.0,0.0,0.0,0.0,0.0,0.0,0.0,0.0,48.90408,48.9037,871.0768,871.083,1.0,0.0,0.0,0.0,0.0,0.0,0.0,0.0,0.0,0.0,0.0,0.0,0.0,0.0,0.0,0.0,0.0,0,0,0.0,0,0,0,0,0.0,0,0,0
2,324,3240.524,3249.534,10,0.0,0.0,0.0,0.0,0.0,0.0,0.0,0.0,0.0,0.0,0.0,48.90396,48.9036,871.0779,871.088,1.0,0.0,0.0,0.0,0.0,0.0,0.0,0.0,0.0,0.0,0.0,0.0,0.0,0.0,0.0,0.0,0.0,0,0,0.0,0,0,0,0,0.0,0,0,0
2,325,3250.538,3259.545,10,0.0,0.0,0.0,0.0,0.0,0.0,0.0,0.0,0.0,0.0,0.0,48.92711,48.9038,863.7837999999999,871.081,1.0,0.0,0.0,0.0,0.0,0.0,0.0,0.0,0.0,0.0,0.0,0.0,0.0,0.0,0.0,0.0,0.0,0,0,0.0,0,0,0,0,0.0,0,0,0
2,326,3260.545,3269.566,10,0.0,0.0,0.0,0.0,0.0,0.0,0.0,0.0,0.0,0.0,0.0,49.12137,49.0162,807.7131999999999,836.968,1.0,0.0,0.0,0.0,0.0,0.0,0.0,0.0,0.0,0.0,0.0,0.0,0.0,0.0,0.0,0.0,0.0,0,0,0.0,0,0,0,0,0.0,0,0,0
2,327,3270.557,3279.566,10,0.0,0.0,0.0,0.0,0.0,0.0,0.0,0.0,0.0,0.0,0.0,49.38304,49.258,742.7906,772.08,1.0,0.0,0.0,0.0,0.0,0.0,0.0,0.0,0.0,0.0,0.0,0.0,0.0,0.0,0.0,0.0,0.0,0,0,0.0,0,0,0,0,0.0,0,0,0
2,328,3280.571,3289.577,10,0.0,0.0,0.0,0.0,0.0,0.0,0.0,0.0,0.0,0.0,0.0,47.52756,45.7625,709.2701,712.169,1.0,0.0,0.0,0.0,0.0,0.0,0.0,0.0,0.0,0.0,0.0,0.0,0.0,0.0,0.0,0.0,0.0,0,0,0.0,0,0,0,0,0.0,0,0,0
2,329,3290.579,3299.592,10,0.0,0.0,0.0,0.0,0.0,0.0,0.0,0.0,0.0,0.0,0.0,45.545139999999996,45.3888,707.7798,709.665,1.0,0.0,0.0,0.0,0.0,0.0,0.0,0.0,0.0,0.0,0.0,0.0,0.0,0.0,0.0,0.0,0.0,0,0,0.0,0,0,0,0,0.0,0,0,0
2,330,3300.593,3309.602,10,0.0,0.0,0.0,0.0,0.0,0.0,0.0,0.0,0.0,0.0,0.0,45.26281,45.1232,695.3251,706.045,1.0,0.0,0.0,0.0,0.0,0.0,0.0,0.0,0.0,0.0,0.0,0.0,0.0,0.0,0.0,0.0,0.0,0,0,0.0,0,0,0,0,0.0,0,0,0
2,331,3310.599,3319.611,10,0.0,0.0,0.0,0.0,0.0,0.0,0.0,0.0,0.0,0.0,0.0,44.8437,44.7376,667.3154999999999,668.496,1.0,0.0,0.0,0.0,0.0,0.0,0.0,0.0,0.0,0.0,0.0,0.0,0.0,0.0,0.0,0.0,0.0,0,0,0.0,0,0,0,0,0.0,0,0,0
2,332,3320.608,3329.619,10,2.0477176861271498,4.466077184207524,0.22993586710067532,4.452719027126146,0.25184335399535746,0.8219193379599896,0.3235774248960687,0.35007215694937094,0.2747632935879703,0.6841742139857707,0.23500696417195382,32.63162,18.0608,487.9857,668.121,1.0,0.0,0.0,0.0,0.0,0.0,0.0,0.0,0.0,0.0,0.0,0.0,0.0,0.0,0.0,0.0,0.0,0,0,0.0,0,0,0,0,0.0,0,0,0
2,333,3330.62,3339.633,10,3.0815462971668284,3.573152292528868,0.04960200491050615,0.9120142219975742,0.49387701124450245,1.2779687484068796,0.4354562420601587,0.42851715449674294,0.37120615187930384,0.6691169179904117,0.41296758566608016,31.37207,1.3094,608.9894,658.133,1.0,0.1,0.0,0.1,0.0,0.0,0.0,0.0,0.0,0.1,0.0,0.0,0.0,0.0,0.0,0.0,0.0,0,0,0.0,0,0,0,0,0.0,0,0,0
2,334,3340.631,3349.643,10,2.2570175254955784,6.602537903169852,0.3770961039407993,3.401803230865166,0.9176570862418092,2.6145341460339937,0.8812745869942439,0.8767806970749996,0.785208850195542,0.6300312196668634,0.810252710935816,70.18825000000001,21.1884,539.4266,608.328,1.0,0.0,0.0,0.0,0.0,0.0,0.0,0.0,0.0,0.0,0.0,0.0,0.0,0.0,0.0,0.0,0.0,0,0,0.0,0,0,0,0,0.0,0,0,0
2,335,3350.803,3359.816,10,4.560283375064846,6.276707978594275,-0.022579202117430742,2.3045298608472087,0.3806238134504759,0.9490723181495744,0.30865268878149066,0.31771365402579216,0.37792931227286897,0.8078584942363933,0.46078894420233424,39.44135,14.5683,548.9723,588.692,1.0,0.0,0.0,0.0,0.0,0.0,0.0,0.0,0.0,0.0,0.0,0.0,0.0,0.0,0.0,0.0,0.0,0,0,0.0,0,0,0,0,0.0,0,0,0
2,336,3360.815,3369.823,10,5.12151354538199,6.7840770469647556,-0.159148317457913,0.6055028615877712,0.591101924952053,1.6573539778327775,0.614578969957631,0.7523109770033086,0.4738547945935874,0.7738650739880557,0.40306052355258914,19.8874748,0.963068,476.06589999999994,509.144,1.0,0.2,0.0,0.2,0.0,0.0,0.999,0.0,0.0,0.2,0.0,0.999,0.0,0.0,0.0,0.0,0.0,0,0,0.0,0,0,0,0,0.0,0,0,0
2,337,3370.827,3379.835,10,2.2611375198429955,6.110943248831437,-0.1336205410498102,3.3324075140955487,0.11026590137854005,0.43803482431664886,0.1804346456465716,0.21793754292727732,0.32279206657340753,0.8398984696604069,0.5269339882276701,21.01281,14.0366,485.22110000000004,496.471,1.0,0.0,0.0,0.0,0.0,0.0,0.0,0.0,0.0,0.0,0.0,0.0,0.0,0.0,0.0,0.0,0.0,0,0,0.0,0,0,0,0,0.0,0,0,0
2,338,3380.835,3389.848,10,3.873685133720067,6.639043937947886,0.219219926631466,3.4445640641432607,0.09793375408415159,0.25358597496566876,0.10480068893854341,0.1023359389402421,0.07811544031420256,0.8719084026354753,0.08345496247423931,12.091125,4.09031,422.735,461.772,1.0,0.1,0.1,0.1,0.0,0.0,0.0,0.0,0.0,0.1,0.0,0.0,0.0,0.0,0.0,0.0,0.0,0,0,0.0,0,0,0,0,0.0,0,0,0
2,339,3390.846,3399.856,10,2.803960272199221,6.513987404981197,-0.4980147726947327,1.4220374625937917,0.35293314138801446,2.1201622263077446,0.6717605518730988,0.45212805094699415,0.5235062688546572,0.9095994802475975,0.4942550276610239,67.91827,31.3789,424.68550000000005,456.983,1.0,0.0,0.0,0.0,0.0,0.0,0.0,0.0,0.0,0.0,0.0,0.0,0.0,0.0,0.0,0.0,0.0,0,0,0.0,0,0,0,0,0.0,0,0,0
2,340,3400.857,3409.881,10,0.9709693589024226,3.385623185981082,-0.060176521881896504,1.5931181687421927,0.30832457413555847,1.9679982324251515,0.6180051913304387,0.46786350976747554,0.46941966077115127,0.7211761385195957,0.6398731233774757,29.120599,6.5097,278.556,457.83,1.0,0.0,0.0,0.0,0.0,0.0,0.0,0.0,0.0,0.0,0.0,0.0,0.0,0.0,0.0,0.0,0.0,0,0,0.0,0,0,0,0,0.0,0,0,0
2,341,3410.873,3419.885,10,0.0,0.0,0.0,0.0,0.0,0.0,0.0,0.0,0.0,0.38308526333150517,0.133165910328898,8.603761,8.32051,227.8131,237.157,1.0,0.0,0.0,0.0,0.0,0.0,0.0,0.0,0.0,0.0,0.0,0.0,0.0,0.0,0.0,0.0,0.0,0,0,0.0,0,0,0,0,0.0,0,0,0
2,342,3420.884,3429.902,10,0.0,0.0,0.0,0.0,0.0,0.0,0.0,0.0,0.0,0.25885419911081176,0.0,9.256312,8.34866,193.0728,219.53,1.0,0.0,0.0,0.0,0.0,0.0,0.0,0.0,0.0,0.0,0.0,0.0,0.0,0.0,0.0,0.0,0.0,0,0,0.0,0,0,0,0,0.0,0,0,0
2,343,3430.905,3439.918,10,0.0,0.0,0.0,0.0,0.0,0.0,0.0,0.0,0.0,0.0,0.0,10.70821,10.6931,173.0067,173.054,1.0,0.0,0.0,0.0,0.0,0.0,0.0,0.0,0.0,0.0,0.0,0.0,0.0,0.0,0.0,0.0,0.0,0,0,0.0,0,0,0,0,0.0,0,0,0
2,344,3440.911,3449.93,10,0.0,0.0,0.0,0.0,0.0,0.0,0.0,0.0,0.0,0.0,0.0,11.53481,10.7033,167.6037,173.044,1.0,0.0,0.0,0.0,0.0,0.0,0.0,0.0,0.0,0.0,0.0,0.0,0.0,0.0,0.0,0.0,0.0,0,0,0.0,0,0,0,0,0.0,0,0,0
2,345,3450.926,3459.955,10,3.6569574850316213,6.850653161418954,0.14957827737987936,3.2297218082485846,0.6990633502489424,1.89605143588409,0.7209744829452166,0.4173870312829223,0.5901526676232166,0.5993823957835313,0.7098014674281089,27.598039,1.29301,153.95576,457.675,1.0,0.4,0.0,0.4,0.2,0.2,2.9210000000000003,1.0,0.0,0.0,0.0,0.0,0.0,0.0,0.0,0.0,0.0,0,0,0.0,0,0,0,0,0.0,0,0,0
2,346,3460.961,3469.965,10,0.71594476115265,2.779602098744984,-0.16188453569354105,2.368161707788428,0.03840661922099696,0.15323580846827015,0.0530746841765554,0.043258507955059,0.05434117370090473,0.5302838045279701,0.2203156200436645,2.6033755,0.952855,89.21609,93.5033,1.0,0.9,0.0,0.9,0.8,0.8,8.01,4.004,0.0,0.0,0.0,0.0,0.0,0.0,0.0,0.0,0.0,0,0,0.0,0,0,0,0,0.0,0,0,0
2,347,3470.971,3479.984,10,1.1158385770135832,3.2885301294952898,0.23509315319113439,3.298425405712427,0.07998558684615895,0.3369988715913585,0.10520180310646225,0.05080983695891285,0.03628494725184911,0.754186423121811,0.04091379178913951,4.2386223,0.859573,49.18955,77.7143,1.0,0.8,0.4,0.4,0.4,0.1,1.996,0.0,0.0,0.0,0.0,0.0,0.0,0.0,0.0,0.0,0.0,0,0,0.0,0,0,0,0,0.0,0,0,0
2,348,3480.989,3489.998,10,3.14062994294427,6.684587223180515,0.43151570797642236,3.066663914538244,0.27870283585666006,0.7065366548743426,0.21081439919602205,0.23340784599638925,0.14370933524832327,0.34858513749170783,0.12974866875358249,11.254306,1.20203,202.1036,487.858,1.0,0.4,0.0,0.4,0.1,0.1,1.999,0.0,0.0,0.0,0.0,0.0,0.0,0.0,0.0,0.0,0.0,0,0,0.0,0,0,0,0,0.0,0,0,0
2,349,3491.0,3499.009,9,4.518856918275128,6.692323323165767,-0.3697966642563564,3.031294798683902,0.8547882891409043,2.0965061175467006,0.6963611864415414,0.7078258597296867,0.5461078542721708,0.5670650171393157,0.49690747553868153,28.05324333333333,4.45799,170.86436666666665,464.307,1.0,0.1111111111111111,0.0,0.1111111111111111,0.0,0.0,0.0,0.0,0.0,0.0,0.0,0.0,0.0,0.0,0.0,0.0,0.0,0,0,0.0,0,0,0,0,0.0,0,0,0
2,350,3500.01,3509.02,10,5.003205055402895,6.952511551835325,-0.32219009666465076,1.8941682516279768,0.31278679155967637,1.106070744855375,0.41933120600349116,0.44453068011795216,0.5248316860406954,0.7436863446536301,0.6329720609976169,46.74971,10.2597,319.33701,442.275,1.0,0.0,0.0,0.0,0.0,0.0,0.0,0.0,0.0,0.0,0.0,0.0,0.0,0.0,0.0,0.0,0.0,0,0,0.0,0,0,0,0,0.0,0,0,0
2,351,3510.03,3519.042,10,1.2863281284748715,4.096259807625249,0.3852544461037914,2.617595484456893,0.14202093856309067,0.8489374274566356,0.26203784018617915,0.22780156265166082,0.2449854455314929,0.7077803093346942,0.34546398424776326,8.876537,1.12674,76.62308,78.8766,1.0,0.4,0.0,0.4,0.0,0.0,2.999,0.0,0.0,0.0,0.0,0.0,0.0,0.0,0.0,0.0,0.0,0,0,0.0,0,0,0,0,0.0,0,0,0
2,352,3520.048,3529.056,10,0.6245071565676652,2.4678344360630744,-0.3579067538610857,1.5719634542134673,0.4870331050852005,2.3046916337008985,0.7595800398473993,0.4887950636266842,0.5835394519419702,0.42505917236153606,0.6387713793551669,20.784904,2.86676,342.90481,413.694,1.0,0.1,0.0,0.1,0.0,0.0,0.0,0.0,0.0,0.1,0.0,0.0,0.0,0.0,0.0,0.0,0.0,0,0,0.0,0,0,0,0,0.0,0,0,0
2,353,3530.06,3539.065,10,0.48476075812506936,1.127540123630411,-0.0416214843700262,0.9686483825020759,0.7542181663427867,2.586527433191851,0.9891133469972085,1.0997125197033886,0.940467127738529,0.5607194327336922,0.9193852184007028,31.404956000000006,5.34694,255.82399999999998,413.996,1.0,0.0,0.0,0.0,0.0,0.0,0.0,0.0,0.0,0.0,0.0,0.0,0.0,0.0,0.0,0.0,0.0,0,0,0.0,0,0,0,0,0.0,0,0,0
2,354,3540.065,3549.075,10,1.0171923613573406,5.68018545641174,0.5688802814948739,3.4186292420646103,0.5772752255664979,1.9287142905467314,0.6221455127029659,0.8271235352574008,0.4823552487120691,0.17195996075891357,0.6670355423888973,55.63336,5.666,218.32484,412.673,1.0,0.0,0.0,0.0,0.0,0.0,0.0,0.0,0.0,0.0,0.0,0.0,0.0,0.0,0.0,0.0,0.0,0,0,0.0,0,0,0,0,0.0,0,0,0
2,355,3550.078,3559.089,10,4.074470890440147,6.518664551267515,-0.5259982315730063,2.996016924123907,0.7549166950882054,1.3763351968113922,0.4284341432300715,0.46432410983666345,0.5051772791432346,0.6029057379684275,0.5404631807873258,47.831919000000006,1.59949,183.56207,415.814,1.0,0.1,0.0,0.1,0.0,0.0,0.0,0.0,0.0,0.1,0.0,0.0,0.0,0.0,0.0,0.0,0.0,0,0,0.0,0,0,0,0,0.0,0,0,0
2,356,3560.09,3569.095,10,2.3826728430307504,4.1040694547403085,0.3366634796114143,3.2780690997701045,0.1032580721173133,0.4648418083039106,0.17470683228121078,0.0542548979048597,0.1625048378501017,0.5056490150500987,0.3549353253473715,4.8510317999999994,0.586508,51.09843,56.6814,1.0,0.6,0.0,0.6,0.3,0.3,5.005,2.0060000000000002,0.0,0.0,0.0,0.0,0.0,0.0,0.0,0.0,0.0,0,0,0.0,0,0,0,0,0.0,0,0,0
2,357,3570.096,3579.109,10,2.720299611306891,5.336811256898582,-0.18805889410229706,1.4778396977397974,0.6340986622834341,2.3300801425564353,0.7115327442387304,0.7941319565697447,0.6468350791619408,0.43545329217236095,0.6795580176765041,40.951409,8.64979,356.53562999999997,437.141,1.0,0.0,0.0,0.0,0.0,0.0,0.0,0.0,0.0,0.0,0.0,0.0,0.0,0.0,0.0,0.0,0.0,0,0,0.0,0,0,0,0,0.0,0,0,0
2,358,3580.114,3589.12,10,2.1114126150277537,3.7018251289876285,0.18871149446243912,2.8339139413657493,0.21863200964465274,1.4767720342392463,0.4466543592190249,0.25134083777235955,0.151803268918975,0.51998826994205,0.30032352852259103,15.8546534,0.183454,323.54189,435.071,1.0,0.4,0.0,0.4,0.0,0.0,1.007,0.0,0.0,0.2,0.0,1.003,0.0,0.0,0.0,0.0,0.0,0,0,0.0,0,0,0,0,0.0,0,0,0
2,359,3590.12,3599.133,10,2.87795782440964,6.521596293336418,-0.37452811335488934,1.98651192358533,0.5448371798093021,1.5454526042779613,0.5594393896150622,0.6102960025620323,0.5756811394732094,0.6206794957893045,0.5230782664221147,45.325648,2.52693,83.31822,85.9414,1.0,0.4,0.0,0.4,0.0,0.0,2.993,0.0,0.0,0.0,0.0,0.0,0.0,0.0,0.0,0.0,0.0,0,0,0.0,0,0,0,0,0.0,0,0,0
2,360,3600.14,3609.144,10,0.0,0.0,0.0,0.0,2.578305151040393e-08,2.6096631222970528e-08,2.290140654680333e-10,3.0263385400415543e-10,0.0646839146294464,0.7704292923475857,0.3345659324094085,2.531915,2.51909,85.93204,85.9507,1.0,1.0,0.0,1.0,0.0,0.0,13.004,0.0,0.0,0.0,0.0,0.0,0.0,0.0,0.0,0.0,0.0,0,0,0.0,0,0,0,0,0.0,0,0,0
2,361,3610.147,3619.164,10,0.0,0.0,0.0,0.0,2.5760236606720227e-08,2.6149511934668543e-08,2.491048797459859e-10,3.2560951163257646e-10,2.4718554813200923e-10,0.4171166883864369,2.735852573215873e-10,2.546848,2.5406,85.93190999999999,85.9784,1.0,1.0,0.0,1.0,0.0,0.0,23.024,0.0,0.0,0.0,0.0,0.0,0.0,0.0,0.0,0.0,0.0,0,0,0.0,0,0,0,0,0.0,0,0,0
2,362,3620.166,3629.178,10,0.04498847986326125,0.4498847986326125,0.04485391810893445,0.4485391810893445,0.11268420030049375,1.1268417710010081,0.3563386477463189,0.11268417459886396,0.05039389492639673,0.09999692263714668,0.03563386488309958,9.24512,2.5396,85.54048,85.9779,1.0,0.9,0.0,0.9,0.0,0.0,32.035,0.0,0.0,0.0,0.0,0.0,0.0,0.0,0.0,0.0,0.0,0,0,0.0,0,0,0,0,0.0,0,0,0
2,363,3630.184,3639.196,10,3.1866561726279548,6.53192971557718,0.607836056551501,4.557775277021146,0.4020260881531212,1.4125321934624084,0.46972303579865987,0.5517603078735954,0.43394302513331817,0.7419634831646608,0.404679059665491,40.5684438,0.906118,303.62229,460.522,1.0,0.4,0.0,0.4,0.0,0.0,3.011,0.0,0.0,0.4,0.0,3.011,0.0,0.0,0.0,0.0,0.0,0,0,0.0,1,1,0,1,0.16666666666666666,1,0,0
2,364,3640.195,3649.209,10,0.6124003770160383,4.3605742514713715,-0.6526234229227094,0.0,0.3017424527450402,2.0588931206710908,0.6869690300376607,0.38837395517046425,0.46879414585316176,0.01556346859452594,0.7209416461045893,12.07417,10.8252,423.19492,461.149,1.0,0.0,0.0,0.0,0.0,0.0,0.0,0.0,0.0,0.0,0.0,0.0,0.0,0.0,0.0,0.0,0.0,0,0,0.0,0,1,0,1,0.16666666666666666,1,0,0
2,365,3650.212,3659.221,10,0.0,0.0,0.0,0.0,1.4885319207516858e-08,1.5283242250100162e-08,1.8309028811146452e-10,1.87831310747597e-10,1.545985608768093e-10,0.5860924464681739,0.030311420420100967,10.8252,10.8252,461.149,461.149,1.0,0.0,0.0,0.0,0.0,0.0,0.0,0.0,0.0,0.0,0.0,0.0,0.0,0.0,0.0,0.0,0.0,0,0,0.0,0,1,0,1,0.16666666666666666,1,0,0
2,366,3660.231,3669.241,10,4.172476513674484,6.927222212241118,0.6921403331260523,3.1886531753000513,0.3318256609887958,1.0101777926970024,0.348587007205837,0.5163501387550138,0.3405950469990069,0.6808708192408923,0.2711754610745325,22.405718,1.42038,376.37164,461.149,1.0,0.1,0.0,0.1,0.0,0.0,0.0,0.0,0.0,0.1,0.0,0.0,0.0,0.0,0.0,0.0,0.0,0,0,0.0,0,1,0,1,0.16666666666666666,1,0,0
2,367,3670.247,3679.258,10,4.484321281861559,6.680281466790032,-0.41970138912991783,2.3787856398275182,0.4062846056885993,1.0796476183342054,0.396942853073527,0.4531234374537731,0.41604138397948764,0.7800256588876063,0.4015390001225517,65.212536,1.2471,95.75372,427.052,1.0,0.1,0.0,0.1,0.0,0.0,1.006,0.0,0.0,0.1,0.0,1.006,0.0,0.0,0.0,0.0,0.0,0,0,0.0,0,1,0,1,0.16666666666666666,1,0,0
2,368,3680.257,3689.269,10,2.6475371770877287,5.365881657740905,0.26353532937159346,2.6754381092037,0.43277416252095946,2.494381153222346,0.7556603357304,0.6993232286220993,0.6085158596378997,0.7587111516541107,0.5447182445503549,79.574117,4.75741,200.72717,409.657,1.0,0.1,0.0,0.1,0.0,0.0,0.0,0.0,0.0,0.0,0.0,0.0,0.0,0.0,0.0,0.0,0.0,0,0,0.0,0,1,0,1,0.16666666666666666,1,0,0
2,369,3690.269,3699.273,10,4.239495349568519,6.686860968346919,-0.16481786032591078,1.3209793106060141,0.33643699352487316,1.0954001776412727,0.31263563314638554,0.3336642847065797,0.24163388054564852,0.6549819188028361,0.49917882107189604,34.409159,2.28799,345.85592,390.443,1.0,0.1,0.0,0.1,0.0,0.0,0.0,0.0,0.0,0.1,0.0,0.0,0.0,0.0,0.0,0.0,0.0,0,0,0.0,0,1,0,1,0.16666666666666666,1,0,0
2,370,3700.274,3709.29,10,1.3824414831586982,3.876394214956461,-0.3102689316933838,3.3275621089648544,0.5030129749133623,1.231563117604783,0.4297718487316026,0.3762798127088274,0.43455582862881836,0.7686194098035862,0.389358571779053,82.32849,31.2256,208.50734000000003,358.619,1.0,0.0,0.0,0.0,0.0,0.0,0.0,0.0,0.0,0.0,0.0,0.0,0.0,0.0,0.0,0.0,0.0,0,0,0.0,0,0,0,0,0.0,0,0,0
2,371,3710.288,3719.303,10,0.4647415255581292,1.8316840106520158,0.12010053163544658,1.035342730835171,0.12755386213745762,0.7197586023617308,0.21620245320549075,0.09794474159693731,0.13386652346096684,0.531994846850984,0.2898565911051007,105.30924,95.0924,358.18829999999997,358.531,1.0,0.0,0.0,0.0,0.0,0.0,0.0,0.0,0.0,0.0,0.0,0.0,0.0,0.0,0.0,0.0,0.0,0,0,0.0,0,0,0,0,0.0,0,0,0
2,372,3720.304,3729.315,10,2.0722836800505053,4.049926331949728,0.22023141255342202,2.2785324236201343,0.5179721564848453,1.8534866462157389,0.7057991618683871,0.6358418667168804,0.6611835347377983,0.47017097110512207,0.6307618575698437,34.485005,1.46554,205.67077,355.64,1.0,0.6,0.2,0.4,0.3,0.1,2.004,0.0,0.0,0.1,0.0,0.0,0.0,0.0,0.0,0.0,0.0,0,0,0.0,0,0,0,0,0.0,0,0,0
2,373,3730.315,3739.335,10,0.5234334864629371,2.898389737923579,-0.32109068211068803,0.5322661290178907,0.13605231863351117,0.6040519582526064,0.24196790130064527,0.1338234196830564,0.18812566073082312,0.45124836482365166,0.37893470252841716,5.483339,1.60937,45.15877,49.629,1.0,0.9,0.8,0.1,0.5,0.0,0.0,0.0,0.0,0.0,0.0,0.0,0.0,0.0,0.0,0.0,0.0,0,0,0.0,0,0,0,0,0.0,0,0,0
2,374,3740.338,3749.388,10,4.579137416142485,6.45339099537745,0.5153033407256616,4.495549656673491,0.5349560583908246,1.204692928325205,0.37105071917780225,0.3151285195224992,0.24708128375521002,0.48667112155967407,0.2712445732689711,34.255931000000004,2.23913,130.8415,349.752,1.0,0.2,0.3,0.0,0.0,0.0,0.0,0.0,0.0,0.0,0.0,0.0,0.0,0.0,0.0,0.0,0.0,0,0,0.0,0,0,0,0,0.0,0,0,0
2,375,3750.387,3759.406,10,2.6572513275243903,4.7638593627122905,-0.2602667606129906,3.305210928579919,0.3052993692274143,0.8736052302457389,0.3342954433724349,0.22246750945208396,0.2993822758265782,0.46183658327054555,0.3245569676917322,44.50296,12.5073,97.21736000000001,333.107,1.0,0.0,0.0,0.0,0.0,0.0,0.0,0.0,0.0,0.0,0.0,0.0,0.0,0.0,0.0,0.0,0.0,0,0,0.0,0,0,0,0,0.0,0,0,0
2,376,3760.404,3769.902,10,2.393558487023178,6.063215052112855,0.08591607685966099,2.518516390702276,0.7832101094016011,2.3846826913765042,0.7676825326124304,0.9736572403086603,0.6875394470785114,0.32468332254797566,0.6756860444187851,44.646089,4.15379,126.1748,328.753,1.0,0.2,0.1,0.2,0.0,0.0,1.023,0.0,0.0,0.0,0.0,0.0,0.0,0.0,0.0,0.0,0.0,0,0,0.0,0,0,0,0,0.0,0,0,0
2,377,3770.907,3779.921,10,2.1788420290125585,5.885370739349307,-0.4857060578245653,3.9030230731669,0.19208815957200825,0.5686601820215164,0.21846102927112485,0.23098865584037953,0.3058575134705618,0.2911289903710061,0.49396926094384563,9.631423,1.41195,44.41418,45.557,1.0,0.4,0.1,0.4,0.1,0.1,0.998,0.0,0.0,0.0,0.0,0.0,0.0,0.0,0.0,0.0,0.0,0,0,0.0,0,0,0,0,0.0,0,0,0
2,378,3780.92,3789.925,10,2.4772570704502423,3.566106348665907,-0.007946488644952465,2.6146719685796294,0.008914230861911886,0.04950600665728305,0.015918664624212504,0.013192965304521836,0.018838216870639326,0.5440382887621756,0.07530229189812425,2.3307229,0.917279,29.845670000000002,43.9692,1.0,1.0,0.4,0.6,0.0,0.0,5.999,0.0,0.0,0.0,0.0,0.0,0.0,0.0,0.0,0.0,0.0,0,0,0.0,0,0,0,0,0.0,0,0,0
2,379,3790.925,3799.94,10,1.9376695656149117,5.070162212986706,0.5044584664755621,4.298237051833347,0.0334734929375045,0.16946070872619992,0.051386860062779566,0.04559414344169625,0.03645664806989818,0.78925368334225,0.030195878688799353,6.270201,3.09668,12.009952,19.5642,1.0,0.5,1.0,0.0,0.0,0.0,0.0,0.0,0.0,0.0,0.0,0.0,0.0,0.0,0.0,0.0,0.0,0,0,0.0,0,0,0,0,0.0,0,0,0
2,380,3800.941,3809.951,10,4.457351432760527,6.466652798261155,0.13500056442052724,3.941301367410294,0.7472349557027782,2.3635436160801655,0.6391794590491635,0.7133121473897417,0.6184011701954419,0.6818787597863888,0.5781070563652108,45.484712,3.46142,230.53001,384.481,1.0,0.1,0.3,0.1,0.0,0.0,0.0,0.0,0.0,0.1,0.0,0.0,0.0,0.0,0.0,0.0,0.0,0,0,0.0,0,0,0,0,0.0,0,0,0
2,381,3810.945,3819.974,10,1.7027200724316287,5.9181443297827725,-0.5356988469081715,2.3958480728850935,0.2969075857835969,2.076634302669075,0.664117367154108,0.4140945151303329,0.43978769400978573,0.3129993001443764,0.6851986733125954,4.974017,3.11332,78.93977,387.293,1.0,0.8,0.1,0.7,0.5,0.4,5.013,3.01,0.0,0.0,0.0,0.0,0.0,0.0,0.0,0.0,0.0,0,0,0.0,0,0,0,0,0.0,0,0,0
2,382,3820.969,3829.984,10,2.0164035055507568,5.690816352937206,0.46658088119829433,5.624686913575493,0.1520978545055785,0.8700624042199749,0.2681430534598579,0.10328763707832836,0.07518587252400419,0.2521917090878177,0.08456930181394218,10.357285000000001,3.5867,35.0398,41.6175,1.0,0.6,0.8,0.1,0.2,0.0,0.0,0.0,0.0,0.0,0.0,0.0,0.0,0.0,0.0,0.0,0.0,0,0,0.0,0,0,0,0,0.0,0,0,0
2,383,3830.981,3838.989,9,0.7427053563184296,2.7903064343714847,-0.6308261844459279,0.587503139422183,0.04911034784758115,0.1786775521983716,0.06382047496170422,0.13182379076388073,0.19043791319149245,0.5795457575594796,0.2605778092272315,4.815489222222222,0.966313,19.959777777777777,24.3294,1.0,0.3333333333333333,0.1111111111111111,0.2222222222222222,0.0,0.0,0.0,0.0,0.0,0.0,0.0,0.0,0.0,0.0,0.0,0.0,0.0,0,0,0.0,0,0,0,0,0.0,0,0,0
2,384,3840.001,3849.532,8,1.9265841467105882,7.47250053293257,0.511548411719355,6.601892544695901,0.47835307657301446,2.484992757759968,0.8414913452678744,0.6833082473096306,0.45650627332089166,0.5426279328534327,0.34766602825712334,28.8483125,3.3864,100.60806875,374.237,1.0,0.25,0.5,0.125,0.0,0.0,0.0,0.0,0.0,0.0,0.0,0.0,0.0,0.0,0.0,0.0,0.0,0,0,0.0,0,0,0,0,0.0,0,0,0
2,385,3850.536,3859.544,10,2.8119305220455155,6.554126358593794,0.28683725331925586,3.0183986102982856,0.5440436585841025,1.1271089607999851,0.34362539779716245,0.2969520407615213,0.4945881089006023,0.3739671161670138,0.6333563365669157,24.161614,2.82605,229.78432899999999,383.157,1.0,0.3,0.4,0.3,0.0,0.0,0.0,0.0,0.0,0.3,0.0,0.0,0.0,0.0,0.0,0.0,0.0,0,0,0.0,0,0,0,0,0.0,0,0,0
2,386,3860.549,3869.555,10,1.5610508390967237,5.4801354530817985,0.1780176146537963,4.242355153681465,0.04410534615574609,0.22492167630068127,0.08263747123659122,0.10515722623576265,0.13550650244354795,0.194605220335404,0.27510424350111995,20.163141,2.03201,12.066048,15.712,1.0,0.2,0.5,0.0,0.0,0.0,0.0,0.0,0.0,0.0,0.0,0.0,0.0,0.0,0.0,0.0,0.0,0,0,0.0,0,0,0,0,0.0,0,0,0
2,387,3870.554,3879.571,10,3.491414923866015,6.434739628450828,-0.20864591291102616,3.903840905284848,0.16230067378364527,0.8076570954178703,0.23852724696027539,0.16171044107459093,0.09797657067842339,0.18184862079739172,0.08379615295283574,17.032249,1.78904,12.117225999999999,18.5398,1.0,0.3,0.8,0.0,0.2,0.0,0.0,0.0,0.0,0.0,0.0,0.0,0.0,0.0,0.0,0.0,0.0,0,0,0.0,0,0,0,0,0.0,0,0,0
2,388,3880.567,3889.58,10,0.9335484887689833,2.1953284838970837,-0.2875413070174425,2.1865821552759797,0.050960300246861254,0.23492539094586185,0.07556145507735626,0.12431838812813563,0.1680534055579435,0.521927453113787,0.22893370721502224,7.2329740000000005,4.40727,15.605348000000001,23.8792,1.0,0.4,0.4,0.4,0.4,0.4,3.004,3.004,0.0,0.0,0.0,0.0,0.0,0.0,0.0,0.0,0.0,0,0,0.0,0,0,0,0,0.0,0,0,0
2,389,3890.586,3899.591,10,3.434929994587155,6.82418019760682,0.5900070034281246,5.498890533876377,0.39098981246957487,1.047650774368079,0.4274550761668757,0.31158525673633275,0.24197633522422107,0.3372693696140362,0.20276444623353002,29.223366,2.71721,33.15218,39.1695,1.0,0.2,0.1,0.2,0.0,0.0,0.0,0.0,0.0,0.0,0.0,0.0,0.0,0.0,0.0,0.0,0.0,0,0,0.0,0,0,0,0,0.0,0,0,0
2,390,3900.592,3909.604,10,1.7837521094829647,3.922181083044182,-0.40309149744677236,3.8000604410365906,0.23412373131687572,1.0480061196778314,0.3515139402396843,0.17569240104018496,0.23513026809925455,0.6320783125349247,0.3938397582679053,9.1913905,0.836499,37.80715,39.3957,1.0,0.8,0.1,0.7,0.3,0.2,3.997,1.006,0.0,0.0,0.0,0.0,0.0,0.0,0.0,0.0,0.0,0,0,0.0,0,0,0,0,0.0,0,0,0
2,391,3910.608,3919.62,10,3.507082960496318,6.676029843746886,-0.24315985587396077,4.167238712302009,0.2116334938193743,0.5818088005984344,0.22535949941550548,0.25065212509627954,0.259636970043882,0.7087363787916271,0.3244080096106151,43.14463,25.4414,141.499,408.607,1.0,0.0,0.0,0.0,0.0,0.0,0.0,0.0,0.0,0.0,0.0,0.0,0.0,0.0,0.0,0.0,0.0,0,0,0.0,0,0,0,0,0.0,0,0,0
2,392,3920.618,3929.627,10,0.9775243795699634,2.6706323343227103,0.014071391520496912,1.8833775172163025,0.3510256591268684,1.1229197878440853,0.43437517304263307,0.4496978348796568,0.4053041567497432,0.7487305335717258,0.35796483849271066,38.189145,3.30701,254.61651,408.178,1.0,0.2,0.3,0.0,0.2,0.0,0.0,0.0,0.0,0.0,0.0,0.0,0.0,0.0,0.0,0.0,0.0,0,0,0.0,0,0,0,0,0.0,0,0,0
2,393,3930.633,3939.876,10,2.250628849086616,5.812544006681808,-0.09748887317165275,3.639578171253738,0.022202294860727688,0.1146625866577645,0.03443692961732915,0.04748883034033454,0.13128357084525596,0.642212324417031,0.2708825250109421,5.664282699999999,0.191797,11.05162,23.6609,1.0,0.4,1.0,0.0,0.0,0.0,0.0,0.0,0.0,0.0,0.0,0.0,0.0,0.0,0.0,0.0,0.0,0,0,0.0,0,0,0,0,0.0,0,0,0
2,394,3940.874,3949.889,10,3.331955053735578,5.669675818503273,0.5680944499302181,2.7376023402265743,0.3057334039626243,0.5875489065290348,0.20145639091481118,0.21646337162480114,0.21843473168192656,0.7500222452148015,0.18976078181805442,55.95747,11.6865,263.34372399999995,383.993,1.0,0.0,0.3,0.0,0.0,0.0,0.0,0.0,0.0,0.0,0.0,0.0,0.0,0.0,0.0,0.0,0.0,0,0,0.0,0,0,0,0,0.0,0,0,0
2,395,3950.889,3959.902,10,1.7611346983083869,6.207969593130693,-0.5639099509994276,3.102166260263504,0.2622114412985974,2.5520688570925354,0.8047833251473941,0.49097374284238093,0.5471626038061371,0.4685364671446129,0.7791896768243085,5.816497,1.16533,15.92038,24.653,1.0,0.1,1.0,0.0,0.0,0.0,0.0,0.0,0.0,0.0,0.0,0.0,0.0,0.0,0.0,0.0,0.0,0,0,0.0,0,0,0,0,0.0,0,0,0
2,396,3960.898,3969.907,10,1.6375224374337882,4.309237516799176,0.05760387517991946,3.292266740615431,0.5668976972248805,2.605985695497642,0.8295504750066309,0.6426032091867695,0.4890815535505454,0.2999353144289711,0.3790043177999626,37.645191,3.38709,158.200946,385.922,1.0,0.1,0.6,0.0,0.0,0.0,0.0,0.0,0.0,0.0,0.0,0.0,0.0,0.0,0.0,0.0,0.0,0,0,0.0,0,0,0,0,0.0,0,0,0
2,397,3971.052,3979.065,9,2.184200104738147,6.597625179481981,-0.06532451480787713,3.150310720613786,0.7694864038683508,1.4080677571480613,0.5237649522533901,0.6332584409253693,0.5872434268516824,0.6832501413482316,0.6987028113753709,80.79299888888889,1.88419,262.60884111111113,394.994,1.0,0.1111111111111111,0.1111111111111111,0.1111111111111111,0.0,0.0,0.0,0.0,0.0,0.1111111111111111,0.0,0.0,0.0,0.0,0.0,0.0,0.0,0,0,0.0,0,0,0,0,0.0,0,0,0
2,398,3980.07,3989.074,10,0.0010030090271031372,0.010030090271031373,-2.022165042067127e-06,0.010060271084284226,0.020055114852583048,0.20055114852583047,0.06341984167043443,0.1041593875162794,0.22617785035228094,0.6380805477309061,0.47298325235772276,39.440279999999994,39.4368,12.616389999999999,12.6173,1.0,0.0,0.0,0.0,0.0,0.0,0.0,0.0,0.0,0.0,0.0,0.0,0.0,0.0,0.0,0.0,0.0,0,0,0.0,0,0,0,0,0.0,0,0,0
2,399,3990.077,3993.087,4,0.0,0.0,0.0,0.0,0.0,0.0,0.0,0.0,0.0,0.8928966020666979,0.0,39.4368,39.4368,12.6173,12.6173,1.0,0.0,0.0,0.0,0.0,0.0,0.0,0.0,0.0,0.0,0.0,0.0,0.0,0.0,0.0,0.0,0.0,0,0,0.0,0,0,0,0,0.0,0,0,0
3,0,0.0,9.77,11,0.0,0.0,0.0,0.0,0.0,0.0,0.0,0.0,0.0,0.0,0.0,180.0,180.0,0.0,0.0,0.0,0.0,0.0,0.0,0.0,0.0,0.0,0.0,0.0,0.0,0.0,0.0,0.0,0.0,0.0,0.0,0.0,0,0,0.0,0,0,0,0,0.0,0,0,0
3,1,10.774,19.791,10,0.14853665252299958,1.4602765252299963,0.1454731677609568,1.4544586904681238,0.22516827868625633,1.2220065508918139,0.44534218493339117,0.4381262601019208,0.27992519403030497,0.09821219265390574,0.20840093268302778,180.0,180.0,0.0,0.0,0.0,0.0,0.0,0.0,0.0,0.0,0.0,0.0,0.0,0.0,0.0,0.0,0.0,0.0,0.0,0.0,0.0,0,0,0.0,0,0,0,0,0.0,0,0,0
3,2,20.785,29.805,10,0.41284012717280305,3.1863208434444465,-0.14801414638469002,2.382078688913066,0.20104962575900434,1.647390078721155,0.5180352372066157,0.32911676943922075,0.3852690752661719,0.7990468437207754,0.5893737398804685,180.0,180.0,0.0,0.0,0.0,0.0,0.0,0.0,0.0,0.0,0.0,0.0,0.0,0.0,0.0,0.0,0.0,0.0,0.0,0.0,0.0,0,0,0.0,0,0,0,0,0.0,0,0,0
3,3,30.809,39.811,10,0.15282552107796482,1.426262269848875,0.001076320306952487,1.436316485245594,0.0012451620795214185,0.012451620795214184,0.003937548227359385,0.002490324159042837,0.0027842670528148905,0.8270299276036083,0.014586831492132867,180.0,180.0,0.0,0.0,0.0,0.0,0.0,0.0,0.0,0.0,0.0,0.0,0.0,0.0,0.0,0.0,0.0,0.0,0.0,0.0,0.0,0,0,0.0,0,0,0,0,0.0,0,0,0
3,4,40.809,49.813,10,0.0,0.0,0.0,0.0,0.0,0.0,0.0,0.0,0.0,0.9894382737314015,0.00039376245741661476,180.0,180.0,0.0,0.0,0.0,0.0,0.0,0.0,0.0,0.0,0.0,0.0,0.0,0.0,0.0,0.0,0.0,0.0,0.0,0.0,0.0,0,0,0.0,0,0,0,0,0.0,0,0,0
3,5,50.821,59.822,10,2.0780548909214565,3.981068930867771,0.39142905927188526,2.469515054403627,0.5695329622201808,1.1576092357709882,0.3941701912880699,0.4363119830471097,0.4069903190655464,0.8023030844013721,0.4107348565694232,180.0,180.0,0.0,0.0,0.0,0.0,0.0,0.0,0.0,0.0,0.0,0.0,0.0,0.0,0.0,0.0,0.0,0.0,0.0,0.0,0.0,0,0,0.0,0,0,0,0,0.0,0,0,0
3,6,60.828,69.837,10,1.6390400670213654,4.338463917389885,-0.3910049341887508,1.6168952754508343,0.35188051542857784,1.7206872049150426,0.579993345800588,0.35112718903001056,0.39529873921753766,0.7652315227581575,0.5212789280203074,180.0,180.0,0.0,0.0,0.0,0.0,0.0,0.0,0.0,0.0,0.0,0.0,0.0,0.0,0.0,0.0,0.0,0.0,0.0,0.0,0.0,0,0,0.0,0,0,0,0,0.0,0,0,0
3,7,70.835,79.847,10,0.0,0.0,0.0,0.0,2.105281749070993e-08,2.124337122524901e-08,1.0211847807219276e-10,1.241514039169291e-10,7.604174511043984e-11,0.8221068476702588,0.10067200126682337,180.0,180.0,0.0,0.0,0.0,0.0,0.0,0.0,0.0,0.0,0.0,0.0,0.0,0.0,0.0,0.0,0.0,0.0,0.0,0.0,0.0,0,0,0.0,0,0,0,0,0.0,0,0,0
3,8,80.847,89.857,10,0.5683398717446637,3.123783196533039,-0.004562557975458391,2.0881953213016735,0.2183746137601473,0.9540124379857916,0.33219159314935687,0.3092360065137883,0.31101777968106736,0.7831531283444699,0.25072882674934216,180.0,180.0,0.0,0.0,0.0,0.0,0.0,0.0,0.0,0.0,0.0,0.0,0.0,0.0,0.0,0.0,0.0,0.0,0.0,0.0,0.0,0,0,0.0,0,0,0,0,0.0,0,0,0
3,9,90.852,99.869,10,0.7467641727146613,2.811450584762227,0.04050129946689753,2.7899399264537394,0.24710670288456543,1.026559520891527,0.35900715496948976,0.2977565855169802,0.17449228606257355,0.6719900818878723,0.2958351027544205,180.0,180.0,0.0,0.0,0.0,0.0,0.0,0.0,0.0,0.0,0.0,0.0,0.0,0.0,0.0,0.0,0.0,0.0,0.0,0.0,0.0,0,0,0.0,0,0,0,0,0.0,0,0,0
3,10,100.87,109.878,10,1.8341336671540467,3.985822907328445,-0.03288839203020433,3.502665358550939,0.589224954958974,1.890313627929925,0.6562382173321551,0.6250155789714802,0.6348372209402846,0.35498199138859443,0.6127761740931736,180.0,180.0,0.0,0.0,0.0,0.0,0.0,0.0,0.0,0.0,0.0,0.0,0.0,0.0,0.0,0.0,0.0,0.0,0.0,0.0,0.0,0,0,0.0,0,0,0,0,0.0,0,0,0
3,11,110.873,119.889,10,2.0210674914612166,4.910724889135049,0.11100215988986398,2.755613869880498,0.17093781725548723,1.1224875053635563,0.34554490948694244,0.14539307461061574,0.16162772916411364,0.4585481418782963,0.33553318859303877,180.0,180.0,0.0,0.0,0.0,0.0,0.0,0.0,0.0,0.0,0.0,0.0,0.0,0.0,0.0,0.0,0.0,0.0,0.0,0.0,0.0,0,0,0.0,0,0,0,0,0.0,0,0,0
3,12,120.886,129.924,10,3.221336027705025,3.8334126146925973,-0.016994427097690456,2.248727255279074,0.18493743241045418,1.2492033519281314,0.4016169885066453,0.1969257360983058,0.3357793309756393,0.750735475458846,0.4759343440135407,180.0,180.0,0.0,0.0,0.0,0.0,0.0,0.0,0.0,0.0,0.0,0.0,0.0,0.0,0.0,0.0,0.0,0.0,0.0,0.0,0.0,0,0,0.0,0,0,0,0,0.0,0,0,0
3,13,130.897,139.908,10,1.2315966766365465,2.3991328878017164,0.12337500795883363,1.6928317027557156,0.13723928698453322,0.48712338433237634,0.21081133719649087,0.0738684075009103,0.15815452526598303,0.7432445529827085,0.22046829602850798,180.0,180.0,0.0,0.0,0.0,0.0,0.0,0.0,0.0,0.0,0.0,0.0,0.0,0.0,0.0,0.0,0.0,0.0,0.0,0.0,0.0,0,0,0.0,0,0,0,0,0.0,0,0,0
3,14,140.905,149.914,10,0.7154491665193083,3.048687532502408,-0.059904780414612765,2.9566575770115135,0.8262681648824923,2.4548248838338464,0.8753361840508525,0.9601358635163841,0.7581460222154448,0.2864930880579604,0.7147087123724567,180.0,180.0,0.0,0.0,0.0,0.0,0.0,0.0,0.0,0.0,0.0,0.0,0.0,0.0,0.0,0.0,0.0,0.0,0.0,0.0,0.0,0,0,0.0,0,0,0,0,0.0,0,0,0
3,15,150.919,159.935,10,1.2987918618178615,2.8231561956408706,0.11552782854671281,1.4539252972362564,0.6076733669812681,2.8390107146438606,0.8802568956843619,0.751579619513487,0.7920869433054987,0.4480023483618602,0.8442145817094808,180.0,180.0,0.0,0.0,0.0,0.0,0.0,0.0,0.0,0.0,0.0,0.0,0.0,0.0,0.0,0.0,0.0,0.0,0.0,0.0,0.0,0,0,0.0,0,0,0,0,0.0,0,0,0
3,16,160.939,169.943,10,2.993411120330436,4.077113790878849,0.07653125281640402,2.269067193056237,0.8529270290363374,1.6828500457698643,0.5542236291902785,0.5803978618357214,0.5683407255189472,0.29817898702666135,0.6666933263185808,180.0,180.0,0.0,0.0,0.0,0.0,0.0,0.0,0.0,0.0,0.0,0.0,0.0,0.0,0.0,0.0,0.0,0.0,0.0,0.0,0.0,0,0,0.0,0,0,0,0,0.0,0,0,0
3,17,170.938,179.952,10,2.1744676819980713,4.000936894843353,-0.36115552283748176,1.1969410442690789,0.6329756135670641,2.252648264381785,0.7330653079364385,0.5023496954132229,0.5416069672884423,0.642884596961635,0.7336769687730941,180.0,180.0,0.0,0.0,0.0,0.0,0.0,0.0,0.0,0.0,0.0,0.0,0.0,0.0,0.0,0.0,0.0,0.0,0.0,0.0,0.0,0,0,0.0,0,0,0,0,0.0,0,0,0
3,18,180.952,189.967,10,1.9163906324512094,3.971184044549319,0.24043587256701088,2.364602405740546,0.957434005832998,2.606813393692639,0.9263467847650569,1.1182294549826544,0.7580912699012919,0.7276195950148769,0.6627422968595817,180.0,180.0,0.0,0.0,0.0,0.0,0.0,0.0,0.0,0.0,0.0,0.0,0.0,0.0,0.0,0.0,0.0,0.0,0.0,0.0,0.0,0,0,0.0,0,0,0,0,0.0,0,0,0
3,19,190.97,199.984,10,3.3355049505892453,6.561436671798619,0.4124716054063649,3.3158596246322207,1.2441176044971756,2.522363528193775,0.8185730116529752,1.0854517121432352,0.8809088654274848,0.29523073933260174,0.8829027597345007,180.0,180.0,0.0,0.0,0.0,0.0,0.0,0.0,0.0,0.0,0.0,0.0,0.0,0.0,0.0,0.0,0.0,0.0,0.0,0.0,0.0,0,0,0.0,0,0,0,0,0.0,0,0,0
3,20,200.979,209.989,10,3.2396025576812213,6.736032308932509,-0.6168196945601079,3.235761996962993,0.4000448307396113,1.339426326856348,0.4249795754422509,0.551693458073072,0.4345595255812026,0.5464945437174841,0.6252129940850845,180.0,180.0,0.0,0.0,0.0,0.0,0.0,0.0,0.0,0.0,0.0,0.0,0.0,0.0,0.0,0.0,0.0,0.0,0.0,0.0,0.0,0,0,0.0,0,0,0,0,0.0,0,0,0
3,21,210.991,219.0,9,1.1554783756706248,3.5023786515892987,0.06090987642915323,1.9922041991880515,0.4896644692209697,2.0202555804739095,0.6427897398410677,0.5121641688755854,0.6241810097472859,0.5445071494896266,0.5452050956765102,180.0,180.0,0.0,0.0,0.0,0.0,0.0,0.0,0.0,0.0,0.0,0.0,0.0,0.0,0.0,0.0,0.0,0.0,0.0,0.0,0.0,0,0,0.0,0,0,0,0,0.0,0,0,0
3,22,220.002,229.016,10,0.6500986769224321,2.8252127187381864,-0.09837871818809901,1.998003177306859,0.17635517351426153,0.689164704922949,0.29063471780039374,0.20835195573239806,0.24886094985459165,0.25121962103499046,0.4538771228605058,180.0,180.0,0.0,0.0,0.0,0.0,0.0,0.0,0.0,0.0,0.0,0.0,0.0,0.0,0.0,0.0,0.0,0.0,0.0,0.0,0.0,0,0,0.0,0,0,0,0,0.0,0,0,0
3,23,230.019,239.024,10,0.0,0.0,0.0,0.0,0.0,0.0,0.0,0.0,0.0,0.23093080015102885,0.07225791956848833,180.0,180.0,0.0,0.0,0.0,0.0,0.0,0.0,0.0,0.0,0.0,0.0,0.0,0.0,0.0,0.0,0.0,0.0,0.0,0.0,0.0,0,0,0.0,0,0,0,0,0.0,0,0,0
3,24,240.02,249.058,10,0.0,0.0,0.0,0.0,0.0,0.0,0.0,0.0,0.0,0.2217761298022994,0.0,180.0,180.0,0.0,0.0,0.0,0.0,0.0,0.0,0.0,0.0,0.0,0.0,0.0,0.0,0.0,0.0,0.0,0.0,0.0,0.0,0.0,0,0,0.0,0,0,0,0,0.0,0,0,0
3,25,250.046,259.054,10,0.0,0.0,0.0,0.0,0.0,0.0,0.0,0.0,0.0,0.0,0.0,180.0,180.0,0.0,0.0,0.0,0.0,0.0,0.0,0.0,0.0,0.0,0.0,0.0,0.0,0.0,0.0,0.0,0.0,0.0,0.0,0.0,0,0,0.0,0,0,0,0,0.0,0,0,0
3,26,260.062,269.063,10,2.0263424519776297e-06,2.0263424519776295e-05,4.6752210815337684e-08,2.0530318662387332e-05,0.03378805801149251,0.3378805801149251,0.106847221030216,0.06757611602298502,0.07555239454140363,0.0,0.0854777768241728,180.0,180.0,0.0,0.0,0.0,0.0,0.0,0.0,0.0,0.0,0.0,0.0,0.0,0.0,0.0,0.0,0.0,0.0,0.0,0.0,0.0,0,0,0.0,0,0,0,0,0.0,0,0,0
3,27,270.066,279.076,10,0.25716127356925667,1.8701383602278887,0.18622690095091765,1.1593888737730267,0.12720234373777153,0.7289366094143,0.2708331994969275,0.1453855250527679,0.10326467320268302,0.19918350432301968,0.0986076795636295,180.0,180.0,0.0,0.0,0.0,0.0,0.0,0.0,0.0,0.0,0.0,0.0,0.0,0.0,0.0,0.0,0.0,0.0,0.0,0.0,0.0,0,0,0.0,0,0,0,0,0.0,0,0,0
3,28,280.073,289.086,10,1.8846835175366206,3.7751268302066947,0.1632800676297343,3.3069630824012264,0.9861858314684927,2.171274124684238,0.8090961315066421,0.6376250258717306,0.7264561495105376,0.37923755791398844,0.7128127674597086,180.0,180.0,0.0,0.0,0.0,0.0,0.0,0.0,0.0,0.0,0.0,0.0,0.0,0.0,0.0,0.0,0.0,0.0,0.0,0.0,0.0,0,0,0.0,0,0,0,0,0.0,0,0,0
3,29,290.08,299.097,10,4.836906988011464,6.545770010237818,0.29881582624661296,1.285069763554907,0.4597076168873257,0.8960087087183902,0.3129559881049967,0.4596116597567542,0.42952945920322855,0.3617195732692728,0.6063066618230886,180.0,180.0,0.0,0.0,0.0,0.0,0.0,0.0,0.0,0.0,0.0,0.0,0.0,0.0,0.0,0.0,0.0,0.0,0.0,0.0,0.0,0,0,0.0,0,0,0,0,0.0,0,0,0
3,30,300.098,309.102,10,2.3303266836816134,5.33450770577802,-0.5269553310381638,2.4610576517873195,0.7762206252366068,2.737009270001093,0.8315923829637134,0.5873110434077657,0.38710959040964876,0.6456194971514054,0.39098198039488014,180.0,180.0,0.0,0.0,0.0,0.0,0.0,0.0,0.0,0.0,0.0,0.0,0.0,0.0,0.0,0.0,0.0,0.0,0.0,0.0,0.0,0,0,0.0,0,0,0,0,0.0,0,0,0
3,31,310.104,319.112,10,1.1071099804912978,3.865772453531047,-0.01982428507970154,3.0687263974821337,0.31132202085915167,1.2644377706269982,0.41017029091258755,0.5938477645183122,0.7276035615125683,0.7542078425525968,0.8135397285956202,180.0,180.0,0.0,0.0,0.0,0.0,0.0,0.0,0.0,0.0,0.0,0.0,0.0,0.0,0.0,0.0,0.0,0.0,0.0,0.0,0.0,0,0,0.0,0,0,0,0,0.0,0,0,0
3,32,320.113,329.119,10,4.888067070810404,6.88241607394345,0.061588487608835576,3.1422810796591305,0.7013709526028062,2.0084215630146147,0.6055428924439032,0.8418644387063919,0.6108735737162894,0.433030664509797,0.6052929289443651,180.0,180.0,0.0,0.0,0.0,0.0,0.0,0.0,0.0,0.0,0.0,0.0,0.0,0.0,0.0,0.0,0.0,0.0,0.0,0.0,0.0,0,0,0.0,0,0,0,0,0.0,0,0,0
3,33,330.119,339.126,10,3.7162087125237115,6.813031711036451,0.5175017989055619,2.965264246640592,0.700766247460915,2.3409049441704126,0.8547861351924482,0.8192309592384139,0.7702120802948533,0.5157720365013925,0.775195902578939,180.0,180.0,0.0,0.0,0.0,0.0,0.0,0.0,0.0,0.0,0.0,0.0,0.0,0.0,0.0,0.0,0.0,0.0,0.0,0.0,0.0,0,0,0.0,0,0,0,0,0.0,0,0,0
3,34,340.135,349.148,10,1.371406706864279,5.2571123364758,-0.6766113717971179,2.1095244170611194,0.4637537435749236,1.3109336680665302,0.45376279388063384,0.5411847173759122,0.37789336557604636,0.589921505086204,0.49998721193609363,180.0,180.0,0.0,0.0,0.0,0.0,0.0,0.0,0.0,0.0,0.0,0.0,0.0,0.0,0.0,0.0,0.0,0.0,0.0,0.0,0.0,0,0,0.0,0,0,0,0,0.0,0,0,0
3,35,350.14,359.156,10,0.0986711286881313,0.3736230151310921,-0.0003821823003831215,0.3699237773575169,0.015170128430443765,0.1517006911236926,0.047971949815371,0.03034025686088753,0.1430722011754971,0.721368498377917,0.3218384120779262,180.0,180.0,0.0,0.0,0.0,0.0,0.0,0.0,0.0,0.0,0.0,0.0,0.0,0.0,0.0,0.0,0.0,0.0,0.0,0.0,0.0,0,0,0.0,0,0,0,0,0.0,0,0,0
3,36,360.163,369.183,10,0.0,0.0,0.0,0.0,0.40081293294259285,1.262070877432028,0.5438501392862846,0.35498514899001943,0.42567912238425265,0.6691702821938319,0.4466132585377002,180.0,180.0,0.0,0.0,0.0,0.0,0.0,0.0,0.0,0.0,0.0,0.0,0.0,0.0,0.0,0.0,0.0,0.0,0.0,0.0,0.0,0,0,0.0,0,0,0,0,0.0,0,0,0
3,37,370.187,379.192,10,0.0,0.0,0.0,0.0,2.1054898340389844e-08,2.1221978102162152e-08,9.959540415591621e-11,1.4908453535734593e-10,1.4997356363085182e-10,0.40486186610202096,0.19101990475769276,180.0,180.0,0.0,0.0,0.0,0.0,0.0,0.0,0.0,0.0,0.0,0.0,0.0,0.0,0.0,0.0,0.0,0.0,0.0,0.0,0.0,0,0,0.0,0,0,0,0,0.0,0,0,0
3,38,380.189,380.189,1,0.0,0.0,0.0,0.0,2.1136834759726197e-08,2.1136834759726197e-08,0.0,4.231598550495956e-11,9.724521837963316e-11,0.0,9.974060456172597e-11,180.0,180.0,0.0,0.0,0.0,0.0,0.0,0.0,0.0,0.0,0.0,0.0,0.0,0.0,0.0,0.0,0.0,0.0,0.0,0.0,0.0,0,0,0.0,0,0,0,0,0.0,0,0,0
3,46,467.296,469.299,3,0.0,0.0,0.0,0.0,2.691268657989479e-05,8.070830145302392e-05,4.6588369092381775e-05,5.3793551261273024e-05,3.6085104431987544e-05,0.0,2.5515763363668137e-05,180.0,180.0,0.0,0.0,0.0,0.0,0.0,0.0,0.0,0.0,0.0,0.0,0.0,0.0,0.0,0.0,0.0,0.0,0.0,0.0,0.0,0,0,0.0,0,0,0,0,0.0,0,0,0
3,47,470.291,479.294,10,2.9620464874758476,6.715028883614791,0.6717756258677838,3.1125524536059452,0.7471263632739826,2.379267648471296,0.8153247693463717,0.5890277346845678,0.6313650622369489,0.5187241855393722,0.6722801574318042,180.0,180.0,0.0,0.0,0.0,0.0,0.0,0.0,0.0,0.0,0.0,0.0,0.0,0.0,0.0,0.0,0.0,0.0,0.0,0.0,0.0,0,0,0.0,0,0,0,0,0.0,0,0,0
3,48,480.303,489.307,10,467.8512910293781,4659.34681730613,3.6531074584009757,4681.334592618096,0.49763995408737827,1.2829918588681506,0.5420652446464825,0.4704472678023853,0.48267716241706005,0.788712660526858,0.5609665332452162,90.73726666666666,71.7236,1.9511216666666666,2.81152,0.6,0.0,1.0,0.0,0.0,0.0,0.0,0.0,0.0,0.0,0.0,0.0,0.0,0.0,0.0,0.0,0.0,0,0,0.0,0,0,0,0,0.0,0,0,0
3,49,490.309,499.316,10,2.6512983864601556,6.667766922164834,0.5508942116729778,2.8252385577730847,0.5186111859323528,1.9181646514331243,0.5937351522848913,0.7268785789152825,0.5852448284644803,0.9947239984279719,0.599787385803561,30.821499999999997,11.4508,7.746897,14.7634,1.0,0.0,1.0,0.0,0.0,0.0,0.0,0.0,0.0,0.0,0.0,0.0,0.0,0.0,0.0,0.0,0.0,0,0,0.0,0,0,0,0,0.0,0,0,0
3,50,500.321,509.329,10,5.928542962096627,6.758186068763634,0.006672979953850922,1.5950196359038062,0.3088296447358433,0.6582727496752361,0.21790366127043428,0.20202923480783624,0.2418029963232169,0.7869363437590993,0.32610531294027334,14.678093999999998,9.37656,8.866071999999999,9.59955,1.0,0.0,1.0,0.0,0.0,0.0,0.0,0.0,0.0,0.0,0.0,0.0,0.0,0.0,0.0,0.0,0.0,0,0,0.0,0,0,0,0,0.0,0,0,0
3,51,510.334,519.348,10,1.9833745906050955,7.07011244371283,-0.502686925509,1.7003377280618934,0.12256608678313441,0.6784463212226244,0.22508259753658932,0.1732606771082764,0.1865018086373716,0.7183310384160029,0.2278169769644746,60.364684,8.17594,3.6737729999999997,10.0089,1.0,0.0,0.9,0.0,0.0,0.0,0.0,0.0,0.0,0.0,0.0,0.0,0.0,0.0,0.0,0.0,0.0,0,0,0.0,0,0,0,0,0.0,0,0,0
3,52,520.345,529.355,10,0.33879903153667196,1.415618294976242,-0.170885407708138,1.4127927095571278,0.05739504250153758,0.4295548399835361,0.13671193063439285,0.1215986526955889,0.1632886077155848,0.9409992270457745,0.14758078145152329,108.08812,51.6071,2.890717,5.10671,1.0,0.0,1.0,0.0,0.0,0.0,0.0,0.0,0.0,0.0,0.0,0.0,0.0,0.0,0.0,0.0,0.0,0,0,0.0,0,0,0,0,0.0,0,0,0
3,53,530.358,539.364,10,0.364094091850879,2.463359299892279,0.0010615813048799438,1.2974547742439637,0.352802365441354,2.9849975078480373,0.9404722470417972,0.5969995015696075,0.6758890175061895,0.28830497962067836,0.9365961459923756,49.766560000000005,35.4266,2.626597,2.86938,1.0,0.0,0.2,0.0,0.0,0.0,0.0,0.0,0.0,0.0,0.0,0.0,0.0,0.0,0.0,0.0,0.0,0,0,0.0,0,0,0,0,0.0,0,0,0
3,54,540.365,549.373,10,0.0,0.0,0.0,0.0,0.0,0.0,0.0,0.0,0.0,0.4805640019074244,0.01717199452171412,38.982870000000005,38.9266,2.518578,2.52906,1.0,0.0,0.0,0.0,0.0,0.0,0.0,0.0,0.0,0.0,0.0,0.0,0.0,0.0,0.0,0.0,0.0,0,0,0.0,0,0,0,0,0.0,0,0,0
3,55,550.366,559.396,10,0.0,0.0,0.0,0.0,0.0,0.0,0.0,0.0,0.0,0.09998234519232203,0.0,87.23754,37.9182,5.831100999999999,10.665,1.0,0.0,0.6,0.0,0.0,0.0,0.0,0.0,0.0,0.0,0.0,0.0,0.0,0.0,0.0,0.0,0.0,0,0,0.0,0,0,0,0,0.0,0,0,0
3,56,560.385,569.395,10,0.0,0.0,0.0,0.0,0.0,0.0,0.0,0.0,0.0,0.0,0.0,108.9211,108.905,10.66503,10.677,1.0,0.0,1.0,0.0,0.0,0.0,0.0,0.0,0.0,0.0,0.0,0.0,0.0,0.0,0.0,0.0,0.0,0,0,0.0,0,0,0,0,0.0,0,0,0
3,57,570.4,579.4,10,0.0,0.0,0.0,0.0,0.19690690016962437,1.7529110680294278,0.5489947642234879,0.3535566889523128,0.23237401675986175,0.0,0.16557949955887402,69.19910999999999,31.4933,3.687956,10.1579,1.0,0.0,1.0,0.0,0.0,0.0,0.0,0.0,0.0,0.0,0.0,0.0,0.0,0.0,0.0,0.0,0.0,0,0,0.0,0,0,0,0,0.0,0,0,0
3,58,580.408,589.421,10,0.18077120415367198,0.9970985767199695,-0.0001832095534578226,0.9891850959523507,0.24986621070680895,1.94411271182609,0.6202837924652607,0.37342051978077817,0.45956527842905703,0.23467716628331833,0.7175970198389037,82.09021,33.3149,4.582258,5.92366,1.0,0.0,0.9,0.0,0.0,0.0,0.0,0.0,0.0,0.0,0.0,0.0,0.0,0.0,0.0,0.0,0.0,0,0,0.0,0,0,0,0,0.0,0,0,0
3,59,590.429,599.435,10,0.0,0.0,0.0,0.0,0.07753153527524619,0.6714146563797873,0.21120858723255523,0.13428292915802537,0.15152694580909618,0.14890725684557365,0.2160796835815694,58.67960000000001,58.0965,5.0462229999999995,5.05358,1.0,0.0,1.0,0.0,0.0,0.0,0.0,0.0,0.0,0.0,0.0,0.0,0.0,0.0,0.0,0.0,0.0,0,0,0.0,0,0,0,0,0.0,0,0,0
3,60,600.428,609.444,10,0.0,0.0,0.0,0.0,0.0,0.0,0.0,0.0,0.0,0.09995203855617661,0.003285628510152671,58.16588,58.0862,5.045261,5.05375,1.0,0.0,1.0,0.0,0.0,0.0,0.0,0.0,0.0,0.0,0.0,0.0,0.0,0.0,0.0,0.0,0.0,0,0,0.0,0,0,0,0,0.0,0,0,0
3,61,610.448,619.458,10,0.0,0.0,0.0,0.0,0.0,0.0,0.0,0.0,0.0,0.0,0.0,62.05273,48.8995,4.996543,8.37563,1.0,0.0,1.0,0.0,0.0,0.0,0.0,0.0,0.0,0.0,0.0,0.0,0.0,0.0,0.0,0.0,0.0,0,0,0.0,0,0,0,0,0.0,0,0,0
3,62,620.459,629.466,10,0.0,0.0,0.0,0.0,0.0,0.0,0.0,0.0,0.0,0.0,0.0,69.81859,44.478,2.182404,2.49326,1.0,0.0,1.0,0.0,0.0,0.0,0.0,0.0,0.0,0.0,0.0,0.0,0.0,0.0,0.0,0.0,0.0,0,0,0.0,0,0,0,0,0.0,0,0,0
3,63,630.463,639.481,10,0.0,0.0,0.0,0.0,0.0,0.0,0.0,0.0,0.0,0.0,0.0,123.07024999999999,74.7018,3.7314610000000004,4.80694,1.0,0.0,1.0,0.0,0.0,0.0,0.0,0.0,0.0,0.0,0.0,0.0,0.0,0.0,0.0,0.0,0.0,0,0,0.0,0,0,0,0,0.0,0,0,0
3,64,640.479,649.487,10,0.0,0.0,0.0,0.0,0.0,0.0,0.0,0.0,0.0,0.0,0.0,37.0664,25.0391,6.387148,7.11212,1.0,0.0,1.0,0.0,0.0,0.0,0.0,0.0,0.0,0.0,0.0,0.0,0.0,0.0,0.0,0.0,0.0,0,0,0.0,0,0,0,0,0.0,0,0,0
3,65,650.49,659.498,10,0.0,0.0,0.0,0.0,0.0,0.0,0.0,0.0,0.0,0.0,0.0,37.167449999999995,25.0533,3.647823,4.62521,1.0,0.0,1.0,0.0,0.0,0.0,0.0,0.0,0.0,0.0,0.0,0.0,0.0,0.0,0.0,0.0,0.0,0,0,0.0,0,0,0,0,0.0,0,0,0
3,66,660.491,669.506,10,0.0,0.0,0.0,0.0,0.0,0.0,0.0,0.0,0.0,0.0,0.0,90.31945,44.0048,2.824134,3.70555,1.0,0.0,1.0,0.0,0.0,0.0,0.0,0.0,0.0,0.0,0.0,0.0,0.0,0.0,0.0,0.0,0.0,0,0,0.0,0,0,0,0,0.0,0,0,0
3,67,670.503,679.55,10,0.0,0.0,0.0,0.0,0.0,0.0,0.0,0.0,0.0,0.0,0.0,84.65831,58.2427,3.962135,4.84372,1.0,0.0,0.9,0.0,0.0,0.0,0.0,0.0,0.0,0.0,0.0,0.0,0.0,0.0,0.0,0.0,0.0,0,0,0.0,0,0,0,0,0.0,0,0,0
3,68,680.554,689.561,10,0.0,0.0,0.0,0.0,0.0,0.0,0.0,0.0,0.0,0.0,0.0,59.88787,54.0945,4.826793,5.07989,1.0,0.0,1.0,0.0,0.0,0.0,0.0,0.0,0.0,0.0,0.0,0.0,0.0,0.0,0.0,0.0,0.0,0,0,0.0,0,0,0,0,0.0,0,0,0
3,69,690.557,699.561,10,0.0,0.0,0.0,0.0,0.0,0.0,0.0,0.0,0.0,0.0,0.0,64.66498,57.6985,2.7553159999999997,4.81945,1.0,0.0,1.0,0.0,0.0,0.0,0.0,0.0,0.0,0.0,0.0,0.0,0.0,0.0,0.0,0.0,0.0,0,0,0.0,0,0,0,0,0.0,0,0,0
3,70,700.565,709.579,10,0.0,0.0,0.0,0.0,0.15570391808776882,0.8232547957906041,0.32892937341785783,0.23802938880437932,0.2169011989506587,0.0,0.16306094928689524,72.25604,58.2686,2.0934429999999997,3.26571,1.0,0.0,1.0,0.0,0.0,0.0,0.0,0.0,0.0,0.0,0.0,0.0,0.0,0.0,0.0,0.0,0.0,0,0,0.0,0,0,0,0,0.0,0,0,0
3,71,710.573,719.588,10,0.0,0.0,0.0,0.0,0.029001298469697595,0.29001298469697595,0.0917101582666001,0.0733784325643562,0.14148666446864272,0.0,0.2596741463885294,65.59924,64.5694,2.213095,2.24605,1.0,0.0,1.0,0.0,0.0,0.0,0.0,0.0,0.0,0.0,0.0,0.0,0.0,0.0,0.0,0.0,0.0,0,0,0.0,0,0,0,0,0.0,0,0,0
3,72,720.589,729.599,10,0.0,0.0,0.0,0.0,0.0,0.0,0.0,0.0,0.0,0.0,0.0,64.84904,64.6812,2.2376110000000002,2.24526,1.0,0.0,1.0,0.0,0.0,0.0,0.0,0.0,0.0,0.0,0.0,0.0,0.0,0.0,0.0,0.0,0.0,0,0,0.0,0,0,0,0,0.0,0,0,0
3,73,730.594,739.599,10,0.0,0.0,0.0,0.0,0.0,0.0,0.0,0.0,0.0,0.0,0.0,64.8466,64.711,2.236561,2.24363,1.0,0.0,1.0,0.0,0.0,0.0,0.0,0.0,0.0,0.0,0.0,0.0,0.0,0.0,0.0,0.0,0.0,0,0,0.0,0,0,0,0,0.0,0,0,0
3,74,740.609,749.614,10,0.0,0.0,0.0,0.0,0.0,0.0,0.0,0.0,0.0,0.0,0.0,64.83432,64.7173,2.238187,2.24413,1.0,0.0,1.0,0.0,0.0,0.0,0.0,0.0,0.0,0.0,0.0,0.0,0.0,0.0,0.0,0.0,0.0,0,0,0.0,0,0,0,0,0.0,0,0,0
3,75,750.611,759.621,10,0.0,0.0,0.0,0.0,0.0,0.0,0.0,0.0,0.0,0.0,0.0,64.85062,64.7118,2.236981,2.24535,1.0,0.0,1.0,0.0,0.0,0.0,0.0,0.0,0.0,0.0,0.0,0.0,0.0,0.0,0.0,0.0,0.0,0,0,0.0,0,0,0,0,0.0,0,0,0
3,76,760.63,769.636,10,0.0,0.0,0.0,0.0,0.0,0.0,0.0,0.0,0.0,0.0,0.0,64.86964,64.6959,2.238018,2.24608,1.0,0.0,1.0,0.0,0.0,0.0,0.0,0.0,0.0,0.0,0.0,0.0,0.0,0.0,0.0,0.0,0.0,0,0,0.0,0,0,0,0,0.0,0,0,0
3,77,770.631,779.676,10,0.013912436282539239,0.1391243628253924,0.013679878350579391,0.13679878350579391,0.1320880657924735,0.8652582089420555,0.2711151380282306,0.13885797352850945,0.10375395272114671,0.09995185454210995,0.10319748354619909,55.169200000000004,46.3631,2.284514,2.40224,1.0,0.0,0.8,0.0,0.0,0.0,0.0,0.0,0.0,0.0,0.0,0.0,0.0,0.0,0.0,0.0,0.0,0,0,0.0,0,0,0,0,0.0,0,0,0
3,78,780.648,789.665,10,0.21420464198623163,2.142046419862316,-0.005393777632319718,2.060619400243749,0.020263305332032917,0.20263214025152318,0.06407787695338552,0.08652581890681862,0.15535891142376124,0.9837467619542746,0.2506982809020588,37.13938,36.9942,2.804595,2.80821,1.0,0.0,1.0,0.0,0.0,0.0,0.0,0.0,0.0,0.0,0.0,0.0,0.0,0.0,0.0,0.0,0.0,0,0,0.0,0,0,0,0,0.0,0,0,0
3,79,790.664,799.675,10,0.0,0.0,0.0,0.0,1.6732231035211843e-07,7.549951942143655e-07,3.083489025117142e-07,1.4688100449792916e-07,2.2567344616119152e-07,0.9853465713751082,2.61772871479574e-07,37.14685,37.0399,2.805097,2.80741,1.0,0.0,1.0,0.0,0.0,0.0,0.0,0.0,0.0,0.0,0.0,0.0,0.0,0.0,0.0,0.0,0.0,0,0,0.0,0,0,0,0,0.0,0,0,0
3,80,800.67,809.919,10,111.8514409997138,1117.800460414518,-63.9403034174248,773.0293640487677,0.8242025757006847,2.824969381937679,1.2150935546305672,0.35960939954966714,0.40589479574730003,0.6996654012075769,0.33432470035269796,37.1394,37.0799,2.80457,2.80687,0.3,0.0,1.0,0.0,0.0,0.0,0.0,0.0,0.0,0.0,0.0,0.0,0.0,0.0,0.0,0.0,0.0,0,0,0.0,0,0,0,0,0.0,0,0,0
3,81,810.917,819.962,10,0.46424337034168034,3.3020299565163156,-0.06230236860457572,2.593266907711811,0.020846746611349602,0.18233409583592272,0.0573321688667466,0.28736914523482887,0.524200044276549,0.9946240101433302,1.0335717500367259,180.0,180.0,0.0,0.0,0.0,0.0,0.0,0.0,0.0,0.0,0.0,0.0,0.0,0.0,0.0,0.0,0.0,0.0,0.0,0.0,0.0,0,0,0.0,0,0,0,0,0.0,0,0,0
3,82,820.967,829.991,10,3.717073634902716,6.753604442320501,0.3504914317897449,3.5954384721972272,0.3326245386902582,1.818904246628489,0.6066376311909537,0.21120750750881562,0.1636743991407485,0.8843943582193636,0.13314190986626642,180.0,180.0,0.0,0.0,0.0,0.0,0.0,0.0,0.0,0.0,0.0,0.0,0.0,0.0,0.0,0.0,0.0,0.0,0.0,0.0,0.0,0,0,0.0,0,0,0,0,0.0,0,0,0
3,83,830.982,838.992,9,5.144039362766276,6.826841805987564,0.013492046886633573,2.8396040463961802,0.42358122204559506,1.7050034620597163,0.6859960531543939,0.24754467531771615,0.5179911669903814,0.9389919649271979,0.7640678544952988,180.0,180.0,0.0,0.0,0.0,0.0,0.0,0.0,0.0,0.0,0.0,0.0,0.0,0.0,0.0,0.0,0.0,0.0,0.0,0.0,0.0,0,0,0.0,0,0,0,0,0.0,0,0,0
3,84,840.003,849.995,11,3.0620807005590507,3.741114924795189,0.00564137122912145,1.1908260425396215,0.1704126627417952,0.912671617225212,0.3394548543808062,0.17635290039404006,0.18312442351208158,0.9520057093108143,0.25012140830791896,180.0,180.0,0.0,0.0,0.0,0.0,0.0,0.0,0.0,0.0,0.0,0.0,0.0,0.0,0.0,0.0,0.0,0.0,0.0,0.0,0.0,0,0,0.0,0,0,0,0,0.0,0,0,0
3,85,851.014,859.054,9,2.0330522549624694,4.01736069747459,-0.41418706424288065,0.2258972278046248,0.28901100686665304,0.8987021326202415,0.3709674165051215,0.34637438216639227,0.35141240988967565,0.9326521243453796,0.392022525047955,180.0,180.0,0.0,0.0,0.0,0.0,0.0,0.0,0.0,0.0,0.0,0.0,0.0,0.0,0.0,0.0,0.0,0.0,0.0,0.0,0.0,0,0,0.0,0,0,0,0,0.0,0,0,0
3,86,860.045,869.03,10,0.0,0.0,0.0,0.0,1.4939556962006957e-08,1.5158861845216335e-08,2.045605952144755e-10,3.143974073444996e-10,3.41386207778794e-10,0.8791378798465794,0.12375245177870949,180.0,180.0,0.0,0.0,0.0,0.0,0.0,0.0,0.0,0.0,0.0,0.0,0.0,0.0,0.0,0.0,0.0,0.0,0.0,0.0,0.0,0,0,0.0,0,0,0,0,0.0,0,0,0
3,87,870.048,879.056,10,3.0023143167775013,6.0635026311884355,0.39837100903916584,2.8874434824060837,0.3746525772933307,0.8488962252145671,0.2981400877646401,0.2597295728402749,0.21450095770595926,0.8268968909196962,0.21602520691461397,180.0,180.0,0.0,0.0,0.0,0.0,0.0,0.0,0.0,0.0,0.0,0.0,0.0,0.0,0.0,0.0,0.0,0.0,0.0,0.0,0.0,0,0,0.0,0,0,0,0,0.0,0,0,0
3,88,880.056,889.075,10,3.4515423054536045,5.420668369786819,-0.2794288508882965,2.2146192249642658,1.025212704615373,2.333844593185086,0.7433780030699739,0.7688926640966677,0.6934042870778242,0.5845202506206137,0.7084907138423313,180.0,180.0,0.0,0.0,0.0,0.0,0.0,0.0,0.0,0.0,0.0,0.0,0.0,0.0,0.0,0.0,0.0,0.0,0.0,0.0,0.0,0,0,0.0,0,0,0,0,0.0,0,0,0
3,89,890.071,899.086,10,1.8000677262479179,4.90783397383322,-0.10732538454688663,1.6225242280993186,0.684611322948974,1.9433457942431474,0.7473504657040587,0.8241398199875867,0.7039652054140043,0.5357674030536346,0.6692134591114289,180.0,180.0,0.0,0.0,0.0,0.0,0.0,0.0,0.0,0.0,0.0,0.0,0.0,0.0,0.0,0.0,0.0,0.0,0.0,0.0,0.0,0,0,0.0,0,0,0,0,0.0,0,0,0
3,90,900.088,909.097,10,5.315003757911802,6.997298368447588,0.6745280734799214,4.1332435217392005,0.5438468800326228,2.3587001050989436,0.8457689028045506,0.48088325587073016,0.6629946821659167,0.708428409272276,0.8162063756498299,180.0,180.0,0.0,0.0,0.0,0.0,0.0,0.0,0.0,0.0,0.0,0.0,0.0,0.0,0.0,0.0,0.0,0.0,0.0,0.0,0.0,0,0,0.0,0,0,0,0,0.0,0,0,0
3,91,910.096,919.105,10,5.676119122525457,6.783485303004462,-0.27010995568890184,1.0503987566414084,0.20819348772525093,0.958171687716996,0.34899902733146165,0.1635546800059366,0.13310238059174623,0.9235709492845512,0.34644647520833316,180.0,180.0,0.0,0.0,0.0,0.0,0.0,0.0,0.0,0.0,0.0,0.0,0.0,0.0,0.0,0.0,0.0,0.0,0.0,0.0,0.0,0,0,0.0,0,0,0,0,0.0,0,0,0
3,92,920.113,929.118,10,5.081003047495468,6.91644165947312,0.2623952416823057,1.679689029942516,0.025206725957457998,0.19869979564334259,0.06181159739366431,0.0855100807849756,0.16898290573323824,0.9863570453577621,0.2894948890379951,180.0,180.0,0.0,0.0,0.0,0.0,0.0,0.0,0.0,0.0,0.0,0.0,0.0,0.0,0.0,0.0,0.0,0.0,0.0,0.0,0.0,0,0,0.0,0,0,0,0,0.0,0,0,0
3,93,930.119,939.131,10,6.179221739203285,6.941889074574702,-0.27969961790494163,0.3328988407432442,0.3769965827094633,1.6406275659880676,0.6185054807997068,0.17288528176065726,0.17862235866611526,0.9931024429763923,0.15339352608480591,180.0,180.0,0.0,0.0,0.0,0.0,0.0,0.0,0.0,0.0,0.0,0.0,0.0,0.0,0.0,0.0,0.0,0.0,0.0,0.0,0.0,0,0,0.0,0,0,0,0,0.0,0,0,0
3,94,940.148,949.137,10,4.435439617869054,6.799677064369857,-0.34351851053240756,1.78082569289794,0.45228311917592806,0.8563669800059163,0.30204786620326035,0.43311480386343926,0.39657442410096966,0.971056902892282,0.5107989372511172,113.5779875,43.802,982.8821250000001,999.671,0.8,0.0,0.0,0.0,0.0,0.0,0.0,0.0,0.0,0.0,0.0,0.0,0.0,0.0,0.0,0.0,0.0,0,0,0.0,0,0,0,0,0.0,0,0,0
3,95,950.142,959.159,10,0.6375386288451639,3.9704555745511456,0.33806218755224626,3.6272057785601945,0.07254854159807214,0.31285195719933123,0.10687989264494036,0.0881850042039514,0.13955386008655962,0.8216300314438172,0.2520047927963776,146.329,119.414,976.8043,980.779,1.0,0.0,0.0,0.0,0.0,0.0,0.0,0.0,0.0,0.0,0.0,0.0,0.0,0.0,0.0,0.0,0.0,0,0,0.0,0,0,0,0,0.0,0,0,0
3,96,960.151,969.157,10,1.8720090688635689,3.6720297978724004,-0.11464758971089029,2.29114020345572,0.697559835968941,2.0092758992160777,0.7830909847409174,0.7344183109748217,0.6943823785102381,0.39911305138434117,0.7448388129494534,133.56729,47.3733,973.1499,976.132,1.0,0.0,0.0,0.0,0.0,0.0,0.0,0.0,0.0,0.0,0.0,0.0,0.0,0.0,0.0,0.0,0.0,0,0,0.0,0,0,0,0,0.0,0,0,0
3,97,970.158,979.178,10,1.487568800199795,3.9902115576649035,-0.08663050669122604,3.306102050759112,0.5609538360262252,1.9721575052261753,0.7409457283657592,0.6363213311245003,0.6050746512361618,0.23378540073525972,0.7222526715996225,137.24723,63.2983,975.1081,978.456,1.0,0.0,0.0,0.0,0.0,0.0,0.0,0.0,0.0,0.0,0.0,0.0,0.0,0.0,0.0,0.0,0.0,0,0,0.0,0,0,0,0,0.0,0,0,0
3,98,980.17,989.196,10,3.0274158935401756,6.552683519439254,0.18204294960296621,3.592431383998874,1.0588291735454174,2.053829791382016,0.5388966515204875,0.5670754782108246,0.5889516274307147,0.31114384668107337,0.6772726296655696,84.93012999999999,20.2926,959.5328999999999,971.082,1.0,0.0,0.0,0.0,0.0,0.0,0.0,0.0,0.0,0.0,0.0,0.0,0.0,0.0,0.0,0.0,0.0,0,0,0.0,0,0,0,0,0.0,0,0,0
3,99,990.179,999.193,10,2.5239147971007654,4.203648527290097,-0.292344573758006,0.6202870837657151,0.6843728962456508,1.8145377768468953,0.5130146494838486,0.6911541522847686,0.4113302667642319,0.3584535555588781,0.4621776541236947,66.302074,1.00522,927.1986,934.389,1.0,0.1,0.0,0.1,0.0,0.0,0.0,0.0,0.0,0.1,0.0,0.0,0.0,0.0,0.0,0.0,0.0,0,0,0.0,0,0,0,0,0.0,0,0,0
3,100,1000.2,1009.215,10,4.618264617350582,6.740376926345917,0.5604951209120113,2.534586544313913,0.9537742808407284,2.564771987427491,0.9758907909611205,1.1448335847056128,0.9057261800598091,0.48681619087968986,0.848320948984975,82.94126,27.2785,907.0699000000001,926.14,1.0,0.0,0.0,0.0,0.0,0.0,0.0,0.0,0.0,0.0,0.0,0.0,0.0,0.0,0.0,0.0,0.0,0,0,0.0,0,0,0,0,0.0,0,0,0
3,101,1010.217,1019.217,10,2.7148969153337097,6.244956053708676,-0.4774347589491986,5.344523500871707,0.8675477743649445,2.0530444654911384,0.5631044961297504,0.7486211044954805,0.488362014263914,0.3534238275694221,0.6098802093133915,95.46748,33.1642,856.2522000000001,865.338,1.0,0.0,0.0,0.0,0.0,0.0,0.0,0.0,0.0,0.0,0.0,0.0,0.0,0.0,0.0,0.0,0.0,0,0,0.0,0,0,0,0,0.0,0,0,0
3,102,1020.226,1029.251,10,3.7306298427099778,6.658224689188396,0.5251102022389321,3.831173891108736,0.9998726272724909,1.7339899804641716,0.5118118061784128,0.510658042849004,0.5534660920395134,0.24668367352856674,0.5580183123488511,83.015411,2.62711,808.5874,828.475,1.0,0.1,0.0,0.1,0.0,0.0,0.0,0.0,0.0,0.1,0.0,0.0,0.0,0.0,0.0,0.0,0.0,0,0,0.0,0,0,0,0,0.0,0,0,0
3,103,1030.233,1039.258,10,3.515687736215992,6.758508683585307,-0.38583213062745647,1.4334823541553563,0.21062951197520535,0.8957132628507178,0.2821239629582254,0.2538400458792371,0.3043026493658845,0.305014248011892,0.461747120297921,109.51175,83.1788,739.265,767.286,1.0,0.0,0.0,0.0,0.0,0.0,0.0,0.0,0.0,0.0,0.0,0.0,0.0,0.0,0.0,0.0,0.0,0,0,0.0,0,0,0,0,0.0,0,0,0
3,104,1040.255,1049.256,10,3.0764093910050465,4.559133691702082,0.15253185021494892,3.2693668812735344,1.0038950468892585,2.8799086283808206,0.9785916410342964,1.2167821280865547,0.9677189705645022,0.3598980844467396,0.8814479698415566,70.98216699999999,9.64367,702.0818,722.259,1.0,0.0,0.0,0.0,0.0,0.0,0.0,0.0,0.0,0.0,0.0,0.0,0.0,0.0,0.0,0.0,0.0,0,0,0.0,0,0,0,0,0.0,0,0,0
3,105,1050.257,1059.267,10,4.985224554145477,6.811194043599709,-0.023812392413220796,3.4498559950419936,0.3928449634056403,1.1754768364224712,0.3804009065846593,0.38196864244162776,0.41913762770887397,0.334272602723304,0.606469248098016,88.27446699999999,8.01587,649.3741,674.511,1.0,0.0,0.0,0.0,0.0,0.0,0.0,0.0,0.0,0.0,0.0,0.0,0.0,0.0,0.0,0.0,0.0,0,0,0.0,0,0,0,0,0.0,0,0,0
3,106,1060.271,1069.285,10,3.536597367386045,4.9476861431766155,0.10769272682070988,1.1398505077389318,0.4706240393819921,1.5221243222612977,0.4811026536232254,0.42073967218474495,0.4420960770350037,0.5879641765198861,0.4743872923477139,37.6004,6.1686,633.5308,640.702,1.0,0.0,0.0,0.0,0.0,0.0,0.0,0.0,0.0,0.0,0.0,0.0,0.0,0.0,0.0,0.0,0.0,0,0,0.0,0,0,0,0,0.0,0,0,0
3,107,1070.279,1079.3,10,2.7380945994258963,4.08684911209028,-0.39744186929619535,0.304270247639287,0.7368970450551846,1.9075435145141135,0.545205586271892,0.5401830315404798,0.4096780696641522,0.6959272544302856,0.38266812357906776,111.57497000000001,38.795,625.2443000000001,630.098,1.0,0.0,0.0,0.0,0.0,0.0,0.0,0.0,0.0,0.0,0.0,0.0,0.0,0.0,0.0,0.0,0.0,0,0,0.0,0,0,0,0,0.0,0,0,0
3,108,1080.289,1089.308,10,2.049473657291903,6.311664736835474,0.5344055806755257,3.3598491056998365,0.913613087739934,2.0234961645244467,0.627667439169452,0.7843766659100575,0.7165371888020058,0.4709414067210285,0.6620107531856758,84.669355,6.47805,607.3863,616.897,1.0,0.0,0.0,0.0,0.0,0.0,0.0,0.0,0.0,0.0,0.0,0.0,0.0,0.0,0.0,0.0,0.0,0,0,0.0,0,0,0,0,0.0,0,0,0
3,109,1090.316,1099.32,10,2.645561689689412,5.923285976680349,-0.5695208573937589,1.0703813592682374,0.5561904272447701,1.34043170623004,0.4211902156273922,0.565613559755235,0.43570603602005986,0.24813227976662783,0.4975982252445127,46.0783,11.3231,563.6799,579.242,1.0,0.0,0.0,0.0,0.0,0.0,0.0,0.0,0.0,0.0,0.0,0.0,0.0,0.0,0.0,0.0,0.0,0,0,0.0,0,0,0,0,0.0,0,0,0
3,110,1100.317,1109.324,10,2.852310727588505,5.8968049448012065,-0.060721077917748924,3.010979238777351,0.5624187739972939,1.4451687233092656,0.5422757634080573,0.5721972292571067,0.49756462329353746,0.49128511605399366,0.48732134039894426,123.02059999999999,15.0155,518.5151,542.041,1.0,0.0,0.0,0.0,0.0,0.0,0.0,0.0,0.0,0.0,0.0,0.0,0.0,0.0,0.0,0.0,0.0,0,0,0.0,0,0,0,0,0.0,0,0,0
3,111,1110.334,1119.342,10,0.5440124277775944,2.1014601221275977,0.21007174880604523,1.2418942972970104,0.7303475793186203,1.7578069721230003,0.6481339815520948,0.7755917023550669,0.6508210383445909,0.2541848665328849,0.6438088573887792,95.71951,42.5651,490.5366,503.3,1.0,0.0,0.0,0.0,0.0,0.0,0.0,0.0,0.0,0.0,0.0,0.0,0.0,0.0,0.0,0.0,0.0,0,0,0.0,0,0,0,0,0.0,0,0,0
3,112,1120.342,1129.359,10,0.8311428902915038,3.0202082575513773,-0.04374089889918766,1.8100675995790971,0.37387554867716283,1.5740413155816135,0.6118159801506157,0.6664656838998448,0.5013368377849453,0.3473859278938205,0.5620889150586416,36.72979,20.9177,476.6675,479.387,1.0,0.0,0.0,0.0,0.0,0.0,0.0,0.0,0.0,0.0,0.0,0.0,0.0,0.0,0.0,0.0,0.0,0,0,0.0,0,0,0,0,0.0,0,0,0
3,113,1130.365,1139.374,10,2.158542692409475,4.1638481371878715,-0.1165458597537431,3.2600355067223687,0.5814267695322516,2.3190377568787435,0.8140002566957425,0.6420262812693068,0.6194927567982546,0.43513405440570996,0.6686678954671192,61.91796000000001,33.6582,461.0784,466.628,1.0,0.0,0.0,0.0,0.0,0.0,0.0,0.0,0.0,0.0,0.0,0.0,0.0,0.0,0.0,0.0,0.0,0,0,0.0,0,0,0,0,0.0,0,0,0
3,114,1140.378,1149.41,10,0.632219229681578,1.5487554717069918,0.07018231795683358,1.1905539340790035,0.2813941101357952,1.9773848889309482,0.605399483989986,0.4668261090156607,0.5276982523183865,0.6261798252607582,0.7354042768957152,104.03395,89.3672,468.73009999999994,481.411,1.0,0.0,0.0,0.0,0.0,0.0,0.0,0.0,0.0,0.0,0.0,0.0,0.0,0.0,0.0,0.0,0.0,0,0,0.0,0,0,0,0,0.0,0,0,0
3,115,1150.377,1159.388,10,1.8515333354518226,3.967455307774995,0.24200020107503467,2.336671757424234,0.5830480226543868,1.8618382701740106,0.5804531167322025,0.7418593304534019,0.7199773666095236,0.5051854465079254,0.6633013672063698,98.0181,44.835,495.30429999999996,508.198,1.0,0.0,0.0,0.0,0.0,0.0,0.0,0.0,0.0,0.0,0.0,0.0,0.0,0.0,0.0,0.0,0.0,0,0,0.0,0,0,0,0,0.0,0,0,0
3,116,1160.394,1169.409,10,1.7172427167374884,3.5331624601527003,-0.039629999195827416,2.27299019796523,0.7751635266068837,2.2683854353596677,0.7192438302595612,0.5284140465361635,0.43669588774571616,0.5365390964226465,0.5337174485939769,41.794525,3.94159,518.8815999999999,526.082,1.0,0.3,0.0,0.3,0.0,0.0,2.02,0.0,0.0,0.3,0.0,2.02,0.0,0.0,0.0,0.0,0.0,0,0,0.0,0,0,0,0,0.0,0,0,0
3,117,1170.409,1179.406,10,3.1347726459630505,3.8186622340513194,0.05407813334231827,0.9419065427659403,0.6578235746804812,2.003333628927,0.8047651064089316,0.6627639942700884,0.73650897941302,0.48986014161119745,0.7637806958442508,60.71319,13.244,541.4377999999999,547.751,1.0,0.0,0.0,0.0,0.0,0.0,0.0,0.0,0.0,0.0,0.0,0.0,0.0,0.0,0.0,0.0,0.0,0,0,0.0,0,0,0,0,0.0,0,0,0
3,118,1180.416,1189.432,10,3.4132376916686638,3.717406225091049,-0.016521676758508706,0.5364752789217893,0.4719611267696762,1.0762246244015088,0.45347410460304305,0.5657315009874387,0.40417569531295794,0.5960946188440492,0.5702485524890207,34.867090000000005,12.1417,527.5618999999999,531.071,1.0,0.0,0.0,0.0,0.0,0.0,0.0,0.0,0.0,0.0,0.0,0.0,0.0,0.0,0.0,0.0,0.0,0,0,0.0,0,0,0,0,0.0,0,0,0
3,119,1190.424,1199.441,10,2.851762806108156,3.6528709916797055,-0.0443446964034957,1.4252371742761656,0.9642682576793747,2.871021231019775,0.9417813132628192,1.0946102323481048,0.8383672122911768,0.8668702232243163,0.7584954015598738,63.247875,9.46635,525.8572,529.564,1.0,0.0,0.0,0.0,0.0,0.0,0.0,0.0,0.0,0.0,0.0,0.0,0.0,0.0,0.0,0.0,0.0,0,0,0.0,0,0,0,0,0.0,0,0,0
3,120,1200.433,1209.478,10,6.388690919560672,6.766291087232232,0.20674043906604372,2.462526726323018,0.2796789831391764,1.390640446058634,0.4255165386743105,0.4714927690306771,0.4418521693883567,0.9243318038690299,0.7096226226935932,39.393578000000005,5.70949,500.5167,520.045,1.0,0.0,0.0,0.0,0.0,0.0,0.0,0.0,0.0,0.0,0.0,0.0,0.0,0.0,0.0,0.0,0.0,0,0,0.0,0,0,0,0,0.0,0,0,0
3,121,1210.455,1219.468,10,5.723758545955678,6.755270051490248,0.15305941326932127,2.1453264678911053,0.32563764163028525,1.6740506265106936,0.515079315893488,0.521623056195341,0.5070825231320802,0.8456006551971477,0.5557274892574677,61.00271,13.0073,457.83090000000004,476.468,1.0,0.0,0.0,0.0,0.0,0.0,0.0,0.0,0.0,0.0,0.0,0.0,0.0,0.0,0.0,0.0,0.0,0,0,0.0,0,0,0,0,0.0,0,0,0
3,122,1220.471,1229.495,10,3.58893970817351,6.530860855935508,-0.5017257369948773,1.2186877641514944,0.3725158314867616,0.832472614153483,0.22586622383068256,0.3103357103001406,0.2476018849673718,0.6518011130665509,0.3049372852689083,127.13435999999999,81.9956,439.9474,449.274,1.0,0.0,0.0,0.0,0.0,0.0,0.0,0.0,0.0,0.0,0.0,0.0,0.0,0.0,0.0,0.0,0.0,0,0,0.0,0,0,0,0,0.0,0,0,0
3,123,1230.505,1239.487,10,1.4749800068011112,3.5412058758753124,-0.0960263901020004,1.7128691363358408,0.6406304928309765,2.249130365741508,0.6654010622903821,0.7676463128901272,0.6031608739901453,0.5571275871613863,0.6132208834386386,47.082572,2.09602,458.2811,470.221,1.0,0.1,0.0,0.1,0.0,0.0,0.0,0.0,0.0,0.1,0.0,0.0,0.0,0.0,0.0,0.0,0.0,0,0,0.0,0,0,0,0,0.0,0,0,0
3,124,1240.489,1249.501,10,2.006306934528698,3.39192490646521,0.24470193390007253,1.6617574427396697,1.5477838181659251,2.608978040783519,0.8809923383725521,1.1491360552398313,0.8628966192544019,0.22728814441810882,0.8211142580414194,77.723,12.2487,474.59530000000007,478.966,1.0,0.0,0.0,0.0,0.0,0.0,0.0,0.0,0.0,0.0,0.0,0.0,0.0,0.0,0.0,0.0,0.0,0,0,0.0,0,0,0,0,0.0,0,0,0
3,125,1250.495,1259.515,10,2.788388726057931,3.611141401770365,-0.07719140314941683,1.073398347054105,0.48660080092646574,1.603416876575706,0.5240396282682601,0.47479122061380846,0.5093579552565883,0.513676613297138,0.7690465459731891,93.46894,37.2343,467.2205,476.987,1.0,0.0,0.0,0.0,0.0,0.0,0.0,0.0,0.0,0.0,0.0,0.0,0.0,0.0,0.0,0.0,0.0,0,0,0.0,0,0,0,0,0.0,0,0,0
3,126,1260.515,1269.515,10,1.8918884610103213,4.058859612479681,0.16515247866045019,2.7512623988933074,0.5864337140846354,1.4257136687771068,0.46784082815475697,0.488861473102118,0.36981641535325316,0.6044372179950213,0.34784718634946427,60.93119,20.2455,455.4482,457.02,1.0,0.0,0.0,0.0,0.0,0.0,0.0,0.0,0.0,0.0,0.0,0.0,0.0,0.0,0.0,0.0,0.0,0,0,0.0,0,0,0,0,0.0,0,0,0
3,127,1270.525,1279.545,10,2.8415263298530924,3.674938488970465,-0.17254542738446696,1.4716670793854716,0.43159763157352915,3.042500504015938,0.9239727533123037,0.7088883072059863,0.4792749720906156,0.3715808824154253,0.5491585961170661,42.824279000000004,3.60885,447.47259999999994,455.186,1.0,0.1,0.0,0.1,0.0,0.0,0.0,0.0,0.0,0.1,0.0,0.0,0.0,0.0,0.0,0.0,0.0,0,0,0.0,0,0,0,0,0.0,0,0,0
3,128,1280.532,1289.544,10,0.7638423734977892,2.0476622347155478,-0.20033576939239564,1.337815709085605,0.9752903101598562,2.9002747915261353,0.9683160491057838,0.9362021179260995,1.094237128871488,0.6510070294524297,1.0270414805503048,138.71479,69.1028,457.5094,461.412,1.0,0.0,0.0,0.0,0.0,0.0,0.0,0.0,0.0,0.0,0.0,0.0,0.0,0.0,0.0,0.0,0.0,0,0,0.0,0,0,0,0,0.0,0,0,0
3,129,1290.559,1299.556,10,0.03425864807653861,0.24694113035684945,-0.02783325647166493,0.0,0.24679195177623572,1.972559386731604,0.6115821448345964,0.44436277837371474,0.7219513914975982,0.6566057370336004,0.8453031198862373,120.72317000000001,98.896,466.4133,467.616,1.0,0.0,0.0,0.0,0.0,0.0,0.0,0.0,0.0,0.0,0.0,0.0,0.0,0.0,0.0,0.0,0.0,0,0,0.0,0,0,0,0,0.0,0,0,0
3,130,1300.554,1309.568,10,1.672332354732335,4.0365106868206055,0.0609177193720916,1.9700689092651784,0.2338362058482323,1.6614053853514215,0.513863498493657,0.35633580885619265,0.3747232546397897,0.5382767688048318,0.5664643203219157,68.79557,11.2152,465.66049999999996,468.157,1.0,0.0,0.0,0.0,0.0,0.0,0.0,0.0,0.0,0.0,0.0,0.0,0.0,0.0,0.0,0.0,0.0,0,0,0.0,0,0,0,0,0.0,0,0,0
3,131,1310.565,1319.572,10,1.0213601818157385,3.750740378268774,0.00793411280361346,3.5757702329634515,0.39677220694380294,1.6485791119908249,0.4862346521492296,0.39279622668369424,0.4098462835030595,0.8483641370638637,0.5346941494121114,38.133352,9.79802,457.7626,459.819,1.0,0.0,0.0,0.0,0.0,0.0,0.0,0.0,0.0,0.0,0.0,0.0,0.0,0.0,0.0,0.0,0.0,0,0,0.0,0,0,0,0,0.0,0,0,0
3,132,1320.574,1329.59,10,1.4938619755549793,3.0836378281718226,0.228814778789373,1.8119245972481686,0.8098599713979567,1.897459974234515,0.736625247112098,0.8548303321723717,0.5938358647051849,0.7485522397025661,0.6067772379994943,72.149755,0.22985,458.1187,461.279,1.0,0.1,0.0,0.1,0.0,0.0,0.0,0.0,0.0,0.1,0.0,0.0,0.0,0.0,0.0,0.0,0.0,0,0,0.0,0,0,0,0,0.0,0,0,0
3,133,1330.59,1339.595,10,6.275210859520679,6.835914148459266,0.2501813207615661,2.2241495166090557,0.17964123431775508,0.3403756943572437,0.12865021788165804,0.3110305356120696,0.365840155636434,0.8011961759362054,0.5813545264206665,12.59023,3.51491,431.4806,459.902,1.0,0.2,0.0,0.2,0.0,0.0,1.002,0.0,0.0,0.2,0.0,1.002,0.0,0.0,0.0,0.0,0.0,0,0,0.0,0,0,0,0,0.0,0,0,0
3,134,1340.603,1349.61,10,2.705058409557171,6.575977137181792,-0.2966180094905511,2.392751375655747,0.45645017062999094,1.121218096393452,0.40793109693966767,0.3584120190214488,0.3420143609190524,0.7856329613480788,0.3139551322170642,115.96529000000001,64.3513,398.4054,399.97,1.0,0.0,0.0,0.0,0.0,0.0,0.0,0.0,0.0,0.0,0.0,0.0,0.0,0.0,0.0,0.0,0.0,0,0,0.0,0,0,0,0,0.0,0,0,0
3,135,1350.606,1359.632,10,1.4258227553771095,3.847884275069894,0.11950792491126645,2.877607410373997,0.43220307187608675,1.3002554560916337,0.5027835989712556,0.5744896742836202,0.477106589026684,0.4050413582801647,0.43345373856046826,78.665815,6.83328,399.7462,402.202,1.0,0.0,0.0,0.0,0.0,0.0,0.0,0.0,0.0,0.0,0.0,0.0,0.0,0.0,0.0,0.0,0.0,0,0,0.0,0,0,0,0,0.0,0,0,0
3,136,1360.623,1369.626,10,2.130739478418916,4.065706522031004,-0.18125866844032687,2.322249945955857,0.4880847854482049,1.101767842452078,0.2720024040361545,0.35385422156801083,0.3452479943960702,0.1594997352242243,0.410231557404105,45.185723,2.84193,395.4929,404.124,1.0,0.1,0.0,0.1,0.0,0.0,0.0,0.0,0.0,0.1,0.0,0.0,0.0,0.0,0.0,0.0,0.0,0,0,0.0,0,0,0,0,0.0,0,0,0
3,137,1370.634,1379.644,10,0.0,0.0,-0.2117760726572556,0.0,0.06265359438146065,0.6265359438146064,0.19812806184174409,0.07058842660824881,0.15767492699371394,0.14362264726128687,0.30713213739494344,1.460084,1.20171,402.5632,405.133,1.0,1.0,0.0,1.0,0.0,0.0,9.01,0.0,0.0,1.0,0.0,9.01,0.0,0.0,0.0,0.0,0.0,0,0,0.0,1,1,0,1,0.16666666666666666,1,0,0
3,138,1380.648,1389.657,10,0.075433465589958,0.46365908769050607,-0.0002125463129834304,0.46043603544240924,0.2995621599186537,1.497533361874912,0.6152593746832908,0.2995066723749824,0.4512623482688981,0.6455380725241382,0.41481990671389585,14.084795,1.75089,408.13379999999995,410.49,1.0,0.3,0.0,0.3,0.2,0.2,12.005,0.991,0.0,0.3,0.2,12.005,0.991,0.0,0.0,0.0,0.0,0,0,0.0,0,1,0,1,0.16666666666666666,1,0,0
3,139,1390.658,1399.673,10,0.3128742246912147,1.0701631212040161,0.054390739484639,0.6056606966733977,0.0718398648218467,0.5270932902129744,0.16193354213997274,0.1051857428619049,0.09127123194966814,0.9026189882549588,0.3005592917328821,21.561838,7.13595,402.01930000000004,408.191,1.0,0.0,0.0,0.0,0.0,0.0,0.0,0.0,0.0,0.0,0.0,0.0,0.0,0.0,0.0,0.0,0.0,0,0,0.0,0,1,0,1,0.16666666666666666,1,0,0
3,140,1400.692,1409.687,10,0.4087857279041353,1.0764808275799198,0.008577301721281228,0.6189968558168267,1.05878716661809,2.9534624057348124,1.0963798635956932,1.5765664493434566,1.1115191754525242,0.7404451065592629,0.9977572017466698,74.317061,6.2457,394.665,398.304,1.0,0.0,0.0,0.0,0.0,0.0,0.0,0.0,0.0,0.0,0.0,0.0,0.0,0.0,0.0,0.0,0.0,0,0,0.0,0,1,0,1,0.16666666666666666,1,0,0
3,141,1410.682,1419.689,10,0.09012624718342008,0.46604567567238964,-0.06212837647239573,0.46885882864425515,0.9416739732273444,2.0103485049222596,0.817762754339395,1.1146977816252872,0.812007752258336,0.6310513976771327,0.8787702073894854,79.38927,11.4139,402.2892,406.175,1.0,0.0,0.0,0.0,0.0,0.0,0.0,0.0,0.0,0.0,0.0,0.0,0.0,0.0,0.0,0.0,0.0,0,0,0.0,0,1,0,1,0.16666666666666666,1,0,0
3,142,1420.72,1429.713,10,0.6803509586446276,1.7046025151076751,0.0013122760198726268,0.7782036481125826,0.7270253606874018,2.9096543231137892,0.8517848404407363,0.8577005010719502,0.7905261946559936,0.7344534767895393,0.9490515716286259,54.61107,5.8035,394.52200000000005,404.247,1.0,0.0,0.0,0.0,0.0,0.0,0.0,0.0,0.0,0.0,0.0,0.0,0.0,0.0,0.0,0.0,0.0,0,0,0.0,0,1,0,1,0.16666666666666666,1,0,0
3,143,1430.737,1439.74,10,2.5256872362199103,3.339179037334358,0.33637855984780707,3.0004268872420568,0.6614443943509217,2.5864306718501915,0.7391081947745773,0.7371683961774,0.6642486252696551,0.45963577847292647,0.7618958560505303,105.82728999999999,37.034,400.444,410.831,1.0,0.0,0.0,0.0,0.0,0.0,0.0,0.0,0.0,0.0,0.0,0.0,0.0,0.0,0.0,0.0,0.0,0,0,0.0,0,1,0,1,0.16666666666666666,1,0,0
3,144,1440.734,1449.746,10,2.2544968675974117,3.503726207184828,-0.14963576250522126,1.142647894926536,0.5914125419577145,2.566340557432044,0.8341667814007675,0.6908613993076979,0.7087063546406707,0.6000713568368229,0.6911343047569894,126.05753999999999,21.863,413.8116,417.033,1.0,0.0,0.0,0.0,0.0,0.0,0.0,0.0,0.0,0.0,0.0,0.0,0.0,0.0,0.0,0.0,0.0,0,0,0.0,0,0,0,0,0.0,0,0,0
3,145,1450.751,1459.743,10,0.4457735698884505,2.664686768754539,-0.06905109044128906,2.5692650086093,0.4825436420539325,1.0806477293231551,0.4371224413521911,0.49521773300896677,0.47595680969123694,0.7459562606691287,0.5318006443299338,73.7284,24.2082,416.9666,417.434,1.0,0.0,0.0,0.0,0.0,0.0,0.0,0.0,0.0,0.0,0.0,0.0,0.0,0.0,0.0,0.0,0.0,0,0,0.0,0,0,0,0,0.0,0,0,0
3,146,1460.741,1469.748,10,1.8456106937260006,3.524879402108184,0.2226899450880684,2.982396850796102,0.8497797239192831,1.803417792166033,0.5753335941403714,0.6303106443652611,0.5186693659651045,0.43676403637853023,0.4912640686502889,77.754567,7.00407,415.0451,417.513,1.0,0.0,0.0,0.0,0.0,0.0,0.0,0.0,0.0,0.0,0.0,0.0,0.0,0.0,0.0,0.0,0.0,0,0,0.0,0,0,0,0,0.0,0,0,0
3,147,1470.752,1479.762,10,2.906234883777837,3.4109434651189856,-0.25139551808406524,1.6303557573714906,0.4446866040418601,1.4017263651507665,0.5630783039073715,0.6706973659324371,0.5862084334689377,0.6121264784236138,0.6031087384361743,78.8246,31.0147,395.2266,405.16,1.0,0.0,0.0,0.0,0.0,0.0,0.0,0.0,0.0,0.0,0.0,0.0,0.0,0.0,0.0,0.0,0.0,0,0,0.0,0,0,0,0,0.0,0,0,0
3,148,1480.764,1489.784,10,3.604377744044785,6.426993306115661,0.26215098861751096,3.023230771016538,0.6028935205352122,2.1390037376857514,0.7438277484112789,0.4850145501934985,0.6835717089743223,0.2635780744502576,0.6755134566516071,107.68685,38.7503,408.2842,412.767,1.0,0.0,0.0,0.0,0.0,0.0,0.0,0.0,0.0,0.0,0.0,0.0,0.0,0.0,0.0,0.0,0.0,0,0,0.0,0,0,0,0,0.0,0,0,0
3,149,1490.792,1499.786,10,2.9996433432112317,3.6933109866066753,-0.004334655654915897,2.4580726465565372,0.1228017335726028,0.5443540231444854,0.1776439940239058,0.16148533362365808,0.23141206381120055,0.2513912994954373,0.4719482226791441,39.43814,26.825,399.9027,409.981,1.0,0.0,0.0,0.0,0.0,0.0,0.0,0.0,0.0,0.0,0.0,0.0,0.0,0.0,0.0,0.0,0.0,0,0,0.0,0,0,0,0,0.0,0,0,0
3,150,1500.833,1509.83,10,2.5001654443699146,3.6713394704346887,0.0007918315408347642,2.996145924195416,0.4455706977495656,1.778956628543281,0.6031525656193099,0.6509000046833493,0.3847103921149785,0.7672563731041941,0.3083636417408481,38.829009,4.16617,382.27979999999997,386.048,1.0,0.2,0.0,0.2,0.0,0.0,1.007,0.0,0.0,0.2,0.0,1.007,0.0,0.0,0.0,0.0,0.0,0,0,0.0,0,0,0,0,0.0,0,0,0
3,151,1510.81,1519.813,10,2.6710392472054147,3.6110372217969977,-0.010073449071474758,2.273451623393001,0.6634188487562895,2.1370393110719164,0.7736724827355069,0.9250064305847874,0.7982123218414213,0.718107830853725,0.7186558799633708,42.6919429,0.590829,398.658,403.347,1.0,0.1,0.0,0.1,0.0,0.0,0.0,0.0,0.0,0.1,0.0,0.0,0.0,0.0,0.0,0.0,0.0,0,0,0.0,0,0,0,0,0.0,0,0,0
3,152,1520.821,1529.826,10,3.3395166331277637,3.652859411947973,-0.016585870067270192,0.3804577460089083,0.7952560311967468,1.859284118843479,0.6445742952357522,0.969767963153363,0.6637374516625734,0.6144947517274175,0.7074208378014774,105.03018,61.7339,394.0259,399.13,1.0,0.0,0.0,0.0,0.0,0.0,0.0,0.0,0.0,0.0,0.0,0.0,0.0,0.0,0.0,0.0,0.0,0,0,0.0,0,0,0,0,0.0,0,0,0
3,153,1530.825,1539.834,10,3.198093496257517,4.861070020490941,-0.2724845270115738,1.5415182259136058,0.8849499227356719,2.3493697401705345,0.7732708731643362,0.9605563631224928,0.7088659138119822,0.8835404885869312,0.7252776136188508,91.40199,27.5872,423.913,451.916,1.0,0.0,0.0,0.0,0.0,0.0,0.0,0.0,0.0,0.0,0.0,0.0,0.0,0.0,0.0,0.0,0.0,0,0,0.0,0,0,0,0,0.0,0,0,0
3,154,1540.852,1549.849,10,2.989711310302541,4.319542354744033,0.34315883461584773,3.5283273192411753,0.4297732233112794,1.0467925888019987,0.371876584623823,0.4264112721007464,0.38297242040190005,0.8150427982335232,0.5722522420427996,108.79767999999999,77.7105,469.0475,479.911,1.0,0.0,0.0,0.0,0.0,0.0,0.0,0.0,0.0,0.0,0.0,0.0,0.0,0.0,0.0,0.0,0.0,0,0,0.0,0,0,0,0,0.0,0,0,0
3,155,1550.841,1559.877,10,3.5702626199863032,4.357663585612423,0.027725850478198942,1.7518523138607953,0.501981151243658,1.504246004345716,0.611250018124143,0.49469216562930896,0.4909661411044639,0.7941898321520068,0.467264945208895,62.52737,25.4291,474.61800000000005,480.497,1.0,0.0,0.0,0.0,0.0,0.0,0.0,0.0,0.0,0.0,0.0,0.0,0.0,0.0,0.0,0.0,0.0,0,0,0.0,0,0,0,0,0.0,0,0,0
3,156,1560.878,1569.893,10,2.0084996331114846,4.074774007554938,-0.4121440856388744,1.927996181289423,0.6250701620366919,2.6312197495067147,0.8003101650070741,0.8872003417943267,0.793885987616045,0.7843760135737247,0.6943654424895469,82.846216,1.99027,484.25640000000004,497.895,1.0,0.1,0.0,0.1,0.0,0.0,0.0,0.0,0.0,0.1,0.0,0.0,0.0,0.0,0.0,0.0,0.0,0,0,0.0,0,0,0,0,0.0,0,0,0
3,157,1570.887,1578.902,9,0.47713394132462145,1.4052344482165164,0.09586040419982517,1.0415555458066583,0.09493611459750377,0.4430864051517709,0.1377971957891905,0.123825221106147,0.1455080303798481,0.769914943504503,0.5157066537603279,55.46718888888889,25.854,519.2976666666667,534.308,1.0,0.0,0.0,0.0,0.0,0.0,0.0,0.0,0.0,0.0,0.0,0.0,0.0,0.0,0.0,0.0,0.0,0,0,0.0,0,0,0,0,0.0,0,0,0
3,158,1580.008,1589.915,11,1.4757781067866966,4.0099344210842744,0.026044594754187533,3.163105021278547,0.5982045507427294,1.9850014276947452,0.734393551598376,0.46175998680163793,0.5732956577382544,0.6187886130038074,0.5141589278030343,106.04801818181818,43.3705,546.0108181818182,559.894,1.0,0.0,0.0,0.0,0.0,0.0,0.0,0.0,0.0,0.0,0.0,0.0,0.0,0.0,0.0,0.0,0.0,0,0,0.0,0,0,0,0,0.0,0,0,0
3,159,1590.914,1599.928,10,3.015052968161131,4.099786564812784,0.2122366959100605,2.550123734385257,0.8201728912989322,2.334400307686939,0.7066111978850549,0.47756085919553454,0.4003060618011842,0.28340460464708656,0.5242263463645308,43.41747,13.1633,550.4175,561.79,1.0,0.0,0.0,0.0,0.0,0.0,0.0,0.0,0.0,0.0,0.0,0.0,0.0,0.0,0.0,0.0,0.0,0,0,0.0,0,0,0,0,0.0,0,0,0
3,160,1600.93,1609.941,10,4.370896915247113,6.788031054883816,-0.2552756773854627,1.8906847301665564,0.2122213285624286,0.8688312166424091,0.3049082842421988,0.3526905190518107,0.4674606619663786,0.5620025340509694,0.716286145623862,81.72526,67.9258,531.6102,539.359,1.0,0.0,0.0,0.0,0.0,0.0,0.0,0.0,0.0,0.0,0.0,0.0,0.0,0.0,0.0,0.0,0.0,0,0,0.0,0,0,0,0,0.0,0,0,0
3,161,1610.94,1619.967,10,3.206032634712412,4.914939459754803,0.4212165745177289,3.197873359529376,1.0877155567680588,2.8547196442046903,1.0021886326115221,0.8977290622721181,0.9055319107753496,0.7300814385238439,0.993363373441699,55.22232,10.811,522.5105,529.712,1.0,0.0,0.0,0.0,0.0,0.0,0.0,0.0,0.0,0.0,0.0,0.0,0.0,0.0,0.0,0.0,0.0,0,0,0.0,0,0,0,0,0.0,0,0,0
3,162,1620.952,1629.955,10,3.659032945469542,5.430911023939164,-0.2006467294426936,2.7117846299461283,1.771807087790768,2.7408071407960413,0.9425342772891813,0.7486689516073441,0.7045426726592262,0.5244792379300707,0.960849848278959,82.196703,6.27823,498.88190000000003,505.139,1.0,0.0,0.0,0.0,0.0,0.0,0.0,0.0,0.0,0.0,0.0,0.0,0.0,0.0,0.0,0.0,0.0,0,0,0.0,0,0,0,0,0.0,0,0,0
3,163,1630.96,1639.964,10,1.43245368024957,5.470331928922381,-0.24841234651067928,2.2731260805670006,1.0119468682146124,1.4933441825194465,0.4872667409668028,0.6376553002750299,0.6135804540064045,0.4107185710647717,0.702741938151273,63.22977999999999,14.0191,496.40119999999996,497.024,1.0,0.0,0.0,0.0,0.0,0.0,0.0,0.0,0.0,0.0,0.0,0.0,0.0,0.0,0.0,0.0,0.0,0,0,0.0,0,0,0,0,0.0,0,0,0
3,164,1640.974,1649.968,10,1.7056246333248075,3.8322056312257655,0.02444377270685849,3.3453095803043387,0.6164003373889662,2.6256970943161733,0.8475918992004557,1.0109938851669704,0.752022307519962,0.2381827263267105,0.6788168895143424,51.785298,2.25559,493.9968,496.342,1.0,0.2,0.0,0.2,0.0,0.0,1.007,0.0,0.0,0.2,0.0,1.007,0.0,0.0,0.0,0.0,0.0,0,0,0.0,0,0,0,0,0.0,0,0,0
3,165,1651.025,1659.997,10,1.1288008258404458,3.4640618118351214,-0.02728594663897818,2.56290281286082,0.7357540285858485,2.211194535458843,0.7335427787107032,0.8627065018014306,0.756702290336799,0.10228092908448269,0.7752940454023871,78.41614999999999,17.9281,496.54089999999997,499.926,1.0,0.0,0.0,0.0,0.0,0.0,0.0,0.0,0.0,0.0,0.0,0.0,0.0,0.0,0.0,0.0,0.0,0,0,0.0,0,0,0,0,0.0,0,0,0
3,166,1661.003,1669.001,9,1.1830259873946103,3.299469654353717,-0.02592108353056504,1.974939192523818,0.5655620993166107,1.4451309726900121,0.5273516807044681,0.5046296533375771,0.6725777794304517,0.1868443380405272,0.7236791393143762,126.62864444444443,87.9328,496.63300000000004,500.312,1.0,0.0,0.0,0.0,0.0,0.0,0.0,0.0,0.0,0.0,0.0,0.0,0.0,0.0,0.0,0.0,0.0,0,0,0.0,0,0,0,0,0.0,0,0,0
3,167,1670.005,1679.024,10,2.167290048004433,7.266847463925884,0.5636378792997492,5.737773819839487,0.4429409045715363,1.0145295308747369,0.34407768847188674,0.5168633757588744,0.38724427015365503,0.36333714775203835,0.43252474093563376,148.44597,87.4197,505.0281,510.271,1.0,0.0,0.0,0.0,0.0,0.0,0.0,0.0,0.0,0.0,0.0,0.0,0.0,0.0,0.0,0.0,0.0,0,0,0.0,0,0,0,0,0.0,0,0,0
3,168,1680.016,1689.04,10,0.15715524647809004,1.1306876005850892,-0.6197969061457151,0.0,0.017994650166715285,0.17269705833872595,0.054404609732383605,0.01906261607129584,0.06992701426703508,0.5577494626550573,0.2182570436341753,160.4789,160.464,511.296,511.532,1.0,0.0,0.0,0.0,0.0,0.0,0.0,0.0,0.0,0.0,0.0,0.0,0.0,0.0,0.0,0.0,0.0,0,0,0.0,0,0,0,0,0.0,0,0,0
3,169,1690.035,1699.074,10,0.0,0.0,0.0,0.0,0.0,0.0,0.0,0.0,0.0,0.5506083701417517,0.00022924752683197566,159.17860000000002,158.048,522.7825,544.585,1.0,0.0,0.0,0.0,0.0,0.0,0.0,0.0,0.0,0.0,0.0,0.0,0.0,0.0,0.0,0.0,0.0,0,0,0.0,0,0,0,0,0.0,0,0,0
3,170,1700.049,1709.059,10,0.0,0.0,0.0,0.0,0.0,0.0,0.0,0.0,0.0,0.09999869963205113,0.0,161.4364,158.559,558.0944000000001,567.941,1.0,0.0,0.0,0.0,0.0,0.0,0.0,0.0,0.0,0.0,0.0,0.0,0.0,0.0,0.0,0.0,0.0,0,0,0.0,0,0,0,0,0.0,0,0,0
3,171,1710.057,1719.067,10,0.0,0.0,0.0,0.0,0.0,0.0,0.0,0.0,0.0,0.0,0.0,164.65709999999999,164.302,587.499,608.837,1.0,0.0,0.0,0.0,0.0,0.0,0.0,0.0,0.0,0.0,0.0,0.0,0.0,0.0,0.0,0.0,0.0,0,0,0.0,0,0,0,0,0.0,0,0,0
3,172,1720.067,1729.085,10,0.0,0.0,0.0,0.0,0.0,0.0,0.0,0.0,0.0,0.0,0.0,165.6618,164.317,606.4962,610.972,1.0,0.0,0.0,0.0,0.0,0.0,0.0,0.0,0.0,0.0,0.0,0.0,0.0,0.0,0.0,0.0,0.0,0,0,0.0,0,0,0,0,0.0,0,0,0
3,173,1730.084,1739.098,10,0.2987382349421398,1.7067480055705813,0.17070461208270835,1.3175669085623742,0.08813614121967372,0.6050403277741396,0.1913599912328046,0.08045166706382627,0.04164029243237176,0.8489937195866893,0.03128300241434477,162.6472,122.066,595.5095,601.106,1.0,0.0,0.0,0.0,0.0,0.0,0.0,0.0,0.0,0.0,0.0,0.0,0.0,0.0,0.0,0.0,0.0,0,0,0.0,0,0,0,0,0.0,0,0,0
3,174,1740.114,1749.143,10,0.14042256847455287,1.4042256847455286,-0.1726268550668935,0.0,0.4149209323829253,2.5162304029054,0.7995549177372814,0.5420001437573665,0.6105243494626084,0.8959408538527315,0.6280148588531663,83.4046,73.1874,582.7827,591.273,1.0,0.0,0.0,0.0,0.0,0.0,0.0,0.0,0.0,0.0,0.0,0.0,0.0,0.0,0.0,0.0,0.0,0,0,0.0,0,0,0,0,0.0,0,0,0
3,175,1750.104,1759.134,10,0.04184589527215578,0.41845895272155775,0.04167917855792408,0.4167917855792408,0.35271053864584156,2.0786047044227356,0.6788386025782077,0.377792697611713,0.2095797916326228,0.9057278121619113,0.3997903404794577,82.15565000000001,10.3552,591.5398,594.711,1.0,0.0,0.0,0.0,0.0,0.0,0.0,0.0,0.0,0.0,0.0,0.0,0.0,0.0,0.0,0.0,0.0,0,0,0.0,0,0,0,0,0.0,0,0,0
3,176,1760.134,1769.13,10,0.19458966048820714,1.1112660572515864,-0.04193101503505821,0.6928071045300287,0.0615081900543622,0.6150771798482422,0.19450431664575346,0.20786046924365267,0.36398394879542695,0.7252098889889893,0.6198225627927629,46.1817,45.9051,588.9024999999999,591.686,1.0,0.0,0.0,0.0,0.0,0.0,0.0,0.0,0.0,0.0,0.0,0.0,0.0,0.0,0.0,0.0,0.0,0,0,0.0,0,0,0,0,0.0,0,0,0
3,177,1770.13,1779.151,10,0.0,0.0,0.0,0.0,1.4871369102482364e-08,1.5158861845216335e-08,1.5429529889741071e-10,1.9322307970542092e-10,1.3140003673689526e-08,0.737862570635864,1.5900090743622053e-07,46.1143,45.6807,587.8778,593.149,1.0,0.0,0.0,0.0,0.0,0.0,0.0,0.0,0.0,0.0,0.0,0.0,0.0,0.0,0.0,0.0,0.0,0,0,0.0,0,0,0,0,0.0,0,0,0
3,178,1780.151,1789.287,10,244.44766558534803,2433.935554048514,-116.9466084094727,1857.9660717927586,0.2683563239148057,1.5917519275471128,0.5463857212663621,0.43691748603180036,0.4066375513373993,0.9999100173027585,0.405794362338062,44.76025,44.4735,585.5585,587.242,0.2,0.0,0.0,0.0,0.0,0.0,0.0,0.0,0.0,0.0,0.0,0.0,0.0,0.0,0.0,0.0,0.0,0,0,0.0,0,0,0,0,0.0,0,0,0
3,179,1790.278,1799.319,10,5.319779348635726,7.093697159142214,0.30757446178402004,2.7062652169180086,0.5010634838053518,0.970519379906873,0.3571200271331669,0.3768413030449205,0.40000129235317805,0.9916406839646342,0.43897035888181823,180.0,180.0,0.0,0.0,0.0,0.0,0.0,0.0,0.0,0.0,0.0,0.0,0.0,0.0,0.0,0.0,0.0,0.0,0.0,0.0,0.0,0,0,0.0,0,0,0,0,0.0,0,0,0
3,180,1800.311,1809.329,10,4.880925696911075,6.806603035893879,-0.06354400795543491,1.9790575380590694,0.37013311473905885,1.2046068373093823,0.45123482986806596,0.40621555295137757,0.31612061080051185,0.9089567831569252,0.33175721361521837,180.0,180.0,0.0,0.0,0.0,0.0,0.0,0.0,0.0,0.0,0.0,0.0,0.0,0.0,0.0,0.0,0.0,0.0,0.0,0.0,0.0,0,0,0.0,0,0,0,0,0.0,0,0,0
3,181,1810.332,1819.361,10,3.658107252730571,6.7319460494602,0.05131921097591927,2.769770095600991,0.3586506268012509,1.6543588375158245,0.5168829487945708,0.4630266077724037,0.546985253113691,0.9119712299192727,0.4976319486997548,180.0,180.0,0.0,0.0,0.0,0.0,0.0,0.0,0.0,0.0,0.0,0.0,0.0,0.0,0.0,0.0,0.0,0.0,0.0,0.0,0.0,0,0,0.0,0,0,0,0,0.0,0,0,0
3,182,1820.343,1829.36,10,5.163772200554379,6.881484467069705,-0.6594926418199587,0.2742734221993997,0.047392249623597935,0.10327766517090199,0.04403193229651319,0.0662581020404714,0.12114143406704785,0.8423185116617873,0.3335532878157482,180.0,180.0,0.0,0.0,0.0,0.0,0.0,0.0,0.0,0.0,0.0,0.0,0.0,0.0,0.0,0.0,0.0,0.0,0.0,0.0,0.0,0,0,0.0,0,0,0,0,0.0,0,0,0
3,183,1830.359,1839.371,10,0.41783539560236693,2.0066602169789665,0.005289885599987989,1.4920374806516208,0.10121641274923751,0.366554952307571,0.14212354704858746,0.13923902529570414,0.13049738853734025,0.9496562070502232,0.11291854568539164,180.0,180.0,0.0,0.0,0.0,0.0,0.0,0.0,0.0,0.0,0.0,0.0,0.0,0.0,0.0,0.0,0.0,0.0,0.0,0.0,0.0,0,0,0.0,0,0,0,0,0.0,0,0,0
3,184,1840.359,1849.384,10,0.796900307592164,2.8351928295493667,-0.005773457010624596,2.342730311973199,0.3137148934172572,0.9943402089146993,0.4193189869139815,0.2717708482748417,0.3346858957300096,0.49589941517191455,0.33171975875387777,180.0,180.0,0.0,0.0,0.0,0.0,0.0,0.0,0.0,0.0,0.0,0.0,0.0,0.0,0.0,0.0,0.0,0.0,0.0,0.0,0.0,0,0,0.0,0,0,0,0,0.0,0,0,0
3,185,1850.371,1859.387,10,0.1542045829401318,0.7555886482060622,0.0015231517289775788,0.6699301290261748,0.33185887009063375,3.037776539361717,0.953920161450848,0.6572846700086844,0.6944284730863324,0.20632513538870398,0.7290457294416103,180.0,180.0,0.0,0.0,0.0,0.0,0.0,0.0,0.0,0.0,0.0,0.0,0.0,0.0,0.0,0.0,0.0,0.0,0.0,0.0,0.0,0,0,0.0,0,0,0,0,0.0,0,0,0
3,186,1860.384,1869.394,10,0.0,0.0,0.0,0.0,5.463450668709801e-07,3.1426300596238805e-06,1.1421411363810778e-06,5.31448434408895e-07,7.926374016339509e-07,0.630515908354927,0.3837076380116488,180.0,180.0,0.0,0.0,0.0,0.0,0.0,0.0,0.0,0.0,0.0,0.0,0.0,0.0,0.0,0.0,0.0,0.0,0.0,0.0,0.0,0,0,0.0,0,0,0,0,0.0,0,0,0
3,187,1870.392,1879.405,10,7.9389345027100475,77.17527063088664,-0.412984591506678,74.78223898341729,0.3087992311017719,1.9183105912857756,0.5999508496520011,0.468344674894987,0.3859934357282363,0.982449985485732,0.2859135727400143,75.34440375,8.99001,79.8033,80.4752,0.8,0.0,0.0,0.0,0.0,0.0,0.0,0.0,0.0,0.0,0.0,0.0,0.0,0.0,0.0,0.0,0.0,0,0,0.0,0,0,0,0,0.0,0,0,0
3,188,1880.422,1889.42,10,1.8166604716356325,4.081445672719459,0.3783594912995286,2.8361201758674577,0.4169508166487019,1.8183300203830997,0.617911952329458,0.6675774285295117,0.61663558825436,0.9137096985893647,0.6806656842813745,57.83928999999999,16.1242,80.95626,81.3687,1.0,0.0,0.0,0.0,0.0,0.0,0.0,0.0,0.0,0.0,0.0,0.0,0.0,0.0,0.0,0.0,0.0,0,0,0.0,0,0,0,0,0.0,0,0,0
3,189,1890.427,1899.428,10,3.598864700286402,4.129647292388359,-0.000286382891639316,3.7330469939217603,0.15110212506001047,1.422865579190839,0.44719016291916364,0.29367328329618214,0.37222532850862033,0.6988932595945826,0.4344972619271683,56.54316,23.1653,77.0715,82.456,1.0,0.0,0.1,0.0,0.0,0.0,0.0,0.0,0.0,0.0,0.0,0.0,0.0,0.0,0.0,0.0,0.0,0,0,0.0,0,0,0,0,0.0,0,0,0
3,190,1900.429,1909.44,10,2.874727065089215,4.267472093288981,-0.4093395239964231,0.30661838851045725,0.1768263147286841,0.773024858707572,0.30929616807361127,0.3123831339707005,0.25852241732013703,0.7877639626420793,0.3708125478640552,51.986270000000005,37.8477,50.982890000000005,62.0307,1.0,0.0,0.9,0.0,0.0,0.0,0.0,0.0,0.0,0.0,0.0,0.0,0.0,0.0,0.0,0.0,0.0,0,0,0.0,0,0,0,0,0.0,0,0,0
3,191,1910.441,1919.457,10,0.8434383550553607,4.04311976540645,0.4024909912661778,1.9615855190112514,0.20665308046504913,0.7240074554672739,0.3033471716090759,0.0785256875911905,0.1023371513114614,0.9453197723564145,0.1970534049881242,49.27726,23.6222,45.548950000000005,45.6873,1.0,0.0,0.9,0.0,0.0,0.0,0.0,0.0,0.0,0.0,0.0,0.0,0.0,0.0,0.0,0.0,0.0,0,0,0.0,0,0,0,0,0.0,0,0,0
3,192,1920.458,1929.472,10,3.2461640427334357,4.120477307134289,-0.24310097851963305,2.4481027907704704,0.38081249597388644,0.9195560589407712,0.33526936715990063,0.33567739000187957,0.2847065283381407,0.9061046036094457,0.34090894664754356,121.60853,55.9774,58.545579999999994,71.651,1.0,0.0,0.9,0.0,0.0,0.0,0.0,0.0,0.0,0.0,0.0,0.0,0.0,0.0,0.0,0.0,0.0,0,0,0.0,0,0,0,0,0.0,0,0,0
3,193,1930.471,1939.474,10,3.3501710062412022,4.222239734892384,0.24307338264622805,2.2347145060649103,0.3416367801711623,1.5071753973353543,0.5031747552267762,0.5218092247127812,0.4728897798956804,0.8607143516247946,0.44347465459298896,129.48813,72.0651,83.45966,98.2722,1.0,0.0,0.6,0.0,0.0,0.0,0.0,0.0,0.0,0.0,0.0,0.0,0.0,0.0,0.0,0.0,0.0,0,0,0.0,0,0,0,0,0.0,0,0,0
3,194,1940.475,1949.484,10,1.5434952885755102,4.161776453439277,-0.40302209852935106,0.7044276670927506,0.3424951040952098,0.8920927698109817,0.33771738570723603,0.227246186333158,0.27974232518186704,0.8575669145085605,0.3669516407517064,72.17577,24.7986,108.0721,110.048,1.0,0.0,0.0,0.0,0.0,0.0,0.0,0.0,0.0,0.0,0.0,0.0,0.0,0.0,0.0,0.0,0.0,0,0,0.0,0,0,0,0,0.0,0,0,0
3,195,1950.488,1959.492,10,1.0240806374425468,3.97995664825247,0.39795928186871327,2.7865771696245303,0.6188104138372481,1.9570667214801425,0.7000142657810074,0.46364126697618097,0.39924301107875304,0.8367384049209751,0.4829877014539816,66.965267,8.45257,111.1318,114.412,1.0,0.0,0.0,0.0,0.0,0.0,0.0,0.0,0.0,0.0,0.0,0.0,0.0,0.0,0.0,0.0,0.0,0,0,0.0,0,0,0,0,0.0,0,0,0
3,196,1960.499,1969.503,10,3.303059939707418,4.8020201774358835,0.0802846897839665,3.906209417312332,0.44900578306368066,1.2552875669615695,0.4655795733634346,0.3490819755091819,0.4946816954213519,0.5986616112941828,0.5670095182107779,137.82159,45.5254,109.6061,117.509,1.0,0.0,0.0,0.0,0.0,0.0,0.0,0.0,0.0,0.0,0.0,0.0,0.0,0.0,0.0,0.0,0.0,0,0,0.0,0,0,0,0,0.0,0,0,0
3,197,1970.528,1979.518,10,1.809826223601549,3.6831433564932063,-0.10159913385619943,2.7434545418242893,0.7897399632636187,1.9759053568797993,0.644915823065822,0.9281555524792058,0.6249226441745677,0.5452254843660229,0.5682760434373604,82.787971,1.79994,120.12129999999999,121.462,1.0,0.2,0.0,0.2,0.0,0.0,0.0,0.0,0.0,0.0,0.0,0.0,0.0,0.0,0.0,0.0,0.0,0,0,0.0,0,0,0,0,0.0,0,0,0
3,198,1980.52,1989.533,10,3.6840238440914073,4.077229860132787,0.02467259178016467,0.7382445057002408,0.9274298469947337,1.9247858219257405,0.805753355940197,0.9514485325154658,0.714888028203861,0.36926102577252323,0.6909036445343415,117.01930999999999,86.1809,109.2228,111.574,1.0,0.0,0.0,0.0,0.0,0.0,0.0,0.0,0.0,0.0,0.0,0.0,0.0,0.0,0.0,0.0,0.0,0,0,0.0,0,0,0,0,0.0,0,0,0
3,199,1990.526,1999.697,10,3.85323503130009,6.734015142154845,0.2879711049044219,3.362813527418747,0.5369687469937112,2.6895003276781955,0.8245613945861129,0.6824709686976371,0.8749501820581328,0.6232430429286293,0.8567159434468439,89.50108,15.9032,106.53031000000001,112.013,1.0,0.0,0.0,0.0,0.0,0.0,0.0,0.0,0.0,0.0,0.0,0.0,0.0,0.0,0.0,0.0,0.0,0,0,0.0,0,0,0,0,0.0,0,0,0
3,200,2000.71,2009.714,10,6.75314957926264,6.9718365377350295,0.00443884265477785,0.45525271937476575,0.2058366836251379,0.6979595860223563,0.26197939933043585,0.241221679866337,0.22472759100180578,0.46507025017186654,0.550744381502416,37.21219,14.41,73.82352999999999,92.3089,1.0,0.0,0.3,0.0,0.0,0.0,0.0,0.0,0.0,0.0,0.0,0.0,0.0,0.0,0.0,0.0,0.0,0,0,0.0,0,0,0,0,0.0,0,0,0
3,201,2010.722,2019.722,10,2.1644964333129497,6.673304955278624,-0.6782494554408466,2.577443149220312,0.3714029093145217,1.0035160444881146,0.35615152592631955,0.34350805955853614,0.3011709844244783,0.7755658913801451,0.3141571943149271,143.65836,53.1486,37.91406,46.5413,1.0,0.0,1.0,0.0,0.0,0.0,0.0,0.0,0.0,0.0,0.0,0.0,0.0,0.0,0.0,0.0,0.0,0,0,0.0,0,0,0,0,0.0,0,0,0
3,202,2020.723,2029.745,10,0.0,0.0,0.0,0.0,2.5750511548023448e-08,2.583540368320105e-08,6.947181910768297e-11,7.4861468123918e-11,0.02172699367558803,0.821793496117877,0.15995431520748302,162.679,162.679,34.8913,34.8913,1.0,0.0,1.0,0.0,0.0,0.0,0.0,0.0,0.0,0.0,0.0,0.0,0.0,0.0,0.0,0.0,0.0,0,0,0.0,0,0,0,0,0.0,0,0,0
3,203,2030.734,2039.744,10,0.0,0.0,0.0,0.0,0.20740643185174198,1.033110301171259,0.362216880505066,0.1576358663753515,0.13613393140263025,0.4679677200237121,0.10416896677120382,160.8894,138.031,34.8913,34.8913,1.0,0.0,1.0,0.0,0.0,0.0,0.0,0.0,0.0,0.0,0.0,0.0,0.0,0.0,0.0,0.0,0.0,0,0,0.0,0,0,0,0,0.0,0,0,0
3,204,2040.745,2049.763,10,0.0,0.0,0.0,0.0,0.0,0.0,0.0,0.048986191442872896,0.13713628459008578,0.0,0.29103525282842674,162.416,162.416,34.8913,34.8913,1.0,0.0,1.0,0.0,0.0,0.0,0.0,0.0,0.0,0.0,0.0,0.0,0.0,0.0,0.0,0.0,0.0,0,0,0.0,0,0,0,0,0.0,0,0,0
3,205,2050.768,2059.774,10,1.1167376512120033,3.825005063522806,0.23832257710643961,2.061542140642569,0.49008753723317355,2.358945472523157,0.8426432068321644,0.5717575976519346,0.32333103390791035,0.36344699135020353,0.24879848215626685,131.45726,18.2368,37.091570000000004,42.925,1.0,0.0,1.0,0.0,0.0,0.0,0.0,0.0,0.0,0.0,0.0,0.0,0.0,0.0,0.0,0.0,0.0,0,0,0.0,0,0,0,0,0.0,0,0,0
3,206,2060.79,2069.791,10,3.2154523578919587,4.146889946941312,-0.04317937367511289,3.3797537577511543,0.7128536399361004,2.7545219924651976,0.8776910547609003,0.5031763826607333,0.5598120884763117,0.5101857972615587,0.7704572036581248,145.94692,16.8052,49.808730000000004,62.9517,1.0,0.0,0.9,0.0,0.0,0.0,0.0,0.0,0.0,0.0,0.0,0.0,0.0,0.0,0.0,0.0,0.0,0,0,0.0,0,0,0,0,0.0,0,0,0
3,207,2070.802,2079.802,10,3.214580842094821,4.13671771026132,0.2127034324669458,2.3072382108275282,0.5579170543280678,1.5869312257901471,0.5283537890936234,0.7844578330896826,0.8022568204088483,0.6952629650021659,0.8434938276287663,107.90131699999999,6.02867,76.62872,91.2989,1.0,0.0,0.4,0.0,0.0,0.0,0.0,0.0,0.0,0.0,0.0,0.0,0.0,0.0,0.0,0.0,0.0,0,0,0.0,0,0,0,0,0.0,0,0,0
3,208,2080.802,2089.812,10,3.784438850420949,5.040579067591025,-0.05868243380167761,1.0159831111632451,0.15225861280377098,0.61688842006899,0.22721294632246866,0.14005880029946202,0.1936475791189387,0.905003386888365,0.37067055409723365,156.1142,147.887,111.71476,126.139,1.0,0.0,0.7,0.0,0.0,0.0,0.0,0.0,0.0,0.0,0.0,0.0,0.0,0.0,0.0,0.0,0.0,0,0,0.0,0,0,0,0,0.0,0,0,0
3,209,2090.833,2099.827,10,0.7673261268214471,2.11873150024711,-0.299005918926015,1.6286701847664247,0.505810322053661,1.7507444867829538,0.5742124904719641,0.607096195297477,0.561258779196916,0.85290621917321,0.46533424154940367,69.514718,6.28079,125.73979999999999,128.301,1.0,0.0,0.5,0.0,0.0,0.0,0.0,0.0,0.0,0.0,0.0,0.0,0.0,0.0,0.0,0.0,0.0,0,0,0.0,0,0,0,0,0.0,0,0,0
3,210,2100.946,2109.854,10,0.7996609183924476,2.5210013651658087,0.21118134157252516,2.5542060437343554,0.6209304093561414,2.5642709110286717,0.8316831846236813,0.6743848962167338,0.6967718654145618,0.47945365685323715,0.7070614714253403,120.86125999999999,86.6858,124.1437,124.986,1.0,0.0,0.0,0.0,0.0,0.0,0.0,0.0,0.0,0.0,0.0,0.0,0.0,0.0,0.0,0.0,0.0,0,0,0.0,0,0,0,0,0.0,0,0,0
3,211,2110.863,2119.887,10,1.7417116883678159,4.188097506887703,0.052137949697583674,2.608093860137775,0.5863690254955511,2.583630596852145,0.8851443810220815,1.038215626637226,0.7509012292963603,0.7255743105699839,0.771232279255678,84.69178,30.1581,113.60249999999999,118.819,1.0,0.0,0.9,0.0,0.0,0.0,0.0,0.0,0.0,0.0,0.0,0.0,0.0,0.0,0.0,0.0,0.0,0,0,0.0,0,0,0,0,0.0,0,0,0
3,212,2120.929,2129.887,10,4.186777721960491,5.088248277220617,0.11246635991398597,0.7757579355266249,0.5132050261257881,1.2144879849710937,0.38625135024559937,0.29061268264683304,0.4484680703092462,0.6358803186524179,0.6876795926551784,141.48563,50.2139,127.0758,141.841,1.0,0.0,0.2,0.0,0.0,0.0,0.0,0.0,0.0,0.0,0.0,0.0,0.0,0.0,0.0,0.0,0.0,0,0,0.0,0,0,0,0,0.0,0,0,0
3,213,2130.893,2139.921,10,0.7465457327104131,3.8617389105999216,-0.4160635031870977,3.647499591807799,1.3879185023290053,2.7177262045326565,0.8311936962109322,0.9721199431152598,0.8596426603927926,0.8411858436528638,0.7781335869350524,105.37099,50.4589,146.6549,147.962,1.0,0.0,0.0,0.0,0.0,0.0,0.0,0.0,0.0,0.0,0.0,0.0,0.0,0.0,0.0,0.0,0.0,0,0,0.0,0,0,0,0,0.0,0,0,0
3,214,2140.902,2149.914,10,1.3624630147510708,3.8113457976373386,0.3802812220589278,2.181786734498198,0.7815078890291699,3.0511485278309443,0.950331770500467,1.0514083831749232,0.7696152075643676,0.7153086836859216,0.8752959675920617,84.11458,39.5195,148.3357,150.614,1.0,0.0,0.0,0.0,0.0,0.0,0.0,0.0,0.0,0.0,0.0,0.0,0.0,0.0,0.0,0.0,0.0,0,0,0.0,0,0,0,0,0.0,0,0,0
3,215,2150.915,2159.952,10,2.516639347163651,4.098910081205624,-0.3047848258772795,2.6856234886512245,0.6450430370933116,1.3785251649692327,0.47790509693150857,0.48296672106809135,0.6111499301645347,0.5119140676134449,0.8101828143721969,131.58544999999998,65.7867,161.8236,168.192,1.0,0.0,0.0,0.0,0.0,0.0,0.0,0.0,0.0,0.0,0.0,0.0,0.0,0.0,0.0,0.0,0.0,0,0,0.0,0,0,0,0,0.0,0,0,0
3,216,2160.931,2169.95,10,2.8077469780910302,5.991362295059045,0.32179990702419886,3.2470537303088167,0.8595351011885942,2.323680137727336,0.8958954178259906,1.2013678776923165,0.7664917595474952,0.6314602369416099,0.6979488427511533,112.30968,12.1159,174.7533,182.791,1.0,0.0,0.0,0.0,0.0,0.0,0.0,0.0,0.0,0.0,0.0,0.0,0.0,0.0,0.0,0.0,0.0,0,0,0.0,0,0,0,0,0.0,0,0,0
3,217,2170.961,2179.954,10,2.1773784762658472,5.83665449228554,-0.3912485633841197,2.62563954429014,0.4822060835426982,1.6480300005758355,0.48657442268119366,0.4045146733013686,0.5673500673820365,0.7561502573371002,0.6869073353318447,102.92663,59.2538,196.26839999999999,198.591,1.0,0.0,0.0,0.0,0.0,0.0,0.0,0.0,0.0,0.0,0.0,0.0,0.0,0.0,0.0,0.0,0.0,0,0,0.0,0,0,0,0,0.0,0,0,0
3,218,2180.955,2189.964,10,1.2541581397768122,4.021167270998822,0.0423996825805215,1.8912737620356448,0.8940668389929483,3.035801138279644,1.1541530072736113,1.1728630984993276,1.0049051850636173,0.6766186552371685,0.9700784978928567,124.23758000000001,45.0777,203.2458,205.329,1.0,0.0,0.0,0.0,0.0,0.0,0.0,0.0,0.0,0.0,0.0,0.0,0.0,0.0,0.0,0.0,0.0,0,0,0.0,0,0,0,0,0.0,0,0,0
3,219,2190.973,2199.975,10,0.15631907060587305,0.6786140071069056,-0.05501280013239076,0.49599645368431033,0.26222338724022975,1.6786379781243523,0.5412980588512695,0.5090872101579543,0.5905895594358551,0.44988077908689156,0.8567562511246292,66.42454000000001,25.3812,204.323,204.416,1.0,0.0,0.0,0.0,0.0,0.0,0.0,0.0,0.0,0.0,0.0,0.0,0.0,0.0,0.0,0.0,0.0,0,0,0.0,0,0,0,0,0.0,0,0,0
3,220,2200.979,2209.989,10,0.0,0.0,0.0,0.0,0.10588668986752744,0.6816908353021986,0.23448388291424319,0.1363381656707584,0.1710834069470294,0.4163031478860996,0.23698714133818594,39.76352,11.6967,204.416,204.416,1.0,0.0,0.0,0.0,0.0,0.0,0.0,0.0,0.0,0.0,0.0,0.0,0.0,0.0,0.0,0.0,0.0,0,0,0.0,0,0,0,0,0.0,0,0,0
3,221,2210.99,2219.004,9,0.0,0.0,0.0,0.0,0.0,0.0,0.0,0.0,0.0,0.14689292791363373,0.1281672343397673,11.6967,11.6967,204.416,204.416,1.0,0.0,0.0,0.0,0.0,0.0,0.0,0.0,0.0,0.0,0.0,0.0,0.0,0.0,0.0,0.0,0.0,0,0,0.0,0,0,0,0,0.0,0,0,0
3,222,2220.004,2229.016,10,3.1479708239171402,6.840811812010635,0.6336332482240283,3.4937174730168854,0.6175798855788914,3.1002490629209807,0.9268690334592826,0.6681809917546457,0.7366589997650101,0.8107309621223366,0.8655984467170939,87.55079,8.2755,199.8742,204.229,1.0,0.0,0.0,0.0,0.0,0.0,0.0,0.0,0.0,0.0,0.0,0.0,0.0,0.0,0.0,0.0,0.0,0,0,0.0,0,0,0,0,0.0,0,0,0
3,223,2230.015,2239.041,10,0.6999483841396057,2.0183204621700086,-0.620687382321214,0.8499728402371453,0.22354126670437013,0.6994479479567247,0.2611652344029873,0.1448234040011402,0.19836885905154852,0.7971891821714326,0.3123656713444957,98.52124,62.7595,198.0016,198.272,1.0,0.0,0.8,0.0,0.0,0.0,0.0,0.0,0.0,0.0,0.0,0.0,0.0,0.0,0.0,0.0,0.0,0,0,0.0,0,0,0,0,0.0,0,0,0
3,224,2240.046,2249.075,10,0.009001088823040352,0.09001088823040351,-0.007755338534653838,0.09001088823040351,0.0,0.0,0.0,0.0,0.0062999982274196675,0.9543141941602183,0.10697262300003844,104.5391,104.531,198.0822,198.087,1.0,0.0,0.9,0.0,0.0,0.0,0.0,0.0,0.0,0.0,0.0,0.0,0.0,0.0,0.0,0.0,0.0,0,0,0.0,0,0,0,0,0.0,0,0,0
3,225,2250.056,2259.059,10,0.0,0.0,0.0,0.0,0.0,0.0,0.0,0.0,0.0,0.7236053860818891,7.217332681990334e-09,104.53099999999999,104.531,198.087,198.087,1.0,0.0,1.0,0.0,0.0,0.0,0.0,0.0,0.0,0.0,0.0,0.0,0.0,0.0,0.0,0.0,0.0,0,0,0.0,0,0,0,0,0.0,0,0,0
3,226,2260.054,2269.072,10,0.978031829176334,2.9889138888433946,0.251016646703999,2.6946391511364465,0.4281303892964332,1.885892499925974,0.7256612345407513,0.38633426681315436,0.5432682379473247,0.8847259502906744,0.5123733495677182,101.77149,65.4348,198.3091,199.001,1.0,0.0,0.4,0.0,0.0,0.0,0.0,0.0,0.0,0.0,0.0,0.0,0.0,0.0,0.0,0.0,0.0,0,0,0.0,0,0,0,0,0.0,0,0,0
3,227,2270.07,2279.106,10,1.9096331901517645,6.724076810192029,-0.2479346787949969,4.221542555050305,0.03914110406411244,0.22693424878390928,0.08114282313469343,0.047364613002973746,0.05915887572997449,0.9915958679929604,0.3214628962323846,106.78952,99.3362,203.0645,203.688,1.0,0.0,0.0,0.0,0.0,0.0,0.0,0.0,0.0,0.0,0.0,0.0,0.0,0.0,0.0,0.0,0.0,0,0,0.0,0,0,0,0,0.0,0,0,0
3,228,2280.096,2289.104,10,0.0,0.0,0.0,0.0,2.1078451984285018e-08,2.128628712671416e-08,1.3784612498963362e-10,1.6014043597221164e-10,1.3096109768997045e-08,0.9950982669416284,0.0131090150435177,106.77000000000001,106.77,203.688,203.688,1.0,0.0,0.0,0.0,0.0,0.0,0.0,0.0,0.0,0.0,0.0,0.0,0.0,0.0,0.0,0.0,0.0,0,0,0.0,0,0,0,0,0.0,0,0,0
3,229,2290.108,2299.17,10,0.0,0.0,0.0,0.0,0.09726222135721015,0.7106581242627079,0.23071404221784422,0.14213162275778446,0.1675068808257696,0.2998960805980431,0.1609014070709854,144.6837,106.77,203.688,203.688,1.0,0.0,0.0,0.0,0.0,0.0,0.0,0.0,0.0,0.0,0.0,0.0,0.0,0.0,0.0,0.0,0.0,0,0,0.0,0,0,0,0,0.0,0,0,0
3,230,2300.114,2309.14,10,0.0,0.0,0.0,0.0,0.0,0.0,0.0,0.0,0.0,0.0,0.0774982431299187,163.085,163.085,203.688,203.688,1.0,0.0,0.0,0.0,0.0,0.0,0.0,0.0,0.0,0.0,0.0,0.0,0.0,0.0,0.0,0.0,0.0,0,0,0.0,0,0,0,0,0.0,0,0,0
3,231,2310.136,2319.163,10,0.0,0.0,0.0,0.0,0.08771091200421605,0.6438432744098451,0.20870369104313016,0.12876865488196904,0.11299193306517759,0.0,0.08297121934609818,144.484,113.218,203.688,203.688,1.0,0.0,0.0,0.0,0.0,0.0,0.0,0.0,0.0,0.0,0.0,0.0,0.0,0.0,0.0,0.0,0.0,0,0,0.0,0,0,0,0,0.0,0,0,0
3,232,2320.141,2329.17,10,0.0,0.0,0.0,0.0,0.0,0.0,0.0,0.0,0.038498094585406026,0.0,0.13259872835111167,113.218,113.218,203.688,203.688,1.0,0.0,0.0,0.0,0.0,0.0,0.0,0.0,0.0,0.0,0.0,0.0,0.0,0.0,0.0,0.0,0.0,0,0,0.0,0,0,0,0,0.0,0,0,0
3,233,2330.161,2339.173,10,0.0,0.0,0.0,0.0,0.0,0.0,0.0,0.0,0.0,0.0,0.0,113.218,113.218,203.688,203.688,1.0,0.0,0.0,0.0,0.0,0.0,0.0,0.0,0.0,0.0,0.0,0.0,0.0,0.0,0.0,0.0,0.0,0,0,0.0,0,0,0,0,0.0,0,0,0
3,234,2340.171,2349.182,10,2.1310997497487145,4.098796441153315,0.4061875458149752,2.699348045822775,0.3177409023829009,2.454853661218804,0.7712434059667943,0.4989485339117004,0.5629056046014402,0.5999046798493424,0.5429954035718283,90.68113000000001,74.8232,202.0037,203.688,1.0,0.0,0.0,0.0,0.0,0.0,0.0,0.0,0.0,0.0,0.0,0.0,0.0,0.0,0.0,0.0,0.0,0,0,0.0,0,0,0,0,0.0,0,0,0
3,235,2350.183,2359.186,10,0.5490653681790076,2.0414987833431137,-0.2008811849316227,2.051757571199109,0.07936658942705803,0.3372432006924705,0.130725026833282,0.1247187164381663,0.08718670642506635,0.9974411947207067,0.30144311665769447,73.96472,62.6302,198.1448,198.483,1.0,0.0,0.3,0.0,0.0,0.0,0.0,0.0,0.0,0.0,0.0,0.0,0.0,0.0,0.0,0.0,0.0,0,0,0.0,0,0,0,0,0.0,0,0,0
3,236,2360.182,2369.194,10,2.534911904515141,6.844196361430245,-0.006267820213270392,2.950546997501202,0.40446206649167926,1.3706376238788078,0.5732320235983367,0.5068223719818539,0.39349655567599695,0.8886229080247133,0.31519744069184663,122.34616000000001,81.3937,204.91819999999998,216.292,1.0,0.0,0.4,0.0,0.0,0.0,0.0,0.0,0.0,0.0,0.0,0.0,0.0,0.0,0.0,0.0,0.0,0,0,0.0,0,0,0,0,0.0,0,0,0
3,237,2370.215,2379.228,10,0.0,0.0,-0.19397926759798106,0.0,0.002572760720661091,0.025727607206610912,0.00813578375190527,0.0158542830599662,0.20216449585543939,0.7424455018363261,0.44033647111087404,157.04699999999997,157.003,216.292,216.292,1.0,0.0,0.0,0.0,0.0,0.0,0.0,0.0,0.0,0.0,0.0,0.0,0.0,0.0,0.0,0.0,0.0,0,0,0.0,0,0,0,0,0.0,0,0,0
3,238,2380.231,2389.24,10,0.0,0.0,0.0,0.0,0.0,0.0,0.0,0.0,0.0034517207167437287,0.7467964859351967,0.006508627001514713,157.003,157.003,216.292,216.292,1.0,0.0,0.0,0.0,0.0,0.0,0.0,0.0,0.0,0.0,0.0,0.0,0.0,0.0,0.0,0.0,0.0,0,0,0.0,0,0,0,0,0.0,0,0,0
3,239,2390.233,2399.293,10,0.0,0.0,0.0,0.0,0.0,0.0,0.0,0.0,0.0,0.0,0.0,157.003,157.003,216.292,216.292,1.0,0.0,0.0,0.0,0.0,0.0,0.0,0.0,0.0,0.0,0.0,0.0,0.0,0.0,0.0,0.0,0.0,0,0,0.0,0,0,0,0,0.0,0,0,0
3,240,2400.296,2409.964,10,376.35131295083124,3763.5131295083124,226.17266403295147,2261.726640329515,0.07899591602841391,0.789959160284139,0.24980702050119047,0.07899591602841391,0.03532804763687974,0.09999999999928509,0.024980702050119048,157.003,157.003,216.292,216.292,0.9,0.0,0.0,0.0,0.0,0.0,0.0,0.0,0.0,0.0,0.0,0.0,0.0,0.0,0.0,0.0,0.0,0,0,0.0,0,0,0,0,0.0,0,0,0
3,241,2410.792,2419.82,10,1.7911330435769397,4.104786163423456,-454.1587107321849,3.8603204064532384,0.6987931617636033,2.183738995799446,0.7819565112670956,0.8006295468423199,0.6253747692968188,0.9986529082339599,0.5085941866859464,180.0,180.0,0.0,0.0,0.0,0.0,0.0,0.0,0.0,0.0,0.0,0.0,0.0,0.0,0.0,0.0,0.0,0.0,0.0,0.0,0.0,0,0,0.0,0,0,0,0,0.0,0,0,0
3,242,2420.827,2429.815,10,4.969777131322565,7.082183999621238,0.3116109623471018,1.7619997467552044,0.8882523613171898,2.4969655133049824,0.8680729810934479,0.9871970202559393,0.7904725816707313,0.9878777251705397,0.8287991401979381,180.0,180.0,0.0,0.0,0.0,0.0,0.0,0.0,0.0,0.0,0.0,0.0,0.0,0.0,0.0,0.0,0.0,0.0,0.0,0.0,0.0,0,0,0.0,0,0,0,0,0.0,0,0,0
3,243,2430.83,2439.826,10,6.433321682759667,6.905980557758761,-0.15869293872622228,0.7330472635397454,0.4638065490561969,1.5318710668552253,0.5121903720296573,0.3429523243198108,0.28802911402531944,0.7736031962810641,0.47743212114326566,180.0,180.0,0.0,0.0,0.0,0.0,0.0,0.0,0.0,0.0,0.0,0.0,0.0,0.0,0.0,0.0,0.0,0.0,0.0,0.0,0.0,0,0,0.0,0,0,0,0,0.0,0,0,0
3,244,2440.834,2449.851,10,0.8900458848178529,3.1909115388544844,-0.5199842282908973,2.5335112202445425,0.44750942072904865,1.609352218571972,0.542654388035559,0.42463470198275,0.4569557338757149,0.6069345531793962,0.589888801897059,180.0,180.0,0.0,0.0,0.0,0.0,0.0,0.0,0.0,0.0,0.0,0.0,0.0,0.0,0.0,0.0,0.0,0.0,0.0,0.0,0.0,0,0,0.0,0,0,0,0,0.0,0,0,0
3,245,2450.863,2459.885,10,0.6163467847799717,2.1933993977105604,0.004668576457735885,1.2093169705861493,0.5474817389538156,2.0370408849204185,0.8275068522884699,0.586206650864555,0.7797264127484285,0.4502338889799013,0.8108814760326417,180.0,180.0,0.0,0.0,0.0,0.0,0.0,0.0,0.0,0.0,0.0,0.0,0.0,0.0,0.0,0.0,0.0,0.0,0.0,0.0,0.0,0,0,0.0,0,0,0,0,0.0,0,0,0
3,246,2460.881,2469.88,10,0.04697645032169047,0.4697645032169047,0.047307603546516086,0.47307603546516086,0.1008897651124149,1.008897651124149,0.3190414503546248,0.1008897651124149,0.11106985069356143,0.647950644282228,0.27335020830222906,180.0,180.0,0.0,0.0,0.0,0.0,0.0,0.0,0.0,0.0,0.0,0.0,0.0,0.0,0.0,0.0,0.0,0.0,0.0,0.0,0.0,0,0,0.0,0,0,0,0,0.0,0,0,0
3,247,2470.874,2479.895,10,0.24139734693064369,2.0043345907990067,0.15290924018474358,1.990401778350553,0.17083567664691907,1.3211831193744097,0.4189773021342359,0.4004928083361513,0.48995774701775635,0.8823190309657616,0.41664909696653557,180.0,180.0,0.0,0.0,0.0,0.0,0.0,0.0,0.0,0.0,0.0,0.0,0.0,0.0,0.0,0.0,0.0,0.0,0.0,0.0,0.0,0,0,0.0,0,0,0,0,0.0,0,0,0
3,248,2480.887,2489.421,7,1.8335313577322505,3.4571080167461616,0.0314515773889117,1.9623141851025947,0.7319192524105256,2.2790667093469312,0.808236244738516,1.0773042747667112,0.6045688400588701,0.2762196727911745,0.564580690627794,180.0,180.0,0.0,0.0,0.0,0.0,0.0,0.0,0.0,0.0,0.0,0.0,0.0,0.0,0.0,0.0,0.0,0.0,0.0,0.0,0.0,0,0,0.0,0,0,0,0,0.0,0,0,0
3,249,2490.425,2499.444,10,4.671540262052683,6.7974480667328985,0.2337399631882545,4.277565473985015,0.5186559243660291,1.297021316123923,0.5071509499249545,0.5982115263402676,0.6086258679610301,0.5384799241803232,0.6752080749075177,180.0,180.0,0.0,0.0,0.0,0.0,0.0,0.0,0.0,0.0,0.0,0.0,0.0,0.0,0.0,0.0,0.0,0.0,0.0,0.0,0.0,0,0,0.0,0,0,0,0,0.0,0,0,0
3,250,2500.443,2509.449,10,6.501216016517477,6.852629795690987,0.3857699774302592,1.7569701859304865,0.24867129715492195,0.848049684886253,0.26326064251504283,0.27201890943473594,0.2811735422576617,0.35947246938684174,0.4261851565133875,180.0,180.0,0.0,0.0,0.0,0.0,0.0,0.0,0.0,0.0,0.0,0.0,0.0,0.0,0.0,0.0,0.0,0.0,0.0,0.0,0.0,0,0,0.0,0,0,0,0,0.0,0,0,0
3,251,2510.456,2519.47,10,5.264201439584353,6.720392606177809,-0.027613479629553395,1.9223074832859866,0.7680526528268798,1.821760719623122,0.5015492197908346,0.6876879514272334,0.5264904727892116,0.6253486050697707,0.5502961347452949,180.0,180.0,0.0,0.0,0.0,0.0,0.0,0.0,0.0,0.0,0.0,0.0,0.0,0.0,0.0,0.0,0.0,0.0,0.0,0.0,0.0,0,0,0.0,0,0,0,0,0.0,0,0,0
3,252,2520.473,2529.47,10,5.061149887353762,6.817581924999022,-0.14694772144661802,2.5694859440096898,0.7328522546190583,1.8506346175554682,0.6421489278554163,0.40041544576183086,0.4314989450501816,0.5962355401431874,0.4129883158969756,180.0,180.0,0.0,0.0,0.0,0.0,0.0,0.0,0.0,0.0,0.0,0.0,0.0,0.0,0.0,0.0,0.0,0.0,0.0,0.0,0.0,0,0,0.0,0,0,0,0,0.0,0,0,0
3,253,2530.478,2539.489,10,2.3866296819544197,4.672707578172359,-0.48300813418104216,2.7795121313002094,1.236585611835292,2.219061548063898,0.6973267436631386,0.7941382193227641,0.5749988475401264,0.3684562744212444,0.6216088360904111,180.0,180.0,0.0,0.0,0.0,0.0,0.0,0.0,0.0,0.0,0.0,0.0,0.0,0.0,0.0,0.0,0.0,0.0,0.0,0.0,0.0,0,0,0.0,0,0,0,0,0.0,0,0,0
3,254,2540.484,2549.512,10,0.0,0.0,0.0,0.0,0.35109796812925537,1.646986405230923,0.6425713549551632,0.3293972796397557,0.678764056422361,0.3072564502486729,0.7815171694207709,180.0,180.0,0.0,0.0,0.0,0.0,0.0,0.0,0.0,0.0,0.0,0.0,0.0,0.0,0.0,0.0,0.0,0.0,0.0,0.0,0.0,0,0,0.0,0,0,0,0,0.0,0,0,0
3,255,2550.5,2559.517,10,0.0,0.0,0.0,0.0,0.0,0.0,0.0,0.0,0.0,0.4370994429177683,0.19454905891855834,180.0,180.0,0.0,0.0,0.0,0.0,0.0,0.0,0.0,0.0,0.0,0.0,0.0,0.0,0.0,0.0,0.0,0.0,0.0,0.0,0.0,0,0,0.0,0,0,0,0,0.0,0,0,0
3,256,2560.522,2569.527,10,0.0,0.0,0.0,0.0,0.0,0.0,0.0,0.0,0.0,0.0,0.0,180.0,180.0,0.0,0.0,0.0,0.0,0.0,0.0,0.0,0.0,0.0,0.0,0.0,0.0,0.0,0.0,0.0,0.0,0.0,0.0,0.0,0,0,0.0,0,0,0,0,0.0,0,0,0
3,257,2570.525,2579.767,10,195.34000611135144,1953.4000611135143,-76.67036710992866,1448.0356272153554,0.1715240176934395,1.700125214773353,0.5371167182830392,0.3400250429546706,0.30362914251588874,0.39999991726166406,0.21489769534657918,180.0,180.0,0.0,0.0,0.0,0.0,0.0,0.0,0.0,0.0,0.0,0.0,0.0,0.0,0.0,0.0,0.0,0.0,0.0,0.0,0.0,0,0,0.0,0,0,0,0,0.0,0,0,0
3,258,2580.764,2589.784,10,0.0,0.0,0.0,0.0,0.05540311997479188,0.5540311997479188,0.17520004859991287,0.05540311997479188,0.10131873891295937,0.9999997931541602,0.3402680129015764,180.0,180.0,0.0,0.0,0.0,0.0,0.0,0.0,0.0,0.0,0.0,0.0,0.0,0.0,0.0,0.0,0.0,0.0,0.0,0.0,0.0,0,0,0.0,0,0,0,0,0.0,0,0,0
3,259,2590.776,2599.791,10,3.96504954631938,6.4184918695853455,0.6425869059579521,3.1145438948507618,0.8019481525045808,2.8179780716783838,1.082880304161188,1.1118623006985664,0.9951549854686883,0.8765995861662639,0.9297985928261223,180.0,180.0,0.0,0.0,0.0,0.0,0.0,0.0,0.0,0.0,0.0,0.0,0.0,0.0,0.0,0.0,0.0,0.0,0.0,0.0,0.0,0,0,0.0,0,0,0,0,0.0,0,0,0
3,260,2600.783,2609.794,10,3.2357311160515336,6.446933566158092,-0.25086996620774293,1.5880659341111634,0.689645902366386,2.0657364416691153,0.6666217423577938,0.710977854427583,0.5540724031865805,0.583620286459954,0.7108447164462964,180.0,180.0,0.0,0.0,0.0,0.0,0.0,0.0,0.0,0.0,0.0,0.0,0.0,0.0,0.0,0.0,0.0,0.0,0.0,0.0,0.0,0,0,0.0,0,0,0,0,0.0,0,0,0
3,261,2610.799,2619.961,10,3.9068585402191713,4.816747041690033,0.022537617412348707,1.5413645563274605,0.2906404957340155,1.7034954878743114,0.5370857872512181,0.40907134303621484,0.5284311231768337,0.4101402978287769,0.6602561752732529,180.0,180.0,0.0,0.0,0.0,0.0,0.0,0.0,0.0,0.0,0.0,0.0,0.0,0.0,0.0,0.0,0.0,0.0,0.0,0.0,0.0,0,0,0.0,0,0,0,0,0.0,0,0,0
3,262,2620.951,2629.964,10,4.208981584666424,6.521058090554894,0.2470459672731063,2.9594159888423612,0.7505253747888035,2.027657726569523,0.7309489298323502,0.7840464711700215,0.6073550638716746,0.46713808150235536,0.5542913872013437,180.0,180.0,0.0,0.0,0.0,0.0,0.0,0.0,0.0,0.0,0.0,0.0,0.0,0.0,0.0,0.0,0.0,0.0,0.0,0.0,0.0,0,0,0.0,0,0,0,0,0.0,0,0,0
3,263,2630.965,2639.932,10,1.6856967549865156,4.63970567549482,-0.6513140799587438,0.0,0.05315546796160807,0.2367770088448572,0.08431966882202849,0.15152921232746902,0.31027393055078556,0.8661822634497259,0.6026716787096732,180.0,180.0,0.0,0.0,0.0,0.0,0.0,0.0,0.0,0.0,0.0,0.0,0.0,0.0,0.0,0.0,0.0,0.0,0.0,0.0,0.0,0,0,0.0,0,0,0,0,0.0,0,0,0
3,264,2640.933,2649.942,10,0.0,0.0,0.0,0.0,0.0,0.0,0.0,0.0,0.0,0.8613719242204502,0.019123362831971004,180.0,180.0,0.0,0.0,0.0,0.0,0.0,0.0,0.0,0.0,0.0,0.0,0.0,0.0,0.0,0.0,0.0,0.0,0.0,0.0,0.0,0,0,0.0,0,0,0,0,0.0,0,0,0
3,265,2650.945,2659.951,10,3.0176343809784507,6.9629124978644095,0.6613252422963344,3.635440623175314,0.26310136777637905,0.986581376027241,0.3050990768425542,0.2660436245805792,0.2572541006538732,0.9839678034733529,0.2336828774370941,180.0,180.0,0.0,0.0,0.0,0.0,0.0,0.0,0.0,0.0,0.0,0.0,0.0,0.0,0.0,0.0,0.0,0.0,0.0,0.0,0.0,0,0,0.0,0,0,0,0,0.0,0,0,0
3,266,2660.954,2666.958,7,6.7625107729316145,6.993706188828813,0.020458490033755345,0.45137730969202744,0.010975900834327723,0.07365048742767141,0.02766230621330735,0.03550357700443919,0.10023222201455875,0.9789819534998194,0.22031063586374566,180.0,180.0,0.0,0.0,0.0,0.0,0.0,0.0,0.0,0.0,0.0,0.0,0.0,0.0,0.0,0.0,0.0,0.0,0.0,0.0,0.0,0,0,0.0,0,0,0,0,0.0,0,0,0
