jogador_sessao,janela_analise_10s,inicio_janela_s,fim_janela_s,amostras,vel_posicao_media,vel_posicao_max,aceleracao_media,aceleracao_max,vel_rotacao_media,vel_rotacao_max,vel_rotacao_std,jitter_medio,entropia_media,eficiencia_trajeto_media,variacao_camera_media,angulo_alvo_medio,angulo_alvo_min,distancia_alvo_media,distancia_alvo_max,taxa_alvo_encontrado,taxa_alvo_na_mira,taxa_visao_direta,taxa_alvo_oculto,taxa_mirando_alvo,taxa_mira_oculta,duracao_rastreando_oculto_max,duracao_mirando_oculto_max,duracao_perseguicao_oculta_max,taxa_alvo_oculto_300m,taxa_mira_oculta_300m,duracao_observando_oculto_300m_max,duracao_mirando_oculto_300m_max,taxa_ads_oculta_300m,taxa_precisao_oculta_300m,duracao_ads_oculto_300m_max,duracao_precisao_oculta_300m_max,contagem_episodios_esp_120s_max,contagem_episodios_ads_120s_max,duracao_speedhack_max,pontos_evento_total,pontos_suspeita_60s_max,tipos_evidencia_60s_max,nivel_suspeita_max,indice_regra_0a1,padrao_suspeito,candidato_revisao,candidato_banimento
1,0,0.0,9.003,10,0.590633551673176,5.662092882451567,0.5635138403604943,5.390895769324751,0.3003469169376437,1.6851478963679176,0.6390627961914878,0.20519746685677348,0.15863168179480644,0.0,0.12007788270645703,57.946799999999996,36.857,115.6377,120.803,1.0,0.0,0.0,0.0,0.0,0.0,0.0,0.0,0.0,0.0,0.0,0.0,0.0,0.0,0.0,0.0,0.0,0,0,0.0,0,0,0,0,0.0,0,0,0
1,1,10.0,19.021,10,981.5211735913733,9761.058549672847,-4.3832031466716215,9734.768970024019,0.193551863162735,0.5663728780152002,0.18955352500709705,0.2661806344036983,0.3504574915125299,0.0,0.5397405611737719,124.56379999999999,15.8695,112.17986499999999,158.009,1.0,0.0,0.2,0.0,0.0,0.0,0.0,0.0,0.0,0.0,0.0,0.0,0.0,0.0,0.0,0.0,0.0,0,0,0.0,0,0,0,0,0.0,0,0,0
1,2,20.019,29.04,10,0.9992750678466903,3.0895357452814296,0.020842327549813043,2.441605949597674,0.8950519475088109,3.0273539860025074,1.001770408550585,0.6922836891238546,0.8103163992572913,0.9901498912358416,0.7807123431719885,40.605953,9.03933,8.506451,11.2947,1.0,0.0,0.7,0.0,0.0,0.0,0.0,0.0,0.0,0.0,0.0,0.0,0.0,0.0,0.0,0.0,0.0,0,0,0.0,0,0,0,0,0.0,0,0,0
1,3,30.037,39.045,10,0.08703556874957537,0.46120665528785226,-0.044936665063080534,0.46539521219763097,0.09130395197532373,0.9130395197532374,0.28872844761665284,0.156807616577625,0.18548495382141417,0.8451390387463535,0.5633275489249377,28.51006,28.4314,9.368579,9.56317,1.0,0.0,1.0,0.0,0.0,0.0,0.0,0.0,0.0,0.0,0.0,0.0,0.0,0.0,0.0,0.0,0.0,0,0,0.0,0,0,0,0,0.0,0,0,0
1,4,40.047,49.061,10,0.0862874777821661,0.7102094286499624,-0.04729149522477673,0.5531191264665315,0.15320644512353,0.7804950416758742,0.32305949558560615,0.09130395197532373,0.25736000852630597,0.32377554828982097,0.38477377936188273,60.15728,19.1541,9.323594,9.4722,1.0,0.0,1.0,0.0,0.0,0.0,0.0,0.0,0.0,0.0,0.0,0.0,0.0,0.0,0.0,0.0,0.0,0,0,0.0,0,0,0,0,0.0,0,0,0
1,5,50.082,59.092,10,0.0,0.0,0.0,0.0,0.0,0.0,0.0,0.0,0.0,0.19820771720733482,0.02376671153915711,64.70911,64.6682,9.305901,9.31222,1.0,0.0,1.0,0.0,0.0,0.0,0.0,0.0,0.0,0.0,0.0,0.0,0.0,0.0,0.0,0.0,0.0,0,0,0.0,0,0,0,0,0.0,0,0,0
1,6,60.082,69.102,10,0.0,0.0,0.0,0.0,0.0,0.0,0.0,0.0,0.0,0.09999999288780562,0.0,64.70842,64.6686,9.307249,9.31287,1.0,0.0,1.0,0.0,0.0,0.0,0.0,0.0,0.0,0.0,0.0,0.0,0.0,0.0,0.0,0.0,0.0,0,0,0.0,0,0,0,0,0.0,0,0,0
1,7,70.093,79.1,10,0.2188953782491918,1.8986726576685793,0.013330496579689122,1.7038045898784329,0.1056847590722509,1.0442425841280096,0.3297993962830075,0.2088485148826663,0.2329488252786543,0.49910739577400387,0.16494160892432702,36.740661,8.54601,10.159639,11.3696,1.0,0.0,1.0,0.0,0.0,0.0,0.0,0.0,0.0,0.0,0.0,0.0,0.0,0.0,0.0,0.0,0.0,0,0,0.0,0,0,0,0,0.0,0,0,0
1,8,80.128,89.136,10,0.0,0.0,0.0,0.0,2.099986398174922e-08,2.1329376776768235e-08,2.166746265645551e-10,3.100166702032356e-10,0.000563714053098726,0.9977686272174576,0.1652983016145447,8.559506,8.54511,11.36284,11.3694,1.0,0.0,1.0,0.0,0.0,0.0,0.0,0.0,0.0,0.0,0.0,0.0,0.0,0.0,0.0,0.0,0.0,0,0,0.0,0,0,0,0,0.0,0,0,0
1,9,90.123,99.14,10,0.2283940205212359,1.4796132965923867,0.05307724441571293,1.4513797779296733,0.1616434192660992,1.5262915187955437,0.4797251042293651,0.15294461498460904,0.07151528413032646,0.8983889757285992,0.051306220789541626,14.084719999999999,8.5473,10.108762,11.3683,1.0,0.0,0.8,0.0,0.0,0.0,0.0,0.0,0.0,0.0,0.0,0.0,0.0,0.0,0.0,0.0,0.0,0,0,0.0,0,0,0,0,0.0,0,0,0
1,10,100.135,109.145,10,1.2836730354290167,2.9185650011313276,-0.05002259763908708,2.9450706368630954,0.26501348877356,0.6973405914305411,0.27925732835007455,0.37684643120406314,0.4106845819766079,0.4138473728488691,0.45489199447821693,47.44304,15.8549,4.579459,11.0209,1.0,0.0,0.6,0.0,0.0,0.0,0.0,0.0,0.0,0.0,0.0,0.0,0.0,0.0,0.0,0.0,0.0,0,0,0.0,0,0,0,0,0.0,0,0,0
1,11,110.149,119.16,10,1.239834098274566,2.4368872437352658,0.24095994245503105,1.7257797326927982,0.6836927543943445,2.039441174969145,0.7433214490798228,0.7279643416051049,0.6787182493793864,0.13456793047686805,0.6006566437047998,42.27435,15.0893,6.019511,11.3755,1.0,0.0,0.8,0.0,0.0,0.0,0.0,0.0,0.0,0.0,0.0,0.0,0.0,0.0,0.0,0.0,0.0,0,0,0.0,0,0,0,0,0.0,0,0,0
1,12,120.163,129.175,10,0.2878182943974504,1.4129516772157864,-0.10188275251919168,0.9008061277481498,0.2071694390336818,1.3555621247963117,0.4588950266560979,0.16090911883226164,0.22183431301575549,0.23325782233750955,0.48849590099192647,52.893550000000005,47.2316,3.073849,11.7081,1.0,0.0,1.0,0.0,0.0,0.0,0.0,0.0,0.0,0.0,0.0,0.0,0.0,0.0,0.0,0.0,0.0,0,0,0.0,0,0,0,0,0.0,0,0,0
1,13,130.173,139.185,10,0.13997866605320325,0.9816236371690608,-0.0977828867305392,0.9925415947108804,0.2398735234174716,0.9299244269625165,0.37457011654277467,0.5002622880924319,0.4689257821688093,0.3851793757078855,0.4770781573878347,35.50676,28.6322,4.5858289999999995,11.713,1.0,0.0,1.0,0.0,0.0,0.0,0.0,0.0,0.0,0.0,0.0,0.0,0.0,0.0,0.0,0.0,0.0,0,0,0.0,0,0,0,0,0.0,0,0,0
1,14,140.181,149.195,10,0.0,0.0,-0.041984239293471066,0.0,0.0,0.0,0.0,0.0025793623187914767,0.08809978082827512,0.33650371590167966,0.2264188456225865,31.93786,26.0819,3.6761449999999996,4.01157,1.0,0.0,1.0,0.0,0.0,0.0,0.0,0.0,0.0,0.0,0.0,0.0,0.0,0.0,0.0,0.0,0.0,0,0,0.0,0,0,0,0,0.0,0,0,0
1,15,150.202,159.215,10,0.0,0.0,0.0,0.0,0.08372311605018529,0.7523230445760308,0.23643268533780884,0.15046460753690472,0.16904882124905757,0.8983716173322062,0.21293669421253733,33.343560000000004,26.1073,2.2277270000000002,4.00737,1.0,0.0,1.0,0.0,0.0,0.0,0.0,0.0,0.0,0.0,0.0,0.0,0.0,0.0,0.0,0.0,0.0,0,0,0.0,0,0,0,0,0.0,0,0,0
1,16,160.218,169.218,10,0.0,0.0,0.0,0.0,0.17506976821977546,1.0027500047906643,0.33567918686840975,0.20167746701407835,0.1323555895310971,0.0,0.12683796909859685,31.28003,24.6056,2.836727,4.01142,1.0,0.0,1.0,0.0,0.0,0.0,0.0,0.0,0.0,0.0,0.0,0.0,0.0,0.0,0.0,0.0,0.0,0,0,0.0,0,0,0,0,0.0,0,0,0
1,17,170.233,179.247,10,0.0,0.0,0.0,0.0,0.10867732770698005,0.380139544046763,0.17521228944635642,0.10027500047906643,0.2093934069863374,0.0,0.30937521272952834,36.86367,30.4813,1.9972439999999998,2.1858,1.0,0.0,1.0,0.0,0.0,0.0,0.0,0.0,0.0,0.0,0.0,0.0,0.0,0.0,0.0,0.0,0.0,0,0,0.0,0,0,0,0,0.0,0,0,0
1,18,180.229,189.262,10,0.3302790039902309,1.217144547802514,0.12121610349000692,0.5882184968194667,0.10570226970364253,0.4091625607871955,0.15447617883316997,0.063583039879734,0.05535488960325809,0.3787070417867549,0.07186086664793419,49.3101,36.6056,3.055969,14.1317,1.0,0.0,1.0,0.0,0.0,0.0,0.0,0.0,0.0,0.0,0.0,0.0,0.0,0.0,0.0,0.0,0.0,0,0,0.0,0,0,0,0,0.0,0,0,0
1,19,190.27,199.281,10,0.25671466570779244,1.1281640924504546,-0.12350009537940765,0.5928569660177319,0.33874729107343926,1.4900782143287563,0.5192542454179313,0.31626511259310375,0.372443872035166,0.6999172848451936,0.3267325618208703,54.209423,8.32445,14.14933,14.4379,1.0,0.0,0.6,0.0,0.0,0.0,0.0,0.0,0.0,0.0,0.0,0.0,0.0,0.0,0.0,0.0,0.0,0,0,0.0,0,0,0,0,0.0,0,0,0
1,20,200.278,209.304,10,0.03893531815920832,0.38935318159208315,0.03885760295330171,0.3885760295330171,0.10157788458308362,1.0157786140645346,0.3212173937498698,0.1015778591953839,0.13033909782291966,0.33184696690469595,0.3583112814742814,13.999568,8.30634,14.456620000000001,14.6804,1.0,0.0,0.0,0.0,0.0,0.0,0.0,0.0,0.0,0.0,0.0,0.0,0.0,0.0,0.0,0.0,0.0,0,0,0.0,0,0,0,0,0.0,0,0,0
1,21,210.298,219.312,10,0.005417895100392534,0.05417895100392534,-0.03908399408250903,0.0,0.0,0.0,0.0,0.10157786140645346,0.18170800076918653,0.650578645141518,0.28909565845253526,65.17875000000001,65.1688,14.7433,14.7489,1.0,0.0,0.0,0.0,0.0,0.0,0.0,0.0,0.0,0.0,0.0,0.0,0.0,0.0,0.0,0.0,0.0,0,0,0.0,0,0,0,0,0.0,0,0,0
1,22,220.308,229.321,10,0.0,0.0,0.0,0.0,0.0,0.0,0.0,0.0,0.0,0.8921508087038699,0.0,65.18209,65.1655,14.743039999999999,14.7472,1.0,0.0,0.0,0.0,0.0,0.0,0.0,0.0,0.0,0.0,0.0,0.0,0.0,0.0,0.0,0.0,0.0,0,0,0.0,0,0,0,0,0.0,0,0,0
1,23,230.321,239.337,10,1.1390826024409553,2.5484941715651592,0.2530343548589909,1.6856507091186852,0.8751813115078051,2.3779395158223644,0.7280698951471327,1.0599910210892525,0.6448142737485976,0.8375402012086095,0.5643216932432977,59.366074000000005,8.79924,14.645934,20.6438,1.0,0.0,0.5,0.0,0.0,0.0,0.0,0.0,0.0,0.0,0.0,0.0,0.0,0.0,0.0,0.0,0.0,0,0,0.0,0,0,0,0,0.0,0,0,0
1,24,240.336,249.348,10,2.3627965936951383,4.435588350917061,-0.11979477790627309,1.9489861068407732,0.43964145933691345,1.1567112866898905,0.4347108760730245,0.5236163561145217,0.5929378810414141,0.7648862458946846,0.6994186375350433,142.7534,101.183,24.45914,35.5153,1.0,0.0,0.8,0.0,0.0,0.0,0.0,0.0,0.0,0.0,0.0,0.0,0.0,0.0,0.0,0.0,0.0,0,0,0.0,0,0,0,0,0.0,0,0,0
1,25,250.358,259.422,10,3.8076438587614674,6.280406902956611,0.17234111491269638,3.0911137059658143,0.10157123649149849,0.45387706575445846,0.1418516346228419,0.11016274622587438,0.21291181041127163,0.8785097274912532,0.35113466052124387,148.21970000000002,124.739,49.09616,77.139,1.0,0.0,0.3,0.0,0.0,0.0,0.0,0.0,0.0,0.0,0.0,0.0,0.0,0.0,0.0,0.0,0.0,0,0,0.0,0,0,0,0,0.0,0,0,0
1,26,260.374,269.376,10,4.411665013368387,6.668092026859061,-0.12956603102090744,2.248446139374049,0.5700774547995444,2.1115012872613477,0.8121701238925281,0.43608718077356945,0.34586446769097073,0.8542657901799737,0.329561547846978,119.22039,20.2951,89.67124,102.756,1.0,0.0,0.0,0.0,0.0,0.0,0.0,0.0,0.0,0.0,0.0,0.0,0.0,0.0,0.0,0.0,0.0,0,0,0.0,0,0,0,0,0.0,0,0,0
1,27,270.399,279.391,10,1.7059919092925047,3.7837528069191197,-0.07463383956588505,1.9789147114178491,0.09718341812555456,0.6894636081107299,0.21556423367480806,0.22447030906305637,0.35967479923249834,0.8365134550774365,0.6964733804695931,93.19865,86.5729,101.4115,101.936,1.0,0.0,0.0,0.0,0.0,0.0,0.0,0.0,0.0,0.0,0.0,0.0,0.0,0.0,0.0,0.0,0.0,0,0,0.0,0,0,0,0,0.0,0,0,0
1,28,280.393,289.402,10,0.0,0.0,-0.10859676003131405,0.0,0.0,0.0,0.0,0.0025951306047644384,0.025020910919445926,0.8513183473240892,0.046907038463395466,109.68499999999999,109.685,101.936,101.936,1.0,0.0,0.0,0.0,0.0,0.0,0.0,0.0,0.0,0.0,0.0,0.0,0.0,0.0,0.0,0.0,0.0,0,0,0.0,0,0,0,0,0.0,0,0,0
1,29,290.397,299.416,10,3.809255540457052,6.674771988426383,0.38541280337000566,4.8922229683064185,0.4653815749570419,2.9953222064349627,0.9241079851171226,0.6363081224876278,0.7096577288148607,0.5733474816151342,0.9369588997498346,13.888945000000001,1.64378,75.24316,92.3927,1.0,0.7,0.0,0.7,0.0,0.0,6.0089999999999995,0.0,0.0,0.0,0.0,0.0,0.0,0.0,0.0,0.0,0.0,0,0,0.0,0,0,0,0,0.0,0,0,0
1,30,300.422,309.435,10,3.953393164188776,4.078369268079645,0.008993163916130068,0.3078887042157697,0.08793071492447321,0.2609877379976458,0.10419098967956329,0.11282934209298386,0.0895698336891601,0.877732145813735,0.11099343277712163,15.518284399999999,0.448934,37.8595,55.0558,1.0,0.4,0.0,0.4,0.0,0.0,10.020999999999999,0.0,0.0,0.0,0.0,0.0,0.0,0.0,0.0,0.0,0.0,0,0,0.0,0,0,0,0,0.0,0,0,0
1,31,310.432,319.453,10,2.5482126697593985,6.033583236434882,-0.37799973293044464,2.648898681217443,0.3013421826510774,1.050585316882343,0.3591379176274957,0.43601794869777855,0.29881299767102193,0.9240576107712956,0.24515360563784835,39.446242,1.20528,17.327817,27.8512,1.0,0.1,0.5,0.0,0.0,0.0,0.0,0.0,0.0,0.0,0.0,0.0,0.0,0.0,0.0,0.0,0.0,0,0,0.0,0,0,0,0,0.0,0,0,0
1,32,320.451,329.467,10,1.3829333484060182,3.291960165396554,-0.01854777399304721,3.2370621062007467,0.3995641731997678,1.1565690210758854,0.4997637086010649,0.5282325600010983,0.45223858628908475,0.7668339415212373,0.41454444427709286,60.818769999999994,22.234,9.616215,16.5772,1.0,0.0,0.7,0.0,0.0,0.0,0.0,0.0,0.0,0.0,0.0,0.0,0.0,0.0,0.0,0.0,0.0,0,0,0.0,0,0,0,0,0.0,0,0,0
1,33,330.474,339.475,10,2.0513814863862616,6.674780328220107,0.4065780416276147,4.387954475491339,0.4880702019974469,3.1520603407623877,0.9562123460385378,0.80918105271816,0.8013291234902805,0.6100139687934052,0.9340244983105567,36.537557,3.24063,4.68317,16.658,1.0,0.2,1.0,0.0,0.0,0.0,0.0,0.0,0.0,0.0,0.0,0.0,0.0,0.0,0.0,0.0,0.0,0,0,0.0,0,0,0,0,0.0,0,0,0
1,34,340.471,349.804,10,1.7713390607285373,6.564134266877162,-0.39880748592604753,1.0003794832874426,0.29504095104587236,1.3098325582876806,0.5209738678556302,0.19866428675379866,0.3520503764753598,0.7429711802050407,0.5473167322779565,103.66134,70.9995,268.83263999999997,841.572,1.0,0.0,0.2,0.0,0.0,0.0,0.0,0.0,0.0,0.0,0.0,0.0,0.0,0.0,0.0,0.0,0.0,0,0,0.0,0,0,0,0,0.0,0,0,0
1,35,350.808,359.818,10,0.0,0.0,0.0,0.0,0.0,0.0,0.0,0.0,0.0,0.9118386207342392,0.05571002135957883,70.99936,70.9991,841.5688,841.575,1.0,0.0,0.0,0.0,0.0,0.0,0.0,0.0,0.0,0.0,0.0,0.0,0.0,0.0,0.0,0.0,0.0,0,0,0.0,0,0,0,0,0.0,0,0,0
1,36,360.819,369.816,10,40.114899651935644,401.14899651935644,-3.9407218390251897,382.4108641747917,0.0,0.0,0.0,0.0,0.0,0.7997324784606241,0.0,47.3548,23.5061,624.6951,841.573,1.0,0.0,0.0,0.0,0.0,0.0,0.0,0.0,0.0,0.0,0.0,0.0,0.0,0.0,0.0,0.0,0.0,0,0,0.0,0,0,0,0,0.0,0,0,0
1,37,370.837,379.848,10,1.6388877541703084,5.785881749699835,0.5375104459926495,5.3161857469055604,0.11891049358582584,0.7233729724766967,0.24967923491508512,0.15367152838307957,0.07068001764118519,0.9844299533063896,0.0523674415041863,20.799494,1.71075,406.8225,426.485,1.0,0.2,0.0,0.2,0.0,0.0,0.992,0.0,0.0,0.2,0.0,0.992,0.0,0.0,0.0,0.0,0.0,0,0,0.0,0,0,0,0,0.0,0,0,0
1,38,380.845,389.933,10,1.6901181659208582,5.219693986724236,-0.31103529735983704,2.158485401558589,0.36327987383438953,1.3655024676606742,0.5589020123083429,0.4658019460835449,0.4025925919738177,0.9012341974196654,0.44589210813890856,60.37612,40.2231,376.4511,381.536,1.0,0.0,0.0,0.0,0.0,0.0,0.0,0.0,0.0,0.0,0.0,0.0,0.0,0.0,0.0,0.0,0.0,0,0,0.0,0,0,0,0,0.0,0,0,0
1,39,390.956,399.975,10,0.09884189640881227,0.7008683473037283,-0.19307700928285623,0.28442197505874833,0.1610487975082773,1.346501552173692,0.42470747894667005,0.162948859622383,0.3675498873134317,0.9023954339302106,0.56398490690665,163.5852,162.058,371.29380000000003,371.424,1.0,0.0,0.0,0.0,0.0,0.0,0.0,0.0,0.0,0.0,0.0,0.0,0.0,0.0,0.0,0.0,0.0,0,0,0.0,0,0,0,0,0.0,0,0,0
1,40,400.978,409.979,10,6.248286108770318,6.840778471506696,0.6859281490205886,3.348497306174247,0.3969167253818143,3.1065922938127675,0.959410307240615,0.6689509825000519,0.7217720738401974,0.9677719467797047,0.9620974990167822,11.52498,1.16835,341.81190000000004,368.151,1.0,0.5,0.0,0.5,0.0,0.0,2.9859999999999998,0.0,0.0,0.5,0.0,2.9859999999999998,0.0,0.0,0.0,0.0,0.0,0,0,0.0,0,0,0,0,0.0,0,0,0
1,41,410.987,419.994,10,5.141035195153882,6.846830086072673,-0.2942348176285677,0.32561133786596763,0.0,0.0,0.0,1.5825726966854758e-06,0.012828281148348757,0.9664027819299909,0.05315212320696937,1.711077,1.42244,282.2072,306.546,1.0,1.0,0.0,1.0,0.0,0.0,13.001,0.0,0.0,0.1,0.0,3.9939999999999998,0.0,0.0,0.0,0.0,0.0,0,0,0.0,1,1,0,1,0.16666666666666666,1,0,0
1,42,420.994,429.001,9,1.0417431822987053,4.070180730786742,-0.417524446528946,0.1439574263876449,0.0,0.0,0.0,0.0,0.0,0.9779405095588424,2.190479076510366e-08,1.9908044444444444,1.66883,254.2881111111111,258.51,1.0,1.0,0.0,1.0,0.0,0.0,22.008,0.0,0.0,0.0,0.0,0.0,0.0,0.0,0.0,0.0,0.0,0,0,0.0,0,1,0,1,0.16666666666666666,1,0,0
1,43,430.005,439.013,10,0.04127881393680788,0.14243722229678524,-0.012590488557144754,0.14272266763204933,0.0,0.0,0.0,0.0,0.0,0.9842096462392675,2.190479076510366e-08,2.052016,2.04956,253.257,253.461,1.0,1.0,0.0,1.0,0.0,0.0,32.019999999999996,0.0,0.0,0.0,0.0,0.0,0.0,0.0,0.0,0.0,0.0,0,0,0.0,0,1,0,1,0.16666666666666666,1,0,0
1,44,440.014,449.025,10,0.05479307996425409,0.2707786569134934,0.00033070782310995196,0.27132129951251843,0.0,0.0,0.0,0.0,0.0,0.9943377974419032,2.190479076510366e-08,2.056464,2.05395,252.72570000000002,253.053,1.0,1.0,0.0,1.0,0.0,0.0,42.032,0.0,0.0,0.0,0.0,0.0,0.0,0.0,0.0,0.0,0.0,0,0,0.0,0,1,0,1,0.16666666666666666,1,0,0
1,45,450.025,459.058,10,17.19964787099236,90.87114215669317,0.03565777459589855,88.60994025964672,0.14065193269956275,0.6337098661387213,0.21673593455503312,0.15914780645402554,0.18101612602621697,0.9138699262124877,0.1915784143837015,17.305747,2.0589,214.33110000000002,960.843,1.0,0.1,0.0,0.1,0.0,0.0,43.032,0.0,0.0,0.0,0.0,0.0,0.0,0.0,0.0,0.0,0.0,0,0,0.99,0,1,0,1,0.16666666666666666,1,0,0
1,46,460.061,469.057,10,2.227273896969713,3.4519310379146466,-0.06667381014877102,1.5926320726372944,0.2168582767205256,0.7863282994256658,0.2755069426766579,0.3150605703866715,0.2495878378898005,0.8845355541439096,0.23039459381112262,37.564535,7.27435,98.12155,102.644,1.0,0.0,0.0,0.0,0.0,0.0,0.0,0.0,0.0,0.0,0.0,0.0,0.0,0.0,0.0,0.0,0.0,0,0,0.0,0,1,0,1,0.16666666666666666,1,0,0
1,47,470.058,479.069,10,1.5194126791961797,3.0821795052832326,-0.08167303797983008,1.3110062971086884,0.4295549089355042,1.5156319048981872,0.5447303033448828,0.3864745036993412,0.46235170684061655,0.885132691463089,0.5451356324977384,13.852098799999998,0.549652,241.46407,878.15,1.0,0.5,0.0,0.5,0.0,0.0,1.996,0.0,0.0,0.1,0.0,0.0,0.0,0.0,0.0,0.0,0.0,0,0,0.0,0,1,0,1,0.16666666666666666,1,0,0
1,48,480.089,489.095,10,1.2929521863547555,1.340004809623815,0.002652585963728706,0.21292994251684896,0.0018808104117262099,0.016910739290078317,0.005307225549182896,0.021321239583944235,0.03630539871746382,0.8535582394445231,0.12428754809323928,3.705988,2.20806,835.5701999999999,855.875,1.0,0.9,0.0,0.9,0.0,0.0,11.015,0.0,0.0,0.9,0.0,9.019,0.0,0.0,0.0,0.0,0.0,0,0,0.0,1,1,0,1,0.16666666666666666,1,0,0
1,49,490.088,499.129,10,0.655719242918154,1.3339132123245931,-0.12492662813767444,0.45249875937572437,0.015362179794037128,0.07523274919075595,0.02836925529971619,0.01597482798890646,0.021551316273066577,0.9347758270614834,0.02355794075800501,4.498279999999999,1.31849,787.2603999999999,807.907,1.0,0.7,0.0,0.7,0.7,0.7,6.0280000000000005,6.0280000000000005,0.0,0.7,0.7,6.0280000000000005,6.0280000000000005,0.7,0.0,6.0280000000000005,0.0,1,1,0.0,5,6,1,2,1.0,2,1,0
1,50,500.116,509.133,10,1.1678498997205249,1.5092461804110593,0.12005415712082013,0.9793718179485537,0.19010383160800115,0.6081281024973626,0.23711922617179007,0.24298502106201547,0.14921208102795835,0.952089102691523,0.13097906557377176,12.205386,2.78636,617.72327,763.346,1.0,0.1,0.0,0.1,0.1,0.1,0.0,0.0,0.0,0.1,0.1,0.0,0.0,0.1,0.0,0.0,0.0,1,1,0.0,0,6,1,2,1.0,2,1,0
1,51,510.12,519.161,10,2.1184092076381136,3.2165137914651862,0.18403630046676706,1.3424924072535303,0.21076821907831894,0.576567201588699,0.19623419663335745,0.274767920823006,0.20609349549900374,0.9485686340506195,0.21225385803322086,9.576646700000001,0.888674,319.66729999999995,748.373,1.0,0.4,0.0,0.4,0.1,0.1,1.006,0.0,0.0,0.1,0.0,0.0,0.0,0.0,0.0,0.0,0.0,1,1,0.0,0,6,1,2,1.0,2,1,0
1,52,520.14,529.172,10,1.721182578142934,3.3615592652135775,-0.1758049539278876,0.6460739355790239,0.21028946345485452,0.5477908224120605,0.20228121492551068,0.21993226323393206,0.1915421227711875,0.8849877965109302,0.19276883442307835,29.326854000000004,4.66052,91.85172,720.104,1.0,0.1,0.0,0.1,0.0,0.0,0.0,0.0,0.0,0.1,0.0,0.0,0.0,0.0,0.0,0.0,0.0,1,1,0.0,0,6,1,2,1.0,2,1,0
1,53,530.174,539.173,10,1.6990743023744503,3.2111952683737397,0.1779849515163857,1.473640579051322,0.5022818377040592,2.0134020545539753,0.6700320169181386,0.5797211603580444,0.5003947734759709,0.7008997851105245,0.4666170613024002,36.019737000000006,2.78319,288.26785,708.826,1.0,0.3,0.2,0.1,0.0,0.0,0.0,0.0,0.0,0.0,0.0,0.0,0.0,0.0,0.0,0.0,0.0,1,1,0.0,0,6,1,2,1.0,2,1,0
1,54,540.191,549.177,10,4.689826503672754,7.004821777655519,-0.16539209502200336,1.7281207097659192,0.27700985389673594,0.9211045503274418,0.2734656008082256,0.2433767723088504,0.26412782986078,0.7636291587664928,0.45153744470244356,24.825548,0.88647,584.101939,669.362,1.0,0.2,0.1,0.1,0.0,0.0,0.0,0.0,0.0,0.1,0.0,0.0,0.0,0.0,0.0,0.0,0.0,1,1,0.0,0,6,1,2,1.0,2,1,0
1,55,550.185,559.194,10,0.5363710414960441,2.051921436175851,0.062452717179404885,1.2860321706405555,0.540504315659297,3.0474184931109325,1.0568970520014507,0.5767849162568189,0.5325377721974767,0.8108003649868379,0.5084729164249703,33.173289999999994,16.7842,565.12324,627.963,1.0,0.0,0.0,0.0,0.0,0.0,0.0,0.0,0.0,0.0,0.0,0.0,0.0,0.0,0.0,0.0,0.0,1,1,0.0,0,5,1,2,0.8333333333333334,2,1,0
1,56,560.2,569.208,10,5.231032477217729,6.7046701788397,0.4575824815135343,2.1018789155036863,0.1903707082324555,0.9918837367203402,0.34651372401816366,0.32017239853016294,0.5228098411284996,0.7621093964135535,0.8549562243487528,24.246374,9.15088,592.0278000000001,619.992,1.0,0.0,0.0,0.0,0.0,0.0,0.0,0.0,0.0,0.0,0.0,0.0,0.0,0.0,0.0,0.0,0.0,1,1,0.0,0,0,0,0,0.0,0,0,0
1,57,570.214,579.225,10,2.6137313033846348,6.651763351011928,-0.5163113562999176,1.1700216077816157,0.147824141982739,0.8299736313658901,0.281527658470208,0.16841906209615182,0.2362830050335556,0.8603925000211572,0.2696945024275459,21.537628,9.98948,516.1304,542.535,1.0,0.0,0.0,0.0,0.0,0.0,0.0,0.0,0.0,0.0,0.0,0.0,0.0,0.0,0.0,0.0,0.0,1,1,0.0,0,0,0,0,0.0,0,0,0
1,58,580.226,589.227,10,0.6908227300230462,1.4575187631442725,-0.1298760266840954,0.9473666339654464,0.14543214751777483,0.6214654205956187,0.1863216741700946,0.19696493088223535,0.16252551106100332,0.8573700533757845,0.22646093036544915,56.62407,20.5297,473.26390000000004,482.608,1.0,0.0,0.0,0.0,0.0,0.0,0.0,0.0,0.0,0.0,0.0,0.0,0.0,0.0,0.0,0.0,0.0,1,1,0.0,0,0,0,0,0.0,0,0,0
1,59,590.237,599.248,10,2.8978031250673735,4.4346300297031265,0.001598097332482662,2.9253264488910142,0.6759600942745886,2.0678586335732994,0.6612742494373756,0.8077416982031764,0.544843051818013,0.7452329842394793,0.46494246480241913,62.385701000000005,7.87011,324.1302,467.454,1.0,0.0,0.0,0.0,0.0,0.0,0.0,0.0,0.0,0.0,0.0,0.0,0.0,0.0,0.0,0.0,0.0,1,1,0.0,0,0,0,0,0.0,0,0,0
1,60,600.247,609.288,10,0.0,0.0,-0.0010013006567249003,0.0,2.099263745997081e-08,2.1481574164573922e-08,2.7187918494707687e-10,2.894408196641604e-10,0.2744822030616501,0.8311213575788299,0.5416433564020244,40.3543,40.3543,119.73999999999998,119.74,1.0,0.0,0.0,0.0,0.0,0.0,0.0,0.0,0.0,0.0,0.0,0.0,0.0,0.0,0.0,0.0,0.0,1,1,0.0,0,0,0,0,0.0,0,0,0
1,61,610.287,619.302,10,0.0,0.0,0.0,0.0,2.104499313410232e-08,2.1329376776768235e-08,1.553267561481063e-10,1.9138493766345214e-10,1.5869424058480833e-10,0.7398525514013384,1.9601215238763734e-10,40.3543,40.3543,119.73999999999998,119.74,1.0,0.0,0.0,0.0,0.0,0.0,0.0,0.0,0.0,0.0,0.0,0.0,0.0,0.0,0.0,0.0,0.0,1,1,0.0,0,0,0,0,0.0,0,0,0
1,62,620.296,629.322,10,0.34803228821166776,1.7603269406764896,0.000573423379508231,0.7126982482347912,0.027652418593107707,0.20149447404835,0.06293950142307153,0.04837338192511941,0.04806526354561969,0.2115275899288207,0.05757395942025871,30.25498,27.0145,119.902,121.241,1.0,0.0,0.0,0.0,0.0,0.0,0.0,0.0,0.0,0.0,0.0,0.0,0.0,0.0,0.0,0.0,0.0,0,0,0.0,0,0,0,0,0.0,0,0,0
1,63,630.325,639.332,10,0.6757844331973099,3.1051928643019227,0.12969392237513916,1.574510451517002,0.4864033800075635,1.5606244881986955,0.6109352097679523,0.5356907845888047,0.3417074021134175,0.1619106760636601,0.30151188632358944,45.122935999999996,6.33116,142.0902,349.907,1.0,0.0,0.0,0.0,0.0,0.0,0.0,0.0,0.0,0.0,0.0,0.0,0.0,0.0,0.0,0.0,0.0,0,0,0.0,0,0,0,0,0.0,0,0,0
1,64,640.337,649.357,10,1.5565347891032542,2.6907264727417726,0.06090119320603689,1.3749415457899847,0.2240064484629533,0.7094067147361279,0.26952371289171234,0.3008770940469079,0.30573303545622255,0.3776395788269235,0.4659649443539341,56.429832999999995,9.84093,320.2142,330.012,1.0,0.0,0.0,0.0,0.0,0.0,0.0,0.0,0.0,0.0,0.0,0.0,0.0,0.0,0.0,0.0,0.0,0,0,0.0,0,0,0,0,0.0,0,0,0
1,65,650.353,659.363,10,2.683034238369034,3.7450016844402465,0.18199446781039988,2.554434063826145,0.7496193064778971,2.90853517141224,0.8561816040833572,0.8916459996028221,0.8634629011037003,0.41712291406204666,0.879563524652674,50.425325,1.87805,136.63060000000002,318.702,1.0,0.1,0.0,0.1,0.0,0.0,0.0,0.0,0.0,0.0,0.0,0.0,0.0,0.0,0.0,0.0,0.0,0,0,0.0,0,0,0,0,0.0,0,0,0
1,66,660.367,669.377,10,1.0319690274180813,1.3664173304662404,-0.24485825041918066,1.2378525446332531,0.7008686640021475,2.3053135611218414,0.8768511418752463,0.9693604834913714,0.7769739504220124,0.5327190696262777,0.6617898050586305,88.49121,33.9809,313.8834,339.63,1.0,0.0,0.0,0.0,0.0,0.0,0.0,0.0,0.0,0.0,0.0,0.0,0.0,0.0,0.0,0.0,0.0,0,0,0.0,0,0,0,0,0.0,0,0,0
1,67,670.399,679.401,10,2.4795169086480002,4.184882572916921,0.25333106798095245,3.2903481765877545,0.2625838880741339,0.922889300237785,0.29797852937649366,0.18200085770091456,0.26959940618177713,0.6728215198684382,0.581708426910004,87.74932,14.8995,261.04540000000003,331.216,1.0,0.0,0.0,0.0,0.0,0.0,0.0,0.0,0.0,0.0,0.0,0.0,0.0,0.0,0.0,0.0,0.0,0,0,0.0,0,0,0,0,0.0,0,0,0
1,68,680.394,689.425,10,5.131658053769864,6.93313527624165,0.28682826822728774,3.6245585751889897,0.7071237425043055,2.5794640282391113,0.8079332804224099,0.7522945092159952,0.6870438814146345,0.7944625882307561,0.7124105794024549,38.8768,17.5233,139.67607,327.11,1.0,0.0,0.0,0.0,0.0,0.0,0.0,0.0,0.0,0.0,0.0,0.0,0.0,0.0,0.0,0.0,0.0,0,0,0.0,0,0,0,0,0.0,0,0,0
1,69,690.414,699.436,10,6.0845193675150915,6.939890142077152,-0.2669618330180784,0.40635813598390946,0.17616115028201376,0.3370939644335987,0.10213494810581218,0.1230615514646947,0.12127624558908312,0.8957432249092074,0.3179422584668786,88.8759,71.1041,74.76885999999999,81.4486,1.0,0.0,0.0,0.0,0.0,0.0,0.0,0.0,0.0,0.0,0.0,0.0,0.0,0.0,0.0,0.0,0.0,0,0,0.0,0,0,0,0,0.0,0,0,0
1,70,700.424,709.584,10,3.7415784187288423,4.336328908159358,-0.06336742721929571,0.6929246145861351,0.1402641778957357,0.6574573697531468,0.21723138569313966,0.21811870332646163,0.180994185756636,0.9212821741681019,0.18848743517826186,80.38691,72.3393,80.46849999999999,83.0328,1.0,0.0,0.0,0.0,0.0,0.0,0.0,0.0,0.0,0.0,0.0,0.0,0.0,0.0,0.0,0.0,0.0,0,0,0.0,0,0,0,0,0.0,0,0,0
1,71,710.58,719.608,10,3.419350700283375,6.512235155972737,0.30802881360983625,2.842659749229362,0.6048866767829542,1.6608569041911367,0.4963370595237669,0.4021288523435655,0.33136238313493,0.8599608811683517,0.29035016666955427,59.197039,3.31665,159.36876,478.829,1.0,0.1,0.0,0.1,0.1,0.1,0.0,0.0,0.0,0.0,0.0,0.0,0.0,0.0,0.0,0.0,0.0,0,0,0.0,0,0,0,0,0.0,0,0,0
1,72,720.602,729.611,10,4.784557135720613,6.752540225861142,-0.4613143399364614,1.8987174797018527,0.4425039122485951,0.9655294231982442,0.3970734321455523,0.5144994581955975,0.45882698251987286,0.4879852166133901,0.48322494979011255,79.11507739999999,0.842094,175.71546,475.004,1.0,0.2,0.0,0.2,0.1,0.1,1.004,0.0,0.0,0.0,0.0,0.0,0.0,0.0,0.0,0.0,0.0,0,0,0.0,0,0,0,0,0.0,0,0,0
1,73,730.6,739.627,10,1.7800352929083303,4.891113608237582,0.3020650031769299,2.9716137515760233,0.48202380980735204,2.1388011782130243,0.7922734162324608,0.2824533750912864,0.3177516883614623,0.4394139662195739,0.43902836512269205,26.8716142,0.648912,179.7666,490.897,1.0,0.7,0.0,0.7,0.5,0.5,8.029,4.009,0.0,0.1,0.0,0.0,0.0,0.0,0.0,0.0,0.0,0,0,0.0,0,0,0,0,0.0,0,0,0
1,74,740.622,749.645,10,0.8803607144644425,3.3601013003882447,-0.4670288227601125,0.8278715659228892,0.5325296989654329,1.344925494921372,0.5046198946034048,0.5885954340140781,0.5898058124024173,0.6892883226788645,0.7084176550767467,41.247820000000004,5.4663,102.8616,105.363,1.0,0.0,0.0,0.0,0.0,0.0,0.0,0.0,0.0,0.0,0.0,0.0,0.0,0.0,0.0,0.0,0.0,0,0,0.0,0,0,0,0,0.0,0,0,0
1,75,750.626,759.641,10,1.1596148161589088,3.2691310650384904,0.3050299634360803,1.547807123750465,0.692461926298758,2.799788542572902,0.9320627643005952,0.7828015055497699,0.5844502299782167,0.42666049056608923,0.5691426376819028,98.28211,28.6001,206.33859999999999,449.006,1.0,0.0,0.0,0.0,0.0,0.0,0.0,0.0,0.0,0.0,0.0,0.0,0.0,0.0,0.0,0.0,0.0,0,0,0.0,0,0,0,0,0.0,0,0,0
1,76,760.638,769.659,10,4.335198249385567,6.502787783524177,0.3059872154205293,2.9531262244664247,0.5195823036468494,1.3417218407105254,0.5300533042670295,0.49761417653609463,0.6452270328913196,0.46982362817335704,0.8108584624715249,35.30426,3.84165,402.8219,448.662,1.0,0.2,0.0,0.2,0.0,0.0,1.011,0.0,0.0,0.2,0.0,1.011,0.0,0.0,0.0,0.0,0.0,0,0,0.0,0,0,0,0,0.0,0,0,0
1,77,770.664,779.667,10,5.5770512115689055,6.624154163626444,-0.1155297609530607,2.7994077163712823,0.7879204210691606,2.915793008728888,0.8583760575215656,0.7201854933975226,0.7347279546280747,0.6966894888125135,0.8219406181531784,38.645494,2.56453,186.70172,410.566,1.0,0.3,0.0,0.3,0.0,0.0,2.017,0.0,0.0,0.2,0.0,1.008,0.0,0.0,0.0,0.0,0.0,0,0,0.0,0,0,0,0,0.0,0,0,0
1,78,780.674,789.678,10,0.9033128337979635,1.7579475437608232,-0.4184422159463095,1.2888405461467114,0.8166873184746006,2.9925319891456974,0.9749989486448082,0.9460644645342526,0.8854002664407992,0.7751217125636678,0.9215504181995804,90.310266,1.01856,90.40732,332.539,1.0,0.1,0.0,0.1,0.0,0.0,0.0,0.0,0.0,0.0,0.0,0.0,0.0,0.0,0.0,0.0,0.0,0,0,0.0,0,0,0,0,0.0,0,0,0
1,79,790.685,799.702,10,0.2714354032423266,1.5144364799929366,-0.10097073640927112,0.837418803034032,0.10136266331228913,0.5903380276304067,0.18652085727995185,0.10412781268619756,0.2446531500248065,0.5710786710092399,0.5418598529526208,33.91078,13.583,31.112150000000003,32.2965,1.0,0.0,0.0,0.0,0.0,0.0,0.0,0.0,0.0,0.0,0.0,0.0,0.0,0.0,0.0,0.0,0.0,0,0,0.0,0,0,0,0,0.0,0,0,0
1,80,800.697,809.716,10,0.337584595850701,2.202923192924861,0.010422076423488063,1.772357771325882,0.24055793106669104,0.9058687272424618,0.3759357005830625,0.27155075544301294,0.17718010834266923,0.2520865928203762,0.16370633263967388,47.62973,16.3363,29.683820000000004,30.4691,1.0,0.0,0.0,0.0,0.0,0.0,0.0,0.0,0.0,0.0,0.0,0.0,0.0,0.0,0.0,0.0,0.0,0,0,0.0,0,0,0,0,0.0,0,0,0
1,81,810.718,819.738,10,4.322015218093137,6.66725386587528,0.6539769763185266,2.182781593279605,0.0658057329455046,0.31652807952791373,0.10642381011242433,0.1360403773813748,0.19966510890315467,0.860729353676039,0.31378056513990227,7.5497562,0.969952,206.83174,353.747,1.0,0.2,0.1,0.2,0.0,0.0,1.002,0.0,0.0,0.0,0.0,0.0,0.0,0.0,0.0,0.0,0.0,0,0,0.0,0,0,0,0,0.0,0,0,0
1,82,820.737,829.746,10,2.3540434387069658,6.458997245818392,-0.016979559942149614,4.602411549846892,0.04137228287227238,0.24632633077031202,0.07490488076605101,0.06335917438798691,0.07654182012387968,0.910885648325357,0.07972466354951806,18.261685,9.88075,286.6051,295.718,1.0,0.0,0.0,0.0,0.0,0.0,0.0,0.0,0.0,0.0,0.0,0.0,0.0,0.0,0.0,0.0,0.0,0,0,0.0,0,0,0,0,0.0,0,0,0
1,83,830.75,839.763,10,1.756007401172138,6.438678748204484,-0.6441435748780615,3.3400776331883137,0.023914884574363,0.1074855181215653,0.036917684293313685,0.03516982014230558,0.03492092620617325,0.9082102337168445,0.04345026968993536,15.664599999999998,11.7911,257.8429,266.878,1.0,0.0,0.0,0.0,0.0,0.0,0.0,0.0,0.0,0.0,0.0,0.0,0.0,0.0,0.0,0.0,0.0,0,0,0.0,0,0,0,0,0.0,0,0,0
1,84,840.764,849.771,10,1.025626371004338,2.942839884383205,0.00032760450214983636,2.250996857984925,0.019764957148244843,0.08320126546036193,0.0326384198134647,0.03112557011987596,0.02837121818949433,0.8548601913086422,0.03107232558262659,18.85394,15.679,250.8132,255.027,1.0,0.0,0.0,0.0,0.0,0.0,0.0,0.0,0.0,0.0,0.0,0.0,0.0,0.0,0.0,0.0,0.0,0,0,0.0,0,0,0,0,0.0,0,0,0
1,85,850.778,859.787,10,0.9885664606537388,2.4849784685530483,0.061721787431401796,2.35362522743801,0.03674755393108778,0.15225887196051338,0.05467821757415621,0.017598339536807592,0.024045083923148462,0.6713740506182116,0.029702743872054172,17.25211,14.2312,247.80120000000002,253.507,1.0,0.0,0.0,0.0,0.0,0.0,0.0,0.0,0.0,0.0,0.0,0.0,0.0,0.0,0.0,0.0,0.0,0,0,0.0,0,0,0,0,0.0,0,0,0
1,86,860.797,869.804,10,5.075828905966658,6.71924434936183,0.5675558406580281,2.6868389809522757,0.20436275155136502,1.0308604366909773,0.39118096754302284,0.2170639990136193,0.22486124764505028,0.6994367587233811,0.18007046858634354,25.49791,16.5204,243.6592,249.461,1.0,0.0,0.0,0.0,0.0,0.0,0.0,0.0,0.0,0.0,0.0,0.0,0.0,0.0,0.0,0.0,0.0,0,0,0.0,0,0,0,0,0.0,0,0,0
1,87,870.813,879.859,10,4.094813821097422,6.797590116498862,-0.6148802714164111,1.1764449017433558,0.4881538890848837,1.3739892736319885,0.45501487320402473,0.41747544678354076,0.4305463411126501,0.7011475869392751,0.45371791046993637,61.723940000000006,42.7576,241.28429999999997,263.541,1.0,0.0,0.0,0.0,0.0,0.0,0.0,0.0,0.0,0.0,0.0,0.0,0.0,0.0,0.0,0.0,0.0,0,0,0.0,0,0,0,0,0.0,0,0,0
1,88,880.82,889.829,10,2.540552177785133,6.582084752316021,0.10190542646371865,2.551464639798432,0.4284987422286818,1.9613540675309167,0.6261436217631606,0.3529056250516767,0.26305056642859326,0.7313967510913304,0.38391591434911365,70.71297999999999,41.3394,238.50740000000002,281.593,1.0,0.0,0.0,0.0,0.0,0.0,0.0,0.0,0.0,0.0,0.0,0.0,0.0,0.0,0.0,0.0,0.0,0,0,0.0,0,0,0,0,0.0,0,0,0
1,89,890.828,899.84,10,3.0565350585008986,6.531887390811253,0.0353420485455008,3.0247514084692138,0.17446893003987102,0.9890059951502675,0.2983151801166126,0.39272080190011727,0.4786477695893713,0.7382284300122264,0.5773340536106273,98.91591,33.8352,134.35486,287.184,1.0,0.0,0.0,0.0,0.0,0.0,0.0,0.0,0.0,0.0,0.0,0.0,0.0,0.0,0.0,0.0,0.0,0,0,0.0,0,0,0,0,0.0,0,0,0
1,90,900.844,909.857,10,1.9863765795319748,3.188971369210895,0.0054319292126807465,1.4408589627725208,0.41700561478861975,1.326944046549675,0.4585845116569761,0.34772826140801777,0.39844034311448706,0.7660606432188588,0.4494142734513237,106.84275,49.1433,212.04000000000002,283.844,1.0,0.0,0.0,0.0,0.0,0.0,0.0,0.0,0.0,0.0,0.0,0.0,0.0,0.0,0.0,0.0,0.0,0,0,0.0,0,0,0,0,0.0,0,0,0
1,91,910.852,919.868,10,2.691566896537089,3.239018028915893,0.18100240186347444,1.1395984377040191,0.2573358045385552,2.1509620592106953,0.6669406594511229,0.4262090864209075,0.4688685669919165,0.7425060131195791,0.6648352353094309,47.43436,40.6992,231.4386,264.143,1.0,0.0,0.0,0.0,0.0,0.0,0.0,0.0,0.0,0.0,0.0,0.0,0.0,0.0,0.0,0.0,0.0,0,0,0.0,0,0,0,0,0.0,0,0,0
1,92,920.857,929.878,10,6.297857428477466,6.9285517815777276,0.3733943233080021,2.8610701376948957,0.10694794953425583,0.5361734596089919,0.16556946243664236,0.1532289185566788,0.08373284541145895,0.8725992260821022,0.0730622429423084,41.67738,25.1739,187.72899999999998,206.066,1.0,0.0,0.0,0.0,0.0,0.0,0.0,0.0,0.0,0.0,0.0,0.0,0.0,0.0,0.0,0.0,0.0,0,0,0.0,0,0,0,0,0.0,0,0,0
1,93,930.882,939.904,10,2.797442256680139,6.316170729635776,-0.5458430717712777,2.479210318666729,0.5211329041198719,2.0678764627217703,0.6892563910294057,0.5987244139113009,0.5523167896715407,0.9338175583158904,0.4541783709158228,59.202013,6.19903,173.7023,203.293,1.0,0.0,0.0,0.0,0.0,0.0,0.0,0.0,0.0,0.0,0.0,0.0,0.0,0.0,0.0,0.0,0.0,0,0,0.0,0,0,0,0,0.0,0,0,0
1,94,940.903,949.901,10,1.0962643493958808,2.962719227466365,-0.09957223572634004,1.0624864107506993,0.26747877573096207,0.8236524224122547,0.3057024363857601,0.26706940735782386,0.336433944055076,0.876430340422014,0.5121391671880157,57.69032,32.5726,207.2856,208.625,1.0,0.0,0.0,0.0,0.0,0.0,0.0,0.0,0.0,0.0,0.0,0.0,0.0,0.0,0.0,0.0,0.0,0,0,0.0,0,0,0,0,0.0,0,0,0
1,95,950.911,959.917,10,0.15190042927412203,1.05970078749619,-0.04366005882080435,0.602808516316425,0.03469677995775548,0.29747479267217086,0.09363174197403203,0.036804312966800874,0.06827184663702887,0.6449865184761966,0.13856284682525816,61.220259999999996,58.4524,207.6217,208.096,1.0,0.0,0.0,0.0,0.0,0.0,0.0,0.0,0.0,0.0,0.0,0.0,0.0,0.0,0.0,0.0,0.0,0,0,0.0,0,0,0,0,0.0,0,0,0
1,96,960.919,969.928,10,3.3943656097859245,4.356719866321873,0.43545484241666077,2.34327765140315,0.5182277428693347,2.4632461072119813,0.740890415288678,0.731627961169773,0.6754828294355713,0.6516069556931394,0.7672260618119243,23.839025,3.51257,86.73865,106.173,1.0,0.1,0.0,0.1,0.0,0.0,0.0,0.0,0.0,0.0,0.0,0.0,0.0,0.0,0.0,0.0,0.0,0,0,0.0,0,0,0,0,0.0,0,0,0
1,97,970.932,979.945,10,1.9979747433798956,4.135947707056048,-0.4364101957667669,0.940975460997847,0.5563199488543974,2.5462184885612382,0.7835947873597237,0.8317049457668816,0.5967649906482786,0.7700070301848124,0.5007277067337859,59.13982,23.9966,165.68327,221.008,1.0,0.0,0.0,0.0,0.0,0.0,0.0,0.0,0.0,0.0,0.0,0.0,0.0,0.0,0.0,0.0,0.0,0,0,0.0,0,0,0,0,0.0,0,0,0
1,98,980.944,989.954,10,0.0,0.0,0.0,0.0,0.0,0.0,0.0,0.0,0.23500187204342438,0.7142874281524418,0.5601491169598987,121.44839999999999,108.907,157.58026999999998,217.1,1.0,0.0,0.0,0.0,0.0,0.0,0.0,0.0,0.0,0.0,0.0,0.0,0.0,0.0,0.0,0.0,0.0,0,0,0.0,0,0,0,0,0.0,0,0,0
1,99,990.966,999.969,10,0.22078688410497888,0.6217039295466347,0.01466818249115776,0.4759793477613245,0.3372864757320557,2.1163352052860205,0.6444837125247609,0.4443991161387274,0.4475831974026062,0.7281298289410322,0.333222566952419,74.310528,8.95138,52.302406,216.916,1.0,0.0,0.3,0.0,0.0,0.0,0.0,0.0,0.0,0.0,0.0,0.0,0.0,0.0,0.0,0.0,0.0,0,0,0.0,0,0,0,0,0.0,0,0,0
1,100,1000.973,1009.984,10,0.6567214504024241,1.1914987233441772,0.06928341073585106,1.0846690626966593,0.11936663470715972,0.5869977852235808,0.1791651657819815,0.17918607111638327,0.18053923854182596,0.3719043527653079,0.41850669951785247,33.658875,6.51975,26.112470000000002,43.6823,1.0,0.0,0.0,0.0,0.0,0.0,0.0,0.0,0.0,0.0,0.0,0.0,0.0,0.0,0.0,0.0,0.0,0,0,0.0,0,0,0,0,0.0,0,0,0
1,101,1010.988,1019.996,10,1.3645975120601503,2.987965167197144,-0.018720497350544485,1.195423373154248,0.637464413460094,1.8785636156301742,0.5442415046531813,0.319193429789322,0.27346906241003205,0.7127912465663713,0.2910939362208926,21.994272000000002,3.99439,155.26727,957.415,1.0,0.1,0.0,0.1,0.0,0.0,0.0,0.0,0.0,0.0,0.0,0.0,0.0,0.0,0.0,0.0,0.0,0,0,0.0,0,0,0,0,0.0,0,0,0
1,102,1020.997,1029.008,9,1.1311725927244067,2.112022632228232,0.13242703173465903,0.979462961593846,0.7094886844464096,2.2932279642858218,0.7171250626122511,0.6875449804657119,0.6702411560752777,0.757138022797266,0.725917771586498,41.931804444444445,2.61374,653.9174555555555,939.079,1.0,0.2222222222222222,0.0,0.2222222222222222,0.0,0.0,0.0,0.0,0.0,0.1111111111111111,0.0,0.0,0.0,0.0,0.0,0.0,0.0,0,0,0.0,0,0,0,0,0.0,0,0,0
1,103,1030.011,1039.022,10,1.0466814733818528,1.2991696891123496,-0.07953675430218192,0.5122698412545754,1.094319863550321,2.7070587832694186,0.906517521005258,1.2305470729576045,0.7854185862455473,0.5545410280646321,0.7174758338431987,32.3177,5.46952,393.2079,906.286,1.0,0.0,0.0,0.0,0.0,0.0,0.0,0.0,0.0,0.0,0.0,0.0,0.0,0.0,0.0,0.0,0.0,0,0,0.0,0,0,0,0,0.0,0,0,0
1,104,1040.03,1049.03,10,0.7867906257677488,1.3070125203155427,0.024523802868356145,0.707799491015594,0.2401172905105593,0.6313273863409201,0.23648356169004156,0.2937900561850529,0.4954991045314031,0.46652212545523186,0.740793715689658,31.713060000000002,10.3788,239.72420000000002,241.356,1.0,0.0,0.0,0.0,0.0,0.0,0.0,0.0,0.0,0.0,0.0,0.0,0.0,0.0,0.0,0.0,0.0,0,0,0.0,0,0,0,0,0.0,0,0,0
1,105,1050.033,1059.052,10,0.6600257565521975,1.538753426648111,-0.055759756290422555,1.286124209035446,0.6424420605567643,2.2405603785107897,0.8003037065253661,0.5741472410396188,0.4130508461396921,0.23209055341039964,0.3648041051096994,52.436986000000005,3.17046,717.2729099999999,860.799,1.0,0.1,0.0,0.1,0.1,0.1,0.0,0.0,0.0,0.1,0.1,0.0,0.0,0.1,0.0,0.0,0.0,0,0,0.0,0,0,0,0,0.0,0,0,0
1,106,1060.053,1069.068,10,1.2348976182741316,2.464015799237153,-0.07100211488514625,1.6316157589117433,0.2960581017480028,1.172986395306262,0.40135775204608093,0.6347366271605072,0.6181717806486848,0.8351581033433069,0.7227593046323817,34.21094,10.5348,182.96872000000002,229.81,1.0,0.0,0.0,0.0,0.0,0.0,0.0,0.0,0.0,0.0,0.0,0.0,0.0,0.0,0.0,0.0,0.0,0,0,0.0,0,0,0,0,0.0,0,0,0
1,107,1070.058,1079.071,10,1.7723259359483605,4.212503525153351,0.4194793282771279,1.8604800072117755,0.36161374794606577,1.6750082910870092,0.5739126339307933,0.5628964673011062,0.4297120821133923,0.49287865090434335,0.47086393397522724,34.633182,8.06782,222.7955,226.192,1.0,0.0,0.0,0.0,0.0,0.0,0.0,0.0,0.0,0.0,0.0,0.0,0.0,0.0,0.0,0.0,0.0,0,0,0.0,0,0,0,0,0.0,0,0,0
1,108,1080.083,1089.09,10,3.773283207517835,4.443446988112489,-0.2366821597959607,0.231928549410623,0.32269133569209163,3.088305891694688,0.97207756053512,0.6226234828004655,0.38588057544749593,0.706502668495797,0.5370487770660601,18.5377,11.9783,336.982,903.138,1.0,0.0,0.0,0.0,0.0,0.0,0.0,0.0,0.0,0.0,0.0,0.0,0.0,0.0,0.0,0.0,0.0,0,0,0.0,0,0,0,0,0.0,0,0,0
1,109,1090.091,1099.099,10,1.5667777737864763,3.947337458950638,-0.18195253404850426,2.2442652686370845,0.8743369730445419,3.0736202656968548,1.121725281570391,1.1724604274558401,1.2302963114387142,0.786739608494471,1.2097435132028758,68.21474,40.1529,522.8758,899.59,1.0,0.0,0.0,0.0,0.0,0.0,0.0,0.0,0.0,0.0,0.0,0.0,0.0,0.0,0.0,0.0,0.0,0,0,0.0,0,0,0,0,0.0,0,0,0
1,110,1100.087,1109.118,10,0.1478330507682482,1.0201291878971392,-0.00020084357683301246,0.7783689030752773,0.005516755915618215,0.055151302391097445,0.017439801991050222,0.011030975355160833,0.06934064460526178,0.6475208258924618,0.483638372647132,76.83245,76.6613,863.4096,870.559,1.0,0.0,0.0,0.0,0.0,0.0,0.0,0.0,0.0,0.0,0.0,0.0,0.0,0.0,0.0,0.0,0.0,0,0,0.0,0,0,0,0,0.0,0,0,0
1,111,1110.114,1119.128,10,0.0,0.0,0.0,0.0,1.9765036034202733e-06,4.293805390709144e-06,1.4626129836271677e-06,1.8018522306211096e-06,1.4070384830514106e-06,0.8251805512461609,0.003489081980422236,76.24189,75.7409,839.2765999999999,852.699,1.0,0.0,0.0,0.0,0.0,0.0,0.0,0.0,0.0,0.0,0.0,0.0,0.0,0.0,0.0,0.0,0.0,0,0,0.0,0,0,0,0,0.0,0,0,0
1,112,1120.128,1129.141,10,0.0,0.0,0.0,0.0,2.05217710086436e-06,4.242279726020634e-06,1.5006594160716194e-06,1.6001304465721168e-06,1.5346727616761871e-06,0.2820637927919362,1.4733144041434909e-06,75.38617,75.0279,796.2283,815.777,1.0,0.0,0.0,0.0,0.0,0.0,0.0,0.0,0.0,0.0,0.0,0.0,0.0,0.0,0.0,0.0,0.0,0,0,0.0,0,0,0,0,0.0,0,0,0
1,113,1130.141,1139.164,10,0.0,0.0,0.0,0.0,1.389300437969756e-06,2.681174012340899e-06,9.328299610053684e-07,1.1530642994692613e-06,1.061313783836985e-06,0.0,1.2219404558237146e-06,74.70209,74.5884,747.8331000000001,773.34,1.0,0.0,0.0,0.0,0.0,0.0,0.0,0.0,0.0,0.0,0.0,0.0,0.0,0.0,0.0,0.0,0.0,0,0,0.0,0,0,0,0,0.0,0,0,0
1,114,1140.155,1149.164,10,0.023439895044625403,0.23439895044625403,0.02334650900859104,0.23346509008591038,2.0436503675428927e-06,4.2764916592949944e-06,1.2559805648270725e-06,1.4952158749822358e-06,1.2555839794738502e-06,0.0969905643000276,1.1770300958021674e-06,74.37901,73.6369,721.355,725.036,1.0,0.0,0.0,0.0,0.0,0.0,0.0,0.0,0.0,0.0,0.0,0.0,0.0,0.0,0.0,0.0,0.0,0,0,0.0,0,0,0,0,0.0,0,0,0
1,115,1150.162,1159.176,10,0.07147376352733273,0.426480980305103,-0.02313494265106828,0.19246696378642184,0.19184949079360844,0.6506282818816894,0.2547242355472589,0.20733545181852886,0.2017736754942125,0.72714048572468,0.1687706199347856,45.66476,13.7931,290.608,715.172,1.0,0.0,0.0,0.0,0.0,0.0,0.0,0.0,0.0,0.0,0.0,0.0,0.0,0.0,0.0,0.0,0.0,0,0,0.0,0,0,0,0,0.0,0,0,0
1,116,1160.17,1169.183,10,0.27863659325571,0.4345663896875749,0.04307904311425216,0.28231030880387714,0.29391349316138954,1.4221304951794642,0.44092986490248354,0.285289990880311,0.355616951933194,0.5679001832458214,0.39232851999451046,35.147180000000006,13.7932,125.7473,184.751,1.0,0.0,0.2,0.0,0.0,0.0,0.0,0.0,0.0,0.0,0.0,0.0,0.0,0.0,0.0,0.0,0.0,0,0,0.0,0,0,0,0,0.0,0,0,0
1,117,1170.196,1179.205,10,0.423284686400274,0.5028380855192388,-0.009105212899864129,0.0746231075510922,0.561285802201137,2.569353895106365,1.0048073047713344,0.391795257588427,0.38878902698968576,0.7883446439872872,0.4098729155360967,32.31677,16.9429,331.13595,673.172,1.0,0.0,0.0,0.0,0.0,0.0,0.0,0.0,0.0,0.0,0.0,0.0,0.0,0.0,0.0,0.0,0.0,0,0,0.0,0,0,0,0,0.0,0,0,0
1,118,1180.209,1189.226,10,0.4337371030125274,0.7688431144418655,0.006759493989619375,0.38028874133105617,0.03802794844219899,0.12946447095967042,0.037889139987187494,0.293965334875162,0.523808816617935,0.8359484246533622,0.8908862376343739,35.15308,30.0096,645.9532,659.664,1.0,0.0,0.0,0.0,0.0,0.0,0.0,0.0,0.0,0.0,0.0,0.0,0.0,0.0,0.0,0.0,0.0,0,0,0.0,0,0,0,0,0.0,0,0,0
1,119,1190.223,1199.234,10,0.05888067865470448,0.2662390653293635,-0.04050662971181583,0.16143547084250898,0.26767688141724244,2.6312995759262185,0.8305496860181164,0.5353588005006509,0.24896487096436584,0.853212438136264,0.18689238440772526,38.32129,33.4592,540.2701,631.974,1.0,0.0,0.0,0.0,0.0,0.0,0.0,0.0,0.0,0.0,0.0,0.0,0.0,0.0,0.0,0.0,0.0,0,0,0.0,0,0,0,0,0.0,0,0,0
1,120,1200.235,1209.31,10,0.2671613347168112,0.40829483495058116,0.023397975376750545,0.3565971279574083,0.6764277289335384,3.076836247025512,0.9308691847907556,0.5299701298419883,0.6531262807397049,0.8231088493834161,0.8130338921059549,16.159924999999998,8.15317,228.7694,592.318,1.0,0.0,0.0,0.0,0.0,0.0,0.0,0.0,0.0,0.0,0.0,0.0,0.0,0.0,0.0,0.0,0.0,0,0,0.0,0,0,0,0,0.0,0,0,0
1,121,1210.299,1219.312,10,0.29000166066660626,0.4155207518538472,0.005712066643293087,0.17666234517307547,0.16621927592762747,0.7947225206392406,0.26922634717124033,0.5162434328814168,0.6324589736105185,0.3376815427580227,0.8707051982788899,10.425005,4.42288,490.8598,585.432,1.0,0.1,0.0,0.1,0.0,0.0,0.0,0.0,0.0,0.1,0.0,0.0,0.0,0.0,0.0,0.0,0.0,0,0,0.0,0,0,0,0,0.0,0,0,0
1,122,1220.315,1229.328,10,0.006383994820018042,0.06383994820018042,-0.029421780983264544,0.0,5.055580701561436e-06,1.70286997186018e-05,6.0312575893806705e-06,3.637184232220178e-06,0.0374933888971256,0.14310305661130202,0.10413325584142046,13.868979999999999,13.6726,567.8259,580.347,1.0,0.0,0.0,0.0,0.0,0.0,0.0,0.0,0.0,0.0,0.0,0.0,0.0,0.0,0.0,0.0,0.0,0,0,0.0,0,0,0,0,0.0,0,0,0
1,123,1230.327,1239.34,10,0.0,0.0,0.0,0.0,2.9591767327394665e-07,2.9591767327394664e-06,9.35773847443207e-07,8.8450117725839e-07,8.865344678193196e-07,0.5806011213202396,2.1584018615261767e-06,14.5488,14.2734,541.1605,552.162,1.0,0.0,0.0,0.0,0.0,0.0,0.0,0.0,0.0,0.0,0.0,0.0,0.0,0.0,0.0,0.0,0.0,0,0,0.0,0,0,0,0,0.0,0,0,0
1,124,1240.337,1249.35,10,0.0,0.0,0.0,0.0,0.0,0.0,0.0,0.0,2.4305169737090032e-08,0.0,1.3098665495502281e-07,11.985763,7.61695,330.2966,518.667,1.0,0.0,0.0,0.0,0.0,0.0,0.0,0.0,0.0,0.0,0.0,0.0,0.0,0.0,0.0,0.0,0.0,0,0,0.0,0,0,0,0,0.0,0,0,0
1,125,1250.354,1259.361,10,0.0,0.0,0.0,0.0,2.1859082161483095e-07,7.339788294822798e-07,3.519740497598102e-07,7.455249876267412e-08,1.2952163303204046e-07,0.0,1.1877299454204734e-07,3.2114705999999997,0.692951,163.39870000000002,176.154,1.0,0.8,0.0,0.8,0.0,0.0,7.009,0.0,0.0,0.0,0.0,0.0,0.0,0.0,0.0,0.0,0.0,0,0,0.0,0,0,0,0,0.0,0,0,0
1,126,1260.362,1269.376,10,0.0,0.0,0.0,0.0,1.6274860324395016e-07,7.310399753101785e-07,2.9874839293967944e-07,2.1342449239004399e-07,3.681609931086602e-07,0.0,3.543560489287438e-07,5.3729936,0.850418,165.7919,174.015,1.0,0.5,0.0,0.5,0.0,0.0,12.013,0.0,0.0,0.0,0.0,0.0,0.0,0.0,0.0,0.0,0.0,0,0,0.0,0,0,0,0,0.0,0,0,0
1,127,1270.38,1279.381,10,0.0,0.0,0.0,0.0,2.1846223704529813e-07,6.920149107135535e-07,3.1785961948492235e-07,6.733459193986327e-08,1.1804795811945881e-07,0.0,2.3247672178563764e-07,14.4737,13.5774,459.4411,496.437,1.0,0.0,0.0,0.0,0.0,0.0,0.0,0.0,0.0,0.0,0.0,0.0,0.0,0.0,0.0,0.0,0.0,0,0,0.0,0,0,0,0,0.0,0,0,0
1,128,1280.392,1289.408,10,0.0,0.0,0.0,0.0,1.350389810019386e-07,6.775404952504214e-07,2.846893158805523e-07,7.013972716764671e-08,1.770664424611905e-07,0.0,3.4380366420797496e-07,14.738249999999999,14.6537,489.02979999999997,489.5,1.0,0.0,0.0,0.0,0.0,0.0,0.0,0.0,0.0,0.0,0.0,0.0,0.0,0.0,0.0,0.0,0.0,0,0,0.0,0,0,0,0,0.0,0,0,0
1,129,1290.419,1299.427,10,0.0,0.0,0.0,0.0,1.4617883220800323e-07,7.367238253354498e-07,3.0818428999534555e-07,1.4734476506708995e-07,1.302675470814359e-07,0.0,1.3255711530232743e-07,15.01255,14.8928,486.5511,487.837,1.0,0.0,0.0,0.0,0.0,0.0,0.0,0.0,0.0,0.0,0.0,0.0,0.0,0.0,0.0,0.0,0.0,0,0,0.0,0,0,0,0,0.0,0,0,0
1,130,1300.427,1309.441,10,0.0,0.0,0.0,0.0,7.243480298505659e-08,7.243480298505659e-07,2.2905895929834229e-07,1.4486960597011318e-07,2.5721633520673127e-07,0.0,3.168099873803162e-07,15.043789999999998,15.0341,485.7691,485.787,1.0,0.0,0.0,0.0,0.0,0.0,0.0,0.0,0.0,0.0,0.0,0.0,0.0,0.0,0.0,0.0,0.0,0,0,0.0,0,0,0,0,0.0,0,0,0
1,131,1310.448,1319.453,10,0.0,0.0,0.0,0.0,0.0,0.0,0.0,0.0,2.4305169737093407e-08,0.0,7.972738193357212e-08,15.032410000000002,15.0318,485.7791,485.781,1.0,0.0,0.0,0.0,0.0,0.0,0.0,0.0,0.0,0.0,0.0,0.0,0.0,0.0,0.0,0.0,0.0,0,0,0.0,0,0,0,0,0.0,0,0,0
1,132,1320.457,1329.474,10,1.1210837515803298,2.395946990254203,0.23078755197490958,1.0759870901749469,0.4111864932446302,1.1649517253651083,0.4402258331418079,0.45573795553556734,0.23514527367980573,0.6633479412826064,0.21208856889880243,33.286561,9.17301,484.54769999999996,485.78,1.0,0.0,0.0,0.0,0.0,0.0,0.0,0.0,0.0,0.0,0.0,0.0,0.0,0.0,0.0,0.0,0.0,0,0,0.0,0,0,0,0,0.0,0,0,0
1,133,1330.474,1339.489,10,2.0972336196127546,2.300582553852966,-0.011045881388917628,0.45867056659329347,0.17901845956949475,0.9872742125878203,0.3322705170899858,0.37923728896298325,0.38799931121353454,0.9569204369138614,0.4349314820499779,53.15376,14.4356,478.8093,482.409,1.0,0.0,0.0,0.0,0.0,0.0,0.0,0.0,0.0,0.0,0.0,0.0,0.0,0.0,0.0,0.0,0.0,0,0,0.0,0,0,0,0,0.0,0,0,0
1,134,1340.484,1349.504,10,1.4053496984281204,2.2820830613748506,-0.15605913151516831,0.6003083553251481,0.31457507749516295,1.3017503920744429,0.4436046968977922,0.4119704517981024,0.3377348881224047,0.8820457986202068,0.34512892832976844,31.396424000000003,4.36134,468.94399999999996,471.806,1.0,0.3,0.0,0.3,0.0,0.0,0.998,0.0,0.0,0.3,0.0,0.998,0.0,0.0,0.0,0.0,0.0,0,0,0.0,0,0,0,0,0.0,0,0,0
1,135,1350.495,1359.509,10,0.3209886251062139,0.6654963019206241,-0.06281817025583639,0.08639372151075132,0.18384679920413274,0.8781783128936921,0.29666966654689436,0.3373688467210387,0.4231835639089125,0.7922634452976759,0.4232453424303726,66.98945,54.1767,341.5462,465.269,1.0,0.0,0.0,0.0,0.0,0.0,0.0,0.0,0.0,0.0,0.0,0.0,0.0,0.0,0.0,0.0,0.0,0,0,0.0,0,0,0,0,0.0,0,0,0
1,136,1360.504,1369.526,10,0.0,0.0,0.0,0.0,1.0953608157528874e-07,1.999638408252037e-07,3.178430802908925e-08,2.0777570084335177e-08,3.173728869350743e-08,0.9372030833129035,0.13817295422254522,69.89609,69.896,218.954,218.954,1.0,0.0,0.0,0.0,0.0,0.0,0.0,0.0,0.0,0.0,0.0,0.0,0.0,0.0,0.0,0.0,0.0,0,0,0.0,0,0,0,0,0.0,0,0,0
1,137,1370.518,1379.537,10,0.0,0.0,0.0,0.0,1.1003854162570686e-07,1.993220899688455e-07,3.139033303028663e-08,2.1129134040923745e-08,2.2722199439121028e-08,0.49909124408867794,3.2569809198250796e-08,69.89614,69.8961,218.954,218.954,1.0,0.0,0.0,0.0,0.0,0.0,0.0,0.0,0.0,0.0,0.0,0.0,0.0,0.0,0.0,0.0,0.0,0,0,0.0,0,0,0,0,0.0,0,0,0
1,138,1380.52,1389.544,10,0.0,0.0,0.0,0.0,1.0957245981319587e-07,1.9967591689927366e-07,3.167646300794973e-08,2.1009209772098004e-08,2.2992272246602594e-08,0.0,3.2686988553129696e-08,69.8962,69.8962,218.954,218.954,1.0,0.0,0.0,0.0,0.0,0.0,0.0,0.0,0.0,0.0,0.0,0.0,0.0,0.0,0.0,0.0,0.0,0,0,0.0,0,0,0,0,0.0,0,0,0
1,139,1390.539,1399.558,10,0.0,0.0,0.0,0.0,1.1961598693028412e-07,2.005673534232677e-07,4.2038739660786174e-08,3.0730060578091335e-08,2.6864584682743756e-08,0.0,3.4365487303310544e-08,69.89628,69.8962,218.954,218.954,1.0,0.0,0.0,0.0,0.0,0.0,0.0,0.0,0.0,0.0,0.0,0.0,0.0,0.0,0.0,0.0,0.0,0,0,0.0,0,0,0,0,0.0,0,0,0
1,140,1400.566,1409.578,10,0.0,0.0,0.0,0.0,6.957458467620586e-08,1.001603488170099e-07,4.8015591105702634e-08,2.063637545431563e-08,3.3671599608034316e-08,0.0,3.862075483083803e-08,69.89633,69.8963,218.954,218.954,1.0,0.0,0.0,0.0,0.0,0.0,0.0,0.0,0.0,0.0,0.0,0.0,0.0,0.0,0.0,0.0,0.0,0,0,0.0,0,0,0,0,0.0,0,0,0
1,141,1410.559,1419.6,10,0.0,0.0,0.0,0.0,0.0,0.0,0.0,0.0,4.408627572144271e-09,0.0,2.7617860516746854e-08,69.8964,69.8964,218.954,218.954,1.0,0.0,0.0,0.0,0.0,0.0,0.0,0.0,0.0,0.0,0.0,0.0,0.0,0.0,0.0,0.0,0.0,0,0,0.0,0,0,0,0,0.0,0,0,0
1,142,1420.58,1429.61,10,0.0,0.0,0.0,0.0,0.0,0.0,0.0,0.0,0.0,0.0,0.0,69.8964,69.8964,218.954,218.954,1.0,0.0,0.0,0.0,0.0,0.0,0.0,0.0,0.0,0.0,0.0,0.0,0.0,0.0,0.0,0.0,0.0,0,0,0.0,0,0,0,0,0.0,0,0,0
1,143,1430.605,1439.628,10,0.0,0.0,0.0,0.0,0.0,0.0,0.0,0.0,0.0,0.0,0.0,69.8964,69.8964,218.954,218.954,1.0,0.0,0.0,0.0,0.0,0.0,0.0,0.0,0.0,0.0,0.0,0.0,0.0,0.0,0.0,0.0,0.0,0,0,0.0,0,0,0,0,0.0,0,0,0
1,144,1440.615,1449.635,10,0.0,0.0,0.0,0.0,0.0,0.0,0.0,0.0,0.0,0.0,0.0,69.8964,69.8964,218.954,218.954,1.0,0.0,0.0,0.0,0.0,0.0,0.0,0.0,0.0,0.0,0.0,0.0,0.0,0.0,0.0,0.0,0.0,0,0,0.0,0,0,0,0,0.0,0,0,0
1,145,1450.642,1459.648,10,0.0,0.0,0.0,0.0,0.0,0.0,0.0,0.0,0.0,0.0,0.0,69.8964,69.8964,218.954,218.954,1.0,0.0,0.0,0.0,0.0,0.0,0.0,0.0,0.0,0.0,0.0,0.0,0.0,0.0,0.0,0.0,0.0,0,0,0.0,0,0,0,0,0.0,0,0,0
1,146,1460.65,1469.673,10,0.0,0.0,0.0,0.0,0.0,0.0,0.0,0.0,0.0,0.0,0.0,69.8964,69.8964,218.954,218.954,1.0,0.0,0.0,0.0,0.0,0.0,0.0,0.0,0.0,0.0,0.0,0.0,0.0,0.0,0.0,0.0,0.0,0,0,0.0,0,0,0,0,0.0,0,0,0
1,147,1470.661,1479.685,10,0.1317596301699791,0.65908812345272,0.06554251541674219,0.25646555844675817,0.15688925623272199,0.7353354044591354,0.26713228017831325,0.07802672162909469,0.07345099470687698,0.2781193702442937,0.05782904525473964,70.57876,39.7154,271.2146,480.339,1.0,0.0,0.0,0.0,0.0,0.0,0.0,0.0,0.0,0.0,0.0,0.0,0.0,0.0,0.0,0.0,0.0,0,0,0.0,0,0,0,0,0.0,0,0,0
1,148,1480.679,1489.697,10,3.4181626969428556,4.277286427022386,0.34241183141668646,1.610325784674241,0.34125800370942555,0.7910513806994187,0.2779660006367102,0.35694247406439006,0.2400376103329298,0.8323141205084985,0.2755515412343187,28.504851000000002,1.17353,464.9034,479.854,1.0,0.2,0.0,0.2,0.0,0.0,1.003,0.0,0.0,0.2,0.0,1.003,0.0,0.0,0.0,0.0,0.0,0,0,0.0,0,0,0,0,0.0,0,0,0
1,149,1490.692,1499.704,10,3.7276353857337385,4.270115101815523,0.00834411828991354,2.0230948267338054,0.3385611567752427,1.1319651176604721,0.36243104856624525,0.44236057659447414,0.33231000377398845,0.7578917234620771,0.29850590205780747,45.027901,4.79461,443.8383,452.015,1.0,0.1,0.0,0.1,0.0,0.0,0.0,0.0,0.0,0.1,0.0,0.0,0.0,0.0,0.0,0.0,0.0,0,0,0.0,0,0,0,0,0.0,0,0,0
1,150,1500.704,1509.721,10,2.7215315910711544,3.686475282217125,-0.16758574347418298,0.7746781595781719,0.4575628337291202,1.094309191657515,0.30419667272825607,0.32129620772319933,0.32755585226951417,0.8266348746216551,0.34835079289754495,60.70658099999999,4.80281,403.8256,455.208,1.0,0.1,0.0,0.1,0.0,0.0,0.0,0.0,0.0,0.1,0.0,0.0,0.0,0.0,0.0,0.0,0.0,0,0,0.0,0,0,0,0,0.0,0,0,0
1,151,1510.716,1519.726,10,2.7010129406527854,4.448079465269019,-0.08326509001591265,1.0804161104205612,1.030945434694829,2.3889367375506105,1.023802663553926,0.37680848149271406,0.5838587117430316,0.8826347931550773,0.6238051364171874,70.31451,11.36,437.73249999999996,460.612,1.0,0.0,0.0,0.0,0.0,0.0,0.0,0.0,0.0,0.0,0.0,0.0,0.0,0.0,0.0,0.0,0.0,0,0,0.0,0,0,0,0,0.0,0,0,0
1,152,1520.726,1529.741,10,2.7558664924553016,4.115120732152115,0.08371671588458847,2.855523032396063,1.2812612275746964,3.0775555475315453,1.0202547339088925,1.5790896691324738,0.9743119996738623,0.5470904249898033,0.9443168007877579,41.900164000000004,4.65804,372.3219,460.939,1.0,0.1,0.0,0.1,0.0,0.0,0.0,0.0,0.0,0.1,0.0,0.0,0.0,0.0,0.0,0.0,0.0,0,0,0.0,0,0,0,0,0.0,0,0,0
1,153,1530.742,1539.766,10,1.7473830632678697,4.056990368081332,-0.22979704741496784,2.2538338827936095,0.7289354129985085,1.8901725618752592,0.601402668784521,0.7325421153866072,0.6413997513116235,0.19291894244239774,0.8080853258085707,49.725294,1.75524,358.2004,457.219,1.0,0.1,0.0,0.1,0.0,0.0,0.0,0.0,0.0,0.0,0.0,0.0,0.0,0.0,0.0,0.0,0.0,0,0,0.0,0,0,0,0,0.0,0,0,0
1,154,1540.765,1549.766,10,0.3609054472201865,1.2355775074443616,0.030128571568426243,1.1691236075389662,0.05449706948946985,0.2709122302784944,0.08259796398398407,0.057866867774372055,0.1606028930620605,0.3719317654360078,0.33107139241142614,30.753539999999997,26.5862,456.21310000000005,456.865,1.0,0.0,0.0,0.0,0.0,0.0,0.0,0.0,0.0,0.0,0.0,0.0,0.0,0.0,0.0,0.0,0.0,0,0,0.0,0,0,0,0,0.0,0,0,0
1,155,1550.759,1559.777,10,0.43911207115744155,2.4413960922688034,0.2060858098597181,1.4935250423789275,0.05713045912291983,0.3315918395982719,0.1207224649413507,0.06775001369926029,0.052874205312199704,0.6591885671145402,0.053693064757154664,21.613573,3.92541,454.5568,455.874,1.0,0.2,0.0,0.2,0.0,0.0,0.999,0.0,0.0,0.2,0.0,0.999,0.0,0.0,0.0,0.0,0.0,0,0,0.0,0,0,0,0,0.0,0,0,0
1,156,1560.777,1569.798,10,0.09481033751653432,0.9481033751653433,-0.24413960922688033,0.0,0.004184030290682194,0.04184030290682193,0.013231065517692112,0.007589544410800636,0.04371603521421768,0.6251321022962671,0.0933867576483208,6.832773,6.58029,453.3026,454.387,1.0,0.0,0.0,0.0,0.0,0.0,0.0,0.0,0.0,0.0,0.0,0.0,0.0,0.0,0.0,0.0,0.0,0,0,0.0,0,0,0,0,0.0,0,0,0
1,157,1570.793,1579.805,10,0.0,0.0,0.0,0.0,0.0,0.0,0.0,0.0,1.959377424788591e-08,0.8411167411968439,2.0254927846539344e-08,6.854633,6.72187,453.98609999999996,455.167,1.0,0.0,0.0,0.0,0.0,0.0,0.0,0.0,0.0,0.0,0.0,0.0,0.0,0.0,0.0,0.0,0.0,0,0,0.0,0,0,0,0,0.0,0,0,0
1,158,1580.81,1589.816,10,1.533402645009422,3.6296539422005183,0.2005235707941117,2.733835564165889,0.7743082795368033,2.158443707152856,0.761767098237518,0.7815717340361525,0.617586248445759,0.453289651334725,0.5226363004495748,51.665364,3.74763,404.1621,457.838,1.0,0.1,0.0,0.1,0.0,0.0,0.0,0.0,0.0,0.1,0.0,0.0,0.0,0.0,0.0,0.0,0.0,0,0,0.0,0,0,0,0,0.0,0,0,0
1,159,1590.82,1599.889,10,0.1895588050323271,0.7731162761497692,-0.20543573110200905,0.19288885252625937,0.0716749147726842,0.6114635139769423,0.19012920190871663,0.15514685642755188,0.31986811228876,0.2834351564520714,0.6211046583694543,23.7867,19.1841,455.3835,456.931,1.0,0.0,0.0,0.0,0.0,0.0,0.0,0.0,0.0,0.0,0.0,0.0,0.0,0.0,0.0,0.0,0.0,0,0,0.0,0,0,0,0,0.0,0,0,0
1,160,1600.888,1609.878,10,1.3260507227535587,4.5547901941840045,0.455855892291274,1.6494484171591293,0.2634135212771761,1.4116223256382714,0.4500319951036332,0.2534229492634192,0.23732332197597414,0.4348765769276211,0.18643817691729786,24.657812,5.89142,448.97520000000003,455.143,1.0,0.0,0.0,0.0,0.0,0.0,0.0,0.0,0.0,0.0,0.0,0.0,0.0,0.0,0.0,0.0,0.0,0,0,0.0,0,0,0,0,0.0,0,0,0
1,161,1610.898,1619.89,10,2.1598330176109277,4.615803242297418,-0.09773105044172085,2.380484407508269,1.0486688001689726,2.954404655404299,0.8419919693667521,0.8539491260562555,0.79137143029504,0.48654383409389956,0.9069643328852625,49.29011,12.0219,390.1901,434.139,1.0,0.0,0.0,0.0,0.0,0.0,0.0,0.0,0.0,0.0,0.0,0.0,0.0,0.0,0.0,0.0,0.0,0,0,0.0,0,0,0,0,0.0,0,0,0
1,162,1620.905,1629.904,10,1.6395064804598558,2.681776297200966,-0.1119603889345853,1.0624079934862067,0.8168299854856169,1.5296027828993346,0.4861608494627635,0.6189383414436354,0.490519204347987,0.296989924676042,0.497254774979201,43.006281,8.63331,362.3214,434.774,1.0,0.0,0.0,0.0,0.0,0.0,0.0,0.0,0.0,0.0,0.0,0.0,0.0,0.0,0.0,0.0,0.0,0,0,0.0,0,0,0,0,0.0,0,0,0
1,163,1630.919,1639.924,10,1.9773481332001974,4.070217078372362,0.16137289349220083,1.9638849596932841,0.7993846095927035,2.3949030235251962,0.7602360703948818,0.804688590572954,0.6822009478325436,0.4723076937474226,0.6279776199809406,44.4113044,0.286674,415.06329999999997,442.257,1.0,0.2,0.0,0.2,0.0,0.0,1.002,0.0,0.0,0.2,0.0,1.002,0.0,0.0,0.0,0.0,0.0,0,0,0.0,0,0,0,0,0.0,0,0,0
1,164,1640.925,1649.264,9,2.6030970826363213,3.8424784442039703,-0.15954960121472678,2.7753704793535867,1.4464164683570475,2.7192516845010486,0.8513522985274651,1.0167082114350017,0.7640369025683865,0.4128987120591585,0.851674049662033,41.96089188888889,0.318367,362.1887777777778,445.484,1.0,0.1111111111111111,0.0,0.1111111111111111,0.0,0.0,0.0,0.0,0.0,0.0,0.0,0.0,0.0,0.0,0.0,0.0,0.0,0,0,0.0,0,0,0,0,0.0,0,0,0
1,165,1650.062,1659.068,10,2.6025836276910272,3.9016205916908837,-0.02514319332442878,2.2401324609757243,1.5151157131002093,3.0760031113286783,0.9233706326260818,1.1466168784888389,0.8887446209454881,0.15547728507756614,0.9395732087310901,37.609668,6.74148,350.6526,437.373,1.0,0.0,0.0,0.0,0.0,0.0,0.0,0.0,0.0,0.0,0.0,0.0,0.0,0.0,0.0,0.0,0.0,0,0,0.0,0,0,0,0,0.0,0,0,0
1,166,1660.07,1669.083,10,1.8410010240500292,3.9263056334404727,-0.13980557702828897,1.651918252124832,0.5769276648238539,2.1035752520937234,0.6334844732183744,0.6079282603337478,0.6028339385081133,0.11796144068097174,0.7890863067689702,17.40304594,0.0791294,391.4138,419.353,1.0,0.3,0.0,0.3,0.2,0.2,1.002,1.002,0.0,0.3,0.2,1.002,1.002,0.0,0.0,0.0,0.0,0,0,0.0,0,0,0,0,0.0,0,0,0
1,167,1670.086,1679.1,10,2.3414548442937564,3.6390796166938144,0.2922433846394529,2.117352606490365,1.2874838191449052,2.3421749393509153,0.8742608601008743,0.5064647035229513,0.4900374220247759,0.10181470576995282,0.601578493422303,43.7802982,0.360452,375.1747,432.812,1.0,0.3,0.0,0.3,0.0,0.0,0.0,0.0,0.0,0.3,0.0,0.0,0.0,0.0,0.0,0.0,0.0,0,0,0.0,0,0,0,0,0.0,0,0,0
1,168,1680.102,1689.112,10,1.4724239392602627,3.4756422689263573,-0.3416186265658826,1.4243359653217083,0.5603596744116115,2.3757516406286006,0.8375190198639549,0.47355604980922417,0.5143369683432255,0.1441478065471263,0.844908492828587,30.10064,10.2709,403.6732,431.976,1.0,0.0,0.0,0.0,0.0,0.0,0.0,0.0,0.0,0.0,0.0,0.0,0.0,0.0,0.0,0.0,0.0,0,0,0.0,0,0,0,0,0.0,0,0,0
1,169,1690.113,1699.13,10,0.1466711814112303,0.6956535053191973,0.0012936267186695715,0.6970476005202378,0.10670646928113756,0.995069888027439,0.31235158343515745,0.19750799440089986,0.09257587824171121,0.1695002880595098,0.21077520598018876,26.721690000000002,25.3299,411.33050000000003,412.962,1.0,0.0,0.0,0.0,0.0,0.0,0.0,0.0,0.0,0.0,0.0,0.0,0.0,0.0,0.0,0.0,0.0,0,0,0.0,0,0,0,0,0.0,0,0,0
1,170,1700.13,1709.14,10,0.13620486997643613,0.5176408948283346,-0.0009690156013063666,0.3252900030705246,0.028324959825435377,0.11305127030361471,0.044722009483829296,0.04527934660542109,0.1650186431563491,0.32561434158035996,0.25718071264167885,42.36714,33.0533,409.0888,413.149,1.0,0.0,0.0,0.0,0.0,0.0,0.0,0.0,0.0,0.0,0.0,0.0,0.0,0.0,0.0,0.0,0.0,0,0,0.0,0,0,0,0,0.0,0,0,0
1,171,1710.139,1719.156,10,0.05167527780303723,0.2581317295618836,-0.00017563009421092123,0.25916840317458195,0.0014758622754653128,0.007115167955834492,0.0025579779096325445,0.002211303589605809,0.006843135533129782,0.37999379010707945,0.025666459575304428,49.37341,49.3025,412.48109999999997,412.626,1.0,0.0,0.0,0.0,0.0,0.0,0.0,0.0,0.0,0.0,0.0,0.0,0.0,0.0,0.0,0.0,0.0,0,0,0.0,0,0,0,0,0.0,0,0,0
1,172,1720.142,1729.153,10,0.1714038062741367,0.6592292089250202,0.0021239460718977974,0.6685894613844019,0.13273765257880482,1.3139684038161985,0.41504772687360064,0.2639791991176361,0.2947189541938088,0.2067266729390041,0.41514937181373684,20.259909999999998,19.6666,291.056,319.788,1.0,0.0,0.0,0.0,0.0,0.0,0.0,0.0,0.0,0.0,0.0,0.0,0.0,0.0,0.0,0.0,0.0,0,0,0.0,0,0,0,0,0.0,0,0,0
1,173,1730.169,1739.181,10,0.0,0.0,0.0,0.0,2.1016062535290148e-08,2.135098708758563e-08,1.8587669762148218e-10,2.92378063672222e-10,0.00024260013091793382,0.5969442731262118,0.001111429369785632,17.81369,15.948,246.39569999999998,262.933,1.0,0.0,0.0,0.0,0.0,0.0,0.0,0.0,0.0,0.0,0.0,0.0,0.0,0.0,0.0,0.0,0.0,0,0,0.0,0,0,0,0,0.0,0,0,0
1,174,1740.184,1749.186,10,0.8558177603461719,2.51083355391068,0.21454329946239287,1.1181669367541631,0.5522786016568348,2.0512884038921224,0.7096292377973987,0.43352886099365884,0.4053471011466009,0.8019391293308539,0.3402338095151117,33.3456934,0.863434,265.6417,413.224,1.0,0.1,0.0,0.1,0.0,0.0,0.0,0.0,0.0,0.0,0.0,0.0,0.0,0.0,0.0,0.0,0.0,0,0,0.0,0,0,0,0,0.0,0,0,0
1,175,1750.189,1759.205,10,1.0075239463856978,2.5352469897253727,-0.08086226466287418,0.8447545195729055,0.8173598750431097,1.8226466817926814,0.5324483387584584,0.5392470239883749,0.44583426385566166,0.5017537157337184,0.5452278474064797,30.145671,2.37446,297.3559,419.755,1.0,0.1,0.0,0.1,0.0,0.0,0.0,0.0,0.0,0.0,0.0,0.0,0.0,0.0,0.0,0.0,0.0,0,0,0.0,0,0,0,0,0.0,0,0,0
1,176,1760.202,1769.213,10,1.0441410470006054,2.4607556156886186,-0.13140720203695183,1.0884597366641875,0.17525049115487867,0.9254179766629086,0.27530998831504233,0.37034410929956374,0.3764009323226772,0.14643890237817078,0.5238186349434611,9.200381,2.29012,197.7945,419.101,1.0,0.5,0.0,0.5,0.5,0.5,4.007,4.007,0.0,0.0,0.0,0.0,0.0,0.0,0.0,0.0,0.0,0,0,0.0,0,0,0,0,0.0,0,0,0
1,177,1770.213,1779.223,10,0.4742291241093177,1.1293959927026502,0.05465717877014766,0.5782738875226276,0.26708365901960657,0.5753050244678579,0.2584274361123695,0.20741756550915702,0.15388338989367292,0.5052855380410217,0.1861598527762051,12.325697,3.65152,308.0024,413.194,1.0,0.2,0.0,0.2,0.1,0.1,5.007,5.007,0.0,0.1,0.0,0.0,0.0,0.0,0.0,0.0,0.0,0,0,0.0,0,0,0,0,0.0,0,0,0
1,178,1780.21,1789.572,10,0.17455525900103822,0.49235789353361115,-0.03442664540270235,0.3022648507516938,0.21466129532566222,0.5971864697147,0.22426744031952722,0.2850949349648904,0.20915918273577155,0.5584532023334742,0.22056635834136223,5.320342,2.9587,274.8253,412.842,1.0,0.6,0.0,0.6,0.4,0.4,4.011,3.011,0.0,0.3,0.2,2.0060000000000002,1.006,0.2,0.0,1.006,0.0,0,0,0.0,0,0,0,0,0.0,0,0,0
1,179,1790.571,1799.579,10,0.5063694382439314,1.1954913370888824,0.09591079080450648,0.5387248028001089,0.21464722189543614,1.5040148313503348,0.46809494983091665,0.33304863512092947,0.3382085792712982,0.4923244475854721,0.3137571827091076,11.48687,2.76789,212.98179999999996,301.967,1.0,0.1,0.0,0.1,0.0,0.0,0.0,0.0,0.0,0.1,0.0,0.0,0.0,0.0,0.0,0.0,0.0,0,0,0.0,0,0,0,0,0.0,0,0,0
1,180,1800.583,1809.602,10,1.7709607231493654,3.1288935880980633,-0.05833439497986008,1.6601068696286538,0.7392194112204876,1.7438674365215314,0.43879001702203924,0.5059255621166008,0.4613284212830712,0.5240000171190351,0.48383020148778205,29.699404000000005,1.32972,272.0621,298.278,1.0,0.2,0.0,0.2,0.0,0.0,0.0,0.0,0.0,0.0,0.0,0.0,0.0,0.0,0.0,0.0,0.0,0,0,0.0,0,0,0,0,0.0,0,0,0
1,181,1810.606,1819.618,10,1.7830892063839001,5.181704158035144,0.08644966752749547,4.1051795834773905,0.33899437676159694,0.6612773015526395,0.21337131394202585,0.32390840944766214,0.23785218368096425,0.4671260662566278,0.3551095322436985,30.615671,1.67958,286.7145,293.677,1.0,0.1,0.0,0.1,0.0,0.0,0.0,0.0,0.0,0.0,0.0,0.0,0.0,0.0,0.0,0.0,0.0,0,0,0.0,0,0,0,0,0.0,0,0,0
1,182,1820.614,1829.629,10,1.0015694593351463,1.3206059215752002,-0.14541206438146634,0.04198560463251674,0.1378991140013556,0.5367114346802847,0.17941819598401146,0.1299156597838868,0.18667493057629891,0.6515037820567326,0.21183019672736036,24.571530000000003,3.64733,345.2815,435.62,1.0,0.3,0.0,0.3,0.3,0.3,2.003,2.003,0.0,0.3,0.3,2.003,2.003,0.3,0.0,2.003,0.0,0,0,0.0,0,0,0,0,0.0,0,0,0
1,183,1830.62,1839.636,10,1.1140952750152588,3.091771586264267,0.2732338065090397,2.767388341372176,0.07818130042444912,0.34901176268373524,0.14303191670572413,0.06889995419288825,0.09589450894926309,0.6618192479070734,0.16355011818842563,14.876005000000001,3.64733,436.1281,438.765,1.0,0.5,0.0,0.5,0.5,0.5,7.007,7.007,0.0,0.5,0.5,7.007,7.007,0.5,0.0,7.007,0.0,1,1,0.0,5,5,1,2,0.8333333333333334,2,1,0
1,184,1840.635,1849.646,10,2.2872184946548044,4.775233818288936,-0.18061928065728822,1.7725058828516,0.4145674190143539,2.137504314678187,0.6484855522816755,0.5654740554383244,0.4271327968369095,0.548908448097822,0.32729765989724097,61.14489,28.552,390.8061,432.559,1.0,0.0,0.0,0.0,0.0,0.0,0.0,0.0,0.0,0.0,0.0,0.0,0.0,0.0,0.0,0.0,0.0,1,1,0.0,0,5,1,2,0.8333333333333334,2,1,0
1,185,1850.648,1859.659,10,0.28506795491350345,0.9970554374461148,-0.0912950511540124,0.3800541645220922,0.6230212248421123,1.6970901263502998,0.7205070689437162,0.739088389056859,0.6894679489690715,0.786543378880937,0.7631559780505968,34.42889,25.052,294.8674,312.686,1.0,0.0,0.0,0.0,0.0,0.0,0.0,0.0,0.0,0.0,0.0,0.0,0.0,0.0,0.0,0.0,0.0,1,1,0.0,0,5,1,2,0.8333333333333334,2,1,0
1,186,1860.661,1869.672,10,1.471499583573368,2.539995384523843,0.13736228871496536,0.7662846393191579,0.9870561892047384,2.2571602333660112,0.7142731686553901,0.9134288882232638,0.6578667346684285,0.6123185603233176,0.6674690033101699,51.110521,9.23961,314.2909,435.036,1.0,0.0,0.0,0.0,0.0,0.0,0.0,0.0,0.0,0.0,0.0,0.0,0.0,0.0,0.0,0.0,0.0,1,1,0.0,0,5,1,2,0.8333333333333334,2,1,0
1,187,1870.694,1879.686,10,1.835947926559512,2.6382321250835,0.038997101317587976,1.1987996194052988,0.7995404554845651,2.65628049906863,0.7710243944426765,0.6596099453649785,0.6245529134700607,0.22399097398963566,0.6652906049350659,36.658258000000004,7.51528,302.2308,439.529,1.0,0.0,0.0,0.0,0.0,0.0,0.0,0.0,0.0,0.0,0.0,0.0,0.0,0.0,0.0,0.0,0.0,1,1,0.0,0,5,1,2,0.8333333333333334,2,1,0
1,188,1880.814,1889.806,10,1.2097867264897662,2.324984639913828,0.07876606281014924,1.914382927068571,0.6431213608081705,1.9890207515867342,0.5594991597446043,0.82572055498167,0.7844712887077128,0.2261577779588233,0.7885450751020873,31.470972999999997,1.07702,394.9846,440.476,1.0,0.2,0.0,0.2,0.0,0.0,0.0,0.0,0.0,0.1,0.0,0.0,0.0,0.0,0.0,0.0,0.0,1,1,0.0,0,5,1,2,0.8333333333333334,2,1,0
1,189,1890.795,1899.816,10,1.5387265152460325,2.2755127757060887,-0.21061635769928108,1.6360083471350777,0.5720257716924628,1.9620226190075367,0.6291774541163125,0.703552966808006,0.563622136125103,0.048899901136463295,0.607948321004832,62.94959,28.3539,326.8405,438.67,1.0,0.0,0.0,0.0,0.0,0.0,0.0,0.0,0.0,0.0,0.0,0.0,0.0,0.0,0.0,0.0,0.0,1,1,0.0,0,5,1,2,0.8333333333333334,2,1,0
1,190,1900.805,1909.826,10,1.197180003036382,2.024129862310674,0.09657543903652141,1.4897539466415877,0.6402466385484,1.8042700069823887,0.6712685353970796,0.7327975195291183,0.6434090491076093,0.10585501192148086,0.5933566768842804,35.75522600000001,1.11364,366.1744,438.955,1.0,0.1,0.0,0.1,0.0,0.0,0.0,0.0,0.0,0.1,0.0,0.0,0.0,0.0,0.0,0.0,0.0,1,1,0.0,0,0,0,0,0.0,0,0,0
1,191,1910.819,1919.377,9,2.7621425790049106,7.3278939794905105,0.8141961018252757,6.067170713827166,0.796427022182234,2.071960411839862,0.7779247333698026,0.9881572675625964,0.7011404085626411,0.2074662501155255,0.7124098734497816,55.35565777777778,1.02182,400.467,432.827,1.0,0.1111111111111111,0.0,0.1111111111111111,0.0,0.0,0.0,0.0,0.0,0.1111111111111111,0.0,0.0,0.0,0.0,0.0,0.0,0.0,1,1,0.0,0,0,0,0,0.0,0,0,0
1,192,1920.366,1929.373,10,3.165013542122891,4.244814309957311,-0.6738213220364173,3.25383483447556,0.6365932452037836,1.6420804425050142,0.6017927470854201,0.6885418176138705,0.6286779566778754,0.41165822932949,0.6518935762402164,38.306675999999996,9.17256,310.1308,454.011,1.0,0.0,0.0,0.0,0.0,0.0,0.0,0.0,0.0,0.0,0.0,0.0,0.0,0.0,0.0,0.0,0.0,1,1,0.0,0,0,0,0,0.0,0,0,0
1,193,1930.378,1939.389,10,2.3388191722959104,4.010411252754773,0.004228697981414986,2.4148148063535886,0.8014574590771826,2.3218409040635057,0.8511459073989293,1.0085931445066423,0.7797049324365165,0.5891364288878226,0.7636844382485999,33.96261,4.77249,321.6278,465.544,1.0,0.2,0.0,0.2,0.0,0.0,0.0,0.0,0.0,0.0,0.0,0.0,0.0,0.0,0.0,0.0,0.0,1,1,0.0,0,0,0,0,0.0,0,0,0
1,194,1940.387,1949.404,10,3.1535451087072017,4.119521251298228,0.21307797403090203,1.8199559518535664,0.31829685425466986,0.9738651662777784,0.3326553699792285,0.29310152808804296,0.44367205386447495,0.605031493644182,0.6063616522488978,65.866782,9.72312,341.24989999999997,483.075,1.0,0.0,0.0,0.0,0.0,0.0,0.0,0.0,0.0,0.0,0.0,0.0,0.0,0.0,0.0,0.0,0.0,1,1,0.0,0,0,0,0,0.0,0,0,0
1,195,1950.405,1959.419,10,2.103951483944985,2.617454550385753,-0.07789470836893882,0.9093182025495619,0.6305289406674073,2.5259268174817677,0.757129840109715,0.7826831555328042,0.6345706160328985,0.5978131301683764,0.6310520420915199,41.608819,7.90249,429.9157,494.809,1.0,0.0,0.0,0.0,0.0,0.0,0.0,0.0,0.0,0.0,0.0,0.0,0.0,0.0,0.0,0.0,0.0,1,1,0.0,0,0,0,0,0.0,0,0,0
1,196,1960.406,1969.432,10,0.5748617093014718,2.0676422754626445,0.014034428799857146,1.568481489155291,0.291624381269326,2.0958547225742383,0.6375433777430105,0.490709767481247,0.26976266410505667,0.5055119307445015,0.43618736295414917,28.839205800000002,0.429328,473.742,496.559,1.0,0.4,0.0,0.4,0.0,0.0,3.0039999999999996,0.0,0.0,0.4,0.0,3.0039999999999996,0.0,0.0,0.0,0.0,0.0,0,0,0.0,1,1,0,1,0.16666666666666666,1,0,0
1,197,1970.436,1979.456,10,2.061380105557671,2.3006914327990913,-0.05231676133641283,0.6125504476310997,0.7904654836314207,2.636146599597494,0.8643448803377285,1.0215276278748315,0.9442639106643356,0.4625517442990931,0.8872035030035367,55.041340000000005,13.7951,323.82309999999995,498.68,1.0,0.0,0.0,0.0,0.0,0.0,0.0,0.0,0.0,0.0,0.0,0.0,0.0,0.0,0.0,0.0,0.0,0,0,0.0,0,1,0,1,0.16666666666666666,1,0,0
1,198,1980.442,1989.461,10,0.3319370331180901,0.5851270224283905,-0.11603210184391824,0.31972381123322163,0.04042740692163677,0.16602328061385088,0.06670803836036421,0.09482483915956705,0.21076670048794105,0.28532273867214336,0.49319024502650066,55.51625,47.4394,275.8679,275.914,1.0,0.0,0.0,0.0,0.0,0.0,0.0,0.0,0.0,0.0,0.0,0.0,0.0,0.0,0.0,0.0,0.0,0,0,0.0,0,1,0,1,0.16666666666666666,1,0,0
1,199,1990.455,1999.479,10,0.48158111739861137,0.5958374628344882,-0.002569381580376076,0.20727840876847392,0.0,0.0,0.0,0.0,0.0,0.28505490736258726,0.016525701603511765,58.18479,58.1807,275.8909,275.932,1.0,0.0,0.0,0.0,0.0,0.0,0.0,0.0,0.0,0.0,0.0,0.0,0.0,0.0,0.0,0.0,0.0,0,0,0.0,0,1,0,1,0.16666666666666666,1,0,0
1,200,2000.486,2009.481,10,0.4836451194148723,0.6067882472137796,-0.0005862210540898832,0.2441999999999993,0.0,0.0,0.0,0.0,0.0,0.004969801735378036,0.0,58.20102000000001,58.1921,276.01689999999996,276.096,1.0,0.0,0.0,0.0,0.0,0.0,0.0,0.0,0.0,0.0,0.0,0.0,0.0,0.0,0.0,0.0,0.0,0,0,0.0,0,1,0,1,0.16666666666666666,1,0,0
1,201,2010.497,2019.509,10,0.9018410123398224,1.7158503455338643,0.013891409870029648,0.7944147073384881,0.28304979494236315,1.9590985174876647,0.6139979854517659,0.40739866817843773,0.44328820915365696,0.17507111941396636,0.32809398628050496,41.12483,25.6997,272.7869,507.563,1.0,0.0,0.0,0.0,0.0,0.0,0.0,0.0,0.0,0.0,0.0,0.0,0.0,0.0,0.0,0.0,0.0,0,0,0.0,0,1,0,1,0.16666666666666666,1,0,0
1,202,2020.506,2029.511,10,0.5217166081298188,2.2071952903836265,0.16487511860853968,2.037757977392247,0.1871252981909678,1.3149635303553404,0.41615906746600545,0.36335810849326106,0.2609352701574813,0.45925072530052385,0.45436222812283156,34.085969999999996,18.5708,211.77019,508.384,1.0,0.0,0.0,0.0,0.0,0.0,0.0,0.0,0.0,0.0,0.0,0.0,0.0,0.0,0.0,0.0,0.0,0,0,0.0,0,1,0,1,0.16666666666666666,1,0,0
1,203,2030.522,2039.529,10,1.2013220123366148,2.1590318637487824,-0.18957332275971678,0.5882586607058086,0.5708567496159132,1.9662232879025678,0.6432906158326325,0.6864368204372305,0.683291084768529,0.5784313233572848,0.5905251450566816,42.869299999999996,10.0626,270.46961,504.676,1.0,0.0,0.4,0.0,0.0,0.0,0.0,0.0,0.0,0.0,0.0,0.0,0.0,0.0,0.0,0.0,0.0,0,0,0.0,0,0,0,0,0.0,0,0,0
1,204,2040.533,2049.541,10,1.4617886781954623,2.438811951489126,-0.030094173751921548,2.0218851043789403,0.16650531835276788,0.4209928467012698,0.15556778322737308,0.12458134923032223,0.15923039379284223,0.3292856186118643,0.38324769868980446,30.209000000000003,12.4545,253.87467999999998,285.792,1.0,0.0,0.0,0.0,0.0,0.0,0.0,0.0,0.0,0.0,0.0,0.0,0.0,0.0,0.0,0.0,0.0,0,0,0.0,0,0,0,0,0.0,0,0,0
1,205,2050.528,2059.552,10,1.3078285350846173,2.081525089557159,0.0748410009911745,1.497986571048672,0.8353112296471439,2.4006802292098346,0.647114478709983,0.7183076928017181,0.583892066430028,0.5184511034693637,0.47792059969227496,31.51135,11.8129,319.2455,512.165,1.0,0.0,0.0,0.0,0.0,0.0,0.0,0.0,0.0,0.0,0.0,0.0,0.0,0.0,0.0,0.0,0.0,0,0,0.0,0,0,0,0,0.0,0,0,0
1,206,2060.552,2069.561,10,0.672686794347546,1.31864220096672,-0.03774135620288796,1.3226100310598998,0.5244380001683354,1.2915938019840867,0.47376314067906417,0.6003617552882086,0.5119402829821016,0.47925179825211844,0.6052757879108471,30.865965999999997,4.67286,366.3242,512.046,1.0,0.1,0.0,0.1,0.0,0.0,0.0,0.0,0.0,0.0,0.0,0.0,0.0,0.0,0.0,0.0,0.0,0,0,0.0,0,0,0,0,0.0,0,0,0
1,207,2070.564,2079.584,10,0.2845953631404615,1.4547109201414252,-0.037197713083791974,1.0690218959190272,0.2844652673850704,1.4823710872938314,0.5785179566474768,0.33085477962348603,0.44722697740806777,0.2765699841255274,0.5652212522233321,43.36985,11.526,484.07480000000004,507.967,1.0,0.0,0.0,0.0,0.0,0.0,0.0,0.0,0.0,0.0,0.0,0.0,0.0,0.0,0.0,0.0,0.0,0,0,0.0,0,0,0,0,0.0,0,0,0
1,208,2080.581,2089.588,10,0.0,0.0,0.0,0.0,2.106602019705647e-08,2.139433934563149e-08,1.5484798290701292e-10,1.7730285028541167e-10,1.8434906916640712e-10,0.6099067240121236,0.09845544400921777,49.35364,47.2482,408.18529500000005,507.898,1.0,0.0,0.0,0.0,0.0,0.0,0.0,0.0,0.0,0.0,0.0,0.0,0.0,0.0,0.0,0.0,0.0,0,0,0.0,0,0,0,0,0.0,0,0,0
1,209,2090.594,2099.599,10,0.0,0.0,0.0,0.0,2.1051135475422733e-08,2.124337122524901e-08,1.423036028585159e-10,1.9948487261065204e-10,1.2470904747302176e-10,0.17233419640253145,1.1665111866849303e-10,33.43428,21.7191,7.688578,8.77936,1.0,0.0,0.2,0.0,0.0,0.0,0.0,0.0,0.0,0.0,0.0,0.0,0.0,0.0,0.0,0.0,0.0,0,0,0.0,0,0,0,0,0.0,0,0,0
1,210,2100.598,2109.608,10,0.0,0.0,0.0,0.0,2.1055229788884383e-08,2.135098708758563e-08,1.3326038755749692e-10,1.6877812699095578e-10,1.4939313493181126e-10,0.0,1.372818169067804e-10,30.48381,18.089,156.494766,507.898,1.0,0.0,0.0,0.0,0.0,0.0,0.0,0.0,0.0,0.0,0.0,0.0,0.0,0.0,0.0,0.0,0.0,0,0,0.0,0,0,0,0,0.0,0,0,0
1,211,2110.61,2119.62,10,0.0,0.0,0.0,0.0,2.1048484891339656e-08,2.120062802358855e-08,8.631295878941741e-11,1.0310505852993336e-10,8.608988961645341e-11,0.0,1.061573467099029e-10,49.7556,49.7556,507.898,507.898,1.0,0.0,0.0,0.0,0.0,0.0,0.0,0.0,0.0,0.0,0.0,0.0,0.0,0.0,0.0,0.0,0.0,0,0,0.0,0,0,0,0,0.0,0,0,0
1,212,2120.619,2129.647,10,0.0,0.0,0.0,0.0,2.1029926242121718e-08,2.213594984815863e-08,5.538151234663182e-10,5.547692524747064e-10,4.705453262851599e-10,0.0,4.895505362367343e-10,49.70202,49.2198,457.34441400000003,507.898,1.0,0.0,0.0,0.0,0.0,0.0,0.0,0.0,0.0,0.0,0.0,0.0,0.0,0.0,0.0,0.0,0.0,0,0,0.0,0,0,0,0,0.0,0,0,0
1,213,2130.642,2139.738,10,0.0,0.0,0.0,0.0,2.0903717390986728e-08,2.1680477629060717e-08,6.652081261478754e-10,4.3160101961255163e-10,2.081942481935557e-10,0.0,2.431270341769785e-10,49.7556,49.7556,507.898,507.898,1.0,0.0,0.0,0.0,0.0,0.0,0.0,0.0,0.0,0.0,0.0,0.0,0.0,0.0,0.0,0.0,0.0,0,0,0.0,0,0,0,0,0.0,0,0,0
1,214,2140.65,2149.666,10,0.0,0.0,0.0,0.0,2.124360957069101e-08,2.310682484149892e-08,6.635977116256541e-10,7.151650590892941e-10,7.324811323882766e-10,0.0,9.352323905739057e-10,49.7556,49.7556,507.898,507.898,1.0,0.0,0.0,0.0,0.0,0.0,0.0,0.0,0.0,0.0,0.0,0.0,0.0,0.0,0.0,0.0,0.0,0,0,0.0,0,0,0,0,0.0,0,0,0
1,215,2150.668,2159.67,10,0.0,0.0,0.0,0.0,2.106566750974572e-08,2.1307810167287178e-08,1.2507716734019702e-10,1.3680894495511542e-10,1.1401284096204598e-10,0.0,1.1331928741687755e-10,49.7556,49.7556,507.898,507.898,1.0,0.0,0.0,0.0,0.0,0.0,0.0,0.0,0.0,0.0,0.0,0.0,0.0,0.0,0.0,0.0,0.0,0,0,0.0,0,0,0,0,0.0,0,0,0
1,216,2160.68,2169.674,10,0.0,0.0,0.0,0.0,2.1066052603480017e-08,2.135098708758563e-08,1.5717771576390466e-10,2.021149431747493e-10,1.570703589790111e-10,0.0,1.4951662593013415e-10,49.7556,49.7556,507.898,507.898,1.0,0.0,0.0,0.0,0.0,0.0,0.0,0.0,0.0,0.0,0.0,0.0,0.0,0.0,0.0,0.0,0.0,0,0,0.0,0,0,0,0,0.0,0,0,0
1,217,2170.683,2179.694,10,0.0,0.0,0.0,0.0,2.1032279297391665e-08,2.120062802358855e-08,1.4613765444241993e-10,2.2008202189408743e-10,1.4760758901417996e-10,0.0,1.576101669755111e-10,49.7556,49.7556,507.898,507.898,1.0,0.0,0.0,0.0,0.0,0.0,0.0,0.0,0.0,0.0,0.0,0.0,0.0,0.0,0.0,0.0,0.0,0,0,0.0,0,0,0,0,0.0,0,0,0
1,218,2180.697,2189.705,10,0.0,0.0,0.0,0.0,2.1050484269000117e-08,2.1136834759726197e-08,7.082966239925962e-11,9.239364929423463e-11,6.355950801785047e-11,0.0,8.103800632285805e-11,49.7556,49.7556,507.898,507.898,1.0,0.0,0.0,0.0,0.0,0.0,0.0,0.0,0.0,0.0,0.0,0.0,0.0,0.0,0.0,0.0,0.0,0,0,0.0,0,0,0,0,0.0,0,0,0
1,219,2190.707,2199.714,10,0.0,0.0,0.0,0.0,2.1056680041778668e-08,2.139433934563149e-08,2.2714745898129153e-10,2.7776151447601144e-10,2.0581017544851298e-10,0.0,1.6839540593150519e-10,49.7556,49.7556,507.898,507.898,1.0,0.0,0.0,0.0,0.0,0.0,0.0,0.0,0.0,0.0,0.0,0.0,0.0,0.0,0.0,0.0,0.0,0,0,0.0,0,0,0,0,0.0,0,0,0
1,220,2200.722,2207.73,8,0.0,0.0,0.0,0.0,2.1032805722943068e-08,2.1307810167287178e-08,1.8657668965083564e-10,2.75990595278227e-10,2.0026366903275238e-10,0.0,2.0527194668784897e-10,49.2392375,45.6247,444.72121500000003,507.898,1.0,0.0,0.0,0.0,0.0,0.0,0.0,0.0,0.0,0.0,0.0,0.0,0.0,0.0,0.0,0.0,0.0,0,0,0.0,0,0,0,0,0.0,0,0,0
2,0,0.0,9.756,11,0.0,0.0,0.0,0.0,0.0,0.0,0.0,0.0,0.0,0.0,0.0,25.114759454545457,0.535954,3.3811572727272723,3.42346,1.0,0.09090909090909091,1.0,0.0,0.0,0.0,0.0,0.0,0.0,0.0,0.0,0.0,0.0,0.0,0.0,0.0,0.0,0,0,0.0,0,0,0,0,0.0,0,0,0
2,1,10.765,19.771,10,0.8953325764125097,3.4776643438745802,0.07271350588723409,2.5395947390353384,0.28556243526163266,1.4592842899540872,0.43732939535409693,0.3469679814373415,0.21733702841441352,0.04764278324808225,0.16897950039338383,38.285669999999996,28.1468,2.746233,3.41369,1.0,0.0,1.0,0.0,0.0,0.0,0.0,0.0,0.0,0.0,0.0,0.0,0.0,0.0,0.0,0.0,0.0,0,0,0.0,0,0,0,0,0.0,0,0,0
2,2,20.766,29.776,10,1.49570140694857,2.612473510712364,0.12419136451202548,1.5919374984622967,0.5845273914848115,1.524555187219002,0.5686458057471282,0.6095159564658837,0.5658602290789557,0.27454742003526456,0.5220954080534711,52.59582,27.651,3.0436199999999998,3.71447,1.0,0.0,1.0,0.0,0.0,0.0,0.0,0.0,0.0,0.0,0.0,0.0,0.0,0.0,0.0,0.0,0.0,0,0,0.0,0,0,0,0,0.0,0,0,0
2,3,30.775,39.791,10,0.7015516945951339,2.1964029520488486,-0.19779047869733746,2.0904700687653914,0.06696059546646911,0.616305891786842,0.1932635855284361,0.08475042058507493,0.24514789265708994,0.21163970763912587,0.48911488558565874,136.36169999999998,127.394,5.997771,8.50846,1.0,0.0,1.0,0.0,0.0,0.0,0.0,0.0,0.0,0.0,0.0,0.0,0.0,0.0,0.0,0.0,0.0,0,0,0.0,0,0,0,0,0.0,0,0,0
2,4,40.787,49.797,10,0.0,0.0,0.0,0.0,0.0,0.0,0.0,0.0,0.002465203203609234,0.6003833806302009,0.006832494304424996,153.3755,153.332,8.514832,8.52015,1.0,0.0,1.0,0.0,0.0,0.0,0.0,0.0,0.0,0.0,0.0,0.0,0.0,0.0,0.0,0.0,0.0,0,0,0.0,0,0,0,0,0.0,0,0,0
2,5,50.805,59.81,10,0.0,0.0,0.0,0.0,0.0,0.0,0.0,0.0,0.0,0.7931056873313371,4.6656586121734034e-09,153.3692,153.321,8.514761,8.51877,1.0,0.0,1.0,0.0,0.0,0.0,0.0,0.0,0.0,0.0,0.0,0.0,0.0,0.0,0.0,0.0,0.0,0,0,0.0,0,0,0,0,0.0,0,0,0
2,6,60.817,69.826,10,0.2508902647382441,2.101192855794502,0.20827494176674394,1.6734022373582638,0.23746620731276882,2.298164244663765,0.7244544933991185,0.2298164244663765,0.10539665775166754,0.1974494165751318,0.07486452681246737,141.06613,25.5063,8.791557000000001,10.9205,1.0,0.0,0.9,0.0,0.0,0.0,0.0,0.0,0.0,0.0,0.0,0.0,0.0,0.0,0.0,0.0,0.0,0,0,0.0,0,0,0,0,0.0,0,0,0
2,7,70.825,79.827,10,0.20966512944626015,1.495223826712102,-0.208674689617185,1.0924606230846095,0.17989458270313122,1.1357217487002635,0.39453151580176016,0.45617001720558636,0.5444482765436113,0.8475960231064532,0.7209761318193201,16.466269,8.45136,12.127369999999999,12.2724,1.0,0.0,0.9,0.0,0.0,0.0,0.0,0.0,0.0,0.0,0.0,0.0,0.0,0.0,0.0,0.0,0.0,0,0,0.0,0,0,0,0,0.0,0,0,0
2,8,80.837,89.836,10,0.5445559619207969,3.422186792743201,0.003230922681240184,1.7391521817319513,0.03801156084709386,0.3674432027274587,0.11581897198890277,0.07348863849901718,0.08219975101617415,0.49622628031128935,0.16808046242408653,10.750581,8.46032,11.071670000000001,13.6786,1.0,0.0,1.0,0.0,0.0,0.0,0.0,0.0,0.0,0.0,0.0,0.0,0.0,0.0,0.0,0.0,0.0,0,0,0.0,0,0,0,0,0.0,0,0,0
2,9,90.844,99.855,10,0.387808189173519,2.1863796776917717,-0.0008135118236963113,1.7002032301943903,0.012934054832065889,0.10376856221173654,0.03291224566607573,0.02075371244234731,0.023757649335154354,0.29480031646539145,0.04954863920865442,14.65871,10.9063,13.32817,13.8813,1.0,0.0,0.9,0.0,0.0,0.0,0.0,0.0,0.0,0.0,0.0,0.0,0.0,0.0,0.0,0.0,0.0,0,0,0.0,0,0,0,0,0.0,0,0,0
2,10,100.851,109.868,10,0.0,0.0,0.0,0.0,0.0,0.0,0.0,0.0,0.0,0.7087130182213933,0.004099881770591363,15.328909999999999,15.3064,13.87569,13.8808,1.0,0.0,1.0,0.0,0.0,0.0,0.0,0.0,0.0,0.0,0.0,0.0,0.0,0.0,0.0,0.0,0.0,0,0,0.0,0,0,0,0,0.0,0,0,0
2,11,110.861,119.868,10,0.0,0.0,0.0,0.0,0.0,0.0,0.0,0.0,0.0,0.19380447777771645,0.0,15.329509999999999,15.3047,13.87364,13.8822,1.0,0.0,1.0,0.0,0.0,0.0,0.0,0.0,0.0,0.0,0.0,0.0,0.0,0.0,0.0,0.0,0.0,0,0,0.0,0,0,0,0,0.0,0,0,0
2,12,120.87,129.877,10,0.0,0.0,0.0,0.0,0.0,0.0,0.0,0.0,0.0,0.0,0.0,15.32792,15.3085,13.8756,13.8819,1.0,0.0,1.0,0.0,0.0,0.0,0.0,0.0,0.0,0.0,0.0,0.0,0.0,0.0,0.0,0.0,0.0,0,0,0.0,0,0,0,0,0.0,0,0,0
2,13,130.878,139.893,10,0.0,0.0,0.0,0.0,0.0,0.0,0.0,0.0,0.0,0.0,0.0,15.32668,15.3143,13.87461,13.8815,1.0,0.0,1.0,0.0,0.0,0.0,0.0,0.0,0.0,0.0,0.0,0.0,0.0,0.0,0.0,0.0,0.0,0,0,0.0,0,0,0,0,0.0,0,0,0
2,14,140.887,149.903,10,0.0,0.0,0.0,0.0,0.0,0.0,0.0,0.0,0.0,0.0,0.0,15.32666,15.3129,13.8756,13.8804,1.0,0.0,1.0,0.0,0.0,0.0,0.0,0.0,0.0,0.0,0.0,0.0,0.0,0.0,0.0,0.0,0.0,0,0,0.0,0,0,0,0,0.0,0,0,0
2,15,150.904,159.917,10,0.0,0.0,0.0,0.0,0.0,0.0,0.0,0.0,0.0,0.0,0.0,15.329159999999998,15.3036,13.875739999999999,13.8819,1.0,0.0,1.0,0.0,0.0,0.0,0.0,0.0,0.0,0.0,0.0,0.0,0.0,0.0,0.0,0.0,0.0,0,0,0.0,0,0,0,0,0.0,0,0,0
2,16,160.916,169.928,10,0.0,0.0,0.0,0.0,0.0,0.0,0.0,0.0,0.0,0.0,0.0,15.329150000000002,15.3071,13.873740000000002,13.8822,1.0,0.0,1.0,0.0,0.0,0.0,0.0,0.0,0.0,0.0,0.0,0.0,0.0,0.0,0.0,0.0,0.0,0,0,0.0,0,0,0,0,0.0,0,0,0
2,17,170.926,179.93,10,0.0,0.0,0.0,0.0,0.0,0.0,0.0,0.0,0.0,0.0,0.0,15.32729,15.3125,13.875800000000002,13.8816,1.0,0.0,1.0,0.0,0.0,0.0,0.0,0.0,0.0,0.0,0.0,0.0,0.0,0.0,0.0,0.0,0.0,0,0,0.0,0,0,0,0,0.0,0,0,0
2,18,180.935,189.939,10,0.0,0.0,0.0,0.0,0.0,0.0,0.0,0.0,0.0,0.0,0.0,15.32756,15.3129,13.87464,13.8811,1.0,0.0,1.0,0.0,0.0,0.0,0.0,0.0,0.0,0.0,0.0,0.0,0.0,0.0,0.0,0.0,0.0,0,0,0.0,0,0,0,0,0.0,0,0,0
2,19,190.946,199.951,10,0.0,0.0,0.0,0.0,0.0,0.0,0.0,0.0,0.0,0.0,0.0,15.32747,15.3091,13.87537,13.8798,1.0,0.0,1.0,0.0,0.0,0.0,0.0,0.0,0.0,0.0,0.0,0.0,0.0,0.0,0.0,0.0,0.0,0,0,0.0,0,0,0,0,0.0,0,0,0
2,20,200.955,209.96,10,0.0,0.0,0.0,0.0,0.0,0.0,0.0,0.0,0.0,0.0,0.0,15.32878,15.3046,13.87578,13.8822,1.0,0.0,1.0,0.0,0.0,0.0,0.0,0.0,0.0,0.0,0.0,0.0,0.0,0.0,0.0,0.0,0.0,0,0,0.0,0,0,0,0,0.0,0,0,0
2,21,210.965,219.981,10,0.0,0.0,0.0,0.0,0.0,0.0,0.0,0.0,0.0,0.0,0.0,15.32809,15.3099,13.873920000000002,13.8815,1.0,0.0,1.0,0.0,0.0,0.0,0.0,0.0,0.0,0.0,0.0,0.0,0.0,0.0,0.0,0.0,0.0,0,0,0.0,0,0,0,0,0.0,0,0,0
2,22,220.975,229.986,10,0.0,0.0,0.0,0.0,0.0,0.0,0.0,0.0,0.0,0.0,0.0,15.32654,15.3136,13.87578,13.8814,1.0,0.0,0.6,0.0,0.0,0.0,0.0,0.0,0.0,0.0,0.0,0.0,0.0,0.0,0.0,0.0,0.0,0,0,0.0,0,0,0,0,0.0,0,0,0
2,23,230.989,239.995,10,0.0,0.0,0.0,0.0,0.0,0.0,0.0,0.0,0.0,0.0,0.0,15.329239999999999,15.3123,13.87439,13.8801,1.0,0.0,0.0,0.0,0.0,0.0,0.0,0.0,0.0,0.0,0.0,0.0,0.0,0.0,0.0,0.0,0.0,0,0,0.0,0,0,0,0,0.0,0,0,0
2,24,240.994,249.003,9,0.0,0.0,0.0,0.0,0.0,0.0,0.0,0.0,0.0,0.0,0.0,15.327411111111111,15.3077,13.874888888888888,13.8811,1.0,0.0,0.0,0.0,0.0,0.0,0.0,0.0,0.0,0.0,0.0,0.0,0.0,0.0,0.0,0.0,0.0,0,0,0.0,0,0,0,0,0.0,0,0,0
2,25,250.006,259.016,10,0.0,0.0,0.0,0.0,0.0,0.0,0.0,0.0,0.0,0.0,0.0,15.33024,15.3047,13.87551,13.8822,1.0,0.0,0.0,0.0,0.0,0.0,0.0,0.0,0.0,0.0,0.0,0.0,0.0,0.0,0.0,0.0,0.0,0,0,0.0,0,0,0,0,0.0,0,0,0
2,26,260.015,269.021,10,0.0,0.0,0.0,0.0,0.0,0.0,0.0,0.0,0.0,0.0,0.0,15.32623,15.3085,13.87446,13.8819,1.0,0.0,0.0,0.0,0.0,0.0,0.0,0.0,0.0,0.0,0.0,0.0,0.0,0.0,0.0,0.0,0.0,0,0,0.0,0,0,0,0,0.0,0,0,0
2,27,270.029,279.034,10,0.0,0.0,0.0,0.0,0.0,0.0,0.0,0.0,0.0,0.0,0.0,15.325280000000001,15.313,13.875980000000002,13.8815,1.0,0.0,0.0,0.0,0.0,0.0,0.0,0.0,0.0,0.0,0.0,0.0,0.0,0.0,0.0,0.0,0.0,0,0,0.0,0,0,0,0,0.0,0,0,0
2,28,280.032,289.053,10,0.0,0.0,0.0,0.0,0.0,0.0,0.0,0.0,0.0,0.0,0.0,15.32902,15.308,13.875720000000001,13.8804,1.0,0.0,0.0,0.0,0.0,0.0,0.0,0.0,0.0,0.0,0.0,0.0,0.0,0.0,0.0,0.0,0.0,0,0,0.0,0,0,0,0,0.0,0,0,0
2,29,290.046,299.054,10,0.1378435307356153,1.1143114873732667,0.0005921740499677197,1.1154269142875541,0.01982625280150367,0.19826252801503672,0.0626961163190458,0.03965250560300734,0.02659970940195471,0.22295264890563155,0.01880883489571374,18.02989,15.3036,14.12569,14.8627,1.0,0.0,0.0,0.0,0.0,0.0,0.0,0.0,0.0,0.0,0.0,0.0,0.0,0.0,0.0,0.0,0.0,0,0,0.0,0,0,0,0,0.0,0,0,0
2,30,300.055,309.064,10,0.0,0.0,0.0,0.0,0.0,0.0,0.0,0.0,0.01773313960130314,0.6147648488619467,0.04388728142333206,24.47167,24.4513,14.63576,14.6426,1.0,0.0,0.0,0.0,0.0,0.0,0.0,0.0,0.0,0.0,0.0,0.0,0.0,0.0,0.0,0.0,0.0,0,0,0.0,0,0,0,0,0.0,0,0,0
2,31,310.064,319.079,10,0.21638814278177185,2.1638814278177185,0.21574092002170678,2.1574092002170677,0.026119780699875667,0.26119780699875667,0.08259799899571402,0.026119780699875667,0.011681121040461805,0.6303344528196058,0.008259799899571402,26.06354,24.4579,14.42013,14.6417,1.0,0.0,0.1,0.0,0.0,0.0,0.0,0.0,0.0,0.0,0.0,0.0,0.0,0.0,0.0,0.0,0.0,0,0,0.0,0,0,0,0,0.0,0,0,0
2,32,320.079,329.087,10,0.2702201685305874,1.4345571212267074,-0.21760267413901563,0.3956701402791832,0.08355441919333832,0.7077564975283878,0.22296874344167472,0.11543151880580187,0.15541074054270934,0.5076953372476898,0.22715585005557698,6.854488000000001,6.65697,13.551269999999999,13.6931,1.0,0.0,0.2,0.0,0.0,0.0,0.0,0.0,0.0,0.0,0.0,0.0,0.0,0.0,0.0,0.0,0.0,0,0,0.0,0,0,0,0,0.0,0,0,0
2,33,330.092,339.1,10,0.06923247982015576,0.3879429021676117,0.030114845165180808,0.38639731291594787,0.037749268358762446,0.25420428269424045,0.08535531912001895,0.050078108448100844,0.02786780080885576,0.4887202230009865,0.024272698301706246,7.900543999999999,6.65764,13.56399,13.6914,1.0,0.0,0.0,0.0,0.0,0.0,0.0,0.0,0.0,0.0,0.0,0.0,0.0,0.0,0.0,0.0,0.0,0,0,0.0,0,0,0,0,0.0,0,0,0
2,34,340.1,349.116,10,0.3261811757753159,1.5723505204371997,-0.03061548064894466,0.9988023557183605,0.09325299754231998,0.3638373275161142,0.15579901922629008,0.11927485870315466,0.1667027874647457,0.5291160503434058,0.14479722182138627,29.451190000000004,27.9399,14.472800000000001,14.9035,1.0,0.0,0.1,0.0,0.0,0.0,0.0,0.0,0.0,0.0,0.0,0.0,0.0,0.0,0.0,0.0,0.0,0,0,0.0,0,0,0,0,0.0,0,0,0
2,35,350.114,359.115,10,0.8969853284727491,2.9308246386469903,0.2895328648998128,2.9308246386469903,0.26681847885416754,1.0753062672158278,0.44340761600953665,0.414993610191038,0.2842863916405426,0.3683281688873491,0.2449168540019299,28.041379,7.56141,13.11798,14.5801,1.0,0.0,0.0,0.0,0.0,0.0,0.0,0.0,0.0,0.0,0.0,0.0,0.0,0.0,0.0,0.0,0.0,0,0,0.0,0,0,0,0,0.0,0,0,0
2,36,360.122,369.138,10,0.33766294079085224,1.6974725595040272,-0.2920703388356215,1.6808187927736307,0.38899628993556834,2.538696278699152,0.864908721948277,0.8817201534481647,0.8570668457761433,0.13003701734351408,0.815367545145282,99.569457,8.26387,13.8255,14.8676,1.0,0.0,0.0,0.0,0.0,0.0,0.0,0.0,0.0,0.0,0.0,0.0,0.0,0.0,0.0,0.0,0.0,0,0,0.0,0,0,0,0,0.0,0,0,0
2,37,370.128,379.365,10,1.6273716548509973,3.9276415751383698,0.2447839058501538,3.7287871073437224,0.7371057178761712,2.557363502778379,0.8567519090300035,1.0905472298188723,0.7782415608969292,0.14960133116361057,0.7115747756557476,65.0466,12.9446,11.615351,12.9836,1.0,0.0,0.5,0.0,0.0,0.0,0.0,0.0,0.0,0.0,0.0,0.0,0.0,0.0,0.0,0.0,0.0,0,0,0.0,0,0,0,0,0.0,0,0,0
2,38,380.371,389.383,10,0.0019880738071539916,0.019880738071539915,-0.24319580687096595,0.0,0.0,0.0,0.0,0.08103216824663907,0.28986329911642483,0.13887439778046146,0.6436826591003248,43.32733,43.3003,11.4115,11.4181,1.0,0.0,0.0,0.0,0.0,0.0,0.0,0.0,0.0,0.0,0.0,0.0,0.0,0.0,0.0,0.0,0.0,0,0,0.0,0,0,0,0,0.0,0,0,0
2,39,390.385,399.394,10,0.3165297466359388,2.553986792806118,0.25559314135461114,1.9446207399928412,0.2939604666967074,1.4931077966402861,0.6048708116958756,0.29268189333876454,0.21892103083595799,0.4409481167164322,0.1651225447106845,51.02118,39.3358,11.123608,11.4175,1.0,0.0,0.2,0.0,0.0,0.0,0.0,0.0,0.0,0.0,0.0,0.0,0.0,0.0,0.0,0.0,0.0,0,0,0.0,0,0,0,0,0.0,0,0,0
2,40,400.398,409.405,10,1.3976895265463924,3.2602817855420394,0.07252413971593405,2.271122758701875,0.8592938851715051,1.8154198197559246,0.5832293876306283,0.8163074713244528,0.658441719806808,0.3291135874703639,0.6846442985939654,45.71333,10.6538,11.398526,13.598,1.0,0.0,0.5,0.0,0.0,0.0,0.0,0.0,0.0,0.0,0.0,0.0,0.0,0.0,0.0,0.0,0.0,0,0,0.0,0,0,0,0,0.0,0,0,0
2,41,410.408,419.417,10,0.9011064611887241,3.8408921765330093,-0.3254660786126567,3.283957068880573,0.5239130903138063,2.052479054793185,0.7404088949143971,0.8239864817182317,0.7024557924587312,0.13779719884761982,0.6648803049433154,60.066605,8.42049,12.722823,14.4952,1.0,0.0,0.8,0.0,0.0,0.0,0.0,0.0,0.0,0.0,0.0,0.0,0.0,0.0,0.0,0.0,0.0,0,0,0.0,0,0,0,0,0.0,0,0,0
2,42,420.413,429.425,10,0.0,0.0,0.0,0.0,0.0,0.0,0.0,0.0,0.011348984549403337,0.22142349441390544,0.278020819011553,8.429677,8.42049,13.27722,13.2835,1.0,0.0,1.0,0.0,0.0,0.0,0.0,0.0,0.0,0.0,0.0,0.0,0.0,0.0,0.0,0.0,0.0,0,0,0.0,0,0,0,0,0.0,0,0,0
2,43,430.425,439.441,10,0.0,0.0,0.0,0.0,0.0,0.0,0.0,0.0,0.0,0.48749670419664237,0.0,8.428245,8.42119,13.277930000000001,13.2847,1.0,0.0,1.0,0.0,0.0,0.0,0.0,0.0,0.0,0.0,0.0,0.0,0.0,0.0,0.0,0.0,0.0,0,0,0.0,0,0,0,0,0.0,0,0,0
2,44,440.436,449.447,10,0.19217884431208393,1.9118183334496546,-0.00015307244350466122,1.9061000333496059,0.02468271095872631,0.24018059076407935,0.07574704241278406,0.04870076369408382,0.03215317894720852,0.2990400777065275,0.022765058498597005,9.759473,8.42245,12.71157,13.2835,1.0,0.0,0.7,0.0,0.0,0.0,0.0,0.0,0.0,0.0,0.0,0.0,0.0,0.0,0.0,0.0,0.0,0,0,0.0,0,0,0,0,0.0,0,0,0
2,45,450.448,459.46,10,0.42153933755642914,1.9367511788395504,-0.0008871270178966162,1.9248562129554103,0.09102073724150841,0.5270933354011573,0.19081841676785027,0.1813766629380696,0.169931881319989,0.10060620441480808,0.18701852753915854,24.27218,14.9937,13.2507,13.3713,1.0,0.0,1.0,0.0,0.0,0.0,0.0,0.0,0.0,0.0,0.0,0.0,0.0,0.0,0.0,0.0,0.0,0,0,0.0,0,0,0,0,0.0,0,0,0
2,46,460.457,469.47,10,0.0,0.0,0.0,0.0,2.1052708278476153e-08,2.1221978102162152e-08,8.873781380515388e-11,1.0937579683260288e-10,8.71012946829911e-11,0.16454509204098217,0.03557939559904885,19.51199,19.49,13.36516,13.372,1.0,0.0,1.0,0.0,0.0,0.0,0.0,0.0,0.0,0.0,0.0,0.0,0.0,0.0,0.0,0.0,0.0,0,0,0.0,0,0,0,0,0.0,0,0,0
2,47,470.468,479.482,10,0.0,0.0,0.0,0.0,2.1048300218026744e-08,2.1158056481372508e-08,5.597660810745488e-11,7.364640399804711e-11,5.998643884547819e-11,0.26420247478002645,7.137443017549481e-11,19.50946,19.4883,13.3661,13.3737,1.0,0.0,1.0,0.0,0.0,0.0,0.0,0.0,0.0,0.0,0.0,0.0,0.0,0.0,0.0,0.0,0.0,0,0,0.0,0,0,0,0,0.0,0,0,0
2,48,480.481,489.489,10,0.0,0.0,0.0,0.0,2.105901169412323e-08,2.120062802358855e-08,8.770863671034204e-11,1.3470095986787594e-10,8.754489737840478e-11,0.0,8.008487660593164e-11,19.50919,19.4923,13.367320000000001,13.3732,1.0,0.0,1.0,0.0,0.0,0.0,0.0,0.0,0.0,0.0,0.0,0.0,0.0,0.0,0.0,0.0,0.0,0,0,0.0,0,0,0,0,0.0,0,0,0
2,49,490.497,499.505,10,0.18424116357990958,1.8424116357990958,0.18332454087553193,1.8332454087553194,0.01629237392663708,0.162923549834359,0.05152094353968988,0.016292352979059843,0.007286161774895224,0.09999984972908307,0.00515209442790949,18.97036,14.1198,13.19186,13.3726,1.0,0.0,0.9,0.0,0.0,0.0,0.0,0.0,0.0,0.0,0.0,0.0,0.0,0.0,0.0,0.0,0.0,0,0,0.0,0,0,0,0,0.0,0,0,0
2,50,500.502,509.51,10,0.7331085189182054,2.881014344257199,-0.18439874525457225,1.746831545954154,0.7363074810042016,3.1124447120182035,1.0178305258723108,1.1354250015322678,0.8187866242786257,0.445865723007486,0.6343418527386786,69.23881,10.6394,10.978503,12.5736,1.0,0.0,0.5,0.0,0.0,0.0,0.0,0.0,0.0,0.0,0.0,0.0,0.0,0.0,0.0,0.0,0.0,0,0,0.0,0,0,0,0,0.0,0,0,0
2,51,510.511,519.52,10,1.032659021088101,3.3384744380987272,-0.0025281223475194904,3.191348654560451,0.9735899496028221,2.543303388061338,0.9425078262030624,1.4350270876692335,1.0524912906480657,0.16141138817636705,1.092955011907617,66.036956,8.68356,11.035228,13.4162,1.0,0.0,0.8,0.0,0.0,0.0,0.0,0.0,0.0,0.0,0.0,0.0,0.0,0.0,0.0,0.0,0.0,0,0,0.0,0,0,0,0,0.0,0,0,0
2,52,520.52,529.532,10,0.14663352007799896,1.4303156728844695,0.00013929032417469775,1.4303156728844695,0.027912885797775473,0.2791288579777547,0.08826829518913662,0.12452915100237198,0.22183482691666717,0.1736795486578668,0.5310570626333309,142.9127,142.877,10.28369,10.2927,1.0,0.0,1.0,0.0,0.0,0.0,0.0,0.0,0.0,0.0,0.0,0.0,0.0,0.0,0.0,0.0,0.0,0,0,0.0,0,0,0,0,0.0,0,0,0
2,53,530.532,539.539,10,0.0,0.0,0.0,0.0,0.0,0.0,0.0,0.0,0.0,0.6184250531319267,0.0,142.9035,142.886,10.28755,10.2927,1.0,0.0,0.0,0.0,0.0,0.0,0.0,0.0,0.0,0.0,0.0,0.0,0.0,0.0,0.0,0.0,0.0,0,0,0.0,0,0,0,0,0.0,0,0,0
2,54,540.534,549.549,10,0.44550136407656665,1.3771735319176643,-0.00011353783177430188,1.150547133780363,0.7268352260449006,2.3987371600982055,0.9843957955965318,1.2999821147980037,0.7495243502925193,0.3560538601201549,0.5979361863421339,103.20168000000001,21.938,9.999499,10.508,1.0,0.0,0.5,0.0,0.0,0.0,0.0,0.0,0.0,0.0,0.0,0.0,0.0,0.0,0.0,0.0,0.0,0,0,0.0,0,0,0,0,0.0,0,0,0
2,55,550.551,559.56,10,0.42858052480836706,1.7393941421381405,-0.0012855323210274605,1.7359222975430544,0.41994930775193995,2.2153424455336177,0.7894765079901517,0.6995064469480291,0.7385274879081305,0.1517844888882947,0.9491368718977204,56.488290000000006,22.3367,10.408637,11.816,1.0,0.0,1.0,0.0,0.0,0.0,0.0,0.0,0.0,0.0,0.0,0.0,0.0,0.0,0.0,0.0,0.0,0,0,0.0,0,0,0,0,0.0,0,0,0
2,56,560.563,569.569,10,0.08951026529490971,0.3986449366959114,0.00041281797363603714,0.399043980676588,0.0059144833747500295,0.046293890616873966,0.014561757393078315,0.011350298599272893,0.012057606770328919,0.13604213843507812,0.168073688743377,19.78881,19.0156,9.776366,10.0429,1.0,0.0,1.0,0.0,0.0,0.0,0.0,0.0,0.0,0.0,0.0,0.0,0.0,0.0,0.0,0.0,0.0,0,0,0.0,0,0,0,0,0.0,0,0,0
2,57,570.573,579.582,10,0.0,0.0,0.0,0.0,0.0,0.0,0.0,0.0,0.0,0.33731951407192307,0.0058492979682332365,19.05297,19.0249,9.660658999999999,9.66713,1.0,0.0,1.0,0.0,0.0,0.0,0.0,0.0,0.0,0.0,0.0,0.0,0.0,0.0,0.0,0.0,0.0,0,0,0.0,0,0,0,0,0.0,0,0,0
2,58,580.586,589.593,10,0.20369423953018212,1.6262562456566823,-5.551115123125783e-18,1.6246316140426398,0.1677728812959633,1.6777281764562475,0.5305442108598482,0.3355457541961401,0.2250908885041157,0.5927652224579347,0.1591633021239399,39.739599999999996,19.029,9.976788,10.8472,1.0,0.0,1.0,0.0,0.0,0.0,0.0,0.0,0.0,0.0,0.0,0.0,0.0,0.0,0.0,0.0,0.0,0,0,0.0,0,0,0,0,0.0,0,0,0
2,59,590.593,599.601,10,0.4932830216100254,3.38868107311249,0.0010859950479393864,3.328041836729516,0.2341524850852028,1.328990179323215,0.44662126416073233,0.39440929675124414,0.4065335209102877,0.3322665268832442,0.5761618566604046,30.84162,16.6579,9.536479,11.0061,1.0,0.0,0.2,0.0,0.0,0.0,0.0,0.0,0.0,0.0,0.0,0.0,0.0,0.0,0.0,0.0,0.0,0,0,0.0,0,0,0,0,0.0,0,0,0
2,60,600.601,609.613,10,1.1131424660895433,2.7310346903647242,0.08046592424751078,1.5516235956693027,0.6303418421230057,1.7884378358902229,0.6107425992142441,0.7839011306828916,0.4690286734219784,0.20844598961786526,0.43175642702396233,53.153504999999996,7.64144,10.32713,13.1687,1.0,0.0,0.7,0.0,0.0,0.0,0.0,0.0,0.0,0.0,0.0,0.0,0.0,0.0,0.0,0.0,0.0,0,0,0.0,0,0,0,0,0.0,0,0,0
2,61,610.615,619.629,10,2.077609566386892,4.1461009370096855,0.2547607182253297,2.1327638206467565,0.23965343451653204,1.6677346521495335,0.5256135808735922,0.2902551875978326,0.39482274812196116,0.2954636767838917,0.5389549473664654,28.555759000000002,7.97243,8.920725000000001,11.9683,1.0,0.0,0.6,0.0,0.0,0.0,0.0,0.0,0.0,0.0,0.0,0.0,0.0,0.0,0.0,0.0,0.0,0,0,0.0,0,0,0,0,0.0,0,0,0
2,62,620.63,629.646,10,0.564399971687143,2.005309935224309,-0.13417217206304083,2.0113439671256863,0.1837371269551757,0.9053436056324624,0.320494928713738,0.20702603561503907,0.36840055362297164,0.5075214965129097,0.5380909596339917,24.791710000000002,21.9615,5.752944,6.24885,1.0,0.0,1.0,0.0,0.0,0.0,0.0,0.0,0.0,0.0,0.0,0.0,0.0,0.0,0.0,0.0,0.0,0,0,0.0,0,0,0,0,0.0,0,0,0
2,63,630.648,639.658,10,0.6791310657146443,3.980332773806771,-0.1993657346348487,1.9710806772280058,0.01983139200654759,0.15347212888071557,0.049025661637172806,0.04025257040008574,0.07720017011854043,0.3219480118844982,0.1283613019745098,122.55466999999999,87.0277,4.462008,4.59497,1.0,0.0,1.0,0.0,0.0,0.0,0.0,0.0,0.0,0.0,0.0,0.0,0.0,0.0,0.0,0.0,0.0,0,0,0.0,0,0,0,0,0.0,0,0,0
2,64,640.658,649.666,10,0.0,0.0,0.0,0.0,0.0,0.0,0.0,0.0,0.0,0.9857909256041172,0.0014180291527338884,126.48859999999999,126.464,4.589316999999999,4.59618,1.0,0.0,1.0,0.0,0.0,0.0,0.0,0.0,0.0,0.0,0.0,0.0,0.0,0.0,0.0,0.0,0.0,0,0,0.0,0,0,0,0,0.0,0,0,0
2,65,650.668,659.676,10,1.1493458292058911,3.6021994120211924,0.3203807712658856,3.608775820203285,0.6906331086058822,2.8749675719221734,1.0214179972489288,0.8808468624882864,0.45962533806869044,0.6063174789093115,0.37048977875183375,116.14815000000002,34.823,6.517841,9.35463,1.0,0.0,1.0,0.0,0.0,0.0,0.0,0.0,0.0,0.0,0.0,0.0,0.0,0.0,0.0,0.0,0.0,0,0,0.0,0,0,0,0,0.0,0,0,0
2,66,660.68,669.692,10,1.0467689297192269,2.8142474233958765,-0.08389982522629698,2.3461116989383233,0.8702765306683151,2.5694101810804275,1.058233772608698,1.176700430287727,1.1930939632442137,0.19078151399472112,1.137949769769288,90.71193,18.5371,7.3465609999999995,9.46429,1.0,0.0,1.0,0.0,0.0,0.0,0.0,0.0,0.0,0.0,0.0,0.0,0.0,0.0,0.0,0.0,0.0,0,0,0.0,0,0,0,0,0.0,0,0,0
2,67,670.691,679.707,10,1.638195060412509,3.8169756288173597,0.08401777217269654,3.518681548854077,1.134807354490965,2.942457300769124,1.2327709973953223,1.7493697198645783,1.167909658168718,0.09821638931893648,1.12346955354664,91.93508,16.4571,7.889823,9.69004,1.0,0.0,1.0,0.0,0.0,0.0,0.0,0.0,0.0,0.0,0.0,0.0,0.0,0.0,0.0,0.0,0.0,0,0,0.0,0,0,0,0,0.0,0,0,0
2,68,680.703,689.713,10,0.7461288657974181,3.2207686884002826,-0.006790322747498845,3.211135282552625,0.42930258305063884,1.3521083206697022,0.6085391937618406,0.5615056138088178,0.785873413982076,0.11221860889851018,0.9550582832171226,126.89016000000001,80.641,9.09758,9.73684,1.0,0.0,1.0,0.0,0.0,0.0,0.0,0.0,0.0,0.0,0.0,0.0,0.0,0.0,0.0,0.0,0.0,0,0,0.0,0,0,0,0,0.0,0,0,0
2,69,690.715,699.726,10,0.5558772122889474,3.681668542888518,-0.3199486985666792,3.136075625421219,0.04563118416976951,0.40021518060267414,0.12576605796641518,0.0426154724710769,0.1076215498541436,0.10859391256020046,0.2929035071388572,159.61769999999999,148.674,7.050053,7.87493,1.0,0.0,1.0,0.0,0.0,0.0,0.0,0.0,0.0,0.0,0.0,0.0,0.0,0.0,0.0,0.0,0.0,0,0,0.0,0,0,0,0,0.0,0,0,0
2,70,700.733,709.738,10,0.6124586975480784,1.8693064157558585,0.08497915506639378,1.715942473530822,0.06662123099213517,0.40237762696805845,0.1269446716700279,0.10702845215358661,0.08142105405417886,0.21431099295560121,0.06382926570900153,69.71182,20.2401,2.881294,6.99631,1.0,0.0,1.0,0.0,0.0,0.0,0.0,0.0,0.0,0.0,0.0,0.0,0.0,0.0,0.0,0.0,0.0,0,0,0.0,0,0,0,0,0.0,0,0,0
2,71,710.743,719.752,10,1.5686234517140092,3.626735386080992,0.14397971295616596,1.5928585764152459,0.5848742464621525,1.1591018802878175,0.4452689187772151,0.6564309871007014,0.4763467869026686,0.3287573355620944,0.4513214849350515,43.48294,16.0676,8.039494999999999,13.4452,1.0,0.0,1.0,0.0,0.0,0.0,0.0,0.0,0.0,0.0,0.0,0.0,0.0,0.0,0.0,0.0,0.0,0,0,0.0,0,0,0,0,0.0,0,0,0
2,72,720.752,729.782,10,0.4486376547280718,1.5422863350157612,-0.16543831218747646,1.2748124167488137,0.6753287685926483,3.112031051857823,1.1430287689308412,0.534217632592259,0.5204152010936035,0.2745605954312912,0.5465979493107531,29.026927,7.66997,10.111153,14.3685,1.0,0.0,1.0,0.0,0.0,0.0,0.0,0.0,0.0,0.0,0.0,0.0,0.0,0.0,0.0,0.0,0.0,0,0,0.0,0,0,0,0,0.0,0,0,0
2,73,730.767,739.783,10,1.0230493989252891,2.3401937219810174,0.08285740981446883,2.3191221618838456,0.9957090235533326,2.8946815049844834,0.9037447958474641,0.8803120742398212,1.061888034731622,0.30350262308003073,1.0663598301468915,67.971169,7.37709,11.96627,15.1656,1.0,0.0,0.5,0.0,0.0,0.0,0.0,0.0,0.0,0.0,0.0,0.0,0.0,0.0,0.0,0.0,0.0,0,0,0.0,0,0,0,0,0.0,0,0,0
2,74,740.788,749.79,10,0.5429159322045616,2.3232383562362586,-0.15016835545216728,1.1361461571929086,0.06696329783672297,0.5928078459057247,0.1859338465496036,0.2492621947643728,0.3074061488386314,0.08718834397495867,0.678370326466149,15.80693,13.6939,6.267434,7.35476,1.0,0.0,0.2,0.0,0.0,0.0,0.0,0.0,0.0,0.0,0.0,0.0,0.0,0.0,0.0,0.0,0.0,0,0,0.0,0,0,0,0,0.0,0,0,0
2,75,750.799,759.809,10,0.0,0.0,0.0,0.0,0.0,0.0,0.0,0.0,1.4822052538817065e-08,0.43904572169056066,0.03771156240990061,16.614449999999998,15.0727,5.822314,5.97015,1.0,0.0,0.0,0.0,0.0,0.0,0.0,0.0,0.0,0.0,0.0,0.0,0.0,0.0,0.0,0.0,0.0,0,0,0.0,0,0,0,0,0.0,0,0,0
2,76,760.821,769.827,10,0.12111865888910138,0.9163957764286232,-0.00016398778032116756,0.9173130895181414,0.0021484617648393762,0.021484498538032935,0.006793990791564308,0.00429689827642857,0.004804085663462008,0.9449267431428046,0.006114597168745571,31.259269999999997,27.5857,11.805341,12.8613,1.0,0.0,0.9,0.0,0.0,0.0,0.0,0.0,0.0,0.0,0.0,0.0,0.0,0.0,0.0,0.0,0.0,0,0,0.0,0,0,0,0,0.0,0,0,0
2,77,770.831,779.837,10,0.011191542878999457,0.11191542878999457,0.01120274562462408,0.1120274562462408,0.0008383727077221667,0.008383593129002763,0.002651120219917987,0.0008383578942128195,0.00037493835645862266,0.9974569918466972,0.0009445396405569189,27.38247,20.7501,8.339507000000001,12.5717,1.0,0.0,1.0,0.0,0.0,0.0,0.0,0.0,0.0,0.0,0.0,0.0,0.0,0.0,0.0,0.0,0.0,0,0,0.0,0,0,0,0,0.0,0,0,0
2,78,780.838,789.848,10,1.2381937240519754,3.6670368861461027,0.005103814064772649,3.634421924403364,0.5718149237035006,2.1742810830837977,0.8132869450661248,0.8689968900531918,0.5851762765879361,0.581627429354644,0.46351623625423777,61.47116,24.5259,5.3716479999999995,11.2792,1.0,0.0,0.9,0.0,0.0,0.0,0.0,0.0,0.0,0.0,0.0,0.0,0.0,0.0,0.0,0.0,0.0,0,0,0.0,0,0,0,0,0.0,0,0,0
2,79,790.85,799.858,10,0.5049661833196648,3.732856527937053,-0.01108255542354971,2.52719509945906,0.29966759161936074,1.9367389458768562,0.6646985209612483,0.3873477870995612,0.49753475842167844,0.07447923293693262,0.8172633232559583,50.32717,40.5872,4.47625,5.38829,1.0,0.0,1.0,0.0,0.0,0.0,0.0,0.0,0.0,0.0,0.0,0.0,0.0,0.0,0.0,0.0,0.0,0,0,0.0,0,0,0,0,0.0,0,0,0
2,80,800.861,809.867,10,0.20235661605290947,0.9123197624665926,0.0015570828878383347,0.9141480585837601,0.09955265604672288,0.8743222099299999,0.27433581176988076,0.19664300963285164,0.21012848326247552,0.3931244244657529,0.28150712591725197,28.305590000000002,17.5504,10.485335000000001,14.3976,1.0,0.0,0.6,0.0,0.0,0.0,0.0,0.0,0.0,0.0,0.0,0.0,0.0,0.0,0.0,0.0,0.0,0,0,0.0,0,0,0,0,0.0,0,0,0
2,81,810.872,819.878,10,0.06956527683542482,0.6956527683542482,0.06949578105437046,0.6949578105437045,1.93945254488486e-06,1.93945254488486e-05,6.133087455646104e-06,1.93945254488486e-06,0.00974053982758462,0.3900290299755733,0.048073844370682545,26.18336,25.0662,13.83544,14.3992,1.0,0.0,0.0,0.0,0.0,0.0,0.0,0.0,0.0,0.0,0.0,0.0,0.0,0.0,0.0,0.0,0.0,0,0,0.0,0,0,0,0,0.0,0,0,0
2,82,820.879,829.893,10,0.4502538924572404,1.8787229328109116,-0.06923528304173507,0.8886469863388672,0.04075161722040489,0.35133655008006953,0.10973041579937366,0.0742514379398662,0.0800421495712029,0.4336716031949476,0.08803421822315814,11.236273,5.97041,15.61227,16.4003,1.0,0.0,0.2,0.0,0.0,0.0,0.0,0.0,0.0,0.0,0.0,0.0,0.0,0.0,0.0,0.0,0.0,0,0,0.0,0,0,0,0,0.0,0,0,0
2,83,830.894,839.907,10,0.0,0.0,0.0,0.0,2.1044047595850493e-08,2.1136834759726197e-08,4.458043512463875e-11,5.0492479513365615e-11,4.31644596322185e-11,0.5017284078636537,0.024384998737652826,8.849628,8.82975,16.39499,16.4019,1.0,0.0,0.0,0.0,0.0,0.0,0.0,0.0,0.0,0.0,0.0,0.0,0.0,0.0,0.0,0.0,0.0,0,0,0.0,0,0,0,0,0.0,0,0,0
2,84,840.907,849.923,10,0.0,0.0,0.0,0.0,2.1040058284307886e-08,2.1136834759726197e-08,8.327634965554172e-11,1.1743928401580345e-10,8.010625870012453e-11,0.3457657772631982,7.611433573424e-11,8.846452,8.83229,16.39403,16.4021,1.0,0.0,0.0,0.0,0.0,0.0,0.0,0.0,0.0,0.0,0.0,0.0,0.0,0.0,0.0,0.0,0.0,0,0,0.0,0,0,0,0,0.0,0,0,0
2,85,850.929,859.936,10,0.0,0.0,0.0,0.0,2.10463660905999e-08,2.1136834759726197e-08,8.389111313400885e-11,1.1542138125190645e-10,8.357547623955942e-11,0.0,8.188910191924498e-11,8.845377,8.83651,16.395590000000002,16.4012,1.0,0.0,0.0,0.0,0.0,0.0,0.0,0.0,0.0,0.0,0.0,0.0,0.0,0.0,0.0,0.0,0.0,0,0,0.0,0,0,0,0,0.0,0,0,0
2,86,860.943,869.952,10,0.0,0.0,0.0,0.0,2.1040295549927988e-08,2.124337122524901e-08,1.1196984894936126e-10,1.7035052695354669e-10,1.1092150045059695e-10,0.0,1.0501196725490672e-10,8.848428,8.8338,16.395220000000002,16.4002,1.0,0.0,0.0,0.0,0.0,0.0,0.0,0.0,0.0,0.0,0.0,0.0,0.0,0.0,0.0,0.0,0.0,0,0,0.0,0,0,0,0,0.0,0,0,0
2,87,870.957,879.984,10,0.25052587433305445,2.2471537968545108,0.029811529729177312,2.2539155434849656,0.02663483216607563,0.26634813879736574,0.08422667048946905,0.05326962427949783,0.023822900016792752,0.1930687808459326,0.016845334143034955,9.159693,8.83046,14.249452999999999,16.4017,1.0,0.0,0.2,0.0,0.0,0.0,0.0,0.0,0.0,0.0,0.0,0.0,0.0,0.0,0.0,0.0,0.0,0,0,0.0,0,0,0,0,0.0,0,0,0
2,88,880.986,889.988,10,0.8730474994628729,2.160722708015895,0.1372902427732649,2.066541614490312,0.12325268645848517,0.38607275221390186,0.1598819647487018,0.16051717126661877,0.1329272367548904,0.34130181284146105,0.118395761756852,19.88346,10.7239,7.340989,15.7739,1.0,0.0,0.5,0.0,0.0,0.0,0.0,0.0,0.0,0.0,0.0,0.0,0.0,0.0,0.0,0.0,0.0,0,0,0.0,0,0,0,0,0.0,0,0,0
2,89,890.994,899.999,10,0.0,0.0,-0.1630182214867368,0.0,2.1050648592946934e-08,2.1179320859745747e-08,9.418981232447035e-11,0.008428691306855878,0.052918104297641676,0.4157689632352655,0.12190473497800755,30.59507,29.1017,3.6471690000000003,3.79022,1.0,0.0,1.0,0.0,0.0,0.0,0.0,0.0,0.0,0.0,0.0,0.0,0.0,0.0,0.0,0.0,0.0,0,0,0.0,0,0,0,0,0.0,0,0,0
2,90,901.008,909.014,9,0.0,0.0,0.0,0.0,2.103879780241761e-08,2.1179320859745747e-08,1.0169611472919658e-10,1.632746644738079e-10,1.0115818042575822e-10,0.6768568240794586,9.851980536958157e-11,30.758144444444447,30.731,3.6316522222222227,3.63613,1.0,0.0,1.0,0.0,0.0,0.0,0.0,0.0,0.0,0.0,0.0,0.0,0.0,0.0,0.0,0.0,0.0,0,0,0.0,0,0,0,0,0.0,0,0,0
2,91,910.016,919.031,10,1.152592642594986,5.769671740561251,-0.0021404495088288567,4.510038776776342,0.09458528253256053,0.5796214438307385,0.18217595766248257,0.14018046589854913,0.1292934281645778,0.5963542531027739,0.10963820681036818,27.606970999999998,6.30151,4.533367,12.3494,1.0,0.0,1.0,0.0,0.0,0.0,0.0,0.0,0.0,0.0,0.0,0.0,0.0,0.0,0.0,0.0,0.0,0,0,0.0,0,0,0,0,0.0,0,0,0
2,92,920.035,929.043,10,1.172308077658807,3.9463642036382347,-0.0009168378909688357,2.2692301909005734,0.48258155092439886,2.1796957378749036,0.7286538948729544,0.581301883244074,0.525651108502637,0.6102863820983507,0.4903367510605948,13.23484,6.40012,11.0982,22.3619,1.0,0.0,0.7,0.0,0.0,0.0,0.0,0.0,0.0,0.0,0.0,0.0,0.0,0.0,0.0,0.0,0.0,0,0,0.0,0,0,0,0,0.0,0,0,0
2,93,930.042,939.053,10,0.19837834465995563,1.5344190148348495,0.0004257383287003313,1.5359549698046542,0.18135774931609516,1.7837902885961943,0.5630960304733471,0.23452193309919195,0.40192139519310127,0.3817186387039377,0.700408821271211,9.359816,2.47243,34.05245,48.2755,1.0,0.1,0.7,0.0,0.0,0.0,0.0,0.0,0.0,0.0,0.0,0.0,0.0,0.0,0.0,0.0,0.0,0,0,0.0,0,0,0,0,0.0,0,0,0
2,94,940.061,949.075,10,0.0,0.0,0.0,0.0,0.0,0.0,0.0,0.0,1.2280574994385796e-08,0.7235587443813889,0.0032817098622773553,31.3598,18.0949,65.23359,78.2666,1.0,0.0,0.0,0.0,0.0,0.0,0.0,0.0,0.0,0.0,0.0,0.0,0.0,0.0,0.0,0.0,0.0,0,0,0.0,0,0,0,0,0.0,0,0,0
2,95,950.073,959.091,10,0.0,0.0,0.0,0.0,0.09142973583942676,0.9142973583942676,0.28912621112011544,0.18285947167885352,0.12266587129748677,0.37502738314244466,0.08673786333603464,44.10035,30.9899,62.40138399999999,89.0746,1.0,0.0,0.3,0.0,0.0,0.0,0.0,0.0,0.0,0.0,0.0,0.0,0.0,0.0,0.0,0.0,0.0,0,0,0.0,0,0,0,0,0.0,0,0,0
2,96,960.093,969.104,10,0.10537399936959937,0.6522991438098412,0.039869629567149664,0.6490538744376531,0.04927083930845087,0.44372742802651627,0.13945011424219358,0.083847389099504,0.12103401534808174,0.19181899624369908,0.2303652525368224,42.10994,31.716,3.16059,3.46137,1.0,0.0,1.0,0.0,0.0,0.0,0.0,0.0,0.0,0.0,0.0,0.0,0.0,0.0,0.0,0.0,0.0,0,0,0.0,0,0,0,0,0.0,0,0,0
2,97,970.101,979.113,10,0.2506825428960708,1.3149604562678794,-0.03987178685935251,1.1966515790088639,0.09376355452550386,0.39790749369145734,0.15491352120575266,0.124586484906355,0.172043761356528,0.6790119734025323,0.16756181547919194,42.64623,18.8611,2.6921030000000004,4.09759,1.0,0.0,1.0,0.0,0.0,0.0,0.0,0.0,0.0,0.0,0.0,0.0,0.0,0.0,0.0,0.0,0.0,0,0,0.0,0,0,0,0,0.0,0,0,0
2,98,980.113,989.126,10,1.2700759847086074,3.12409362390518,0.31062871781451645,2.8446759377261452,0.6407725592178317,1.8474701077247326,0.6852834193428288,0.571650562029267,0.48335354012010046,0.20021175466791705,0.4827570871475948,37.31787,19.9897,20.946541,55.9859,1.0,0.0,0.5,0.0,0.0,0.0,0.0,0.0,0.0,0.0,0.0,0.0,0.0,0.0,0.0,0.0,0.0,0,0,0.0,0,0,0,0,0.0,0,0,0
2,99,990.125,999.137,10,0.6943565592588649,2.221623067511634,-0.3119865646897033,0.6380441073894738,0.7687259183837346,2.0536653050612843,0.8184013986634494,0.9812644088321439,0.7987542704682972,0.14121872477274072,0.7540092043200471,37.55308,10.7399,14.394366999999999,30.6447,1.0,0.0,0.5,0.0,0.0,0.0,0.0,0.0,0.0,0.0,0.0,0.0,0.0,0.0,0.0,0.0,0.0,0,0,0.0,0,0,0,0,0.0,0,0,0
2,100,1000.14,1009.151,10,0.6385202273930475,2.1731053401369103,0.06442692614958469,2.0749380633646317,0.3869696984364893,1.5731602145972738,0.6590568028414355,0.7441730931949568,0.6377897492276018,0.170162704555672,0.6989252388902837,13.486467,5.58342,12.20676,17.2336,1.0,0.0,0.6,0.0,0.0,0.0,0.0,0.0,0.0,0.0,0.0,0.0,0.0,0.0,0.0,0.0,0.0,0,0,0.0,0,0,0,0,0.0,0,0,0
2,101,1010.149,1019.158,10,0.13037389326000892,1.3037389326000892,-0.06443881811982335,0.6541565723875127,0.0007317946187049499,0.0073179461870495,0.0023141377745621006,0.07047031638564295,0.20097555051413912,0.6559356541197705,0.47783348180217944,45.997699999999995,35.9627,8.7826,11.7147,1.0,0.0,1.0,0.0,0.0,0.0,0.0,0.0,0.0,0.0,0.0,0.0,0.0,0.0,0.0,0.0,0.0,0,0,0.0,0,0,0,0,0.0,0,0,0
2,102,1020.162,1029.171,10,0.0,0.0,0.0,0.0,0.0,0.0,0.0,0.0,0.0,0.7603211700628809,0.0,12.203617,5.11818,28.383086000000002,41.8022,1.0,0.0,0.6,0.0,0.0,0.0,0.0,0.0,0.0,0.0,0.0,0.0,0.0,0.0,0.0,0.0,0.0,0,0,0.0,0,0,0,0,0.0,0,0,0
2,103,1030.172,1039.523,10,56.318990678388694,563.189906783887,-34.47312346712739,365.4704132277008,0.0,0.0,0.0,0.0,0.0,0.8997873067981853,0.0,145.5497,15.179,744.92849,828.822,1.0,0.0,0.0,0.0,0.0,0.0,0.0,0.0,0.0,0.0,0.0,0.0,0.0,0.0,0.0,0.0,0.0,0,0,0.0,0,0,0,0,0.0,0,0,0
2,104,1040.519,1049.524,10,0.0,0.0,0.0,0.0,0.0,0.0,0.0,0.0,0.0,0.9997636742202058,0.0,160.2562,159.733,847.7438,857.622,1.0,0.0,0.0,0.0,0.0,0.0,0.0,0.0,0.0,0.0,0.0,0.0,0.0,0.0,0.0,0.0,0.0,0,0,0.0,0,0,0,0,0.0,0,0,0
2,105,1050.527,1059.54,10,0.0,0.0,0.0,0.0,0.0,0.0,0.0,0.0,0.0,0.09997636742202058,0.0,160.449,160.449,857.622,857.622,1.0,0.0,0.0,0.0,0.0,0.0,0.0,0.0,0.0,0.0,0.0,0.0,0.0,0.0,0.0,0.0,0.0,0,0,0.0,0,0,0,0,0.0,0,0,0
2,106,1060.544,1069.559,10,0.0,0.0,0.0,0.0,0.0,0.0,0.0,0.0,0.0,0.0,0.0,160.449,160.449,857.622,857.622,1.0,0.0,0.0,0.0,0.0,0.0,0.0,0.0,0.0,0.0,0.0,0.0,0.0,0.0,0.0,0.0,0.0,0,0,0.0,0,0,0,0,0.0,0,0,0
2,107,1070.662,1079.668,10,0.02969376356644344,0.2969376356644344,0.02963449457728886,0.2963449457728886,0.06959330382215666,0.6959330382215666,0.22007334997411668,0.06959330382215666,0.031123071625027643,0.09930569475620935,0.022007334997411667,156.4584,120.543,857.6344999999999,857.747,1.0,0.0,0.0,0.0,0.0,0.0,0.0,0.0,0.0,0.0,0.0,0.0,0.0,0.0,0.0,0.0,0.0,0,0,0.0,0,0,0,0,0.0,0,0,0
2,108,1080.673,1089.68,10,5.097294282227553,6.684662714655205,0.4992264533781537,3.461339773986202,0.6002964719989643,1.8490235359756055,0.6296906189725638,0.5259846099914478,0.5701890939441797,0.5538280691620894,0.6155707544698681,65.67058,17.7839,851.3447,863.156,1.0,0.0,0.0,0.0,0.0,0.0,0.0,0.0,0.0,0.0,0.0,0.0,0.0,0.0,0.0,0.0,0.0,0,0,0.0,0,0,0,0,0.0,0,0,0
2,109,1090.692,1099.693,10,5.453709932126723,6.640360762655129,-0.3420346075193993,2.0363574294202604,0.2225158367507146,0.6377407677924738,0.2476599078414087,0.3209438334443492,0.2520522325131221,0.7121189388809008,0.316476587743507,68.62766,26.7458,839.8273999999999,846.12,1.0,0.0,0.0,0.0,0.0,0.0,0.0,0.0,0.0,0.0,0.0,0.0,0.0,0.0,0.0,0.0,0.0,0,0,0.0,0,0,0,0,0.0,0,0,0
2,110,1100.695,1109.704,10,0.0,0.0,-0.1924954088975616,0.0,1.4884931704114862e-08,1.4976041400851914e-08,4.874045993447564e-11,0.015153179156414846,0.027281474467154804,0.8830481178596223,0.12319015675157127,83.4203,83.4203,839.738,839.738,1.0,0.0,0.0,0.0,0.0,0.0,0.0,0.0,0.0,0.0,0.0,0.0,0.0,0.0,0.0,0.0,0.0,0,0,0.0,0,0,0,0,0.0,0,0,0
2,111,1110.706,1119.713,10,0.0,0.0,0.0,0.0,1.4887977784747432e-08,1.5006204626231275e-08,5.975086399797117e-11,7.588108045860907e-11,3.536448738502922e-11,0.8085277168667616,3.709832946137152e-11,83.4203,83.4203,839.738,839.738,1.0,0.0,0.0,0.0,0.0,0.0,0.0,0.0,0.0,0.0,0.0,0.0,0.0,0.0,0.0,0.0,0.0,0,0,0.0,0,0,0,0,0.0,0,0,0
2,112,1120.716,1129.73,10,0.0,0.0,0.0,0.0,1.4875899033995344e-08,1.4901161193847656e-08,2.1051506799857145e-11,3.5664867117244794e-11,4.076931857056956e-11,0.0,5.1686458672126384e-11,83.4203,83.4203,839.738,839.738,1.0,0.0,0.0,0.0,0.0,0.0,0.0,0.0,0.0,0.0,0.0,0.0,0.0,0.0,0.0,0.0,0.0,0,0,0.0,0,0,0,0,0.0,0,0,0
2,113,1130.726,1139.746,10,0.0,0.0,0.0,0.0,1.4878066949034111e-08,1.5006204626231275e-08,1.0785942270963051e-10,1.2869816754462777e-10,9.406718367038705e-11,0.0,7.349594449647948e-11,83.4203,83.4203,839.738,839.738,1.0,0.0,0.0,0.0,0.0,0.0,0.0,0.0,0.0,0.0,0.0,0.0,0.0,0.0,0.0,0.0,0.0,0,0,0.0,0,0,0,0,0.0,0,0,0
2,114,1140.757,1149.767,10,0.0,0.0,0.0,0.0,1.4870153971297969e-08,1.4945999191421922e-08,6.012528551338024e-11,7.266415183310573e-11,6.168834544697447e-11,0.0,8.649052816914964e-11,83.4203,83.4203,839.738,839.738,1.0,0.0,0.0,0.0,0.0,0.0,0.0,0.0,0.0,0.0,0.0,0.0,0.0,0.0,0.0,0.0,0.0,0,0,0.0,0,0,0,0,0.0,0,0,0
2,115,1150.773,1159.778,10,5.161608034362334,6.726635103919937,0.565949652023624,3.0262005287161218,0.43017726909531373,1.549046549503069,0.48146381290030477,0.4156237552417214,0.41573865617774014,0.849661981312423,0.46085086567412875,26.986285,2.22255,852.2412,927.304,1.0,0.4,0.0,0.4,0.0,0.0,2.006,0.0,0.0,0.4,0.0,2.006,0.0,0.0,0.0,0.0,0.0,0,0,0.0,0,0,0,0,0.0,0,0,0
2,116,1160.781,1169.793,10,4.89038491573671,6.562036207463154,0.08850633013735223,2.519474378776764,0.23435830341331504,0.7378186944062143,0.23570746583077845,0.23390606772676067,0.2230805236577061,0.9175413504121777,0.24793629898755962,31.823721,4.47842,790.5583,858.171,1.0,0.1,0.0,0.1,0.0,0.0,0.0,0.0,0.0,0.1,0.0,0.0,0.0,0.0,0.0,0.0,0.0,0,0,0.0,0,0,0,0,0.0,0,0,0
2,117,1170.793,1179.816,10,5.003293818922695,6.651305252495266,-0.20517035236983044,2.5999071960654416,0.1858551804176984,0.5093772676675683,0.16249141149909943,0.15804713460221417,0.13826337209377934,0.9160035811880309,0.186637493262568,25.467953,5.53279,775.0568000000001,802.637,1.0,0.0,0.0,0.0,0.0,0.0,0.0,0.0,0.0,0.0,0.0,0.0,0.0,0.0,0.0,0.0,0.0,0,0,0.0,0,0,0,0,0.0,0,0,0
2,118,1180.824,1189.833,10,1.9529329005089788,5.771319149417188,-0.37098128454625334,1.4711031001210637,0.16859379874574237,0.6717584621977862,0.24996254307010585,0.18705756404339022,0.19813887911656158,0.8296349736064345,0.22685054376118524,10.267613,1.59814,763.7999,774.294,1.0,0.2,0.0,0.2,0.0,0.0,1.003,0.0,0.0,0.2,0.0,1.003,0.0,0.0,0.0,0.0,0.0,0,0,0.0,0,0,0,0,0.0,0,0,0
2,119,1190.835,1199.847,10,1.5769316238026545,3.2049924224256516,0.02224674177235777,2.0287877423262937,0.7197785462824774,2.2149318396488558,0.7594595365359262,0.7576504590415791,0.6477760516151253,0.7450734750585344,0.5513839591774266,67.844136,6.84309,729.194,756.106,1.0,0.0,0.0,0.0,0.0,0.0,0.0,0.0,0.0,0.0,0.0,0.0,0.0,0.0,0.0,0.0,0.0,0,0,0.0,0,0,0,0,0.0,0,0,0
2,120,1200.85,1209.862,10,0.9463664520416224,3.8073922260263147,-0.1018903517987841,2.2284800797966815,4.8560828414406025e-05,0.0004856082841440603,0.00015356282285414603,0.07911597647084488,0.21892606459572664,0.5431655212218779,0.5386069733040031,9.154452000000001,9.06206,718.7909,733.31,1.0,0.0,0.0,0.0,0.0,0.0,0.0,0.0,0.0,0.0,0.0,0.0,0.0,0.0,0.0,0.0,0.0,0,0,0.0,0,0,0,0,0.0,0,0,0
2,121,1210.867,1219.875,10,2.4796962025639138,6.191902219928533,0.2540219180842831,4.52580707697804,0.3039255825990661,1.0566355668754834,0.39140880984323567,0.1367110402525695,0.1291386847940718,0.7172328423374316,0.11773823750540877,23.491979,9.39197,693.6216000000001,711.859,1.0,0.0,0.0,0.0,0.0,0.0,0.0,0.0,0.0,0.0,0.0,0.0,0.0,0.0,0.0,0.0,0.0,0,0,0.0,0,0,0,0,0.0,0,0,0
2,122,1220.884,1229.888,10,2.0636403626667774,6.40692547585828,-0.23068283791045613,2.065944249072418,0.591659181126525,1.8559211566086635,0.6216324042896203,0.3816393925930456,0.424779171257192,0.7460901999189702,0.5295660841790231,52.571549000000005,1.34959,666.8718,681.904,1.0,0.1,0.0,0.1,0.0,0.0,0.0,0.0,0.0,0.1,0.0,0.0,0.0,0.0,0.0,0.0,0.0,0,0,0.0,0,0,0,0,0.0,0,0,0
2,123,1230.889,1239.896,10,4.053696509286931,6.060845922943694,0.501749817059749,3.749524698228849,0.4999374594848775,1.7282561659596252,0.4890813307856412,0.31374332730827137,0.26909362814093896,0.536682789846504,0.3500436487919847,51.45638,11.4605,629.9275,650.505,1.0,0.0,0.0,0.0,0.0,0.0,0.0,0.0,0.0,0.0,0.0,0.0,0.0,0.0,0.0,0.0,0.0,0,0,0.0,0,0,0,0,0.0,0,0,0
2,124,1240.899,1249.912,10,2.3782835062910936,5.511226489893596,0.010596919505150293,3.858872906795266,0.2981987423838662,0.9771417556433418,0.3752271109033337,0.45165147675627865,0.4511321975181536,0.523232630852614,0.5158293509914613,65.28882999999999,11.0184,648.2043,651.346,1.0,0.0,0.0,0.0,0.0,0.0,0.0,0.0,0.0,0.0,0.0,0.0,0.0,0.0,0.0,0.0,0.0,0,0,0.0,0,0,0,0,0.0,0,0,0
2,125,1250.912,1259.926,10,4.274399076970782,6.626975196120548,-0.21565760569333164,1.1157487062269524,0.20507002522658446,0.49619519701682296,0.1481971379975626,0.18530709860808434,0.21039965699244326,0.5328942302428679,0.30434418026190707,25.23297,5.31515,611.4506,637.013,1.0,0.0,0.0,0.0,0.0,0.0,0.0,0.0,0.0,0.0,0.0,0.0,0.0,0.0,0.0,0.0,0.0,0,0,0.0,0,0,0,0,0.0,0,0,0
2,126,1260.927,1269.94,10,3.92319101906072,6.900912469911159,-0.334152384533744,2.2344988119344675,0.08400417572704143,0.4805217639864549,0.15224393544027245,0.15569437775526015,0.16620161785504892,0.8787835194932349,0.17552592213972265,36.697516,3.38651,581.2737999999999,601.857,1.0,0.1,0.0,0.1,0.0,0.0,0.0,0.0,0.0,0.1,0.0,0.0,0.0,0.0,0.0,0.0,0.0,0,0,0.0,0,0,0,0,0.0,0,0,0
2,127,1270.944,1279.953,10,0.0,0.0,0.0,0.0,0.0,0.0,0.0,0.0,0.0017548403314016753,0.9196638554590276,0.051590081459742386,50.9095,50.9095,571.329,571.329,1.0,0.0,0.0,0.0,0.0,0.0,0.0,0.0,0.0,0.0,0.0,0.0,0.0,0.0,0.0,0.0,0.0,0,0,0.0,0,0,0,0,0.0,0,0,0
2,128,1280.953,1289.996,10,0.0,0.0,0.0,0.0,0.0,0.0,0.0,0.0,0.0,0.7060628610533832,0.0,50.9095,50.9095,571.329,571.329,1.0,0.0,0.0,0.0,0.0,0.0,0.0,0.0,0.0,0.0,0.0,0.0,0.0,0.0,0.0,0.0,0.0,0,0,0.0,0,0,0,0,0.0,0,0,0
2,129,1290.992,1299.003,9,2.509374183686615,4.989231322260935,0.5540220005098531,2.2734289250188957,0.280923985416533,0.7515372810887776,0.28946527089385565,0.17079449461535193,0.2028645248528245,0.7593100529884306,0.18590032411942609,56.249377777777774,39.4383,564.3764444444445,571.329,1.0,0.0,0.0,0.0,0.0,0.0,0.0,0.0,0.0,0.0,0.0,0.0,0.0,0.0,0.0,0.0,0.0,0,0,0.0,0,0,0,0,0.0,0,0,0
2,130,1300.008,1309.019,10,5.5092365144452105,6.8012278989273645,-0.14531094125187724,1.802981668324806,0.40099695723384476,0.8198064561952203,0.30837477310670475,0.31311742227630635,0.25646815043554555,0.8754856535968102,0.29363139687077766,18.928702,2.00105,482.0111,550.303,1.0,0.4,0.0,0.4,0.0,0.0,1.001,0.0,0.0,0.4,0.0,1.001,0.0,0.0,0.0,0.0,0.0,0,0,0.0,0,0,0,0,0.0,0,0,0
2,131,1310.019,1319.042,10,4.733803156195787,6.664737534967567,0.04184752877219413,1.8753182199427891,0.4067010455144725,1.0234799809238881,0.37975465276707354,0.388054569830926,0.3254231251228105,0.8908861070793973,0.33325690588545875,31.604404,2.05262,450.02790000000005,501.865,1.0,0.2,0.0,0.2,0.0,0.0,1.005,0.0,0.0,0.2,0.0,1.005,0.0,0.0,0.0,0.0,0.0,0,0,0.0,0,0,0,0,0.0,0,0,0
2,132,1320.047,1329.051,10,4.175628311656237,6.567828726089345,-0.1326632645082444,2.377787576519459,0.4144419121770019,1.1154187653950847,0.3637330442752948,0.3666455805611449,0.33857536284524015,0.9435505312198916,0.3650270834571948,31.243159400000003,0.775564,373.79830000000004,456.181,1.0,0.3,0.0,0.3,0.0,0.0,2.0060000000000002,0.0,0.0,0.3,0.0,2.0060000000000002,0.0,0.0,0.0,0.0,0.0,0,0,0.0,0,0,0,0,0.0,0,0,0
2,133,1330.055,1339.08,10,1.7148445878706515,3.5620018405326435,-0.1067265000813878,1.684616279496557,0.9249729192530299,2.048184635662001,0.7436970555699701,0.80086748237177,0.7333786014011374,0.7754257707858513,0.665955737450894,83.90511000000001,2.1256,338.0201,423.027,1.0,0.1,0.0,0.1,0.0,0.0,0.0,0.0,0.0,0.1,0.0,0.0,0.0,0.0,0.0,0.0,0.0,0,0,0.0,0,0,0,0,0.0,0,0,0
2,134,1340.076,1349.087,10,2.4946448019343537,3.5845341288592434,0.034904540085612834,1.7397659969949544,0.9692767573113988,2.5206797813486763,0.9297159083076959,1.2189505801110458,0.8812932229890599,0.27950988723069825,0.8761016420672754,60.618961999999996,1.64163,407.8428,427.365,1.0,0.2,0.0,0.2,0.0,0.0,0.0,0.0,0.0,0.2,0.0,0.0,0.0,0.0,0.0,0.0,0.0,0,0,0.0,0,0,0,0,0.0,0,0,0
2,135,1350.091,1359.099,10,2.7357425871626804,3.922836168364963,0.09819964182450829,1.0725536444523287,0.22961573753204392,1.0020001776979384,0.3049635559587469,0.2719111833991438,0.3085687047896491,0.3451023710712172,0.5627358686281587,30.737332,9.50802,412.50879999999995,420.329,1.0,0.0,0.0,0.0,0.0,0.0,0.0,0.0,0.0,0.0,0.0,0.0,0.0,0.0,0.0,0.0,0.0,0,0,0.0,0,0,0,0,0.0,0,0,0
2,136,1360.102,1369.122,10,4.164123074416891,7.040628084772401,0.04823990685859174,3.179069962063525,0.3582183619057061,0.9602445188215418,0.34469908728669274,0.20315170039422892,0.16800664732704051,0.7966672418598711,0.17616076498809666,28.79009,1.5451,380.7142,399.315,1.0,0.1,0.0,0.1,0.0,0.0,0.0,0.0,0.0,0.1,0.0,0.0,0.0,0.0,0.0,0.0,0.0,0,0,0.0,0,0,0,0,0.0,0,0,0
2,137,1370.123,1379.134,10,4.263166303311106,6.553791433746621,-0.10255430534191287,1.881355253788479,0.605824647065268,1.7166465954429673,0.4958647371615879,0.4542521599774834,0.41190925391701017,0.8180128798218458,0.3824536312219845,106.94814,40.9511,384.6466,412.148,1.0,0.0,0.0,0.0,0.0,0.0,0.0,0.0,0.0,0.0,0.0,0.0,0.0,0.0,0.0,0.0,0.0,0,0,0.0,0,0,0,0,0.0,0,0,0
2,138,1380.13,1389.294,10,1.8072005421985569,3.8227237874342133,-0.15856236519059816,1.9433729483759516,0.2786292772235684,1.603259373509213,0.5027565098866544,0.3564233711759964,0.46579993350595367,0.7110827604581387,0.531947362627667,109.64137000000001,60.0122,411.4749,437.103,1.0,0.0,0.0,0.0,0.0,0.0,0.0,0.0,0.0,0.0,0.0,0.0,0.0,0.0,0.0,0.0,0.0,0,0,0.0,0,0,0,0,0.0,0,0,0
2,139,1390.313,1399.304,10,1.2965182449031096,3.751004808014477,-0.05401168996062065,2.2859000380869587,0.11922328268017038,0.32840831306663615,0.112362295454947,0.09557418424048755,0.12044079869962979,0.4957413178348376,0.30842550095609633,150.9699,141.581,389.8239,394.266,1.0,0.0,0.0,0.0,0.0,0.0,0.0,0.0,0.0,0.0,0.0,0.0,0.0,0.0,0.0,0.0,0.0,0,0,0.0,0,0,0,0,0.0,0,0,0
2,140,1400.306,1409.313,10,2.947220991027803,6.457480811832132,0.525478317197464,5.119668712829925,0.609044967278501,2.5153672180600677,0.7779634688471881,0.8026627068539461,0.46115708671470623,0.5556104849483688,0.3679444040184533,97.32405,11.1273,401.428,488.423,1.0,0.0,0.0,0.0,0.0,0.0,0.0,0.0,0.0,0.0,0.0,0.0,0.0,0.0,0.0,0.0,0.0,0,0,0.0,0,0,0,0,0.0,0,0,0
2,141,1410.316,1419.331,10,4.066670523550134,6.65895377403344,0.1361052430091839,2.959365321350593,0.5205456550249921,1.4831724792226832,0.4884022170207402,0.595467285731669,0.6303101377855589,0.47690079550228337,0.6962860639717,98.82048999999999,25.0797,411.35069999999996,495.075,1.0,0.0,0.0,0.0,0.0,0.0,0.0,0.0,0.0,0.0,0.0,0.0,0.0,0.0,0.0,0.0,0.0,0,0,0.0,0,0,0,0,0.0,0,0,0
2,142,1420.339,1429.344,10,5.09840640260324,6.728719515701688,-0.3458006913608201,1.8074924653703448,0.48463731461715576,1.1077129543867055,0.28360958958563753,0.3419272869617934,0.3076285257276501,0.46155493219151983,0.4127167976555922,43.910647999999995,6.18003,449.7066,485.811,1.0,0.0,0.0,0.0,0.0,0.0,0.0,0.0,0.0,0.0,0.0,0.0,0.0,0.0,0.0,0.0,0.0,0,0,0.0,0,0,0,0,0.0,0,0,0
2,143,1430.346,1439.356,10,1.0648304341546215,3.3391060245490056,-0.22451801568050223,3.319168459291149,0.10275913434882604,0.5667597145980876,0.18788751810438453,0.17898588812740587,0.20988394449624548,0.8139138320885791,0.2505150408459279,17.039436000000002,2.79176,385.1482,449.975,1.0,0.1,0.0,0.1,0.0,0.0,0.0,0.0,0.0,0.1,0.0,0.0,0.0,0.0,0.0,0.0,0.0,0,0,0.0,0,0,0,0,0.0,0,0,0
2,144,1440.356,1449.364,10,0.5739602998613125,0.9649999999999999,-0.03536664765793464,0.2550362791917631,0.0,0.0,0.0,0.0,0.0,0.658845888734728,0.06327510682299194,10.2821,10.2297,342.6248,342.686,1.0,0.0,0.0,0.0,0.0,0.0,0.0,0.0,0.0,0.0,0.0,0.0,0.0,0.0,0.0,0.0,0.0,0,0,0.0,0,0,0,0,0.0,0,0,0
2,145,1450.366,1459.381,10,1.6308205827468256,3.100526385793188,0.24791595443204956,1.726974258907159,0.3593926602012004,1.485402969411151,0.4942600954165673,0.30021846630944615,0.18900845640132133,0.3034191109801368,0.1635714644960594,34.90997,10.349,367.73699999999997,406.787,1.0,0.0,0.0,0.0,0.0,0.0,0.0,0.0,0.0,0.0,0.0,0.0,0.0,0.0,0.0,0.0,0.0,0,0,0.0,0,0,0,0,0.0,0,0,0
2,146,1460.374,1469.386,10,3.333629834892739,6.803906397677779,-0.306692326587244,2.372060646472952,0.4618063620780224,0.959490012994257,0.3178105582540961,0.4284714153042243,0.3663744082106419,0.8305029679158524,0.4079832782030236,29.094293,2.1535,328.9235,339.998,1.0,0.2,0.0,0.2,0.0,0.0,0.0,0.0,0.0,0.2,0.0,0.0,0.0,0.0,0.0,0.0,0.0,0,0,0.0,0,0,0,0,0.0,0,0,0
2,147,1470.387,1479.403,10,2.9192887744167604,3.480161731435951,0.32283547568126114,1.9794956080919612,0.4159342014977353,1.5624676646569973,0.4895891087680711,0.5216111849282784,0.49561144504823185,0.6121726772741382,0.45622651983966067,73.01598,39.3155,327.06149999999997,345.2,1.0,0.0,0.0,0.0,0.0,0.0,0.0,0.0,0.0,0.0,0.0,0.0,0.0,0.0,0.0,0.0,0.0,0,0,0.0,0,0,0,0,0.0,0,0,0
2,148,1480.401,1489.419,10,1.481147335532528,3.6031814293326585,-0.2016932745371351,2.275748463952,0.1803442172518978,0.9745921044253162,0.3061597946653845,0.20400939415320604,0.26627661384350965,0.19236635555813925,0.36878007292205567,44.00505,25.3477,343.913,349.195,1.0,0.0,0.0,0.0,0.0,0.0,0.0,0.0,0.0,0.0,0.0,0.0,0.0,0.0,0.0,0.0,0.0,0,0,0.0,0,0,0,0,0.0,0,0,0
2,149,1490.423,1499.436,10,2.8821079302050174,6.728996650968634,0.21746415684484938,3.0229140105929715,0.5177031602936992,2.0033312447509366,0.7301913692912861,0.7137434364584286,0.53341124057778,0.4727027337778772,0.4940241775152693,77.66402000000001,23.6267,337.3395,347.691,1.0,0.0,0.0,0.0,0.0,0.0,0.0,0.0,0.0,0.0,0.0,0.0,0.0,0.0,0.0,0.0,0.0,0,0,0.0,0,0,0,0,0.0,0,0,0
2,150,1500.437,1509.448,10,3.159568890354424,6.574100565200289,-0.16646881101922664,2.6912420314661003,0.5681155499967607,1.9045656196112457,0.5862420469481359,0.6306497230396391,0.5966875461961509,0.1409617624453155,0.6408195603290451,52.897225000000006,9.99985,313.95259999999996,334.91,1.0,0.0,0.0,0.0,0.0,0.0,0.0,0.0,0.0,0.0,0.0,0.0,0.0,0.0,0.0,0.0,0.0,0,0,0.0,0,0,0,0,0.0,0,0,0
2,151,1510.447,1519.459,10,1.764894860144338,3.4440544654246055,0.00616179704284933,1.7805016800092246,0.36134619044050886,0.9424618165139641,0.4115528696059837,0.4162659585828955,0.4480017949394689,0.36303567601488335,0.5261335888152804,42.672636,2.81626,292.669,311.702,1.0,0.1,0.0,0.1,0.0,0.0,0.0,0.0,0.0,0.1,0.0,0.0,0.0,0.0,0.0,0.0,0.0,0,0,0.0,0,0,0,0,0.0,0,0,0
2,152,1520.467,1529.478,10,1.2904888033528412,2.964929948580798,-0.08093739076577626,2.2325973841719136,0.1869413874208647,0.899097938087418,0.2705527749765454,0.25897272295717244,0.23583542222331064,0.35924143324926494,0.3380160919365752,44.98437,29.4528,252.452,255.337,1.0,0.0,0.0,0.0,0.0,0.0,0.0,0.0,0.0,0.0,0.0,0.0,0.0,0.0,0.0,0.0,0.0,0,0,0.0,0,0,0,0,0.0,0,0,0
2,153,1530.48,1539.497,10,2.074065357095315,4.992317726584598,0.2359554623116223,3.311773873694908,0.4851067664837183,1.4270091281430426,0.5430569377516704,0.7008278991476168,0.4337629637658741,0.20112456793875405,0.340957755108625,66.21338,13.2144,256.8002,307.584,1.0,0.0,0.0,0.0,0.0,0.0,0.0,0.0,0.0,0.0,0.0,0.0,0.0,0.0,0.0,0.0,0.0,0,0,0.0,0,0,0,0,0.0,0,0,0
2,154,1540.498,1549.511,10,4.20025880116752,6.903259921205391,0.31196613956904906,2.8232119471115076,0.4932087685107759,2.258531005332342,0.654247261807817,0.6553205675445193,0.5914916833684548,0.14278704647464374,0.5698027700669751,85.801786,9.99206,265.3444,303.172,1.0,0.0,0.0,0.0,0.0,0.0,0.0,0.0,0.0,0.0,0.0,0.0,0.0,0.0,0.0,0.0,0.0,0,0,0.0,0,0,0,0,0.0,0,0,0
2,155,1550.511,1559.521,10,2.7364347443003627,6.915121112460703,-0.5253730098592861,1.5630690590430347,0.3297907029481787,2.910810323748653,0.9092763338998894,0.5979646773338361,0.7566098381999147,0.48706077681406523,0.8431272154191491,70.41385,10.2162,304.3132,342.776,1.0,0.0,0.0,0.0,0.0,0.0,0.0,0.0,0.0,0.0,0.0,0.0,0.0,0.0,0.0,0.0,0.0,0,0,0.0,0,0,0,0,0.0,0,0,0
2,156,1560.52,1569.531,10,2.996320952822805,6.129991911258666,0.49698119595189993,4.547015077110572,0.37846539985729427,1.3417850280945214,0.458430978043796,0.5011912681779834,0.4091259763239452,0.6266799601224173,0.6570048064945581,49.00277,10.1783,345.288,347.563,1.0,0.0,0.0,0.0,0.0,0.0,0.0,0.0,0.0,0.0,0.0,0.0,0.0,0.0,0.0,0.0,0.0,0,0,0.0,0,0,0,0,0.0,0,0,0
2,157,1570.535,1579.546,10,3.831458602678856,6.675417942081353,-0.4696512841034318,1.4238749179305843,0.3443070857579418,1.1445508625479774,0.3662843629551328,0.29812930388927456,0.3034964242186478,0.6160687780326836,0.3706239246991663,16.2098969,0.490189,324.0717,345.0,1.0,0.1,0.0,0.1,0.0,0.0,0.0,0.0,0.0,0.1,0.0,0.0,0.0,0.0,0.0,0.0,0.0,0,0,0.0,0,0,0,0,0.0,0,0,0
2,158,1580.54,1589.562,10,2.78667511073417,3.2457127687380884,0.03764666146252968,1.0211520509751644,0.2788499362082678,0.6647448073427764,0.26222539496801406,0.30637420461884596,0.2429173072365023,0.7779133581212906,0.28243460851602026,8.585649,2.58126,302.3895,323.252,1.0,0.4,0.0,0.4,0.1,0.1,0.998,0.0,0.0,0.2,0.0,0.998,0.0,0.0,0.0,0.0,0.0,0,0,0.0,0,0,0,0,0.0,0,0,0
2,159,1590.562,1599.574,10,5.373541410303462,6.737929289007091,0.4564273772547745,4.161534841598818,0.3576668330040834,0.9160610670583623,0.29798380755503057,0.3305079573437764,0.2631567342821902,0.9026062594218226,0.26526132410339764,11.6516305,0.598725,270.9552,287.042,1.0,0.3,0.0,0.3,0.1,0.1,1.0,1.0,0.0,0.0,0.0,0.0,0.0,0.0,0.0,0.0,0.0,0,0,0.0,0,0,0,0,0.0,0,0,0
2,160,1600.576,1609.584,10,3.0851635482181528,6.688936342599197,-0.2819963267274584,2.251512530559954,0.8222318796265078,2.1788056033255883,0.7047168242277433,0.9579292579136867,0.7043620258912826,0.8747784202660057,0.5800930005770926,59.252993000000004,8.00803,216.94920000000002,241.942,1.0,0.0,0.0,0.0,0.0,0.0,0.0,0.0,0.0,0.0,0.0,0.0,0.0,0.0,0.0,0.0,0.0,0,0,0.0,0,0,0,0,0.0,0,0,0
2,161,1610.585,1619.594,10,4.356162347935321,6.687847187316255,-0.17203228116958633,3.003284509263825,0.3990236089240672,1.2016711013880865,0.4715398987423988,0.5488317781834336,0.45779299010553676,0.70866259889808,0.5711006073688998,24.87097,2.31494,179.5317,232.912,1.0,0.3,0.0,0.3,0.0,0.0,2.003,0.0,0.0,0.0,0.0,0.0,0.0,0.0,0.0,0.0,0.0,0,0,0.0,0,0,0,0,0.0,0,0,0
2,162,1620.598,1629.611,10,1.2115412477576646,2.3052779920502986,-0.13563271904450533,1.5333733941681253,0.45662546772145785,1.8481461459630975,0.5941252244337106,0.44482451925714217,0.47423805328178703,0.6784661742944007,0.6418526612008366,65.010523,2.27443,224.9223,225.185,1.0,0.1,0.0,0.1,0.0,0.0,0.0,0.0,0.0,0.0,0.0,0.0,0.0,0.0,0.0,0.0,0.0,0,0,0.0,0,0,0,0,0.0,0,0,0
2,163,1630.611,1639.62,10,0.4602333147943976,1.731934973836865,-0.04707318819111365,1.731934973836865,0.4270420744687267,2.6647919381104663,0.846815413006302,0.7281677229683983,0.7056355214221101,0.6525091324989452,0.820443240139132,32.48109,12.0948,141.7982,225.749,1.0,0.0,0.0,0.0,0.0,0.0,0.0,0.0,0.0,0.0,0.0,0.0,0.0,0.0,0.0,0.0,0.0,0,0,0.0,0,0,0,0,0.0,0,0,0
2,164,1640.624,1649.634,10,4.133258773985898,6.6424197685473665,0.5442020936332734,4.685896236478149,0.5198742998226412,1.9709758412367684,0.6256632311408983,0.7214001531483107,0.5654782647074665,0.5609338698678912,0.4959892710067832,53.053104,2.35243,146.78641,223.036,1.0,0.2,0.2,0.2,0.0,0.0,1.001,0.0,0.0,0.0,0.0,0.0,0.0,0.0,0.0,0.0,0.0,0,0,0.0,0,0,0,0,0.0,0,0,0
2,165,1650.636,1659.647,10,3.3891922780035295,6.178921264060219,-0.47756467153162496,0.9808529848491485,0.7594747207863881,1.9832101612056245,0.5785925054580561,0.5984997404297296,0.550779350219879,0.6332988141793867,0.5899521653542926,23.232239999999997,2.63433,119.68368000000001,232.833,1.0,0.2,0.0,0.2,0.1,0.1,0.0,0.0,0.0,0.0,0.0,0.0,0.0,0.0,0.0,0.0,0.0,0,0,0.0,0,0,0,0,0.0,0,0,0
2,166,1660.652,1669.664,10,4.348099004433833,6.506572730956143,0.5241568627586899,2.972891750405211,0.3896817875250755,1.2426551072562262,0.4284121504111848,0.44311092416982084,0.41835912567643135,0.6914587678392655,0.5250220786133583,28.739127000000003,1.45831,24.210706000000002,34.0819,1.0,0.4,0.1,0.4,0.2,0.2,3.0069999999999997,2.001,0.0,0.0,0.0,0.0,0.0,0.0,0.0,0.0,0.0,0,0,0.0,0,0,0,0,0.0,0,0,0
2,167,1670.666,1679.673,10,1.1598008244932099,2.2902126587190916,-0.43672276721384984,1.545289831617593,0.1784549707519549,0.8123846950073484,0.2572558795912571,0.25649111594273,0.2814670757061926,0.5744172596611555,0.36571395685522307,23.489240000000002,15.8067,155.971173,221.715,1.0,0.0,0.3,0.0,0.0,0.0,0.0,0.0,0.0,0.0,0.0,0.0,0.0,0.0,0.0,0.0,0.0,0,0,0.0,0,0,0,0,0.0,0,0,0
2,168,1680.674,1689.69,10,3.4307385953945597,6.703708006686696,0.3133182903252528,4.412477197706436,0.892527050686313,2.644830872317428,0.95366304209399,1.0024303037971403,0.8481694565424602,0.3482174260669704,0.734300644543403,47.331039,2.63322,135.579513,996.614,1.0,0.1,0.1,0.1,0.0,0.0,0.0,0.0,0.0,0.0,0.0,0.0,0.0,0.0,0.0,0.0,0.0,0,0,0.0,0,0,0,0,0.0,0,0,0
2,169,1690.689,1699.699,10,3.7465917592316567,6.625102609297934,-0.3308267594122257,2.334746563207761,0.9163803330356226,2.7174281062650145,1.0255533129836245,1.0130534390408257,0.9381619745275579,0.6553704999440633,0.9606540480998863,41.176050000000004,15.6502,528.57448,987.951,1.0,0.0,0.0,0.0,0.0,0.0,0.0,0.0,0.0,0.0,0.0,0.0,0.0,0.0,0.0,0.0,0.0,0,0,0.0,0,0,0,0,0.0,0,0,0
2,170,1700.7,1709.712,10,1.469770831023474,3.5965423452533463,0.013601198017626204,3.0422254053704285,0.563426987396982,1.9300778048160567,0.6016463206272273,0.4288524389719092,0.6809977899249307,0.7079889759718806,0.8331810832212503,29.266391999999996,2.82362,136.76725000000002,276.583,1.0,0.1,0.0,0.1,0.0,0.0,0.0,0.0,0.0,0.0,0.0,0.0,0.0,0.0,0.0,0.0,0.0,0,0,0.0,0,0,0,0,0.0,0,0,0
2,171,1710.713,1719.728,10,1.79519136615382,3.9137013690535576,0.15827670387600232,2.8055452007478787,0.17890998097497668,0.49006439400132995,0.15894829698097035,0.14829942122222198,0.1914950213739422,0.40584918183708674,0.28806488148926024,5.2276312,0.979587,134.17309,275.096,1.0,0.7,0.0,0.7,0.0,0.0,5.008,0.0,0.0,0.0,0.0,0.0,0.0,0.0,0.0,0.0,0.0,0,0,0.0,0,0,0,0,0.0,0,0,0
2,172,1720.724,1729.731,10,4.467899518565241,6.17887565904974,0.2518440119894683,2.3761218449666814,1.2005529702055864,2.0500886526995945,0.5015348782145995,0.5603023525666668,0.45483706698068643,0.14839404165368603,0.48047202154627494,52.71917,20.4382,531.7879,842.046,1.0,0.0,0.0,0.0,0.0,0.0,0.0,0.0,0.0,0.0,0.0,0.0,0.0,0.0,0.0,0.0,0.0,0,0,0.0,0,0,0,0,0.0,0,0,0
2,173,1730.737,1739.747,10,4.8455502194319395,7.034454313163064,-0.27940768110117215,2.3679519665224493,0.6699437364879263,2.2686622494428463,0.7605010921926016,0.8003940864863092,0.7707130333808635,0.39813857630370236,0.709618574904107,31.059461,2.01032,450.54380000000003,811.241,1.0,0.2,0.0,0.2,0.0,0.0,1.002,0.0,0.0,0.2,0.0,1.002,0.0,0.0,0.0,0.0,0.0,0,0,0.0,0,0,0,0,0.0,0,0,0
2,174,1740.753,1749.766,10,3.9147452697840164,6.6700570929567515,0.2099764317402848,2.8592569811957813,0.744889616353876,2.3175852816038622,0.7747059869674638,0.7445200736181246,0.7177729085014665,0.5304368633875762,0.8065996535365152,31.831438000000002,2.7411,677.8208,785.103,1.0,0.1,0.0,0.1,0.0,0.0,2.008,0.0,0.0,0.0,0.0,0.0,0.0,0.0,0.0,0.0,0.0,0,0,0.0,0,0,0,0,0.0,0,0,0
2,175,1750.764,1759.777,10,1.9379622967303214,4.388816022573236,-0.1706681710267648,2.219312604928495,0.5409696941617069,1.5988639197113748,0.627528389042638,0.6087434455421799,0.5910990572783372,0.506657303211808,0.6879878503541356,37.546829,6.95299,748.0058999999999,814.146,1.0,0.0,0.0,0.0,0.0,0.0,0.0,0.0,0.0,0.0,0.0,0.0,0.0,0.0,0.0,0.0,0.0,0,0,0.0,0,0,0,0,0.0,0,0,0
2,176,1760.777,1769.794,10,3.83268041222084,6.344913833491379,-0.10110293416496736,1.4255828266166715,0.6461003743273219,2.1361604304627084,0.5986099639776303,0.40323297970280086,0.3818297192259644,0.55484195681398,0.44622326601536455,32.628119,8.09769,675.5879,810.463,1.0,0.0,0.0,0.0,0.0,0.0,0.0,0.0,0.0,0.0,0.0,0.0,0.0,0.0,0.0,0.0,0.0,0,0,0.0,0,0,0,0,0.0,0,0,0
2,177,1770.795,1779.804,10,1.4767115952674916,3.3422704698367096,-0.04107557931245139,1.4368232319948397,0.8456979138290783,2.1017185451417824,0.7184073222660997,0.7839011266320085,0.7014748838258413,0.509765343109809,0.72977879624969,30.441391999999997,5.22922,351.1426,766.516,1.0,0.0,0.0,0.0,0.0,0.0,0.0,0.0,0.0,0.0,0.0,0.0,0.0,0.0,0.0,0.0,0.0,0,0,0.0,0,0,0,0,0.0,0,0,0
2,178,1780.805,1789.817,10,2.2037432277022573,5.429576713883734,0.031025003703507036,2.4202132460375028,0.8536899197575588,1.9447186693249598,0.7061854922012876,0.7006985056860568,0.6494937665730132,0.24336853582624776,0.6772366459446482,34.960111,4.13555,512.8675999999999,744.256,1.0,0.1,0.0,0.1,0.0,0.0,0.0,0.0,0.0,0.0,0.0,0.0,0.0,0.0,0.0,0.0,0.0,0,0,0.0,0,0,0,0,0.0,0,0,0
2,179,1790.818,1799.826,10,1.6753017069625673,3.553732161437378,-0.1320718590346052,1.971313147112211,0.7259472197338662,2.169739948564532,0.7470176474094581,0.8180104797546912,0.7183262693941959,0.19759323024407172,0.7118966937367187,38.70843,12.0465,424.7001,728.299,1.0,0.0,0.0,0.0,0.0,0.0,0.0,0.0,0.0,0.0,0.0,0.0,0.0,0.0,0.0,0.0,0.0,0,0,0.0,0,0,0,0,0.0,0,0,0
2,180,1800.83,1809.843,10,1.5839484355172466,3.2735846667682034,0.051656307226810014,1.8046423819738733,0.35183713462916766,1.9351610642888926,0.6063664105755716,0.31350051751865743,0.38543599603473555,0.1842146594299677,0.5739883519216162,38.529253,5.20643,186.90500000000003,659.456,1.0,0.0,0.0,0.0,0.0,0.0,0.0,0.0,0.0,0.0,0.0,0.0,0.0,0.0,0.0,0.0,0.0,0,0,0.0,0,0,0,0,0.0,0,0,0
2,181,1810.841,1819.849,10,2.093190338917382,3.4139078060265877,0.1985529585511256,2.1913118863260435,0.43394399238533354,1.2697910748083852,0.42793823547594,0.603393664223945,0.608437087543555,0.24173616853068092,0.5965118811712629,36.222482,2.8031,475.52619999999996,655.134,1.0,0.2,0.0,0.2,0.0,0.0,0.997,0.0,0.0,0.2,0.0,0.997,0.0,0.0,0.0,0.0,0.0,0,0,0.0,0,0,0,0,0.0,0,0,0
2,182,1820.854,1829.86,10,1.6300695441536681,3.0347325381163928,-0.23111734413546703,1.2747671862926517,0.6981205266890869,2.9807073636246892,1.0809603453967958,1.1020088304842388,0.9028592009103947,0.16070489973181074,0.7756584636319266,33.364567,6.76843,297.7881,599.685,1.0,0.0,0.0,0.0,0.0,0.0,0.0,0.0,0.0,0.0,0.0,0.0,0.0,0.0,0.0,0.0,0.0,0,0,0.0,0,0,0,0,0.0,0,0,0
2,183,1830.865,1839.874,10,2.1284471442916493,4.04944301025096,0.14763892607722556,2.0530833158496637,1.393553662225908,3.006699243319817,0.998361512151923,0.49735680464542514,0.6019964101718362,0.13546433023170285,0.8958780871168459,34.797250000000005,6.1414,486.6833,589.847,1.0,0.0,0.0,0.0,0.0,0.0,0.0,0.0,0.0,0.0,0.0,0.0,0.0,0.0,0.0,0.0,0.0,0,0,0.0,0,0,0,0,0.0,0,0,0
2,184,1840.877,1849.895,10,4.083004529670772,6.740074360737803,0.4011622218863848,4.587511847494101,0.34059586891000054,1.0524210754626682,0.35365561514412897,0.535148095761032,0.6862348800690002,0.2686883484020271,1.0354011473860374,27.133910000000004,10.9009,210.64943,313.044,1.0,0.0,0.0,0.0,0.0,0.0,0.0,0.0,0.0,0.0,0.0,0.0,0.0,0.0,0.0,0.0,0.0,0,0,0.0,0,0,0,0,0.0,0,0,0
2,185,1850.897,1859.907,10,4.97267155292049,6.878266481391262,-0.018768611882476628,2.535393812395993,0.35762573469572867,1.0772751913040841,0.28700904326669946,0.2901267226588403,0.31150625515435776,0.6759248609640313,0.32571103072528096,47.05588,17.543,438.64061999999996,603.299,1.0,0.0,0.0,0.0,0.0,0.0,0.0,0.0,0.0,0.0,0.0,0.0,0.0,0.0,0.0,0.0,0.0,0,0,0.0,0,0,0,0,0.0,0,0,0
2,186,1860.908,1869.92,10,3.6581247618474984,6.7602874313464065,-0.3346534318754539,0.8697908579365413,1.0874821921965594,2.1067351056849635,0.8868226902078792,0.8277756198973887,0.5957612925754019,0.8113614482812865,0.6306661466589703,51.398648,7.23278,451.9082,568.668,1.0,0.0,0.0,0.0,0.0,0.0,0.0,0.0,0.0,0.0,0.0,0.0,0.0,0.0,0.0,0.0,0.0,0,0,0.0,0,0,0,0,0.0,0,0,0
2,187,1870.923,1879.931,10,4.178038832579146,6.604739416510422,-0.012437701096002354,2.7467625402271456,0.4662971147672671,1.5651761702530558,0.48996181375097697,0.5355073787688143,0.49870814157490423,0.8597277281446793,0.7243506515869218,34.93091,9.2537,288.741,292.993,1.0,0.0,0.0,0.0,0.0,0.0,0.0,0.0,0.0,0.0,0.0,0.0,0.0,0.0,0.0,0.0,0.0,0,0,0.0,0,0,0,0,0.0,0,0,0
2,188,1880.933,1889.0,9,3.866102547529396,6.055126899449372,0.00452254911280978,2.908074967206002,0.4810325649830869,0.8721462163125946,0.2808477728764979,0.45338290986981,0.41486504522841683,0.745992006226579,0.4453008606916722,43.57181111111111,15.5396,274.41599999999994,284.972,1.0,0.0,0.0,0.0,0.0,0.0,0.0,0.0,0.0,0.0,0.0,0.0,0.0,0.0,0.0,0.0,0.0,0,0,0.0,0,0,0,0,0.0,0,0,0
2,189,1890.004,1899.01,10,2.8997857142495405,6.434980361781555,0.3498154792371314,5.160380616858432,0.4270574153833577,1.4113993436122492,0.42190574765282396,0.3934394990926061,0.4105825584697741,0.6741287330425243,0.3697276388938965,28.908099,2.10654,274.5247,532.081,1.0,0.2,0.1,0.2,0.0,0.0,0.0,0.0,0.0,0.0,0.0,0.0,0.0,0.0,0.0,0.0,0.0,0,0,0.0,0,0,0,0,0.0,0,0,0
2,190,1900.014,1909.023,10,1.7471607242223446,6.129899536687879,-0.5247011643993893,2.296148799952682,0.5983710831983369,1.841415494829557,0.5808451524426291,0.7187476893441702,0.5405732506818918,0.5268978242574198,0.49809741543097186,18.639599999999998,0.88669,186.76586,246.112,1.0,0.2,0.0,0.2,0.0,0.0,0.0,0.0,0.0,0.0,0.0,0.0,0.0,0.0,0.0,0.0,0.0,0,0,0.0,0,0,0,0,0.0,0,0,0
2,191,1910.019,1919.038,10,2.4617306756245316,6.726709459011232,0.5194418417111282,4.575445757960831,0.44548067124438423,2.292244343231795,0.6891682509394161,0.6126787946147294,0.5661406409470408,0.600601899121229,0.6056881690357441,8.859751,3.85509,311.15181,495.857,1.0,0.1,0.0,0.1,0.1,0.1,0.0,0.0,0.0,0.0,0.0,0.0,0.0,0.0,0.0,0.0,0.0,0,0,0.0,0,0,0,0,0.0,0,0,0
2,192,1920.036,1929.046,10,5.653407531944395,6.634799355669588,0.013604335997122585,2.470732016259197,0.4977028762715482,1.4696473475293501,0.530434922996737,0.502527717753944,0.5069499324165754,0.8681743354817314,0.6417153629580905,23.564895,1.57644,390.68559999999997,463.757,1.0,0.1,0.0,0.1,0.0,0.0,0.0,0.0,0.0,0.1,0.0,0.0,0.0,0.0,0.0,0.0,0.0,0,0,0.0,0,0,0,0,0.0,0,0,0
2,193,1930.045,1939.056,10,3.823218930966297,6.487832619776692,-0.3094909356158538,0.6249204305930028,0.29133724239760606,1.060887260729541,0.3712271285213252,0.36983599194376027,0.3667722267745733,0.9151407920725789,0.4253691193627941,35.019571,9.14561,365.7291,382.977,1.0,0.0,0.0,0.0,0.0,0.0,0.0,0.0,0.0,0.0,0.0,0.0,0.0,0.0,0.0,0.0,0.0,0,0,0.0,0,0,0,0,0.0,0,0,0
2,194,1940.057,1949.072,10,5.376981821747028,7.015002889980211,0.35791619267286123,3.4420120745931717,0.49140807499486555,1.338657583429395,0.39192652814090073,0.367560780987134,0.3586109619289055,0.7138245065245277,0.41956829674625096,46.308350000000004,25.0341,311.1325,356.792,1.0,0.0,0.0,0.0,0.0,0.0,0.0,0.0,0.0,0.0,0.0,0.0,0.0,0.0,0.0,0.0,0.0,0,0,0.0,0,0,0,0,0.0,0,0,0
2,195,1950.078,1959.092,10,5.648275322584185,6.768216404665914,-0.03047503435717121,3.123505274309421,0.2703595691426258,0.5611357823851347,0.22635424750456096,0.13138672234696527,0.17431302709238963,0.325130597450168,0.2714413129394481,59.00848,13.0607,334.0587,342.096,1.0,0.0,0.0,0.0,0.0,0.0,0.0,0.0,0.0,0.0,0.0,0.0,0.0,0.0,0.0,0.0,0.0,0,0,0.0,0,0,0,0,0.0,0,0,0
2,196,1960.086,1969.107,10,4.300114375183865,6.659754382999106,-0.17318527154688262,2.021816446659615,0.42830355528347563,1.2130233243813922,0.37931471573333353,0.47200651770682434,0.3488087153467918,0.8677846245349576,0.30939514624169895,60.799549999999996,10.1433,333.7594,386.636,1.0,0.0,0.0,0.0,0.0,0.0,0.0,0.0,0.0,0.0,0.0,0.0,0.0,0.0,0.0,0.0,0.0,0,0,0.0,0,0,0,0,0.0,0,0,0
2,197,1970.109,1979.127,10,4.892530847505937,6.6436696536999,-0.08953055408758923,1.89975291933943,0.3400916671623529,1.0069026954980167,0.3363783632358883,0.3394889047731101,0.3167156726285386,0.7886512905309645,0.33616852587093793,27.68398,15.1755,296.7303,327.429,1.0,0.0,0.0,0.0,0.0,0.0,0.0,0.0,0.0,0.0,0.0,0.0,0.0,0.0,0.0,0.0,0.0,0,0,0.0,0,0,0,0,0.0,0,0,0
2,198,1980.131,1989.144,10,4.482010309577311,6.563615108035575,0.25012446701597546,3.0793676989830807,0.6392726495081906,1.966989917692105,0.634304599953072,0.6261577612872229,0.5572205778276349,0.5972519382695327,0.5371231511349299,55.772234000000005,2.91524,255.4109,439.985,1.0,0.1,0.0,0.1,0.0,0.0,0.0,0.0,0.0,0.0,0.0,0.0,0.0,0.0,0.0,0.0,0.0,0,0,0.0,0,0,0,0,0.0,0,0,0
2,199,1990.145,1999.155,10,2.04780787490567,5.484088104344064,-0.5273899033824123,1.3208045899857794,0.5536057930764734,1.4622766533872669,0.5791440562138542,0.510117599832833,0.5192775207007554,0.5219290610930298,0.5554290222364557,84.05879999999999,31.3819,347.2672,456.487,1.0,0.0,0.0,0.0,0.0,0.0,0.0,0.0,0.0,0.0,0.0,0.0,0.0,0.0,0.0,0.0,0.0,0,0,0.0,0,0,0,0,0.0,0,0,0
2,200,2000.158,2009.17,10,0.5908497208016861,0.9080757726819525,-0.033608520458473304,0.4071537127413314,0.0,0.0,0.0,0.0,7.759857406047872e-05,0.653109804373879,0.23368449215711062,100.5609,100.558,276.4307,276.512,1.0,0.0,0.0,0.0,0.0,0.0,0.0,0.0,0.0,0.0,0.0,0.0,0.0,0.0,0.0,0.0,0.0,0,0,0.0,0,0,0,0,0.0,0,0,0
2,201,2010.164,2019.185,10,2.556115765284718,3.3572728005638166,0.24345392039616964,1.6954086812909588,0.5617383089015182,1.8437877828132743,0.5918888207416835,0.5941352347231785,0.5827109712259552,0.41567219947895573,0.5352222716509469,21.988481999999998,4.54222,222.14430000000002,276.652,1.0,0.1,0.0,0.1,0.0,0.0,0.0,0.0,0.0,0.0,0.0,0.0,0.0,0.0,0.0,0.0,0.0,0,0,0.0,0,0,0,0,0.0,0,0,0
2,202,2020.186,2029.196,10,3.106578124487663,5.67274225916733,-0.2115499987852795,4.413282627146694,1.0895210474906267,2.0329852743223498,0.5784203127455996,0.6925817162248409,0.5121885644357185,0.2774924388415,0.5069913412283031,53.384313999999996,3.15064,371.7566,460.417,1.0,0.1,0.1,0.1,0.0,0.0,0.0,0.0,0.0,0.0,0.0,0.0,0.0,0.0,0.0,0.0,0.0,0,0,0.0,0,0,0,0,0.0,0,0,0
2,203,2030.196,2039.208,10,3.163998202226935,6.947193175870404,0.5758320731304323,2.698121586985799,0.2559200137684604,1.6334516043645348,0.5158104375710313,0.5894930072246576,0.7144834955582318,0.20410227794886,0.7402929384111117,69.96202,30.7311,363.8754,458.178,1.0,0.0,0.0,0.0,0.0,0.0,0.0,0.0,0.0,0.0,0.0,0.0,0.0,0.0,0.0,0.0,0.0,0,0,0.0,0,0,0,0,0.0,0,0,0
2,204,2040.211,2049.218,10,3.415596089762919,6.6816344029427395,-0.4480135784413662,0.7974475694877112,0.1442044197571606,0.38335035400777095,0.14287045624097625,0.1584747729891964,0.1678628088082646,0.7122238368068384,0.3301049950111775,10.947838,1.04642,430.4026,439.51,1.0,0.3,0.0,0.3,0.0,0.0,1.998,0.0,0.0,0.3,0.0,1.998,0.0,0.0,0.0,0.0,0.0,0,0,0.0,0,0,0,0,0.0,0,0,0
2,205,2050.223,2059.231,10,2.0625522243909744,4.027394528150587,0.1572923839635967,2.6550764719377815,0.3444758530933995,1.2411352181799105,0.34613959643789755,0.2830112165642472,0.2899348743430453,0.8466291418065282,0.30247302616204474,14.129805999999999,1.7829,390.5422,416.854,1.0,0.4,0.0,0.4,0.0,0.0,3.003,0.0,0.0,0.4,0.0,3.003,0.0,0.0,0.0,0.0,0.0,0,0,0.0,1,1,0,1,0.16666666666666666,1,0,0
2,206,2060.236,2069.242,10,3.8600786378407705,6.890385688841435,0.28269660937538454,2.7772148099190916,0.41134529062322034,1.2042801147271067,0.38270767464156635,0.4411320403517366,0.3188285235114383,0.8648947094402537,0.3150096274716205,26.387885,8.84325,391.916,401.349,1.0,0.0,0.0,0.0,0.0,0.0,0.0,0.0,0.0,0.0,0.0,0.0,0.0,0.0,0.0,0.0,0.0,0,0,0.0,0,1,0,1,0.16666666666666666,1,0,0
2,207,2070.247,2079.259,10,5.692124416375724,6.696105702194183,-0.017988519505761653,2.14931912559536,0.3771381259600691,1.333425415664601,0.40540985552221664,0.3720759837135664,0.3937739765668617,0.7917951037744337,0.4056845573941533,21.66843,5.00703,358.3352,378.301,1.0,0.0,0.0,0.0,0.0,0.0,0.0,0.0,0.0,0.0,0.0,0.0,0.0,0.0,0.0,0.0,0.0,0,0,0.0,0,1,0,1,0.16666666666666666,1,0,0
2,208,2080.26,2089.274,10,4.90009666440249,6.733526006089789,-0.3344779208749577,0.18839869301632106,0.5469559251056982,1.473833874216519,0.4982795467786235,0.3705288041859186,0.35135234406525856,0.8434043802561682,0.3752948575089019,21.055082000000002,2.94783,305.20860000000005,327.064,1.0,0.1,0.0,0.1,0.0,0.0,0.0,0.0,0.0,0.0,0.0,0.0,0.0,0.0,0.0,0.0,0.0,0,0,0.0,0,1,0,1,0.16666666666666666,1,0,0
2,209,2090.281,2099.282,10,4.175810955383722,6.94351640030259,-0.2939820039018655,2.483104024804034,0.0945960973580119,0.31922730019006373,0.1090637877853014,0.20177480446252555,0.2703960460362386,0.9545413667377585,0.44555212451044157,7.435106,2.13249,263.7398,286.863,1.0,0.1,0.0,0.1,0.0,0.0,0.0,0.0,0.0,0.0,0.0,0.0,0.0,0.0,0.0,0.0,0.0,0,0,0.0,0,1,0,1,0.16666666666666666,1,0,0
2,210,2100.287,2109.306,10,1.68785199688103,6.38494242620893,-0.03960882825771541,4.80318325276988,0.04184924170568298,0.18128896718298196,0.05786862680713457,0.04367704978370831,0.042315834727243776,0.9447025085766461,0.058982652556982,11.672786,6.80916,245.63240000000002,251.893,1.0,0.0,0.0,0.0,0.0,0.0,0.0,0.0,0.0,0.0,0.0,0.0,0.0,0.0,0.0,0.0,0.0,0,0,0.0,0,1,0,1,0.16666666666666666,1,0,0
2,211,2110.306,2119.318,10,4.314911689240647,6.788313669482306,0.1633106448530553,2.684696930534207,0.1334421786613508,0.6484070898315758,0.22988861899901122,0.15106123754814826,0.10676433155089486,0.9099761634379957,0.0966622694565664,10.617248,2.82577,214.50349999999997,236.324,1.0,0.1,0.2,0.1,0.0,0.0,0.0,0.0,0.0,0.0,0.0,0.0,0.0,0.0,0.0,0.0,0.0,0,0,0.0,0,0,0,0,0.0,0,0,0
2,212,2120.325,2129.333,10,5.561448463438031,6.769359357732183,0.1790357435105117,4.419915454165439,0.0811664490302182,0.3845681923267212,0.13756069855105865,0.14844311917937447,0.16396185331800453,0.9396069472523472,0.21184980166513281,8.045897,2.72864,163.3107,189.36,1.0,0.3,0.4,0.1,0.0,0.0,0.0,0.0,0.0,0.0,0.0,0.0,0.0,0.0,0.0,0.0,0.0,0,0,0.0,0,0,0,0,0.0,0,0,0
2,213,2130.335,2139.352,10,5.96448739413488,6.998888220137386,0.31868959544293496,1.8344797311649053,0.14807535022586332,0.424758868740248,0.1501730575692312,0.1520373753382655,0.15180360219279554,0.9740118996634101,0.15285237986868286,14.910327,2.10691,113.61691,138.988,1.0,0.2,0.3,0.1,0.0,0.0,0.0,0.0,0.0,0.0,0.0,0.0,0.0,0.0,0.0,0.0,0.0,0,0,0.0,0,0,0,0,0.0,0,0,0
2,214,2140.347,2149.361,10,3.5828582395045045,6.718395045625391,-0.3152491303976158,1.5446432391086482,0.23806149475193764,0.5905758132810682,0.19117547368242713,0.21139386306542943,0.1826024835732379,0.9879651351494294,0.19825871831059105,24.42348,9.5509,65.56438,80.1142,1.0,0.0,0.2,0.0,0.0,0.0,0.0,0.0,0.0,0.0,0.0,0.0,0.0,0.0,0.0,0.0,0.0,0,0,0.0,0,0,0,0,0.0,0,0,0
2,215,2150.362,2159.367,10,2.028185269225106,3.4356043837523966,-0.03018402043293613,2.8324305441931292,0.053430219416374956,0.2277308254549137,0.07385991443033277,0.06099259594987512,0.08309001749345889,0.9232748108832123,0.09858749615734638,14.226487,7.01747,50.10798,54.1619,1.0,0.0,0.8,0.0,0.0,0.0,0.0,0.0,0.0,0.0,0.0,0.0,0.0,0.0,0.0,0.0,0.0,0,0,0.0,0,0,0,0,0.0,0,0,0
2,216,2160.373,2169.391,10,2.954321957194801,4.42556935956198,-0.012019478745909029,2.8677161003642953,0.20382120570275966,1.0316228211584781,0.4138747199596546,0.12852642585245477,0.1206381438285645,0.643897004501079,0.11308676821842623,15.525369000000001,7.41407,42.9068,49.1566,1.0,0.0,0.0,0.0,0.0,0.0,0.0,0.0,0.0,0.0,0.0,0.0,0.0,0.0,0.0,0.0,0.0,0,0,0.0,0,0,0,0,0.0,0,0,0
2,217,2170.394,2179.402,10,4.5770882529476715,6.720684154466774,0.3619896249776275,6.115185443498595,0.363135991498645,1.4421879111189206,0.43461695634025566,0.39598218676043284,0.4324624610596041,0.6113161310956834,0.4254175938797059,34.65889,11.1941,71.47878,459.477,1.0,0.0,0.0,0.0,0.0,0.0,0.0,0.0,0.0,0.0,0.0,0.0,0.0,0.0,0.0,0.0,0.0,0,0,0.0,0,0,0,0,0.0,0,0,0
2,218,2180.403,2189.415,10,5.883518804476213,6.947438281233034,-0.3173031827003309,1.1474814754851692,0.296957524337836,0.7694029412018901,0.23798878694308925,0.21918863241757722,0.2578942120962181,0.5356662803438202,0.34712854647761593,72.34583,44.2398,107.40197,431.675,1.0,0.0,0.0,0.0,0.0,0.0,0.0,0.0,0.0,0.0,0.0,0.0,0.0,0.0,0.0,0.0,0.0,0,0,0.0,0,0,0,0,0.0,0,0,0
2,219,2190.418,2199.43,10,2.7430981942767816,6.054173551209656,-0.3507184255948027,2.4708864026860713,0.30396823554014846,0.919560518791863,0.27298128392316257,0.27936824686535444,0.24330290171977706,0.5240485083532136,0.263327855964594,48.059999999999995,20.823,167.60778,709.614,1.0,0.0,0.0,0.0,0.0,0.0,0.0,0.0,0.0,0.0,0.0,0.0,0.0,0.0,0.0,0.0,0.0,0,0,0.0,0,0,0,0,0.0,0,0,0
2,220,2200.429,2209.444,10,0.7971367621862188,1.287067067067067,0.029361402259508416,1.2883454622805917,1.4880391667560255e-08,1.493102324032831e-08,3.2261855031848714e-11,1.186449831183523e-06,0.03541071416130363,0.6245305015057141,0.137050629476756,19.22908,15.6373,27.152800000000003,29.0708,1.0,0.0,0.0,0.0,0.0,0.0,0.0,0.0,0.0,0.0,0.0,0.0,0.0,0.0,0.0,0.0,0.0,0,0,0.0,0,0,0,0,0.0,0,0,0
2,221,2210.442,2219.456,10,0.5078336570430187,1.8985487696265024,0.16049180580573605,0.8912144660149045,0.02671918689042509,0.25173127801745504,0.07921034797753537,0.048800206988738805,0.022362890368790203,0.30317981924393345,0.01588147633213096,11.717297,3.3407,19.64984,22.5124,1.0,0.2,0.3,0.0,0.0,0.0,0.0,0.0,0.0,0.0,0.0,0.0,0.0,0.0,0.0,0.0,0.0,0,0,0.0,0,0,0,0,0.0,0,0,0
2,222,2220.455,2229.458,10,1.4782422427855622,6.3024564518029695,-0.1872651899516434,2.4829936141297875,0.029947150774892423,0.15963960450850603,0.05510663746054281,0.0518895332670805,0.07565276575021182,0.7739629648022313,0.0768055119489887,6.121263,3.22525,3.612013,12.6387,1.0,0.5,1.0,0.0,0.0,0.0,0.0,0.0,0.0,0.0,0.0,0.0,0.0,0.0,0.0,0.0,0.0,0,0,0.0,0,0,0,0,0.0,0,0,0
2,223,2230.466,2239.476,10,0.3226168819100025,1.5608010763702174,-0.0008149857051727105,1.2137101607356762,0.18302602115676453,0.8821011920983671,0.36290568967200454,0.2794006267178544,0.17971186235069966,0.8578773649090683,0.14758644956729056,25.46709,21.2288,486.41429800000003,694.932,1.0,0.0,0.3,0.0,0.0,0.0,0.0,0.0,0.0,0.0,0.0,0.0,0.0,0.0,0.0,0.0,0.0,0,0,0.0,0,0,0,0,0.0,0,0,0
2,224,2240.481,2249.491,10,1.303522097291696,3.0247546531407092,0.0825712855068295,1.5021318184500523,0.5567006488563883,1.501291866652486,0.5330795632231513,0.7343086657610758,0.5186613938499228,0.5000618257698256,0.47141526071607104,24.9259142,0.758472,186.26216,693.128,1.0,0.2,0.7,0.2,0.0,0.0,1.0,0.0,0.0,0.2,0.0,1.0,0.0,0.0,0.0,0.0,0.0,0,0,0.0,0,0,0,0,0.0,0,0,0
2,225,2250.49,2259.511,10,0.60182983085523,2.340954988422545,-0.04428891669469489,2.333953129035439,0.19713012174151498,0.7563669888526792,0.2560578690890411,0.2823045116983735,0.32941613940571174,0.261770783848335,0.4311012994331412,27.98463,3.25396,504.4094,698.485,1.0,0.2,0.0,0.2,0.1,0.1,1.007,0.0,0.0,0.2,0.1,1.007,0.0,0.0,0.0,0.0,0.0,0,0,0.0,0,0,0,0,0.0,0,0,0
2,226,2260.51,2269.52,10,4.427490221824547,6.28897740874176,0.5882973279182714,2.7678268597959184,0.7229280476515759,2.3631322358762805,0.6553672617693252,0.739684417043899,0.6029984051755539,0.1523158715400627,0.5217519623833724,18.423227,1.27718,461.037464,696.665,1.0,0.3,0.3,0.3,0.0,0.0,0.999,0.0,0.0,0.3,0.0,0.999,0.0,0.0,0.0,0.0,0.0,0,0,0.0,0,0,0,0,0.0,0,0,0
2,227,2270.514,2279.571,10,2.997543548307875,5.90959954981528,-0.586781397093552,3.388004039934244,0.7486930908785319,2.9334869240418002,0.8503300514105291,0.9462750116535471,0.7820179888426282,0.18710555705053522,0.781490695103935,32.645618999999996,5.42759,342.016301,692.637,1.0,0.0,0.4,0.0,0.0,0.0,0.0,0.0,0.0,0.0,0.0,0.0,0.0,0.0,0.0,0.0,0.0,0,0,0.0,0,0,0,0,0.0,0,0,0
2,228,2280.581,2289.601,10,1.5002629198127593,3.1018779931175366,0.01415102559293765,2.067639396912335,0.2729506631398772,1.2284890046671935,0.3712244932093016,0.324077168318814,0.36568910512616054,0.10513518286470173,0.5653297290397257,18.971989999999998,1.65339,324.092431,692.382,1.0,0.2,0.5,0.2,0.0,0.0,1.004,0.0,0.0,0.2,0.0,1.004,0.0,0.0,0.0,0.0,0.0,0,0,0.0,0,0,0,0,0.0,0,0,0
2,229,2290.601,2299.605,10,1.9255043128340774,3.5598324767390155,0.10957825296630327,1.8395930535527385,0.6717045103662669,1.1478532056973436,0.4145097507081827,0.6698754983955557,0.44832622545150835,0.3483323826021638,0.43701227250534513,44.795825,8.24965,203.226583,689.774,1.0,0.0,0.6,0.0,0.0,0.0,0.0,0.0,0.0,0.0,0.0,0.0,0.0,0.0,0.0,0.0,0.0,0,0,0.0,0,0,0,0,0.0,0,0,0
2,230,2300.608,2309.62,10,0.2791039597822853,1.7554786027471392,0.013512483229794836,1.743275673035888,0.05484946462254401,0.4563257001268818,0.14341138055841163,0.09333279082187705,0.19843289009279216,0.37325888067030605,0.3952124332691524,44.46527,24.1243,45.804102,433.464,1.0,0.0,0.8,0.0,0.0,0.0,0.0,0.0,0.0,0.0,0.0,0.0,0.0,0.0,0.0,0.0,0.0,0,0,0.0,0,0,0,0,0.0,0,0,0
2,231,2310.617,2319.623,10,1.5413488340477808,6.17805220782342,0.4441435186268601,4.836185300202625,0.6636348193436004,2.3089554765090874,0.7512658328259393,0.967569732056373,0.6116386870595922,0.39504586589341334,0.49636233335183266,65.122214,3.34527,188.02883,687.071,1.0,0.1,0.5,0.1,0.0,0.0,0.0,0.0,0.0,0.1,0.0,0.0,0.0,0.0,0.0,0.0,0.0,0,0,0.0,0,0,0,0,0.0,0,0,0
2,232,2320.631,2329.636,10,2.5937533021627717,6.663691295156222,-0.3794769527152254,2.33984726562149,0.3092655633897338,2.9390571450695457,0.9250561299257721,0.6751026186945676,0.9414136587640011,0.728303456421755,0.9530376354671072,62.04353,21.6939,314.62298,709.628,1.0,0.0,0.0,0.0,0.0,0.0,0.0,0.0,0.0,0.0,0.0,0.0,0.0,0.0,0.0,0.0,0.0,0,0,0.0,0,0,0,0,0.0,0,0,0
2,233,2330.639,2339.785,10,1.516180988351595,6.332438964276862,-0.1738443198987463,2.989533835374731,0.5592414448943516,2.2325547101570677,0.7770117756269526,0.7467909736888148,0.6808788408192338,0.5484980563823443,0.863203277646685,35.119669,1.35104,464.3987,703.349,1.0,0.6,0.0,0.6,0.3,0.3,5.008,1.0,0.0,0.6,0.3,5.008,1.0,0.1,0.0,0.0,0.0,0,0,0.0,1,1,0,1,0.16666666666666666,1,0,0
2,234,2340.786,2349.812,10,1.3092618900712238,5.708633926412271,-0.10501660028126403,4.6573745675165545,0.3061834712821526,1.4714722250861123,0.5626664520743453,0.27770967492858495,0.40751866252742,0.4418673761984767,0.5898536560886856,115.38192,16.6513,87.25425,698.024,1.0,0.0,0.0,0.0,0.0,0.0,0.0,0.0,0.0,0.0,0.0,0.0,0.0,0.0,0.0,0.0,0.0,0,0,0.0,0,1,0,1,0.16666666666666666,1,0,0
2,235,2350.8,2359.811,10,0.0,0.0,0.0,0.0,0.0,0.0,0.0,0.0,1.956810252533858e-08,0.508673720318237,0.09551676181810852,136.256,136.256,19.2128,19.2128,1.0,0.0,0.0,0.0,0.0,0.0,0.0,0.0,0.0,0.0,0.0,0.0,0.0,0.0,0.0,0.0,0.0,0,0,0.0,0,1,0,1,0.16666666666666666,1,0,0
2,236,2360.808,2369.824,10,0.0,0.0,0.0,0.0,0.0,0.0,0.0,0.0,1.956810252533858e-08,0.24481012548587344,2.2473453508759743e-08,136.256,136.256,19.2128,19.2128,1.0,0.0,0.0,0.0,0.0,0.0,0.0,0.0,0.0,0.0,0.0,0.0,0.0,0.0,0.0,0.0,0.0,0,0,0.0,0,1,0,1,0.16666666666666666,1,0,0
2,237,2370.829,2379.839,10,0.47685820630811876,4.688246020713626,0.4674624631999829,4.594127595559386,0.3047338911665815,2.210403600856154,0.7193915136266711,0.2210403600856154,0.13398315873195482,0.09913897727048787,0.09840538770522476,121.928496,1.48596,99.99044,425.262,1.0,0.1,0.0,0.1,0.0,0.0,0.0,0.0,0.0,0.1,0.0,0.0,0.0,0.0,0.0,0.0,0.0,0,0,0.0,0,1,0,1,0.16666666666666666,1,0,0
2,238,2380.843,2389.852,10,6.652599064906523,6.898774624706534,0.17263112525396526,1.9120620109087723,0.08404145645129807,0.2727389135098633,0.11026480058798958,0.2914871957474191,0.4352446848907399,0.9558562152833453,0.6396447939752339,8.277975999999999,3.71721,658.422,687.506,1.0,0.4,0.0,0.4,0.0,0.0,2.0,0.0,0.0,0.4,0.0,2.0,0.0,0.0,0.0,0.0,0.0,0,0,0.0,0,1,0,1,0.16666666666666666,1,0,0
2,239,2390.854,2399.865,10,2.799775598646007,3.8969112498977028,-0.6394030861373323,0.5992408979226602,0.08656039372172998,0.6872221987128905,0.21228425157323416,0.1556769849217548,0.1669880579772101,0.9642352968216492,0.18948406788632474,27.406034999999996,7.29261,400.9334,625.641,1.0,0.0,0.0,0.0,0.0,0.0,0.0,0.0,0.0,0.0,0.0,0.0,0.0,0.0,0.0,0.0,0.0,0,0,0.0,0,1,0,1,0.16666666666666666,1,0,0
2,240,2400.867,2409.876,10,6.117277276461219,6.978750960274222,0.6736613234533573,2.5396553413486145,0.13045723449434002,0.3761189618710082,0.17171130226248688,0.11264511645095383,0.12984942499679603,0.9432865084567321,0.1586258200662331,9.327715000000001,5.35306,309.9732,338.406,1.0,0.0,0.0,0.0,0.0,0.0,0.0,0.0,0.0,0.0,0.0,0.0,0.0,0.0,0.0,0.0,0.0,0,0,0.0,0,0,0,0,0.0,0,0,0
2,241,2410.876,2419.89,10,4.316168876566114,6.32169859314552,-0.048262245169482035,2.4020528559977756,0.3566102488967299,0.8426771514252952,0.3042425149011551,0.3578703159489948,0.2770892479519481,0.9620133662306557,0.2635024325373721,12.650687000000001,3.06427,389.9515,530.822,1.0,0.2,0.0,0.2,0.0,0.0,0.0,0.0,0.0,0.1,0.0,0.0,0.0,0.0,0.0,0.0,0.0,0,0,0.0,0,0,0,0,0.0,0,0,0
2,242,2420.891,2429.9,10,3.275138429739612,6.679055979153162,-0.36013024547216094,2.3044900912556106,0.24577743359380505,0.6607151217941327,0.2157840071116347,0.25222735236837746,0.23132316216554782,0.959656413682073,0.24902557383932464,12.275687,2.68146,355.8372,496.808,1.0,0.2,0.0,0.2,0.0,0.0,1.002,0.0,0.0,0.0,0.0,0.0,0.0,0.0,0.0,0.0,0.0,0,0,0.0,0,0,0,0,0.0,0,0,0
2,243,2430.901,2439.907,10,2.304897541625948,3.536909693851331,0.028777975676046386,3.4665867549793288,0.2266443714125292,0.7547969419150352,0.26940230798612674,0.21722542729847766,0.14950591207250835,0.9145168760861513,0.20969617526477183,12.518739,0.48295,236.2676,459.272,1.0,0.2,0.0,0.2,0.0,0.0,0.0,0.0,0.0,0.1,0.0,0.0,0.0,0.0,0.0,0.0,0.0,0,0,0.0,0,0,0,0,0.0,0,0,0
2,244,2440.917,2449.926,10,5.300613716724851,6.674503727057514,0.16406514558016502,2.6484835949496266,0.4296557826283672,0.8831952828241425,0.29992344963120604,0.3211893654380174,0.28293243754457453,0.7727913111354041,0.29660126594571967,17.081653,3.55468,313.8205,454.086,1.0,0.1,0.0,0.1,0.0,0.0,0.0,0.0,0.0,0.1,0.0,0.0,0.0,0.0,0.0,0.0,0.0,0,0,0.0,0,0,0,0,0.0,0,0,0
2,245,2450.928,2459.936,10,4.34075433926769,6.7252138256046035,-0.09864535937283811,1.9875892469461414,0.4804250497489081,1.5573608379490944,0.5358550424207591,0.4233550620106268,0.42172094747576094,0.8317441619007611,0.41168773116002483,18.38996,9.7984,309.92960000000005,409.177,1.0,0.0,0.0,0.0,0.0,0.0,0.0,0.0,0.0,0.0,0.0,0.0,0.0,0.0,0.0,0.0,0.0,0,0,0.0,0,0,0,0,0.0,0,0,0
2,246,2460.94,2469.279,9,0.6510428031920017,3.5327271958493522,-0.40578482641495456,0.0,0.0205052815422605,0.18449809362197336,0.06149730668930397,0.040997525592023736,0.10933875352206229,0.9117549794832082,0.36930283910600403,24.150277777777777,24.0181,370.64255555555553,372.527,1.0,0.0,0.0,0.0,0.0,0.0,0.0,0.0,0.0,0.0,0.0,0.0,0.0,0.0,0.0,0.0,0.0,0,0,0.0,0,0,0,0,0.0,0,0,0
2,247,2470.279,2479.294,10,4.253302066898212,6.711954503068746,0.6641714710682016,2.822234815890853,0.45172746756666554,2.75758148782396,0.8276872585331979,0.7138482756115939,0.6861783699933662,0.5265255391898835,0.5702127906910144,11.845251999999999,0.20463,228.8607,305.21,1.0,0.4,0.0,0.4,0.0,0.0,2.0069999999999997,0.0,0.0,0.0,0.0,0.0,0.0,0.0,0.0,0.0,0.0,0,0,0.0,0,0,0,0,0.0,0,0,0
2,248,2480.297,2489.317,10,6.00141414708767,6.899364195458128,-0.35929054429302515,0.4240069499821341,0.37331134307491237,2.422286934363191,0.7278312744583678,0.559204294052952,0.3126149780214001,0.8852188904612002,0.5305764299150323,29.368133,7.29783,265.2803,460.0,1.0,0.0,0.0,0.0,0.0,0.0,0.0,0.0,0.0,0.0,0.0,0.0,0.0,0.0,0.0,0.0,0.0,0,0,0.0,0,0,0,0,0.0,0,0,0
2,249,2490.311,2499.326,10,4.1866470503764415,6.687500583597823,0.36441863916287043,2.3065641083643054,0.2529584062282481,1.9807215735624646,0.6102308196947883,0.4798584731423744,0.6269546265323799,0.8505349875188883,0.826425029524642,86.78033,15.6572,321.2961,471.384,1.0,0.0,0.0,0.0,0.0,0.0,0.0,0.0,0.0,0.0,0.0,0.0,0.0,0.0,0.0,0.0,0.0,0,0,0.0,0,0,0,0,0.0,0,0,0
2,250,2500.331,2509.337,10,4.159342087755134,6.920436242895569,-0.17795630016643824,2.2924980734298708,0.8459410492481318,2.271007413111532,0.7662351082546677,1.024325171308682,0.7951395060286718,0.8789891179958204,0.7529028534429427,24.664071,2.78678,274.0744,474.455,1.0,0.3,0.0,0.3,0.0,0.0,1.9989999999999999,0.0,0.0,0.1,0.0,0.0,0.0,0.0,0.0,0.0,0.0,0,0,0.0,0,0,0,0,0.0,0,0,0
2,251,2510.339,2519.354,10,0.9219520792966458,3.0133109835842573,-0.4898875701544142,0.1375422300327591,0.10896460563958563,1.0597060175354331,0.33413280476913493,0.14573089942134715,0.3055267043859151,0.8458302018184864,0.572772727376573,7.453797,7.04113,302.73519999999996,303.604,1.0,0.0,0.0,0.0,0.0,0.0,0.0,0.0,0.0,0.0,0.0,0.0,0.0,0.0,0.0,0.0,0.0,0,0,0.0,0,0,0,0,0.0,0,0,0
2,252,2520.35,2529.361,10,0.0,0.0,0.0,0.0,0.0,0.0,0.0,0.0,2.615875854541018e-08,0.8656647626272923,0.00215275740683741,9.0877,6.90984,306.3395,308.326,1.0,0.0,0.0,0.0,0.0,0.0,0.0,0.0,0.0,0.0,0.0,0.0,0.0,0.0,0.0,0.0,0.0,0,0,0.0,0,0,0,0,0.0,0,0,0
2,253,2530.359,2539.371,10,0.7227389657918586,3.7315393254107265,0.37316896615404965,1.9525880570684304,0.02404984857305479,0.22797237953084099,0.07167887500188899,0.04607350549802379,0.05142445867675732,0.7847253191441375,0.07194643942476624,1.341768,1.16818,310.8251,313.084,1.0,1.0,0.0,1.0,0.8,0.8,9.012,7.009,0.0,1.0,0.8,9.012,7.009,0.8,0.0,7.009,0.0,1,1,0.0,5,5,1,2,0.8333333333333334,2,1,0
2,254,2540.373,2549.382,10,5.12665341293895,6.684912269271395,-0.04119757525546627,1.6712199073480194,0.07754200819961884,0.3078032883324217,0.10095992521056892,0.08603312044706568,0.06014849642193486,0.892768051516863,0.04791837008613995,7.733396000000001,1.22301,280.1639,304.399,1.0,0.4,0.0,0.4,0.0,0.0,12.012,0.0,0.0,0.2,0.0,11.016,0.0,0.0,0.0,0.0,0.0,1,1,0.0,0,5,1,2,0.8333333333333334,2,1,0
2,255,2550.386,2559.393,10,3.4875457452724468,6.056501337225174,-0.3338052891912873,2.3421520458646956,0.054230518779384305,0.24354492033204653,0.08324139381260137,0.0660638756766646,0.09828338117516991,0.9584982787459048,0.09788410316964187,11.68599,1.20187,243.03869999999998,257.895,1.0,0.5,0.0,0.5,0.0,0.0,5.015,0.0,0.0,0.0,0.0,0.0,0.0,0.0,0.0,0.0,0.0,1,1,0.0,0,5,1,2,0.8333333333333334,2,1,0
2,256,2560.395,2569.509,10,2.251823377276374,6.771075245349564,0.6756492113881439,3.729318948257162,0.09441526861121115,0.3728728237150772,0.15282719918659626,0.0730840111836145,0.07511748792605988,0.9241294873973805,0.1010794171745355,35.28851,22.6846,235.1159,255.469,1.0,0.0,0.0,0.0,0.0,0.0,0.0,0.0,0.0,0.0,0.0,0.0,0.0,0.0,0.0,0.0,0.0,1,1,0.0,0,5,1,2,0.8333333333333334,2,1,0
2,257,2570.516,2579.521,10,6.3882681337848775,6.852882811287467,-0.1619799298875695,0.6176819411252199,0.36185182215793643,1.287699452909834,0.46792724180612305,0.4586358149954074,0.40788165457794723,0.8040517354968685,0.3857349886493875,21.896778,8.51198,233.2395,394.374,1.0,0.0,0.0,0.0,0.0,0.0,0.0,0.0,0.0,0.0,0.0,0.0,0.0,0.0,0.0,0.0,0.0,1,1,0.0,0,5,1,2,0.8333333333333334,2,1,0
2,258,2580.524,2589.531,10,3.627596851516381,4.176372205185165,-0.09740787246250801,0.5320778888732935,0.07607809998270969,0.3214310842356546,0.11853337052739242,0.1480328012209436,0.22010361282515517,0.7143860478123546,0.32423135677795656,18.221338,4.27718,161.847,175.39,1.0,0.1,0.0,0.1,0.0,0.0,0.0,0.0,0.0,0.0,0.0,0.0,0.0,0.0,0.0,0.0,0.0,1,1,0.0,0,5,1,2,0.8333333333333334,2,1,0
2,259,2590.539,2599.544,10,5.246126042948276,6.641527938158563,0.240671118096952,2.6232337715415546,0.3027047865974418,0.5833150845807722,0.18420832002144472,0.26547564426133874,0.18141826408020173,0.8889736448441441,0.1720138622699355,10.852315,2.29661,114.02646,136.027,1.0,0.3,0.0,0.3,0.0,0.0,0.0,0.0,0.0,0.0,0.0,0.0,0.0,0.0,0.0,0.0,0.0,1,1,0.0,0,5,1,2,0.8333333333333334,2,1,0
2,260,2600.548,2609.074,9,2.7650452647456976,5.9914197570506875,-0.3331622998738645,5.300886800031907,0.4446310273951867,1.997246210690307,0.6627448257177424,0.6849887736800311,0.4437212749726138,0.8989680753650932,0.34143337280900493,24.30960111111111,9.62921,151.8632777777778,367.865,1.0,0.0,0.0,0.0,0.0,0.0,0.0,0.0,0.0,0.0,0.0,0.0,0.0,0.0,0.0,0.0,0.0,1,1,0.0,0,0,0,0,0.0,0,0,0
2,261,2610.076,2619.088,10,3.51691702453369,6.610692795903365,0.2321829804030698,2.5738974336836153,0.14494577876699297,1.1739756737975953,0.3634729223050785,0.15925576768533703,0.33907892691394353,0.7941339068019854,0.6035030864244583,10.110482999999999,3.76889,100.50068,108.705,1.0,0.1,0.0,0.1,0.0,0.0,0.0,0.0,0.0,0.0,0.0,0.0,0.0,0.0,0.0,0.0,0.0,1,1,0.0,0,0,0,0,0.0,0,0,0
2,262,2620.089,2629.095,10,3.4001756052434535,6.5384121021810335,-0.5531655854538895,3.665420097908733,0.7568826999454148,2.244283926755734,0.6957698063419342,0.8530564696893649,0.49451945435220634,0.428648830057631,0.42556598874048995,25.357860000000002,4.59312,240.64652,393.838,1.0,0.1,0.0,0.1,0.1,0.1,0.0,0.0,0.0,0.0,0.0,0.0,0.0,0.0,0.0,0.0,0.0,1,1,0.0,1,1,1,1,0.16666666666666666,1,0,0
2,263,2630.096,2639.115,10,4.064245060922113,6.719434788797406,0.6433644382734792,5.281964793494827,0.45122360362796093,1.626759353350208,0.5064114353754363,0.5706324521335914,0.6086422025021786,0.27895858709426025,0.6683248172761872,20.119114000000003,1.11803,193.1472,393.123,1.0,0.1,0.0,0.1,0.0,0.0,0.0,0.0,0.0,0.1,0.0,0.0,0.0,0.0,0.0,0.0,0.0,1,1,0.0,0,1,1,1,0.16666666666666666,1,0,0
2,264,2640.117,2649.129,10,5.9825912101918615,6.732394801472136,-0.49134158310090453,0.8089951225668197,0.59852568052098,1.390437283616285,0.44209969546430306,0.4477623784597605,0.3986685002627065,0.31894944792622254,0.4525328989790622,42.21813,19.3088,252.96329999999998,374.721,1.0,0.0,0.0,0.0,0.0,0.0,0.0,0.0,0.0,0.0,0.0,0.0,0.0,0.0,0.0,0.0,0.0,1,1,0.0,0,1,1,1,0.16666666666666666,1,0,0
2,265,2650.13,2659.154,10,2.6629297556374523,6.293974467310971,0.4475889988400981,4.08204530026307,0.898023578698586,2.4133745385937826,0.9357100558798205,0.9756980584856076,0.7079642537750759,0.5684683914805108,0.6288187061569417,39.476239,9.06499,205.6175,364.284,1.0,0.0,0.0,0.0,0.0,0.0,0.0,0.0,0.0,0.0,0.0,0.0,0.0,0.0,0.0,0.0,0.0,1,1,0.0,0,1,1,1,0.16666666666666666,1,0,0
2,266,2660.153,2669.156,10,4.269410591826584,6.703114190506784,0.04220133038061348,3.344253683288583,0.7847421086639916,2.4914367581756456,0.951083548079613,0.9286422742152627,0.932047789124822,0.299284451761125,1.0178435301243107,26.967098,3.00303,179.7158,364.934,1.0,0.1,0.0,0.1,0.1,0.1,0.0,0.0,0.0,0.0,0.0,0.0,0.0,0.0,0.0,0.0,0.0,0,0,0.0,1,2,1,1,0.3333333333333333,1,0,0
2,267,2670.163,2679.169,10,2.5039201406778973,6.722946758396191,-0.49301995483075806,1.0140775797908066,0.3493033333598039,0.9333444398928272,0.3848136751904385,0.375695131489724,0.48501629472940155,0.3795044281582766,0.6278408971892956,17.145337,4.58014,243.0637,356.481,1.0,0.3,0.0,0.3,0.0,0.0,2.001,0.0,0.0,0.3,0.0,2.001,0.0,0.0,0.0,0.0,0.0,0,0,0.0,0,2,1,1,0.3333333333333333,1,0,0
2,268,2680.173,2689.194,10,3.03168288792346,6.951600299439289,-0.17644523306578855,2.7401078993838817,0.5658103302260785,2.2751827917104257,0.6843524405962832,0.5859869383518894,0.5589864182218279,0.6430387617483719,0.5080143829953057,23.8775329,0.604579,240.68519999999998,392.967,1.0,0.1,0.0,0.1,0.0,0.0,0.0,0.0,0.0,0.1,0.0,0.0,0.0,0.0,0.0,0.0,0.0,0,0,0.0,0,2,1,1,0.3333333333333333,1,0,0
2,269,2690.195,2699.204,10,1.9424602639284962,5.734235210078784,0.571730762788079,2.5166976365324785,0.30364902757663287,1.8443194307621746,0.5932952760174187,0.18444618904262433,0.1583203552098757,0.44903460188386857,0.4759052104226994,29.684050000000003,17.4978,144.4251,392.881,1.0,0.0,0.0,0.0,0.0,0.0,0.0,0.0,0.0,0.0,0.0,0.0,0.0,0.0,0.0,0.0,0.0,0,0,0.0,0,1,1,1,0.16666666666666666,1,0,0
2,270,2700.205,2709.217,10,5.030619167088824,6.700354808495315,0.08788373612762301,3.365270743779462,0.24303862960476424,0.7508938380475957,0.24515022733147537,0.24046689321791956,0.3469035325782638,0.4640051981897283,0.5198237657790347,19.43124,3.4879,233.97755999999998,342.024,1.0,0.1,0.0,0.1,0.0,0.0,0.0,0.0,0.0,0.1,0.0,0.0,0.0,0.0,0.0,0.0,0.0,0,0,0.0,0,1,1,1,0.16666666666666666,1,0,0
2,271,2710.217,2719.23,10,4.678351310327875,6.741528146944536,-0.47850406963217357,0.1274845750406879,0.2141635797568373,1.006982126331022,0.3294597374324847,0.2319548883446935,0.1456070611788567,0.8326427404998101,0.1678274576166759,30.784429999999997,11.826,144.29757,283.509,1.0,0.0,0.2,0.0,0.0,0.0,0.0,0.0,0.0,0.0,0.0,0.0,0.0,0.0,0.0,0.0,0.0,0,0,0.0,0,1,1,1,0.16666666666666666,1,0,0
2,272,2720.235,2729.243,10,2.8194263158192223,5.863814899779881,0.0010504157015313043,3.117095955319226,0.6744694113449912,1.8064819916313868,0.7069007534001454,0.765369795348613,0.6515331324947143,0.9481075157394871,0.5571044523748033,37.13046,19.3855,149.28711,272.759,1.0,0.0,0.1,0.0,0.0,0.0,0.0,0.0,0.0,0.0,0.0,0.0,0.0,0.0,0.0,0.0,0.0,0,0,0.0,0,0,0,0,0.0,0,0,0
2,273,2730.245,2739.251,10,1.3719095031225943,3.855473790470588,-0.05628314824445117,2.081043251795722,0.4060753055036816,1.673505849828097,0.5383272610591228,0.4413673761107451,0.5010127906709329,0.7731396141572292,0.6702005316940904,63.081095000000005,7.97875,69.79234,266.656,1.0,0.0,0.1,0.0,0.0,0.0,0.0,0.0,0.0,0.0,0.0,0.0,0.0,0.0,0.0,0.0,0.0,0,0,0.0,0,0,0,0,0.0,0,0,0
2,274,2740.254,2749.265,10,1.8241295312208106,3.1428377275543578,-0.10400533035597095,2.120780570925649,0.15709852232479332,0.4845146504119163,0.1533664449415004,0.21698254230147757,0.13925231063107085,0.2504506198268238,0.20213395470632975,61.803340000000006,56.1361,22.8885,24.1672,1.0,0.0,0.0,0.0,0.0,0.0,0.0,0.0,0.0,0.0,0.0,0.0,0.0,0.0,0.0,0.0,0.0,0,0,0.0,0,0,0,0,0.0,0,0,0
2,275,2750.267,2759.283,10,0.9836372016370749,5.803791719707907,0.5524276983887122,4.898334570950905,0.08183282881312423,0.47147012840343333,0.14646405685227765,0.07758313266706533,0.07820511896618543,0.26933372344660966,0.12397750169180273,62.403949999999995,53.8163,45.603049999999996,263.051,1.0,0.0,0.0,0.0,0.0,0.0,0.0,0.0,0.0,0.0,0.0,0.0,0.0,0.0,0.0,0.0,0.0,0,0,0.0,0,0,0,0,0.0,0,0,0
2,276,2760.277,2769.291,10,3.1716333860443844,6.672790586885534,-0.46620355574816097,1.0166356700844554,0.5414220240909715,1.6405123178986287,0.5924160337816512,0.5615963878355478,0.5650625075029756,0.18433947052421717,0.5354458613738029,59.1958,28.5399,245.41715,511.617,1.0,0.0,0.0,0.0,0.0,0.0,0.0,0.0,0.0,0.0,0.0,0.0,0.0,0.0,0.0,0.0,0.0,0,0,0.0,0,0,0,0,0.0,0,0,0
2,277,2770.291,2779.301,10,0.6097826882663524,0.9978999999999996,-0.08313859405886334,0.2853386163043632,0.0,0.0,0.0,0.0,0.003811977959582698,0.19594557447387623,0.23412177259958425,51.65327,44.4417,36.716073,275.88,1.0,0.0,0.0,0.0,0.0,0.0,0.0,0.0,0.0,0.0,0.0,0.0,0.0,0.0,0.0,0.0,0.0,0,0,0.0,0,0,0,0,0.0,0,0,0
2,278,2780.305,2789.31,10,0.6374845624162551,1.122137012735732,0.07962868577455041,0.3130104284597681,0.02211167482115208,0.2211167482115208,0.06992325531583686,0.02211167482115208,0.009888669663808351,0.212509588431926,0.0069923645207461745,33.47132,21.5083,7.499244,8.51758,1.0,0.0,0.2,0.0,0.0,0.0,0.0,0.0,0.0,0.0,0.0,0.0,0.0,0.0,0.0,0.0,0.0,0,0,0.0,0,0,0,0,0.0,0,0,0
2,279,2790.313,2799.321,10,0.6179637328861028,3.567251046994705,-0.11275983987487943,2.437800632361888,0.03967820076060064,0.1841301498007622,0.07112840429984063,0.04163102724066382,0.06229993081837174,0.4394967556589905,0.08678400651055802,16.353569999999998,12.3943,28.0152182,272.998,1.0,0.0,0.8,0.0,0.0,0.0,0.0,0.0,0.0,0.0,0.0,0.0,0.0,0.0,0.0,0.0,0.0,0,0,0.0,0,0,0,0,0.0,0,0,0
2,280,2800.321,2809.341,10,0.27447678140961795,1.0020977996187896,0.049446336734567754,0.7165978781182469,0.206953663935445,0.7891220160322391,0.2839959590561028,0.2920467186574607,0.21289788784078997,0.603980184545972,0.18696696583663514,17.823801999999997,4.75926,135.4418103,270.303,1.0,0.1,0.5,0.1,0.0,0.0,0.0,0.0,0.0,0.0,0.0,0.0,0.0,0.0,0.0,0.0,0.0,0,0,0.0,0,0,0,0,0.0,0,0,0
2,281,2810.338,2819.351,10,1.321050648006893,3.380773478325198,0.2861292324242608,1.7008107769409333,1.1619666579602097,2.074842991899923,0.6140297483391217,0.6751515407523694,0.7001211516138592,0.3354088304306163,0.6680867746071912,61.30550900000001,9.08069,361.5263434,509.579,1.0,0.0,0.0,0.0,0.0,0.0,0.0,0.0,0.0,0.0,0.0,0.0,0.0,0.0,0.0,0.0,0.0,0,0,0.0,0,0,0,0,0.0,0,0,0
2,282,2820.351,2829.36,10,3.019355367750695,6.3793765091613475,-0.10110816155462814,2.1629848875012523,0.5766935973605177,1.440704329513444,0.5185256064719429,0.4632025915829203,0.39934153083702845,0.6118295713605792,0.5390762005796603,89.76194000000001,49.5302,395.81859,522.878,1.0,0.0,0.1,0.0,0.0,0.0,0.0,0.0,0.0,0.0,0.0,0.0,0.0,0.0,0.0,0.0,0.0,0,0,0.0,0,0,0,0,0.0,0,0,0
2,283,2830.362,2839.372,10,1.9308217201657694,3.4207168913820385,0.10486309089752946,2.840253779016939,0.2267622762226041,1.0243321502247942,0.337430449013198,0.18666518938271992,0.2401145365387433,0.4308086679997919,0.3944783785083343,14.689865000000001,3.65677,274.96680000000003,282.102,1.0,0.1,0.0,0.1,0.1,0.1,0.0,0.0,0.0,0.0,0.0,0.0,0.0,0.0,0.0,0.0,0.0,0,0,0.0,0,0,0,0,0.0,0,0,0
2,284,2840.375,2849.383,10,1.82548147206415,2.806012047372154,-0.10116794558391029,1.9484078230043247,0.3534622508258866,0.9504875996053954,0.2824267342608521,0.28050587111615227,0.23547999037313033,0.26754542046513335,0.231407192957501,25.6964409,0.989129,315.95879,521.442,1.0,0.1,0.1,0.0,0.0,0.0,0.0,0.0,0.0,0.0,0.0,0.0,0.0,0.0,0.0,0.0,0.0,0,0,0.0,0,0,0,0,0.0,0,0,0
2,285,2850.384,2859.397,10,0.7702880396332114,2.1876069040037565,-0.23885605453641384,0.8545997858330263,0.4532992129023806,1.217500069772327,0.5205459523864168,0.4543948855434655,0.45761205930540055,0.6870537152043896,0.4160616966417729,21.851539,8.49879,336.029182,510.686,1.0,0.0,0.0,0.0,0.0,0.0,0.0,0.0,0.0,0.0,0.0,0.0,0.0,0.0,0.0,0.0,0.0,0,0,0.0,0,0,0,0,0.0,0,0,0
2,286,2860.392,2869.405,10,0.0,0.0,0.0,0.0,0.0,0.0,0.0,0.0,0.10742254919528063,0.8246800696807632,0.28482088527930804,22.0436,22.0436,270.357,270.357,1.0,0.0,0.0,0.0,0.0,0.0,0.0,0.0,0.0,0.0,0.0,0.0,0.0,0.0,0.0,0.0,0.0,0,0,0.0,0,0,0,0,0.0,0,0,0
2,287,2870.405,2879.422,10,0.022427350353521808,0.22427350353521808,-2.2360224958201114e-05,0.22382585183155496,0.0,0.0,0.0,0.0,0.0,0.640891247603504,0.0,22.021130000000003,22.0115,270.2415,270.357,1.0,0.0,0.0,0.0,0.0,0.0,0.0,0.0,0.0,0.0,0.0,0.0,0.0,0.0,0.0,0.0,0.0,0,0,0.0,0,0,0,0,0.0,0,0,0
2,288,2880.42,2889.429,10,0.03673125281787637,0.3673125281787637,-0.00018310767349957735,0.3658491316521551,0.11808858359422822,1.0441818643593885,0.3282198759825259,0.20883637076664052,0.2350310636198385,0.9645737738890118,0.16843289532218397,26.69595,22.0115,389.244,508.296,1.0,0.0,0.0,0.0,0.0,0.0,0.0,0.0,0.0,0.0,0.0,0.0,0.0,0.0,0.0,0.0,0.0,0,0,0.0,0,0,0,0,0.0,0,0,0
2,289,2890.436,2899.446,10,0.7704075682344069,3.4321305700687033,0.0013042619063789952,2.3787548908678797,0.19185081262121603,1.2660279495419944,0.40106736198687115,0.3145850160918856,0.31126460517647614,0.8610683351573144,0.4234430635821774,70.05179000000001,10.1174,505.7652,508.296,1.0,0.0,0.0,0.0,0.0,0.0,0.0,0.0,0.0,0.0,0.0,0.0,0.0,0.0,0.0,0.0,0.0,0,0,0.0,0,0,0,0,0.0,0,0,0
2,290,2900.439,2906.445,7,0.0,0.0,0.0,0.0,1.4903462814558375e-08,1.5006204626231275e-08,5.4839575533191144e-11,9.121780454587348e-11,8.863154521923494e-11,0.9147327010332271,0.08513705107259392,80.7017,80.7017,505.091,505.091,1.0,0.0,0.0,0.0,0.0,0.0,0.0,0.0,0.0,0.0,0.0,0.0,0.0,0.0,0.0,0.0,0.0,0,0,0.0,0,0,0,0,0.0,0,0,0
3,0,0.0,9.844,11,0.0,0.0,0.0,0.0,0.0,0.0,0.0,0.0,0.0,0.0,0.0,180.0,180.0,0.0,0.0,0.0,0.0,0.0,0.0,0.0,0.0,0.0,0.0,0.0,0.0,0.0,0.0,0.0,0.0,0.0,0.0,0.0,0,0,0.0,0,0,0,0,0.0,0,0,0
3,1,10.839,19.854,10,0.0,0.0,0.0,0.0,0.17184973744840715,1.0928760381782567,0.37866089955442517,0.10928760895917393,0.07785682513767275,0.0,0.0576499758579449,180.0,180.0,0.0,0.0,0.0,0.0,0.0,0.0,0.0,0.0,0.0,0.0,0.0,0.0,0.0,0.0,0.0,0.0,0.0,0.0,0.0,0,0,0.0,0,0,0,0,0.0,0,0,0
3,2,20.863,29.863,10,3.918985452573802,6.776855008242954,0.6746799533032724,3.433403084617917,0.7998395393628199,2.908275823046618,1.07377825517652,0.979898523896215,0.8388463533872914,0.7483479387485963,0.6827365393257467,180.0,180.0,0.0,0.0,0.0,0.0,0.0,0.0,0.0,0.0,0.0,0.0,0.0,0.0,0.0,0.0,0.0,0.0,0.0,0.0,0.0,0,0,0.0,0,0,0,0,0.0,0,0,0
3,3,30.868,39.874,10,6.2144983898629835,7.282661630510558,0.06156678361190324,2.6946557727668905,0.5940380318158335,1.61502773770745,0.4773891242883186,0.6215783207417486,0.5472786962116636,0.9304831107176177,0.8386022617340629,180.0,180.0,0.0,0.0,0.0,0.0,0.0,0.0,0.0,0.0,0.0,0.0,0.0,0.0,0.0,0.0,0.0,0.0,0.0,0.0,0.0,0,0,0.0,0,0,0,0,0.0,0,0,0
3,4,40.874,49.884,10,6.6984139304136985,7.355617182038145,0.033592567644252336,1.500173968627754,0.17432762520772288,0.4644659777727497,0.14168287815694103,0.19820500495817298,0.2722312271340879,0.6630159003412482,0.41030907690754265,180.0,180.0,0.0,0.0,0.0,0.0,0.0,0.0,0.0,0.0,0.0,0.0,0.0,0.0,0.0,0.0,0.0,0.0,0.0,0.0,0.0,0,0,0.0,0,0,0,0,0.0,0,0,0
3,5,50.888,59.9,10,1.2906827361796878,6.800653649268792,-0.5492803382441499,1.652676335144323,0.5365042876082098,2.9299166533778815,0.8729232316434062,0.691065416721295,0.7032049285815646,0.860591428043701,0.6653780464663297,180.0,180.0,0.0,0.0,0.0,0.0,0.0,0.0,0.0,0.0,0.0,0.0,0.0,0.0,0.0,0.0,0.0,0.0,0.0,0.0,0.0,0,0,0.0,0,0,0,0,0.0,0,0,0
3,6,60.9,69.9,10,0.7809999749521899,3.2492151411184853,0.011925638738438193,3.278723654004526,0.447013680634183,2.555618868128045,0.8115948915183339,0.5445197684916071,0.3327140979604476,0.7711259837140033,0.49431076062951346,180.0,180.0,0.0,0.0,0.0,0.0,0.0,0.0,0.0,0.0,0.0,0.0,0.0,0.0,0.0,0.0,0.0,0.0,0.0,0.0,0.0,0,0,0.0,0,0,0,0,0.0,0,0,0
3,7,70.913,79.917,10,2.3952157889087835,6.617524879219625,-0.19633872092042992,4.101827777833157,0.4542669632480716,2.756488711641159,0.8330300523879123,0.7597225063731109,0.9057152150024589,0.22506019303649355,0.9454145782765273,180.0,180.0,0.0,0.0,0.0,0.0,0.0,0.0,0.0,0.0,0.0,0.0,0.0,0.0,0.0,0.0,0.0,0.0,0.0,0.0,0.0,0,0,0.0,0,0,0,0,0.0,0,0,0
3,8,80.913,86.919,7,0.14004103632155573,0.9802872542508901,-0.0008319137696129067,0.9725071966774703,0.026925215493347754,0.1884764240472363,0.07123738697258732,0.053850403958845,0.03612397771841761,0.12887993780940998,0.4125217973093684,180.0,180.0,0.0,0.0,0.0,0.0,0.0,0.0,0.0,0.0,0.0,0.0,0.0,0.0,0.0,0.0,0.0,0.0,0.0,0.0,0.0,0,0,0.0,0,0,0,0,0.0,0,0,0
3,12,126.973,129.967,4,0.4994385974653093,0.9433981208385707,0.0248078930985092,0.9433981208385707,0.8754448452120521,3.109376837028941,1.4943837924000818,1.5546884185144705,1.0461598564394443,0.3589025287321096,0.7534292055967918,180.0,180.0,0.0,0.0,0.0,0.0,0.0,0.0,0.0,0.0,0.0,0.0,0.0,0.0,0.0,0.0,0.0,0.0,0.0,0.0,0.0,0,0,0.0,0,0,0,0,0.0,0,0,0
3,13,130.973,131.97,2,0.0,0.0,-0.050838594447328724,0.0,0.0,0.0,0.0,0.0,1.3662568542121432,0.9003232746018782,0.968325474054597,180.0,180.0,0.0,0.0,0.0,0.0,0.0,0.0,0.0,0.0,0.0,0.0,0.0,0.0,0.0,0.0,0.0,0.0,0.0,0.0,0.0,0,0,0.0,0,0,0,0,0.0,0,0,0
3,17,171.499,179.259,9,536.0015690886434,4823.986858216301,-178.66313236167142,4823.986858216301,0.29307870834611527,2.4410767880863173,0.8067205704921211,0.2986407458335768,0.1569006081986223,0.9991195930879749,0.6378242377162844,180.0,180.0,0.0,0.0,0.0,0.0,0.0,0.0,0.0,0.0,0.0,0.0,0.0,0.0,0.0,0.0,0.0,0.0,0.0,0.0,0.0,0,0,0.0,0,0,0,0,0.0,0,0,0
3,18,180.245,189.273,10,4.045109239984851,6.6687078283990475,0.4056724869013113,1.640641422808875,0.5715368827127012,1.4856399691773083,0.5049440393872839,0.6229237649456023,0.6968785610573573,0.9964776764869251,0.7988725484859087,180.0,180.0,0.0,0.0,0.0,0.0,0.0,0.0,0.0,0.0,0.0,0.0,0.0,0.0,0.0,0.0,0.0,0.0,0.0,0.0,0.0,0,0,0.0,0,0,0,0,0.0,0,0,0
3,19,190.27,192.272,3,3.9445097440431947,4.037083859668276,-0.06841658954834777,0.11618712212495907,0.32377939543736806,0.6902479149189982,0.31968323334107224,0.35434196387266886,0.36081084478742514,0.8069736921446093,0.4104995477611397,180.0,180.0,0.0,0.0,0.0,0.0,0.0,0.0,0.0,0.0,0.0,0.0,0.0,0.0,0.0,0.0,0.0,0.0,0.0,0.0,0.0,0,0,0.0,0,0,0,0,0.0,0,0,0
3,38,383.475,389.477,7,0.06388767087459887,0.44721369612219214,-0.5535859811412568,0.0,6.554312013824327e-06,4.5880184096770287e-05,1.734107960370211e-05,0.09860684498842831,0.1716654488518981,0.7250975812900367,0.31384655121909805,180.0,180.0,0.0,0.0,0.0,0.0,0.0,0.0,0.0,0.0,0.0,0.0,0.0,0.0,0.0,0.0,0.0,0.0,0.0,0.0,0.0,0,0,0.0,0,0,0,0,0.0,0,0,0
3,39,390.479,399.483,10,0.0,0.0,0.0,0.0,0.0,0.0,0.0,0.0,5.2683044162022113e-08,0.9073329858534877,0.04353603027294119,180.0,180.0,0.0,0.0,0.0,0.0,0.0,0.0,0.0,0.0,0.0,0.0,0.0,0.0,0.0,0.0,0.0,0.0,0.0,0.0,0.0,0,0,0.0,0,0,0,0,0.0,0,0,0
3,40,400.487,409.501,10,1.6182277288646982,6.640859909027054,0.03002311565787926,2.4319134033240797,0.4311707023041624,2.1384954344928366,0.7036062901780864,0.4772702434822528,0.3864708282195117,0.933256569627197,0.35842824158811737,180.0,180.0,0.0,0.0,0.0,0.0,0.0,0.0,0.0,0.0,0.0,0.0,0.0,0.0,0.0,0.0,0.0,0.0,0.0,0.0,0.0,0,0,0.0,0,0,0,0,0.0,0,0,0
3,41,410.498,419.512,10,3.0323748287827064,4.127573574147742,0.2426851520276319,3.7204799998915012,1.226792256673155,2.571644968565836,0.779953675570006,0.9877383693462753,0.7950145307695132,0.36735116097488546,0.8016733370291969,180.0,180.0,0.0,0.0,0.0,0.0,0.0,0.0,0.0,0.0,0.0,0.0,0.0,0.0,0.0,0.0,0.0,0.0,0.0,0.0,0.0,0,0,0.0,0,0,0,0,0.0,0,0,0
3,42,420.515,429.535,10,4.042348160269788,6.652260703949151,0.3998993228350751,1.752876585723888,0.5608337165155056,1.1719234562492575,0.3524813185623351,0.6593182873450412,0.5688075421436746,0.3772756627628466,0.7096826825797368,180.0,180.0,0.0,0.0,0.0,0.0,0.0,0.0,0.0,0.0,0.0,0.0,0.0,0.0,0.0,0.0,0.0,0.0,0.0,0.0,0.0,0,0,0.0,0,0,0,0,0.0,0,0,0
3,43,430.532,439.542,10,3.7743082223744544,6.863272639873776,-0.36093123820199535,2.096062147675603,0.8097791387639685,1.7661916963642839,0.5485858484737368,0.2737727959758313,0.34276989354174814,0.6435893705409361,0.382407665718823,180.0,180.0,0.0,0.0,0.0,0.0,0.0,0.0,0.0,0.0,0.0,0.0,0.0,0.0,0.0,0.0,0.0,0.0,0.0,0.0,0.0,0,0,0.0,0,0,0,0,0.0,0,0,0
3,44,440.538,449.552,10,5.035171263418807,6.747828485730992,-0.052181739162410826,1.9792825279754043,0.6294920885592701,2.3958365858513315,0.8354275946721273,0.49268067159196116,0.5514819959593662,0.58008362915971,0.7391227524951665,180.0,180.0,0.0,0.0,0.0,0.0,0.0,0.0,0.0,0.0,0.0,0.0,0.0,0.0,0.0,0.0,0.0,0.0,0.0,0.0,0.0,0,0,0.0,0,0,0,0,0.0,0,0,0
3,45,450.553,459.561,10,1.4789935626497188,3.768912337328155,0.12334314306955854,3.027003676290273,0.5467763532951291,2.1503295323992577,0.6619830092278737,0.783668015059695,0.39339439432132295,0.6276264511368399,0.4171690921563867,180.0,180.0,0.0,0.0,0.0,0.0,0.0,0.0,0.0,0.0,0.0,0.0,0.0,0.0,0.0,0.0,0.0,0.0,0.0,0.0,0.0,0,0,0.0,0,0,0,0,0.0,0,0,0
3,46,460.562,469.576,10,3.5125269471752,5.7523529177195085,-0.041442702647131256,2.218423787033632,1.1794613731490933,2.7869221536912856,0.8096883768900935,0.9455769989164408,0.6832557252989072,0.4547223175122682,0.6715588115755609,180.0,180.0,0.0,0.0,0.0,0.0,0.0,0.0,0.0,0.0,0.0,0.0,0.0,0.0,0.0,0.0,0.0,0.0,0.0,0.0,0.0,0,0,0.0,0,0,0,0,0.0,0,0,0
3,47,470.578,479.58,10,5.184827990164727,6.788443461471983,0.04403877517862602,3.3302399706973573,0.6383271108290234,2.353984960655638,0.7664644501852101,0.7132343784184393,0.8024628104125071,0.3724239357284058,0.9309936713285645,180.0,180.0,0.0,0.0,0.0,0.0,0.0,0.0,0.0,0.0,0.0,0.0,0.0,0.0,0.0,0.0,0.0,0.0,0.0,0.0,0.0,0,0,0.0,0,0,0,0,0.0,0,0,0
3,48,480.593,489.593,10,5.284312211709052,6.59981080511776,-0.018944169253161648,2.4159071071105735,0.31266326252297455,1.3547191389080802,0.43885771040762017,0.5307932753941317,0.5827742597009836,0.6924714159446437,0.7083966899181624,180.0,180.0,0.0,0.0,0.0,0.0,0.0,0.0,0.0,0.0,0.0,0.0,0.0,0.0,0.0,0.0,0.0,0.0,0.0,0.0,0.0,0,0,0.0,0,0,0,0,0.0,0,0,0
3,49,490.598,499.607,10,5.532183923169939,6.847568369356408,0.27742153788303325,4.324170722493614,0.08278908563577221,0.2776861871977989,0.08988570113654426,0.08169759446413341,0.20615435368756635,0.8297863368139339,0.355474958636985,180.0,180.0,0.0,0.0,0.0,0.0,0.0,0.0,0.0,0.0,0.0,0.0,0.0,0.0,0.0,0.0,0.0,0.0,0.0,0.0,0.0,0,0,0.0,0,0,0,0,0.0,0,0,0
3,50,500.611,509.621,10,1.7653624183340948,6.874547193376025,-0.6147609295763341,0.8132976629309515,0.40988166785882474,1.8198014660238595,0.5932483334148112,0.47809773958586277,0.3537369370624955,0.8281893721802751,0.2802442579183647,180.0,180.0,0.0,0.0,0.0,0.0,0.0,0.0,0.0,0.0,0.0,0.0,0.0,0.0,0.0,0.0,0.0,0.0,0.0,0.0,0.0,0,0,0.0,0,0,0,0,0.0,0,0,0
3,51,510.622,519.632,10,0.6315079634030094,1.6395948862692624,0.0011443139855143558,1.5107123499915478,0.10040388172595323,0.40103743284543864,0.12951601178358782,0.14599339913819256,0.2522354265114196,0.7528256794212903,0.44248632548177624,180.0,180.0,0.0,0.0,0.0,0.0,0.0,0.0,0.0,0.0,0.0,0.0,0.0,0.0,0.0,0.0,0.0,0.0,0.0,0.0,0.0,0,0,0.0,0,0,0,0,0.0,0,0,0
3,52,520.638,529.668,10,1411.1949780049922,14089.691990029609,-30.473060380699643,13812.413071149627,0.4840520448402761,1.2598664367848025,0.4549521039313346,0.32288061017732744,0.36657788920790785,0.4980797706248795,0.3957749020642275,25.207400000000003,24.8088,5.625109999999999,5.71442,0.3,0.0,0.6666666666666666,0.0,0.0,0.0,0.0,0.0,0.0,0.0,0.0,0.0,0.0,0.0,0.0,0.0,0.0,0,0,0.0,0,0,0,0,0.0,0,0,0
3,53,530.68,539.687,10,0.026366847706608975,0.26366847706608976,0.0008102582118052315,0.26660108904559127,0.07625962059525375,0.46781479004416326,0.16586184489873773,0.04678147707879907,0.06607920648772966,0.9978582483830645,0.22968806848611867,23.91791,17.5436,6.232730999999999,12.3916,1.0,0.0,0.9,0.0,0.0,0.0,0.0,0.0,0.0,0.0,0.0,0.0,0.0,0.0,0.0,0.0,0.0,0,0,0.0,0,0,0,0,0.0,0,0,0
3,54,540.677,549.684,10,0.1530523807446029,1.5206228123963093,0.0036478839501280927,1.5422138056757702,0.03840810048655795,0.38408081540600886,0.12145701156884031,0.12359764067269438,0.1403824957985089,0.9961588325161672,0.17683666839449907,22.1763,18.5484,5.634078000000001,12.3942,1.0,0.0,1.0,0.0,0.0,0.0,0.0,0.0,0.0,0.0,0.0,0.0,0.0,0.0,0.0,0.0,0.0,0,0,0.0,0,0,0,0,0.0,0,0,0
3,55,550.684,559.749,10,0.2291506396326132,1.8867677729427952,0.0024280401487488225,1.4909749995567991,0.1501478177035184,1.1918814864136897,0.3787388225777876,0.23837629595028487,0.20814036240378533,0.9424152218164924,0.17560365298123112,48.32394,22.9482,3.8302059999999996,3.96583,1.0,0.0,1.0,0.0,0.0,0.0,0.0,0.0,0.0,0.0,0.0,0.0,0.0,0.0,0.0,0.0,0.0,0,0,0.0,0,0,0,0,0.0,0,0,0
3,56,560.703,569.718,10,0.08220603568088074,0.7059059259166809,-0.00017585415280877426,0.5891623326918626,0.25335070700023116,1.572554502163058,0.5108138149549042,0.44395282913581535,0.3866418887491389,0.8777967278671465,0.41049136867075847,72.60481,51.3011,2.278855,2.6329,1.0,0.0,1.0,0.0,0.0,0.0,0.0,0.0,0.0,0.0,0.0,0.0,0.0,0.0,0.0,0.0,0.0,0,0,0.0,0,0,0,0,0.0,0,0,0
3,57,570.721,579.733,10,0.35574771986905745,1.6421535766398359,0.0008276436514679907,1.2327762575505856,0.2752839749307022,1.7760565131415258,0.565106381817534,0.4560208176422373,0.5736797190580776,0.4159451986620474,0.6358800434482411,29.90648,13.3648,9.664031,11.4341,1.0,0.0,1.0,0.0,0.0,0.0,0.0,0.0,0.0,0.0,0.0,0.0,0.0,0.0,0.0,0.0,0.0,0,0,0.0,0,0,0,0,0.0,0,0,0
3,58,580.731,589.737,10,0.19328334576944434,1.9228633230981154,0.0007676124072619085,1.9247881112093246,0.22111542655724903,1.7899335827698468,0.5668988421745803,0.35798671360203016,0.43802403070372453,0.5052124251220891,0.42253525465132596,65.09358,39.0857,5.455996,9.42849,1.0,0.0,0.9,0.0,0.0,0.0,0.0,0.0,0.0,0.0,0.0,0.0,0.0,0.0,0.0,0.0,0.0,0,0,0.0,0,0,0,0,0.0,0,0,0
3,59,590.739,599.753,10,0.30279197460574414,1.6382278414702185,-0.00038886906615047677,1.129938396303681,0.3162231461746546,1.7161779429060429,0.6399640182427391,0.3432355871015248,0.4889866437329535,0.32699680593001623,0.6313955066988005,30.834576,8.24136,7.097103,11.1828,1.0,0.0,0.3,0.0,0.0,0.0,0.0,0.0,0.0,0.0,0.0,0.0,0.0,0.0,0.0,0.0,0.0,0,0,0.0,0,0,0,0,0.0,0,0,0
3,60,600.751,609.759,10,0.45498841299969167,1.9881718158922215,0.00221446132800619,1.5255092863982356,0.23858689323845933,1.120706681592924,0.36718555025769817,0.26680954132527607,0.2859464220528543,0.23597906649732758,0.46534475620570986,33.89146,13.1329,4.884276,10.378,1.0,0.0,0.8,0.0,0.0,0.0,0.0,0.0,0.0,0.0,0.0,0.0,0.0,0.0,0.0,0.0,0.0,0,0,0.0,0,0,0,0,0.0,0,0,0
3,61,610.763,619.772,10,0.0,0.0,0.0,0.0,0.0,0.0,0.0,0.0,0.001679514008111618,0.637759167651112,0.16016726843143164,45.9191,45.849,2.232949,2.23735,1.0,0.0,1.0,0.0,0.0,0.0,0.0,0.0,0.0,0.0,0.0,0.0,0.0,0.0,0.0,0.0,0.0,0,0,0.0,0,0,0,0,0.0,0,0,0
3,62,620.769,629.79,10,0.0,0.0,0.0,0.0,0.0,0.0,0.0,0.0,1.2357583744186534e-08,0.5527385136031088,1.91418950873961e-08,32.42767,24.1351,2.71162,3.90712,1.0,0.0,1.0,0.0,0.0,0.0,0.0,0.0,0.0,0.0,0.0,0.0,0.0,0.0,0.0,0.0,0.0,0,0,0.0,0,0,0,0,0.0,0,0,0
3,63,630.786,639.797,10,0.0,0.0,0.0,0.0,0.0,0.0,0.0,0.0,1.2357583744186534e-08,0.0,1.91418950873961e-08,38.07116,34.3793,2.3329519999999997,4.10819,1.0,0.0,1.0,0.0,0.0,0.0,0.0,0.0,0.0,0.0,0.0,0.0,0.0,0.0,0.0,0.0,0.0,0,0,0.0,0,0,0,0,0.0,0,0,0
3,64,640.802,649.817,10,0.0,0.0,0.0,0.0,0.0,0.0,0.0,0.0,1.2357583744186534e-08,0.0,1.91418950873961e-08,42.781819999999996,37.4071,3.4675939999999996,4.10867,1.0,0.0,1.0,0.0,0.0,0.0,0.0,0.0,0.0,0.0,0.0,0.0,0.0,0.0,0.0,0.0,0.0,0,0,0.0,0,0,0,0,0.0,0,0,0
3,65,650.819,659.831,10,0.0,0.0,0.0,0.0,0.0,0.0,0.0,0.0,1.2357583744186534e-08,0.0,1.91418950873961e-08,42.24368,36.0674,3.4794069999999997,4.10903,1.0,0.0,1.0,0.0,0.0,0.0,0.0,0.0,0.0,0.0,0.0,0.0,0.0,0.0,0.0,0.0,0.0,0,0,0.0,0,0,0,0,0.0,0,0,0
3,66,660.832,669.847,10,0.0,0.0,0.0,0.0,0.0,0.0,0.0,0.0,1.2357583744186534e-08,0.0,1.91418950873961e-08,43.23662,40.3278,3.874422,4.10777,1.0,0.0,1.0,0.0,0.0,0.0,0.0,0.0,0.0,0.0,0.0,0.0,0.0,0.0,0.0,0.0,0.0,0,0,0.0,0,0,0,0,0.0,0,0,0
3,67,670.847,679.864,10,0.0,0.0,0.0,0.0,0.0,0.0,0.0,0.0,1.2357583744186534e-08,0.0,1.91418950873961e-08,42.0079,34.3764,4.044097,5.93455,1.0,0.0,0.9,0.0,0.0,0.0,0.0,0.0,0.0,0.0,0.0,0.0,0.0,0.0,0.0,0.0,0.0,0,0,0.0,0,0,0,0,0.0,0,0,0
3,68,680.88,689.883,10,0.0,0.0,0.0,0.0,0.0,0.0,0.0,0.0,1.2357583744186534e-08,0.0,1.91418950873961e-08,37.531330000000004,25.4065,4.211361,6.13412,1.0,0.0,0.6,0.0,0.0,0.0,0.0,0.0,0.0,0.0,0.0,0.0,0.0,0.0,0.0,0.0,0.0,0,0,0.0,0,0,0,0,0.0,0,0,0
3,69,690.881,699.896,10,0.0,0.0,0.0,0.0,0.0,0.0,0.0,0.0,1.2357583744186534e-08,0.0,1.91418950873961e-08,37.44441,37.1703,4.193892,4.21733,1.0,0.0,1.0,0.0,0.0,0.0,0.0,0.0,0.0,0.0,0.0,0.0,0.0,0.0,0.0,0.0,0.0,0,0,0.0,0,0,0,0,0.0,0,0,0
3,70,700.895,709.906,10,0.0,0.0,0.0,0.0,0.0,0.0,0.0,0.0,1.2357583744186534e-08,0.0,1.91418950873961e-08,37.17071,37.1096,4.200161,4.20534,1.0,0.0,1.0,0.0,0.0,0.0,0.0,0.0,0.0,0.0,0.0,0.0,0.0,0.0,0.0,0.0,0.0,0,0,0.0,0,0,0,0,0.0,0,0,0
3,71,710.911,719.925,10,0.0,0.0,0.0,0.0,0.0,0.0,0.0,0.0,1.2357583744186534e-08,0.0,1.91418950873961e-08,56.450700000000005,37.2529,4.613736,6.66648,1.0,0.0,1.0,0.0,0.0,0.0,0.0,0.0,0.0,0.0,0.0,0.0,0.0,0.0,0.0,0.0,0.0,0,0,0.0,0,0,0,0,0.0,0,0,0
3,72,720.932,729.941,10,0.0,0.0,0.0,0.0,0.0,0.0,0.0,0.0,1.2357583744186534e-08,0.0,1.91418950873961e-08,71.33368,41.2423,9.51387,17.1479,1.0,0.0,0.8,0.0,0.0,0.0,0.0,0.0,0.0,0.0,0.0,0.0,0.0,0.0,0.0,0.0,0.0,0,0,0.0,0,0,0,0,0.0,0,0,0
3,73,730.94,739.946,10,0.0,0.0,0.0,0.0,0.0,0.0,0.0,0.0,1.2357583744186534e-08,0.0,1.91418950873961e-08,39.50551,37.7955,3.463053,3.64746,1.0,0.0,1.0,0.0,0.0,0.0,0.0,0.0,0.0,0.0,0.0,0.0,0.0,0.0,0.0,0.0,0.0,0,0,0.0,0,0,0,0,0.0,0,0,0
3,74,740.956,749.969,10,0.0,0.0,0.0,0.0,0.0,0.0,0.0,0.0,1.2357583744186534e-08,0.0,1.91418950873961e-08,30.891759999999998,17.7851,50.105989,80.4803,1.0,0.0,0.3,0.0,0.0,0.0,0.0,0.0,0.0,0.0,0.0,0.0,0.0,0.0,0.0,0.0,0.0,0,0,0.0,0,0,0,0,0.0,0,0,0
3,75,750.972,759.989,10,0.0,0.0,0.0,0.0,0.039367873916196144,0.39367873916196144,0.12449214821351251,0.039367873916196144,0.017605859563076497,0.0,0.01244923204905697,14.56429,12.3284,90.09092000000001,91.4263,1.0,0.0,0.0,0.0,0.0,0.0,0.0,0.0,0.0,0.0,0.0,0.0,0.0,0.0,0.0,0.0,0.0,0,0,0.0,0,0,0,0,0.0,0,0,0
3,76,760.99,769.001,9,0.0,0.0,0.0,0.0,0.7305611338580771,2.4529355907518915,0.9442383138834407,1.1132310220964232,0.8687035060864712,0.0,0.7840862487015684,19.870166666666666,2.29456,74.71351111111112,92.1732,1.0,0.1111111111111111,0.2222222222222222,0.0,0.0,0.0,0.0,0.0,0.0,0.0,0.0,0.0,0.0,0.0,0.0,0.0,0.0,0,0,0.0,0,0,0,0,0.0,0,0,0
3,77,770.001,779.001,10,0.26409756667398426,0.90964522833257,0.0910296376306846,0.46789168072568665,0.3309763169441785,0.9940511086142654,0.37644687051338344,0.41843794720446603,0.3455626063299328,0.24988731987519355,0.5531106808157671,29.640195,3.49525,35.125482,92.1713,1.0,0.1,0.6,0.1,0.0,0.0,0.0,0.0,0.0,0.0,0.0,0.0,0.0,0.0,0.0,0.0,0.0,0,0,0.0,0,0,0,0,0.0,0,0,0
3,78,780.003,789.018,10,0.060954417338023315,0.32691338907213024,-0.09062096046095866,0.04419421633136456,0.1862504268623252,1.3925751168295801,0.44150400435822246,0.1875435929979053,0.21236899292701034,0.4513295518765387,0.30731002877885044,41.41778,10.573,23.496516,59.2014,1.0,0.0,0.6,0.0,0.0,0.0,0.0,0.0,0.0,0.0,0.0,0.0,0.0,0.0,0.0,0.0,0.0,0,0,0.0,0,0,0,0,0.0,0,0,0
3,79,790.019,799.036,10,0.2919640161996143,1.1823899123387807,0.0023233620026505974,1.1443810663962237,0.7417230376610152,2.6704038966595816,0.8619839295348577,0.846560164623356,0.8129012672559771,0.35313262071757245,0.809163246795482,44.584902,4.36812,14.787550999999999,26.9262,1.0,0.1,0.4,0.1,0.0,0.0,0.0,0.0,0.0,0.0,0.0,0.0,0.0,0.0,0.0,0.0,0.0,0,0,0.0,0,0,0,0,0.0,0,0,0
3,80,800.024,809.039,10,0.0,0.0,0.0,0.0,0.24029673268031507,1.3199314562345639,0.44389602110295245,0.2613281124693142,0.28144078219428414,0.2339849443778934,0.476177367393102,53.87859999999999,31.2518,2.855104,3.16366,1.0,0.0,0.9,0.0,0.0,0.0,0.0,0.0,0.0,0.0,0.0,0.0,0.0,0.0,0.0,0.0,0.0,0,0,0.0,0,0,0,0,0.0,0,0,0
3,81,810.048,819.055,10,0.1332868416783709,0.8502038767648612,-0.002054039235269922,0.4802632238993511,0.28852492998297335,2.309444061269108,0.7202136090712572,0.39022798335758385,0.5615518251712134,0.47825930198953703,0.7789646219636412,19.67849,15.0747,13.594380000000001,14.4834,1.0,0.0,0.5,0.0,0.0,0.0,0.0,0.0,0.0,0.0,0.0,0.0,0.0,0.0,0.0,0.0,0.0,0,0,0.0,0,0,0,0,0.0,0,0,0
3,82,820.053,829.065,10,4.429201090289103,6.850395566727572,0.09239315212869807,2.89486623155386,0.2936416172246039,0.6932961188896786,0.2179115744967588,0.24124958900730178,0.22549436606776574,0.9669158787619381,0.20108839020481603,96.99839,30.6946,17.399096,24.0964,1.0,0.0,0.6,0.0,0.0,0.0,0.0,0.0,0.0,0.0,0.0,0.0,0.0,0.0,0.0,0.0,0.0,0,0,0.0,0,0,0,0,0.0,0,0,0
3,83,830.066,839.41,10,2.2603379956717893,5.001680369104711,0.4595437146767528,3.9749502568957045,0.9985439069380593,2.1996743994843264,0.6679435242176849,0.6969488881060586,0.48002555027206617,0.8268817374493189,0.4662948844327593,40.819535,8.26855,188.70151,822.119,1.0,0.0,0.0,0.0,0.0,0.0,0.0,0.0,0.0,0.0,0.0,0.0,0.0,0.0,0.0,0.0,0.0,0,0,0.0,0,0,0,0,0.0,0,0,0
3,84,840.417,849.417,10,3.9577455493338163,6.564529225714732,-0.23986780761354817,3.166145343200848,0.508975075398714,2.871548489631398,0.8452313991887556,0.7038301319605548,0.5269559855054087,0.36066583386427914,0.6828222546169322,19.969929999999998,4.66795,18.481996,30.5638,1.0,0.1,0.5,0.1,0.0,0.0,0.0,0.0,0.0,0.0,0.0,0.0,0.0,0.0,0.0,0.0,0.0,0,0,0.0,0,0,0,0,0.0,0,0,0
3,85,850.414,859.43,10,2.103492178078417,5.4120162045192854,-0.19759266181761337,3.2654784156632783,0.6377692635008008,1.625328829347608,0.5608443758171502,0.7677829081348485,0.7436840901871614,0.45570486314747605,0.807948791030673,51.22001,14.7655,719.3768,854.199,1.0,0.0,0.0,0.0,0.0,0.0,0.0,0.0,0.0,0.0,0.0,0.0,0.0,0.0,0.0,0.0,0.0,0,0,0.0,0,0,0,0,0.0,0,0,0
3,86,860.437,869.451,10,4.478974816772075,6.7022205993828115,0.04037478882990379,4.582121688688743,0.5225776784648686,1.6846002017723778,0.5473038142752213,0.44188237028435146,0.5401258896408832,0.5355455977169756,0.5535549614926152,52.971497,8.91707,829.1851999999999,843.906,1.0,0.0,0.0,0.0,0.0,0.0,0.0,0.0,0.0,0.0,0.0,0.0,0.0,0.0,0.0,0.0,0.0,0,0,0.0,0,0,0,0,0.0,0,0,0
3,87,870.755,879.556,10,104.59439546106448,1034.243507265744,-49.28050836712112,792.2589337873318,1.1540163489742312,2.358330001535848,0.8330575563841147,0.7550051772653108,0.6505488556742688,0.9815672868957146,0.7058068934604411,180.0,180.0,0.0,0.0,0.0,0.0,0.0,0.0,0.0,0.0,0.0,0.0,0.0,0.0,0.0,0.0,0.0,0.0,0.0,0.0,0.0,0,0,0.0,0,0,0,0,0.0,0,0,0
3,88,880.563,889.574,10,2.096873436546745,3.6279579223221243,-0.2922405181231099,1.9979722969726168,0.5779714421540441,2.995070300231044,0.8970758077739438,1.1029895708205077,0.8377380340302458,0.9696146432889341,0.8540315875251399,180.0,180.0,0.0,0.0,0.0,0.0,0.0,0.0,0.0,0.0,0.0,0.0,0.0,0.0,0.0,0.0,0.0,0.0,0.0,0.0,0.0,0,0,0.0,0,0,0,0,0.0,0,0,0
3,89,890.575,899.584,10,2.2350193860790726,6.151154213980229,0.08713893724428314,2.468587050548664,0.8561375828608162,2.9833182745593674,0.8564597812041866,0.9223204830335684,0.9113104055836008,0.7752235307239979,0.9581517756543233,180.0,180.0,0.0,0.0,0.0,0.0,0.0,0.0,0.0,0.0,0.0,0.0,0.0,0.0,0.0,0.0,0.0,0.0,0.0,0.0,0.0,0,0,0.0,0,0,0,0,0.0,0,0,0
3,90,900.585,909.595,10,3.3015651748820773,6.760077782207004,-0.07807669861227182,3.2414554033696117,0.6582401522773255,2.7510188654395185,1.0780638027407696,1.212428100581697,0.9961027202417089,0.7935481549555258,1.0203244838953291,180.0,180.0,0.0,0.0,0.0,0.0,0.0,0.0,0.0,0.0,0.0,0.0,0.0,0.0,0.0,0.0,0.0,0.0,0.0,0.0,0.0,0,0,0.0,0,0,0,0,0.0,0,0,0
3,91,910.597,919.607,10,0.08044759772435621,0.4194135850774215,-0.0005522660091239667,0.4185764322129955,0.009631880074057393,0.059294116116519816,0.01910132143663623,0.01926373857467188,0.07753604865801814,0.8679626090077175,0.45038605664572495,180.0,180.0,0.0,0.0,0.0,0.0,0.0,0.0,0.0,0.0,0.0,0.0,0.0,0.0,0.0,0.0,0.0,0.0,0.0,0.0,0.0,0,0,0.0,0,0,0,0,0.0,0,0,0
3,92,920.602,929.619,10,0.08614518529626944,0.3398740502922598,0.016014650740872546,0.3391956589743112,0.004276655703185023,0.014552290997513024,0.006013412281325062,0.0080401738946898,0.006599735550037148,0.9752825474330754,0.008193362508295585,180.0,180.0,0.0,0.0,0.0,0.0,0.0,0.0,0.0,0.0,0.0,0.0,0.0,0.0,0.0,0.0,0.0,0.0,0.0,0.0,0.0,0,0,0.0,0,0,0,0,0.0,0,0,0
3,93,930.62,939.64,10,1.8067889220265012,12.141304946919742,-0.01729175593884431,12.117070805309124,0.050867715500550345,0.4876576546999945,0.153531684737884,0.0995265931517632,0.06699871434450161,0.9146489389350094,0.049253335753441894,180.0,180.0,0.0,0.0,0.0,0.0,0.0,0.0,0.0,0.0,0.0,0.0,0.0,0.0,0.0,0.0,0.0,0.0,0.0,0.0,0.0,0,0,0.0,0,0,0,0,0.0,0,0,0
3,94,940.632,949.657,10,0.35005813669655267,1.526155388077522,-0.00037443774883311187,1.3628289101713298,0.1917035157005245,1.6118265291262828,0.5020416853717016,0.3235450841000511,0.4060003865740751,0.5939287519134955,0.39965987297535777,180.0,180.0,0.0,0.0,0.0,0.0,0.0,0.0,0.0,0.0,0.0,0.0,0.0,0.0,0.0,0.0,0.0,0.0,0.0,0.0,0.0,0,0,0.0,0,0,0,0,0.0,0,0,0
3,95,950.652,959.683,10,1.6808395694711056,3.4218100038578516,0.34278104867176723,2.3296060251137445,0.6329993595688459,2.801646273706834,0.937174836859777,0.9591342139943855,0.6513005471351422,0.48559097374958904,0.6560674801990167,180.0,180.0,0.0,0.0,0.0,0.0,0.0,0.0,0.0,0.0,0.0,0.0,0.0,0.0,0.0,0.0,0.0,0.0,0.0,0.0,0.0,0,0,0.0,0,0,0,0,0.0,0,0,0
3,96,960.665,969.683,10,2.9131859473649038,3.583447733174846,-0.15882869086775683,1.4973614538013702,0.9114344630719072,2.907224194225244,1.2023478591351786,1.1527663439054554,0.9970075435014166,0.2802544284440387,1.0666428878197627,180.0,180.0,0.0,0.0,0.0,0.0,0.0,0.0,0.0,0.0,0.0,0.0,0.0,0.0,0.0,0.0,0.0,0.0,0.0,0.0,0.0,0,0,0.0,0,0,0,0,0.0,0,0,0
3,97,970.684,979.707,10,5.187040016756233,6.716965080816181,0.20887621813559987,1.9333735241095928,0.9186637322893931,2.270374638246084,0.7028452868430789,0.8964000254424909,0.8406074194867206,0.14433144562483483,0.9208288320567112,180.0,180.0,0.0,0.0,0.0,0.0,0.0,0.0,0.0,0.0,0.0,0.0,0.0,0.0,0.0,0.0,0.0,0.0,0.0,0.0,0.0,0,0,0.0,0,0,0,0,0.0,0,0,0
3,98,980.705,989.722,10,3.8440874091148,6.4654220526311565,0.024094397001686592,2.572276033287296,0.11447959787144926,0.7621001108718158,0.24010944767984818,0.39390447965089936,0.47602118171034613,0.3582584743676918,0.7256303112581738,180.0,180.0,0.0,0.0,0.0,0.0,0.0,0.0,0.0,0.0,0.0,0.0,0.0,0.0,0.0,0.0,0.0,0.0,0.0,0.0,0.0,0,0,0.0,0,0,0,0,0.0,0,0,0
3,99,990.721,999.722,10,5.235148061489455,6.996105116224557,0.2875372711347458,1.7188566577483317,0.14021753365464026,0.7982515952023168,0.2611661507746,0.1742321560767211,0.219495104575739,0.8986371838494425,0.29874250079774145,180.0,180.0,0.0,0.0,0.0,0.0,0.0,0.0,0.0,0.0,0.0,0.0,0.0,0.0,0.0,0.0,0.0,0.0,0.0,0.0,0.0,0,0,0.0,0,0,0,0,0.0,0,0,0
3,100,1000.743,1009.743,10,5.387887536902302,7.596992496262925,0.09776481076852304,3.866269915540172,0.3687622914735226,1.712045670037096,0.6870877181984112,0.6709303226391586,0.5705064470910418,0.9859306595304955,0.6542219770521714,180.0,180.0,0.0,0.0,0.0,0.0,0.0,0.0,0.0,0.0,0.0,0.0,0.0,0.0,0.0,0.0,0.0,0.0,0.0,0.0,0.0,0,0,0.0,0,0,0,0,0.0,0,0,0
3,101,1010.751,1019.762,10,5.551006503955511,6.789621229197818,-0.4593181720417034,0.4924911562529953,0.29703079948473354,1.492750854940383,0.49649712977868676,0.3283904700617933,0.25049138669892484,0.982773251329841,0.299136062414244,180.0,180.0,0.0,0.0,0.0,0.0,0.0,0.0,0.0,0.0,0.0,0.0,0.0,0.0,0.0,0.0,0.0,0.0,0.0,0.0,0.0,0,0,0.0,0,0,0,0,0.0,0,0,0
3,102,1020.761,1029.773,10,5.059019538726061,6.790873015774929,0.3873919501915098,2.347574505419913,0.4364288857859432,2.6394287174736215,0.8482269475162437,0.5290221901473379,0.7542175342551924,0.9858822584246105,0.7839445548169756,180.0,180.0,0.0,0.0,0.0,0.0,0.0,0.0,0.0,0.0,0.0,0.0,0.0,0.0,0.0,0.0,0.0,0.0,0.0,0.0,0.0,0,0,0.0,0,0,0,0,0.0,0,0,0
3,103,1030.778,1039.794,10,3.7612239657721056,6.6661800374933105,-0.3742255665479105,0.5638431553281844,0.47190430625573876,1.5936848322960544,0.5965591861333754,0.3210085176750118,0.44844379396191786,0.98336362675043,0.6196402449895039,180.0,180.0,0.0,0.0,0.0,0.0,0.0,0.0,0.0,0.0,0.0,0.0,0.0,0.0,0.0,0.0,0.0,0.0,0.0,0.0,0.0,0,0,0.0,0,0,0,0,0.0,0,0,0
3,104,1040.781,1049.799,10,5.473416050441466,7.093499313891644,0.364316812567411,2.581406465856555,0.7132382764610508,2.085826808205246,0.6832148695460195,0.6427949618486284,0.6536192871837977,0.9789883624989797,0.6396138155845209,180.0,180.0,0.0,0.0,0.0,0.0,0.0,0.0,0.0,0.0,0.0,0.0,0.0,0.0,0.0,0.0,0.0,0.0,0.0,0.0,0.0,0,0,0.0,0,0,0,0,0.0,0,0,0
3,105,1050.803,1059.812,10,6.1888263491955815,6.983401549240891,-0.36970524116399867,0.7018458965962359,0.24837086610637477,0.7661269435114437,0.29926884167196666,0.22963890647709104,0.25671253152310847,0.9328858752756215,0.49141773164441993,180.0,180.0,0.0,0.0,0.0,0.0,0.0,0.0,0.0,0.0,0.0,0.0,0.0,0.0,0.0,0.0,0.0,0.0,0.0,0.0,0.0,0,0,0.0,0,0,0,0,0.0,0,0,0
3,106,1060.813,1069.829,10,1.3223739226380282,3.0235005126911356,-0.2941788830821839,2.3301971740489464,0.8022851199354261,2.0814772653415625,0.7541418402230599,0.7083162436612915,0.7139570406738139,0.8674502530599779,0.7164376448556238,180.0,180.0,0.0,0.0,0.0,0.0,0.0,0.0,0.0,0.0,0.0,0.0,0.0,0.0,0.0,0.0,0.0,0.0,0.0,0.0,0.0,0,0,0.0,0,0,0,0,0.0,0,0,0
3,107,1070.828,1079.84,10,3.532639705393288,6.407336433318788,0.29198642336431213,2.4840680103578388,0.44548204277397296,1.302783189662602,0.4795266384134924,0.46814125518085775,0.4577845889524562,0.8214572522382818,0.5158052589642265,180.0,180.0,0.0,0.0,0.0,0.0,0.0,0.0,0.0,0.0,0.0,0.0,0.0,0.0,0.0,0.0,0.0,0.0,0.0,0.0,0.0,0,0,0.0,0,0,0,0,0.0,0,0,0
3,108,1080.84,1089.882,10,0.35117405940761504,1.1456635377311892,-0.27113380663845876,0.7609456764257422,0.06211327528957994,0.49366489263446767,0.15220045483174155,0.12071487308658771,0.13757772046454952,0.581572068776359,0.2294347193800422,180.0,180.0,0.0,0.0,0.0,0.0,0.0,0.0,0.0,0.0,0.0,0.0,0.0,0.0,0.0,0.0,0.0,0.0,0.0,0.0,0.0,0,0,0.0,0,0,0,0,0.0,0,0,0
3,109,1090.89,1099.891,10,1.751535811999006,4.561825217583361,0.43503884427535605,2.8700243376529655,0.5176440404955257,1.8487568614867531,0.6792206522884129,0.6965763847577949,0.6184541729746489,0.3371366535121939,0.5779821714700465,180.0,180.0,0.0,0.0,0.0,0.0,0.0,0.0,0.0,0.0,0.0,0.0,0.0,0.0,0.0,0.0,0.0,0.0,0.0,0.0,0.0,0,0,0.0,0,0,0,0,0.0,0,0,0
3,110,1100.9,1109.905,10,3.794106850451714,6.6228166213552235,-0.3474108625615175,2.424114507291024,0.32759800744922535,0.8328518520779095,0.3091604399996788,0.29880878937005095,0.3707088689021084,0.6089261307418369,0.47439723769372766,180.0,180.0,0.0,0.0,0.0,0.0,0.0,0.0,0.0,0.0,0.0,0.0,0.0,0.0,0.0,0.0,0.0,0.0,0.0,0.0,0.0,0,0,0.0,0,0,0,0,0.0,0,0,0
3,111,1110.908,1119.93,10,2.8147466099626257,3.6111899788750375,0.24612050810086492,1.478110659605667,1.152130894844712,2.9319840664756915,0.9999310631376894,1.4662881734006936,0.8224200554944551,0.5277913783389439,0.6849145076388276,180.0,180.0,0.0,0.0,0.0,0.0,0.0,0.0,0.0,0.0,0.0,0.0,0.0,0.0,0.0,0.0,0.0,0.0,0.0,0.0,0.0,0,0,0.0,0,0,0,0,0.0,0,0,0
3,112,1120.939,1129.935,10,3.853583219880341,4.20605654927816,-0.05595097183160301,0.5642531336810422,0.8652265044543862,2.95780205861807,1.061327659837461,0.8324551435397993,1.0554254494514268,0.6415216899522037,1.108836799900158,180.0,180.0,0.0,0.0,0.0,0.0,0.0,0.0,0.0,0.0,0.0,0.0,0.0,0.0,0.0,0.0,0.0,0.0,0.0,0.0,0.0,0,0,0.0,0,0,0,0,0.0,0,0,0
3,113,1130.943,1139.966,10,4.2683320804429865,6.276215471133397,0.050301108404078795,2.4080027645701154,0.37017040129841267,1.061720347216384,0.3984168956652846,0.36528790061208216,0.5688499993993756,0.9072584495931633,0.8055032362246441,180.0,180.0,0.0,0.0,0.0,0.0,0.0,0.0,0.0,0.0,0.0,0.0,0.0,0.0,0.0,0.0,0.0,0.0,0.0,0.0,0.0,0,0,0.0,0,0,0,0,0.0,0,0,0
3,114,1140.963,1149.971,10,4.254791180126661,6.7215488696848285,0.3105226650432306,4.9485040524040125,0.46261993281034786,1.1844796093401304,0.38173144384307983,0.38981680933797225,0.3276839302423152,0.9367208968736147,0.3416497603369309,180.0,180.0,0.0,0.0,0.0,0.0,0.0,0.0,0.0,0.0,0.0,0.0,0.0,0.0,0.0,0.0,0.0,0.0,0.0,0.0,0.0,0,0,0.0,0,0,0,0,0.0,0,0,0
3,115,1150.978,1159.983,10,4.419635801015952,6.647476835951839,-0.2991115990166212,0.4326358513756465,0.5953295212066748,1.8601047204796177,0.5846028048201503,0.4243639613380453,0.49230562101845565,0.8315821258872453,0.4597387549667865,180.0,180.0,0.0,0.0,0.0,0.0,0.0,0.0,0.0,0.0,0.0,0.0,0.0,0.0,0.0,0.0,0.0,0.0,0.0,0.0,0.0,0,0,0.0,0,0,0,0,0.0,0,0,0
3,116,1160.989,1169.005,9,2.356657501200108,3.5941363924433234,-0.028525524532433344,2.4559445197175163,0.7333769467070481,2.253557951893299,0.7615913733348515,0.6411299941198739,0.6096340965430215,0.632219484934804,0.6226273757756909,180.0,180.0,0.0,0.0,0.0,0.0,0.0,0.0,0.0,0.0,0.0,0.0,0.0,0.0,0.0,0.0,0.0,0.0,0.0,0.0,0.0,0,0,0.0,0,0,0,0,0.0,0,0,0
3,117,1170.008,1179.017,10,4.061808063631008,6.5801368143024,-0.010077676127231514,2.8602440290517053,1.2576241721470829,2.644074568096936,0.7846758998490224,0.8616670871279901,0.7678874152213541,0.8417014488098712,0.8053658126990679,180.0,180.0,0.0,0.0,0.0,0.0,0.0,0.0,0.0,0.0,0.0,0.0,0.0,0.0,0.0,0.0,0.0,0.0,0.0,0.0,0.0,0,0,0.0,0,0,0,0,0.0,0,0,0
3,118,1180.021,1189.195,10,1.70960802535763,3.1617242131468584,-0.21873704791249377,2.4806475414899793,0.6436754763167638,1.959190950978321,0.7041330927061162,0.8538450587318935,0.7166315075678854,0.7454268600302328,0.7483140529806086,180.0,180.0,0.0,0.0,0.0,0.0,0.0,0.0,0.0,0.0,0.0,0.0,0.0,0.0,0.0,0.0,0.0,0.0,0.0,0.0,0.0,0,0,0.0,0,0,0,0,0.0,0,0,0
3,119,1190.183,1199.185,10,2.49614088158544,6.768363261428759,0.5394126975999829,4.34488102372028,0.9090869579001755,2.5890587169232075,0.733385837261249,0.7961328297738842,0.7018319871393919,0.5558344050128967,0.7192812789134733,180.0,180.0,0.0,0.0,0.0,0.0,0.0,0.0,0.0,0.0,0.0,0.0,0.0,0.0,0.0,0.0,0.0,0.0,0.0,0.0,0.0,0,0,0.0,0,0,0,0,0.0,0,0,0
3,120,1200.191,1209.201,10,5.146191817995533,6.885232020582185,-0.2314722929521293,3.206438378125523,0.4417773956273169,1.6101836735367439,0.4933692747478714,0.37595457755974815,0.321313701409015,0.7869925450605606,0.5254483424569865,180.0,180.0,0.0,0.0,0.0,0.0,0.0,0.0,0.0,0.0,0.0,0.0,0.0,0.0,0.0,0.0,0.0,0.0,0.0,0.0,0.0,0,0,0.0,0,0,0,0,0.0,0,0,0
3,121,1210.199,1219.209,10,2.712675350616265,3.4090219393489636,-0.39708106813989225,0.8058599312755692,0.5742653467541963,1.5386434103089552,0.429691841831015,0.5825531237763755,0.5483755058765717,0.8764782191865456,0.5343718163084855,180.0,180.0,0.0,0.0,0.0,0.0,0.0,0.0,0.0,0.0,0.0,0.0,0.0,0.0,0.0,0.0,0.0,0.0,0.0,0.0,0.0,0,0,0.0,0,0,0,0,0.0,0,0,0
3,122,1220.215,1229.23,10,1.4275406461362479,3.4378595781142476,0.09925124515996785,3.4937597338559425,0.5959245132464238,2.4770944418061984,0.9480815450348454,0.8355853453588822,0.5537486242221024,0.723401912270671,0.5392871066503291,180.0,180.0,0.0,0.0,0.0,0.0,0.0,0.0,0.0,0.0,0.0,0.0,0.0,0.0,0.0,0.0,0.0,0.0,0.0,0.0,0.0,0,0,0.0,0,0,0,0,0.0,0,0,0
3,123,1230.232,1239.241,10,0.3722947049456188,1.7389628924068437,-0.13977737963509954,0.7649904448708097,0.14282131226217354,0.6504580442784869,0.20997310046583917,0.3582644273707233,0.5195489979826716,0.37089104103715187,0.79980770744279,180.0,180.0,0.0,0.0,0.0,0.0,0.0,0.0,0.0,0.0,0.0,0.0,0.0,0.0,0.0,0.0,0.0,0.0,0.0,0.0,0.0,0,0,0.0,0,0,0,0,0.0,0,0,0
3,124,1240.24,1249.249,10,0.5434272255167767,1.5766484675375034,9.029957326628924e-05,1.2392941493577507,0.1826764049277231,0.6030129302575056,0.22102886145650683,0.18636616773221962,0.22028318650859352,0.4522078874161858,0.22511005381612342,180.0,180.0,0.0,0.0,0.0,0.0,0.0,0.0,0.0,0.0,0.0,0.0,0.0,0.0,0.0,0.0,0.0,0.0,0.0,0.0,0.0,0,0,0.0,0,0,0,0,0.0,0,0,0
3,125,1250.249,1259.261,10,0.07826237921888547,0.7826237921888547,0.00031180230764495944,0.7826237921888547,0.2578292492149685,0.8479477294282841,0.3313294658169906,0.2888905069662319,0.30077548790691233,0.7834152671489745,0.2730255818121677,180.0,180.0,0.0,0.0,0.0,0.0,0.0,0.0,0.0,0.0,0.0,0.0,0.0,0.0,0.0,0.0,0.0,0.0,0.0,0.0,0.0,0,0,0.0,0,0,0,0,0.0,0,0,0
3,126,1260.27,1269.27,10,0.20867604251161578,0.9227094027941132,3.343184949523119e-05,0.5675010074465533,0.23429159329579258,1.0249106899050608,0.411271726673223,0.3557458055788978,0.28360748640977756,0.5247235383301389,0.35940987210732817,180.0,180.0,0.0,0.0,0.0,0.0,0.0,0.0,0.0,0.0,0.0,0.0,0.0,0.0,0.0,0.0,0.0,0.0,0.0,0.0,0.0,0,0,0.0,0,0,0,0,0.0,0,0,0
3,127,1270.276,1279.291,10,0.1681963833288942,1.0235739150531493,-0.00036625032282284754,0.9726512138888471,0.10866603649789544,0.8974411179008251,0.2807880222018426,0.17948822066835846,0.24835129764051728,0.3233348150515105,0.3561178113469529,180.0,180.0,0.0,0.0,0.0,0.0,0.0,0.0,0.0,0.0,0.0,0.0,0.0,0.0,0.0,0.0,0.0,0.0,0.0,0.0,0.0,0,0,0.0,0,0,0,0,0.0,0,0,0
3,128,1280.289,1289.312,10,0.0,0.0,0.0,0.0,1.4870308659925569e-08,1.4976041400851914e-08,7.862689964139564e-11,1.0980360202213326e-10,7.670557699525631e-11,0.6118544429622026,0.11400347272039915,180.0,180.0,0.0,0.0,0.0,0.0,0.0,0.0,0.0,0.0,0.0,0.0,0.0,0.0,0.0,0.0,0.0,0.0,0.0,0.0,0.0,0,0,0.0,0,0,0,0,0.0,0,0,0
3,129,1290.311,1299.323,10,0.060574054755339446,0.6057405475533945,-0.00018045715957737407,0.6027269129884523,0.5590466040654524,1.746136383989446,0.6959181754564687,0.34922727531967324,0.3907265253967653,0.6723638339832962,0.36570430783168256,180.0,180.0,0.0,0.0,0.0,0.0,0.0,0.0,0.0,0.0,0.0,0.0,0.0,0.0,0.0,0.0,0.0,0.0,0.0,0.0,0.0,0,0,0.0,0,0,0,0,0.0,0,0,0
3,130,1300.324,1309.34,10,0.013074499441328444,0.13074499441328444,0.012996520319411972,0.12996520319411972,0.0071925060569996094,0.07192506056999609,0.022744701224675618,0.0071925060569996094,0.1462044904920022,0.9999322643640376,0.45745968232214373,180.0,180.0,0.0,0.0,0.0,0.0,0.0,0.0,0.0,0.0,0.0,0.0,0.0,0.0,0.0,0.0,0.0,0.0,0.0,0.0,0.0,0,0,0.0,0,0,0,0,0.0,0,0,0
3,131,1310.34,1319.349,10,0.5404289246719929,3.2138921528480227,-0.008635654640884232,1.65564802494145,0.44727710142209265,2.4693802840777814,0.9464241098724241,0.48668354875850695,0.6879351126054005,0.94913158757512,0.9117877056379602,180.0,180.0,0.0,0.0,0.0,0.0,0.0,0.0,0.0,0.0,0.0,0.0,0.0,0.0,0.0,0.0,0.0,0.0,0.0,0.0,0.0,0,0,0.0,0,0,0,0,0.0,0,0,0
3,132,1320.343,1329.366,10,0.22622708583720677,1.900279431158832,-0.0007240240147775134,1.53521756880798,0.0401361206961587,0.39700388826022454,0.12539802885125703,0.07940077563898036,0.07102223672737935,0.7385322472866583,0.12873519502000394,180.0,180.0,0.0,0.0,0.0,0.0,0.0,0.0,0.0,0.0,0.0,0.0,0.0,0.0,0.0,0.0,0.0,0.0,0.0,0.0,0.0,0,0,0.0,0,0,0,0,0.0,0,0,0
3,133,1330.366,1339.374,10,0.30866440271191214,1.6866427679997853,0.001805932933648746,1.4155725572490758,0.04479083634863228,0.26215723244909067,0.09612937289511808,0.05243144648981814,0.08802724749860698,0.39771466795020044,0.11635540690779103,180.0,180.0,0.0,0.0,0.0,0.0,0.0,0.0,0.0,0.0,0.0,0.0,0.0,0.0,0.0,0.0,0.0,0.0,0.0,0.0,0.0,0,0,0.0,0,0,0,0,0.0,0,0,0
3,134,1340.385,1349.398,10,0.3918476576537926,2.569610865792491,0.13420563295671883,2.569610865792491,0.06694190133535824,0.3486544610182132,0.14127889479780778,0.10180732956716967,0.09230652044793015,0.15980029383617614,0.10971876155092708,180.0,180.0,0.0,0.0,0.0,0.0,0.0,0.0,0.0,0.0,0.0,0.0,0.0,0.0,0.0,0.0,0.0,0.0,0.0,0.0,0.0,0,0,0.0,0,0,0,0,0.0,0,0,0
3,135,1350.398,1359.407,10,0.21275807857750156,2.1275807857750157,-0.13488657107454347,0.778715075029581,0.021781638745320197,0.21781638745320198,0.06887958960618407,0.032076437363527034,0.0705094234358625,0.2859843619674781,0.12354353519376407,180.0,180.0,0.0,0.0,0.0,0.0,0.0,0.0,0.0,0.0,0.0,0.0,0.0,0.0,0.0,0.0,0.0,0.0,0.0,0.0,0.0,0,0,0.0,0,0,0,0,0.0,0,0,0
3,136,1360.407,1369.419,10,0.337378465627644,1.8517843626141952,0.05697640070620058,1.2580822717858504,0.05544335425388961,0.29928214395519753,0.10245256013480691,0.06334003038342059,0.054874682652076956,0.14369776753774066,0.043978050646700684,180.0,180.0,0.0,0.0,0.0,0.0,0.0,0.0,0.0,0.0,0.0,0.0,0.0,0.0,0.0,0.0,0.0,0.0,0.0,0.0,0.0,0,0,0.0,0,0,0,0,0.0,0,0,0
3,137,1370.419,1379.439,10,0.19372869628755068,1.1105935768320572,-0.05321572104613549,1.1006827740572667,0.10200103062248984,0.6367539249216221,0.21160160252442065,0.22023693053888307,0.16406992112324387,0.9444880547231073,0.1342345386177369,180.0,180.0,0.0,0.0,0.0,0.0,0.0,0.0,0.0,0.0,0.0,0.0,0.0,0.0,0.0,0.0,0.0,0.0,0.0,0.0,0.0,0,0,0.0,0,0,0,0,0.0,0,0,0
3,138,1380.434,1389.448,10,0.5754784828176384,1.8915371041220874,0.003998635870659561,1.9087155440182517,0.38621898353810147,1.9183962832027244,0.6687023882655955,0.6251822688453337,0.574365995847274,0.4433911797238424,0.6067042853009195,180.0,180.0,0.0,0.0,0.0,0.0,0.0,0.0,0.0,0.0,0.0,0.0,0.0,0.0,0.0,0.0,0.0,0.0,0.0,0.0,0.0,0,0,0.0,0,0,0,0,0.0,0,0,0
3,139,1390.451,1399.462,10,0.0,0.0,0.0,0.0,2.1044169397623243e-08,2.1179320859745747e-08,6.955238161056197e-11,8.203046443221748e-11,0.0036246484501657773,0.2117102825176589,0.16727531869349851,180.0,180.0,0.0,0.0,0.0,0.0,0.0,0.0,0.0,0.0,0.0,0.0,0.0,0.0,0.0,0.0,0.0,0.0,0.0,0.0,0.0,0,0,0.0,0,0,0,0,0.0,0,0,0
3,140,1400.456,1409.471,10,1.6839135494326574,3.3408696049225566,0.2509096767578457,1.2361613369586089,0.6597665138373875,2.140258820225598,0.8116907068461867,0.575672250956627,0.39607668665134477,0.5443516241258984,0.34332852725456087,180.0,180.0,0.0,0.0,0.0,0.0,0.0,0.0,0.0,0.0,0.0,0.0,0.0,0.0,0.0,0.0,0.0,0.0,0.0,0.0,0.0,0,0,0.0,0,0,0,0,0.0,0,0,0
3,141,1410.47,1419.482,10,2.0544267397318703,3.5473009247426655,-0.191096644085595,1.756824971343796,0.3343100265040929,1.6075417209759875,0.5687737857930201,0.5560552693218348,0.649324155982834,0.8596140214302033,0.7603360362546285,180.0,180.0,0.0,0.0,0.0,0.0,0.0,0.0,0.0,0.0,0.0,0.0,0.0,0.0,0.0,0.0,0.0,0.0,0.0,0.0,0.0,0,0,0.0,0,0,0,0,0.0,0,0,0
3,142,1420.481,1429.514,10,2.7222497063581503,3.742762503515811,0.2862712876239356,3.032838607986229,0.5754894492658525,2.4428502203003957,0.816994974880523,0.8119506167223356,0.6099405314639321,0.8617078631470649,0.6381997686624679,180.0,180.0,0.0,0.0,0.0,0.0,0.0,0.0,0.0,0.0,0.0,0.0,0.0,0.0,0.0,0.0,0.0,0.0,0.0,0.0,0.0,0,0,0.0,0,0,0,0,0.0,0,0,0
3,143,1430.503,1439.513,10,4.608062634168634,6.609763820980635,0.31301126303772026,1.819508703099032,0.26779226629293984,1.160048402905977,0.42696607856337737,0.44860510932482783,0.43917668728037196,0.9573067983834751,0.6477706545393466,180.0,180.0,0.0,0.0,0.0,0.0,0.0,0.0,0.0,0.0,0.0,0.0,0.0,0.0,0.0,0.0,0.0,0.0,0.0,0.0,0.0,0,0,0.0,0,0,0,0,0.0,0,0,0
3,144,1440.508,1449.524,10,5.135298298235191,6.691207208146013,-0.34932374682100303,2.2422580838473225,0.0598514350059411,0.46250913659886594,0.14339602504576593,0.0664827868801878,0.05137166182055926,0.9811803767661242,0.13491649102998188,180.0,180.0,0.0,0.0,0.0,0.0,0.0,0.0,0.0,0.0,0.0,0.0,0.0,0.0,0.0,0.0,0.0,0.0,0.0,0.0,0.0,0,0,0.0,0,0,0,0,0.0,0,0,0
3,145,1450.52,1459.538,10,0.8331458172333901,2.5224189623392195,-0.15235920696762645,1.743861535081931,0.412220787556351,1.6344701906035415,0.6196115331805072,0.6439199621362262,0.4815803304958461,0.9826205728468779,0.3749830033754071,180.0,180.0,0.0,0.0,0.0,0.0,0.0,0.0,0.0,0.0,0.0,0.0,0.0,0.0,0.0,0.0,0.0,0.0,0.0,0.0,0.0,0,0,0.0,0,0,0,0,0.0,0,0,0
3,146,1460.533,1469.551,10,2.924829569684057,3.2293941595622906,0.15902983993407643,1.5271143110856276,0.20987257520912075,1.0035856306632671,0.352435663004909,0.3223010953784834,0.37937886524143455,0.959317364394867,0.5002791856305613,180.0,180.0,0.0,0.0,0.0,0.0,0.0,0.0,0.0,0.0,0.0,0.0,0.0,0.0,0.0,0.0,0.0,0.0,0.0,0.0,0.0,0,0,0.0,0,0,0,0,0.0,0,0,0
3,147,1470.553,1479.559,10,1.3743595628751266,3.185829535653161,-0.15975134068458907,2.0087496303868693,0.2534231689545558,1.3377215021718833,0.4234934393391444,0.299883849622355,0.3672951329069202,0.9050579006339152,0.4461096298850326,180.0,180.0,0.0,0.0,0.0,0.0,0.0,0.0,0.0,0.0,0.0,0.0,0.0,0.0,0.0,0.0,0.0,0.0,0.0,0.0,0.0,0,0,0.0,0,0,0,0,0.0,0,0,0
3,148,1480.559,1489.581,10,0.609481797888891,2.186294878647714,-0.16004652265731262,1.134020116614161,0.48206858870857533,2.7757364295910683,0.9290676841257195,0.8535502472250658,0.6277509213651791,0.7670215838626009,0.5245769184667015,17.297,17.297,996.729,996.729,0.1,0.0,0.0,0.0,0.0,0.0,0.0,0.0,0.0,0.0,0.0,0.0,0.0,0.0,0.0,0.0,0.0,0,0,0.0,0,0,0,0,0.0,0,0,0
3,149,1490.578,1499.586,10,4.020349369815476,6.706307585751815,0.5482089008341283,4.373237730825657,0.06607220943815642,0.30915637651303096,0.11205667352398324,0.09122731867165824,0.2149562716415573,0.7958817525090612,0.5908560339448523,10.525256500000001,0.589835,982.8844999999999,999.851,1.0,0.2,0.0,0.2,0.0,0.0,0.0,0.0,0.0,0.2,0.0,0.0,0.0,0.0,0.0,0.0,0.0,0,0,0.0,0,0,0,0,0.0,0,0,0
3,150,1500.587,1509.596,10,3.476157484422555,3.785283412778411,-0.2180575691899617,0.6183438818468248,0.5670651528902125,1.9034017251780582,0.6860183254558868,0.523141610815217,0.5588755267536321,0.9603062095265287,0.5783657142213121,25.01908,10.5455,934.415,965.796,1.0,0.0,0.0,0.0,0.0,0.0,0.0,0.0,0.0,0.0,0.0,0.0,0.0,0.0,0.0,0.0,0.0,0,0,0.0,0,0,0,0,0.0,0,0,0
3,151,1510.6,1519.613,10,5.949429735227236,6.72953677697593,0.3419686863856883,2.071970276647243,0.04491919121707135,0.22801504069819736,0.08079042309945393,0.07759480107613667,0.10189046239953567,0.9721287005352689,0.3006997149859532,31.429090000000002,27.0757,904.8733,931.158,1.0,0.0,0.0,0.0,0.0,0.0,0.0,0.0,0.0,0.0,0.0,0.0,0.0,0.0,0.0,0.0,0.0,0,0,0.0,0,0,0,0,0.0,0,0,0
3,152,1520.618,1529.621,10,4.038841296082161,6.603006694311223,-0.42443454861919766,1.9613206821302096,0.6649290233546001,2.2996351797832117,0.7164134369993538,0.7489930088222094,0.6682951348869877,0.838456405325917,0.6800014635325293,83.48176,33.3865,865.0835,878.738,1.0,0.0,0.0,0.0,0.0,0.0,0.0,0.0,0.0,0.0,0.0,0.0,0.0,0.0,0.0,0.0,0.0,0,0,0.0,0,0,0,0,0.0,0,0,0
3,153,1530.613,1539.633,10,1.9794462203825574,5.383609162077144,0.2862104162817281,3.6447894674845154,0.4590838010737852,2.2237024775476577,0.692559699291157,0.6265619031964774,0.4443822730342465,0.7302715545571932,0.4778202260078138,49.8447,21.1498,851.9472,863.206,1.0,0.0,0.0,0.0,0.0,0.0,0.0,0.0,0.0,0.0,0.0,0.0,0.0,0.0,0.0,0.0,0.0,0,0,0.0,0,0,0,0,0.0,0,0,0
3,154,1540.631,1549.654,10,1.7261773881583864,4.4296688375968944,-0.5289531973561818,0.8692430026708785,0.352456054185151,2.2344553558352773,0.6945681620396306,0.5118782988439954,0.6254101018213822,0.5815196618149037,0.8378132783505615,27.441610000000004,16.6516,827.0598,858.093,1.0,0.0,0.0,0.0,0.0,0.0,0.0,0.0,0.0,0.0,0.0,0.0,0.0,0.0,0.0,0.0,0.0,0,0,0.0,0,0,0,0,0.0,0,0,0
3,155,1550.655,1559.667,10,4.376811164525913,6.910515137186171,0.6380341735110193,3.9006711638245455,0.41570483906599864,1.465621532127314,0.5621618522379526,0.3987714192521618,0.43848777192549393,0.41979163288191296,0.46343916573984395,110.34164000000001,25.9087,870.9521000000001,891.959,1.0,0.0,0.0,0.0,0.0,0.0,0.0,0.0,0.0,0.0,0.0,0.0,0.0,0.0,0.0,0.0,0.0,0,0,0.0,0,0,0,0,0.0,0,0,0
3,156,1560.663,1569.671,10,4.386750566042532,6.94455872673265,-0.31442085253274066,0.4456118919217775,0.4821297197775086,0.9593985065810124,0.3254782227714725,0.22198734853790697,0.33071966243059064,0.7286122170942332,0.3915386414231961,18.6787353,0.240663,869.4253000000001,902.771,1.0,0.1,0.0,0.1,0.0,0.0,0.0,0.0,0.0,0.1,0.0,0.0,0.0,0.0,0.0,0.0,0.0,0,0,0.0,0,0,0,0,0.0,0,0,0
3,157,1570.681,1579.688,10,4.289412543218112,6.441450496341243,0.22795432587859898,2.1385944508165435,0.5205362406291406,0.953658229230678,0.3683194510269966,0.26853008109725035,0.31983930770798835,0.7762464997659816,0.3855190832424065,37.936158999999996,6.26519,882.1960999999999,905.428,1.0,0.0,0.0,0.0,0.0,0.0,0.0,0.0,0.0,0.0,0.0,0.0,0.0,0.0,0.0,0.0,0.0,0,0,0.0,0,0,0,0,0.0,0,0,0
3,158,1580.693,1589.703,10,2.891448185983946,3.643651126948453,-0.19760650134727617,2.9512701558901213,0.13100797699116717,0.47410622844857875,0.1732829878985677,0.17659763110171955,0.19160080783336558,0.9725747958712263,0.3063376297823397,30.363396,7.61986,870.9078,881.671,1.0,0.0,0.0,0.0,0.0,0.0,0.0,0.0,0.0,0.0,0.0,0.0,0.0,0.0,0.0,0.0,0.0,0,0,0.0,0,0,0,0,0.0,0,0,0
3,159,1590.703,1599.715,10,2.4219494746892463,3.4681466974908166,-0.028072570282320713,3.268999566830168,0.4496484093052933,1.2911860103948185,0.44276188979735176,0.3872498398308105,0.35825383708964365,0.9338584090495263,0.3335804912110164,17.9358996,0.713816,799.5110999999999,859.292,1.0,0.1,0.0,0.1,0.0,0.0,0.0,0.0,0.0,0.1,0.0,0.0,0.0,0.0,0.0,0.0,0.0,0,0,0.0,0,0,0,0,0.0,0,0,0
3,160,1600.71,1609.731,10,5.0329065683641785,6.687915707862103,0.3309409236858937,2.3529801466994993,0.23306909749544694,0.8222340053613049,0.3319694025829809,0.3051581228592137,0.3340985409144398,0.9514182613273192,0.3838376187460403,10.4994585,0.715185,751.1243999999999,835.39,1.0,0.6,0.0,0.6,0.0,0.0,4.002,0.0,0.0,0.6,0.0,4.002,0.0,0.0,0.0,0.0,0.0,0,0,0.0,1,1,0,1,0.16666666666666666,1,0,0
3,161,1610.731,1619.743,10,5.119148713811258,6.733363348061178,-0.21474661073412654,1.8188079370963663,0.4155934257075705,1.6157488015317794,0.5295436827766782,0.5523868158636713,0.496753988184053,0.9678273815686378,0.47979501517793155,33.972241,7.15747,754.6916,787.422,1.0,0.0,0.0,0.0,0.0,0.0,0.0,0.0,0.0,0.0,0.0,0.0,0.0,0.0,0.0,0.0,0.0,0,0,0.0,0,1,0,1,0.16666666666666666,1,0,0
3,162,1620.735,1629.751,10,1.946484090509215,3.64687410256478,-0.45633272410970765,0.11530376970288551,0.17962857460952308,0.7405271790801167,0.27634806927623407,0.2280909633765898,0.27098875309736303,0.98289094166739,0.35242936792813195,39.885811000000004,8.34407,727.5690999999999,739.071,1.0,0.0,0.0,0.0,0.0,0.0,0.0,0.0,0.0,0.0,0.0,0.0,0.0,0.0,0.0,0.0,0.0,0,0,0.0,0,1,0,1,0.16666666666666666,1,0,0
3,163,1630.747,1639.766,10,2.906614342833235,4.101460717886701,0.0002814353829047267,2.7384158221882915,0.5268539308129652,2.6394333385575823,0.8078964418444273,0.669276666477859,0.36814970721820683,0.9076607022140498,0.3145290887402119,54.194694000000005,7.08072,687.6864,721.081,1.0,0.0,0.0,0.0,0.0,0.0,0.0,0.0,0.0,0.0,0.0,0.0,0.0,0.0,0.0,0.0,0.0,0,0,0.0,0,1,0,1,0.16666666666666666,1,0,0
3,164,1640.761,1649.782,10,0.0,0.0,0.0,0.0,0.25085634442116556,2.2575259295774632,0.7094719508470726,0.6652410392278524,0.6928403597761077,0.9024039468785559,0.9539318844680853,36.55724,23.4985,706.6647,707.061,1.0,0.0,0.0,0.0,0.0,0.0,0.0,0.0,0.0,0.0,0.0,0.0,0.0,0.0,0.0,0.0,0.0,0,0,0.0,0,1,0,1,0.16666666666666666,1,0,0
3,165,1650.79,1659.795,10,3.1697551146626606,3.47763112664214,0.3432264138095258,2.9242556403776607,0.8383908267245823,1.8450714025581192,0.6282549759185242,0.9178799036844596,0.679829414257193,0.9193393818267037,0.6360243276933735,46.51021,18.2637,642.3887,867.274,1.0,0.0,0.0,0.0,0.0,0.0,0.0,0.0,0.0,0.0,0.0,0.0,0.0,0.0,0.0,0.0,0.0,0,0,0.0,0,1,0,1,0.16666666666666666,1,0,0
3,166,1660.799,1669.814,10,3.9537413405057142,6.6767027691298075,0.3227972887019357,2.8204510670316223,0.7056458537236773,1.715934887552744,0.6051997489205555,0.5963687308028593,0.5057848310003502,0.9295268517769607,0.5463627123037529,29.312676,3.59946,608.4422999999999,669.39,1.0,0.1,0.0,0.1,0.0,0.0,0.0,0.0,0.0,0.1,0.0,0.0,0.0,0.0,0.0,0.0,0.0,0,0,0.0,0,1,0,1,0.16666666666666666,1,0,0
3,167,1670.813,1679.826,10,3.2166602593290485,6.708540936363222,-0.34081907367519787,1.650618010979496,0.9531721560207197,2.3845812480106208,0.8175720329244951,0.8162013624375627,0.7251706234761243,0.9153209426566795,0.7259713078346994,43.86801,5.3074,584.7009,633.023,1.0,0.0,0.0,0.0,0.0,0.0,0.0,0.0,0.0,0.0,0.0,0.0,0.0,0.0,0.0,0.0,0.0,0,0,0.0,0,0,0,0,0.0,0,0,0
3,168,1680.823,1689.899,10,2.980083525109182,3.7880653578943306,-0.014834423534739693,2.0136382087575075,0.8524401747209263,1.7610648811317857,0.41125882614600745,0.5601435860565952,0.5098979819541856,0.8596434753604802,0.5831606992927261,33.5211769,0.541041,609.7495,811.478,1.0,0.3,0.0,0.3,0.0,0.0,0.0,0.0,0.0,0.3,0.0,0.0,0.0,0.0,0.0,0.0,0.0,0,0,0.0,0,0,0,0,0.0,0,0,0
3,169,1690.902,1699.904,10,2.326886623759592,3.6885245643625364,-0.09340129351910482,2.2426696977886396,0.4700548742150031,2.155210113581987,0.6833321407827847,0.5310717272503936,0.4735866270243817,0.7721613695816149,0.5203607511228936,27.123687999999998,1.56848,549.786,584.953,1.0,0.4,0.0,0.4,0.0,0.0,3.013,0.0,0.0,0.4,0.0,3.013,0.0,0.0,0.0,0.0,0.0,0,0,0.0,1,1,0,1,0.16666666666666666,1,0,0
3,170,1700.905,1709.916,10,2.3928870060275425,3.635545164884824,0.06575470782131235,2.4490473960500703,1.1321984944277035,2.279943807625029,0.7138636854348309,1.062784716206705,0.766435933276259,0.7557507921214567,0.7987244964770776,46.491278,6.3904,558.5822000000001,584.03,1.0,0.0,0.0,0.0,0.0,0.0,0.0,0.0,0.0,0.0,0.0,0.0,0.0,0.0,0.0,0.0,0.0,0,0,0.0,0,1,0,1,0.16666666666666666,1,0,0
3,171,1710.907,1719.933,10,2.7019905777883015,3.49753218125965,-0.046859958832367,2.056297408327808,0.8442500203366887,1.7983182627290306,0.6639170247753322,0.7744164869923001,0.6733805271719866,0.8300694796246997,0.6410493657906843,40.2158,1.22141,541.6496,563.389,1.0,0.1,0.0,0.1,0.0,0.0,0.0,0.0,0.0,0.1,0.0,0.0,0.0,0.0,0.0,0.0,0.0,0,0,0.0,0,1,0,1,0.16666666666666666,1,0,0
3,172,1720.929,1729.939,10,3.696532832298716,6.946305950832614,-0.1350131446715551,2.7418380514629903,0.1771809343212725,0.9529875151499971,0.2901000863138442,0.20795711742650513,0.2833789931333739,0.9177876064542909,0.4699858191417758,10.510969,1.20057,421.1517,463.493,1.0,0.5,0.0,0.5,0.0,0.0,4.0,0.0,0.0,0.5,0.0,4.0,0.0,0.0,0.0,0.0,0.0,0,0,0.0,1,2,0,1,0.3333333333333333,1,0,0
3,173,1730.933,1739.947,10,1.1119423882788046,3.6897774273366144,-0.06451784631402835,2.1830366522168863,0.15663180753681552,0.8487412701305558,0.2684186199665615,0.16974835385277026,0.17984226989023186,0.8345053151670259,0.16745910485409007,31.998507,2.29388,457.95259999999996,691.556,1.0,0.1,0.0,0.1,0.0,0.0,0.0,0.0,0.0,0.1,0.0,0.0,0.0,0.0,0.0,0.0,0.0,0,0,0.0,0,2,0,1,0.3333333333333333,1,0,0
3,174,1740.952,1749.964,10,0.46480970771175334,1.0824342325859209,0.07292783565023978,1.08027368521549,0.14165487886585804,0.7410197462075785,0.29903335176014617,0.2092077512591926,0.20876538678077727,0.5631183100670502,0.2614195353992847,39.74187,12.2809,488.71819999999997,503.849,1.0,0.0,0.0,0.0,0.0,0.0,0.0,0.0,0.0,0.0,0.0,0.0,0.0,0.0,0.0,0.0,0.0,0,0,0.0,0,2,0,1,0.3333333333333333,1,0,0
3,175,1750.969,1759.983,10,1.2992419317861055,1.3736860605645567,0.020930610417372927,0.20776104754996416,0.564472584736565,2.164381708511461,0.6712703900341103,0.613582495141931,0.6025596013846303,0.6742339450050331,0.6466400339652297,40.92938,11.9591,481.80339999999995,500.316,1.0,0.0,0.0,0.0,0.0,0.0,0.0,0.0,0.0,0.0,0.0,0.0,0.0,0.0,0.0,0.0,0.0,0,0,0.0,0,2,0,1,0.3333333333333333,1,0,0
3,176,1760.972,1768.993,9,0.27823416015277114,1.3295009302820002,-0.1419233991899016,0.3365371659883293,0.05521831980495706,0.4337505113872748,0.1432948984436003,0.10138941941958618,0.15903624628586613,0.9310733316256494,0.28455598405439986,17.815574444444444,5.21414,489.4618888888889,490.139,1.0,0.0,0.0,0.0,0.0,0.0,0.0,0.0,0.0,0.0,0.0,0.0,0.0,0.0,0.0,0.0,0.0,0,0,0.0,0,1,0,1,0.16666666666666666,1,0,0
3,177,1770.0,1779.017,10,0.4358310287403816,0.4756632177086512,0.04363228479932921,0.33659217978385947,0.6321005797982869,2.1023746119639317,0.7705416512121945,0.5841134852186588,0.6224965892447826,0.9269211570942464,0.5235124644392056,31.232999999999997,2.34118,478.212,488.946,1.0,0.1,0.0,0.1,0.0,0.0,0.0,0.0,0.0,0.1,0.0,0.0,0.0,0.0,0.0,0.0,0.0,0,0,0.0,0,1,0,1,0.16666666666666666,1,0,0
3,178,1780.018,1789.035,10,0.09099651238101161,0.4664382629337917,-0.044066897219310446,0.027175935607093242,0.3204825834260602,1.615100963941241,0.5785808901085281,0.32369665895389405,0.483294253032324,0.8861043034176689,0.6802908526231579,19.962917,5.47131,598.2574000000001,673.219,1.0,0.0,0.0,0.0,0.0,0.0,0.0,0.0,0.0,0.0,0.0,0.0,0.0,0.0,0.0,0.0,0.0,0,0,0.0,0,1,0,1,0.16666666666666666,1,0,0
3,179,1790.034,1799.046,10,0.0,0.0,0.0,0.0,0.0,0.0,0.0,0.0,0.0,0.9506312756316871,0.17515878772687915,6.79096,6.79096,673.219,673.219,1.0,0.0,0.0,0.0,0.0,0.0,0.0,0.0,0.0,0.0,0.0,0.0,0.0,0.0,0.0,0.0,0.0,0,0,0.0,0,0,0,0,0.0,0,0,0
3,180,1800.045,1809.059,10,0.0,0.0,0.0,0.0,0.0,0.0,0.0,0.0,0.0,0.09924235583559964,0.0,6.79096,6.79096,673.219,673.219,1.0,0.0,0.0,0.0,0.0,0.0,0.0,0.0,0.0,0.0,0.0,0.0,0.0,0.0,0.0,0.0,0.0,0,0,0.0,0,0,0,0,0.0,0,0,0
3,181,1810.061,1819.076,10,0.0,0.0,0.0,0.0,0.0,0.0,0.0,0.0,0.0,0.0,0.0,6.79096,6.79096,673.219,673.219,1.0,0.0,0.0,0.0,0.0,0.0,0.0,0.0,0.0,0.0,0.0,0.0,0.0,0.0,0.0,0.0,0.0,0,0,0.0,0,0,0,0,0.0,0,0,0
3,182,1820.078,1829.086,10,0.10169037340695423,0.4297376417478937,0.0009289842100422662,0.24600392918496203,0.026371316314109005,0.2585700706120716,0.08159476177844163,0.05171401263080659,0.046102149486191936,0.39960276563459896,0.03266050402183184,4.961139,1.96084,592.4045,673.219,1.0,0.4,0.0,0.4,0.0,0.0,2.9939999999999998,0.0,0.0,0.4,0.0,2.9939999999999998,0.0,0.0,0.0,0.0,0.0,0,0,0.0,0,0,0,0,0.0,0,0,0
3,183,1830.088,1839.1,10,0.0,0.0,-0.0009990029950327853,0.0,1.488045417458441e-08,1.4976041400851914e-08,4.557829811098804e-11,5.800120295141084e-11,0.011734612009308277,0.9961135905028173,0.04912446163584734,2.0512319999999997,2.00779,465.97169999999994,467.752,1.0,1.0,0.0,1.0,0.1,0.1,13.008,0.0,0.0,1.0,0.1,13.008,0.0,0.1,0.0,0.0,0.0,0,0,0.0,1,1,0,1,0.16666666666666666,1,0,0
3,184,1840.099,1849.113,10,0.049000821278102014,0.4040708974253405,0.040366723019514536,0.3178157663033576,0.04776913496213402,0.33701116388410246,0.11082945015559237,0.05333422468599193,0.029881190261957347,0.8946672923870066,0.02174017333454751,3.0442679999999998,2.1324,455.5669,463.76,1.0,0.9,0.0,0.9,0.8,0.8,21.019,8.011,0.0,0.9,0.8,21.019,8.011,0.8,0.0,8.011,0.0,1,1,0.0,4,5,1,2,0.8333333333333334,2,1,0
3,185,1850.109,1859.127,10,0.1237796779453352,0.43184363790404356,-0.04037425885433841,0.1769265256571498,0.08322775170325161,0.7353028424681081,0.2304340863831847,0.17318640675875954,0.17765472763591864,0.9429539877248768,0.2242320419101887,11.610161,2.80491,460.0191,464.526,1.0,0.1,0.0,0.1,0.0,0.0,0.996,0.0,0.0,0.1,0.0,0.996,0.0,0.0,0.0,0.0,0.0,1,1,0.0,0,5,1,2,0.8333333333333334,2,1,0
3,186,1860.123,1869.139,10,0.05716824454025522,0.359973828281024,-2.110749700614534e-05,0.3592553176457325,0.0028842302124784283,0.02527518661722906,0.007946840609262922,0.005055035384385167,0.003333028506633165,0.8500858239427096,0.03040623346057658,11.008348999999999,9.84459,464.372,464.527,1.0,0.0,0.0,0.0,0.0,0.0,0.0,0.0,0.0,0.0,0.0,0.0,0.0,0.0,0.0,0.0,0.0,1,1,0.0,0,5,1,2,0.8333333333333334,2,1,0
3,187,1870.131,1879.149,10,0.059387104282814664,0.3890977441390236,0.038850487469477876,0.20436456955002297,0.005213361682903801,0.04908006357617853,0.015443033048890362,0.009510657389949759,0.00672196571194438,0.7231995941583743,0.008771939432165457,10.422665,9.84459,464.0359,464.539,1.0,0.0,0.0,0.0,0.0,0.0,0.0,0.0,0.0,0.0,0.0,0.0,0.0,0.0,0.0,0.0,0.0,1,1,0.0,0,5,1,2,0.8333333333333334,2,1,0
3,188,1880.151,1889.165,10,0.19519866236810154,0.4296865767749124,-0.038760945608135436,0.03542317370874449,0.023746289317524694,0.23275902736419513,0.07345256231939921,0.04713113004575171,0.05164839582695815,0.6620269174529966,0.07331631477481011,1.365224,1.28176,466.13739999999996,466.503,1.0,1.0,0.0,1.0,0.0,0.0,9.014,0.0,0.0,1.0,0.0,9.014,0.0,0.0,0.0,0.0,0.0,1,1,0.0,1,6,1,2,1.0,2,1,0
3,189,1890.167,1899.178,10,0.0,0.0,0.0,0.0,0.7523174247667986,1.780686629696,0.5460481603711642,0.4995768043954044,0.4824472791987112,0.9972244739885288,0.4968111762696147,48.485988000000006,1.42217,360.9409,466.502,1.0,0.1,0.2,0.1,0.0,0.0,10.016,0.0,0.0,0.1,0.0,10.016,0.0,0.0,0.0,0.0,0.0,1,1,0.0,0,5,1,2,0.8333333333333334,2,1,0
3,190,1900.171,1909.194,10,0.14379937798341066,0.4708349390718675,0.013141856104025063,0.3622322568554723,0.27265293890614595,2.0228072074614913,0.6368375404659069,0.5361336586018828,0.5852245625255464,0.798445793848661,0.5716057202802093,67.5474687,0.872677,400.004,676.858,1.0,0.4,0.1,0.4,0.0,0.0,3.002,0.0,0.0,0.4,0.0,3.002,0.0,0.0,0.0,0.0,0.0,1,1,0.0,1,5,1,2,0.8333333333333334,2,1,0
3,191,1910.196,1919.218,10,0.0,0.0,-0.013656259421577607,0.0,0.0,0.0,0.0,0.01075428018490949,0.10288169593859615,0.9952471440411307,0.39242478838352446,1.378609,1.37715,465.05699999999996,465.067,1.0,1.0,0.0,1.0,0.8,0.8,13.026,7.0169999999999995,0.0,1.0,0.8,13.026,7.0169999999999995,0.8,0.0,7.0169999999999995,0.0,2,2,0.0,8,10,3,3,1.0,3,1,1
3,192,1920.205,1929.228,10,0.04972469945217778,0.33255273566324456,-0.0001579405149218227,0.3308982444410394,0.022161578512184064,0.22153281069108702,0.07005191525332573,0.044306562138217404,0.04953624500138319,0.6312658624090772,0.05604182325975536,11.122777,1.378,465.4322,465.558,1.0,0.2,0.0,0.2,0.1,0.1,15.024999999999999,8.004,0.0,0.2,0.1,15.024999999999999,8.004,0.1,0.0,8.004,0.0,2,2,0.0,0,10,3,3,1.0,3,1,1
3,193,1930.222,1939.238,10,0.0,0.0,0.0,0.0,0.0,0.0,0.0,0.0,0.0,0.9999416605961755,0.014013006932549,13.55778,13.5574,465.5457,465.557,1.0,0.0,0.0,0.0,0.0,0.0,0.0,0.0,0.0,0.0,0.0,0.0,0.0,0.0,0.0,0.0,0.0,2,2,0.0,0,10,3,3,1.0,3,1,1
3,194,1940.248,1949.254,10,0.11280866822940076,0.4656887920403048,0.004463143348154149,0.2503815309307502,0.32640855207180647,1.3696706855501657,0.47948112186268554,0.2862595324162081,0.2176414126268134,0.9622276606083314,0.16748152918272327,9.000073,1.49148,445.58009000000004,676.008,1.0,0.5,0.0,0.5,0.0,0.0,3.0069999999999997,0.0,0.0,0.5,0.0,3.0069999999999997,0.0,0.0,0.0,0.0,0.0,2,2,0.0,1,10,3,3,1.0,3,1,1
3,195,1950.256,1959.269,10,2.1705807111015676,6.626902576095958,0.013363983225702845,4.308346433198909,0.5524179813656229,2.643540490435668,0.8029325090310794,0.7385563308414288,0.7195860788317818,0.8242237617279056,0.8311730281404512,54.86708,4.8167,222.07174999999998,691.305,1.0,0.1,0.2,0.1,0.0,0.0,0.0,0.0,0.0,0.1,0.0,0.0,0.0,0.0,0.0,0.0,0.0,2,2,0.0,0,10,3,3,1.0,3,1,1
3,196,1960.255,1969.275,10,0.41148517757053116,0.47333977019439777,-0.0036203338632923325,0.2769934225625275,0.5202947171472495,2.097202856404052,0.7078876313442007,0.6097798403858544,0.4991862685095147,0.7198946269255984,0.4565885437376774,33.173058000000005,6.86113,173.70823000000001,481.196,1.0,0.0,0.0,0.0,0.0,0.0,0.0,0.0,0.0,0.0,0.0,0.0,0.0,0.0,0.0,0.0,0.0,2,2,0.0,0,10,3,3,1.0,3,1,1
3,197,1970.283,1979.294,10,0.2336976399736545,1.220655561573266,0.10622072756960063,0.7223526580671837,0.33625876542702243,1.2005740124060487,0.45790027290015456,0.6160720357735647,0.6639204845820004,0.6997942630562892,0.6815641049920511,62.361940000000004,28.9762,95.43755999999999,689.972,1.0,0.0,0.0,0.0,0.0,0.0,0.0,0.0,0.0,0.0,0.0,0.0,0.0,0.0,0.0,0.0,0.0,1,1,0.0,0,9,3,2,1.0,2,1,0
3,198,1980.299,1989.307,10,0.027494506536926238,0.22093137623093134,-0.12161301095187751,0.0,0.052217846036643124,0.4997064234321537,0.1573899854276577,0.11944223959047444,0.179973671908092,0.9536370409247299,0.3407333736113563,64.70237,27.0124,488.75613000000004,689.524,1.0,0.0,0.0,0.0,0.0,0.0,0.0,0.0,0.0,0.0,0.0,0.0,0.0,0.0,0.0,0.0,0.0,1,1,0.0,0,1,0,1,0.16666666666666666,1,0,0
3,199,1990.307,1999.316,10,0.0,0.0,0.0,0.0,0.0,0.0,0.0,0.0,0.0,0.9745906975529561,0.015802104594621436,72.4427,72.4427,689.524,689.524,1.0,0.0,0.0,0.0,0.0,0.0,0.0,0.0,0.0,0.0,0.0,0.0,0.0,0.0,0.0,0.0,0.0,1,1,0.0,0,1,0,1,0.16666666666666666,1,0,0
3,200,2000.322,2009.335,10,0.285515755941047,1.0984611536247453,0.1101770282234564,0.5722850295870362,0.4216014120308521,3.0472407988231933,0.9406505919014784,0.6878256979842592,0.45691134120601706,0.45661019524056623,0.33929729951305876,46.920312,6.27429,490.46139999999997,689.707,1.0,0.0,0.0,0.0,0.0,0.0,0.0,0.0,0.0,0.0,0.0,0.0,0.0,0.0,0.0,0.0,0.0,1,1,0.0,0,1,0,1,0.16666666666666666,1,0,0
3,201,2010.337,2019.349,10,0.6003296138142737,1.0734923600416457,-0.10989808511696389,0.002112129914861636,0.2539036948063338,1.4439955241121403,0.5209082037127893,0.29438438304586123,0.6125845456452905,0.9344496990814003,0.8253497497992097,6.12618,1.5676,333.21932000000004,694.495,1.0,0.8,0.0,0.8,0.0,0.0,3.009,0.0,0.0,0.4,0.0,3.009,0.0,0.0,0.0,0.0,0.0,1,1,0.0,1,1,0,1,0.16666666666666666,1,0,0
3,202,2020.349,2029.354,10,0.0,0.0,0.0,0.0,0.0,0.0,0.0,0.0,0.04470499722784731,0.9215266183045954,0.293705382752846,1.72022,1.72022,694.495,694.495,1.0,1.0,0.0,1.0,0.0,0.0,13.014,0.0,0.0,1.0,0.0,13.014,0.0,0.0,0.0,0.0,0.0,1,1,0.0,0,1,0,1,0.16666666666666666,1,0,0
3,203,2030.344,2039.37,10,0.0,0.0,0.0,0.0,0.0,0.0,0.0,0.0,0.0,0.523798849684405,0.0,1.72022,1.72022,694.495,694.495,1.0,1.0,0.0,1.0,0.0,0.0,23.03,0.0,0.0,1.0,0.0,23.03,0.0,0.0,0.0,0.0,0.0,1,1,0.0,0,1,0,1,0.16666666666666666,1,0,0
3,204,2040.365,2049.38,10,0.0579098261057842,0.40379098451394874,-0.00023585750425542674,0.40298501448497875,0.07100861689883857,0.7100861689883857,0.2245489628986521,0.07100861689883857,0.031756018874808674,0.7334549492488722,0.02245489628986521,5.774177,1.72022,694.4282999999999,694.495,1.0,0.9,0.0,0.9,0.0,0.0,32.048,0.0,0.0,0.9,0.0,32.048,0.0,0.0,0.0,0.0,0.0,0,0,0.0,0,1,0,1,0.16666666666666666,1,0,0
3,205,2050.382,2059.397,10,0.16414691230532769,0.6660999173866812,0.06299530923659816,0.6575517447055096,0.40689958117486363,1.0123500525906226,0.42273579343703244,0.47790704282793933,0.4418948608322896,0.7488109824098561,0.41433992829161365,50.12746,21.7055,3.5248869999999997,5.4392,1.0,0.0,1.0,0.0,0.0,0.0,0.0,0.0,0.0,0.0,0.0,0.0,0.0,0.0,0.0,0.0,0.0,0,0,0.0,0,1,0,1,0.16666666666666666,1,0,0
3,206,2060.408,2069.411,10,0.3044846940176897,0.7321981075625291,-0.019821909190754716,0.509861358399837,0.5625502584384505,1.4764192777828937,0.5124490995487393,0.6226444007745116,0.48081531038073083,0.5661074829063854,0.48121821392424635,30.032580000000003,11.4708,412.54624700000005,695.955,1.0,0.0,0.2,0.0,0.0,0.0,0.0,0.0,0.0,0.0,0.0,0.0,0.0,0.0,0.0,0.0,0.0,0,0,0.0,0,1,0,1,0.16666666666666666,1,0,0
3,207,2070.413,2079.476,10,0.5247683784561288,0.9662262450385294,0.007820637249194462,0.8270417037627014,0.5797514898328371,1.5121651909514384,0.5160314511509208,0.597816529298444,0.43372825294152423,0.5162150593678989,0.44844122747911497,32.3752899,0.604579,420.82262199999997,695.622,1.0,0.2,0.4,0.2,0.0,0.0,0.0,0.0,0.0,0.2,0.0,0.0,0.0,0.0,0.0,0.0,0.0,0,0,0.0,0,1,0,1,0.16666666666666666,1,0,0
3,208,2080.464,2089.497,10,0.6823574179236913,0.9708830154691025,0.05027813479058231,0.6341754381643826,0.4273558600487647,1.0754507796617938,0.3270662479596913,0.36126932019825925,0.386552401117223,0.6667265755019631,0.46907302085323754,44.7723,26.6831,183.086941,454.26,1.0,0.0,0.6,0.0,0.0,0.0,0.0,0.0,0.0,0.0,0.0,0.0,0.0,0.0,0.0,0.0,0.0,0,0,0.0,0,0,0,0,0.0,0,0,0
3,209,2090.496,2099.489,10,0.9217261944372632,0.972208534048881,-0.0035180472111137435,0.1666743683448384,0.6587656307366165,2.911049339783825,0.992548662921696,0.9481610844894611,0.8568948156945762,0.6775829828242492,0.8015581156308814,33.947948000000004,3.80838,202.978281,687.253,1.0,0.1,0.6,0.1,0.0,0.0,0.0,0.0,0.0,0.1,0.0,0.0,0.0,0.0,0.0,0.0,0.0,0,0,0.0,0,0,0,0,0.0,0,0,0
3,210,2100.497,2109.501,10,0.3991016279015411,1.5094077814530564,0.05765841153292657,1.4057726608537768,0.5324861832708541,3.081327914895792,1.0138653767954462,0.5852140755369744,0.4882112985099941,0.9058880168465497,0.6875866089092746,35.96927,13.4327,113.685427,683.225,1.0,0.0,0.8,0.0,0.0,0.0,0.0,0.0,0.0,0.0,0.0,0.0,0.0,0.0,0.0,0.0,0.0,0,0,0.0,0,0,0,0,0.0,0,0,0
3,211,2110.511,2119.52,10,0.8928885679556018,8.928885679556018,-0.16007615171380615,7.346017720894021,0.024091805728896642,0.24091792330749276,0.0761849319733152,0.3081327900857795,0.548943805526871,0.4234814956125045,0.8806788242843888,57.84787,57.1259,426.5295,432.344,1.0,0.0,0.0,0.0,0.0,0.0,0.0,0.0,0.0,0.0,0.0,0.0,0.0,0.0,0.0,0.0,0.0,0,0,0.0,0,0,0,0,0.0,0,0,0
3,212,2120.512,2129.527,10,0.0,0.0,0.0,0.0,1.4891101934596154e-08,1.502133184863675e-08,7.745510037531521e-11,7.866087084757012e-11,6.878810285636978e-11,0.16652477780337457,9.353033920439264e-11,58.6707,58.4746,418.3005,420.824,1.0,0.0,0.0,0.0,0.0,0.0,0.0,0.0,0.0,0.0,0.0,0.0,0.0,0.0,0.0,0.0,0.0,0,0,0.0,0,0,0,0,0.0,0,0,0
3,213,2130.527,2139.665,10,209.13883932173138,2074.2996410789415,-103.09052056218812,1565.5091630784464,0.8639808381226945,2.714786892362585,1.104701078165137,0.9434297916066511,0.7694679631253575,0.6975480625741612,0.6408964685237057,58.36116666666667,58.1626,418.686,419.697,0.3,0.0,0.0,0.0,0.0,0.0,0.0,0.0,0.0,0.0,0.0,0.0,0.0,0.0,0.0,0.0,0.0,0,0,0.0,0,0,0,0,0.0,0,0,0
3,214,2140.664,2149.675,10,6.641378373056639,7.71498652920896,0.21341738938039728,2.6247811120762203,0.24564199012772817,0.8845686741031906,0.27122524381713237,0.2762865876275303,0.3965608636451984,0.9680842074187611,0.7678328094504361,180.0,180.0,0.0,0.0,0.0,0.0,0.0,0.0,0.0,0.0,0.0,0.0,0.0,0.0,0.0,0.0,0.0,0.0,0.0,0.0,0.0,0,0,0.0,0,0,0,0,0.0,0,0,0
3,215,2150.692,2159.688,10,1.7803597081917624,6.537176237757096,-0.6554963361486029,1.7856412595370057,0.6828196121313755,2.606850974792375,0.8241605353075582,0.7703292931311232,0.5849914198655266,0.8245812388087728,0.5078390060628976,180.0,180.0,0.0,0.0,0.0,0.0,0.0,0.0,0.0,0.0,0.0,0.0,0.0,0.0,0.0,0.0,0.0,0.0,0.0,0.0,0.0,0,0,0.0,0,0,0,0,0.0,0,0,0
3,216,2160.692,2169.709,10,3.5071454264759643,4.46750292082435,0.32384102246063967,1.8277562161314405,1.180208723317719,2.348776298642876,0.7720529318101949,0.677404255132523,0.7322402080426477,0.5707908218479809,0.9370846009930813,180.0,180.0,0.0,0.0,0.0,0.0,0.0,0.0,0.0,0.0,0.0,0.0,0.0,0.0,0.0,0.0,0.0,0.0,0.0,0.0,0.0,0,0,0.0,0,0,0,0,0.0,0,0,0
3,217,2170.702,2179.716,10,1.5759228751642549,4.409925313341337,-0.21989728282273396,1.0201321948381157,0.5895859849080664,1.811577022057955,0.6102598527131762,0.5969811965924368,0.6306475695110775,0.4409113094399245,0.578618031483896,180.0,180.0,0.0,0.0,0.0,0.0,0.0,0.0,0.0,0.0,0.0,0.0,0.0,0.0,0.0,0.0,0.0,0.0,0.0,0.0,0.0,0,0,0.0,0,0,0,0,0.0,0,0,0
3,218,2180.722,2189.732,10,0.6184140805198126,1.398079620622839,-0.0837687356800628,1.398079620622839,0.7107590561349447,1.871301472633774,0.678799562675112,0.7133461584673613,0.6117598830114407,0.2968763141798253,0.6520699149163104,180.0,180.0,0.0,0.0,0.0,0.0,0.0,0.0,0.0,0.0,0.0,0.0,0.0,0.0,0.0,0.0,0.0,0.0,0.0,0.0,0.0,0,0,0.0,0,0,0,0,0.0,0,0,0
3,219,2190.733,2199.742,10,4.391724388142727,6.758654370752587,-0.14686038451430763,2.6115449603321577,0.14603397308029725,0.5507796263193807,0.1782077943940023,0.19956645445880133,0.30601482955656384,0.5608088171182064,0.5110665703460192,180.0,180.0,0.0,0.0,0.0,0.0,0.0,0.0,0.0,0.0,0.0,0.0,0.0,0.0,0.0,0.0,0.0,0.0,0.0,0.0,0.0,0,0,0.0,0,0,0,0,0.0,0,0,0
3,220,2200.747,2209.762,10,0.14602549219069824,0.7979702995353496,0.013222043095121172,0.7987690686039536,0.339823838455347,2.4748484252686964,0.7923244151229569,0.4343533614566262,0.2668237814609187,0.9104087084923709,0.22671715913007726,180.0,180.0,0.0,0.0,0.0,0.0,0.0,0.0,0.0,0.0,0.0,0.0,0.0,0.0,0.0,0.0,0.0,0.0,0.0,0.0,0.0,0,0,0.0,0,0,0,0,0.0,0,0,0
3,221,2210.758,2219.771,10,0.0591959786877234,0.43558184621594065,-0.013314980768992924,0.3009120187782843,0.0001651496555729821,0.0009746159409879211,0.00035513247055643304,0.08181650617124171,0.35918622756714086,0.7922478234096453,0.6622044763156416,180.0,180.0,0.0,0.0,0.0,0.0,0.0,0.0,0.0,0.0,0.0,0.0,0.0,0.0,0.0,0.0,0.0,0.0,0.0,0.0,0.0,0,0,0.0,0,0,0,0,0.0,0,0,0
3,222,2220.784,2229.778,10,25.697893400118414,255.07191141044285,-0.039557384800482584,254.30898445707166,0.4443211869764109,2.6574318415055767,0.8904164298012717,0.6620858616033116,0.466220096869836,0.9601295962543611,0.3404022535016441,39.237899999999996,17.7531,255.44875,255.553,0.4,0.0,0.0,0.0,0.0,0.0,0.0,0.0,0.0,0.0,0.0,0.0,0.0,0.0,0.0,0.0,0.0,0,0,0.0,0,0,0,0,0.0,0,0,0
3,223,2230.779,2239.791,10,6.6471473480215835,6.96233908700869,0.4838994702028274,3.6309320329571646,0.17585652828896264,1.364245557121485,0.42259035585316085,0.1746199707760919,0.40477963559711105,0.7559641674413196,0.7538476127219678,13.212853,7.10139,219.7131,249.645,1.0,0.0,0.0,0.0,0.0,0.0,0.0,0.0,0.0,0.0,0.0,0.0,0.0,0.0,0.0,0.0,0.0,0,0,0.0,0,0,0,0,0.0,0,0,0
3,224,2240.784,2249.804,10,6.048317068507151,6.796547630181467,-0.03689541049212541,2.240456688382732,0.271165270961498,1.1476470791554534,0.4036916891917518,0.34880334953959713,0.2029173297243924,0.677936862914174,0.1660558633113804,30.349223000000002,1.39353,158.3164,183.826,1.0,0.1,0.0,0.1,0.0,0.0,0.0,0.0,0.0,0.0,0.0,0.0,0.0,0.0,0.0,0.0,0.0,0,0,0.0,0,0,0,0,0.0,0,0,0
3,225,2250.806,2259.819,10,1.9973992368224234,6.650097755092132,-0.584285239392862,2.6675397363149793,0.6413489822145166,1.3835153021550375,0.4201802869495783,0.5464852222497412,0.45706356321206404,0.8424670708304335,0.474661189383332,116.05923,28.15,133.9681,136.86,1.0,0.0,0.0,0.0,0.0,0.0,0.0,0.0,0.0,0.0,0.0,0.0,0.0,0.0,0.0,0.0,0.0,0,0,0.0,0,0,0,0,0.0,0,0,0
3,226,2260.817,2269.156,9,2.50491616736012,5.759592313205021,0.34582585847745917,3.3256896181915656,0.9838553926644246,2.2897150943437716,0.8734845090884799,0.9845915193440636,0.8021852926156895,0.547630237722776,0.6683035773492065,65.59515555555555,15.9694,130.76022222222224,136.739,1.0,0.0,0.0,0.0,0.0,0.0,0.0,0.0,0.0,0.0,0.0,0.0,0.0,0.0,0.0,0.0,0.0,0,0,0.0,0,0,0,0,0.0,0,0,0
3,227,2270.158,2279.172,10,3.1723595705293035,4.143590936967044,-0.12265307974506627,0.9552986723218182,0.6325327826740328,2.802867914766609,0.8314221532162943,0.7047600986259691,0.7079135358401157,0.5156194623661243,0.9450467732659483,64.49949000000001,13.2754,109.07300000000001,117.782,1.0,0.0,0.0,0.0,0.0,0.0,0.0,0.0,0.0,0.0,0.0,0.0,0.0,0.0,0.0,0.0,0.0,0,0,0.0,0,0,0,0,0.0,0,0,0
3,228,2280.174,2289.194,10,3.3341320279008615,4.077145123471816,0.20038504760679157,1.8883820295513094,0.6237942836137442,1.5729957328976278,0.5971659665800735,0.49911393378546637,0.519221065644346,0.6786934588437599,0.5144017051303474,30.195346899999997,0.507449,92.17381,104.747,1.0,0.1,0.0,0.1,0.0,0.0,0.0,0.0,0.0,0.0,0.0,0.0,0.0,0.0,0.0,0.0,0.0,0,0,0.0,0,0,0,0,0.0,0,0,0
3,229,2290.2,2299.205,10,3.4474213879868225,4.084928371060805,-0.1844697698124826,0.40590040859391885,0.7407760896745079,1.6137545724223672,0.4963457387788408,0.4267312838781498,0.48956171214777555,0.7826509727398303,0.5011686759834301,74.70045,24.217,62.83895,72.1982,1.0,0.0,0.0,0.0,0.0,0.0,0.0,0.0,0.0,0.0,0.0,0.0,0.0,0.0,0.0,0.0,0.0,0,0,0.0,0,0,0,0,0.0,0,0,0
3,230,2300.207,2309.218,10,1.965206263447523,3.9592479496522857,0.09449044103932958,3.4370857989044064,0.6398670870146116,1.6272337216788737,0.6475195821128436,0.7053272658016688,0.6145996403635523,0.5821737130548112,0.5830749203720208,105.818296,1.17036,64.22422,68.0799,1.0,0.1,0.0,0.1,0.0,0.0,0.0,0.0,0.0,0.0,0.0,0.0,0.0,0.0,0.0,0.0,0.0,0,0,0.0,0,0,0,0,0.0,0,0,0
3,231,2310.218,2319.23,10,5.678384821242831,6.763118896405,0.36144120124661266,3.9221037378244086,0.2949103136113994,1.5732170401225738,0.5004849197815312,0.4479889731080492,0.5262338099970315,0.38897918116507413,0.6023453264814107,31.81987,14.2418,39.88184,59.9068,1.0,0.0,0.1,0.0,0.0,0.0,0.0,0.0,0.0,0.0,0.0,0.0,0.0,0.0,0.0,0.0,0.0,0,0,0.0,0,0,0,0,0.0,0,0,0
3,232,2320.236,2329.24,10,2.4828686038547096,6.2301999442530445,-0.13854367794052655,3.9174645663731726,0.4186032469150295,1.5407951282472017,0.5148972874609817,0.42650287109959406,0.30662917391388705,0.777611908580474,0.37146450480941,62.55109,36.2306,7.513703,9.09648,1.0,0.0,1.0,0.0,0.0,0.0,0.0,0.0,0.0,0.0,0.0,0.0,0.0,0.0,0.0,0.0,0.0,0,0,0.0,0,0,0,0,0.0,0,0,0
3,233,2330.262,2339.254,10,2.2063815169480536,6.5371822764111975,-0.14691103880821044,2.150171871827406,0.48183950118294516,1.8365483526231348,0.5778276957083398,0.6377093376289543,0.5894133367265392,0.5340946956975046,0.5736797199542633,102.12866,46.3408,18.228559999999998,20.3187,1.0,0.0,0.1,0.0,0.0,0.0,0.0,0.0,0.0,0.0,0.0,0.0,0.0,0.0,0.0,0.0,0.0,0,0,0.0,0,0,0,0,0.0,0,0,0
3,234,2340.253,2349.258,10,5.903850045146462,6.666681568493952,0.20756786431093838,1.9826678592244054,0.7902316532831917,2.1688633832766904,0.7883019215602817,0.7095863902962894,0.6887524626248881,0.6777065381936787,0.77321737371349,128.60164,16.7326,39.689769999999996,65.961,1.0,0.0,0.1,0.0,0.0,0.0,0.0,0.0,0.0,0.0,0.0,0.0,0.0,0.0,0.0,0.0,0.0,0,0,0.0,0,0,0,0,0.0,0,0,0
3,235,2350.266,2359.28,10,4.5706537382335,6.631924649502694,-0.0006711237081744592,4.376406081158812,0.3288793821006933,1.5010763861991832,0.4744327676718594,0.3718960569363358,0.4111576534779915,0.9442847380774797,0.5199347538994944,156.2564,118.4,89.84846,108.999,1.0,0.0,0.7,0.0,0.0,0.0,0.0,0.0,0.0,0.0,0.0,0.0,0.0,0.0,0.0,0.0,0.0,0,0,0.0,0,0,0,0,0.0,0,0,0
3,236,2360.277,2369.399,10,5.469474623393796,6.746838911049015,-0.09015610542152011,0.8648130283527603,0.0005012232297156492,0.005012232297156492,0.0015850070220872414,0.0005050318531852575,0.028390557299873765,0.8519760064444982,0.1103255819634936,164.7846,154.169,126.92159999999998,139.449,1.0,0.0,0.1,0.0,0.0,0.0,0.0,0.0,0.0,0.0,0.0,0.0,0.0,0.0,0.0,0.0,0.0,0,0,0.0,0,0,0,0,0.0,0,0,0
3,237,2370.39,2379.409,10,2.459926188221532,6.680169909866282,-0.4405263068454369,2.0609133330501024,0.5328422637226831,0.9337395009100957,0.3526526823732448,0.3643698239680252,0.3092070701234076,0.9207433637003742,0.3397888175013173,60.1425075,0.762075,154.1223,158.194,1.0,0.1,0.0,0.1,0.0,0.0,0.0,0.0,0.0,0.0,0.0,0.0,0.0,0.0,0.0,0.0,0.0,0,0,0.0,0,0,0,0,0.0,0,0,0
3,238,2380.402,2389.42,10,0.13602323748296885,0.8675285316718948,-0.03173707852164072,0.5454256927908356,0.005103561434305335,0.05094161331456862,0.0161058762147121,0.014966653251215193,0.08969392589823225,0.8782066221724211,0.2459024832410115,66.24181,66.238,158.2255,158.659,1.0,0.0,0.0,0.0,0.0,0.0,0.0,0.0,0.0,0.0,0.0,0.0,0.0,0.0,0.0,0.0,0.0,0,0,0.0,0,0,0,0,0.0,0,0,0
3,239,2390.412,2399.431,10,0.0,0.0,0.0,0.0,1.3097877847513944e-07,1.3097877847513943e-06,4.141912651280764e-07,1.6936868555442087e-07,3.2977540590996235e-07,0.5416794002276117,3.3624474695544114e-06,66.2382,66.2382,158.168,158.168,1.0,0.0,0.0,0.0,0.0,0.0,0.0,0.0,0.0,0.0,0.0,0.0,0.0,0.0,0.0,0.0,0.0,0,0,0.0,0,0,0,0,0.0,0,0,0
3,240,2400.425,2409.971,10,679.4536897444204,6790.6919394010565,-451.02430056636933,3932.074081876697,0.24223584119953911,1.5989906687817335,0.5181535290976079,0.4378905918619898,0.415284830052921,0.899218737943969,0.406850120188084,66.2382,66.2382,158.168,158.168,0.2,0.0,0.0,0.0,0.0,0.0,0.0,0.0,0.0,0.0,0.0,0.0,0.0,0.0,0.0,0.0,0.0,0,0,0.0,0,0,0,0,0.0,0,0,0
3,241,2410.968,2419.984,10,6.267442621052349,6.8163546222368465,0.11740308419990064,2.208019061164634,0.3998601952900758,1.1433138337876598,0.3346806609662876,0.4503712659200495,0.33258314183696436,0.9996376175955298,0.4055209810413767,180.0,180.0,0.0,0.0,0.0,0.0,0.0,0.0,0.0,0.0,0.0,0.0,0.0,0.0,0.0,0.0,0.0,0.0,0.0,0.0,0.0,0,0,0.0,0,0,0,0,0.0,0,0,0
3,242,2421.006,2429.991,10,6.674082692016704,7.0139843541330285,0.14157392793976023,1.5761936820574955,0.0803168543409268,0.2764695260083679,0.10522487880730948,0.07330634049599967,0.1409632847105453,0.938589584924913,0.18238287999666908,180.0,180.0,0.0,0.0,0.0,0.0,0.0,0.0,0.0,0.0,0.0,0.0,0.0,0.0,0.0,0.0,0.0,0.0,0.0,0.0,0.0,0,0,0.0,0,0,0,0,0.0,0,0,0
3,243,2431.0,2439.01,9,4.847411847473462,6.983492934958536,-0.2653351020760611,0.5507028075342865,0.20372740829103891,0.4006284126610527,0.14942327086972976,0.20217021415049763,0.13741803976501268,0.9483530543266794,0.12993670724417436,180.0,180.0,0.0,0.0,0.0,0.0,0.0,0.0,0.0,0.0,0.0,0.0,0.0,0.0,0.0,0.0,0.0,0.0,0.0,0.0,0.0,0,0,0.0,0,0,0,0,0.0,0,0,0
3,244,2440.01,2449.022,10,1.9091835416874758,4.062501484440794,-0.4032638438042916,2.6969605125429665,0.33642757239461984,1.067108201700723,0.31811129802321336,0.2993687505143096,0.27943908208905804,0.8419056537185255,0.24159726866363002,180.0,180.0,0.0,0.0,0.0,0.0,0.0,0.0,0.0,0.0,0.0,0.0,0.0,0.0,0.0,0.0,0.0,0.0,0.0,0.0,0.0,0,0,0.0,0,0,0,0,0.0,0,0,0
3,245,2450.023,2459.038,10,1.82038007500704,3.810755109497561,0.062328517557274685,2.7961899708758065,0.8444550699011477,2.926412789234773,0.9442167425882882,1.03460210123074,0.902496984600887,0.6956090333683673,0.7629898455444387,180.0,180.0,0.0,0.0,0.0,0.0,0.0,0.0,0.0,0.0,0.0,0.0,0.0,0.0,0.0,0.0,0.0,0.0,0.0,0.0,0.0,0,0,0.0,0,0,0,0,0.0,0,0,0
3,246,2460.049,2469.055,10,0.0,0.0,-0.05980695972830089,0.0,0.18840530385560764,1.503670553271832,0.47734803126383324,0.30464408128703113,0.32848488842981743,0.3901395141114016,0.6728641807482805,180.0,180.0,0.0,0.0,0.0,0.0,0.0,0.0,0.0,0.0,0.0,0.0,0.0,0.0,0.0,0.0,0.0,0.0,0.0,0.0,0.0,0,0,0.0,0,0,0,0,0.0,0,0,0
3,247,2470.044,2479.066,10,1.7815975254623737,3.7701847071740424,0.27904698811440576,1.769180601295475,0.5178010426294684,1.5259677997211967,0.6106556140119214,0.5820845754377306,0.5061202573468673,0.4685246117589134,0.563298555978552,180.0,180.0,0.0,0.0,0.0,0.0,0.0,0.0,0.0,0.0,0.0,0.0,0.0,0.0,0.0,0.0,0.0,0.0,0.0,0.0,0.0,0,0,0.0,0,0,0,0,0.0,0,0,0
3,248,2480.059,2489.076,10,3.1971795888876477,4.6527676722508575,0.13183417836052785,3.3032371118541053,0.675550584615803,1.7625087445708916,0.7242527624653086,0.5883455413989424,0.7165298454924569,0.666764698665319,0.6777132011210933,180.0,180.0,0.0,0.0,0.0,0.0,0.0,0.0,0.0,0.0,0.0,0.0,0.0,0.0,0.0,0.0,0.0,0.0,0.0,0.0,0.0,0,0,0.0,0,0,0,0,0.0,0,0,0
3,249,2490.088,2499.096,10,1.8084996186611673,3.6527610783439797,-0.12472844995646896,2.294280109688651,0.5248843430857434,1.3755998970005014,0.41886539453433275,0.4215250883627652,0.503045827097319,0.658770053826087,0.5773192434393192,180.0,180.0,0.0,0.0,0.0,0.0,0.0,0.0,0.0,0.0,0.0,0.0,0.0,0.0,0.0,0.0,0.0,0.0,0.0,0.0,0.0,0,0,0.0,0,0,0,0,0.0,0,0,0
3,250,2500.099,2509.105,10,2.9414665414081655,4.065405195605404,0.07666614565381705,1.7976715217953416,1.3125100289456504,2.3673080530129833,0.9022607732308173,1.2188088963499024,0.7853543298985406,0.4749169701749164,0.7190735344700918,180.0,180.0,0.0,0.0,0.0,0.0,0.0,0.0,0.0,0.0,0.0,0.0,0.0,0.0,0.0,0.0,0.0,0.0,0.0,0.0,0.0,0,0,0.0,0,0,0,0,0.0,0,0,0
3,251,2510.114,2519.125,10,2.2313871185841583,4.093671814287406,-0.3520741953185282,1.1055340920163954,0.5631332889906645,2.755271100825509,0.9849013753751841,0.8242986513724894,1.0370558696130332,0.7729256566202327,1.0244876559528309,180.0,180.0,0.0,0.0,0.0,0.0,0.0,0.0,0.0,0.0,0.0,0.0,0.0,0.0,0.0,0.0,0.0,0.0,0.0,0.0,0.0,0,0,0.0,0,0,0,0,0.0,0,0,0
3,252,2520.126,2529.138,10,1.029078291861772,1.9363071307524038,0.1614062566006511,1.4032052674441113,0.0644212432606132,0.2317535441868882,0.07736312178817509,0.06035487377386214,0.06463929196824333,0.8795378332529584,0.3827515147494217,180.0,180.0,0.0,0.0,0.0,0.0,0.0,0.0,0.0,0.0,0.0,0.0,0.0,0.0,0.0,0.0,0.0,0.0,0.0,0.0,0.0,0,0,0.0,0,0,0,0,0.0,0,0,0
3,253,2530.139,2539.147,10,0.16743108846532842,1.2506627698608914,-0.17251459390308888,1.2481664369869176,0.02163097822696851,0.12485341202734888,0.03915915299930299,0.03265119571985068,0.03160351957312118,0.6523429857475271,0.050652860765635355,180.0,180.0,0.0,0.0,0.0,0.0,0.0,0.0,0.0,0.0,0.0,0.0,0.0,0.0,0.0,0.0,0.0,0.0,0.0,0.0,0.0,0,0,0.0,0,0,0,0,0.0,0,0,0
3,254,2540.143,2549.157,10,0.0698755381165562,0.6987553811655619,-0.0015343772094105423,0.6904697442347449,0.015181268455374472,0.15181268455374472,0.048007386089449613,0.030362536910748944,0.013578539300356221,0.5468107128408257,0.020002414579008795,180.0,180.0,0.0,0.0,0.0,0.0,0.0,0.0,0.0,0.0,0.0,0.0,0.0,0.0,0.0,0.0,0.0,0.0,0.0,0.0,0.0,0,0,0.0,0,0,0,0,0.0,0,0,0
3,255,2550.163,2559.177,10,2.1151010622178523,4.083815670829798,0.0637512644462738,2.5986505133578452,0.5627654942302335,1.8728870601436198,0.6160095950236376,0.8167498518307976,0.5928646476148545,0.727485214288356,0.5532200551486594,180.0,180.0,0.0,0.0,0.0,0.0,0.0,0.0,0.0,0.0,0.0,0.0,0.0,0.0,0.0,0.0,0.0,0.0,0.0,0.0,0.0,0,0,0.0,0,0,0,0,0.0,0,0,0
3,256,2560.179,2569.182,10,0.770558776333452,4.0295436281219,0.10304430930094632,3.8126564093779503,0.14053158690372786,0.7164454208373557,0.23387729397280801,0.252288479484012,0.26658069059203343,0.4492148969138805,0.39188245010810613,180.0,180.0,0.0,0.0,0.0,0.0,0.0,0.0,0.0,0.0,0.0,0.0,0.0,0.0,0.0,0.0,0.0,0.0,0.0,0.0,0.0,0,0,0.0,0,0,0,0,0.0,0,0,0
3,257,2570.186,2579.192,10,1.1751385678055999,2.361219650942622,0.014709187624576847,2.2615187536341836,0.28969346006895635,1.246676614487972,0.42527842613048267,0.5140337645543085,0.3359785937008698,0.6306329486444826,0.2913236042691919,180.0,180.0,0.0,0.0,0.0,0.0,0.0,0.0,0.0,0.0,0.0,0.0,0.0,0.0,0.0,0.0,0.0,0.0,0.0,0.0,0.0,0,0,0.0,0,0,0,0,0.0,0,0,0
3,258,2580.195,2589.216,10,0.7795890101809804,1.827140336932763,-0.06671304681205033,1.1844315644153676,0.14324044950239195,1.0421683625601108,0.31914057860633693,0.255010106213661,0.2958630084600908,0.3905887818215996,0.4492078903426143,180.0,180.0,0.0,0.0,0.0,0.0,0.0,0.0,0.0,0.0,0.0,0.0,0.0,0.0,0.0,0.0,0.0,0.0,0.0,0.0,0.0,0,0,0.0,0,0,0,0,0.0,0,0,0
3,259,2590.204,2599.212,10,3.0819575499588874,4.949383252072452,0.2487607217127899,2.963357543437672,0.15076109751241001,0.504971258528813,0.16540430360689098,0.17187055169021911,0.15649683441521364,0.3039113441024351,0.14156390548670306,180.0,180.0,0.0,0.0,0.0,0.0,0.0,0.0,0.0,0.0,0.0,0.0,0.0,0.0,0.0,0.0,0.0,0.0,0.0,0.0,0.0,0,0,0.0,0,0,0,0,0.0,0,0,0
3,260,2600.215,2609.234,10,2.8661090129207847,4.382360808987429,-0.06976802377665405,1.9480615860836428,0.7768218950277711,2.8826909890112917,1.1240901235343206,1.0009286846123835,0.7642572721569951,0.30201649357170013,0.6845591842830151,180.0,180.0,0.0,0.0,0.0,0.0,0.0,0.0,0.0,0.0,0.0,0.0,0.0,0.0,0.0,0.0,0.0,0.0,0.0,0.0,0.0,0,0,0.0,0,0,0,0,0.0,0,0,0
3,261,2610.237,2619.246,10,3.145026912673587,6.466977410111381,0.15980870222041707,4.690738075358182,0.47878521625607473,2.8096228504752436,0.8769065568008999,1.1110390823857121,1.0498006613211344,0.5331613613466295,1.031799425926447,180.0,180.0,0.0,0.0,0.0,0.0,0.0,0.0,0.0,0.0,0.0,0.0,0.0,0.0,0.0,0.0,0.0,0.0,0.0,0.0,0.0,0,0,0.0,0,0,0,0,0.0,0,0,0
3,262,2620.244,2629.256,10,2.8301287156277923,6.723531144699216,-0.45729094274934495,3.045874137146457,0.7418558400570006,1.7499954721784923,0.6361886599846805,0.586543017873829,0.5952269870298355,0.7642021481905266,0.7553188435290759,180.0,180.0,0.0,0.0,0.0,0.0,0.0,0.0,0.0,0.0,0.0,0.0,0.0,0.0,0.0,0.0,0.0,0.0,0.0,0.0,0.0,0,0,0.0,0,0,0,0,0.0,0,0,0
3,263,2630.255,2639.28,10,0.5432566201880394,1.6139355344603266,0.05768594600991568,1.4125229864731275,0.8603594670814851,2.1183555216394754,0.7192809625596441,0.816502554301899,0.6362536403700857,0.6960371860206516,0.6482913168016929,180.0,180.0,0.0,0.0,0.0,0.0,0.0,0.0,0.0,0.0,0.0,0.0,0.0,0.0,0.0,0.0,0.0,0.0,0.0,0.0,0.0,0,0,0.0,0,0,0,0,0.0,0,0,0
3,264,2640.269,2649.269,10,1.225602582209602,3.712789731509613,-0.01163650701109944,3.348542287669594,0.5777197653884998,1.2501370527862494,0.4326637644935233,0.4864565365029726,0.4846682798499953,0.3377961937742158,0.5930485763939574,180.0,180.0,0.0,0.0,0.0,0.0,0.0,0.0,0.0,0.0,0.0,0.0,0.0,0.0,0.0,0.0,0.0,0.0,0.0,0.0,0.0,0,0,0.0,0,0,0,0,0.0,0,0,0
3,265,2650.278,2659.287,10,0.9504562863503031,2.6923841010949343,-0.048310589934146775,2.220667091090268,0.19413434518308897,1.35637452776906,0.4195565353742094,0.33736105670468064,0.3394247723077643,0.09909210229808538,0.4467436346459892,180.0,180.0,0.0,0.0,0.0,0.0,0.0,0.0,0.0,0.0,0.0,0.0,0.0,0.0,0.0,0.0,0.0,0.0,0.0,0.0,0.0,0,0,0.0,0,0,0,0,0.0,0,0,0
3,266,2660.292,2669.298,10,0.8646128563653926,3.272326495742238,0.3264474516142162,2.005189225961117,0.17546317883129034,0.6635387118803978,0.2738154510054072,0.1813586961058346,0.16806542309270153,0.36834673355099506,0.163147185578408,180.0,180.0,0.0,0.0,0.0,0.0,0.0,0.0,0.0,0.0,0.0,0.0,0.0,0.0,0.0,0.0,0.0,0.0,0.0,0.0,0.0,0,0,0.0,0,0,0,0,0.0,0,0,0
3,267,2670.3,2679.311,10,0.4972739385136803,2.2530866748689133,-0.307129063828415,1.9352244170880801,0.3951938494723791,0.9776813240246562,0.3805434302437313,0.34421519304898185,0.38576699008960486,0.6862991957014144,0.34103106114093495,180.0,180.0,0.0,0.0,0.0,0.0,0.0,0.0,0.0,0.0,0.0,0.0,0.0,0.0,0.0,0.0,0.0,0.0,0.0,0.0,0.0,0,0,0.0,0,0,0,0,0.0,0,0,0
3,268,2680.32,2689.322,10,0.3068913461904318,1.6722106819394933,-0.020441667518298567,1.575807621110565,0.3291413894716087,2.188802936230767,0.6850699570029853,0.49719346291847283,0.5691742457060831,0.4580632711008937,0.5816137960955954,180.0,180.0,0.0,0.0,0.0,0.0,0.0,0.0,0.0,0.0,0.0,0.0,0.0,0.0,0.0,0.0,0.0,0.0,0.0,0.0,0.0,0,0,0.0,0,0,0,0,0.0,0,0,0
3,269,2690.324,2699.32,10,0.0,0.0,0.0,0.0,0.0,0.0,0.0,0.0,1.312989731902356e-08,0.29278626421230275,0.229882357049818,180.0,180.0,0.0,0.0,0.0,0.0,0.0,0.0,0.0,0.0,0.0,0.0,0.0,0.0,0.0,0.0,0.0,0.0,0.0,0.0,0.0,0,0,0.0,0,0,0,0,0.0,0,0,0
3,270,2700.342,2700.342,1,0.0,0.0,0.0,0.0,0.0,0.0,0.0,0.0,0.0,0.20756080766839297,0.0,180.0,180.0,0.0,0.0,0.0,0.0,0.0,0.0,0.0,0.0,0.0,0.0,0.0,0.0,0.0,0.0,0.0,0.0,0.0,0.0,0.0,0,0,0.0,0,0,0,0,0.0,0,0,0
