jogador_sessao,tempo_run_s,janela_analise_10s,arma,vel_posicao,acel_linear,vel_rotacao,jitter_mira,entropia_mov,eficiencia_trajeto,var_camera_durante_corrida,eficiencia_mean_20s,entropia_mean_10s,travado_min_5s,travado_em_player,distancia_alvo,tem_visao,alvo_encontrado,alvo_na_mira,mirando,mirando_ads,mirando_alvo,alvo_oculto_na_mira,mirando_alvo_oculto,alvo_oculto_300m_na_mira,mirando_alvo_oculto_300m,mirando_ads_alvo_oculto_300m,alinhamento_preciso_oculto_300m,duracao_mirando_alvo_s,duracao_rastreando_oculto_s,duracao_mirando_oculto_s,duracao_observando_oculto_300m_s,duracao_mirando_oculto_300m_s,duracao_ads_oculto_300m_s,duracao_precisao_oculta_300m_s,contagem_episodios_esp_120s,contagem_episodios_ads_120s,taxa_alvo_na_mira_10s,taxa_alvo_oculto_10s,taxa_mirando_alvo_10s,taxa_mira_oculta_10s,taxa_visao_direta_10s,angulo_medio_alvo_10s,angulo_minimo_alvo_10s,distancia_media_alvo_10s,vel_rotacao_media_10s,vel_rotacao_std_10s,jitter_medio_10s,persistencia_oculta_max_10s,persistencia_mira_oculta_max_10s,taxa_alvo_oculto_300m_10s,taxa_mira_oculta_300m_10s,taxa_ads_oculta_300m_10s,taxa_precisao_oculta_300m_10s,persistencia_oculta_300m_max_10s,persistencia_mira_oculta_300m_max_10s,perseguindo_player,duracao_perseguicao_oculta_s,duracao_speedhack_s,tracking_oculto_suspeito,mira_armada_oculta_suspeita,wallhack_suspeito,alerta_speedhack,alerta_aimbot,alerta_lockon,esp_oculto_longa_distancia,evidencia_esp_repetido,evidencia_ads_oculto_repetido,evidencia_precisao_oculta,esp_alto_risco,pontos_evento,pontos_suspeita_60s,tipos_evidencia_60s,nivel_suspeita,candidato_revisao,candidato_banimento
1,0.0,0,SCARH_Black,0.0,0.0,0.0,0.0,0.0,0.0,0.0,0.0,0.0,0.477654,0.477654,3.00015,1,1,1,0,0,0,0,0,0,0,0,0,0.0,0.0,0.0,0.0,0.0,0.0,0.0,0,0,1.0,0.0,0.0,0.0,1.0,0.477654,0.477654,3.00015,0.0,0.0,0.0,0.0,0.0,0.0,0.0,0.0,0.0,0.0,0.0,0,0.0,0.0,0,0,0,0,0,0,0,0,0,0,0,0,0,0,0,0,0
1,0.735,0,SCARH_Black,0.0,0.0,2.867132551761499e-08,2.867132551761499e-08,2.0273688699112457e-08,0.0,2.0273688699112457e-08,0.0,1.0136844349556228e-08,0.477654,27.6236,3.41987,1,1,0,0,0,0,0,0,0,0,0,0,0.0,0.0,0.0,0.0,0.0,0.0,0.0,0,0,0.5,0.0,0.0,0.0,1.0,14.050627,0.477654,3.21001,1.4335662758807494e-08,2.0273688699112457e-08,1.4335662758807494e-08,0.0,0.0,0.0,0.0,0.0,0.0,0.0,0.0,0,0.0,0.0,0,0,0,0,0,0,0,0,0,0,0,0,0,0,0,0,0
1,1.73,0,SCARH_Black,0.0,0.0,2.1179320859745747e-08,7.492004657869241e-09,1.4870208880009252e-08,0.0,1.4870208880009252e-08,0.0,1.1714632526373904e-08,0.477654,27.6553,3.4167,1,1,0,0,0,0,0,0,0,0,0,0,0.0,0.0,0.0,0.0,0.0,0.0,0.0,0,0,0.3333333333333333,0.0,0.0,0.0,1.0,18.585518,0.477654,3.2789066666666664,1.6616882125786912e-08,1.4870208880009252e-08,1.2054443391828078e-08,0.0,0.0,0.0,0.0,0.0,0.0,0.0,0.0,0,0.0,0.0,0,0,0,0,0,0,0,0,0,0,0,0,0,0,0,0,0
1,2.726,0,SCARH_Black,0.0,0.0,2.1158056481372508e-08,2.126437837323937e-11,1.2351962363204793e-08,0.0,1.2351962363204793e-08,0.0,1.1873964985581626e-08,0.477654,27.6019,3.42211,1,1,0,0,0,0,0,0,0,0,0,0,0.0,0.0,0.0,0.0,0.0,0.0,0.0,0,0,0.25,0.0,0.0,0.0,1.0,20.8396135,0.477654,3.3147075,1.775217571468331e-08,1.2351962363204793e-08,9.046148638464366e-09,0.0,0.0,0.0,0.0,0.0,0.0,0.0,0.0,0,0.0,0.0,0,0,0,0,0,0,0,0,0,0,0,0,0,0,0,0,0
1,3.774,0,SCARH_Black,0.0,0.0,2.010822925138074e-08,1.0498272299917664e-09,1.074888032867041e-08,0.0,1.074888032867041e-08,0.0,1.1648948054199382e-08,0.477654,27.7681,3.40736,1,1,0,0,0,0,0,0,0,0,0,0,0.0,0.0,0.0,0.0,0.0,0.0,0.0,0,0,0.2,0.0,0.0,0.0,1.0,22.2253108,0.477654,3.333238,1.8223386422022798e-08,1.074888032867041e-08,7.446884356769846e-09,0.0,0.0,0.0,0.0,0.0,0.0,0.0,0.0,0,0.0,0.0,0,0,0,0,0,0,0,0,0,0,0,0,0,0,0,0,0
1,4.775,0,SCARH_Black,0.0,0.0,2.1052371883563455e-08,9.441426321827133e-10,3.5151311124474358e-09,0.0,9.683212403243577e-09,0.0,1.0293311897240726e-08,27.5905,27.5905,3.42232,1,1,0,0,0,0,0,0,0,0,0,0,0.0,0.0,0.0,0.0,0.0,0.0,0.0,0,0,0.16666666666666666,0.0,0.0,0.0,1.0,23.119508999999997,0.477654,3.3480849999999998,1.869488399894624e-08,9.683212403243577e-09,6.363094069338659e-09,0.0,0.0,0.0,0.0,0.0,0.0,0.0,0.0,0,0.0,0.0,0,0,0,0,0,0,0,0,0,0,0,0,0,0,0,0,0
1,5.785,0,SCARH_Black,0.0,0.0,2.0864776490541602e-08,1.875953930218529e-10,4.4502945276616884e-10,0.0,8.87748849910353e-09,0.0,8.88641440517293e-09,27.5905,27.6744,3.41541,1,1,0,0,0,0,0,0,0,0,0,0,0.0,0.0,0.0,0.0,0.0,0.0,0.0,0,0,0.14285714285714285,0.0,0.0,0.0,1.0,23.770207714285714,0.477654,3.3577028571428573,1.9004868640602718e-08,8.87748849910353e-09,5.480879972721971e-09,0.0,0.0,0.0,0.0,0.0,0.0,0.0,0.0,0,0.0,0.0,0,0,0,0,0,0,0,0,0,0,0,0,0,0,0,0,0
1,6.776,0,SCARH_Black,0.0,0.0,2.1264807523155418e-08,4.0003103261381603e-10,4.6111297304585667e-10,0.0,8.257703940598718e-09,0.0,7.833251726157046e-09,27.5905,27.6145,3.42168,1,1,0,0,0,0,0,0,0,0,0,0,0.0,0.0,0.0,0.0,0.0,0.0,0.0,0,0,0.125,0.0,0.0,0.0,1.0,24.25074425,0.477654,3.3657,1.928736100092181e-08,8.257703940598718e-09,4.845773855208453e-09,0.0,0.0,0.0,0.0,0.0,0.0,0.0,0.0,0,0.0,0.0,0,0,0,0,0,0,0,0,0,0,0,0,0,0,0,0,0
1,7.777,0,SCARH_Black,0.0,0.0,2.1052371883563455e-08,2.1243563959196313e-10,4.479684327935835e-10,0.0,7.746748056687742e-09,0.0,7.012664693561106e-09,27.5905,27.6213,3.42033,1,1,0,0,0,0,0,0,0,0,0,0,0.0,0.0,0.0,0.0,0.0,0.0,0.0,0,0,0.1111111111111111,0.0,0.0,0.0,1.0,24.625250444444443,0.477654,3.3717699999999997,1.9483473321215323e-08,7.746748056687742e-09,4.330958497917732e-09,0.0,0.0,0.0,0.0,0.0,0.0,0.0,0.0,0,0.0,0.0,0,0,0,0,0,0,0,0,0,0,0,0,0,0,0,0,0
1,8.783,0,SCARH_Black,0.0,0.0,2.094773782847616e-08,1.0463405508729304e-10,1.4999650625960126e-10,0.0,7.318367358327219e-09,0.0,6.3263978748309554e-09,27.5905,27.677,3.41511,1,1,0,0,0,0,0,0,0,0,0,0,0.0,0.0,0.0,0.0,0.0,0.0,0.0,0,0,0.1,0.0,0.0,0.0,1.0,24.9304254,0.477654,3.376104,1.9629899771941407e-08,7.318367358327219e-09,3.908326053634687e-09,0.0,0.0,0.0,0.0,0.0,0.0,0.0,0.0,0,0.0,0.0,0,0,0,0,0,0,0,0,0,0,0,0,0,0,0,0,0
1,9.784,0,SCARH_Black,0.0,0.0,2.1052371883563455e-08,1.0463405508729304e-10,1.4999650625960126e-10,0.0,2.458471358438361e-09,0.0,6.3413975254569165e-09,27.583,27.583,3.42353,1,1,0,0,0,0,0,0,0,0,0,0,0.0,0.0,0.0,0.0,0.0,0.0,0.0,0,0,0.0,0.0,0.0,0.0,1.0,27.64096,27.583,3.4184419999999998,2.1735136960297752e-08,2.458471358438361e-09,3.918789459143417e-09,0.0,0.0,0.0,0.0,0.0,0.0,0.0,0.0,0,0.0,0.0,0,0,0,0,0,0,0,0,0,0,0,0,0,0,0,0,0
1,10.78,1,SCARH_Black,0.0,0.0,2.1158056481372508e-08,1.0568459780905313e-10,1.2055201228012074e-10,0.0,3.28992029244524e-10,0.0,4.326083856773682e-09,27.583,27.7712,3.40719,1,1,0,0,0,0,0,0,0,0,0,0,0.0,0.0,0.0,0.0,0.0,0.0,0.0,0,0,0.0,0.0,0.0,0.0,1.0,27.655719999999995,27.583,3.417174,2.0983810056673506e-08,3.28992029244524e-10,1.0622253671628232e-09,0.0,0.0,0.0,0.0,0.0,0.0,0.0,0.0,0,0.0,0.0,0,0,0,0,0,0,0,0,0,0,0,0,0,0,0,0,0
1,11.781,1,SCARH_Black,0.0,0.0,2.1052371883563455e-08,1.0568459780905313e-10,7.435942941226802e-11,0.0,3.23004376215801e-10,0.0,2.8464989117139835e-09,27.583,27.6077,3.42097,1,1,0,0,0,0,0,0,0,0,0,0,0.0,0.0,0.0,0.0,0.0,0.0,0.0,0,0,0.0,0.0,0.0,0.0,1.0,27.650959999999998,27.583,3.417601,2.0971115159055274e-08,3.23004376215801e-10,3.235933611568043e-10,0.0,0.0,0.0,0.0,0.0,0.0,0.0,0.0,0,0.0,0.0,0,0,0,0,0,0,0,0,0,0,0,0,0,0,0,0,0
1,12.782,1,SCARH_Black,0.0,0.0,2.1052371883563455e-08,0.0,7.435942941226802e-11,0.0,3.17896754266347e-10,0.0,1.6187386183347314e-09,27.583,27.6641,3.4163,1,1,0,0,0,0,0,0,0,0,0,0,0.0,0.0,0.0,0.0,0.0,0.0,0.0,0,0,0.0,0.0,0.0,0.0,1.0,27.65718,27.583,3.41702,2.096054669927437e-08,3.17896754266347e-10,3.214669233194804e-10,0.0,0.0,0.0,0.0,0.0,0.0,0.0,0.0,0,0.0,0.0,0,0,0,0,0,0,0,0,0,0,0,0,0,0,0,0,0
1,13.783,1,SCARH_Black,0.0,0.0,2.1052371883563455e-08,0.0,4.7263588975161916e-11,0.0,1.0665177961375786e-10,0.0,5.485769443652066e-10,27.583,27.6194,3.42104,1,1,0,0,0,0,0,0,0,0,0,0,0.0,0.0,0.0,0.0,0.0,0.0,0.0,0,0,0.0,0.0,0.0,0.0,1.0,27.64231,27.583,3.418388,2.105496096249264e-08,1.0665177961375786e-10,2.1648420032030378e-10,0.0,0.0,0.0,0.0,0.0,0.0,0.0,0.0,0,0.0,0.0,0,0,0,0,0,0,0,0,0,0,0,0,0,0,0,0,0
1,14.789,1,SCARH_Black,0.0,0.0,2.094773782847616e-08,1.0463405508729304e-10,7.435942941226802e-11,0.0,1.1193583848856688e-10,0.0,2.0449977606168983e-10,27.6077,27.608,3.42181,1,1,0,0,0,0,0,0,0,0,0,0,0.0,0.0,0.0,0.0,0.0,0.0,0.0,0,0,0.0,0.0,0.0,0.0,1.0,27.644060000000003,27.583,3.418337,2.104449755698391e-08,1.1193583848856688e-10,1.3253334261076174e-10,0.0,0.0,0.0,0.0,0.0,0.0,0.0,0.0,0,0.0,0.0,0,0,0,0,0,0,0,0,0,0,0,0,0,0,0,0,0
1,15.785,1,SCARH_Black,0.0,0.0,2.1158056481372508e-08,2.1031865289634617e-10,7.435942941226802e-11,0.0,9.704600268040447e-11,0.0,1.6743277372629976e-10,27.6077,27.6946,3.41365,1,1,0,0,0,0,0,0,0,0,0,0,0.0,0.0,0.0,0.0,0.0,0.0,0.0,0,0,0.0,0.0,0.0,0.0,1.0,27.64608,27.583,3.418161,2.1073825556067003e-08,9.704600268040447e-11,1.3480566859821108e-10,0.0,0.0,0.0,0.0,0.0,0.0,0.0,0.0,0,0.0,0.0,0,0,0,0,0,0,0,0,0,0,0,0,0,0,0,0,0
1,16.808,1,SCARH_Black,0.0,0.0,2.0599632703271767e-08,5.584237781007409e-10,2.158041704921981e-10,0.0,1.5947843306457796e-10,0.0,1.429018934709339e-10,27.5575,27.5575,3.42515,1,1,0,0,0,0,0,0,0,0,0,0,0.0,0.0,0.0,0.0,0.0,0.0,0.0,0,0,0.0,0.0,0.0,0.0,1.0,27.64038,27.5575,3.418508,2.100730807407864e-08,1.5947843306457796e-10,1.5064494314690355e-10,0.0,0.0,0.0,0.0,0.0,0.0,0.0,0.0,0,0.0,0.0,0,0,0,0,0,0,0,0,0,0,0,0,0,0,0,0,0
1,17.802,1,SCARH_Black,0.0,0.0,2.120062802358855e-08,6.009953203167834e-10,2.401332505147622e-10,0.0,1.7063417762450364e-10,0.0,1.2211837524305176e-10,27.5575,27.7684,3.40749,1,1,0,0,0,0,0,0,0,0,0,0,0.0,0.0,0.0,0.0,0.0,0.0,0.0,0,0,0.0,0.0,0.0,0.0,1.0,27.65509,27.5575,3.417224,2.1022133688081147e-08,1.7063417762450364e-10,1.895009112193856e-10,0.0,0.0,0.0,0.0,0.0,0.0,0.0,0.0,0,0.0,0.0,0,0,0,0,0,0,0,0,0,0,0,0,0,0,0,0,0
1,18.801,1,SCARH_Black,0.0,0.0,2.1094518774221237e-08,1.0610924936731305e-10,2.435120607091434e-10,0.0,1.698347547628048e-10,0.0,1.3146993068800596e-10,27.5575,27.6415,3.41828,1,1,0,0,0,0,0,0,0,0,0,0,0.0,0.0,0.0,0.0,0.0,0.0,0.0,0,0,0.0,0.0,0.0,0.0,1.0,27.65154,27.5575,3.417541,2.1036811782655652e-08,1.698347547628048e-10,1.8964843064738758e-10,0.0,0.0,0.0,0.0,0.0,0.0,0.0,0.0,0,0.0,0.0,0,0,0,0,0,0,0,0,0,0,0,0,0,0,0,0,0
1,19.964,1,SCARH_Black,0.0,0.0,1.811988328069391e-08,2.974635493527328e-09,1.316323504116122e-09,0.0,9.37364830169521e-10,0.0,2.48102630473658e-10,27.5575,27.633,3.41884,1,1,0,0,0,0,0,0,0,0,0,0,0.0,0.0,0.0,0.0,0.0,0.0,0.0,0,0,0.0,0.0,0.0,0.0,1.0,27.65654,27.5575,3.417072,2.07435629223687e-08,9.37364830169521e-10,4.766485744913911e-10,0.0,0.0,0.0,0.0,0.0,0.0,0.0,0.0,0,0.0,0.0,0,0,0,0,0,0,0,0,0,0,0,0,0,0,0,0,0
1,22.481,2,SCARH_Black,0.0,0.0,0.048750956236898665,0.048750938117015384,0.02180208136504993,0.0,0.015416399436852381,0.0,0.002180208372552422,27.5575,28.3727,3.42104,1,1,0,0,0,0,0,0,0,0,0,0,0.0,0.0,0.0,0.0,0.0,0.0,0.0,0,0,0.0,0.0,0.0,0.0,1.0,27.71669,27.5575,3.418457,0.004875114251447141,0.015416399436852381,0.0048750942777816535,0.0,0.0,0.0,0.0,0.0,0.0,0.0,0.0,0,0.0,0.0,0,0,0,0,0,0,0,0,0,0,0,0,0,0,0,0,0
1,23.469,2,SCARH_Black,0.0,0.0,1.1836275699891416,1.134876613752243,0.5243089461400895,0.0,0.37289783472124083,0.0,0.05461110297912543,27.633,75.6348,3.42181,1,1,0,0,0,0,0,0,0,0,0,0,0.0,0.0,0.0,0.0,0.0,0.0,0.0,0,0,0.0,0.0,0.0,0.0,1.0,32.519400000000005,27.5575,3.418541,0.12323786914512411,0.37289783472124083,0.1183627556424375,0.0,0.0,0.0,0.0,0.0,0.0,0.0,0.0,0,0.0,0.0,0,0,0,0,0,0,0,0,0,0,0,0,0,0,0,0,0
1,24.467,2,SCARH_Black,0.0,0.0,0.0,1.1836275699891416,0.5243089486316738,0.0,0.3728978354943001,0.0,0.10704199783485686,27.633,75.6602,3.41365,1,1,0,0,0,0,0,0,0,0,0,0,0.0,0.0,0.0,0.0,0.0,0.0,0.0,0,0,0.0,0.0,0.0,0.0,1.0,37.31901,27.5575,3.418276,0.12323786703988693,0.3728978354943001,0.23672551264135167,0.0,0.0,0.0,0.0,0.0,0.0,0.0,0.0,0,0.0,0.0,0,0,0,0,0,0,0,0,0,0,0,0,0,0,0,0,0
1,25.464,2,SCARH_Black,0.0,0.0,0.0,0.0,0.5243089511107876,0.0,0.3728978362673594,0.0,0.15947289294120925,27.633,75.7159,3.42515,1,1,0,0,0,0,0,0,0,0,0,0,0.0,0.0,0.0,0.0,0.0,0.0,0.0,0,0,0.0,0.0,0.0,0.0,1.0,42.12866,27.5575,3.418687,0.12323786493464975,0.3728978362673594,0.23672551264135167,0.0,0.0,0.0,0.0,0.0,0.0,0.0,0.0,0,0.0,0.0,0,0,0,0,0,0,0,0,0,0,0,0,0,0,0,0,0
1,26.466,2,SCARH_Black,0.0,0.0,0.0,0.0,0.5243089532403101,0.0,0.3728978370365764,0.0,0.21190378825780432,28.3727,75.77,3.40749,1,1,0,0,0,0,0,0,0,0,0,0,0.0,0.0,0.0,0.0,0.0,0.0,0.0,0,0,0.0,0.0,0.0,0.0,1.0,46.94486,27.5575,3.417255,0.12323786283987595,0.3728978370365764,0.23672551263088826,0.0,0.0,0.0,0.0,0.0,0.0,0.0,0.0,0,0.0,0.0,0,0,0,0,0,0,0,0,0,0,0,0,0,0,0,0,0
1,27.473,2,SCARH_Black,0.0,0.0,0.0,0.0,0.5293343413077221,0.0,0.3728978378135165,0.0,0.2648372223811406,75.6348,75.7298,3.41828,1,1,0,0,0,0,0,0,0,0,0,0,0.0,0.0,0.0,0.0,0.0,0.0,0.0,0,0,0.0,0.0,0.0,0.0,1.0,51.74838,27.5575,3.417718,0.12323786072407031,0.3728978378135165,0.23672551260985641,0.0,0.0,0.0,0.0,0.0,0.0,0.0,0.0,0,0.0,0.0,0,0,0,0,0,0,0,0,0,0,0,0,0,0,0,0,0
1,28.468,2,SCARH_Black,0.0,0.0,0.0,0.0,0.0,0.0,0.3728978385699508,0.0,0.2648372223595602,75.6602,75.7209,3.41817,1,1,0,0,0,0,0,0,0,0,0,0,0.0,0.0,0.0,0.0,0.0,0.0,0.0,0,0,0.0,0.0,0.0,0.0,1.0,56.56472,27.633,3.41702,0.12323785866410704,0.3728978385699508,0.23672551255401403,0.0,0.0,0.0,0.0,0.0,0.0,0.0,0.0,0,0.0,0.0,0,0,0,0,0,0,0,0,0,0,0,0,0,0,0,0,0
1,29.476,2,SCARH_Black,0.0,0.0,0.0,0.0,0.0,0.0,0.3728978393484541,0.0,0.26483722233554685,75.6834,75.6834,3.41928,1,1,0,0,0,0,0,0,0,0,0,0,0.0,0.0,0.0,0.0,0.0,0.0,0.0,0,0,0.0,0.0,0.0,0.0,1.0,61.35621999999999,27.633,3.418199,0.12323785654404422,0.3728978393484541,0.2367255124939145,0.0,0.0,0.0,0.0,0.0,0.0,0.0,0.0,0,0.0,0.0,0,0,0,0,0,0,0,0,0,0,0,0,0,0,0,0,0
1,30.47,3,SCARH_Black,0.0,0.0,0.0,0.0,0.0,0.0,0.37289784012306093,0.0,0.26483722231119566,75.6391,75.6391,3.42284,1,1,0,0,0,0,0,0,0,0,0,0,0.0,0.0,0.0,0.0,0.0,0.0,0.0,0,0,0.0,0.0,0.0,0.0,1.0,66.15598,27.633,3.4186549999999998,0.12323785443459237,0.37289784012306093,0.23672551248330356,0.0,0.0,0.0,0.0,0.0,0.0,0.0,0.0,0,0.0,0.0,0,0,0,0,0,0,0,0,0,0,0,0,0,0,0,0,0
1,31.483,3,SCARH_Black,0.0,0.0,0.0,0.0,0.0,0.0,0.3728978407884369,0.0,0.2648372221795633,75.6391,75.6633,3.41441,1,1,0,0,0,0,0,0,0,0,0,0,0.0,0.0,0.0,0.0,0.0,0.0,0.0,0,0,0.0,0.0,0.0,0.0,1.0,70.95901,28.3727,3.4182119999999996,0.12323785262260403,0.3728978407884369,0.23672551218583998,0.0,0.0,0.0,0.0,0.0,0.0,0.0,0.0,0,0.0,0.0,0,0,0,0,0,0,0,0,0,0,0,0,0,0,0,0,0
1,32.476,3,SCARH_Black,0.0,0.0,0.0,0.0,0.0,0.0,0.3742959022536048,0.0,0.2626570140430583,75.6391,75.6857,3.42396,1,1,0,0,0,0,0,0,0,0,0,0,0.0,0.0,0.0,0.0,0.0,0.0,0.0,0,0,0.0,0.0,0.0,0.0,1.0,75.69031,75.6348,3.418504,0.11836275699891416,0.3742959022536048,0.23185041837413847,0.0,0.0,0.0,0.0,0.0,0.0,0.0,0.0,0,0.0,0.0,0,0,0,0,0,0,0,0,0,0,0,0,0,0,0,0,0
1,33.478,3,SCARH_Black,0.0,0.0,0.0,0.0,0.0,0.0,0.0,0.0,0.21022611942904934,75.6391,75.7701,3.40959,1,1,0,0,0,0,0,0,0,0,0,0,0.0,0.0,0.0,0.0,0.0,0.0,0.0,0,0,0.0,0.0,0.0,0.0,1.0,75.70384,75.6391,3.417282,0.0,0.0,0.11836275699891416,0.0,0.0,0.0,0.0,0.0,0.0,0.0,0.0,0,0.0,0.0,0,0,0,0,0,0,0,0,0,0,0,0,0,0,0,0,0
1,34.478,3,SCARH_Black,0.590084740016353,0.590084740016353,0.18303488421268446,0.18303488421268446,0.08185568867067311,0.9999999994256176,0.05788071253772781,0.04999999997128088,0.1659807934329493,75.6391,76.5432,3.32063,1,1,0,0,0,0,0,0,0,0,0,0,0.0,0.0,0.0,0.0,0.0,0.0,0.0,0,0,0.0,0.0,0.0,0.0,1.0,75.79214,75.6391,3.40798,0.018303488421268447,0.05788071253772781,0.018303488421268447,0.0,0.0,0.0,0.0,0.0,0.0,0.0,0.0,0,0.0,0.0,0,0,0,0,0,0,0,0,0,0,0,0,0,0,0,0,0
1,35.48,3,SCARH_Black,1.9927368441114597,1.3998523992965135,1.5852539791397215,1.402219094927037,0.6930300942898949,0.9897955534263153,0.49820203362708376,0.09948977764259664,0.18285290775086,38.0192,38.0192,3.17576,1,1,0,1,0,0,0,0,0,0,0,0,0.0,0.0,0.0,0.0,0.0,0.0,0.0,0,0,0.0,0.0,0.0,0.0,1.0,72.02247,38.0192,3.383041,0.1768288863352406,0.49820203362708376,0.15852539791397216,0.0,0.0,0.0,0.0,0.0,0.0,0.0,0.0,0,0.0,0.0,0,0,0,0,0,0,0,0,0,0,0,0,0,0,0,0,0
1,36.486,3,SCARH_Black,1.8978015002283686,-0.09436912910844046,0.4114387617636381,1.1738152173760834,0.6643740094931208,0.5204679223149684,0.4989647671740253,0.1255131737583451,0.19685941337614107,38.0192,61.7682,1.82576,1,1,0,1,0,0,0,0,0,0,0,0,0.0,0.0,0.0,0.0,0.0,0.0,0.0,0,0,0.0,0.0,0.0,0.0,1.0,70.62228999999999,38.0192,3.224868,0.2179727625116044,0.4989647671740253,0.2759069196515805,0.0,0.0,0.0,0.0,0.0,0.0,0.0,0.0,0,0.0,0.0,0,0,0,0,0,0,0,0,0,0,0,0,0,0,0,0,0
1,37.487,3,SCARH_Black,0.4173146568270376,-1.4790078355657654,0.10286743235976809,0.30857132940387,0.6489120647777242,0.46339884852408975,0.4950164409051546,0.14868311618454955,0.20881718572314129,38.0192,38.8082,2.35387,1,1,0,1,0,0,0,0,0,0,0,0,0.0,0.0,0.0,0.0,0.0,0.0,0.0,0,0,0.0,0.0,0.0,0.0,1.0,66.93013,38.0192,3.118427,0.22825950574758122,0.4950164409051546,0.3067640525919675,0.0,0.0,0.0,0.0,0.0,0.0,0.0,0.0,0,0.0,0.0,0,0,0,0,0,0,0,0,0,0,0,0,0,0,0,0,0
1,38.49,3,SCARH_Black,1.6784136051263827,1.2573269673971539,0.22022583492383824,0.11735840256407015,0.6168615008696084,0.5616647727935951,0.4885902267367071,0.1767663548242293,0.27050333581010216,38.0192,51.6439,3.75979,1,1,0,0,0,0,0,0,0,0,0,0,0.0,0.0,0.0,0.0,0.0,0.0,0.0,0,0,0.0,0.0,0.0,0.0,1.0,64.52243,38.0192,3.152589,0.25028208923996503,0.4885902267367071,0.31849989284837454,0.0,0.0,0.0,0.0,0.0,0.0,0.0,0.0,0,0.0,0.0,0,0,0,0,0,0,0,0,0,0,0,0,0,0,0,0,0
1,39.483,3,SCARH_Black,1.7389325034326724,0.06094551692476299,0.8209287643502077,0.6007029294263695,0.6005204700339162,0.3216154707976334,0.510347135342421,0.19284712836411097,0.3305553828134938,38.0192,43.855,2.34116,1,1,0,0,0,0,0,0,0,0,0,0,0.0,0.0,0.0,0.0,0.0,0.0,0.0,0,0,0.0,0.0,0.0,0.0,1.0,61.33959,38.0192,3.044777,0.3323749656749858,0.510347135342421,0.3785701857910114,0.0,0.0,0.0,0.0,0.0,0.0,0.0,0.0,0,0.0,0.0,0,0,0,0,0,0,0,0,0,0,0,0,0,0,0,0,0
1,40.493,4,SCARH_Black,1.3877289363992646,-0.347726303993473,1.0389208846049658,0.21799212025475811,0.39858511138299674,0.3815237672017871,0.5400500125268507,0.21192331672420034,0.37041389395179347,38.8082,69.3696,3.41178,1,1,0,0,0,0,0,0,0,0,0,0,0.0,0.0,0.0,0.0,0.0,0.0,0.0,0,0,0.0,0.0,0.0,0.0,1.0,60.71264,38.0192,3.043671,0.4362670541354824,0.5400500125268507,0.4003693978164873,0.0,0.0,0.0,0.0,0.0,0.0,0.0,0.0,0,0.0,0.0,0,0,0,0,0,0,0,0,0,0,0,0,0,0,0,0,0
1,41.486,4,SCARH_Black,2.8648562720248147,1.4875401164406346,0.03163514640761292,1.0072857381973528,0.45620481995245765,0.4428263651844123,0.5372961219798098,0.23406463498342095,0.4160343759470392,38.8082,119.055,3.5552,1,1,0,0,0,0,0,0,0,0,0,0,0.0,0.0,0.0,0.0,0.0,0.0,0.0,0,0,0.0,0.0,0.0,0.0,1.0,65.05181,38.0192,3.05775,0.43943056877624365,0.5372961219798098,0.5010979716362225,0.0,0.0,0.0,0.0,0.0,0.0,0.0,0.0,0,0.0,0.0,0,0,0,0,0,0,0,0,0,0,0,0,0,0,0,0,0
1,42.489,4,SCARH_Black,0.0315281920255783,-2.824853519440914,0.0,0.03163514640761292,0.4772097244003283,0.44366669478141224,0.5372961219798098,0.2562479697224916,0.463755348387072,43.855,119.359,3.55821,1,1,0,0,0,0,0,0,0,0,0,0,0.0,0.0,0.0,0.0,0.0,0.0,0.0,0,0,0.0,0.0,0.0,0.0,1.0,69.41914,38.0192,3.0711749999999998,0.43943056877624365,0.5372961219798098,0.5042614862769839,0.0,0.0,0.0,0.0,0.0,0.0,0.0,0.0,0,0.0,0.0,0,0,0,0,0,0,0,0,0,0,0,0,0,0,0,0,0
1,43.487,4,SCARH_Black,0.0,-0.03159137477512856,0.0,0.0,0.5095926012209248,0.44366669478141224,0.5372961219798098,0.27843130446156217,0.5147146085091645,43.855,119.389,3.56374,1,1,0,0,0,0,0,0,0,0,0,0,0.0,0.0,0.0,0.0,0.0,0.0,0.0,0,0,0.0,0.0,0.0,0.0,1.0,73.78103,38.0192,3.08659,0.43943056877624365,0.5372961219798098,0.5042614862769839,0.0,0.0,0.0,0.0,0.0,0.0,0.0,0.0,0,0.0,0.0,0,0,0,0,0,0,0,0,0,0,0,0,0,0,0,0,0
1,44.486,4,SCARH_Black,0.0,0.0,0.0,0.0,0.46128606738365574,0.44366669478141224,0.5499691309599118,0.3006146392006328,0.5526576463804627,69.3696,119.374,3.55608,1,1,0,0,0,0,0,0,0,0,0,0,0.0,0.0,0.0,0.0,0.0,0.0,0.0,0,0,0.0,0.0,0.0,0.0,1.0,78.06411,38.0192,3.110135,0.4211270803549752,0.5499691309599118,0.48595799785571536,0.0,0.0,0.0,0.0,0.0,0.0,0.0,0.0,0,0.0,0.0,0,0,0,0,0,0,0,0,0,0,0,0,0,0,0,0,0
1,45.489,4,SCARH_Black,0.0,0.0,0.0,0.0,0.014147667569111457,0.44366669478141224,0.37904089028545146,0.3227979739397034,0.4847694037083844,119.055,119.442,3.56145,1,1,0,0,0,0,0,0,0,0,0,0,0.0,0.0,0.0,0.0,0.0,0.0,0.0,0,0,0.0,0.0,0.0,0.0,1.0,86.20639,38.8082,3.148704,0.26260168244100307,0.37904089028545146,0.3457360883630117,0.0,0.0,0.0,0.0,0.0,0.0,0.0,0.0,0,0.0,0.0,0,0,0,0,0,0,0,0,0,0,0,0,0,0,0,0,0
1,46.491,4,SCARH_Black,0.0,0.0,0.0,0.0,0.0,0.44366669478141224,0.3833952052309706,0.34498130867877397,0.4183320027590723,119.359,119.373,3.55696,1,1,0,0,0,0,0,0,0,0,0,0,0.0,0.0,0.0,0.0,0.0,0.0,0.0,0,0,0.0,0.0,0.0,0.0,1.0,91.96687,38.8082,3.3218240000000003,0.2214578062646393,0.3833952052309706,0.22835456662540335,0.0,0.0,0.0,0.0,0.0,0.0,0.0,0.0,0,0.0,0.0,0,0,0,0,0,0,0,0,0,0,0,0,0,0,0,0,0
1,47.501,4,SCARH_Black,0.0,0.0,0.0,0.0,0.0,0.44366669478141224,0.38827949023802466,0.3671646434178446,0.35344079628129993,119.372,119.372,3.56483,1,1,0,0,0,0,0,0,0,0,0,0,0.0,0.0,0.0,0.0,0.0,0.0,0.0,0,0,0.0,0.0,0.0,0.0,1.0,100.02324999999999,43.855,3.44292,0.21117106302866245,0.38827949023802466,0.19749743368501635,0.0,0.0,0.0,0.0,0.0,0.0,0.0,0.0,0,0.0,0.0,0,0,0,0,0,0,0,0,0,0,0,0,0,0,0,0,0
1,48.496,4,SCARH_Black,0.0,0.0,0.0,0.0,0.0,0.44366669478141224,0.39391340700792127,0.38934797815691524,0.2917546461943391,119.372,119.454,3.57083,1,1,0,0,0,0,0,0,0,0,0,0,0.0,0.0,0.0,0.0,0.0,0.0,0.0,0,0,0.0,0.0,0.0,0.0,1.0,106.80426,43.855,3.424024,0.18914847953627864,0.39391340700792127,0.18576159342860935,0.0,0.0,0.0,0.0,0.0,0.0,0.0,0.0,0,0.0,0.0,0,0,0,0,0,0,0,0,0,0,0,0,0,0,0,0,0
1,49.495,4,SCARH_Black,0.0,0.0,0.0,0.0,0.0,0.44366669478141224,0.3275749897865381,0.4115313128959858,0.23170259919094746,119.346,119.346,3.55732,1,1,0,0,0,0,0,0,0,0,0,0,0.0,0.0,0.0,0.0,0.0,0.0,0.0,0,0,0.0,0.0,0.0,0.0,1.0,114.35336,69.3696,3.5456399999999997,0.10705560310125788,0.3275749897865381,0.12569130048597238,0.0,0.0,0.0,0.0,0.0,0.0,0.0,0.0,0,0.0,0.0,0,0,0,0,0,0,0,0,0,0,0,0,0,0,0,0,0
1,50.502,5,SCARH_Black,0.0,0.0,0.0,0.0,0.0,0.44366669478141224,0.01000391167609398,0.4337146476350565,0.1918440880526478,119.346,119.393,3.5652,1,1,0,0,0,0,0,0,0,0,0,0,0.0,0.0,0.0,0.0,0.0,0.0,0.0,0,0,0.0,0.0,0.0,0.0,1.0,119.3557,119.055,3.560982,0.0031635146407612918,0.01000391167609398,0.10389208846049658,0.0,0.0,0.0,0.0,0.0,0.0,0.0,0.0,0,0.0,0.0,0,0,0,0,0,0,0,0,0,0,0,0,0,0,0,0,0
1,51.5,5,SCARH_Black,0.0,0.0,0.0,0.0,0.0,0.44366669478141224,0.0,0.45589798237412704,0.14622360605740203,119.346,119.382,3.55663,1,1,0,0,0,0,0,0,0,0,0,0,0.0,0.0,0.0,0.0,0.0,0.0,0.0,0,0,0.0,0.0,0.0,0.0,1.0,119.3884,119.346,3.5611249999999997,0.0,0.0,0.0031635146407612696,0.0,0.0,0.0,0.0,0.0,0.0,0.0,0.0,0,0.0,0.0,0,0,0,0,0,0,0,0,0,0,0,0,0,0,0,0,0
1,52.496,5,SCARH_Black,0.0,0.0,0.0,0.0,0.0,0.44366669478141224,0.0,0.4780813171131976,0.0985026336173692,119.346,119.429,3.5595,1,1,0,0,0,0,0,0,0,0,0,0,0.0,0.0,0.0,0.0,0.0,0.0,0.0,0,0,0.0,0.0,0.0,0.0,1.0,119.3954,119.346,3.5612540000000004,0.0,0.0,0.0,0.0,0.0,0.0,0.0,0.0,0.0,0.0,0.0,0,0.0,0.0,0,0,0,0,0,0,0,0,0,0,0,0,0,0,0,0,0
1,53.504,5,SCARH_Black,0.0,0.0,0.0,0.0,0.0,0.44366669478141224,0.0,0.5002646518522683,0.04754337349527672,119.346,119.422,3.55947,1,1,0,0,0,0,0,0,0,0,0,0,0.0,0.0,0.0,0.0,0.0,0.0,0.0,0,0,0.0,0.0,0.0,0.0,1.0,119.39869999999999,119.346,3.5608269999999997,0.0,0.0,0.0,0.0,0.0,0.0,0.0,0.0,0.0,0.0,0.0,0,0.0,0.0,0,0,0,0,0,0,0,0,0,0,0,0,0,0,0,0,0
1,54.499,5,SCARH_Black,0.0,0.0,0.0,0.0,0.0,0.44988232793746485,0.0,0.4727587682778607,0.0014147667569111458,119.345,119.345,3.56131,1,1,0,0,0,0,0,0,0,0,0,0,0.0,0.0,0.0,0.0,0.0,0.0,0.0,0,0,0.0,0.0,0.0,0.0,1.0,119.39579999999998,119.345,3.56135,0.0,0.0,0.0,0.0,0.0,0.0,0.0,0.0,0.0,0.0,0.0,0,0.0,0.0,0,0,0,0,0,0,0,0,0,0,0,0,0,0,0,0,0
1,55.499,5,SCARH_Black,0.0,0.0,0.0,0.0,0.0,0.45517176334098214,0.0,0.44602757877359406,0.0,119.345,119.472,3.57313,1,1,0,0,0,0,0,0,0,0,0,0,0.0,0.0,0.0,0.0,0.0,0.0,0.0,0,0,0.0,0.0,0.0,0.0,1.0,119.39880000000001,119.345,3.562518,0.0,0.0,0.0,0.0,0.0,0.0,0.0,0.0,0.0,0.0,0.0,0,0.0,0.0,0,0,0,0,0,0,0,0,0,0,0,0,0,0,0,0,0
1,56.499,5,SCARH_Black,0.0,0.0,0.0,0.0,0.0,0.40575920910244745,0.0,0.44029214311296794,0.0,119.343,119.343,3.55782,1,1,0,0,0,0,0,0,0,0,0,0,0.0,0.0,0.0,0.0,0.0,0.0,0.0,0,0,0.0,0.0,0.0,0.0,1.0,119.39580000000001,119.343,3.5626040000000003,0.0,0.0,0.0,0.0,0.0,0.0,0.0,0.0,0.0,0.0,0.0,0,0.0,0.0,0,0,0,0,0,0,0,0,0,0,0,0,0,0,0,0,0
1,57.502,5,SCARH_Black,0.0,0.0,0.0,0.0,0.0,0.4552871760045619,0.0,0.43988655948699157,0.0,119.343,119.398,3.56556,1,1,0,0,0,0,0,0,0,0,0,0,0.0,0.0,0.0,0.0,0.0,0.0,0.0,0,0,0.0,0.0,0.0,0.0,1.0,119.3984,119.343,3.562677,0.0,0.0,0.0,0.0,0.0,0.0,0.0,0.0,0.0,0.0,0.0,0,0.0,0.0,0,0,0,0,0,0,0,0,0,0,0,0,0,0,0,0,0
1,58.502,5,SCARH_Black,0.0,0.0,0.0,0.0,0.0,0.5620184872207035,0.0,0.439904245208347,0.0,119.343,119.391,3.5578,1,1,0,0,0,0,0,0,0,0,0,0,0.0,0.0,0.0,0.0,0.0,0.0,0.0,0,0,0.0,0.0,0.0,0.0,1.0,119.3921,119.343,3.561374,0.0,0.0,0.0,0.0,0.0,0.0,0.0,0.0,0.0,0.0,0.0,0,0.0,0.0,0,0,0,0,0,0,0,0,0,0,0,0,0,0,0,0,0
1,59.535,5,SCARH_Black,0.0,0.0,0.0,0.0,0.0,0.700477536577119,0.0,0.45884734849732123,0.0,119.343,119.421,3.55863,1,1,0,0,0,0,0,0,0,0,0,0,0.0,0.0,0.0,0.0,0.0,0.0,0.0,0,0,0.0,0.0,0.0,0.0,1.0,119.3996,119.343,3.5615050000000004,0.0,0.0,0.0,0.0,0.0,0.0,0.0,0.0,0.0,0.0,0.0,0,0.0,0.0,0,0,0,0,0,0,0,0,0,0,0,0,0,0,0,0,0
1,60.535,6,SCARH_Black,0.0,0.0,0.0,0.0,0.0,0.9999926819860209,0.0,0.4897707942365329,0.0,119.343,119.461,3.56268,1,1,0,0,0,0,0,0,0,0,0,0,0.0,0.0,0.0,0.0,0.0,0.0,0.0,0,0,0.0,0.0,0.0,0.0,1.0,119.4064,119.343,3.561253,0.0,0.0,0.0,0.0,0.0,0.0,0.0,0.0,0.0,0.0,0.0,0,0.0,0.0,0,0,0,0,0,0,0,0,0,0,0,0,0,0,0,0,0
1,61.532,6,SCARH_Black,0.0,0.0,0.0,0.0,0.0,0.0,0.0,0.4676294759773124,0.0,119.332,119.332,3.55863,1,1,0,0,0,0,0,0,0,0,0,0,0.0,0.0,0.0,0.0,0.0,0.0,0.0,0,0,0.0,0.0,0.0,0.0,1.0,119.4014,119.332,3.561453,0.0,0.0,0.0,0.0,0.0,0.0,0.0,0.0,0.0,0.0,0.0,0,0.0,0.0,0,0,0,0,0,0,0,0,0,0,0,0,0,0,0,0,0
1,62.534,6,SCARH_Black,0.0,0.0,0.0,0.0,0.0,0.0,0.0,0.4454461412382417,0.0,119.332,119.478,3.57415,1,1,0,0,0,0,0,0,0,0,0,0,0.0,0.0,0.0,0.0,0.0,0.0,0.0,0,0,0.0,0.0,0.0,0.0,1.0,119.40630000000002,119.332,3.562918,0.0,0.0,0.0,0.0,0.0,0.0,0.0,0.0,0.0,0.0,0.0,0,0.0,0.0,0,0,0,0,0,0,0,0,0,0,0,0,0,0,0,0,0
1,63.536,6,SCARH_Black,0.0,0.0,0.0,0.0,0.0,0.0,0.0,0.42326280649917114,0.0,119.332,119.349,3.55885,1,1,0,0,0,0,0,0,0,0,0,0,0.0,0.0,0.0,0.0,0.0,0.0,0.0,0,0,0.0,0.0,0.0,0.0,1.0,119.399,119.332,3.562856,0.0,0.0,0.0,0.0,0.0,0.0,0.0,0.0,0.0,0.0,0.0,0,0.0,0.0,0,0,0,0,0,0,0,0,0,0,0,0,0,0,0,0,0
1,64.531,6,SCARH_Black,0.0,0.0,0.0,0.0,0.0,0.0,0.0,0.4010794717601005,0.0,119.332,119.4,3.5651,1,1,0,0,0,0,0,0,0,0,0,0,0.0,0.0,0.0,0.0,0.0,0.0,0.0,0,0,0.0,0.0,0.0,0.0,1.0,119.40450000000001,119.332,3.5632349999999997,0.0,0.0,0.0,0.0,0.0,0.0,0.0,0.0,0.0,0.0,0.0,0,0.0,0.0,0,0,0,0,0,0,0,0,0,0,0,0,0,0,0,0,0
1,65.532,6,SCARH_Black,0.0,0.0,0.0,0.0,0.0,0.0,0.0,0.37889613702102987,0.0,119.332,119.393,3.55837,1,1,0,0,0,0,0,0,0,0,0,0,0.0,0.0,0.0,0.0,0.0,0.0,0.0,0,0,0.0,0.0,0.0,0.0,1.0,119.3966,119.332,3.561759,0.0,0.0,0.0,0.0,0.0,0.0,0.0,0.0,0.0,0.0,0.0,0,0.0,0.0,0,0,0,0,0,0,0,0,0,0,0,0,0,0,0,0,0
1,66.543,6,SCARH_Black,0.0,0.0,0.0,0.0,0.0,0.0,0.0,0.3567128022819593,0.0,119.349,119.414,3.55769,1,1,0,0,0,0,0,0,0,0,0,0,0.0,0.0,0.0,0.0,0.0,0.0,0.0,0,0,0.0,0.0,0.0,0.0,1.0,119.4037,119.332,3.5617460000000003,0.0,0.0,0.0,0.0,0.0,0.0,0.0,0.0,0.0,0.0,0.0,0,0.0,0.0,0,0,0,0,0,0,0,0,0,0,0,0,0,0,0,0,0
1,67.537,6,SCARH_Black,0.0,0.0,0.0,0.0,0.0,0.0,0.0,0.33452946754288865,0.0,119.349,119.479,3.56507,1,1,0,0,0,0,0,0,0,0,0,0,0.0,0.0,0.0,0.0,0.0,0.0,0.0,0,0,0.0,0.0,0.0,0.0,1.0,119.41180000000001,119.332,3.561697,0.0,0.0,0.0,0.0,0.0,0.0,0.0,0.0,0.0,0.0,0.0,0,0.0,0.0,0,0,0,0,0,0,0,0,0,0,0,0,0,0,0,0,0
1,68.538,6,SCARH_Black,0.0,0.0,0.0,0.0,0.0,0.0,0.0,0.31234613280381807,0.0,119.316,119.316,3.55571,1,1,0,0,0,0,0,0,0,0,0,0,0.0,0.0,0.0,0.0,0.0,0.0,0.0,0,0,0.0,0.0,0.0,0.0,1.0,119.4043,119.316,3.5614879999999998,0.0,0.0,0.0,0.0,0.0,0.0,0.0,0.0,0.0,0.0,0.0,0,0.0,0.0,0,0,0,0,0,0,0,0,0,0,0,0,0,0,0,0,0
1,69.547,6,SCARH_Black,0.0,0.0,0.0,0.0,0.0,0.0,0.0,0.29016279806474743,0.0,119.316,119.473,3.57447,1,1,0,0,0,0,0,0,0,0,0,0,0.0,0.0,0.0,0.0,0.0,0.0,0.0,0,0,0.0,0.0,0.0,0.0,1.0,119.40950000000001,119.316,3.5630719999999996,0.0,0.0,0.0,0.0,0.0,0.0,0.0,0.0,0.0,0.0,0.0,0,0.0,0.0,0,0,0,0,0,0,0,0,0,0,0,0,0,0,0,0,0
1,70.548,7,SCARH_Black,0.0,0.0,0.0,0.0,0.0,0.0,0.0,0.2679794633256768,0.0,119.316,119.367,3.56124,1,1,0,0,0,0,0,0,0,0,0,0,0.0,0.0,0.0,0.0,0.0,0.0,0.0,0,0,0.0,0.0,0.0,0.0,1.0,119.4001,119.316,3.5629280000000003,0.0,0.0,0.0,0.0,0.0,0.0,0.0,0.0,0.0,0.0,0.0,0,0.0,0.0,0,0,0,0,0,0,0,0,0,0,0,0,0,0,0,0,0
1,71.549,7,SCARH_Black,0.0,0.0,0.0,0.0,0.0,0.0,0.0,0.2457961285866062,0.0,119.316,119.393,3.56346,1,1,0,0,0,0,0,0,0,0,0,0,0.0,0.0,0.0,0.0,0.0,0.0,0.0,0,0,0.0,0.0,0.0,0.0,1.0,119.40620000000001,119.316,3.563411,0.0,0.0,0.0,0.0,0.0,0.0,0.0,0.0,0.0,0.0,0.0,0,0.0,0.0,0,0,0,0,0,0,0,0,0,0,0,0,0,0,0,0,0
1,72.545,7,SCARH_Black,0.0,0.0,0.0,0.0,0.0,0.0,0.0,0.22361279384753557,0.0,119.316,119.401,3.55995,1,1,0,0,0,0,0,0,0,0,0,0,0.0,0.0,0.0,0.0,0.0,0.0,0.0,0,0,0.0,0.0,0.0,0.0,1.0,119.39849999999998,119.316,3.5619910000000004,0.0,0.0,0.0,0.0,0.0,0.0,0.0,0.0,0.0,0.0,0.0,0,0.0,0.0,0,0,0,0,0,0,0,0,0,0,0,0,0,0,0,0,0
1,73.56,7,SCARH_Black,0.0,0.0,0.0,0.0,0.0,0.0,0.0,0.20142945910846496,0.0,119.367,119.404,3.55658,1,1,0,0,0,0,0,0,0,0,0,0,0.0,0.0,0.0,0.0,0.0,0.0,0.0,0,0,0.0,0.0,0.0,0.0,1.0,119.404,119.316,3.561764,0.0,0.0,0.0,0.0,0.0,0.0,0.0,0.0,0.0,0.0,0.0,0,0.0,0.0,0,0,0,0,0,0,0,0,0,0,0,0,0,0,0,0,0
1,74.553,7,SCARH_Black,0.0,0.0,0.0,0.0,0.0,0.0,0.0,0.17893534271159175,0.0,119.367,119.482,3.56524,1,1,0,0,0,0,0,0,0,0,0,0,0.0,0.0,0.0,0.0,0.0,0.0,0.0,0,0,0.0,0.0,0.0,0.0,1.0,119.41220000000001,119.316,3.5617780000000003,0.0,0.0,0.0,0.0,0.0,0.0,0.0,0.0,0.0,0.0,0.0,0,0.0,0.0,0,0,0,0,0,0,0,0,0,0,0,0,0,0,0,0,0
1,75.552,7,SCARH_Black,0.0,0.0,0.0,0.0,0.0,0.0,0.0,0.15617675454454263,0.0,119.314,119.314,3.55476,1,1,0,0,0,0,0,0,0,0,0,0,0.0,0.0,0.0,0.0,0.0,0.0,0.0,0,0,0.0,0.0,0.0,0.0,1.0,119.40429999999999,119.314,3.561417,0.0,0.0,0.0,0.0,0.0,0.0,0.0,0.0,0.0,0.0,0.0,0,0.0,0.0,0,0,0,0,0,0,0,0,0,0,0,0,0,0,0,0,0
1,76.555,7,SCARH_Black,0.0,0.0,0.0,0.0,0.0,0.0,0.0,0.13588879408942028,0.0,119.314,119.459,3.57363,1,1,0,0,0,0,0,0,0,0,0,0,0.0,0.0,0.0,0.0,0.0,0.0,0.0,0,0,0.0,0.0,0.0,0.0,1.0,119.4088,119.314,3.5630109999999995,0.0,0.0,0.0,0.0,0.0,0.0,0.0,0.0,0.0,0.0,0.0,0,0.0,0.0,0,0,0,0,0,0,0,0,0,0,0,0,0,0,0,0,0
1,77.558,7,SCARH_Black,0.0,0.0,0.0,0.0,0.0,0.0,0.0,0.11312443528919217,0.0,119.314,119.391,3.56396,1,1,0,0,0,0,0,0,0,0,0,0,0.0,0.0,0.0,0.0,0.0,0.0,0.0,0,0,0.0,0.0,0.0,0.0,1.0,119.4,119.314,3.5629,0.0,0.0,0.0,0.0,0.0,0.0,0.0,0.0,0.0,0.0,0.0,0,0.0,0.0,0,0,0,0,0,0,0,0,0,0,0,0,0,0,0,0,0
1,78.561,7,SCARH_Black,0.0,0.0,0.0,0.0,0.0,0.0,0.0,0.08502351092815699,0.0,119.314,119.384,3.5616,1,1,0,0,0,0,0,0,0,0,0,0,0.0,0.0,0.0,0.0,0.0,0.0,0.0,0,0,0.0,0.0,0.0,0.0,1.0,119.40680000000002,119.314,3.5634889999999997,0.0,0.0,0.0,0.0,0.0,0.0,0.0,0.0,0.0,0.0,0.0,0,0.0,0.0,0,0,0,0,0,0,0,0,0,0,0,0,0,0,0,0,0
1,79.561,7,SCARH_Black,0.0,0.0,0.0,0.0,0.0,0.0,0.0,0.04999963409930104,0.0,119.314,119.401,3.56166,1,1,0,0,0,0,0,0,0,0,0,0,0.0,0.0,0.0,0.0,0.0,0.0,0.0,0,0,0.0,0.0,0.0,0.0,1.0,119.39959999999999,119.314,3.5622080000000005,0.0,0.0,0.0,0.0,0.0,0.0,0.0,0.0,0.0,0.0,0.0,0,0.0,0.0,0,0,0,0,0,0,0,0,0,0,0,0,0,0,0,0,0
1,80.558,8,SCARH_Black,0.0,0.0,0.0,0.0,0.0,0.0,0.0,0.0,0.0,119.384,119.391,3.5564,1,1,0,0,0,0,0,0,0,0,0,0,0.0,0.0,0.0,0.0,0.0,0.0,0.0,0,0,0.0,0.0,0.0,0.0,1.0,119.402,119.314,3.5617239999999994,0.0,0.0,0.0,0.0,0.0,0.0,0.0,0.0,0.0,0.0,0.0,0,0.0,0.0,0,0,0,0,0,0,0,0,0,0,0,0,0,0,0,0,0
1,81.55,8,SCARH_Black,0.0,0.0,0.0,0.0,0.0,0.0,0.0,0.0,0.0,119.384,119.465,3.56416,1,1,0,0,0,0,0,0,0,0,0,0,0.0,0.0,0.0,0.0,0.0,0.0,0.0,0,0,0.0,0.0,0.0,0.0,1.0,119.40919999999998,119.314,3.561794,0.0,0.0,0.0,0.0,0.0,0.0,0.0,0.0,0.0,0.0,0.0,0,0.0,0.0,0,0,0,0,0,0,0,0,0,0,0,0,0,0,0,0,0
1,82.552,8,SCARH_Black,0.0,0.0,0.0,0.0,0.0,0.0,0.0,0.0,0.0,119.331,119.331,3.55507,1,1,0,0,0,0,0,0,0,0,0,0,0.0,0.0,0.0,0.0,0.0,0.0,0.0,0,0,0.0,0.0,0.0,0.0,1.0,119.40220000000002,119.314,3.5613059999999996,0.0,0.0,0.0,0.0,0.0,0.0,0.0,0.0,0.0,0.0,0.0,0,0.0,0.0,0,0,0,0,0,0,0,0,0,0,0,0,0,0,0,0,0
1,83.559,8,SCARH_Black,0.0,0.0,0.0,0.0,0.0,0.0,0.0,0.0,0.0,119.331,119.424,3.57031,1,1,0,0,0,0,0,0,0,0,0,0,0.0,0.0,0.0,0.0,0.0,0.0,0.0,0,0,0.0,0.0,0.0,0.0,1.0,119.40420000000002,119.314,3.562679,0.0,0.0,0.0,0.0,0.0,0.0,0.0,0.0,0.0,0.0,0.0,0,0.0,0.0,0,0,0,0,0,0,0,0,0,0,0,0,0,0,0,0,0
1,84.562,8,SCARH_Black,0.6344142880121019,0.6325167377987058,0.0,0.0,0.0,0.9999999998765127,0.0,0.049999999993825636,0.0,119.331,119.404,1.85593,1,1,0,0,0,0,0,0,0,0,0,0,0.0,0.0,0.0,0.0,0.0,0.0,0.0,0,0,0.0,0.0,0.0,0.0,1.0,119.3964,119.314,3.3917479999999998,0.0,0.0,0.0,0.0,0.0,0.0,0.0,0.0,0.0,0.0,0.0,0,0.0,0.0,0,0,0,0,0,0,0,0,0,0,0,0,0,0,0,0,0
1,85.568,8,SCARH_Black,0.0,-0.6306305049822086,0.0,0.0,0.0,0.9999999998765127,0.0,0.09999999998765127,0.0,119.331,119.404,1.85593,1,1,0,0,0,0,0,0,0,0,0,0,0.0,0.0,0.0,0.0,0.0,0.0,0.0,0,0,0.0,0.0,0.0,0.0,1.0,119.40540000000001,119.331,3.221865,0.0,0.0,0.0,0.0,0.0,0.0,0.0,0.0,0.0,0.0,0.0,0,0.0,0.0,0,0,0,0,0,0,0,0,0,0,0,0,0,0,0,0,0
1,86.554,8,SCARH_Black,0.0,0.0,0.0,0.0,0.0,0.9999999998765127,0.0,0.1499999999814769,0.0,119.331,119.404,1.85593,1,1,0,0,0,0,0,0,0,0,0,0,0.0,0.0,0.0,0.0,0.0,0.0,0.0,0,0,0.0,0.0,0.0,0.0,1.0,119.3999,119.331,3.050095,0.0,0.0,0.0,0.0,0.0,0.0,0.0,0.0,0.0,0.0,0.0,0,0.0,0.0,0,0,0,0,0,0,0,0,0,0,0,0,0,0,0,0,0
1,87.559,8,SCARH_Black,0.0,0.0,0.17874138946565205,0.17874138946565205,0.07993557944759257,0.9999999998765127,0.05652299028546871,0.19999999997530254,0.007993557944759257,119.404,120.338,3.48186,1,1,0,0,0,0,0,0,0,0,0,0,0.0,0.0,0.0,0.0,0.0,0.0,0.0,0,0,0.0,0.0,0.0,0.0,1.0,119.49459999999999,119.331,3.041885,0.017874138946565206,0.05652299028546871,0.01787413894656518,0.0,0.0,0.0,0.0,0.0,0.0,0.0,0.0,0,0.0,0.0,0,0,0,0,0,0,0,0,0,0,0,0,0,0,0,0,0
1,88.568,8,SCARH_Black,0.0,0.0,3.0323954155283177,2.8536540260626655,1.3383843360884697,0.9999999998765127,0.9543019835569512,0.24999999996912817,0.14183199155360623,55.6815,55.6815,3.48858,1,1,0,0,0,0,0,0,0,0,0,0,0.0,0.0,0.0,0.0,0.0,0.0,0.0,0,0,0.0,0.0,0.0,0.0,1.0,113.12434999999998,55.6815,3.034583,0.321113680499397,0.9543019835569512,0.3032395415528317,0.0,0.0,0.0,0.0,0.0,0.0,0.0,0.0,0,0.0,0.0,0,0,0,0,0,0,0,0,0,0,0,0,0,0,0,0,0
1,89.56,8,SCARH_Black,1.129752075811494,1.1388629796486835,1.0125645028731076,2.01983091265521,1.2927419275795462,0.9722999848295895,0.9700339077175562,0.29861499921060763,0.27110618431156086,38.2714,38.2714,2.67967,1,1,0,0,0,0,0,0,0,0,0,0,0.0,0.0,0.0,0.0,0.0,0.0,0.0,0,0,0.0,0.0,0.0,0.0,1.0,105.01139,38.2714,2.946384,0.42237013078670776,0.9700339077175562,0.5052226328183528,0.0,0.0,0.0,0.0,0.0,0.0,0.0,0.0,0,0.0,0.0,0,0,0,0,0,0,0,0,0,0,0,0,0,0,0,0,0
1,90.564,9,SCARH_Black,0.6243200803186483,-0.5034183222040297,0.3504283143520809,0.6621361885210267,1.2440784698152103,0.6654962600398258,0.9593511196125859,0.33188981221259894,0.39551403129308194,37.8307,37.8307,2.6674,1,1,0,0,0,0,0,0,0,0,0,0,0.0,0.0,0.0,0.0,0.0,0.0,0.0,0,0,0.0,0.0,0.0,0.0,1.0,96.85535999999999,37.8307,2.8574840000000004,0.4574129622219158,0.9593511196125859,0.5714362516704554,0.0,0.0,0.0,0.0,0.0,0.0,0.0,0.0,0,0.0,0.0,0,0,0,0,0,0,0,0,0,0,0,0,0,0,0,0,0
1,91.564,9,SCARH_Black,1.3598897019983198,0.7355696216796715,0.5599936342688882,0.20956531991680727,1.1637445879855863,0.39072474818384323,0.9459344601177371,0.3514260496217911,0.5118884900916405,37.8307,41.9801,2.57153,1,1,0,0,0,0,0,0,0,0,0,0,0.0,0.0,0.0,0.0,0.0,0.0,0.0,0,0,0.0,0.0,0.0,0.0,1.0,89.10686999999999,37.8307,2.7582210000000003,0.5134123256488047,0.9459344601177371,0.5923927836621361,0.0,0.0,0.0,0.0,0.0,0.0,0.0,0.0,0,0.0,0.0,0,0,0,0,0,0,0,0,0,0,0,0,0,0,0,0,0
1,92.571,9,SCARH_Black,0.5619286733180713,-0.7924141297718457,0.6283045426553775,0.06831090838648934,1.0973100651723826,0.25339156160674,0.9287542056798777,0.36409562770212806,0.6216194966088787,31.854,31.854,4.47355,1,1,0,0,0,0,0,0,0,0,0,0,0.0,0.0,0.0,0.0,0.0,0.0,0.0,0,0,0.0,0.0,0.0,0.0,1.0,80.35916999999999,31.854,2.8500690000000004,0.5762427799143424,0.9287542056798777,0.5992238745007851,0.0,0.0,0.0,0.0,0.0,0.0,0.0,0.0,0,0.0,0.0,0,0,0,0,0,0,0,0,0,0,0,0,0,0,0,0,0
1,93.569,9,SCARH_Black,1.9812586534483991,1.4221743287879036,0.49726888920729606,0.13103565344808144,0.24747687791609865,0.21618254103161158,0.9075432570226305,0.37490475475370866,0.6463671844004886,31.854,48.6035,2.19212,1,1,0,0,0,0,0,0,0,0,0,0,0.0,0.0,0.0,0.0,0.0,0.0,0.0,0,0,0.0,0.0,0.0,0.0,1.0,73.27712,31.854,2.71225,0.625969668835072,0.9075432570226305,0.6123274398455931,0.0,0.0,0.0,0.0,0.0,0.0,0.0,0.0,0,0.0,0.0,0,0,0,0,0,0,0,0,0,0,0,0,0,0,0,0,0
1,94.564,9,SCARH_Black,0.6698324705461316,-1.3180162642233844,0.38284608035142015,0.11442280885587591,0.11709839786015995,0.28296846690444066,0.88602274934155,0.3890531780989307,0.6580770241865046,31.854,62.6639,1.81593,1,1,0,0,0,0,0,0,0,0,0,0,0.0,0.0,0.0,0.0,0.0,0.0,0.0,0,0,0.0,0.0,0.0,0.0,1.0,67.60310999999999,31.854,2.7082500000000005,0.664254276870214,0.88602274934155,0.6237697207311808,0.0,0.0,0.0,0.0,0.0,0.0,0.0,0.0,0,0.0,0.0,0,0,0,0,0,0,0,0,0,0,0,0,0,0,0,0,0
1,95.573,9,SCARH_Black,0.1473346753949996,-0.5178372598128167,0.0,0.38284608035142015,0.24826414826160392,0.27593749164488235,0.88602274934155,0.4028500526811748,0.682903439012665,31.854,65.1184,1.73825,1,1,0,0,0,0,0,0,0,0,0,0,0.0,0.0,0.0,0.0,0.0,0.0,0.0,0,0,0.0,0.0,0.0,0.0,1.0,62.174549999999996,31.854,2.6964820000000005,0.664254276870214,0.88602274934155,0.6620543287663228,0.0,0.0,0.0,0.0,0.0,0.0,0.0,0.0,0,0.0,0.0,0,0,0,0,0,0,0,0,0,0,0,0,0,0,0,0,0
1,96.574,9,SCARH_Black,0.0,-0.14718748790709252,0.0,0.0,0.2887681521435693,0.27593749164488235,0.88602274934155,0.4166469272634189,0.711780254227022,31.854,63.5193,1.78355,1,1,0,0,0,0,0,0,0,0,0,0,0.0,0.0,0.0,0.0,0.0,0.0,0.0,0,0,0.0,0.0,0.0,0.0,1.0,56.586079999999995,31.854,2.689244,0.664254276870214,0.88602274934155,0.6620543287663228,0.0,0.0,0.0,0.0,0.0,0.0,0.0,0.0,0,0.0,0.0,0,0,0,0,0,0,0,0,0,0,0,0,0,0,0,0,0
1,97.574,9,SCARH_Black,0.0,0.0,0.0,0.0,0.2444007965850542,0.27593749164488235,0.8986188750416743,0.430443801845663,0.7282267759407681,48.6035,65.0033,1.73256,1,1,0,0,0,0,0,0,0,0,0,0,0.0,0.0,0.0,0.0,0.0,0.0,0.0,0,0,0.0,0.0,0.0,0.0,1.0,51.05261,31.854,2.5143139999999997,0.6463801379236488,0.8986188750416743,0.6441801898197576,0.0,0.0,0.0,0.0,0.0,0.0,0.0,0.0,0,0.0,0.0,0,0,0,0,0,0,0,0,0,0,0,0,0,0,0,0,0
1,98.571,9,SCARH_Black,0.0,0.0,0.0,0.0,0.1712139721170244,0.27593749164488235,0.3452598257284043,0.4442406764279072,0.6115097395436236,62.6639,65.135,1.72356,1,1,0,0,0,0,0,0,0,0,0,0,0.0,0.0,0.0,0.0,0.0,0.0,0.0,0,0,0.0,0.0,0.0,0.0,1.0,51.99796,31.854,2.3378120000000004,0.34314059637081706,0.3452598257284043,0.358814787213491,0.0,0.0,0.0,0.0,0.0,0.0,0.0,0.0,0,0.0,0.0,0,0,0,0,0,0,0,0,0,0,0,0,0,0,0,0,0
1,99.575,9,SCARH_Black,0.0,0.0,0.0,0.0,0.0,0.27593749164488235,0.2666515704875183,0.4580375510101513,0.48223554678566904,63.5193,65.3442,1.71471,1,1,0,0,0,0,0,0,0,0,0,0,0.0,0.0,0.0,0.0,0.0,0.0,0.0,0,0,0.0,0.0,0.0,0.0,1.0,54.70524,31.854,2.241316,0.2418841460835063,0.2666515704875183,0.15683169594797003,0.0,0.0,0.0,0.0,0.0,0.0,0.0,0.0,0,0.0,0.0,0,0,0,0,0,0,0,0,0,0,0,0,0,0,0,0,0
1,100.572,10,SCARH_Black,0.0,0.0,0.0,0.0,0.0,0.27593749164488235,0.27373418649457193,0.4718344255923954,0.3578276998041479,63.5193,66.6207,1.59836,1,1,0,0,0,0,0,0,0,0,0,0,0.0,0.0,0.0,0.0,0.0,0.0,0.0,0,0,0.0,0.0,0.0,0.0,1.0,57.58424,31.854,2.134412,0.2068413146482982,0.27373418649457193,0.09061807709586736,0.0,0.0,0.0,0.0,0.0,0.0,0.0,0.0,0,0.0,0.0,0,0,0,0,0,0,0,0,0,0,0,0,0,0,0,0,0
1,101.582,10,SCARH_Black,0.0,0.0,0.0,0.0,0.0,0.27593749164488235,0.24968449541426194,0.4856313001746395,0.24145324100558926,64.205,64.205,1.69786,1,1,0,0,0,0,0,0,0,0,0,0,0.0,0.0,0.0,0.0,0.0,0.0,0.0,0,0,0.0,0.0,0.0,0.0,1.0,59.80673,31.854,2.047045,0.15084195122140936,0.24968449541426194,0.06966154510418664,0.0,0.0,0.0,0.0,0.0,0.0,0.0,0.0,0,0.0,0.0,0,0,0,0,0,0,0,0,0,0,0,0,0,0,0,0,0
1,102.576,10,SCARH_Black,0.0,0.0,0.0,0.0,0.0,0.27593749164488235,0.18749436538193617,0.4994281747568836,0.13172223448835105,63.5441,63.5441,1.78325,1,1,0,0,0,0,0,0,0,0,0,0,0.0,0.0,0.0,0.0,0.0,0.0,0.0,0,0,0.0,0.0,0.0,0.0,1.0,62.975739999999995,48.6035,1.778015,0.08801149695587163,0.18749436538193617,0.06283045426553771,0.0,0.0,0.0,0.0,0.0,0.0,0.0,0.0,0,0.0,0.0,0,0,0,0,0,0,0,0,0,0,0,0,0,0,0,0,0
1,103.581,10,SCARH_Black,0.0,0.0,0.0,0.0,0.0,0.27593749164488235,0.12106656071783466,0.5132250493391277,0.10697454669674118,63.5441,66.8494,1.67214,1,1,0,0,0,0,0,0,0,0,0,0,0.0,0.0,0.0,0.0,0.0,0.0,0.0,0,0,0.0,0.0,0.0,0.0,1.0,64.80033,62.6639,1.7260170000000001,0.03828460803514201,0.12106656071783466,0.04972688892072956,0.0,0.0,0.0,0.0,0.0,0.0,0.0,0.0,0,0.0,0.0,0,0,0,0,0,0,0,0,0,0,0,0,0,0,0,0,0
1,104.582,10,SCARH_Black,0.0,0.0,0.0,0.0,0.0,0.39837332323677466,0.0,0.48314371550714086,0.09526470691072518,63.5441,65.387,1.72898,1,1,0,0,0,0,0,0,0,0,0,0,0.0,0.0,0.0,0.0,0.0,0.0,0.0,0,0,0.0,0.0,0.0,0.0,1.0,65.07264,63.5193,1.717322,0.0,0.0,0.03828460803514197,0.0,0.0,0.0,0.0,0.0,0.0,0.0,0.0,0,0.0,0.0,0,0,0,0,0,0,0,0,0,0,0,0,0,0,0,0,0
1,105.585,10,SCARH_Black,0.0,0.0,0.0,0.0,0.0,0.39837332323677466,0.0,0.45306238167515395,0.07043829208456479,63.5441,64.8713,1.74106,1,1,0,0,0,0,0,0,0,0,0,0,0.0,0.0,0.0,0.0,0.0,0.0,0.0,0,0,0.0,0.0,0.0,0.0,1.0,65.04793,63.5193,1.717603,0.0,0.0,0.0,0.0,0.0,0.0,0.0,0.0,0.0,0.0,0.0,0,0.0,0.0,0,0,0,0,0,0,0,0,0,0,0,0,0,0,0,0,0
1,106.579,10,SCARH_Black,0.0,0.0,0.0,0.0,0.0,0.39837332323677466,0.0,0.4229810478431671,0.04156147687020786,63.5441,63.6193,1.7855,1,1,0,0,0,0,0,0,0,0,0,0,0.0,0.0,0.0,0.0,0.0,0.0,0.0,0,0,0.0,0.0,0.0,0.0,1.0,65.05793,63.5441,1.7177980000000002,0.0,0.0,0.0,0.0,0.0,0.0,0.0,0.0,0.0,0.0,0.0,0,0.0,0.0,0,0,0,0,0,0,0,0,0,0,0,0,0,0,0,0,0
1,107.584,10,SCARH_Black,0.0,0.0,0.0,0.0,0.0,0.39837332323677466,0.0,0.3928997140111802,0.01712139721170244,63.5559,63.5559,1.78605,1,1,0,0,0,0,0,0,0,0,0,0,0.0,0.0,0.0,0.0,0.0,0.0,0.0,0,0,0.0,0.0,0.0,0.0,1.0,64.91319000000001,63.5441,1.7231469999999998,0.0,0.0,0.0,0.0,0.0,0.0,0.0,0.0,0.0,0.0,0.0,0,0.0,0.0,0,0,0,0,0,0,0,0,0,0,0,0,0,0,0,0,0
1,108.587,10,SCARH_Black,0.0,0.0,0.0,0.0,0.0,0.39837332323677466,0.0,0.36281838017919327,0.0,63.3984,63.3984,1.78891,1,1,0,0,0,0,0,0,0,0,0,0,0.0,0.0,0.0,0.0,0.0,0.0,0.0,0,0,0.0,0.0,0.0,0.0,1.0,64.73953,63.3984,1.729682,0.0,0.0,0.0,0.0,0.0,0.0,0.0,0.0,0.0,0.0,0.0,0,0.0,0.0,0,0,0,0,0,0,0,0,0,0,0,0,0,0,0,0,0
1,109.593,10,SCARH_Black,0.0,0.0,0.0,0.0,0.0,0.6551958551372804,0.0,0.3469631736945778,0.0,63.3984,63.4676,1.78633,1,1,0,0,0,0,0,0,0,0,0,0,0.0,0.0,0.0,0.0,0.0,0.0,0.0,0,0,0.0,0.0,0.0,0.0,1.0,64.55187,63.3984,1.736844,0.0,0.0,0.0,0.0,0.0,0.0,0.0,0.0,0.0,0.0,0.0,0,0.0,0.0,0,0,0,0,0,0,0,0,0,0,0,0,0,0,0,0,0
1,110.592,11,SCARH_Black,0.0,0.0,0.0,0.0,0.0,0.7466894656157484,0.0,0.35102283397337397,0.0,63.3888,63.3888,1.78918,1,1,0,0,0,0,0,0,0,0,0,0,0.0,0.0,0.0,0.0,0.0,0.0,0.0,0,0,0.0,0.0,0.0,0.0,1.0,64.22868000000001,63.3888,1.755926,0.0,0.0,0.0,0.0,0.0,0.0,0.0,0.0,0.0,0.0,0.0,0,0.0,0.0,0,0,0,0,0,0,0,0,0,0,0,0,0,0,0,0,0
1,111.587,11,SCARH_Black,0.0,0.0,0.0,0.0,0.0,0.9601392733195748,0.0,0.3794935602301605,0.0,63.1209,63.1209,1.7966,1,1,0,0,0,0,0,0,0,0,0,0,0.0,0.0,0.0,0.0,0.0,0.0,0.0,0,0,0.0,0.0,0.0,0.0,1.0,64.12026999999999,63.1209,1.7658,0.0,0.0,0.0,0.0,0.0,0.0,0.0,0.0,0.0,0.0,0.0,0,0.0,0.0,0,0,0,0,0,0,0,0,0,0,0,0,0,0,0,0,0
1,112.587,11,SCARH_Black,0.0,0.0,0.0,0.0,0.0,0.9630422438076903,0.0,0.41497609434020805,0.0,63.1209,63.5009,1.78509,1,1,0,0,0,0,0,0,0,0,0,0,0.0,0.0,0.0,0.0,0.0,0.0,0.0,0,0,0.0,0.0,0.0,0.0,1.0,64.11595,63.1209,1.765984,0.0,0.0,0.0,0.0,0.0,0.0,0.0,0.0,0.0,0.0,0.0,0,0.0,0.0,0,0,0,0,0,0,0,0,0,0,0,0,0,0,0,0,0
1,113.593,11,SCARH_Black,0.0,0.0,0.0,0.0,0.0,0.8813179095291918,0.0,0.44823286276508706,0.0,63.1209,63.298,1.79143,1,1,0,0,0,0,0,0,0,0,0,0,0.0,0.0,0.0,0.0,0.0,0.0,0.0,0,0,0.0,0.0,0.0,0.0,1.0,63.76080999999999,63.1209,1.7779130000000003,0.0,0.0,0.0,0.0,0.0,0.0,0.0,0.0,0.0,0.0,0.0,0,0.0,0.0,0,0,0,0,0,0,0,0,0,0,0,0,0,0,0,0,0
1,114.593,11,SCARH_Black,0.0,0.0,0.0,0.0,0.0,0.999999999999997,0.0,0.48408443941986484,0.0,63.1209,63.5332,1.78685,1,1,0,0,0,0,0,0,0,0,0,0,0.0,0.0,0.0,0.0,0.0,0.0,0.0,0,0,0.0,0.0,0.0,0.0,1.0,63.575430000000004,63.1209,1.7837,0.0,0.0,0.0,0.0,0.0,0.0,0.0,0.0,0.0,0.0,0.0,0,0.0,0.0,0,0,0,0,0,0,0,0,0,0,0,0,0,0,0,0,0
1,115.589,11,SCARH_Black,0.0,0.0,0.0,0.0,0.0,0.0,0.0,0.47028756483762074,0.0,63.1209,63.4541,1.78779,1,1,0,0,0,0,0,0,0,0,0,0,0.0,0.0,0.0,0.0,0.0,0.0,0.0,0,0,0.0,0.0,0.0,0.0,1.0,63.43371,63.1209,1.788373,0.0,0.0,0.0,0.0,0.0,0.0,0.0,0.0,0.0,0.0,0.0,0,0.0,0.0,0,0,0,0,0,0,0,0,0,0,0,0,0,0,0,0,0
1,116.601,11,SCARH_Black,0.0,0.0,0.0,0.0,0.0,0.0,0.0,0.45649069025537664,0.0,63.298,63.369,1.78989,1,1,0,0,0,0,0,0,0,0,0,0,0.0,0.0,0.0,0.0,0.0,0.0,0.0,0,0,0.0,0.0,0.0,0.0,1.0,63.408680000000004,63.1209,1.788812,0.0,0.0,0.0,0.0,0.0,0.0,0.0,0.0,0.0,0.0,0.0,0,0.0,0.0,0,0,0,0,0,0,0,0,0,0,0,0,0,0,0,0,0
1,117.593,11,SCARH_Black,0.0,0.0,0.0,0.0,0.0,0.0,0.0,0.44269381567313254,0.0,63.298,63.4834,1.78656,1,1,0,0,0,0,0,0,0,0,0,0,0.0,0.0,0.0,0.0,0.0,0.0,0.0,0,0,0.0,0.0,0.0,0.0,1.0,63.401430000000005,63.1209,1.7888630000000003,0.0,0.0,0.0,0.0,0.0,0.0,0.0,0.0,0.0,0.0,0.0,0,0.0,0.0,0,0,0,0,0,0,0,0,0,0,0,0,0,0,0,0,0
1,118.601,11,SCARH_Black,0.0,0.0,0.0,0.0,0.0,0.0,0.0,0.4288969410908884,0.0,63.07,63.07,1.79801,1,1,0,0,0,0,0,0,0,0,0,0,0.0,0.0,0.0,0.0,0.0,0.0,0.0,0,0,0.0,0.0,0.0,0.0,1.0,63.36859,63.07,1.7897729999999998,0.0,0.0,0.0,0.0,0.0,0.0,0.0,0.0,0.0,0.0,0.0,0,0.0,0.0,0,0,0,0,0,0,0,0,0,0,0,0,0,0,0,0,0
1,119.602,11,SCARH_Black,0.0,0.0,0.0,0.0,0.0,0.0,0.0,0.4151000665086443,0.0,63.07,63.6072,1.782,1,1,0,0,0,0,0,0,0,0,0,0,0.0,0.0,0.0,0.0,0.0,0.0,0.0,0,0,0.0,0.0,0.0,0.0,1.0,63.38255,63.07,1.78934,0.0,0.0,0.0,0.0,0.0,0.0,0.0,0.0,0.0,0.0,0.0,0,0.0,0.0,0,0,0,0,0,0,0,0,0,0,0,0,0,0,0,0,0
1,120.603,12,SCARH_Black,0.0,0.0,0.0,0.0,0.0,0.0,0.0,0.4013031919264002,0.0,62.6599,62.6599,1.80889,1,1,0,0,0,0,0,0,0,0,0,0,0.0,0.0,0.0,0.0,0.0,0.0,0.0,0,0,0.0,0.0,0.0,0.0,1.0,63.309659999999994,62.6599,1.7913109999999999,0.0,0.0,0.0,0.0,0.0,0.0,0.0,0.0,0.0,0.0,0.0,0,0.0,0.0,0,0,0,0,0,0,0,0,0,0,0,0,0,0,0,0,0
1,121.595,12,SCARH_Black,0.0,0.0,0.0,0.0,0.0,0.0,0.0,0.3875063173441561,0.0,62.6599,63.1798,1.79415,1,1,0,0,0,0,0,0,0,0,0,0,0.0,0.0,0.0,0.0,0.0,0.0,0.0,0,0,0.0,0.0,0.0,0.0,1.0,63.31555000000001,62.6599,1.791066,0.0,0.0,0.0,0.0,0.0,0.0,0.0,0.0,0.0,0.0,0.0,0,0.0,0.0,0,0,0,0,0,0,0,0,0,0,0,0,0,0,0,0,0
1,122.606,12,SCARH_Black,0.0,0.0,0.0,0.0,0.0,0.0,0.0,0.3737094427619119,0.0,62.2944,62.2944,1.81556,1,1,0,0,0,0,0,0,0,0,0,0,0.0,0.0,0.0,0.0,0.0,0.0,0.0,0,0,0.0,0.0,0.0,0.0,1.0,63.194900000000004,62.2944,1.794113,0.0,0.0,0.0,0.0,0.0,0.0,0.0,0.0,0.0,0.0,0.0,0,0.0,0.0,0,0,0,0,0,0,0,0,0,0,0,0,0,0,0,0,0
1,123.604,12,SCARH_Black,0.0,0.0,0.0,0.0,0.0,0.0,0.0,0.3599125681796678,0.0,62.1156,62.1156,1.82089,1,1,0,0,0,0,0,0,0,0,0,0,0.0,0.0,0.0,0.0,0.0,0.0,0.0,0,0,0.0,0.0,0.0,0.0,1.0,63.076660000000004,62.1156,1.7970589999999997,0.0,0.0,0.0,0.0,0.0,0.0,0.0,0.0,0.0,0.0,0.0,0,0.0,0.0,0,0,0,0,0,0,0,0,0,0,0,0,0,0,0,0,0
1,124.6,12,SCARH_Black,0.0,0.0,0.0,0.0,0.0,0.0,0.0,0.3399939020178291,0.0,62.1156,62.357,1.81336,1,1,0,0,0,0,0,0,0,0,0,0,0.0,0.0,0.0,0.0,0.0,0.0,0.0,0,0,0.0,0.0,0.0,0.0,1.0,62.959039999999995,62.1156,1.79971,0.0,0.0,0.0,0.0,0.0,0.0,0.0,0.0,0.0,0.0,0.0,0,0.0,0.0,0,0,0,0,0,0,0,0,0,0,0,0,0,0,0,0,0
1,125.601,12,SCARH_Black,0.0,0.0,0.0,0.0,0.0,0.0,0.0,0.32007523585599035,0.0,61.8875,61.8875,1.82616,1,1,0,0,0,0,0,0,0,0,0,0,0.0,0.0,0.0,0.0,0.0,0.0,0.0,0,0,0.0,0.0,0.0,0.0,1.0,62.80238000000001,61.8875,1.803547,0.0,0.0,0.0,0.0,0.0,0.0,0.0,0.0,0.0,0.0,0.0,0,0.0,0.0,0,0,0,0,0,0,0,0,0,0,0,0,0,0,0,0,0
1,126.605,12,SCARH_Black,0.0,0.0,0.0,0.0,0.0,0.0,0.0,0.3001565696941516,0.0,61.8875,62.2227,1.81698,1,1,0,0,0,0,0,0,0,0,0,0,0.0,0.0,0.0,0.0,0.0,0.0,0.0,0,0,0.0,0.0,0.0,0.0,1.0,62.68775000000001,61.8875,1.806256,0.0,0.0,0.0,0.0,0.0,0.0,0.0,0.0,0.0,0.0,0.0,0,0.0,0.0,0,0,0,0,0,0,0,0,0,0,0,0,0,0,0,0,0
1,127.603,12,SCARH_Black,0.0,0.0,0.0,0.0,0.0,0.0,0.0,0.28023790353231287,0.0,61.8875,62.5306,1.81437,1,1,0,0,0,0,0,0,0,0,0,0,0.0,0.0,0.0,0.0,0.0,0.0,0.0,0,0,0.0,0.0,0.0,0.0,1.0,62.59246999999999,61.8875,1.809037,0.0,0.0,0.0,0.0,0.0,0.0,0.0,0.0,0.0,0.0,0.0,0,0.0,0.0,0,0,0,0,0,0,0,0,0,0,0,0,0,0,0,0,0
1,128.612,12,SCARH_Black,0.0,0.0,0.0,0.0,0.0,0.0,0.0,0.26031923737047413,0.0,61.8875,63.1773,1.79712,1,1,0,0,0,0,0,0,0,0,0,0,0.0,0.0,0.0,0.0,0.0,0.0,0.0,0,0,0.0,0.0,0.0,0.0,1.0,62.6032,61.8875,1.8089480000000002,0.0,0.0,0.0,0.0,0.0,0.0,0.0,0.0,0.0,0.0,0.0,0,0.0,0.0,0,0,0,0,0,0,0,0,0,0,0,0,0,0,0,0,0
1,129.61,12,SCARH_Black,0.0,0.0,0.0,0.0,0.0,0.0,0.0,0.22755944461361013,0.0,61.8875,63.2168,1.79601,1,1,0,0,0,0,0,0,0,0,0,0,0.0,0.0,0.0,0.0,0.0,0.0,0.0,0,0,0.0,0.0,0.0,0.0,1.0,62.564159999999994,61.8875,1.810349,0.0,0.0,0.0,0.0,0.0,0.0,0.0,0.0,0.0,0.0,0.0,0,0.0,0.0,0,0,0,0,0,0,0,0,0,0,0,0,0,0,0,0,0
1,130.609,13,SCARH_Black,0.0,0.0,0.0,0.0,0.0,0.0,0.0,0.1902249713328227,0.0,62.2227,62.9759,1.80192,1,1,0,0,0,0,0,0,0,0,0,0,0.0,0.0,0.0,0.0,0.0,0.0,0.0,0,0,0.0,0.0,0.0,0.0,1.0,62.59576,61.8875,1.8096519999999998,0.0,0.0,0.0,0.0,0.0,0.0,0.0,0.0,0.0,0.0,0.0,0,0.0,0.0,0,0,0,0,0,0,0,0,0,0,0,0,0,0,0,0,0
1,131.608,13,SCARH_Black,0.0,0.0,0.0,0.0,0.0,0.0,0.0,0.14221800766684395,0.0,62.5306,63.289,1.79256,1,1,0,0,0,0,0,0,0,0,0,0,0.0,0.0,0.0,0.0,0.0,0.0,0.0,0,0,0.0,0.0,0.0,0.0,1.0,62.60668,61.8875,1.8094930000000002,0.0,0.0,0.0,0.0,0.0,0.0,0.0,0.0,0.0,0.0,0.0,0,0.0,0.0,0,0,0,0,0,0,0,0,0,0,0,0,0,0,0,0,0
1,132.606,13,SCARH_Black,0.0,0.0,0.0,0.0,0.0,0.0,0.0,0.09406589547645944,0.0,62.7724,62.7724,1.8069,1,1,0,0,0,0,0,0,0,0,0,0,0.0,0.0,0.0,0.0,0.0,0.0,0.0,0,0,0.0,0.0,0.0,0.0,1.0,62.65448,61.8875,1.808627,0.0,0.0,0.0,0.0,0.0,0.0,0.0,0.0,0.0,0.0,0.0,0,0.0,0.0,0,0,0,0,0,0,0,0,0,0,0,0,0,0,0,0,0
1,133.611,13,SCARH_Black,0.0,0.0,0.0,0.0,0.0,0.0,0.0,0.04999999999999985,0.0,62.7724,63.2267,1.79413,1,1,0,0,0,0,0,0,0,0,0,0,0.0,0.0,0.0,0.0,0.0,0.0,0.0,0,0,0.0,0.0,0.0,0.0,1.0,62.765589999999996,61.8875,1.8059509999999999,0.0,0.0,0.0,0.0,0.0,0.0,0.0,0.0,0.0,0.0,0.0,0,0.0,0.0,0,0,0,0,0,0,0,0,0,0,0,0,0,0,0,0,0
1,134.609,13,SCARH_Black,0.0,0.0,0.0,0.0,0.0,0.0,0.0,0.0,0.0,62.5413,62.5413,1.81383,1,1,0,0,0,0,0,0,0,0,0,0,0.0,0.0,0.0,0.0,0.0,0.0,0.0,0,0,0.0,0.0,0.0,0.0,1.0,62.78402000000001,61.8875,1.8059980000000002,0.0,0.0,0.0,0.0,0.0,0.0,0.0,0.0,0.0,0.0,0.0,0,0.0,0.0,0,0,0,0,0,0,0,0,0,0,0,0,0,0,0,0,0
1,135.615,13,SCARH_Black,0.0,0.0,0.0,0.0,0.0,0.0,0.0,0.0,0.0,62.5413,62.5652,1.81021,1,1,0,0,0,0,0,0,0,0,0,0,0.0,0.0,0.0,0.0,0.0,0.0,0.0,0,0,0.0,0.0,0.0,0.0,1.0,62.85179000000001,62.2227,1.804403,0.0,0.0,0.0,0.0,0.0,0.0,0.0,0.0,0.0,0.0,0.0,0,0.0,0.0,0,0,0,0,0,0,0,0,0,0,0,0,0,0,0,0,0
1,136.62,13,SCARH_Black,0.0,0.0,0.0,0.0,0.0,0.0,0.0,0.0,0.0,62.5413,62.851,1.80266,1,1,0,0,0,0,0,0,0,0,0,0,0.0,0.0,0.0,0.0,0.0,0.0,0.0,0,0,0.0,0.0,0.0,0.0,1.0,62.91462,62.5306,1.8029709999999999,0.0,0.0,0.0,0.0,0.0,0.0,0.0,0.0,0.0,0.0,0.0,0,0.0,0.0,0,0,0,0,0,0,0,0,0,0,0,0,0,0,0,0,0
1,137.614,13,SCARH_Black,0.0,0.0,0.0,0.0,0.0,0.0,0.0,0.0,0.0,62.387,62.387,1.81784,1,1,0,0,0,0,0,0,0,0,0,0,0.0,0.0,0.0,0.0,0.0,0.0,0.0,0,0,0.0,0.0,0.0,0.0,1.0,62.90026,62.387,1.8033179999999998,0.0,0.0,0.0,0.0,0.0,0.0,0.0,0.0,0.0,0.0,0.0,0,0.0,0.0,0,0,0,0,0,0,0,0,0,0,0,0,0,0,0,0,0
1,138.609,13,SCARH_Black,0.0,0.0,0.0,0.0,0.0,0.0,0.0,0.0,0.0,62.387,62.7933,1.80564,1,1,0,0,0,0,0,0,0,0,0,0,0.0,0.0,0.0,0.0,0.0,0.0,0.0,0,0,0.0,0.0,0.0,0.0,1.0,62.86186,62.387,1.8041699999999998,0.0,0.0,0.0,0.0,0.0,0.0,0.0,0.0,0.0,0.0,0.0,0,0.0,0.0,0,0,0,0,0,0,0,0,0,0,0,0,0,0,0,0,0
1,139.622,13,SCARH_Black,0.0,0.0,0.0,0.0,0.0,0.0,0.0,0.0,0.0,62.3513,62.3513,1.81753,1,1,0,0,0,0,0,0,0,0,0,0,0.0,0.0,0.0,0.0,0.0,0.0,0.0,0,0,0.0,0.0,0.0,0.0,1.0,62.775310000000005,62.3513,1.8063220000000002,0.0,0.0,0.0,0.0,0.0,0.0,0.0,0.0,0.0,0.0,0.0,0,0.0,0.0,0,0,0,0,0,0,0,0,0,0,0,0,0,0,0,0,0
1,140.622,14,SCARH_Black,0.0,0.0,0.0,0.0,0.0,0.0,0.0,0.0,0.0,62.3513,62.4835,1.8141,1,1,0,0,0,0,0,0,0,0,0,0,0.0,0.0,0.0,0.0,0.0,0.0,0.0,0,0,0.0,0.0,0.0,0.0,1.0,62.72607000000001,62.3513,1.8075400000000001,0.0,0.0,0.0,0.0,0.0,0.0,0.0,0.0,0.0,0.0,0.0,0,0.0,0.0,0,0,0,0,0,0,0,0,0,0,0,0,0,0,0,0,0
1,141.618,14,SCARH_Black,0.0,0.0,0.0,0.0,0.0,0.0,0.0,0.0,0.0,62.3513,62.6641,1.80913,1,1,0,0,0,0,0,0,0,0,0,0,0.0,0.0,0.0,0.0,0.0,0.0,0.0,0,0,0.0,0.0,0.0,0.0,1.0,62.66358,62.3513,1.809197,0.0,0.0,0.0,0.0,0.0,0.0,0.0,0.0,0.0,0.0,0.0,0,0.0,0.0,0,0,0,0,0,0,0,0,0,0,0,0,0,0,0,0,0
1,142.631,14,SCARH_Black,0.0,0.0,0.0,0.0,0.0,0.0,0.0,0.0,0.0,62.3513,62.5919,1.81161,1,1,0,0,0,0,0,0,0,0,0,0,0.0,0.0,0.0,0.0,0.0,0.0,0.0,0,0,0.0,0.0,0.0,0.0,1.0,62.645529999999994,62.3513,1.8096679999999998,0.0,0.0,0.0,0.0,0.0,0.0,0.0,0.0,0.0,0.0,0.0,0,0.0,0.0,0,0,0,0,0,0,0,0,0,0,0,0,0,0,0,0,0
1,143.626,14,SCARH_Black,0.0,0.0,0.0,0.0,0.0,0.0,0.0,0.0,0.0,62.3513,62.7646,1.80812,1,1,0,0,0,0,0,0,0,0,0,0,0.0,0.0,0.0,0.0,0.0,0.0,0.0,0,0,0.0,0.0,0.0,0.0,1.0,62.59932,62.3513,1.8110670000000002,0.0,0.0,0.0,0.0,0.0,0.0,0.0,0.0,0.0,0.0,0.0,0,0.0,0.0,0,0,0,0,0,0,0,0,0,0,0,0,0,0,0,0,0
1,144.619,14,SCARH_Black,0.0,0.0,0.0,0.0,0.0,0.0,0.0,0.0,0.0,62.4835,62.5593,1.81225,1,1,0,0,0,0,0,0,0,0,0,0,0.0,0.0,0.0,0.0,0.0,0.0,0.0,0,0,0.0,0.0,0.0,0.0,1.0,62.601119999999995,62.3513,1.8109089999999999,0.0,0.0,0.0,0.0,0.0,0.0,0.0,0.0,0.0,0.0,0.0,0,0.0,0.0,0,0,0,0,0,0,0,0,0,0,0,0,0,0,0,0,0
1,145.625,14,SCARH_Black,0.0,0.0,0.0,0.0,0.0,0.0,0.0,0.0,0.0,62.5593,63.2461,1.79353,1,1,0,0,0,0,0,0,0,0,0,0,0.0,0.0,0.0,0.0,0.0,0.0,0.0,0,0,0.0,0.0,0.0,0.0,1.0,62.66921,62.3513,1.809241,0.0,0.0,0.0,0.0,0.0,0.0,0.0,0.0,0.0,0.0,0.0,0,0.0,0.0,0,0,0,0,0,0,0,0,0,0,0,0,0,0,0,0,0
1,146.625,14,SCARH_Black,0.0,0.0,0.0,0.0,0.0,0.0,0.0,0.0,0.0,62.5593,62.9538,1.80208,0,1,0,0,0,0,0,0,0,0,0,0,0.0,0.0,0.0,0.0,0.0,0.0,0.0,0,0,0.0,0.0,0.0,0.0,0.9,62.67949,62.3513,1.8091830000000002,0.0,0.0,0.0,0.0,0.0,0.0,0.0,0.0,0.0,0.0,0.0,0,0.0,0.0,0,0,0,0,0,0,0,0,0,0,0,0,0,0,0,0,0
1,147.626,14,SCARH_Black,0.0,0.0,0.0,0.0,0.0,0.0,0.0,0.0,0.0,62.5593,62.9068,1.80337,0,1,0,0,0,0,0,0,0,0,0,0,0.0,0.0,0.0,0.0,0.0,0.0,0.0,0,0,0.0,0.0,0.0,0.0,0.8,62.73147,62.3513,1.8077359999999998,0.0,0.0,0.0,0.0,0.0,0.0,0.0,0.0,0.0,0.0,0.0,0,0.0,0.0,0,0,0,0,0,0,0,0,0,0,0,0,0,0,0,0,0
1,148.63,14,SCARH_Black,0.0,0.0,0.0,0.0,0.0,0.0,0.0,0.0,0.0,62.5593,63.2087,1.7946,0,1,0,0,0,0,0,0,0,0,0,0,0.0,0.0,0.0,0.0,0.0,0.0,0.0,0,0,0.0,0.0,0.0,0.0,0.7,62.77301,62.3513,1.806632,0.0,0.0,0.0,0.0,0.0,0.0,0.0,0.0,0.0,0.0,0.0,0,0.0,0.0,0,0,0,0,0,0,0,0,0,0,0,0,0,0,0,0,0
1,149.634,14,SCARH_Black,0.0,0.0,0.0,0.0,0.0,0.0,0.0,0.0,0.0,62.9068,63.0425,1.79958,1,1,0,0,0,0,0,0,0,0,0,0,0.0,0.0,0.0,0.0,0.0,0.0,0.0,0,0,0.0,0.0,0.0,0.0,0.7,62.84213000000001,62.4835,1.8048369999999998,0.0,0.0,0.0,0.0,0.0,0.0,0.0,0.0,0.0,0.0,0.0,0,0.0,0.0,0,0,0,0,0,0,0,0,0,0,0,0,0,0,0,0,0
1,150.622,15,SCARH_Black,0.0,0.0,0.0,0.0,0.0,0.0,0.0,0.0,0.0,62.9068,63.2541,1.79538,1,1,0,0,0,0,0,0,0,0,0,0,0.0,0.0,0.0,0.0,0.0,0.0,0.0,0,0,0.0,0.0,0.0,0.0,0.7,62.91919,62.5593,1.802965,0.0,0.0,0.0,0.0,0.0,0.0,0.0,0.0,0.0,0.0,0.0,0,0.0,0.0,0,0,0,0,0,0,0,0,0,0,0,0,0,0,0,0,0
1,151.632,15,SCARH_Black,0.0,0.0,0.0,0.0,0.0,0.0,0.0,0.0,0.0,62.9068,63.0959,1.79831,1,1,0,0,0,0,0,0,0,0,0,0,0.0,0.0,0.0,0.0,0.0,0.0,0.0,0,0,0.0,0.0,0.0,0.0,0.7,62.96237,62.5593,1.8018829999999997,0.0,0.0,0.0,0.0,0.0,0.0,0.0,0.0,0.0,0.0,0.0,0,0.0,0.0,0,0,0,0,0,0,0,0,0,0,0,0,0,0,0,0,0
1,152.632,15,SCARH_Black,0.0,0.0,0.0,0.0,0.0,0.0,0.0,0.0,0.0,63.0425,63.2645,1.79098,1,1,0,0,0,0,0,0,0,0,0,0,0.0,0.0,0.0,0.0,0.0,0.0,0.0,0,0,0.0,0.0,0.0,0.0,0.7,63.02963,62.5593,1.79982,0.0,0.0,0.0,0.0,0.0,0.0,0.0,0.0,0.0,0.0,0.0,0,0.0,0.0,0,0,0,0,0,0,0,0,0,0,0,0,0,0,0,0,0
1,153.626,15,SCARH_Black,0.0,0.0,0.0,0.0,0.0,0.0,0.0,0.0,0.0,62.3558,62.3558,1.81867,1,1,0,0,0,0,0,0,0,0,0,0,0.0,0.0,0.0,0.0,0.0,0.0,0.0,0,0,0.0,0.0,0.0,0.0,0.7,62.98875,62.3558,1.800875,0.0,0.0,0.0,0.0,0.0,0.0,0.0,0.0,0.0,0.0,0.0,0,0.0,0.0,0,0,0,0,0,0,0,0,0,0,0,0,0,0,0,0,0
1,154.633,15,SCARH_Black,0.0,0.0,0.0,0.0,0.0,0.0,0.0,0.0,0.0,62.3558,63.4379,1.73995,1,1,0,0,0,0,0,0,0,0,0,0,0.0,0.0,0.0,0.0,0.0,0.0,0.0,0,0,0.0,0.0,0.0,0.0,0.7,63.07661,62.3558,1.7936450000000002,0.0,0.0,0.0,0.0,0.0,0.0,0.0,0.0,0.0,0.0,0.0,0,0.0,0.0,0,0,0,0,0,0,0,0,0,0,0,0,0,0,0,0,0
1,155.634,15,SCARH_Black,0.0,0.0,0.0,0.0,0.0,0.0,0.0,0.0,0.0,62.3558,63.4466,1.74385,1,1,0,0,0,0,0,0,0,0,0,0,0.0,0.0,0.0,0.0,0.0,0.0,0.0,0,0,0.0,0.0,0.0,0.0,0.7,63.09666,62.3558,1.7886769999999999,0.0,0.0,0.0,0.0,0.0,0.0,0.0,0.0,0.0,0.0,0.0,0,0.0,0.0,0,0,0,0,0,0,0,0,0,0,0,0,0,0,0,0,0
1,156.639,15,SCARH_Black,0.0,0.0,0.0,0.0,0.0,0.0,0.0,0.0,0.0,62.3558,62.4321,1.78071,1,1,0,0,0,0,0,0,0,0,0,0,0.0,0.0,0.0,0.0,0.0,0.0,0.0,0,0,0.0,0.0,0.0,0.0,0.8,63.044489999999996,62.3558,1.7865399999999998,0.0,0.0,0.0,0.0,0.0,0.0,0.0,0.0,0.0,0.0,0.0,0,0.0,0.0,0,0,0,0,0,0,0,0,0,0,0,0,0,0,0,0,0
1,157.642,15,SCARH_Black,0.0,0.0,0.0,0.0,0.0,0.0,0.0,0.0,0.0,62.3558,63.3915,1.74947,1,1,0,0,0,0,0,0,0,0,0,0,0.0,0.0,0.0,0.0,0.0,0.0,0.0,0,0,0.0,0.0,0.0,0.0,0.9,63.09295999999999,62.3558,1.7811500000000002,0.0,0.0,0.0,0.0,0.0,0.0,0.0,0.0,0.0,0.0,0.0,0,0.0,0.0,0,0,0,0,0,0,0,0,0,0,0,0,0,0,0,0,0
1,158.639,15,SCARH_Black,0.0,0.0,0.0,0.0,0.0,0.0,0.0,0.0,0.0,62.04,62.04,1.8255,1,1,0,0,0,0,0,0,0,0,0,0,0.0,0.0,0.0,0.0,0.0,0.0,0.0,0,0,0.0,0.0,0.0,0.0,1.0,62.97609,62.04,1.7842399999999998,0.0,0.0,0.0,0.0,0.0,0.0,0.0,0.0,0.0,0.0,0.0,0,0.0,0.0,0,0,0,0,0,0,0,0,0,0,0,0,0,0,0,0,0
1,159.64,15,SCARH_Black,0.0,0.0,0.0,0.0,0.0,0.0,0.0,0.0,0.0,62.04,63.1241,1.79607,1,1,0,0,0,0,0,0,0,0,0,0,0.0,0.0,0.0,0.0,0.0,0.0,0.0,0,0,0.0,0.0,0.0,0.0,1.0,62.984249999999996,62.04,1.7838889999999998,0.0,0.0,0.0,0.0,0.0,0.0,0.0,0.0,0.0,0.0,0.0,0,0.0,0.0,0,0,0,0,0,0,0,0,0,0,0,0,0,0,0,0,0
1,160.642,16,SCARH_Black,0.0,0.0,0.0,0.0,0.0,0.0,0.0,0.0,0.0,62.04,62.9877,1.79868,1,1,0,0,0,0,0,0,0,0,0,0,0.0,0.0,0.0,0.0,0.0,0.0,0.0,0,0,0.0,0.0,0.0,0.0,1.0,62.95761,62.04,1.7842189999999998,0.0,0.0,0.0,0.0,0.0,0.0,0.0,0.0,0.0,0.0,0.0,0,0.0,0.0,0,0,0,0,0,0,0,0,0,0,0,0,0,0,0,0,0
1,161.637,16,SCARH_Black,0.0,0.0,0.0,0.0,0.0,0.0,0.0,0.0,0.0,62.04,63.5315,1.78472,1,1,0,0,0,0,0,0,0,0,0,0,0.0,0.0,0.0,0.0,0.0,0.0,0.0,0,0,0.0,0.0,0.0,0.0,1.0,63.00117,62.04,1.7828600000000001,0.0,0.0,0.0,0.0,0.0,0.0,0.0,0.0,0.0,0.0,0.0,0,0.0,0.0,0,0,0,0,0,0,0,0,0,0,0,0,0,0,0,0,0
1,162.64,16,SCARH_Black,0.0,0.0,0.0,0.0,0.0,0.0,0.0,0.0,0.0,62.04,63.2088,0.859092,1,1,0,0,0,0,0,0,0,0,0,0,0.0,0.0,0.0,0.0,0.0,0.0,0.0,0,0,0.0,0.0,0.0,0.0,1.0,62.9956,62.04,1.6896712,0.0,0.0,0.0,0.0,0.0,0.0,0.0,0.0,0.0,0.0,0.0,0,0.0,0.0,0,0,0,0,0,0,0,0,0,0,0,0,0,0,0,0,0
1,163.642,16,SCARH_Black,0.0,0.0,0.0,0.0,0.0,0.0,0.0,0.0,0.0,62.9877,63.291,0.860023,1,1,0,0,0,0,0,0,0,0,0,0,0.0,0.0,0.0,0.0,0.0,0.0,0.0,0,0,0.0,0.0,0.0,0.0,1.0,63.08912,62.04,1.5938065,0.0,0.0,0.0,0.0,0.0,0.0,0.0,0.0,0.0,0.0,0.0,0,0.0,0.0,0,0,0,0,0,0,0,0,0,0,0,0,0,0,0,0,0
1,164.637,16,SCARH_Black,0.0,0.0,0.0,0.0,0.0,0.0,0.0,0.0,0.0,62.9877,63.3099,0.854467,1,1,0,0,0,0,0,0,0,0,0,0,0.0,0.0,0.0,0.0,0.0,0.0,0.0,0,0,0.0,0.0,0.0,0.0,1.0,63.076319999999996,62.04,1.5052582,0.0,0.0,0.0,0.0,0.0,0.0,0.0,0.0,0.0,0.0,0.0,0,0.0,0.0,0,0,0,0,0,0,0,0,0,0,0,0,0,0,0,0,0
1,165.639,16,SCARH_Black,0.0,0.0,0.0,0.0,0.0,0.0,0.0,0.0,0.0,63.2088,63.2911,0.860024,1,1,0,0,0,0,0,0,0,0,0,0,0.0,0.0,0.0,0.0,0.0,0.0,0.0,0,0,0.0,0.0,0.0,0.0,1.0,63.060770000000005,62.04,1.4168756,0.0,0.0,0.0,0.0,0.0,0.0,0.0,0.0,0.0,0.0,0.0,0,0.0,0.0,0,0,0,0,0,0,0,0,0,0,0,0,0,0,0,0,0
1,166.649,16,SCARH_Black,0.0,0.0,0.0,0.0,0.0,0.0,0.0,0.0,0.0,63.2088,63.31,0.854469,1,1,0,0,0,0,0,0,0,0,0,0,0.0,0.0,0.0,0.0,0.0,0.0,0.0,0,0,0.0,0.0,0.0,0.0,1.0,63.148559999999996,62.04,1.3242515,0.0,0.0,0.0,0.0,0.0,0.0,0.0,0.0,0.0,0.0,0.0,0,0.0,0.0,0,0,0,0,0,0,0,0,0,0,0,0,0,0,0,0,0
1,167.644,16,SCARH_Black,0.0,0.0,0.0,0.0,0.0,0.0,0.0,0.0,0.0,63.291,63.3022,0.860354,1,1,0,0,0,0,0,0,0,0,0,0,0.0,0.0,0.0,0.0,0.0,0.0,0.0,0,0,0.0,0.0,0.0,0.0,1.0,63.13963,62.04,1.2353399,0.0,0.0,0.0,0.0,0.0,0.0,0.0,0.0,0.0,0.0,0.0,0,0.0,0.0,0,0,0,0,0,0,0,0,0,0,0,0,0,0,0,0,0
1,168.647,16,SCARH_Black,0.0,0.0,0.0,0.0,0.0,0.0,0.0,0.0,0.0,58.7427,58.7427,1.12864,1,1,0,0,0,0,0,0,0,0,0,0,0.0,0.0,0.0,0.0,0.0,0.0,0.0,0,0,0.0,0.0,0.0,0.0,1.0,62.80989999999999,58.7427,1.1656539,0.0,0.0,0.0,0.0,0.0,0.0,0.0,0.0,0.0,0.0,0.0,0,0.0,0.0,0,0,0,0,0,0,0,0,0,0,0,0,0,0,0,0,0
1,169.652,16,SCARH_Black,0.0,0.0,0.0,0.0,0.0,0.0,0.0,0.0,0.0,58.7427,58.8115,1.12197,1,1,0,0,0,0,0,0,0,0,0,0,0.0,0.0,0.0,0.0,0.0,0.0,0.0,0,0,0.0,0.0,0.0,0.0,1.0,62.37864,58.7427,1.0982439,0.0,0.0,0.0,0.0,0.0,0.0,0.0,0.0,0.0,0.0,0.0,0,0.0,0.0,0,0,0,0,0,0,0,0,0,0,0,0,0,0,0,0,0
1,170.652,17,SCARH_Black,0.0,0.0,0.0,0.0,0.0,0.0,0.0,0.0,0.0,57.6624,57.6624,1.1139,1,1,0,0,0,0,0,0,0,0,0,0,0.0,0.0,0.0,0.0,0.0,0.0,0.0,0,0,0.0,0.0,0.0,0.0,1.0,61.846109999999996,57.6624,1.0297659,0.0,0.0,0.0,0.0,0.0,0.0,0.0,0.0,0.0,0.0,0.0,0,0.0,0.0,0,0,0,0,0,0,0,0,0,0,0,0,0,0,0,0,0
1,171.646,17,SCARH_Black,0.0,0.0,0.0,0.0,0.0,0.0,0.0,0.0,0.0,56.1419,56.1419,1.12602,1,1,0,0,0,0,0,0,0,0,0,0,0.0,0.0,0.0,0.0,0.0,0.0,0.0,0,0,0.0,0.0,0.0,0.0,1.0,61.107150000000004,56.1419,0.9638959,0.0,0.0,0.0,0.0,0.0,0.0,0.0,0.0,0.0,0.0,0.0,0,0.0,0.0,0,0,0,0,0,0,0,0,0,0,0,0,0,0,0,0,0
1,172.648,17,SCARH_Black,0.0,0.0,0.0,0.0,0.0,0.0,0.0,0.0,0.0,56.0719,56.0719,1.11286,1,1,0,0,0,0,0,0,0,0,0,0,0.0,0.0,0.0,0.0,0.0,0.0,0.0,0,0,0.0,0.0,0.0,0.0,1.0,60.393460000000005,56.0719,0.9892726999999999,0.0,0.0,0.0,0.0,0.0,0.0,0.0,0.0,0.0,0.0,0.0,0,0.0,0.0,0,0,0,0,0,0,0,0,0,0,0,0,0,0,0,0,0
1,173.659,17,SCARH_Black,0.0,0.0,0.0,0.0,0.0,0.0,0.0,0.0,0.0,56.0719,56.1171,1.12351,0,1,0,0,0,0,0,0,0,0,0,0,0.0,0.0,0.0,0.0,0.0,0.0,0.0,0,0,0.0,0.0,0.0,0.0,0.9,59.676069999999996,56.0719,1.0156214,0.0,0.0,0.0,0.0,0.0,0.0,0.0,0.0,0.0,0.0,0.0,0,0.0,0.0,0,0,0,0,0,0,0,0,0,0,0,0,0,0,0,0,0
1,174.652,17,SCARH_Black,0.0,0.0,0.0,0.0,0.0,0.0,0.0,0.0,0.0,56.0719,56.0989,1.11657,0,1,0,0,0,0,0,0,0,0,0,0,0.0,0.0,0.0,0.0,0.0,0.0,0.0,0,0,0.0,0.0,0.0,0.0,0.8,58.95497,56.0719,1.0418317,0.0,0.0,0.0,0.0,0.0,0.0,0.0,0.0,0.0,0.0,0.0,0,0.0,0.0,0,0,0,0,0,0,0,0,0,0,0,0,0,0,0,0,0
1,175.651,17,SCARH_Black,0.0,0.0,0.0,0.0,0.0,0.0,0.0,0.0,0.0,56.0719,56.1031,1.11853,0,1,0,0,0,0,0,0,0,0,0,0,0.0,0.0,0.0,0.0,0.0,0.0,0.0,0,0,0.0,0.0,0.0,0.0,0.7,58.236169999999994,56.0719,1.0676823,0.0,0.0,0.0,0.0,0.0,0.0,0.0,0.0,0.0,0.0,0.0,0,0.0,0.0,0,0,0,0,0,0,0,0,0,0,0,0,0,0,0,0,0
1,176.651,17,SCARH_Black,0.0,0.0,0.0,0.0,0.0,0.0,0.0,0.0,0.0,56.0719,56.1227,1.12368,1,1,0,0,0,0,0,0,0,0,0,0,0.0,0.0,0.0,0.0,0.0,0.0,0.0,0,0,0.0,0.0,0.0,0.0,0.7,57.51744,56.0719,1.0946034,0.0,0.0,0.0,0.0,0.0,0.0,0.0,0.0,0.0,0.0,0.0,0,0.0,0.0,0,0,0,0,0,0,0,0,0,0,0,0,0,0,0,0,0
1,177.66,17,SCARH_Black,0.0,0.0,0.0,0.0,0.0,0.0,0.0,0.0,0.0,56.0728,56.0728,1.11288,1,1,0,0,0,0,0,0,0,0,0,0,0.0,0.0,0.0,0.0,0.0,0.0,0.0,0,0,0.0,0.0,0.0,0.0,0.7,56.79449999999999,56.0719,1.119856,0.0,0.0,0.0,0.0,0.0,0.0,0.0,0.0,0.0,0.0,0.0,0,0.0,0.0,0,0,0,0,0,0,0,0,0,0,0,0,0,0,0,0,0
1,178.663,17,SCARH_Black,0.0,0.0,0.0,0.0,0.0,0.0,0.0,0.0,0.0,56.0728,56.1826,1.13801,1,1,0,0,0,0,0,0,0,0,0,0,0.0,0.0,0.0,0.0,0.0,0.0,0.0,0,0,0.0,0.0,0.0,0.0,0.7,56.53849,56.0719,1.120793,0.0,0.0,0.0,0.0,0.0,0.0,0.0,0.0,0.0,0.0,0.0,0,0.0,0.0,0,0,0,0,0,0,0,0,0,0,0,0,0,0,0,0,0
1,179.665,17,SCARH_Black,0.0,0.0,0.0,0.0,0.0,0.0,0.0,0.0,0.0,56.0728,56.2783,1.17265,1,1,0,0,0,0,0,0,0,0,0,0,0.0,0.0,0.0,0.0,0.0,0.0,0.0,0,0,0.0,0.0,0.0,0.0,0.7,56.28517000000001,56.0719,1.125861,0.0,0.0,0.0,0.0,0.0,0.0,0.0,0.0,0.0,0.0,0.0,0,0.0,0.0,0,0,0,0,0,0,0,0,0,0,0,0,0,0,0,0,0
1,180.662,18,SCARH_Black,0.0,0.0,0.0,0.0,0.0,0.0,0.0,0.0,0.0,56.0728,56.5458,1.17403,1,1,0,0,0,0,0,0,0,0,0,0,0.0,0.0,0.0,0.0,0.0,0.0,0.0,0,0,0.0,0.0,0.0,0.0,0.7,56.17351,56.0719,1.131874,0.0,0.0,0.0,0.0,0.0,0.0,0.0,0.0,0.0,0.0,0.0,0,0.0,0.0,0,0,0,0,0,0,0,0,0,0,0,0,0,0,0,0,0
1,181.663,18,SCARH_Black,0.0,0.0,0.0,0.0,0.0,0.0,0.0,0.0,0.0,56.0728,56.4739,1.18602,1,1,0,0,0,0,0,0,0,0,0,0,0.0,0.0,0.0,0.0,0.0,0.0,0.0,0,0,0.0,0.0,0.0,0.0,0.7,56.20671,56.0719,1.137874,0.0,0.0,0.0,0.0,0.0,0.0,0.0,0.0,0.0,0.0,0.0,0,0.0,0.0,0,0,0,0,0,0,0,0,0,0,0,0,0,0,0,0,0
1,182.665,18,SCARH_Black,0.0,0.0,0.0,0.0,0.0,0.0,0.0,0.0,0.0,56.0728,56.0728,1.11288,1,1,0,0,0,0,0,0,0,0,0,0,0.0,0.0,0.0,0.0,0.0,0.0,0.0,0,0,0.0,0.0,0.0,0.0,0.7,56.2068,56.0728,1.1378759999999999,0.0,0.0,0.0,0.0,0.0,0.0,0.0,0.0,0.0,0.0,0.0,0,0.0,0.0,0,0,0,0,0,0,0,0,0,0,0,0,0,0,0,0,0
1,183.67,18,SCARH_Black,0.0,0.0,0.0,0.0,0.0,0.0,0.0,0.0,0.0,56.0728,56.1163,1.12349,1,1,0,0,0,0,0,0,0,0,0,0,0.0,0.0,0.0,0.0,0.0,0.0,0.0,0,0,0.0,0.0,0.0,0.0,0.8,56.20672,56.0728,1.137874,0.0,0.0,0.0,0.0,0.0,0.0,0.0,0.0,0.0,0.0,0.0,0,0.0,0.0,0,0,0,0,0,0,0,0,0,0,0,0,0,0,0,0,0
1,184.664,18,SCARH_Black,0.0,0.0,0.0,0.0,0.0,0.0,0.0,0.0,0.0,56.0728,56.4372,1.14549,1,1,0,0,0,0,0,0,0,0,0,0,0.0,0.0,0.0,0.0,0.0,0.0,0.0,0,0,0.0,0.0,0.0,0.0,0.9,56.240550000000006,56.0728,1.140766,0.0,0.0,0.0,0.0,0.0,0.0,0.0,0.0,0.0,0.0,0.0,0,0.0,0.0,0,0,0,0,0,0,0,0,0,0,0,0,0,0,0,0,0
1,185.661,18,SCARH_Black,0.0,0.0,0.0,0.0,0.0,0.0,0.0,0.0,0.0,50.8505,50.8505,2.14063,1,1,0,0,0,0,0,0,0,0,0,0,0.0,0.0,0.0,0.0,0.0,0.0,0.0,0,0,0.0,0.0,0.0,0.0,1.0,55.715289999999996,50.8505,1.242976,0.0,0.0,0.0,0.0,0.0,0.0,0.0,0.0,0.0,0.0,0.0,0,0.0,0.0,0,0,0,0,0,0,0,0,0,0,0,0,0,0,0,0,0
1,186.671,18,SCARH_Black,0.0,0.0,0.0,0.0,0.0,0.0,0.0,0.0,0.0,50.8505,59.3138,1.86725,1,1,0,0,0,0,0,0,0,0,0,0,0.0,0.0,0.0,0.0,0.0,0.0,0.0,0,0,0.0,0.0,0.0,0.0,1.0,56.034400000000005,50.8505,1.317333,0.0,0.0,0.0,0.0,0.0,0.0,0.0,0.0,0.0,0.0,0.0,0,0.0,0.0,0,0,0,0,0,0,0,0,0,0,0,0,0,0,0,0,0
1,187.669,18,SCARH_Black,0.0,0.0,0.0,0.0,0.0,0.0,0.0,0.0,0.0,50.8505,59.3955,1.86479,1,1,0,0,0,0,0,0,0,0,0,0,0.0,0.0,0.0,0.0,0.0,0.0,0.0,0,0,0.0,0.0,0.0,0.0,1.0,56.36667,50.8505,1.3925239999999999,0.0,0.0,0.0,0.0,0.0,0.0,0.0,0.0,0.0,0.0,0.0,0,0.0,0.0,0,0,0,0,0,0,0,0,0,0,0,0,0,0,0,0,0
1,188.672,18,SCARH_Black,0.0,0.0,0.0,0.0,0.0,0.0,0.0,0.0,0.0,50.8505,59.3529,1.86596,1,1,0,0,0,0,0,0,0,0,0,0,0.0,0.0,0.0,0.0,0.0,0.0,0.0,0,0,0.0,0.0,0.0,0.0,1.0,56.6837,50.8505,1.465319,0.0,0.0,0.0,0.0,0.0,0.0,0.0,0.0,0.0,0.0,0.0,0,0.0,0.0,0,0,0,0,0,0,0,0,0,0,0,0,0,0,0,0,0
1,189.675,18,SCARH_Black,0.0,0.0,0.0,0.0,0.0,0.0,0.0,0.0,0.0,50.8505,59.2846,1.86782,1,1,0,0,0,0,0,0,0,0,0,0,0.0,0.0,0.0,0.0,0.0,0.0,0.0,0,0,0.0,0.0,0.0,0.0,1.0,56.98433,50.8505,1.534836,0.0,0.0,0.0,0.0,0.0,0.0,0.0,0.0,0.0,0.0,0.0,0,0.0,0.0,0,0,0,0,0,0,0,0,0,0,0,0,0,0,0,0,0
1,190.677,19,SCARH_Black,0.0,0.0,0.0,0.0,0.0,0.0,0.0,0.0,0.0,59.2846,59.4177,1.86459,1,1,0,0,0,0,0,0,0,0,0,0,0.0,0.0,0.0,0.0,0.0,0.0,0.0,0,0,0.0,0.0,0.0,0.0,1.0,57.271519999999995,50.8505,1.603892,0.0,0.0,0.0,0.0,0.0,0.0,0.0,0.0,0.0,0.0,0.0,0,0.0,0.0,0,0,0,0,0,0,0,0,0,0,0,0,0,0,0,0,0
1,191.667,19,SCARH_Black,0.0,0.0,0.0,0.0,0.0,0.0,0.0,0.0,0.0,59.2846,59.3312,1.86671,1,1,0,0,0,0,0,0,0,0,0,0,0.0,0.0,0.0,0.0,0.0,0.0,0.0,0,0,0.0,0.0,0.0,0.0,1.0,57.557249999999996,50.8505,1.671961,0.0,0.0,0.0,0.0,0.0,0.0,0.0,0.0,0.0,0.0,0.0,0,0.0,0.0,0,0,0,0,0,0,0,0,0,0,0,0,0,0,0,0,0
1,192.678,19,SCARH_Black,0.0,0.0,0.0,0.0,0.0,0.0,0.0,0.0,0.0,59.2846,59.3244,1.86679,1,1,0,0,0,0,0,0,0,0,0,0,0.0,0.0,0.0,0.0,0.0,0.0,0.0,0,0,0.0,0.0,0.0,0.0,1.0,57.88241000000001,50.8505,1.747352,0.0,0.0,0.0,0.0,0.0,0.0,0.0,0.0,0.0,0.0,0.0,0,0.0,0.0,0,0,0,0,0,0,0,0,0,0,0,0,0,0,0,0,0
1,193.671,19,SCARH_Black,0.0,0.0,0.0,0.0,0.0,0.0,0.0,0.0,0.0,59.2846,59.399,1.86498,1,1,0,0,0,0,0,0,0,0,0,0,0.0,0.0,0.0,0.0,0.0,0.0,0.0,0,0,0.0,0.0,0.0,0.0,1.0,58.21068,50.8505,1.821501,0.0,0.0,0.0,0.0,0.0,0.0,0.0,0.0,0.0,0.0,0.0,0,0.0,0.0,0,0,0,0,0,0,0,0,0,0,0,0,0,0,0,0,0
1,194.681,19,SCARH_Black,0.0,0.0,0.0,0.0,0.0,0.0,0.0,0.0,0.0,58.4059,58.4059,1.89563,1,1,0,0,0,0,0,0,0,0,0,0,0.0,0.0,0.0,0.0,0.0,0.0,0.0,0,0,0.0,0.0,0.0,0.0,1.0,58.40754999999999,50.8505,1.8965150000000002,0.0,0.0,0.0,0.0,0.0,0.0,0.0,0.0,0.0,0.0,0.0,0,0.0,0.0,0,0,0,0,0,0,0,0,0,0,0,0,0,0,0,0,0
1,195.683,19,SCARH_Black,0.0,0.0,0.0,0.0,0.0,0.0,0.0,0.0,0.0,58.397,58.397,1.89566,1,1,0,0,0,0,0,0,0,0,0,0,0.0,0.0,0.0,0.0,0.0,0.0,0.0,0,0,0.0,0.0,0.0,0.0,1.0,59.162200000000006,58.397,1.872018,0.0,0.0,0.0,0.0,0.0,0.0,0.0,0.0,0.0,0.0,0.0,0,0.0,0.0,0,0,0,0,0,0,0,0,0,0,0,0,0,0,0,0,0
1,196.679,19,SCARH_Black,0.0,0.0,0.0,0.0,0.0,0.0,0.0,0.0,0.0,58.397,58.5189,1.89298,1,1,0,0,0,0,0,0,0,0,0,0,0.0,0.0,0.0,0.0,0.0,0.0,0.0,0,0,0.0,0.0,0.0,0.0,1.0,59.08271,58.397,1.874591,0.0,0.0,0.0,0.0,0.0,0.0,0.0,0.0,0.0,0.0,0.0,0,0.0,0.0,0,0,0,0,0,0,0,0,0,0,0,0,0,0,0,0,0
1,197.686,19,SCARH_Black,0.0,0.0,0.0,0.0,0.0,0.0,0.0,0.0,0.0,58.397,58.4158,1.89572,1,1,0,0,0,0,0,0,0,0,0,0,0.0,0.0,0.0,0.0,0.0,0.0,0.0,0,0,0.0,0.0,0.0,0.0,1.0,58.98474,58.397,1.877684,0.0,0.0,0.0,0.0,0.0,0.0,0.0,0.0,0.0,0.0,0.0,0,0.0,0.0,0,0,0,0,0,0,0,0,0,0,0,0,0,0,0,0,0
1,198.682,19,SCARH_Black,0.0,0.0,0.0,0.0,0.0,0.0,0.0,0.0,0.0,58.397,58.4231,1.89503,1,1,0,0,0,0,0,0,0,0,0,0,0.0,0.0,0.0,0.0,0.0,0.0,0.0,0,0,0.0,0.0,0.0,0.0,1.0,58.89176,58.397,1.8805910000000001,0.0,0.0,0.0,0.0,0.0,0.0,0.0,0.0,0.0,0.0,0.0,0,0.0,0.0,0,0,0,0,0,0,0,0,0,0,0,0,0,0,0,0,0
1,199.695,19,SCARH_Black,0.0,0.0,0.0,0.0,0.0,0.0,0.0,0.0,0.0,58.397,58.5013,1.89341,1,1,0,0,0,0,0,0,0,0,0,0,0.0,0.0,0.0,0.0,0.0,0.0,0.0,0,0,0.0,0.0,0.0,0.0,1.0,58.813430000000004,58.397,1.88315,0.0,0.0,0.0,0.0,0.0,0.0,0.0,0.0,0.0,0.0,0.0,0,0.0,0.0,0,0,0,0,0,0,0,0,0,0,0,0,0,0,0,0,0
1,200.691,20,SCARH_Black,0.0,0.0,0.0,0.0,0.0,0.0,0.0,0.0,0.0,58.3864,58.3864,1.89632,1,1,0,0,0,0,0,0,0,0,0,0,0.0,0.0,0.0,0.0,0.0,0.0,0.0,0,0,0.0,0.0,0.0,0.0,1.0,58.710300000000004,58.3864,1.8863230000000002,0.0,0.0,0.0,0.0,0.0,0.0,0.0,0.0,0.0,0.0,0.0,0,0.0,0.0,0,0,0,0,0,0,0,0,0,0,0,0,0,0,0,0,0
1,201.697,20,SCARH_Black,0.0,0.0,0.0,0.0,0.0,0.0,0.0,0.0,0.0,58.3864,58.8553,1.88403,1,1,0,0,0,0,0,0,0,0,0,0,0.0,0.0,0.0,0.0,0.0,0.0,0.0,0,0,0.0,0.0,0.0,0.0,1.0,58.66270999999999,58.3864,1.888055,0.0,0.0,0.0,0.0,0.0,0.0,0.0,0.0,0.0,0.0,0.0,0,0.0,0.0,0,0,0,0,0,0,0,0,0,0,0,0,0,0,0,0,0
1,202.696,20,SCARH_Black,0.0,0.0,0.0,0.0,0.0,0.0,0.0,0.0,0.0,50.3309,50.3309,2.09488,1,1,0,0,0,0,0,0,0,0,0,0,0.0,0.0,0.0,0.0,0.0,0.0,0.0,0,0,0.0,0.0,0.0,0.0,1.0,57.76336,50.3309,1.9108639999999997,0.0,0.0,0.0,0.0,0.0,0.0,0.0,0.0,0.0,0.0,0.0,0,0.0,0.0,0,0,0,0,0,0,0,0,0,0,0,0,0,0,0,0,0
1,203.704,20,SCARH_Black,0.0,0.0,0.0,0.0,0.0,0.0,0.0,0.0,0.0,50.3309,69.7492,2.01433,1,1,0,0,0,0,0,0,0,0,0,0,0.0,0.0,0.0,0.0,0.0,0.0,0.0,0,0,0.0,0.0,0.0,0.0,1.0,58.798379999999995,50.3309,1.925799,0.0,0.0,0.0,0.0,0.0,0.0,0.0,0.0,0.0,0.0,0.0,0,0.0,0.0,0,0,0,0,0,0,0,0,0,0,0,0,0,0,0,0,0
1,204.697,20,SCARH_Black,0.0,0.0,0.0,0.0,0.0,0.0,0.0,0.0,0.0,50.3309,53.0506,2.0376,1,1,0,0,0,0,0,0,0,0,0,0,0.0,0.0,0.0,0.0,0.0,0.0,0.0,0,0,0.0,0.0,0.0,0.0,1.0,58.26285,50.3309,1.939996,0.0,0.0,0.0,0.0,0.0,0.0,0.0,0.0,0.0,0.0,0.0,0,0.0,0.0,0,0,0,0,0,0,0,0,0,0,0,0,0,0,0,0,0
1,205.696,20,SCARH_Black,0.0,0.0,0.0,0.0,0.0,0.0,0.0,0.0,0.0,50.3309,57.1667,1.9352,1,1,0,0,0,0,0,0,0,0,0,0,0.0,0.0,0.0,0.0,0.0,0.0,0.0,0,0,0.0,0.0,0.0,0.0,1.0,58.13982,50.3309,1.9439499999999998,0.0,0.0,0.0,0.0,0.0,0.0,0.0,0.0,0.0,0.0,0.0,0,0.0,0.0,0,0,0,0,0,0,0,0,0,0,0,0,0,0,0,0,0
1,206.703,20,SCARH_Black,0.0,0.0,0.0,0.0,0.0,0.0,0.0,0.0,0.0,50.3309,53.7654,2.0252,1,1,0,0,0,0,0,0,0,0,0,0,0.0,0.0,0.0,0.0,0.0,0.0,0.0,0,0,0.0,0.0,0.0,0.0,1.0,57.66447000000001,50.3309,1.9571720000000004,0.0,0.0,0.0,0.0,0.0,0.0,0.0,0.0,0.0,0.0,0.0,0,0.0,0.0,0,0,0,0,0,0,0,0,0,0,0,0,0,0,0,0,0
1,207.706,20,SCARH_Black,0.0,0.0,0.0,0.0,0.0,0.0,0.0,0.0,0.0,53.0506,53.8414,2.0241,1,1,0,0,0,0,0,0,0,0,0,0,0.0,0.0,0.0,0.0,0.0,0.0,0.0,0,0,0.0,0.0,0.0,0.0,1.0,57.207029999999996,50.3309,1.9700099999999998,0.0,0.0,0.0,0.0,0.0,0.0,0.0,0.0,0.0,0.0,0.0,0,0.0,0.0,0,0,0,0,0,0,0,0,0,0,0,0,0,0,0,0,0
1,208.697,20,SCARH_Black,0.0,0.0,0.0,0.0,0.0,0.0,0.0,0.0,0.0,53.0506,53.7853,2.02513,1,1,0,0,0,0,0,0,0,0,0,0,0.0,0.0,0.0,0.0,0.0,0.0,0.0,0,0,0.0,0.0,0.0,0.0,1.0,56.74325,50.3309,1.9830199999999998,0.0,0.0,0.0,0.0,0.0,0.0,0.0,0.0,0.0,0.0,0.0,0,0.0,0.0,0,0,0,0,0,0,0,0,0,0,0,0,0,0,0,0,0
1,209.702,20,SCARH_Black,0.0,0.0,0.0,0.0,0.0,0.0,0.0,0.0,0.0,48.6865,48.6865,2.13166,1,1,0,0,0,0,0,0,0,0,0,0,0.0,0.0,0.0,0.0,0.0,0.0,0.0,0,0,0.0,0.0,0.0,0.0,1.0,55.76177,48.6865,2.0068449999999998,0.0,0.0,0.0,0.0,0.0,0.0,0.0,0.0,0.0,0.0,0.0,0,0.0,0.0,0,0,0,0,0,0,0,0,0,0,0,0,0,0,0,0,0
1,210.707,21,SCARH_Black,0.0,0.0,0.0,0.0,0.0,0.0,0.0,0.0,0.0,48.6865,48.7172,2.13026,1,1,0,0,0,0,0,0,0,0,0,0,0.0,0.0,0.0,0.0,0.0,0.0,0.0,0,0,0.0,0.0,0.0,0.0,1.0,54.79485,48.6865,2.030239,0.0,0.0,0.0,0.0,0.0,0.0,0.0,0.0,0.0,0.0,0.0,0,0.0,0.0,0,0,0,0,0,0,0,0,0,0,0,0,0,0,0,0,0
1,211.704,21,SCARH_Black,0.0,0.0,0.0,0.0,0.0,0.0,0.0,0.0,0.0,48.6537,48.6537,2.12678,1,1,0,0,0,0,0,0,0,0,0,0,0.0,0.0,0.0,0.0,0.0,0.0,0.0,0,0,0.0,0.0,0.0,0.0,1.0,53.77469,48.6537,2.054514,0.0,0.0,0.0,0.0,0.0,0.0,0.0,0.0,0.0,0.0,0.0,0,0.0,0.0,0,0,0,0,0,0,0,0,0,0,0,0,0,0,0,0,0
1,212.712,21,SCARH_Black,0.0,0.0,0.0,0.0,0.0,0.0,0.0,0.0,0.0,48.6537,49.3705,2.04407,1,1,0,0,0,0,0,0,0,0,0,0,0.0,0.0,0.0,0.0,0.0,0.0,0.0,0,0,0.0,0.0,0.0,0.0,1.0,53.678650000000005,48.6537,2.049433,0.0,0.0,0.0,0.0,0.0,0.0,0.0,0.0,0.0,0.0,0.0,0,0.0,0.0,0,0,0,0,0,0,0,0,0,0,0,0,0,0,0,0,0
1,213.705,21,SCARH_Black,0.0,0.0,0.0,0.0,0.0,0.0,0.0,0.0,0.0,48.6537,48.983,2.11356,1,1,0,0,0,0,0,0,0,0,0,0,0.0,0.0,0.0,0.0,0.0,0.0,0.0,0,0,0.0,0.0,0.0,0.0,1.0,51.60203,48.6537,2.059356,0.0,0.0,0.0,0.0,0.0,0.0,0.0,0.0,0.0,0.0,0.0,0,0.0,0.0,0,0,0,0,0,0,0,0,0,0,0,0,0,0,0,0,0
1,214.705,21,SCARH_Black,0.0,0.0,0.0,0.0,0.0,0.0,0.0,0.0,0.0,48.6537,56.149,1.97736,1,1,0,0,0,0,0,0,0,0,0,0,0.0,0.0,0.0,0.0,0.0,0.0,0.0,0,0,0.0,0.0,0.0,0.0,1.0,51.91187,48.6537,2.053332,0.0,0.0,0.0,0.0,0.0,0.0,0.0,0.0,0.0,0.0,0.0,0,0.0,0.0,0,0,0,0,0,0,0,0,0,0,0,0,0,0,0,0,0
1,215.711,21,SCARH_Black,0.0,0.0,0.0,0.0,0.0,0.0,0.0,0.0,0.0,48.6537,56.0731,1.98533,1,1,0,0,0,0,0,0,0,0,0,0,0.0,0.0,0.0,0.0,0.0,0.0,0.0,0,0,0.0,0.0,0.0,0.0,1.0,51.80251,48.6537,2.058345,0.0,0.0,0.0,0.0,0.0,0.0,0.0,0.0,0.0,0.0,0.0,0,0.0,0.0,0,0,0,0,0,0,0,0,0,0,0,0,0,0,0,0,0
1,216.706,21,SCARH_Black,0.0,0.0,0.0,0.0,0.0,0.0,0.0,0.0,0.0,48.983,60.2178,1.86259,1,1,0,0,0,0,0,0,0,0,0,0,0.0,0.0,0.0,0.0,0.0,0.0,0.0,0,0,0.0,0.0,0.0,0.0,1.0,52.44775,48.6537,2.042084,0.0,0.0,0.0,0.0,0.0,0.0,0.0,0.0,0.0,0.0,0.0,0,0.0,0.0,0,0,0,0,0,0,0,0,0,0,0,0,0,0,0,0,0
1,217.707,21,SCARH_Black,0.0,0.0,0.0,0.0,0.0,0.0,0.0,0.0,0.0,48.983,60.1268,1.86478,1,1,0,0,0,0,0,0,0,0,0,0,0.0,0.0,0.0,0.0,0.0,0.0,0.0,0,0,0.0,0.0,0.0,0.0,1.0,53.07628999999999,48.6537,2.026152,0.0,0.0,0.0,0.0,0.0,0.0,0.0,0.0,0.0,0.0,0.0,0,0.0,0.0,0,0,0,0,0,0,0,0,0,0,0,0,0,0,0,0,0
1,218.709,21,SCARH_Black,0.0,0.0,0.0,0.0,0.0,0.0,0.0,0.0,0.0,56.0731,60.1322,1.86448,1,1,0,0,0,0,0,0,0,0,0,0,0.0,0.0,0.0,0.0,0.0,0.0,0.0,0,0,0.0,0.0,0.0,0.0,1.0,53.71097999999999,48.6537,2.010087,0.0,0.0,0.0,0.0,0.0,0.0,0.0,0.0,0.0,0.0,0.0,0,0.0,0.0,0,0,0,0,0,0,0,0,0,0,0,0,0,0,0,0,0
1,219.714,21,SCARH_Black,0.0,0.0,0.0,0.0,0.0,0.0,0.0,0.0,0.0,56.0731,60.2221,1.8626,1,1,0,0,0,0,0,0,0,0,0,0,0.0,0.0,0.0,0.0,0.0,0.0,0.0,0,0,0.0,0.0,0.0,0.0,1.0,54.86454,48.6537,1.983181,0.0,0.0,0.0,0.0,0.0,0.0,0.0,0.0,0.0,0.0,0.0,0,0.0,0.0,0,0,0,0,0,0,0,0,0,0,0,0,0,0,0,0,0
1,220.708,22,SCARH_Black,0.0,0.0,0.0,0.0,0.0,0.0,0.0,0.0,0.0,60.1268,60.1416,1.865,1,1,0,0,0,0,0,0,0,0,0,0,0.0,0.0,0.0,0.0,0.0,0.0,0.0,0,0,0.0,0.0,0.0,0.0,1.0,56.00698,48.6537,1.956655,0.0,0.0,0.0,0.0,0.0,0.0,0.0,0.0,0.0,0.0,0.0,0,0.0,0.0,0,0,0,0,0,0,0,0,0,0,0,0,0,0,0,0,0
1,221.714,22,SCARH_Black,0.0,0.0,0.0,0.0,0.0,0.0,0.0,0.0,0.0,60.1268,60.1718,1.86335,1,1,0,0,0,0,0,0,0,0,0,0,0.0,0.0,0.0,0.0,0.0,0.0,0.0,0,0,0.0,0.0,0.0,0.0,1.0,57.158789999999996,48.983,1.930312,0.0,0.0,0.0,0.0,0.0,0.0,0.0,0.0,0.0,0.0,0.0,0,0.0,0.0,0,0,0,0,0,0,0,0,0,0,0,0,0,0,0,0,0
1,222.717,22,SCARH_Black,0.0,0.0,0.0,0.0,0.0,0.0,0.0,0.0,0.0,60.1322,60.1687,1.86394,1,1,0,0,0,0,0,0,0,0,0,0,0.0,0.0,0.0,0.0,0.0,0.0,0.0,0,0,0.0,0.0,0.0,0.0,1.0,58.238609999999994,48.983,1.9122989999999997,0.0,0.0,0.0,0.0,0.0,0.0,0.0,0.0,0.0,0.0,0.0,0,0.0,0.0,0,0,0,0,0,0,0,0,0,0,0,0,0,0,0,0,0
1,223.714,22,SCARH_Black,0.0,0.0,0.0,0.0,0.0,0.0,0.0,0.0,0.0,60.0794,60.0794,1.86646,1,1,0,0,0,0,0,0,0,0,0,0,0.0,0.0,0.0,0.0,0.0,0.0,0.0,0,0,0.0,0.0,0.0,0.0,1.0,59.34824999999999,56.0731,1.8875889999999997,0.0,0.0,0.0,0.0,0.0,0.0,0.0,0.0,0.0,0.0,0.0,0,0.0,0.0,0,0,0,0,0,0,0,0,0,0,0,0,0,0,0,0,0
1,224.723,22,SCARH_Black,0.0,0.0,0.0,0.0,0.0,0.0,0.0,0.0,0.0,60.0794,60.1582,1.86388,1,1,0,0,0,0,0,0,0,0,0,0,0.0,0.0,0.0,0.0,0.0,0.0,0.0,0,0,0.0,0.0,0.0,0.0,1.0,59.74916999999999,56.0731,1.8762409999999998,0.0,0.0,0.0,0.0,0.0,0.0,0.0,0.0,0.0,0.0,0.0,0,0.0,0.0,0,0,0,0,0,0,0,0,0,0,0,0,0,0,0,0,0
1,225.726,22,SCARH_Black,0.0,0.0,0.0,0.0,0.0,0.0,0.0,0.0,0.0,60.0794,60.1736,1.86399,1,1,0,0,0,0,0,0,0,0,0,0,0.0,0.0,0.0,0.0,0.0,0.0,0.0,0,0,0.0,0.0,0.0,0.0,1.0,60.15921999999999,60.0794,1.8641070000000002,0.0,0.0,0.0,0.0,0.0,0.0,0.0,0.0,0.0,0.0,0.0,0,0.0,0.0,0,0,0,0,0,0,0,0,0,0,0,0,0,0,0,0,0
1,226.732,22,SCARH_Black,0.0,0.0,0.0,0.0,0.0,0.0,0.0,0.0,0.0,60.0794,60.1736,1.86399,1,1,0,0,0,0,0,0,0,0,0,0,0.0,0.0,0.0,0.0,0.0,0.0,0.0,0,0,0.0,0.0,0.0,0.0,1.0,60.1548,60.0794,1.864247,0.0,0.0,0.0,0.0,0.0,0.0,0.0,0.0,0.0,0.0,0.0,0,0.0,0.0,0,0,0,0,0,0,0,0,0,0,0,0,0,0,0,0,0
1,227.726,22,SCARH_Black,0.0,0.0,0.0,0.0,0.0,0.0,0.0,0.0,0.0,60.0794,60.1736,1.86399,1,1,0,0,0,0,0,0,0,0,0,0,0.0,0.0,0.0,0.0,0.0,0.0,0.0,0,0,0.0,0.0,0.0,0.0,1.0,60.159479999999995,60.0794,1.864168,0.0,0.0,0.0,0.0,0.0,0.0,0.0,0.0,0.0,0.0,0.0,0,0.0,0.0,0,0,0,0,0,0,0,0,0,0,0,0,0,0,0,0,0
1,228.727,22,SCARH_Black,0.0,0.0,0.0,0.0,0.0,0.0,0.0,0.0,0.0,60.1582,60.1736,1.86399,1,1,0,0,0,0,0,0,0,0,0,0,0.0,0.0,0.0,0.0,0.0,0.0,0.0,0,0,0.0,0.0,0.0,0.0,1.0,60.163619999999995,60.0794,1.864119,0.0,0.0,0.0,0.0,0.0,0.0,0.0,0.0,0.0,0.0,0.0,0,0.0,0.0,0,0,0,0,0,0,0,0,0,0,0,0,0,0,0,0,0
1,229.73,22,SCARH_Black,0.0,0.0,0.0,0.0,0.0,0.0,0.0,0.0,0.0,60.147,60.147,1.86409,1,1,0,0,0,0,0,0,0,0,0,0,0.0,0.0,0.0,0.0,0.0,0.0,0.0,0,0,0.0,0.0,0.0,0.0,1.0,60.15611,60.0794,1.8642679999999998,0.0,0.0,0.0,0.0,0.0,0.0,0.0,0.0,0.0,0.0,0.0,0,0.0,0.0,0,0,0,0,0,0,0,0,0,0,0,0,0,0,0,0,0
1,230.723,23,SCARH_Black,0.0,0.0,0.0,0.0,0.0,0.0,0.0,0.0,0.0,60.147,60.147,1.86409,1,1,0,0,0,0,0,0,0,0,0,0,0.0,0.0,0.0,0.0,0.0,0.0,0.0,0,0,0.0,0.0,0.0,0.0,1.0,60.15664999999999,60.0794,1.8641770000000002,0.0,0.0,0.0,0.0,0.0,0.0,0.0,0.0,0.0,0.0,0.0,0,0.0,0.0,0,0,0,0,0,0,0,0,0,0,0,0,0,0,0,0,0
1,231.727,23,SCARH_Black,0.0,0.0,0.0,0.0,0.0,0.0,0.0,0.0,0.0,60.147,60.147,1.86409,1,1,0,0,0,0,0,0,0,0,0,0,0.0,0.0,0.0,0.0,0.0,0.0,0.0,0,0,0.0,0.0,0.0,0.0,1.0,60.15417,60.0794,1.864251,0.0,0.0,0.0,0.0,0.0,0.0,0.0,0.0,0.0,0.0,0.0,0,0.0,0.0,0,0,0,0,0,0,0,0,0,0,0,0,0,0,0,0,0
1,232.726,23,SCARH_Black,0.0,0.0,0.0,0.0,0.0,0.0,0.0,0.0,0.0,60.147,60.147,1.86409,1,1,0,0,0,0,0,0,0,0,0,0,0.0,0.0,0.0,0.0,0.0,0.0,0.0,0,0,0.0,0.0,0.0,0.0,1.0,60.15200000000001,60.0794,1.8642660000000002,0.0,0.0,0.0,0.0,0.0,0.0,0.0,0.0,0.0,0.0,0.0,0,0.0,0.0,0,0,0,0,0,0,0,0,0,0,0,0,0,0,0,0,0
1,233.726,23,SCARH_Black,0.0,0.0,0.0,0.0,0.0,0.0,0.0,0.0,0.0,60.147,60.147,1.86409,1,1,0,0,0,0,0,0,0,0,0,0,0.0,0.0,0.0,0.0,0.0,0.0,0.0,0,0,0.0,0.0,0.0,0.0,1.0,60.158759999999994,60.147,1.864029,0.0,0.0,0.0,0.0,0.0,0.0,0.0,0.0,0.0,0.0,0.0,0,0.0,0.0,0,0,0,0,0,0,0,0,0,0,0,0,0,0,0,0,0
1,234.726,23,SCARH_Black,0.0,0.0,0.0,0.0,0.0,0.0,0.0,0.0,0.0,60.147,60.147,1.86409,1,1,0,0,0,0,0,0,0,0,0,0,0.0,0.0,0.0,0.0,0.0,0.0,0.0,0,0,0.0,0.0,0.0,0.0,1.0,60.15764,60.147,1.86405,0.0,0.0,0.0,0.0,0.0,0.0,0.0,0.0,0.0,0.0,0.0,0,0.0,0.0,0,0,0,0,0,0,0,0,0,0,0,0,0,0,0,0,0
1,235.729,23,SCARH_Black,0.0,0.0,0.0,0.0,0.0,0.0,0.0,0.0,0.0,60.147,60.147,1.86409,1,1,0,0,0,0,0,0,0,0,0,0,0.0,0.0,0.0,0.0,0.0,0.0,0.0,0,0,0.0,0.0,0.0,0.0,1.0,60.15498,60.147,1.8640599999999998,0.0,0.0,0.0,0.0,0.0,0.0,0.0,0.0,0.0,0.0,0.0,0,0.0,0.0,0,0,0,0,0,0,0,0,0,0,0,0,0,0,0,0,0
1,236.73,23,SCARH_Black,0.0,0.0,0.0,0.0,0.0,0.0,0.0,0.0,0.0,60.147,60.147,1.86409,1,1,0,0,0,0,0,0,0,0,0,0,0.0,0.0,0.0,0.0,0.0,0.0,0.0,0,0,0.0,0.0,0.0,0.0,1.0,60.152319999999996,60.147,1.8640700000000003,0.0,0.0,0.0,0.0,0.0,0.0,0.0,0.0,0.0,0.0,0.0,0,0.0,0.0,0,0,0,0,0,0,0,0,0,0,0,0,0,0,0,0,0
1,237.735,23,SCARH_Black,0.0,0.0,0.0,0.0,0.0,0.0,0.0,0.0,0.0,60.147,60.1832,1.86354,1,1,0,0,0,0,0,0,0,0,0,0,0.0,0.0,0.0,0.0,0.0,0.0,0.0,0,0,0.0,0.0,0.0,0.0,1.0,60.153279999999995,60.147,1.8640250000000003,0.0,0.0,0.0,0.0,0.0,0.0,0.0,0.0,0.0,0.0,0.0,0,0.0,0.0,0,0,0,0,0,0,0,0,0,0,0,0,0,0,0,0,0
1,238.73,23,SCARH_Black,0.0,0.0,0.0,0.0,0.0,0.0,0.0,0.0,0.0,60.0977,60.0977,1.86566,1,1,0,0,0,0,0,0,0,0,0,0,0.0,0.0,0.0,0.0,0.0,0.0,0.0,0,0,0.0,0.0,0.0,0.0,1.0,60.14569,60.0977,1.8641919999999998,0.0,0.0,0.0,0.0,0.0,0.0,0.0,0.0,0.0,0.0,0.0,0,0.0,0.0,0,0,0,0,0,0,0,0,0,0,0,0,0,0,0,0,0
1,239.733,23,SCARH_Black,0.0,0.0,0.0,0.0,0.0,0.0,0.0,0.0,0.0,60.0977,60.0977,1.86543,1,1,0,0,0,0,0,0,0,0,0,0,0.0,0.0,0.0,0.0,0.0,0.0,0.0,0,0,0.0,0.0,0.0,0.0,1.0,60.14076,60.0977,1.8643260000000001,0.0,0.0,0.0,0.0,0.0,0.0,0.0,0.0,0.0,0.0,0.0,0,0.0,0.0,0,0,0,0,0,0,0,0,0,0,0,0,0,0,0,0,0
1,240.733,24,SCARH_Black,0.0,0.0,0.0,0.0,0.0,0.0,0.0,0.0,0.0,60.0977,60.1926,1.86346,1,1,0,0,0,0,0,0,0,0,0,0,0.0,0.0,0.0,0.0,0.0,0.0,0.0,0,0,0.0,0.0,0.0,0.0,1.0,60.145320000000005,60.0977,1.864263,0.0,0.0,0.0,0.0,0.0,0.0,0.0,0.0,0.0,0.0,0.0,0,0.0,0.0,0,0,0,0,0,0,0,0,0,0,0,0,0,0,0,0,0
1,241.735,24,SCARH_Black,0.0,0.0,0.0,0.0,0.0,0.0,0.0,0.0,0.0,60.0977,60.1122,1.86586,1,1,0,0,0,0,0,0,0,0,0,0,0.0,0.0,0.0,0.0,0.0,0.0,0.0,0,0,0.0,0.0,0.0,0.0,1.0,60.14184,60.0977,1.86444,0.0,0.0,0.0,0.0,0.0,0.0,0.0,0.0,0.0,0.0,0.0,0,0.0,0.0,0,0,0,0,0,0,0,0,0,0,0,0,0,0,0,0,0
1,242.738,24,SCARH_Black,0.0,0.0,0.0,0.0,0.0,0.0,0.0,0.0,0.0,60.0977,60.1405,1.86433,1,1,0,0,0,0,0,0,0,0,0,0,0.0,0.0,0.0,0.0,0.0,0.0,0.0,0,0,0.0,0.0,0.0,0.0,1.0,60.141189999999995,60.0977,1.864464,0.0,0.0,0.0,0.0,0.0,0.0,0.0,0.0,0.0,0.0,0.0,0,0.0,0.0,0,0,0,0,0,0,0,0,0,0,0,0,0,0,0,0,0
1,243.745,24,SCARH_Black,1.8595482479424037,1.8466218946796464,0.4670478573503109,0.4670478573503109,0.208870151556184,0.9999999999857405,0.1476935005528396,0.049999999999287024,0.0208870151556184,34.0192,34.0192,2.88456,1,1,0,0,0,0,0,0,0,0,0,0,0.0,0.0,0.0,0.0,0.0,0.0,0.0,0,0,0.0,0.0,0.0,0.0,1.0,57.52841000000001,34.0192,1.9665110000000001,0.04670478573503109,0.1476935005528396,0.04670478573503105,0.0,0.0,0.0,0.0,0.0,0.0,0.0,0.0,0,0.0,0.0,0,0,0,0,0,0,0,0,0,0,0,0,0,0,0,0,0
1,244.746,24,SCARH_Black,0.4878767412437278,-1.370301205493183,0.22950551870241237,0.23754233864789853,0.20842814291278566,0.8343202922573136,0.15715803214221985,0.0917160146121527,0.04172982944689697,34.0192,34.9078,2.8075,1,1,0,0,0,0,0,0,0,0,0,0,0.0,0.0,0.0,0.0,0.0,0.0,0.0,0,0,0.0,0.0,0.0,0.0,1.0,55.00449,34.0192,2.0608519999999997,0.06965533760527233,0.15715803214221985,0.0704590195998209,0.0,0.0,0.0,0.0,0.0,0.0,0.0,0.0,0,0.0,0.0,0,0,0,0,0,0,0,0,0,0,0,0,0,0,0,0,0
1,245.747,24,SCARH_Black,0.5527103374076402,0.06476882733657581,0.06754475439037701,0.16196076431203538,0.1991228185233349,0.5065244058767007,0.15527187007216728,0.11704223490598772,0.06164211129923045,34.0192,42.4515,2.37069,1,1,0,0,0,0,0,0,0,0,0,0,0.0,0.0,0.0,0.0,0.0,0.0,0.0,0,0,0.0,0.0,0.0,0.0,1.0,53.234939999999995,34.0192,2.1115120000000003,0.07640981304431002,0.15527187007216728,0.08665509603102443,0.0,0.0,0.0,0.0,0.0,0.0,0.0,0.0,0,0.0,0.0,0,0,0,0,0,0,0,0,0,0,0,0,0,0,0,0,0
1,246.739,24,SCARH_Black,0.0,-0.557167678838347,0.0,0.06754475439037701,0.1991228185233349,0.5065244058767007,0.15527187007216728,0.14236845519982277,0.08155439315156394,34.0192,42.4594,2.37093,1,1,0,0,0,0,0,0,0,0,0,0,0.0,0.0,0.0,0.0,0.0,0.0,0.0,0,0,0.0,0.0,0.0,0.0,1.0,51.466179999999994,34.0192,2.162196,0.07640981304431002,0.15527187007216728,0.09340957147006214,0.0,0.0,0.0,0.0,0.0,0.0,0.0,0.0,0,0.0,0.0,0,0,0,0,0,0,0,0,0,0,0,0,0,0,0,0,0
1,247.743,24,SCARH_Black,0.0,0.0,0.0,0.0,0.1991228185233349,0.5065244058767007,0.15527187007216728,0.16769467549365782,0.10146667500389743,34.0192,42.4854,2.36971,1,1,0,0,0,0,0,0,0,0,0,0,0.0,0.0,0.0,0.0,0.0,0.0,0.0,0,0,0.0,0.0,0.0,0.0,1.0,49.6964,34.0192,2.212813,0.07640981304431002,0.15527187007216728,0.09340957147006214,0.0,0.0,0.0,0.0,0.0,0.0,0.0,0.0,0,0.0,0.0,0,0,0,0,0,0,0,0,0,0,0,0,0,0,0,0,0
1,248.748,24,SCARH_Black,0.0,0.0,0.0,0.0,0.09948279249651616,0.5065244058767007,0.15527187007216728,0.19302089578749285,0.11141495425354905,34.9078,42.46,2.37003,1,1,0,0,0,0,0,0,0,0,0,0,0.0,0.0,0.0,0.0,0.0,0.0,0.0,0,0,0.0,0.0,0.0,0.0,1.0,47.93263,34.0192,2.26325,0.07640981304431002,0.15527187007216728,0.09340957147006214,0.0,0.0,0.0,0.0,0.0,0.0,0.0,0.0,0,0.0,0.0,0,0,0,0,0,0,0,0,0,0,0,0,0,0,0,0,0
1,249.75,24,SCARH_Black,0.0,0.0,0.0,0.0,0.030206932468082072,0.5065244058767007,0.15527187007216728,0.21834711608132787,0.11443564750035726,42.4515,42.4583,2.3705,1,1,0,0,0,0,0,0,0,0,0,0,0.0,0.0,0.0,0.0,0.0,0.0,0.0,0,0,0.0,0.0,0.0,0.0,1.0,46.16869,34.0192,2.313757,0.07640981304431002,0.15527187007216728,0.09340957147006214,0.0,0.0,0.0,0.0,0.0,0.0,0.0,0.0,0,0.0,0.0,0,0,0,0,0,0,0,0,0,0,0,0,0,0,0,0,0
1,250.745,25,SCARH_Black,0.0,0.0,0.0,0.0,0.0,0.5065244058767007,0.15527187007216728,0.24367333637516292,0.11443564750035726,42.4445,42.4445,2.37185,1,1,0,0,0,0,0,0,0,0,0,0,0.0,0.0,0.0,0.0,0.0,0.0,0.0,0,0,0.0,0.0,0.0,0.0,1.0,44.39388,34.0192,2.3645959999999997,0.07640981304431002,0.15527187007216728,0.09340957147006214,0.0,0.0,0.0,0.0,0.0,0.0,0.0,0.0,0,0.0,0.0,0,0,0,0,0,0,0,0,0,0,0,0,0,0,0,0,0
1,251.757,25,SCARH_Black,0.0,0.0,0.0,0.0,0.0,0.5065244058767007,0.15527187007216728,0.26899955666899794,0.11443564750035726,42.4445,42.4547,2.37067,1,1,0,0,0,0,0,0,0,0,0,0,0.0,0.0,0.0,0.0,0.0,0.0,0.0,0,0,0.0,0.0,0.0,0.0,1.0,42.62813,34.0192,2.4150769999999997,0.07640981304431002,0.15527187007216728,0.09340957147006214,0.0,0.0,0.0,0.0,0.0,0.0,0.0,0.0,0,0.0,0.0,0,0,0,0,0,0,0,0,0,0,0,0,0,0,0,0,0
1,252.751,25,SCARH_Black,0.0,0.0,0.0,0.0,0.0,0.5065244058767007,0.15527187007216728,0.294325776962833,0.11443564750035726,42.4445,61.2213,5.11948,1,1,0,0,0,0,0,0,0,0,0,0,0.0,0.0,0.0,0.0,0.0,0.0,0.0,0,0,0.0,0.0,0.0,0.0,1.0,42.73621,34.0192,2.7405920000000004,0.07640981304431002,0.15527187007216728,0.09340957147006214,0.0,0.0,0.0,0.0,0.0,0.0,0.0,0.0,0,0.0,0.0,0,0,0,0,0,0,0,0,0,0,0,0,0,0,0,0,0
1,253.746,25,SCARH_Black,0.0,0.0,0.0,0.0,0.0,0.5065244058767007,0.0733418104843264,0.319651997256668,0.09354863234473887,42.4445,61.1444,5.12631,1,1,0,0,0,0,0,0,0,0,0,0,0.0,0.0,0.0,0.0,0.0,0.0,0.0,0,0,0.0,0.0,0.0,0.0,1.0,45.44873,34.9078,2.9647669999999997,0.029705027309278938,0.0733418104843264,0.04670478573503105,0.0,0.0,0.0,0.0,0.0,0.0,0.0,0.0,0,0.0,0.0,0,0,0,0,0,0,0,0,0,0,0,0,0,0,0,0,0
1,254.758,25,SCARH_Black,0.0,0.0,0.0,0.0,0.0,0.5065244058767007,0.02135952678702493,0.34497821755050306,0.0727058180534603,42.4445,61.2927,5.12025,1,1,0,0,0,0,0,0,0,0,0,0,0.0,0.0,0.0,0.0,0.0,0.0,0.0,0,0,0.0,0.0,0.0,0.0,1.0,48.08722,42.4445,3.1960420000000003,0.0067544754390377005,0.02135952678702493,0.02295055187024119,0.0,0.0,0.0,0.0,0.0,0.0,0.0,0.0,0,0.0,0.0,0,0,0,0,0,0,0,0,0,0,0,0,0,0,0,0,0
1,255.757,25,SCARH_Black,0.0,0.0,0.0,0.0,0.0,0.5065244058767007,0.0,0.3703044378443381,0.05279353620112681,42.4547,61.1211,5.13563,1,1,0,0,0,0,0,0,0,0,0,0,0.0,0.0,0.0,0.0,0.0,0.0,0.0,0,0,0.0,0.0,0.0,0.0,1.0,49.954179999999994,42.4445,3.4725360000000003,0.0,0.0,0.006754475439037656,0.0,0.0,0.0,0.0,0.0,0.0,0.0,0.0,0,0.0,0.0,0,0,0,0,0,0,0,0,0,0,0,0,0,0,0,0,0
1,256.756,25,SCARH_Black,0.0,0.0,0.0,0.0,0.0,0.5065244058767007,0.0,0.3956306581381731,0.03288125434879331,61.1211,61.2226,5.12598,1,1,0,0,0,0,0,0,0,0,0,0,0.0,0.0,0.0,0.0,0.0,0.0,0.0,0,0,0.0,0.0,0.0,0.0,1.0,51.83050000000001,42.4445,3.7480409999999997,0.0,0.0,0.0,0.0,0.0,0.0,0.0,0.0,0.0,0.0,0.0,0,0.0,0.0,0,0,0,0,0,0,0,0,0,0,0,0,0,0,0,0,0
1,257.762,25,SCARH_Black,0.0,0.0,0.0,0.0,0.0,0.5065244058767007,0.0,0.4209568784320082,0.012968972496459823,61.1211,61.218,5.12564,1,1,0,0,0,0,0,0,0,0,0,0,0.0,0.0,0.0,0.0,0.0,0.0,0.0,0,0,0.0,0.0,0.0,0.0,1.0,53.70376,42.4445,4.0236339999999995,0.0,0.0,0.0,0.0,0.0,0.0,0.0,0.0,0.0,0.0,0.0,0,0.0,0.0,0,0,0,0,0,0,0,0,0,0,0,0,0,0,0,0,0
1,258.761,25,SCARH_Black,0.0,0.0,0.0,0.0,0.0,0.5065244058767007,0.0,0.44628309872584315,0.003020693246808207,61.1211,61.2135,5.12342,1,1,0,0,0,0,0,0,0,0,0,0,0.0,0.0,0.0,0.0,0.0,0.0,0.0,0,0,0.0,0.0,0.0,0.0,1.0,55.57911,42.4445,4.298973,0.0,0.0,0.0,0.0,0.0,0.0,0.0,0.0,0.0,0.0,0.0,0,0.0,0.0,0,0,0,0,0,0,0,0,0,0,0,0,0,0,0,0,0
1,259.761,25,SCARH_Black,0.0,0.0,0.0,0.0,0.0,0.5065244058767007,0.0,0.4716093190196782,0.0,61.1211,61.2338,5.11899,1,1,0,0,0,0,0,0,0,0,0,0,0.0,0.0,0.0,0.0,0.0,0.0,0.0,0,0,0.0,0.0,0.0,0.0,1.0,57.45666,42.4445,4.573822,0.0,0.0,0.0,0.0,0.0,0.0,0.0,0.0,0.0,0.0,0.0,0,0.0,0.0,0,0,0,0,0,0,0,0,0,0,0,0,0,0,0,0,0
1,260.762,26,SCARH_Black,0.0,0.0,0.0,0.0,0.0,0.5065244058767007,0.0,0.49693553931351325,0.0,61.1541,61.1541,5.12587,1,1,0,0,0,0,0,0,0,0,0,0,0.0,0.0,0.0,0.0,0.0,0.0,0.0,0,0,0.0,0.0,0.0,0.0,1.0,59.32762,42.4547,4.8492239999999995,0.0,0.0,0.0,0.0,0.0,0.0,0.0,0.0,0.0,0.0,0.0,0,0.0,0.0,0,0,0,0,0,0,0,0,0,0,0,0,0,0,0,0,0
1,261.761,26,SCARH_Black,0.0,0.0,0.0,0.0,0.0,0.5065244058767007,0.0,0.5222617596073482,0.0,61.1541,61.2882,5.11932,1,1,0,0,0,0,0,0,0,0,0,0,0.0,0.0,0.0,0.0,0.0,0.0,0.0,0,0,0.0,0.0,0.0,0.0,1.0,61.210969999999996,61.1211,5.124089,0.0,0.0,0.0,0.0,0.0,0.0,0.0,0.0,0.0,0.0,0.0,0,0.0,0.0,0,0,0,0,0,0,0,0,0,0,0,0,0,0,0,0,0
1,262.755,26,SCARH_Black,0.0,0.0,0.0,0.0,0.0,0.5065244058767007,0.0,0.5475879799011834,0.0,61.151,61.151,5.13384,1,1,0,0,0,0,0,0,0,0,0,0,0.0,0.0,0.0,0.0,0.0,0.0,0.0,0,0,0.0,0.0,0.0,0.0,1.0,61.20394,61.1211,5.125525,0.0,0.0,0.0,0.0,0.0,0.0,0.0,0.0,0.0,0.0,0.0,0,0.0,0.0,0,0,0,0,0,0,0,0,0,0,0,0,0,0,0,0,0
1,263.758,26,SCARH_Black,0.0,0.0,0.0,0.0,0.0,0.7349136294531864,0.0,0.5343336613745555,0.0,61.151,61.1947,5.12879,1,1,0,0,0,0,0,0,0,0,0,0,0.0,0.0,0.0,0.0,0.0,0.0,0.0,0,0,0.0,0.0,0.0,0.0,1.0,61.20897,61.1211,5.125773000000001,0.0,0.0,0.0,0.0,0.0,0.0,0.0,0.0,0.0,0.0,0.0,0,0.0,0.0,0,0,0,0,0,0,0,0,0,0,0,0,0,0,0,0,0
1,264.758,26,SCARH_Black,0.0,0.0,0.0,0.0,0.0,0.9999999999999992,0.0,0.5426176467616899,0.0,61.151,61.2362,5.12326,1,1,0,0,0,0,0,0,0,0,0,0,0.0,0.0,0.0,0.0,0.0,0.0,0.0,0,0,0.0,0.0,0.0,0.0,1.0,61.203320000000005,61.1211,5.126074,0.0,0.0,0.0,0.0,0.0,0.0,0.0,0.0,0.0,0.0,0.0,0,0.0,0.0,0,0,0,0,0,0,0,0,0,0,0,0,0,0,0,0,0
1,265.758,26,SCARH_Black,0.0,0.0,0.0,0.0,0.0,0.0,0.0,0.5172914264678549,0.0,61.151,61.2114,5.12549,1,1,0,0,0,0,0,0,0,0,0,0,0.0,0.0,0.0,0.0,0.0,0.0,0.0,0,0,0.0,0.0,0.0,0.0,1.0,61.212349999999994,61.151,5.1250599999999995,0.0,0.0,0.0,0.0,0.0,0.0,0.0,0.0,0.0,0.0,0.0,0,0.0,0.0,0,0,0,0,0,0,0,0,0,0,0,0,0,0,0,0,0
1,266.765,26,SCARH_Black,0.0,0.0,0.0,0.0,0.0,0.0,0.0,0.4919652061740198,0.0,61.151,61.2434,5.11912,1,1,0,0,0,0,0,0,0,0,0,0,0.0,0.0,0.0,0.0,0.0,0.0,0.0,0,0,0.0,0.0,0.0,0.0,1.0,61.21443000000001,61.151,5.124374,0.0,0.0,0.0,0.0,0.0,0.0,0.0,0.0,0.0,0.0,0.0,0,0.0,0.0,0,0,0,0,0,0,0,0,0,0,0,0,0,0,0,0,0
1,267.765,26,SCARH_Black,0.0,0.0,0.0,0.0,0.0,0.0,0.0,0.4666389858801848,0.0,61.1714,61.1714,5.12456,1,1,0,0,0,0,0,0,0,0,0,0,0.0,0.0,0.0,0.0,0.0,0.0,0.0,0,0,0.0,0.0,0.0,0.0,1.0,61.20976999999999,61.151,5.124266,0.0,0.0,0.0,0.0,0.0,0.0,0.0,0.0,0.0,0.0,0.0,0,0.0,0.0,0,0,0,0,0,0,0,0,0,0,0,0,0,0,0,0,0
1,268.767,26,SCARH_Black,0.0,0.0,0.0,0.0,0.0,0.0,0.0,0.4413127655863498,0.0,61.1714,61.2663,5.11971,1,1,0,0,0,0,0,0,0,0,0,0,0.0,0.0,0.0,0.0,0.0,0.0,0.0,0,0,0.0,0.0,0.0,0.0,1.0,61.21505,61.151,5.123895,0.0,0.0,0.0,0.0,0.0,0.0,0.0,0.0,0.0,0.0,0.0,0,0.0,0.0,0,0,0,0,0,0,0,0,0,0,0,0,0,0,0,0,0
1,269.767,26,SCARH_Black,0.0,0.0,0.0,0.0,0.0,0.0,0.0,0.4159865452925147,0.0,61.1714,61.189,5.13066,1,1,0,0,0,0,0,0,0,0,0,0,0.0,0.0,0.0,0.0,0.0,0.0,0.0,0,0,0.0,0.0,0.0,0.0,1.0,61.210570000000004,61.151,5.125062000000001,0.0,0.0,0.0,0.0,0.0,0.0,0.0,0.0,0.0,0.0,0.0,0,0.0,0.0,0,0,0,0,0,0,0,0,0,0,0,0,0,0,0,0,0
1,270.773,27,SCARH_Black,0.0,0.0,0.0,0.0,0.0,0.0,0.0,0.39066032499867964,0.0,61.1646,61.1646,5.13114,1,1,0,0,0,0,0,0,0,0,0,0,0.0,0.0,0.0,0.0,0.0,0.0,0.0,0,0,0.0,0.0,0.0,0.0,1.0,61.21162,61.151,5.125589000000001,0.0,0.0,0.0,0.0,0.0,0.0,0.0,0.0,0.0,0.0,0.0,0,0.0,0.0,0,0,0,0,0,0,0,0,0,0,0,0,0,0,0,0,0
1,271.772,27,SCARH_Black,0.0,0.0,0.0,0.0,0.0,0.0,0.0,0.3653341047048446,0.0,61.1646,61.2535,5.12195,1,1,0,0,0,0,0,0,0,0,0,0,0.0,0.0,0.0,0.0,0.0,0.0,0.0,0,0,0.0,0.0,0.0,0.0,1.0,61.20815,61.151,5.125852,0.0,0.0,0.0,0.0,0.0,0.0,0.0,0.0,0.0,0.0,0.0,0,0.0,0.0,0,0,0,0,0,0,0,0,0,0,0,0,0,0,0,0,0
1,272.774,27,SCARH_Black,0.0,0.0,0.0,0.0,0.0,0.0,0.0,0.3400078844110096,0.0,61.1646,61.2118,5.12745,1,1,0,0,0,0,0,0,0,0,0,0,0.0,0.0,0.0,0.0,0.0,0.0,0.0,0,0,0.0,0.0,0.0,0.0,1.0,61.21423,61.1646,5.1252130000000005,0.0,0.0,0.0,0.0,0.0,0.0,0.0,0.0,0.0,0.0,0.0,0,0.0,0.0,0,0,0,0,0,0,0,0,0,0,0,0,0,0,0,0,0
1,273.771,27,SCARH_Black,0.0,0.0,0.0,0.0,0.0,0.0,0.0,0.3146816641171746,0.0,61.1646,61.2504,5.11936,1,1,0,0,0,0,0,0,0,0,0,0,0.0,0.0,0.0,0.0,0.0,0.0,0.0,0,0,0.0,0.0,0.0,0.0,1.0,61.2198,61.1646,5.12427,0.0,0.0,0.0,0.0,0.0,0.0,0.0,0.0,0.0,0.0,0.0,0,0.0,0.0,0,0,0,0,0,0,0,0,0,0,0,0,0,0,0,0,0
1,274.769,27,SCARH_Black,0.0,0.0,0.0,0.0,0.0,0.0,0.0,0.28935544382333955,0.0,61.1646,61.1894,5.12274,1,1,0,0,0,0,0,0,0,0,0,0,0.0,0.0,0.0,0.0,0.0,0.0,0.0,0,0,0.0,0.0,0.0,0.0,1.0,61.21512,61.1646,5.124218,0.0,0.0,0.0,0.0,0.0,0.0,0.0,0.0,0.0,0.0,0.0,0,0.0,0.0,0,0,0,0,0,0,0,0,0,0,0,0,0,0,0,0,0
1,275.778,27,SCARH_Black,0.9530874354942518,0.9445861600537679,1.770226769012074,1.770226769012074,0.7916694782201631,0.9999999999999996,0.5597948565078932,0.31402922352950446,0.0791669478220163,52.0851,52.0851,5.77533,1,1,0,0,0,0,0,0,0,0,0,0,0.0,0.0,0.0,0.0,0.0,0.0,0.0,0,0,0.0,0.0,0.0,0.0,1.0,60.30249,52.0851,5.189202,0.1770226769012074,0.5597948565078932,0.17702267690120738,0.0,0.0,0.0,0.0,0.0,0.0,0.0,0.0,0,0.0,0.0,0,0,0,0,0,0,0,0,0,0,0,0,0,0,0,0,0
1,276.768,27,SCARH_Black,2.452902972947578,1.5149651893467941,1.1410183728311578,0.6292083961809163,0.8277312495133952,0.8138612655782118,0.6314085588124564,0.32939606651458003,0.16194007277335581,21.6881,21.6881,5.04969,1,1,0,0,0,0,0,0,0,0,0,0,0.0,0.0,0.0,0.0,0.0,0.0,0.0,0,0,0.0,0.0,0.0,0.0,1.0,56.34696,21.6881,5.182259,0.29112451418432317,0.6314085588124564,0.239943516519299,0.0,0.0,0.0,0.0,0.0,0.0,0.0,0.0,0,0.0,0.0,0,0,0,0,0,0,0,0,0,0,0,0,0,0,0,0,0
1,277.774,27,SCARH_Black,1.8564000885228875,-0.5929452131458156,0.43833768252173944,0.7026806903094184,0.7719819695639847,0.8461494495129323,0.624125624378764,0.34637731869639166,0.2391382697297543,21.2076,21.2076,4.87074,1,1,0,0,0,0,0,0,0,0,0,0,0.0,0.0,0.0,0.0,0.0,0.0,0.0,0,0,0.0,0.0,0.0,0.0,1.0,52.35058,21.2076,5.156877,0.3349582824364971,0.624125624378764,0.31021158555024086,0.0,0.0,0.0,0.0,0.0,0.0,0.0,0.0,0,0.0,0.0,0,0,0,0,0,0,0,0,0,0,0,0,0,0,0,0,0
1,278.773,27,SCARH_Black,0.05390555362428701,-1.804298833732333,0.0,0.43833768252173944,0.7719819695639847,0.8276531000395395,0.624125624378764,0.36243375340453354,0.31633646668615273,21.0316,21.0316,4.84793,1,1,0,0,0,0,0,0,0,0,0,0,0.0,0.0,0.0,0.0,0.0,0.0,0.0,0,0,0.0,0.0,0.0,0.0,1.0,48.32711,21.0316,5.129699,0.3349582824364971,0.624125624378764,0.35404535380241475,0.0,0.0,0.0,0.0,0.0,0.0,0.0,0.0,0,0.0,0.0,0,0,0,0,0,0,0,0,0,0,0,0,0,0,0,0,0
1,279.768,27,SCARH_Black,0.0,-0.05417643580330353,0.0,0.0,0.7719819695639847,0.8276531000395395,0.624125624378764,0.37849018811267554,0.39353466364255124,21.0025,21.0025,4.85622,1,1,0,0,0,0,0,0,0,0,0,0,0.0,0.0,0.0,0.0,0.0,0.0,0.0,0,0,0.0,0.0,0.0,0.0,1.0,44.308460000000004,21.0025,5.1022549999999995,0.3349582824364971,0.624125624378764,0.35404535380241475,0.0,0.0,0.0,0.0,0.0,0.0,0.0,0.0,0,0.0,0.0,0,0,0,0,0,0,0,0,0,0,0,0,0,0,0,0,0
1,280.768,28,SCARH_Black,0.0,0.0,0.0,0.0,0.4987959856346128,0.8276531000395395,0.624125624378764,0.3945466228208175,0.4434142622060125,21.0025,21.0545,4.84896,1,1,0,0,0,0,0,0,0,0,0,0,0.0,0.0,0.0,0.0,0.0,0.0,0.0,0,0,0.0,0.0,0.0,0.0,1.0,40.29745,21.0025,5.074037,0.3349582824364971,0.624125624378764,0.35404535380241475,0.0,0.0,0.0,0.0,0.0,0.0,0.0,0.0,0,0.0,0.0,0,0,0,0,0,0,0,0,0,0,0,0,0,0,0,0,0
1,281.77,28,SCARH_Black,0.0,0.0,0.0,0.0,0.1960305710436661,0.8276531000395395,0.624125624378764,0.4106030575289594,0.4630173193103791,21.0025,21.0383,4.85233,1,1,0,0,0,0,0,0,0,0,0,0,0.0,0.0,0.0,0.0,0.0,0.0,0.0,0,0,0.0,0.0,0.0,0.0,1.0,36.27593,21.0025,5.0470749999999995,0.3349582824364971,0.624125624378764,0.35404535380241475,0.0,0.0,0.0,0.0,0.0,0.0,0.0,0.0,0,0.0,0.0,0,0,0,0,0,0,0,0,0,0,0,0,0,0,0,0,0
1,282.789,28,SCARH_Black,0.0,0.0,0.0,0.0,0.0,0.8276531000395395,0.624125624378764,0.42665949223710137,0.4630173193103791,21.0025,21.0307,4.85373,1,1,0,0,0,0,0,0,0,0,0,0,0.0,0.0,0.0,0.0,0.0,0.0,0.0,0,0,0.0,0.0,0.0,0.0,1.0,32.257819999999995,21.0025,5.019703000000001,0.3349582824364971,0.624125624378764,0.35404535380241475,0.0,0.0,0.0,0.0,0.0,0.0,0.0,0.0,0,0.0,0.0,0,0,0,0,0,0,0,0,0,0,0,0,0,0,0,0,0
1,283.784,28,SCARH_Black,0.0,0.0,0.0,0.0,0.0,0.8276531000395395,0.624125624378764,0.431296465766419,0.4630173193103791,21.0025,21.0255,4.85011,1,1,0,0,0,0,0,0,0,0,0,0,0.0,0.0,0.0,0.0,0.0,0.0,0.0,0,0,0.0,0.0,0.0,0.0,1.0,28.235329999999998,21.0025,4.9927779999999995,0.3349582824364971,0.624125624378764,0.35404535380241475,0.0,0.0,0.0,0.0,0.0,0.0,0.0,0.0,0,0.0,0.0,0,0,0,0,0,0,0,0,0,0,0,0,0,0,0,0,0
1,284.784,28,SCARH_Black,1.3375350466061073,1.3375350466061073,0.11454584925627066,0.11454584925627066,0.05122646109549298,0.6139905464458604,0.6183191974687035,0.4119959930887121,0.4681399654199284,21.0255,26.4483,3.63482,1,1,0,0,0,0,0,0,0,0,0,0,0.0,0.0,0.0,0.0,0.0,0.0,0.0,0,0,0.0,0.0,0.0,0.0,1.0,24.76122,21.0025,4.843986,0.3464128673621242,0.6183191974687035,0.3654999387280419,0.0,0.0,0.0,0.0,0.0,0.0,0.0,0.0,0,0.0,0.0,0,0,0,0,0,0,0,0,0,0,0,0,0,0,0,0,0
1,285.788,28,SCARH_Black,0.5176408948284219,-0.816627641212834,0.0009909359200839596,0.1135549133361867,0.051117472037603175,0.5676175546312738,0.3681663890907207,0.4403768708202757,0.3940847648016724,21.0255,30.7902,3.15894,1,1,0,1,0,0,0,0,0,0,0,0,0.0,0.0,0.0,0.0,0.0,0.0,0.0,0,0,0.0,0.0,0.0,0.0,1.0,22.63173,21.0025,4.582347,0.16948928405292518,0.3681663890907207,0.1998327531604531,0.0,0.0,0.0,0.0,0.0,0.0,0.0,0.0,0,0.0,0.0,0,0,0,0,0,0,0,0,0,0,0,0,0,0,0,0,0
1,286.782,28,SCARH_Black,0.5292936192340113,0.011723062782283097,0.055305422267972935,0.05431448634788898,0.05085029817805069,0.5330195353793739,0.13792523471983728,0.4670278475892444,0.31639666966813795,21.0255,36.1377,2.73208,1,1,0,1,0,0,0,0,0,0,0,0,0.0,0.0,0.0,0.0,0.0,0.0,0.0,0,0,0.0,0.0,0.0,0.0,1.0,24.07669,21.0025,4.350586,0.0609179889966067,0.13792523471983728,0.14234336217715038,0.0,0.0,0.0,0.0,0.0,0.0,0.0,0.0,0,0.0,0.0,0,0,0,0,0,0,0,0,0,0,0,0,0,0,0,0,0
1,287.779,28,SCARH_Black,0.0,-0.530886278068216,0.0,0.055305422267972935,0.05085029817805069,0.5330195353793739,0.03838650990420771,0.49367882435821314,0.2442835025295446,21.0255,36.221,2.72639,1,1,0,0,0,0,0,0,0,0,0,0,0.0,0.0,0.0,0.0,0.0,0.0,0.0,0,0,0.0,0.0,0.0,0.0,1.0,25.578030000000002,21.0025,4.136151,0.017084220744432756,0.03838650990420771,0.07760583537300583,0.0,0.0,0.0,0.0,0.0,0.0,0.0,0.0,0,0.0,0.0,0,0,0,0,0,0,0,0,0,0,0,0,0,0,0,0,0
1,288.786,28,SCARH_Black,0.0,0.0,0.0,0.0,0.05085029817805069,0.5330195353793739,0.03838650990420771,0.5203298011271819,0.1721703353909512,26.4483,36.1915,2.72767,1,1,0,0,0,0,0,0,0,0,0,0,0.0,0.0,0.0,0.0,0.0,0.0,0.0,0,0,0.0,0.0,0.0,0.0,1.0,27.09402,21.0025,3.924125,0.017084220744432756,0.03838650990420771,0.03377206712083188,0.0,0.0,0.0,0.0,0.0,0.0,0.0,0.0,0,0.0,0.0,0,0,0,0,0,0,0,0,0,0,0,0,0,0,0,0,0
1,289.78,28,SCARH_Black,0.0,0.0,0.0,0.0,0.024626285231378827,0.5330195353793739,0.03838650990420771,0.5469807778961505,0.0974347669576906,30.7902,36.1282,2.73261,1,1,0,0,0,0,0,0,0,0,0,0,0.0,0.0,0.0,0.0,0.0,0.0,0.0,0,0,0.0,0.0,0.0,0.0,1.0,28.60659,21.0255,3.711764,0.017084220744432756,0.03838650990420771,0.03377206712083188,0.0,0.0,0.0,0.0,0.0,0.0,0.0,0.0,0,0.0,0.0,0,0,0,0,0,0,0,0,0,0,0,0,0,0,0,0,0
1,290.788,29,SCARH_Black,0.0,0.0,0.0,0.0,0.024733336743103608,0.5330195353793739,0.03838650990420771,0.5736317546651193,0.05002850206853968,36.1282,36.235,2.72417,1,1,0,0,0,0,0,0,0,0,0,0,0.0,0.0,0.0,0.0,0.0,0.0,0.0,0,0,0.0,0.0,0.0,0.0,1.0,30.12464,21.0255,3.4992849999999995,0.017084220744432756,0.03838650990420771,0.03377206712083188,0.0,0.0,0.0,0.0,0.0,0.0,0.0,0.0,0,0.0,0.0,0,0,0,0,0,0,0,0,0,0,0,0,0,0,0,0,0
1,291.789,29,SCARH_Black,0.0,0.0,0.0,0.0,0.0,0.5330195353793739,0.03838650990420771,0.600282731434088,0.030425444964173064,36.0384,36.0384,2.7408,1,1,0,0,0,0,0,0,0,0,0,0,0.0,0.0,0.0,0.0,0.0,0.0,0.0,0,0,0.0,0.0,0.0,0.0,1.0,31.624649999999995,21.0255,3.288132,0.017084220744432756,0.03838650990420771,0.03377206712083188,0.0,0.0,0.0,0.0,0.0,0.0,0.0,0.0,0,0.0,0.0,0,0,0,0,0,0,0,0,0,0,0,0,0,0,0,0,0
1,292.785,29,sem_arma,0.0,0.0,0.0,0.0,0.0,0.5330195353793739,0.03838650990420771,0.6269337082030566,0.030425444964173064,36.0384,36.2073,2.72591,1,1,0,0,0,0,0,0,0,0,0,0,0.0,0.0,0.0,0.0,0.0,0.0,0.0,0,0,0.0,0.0,0.0,0.0,1.0,33.142309999999995,21.0255,3.07535,0.017084220744432756,0.03838650990420771,0.03377206712083188,0.0,0.0,0.0,0.0,0.0,0.0,0.0,0.0,0,0.0,0.0,0,0,0,0,0,0,0,0,0,0,0,0,0,0,0,0,0
1,293.793,29,sem_arma,0.0,0.0,0.7280426873111958,0.7280426873111958,0.3255905878698915,0.5330195353793739,0.22740741031936015,0.6535846849720253,0.06298450375116221,36.0384,53.1038,2.73141,1,1,0,0,0,0,0,0,0,0,0,0,0.0,0.0,0.0,0.0,0.0,0.0,0.0,0,0,0.0,0.0,0.0,0.0,1.0,36.350139999999996,26.4483,2.86348,0.08988848947555234,0.22740741031936015,0.10657633585195145,0.0,0.0,0.0,0.0,0.0,0.0,0.0,0.0,0,0.0,0.0,0,0,0,0,0,0,0,0,0,0,0,0,0,0,0,0,0
1,294.797,29,sem_arma,1.9652835664593546,1.9574537514535404,0.2815722532608326,0.44647043405036324,0.3183805202538458,0.3132038654220065,0.23541265668737862,0.6692448782431256,0.0896999096669975,36.0384,85.0436,2.44081,1,1,0,0,0,0,0,0,0,0,0,0,0.0,0.0,0.0,0.0,0.0,0.0,0.0,0,0,0.0,0.0,0.0,0.0,1.0,42.20967,30.7902,2.744079,0.10659112987600854,0.23541265668737862,0.13976879433136072,0.0,0.0,0.0,0.0,0.0,0.0,0.0,0.0,0,0.0,0.0,0,0,0,0,0,0,0,0,0,0,0,0,0,0,0,0,0
1,295.796,29,sem_arma,4.145074922299655,2.1819733291694696,0.22037246629954224,0.06119978696129033,0.29804333076085715,0.3556683506060872,0.2346993434458268,0.63702829577343,0.11439249553932289,36.0384,111.223,5.57506,1,1,0,0,0,0,0,0,0,0,0,0,0.0,0.0,0.0,0.0,0.0,0.0,0.0,0,0,0.0,0.0,0.0,0.0,1.0,50.25295,36.0384,2.985691,0.12852928291395435,0.2346993434458268,0.13453328169387108,0.0,0.0,0.0,0.0,0.0,0.0,0.0,0.0,0,0.0,0.0,0,0,0,0,0,0,0,0,0,0,0,0,0,0,0,0,0
1,296.794,29,sem_arma,4.096334055539185,-0.048838543848165515,0.5595250464170257,0.3391525801174835,0.2874414834925596,0.7074934193721836,0.2688919460339065,0.6317099034631286,0.1380516140707738,36.2073,96.9514,9.02917,1,1,0,0,0,0,0,0,0,0,0,0,0.0,0.0,0.0,0.0,0.0,0.0,0.0,0,0,0.0,0.0,0.0,0.0,1.0,56.334320000000005,36.0384,3.6153999999999997,0.17895124532885961,0.2688919460339065,0.16301709107083054,0.0,0.0,0.0,0.0,0.0,0.0,0.0,0.0,0,0.0,0.0,0,0,0,0,0,0,0,0,0,0,0,0,0,0,0,0,0
1,297.8,29,sem_arma,3.8024954725538667,-0.2920860665858039,1.3139412475263905,0.7544162011093648,0.43906662853016043,0.8455696686782026,0.4389710828827886,0.6316809144213921,0.17687324710598476,43.8211,43.8211,10.3424,1,1,0,0,0,0,0,0,0,0,0,0,0.0,0.0,0.0,0.0,0.0,0.0,0.0,0,0,0.0,0.0,0.0,0.0,1.0,57.09433,36.0384,4.377001,0.3103453700814987,0.4389710828827886,0.23292816895496973,0.0,0.0,0.0,0.0,0.0,0.0,0.0,0.0,0,0.0,0.0,0,0,0,0,0,0,0,0,0,0,0,0,0,0,0,0,0
1,298.803,29,sem_arma,3.428023631217759,-0.3733517859781732,1.0007761950357008,0.3131650524906897,0.4714821885176325,0.6793853639702362,0.47310859459612636,0.6242675276179269,0.21893643613994293,11.0697,11.0697,9.31057,1,1,0,0,0,0,0,0,0,0,0,0,0.0,0.0,0.0,0.0,0.0,0.0,0.0,0,0,0.0,0.0,0.0,0.0,1.0,54.58215,11.0697,5.035291,0.4104229895850688,0.47310859459612636,0.2642446742040387,0.0,0.0,0.0,0.0,0.0,0.0,0.0,0.0,0,0.0,0.0,0,0,0,0,0,0,0,0,0,0,0,0,0,0,0,0,0
1,299.797,29,sem_arma,4.135770542062543,0.7120190249947528,0.1370580787868419,0.863718116248859,0.504893477159236,0.43899919527264925,0.4617465072846548,0.6048348323795824,0.26696315533272863,11.0697,30.4161,7.12216,1,1,0,0,0,0,0,0,0,0,0,0,0.0,0.0,0.0,0.0,0.0,0.0,0.0,0,0,0.0,0.0,0.0,0.0,1.0,54.010940000000005,11.0697,5.474246,0.424128797463753,0.4617465072846548,0.3506164858289246,0.0,0.0,0.0,0.0,0.0,0.0,0.0,0.0,0,0.0,0.0,0,0,0,0,0,0,0,0,0,0,0,0,0,0,0,0,0
1,300.793,30,sem_arma,4.1556684575945155,0.019977826839329606,0.28949862138622395,0.15244054259938206,0.4910708155126509,0.3024999230419133,0.4408007404712933,0.5785771735297012,0.31359690320968336,11.0697,47.8476,6.92435,1,1,0,0,0,0,0,0,0,0,0,0,0.0,0.0,0.0,0.0,0.0,0.0,0.0,0,0,0.0,0.0,0.0,0.0,1.0,55.1722,11.0697,5.894264,0.45307865960237537,0.4408007404712933,0.3658605400888628,0.0,0.0,0.0,0.0,0.0,0.0,0.0,0.0,0,0.0,0.0,0,0,0,0,0,0,0,0,0,0,0,0,0,0,0,0,0
1,301.792,30,sem_arma,3.519255309167609,-0.6370501986255319,0.06591327953773567,0.22358534184848827,0.5609976111608233,0.21636568779465482,0.4337088038575517,0.5480128029174569,0.3696966643257657,11.0697,71.9916,7.39253,1,1,0,0,0,0,0,0,0,0,0,0,0.0,0.0,0.0,0.0,0.0,0.0,0.0,0,0,0.0,0.0,0.0,0.0,1.0,58.767520000000005,11.0697,6.359437,0.4596699875561489,0.4337088038575517,0.3882190742737116,0.0,0.0,0.0,0.0,0.0,0.0,0.0,0.0,0,0.0,0.0,0,0,0,0,0,0,0,0,0,0,0,0,0,0,0,0,0
1,302.803,30,sem_arma,0.2920835422399448,-3.1920591166445744,0.8063719576895774,0.7404586781518417,0.4186522855715648,0.2071208272719203,0.41322742246742594,0.5169861892790759,0.4115618928829222,11.0697,29.7492,7.31969,1,1,0,0,0,0,0,0,0,0,0,0,0.0,0.0,0.0,0.0,0.0,0.0,0.0,0,0,0.0,0.0,0.0,0.0,1.0,58.12171000000001,11.0697,6.818814999999999,0.5403071833251067,0.41322742246742594,0.46226494208889585,0.0,0.0,0.0,0.0,0.0,0.0,0.0,0.0,0,0.0,0.0,0,0,0,0,0,0,0,0,0,0,0,0,0,0,0,0,0
1,303.811,30,sem_arma,0.0,-0.2897654188888341,0.29901923890741755,0.5073527187821598,0.28980816965677053,0.2071208272719203,0.41384125577703623,0.4859595756406949,0.40798365106161005,16.0691,16.0691,7.32558,1,1,0,0,0,0,0,0,0,0,0,0,0.0,0.0,0.0,0.0,0.0,0.0,0.0,0,0,0.0,0.0,0.0,0.0,1.0,54.41823999999999,11.0697,7.278232,0.49740483848472883,0.41384125577703623,0.44019594523599215,0.0,0.0,0.0,0.0,0.0,0.0,0.0,0.0,0,0.0,0.0,0,0,0,0,0,0,0,0,0,0,0,0,0,0,0,0,0
1,304.81,30,SCARH_Black,0.7366714514421426,0.7374088603024451,0.22416457966638548,0.07485465924103207,0.27849093150972803,0.18790347851600211,0.41754949606057495,0.464655222244202,0.40399469218719836,13.5236,13.5236,6.98088,1,1,0,0,0,0,0,0,0,0,0,0,0.0,0.0,0.0,0.0,0.0,0.0,0.0,0,0,0.0,0.0,0.0,0.0,1.0,47.266239999999996,11.0697,7.732239,0.49166407112528415,0.41754949606057495,0.4030343677550591,0.0,0.0,0.0,0.0,0.0,0.0,0.0,0.0,0,0.0,0.0,0,0,0,0,0,0,0,0,0,0,0,0,0,0,0,0,0
1,305.806,30,SCARH_Black,0.0,-0.7396299713274525,1.4961005214706483e-08,0.22416456470538026,0.31810995468964043,0.1930358670761233,0.4387363473644191,0.4459261378664445,0.4060013545800767,13.5236,13.5421,6.99457,1,1,0,0,0,0,0,0,0,0,0,0,0.0,0.0,0.0,0.0,0.0,0.0,0.0,0,0,0.0,0.0,0.0,0.0,1.0,37.498149999999995,11.0697,7.8741900000000005,0.4696268259914304,0.4387363473644191,0.4193308455294681,0.0,0.0,0.0,0.0,0.0,0.0,0.0,0.0,0,0.0,0.0,0,0,0,0,0,0,0,0,0,0,0,0,0,0,0,0,0
1,306.803,30,SCARH_Black,3.162215623630938,3.171730816079176,0.20244272496297022,0.202442710001965,0.30061485506054136,0.09780192695781045,0.4450918903708718,0.4241652574453664,0.40731869173687485,13.5236,26.0937,3.98803,1,1,0,0,0,0,0,0,0,0,0,0,0.0,0.0,0.0,0.0,0.0,0.0,0.0,0,0,0.0,0.0,0.0,0.0,1.0,30.412380000000002,11.0697,7.370076,0.4339185938460249,0.4450918903708718,0.4056598585179162,0.0,0.0,0.0,0.0,0.0,0.0,0.0,0.0,0,0.0,0.0,0,0,0,0,0,0,0,0,0,0,0,0,0,0,0,0,0
1,307.801,30,SCARH_Black,0.48975348346328335,-2.677817775719093,0.002908264988078223,0.199534459974892,0.1364745224420465,0.08729756925580844,0.3370477055463478,0.40187915913918804,0.3770594811280635,13.5236,29.6448,3.55463,1,1,0,0,0,0,0,0,0,0,0,0,0.0,0.0,0.0,0.0,0.0,0.0,0.0,0,0,0.0,0.0,0.0,0.0,1.0,28.99475,11.0697,6.691298999999999,0.3028152955921936,0.3370477055463478,0.35017168440446894,0.0,0.0,0.0,0.0,0.0,0.0,0.0,0.0,0,0.0,0.0,0,0,0,0,0,0,0,0,0,0,0,0,0,0,0,0,0
1,308.804,30,SCARH_Black,0.0,-0.48828861761045206,1.4856591419588892e-08,0.002908250131486803,0.11655958094583481,0.08729756925580844,0.24193726990921544,0.3795930608330098,0.34156722037088366,13.5236,29.6288,3.55599,1,1,0,0,0,0,0,0,0,0,0,0,0.0,0.0,0.0,0.0,0.0,0.0,0.0,0,0,0.0,0.0,0.0,0.0,1.0,30.850659999999998,13.5236,6.1158410000000005,0.20273767757428268,0.24193726990921544,0.31914600416854866,0.0,0.0,0.0,0.0,0.0,0.0,0.0,0.0,0,0.0,0.0,0,0,0,0,0,0,0,0,0,0,0,0,0,0,0,0,0
1,309.81,30,SCARH_Black,0.0,0.0,1.4812287469033456e-08,4.430395055543561e-11,0.0902187694093948,0.08729756925580844,0.24982505924822077,0.35730696252683153,0.3000997495958996,13.5421,29.6871,3.55034,1,1,0,0,0,0,0,0,0,0,0,0,0.0,0.0,0.0,0.0,0.0,0.0,0.0,0,0,0.0,0.0,0.0,0.0,1.0,30.77776,13.5236,5.758659,0.18903187117682727,0.24982505924822077,0.23277419254809315,0.0,0.0,0.0,0.0,0.0,0.0,0.0,0.0,0,0.0,0.0,0,0,0,0,0,0,0,0,0,0,0,0,0,0,0,0,0
1,310.811,31,SCARH_Black,0.0,0.0,1.488627491892873e-08,7.398744989527364e-11,0.09021876941789965,0.08729756925580844,0.2536339384348735,0.33502086422065325,0.2600145449864244,26.0937,29.6082,3.55521,1,1,0,0,0,0,0,0,0,0,0,0,0.0,0.0,0.0,0.0,0.0,0.0,0.0,0,0,0.0,0.0,0.0,0.0,1.0,28.95382,13.5236,5.421745,0.16008201052683235,0.2536339384348735,0.21753013829555368,0.0,0.0,0.0,0.0,0.0,0.0,0.0,0.0,0,0.0,0.0,0,0,0,0,0,0,0,0,0,0,0,0,0,0,0,0,0
1,311.816,31,SCARH_Black,0.0,0.0,1.4827026063530008e-08,5.924885539872147e-11,0.0013006090028254546,0.08729756925580844,0.2571846747072617,0.312734765914475,0.20404484477062462,29.6082,29.6826,3.55081,1,1,0,0,0,0,0,0,0,0,0,0,0.0,0.0,0.0,0.0,0.0,0.0,0.0,0,0,0.0,0.0,0.0,0.0,1.0,24.722920000000002,13.5236,5.037573,0.1534906840557614,0.2571846747072617,0.19517160411662976,0.0,0.0,0.0,0.0,0.0,0.0,0.0,0.0,0,0.0,0.0,0,0,0,0,0,0,0,0,0,0,0,0,0,0,0,0,0
1,312.811,31,SCARH_Black,0.0,0.0,1.4976041400851914e-08,1.490153373219063e-10,6.491035990746471e-11,0.08729756925580844,0.1190599611641996,0.29044866760829674,0.1621796162199592,29.5808,29.5808,3.56137,1,1,0,0,0,0,0,0,0,0,0,0,0.0,0.0,0.0,0.0,0.0,0.0,0.0,0,0,0.0,0.0,0.0,0.0,1.0,24.70608,13.5236,4.661741,0.0728534897844078,0.1190599611641996,0.12112573631634711,0.0,0.0,0.0,0.0,0.0,0.0,0.0,0.0,0,0.0,0.0,0,0,0,0,0,0,0,0,0,0,0,0,0,0,0,0,0
1,313.814,31,SCARH_Black,0.0,0.0,1.4856591419588892e-08,1.1944998126302285e-10,6.491035990746471e-11,0.08729756925580844,0.08993386599130403,0.26816256930211846,0.1331987992607732,29.5748,29.5748,3.56077,1,1,0,0,0,0,0,0,0,0,0,0,0.0,0.0,0.0,0.0,0.0,0.0,0.0,0,0,0.0,0.0,0.0,0.0,1.0,26.056649999999998,13.5236,4.285259999999999,0.042951567379325185,0.08993386599130403,0.07039046445007613,0.0,0.0,0.0,0.0,0.0,0.0,0.0,0.0,0,0.0,0.0,0,0,0,0,0,0,0,0,0,0,0,0,0,0,0,0,0
1,314.816,31,SCARH_Black,0.0,0.0,1.4871418357133389e-08,1.482693754449704e-11,5.619374958542763e-11,0.04257895645893951,0.06392235489594997,0.2546313238539651,0.10534970611541974,29.5748,29.6632,3.55301,1,1,0,0,0,0,0,0,0,0,0,0,0.0,0.0,0.0,0.0,0.0,0.0,0.0,0,0,0.0,0.0,0.0,0.0,1.0,27.67061,13.5421,3.9424729999999997,0.02053511089982847,0.06392235489594997,0.06290499852745561,0.0,0.0,0.0,0.0,0.0,0.0,0.0,0.0,0,0.0,0.0,0,0,0,0,0,0,0,0,0,0,0,0,0,0,0,0,0
1,315.818,31,SCARH_Black,0.0,0.0,1.4871418357133389e-08,0.0,5.640078422782764e-11,0.1186409439403126,0.06392235489914774,0.24277995352067636,0.07353871065209579,29.5748,29.6197,3.55726,1,1,0,0,0,0,0,0,0,0,0,0,0.0,0.0,0.0,0.0,0.0,0.0,0.0,0,0,0.0,0.0,0.0,0.0,1.0,29.278370000000002,26.0937,3.598742,0.020535110890869783,0.06392235489914774,0.040488542056917584,0.0,0.0,0.0,0.0,0.0,0.0,0.0,0.0,0,0.0,0.0,0,0,0,0,0,0,0,0,0,0,0,0,0,0,0,0,0
1,316.811,31,SCARH_Black,0.0,0.0,1.5006204626231275e-08,1.3478626909788617e-10,6.936445241377305e-11,0.3112154142483604,0.0009196694332228337,0.2229660532644852,0.0434772251529781,29.5748,29.692,3.55056,1,1,0,0,0,0,0,0,0,0,0,0,0.0,0.0,0.0,0.0,0.0,0.0,0.0,0,0,0.0,0.0,0.0,0.0,1.0,29.6382,29.5748,3.5549950000000003,0.00029083989519322547,0.0009196694332228337,0.020244271070199712,0.0,0.0,0.0,0.0,0.0,0.0,0.0,0.0,0,0.0,0.0,0,0,0,0,0,0,0,0,0,0,0,0,0,0,0,0,0
1,317.828,31,SCARH_Black,0.0,0.0,1.4652075903488355e-08,3.541287227429197e-10,1.2700677875015596e-10,0.49370171953399206,1.1177490113477282e-08,0.20537265580727468,0.029829772921474117,29.5748,29.6239,3.55379,1,1,0,0,0,0,0,0,0,0,0,0,0.0,0.0,0.0,0.0,0.0,0.0,0.0,0,0,0.0,0.0,0.0,0.0,1.0,29.636110000000002,29.5748,3.5549109999999997,1.486159299355083e-08,1.1177490113477282e-08,0.00029082510812338626,0.0,0.0,0.0,0.0,0.0,0.0,0.0,0.0,0,0.0,0.0,0,0,0,0,0,0,0,0,0,0,0,0,0,0,0,0,0
1,318.82,31,SCARH_Black,0.0,0.0,1.502133184863675e-08,3.69255945148395e-10,1.4823814432237652e-10,0.6011546931578804,1.1177603324207909e-08,0.2014611222666569,0.018173814841714455,29.6197,29.6676,3.55143,1,1,0,0,0,0,0,0,0,0,0,0,0.0,0.0,0.0,0.0,0.0,0.0,0.0,0,0,0.0,0.0,0.0,0.0,1.0,29.63999,29.5748,3.554455,1.4878067036455616e-08,1.1177603324207909e-08,1.319003004878848e-10,0.0,0.0,0.0,0.0,0.0,0.0,0.0,0.0,0,0.0,0.0,0,0,0,0,0,0,0,0,0,0,0,0,0,0,0,0,0
1,319.819,31,SCARH_Black,0.0,0.0,1.4916077271118776e-08,1.052545775179738e-10,1.4859862891980247e-10,0.5256339380289311,1.1177583644874577e-08,0.20579285940447098,0.009151937915634836,29.6119,29.6119,3.55901,1,1,0,0,0,0,0,0,0,0,0,0,0.0,0.0,0.0,0.0,0.0,0.0,0.0,0,0,0.0,0.0,0.0,0.0,1.0,29.63247,29.5748,3.5553220000000003,1.4888446016664148e-08,1.1177583644874577e-08,1.379953631841386e-10,0.0,0.0,0.0,0.0,0.0,0.0,0.0,0.0,0,0.0,0.0,0,0,0,0,0,0,0,0,0,0,0,0,0,0,0,0,0
1,320.827,32,SCARH_Black,0.0,0.0,1.47828980097695e-08,1.3317926134927568e-10,1.569158701523562e-10,0.5411162271510415,1.1177633680424081e-08,0.21772367460992742,0.00013006098953645826,29.5546,29.5546,3.56199,1,1,0,0,0,0,0,0,0,0,0,0,0.0,0.0,0.0,0.0,0.0,0.0,0.0,0,0,0.0,0.0,0.0,0.0,1.0,29.62711,29.5546,3.556,1.4878108325748226e-08,1.1177633680424081e-08,1.4391454432953881e-10,0.0,0.0,0.0,0.0,0.0,0.0,0.0,0.0,0,0.0,0.0,0,0,0,0,0,0,0,0,0,0,0,0,0,0,0,0,0
1,321.817,32,SCARH_Black,0.0,0.0,1.5051677973583492e-08,2.6877996381399146e-10,1.6734096286764077e-10,0.8688439522717086,1.1177745361990967e-08,0.2503475878337801,1.0598800910542897e-10,29.5546,29.6719,3.5526,1,1,0,0,0,0,0,0,0,0,0,0,0.0,0.0,0.0,0.0,0.0,0.0,0.0,0,0,0.0,0.0,0.0,0.0,1.0,29.62604,29.5546,3.556179,1.4900573516753572e-08,1.1177745361990967e-08,1.6486765517106583e-10,0.0,0.0,0.0,0.0,0.0,0.0,0.0,0.0,0,0.0,0.0,0,0,0,0,0,0,0,0,0,0,0,0,0,0,0,0,0
1,322.82,32,SCARH_Black,0.0,0.0,1.4856591419588892e-08,1.9508655399460048e-10,1.1211255543213419e-10,0.9092708143130511,1.1177719577621491e-08,0.2854550871858366,1.1070822865789591e-10,29.5546,29.6068,3.55849,1,1,0,0,0,0,0,0,0,0,0,0,0.0,0.0,0.0,0.0,0.0,0.0,0.0,0,0,0.0,0.0,0.0,0.0,1.0,29.62864,29.5546,3.555891,1.4888628518627271e-08,1.1177719577621491e-08,1.6947477683833525e-10,0.0,0.0,0.0,0.0,0.0,0.0,0.0,0.0,0,0.0,0.0,0,0,0,0,0,0,0,0,0,0,0,0,0,0,0,0,0
1,323.824,32,SCARH_Black,0.0,0.0,1.484179401777655e-08,1.4797401812341544e-11,1.0214009088861472e-10,0.9092708143130511,1.117772526949846e-08,0.32056258653789316,1.144312017560109e-10,29.5546,29.6895,3.55076,1,1,0,0,0,0,0,0,0,0,0,0,0.0,0.0,0.0,0.0,0.0,0.0,0.0,0,0,0.0,0.0,0.0,0.0,1.0,29.640110000000004,29.5546,3.5548899999999994,1.4887148778446038e-08,1.117772526949846e-08,1.5900951889326712e-10,0.0,0.0,0.0,0.0,0.0,0.0,0.0,0.0,0,0.0,0.0,0,0,0,0,0,0,0,0,0,0,0,0,0,0,0,0,0
1,324.827,32,SCARH_Black,0.0,0.0,1.4856591419588892e-08,1.4797401812341544e-11,1.0177906813622783e-10,0.9990816763673366,1.1177728571321392e-08,0.3611214964304599,1.1898973361109094e-10,29.5546,29.6426,3.55233,1,1,0,0,0,0,0,0,0,0,0,0,0.0,0.0,0.0,0.0,0.0,0.0,0.0,0,0,0.0,0.0,0.0,0.0,1.0,29.63805,29.5546,3.554822,1.4885666084691588e-08,1.1177728571321392e-08,1.5900656532005156e-10,0.0,0.0,0.0,0.0,0.0,0.0,0.0,0.0,0,0.0,0.0,0,0,0,0,0,0,0,0,0,0,0,0,0,0,0,0,0
1,325.829,32,SCARH_Black,0.0,0.0,1.4871418357133389e-08,1.482693754449704e-11,8.786851972234079e-11,0.9990816763673366,1.1177728571321392e-08,0.40142378689502056,1.2213650716054225e-10,29.6068,29.6436,3.55227,1,1,0,0,0,0,0,0,0,0,0,0,0.0,0.0,0.0,0.0,0.0,0.0,0.0,0,0,0.0,0.0,0.0,0.0,1.0,29.64044,29.5546,3.554323,1.4885666084691588e-08,1.1177728571321392e-08,1.6048925907450126e-10,0.0,0.0,0.0,0.0,0.0,0.0,0.0,0.0,0,0.0,0.0,0,0,0,0,0,0,0,0,0,0,0,0,0,0,0,0,0
1,326.826,32,SCARH_Black,0.0,0.0,1.4945999191421922e-08,7.458083428853333e-11,4.133020821563399e-11,0.9999999997907074,1.1177672646882412e-08,0.4465336905366654,1.1933308274072835e-10,29.6068,29.6476,3.55636,1,1,0,0,0,0,0,0,0,0,0,0,0.0,0.0,0.0,0.0,0.0,0.0,0.0,0,0,0.0,0.0,0.0,0.0,1.0,29.635999999999996,29.5546,3.5549030000000004,1.487964554121065e-08,1.1177672646882412e-08,1.54468715593566e-10,0.0,0.0,0.0,0.0,0.0,0.0,0.0,0.0,0,0.0,0.0,0,0,0,0,0,0,0,0,0,0,0,0,0,0,0,0,0
1,327.823,32,SCARH_Black,0.0,0.0,1.4945999191421922e-08,0.0,5.007291688290491e-11,0.0,1.1177394190231271e-08,0.44216881207387504,1.1163969655400325e-10,29.5325,29.5325,3.56361,1,1,0,0,0,0,0,0,0,0,0,0,0.0,0.0,0.0,0.0,0.0,0.0,0.0,0,0,0.0,0.0,0.0,0.0,1.0,29.62686,29.5325,3.555885,1.4909037870004008e-08,1.1177394190231271e-08,1.19055843319274e-10,0.0,0.0,0.0,0.0,0.0,0.0,0.0,0.0,0,0.0,0.0,0,0,0,0,0,0,0,0,0,0,0,0,0,0,0,0,0
1,328.826,32,SCARH_Black,0.0,0.0,1.4856591419588892e-08,8.940777183303037e-11,4.665794492733236e-11,0.0,1.1177331696702552e-08,0.4378039336110846,1.0148167661449883e-10,29.5325,29.6708,3.55304,1,1,0,0,0,0,0,0,0,0,0,0,0.0,0.0,0.0,0.0,0.0,0.0,0.0,0,0,0.0,0.0,0.0,0.0,1.0,29.62718,29.5325,3.5560460000000007,1.489256382709922e-08,1.1177331696702552e-08,9.107102598773754e-11,0.0,0.0,0.0,0.0,0.0,0.0,0.0,0.0,0,0.0,0.0,0,0,0,0,0,0,0,0,0,0,0,0,0,0,0,0,0
1,329.826,32,SCARH_Black,0.0,0.0,1.4901161193847656e-08,4.4569774258764604e-11,4.1366612296529015e-11,0.0,1.1177329205475974e-08,0.4334390551482942,9.075847495217148e-11,29.5325,29.6017,3.55874,1,1,0,0,0,0,0,0,0,0,0,0,0.0,0.0,0.0,0.0,0.0,0.0,0.0,0,0,0.0,0.0,0.0,0.0,1.0,29.62616,29.5325,3.556019,1.4891072219372109e-08,1.1177329205475974e-08,8.500254566181662e-11,0.0,0.0,0.0,0.0,0.0,0.0,0.0,0.0,0,0.0,0.0,0,0,0,0,0,0,0,0,0,0,0,0,0,0,0,0,0
1,330.829,33,SCARH_Black,0.0,0.0,1.4856591419588892e-08,4.4569774258764604e-11,4.4703926149998634e-11,0.0,1.1177274253764104e-08,0.4290741766855038,7.953728055193572e-11,29.5325,29.6766,3.55165,1,1,0,0,0,0,0,0,0,0,0,0,0.0,0.0,0.0,0.0,0.0,0.0,0.0,0,0,0.0,0.0,0.0,0.0,1.0,29.63836,29.5325,3.554985,1.489844156035405e-08,1.1177274253764104e-08,7.614159695276551e-11,0.0,0.0,0.0,0.0,0.0,0.0,0.0,0.0,0,0.0,0.0,0,0,0,0,0,0,0,0,0,0,0,0,0,0,0,0,0
1,331.834,33,SCARH_Black,0.0,0.0,1.4827026063530008e-08,2.9565356058883436e-11,4.656700450700037e-11,0.0,1.1177157806311585e-08,0.4247092982227133,6.745988471587169e-11,29.5325,29.6542,3.55168,1,1,0,0,0,0,0,0,0,0,0,0,0.0,0.0,0.0,0.0,0.0,0.0,0.0,0,0,0.0,0.0,0.0,0.0,1.0,29.63659,29.5325,3.554893,1.48759763693487e-08,1.1177157806311585e-08,5.2220136177254714e-11,0.0,0.0,0.0,0.0,0.0,0.0,0.0,0.0,0,0.0,0.0,0,0,0,0,0,0,0,0,0,0,0,0,0,0,0,0,0
1,332.832,33,SCARH_Black,0.0,0.0,1.493102324032831e-08,1.0399717679830304e-10,4.1233793264233155e-11,0.0,1.1177168246072812e-08,0.42034441975992287,6.037200849908157e-11,29.6017,29.6084,3.55454,1,1,0,0,0,0,0,0,0,0,0,0,0.0,0.0,0.0,0.0,0.0,0.0,0.0,0,0,0.0,0.0,0.0,0.0,1.0,29.63675,29.5325,3.554498,1.488341955142264e-08,1.1177168246072812e-08,4.311119845762497e-11,0.0,0.0,0.0,0.0,0.0,0.0,0.0,0.0,0,0.0,0.0,0,0,0,0,0,0,0,0,0,0,0,0,0,0,0,0,0
1,333.829,33,SCARH_Black,0.0,0.0,1.4945999191421922e-08,1.4975951093610768e-11,4.999346112561335e-11,0.0,1.117717370185455e-08,0.41597954129713244,5.515734552278144e-11,29.6017,29.6765,3.55358,1,1,0,0,0,0,0,0,0,0,0,0,0.0,0.0,0.0,0.0,0.0,0.0,0.0,0,0,0.0,0.0,0.0,0.0,1.0,29.63545,29.5325,3.55478,1.4893840068787181e-08,1.117717370185455e-08,4.312905338575189e-11,0.0,0.0,0.0,0.0,0.0,0.0,0.0,0.0,0,0.0,0.0,0,0,0,0,0,0,0,0,0,0,0,0,0,0,0,0,0
1,334.833,33,SCARH_Black,0.0,0.0,1.484179401777655e-08,1.0420517364537192e-10,5.4249369065393084e-11,0.0,1.1177180160625085e-08,0.4138505934741855,5.040437561569796e-11,29.5204,29.5204,3.56453,1,1,0,0,0,0,0,0,0,0,0,0,0.0,0.0,0.0,0.0,0.0,0.0,0.0,0,0,0.0,0.0,0.0,0.0,1.0,29.62323,29.5204,3.556,1.4892360328605946e-08,1.1177180160625085e-08,5.206983056905493e-11,0.0,0.0,0.0,0.0,0.0,0.0,0.0,0.0,0,0.0,0.0,0,0,0,0,0,0,0,0,0,0,0,0,0,0,0,0,0
1,335.843,33,SCARH_Black,0.0,0.0,1.475362494440362e-08,8.816907337293018e-11,7.933236350920529e-11,0.0,1.1177266752513888e-08,0.4079185462771699,4.955075999438441e-11,29.5204,29.6593,3.55398,1,1,0,0,0,0,0,0,0,0,0,0,0.0,0.0,0.0,0.0,0.0,0.0,0.0,0,0,0.0,0.0,0.0,0.0,1.0,29.6248,29.5204,3.5561710000000004,1.4880580987332971e-08,1.1177266752513888e-08,5.940404415189824e-11,0.0,0.0,0.0,0.0,0.0,0.0,0.0,0.0,0,0.0,0.0,0,0,0,0,0,0,0,0,0,0,0,0,0,0,0,0,0
1,336.839,33,SCARH_Black,0.0,0.0,1.4961005214706483e-08,2.07380270302863e-10,8.764662823003745e-11,0.0,1.1177277518385079e-08,0.3923577755647518,5.4182401995824765e-11,29.5204,29.6077,3.55818,1,1,0,0,0,0,0,0,0,0,0,0,0.0,0.0,0.0,0.0,0.0,0.0,0.0,0,0,0.0,0.0,0.0,0.0,1.0,29.62081,29.5204,3.556353,1.4882081589661425e-08,1.1177277518385079e-08,7.26839877533312e-11,0.0,0.0,0.0,0.0,0.0,0.0,0.0,0.0,0,0.0,0.0,0,0,0,0,0,0,0,0,0,0,0,0,0,0,0,0,0
1,337.845,33,SCARH_Black,0.0,0.0,1.4812287469033456e-08,1.4871774567302689e-10,8.871052421944273e-11,0.0,1.1177272537499095e-08,0.3676726895880522,5.804616272947855e-11,29.5204,29.667,3.55223,1,1,0,0,0,0,0,0,0,0,0,0,0.0,0.0,0.0,0.0,0.0,0.0,0.0,0,0,0.0,0.0,0.0,0.0,1.0,29.63426,29.5204,3.5552149999999996,1.4868710417422577e-08,1.1177272537499095e-08,8.75557623206339e-11,0.0,0.0,0.0,0.0,0.0,0.0,0.0,0.0,0,0.0,0.0,0,0,0,0,0,0,0,0,0,0,0,0,0,0,0,0,0
1,338.839,33,SCARH_Black,0.0,0.0,1.4991107840893013e-08,1.7882037185955723e-10,1.0074626667289055e-10,0.0,1.1177337275717415e-08,0.3376149549301582,6.345499490403436e-11,29.5204,29.6695,3.55087,1,1,0,0,0,0,0,0,0,0,0,0,0.0,0.0,0.0,0.0,0.0,0.0,0.0,0,0,0.0,0.0,0.0,0.0,1.0,29.63413,29.5204,3.554998,1.488216205955299e-08,1.1177337275717415e-08,9.649702232328659e-11,0.0,0.0,0.0,0.0,0.0,0.0,0.0,0.0,0,0.0,0.0,0,0,0,0,0,0,0,0,0,0,0,0,0,0,0,0,0
1,339.839,33,SCARH_Black,0.0,0.0,1.4901161193847656e-08,8.994664704535702e-11,9.979555245972429e-11,0.0,1.1177337275717415e-08,0.31133325802871165,6.929788892035388e-11,29.592,29.592,3.55608,1,1,0,0,0,0,0,0,0,0,0,0,0.0,0.0,0.0,0.0,0.0,0.0,0.0,0,0,0.0,0.0,0.0,0.0,1.0,29.633160000000004,29.5204,3.554732,1.488216205955299e-08,1.1177337275717415e-08,1.0103470960194583e-10,0.0,0.0,0.0,0.0,0.0,0.0,0.0,0.0,0,0.0,0.0,0,0,0,0,0,0,0,0,0,0,0,0,0,0,0,0,0
1,340.839,34,SCARH_Black,0.0,0.0,1.4901161193847656e-08,0.0,6.860770787331471e-11,0.0,1.1177334832571112e-08,0.28427744667115956,7.16882670926855e-11,29.592,29.6943,3.5518,1,1,0,0,0,0,0,0,0,0,0,0,0.0,0.0,0.0,0.0,0.0,0.0,0.0,0,0,0.0,0.0,0.0,0.0,1.0,29.634930000000004,29.5204,3.5547470000000003,1.4886619036978868e-08,1.1177334832571112e-08,9.657773217606936e-11,0.0,0.0,0.0,0.0,0.0,0.0,0.0,0.0,0,0.0,0.0,0,0,0,0,0,0,0,0,0,0,0,0,0,0,0,0,0
1,341.844,34,SCARH_Black,0.0,0.0,1.4827026063530008e-08,7.413513031764804e-11,7.1444626414751e-11,0.0,1.1177334832571112e-08,0.2408352490575741,7.417602928346055e-11,29.5212,29.5212,3.5649,1,1,0,0,0,0,0,0,0,0,0,0,0.0,0.0,0.0,0.0,0.0,0.0,0.0,0,0,0.0,0.0,0.0,0.0,1.0,29.62163,29.5204,3.556069,1.4886619036978868e-08,1.1177334832571112e-08,1.0103470960194583e-10,0.0,0.0,0.0,0.0,0.0,0.0,0.0,0.0,0,0.0,0.0,0,0,0,0,0,0,0,0,0,0,0,0,0,0,0,0,0
1,342.84,34,SCARH_Black,0.0,0.0,1.4961005214706483e-08,1.339791511764747e-10,6.329093857134917e-11,0.0,1.1177352088088417e-08,0.19537170834192158,7.638174381417217e-11,29.5212,29.6358,3.55619,1,1,0,0,0,0,0,0,0,0,0,0,0.0,0.0,0.0,0.0,0.0,0.0,0.0,0,0,0.0,0.0,0.0,0.0,1.0,29.62437,29.5204,3.556234,1.4889617234416682e-08,1.1177352088088417e-08,1.0403290703976299e-10,0.0,0.0,0.0,0.0,0.0,0.0,0.0,0.0,0,0.0,0.0,0,0,0,0,0,0,0,0,0,0,0,0,0,0,0,0,0
1,343.847,34,SCARH_Black,1.3148054254724801,1.3056657651166637,0.9900618833058822,0.990061868344877,0.44276912793827927,0.9999999999714775,0.3130850528697133,0.19990816762484293,0.04427691286521033,29.5212,38.1259,2.6058,1,1,0,0,0,0,0,0,0,0,0,0,0.0,0.0,0.0,0.0,0.0,0.0,0.0,0,0,0.0,0.0,0.0,0.0,1.0,30.46931,29.5204,3.4614560000000005,0.09900620172560554,0.3130850528697133,0.09900618693702301,0.0,0.0,0.0,0.0,0.0,0.0,0.0,0.0,0,0.0,0.0,0,0,0,0,0,0,0,0,0,0,0,0,0,0,0,0,0
1,344.85,34,SCARH_Black,1.2443454892668184,-0.07024918863974249,0.0779501195735201,0.9121117637323621,0.43536444709185446,0.7977383157012232,0.3113115204074235,0.18984099959153725,0.08781335756897084,29.5212,38.388,3.46393,1,1,0,0,0,0,0,0,0,0,0,0,0.0,0.0,0.0,0.0,0.0,0.0,0.0,0,0,0.0,0.0,0.0,0.0,1.0,31.35607,29.5212,3.451396,0.10680121219877814,0.3113115204074235,0.19021736329983868,0.0,0.0,0.0,0.0,0.0,0.0,0.0,0.0,0,0.0,0.0,0,0,0,0,0,0,0,0,0,0,0,0,0,0,0,0,0
1,345.849,34,SCARH_Black,0.0,-1.2455910803471657,0.0,0.0779501195735201,0.4353644489195897,0.7977383157012232,0.31131152096981296,0.17977383155823157,0.13134980245299657,29.5212,38.3693,3.4641,1,1,0,0,0,0,0,0,0,0,0,0,0.0,0.0,0.0,0.0,0.0,0.0,0.0,0,0,0.0,0.0,0.0,0.0,1.0,32.22707,29.5212,3.4424080000000004,0.10680121072341564,0.31131152096981296,0.1980123752483738,0.0,0.0,0.0,0.0,0.0,0.0,0.0,0.0,0,0.0,0.0,0,0,0,0,0,0,0,0,0,0,0,0,0,0,0,0,0
1,346.851,34,SCARH_Black,0.0,0.0,0.0,0.0,0.4353644507382317,0.7977383157012232,0.3113115215401075,0.16966074735375736,0.1748862475180551,29.6358,38.3444,3.46216,1,1,0,0,0,0,0,0,0,0,0,0,0.0,0.0,0.0,0.0,0.0,0.0,0.0,0,0,0.0,0.0,0.0,0.0,1.0,33.10074,29.5212,3.4328060000000002,0.10680120922731513,0.3113115215401075,0.19801237522763576,0.0,0.0,0.0,0.0,0.0,0.0,0.0,0.0,0,0.0,0.0,0,0,0,0,0,0,0,0,0,0,0,0,0,0,0,0,0
1,347.852,34,SCARH_Black,0.0,0.0,0.0,0.0,0.43536445257330725,0.7977383157012232,0.3113115221047331,0.2095476631388185,0.21842269276651477,38.1259,38.3743,3.46512,1,1,0,0,0,0,0,0,0,0,0,0,0.0,0.0,0.0,0.0,0.0,0.0,0.0,0,0,0.0,0.0,0.0,0.0,1.0,33.97147,29.5212,3.424095,0.10680120774608637,0.3113115221047331,0.198012375212764,0.0,0.0,0.0,0.0,0.0,0.0,0.0,0.0,0,0.0,0.0,0,0,0,0,0,0,0,0,0,0,0,0,0,0,0,0,0
1,348.85,34,SCARH_Black,0.5145463837131315,0.515577538790713,0.2476934097574101,0.2476934097574101,0.10749360997259025,0.6643833121018028,0.31172329079010647,0.24276682874390865,0.22917205375369915,28.5794,28.5794,3.38766,1,1,0,0,0,0,0,0,0,0,0,0,0.0,0.0,0.0,0.0,0.0,0.0,0.0,0,0,0.0,0.0,0.0,0.0,1.0,33.862460000000006,28.5794,3.407774,0.1315705472227166,0.31172329079010647,0.22278171617062298,0.0,0.0,0.0,0.0,0.0,0.0,0.0,0.0,0,0.0,0.0,0,0,0,0,0,0,0,0,0,0,0,0,0,0,0,0,0
1,349.852,34,SCARH_Black,0.8971495258895638,0.38183946324993234,0.3514006231084798,0.1037072133510697,0.16811580169274457,0.45905461558833843,0.3150324337328592,0.2657195595233256,0.24598363391299408,28.5794,33.4756,2.98111,1,1,0,0,0,0,0,0,0,0,0,0,0.0,0.0,0.0,0.0,0.0,0.0,0.0,0,0,0.0,0.0,0.0,0.0,1.0,34.25082,28.5794,3.3502769999999997,0.16671060804344848,0.3150324337328592,0.2331524374967353,0.0,0.0,0.0,0.0,0.0,0.0,0.0,0.0,0,0.0,0.0,0,0,0,0,0,0,0,0,0,0,0,0,0,0,0,0,0
1,350.848,35,SCARH_Black,2.4499843567079793,1.5590711152795338,0.8172486532202781,0.46584803011179826,0.3359778502605053,0.11069660975830789,0.3684542337637709,0.27125439001124096,0.2795814189321838,28.5794,56.9057,2.109,1,1,0,0,0,0,0,0,0,0,0,0,0.0,0.0,0.0,0.0,0.0,0.0,0.0,0,0,0.0,0.0,0.0,0.0,1.0,36.97196,28.5794,3.205997,0.24843547187536016,0.3684542337637709,0.27973724050791515,0.0,0.0,0.0,0.0,0.0,0.0,0.0,0.0,0,0.0,0.0,0,0,0,0,0,0,0,0,0,0,0,0,0,0,0,0,0
1,351.858,35,SCARH_Black,0.3075688033065768,-2.1212035182192106,0.3730522884170576,0.44419636480322044,0.29644178150454853,0.13425641605939756,0.35927690901604803,0.27796721081421083,0.3092255970754942,28.5794,44.6402,2.31498,1,1,0,0,0,0,0,0,0,0,0,0,0.0,0.0,0.0,0.0,0.0,0.0,0.0,0,0,0.0,0.0,0.0,0.0,1.0,38.48386000000001,28.5794,3.081005,0.2857406992343633,0.35927690901604803,0.3241568769808237,0.0,0.0,0.0,0.0,0.0,0.0,0.0,0.0,0,0.0,0.0,0,0,0,0,0,0,0,0,0,0,0,0,0,0,0,0,0
1,352.852,35,SCARH_Black,1.4245984384468857,1.1237722687528258,0.13509305448582037,0.23795923393123725,0.2595270182792738,0.26263670484556184,0.34975245808930533,0.29109904605648895,0.3351782988970925,27.8784,27.8784,3.46227,1,1,0,0,0,0,0,0,0,0,0,0,0.0,0.0,0.0,0.0,0.0,0.0,0.0,0,0,0.0,0.0,0.0,0.0,1.0,38.30812,27.8784,3.071613,0.29925000318684486,0.34975245808930533,0.34795280036054943,0.0,0.0,0.0,0.0,0.0,0.0,0.0,0.0,0,0.0,0.0,0,0,0,0,0,0,0,0,0,0,0,0,0,0,0,0,0
1,353.856,35,SCARH_Black,0.1559011538095032,-1.2636427137822535,1.484179401777655e-08,0.13509303964402636,0.31083269350384024,0.2557329772927584,0.2614592147773414,0.3038856949211269,0.3219846554536486,27.8784,28.0767,3.46325,1,1,0,0,0,0,0,0,0,0,0,0,0.0,0.0,0.0,0.0,0.0,0.0,0.0,0,0,0.0,0.0,0.0,0.0,1.0,37.3032,27.8784,3.157358,0.200243816340436,0.2614592147773414,0.26245591749046443,0.0,0.0,0.0,0.0,0.0,0.0,0.0,0.0,0,0.0,0.0,0,0,0,0,0,0,0,0,0,0,0,0,0,0,0,0,0
1,354.861,35,SCARH_Black,0.0,-0.15512552617861017,1.4827026063530008e-08,1.4767954246541892e-11,0.34423089625019815,0.2557329772927584,0.26662135007044485,0.31667234378576475,0.31287130036948296,27.8784,27.9186,3.36849,1,1,0,0,0,0,0,0,0,0,0,0,0.0,0.0,0.0,0.0,0.0,0.0,0.0,0,0,0.0,0.0,0.0,0.0,1.0,36.256260000000005,27.8784,3.147814,0.1924488058657866,0.26662135007044485,0.17124474111870497,0.0,0.0,0.0,0.0,0.0,0.0,0.0,0.0,0,0.0,0.0,0,0,0,0,0,0,0,0,0,0,0,0,0,0,0,0,0
1,355.859,35,SCARH_Black,0.0,0.0,1.493102324032831e-08,1.0399717679830304e-10,0.16261595577883395,0.2557329772927584,0.2666213488729674,0.3294589926504027,0.2855964510554074,27.8784,33.0475,2.9646,1,1,0,0,0,0,0,0,0,0,0,0,0.0,0.0,0.0,0.0,0.0,0.0,0.0,0,0,0.0,0.0,0.0,0.0,1.0,35.72408,27.8784,3.0978640000000004,0.19244880735888895,0.2666213488729674,0.16344972917175268,0.0,0.0,0.0,0.0,0.0,0.0,0.0,0.0,0,0.0,0.0,0,0,0,0,0,0,0,0,0,0,0,0,0,0,0,0,0
1,356.853,35,SCARH_Black,0.0,0.0,1.4991107840893013e-08,6.008460056470202e-11,0.06041544396120424,0.2557329772927584,0.2666213476706711,0.3422456415150406,0.2481015503777046,27.8784,78.0484,1.94096,1,1,0,0,0,0,0,0,0,0,0,0,0.0,0.0,0.0,0.0,0.0,0.0,0.0,0,0,0.0,0.0,0.0,0.0,1.0,39.69448,27.8784,2.945744,0.19244880885799973,0.2666213476706711,0.16344972917776115,0.0,0.0,0.0,0.0,0.0,0.0,0.0,0.0,0,0.0,0.0,0,0,0,0,0,0,0,0,0,0,0,0,0,0,0,0,0
1,357.863,35,SCARH_Black,0.6873883152284764,0.6805824903252242,0.15618087949478374,0.1561808645036759,0.06984620600473701,0.16488363762906602,0.25854766576676375,0.3504898233964939,0.21154972572084757,27.9186,91.6531,2.38931,1,1,0,0,0,0,0,0,0,0,0,0,0.0,0.0,0.0,0.0,0.0,0.0,0.0,0,0,0.0,0.0,0.0,0.0,1.0,45.022360000000006,27.8784,2.838163,0.20806689680747809,0.25854766576676375,0.17906781562812873,0.0,0.0,0.0,0.0,0.0,0.0,0.0,0.0,0,0.0,0.0,0,0,0,0,0,0,0,0,0,0,0,0,0,0,0,0,0
1,358.862,35,SCARH_Black,0.44642849371617377,-0.2412010225348375,1.5176801820981174,1.3614993026033337,0.6647148639808289,0.1102213728127738,0.48920026750584505,0.3560008920371326,0.2672718511216715,27.9186,44.4289,2.46123,1,1,0,0,0,0,0,0,0,0,0,0,0.0,0.0,0.0,0.0,0.0,0.0,0.0,0,0,0.0,0.0,0.0,0.0,1.0,46.60731,27.8784,2.74552,0.3350655740415488,0.48920026750584505,0.29044840491272106,0.0,0.0,0.0,0.0,0.0,0.0,0.0,0.0,0,0.0,0.0,0,0,0,0,0,0,0,0,0,0,0,0,0,0,0,0,0
1,359.864,35,SCARH_Black,1.031860840798384,0.5842638194433236,0.39591320169440086,1.1217669804037165,0.6379066821571414,0.01148774506122653,0.4895677888083004,0.35657527929019395,0.31425093916811114,33.0475,42.9615,2.71201,1,1,0,0,0,0,0,0,0,0,0,0,0.0,0.0,0.0,0.0,0.0,0.0,0.0,0,0,0.0,0.0,0.0,0.0,1.0,47.555899999999994,27.8784,2.71861,0.3395168319001409,0.4895677888083004,0.3922543816179858,0.0,0.0,0.0,0.0,0.0,0.0,0.0,0.0,0,0.0,0.0,0,0,0,0,0,0,0,0,0,0,0,0,0,0,0,0,0
1,360.862,36,SCARH_Black,1.1038428341638693,0.07212624585719968,0.29026022799547313,0.10565297369892773,0.6030736462747217,0.09707557485567887,0.4598932748707527,0.36142905803297787,0.34096051876953276,39.9709,39.9709,3.21066,1,1,0,0,0,0,0,0,0,0,0,0,0.0,0.0,0.0,0.0,0.0,0.0,0.0,0,0,0.0,0.0,0.0,0.0,1.0,45.86242,27.8784,2.8287760000000004,0.28681798937766045,0.4598932748707527,0.35623487597669873,0.0,0.0,0.0,0.0,0.0,0.0,0.0,0.0,0,0.0,0.0,0,0,0,0,0,0,0,0,0,0,0,0,0,0,0,0,0
1,361.875,36,SCARH_Black,0.2373310025699495,-0.8553917389870876,0.23547278655191456,0.05478744144355857,0.5649910824148001,0.10564795447333578,0.45908406178089073,0.36671145575664466,0.36781544886055795,38.1207,38.1207,2.70438,1,1,0,0,0,0,0,0,0,0,0,0,0.0,0.0,0.0,0.0,0.0,0.0,0.0,0,0,0.0,0.0,0.0,0.0,1.0,45.21047,27.8784,2.867716,0.2730600391911461,0.45908406178089073,0.3172939836407326,0.0,0.0,0.0,0.0,0.0,0.0,0.0,0.0,0,0.0,0.0,0,0,0,0,0,0,0,0,0,0,0,0,0,0,0,0,0
1,362.87,36,SCARH_Black,0.01005025125604375,-0.2284228656421163,0.0,0.23547278655191456,0.5936615567906108,0.1058390317434869,0.4655373794311408,0.37200340734381904,0.40122890271169165,38.1207,38.2478,2.70014,1,1,0,0,0,0,0,0,0,0,0,0,0.0,0.0,0.0,0.0,0.0,0.0,0.0,0,0,0.0,0.0,0.0,0.0,1.0,46.247409999999995,27.9186,2.7915029999999996,0.2595507337425641,0.4655373794311408,0.31704533890280023,0.0,0.0,0.0,0.0,0.0,0.0,0.0,0.0,0,0.0,0.0,0,0,0,0,0,0,0,0,0,0,0,0,0,0,0,0,0
1,363.868,36,SCARH_Black,0.38286519387857504,0.37356206675604336,0.20390100322256346,0.20390100322256346,0.1454733711928065,0.10757642646928868,0.4572986163143659,0.3273822286687096,0.38469297048058826,37.1366,37.1366,2.73529,1,1,0,0,0,0,0,0,0,0,0,0,0.0,0.0,0.0,0.0,0.0,0.0,0.0,0,0,0.0,0.0,0.0,0.0,1.0,47.1534,27.9186,2.718707,0.27994083258064106,0.4572986163143659,0.323926135260654,0.0,0.0,0.0,0.0,0.0,0.0,0.0,0.0,0,0.0,0.0,0,0,0,0,0,0,0,0,0,0,0,0,0,0,0,0,0
1,364.866,36,SCARH_Black,0.05010020040089273,-0.3334318571920664,0.0,0.20390100322256346,0.13674875895255095,0.24056931091340386,0.4572986173228705,0.29952377842931865,0.36394475675082355,37.1366,49.0737,2.13218,1,1,0,0,0,0,0,0,0,0,0,0,0.0,0.0,0.0,0.0,0.0,0.0,0.0,0,0,0.0,0.0,0.0,0.0,1.0,49.26891,33.0475,2.5950759999999997,0.27994083109793844,0.4572986173228705,0.34431623558143354,0.0,0.0,0.0,0.0,0.0,0.0,0.0,0.0,0,0.0,0.0,0,0,0,0,0,0,0,0,0,0,0,0,0,0,0,0,0
1,365.873,36,SCARH_Black,0.0,-0.0497519368429918,0.0,0.0,0.12084410090436186,0.24056931091340386,0.4572986183384488,0.27166532818992767,0.3597675712633764,37.1366,48.4871,2.14987,1,1,0,0,0,0,0,0,0,0,0,0,0.0,0.0,0.0,0.0,0.0,0.0,0.0,0,0,0.0,0.0,0.0,0.0,1.0,50.81287,37.1366,2.513603,0.27994082960483613,0.4572986183384488,0.34431623557103386,0.0,0.0,0.0,0.0,0.0,0.0,0.0,0.0,0,0.0,0.0,0,0,0,0,0,0,0,0,0,0,0,0,0,0,0,0,0
1,366.868,36,SCARH_Black,0.0,0.0,0.0,0.0,0.09118730077721177,0.24056931091340386,0.45729861935811394,0.24380687795053668,0.36284475694497714,37.1366,48.538,2.14988,1,1,0,0,0,0,0,0,0,0,0,0,0.0,0.0,0.0,0.0,0.0,0.0,0.0,0,0,0.0,0.0,0.0,0.0,1.0,47.86183,37.1366,2.534495,0.2799408281057253,0.45729861935811394,0.34431623556502533,0.0,0.0,0.0,0.0,0.0,0.0,0.0,0.0,0,0.0,0.0,0,0,0,0,0,0,0,0,0,0,0,0,0,0,0,0,0
1,367.875,36,SCARH_Black,0.0,0.0,0.0,0.0,0.09118730077721177,0.24056931091340386,0.46460369504556065,0.21594842771114572,0.3649788664222246,37.1366,44.0186,2.28567,1,1,0,0,0,0,0,0,0,0,0,0,0.0,0.0,0.0,0.0,0.0,0.0,0.0,0,0,0.0,0.0,0.0,0.0,1.0,43.09838,37.1366,2.5241309999999997,0.26432274015624696,0.46460369504556065,0.3286981491146578,0.0,0.0,0.0,0.0,0.0,0.0,0.0,0.0,0,0.0,0.0,0,0,0,0,0,0,0,0,0,0,0,0,0,0,0,0,0
1,368.876,36,SCARH_Black,0.3603334426335742,0.3599734691644098,0.04967448792171072,0.04967448792171072,0.022215106348087484,0.1883084677480739,0.1499534239365795,0.19214468549345926,0.3007288906589504,44.0186,46.54,3.01953,1,1,0,0,0,0,0,0,0,0,0,0,0.0,0.0,0.0,0.0,0.0,0.0,0.0,0,0,0.0,0.0,0.0,0.0,1.0,43.30949,37.1366,2.579961,0.11752217073860627,0.1499534239365795,0.19751566764649547,0.0,0.0,0.0,0.0,0.0,0.0,0.0,0.0,0,0.0,0.0,0,0,0,0,0,0,0,0,0,0,0,0,0,0,0,0,0
1,369.883,36,SCARH_Black,3.16489764578621,2.7850687220979506,0.003817576099310294,0.045856911822400426,0.021850906473830825,0.2682746497284943,0.11663215437963158,0.18260568720046705,0.23912331309061935,44.0186,105.411,3.2535,1,1,0,0,0,0,0,0,0,0,0,0,0.0,0.0,0.0,0.0,0.0,0.0,0.0,0,0,0.0,0.0,0.0,0.0,1.0,49.55444,37.1366,2.63411,0.07831260817909722,0.11663215437963158,0.08992466078836385,0.0,0.0,0.0,0.0,0.0,0.0,0.0,0.0,0,0.0,0.0,0,0,0,0,0,0,0,0,0,0,0,0,0,0,0,0,0
1,370.875,37,SCARH_Black,3.237143008275632,0.07282798638046543,2.1997169508309544,2.195899374731644,0.9779885760437782,0.4469186034698634,0.6842075406998861,0.19941678688604483,0.27661480606752503,20.2742,20.2742,5.56419,1,1,0,0,0,0,0,0,0,0,0,0,0.0,0.0,0.0,0.0,0.0,0.0,0.0,0,0,0.0,0.0,0.0,0.0,1.0,47.58477,20.2742,2.869463,0.2692582804626453,0.6842075406998861,0.2989493008916355,0.0,0.0,0.0,0.0,0.0,0.0,0.0,0.0,0,0.0,0.0,0,0,0,0,0,0,0,0,0,0,0,0,0,0,0,0,0
1,371.883,37,SCARH_Black,3.0543163848766226,-0.18137561845139805,1.8404199962747905,0.35929695455616395,1.1041764871331652,0.5457878147487369,0.8447933180363982,0.21999335682051183,0.3305333465393615,20.2742,43.9712,7.56762,1,1,0,0,0,0,0,0,0,0,0,0,0.0,0.0,0.0,0.0,0.0,0.0,0.0,0,0,0.0,0.0,0.0,0.0,1.0,48.16982,20.2742,3.3557870000000003,0.4297530014349329,0.8447933180363982,0.32940025220289604,0.0,0.0,0.0,0.0,0.0,0.0,0.0,0.0,0,0.0,0.0,0,0,0,0,0,0,0,0,0,0,0,0,0,0,0,0,0
1,372.88,37,SCARH_Black,2.6229399712212635,-0.43267443696625785,0.7852901766821719,1.0551298195926186,1.010481658475076,0.5780825202033086,0.8368680186910945,0.23576564758839913,0.37221535670780803,9.18423,9.18423,10.1351,1,1,0,0,0,0,0,0,0,0,0,0,0.0,0.0,0.0,0.0,0.0,0.0,0.0,0,0,0.0,0.0,0.0,0.0,1.0,45.263463,9.18423,4.099283,0.5082820191031502,0.8368680186910945,0.4113659555069664,0.0,0.0,0.0,0.0,0.0,0.0,0.0,0.0,0,0.0,0.0,0,0,0,0,0,0,0,0,0,0,0,0,0,0,0,0,0
1,373.882,37,SCARH_Black,1.243065954557156,-1.3771197771098878,0.3053097906457156,0.4799803860364563,0.956958693851993,0.6073354040520358,0.8333769505152875,0.25334576892636307,0.4533638889737267,9.18423,9.37012,14.3242,1,1,0,0,0,0,0,0,0,0,0,0,0.0,0.0,0.0,0.0,0.0,0.0,0.0,0,0,0.0,0.0,0.0,0.0,1.0,42.48681499999999,9.18423,5.258174,0.5184228978454654,0.8333769505152875,0.4389738937883557,0.0,0.0,0.0,0.0,0.0,0.0,0.0,0.0,0,0.0,0.0,0,0,0,0,0,0,0,0,0,0,0,0,0,0,0,0,0
1,374.881,37,SCARH_Black,1.3327981563233364,0.08982202378997033,2.2494680903581597e-05,0.305287295964812,0.9579739993837671,0.5610906736583867,0.8333753957245551,0.2686136537446444,0.5354864130168483,9.18423,11.7539,15.566,0,1,0,0,0,0,0,0,0,0,0,0,0.0,0.0,0.0,0.0,0.0,0.0,0.0,0,0,0.0,0.0,0.0,0.0,0.9,38.754835,9.18423,6.6015559999999995,0.5184251473135557,0.8333753957245551,0.4491125230625806,0.0,0.0,0.0,0.0,0.0,0.0,0.0,0.0,0,0.0,0.0,0,0,0,0,0,0,0,0,0,0,0,0,0,0,0,0,0
1,375.891,37,SCARH_Black,0.49514850505146923,-0.8293560903681854,0.5330714993271509,0.5330490046462474,0.7037735101195475,0.5603437245592474,0.8133377261979909,0.2838441911079689,0.5937793539383669,9.18423,17.7727,17.6104,0,1,0,0,0,0,0,0,0,0,0,0,0.0,0.0,0.0,0.0,0.0,0.0,0.0,0,0,0.0,0.0,0.0,0.0,0.8,35.683395000000004,9.18423,8.147609,0.5717322972462708,0.8133377261979909,0.5024174235272053,0.0,0.0,0.0,0.0,0.0,0.0,0.0,0.0,0,0.0,0.0,0,0,0,0,0,0,0,0,0,0,0,0,0,0,0,0,0
1,376.884,37,SCARH_Black,0.0,-0.49863897789674644,0.0,0.5330714993271509,0.34160779328888036,0.5603437245592474,0.8133377261979909,0.2990747284712933,0.6188214031895337,9.18423,17.7749,17.6145,0,1,0,0,0,0,0,0,0,0,0,0,0.0,0.0,0.0,0.0,0.0,0.0,0.0,0,0,0.0,0.0,0.0,0.0,0.7,32.607085,9.18423,9.694071,0.5717322972462708,0.8133377261979909,0.5557245734599203,0.0,0.0,0.0,0.0,0.0,0.0,0.0,0.0,0,0.0,0.0,0,0,0,0,0,0,0,0,0,0,0,0,0,0,0,0,0
1,377.893,37,SCARH_Black,0.0,0.0,0.0,0.0,0.2433079894602131,0.6177179507722945,0.8133377261979909,0.3217164441284548,0.6340334720578339,9.37012,14.4592,19.9192,1,1,0,0,0,0,0,0,0,0,0,0,0.0,0.0,0.0,0.0,0.0,0.0,0.0,0,0,0.0,0.0,0.0,0.0,0.7,29.651144999999996,9.18423,11.457424,0.5717322972462708,0.8133377261979909,0.5557245734599203,0.0,0.0,0.0,0.0,0.0,0.0,0.0,0.0,0,0.0,0.0,0,0,0,0,0,0,0,0,0,0,0,0,0,0,0,0,0
1,378.886,37,SCARH_Black,0.0,0.0,0.0,0.0,0.2383943070898586,0.6562231255220906,0.8170238008008072,0.3490165317639206,0.655651392132011,11.7539,13.794,22.9622,1,1,0,0,0,0,0,0,0,0,0,0,0.0,0.0,0.0,0.0,0.0,0.0,0.0,0,0,0.0,0.0,0.0,0.0,0.7,26.376545,9.18423,13.451691,0.5667648484540997,0.8170238008008072,0.5507571246677493,0.0,0.0,0.0,0.0,0.0,0.0,0.0,0.0,0,0.0,0.0,0,0,0,0,0,0,0,0,0,0,0,0,0,0,0,0,0
1,379.893,37,SCARH_Black,0.0,0.0,0.0,0.0,0.23839682187264846,0.7480682871543769,0.8173169060528173,0.38584555886857813,0.6773059836718928,8.41972,8.41972,24.4876,1,1,0,0,0,0,0,0,0,0,0,0,0.0,0.0,0.0,0.0,0.0,0.0,0.0,0,0,0.0,0.0,0.0,0.0,0.7,16.677417,8.41972,15.575101,0.5663830908441687,0.8173169060528173,0.5461714334855092,0.0,0.0,0.0,0.0,0.0,0.0,0.0,0.0,0,0.0,0.0,0,0,0,0,0,0,0,0,0,0,0,0,0,0,0,0,0
1,380.894,38,SCARH_Black,0.0,0.0,0.0,0.0,0.0,0.8553500794371707,0.5945303623043157,0.4237592840976527,0.5795071260675149,3.87747,3.87747,24.2929,1,1,1,0,0,0,0,0,0,0,0,0,0.0,0.0,0.0,0.0,0.0,0.0,0.0,0,0,0.1,0.0,0.0,0.0,0.7,15.037744,3.87747,17.447972,0.3464113957610732,0.5945303623043157,0.3265814960123449,0.0,0.0,0.0,0.0,0.0,0.0,0.0,0.0,0,0.0,0.0,0,0,0,0,0,0,0,0,0,0,0,0,0,0,0,0,0
1,381.895,38,SCARH_Black,0.0,0.0,0.0,0.0,0.0,0.8650960517628516,0.2848823823090423,0.4617316889621286,0.4690894773541984,3.87747,9.92297,25.0444,1,1,0,0,0,0,0,0,0,0,0,0,0.0,0.0,0.0,0.0,0.0,0.0,0.0,0,0,0.1,0.0,0.0,0.0,0.7,11.632921,3.87747,19.19565,0.1623693961335942,0.2848823823090423,0.2906518005567285,0.0,0.0,0.0,0.0,0.0,0.0,0.0,0.0,0,0.0,0.0,0,0,0,0,0,0,0,0,0,0,0,0,0,0,0,0,0
1,382.891,38,SCARH_Black,0.0,0.0,0.0,0.0,0.0,0.865339857051568,0.18471816416514272,0.4997067302275326,0.36804131150669084,3.87747,16.9983,25.2717,1,1,0,0,0,0,0,0,0,0,0,0,0.0,0.0,0.0,0.0,0.0,0.0,0.0,0,0,0.1,0.0,0.0,0.0,0.7,12.414328000000001,3.87747,20.70931,0.08384037846537701,0.18471816416514272,0.18513881859746664,0.0,0.0,0.0,0.0,0.0,0.0,0.0,0.0,0,0.0,0.0,0,0,0,0,0,0,0,0,0,0,0,0,0,0,0,0,0
1,383.891,38,SCARH_Black,0.0,0.0,0.0,0.0,0.0,0.8807515186720271,0.16857121912518677,0.5383654848376696,0.2723454421214915,3.87747,19.7503,11.3793,1,1,0,0,0,0,0,0,0,0,0,0,0.0,0.0,0.0,0.0,0.0,0.0,0.0,0,0,0.1,0.0,0.0,0.0,0.7,13.452346,3.87747,20.41482,0.053309399400805445,0.16857121912518677,0.137140779993821,0.0,0.0,0.0,0.0,0.0,0.0,0.0,0.0,0,0.0,0.0,0,0,0,0,0,0,0,0,0,0,0,0,0,0,0,0,0
1,384.887,38,SCARH_Black,0.0,0.0,0.0,0.0,0.0,0.8823246751798589,0.16857200935947267,0.5704532530509923,0.17654804218311482,3.87747,19.6662,11.3888,1,1,0,0,0,0,0,0,0,0,0,0,0.0,0.0,0.0,0.0,0.0,0.0,0.0,0,0,0.1,0.0,0.0,0.0,0.8,14.243576,3.87747,19.9971,0.05330714993271509,0.16857200935947267,0.10661205039733979,0.0,0.0,0.0,0.0,0.0,0.0,0.0,0.0,0,0.0,0.0,0,0,0,0,0,0,0,0,0,0,0,0,0,0,0,0,0
1,385.891,38,SCARH_Black,0.0,0.0,0.0,0.0,0.0,0.8823246751798589,0.0,0.602541021264315,0.10617069117116004,9.92297,19.7293,11.382,1,1,0,0,0,0,0,0,0,0,0,0,0.0,0.0,0.0,0.0,0.0,0.0,0.0,0,0,0.1,0.0,0.0,0.0,0.9,14.439236,3.87747,19.37426,0.0,0.0,0.05330714993271505,0.0,0.0,0.0,0.0,0.0,0.0,0.0,0.0,0,0.0,0.0,0,0,0,0,0,0,0,0,0,0,0,0,0,0,0,0,0
1,386.895,38,SCARH_Black,0.0,0.0,0.04237954519605344,0.04237954519605344,0.01895270878278003,0.8823246751798589,0.013401588902157596,0.6346287894776377,0.07390518272055002,16.9983,21.9513,11.3837,1,1,0,0,0,0,0,0,0,0,0,0,0.0,0.0,0.0,0.0,0.0,0.0,0.0,0,0,0.1,0.0,0.0,0.0,1.0,14.856876,3.87747,18.751179999999998,0.004237954519605344,0.013401588902157596,0.0042379545196053,0.0,0.0,0.0,0.0,0.0,0.0,0.0,0.0,0,0.0,0.0,0,0,0,0,0,0,0,0,0,0,0,0,0,0,0,0,0
1,387.895,38,SCARH_Black,2.3825406610590303,2.3825406610590303,2.5015609224186424,2.459181377222589,1.1141450145593141,0.8867514397248094,0.7896862783653227,0.666937895918208,0.16098888523046012,19.6662,100.514,35.1734,1,1,0,0,0,0,0,0,0,0,0,0,0.0,0.0,0.0,0.0,0.0,0.0,0.0,0,0,0.1,0.0,0.0,0.0,1.0,23.462356,3.87747,20.2766,0.2543940467614696,0.7896862783653227,0.2501560922418642,0.0,0.0,0.0,0.0,0.0,0.0,0.0,0.0,0,0.0,0.0,0,0,0,0,0,0,0,0,0,0,0,0,0,0,0,0,0
1,388.896,38,SCARH_Black,6.299333069917507,3.9128795293291483,0.20668127232678044,2.294879650091862,1.0942047604888578,0.9020979754739883,0.7849789966850339,0.7026273713045037,0.24656993057036006,19.6662,114.058,42.3765,0,1,0,0,0,0,0,0,0,0,0,0,0.0,0.0,0.0,0.0,0.0,0.0,0.0,0,0,0.1,0.0,0.0,0.0,0.9,33.488756,3.87747,22.21803,0.2750621739941476,0.7849789966850339,0.47964405725105036,0.0,0.0,0.0,0.0,0.0,0.0,0.0,0.0,0,0.0,0.0,0,0,0,0,0,0,0,0,0,0,0,0,0,0,0,0,0
1,389.896,38,SCARH_Black,6.697143833127204,0.397810763209697,0.09121829501277588,0.11546297731400455,1.0834470503034435,0.9220368045895354,0.7819516553450524,0.7353154790475558,0.33107495341343957,19.7293,110.682,48.4601,1,1,0,0,0,0,0,0,0,0,0,0,0.0,0.0,0.0,0.0,0.0,0.0,0.0,0,0,0.1,0.0,0.0,0.0,0.9,43.714984,3.87747,24.61528,0.2841840034954252,0.7819516553450524,0.49119035498245084,0.0,0.0,0.0,0.0,0.0,0.0,0.0,0.0,0,0.0,0.0,0,0,0,0,0,0,0,0,0,0,0,0,0,0,0,0,0
1,390.898,39,SCARH_Black,6.913691388154897,0.21611532437893466,7.088576805003177e-05,0.09114740924472585,1.0834377541948754,0.9367248694466871,0.7819487932219525,0.7598057923463969,0.4394187288329271,21.9513,114.198,52.8683,1,1,0,0,0,0,0,0,0,0,0,0,0.0,0.0,0.0,0.0,0.0,0.0,0.0,0,0,0.0,0.0,0.0,0.0,0.9,54.747037,9.92297,27.472819999999995,0.28419109207223026,0.7819487932219525,0.5003050959069235,0.0,0.0,0.0,0.0,0.0,0.0,0.0,0.0,0,0.0,0.0,0,0,0,0,0,0,0,0,0,0,0,0,0,0,0,0,0
1,391.905,39,SCARH_Black,6.639657306266881,-0.2721291776445043,0.12968691679539088,0.12961603102734084,1.0734989188217667,0.9429419763728439,0.7777760553667954,0.7796635004276024,0.5467686207151038,100.514,112.777,56.3512,1,1,0,0,0,0,0,0,0,0,0,0,0.0,0.0,0.0,0.0,0.0,0.0,0.0,0,0,0.0,0.0,0.0,0.0,0.9,65.03244000000001,16.9983,30.603499999999997,0.2971597837517693,0.7777760553667954,0.5132666990096575,0.0,0.0,0.0,0.0,0.0,0.0,0.0,0.0,0,0.0,0.0,0,0,0,0,0,0,0,0,0,0,0,0,0,0,0,0,0
1,393.01,39,SCARH_Black,5.85716151265481,-0.708140989694182,0.0035256500245831528,0.12616126677080772,0.08758609758640719,0.947499473328127,0.7776271711007144,0.7981343480838432,0.5555272304737444,110.682,117.785,60.0156,1,1,0,0,0,0,0,0,0,0,0,0,0.0,0.0,0.0,0.0,0.0,0.0,0.0,0,0,0.0,0.0,0.0,0.0,0.9,75.11111,19.6662,34.07789,0.2975123487542276,0.7776271711007144,0.5258828256867383,0.0,0.0,0.0,0.0,0.0,0.0,0.0,0.0,0,0.0,0.0,0,0,0,0,0,0,0,0,0,0,0,0,0,0,0,0,0
1,393.91,39,SCARH_Black,5.715562468286671,-0.15733227152015417,2.1706446144569878,2.1671189644324045,0.9472994157209764,0.9523001740277298,0.9655900463237367,0.815382586582628,0.6502571720458421,8.10554,8.10554,62.5786,1,1,0,0,0,0,0,0,0,0,0,0,0.0,0.0,0.0,0.0,0.0,0.0,0.0,0,0,0.0,0.0,0.0,0.0,0.9,73.946634,8.10554,39.19781999999999,0.5145768101999264,0.9655900463237367,0.7425947221299787,0.0,0.0,0.0,0.0,0.0,0.0,0.0,0.0,0,0.0,0.0,0,0,0,0,0,0,0,0,0,0,0,0,0,0,0,0,0
1,394.904,39,SCARH_Black,3.367111693423836,-2.3626265340672385,1.4615964420632495,0.7090481723937383,1.0036132680974348,0.9897470818851208,0.9893717260985547,0.8368154069939646,0.7506184988555856,8.10554,90.6113,64.5984,1,1,0,0,0,0,0,0,0,0,0,0,0.0,0.0,0.0,0.0,0.0,0.0,0.0,0,0,0.0,0.0,0.0,0.0,0.9,81.041144,8.10554,44.51878,0.6607364544062514,0.9893717260985547,0.8134995393693526,0.0,0.0,0.0,0.0,0.0,0.0,0.0,0.0,0,0.0,0.0,0,0,0,0,0,0,0,0,0,0,0,0,0,0,0,0,0
1,395.903,39,SCARH_Black,5.815126618525192,2.450465390491848,0.46155150994256294,1.0000449321206866,0.9359899365497392,0.9880115120877643,0.9656032490921433,0.8581987963703905,0.8442174925105596,8.10554,117.065,71.5207,1,1,0,0,0,0,0,0,0,0,0,0,0.0,0.0,0.0,0.0,0.0,0.0,0.0,0,0,0.0,0.0,0.0,0.0,0.9,90.774714,8.10554,50.532650000000004,0.7068916054005077,0.9656032490921433,0.9135040325814213,0.0,0.0,0.0,0.0,0.0,0.0,0.0,0.0,0,0.0,0.0,0,0,0,0,0,0,0,0,0,0,0,0,0,0,0,0,0
1,396.907,39,SCARH_Black,6.75558042415997,0.9367069777238827,0.0024770863503359906,0.45907442359222694,0.9616842334134644,0.989327327345257,0.9687317612783483,0.8796479765096908,0.9384906449736279,8.10554,118.262,78.3392,1,1,0,0,0,0,0,0,0,0,0,0,0.0,0.0,0.0,0.0,0.0,0.0,0.0,0,0,0.0,0.0,0.0,0.0,0.9,100.405784,8.10554,57.2282,0.7029013595159359,0.9687317612783483,0.9551735204210384,0.0,0.0,0.0,0.0,0.0,0.0,0.0,0.0,0,0.0,0.0,0,0,0,0,0,0,0,0,0,0,0,0,0,0,0,0,0
1,397.914,39,SCARH_Black,6.655426636099017,-0.09945758496618978,0.03413349222220476,0.03165640587186877,0.9552639950817047,0.9891009576980098,0.7490160547574493,0.8982171268559768,0.922602543025867,8.10554,118.728,83.0674,1,1,0,0,0,0,0,0,0,0,0,0,0.0,0.0,0.0,0.0,0.0,0.0,0.0,0,0,0.0,0.0,0.0,0.0,0.9,102.227184,8.10554,62.017599999999995,0.4561586164962922,0.7490160547574493,0.7124210232859666,0.0,0.0,0.0,0.0,0.0,0.0,0.0,0.0,0,0.0,0.0,0,0,0,0,0,0,0,0,0,0,0,0,0,0,0,0,0
1,398.913,39,SCARH_Black,6.4749368873740085,-0.18067041914415294,0.024004067905644647,0.010129424316560116,0.6252956446508925,0.9835278507873026,0.7579509633121194,0.9145823631192374,0.8757116314420704,90.6113,121.06,86.2504,1,1,0,0,0,0,0,0,0,0,0,0,0.0,0.0,0.0,0.0,0.0,0.0,0.0,0,0,0.0,0.0,0.0,0.0,1.0,102.927384,8.10554,66.40499,0.43789089605417847,0.7579509633121194,0.4839460007084363,0.0,0.0,0.0,0.0,0.0,0.0,0.0,0.0,0,0.0,0.0,0,0,0,0,0,0,0,0,0,0,0,0,0,0,0,0,0
1,399.917,39,SCARH_Black,3.385941489723367,-3.0766886430783282,1.2053639352503038,1.1813598673446593,0.5173991195708222,0.9826526933723646,0.782808894507893,0.9263115834301369,0.8191068383688084,51.8147,51.8147,89.9191,1,1,0,0,0,0,0,0,0,0,0,0,0.0,0.0,0.0,0.0,0.0,0.0,0.0,0,0,0.0,0.0,0.0,0.0,1.0,97.04065399999999,8.10554,70.55089000000001,0.5493054600779314,0.782808894507893,0.5905356897115018,0.0,0.0,0.0,0.0,0.0,0.0,0.0,0.0,0,0.0,0.0,0,0,0,0,0,0,0,0,0,0,0,0,0,0,0,0,0
1,400.913,40,SCARH_Black,3.004978315931802,-0.3824931463770734,0.7884096680685883,0.4169542671817156,0.5550083853982182,0.9762920948521424,0.7607359221306402,0.9323586842008853,0.7662639014891426,7.33556,7.33556,92.8384,1,1,0,0,0,0,0,0,0,0,0,0,0.0,0.0,0.0,0.0,0.0,0.0,0.0,0,0,0.0,0.0,0.0,0.0,1.0,86.35441,7.33556,74.5479,0.6281393383079852,0.7607359221306402,0.6231163755052008,0.0,0.0,0.0,0.0,0.0,0.0,0.0,0.0,0,0.0,0.0,0,0,0,0,0,0,0,0,0,0,0,0,0,0,0,0,0
1,401.917,40,SCARH_Black,2.9809011480449588,-0.02398124291518249,0.96662579153408,0.17821612346549176,0.5450425815510495,0.974740238520308,0.7456945966666488,0.9378408935387581,0.7134182677620708,7.33556,63.0185,96.4468,1,1,0,0,0,0,0,0,0,0,0,0,0.0,0.0,0.0,0.0,0.0,0.0,0.0,0,0,0.0,0.0,0.0,0.0,1.0,81.37856,7.33556,78.55745999999999,0.711833225781854,0.7456945966666488,0.6279763847490158,0.0,0.0,0.0,0.0,0.0,0.0,0.0,0.0,0,0.0,0.0,0,0,0,0,0,0,0,0,0,0,0,0,0,0,0,0,0
1,402.968,40,SCARH_Black,4.116588401465944,1.0805777863187302,1.2454047606896652,0.2787789691555852,0.4955328278124882,0.9759959378838914,0.7175046629286059,0.9433736975803744,0.754212940784679,7.33556,138.093,100.647,1,1,0,0,0,0,0,0,0,0,0,0,0.0,0.0,0.0,0.0,0.0,0.0,0.0,0,0,0.0,0.0,0.0,0.0,1.0,83.40935999999999,7.33556,82.6206,0.8360211368483622,0.7175046629286059,0.6432381549874936,0.0,0.0,0.0,0.0,0.0,0.0,0.0,0.0,0,0.0,0.0,0,0,0,0,0,0,0,0,0,0,0,0,0,0,0,0,0
1,403.926,40,SCARH_Black,6.778975994946164,2.7791102228394777,0.054908209402202826,1.1904965512874623,0.48274511908834283,0.9775696836873223,0.5787534494056634,0.9482146058311389,0.7077575111214156,7.33556,141.894,105.794,1,1,0,0,0,0,0,0,0,0,0,0,0.0,0.0,0.0,0.0,0.0,0.0,0.0,0,0,0.0,0.0,0.0,0.0,1.0,96.78820599999999,7.33556,86.94214,0.6244474963428838,0.5787534494056634,0.5455759136729994,0.0,0.0,0.0,0.0,0.0,0.0,0.0,0.0,0,0.0,0.0,0,0,0,0,0,0,0,0,0,0,0,0,0,0,0,0,0
1,404.915,40,SCARH_Black,6.770294014323035,-0.008778544613881332,0.04278328619144608,0.012124923210756748,0.5459280032093885,0.9790660024316792,0.5218356292628584,0.95305167219373,0.661988984632611,7.33556,145.022,113.429,1,1,0,0,0,0,0,0,0,0,0,0,0.0,0.0,0.0,0.0,0.0,0.0,0.0,0,0,0.0,0.0,0.0,0.0,1.0,102.229276,7.33556,91.8252,0.4825661807557034,0.5218356292628584,0.4758835887547013,0.0,0.0,0.0,0.0,0.0,0.0,0.0,0.0,0,0.0,0.0,0,0,0,0,0,0,0,0,0,0,0,0,0,0,0,0,0
1,405.916,40,SCARH_Black,6.310629563947671,-0.4592052451302336,0.7586949160231226,0.7159116298316764,0.5437888383019058,0.9802609483930752,0.528917958076965,0.9579484858543909,0.6227688748078276,63.0185,102.114,120.687,0,1,0,0,0,0,0,0,0,0,0,0,0.0,0.0,0.0,0.0,0.0,0.0,0.0,0,0,0.0,0.0,0.0,0.0,0.9,100.734176,7.33556,96.74183,0.5122805213637595,0.528917958076965,0.44747025852580025,0.0,0.0,0.0,0.0,0.0,0.0,0.0,0.0,0,0.0,0.0,0,0,0,0,0,0,0,0,0,0,0,0,0,0,0,0,0
1,406.925,40,SCARH_Black,6.316174750452389,0.005495724979898935,0.6110089723228318,0.14768594370029076,0.5081759916367056,0.9799102171391376,0.4978402818887379,0.9628277629523547,0.5774180506301517,102.114,140.532,121.353,1,1,0,0,0,0,0,0,0,0,0,0,0.0,0.0,0.0,0.0,0.0,0.0,0.0,0,0,0.0,0.0,0.0,0.0,0.9,102.961176,7.33556,101.04321,0.573133709961009,0.4978402818887379,0.4163314105366066,0.0,0.0,0.0,0.0,0.0,0.0,0.0,0.0,0,0.0,0.0,0,0,0,0,0,0,0,0,0,0,0,0,0,0,0,0,0
1,407.924,40,SCARH_Black,6.444170355282196,0.12812372855836535,0.1696892125770963,0.4413197597457355,0.33413339197467856,0.9812327101683682,0.4831624075762964,0.9675518264745329,0.5153049903194492,102.114,134.886,122.602,1,1,0,0,0,0,0,0,0,0,0,0,0.0,0.0,0.0,0.0,0.0,0.0,0.0,0,0,0.0,0.0,0.0,0.0,0.9,104.57697599999999,7.33556,104.99667,0.5866892819964982,0.4831624075762964,0.4572977459239933,0.0,0.0,0.0,0.0,0.0,0.0,0.0,0.0,0,0.0,0.0,0,0,0,0,0,0,0,0,0,0,0,0,0,0,0,0,0
1,408.922,40,SCARH_Black,3.483256201497416,-2.966847849483748,0.0014824787573856555,0.16820673381971063,0.3456811736821418,0.9825125267927507,0.4861201085074214,0.9715725540404708,0.4873435432225741,102.114,136.261,121.756,1,1,0,0,0,0,0,0,0,0,0,0,0.0,0.0,0.0,0.0,0.0,0.0,0.0,0,0,0.0,0.0,0.0,0.0,0.9,106.09707600000002,7.33556,108.54723000000001,0.5844371230816723,0.4861201085074214,0.4731054768743085,0.0,0.0,0.0,0.0,0.0,0.0,0.0,0.0,0,0.0,0.0,0,0,0,0,0,0,0,0,0,0,0,0,0,0,0,0,0
1,409.928,40,SCARH_Black,3.5431428087291614,0.05952943064785829,2.094773782847616e-08,0.001482457809647827,0.3545726452873902,0.9810407083863834,0.46398530182035524,0.9745227492303133,0.47106089579423094,102.114,137.743,122.0,1,1,0,0,0,0,0,0,0,0,0,0,0.0,0.0,0.0,0.0,0.0,0.0,0.0,0,0,0.0,0.0,0.0,0.0,0.9,114.689906,7.33556,111.75532000000001,0.46390073165141565,0.46398530182035524,0.3551177359208072,0.0,0.0,0.0,0.0,0.0,0.0,0.0,0.0,0,0.0,0.0,0,0,0,0,0,0,0,0,0,0,0,0,0,0,0,0,0
1,410.934,41,SCARH_Black,3.5619261854831863,0.018671348662052546,2.094773782847616e-08,0.0,0.26446514876231475,0.9802106434751504,0.4696665584524818,0.9766970379317363,0.4420065721306405,134.886,139.76,122.017,1,1,0,0,0,0,0,0,0,0,0,0,0.0,0.0,0.0,0.0,0.0,0.0,0.0,0,0,0.0,0.0,0.0,0.0,0.9,127.93235,63.0185,114.67318,0.38505976693933064,0.4696665584524818,0.3134223092026357,0.0,0.0,0.0,0.0,0.0,0.0,0.0,0.0,0,0.0,0.0,0,0,0,0,0,0,0,0,0,0,0,0,0,0,0,0,0
1,411.928,41,SCARH_Black,3.680232873822564,0.11902081321868965,0.006906338235648152,0.0069063172879103235,0.07500327360979922,0.9793388007911215,0.4343519971598627,0.9785168791526504,0.3950026413365155,134.886,140.453,124.825,1,1,0,0,0,0,0,0,0,0,0,0,0.0,0.0,0.0,0.0,0.0,0.0,0.0,0,0,0.0,0.0,0.0,0.0,0.9,135.67579999999998,102.114,117.511,0.2890878216094874,0.4343519971598627,0.2962913285848775,0.0,0.0,0.0,0.0,0.0,0.0,0.0,0.0,0,0.0,0.0,0,0,0,0,0,0,0,0,0,0,0,0,0,0,0,0,0
1,412.942,41,SCARH_Black,3.6000558047510363,-0.07907008784174314,0.13668690584635382,0.12978056761070567,0.06025738539436775,0.9779845259599202,0.27562320091018355,0.98004113178424,0.3514750970947035,133.908,133.908,127.154,1,1,0,0,0,0,0,0,0,0,0,0,0.0,0.0,0.0,0.0,0.0,0.0,0.0,0,0,0.0,0.0,0.0,0.0,0.9,135.25730000000001,102.114,120.1617,0.1782160361251563,0.27562320091018355,0.2813914884303896,0.0,0.0,0.0,0.0,0.0,0.0,0.0,0.0,0,0.0,0.0,0,0,0,0,0,0,0,0,0,0,0,0,0,0,0,0,0
1,413.935,41,SCARH_Black,3.2934509038796618,-0.3087662647244456,0.6796309761823931,0.5429440703360393,0.2937216515523565,0.9775296422946106,0.3128538189648275,0.9813026051975839,0.3325727503411049,95.7676,95.7676,130.347,1,1,0,1,0,0,0,0,0,0,0,0,0.0,0.0,0.0,0.0,0.0,0.0,0.0,0,0,0.0,0.0,0.0,0.0,0.9,130.64466,95.7676,122.61699999999999,0.2406883128031753,0.3128538189648275,0.21663624033524725,0.0,0.0,0.0,0.0,0.0,0.0,0.0,0.0,0,0.0,0.0,0,0,0,0,0,0,0,0,0,0,0,0,0,0,0,0,0
1,414.941,41,SCARH_Black,2.545760703187944,-0.7432308157969363,1.0503133333536145,0.37068235717122144,0.4695100534287705,0.976693168158455,0.3938008807503191,0.9806499095112506,0.32493095536304306,95.7676,157.519,131.488,1,1,0,0,0,0,0,0,0,0,0,0,0.0,0.0,0.0,0.0,0.0,0.0,0.0,0,0,0.0,0.0,0.0,0.0,0.9,131.89435999999998,95.7676,124.4229,0.3414413175193921,0.3938008807503191,0.2524919837312937,0.0,0.0,0.0,0.0,0.0,0.0,0.0,0.0,0,0.0,0.0,0,0,0,0,0,0,0,0,0,0,0,0,0,0,0,0,0
1,415.93,41,SCARH_Black,3.0942726187538128,0.5546126547683204,0.6443275962899514,0.40598573706366314,0.42749749661877157,0.9796366639699396,0.3818149271190622,0.9802311671053594,0.31330182119472966,95.7676,140.693,149.997,1,1,0,0,0,0,0,0,0,0,0,0,0.0,0.0,0.0,0.0,0.0,0.0,0.0,0,0,0.0,0.0,0.0,0.0,1.0,135.75226,95.7676,127.3539,0.33000458554607504,0.3818149271190622,0.22149939445449243,0.0,0.0,0.0,0.0,0.0,0.0,0.0,0.0,0,0.0,0.0,0,0,0,0,0,0,0,0,0,0,0,0,0,0,0,0,0
1,417.002,41,SCARH_Black,3.669078216015803,0.5361992511772296,0.7254487794035431,0.08112118311359173,0.3279888854828217,0.9828114852605356,0.39273213167667514,0.9799053750011234,0.2952831105793413,95.7676,152.432,134.7,1,1,0,0,0,0,0,0,0,0,0,0,0.0,0.0,0.0,0.0,0.0,0.0,0.0,0,0,0.0,0.0,0.0,0.0,1.0,136.94225999999998,95.7676,128.6886,0.3414485662541462,0.39273213167667514,0.21484291839582254,0.0,0.0,0.0,0.0,0.0,0.0,0.0,0.0,0,0.0,0.0,0,0,0,0,0,0,0,0,0,0,0,0,0,0,0,0,0
1,418.009,41,SCARH_Black,6.2101476467568615,2.5234055915998597,0.2463449246256299,0.47910385477791323,0.28633247880901364,0.9832423586072778,0.3897438706692481,0.9796124450465868,0.2905030192627748,95.7676,139.377,140.328,1,1,0,0,0,0,0,0,0,0,0,0,0.0,0.0,0.0,0.0,0.0,0.0,0.0,0,0,0.0,0.0,0.0,0.0,1.0,137.39136,95.7676,130.46120000000002,0.34911413745899955,0.3897438706692481,0.21862132789904026,0.0,0.0,0.0,0.0,0.0,0.0,0.0,0.0,0,0.0,0.0,0,0,0,0,0,0,0,0,0,0,0,0,0,0,0,0,0
1,418.959,41,SCARH_Black,7.048039556117307,0.8819914835373112,0.0941569589564346,0.1521879656691953,0.38404760370591184,0.9833578595286394,0.3815755494333935,0.9796039454836537,0.2943396622651518,139.377,145.899,145.887,1,1,0,0,0,0,0,0,0,0,0,0,0.0,0.0,0.0,0.0,0.0,0.0,0.0,0,0,0.0,0.0,0.0,0.0,1.0,138.35516,95.7676,132.8743,0.3583815854789044,0.3815755494333935,0.21701945108398873,0.0,0.0,0.0,0.0,0.0,0.0,0.0,0.0,0,0.0,0.0,0,0,0,0,0,0,0,0,0,0,0,0,0,0,0,0,0
1,419.948,41,SCARH_Black,6.781440981926359,-0.26956377572391127,0.0002870909510625931,0.093869868005372,0.32625858480262115,0.9835394802226141,0.38154560122145736,0.9796482848261661,0.29150825621667487,139.377,147.644,150.921,1,1,0,0,0,0,0,0,0,0,0,0,0.0,0.0,0.0,0.0,0.0,0.0,0.0,0,0,0.0,0.0,0.0,0.0,1.0,139.34526,95.7676,135.7664,0.3584102924792369,0.38154560122145736,0.22625819210356118,0.0,0.0,0.0,0.0,0.0,0.0,0.0,0.0,0,0.0,0.0,0,0,0,0,0,0,0,0,0,0,0,0,0,0,0,0,0
1,420.956,42,SCARH_Black,6.6457228522027085,-0.1346410017099705,0.07299571129286485,0.07270862034180225,0.29222643830401773,0.9859609637555543,0.3745610965793614,0.9801317282713367,0.29428438517084515,139.377,144.448,157.114,1,1,0,0,0,0,0,0,0,0,0,0,0.0,0.0,0.0,0.0,0.0,0.0,0.0,0,0,0.0,0.0,0.0,0.0,1.0,139.81406,95.7676,139.27609999999999,0.3657098615137496,0.3745610965793614,0.23352905413774136,0.0,0.0,0.0,0.0,0.0,0.0,0.0,0.0,0,0.0,0.0,0,0,0,0,0,0,0,0,0,0,0,0,0,0,0,0,0
1,421.966,42,SCARH_Black,6.616686264581939,-0.028749096654227167,0.20688503259749474,0.13388932130462988,0.10079068401442721,0.9866143222206147,0.35825973597381283,0.9807254324563519,0.296863126211308,133.759,133.759,161.505,1,1,0,0,0,0,0,0,0,0,0,0,0.0,0.0,0.0,0.0,0.0,0.0,0.0,0,0,0.0,0.0,0.0,0.0,1.0,139.14466000000002,95.7676,142.9441,0.38570773094993427,0.35825973597381283,0.2462273545394133,0.0,0.0,0.0,0.0,0.0,0.0,0.0,0.0,0,0.0,0.0,0,0,0,0,0,0,0,0,0,0,0,0,0,0,0,0,0
1,422.964,42,SCARH_Black,4.2958479385100174,-2.3254893046812843,0.19179450694711098,0.015090525650383768,0.08614279755302587,0.9862213074654875,0.3544068014330782,0.9812367009354318,0.2994516674271738,123.162,123.162,166.409,1,1,0,1,0,0,0,0,0,0,0,0,0.0,0.0,0.0,0.0,0.0,0.0,0.0,0,0,0.0,0.0,0.0,0.0,1.0,138.07005999999998,95.7676,146.8696,0.39121849106001,0.3544068014330782,0.23475835034338116,0.0,0.0,0.0,0.0,0.0,0.0,0.0,0.0,0,0.0,0.0,0,0,0,0,0,0,0,0,0,0,0,0,0,0,0,0,0
1,423.951,42,SCARH_Black,2.0083997915270024,-2.31757664334652,0.020180480043260916,0.17161402690385005,0.09602258361315481,0.985677797276612,0.35612693998960065,0.9816421066148964,0.2796817606332536,123.162,124.797,168.233,1,1,0,1,1,0,0,0,0,0,0,0,0.0,0.0,0.0,0.0,0.0,0.0,0.0,0,0,0.0,0.0,0.0,0.0,1.0,140.973,123.162,150.65820000000002,0.3252734414460968,0.35612693998960065,0.1976253460001622,0.0,0.0,0.0,0.0,0.0,0.0,0.0,0.0,0,0.0,0.0,0,0,0,0,0,0,0,0,0,0,0,0,0,0,0,0,0
1,424.952,42,SCARH_Black,2.8595898786714535,0.8503397473970541,0.07930452438576316,0.05912404434250224,0.08118893920774221,0.9864751674814559,0.25428977981613843,0.9820125648673853,0.24084964921115076,121.155,121.155,170.741,1,1,0,1,1,0,0,0,0,0,0,0,0.0,0.0,0.0,0.0,0.0,0.0,0.0,0,0,0.0,0.0,0.0,0.0,1.0,137.3366,121.155,154.58350000000002,0.2281725605493116,0.25428977981613843,0.16646951471729032,0.0,0.0,0.0,0.0,0.0,0.0,0.0,0.0,0,0.0,0.0,0,0,0,0,0,0,0,0,0,0,0,0,0,0,0,0,0
1,425.972,42,SCARH_Black,1.9129404227857998,-0.9280877018486802,0.2328251196267378,0.15352059524097464,0.09168065177815464,0.9884981536669492,0.20866582342059153,0.982424425131079,0.2072679647270891,108.184,108.184,171.729,1,1,0,0,0,0,0,0,0,0,0,0,0.0,0.0,0.0,0.0,0.0,0.0,0.0,0,0,0.0,0.0,0.0,0.0,1.0,134.0857,108.184,156.7567,0.18702231288299026,0.20866582342059153,0.14122300053502146,0.0,0.0,0.0,0.0,0.0,0.0,0.0,0.0,0,0.0,0.0,0,0,0,0,0,0,0,0,0,0,0,0,0,0,0,0,0
1,426.956,42,SCARH_Black,4.2101085747420735,2.3345204796303594,0.6144018068880713,0.38157668726133354,0.2323463616406655,0.9838615062509681,0.1774479146772957,0.9826219895866706,0.19770371234287348,108.184,143.777,174.523,1,1,0,0,0,0,0,0,0,0,0,0,0.0,0.0,0.0,0.0,0.0,0.0,0.0,0,0,0.0,0.0,0.0,0.0,1.0,133.2202,108.184,160.739,0.1759176156314431,0.1774479146772957,0.17126855094979562,0.0,0.0,0.0,0.0,0.0,0.0,0.0,0.0,0,0.0,0.0,0,0,0,0,0,0,0,0,0,0,0,0,0,0,0,0,0
1,427.962,42,SCARH_Black,6.353852810035216,2.1309584843868214,0.6142088086029956,0.00019299828507568506,0.2865097404694066,0.9821095201924332,0.22533842254624242,0.9826658300878736,0.19772143850891274,108.184,166.271,207.265,1,1,0,0,0,0,0,0,0,0,0,0,0.0,0.0,0.0,0.0,0.0,0.0,0.0,0,0,0.0,0.0,0.0,0.0,1.0,135.90959999999998,108.184,167.4327,0.21270400402917966,0.22533842254624242,0.12337746530051188,0.0,0.0,0.0,0.0,0.0,0.0,0.0,0.0,0,0.0,0.0,0,0,0,0,0,0,0,0,0,0,0,0,0,0,0,0,0
1,428.959,42,SCARH_Black,6.708733577458649,0.35594861326322347,0.0020782435396088763,0.6121305650633868,0.2911980928937492,0.9757383614284659,0.23248861434098217,0.9823271218196595,0.1884364874276965,108.184,166.688,213.642,1,1,0,0,0,0,0,0,0,0,0,0,0.0,0.0,0.0,0.0,0.0,0.0,0.0,0,0,0.0,0.0,0.0,0.0,1.0,137.9885,108.184,174.20819999999998,0.2034961324874971,0.23248861434098217,0.16937172523993102,0.0,0.0,0.0,0.0,0.0,0.0,0.0,0.0,0,0.0,0.0,0,0,0,0,0,0,0,0,0,0,0,0,0,0,0,0,0
1,429.963,42,SCARH_Black,6.652692344719396,-0.05581796089567053,0.17813227046050029,0.17605402692089142,0.27462907740672765,0.9718507725229939,0.2217719354880402,0.9818676250264898,0.18327353668810714,108.184,169.08,193.812,1,1,0,0,0,0,0,0,0,0,0,0,0.0,0.0,0.0,0.0,0.0,0.0,0.0,0,0,0.0,0.0,0.0,0.0,1.0,140.13209999999998,108.184,178.4973,0.22128065043844086,0.2217719354880402,0.177590141131483,0.0,0.0,0.0,0.0,0.0,0.0,0.0,0.0,0,0.0,0.0,0,0,0,0,0,0,0,0,0,0,0,0,0,0,0,0,0
1,430.955,43,SCARH_Black,6.74724636234944,0.09531655003028597,0.08122817287041224,0.09690409759008804,0.29539215338371566,0.9731164363944411,0.22117479720904923,0.9815129146724544,0.18359010819607693,143.777,164.965,199.975,1,1,0,0,0,0,0,0,0,0,0,0,0.0,0.0,0.0,0.0,0.0,0.0,0.0,0,0,0.0,0.0,0.0,0.0,1.0,142.1838,108.184,182.78339999999997,0.2221038965961956,0.22117479720904923,0.18000968885631158,0.0,0.0,0.0,0.0,0.0,0.0,0.0,0.0,0,0.0,0.0,0,0,0,0,0,0,0,0,0,0,0,0,0,0,0,0,0
1,432.018,43,SCARH_Black,4.714475571645601,-1.9122961342463205,2.4979153356787824,2.4166871628083704,1.0463008279866,0.9731419768623892,0.7523643270648903,0.9812030734760178,0.2781411225932942,13.6304,13.6304,203.251,1,1,0,0,0,0,0,0,0,0,0,0,0.0,0.0,0.0,0.0,0.0,0.0,0.0,0,0,0.0,0.0,0.0,0.0,1.0,130.17094000000003,13.6304,186.958,0.4512069269043243,0.7523643270648903,0.4082894730066856,0.0,0.0,0.0,0.0,0.0,0.0,0.0,0.0,0,0.0,0.0,0,0,0,0,0,0,0,0,0,0,0,0,0,0,0,0,0
1,432.962,43,SCARH_Black,3.22934666743425,-1.5732297714103296,0.2631322298579171,2.234783105820865,1.0630226251536936,0.9513198351280379,0.7499657108256702,0.9798698389344238,0.375829105353361,1.58536,1.58536,203.265,1,1,1,0,0,0,0,0,0,0,0,0,0.0,0.0,0.0,0.0,0.0,0.0,0.0,0,0,0.1,0.0,0.0,0.0,1.0,118.01327599999999,1.58536,190.6436,0.458340699195405,0.7499657108256702,0.6302587310237338,0.0,0.0,0.0,0.0,0.0,0.0,0.0,0.0,0,0.0,0.0,0,0,0,0,0,0,0,0,0,0,0,0,0,0,0,0,0
1,433.963,43,SCARH_Black,2.9889020869034484,-0.24020437615464713,8.267329565743579e-05,0.2630495565622597,1.0633056864190524,0.944137295327083,0.7512961211724374,0.9782002215860475,0.47255741563395076,1.58536,1.85688,204.939,1,1,1,0,0,0,0,0,0,0,0,0,0.0,0.0,0.0,0.0,0.0,0.0,0.0,0,0,0.2,0.0,0.0,0.0,1.0,105.719264,1.58536,194.31419999999997,0.4563309185206446,0.7512961211724374,0.6394022839895747,0.0,0.0,0.0,0.0,0.0,0.0,0.0,0.0,0,0.0,0.0,0,0,0,0,0,0,0,0,0,0,0,0,0,0,0,0,0
1,434.969,43,SCARH_Black,3.145241752265667,0.15540722203003843,2.094773782847616e-08,8.265234791960732e-05,1.0839300398988043,0.9421701940867365,0.7561211558545611,0.9764740728824615,0.572831525703057,1.58536,2.26469,206.677,1,1,1,0,0,0,0,0,0,0,0,0,0.0,0.0,0.0,0.0,0.0,0.0,0.0,0,0,0.3,0.0,0.0,0.0,1.0,93.83023299999999,1.58536,197.9078,0.4484004681768421,0.7561211558545611,0.6334981447901165,0.0,0.0,0.0,0.0,0.0,0.0,0.0,0.0,0,0.0,0.0,0,0,0,0,0,0,0,0,0,0,0,0,0,0,0,0,0
1,435.969,43,SCARH_Black,2.7809310383390304,-0.3643107139266366,0.6581334861038303,0.6581334651560924,1.0492481086702115,0.9431955213248041,0.7546080151107342,0.9746520157502048,0.6685882713922626,1.58536,39.6208,209.963,1,1,0,0,0,0,0,0,0,0,0,0,0.0,0.0,0.0,0.0,0.0,0.0,0.0,0,0,0.3,0.0,0.0,0.0,1.0,86.973913,1.58536,201.7312,0.49093130482455133,0.7546080151107342,0.6839594317816282,0.0,0.0,0.0,0.0,0.0,0.0,0.0,0.0,0,0.0,0.0,0,0,0,0,0,0,0,0,0,0,0,0,0,0,0,0,0
1,436.966,43,SCARH_Black,3.3584543679357077,0.5792611129354838,0.9792343262101797,0.3211008401063494,0.4297776113271744,0.9265078154700521,0.7699050379627118,0.9718368322606805,0.6883313963609135,1.58536,96.4049,210.681,1,1,0,0,0,0,0,0,0,0,0,0,0.0,0.0,0.0,0.0,0.0,0.0,0.0,0,0,0.3,0.0,0.0,0.0,1.0,82.23670299999999,1.58536,205.34699999999998,0.5274145567567621,0.7699050379627118,0.6779118470661298,0.0,0.0,0.0,0.0,0.0,0.0,0.0,0.0,0,0.0,0.0,0,0,0,0,0,0,0,0,0,0,0,0,0,0,0,0,0
1,437.967,43,SCARH_Black,6.346606171867824,2.9851666372948222,0.5738263389586986,0.4054079872514811,0.43109371596381785,0.9179708403478071,0.7695050100415518,0.9685732563477071,0.7027897939103547,1.85688,130.572,214.832,1,1,0,0,0,0,0,0,0,0,0,0,0.0,0.0,0.0,0.0,0.0,0.0,0.0,0,0,0.3,0.0,0.0,0.0,1.0,78.666803,1.58536,206.10369999999998,0.5233763097923324,0.7695050100415518,0.7184333459627703,0.0,0.0,0.0,0.0,0.0,0.0,0.0,0.0,0,0.0,0.0,0,0,0,0,0,0,0,0,0,0,0,0,0,0,0,0,0
1,438.962,43,SCARH_Black,6.687866855862304,0.3429755618034973,1.462082783490508,0.8882564445318093,0.5386115403401025,0.9169410004777143,0.7976004630924592,0.9652524133951607,0.72753113865499,2.26469,134.193,252.404,1,1,0,0,0,0,0,0,0,0,0,0,0.0,0.0,0.0,0.0,0.0,0.0,0.0,0,0,0.3,0.0,0.0,0.0,1.0,75.417303,1.58536,209.9799,0.6693767637874224,0.7976004630924592,0.7460459339096126,0.0,0.0,0.0,0.0,0.0,0.0,0.0,0.0,0,0.0,0.0,0,0,0,0,0,0,0,0,0,0,0,0,0,0,0,0,0
1,439.967,43,SCARH_Black,6.608921909489136,-0.07855218544593849,0.13455685552935398,1.327525927961154,0.49426414918865724,0.9105330848622701,0.8006955163338552,0.9616020936271434,0.749494645833183,39.6208,126.882,258.774,1,1,0,0,0,0,0,0,0,0,0,0,0.0,0.0,0.0,0.0,0.0,0.0,0.0,0,0,0.3,0.0,0.0,0.0,1.0,71.197503,1.58536,216.4761,0.6650192222943078,0.8006955163338552,0.8611931240136389,0.0,0.0,0.0,0.0,0.0,0.0,0.0,0.0,0,0.0,0.0,0,0,0,0,0,0,0,0,0,0,0,0,0,0,0,0,0
1,440.968,44,SCARH_Black,6.923449069057378,0.3142129466216206,0.0432770961848391,0.09127975934451488,0.5930472403728165,0.8842483655366002,0.8038537071482431,0.9565164637161958,0.779260154532093,96.4049,130.425,263.698,1,1,0,0,0,0,0,0,0,0,0,0,0.0,0.0,0.0,0.0,0.0,0.0,0.0,0,0,0.3,0.0,0.0,0.0,1.0,67.743503,1.58536,222.8484,0.6612241146257504,0.8038537071482431,0.8606306901890817,0.0,0.0,0.0,0.0,0.0,0.0,0.0,0.0,0,0.0,0.0,0,0,0,0,0,0,0,0,0,0,0,0,0,0,0,0,0
1,441.968,44,SCARH_Black,6.492928430993212,-0.4305206380641664,4.2426044889932575e-05,0.04323467013994917,0.6137531957350015,0.8717998119358963,0.5006014958712538,0.9507757382019599,0.7360053913069332,126.882,131.149,269.266,1,1,0,0,0,0,0,0,0,0,0,0,0.0,0.0,0.0,0.0,0.0,0.0,0.0,0,0,0.3,0.0,0.0,0.0,1.0,79.49536300000001,1.58536,229.4499,0.4114368236623611,0.5006014958712538,0.6232854409222395,0.0,0.0,0.0,0.0,0.0,0.0,0.0,0.0,0,0.0,0.0,0,0,0,0,0,0,0,0,0,0,0,0,0,0,0,0,0
1,442.999,44,SCARH_Black,6.509713437543772,0.01628031673187254,2.043979074243164e-08,4.240560509919014e-05,0.6363511802617321,0.8536755957337665,0.5159434565871657,0.9441484526153738,0.693338246817737,126.882,132.141,274.025,1,1,0,0,0,0,0,0,0,0,0,0,0.0,0.0,0.0,0.0,0.0,0.0,0.0,0,0,0.2,0.0,0.0,0.0,1.0,92.550927,1.85688,236.5259,0.3851236027205486,0.5159434565871657,0.3998113709006628,0.0,0.0,0.0,0.0,0.0,0.0,0.0,0.0,0,0.0,0.0,0,0,0,0,0,0,0,0,0,0,0,0,0,0,0,0,0
1,443.971,44,SCARH_Black,6.870106628475714,0.37077488779006335,0.059815921897842766,0.059815901458052025,0.05535538124248828,0.8447467934228158,0.5113153644525308,0.9371019024226841,0.5925432163000807,126.882,136.349,279.11,1,1,0,0,0,0,0,0,0,0,0,0,0.0,0.0,0.0,0.0,0.0,0.0,0.0,0,0,0.1,0.0,0.0,0.0,1.0,106.00013900000002,2.26469,243.94299999999998,0.3910969275807671,0.5113153644525308,0.3794880053902421,0.0,0.0,0.0,0.0,0.0,0.0,0.0,0.0,0,0.0,0.0,0,0,0,0,0,0,0,0,0,0,0,0,0,0,0,0,0
1,444.977,44,SCARH_Black,6.941489682895002,0.070957310555952,0.48885412729006783,0.42903820539222504,0.20876953547014337,0.8467318000627813,0.4928029201883315,0.9301147340517503,0.5050271658572145,130.425,164.829,285.663,1,1,0,0,0,0,0,0,0,0,0,0,0.0,0.0,0.0,0.0,0.0,0.0,0.0,0,0,0.0,0.0,0.0,0.0,1.0,122.25657000000001,39.6208,251.84160000000003,0.4399823382150001,0.4928029201883315,0.4223835606946726,0.0,0.0,0.0,0.0,0.0,0.0,0.0,0.0,0,0.0,0.0,0,0,0,0,0,0,0,0,0,0,0,0,0,0,0,0,0
1,445.978,44,SCARH_Black,6.76706253083821,-0.1742528991576341,0.32786238415281166,0.16099174313725617,0.22157015990153844,0.8513901893455201,0.48759791313137213,0.9232593358356788,0.42225937098034727,131.149,164.466,265.125,1,1,0,0,0,0,0,0,0,0,0,0,0.0,0.0,0.0,0.0,0.0,0.0,0.0,0,0,0.0,0.0,0.0,0.0,1.0,134.74108999999999,96.4049,257.3578,0.4069552280198982,0.48759791313137213,0.37266938849278897,0.0,0.0,0.0,0.0,0.0,0.0,0.0,0.0,0,0.0,0.0,0,0,0,0,0,0,0,0,0,0,0,0,0,0,0,0,0
1,446.976,44,SCARH_Black,5.346156913090189,-1.423753123996013,0.014851115789234813,0.31301126836357684,0.2187222366631889,0.8587183673899336,0.45619249043446025,0.917002178892627,0.4011538335139487,132.141,163.023,267.99,1,1,0,0,0,0,0,0,0,0,0,0,0.0,0.0,0.0,0.0,0.0,0.0,0.0,0,0,0.0,0.0,0.0,0.0,1.0,141.4029,126.882,263.0887,0.3105169069778037,0.45619249043446025,0.37186043131851176,0.0,0.0,0.0,0.0,0.0,0.0,0.0,0.0,0,0.0,0.0,0,0,0,0,0,0,0,0,0,0,0,0,0,0,0,0,0
1,447.978,44,SCARH_Black,3.627482439665686,-1.7152439854535955,0.0685810160956564,0.05372990030642158,0.20655965441884164,0.854181178690966,0.45174699527482504,0.9106057618175539,0.3787004273594511,136.349,158.604,271.27,1,1,0,0,0,0,0,0,0,0,0,0,0.0,0.0,0.0,0.0,0.0,0.0,0.0,0,0,0.0,0.0,0.0,0.0,1.0,144.20610000000002,126.882,268.7325,0.2599923746914995,0.45174699527482504,0.3366926226240058,0.0,0.0,0.0,0.0,0.0,0.0,0.0,0.0,0,0.0,0.0,0,0,0,0,0,0,0,0,0,0,0,0,0,0,0,0,0
1,448.983,44,SCARH_Black,3.781812034567111,0.15356178597156692,0.0032952030874149117,0.06528581300824149,0.2168897840828901,0.8507763256677445,0.16490539246207342,0.9043576600295176,0.3465282517337298,158.441,158.441,275.302,1,1,0,0,0,0,0,0,0,0,0,0,0.0,0.0,0.0,0.0,0.0,0.0,0.0,0,0,0.0,0.0,0.0,0.0,1.0,146.63090000000003,126.882,271.0223,0.11411361665119021,0.16490539246207342,0.254395559471649,0.0,0.0,0.0,0.0,0.0,0.0,0.0,0.0,0,0.0,0.0,0,0,0,0,0,0,0,0,0,0,0,0,0,0,0,0,0
1,450.056,45,SCARH_Black,3.102374291160777,-0.6332131811801808,3.336094946559904e-06,0.003291866992468352,0.13968807432851796,0.8434000853229704,0.1685021797818818,0.8979351256695166,0.3110706442477159,158.433,158.433,280.347,1,1,0,0,0,0,0,0,0,0,0,0,0.0,0.0,0.0,0.0,0.0,0.0,0.0,0,0,0.0,0.0,0.0,0.0,1.0,149.786,130.425,273.1796,0.10065826470774948,0.1685021797818818,0.12197215337478043,0.0,0.0,0.0,0.0,0.0,0.0,0.0,0.0,0,0.0,0.0,0,0,0,0,0,0,0,0,0,0,0,0,0,0,0,0,0
1,450.981,45,SCARH_Black,3.6927003016622835,0.6381902816232502,0.0,3.336094946559904e-06,0.029284500690035416,0.8251939302602934,0.17068133347417802,0.8905390003628092,0.25469437027943775,158.028,158.028,285.967,1,1,0,0,0,0,0,0,0,0,0,0,0.0,0.0,0.0,0.0,0.0,0.0,0.0,0,0,0.0,0.0,0.0,0.0,1.0,152.54630000000003,131.149,275.4065,0.09633055508926555,0.17068133347417802,0.1128445110498236,0.0,0.0,0.0,0.0,0.0,0.0,0.0,0.0,0,0.0,0.0,0,0,0,0,0,0,0,0,0,0,0,0,0,0,0,0,0
1,451.977,45,SCARH_Black,3.178032970279307,-0.5167342684568036,0.0,0.0,0.030335128357382772,0.8186109548838142,0.17068399333845471,0.8828124492638804,0.1963525635416759,157.541,157.541,291.755,1,1,0,0,0,0,0,0,0,0,0,0,0.0,0.0,0.0,0.0,0.0,0.0,0.0,0,0,0.0,0.0,0.0,0.0,1.0,155.1855,132.141,277.6554,0.09632631248477656,0.17068399333845471,0.1085210440358287,0.0,0.0,0.0,0.0,0.0,0.0,0.0,0.0,0,0.0,0.0,0,0,0,0,0,0,0,0,0,0,0,0,0,0,0,0,0
1,452.98,45,SCARH_Black,0.06741616615341331,-3.101312865529306,0.0,0.0,0.001473287342009104,0.8371243893537538,0.17068399462015363,0.8771026769751661,0.1328647742497036,156.988,156.988,294.082,1,1,0,0,0,0,0,0,0,0,0,0,0.0,0.0,0.0,0.0,0.0,0.0,0.0,0,0,0.0,0.0,0.0,0.0,1.0,157.67019999999997,136.349,279.66110000000003,0.0963263104407975,0.17068399462015363,0.10851680347531878,0.0,0.0,0.0,0.0,0.0,0.0,0.0,0.0,0,0.0,0.0,0,0,0,0,0,0,0,0,0,0,0,0,0,0,0,0,0
1,453.978,45,SCARH_Black,3.1337664954208035,3.0724953199072047,0.0,0.0,1.4918778294400487e-06,0.8465676536222186,0.17313616649452027,0.872224194889923,0.12732938531323773,156.518,156.518,299.457,1,1,0,0,0,0,0,0,0,0,0,0,0.0,0.0,0.0,0.0,0.0,0.0,0.0,0,0,0.0,0.0,0.0,0.0,1.0,159.6871,156.518,281.6958,0.09034471825101323,0.17313616649452027,0.10253521332951357,0.0,0.0,0.0,0.0,0.0,0.0,0.0,0.0,0,0.0,0.0,0,0,0,0,0,0,0,0,0,0,0,0,0,0,0,0,0
1,454.99,45,SCARH_Black,3.5073178598749903,0.3691219016345719,0.5791925457018205,0.5791925457018205,0.2590227808500849,0.8517363920562124,0.19695784536639876,0.8677025047883967,0.13235470985123188,122.774,122.774,305.137,1,1,0,0,0,0,0,0,0,0,0,0,0.0,0.0,0.0,0.0,0.0,0.0,0.0,0,0,0.0,0.0,0.0,0.0,1.0,155.48160000000001,122.774,283.6432,0.09937856009218848,0.19695784536639876,0.11755064736047309,0.0,0.0,0.0,0.0,0.0,0.0,0.0,0.0,0,0.0,0.0,0,0,0,0,0,0,0,0,0,0,0,0,0,0,0,0,0
1,455.982,45,SCARH_Black,4.5196231847482995,1.0204690774932552,2.064274160077506,1.4850816143756855,0.8943026009197736,0.8594982674317396,0.6545760978670486,0.8635176420937434,0.19962795395305538,6.24755,6.24755,312.066,1,1,0,0,0,0,0,0,0,0,0,0,0.0,0.0,0.0,0.0,0.0,0.0,0.0,0,0,0.0,0.0,0.0,0.0,1.0,139.659755,6.24755,288.3373,0.2730197376846579,0.6545760978670486,0.24995963448431607,0.0,0.0,0.0,0.0,0.0,0.0,0.0,0.0,0,0.0,0.0,0,0,0,0,0,0,0,0,0,0,0,0,0,0,0,0,0
1,456.985,45,SCARH_Black,3.071106307350759,-1.4441843244242678,0.042330296280932066,2.021943863796574,0.8882261198152621,0.8788466599887055,0.65342855442125,0.8611345843196763,0.2665783422682627,6.24755,8.34803,316.965,1,1,0,0,0,0,0,0,0,0,0,0,0.0,0.0,0.0,0.0,0.0,0.0,0.0,0,0,0.0,0.0,0.0,0.0,1.0,124.192258,6.24755,293.2348,0.27576765573382767,0.65342855442125,0.4208528940276158,0.0,0.0,0.0,0.0,0.0,0.0,0.0,0.0,0,0.0,0.0,0,0,0,0,0,0,0,0,0,0,0,0,0,0,0,0,0
1,457.991,45,SCARH_Black,4.195224256769411,1.1174134686070096,2.1130583591578023,2.0707280628768703,1.0556629126491892,0.8956881848069428,0.8665026733440558,0.8600204515426328,0.3514886680912975,6.24755,129.118,322.108,1,1,0,0,0,0,0,0,0,0,0,0,0.0,0.0,0.0,0.0,0.0,0.0,0.0,0,0,0.0,0.0,0.0,0.0,1.0,121.24365800000001,6.24755,298.31859999999995,0.4802153900400422,0.8665026733440558,0.6225527102846607,0.0,0.0,0.0,0.0,0.0,0.0,0.0,0.0,0,0.0,0.0,0,0,0,0,0,0,0,0,0,0,0,0,0,0,0,0,0
1,458.991,45,SCARH_Black,6.629541493195636,2.4343172364262253,0.20919299963453136,1.9038653595232709,1.0113297348440033,0.9013967680919213,0.8562971205089617,0.8592432399233433,0.43093266316740875,6.24755,140.97,328.413,1,1,0,0,0,0,0,0,0,0,0,0,0.0,0.0,0.0,0.0,0.0,0.0,0.0,0,0,0.0,0.0,0.0,0.0,1.0,119.49655799999998,6.24755,303.6297,0.5008051696947539,0.8562971205089617,0.8064106649361638,0.0,0.0,0.0,0.0,0.0,0.0,0.0,0.0,0,0.0,0.0,0,0,0,0,0,0,0,0,0,0,0,0,0,0,0,0,0
1,459.984,45,SCARH_Black,6.749603349466561,0.1209082137672961,0.0014462366806876619,0.2077467629538437,1.1007138410774402,0.8972408886953713,0.8562034731284679,0.8585786301149984,0.527035239842301,6.24755,141.046,335.126,1,1,0,0,0,0,0,0,0,0,0,0,0.0,0.0,0.0,0.0,0.0,0.0,0.0,0,0,0.0,0.0,0.0,0.0,1.0,117.75785799999998,6.24755,309.1076,0.5009494597533279,0.8562034731284679,0.8268561545323012,0.0,0.0,0.0,0.0,0.0,0.0,0.0,0.0,0,0.0,0.0,0,0,0,0,0,0,0,0,0,0,0,0,0,0,0,0,0
1,460.988,46,SCARH_Black,6.702344122280049,-0.047070943412860326,0.0,0.0014462366806876619,0.9207271160576017,0.9074170752220403,0.8562034731284679,0.8597370655992705,0.6161795013790576,8.34803,141.115,339.965,0,1,0,0,0,0,0,0,0,0,0,0,0.0,0.0,0.0,0.0,0.0,0.0,0.0,0,0,0.0,0.0,0.0,0.0,0.9,116.06655800000001,6.24755,314.50739999999996,0.5009494597533279,0.8562034731284679,0.8270004445908752,0.0,0.0,0.0,0.0,0.0,0.0,0.0,0.0,0,0.0,0.0,0,0,0,0,0,0,0,0,0,0,0,0,0,0,0,0,0
1,461.985,46,SCARH_Black,6.726243335272017,0.02397112637108053,0.40370150056847004,0.40370150056847004,0.8921901657784257,0.9132911261423915,0.839309822331394,0.8618116313095951,0.702365005121162,129.118,163.998,344.693,1,1,0,0,0,0,0,0,0,0,0,0,0.0,0.0,0.0,0.0,0.0,0.0,0.0,0,0,0.0,0.0,0.0,0.0,0.9,116.71225799999999,6.24755,319.8012,0.541319609810175,0.839309822331394,0.8673705946477221,0.0,0.0,0.0,0.0,0.0,0.0,0.0,0.0,0,0.0,0.0,0,0,0,0,0,0,0,0,0,0,0,0,0,0,0,0,0
1,462.997,46,SVD_Wooden,6.450990382428544,-0.27198908383742354,0.11138907778224014,0.29231242278622993,0.168678301900417,0.9333277697626018,0.8320350814250209,0.865794240011037,0.7190855065770027,140.97,169.776,352.614,1,1,0,0,0,0,0,0,0,0,0,0,0.0,0.0,0.0,0.0,0.0,0.0,0.0,0,0,0.0,0.0,0.0,0.0,0.9,117.991058,6.24755,325.6544,0.5524585175883989,0.8320350814250209,0.8966018369263452,0.0,0.0,0.0,0.0,0.0,0.0,0.0,0.0,0,0.0,0.0,0,0,0,0,0,0,0,0,0,0,0,0,0,0,0,0,0
1,463.989,46,SVD_Wooden,6.631900194409244,0.18236876207731878,0.00014993409344447392,0.11123914368879566,0.1746364101117959,0.9420514480097376,0.8320240211540155,0.8706594727403829,0.7365489984003993,141.046,169.127,360.82,1,1,0,0,0,0,0,0,0,0,0,0,0.0,0.0,0.0,0.0,0.0,0.0,0.0,0,0,0.0,0.0,0.0,0.0,0.9,119.25195799999999,6.24755,331.79069999999996,0.5524735109977434,0.8320240211540155,0.9077257512952249,0.0,0.0,0.0,0.0,0.0,0.0,0.0,0.0,0,0.0,0.0,0,0,0,0,0,0,0,0,0,0,0,0,0,0,0,0,0
1,465.024,46,SVD_Wooden,6.37010058296859,-0.25294648448372414,0.0,0.00014993409344447392,0.17484842975982184,0.9356903078977797,0.8499243377458621,0.875107398132133,0.7281315632913731,141.115,168.526,369.798,1,1,0,0,0,0,0,0,0,0,0,0,0.0,0.0,0.0,0.0,0.0,0.0,0.0,0,0,0.0,0.0,0.0,0.0,0.9,123.82715800000001,6.24755,338.2568,0.49455425642756146,0.8499243377458621,0.8498214901343871,0.0,0.0,0.0,0.0,0.0,0.0,0.0,0.0,0,0.0,0.0,0,0,0,0,0,0,0,0,0,0,0,0,0,0,0,0,0
1,466.019,46,SVD_Wooden,6.76136909042621,0.39323468086192975,0.0,0.0,0.17484842975982184,0.9367773224866268,0.6545382575079709,0.8793767547891884,0.6561861461753778,163.998,168.151,379.749,1,1,0,0,0,0,0,0,0,0,0,0,0.0,0.0,0.0,0.0,0.0,0.0,0.0,0,0,0.0,0.0,0.0,0.0,0.9,140.017503,8.34803,345.02509999999995,0.2881268404198108,0.6545382575079709,0.7013133286968187,0.0,0.0,0.0,0.0,0.0,0.0,0.0,0.0,0,0.0,0.0,0,0,0,0,0,0,0,0,0,0,0,0,0,0,0,0,0
1,466.998,46,SCARH_Black,6.61582194652067,-0.14866919704345208,0.26428234418231017,0.26428234418231017,0.11619419977138819,0.939073100482428,0.6490171477453496,0.883394491443813,0.5789829541709905,153.398,153.398,391.209,0,1,0,0,0,0,0,0,0,0,0,0,0.0,0.0,0.0,0.0,0.0,0.0,0.0,0,0,0.0,0.0,0.0,0.0,0.8,154.52249999999998,129.118,352.44950000000006,0.3103220452099486,0.6490171477453496,0.5255471767353922,0.0,0.0,0.0,0.0,0.0,0.0,0.0,0.0,0,0.0,0.0,0,0,0,0,0,0,0,0,0,0,0,0,0,0,0,0,0
1,468.0,46,SCARH_Black,6.298603762971436,-0.31658501352218965,0.6244170462507037,0.36013470206839354,0.27465032460974553,0.9402509522597285,0.21556166398264504,0.8876979801222511,0.5008816953670462,117.528,117.528,401.322,0,1,0,0,0,0,0,0,0,0,0,0,0.0,0.0,0.0,0.0,0.0,0.0,0.0,0,0,0.0,0.0,0.0,0.0,0.7,153.3635,117.528,360.3709,0.16145791391923875,0.21556166398264504,0.35448784065454453,0.0,0.0,0.0,0.0,0.0,0.0,0.0,0.0,0,0.0,0.0,0,0,0,0,0,0,0,0,0,0,0,0,0,0,0,0,0
1,468.998,46,SCARH_Black,3.7498178959077815,-2.5538936543723993,0.6306979576878405,0.006280911437136827,0.3145663914943975,0.9397719221658868,0.2621158387075077,0.8921477599471581,0.43120536103208557,81.4642,81.4642,406.636,0,1,0,0,0,0,0,0,0,0,0,0,0.0,0.0,0.0,0.0,0.0,0.0,0.0,0,0,0.0,0.0,0.0,0.0,0.6,147.41292,81.4642,368.1932,0.20360840972456967,0.2621158387075077,0.16472939584593116,0.0,0.0,0.0,0.0,0.0,0.0,0.0,0.0,0,0.0,0.0,0,0,0,0,0,0,0,0,0,0,0,0,0,0,0,0,0
1,469.999,46,SCARH_Black,3.4870567418662812,-0.26249865538611417,0.031524155663693675,0.5991738020241468,0.30718235184357806,0.9374231759568961,0.2596996971454381,0.8968489144788545,0.3518522121086993,79.961,79.961,408.994,0,1,0,0,0,0,0,0,0,0,0,0,0.0,0.0,0.0,0.0,0.0,0.0,0.0,0,0,0.0,0.0,0.0,0.0,0.5,141.30442,79.961,375.58,0.20661620162287025,0.2596996971454381,0.2038720997529615,0.0,0.0,0.0,0.0,0.0,0.0,0.0,0.0,0,0.0,0.0,0,0,0,0,0,0,0,0,0,0,0,0,0,0,0,0,0
1,471.001,47,SCARH_Black,3.406397963752925,-0.08049778254825957,0.11833261097175515,0.08680845530806147,0.2807295131483751,0.9336882332206703,0.25181538016750427,0.9022736296268732,0.28785245181777663,79.961,87.208,409.669,0,1,0,0,0,0,0,0,0,0,0,0,0.0,0.0,0.0,0.0,0.0,0.0,0.0,0,0,0.0,0.0,0.0,0.0,0.5,135.91371999999998,79.961,382.55039999999997,0.2184494627200458,0.25181538016750427,0.2124083216156989,0.0,0.0,0.0,0.0,0.0,0.0,0.0,0.0,0,0.0,0.0,0,0,0,0,0,0,0,0,0,0,0,0,0,0,0,0,0
1,472.005,47,SCARH_Black,3.407775522385463,0.0013720703511332125,0.44638185634688365,0.3280492453751285,0.28125951183152925,0.927320065388572,0.2556368014848564,0.9077090851521114,0.22675938642308702,79.961,113.418,410.543,0,1,0,0,0,0,0,0,0,0,0,0,0.0,0.0,0.0,0.0,0.0,0.0,0.0,0,0,0.0,0.0,0.0,0.0,0.4,130.85572000000002,79.961,389.1354,0.22271749829788715,0.2556368014848564,0.2048430960963647,0.0,0.0,0.0,0.0,0.0,0.0,0.0,0.0,0,0.0,0.0,0,0,0,0,0,0,0,0,0,0,0,0,0,0,0,0,0
1,472.999,47,SCARH_Black,3.695819221737988,0.2897823937148142,0.32224864992291735,0.1241332064239663,0.24283856332787926,0.9244734021979477,0.2541254776403954,0.912076535794321,0.23417541256583324,79.961,132.266,414.028,0,1,0,0,0,0,0,0,0,0,0,0,0.0,0.0,0.0,0.0,0.0,0.0,0.0,0,0,0.0,0.0,0.0,0.0,0.3,127.10472,79.961,395.2768,0.24380345551195487,0.2541254776403954,0.18802517446013836,0.0,0.0,0.0,0.0,0.0,0.0,0.0,0.0,0,0.0,0.0,0,0,0,0,0,0,0,0,0,0,0,0,0,0,0,0,0
1,474.009,47,SCARH_Black,3.629807068288995,-0.06535856777128045,0.030610036675521122,0.2916386132473962,0.18633113467501822,0.9226919750937103,0.2510443606271448,0.9158827518678955,0.23534488502215548,79.961,130.949,417.615,0,1,0,0,0,0,0,0,0,0,0,0,0.0,0.0,0.0,0.0,0.0,0.0,0.0,0,0,0.0,0.0,0.0,0.0,0.2,123.28692000000001,79.961,400.9563,0.24684946577016253,0.2510443606271448,0.2060651214159984,0.0,0.0,0.0,0.0,0.0,0.0,0.0,0.0,0,0.0,0.0,0,0,0,0,0,0,0,0,0,0,0,0,0,0,0,0,0
1,475.01,47,SCARH_Black,3.01548205149083,-0.6137113054926725,2.5036677709590833,2.4730577342835622,1.0302202372972527,0.9082348085102723,0.7433160246247206,0.9187076726905985,0.3208820657758985,7.60225,7.60225,411.57,1,1,0,0,0,0,0,0,0,0,0,0,0.0,0.0,0.0,0.0,0.0,0.0,0.0,0,0,0.0,0.0,0.0,0.0,0.2,107.19454500000002,7.60225,405.1335,0.49721624286607086,0.7433160246247206,0.4533559014350102,0.0,0.0,0.0,0.0,0.0,0.0,0.0,0.0,0,0.0,0.0,0,0,0,0,0,0,0,0,0,0,0,0,0,0,0,0,0
1,476.003,47,SCARH_Black,2.808871813346191,-0.20806670508020003,0.003293655443798155,2.500374115515285,1.0471636442647263,0.8991939881311197,0.7430719164802381,0.9206924587255676,0.408113587226389,7.60225,7.72314,413.27,1,1,0,0,0,0,0,0,0,0,0,0,0.0,0.0,0.0,0.0,0.0,0.0,0.0,0,0,0.0,0.0,0.0,0.0,0.2,91.151759,7.60225,408.48560000000003,0.4975456084104507,0.7430719164802381,0.7033933129865387,0.0,0.0,0.0,0.0,0.0,0.0,0.0,0.0,0,0.0,0.0,0,0,0,0,0,0,0,0,0,0,0,0,0,0,0,0,0
1,477.007,47,SCARH_Black,3.105435854357467,0.29538251096740614,0.19925108195693725,0.1959574265131391,1.065511848916305,0.8987035456889781,0.7456203848788249,0.9216853030105812,0.5030453521408808,4.39079,4.39079,421.441,0,1,1,0,0,0,1,0,1,0,0,0,0.0,0.0,0.0,0.0,0.0,0.0,0.0,0,0,0.1,0.1,0.0,0.0,0.2,76.251038,4.39079,411.50879999999995,0.49104248218791346,0.7456203848788249,0.6965608212196217,0.0,0.0,0.1,0.0,0.0,0.0,0.0,0.0,0,0.0,0.0,0,0,0,0,0,0,0,0,0,0,0,0,0,0,0,0,0
1,478.006,47,SCARH_Black,3.0203536547668715,-0.08516736695755305,0.016633934160487994,0.18261714779644925,1.0946430119806472,0.894676639630046,0.7582056661831396,0.9216347257517363,0.5850446208779708,4.39079,4.53095,424.298,0,1,1,0,0,0,1,0,1,0,0,0,0.0,0.999,0.0,0.999,0.0,0.0,0.0,0,0,0.2,0.2,0.0,0.0,0.2,64.951333,4.39079,413.80640000000005,0.4302641709788918,0.7582056661831396,0.6788090657924272,0.999,0.0,0.2,0.0,0.0,0.0,0.999,0.0,0,0.0,0.0,0,0,0,0,0,0,0,0,0,0,0,0,0,0,0,0,0
1,479.005,47,SCARH_Black,3.010242459964971,-0.01012131611801861,2.1094518774221237e-08,0.01663391306596922,1.0983581228415578,0.8876194450602091,0.765873360375003,0.9209458596001507,0.6634237940126868,4.39079,4.63287,428.077,0,1,1,0,0,0,1,0,1,0,0,0,0.0,1.998,0.0,1.998,0.0,0.0,0.0,0,0,0.3,0.3,0.0,0.0,0.2,57.2682,4.39079,415.95050000000003,0.3671943773195596,0.765873360375003,0.6798443659553104,1.998,0.0,0.3,0.0,0.0,0.0,1.998,0.0,0,0.0,0.0,0,0,0,0,0,0,0,0,0,0,0,0,0,0,0,0,0
1,480.011,48,SVD_Wooden,2.6188135731630204,-0.38909432087669027,0.002583753070802355,0.002583731976283581,0.08683243763976717,0.8827014897934253,0.7673359898670522,0.9202188896550535,0.6413888025923058,4.39079,4.68216,430.466,0,1,1,0,0,0,1,0,1,0,0,0,0.0,3.004,0.0,3.004,0.0,0.0,0.0,0,0,0.4,0.4,0.0,0.0,0.2,49.740316,4.39079,418.0977,0.36430033706027054,0.7673359898670522,0.6201853589505241,3.004,0.0,0.4,0.0,0.0,0.0,3.004,0.0,0,0.0,0.0,1,0,0,0,0,0,0,0,0,0,0,1,1,0,1,0,0
1,481.017,48,SVD_Wooden,0.5234152982272572,-2.0829008697174585,0.005851147577751945,0.0032673945069495902,0.08653713975835252,0.8725452832414742,0.772151480770885,0.918475300056025,0.6219695652533035,4.39079,4.55135,430.163,0,1,1,1,1,1,1,1,1,1,1,0,0.0,4.01,0.0,4.01,0.0,0.0,0.0,0,0,0.5,0.5,0.1,0.1,0.2,41.474651,4.39079,420.1471,0.3530521907208702,0.772151480770885,0.6118312528704128,4.01,0.0,0.5,0.1,0.1,0.0,4.01,0.0,0,0.0,0.0,1,0,0,0,0,0,0,0,0,0,0,0,1,0,1,0,0
1,482.009,48,SVD_Wooden,0.0,-0.5276363893419931,0.0,0.005851147577751945,0.006926578634168251,0.8631584963581981,0.7790286637166545,0.9159686685668154,0.5945362719335674,4.46089,4.46089,431.543,1,1,1,1,1,1,0,0,0,0,0,0,0.992,0.0,0.0,0.0,0.0,0.0,0.0,0,0,0.6,0.5,0.2,0.1,0.3,30.57894,4.39079,422.24710000000005,0.30841400508618183,0.7790286637166545,0.5796114430906754,4.01,0.0,0.5,0.1,0.1,0.0,4.01,0.0,0,0.0,0.0,0,0,0,0,0,0,0,0,0,0,0,0,1,0,1,0,0
1,483.009,48,SVD_Wooden,0.0,0.0,0.0,0.0,0.002582737256582715,0.8552467430948717,0.7850346285304329,0.9120646172334288,0.5705106893264377,4.40095,4.40095,433.148,0,1,1,1,1,1,1,1,1,1,1,0,1.992,0.0,0.0,0.0,0.0,0.0,0.0,0,0,0.7,0.6,0.3,0.2,0.3,17.792435,4.39079,424.1591,0.2761891400938901,0.7850346285304329,0.5671981224482787,4.01,0.0,0.6,0.2,0.2,0.0,4.01,0.0,0,0.0,0.0,0,0,0,0,0,0,0,0,0,0,0,0,1,0,1,0,0
1,484.02,48,SVD_Wooden,0.0,0.0,0.0,0.0,0.0025827407011677385,0.8646715004781084,0.7861574594586801,0.9081956198568475,0.5521358499290527,4.38249,4.38249,434.881,0,1,1,1,1,1,1,1,1,1,1,0,3.003,1.011,1.011,1.011,1.011,1.011,0.0,0,0,0.8,0.7,0.4,0.3,0.3,5.135783999999999,4.38249,425.8857,0.273128136426338,0.7861574594586801,0.538034261123539,4.01,1.011,0.7,0.3,0.3,0.0,4.01,1.011,0,0.0,0.0,0,0,0,0,0,0,0,0,0,0,0,0,1,0,1,0,0
1,485.021,48,SVD_Wooden,0.0,0.0,0.0,0.0,0.0026167127460739116,0.8857487060909258,0.06222597395788455,0.9056985397665047,0.4493754974739348,4.38249,4.42802,434.626,0,1,1,1,1,1,1,1,1,1,1,0,4.004,2.0119999999999996,2.0119999999999996,2.0119999999999996,2.0119999999999996,2.0119999999999996,0.0,0,0,0.9,0.8,0.5,0.4,0.2,4.818361,4.38249,428.19129999999996,0.022761359330429644,0.06222597395788455,0.2907284876951827,4.01,2.0119999999999996,0.8,0.4,0.4,0.0,4.01,2.0119999999999996,0,0.0,0.0,0,0,0,0,0,1,0,0,0,0,0,0,1,0,1,0,0
1,486.023,48,SVD_Wooden,0.0,0.0,0.0,0.0,1.179103896315044e-08,0.888786047676259,0.06234906190366109,0.9032989760259863,0.3446591342265661,4.38249,4.47045,433.468,0,1,1,1,1,1,1,1,1,1,1,0,5.006,3.014,3.014,3.014,3.014,3.014,0.0,1,1,1.0,0.9,0.6,0.5,0.1,4.493092,4.38249,430.2111,0.02243199378604983,0.06234906190366109,0.04069107614365423,4.01,3.014,0.9,0.5,0.5,0.0,4.01,3.014,0,0.0,0.0,1,1,1,0,0,1,1,0,0,0,0,3,4,1,2,1,0
1,487.013,48,SVD_Wooden,0.0,0.0,0.0,0.0,1.179103896315044e-08,0.8882528643491965,0.005320345852703731,0.900757964219325,0.2381079505140395,4.38249,4.48039,434.134,0,1,1,1,1,1,1,1,1,1,1,0,5.9959999999999996,4.004,4.004,4.004,4.004,4.004,0.0,1,1,1.0,0.9,0.7,0.6,0.1,4.502052,4.38249,431.48040000000003,0.002506885590356107,0.005320345852703731,0.021095333492340315,4.01,4.004,0.9,0.6,0.6,0.0,4.01,4.004,0,0.0,0.0,1,1,1,0,0,1,1,0,0,0,0,0,4,1,2,1,0
1,488.012,48,SVD_Wooden,0.0,0.0,0.0,0.0,1.179103896315044e-08,0.8778161217744882,0.0019378372086818368,0.8976362226950627,0.1286436504950787,4.38249,4.46511,433.989,0,1,1,1,1,1,1,1,1,1,1,0,6.995,5.003,5.003,5.003,5.003,5.003,0.0,1,1,1.0,0.9,0.8,0.7,0.1,4.495468,4.38249,432.4495,0.0008434921743073075,0.0019378372086818368,0.0028336187126953892,5.003,5.003,0.9,0.7,0.7,0.0,5.003,5.003,0,0.0,0.0,1,1,1,0,0,1,1,0,0,0,0,0,4,1,2,1,0
1,489.016,48,SVD_Wooden,0.0,0.0,0.0,0.0,1.179103896315044e-08,0.8684856384037787,0.0019378382288805984,0.8940719085069574,0.018807839390026816,4.42802,4.43809,433.387,0,1,1,1,1,1,1,1,1,1,1,0,7.999,6.007,6.007,6.007,6.007,6.007,0.0,1,1,1.0,0.9,0.9,0.8,0.1,4.47599,4.38249,432.9805,0.0008434900648554301,0.0019378382288805984,0.0011702274060984672,6.007,6.007,0.9,0.8,0.8,0.0,6.007,6.007,0,0.0,0.0,1,1,1,0,0,1,1,0,0,0,0,2,6,1,2,1,0
1,490.014,49,SVD_Wooden,0.0,0.0,0.0,0.0,1.179103896315044e-08,0.8557834435339471,0.0018502953271288891,0.8899899218858099,0.010124596805153995,4.34767,4.34767,432.315,0,1,1,1,1,1,1,1,1,1,1,0,8.997,7.005,7.005,7.005,7.005,7.005,0.0,1,1,1.0,0.9,1.0,0.9,0.1,4.442541,4.34767,433.1654,0.0005851147577751947,0.0018502953271288891,0.0009118542084701092,7.005,7.005,0.9,0.9,0.9,0.0,7.005,7.005,0,0.0,0.0,1,1,1,0,0,1,1,0,0,0,0,0,6,1,2,1,0
1,491.024,49,SVD_Wooden,0.5854803719632615,0.5796835365972887,0.008915276293959178,0.008915276293959178,0.003987032766314488,0.8544410317490676,0.002819257905861585,0.8860275618122297,0.0018695861059501919,4.34767,4.38883,431.072,0,1,1,1,1,1,1,1,1,1,1,0,10.007,8.015,8.015,8.015,8.015,8.015,0.0,1,1,1.0,0.9,1.0,0.9,0.1,4.426289,4.34767,433.2563,0.0008915276293959178,0.002819257905861585,0.001476642387171068,8.015,8.015,0.9,0.9,0.9,0.0,8.015,8.015,0,0.0,0.0,1,1,1,0,0,1,1,0,0,0,0,0,6,1,2,1,0
1,492.036,49,SVD_Wooden,0.0,-0.5785379169597445,0.0,0.008915276293959178,0.003987032766314488,0.8482368518999311,0.002819257905861585,0.8820734011377978,0.0015756315191648156,4.34767,4.39039,430.323,0,1,1,0,0,0,1,0,1,0,0,0,0.0,9.027,0.0,9.027,0.0,0.0,0.0,1,1,1.0,1.0,0.9,0.9,0.0,4.419239,4.34767,433.1343,0.0008915276293959178,0.002819257905861585,0.0017830552587917911,9.027,8.015,1.0,0.9,0.9,0.0,9.027,8.015,0,0.0,0.0,1,0,0,0,0,0,0,0,0,0,0,0,6,1,2,1,0
1,493.029,49,SVD_Wooden,0.6474847162856069,0.6520490597035317,0.007397852190167854,0.007397852190167854,0.004499631547077834,0.813802553524621,0.0034576574011129127,0.8765398587041314,0.0017673209482143275,4.34767,4.41872,429.734,0,1,1,0,0,0,1,0,1,0,0,0,0.0,10.02,0.0,10.02,0.0,0.0,0.0,1,1,1.0,1.0,0.8,0.8,0.0,4.421016,4.34767,432.79290000000003,0.0016313128484127034,0.0034576574011129127,0.0025228404778085767,10.02,8.015,1.0,0.8,0.8,0.0,10.02,8.015,0,0.0,0.0,1,0,0,0,0,0,0,0,0,0,0,0,6,1,2,1,0
1,494.018,49,SVD_Wooden,2.2343584043945066,1.6045234460150655,0.545373881714133,0.5379760295239652,0.2421096971102536,0.6820029663319639,0.17192299680762133,0.864505408266044,0.025720016589122912,4.34767,14.4393,425.101,1,1,0,0,0,0,0,0,0,0,0,0,0.0,0.0,0.0,0.0,0.0,0.0,0.0,1,1,0.9,0.9,0.7,0.7,0.1,5.426697,4.34767,431.8149,0.056168701019826,0.17192299680762133,0.05632044343020509,10.02,8.015,0.9,0.7,0.7,0.0,10.02,8.015,0,0.0,0.0,0,0,0,0,0,0,0,0,0,0,0,0,6,1,2,1,0
1,495.04,49,SVD_Wooden,4.157521328815845,1.8817641139152037,1.3236922031269085,0.7783183214127755,0.5785319728060865,0.6127438728921287,0.4338794574071712,0.849730861485137,0.08331154259512416,4.38883,91.8338,424.314,1,1,0,0,0,0,0,0,0,0,0,0,0.0,0.0,0.0,0.0,0.0,0.0,0.0,1,1,0.8,0.8,0.6,0.6,0.2,14.167275,4.34767,430.78369999999995,0.18853792133251684,0.4338794574071712,0.13415227557148263,10.02,8.015,0.8,0.6,0.6,0.0,10.02,8.015,0,0.0,0.0,0,0,0,0,0,0,0,0,0,0,0,0,6,1,2,1,0
1,496.029,49,SVD_Wooden,6.411457051477361,2.2790047751885902,0.39267777247799923,0.9310144306489092,0.5417664305591818,0.7211486494401848,0.4326879039195902,0.8408285945505902,0.13748818447193845,4.39039,114.835,426.019,1,1,0,0,0,0,0,0,0,0,0,0,0.0,0.0,0.0,0.0,0.0,0.0,0.0,1,1,0.7,0.7,0.5,0.5,0.3,25.20373,4.34767,430.0388,0.2278056985803168,0.4326879039195902,0.2272537186363736,10.02,8.015,0.7,0.5,0.5,0.0,10.02,8.015,0,0.0,0.0,0,0,0,0,0,0,0,0,0,0,0,0,6,1,2,1,0
1,497.034,49,SVD_Wooden,6.684645613497347,0.27182941494526003,0.09789136382923676,0.2947864086487625,0.5226992169850077,0.7856320711618232,0.428043796557454,0.8351750208242323,0.18975810499133533,4.41872,121.241,429.207,1,1,0,0,0,0,0,0,0,0,0,0,0.0,0.0,0.0,0.0,0.0,0.0,0.0,1,1,0.6,0.6,0.4,0.4,0.4,36.879791,4.34767,429.5461,0.23759483496324046,0.428043796557454,0.2567323595012498,10.02,8.015,0.6,0.4,0.4,0.0,10.02,8.015,0,0.0,0.0,0,0,0,0,0,0,0,0,0,0,0,0,6,1,2,1,0
1,498.034,49,SVD_Wooden,6.712865391172074,0.028219777674727275,0.027808938887018256,0.0700824249422185,0.5182103060559091,0.8299766399507692,0.42641593007883266,0.8319400208402687,0.24157913441782233,14.4393,123.615,432.239,0,1,0,0,0,0,0,0,0,0,0,0,0.0,0.0,0.0,0.0,0.0,0.0,0.0,1,1,0.5,0.5,0.3,0.3,0.4,48.79478,4.34767,429.3711,0.24037572885194228,0.42641593007883266,0.26374060199547167,10.02,8.015,0.5,0.3,0.3,0.0,10.02,8.015,0,0.0,0.0,0,0,0,0,0,0,0,0,0,0,0,0,6,1,2,1,0
1,499.038,49,SVD_Wooden,5.38880357693721,-1.3187866675646054,1.7927331101916315,1.7649241713046133,0.788708724365365,0.8632508714629777,0.6383240779804167,0.8307215921604071,0.32045000567525495,91.8338,115.749,442.287,0,1,0,0,0,0,0,0,0,0,0,0,0.0,0.0,0.0,0.0,0.0,0.0,0.0,1,1,0.4,0.4,0.2,0.2,0.4,59.925870999999994,4.34767,430.2611,0.4196490398711054,0.6383240779804167,0.44023301912593293,10.02,8.015,0.4,0.2,0.2,0.0,10.02,8.015,0,0.0,0.0,0,0,0,0,0,0,0,0,0,0,0,0,6,1,2,1,0
1,500.028,50,SVD_Wooden,3.0269087050225196,-2.385752395873425,1.526959034021663,0.2657740761699685,0.831247734332215,0.8816373395981162,0.7058476680235751,0.8306683846506416,0.4035747779293725,29.4283,29.4283,444.791,0,1,0,0,0,0,0,0,0,0,0,0,0.0,0.0,0.0,0.0,0.0,0.0,0.0,1,1,0.3,0.3,0.1,0.1,0.4,62.433934,4.38883,431.50870000000003,0.5723449432732718,0.7058476680235751,0.4668104267429298,10.02,8.015,0.3,0.1,0.1,0.0,10.02,8.015,0,0.0,0.0,0,0,0,0,0,0,0,0,0,0,0,0,6,1,2,1,0
1,501.032,50,SVD_Wooden,2.9065453352087225,-0.11988383447589357,0.5723984803327513,0.9545605536889117,0.8147028883895484,0.9001243549107373,0.6778056141532752,0.8320473382341047,0.4846463634916959,5.25606,5.25606,447.51,0,1,0,0,0,0,0,0,0,0,0,0,0.0,0.0,0.0,0.0,0.0,0.0,0.0,1,1,0.2,0.2,0.0,0.0,0.4,62.52065699999999,4.39039,433.1525,0.628693263677151,0.6778056141532752,0.5613749544824251,10.02,0.0,0.2,0.0,0.0,0.0,10.02,0.0,0,0.0,0.0,0,0,0,0,0,0,0,0,0,0,0,0,6,1,2,1,0
1,502.038,50,SVD_Wooden,2.5298748270835905,-0.37442396433909747,0.004300451033240131,0.5680980292995111,0.8357718882115229,0.8980072209121741,0.6773636287926009,0.8337897744618035,0.5678248490362168,5.10703,5.10703,449.861,0,1,0,0,0,0,0,0,0,0,0,0,0.0,0.0,0.0,0.0,0.0,0.0,0.0,1,1,0.1,0.1,0.0,0.0,0.4,62.59232099999999,4.41872,435.10630000000003,0.629123308780475,0.6773636287926009,0.6172932297829803,10.02,0.0,0.1,0.0,0.0,0.0,10.02,0.0,0,0.0,0.0,0,0,0,0,0,0,0,0,0,0,0,0,6,1,2,1,0
1,503.037,50,SVD_Wooden,0.6492736950663559,-1.8824836156328673,0.05418650805893648,0.04988605702569635,0.829861123759681,0.8805534105261181,0.6727377096709152,0.8350551078333659,0.6503609982574771,3.64835,3.64835,449.823,0,1,1,1,1,1,1,1,1,1,1,0,0.0,0.0,0.0,0.0,0.0,0.0,0.0,1,1,0.1,0.1,0.1,0.1,0.4,62.515283999999994,3.64835,437.1152,0.6338021743673519,0.6727377096709152,0.6215420502665332,0.0,0.0,0.1,0.1,0.1,0.0,0.0,0.0,0,0.0,0.0,0,0,0,0,0,0,0,0,0,0,0,0,6,1,2,1,0
1,504.045,50,SVD_Wooden,0.0,-0.644120729232496,2.0906174856594263e-08,0.05418648715276163,0.6578259669245007,0.8805534105261181,0.7021654265440921,0.8358492033357663,0.6919326252389018,3.63647,3.63647,450.501,0,1,1,1,1,1,1,1,1,1,1,0,1.008,1.008,1.008,1.008,1.008,1.008,0.0,1,1,0.2,0.2,0.2,0.2,0.3,61.435000999999986,3.63647,439.6552,0.579264788286556,0.7021654265440921,0.5731630960294127,1.008,1.008,0.2,0.2,0.2,0.0,1.008,1.008,0,0.0,0.0,0,0,0,0,0,0,0,0,0,0,0,0,6,1,2,1,0
1,505.04,50,SVD_Wooden,0.0,0.0,2.1179320859745747e-08,2.731460031514841e-10,0.2504952063742081,0.8805534105261181,0.6702807016712071,0.835589438557526,0.659128948595714,3.63647,3.67296,450.929,0,1,1,1,1,1,1,1,1,1,1,0,2.003,2.003,2.003,2.003,2.003,2.003,0.0,1,1,0.3,0.3,0.3,0.3,0.2,52.618916999999996,3.63647,442.31669999999997,0.4468955700917972,0.6702807016712071,0.4953312639154498,2.003,2.003,0.3,0.3,0.3,0.0,2.003,2.003,0,0.0,0.0,0,0,0,0,0,0,0,0,0,0,0,0,6,1,2,1,0
1,506.045,50,SVD_Wooden,0.0,0.0,2.0968581348703502e-08,2.107395110422448e-10,0.02382501407558001,0.8805534105261181,0.6851473849464486,0.835177806700019,0.6073348069473539,3.63647,3.72436,452.018,0,1,1,1,1,1,1,1,1,1,1,0,3.008,3.008,3.008,3.008,3.008,3.008,0.0,2,2,0.4,0.4,0.4,0.4,0.1,41.507853,3.63647,444.9166,0.40762779494085544,0.6851473849464486,0.4022298208716329,3.008,3.008,0.4,0.4,0.4,0.0,3.008,3.008,0,0.0,0.0,1,1,1,0,0,0,1,1,1,0,1,7,13,3,3,1,1
1,507.042,50,SVD_Wooden,0.0,0.0,2.1136834759726197e-08,1.6825341102269447e-10,0.024232933683803658,0.8805534105261181,0.6907409810093521,0.8347928340088651,0.5574881786172334,3.63647,3.72121,451.999,0,1,1,1,1,1,1,1,1,1,1,0,4.005,4.005,4.005,4.005,4.005,4.005,0.0,2,2,0.5,0.5,0.5,0.5,0.0,29.755874,3.63647,447.19579999999996,0.3978386606716152,0.6907409810093521,0.372751180023582,4.005,4.005,0.5,0.5,0.5,0.0,4.005,4.005,0,0.0,0.0,1,1,1,0,0,1,1,1,1,0,1,0,13,3,3,1,1
1,508.045,50,SVD_Wooden,0.0,0.0,2.1010393076218364e-08,1.2644168350783255e-10,2.1293511389933475e-08,0.8805534105261181,0.6924500928846801,0.8349296984464465,0.5056671501409935,3.63647,3.77471,452.683,0,1,1,1,1,1,1,1,1,1,1,0,5.008,5.008,5.008,5.008,5.008,5.008,0.0,2,2,0.6,0.6,0.6,0.6,0.0,17.771845,3.63647,449.2402,0.3950577688839527,0.6924500928846801,0.36574293754200426,5.008,5.008,0.6,0.6,0.6,0.0,5.008,5.008,0,0.0,0.0,1,1,1,0,0,1,1,1,1,0,1,0,13,3,3,1,1
1,509.044,50,SVD_Wooden,0.0,0.0,2.1094518774221237e-08,8.412569800287299e-11,2.1293381479723846e-08,0.8805534105261181,0.4940275803972637,0.8355330870525635,0.4267962798337953,3.67296,3.81552,453.17,0,1,1,1,1,1,1,1,1,1,1,0,6.007,6.007,6.007,6.007,6.007,6.007,0.0,2,2,0.7,0.7,0.7,0.7,0.0,6.5784970000000005,3.63647,450.32849999999996,0.21578445997424148,0.4940275803972637,0.18925052041995552,6.007,6.007,0.7,0.7,0.7,0.0,6.007,6.007,0,0.0,0.0,1,1,1,0,0,1,1,1,1,0,1,2,15,3,3,1,1
1,510.047,51,SVD_Wooden,0.0,0.0,2.1010393076218364e-08,8.412569800287299e-11,2.129331440332788e-08,0.8805534105261181,0.1797507624670719,0.836771585402172,0.34367150852990525,3.72121,3.81506,453.164,0,1,1,1,1,1,1,1,1,1,1,0,7.01,7.01,7.01,7.01,7.01,7.01,0.0,2,2,0.8,0.8,0.8,0.8,0.0,4.017173,3.63647,451.16580000000005,0.06308855867311447,0.1797507624670719,0.16267311281137126,7.01,7.01,0.8,0.8,0.8,0.0,7.01,7.01,0,0.0,0.0,1,1,1,0,0,1,1,1,1,0,1,0,15,3,3,1,1
1,511.05,51,SVD_Wooden,0.0,0.0,2.1010393076218364e-08,0.0,2.1293285519500165e-08,0.9039229800006539,0.017037856957889286,0.8392456828147512,0.2622012218202789,3.72121,3.81485,453.159,0,1,1,1,1,1,1,1,1,1,1,0,8.013,8.013,8.013,8.013,8.013,8.013,0.0,2,2,0.9,0.9,0.9,0.9,0.0,3.873052,3.63647,451.73069999999996,0.005848712740878644,0.017037856957889286,0.06721705744248006,8.013,8.013,0.9,0.9,0.9,0.0,8.013,8.013,0,0.0,0.0,1,1,1,0,0,1,1,1,1,0,1,0,15,3,3,1,1
1,512.045,51,SVD_Wooden,0.0,0.0,2.1179320859745747e-08,1.6892778352738288e-10,2.1293336061211513e-08,0.9039229800006539,0.017135271733511537,0.8420299892197874,0.1786240351284602,3.77471,3.81341,453.23,0,1,1,1,1,1,1,1,1,1,1,0,9.008,9.008,9.008,9.008,9.008,9.008,0.0,2,2,1.0,1.0,1.0,1.0,0.0,3.74369,3.63647,452.0676,0.0054186697554867175,0.017135271733511537,0.010407254529421732,9.008,9.008,1.0,1.0,1.0,0.0,9.008,9.008,0,0.0,0.0,1,1,1,0,0,1,1,1,1,0,1,2,17,3,3,1,1
1,513.054,51,SVD_Wooden,0.0,0.0,2.0885455159015875e-08,2.9386570072987213e-10,2.1293483606815375e-08,0.9024511942305357,1.057559208354727e-10,0.8464624212550833,0.09563792488184049,3.81341,3.82208,455.024,0,1,1,1,1,1,1,1,1,1,1,0,10.017,10.017,10.017,10.017,10.017,10.017,0.0,2,2,1.0,1.0,1.0,1.0,0.0,3.761063,3.63647,452.58770000000004,2.1038138584640765e-08,1.057559208354727e-10,0.005418648856238667,10.017,10.017,1.0,1.0,1.0,0.0,10.017,10.017,0,0.0,0.0,1,1,1,0,0,1,1,1,1,0,1,0,17,3,3,1,1
1,514.048,51,SVD_Wooden,0.0,0.0,2.120062802358855e-08,3.151728645726753e-10,2.1293609364728648e-08,0.9047350071156466,1.0592290625217712e-10,0.8575990232942672,0.029855330318751355,3.81341,3.83318,455.453,0,1,1,1,1,1,1,1,1,1,1,0,11.011,11.011,11.011,11.011,11.011,11.011,0.0,2,2,1.0,1.0,1.0,1.0,0.0,3.780734,3.67296,453.0829,2.1067583901340193e-08,1.0592290625217712e-10,1.7247979094707223e-10,11.011,11.011,1.0,1.0,1.0,0.0,11.011,11.011,0,0.0,0.0,1,1,1,0,0,1,1,1,1,0,1,0,17,3,3,1,1
1,515.048,51,SVD_Wooden,1.1777389184362324,1.1777389184362324,0.032838286089574016,0.03283826488894599,0.014685718569869492,0.8687236862763976,0.01038437119169884,0.8703980139634808,0.006274381538317499,3.58867,3.58867,455.472,0,1,1,0,0,0,1,0,1,0,0,0,0.0,12.011,0.0,12.011,0.0,0.0,0.0,2,2,1.0,1.0,0.9,0.9,0.0,3.7723050000000002,3.58867,453.5371999999999,0.0032838475586092165,0.01038437119169884,0.0032838266340597896,12.011,11.011,1.0,0.9,0.9,0.0,12.011,11.011,0,0.0,0.0,1,0,0,0,0,0,0,1,1,0,1,0,17,3,3,1,1
1,516.043,51,SVD_Wooden,2.366402651398907,1.194636917550427,0.6210475800499905,0.5882092939604164,0.27443810230382243,0.8415866634940025,0.19551122590274134,0.8764199146661718,0.03133569036114174,3.58867,18.2311,440.665,0,1,0,0,0,0,0,0,0,0,0,0,0.0,0.0,0.0,0.0,0.0,0.0,0.0,2,2,0.9,0.9,0.8,0.8,0.0,5.2229790000000005,3.58867,452.4019,0.06538860346675013,0.19551122590274134,0.062104756009027484,12.011,11.011,0.9,0.8,0.8,0.0,12.011,11.011,0,0.0,0.0,0,0,0,0,0,0,0,1,1,0,1,0,17,3,3,1,1
1,517.051,51,SVD_Wooden,3.4040230393603874,1.0293853055173414,0.4768080557915905,0.14423952425839998,0.2993453706565403,0.7541227874269696,0.23244532545835309,0.8748444504794289,0.058846934058415415,3.58867,8.72801,455.052,0,1,0,0,0,0,0,0,0,0,0,0,0.0,0.0,0.0,0.0,0.0,0.0,0.0,2,2,0.8,0.8,0.7,0.7,0.0,5.723659,3.58867,452.7072,0.11306940693222571,0.23244532545835309,0.07652870841804213,12.011,11.011,0.8,0.7,0.7,0.0,12.011,11.011,0,0.0,0.0,0,0,0,0,0,0,0,1,1,0,1,0,17,3,3,1,1
1,518.047,51,SVD_Wooden,3.4289626293016915,0.025039748937052284,0.0515932755966071,0.42521478019498343,0.29035565448260764,0.6124316360831528,0.23021871394305105,0.8639672002860481,0.08788249737732504,3.58867,6.37381,452.879,0,1,0,0,0,0,0,0,0,0,0,0,0.0,0.0,0.0,0.0,0.0,0.0,0.0,2,2,0.7,0.7,0.6,0.6,0.0,5.983569,3.58867,452.7268,0.11822873239084711,0.23021871394305105,0.11905018642489633,12.011,11.011,0.7,0.6,0.6,0.0,12.011,11.011,0,0.0,0.0,0,0,0,0,0,0,0,1,1,0,1,0,17,3,3,1,1
1,519.057,51,SVD_Wooden,3.3884061439645214,-0.04015493597739608,0.11012946344884482,0.05853618785223772,0.27149888189426385,0.5027601385834681,0.22653933355345898,0.8459426636420726,0.11503238343741326,3.58867,6.36427,433.183,0,1,0,0,0,0,0,0,0,0,0,0,0.0,0.0,0.0,0.0,0.0,0.0,0.0,2,2,0.6,0.6,0.5,0.5,0.0,6.238443999999999,3.58867,450.7281,0.12924167662627972,0.22653933355345898,0.12490380520170752,12.011,11.011,0.6,0.5,0.5,0.0,12.011,11.011,0,0.0,0.0,0,0,0,0,0,0,0,1,1,0,1,0,17,3,3,1,1
1,520.058,52,SVD_Wooden,1.2458271018001519,-2.140438603560809,0.05305141718597494,0.05707804626286988,0.2674188859345672,0.49626483382477404,0.22378082825370696,0.8266740383534055,0.14177426990153855,4.24316,4.24316,432.483,0,1,1,1,1,1,1,1,1,1,1,0,0.0,0.0,0.0,0.0,0.0,0.0,0.0,2,2,0.6,0.6,0.5,0.5,0.0,6.281254000000001,3.58867,448.66,0.13454681624383788,0.22378082825370696,0.13061160981958192,12.011,11.011,0.6,0.5,0.5,0.0,12.011,11.011,0,0.0,0.0,0,0,0,0,0,0,0,1,1,0,1,0,17,3,3,1,1
1,521.057,52,SVD_Wooden,0.604131172820773,-0.6423382672466255,0.015803634047302242,0.0372477831386727,0.19047411080281568,0.528540525629474,0.22277862944519186,0.8080948468893425,0.16082167885249155,3.83813,3.83813,432.516,0,1,1,1,1,1,1,1,1,1,1,0,0.999,0.999,0.999,0.999,0.999,0.999,0.0,2,2,0.6,0.6,0.5,0.5,0.0,6.283582000000001,3.58867,446.5957,0.13612717754752884,0.22277862944519186,0.13433638813344922,12.011,11.011,0.6,0.5,0.5,0.0,12.011,11.011,0,0.0,0.0,0,0,0,0,0,0,0,1,1,0,1,0,17,3,3,1,1
1,522.056,52,SVD_Wooden,0.2773734759386769,-0.32708478166375987,0.01502738824936737,0.0007762457979348727,0.038781484546413315,0.6502921145564939,0.2218069314938261,0.7957090915715583,0.1646998251777993,3.54464,3.54464,432.505,0,1,1,1,1,1,1,1,1,1,1,0,1.998,1.998,1.998,1.998,1.998,1.998,0.0,2,2,0.6,0.6,0.5,0.5,0.0,6.256705,3.54464,444.5232,0.13762991425453347,0.2218069314938261,0.13441401269634992,12.011,11.011,0.6,0.5,0.5,0.0,12.011,11.011,0,0.0,0.0,0,0,0,0,0,0,0,1,1,0,1,0,17,3,3,1,1
1,523.065,52,SVD_Wooden,0.3757493806485834,0.09749841893945142,4.581331110309936e-05,0.014981574938264271,0.044403973594353954,0.6393642086230201,0.22180377484070996,0.7836496314764034,0.16914022040788632,3.52359,3.52359,432.502,0,1,1,1,1,1,1,1,1,1,1,0,3.0069999999999997,3.0069999999999997,3.0069999999999997,3.0069999999999997,3.0069999999999997,3.0069999999999997,0.0,3,3,0.6,0.6,0.5,0.5,0.0,6.226856,3.52359,442.271,0.13763449349709828,0.22180377484070996,0.13591217016078977,12.011,11.011,0.6,0.5,0.5,0.0,12.011,11.011,0,0.0,0.0,1,1,1,0,0,0,1,1,1,0,1,3,20,3,3,1,1
1,524.063,52,SVD_Wooden,1.3845623110285032,1.010834599579078,0.012494297999932616,0.012448484688829517,0.019916563666952977,0.6497090112092364,0.2209759767415058,0.7721074115105594,0.17113187464522067,3.46034,3.46034,431.118,0,1,1,0,0,0,1,0,1,0,0,0,0.0,4.005,0.0,4.005,0.0,0.0,0.0,3,3,0.6,0.6,0.4,0.4,0.0,6.189572,3.46034,439.8375,0.13888392117702872,0.2209759767415058,0.13715701859815543,12.011,3.0069999999999997,0.6,0.4,0.4,0.0,12.011,3.0069999999999997,0,0.0,0.0,1,0,0,0,0,0,0,1,1,0,1,0,20,3,3,1,1
1,525.065,52,SVD_Wooden,3.4796653751795414,2.0909212217076227,0.009338248557794597,0.0031560494421380182,0.006388151542977786,0.6909363168107564,0.2223497295475034,0.7626265568247913,0.17030211794253153,3.46034,3.51107,427.656,0,1,1,1,1,1,1,1,1,1,1,0,0.0,5.007,0.0,5.007,0.0,0.0,0.0,3,3,0.6,0.6,0.5,0.5,0.0,6.181812,3.46034,437.0559,0.13653391742385076,0.2223497295475034,0.13418879705347464,5.007,3.0069999999999997,0.6,0.5,0.5,0.0,5.007,3.0069999999999997,0,0.0,0.0,1,0,0,0,0,0,0,1,1,0,1,0,20,3,3,1,1
1,526.059,52,SVD_Wooden,0.797073016104567,-2.698785069491926,0.0028889696093286907,0.006449278948465907,0.006339501137664915,0.6976727986602441,0.14523930295565002,0.7534825262314977,0.14349225782591574,3.46034,3.48953,426.869,0,1,1,1,1,1,1,1,1,1,1,0,0.994,6.0009999999999994,0.994,6.0009999999999994,0.994,0.994,0.0,3,3,0.7,0.7,0.6,0.6,0.0,4.707655,3.46034,435.67629999999997,0.0747180563797846,0.14523930295565002,0.07601279555227959,6.0009999999999994,3.0069999999999997,0.7,0.6,0.6,0.0,6.0009999999999994,3.0069999999999997,0,0.0,0.0,1,0,0,0,0,0,0,1,1,0,1,0,20,3,3,1,1
1,527.062,52,SVD_Wooden,0.0,-0.7946889492567968,2.1010393076218364e-08,0.0028889485989356143,0.005678342250586513,0.6976727986602441,0.034995115669781696,0.7443384956382039,0.11412555498532037,3.46034,3.48975,426.86,0,1,1,1,1,1,1,1,1,1,1,0,1.9969999999999999,7.004,1.9969999999999999,7.004,1.9969999999999999,1.9969999999999999,0.0,3,3,0.8,0.8,0.7,0.7,0.0,4.183829,3.46034,432.8571,0.027037252901664855,0.034995115669781696,0.061877737986333156,7.004,3.0069999999999997,0.8,0.7,0.7,0.0,7.004,3.0069999999999997,0,0.0,0.0,1,0,0,0,0,0,0,1,1,0,1,0,20,3,3,1,1
1,528.066,52,SVD_Wooden,0.0,0.0,2.098946638988747e-08,2.0926686330895418e-11,0.005688264814613287,0.6976727986602441,0.034775071456842256,0.7351944650449103,0.08565881601852095,3.46034,3.48964,426.865,0,1,1,1,1,1,1,1,1,1,1,0,3.001,8.008,3.001,8.008,3.001,3.001,0.0,4,4,0.9,0.9,0.8,0.8,0.0,3.8954119999999994,3.46034,430.2557,0.021877927440950785,0.034775071456842256,0.019356259968927474,8.008,3.0069999999999997,0.9,0.8,0.8,0.0,8.008,3.0069999999999997,0,0.0,0.0,1,1,1,0,0,0,1,1,1,0,1,2,22,3,3,1,1
1,529.06,52,SVD_Wooden,0.0,0.0,2.120062802358855e-08,2.1116163370108146e-10,0.004051164943738221,0.6976727986602441,0.016197428198375496,0.7260504344516165,0.05891404432346838,3.48953,3.48964,426.863,0,1,1,1,1,1,1,1,1,1,1,0,3.995,9.001999999999999,3.995,9.001999999999999,3.995,3.995,0.0,4,4,1.0,1.0,0.9,0.9,0.0,3.607949,3.46034,429.6237,0.010864983216129104,0.016197428198375496,0.013502641204819865,9.001999999999999,3.995,1.0,0.9,0.9,0.0,9.001999999999999,3.995,0,0.0,0.0,1,1,1,0,0,0,1,1,1,0,1,0,22,3,3,1,1
1,530.065,53,SVD_Wooden,0.0,0.0,2.0968581348703502e-08,2.3204667488504797e-10,0.001291977076076884,0.6976727986602441,0.006815971860765743,0.7169064038583228,0.03230135343761935,3.48953,3.48959,426.863,0,1,1,1,1,1,1,1,1,1,1,0,5.0,10.007,5.0,10.007,5.0,5.0,0.0,4,4,1.0,1.0,0.9,0.9,0.0,3.5325919999999997,3.46034,429.06170000000003,0.005559843594389746,0.006815971860765743,0.0077948366017375455,10.007,5.0,1.0,0.9,0.9,0.0,10.007,5.0,0,0.0,0.0,1,1,1,0,0,1,1,1,1,0,1,0,22,3,3,1,1
1,531.068,53,SVD_Wooden,0.0,0.0,2.1010393076218364e-08,4.181172751486193e-11,2.1977824386689933e-08,0.6976727986602441,0.005954626749017713,0.7065938947913024,0.013253944555120223,3.48959,3.48959,426.864,0,1,1,1,1,1,1,1,1,1,1,0,6.003,11.01,6.003,11.01,6.003,6.003,0.0,4,4,1.0,1.0,0.9,0.9,0.0,3.4977379999999996,3.46034,428.4965,0.003979482290698828,0.005954626749017713,0.004070058292051448,11.01,6.003,1.0,0.9,0.9,0.0,11.01,6.003,0,0.0,0.0,1,1,1,0,0,1,1,1,1,0,1,2,24,3,3,1,1
1,532.066,53,SVD_Wooden,0.0,0.0,2.1115655566580177e-08,1.0526249036181318e-10,2.1977844269723312e-08,0.6976727986602441,0.004598501281891403,0.6962813857242818,0.00937579829826332,3.48953,3.48953,426.865,0,1,1,1,1,1,1,1,1,1,1,0,7.0009999999999994,12.008,7.0009999999999994,12.008,7.0009999999999994,7.0009999999999994,0.0,4,4,1.0,1.0,0.9,0.9,0.0,3.4922269999999997,3.46034,427.9325,0.002476745577327648,0.004598501281891403,0.003992433722784209,12.008,7.0009999999999994,1.0,0.9,0.9,0.0,12.008,7.0009999999999994,0,0.0,0.0,1,1,1,0,0,1,1,1,1,0,1,0,24,3,3,1,1
1,533.069,53,SVD_Wooden,0.0,0.0,2.1010393076218364e-08,1.0526249036181318e-10,2.1977830199490383e-08,0.6976727986602441,0.004601212999006254,0.6860424659457672,0.0049354031366109444,3.48953,3.48964,426.868,0,1,1,1,1,1,1,1,1,1,1,0,8.004,13.011,8.004,13.011,8.004,8.004,0.0,4,4,1.0,1.0,0.9,0.9,0.0,3.488832,3.46034,427.3691,0.0024721663472566458,0.004601212999006254,0.0024942762394840317,13.011,8.004,1.0,0.9,0.9,0.0,13.011,8.004,0,0.0,0.0,1,1,1,0,0,1,1,1,1,0,1,0,24,3,3,1,1
1,534.064,53,SVD_Wooden,0.0,0.0,2.1179320859745747e-08,1.6892778352738288e-10,2.1977798454954775e-08,0.6976727986602441,0.0029925487669058607,0.6756893555229971,0.002943748967695492,3.48953,3.48981,426.861,0,1,1,1,1,1,1,1,1,1,1,0,8.998999999999999,14.006,8.998999999999999,14.006,8.998999999999999,8.998999999999999,0.0,4,4,1.0,1.0,1.0,1.0,0.0,3.4917789999999997,3.48953,426.9434,0.0012227386651954704,0.0029925487669058607,0.001249427787493858,14.006,8.998999999999999,1.0,1.0,1.0,0.0,14.006,8.998999999999999,0,0.0,0.0,1,1,1,0,0,1,1,1,1,0,1,0,24,3,3,1,1
1,535.075,53,SVD_Wooden,0.0,0.0,2.084413872942336e-08,3.3518213032238605e-10,2.1977993891318812e-08,0.7775066131669113,0.0009135657533128358,0.6711285018675228,0.002304936011197102,3.48953,3.4897,426.863,0,1,1,1,1,1,1,1,1,1,1,0,10.01,15.017,10.01,15.017,10.01,10.01,0.0,4,4,1.0,1.0,1.0,1.0,0.0,3.489642,3.48953,426.86409999999995,0.00028891589382988375,0.0009135657533128358,0.0009338228767982694,15.017,10.01,1.0,1.0,1.0,0.0,15.017,10.01,0,0.0,0.0,1,1,1,0,0,1,1,1,1,0,1,2,26,3,3,1,1
1,536.074,53,SVD_Wooden,0.0,0.0,2.1094518774221237e-08,2.5038004479787615e-10,2.197800543475399e-08,0.8107727395526835,3.3670638682385386e-09,0.6695878056704568,0.0016709880952311541,3.48953,3.48959,426.864,0,1,1,1,1,1,1,1,1,1,1,0,11.008999999999999,16.016,11.008999999999999,16.016,11.008999999999999,11.008999999999999,0.0,4,4,1.0,1.0,1.0,1.0,0.0,3.4896480000000003,3.48953,426.8636,2.104234889208051e-08,3.3670638682385386e-09,0.0002888950069896832,16.016,11.008999999999999,1.0,1.0,1.0,0.0,16.016,11.008999999999999,0,0.0,0.0,1,1,1,0,0,1,1,1,1,0,1,0,26,3,3,1,1
1,537.073,53,SVD_Wooden,0.0,0.0,2.1094518774221237e-08,0.0,2.1977991394689918e-08,0.8235685613730631,3.3670802492652597e-09,0.6730600943677615,0.0011031560679716423,3.48959,3.48975,426.863,0,1,1,1,1,1,1,1,1,1,1,0,12.008,17.015,12.008,17.015,12.008,12.008,0.0,4,4,1.0,1.0,1.0,1.0,0.0,3.4896480000000003,3.48953,426.8639,2.10507614618808e-08,3.3670802492652597e-09,1.4709612177139485e-10,17.015,12.008,1.0,1.0,1.0,0.0,17.015,12.008,0,0.0,0.0,1,1,1,0,0,1,1,1,1,0,1,2,28,3,3,1,1
1,538.073,53,SVD_Wooden,0.0,0.0,2.1073424255447017e-08,2.109451877421992e-11,2.1977984961500783e-08,0.7958228604468367,3.3670151019295525e-09,0.6822296555859457,0.0005343317843088098,3.48959,3.4897,426.863,0,1,1,1,1,1,1,1,1,1,1,0,13.008,18.015,13.008,18.015,13.008,13.008,0.0,4,4,1.0,1.0,1.0,1.0,0.0,3.4896540000000003,3.48953,426.8637,2.1059157248436756e-08,3.3670151019295525e-09,1.4711290501572728e-10,18.015,13.008,1.0,1.0,1.0,0.0,18.015,13.008,0,0.0,0.0,1,1,1,0,0,1,1,1,1,0,1,0,28,3,3,1,1
1,539.081,53,SVD_Wooden,0.8296731373738991,0.8230884299344238,0.008038933929820214,0.008038912856395958,0.0035951111434048104,0.795978525428367,0.002542127463266762,0.6968905749281907,0.0004887264042754688,3.48959,3.58414,426.029,0,1,1,0,0,0,1,0,1,0,0,0,0.0,19.023,0.0,19.023,0.0,0.0,0.0,4,4,1.0,1.0,0.9,0.9,0.0,3.499104,3.48953,426.7803,0.0008039123320764674,0.002542127463266762,0.0008038914116363375,19.023,13.008,1.0,0.9,0.9,0.0,19.023,13.008,0,0.0,0.0,1,0,0,0,0,0,0,1,1,0,1,0,28,3,3,1,1
1,540.081,54,SVD_Wooden,3.478667813977183,2.648994676603284,0.0011740043668312962,0.006864929562988917,0.0035009593484848093,0.8842907235262925,0.002527946277633425,0.7162918694132666,0.0007096246315162612,3.48959,3.61541,422.555,0,1,1,0,0,0,1,0,1,0,0,0,0.0,20.023,0.0,20.023,0.0,0.0,0.0,4,4,1.0,1.0,0.8,0.8,0.0,3.511686,3.48953,426.3495,0.000921310671901462,0.002527946277633425,0.0014903843447305616,20.023,13.008,1.0,0.8,0.8,0.0,20.023,13.008,0,0.0,0.0,1,0,0,0,0,0,0,1,1,0,1,0,27,3,3,1,1
1,541.08,54,SVD_Wooden,2.894430397664917,-0.5848222385508172,0.030121399540385327,0.02894739517355403,0.01288276722195642,0.9526805838699098,0.009536953172182705,0.7374988723252884,0.0019978991559294647,3.4897,3.52114,419.723,0,1,1,0,0,0,1,0,1,0,0,0,0.0,21.022,0.0,21.022,0.0,0.0,0.0,4,4,1.0,1.0,0.7,0.7,0.0,3.5148409999999997,3.48953,425.6354,0.003933448524900687,0.009536953172182705,0.004385123857904792,21.022,13.008,1.0,0.7,0.7,0.0,21.022,13.008,0,0.0,0.0,1,0,0,0,0,0,0,1,1,0,1,0,27,3,3,1,1
1,542.081,54,SVD_Wooden,0.0,-2.891538858806111,0.0,0.030121399540385327,0.012882770442298621,0.969591700604273,0.009536954139846687,0.7534638516276774,0.0032861740023748995,3.4897,3.5207,419.722,0,1,1,0,0,0,1,0,1,0,0,0,0.0,22.023,0.0,22.023,0.0,0.0,0.0,4,4,1.0,1.0,0.6,0.6,0.0,3.517958,3.48959,424.9211,0.003933446413335131,0.009536954139846687,0.007397263801417075,22.023,13.008,1.0,0.6,0.6,0.0,22.023,13.008,0,0.0,0.0,1,0,0,0,0,0,0,1,1,0,1,0,27,3,3,1,1
1,543.08,54,SVD_Wooden,0.0,0.0,0.0,0.0,0.012882773659417956,0.9948949582195491,0.00953695510268622,0.7712403891075038,0.004574449170533675,3.52059,3.52059,419.726,0,1,1,0,0,0,1,0,1,0,0,0,0.0,23.022,0.0,23.022,0.0,0.0,0.0,4,4,1.0,1.0,0.5,0.5,0.0,3.5210529999999998,3.48959,424.20689999999996,0.003933444312295823,0.00953695510268622,0.007397263790890826,23.022,13.008,1.0,0.5,0.5,0.0,23.022,13.008,0,0.0,0.0,1,0,0,0,0,0,0,1,1,0,1,0,27,3,3,1,1
1,544.081,54,SVD_Wooden,0.24984262028094303,0.24959302725368937,0.21154666310805084,0.21154666310805084,0.09201387635328213,0.9937751103911298,0.06619093613994011,0.7884436940665984,0.013775834608082044,3.52059,5.3384,431.87,0,1,0,0,0,0,0,0,0,0,0,0,0.0,0.0,0.0,0.0,0.0,0.0,0.0,4,4,0.9,0.9,0.4,0.4,0.0,3.705912,3.48959,424.7078,0.02508810850516882,0.06619093613994011,0.028551930084803133,23.022,13.008,0.9,0.4,0.4,0.0,23.022,13.008,0,0.0,0.0,0,0,0,0,0,0,0,1,1,0,1,0,27,3,3,1,1
1,545.082,54,SVD_Wooden,3.4866351750205506,3.233558995743864,0.1663132417735392,0.045233421334511636,0.1000370366665228,0.9930399760065387,0.07886717217527832,0.8035488770263874,0.023779536076934935,3.52059,4.77455,415.997,0,1,1,0,0,0,1,0,1,0,0,0,0.0,0.0,0.0,0.0,0.0,0.0,0.0,4,4,0.9,0.9,0.3,0.3,0.0,3.834397,3.48959,423.62119999999993,0.04171943059810886,0.07886717217527832,0.03307527218473608,23.022,13.008,0.9,0.3,0.3,0.0,23.022,13.008,0,0.0,0.0,0,0,0,0,0,0,0,1,1,0,1,0,27,3,3,1,1
1,546.079,54,SVD_Wooden,1.02808188467522,-2.465951143776661,4.2648324236683254e-05,0.16627059344930253,0.10470198056431375,0.9873817607274307,0.07886466783321666,0.8180343251297468,0.03424973193556576,3.52059,4.72746,415.058,0,1,1,1,1,1,1,1,1,1,1,0,0.0,0.997,0.0,0.997,0.0,0.0,0.0,4,4,0.9,0.9,0.3,0.3,0.0,3.958184,3.4897,422.4406,0.04172369332108066,0.07886466783321666,0.049702331504628335,23.022,13.008,0.9,0.3,0.3,0.0,23.022,13.008,0,0.0,0.0,0,0,0,0,0,0,0,1,1,0,1,0,24,3,3,1,1
1,547.086,54,SVD_Wooden,0.0,-1.020935337314022,0.0,4.2648324236683254e-05,0.10470198056431375,0.9873817607274307,0.07886466907323256,0.8325197732331062,0.044719927794198,3.52059,4.72717,415.061,0,1,1,1,1,1,1,1,1,1,1,0,1.007,2.004,1.007,2.004,1.007,1.007,0.0,4,4,0.9,0.9,0.3,0.3,0.0,4.081926,3.4897,421.2604,0.041723691211628784,0.07886466907323256,0.049706596337052,23.022,13.008,0.9,0.3,0.3,0.0,23.022,13.008,0,0.0,0.0,0,0,0,0,0,0,0,1,1,0,1,0,24,3,3,1,1
1,548.084,54,SVD_Wooden,0.0,0.0,0.0,0.0,0.10470198056431375,0.9873817607274307,0.07886467031200836,0.8470052213364656,0.05519012365283088,4.72717,4.72721,415.06,0,1,1,1,1,1,1,1,1,1,1,0,2.005,3.002,2.005,3.002,2.005,2.005,0.0,4,4,0.9,0.9,0.3,0.3,0.0,4.205677,3.52059,420.0801,0.04172368910428636,0.07886467031200836,0.04970659633494255,23.022,2.005,0.9,0.3,0.3,0.0,23.022,2.005,0,0.0,0.0,1,0,0,0,0,0,0,1,1,0,1,1,25,3,3,1,1
1,549.088,54,SVD_Wooden,0.0,0.0,0.0,0.0,0.07437277689796937,0.9873817607274307,0.0792860272587173,0.861490669439825,0.06226789022828734,4.727,4.727,415.055,0,1,1,1,1,1,1,1,1,1,1,0,3.009,4.006,3.009,4.006,3.009,3.009,0.0,5,5,0.9,0.9,0.4,0.4,0.0,4.3199629999999996,3.52059,418.9827,0.04091979571130434,0.0792860272587173,0.048902705049302955,23.022,3.009,0.9,0.4,0.4,0.0,23.022,3.009,0,0.0,0.0,1,1,1,0,0,0,1,1,1,0,1,2,25,3,3,1,1
1,550.087,55,SVD_Wooden,0.0,0.0,0.0,0.0,1.907292309227839e-05,0.9873817607274307,0.07935226033962019,0.8759761175431843,0.061919701585748076,4.727,4.85999,415.731,0,1,1,1,1,1,1,1,1,1,1,0,4.008,5.005,4.008,5.005,4.008,4.008,0.0,5,5,0.9,0.9,0.5,0.5,0.0,4.444421,3.52059,418.3003,0.040802395274621206,0.07935226033962019,0.04821621209300406,23.022,4.008,0.9,0.5,0.5,0.0,23.022,4.008,0,0.0,0.0,1,1,1,0,0,1,1,1,1,0,1,0,25,3,3,1,1
1,551.089,55,SVD_Wooden,1.6518700423323978,1.6485728965393192,0.4069587182397607,0.4069587182397607,0.18199747160405896,0.9770380755656008,0.14001062010912882,0.889944381388452,0.07883117202395834,4.727,9.79737,419.94,0,1,0,0,0,0,0,0,0,0,0,0,0.0,0.0,0.0,0.0,0.0,0.0,0.0,5,5,0.8,0.8,0.5,0.5,0.0,5.072044,3.52059,418.32199999999995,0.07848612714455874,0.14001062010912882,0.08601734439962473,23.022,4.008,0.8,0.5,0.5,0.0,23.022,4.008,0,0.0,0.0,0,0,0,0,0,0,0,1,1,0,1,0,25,3,3,1,1
1,552.089,55,SVD_Wooden,3.222743433784368,1.5708733914519701,0.11155965677776505,0.2953990614619957,0.17627300865813264,0.9795369165687183,0.13748373406669465,0.9040375872838757,0.09517019584554173,4.34654,4.34654,417.702,0,1,1,0,0,0,1,0,1,0,0,0,0.0,0.0,0.0,0.0,0.0,0.0,0.0,5,5,0.8,0.8,0.5,0.5,0.0,5.154628,3.52059,418.12,0.08964209282233525,0.13748373406669465,0.11254511059178576,23.022,4.008,0.8,0.5,0.5,0.0,23.022,4.008,0,0.0,0.0,0,0,0,0,0,0,0,1,1,0,1,0,25,3,3,1,1
1,553.091,55,SVD_Wooden,1.7193217026672027,-1.5004208893384883,0.0197622683197998,0.09179738845796526,0.17356720054674663,0.8677301022214894,0.1361879520443539,0.912540452461938,0.1112386385342746,3.61969,3.61969,419.144,0,1,1,0,0,0,1,0,1,0,0,0,0.0,1.002,0.0,1.002,0.0,0.0,0.0,5,5,0.8,0.8,0.5,0.5,0.0,5.164538,3.61969,418.06180000000006,0.09161831965431524,0.1361879520443539,0.12172484943758229,5.005,4.008,0.8,0.5,0.5,0.0,5.005,4.008,0,0.0,0.0,0,0,0,0,0,0,0,1,1,0,1,0,25,3,3,1,1
1,554.09,55,SVD_Wooden,0.6815082115659701,-1.0388523434446773,0.0017752180633035133,0.017987050256496287,0.17329352796152286,0.817421851639496,0.13174596513435186,0.9185279051109004,0.11936660369509869,3.61969,3.64067,422.043,0,1,1,0,0,0,1,0,1,0,0,0,0.0,2.001,0.0,2.001,0.0,0.0,0.0,5,5,0.9,0.9,0.5,0.5,0.0,4.994765,3.61969,417.07910000000004,0.0706411751498405,0.13174596513435186,0.10236888815242684,5.005,4.008,0.9,0.5,0.5,0.0,5.005,4.008,0,0.0,0.0,0,0,0,0,0,0,0,1,1,0,1,0,25,3,3,1,1
1,555.094,55,Engraved1911,0.0,-0.6787930394083367,0.0,0.0017752180633035133,0.17329352796152286,0.817421851639496,0.12879096578832924,0.9205236670345298,0.12669225282459867,3.61969,3.63206,424.195,0,1,1,0,0,0,1,0,1,0,0,0,0.0,3.005,0.0,3.005,0.0,0.0,0.0,5,5,0.9,0.9,0.5,0.5,0.0,4.880516,3.61969,417.89889999999997,0.05400985097248658,0.12879096578832924,0.09802306782530602,5.005,4.008,0.9,0.5,0.5,0.0,5.005,4.008,0,0.0,0.0,1,0,0,0,0,0,0,1,1,0,1,1,26,3,3,1,1
1,556.092,55,Engraved1911,0.0,0.0,0.0,0.0,0.04820862413815017,0.817421851639496,0.12879295213495026,0.9208561226388705,0.12104291718198235,3.56469,3.56469,424.748,0,1,1,1,1,1,1,1,1,1,1,0,0.0,4.003,0.0,4.003,0.0,0.0,0.0,5,5,0.9,0.9,0.5,0.5,0.0,4.764239,3.56469,418.8679,0.054005586140062914,0.12879295213495026,0.08139600848037576,5.005,4.008,0.9,0.5,0.5,0.0,5.005,4.008,0,0.0,0.0,1,0,0,0,0,0,0,1,1,0,1,0,26,3,3,1,1
1,557.106,55,Engraved1911,0.0,0.0,0.0,0.0,0.008673609173485535,0.817421851639496,0.12879295213495026,0.9205487871521921,0.11144008004289949,3.54801,3.54801,426.19,0,1,1,1,1,1,1,1,1,1,1,0,1.014,5.0169999999999995,1.014,5.0169999999999995,1.014,1.014,0.0,5,5,0.9,0.9,0.5,0.5,0.0,4.646323000000001,3.54801,419.9808,0.054005586140062914,0.12879295213495026,0.0813917436479521,5.0169999999999995,4.008,0.9,0.5,0.5,0.0,5.0169999999999995,4.008,0,0.0,0.0,1,0,0,0,0,0,0,1,1,0,1,0,26,3,3,1,1
1,558.096,55,Engraved1911,0.0,0.0,0.0,0.0,0.0007939016531894657,0.817421851639496,0.12879295213495026,0.921628736711825,0.10104927215178708,3.54801,3.61769,429.414,0,1,1,1,1,1,1,1,1,1,1,0,2.004,6.007,2.004,6.007,2.004,2.004,0.0,5,5,0.9,0.9,0.5,0.5,0.0,4.535371,3.54801,421.4162,0.054005586140062914,0.12879295213495026,0.0813917436479521,6.007,4.008,0.9,0.5,0.5,0.0,6.007,4.008,0,0.0,0.0,1,0,0,0,0,0,0,1,1,0,1,0,26,3,3,1,1
1,559.098,55,Engraved1911,0.0,0.0,0.0,0.0,2.193749364544164e-08,0.8093324943625084,0.12879295213495026,0.922296435158532,0.09361199665573951,3.54801,3.67354,428.863,0,1,1,1,1,1,1,1,1,1,1,0,3.0060000000000002,7.009,3.0060000000000002,7.009,3.0060000000000002,3.0060000000000002,0.0,6,6,0.9,0.9,0.5,0.5,0.0,4.430025,3.54801,422.7969999999999,0.054005586140062914,0.12879295213495026,0.0813917436479521,7.009,4.008,0.9,0.5,0.5,0.0,7.009,4.008,0,0.0,0.0,1,1,1,0,0,0,1,1,1,0,1,2,28,3,3,1,1
1,560.101,56,Engraved1911,0.0,0.0,0.0,0.0,2.193749364544164e-08,0.7662196163638235,0.12879295213495026,0.9163928798004086,0.09361009155717964,3.54801,3.77585,429.303,0,1,1,1,1,1,1,1,1,1,1,0,4.009,8.012,4.009,8.012,4.009,4.009,0.0,6,6,0.9,0.9,0.5,0.5,0.0,4.321611,3.54801,424.15420000000006,0.054005586140062914,0.12879295213495026,0.0813917436479521,8.012,4.009,0.9,0.5,0.5,0.0,8.012,4.009,0,0.0,0.0,1,1,1,0,0,1,1,1,1,0,1,0,28,3,3,1,1
1,561.099,56,Engraved1911,0.0,0.0,0.0,0.0,2.193749364544164e-08,0.711815988926997,0.035067824310629256,0.904349650053263,0.07541034659052312,3.54801,3.77419,429.334,0,1,1,1,1,1,1,1,1,1,1,0,5.007,9.01,5.007,9.01,5.007,5.007,0.0,6,6,1.0,1.0,0.6,0.6,0.0,3.7192930000000004,3.54801,425.0936,0.013309714316086838,0.035067824310629256,0.040695871823976035,9.01,5.007,1.0,0.6,0.6,0.0,9.01,5.007,0,0.0,0.0,1,1,1,0,0,1,1,1,1,0,1,0,28,3,3,1,1
1,562.104,56,Engraved1911,0.0,0.0,0.0,0.0,2.193749364544164e-08,0.711815988926997,0.006212105711574,0.8914608644693992,0.05778304791845921,3.61769,3.77533,429.301,0,1,1,1,1,1,1,1,1,1,1,0,6.012,10.015,6.012,10.015,6.012,6.012,0.0,6,6,1.0,1.0,0.7,0.7,0.0,3.6621720000000004,3.54801,426.2535,0.0021537486383103313,0.006212105711574,0.01115596567777646,10.015,6.012,1.0,0.7,0.7,0.0,10.015,6.012,0,0.0,0.0,1,1,1,0,0,1,1,1,1,0,1,2,30,3,3,1,1
1,563.101,56,Engraved1911,0.0,0.0,0.0,0.0,2.193749364544164e-08,0.711815988926997,0.0005613732423637299,0.8773069160047717,0.04042633005753392,3.67354,3.77585,429.302,0,1,1,1,1,1,1,1,1,1,1,0,7.0089999999999995,11.012,7.0089999999999995,11.012,7.0089999999999995,7.0089999999999995,0.0,6,6,1.0,1.0,0.8,0.8,0.0,3.6777879999999996,3.54801,427.26930000000004,0.00017752180633035132,0.0005613732423637299,0.0019762268319799357,11.012,7.0089999999999995,1.0,0.8,0.8,0.0,11.012,7.0089999999999995,0,0.0,0.0,1,1,1,0,0,1,1,1,1,0,1,0,30,3,3,1,1
1,564.101,56,Engraved1911,0.6689805976258079,0.6689805976258079,0.010525237603355211,0.010525237603355211,0.0047070293521389,0.7183837794616962,0.003328372374107551,0.8635373494583,0.023567680196595518,3.52737,3.52737,428.294,0,1,1,0,0,0,1,0,1,0,0,0,0.0,12.012,0.0,12.012,0.0,0.0,0.0,6,6,1.0,1.0,0.8,0.8,0.0,3.666458,3.52737,427.89439999999996,0.0010525237603355212,0.003328372374107551,0.0012300455666658281,12.012,7.0089999999999995,1.0,0.8,0.8,0.0,12.012,7.0089999999999995,0,0.0,0.0,1,0,0,0,0,0,0,1,1,0,1,0,30,3,3,1,1
1,565.105,56,Engraved1911,3.9959830777728196,3.3137474901862665,0.00989046195856159,0.0006347756447936219,0.005595572058383906,0.7104091010060697,0.004306607139690754,0.8494058057082766,0.006797884606281621,3.52737,3.75765,424.127,0,1,1,0,0,0,1,0,1,0,0,0,0.0,13.016,0.0,13.016,0.0,0.0,0.0,6,6,1.0,1.0,0.8,0.8,0.0,3.6790170000000004,3.52737,427.8876,0.00204156995619168,0.004306607139690754,0.0011160013248148388,13.016,7.0089999999999995,1.0,0.8,0.8,0.0,13.016,7.0089999999999995,0,0.0,0.0,1,0,0,0,0,0,0,1,1,0,1,0,30,3,3,1,1
1,566.106,56,SVD_Wooden,2.82474340608176,-1.1700696020889707,1.488627491892873e-08,0.00989044707228667,0.005595569342724599,0.7291928131757253,0.004306606355591303,0.8364963583306914,0.0025365791267390634,3.52737,3.73229,422.313,0,1,1,0,0,0,1,0,1,0,0,0,0.0,14.017,0.0,14.017,0.0,0.0,0.0,6,6,1.0,1.0,0.7,0.7,0.0,3.6957770000000005,3.52737,427.6441,0.002041571444819172,0.004306606355591303,0.002105046032043506,14.017,7.0089999999999995,1.0,0.7,0.7,0.0,14.017,7.0089999999999995,0,0.0,0.0,1,0,0,0,0,0,0,1,1,0,1,0,23,1,3,1,1
1,567.113,56,SVD_Wooden,2.4821977969863984,-0.3401644578901307,0.01391277855261627,0.01391276366634135,0.0064513212808658404,0.762581401623007,0.005620624008898659,0.8252563403754701,0.0023143503374770938,3.52737,3.96625,420.05,0,1,1,0,0,0,1,0,1,0,0,0,0.0,15.024,0.0,15.024,0.0,0.0,0.0,6,6,1.0,1.0,0.6,0.6,0.0,3.737601,3.52737,427.03010000000006,0.0034328493000807987,0.005620624008898659,0.0034963223986776413,15.024,7.0089999999999995,1.0,0.6,0.6,0.0,15.024,7.0089999999999995,0,0.0,0.0,1,0,0,0,0,0,0,1,1,0,1,0,23,1,3,1,1
1,568.107,56,SVD_Wooden,6.532093082141637,4.074341333154164,0.026985021662912174,0.013072243110295905,0.00972740008277266,0.8247451850035866,0.00915559305392272,0.8171245115892779,0.003207700180435413,3.52737,4.94601,414.874,0,1,1,0,0,0,1,0,1,0,0,0,0.0,16.018,0.0,16.018,0.0,0.0,0.0,6,6,1.0,1.0,0.5,0.5,0.0,3.870433,3.52737,425.57609999999994,0.006131351466372016,0.00915559305392272,0.004803546709707231,16.018,7.0089999999999995,1.0,0.5,0.5,0.0,16.018,7.0089999999999995,0,0.0,0.0,1,0,0,0,0,0,0,1,1,0,1,0,23,1,3,1,1
1,569.106,56,SVD_Wooden,6.633177084733801,0.10118518777994394,5.253108677777934e-05,0.026932490576134394,0.01120963027782396,0.8609094855552606,0.009151698494287045,0.8108008978306694,0.004328661014468445,3.73229,5.12216,408.218,1,1,0,0,0,0,0,0,0,0,0,0,0.0,0.0,0.0,0.0,0.0,0.0,0.0,6,6,0.9,0.9,0.4,0.4,0.1,4.015295,3.52737,423.5116,0.006136604575049795,0.009151698494287045,0.007496795767320671,16.018,7.0089999999999995,0.9,0.4,0.4,0.0,16.018,7.0089999999999995,0,0.0,0.0,0,0,0,0,0,0,0,1,1,0,1,0,21,1,3,1,1
1,570.11,57,SVD_Wooden,6.421511368132697,-0.21082242689352967,0.01732005563319106,0.01726752454641328,0.011647488379065513,0.8843252154165677,0.009493831313710193,0.8056480705651262,0.005493407658625632,3.73229,5.97061,401.899,1,1,0,0,0,0,0,0,0,0,0,0,0.0,0.0,0.0,0.0,0.0,0.0,0.0,6,6,0.8,0.8,0.3,0.3,0.2,4.234771,3.52737,420.7712,0.007868610138368901,0.009493831313710193,0.009223548221961999,16.018,7.0089999999999995,0.8,0.3,0.3,0.0,16.018,7.0089999999999995,0,0.0,0.0,0,0,0,0,0,0,0,1,1,0,1,0,21,1,3,1,1
1,571.113,57,SVD_Wooden,2.251801665348005,-4.157237988818237,0.0035831649876362478,0.013736890645554813,0.0108329426067305,0.8849811413370763,0.00922774562944753,0.8010452238536999,0.006576699725549318,3.96625,6.21773,399.741,1,1,0,0,0,0,0,0,0,0,0,0,0.0,0.0,0.0,0.0,0.0,0.0,0.0,6,6,0.7,0.7,0.2,0.2,0.3,4.479125000000001,3.52737,417.8119,0.008226926637132526,0.00922774562944753,0.01059723728651748,16.018,7.0089999999999995,0.7,0.2,0.2,0.0,16.018,7.0089999999999995,0,0.0,0.0,0,0,0,0,0,0,0,1,1,0,1,0,21,1,3,1,1
1,572.115,57,SVD_Wooden,2.170565175676322,-0.08107434098970388,0.973601696535897,0.9700185315482608,0.43018352986987063,0.8741011768552697,0.30511511475908715,0.7957734368680276,0.049595050518787015,4.94601,61.2396,398.706,1,1,0,0,0,0,0,0,0,0,0,0,0.0,0.0,0.0,0.0,0.0,0.0,0.0,6,6,0.6,0.6,0.1,0.1,0.4,10.225552,3.52737,414.7524,0.10558709629072223,0.30511511475908715,0.10759909044134357,16.018,7.0089999999999995,0.6,0.1,0.1,0.0,16.018,7.0089999999999995,0,0.0,0.0,0,0,0,0,0,0,0,1,1,0,1,0,19,1,3,1,1
1,573.117,57,SVD_Wooden,3.633833771582641,1.460347900106107,0.0003414428542304048,0.9732602536816666,0.43308441600260866,0.9304358430872672,0.305102004854461,0.7989087239113164,0.09290348992529851,5.12216,61.7034,397.1,0,1,0,0,0,0,0,0,0,0,0,0,0.0,0.0,0.0,0.0,0.0,0.0,0.0,6,6,0.5,0.5,0.0,0.0,0.4,16.018307,3.52737,411.5322,0.10562124057614526,0.305102004854461,0.20492511580951023,16.018,0.0,0.5,0.0,0.0,0.0,16.018,0.0,0,0.0,0.0,0,0,0,0,0,0,0,1,1,0,1,0,19,1,3,1,1
1,574.12,57,SVD_Wooden,3.745708454492417,0.11154006272161127,1.4856591419588892e-08,0.0003414279976389852,0.4330904471244567,0.9271212887719098,0.30548442691815403,0.8043936957679371,0.1357418317025303,5.97061,62.0288,398.427,0,1,0,0,0,0,0,0,0,0,0,0,0.0,0.0,0.0,0.0,0.0,0.0,0.0,6,6,0.4,0.4,0.0,0.0,0.4,21.868450000000003,3.73229,408.5455,0.1045687183014689,0.30548442691815403,0.2039067348489386,16.018,0.0,0.4,0.0,0.0,0.0,16.018,0.0,0,0.0,0.0,0,0,0,0,0,0,0,1,1,0,1,0,19,1,3,1,1
1,575.122,57,SCARH_Black,3.5314285953917426,-0.2138521547910923,0.019648346748836757,0.019648331892245338,0.4328474944441618,0.9158952175949127,0.3051638160170083,0.809317364065708,0.17846702394110808,6.21773,63.437,400.199,0,1,0,0,0,0,0,0,0,0,0,0,0.0,0.0,0.0,0.0,0.0,0.0,0.0,6,6,0.3,0.3,0.0,0.0,0.4,27.836385,3.73229,406.1527,0.10554450678049639,0.3051638160170083,0.20580809047368379,16.018,0.0,0.3,0.0,0.0,0.0,16.018,0.0,0,0.0,0.0,0,0,0,0,0,0,0,1,1,0,1,0,19,1,3,1,1
1,576.114,57,SCARH_Black,5.446762254112643,1.930779897904133,0.09789542429968942,0.07824707755085267,0.4241465578345199,0.8942859317831471,0.30296408093474814,0.8131605680728905,0.22032212279028762,61.2396,69.6112,401.959,0,1,0,0,0,0,0,0,0,0,0,0,0.0,0.0,0.0,0.0,0.0,0.0,0.0,6,6,0.2,0.2,0.0,0.0,0.4,34.424276,3.96625,404.1173,0.11533404772183783,0.30296408093474814,0.21264375352154036,16.018,0.0,0.2,0.0,0.0,0.0,16.018,0.0,0,0.0,0.0,0,0,0,0,0,0,0,1,1,0,1,0,19,1,3,1,1
1,577.122,57,SCARH_Black,6.562272791781487,1.106657279433377,0.02231929050276856,0.07557613379692085,0.0404239331839638,0.8587151573844767,0.3026629062369258,0.8152252333601396,0.2237193839805974,61.7034,71.7432,405.363,0,1,0,0,0,0,0,0,0,0,0,0,0.0,0.0,0.0,0.0,0.0,0.0,0.0,6,6,0.1,0.1,0.0,0.0,0.4,41.201971,4.94601,402.64860000000004,0.11617469891685309,0.3026629062369258,0.2188100905345983,16.018,0.0,0.1,0.0,0.0,0.0,16.018,0.0,0,0.0,0.0,0,0,0,0,0,0,0,1,1,0,1,0,19,1,3,1,1
1,578.123,57,SCARH_Black,6.621510179067667,0.05917820907710335,2.5212823668685156e-05,0.022294077679099876,0.04047831610933212,0.8374390733507923,0.3036640568434911,0.8162260944457044,0.22679447558325333,62.0288,72.4929,408.092,0,1,0,0,0,0,0,0,0,0,0,0,0.0,0.0,0.0,0.0,0.0,0.0,0.0,6,6,0.0,0.0,0.0,0.0,0.4,47.95666,5.12216,401.9704,0.11347871803292872,0.3036640568434911,0.21973227399147874,0.0,0.0,0.0,0.0,0.0,0.0,0.0,0.0,0,0.0,0.0,0,0,0,0,0,0,0,1,1,0,1,0,19,1,3,1,1
1,579.121,57,SCARH_Black,6.62655110017378,0.005051023152417263,0.2746146105244705,0.2745893977008018,0.113488302247996,0.8307143285978721,0.3046797183902413,0.8172951861574725,0.2370223427802706,63.437,89.0026,408.69,0,1,0,0,0,0,0,0,0,0,0,0,0.0,0.0,0.0,0.0,0.0,0.0,0.0,6,6,0.0,0.0,0.0,0.0,0.3,56.344704,5.97061,402.0176,0.14093492597669802,0.3046797183902413,0.2444979647039455,0.0,0.0,0.0,0.0,0.0,0.0,0.0,0.0,0,0.0,0.0,0,0,0,0,0,0,0,1,1,0,1,0,19,1,3,1,1
1,580.121,58,SCARH_Black,6.589742545046869,-0.03680855512691039,0.9880737727205186,0.713459162196048,0.41209419054172236,0.8406352557529252,0.40049897887978203,0.8210159681269277,0.27706701299653624,33.3602,33.3602,407.54,0,1,0,0,0,0,0,0,0,0,0,0,0.0,0.0,0.0,0.0,0.0,0.0,0.0,6,6,0.0,0.0,0.0,0.0,0.2,59.083663,6.21773,402.5817,0.23801029768543075,0.40049897887978203,0.31411712846890893,0.0,0.0,0.0,0.0,0.0,0.0,0.0,0.0,0,0.0,0.0,0,0,0,0,0,0,0,1,1,0,1,0,19,1,3,1,1
1,581.122,58,SCARH_Black,6.179663402825083,-0.409669472749037,1.1103124980240233,0.12223872530350477,0.5332586279151288,0.8320365618925747,0.4745834378418448,0.8270269967752066,0.32930958152737605,33.3602,97.454,410.821,0,1,0,0,0,0,0,0,0,0,0,0,0.0,0.0,0.0,0.0,0.0,0.0,0.0,6,6,0.0,0.0,0.0,0.0,0.1,68.20728999999999,33.3602,403.6897,0.34868323098906945,0.4745834378418448,0.32496731193470396,0.0,0.0,0.0,0.0,0.0,0.0,0.0,0.0,0,0.0,0.0,0,0,0,0,0,0,0,1,1,0,1,0,19,1,3,1,1
1,582.122,58,SCARH_Black,4.669453141428957,-1.510210261396126,0.5747419094280231,0.5355705885960003,0.4682301331857505,0.8400468359229719,0.4309853670889339,0.8334385391250052,0.33311424185896404,33.3602,65.0139,411.772,0,1,0,0,0,0,0,0,0,0,0,0,0.0,0.0,0.0,0.0,0.0,0.0,0.0,6,6,0.0,0.0,0.0,0.0,0.0,68.58471999999999,33.3602,404.9963,0.3087972522782821,0.4309853670889339,0.2815225176394779,0.0,0.0,0.0,0.0,0.0,0.0,0.0,0.0,0,0.0,0.0,0,0,0,0,0,0,0,1,1,0,1,0,19,1,3,1,1
1,583.127,58,SCARH_Black,3.825463636651623,-0.8397905520172481,0.6467062042302869,0.07196429480226385,0.3350527083669529,0.8460541386588726,0.4280438986794113,0.8401504466115991,0.3233110710953985,28.2838,28.2838,412.184,0,1,0,0,0,0,0,0,0,0,0,0,0.0,0.0,0.0,0.0,0.0,0.0,0.0,6,6,0.0,0.0,0.0,0.0,0.0,65.24276,28.2838,406.50470000000007,0.37343372841588773,0.4280438986794113,0.1913929217515376,0.0,0.0,0.0,0.0,0.0,0.0,0.0,0.0,0,0.0,0.0,0,0,0,0,0,0,0,1,1,0,1,0,16,1,3,1,1
1,584.125,58,SCARH_Black,3.071363843691992,-0.7556110149896101,0.250416722928753,0.3962894813015339,0.3431511117173046,0.8408863379403855,0.4107450960305344,0.8462755745355336,0.31431713755468327,14.6717,14.6717,413.94,0,1,0,0,0,0,0,0,0,0,0,0,0.0,0.0,0.0,0.0,0.0,0.0,0.0,6,6,0.0,0.0,0.0,0.0,0.0,60.50705000000001,14.6717,408.056,0.3984753992231039,0.4107450960305344,0.23098772708192708,0.0,0.0,0.0,0.0,0.0,0.0,0.0,0.0,0,0.0,0.0,0,0,0,0,0,0,0,1,1,0,1,0,16,1,3,1,1
1,585.127,58,SCARH_Black,3.020839964602019,-0.05042303302392506,0.19512808968463932,0.05528863324411368,0.36723611030681746,0.8473185601846274,0.396255344697261,0.8531210474944613,0.3077559991409488,14.6717,26.138,415.059,0,1,0,0,0,0,0,0,0,0,0,0,0.0,0.0,0.0,0.0,0.0,0.0,0.0,6,6,0.0,0.0,0.0,0.0,0.0,56.777150000000006,14.6717,409.54200000000003,0.4160233735166841,0.396255344697261,0.23455175721711394,0.0,0.0,0.0,0.0,0.0,0.0,0.0,0.0,0,0.0,0.0,0,0,0,0,0,0,0,1,1,0,1,0,16,1,3,1,1
1,586.125,58,SCARH_Black,3.0496054142062565,0.028823095795828983,0.01657127484433589,0.17855681484030345,0.26586538268611576,0.8428003083495229,0.40426337800203893,0.8588014222531513,0.29192788162610844,14.6717,27.4497,416.443,0,1,0,0,0,0,0,0,0,0,0,0,0.0,0.0,0.0,0.0,0.0,0.0,0.0,6,6,0.0,0.0,0.0,0.0,0.0,52.561,14.6717,410.9904,0.4078909585711489,0.40426337800203893,0.244582730946059,0.0,0.0,0.0,0.0,0.0,0.0,0.0,0.0,0,0.0,0.0,0,0,0,0,0,0,0,1,1,0,1,0,16,1,3,1,1
1,587.129,58,SCARH_Black,3.043714381305387,-0.005867562650268601,2.2712566674629207e-05,0.01654856227766126,0.2614285658024053,0.8424131641972503,0.40668049024121866,0.8627930103818635,0.3140283448879526,14.6717,27.8202,417.872,0,1,0,0,0,0,0,0,0,0,0,0,0.0,0.0,0.0,0.0,0.0,0.0,0.0,6,6,0.0,0.0,0.0,0.0,0.0,48.168699999999994,14.6717,412.24129999999997,0.4056613007775394,0.40668049024121866,0.23867997379413305,0.0,0.0,0.0,0.0,0.0,0.0,0.0,0.0,0,0.0,0.0,0,0,0,0,0,0,0,1,1,0,1,0,16,1,3,1,1
1,588.13,58,SCARH_Black,2.8391940851007345,-0.20431598022442798,0.17415130811008211,0.17412859554340748,0.11226505683724028,0.8565017894153079,0.3908005233469056,0.8643808406024496,0.3212070189607434,14.6717,18.333,420.207,0,1,0,0,0,0,0,0,0,0,0,0,0.0,0.0,0.0,0.0,0.0,0.0,0.0,6,6,0.0,0.0,0.0,0.0,0.0,42.75271,14.6717,413.4528,0.4230739103061807,0.3908005233469056,0.25386342558056374,0.0,0.0,0.0,0.0,0.0,0.0,0.0,0.0,0,0.0,0.0,0,0,0,0,0,0,0,1,1,0,1,0,14,1,3,1,1
1,589.134,58,SCARH_Black,2.808942100103629,-0.03013145916046361,0.06240786541994619,0.11174344269013592,0.08997469491477585,0.875924767053395,0.40525192485790806,0.8651316046773563,0.31885565822742135,18.333,22.1172,422.241,0,1,0,0,0,0,0,0,0,0,0,0,0.0,0.0,0.0,0.0,0.0,0.0,0.0,6,6,0.0,0.0,0.0,0.0,0.0,36.06417,14.6717,414.8079000000001,0.4018532357957283,0.40525192485790806,0.2375788300794972,0.0,0.0,0.0,0.0,0.0,0.0,0.0,0.0,0,0.0,0.0,0,0,0,0,0,0,0,1,1,0,1,0,14,1,3,1,1
1,590.131,59,SCARH_Black,1.9500660400473828,-0.8614604413803874,0.007923699776571707,0.05448416564337448,0.07233357973008196,0.9163514671718936,0.36416093028220853,0.8667329172651226,0.2848795971462573,18.333,22.8699,423.185,0,1,0,0,0,0,0,0,0,0,0,0,0.0,0.0,0.0,0.0,0.0,0.0,0.0,6,6,0.0,0.0,0.0,0.0,0.0,35.01514,14.6717,416.3724,0.3038382285013336,0.36416093028220853,0.17168133042422987,0.0,0.0,0.0,0.0,0.0,0.0,0.0,0.0,0,0.0,0.0,0,0,0,0,0,0,0,1,1,0,1,0,14,1,3,1,1
1,591.124,59,SCARH_Black,0.35435009985881283,-1.606964693039849,0.16949868949283986,0.16157498971626816,0.0847586323807851,0.929853806907677,0.22916562433765264,0.8689765505436526,0.24002959759282297,13.4132,13.4132,422.981,0,1,0,0,0,0,0,0,0,0,0,0,0.0,0.0,0.0,0.0,0.0,0.0,0.0,6,6,0.0,0.0,0.0,0.0,0.0,26.61106,13.4132,417.5884,0.20975684764821528,0.22916562433765264,0.1756149568655062,0.0,0.0,0.0,0.0,0.0,0.0,0.0,0.0,0,0.0,0.0,0,0,0,0,0,0,0,1,1,0,1,0,12,1,3,1,1
1,592.135,59,SCARH_Black,3.105684353725847,2.721398866337324,0.037274220394171435,0.13222446909866842,0.07693994683115733,0.931803465914828,0.19445106785487293,0.8718616649966305,0.20090057895736363,11.7659,11.7659,423.627,0,1,0,0,0,0,0,0,0,0,0,0,0.0,0.0,0.0,0.0,0.0,0.0,0.0,6,6,0.0,0.0,0.0,0.0,0.0,21.28626,11.7659,418.77389999999997,0.1560100787448301,0.19445106785487293,0.135280344915773,0.0,0.0,0.0,0.0,0.0,0.0,0.0,0.0,0,0.0,0.0,0,0,0,0,0,0,0,1,1,0,1,0,12,1,3,1,1
1,593.236,59,SCARH_Black,2.6619241899061996,-0.4030519199088532,0.0,0.037274220394171435,0.06840928648207203,0.9339287514268448,0.09547223316734434,0.8720363104136093,0.1742362367688756,11.7659,12.1505,424.576,0,1,0,0,0,0,0,0,0,0,0,0,0.0,0.0,0.0,0.0,0.0,0.0,0.0,6,6,0.0,0.0,0.0,0.0,0.0,19.67293,11.7659,420.01309999999995,0.09133945832180142,0.09547223316734434,0.1318113374749638,0.0,0.0,0.0,0.0,0.0,0.0,0.0,0.0,0,0.0,0.0,0,0,0,0,0,0,0,1,1,0,1,0,12,1,3,1,1
1,594.151,59,SCARH_Black,3.521235494223069,0.9391380375047753,1.0664595797260492,1.0664595797260492,0.4580517866822274,0.9358478221111114,0.32334976013139116,0.8724726370805694,0.18572630426536785,11.7659,67.9992,423.918,0,1,0,0,0,0,0,0,0,0,0,0,0.0,0.0,0.0,0.0,0.0,0.0,0.0,6,6,0.0,0.0,0.0,0.0,0.0,25.00568,11.7659,421.01090000000005,0.17294374400153104,0.32334976013139116,0.1988283473174153,0.0,0.0,0.0,0.0,0.0,0.0,0.0,0.0,0,0.0,0.0,0,0,0,0,0,0,0,1,1,0,1,0,12,1,3,1,1
1,595.138,59,SCARH_Black,3.735865996241855,0.21745744885388626,0.03582683220582818,1.030632747520221,0.4544258764454785,0.9395134491611765,0.32604819337651836,0.8736535486588826,0.19444528087923396,11.7659,70.5889,424.382,0,1,0,0,0,0,0,0,0,0,0,0,0.0,0.0,0.0,0.0,0.0,0.0,0.0,6,6,0.0,0.0,0.0,0.0,0.0,29.45077,11.7659,421.9432,0.15701361825364993,0.32604819337651836,0.29636275874502604,0.0,0.0,0.0,0.0,0.0,0.0,0.0,0.0,0,0.0,0.0,0,0,0,0,0,0,0,1,1,0,1,0,10,1,3,1,1
1,596.139,59,SCARH_Black,6.479504587283458,2.740897693348255,0.3310887178108491,0.2952618856050209,0.45195873745602505,0.9382691483365792,0.32616505465575985,0.8758527094865542,0.21305461635622489,11.7659,90.3044,427.259,0,1,0,0,0,0,0,0,0,0,0,0,0.0,0.0,0.0,0.0,0.0,0.0,0.0,6,6,0.0,0.0,0.0,0.0,0.0,35.736239999999995,11.7659,423.02479999999997,0.18846536255030125,0.32616505465575985,0.3080332658214978,0.0,0.0,0.0,0.0,0.0,0.0,0.0,0.0,0,0.0,0.0,0,0,0,0,0,0,0,1,1,0,1,0,10,1,3,1,1
1,597.15,59,SCARH_Black,6.606583231603659,0.1256959884472807,0.0005001906886400958,0.330588527122209,0.4574494232806764,0.9371931225135887,0.3261344365968239,0.8797766077430099,0.23265670210405198,12.1505,91.1343,429.296,0,1,0,0,0,0,0,0,0,0,0,0,0.0,0.0,0.0,0.0,0.0,0.0,0.0,6,6,0.0,0.0,0.0,0.0,0.0,42.06765,11.7659,424.1672,0.1885131103624978,0.3261344365968239,0.33943726230595256,0.0,0.0,0.0,0.0,0.0,0.0,0.0,0.0,0,0.0,0.0,0,0,0,0,0,0,0,1,1,0,1,0,8,1,3,1,1
1,598.142,59,SCARH_Black,6.981988031929267,0.3784322583927501,1.502133184863675e-08,0.0005001756673082471,0.457449420926458,0.9364845620412766,0.33159062697376174,0.884728882177534,0.26717513851297375,67.9992,91.7897,429.545,0,1,0,0,0,0,0,0,0,0,0,0,0.0,0.0,0.0,0.0,0.0,0.0,0.0,6,6,0.0,0.0,0.0,0.0,0.0,49.41332,11.7659,425.101,0.17109798105362276,0.33159062697376174,0.32207442031834266,0.0,0.0,0.0,0.0,0.0,0.0,0.0,0.0,0,0.0,0.0,0,0,0,0,0,0,0,1,1,0,1,0,8,1,3,1,1
1,599.147,59,SCARH_Black,6.43161593863367,-0.5476339236772104,0.24120351440889098,0.24120349938755914,0.1541097038844407,0.936586866713458,0.3298948571948507,0.8900225090833134,0.2735886394099402,70.5889,106.376,428.875,0,1,0,0,0,0,0,0,0,0,0,0,0.0,0.0,0.0,0.0,0.0,0.0,0.0,6,6,0.0,0.0,0.0,0.0,0.0,57.83919999999999,11.7659,425.7644,0.18897754595251723,0.3298948571948507,0.335020425988085,0.0,0.0,0.0,0.0,0.0,0.0,0.0,0.0,0,0.0,0.0,0,0,0,0,0,0,0,1,1,0,1,0,8,1,3,1,1
1,600.155,60,SCARH_Black,6.5367518192522445,0.1043014688676332,0.006354561242100383,0.2348489531667906,0.15871141714933076,0.9417257871461818,0.3299909029625518,0.8950770356529762,0.28222642315186514,90.3044,106.833,428.881,0,1,0,0,0,0,0,0,0,0,0,0,0.0,0.0,0.0,0.0,0.0,0.0,0.0,6,6,0.0,0.0,0.0,0.0,0.0,66.23551,11.7659,426.334,0.1888206320990701,0.3299909029625518,0.35305690474042656,0.0,0.0,0.0,0.0,0.0,0.0,0.0,0.0,0,0.0,0.0,0,0,0,0,0,0,0,1,1,0,1,0,8,1,3,1,1
1,601.143,60,SCARH_Black,6.773373124794318,0.23949524852436624,0.4885905613471209,0.48223600010502055,0.2170312184614055,0.9349062707622225,0.34308286577400227,0.9002205210964584,0.29545368175992714,80.0056,80.0056,429.966,0,1,0,0,0,0,0,0,0,0,0,0,0.0,0.0,0.0,0.0,0.0,0.0,0.0,6,6,0.0,0.0,0.0,0.0,0.0,72.89475,11.7659,427.03249999999997,0.2207298192844982,0.34308286577400227,0.3851230057793018,0.0,0.0,0.0,0.0,0.0,0.0,0.0,0.0,0,0.0,0.0,0,0,0,0,0,0,0,1,1,0,1,0,8,1,3,1,1
1,602.152,60,SCARH_Black,4.776317474271542,-1.9792424683080048,0.3557816386269053,0.1328089227202156,0.21509211684015628,0.9473337188897171,0.3389183799949933,0.905584865244796,0.3092688987608271,60.1743,60.1743,428.262,0,1,0,0,0,0,0,0,0,0,0,0,0.0,0.0,0.0,0.0,0.0,0.0,0.0,6,6,0.0,0.0,0.0,0.0,0.0,77.73559,12.1505,427.496,0.2525805611077716,0.3389183799949933,0.3851814511414565,0.0,0.0,0.0,0.0,0.0,0.0,0.0,0.0,0,0.0,0.0,0,0,0,0,0,0,0,1,1,0,1,0,8,1,3,1,1
1,603.144,60,SCARH_Black,3.319362089676447,-1.4687050247934421,0.26143986215381065,0.09434177647309466,0.17716481196193298,0.9636046149956393,0.3271488757090202,0.9114623890616341,0.32014445130881314,45.9334,45.9334,425.509,0,1,0,0,0,0,0,0,0,0,0,0,0.0,0.0,0.0,0.0,0.0,0.0,0.0,6,6,0.0,0.0,0.0,0.0,0.0,81.11388000000001,45.9334,427.5893,0.27872454732315266,0.3271488757090202,0.3908882067493488,0.0,0.0,0.0,0.0,0.0,0.0,0.0,0.0,0,0.0,0.0,0,0,0,0,0,0,0,1,1,0,1,0,8,1,3,1,1
1,604.148,60,SCARH_Black,3.4959641827702495,0.17589849909741273,0.8156318658409448,0.5541920036871342,0.29818887913852277,0.953203486909594,0.26345756881579707,0.9170782465100945,0.30415816055444267,45.9334,93.3857,422.084,0,1,0,0,0,0,0,0,0,0,0,0,0.0,0.0,0.0,0.0,0.0,0.0,0.0,6,6,0.0,0.0,0.0,0.0,0.0,83.65253,45.9334,427.40590000000003,0.2536417759346422,0.26345756881579707,0.3396614491454574,0.0,0.0,0.0,0.0,0.0,0.0,0.0,0.0,0,0.0,0.0,0,0,0,0,0,0,0,1,1,0,1,0,8,1,3,1,1
1,605.154,60,SCARH_Black,3.0880446413232816,-0.4054866217166678,1.417559158244707,0.6019272924037621,0.4686664854388801,0.9533132077599435,0.4398271019069526,0.9223779788888604,0.30558222145378283,45.9334,164.735,445.654,1,1,0,0,0,0,0,0,0,0,0,0,0.0,0.0,0.0,0.0,0.0,0.0,0.0,6,6,0.0,0.0,0.0,0.0,0.1,93.06714,45.9334,429.5331,0.3918150085385301,0.4398271019069526,0.2967909036338115,0.0,0.0,0.0,0.0,0.0,0.0,0.0,0.0,0,0.0,0.0,0,0,0,0,0,0,0,1,1,0,1,0,8,1,3,1,1
1,606.154,60,SCARH_Black,3.4239781599770556,0.33593351865377397,1.0407762741444648,0.3767828841002421,0.48078214466591696,0.9536723352398493,0.4839798337461611,0.9279215802333767,0.30846456217477203,45.9334,116.616,419.026,0,1,0,0,0,0,0,0,0,0,0,0,0.0,0.0,0.0,0.0,0.0,0.0,0.0,5,5,0.0,0.0,0.0,0.0,0.1,95.6983,45.9334,428.7098,0.46278376417189165,0.4839798337461611,0.30494300348333353,0.0,0.0,0.0,0.0,0.0,0.0,0.0,0.0,0,0.0,0.0,0,0,0,0,0,0,0,1,1,0,1,0,8,1,3,1,1
1,607.159,60,SCARH_Black,3.565868747619606,0.14118466432094554,0.04531254691793541,0.9954637272265294,0.5621471925794579,0.9544583181089215,0.4794097778000487,0.9335238379289603,0.3189343391046502,45.9334,114.842,419.57,0,1,0,0,0,0,0,0,0,0,0,0,0.0,0.0,0.0,0.0,0.0,0.0,0.0,5,5,0.0,0.0,0.0,0.0,0.1,98.06907,45.9334,427.73720000000003,0.4672649997948213,0.4794097778000487,0.37143052349376565,0.0,0.0,0.0,0.0,0.0,0.0,0.0,0.0,0,0.0,0.0,0,0,0,0,0,0,0,1,1,0,1,0,8,1,3,1,1
1,608.196,60,SCARH_Black,3.2021449690097645,-0.3507461703084294,0.00046804099847676673,0.04484450591945864,0.6236691432515231,0.9533356342421974,0.4793591124609264,0.9383655301703048,0.33555631133715674,93.3857,115.551,421.739,0,1,0,0,0,0,0,0,0,0,0,0,0.0,0.0,0.0,0.0,0.0,0.0,0.0,5,5,0.0,0.0,0.0,0.0,0.1,100.4452,45.9334,426.9566,0.46731180239253567,0.4793591124609264,0.37586495651898066,0.0,0.0,0.0,0.0,0.0,0.0,0.0,0.0,0,0.0,0.0,0,0,0,0,0,0,0,1,1,0,1,0,7,1,3,1,1
1,609.16,60,SCARH_Black,3.4354886127472204,0.24205772171935255,0.12191573984383614,0.12144769884535937,0.6577228809451252,0.9565020538339718,0.4870337603067877,0.9423943945093336,0.3859176290432252,114.842,123.042,423.329,0,1,0,0,0,0,0,0,0,0,0,0,0.0,0.0,0.0,0.0,0.0,0.0,0.0,5,5,0.0,0.0,0.0,0.0,0.1,102.1118,45.9334,426.40199999999993,0.45538302493603017,0.4870337603067877,0.3638893764647607,0.0,0.0,0.0,0.0,0.0,0.0,0.0,0.0,0,0.0,0.0,0,0,0,0,0,0,0,1,1,0,0,0,5,1,2,1,0
1,610.166,61,SCARH_Black,3.435224311393202,-0.0002627250039942604,0.25337332230309373,0.1314575824592576,0.42922356809842827,0.9565734415800542,0.4676057794797797,0.9444054932297415,0.4129688441381349,109.133,109.133,424.24,0,1,0,0,0,0,0,0,0,0,0,0,0.0,0.0,0.0,0.0,0.0,0.0,0.0,5,5,0.0,0.0,0.0,0.0,0.1,102.3418,45.9334,425.9379,0.48008490104212953,0.4676057794797797,0.35355023939400737,0.0,0.0,0.0,0.0,0.0,0.0,0.0,0.0,0,0.0,0.0,0,0,0,0,0,0,0,1,1,0,0,0,5,1,2,1,0
1,611.156,61,SCARH_Black,1.6907097169545722,-1.762135953978414,0.03899959293159259,0.21437372937150115,0.10037823547212495,0.9565039934009478,0.48787147486831833,0.9457380025544053,0.40130354583920685,107.523,107.523,422.476,0,1,0,1,1,0,0,0,0,0,0,0,0.0,0.0,0.0,0.0,0.0,0.0,0.0,5,5,0.0,0.0,0.0,0.0,0.1,105.09354,45.9334,425.1889,0.4351258042005767,0.48787147486831833,0.32676401232065544,0.0,0.0,0.0,0.0,0.0,0.0,0.0,0.0,0,0.0,0.0,0,0,0,0,0,0,0,1,1,0,0,0,5,1,2,1,0
1,612.154,61,SCARH_Black,0.0,-1.6940979127801323,0.0,0.03899959293159259,0.107445395433732,0.9555640286042286,0.5069021487146657,0.9469260306888753,0.39053887369856444,107.523,107.822,420.064,0,1,0,1,1,0,0,0,0,0,0,0,0.0,0.0,0.0,0.0,0.0,0.0,0.0,5,5,0.0,0.0,0.0,0.0,0.1,109.85831,45.9334,424.3691,0.3995476403378862,0.5069021487146657,0.3173830793417931,0.0,0.0,0.0,0.0,0.0,0.0,0.0,0.0,0,0.0,0.0,0,0,0,0,0,0,0,1,1,0,0,0,5,1,2,1,0
1,613.152,61,SCARH_Black,1.0552588643543663,1.0573736115775214,0.04107828633740197,0.04107828633740197,0.10099266268760362,0.9553761532754315,0.5182361851400767,0.9479984007813046,0.3829216587711315,105.779,105.779,417.408,1,1,0,0,0,0,0,0,0,0,0,0,0.0,0.0,0.0,0.0,0.0,0.0,0.0,5,5,0.0,0.0,0.0,0.0,0.2,115.84287000000002,93.3857,423.559,0.3775114827562453,0.5182361851400767,0.31205673032822384,0.0,0.0,0.0,0.0,0.0,0.0,0.0,0.0,0,0.0,0.0,0,0,0,0,0,0,0,1,1,0,0,0,5,1,2,1,0
1,614.158,61,SCARH_Black,3.3316672359213424,2.262831383267372,0.0008623263405932869,0.04021595999680869,0.1061297212492691,0.9585548767227194,0.5055963331663617,0.949133753511885,0.3637157429822061,105.779,105.939,416.77,1,1,0,0,0,0,0,0,0,0,0,0,0.0,0.0,0.0,0.0,0.0,0.0,0.0,5,5,0.0,0.0,0.0,0.0,0.3,117.09819999999999,105.779,423.0276,0.2960345288062102,0.5055963331663617,0.2606591259591913,0.0,0.0,0.0,0.0,0.0,0.0,0.0,0.0,0,0.0,0.0,0,0,0,0,0,0,0,1,1,0,0,0,5,1,2,1,0
1,615.163,61,SCARH_Black,3.363913443535965,0.03208577872101752,0.31214595251070565,0.31128362617011235,0.13204250034707454,0.9514482160648637,0.31987794842494244,0.9497304918570693,0.3300533444730256,105.779,123.748,416.77,1,1,0,0,0,0,0,0,0,0,0,0,0.0,0.0,0.0,0.0,0.0,0.0,0.0,5,5,0.0,0.0,0.0,0.0,0.3,112.99949999999998,105.779,420.13919999999996,0.18549320823281004,0.31987794842494244,0.23159475933582635,0.0,0.0,0.0,0.0,0.0,0.0,0.0,0.0,0,0.0,0.0,0,0,0,0,0,0,0,1,1,0,0,0,4,1,2,1,0
1,616.167,61,SCARH_Black,3.3065984344728223,-0.05708666241348873,0.2371128367524054,0.07503311575830024,0.14615267331255158,0.9447936204511981,0.11900751057070597,0.9500567154628003,0.296590397337689,105.779,110.072,416.769,1,1,0,0,0,0,0,0,0,0,0,0,0.0,0.0,0.0,0.0,0.0,0.0,0.0,5,5,0.0,0.0,0.0,0.0,0.4,112.3451,105.779,419.9135,0.10512686449360409,0.11900751057070597,0.20141978250163217,0.0,0.0,0.0,0.0,0.0,0.0,0.0,0.0,0,0.0,0.0,0,0,0,0,0,0,0,1,1,0,0,0,4,1,2,1,0
1,617.168,61,SCARH_Black,1.7281765173892545,-1.5768450720115565,0.07887254665199886,0.15824029010040655,0.13394715151303663,0.939786527169039,0.11759818470358209,0.9501863856955728,0.25377039323104694,105.475,105.475,415.187,0,1,0,1,1,0,0,0,0,0,0,0,0.0,0.0,0.0,0.0,0.0,0.0,0.0,5,5,0.0,0.0,0.0,0.0,0.4,111.4084,105.475,419.47520000000003,0.10848286446701046,0.11759818470358209,0.11769743878901986,0.0,0.0,0.0,0.0,0.0,0.0,0.0,0.0,0,0.0,0.0,0,0,0,0,0,0,0,1,1,0,0,0,4,1,2,1,0
1,618.162,61,SCARH_Black,1.1932668517410605,-0.5381384966279618,0.13623939174561,0.057366845093611146,0.12381847774025752,0.9418171927046702,0.11141705143761002,0.9504530172287424,0.20378532667992033,97.5169,97.5169,413.664,0,1,0,0,0,0,0,0,0,0,0,0,0.0,0.0,0.0,0.0,0.0,0.0,0.0,5,5,0.0,0.0,0.0,0.0,0.4,109.60499,97.5169,418.66769999999997,0.12205999954172378,0.11141705143761002,0.11894967270643513,0.0,0.0,0.0,0.0,0.0,0.0,0.0,0.0,0,0.0,0.0,0,0,0,0,0,0,0,1,1,0,0,0,4,1,2,1,0
1,619.163,61,SCARH_Black,2.9335752974967306,1.7385698758797905,1.1273240757670657,0.9910846840214558,0.42825149428843423,0.9304237171659727,0.3368473251429096,0.9501448597513681,0.18083818801425125,97.5169,161.188,411.237,0,1,0,0,0,0,0,0,0,0,0,0,0.0,0.0,0.0,0.0,0.0,0.0,0.0,5,5,0.0,0.0,0.0,0.0,0.4,113.41959,97.5169,417.4585,0.22260083313404672,0.3368473251429096,0.20591337122404477,0.0,0.0,0.0,0.0,0.0,0.0,0.0,0.0,0,0.0,0.0,0,0,0,0,0,0,0,1,1,0,0,0,2,0,1,0,0
1,620.173,62,SCARH_Black,3.5004416949302994,0.5612538588451176,0.47643474143154807,0.6508893343355177,0.42820569708874184,0.8976072402889206,0.34636271151383785,0.947938932408505,0.1807364009132826,97.5169,154.259,480.601,0,1,0,0,0,0,0,0,0,0,0,0,0.0,0.0,0.0,0.0,0.0,0.0,0.0,5,5,0.0,0.0,0.0,0.0,0.4,117.93218999999999,97.5169,423.0946,0.24490697504689213,0.34636271151383785,0.2578565464116708,0.0,0.0,0.0,0.0,0.0,0.0,0.0,0.0,0,0.0,0.0,0,0,0,0,0,0,0,1,1,0,0,0,2,0,1,0,0
1,621.178,62,SCARH_Black,1.0692256423087891,-2.4191204503696624,0.14786069713441766,0.32857404429713044,0.4390011245574103,0.8745740454515714,0.3408387053189082,0.9449223211429727,0.21459868982181113,97.5169,145.93,481.377,0,1,0,0,0,0,0,0,0,0,0,0,0.0,0.0,0.0,0.0,0.0,0.0,0.0,5,5,0.0,0.0,0.0,0.0,0.4,121.77289,97.5169,428.9847,0.2557930854671747,0.3408387053189082,0.2692765779042337,0.0,0.0,0.0,0.0,0.0,0.0,0.0,0.0,0,0.0,0.0,0,0,0,0,0,0,0,1,1,0,0,0,2,0,1,0,0
1,622.167,62,SCARH_Black,0.0,-1.081117939644883,0.0,0.14786069713441766,0.45427726732008555,0.8684434351254947,0.3408387053189082,0.9409778069547613,0.2492818770104465,97.5169,145.93,481.377,0,1,0,0,0,0,0,0,0,0,0,0,0.0,0.0,0.0,0.0,0.0,0.0,0.0,5,5,0.0,0.0,0.0,0.0,0.4,125.58369,97.5169,435.116,0.2557930854671747,0.3408387053189082,0.2801626883245162,0.0,0.0,0.0,0.0,0.0,0.0,0.0,0.0,0,0.0,0.0,0,0,0,0,0,0,0,1,1,0,0,0,0,0,0,0,0
1,623.176,62,SCARH_Black,0.09943262009276921,0.09854570871434015,7.690840224853394e-07,7.690840224853394e-07,0.4759405679675448,0.8696822897501266,0.34394730463710665,0.9362816906924858,0.2867766675384406,145.924,145.924,481.291,0,1,0,0,0,0,0,0,0,0,0,0,0.0,0.0,0.0,0.0,0.0,0.0,0.0,5,5,0.0,0.0,0.0,0.0,0.3,129.59819,97.5169,441.50429999999994,0.2516853337418367,0.34394730463710665,0.27605493659917824,0.0,0.0,0.0,0.0,0.0,0.0,0.0,0.0,0,0.0,0.0,0,0,0,0,0,0,0,1,1,0,0,0,0,0,0,0,0
1,624.164,62,SCARH_Black,0.10804882237943345,0.008720852516866637,2.1329376776768235e-08,7.477546457085712e-07,0.20670249895504725,0.9026118014205471,0.3440172761148835,0.9337521064180334,0.2968339453090184,145.917,145.917,481.206,0,1,0,0,0,0,0,0,0,0,0,0,0.0,0.0,0.0,0.0,0.0,0.0,0.0,5,5,0.0,0.0,0.0,0.0,0.2,133.59599,97.5169,447.9479,0.2515991032407151,0.3440172761148835,0.27203341537496195,0.0,0.0,0.0,0.0,0.0,0.0,0.0,0.0,0,0.0,0.0,0,0,0,0,0,0,0,1,1,0,0,0,0,0,0,0,0
1,625.176,62,SCARH_Black,0.0,-0.10676761104687099,2.0823541754394285e-08,5.058350223739502e-10,0.06612522330037951,0.9084756826239541,0.3519822668259316,0.931510230161234,0.29024221760434893,145.917,145.917,481.206,0,1,0,0,0,0,0,0,0,0,0,0,0.0,0.0,0.0,0.0,0.0,0.0,0.0,5,5,0.0,0.0,0.0,0.0,0.1,135.81289,97.5169,454.3915,0.22038451007199863,0.3519822668259316,0.24090505280853422,0.0,0.0,0.0,0.0,0.0,0.0,0.0,0.0,0,0.0,0.0,0,0,0,0,0,0,0,1,1,0,0,0,0,0,0,0,0
2,0.0,0,sem_arma,0.0,0.0,0.0,0.0,0.0,0.0,0.0,0.0,0.0,180.0,180.0,0.0,-1,0,0,0,0,0,0,0,0,0,0,0,0.0,0.0,0.0,0.0,0.0,0.0,0.0,0,0,0.0,0.0,0.0,0.0,0.0,180.0,180.0,0.0,0.0,0.0,0.0,0.0,0.0,0.0,0.0,0.0,0.0,0.0,0.0,0,0.0,0.0,0,0,0,0,0,0,0,0,0,0,0,0,0,0,0,0,0
2,0.838,0,sem_arma,0.0,0.0,2.5147284314375916e-08,2.5147284314375916e-08,1.778181526712131e-08,0.0,1.778181526712131e-08,0.0,8.890907633560655e-09,180.0,180.0,0.0,-1,0,0,0,0,0,0,0,0,0,0,0,0.0,0.0,0.0,0.0,0.0,0.0,0.0,0,0,0.0,0.0,0.0,0.0,0.0,180.0,180.0,0.0,1.2573642157187958e-08,1.778181526712131e-08,1.2573642157187958e-08,0.0,0.0,0.0,0.0,0.0,0.0,0.0,0.0,0,0.0,0.0,0,0,0,0,0,0,0,0,0,0,0,0,0,0,0,0,0
2,1.817,0,sem_arma,0.0,0.0,2.1525458892182857e-08,3.621825422193059e-09,1.3594416183958e-08,0.0,1.3594416183958e-08,0.0,1.0458743817026437e-08,180.0,180.0,0.0,-1,0,0,0,0,0,0,0,0,0,0,0,0.0,0.0,0.0,0.0,0.0,0.0,0.0,0,0,0.0,0.0,0.0,0.0,0.0,180.0,180.0,0.0,1.5557581068852924e-08,1.3594416183958e-08,9.589703245522992e-09,0.0,0.0,0.0,0.0,0.0,0.0,0.0,0.0,0,0.0,0.0,0,0,0,0,0,0,0,0,0,0,0,0,0,0,0,0,0
2,2.818,0,sem_arma,0.0,0.0,2.1052371883563455e-08,4.730870086194022e-10,1.1434754731932948e-08,0.0,1.1434754731932948e-08,0.0,1.0702746545753064e-08,180.0,180.0,0.0,-1,0,0,0,0,0,0,0,0,0,0,0,0.0,0.0,0.0,0.0,0.0,0.0,0.0,0,0,0.0,0.0,0.0,0.0,0.0,180.0,180.0,0.0,1.6931278772530557e-08,1.1434754731932948e-08,7.310549186297094e-09,0.0,0.0,0.0,0.0,0.0,0.0,0.0,0.0,0,0.0,0.0,0,0,0,0,0,0,0,0,0,0,0,0,0,0,0,0,0
2,3.808,0,sem_arma,0.0,0.0,2.128628712671416e-08,2.339152431507039e-10,1.0092493814097633e-08,0.0,1.0092493814097633e-08,0.0,1.0580695999421979e-08,180.0,180.0,0.0,-1,0,0,0,0,0,0,0,0,0,0,0,0.0,0.0,0.0,0.0,0.0,0.0,0.0,0,0,0.0,0.0,0.0,0.0,0.0,180.0,180.0,0.0,1.780228044336728e-08,1.0092493814097633e-08,5.895222397667816e-09,0.0,0.0,0.0,0.0,0.0,0.0,0.0,0.0,0,0.0,0.0,0,0,0,0,0,0,0,0,0,0,0,0,0,0,0,0,0
2,4.811,0,sem_arma,0.0,0.0,2.1010393076218364e-08,2.758940504957943e-10,1.7689827435362989e-09,0.0,9.1215172104712e-09,0.0,9.112077123441032e-09,180.0,180.0,0.0,-1,0,0,0,0,0,0,0,0,0,0,0,0.0,0.0,0.0,0.0,0.0,0.0,0.0,0,0,0.0,0.0,0.0,0.0,0.0,180.0,180.0,0.0,1.833696588217579e-08,9.1215172104712e-09,4.958667673139146e-09,0.0,0.0,0.0,0.0,0.0,0.0,0.0,0.0,0,0.0,0.0,0,0,0,0,0,0,0,0,0,0,0,0,0,0,0,0,0
2,5.824,0,sem_arma,0.0,0.0,2.0802985444666357e-08,2.0740763155200776e-10,2.774583981437142e-10,0.0,8.378771620714484e-09,0.0,7.849988734112843e-09,180.0,180.0,0.0,-1,0,0,0,0,0,0,0,0,0,0,0,0.0,0.0,0.0,0.0,0.0,0.0,0.0,0,0,0.0,0.0,0.0,0.0,0.0,180.0,180.0,0.0,1.8689254391103015e-08,8.378771620714484e-09,4.279916238626698e-09,0.0,0.0,0.0,0.0,0.0,0.0,0.0,0.0,0,0.0,0.0,0,0,0,0,0,0,0,0,0,0,0,0,0,0,0,0,0
2,6.811,0,sem_arma,0.0,0.0,2.135098708758563e-08,5.480016429192751e-10,2.2147859173942152e-10,0.0,7.81410904857934e-09,0.0,6.896424966316166e-09,180.0,180.0,0.0,-1,0,0,0,0,0,0,0,0,0,0,0,0.0,0.0,0.0,0.0,0.0,0.0,0.0,0,0,0.0,0.0,0.0,0.0,0.0,180.0,180.0,0.0,1.9021970978163342e-08,7.81410904857934e-09,3.81342691416327e-09,0.0,0.0,0.0,0.0,0.0,0.0,0.0,0.0,0,0.0,0.0,0,0,0,0,0,0,0,0,0,0,0,0,0,0,0,0,0
2,7.816,0,sem_arma,0.0,0.0,2.0968581348703502e-08,3.8240573888212927e-10,2.2908005906857052e-10,0.0,7.33817382816676e-09,0.0,6.155608865510877e-09,180.0,180.0,0.0,-1,0,0,0,0,0,0,0,0,0,0,0,0.0,0.0,0.0,0.0,0.0,0.0,0.0,0,0,0.0,0.0,0.0,0.0,0.0,180.0,180.0,0.0,1.923826101933447e-08,7.33817382816676e-09,3.432202339132032e-09,0.0,0.0,0.0,0.0,0.0,0.0,0.0,0.0,0,0.0,0.0,0,0,0,0,0,0,0,0,0,0,0,0,0,0,0,0,0
2,8.818,0,sem_arma,0.0,0.0,2.1031361532382254e-08,6.278018367875181e-11,1.9917699924514085e-10,0.0,6.941694074087838e-09,0.0,5.559965678884304e-09,180.0,180.0,0.0,-1,0,0,0,0,0,0,0,0,0,0,0,0.0,0.0,0.0,0.0,0.0,0.0,0.0,0,0,0.0,0.0,0.0,0.0,0.0,180.0,180.0,0.0,1.941757107063925e-08,6.941694074087838e-09,3.095260123586704e-09,0.0,0.0,0.0,0.0,0.0,0.0,0.0,0.0,0,0.0,0.0,0,0,0,0,0,0,0,0,0,0,0,0,0,0,0,0,0
2,9.835,0,sem_arma,0.0,0.0,9.937521371525637e-08,7.834385218287412e-08,3.503381679863421e-08,0.0,2.4635844009333042e-08,0.0,9.063347358747725e-09,180.0,180.0,0.0,-1,0,0,0,0,0,0,0,0,0,0,0,0.0,0.0,0.0,0.0,0.0,0.0,0.0,0,0,0.0,0.0,0.0,0.0,0.0,180.0,180.0,0.0,2.9355092442164887e-08,2.4635844009333042e-08,1.0929645341874116e-08,0.0,0.0,0.0,0.0,0.0,0.0,0.0,0.0,0,0.0,0.0,0,0,0,0,0,0,0,0,0,0,0,0,0,0,0,0,0
2,10.82,1,sem_arma,0.0,0.0,1.5128082430302188e-08,8.424713128495419e-08,3.5762169435486515e-08,0.0,2.5026623633570906e-08,0.0,1.0861382775584244e-08,180.0,180.0,0.0,-1,0,0,0,0,0,0,0,0,0,0,0,0.0,0.0,0.0,0.0,0.0,0.0,0.0,0,0,0.0,0.0,0.0,0.0,0.0,180.0,180.0,0.0,2.8353172253757513e-08,2.5026623633570906e-08,1.6839630038931945e-08,0.0,0.0,0.0,0.0,0.0,0.0,0.0,0.0,0,0.0,0.0,0,0,0,0,0,0,0,0,0,0,0,0,0,0,0,0,0
2,11.823,1,sem_arma,0.0,0.0,1.4856591419588892e-08,2.7149101071329647e-10,3.651770653104499e-08,0.0,2.531595820732758e-08,0.0,1.3153711810292946e-08,180.0,180.0,0.0,-1,0,0,0,0,0,0,0,0,0,0,0,0.0,0.0,0.0,0.0,0.0,0.0,0.0,0,0,0.0,0.0,0.0,0.0,0.0,180.0,180.0,0.0,2.7686285506498116e-08,2.531595820732758e-08,1.6504596597783965e-08,0.0,0.0,0.0,0.0,0.0,0.0,0.0,0.0,0,0.0,0.0,0,0,0,0,0,0,0,0,0,0,0,0,0,0,0,0,0
2,12.819,1,sem_arma,0.0,0.0,1.4961005214706483e-08,1.0441379511759128e-10,3.715806282387463e-08,0.0,2.5565369661484275e-08,0.0,1.5726042619487113e-08,180.0,180.0,0.0,-1,0,0,0,0,0,0,0,0,0,0,0,0.0,0.0,0.0,0.0,0.0,0.0,0.0,0,0,0.0,0.0,0.0,0.0,0.0,180.0,180.0,0.0,2.707714883961242e-08,2.5565369661484275e-08,1.6467729276433787e-08,0.0,0.0,0.0,0.0,0.0,0.0,0.0,0.0,0,0.0,0.0,0,0,0,0,0,0,0,0,0,0,0,0,0,0,0,0,0
2,13.822,1,sem_arma,0.0,0.0,1.4856591419588892e-08,1.0441379511759128e-10,3.7756012693377076e-08,0.0,2.5806904715479678e-08,0.0,1.8492394507415058e-08,180.0,180.0,0.0,-1,0,0,0,0,0,0,0,0,0,0,0,0.0,0.0,0.0,0.0,0.0,0.0,0.0,0,0,0.0,0.0,0.0,0.0,0.0,180.0,180.0,0.0,2.643417926889989e-08,2.5806904715479678e-08,1.6454779131630475e-08,0.0,0.0,0.0,0.0,0.0,0.0,0.0,0.0,0,0.0,0.0,0,0,0,0,0,0,0,0,0,0,0,0,0,0,0,0,0
2,14.836,1,sem_arma,0.0,0.0,1.4695425240480924e-08,1.6116617910796772e-10,1.5918669168445363e-10,0.0,2.603066564766296e-08,0.0,1.8331414902229873e-08,180.0,180.0,0.0,-1,0,0,0,0,0,0,0,0,0,0,0,0.0,0.0,0.0,0.0,0.0,0.0,0.0,0,0,0.0,0.0,0.0,0.0,0.0,180.0,180.0,0.0,2.580268248532615e-08,2.603066564766296e-08,1.644330634449169e-08,0.0,0.0,0.0,0.0,0.0,0.0,0.0,0.0,0,0.0,0.0,0,0,0,0,0,0,0,0,0,0,0,0,0,0,0,0,0
2,15.835,1,sem_arma,1.814035699845176,1.8158515513965727,0.39652751021858945,0.3965274955231642,0.17733248692177714,0.0,0.12539300038545,0.0,0.017733266995846778,180.0,180.0,0.0,-1,0,0,0,0,0,0,0,0,0,0,0,0.0,0.0,0.0,0.0,0.0,0.0,0.0,0,0,0.0,0.0,0.0,0.0,0.0,180.0,180.0,0.0,0.039652774744242884,0.12539300038545,0.039652765974882,0.0,0.0,0.0,0.0,0.0,0.0,0.0,0.0,0,0.0,0.0,0,0,0,0,0,0,0,0,0,0,0,0,0,0,0,0,0
2,16.842,1,sem_arma,0.00029791459781459864,-1.8011298761145598,0.007311311012341204,0.3892161992062482,0.17654344772024322,0.0,0.1251572010801676,0.0,0.03538761174572324,180.0,180.0,0.0,-1,0,0,0,0,0,0,0,0,0,0,0,0.0,0.0,0.0,0.0,0.0,0.0,0.0,0,0,0.0,0.0,0.0,0.0,0.0,180.0,180.0,0.0,0.0403839037103783,0.1251572010801676,0.07857438584070667,0.0,0.0,0.0,0.0,0.0,0.0,0.0,0.0,0,0.0,0.0,0,0,0,0,0,0,0,0,0,0,0,0,0,0,0,0,0
2,17.825,1,sem_arma,0.8209279493814013,0.8348220089354901,0.6337226377434659,0.6264113267311248,0.2930806777675645,0.0,0.22391429031302648,0.0,0.0646956794995717,180.0,180.0,0.0,-1,0,0,0,0,0,0,0,0,0,0,0,0.0,0.0,0.0,0.0,0.0,0.0,0.0,0,0,0.0,0.0,0.0,0.0,0.0,180.0,180.0,0.0,0.10375616538786676,0.22391429031302648,0.14121551847557856,0.0,0.0,0.0,0.0,0.0,0.0,0.0,0.0,0,0.0,0.0,0,0,0,0,0,0,0,0,0,0,0,0,0,0,0,0,0
2,18.844,1,sem_arma,1.0232866648818661,0.19858558930369463,0.6206481665568049,0.013074471186661052,0.31391249086314993,0.0,0.27266790463935775,0.0,0.09608692856596898,180.0,180.0,0.0,-1,0,0,0,0,0,0,0,0,0,0,0,0.0,0.0,0.0,0.0,0.0,0.0,0.0,0,0,0.0,0.0,0.0,0.0,0.0,180.0,180.0,0.0,0.1658209799404111,0.27266790463935775,0.14252296558796665,0.0,0.0,0.0,0.0,0.0,0.0,0.0,0.0,0,0.0,0.0,0,0,0,0,0,0,0,0,0,0,0,0,0,0,0,0,0
2,19.827,1,sem_arma,1.4418472849962538,0.42579920662704746,2.4233992160952122,1.8027510495384074,0.9334149215689181,0.7660144160317779,0.7565276433239965,0.038300720801588896,0.18942841721947912,180.0,180.0,0.0,-1,0,0,0,0,0,0,0,0,0,0,0,0.0,0.0,0.0,0.0,0.0,0.0,0.0,0,0,0.0,0.0,0.0,0.0,0.0,180.0,180.0,0.0,0.4081608916124109,0.7565276433239965,0.3227980627074222,0.0,0.0,0.0,0.0,0.0,0.0,0.0,0.0,0,0.0,0.0,0,0,0,0,0,0,0,0,0,0,0,0,0,0,0,0,0
2,20.829,2,sem_arma,1.71419230692331,0.27180141908887845,1.3674807443124966,1.0559184717827157,0.9252097903100788,0.48549548956766003,0.797057477381178,0.06257549527997189,0.28194939267427005,180.0,180.0,0.0,-1,0,0,0,0,0,0,0,0,0,0,0,0.0,0.0,0.0,0.0,0.0,0.0,0.0,0,0,0.0,0.0,0.0,0.0,0.0,180.0,180.0,0.0,0.5449089645308524,0.797057477381178,0.42838990146098055,0.0,0.0,0.0,0.0,0.0,0.0,0.0,0.0,0,0.0,0.0,0,0,0,0,0,0,0,0,0,0,0,0,0,0,0,0,0
2,21.83,2,sem_arma,0.3277557092820644,-1.3850515460951507,0.006155291137825114,1.3613254531746715,0.9255232485298608,0.45107552403304285,0.7965921561153131,0.08512927148162404,0.3745017138754855,180.0,180.0,0.0,-1,0,0,0,0,0,0,0,0,0,0,0,0.0,0.0,0.0,0.0,0.0,0.0,0.0,0,0,0.0,0.0,0.0,0.0,0.0,180.0,180.0,0.0,0.5455244921589757,0.7965921561153131,0.5645224467512986,0.0,0.0,0.0,0.0,0.0,0.0,0.0,0.0,0,0.0,0.0,0,0,0,0,0,0,0,0,0,0,0,0,0,0,0,0,0
2,22.825,2,sem_arma,0.4365415571246541,0.10933251039456253,0.33801985744406726,0.33186456630624217,0.9642385695347402,0.3917416297900649,0.7778222480086316,0.10471635297112729,0.47092556711315325,180.0,180.0,0.0,-1,0,0,0,0,0,0,0,0,0,0,0,0.0,0.0,0.0,0.0,0.0,0.0,0.0,0,0,0.0,0.0,0.0,0.0,0.0,180.0,180.0,0.0,0.5793264764072819,0.7778222480086316,0.5977089033714815,0.0,0.0,0.0,0.0,0.0,0.0,0.0,0.0,0,0.0,0.0,0,0,0,0,0,0,0,0,0,0,0,0,0,0,0,0,0
2,23.83,2,sem_arma,0.019004975124379774,-0.4154592855724123,0.5317489556262125,0.19372909818214523,0.9726391384499289,0.3907543570955401,0.7515492017089824,0.1242540708259043,0.5681894771825449,180.0,180.0,0.0,-1,0,0,0,0,0,0,0,0,0,0,0,0.0,0.0,0.0,0.0,0.0,0.0,0.0,0,0,0.0,0.0,0.0,0.0,0.0,180.0,180.0,0.0,0.632501370484244,0.7515492017089824,0.6170818131792547,0.0,0.0,0.0,0.0,0.0,0.0,0.0,0.0,0,0.0,0.0,0,0,0,0,0,0,0,0,0,0,0,0,0,0,0,0,0
2,24.832,2,sem_arma,2.50741831869166,2.4834464506659484,0.5708389764100651,0.0390900207838526,0.5022248812203902,0.2526479633652911,0.7191503008606599,0.13688646899416884,0.6184119652886653,180.0,180.0,0.0,-1,0,0,0,0,0,0,0,0,0,0,0,0.0,0.0,0.0,0.0,0.0,0.0,0.0,0,0,0.0,0.0,0.0,0.0,0.0,180.0,180.0,0.0,0.6895852666557081,0.7191503008606599,0.6209908152415233,0.0,0.0,0.0,0.0,0.0,0.0,0.0,0.0,0,0.0,0.0,0,0,0,0,0,0,0,0,0,0,0,0,0,0,0,0,0
2,25.847,2,sem_arma,2.3162619009141183,-0.18833144608624808,1.6771429467845853,1.1063039703745203,0.6292773813618656,0.3921785957790064,0.7731597600027982,0.15649539878311916,0.6636064547326741,180.0,180.0,0.0,-1,0,0,0,0,0,0,0,0,0,0,0,0.0,0.0,0.0,0.0,0.0,0.0,0.0,0,0,0.0,0.0,0.0,0.0,0.0,180.0,180.0,0.0,0.8176468103123076,0.7731597600027982,0.6919684627266589,0.0,0.0,0.0,0.0,0.0,0.0,0.0,0.0,0,0.0,0.0,0,0,0,0,0,0,0,0,0,0,0,0,0,0,0,0,0
2,26.838,2,sem_arma,1.8280733266365152,-0.49262217384218276,0.7284800776791499,0.9486628691054354,0.5262283025273063,0.30773184249173,0.7210549968367672,0.17188199090770567,0.6985749402133803,180.0,180.0,0.0,-1,0,0,0,0,0,0,0,0,0,0,0,0.0,0.0,0.0,0.0,0.0,0.0,0.0,0,0,0.0,0.0,0.0,0.0,0.0,180.0,180.0,0.0,0.8897636869789884,0.7210549968367672,0.7479131297165776,0.0,0.0,0.0,0.0,0.0,0.0,0.0,0.0,0,0.0,0.0,0,0,0,0,0,0,0,0,0,0,0,0,0,0,0,0,0
2,27.841,2,sem_arma,3.1877187035321852,1.355578640972752,0.9263768438763604,0.19789676619721053,0.46828571442659234,0.17578139903914766,0.7154254081855441,0.18067106085966306,0.716095443879283,180.0,180.0,0.0,-1,0,0,0,0,0,0,0,0,0,0,0,0.0,0.0,0.0,0.0,0.0,0.0,0.0,0,0,0.0,0.0,0.0,0.0,0.0,180.0,180.0,0.0,0.919029107592278,0.7154254081855441,0.7050616736631862,0.0,0.0,0.0,0.0,0.0,0.0,0.0,0.0,0,0.0,0.0,0,0,0,0,0,0,0,0,0,0,0,0,0,0,0,0,0
2,28.856,2,sem_arma,3.0370458515121186,-0.14844615962568145,0.2365129145420975,0.689863929334263,0.5377301002124428,0.015400454217591633,0.7430076125462817,0.18144108357054262,0.7384772048142124,180.0,180.0,0.0,-1,0,0,0,0,0,0,0,0,0,0,0,0.0,0.0,0.0,0.0,0.0,0.0,0.0,0,0,0.0,0.0,0.0,0.0,0.0,180.0,180.0,0.0,0.8806155823908073,0.7430076125462817,0.7727406194779464,0.0,0.0,0.0,0.0,0.0,0.0,0.0,0.0,0,0.0,0.0,0,0,0,0,0,0,0,0,0,0,0,0,0,0,0,0,0
2,29.845,2,sem_arma,1.218527547709062,-1.8387444932285708,0.029143910159083755,0.20736900438301376,0.6461088790681198,0.05384246615057303,0.551776890489275,0.18413320687807128,0.7097466005641326,180.0,180.0,0.0,-1,0,0,0,0,0,0,0,0,0,0,0,0.0,0.0,0.0,0.0,0.0,0.0,0.0,0,0,0.0,0.0,0.0,0.0,0.0,180.0,180.0,0.0,0.6411900517971943,0.551776890489275,0.613202414962407,0.0,0.0,0.0,0.0,0.0,0.0,0.0,0.0,0,0.0,0.0,0,0,0,0,0,0,0,0,0,0,0,0,0,0,0,0,0
2,30.836,3,sem_arma,0.5149565564095915,-0.7099606370327655,0.03961540936589443,0.010471499206810675,0.4119445126486064,0.03015043638964129,0.5162031122112072,0.18564072869755335,0.6584200727979853,180.0,180.0,0.0,-1,0,0,0,0,0,0,0,0,0,0,0,0.0,0.0,0.0,0.0,0.0,0.0,0.0,0,0,0.0,0.0,0.0,0.0,0.0,180.0,180.0,0.0,0.5084035183025342,0.5162031122112072,0.5086577177048166,0.0,0.0,0.0,0.0,0.0,0.0,0.0,0.0,0,0.0,0.0,0,0,0,0,0,0,0,0,0,0,0,0,0,0,0,0,0
2,31.852,3,sem_arma,2.8699534461312814,2.3179103245292225,0.3911738233068158,0.3515584139409214,0.36838746248010684,0.09139684196686645,0.4881776168336189,0.19021057079589668,0.6027064941930099,180.0,180.0,0.0,-1,0,0,0,0,0,0,0,0,0,0,0,0.0,0.0,0.0,0.0,0.0,0.0,0.0,0,0,0.0,0.0,0.0,0.0,0.0,180.0,180.0,0.0,0.5469053715194332,0.4881776168336189,0.4076810137814415,0.0,0.0,0.0,0.0,0.0,0.0,0.0,0.0,0,0.0,0.0,0,0,0,0,0,0,0,0,0,0,0,0,0,0,0,0,0
2,32.838,3,sem_arma,1.6798746346755513,-1.206976482206623,0.6971848244853339,0.3060110011785181,0.2779385451239897,0.14406199931655853,0.4842987231077747,0.19741367076172459,0.5340764917519348,180.0,180.0,0.0,-1,0,0,0,0,0,0,0,0,0,0,0,0.0,0.0,0.0,0.0,0.0,0.0,0.0,0,0,0.0,0.0,0.0,0.0,0.0,180.0,180.0,0.0,0.58282186822356,0.4842987231077747,0.40509565726866914,0.0,0.0,0.0,0.0,0.0,0.0,0.0,0.0,0,0.0,0.0,0,0,0,0,0,0,0,0,0,0,0,0,0,0,0,0,0
2,33.839,3,sem_arma,3.8910018644413555,2.20891831145435,0.12279705965523743,0.5743877648300965,0.28676863945424064,0.24314833959532436,0.5058763019212535,0.20957108774149083,0.46548944185236607,180.0,180.0,0.0,-1,0,0,0,0,0,0,0,0,0,0,0,0.0,0.0,0.0,0.0,0.0,0.0,0.0,0,0,0.0,0.0,0.0,0.0,0.0,180.0,180.0,0.0,0.5419266786264624,0.5058763019212535,0.44316152393346425,0.0,0.0,0.0,0.0,0.0,0.0,0.0,0.0,0,0.0,0.0,0,0,0,0,0,0,0,0,0,0,0,0,0,0,0,0,0
2,34.84,3,sem_arma,3.1159427630003558,-0.7742848166243754,5.16095923336177e-05,0.12274545006290381,0.29275443725813666,0.3082794167061088,0.533688459192299,0.22498505857679624,0.44454239745614066,180.0,180.0,0.0,-1,0,0,0,0,0,0,0,0,0,0,0,0.0,0.0,0.0,0.0,0.0,0.0,0.0,0,0,0.0,0.0,0.0,0.0,0.0,180.0,180.0,0.0,0.48484794194468916,0.533688459192299,0.45152706686136934,0.0,0.0,0.0,0.0,0.0,0.0,0.0,0.0,0,0.0,0.0,0,0,0,0,0,0,0,0,0,0,0,0,0,0,0,0,0
2,35.842,3,sem_arma,2.9219368830526586,-0.1936186426623724,0.0,5.16095923336177e-05,0.3003157201540278,0.4265816959952031,0.348909355487824,0.2463141433765564,0.41164623133535694,180.0,180.0,0.0,-1,0,0,0,0,0,0,0,0,0,0,0,0.0,0.0,0.0,0.0,0.0,0.0,0.0,0,0,0.0,0.0,0.0,0.0,0.0,180.0,180.0,0.0,0.3171336472662307,0.348909355487824,0.34090183078315067,0.0,0.0,0.0,0.0,0.0,0.0,0.0,0.0,0,0.0,0.0,0,0,0,0,0,0,0,0,0,0,0,0,0,0,0,0,0
2,36.844,3,sem_arma,4.014408256952902,1.0902907923156122,0.19381916972001842,0.19381916972001842,0.2885880393956969,0.48538551693770154,0.3185128622959162,0.2705834192234415,0.387882205022196,180.0,180.0,0.0,-1,0,0,0,0,0,0,0,0,0,0,0,0.0,0.0,0.0,0.0,0.0,0.0,0.0,0,0,0.0,0.0,0.0,0.0,0.0,180.0,180.0,0.0,0.2636675564703176,0.3185128622959162,0.265417460844609,0.0,0.0,0.0,0.0,0.0,0.0,0.0,0.0,0,0.0,0.0,0,0,0,0,0,0,0,0,0,0,0,0,0,0,0,0,0
2,37.882,3,sem_arma,3.6874102534745083,-0.31502697830288406,1.7500207529851852,1.5562015832651668,0.7518273205550206,0.5422769372070826,0.539060632263402,0.2976972660837956,0.41623636563503885,180.0,180.0,0.0,-1,0,0,0,0,0,0,0,0,0,0,0,0.0,0.0,0.0,0.0,0.0,0.0,0.0,0,0,0.0,0.0,0.0,0.0,0.0,180.0,180.0,0.0,0.3460319473812,0.539060632263402,0.4012479425514046,0.0,0.0,0.0,0.0,0.0,0.0,0.0,0.0,0,0.0,0.0,0,0,0,0,0,0,0,0,0,0,0,0,0,0,0,0,0
2,38.88,3,sem_arma,1.4170476576900184,-2.2749124206257414,1.0035322715015227,0.7464884814836625,0.7697002847209562,0.5702789124444994,0.5751094268412692,0.3262112117060206,0.4394333840858902,180.0,180.0,0.0,-1,0,0,0,0,0,0,0,0,0,0,0,0.0,0.0,0.0,0.0,0.0,0.0,0.0,0,0,0.0,0.0,0.0,0.0,0.0,180.0,180.0,0.0,0.42273388307714255,0.5751094268412692,0.4069103977663445,0.0,0.0,0.0,0.0,0.0,0.0,0.0,0.0,0,0.0,0.0,0,0,0,0,0,0,0,0,0,0,0,0,0,0,0,0,0
2,39.871,3,sem_arma,1.7243196286461153,0.31006253375993637,0.07081147786864399,0.9327207936328787,0.7566940028994986,0.5091955285919059,0.572083945808019,0.31337026733402695,0.45049189646902804,180.0,180.0,0.0,-1,0,0,0,0,0,0,0,0,0,0,0,0.0,0.0,0.0,0.0,0.0,0.0,0.0,0,0,0.0,0.0,0.0,0.0,0.0,180.0,180.0,0.0,0.4269006398480986,0.572083945808019,0.4794455766913311,0.0,0.0,0.0,0.0,0.0,0.0,0.0,0.0,0,0.0,0.0,0,0,0,0,0,0,0,0,0,0,0,0,0,0,0,0,0
2,40.876,4,sem_arma,0.1407177674008199,-1.5757232450201946,0.6062010063422681,0.5353895284736242,0.6805285799350039,0.5448006351341558,0.557332657223138,0.31633552461235176,0.4773503031976678,180.0,180.0,0.0,-1,0,0,0,0,0,0,0,0,0,0,0,0.0,0.0,0.0,0.0,0.0,0.0,0.0,0,0,0.0,0.0,0.0,0.0,0.0,180.0,180.0,0.0,0.4835591995457359,0.557332657223138,0.5319373796180125,0.0,0.0,0.0,0.0,0.0,0.0,0.0,0.0,0,0.0,0.0,0,0,0,0,0,0,0,0,0,0,0,0,0,0,0,0,0
2,41.887,4,sem_arma,2.3175815062045846,2.153178772308373,0.5809910215514799,0.025209984790788287,0.6247353418365958,0.46733670038404235,0.5570689227842698,0.31714858342990176,0.5029850911333167,180.0,180.0,0.0,-1,0,0,0,0,0,0,0,0,0,0,0,0.0,0.0,0.0,0.0,0.0,0.0,0.0,0,0,0.0,0.0,0.0,0.0,0.0,180.0,180.0,0.0,0.5025409193702023,0.5570689227842698,0.49930253670299907,0.0,0.0,0.0,0.0,0.0,0.0,0.0,0.0,0,0.0,0.0,0,0,0,0,0,0,0,0,0,0,0,0,0,0,0,0,0
2,42.877,4,sem_arma,0.10101010100863111,-2.2389610153494477,2.133344392135971,1.5523533705844912,0.775449138779888,0.46786281744551855,0.7607240957870494,0.32095464281267444,0.5527361504989066,180.0,180.0,0.0,-1,0,0,0,0,0,0,0,0,0,0,0,0.0,0.0,0.0,0.0,0.0,0.0,0.0,0,0,0.0,0.0,0.0,0.0,0.0,180.0,180.0,0.0,0.646156876135266,0.7607240957870494,0.6239367736435965,0.0,0.0,0.0,0.0,0.0,0.0,0.0,0.0,0,0.0,0.0,0,0,0,0,0,0,0,0,0,0,0,0,0,0,0,0,0
2,43.873,4,sem_arma,0.0,-0.10141576406489068,5.118500770107192e-06,2.133339273635201,0.8603702301521199,0.46807189084939227,0.7710317156977329,0.324820519500367,0.6100963095686944,180.0,180.0,0.0,-1,0,0,0,0,0,0,0,0,0,0,0,0.0,0.0,0.0,0.0,0.0,0.0,0.0,0,0,0.0,0.0,0.0,0.0,0.0,180.0,180.0,0.0,0.6338776820198192,0.7710317156977329,0.779831924524107,0.0,0.0,0.0,0.0,0.0,0.0,0.0,0.0,0,0.0,0.0,0,0,0,0,0,0,0,0,0,0,0,0,0,0,0,0,0
2,44.889,4,sem_arma,0.0,0.0,2.074155930654234e-08,5.09775921080065e-06,0.8733540624121806,0.4433414292411718,0.7710364279201448,0.33435519279416104,0.6681562720840988,180.0,180.0,0.0,-1,0,0,0,0,0,0,0,0,0,0,0,0.0,0.0,0.0,0.0,0.0,0.0,0.0,0,0,0.0,0.0,0.0,0.0,0.0,180.0,180.0,0.0,0.6338725231347418,0.7710364279201448,0.7675578892937376,0.0,0.0,0.0,0.0,0.0,0.0,0.0,0.0,0,0.0,0.0,0,0,0,0,0,0,0,0,0,0,0,0,0,0,0,0,0
2,45.885,4,sem_arma,0.10040160642424177,0.10080482572715037,0.29155441417741623,0.29155439343585693,0.8897516406809668,0.48517244059442943,0.749619271742588,0.3390048850349322,0.7270998641367927,180.0,180.0,0.0,-1,0,0,0,0,0,0,0,0,0,0,0,0.0,0.0,0.0,0.0,0.0,0.0,0.0,0,0,0.0,0.0,0.0,0.0,0.0,180.0,180.0,0.0,0.6630279645524835,0.749619271742588,0.7967081676780899,0.0,0.0,0.0,0.0,0.0,0.0,0.0,0.0,0,0.0,0.0,0,0,0,0,0,0,0,0,0,0,0,0,0,0,0,0,0
2,46.879,4,sem_arma,1.3534833045343335,1.2606455715393279,0.45454859607137804,0.1629941818939618,0.8922621966390324,0.47849514535793164,0.7358947874427421,0.3475430501782423,0.7874672798611263,180.0,180.0,0.0,-1,0,0,0,0,0,0,0,0,0,0,0,0.0,0.0,0.0,0.0,0.0,0.0,0.0,0,0,0.0,0.0,0.0,0.0,0.0,180.0,180.0,0.0,0.6891009071876194,0.7358947874427421,0.7936256688954841,0.0,0.0,0.0,0.0,0.0,0.0,0.0,0.0,0,0.0,0.0,0,0,0,0,0,0,0,0,0,0,0,0,0,0,0,0,0
2,47.899,4,sem_arma,0.0,-1.326944416210131,1.460898156259574e-08,0.45454858146239646,0.21229868354256984,0.5966123814107881,0.6597071830356467,0.3685845992968243,0.7335144161598812,180.0,180.0,0.0,-1,0,0,0,0,0,0,0,0,0,0,0,0.0,0.0,0.0,0.0,0.0,0.0,0.0,0,0,0.0,0.0,0.0,0.0,0.0,180.0,180.0,0.0,0.5140988333499992,0.6597071830356467,0.6834603687152072,0.0,0.0,0.0,0.0,0.0,0.0,0.0,0.0,0,0.0,0.0,0,0,0,0,0,0,0,0,0,0,0,0,0,0,0,0,0
2,48.899,4,sem_arma,0.0,0.0,1.4901161193847656e-08,2.9217963125191544e-10,0.21229958033352214,0.5940215141803988,0.6532794970918636,0.39751565229496466,0.6777743457211378,180.0,180.0,0.0,-1,0,0,0,0,0,0,0,0,0,0,0,0.0,0.0,0.0,0.0,0.0,0.0,0.0,0,0,0.0,0.0,0.0,0.0,0.0,180.0,180.0,0.0,0.41374560768996294,0.6532794970918636,0.6088115205960589,0.0,0.0,0.0,0.0,0.0,0.0,0.0,0.0,0,0.0,0.0,0,0,0,0,0,0,0,0,0,0,0,0,0,0,0,0,0
2,49.899,4,sem_arma,0.0,0.0,1.4901161193847656e-08,0.0,0.2122995813597932,0.6460224088431384,0.6577780006888914,0.427124649429593,0.6233349035671673,180.0,180.0,0.0,-1,0,0,0,0,0,0,0,0,0,0,0,0.0,0.0,0.0,0.0,0.0,0.0,0.0,0,0,0.0,0.0,0.0,0.0,0.0,180.0,180.0,0.0,0.4066644613932146,0.6577780006888914,0.5155394412327711,0.0,0.0,0.0,0.0,0.0,0.0,0.0,0.0,0,0.0,0.0,0,0,0,0,0,0,0,0,0,0,0,0,0,0,0,0,0
2,50.894,5,sem_arma,0.0,0.0,1.4976041400851914e-08,7.488020700425825e-11,0.2032803053388333,0.6463791452752521,0.6652368215512693,0.4579360848738735,0.5756100761075502,180.0,180.0,0.0,-1,0,0,0,0,0,0,0,0,0,0,0,0.0,0.0,0.0,0.0,0.0,0.0,0.0,0,0,0.0,0.0,0.0,0.0,0.0,180.0,180.0,0.0,0.34604436225659196,0.6652368215512693,0.46200048839289665,0.0,0.0,0.0,0.0,0.0,0.0,0.0,0.0,0,0.0,0.0,0,0,0,0,0,0,0,0,0,0,0,0,0,0,0,0,0
2,51.91,5,sem_arma,0.0,0.0,1.4666497238039032e-08,3.0954416281288234e-10,1.621642493684085e-10,0.6466048479746578,0.6678033610698605,0.48569648517426306,0.513136541940107,180.0,180.0,0.0,-1,0,0,0,0,0,0,0,0,0,0,0,0.0,0.0,0.0,0.0,0.0,0.0,0.0,0,0,0.0,0.0,0.0,0.0,0.0,180.0,180.0,0.0,0.28794526156809364,0.6678033610698605,0.4594794899447723,0.0,0.0,0.0,0.0,0.0,0.0,0.0,0.0,0,0.0,0.0,0,0,0,0,0,0,0,0,0,0,0,0,0,0,0,0,0
2,52.903,5,sem_arma,0.0,0.0,1.5006204626231275e-08,3.397073881922427e-10,1.3333139146063396e-10,0.6287822668736157,0.16191583968895534,0.5099324985521159,0.4355916280754514,180.0,180.0,0.0,-1,0,0,0,0,0,0,0,0,0,0,0,0.0,0.0,0.0,0.0,0.0,0.0,0.0,0,0,0.0,0.0,0.0,0.0,0.0,180.0,180.0,0.0,0.07461082385511705,0.16191583968895534,0.30424415292029383,0.0,0.0,0.0,0.0,0.0,0.0,0.0,0.0,0,0.0,0.0,0,0,0,0,0,0,0,0,0,0,0,0,0,0,0,0,0
2,53.897,5,sem_arma,0.0,0.0,0.7260125508226267,0.7260125358164221,0.3246826765736011,0.5625077117104587,0.25862890010501993,0.5259004671578726,0.3820228727175995,180.0,180.0,0.0,-1,0,0,0,0,0,0,0,0,0,0,0,0.0,0.0,0.0,0.0,0.0,0.0,0.0,0,0,0.0,0.0,0.0,0.0,0.0,180.0,180.0,0.0,0.1472115670873027,0.25862890010501993,0.16351147913841596,0.0,0.0,0.0,0.0,0.0,0.0,0.0,0.0,0,0.0,0.0,0,0,0,0,0,0,0,0,0,0,0,0,0,0,0,0,0
2,54.902,5,sem_arma,0.0,0.0,0.23423874510057105,0.49177380572205565,0.3152560412760658,0.4875376343770492,0.2543872559837124,0.5348633780414197,0.326213070603988,180.0,180.0,0.0,-1,0,0,0,0,0,0,0,0,0,0,0,0.0,0.0,0.0,0.0,0.0,0.0,0.0,0,0,0.0,0.0,0.0,0.0,0.0,180.0,180.0,0.0,0.17063543952320387,0.2543872559837124,0.21268834993470045,0.0,0.0,0.0,0.0,0.0,0.0,0.0,0.0,0,0.0,0.0,0,0,0,0,0,0,0,0,0,0,0,0,0,0,0,0,0
2,55.91,5,sem_arma,0.0,0.0,2.5604730436029612e-08,0.2342387194958406,0.31525603965734794,0.41438231907010487,0.2556930742477545,0.5342534091951647,0.2687635105016261,180.0,180.0,0.0,-1,0,0,0,0,0,0,0,0,0,0,0,0.0,0.0,0.0,0.0,0.0,0.0,0.0,0,0,0.0,0.0,0.0,0.0,0.0,180.0,180.0,0.0,0.1414800006659353,0.2556930742477545,0.20695678254069882,0.0,0.0,0.0,0.0,0.0,0.0,0.0,0.0,0,0.0,0.0,0,0,0,0,0,0,0,0,0,0,0,0,0,0,0,0,0
2,56.914,5,sem_arma,0.0,0.0,2.5706741314260807e-08,1.0201087823119537e-10,0.3152560379759514,0.30546250533295527,0.23327469062308726,0.5252572586149273,0.21106289463531805,180.0,180.0,0.0,-1,0,0,0,0,0,0,0,0,0,0,0,0.0,0.0,0.0,0.0,0.0,0.0,0.0,0,0,0.0,0.0,0.0,0.0,0.0,180.0,180.0,0.0,0.09602514362947163,0.23327469062308726,0.1906573643615037,0.0,0.0,0.0,0.0,0.0,0.0,0.0,0.0,0,0.0,0.0,0,0,0,0,0,0,0,0,0,0,0,0,0,0,0,0,0
2,57.913,5,sem_arma,0.0,0.0,2.583540368320105e-08,1.2866236894024376e-10,0.3152560363266964,0.37772951169448366,0.23327469010961605,0.5170298873392974,0.22135862991373073,180.0,180.0,0.0,-1,0,0,0,0,0,0,0,0,0,0,0,0.0,0.0,0.0,0.0,0.0,0.0,0.0,0,0,0.0,0.0,0.0,0.0,0.0,180.0,180.0,0.0,0.09602514475211385,0.23327469010961605,0.1452025062281303,0.0,0.0,0.0,0.0,0.0,0.0,0.0,0.0,0,0.0,0.0,0,0,0,0,0,0,0,0,0,0,0,0,0,0,0,0,0
2,58.912,5,sem_arma,0.0,0.0,2.583540368320105e-08,0.0,0.10475473988805575,0.4910206995402085,0.23327468960950845,0.513066976694083,0.21060414586918402,180.0,180.0,0.0,-1,0,0,0,0,0,0,0,0,0,0,0,0.0,0.0,0.0,0.0,0.0,0.0,0.0,0,0,0.0,0.0,0.0,0.0,0.0,180.0,180.0,0.0,0.09602514584553809,0.23327468960950845,0.14520250619891234,0.0,0.0,0.0,0.0,0.0,0.0,0.0,0.0,0,0.0,0.0,0,0,0,0,0,0,0,0,0,0,0,0,0,0,0,0,0
2,59.891,5,sem_arma,0.0,0.0,2.636319538255143e-08,5.277916993503799e-10,2.9268273763969567e-10,0.28293186442664875,0.23327468908526083,0.50175379348582,0.189374187762473,180.0,180.0,0.0,-1,0,0,0,0,0,0,0,0,0,0,0,0.0,0.0,0.0,0.0,0.0,0.0,0.0,0,0,0.0,0.0,0.0,0.0,0.0,180.0,180.0,0.0,0.0960251469917415,0.23327468908526083,0.1452025062516915,0.0,0.0,0.0,0.0,0.0,0.0,0.0,0.0,0,0.0,0.0,0,0,0,0,0,0,0,0,0,0,0,0,0,0,0,0,0
2,60.897,6,sem_arma,0.0,0.0,2.565563447268176e-08,7.075609098696704e-10,2.8187376593765353e-10,0.2571727202797375,0.23327468859680034,0.4873723977430992,0.16904615725677705,180.0,180.0,0.0,-1,0,0,0,0,0,0,0,0,0,0,0,0.0,0.0,0.0,0.0,0.0,0.0,0.0,0,0,0.0,0.0,0.0,0.0,0.0,180.0,180.0,0.0,0.09602514805970082,0.23327468859680034,0.14520250631495957,0.0,0.0,0.0,0.0,0.0,0.0,0.0,0.0,0,0.0,0.0,0,0,0,0,0,0,0,0,0,0,0,0,0,0,0,0,0
2,61.909,6,sem_arma,0.6987221157977462,0.690436873317931,0.506434165124117,0.5064341394684825,0.2264842322763219,0.875620543306825,0.2631689155971105,0.5077865898892384,0.19169458046819282,180.0,180.0,0.0,-1,0,0,0,0,0,0,0,0,0,0,0,0.0,0.0,0.0,0.0,0.0,0.0,0.0,0,0,0.0,0.0,0.0,0.0,0.0,180.0,180.0,0.0,0.14666856310546278,0.2631689155971105,0.1958459202308534,0.0,0.0,0.0,0.0,0.0,0.0,0.0,0.0,0,0.0,0.0,0,0,0,0,0,0,0,0,0,0,0,0,0,0,0,0,0
2,62.902,6,sem_arma,11659.44658149716,11740.934400182641,0.553370676763301,0.046936511639184,0.2907135084256989,0.9999906030188271,0.28608350384534986,0.5343929791679037,0.22076593129742958,69.5712,69.5712,3.46224,1,1,0,0,0,0,0,0,0,0,0,0,0.0,0.0,0.0,0.0,0.0,0.0,0.0,0,0,0.0,0.0,0.0,0.0,1.0,69.5712,69.5712,3.46224,0.20200562928117244,0.28608350384534986,0.20053957136080106,0.0,0.0,0.0,0.0,0.0,0.0,0.0,0.0,0,0.0,0.0,0,0,0,0,0,0,0,0,0,0,0,0,0,0,0,0,0
2,63.912,6,sem_arma,0.0,-11544.006516333822,0.0,0.553370676763301,0.2907135131348859,0.9999906030188271,0.2236335143325706,0.5609889147763754,0.21736901495355804,69.5712,69.6296,3.45437,1,1,0,0,0,0,0,0,0,0,0,0,0.0,0.0,0.0,0.0,0.0,0.0,0.0,0,0,0.0,0.0,0.0,0.0,1.0,69.60040000000001,69.5712,3.458305,0.12940437419890977,0.2236335143325706,0.18327538545548896,0.0,0.0,0.0,0.0,0.0,0.0,0.0,0.0,0,0.0,0.0,0,0,0,0,0,0,0,0,0,0,0,0,0,0,0,0,0
2,64.893,6,sem_arma,0.0,0.0,0.0,0.0,0.2907135179402768,0.9999906030188271,0.2237001977755695,0.5888213734652583,0.21491476261997913,69.5712,69.6037,3.45818,1,1,0,0,0,0,0,0,0,0,0,0,0.0,0.0,0.0,0.0,0.0,0.0,0.0,0,0,0.0,0.0,0.0,0.0,1.0,69.6015,69.5712,3.4582633333333335,0.10598049968885266,0.2237001977755695,0.13409800488328338,0.0,0.0,0.0,0.0,0.0,0.0,0.0,0.0,0,0.0,0.0,0,0,0,0,0,0,0,0,0,0,0,0,0,0,0,0,0
2,65.902,6,sem_arma,0.0,0.0,0.0,0.0,0.2907135226166957,0.9999920225351738,0.22370019912340608,0.6145623525622955,0.21246051091591395,69.5712,69.619,3.45134,1,1,0,0,0,0,0,0,0,0,0,0,0.0,0.0,0.0,0.0,0.0,0.0,0.0,0,0,0.0,0.0,0.0,0.0,1.0,69.605875,69.5712,3.4565325,0.10598049712837962,0.22370019912340608,0.11067413293369935,0.0,0.0,0.0,0.0,0.0,0.0,0.0,0.0,0,0.0,0.0,0,0,0,0,0,0,0,0,0,0,0,0,0,0,0,0,0
2,66.91,6,sem_arma,0.0,0.0,0.0,0.0,0.24747488999956088,0.9999933485200448,0.22370020047661246,0.6406372627204011,0.20568239611827485,69.541,69.541,3.45724,1,1,0,0,0,0,0,0,0,0,0,0,0.0,0.0,0.0,0.0,0.0,0.0,0.0,0,0,0.0,0.0,0.0,0.0,1.0,69.5929,69.541,3.4566740000000005,0.10598049455770546,0.22370020047661246,0.11067413292349823,0.0,0.0,0.0,0.0,0.0,0.0,0.0,0.0,0,0.0,0.0,0,0,0,0,0,0,0,0,0,0,0,0,0,0,0,0,0
2,67.908,6,sem_arma,0.3052414070487948,0.30585311327534553,0.9825372728803029,0.9825372728803029,0.4394040265175236,0.9999815538008922,0.35133997446745446,0.6608057213399063,0.2180971951373576,69.541,123.219,3.37161,1,1,0,0,0,0,0,0,0,0,0,0,0.0,0.0,0.0,0.0,0.0,0.0,0.0,0,0,0.0,0.0,0.0,0.0,1.0,78.53058333333333,69.541,3.442496666666667,0.2042342192621954,0.35133997446745446,0.2089278601986623,0.0,0.0,0.0,0.0,0.0,0.0,0.0,0.0,0,0.0,0.0,0,0,0,0,0,0,0,0,0,0,0,0,0,0,0,0,0
2,68.906,6,sem_arma,0.0,-0.30585311327534553,2.4579566372471677e-07,0.9825370270846392,0.4394039990367458,0.9999815538008922,0.3513399602604537,0.681103723320931,0.25156212105222664,69.541,123.193,3.38147,1,1,0,0,0,0,0,0,0,0,0,0,0.0,0.0,0.0,0.0,0.0,0.0,0.0,0,0,0.0,0.0,0.0,0.0,1.0,84.91092857142857,69.541,3.433778571428572,0.20423424125822143,0.3513399602604537,0.3071815629071262,0.0,0.0,0.0,0.0,0.0,0.0,0.0,0.0,0,0.0,0.0,0,0,0,0,0,0,0,0,0,0,0,0,0,0,0,0,0
2,69.911,6,sem_arma,0.0,0.0,1.8998371622648722,1.8998369164692084,0.8533967388407347,0.9999815538008922,0.6309937000900284,0.6988016805688186,0.33690179490703176,33.7843,33.7843,3.38457,1,1,0,0,0,0,0,0,0,0,0,0,0.0,0.0,0.0,0.0,0.0,0.0,0.0,0,0,0.0,0.0,0.0,0.0,1.0,78.5201,33.7843,3.4276275,0.39421795484838906,0.6309937000900284,0.4971652545012679,0.0,0.0,0.0,0.0,0.0,0.0,0.0,0.0,0,0.0,0.0,0,0,0,0,0,0,0,0,0,0,0,0,0,0,0,0,0
2,70.913,7,sem_arma,0.48942913513934055,0.4884522306779846,1.8741043866821934,0.025732775582678835,0.943690807912739,0.9999435488244085,0.7649841542154561,0.7164799007462765,0.43127087567011835,33.7843,48.6272,2.4359,1,1,0,0,0,0,0,0,0,0,0,0,0.0,0.0,0.0,0.0,0.0,0.0,0.0,0,0,0.0,0.0,0.0,0.0,1.0,75.19866666666667,33.7843,3.317435555555556,0.5816283909510449,0.7649841542154561,0.49973853198877966,0.0,0.0,0.0,0.0,0.0,0.0,0.0,0.0,0,0.0,0.0,0,0,0,0,0,0,0,0,0,0,0,0,0,0,0,0,0
2,71.918,7,sem_arma,1.8253486592369788,1.329273158306108,0.6255840533014507,1.2485203333807426,0.8193080477032435,0.9998082250835302,0.7646106536355112,0.7341400696017202,0.4905532572128105,28.2023,28.2023,4.42805,1,1,0,0,0,0,0,0,0,0,0,0,0.0,0.0,0.0,0.0,0.0,0.0,0.0,0,0,0.0,0.0,0.0,0.0,1.0,70.49903,28.2023,3.428497,0.5935433797687784,0.7646106536355112,0.5739471513800056,0.0,0.0,0.0,0.0,0.0,0.0,0.0,0.0,0,0.0,0.0,0,0,0,0,0,0,0,0,0,0,0,0,0,0,0,0,0
2,72.904,7,sem_arma,0.0,-1.8512663886784775,1.5112739547512837e-08,0.6255840381887112,0.9541800588636151,0.9998082250835302,0.787522347874734,0.7526913675122159,0.5568999122566021,28.1706,28.1706,4.4212,1,1,0,0,0,0,0,0,0,0,0,0,0.0,0.0,0.0,0.0,0.0,0.0,0.0,0,0,0.0,0.0,0.0,0.0,1.0,66.35897,28.1706,3.524393,0.5382063136037222,0.787522347874734,0.6318119040349585,0.0,0.0,0.0,0.0,0.0,0.0,0.0,0.0,0,0.0,0.0,0,0,0,0,0,0,0,0,0,0,0,0,0,0,0,0,0
2,73.914,7,sem_arma,0.0,0.0,1.475362494440362e-08,3.5911460310921665e-10,0.9541801121279446,0.9998082250835302,0.7875223467544138,0.7745563931808694,0.623246572155908,28.1706,28.2138,4.4224,1,1,0,0,0,0,0,0,0,0,0,0,0.0,0.0,0.0,0.0,0.0,0.0,0.0,0,0,0.0,0.0,0.0,0.0,1.0,62.21739,28.1706,3.6211960000000003,0.5382063150790847,0.7875223467544138,0.5764748363945398,0.0,0.0,0.0,0.0,0.0,0.0,0.0,0.0,0,0.0,0.0,0,0,0,0,0,0,0,0,0,0,0,0,0,0,0,0,0
2,74.918,7,sem_arma,0.0,0.0,1.484179401777655e-08,8.816907337293018e-11,0.814544988908893,0.9998082250835302,0.7875223456273986,0.8001699227161934,0.6756297192527696,28.1706,28.1818,4.42194,1,1,0,0,0,0,0,0,0,0,0,0,0.0,0.0,0.0,0.0,0.0,0.0,0.0,0,0,0.0,0.0,0.0,0.0,1.0,58.07520000000001,28.1706,3.7175720000000005,0.538206316563264,0.7875223456273986,0.5764748364033567,0.0,0.0,0.0,0.0,0.0,0.0,0.0,0.0,0,0.0,0.0,0,0,0,0,0,0,0,0,0,0,0,0,0,0,0,0,0
2,75.914,7,sem_arma,0.0,0.0,1.4961005214706483e-08,1.1921119692993282e-10,0.2797696870931646,0.9998082250835302,0.7875223444913311,0.8294412180168648,0.6745353357004166,28.1706,28.177,4.42741,1,1,0,0,0,0,0,0,0,0,0,0,0.0,0.0,0.0,0.0,0.0,0.0,0.0,0,0,0.0,0.0,0.0,0.0,1.0,53.931000000000004,28.1706,3.8151789999999997,0.5382063180593646,0.7875223444913311,0.5764748364152779,0.0,0.0,0.0,0.0,0.0,0.0,0.0,0.0,0,0.0,0.0,0,0,0,0,0,0,0,0,0,0,0,0,0,0,0,0,0
2,76.914,7,sem_arma,0.0,0.0,1.4901161193847656e-08,5.984402085882667e-11,1.3491254029059788e-10,0.9998082250835302,0.7875223433598078,0.8641585040043935,0.6497878467139516,28.1706,28.2784,4.43082,1,1,0,0,0,0,0,0,0,0,0,0,0.0,0.0,0.0,0.0,0.0,0.0,0.0,0,0,0.0,0.0,0.0,0.0,1.0,49.80474,28.1706,3.9125370000000004,0.5382063195494807,0.7875223433598078,0.5764748364212623,0.0,0.0,0.0,0.0,0.0,0.0,0.0,0.0,0,0.0,0.0,0,0,0,0,0,0,0,0,0,0,0,0,0,0,0,0,0
2,77.917,7,sem_arma,0.0,0.0,1.4856591419588892e-08,4.4569774258764604e-11,7.667272928226533e-11,0.9998082250835302,0.7872188073352592,0.8952624396738459,0.6058474440698667,28.1469,28.1469,4.42358,1,1,0,0,0,0,0,0,0,0,0,0,0.0,0.0,0.0,0.0,0.0,0.0,0.0,0,0,0.0,0.0,0.0,0.0,1.0,40.29753,28.1469,4.017734,0.4399525937471096,0.7872188073352592,0.47822110913768895,0.0,0.0,0.0,0.0,0.0,0.0,0.0,0.0,0,0.0,0.0,0,0,0,0,0,0,0,0,0,0,0,0,0,0,0,0,0
2,78.916,7,sem_arma,0.02238306283791716,0.022405468306223385,1.4916077271118776e-08,5.94858515298847e-11,4.781334757414922e-11,0.9998072638037473,0.7872188216720946,0.9207017678870226,0.5619070441709734,28.024,28.024,4.43621,1,1,0,0,0,0,0,0,0,0,0,0,0.0,0.0,0.0,0.0,0.0,0.0,0.0,0,0,0.0,0.0,0.0,0.0,1.0,30.780629999999995,28.024,4.123208,0.43995257065915105,0.7872188216720946,0.37996740643517357,0.0,0.0,0.0,0.0,0.0,0.0,0.0,0.0,0,0.0,0.0,0,0,0,0,0,0,0,0,0,0,0,0,0,0,0,0,0
2,79.93,7,sem_arma,0.0,-0.022074026467373928,1.4695425240480924e-08,2.2065203063785242e-10,1.024137318330747e-10,0.9998072638037473,0.603579910084263,0.9565455378558777,0.47656737029714125,27.993,27.993,4.42987,1,1,0,0,0,0,0,0,0,0,0,0,0.0,0.0,0.0,0.0,0.0,0.0,0.0,0,0,0.0,0.0,0.0,0.0,1.0,30.2015,27.993,4.227738,0.24996885590220627,0.603579910084263,0.18998371481031792,0.0,0.0,0.0,0.0,0.0,0.0,0.0,0.0,0,0.0,0.0,0,0,0,0,0,0,0,0,0,0,0,0,0,0,0,0,0
2,80.92,8,sem_arma,0.0,0.0,1.5051677973583492e-08,3.562527331025682e-10,1.282096493979622e-10,0.9998072638037473,0.19782704291983347,0.9936772650320782,0.3821982895186883,27.993,28.0167,4.42945,1,1,0,0,0,0,0,0,0,0,0,0,0.0,0.0,0.0,0.0,0.0,0.0,0.0,0,0,0.0,0.0,0.0,0.0,1.0,28.140449999999998,27.993,4.427093,0.06255841873915471,0.19782704291983347,0.1874104372876753,0.0,0.0,0.0,0.0,0.0,0.0,0.0,0.0,0,0.0,0.0,0,0,0,0,0,0,0,0,0,0,0,0,0,0,0,0,0
2,81.925,8,sem_arma,0.0,0.0,1.4827026063530008e-08,2.2465191005348392e-10,1.3002965652426185e-10,0.9998130530569806,1.2711886395071907e-10,0.9998868905195859,0.30026748476136694,27.993,28.0341,4.43051,1,1,0,0,0,0,0,0,0,0,0,0,0.0,0.0,0.0,0.0,0.0,0.0,0.0,0,0,0.0,0.0,0.0,0.0,1.0,28.123630000000002,27.993,4.427339,1.4891712244246003e-08,1.2711886395071907e-10,0.06255840397206625,0.0,0.0,0.0,0.0,0.0,0.0,0.0,0.0,0,0.0,0.0,0,0,0,0,0,0,0,0,0,0,0,0,0,0,0,0,0
2,82.928,8,sem_arma,0.0,0.0,1.4856591419588892e-08,2.9565356058883436e-11,1.3002965652426185e-10,0.9893393885294508,1.0069320295438112e-10,0.9993543297951172,0.20484947888800834,27.9705,27.9705,4.43382,1,1,0,0,0,0,0,0,0,0,0,0,0.0,0.0,0.0,0.0,0.0,0.0,0.0,0,0,0.0,0.0,0.0,0.0,1.0,28.10362,27.9705,4.428601,1.4866097431453607e-08,1.0069320295438112e-10,1.5615165499123437e-10,0.0,0.0,0.0,0.0,0.0,0.0,0.0,0.0,0,0.0,0.0,0,0,0,0,0,0,0,0,0,0,0,0,0,0,0,0,0
2,83.933,8,sem_arma,0.0,0.0,1.4827026063530008e-08,2.9565356058883436e-11,1.281155817756624e-10,0.9893393885294508,9.403889419389271e-11,0.9988217690706482,0.10943146768802545,27.9705,28.1028,4.43993,1,1,0,0,0,0,0,0,0,0,0,0,0.0,0.0,0.0,0.0,0.0,0.0,0.0,0,0,0.0,0.0,0.0,0.0,1.0,28.09252,27.9705,4.4303539999999995,1.4873437543366246e-08,9.403889419389271e-11,1.2319673028620104e-10,0.0,0.0,0.0,0.0,0.0,0.0,0.0,0.0,0,0.0,0.0,0,0,0,0,0,0,0,0,0,0,0,0,0,0,0,0,0
2,84.922,8,sem_arma,0.0,0.0,1.5066897061524426e-08,2.398709979944173e-10,1.2253167356115937e-10,0.9893393885294508,1.1102949409029277e-10,0.9982892083461795,0.027976968809389314,27.9624,27.9624,4.43218,1,1,0,0,0,0,0,0,0,0,0,0,0.0,0.0,0.0,0.0,0.0,0.0,0.0,0,0,0.0,0.0,0.0,0.0,1.0,28.07058,27.9624,4.431378,1.4895947847741033e-08,1.1102949409029277e-10,1.3836692274834976e-10,0.0,0.0,0.0,0.0,0.0,0.0,0.0,0.0,0,0.0,0.0,0,0,0,0,0,0,0,0,0,0,0,0,0,0,0,0,0
2,85.925,8,sem_arma,0.0,0.0,1.4856591419588892e-08,2.1030564193553386e-10,1.0174221310082241e-10,0.9893393885294508,1.0912489769609938e-10,0.9977565766458933,1.1024707798642173e-10,27.9624,28.0267,4.43625,1,1,0,0,0,0,0,0,0,0,0,0,0.0,0.0,0.0,0.0,0.0,0.0,0.0,0,0,0.0,0.0,0.0,0.0,1.0,28.05555,27.9624,4.432262,1.4885506468229273e-08,1.0912489769609938e-10,1.4747636724890986e-10,0.0,0.0,0.0,0.0,0.0,0.0,0.0,0.0,0,0.0,0.0,0,0,0,0,0,0,0,0,0,0,0,0,0,0,0,0,0
2,86.93,8,sem_arma,0.0,0.0,1.4827026063530008e-08,2.9565356058883436e-11,1.0174221310082241e-10,0.9893393885294508,1.1045334953125471e-10,0.9972238786463636,1.0693004526744417e-10,27.9624,27.9973,4.43037,1,1,0,0,0,0,0,0,0,0,0,0,0.0,0.0,0.0,0.0,0.0,0.0,0.0,0,0,0.0,0.0,0.0,0.0,1.0,28.027440000000002,27.9624,4.432217,1.487809295519751e-08,1.1045334953125471e-10,1.4444850076891553e-10,0.0,0.0,0.0,0.0,0.0,0.0,0.0,0.0,0,0.0,0.0,0,0,0,0,0,0,0,0,0,0,0,0,0,0,0,0,0
2,87.937,8,sem_arma,0.0,0.0,1.4797578146819919e-08,2.9447916710089266e-11,1.0927087414380275e-10,0.9991415993537781,1.1327034952996033e-10,0.9971818809240078,1.1018985975359792e-10,27.9624,28.011,4.42897,1,1,0,0,0,0,0,0,0,0,0,0,0.0,0.0,0.0,0.0,0.0,0.0,0.0,0,0,0.0,0.0,0.0,0.0,1.0,28.01385,27.9624,4.4327559999999995,1.4872191627920614e-08,1.1327034952996033e-10,1.42936315014048e-10,0.0,0.0,0.0,0.0,0.0,0.0,0.0,0.0,0,0.0,0.0,0,0,0,0,0,0,0,0,0,0,0,0,0,0,0,0,0
2,88.943,8,sem_arma,0.0,0.0,1.4812287469033456e-08,1.4709322213537092e-11,1.1107330190412014e-10,0.9991415993537781,1.1355707533781863e-10,0.9971398832016523,1.16515855186595e-10,27.9624,28.0653,4.43185,1,1,0,0,0,0,0,0,0,0,0,0,0.0,0.0,0.0,0.0,0.0,0.0,0.0,0,0,0.0,0.0,0.0,0.0,1.0,28.01798,27.9624,4.43232,1.4861812647712081e-08,1.1355707533781863e-10,1.3845866208241324e-10,0.0,0.0,0.0,0.0,0.0,0.0,0.0,0.0,0,0.0,0.0,0,0,0,0,0,0,0,0,0,0,0,0,0,0,0,0,0
2,89.935,8,sem_arma,0.0,0.0,1.502133184863675e-08,2.090443796032941e-10,9.118105768529237e-11,0.9991415993537781,1.0708094017650785e-10,0.9970978854792966,1.153925877718168e-10,27.9462,27.9462,4.43209,1,1,0,0,0,0,0,0,0,0,0,0,0.0,0.0,0.0,0.0,0.0,0.0,0.0,0,0,0.0,0.0,0.0,0.0,1.0,28.013300000000005,27.9462,4.432542,1.4894403308527665e-08,1.0708094017650785e-10,1.372978969789574e-10,0.0,0.0,0.0,0.0,0.0,0.0,0.0,0.0,0,0.0,0.0,0,0,0,0,0,0,0,0,0,0,0,0,0,0,0,0,0
2,90.932,9,sem_arma,0.0,0.0,1.4945999191421922e-08,7.533265721482813e-11,9.812186951973585e-11,0.9991526997443619,9.428501323777395e-11,0.9970583430252942,1.1238380978399415e-10,27.9462,28.1061,4.44045,1,1,0,0,0,0,0,0,0,0,0,0,0.0,0.0,0.0,0.0,0.0,0.0,0.0,0,0,0.0,0.0,0.0,0.0,1.0,28.02224,27.9462,4.433642,1.4883835430311507e-08,9.428501323777395e-11,1.092058893901834e-10,0.0,0.0,0.0,0.0,0.0,0.0,0.0,0.0,0,0.0,0.0,0,0,0,0,0,0,0,0,0,0,0,0,0,0,0,0,0
2,91.938,9,sem_arma,0.0,0.0,1.4812287469033456e-08,1.3371172238846598e-10,1.0033917924124355e-10,0.0,9.538055869482487e-11,0.9470679317711177,1.0941476205569231e-10,27.9462,27.981,4.43336,1,1,0,0,0,0,0,0,0,0,0,0,0.0,0.0,0.0,0.0,0.0,0.0,0.0,0,0,0.0,0.0,0.0,0.0,1.0,28.016930000000002,27.9462,4.433927,1.4882361570861852e-08,9.538055869482487e-11,1.001118706236816e-10,0.0,0.0,0.0,0.0,0.0,0.0,0.0,0.0,0,0.0,0.0,0,0,0,0,0,0,0,0,0,0,0,0,0,0,0,0,0
2,92.937,9,sem_arma,0.0,0.0,1.4916077271118776e-08,1.0378980208532031e-10,9.009724118296183e-11,0.0,9.54497218452307e-11,0.8970775205169412,1.054215205215623e-10,27.9462,28.0185,4.43521,1,1,0,0,0,0,0,0,0,0,0,0,0.0,0.0,0.0,0.0,0.0,0.0,0.0,0,0,0.0,0.0,0.0,0.0,1.0,28.021729999999998,27.9462,4.434066,1.4888310156014842e-08,9.54497218452307e-11,1.0753431522632529e-10,0.0,0.0,0.0,0.0,0.0,0.0,0.0,0.0,0,0.0,0.0,0,0,0,0,0,0,0,0,0,0,0,0,0,0,0,0,0
2,93.936,9,sem_arma,0.0,0.0,1.4916077271118776e-08,0.0,7.508186446503406e-11,0.0,9.322499523307081e-11,0.8470871092627646,1.0011814879049947e-10,27.9462,28.0034,4.43086,1,1,0,0,0,0,0,0,0,0,0,0,0.0,0.0,0.0,0.0,0.0,0.0,0.0,0,0,0.0,0.0,0.0,0.0,1.0,28.011789999999998,27.9462,4.433159,1.4897215276773718e-08,9.322499523307081e-11,1.0457777962043694e-10,0.0,0.0,0.0,0.0,0.0,0.0,0.0,0.0,0,0.0,0.0,0,0,0,0,0,0,0,0,0,0,0,0,0,0,0,0,0
2,94.945,9,sem_arma,0.0,0.0,1.476824697110769e-08,1.478303000110871e-10,7.696009545670277e-11,0.0,7.967981222848599e-11,0.7970966980085882,9.556099098005382e-11,27.981,28.0024,4.42844,1,1,0,0,0,0,0,0,0,0,0,0,0.0,0.0,0.0,0.0,0.0,0.0,0.0,0,0,0.0,0.0,0.0,0.0,1.0,28.015790000000003,27.9462,4.432785000000001,1.4867350267732044e-08,7.967981222848599e-11,9.537370982210393e-11,0.0,0.0,0.0,0.0,0.0,0.0,0.0,0.0,0,0.0,0.0,0,0,0,0,0,0,0,0,0,0,0,0,0,0,0,0,0
2,95.937,9,sem_arma,0.0,0.0,1.502133184863675e-08,2.530848775290609e-10,9.927244500582937e-11,0.0,9.310714927035442e-11,0.7471062867544116,9.531401417055452e-11,27.981,28.0753,4.43244,1,1,0,0,0,0,0,0,0,0,0,0,0.0,0.0,0.0,0.0,0.0,0.0,0.0,0,0,0.0,0.0,0.0,0.0,1.0,28.02065,27.9462,4.432404,1.4883824310636831e-08,9.310714927035442e-11,9.965163338145663e-11,0.0,0.0,0.0,0.0,0.0,0.0,0.0,0.0,0,0.0,0.0,0,0,0,0,0,0,0,0,0,0,0,0,0,0,0,0,0
2,96.941,9,sem_arma,0.0,0.0,1.484179401777655e-08,1.7953783086020004e-10,9.449751500741168e-11,0.0,9.221904195498717e-11,0.6971158755002351,9.458954436121344e-11,27.9285,27.9285,4.43134,1,1,0,0,0,0,0,0,0,0,0,0,0.0,0.0,0.0,0.0,0.0,0.0,0.0,0,0,0.0,0.0,0.0,0.0,1.0,28.01377,27.9285,4.432501,1.4885301106061483e-08,9.221904195498717e-11,1.1464888086158829e-10,0.0,0.0,0.0,0.0,0.0,0.0,0.0,0.0,0,0.0,0.0,0,0,0,0,0,0,0,0,0,0,0,0,0,0,0,0,0
2,97.949,9,sem_arma,0.0,0.0,1.47828980097695e-08,5.889600800704943e-11,1.0450265195154415e-10,0.0,9.387266345985532e-11,0.6471254642460587,9.411272214198759e-11,27.9285,28.0973,4.44038,1,1,0,0,0,0,0,0,0,0,0,0,0.0,0.0,0.0,0.0,0.0,0.0,0.0,0,0,0.0,0.0,0.0,0.0,1.0,28.022399999999998,27.9285,4.433642,1.4883833092356442e-08,9.387266345985532e-11,1.175936899912843e-10,0.0,0.0,0.0,0.0,0.0,0.0,0.0,0.0,0,0.0,0.0,0,0,0,0,0,0,0,0,0,0,0,0,0,0,0,0,0
2,98.951,9,sem_arma,0.0,0.0,1.4871418357133389e-08,8.852034736388802e-11,1.0101012014559691e-10,0.0,9.067303316788677e-11,0.5971351010558712,9.310640396613526e-11,27.9285,28.005,4.43508,1,1,0,0,0,0,0,0,0,0,0,0,0.0,0.0,0.0,0.0,0.0,0.0,0.0,0,0,0.0,0.0,0.0,0.0,1.0,28.016370000000002,27.9285,4.433965,1.4889746181166436e-08,9.067303316788677e-11,1.249747925063194e-10,0.0,0.0,0.0,0.0,0.0,0.0,0.0,0.0,0,0.0,0.0,0,0,0,0,0,0,0,0,0,0,0,0,0,0,0,0,0
2,99.94,9,sem_arma,0.0,0.0,1.5066897061524426e-08,1.9547870439103682e-10,1.215227819173754e-10,0.0,9.880081764913075e-11,0.5471447378656839,9.614057638934356e-11,27.9285,28.0025,4.4336,1,1,0,0,0,0,0,0,0,0,0,0,0.0,0.0,0.0,0.0,0.0,0.0,0.0,0,0,0.0,0.0,0.0,0.0,1.0,28.022000000000002,27.9285,4.434116,1.4894302702455204e-08,9.880081764913075e-11,1.2361822498509367e-10,0.0,0.0,0.0,0.0,0.0,0.0,0.0,0.0,0,0.0,0.0,0,0,0,0,0,0,0,0,0,0,0,0,0,0,0,0,0
2,100.95,10,sem_arma,0.0,0.0,1.475362494440362e-08,3.132721171208056e-10,1.229565703845904e-10,0.0,1.0607719974247541e-10,0.4971543746754965,9.862404647582902e-11,27.9285,28.0132,4.43236,1,1,0,0,0,0,0,0,0,0,0,0,0.0,0.0,0.0,0.0,0.0,0.0,0.0,0,0,0.0,0.0,0.0,0.0,1.0,28.01271,27.9285,4.433307,1.4875065277753373e-08,1.0607719974247541e-10,1.4741217097569141e-10,0.0,0.0,0.0,0.0,0.0,0.0,0.0,0.0,0,0.0,0.0,0,0,0,0,0,0,0,0,0,0,0,0,0,0,0,0,0
2,101.949,10,sem_arma,0.0,0.0,1.4916077271118776e-08,1.6245232671515642e-10,1.2418602152705887e-10,0.0,1.0431524846396931e-10,0.4471637220226475,1.0100873070441054e-10,27.9898,27.9898,4.42882,1,1,0,0,0,0,0,0,0,0,0,0,0.0,0.0,0.0,0.0,0.0,0.0,0.0,0,0,0.0,0.0,0.0,0.0,1.0,28.01359,27.9285,4.432853,1.4885444257961904e-08,1.0431524846396931e-10,1.5028623140836046e-10,0.0,0.0,0.0,0.0,0.0,0.0,0.0,0.0,0,0.0,0.0,0,0,0,0,0,0,0,0,0,0,0,0,0,0,0,0,0
2,102.944,10,sem_arma,0.0,0.0,1.4976041400851914e-08,5.996412973313816e-11,1.1696664628359657e-10,0.0,1.0793255370951207e-10,0.397696752596175,1.03695671214474e-10,27.9898,28.0629,4.43229,1,1,0,0,0,0,0,0,0,0,0,0,0.0,0.0,0.0,0.0,0.0,0.0,0.0,0,0,0.0,0.0,0.0,0.0,1.0,28.01803,27.9285,4.432561000000001,1.4891440670935217e-08,1.0793255370951207e-10,1.4590366417314224e-10,0.0,0.0,0.0,0.0,0.0,0.0,0.0,0.0,0,0.0,0.0,0,0,0,0,0,0,0,0,0,0,0,0,0,0,0,0,0
2,103.941,10,sem_arma,0.0,0.0,1.4945999191421922e-08,3.004220942999248e-11,1.1445923217497024e-10,0.0,1.0909988321225058e-10,0.34822978316970243,1.0763340798546762e-10,27.9352,27.9352,4.4304,1,1,0,0,0,0,0,0,0,0,0,0,0.0,0.0,0.0,0.0,0.0,0.0,0.0,0,0,0.0,0.0,0.0,0.0,1.0,28.01121,27.9285,4.432515,1.4894432862965532e-08,1.0909988321225058e-10,1.489078851161415e-10,0.0,0.0,0.0,0.0,0.0,0.0,0.0,0.0,0,0.0,0.0,0,0,0,0,0,0,0,0,0,0,0,0,0,0,0,0,0
2,104.949,10,sem_arma,0.0,0.0,1.47828980097695e-08,1.6310118165242135e-10,1.0019012799958107e-10,0.0,1.0730058415041403e-10,0.2987628137432299,1.0995641123975546e-10,27.9352,28.067,4.4396,1,1,0,0,0,0,0,0,0,0,0,0,0.0,0.0,0.0,0.0,0.0,0.0,0.0,0,0,0.0,0.0,0.0,0.0,1.0,28.01767,27.9285,4.433631,1.4895897966831712e-08,1.0730058415041403e-10,1.504349732802749e-10,0.0,0.0,0.0,0.0,0.0,0.0,0.0,0.0,0,0.0,0.0,0,0,0,0,0,0,0,0,0,0,0,0,0,0,0,0,0
2,105.949,10,sem_arma,0.0,0.0,1.4901161193847656e-08,1.1826318407815558e-10,7.377763707331006e-11,0.0,9.801966533483524e-11,0.24929584431675736,1.0740693044650353e-10,27.9352,28.0371,4.43639,1,1,0,0,0,0,0,0,0,0,0,0,0.0,0.0,0.0,0.0,0.0,0.0,0.0,0,0,0.0,0.0,0.0,0.0,1.0,28.01385,27.9285,4.434026,1.4883880901352804e-08,9.801966533483524e-11,1.369528039351844e-10,0.0,0.0,0.0,0.0,0.0,0.0,0.0,0.0,0,0.0,0.0,0,0,0,0,0,0,0,0,0,0,0,0,0,0,0,0,0
2,106.961,10,sem_arma,0.0,0.0,1.4724467582853415e-08,1.7669361099424162e-10,1.0803077291020377e-10,0.0,1.0991686487953278e-10,0.1998288748902848,1.0876025623678275e-10,27.9352,27.9815,4.43239,1,1,0,0,0,0,0,0,0,0,0,0,0.0,0.0,0.0,0.0,0.0,0.0,0.0,0,0,0.0,0.0,0.0,0.0,1.0,28.019149999999996,27.9352,4.434131,1.4872148257860493e-08,1.0991686487953278e-10,1.3666838194858854e-10,0.0,0.0,0.0,0.0,0.0,0.0,0.0,0.0,0,0.0,0.0,0,0,0,0,0,0,0,0,0,0,0,0,0,0,0,0,0
2,107.96,10,sem_arma,0.0,0.0,1.4916077271118776e-08,1.916096882653617e-10,9.536205264894466e-11,0.0,1.0589613501078569e-10,0.1498717949225959,1.0784619630652278e-10,27.9352,28.0109,4.43419,1,1,0,0,0,0,0,0,0,0,0,0,0.0,0.0,0.0,0.0,0.0,0.0,0.0,0,0,0.0,0.0,0.0,0.0,1.0,28.01051,27.9352,4.433512,1.4885466183995419e-08,1.0589613501078569e-10,1.4993974997441977e-10,0.0,0.0,0.0,0.0,0.0,0.0,0.0,0.0,0,0.0,0.0,0,0,0,0,0,0,0,0,0,0,0,0,0,0,0,0,0
2,108.959,10,sem_arma,0.0,0.0,1.4916077271118776e-08,0.0,8.88729100929478e-11,0.0,1.0617918507095397e-10,0.099914714954907,1.066324753012579e-10,27.9815,27.9838,4.42879,1,1,0,0,0,0,0,0,0,0,0,0,0.0,0.0,0.0,0.0,0.0,0.0,0.0,0,0,0.0,0.0,0.0,0.0,1.0,28.00839,27.9352,4.432883,1.4889932075393957e-08,1.0617918507095397e-10,1.4108771523803097e-10,0.0,0.0,0.0,0.0,0.0,0.0,0.0,0.0,0,0.0,0.0,0,0,0,0,0,0,0,0,0,0,0,0,0,0,0,0,0
2,109.953,10,sem_arma,0.0,0.0,1.4991107840893013e-08,7.503056977423693e-11,9.887890459704286e-11,0.0,9.416988751081399e-11,0.0499576349872181,1.0436808756922463e-10,27.9815,28.0452,4.4316,1,1,0,0,0,0,0,0,0,0,0,0,0.0,0.0,0.0,0.0,0.0,0.0,0.0,0,0,0.0,0.0,0.0,0.0,1.0,28.01266,27.9352,4.432683,1.4882353153330815e-08,9.416988751081399e-11,1.2904290177635097e-10,0.0,0.0,0.0,0.0,0.0,0.0,0.0,0.0,0,0.0,0.0,0,0,0,0,0,0,0,0,0,0,0,0,0,0,0,0,0
2,110.947,11,sem_arma,0.0,0.0,1.4991107840893013e-08,0.0,1.0911941744981408e-10,0.0,8.783096518763438e-11,0.0,1.0298437227574701e-10,27.9548,27.9548,4.43009,1,1,0,0,0,0,0,0,0,0,0,0,0.0,0.0,0.0,0.0,0.0,0.0,0.0,0,0,0.0,0.0,0.0,0.0,1.0,28.006819999999998,27.9352,4.432456,1.4906101442979756e-08,8.783096518763438e-11,9.771569006427043e-11,0.0,0.0,0.0,0.0,0.0,0.0,0.0,0.0,0,0.0,0.0,0,0,0,0,0,0,0,0,0,0,0,0,0,0,0,0,0
2,111.962,11,sem_arma,0.0,0.0,1.4680946989012471e-08,3.1016085188054214e-10,1.2757161769137725e-10,0.0,1.1279032313387471e-10,0.0,1.0332293189217883e-10,27.9548,28.0313,4.43782,1,1,0,0,0,0,0,0,0,0,0,0,0.0,0.0,0.0,0.0,0.0,0.0,0.0,0,0,0.0,0.0,0.0,0.0,1.0,28.010969999999997,27.9352,4.433356,1.4882588414769124e-08,1.1279032313387471e-10,1.12486542580809e-10,0.0,0.0,0.0,0.0,0.0,0.0,0.0,0.0,0,0.0,0.0,0,0,0,0,0,0,0,0,0,0,0,0,0,0,0,0,0
2,112.948,11,sem_arma,0.0,0.0,1.5112739547512837e-08,4.3179255850036544e-10,1.602582820147687e-10,0.0,1.3201950434939142e-10,0.0,1.0765209546529605e-10,27.9548,28.0615,4.4376,1,1,0,0,0,0,0,0,0,0,0,0,0.0,0.0,0.0,0.0,0.0,0.0,0.0,0,0,0.0,0.0,0.0,0.0,1.0,28.01083,27.9352,4.433887,1.4896258229435218e-08,1.3201950434939142e-10,1.4966938545753173e-10,0.0,0.0,0.0,0.0,0.0,0.0,0.0,0.0,0,0.0,0.0,0,0,0,0,0,0,0,0,0,0,0,0,0,0,0,0,0
2,113.961,11,sem_arma,0.0,0.0,1.4709932076848626e-08,4.028074706642102e-10,1.9100346594721513e-10,0.0,1.4280245496837977e-10,0.0,1.1530651884252054e-10,27.9548,27.9685,4.43175,1,1,0,0,0,0,0,0,0,0,0,0,0.0,0.0,0.0,0.0,0.0,0.0,0.0,0,0,0.0,0.0,0.0,0.0,1.0,28.014159999999997,27.9548,4.434022000000001,1.4872651517977887e-08,1.4280245496837977e-10,1.8694591158095348e-10,0.0,0.0,0.0,0.0,0.0,0.0,0.0,0.0,0,0.0,0.0,0,0,0,0,0,0,0,0,0,0,0,0,0,0,0,0,0
2,114.971,11,sem_arma,0.0,0.0,1.475362494440362e-08,4.3692867554993537e-11,1.9133024066555886e-10,0.0,1.4512784197636916e-10,0.0,1.244205301091183e-10,27.9548,28.0114,4.43559,1,1,0,0,0,0,0,0,0,0,0,0,0.0,0.0,0.0,0.0,0.0,0.0,0.0,0,0,0.0,0.0,0.0,0.0,1.0,28.0086,27.9548,4.4336210000000005,1.48697242114413e-08,1.4512784197636916e-10,1.7500508017121072e-10,0.0,0.0,0.0,0.0,0.0,0.0,0.0,0.0,0,0.0,0.0,0,0,0,0,0,0,0,0,0,0,0,0,0,0,0,0,0
2,115.956,11,sem_arma,0.0,0.0,1.5128082430302188e-08,3.744574858985682e-10,2.2371040332378592e-10,0.0,1.6672337539587844e-10,0.0,1.3941380673416588e-10,27.9685,27.9802,4.42925,1,1,0,0,0,0,0,0,0,0,0,0,0.0,0.0,0.0,0.0,0.0,0.0,0.0,0,0,0.0,0.0,0.0,0.0,1.0,28.002910000000004,27.9548,4.432907,1.4892416335086752e-08,1.6672337539587844e-10,2.0062451035325198e-10,0.0,0.0,0.0,0.0,0.0,0.0,0.0,0.0,0,0.0,0.0,0,0,0,0,0,0,0,0,0,0,0,0,0,0,0,0,0
2,116.946,11,sem_arma,0.0,0.0,1.5051677973583492e-08,7.640445671869598e-11,2.029312416942132e-10,0.0,1.6214566435022854e-10,0.0,1.4890385361256686e-10,27.9685,28.0324,4.43051,1,1,0,0,0,0,0,0,0,0,0,0,0.0,0.0,0.0,0.0,0.0,0.0,0.0,0,0,0.0,0.0,0.0,0.0,1.0,28.008,27.9548,4.4327190000000005,1.4925137374159758e-08,1.6214566435022854e-10,1.905955949256974e-10,0.0,0.0,0.0,0.0,0.0,0.0,0.0,0.0,0,0.0,0.0,0,0,0,0,0,0,0,0,0,0,0,0,0,0,0,0,0
2,117.971,11,sem_arma,0.0,0.0,1.4537718237900154e-08,5.139597356833384e-10,2.4671831128552513e-10,0.0,2.0339259455666783e-10,0.0,1.6403947947622489e-10,27.9685,27.9776,4.43031,1,1,0,0,0,0,0,0,0,0,0,0,0.0,0.0,0.0,0.0,0.0,0.0,0.0,0,0,0.0,0.0,0.0,0.0,1.0,28.004669999999997,27.9548,4.432331,1.4887301470837898e-08,2.0339259455666783e-10,2.2283059966749509e-10,0.0,0.0,0.0,0.0,0.0,0.0,0.0,0.0,0,0.0,0.0,0,0,0,0,0,0,0,0,0,0,0,0,0,0,0,0,0
2,118.97,11,sem_arma,0.0,0.0,1.4916077271118776e-08,3.7835903321862257e-10,2.3738912232295203e-10,0.0,2.0339259455666783e-10,0.0,1.7889110069922534e-10,27.9776,28.0016,4.43608,1,1,0,0,0,0,0,0,0,0,0,0,0.0,0.0,0.0,0.0,0.0,0.0,0.0,0,0,0.0,0.0,0.0,0.0,1.0,28.00645,27.9548,4.43306,1.4887301470837898e-08,2.0339259455666783e-10,2.6066650298935733e-10,0.0,0.0,0.0,0.0,0.0,0.0,0.0,0.0,0,0.0,0.0,0,0,0,0,0,0,0,0,0,0,0,0,0,0,0,0,0
2,119.961,11,sem_arma,0.0,0.0,1.5036489600249905e-08,1.204123291311285e-10,2.3419045248863536e-10,0.0,2.0644943118754e-10,0.0,1.9242225548838458e-10,27.9776,28.0808,4.43875,1,1,0,0,0,0,0,0,0,0,0,0,0.0,0.0,0.0,0.0,0.0,0.0,0.0,0,0,0.0,0.0,0.0,0.0,1.0,28.01001,27.9548,4.433775,1.4891839646773587e-08,2.0644943118754e-10,2.6520467892504647e-10,0.0,0.0,0.0,0.0,0.0,0.0,0.0,0.0,0,0.0,0.0,0,0,0,0,0,0,0,0,0,0,0,0,0,0,0,0,0
2,120.98,12,sem_arma,0.0,0.0,1.4623318149016348e-08,4.1317145123355726e-10,2.3837349284234557e-10,0.0,2.1916889379203053e-10,0.0,2.053476630276377e-10,27.9587,27.9587,4.43164,1,1,0,0,0,0,0,0,0,0,0,0,0.0,0.0,0.0,0.0,0.0,0.0,0.0,0,0,0.0,0.0,0.0,0.0,1.0,28.010399999999997,27.9587,4.433929999999999,1.4855060677585923e-08,2.1916889379203053e-10,3.0652182404840223e-10,0.0,0.0,0.0,0.0,0.0,0.0,0.0,0.0,0,0.0,0.0,0,0,0,0,0,0,0,0,0,0,0,0,0,0,0,0,0
2,121.979,12,sem_arma,0.0,0.0,1.4916077271118776e-08,2.9275912210242877e-10,2.1372131924494165e-10,0.0,2.1086958538179196e-10,0.0,2.1396263318299413e-10,27.9587,28.0213,4.43617,1,1,0,0,0,0,0,0,0,0,0,0,0.0,0.0,0.0,0.0,0.0,0.0,0.0,0,0,0.0,0.0,0.0,0.0,1.0,28.0094,27.9587,4.433765,1.4878573705796553e-08,2.1086958538179196e-10,3.047816510705909e-10,0.0,0.0,0.0,0.0,0.0,0.0,0.0,0.0,0,0.0,0.0,0,0,0,0,0,0,0,0,0,0,0,0,0,0,0,0,0
2,122.967,12,sem_arma,0.0,0.0,1.5082146957335685e-08,1.6606968621690817e-10,1.7873044847430982e-10,0.0,2.0728634990893138e-10,0.0,2.1580984982894826e-10,27.9587,27.9901,4.42936,1,1,0,0,0,0,0,0,0,0,0,0,0.0,0.0,0.0,0.0,0.0,0.0,0.0,0,0,0.0,0.0,0.0,0.0,1.0,28.00226,27.9587,4.432941,1.4875514446778838e-08,2.0728634990893138e-10,2.7820936384224516e-10,0.0,0.0,0.0,0.0,0.0,0.0,0.0,0.0,0,0.0,0.0,0,0,0,0,0,0,0,0,0,0,0,0,0,0,0,0,0
2,123.964,12,sem_arma,0.0,0.0,1.4945999191421922e-08,1.361477659137625e-10,1.792830716591988e-10,0.0,1.9963479614801605e-10,0.0,2.1463781040014664e-10,27.9587,28.0187,4.42992,1,1,0,0,0,0,0,0,0,0,0,0,0.0,0.0,0.0,0.0,0.0,0.0,0.0,0,0,0.0,0.0,0.0,0.0,1.0,28.00728,27.9587,4.432758,1.4899121158236166e-08,1.9963479614801605e-10,2.515433933672004e-10,0.0,0.0,0.0,0.0,0.0,0.0,0.0,0.0,0,0.0,0.0,0,0,0,0,0,0,0,0,0,0,0,0,0,0,0,0,0
2,124.969,12,sem_arma,0.0,0.0,1.4827026063530008e-08,1.189731278919138e-10,1.697106092483794e-10,0.0,1.9498610833435555e-10,0.0,2.1247584725842868e-10,27.9587,28.0216,4.43036,1,1,0,0,0,0,0,0,0,0,0,0,0.0,0.0,0.0,0.0,0.0,0.0,0.0,0,0,0.0,0.0,0.0,0.0,1.0,28.0083,27.9587,4.432235,1.4906461270148803e-08,1.9498610833435555e-10,2.590714194008924e-10,0.0,0.0,0.0,0.0,0.0,0.0,0.0,0.0,0,0.0,0.0,0,0,0,0,0,0,0,0,0,0,0,0,0,0,0,0,0
2,125.974,12,sem_arma,0.0,0.0,1.4827026063530008e-08,0.0,1.0520300911508028e-10,0.0,1.7960041714719008e-10,0.0,2.0062510783755814e-10,27.9738,27.9738,4.43435,1,1,0,0,0,0,0,0,0,0,0,0,0.0,0.0,0.0,0.0,0.0,0.0,0.0,0,0,0.0,0.0,0.0,0.0,1.0,28.007659999999998,27.9587,4.432745,1.4876355633471587e-08,1.7960041714719008e-10,2.2162567081103558e-10,0.0,0.0,0.0,0.0,0.0,0.0,0.0,0.0,0,0.0,0.0,0,0,0,0,0,0,0,0,0,0,0,0,0,0,0,0,0
2,126.979,12,sem_arma,0.0,0.0,1.4827026063530008e-08,0.0,1.1319453189379361e-10,0.0,1.6896924242376124e-10,0.0,1.9165143685751618e-10,27.9738,28.0999,4.43942,1,1,0,0,0,0,0,0,0,0,0,0,0.0,0.0,0.0,0.0,0.0,0.0,0.0,0,0,0.0,0.0,0.0,0.0,1.0,28.014409999999998,27.9587,4.433636,1.4853890442466238e-08,1.6896924242376124e-10,2.1398522513916598e-10,0.0,0.0,0.0,0.0,0.0,0.0,0.0,0.0,0,0.0,0.0,0,0,0,0,0,0,0,0,0,0,0,0,0,0,0,0,0
2,127.984,12,sem_arma,0.0,0.0,1.4827026063530008e-08,0.0,5.3206400292427293e-11,0.0,1.2881612579781478e-10,0.0,1.7230024575820638e-10,27.9599,27.9599,4.43215,1,1,0,0,0,0,0,0,0,0,0,0,0.0,0.0,0.0,0.0,0.0,0.0,0.0,0,0,0.0,0.0,0.0,0.0,1.0,28.012639999999998,27.9587,4.43382,1.4882821225029224e-08,1.2881612579781478e-10,1.6258925157083216e-10,0.0,0.0,0.0,0.0,0.0,0.0,0.0,0.0,0,0.0,0.0,0,0,0,0,0,0,0,0,0,0,0,0,0,0,0,0,0
2,128.965,12,sem_arma,0.0,0.0,1.5189766762331963e-08,3.6274069880195435e-10,1.62222572145391e-10,0.0,1.6157603252889953e-10,0.0,1.6478359074045025e-10,27.9599,28.0264,4.43624,1,1,0,0,0,0,0,0,0,0,0,0,0.0,0.0,0.0,0.0,0.0,0.0,0.0,0,0,0.0,0.0,0.0,0.0,1.0,28.015120000000003,27.9587,4.4338359999999994,1.4910190174150543e-08,1.6157603252889953e-10,1.6102741812916535e-10,0.0,0.0,0.0,0.0,0.0,0.0,0.0,0.0,0,0.0,0.0,0,0,0,0,0,0,0,0,0,0,0,0,0,0,0,0,0
2,129.976,12,sem_arma,0.0,0.0,1.4739031843568406e-08,4.5073491876355663e-10,1.7622902129540785e-10,0.0,1.631144357679981e-10,0.0,1.5898744762112754e-10,27.9599,27.9977,4.43039,1,1,0,0,0,0,0,0,0,0,0,0,0.0,0.0,0.0,0.0,0.0,0.0,0.0,0,0,0.0,0.0,0.0,0.0,1.0,28.00681,27.9587,4.433,1.4880444398482393e-08,1.631144357679981e-10,1.9405967709240816e-10,0.0,0.0,0.0,0.0,0.0,0.0,0.0,0.0,0,0.0,0.0,0,0,0,0,0,0,0,0,0,0,0,0,0,0,0,0,0
2,130.978,13,AugShort,0.0,0.0,1.4871418357133389e-08,1.3238651356498275e-10,1.7387104548340825e-10,0.0,1.3632845969229964e-10,0.0,1.525372028852338e-10,27.9599,28.0133,4.42945,1,1,0,0,0,0,0,0,0,0,0,0,0.0,0.0,0.0,0.0,0.0,0.0,0.0,0,0,0.0,0.0,0.0,0.0,1.0,28.01227,27.9599,4.432781,1.4905254419294095e-08,1.3632845969229964e-10,1.659811833255507e-10,0.0,0.0,0.0,0.0,0.0,0.0,0.0,0.0,0,0.0,0.0,0,0,0,0,0,0,0,0,0,0,0,0,0,0,0,0,0
2,131.965,13,AugShort,0.0,0.0,1.5097427754658214e-08,2.2600939752482533e-10,1.9032863419137806e-10,0.0,1.493666931142087e-10,0.0,1.5019793437987744e-10,27.9599,28.0602,4.43179,1,1,0,0,0,0,0,0,0,0,0,0,0.0,0.0,0.0,0.0,0.0,0.0,0.0,0,0,0.0,0.0,0.0,0.0,1.0,28.016160000000003,27.9599,4.432343,1.4923389467648037e-08,1.493666931142087e-10,1.5930621086779036e-10,0.0,0.0,0.0,0.0,0.0,0.0,0.0,0.0,0,0.0,0.0,0,0,0,0,0,0,0,0,0,0,0,0,0,0,0,0,0
2,132.98,13,AugShort,0.0,0.0,0.3789994838435882,0.3789994687461605,0.16949371516555906,0.0,0.1198501553837806,0.0,0.016949371648880794,27.9977,44.9554,4.43262,1,1,0,1,0,0,0,0,0,0,0,0,0.0,0.0,0.0,0.0,0.0,0.0,0.0,0,0,0.0,0.0,0.0,0.0,1.0,29.71269,27.9599,4.432669000000001,0.037899961799533595,0.1198501553837806,0.03789994701731529,0.0,0.0,0.0,0.0,0.0,0.0,0.0,0.0,0,0.0,0.0,0,0,0,0,0,0,0,0,0,0,0,0,0,0,0,0,0
2,133.981,13,AugShort,0.0,0.0,0.0,0.3789994838435882,0.16949371686382672,0.0,0.11985015590892958,0.0,0.03389874331733516,27.9977,45.1724,4.43999,1,1,0,1,1,0,0,0,0,0,0,0,0.0,0.0,0.0,0.0,0.0,0.0,0.0,0,0,0.0,0.0,0.0,0.0,1.0,31.42806,27.9599,4.433676,0.03789996030493367,0.11985015590892958,0.07579989538805934,0.0,0.0,0.0,0.0,0.0,0.0,0.0,0.0,0,0.0,0.0,0,0,0,0,0,0,0,0,0,0,0,0,0,0,0,0,0
2,134.989,13,AugShort,0.0,0.0,0.0,0.0,0.16949371851170061,0.0,0.11985015642989826,0.0,0.05084811515153416,28.0133,44.989,4.43327,1,1,0,1,1,0,0,0,0,0,0,0,0.0,0.0,0.0,0.0,0.0,0.0,0.0,0,0,0.0,0.0,0.0,0.0,1.0,33.1248,27.9599,4.433967,0.037899958822231065,0.11985015642989826,0.07579989537616202,0.0,0.0,0.0,0.0,0.0,0.0,0.0,0.0,0,0.0,0.0,0,0,0,0,0,0,0,0,0,0,0,0,0,0,0,0,0
2,135.991,13,AugShort,0.0,0.0,0.0,0.0,0.16949372017437572,0.0,0.1198501569508669,0.0,0.06779748715845144,28.0602,45.0512,4.4357,1,1,0,1,1,0,0,0,0,0,0,0,0.0,0.0,0.0,0.0,0.0,0.0,0.0,0,0,0.0,0.0,0.0,0.0,1.0,34.83254,27.9599,4.434102,0.03789995733952846,0.1198501569508669,0.07579989537616202,0.0,0.0,0.0,0.0,0.0,0.0,0.0,0.0,0,0.0,0.0,0,0,0,0,0,0,0,0,0,0,0,0,0,0,0,0,0
2,136.986,13,AugShort,0.0,0.0,0.0,0.0,0.1694937218623193,0.0,0.11985015747183551,0.0,0.08474685933336391,44.9554,45.0151,4.43039,1,1,0,0,0,0,0,0,0,0,0,0,0.0,0.0,0.0,0.0,0.0,0.0,0.0,0,0,0.0,0.0,0.0,0.0,1.0,36.524060000000006,27.9599,4.433199,0.03789995585682586,0.11985015747183551,0.07579989537616202,0.0,0.0,0.0,0.0,0.0,0.0,0.0,0.0,0,0.0,0.0,0,0,0,0,0,0,0,0,0,0,0,0,0,0,0,0,0
2,137.989,13,AugShort,0.0,0.0,0.0,0.0,0.0,0.0,0.11985015799280412,0.0,0.08474685932804327,44.989,45.016,4.42847,1,1,0,0,0,0,0,0,0,0,0,0,0.0,0.0,0.0,0.0,0.0,0.0,0.0,0,0,0.0,0.0,0.0,0.0,1.0,38.22967,27.9977,4.432831,0.03789995437412325,0.11985015799280412,0.07579989537616202,0.0,0.0,0.0,0.0,0.0,0.0,0.0,0.0,0,0.0,0.0,0,0,0,0,0,0,0,0,0,0,0,0,0,0,0,0,0
2,138.99,13,AugShort,0.0,0.0,0.0,0.0,0.0,0.0,0.11985015852651809,0.0,0.08474685931182101,44.989,45.1145,4.43244,1,1,0,0,0,0,0,0,0,0,0,0,0.0,0.0,0.0,0.0,0.0,0.0,0.0,0,0,0.0,0.0,0.0,0.0,1.0,39.93848,27.9977,4.432451,0.03789995285514657,0.11985015852651809,0.07579989533988796,0.0,0.0,0.0,0.0,0.0,0.0,0.0,0.0,0,0.0,0.0,0,0,0,0,0,0,0,0,0,0,0,0,0,0,0,0,0
2,139.979,13,AugShort,0.0,0.0,0.0,0.0,0.0,0.0,0.11985015904439483,0.0,0.0847468592941981,44.9321,44.9321,4.4314,1,1,0,0,0,0,0,0,0,0,0,0,0.0,0.0,0.0,0.0,0.0,0.0,0.0,0,0,0.0,0.0,0.0,0.0,1.0,41.631919999999994,28.0133,4.432551999999999,0.03789995138124339,0.11985015904439483,0.07579989529481446,0.0,0.0,0.0,0.0,0.0,0.0,0.0,0.0,0,0.0,0.0,0,0,0,0,0,0,0,0,0,0,0,0,0,0,0,0,0
2,140.98,14,AugShort,0.0706400380801887,0.07056946861157713,0.0,0.0,0.0,0.0,0.11985015956692313,0.0,0.084746859276811,44.3988,44.3988,4.48296,1,1,0,0,0,0,0,0,0,0,0,0,0.0,0.0,0.0,0.0,0.0,0.0,0.0,0,0,0.0,0.0,0.0,0.0,1.0,43.270469999999996,28.0602,4.437903,0.03789994989410155,0.11985015956692313,0.07579989528157581,0.0,0.0,0.0,0.0,0.0,0.0,0.0,0.0,0,0.0,0.0,0,0,0,0,0,0,0,0,0,0,0,0,0,0,0,0,0
2,141.991,14,AugShort,0.0,-0.06987145210701158,0.0,0.0,0.0,0.0,0.11985016009739258,0.0,0.08474685925777814,44.2573,44.2573,4.47723,1,1,0,0,0,0,0,0,0,0,0,0,0.0,0.0,0.0,0.0,0.0,0.0,0.0,0,0,0.0,0.0,0.0,0.0,1.0,44.89018,44.2573,4.442447,0.03789994838435878,0.11985016009739258,0.07579989525897488,0.0,0.0,0.0,0.0,0.0,0.0,0.0,0.0,0,0.0,0.0,0,0,0,0,0,0,0,0,0,0,0,0,0,0,0,0,0
2,142.976,14,AugShort,0.0,0.0,0.0,0.0,0.0,0.0,0.0,0.0,0.06779748774122224,44.2573,44.2671,4.47681,1,1,0,0,0,0,0,0,0,0,0,0,0.0,0.0,0.0,0.0,0.0,0.0,0.0,0,0,0.0,0.0,0.0,0.0,1.0,44.82135,44.2573,4.446866,0.0,0.0,0.037899948384358825,0.0,0.0,0.0,0.0,0.0,0.0,0.0,0.0,0,0.0,0.0,0,0,0,0,0,0,0,0,0,0,0,0,0,0,0,0,0
2,143.979,14,AugShort,0.0,0.0,0.0,0.0,0.0,0.0,0.0,0.0,0.05084811605483956,44.2573,44.2624,4.47457,1,1,0,0,0,0,0,0,0,0,0,0,0.0,0.0,0.0,0.0,0.0,0.0,0.0,0,0,0.0,0.0,0.0,0.0,1.0,44.73035,44.2573,4.450324,0.0,0.0,0.0,0.0,0.0,0.0,0.0,0.0,0.0,0.0,0.0,0,0.0,0.0,0,0,0,0,0,0,0,0,0,0,0,0,0,0,0,0,0
2,144.998,14,AugShort,0.0,0.0,0.0,0.0,0.0,0.0,0.0,0.0,0.033898744203669506,44.2346,44.2346,4.47112,1,1,0,0,0,0,0,0,0,0,0,0,0.0,0.0,0.0,0.0,0.0,0.0,0.0,0,0,0.0,0.0,0.0,0.0,1.0,44.65491,44.2346,4.454109000000001,0.0,0.0,0.0,0.0,0.0,0.0,0.0,0.0,0.0,0.0,0.0,0,0.0,0.0,0,0,0,0,0,0,0,0,0,0,0,0,0,0,0,0,0
2,145.992,14,AugShort,0.0,0.0,0.0,0.0,0.0,0.0,0.0,0.0,0.01694937218623193,44.2346,44.335,4.47494,1,1,0,0,0,0,0,0,0,0,0,0,0.0,0.0,0.0,0.0,0.0,0.0,0.0,0,0,0.0,0.0,0.0,0.0,1.0,44.58329,44.2346,4.4580329999999995,0.0,0.0,0.0,0.0,0.0,0.0,0.0,0.0,0.0,0.0,0.0,0,0.0,0.0,0,0,0,0,0,0,0,0,0,0,0,0,0,0,0,0,0
2,146.996,14,AugShort,0.0,0.0,0.0,0.0,0.0,0.0,0.0,0.0,0.0,44.1673,44.1673,4.47318,1,1,0,0,0,0,0,0,0,0,0,0,0.0,0.0,0.0,0.0,0.0,0.0,0.0,0,0,0.0,0.0,0.0,0.0,1.0,44.498509999999996,44.1673,4.462312,0.0,0.0,0.0,0.0,0.0,0.0,0.0,0.0,0.0,0.0,0.0,0,0.0,0.0,0,0,0,0,0,0,0,0,0,0,0,0,0,0,0,0,0
2,148.001,14,AugShort,0.0,0.0,0.0,0.0,0.0,0.0,0.0,0.0,0.0,44.1673,44.3736,4.48234,1,1,0,0,0,0,0,0,0,0,0,0,0.0,0.0,0.0,0.0,0.0,0.0,0.0,0,0,0.0,0.0,0.0,0.0,1.0,44.434270000000005,44.1673,4.467699,0.0,0.0,0.0,0.0,0.0,0.0,0.0,0.0,0.0,0.0,0.0,0,0.0,0.0,0,0,0,0,0,0,0,0,0,0,0,0,0,0,0,0,0
2,148.997,14,AugShort,0.0,0.0,0.05567367832829618,0.05567367832829618,0.024898025859905422,0.0,0.017605562923697145,0.0,0.0024898025859905423,41.5911,41.5911,4.47842,1,1,0,0,0,0,0,0,0,0,0,0,0.0,0.0,0.0,0.0,0.0,0.0,0.0,0,0,0.0,0.0,0.0,0.0,1.0,44.08193,41.5911,4.472296999999999,0.005567367832829574,0.017605562923697145,0.005567367832829618,0.0,0.0,0.0,0.0,0.0,0.0,0.0,0.0,0,0.0,0.0,0,0,0,0,0,0,0,0,0,0,0,0,0,0,0,0,0
2,149.99,14,AugShort,0.0,0.0,0.7695017206562721,0.7138280423279759,0.3387659843954591,0.0,0.24201492438888786,0.0,0.03636640102553645,22.205,22.205,4.4757,1,1,0,0,0,0,0,0,0,0,0,0,0.0,0.0,0.0,0.0,0.0,0.0,0.0,0,0,0.0,0.0,0.0,0.0,1.0,41.809219999999996,22.205,4.476727,0.08251753989845678,0.24201492438888786,0.07695017206562721,0.0,0.0,0.0,0.0,0.0,0.0,0.0,0.0,0,0.0,0.0,0,0,0,0,0,0,0,0,0,0,0,0,0,0,0,0,0
2,150.988,15,AugShort,0.0,0.0,0.0,0.7695017206562721,0.3387659843954591,0.0,0.24201492438888786,0.0,0.07024299946508236,22.2024,22.2024,4.47597,1,1,0,0,0,0,0,0,0,0,0,0,0.0,0.0,0.0,0.0,0.0,0.0,0.0,0,0,0.0,0.0,0.0,0.0,1.0,39.58958,22.2024,4.476028,0.08251753989845678,0.24201492438888786,0.15390034413125442,0.0,0.0,0.0,0.0,0.0,0.0,0.0,0.0,0,0.0,0.0,0,0,0,0,0,0,0,0,0,0,0,0,0,0,0,0,0
2,152.01,15,AugShort,0.0,0.0,0.0,0.0,0.3387659843954591,0.0,0.24201492438888786,0.0,0.10411959790462826,22.2024,22.2371,4.47155,1,1,0,0,0,0,0,0,0,0,0,0,0.0,0.0,0.0,0.0,0.0,0.0,0.0,0,0,0.0,0.0,0.0,0.0,1.0,37.38755999999999,22.2024,4.47546,0.08251753989845678,0.24201492438888786,0.15390034413125442,0.0,0.0,0.0,0.0,0.0,0.0,0.0,0.0,0,0.0,0.0,0,0,0,0,0,0,0,0,0,0,0,0,0,0,0,0,0
2,152.993,15,AugShort,0.0,0.0,0.0,0.0,0.3387659843954591,0.0,0.24201492438888786,0.0,0.13799619634417418,22.1931,22.1931,4.47479,1,1,0,0,0,0,0,0,0,0,0,0,0.0,0.0,0.0,0.0,0.0,0.0,0.0,0,0,0.0,0.0,0.0,0.0,1.0,35.18016,22.1931,4.475257999999999,0.08251753989845678,0.24201492438888786,0.15390034413125442,0.0,0.0,0.0,0.0,0.0,0.0,0.0,0.0,0,0.0,0.0,0,0,0,0,0,0,0,0,0,0,0,0,0,0,0,0,0
2,153.991,15,AugShort,0.0,0.0,0.0,0.0,0.34413163123809565,0.0,0.24201492438888786,0.0,0.17240935946798372,22.1931,22.2261,4.47279,1,1,0,0,0,0,0,0,0,0,0,0,0.0,0.0,0.0,0.0,0.0,0.0,0.0,0,0,0.0,0.0,0.0,0.0,1.0,32.97653,22.1931,4.47508,0.08251753989845678,0.24201492438888786,0.15390034413125442,0.0,0.0,0.0,0.0,0.0,0.0,0.0,0.0,0,0.0,0.0,0,0,0,0,0,0,0,0,0,0,0,0,0,0,0,0,0
2,154.998,15,AugShort,0.0,0.0,0.0,0.0,0.0,0.0,0.24201492438888786,0.0,0.17240935946798372,22.1678,22.1678,4.4811,1,1,0,0,0,0,0,0,0,0,0,0,0.0,0.0,0.0,0.0,0.0,0.0,0.0,0,0,0.0,0.0,0.0,0.0,1.0,30.769849999999998,22.1678,4.476077999999999,0.08251753989845678,0.24201492438888786,0.15390034413125442,0.0,0.0,0.0,0.0,0.0,0.0,0.0,0.0,0,0.0,0.0,0,0,0,0,0,0,0,0,0,0,0,0,0,0,0,0,0
2,156.01,15,AugShort,0.0,0.0,0.0,0.0,0.0,0.0,0.24201492438888786,0.0,0.17240935946798372,22.1678,22.1725,4.47964,1,1,0,0,0,0,0,0,0,0,0,0,0.0,0.0,0.0,0.0,0.0,0.0,0.0,0,0,0.0,0.0,0.0,0.0,1.0,28.5536,22.1678,4.476547999999999,0.08251753989845678,0.24201492438888786,0.15390034413125442,0.0,0.0,0.0,0.0,0.0,0.0,0.0,0.0,0,0.0,0.0,0,0,0,0,0,0,0,0,0,0,0,0,0,0,0,0,0
2,157.012,15,AugShort,0.0,0.0,0.0,0.0,0.0,0.0,0.24201492438888786,0.0,0.17240935946798372,22.1678,22.2142,4.47455,1,1,0,0,0,0,0,0,0,0,0,0,0.0,0.0,0.0,0.0,0.0,0.0,0.0,0,0,0.0,0.0,0.0,0.0,1.0,26.35829,22.1678,4.476685,0.08251753989845678,0.24201492438888786,0.15390034413125442,0.0,0.0,0.0,0.0,0.0,0.0,0.0,0.0,0,0.0,0.0,0,0,0,0,0,0,0,0,0,0,0,0,0,0,0,0,0
2,158.013,15,AugShort,0.0,0.0,0.0,0.0,0.0,0.0,0.24201492438888786,0.0,0.17240935946798372,22.1678,22.1913,4.47779,1,1,0,0,0,0,0,0,0,0,0,0,0.0,0.0,0.0,0.0,0.0,0.0,0.0,0,0,0.0,0.0,0.0,0.0,1.0,24.14006,22.1678,4.476229999999999,0.08251753989845678,0.24201492438888786,0.15390034413125442,0.0,0.0,0.0,0.0,0.0,0.0,0.0,0.0,0,0.0,0.0,0,0,0,0,0,0,0,0,0,0,0,0,0,0,0,0,0
2,159.013,15,AugShort,0.0,0.0,0.0,0.0,0.0,0.0,0.24333781006924582,0.0,0.1699195568819932,22.1678,22.2386,4.47198,1,1,0,0,0,0,0,0,0,0,0,0,0.0,0.0,0.0,0.0,0.0,0.0,0.0,0,0,0.0,0.0,0.0,0.0,1.0,22.204810000000002,22.1678,4.475586,0.07695017206562717,0.24333781006924582,0.1483329762984248,0.0,0.0,0.0,0.0,0.0,0.0,0.0,0.0,0,0.0,0.0,0,0,0,0,0,0,0,0,0,0,0,0,0,0,0,0,0
2,160.005,16,AugShort,0.0,0.0,0.0,0.0,0.0,0.0,0.0,0.0,0.13604295844244726,22.1725,22.2021,4.47368,1,1,0,0,0,0,0,0,0,0,0,0,0.0,0.0,0.0,0.0,0.0,0.0,0.0,0,0,0.0,0.0,0.0,0.0,1.0,22.20452,22.1678,4.475384,0.0,0.0,0.07695017206562721,0.0,0.0,0.0,0.0,0.0,0.0,0.0,0.0,0,0.0,0.0,0,0,0,0,0,0,0,0,0,0,0,0,0,0,0,0,0
2,161.008,16,AugShort,0.0,0.0,0.0,0.0,0.0,0.0,0.0,0.0,0.10216636000290139,22.1913,22.2168,4.47298,1,1,0,0,0,0,0,0,0,0,0,0,0.0,0.0,0.0,0.0,0.0,0.0,0.0,0,0,0.0,0.0,0.0,0.0,1.0,22.20596,22.1678,4.475085,0.0,0.0,0.0,0.0,0.0,0.0,0.0,0.0,0.0,0.0,0.0,0,0.0,0.0,0,0,0,0,0,0,0,0,0,0,0,0,0,0,0,0,0
2,162.021,16,AugShort,0.0,0.0,0.0,0.0,0.0,0.0,0.0,0.0,0.06828976156335548,22.1868,22.1868,4.47938,1,1,0,0,0,0,0,0,0,0,0,0,0.0,0.0,0.0,0.0,0.0,0.0,0.0,0,0,0.0,0.0,0.0,0.0,1.0,22.20093,22.1678,4.475868,0.0,0.0,0.0,0.0,0.0,0.0,0.0,0.0,0.0,0.0,0.0,0,0.0,0.0,0,0,0,0,0,0,0,0,0,0,0,0,0,0,0,0,0
2,163.007,16,AugShort,0.0,0.0,0.0,0.0,0.0,0.0,0.0,0.0,0.03441316312380956,22.1594,22.1594,4.4808,1,1,0,0,0,0,0,0,0,0,0,0,0.0,0.0,0.0,0.0,0.0,0.0,0.0,0,0,0.0,0.0,0.0,0.0,1.0,22.197560000000003,22.1594,4.476469,0.0,0.0,0.0,0.0,0.0,0.0,0.0,0.0,0.0,0.0,0.0,0,0.0,0.0,0,0,0,0,0,0,0,0,0,0,0,0,0,0,0,0,0
2,164.001,16,AugShort,0.5958588690973435,0.5994556027136253,0.35879924683418973,0.35879924683418973,0.16045990123939488,0.9999999998574686,0.11346228427489982,0.049999999992873426,0.016045990123939487,21.8878,21.8878,5.0178,1,1,0,0,0,0,0,0,0,0,0,0,0.0,0.0,0.0,0.0,0.0,0.0,0.0,0,0,0.0,0.0,0.0,0.0,1.0,22.16373,21.8878,4.53097,0.035879924683418926,0.11346228427489982,0.035879924683418975,0.0,0.0,0.0,0.0,0.0,0.0,0.0,0.0,0,0.0,0.0,0,0,0,0,0,0,0,0,0,0,0,0,0,0,0,0,0
2,165.018,16,AugShort,0.486502138814873,-0.10752874167401236,0.04979063709733402,0.30900860973685573,0.1563864351703058,0.09199154783781188,0.11280338733400135,0.05459957738476402,0.031684633640970065,21.8878,26.0518,4.57104,1,1,0,0,0,0,0,0,0,0,0,0,0.0,0.0,0.0,0.0,0.0,0.0,0.0,0,0,0.0,0.0,0.0,0.0,1.0,22.55213,21.8878,4.5399639999999994,0.04085898839315233,0.11280338733400135,0.06678078565710455,0.0,0.0,0.0,0.0,0.0,0.0,0.0,0.0,0,0.0,0.0,0,0,0,0,0,0,0,0,0,0,0,0,0,0,0,0,0
2,166.012,16,AugShort,0.0,-0.4894387714435342,1.4991107840893013e-08,0.04979062210622618,0.15638643321194712,0.09199154783781188,0.11280338673066899,0.05919915477665462,0.047323276962164776,21.8878,26.0239,4.56428,1,1,0,0,0,0,0,0,0,0,0,0,0.0,0.0,0.0,0.0,0.0,0.0,0.0,0,0,0.0,0.0,0.0,0.0,1.0,22.93727,21.8878,4.548428,0.040858989892263116,0.11280338673066899,0.07175984786772717,0.0,0.0,0.0,0.0,0.0,0.0,0.0,0.0,0,0.0,0.0,0,0,0,0,0,0,0,0,0,0,0,0,0,0,0,0,0
2,167.018,16,AugShort,0.0,0.0,1.4812287469033456e-08,1.7882037185955723e-10,0.1563864312769485,0.09199154783781188,0.1128033861345334,0.06379873216854522,0.06296192008985964,21.8878,26.0558,4.56484,1,1,0,0,0,0,0,0,0,0,0,0,0.0,0.0,0.0,0.0,0.0,0.0,0.0,0,0,0.0,0.0,0.0,0.0,1.0,23.32143,21.8878,4.557457,0.04085899137349186,0.1128033861345334,0.07175984788560921,0.0,0.0,0.0,0.0,0.0,0.0,0.0,0.0,0,0.0,0.0,0,0,0,0,0,0,0,0,0,0,0,0,0,0,0,0,0
2,168.024,16,AugShort,0.0,0.0,1.4812287469033456e-08,0.0,0.1563864293419498,0.09199154783781188,0.1128033855383978,0.0683983095604358,0.0786005630240546,21.8878,26.042,4.56508,1,1,0,0,0,0,0,0,0,0,0,0,0.0,0.0,0.0,0.0,0.0,0.0,0.0,0,0,0.0,0.0,0.0,0.0,1.0,23.7065,21.8878,4.566186,0.04085899285472061,0.1128033855383978,0.07175984788560921,0.0,0.0,0.0,0.0,0.0,0.0,0.0,0.0,0,0.0,0.0,0,0,0,0,0,0,0,0,0,0,0,0,0,0,0,0,0
2,169.029,16,AugShort,0.0,0.0,1.4827026063530008e-08,1.4738594496552174e-11,0.022267043192635623,0.09199154783781188,0.11280338494166901,0.0729978869523264,0.08082726734331817,26.0197,26.0197,4.56988,1,1,0,0,0,0,0,0,0,0,0,0,0.0,0.0,0.0,0.0,0.0,0.0,0.0,0,0,0.0,0.0,0.0,0.0,1.0,24.08461,21.8878,4.575976,0.04085899433742322,0.11280338494166901,0.07175984788708306,0.0,0.0,0.0,0.0,0.0,0.0,0.0,0.0,0,0.0,0.0,0,0,0,0,0,0,0,0,0,0,0,0,0,0,0,0,0
2,170.007,17,AugShort,0.0,0.0,1.5236361138903534e-08,4.0933507537352606e-10,1.8421347288571105e-10,0.09199154783781188,0.11280338432846608,0.077597464344217,0.08082726736173952,26.0197,26.1241,4.57415,1,1,0,0,0,0,0,0,0,0,0,0,0.0,0.0,0.0,0.0,0.0,0.0,0.0,0,0,0.0,0.0,0.0,0.0,1.0,24.47681,21.8878,4.586023,0.04085899586105933,0.11280338432846608,0.07175984792801657,0.0,0.0,0.0,0.0,0.0,0.0,0.0,0.0,0,0.0,0.0,0,0,0,0,0,0,0,0,0,0,0,0,0,0,0,0,0
2,171.024,17,AugShort,0.0,0.0,1.4652075903488355e-08,5.842852354151791e-10,2.180594984760191e-10,0.09199154783781188,0.11280338373877828,0.08219704173610759,0.08082726738354547,25.997,25.997,4.56712,1,1,0,0,0,0,0,0,0,0,0,0,0.0,0.0,0.0,0.0,0.0,0.0,0.0,0,0,0.0,0.0,0.0,0.0,1.0,24.85483,21.8878,4.595437,0.040858997326266924,0.11280338373877828,0.0717598479864451,0.0,0.0,0.0,0.0,0.0,0.0,0.0,0.0,0,0.0,0.0,0,0,0,0,0,0,0,0,0,0,0,0,0,0,0,0,0
2,172.014,17,AugShort,0.0,0.0,1.5051677973583492e-08,3.99602070095137e-10,2.2878389677481593e-10,0.09199154783781188,0.11280338313300807,0.08679661912799819,0.08082726740642386,25.997,26.0585,4.57111,1,1,0,0,0,0,0,0,0,0,0,0,0.0,0.0,0.0,0.0,0.0,0.0,0.0,0,0,0.0,0.0,0.0,0.0,1.0,25.241999999999997,21.8878,4.60461,0.04085899883143472,0.11280338313300807,0.07175984802640531,0.0,0.0,0.0,0.0,0.0,0.0,0.0,0.0,0,0.0,0.0,0,0,0,0,0,0,0,0,0,0,0,0,0,0,0,0,0
2,173.034,17,AugShort,0.0,0.0,1.460898156259574e-08,4.426964109877513e-10,2.667204470129417e-10,0.09199154783781188,0.1128033825450546,0.09139619651988877,0.0808272674330959,25.997,26.0349,4.56485,1,1,0,0,0,0,0,0,0,0,0,0,0.0,0.0,0.0,0.0,0.0,0.0,0.0,0,0,0.0,0.0,0.0,0.0,1.0,25.629550000000002,21.8878,4.613015,0.04085900029233287,0.1128033825450546,0.07175984807067494,0.0,0.0,0.0,0.0,0.0,0.0,0.0,0.0,0,0.0,0.0,0,0,0,0,0,0,0,0,0,0,0,0,0,0,0,0,0
2,174.032,17,AugShort,0.0,0.0,1.493102324032831e-08,3.2204167773257045e-10,2.660763560970604e-10,0.09199154783781188,0.01574517723227639,0.09599577391177937,0.06478127733576404,25.997,26.0506,4.56436,1,1,0,0,0,0,0,0,0,0,0,0,0.0,0.0,0.0,0.0,0.0,0.0,0.0,0,0,0.0,0.0,0.0,0.0,1.0,26.045830000000002,25.997,4.567671,0.004979077102016224,0.01574517723227639,0.035879923419460134,0.0,0.0,0.0,0.0,0.0,0.0,0.0,0.0,0,0.0,0.0,0,0,0,0,0,0,0,0,0,0,0,0,0,0,0,0,0
2,175.024,17,AugShort,0.0,0.0,1.502133184863675e-08,9.03086083084389e-11,2.0845362985397148e-10,0.09199154783781188,1.9052208279662053e-10,0.10059535130366996,0.049142633839578835,25.997,26.087,4.56609,1,1,0,0,0,0,0,0,0,0,0,0,0.0,0.0,0.0,0.0,0.0,0.0,0.0,0,0,0.0,0.0,0.0,0.0,1.0,26.049349999999997,25.997,4.567176000000001,1.489441600659369e-08,1.9052208279662053e-10,0.004979062454805423,0.0,0.0,0.0,0.0,0.0,0.0,0.0,0.0,0,0.0,0.0,0,0,0,0,0,0,0,0,0,0,0,0,0,0,0,0,0
2,176.035,17,AugShort,0.0,0.0,1.4739031843568406e-08,2.823000050683442e-10,1.9033818285790612e-10,0.09199154783781188,1.9296767004503569e-10,0.10519492869556055,0.03350399053741794,25.9975,25.9975,4.56819,1,1,0,0,0,0,0,0,0,0,0,0,0.0,0.0,0.0,0.0,0.0,0.0,0.0,0,0,0.0,0.0,0.0,0.0,1.0,26.04671,25.997,4.5675669999999995,1.486920840686123e-08,1.9296767004503569e-10,2.7241280493370564e-10,0.0,0.0,0.0,0.0,0.0,0.0,0.0,0.0,0,0.0,0.0,0,0,0,0,0,0,0,0,0,0,0,0,0,0,0,0,0
2,177.032,17,AugShort,0.0,0.0,1.4945999191421922e-08,2.069673478535161e-10,1.6995322353125993e-10,0.09199154783781188,1.9321767581534266e-10,0.10979450608745116,0.01786534742671841,25.9975,26.1357,4.57475,1,1,0,0,0,0,0,0,0,0,0,0,0.0,0.0,0.0,0.0,0.0,0.0,0.0,0,0,0.0,0.0,0.0,0.0,1.0,26.054700000000004,25.997,4.568558,1.4882579579100077e-08,1.9321767581534266e-10,2.752275025331015e-10,0.0,0.0,0.0,0.0,0.0,0.0,0.0,0.0,0,0.0,0.0,0,0,0,0,0,0,0,0,0,0,0,0,0,0,0,0,0
2,178.043,17,AugShort,0.0,0.0,1.4739031843568406e-08,2.069673478535161e-10,1.2900268947325367e-10,0.09199154783781188,1.9751961132060259e-10,0.11439408347934174,0.002226704505423702,25.9975,26.0043,4.56768,1,1,0,0,0,0,0,0,0,0,0,0,0.0,0.0,0.0,0.0,0.0,0.0,0.0,0,0,0.0,0.0,0.0,0.0,1.0,26.05093,25.997,4.568818,1.487525401655357e-08,1.9751961132060259e-10,2.9592423731845314e-10,0.0,0.0,0.0,0.0,0.0,0.0,0.0,0.0,0,0.0,0.0,0,0,0,0,0,0,0,0,0,0,0,0,0,0,0,0,0
2,179.032,17,AugShort,0.0,0.0,1.5066897061524426e-08,3.278652179560196e-10,1.5530876456800054e-10,0.09199154783781188,2.0541915470199162e-10,0.11899366087123234,2.01691016153094e-10,25.9975,26.0588,4.57112,1,1,0,0,0,0,0,0,0,0,0,0,0.0,0.0,0.0,0.0,0.0,0.0,0.0,0,0,0.0,0.0,0.0,0.0,1.0,26.054840000000002,25.997,4.568942000000001,1.4899241116353014e-08,2.0541915470199162e-10,3.272368996643999e-10,0.0,0.0,0.0,0.0,0.0,0.0,0.0,0.0,0,0.0,0.0,0,0,0,0,0,0,0,0,0,0,0,0,0,0,0,0,0
2,180.042,18,AugShort,0.0,0.0,1.475362494440362e-08,3.132721171208056e-10,1.5014187472291423e-10,0.09199154783781188,1.7127756599632166e-10,0.12359323826312293,1.9828385633681429e-10,25.9975,26.0344,4.5653,1,1,0,0,0,0,0,0,0,0,0,0,0.0,0.0,0.0,0.0,0.0,0.0,0.0,0,0,0.0,0.0,0.0,0.0,1.0,26.04587,25.997,4.5680570000000005,1.4850967496903024e-08,1.7127756599632166e-10,3.1763060383912783e-10,0.0,0.0,0.0,0.0,0.0,0.0,0.0,0.0,0,0.0,0.0,0,0,0,0,0,0,0,0,0,0,0,0,0,0,0,0,0
2,181.043,18,AugShort,0.4300348302863416,0.42960522506128035,0.23669064914923132,0.2366906343956064,0.10585126957432373,0.29418387643318156,0.07484815051425997,0.13830243208478202,0.010585127133910278,20.7908,20.7908,4.58667,1,1,0,0,0,0,0,0,0,0,0,0,0.0,0.0,0.0,0.0,0.0,0.0,0.0,0,0,0.0,0.0,0.0,0.0,1.0,25.52525,20.7908,4.570012,0.023669078300683037,0.07484815051425997,0.02366906369876272,0.0,0.0,0.0,0.0,0.0,0.0,0.0,0.0,0,0.0,0.0,0,0,0,0,0,0,0,0,0,0,0,0,0,0,0,0,0
2,182.054,18,AugShort,1.079274170889131,0.6421754110808995,0.04764557204481518,0.18904507710441615,0.1026196149934583,0.41487317363811405,0.07469035971239767,0.15904609076668771,0.020847088610377717,20.7908,27.6488,3.59498,1,1,0,0,0,0,0,0,0,0,0,0,0.0,0.0,0.0,0.0,0.0,0.0,0.0,0,0,0.0,0.0,0.0,0.0,1.0,25.68428,20.7908,4.472399,0.02843363399999676,0.07469035971239767,0.042573571369244126,0.0,0.0,0.0,0.0,0.0,0.0,0.0,0.0,0,0.0,0.0,0,0,0,0,0,0,0,0,0,0,0,0,0,0,0,0,0
2,183.043,18,AugShort,0.9215091928197989,-0.15951969471115468,0.0044535409164268075,0.043192031128388375,0.1020202053175588,0.12334117301191314,0.07451505386212065,0.16521314941728338,0.031049109115461555,20.7908,22.2514,4.42101,1,1,0,0,0,0,0,0,0,0,0,0,0.0,0.0,0.0,0.0,0.0,0.0,0.0,0,0,0.0,0.0,0.0,0.0,1.0,25.30593,20.7908,4.4580150000000005,0.028878986630741288,0.07451505386212065,0.046892774437813325,0.0,0.0,0.0,0.0,0.0,0.0,0.0,0.0,0,0.0,0.0,0,0,0,0,0,0,0,0,0,0,0,0,0,0,0,0,0
2,184.037,18,AugShort,0.5860106994509451,-0.33752363517993345,0.031386284479031724,0.026932743562604916,0.09848217447692685,0.10072026052400698,0.07382127140986876,0.12024916245061028,0.04089732653654661,19.952,19.952,4.73805,1,1,0,0,0,0,0,0,0,0,0,0,0.0,0.0,0.0,0.0,0.0,0.0,0.0,0,0,0.0,0.0,0.0,0.0,1.0,24.696070000000002,19.952,4.475384,0.03201761358554213,0.07382127140986876,0.049586048761869644,0.0,0.0,0.0,0.0,0.0,0.0,0.0,0.0,0,0.0,0.0,0,0,0,0,0,0,0,0,0,0,0,0,0,0,0,0,0
2,185.055,18,AugShort,0.5937136832352222,0.007566781713435305,0.01664451341526177,0.014741771063769955,0.09602723403897077,0.12972099347332045,0.07320422169935402,0.12213563473238573,0.05050004991959832,19.952,23.2836,4.37859,1,1,0,0,0,0,0,0,0,0,0,0,0.0,0.0,0.0,0.0,0.0,0.0,0.0,0,0,0.0,0.0,0.0,0.0,1.0,24.41573,19.952,4.456633999999999,0.03368206342493513,0.07320422169935402,0.05106022585921578,0.0,0.0,0.0,0.0,0.0,0.0,0.0,0.0,0,0.0,0.0,0,0,0,0,0,0,0,0,0,0,0,0,0,0,0,0,0
2,186.058,18,AugShort,0.0,-0.5919378696263432,0.0,0.01664451341526177,0.019665155941499618,0.12972099347332045,0.07320422245286382,0.12402210701416116,0.05246656549471447,19.952,23.2708,4.37905,1,1,0,0,0,0,0,0,0,0,0,0,0.0,0.0,0.0,0.0,0.0,0.0,0.0,0,0,0.0,0.0,0.0,0.0,1.0,24.14306,19.952,4.4377200000000006,0.03368206195103194,0.07320422245286382,0.05272467717251196,0.0,0.0,0.0,0.0,0.0,0.0,0.0,0.0,0,0.0,0.0,0,0,0,0,0,0,0,0,0,0,0,0,0,0,0,0,0
2,187.044,18,AugShort,0.0,0.0,0.0,0.0,0.013518982421433538,0.12972099347332045,0.07320422321695445,0.12590857929593657,0.053818463719862486,19.952,23.3019,4.37555,1,1,0,0,0,0,0,0,0,0,0,0,0.0,0.0,0.0,0.0,0.0,0.0,0.0,0,0,0.0,0.0,0.0,0.0,1.0,23.85968,19.952,4.4178,0.033682060456432024,0.07320422321695445,0.052724677151815225,0.0,0.0,0.0,0.0,0.0,0.0,0.0,0.0,0,0.0,0.0,0,0,0,0,0,0,0,0,0,0,0,0,0,0,0,0,0
2,188.052,18,AugShort,0.4068669971111681,0.4036378939594921,0.05954163052634178,0.05954163052634178,0.02496487019144292,0.11319595662228013,0.07257903081822402,0.12696879973516,0.056314950726106504,19.952,20.4077,4.75577,1,1,0,0,0,0,0,0,0,0,0,0,0.0,0.0,0.0,0.0,0.0,0.0,0.0,0,0,0.0,0.0,0.0,0.0,1.0,23.30002,19.952,4.436609,0.03963622203516302,0.07257903081822402,0.05867884018375267,0.0,0.0,0.0,0.0,0.0,0.0,0.0,0.0,0,0.0,0.0,0,0,0,0,0,0,0,0,0,0,0,0,0,0,0,0,0
2,189.057,18,AugShort,0.0,-0.4048427831951922,0.0,0.05954163052634178,0.02579428176373625,0.11319595662228013,0.07257903173246841,0.1280290201743834,0.05889437888694926,20.3762,20.3762,4.75885,1,1,0,0,0,0,0,0,0,0,0,0,0.0,0.0,0.0,0.0,0.0,0.0,0.0,0,0,0.0,0.0,0.0,0.0,1.0,22.73176,19.952,4.455381999999999,0.03963622052847331,0.07257903173246841,0.06463300320360033,0.0,0.0,0.0,0.0,0.0,0.0,0.0,0.0,0,0.0,0.0,0,0,0,0,0,0,0,0,0,0,0,0,0,0,0,0,0
2,190.049,19,AugShort,0.0,0.0,0.0,0.0,0.0266278266696153,0.11319595662228013,0.07257903262770372,0.1290892406136068,0.06155716153889661,20.3762,20.3958,4.75881,1,1,0,1,0,0,0,0,0,0,0,0,0.0,0.0,0.0,0.0,0.0,0.0,0.0,0,0,0.0,0.0,0.0,0.0,1.0,22.167900000000003,19.952,4.474733,0.03963621905311081,0.07257903262770372,0.06463300317227312,0.0,0.0,0.0,0.0,0.0,0.0,0.0,0.0,0,0.0,0.0,0,0,0,0,0,0,0,0,0,0,0,0,0,0,0,0,0
2,191.064,19,AugShort,0.0,0.0,0.0,0.0,0.0266278266696153,0.11319595662228013,0.022479073961280415,0.13014946105283023,0.05363481724842576,20.3426,20.3426,4.76634,1,1,0,1,0,0,0,0,0,0,0,0,0.0,0.0,0.0,0.0,0.0,0.0,0.0,0,0,0.0,0.0,0.0,0.0,1.0,22.123079999999998,19.952,4.4927,0.015967154138187684,0.022479073961280415,0.040963939732712465,0.0,0.0,0.0,0.0,0.0,0.0,0.0,0.0,0,0.0,0.0,0,0,0,0,0,0,0,0,0,0,0,0,0,0,0,0,0
2,192.056,19,AugShort,0.0,0.0,0.0,0.0,0.0266278266696153,0.11319595662228013,0.019922618893186538,0.13120968149205364,0.04603563841604146,20.3426,20.3723,4.76216,1,1,0,0,0,0,0,0,0,0,0,0,0.0,0.0,0.0,0.0,0.0,0.0,0.0,0,0,0.0,0.0,0.0,0.0,1.0,21.395429999999998,19.952,4.609418,0.011202596933706165,0.019922618893186538,0.02205943202227086,0.0,0.0,0.0,0.0,0.0,0.0,0.0,0.0,0,0.0,0.0,0,0,0,0,0,0,0,0,0,0,0,0,0,0,0,0,0
2,193.048,19,AugShort,0.4745404152660488,0.4783673540988395,0.22347149081819379,0.22347149081819379,0.09993948890054029,0.06757506541091672,0.06975181718697814,0.1299888573707089,0.04582756677433961,20.3426,23.4406,4.85917,1,1,0,0,0,0,0,0,0,0,0,0,0.0,0.0,0.0,0.0,0.0,0.0,0.0,0,0,0.0,0.0,0.0,0.0,1.0,21.51435,19.952,4.653233999999999,0.033104391923882856,0.06975181718697814,0.0400873779912514,0.0,0.0,0.0,0.0,0.0,0.0,0.0,0.0,0,0.0,0.0,0,0,0,0,0,0,0,0,0,0,0,0,0,0,0,0,0
2,194.057,19,AugShort,0.0,-0.4703076464480167,0.0,0.22347149081819379,0.09993948890054029,0.06757506541091672,0.07053941608466438,0.1287680332493641,0.04597329821670096,20.3426,23.4547,4.85845,1,1,0,0,0,0,0,0,0,0,0,0,0.0,0.0,0.0,0.0,0.0,0.0,0.0,0,0,0.0,0.0,0.0,0.0,1.0,21.864620000000002,20.3426,4.665274,0.02996576347597969,0.07053941608466438,0.05974125271681028,0.0,0.0,0.0,0.0,0.0,0.0,0.0,0.0,0,0.0,0.0,0,0,0,0,0,0,0,0,0,0,0,0,0,0,0,0,0
2,195.052,19,AugShort,0.23655482001929706,0.23774353770783624,0.004873244556018713,0.004873244556018713,0.09941704090142822,0.02577334117111974,0.0708837902795848,0.1254571229160295,0.0463122789029467,20.3426,24.4533,4.63393,1,1,0,0,0,0,0,0,0,0,0,0,0.0,0.0,0.0,0.0,0.0,0.0,0.0,0,0,0.0,0.0,0.0,0.0,1.0,21.98159,20.3426,4.690808,0.028788636590055382,0.0708837902795848,0.05875440006603516,0.0,0.0,0.0,0.0,0.0,0.0,0.0,0.0,0,0.0,0.0,0,0,0,0,0,0,0,0,0,0,0,0,0,0,0,0,0
2,196.05,19,AugShort,0.0,-0.23702887777484677,2.1115655566580177e-08,0.004873223440363146,0.09941703847646773,0.02577334117111974,0.07088378932670947,0.12214621258269491,0.05428746715644352,20.3723,24.5075,4.6374,1,1,0,0,0,0,0,0,0,0,0,0,0.0,0.0,0.0,0.0,0.0,0.0,0.0,0,0,0.0,0.0,0.0,0.0,1.0,22.105259999999998,20.3426,4.7166429999999995,0.02878863870162094,0.07088378932670947,0.0575772710685453,0.0,0.0,0.0,0.0,0.0,0.0,0.0,0.0,0,0.0,0.0,0,0,0,0,0,0,0,0,0,0,0,0,0,0,0,0,0
2,197.054,19,AugShort,0.0,0.0,2.098946638988747e-08,1.261891766927086e-10,0.09941703606599872,0.02577334117111974,0.07088378837952852,0.1188353022493603,0.06287727252090003,23.4406,24.4078,4.63555,1,1,0,0,0,0,0,0,0,0,0,0,0.0,0.0,0.0,0.0,0.0,0.0,0.0,0,0,0.0,0.0,0.0,0.0,1.0,22.21585,20.3426,4.742643,0.028788640800567578,0.07088378837952852,0.057577271081164214,0.0,0.0,0.0,0.0,0.0,0.0,0.0,0.0,0,0.0,0.0,0,0,0,0,0,0,0,0,0,0,0,0,0,0,0,0,0
2,198.057,19,AugShort,0.0,0.0,2.1010393076218364e-08,2.0926686330895418e-11,0.0021793741631374107,0.02577334117111974,0.07051329348371028,0.1155243919160257,0.06059872291806948,23.4547,24.5057,4.64426,1,1,0,0,0,0,0,0,0,0,0,0,0.0,0.0,0.0,0.0,0.0,0.0,0.0,0,0,0.0,0.0,0.0,0.0,1.0,22.62565,20.3426,4.731492,0.02283447984897271,0.07051329348371028,0.051623108030622714,0.0,0.0,0.0,0.0,0.0,0.0,0.0,0.0,0,0.0,0.0,0,0,0,0,0,0,0,0,0,0,0,0,0,0,0,0,0
2,199.056,19,AugShort,0.0,0.0,2.1094518774221237e-08,8.412569800287299e-11,0.0021793718046794744,0.02577334117111974,0.07051329272470105,0.1122134815826911,0.05823723192216381,24.4078,24.4898,4.6416,1,1,0,0,0,0,0,0,0,0,0,0,0.0,0.0,0.0,0.0,0.0,0.0,0.0,0,0,0.0,0.0,0.0,0.0,1.0,23.03701,20.3426,4.719767,0.022834481958424586,0.07051329272470105,0.0456689449864011,0.0,0.0,0.0,0.0,0.0,0.0,0.0,0.0,0,0.0,0.0,0,0,0,0,0,0,0,0,0,0,0,0,0,0,0,0,0
2,200.06,20,AugShort,0.0,0.0,2.098946638988747e-08,1.050523843337684e-10,6.058026282199375e-11,0.02577334117111974,0.07051329196947166,0.10890257124935647,0.055574449261260296,24.4078,24.4428,4.63753,1,1,0,0,0,0,0,0,0,0,0,0,0.0,0.0,0.0,0.0,0.0,0.0,0.0,0,0,0.0,0.0,0.0,0.0,1.0,23.441709999999997,20.3426,4.707639,0.022834484057371224,0.07051329196947166,0.04566894499690634,0.0,0.0,0.0,0.0,0.0,0.0,0.0,0.0,0,0.0,0.0,0,0,0,0,0,0,0,0,0,0,0,0,0,0,0,0,0
2,201.062,20,AugShort,0.0,0.0,2.1031361532382254e-08,4.18951424947853e-11,4.356828643313598e-11,0.12364056928228684,0.07051329121273475,0.10037540589181175,0.05291166659865559,24.4078,24.4671,4.63935,1,1,0,0,0,0,0,0,0,0,0,0,0.0,0.0,0.0,0.0,0.0,0.0,0.0,0,0,0.0,0.0,0.0,0.0,1.0,23.85416,20.3723,4.69494,0.02283448616050738,0.07051329121273475,0.04566894500109585,0.0,0.0,0.0,0.0,0.0,0.0,0.0,0.0,0,0.0,0.0,0,0,0,0,0,0,0,0,0,0,0,0,0,0,0,0,0
2,202.062,20,AugShort,0.0,0.0,2.1073424255447017e-08,4.2062723064763185e-11,4.357228658961236e-11,0.39790320039474686,0.0705132904544843,0.09952690722964339,0.0502488839360513,24.4428,24.4484,4.63389,1,1,0,0,0,0,0,0,0,0,0,0,0.0,0.0,0.0,0.0,0.0,0.0,0.0,0,0,0.0,0.0,0.0,0.0,1.0,24.261770000000002,23.4406,4.682112999999999,0.022834488267849805,0.0705132904544843,0.04566894500530212,0.0,0.0,0.0,0.0,0.0,0.0,0.0,0.0,0,0.0,0.0,0,0,0,0,0,0,0,0,0,0,0,0,0,0,0,0,0
2,203.079,20,AugShort,0.0,0.0,2.0721164459633254e-08,3.5225979581376353e-10,1.5128314114388744e-10,0.2508557751069115,0.0015410493354044979,0.10590263733439331,0.04025493506112558,24.4428,24.4951,4.63674,1,1,0,0,0,0,0,0,0,0,0,0,0.0,0.0,0.0,0.0,0.0,0.0,0.0,0,0,0.0,0.0,0.0,0.0,1.0,24.36722,23.4547,4.65987,0.0004873412581468713,0.0015410493354044979,0.023321795958708723,0.0,0.0,0.0,0.0,0.0,0.0,0.0,0.0,0,0.0,0.0,0,0,0,0,0,0,0,0,0,0,0,0,0,0,0,0,0
2,204.075,20,AugShort,0.0,0.0,2.1158056481372508e-08,4.36892021739254e-10,1.6513327854548676e-10,0.06497785115578736,0.0015410485919720364,0.10411551686598233,0.030260986187584882,24.4227,24.4227,4.63524,1,1,0,0,0,0,0,0,0,0,0,0,0.0,0.0,0.0,0.0,0.0,0.0,0.0,0,0,0.0,0.0,0.0,0.0,1.0,24.464019999999998,24.4078,4.637549,0.00048734337395251945,0.0015410485919720364,0.0009746469205785488,0.0,0.0,0.0,0.0,0.0,0.0,0.0,0.0,0,0.0,0.0,0,0,0,0,0,0,0,0,0,0,0,0,0,0,0,0,0
2,205.084,20,AugShort,0.0,0.0,2.0885455159015875e-08,2.7260132235663276e-10,1.7235012164789202e-10,0.5290922588816006,1.26662569775653e-10,0.12408408013639634,0.02031928211467707,24.4227,24.4825,4.64301,1,1,0,0,0,0,0,0,0,0,0,0,0.0,0.0,0.0,0.0,0.0,0.0,0.0,0,0,0.0,0.0,0.0,0.0,1.0,24.46694,24.4078,4.638457000000001,2.100689616405564e-08,1.26662569775653e-10,0.00048732249223680974,0.0,0.0,0.0,0.0,0.0,0.0,0.0,0.0,0,0.0,0.0,0,0,0,0,0,0,0,0,0,0,0,0,0,0,0,0,0
2,206.073,20,AugShort,0.0,0.0,2.1307810167287178e-08,4.223550082713026e-10,2.3007165987724613e-10,0.5290922588816006,1.5614058224662706e-10,0.14405264340681034,0.010377578290037465,24.4227,24.5097,4.64283,1,1,0,0,0,0,0,0,0,0,0,0,0.0,0.0,0.0,0.0,0.0,0.0,0.0,0,0,0.0,0.0,0.0,0.0,1.0,24.46716,24.4078,4.639,2.1026111624126342e-08,1.5614058224662706e-10,1.9043599591007467e-10,0.0,0.0,0.0,0.0,0.0,0.0,0.0,0.0,0,0.0,0.0,0,0,0,0,0,0,0,0,0,0,0,0,0,0,0,0,0
2,207.074,20,AugShort,0.0,0.0,2.1052371883563455e-08,2.55438283723723e-10,2.2925075363946324e-10,0.5290922588816006,1.5576690033206387e-10,0.16402120667722436,0.00043587470636266757,24.4227,24.428,4.63683,1,1,0,0,0,0,0,0,0,0,0,0,0.0,0.0,0.0,0.0,0.0,0.0,0.0,0,0,0.0,0.0,0.0,0.0,1.0,24.46918,24.4227,4.639128,2.103240217349394e-08,1.5576690033206387e-10,2.0336090661317612e-10,0.0,0.0,0.0,0.0,0.0,0.0,0.0,0.0,0,0.0,0.0,0,0,0,0,0,0,0,0,0,0,0,0,0,0,0,0,0
2,208.082,20,AugShort,0.0,0.0,2.0906174856594263e-08,1.461970269691916e-10,1.7691222351856243e-10,0.7453559923869806,1.608079412931993e-10,0.19562920846545936,0.00021793730774014885,24.4227,24.4685,4.6408,1,1,0,0,0,0,0,0,0,0,0,0,0.0,0.0,0.0,0.0,0.0,0.0,0.0,0,0,0.0,0.0,0.0,0.0,1.0,24.46546,24.4227,4.638782,2.102198035153153e-08,1.608079412931993e-10,2.1588794067700573e-10,0.0,0.0,0.0,0.0,0.0,0.0,0.0,0.0,0,0.0,0.0,0,0,0,0,0,0,0,0,0,0,0,0,0,0,0,0,0
2,209.068,20,AugShort,0.0,0.0,2.1372641232704885e-08,4.664663761106223e-10,2.2542450350128241e-10,0.7453559923869806,1.951349224887006e-10,0.22723721025369442,1.4981465177185624e-10,24.428,24.4473,4.63437,1,1,0,0,0,0,0,0,0,0,0,0,0.0,0.0,0.0,0.0,0.0,0.0,0.0,0,0,0.0,0.0,0.0,0.0,1.0,24.46121,24.4227,4.638059,2.1049792597379895e-08,1.951349224887006e-10,2.5412200848778067e-10,0.0,0.0,0.0,0.0,0.0,0.0,0.0,0.0,0,0.0,0.0,0,0,0,0,0,0,0,0,0,0,0,0,0,0,0,0,0
2,210.071,21,AugShort,0.0,0.0,2.1010393076218364e-08,3.6224815648652113e-10,2.0057466488463173e-10,0.7453559923869806,1.9452735261843628e-10,0.25884521204192945,1.6381409197812005e-10,24.428,24.483,4.63562,1,1,0,0,0,0,0,0,0,0,0,0,0.0,0.0,0.0,0.0,0.0,0.0,0.0,0,0,0.0,0.0,0.0,0.0,1.0,24.46523,24.4227,4.637868,2.1051885266012985e-08,1.9452735261843628e-10,2.798415857030559e-10,0.0,0.0,0.0,0.0,0.0,0.0,0.0,0.0,0,0.0,0.0,0,0,0,0,0,0,0,0,0,0,0,0,0,0,0,0,0
2,211.082,21,AugShort,0.0,0.0,2.084413872942336e-08,1.6625434679500317e-10,2.048840187206008e-10,0.7453559923869806,2.0542643909341976e-10,0.2904532138301644,1.7994566520686656e-10,24.428,24.4475,4.63506,1,1,0,0,0,0,0,0,0,0,0,0,0.0,0.0,0.0,0.0,0.0,0.0,0.0,0,0,0.0,0.0,0.0,0.0,1.0,24.46327,24.4227,4.637439,2.1033162985717095e-08,2.0542643909341976e-10,2.9227750613307774e-10,0.0,0.0,0.0,0.0,0.0,0.0,0.0,0.0,0,0.0,0.0,0,0,0,0,0,0,0,0,0,0,0,0,0,0,0,0,0
2,212.068,21,AugShort,0.0,0.0,2.1372641232704885e-08,5.285025032815243e-10,2.548145827845421e-10,0.7453559923869806,2.3201331396694552e-10,0.32206121561839945,2.010698948263595e-10,24.4473,24.4544,4.6407,1,1,0,0,0,0,0,0,0,0,0,0,0.0,0.0,0.0,0.0,0.0,0.0,0.0,0,0,0.0,0.0,0.0,0.0,1.0,24.46387,24.4227,4.63812,2.1063084683442882e-08,2.3201331396694552e-10,3.4092148415475386e-10,0.0,0.0,0.0,0.0,0.0,0.0,0.0,0.0,0,0.0,0.0,0,0,0,0,0,0,0,0,0,0,0,0,0,0,0,0,0
2,213.07,21,AugShort,0.0,0.0,2.1031361532382254e-08,3.4127970032263124e-10,2.3634228095496994e-10,1.0,1.997070826205413e-10,0.3686824623478536,2.0957580880746773e-10,24.4473,24.529,4.64403,1,1,0,0,0,0,0,0,0,0,0,0,0.0,0.0,0.0,0.0,0.0,0.0,0.0,0,0,0.0,0.0,0.0,0.0,1.0,24.46726,24.4227,4.638849,2.109410439071778e-08,1.997070826205413e-10,3.398234746056406e-10,0.0,0.0,0.0,0.0,0.0,0.0,0.0,0.0,0,0.0,0.0,0,0,0,0,0,0,0,0,0,0,0,0,0,0,0,0,0
2,214.069,21,AugShort,0.0,0.0,2.1094518774221237e-08,6.31572418389831e-11,1.925163963980859e-10,1.0,1.984531495436434e-10,0.41530370907730785,2.1231412059272766e-10,24.424,24.424,4.63678,1,1,0,0,0,0,0,0,0,0,0,0,0.0,0.0,0.0,0.0,0.0,0.0,0.0,0,0,0.0,0.0,0.0,0.0,1.0,24.46739,24.424,4.639003000000001,2.1087750620002653e-08,1.984531495436434e-10,3.024499966156135e-10,0.0,0.0,0.0,0.0,0.0,0.0,0.0,0.0,0,0.0,0.0,0,0,0,0,0,0,0,0,0,0,0,0,0,0,0,0,0
2,215.077,21,AugShort,0.0,0.0,2.0906174856594263e-08,1.883439176269742e-10,2.058463881072104e-10,0.0,1.962017796296452e-10,0.4140150420187518,2.156637472386595e-10,24.424,24.4763,4.64138,1,1,0,0,0,0,0,0,0,0,0,0,0.0,0.0,0.0,0.0,0.0,0.0,0.0,0,0,0.0,0.0,0.0,0.0,1.0,24.46677,24.424,4.63884,2.1089822589760495e-08,1.962017796296452e-10,2.9402425614264767e-10,0.0,0.0,0.0,0.0,0.0,0.0,0.0,0.0,0,0.0,0.0,0,0,0,0,0,0,0,0,0,0,0,0,0,0,0,0,0
2,294.173,29,AugShort,0.0,0.0,2.1201037842241533e-05,2.118013166738494e-05,9.471955631360677e-06,0.0,6.697695308330179e-06,0.4127263749601958,9.473882197173187e-07,24.424,24.464,4.64027,1,1,0,0,0,0,0,0,0,0,0,0,0.0,0.0,0.0,0.0,0.0,0.0,0.0,0,0,0.0,0.0,0.0,0.0,1.0,24.4622,24.424,4.638584,2.139062825797185e-06,6.697695308330179e-06,2.1182649554938093e-06,0.0,0.0,0.0,0.0,0.0,0.0,0.0,0.0,0,0.0,0.0,0,0,0,0,0,0,0,0,0,0,0,0,0,0,0,0,0
2,295.155,29,AugShort,0.0,0.0,0.0,2.1201037842241533e-05,9.474349532195498e-06,0.0,6.698438285307326e-06,0.4114377079016398,1.8948002478615047e-06,24.424,24.4444,4.63434,1,1,0,0,0,0,0,0,0,0,0,0,0.0,0.0,0.0,0.0,0.0,0.0,0.0,0,0,0.0,0.0,0.0,0.0,1.0,24.463839999999998,24.424,4.638335,2.136957588608829e-06,6.698438285307326e-06,4.23834319588959e-06,0.0,0.0,0.0,0.0,0.0,0.0,0.0,0.0,0,0.0,0.0,0,0,0,0,0,0,0,0,0,0,0,0,0,0,0,0,0
2,296.177,29,AugShort,0.0,0.0,0.0,0.0,9.476702358781185e-06,0.0,6.699175319078011e-06,0.41014904084308385,2.8424527925172713e-06,24.424,24.4882,4.63617,1,1,0,0,0,0,0,0,0,0,0,0,0.0,0.0,0.0,0.0,0.0,0.0,0.0,0,0,0.0,0.0,0.0,0.0,1.0,24.465809999999998,24.424,4.637872,2.134866971123169e-06,6.699175319078011e-06,4.238328576186893e-06,0.0,0.0,0.0,0.0,0.0,0.0,0.0,0.0,0,0.0,0.0,0,0,0,0,0,0,0,0,0,0,0,0,0,0,0,0,0
2,297.167,29,AugShort,0.0,0.0,0.0,0.0,9.479059303055016e-06,0.0,6.699927882071499e-06,0.4088603737845279,3.790336180372422e-06,24.4315,24.4315,4.63535,1,1,0,0,0,0,0,0,0,0,0,0,0.0,0.0,0.0,0.0,0.0,0.0,0.0,0,0,0.0,0.0,0.0,0.0,1.0,24.46423,24.424,4.63797,2.132729706999899e-06,6.699927882071499e-06,4.238281929549283e-06,0.0,0.0,0.0,0.0,0.0,0.0,0.0,0.0,0,0.0,0.0,0,0,0,0,0,0,0,0,0,0,0,0,0,0,0,0,0
2,298.162,29,AugShort,0.0,0.0,0.0,0.0,9.481392361759508e-06,0.0,6.700666932173356e-06,0.40757170672597187,4.738455359081885e-06,24.4315,24.4699,4.64188,1,1,0,0,0,0,0,0,0,0,0,0,0.0,0.0,0.0,0.0,0.0,0.0,0.0,0,0,0.0,0.0,0.0,0.0,1.0,24.46292,24.424,4.638596,2.130628667692277e-06,6.700666932173356e-06,4.238245704733634e-06,0.0,0.0,0.0,0.0,0.0,0.0,0.0,0.0,0,0.0,0.0,0,0,0,0,0,0,0,0,0,0,0,0,0,0,0,0,0
2,299.179,29,AugShort,0.4960471290322743,0.4877552891172806,0.06022838020010996,0.06022838020010996,0.026934950460429652,1.0,0.019045139391601237,0.4513896782618575,0.0026982334809136452,24.0407,24.0407,5.10215,1,1,0,0,0,0,0,0,0,0,0,0,0.0,0.0,0.0,0.0,0.0,0.0,0.0,0,0,0.0,0.0,0.0,0.0,1.0,24.42224,24.0407,4.685305,0.006024966564264816,0.019045139391601237,0.0060270762490902945,0.0,0.0,0.0,0.0,0.0,0.0,0.0,0.0,0,0.0,0.0,0,0,0,0,0,0,0,0,0,0,0,0,0,0,0,0,0
2,300.163,30,AugShort,0.0,-0.5041129360084089,0.0,0.06022838020010996,0.026934950460429652,1.0,0.019045140142852673,0.48149451824212014,0.005391728501475152,23.9368,23.9368,5.0959,1,1,0,0,0,0,0,0,0,0,0,0,0.0,0.0,0.0,0.0,0.0,0.0,0.0,0,0,0.0,0.0,0.0,0.0,1.0,24.37048,23.9368,4.730825,0.0060249644270006925,0.019045140142852673,0.01204991421625104,0.0,0.0,0.0,0.0,0.0,0.0,0.0,0.0,0,0.0,0.0,0,0,0,0,0,0,0,0,0,0,0,0,0,0,0,0,0
2,301.163,30,AugShort,0.0,0.0,0.0,0.0,0.026934950460429652,1.0,0.019045140882107812,0.5189517294867747,0.008085223523883888,23.9368,23.989,5.10023,1,1,0,0,0,0,0,0,0,0,0,0,0.0,0.0,0.0,0.0,0.0,0.0,0.0,0,0,0.0,0.0,0.0,0.0,1.0,24.316480000000002,23.9368,4.776445,0.006024962323864539,0.019045140882107812,0.01204991418212307,0.0,0.0,0.0,0.0,0.0,0.0,0.0,0.0,0,0.0,0.0,0,0,0,0,0,0,0,0,0,0,0,0,0,0,0,0,0
2,302.175,30,AugShort,0.0,0.0,0.0,0.0,0.026934950460429652,1.0,0.019045141623582642,0.5657028369289853,0.010778718550675215,23.9368,23.9586,5.09345,1,1,0,0,0,0,0,0,0,0,0,0,0.0,0.0,0.0,0.0,0.0,0.0,0.0,0,0,0.0,0.0,0.0,0.0,1.0,24.26994,23.9368,4.822112,0.006024960214412662,0.019045141623582642,0.012049914175807346,0.0,0.0,0.0,0.0,0.0,0.0,0.0,0.0,0,0.0,0.0,0,0,0,0,0,0,0,0,0,0,0,0,0,0,0,0,0
2,303.178,30,AugShort,0.0,0.0,0.0,0.0,0.026934950460429652,1.0,0.01904514235843689,0.5892482239849052,0.01347221357613354,23.9368,23.989,5.09398,1,1,0,0,0,0,0,0,0,0,0,0,0.0,0.0,0.0,0.0,0.0,0.0,0.0,0,0,0.0,0.0,0.0,0.0,1.0,24.221210000000003,23.9368,4.8673720000000005,0.006024958123795176,0.01904514235843689,0.012049914156972954,0.0,0.0,0.0,0.0,0.0,0.0,0.0,0.0,0,0.0,0.0,0,0,0,0,0,0,0,0,0,0,0,0,0,0,0,0,0
2,304.177,30,AugShort,0.0,0.0,0.0,0.0,0.0,1.0,0.01904588612149353,0.6127936110408252,0.013471266380570404,23.9368,23.9768,5.09427,1,1,0,0,0,0,0,0,0,0,0,0,0.0,0.0,0.0,0.0,0.0,0.0,0.0,0,0,0.0,0.0,0.0,0.0,1.0,24.172490000000003,23.9368,4.9127719999999995,0.006022838020010952,0.01904588612149353,0.012047796143806216,0.0,0.0,0.0,0.0,0.0,0.0,0.0,0.0,0,0.0,0.0,0,0,0,0,0,0,0,0,0,0,0,0,0,0,0,0,0
2,305.167,30,AugShort,0.0,0.0,0.0,0.0,0.0,1.0,0.01904588612149353,0.6363389980967452,0.013470318945617185,23.9581,23.9581,5.0991,1,1,0,0,0,0,0,0,0,0,0,0,0.0,0.0,0.0,0.0,0.0,0.0,0.0,0,0,0.0,0.0,0.0,0.0,1.0,24.12386,23.9368,4.959248,0.006022838020010952,0.01904588612149353,0.012045676040021991,0.0,0.0,0.0,0.0,0.0,0.0,0.0,0.0,0,0.0,0.0,0,0,0,0,0,0,0,0,0,0,0,0,0,0,0,0,0
2,306.167,30,AugShort,0.0,0.0,0.0,0.0,0.0,1.0,0.01904588612149353,0.6490711984773961,0.013469371275381305,23.9581,24.0579,5.10324,1,1,0,0,0,0,0,0,0,0,0,0,0.0,0.0,0.0,0.0,0.0,0.0,0.0,0,0,0.0,0.0,0.0,0.0,1.0,24.08083,23.9368,5.005955,0.006022838020010952,0.01904588612149353,0.012045676040021991,0.0,0.0,0.0,0.0,0.0,0.0,0.0,0.0,0,0.0,0.0,0,0,0,0,0,0,0,0,0,0,0,0,0,0,0,0,0
2,307.174,30,AugShort,0.0,0.0,0.0,0.0,0.0,1.0,0.01904588612149353,0.6618033988580472,0.013468423369451001,23.9359,23.9359,5.09638,1,1,0,0,0,0,0,0,0,0,0,0,0.0,0.0,0.0,0.0,0.0,0.0,0.0,0,0,0.0,0.0,0.0,0.0,1.0,24.03127,23.9359,5.052058000000001,0.006022838020010952,0.01904588612149353,0.012045676040021991,0.0,0.0,0.0,0.0,0.0,0.0,0.0,0.0,0,0.0,0.0,0,0,0,0,0,0,0,0,0,0,0,0,0,0,0,0,0
2,308.171,30,AugShort,0.0,0.0,0.0,0.0,0.0,1.0,0.01904588612149353,0.6745355992386981,0.013467475230214826,23.9359,23.9952,5.10029,1,1,0,0,0,0,0,0,0,0,0,0,0.0,0.0,0.0,0.0,0.0,0.0,0.0,0,0,0.0,0.0,0.0,0.0,1.0,23.983800000000002,23.9359,5.097899,0.006022838020010952,0.01904588612149353,0.012045676040021991,0.0,0.0,0.0,0.0,0.0,0.0,0.0,0.0,0,0.0,0.0,0,0,0,0,0,0,0,0,0,0,0,0,0,0,0,0,0
2,309.172,30,AugShort,0.10039835785373888,0.10029805979394495,0.0680002723979461,0.0680002723979461,0.03041064631406202,0.6698020952995037,0.021503574228938938,0.6707579043843243,0.013815044815578065,22.1171,22.1171,5.00339,1,1,0,0,0,0,0,0,0,0,0,0,0.0,0.0,0.0,0.0,0.0,0.0,0.0,0,0,0.0,0.0,0.0,0.0,1.0,23.79144,22.1171,5.088023,0.006800027239794565,0.021503574228938938,0.012822865259805605,0.0,0.0,0.0,0.0,0.0,0.0,0.0,0.0,0,0.0,0.0,0,0,0,0,0,0,0,0,0,0,0,0,0,0,0,0,0
2,310.185,31,AugShort,0.3881461648835539,0.28405509084878094,0.025392375804531776,0.04260789659341432,0.02968321262742243,0.06010995604901974,0.022102265146275193,0.6364956025674261,0.01408987103227734,22.1171,23.1692,4.63284,1,1,0,0,0,0,0,0,0,0,0,0,0.0,0.0,0.0,0.0,0.0,0.0,0.0,0,0,0.0,0.0,0.0,0.0,1.0,23.714679999999998,22.1171,5.041717,0.009339264820247741,0.022102265146275193,0.011060816899136041,0.0,0.0,0.0,0.0,0.0,0.0,0.0,0.0,0,0.0,0.0,0,0,0,0,0,0,0,0,0,0,0,0,0,0,0,0,0
2,311.179,31,AugShort,0.0,-0.39048909948043653,0.0,0.025392375804531776,0.02968321262742243,0.06010995604901974,0.022102265146275193,0.5895011003698771,0.014364697248976618,22.1171,23.1983,4.63463,1,1,0,0,0,0,0,0,0,0,0,0,0.0,0.0,0.0,0.0,0.0,0.0,0.0,0,0,0.0,0.0,0.0,0.0,1.0,23.635610000000003,22.1171,4.995157000000001,0.009339264820247741,0.022102265146275193,0.01360005447958922,0.0,0.0,0.0,0.0,0.0,0.0,0.0,0.0,0,0.0,0.0,0,0,0,0,0,0,0,0,0,0,0,0,0,0,0,0,0
2,312.174,31,AugShort,0.18339987528479343,0.18432148269828486,0.010669134416353056,0.010669134416353056,0.02835872574722763,0.1545608904064041,0.021857505103655073,0.5472291448901974,0.014507074777656417,22.1171,23.7543,4.46878,1,1,0,0,0,0,0,0,0,0,0,0,0.0,0.0,0.0,0.0,0.0,0.0,0.0,0,0,0.0,0.0,0.0,0.0,1.0,23.615180000000002,22.1171,4.932689999999999,0.010406178261883049,0.021857505103655073,0.014666967921224525,0.0,0.0,0.0,0.0,0.0,0.0,0.0,0.0,0,0.0,0.0,0,0,0,0,0,0,0,0,0,0,0,0,0,0,0,0,0
2,313.181,31,AugShort,0.0,-0.18212500028281375,0.0,0.010669134416353056,0.02835872574722763,0.1545608904064041,0.021857505103655073,0.5549571894105176,0.014649452306336214,22.1171,23.8578,4.47608,1,1,0,0,0,0,0,0,0,0,0,0,0.0,0.0,0.0,0.0,0.0,0.0,0.0,0,0,0.0,0.0,0.0,0.0,1.0,23.60206,22.1171,4.8709,0.010406178261883049,0.021857505103655073,0.01573388136285983,0.0,0.0,0.0,0.0,0.0,0.0,0.0,0.0,0,0.0,0.0,0,0,0,0,0,0,0,0,0,0,0,0,0,0,0,0,0
2,314.193,31,AugShort,0.0,0.0,0.0,0.0,0.011163743484048977,0.1545608904064041,0.021857505103655073,0.5626852339308377,0.015765826654741112,23.1692,23.7628,4.46882,1,1,0,0,0,0,0,0,0,0,0,0,0.0,0.0,0.0,0.0,0.0,0.0,0.0,0,0,0.0,0.0,0.0,0.0,1.0,23.58066,22.1171,4.808355000000001,0.010406178261883049,0.021857505103655073,0.01573388136285983,0.0,0.0,0.0,0.0,0.0,0.0,0.0,0.0,0,0.0,0.0,0,0,0,0,0,0,0,0,0,0,0,0,0,0,0,0,0
2,315.189,31,AugShort,0.24138183293566895,0.24235123788721782,0.012101960087145877,0.012101960087145877,0.006256662811907507,0.2969726873581845,0.0215501898686982,0.577533868298747,0.01639149293593186,23.1983,24.2252,4.25507,1,1,0,0,0,0,0,0,0,0,0,0,0.0,0.0,0.0,0.0,0.0,0.0,0.0,0,0,0.0,0.0,0.0,0.0,1.0,23.60737,22.1171,4.723952,0.011616374270597637,0.0215501898686982,0.01694407737157442,0.0,0.0,0.0,0.0,0.0,0.0,0.0,0.0,0,0.0,0.0,0,0,0,0,0,0,0,0,0,0,0,0,0,0,0,0,0
2,316.199,31,AugShort,0.23534384799966143,-0.005978202906938137,0.002567795752595653,0.009534164334550226,0.0058836546952138625,0.39770312094448873,0.021411246823655875,0.5974190243459714,0.016979858405453248,23.7543,25.0375,4.03468,1,1,0,0,0,0,0,0,0,0,0,0,0.0,0.0,0.0,0.0,0.0,0.0,0.0,0,0,0.0,0.0,0.0,0.0,1.0,23.70533,22.1171,4.617096,0.011873153845857201,0.021411246823655875,0.01789749380502944,0.0,0.0,0.0,0.0,0.0,0.0,0.0,0.0,0,0.0,0.0,0,0,0,0,0,0,0,0,0,0,0,0,0,0,0,0,0
2,317.185,31,AugShort,0.0,-0.23868544421872356,3.022547909502567e-08,0.002567765527116558,0.005244294240862292,0.39770312094448873,0.021411244961335722,0.6173041803931959,0.01750428782953948,23.7628,25.0424,4.03323,1,1,0,0,0,0,0,0,0,0,0,0,0.0,0.0,0.0,0.0,0.0,0.0,0.0,0,0,0.0,0.0,0.0,0.0,1.0,23.815980000000003,22.1171,4.510781,0.011873156868405111,0.021411244961335722,0.018154270357741094,0.0,0.0,0.0,0.0,0.0,0.0,0.0,0.0,0,0.0,0.0,0,0,0,0,0,0,0,0,0,0,0,0,0,0,0,0,0
2,318.185,31,AugShort,0.0,0.0,2.9802322387695312e-08,4.2315670733036064e-10,0.005244290072597975,0.39770312094448873,0.021411243125087395,0.6371893364404203,0.018028716836799276,23.7628,25.0783,4.03652,1,1,0,0,0,0,0,0,0,0,0,0,0.0,0.0,0.0,0.0,0.0,0.0,0.0,0,0,0.0,0.0,0.0,0.0,1.0,23.92429,22.1171,4.4044039999999995,0.011873159848637349,0.021411243125087395,0.018154270400056766,0.0,0.0,0.0,0.0,0.0,0.0,0.0,0.0,0,0.0,0.0,0,0,0,0,0,0,0,0,0,0,0,0,0,0,0,0,0
2,319.181,31,AugShort,0.0,0.0,2.9922010429412966e-08,1.1968804171765335e-10,0.005244285887581873,0.9795722031370195,0.008526345725700981,0.6361679465972713,0.01551208079415126,24.2252,24.9848,4.03581,1,1,0,0,0,0,0,0,0,0,0,0,0.0,0.0,0.0,0.0,0.0,0.0,0.0,0,0,0.0,0.0,0.0,0.0,1.0,24.21106,23.1692,4.307646,0.005073135601043783,0.008526345725700981,0.011354243172230962,0.0,0.0,0.0,0.0,0.0,0.0,0.0,0.0,0,0.0,0.0,0,0,0,0,0,0,0,0,0,0,0,0,0,0,0,0,0
2,320.187,32,AugShort,0.0,0.0,2.9624574938066912e-08,2.9743549134605377e-10,0.00114833980220499,0.9795722031370195,0.004745464504330904,0.6351465567541222,0.012658593511629518,24.9848,25.0795,4.04433,1,1,0,0,0,0,0,0,0,0,0,0,0.0,0.0,0.0,0.0,0.0,0.0,0.0,0,0,0.0,0.0,0.0,0.0,1.0,24.40209,23.1983,4.248794999999999,0.002533900983048099,0.004745464504330904,0.0070934535426330795,0.0,0.0,0.0,0.0,0.0,0.0,0.0,0.0,0,0.0,0.0,0,0,0,0,0,0,0,0,0,0,0,0,0,0,0,0,0
2,321.184,32,AugShort,0.0,0.0,2.9891998382843844e-08,2.6742344477693197e-10,2.1889439026256808e-10,0.9795722031370195,0.004745462730872008,0.6341251669109733,0.009690272270776713,24.9848,25.0167,4.03865,1,1,0,0,0,0,0,0,0,0,0,0,0.0,0.0,0.0,0.0,0.0,0.0,0.0,0,0,0.0,0.0,0.0,0.0,1.0,24.58393,23.7543,4.189197,0.0025339039722479377,0.004745462730872008,0.004554215988922246,0.0,0.0,0.0,0.0,0.0,0.0,0.0,0.0,0,0.0,0.0,0,0,0,0,0,0,0,0,0,0,0,0,0,0,0,0,0
2,322.195,32,AugShort,0.0,0.0,2.9478063687136812e-08,4.139346957070322e-10,1.8839917122668963e-10,0.9795722031370195,0.003822888877479636,0.6331037770678243,0.006854399714893868,24.9848,25.0292,4.03881,1,1,0,0,0,0,0,0,0,0,0,0,0.0,0.0,0.0,0.0,0.0,0.0,0.0,0,0,0.0,0.0,0.0,0.0,1.0,24.711419999999997,23.7628,4.1462,0.0014669934784190008,0.003822888877479636,0.00348730258868041,0.0,0.0,0.0,0.0,0.0,0.0,0.0,0.0,0,0.0,0.0,0,0,0,0,0,0,0,0,0,0,0,0,0,0,0,0,0
2,323.199,32,AugShort,0.0,0.0,2.96835880355531e-08,2.0552434841628834e-10,1.8665248410123983e-10,0.9795722031370195,0.003822887611850359,0.6320823872246752,0.004018527158836352,24.9848,25.0403,4.03565,1,1,0,0,0,0,0,0,0,0,0,0,0.0,0.0,0.0,0.0,0.0,0.0,0.0,0,0,0.0,0.0,0.0,0.0,1.0,24.82967,23.7628,4.102157,0.0014669964467778043,0.003822887611850359,0.0024203891675975394,0.0,0.0,0.0,0.0,0.0,0.0,0.0,0.0,0,0.0,0.0,0,0,0,0,0,0,0,0,0,0,0,0,0,0,0,0,0
2,324.197,32,AugShort,0.0,0.0,2.986204648065662e-08,1.784584451035223e-10,1.7176444719919116e-10,0.9795722031370195,0.0038228863386091595,0.6310609973815262,0.002902152827607899,25.0167,25.04,4.03274,1,1,0,0,0,0,0,0,0,0,0,0,0.0,0.0,0.0,0.0,0.0,0.0,0.0,0,0,0.0,0.0,0.0,0.0,1.0,24.957389999999997,24.2252,4.058549,0.0014669994329824523,0.0038228863386091595,0.0024203891854433835,0.0,0.0,0.0,0.0,0.0,0.0,0.0,0.0,0,0.0,0.0,0,0,0,0,0,0,0,0,0,0,0,0,0,0,0,0,0
2,325.192,32,AugShort,0.0,0.0,2.995208280170383e-08,9.00363210472065e-11,1.9309383970951143e-10,0.9795722031370195,0.0008119988823346192,0.6300396075383772,0.0022764865657265323,25.0167,25.0766,4.03649,1,1,0,0,0,0,0,0,0,0,0,0,0.0,0.0,0.0,0.0,0.0,0.0,0.0,0,0,0.0,0.0,0.0,0.0,1.0,25.04253,24.9848,4.036691,0.0002568064194761447,0.0008119988823346192,0.001210193185732428,0.0,0.0,0.0,0.0,0.0,0.0,0.0,0.0,0,0.0,0.0,0,0,0,0,0,0,0,0,0,0,0,0,0,0,0,0,0
2,326.202,32,AugShort,0.0,0.0,2.950724988880724e-08,4.4483291289658916e-10,2.1001481828940822e-10,0.9795722031370195,2.272498594543076e-10,0.6290182176952281,0.0016881211172066282,24.9807,24.9807,4.03521,1,1,0,0,0,0,0,0,0,0,0,0,0.0,0.0,0.0,0.0,0.0,0.0,0.0,0,0,0.0,0.0,0.0,0.0,1.0,25.036849999999998,24.9807,4.0367440000000006,2.979494156828131e-08,2.272498594543076e-10,0.0002567767967606966,0.0,0.0,0.0,0.0,0.0,0.0,0.0,0.0,0,0.0,0.0,0,0,0,0,0,0,0,0,0,0,0,0,0,0,0,0,0
2,327.196,32,AugShort,0.0,0.0,2.9982215681786027e-08,4.749657929787867e-10,1.9962653657834646e-10,0.9795722031370195,1.8516474107485876e-10,0.6279968278520791,0.0011636917130830526,24.9807,25.0682,4.04421,1,1,0,0,0,0,0,0,0,0,0,0,0.0,0.0,0.0,0.0,0.0,0.0,0.0,0,0,0.0,0.0,0.0,0.0,1.0,25.03943,24.9807,4.0378419999999995,2.9770615226957342e-08,1.8516474107485876e-10,2.915456201320425e-10,0.0,0.0,0.0,0.0,0.0,0.0,0.0,0.0,0,0.0,0.0,0,0,0,0,0,0,0,0,0,0,0,0,0,0,0,0,0
2,328.198,32,AugShort,0.0,0.0,2.9742836714266777e-08,2.3937896751924917e-10,1.9282154299830628e-10,0.9795722031370195,1.8498837336143167e-10,0.6269754380089301,0.0006392627251054093,24.9807,25.0305,4.03983,1,1,0,0,0,0,0,0,0,0,0,0,0.0,0.0,0.0,0.0,0.0,0.0,0.0,0,0,0.0,0.0,0.0,0.0,1.0,25.03465,24.9807,4.0381730000000005,2.976466665961449e-08,1.8498837336143167e-10,2.7316784615093136e-10,0.0,0.0,0.0,0.0,0.0,0.0,0.0,0.0,0,0.0,0.0,0,0,0,0,0,0,0,0,0,0,0,0,0,0,0,0,0
2,329.196,32,AugShort,0.0,0.0,2.986204648065662e-08,1.1920976638984513e-10,1.9282154299830628e-10,0.9785766743591133,1.8023210035112466e-10,0.6424141669619106,0.00011483415562937632,24.9807,25.0219,4.03725,1,1,0,0,0,0,0,0,0,0,0,0,0.0,0.0,0.0,0.0,0.0,0.0,0.0,0,0,0.0,0.0,0.0,0.0,1.0,25.03836,24.9807,4.038317000000001,2.9758670264738857e-08,1.8023210035112466e-10,2.731200186181505e-10,0.0,0.0,0.0,0.0,0.0,0.0,0.0,0.0,0,0.0,0.0,0,0,0,0,0,0,0,0,0,0,0,0,0,0,0,0,0
2,330.205,33,AugShort,0.0,0.0,2.953649394221538e-08,3.25552538441244e-10,2.0506255782814382e-10,0.980576525933479,1.8943114646744784e-10,0.6884374954561336,1.9591513311917114e-10,24.9807,25.0377,4.03704,1,1,0,0,0,0,0,0,0,0,0,0,0.0,0.0,0.0,0.0,0.0,0.0,0.0,0,0,0.0,0.0,0.0,0.0,1.0,25.03418,24.9807,4.037588,2.9749862165153704e-08,1.8943114646744784e-10,2.7593172332766955e-10,0.0,0.0,0.0,0.0,0.0,0.0,0.0,0.0,0,0.0,0.0,0,0,0,0,0,0,0,0,0,0,0,0,0,0,0,0,0
2,331.196,33,AugShort,0.0,0.0,3.007297920049981e-08,5.364852582844312e-10,2.100862539036131e-10,0.980576525933479,2.1183954245006548e-10,0.7344608239503565,1.9503431948327564e-10,25.0219,25.0328,4.03317,1,1,0,0,0,0,0,0,0,0,0,0,0.0,0.0,0.0,0.0,0.0,0.0,0.0,0,0,0.0,0.0,0.0,0.0,1.0,25.03579,24.9807,4.037039999999999,2.9767960246919302e-08,2.1183954245006548e-10,3.0283790467841946e-10,0.0,0.0,0.0,0.0,0.0,0.0,0.0,0.0,0,0.0,0.0,0,0,0,0,0,0,0,0,0,0,0,0,0,0,0,0,0
2,332.2,33,AugShort,0.0,0.0,0.45297546888436907,0.45297543881138985,0.20257677478448777,0.9997974205786271,0.14324341116209222,0.7767226504589676,0.02025767765464318,25.0219,27.6169,3.46203,1,1,0,0,0,0,0,0,0,0,0,0,0.0,0.0,0.0,0.0,0.0,0.0,0.0,0,0,0.0,0.0,0.0,0.0,1.0,25.29456,24.9807,3.9793619999999996,0.045297573708590784,0.14324341116209222,0.04529754414258342,0.0,0.0,0.0,0.0,0.0,0.0,0.0,0.0,0,0.0,0.0,0,0,0,0,0,0,0,0,0,0,0,0,0,0,0,0,0
2,333.21,33,AugShort,0.0,0.0,0.02130481127696696,0.4316706576074021,0.20040727069566877,0.9997974205786271,0.14265205118075822,0.8189844769675787,0.04029840470554481,25.0219,27.6474,3.45684,1,1,0,1,0,0,0,0,0,0,0,0,0.0,0.0,0.0,0.0,0.0,0.0,0.0,0,0,0.0,0.0,0.0,0.0,1.0,25.55527,24.9807,3.921481,0.04742805186792868,0.14265205118075822,0.08846460988277119,0.0,0.0,0.0,0.0,0.0,0.0,0.0,0.0,0,0.0,0.0,0,0,0,0,0,0,0,0,0,0,0,0,0,0,0,0,0
2,334.205,33,AugShort,0.9618883307744124,0.9667219404767964,1.1249312775630746,1.1036264662861077,0.4897998290707957,0.719295481926566,0.3674783776347081,0.8472212065435869,0.08927838759544794,25.0328,27.9832,4.02963,1,1,0,0,0,0,0,0,0,0,0,0,0.0,0.0,0.0,0.0,0.0,0.0,0.0,0,0,0.0,0.0,0.0,0.0,1.0,25.84959,24.9807,3.92117,0.1599211766380315,0.3674783776347081,0.1988272564935361,0.0,0.0,0.0,0.0,0.0,0.0,0.0,0.0,0,0.0,0.0,0,0,0,0,0,0,0,0,0,0,0,0,0,0,0,0,0
2,335.192,33,AugShort,2.3070511733919075,1.3628802863399139,0.6462257226586485,0.4787055549044261,0.4691271126310907,0.9244034507724714,0.3922187309245945,0.8785927447143012,0.13619109883924763,25.0328,29.3597,3.70231,0,1,0,0,0,0,0,0,0,0,0,0,0.0,0.0,0.0,0.0,0.0,0.0,0.0,0,0,0.0,0.0,0.0,0.0,0.9,26.2779,24.9807,3.887752,0.22454374590868803,0.3922187309245945,0.24669781197497506,0.0,0.0,0.0,0.0,0.0,0.0,0.0,0.0,0,0.0,0.0,0,0,0,0,0,0,0,0,0,0,0,0,0,0,0,0,0
2,336.21,33,AugShort,0.4008291899650739,-1.872516683130485,0.026576201325636876,0.6196495213330117,0.46287578693522935,0.930436583508466,0.3906149617142061,0.9052294178425001,0.18247867751176908,27.1696,27.1696,4.04943,1,1,0,0,0,0,0,0,0,0,0,0,0.0,0.0,0.0,0.0,0.0,0.0,0.0,0,0,0.0,0.0,0.0,0.0,0.9,26.496789999999997,25.0219,3.8891739999999997,0.22720136309052674,0.3906149617142061,0.30866276406379295,0.0,0.0,0.0,0.0,0.0,0.0,0.0,0.0,0,0.0,0.0,0,0,0,0,0,0,0,0,0,0,0,0,0,0,0,0,0
2,337.207,33,AugShort,0.0,-0.40203529585263176,0.0,0.026576201325636876,0.5055834241017639,0.930436583508466,0.39061496365189136,0.9318660909706991,0.2330370199019828,27.1516,27.1516,4.05435,1,1,0,0,0,0,0,0,0,0,0,0,0.0,0.0,0.0,0.0,0.0,0.0,0.0,0,0,0.0,0.0,0.0,0.0,0.9,26.705129999999997,25.0219,3.8901879999999998,0.2272013600923052,0.39061496365189136,0.31132038414886004,0.0,0.0,0.0,0.0,0.0,0.0,0.0,0.0,0,0.0,0.0,0,0,0,0,0,0,0,0,0,0,0,0,0,0,0,0,0
2,338.205,33,AugShort,0.0,0.0,0.0,0.0,0.5092679612819612,0.930436583508466,0.3906149655741061,0.9585027640988978,0.28396381601089676,27.1516,27.1749,4.04724,1,1,0,0,0,0,0,0,0,0,0,0,0.0,0.0,0.0,0.0,0.0,0.0,0.0,0,0,0.0,0.0,0.0,0.0,0.9,26.91957,25.0219,3.890929,0.2272013571180215,0.3906149655741061,0.3113203841249222,0.0,0.0,0.0,0.0,0.0,0.0,0.0,0.0,0,0.0,0.0,0,0,0,0,0,0,0,0,0,0,0,0,0,0,0,0,0
2,339.206,33,AugShort,0.0,0.0,1.3747399799534024,1.3747399799534024,0.6061638437561085,0.930436583508466,0.5216910448753774,0.95604598311747,0.3445802003672255,27.1516,31.9819,3.22328,1,1,0,0,0,0,0,0,0,0,0,0,0.0,0.0,0.0,0.0,0.0,0.0,0.0,0,0,0.0,0.0,0.0,0.0,0.9,27.615569999999998,25.0328,3.809532,0.3646753521271571,0.5216910448753774,0.44879438210834144,0.0,0.0,0.0,0.0,0.0,0.0,0.0,0.0,0,0.0,0.0,0,0,0,0,0,0,0,0,0,0,0,0,0,0,0,0,0
2,340.233,34,AugShort,0.5862509535266968,0.5708383189159657,0.3089143323795551,1.0658256475738472,0.5918333147388081,0.7142276218495229,0.5066263484501127,0.9427787540530954,0.4037635318206,27.1516,47.5516,2.69136,1,1,0,0,0,0,0,0,0,0,0,0,0.0,0.0,0.0,0.0,0.0,0.0,0.0,0,0,0.0,0.0,0.0,0.0,0.9,29.86696,25.0328,3.674964,0.39556678241146326,0.5066263484501127,0.555376946833171,0.0,0.0,0.0,0.0,0.0,0.0,0.0,0.0,0,0.0,0.0,0,0,0,0,0,0,0,0,0,0,0,0,0,0,0,0,0
2,341.217,34,AugShort,0.0,-0.5957834893563991,0.0,0.3089143323795551,0.595482936057851,0.7142276218495229,0.506626351059064,0.9295115249887205,0.4633118254053765,27.1516,47.682,2.70103,1,1,0,0,0,0,0,0,0,0,0,0,0.0,0.0,0.0,0.0,0.0,0.0,0.0,0,0,0.0,0.0,0.0,0.0,0.9,32.13188,27.1516,3.5417500000000004,0.3955667794041653,0.506626351059064,0.5862683800174778,0.0,0.0,0.0,0.0,0.0,0.0,0.0,0.0,0,0.0,0.0,0,0,0,0,0,0,0,0,0,0,0,0,0,0,0,0,0
2,342.22,34,AugShort,0.0,0.0,0.0,0.0,0.595482936057851,0.7142276218495229,0.5209703529724385,0.9162442959243456,0.5026024415327128,27.1749,54.3511,2.63769,1,1,0,0,0,0,0,0,0,0,0,0,0.0,0.0,0.0,0.0,0.0,0.0,0.0,0,0,0.0,0.0,0.0,0.0,0.9,34.8053,27.1516,3.459316,0.3502692325157284,0.5209703529724385,0.5409708361363389,0.0,0.0,0.0,0.0,0.0,0.0,0.0,0.0,0,0.0,0.0,0,0,0,0,0,0,0,0,0,0,0,0,0,0,0,0,0
2,343.208,34,AugShort,0.935400114833287,0.9467612498312622,0.4823679577356293,0.4823679577356293,0.5656161306476359,0.4098030643753867,0.5088839136720431,0.8877558389862641,0.5391233275279095,31.9819,69.5346,2.13293,1,1,0,0,0,0,0,0,0,0,0,0,0.0,0.0,0.0,0.0,0.0,0.0,0.0,0,0,0.0,0.0,0.0,0.0,0.9,38.99402,27.1516,3.326925,0.3963755471615947,0.5088839136720431,0.5460405661491616,0.0,0.0,0.0,0.0,0.0,0.0,0.0,0.0,0,0.0,0.0,0,0,0,0,0,0,0,0,0,0,0,0,0,0,0,0,0
2,344.22,34,AugShort,0.0,-0.9243084138668843,0.7496764191558005,0.26730846142017123,0.3221843013331777,0.4098030643753867,0.460749627276968,0.8592673820481824,0.5223617747541478,47.5516,97.3374,2.13179,1,1,0,0,0,0,0,0,0,0,0,0,0.0,0.0,0.0,0.0,0.0,0.0,0.0,0,0,0.0,0.0,0.0,0.0,0.9,45.92944,27.1516,3.137141,0.3588500613208672,0.460749627276968,0.46240876566256794,0.0,0.0,0.0,0.0,0.0,0.0,0.0,0.0,0,0.0,0.0,0,0,0,0,0,0,0,0,0,0,0,0,0,0,0,0,0
2,345.209,34,AugShort,0.0,0.0,5.033944785522207e-06,0.749671385211015,0.35039421726295394,0.4098030643753867,0.46128285326104007,0.8307789251101008,0.5104884852173341,47.682,97.2921,2.12974,1,1,0,0,0,0,0,0,0,0,0,0,0.0,0.0,0.0,0.0,0.0,0.0,0.0,0,0,0.0,0.0,0.0,0.0,1.0,52.722680000000004,27.1516,2.9798839999999998,0.29422799244948095,0.46128285326104007,0.48950534869322687,0.0,0.0,0.0,0.0,0.0,0.0,0.0,0.0,0,0.0,0.0,0,0,0,0,0,0,0,0,0,0,0,0,0,0,0,0,0
2,346.222,34,AugShort,0.23235147672147366,0.22936967099849326,0.18072984957005542,0.1807248156252699,0.32717266500750136,0.4347366193517662,0.4538605817297234,0.8035371459208381,0.4969181730245612,54.3511,93.9812,2.27229,1,1,0,0,0,0,0,0,0,0,0,0,0.0,0.0,0.0,0.0,0.0,0.0,0.0,0,0,0.0,0.0,0.0,0.0,1.0,59.40384,27.1516,2.80217,0.3096433572739228,0.4538605817297234,0.44561287812245276,0.0,0.0,0.0,0.0,0.0,0.0,0.0,0.0,0,0.0,0.0,0,0,0,0,0,0,0,0,0,0,0,0,0,0,0,0,0
2,347.221,34,AugShort,1.6019143838724916,1.37093384099201,1.3221639314173101,1.1414340818472548,0.5194928940033028,0.540574736720826,0.5383526319593555,0.7815872726000285,0.4983091200147151,58.3546,58.3546,2.98193,1,1,0,0,0,0,0,0,0,0,0,0,0.0,0.0,0.0,0.0,0.0,0.0,0.0,0,0,0.0,0.0,0.0,0.0,1.0,62.52414,27.1749,2.694928,0.4418597504156538,0.5383526319593555,0.5570986661746145,0.0,0.0,0.0,0.0,0.0,0.0,0.0,0.0,0,0.0,0.0,0,0,0,0,0,0,0,0,0,0,0,0,0,0,0,0,0
2,348.23,34,AugShort,0.0,-1.5876257521035597,0.0,1.3221639314173101,0.5761892997281403,0.540574736720826,0.5383526319593555,0.7596373992792188,0.505001253859333,58.3546,100.525,5.2279,1,1,0,0,0,0,0,0,0,0,0,0,0.0,0.0,0.0,0.0,0.0,0.0,0.0,0,0,0.0,0.0,0.0,0.0,1.0,69.85915,31.9819,2.812994,0.4418597504156538,0.5383526319593555,0.6893150593163455,0.0,0.0,0.0,0.0,0.0,0.0,0.0,0.0,0,0.0,0.0,0,0,0,0,0,0,0,0,0,0,0,0,0,0,0,0,0
2,349.223,34,AugShort,0.0,0.0,1.9627149718180614,1.9627149718180614,0.8987400927003281,0.540574736720826,0.668046541104637,0.7377373023973044,0.534258878753755,20.7613,20.7613,5.23994,1,1,0,0,0,0,0,0,0,0,0,0,0.0,0.0,0.0,0.0,0.0,0.0,0.0,0,0,0.0,0.0,0.0,0.0,1.0,68.73709,20.7613,3.01466,0.5006572496021197,0.668046541104637,0.7481125585028114,0.0,0.0,0.0,0.0,0.0,0.0,0.0,0.0,0,0.0,0.0,0,0,0,0,0,0,0,0,0,0,0,0,0,0,0,0,0
2,350.233,35,AugShort,0.8271920286660289,0.8190020085802266,0.5187249990355408,1.4439899727825205,0.8257002083198635,0.4907990827386351,0.6646414802497436,0.7132484302375621,0.5576455681118605,20.7613,29.8019,7.31222,1,1,0,0,0,0,0,0,0,0,0,0,0.0,0.0,0.0,0.0,0.0,0.0,0.0,0,0,0.0,0.0,0.0,0.0,1.0,66.96212,20.7613,3.476746,0.5216383162677183,0.6646414802497436,0.7859289910236787,0.0,0.0,0.0,0.0,0.0,0.0,0.0,0.0,0,0.0,0.0,0,0,0,0,0,0,0,0,0,0,0,0,0,0,0,0,0
2,351.226,35,AugShort,2.6484631975570845,1.8341099384602777,0.16583156050150188,0.35289343853403893,0.8285016105294223,0.11638784430781765,0.6521312563196628,0.670038996156279,0.5809474355590176,20.7613,25.0065,3.81651,1,1,0,0,0,0,0,0,0,0,0,0,0.0,0.0,0.0,0.0,0.0,0.0,0.0,0,0,0.0,0.0,0.0,0.0,1.0,64.69457,20.7613,3.5882940000000003,0.5382214723178685,0.6521312563196628,0.790326901639127,0.0,0.0,0.0,0.0,0.0,0.0,0.0,0.0,0,0.0,0.0,0,0,0,0,0,0,0,0,0,0,0,0,0,0,0,0,0
2,352.227,35,AugShort,1.7445658308626975,-0.902994372322065,0.5660412825545128,0.4002097220530109,0.7752665150176371,0.043686510306405565,0.6241908446090247,0.622233450642668,0.5989257934549963,20.7613,23.6566,4.16229,1,1,0,0,0,0,0,0,0,0,0,0,0.0,0.0,0.0,0.0,0.0,0.0,0.0,0,0,0.0,0.0,0.0,0.0,1.0,61.62512,20.7613,3.740754,0.5948256005733198,0.6241908446090247,0.8303478738444282,0.0,0.0,0.0,0.0,0.0,0.0,0.0,0.0,0,0.0,0.0,0,0,0,0,0,0,0,0,0,0,0,0,0,0,0,0,0
2,353.222,35,AugShort,2.6933548318213307,0.9535567848830485,0.3024179805712646,0.2636233019832482,0.7226016461990112,0.21428292608161206,0.6303566177453362,0.5829577259178172,0.6146243450101339,13.8544,13.8544,15.4947,0,1,0,0,0,0,0,0,0,0,0,0,0.0,0.0,0.0,0.0,0.0,0.0,0.0,0,0,0.0,0.0,0.0,0.0,0.9,56.057100000000005,13.8544,5.076931,0.5768306028568833,0.6303566177453362,0.80847340826919,0.0,0.0,0.0,0.0,0.0,0.0,0.0,0.0,0,0.0,0.0,0,0,0,0,0,0,0,0,0,0,0,0,0,0,0,0,0
2,354.243,35,AugShort,1.7080630149380525,-0.965026265311732,5.709577121328187e-06,0.3024122709941433,0.23772879701666602,0.3699128343472814,0.6517323797927771,0.5654885935388531,0.6061787945784827,13.8544,17.1524,17.607,0,1,0,0,0,0,0,0,0,0,0,0,0.0,0.0,0.0,0.0,0.0,0.0,0.0,0,0,0.0,0.0,0.0,0.0,0.8,48.038599999999995,13.8544,6.624452,0.5018635318990153,0.6517323797927771,0.8119837892265872,0.0,0.0,0.0,0.0,0.0,0.0,0.0,0.0,0,0.0,0.0,0,0,0,0,0,0,0,0,0,0,0,0,0,0,0,0,0
2,355.229,35,AugShort,0.0,-1.7323154309716557,0.0,5.709577121328187e-06,0.23738450418045073,0.576906753123442,0.6517328104976042,0.5481137586564016,0.5948778232702323,13.8544,17.1581,17.6096,0,1,0,0,0,0,0,0,0,0,0,0,0.0,0.0,0.0,0.0,0.0,0.0,0.0,0,0,0.0,0.0,0.0,0.0,0.7,40.0252,13.8544,8.172438,0.5018630285045368,0.6517328104976042,0.7370172216631979,0.0,0.0,0.0,0.0,0.0,0.0,0.0,0.0,0,0.0,0.0,0,0,0,0,0,0,0,0,0,0,0,0,0,0,0,0,0
2,356.243,35,AugShort,2.574040066318354,2.53850105159601,0.0,0.0,0.2554471994361014,0.6841471755802029,0.66401761685353,0.5357992882599883,0.5877052767130924,13.8544,19.9029,20.0136,1,1,0,0,0,0,0,0,0,0,0,0,0.0,0.0,0.0,0.0,0.0,0.0,0.0,0,0,0.0,0.0,0.0,0.0,0.7,32.61737,13.8544,9.946569,0.4837900435475312,0.66401761685353,0.7189447401006709,0.0,0.0,0.0,0.0,0.0,0.0,0.0,0.0,0,0.0,0.0,0,0,0,0,0,0,0,0,0,0,0,0,0,0,0,0,0
2,357.226,35,AugShort,2.9554273426465407,0.3879829871090404,1.1153102501973726,1.1153102501973726,0.48305788578571635,0.7239254016964114,0.6376992246809635,0.5254737291693857,0.5840617758913338,13.8544,82.3823,22.9141,1,1,0,0,0,0,0,0,0,0,0,0,0.0,0.0,0.0,0.0,0.0,0.0,0.0,0,0,0.0,0.0,0.0,0.0,0.7,35.02014,13.8544,11.939786,0.4631046754255375,0.6376992246809635,0.7163323569356828,0.0,0.0,0.0,0.0,0.0,0.0,0.0,0.0,0,0.0,0.0,0,0,0,0,0,0,0,0,0,0,0,0,0,0,0,0,0
2,358.238,35,AugShort,2.925337444497543,-0.029733100937744714,0.17037494739992118,0.9449353027974514,0.4853721137362696,0.7337272407547099,0.6261225209730764,0.5156382620316978,0.5749800572921466,17.1524,98.257,24.5127,1,1,0,0,0,0,0,0,0,0,0,0,0.0,0.0,0.0,0.0,0.0,0.0,0.0,0,0,0.0,0.0,0.0,0.0,0.7,34.79334,13.8544,13.868266,0.4801421701655296,0.6261225209730764,0.6786094940736969,0.0,0.0,0.0,0.0,0.0,0.0,0.0,0.0,0,0.0,0.0,0,0,0,0,0,0,0,0,0,0,0,0,0,0,0,0,0
2,359.241,35,AugShort,3.611595967763367,0.6842059055491766,0.3646637064313263,0.1942887590314051,0.46400266558485165,0.6731736389855512,0.347722922922721,0.5027751148055521,0.5315063145805989,17.1581,85.8525,24.2609,1,1,0,0,0,0,0,0,0,0,0,0,0.0,0.0,0.0,0.0,0.0,0.0,0.0,0,0,0.0,0.0,0.0,0.0,0.7,41.30246,13.8544,15.770362,0.3203370436268561,0.347722922922721,0.5017668727950312,0.0,0.0,0.0,0.0,0.0,0.0,0.0,0.0,0,0.0,0.0,0,0,0,0,0,0,0,0,0,0,0,0,0,0,0,0,0
2,360.242,36,AugShort,3.5969725368739773,-0.014608822067322455,0.4450043353359069,0.0803406289045806,0.4259847457978258,0.6772846450580934,0.34380901663544494,0.5009279659659807,0.49153476832839527,19.9029,68.5619,25.0462,1,1,0,0,0,0,0,0,0,0,0,0,0.0,0.0,0.0,0.0,0.0,0.0,0.0,0,0,0.0,0.0,0.0,0.0,0.7,45.17846,13.8544,17.54376,0.3129649772568927,0.34380901663544494,0.3654019384072372,0.0,0.0,0.0,0.0,0.0,0.0,0.0,0.0,0,0.0,0.0,0,0,0,0,0,0,0,0,0,0,0,0,0,0,0,0,0
2,361.236,36,AugShort,3.3436924727266475,-0.2548089176532493,0.00027186569610395967,0.44473246963980295,0.42591789463220403,0.6600135501253851,0.35546987647268163,0.4982172623797737,0.45127639673867337,68.5619,76.1009,25.2658,1,1,0,0,0,0,0,0,0,0,0,0,0.0,0.0,0.0,0.0,0.0,0.0,0.0,0,0,0.0,0.0,0.0,0.0,0.7,50.2879,13.8544,19.688689,0.29640900777635293,0.35546987647268163,0.37458584151781366,0.0,0.0,0.0,0.0,0.0,0.0,0.0,0.0,0,0.0,0.0,0,0,0,0,0,0,0,0,0,0,0,0,0,0,0,0,0
2,362.231,36,AugShort,3.559336163074225,0.2167273269824898,0.5225993784111997,0.5223275127150958,0.21295307327463556,0.649699027127733,0.3520576496317134,0.49499083264368415,0.3950450525643733,68.5619,113.756,25.6679,1,1,0,0,0,0,0,0,0,0,0,0,0.0,0.0,0.0,0.0,0.0,0.0,0.0,0,0,0.0,0.0,0.0,0.0,0.7,59.297839999999994,13.8544,21.83925,0.2920648173620216,0.3520576496317134,0.3867976205840221,0.0,0.0,0.0,0.0,0.0,0.0,0.0,0.0,0,0.0,0.0,0,0,0,0,0,0,0,0,0,0,0,0,0,0,0,0,0
2,363.409,36,AugShort,3.103201667241731,-0.3872109472262256,0.052778465576812185,0.46982091283438754,0.23615840733187551,0.6600469785016282,0.3600030986587982,0.5075030283499964,0.3464007286776597,68.5619,117.421,27.1763,1,1,0,0,0,0,0,0,0,0,0,0,0.0,0.0,0.0,0.0,0.0,0.0,0.0,0,0,0.0,0.0,0.0,0.0,0.8,69.6545,17.1524,23.00741,0.2671008658625763,0.3600030986587982,0.4074173816691361,0.0,0.0,0.0,0.0,0.0,0.0,0.0,0.0,0,0.0,0.0,0,0,0,0,0,0,0,0,0,0,0,0,0,0,0,0,0
2,364.231,36,AugShort,4.444146480325868,1.6313197239466386,0.0,0.052778465576812185,0.2576711437083987,0.6754863200071813,0.3600035693381007,0.5207871911315861,0.34839496334683295,68.5619,123.837,29.0406,1,1,0,0,0,0,0,0,0,0,0,0,0.0,0.0,0.0,0.0,0.0,0.0,0.0,0,0,0.0,0.0,0.0,0.0,0.9,80.32296,17.1581,24.15077,0.2671002949048642,0.3600035693381007,0.3824540011274029,0.0,0.0,0.0,0.0,0.0,0.0,0.0,0.0,0,0.0,0.0,0,0,0,0,0,0,0,0,0,0,0,0,0,0,0,0,0
2,365.235,36,AugShort,3.6385286912495127,-0.802408156450553,0.00021291882347003753,0.00021291882347003753,0.2288953050017977,0.6913150492212187,0.35998602270172436,0.5348627903738776,0.3475460434289676,76.1009,129.361,31.2169,1,1,0,0,0,0,0,0,0,0,0,0,0.0,0.0,0.0,0.0,0.0,0.0,0.0,0,0,0.0,0.0,0.0,0.0,1.0,91.54325,19.9029,25.511499999999998,0.2671215867872112,0.35998602270172436,0.3824747220520378,0.0,0.0,0.0,0.0,0.0,0.0,0.0,0.0,0,0.0,0.0,0,0,0,0,0,0,0,0,0,0,0,0,0,0,0,0,0
2,366.243,36,AugShort,3.621373534111524,-0.017019005097210965,0.023313580903475493,0.023100662080005455,0.22622000494499517,0.7133425962265567,0.35813459266428027,0.5487930892176172,0.344623323979857,113.756,131.926,35.1824,1,1,0,0,0,0,0,0,0,0,0,0,0.0,0.0,0.0,0.0,0.0,0.0,0.0,0,0,0.0,0.0,0.0,0.0,1.0,102.74556,68.5619,27.02838,0.2694529448775588,0.35813459266428027,0.38478478826003837,0.0,0.0,0.0,0.0,0.0,0.0,0.0,0.0,0,0.0,0.0,0,0,0,0,0,0,0,0,0,0,0,0,0,0,0,0,0
2,367.239,36,AugShort,4.894269617790882,1.2780081161439336,0.0006741467127899411,0.02263943419068555,0.023154009123854704,0.7812667931509528,0.20732946813818423,0.5608276920391234,0.2986329363136709,117.421,129.925,42.3368,0,1,0,0,0,0,0,0,0,0,0,0,0.0,0.0,0.0,0.0,0.0,0.0,0.0,0,0,0.0,0.0,0.0,0.0,0.9,107.49983,68.5619,28.97065,0.15798933452910052,0.20732946813818423,0.27551770665936964,0.0,0.0,0.0,0.0,0.0,0.0,0.0,0.0,0,0.0,0.0,0,0,0,0,0,0,0,0,0,0,0,0,0,0,0,0,0
2,368.237,36,AugShort,5.599053073493458,0.7061958473973708,1.5636689201813174,1.5629947734685274,0.6966596304300078,0.7927921781159669,0.49086369004942776,0.5734385641088805,0.31976168798304466,39.0542,39.0542,48.6792,1,1,0,0,0,0,0,0,0,0,0,0,0.0,0.0,0.0,0.0,0.0,0.0,0.0,0,0,0.0,0.0,0.0,0.0,0.9,101.57955,39.0542,31.3873,0.29731873180724017,0.49086369004942776,0.33732365372647727,0.0,0.0,0.0,0.0,0.0,0.0,0.0,0.0,0,0.0,0.0,0,0,0,0,0,0,0,0,0,0,0,0,0,0,0,0,0
2,369.241,36,AugShort,2.7620008797316538,-2.825749196973909,0.3567718382042923,1.206897081977025,0.6738999593165177,0.7890637177645051,0.4907497164741577,0.5858630131610645,0.34075141735621123,15.184,15.184,53.0948,1,1,0,1,0,0,0,0,0,0,0,0,0.0,0.0,0.0,0.0,0.0,0.0,0.0,0,0,0.0,0.0,0.0,0.0,0.9,94.5127,15.184,34.27069,0.29652954498453676,0.4907497164741577,0.4385844860210392,0.0,0.0,0.0,0.0,0.0,0.0,0.0,0.0,0,0.0,0.0,0,0,0,0,0,0,0,0,0,0,0,0,0,0,0,0,0
2,370.253,37,AugShort,0.0,-2.729249881157761,0.0,0.3567718382042923,0.6739306690175743,0.7879695308394197,0.4959390284889726,0.6007215355661037,0.3655460096781861,9.22571,9.22571,56.6239,1,1,0,1,0,0,0,0,0,0,0,0,0.0,0.0,0.0,0.0,0.0,0.0,0.0,0,0,0.0,0.0,0.0,0.0,0.9,88.579081,9.22571,37.42846,0.2520291114509461,0.4959390284889726,0.4662276069510104,0.0,0.0,0.0,0.0,0.0,0.0,0.0,0.0,0,0.0,0.0,0,0,0,0,0,0,0,0,0,0,0,0,0,0,0,0,0
2,371.358,37,AugShort,0.0,0.0,0.0,0.0,0.677165156227087,0.809473187788864,0.495954370061161,0.635375802740156,0.3906707358376744,4.21454,4.21454,60.3439,1,1,1,1,0,1,0,0,0,0,0,0,0.0,0.0,0.0,0.0,0.0,0.0,0.0,0,0,0.1,0.0,0.1,0.0,0.9,81.390445,4.21454,40.93627,0.25200192488133566,0.495954370061161,0.4217543599870301,0.0,0.0,0.0,0.0,0.0,0.0,0.0,0.0,0,0.0,0.0,0,0,0,0,0,0,0,0,0,0,0,0,0,0,0,0,0
2,372.262,37,AugShort,1.879652811911048,2.079261960078593,0.16576774882573664,0.16576774882573664,0.6575280214400049,0.819777523066666,0.48707940314590586,0.6741803533781691,0.4351282306542113,4.21454,6.70882,62.5614,1,1,0,0,0,0,0,0,0,0,0,0,0.0,0.0,0.0,0.0,0.0,0.0,0.0,0,0,0.1,0.0,0.1,0.0,0.9,70.685727,4.21454,44.625620000000005,0.21631876192278937,0.48707940314590586,0.38609838359809423,0.0,0.0,0.0,0.0,0.0,0.0,0.0,0.0,0,0.0,0.0,0,0,0,0,0,0,0,0,0,0,0,0,0,0,0,0,0
2,373.249,37,AugShort,3.242544805748438,1.3808429522162005,0.1169910493685051,0.04877669945723154,0.14718365206460868,0.83118840448645,0.4851031213488259,0.705025627298411,0.4262307551274846,1.39648,1.39648,64.8288,1,1,1,0,0,0,0,0,0,0,0,0,0.0,0.0,0.0,0.0,0.0,0.0,0.0,0,0,0.2,0.0,0.1,0.0,0.9,59.083275,1.39648,48.39087,0.22274002030195866,0.4851031213488259,0.3439939622603786,0.0,0.0,0.0,0.0,0.0,0.0,0.0,0.0,0,0.0,0.0,0,0,0,0,0,0,0,0,0,0,0,0,0,0,0,0,0
2,374.244,37,AugShort,2.9912967723542936,-0.2525105863257731,0.043141245870197686,0.07384980349830741,0.07379846125443332,0.8602709262244267,0.4830898043388245,0.7295435318922683,0.40784348688208816,1.39648,3.12054,71.964,1,1,1,0,0,0,0,0,0,0,0,0,0.0,0.0,0.0,0.0,0.0,0.0,0.0,0,0,0.3,0.0,0.1,0.0,0.9,47.011629,1.39648,52.683209999999995,0.2270541448889784,0.4830898043388245,0.34610109605252815,0.0,0.0,0.0,0.0,0.0,0.0,0.0,0.0,0,0.0,0.0,0,0,0,0,0,0,0,0,0,0,0,0,0,0,0,0,0
2,375.248,37,AugShort,2.8135646189032957,-0.17702405722210948,0.16177589968749137,0.11863465381729368,0.07354062784468028,0.8663522090936462,0.47732773265804485,0.7440158046907784,0.39230801916637636,1.39648,10.8116,78.7107,1,1,0,0,0,0,0,0,0,0,0,0,0.0,0.0,0.0,0.0,0.0,0.0,0.0,0,0,0.3,0.0,0.1,0.0,0.9,35.15668899999999,1.39648,57.432590000000005,0.24321044297538058,0.47732773265804485,0.3579432695519105,0.0,0.0,0.0,0.0,0.0,0.0,0.0,0.0,0,0.0,0.0,0,0,0,0,0,0,0,0,0,0,0,0,0,0,0,0,0
2,376.266,37,AugShort,1.894448602502932,-0.9028644561889625,0.06544129242921932,0.09633460725827205,0.055437551264233526,0.9021836040856118,0.4753531606207493,0.7549176261160488,0.37522977379830025,1.39648,4.78172,83.3806,1,1,1,1,0,1,0,0,0,0,0,0,0.0,0.0,0.0,0.0,0.0,0.0,0.0,0,0,0.4,0.0,0.2,0.0,0.9,22.442261000000002,1.39648,62.25241,0.24742321412795495,0.4753531606207493,0.3652666640697371,0.0,0.0,0.0,0.0,0.0,0.0,0.0,0.0,0,0.0,0.0,0,0,0,0,0,0,0,0,0,0,0,0,0,0,0,0,0
2,377.264,37,AugShort,0.02004009018079565,-1.8781648420061487,0.14752755020637454,0.08208625777715521,0.05135115921232912,0.9615801239006122,0.4691106354934406,0.7668003622262589,0.3780494888071476,1.39648,9.50134,86.5067,1,1,0,0,0,0,0,0,0,0,0,0,0.0,0.0,0.0,0.0,0.0,0.0,0.0,0,0,0.4,0.0,0.2,0.0,1.0,10.399895,1.39648,66.66940000000001,0.2621085544773134,0.4691106354934406,0.37121134642838405,0.0,0.0,0.0,0.0,0.0,0.0,0.0,0.0,0,0.0,0.0,0,0,0,0,0,0,0,0,0,0,0,0,0,0,0,0,0
2,378.267,37,AugShort,2.8340439790166876,2.805587127453532,1.737632243309863,1.5901046931034886,0.7321532615103902,0.9768497479143234,0.5228838347677255,0.7789564875842396,0.3815988519151859,3.12054,109.14,89.7382,0,1,0,0,0,0,0,0,0,0,0,0,0.0,0.0,0.0,0.0,0.0,0.0,0.0,0,0,0.4,0.0,0.2,0.0,0.9,17.408475,1.39648,70.7753,0.279504886790168,0.5228838347677255,0.37392233839188027,0.0,0.0,0.0,0.0,0.0,0.0,0.0,0.0,0,0.0,0.0,0,0,0,0,0,0,0,0,0,0,0,0,0,0,0,0,0
2,379.259,37,AugShort,3.254740908981595,0.4240896471420436,1.9284192602765675,0.19078701696670453,0.9387196305006092,0.9672921038023239,0.7398654839699795,0.7936624108250783,0.408080819033595,1.21321,1.21321,92.814,0,1,1,0,0,0,1,0,0,0,0,0,0.0,0.0,0.0,0.0,0.0,0.0,0.0,0,0,0.5,0.1,0.2,0.0,0.8,16.011395999999998,1.21321,74.74722,0.43666962899739553,0.7398654839699795,0.2723113318908482,0.0,0.0,0.0,0.0,0.0,0.0,0.0,0.0,0,0.0,0.0,0,0,0,0,0,0,0,0,0,0,0,0,0,0,0,0,0
2,380.265,38,AugShort,3.1640956950035264,-0.09010458645931259,0.05795414751596385,1.8704651127606036,0.9575513886426664,0.9619010075178733,0.7362832782167734,0.8078932289480673,0.4364428909961043,1.21321,4.35343,96.4806,0,1,1,0,0,0,1,0,0,0,0,0,0.0,1.006,0.0,0.0,0.0,0.0,0.0,0,0,0.6,0.2,0.2,0.0,0.7,15.524168,1.21321,78.73289,0.44246504374899187,0.7362832782167734,0.42368065934647936,1.006,0.0,0.0,0.0,0.0,0.0,0.0,0.0,0,0.0,0.0,0,0,0,0,0,0,0,0,0,0,0,0,0,0,0,0,0
2,381.311,38,AugShort,2.736447640085042,-0.4088413526945358,1.1418030383661571e-06,0.057953005712925484,0.9702492055784375,0.9613920774042631,0.7362832019768887,0.8229621553120111,0.4657512959312394,1.21321,4.54907,101.083,1,1,1,0,0,0,0,0,0,0,0,0,0.0,0.0,0.0,0.0,0.0,0.0,0.0,0,0,0.6,0.2,0.1,0.0,0.7,15.557621000000001,1.21321,82.8068,0.44246515792929564,0.7362832019768887,0.4294759599177719,1.006,0.0,0.0,0.0,0.0,0.0,0.0,0.0,0,0.0,0.0,0,0,0,0,0,0,0,0,0,0,0,0,0,0,0,0,0
2,382.272,38,AugShort,3.0766953655584146,0.35405590579955537,1.396463136205914,1.3964619944028756,0.9284115697532319,0.96143981531205,0.7860665899357825,0.8385491947212269,0.492839650762562,1.21321,71.562,106.081,1,1,0,0,0,0,0,0,0,0,0,0,0.0,0.0,0.0,0.0,0.0,0.0,0.0,0,0,0.6,0.2,0.1,0.0,0.7,22.042939,1.21321,87.15876,0.5655346966673134,0.7860665899357825,0.5525453844754857,1.006,0.0,0.0,0.0,0.0,0.0,0.0,0.0,0,0.0,0.0,0,0,0,0,0,0,0,0,0,0,0,0,0,0,0,0,0
2,383.258,38,AugShort,3.620405554788333,0.5514302122007285,1.1603543580103326,0.2361087781955813,0.8500841523293238,0.9553831827311917,0.7891531664403538,0.8533160049327051,0.5631297007890336,1.21321,136.519,113.725,1,1,0,0,0,0,0,0,0,0,0,0,0.0,0.0,0.0,0.0,0.0,0.0,0.0,0,0,0.5,0.2,0.1,0.0,0.7,35.555191,1.21321,92.04838,0.6698710275314962,0.7891531664403538,0.5712785923493208,1.006,0.0,0.0,0.0,0.0,0.0,0.0,0.0,0,0.0,0.0,0,0,0,0,0,0,0,0,0,0,0,0,0,0,0,0,0
2,384.261,38,AugShort,3.192453246749995,-0.42667229116484334,0.999859710697406,0.16049464731292662,0.6493258114295585,0.9489733522340476,0.7622653205798089,0.8669903565440485,0.6206824358065461,4.35343,78.4073,120.818,0,1,0,0,0,0,0,0,0,0,0,0,0.0,0.0,0.0,0.0,0.0,0.0,0.0,0,0,0.4,0.2,0.1,0.0,0.6,43.083867000000005,1.21321,96.93378,0.7655428740142171,0.7622653205798089,0.5799430767307826,1.006,0.0,0.0,0.0,0.0,0.0,0.0,0.0,0,0.0,0.0,0,0,0,0,0,0,0,0,0,0,0,0,0,0,0,0,0
2,385.277,38,AugShort,3.4416886215726,0.2453104082899656,1.3337825102013943,0.3339227995039883,0.5683100548825373,0.8465504533752672,0.749105952005115,0.874752126751751,0.6701593785103317,2.2536,2.2536,121.977,1,1,1,0,0,0,0,0,0,0,0,0,0.0,0.0,0.0,0.0,0.0,0.0,0.0,0,0,0.5,0.2,0.1,0.0,0.6,42.228067,1.21321,101.26041,0.8827435350656072,0.749105952005115,0.601471891299452,1.006,0.0,0.0,0.0,0.0,0.0,0.0,0.0,0,0.0,0.0,0,0,0,0,0,0,0,0,0,0,0,0,0,0,0,0,0
2,386.266,38,AugShort,6.116362563339962,2.7044225902602244,0.024752178715180765,1.3090303314862135,0.5576687705600392,0.6600430330585022,0.7541321868598,0.8720871485933482,0.7203825004399123,2.2536,7.68079,123.003,1,1,0,0,0,0,0,0,0,0,0,0,0.0,0.0,0.0,0.0,0.0,0.0,0.0,0,0,0.4,0.2,0.0,0.0,0.6,42.517974,1.21321,105.22265,0.8786746236942035,0.7541321868598,0.7227414637222462,1.006,0.0,0.0,0.0,0.0,0.0,0.0,0.0,0,0.0,0.0,0,0,0,0,0,0,0,0,0,0,0,0,0,0,0,0,0
2,387.268,38,AugShort,3.5532306015481017,-2.558015929931996,0.6363793720280225,0.6116271933128418,0.5190594576917245,0.5775778304608619,0.7163698247927087,0.8619027004588435,0.7671533302878518,2.2536,27.4361,121.906,1,1,0,0,0,0,0,0,0,0,0,0,0.0,0.0,0.0,0.0,0.0,0.0,0.0,0,0,0.4,0.2,0.0,0.0,0.6,44.31145,1.21321,108.76258,0.9275598058763682,0.7163698247927087,0.7756955572758149,1.006,0.0,0.0,0.0,0.0,0.0,0.0,0.0,0,0.0,0.0,0,0,0,0,0,0,0,0,0,0,0,0,0,0,0,0,0
2,388.28,38,sem_arma,2.2906370142757413,-1.2476221218106327,2.1701740315544127,1.5337946595263903,0.7997819650338143,0.5076118706526503,0.7808709562598853,0.8476436850856779,0.7739162006401943,2.2536,124.426,64.2577,1,1,0,0,0,0,0,0,0,0,0,0,0.0,0.0,0.0,0.0,0.0,0.0,0.0,0,0,0.4,0.2,0.0,0.0,0.7,45.840050000000005,1.21321,106.21453,0.9708139847008234,0.7808709562598853,0.7700645539181051,1.006,0.0,0.0,0.0,0.0,0.0,0.0,0.0,0,0.0,0.0,0,0,0,0,0,0,0,0,0,0,0,0,0,0,0,0,0
2,389.284,38,sem_arma,2.8167734896259335,0.524040314093817,0.18233558908318484,1.9878384424712279,0.8870527353061046,0.44017407660194535,0.7369339297112132,0.83019920302755,0.7687495111207439,2.2536,132.916,62.4722,1,1,0,0,0,0,0,0,0,0,0,0,0.0,0.0,0.0,0.0,0.0,0.0,0.0,0,0,0.3,0.1,0.0,0.0,0.8,59.010329,2.2536,103.18035,0.7962056175814849,0.7369339297112132,0.9497696964685574,1.006,0.0,0.0,0.0,0.0,0.0,0.0,0.0,0,0.0,0.0,0,0,0,0,0,0,0,0,0,0,0,0,0,0,0,0,0
2,390.272,39,sem_arma,0.09602065354224938,-2.753798417088749,0.003259035871953284,0.17907655321123156,0.9121631184968846,0.4387755042233246,0.743198376665466,0.8127395016967451,0.7642106841061655,7.68079,133.042,62.4118,1,1,0,0,0,0,0,0,0,0,0,0,0.0,0.0,0.0,0.0,0.0,0.0,0.0,0,0,0.2,0.0,0.0,0.0,0.9,71.879186,2.2536,99.77347,0.7907361064170839,0.743198376665466,0.7806308405136202,0.0,0.0,0.0,0.0,0.0,0.0,0.0,0.0,0,0.0,0.0,0,0,0,0,0,0,0,0,0,0,0,0,0,0,0,0,0
2,391.302,39,sem_arma,0.775971046217362,0.6601460123059345,0.06958061180688584,0.06632157593493256,0.9052480224854615,0.4243151451998947,0.7352560987379656,0.7934815995672967,0.757710565796868,27.4361,132.474,127.152,1,1,0,0,0,0,0,0,0,0,0,0,0.0,0.0,0.0,0.0,0.0,0.0,0.0,0,0,0.1,0.0,0.0,0.0,0.9,84.671679,2.2536,102.38037,0.7976940534174686,0.7352560987379656,0.7814676975358209,0.0,0.0,0.0,0.0,0.0,0.0,0.0,0.0,0,0.0,0.0,0,0,0,0,0,0,0,0,0,0,0,0,0,0,0,0,0
2,392.288,39,sem_arma,0.7084893481031035,-0.06843985609965368,0.05951298274279926,0.010067629064086578,0.9376016466096877,0.4071232816126014,0.7358333962927068,0.7728488874945934,0.7586295734825136,124.426,128.512,130.316,1,1,0,0,0,0,0,0,0,0,0,0,0.0,0.0,0.0,0.0,0.0,0.0,0.0,0,0,0.1,0.0,0.0,0.0,0.9,90.366679,2.2536,104.80387,0.6639990380711571,0.7358333962927068,0.642828261001942,0.0,0.0,0.0,0.0,0.0,0.0,0.0,0.0,0,0.0,0.0,0,0,0,0,0,0,0,0,0,0,0,0,0,0,0,0,0
2,393.296,39,sem_arma,1.078252192563741,0.36682821871094984,0.026267386371080108,0.03324559637171915,0.06906514237772131,0.3511015532829931,0.7382242066774487,0.7488445449344205,0.6805276724873532,125.933,125.933,131.618,1,1,0,0,0,0,0,0,0,0,0,0,0.0,0.0,0.0,0.0,0.0,0.0,0.0,0,0,0.1,0.0,0.0,0.0,0.9,89.30807899999999,2.2536,106.59317000000001,0.5505903409072319,0.7382242066774487,0.6225419428195558,0.0,0.0,0.0,0.0,0.0,0.0,0.0,0.0,0,0.0,0.0,0,0,0,0,0,0,0,0,0,0,0,0,0,0,0,0,0
2,394.28,39,sem_arma,2.1816724716113356,1.1213620722028401,3.6298836795747275e-06,0.026263756487400532,0.031825937975733014,0.2976967144561097,0.7383244059212719,0.7207158343460047,0.6187776851419707,123.975,123.975,131.822,1,1,0,0,0,0,0,0,0,0,0,0,0.0,0.0,0.0,0.0,0.0,0.0,0.0,0,0,0.1,0.0,0.0,0.0,1.0,93.864849,2.2536,107.69357,0.45060473282585933,0.7383244059212719,0.6091188537370031,0.0,0.0,0.0,0.0,0.0,0.0,0.0,0.0,0,0.0,0.0,0,0,0,0,0,0,0,0,0,0,0,0,0,0,0,0,0
2,395.363,39,sem_arma,1.1130267413279111,-0.9867458266698287,0.15901478869989794,0.15901115881621836,0.060398787059511475,0.2785799646418275,0.6727324170482482,0.6913272221234138,0.5679865583596683,123.975,129.356,59.0126,0,1,0,0,0,0,0,0,0,0,0,0,0.0,0.0,0.0,0.0,0.0,0.0,0.0,0,0,0.0,0.0,0.0,0.0,0.9,106.575089,7.68079,101.39713,0.33312796067570966,0.6727324170482482,0.5916276896682262,0.0,0.0,0.0,0.0,0.0,0.0,0.0,0.0,0,0.0,0.0,0,0,0,0,0,0,0,0,0,0,0,0,0,0,0,0,0
2,396.369,39,sem_arma,0.5231689154804995,-0.5863397871246636,0.0408966421240907,0.11811814657580724,0.06096235181036882,0.2537417276287765,0.6719290307102526,0.658905128300572,0.5183159164847011,123.975,127.403,59.3372,0,1,0,0,0,0,0,0,0,0,0,0,0.0,0.0,0.0,0.0,0.0,0.0,0.0,0,0,0.0,0.0,0.0,0.0,0.8,118.54731000000001,27.4361,95.03055,0.33474240701660063,0.6719290307102526,0.47253647117718556,0.0,0.0,0.0,0.0,0.0,0.0,0.0,0.0,0,0.0,0.0,0,0,0,0,0,0,0,0,0,0,0,0,0,0,0,0,0
2,397.315,39,sem_arma,0.05390121471891996,-0.4960546519678431,0.1285971315246047,0.087700489400514,0.06894150839625877,0.25282148628390994,0.6657597444833049,0.6234671964197369,0.47330412155515467,123.975,125.531,146.136,1,1,0,0,0,0,0,0,0,0,0,0,0.0,0.0,0.0,0.0,0.0,0.0,0.0,0,0,0.0,0.0,0.0,0.0,0.8,128.3568,123.975,97.45354999999999,0.2839641829662588,0.6657597444833049,0.42014380078595276,0.0,0.0,0.0,0.0,0.0,0.0,0.0,0.0,0,0.0,0.0,0,0,0,0,0,0,0,0,0,0,0,0,0,0,0,0,0
2,398.299,39,sem_arma,1.2695119439447073,1.23537675734328,0.054678221916144396,0.0739189096084603,0.06541825025307661,0.26261416094743173,0.06357545240307427,0.5877554170713923,0.39986775007708086,123.975,126.876,151.172,1,1,0,0,0,0,0,0,0,0,0,0,0.0,0.0,0.0,0.0,0.0,0.0,0.0,0,0,0.0,0.0,0.0,0.0,0.8,128.6018,123.975,106.14498,0.07241460200243202,0.06357545240307427,0.2741562257941598,0.0,0.0,0.0,0.0,0.0,0.0,0.0,0.0,0,0.0,0.0,0,0,0,0,0,0,0,0,0,0,0,0,0,0,0,0,0
2,399.31,39,sem_arma,0.619050042729155,-0.6433846698472329,0.00667293962948195,0.04800528228666245,0.06350507029145579,0.29793140522200673,0.05326052265749164,0.5542873821423765,0.31751298357561597,125.467,125.467,157.445,1,1,0,0,0,0,0,0,0,0,0,0,0.0,0.0,0.0,0.0,0.0,0.0,0.0,0,0,0.0,0.0,0.0,0.0,0.8,127.8569,123.975,115.64226000000001,0.054848337057061734,0.05326052265749164,0.08017290977570327,0.0,0.0,0.0,0.0,0.0,0.0,0.0,0.0,0,0.0,0.0,0,0,0,0,0,0,0,0,0,0,0,0,0,0,0,0,0
2,400.327,40,sem_arma,1.8793116508694603,1.2391952882402217,0.4432839655475036,0.43661102591802164,0.17808334621535865,0.3919753565859423,0.1309744407101977,0.5257910995957799,0.24410500634746338,103.65,103.65,58.6242,0,1,0,0,0,0,0,0,0,0,0,0,0.0,0.0,0.0,0.0,0.0,0.0,0.0,0,0,0.0,0.0,0.0,0.0,0.7,124.9177,103.65,115.2635,0.09885083002461677,0.1309744407101977,0.10592635704638227,0.0,0.0,0.0,0.0,0.0,0.0,0.0,0.0,0,0.0,0.0,0,0,0,0,0,0,0,0,0,0,0,0,0,0,0,0,0
2,401.323,40,sem_arma,0.5630573395351696,-1.3215404732271994,0.7379661357520156,0.29468217020451204,0.31009238244248016,0.4295295554987901,0.23975136300219996,0.49919797350050626,0.18458944234316524,62.0698,62.0698,58.4468,0,1,0,0,0,0,0,0,0,0,0,0,0.0,0.0,0.0,0.0,0.0,0.0,0.0,0,0,0.0,0.0,0.0,0.0,0.6,117.87728,62.0698,108.39298000000001,0.16568938241912973,0.23975136300219996,0.12876241647334025,0.0,0.0,0.0,0.0,0.0,0.0,0.0,0.0,0,0.0,0.0,0,0,0,0,0,0,0,0,0,0,0,0,0,0,0,0,0
2,402.298,40,sem_arma,1.1240032538945333,0.5753291429326808,1.7001943913273925,0.9622282555753768,0.6897065759366914,0.4882031970691617,0.5366123254704793,0.4755361425883618,0.1597999352758656,62.0698,96.388,168.472,1,1,0,0,0,0,0,0,0,0,0,0,0.0,0.0,0.0,0.0,0.0,0.0,0.0,0,0,0.0,0.0,0.0,0.0,0.6,114.66488000000001,62.0698,112.20858000000001,0.329757523277589,0.5366123254704793,0.22397847912446922,0.0,0.0,0.0,0.0,0.0,0.0,0.0,0.0,0,0.0,0.0,0,0,0,0,0,0,0,0,0,0,0,0,0,0,0,0,0
2,403.304,40,sem_arma,2.2014255115114225,1.0709962799372656,0.014962835224269342,1.685231556103123,0.6975759934594103,0.6481010362384133,0.5373341339697212,0.4601720352637229,0.22265102038403448,62.0698,94.608,170.919,1,1,0,0,0,0,0,0,0,0,0,0,0.0,0.0,0.0,0.0,0.0,0.0,0.0,0,0,0.0,0.0,0.0,0.0,0.6,111.53237999999999,62.0698,116.13868,0.328627068162908,0.5373341339697212,0.3891770750976097,0.0,0.0,0.0,0.0,0.0,0.0,0.0,0.0,0,0.0,0.0,0,0,0,0,0,0,0,0,0,0,0,0,0,0,0,0,0
2,404.33,40,sem_arma,1.3642004507715977,-0.8160088311304335,0.21107904812129064,0.1961162128970213,0.6605375832517478,0.8124232469957386,0.5270379106511469,0.45334453000180747,0.28552218491163595,62.0698,81.5596,171.964,1,1,0,0,0,0,0,0,0,0,0,0,0.0,0.0,0.0,0.0,0.0,0.0,0.0,0,0,0.0,0.0,0.0,0.0,0.6,107.29084,62.0698,120.15288000000001,0.34973460998666905,0.5270379106511469,0.4061623207385717,0.0,0.0,0.0,0.0,0.0,0.0,0.0,0.0,0,0.0,0.0,0,0,0,0,0,0,0,0,0,0,0,0,0,0,0,0,0
2,405.3,40,sem_arma,0.44912376150797445,-0.9433780301686838,1.2557272919759013,1.0446482438546107,0.7042219987816059,0.7882750303826366,0.5929297776928402,0.4504307588521759,0.3499045060838454,62.0698,97.8598,54.6547,0,1,0,0,0,0,0,0,0,0,0,0,0.0,0.0,0.0,0.0,0.0,0.0,0.0,0,0,0.0,0.0,0.0,0.0,0.6,104.14122,62.0698,119.71708999999998,0.45940586031426944,0.5929297776928402,0.494726029242411,0.0,0.0,0.0,0.0,0.0,0.0,0.0,0.0,0,0.0,0.0,0,0,0,0,0,0,0,0,0,0,0,0,0,0,0,0,0
2,406.313,40,sem_arma,0.10216972066409041,-0.3425015210699744,0.0999535125450819,1.1557737794308194,0.769429173614622,0.7467998078254429,0.5885763185372879,0.454768597590523,0.42075118826427077,81.5596,91.954,54.6756,0,1,0,0,0,0,0,0,0,0,0,0,0.0,0.0,0.0,0.0,0.0,0.0,0.0,0,0,0.0,0.0,0.0,0.0,0.6,100.59632,62.0698,119.25093,0.4653115473563686,0.5885763185372879,0.5984915925279122,0.0,0.0,0.0,0.0,0.0,0.0,0.0,0.0,0,0.0,0.0,0,0,0,0,0,0,0,0,0,0,0,0,0,0,0,0,0
2,407.306,40,sem_arma,0.10403234491834665,0.0018757545360082923,0.025832024219141325,0.07412148832594058,0.5280721661104784,0.7159995105836889,0.5959593881937305,0.46168968159666424,0.46666425403569267,81.5596,93.3324,54.7132,0,1,0,0,0,0,0,0,0,0,0,0,0.0,0.0,0.0,0.0,0.0,0.0,0.0,0,0,0.0,0.0,0.0,0.0,0.5,97.37646,62.0698,110.10865000000001,0.4550350366258222,0.5959593881937305,0.5971336924204549,0.0,0.0,0.0,0.0,0.0,0.0,0.0,0.0,0,0.0,0.0,0,0,0,0,0,0,0,0,0,0,0,0,0,0,0,0,0
2,408.311,40,sem_arma,0.13511928565500225,0.030932279339955827,0.040347313570952004,0.014515289351810678,0.524498145920624,0.6931729369244286,0.5970453288636154,0.4709677349102533,0.5125722436024475,81.5596,90.9082,54.7541,0,1,0,0,0,0,0,0,0,0,0,0,0.0,0.0,0.0,0.0,0.0,0.0,0.0,0,0,0.0,0.0,0.0,0.0,0.4,93.77968000000001,62.0698,100.46686,0.453601945791303,0.5970453288636154,0.5911933303947898,0.0,0.0,0.0,0.0,0.0,0.0,0.0,0.0,0,0.0,0.0,0,0,0,0,0,0,0,0,0,0,0,0,0,0,0,0,0
2,409.297,40,sem_arma,0.13223556692720298,-0.0029246640241371935,0.009464076738073798,0.030883236832878205,0.5430213394545499,0.6428702699651093,0.5968137857354091,0.48110254457841145,0.5605238705187569,90.9082,91.3122,54.7936,0,1,0,0,0,0,0,0,0,0,0,0,0.0,0.0,0.0,0.0,0.0,0.0,0.0,0,0,0.0,0.0,0.0,0.0,0.3,90.36420000000001,62.0698,90.20172,0.4538810595021622,0.5968137857354091,0.5894811258494115,0.0,0.0,0.0,0.0,0.0,0.0,0.0,0.0,0,0.0,0.0,0,0,0,0,0,0,0,0,0,0,0,0,0,0,0,0,0
2,410.361,41,sem_arma,1.2185484563830862,1.0209707607668075,0.05254774088288364,0.04308366414480984,0.03437564462954854,0.6391668543980427,0.6102248135911916,0.4911221120871473,0.5461531003601758,90.9082,93.2016,55.0814,0,1,0,0,0,0,0,0,0,0,0,0,0.0,0.0,0.0,0.0,0.0,0.0,0.0,0,0,0.0,0.0,0.0,0.0,0.3,89.31935999999999,62.0698,89.84744,0.4148074370357001,0.6102248135911916,0.5501283896720903,0.0,0.0,0.0,0.0,0.0,0.0,0.0,0.0,0,0.0,0.0,0,0,0,0,0,0,0,0,0,0,0,0,0,0,0,0,0
2,411.308,41,sem_arma,0.15839603519502743,-1.119485133250326,0.0037994638187748633,0.04874827706410877,0.020470492302498807,0.6211563864836463,0.6111887185709638,0.5009641741513349,0.5171909113461777,90.9082,93.2692,55.1691,0,1,0,0,0,0,0,0,0,0,0,0,0.0,0.0,0.0,0.0,0.0,0.0,0.0,0,0,0.0,0.0,0.0,0.0,0.3,92.4393,81.5596,89.51966999999999,0.3413907698423761,0.6111887185709638,0.5255350003580499,0.0,0.0,0.0,0.0,0.0,0.0,0.0,0.0,0,0.0,0.0,0,0,0,0,0,0,0,0,0,0,0,0,0,0,0,0,0
2,412.31,41,sem_arma,0.019960119760420968,-0.1381595962421222,0.04739592966415279,0.04359646584537793,0.0224930611367661,0.6900909721457905,0.3842563172586666,0.5151125586779944,0.45046955986618525,90.5433,90.5433,55.1647,0,1,0,0,0,0,0,0,0,0,0,0,0.0,0.0,0.0,0.0,0.0,0.0,0.0,0,0,0.0,0.0,0.0,0.0,0.2,91.85483,81.5596,78.18894,0.17611092367605213,0.3842563172586666,0.43367182138505,0.0,0.0,0.0,0.0,0.0,0.0,0.0,0.0,0,0.0,0.0,0,0,0,0,0,0,0,0,0,0,0,0,0,0,0,0,0
2,413.315,41,sem_arma,0.6365835590536366,0.6135556609882743,0.011955650429331333,0.03544027923482146,0.02302950873440016,0.6731357385629043,0.3843975949724943,0.5312142679419899,0.38301491139368415,90.5433,90.5517,55.2402,0,1,0,0,0,0,0,0,0,0,0,0,0.0,0.0,0.0,0.0,0.0,0.0,0.0,0,0,0.0,0.0,0.0,0.0,0.1,91.44919999999999,81.5596,66.62106,0.1758102051965583,0.3843975949724943,0.2686926936982199,0.0,0.0,0.0,0.0,0.0,0.0,0.0,0.0,0,0.0,0.0,0,0,0,0,0,0,0,0,0,0,0,0,0,0,0,0,0
2,414.315,41,sem_arma,1.3426101191707838,0.7060265601171472,0.1888315297324285,0.17687587930309717,0.07462341598144714,0.4988247412252133,0.38423513743969523,0.5412706692804451,0.3244234946666541,81.1372,81.1372,55.15,0,1,0,0,0,0,0,0,0,0,0,0,0.0,0.0,0.0,0.0,0.0,0.0,0.0,0,0,0.0,0.0,0.0,0.0,0.0,91.40696,81.1372,54.93966,0.17358545335767211,0.38423513743969523,0.26676866033882746,0.0,0.0,0.0,0.0,0.0,0.0,0.0,0.0,0,0.0,0.0,0,0,0,0,0,0,0,0,0,0,0,0,0,0,0,0,0
2,415.31,41,sem_arma,0.0,-1.34935690368923,1.4976041400851914e-08,0.1888315147563871,0.0796273339983161,0.455712006222116,0.05787497415374175,0.5501272713594595,0.26196402818832515,81.137,81.137,55.1504,0,1,0,0,0,0,0,0,0,0,0,0,0.0,0.0,0.0,0.0,0.0,0.0,0.0,0,0,0.0,0.0,0.0,0.0,0.0,89.73468,81.137,54.98923,0.04801272565768611,0.05787497415374175,0.18118698742900513,0.0,0.0,0.0,0.0,0.0,0.0,0.0,0.0,0,0.0,0.0,0,0,0,0,0,0,0,0,0,0,0,0,0,0,0,0,0
2,416.313,41,sem_arma,0.0,0.0,1.4856591419588892e-08,1.1944998126302285e-10,0.08019925838942289,0.512585855850293,0.05652326815435086,0.5630694777705353,0.19304103666580522,81.1365,81.1365,55.1528,0,1,0,0,0,0,0,0,0,0,0,0,0.0,0.0,0.0,0.0,0.0,0.0,0.0,0,0,0.0,0.0,0.0,0.0,0.0,88.65293,81.1365,55.036950000000004,0.038017375888837066,0.05652326815435086,0.06560960949786818,0.0,0.0,0.0,0.0,0.0,0.0,0.0,0.0,0,0.0,0.0,0,0,0,0,0,0,0,0,0,0,0,0,0,0,0,0,0
2,417.305,41,sem_arma,1.495518268143856,1.5075788993385644,1.0100607668981123,1.0100607520415208,0.43668995648976944,0.37100705100082454,0.31209029462705024,0.568978756006381,0.1839028157037343,81.1365,102.145,221.325,1,1,0,0,0,0,0,0,0,0,0,0,0.0,0.0,0.0,0.0,0.0,0.0,0.0,0,0,0.0,0.0,0.0,0.0,0.1,89.53419,81.1365,71.69813,0.13644025015673417,0.31209029462705024,0.1592035358694262,0.0,0.0,0.0,0.0,0.0,0.0,0.0,0.0,0,0.0,0.0,0,0,0,0,0,0,0,0,0,0,0,0,0,0,0,0,0
2,418.312,41,sem_arma,1.7700086860834086,0.2725823415487117,0.034896348282629885,0.9751644186154824,0.43377729187486125,0.17316804164805769,0.3122814806206222,0.5645064500414124,0.17483073029915802,81.1365,100.759,228.257,1,1,0,0,0,0,0,0,0,0,0,0,0.0,0.0,0.0,0.0,0.0,0.0,0.0,0,0,0.0,0.0,0.0,0.0,0.2,90.51926999999999,81.1365,89.04842,0.13589515362790194,0.3122814806206222,0.25526844879579336,0.0,0.0,0.0,0.0,0.0,0.0,0.0,0.0,0,0.0,0.0,0,0,0,0,0,0,0,0,0,0,0,0,0,0,0,0,0
2,419.317,41,sem_arma,0.0,-1.7612026727198098,8.413602439391395e-07,0.034895506922385945,0.44806614168384024,0.22154452924184498,0.31272121057088337,0.5606871062424043,0.16533521052208705,81.1365,101.704,234.01,1,1,0,0,0,0,0,0,0,0,0,0,0.0,0.0,0.0,0.0,0.0,0.0,0.0,0,0,0.0,0.0,0.0,0.0,0.3,91.55845,81.1365,106.97006000000002,0.13494883009011896,0.31272121057088337,0.25566967580474415,0.0,0.0,0.0,0.0,0.0,0.0,0.0,0.0,0,0.0,0.0,0,0,0,0,0,0,0,0,0,0,0,0,0,0,0,0,0
2,420.31,42,sem_arma,0.0,0.0,5.37716516050121e-07,3.036437278890185e-07,0.44806608072841037,0.11774179244366163,0.3146949106540811,0.5469754280352903,0.20670425413197324,81.1365,102.232,240.182,1,1,0,0,0,0,0,0,0,0,0,0,0.0,0.0,0.0,0.0,0.0,0.0,0.0,0,0,0.0,0.0,0.0,0.0,0.4,92.46149,81.1365,125.48011999999999,0.1296941097734822,0.3146949106540811,0.2513613397546359,0.0,0.0,0.0,0.0,0.0,0.0,0.0,0.0,0,0.0,0.0,0,0,0,0,0,0,0,0,0,0,0,0,0,0,0,0,0
2,421.351,42,sem_arma,0.0,0.0,0.0,5.37716516050121e-07,0.44806608246080226,0.15129587564084662,0.3148660451969244,0.5330637440423931,0.2494638131478036,100.759,103.108,245.776,1,1,0,0,0,0,0,0,0,0,0,0,0.0,0.0,0.0,0.0,0.0,0.0,0.0,0,0,0.0,0.0,0.0,0.0,0.5,93.44537,81.1365,144.54081,0.1293141633916047,0.3148660451969244,0.24648656581987666,0.0,0.0,0.0,0.0,0.0,0.0,0.0,0.0,0,0.0,0.0,0,0,0,0,0,0,0,0,0,0,0,0,0,0,0,0,0
2,422.315,42,sem_arma,0.0,0.0,0.0,0.0,0.015605967204010621,0.14055465422999283,0.31658815801945045,0.5156813169004346,0.24877510375452805,100.759,103.83,251.631,1,1,0,0,0,0,0,0,0,0,0,0,0.0,0.0,0.0,0.0,0.0,0.0,0.0,0,0,0.0,0.0,0.0,0.0,0.6,94.77404,81.1365,164.18743999999998,0.12457457042518942,0.31658815801945045,0.24212691923533888,0.0,0.0,0.0,0.0,0.0,0.0,0.0,0.0,0,0.0,0.0,0,0,0,0,0,0,0,0,0,0,0,0,0,0,0,0,0
2,423.322,42,sem_arma,1.0193674004770223,1.012281430463776,0.3478605944801852,0.3478605944801852,0.15556783300518717,0.32683513127276165,0.3210993218506993,0.4996180216521521,0.2620289361816067,84.1737,84.1737,258.335,1,1,0,0,0,0,0,0,0,0,0,0,0.0,0.0,0.0,0.0,0.0,0.0,0.0,0,0,0.0,0.0,0.0,0.0,0.7,94.13624,81.1365,184.49692,0.15816506483027482,0.3210993218506993,0.2733689507598753,0.0,0.0,0.0,0.0,0.0,0.0,0.0,0.0,0,0.0,0.0,0,0,0,0,0,0,0,0,0,0,0,0,0,0,0,0,0
2,424.33,42,sem_arma,3.169949647074788,2.133514133529529,0.5684754239452351,0.2206148294650499,0.2627911547206734,0.6082633483468385,0.3465615514551422,0.48941002671970707,0.2808457100555294,51.9312,51.9312,265.689,1,1,0,0,0,0,0,0,0,0,0,0,0.0,0.0,0.0,0.0,0.0,0.0,0.0,0,0,0.0,0.0,0.0,0.0,0.8,91.21564,51.9312,205.55082000000002,0.19612945425155548,0.3465615514551422,0.27774284577607056,0.0,0.0,0.0,0.0,0.0,0.0,0.0,0.0,0,0.0,0.0,0,0,0,0,0,0,0,0,0,0,0,0,0,0,0,0,0
2,425.323,42,sem_arma,3.908510114143411,0.7437668349130141,0.15466044768986828,0.4138149762553668,0.2442767225991695,0.6906372134658773,0.34022951683515046,0.484528135873869,0.2973106489156147,43.7866,43.7866,268.46,1,1,0,0,0,0,0,0,0,0,0,0,0.0,0.0,0.0,0.0,0.0,0.0,0.0,0,0,0.0,0.0,0.0,0.0,0.9,87.4806,43.7866,226.88178,0.21159549752293816,0.34022951683515046,0.3002411919259685,0.0,0.0,0.0,0.0,0.0,0.0,0.0,0.0,0,0.0,0.0,0,0,0,0,0,0,0,0,0,0,0,0,0,0,0,0,0
2,426.324,42,sem_arma,3.5777045253468356,-0.33047511368289245,0.45206776643348756,0.29740731874361925,0.2283152913493407,0.7522362502963965,0.3390219356655134,0.4847999579974167,0.3121222522116065,18.6401,18.6401,271.593,1,1,0,0,0,0,0,0,0,0,0,0,0.0,0.0,0.0,0.0,0.0,0.0,0.0,0,0,0.0,0.0,0.0,0.0,1.0,81.23096000000001,18.6401,248.52579999999998,0.2568022726806277,0.3390219356655134,0.3299819237883854,0.0,0.0,0.0,0.0,0.0,0.0,0.0,0.0,0,0.0,0.0,0,0,0,0,0,0,0,0,0,0,0,0,0,0,0,0,0
2,427.329,42,sem_arma,1.3501986447876249,-2.2164237617504585,0.6476790208377858,0.19561125440429827,0.19333861484346154,0.767351109797783,0.2596315928201327,0.4873675379581215,0.2877871180469757,18.6401,55.6341,275.545,1,1,0,0,0,0,0,0,0,0,0,0,0.0,0.0,0.0,0.0,0.0,0.0,0.0,0,0,0.0,0.0,0.0,0.0,1.0,76.57987,18.6401,253.9478,0.22056409807459515,0.2596315928201327,0.24853697402466315,0.0,0.0,0.0,0.0,0.0,0.0,0.0,0.0,0,0.0,0.0,0,0,0,0,0,0,0,0,0,0,0,0,0,0,0,0,0
2,428.406,42,AugShort,2.934671064366392,1.4711907331279175,1.3543352409357412,0.7066562200979554,0.4433448909753954,0.755143826383831,0.4325055770790274,0.4904660824310915,0.28874387795702916,18.6401,114.524,70.7318,1,1,0,0,0,0,0,0,0,0,0,0,0.0,0.0,0.0,0.0,0.0,0.0,0.0,0,0,0.0,0.0,0.0,0.0,1.0,77.95637,18.6401,238.19528,0.3525079873399063,0.4325055770790274,0.2216861541729105,0.0,0.0,0.0,0.0,0.0,0.0,0.0,0.0,0,0.0,0.0,0,0,0,0,0,0,0,0,0,0,0,0,0,0,0,0,0
2,429.328,42,AugShort,7.137117803720069,4.557968263941081,0.23471399081443156,1.1196212501213096,0.47959329130764966,0.7837449570288425,0.4173534046342512,0.49750981678427825,0.29189659291941006,18.6401,126.958,286.039,1,1,0,0,0,0,0,0,0,0,0,0,0.0,0.0,0.0,0.0,0.0,0.0,0.0,0,0,0.0,0.0,0.0,0.0,1.0,80.48177,18.6401,243.39818,0.375979302285325,0.4173534046342512,0.3301587284928028,0.0,0.0,0.0,0.0,0.0,0.0,0.0,0.0,0,0.0,0.0,0,0,0,0,0,0,0,0,0,0,0,0,0,0,0,0,0
2,430.324,43,AugShort,6.169049039663408,-0.9719565904183346,0.0001187322350701425,0.23459525857936142,0.5165064104148248,0.860131992073823,0.41734157533834576,0.5085580736680673,0.2987406258880515,18.6401,127.492,291.953,1,1,0,0,0,0,0,0,0,0,0,0,0.0,0.0,0.0,0.0,0.0,0.0,0.0,0,0,0.0,0.0,0.0,0.0,1.0,83.00777,18.6401,248.57527999999996,0.3759911217371804,0.41734157533834576,0.3536182239863662,0.0,0.0,0.0,0.0,0.0,0.0,0.0,0.0,0,0.0,0.0,0,0,0,0,0,0,0,0,0,0,0,0,0,0,0,0,0
2,431.323,43,AugShort,3.757422439579291,-2.414040640724842,0.0,0.0001187322350701425,0.5718622744492049,0.8747543640109697,0.41734157533834576,0.5212379725444334,0.3111202450868918,55.6341,128.068,294.292,0,1,0,0,0,0,0,0,0,0,0,0,0.0,0.0,0.0,0.0,0.0,0.0,0.0,0,0,0.0,0.0,0.0,0.0,0.9,85.50377,18.6401,253.42687999999998,0.3759911217371804,0.41734157533834576,0.35363004343822163,0.0,0.0,0.0,0.0,0.0,0.0,0.0,0.0,0,0.0,0.0,0,0,0,0,0,0,0,0,0,0,0,0,0,0,0,0,0
2,432.32,43,AugShort,3.784628325047457,0.027287748714309196,0.0,0.0,0.5882651725349829,0.8845293219547488,0.41734157533834576,0.5309598900348813,0.36838616561998905,114.524,128.525,299.725,1,1,0,0,0,0,0,0,0,0,0,0,0.0,0.0,0.0,0.0,0.0,0.0,0.0,0,0,0.0,0.0,0.0,0.0,0.9,87.97327,18.6401,258.23628,0.3759911217371804,0.41734157533834576,0.35363004343822163,0.0,0.0,0.0,0.0,0.0,0.0,0.0,0.0,0,0.0,0.0,0,0,0,0,0,0,0,0,0,0,0,0,0,0,0,0,0
2,433.342,43,AugShort,3.5826702569390596,-0.19761063415694466,0.0,0.0,0.10495402567125849,0.9145450025428835,0.43410741275700737,0.5430303532338803,0.36332478488659614,126.958,128.828,305.419,1,1,0,0,0,0,0,0,0,0,0,0,0.0,0.0,0.0,0.0,0.0,0.0,0.0,0,0,0.0,0.0,0.0,0.0,0.9,92.43870000000001,18.6401,262.94468,0.3412050622891619,0.43410741275700737,0.3188439839902031,0.0,0.0,0.0,0.0,0.0,0.0,0.0,0.0,0,0.0,0.0,0,0,0,0,0,0,0,0,0,0,0,0,0,0,0,0,0
2,434.327,43,AugShort,3.649629500036851,0.06797892700283395,0.4526154650064764,0.4526154650064764,0.20240252134668668,0.9217610174066112,0.4288824391929782,0.5641771670429502,0.35728592154919747,115.989,115.989,89.3492,0,1,0,0,0,0,0,0,0,0,0,0,0.0,0.0,0.0,0.0,0.0,0.0,0.0,0,0,0.0,0.0,0.0,0.0,0.8,98.84448,18.6401,245.3107,0.32961906639528604,0.4288824391929782,0.3420440475443457,0.0,0.0,0.0,0.0,0.0,0.0,0.0,0.0,0,0.0,0.0,0,0,0,0,0,0,0,0,0,0,0,0,0,0,0,0,0
2,435.335,43,AugShort,3.324667627451444,-0.32238281010457054,0.01860583268450832,0.4340096323219681,0.20049752734971477,0.9240353777932979,0.4371281209707248,0.5875933356215093,0.352908002024252,115.989,116.411,91.6995,0,1,0,0,0,0,0,0,0,0,0,0,0.0,0.0,0.0,0.0,0.0,0.0,0.0,0,0,0.0,0.0,0.0,0.0,0.7,106.10692000000002,18.6401,227.63464999999997,0.31601360489475006,0.4371281209707248,0.34406351315100586,0.0,0.0,0.0,0.0,0.0,0.0,0.0,0.0,0,0.0,0.0,0,0,0,0,0,0,0,0,0,0,0,0,0,0,0,0,0
2,436.341,43,AugShort,3.2454213202761326,-0.0787736651842061,0.009251739873150979,0.009354092811357342,0.19945028384184654,0.9279377426817053,0.4441862035618524,0.6083609299630799,0.35002150127350257,115.989,116.519,94.8133,0,1,0,0,0,0,0,0,0,0,0,0,0.0,0.0,0.0,0.0,0.0,0.0,0.0,0,0,0.0,0.0,0.0,0.0,0.6,115.89481,55.6341,209.95668,0.2717320022387164,0.4441862035618524,0.3152581905577797,0.0,0.0,0.0,0.0,0.0,0.0,0.0,0.0,0,0.0,0.0,0,0,0,0,0,0,0,0,0,0,0,0,0,0,0,0,0
2,437.344,43,AugShort,3.5022099649360365,0.2560205829111704,1.0606275142709827,1.0513757743978316,0.4623918989123123,0.9269045990407345,0.49885199020690046,0.6361558073650755,0.37692682968038765,95.7335,95.7335,328.916,1,1,0,0,0,0,0,0,0,0,0,0,0.0,0.0,0.0,0.0,0.0,0.0,0.0,0,0,0.0,0.0,0.0,0.0,0.6,119.90474999999999,95.7335,215.29377999999997,0.3130268515820361,0.49885199020690046,0.40083464255713297,0.0,0.0,0.0,0.0,0.0,0.0,0.0,0.0,0,0.0,0.0,0,0,0,0,0,0,0,0,0,0,0,0,0,0,0,0,0
2,438.326,43,AugShort,3.465828707979195,-0.037048123173973095,1.1890203740087415,0.12839285973775882,0.5597500894939673,0.9266614926931172,0.461878815548564,0.6738304799173284,0.38856734953224487,95.7335,111.049,101.674,0,1,0,0,0,0,0,0,0,0,0,0,0.0,0.0,0.0,0.0,0.0,0.0,0.0,0,0,0.0,0.0,0.0,0.0,0.5,119.55725000000002,95.7335,218.38799999999998,0.29649536488933614,0.461878815548564,0.3430083065211133,0.0,0.0,0.0,0.0,0.0,0.0,0.0,0.0,0,0.0,0.0,0,0,0,0,0,0,0,0,0,0,0,0,0,0,0,0,0
2,439.342,43,AugShort,2.996307511999422,-0.4621271613974145,0.09602625587509146,1.09299411813365,0.5961590444894866,0.9158629693007883,0.466003798145826,0.7085464019202756,0.4002239248504285,95.7335,116.03,104.516,0,1,0,0,0,0,0,0,0,0,0,0,0.0,0.0,0.0,0.0,0.0,0.0,0.0,0,0,0.0,0.0,0.0,0.0,0.4,118.46445000000001,95.7335,200.2357,0.28262659139540214,0.466003798145826,0.3403455933223474,0.0,0.0,0.0,0.0,0.0,0.0,0.0,0.0,0,0.0,0.0,0,0,0,0,0,0,0,0,0,0,0,0,0,0,0,0,0
2,440.327,44,AugShort,2.96173043017504,-0.03510363636993098,0.9231359568049659,0.8271097009298743,0.559251490526807,0.9075295687256982,0.4943774239700944,0.7480357907343774,0.4044984328616268,95.7335,104.775,345.22,0,1,0,0,0,0,0,0,0,0,0,0,0.0,0.0,0.0,0.0,0.0,0.0,0.0,0,0,0.0,0.0,0.0,0.0,0.3,116.19275,95.7335,205.56240000000003,0.37492831385239167,0.4943774239700944,0.3995970375573986,0.0,0.0,0.0,0.0,0.0,0.0,0.0,0.0,0,0.0,0.0,0,0,0,0,0,0,0,0,0,0,0,0,0,0,0,0,0
2,441.349,44,AugShort,3.550956806085459,0.5765424421824064,0.6191947723624723,0.3039411844424935,0.4359435162740795,0.9124367363233806,0.4807905505628222,0.7860928337685041,0.3909065570441142,68.981,68.981,353.286,0,1,0,0,0,0,0,0,0,0,0,0,0.0,0.0,0.0,0.0,0.0,0.0,0.0,0,0,0.0,0.0,0.0,0.0,0.3,110.28405000000001,68.981,211.46179999999998,0.4368477910886389,0.4807905505628222,0.42997928277814096,0.0,0.0,0.0,0.0,0.0,0.0,0.0,0.0,0,0.0,0.0,0,0,0,0,0,0,0,0,0,0,0,0,0,0,0,0,0
2,442.337,44,AugShort,3.4249594834818526,-0.12752765445709152,0.8365833537473921,0.2173885813849198,0.4103421557899354,0.9165233526918638,0.4689706622301038,0.8248912686915977,0.37311425536960946,68.981,116.907,361.317,0,1,0,0,0,0,0,0,0,0,0,0,0.0,0.0,0.0,0.0,0.0,0.0,0.0,0,0,0.0,0.0,0.0,0.0,0.2,109.12225000000001,68.981,217.621,0.5205061264633781,0.4689706622301038,0.451718140916633,0.0,0.0,0.0,0.0,0.0,0.0,0.0,0.0,0,0.0,0.0,0,0,0,0,0,0,0,0,0,0,0,0,0,0,0,0,0
2,443.377,44,AugShort,3.482348286126628,0.05518154100459185,0.25277714539215906,0.5838062083552331,0.36072242132349547,0.9177725425068558,0.4439424248692542,0.8544381392533023,0.3986910949348331,68.981,132.508,370.372,0,1,0,0,0,0,0,0,0,0,0,0,0.0,0.0,0.0,0.0,0.0,0.0,0.0,0,0,0.0,0.0,0.0,0.0,0.1,109.49025000000002,68.981,224.1163,0.5457838410025941,0.4439424248692542,0.5100987617521563,0.0,0.0,0.0,0.0,0.0,0.0,0.0,0.0,0,0.0,0.0,0,0,0,0,0,0,0,0,0,0,0,0,0,0,0,0,0
2,444.371,44,AugShort,4.559844678239898,1.0840003944801508,0.033431004214599325,0.21934614117755974,0.38075335949066236,0.9176024971783877,0.4725836094457731,0.8699050966948798,0.4165261787492307,68.981,134.73,380.091,0,1,0,0,0,0,0,0,0,0,0,0,0.0,0.0,0.0,0.0,0.0,0.0,0.0,0,0,0.0,0.0,0.0,0.0,0.1,111.36434999999999,68.981,253.19047999999998,0.5038653949234063,0.4725836094457731,0.4867718293692646,0.0,0.0,0.0,0.0,0.0,0.0,0.0,0.0,0,0.0,0.0,0,0,0,0,0,0,0,0,0,0,0,0,0,0,0,0,0
2,445.341,44,AugShort,6.8046309759051,2.3142126780053633,0.5064424082204428,0.4730114040058435,0.3137217695098567,0.9410603093177807,0.44105287627843676,0.882426251487475,0.42784860296524496,68.981,117.391,124.893,0,1,0,0,0,0,0,0,0,0,0,0,0.0,0.0,0.0,0.0,0.0,0.0,0.0,0,0,0.0,0.0,0.0,0.0,0.1,111.46235000000001,68.981,256.50983,0.5526490524769998,0.44105287627843676,0.4906720065376522,0.0,0.0,0.0,0.0,0.0,0.0,0.0,0.0,0,0.0,0.0,0,0,0,0,0,0,0,0,0,0,0,0,0,0,0,0,0
2,446.353,44,AugShort,6.589405844542545,-0.21267305470608186,0.2912727364191883,0.21516967180125451,0.3035375544599966,0.9497611313407799,0.41039711284220043,0.892302495539694,0.4382573300270599,102.124,102.124,130.496,0,1,0,0,0,0,0,0,0,0,0,0,0.0,0.0,0.0,0.0,0.0,0.0,0.0,0,0,0.0,0.0,0.0,0.0,0.1,110.02284999999999,68.981,260.0781,0.5808511521316035,0.41039711284220043,0.5112535644366418,0.0,0.0,0.0,0.0,0.0,0.0,0.0,0.0,0,0.0,0.0,0,0,0,0,0,0,0,0,0,0,0,0,0,0,0,0,0
2,447.346,44,AugShort,3.847405957252315,-2.7613291916316522,1.0112230734931753,0.719950337073987,0.37114083614417015,0.9515151612424521,0.404230773639517,0.9015106981119276,0.4291322237502457,102.124,122.953,406.84,0,1,0,0,0,0,0,0,0,0,0,0,0.0,0.0,0.0,0.0,0.0,0.0,0.0,0,0,0.0,0.0,0.0,0.0,0.0,112.74480000000001,68.981,267.8705,0.5759107080538227,0.404230773639517,0.47811102070425743,0.0,0.0,0.0,0.0,0.0,0.0,0.0,0.0,0,0.0,0.0,0,0,0,0,0,0,0,0,0,0,0,0,0,0,0,0,0
2,448.349,44,AugShort,0.8565011586352367,-2.981958921851524,0.10814790443189518,0.9030751690612802,0.3923665419904452,0.9519281340899556,0.36464483688938887,0.9113499134972338,0.4123938689998935,102.124,116.47,409.212,0,1,0,0,0,0,0,0,0,0,0,0,0.0,0.0,0.0,0.0,0.0,0.0,0.0,0,0,0.0,0.0,0.0,0.0,0.0,113.28689999999999,68.981,298.62430000000006,0.4678234610961381,0.36464483688938887,0.5555792516366095,0.0,0.0,0.0,0.0,0.0,0.0,0.0,0.0,0,0.0,0.0,0,0,0,0,0,0,0,0,0,0,0,0,0,0,0,0,0
2,449.344,44,AugShort,0.0,-0.8608051845580268,1.4976041400851914e-08,0.10814788945585377,0.40017119513811267,0.9487854211562889,0.37659235618993514,0.919601936703606,0.3927950840647561,102.124,116.006,409.913,0,1,0,0,0,0,0,0,0,0,0,0,0.0,0.0,0.0,0.0,0.0,0.0,0.0,0,0,0.0,0.0,0.0,0.0,0.0,113.28450000000001,68.981,329.16400000000004,0.4582208370062332,0.37659235618993514,0.4570946287688299,0.0,0.0,0.0,0.0,0.0,0.0,0.0,0.0,0,0.0,0.0,0,0,0,0,0,0,0,0,0,0,0,0,0,0,0,0,0
2,450.353,45,sem_arma,1.2975218384748477,1.2859483037411772,1.8073202927971401,1.8073202778210988,0.7606668179641803,0.9084280589198009,0.5579865892118676,0.9220167400459051,0.4129366168084935,11.8806,11.8806,410.94,0,1,0,0,0,0,0,0,0,0,0,0,0.0,0.0,0.0,0.0,0.0,0.0,0.0,0,0,0.0,0.0,0.0,0.0,0.0,103.99506,11.8806,335.736,0.5466392706054506,0.5579865892118676,0.5551156864579524,0.0,0.0,0.0,0.0,0.0,0.0,0.0,0.0,0,0.0,0.0,0,0,0,0,0,0,0,0,0,0,0,0,0,0,0,0,0
2,451.345,45,sem_arma,1.5596721825518784,0.26426445975507135,1.862021356532553,0.054701063735412836,0.8918302098165093,0.878728790712206,0.6970290319932779,0.922215461380967,0.45852528616273647,11.8806,116.187,414.203,0,1,0,0,0,0,0,0,0,0,0,0,0.0,0.0,0.0,0.0,0.0,0.0,0.0,0,0,0.0,0.0,0.0,0.0,0.0,108.71566,11.8806,341.82769999999994,0.6709219290224586,0.6970290319932779,0.5301916743872443,0.0,0.0,0.0,0.0,0.0,0.0,0.0,0.0,0,0.0,0.0,0,0,0,0,0,0,0,0,0,0,0,0,0,0,0,0,0
2,452.356,45,sem_arma,1.3498916964893681,-0.20749800797478768,0.019770822486635732,1.8422505340459172,0.9825705740355684,0.8560681626388406,0.7228401565854151,0.9207924034151714,0.5157481279872997,11.8806,116.882,417.961,0,1,0,0,0,0,0,0,0,0,0,0,0.0,0.0,0.0,0.0,0.0,0.0,0.0,0,0,0.0,0.0,0.0,0.0,0.0,108.71315999999999,11.8806,347.49210000000005,0.589240675896383,0.7228401565854151,0.692677869653344,0.0,0.0,0.0,0.0,0.0,0.0,0.0,0.0,0,0.0,0.0,0,0,0,0,0,0,0,0,0,0,0,0,0,0,0,0,0
2,453.357,45,sem_arma,0.0,-1.3485431533360321,0.7412825400400989,0.7215117175534631,0.9162069694907086,0.8475887713828786,0.7140281893583101,0.9174445918571712,0.5712965828040211,11.8806,74.1115,417.974,0,1,0,0,0,0,0,0,0,0,0,0,0.0,0.0,0.0,0.0,0.0,0.0,0.0,0,0,0.0,0.0,0.0,0.0,0.0,102.87351000000001,11.8806,352.2523,0.6380912153611769,0.7140281893583101,0.7064484205731671,0.0,0.0,0.0,0.0,0.0,0.0,0.0,0.0,0,0.0,0.0,0,0,0,0,0,0,0,0,0,0,0,0,0,0,0,0,0
2,454.343,45,sem_arma,0.0,0.0,2.09645080672109,1.355168266680991,0.8886202197275715,0.8402295088748507,0.8113171699977894,0.9133680164305831,0.6220832688277119,11.8806,33.6974,132.232,0,1,0,0,0,0,0,0,0,0,0,0,0.0,0.0,0.0,0.0,0.0,0.0,0.0,0,0,0.0,0.0,0.0,0.0,0.0,92.77025,11.8806,327.4664,0.8443931956118259,0.8113171699977894,0.8200306331235101,0.0,0.0,0.0,0.0,0.0,0.0,0.0,0.0,0,0.0,0.0,0,0,0,0,0,0,0,0,0,0,0,0,0,0,0,0,0
2,455.357,45,sem_arma,0.8688581227231172,0.8568620539675712,0.35013041790655125,1.7463203888145387,0.9211988437419892,0.8026096461997263,0.8200109462612127,0.9072967298509045,0.6828309762509253,13.4467,13.4467,131.388,0,1,0,0,0,0,0,0,0,0,0,0,0.0,0.0,0.0,0.0,0.0,0.0,0.0,0,0,0.0,0.0,0.0,0.0,0.0,82.37582,11.8806,328.1159,0.8287619965804369,0.8200109462612127,0.9473615316043797,0.0,0.0,0.0,0.0,0.0,0.0,0.0,0.0,0,0.0,0.0,0,0,0,0,0,0,0,0,0,0,0,0,0,0,0,0,0
2,456.354,45,sem_arma,2.540486432584189,1.6766582847152172,0.36501013125201553,0.014879713345464285,0.8136433990484132,0.7114926475302766,0.8149566406571795,0.8964744750933331,0.7338415607097668,7.53083,7.53083,128.842,0,1,0,0,0,0,0,0,0,0,0,0,0.0,0.0,0.0,0.0,0.0,0.0,0.0,0,0,0.0,0.0,0.0,0.0,0.0,72.916503,7.53083,327.95050000000003,0.8361357360637196,0.8149566406571795,0.9273325357588007,0.0,0.0,0.0,0.0,0.0,0.0,0.0,0.0,0,0.0,0.0,0,0,0,0,0,0,0,0,0,0,0,0,0,0,0,0,0
2,457.352,45,sem_arma,2.585713630151309,0.0453178332335873,0.6385357322589438,0.27352560100692824,0.7236322342467001,0.6305103530569558,0.8145816605749239,0.8816547627941442,0.7690907005200198,7.53083,44.3962,126.411,0,1,0,0,0,0,0,0,0,0,0,0,0.0,0.0,0.0,0.0,0.0,0.0,0.0,0,0,0.0,0.0,0.0,0.0,0.0,65.060823,7.53083,299.90759999999995,0.7988670019402965,0.8145816605749239,0.8826900621520949,0.0,0.0,0.0,0.0,0.0,0.0,0.0,0.0,0,0.0,0.0,0,0,0,0,0,0,0,0,0,0,0,0,0,0,0,0,0
2,458.358,45,sem_arma,0.025498614500771174,-2.544945343589004,0.9825356395713488,0.34399990731240504,0.7235907136176987,0.6140407663249812,0.7783226581248793,0.8660237264757373,0.8022131176827452,7.53083,101.012,126.412,0,1,0,0,0,0,0,0,0,0,0,0,0.0,0.0,0.0,0.0,0.0,0.0,0.0,0,0,0.0,0.0,0.0,0.0,0.0,63.515023,7.53083,271.6276,0.8863057754542417,0.7783226581248793,0.8267825359772074,0.0,0.0,0.0,0.0,0.0,0.0,0.0,0.0,0,0.0,0.0,0,0,0,0,0,0,0,0,0,0,0,0,0,0,0,0,0
2,459.371,45,sem_arma,1.6063482626396761,1.5605623377481788,0.8289256328854226,0.15361000668592617,0.27947559272896244,0.6238121358430385,0.7150072457330556,0.8514211848028499,0.7901435574418302,7.53083,131.792,430.079,1,1,0,0,0,0,0,0,0,0,0,0,0.0,0.0,0.0,0.0,0.0,0.0,0.0,0,0,0.0,0.0,0.0,0.0,0.1,65.09362300000001,7.53083,273.6442,0.9691983372451798,0.7150072457330556,0.8313287477002145,0.0,0.0,0.0,0.0,0.0,0.0,0.0,0.0,0,0.0,0.0,0,0,0,0,0,0,0,0,0,0,0,0,0,0,0,0,0
2,460.353,46,sem_arma,3.4708179757760553,1.8986453290594494,0.012013401541681344,0.8169122313437414,0.38574264837034117,0.6566619255807412,0.7065220102286243,0.8388778026456022,0.7526511404824463,7.53083,132.883,431.362,1,1,0,0,0,0,0,0,0,0,0,0,0.0,0.0,0.0,0.0,0.0,0.0,0.0,0,0,0.0,0.0,0.0,0.0,0.2,77.19386300000001,7.53083,275.6864,0.789667648119634,0.7065220102286243,0.7322879430524788,0.0,0.0,0.0,0.0,0.0,0.0,0.0,0.0,0,0.0,0.0,0,0,0,0,0,0,0,0,0,0,0,0,0,0,0,0,0
2,461.351,46,sem_arma,3.5316215928234023,0.060925467983313567,0.29587948014907645,0.2838660786073951,0.39582809802208085,0.6580817123940624,0.6092950753509293,0.8261600514491361,0.7030509293030034,44.3962,116.463,433.057,0,1,0,0,0,0,0,0,0,0,0,0,0.0,0.0,0.0,0.0,0.0,0.0,0.0,0,0,0.0,0.0,0.0,0.0,0.2,77.221463,7.53083,277.57180000000005,0.6330534604812864,0.6092950753509293,0.755204444539677,0.0,0.0,0.0,0.0,0.0,0.0,0.0,0.0,0,0.0,0.0,0,0,0,0,0,0,0,0,0,0,0,0,0,0,0,0,0
2,462.366,46,sem_arma,3.531109404787352,-0.0005046187547294127,0.014736296773540743,0.2811431833755357,0.45539316100825655,0.6598923756902335,0.609859946203229,0.8133285025990548,0.6503331880002723,101.012,117.73,434.794,0,1,0,0,0,0,0,0,0,0,0,0,0.0,0.0,0.0,0.0,0.0,0.0,0.0,0,0,0.0,0.0,0.0,0.0,0.2,77.306263,7.53083,279.25509999999997,0.6325500079099768,0.609859946203229,0.599093709472639,0.0,0.0,0.0,0.0,0.0,0.0,0.0,0.0,0,0.0,0.0,0,0,0,0,0,0,0,0,0,0,0,0,0,0,0,0,0
2,463.376,46,sem_arma,3.4287320511352135,-0.10136371648726575,1.2101379781715271,1.1954016813979864,0.5300799967185914,0.6385380536093116,0.6365850683755154,0.7993667781541773,0.6117204907230606,48.4345,48.4345,434.966,0,1,0,0,0,0,0,0,0,0,0,0,0.0,0.0,0.0,0.0,0.0,0.0,0.0,0,0,0.0,0.0,0.0,0.0,0.2,74.738563,7.53083,280.9543,0.6794355517231196,0.6365850683755154,0.6464827058570912,0.0,0.0,0.0,0.0,0.0,0.0,0.0,0.0,0,0.0,0.0,0,0,0,0,0,0,0,0,0,0,0,0,0,0,0,0,0
2,464.385,46,sem_arma,2.8252792525832544,-0.5980701670485224,0.32274571109112143,0.8873922670804057,0.49191444042974036,0.5930148064250327,0.40164348154311674,0.7831373936165097,0.5720499127932774,30.2889,30.2889,434.032,0,1,0,0,0,0,0,0,0,0,0,0,0.0,0.0,0.0,0.0,0.0,0.0,0.0,0,0,0.0,0.0,0.0,0.0,0.2,74.397713,7.53083,311.1343,0.5020650421601228,0.40164348154311674,0.5997051058970326,0.0,0.0,0.0,0.0,0.0,0.0,0.0,0.0,0,0.0,0.0,0,0,0,0,0,0,0,0,0,0,0,0,0,0,0,0,0
2,465.355,46,sem_arma,1.2665611048046472,-1.606925925544956,0.07294295229143605,0.2498027587996854,0.48143818686262757,0.503839582210101,0.4223263252840636,0.7612763572611257,0.5280738471053412,30.2889,34.1655,434.659,0,1,0,0,0,0,0,0,0,0,0,0,0.0,0.0,0.0,0.0,0.0,0.0,0.0,0,0,0.0,0.0,0.0,0.0,0.2,76.469593,7.53083,341.4614,0.47434629559861136,0.4223263252840636,0.4500533428955474,0.0,0.0,0.0,0.0,0.0,0.0,0.0,0.0,0,0.0,0.0,0,0,0,0,0,0,0,0,0,0,0,0,0,0,0,0,0
2,466.354,46,sem_arma,1.1677878246829558,-0.09887215227396537,1.3659340969516924,1.2929911446602564,0.6434437818957417,0.3625524457159088,0.5042073270025893,0.7319159229798822,0.5110538853900741,30.2889,111.867,433.787,0,1,0,0,0,0,0,0,0,0,0,0,0.0,0.0,0.0,0.0,0.0,0.0,0.0,0,0,0.0,0.0,0.0,0.0,0.2,86.90321,30.2889,371.9559,0.574438692168579,0.5042073270025893,0.5778644860270266,0.0,0.0,0.0,0.0,0.0,0.0,0.0,0.0,0,0.0,0.0,0,0,0,0,0,0,0,0,0,0,0,0,0,0,0,0,0
2,467.362,46,sem_arma,1.5504474066380707,0.37962260114594726,0.020449182649563444,1.345484914302129,0.642154474866437,0.22895326275161912,0.5325638308384405,0.6957878280553406,0.5029061094520477,30.2889,112.849,433.303,0,1,0,0,0,0,0,0,0,0,0,0,0.0,0.0,0.0,0.0,0.0,0.0,0.0,0,0,0.0,0.0,0.0,0.0,0.2,93.74849,30.2889,402.6451,0.5126300372076409,0.5325638308384405,0.6850604173565467,0.0,0.0,0.0,0.0,0.0,0.0,0.0,0.0,0,0.0,0.0,0,0,0,0,0,0,0,0,0,0,0,0,0,0,0,0,0
2,468.353,46,sem_arma,2.202228100012339,0.6576999933140953,0.17662893689784848,0.15617975424828504,0.5566811359707642,0.13962662612555546,0.5142151525697541,0.6551727526571205,0.4862151516873544,30.2889,122.572,432.395,0,1,0,0,0,0,0,0,0,0,0,0,0.0,0.0,0.0,0.0,0.0,0.0,0.0,0,0,0.0,0.0,0.0,0.0,0.2,95.90449000000001,30.2889,433.2434,0.432039366940291,0.5142151525697541,0.6662784020501346,0.0,0.0,0.0,0.0,0.0,0.0,0.0,0.0,0,0.0,0.0,0,0,0,0,0,0,0,0,0,0,0,0,0,0,0,0,0
2,469.371,46,sem_arma,2.098991429306253,-0.10141126788417103,0.08949146514676341,0.08713747175108506,0.5734300495583414,0.07806252122864836,0.5038627542712579,0.6116366076607385,0.5156105973702922,34.1655,127.459,431.142,0,1,0,0,0,0,0,0,0,0,0,0,0.0,0.0,0.0,0.0,0.0,0.0,0.0,0,0,0.0,0.0,0.0,0.0,0.1,95.47119,30.2889,433.34970000000004,0.35809595016642504,0.5038627542712579,0.6596311485566505,0.0,0.0,0.0,0.0,0.0,0.0,0.0,0.0,0,0.0,0.0,0,0,0,0,0,0,0,0,0,0,0,0,0,0,0,0,0
2,470.397,47,sem_arma,1.3500380787819448,-0.7299740258521522,0.0007279812385861829,0.08876348390817723,0.5828306301349466,0.06852463733171345,0.5047359127920518,0.569641436581334,0.5353193955467528,111.867,127.355,430.287,0,1,0,0,0,0,0,0,0,0,0,0,0.0,0.0,0.0,0.0,0.0,0.0,0.0,0,0,0.0,0.0,0.0,0.0,0.0,94.91839,30.2889,433.2422,0.3569674081361155,0.5047359127920518,0.5868162738130941,0.0,0.0,0.0,0.0,0.0,0.0,0.0,0.0,0,0.0,0.0,0,0,0,0,0,0,0,0,0,0,0,0,0,0,0,0,0
2,471.383,47,sem_arma,1.6435071681095466,0.29763599323286183,1.2155190604453093e-06,0.0007267657195257376,0.07602151792130607,0.030038913611960705,0.5172323578362856,0.5272069427263217,0.5033387375366754,112.849,127.262,429.478,0,1,0,0,0,0,0,0,0,0,0,0,0.0,0.0,0.0,0.0,0.0,0.0,0.0,0,0,0.0,0.0,0.0,0.0,0.0,95.99829,30.2889,432.8843,0.3273795816731139,0.5172323578362856,0.5585023425243072,0.0,0.0,0.0,0.0,0.0,0.0,0.0,0.0,0,0.0,0.0,0,0,0,0,0,0,0,0,0,0,0,0,0,0,0,0,0
2,472.365,47,sem_arma,1.8402511651509972,0.20035030248620228,0.0,1.2155190604453093e-06,0.07900204422316826,0.06231492308462146,0.5182420776041679,0.48751928074861095,0.4656996258581664,122.572,127.376,429.204,0,1,0,0,0,0,0,0,0,0,0,0,0.0,0.0,0.0,0.0,0.0,0.0,0.0,0,0,0.0,0.0,0.0,0.0,0.0,96.96289,30.2889,432.32529999999997,0.3259059519957598,0.5182420776041679,0.5303881457386597,0.0,0.0,0.0,0.0,0.0,0.0,0.0,0.0,0,0.0,0.0,0,0,0,0,0,0,0,0,0,0,0,0,0,0,0,0,0
2,473.395,47,sem_arma,0.4550697202385231,-1.3448363542839554,0.0787868804852529,0.0787868804852529,0.04610833696837729,0.05585701766461569,0.41744988891031076,0.4479326930626977,0.417302459883145,127.262,132.612,430.14,0,1,0,0,0,0,0,0,0,0,0,0,0.0,0.0,0.0,0.0,0.0,0.0,0.0,0,0,0.0,0.0,0.0,0.0,0.0,105.38064,30.2889,431.8427,0.21277084222713244,0.41744988891031076,0.4187266656473863,0.0,0.0,0.0,0.0,0.0,0.0,0.0,0.0,0,0.0,0.0,0,0,0,0,0,0,0,0,0,0,0,0,0,0,0,0,0
2,474.376,47,sem_arma,0.28432882602641607,-0.1740478024588247,0.08220983710181683,0.0034229566165639297,0.04397529288402307,0.05817794352209379,0.4173388766100409,0.4088301147950599,0.37250854512857334,127.262,128.698,433.627,0,1,0,0,0,0,0,0,0,0,0,0,0.0,0.0,0.0,0.0,0.0,0.0,0.0,0,0,0.0,0.0,0.0,0.0,0.0,115.22155000000001,34.1655,431.80219999999997,0.18871725482820195,0.4173388766100409,0.3303297346010021,0.0,0.0,0.0,0.0,0.0,0.0,0.0,0.0,0,0.0,0.0,0,0,0,0,0,0,0,0,0,0,0,0,0,0,0,0,0
2,475.387,47,sem_arma,2.1929928562526024,1.887897161450234,0.0004962038550380938,0.08171363324677873,0.04401705583658695,0.08133068733576264,0.4201909966692191,0.3727661668518617,0.3287664320259692,127.262,129.053,437.079,0,1,0,0,0,0,0,0,0,0,0,0,0.0,0.0,0.0,0.0,0.0,0.0,0.0,0,0,0.0,0.0,0.0,0.0,0.0,124.7103,111.867,432.0442,0.18147257998456212,0.4201909966692191,0.31352082204571147,0.0,0.0,0.0,0.0,0.0,0.0,0.0,0.0,0,0.0,0.0,0,0,0,0,0,0,0,0,0,0,0,0,0,0,0,0,0
2,476.382,47,sem_arma,2.2162119653286676,0.0233357880161459,0.0,0.0004962038550380938,0.04401727881182718,0.10691271353307918,0.06004616698424636,0.3425371701520018,0.2688237817175778,127.376,129.448,440.305,1,1,0,0,0,0,0,0,0,0,0,0,0.0,0.0,0.0,0.0,0.0,0.0,0.0,0,0,0.0,0.0,0.0,0.0,0.1,126.4684,112.849,432.696,0.04487917028939291,0.06004616698424636,0.1842713279651896,0.0,0.0,0.0,0.0,0.0,0.0,0.0,0.0,0,0.0,0.0,0,0,0,0,0,0,0,0,0,0,0,0,0,0,0,0,0
2,477.39,47,sem_arma,1.4417732475656293,-0.7682923787331729,0.02822516843797028,0.02822516843797028,0.04050970710513894,0.14616750311527052,0.059744236738865815,0.3183200276549175,0.20865930494144802,128.194,128.194,442.164,0,1,0,0,0,0,0,0,0,0,0,0,0.0,0.0,0.0,0.0,0.0,0.0,0.0,0,0,0.0,0.0,0.0,0.0,0.1,128.0029,122.572,433.58209999999997,0.045656768868233596,0.059744236738865815,0.05254535337877374,0.0,0.0,0.0,0.0,0.0,0.0,0.0,0.0,0,0.0,0.0,0,0,0,0,0,0,0,0,0,0,0,0,0,0,0,0,0
2,478.37,47,sem_arma,0.24532329136148304,-1.2208673022491288,0.01005918050769909,0.018165987930271188,0.03438319317145254,0.14673300567957484,0.03867714733808561,0.2949546396226473,0.15642951066151684,128.194,128.751,444.78,0,1,0,0,0,0,0,0,0,0,0,0,0.0,0.0,0.0,0.0,0.0,0.0,0.0,0,0,0.0,0.0,0.0,0.0,0.1,128.6208,127.262,434.8206,0.02899979322921865,0.03867714733808561,0.038743976746972365,0.0,0.0,0.0,0.0,0.0,0.0,0.0,0.0,0,0.0,0.0,0,0,0,0,0,0,0,0,0,0,0,0,0,0,0,0,0
2,479.38,47,sem_arma,0.0408229252306984,-0.20247561003047984,0.017375004868767592,0.007315824361068502,0.011929951035766957,0.1420251737926164,0.03235070063581053,0.2708652915201261,0.10027950080925938,127.861,127.861,447.558,0,1,0,0,0,0,0,0,0,0,0,0,0.0,0.0,0.0,0.0,0.0,0.0,0.0,0,0,0.0,0.0,0.0,0.0,0.1,128.661,127.262,436.46219999999994,0.021788147201419077,0.03235070063581053,0.0307618120079707,0.0,0.0,0.0,0.0,0.0,0.0,0.0,0.0,0,0.0,0.0,0,0,0,0,0,0,0,0,0,0,0,0,0,0,0,0,0
2,480.389,48,sem_arma,0.16133666738981806,0.11943879302192237,0.030279712044806176,0.012904707176038584,0.012644113189503202,0.223464862194213,0.031553052482012185,0.24920543835079972,0.04326084911471505,127.861,129.68,449.746,0,1,0,0,0,0,0,0,0,0,0,0,0.0,0.0,0.0,0.0,0.0,0.0,0.0,0,0,0.0,0.0,0.0,0.0,0.1,128.89350000000002,127.262,438.4081,0.024743320282041074,0.031553052482012185,0.023175934334756836,0.0,0.0,0.0,0.0,0.0,0.0,0.0,0.0,0,0.0,0.0,0,0,0,0,0,0,0,0,0,0,0,0,0,0,0,0,0
2,481.391,48,sem_arma,0.6535994028560108,0.49128017511596084,0.0440379316929821,0.013758219648175921,0.013010903608178363,0.3248464627139226,0.030779760905598308,0.23254367586679275,0.03695978768340227,127.861,132.282,449.789,0,1,0,0,0,0,0,0,0,0,0,0,0.0,0.0,0.0,0.0,0.0,0.0,0.0,0,0,0.0,0.0,0.0,0.0,0.1,129.3955,127.376,440.43919999999997,0.02914699189943324,0.030779760905598308,0.024479079727621856,0.0,0.0,0.0,0.0,0.0,0.0,0.0,0.0,0,0.0,0.0,0,0,0,0,0,0,0,0,0,0,0,0,0,0,0,0,0
2,482.389,48,sem_arma,1.2497368703897345,0.5973321317973183,0.11332634669801454,0.06928841500503244,0.04138361635286211,0.4273479830588623,0.038699517201381366,0.22091645623522416,0.033197944896371664,125.953,125.953,450.542,0,1,0,0,0,0,0,0,0,0,0,0,0.0,0.0,0.0,0.0,0.0,0.0,0.0,0,0,0.0,0.0,0.0,0.0,0.1,129.2532,125.953,442.573,0.04047962656923469,0.038699517201381366,0.03140779967621905,0.0,0.0,0.0,0.0,0.0,0.0,0.0,0.0,0,0.0,0.0,0,0,0,0,0,0,0,0,0,0,0,0,0,0,0,0,0
2,483.395,48,sem_arma,1.221410794837978,-0.02815713275522513,0.25914157311855185,0.1458152264205373,0.10008284106429799,0.5212502219022155,0.07928268224471291,0.2150520646498694,0.03859539530596373,111.209,111.209,450.962,0,1,0,0,0,0,0,0,0,0,0,0,0.0,0.0,0.0,0.0,0.0,0.0,0.0,0,0,0.0,0.0,0.0,0.0,0.1,127.11290000000001,111.209,444.6552,0.058515095832564576,0.07928268224471291,0.03811063426974749,0.0,0.0,0.0,0.0,0.0,0.0,0.0,0.0,0,0.0,0.0,0,0,0,0,0,0,0,0,0,0,0,0,0,0,0,0,0
2,484.396,48,sem_arma,2.1686607164806064,0.9463036180246039,0.24359848136935683,0.01554309174919502,0.10824464235240848,0.5138196838054293,0.09869227298546485,0.21109230851888922,0.045022330252802265,111.209,125.373,452.092,1,1,0,0,0,0,0,0,0,0,0,0,0.0,0.0,0.0,0.0,0.0,0.0,0.0,0,0,0.0,0.0,0.0,0.0,0.2,126.78040000000001,111.209,446.50169999999997,0.07465396025931859,0.09869227298546485,0.0393226477830106,0.0,0.0,0.0,0.0,0.0,0.0,0.0,0.0,0,0.0,0.0,0,0,0,0,0,0,0,0,0,0,0,0,0,0,0,0,0
2,485.385,48,sem_arma,0.0,-2.192781310900512,2.1307810167287178e-08,0.24359846006154667,0.11632843982049305,0.519620763537831,0.09873381491537095,0.2118813675852757,0.05225346865119288,111.209,125.373,452.082,1,1,0,0,0,0,0,0,0,0,0,0,0.0,0.0,0.0,0.0,0.0,0.0,0.0,0,0,0.0,0.0,0.0,0.0,0.3,126.4124,111.209,448.00199999999995,0.0746043420045958,0.09873381491537095,0.0555111304644874,0.0,0.0,0.0,0.0,0.0,0.0,0.0,0.0,0,0.0,0.0,0,0,0,0,0,0,0,0,0,0,0,0,0,0,0,0,0
2,486.391,48,AugShort,1.334379675537967,1.3264211486460906,0.08688982352633028,0.0868898022185201,0.10961042442264493,0.41401524657624184,0.09519887775757946,0.21445450762829235,0.05881278321227466,111.209,120.53,452.732,0,1,0,1,1,0,0,0,0,0,0,0,0.0,0.0,0.0,0.0,0.0,0.0,0.0,0,0,0.0,0.0,0.0,0.0,0.2,125.52060000000002,111.209,449.2447,0.08329332435722883,0.09519887775757946,0.0641504903008356,0.0,0.0,0.0,0.0,0.0,0.0,0.0,0.0,0,0.0,0.0,0,0,0,0,0,0,0,0,0,0,0,0,0,0,0,0,0
2,487.394,48,AugShort,1.1612074482830594,-0.1726542644615231,0.01032012070728601,0.07656970281904427,0.12466246032890975,0.3116740405091732,0.09650904650623718,0.21859054651617002,0.06722805853465173,111.209,121.248,453.33,0,1,0,1,1,0,0,0,0,0,0,0,0.0,0.0,0.0,0.0,0.0,0.0,0.0,0,0,0.0,0.0,0.0,0.0,0.2,124.82600000000002,111.209,450.3613,0.0815028195841604,0.09650904650623718,0.068984943738943,0.0,0.0,0.0,0.0,0.0,0.0,0.0,0.0,0,0.0,0.0,0,0,0,0,0,0,0,0,0,0,0,0,0,0,0,0,0
2,488.399,48,AugShort,0.0,-1.1554302967990642,0.0,0.01032012070728601,0.10460220713751969,0.24977360742481283,0.09738489606956476,0.22409789558113294,0.07424995993125846,120.53,121.248,453.331,0,1,0,1,1,0,0,0,0,0,0,0,0.0,0.0,0.0,0.0,0.0,0.0,0.0,0,0,0.0,0.0,0.0,0.0,0.2,124.07569999999998,111.209,451.21639999999996,0.08049690153339048,0.09738489606956476,0.06820035701664448,0.0,0.0,0.0,0.0,0.0,0.0,0.0,0.0,0,0.0,0.0,0,0,0,0,0,0,0,0,0,0,0,0,0,0,0,0,0
2,489.402,48,AugShort,0.0,0.0,0.0,0.0,0.03796837777592223,0.17286571413925603,0.09878121170931096,0.22883805522666328,0.07685380260527398,120.53,121.249,453.341,0,1,0,1,1,0,0,0,0,0,0,0,0.0,0.0,0.0,0.0,0.0,0.0,0.0,0,0,0.0,0.0,0.0,0.0,0.2,123.4145,111.209,451.79470000000003,0.07875940104651373,0.09878121170931096,0.06746877458053764,0.0,0.0,0.0,0.0,0.0,0.0,0.0,0.0,0,0.0,0.0,0,0,0,0,0,0,0,0,0,0,0,0,0,0,0,0,0
2,490.388,49,AugShort,0.05461638987532413,0.05539187614130236,0.012774210493251566,0.012774210493251566,0.03674310792305938,0.11524109036712628,0.09988475078199337,0.23117387787843394,0.0792637020786296,120.526,120.526,453.381,0,1,0,1,1,0,0,0,0,0,0,0,0.0,0.0,0.0,0.0,0.0,0.0,0.0,0,0,0.0,0.0,0.0,0.0,0.2,122.4991,111.209,452.15819999999997,0.07700885089135827,0.09988475078199337,0.06745572491225893,0.0,0.0,0.0,0.0,0.0,0.0,0.0,0.0,0,0.0,0.0,0,0,0,0,0,0,0,0,0,0,0,0,0,0,0,0,0
2,491.405,49,AugShort,1.7601961800551935,1.6770696068631954,0.11998590199540002,0.10721169150214846,0.05140990030264403,0.06902311379172593,0.09998655850692918,0.2331230878874222,0.08310360174807616,113.61,113.61,455.104,0,1,0,1,1,0,0,0,0,0,0,0,0.0,0.0,0.0,0.0,0.0,0.0,0.0,0,0,0.0,0.0,0.0,0.0,0.2,120.6319,111.209,452.6897,0.08460364792160006,0.09998655850692918,0.07680107209765619,0.0,0.0,0.0,0.0,0.0,0.0,0.0,0.0,0,0.0,0.0,0,0,0,0,0,0,0,0,0,0,0,0,0,0,0,0,0
2,492.398,49,AugShort,0.6172671716013355,-1.1509859098226165,2.3486671033390697e-05,0.11996241532436663,0.05252023619958969,0.21158200356651294,0.1027515143882334,0.24058644191151676,0.08421726373274893,113.61,113.649,455.635,0,1,0,1,1,0,0,0,0,0,0,0,0.0,0.0,0.0,0.0,0.0,0.0,0.0,0,0,0.0,0.0,0.0,0.0,0.2,119.40150000000001,111.209,453.19899999999996,0.07327336191890195,0.1027515143882334,0.08186847212958961,0.0,0.0,0.0,0.0,0.0,0.0,0.0,0.0,0,0.0,0.0,0,0,0,0,0,0,0,0,0,0,0,0,0,0,0,0,0
2,493.395,49,AugShort,0.0,-0.6191245452370466,2.1136834759726197e-08,2.346553419863097e-05,0.05252023352764419,0.18966937813977144,0.08105376783355056,0.24727705993527457,0.07946100297908354,113.517,113.517,455.589,0,1,0,1,1,0,0,0,0,0,0,0,0.0,0.0,0.0,0.0,0.0,0.0,0.0,0,0,0.0,0.0,0.0,0.0,0.2,119.63230000000001,113.517,453.6617,0.047359206720730226,0.08105376783355056,0.06728929604095574,0.0,0.0,0.0,0.0,0.0,0.0,0.0,0.0,0,0.0,0.0,0,0,0,0,0,0,0,0,0,0,0,0,0,0,0,0,0
2,494.385,49,AugShort,0.0,0.0,2.128628712671416e-08,1.4945236698796174e-10,0.05252023083680559,0.20964686699887594,0.043367215055521505,0.2548505061091137,0.07388856182752325,113.517,113.821,456.128,0,1,0,1,1,0,0,0,0,0,0,0,0.0,0.0,0.0,0.0,0.0,0.0,0.0,0,0,0.0,0.0,0.0,0.0,0.1,118.4771,113.517,454.06530000000004,0.022999360712423263,0.043367215055521505,0.06573498688098148,0.0,0.0,0.0,0.0,0.0,0.0,0.0,0.0,0,0.0,0.0,0,0,0,0,0,0,0,0,0,0,0,0,0,0,0,0,0
2,495.393,49,AugShort,0.0,0.0,2.0906174856594263e-08,3.801122701198955e-10,0.053656694632671656,0.3962547685954826,0.04336721507918851,0.2705967101720997,0.06762138730874112,113.517,114.22,455.188,0,1,0,1,1,0,0,0,0,0,0,0,0.0,0.0,0.0,0.0,0.0,0.0,0.0,0,0,0.0,0.0,0.0,0.0,0.0,117.36179999999999,113.517,454.3759,0.02299936067225973,0.04336721507918851,0.041375140912838025,0.0,0.0,0.0,0.0,0.0,0.0,0.0,0.0,0,0.0,0.0,0,0,0,0,0,0,0,0,0,0,0,0,0,0,0,0,0
2,496.393,49,AugShort,0.0,0.0,2.1073424255447017e-08,1.672493988527543e-10,1.0494163677343533e-05,0.6493685825672123,0.03744393244834507,0.29771950362380634,0.056661394282844356,113.517,114.549,453.019,0,1,0,1,1,0,0,0,0,0,0,0,0.0,0.0,0.0,0.0,0.0,0.0,0.0,0,0,0.0,0.0,0.0,0.0,0.0,116.7637,113.517,454.4046,0.014310380426969128,0.03744393244834507,0.032686160707710965,0.0,0.0,0.0,0.0,0.0,0.0,0.0,0.0,0,0.0,0.0,0,0,0,0,0,0,0,0,0,0,0,0,0,0,0,0,0
2,497.402,49,AugShort,0.0,0.0,2.0885455159015875e-08,1.8796909643114232e-10,2.9544895835494136e-08,0.8729816733133613,0.037707421117967516,0.3340602121337109,0.044195151204442965,113.517,114.887,450.867,0,1,0,1,1,0,0,0,0,0,0,0,0.0,0.0,0.0,0.0,0.0,0.0,0.0,0,0,0.0,0.0,0.0,0.0,0.0,116.12759999999999,113.517,454.15829999999994,0.013278370444786042,0.037707421117967516,0.025029190444603444,0.0,0.0,0.0,0.0,0.0,0.0,0.0,0.0,0,0.0,0.0,0,0,0,0,0,0,0,0,0,0,0,0,0,0,0,0,0
2,498.408,49,AugShort,0.0,0.0,2.094773782847616e-08,6.228266946028659e-11,2.954489013859146e-08,0.9159308844479467,0.037707420298348046,0.3725201060721295,0.03373493344518001,113.821,114.781,449.874,0,1,0,1,1,0,0,0,0,0,0,0,0.0,0.0,0.0,0.0,0.0,0.0,0.0,0,0,0.0,0.0,0.0,0.0,0.0,115.48090000000002,113.517,453.81260000000003,0.013278372539559827,0.037707420298348046,0.023997178380103113,0.0,0.0,0.0,0.0,0.0,0.0,0.0,0.0,0,0.0,0.0,0,0,0,0,0,0,0,0,0,0,0,0,0,0,0,0,0
2,499.407,49,AugShort,0.0,0.0,2.1094518774221237e-08,1.4678094574507565e-10,2.954458221024718e-08,0.9155993847129414,0.03770741947298536,0.4111988166181457,0.02993809862204601,114.22,114.696,449.754,0,1,0,1,1,0,0,0,0,0,0,0,0.0,0.0,0.0,0.0,0.0,0.0,0.0,0,0,0.0,0.0,0.0,0.0,0.0,114.82560000000001,113.517,453.4539,0.013278374649011701,0.03770741947298536,0.023997178394781205,0.0,0.0,0.0,0.0,0.0,0.0,0.0,0.0,0,0.0,0.0,0,0,0,0,0,0,0,0,0,0,0,0,0,0,0,0,0
2,500.4,50,AugShort,0.0,0.0,2.1221978102162152e-08,1.274593279409146e-10,2.954471858501088e-08,0.9459644178865775,0.03794204329835544,0.44732379440276393,0.026263790784211927,114.549,114.754,450.009,0,1,0,1,1,0,0,0,0,0,0,0,0.0,0.0,0.0,0.0,0.0,0.0,0.0,0,0,0.0,0.0,0.0,0.0,0.0,114.24839999999999,113.517,453.11670000000004,0.012000955721884355,0.03794204329835544,0.022719757358201982,0.0,0.0,0.0,0.0,0.0,0.0,0.0,0.0,0,0.0,0.0,0,0,0,0,0,0,0,0,0,0,0,0,0,0,0,0,0
2,501.415,50,AugShort,0.0,0.0,2.076199434034189e-08,4.599837618202615e-10,2.9544970963435005e-08,0.9426532352141601,7.420469299533867e-06,0.4782141330277758,0.02112280370844462,114.696,114.774,449.938,0,1,0,1,1,0,0,0,0,0,0,0,0.0,0.0,0.0,0.0,0.0,0.0,0.0,0,0,0.0,0.0,0.0,0.0,0.0,114.36480000000002,113.517,452.6001,2.367598543787175e-06,7.420469299533867e-06,0.01199858825398551,0.0,0.0,0.0,0.0,0.0,0.0,0.0,0.0,0,0.0,0.0,0,0,0,0,0,0,0,0,0,0,0,0,0,0,0,0,0
2,502.407,50,AugShort,0.0,0.0,2.124337122524901e-08,4.813768849071191e-10,2.9545111138569154e-08,0.9342808620158551,1.7438879737654854e-10,0.5035607769756254,0.015870783042996765,114.696,114.837,448.587,0,1,0,1,1,0,0,0,0,0,0,0,0.0,0.0,0.0,0.0,0.0,0.0,0.0,0,0,0.0,0.0,0.0,0.0,0.0,114.4836,113.517,451.89529999999996,2.10557775706303e-08,1.7438879737654854e-10,2.3467696865353236e-06,0.0,0.0,0.0,0.0,0.0,0.0,0.0,0.0,0,0.0,0.0,0,0,0,0,0,0,0,0,0,0,0,0,0,0,0,0,0
2,503.414,50,AugShort,0.0,0.0,2.092693570550846e-08,3.164355197405487e-10,2.954513129346018e-08,0.9355109539196218,1.761714131042281e-10,0.5242738135764958,0.010618762644745474,114.696,115.031,445.434,0,1,0,1,1,0,0,0,0,0,0,0,0.0,0.0,0.0,0.0,0.0,0.0,0.0,0,0,0.0,0.0,0.0,0.0,0.0,114.63499999999999,113.821,450.8798,2.1034787665208528e-08,1.761714131042281e-10,2.47910224200596e-10,0.0,0.0,0.0,0.0,0.0,0.0,0.0,0.0,0,0.0,0.0,0,0,0,0,0,0,0,0,0,0,0,0,0,0,0,0,0
2,504.404,50,AugShort,0.0,0.0,2.128628712671416e-08,3.5935142120569776e-10,2.9545328392590202e-08,0.9239099288489201,1.761714131042281e-10,0.5447783258286704,0.005366742515597755,114.754,115.045,444.693,0,1,0,1,1,0,0,0,0,0,0,0,0.0,0.0,0.0,0.0,0.0,0.0,0.0,0,0,0.0,0.0,0.0,0.0,0.0,114.7574,114.22,449.7363,2.1034787665208525e-08,1.761714131042281e-10,2.689001296223696e-10,0.0,0.0,0.0,0.0,0.0,0.0,0.0,0.0,0,0.0,0.0,0,0,0,0,0,0,0,0,0,0,0,0,0,0,0,0,0
2,505.407,50,AugShort,0.7776685743393694,0.7753425466992717,0.15371400121567505,0.15371397992938793,0.06874298174642865,0.672087197011817,0.0486086285536395,0.5524016475023695,0.006875371226973455,114.774,123.769,444.26,0,1,0,0,0,0,0,0,0,0,0,0,0.0,0.0,0.0,0.0,0.0,0.0,0.0,0,0,0.0,0.0,0.0,0.0,0.0,115.7123,114.549,448.6435,0.015371419065737685,0.0486086285536395,0.015371398223827696,0.0,0.0,0.0,0.0,0.0,0.0,0.0,0.0,0,0.0,0.0,0,0,0,0,0,0,0,0,0,0,0,0,0,0,0,0,0
2,506.415,50,AugShort,2.9852563866661077,2.190067274133669,0.0378349651861554,0.11587903602951966,0.06656063512398698,0.2266535626810836,0.048751491894272615,0.5430335633076118,0.013530385323004417,114.837,125.627,442.553,0,1,0,0,0,0,0,0,0,0,0,0,0.0,0.0,0.0,0.0,0.0,0.0,0.0,0,0,0.0,0.0,0.0,0.0,0.0,116.8201,114.696,447.5969,0.019154913477010798,0.048751491894272615,0.02695930181005472,0.0,0.0,0.0,0.0,0.0,0.0,0.0,0.0,0,0.0,0.0,0,0,0,0,0,0,0,0,0,0,0,0,0,0,0,0,0
2,507.405,50,sem_arma,0.7346706575074458,-2.273318918342083,0.06188842888791367,0.024053463701758267,0.06333156686237644,0.43809859268721724,0.04996287241756835,0.549354790916514,0.019863539054752476,115.031,129.05,442.122,0,1,0,0,0,0,0,0,0,0,0,0,0.0,0.0,0.0,0.0,0.0,0.0,0.0,0,0,0.0,0.0,0.0,0.0,0.0,118.2364,114.696,446.7224,0.025343754277256648,0.04996287241756835,0.029364648161433637,0.0,0.0,0.0,0.0,0.0,0.0,0.0,0.0,0,0.0,0.0,0,0,0,0,0,0,0,0,0,0,0,0,0,0,0,0,0
2,508.411,50,sem_arma,2.126516848290968,1.3835449212559865,0.01985140887474048,0.04203702001317319,0.059888184146891364,0.543063021837329,0.049233063484487125,0.5640192616371398,0.025852354514952602,115.045,129.978,440.745,0,1,0,0,0,0,0,0,0,0,0,0,0.0,0.0,0.0,0.0,0.0,0.0,0.0,0,0,0.0,0.0,0.0,0.0,0.0,119.75610000000002,114.696,445.8095,0.027328893069956915,0.049233063484487125,0.033568350156522694,0.0,0.0,0.0,0.0,0.0,0.0,0.0,0.0,0,0.0,0.0,0,0,0,0,0,0,0,0,0,0,0,0,0,0,0,0,0
2,509.413,50,sem_arma,2.001913006982964,-0.12435513104591235,0.0018788900518458614,0.017972518822894617,0.0594638820307345,0.616795442409202,0.04912063750030118,0.5862157480506369,0.031798739763567826,123.769,129.885,439.461,0,1,0,0,0,0,0,0,0,0,0,0,0.0,0.0,0.0,0.0,0.0,0.0,0.0,0,0,0.0,0.0,0.0,0.0,0.0,121.275,114.754,444.7802,0.027516779965689624,0.04912063750030118,0.03536560202413406,0.0,0.0,0.0,0.0,0.0,0.0,0.0,0.0,0,0.0,0.0,0,0,0,0,0,0,0,0,0,0,0,0,0,0,0,0,0
2,510.412,51,sem_arma,0.22158137899358876,-1.7821137417311064,0.011755198807424897,0.009876308755579035,0.023709353695583406,0.5877484770278751,0.04852601852473503,0.6098411173836744,0.03416967217865431,125.627,130.578,439.589,0,1,0,0,0,0,0,0,0,0,0,0,0.0,0.0,0.0,0.0,0.0,0.0,0.0,0,0,0.0,0.0,0.0,0.0,0.0,122.85740000000001,114.774,443.73819999999995,0.028692297724234306,0.04852601852473503,0.03635323288694603,0.0,0.0,0.0,0.0,0.0,0.0,0.0,0.0,0,0.0,0.0,0,0,0,0,0,0,0,0,0,0,0,0,0,0,0,0,0
2,511.411,51,sem_arma,0.8667190947336157,0.6457834992392663,0.10491591440046005,0.09316071559303515,0.04286640876749835,0.6762772890247171,0.05278786558049203,0.640203826145324,0.03845631010090705,124.679,124.679,440.148,0,1,0,0,0,0,0,0,0,0,0,0,0.0,0.0,0.0,0.0,0.0,0.0,0.0,0,0,0.0,0.0,0.0,0.0,0.0,123.84790000000001,114.837,442.75919999999996,0.039183887088080877,0.05278786558049203,0.04566930440025117,0.0,0.0,0.0,0.0,0.0,0.0,0.0,0.0,0,0.0,0.0,0,0,0,0,0,0,0,0,0,0,0,0,0,0,0,0,0
2,512.407,51,sem_arma,1.2679658281407469,0.4028581660714168,0.012377640578279012,0.09253827382218104,0.04227731038785275,0.8014994635231547,0.0519047286823175,0.6696996991431561,0.04268403818518121,123.838,123.838,439.453,0,1,0,0,0,0,0,0,0,0,0,0,0.0,0.0,0.0,0.0,0.0,0.0,0.0,0,0,0.0,0.0,0.0,0.0,0.0,124.748,115.031,441.84579999999994,0.04042164902157165,0.0519047286823175,0.05492313173433159,0.0,0.0,0.0,0.0,0.0,0.0,0.0,0.0,0,0.0,0.0,0,0,0,0,0,0,0,0,0,0,0,0,0,0,0,0,0
2,513.42,51,sem_arma,0.5870129168907098,-0.6722141275913496,2.1953310801080984e-06,0.012375445247198904,0.04436706395360429,0.8116595582085115,0.05190454053635263,0.700799208146593,0.047120741626028514,123.775,123.775,439.105,0,1,0,0,0,0,0,0,0,0,0,0,0.0,0.0,0.0,0.0,0.0,0.0,0.0,0,0,0.0,0.0,0.0,0.0,0.0,125.62240000000001,115.045,441.2129,0.040421866461986096,0.05190454053635263,0.056160676227407925,0.0,0.0,0.0,0.0,0.0,0.0,0.0,0.0,0,0.0,0.0,0,0,0,0,0,0,0,0,0,0,0,0,0,0,0,0,0
2,514.421,51,sem_arma,1.5195688525089661,0.9316243113069494,0.08259759469693645,0.08259539936585635,0.047859380518821444,0.8334816408000675,0.051326149417249396,0.7319909468366527,0.05190667672337782,123.775,128.333,438.225,0,1,0,0,0,0,0,0,0,0,0,0,0.0,0.0,0.0,0.0,0.0,0.0,0.0,0,0,0.0,0.0,0.0,0.0,0.0,126.9512,123.769,440.5661,0.04868162380305103,0.051326149417249396,0.06442021612805841,0.0,0.0,0.0,0.0,0.0,0.0,0.0,0.0,0,0.0,0.0,0,0,0,0,0,0,0,0,0,0,0,0,0,0,0,0,0
2,515.417,51,sem_arma,0.18100213394188952,-1.3439424885211613,0.14355585471595542,0.06095826001901897,0.06123669365769634,0.8352574684091877,0.0490672589619511,0.753941081827338,0.051156047914504586,120.153,120.153,438.092,0,1,0,0,0,0,0,0,0,0,0,0,0.0,0.0,0.0,0.0,0.0,0.0,0.0,0,0,0.0,0.0,0.0,0.0,0.0,126.58959999999999,120.153,439.94929999999994,0.04766580915307907,0.0490672589619511,0.05514464413702151,0.0,0.0,0.0,0.0,0.0,0.0,0.0,0.0,0,0.0,0.0,0,0,0,0,0,0,0,0,0,0,0,0,0,0,0,0,0
2,516.416,51,sem_arma,0.11716438947373217,-0.06390164611427163,0.021047197679625065,0.12250865703633035,0.060312584016777714,0.8192599570796334,0.04972377610162399,0.762435650552959,0.05053124280378366,118.964,118.964,438.16,0,1,0,0,0,0,0,0,0,0,0,0,0.0,0.0,0.0,0.0,0.0,0.0,0.0,0,0,0.0,0.0,0.0,0.0,0.0,125.9233,118.964,439.51000000000005,0.04598703240242603,0.04972377610162399,0.05580760623770259,0.0,0.0,0.0,0.0,0.0,0.0,0.0,0.0,0,0.0,0.0,0,0,0,0,0,0,0,0,0,0,0,0,0,0,0,0,0
2,517.432,51,sem_arma,0.009842524606512823,-0.10563175675907417,0.07423955616942106,0.05319235848979599,0.05639170857830499,0.818884618861436,0.05031255734875234,0.7597307978303627,0.04983725697537651,118.964,123.321,437.419,0,1,0,0,0,0,0,0,0,0,0,0,0.0,0.0,0.0,0.0,0.0,0.0,0.0,0,0,0.0,0.0,0.0,0.0,0.0,125.35040000000001,118.964,439.0397,0.04722214513057677,0.05031255734875234,0.05872149571650635,0.0,0.0,0.0,0.0,0.0,0.0,0.0,0.0,0,0.0,0.0,0,0,0,0,0,0,0,0,0,0,0,0,0,0,0,0,0
2,518.433,51,sem_arma,0.24975106813052736,0.23966887464936518,0.10426118059088012,0.03002162442145906,0.04475266036425135,0.8212809743250747,0.05225362746544922,0.7549983023242192,0.04832370459711251,118.964,129.393,433.896,0,1,0,0,0,0,0,0,0,0,0,0,0.0,0.0,0.0,0.0,0.0,0.0,0.0,0,0,0.0,0.0,0.0,0.0,0.0,125.29189999999998,118.964,438.35480000000007,0.055663122302190726,0.05225362746544922,0.05751995615733495,0.0,0.0,0.0,0.0,0.0,0.0,0.0,0.0,0,0.0,0.0,0,0,0,0,0,0,0,0,0,0,0,0,0,0,0,0,0
2,519.43,51,sem_arma,1.4397676550839273,1.193597379090672,1.0197298587413521,0.9154686781504721,0.42006518776027924,0.6498905303401017,0.3068665731539363,0.7417128596055771,0.08438383517006698,71.6064,71.6064,432.435,0,1,0,0,0,0,0,0,0,0,0,0,0.0,0.0,0.0,0.0,0.0,0.0,0.0,0,0,0.0,0.0,0.0,0.0,0.0,119.46404,71.6064,437.6522,0.15744821917114135,0.3068665731539363,0.14726957209009267,0.0,0.0,0.0,0.0,0.0,0.0,0.0,0.0,0,0.0,0.0,0,0,0,0,0,0,0,0,0,0,0,0,0,0,0,0,0
2,520.426,52,sem_arma,0.2718279183432467,-1.1726302577717675,2.2844029200772415,1.2646730613358894,0.9772429160631892,0.6554548056789902,0.7328574911110108,0.7271873789951978,0.1797371914068276,71.6064,82.1523,125.854,0,1,0,0,0,0,0,0,0,0,0,0,0.0,0.0,0.0,0.0,0.0,0.0,0.0,0,0,0.0,0.0,0.0,0.0,0.0,114.62147,71.6064,406.2787,0.384712991298123,0.7328574911110108,0.2727492473481237,0.0,0.0,0.0,0.0,0.0,0.0,0.0,0.0,0,0.0,0.0,0,0,0,0,0,0,0,0,0,0,0,0,0,0,0,0,0
2,521.423,52,sem_arma,0.11214030681000495,-0.16016811588088442,0.23219212518363175,2.0522107948936097,0.9445441845525904,0.6570277518670865,0.7285508605348348,0.7129061048278441,0.2699049689853368,68.8489,68.8489,125.772,0,1,0,0,0,0,0,0,0,0,0,0,0.0,0.0,0.0,0.0,0.0,0.0,0.0,0,0,0.0,0.0,0.0,0.0,0.0,109.03845999999999,68.8489,374.8411,0.39744061237644024,0.7285508605348348,0.46865425527818116,0.0,0.0,0.0,0.0,0.0,0.0,0.0,0.0,0,0.0,0.0,0,0,0,0,0,0,0,0,0,0,0,0,0,0,0,0,0
2,522.427,52,sem_arma,0.058077377506821896,-0.053847539146596665,0.09958836764178464,0.1326037575418471,0.9401151683678209,0.655374100497405,0.7239366994907758,0.6989607667519216,0.35968875478333356,68.8489,74.5542,125.797,0,1,0,0,0,0,0,0,0,0,0,0,0.0,0.0,0.0,0.0,0.0,0.0,0.0,0,0,0.0,0.0,0.0,0.0,0.0,104.11008,68.8489,343.4755,0.40616168508279077,0.7239366994907758,0.4726608036501478,0.0,0.0,0.0,0.0,0.0,0.0,0.0,0.0,0,0.0,0.0,0,0,0,0,0,0,0,0,0,0,0,0,0,0,0,0,0
2,523.428,52,sem_arma,0.34793505390780166,0.2895681082926871,0.09129322288085179,0.008295144760932849,0.9423504541850718,0.6530439984553645,0.7188031963718361,0.6848374189787088,0.44948709380648033,68.8489,79.6325,125.729,0,1,0,0,0,0,0,0,0,0,0,0,0.0,0.0,0.0,0.0,0.0,0.0,0.0,0,0,0.0,0.0,0.0,0.0,0.0,99.69583,68.8489,312.1379,0.4152907878377679,0.7188031963718361,0.4722527736015212,0.0,0.0,0.0,0.0,0.0,0.0,0.0,0.0,0,0.0,0.0,0,0,0,0,0,0,0,0,0,0,0,0,0,0,0,0,0
2,524.424,52,sem_arma,1.6102228481745278,1.2673572231593635,0.06261423263461627,0.02867899024623552,0.9695233413948802,0.6236620867092904,0.7198578852323795,0.6698250268717272,0.5416534898940861,68.8489,75.3384,125.994,0,1,0,0,0,0,0,0,0,0,0,0,0.0,0.0,0.0,0.0,0.0,0.0,0.0,0,0,0.0,0.0,0.0,0.0,0.0,94.39637,68.8489,280.9148,0.41329245163153594,0.7198578852323795,0.4668611326895591,0.0,0.0,0.0,0.0,0.0,0.0,0.0,0.0,0,0.0,0.0,0,0,0,0,0,0,0,0,0,0,0,0,0,0,0,0,0
2,525.433,52,sem_arma,1.6740220458481958,0.06323012653485435,0.14969655750709168,0.08708232487247541,0.06661903991049323,0.5976618097205472,0.7196047964173492,0.6661037575071638,0.5421917245193659,68.8489,83.2307,126.24,0,1,0,0,0,0,0,0,0,0,0,0,0.0,0.0,0.0,0.0,0.0,0.0,0.0,0,0,0.0,0.0,0.0,0.0,0.0,90.70414,68.8489,249.72959999999998,0.4139065219106495,0.7196047964173492,0.4694735391749047,0.0,0.0,0.0,0.0,0.0,0.0,0.0,0.0,0,0.0,0.0,0,0,0,0,0,0,0,0,0,0,0,0,0,0,0,0,0
2,526.427,52,sem_arma,2.230256389473185,0.559591894994959,0.04744241078999209,0.10225414671709959,0.039428214070559464,0.5624426714056334,0.7180504000121419,0.6828932129433912,0.540103287524744,74.5542,79.5351,126.539,0,1,0,0,0,0,0,0,0,0,0,0,0.0,0.0,0.0,0.0,0.0,0.0,0.0,0,0,0.0,0.0,0.0,0.0,0.0,86.76124999999999,68.8489,218.56750000000002,0.41654604322168626,0.7180504000121419,0.4674480881429817,0.0,0.0,0.0,0.0,0.0,0.0,0.0,0.0,0,0.0,0.0,0,0,0,0,0,0,0,0,0,0,0,0,0,0,0,0,0
2,527.438,52,sem_arma,0.977181418193624,-1.2394411189708814,0.0015693272204246906,0.0458730835695674,0.054885620967730905,0.56608941252605,0.7222550519146383,0.689292753935333,0.5399526787636867,75.3384,79.1891,126.741,0,1,0,0,0,0,0,0,0,0,0,0,0.0,0.0,0.0,0.0,0.0,0.0,0.0,0,0,0.0,0.0,0.0,0.0,0.0,82.34806,68.8489,187.4997,0.40927902032678665,0.7222550519146383,0.4667161606509588,0.0,0.0,0.0,0.0,0.0,0.0,0.0,0.0,0,0.0,0.0,0,0,0,0,0,0,0,0,0,0,0,0,0,0,0,0,0
2,528.435,52,sem_arma,0.25709200009382716,-0.7222561866597762,0.0984493959062773,0.09688006868585261,0.055650612470944175,0.5210008360529692,0.7225300482272975,0.6881896446461149,0.541042473974356,75.3384,84.6649,127.318,0,1,0,0,0,0,0,0,0,0,0,0,0.0,0.0,0.0,0.0,0.0,0.0,0.0,0,0,0.0,0.0,0.0,0.0,0.0,77.87525,68.8489,156.8419,0.40869784185832636,0.7225300482272975,0.47340200507739816,0.0,0.0,0.0,0.0,0.0,0.0,0.0,0.0,0,0.0,0.0,0,0,0,0,0,0,0,0,0,0,0,0,0,0,0,0,0
2,529.436,52,sem_arma,0.028256158277597775,-0.22860723458164775,0.09567413245735941,0.002775263448917889,0.056224459232594705,0.5033516599960475,0.6942368194871934,0.6825174555254572,0.5046584011215876,79.0348,79.0348,127.834,0,1,0,0,0,0,0,0,0,0,0,0,0.0,0.0,0.0,0.0,0.0,0.0,0.0,0,0,0.0,0.0,0.0,0.0,0.0,78.61809,68.8489,126.3818,0.3162922692299271,0.6942368194871934,0.38213266360724274,0.0,0.0,0.0,0.0,0.0,0.0,0.0,0.0,0,0.0,0.0,0,0,0,0,0,0,0,0,0,0,0,0,0,0,0,0,0
2,530.435,53,sem_arma,0.649496451904546,0.621862155782731,0.034825156537538614,0.060848975919820796,0.04141092999468907,0.4554291683067327,0.0644524319968407,0.6759014900894,0.41107520251473745,77.3106,77.3106,127.633,0,1,0,0,0,0,0,0,0,0,0,0,0.0,0.0,0.0,0.0,0.0,0.0,0.0,0,0,0.0,0.0,0.0,0.0,0.0,78.13392,68.8489,126.55969999999999,0.09133449287595677,0.0644524319968407,0.2617502550656359,0.0,0.0,0.0,0.0,0.0,0.0,0.0,0.0,0,0.0,0.0,0,0,0,0,0,0,0,0,0,0,0,0,0,0,0,0,0
2,531.437,53,sem_arma,0.7901921123927725,0.1404148308265734,0.0771777797104079,0.04235262317286929,0.04207774682173162,0.4488552947759316,0.041289814631650636,0.6645303903769608,0.3208285587416516,73.2202,73.2202,127.414,0,1,0,0,0,0,0,0,0,0,0,0,0.0,0.0,0.0,0.0,0.0,0.0,0.0,0,0,0.0,0.0,0.0,0.0,0.0,78.57104999999999,73.2202,126.7239,0.07583305832863439,0.041289814631650636,0.060764437893561854,0.0,0.0,0.0,0.0,0.0,0.0,0.0,0.0,0,0.0,0.0,0,0,0,0,0,0,0,0,0,0,0,0,0,0,0,0,0
2,532.433,53,sem_arma,2.7275368579132824,1.9451252465065358,0.5523855251344514,0.4752077454240435,0.21432231886530131,0.19170094613400235,0.15683645106559133,0.6340404645075031,0.24824927379139963,73.2202,105.962,127.606,0,1,0,0,0,0,0,0,0,0,0,0,0.0,0.0,0.0,0.0,0.0,0.0,0.0,0,0,0.0,0.0,0.0,0.0,0.0,81.71182999999999,73.2202,126.9048,0.12111277407790107,0.15683645106559133,0.09502483668178148,0.0,0.0,0.0,0.0,0.0,0.0,0.0,0.0,0,0.0,0.0,0,0,0,0,0,0,0,0,0,0,0,0,0,0,0,0,0
2,533.439,53,sem_arma,2.195905951856618,-0.5284601451855508,0.1775568222428639,0.3748287028915875,0.21044767785033203,0.03363250048406213,0.15738545588875913,0.5951391116212806,0.17505899615792567,73.2202,117.182,127.837,0,1,0,0,0,0,0,0,0,0,0,0,0.0,0.0,0.0,0.0,0.0,0.0,0.0,0,0,0.0,0.0,0.0,0.0,0.0,85.46678,73.2202,127.1156,0.12973913401410228,0.15738545588875913,0.13167819249484697,0.0,0.0,0.0,0.0,0.0,0.0,0.0,0.0,0,0.0,0.0,0,0,0,0,0,0,0,0,0,0,0,0,0,0,0,0,0
2,534.438,53,sem_arma,1.3207909829918036,-0.8759909598246391,0.03454806536846846,0.14300875687439543,0.2187297678452788,0.1675553837420633,0.1589578741253319,0.5618427987683805,0.09997963880296552,73.2202,119.298,129.116,0,1,0,0,0,0,0,0,0,0,0,0,0.0,0.0,0.0,0.0,0.0,0.0,0.0,0,0,0.0,0.0,0.0,0.0,0.0,89.86274,73.2202,127.4278,0.1269325172874875,0.1589578741253319,0.14311116915766295,0.0,0.0,0.0,0.0,0.0,0.0,0.0,0.0,0,0.0,0.0,0,0,0,0,0,0,0,0,0,0,0,0,0,0,0,0,0
2,535.459,53,sem_arma,1.3142319162588603,-0.00642415938584072,0.563424904960856,0.5288768395923875,0.2580680496754324,0.2128503282372378,0.21089722092342095,0.530722441759783,0.11912453977945944,73.2202,86.8829,129.66,0,1,0,0,0,0,0,0,0,0,0,0,0.0,0.0,0.0,0.0,0.0,0.0,0.0,0,0,0.0,0.0,0.0,0.0,0.0,90.22796000000001,73.2202,127.7698,0.16830535203286395,0.21089722092342095,0.18729062062965415,0.0,0.0,0.0,0.0,0.0,0.0,0.0,0.0,0,0.0,0.0,0,0,0,0,0,0,0,0,0,0,0,0,0,0,0,0,0
2,536.443,53,sem_arma,3.8587200099695047,2.585861883852281,0.6088901287321249,0.04546522377126894,0.26258403761955657,0.2642301466180205,0.24682055583268875,0.5029709512367023,0.14144012213435914,86.8829,122.849,128.76,0,1,0,0,0,0,0,0,0,0,0,0,0.0,0.0,0.0,0.0,0.0,0.0,0.0,0,0,0.0,0.0,0.0,0.0,0.0,94.55935,73.2202,127.99190000000002,0.2244501238270772,0.24682055583268875,0.18161172833507105,0.0,0.0,0.0,0.0,0.0,0.0,0.0,0.0,0,0.0,0.0,0,0,0,0,0,0,0,0,0,0,0,0,0,0,0,0,0
2,537.444,53,sem_arma,1.3033917334203833,-2.5527755010480737,1.0074821849300917,0.3985920561979668,0.3846088994462616,0.2269843735848256,0.33508883938486667,0.4733759389728718,0.17441244998221223,86.8829,105.439,428.957,0,1,0,0,0,0,0,0,0,0,0,0,0.0,0.0,0.0,0.0,0.0,0.0,0.0,0,0,0.0,0.0,0.0,0.0,0.0,97.18433999999999,73.2202,158.21349999999998,0.3250414095980439,0.33508883938486667,0.21688362559791102,0.0,0.0,0.0,0.0,0.0,0.0,0.0,0.0,0,0.0,0.0,0,0,0,0,0,0,0,0,0,0,0,0,0,0,0,0,0
2,538.449,53,sem_arma,1.4626767430878092,0.15849254693276207,0.28970839011071603,0.7177737948193756,0.3654732291541101,0.24833707499990829,0.3260550829117793,0.4447287440066135,0.2053947116505288,86.8829,88.6059,429.405,0,1,0,0,0,0,0,0,0,0,0,0,0.0,0.0,0.0,0.0,0.0,0.0,0.0,0,0,0.0,0.0,0.0,0.0,0.0,97.57844,73.2202,188.42219999999998,0.3441673090184878,0.3260550829117793,0.2789729982112633,0.0,0.0,0.0,0.0,0.0,0.0,0.0,0.0,0,0.0,0.0,0,0,0,0,0,0,0,0,0,0,0,0,0,0,0,0,0
2,539.445,53,AugShort,0.0,-1.4685509468753104,0.0,0.28970839011071603,0.3766478880652663,0.2351667720009203,0.3354257953492191,0.42399255608965447,0.23743705453379596,86.8829,88.6057,429.402,0,1,0,0,0,0,0,0,0,0,0,0,0.0,0.0,0.0,0.0,0.0,0.0,0.0,0,0,0.0,0.0,0.0,0.0,0.0,98.53553000000001,73.2202,218.579,0.33459989577275184,0.3354257953492191,0.3076663108774431,0.0,0.0,0.0,0.0,0.0,0.0,0.0,0.0,0,0.0,0.0,0,0,0,0,0,0,0,0,0,0,0,0,0,0,0,0,0
2,540.455,54,AugShort,0.0,0.0,0.0,0.0,0.4310074718784979,0.24319881467256563,0.3390452435370234,0.4033797565393332,0.27639670872217686,88.6055,88.6055,429.398,0,1,0,0,0,0,0,0,0,0,0,0,0.0,0.0,0.0,0.0,0.0,0.0,0.0,0,0,0.0,0.0,0.0,0.0,0.0,99.66502,73.2202,248.75549999999998,0.33111738011899794,0.3390452435370234,0.30158141328546106,0.0,0.0,0.0,0.0,0.0,0.0,0.0,0.0,0,0.0,0.0,0,0,0,0,0,0,0,0,0,0,0,0,0,0,0,0,0
2,541.447,54,AugShort,0.0,0.0,0.0,0.0,0.43658064165086297,0.247712291844399,0.3462694603081388,0.38291398353819883,0.31584699820509,88.6055,88.6062,429.407,0,1,0,0,0,0,0,0,0,0,0,0,0.0,0.0,0.0,0.0,0.0,0.0,0.0,0,0,0.0,0.0,0.0,0.0,0.0,101.20362,86.8829,278.9548,0.3233996021479572,0.3462694603081388,0.2973461509681741,0.0,0.0,0.0,0.0,0.0,0.0,0.0,0.0,0,0.0,0.0,0,0,0,0,0,0,0,0,0,0,0,0,0,0,0,0,0
2,542.448,54,AugShort,0.36033412106242596,0.3599741469155105,0.1262303756200694,0.1262303756200694,0.12773414545668715,0.23182759368368433,0.3411423915963463,0.36173665819751283,0.3071881808642286,88.6055,95.8568,428.303,0,1,0,0,0,0,0,0,0,0,0,0,0.0,0.0,0.0,0.0,0.0,0.0,0.0,0,0,0.0,0.0,0.0,0.0,0.0,100.1931,86.8829,309.0245,0.280784087196519,0.3411423915963463,0.2624484139877767,0.0,0.0,0.0,0.0,0.0,0.0,0.0,0.0,0,0.0,0.0,0,0,0,0,0,0,0,0,0,0,0,0,0,0,0,0,0
2,543.451,54,AugShort,1.0480463825466435,0.6856552955974253,0.2154017512288678,0.0891713756087984,0.09872882069409229,0.21888664752783668,0.3400782491424998,0.3400287906511364,0.2960162951486046,88.6055,108.323,424.119,0,1,0,0,0,0,0,0,0,0,0,0,0.0,0.0,0.0,0.0,0.0,0.0,0.0,0,0,0.0,0.0,0.0,0.0,0.0,99.3072,86.8829,338.6527,0.2845685800951193,0.3400782491424998,0.2338826812594978,0.0,0.0,0.0,0.0,0.0,0.0,0.0,0.0,0,0.0,0.0,0,0,0,0,0,0,0,0,0,0,0,0,0,0,0,0,0
2,544.452,54,AugShort,2.6059970867305196,1.5563943098740023,1.008769604923378,0.7933678536945103,0.42285670461285835,0.3011625309397031,0.3955200578736389,0.32390381286265707,0.3164289888253625,50.8227,50.8227,422.415,1,1,0,0,0,0,0,0,0,0,0,0,0.0,0.0,0.0,0.0,0.0,0.0,0.0,0,0,0.0,0.0,0.0,0.0,0.1,92.45967,50.8227,367.9826,0.3819907340506103,0.3955200578736389,0.29891859094150935,0.0,0.0,0.0,0.0,0.0,0.0,0.0,0.0,0,0.0,0.0,0,0,0,0,0,0,0,0,0,0,0,0,0,0,0,0,0
2,545.466,54,AugShort,3.3008029563845502,0.6852128892051584,0.8844779312393924,0.12429167368398564,0.4645729025674464,0.3733126456724124,0.42389628789491385,0.3126863546602503,0.33707947411456396,3.90445,3.90445,420.212,0,1,1,0,0,0,1,0,1,0,0,0,0.0,0.0,0.0,0.0,0.0,0.0,0.0,0,0,0.1,0.1,0.0,0.0,0.1,84.161825,3.90445,397.0378,0.41409603667846395,0.42389628789491385,0.25846007435066914,0.0,0.0,0.1,0.0,0.0,0.0,0.0,0.0,0,0.0,0.0,0,0,0,0,0,0,0,0,0,0,0,0,0,0,0,0,0
2,546.456,54,AugShort,1.6127495332928556,-1.7051044677693885,0.007967579411794818,0.8765103518275976,0.462666208129785,0.5037141179003507,0.4356447789062424,0.30974992698498616,0.3570876911655868,3.90445,4.04651,414.774,1,1,1,1,1,1,0,0,0,0,0,0,0.0,0.0,0.0,0.0,0.0,0.0,0.0,0,0,0.2,0.1,0.1,0.0,0.2,72.281576,3.90445,425.63919999999996,0.35400378174643093,0.4356447789062424,0.34156458715630195,0.0,0.0,0.1,0.0,0.0,0.0,0.0,0.0,0,0.0,0.0,0,0,0,0,0,0,0,0,0,0,0,0,0,0,0,0,0
2,547.445,54,AugShort,0.1822834314724004,-1.4463762404655764,0.0027883666437023623,0.005179212768092455,0.4868292281942536,0.5435449337451674,0.38056312631888695,0.308622703045942,0.367309724040386,3.90445,4.14317,408.114,1,1,1,1,1,1,0,0,0,0,0,0,0.989,0.0,0.0,0.0,0.0,0.0,0.0,0,0,0.3,0.1,0.2,0.0,0.3,62.151993000000004,3.90445,423.5549,0.25353439991779203,0.38056312631888695,0.30222330281331455,0.0,0.0,0.1,0.0,0.0,0.0,0.0,0.0,0,0.0,0.0,0,0,0,0,0,0,0,0,0,0,0,0,0,0,0,0,0
2,548.458,54,AugShort,0.0,-0.17994415742586417,1.4709932076848626e-08,0.0027883519337702856,0.5183972223869565,0.5424753055435112,0.3884488627378498,0.30969642652046914,0.3826021233636706,3.90445,4.19909,401.73,1,1,1,0,0,0,0,0,0,0,0,0,0.0,0.0,0.0,0.0,0.0,0.0,0.0,0,0,0.4,0.1,0.2,0.0,0.4,53.71131200000001,3.90445,420.7874,0.22456356237771366,0.3884488627378498,0.230724758524754,0.0,0.0,0.1,0.0,0.0,0.0,0.0,0.0,0,0.0,0.0,0,0,0,0,0,0,0,0,0,0,0,0,0,0,0,0,0
2,549.462,54,AugShort,0.0,0.0,1.484179401777655e-08,1.3186194092792372e-10,0.39436142007242897,0.5420652892370459,0.3884488617845065,0.311632107982519,0.38437347656438686,3.90445,4.25575,399.881,1,1,1,0,0,0,0,0,0,0,0,0,0.0,0.0,0.0,0.0,0.0,0.0,0.0,0,0,0.5,0.1,0.2,0.0,0.5,45.276317,3.90445,417.8353,0.22456356386189308,0.3884488617845065,0.20175391952686864,0.0,0.0,0.1,0.0,0.0,0.0,0.0,0.0,0,0.0,0.0,0,0,0,0,0,0,0,0,0,0,0,0,0,0,0,0,0
2,550.459,55,AugShort,0.0,0.0,1.4945999191421922e-08,1.0420517364537192e-10,0.0034683945735592093,0.5383481790170196,0.3884488608244697,0.31577805851803337,0.34161956883389305,4.04651,4.35555,398.94,1,1,1,0,0,0,0,0,0,0,0,0,0.0,0.0,0.0,0.0,0.0,0.0,0.0,0,0,0.6,0.1,0.2,0.0,0.6,36.851322,3.90445,414.7895,0.22456356535649294,0.3884488608244697,0.20175391953728913,0.0,0.0,0.1,0.0,0.0,0.0,0.0,0.0,0,0.0,0.0,0,0,0,0,0,0,0,0,0,0,0,0,0,0,0,0,0
2,551.465,55,AugShort,0.014057845121418935,0.013974001114730551,1.548001129666031,1.5480011147200319,0.6919764505494911,0.533321303013538,0.559708267192995,0.3200013589299137,0.36715914972375585,4.14317,87.5581,397.179,0,1,0,0,0,0,0,0,0,0,0,0,0.0,0.0,0.0,0.0,0.0,0.0,0.0,0,0,0.6,0.1,0.2,0.0,0.6,36.746511999999996,3.90445,411.56669999999997,0.37936367832309603,0.559708267192995,0.35655403100929234,0.0,0.0,0.1,0.0,0.0,0.0,0.0,0.0,0,0.0,0.0,0,0,0,0,0,0,0,0,0,0,0,0,0,0,0,0,0
2,552.473,55,AugShort,3.3230647573284706,3.282744952586361,1.2409073056184152,0.30709382404761576,0.7714525806658962,0.5613611304980891,0.6122264093042745,0.33848436814811805,0.4315309932446768,4.19909,127.49,136.288,0,1,0,0,0,0,0,0,0,0,0,0,0.0,0.0,0.0,0.0,0.0,0.0,0.0,0,0,0.6,0.1,0.2,0.0,0.6,39.909832,3.90445,382.3652,0.49083137132293064,0.6122264093042745,0.37464037585204696,0.0,0.0,0.1,0.0,0.0,0.0,0.0,0.0,0,0.0,0.0,0,0,0,0,0,0,0,0,0,0,0,0,0,0,0,0,0
2,553.474,55,AugShort,3.605563572060073,0.2822165981334691,1.1389839057381389e-05,1.2408959157793578,0.7714505245462121,0.5985888899185453,0.6266129466395904,0.3667321876198422,0.4988031636298887,4.25575,128.712,138.399,0,1,0,0,0,0,0,0,0,0,0,0,0.0,0.0,0.0,0.0,0.0,0.0,0.0,0,0,0.6,0.1,0.2,0.0,0.6,41.94873199999999,3.90445,353.7932,0.4692923351839496,0.6266129466395904,0.4898128298691029,0.0,0.0,0.1,0.0,0.0,0.0,0.0,0.0,0,0.0,0.0,0,0,0,0,0,0,0,0,0,0,0,0,0,0,0,0,0
2,554.457,55,AugShort,3.558522915886994,-0.04785417718522783,0.0,1.1389839057381389e-05,0.7714505272289878,0.6367946388552509,0.6111221030732749,0.3901941503755016,0.5336625458915016,4.35555,129.951,140.171,0,1,0,0,0,0,0,0,0,0,0,0,0.0,0.0,0.0,0.0,0.0,0.0,0.0,0,0,0.6,0.1,0.2,0.0,0.5,49.861562000000006,3.90445,325.56879999999995,0.3684153746916118,0.6111221030732749,0.41047718348355755,0.0,0.0,0.1,0.0,0.0,0.0,0.0,0.0,0,0.0,0.0,0,0,0,0,0,0,0,0,0,0,0,0,0,0,0,0,0
2,555.473,55,AugShort,3.547910942821459,-0.010444855379463765,0.2523138781678249,0.2523138781678249,0.7331439565704785,0.6620460005731956,0.5838976204026759,0.4126539339922995,0.5605196512918049,87.5581,116.552,141.888,0,1,0,0,0,0,0,0,0,0,0,0,0.0,0.0,0.0,0.0,0.0,0.0,0.0,0,0,0.5,0.0,0.2,0.0,0.5,61.12631699999999,4.04651,297.73639999999995,0.30519896938445507,0.5838976204026759,0.4232794039319415,0.0,0.0,0.0,0.0,0.0,0.0,0.0,0.0,0,0.0,0.0,0,0,0,0,0,0,0,0,0,0,0,0,0,0,0,0,0
2,556.47,55,AugShort,2.9708714257566067,-0.5787758445986483,0.9656538776832398,0.7133399995154149,0.5759288432137064,0.7064218442686107,0.6077797263746461,0.434763518874829,0.571845914800197,62.164,62.164,144.131,0,1,0,0,0,0,0,0,0,0,0,0,0.0,0.0,0.0,0.0,0.0,0.0,0.0,0,0,0.4,0.0,0.1,0.0,0.4,66.93806599999999,4.14317,270.6721,0.40096759921159963,0.6077797263746461,0.4069623687007232,0.0,0.0,0.0,0.0,0.0,0.0,0.0,0.0,0,0.0,0.0,0,0,0,0,0,0,0,0,0,0,0,0,0,0,0,0,0
2,557.469,55,AugShort,1.0807566350818978,-1.892006797472181,0.8892200759140059,0.07643380176923398,0.47402645923861614,0.7832107375349308,0.6078955890214887,0.46257483707233427,0.5705656379046332,62.164,113.384,144.847,0,1,0,0,0,0,0,0,0,0,0,0,0.0,0.0,0.0,0.0,0.0,0.0,0.0,0,0,0.3,0.0,0.0,0.0,0.3,77.862149,4.19909,244.34539999999998,0.4896107701386299,0.6078955890214887,0.4140878276008374,0.0,0.0,0.0,0.0,0.0,0.0,0.0,0.0,0,0.0,0.0,0,0,0,0,0,0,0,0,0,0,0,0,0,0,0,0,0
2,558.467,55,AugShort,1.33360901243207,0.2533590955412548,0.41411037011349733,0.47510970580050854,0.41441540816118166,0.8454160381564481,0.5844908804813992,0.4924287852301613,0.5601674564820558,62.164,137.457,145.712,0,1,0,0,0,0,0,0,0,0,0,0,0.0,0.0,0.0,0.0,0.0,0.0,0.0,0,0,0.2,0.0,0.0,0.0,0.2,91.18794,4.25575,218.74359999999996,0.5310218056789864,0.5844908804813992,0.4613199629875112,0.0,0.0,0.0,0.0,0.0,0.0,0.0,0.0,0,0.0,0.0,0,0,0,0,0,0,0,0,0,0,0,0,0,0,0,0,0
2,559.468,55,AugShort,2.943714232730308,1.6084967235746632,0.5667956866282383,0.152685316514741,0.3050991741133419,0.8597329304812674,0.5539591039008745,0.5236570931541785,0.551241231886147,62.164,116.796,411.025,0,1,0,0,0,0,0,0,0,0,0,0,0.0,0.0,0.0,0.0,0.0,0.0,0.0,0,0,0.1,0.0,0.0,0.0,0.1,102.44196500000001,4.35555,219.858,0.5877013728576308,0.5539591039008745,0.4765884946257991,0.0,0.0,0.0,0.0,0.0,0.0,0.0,0.0,0,0.0,0.0,0,0,0,0,0,0,0,0,0,0,0,0,0,0,0,0,0
2,560.466,56,AugShort,3.0323912506138693,0.08885472733823789,0.10910354999151547,0.4576921366367228,0.351205157902361,0.867642235702424,0.5420443638031655,0.5548792642056715,0.5860149082190274,62.164,110.169,411.652,0,1,0,0,0,0,0,0,0,0,0,0,0.0,0.0,0.0,0.0,0.0,0.0,0.0,0,0,0.0,0.0,0.0,0.0,0.0,113.02331,62.164,221.1292,0.5986117263621824,0.5420443638031655,0.5223577082790508,0.0,0.0,0.0,0.0,0.0,0.0,0.0,0.0,0,0.0,0.0,0,0,0,0,0,0,0,0,0,0,0,0,0,0,0,0,0
2,561.475,56,AugShort,2.839751989104963,-0.19092097275411926,1.316373597892597,1.2072700479010816,0.4626013212618581,0.8705290967892205,0.5003094114586234,0.5860201044529125,0.563077395290264,102.617,102.617,151.437,0,1,0,0,0,0,0,0,0,0,0,0,0.0,0.0,0.0,0.0,0.0,0.0,0.0,0,0,0.0,0.0,0.0,0.0,0.0,114.52920000000002,62.164,196.555,0.575448973184839,0.5003094114586234,0.4882846015971559,0.0,0.0,0.0,0.0,0.0,0.0,0.0,0.0,0,0.0,0.0,0,0,0,0,0,0,0,0,0,0,0,0,0,0,0,0,0
2,562.474,56,AugShort,0.9414200217989116,-1.900232199505557,0.9503107023832021,0.36606289550939486,0.4709297763093466,0.8710660015479815,0.4645221499296996,0.6179820248461274,0.533025114854609,48.5556,48.5556,151.095,0,1,0,0,0,0,0,0,0,0,0,0,0.0,0.0,0.0,0.0,0.0,0.0,0.0,0,0,0.0,0.0,0.0,0.0,0.0,106.63576,48.5556,198.0357,0.5463893128613178,0.4645221499296996,0.4941815087433337,0.0,0.0,0.0,0.0,0.0,0.0,0.0,0.0,0,0.0,0.0,0,0,0,0,0,0,0,0,0,0,0,0,0,0,0,0,0
2,563.471,56,AugShort,0.4726930759121862,-0.47013735796060724,0.07970328915920281,0.8706074132239994,0.5358637648245713,0.8744731036855846,0.4546866295774902,0.6507613476540148,0.509466438882445,44.1216,44.1216,150.75,0,1,0,0,0,0,0,0,0,0,0,0,0.0,0.0,0.0,0.0,0.0,0.0,0.0,0,0,0.0,0.0,0.0,0.0,0.0,98.17672,44.1216,199.27079999999998,0.5543585027933323,0.4546866295774902,0.45715265848779796,0.0,0.0,0.0,0.0,0.0,0.0,0.0,0.0,0,0.0,0.0,0,0,0,0,0,0,0,0,0,0,0,0,0,0,0,0,0
2,564.471,56,AugShort,0.0,-0.4726930759121862,0.0,0.07970328915920281,0.6017264187435758,0.8889680201173368,0.4546866295774902,0.6801516221128965,0.4924940280339037,44.1216,44.1216,150.75,0,1,0,0,0,0,0,0,0,0,0,0,0.0,0.0,0.0,0.0,0.0,0.0,0.0,0,0,0.0,0.0,0.0,0.0,0.0,89.59378000000001,44.1216,200.32869999999997,0.5543585027933323,0.4546866295774902,0.4651218484198124,0.0,0.0,0.0,0.0,0.0,0.0,0.0,0.0,0,0.0,0.0,0,0,0,0,0,0,0,0,0,0,0,0,0,0,0,0,0
2,565.478,56,AugShort,0.0,0.0,0.0,0.0,0.6207204585448737,0.941540385480405,0.47962665400535265,0.7085630091032962,0.4812516782313433,44.1216,44.1216,150.75,0,1,0,0,0,0,0,0,0,0,0,0,0.0,0.0,0.0,0.0,0.0,0.0,0.0,0,0,0.0,0.0,0.0,0.0,0.0,82.35074,44.1216,201.2149,0.5291271149765497,0.47962665400535265,0.43989046060302994,0.0,0.0,0.0,0.0,0.0,0.0,0.0,0.0,0,0.0,0.0,0,0,0,0,0,0,0,0,0,0,0,0,0,0,0,0,0
2,566.475,56,AugShort,0.7227937496619715,0.7249686556288581,0.25079045594959903,0.25079045594959903,0.40132495923478306,0.9319696738226798,0.460215922163736,0.7299757868994126,0.46379128983345097,44.1216,58.6826,150.374,0,1,0,0,0,0,0,0,0,0,0,0,0.0,0.0,0.0,0.0,0.0,0.0,0.0,0,0,0.0,0.0,0.0,0.0,0.0,82.0026,44.1216,201.8392,0.45764077280318577,0.460215922163736,0.3936355062464484,0.0,0.0,0.0,0.0,0.0,0.0,0.0,0.0,0,0.0,0.0,0,0,0,0,0,0,0,0,0,0,0,0,0,0,0,0,0
2,567.485,56,AugShort,0.0,-0.7156373759029421,1.381650937087348,1.130860481137749,0.5898982743867881,0.9432985653700372,0.5322356963936177,0.7499634684806561,0.47537847134826816,21.2718,21.2718,150.374,0,1,0,0,0,0,0,0,0,0,0,0,0.0,0.0,0.0,0.0,0.0,0.0,0.0,0,0,0.0,0.0,0.0,0.0,0.0,72.79138,21.2718,202.3919,0.50688385892052,0.5322356963936177,0.49907817418329986,0.0,0.0,0.0,0.0,0.0,0.0,0.0,0.0,0,0.0,0.0,0,0,0,0,0,0,0,0,0,0,0,0,0,0,0,0,0
2,568.481,56,AugShort,0.5316551235983243,0.5337902847372734,0.30984954109756635,1.0718013959897816,0.5730102722255302,0.9306468154343078,0.5352675446051062,0.7693720439751959,0.4912379577547029,21.2718,34.5594,423.398,0,1,0,0,0,0,0,0,0,0,0,0,0.0,0.0,0.0,0.0,0.0,0.0,0.0,0,0,0.0,0.0,0.0,0.0,0.0,62.50162,21.2718,230.1605,0.49645777601892693,0.5352675446051062,0.5587473432022272,0.0,0.0,0.0,0.0,0.0,0.0,0.0,0.0,0,0.0,0.0,0,0,0,0,0,0,0,0,0,0,0,0,0,0,0,0,0
2,569.472,56,AugShort,0.7249258740671891,0.19502598432781512,0.08071685804731335,0.229132683050253,0.560326915424264,0.9070486667211655,0.5500371629076782,0.7876212128494019,0.5167607318857952,21.2718,29.9768,423.04,0,1,0,0,0,0,0,0,0,0,0,0,0.0,0.0,0.0,0.0,0.0,0.0,0.0,0,0,0.0,0.0,0.0,0.0,0.0,53.8197,21.2718,231.362,0.44784989316083434,0.5500371629076782,0.5663920798557784,0.0,0.0,0.0,0.0,0.0,0.0,0.0,0.0,0,0.0,0.0,0,0,0,0,0,0,0,0,0,0,0,0,0,0,0,0,0
2,570.482,57,AugShort,0.0,-0.7177483901655338,1.0615643120383895,0.9808474539910762,0.569732149656308,0.9070486667211655,0.5670632022211249,0.8060562372346093,0.5386134310611899,17.855,17.855,150.544,0,1,0,0,0,0,0,0,0,0,0,0,0.0,0.0,0.0,0.0,0.0,0.0,0.0,0,0,0.0,0.0,0.0,0.0,0.0,44.588300000000004,17.855,205.2512,0.5430959693655217,0.5670632022211249,0.6187076115912138,0.0,0.0,0.0,0.0,0.0,0.0,0.0,0.0,0,0.0,0.0,0,0,0,0,0,0,0,0,0,0,0,0,0,0,0,0,0
2,571.583,57,AugShort,0.3981892962876477,0.3616614861831496,0.2910596564092736,0.770504655629116,0.5635133400243666,0.9072182102990273,0.5004978879106955,0.8247510825988836,0.5487046329374408,0.34435,0.34435,150.655,0,1,1,0,0,0,1,0,0,0,0,0,0.0,0.0,0.0,0.0,0.0,0.0,0.0,0,0,0.1,0.1,0.0,0.0,0.0,34.361035,0.34435,205.173,0.44056457521718945,0.5004978879106955,0.5750310723640172,0.0,0.0,0.0,0.0,0.0,0.0,0.0,0.0,0,0.0,0.0,0,0,0,0,0,0,0,0,0,0,0,0,0,0,0,0,0
2,572.53,57,AugShort,0.6875956066934351,0.30560328448340807,1.3384844639428388,1.0474248075335653,0.5491705491526861,0.8679597988090353,0.5563606292204926,0.840081016014431,0.5565287102217746,0.34435,4.5886,424.217,0,1,1,0,0,0,1,0,1,0,0,0,0.0,0.947,0.0,0.0,0.0,0.0,0.0,0,0,0.2,0.2,0.0,0.0,0.0,29.964335,0.34435,232.4852,0.4793819513731531,0.5563606292204926,0.6431672635664343,0.947,0.0,0.1,0.0,0.0,0.0,0.0,0.0,0,0.0,0.0,0,0,0,0,0,0,0,0,0,0,0,0,0,0,0,0,0
2,573.487,57,AugShort,0.7050993395485494,0.018290211969816412,0.41258584454351144,0.9258986193993274,0.536614994053249,0.814030753483552,0.5394927612540986,0.8508531091926812,0.5566038331446425,0.34435,20.9889,424.665,0,1,0,0,0,0,0,0,0,0,0,0,0.0,0.0,0.0,0.0,0.0,0.0,0.0,0,0,0.2,0.2,0.0,0.0,0.0,27.651065,0.34435,259.8767,0.512670206911584,0.5394927612540986,0.648696384183967,0.947,0.0,0.1,0.0,0.0,0.0,0.0,0.0,0,0.0,0.0,0,0,0,0,0,0,0,0,0,0,0,0,0,0,0,0,0
2,574.486,57,AugShort,0.0,-0.7058051446932426,0.0,0.41258584454351144,0.5583051626534691,0.7859771831717324,0.5394927612540986,0.8583122364085055,0.5522617075356318,0.34435,20.2542,427.613,0,1,0,0,0,0,0,0,0,0,0,0,0.0,0.0,0.0,0.0,0.0,0.0,0.0,0,0,0.2,0.2,0.0,0.0,0.0,25.264325,0.34435,287.563,0.512670206911584,0.5394927612540986,0.6819846397223979,0.947,0.0,0.1,0.0,0.0,0.0,0.0,0.0,0,0.0,0.0,0,0,0,0,0,0,0,0,0,0,0,0,0,0,0,0,0
2,575.503,57,AugShort,0.2520704201168143,0.24785685360552048,0.860526700833121,0.860526700833121,0.5248586766811496,0.737240338509928,0.5167843665972718,0.8620719533053421,0.5426755293492593,0.34435,69.1682,429.563,0,1,0,0,0,0,0,0,0,0,0,0,0.0,0.0,0.0,0.0,0.0,0.0,0.0,0,0,0.2,0.2,0.0,0.0,0.0,27.768984999999997,0.34435,315.4443,0.598722876994896,0.5167843665972718,0.76803730980571,0.947,0.0,0.1,0.0,0.0,0.0,0.0,0.0,0,0.0,0.0,0,0,0,0,0,0,0,0,0,0,0,0,0,0,0,0,0
2,576.49,57,AugShort,2.069471116032671,1.841338091100159,0.05702799415181209,0.8034987066813088,0.5659536757693439,0.6410870545935227,0.534604393854604,0.8588052138215877,0.5591384010027155,4.5886,71.7303,429.825,0,1,0,0,0,0,0,0,0,0,0,0,0.0,0.0,0.0,0.0,0.0,0.0,0.0,0,0,0.2,0.2,0.0,0.0,0.0,29.073755,0.34435,343.3894,0.5793466308151174,0.534604393854604,0.823308134878881,0.947,0.0,0.1,0.0,0.0,0.0,0.0,0.0,0,0.0,0.0,0,0,0,0,0,0,0,0,0,0,0,0,0,0,0,0,0
2,577.496,57,AugShort,2.248037806704555,0.177501680588354,1.3863048942291543,1.3292769000773421,0.5830976708340988,0.48125840107966805,0.5353818984255136,0.8437075969988245,0.5584583406474465,10.1565,10.1565,429.296,0,1,0,0,0,0,0,0,0,0,0,0,0.0,0.0,0.0,0.0,0.0,0.0,0.0,0,0,0.2,0.2,0.0,0.0,0.0,27.962225,0.34435,371.28159999999997,0.579812026529298,0.5353818984255136,0.8431497767728402,0.947,0.0,0.1,0.0,0.0,0.0,0.0,0.0,0,0.0,0.0,0,0,0,0,0,0,0,0,0,0,0,0,0,0,0,0,0
2,578.51,57,AugShort,3.6025763861030735,1.3358368633121482,0.028496107601853882,1.3578087866273003,0.6281789282485375,0.23778504413012636,0.5580578940420383,0.8133260472975083,0.5639752062497473,10.1565,12.4021,429.4,0,1,0,0,0,0,0,0,0,0,0,0,0.0,0.0,0.0,0.0,0.0,0.0,0.0,0,0,0.2,0.2,0.0,0.0,0.0,25.746495,0.34435,371.8818,0.5516766831797267,0.5580578940420383,0.871750515836592,0.947,0.0,0.1,0.0,0.0,0.0,0.0,0.0,0,0.0,0.0,0,0,0,0,0,0,0,0,0,0,0,0,0,0,0,0,0
2,579.49,57,AugShort,3.7011404295255983,0.1005755545127804,0.0,0.028496107601853882,0.6281789282485375,0.13962910581278465,0.5661517270800825,0.7773208560640843,0.5707604075321746,10.1565,13.093,430.365,0,1,0,0,0,0,0,0,0,0,0,0,0.0,0.0,0.0,0.0,0.0,0.0,0.0,0,0,0.2,0.2,0.0,0.0,0.0,24.058115,0.34435,372.6143,0.5436049973749955,0.5661517270800825,0.8516868582917523,0.947,0.0,0.1,0.0,0.0,0.0,0.0,0.0,0,0.0,0.0,0,0,0,0,0,0,0,0,0,0,0,0,0,0,0,0,0
2,580.505,58,AugShort,3.559145806373051,-0.1398961804458594,0.18642846609527114,0.18642846609527114,0.5938639345195678,0.3806040554246682,0.5444117059977911,0.7529689470501965,0.5731735860185007,5.29439,5.29439,428.558,0,1,0,0,0,0,0,0,0,0,0,0,0.0,0.0,0.0,0.0,0.0,0.0,0.0,0,0,0.2,0.2,0.0,0.0,0.0,22.802054,0.34435,400.4157,0.45609141278068355,0.5444117059977911,0.7722449595021716,0.947,0.0,0.1,0.0,0.0,0.0,0.0,0.0,0,0.0,0.0,0,0,0,0,0,0,0,0,0,0,0,0,0,0,0,0,0
2,581.49,58,AugShort,3.4201597696162227,-0.14110257538764295,0.7891832394384131,0.602754773343142,0.5994590194473657,0.6274321330214361,0.550389652339847,0.7408140988618073,0.5767681539608005,5.29439,42.2197,425.798,0,1,0,0,0,0,0,0,0,0,0,0,0.0,0.0,0.0,0.0,0.0,0.0,0.0,0,0,0.1,0.1,0.0,0.0,0.0,26.989589000000002,4.5886,427.93,0.5059037710835975,0.550389652339847,0.7554699712735744,0.947,0.0,0.1,0.0,0.0,0.0,0.0,0.0,0,0.0,0.0,0,0,0,0,0,0,0,0,0,0,0,0,0,0,0,0,0
2,582.496,58,AugShort,3.028727697877947,-0.38909748681737155,0.6278790993128618,0.16130414012555128,0.3605321391370541,0.7098682144188442,0.4711157320394465,0.7327542095053504,0.5579043129592373,5.29439,7.10611,422.518,0,1,0,0,0,0,0,0,0,0,0,0,0.0,0.0,0.0,0.0,0.0,0.0,0.0,0,0,0.0,0.0,0.0,0.0,0.0,27.24134,5.29439,427.7601000000001,0.4348432346205998,0.4711157320394465,0.6668579045327729,0.0,0.0,0.0,0.0,0.0,0.0,0.0,0.0,0,0.0,0.0,0,0,0,0,0,0,0,0,0,0,0,0,0,0,0,0,0
2,583.5,58,AugShort,3.541673591263444,0.5109022842485029,0.5913228029493041,0.03655629636355773,0.3309151040787237,0.7620540569925315,0.4735616902951564,0.7271332571706977,0.5373343239617847,5.29439,29.8551,420.333,0,1,0,0,0,0,0,0,0,0,0,0,0.0,0.0,0.0,0.0,0.0,0.0,0.0,0,0,0.0,0.0,0.0,0.0,0.0,28.12796,5.29439,427.3269,0.45271693046117906,0.4735616902951564,0.5779236722291959,0.0,0.0,0.0,0.0,0.0,0.0,0.0,0.0,0,0.0,0.0,0,0,0,0,0,0,0,0,0,0,0,0,0,0,0,0,0
2,584.504,58,AugShort,3.6256788600309973,0.08367058642186596,0.17732459732728104,0.41399820562202305,0.2772619064166683,0.7817584579757713,0.4577833047994387,0.7217727790636194,0.5092299983381048,5.29439,40.6013,419.345,0,1,0,0,0,0,0,0,0,0,0,0,0.0,0.0,0.0,0.0,0.0,0.0,0.0,0,0,0.0,0.0,0.0,0.0,0.0,30.16267,5.29439,426.50010000000003,0.4704493901939072,0.4577833047994387,0.578064908337047,0.0,0.0,0.0,0.0,0.0,0.0,0.0,0.0,0,0.0,0.0,0,0,0,0,0,0,0,0,0,0,0,0,0,0,0,0,0
2,585.508,58,AugShort,3.535241549241483,-0.09007700277840062,0.6430138930868581,0.46568929575957707,0.22982624316829223,0.7767345494431667,0.4420881014015778,0.7135324872617576,0.4797267549868189,7.10611,15.9233,139.073,0,1,0,0,0,0,0,0,0,0,0,0,0.0,0.0,0.0,0.0,0.0,0.0,0.0,0,0,0.0,0.0,0.0,0.0,0.0,24.83818,5.29439,397.4511,0.4486981094192809,0.4420881014015778,0.5385811678296928,0.0,0.0,0.0,0.0,0.0,0.0,0.0,0.0,0,0.0,0.0,0,0,0,0,0,0,0,0,0,0,0,0,0,0,0,0,0
2,586.535,58,AugShort,3.555419554344604,0.019647522008881275,0.010544784316090261,0.6324691087707678,0.29510466196471663,0.7824367311216255,0.4468822605108211,0.7060558401267049,0.4526418536063562,7.10611,15.7062,135.552,0,1,0,0,0,0,0,0,0,0,0,0,0.0,0.0,0.0,0.0,0.0,0.0,0.0,0,0,0.0,0.0,0.0,0.0,0.0,19.235770000000002,5.29439,368.02380000000005,0.4440497884357087,0.4468822605108211,0.5214782080386386,0.0,0.0,0.0,0.0,0.0,0.0,0.0,0.0,0,0.0,0.0,0,0,0,0,0,0,0,0,0,0,0,0,0,0,0,0,0
2,587.513,58,AugShort,3.862177901116719,0.3136588412802811,0.11992096121062149,0.10937617689453122,0.28871898335862534,0.775427894130507,0.3080721016791536,0.6976623065647283,0.4232039848588089,15.7062,22.9569,131.993,0,1,0,0,0,0,0,0,0,0,0,0,0.0,0.0,0.0,0.0,0.0,0.0,0.0,0,0,0.0,0.0,0.0,0.0,0.0,20.515810000000002,5.29439,338.2935,0.3174113951338554,0.3080721016791536,0.3994881357203576,0.0,0.0,0.0,0.0,0.0,0.0,0.0,0.0,0,0.0,0.0,0,0,0,0,0,0,0,0,0,0,0,0,0,0,0,0,0
2,588.521,58,AugShort,2.649108889379531,-1.203441479898004,0.9813058215513373,0.8613848603407158,0.4110214013564275,0.7955288872074373,0.3528731137165226,0.6909064101533847,0.40148823216959784,15.7062,18.2455,424.641,0,1,0,0,0,0,0,0,0,0,0,0,0.0,0.0,0.0,0.0,0.0,0.0,0.0,0,0,0.0,0.0,0.0,0.0,0.0,21.10015,5.29439,337.8176,0.41269236652880376,0.3528731137165226,0.3498457430916991,0.0,0.0,0.0,0.0,0.0,0.0,0.0,0.0,0,0.0,0.0,0,0,0,0,0,0,0,0,0,0,0,0,0,0,0,0,0
2,589.505,58,AugShort,3.5301761990908482,0.8953936074302006,0.21459871194322822,0.7667071096081091,0.40659501202821596,0.8182163829151241,0.33082317454345783,0.6864647959630827,0.3793298405475657,7.86095,7.86095,423.028,1,1,0,0,0,0,0,0,0,0,0,0,0.0,0.0,0.0,0.0,0.0,0.0,0.0,0,0,0.0,0.0,0.0,0.0,0.1,20.576945000000002,5.29439,337.08389999999997,0.4341522377231266,0.33082317454345783,0.42366684329232457,0.0,0.0,0.0,0.0,0.0,0.0,0.0,0.0,0,0.0,0.0,0,0,0,0,0,0,0,0,0,0,0,0,0,0,0,0,0
2,590.497,59,AugShort,3.3412694746771456,-0.19043016573961954,0.17625068511841033,0.03834802682481789,0.3882641831351705,0.8299103866739601,0.3316845121528945,0.6826078819607224,0.358769865409126,6.23656,6.23656,420.553,1,1,0,0,0,0,0,0,0,0,0,0,0.0,0.0,0.0,0.0,0.0,0.0,0.0,0,0,0.0,0.0,0.0,0.0,0.2,20.671162000000002,6.23656,336.2834,0.43313445962544056,0.3316845121528945,0.40885879936527925,0.0,0.0,0.0,0.0,0.0,0.0,0.0,0.0,0,0.0,0.0,0,0,0,0,0,0,0,0,0,0,0,0,0,0,0,0,0
2,591.491,59,AugShort,3.393272388852274,0.052316815065521494,0.3522155235018493,0.175964838383439,0.3529279179681365,0.852157360083535,0.3074653733998022,0.6798548394499477,0.3341167552612031,6.23656,23.9151,417.86,0,1,0,0,0,0,0,0,0,0,0,0,0.0,0.0,0.0,0.0,0.0,0.0,0.0,0,0,0.0,0.0,0.0,0.0,0.2,18.840702,6.23656,335.4896,0.38943768803178413,0.3074653733998022,0.366179805869309,0.0,0.0,0.0,0.0,0.0,0.0,0.0,0.0,0,0.0,0.0,0,0,0,0,0,0,0,0,0,0,0,0,0,0,0,0,0
2,592.503,59,AugShort,3.3415148857094508,-0.05114377780911387,0.026303183254329,0.3259123402475203,0.3714343213929123,0.8472418514535193,0.31440200844478067,0.6788189420821721,0.3352069734867889,6.23656,25.201,417.174,1,1,0,0,0,0,0,0,0,0,0,0,0.0,0.0,0.0,0.0,0.0,0.0,0.0,0,0,0.0,0.0,0.0,0.0,0.3,20.650191,6.23656,334.9552,0.32928009642593087,0.31440200844478067,0.3826406258815059,0.0,0.0,0.0,0.0,0.0,0.0,0.0,0.0,0,0.0,0.0,0,0,0,0,0,0,0,0,0,0,0,0,0,0,0,0,0
2,593.51,59,AugShort,3.6186374172464895,0.2751961584280424,0.13060216623642182,0.10429898298209282,0.1193023177129681,0.8272209580449397,0.3053627707097809,0.6794784523102414,0.3140456948502134,6.23656,32.7032,417.227,1,1,0,0,0,0,0,0,0,0,0,0,0.0,0.0,0.0,0.0,0.0,0.0,0.0,0,0,0.0,0.0,0.0,0.0,0.4,20.935001,6.23656,334.64459999999997,0.28320803275464257,0.3053627707097809,0.38941489454335937,0.0,0.0,0.0,0.0,0.0,0.0,0.0,0.0,0,0.0,0.0,0,0,0,0,0,0,0,0,0,0,0,0,0,0,0,0,0
2,594.508,59,AugShort,3.647308496141065,0.028728535966508446,8.364695309523136e-05,0.13051851928332658,0.14044491949005236,0.8078384831704127,0.31710924793071216,0.6805715173101754,0.30036399615755177,6.23656,32.7972,417.197,1,1,0,0,0,0,0,0,0,0,0,0,0.0,0.0,0.0,0.0,0.0,0.0,0.0,0,0,0.0,0.0,0.0,0.0,0.5,20.154591,6.23656,334.4298,0.26548393771722406,0.31710924793071216,0.36106692590948974,0.0,0.0,0.0,0.0,0.0,0.0,0.0,0.0,0,0.0,0.0,0,0,0,0,0,0,0,0,0,0,0,0,0,0,0,0,0
2,595.519,59,AugShort,3.3996118048496924,-0.24500167288958707,1.1380387059766692,1.137955059023574,0.4728251824139346,0.8021154635182772,0.4081588029706457,0.6838152735605928,0.324663890082116,23.9151,33.7163,415.734,1,1,0,0,0,0,0,0,0,0,0,0,0.0,0.0,0.0,0.0,0.0,0.0,0.0,0,0,0.0,0.0,0.0,0.0,0.6,21.933891,6.23656,362.0959,0.31498641900620516,0.4081588029706457,0.42829350223588947,0.0,0.0,0.0,0.0,0.0,0.0,0.0,0.0,0,0.0,0.0,0,0,0,0,0,0,0,0,0,0,0,0,0,0,0,0,0
2,596.502,59,AugShort,3.4244328033361064,0.0252502527837376,1.158834657507806,0.02079595153113667,0.6023891088240763,0.8100959674115141,0.46985584708786227,0.6922657192014925,0.35539233476805193,25.201,32.467,414.03,1,1,0,0,0,0,0,0,0,0,0,0,0.0,0.0,0.0,0.0,0.0,0.0,0.0,0,0,0.0,0.0,0.0,0.0,0.7,23.609970999999998,6.23656,389.94370000000004,0.4298154063253767,0.46985584708786227,0.3671261865119263,0.0,0.0,0.0,0.0,0.0,0.0,0.0,0.0,0,0.0,0.0,0,0,0,0,0,0,0,0,0,0,0,0,0,0,0,0,0
2,597.505,59,AugShort,5.88459664676633,2.452805427148778,0.09998479166834076,1.0588498658394652,0.588937188660422,0.7958620680913818,0.4713567386397987,0.7079959025520781,0.38541415529823164,27.2312,27.2312,411.968,1,1,0,0,0,0,0,0,0,0,0,0,0.0,0.0,0.0,0.0,0.0,0.0,0.0,0,0,0.0,0.0,0.0,0.0,0.8,24.037401,6.23656,417.94120000000004,0.4278217893711487,0.4713567386397987,0.4620735554064197,0.0,0.0,0.0,0.0,0.0,0.0,0.0,0.0,0,0.0,0.0,0,0,0,0,0,0,0,0,0,0,0,0,0,0,0,0,0
2,598.524,59,AugShort,6.533910971345884,0.6372073842782668,0.2617457737022133,0.16176098203387254,0.5707043346172638,0.7682004892824869,0.4306396506498331,0.7345166748096961,0.4013824486243152,27.2312,43.0121,410.069,0,1,0,0,0,0,0,0,0,0,0,0,0.0,0.0,0.0,0.0,0.0,0.0,0.0,0,0,0.0,0.0,0.0,0.0,0.8,26.514060999999998,6.23656,416.48400000000004,0.35586578458623624,0.4306396506498331,0.3921111675757354,0.0,0.0,0.0,0.0,0.0,0.0,0.0,0.0,0,0.0,0.0,0,0,0,0,0,0,0,0,0,0,0,0,0,0,0,0,0
2,599.531,59,AugShort,5.9857234025328845,-0.5443769303008936,0.02101560984359621,0.2407301638586171,0.5658858431212586,0.7455797412403355,0.4418993588761652,0.7648142065810737,0.41731153173361957,27.2312,42.4574,406.521,0,1,0,0,0,0,0,0,0,0,0,0,0.0,0.0,0.0,0.0,0.0,0.0,0.0,0,0,0.0,0.0,0.0,0.0,0.7,29.973706,6.23656,414.83329999999995,0.33650747437627304,0.4418993588761652,0.3395134730007862,0.0,0.0,0.0,0.0,0.0,0.0,0.0,0.0,0,0.0,0.0,0,0,0,0,0,0,0,0,0,0,0,0,0,0,0,0,0
2,600.513,60,AugShort,3.823678065926609,-2.2016754955257385,0.0005242172506555291,0.020491392592940683,0.4863717471460967,0.7311812860758282,0.45235064100897376,0.7823430681136317,0.42712228813471215,27.2312,42.8161,403.988,0,1,0,0,0,0,0,0,0,0,0,0,0.0,0.0,0.0,0.0,0.0,0.0,0.0,0,0,0.0,0.0,0.0,0.0,0.6,33.63166,23.9151,413.1768,0.31893482758949754,0.45235064100897376,0.3377278095775985,0.0,0.0,0.0,0.0,0.0,0.0,0.0,0.0,0,0.0,0.0,0,0,0,0,0,0,0,0,0,0,0,0,0,0,0,0,0
2,601.529,60,AugShort,3.5900095120121227,-0.22998873416780166,0.07295352571644513,0.0724293084657896,0.10325200178094635,0.7210944246555209,0.4586441844782059,0.787026182695336,0.4021546965159931,27.2312,47.37,401.133,0,1,0,0,0,0,0,0,0,0,0,0,0.0,0.0,0.0,0.0,0.0,0.0,0.0,0,0,0.0,0.0,0.0,0.0,0.6,35.97715,25.201,411.5041,0.29100862781095715,0.4586441844782059,0.3273742565858336,0.0,0.0,0.0,0.0,0.0,0.0,0.0,0.0,0,0.0,0.0,0,0,0,0,0,0,0,0,0,0,0,0,0,0,0,0,0
2,602.508,60,AugShort,3.4902876030270655,-0.10186098977023204,0.1587199346452966,0.08576640892885147,0.10773862857197276,0.7236825152447535,0.4520162605184524,0.7877168977366314,0.3757851272338991,42.4574,56.4991,398.123,0,1,0,0,0,0,0,0,0,0,0,0,0.0,0.0,0.0,0.0,0.0,0.0,0.0,0,0,0.0,0.0,0.0,0.0,0.5,39.10696,27.2312,409.599,0.30425030295005395,0.4520162605184524,0.3033596634539667,0.0,0.0,0.0,0.0,0.0,0.0,0.0,0.0,0,0.0,0.0,0,0,0,0,0,0,0,0,0,0,0,0,0,0,0,0,0
2,603.539,60,AugShort,3.230826494634461,-0.25165965896469894,0.588396943462562,0.4296770088172654,0.2426445817176968,0.7235428857240114,0.45564317545917,0.7857913391732054,0.388119353634372,42.4574,91.3626,395.427,0,1,0,0,0,0,0,0,0,0,0,0,0.0,0.0,0.0,0.0,0.0,0.0,0.0,0,0,0.0,0.0,0.0,0.0,0.4,44.972899999999996,27.2312,407.419,0.35002978067266793,0.45564317545917,0.33589746603748394,0.0,0.0,0.0,0.0,0.0,0.0,0.0,0.0,0,0.0,0.0,0,0,0,0,0,0,0,0,0,0,0,0,0,0,0,0,0
2,604.491,60,AugShort,3.440624032996264,0.22037556550609574,0.7748949155133986,0.18649797205083662,0.3420782915737318,0.7348064648932899,0.4554010645319862,0.7834437395190814,0.40828269084274,42.8161,49.5705,392.686,0,1,0,0,0,0,0,0,0,0,0,0,0.0,0.0,0.0,0.0,0.0,0.0,0.0,0,0,0.0,0.0,0.0,0.0,0.3,46.65022999999999,27.2312,404.9679,0.42751090752869825,0.4554010645319862,0.3414954113142349,0.0,0.0,0.0,0.0,0.0,0.0,0.0,0.0,0,0.0,0.0,0,0,0,0,0,0,0,0,0,0,0,0,0,0,0,0,0
2,605.502,60,AugShort,3.393777801864818,-0.04633652930904642,0.6230002924452833,0.1518946230681153,0.3088051169869947,0.7714126233455508,0.3906335390815296,0.7831776432142006,0.39188068430004597,14.4767,14.4767,389.433,0,1,0,0,0,0,0,0,0,0,0,0,0.0,0.0,0.0,0.0,0.0,0.0,0.0,0,0,0.0,0.0,0.0,0.0,0.2,44.72626999999999,14.4767,402.3378,0.3760070661755597,0.3906335390815296,0.24288936771868905,0.0,0.0,0.0,0.0,0.0,0.0,0.0,0.0,0,0.0,0.0,0,0,0,0,0,0,0,0,0,0,0,0,0,0,0,0,0
2,606.491,60,AugShort,2.151256930568014,-1.2563406180958587,0.752032830233618,0.12903253778833468,0.24848239552450538,0.8121191714409826,0.3136485332192507,0.7846617652301685,0.35649001297008887,14.4767,56.499,388.676,0,1,0,0,0,0,0,0,0,0,0,0,0.0,0.0,0.0,0.0,0.0,0.0,0.0,0,0,0.0,0.0,0.0,0.0,0.1,47.12947,14.4767,399.8024,0.3353268834481409,0.3136485332192507,0.25371302634440884,0.0,0.0,0.0,0.0,0.0,0.0,0.0,0.0,0,0.0,0.0,0,0,0,0,0,0,0,0,0,0,0,0,0,0,0,0,0
2,607.489,60,AugShort,3.1645765836894246,1.015350353829069,1.0851482220100952,0.3331153917764772,0.1962861630398164,0.8664469740945401,0.37935179548900144,0.7892127192283701,0.31722491040802836,14.4767,118.562,386.464,0,1,0,0,0,0,0,0,0,0,0,0,0.0,0.0,0.0,0.0,0.0,0.0,0.0,0,0,0.0,0.0,0.0,0.0,0.0,56.26255,14.4767,397.252,0.4338432264823163,0.37935179548900144,0.18113957893811006,0.0,0.0,0.0,0.0,0.0,0.0,0.0,0.0,0,0.0,0.0,0,0,0,0,0,0,0,0,0,0,0,0,0,0,0,0,0
2,608.49,60,AugShort,3.392334355604103,0.2275302416730054,0.013754126783529077,1.0713940952265661,0.3939863370978867,0.8871083736157258,0.3994270056252464,0.7937916935487845,0.2995531106560906,14.4767,118.255,385.41,1,1,0,0,0,0,0,0,0,0,0,0,0.0,0.0,0.0,0.0,0.0,0.0,0.0,0,0,0.0,0.0,0.0,0.0,0.1,63.78684,14.4767,394.7861,0.40904406179044794,0.3994270056252464,0.2721028902573794,0.0,0.0,0.0,0.0,0.0,0.0,0.0,0.0,0,0.0,0.0,0,0,0,0,0,0,0,0,0,0,0,0,0,0,0,0,0
2,609.492,60,AugShort,2.927335206852671,-0.4640710067379563,1.4891887055087993,1.4754345787252703,0.5495068093416894,0.9270096010490017,0.49849446038986184,0.7992313544554783,0.2979152072781337,14.4767,33.5305,382.852,1,1,0,0,0,0,0,0,0,0,0,0,0.0,0.0,0.0,0.0,0.0,0.0,0.0,0,0,0.0,0.0,0.0,0.0,0.2,62.89414999999999,14.4767,392.4192,0.5558613713569682,0.49849446038986184,0.39557333174404474,0.0,0.0,0.0,0.0,0.0,0.0,0.0,0.0,0,0.0,0.0,0,0,0,0,0,0,0,0,0,0,0,0,0,0,0,0,0
2,610.49,61,AugShort,3.900808552946436,0.9754241944827304,0.041938193231253605,1.4472505122775456,0.6471209799134516,0.9583876159960152,0.4935153616766712,0.8056552159215811,0.31399013055486924,33.5305,36.2349,379.69,0,1,0,0,0,0,0,0,0,0,0,0,0.0,0.0,0.0,0.0,0.0,0.0,0.0,0,0,0.0,0.0,0.0,0.0,0.2,62.23602999999999,14.4767,389.98940000000005,0.560002768955028,0.4935153616766712,0.5382492437125053,0.0,0.0,0.0,0.0,0.0,0.0,0.0,0.0,0,0.0,0.0,0,0,0,0,0,0,0,0,0,0,0,0,0,0,0,0,0
2,611.497,61,AugShort,3.5361862408725226,-0.36208769818660697,0.7018250485887728,0.6598868553575192,0.6460428470911261,0.977413449854875,0.4637246985408189,0.811918020410148,0.36826921508588717,7.16155,7.16155,376.565,0,1,0,0,0,0,0,0,0,0,0,0,0.0,0.0,0.0,0.0,0.0,0.0,0.0,0,0,0.0,0.0,0.0,0.0,0.2,58.215185000000005,7.16155,387.5326,0.6228899212422607,0.4637246985408189,0.5969949984016782,0.0,0.0,0.0,0.0,0.0,0.0,0.0,0.0,0,0.0,0.0,0,0,0,0,0,0,0,0,0,0,0,0,0,0,0,0,0
2,612.495,61,AugShort,3.6014958485602238,0.06544048866503117,0.3175274901040521,0.3842975584847207,0.6119547246524191,0.9707671676947905,0.4485328946511297,0.8180942862222116,0.41869082469393176,7.16155,14.8982,372.984,0,1,0,0,0,0,0,0,0,0,0,0,0.0,0.0,0.0,0.0,0.0,0.0,0.0,0,0,0.0,0.0,0.0,0.0,0.2,54.05509500000001,7.16155,385.01869999999997,0.6387706767881364,0.4485328946511297,0.6268481133572651,0.0,0.0,0.0,0.0,0.0,0.0,0.0,0.0,0,0.0,0.0,0,0,0,0,0,0,0,0,0,0,0,0,0,0,0,0,0
2,613.496,61,AugShort,3.5184555963242263,-0.08295729494105637,0.4064520540482152,0.0889245639441631,0.5543776739828143,0.9700247404478958,0.454454478033378,0.8252344753423595,0.44986413392044355,7.16155,37.7279,369.913,0,1,0,1,0,0,0,0,0,0,0,0,0.0,0.0,0.0,0.0,0.0,0.0,0.0,0,0,0.0,0.0,0.0,0.0,0.2,48.691625,7.16155,382.46729999999997,0.6205761878467018,0.454454478033378,0.592772868869955,0.0,0.0,0.0,0.0,0.0,0.0,0.0,0.0,0,0.0,0.0,0,0,0,0,0,0,0,0,0,0,0,0,0,0,0,0,0
2,614.492,61,AugShort,0.6934255685566776,-2.836375529887097,0.09701243944956615,0.30943961459864905,0.2646052816937355,0.9688109986929603,0.47878458589697703,0.8332831011184869,0.44211683293244386,7.16155,43.2663,369.385,0,1,0,1,0,0,0,0,0,0,0,0,0.0,0.0,0.0,0.0,0.0,0.0,0.0,0,0,0.0,0.0,0.0,0.0,0.2,48.061205,7.16155,380.1372,0.5527879402403184,0.47878458589697703,0.6050670331247361,0.0,0.0,0.0,0.0,0.0,0.0,0.0,0.0,0,0.0,0.0,0,0,0,0,0,0,0,0,0,0,0,0,0,0,0,0,0
2,615.493,61,AugShort,0.0,-0.6927328357209567,0.0,0.09701243944956615,0.27577275460985284,0.9677415985060084,0.5082588921741826,0.8415644078678735,0.43881359669472964,7.16155,157.541,191.271,0,1,0,1,0,0,0,0,0,0,0,0,0.0,0.0,0.0,0.0,0.0,0.0,0.0,0,0,0.0,0.0,0.0,0.0,0.2,62.36763500000001,7.16155,360.321,0.4904879109957901,0.5082588921741826,0.5995788147628811,0.0,0.0,0.0,0.0,0.0,0.0,0.0,0.0,0,0.0,0.0,0,0,0,0,0,0,0,0,0,0,0,0,0,0,0,0,0
2,616.496,61,AugShort,0.0,0.0,0.0,0.0,0.1875052167221349,0.9662845678878544,0.520743189163987,0.8493738378916905,0.4327158788144927,14.8982,157.541,191.271,0,1,0,1,0,0,0,0,0,0,0,0,0.0,0.0,0.0,0.0,0.0,0.0,0.0,0,0,0.0,0.0,0.0,0.0,0.2,72.471835,7.16155,340.5805,0.4152846279724283,0.520743189163987,0.5866755609840477,0.0,0.0,0.0,0.0,0.0,0.0,0.0,0.0,0,0.0,0.0,0,0,0,0,0,0,0,0,0,0,0,0,0,0,0,0,0
2,617.496,61,AugShort,0.0,0.0,0.0,0.0,0.17601092750549607,0.9633026068297198,0.47685901046863016,0.8577458648286072,0.43068835526106064,37.7279,157.541,191.271,0,1,0,1,1,0,0,0,0,0,0,0,0.0,0.0,0.0,0.0,0.0,0.0,0.0,0,0,0.0,0.0,0.0,0.0,0.2,76.369735,7.16155,321.0612,0.3067698057714188,0.47685901046863016,0.5533640218064,0.0,0.0,0.0,0.0,0.0,0.0,0.0,0.0,0,0.0,0.0,0,0,0,0,0,0,0,0,0,0,0,0,0,0,0,0,0
2,618.505,61,AugShort,0.0,0.0,0.0,0.0,0.04338528185448346,0.9589634023521925,0.4778169397008803,0.8672840104820926,0.39562824973672034,43.2663,157.541,191.271,0,1,0,1,1,0,0,0,0,0,0,0,0.0,0.0,0.0,0.0,0.0,0.0,0.0,0,0,0.0,0.0,0.0,0.0,0.1,80.298335,7.16155,301.6473,0.3053943930930659,0.4778169397008803,0.4462246122837434,0.0,0.0,0.0,0.0,0.0,0.0,0.0,0.0,0,0.0,0.0,0,0,0,0,0,0,0,0,0,0,0,0,0,0,0,0,0
2,619.499,61,AugShort,0.0,0.0,0.0,0.0,4.326893009363612e-08,0.955130352131926,0.24150217665211332,0.8777615410266721,0.3406775731294444,157.541,157.541,191.271,0,1,0,1,1,0,0,0,0,0,0,0,0.0,0.0,0.0,0.0,0.0,0.0,0.0,0,0,0.0,0.0,0.0,0.0,0.0,92.699385,7.16155,282.4892,0.15647552254218594,0.24150217665211332,0.2986811544112164,0.0,0.0,0.0,0.0,0.0,0.0,0.0,0.0,0,0.0,0.0,0,0,0,0,0,0,0,0,0,0,0,0,0,0,0,0,0
2,620.499,62,AugShort,0.0,0.0,0.0,0.0,4.326893009363612e-08,0.9522359542910424,0.244062746962378,0.8888142744374328,0.2759654794649922,157.541,157.541,191.271,0,1,0,1,1,0,0,0,0,0,0,0,0.0,0.0,0.0,0.0,0.0,0.0,0.0,0,0,0.0,0.0,0.0,0.0,0.0,104.82999500000001,7.16155,263.6473,0.1522817032190606,0.244062746962378,0.1539561031834618,0.0,0.0,0.0,0.0,0.0,0.0,0.0,0.0,0,0.0,0.0,0,0,0,0,0,0,0,0,0,0,0,0,0,0,0,0,0
2,621.506,62,AugShort,0.0,0.0,0.5828749804494741,0.5828749804494741,0.26066961573378,0.9492082995362247,0.2155348361062814,0.900219968181468,0.23742815632925765,157.541,168.829,191.271,0,1,0,0,0,0,0,0,0,0,0,0,0.0,0.0,0.0,0.0,0.0,0.0,0.0,0,0,0.0,0.0,0.0,0.0,0.0,120.99674,14.8982,245.11790000000002,0.1403866964051307,0.2155348361062814,0.1462549156926573,0.0,0.0,0.0,0.0,0.0,0.0,0.0,0.0,0,0.0,0.0,0,0,0,0,0,0,0,0,0,0,0,0,0,0,0,0,0
2,622.503,62,AugShort,0.31479147094243015,0.3157386870034405,1.14994922799367,0.567074247544196,0.5151675752422445,0.9450771166211076,0.3853775118276615,0.9112896982502858,0.22774944138824021,103.134,103.134,191.587,0,1,0,0,0,0,0,0,0,0,0,0,0.0,0.0,0.0,0.0,0.0,0.0,0.0,0,0,0.0,0.0,0.0,0.0,0.0,129.82032,37.7279,226.97819999999996,0.2236288701940925,0.3853775118276615,0.16453258459860481,0.0,0.0,0.0,0.0,0.0,0.0,0.0,0.0,0,0.0,0.0,0,0,0,0,0,0,0,0,0,0,0,0,0,0,0,0,0
2,623.503,62,AugShort,2.3970815614201455,2.0822900904777155,0.13048374326349832,1.0194654847301718,0.4961776830114969,0.9196993783645658,0.38068334564495626,0.9210975228823134,0.22192944229110845,103.134,109.898,191.938,0,1,0,0,0,0,0,0,0,0,0,0,0.0,0.0,0.0,0.0,0.0,0.0,0.0,0,0,0.0,0.0,0.0,0.0,0.0,137.03733,43.2663,209.18069999999997,0.1960320391156208,0.38068334564495626,0.2575866766772057,0.0,0.0,0.0,0.0,0.0,0.0,0.0,0.0,0,0.0,0.0,0,0,0,0,0,0,0,0,0,0,0,0,0,0,0,0,0
2,624.503,62,AugShort,2.898411674020389,0.5013301126002436,1.1101046849021903,0.979620941638692,0.5346139604859851,0.7714140269328497,0.4746187496577935,0.9229279009842916,0.24893031017033343,103.134,173.507,189.036,0,1,0,0,0,0,0,0,0,0,0,0,0.0,0.0,0.0,0.0,0.0,0.0,0.0,0,0,0.0,0.0,0.0,0.0,0.0,150.0614,103.134,191.14579999999998,0.2973412636608832,0.4746187496577935,0.32460480938121,0.0,0.0,0.0,0.0,0.0,0.0,0.0,0.0,0,0.0,0.0,0,0,0,0,0,0,0,0,0,0,0,0,0,0,0,0,0
2,625.505,62,AugShort,2.856061701413593,-0.042265441723349485,0.6485756251796998,0.4615290597224905,0.42082521204340695,0.6104149577802828,0.47378562114325523,0.9148780177060282,0.26343555591368883,103.134,148.587,187.213,0,1,0,0,0,0,0,0,0,0,0,0,0.0,0.0,0.0,0.0,0.0,0.0,0.0,0,0,0.0,0.0,0.0,0.0,0.0,149.166,103.134,190.73999999999998,0.36219882617885324,0.47378562114325523,0.36105647140850244,0.0,0.0,0.0,0.0,0.0,0.0,0.0,0.0,0,0.0,0.0,0,0,0,0,0,0,0,0,0,0,0,0,0,0,0,0,0
2,626.512,62,AugShort,0.1601958088319469,-2.6771260105080894,1.0859130318592953,0.43733740667959553,0.4383008906802515,0.5944188713299124,0.5049652225385924,0.9039930027004746,0.28851512330950047,85.935,85.935,187.057,0,1,0,0,0,0,0,0,0,0,0,0,0.0,0.0,0.0,0.0,0.0,0.0,0.0,0,0,0.0,0.0,0.0,0.0,0.0,142.00539999999998,85.935,190.3186,0.47079012936478276,0.5049652225385924,0.40479021207646204,0.0,0.0,0.0,0.0,0.0,0.0,0.0,0.0,0,0.0,0.0,0,0,0,0,0,0,0,0,0,0,0,0,0,0,0,0,0
