=====================================================================
== D:\steam\steamapps\common\DayZServer\DayZServer_x64.exe
== DayZServer_x64.exe "-config=serverDZ.cfg" "-port=2302" "-profiles=D:\ModelAnti-Cheat\log_profiles" "-mod=@CF;@VPPAdminTools" "-cpuCount=4" -dologs -adminlog -netlog -freezecheck -nosplash -noPause -filePatching
=====================================================================
Exe timestamp: 2026/08/12 20:18:14
Current time:  2026/08/17 20:56:52
Version 1.29.163709
=====================================================================

20:56:52.217 ENGINE    (W): Process affinity forced to f
20:56:52.963 String "STR_server_shutdown" listed twice in "Global"
20:56:52.979 Localization not present: STR_DATE_FORMAT_SHORT
20:56:52.979 Localization not present: STR_TIME_FORMAT
20:56:52.979 Localization not present: STR_CONFIG_CONTROLLER_NORMAL_LOOK
20:56:52.979 Localization not present: STR_CONFIG_CONTROLLER_REVERSED_LOOK
20:56:52.979 Localization not present: STR_MP_VALIDERROR
20:56:52.979 Localization not present: STR_MP_CONNECTION_LOOSING
20:56:52.979 Localization not present: STR_MSG_MP_NO_PASSWORD
20:56:52.979 Localization not present: STR_MSG_LAUNCH_GAME
20:56:52.979 Localization not present: STR_LOAD_INIT
20:56:52.979 Localization not present: STR_LOAD_WORLD
20:56:52.979 Localization not present: STR_LOAD_GAME
20:56:52.979 Localization not present: STR_SAVE_GAME
20:56:52.979 Localization not present: STR_MP_CONNECT
20:56:52.979 Localization not present: STR_MP_DISCONNECT
20:56:52.979 Localization not present: STR_MP_CONNECTING
20:56:52.979 Localization not present: STR_MP_TIMEOUT
20:56:52.979 Localization not present: STR_DISP_CLIENT_TEXT_EDIT
20:56:52.979 Localization not present: STR_MP_LOGIN_QUEUE_FULL
20:56:52.983 Localization not present: STR_DATE_FORMAT_SHORT
20:56:52.983 Localization not present: STR_TIME_FORMAT
20:56:52.983 Localization not present: STR_CONFIG_CONTROLLER_NORMAL_LOOK
20:56:52.983 Localization not present: STR_CONFIG_CONTROLLER_REVERSED_LOOK
20:56:52.983 Localization not present: STR_MP_VALIDERROR
20:56:52.983 Localization not present: STR_MP_CONNECTION_LOOSING
20:56:52.983 Localization not present: STR_MSG_MP_NO_PASSWORD
20:56:52.983 Localization not present: STR_MSG_LAUNCH_GAME
20:56:52.983 Localization not present: STR_LOAD_INIT
20:56:52.983 Localization not present: STR_LOAD_WORLD
20:56:52.983 Localization not present: STR_LOAD_GAME
20:56:52.983 Localization not present: STR_SAVE_GAME
20:56:52.983 Localization not present: STR_MP_CONNECT
20:56:52.983 Localization not present: STR_MP_DISCONNECT
20:56:52.983 Localization not present: STR_MP_CONNECTING
20:56:52.983 Localization not present: STR_MP_TIMEOUT
20:56:52.983 Localization not present: STR_DISP_CLIENT_TEXT_EDIT
20:56:52.983 Localization not present: STR_MP_LOGIN_QUEUE_FULL
20:56:53.116 Initializing stats manager.
20:56:53.117 Stats config disabled.
20:56:59.115 Updating base class All->AllVehicles, by DZ\data\config.bin/CfgVehicles/Man/
20:56:59.159 Updating base class Name->NameIcon, by DZ\gear\navigation\config.bin/CfgLocationTypes/Hill/
20:56:59.159 Updating base class Hill->NameIcon, by DZ\gear\navigation\config.bin/CfgLocationTypes/ViewPoint/
20:56:59.159 Updating base class Hill->NameIcon, by DZ\gear\navigation\config.bin/CfgLocationTypes/RockArea/
20:56:59.159 Updating base class Hill->NameIcon, by DZ\gear\navigation\config.bin/CfgLocationTypes/BorderCrossing/
20:56:59.159 Updating base class Hill->NameIcon, by DZ\gear\navigation\config.bin/CfgLocationTypes/VegetationBroadleaf/
20:56:59.159 Updating base class Hill->NameIcon, by DZ\gear\navigation\config.bin/CfgLocationTypes/VegetationFir/
20:56:59.159 Updating base class Hill->NameIcon, by DZ\gear\navigation\config.bin/CfgLocationTypes/VegetationPalm/
20:56:59.159 Updating base class Hill->NameIcon, by DZ\gear\navigation\config.bin/CfgLocationTypes/VegetationVineyard/
20:56:59.290 Updating base class ->Rifle_Base, by DZ\weapons\firearms\m4\config.bin/cfgWeapons/M4A1_Base/
20:56:59.290 Updating base class ->M4A1_Base, by DZ\weapons\firearms\m4\config.bin/cfgWeapons/M4A1/
20:56:59.297 Updating base class Weather->, by DZ\worlds\chernarusplus\world\config.bin/CfgWorlds/CAWorld/Weather/
20:56:59.297 Updating base class Overcast->, by DZ\worlds\chernarusplus\world\config.bin/CfgWorlds/CAWorld/Weather/Overcast/
20:56:59.298 Updating base class MapDefaults->, by VPPAdminTools\assets\config.bin/RscMapControl/
20:57:01.630 ENGINE       : Enfusion engine version 0.1
20:57:01.635 ENGINE       : FileSystem: Adding relative directory 'D:\steam\steamapps\common\DayZServer' to RV filesystem under name CurrentDir
20:57:01.635 ENGINE       : Loading config '$CurrentDir:DayZSetting.xml'
20:57:01.649 ENGINE       : FileSystem: Adding package 'D:\steam\steamapps\common\DayZServer\addons\weapon_underslung.pbo' to RV filesystem
20:57:01.667 ENGINE       : FileSystem: Adding package 'D:\steam\steamapps\common\DayZServer\addons\structures_proxy_parts.pbo' to RV filesystem
20:57:01.680 ENGINE       : FileSystem: Adding package 'D:\steam\steamapps\common\DayZServer\addons\structures_underground_bliss.pbo' to RV filesystem
20:57:01.694 ENGINE       : FileSystem: Adding package 'D:\steam\steamapps\common\DayZServer\addons\structures_residential_bliss.pbo' to RV filesystem
20:57:01.712 ENGINE       : FileSystem: Adding package 'D:\steam\steamapps\common\DayZServer\addons\worlds_chernarusplus_nav.pbo' to RV filesystem
20:57:01.723 ENGINE       : FileSystem: Adding package 'D:\steam\steamapps\common\DayZServer\addons\weapon_magazines.pbo' to RV filesystem
20:57:01.723 ENGINE       : FileSystem: Adding package 'D:\steam\steamapps\common\DayZServer\addons\weapon_supports.pbo' to RV filesystem
20:57:01.740 ENGINE       : FileSystem: Adding package 'D:\steam\steamapps\common\DayZServer\addons\structures_industrial_bliss.pbo' to RV filesystem
20:57:01.753 ENGINE       : FileSystem: Adding package 'D:\steam\steamapps\common\DayZServer\addons\weapon_muzzles.pbo' to RV filesystem
20:57:01.754 ENGINE       : FileSystem: Adding package 'D:\steam\steamapps\common\DayZServer\addons\weapon_optics.pbo' to RV filesystem
20:57:01.755 ENGINE       : FileSystem: Adding package 'D:\steam\steamapps\common\DayZServer\addons\worlds_chernarusplus.pbo' to RV filesystem
20:57:01.777 ENGINE       : FileSystem: Adding package 'D:\steam\steamapps\common\DayZServer\addons\weapon_lights.pbo' to RV filesystem
20:57:01.791 ENGINE       : FileSystem: Adding package 'D:\steam\steamapps\common\DayZServer\addons\worlds_chernarusplus_data.pbo' to RV filesystem
20:57:01.806 ENGINE       : FileSystem: Adding package 'D:\steam\steamapps\common\DayZServer\addons\structures_specific_bliss.pbo' to RV filesystem
20:57:01.806 ENGINE       : FileSystem: Adding package 'D:\steam\steamapps\common\DayZServer\addons\structures_military_bliss.pbo' to RV filesystem
20:57:01.807 ENGINE       : FileSystem: Adding package 'D:\steam\steamapps\common\DayZServer\addons\weapon_attachments_textures.pbo' to RV filesystem
20:57:01.808 ENGINE       : FileSystem: Adding package 'D:\steam\steamapps\common\DayZServer\addons\worlds_chernarusplus_ce.pbo' to RV filesystem
20:57:01.817 ENGINE       : FileSystem: Adding package 'D:\steam\steamapps\common\DayZServer\addons\structures_wrecks_bliss.pbo' to RV filesystem
20:57:01.817 ENGINE       : FileSystem: Adding package 'D:\steam\steamapps\common\DayZServer\addons\structures_walls_bliss.pbo' to RV filesystem
20:57:01.818 ENGINE       : FileSystem: Adding package 'D:\steam\steamapps\common\DayZServer\addons\structures_roads_bliss.pbo' to RV filesystem
20:57:01.818 ENGINE       : FileSystem: Adding package 'D:\steam\steamapps\common\DayZServer\addons\structures_ruins_bliss.pbo' to RV filesystem
20:57:01.835 ENGINE       : FileSystem: Adding package 'D:\steam\steamapps\common\DayZServer\addons\structures_residential.pbo' to RV filesystem
20:57:01.854 ENGINE       : FileSystem: Adding package 'D:\steam\steamapps\common\DayZServer\addons\structures_signs_bliss.pbo' to RV filesystem
20:57:01.875 ENGINE       : FileSystem: Adding package 'D:\steam\steamapps\common\DayZServer\sakhal\addons\worlds_sakhal_nav.pbo' to RV filesystem
20:57:01.883 ENGINE       : FileSystem: Adding package 'D:\steam\steamapps\common\DayZServer\addons\structures_rail_bliss.pbo' to RV filesystem
20:57:02.42  ENGINE       : FileSystem: Adding package 'D:\steam\steamapps\common\DayZServer\addons\structures_industrial.pbo' to RV filesystem
20:57:02.59  ENGINE       : FileSystem: Adding package 'D:\steam\steamapps\common\DayZServer\addons\structures_data_bliss.pbo' to RV filesystem
20:57:02.59  ENGINE       : FileSystem: Adding package 'D:\steam\steamapps\common\DayZServer\addons\structures_furniture.pbo' to RV filesystem
20:57:02.77  ENGINE       : FileSystem: Adding package 'D:\steam\steamapps\common\DayZServer\addons\worlds_enoch_nav.pbo' to RV filesystem
20:57:02.93  ENGINE       : FileSystem: Adding package 'D:\steam\steamapps\common\DayZServer\addons\characters_backpacks.pbo' to RV filesystem
20:57:02.109 ENGINE       : FileSystem: Adding package 'D:\steam\steamapps\common\DayZServer\addons\structures_military.pbo' to RV filesystem
20:57:02.128 ENGINE       : FileSystem: Adding package 'D:\steam\steamapps\common\DayZServer\sakhal\addons\worlds_sakhal.ebo' to RV filesystem
20:57:02.142 ENGINE       : FileSystem: Adding package 'D:\steam\steamapps\common\DayZServer\addons\characters_headgear.pbo' to RV filesystem
20:57:02.157 ENGINE       : FileSystem: Adding package 'D:\steam\steamapps\common\DayZServer\addons\weapons_projectiles.pbo' to RV filesystem
20:57:02.158 ENGINE       : FileSystem: Adding package 'D:\steam\steamapps\common\DayZServer\addons\structures_specific.pbo' to RV filesystem
20:57:02.158 ENGINE       : FileSystem: Adding package 'D:\steam\steamapps\common\DayZServer\addons\characters_zombies.pbo' to RV filesystem
20:57:02.180 ENGINE       : FileSystem: Adding package 'D:\steam\steamapps\common\DayZServer\addons\characters_glasses.pbo' to RV filesystem
20:57:02.201 ENGINE       : FileSystem: Adding package 'D:\steam\steamapps\common\DayZServer\addons\anims_anm_infected.pbo' to RV filesystem
20:57:02.214 ENGINE       : FileSystem: Adding package 'D:\steam\steamapps\common\DayZServer\addons\weapons_ammunition.pbo' to RV filesystem
20:57:02.214 ENGINE       : FileSystem: Adding package 'D:\steam\steamapps\common\DayZServer\addons\weapons_animations.pbo' to RV filesystem
20:57:02.214 ENGINE       : FileSystem: Adding package 'D:\steam\steamapps\common\DayZServer\addons\sounds_environment.pbo' to RV filesystem
20:57:02.233 ENGINE       : FileSystem: Adding package 'D:\steam\steamapps\common\DayZServer\addons\characters_proxies.pbo' to RV filesystem
20:57:02.243 ENGINE       : FileSystem: Adding package 'D:\steam\steamapps\common\DayZServer\addons\weapons_explosives.pbo' to RV filesystem
20:57:02.243 ENGINE       : FileSystem: Adding package 'D:\steam\steamapps\common\DayZServer\addons\worlds_enoch.pbo' to RV filesystem
20:57:02.264 ENGINE       : FileSystem: Adding package 'D:\steam\steamapps\common\DayZServer\sakhal\addons\worlds_sakhal_data.pbo' to RV filesystem
20:57:02.265 ENGINE       : FileSystem: Adding package 'D:\steam\steamapps\common\DayZServer\addons\characters_gloves.pbo' to RV filesystem
20:57:02.273 ENGINE       : FileSystem: Adding package 'D:\steam\steamapps\common\DayZServer\addons\worlds_enoch_data.pbo' to RV filesystem
20:57:02.276 ENGINE       : FileSystem: Adding package 'D:\steam\steamapps\common\DayZServer\@VPPAdminTools\addons\assets.pbo' to RV filesystem
20:57:02.294 ENGINE       : FileSystem: Adding package 'D:\steam\steamapps\common\DayZServer\addons\weapons_nonlethal.pbo' to RV filesystem
20:57:02.295 ENGINE       : FileSystem: Adding package 'D:\steam\steamapps\common\DayZServer\addons\characters_bodies.pbo' to RV filesystem
20:57:02.295 ENGINE       : FileSystem: Adding package 'D:\steam\steamapps\common\DayZServer\addons\sounds_characters.pbo' to RV filesystem
20:57:02.316 ENGINE       : FileSystem: Adding package 'D:\steam\steamapps\common\DayZServer\addons\structures_wrecks.pbo' to RV filesystem
20:57:02.338 ENGINE       : FileSystem: Adding package 'D:\steam\steamapps\common\DayZServer\sakhal\addons\structures_sakhal.pbo' to RV filesystem
20:57:02.352 ENGINE       : FileSystem: Adding package 'D:\steam\steamapps\common\DayZServer\addons\weapons_launchers.pbo' to RV filesystem
20:57:02.353 ENGINE       : FileSystem: Adding package 'D:\steam\steamapps\common\DayZServer\addons\gear_cultivation.pbo' to RV filesystem
20:57:02.354 ENGINE       : FileSystem: Adding package 'D:\steam\steamapps\common\DayZServer\addons\weapons_shotguns.pbo' to RV filesystem
20:57:02.354 ENGINE       : FileSystem: Adding package 'D:\steam\steamapps\common\DayZServer\addons\structures_signs.pbo' to RV filesystem
20:57:02.355 ENGINE       : FileSystem: Adding package 'D:\steam\steamapps\common\DayZServer\addons\anims_workspaces.pbo' to RV filesystem
20:57:02.376 ENGINE       : FileSystem: Adding package 'D:\steam\steamapps\common\DayZServer\addons\structures_walls.pbo' to RV filesystem
20:57:02.377 ENGINE       : FileSystem: Adding package 'D:\steam\steamapps\common\DayZServer\addons\characters_vests.pbo' to RV filesystem
20:57:02.394 ENGINE       : FileSystem: Adding package 'D:\steam\steamapps\common\DayZServer\addons\weapons_firearms.pbo' to RV filesystem
20:57:02.414 ENGINE       : FileSystem: Adding package 'D:\steam\steamapps\common\DayZServer\addons\anims_anm_player.pbo' to RV filesystem
20:57:02.431 ENGINE       : FileSystem: Adding package 'D:\steam\steamapps\common\DayZServer\addons\structures_ruins.pbo' to RV filesystem
20:57:02.432 ENGINE       : FileSystem: Adding package 'D:\steam\steamapps\common\DayZServer\addons\characters_pants.pbo' to RV filesystem
20:57:02.443 ENGINE       : FileSystem: Adding package 'D:\steam\steamapps\common\DayZServer\addons\characters_masks.pbo' to RV filesystem
20:57:02.444 ENGINE       : FileSystem: Adding package 'D:\steam\steamapps\common\DayZServer\sakhal\addons\worlds_sakhal_ce.pbo' to RV filesystem
20:57:02.458 ENGINE       : FileSystem: Adding package 'D:\steam\steamapps\common\DayZServer\addons\characters_heads.pbo' to RV filesystem
20:57:02.479 ENGINE       : FileSystem: Adding package 'D:\steam\steamapps\common\DayZServer\addons\vehicles_wheeled.pbo' to RV filesystem
20:57:02.495 ENGINE       : FileSystem: Adding package 'D:\steam\steamapps\common\DayZServer\addons\structures_roads.pbo' to RV filesystem
20:57:02.495 ENGINE       : FileSystem: Adding package 'D:\steam\steamapps\common\DayZServer\addons\characters_belts.pbo' to RV filesystem
20:57:02.496 ENGINE       : FileSystem: Adding package 'D:\steam\steamapps\common\DayZServer\addons\gear_consumables.pbo' to RV filesystem
20:57:02.507 ENGINE       : FileSystem: Adding package 'D:\steam\steamapps\common\DayZServer\addons\characters_shoes.pbo' to RV filesystem
20:57:02.526 ENGINE       : FileSystem: Adding package 'D:\steam\steamapps\common\DayZServer\addons\weapons_archery.pbo' to RV filesystem
20:57:02.527 ENGINE       : FileSystem: Adding package 'D:\steam\steamapps\common\DayZServer\addons\gear_navigation.pbo' to RV filesystem
20:57:02.527 ENGINE       : FileSystem: Adding package 'D:\steam\steamapps\common\DayZServer\addons\structures_rail.pbo' to RV filesystem
20:57:02.545 ENGINE       : FileSystem: Adding package 'D:\steam\steamapps\common\DayZServer\addons\sounds_vehicles.pbo' to RV filesystem
20:57:02.562 ENGINE       : FileSystem: Adding package 'D:\steam\steamapps\common\DayZServer\addons\gear_containers.pbo' to RV filesystem
20:57:02.576 ENGINE       : FileSystem: Adding package 'D:\steam\steamapps\common\DayZServer\addons\structures_data.pbo' to RV filesystem
20:57:02.577 ENGINE       : FileSystem: Adding package 'D:\steam\steamapps\common\DayZServer\addons\weapons_pistols.pbo' to RV filesystem
20:57:02.577 ENGINE       : FileSystem: Adding package 'D:\steam\steamapps\common\DayZServer\addons\characters_tops.pbo' to RV filesystem
20:57:02.578 ENGINE       : FileSystem: Adding package 'D:\steam\steamapps\common\DayZServer\addons\worlds_enoch_ce.pbo' to RV filesystem
20:57:02.619 ENGINE       : FileSystem: Adding package 'D:\steam\steamapps\common\DayZServer\addons\characters_data.pbo' to RV filesystem
20:57:02.619 ENGINE       : FileSystem: Adding package 'D:\steam\steamapps\common\DayZServer\addons\weapons_proxies.pbo' to RV filesystem
20:57:02.620 ENGINE       : FileSystem: Adding package 'D:\steam\steamapps\common\DayZServer\sakhal\addons\surfaces_sakhal.pbo' to RV filesystem
20:57:02.631 ENGINE       : FileSystem: Adding package 'D:\steam\steamapps\common\DayZServer\addons\sounds_weapons.pbo' to RV filesystem
20:57:02.647 ENGINE       : FileSystem: Adding package 'D:\steam\steamapps\common\DayZServer\addons\surfaces_bliss.pbo' to RV filesystem
20:57:02.647 ENGINE       : FileSystem: Adding package 'D:\steam\steamapps\common\DayZServer\addons\vehicles_water.pbo' to RV filesystem
20:57:02.648 ENGINE       : FileSystem: Adding package 'D:\steam\steamapps\common\DayZServer\addons\vehicles_parts.pbo' to RV filesystem
20:57:02.662 ENGINE       : FileSystem: Adding package 'D:\steam\steamapps\common\DayZServer\addons\gear_crafting.pbo' to RV filesystem
20:57:02.681 ENGINE       : FileSystem: Adding package 'D:\steam\steamapps\common\DayZServer\addons\vehicles_data.pbo' to RV filesystem
20:57:02.699 ENGINE       : FileSystem: Adding package 'D:\steam\steamapps\common\DayZServer\sakhal\addons\plants_sakhal.pbo' to RV filesystem
20:57:02.716 ENGINE       : FileSystem: Adding package 'D:\steam\steamapps\common\DayZServer\addons\animals_bliss.pbo' to RV filesystem
20:57:02.736 ENGINE       : FileSystem: Adding package 'D:\steam\steamapps\common\DayZServer\addons\weapons_melee.pbo' to RV filesystem
20:57:02.752 ENGINE       : FileSystem: Adding package 'D:\steam\steamapps\common\DayZServer\addons\sounds_music.pbo' to RV filesystem
20:57:02.763 ENGINE       : FileSystem: Adding package 'D:\steam\steamapps\common\DayZServer\addons\weapons_misc.pbo' to RV filesystem
20:57:02.764 ENGINE       : FileSystem: Adding package 'D:\steam\steamapps\common\DayZServer\addons\gear_medical.pbo' to RV filesystem
20:57:02.779 ENGINE       : FileSystem: Adding package 'D:\steam\steamapps\common\DayZServer\addons\gear_cooking.pbo' to RV filesystem
20:57:02.801 ENGINE       : FileSystem: Adding package 'D:\steam\steamapps\common\DayZServer\addons\gear_camping.pbo' to RV filesystem
20:57:02.818 ENGINE       : FileSystem: Adding package 'D:\steam\steamapps\common\DayZServer\addons\weapons_data.pbo' to RV filesystem
20:57:02.836 ENGINE       : FileSystem: Adding package 'D:\steam\steamapps\common\DayZServer\sakhal\addons\water_sakhal.pbo' to RV filesystem
20:57:02.859 ENGINE       : FileSystem: Adding package 'D:\steam\steamapps\common\DayZServer\sakhal\addons\rocks_sakhal.pbo' to RV filesystem
20:57:02.868 ENGINE       : FileSystem: Adding package 'D:\steam\steamapps\common\DayZServer\addons\plants_bliss.pbo' to RV filesystem
20:57:02.869 ENGINE       : FileSystem: Adding package 'D:\steam\steamapps\common\DayZServer\addons\sounds_bliss.pbo' to RV filesystem
20:57:02.870 ENGINE       : FileSystem: Adding package 'D:\steam\steamapps\common\DayZServer\addons\modules_dayz.pbo' to RV filesystem
20:57:02.870 ENGINE       : FileSystem: Adding package 'D:\steam\steamapps\common\DayZServer\@VPPAdminTools\addons\VPPStaticItems.pbo' to RV filesystem
20:57:02.888 ENGINE       : FileSystem: Adding package 'D:\steam\steamapps\common\DayZServer\addons\gear_drinks.pbo' to RV filesystem
20:57:02.888 ENGINE       : FileSystem: Adding package 'D:\steam\steamapps\common\DayZServer\sakhal\addons\data_sakhal.pbo' to RV filesystem
20:57:02.899 ENGINE       : FileSystem: Adding package 'D:\steam\steamapps\common\DayZServer\addons\water_bliss.pbo' to RV filesystem
20:57:02.918 ENGINE       : FileSystem: Adding package 'D:\steam\steamapps\common\DayZServer\addons\rocks_bliss.pbo' to RV filesystem
20:57:02.918 ENGINE       : FileSystem: Adding package 'D:\steam\steamapps\common\DayZServer\addons\gear_optics.pbo' to RV filesystem
20:57:02.932 ENGINE       : FileSystem: Adding package 'D:\steam\steamapps\common\DayZServer\@CF\addons\legacy.pbo' to RV filesystem
20:57:02.932 ENGINE       : FileSystem: Adding package 'D:\steam\steamapps\common\DayZServer\addons\gear_books.pbo' to RV filesystem
20:57:02.933 ENGINE       : FileSystem: Adding package 'D:\steam\steamapps\common\DayZServer\addons\sounds_hpp.pbo' to RV filesystem
20:57:02.939 ENGINE       : FileSystem: Adding package 'D:\steam\steamapps\common\DayZServer\@VPPAdminTools\addons\VPPAdminTools.pbo' to RV filesystem
20:57:02.958 ENGINE       : FileSystem: Adding package 'D:\steam\steamapps\common\DayZServer\addons\gear_traps.pbo' to RV filesystem
20:57:02.959 ENGINE       : FileSystem: Adding package 'D:\steam\steamapps\common\DayZServer\addons\gear_tools.pbo' to RV filesystem
20:57:02.977 ENGINE       : FileSystem: Adding package 'D:\steam\steamapps\common\DayZServer\addons\gear_radio.pbo' to RV filesystem
20:57:02.978 ENGINE       : FileSystem: Adding package 'D:\steam\steamapps\common\DayZServer\@CF\addons\scripts.pbo' to RV filesystem
20:57:02.998 ENGINE       : FileSystem: Adding package 'D:\steam\steamapps\common\DayZServer\addons\data_bliss.pbo' to RV filesystem
20:57:03.11  ENGINE       : FileSystem: Adding package 'D:\steam\steamapps\common\DayZServer\addons\sounds_ai.pbo' to RV filesystem
20:57:03.49  ENGINE       : FileSystem: Adding package 'D:\steam\steamapps\common\DayZServer\addons\anims_cfg.pbo' to RV filesystem
20:57:03.68  ENGINE       : FileSystem: Adding package 'D:\steam\steamapps\common\DayZServer\dta\languagecore.pbo' to RV filesystem
20:57:03.94  ENGINE       : FileSystem: Adding package 'D:\steam\steamapps\common\DayZServer\addons\gear_food.pbo' to RV filesystem
20:57:03.94  ENGINE       : FileSystem: Adding package 'D:\steam\steamapps\common\DayZServer\addons\ai_bliss.pbo' to RV filesystem
20:57:03.112 ENGINE       : FileSystem: Adding package 'D:\steam\steamapps\common\DayZServer\addons\surfaces.pbo' to RV filesystem
20:57:03.133 ENGINE       : FileSystem: Adding package 'D:\steam\steamapps\common\DayZServer\addons\animals.pbo' to RV filesystem
20:57:03.146 ENGINE       : FileSystem: Adding package 'D:\steam\steamapps\common\DayZServer\@CF\addons\gui.pbo' to RV filesystem
20:57:03.157 ENGINE       : FileSystem: Adding package 'D:\steam\steamapps\common\DayZServer\addons\server_data.pbo' to RV filesystem
20:57:03.157 ENGINE       : FileSystem: Adding package 'D:\steam\steamapps\common\DayZServer\addons\plants.pbo' to RV filesystem
20:57:03.176 ENGINE       : FileSystem: Adding package 'D:\steam\steamapps\common\DayZServer\addons\water.pbo' to RV filesystem
20:57:03.189 ENGINE       : FileSystem: Adding package 'D:\steam\steamapps\common\DayZServer\addons\rocks.pbo' to RV filesystem
20:57:03.209 ENGINE       : FileSystem: Adding package 'D:\steam\steamapps\common\DayZServer\dta\graphics.pbo' to RV filesystem
20:57:03.223 ENGINE       : FileSystem: Adding package 'D:\steam\steamapps\common\DayZServer\addons\dz.pbo' to RV filesystem
20:57:03.239 ENGINE       : FileSystem: Adding package 'D:\steam\steamapps\common\DayZServer\dta\scripts.pbo' to RV filesystem
20:57:03.252 ENGINE       : FileSystem: Adding package 'D:\steam\steamapps\common\DayZServer\dta\system.pbo' to RV filesystem
20:57:03.262 ENGINE       : FileSystem: Adding package 'D:\steam\steamapps\common\DayZServer\addons\ui.pbo' to RV filesystem
20:57:03.279 ENGINE       : FileSystem: Adding package 'D:\steam\steamapps\common\DayZServer\addons\ai.pbo' to RV filesystem
20:57:03.292 ENGINE       : FileSystem: Adding package 'D:\steam\steamapps\common\DayZServer\dta\core.pbo' to RV filesystem
20:57:03.311 ENGINE       : FileSystem: Adding package 'D:\steam\steamapps\common\DayZServer\dta\bin.pbo' to RV filesystem
20:57:03.330 ENGINE       : FileSystem: Adding package 'D:\steam\steamapps\common\DayZServer\dta\gui.pbo' to RV filesystem
20:57:03.354 ENGINE       : FileSystem: Added 140 RV banks
20:57:03.365 ENGINE    (W): No module info used, trying to identify -> 0x96AD0000
20:57:03.389 ENGINE       : CPU vendor         : AuthenticAMD
20:57:03.389 ENGINE       : CPU type           : 2
20:57:03.389 ENGINE       : CPU name           : AMD Ryzen 7 4800H with Radeon Graphics
20:57:03.389 ENGINE       : CPU cache info     : L1 [Inst 32KB, Data 32KB], L2 [Unif 512KB], L3 [Unif 4096KB]
20:57:03.389 ENGINE       : CPU count logical  : 16
20:57:03.389 ENGINE       : CPU count physical : 8
20:57:03.389 ENGINE       : CPU features       : mmx sse sse2 sse3 ssse3 sse4_1 sse4_2 aesni pclmulqdq osxsave avx sha avx2
20:57:03.389 ENGINE    (W): Adjusting job system settings to have at least one job worker thread.
20:57:03.730 ENGINE       : FileSystem: Adding relative directory 'D:\ModelAnti-Cheat\log_profiles' to RV filesystem under name profile
20:57:03.730 ENGINE       : FileSystem: Adding relative directory 'D:\ModelAnti-Cheat\log_profiles\Users\Server' to RV filesystem under name saves
20:57:03.845 SCRIPT       : Module: GameLib; loaded 18x files; 26x classes; used 39/2097 kB (1) of static memory; defines: "DAYZ_1_29,SERVER_FOR_WINDOWS,SERVER,PLATFORM_WINDOWS,RELEASE,NO_GUI,NO_GUI_INGAME,sakhal,JM_CommunityFramework,CF_MODULE_CONFIG,CF_EXPRESSION,CF_TRACE_STACK_NAME_ASSUMPTION_FIX,CF_GHOSTICONS,CF_MODSTORAGE,CF_SURFACES,CF_MODULES,CF_REF_FIX,CF_BUGFIX_REF,CF_BUGFIX_XML,CF_VIRTUALSTORAGE_FIX,CF_DOUBLYLINKEDNODES,CF_ONUPDATE_RATE_LIMIT,CF_LOG_TIMESTAMP,AVPPAdminTools,DayZ,FEATURE_CURSOR,FEATURE_NETWORK_RECONCILIATION,FEATURE_NETWORK_RECONCILATION"; CRC32: 00000000
20:57:03.876 [Inputs] Loading inputs default "bin/constants.xml"
20:57:03.889 [Inputs] Loading inputs default "bin/specific.xml"
20:57:03.898 [Inputs] Loading inputs default "VPPAdminTools/data/modded_Inputs.xml"
20:57:03.899 [Inputs] Loading inputs cfg "bin/core.xml"
20:57:03.899 !!! [Inputs] Cannot load input preset "#STR_USER", file does not exist
20:57:03.901 [Inputs] Exporting inputs cfg "D:\ModelAnti-Cheat\log_profiles\Users\Survivor\Server.core.xml"
20:57:03.957 SCRIPT       : Registered 349 temporary action enum(s), UAN==349
20:57:04.534 SCRIPT       : Module: Game; loaded 521x files; 1604x classes; used 4275/33554 kB (12) of static memory; defines: "DAYZ_1_29,SERVER_FOR_WINDOWS,SERVER,PLATFORM_WINDOWS,RELEASE,NO_GUI,NO_GUI_INGAME,sakhal,JM_CommunityFramework,CF_MODULE_CONFIG,CF_EXPRESSION,CF_TRACE_STACK_NAME_ASSUMPTION_FIX,CF_GHOSTICONS,CF_MODSTORAGE,CF_SURFACES,CF_MODULES,CF_REF_FIX,CF_BUGFIX_REF,CF_BUGFIX_XML,CF_VIRTUALSTORAGE_FIX,CF_DOUBLYLINKEDNODES,CF_ONUPDATE_RATE_LIMIT,CF_LOG_TIMESTAMP,AVPPAdminTools,DayZ,FEATURE_CURSOR,FEATURE_NETWORK_RECONCILIATION,FEATURE_NETWORK_RECONCILATION,VPPADMINTOOLS,VPPAT_NOTIFICATIONS"; CRC32: 00000000
20:57:04.564 SCRIPT       : ... Backlit Effects Enabled
20:57:06.00  SCRIPT       : VPPNotificationManager()
20:57:06.00  SCRIPT       : [VPPAT] Internal VPPNotifications module loaded!
20:57:06.00  SCRIPT       : [DayZ Game]:: DayZGame(): Initializing V++ Admin Tools.
20:57:06.00  ANIMATION (E): Can't load @VPPAdminTools/Anims/cfg/skeletons.anim.xml
20:57:06.00  ANIMATION (E): Failed to open file, line 0, column 0
20:57:06.00  ANIMATION (E): Can't load @CF/Anims/cfg/skeletons.anim.xml
20:57:06.00  ANIMATION (E): Failed to open file, line 0, column 0
20:57:06.00  ANIMATION (E): Can't load sakhal/Anims/cfg/skeletons.anim.xml
20:57:06.00  ANIMATION (E): Failed to open file, line 0, column 0
20:57:06.02  ENGINE       : Skeleton definition successfully loaded (DZ/Anims/cfg/skeletons.anim.xml)
20:57:06.02  ENGINE       : Enfusion engine successfully created
20:57:06.243 Warning Message: No entry 'bin\config.bin/CfgWorlds/DefaultWorld/Weather/Overcast/Weather1.farCloud'.
20:57:06.243 Warning Message: Trying to access error value.
20:57:06.243 Warning Message: No entry 'bin\config.bin/CfgWorlds/DefaultWorld/Weather/Overcast/Weather1.cloud'.
20:57:06.243 Warning Message: Trying to access error value.
20:57:06.243 Warning Message: No entry 'bin\config.bin/CfgWorlds/DefaultWorld/Weather/Overcast/Weather2.farCloud'.
20:57:06.243 Warning Message: Trying to access error value.
20:57:06.243 Warning Message: No entry 'bin\config.bin/CfgWorlds/DefaultWorld/Weather/Overcast/Weather2.cloud'.
20:57:06.243 Warning Message: Trying to access error value.
20:57:06.243 Warning Message: No entry 'bin\config.bin/CfgWorlds/DefaultWorld/Weather/Overcast/Weather3.farCloud'.
20:57:06.243 Warning Message: Trying to access error value.
20:57:06.243 Warning Message: No entry 'bin\config.bin/CfgWorlds/DefaultWorld/Weather/Overcast/Weather3.cloud'.
20:57:06.243 Warning Message: Trying to access error value.
20:57:06.243 Warning Message: No entry 'bin\config.bin/CfgWorlds/DefaultWorld/Weather/Overcast/Weather4.farCloud'.
20:57:06.243 Warning Message: Trying to access error value.
20:57:06.243 Warning Message: No entry 'bin\config.bin/CfgWorlds/DefaultWorld/Weather/Overcast/Weather4.cloud'.
20:57:06.243 Warning Message: Trying to access error value.
20:57:06.243 Warning Message: No entry 'bin\config.bin/CfgWorlds/DefaultWorld/Weather/Overcast/Weather5.farCloud'.
20:57:06.243 Warning Message: Trying to access error value.
20:57:06.243 Warning Message: No entry 'bin\config.bin/CfgWorlds/DefaultWorld/Weather/Overcast/Weather5.cloud'.
20:57:06.243 Warning Message: Trying to access error value.
20:57:06.243 Warning Message: No entry 'bin\config.bin/CfgWorlds/DefaultWorld/Weather/LightingNew/C_Day60.spaceIntensity'.
20:57:06.243 Warning Message: Trying to access error value.
20:57:06.243 Warning Message: No entry 'bin\config.bin/CfgWorlds/DefaultWorld/Weather/LightingNew/C_Day60.starsIntensity'.
20:57:06.243 Warning Message: Trying to access error value.
20:57:06.243 Warning Message: No entry 'bin\config.bin/CfgWorlds/DefaultWorld/Weather/LightingNew/C_Day60.atmosphereIntensity'.
20:57:06.243 Warning Message: Trying to access error value.
20:57:06.243 Warning Message: No entry 'bin\config.bin/CfgWorlds/DefaultWorld/Weather/LightingNew/C_Day60.NearCloud'.
20:57:06.245 Warning Message: No entry 'bin\config.bin/CfgWorlds/DefaultWorld/Weather/Overcast/Weather1.farCloud'.
20:57:06.245 Warning Message: Trying to access error value.
20:57:06.245 Warning Message: No entry 'bin\config.bin/CfgWorlds/DefaultWorld/Weather/Overcast/Weather1.cloud'.
20:57:06.245 Warning Message: Trying to access error value.
20:57:06.245 Warning Message: No entry 'bin\config.bin/CfgWorlds/DefaultWorld/Weather/Overcast/Weather2.farCloud'.
20:57:06.245 Warning Message: Trying to access error value.
20:57:06.245 Warning Message: No entry 'bin\config.bin/CfgWorlds/DefaultWorld/Weather/Overcast/Weather2.cloud'.
20:57:06.245 Warning Message: Trying to access error value.
20:57:06.245 Warning Message: No entry 'bin\config.bin/CfgWorlds/DefaultWorld/Weather/Overcast/Weather3.farCloud'.
20:57:06.245 Warning Message: Trying to access error value.
20:57:06.245 Warning Message: No entry 'bin\config.bin/CfgWorlds/DefaultWorld/Weather/Overcast/Weather3.cloud'.
20:57:06.245 Warning Message: Trying to access error value.
20:57:06.245 Warning Message: No entry 'bin\config.bin/CfgWorlds/DefaultWorld/Weather/Overcast/Weather4.farCloud'.
20:57:06.245 Warning Message: Trying to access error value.
20:57:06.245 Warning Message: No entry 'bin\config.bin/CfgWorlds/DefaultWorld/Weather/Overcast/Weather4.cloud'.
20:57:06.245 Warning Message: Trying to access error value.
20:57:06.245 Warning Message: No entry 'bin\config.bin/CfgWorlds/DefaultWorld/Weather/Overcast/Weather5.farCloud'.
20:57:06.245 Warning Message: Trying to access error value.
20:57:06.245 Warning Message: No entry 'bin\config.bin/CfgWorlds/DefaultWorld/Weather/Overcast/Weather5.cloud'.
20:57:06.245 Warning Message: Trying to access error value.
20:57:06.245 Warning Message: No entry 'bin\config.bin/CfgWorlds/DefaultWorld/Weather/LightingNew/C_Day60.spaceIntensity'.
20:57:06.245 Warning Message: Trying to access error value.
20:57:06.245 Warning Message: No entry 'bin\config.bin/CfgWorlds/DefaultWorld/Weather/LightingNew/C_Day60.starsIntensity'.
20:57:06.245 Warning Message: Trying to access error value.
20:57:06.245 Warning Message: No entry 'bin\config.bin/CfgWorlds/DefaultWorld/Weather/LightingNew/C_Day60.atmosphereIntensity'.
20:57:06.245 Warning Message: Trying to access error value.
20:57:06.245 Warning Message: No entry 'bin\config.bin/CfgWorlds/DefaultWorld/Weather/LightingNew/C_Day60.NearCloud'.
20:57:06.246 Warning Message: No entry 'bin\config.bin/CfgWorlds/DefaultWorld.volFogOffset'.
20:57:06.246 Warning Message: Trying to access error value.
20:57:06.246 Warning Message: No entry 'bin\config.bin/CfgWorlds/DefaultWorld.spaceObject'.
20:57:06.246 Warning Message: Trying to access error value.
20:57:06.246 Warning Message: No entry 'bin\config.bin/CfgWorlds/DefaultWorld.atmosphereObject'.
20:57:06.246 Warning Message: Trying to access error value.
20:57:06.246 Atmosphere not loaded, using old 'sky'.
20:57:06.246 Warning Message: No entry 'bin\config.bin/CfgWorlds/DefaultWorld.nearCloudObject'.
20:57:06.246 Warning Message: Trying to access error value.
20:57:06.246 Warning Message: No entry 'bin\config.bin/CfgWorlds/DefaultWorld.cloudObject'.
20:57:06.246 Warning Message: Trying to access error value.
20:57:06.246 Warning Message: No entry 'bin\config.bin/CfgWorlds/DefaultWorld.horizonObject'.
20:57:06.246 Warning Message: Trying to access error value.
20:57:06.261 WORLD        : PreloadVehicles
20:57:06.265 PROFILING    : PreloadVehicles took: 4.393200 ms
20:57:08.643 SCRIPT       : Module: World; loaded 2247x files; 5867x classes; used 9518/33554 kB (28) of static memory; defines: "DAYZ_1_29,SERVER_FOR_WINDOWS,SERVER,PLATFORM_WINDOWS,RELEASE,NO_GUI,NO_GUI_INGAME,sakhal,JM_CommunityFramework,CF_MODULE_CONFIG,CF_EXPRESSION,CF_TRACE_STACK_NAME_ASSUMPTION_FIX,CF_GHOSTICONS,CF_MODSTORAGE,CF_SURFACES,CF_MODULES,CF_REF_FIX,CF_BUGFIX_REF,CF_BUGFIX_XML,CF_VIRTUALSTORAGE_FIX,CF_DOUBLYLINKEDNODES,CF_ONUPDATE_RATE_LIMIT,CF_LOG_TIMESTAMP,AVPPAdminTools,DayZ,FEATURE_CURSOR,FEATURE_NETWORK_RECONCILIATION,FEATURE_NETWORK_RECONCILATION,VPPADMINTOOLS,VPPAT_NOTIFICATIONS"; CRC32: 00000000
20:57:08.784 Warning: CfgWeapons missing in PreloadConfig - may slow down vehicle creation
20:57:08.784 Warning: CfgMagazines missing in PreloadConfig - may slow down vehicle creation
20:57:08.784 String "STR_DN_UNKNOWN" not found (not in localization table)
20:57:08.784 String "STR_DN_TRANSPORT" not found (not in localization table)
20:57:08.784 String "STR_DN_CAR" not found (not in localization table)
20:57:08.784 String "STR_DN_BOAT" not found (not in localization table)
20:57:08.784 String "STR_DN_HELICOPTER" not found (not in localization table)
20:57:08.785 String "STR_DN_HELICOPTER" not found (not in localization table)
20:57:08.785 String "STR_DN_UNKNOWN" not found (not in localization table)
20:57:08.785 String "STR_DN_MAN" not found (not in localization table)
20:57:08.785 String "STR_DN_ANIMAL" not found (not in localization table)
20:57:08.785 String "STR_DN_UNKNOWN" not found (not in localization table)
20:57:08.785 String "STR_DN_BUNKER" not found (not in localization table)
20:57:08.785 String "STR_DN_UNKNOWN" not found (not in localization table)
20:57:08.785 String "STR_DN_UNKNOWN" not found (not in localization table)
20:57:08.785 String "STR_DN_UNKNOWN" not found (not in localization table)
20:57:08.785 String "STR_DN_UNKNOWN" not found (not in localization table)
20:57:08.785 String "STR_DN_MAN" not found (not in localization table)
20:57:08.785 String "STR_DN_MAN" not found (not in localization table)
20:57:08.785 String "STR_DN_MAN" not found (not in localization table)
20:57:08.785 String "STR_DN_ANIMAL" not found (not in localization table)
20:57:08.785 String "STR_DN_ANIMAL" not found (not in localization table)
20:57:08.802 String "STR_DN_MAN" not found (not in localization table)
20:57:08.821 String "STR_DN_BOAT" not found (not in localization table)
20:57:08.821 String "STR_DN_CAR" not found (not in localization table)
20:57:08.821 String "STR_DN_CAR" not found (not in localization table)
20:57:08.821 String "STR_DN_CAR" not found (not in localization table)
20:57:08.822 String "STR_DN_CAR" not found (not in localization table)
20:57:08.822 String "STR_DN_CAR" not found (not in localization table)
20:57:09.320 Unrecognized CfgNonAIVehicles simulation seagull in bin\config.bin/CfgNonAIVehicles/Bird/
20:57:09.320 Unrecognized CfgNonAIVehicles simulation seagull in bin\config.bin/CfgNonAIVehicles/Insect/
20:57:09.324 Warning Message: No entry 'bin\config.bin/CfgNonAIVehicles/ProxyCrew.simulation'.
20:57:09.324 Warning Message: Trying to access error value.
20:57:09.324 Unrecognized CfgNonAIVehicles simulation  in bin\config.bin/CfgNonAIVehicles/ProxyCrew/
20:57:09.324 Warning Message: No entry 'bin\config.bin/CfgNonAIVehicles/ProxyCrew.model'.
20:57:09.324 Warning Message: Trying to access error value.
20:57:09.324 Warning Message: No entry 'bin\config.bin/CfgNonAIVehicles/ProxyCrew.simulation'.
20:57:09.324 Warning Message: Trying to access error value.
20:57:09.530 String "STR_CfgMagazines_Mag_CZ550_4rnd0" not found (not in localization table)
20:57:10.04  Warning Message: No entry 'bin\config.bin/CfgSoundShaders.IZH18_Closure_SoundShader'.
20:57:10.04  Warning Message: No entry '.samples'.
20:57:10.04  Warning Message: Size: '/' not an array
20:57:10.04  Warning Message: Size: '/' not an array
20:57:10.278 ANIMATION    : PreloadAnimationSets
20:57:10.278 Warning Message: 'access/' is not a class ('EnfAnimSys' accessed)
20:57:18.410 PROFILING    : PreloadAnimationSets took: 8132.021800 ms
20:57:18.428 Warning: No components in dz\gear\camping\mediumtent.p3d:geometryView
20:57:18.450 Warning: No components in dz\gear\camping\proxies\mediumtentcamonetproxy.p3d:geometry
20:57:18.450 Warning: No components in dz\gear\camping\proxies\mediumtentcamonetproxy.p3d:geometryFire
20:57:18.450 Warning: No components in dz\gear\camping\proxies\mediumtentcamonetproxy.p3d:geometryView
20:57:18.489 Convex "component01" selection faces are less then 4 in dz\gear\camping\largetent.p3d:geometry
20:57:18.489 Convex "component02" selection faces are less then 4 in dz\gear\camping\largetent.p3d:geometry
20:57:18.489 Convex "component01" selection faces are less then 4 in dz\gear\camping\largetent.p3d:geometryFire
20:57:18.489 Convex "component02" selection faces are less then 4 in dz\gear\camping\largetent.p3d:geometryFire
20:57:18.489 Convex "component01" selection faces are less then 4 in dz\gear\camping\largetent.p3d:geometryView
20:57:18.489 Convex "component02" selection faces are less then 4 in dz\gear\camping\largetent.p3d:geometryView
20:57:18.489 Warning: No components in dz\gear\camping\largetent.p3d:geometryView
20:57:18.489 DamageSystem Warning: Selection  doesn't exists in fire geometry for entity LargeTent
20:57:18.522 Warning: No components in dz\gear\camping\cartent.p3d:geometryView
20:57:18.556 Warning: No components in dz\gear\camping\proxies\cartentcamonetproxy.p3d:geometry
20:57:18.556 Warning: No components in dz\gear\camping\proxies\cartentcamonetproxy.p3d:geometryFire
20:57:18.556 Warning: No components in dz\gear\camping\proxies\cartentcamonetproxy.p3d:geometryView
20:57:18.570 Warning: No components in dz\gear\camping\party_tent.p3d:geometryView
20:57:18.570 DamageSystem Warning: Selection  doesn't exists in fire geometry for entity PartyTent
20:57:18.574 Warning: No components in dz\gear\camping\proxies\partytentpackproxy.p3d:geometry
20:57:18.574 Warning: No components in dz\gear\camping\proxies\partytentpackproxy.p3d:geometryFire
20:57:18.576 Warning: No components in dz\gear\camping\proxies\partytentcamo1closedproxy.p3d:geometry
20:57:18.577 Warning: No components in dz\gear\camping\proxies\partytentcamo2closedproxy.p3d:geometry
20:57:18.578 Warning: No components in dz\gear\camping\proxies\partytentcamo3closedproxy.p3d:geometry
20:57:18.578 Warning: No components in dz\gear\camping\proxies\partytentcamo4closedproxy.p3d:geometry
20:57:18.578 Warning: No components in dz\gear\camping\proxies\partytentcamo5closedproxy.p3d:geometry
20:57:18.579 Warning: No components in dz\gear\camping\proxies\partytentcamo6closedproxy.p3d:geometry
20:57:18.579 Warning: No components in dz\gear\camping\proxies\partytentcamoroofproxy.p3d:geometry
20:57:18.579 Warning: No components in dz\gear\camping\proxies\partytentcamo1openedproxy.p3d:geometry
20:57:18.580 Warning: No components in dz\gear\camping\proxies\partytentcamo2openedproxy.p3d:geometry
20:57:18.580 Warning: No components in dz\gear\camping\proxies\partytentcamo3openedproxy.p3d:geometry
20:57:18.580 Warning: No components in dz\gear\camping\proxies\partytentcamo4openedproxy.p3d:geometry
20:57:18.580 Warning: No components in dz\gear\camping\proxies\partytentcamo5openedproxy.p3d:geometry
20:57:18.580 Warning: No components in dz\gear\camping\proxies\partytentcamo6openedproxy.p3d:geometry
20:57:18.581 DamageSystem Warning: Selection  doesn't exists in fire geometry for entity PartyTent_Blue
20:57:18.584 DamageSystem Warning: Selection  doesn't exists in fire geometry for entity PartyTent_Brown
20:57:18.586 DamageSystem Warning: Selection  doesn't exists in fire geometry for entity PartyTent_Lunapark
20:57:18.649 Warning: No components in dz\gear\camping\proxies\roof.p3d:geometryFire
20:57:18.667 Warning: No components in dz\gear\camping\proxies\camonet.p3d:geometry
20:57:18.667 Warning: No components in dz\gear\camping\proxies\camonet.p3d:geometryFire
20:57:18.677 Warning: No components in dz\gear\camping\proxies\barbedwire_mounted.p3d:geometry
20:57:18.677 Warning: No components in dz\gear\camping\proxies\barbedwire_mounted.p3d:geometryView
20:57:18.677 Warning: No components in dz\gear\camping\proxies\barbedwire_mounted_up.p3d:geometryView
20:57:18.780 DamageSystem Warning: Selection wall_gate doesn't exists in fire geometry for entity Fence
20:57:18.783 Warning: No components in dz\gear\camping\proxies\gate.p3d:geometry
20:57:18.783 Warning: No components in dz\gear\camping\proxies\gate.p3d:geometryView
20:57:18.896 Warning: No components in dz\vehicles\wheeled\sedan_02\proxy\sedan_02_interior.p3d:geometryFire
20:57:18.896 Warning: No components in dz\vehicles\wheeled\sedan_02\proxy\sedan_02_interior.p3d:geometryView
20:57:18.896 Warning Message: No entry 'bin\config.bin/CfgNonAIVehicles/ProxyCrew_Driver.simulation'.
20:57:18.896 Warning Message: Trying to access error value.
20:57:18.896 Unrecognized CfgNonAIVehicles simulation  in bin\config.bin/CfgNonAIVehicles/ProxyCrew_Driver/
20:57:18.896 Warning Message: No entry 'bin\config.bin/CfgNonAIVehicles/ProxyCrew_Driver.simulation'.
20:57:18.896 Warning Message: Trying to access error value.
20:57:18.917 Warning Message: No entry 'bin\config.bin/CfgNonAIVehicles/ProxyCrew_Cargo.simulation'.
20:57:18.917 Warning Message: Trying to access error value.
20:57:18.917 Unrecognized CfgNonAIVehicles simulation  in bin\config.bin/CfgNonAIVehicles/ProxyCrew_Cargo/
20:57:18.917 Warning Message: No entry 'bin\config.bin/CfgNonAIVehicles/ProxyCrew_Cargo.simulation'.
20:57:18.917 Warning Message: Trying to access error value.
20:57:18.945 Warning: No components in dz\vehicles\wheeled\sedan_02\proxy\sedan_02_glass2.p3d:geometryFire
20:57:18.994 Warning: No components in dz\vehicles\wheeled\offroadhatchback\proxy\nivaengine.p3d:geometry
20:57:18.994 Warning: No components in dz\vehicles\wheeled\offroadhatchback\proxy\nivaengine.p3d:geometryView
20:57:19.89  Warning: No components in dz\vehicles\wheeled\hatchback_02\proxy\hatchback_02_interior.p3d:geometry
20:57:19.90  Warning: No components in dz\vehicles\wheeled\hatchback_02\proxy\hatchback_02_engine.p3d:geometry
20:57:19.90  Warning: No components in dz\vehicles\wheeled\hatchback_02\proxy\hatchback_02_engine.p3d:geometryFire
20:57:19.90  Warning: No components in dz\vehicles\wheeled\hatchback_02\proxy\hatchback_02_engine.p3d:geometryView
20:57:19.181 Warning: No components in dz\vehicles\wheeled\civiliansedan\proxy\prox_int.p3d:geometry
20:57:19.181 Warning: No components in dz\vehicles\wheeled\civiliansedan\proxy\prox_int.p3d:geometryFire
20:57:19.181 Warning: No components in dz\vehicles\wheeled\civiliansedan\proxy\prox_int.p3d:geometryView
20:57:19.181 Warning: No components in dz\vehicles\wheeled\civiliansedan\proxy\sedan_engine.p3d:geometry
20:57:19.181 Warning: No components in dz\vehicles\wheeled\civiliansedan\proxy\sedan_engine.p3d:geometryFire
20:57:19.181 Warning: No components in dz\vehicles\wheeled\civiliansedan\proxy\sedan_engine.p3d:geometryView
20:57:19.234 Truck_01_Covered: Engine_Rotate - unknown animation source rpmspeed
20:57:19.271 Warning: No components in dz\vehicles\wheeled\truck_01\proxy\truck_01_engine.p3d:geometry
20:57:19.271 Warning: No components in dz\vehicles\wheeled\truck_01\proxy\truck_01_engine.p3d:geometryView
20:57:19.271 Warning: No components in dz\vehicles\wheeled\truck_01\proxy\truck_01_engine_rotate_1.p3d:geometry
20:57:19.332 Truck_01_Covered_Blue: Engine_Rotate - unknown animation source rpmspeed
20:57:19.383 Truck_01_Covered_Orange: Engine_Rotate - unknown animation source rpmspeed
20:57:19.441 DamageSystem Warning: Selection dmgZone_bumper_1 doesn't exists in fire geometry for entity Offroad_02
20:57:19.606 Warning: No components in dz\vehicles\wheeled\offroad_02\proxy\offroad_02_body.p3d:geometry
20:57:19.606 Warning: No components in dz\vehicles\wheeled\offroad_02\proxy\offroad_02_body.p3d:geometryFire
20:57:19.606 Warning: No components in dz\vehicles\wheeled\offroad_02\proxy\offroad_02_body.p3d:geometryView
20:57:19.606 Warning: No components in dz\vehicles\wheeled\offroad_02\proxy\offroad_02_roof.p3d:geometry
20:57:19.610 NETWORK      : server: Player dpid=2 added at playerIndex=0
20:57:19.611 Server description exceeeds the limit of 255 characters. Description will not be displayed in the server browser!
20:57:21.179 SUCCESS: SteamGameServer_Init(0,8766,2302,27016,3,1.29.163709)
20:57:21.179 Hostname of server: "TESTING SERVER"
20:57:21.181 NETWORK      : Server: SetClientState dpid=2 id=0 name=__SERVER__ CREATED -> CONNECTED
20:57:21.187 NETWORK      : Network simulation
20:57:21.187  ENGINE       : FileSystem: Adding relative directory 'D:\steam\steamapps\common\DayZServer\mpmissions\dayzOffline.chernarusplus' to RV filesystem under name mission
20:57:21.189 NETWORK      : Network simulation
20:57:21.189  NETWORK      : Server: SetClientState dpid=2 id=0 name=__SERVER__ MISSION SELECTED -> PLAYER ASSIGNED
20:57:21.189  NETWORK      : server: Player dpid=2 already at assigned index=0
20:57:21.189  NETWORK      : Server: SetClientState dpid=2 id=0 name=__SERVER__ PLAYER ASSIGNED -> MISSION RECEIVED
20:57:21.190 NETWORK      : Network simulation
20:57:21.190  WORLD        : Loading landscape 'chernarusplus'
20:57:21.191 Warning Message: No entry 'bin\config.bin/CfgWorlds/CAWorld/Weather/LightingNew/C_Night.NearCloud'.
20:57:21.191 Warning Message: No entry 'bin\config.bin/CfgWorlds/CAWorld/Weather/LightingNew/C_Astro1.NearCloud'.
20:57:21.191 Warning Message: No entry 'bin\config.bin/CfgWorlds/CAWorld/Weather/LightingNew/C_Astro2.NearCloud'.
20:57:21.191 Warning Message: No entry 'bin\config.bin/CfgWorlds/CAWorld/Weather/LightingNew/C_Astro3.NearCloud'.
20:57:21.191 Warning Message: No entry 'bin\config.bin/CfgWorlds/CAWorld/Weather/LightingNew/C_Nautical1.NearCloud'.
20:57:21.191 Warning Message: No entry 'bin\config.bin/CfgWorlds/CAWorld/Weather/LightingNew/C_Nautical2.NearCloud'.
20:57:21.191 Warning Message: No entry 'bin\config.bin/CfgWorlds/CAWorld/Weather/LightingNew/C_Nautical3.NearCloud'.
20:57:21.191 Warning Message: No entry 'bin\config.bin/CfgWorlds/CAWorld/Weather/LightingNew/C_Civil1.NearCloud'.
20:57:21.191 Warning Message: No entry 'bin\config.bin/CfgWorlds/CAWorld/Weather/LightingNew/C_Civil2.NearCloud'.
20:57:21.191 Warning Message: No entry 'bin\config.bin/CfgWorlds/CAWorld/Weather/LightingNew/C_Civil3.NearCloud'.
20:57:21.191 Warning Message: No entry 'bin\config.bin/CfgWorlds/CAWorld/Weather/LightingNew/C_Day0.NearCloud'.
20:57:21.191 Warning Message: No entry 'bin\config.bin/CfgWorlds/CAWorld/Weather/LightingNew/C_Day4.NearCloud'.
20:57:21.191 Warning Message: No entry 'bin\config.bin/CfgWorlds/CAWorld/Weather/LightingNew/C_Day8.NearCloud'.
20:57:21.191 Warning Message: No entry 'bin\config.bin/CfgWorlds/CAWorld/Weather/LightingNew/C_Day12.NearCloud'.
20:57:21.191 Warning Message: No entry 'bin\config.bin/CfgWorlds/CAWorld/Weather/LightingNew/C_Day16.NearCloud'.
20:57:21.191 Warning Message: No entry 'bin\config.bin/CfgWorlds/CAWorld/Weather/LightingNew/C_Day35.NearCloud'.
20:57:21.191 Warning Message: No entry 'bin\config.bin/CfgWorlds/CAWorld/Weather/LightingNew/C_Day60.NearCloud'.
20:57:21.191 Warning Message: No entry 'bin\config.bin/CfgWorlds/CAWorld/Weather/LightingNew/O_Night.NearCloud'.
20:57:21.191 Warning Message: No entry 'bin\config.bin/CfgWorlds/CAWorld/Weather/LightingNew/O_Astro1.NearCloud'.
20:57:21.191 Warning Message: No entry 'bin\config.bin/CfgWorlds/CAWorld/Weather/LightingNew/O_Nautical1.NearCloud'.
20:57:21.191 Warning Message: No entry 'bin\config.bin/CfgWorlds/CAWorld/Weather/LightingNew/O_Civil1.NearCloud'.
20:57:21.191 Warning Message: No entry 'bin\config.bin/CfgWorlds/CAWorld/Weather/LightingNew/O_Civil2.NearCloud'.
20:57:21.191 Warning Message: No entry 'bin\config.bin/CfgWorlds/CAWorld/Weather/LightingNew/O_Day0.NearCloud'.
20:57:21.191 Warning Message: No entry 'bin\config.bin/CfgWorlds/CAWorld/Weather/LightingNew/O_Day4.NearCloud'.
20:57:21.191 Warning Message: No entry 'bin\config.bin/CfgWorlds/CAWorld/Weather/LightingNew/O_Day8.NearCloud'.
20:57:21.191 Warning Message: No entry 'bin\config.bin/CfgWorlds/CAWorld/Weather/LightingNew/O_Day12.NearCloud'.
20:57:21.191 Warning Message: No entry 'bin\config.bin/CfgWorlds/CAWorld/Weather/LightingNew/O_Day35.NearCloud'.
20:57:21.191 Warning Message: No entry 'bin\config.bin/CfgWorlds/CAWorld/Weather/LightingNew/O_Day60.NearCloud'.
20:57:21.377 Terrain normal texture loaded (dz\worlds\chernarusplus\data\global_nohq.paa)...
20:57:21.400 Warning: No components in dz\plants\clutter\c_anthoxanthum.p3d:geometry
20:57:21.400 Warning: No components in dz\plants\clutter\c_anthoxanthum_bended.p3d:geometry
20:57:21.400 Warning: No components in dz\plants\clutter\c_calamagrostis.p3d:geometry
20:57:21.401 Warning: No components in dz\plants\clutter\c_carduus.p3d:geometry
20:57:21.401 Warning: No components in dz\plants\clutter\c_carduus_f.p3d:geometry
20:57:21.401 Warning: No components in dz\plants\clutter\c_elytrigia.p3d:geometry
20:57:21.401 Warning: No components in dz\plants\clutter\c_elytrigia_green.p3d:geometry
20:57:21.401 Warning: No components in dz\plants\clutter\c_elytrigiatall.p3d:geometry
20:57:21.401 Warning: No components in dz\plants\clutter\c_hypericum.p3d:geometry
20:57:21.401 Warning: No components in dz\plants\clutter\c_hypericum_f.p3d:geometry
20:57:21.402 Warning: No components in dz\plants\clutter\c_lolium.p3d:geometry
20:57:21.402 Warning: No components in dz\plants\clutter\c_taraxacum.p3d:geometry
20:57:21.402 Warning: No components in dz\plants\clutter\c_concretegrass_bunch.p3d:geometry
20:57:21.402 Warning: No components in dz\plants\clutter\c_dirtgrass_bunch.p3d:geometry
20:57:21.402 Warning: No components in dz\plants\clutter\c_elytrigiadirt.p3d:geometry
20:57:21.402 Warning: No components in dz\plants\clutter\c_cones.p3d:geometry
20:57:21.402 Warning: No components in dz\plants\clutter\c_elytrigiaforest.p3d:geometry
20:57:21.402 Warning: No components in dz\plants\clutter\c_leafs_spread.p3d:geometry
20:57:21.402 Warning: No components in dz\plants\clutter\c_undergrowth.p3d:geometry
20:57:21.402 Warning: No components in dz\plants\clutter\c_undergrowth_red.p3d:geometry
20:57:21.402 Warning: No components in dz\plants\clutter\c_broadleaf_sprouts.p3d:geometry
20:57:21.402 Warning: No components in dz\plants\clutter\c_broadleaf_sprouts_tall.p3d:geometry
20:57:21.402 Warning: No components in dz\plants\clutter\c_pines.p3d:geometry
20:57:21.402 Warning: No components in dz\plants\clutter\c_polypodiophyta.p3d:geometry
20:57:21.402 Warning: No components in dz\plants\clutter\c_polypodiophyta_b.p3d:geometry
20:57:21.402 Warning: No components in dz\plants\clutter\c_polypodiophyta_c.p3d:geometry
20:57:21.403 Warning: No components in dz\plants\clutter\c_polypodiophyta_tall.p3d:geometry
20:57:21.403 Warning: No components in dz\plants\clutter\c_vaccinium.p3d:geometry
20:57:21.403 Warning: No components in dz\plants\clutter\c_vaccinium_green.p3d:geometry
20:57:21.403 Warning: No components in dz\plants\clutter\c_vaccinium_red.p3d:geometry
20:57:21.403 Warning: No components in dz\plants\clutter\c_vaccinium_tall.p3d:geometry
20:57:21.403 Warning: No components in dz\plants\clutter\c_twigs.p3d:geometry
20:57:21.403 Warning: No components in dz\plants\clutter\c_twigs_b.p3d:geometry
20:57:21.431 Warning: No components in dz\plants_bliss\clutter\c_wheat1_summer.p3d:geometry
20:57:21.432 Warning: No components in dz\plants_bliss\clutter\c_stubble_summer.p3d:geometry
20:57:21.433 Warning: No components in dz\plants_bliss\clutter\c_vaccinium_summer.p3d:geometry
20:57:21.433 Warning: No components in dz\plants_bliss\clutter\c_fern_summer.p3d:geometry
20:57:21.433 Warning: No components in dz\plants_bliss\clutter\c_ferntall_summer.p3d:geometry
20:57:21.434 Warning: No components in dz\plants_bliss\clutter\c_branches_picea_summer.p3d:geometry
20:57:21.434 Warning: No components in dz\plants_bliss\clutter\c_branchesbig_picea_summer.p3d:geometry
20:57:21.435 Warning: No components in dz\plants_bliss\clutter\c_branches_deciduous_summer.p3d:geometry
20:57:21.435 Warning: No components in dz\plants_bliss\clutter\c_pines_summer.p3d:geometry
20:57:21.435 Warning: No components in dz\plants_bliss\clutter\c_cones_summer.p3d:geometry
20:57:21.435 Warning: No components in dz\plants_bliss\clutter\c_leaves_dead_summer.p3d:geometry
20:57:21.436 Warning: No components in dz\plants_bliss\clutter\c_leaves_dead_half_summer.p3d:geometry
20:57:21.436 Warning: No components in dz\plants_bliss\clutter\c_plantssmall1_summer.p3d:geometry
20:57:21.436 Warning: No components in dz\plants_bliss\clutter\c_plantssmall2_summer.p3d:geometry
20:57:21.436 Warning: No components in dz\plants_bliss\clutter\c_grasssmall_summer.p3d:geometry
20:57:21.437 Warning: No components in dz\plants_bliss\clutter\c_grasstiny_summer.p3d:geometry
20:57:21.437 Warning: No components in dz\plants_bliss\clutter\c_beech_big_summer.p3d:geometry
20:57:21.437 Warning: No components in dz\plants_bliss\clutter\c_beech_mid_summer.p3d:geometry
20:57:21.437 Warning: No components in dz\plants_bliss\clutter\c_beech_small_summer.p3d:geometry
20:57:21.438 Warning: No components in dz\plants_bliss\clutter\c_grassplant1_summer.p3d:geometry
20:57:21.438 Warning: No components in dz\plants_bliss\clutter\c_grassplant2_summer.p3d:geometry
20:57:21.438 Warning: No components in dz\plants_bliss\clutter\c_grass_summer.p3d:geometry
20:57:21.438 Warning: No components in dz\plants_bliss\clutter\c_grasslow_summer.p3d:geometry
20:57:21.438 Warning: No components in dz\plants_bliss\clutter\c_grassanthoxanthum_summer.p3d:geometry
20:57:21.438 Warning: No components in dz\plants_bliss\clutter\c_grassanthoxanthum_bended_summer.p3d:geometry
20:57:21.438 Warning: No components in dz\plants_bliss\clutter\c_grasstall2_summer.p3d:geometry
20:57:21.438 Warning: No components in dz\plants_bliss\clutter\c_grasstall3_summer.p3d:geometry
20:57:21.438 Warning: No components in dz\plants_bliss\clutter\c_grass_flower1_summer.p3d:geometry
20:57:21.438 Warning: No components in dz\plants_bliss\clutter\c_grassdry_summer.p3d:geometry
20:57:21.439 Warning: No components in dz\plants_bliss\clutter\c_grassdry2_summer.p3d:geometry
20:57:21.439 Warning: No components in dz\plants_bliss\clutter\c_grassdry3_summer.p3d:geometry
20:57:21.439 Warning: No components in dz\plants_bliss\clutter\c_grassdryplant1_summer.p3d:geometry
20:57:21.439 Warning: No components in dz\plants_bliss\clutter\c_grassdrytall_summer.p3d:geometry
20:57:21.439 Warning: No components in dz\plants_bliss\clutter\c_grassdrytall2_summer.p3d:geometry
20:57:21.439 Warning: No components in dz\plants_bliss\clutter\c_grassbasehypericum_summer.p3d:geometry
20:57:21.439 Warning: No components in dz\plants_bliss\clutter\c_grassbasecarduus_f_summer.p3d:geometry
20:57:21.439 Warning: No components in dz\plants_bliss\clutter\c_grassdryhypericum_summer.p3d:geometry
20:57:21.439 Warning: No components in dz\plants_bliss\clutter\c_grassdrycarduus_f_summer.p3d:geometry
20:57:21.439 Warning: No components in dz\plants_bliss\clutter\c_grasscrophypericum_summer.p3d:geometry
20:57:21.439 Warning: No components in dz\plants_bliss\clutter\c_grasscropcarduus_f_summer.p3d:geometry
20:57:21.439 Warning: No components in dz\plants_bliss\clutter\c_grassdrytall3_summer.p3d:geometry
20:57:21.439 Warning: No components in dz\plants_bliss\clutter\c_grasssmallconc_summer.p3d:geometry
20:57:21.439 Warning: No components in dz\plants_bliss\clutter\c_grasstinyconc_summer.p3d:geometry
20:57:21.440 Warning: No components in dz\plants_bliss\clutter\c_elytrigia_summer.p3d:geometry
20:57:21.440 Warning: No components in dz\plants_bliss\clutter\c_elytrigia_green_summer.p3d:geometry
20:57:21.440 Warning: No components in dz\plants_bliss\clutter\c_elytrigiatall_summer.p3d:geometry
20:57:21.440 Warning: No components in dz\plants_bliss\clutter\c_elytrigiatall2_summer.p3d:geometry
20:57:21.440 Warning: No components in dz\plants_bliss\clutter\c_grassflowerswhite_summer.p3d:geometry
20:57:21.440 Warning: No components in dz\plants_bliss\clutter\c_grassflowerswhiteshort_summer.p3d:geometry
20:57:21.440 Warning: No components in dz\plants_bliss\clutter\c_grassflowerswhitetall_summer.p3d:geometry
20:57:21.440 Warning: No components in dz\plants_bliss\clutter\c_grassflowersyellow_summer.p3d:geometry
20:57:21.441 Warning: No components in dz\plants_bliss\clutter\c_grassflowersyellowshort_summer.p3d:geometry
20:57:21.441 Warning: No components in dz\plants_bliss\clutter\c_grassflowersyellowtall_summer.p3d:geometry
20:57:21.441 Warning: No components in dz\plants_bliss\clutter\c_grassflowerspurple_summer.p3d:geometry
20:57:21.441 Warning: No components in dz\plants_bliss\clutter\c_grassflowerspurpleshort_summer.p3d:geometry
20:57:21.441 Warning: No components in dz\plants_bliss\clutter\c_grassflowerspurpletall_summer.p3d:geometry
20:57:21.441 Warning: No components in dz\plants_bliss\clutter\c_wheat2.p3d:geometry
20:57:21.441 Warning: No components in dz\plants_bliss\clutter\c_concretegrass_bunch_summer.p3d:geometry
20:57:21.441 Warning: No components in dz\plants_bliss\clutter\c_dirtgrass_bunch_summer.p3d:geometry
20:57:21.441 Warning: No components in dz\plants_bliss\clutter\c_elytrigiadirt_summer.p3d:geometry
20:57:21.441 Warning: No components in dz\plants_sakhal\clutter\c_browngrass_tall.p3d:geometry
20:57:21.441 Warning: No components in dz\plants_sakhal\clutter\c_browngrass_tall2.p3d:geometry
20:57:21.441 Warning: No components in dz\plants_sakhal\clutter\c_browngrass_lump.p3d:geometry
20:57:21.441 Warning: No components in dz\plants_sakhal\clutter\c_browngrass.p3d:geometry
20:57:21.442 Warning: No components in dz\plants_sakhal\clutter\c_browngrass_flat.p3d:geometry
20:57:21.442 Warning: No components in dz\plants_sakhal\clutter\c_drythistle.p3d:geometry
20:57:21.442 Warning: No components in dz\plants_sakhal\clutter\c_greengrass_tall.p3d:geometry
20:57:21.442 Warning: No components in dz\plants_sakhal\clutter\c_greengrass_tall2.p3d:geometry
20:57:21.442 Warning: No components in dz\plants_sakhal\clutter\c_birchleaves.p3d:geometry
20:57:21.442 Warning: No components in dz\plants_sakhal\clutter\c_birchleaves_sparse.p3d:geometry
20:57:21.442 Warning: No components in dz\plants_sakhal\clutter\c_twigs1.p3d:geometry
20:57:21.442 Warning: No components in dz\plants_sakhal\clutter\c_twigs2.p3d:geometry
20:57:21.442 Warning: No components in dz\plants_sakhal\clutter\c_piceacluster.p3d:geometry
20:57:21.442 Warning: No components in dz\plants_sakhal\clutter\c_piceacones.p3d:geometry
20:57:21.442 Warning: No components in dz\plants_sakhal\clutter\c_stones.p3d:geometry
20:57:21.442 Warning: No components in dz\plants_sakhal\clutter\c_stones_small.p3d:geometry
20:57:21.442 Warning: No components in dz\plants_sakhal\clutter\c_volcanicstones_red.p3d:geometry
20:57:21.473 Warning: No components in dz\plants_sakhal\clutter\c_volcanicstones_yellow.p3d:geometry
20:57:21.492 Warning Message: No entry 'bin\config.bin/CfgWorlds/ChernarusPlus.nearCloudObject'.
20:57:21.492 Warning Message: Trying to access error value.
20:57:22.769 Warning: No components in dz\structures\roads\parts\asf1_25.p3d:geometry
20:57:22.769 Warning: No components in dz\structures\roads\parts\asf1_6konec.p3d:geometry
20:57:22.791 Warning: No components in dz\structures\roads\parts\mud_25.p3d:geometry
20:57:22.792 Warning: No components in dz\structures\roads\parts\mud_7 100.p3d:geometry
20:57:22.792 Warning: No components in dz\structures\roads\parts\mud_6konec.p3d:geometry
20:57:22.794 Warning: No components in dz\structures\roads\parts\mud_10 25.p3d:geometry
20:57:22.795 Warning: No components in dz\structures\roads\parts\asf1_10 100.p3d:geometry
20:57:22.795 Warning: No components in dz\structures\roads\parts\mud_12.p3d:geometry
20:57:22.795 Warning: No components in dz\structures\roads\parts\mud_10 100.p3d:geometry
20:57:22.795 Warning: No components in dz\structures\roads\parts\path_rock_curve.p3d:geometry
20:57:22.795 Warning: No components in dz\structures\roads\parts\path_rock_30.p3d:geometry
20:57:22.795 Warning: No components in dz\structures\roads\parts\mud_10 75.p3d:geometry
20:57:22.795 Warning: No components in dz\structures\roads\parts\mud_10 50.p3d:geometry
20:57:22.796 Warning: No components in dz\structures\roads\parts\mud_1 1000.p3d:geometry
20:57:22.796 Warning: No components in dz\structures\roads\parts\mud_60 10.p3d:geometry
20:57:22.796 Warning: No components in dz\structures\roads\parts\mud_6.p3d:geometry
20:57:22.796 Warning: No components in dz\structures\roads\parts\asf1_10 75.p3d:geometry
20:57:22.796 Warning: No components in dz\structures\roads\parts\asf1_12.p3d:geometry
20:57:22.797 Warning: No components in dz\structures\roads\parts\grav_60 10.p3d:geometry
20:57:22.797 Warning: No components in dz\structures\roads\parts\grav_12.p3d:geometry
20:57:22.798 Warning: No components in dz\structures\roads\parts\grav_10 100.p3d:geometry
20:57:22.798 Warning: No components in dz\structures\roads\parts\grav_10 50.p3d:geometry
20:57:22.798 Warning: No components in dz\structures\roads\parts\grav_10 25.p3d:geometry
20:57:22.821 Warning: No components in dz\structures\roads\parts\grav_6.p3d:geometry
20:57:22.821 Warning: No components in dz\structures\roads\parts\grav_25.p3d:geometry
20:57:22.821 Warning: No components in dz\structures\roads\parts\grav_7 100.p3d:geometry
20:57:22.821 Warning: No components in dz\structures\roads\parts\asf1_7 100.p3d:geometry
20:57:22.821 Warning: No components in dz\structures\roads\parts\mud_22 50.p3d:geometry
20:57:22.821 Warning: No components in dz\structures\roads\parts\mud_15 75.p3d:geometry
20:57:22.844 Warning: No components in dz\structures\roads\parts\asf1_1 1000.p3d:geometry
20:57:22.846 Warning: No components in dz\structures\roads\parts\grav_1 1000.p3d:geometry
20:57:22.846 Warning: No components in dz\structures\roads\parts\grav_6konec.p3d:geometry
20:57:22.846 Warning: No components in dz\structures\roads\parts\grav_10 75.p3d:geometry
20:57:22.847 Warning: No components in dz\structures\roads\parts\mud_30 25.p3d:geometry
20:57:22.847 Warning: No components in dz\structures\roads\parts\asf1_6.p3d:geometry
20:57:22.849 Warning: No components in dz\structures\roads\parts\asf1_0 2000.p3d:geometry
20:57:22.851 Warning: No components in dz\structures\roads\parts\path_dirt_curve.p3d:geometry
20:57:22.851 Warning: No components in dz\structures\roads\parts\path_dirt_10.p3d:geometry
20:57:22.851 Warning: No components in dz\structures\roads\parts\path_dirt_30.p3d:geometry
20:57:22.851 Warning: No components in dz\structures\roads\parts\mud_0 2000.p3d:geometry
20:57:22.851 Warning: No components in dz\structures\roads\parts\asf1_15 75.p3d:geometry
20:57:22.853 Warning: No components in dz\structures\roads\parts\asf3_25.p3d:geometry
20:57:22.854 Warning: No components in dz\structures\roads\parts\asf3_60 10.p3d:geometry
20:57:22.854 Warning: No components in dz\structures\roads\parts\asf3_6konec.p3d:geometry
20:57:22.854 Warning: No components in dz\structures\roads\parts\asf3_6.p3d:geometry
20:57:22.854 Warning: No components in dz\structures\roads\parts\asf3_10 25.p3d:geometry
20:57:22.858 Warning: No components in dz\structures\roads\parts\asf3_7 100.p3d:geometry
20:57:22.862 Warning: No components in dz\structures\roads\parts\asf3_12.p3d:geometry
20:57:22.863 Warning: No components in dz\structures\roads\parts\asf3_10 50.p3d:geometry
20:57:22.865 Warning: No components in dz\structures\roads\parts\asf2_6konec.p3d:geometry
20:57:22.865 Warning: No components in dz\structures\roads\parts\asf1_22 50.p3d:geometry
20:57:22.866 Warning: No components in dz\structures\roads\parts\asf1_10 50.p3d:geometry
20:57:22.867 Warning: No components in dz\structures\roads\parts\asf3_10 100.p3d:geometry
20:57:22.867 Warning: No components in dz\structures\roads\parts\asf2_0 2000.p3d:geometry
20:57:22.867 Warning: No components in dz\structures\roads\parts\asf2_7 100.p3d:geometry
20:57:22.867 Warning: No components in dz\structures\roads\parts\asf2_1 1000.p3d:geometry
20:57:22.867 Warning: No components in dz\structures\roads\parts\asf2_6.p3d:geometry
20:57:22.868 Warning: No components in dz\structures\roads\parts\asf2_15 75.p3d:geometry
20:57:22.868 Warning: No components in dz\structures\roads\parts\asf2_12.p3d:geometry
20:57:22.869 Warning: No components in dz\structures\roads\parts\asf3_1 1000.p3d:geometry
20:57:22.872 Warning: No components in dz\structures\roads\parts\path_rock_10.p3d:geometry
20:57:22.872 Warning: No components in dz\structures\roads\parts\asf1_10 25.p3d:geometry
20:57:22.873 Warning: No components in dz\structures\roads\parts\asf3_10 75.p3d:geometry
20:57:22.874 Warning: No components in dz\structures\roads\parts\asf2_10 100.p3d:geometry
20:57:22.874 Warning: No components in dz\structures\roads\parts\asf2_22 50.p3d:geometry
20:57:22.876 Warning: No components in dz\structures\roads\parts\asf2_25.p3d:geometry
20:57:22.876 Warning: No components in dz\structures\roads\parts\asf2_30 25.p3d:geometry
20:57:22.876 Warning: No components in dz\structures\roads\parts\asf2_10 25.p3d:geometry
20:57:22.877 Warning: No components in dz\structures\roads\parts\asf3_30 25.p3d:geometry
20:57:22.878 Warning: No components in dz\structures\roads\parts\asf2_60 10.p3d:geometry
20:57:22.878 Warning: No components in dz\structures\roads\parts\asf2_10 50.p3d:geometry
20:57:22.878 Warning: No components in dz\structures\roads\parts\grav_15 75.p3d:geometry
20:57:22.878 Warning: No components in dz\structures\roads\parts\kr_t_asf2_asf3.p3d:geometry
20:57:22.879 Warning: No components in dz\structures\roads\parts\kr_t_asf2_asf2.p3d:geometry
20:57:22.879 Warning: No components in dz\structures\roads\parts\grav_22 50.p3d:geometry
20:57:22.880 Warning: No components in dz\structures\roads\parts\asf3_15 75.p3d:geometry
20:57:22.881 Warning: No components in dz\structures\roads\parts\kr_t_asf3_asf3.p3d:geometry
20:57:22.882 Warning: No components in dz\structures\roads\parts\asf3_0 2000.p3d:geometry
20:57:22.882 Warning: No components in dz\structures\roads\parts\asf3_22 50.p3d:geometry
20:57:22.884 Warning: No components in dz\structures\roads\parts\grav_0 2000.p3d:geometry
20:57:22.884 Warning: No components in dz\structures\roads\parts\kr_t_asf1_asf3.p3d:geometry
20:57:22.885 Warning: No components in dz\structures\roads\parts\grav_30 25.p3d:geometry
20:57:22.888 Warning: No components in dz\structures\roads\parts\asf1_30 25.p3d:geometry
20:57:22.890 Warning: No components in dz\structures\roads\parts\asf2_10 75.p3d:geometry
20:57:22.895 Warning: No components in dz\structures\roads\parts\kr_x_asf2_asf3.p3d:geometry
20:57:22.903 Warning: No components in dz\structures\roads\parts\city_25.p3d:geometry
20:57:22.904 Warning: No components in dz\structures\roads\parts\city_12.p3d:geometry
20:57:22.904 Warning: No components in dz\structures\roads\parts\city_6konec.p3d:geometry
20:57:22.904 Warning: No components in dz\structures\roads\parts\city_6.p3d:geometry
20:57:22.905 Warning: No components in dz\structures\roads\parts\kr_x_city_city.p3d:geometry
20:57:22.905 Warning: No components in dz\structures\roads\parts\city_1 1000.p3d:geometry
20:57:22.909 Warning: No components in dz\structures\roads\parts\kr_t_asf1_asf2.p3d:geometry
20:57:22.914 Warning: No components in dz\structures\roads\parts\taxiway_30 25.p3d:geometry
20:57:22.914 Warning: No components in dz\structures\roads\parts\taxiway_6.p3d:geometry
20:57:22.915 Warning: No components in dz\structures\roads\parts\taxiway_25.p3d:geometry
20:57:22.915 Warning: No components in dz\structures\roads\parts\taxiway_12.p3d:geometry
20:57:22.917 Warning: No components in dz\structures\roads\decals\decal_concrete_panels.p3d:geometry
20:57:22.917 Warning: No components in dz\structures\roads\decals\decal_concrete_panels_end1.p3d:geometry
20:57:22.917 Warning: No components in dz\structures\roads\decals\decal_concrete_panels_end2.p3d:geometry
20:57:22.917 Warning: No components in dz\structures\roads\parts\taxiway_6konec.p3d:geometry
20:57:22.918 Warning: No components in dz\structures\roads\parts\taxiway_10 50.p3d:geometry
20:57:22.919 Warning: No components in dz\structures\roads\parts\centerline_6konec.p3d:geometry
20:57:22.919 Warning: No components in dz\structures\roads\parts\centerline_6.p3d:geometry
20:57:22.920 Warning: No components in dz\structures\roads\parts\centerline_12.p3d:geometry
20:57:22.920 Warning: No components in dz\structures\roads\parts\taxiway_10 25.p3d:geometry
20:57:22.923 Warning: No components in dz\structures\roads\parts\taxiway_0 2000.p3d:geometry
20:57:22.923 Warning: No components in dz\structures\roads\parts\taxiway_1 1000.p3d:geometry
20:57:22.925 Warning: No components in dz\structures\roads\parts\kr_x_asf1_asf3.p3d:geometry
20:57:23.37  Warning: No components in dz\structures\roads\parts\taxiway_22 50.p3d:geometry
20:57:23.37  Warning: No components in dz\structures\roads\parts\taxiway_7 100.p3d:geometry
20:57:23.40  Warning: No components in dz\structures\roads\parts\taxiway_60 10.p3d:geometry
20:57:23.50  Warning: No components in dz\structures\roads\parts\taxiway_10 100.p3d:geometry
20:57:23.50  Warning: No components in dz\structures\roads\parts\taxiway_10 75.p3d:geometry
20:57:23.89  Warning: No components in dz\structures\roads\parts\city_7 100.p3d:geometry
20:57:23.89  Warning: No components in dz\structures\roads\parts\kr_t_city_city.p3d:geometry
20:57:23.89  Warning: No components in dz\structures\roads\parts\city_10 25.p3d:geometry
20:57:23.90  Warning: No components in dz\structures\roads\parts\city_60 10.p3d:geometry
20:57:23.91  Warning: No components in dz\structures\roads\parts\city_30 25.p3d:geometry
20:57:23.122 Warning: No components in dz\structures\roads\parts\city_10 50.p3d:geometry
20:57:23.122 Warning: No components in dz\structures\roads\parts\city_10 100.p3d:geometry
20:57:23.123 Warning: No components in dz\structures\roads\parts\city_10 75.p3d:geometry
20:57:23.167 Warning: No components in dz\structures\roads\parts\city_15 75.p3d:geometry
20:57:23.167 Warning: No components in dz\structures\roads\parts\city_0 2000.p3d:geometry
20:57:23.168 Warning: No components in dz\structures\roads\parts\city_22 50.p3d:geometry
20:57:23.184 Warning: No components in dz\structures\roads\parts\asf1_60 10.p3d:geometry
20:57:23.184 Warning: No components in dz\structures\roads\parts\kr_t_asf1_city.p3d:geometry
20:57:23.228 Warning: No components in dz\structures\roads\parts\kr_t_city_asf3.p3d:geometry
20:57:23.229 Warning: No components in dz\structures\roads\parts\kr_x_asf1_city.p3d:geometry
20:57:23.230 Warning: No components in dz\structures\roads\parts\kr_x_city_city_asf3.p3d:geometry
20:57:23.294 Warning Message: unable to load doorCarWreckRattle from CfgActionSounds
20:57:23.296 NETWORK      : Network simulation
20:57:23.296  Loading landscape 'chernarusplus'
20:57:23.296   WORLD        : Create entity type 'Land_power_pole_conc1_amp'
20:57:23.296    ENTITY    (E): Type 'HouseType' must be inherited from class 'PASReceiverType'
20:57:23.299 Warning: No components in dz\structures\roads\decals\decal_damage_long2.p3d:geometry
20:57:23.346 Warning: No components in dz\structures\industrial\misc\misc_pallets1.p3d:geometry
20:57:23.369 PerfWarning: Way too much components (560) in dz\structures\industrial\power\power_station.p3d:geometryFire
20:57:23.457 Warning: No components in dz\structures\furniture\lighting\fluor_lamp\fluor_lamp.p3d:geometry
20:57:23.474 Warning: No components in dz\structures\industrial\cementworks\proxy\ground_garbage_square7_fix.p3d:geometry
20:57:23.474 Warning: No components in dz\structures\industrial\cementworks\proxy\ground_garbage_long_fix.p3d:geometry
20:57:23.491 PerfWarning: Way too much components (564) in dz\structures\military\houses\mil_barracks5.p3d:geometryFire
20:57:23.537 Warning: No components in dz\structures\residential\misc\garbage_groundsq_3m.p3d:geometry
20:57:23.599 Warning: No components in dz\structures\residential\misc\garbage_pile2.p3d:geometry
20:57:23.599 Warning: No components in dz\structures\residential\misc\garbage_pile3.p3d:geometry
20:57:23.615 Unknown hit sound type in dz\data\data\penetration\weaponLift.bisurf.soundHit
20:57:23.615 Warning: No components in dz\structures\walls\wall_fen2_6.p3d:geometryView
20:57:23.664 DamageSystem Warning: Selection doors5 doesn't exists in fire geometry for entity Land_Mil_Barracks4
20:57:23.664   ENTITY       : Load entity type 'Land_Mil_Barracks5'
20:57:23.664    ENTITY    (W): Door 'DoorsTwin1' is missing geometry components for selection 'DoorsTwin1', check model+config
20:57:23.667   WORLD        : Create entity type 'Land_radio_panelpas'
20:57:23.667    ENTITY    (E): Type 'HouseType' must be inherited from class 'PASBroadcasterType'
20:57:23.668 Warning: No components in dz\structures\residential\misc\garbage_groundsq_5m.p3d:geometry
20:57:23.668 Warning: No components in dz\plants\clutter\p_heracleum.p3d:geometry
20:57:23.872 Warning: No components in dz\structures\specific\prison\proxy\prison_sidebuilding_windowsmall.p3d:geometry
20:57:23.894   ENTITY       : Load entity type 'Land_Prison_Side'
20:57:23.894    ENTITY    (W): Door 'DoorsTwin1' is missing geometry components for selection 'DoorsTwin1', check model+config
20:57:23.894    ENTITY    (W): Door 'DoorsTwin2' is missing geometry components for selection 'DoorsTwin2', check model+config
20:57:23.894    ENTITY    (W): Door 'DoorsTwin3' is missing geometry components for selection 'DoorsTwin3', check model+config
20:57:23.894    ENTITY    (W): Door 'DoorsTwin4' is missing geometry components for selection 'DoorsTwin4', check model+config
20:57:23.894    ENTITY    (W): Door 'DoorsTwin5' is missing geometry components for selection 'DoorsTwin5', check model+config
20:57:23.894    ENTITY    (W): Door 'DoorsTwin6' is missing geometry components for selection 'DoorsTwin6', check model+config
20:57:23.894    ENTITY    (W): Door 'DoorsTwin7' is missing geometry components for selection 'DoorsTwin7', check model+config
20:57:23.894    ENTITY    (W): Door 'DoorsTwin8' is missing geometry components for selection 'DoorsTwin8', check model+config
20:57:23.933 PerfWarning: Way too much components (948) in dz\structures\specific\prison\prison_wall_large.p3d:geometryFire
20:57:23.996   WORLD        : Create entity type 'Land_power_pole_wood1_amp'
20:57:23.996    ENTITY    (E): Type 'HouseType' must be inherited from class 'PASReceiverType'
20:57:24.87  Warning: No components in dz\structures\residential\misc\garbage_ground_6m.p3d:geometry
20:57:24.110   ENTITY       : Load entity type 'Land_Container_1Mo'
20:57:24.110    ENTITY    (W): Door 'DoorsTwin1' is missing geometry components for selection 'DoorsTwin1', check model+config
20:57:24.110    ENTITY    (W): Door 'DoorsTwin2' is missing geometry components for selection 'DoorsTwin2', check model+config
20:57:24.111   ENTITY       : Load entity type 'Land_Workshop3'
20:57:24.111    ENTITY    (W): Door 'DoorsTwin1' is missing geometry components for selection 'DoorsTwin1', check model+config
20:57:24.111    ENTITY    (W): Door 'DoorsTwin2' is missing geometry components for selection 'DoorsTwin2', check model+config
20:57:24.217 Warning: No components in dz\structures\furniture\lighting\light_kitchen_03\light_kitchen_03.p3d:geometry
20:57:24.217 Warning: No components in dz\structures\residential\misc\lamp_city1.p3d:geometryView
20:57:24.280 Warning: No components in dz\structures\walls\wall_fenr_pole.p3d:geometryView
20:57:24.412 DamageSystem Warning: Selection doors6 doesn't exists in fire geometry for entity Land_House_2B01
20:57:24.414   WORLD        : Create entity type 'Land_lamp_city1_amp'
20:57:24.414    ENTITY    (E): Type 'HouseType' must be inherited from class 'PASReceiverType'
20:57:24.457 Warning: No components in dz\structures\residential\misc\lamp_city1_amp.p3d:geometryView
20:57:24.480 PerfWarning: Way too much components (742) in dz\structures\residential\police\village_policestation.p3d:geometryFire
20:57:24.491 Warning: No components in dz\structures\furniture\various\carpet_2_dz.p3d:geometry
20:57:24.492   ENTITY       : Load entity type 'Land_Workshop1'
20:57:24.492    ENTITY    (W): Door 'DoorsTwin1' is missing geometry components for selection 'DoorsTwin1', check model+config
20:57:24.573 Convex "component117" selection faces are less then 4 in dz\structures\residential\houses\house_1w08.p3d:geometryView
20:57:24.573 Convex "component120" selection faces are less then 4 in dz\structures\residential\houses\house_1w08.p3d:geometryView
20:57:24.574 Warning: No components in dz\structures\residential\misc\misc_boundarystone_plastic.p3d:geometry
20:57:24.664 DamageSystem Warning: Selection doors2 doesn't exists in fire geometry for entity Land_Wall_Gate_FenG_Open
20:57:24.667 DamageSystem Warning: Selection doors3 doesn't exists in fire geometry for entity Land_Wall_Gate_FenG_Big
20:57:24.667   ENTITY       : Load entity type 'Land_Wall_Gate_FenG_Big'
20:57:24.667    ENTITY    (W): Door 'DoorsTwin1' is missing geometry components for selection 'DoorsTwin1', check model+config
20:57:24.744   ENTITY       : Load entity type 'Land_Wreck_sed01_aban1_white'
20:57:24.744    ENTITY    (W): Door 'Doors3' is missing geometry components for selection 'Doors3', check model+config
20:57:24.744   ENTITY       : Load entity type 'Land_Wreck_hb02_aban1_blue'
20:57:24.744    ENTITY    (W): Door 'Doors3' is missing geometry components for selection 'Doors3', check model+config
20:57:24.744   ENTITY       : Load entity type 'Land_House_2W03_Brown'
20:57:24.744    ENTITY    (W): Door 'DoorsTwin1' is missing geometry components for selection 'DoorsTwin1', check model+config
20:57:24.745   ENTITY       : Load entity type 'Land_House_2W03'
20:57:24.745    ENTITY    (W): Door 'DoorsTwin1' is missing geometry components for selection 'DoorsTwin1', check model+config
20:57:24.785 Warning: No components in dz\structures\signs\misc\sign_decal_pubcz3.p3d:geometry
20:57:24.803   ENTITY       : Load entity type 'Land_Wall_Gate_FenR_Big'
20:57:24.803    ENTITY    (W): Door 'DoorsTwin1' is missing geometry components for selection 'DoorsTwin1', check model+config
20:57:24.804   ENTITY       : Load entity type 'Land_Wreck_sed02_aban1_yellow'
20:57:24.804    ENTITY    (W): Door 'Doors1' is missing geometry components for selection 'Doors1', check model+config
20:57:24.804    ENTITY    (W): Door 'Doors2' is missing geometry components for selection 'Doors2', check model+config
20:57:24.804    ENTITY    (W): Door 'Doors3' is missing geometry components for selection 'Doors3', check model+config
20:57:24.954 Convex "component34" selection faces are less then 4 in dz\structures\residential\houses\house_1w11.p3d:geometry
20:57:24.965   ENTITY       : Load entity type 'Land_Wall_Gate_FenR_Big_Open'
20:57:24.965    ENTITY    (W): Door 'DoorsTwin1' is missing geometry components for selection 'DoorsTwin1', check model+config
20:57:24.995 Warning: No components in dz\plants\clutter\p_articum.p3d:geometry
20:57:24.995 Warning: No components in dz\plants\clutter\p_urtica.p3d:geometry
20:57:24.999   WORLD        : Create entity type 'Land_power_pole_wood1_lamp_amp'
20:57:24.999    ENTITY    (E): Type 'HouseType' must be inherited from class 'PASReceiverType'
20:57:25.00  Warning: No components in dz\plants\clutter\l_large_pile.p3d:geometry
20:57:25.01  Warning: No components in dz\plants\clutter\l_long_pile_a.p3d:geometry
20:57:25.01  Warning: No components in dz\plants\clutter\l_long_pile_b.p3d:geometry
20:57:25.01  Warning: No components in dz\plants\clutter\l_plane.p3d:geometry
20:57:25.01  Warning: No components in dz\plants\clutter\l_plane_long.p3d:geometry
20:57:25.53  PerfWarning: Way too much components (534) in dz\structures\specific\churches\church2_2.p3d:geometryFire
20:57:25.83  Warn: Shape '???' contains water texture however it does not carry a property "class=pond". Consider creating one to speed up the detection!
20:57:25.83    ENTITY       : Load entity type 'Land_Church2_2'
20:57:25.84     ENTITY    (W): Door 'DoorsTwin1' is missing geometry components for selection 'DoorsTwin1', check model+config
20:57:25.181 Warning: No components in dz\structures\residential\misc\misc_boundarystone.p3d:geometry
20:57:25.228 Warning: No components in dz\structures\wrecks\vehicles\wreck_decal_small1.p3d:geometry
20:57:25.231   ENTITY       : Load entity type 'Land_Wreck_sed01_aban2_wine'
20:57:25.231    ENTITY    (W): Door 'Doors3' is missing geometry components for selection 'Doors3', check model+config
20:57:25.266 Warning: No components in dz\structures\residential\misc\misc_carousel_small.p3d:geometryView
20:57:25.267 Warning: No components in dz\structures\residential\misc\misc_sandbox.p3d:geometry
20:57:25.267 Warning: No components in dz\structures\residential\misc\misc_seesaw.p3d:geometryFire
20:57:25.267 Warning: No components in dz\structures\residential\misc\misc_seesaw.p3d:geometryView
20:57:25.311 PerfWarning: Way too much components (647) in dz\structures\residential\tenements\tenement_small.p3d:geometryFire
20:57:25.359   ENTITY       : Load entity type 'Land_Wreck_sed01_aban2_white'
20:57:25.359    ENTITY    (W): Door 'Doors3' is missing geometry components for selection 'Doors3', check model+config
20:57:25.361   ENTITY       : Load entity type 'Land_Tenement_Small'
20:57:25.361    ENTITY    (W): Unknown object class 'thing' (dz\structures\furniture\eletrical_appliances\washing_machine\washing_machine.p3d)
20:57:25.361    ENTITY    (W): Unknown object class 'thing' (dz\structures\furniture\eletrical_appliances\washing_machine\washing_machine.p3d)
20:57:25.361    ENTITY    (W): Unknown object class 'thing' (dz\structures\furniture\eletrical_appliances\washing_machine\washing_machine.p3d)
20:57:25.361    ENTITY    (W): Unknown object class 'thing' (dz\structures\furniture\eletrical_appliances\washing_machine\washing_machine.p3d)
20:57:25.361    ENTITY    (W): Unknown object class 'thing' (dz\structures\furniture\eletrical_appliances\washing_machine\washing_machine.p3d)
20:57:25.361    ENTITY    (W): Unknown object class 'thing' (dz\structures\furniture\eletrical_appliances\washing_machine\washing_machine.p3d)
20:57:25.362    ENTITY    (W): Unknown object class 'thing' (dz\structures\furniture\eletrical_appliances\washing_machine\washing_machine.p3d)
20:57:25.446 PerfWarning: Way too much components (642) in dz\structures\residential\tenements\tenement_big.p3d:geometryFire
20:57:25.466 Warning: No components in dz\structures\residential\tenements\proxy\tb_big_ladders.p3d:geometryView
20:57:25.482 Warning: No components in dz\structures\residential\tenements\proxy\balcony_rail.p3d:geometry
20:57:25.482 Warning: No components in dz\structures\residential\tenements\proxy\balcony_rail.p3d:geometryView
20:57:25.498 Warning: No components in dz\structures\residential\tenements\proxy\tb_big_doorsframe_extract.p3d:geometry
20:57:25.521 Warning: No components in dz\structures\residential\tenements\proxy\tenement_big_win_single.p3d:geometryView
20:57:25.522 Warning: No components in dz\structures\residential\tenements\proxy\tenement_big_win.p3d:geometryView
20:57:25.526   ENTITY       : Load entity type 'Land_Tenement_Big'
20:57:25.526    ENTITY    (W): Unknown object class 'thing' (dz\structures\furniture\eletrical_appliances\washing_machine\washing_machine.p3d)
20:57:25.526    ENTITY    (W): Unknown object class 'thing' (dz\structures\furniture\eletrical_appliances\washing_machine\washing_machine.p3d)
20:57:25.527    ENTITY    (W): Unknown object class 'thing' (dz\structures\furniture\eletrical_appliances\washing_machine\washing_machine.p3d)
20:57:25.527    ENTITY    (W): Unknown object class 'thing' (dz\structures\furniture\eletrical_appliances\washing_machine\washing_machine.p3d)
20:57:25.527    ENTITY    (W): Unknown object class 'thing' (dz\structures\furniture\eletrical_appliances\washing_machine\washing_machine.p3d)
20:57:25.527    ENTITY    (W): Unknown object class 'thing' (dz\structures\furniture\eletrical_appliances\washing_machine\washing_machine.p3d)
20:57:25.528    ENTITY    (W): Unknown object class 'thing' (dz\structures\furniture\eletrical_appliances\washing_machine\washing_machine.p3d)
20:57:25.528    ENTITY    (W): Unknown object class 'thing' (dz\structures\furniture\eletrical_appliances\washing_machine\washing_machine.p3d)
20:57:25.528    ENTITY    (W): Unknown object class 'thing' (dz\structures\furniture\eletrical_appliances\washing_machine\washing_machine.p3d)
20:57:25.532 Warning: No components in dz\structures\residential\misc\misc_boundarystone_tube.p3d:geometry
20:57:25.545 Warning: No components in dz\structures\ruins\rubble_glass.p3d:geometry
20:57:25.568 Warning: No components in dz\structures\walls\wall_railing_2_slope.p3d:geometryView
20:57:25.569 Warning: No components in dz\structures\walls\wall_railing_endl.p3d:geometryView
20:57:25.569 Warning: No components in dz\structures\walls\wall_railing_endr.p3d:geometryView
20:57:25.630 Warning: No components in dz\structures\residential\misc\lamp_city3.p3d:geometryView
20:57:25.649 Warning: No components in dz\structures\walls\wall_railing_2.p3d:geometryView
20:57:25.654   ENTITY       : Load entity type 'Land_City_Store'
20:57:25.654    ENTITY    (W): Door 'DoorsTwin1' is missing geometry components for selection 'DoorsTwin1', check model+config
20:57:25.654    ENTITY    (W): Door 'DoorsTwin2' is missing geometry components for selection 'DoorsTwin2', check model+config
20:57:25.654    ENTITY    (W): Door 'DoorsTwin3' is missing geometry components for selection 'DoorsTwin3', check model+config
20:57:25.654    ENTITY    (W): Door 'DoorsTwin4' is missing geometry components for selection 'DoorsTwin4', check model+config
20:57:25.654    ENTITY    (W): Door 'DoorsTwin5' is missing geometry components for selection 'DoorsTwin5', check model+config
20:57:25.655   ENTITY       : Load entity type 'Land_Wreck_sed01_aban2_black'
20:57:25.655    ENTITY    (W): Door 'Doors3' is missing geometry components for selection 'Doors3', check model+config
20:57:25.657 Warning: No components in dz\structures\walls\wall_woodf_5_2.p3d:geometryView
20:57:25.780   ENTITY       : Load entity type 'Land_Wreck_sed01_aban1_black'
20:57:25.780    ENTITY    (W): Door 'Doors3' is missing geometry components for selection 'Doors3', check model+config
20:57:25.780   ENTITY       : Load entity type 'Land_Wreck_sed02_aban1_red'
20:57:25.780    ENTITY    (W): Door 'Doors1' is missing geometry components for selection 'Doors1', check model+config
20:57:25.780    ENTITY    (W): Door 'Doors2' is missing geometry components for selection 'Doors2', check model+config
20:57:25.780    ENTITY    (W): Door 'Doors3' is missing geometry components for selection 'Doors3', check model+config
20:57:25.877 Warning: No components in dz\structures\roads\decals\decal_crosswalk.p3d:geometry
20:57:25.945 PerfWarning: Way too much components (777) in dz\structures\residential\schools\city_school.p3d:geometryFire
20:57:25.952 Warning: No components in dz\structures\proxy_buildingparts\lightningcond\lightningconductormiddle\lightningconductormiddle.p3d:geometryFire
20:57:25.952 Warning: No components in dz\structures\proxy_buildingparts\lightningcond\lightningconductormiddle\lightningconductormiddle.p3d:geometryView
20:57:25.952 Warning: No components in dz\structures\proxy_buildingparts\lightningcond\lightningconductorcorner\lightningconductorcorner.p3d:geometryFire
20:57:25.952 Warning: No components in dz\structures\proxy_buildingparts\lightningcond\lightningconductorcorner\lightningconductorcorner.p3d:geometryView
20:57:25.952 Warning: No components in dz\structures\proxy_buildingparts\lightningcond\lightningconductorbottom\lightningconductorbottom.p3d:geometryView
20:57:25.953 Warning: No components in dz\structures\proxy_buildingparts\lightningcond\lightningconductorconnection\lightningconductorconnection.p3d:geometryFire
20:57:25.953 Warning: No components in dz\structures\proxy_buildingparts\lightningcond\lightningconductorconnection\lightningconductorconnection.p3d:geometryView
20:57:25.958 Warning: No components in dz\structures\furniture\school_equipment\wall_hanger.p3d:geometry
20:57:25.960 Warning: No components in dz\structures\furniture\school_equipment\tac_board_posters_level1.p3d:geometry
20:57:25.960 Warning: No components in dz\structures\furniture\school_equipment\flag_chernarus_wall.p3d:geometry
20:57:25.961 Warning: No components in dz\structures\furniture\school_equipment\tac_board.p3d:geometry
20:57:25.961 Warning: No components in dz\structures\furniture\school_equipment\yellow_star.p3d:geometry
20:57:25.962 Warning: No components in dz\structures\furniture\school_equipment\anatomy_poster_2.p3d:geometry
20:57:25.969 PerfWarning: Way too much components (1187) in dz\structures\residential\schools\proxy\school_exterior_proxy.p3d:geometryFire
20:57:25.969 Warning: No components in dz\structures\furniture\school_equipment\school_ringbell.p3d:geometry
20:57:25.970 Warning: No components in dz\structures\furniture\school_equipment\intercom_speaker.p3d:geometry
20:57:25.970 Warning: No components in dz\structures\furniture\school_equipment\periodic_table.p3d:geometry
20:57:25.970 Warning: No components in dz\structures\furniture\school_equipment\tac_board_posters_level2.p3d:geometry
20:57:25.970 Warning: No components in dz\structures\furniture\school_equipment\anatomy_poster_1.p3d:geometry
20:57:25.973 Warning: No components in dz\structures\residential\schools\proxy\school_details.p3d:geometry
20:57:25.973 Warning: No components in dz\structures\residential\schools\proxy\school_details.p3d:geometryView
20:57:25.973 Warning: No components in dz\structures\wrecks\vehicles\wreck_decal_big.p3d:geometry
20:57:25.976 Warning: No components in dz\structures\residential\schools\proxy\school_interior.p3d:geometry
20:57:25.983   ENTITY       : Load entity type 'Land_Wreck_hb01_aban1_blue'
20:57:25.983    ENTITY    (W): Door 'Doors1' is missing geometry components for selection 'Doors1', check model+config
20:57:25.983    ENTITY    (W): Door 'Doors2' is missing geometry components for selection 'Doors2', check model+config
20:57:25.983   ENTITY       : Load entity type 'Land_City_School'
20:57:25.983    ENTITY    (W): Door 'DoorsTwin1' is missing geometry components for selection 'DoorsTwin1', check model+config
20:57:25.983    ENTITY    (W): Door 'DoorsTwin3' is missing geometry components for selection 'DoorsTwin3', check model+config
20:57:25.983    ENTITY    (W): Door 'DoorsTwin4' is missing geometry components for selection 'DoorsTwin4', check model+config
20:57:25.984    ENTITY    (W): Door 'DoorsTwin5' is missing geometry components for selection 'DoorsTwin5', check model+config
20:57:25.984    ENTITY    (W): Door 'DoorsTwin6' is missing geometry components for selection 'DoorsTwin6', check model+config
20:57:25.984    ENTITY    (W): Door 'DoorsTwin7' is missing geometry components for selection 'DoorsTwin7', check model+config
20:57:25.987    ENTITY    (W): Unknown object class 'thing' (dz\structures\proxy_buildingparts\lightningcond\lightningconductormiddle\lightningconductormiddle.p3d)
20:57:25.987    ENTITY    (W): Unknown object class 'thing' (dz\structures\proxy_buildingparts\lightningcond\lightningconductormiddle\lightningconductormiddle.p3d)
20:57:25.987    ENTITY    (W): Unknown object class 'thing' (dz\structures\proxy_buildingparts\lightningcond\lightningconductormiddle\lightningconductormiddle.p3d)
20:57:25.987    ENTITY    (W): Unknown object class 'thing' (dz\structures\proxy_buildingparts\lightningcond\lightningconductormiddle\lightningconductormiddle.p3d)
20:57:25.987    ENTITY    (W): Unknown object class 'thing' (dz\structures\proxy_buildingparts\lightningcond\lightningconductormiddle\lightningconductormiddle.p3d)
20:57:25.987    ENTITY    (W): Unknown object class 'thing' (dz\structures\proxy_buildingparts\lightningcond\lightningconductormiddle\lightningconductormiddle.p3d)
20:57:25.987    ENTITY    (W): Unknown object class 'thing' (dz\structures\proxy_buildingparts\lightningcond\lightningconductormiddle\lightningconductormiddle.p3d)
20:57:25.987    ENTITY    (W): Unknown object class 'thing' (dz\structures\proxy_buildingparts\lightningcond\lightningconductormiddle\lightningconductormiddle.p3d)
20:57:25.987    ENTITY    (W): Unknown object class 'thing' (dz\structures\proxy_buildingparts\lightningcond\lightningconductormiddle\lightningconductormiddle.p3d)
20:57:25.987    ENTITY    (W): Unknown object class 'thing' (dz\structures\proxy_buildingparts\lightningcond\lightningconductormiddle\lightningconductormiddle.p3d)
20:57:25.987    ENTITY    (W): Unknown object class 'thing' (dz\structures\proxy_buildingparts\lightningcond\lightningconductormiddle\lightningconductormiddle.p3d)
20:57:25.987    ENTITY    (W): Unknown object class 'thing' (dz\structures\proxy_buildingparts\lightningcond\lightningconductormiddle\lightningconductormiddle.p3d)
20:57:25.987    ENTITY    (W): Unknown object class 'thing' (dz\structures\proxy_buildingparts\lightningcond\lightningconductormiddle\lightningconductormiddle.p3d)
20:57:25.987    ENTITY    (W): Unknown object class 'thing' (dz\structures\proxy_buildingparts\lightningcond\lightningconductormiddle\lightningconductormiddle.p3d)
20:57:25.987    ENTITY    (W): Unknown object class 'thing' (dz\structures\proxy_buildingparts\lightningcond\lightningconductormiddle\lightningconductormiddle.p3d)
20:57:25.987    ENTITY    (W): Unknown object class 'thing' (dz\structures\proxy_buildingparts\lightningcond\lightningconductormiddle\lightningconductormiddle.p3d)
20:57:25.987    ENTITY    (W): Unknown object class 'thing' (dz\structures\proxy_buildingparts\lightningcond\lightningconductormiddle\lightningconductormiddle.p3d)
20:57:25.987    ENTITY    (W): Unknown object class 'thing' (dz\structures\proxy_buildingparts\lightningcond\lightningconductormiddle\lightningconductormiddle.p3d)
20:57:25.987    ENTITY    (W): Unknown object class 'thing' (dz\structures\proxy_buildingparts\lightningcond\lightningconductormiddle\lightningconductormiddle.p3d)
20:57:25.987    ENTITY    (W): Unknown object class 'thing' (dz\structures\proxy_buildingparts\lightningcond\lightningconductormiddle\lightningconductormiddle.p3d)
20:57:25.987    ENTITY    (W): Unknown object class 'thing' (dz\structures\proxy_buildingparts\lightningcond\lightningconductormiddle\lightningconductormiddle.p3d)
20:57:25.987    ENTITY    (W): Unknown object class 'thing' (dz\structures\proxy_buildingparts\lightningcond\lightningconductormiddle\lightningconductormiddle.p3d)
20:57:25.987    ENTITY    (W): Unknown object class 'thing' (dz\structures\proxy_buildingparts\lightningcond\lightningconductormiddle\lightningconductormiddle.p3d)
20:57:25.987    ENTITY    (W): Unknown object class 'thing' (dz\structures\proxy_buildingparts\lightningcond\lightningconductormiddle\lightningconductormiddle.p3d)
20:57:25.987    ENTITY    (W): Unknown object class 'thing' (dz\structures\proxy_buildingparts\lightningcond\lightningconductormiddle\lightningconductormiddle.p3d)
20:57:25.987    ENTITY    (W): Unknown object class 'thing' (dz\structures\proxy_buildingparts\lightningcond\lightningconductormiddle\lightningconductormiddle.p3d)
20:57:25.987    ENTITY    (W): Unknown object class 'thing' (dz\structures\proxy_buildingparts\lightningcond\lightningconductormiddle\lightningconductormiddle.p3d)
20:57:25.987    ENTITY    (W): Unknown object class 'thing' (dz\structures\proxy_buildingparts\lightningcond\lightningconductormiddle\lightningconductormiddle.p3d)
20:57:25.987    ENTITY    (W): Unknown object class 'thing' (dz\structures\proxy_buildingparts\lightningcond\lightningconductormiddle\lightningconductormiddle.p3d)
20:57:25.987    ENTITY    (W): Unknown object class 'thing' (dz\structures\proxy_buildingparts\lightningcond\lightningconductormiddle\lightningconductormiddle.p3d)
20:57:25.988    ENTITY    (W): Unknown object class 'thing' (dz\structures\proxy_buildingparts\lightningcond\lightningconductormiddle\lightningconductormiddle.p3d)
20:57:25.988    ENTITY    (W): Unknown object class 'thing' (dz\structures\proxy_buildingparts\lightningcond\lightningconductormiddle\lightningconductormiddle.p3d)
20:57:25.988    ENTITY    (W): Unknown object class 'thing' (dz\structures\proxy_buildingparts\lightningcond\lightningconductormiddle\lightningconductormiddle.p3d)
20:57:25.988    ENTITY    (W): Unknown object class 'thing' (dz\structures\proxy_buildingparts\lightningcond\lightningconductormiddle\lightningconductormiddle.p3d)
20:57:25.988    ENTITY    (W): Unknown object class 'thing' (dz\structures\proxy_buildingparts\lightningcond\lightningconductormiddle\lightningconductormiddle.p3d)
20:57:25.988    ENTITY    (W): Unknown object class 'thing' (dz\structures\proxy_buildingparts\lightningcond\lightningconductormiddle\lightningconductormiddle.p3d)
20:57:25.988    ENTITY    (W): Unknown object class 'thing' (dz\structures\proxy_buildingparts\lightningcond\lightningconductormiddle\lightningconductormiddle.p3d)
20:57:25.988    ENTITY    (W): Unknown object class 'thing' (dz\structures\proxy_buildingparts\lightningcond\lightningconductormiddle\lightningconductormiddle.p3d)
20:57:25.988    ENTITY    (W): Unknown object class 'thing' (dz\structures\proxy_buildingparts\lightningcond\lightningconductormiddle\lightningconductormiddle.p3d)
20:57:25.988    ENTITY    (W): Unknown object class 'thing' (dz\structures\proxy_buildingparts\lightningcond\lightningconductormiddle\lightningconductormiddle.p3d)
20:57:25.988    ENTITY    (W): Unknown object class 'thing' (dz\structures\proxy_buildingparts\lightningcond\lightningconductormiddle\lightningconductormiddle.p3d)
20:57:25.988    ENTITY    (W): Unknown object class 'thing' (dz\structures\proxy_buildingparts\lightningcond\lightningconductormiddle\lightningconductormiddle.p3d)
20:57:25.988    ENTITY    (W): Unknown object class 'thing' (dz\structures\proxy_buildingparts\lightningcond\lightningconductormiddle\lightningconductormiddle.p3d)
20:57:25.988    ENTITY    (W): Unknown object class 'thing' (dz\structures\proxy_buildingparts\lightningcond\lightningconductormiddle\lightningconductormiddle.p3d)
20:57:25.988    ENTITY    (W): Unknown object class 'thing' (dz\structures\proxy_buildingparts\lightningcond\lightningconductormiddle\lightningconductormiddle.p3d)
20:57:25.988    ENTITY    (W): Unknown object class 'thing' (dz\structures\proxy_buildingparts\lightningcond\lightningconductormiddle\lightningconductormiddle.p3d)
20:57:25.988    ENTITY    (W): Unknown object class 'thing' (dz\structures\proxy_buildingparts\lightningcond\lightningconductormiddle\lightningconductormiddle.p3d)
20:57:25.988    ENTITY    (W): Unknown object class 'thing' (dz\structures\proxy_buildingparts\lightningcond\lightningconductormiddle\lightningconductormiddle.p3d)
20:57:25.988    ENTITY    (W): Unknown object class 'thing' (dz\structures\proxy_buildingparts\lightningcond\lightningconductormiddle\lightningconductormiddle.p3d)
20:57:25.988    ENTITY    (W): Unknown object class 'thing' (dz\structures\proxy_buildingparts\lightningcond\lightningconductormiddle\lightningconductormiddle.p3d)
20:57:25.988    ENTITY    (W): Unknown object class 'thing' (dz\structures\proxy_buildingparts\lightningcond\lightningconductormiddle\lightningconductormiddle.p3d)
20:57:26.55  Warning: No components in dz\structures\roads\sidewalks\sidewalk3_wide_corner.p3d:geometry
20:57:26.163   ENTITY       : Load entity type 'Land_Garage_Row_Small'
20:57:26.164    ENTITY    (W): Door 'DoorsTwin1' is missing geometry components for selection 'DoorsTwin1', check model+config
20:57:26.164    ENTITY    (W): Door 'DoorsTwin2' is missing geometry components for selection 'DoorsTwin2', check model+config
20:57:26.164    ENTITY    (W): Door 'DoorsTwin3' is missing geometry components for selection 'DoorsTwin3', check model+config
20:57:26.432   ENTITY       : Load entity type 'Land_Wreck_sed02_aban1_grey'
20:57:26.432    ENTITY    (W): Door 'Doors1' is missing geometry components for selection 'Doors1', check model+config
20:57:26.432    ENTITY    (W): Door 'Doors2' is missing geometry components for selection 'Doors2', check model+config
20:57:26.432    ENTITY    (W): Door 'Doors3' is missing geometry components for selection 'Doors3', check model+config
20:57:26.437   ENTITY       : Load entity type 'Land_Wreck_hb01_aban1_white'
20:57:26.437    ENTITY    (W): Door 'Doors1' is missing geometry components for selection 'Doors1', check model+config
20:57:26.437    ENTITY    (W): Door 'Doors2' is missing geometry components for selection 'Doors2', check model+config
20:57:26.601 Warning: No components in dz\structures\residential\misc\lamp_city2.p3d:geometryView
20:57:26.603 Warning: No components in dz\structures\furniture\various\vise.p3d:geometry
20:57:26.603 Warning: No components in dz\structures\roads\sidewalks\sidewalk3_narrow_4m.p3d:geometry
20:57:26.618 Warning: No components in dz\structures\wrecks\vehicles\wreck_decal_small2.p3d:geometry
20:57:26.620   ENTITY       : Load entity type 'Land_Wreck_hb02_aban1_red'
20:57:26.620    ENTITY    (W): Door 'Doors3' is missing geometry components for selection 'Doors3', check model+config
20:57:26.636 Warning: No components in dz\structures\walls\wall_woodf_5.p3d:geometryView
20:57:26.636 Warning: No components in dz\structures\walls\wall_woodf_5_end.p3d:geometryView
20:57:26.640 Warning: No components in dz\structures\residential\misc\misc_haystack.p3d:geometryFire
20:57:26.640 Warning: No components in dz\structures\residential\misc\misc_haystack.p3d:geometryView
20:57:26.689 Warning: No components in dz\structures\roads\decals\decal_manhole.p3d:geometry
20:57:26.740   ENTITY       : Load entity type 'Land_Wreck_hb01_aban2_green'
20:57:26.741    ENTITY    (W): Door 'Doors1' is missing geometry components for selection 'Doors1', check model+config
20:57:26.741    ENTITY    (W): Door 'Doors2' is missing geometry components for selection 'Doors2', check model+config
20:57:26.787 Warning: No components in dz\structures_bliss\ruins\proxy\carpet_big_dirty2.p3d:geometry
20:57:26.787 Warning: No components in dz\structures_bliss\ruins\proxy\carpet_big_dirty2.p3d:geometryView
20:57:26.791 Warning: No components in dz\structures\roads\decals\decal_manhole3.p3d:geometry
20:57:26.854 DamageSystem Warning: Selection doors5 doesn't exists in fire geometry for entity Land_HouseBlock_1F4
20:57:26.854   ENTITY       : Load entity type 'Land_HouseBlock_1F4'
20:57:26.854    ENTITY    (W): Door 'DoorsTwin1' is missing geometry components for selection 'DoorsTwin1', check model+config
20:57:26.855 DamageSystem Warning: Selection doors6 doesn't exists in fire geometry for entity Land_HouseBlock_2F8
20:57:26.855   ENTITY       : Load entity type 'Land_HouseBlock_2F8'
20:57:26.855    ENTITY    (W): Door 'DoorsTwin1' is missing geometry components for selection 'DoorsTwin1', check model+config
20:57:26.856   ENTITY       : Load entity type 'Land_HouseBlock_2F_Corner'
20:57:26.856    ENTITY    (W): Door 'DoorsTwin1' is missing geometry components for selection 'DoorsTwin1', check model+config
20:57:26.856    ENTITY    (W): Door 'DoorsTwin2' is missing geometry components for selection 'DoorsTwin2', check model+config
20:57:26.863 Convex "component81" selection faces are less then 4 in dz\structures\residential\houses\house_2w02.p3d:geometryView
20:57:26.865 Warning: No components in dz\structures\furniture\decoration\carpet_big\carpet_big.p3d:geometry
20:57:26.866   ENTITY       : Load entity type 'Land_House_2W02'
20:57:26.866    ENTITY    (W): Door 'DoorsTwin1' is missing geometry components for selection 'DoorsTwin1', check model+config
20:57:26.872 Convex "component69" selection faces are less then 4 in dz\structures\residential\houseblocks\houseblock_2f1.p3d:geometryView
20:57:26.872 Convex "component84" selection faces are less then 4 in dz\structures\residential\houseblocks\houseblock_2f1.p3d:geometryView
20:57:26.875 Warning: No components in dz\structures\furniture\various\sawhorse_dz.p3d:geometryView
20:57:26.876 Warning: No components in dz\structures\furniture\various\boots_dz.p3d:geometry
20:57:26.878 DamageSystem Warning: Selection doors8 doesn't exists in fire geometry for entity Land_HouseBlock_2F1
20:57:26.878   ENTITY       : Load entity type 'Land_HouseBlock_2F1'
20:57:26.879    ENTITY    (W): Door 'DoorsTwin1' is missing geometry components for selection 'DoorsTwin1', check model+config
20:57:26.879    ENTITY    (W): Door 'DoorsTwin2' is missing geometry components for selection 'DoorsTwin2', check model+config
20:57:26.880   ENTITY       : Load entity type 'Land_HouseBlock_2F2'
20:57:26.880    ENTITY    (W): Door 'DoorsTwin1' is missing geometry components for selection 'DoorsTwin1', check model+config
20:57:26.880    ENTITY    (W): Door 'DoorsTwin2' is missing geometry components for selection 'DoorsTwin2', check model+config
20:57:26.880    ENTITY    (W): Unknown object class 'thing' (dz\structures\furniture\eletrical_appliances\washing_machine\washing_machine.p3d)
20:57:26.881    ENTITY    (W): Unknown object class 'thing' (dz\structures\furniture\eletrical_appliances\washing_machine\washing_machine.p3d)
20:57:26.881    ENTITY    (W): Unknown object class 'thing' (dz\structures\furniture\eletrical_appliances\washing_machine\washing_machine.p3d)
20:57:26.908 Warning: No components in dz\structures\furniture\various\dirtpile_small_house.p3d:geometry
20:57:26.908 Warning: No components in dz\structures\furniture\various\dirtpile_small_house.p3d:geometryView
20:57:26.909   ENTITY       : Load entity type 'Land_Garage_Small'
20:57:26.909    ENTITY    (W): Door 'DoorsTwin1' is missing geometry components for selection 'DoorsTwin1', check model+config
20:57:26.910 DamageSystem Warning: Selection doors8 doesn't exists in fire geometry for entity Land_HouseBlock_1F1
20:57:26.910   ENTITY       : Load entity type 'Land_HouseBlock_1F1'
20:57:26.910    ENTITY    (W): Unknown object class 'thing' (dz\structures\furniture\eletrical_appliances\washing_machine\washing_machine.p3d)
20:57:26.911    ENTITY    (W): Unknown object class 'thing' (dz\structures\furniture\eletrical_appliances\washing_machine\washing_machine.p3d)
20:57:26.911    ENTITY    (W): Unknown object class 'thing' (dz\structures\furniture\eletrical_appliances\washing_machine\washing_machine.p3d)
20:57:26.912   ENTITY       : Load entity type 'Land_House_2W04_Yellow'
20:57:26.912    ENTITY    (W): Door 'DoorsTwin1' is missing geometry components for selection 'DoorsTwin1', check model+config
20:57:26.924   ENTITY       : Load entity type 'Land_Church3'
20:57:26.924    ENTITY    (W): Door 'DoorsTwin1' is missing geometry components for selection 'DoorsTwin1', check model+config
20:57:26.926 Warning: No components in dz\structures\roads\decals\decal_damage_long1.p3d:geometry
20:57:26.926 Warning: No components in dz\structures\ruins\rubble_bricks1.p3d:geometry
20:57:27.06  Warning: No components in dz\structures\specific\hotel\proxy\houseb_tenement_dayz_proxy.p3d:geometry
20:57:27.145   ENTITY       : Load entity type 'Land_HouseBlock_3F_Corner1'
20:57:27.145    ENTITY    (W): Door 'DoorsTwin1' is missing geometry components for selection 'DoorsTwin1', check model+config
20:57:27.145    ENTITY    (W): Door 'DoorsTwin2' is missing geometry components for selection 'DoorsTwin2', check model+config
20:57:27.146    ENTITY    (W): Unknown object class 'thing' (dz\structures\furniture\eletrical_appliances\washing_machine\washing_machine.p3d)
20:57:27.146    ENTITY    (W): Unknown object class 'thing' (dz\structures\furniture\eletrical_appliances\washing_machine\washing_machine.p3d)
20:57:27.147    ENTITY    (W): Unknown object class 'thing' (dz\structures\furniture\eletrical_appliances\washing_machine\washing_machine.p3d)
20:57:27.147 DamageSystem Warning: Selection doors7 doesn't exists in fire geometry for entity Land_HouseBlock_3F2
20:57:27.148   ENTITY       : Load entity type 'Land_HouseBlock_3F2'
20:57:27.148    ENTITY    (W): Door 'DoorsTwin1' is missing geometry components for selection 'DoorsTwin1', check model+config
20:57:27.148    ENTITY    (W): Door 'DoorsTwin2' is missing geometry components for selection 'DoorsTwin2', check model+config
20:57:27.186   ENTITY       : Load entity type 'Land_Wreck_hb02_aban1_black'
20:57:27.186    ENTITY    (W): Door 'Doors3' is missing geometry components for selection 'Doors3', check model+config
20:57:27.187   ENTITY       : Load entity type 'Land_HouseBlock_2F6'
20:57:27.187    ENTITY    (W): Door 'DoorsTwin1' is missing geometry components for selection 'DoorsTwin1', check model+config
20:57:27.208   ENTITY       : Load entity type 'Land_Wreck_sed01_aban1_wine'
20:57:27.208    ENTITY    (W): Door 'Doors3' is missing geometry components for selection 'Doors3', check model+config
20:57:27.224   ENTITY       : Load entity type 'Land_Workshop4'
20:57:27.224    ENTITY    (W): Door 'DoorsTwin1' is missing geometry components for selection 'DoorsTwin1', check model+config
20:57:27.228   ENTITY       : Load entity type 'Land_Workshop2'
20:57:27.229    ENTITY    (W): Door 'DoorsTwin1' is missing geometry components for selection 'DoorsTwin1', check model+config
20:57:27.266   WORLD        : Create entity type 'Land_power_pole_conc4_lamp_amp'
20:57:27.266    ENTITY    (E): Type 'HouseType' must be inherited from class 'PASReceiverType'
20:57:27.276   ENTITY       : Load entity type 'Land_Wreck_sed02_aban2_red'
20:57:27.276    ENTITY    (W): Door 'Doors1' is missing geometry components for selection 'Doors1', check model+config
20:57:27.276    ENTITY    (W): Door 'Doors2' is missing geometry components for selection 'Doors2', check model+config
20:57:27.276    ENTITY    (W): Door 'Doors3' is missing geometry components for selection 'Doors3', check model+config
20:57:27.287 DamageSystem Warning: Selection doors5 doesn't exists in fire geometry for entity Land_HouseBlock_1F3
20:57:27.287   ENTITY       : Load entity type 'Land_HouseBlock_1F3'
20:57:27.287    ENTITY    (W): Door 'DoorsTwin1' is missing geometry components for selection 'DoorsTwin1', check model+config
20:57:27.352   ENTITY       : Load entity type 'Land_HouseBlock_2F4'
20:57:27.352    ENTITY    (W): Door 'DoorsTwin1' is missing geometry components for selection 'DoorsTwin1', check model+config
20:57:27.357 Warning: No components in dz\structures\residential\misc\misc_trafficlights.p3d:geometryView
20:57:27.364 Warn: Shape '???' contains water texture however it does not carry a property "class=pond". Consider creating one to speed up the detection!
20:57:27.364 Warn: Shape '???' contains water texture however it does not carry a property "class=pond". Consider creating one to speed up the detection!
20:57:27.365 DamageSystem Warning: Selection doors6 doesn't exists in fire geometry for entity Land_HouseBlock_2F9
20:57:27.365   ENTITY       : Load entity type 'Land_HouseBlock_2F9'
20:57:27.365    ENTITY    (W): Door 'DoorsTwin1' is missing geometry components for selection 'DoorsTwin1', check model+config
20:57:27.387 PerfWarning: Way too much components (804) in dz\structures\residential\offices\office_municipal1.p3d:geometryFire
20:57:27.389   ENTITY       : Load entity type 'Land_Wreck_sed02_aban2_yellow'
20:57:27.389    ENTITY    (W): Door 'Doors1' is missing geometry components for selection 'Doors1', check model+config
20:57:27.389    ENTITY    (W): Door 'Doors2' is missing geometry components for selection 'Doors2', check model+config
20:57:27.389    ENTITY    (W): Door 'Doors3' is missing geometry components for selection 'Doors3', check model+config
20:57:27.461   ENTITY       : Load entity type 'Land_Wreck_hb01_aban2_blue'
20:57:27.461    ENTITY    (W): Door 'Doors1' is missing geometry components for selection 'Doors1', check model+config
20:57:27.461    ENTITY    (W): Door 'Doors2' is missing geometry components for selection 'Doors2', check model+config
20:57:27.462   ENTITY       : Load entity type 'Land_Rail_Station_Big'
20:57:27.462    ENTITY    (W): Door 'DoorsTwin1' is missing geometry components for selection 'DoorsTwin1', check model+config
20:57:27.465 Warning: No components in dz\structures\industrial\misc\lamp_ind.p3d:geometryView
20:57:27.479 Warning: No components in dz\structures\military\misc\misc_obstacle_runaround.p3d:geometryView
20:57:27.489 PerfWarning: Way too much components (804) in dz\structures\residential\police\city_policestation.p3d:geometryFire
20:57:27.515   ENTITY       : Load entity type 'Land_Wall_Gate_FenG_Big_Open'
20:57:27.515    ENTITY    (W): Door 'DoorsTwin1' is missing geometry components for selection 'DoorsTwin1', check model+config
20:57:27.519   ENTITY       : Load entity type 'Land_City_PoliceStation'
20:57:27.519    ENTITY    (W): Door 'DoorsTwin1' is missing geometry components for selection 'DoorsTwin1', check model+config
20:57:27.519    ENTITY    (W): Door 'DoorsTwin2' is missing geometry components for selection 'DoorsTwin2', check model+config
20:57:27.519    ENTITY    (W): Door 'DoorsTwin3' is missing geometry components for selection 'DoorsTwin3', check model+config
20:57:27.561 Warning: No components in dz\structures\residential\misc\misc_football_gate.p3d:geometryView
20:57:27.561 SW keep height animation used for dz\structures\residential\misc\misc_football_line.p3d
20:57:27.561 Warning: No components in dz\structures\residential\misc\misc_football_line.p3d:geometry
20:57:27.561 Warning: No components in dz\structures\residential\misc\misc_football_line_corner.p3d:geometry
20:57:27.561 SW keep height animation used for dz\structures\residential\misc\misc_football_line_hcircle.p3d
20:57:27.561 Warning: No components in dz\structures\residential\misc\misc_football_line_hcircle.p3d:geometry
20:57:27.583   ENTITY       : Load entity type 'Land_Wreck_sed02_aban2_grey'
20:57:27.583    ENTITY    (W): Door 'Doors1' is missing geometry components for selection 'Doors1', check model+config
20:57:27.583    ENTITY    (W): Door 'Doors2' is missing geometry components for selection 'Doors2', check model+config
20:57:27.583    ENTITY    (W): Door 'Doors3' is missing geometry components for selection 'Doors3', check model+config
20:57:27.585 Warning Message: unable to load doorCarSmallRattle from CfgActionSounds
20:57:27.590   ENTITY       : Load entity type 'Land_Garage_Row_Big'
20:57:27.590    ENTITY    (W): Door 'DoorsTwin1' is missing geometry components for selection 'DoorsTwin1', check model+config
20:57:27.590    ENTITY    (W): Door 'DoorsTwin2' is missing geometry components for selection 'DoorsTwin2', check model+config
20:57:27.590    ENTITY    (W): Door 'DoorsTwin3' is missing geometry components for selection 'DoorsTwin3', check model+config
20:57:27.590    ENTITY    (W): Door 'DoorsTwin4' is missing geometry components for selection 'DoorsTwin4', check model+config
20:57:27.600 PerfWarning: Way too much components (677) in dz\structures\residential\medical\city_hospital.p3d:geometryFire
20:57:27.621   ENTITY       : Load entity type 'Land_City_Hospital'
20:57:27.621    ENTITY    (W): Door 'DoorsTwin1' is missing geometry components for selection 'DoorsTwin1', check model+config
20:57:27.650 PerfWarning: Way too much components (562) in dz\structures\residential\stores\city_store_withstairs.p3d:geometryFire
20:57:27.652   ENTITY       : Load entity type 'Land_Container_1Bo'
20:57:27.652    ENTITY    (W): Door 'DoorsTwin1' is missing geometry components for selection 'DoorsTwin1', check model+config
20:57:27.652    ENTITY    (W): Door 'DoorsTwin2' is missing geometry components for selection 'DoorsTwin2', check model+config
20:57:27.652   ENTITY       : Load entity type 'Land_City_Store_WithStairs'
20:57:27.652    ENTITY    (W): Door 'DoorsTwin1' is missing geometry components for selection 'DoorsTwin1', check model+config
20:57:27.652    ENTITY    (W): Door 'DoorsTwin2' is missing geometry components for selection 'DoorsTwin2', check model+config
20:57:27.653    ENTITY    (W): Door 'DoorsTwin3' is missing geometry components for selection 'DoorsTwin3', check model+config
20:57:27.653    ENTITY    (W): Door 'DoorsTwin4' is missing geometry components for selection 'DoorsTwin4', check model+config
20:57:27.653    ENTITY    (W): Door 'DoorsTwin5' is missing geometry components for selection 'DoorsTwin5', check model+config
20:57:27.658 Warning: No components in dz\structures\industrial\misc\lamp_rail.p3d:geometryView
20:57:27.666   ENTITY       : Load entity type 'Land_House_2W04'
20:57:27.666    ENTITY    (W): Door 'DoorsTwin1' is missing geometry components for selection 'DoorsTwin1', check model+config
20:57:27.687 Warn: Shape '???' contains water texture however it does not carry a property "class=pond". Consider creating one to speed up the detection!
20:57:27.696 PerfWarning: Way too much components (1200) in dz\structures\residential\offices\office2.p3d:geometryFire
20:57:27.701 PerfWarning: Way too much components (506) in dz\structures\residential\offices\proxy\a_office02_metalbars.p3d:geometryFire
20:57:27.703   ENTITY       : Load entity type 'Land_Office2'
20:57:27.703    ENTITY    (W): Door 'DoorsTwin1' is missing geometry components for selection 'DoorsTwin1', check model+config
20:57:27.703    ENTITY    (W): Door 'DoorsTwin2' is missing geometry components for selection 'DoorsTwin2', check model+config
20:57:27.703    ENTITY    (W): Door 'DoorsTwin3' is missing geometry components for selection 'DoorsTwin3', check model+config
20:57:27.703    ENTITY    (W): Door 'DoorsTwin4' is missing geometry components for selection 'DoorsTwin4', check model+config
20:57:27.703    ENTITY    (W): Door 'DoorsTwin5' is missing geometry components for selection 'DoorsTwin5', check model+config
20:57:27.712 Warn: Shape '???' contains water texture however it does not carry a property "class=pond". Consider creating one to speed up the detection!
20:57:27.715 Convex "component02" selection faces are less then 4 in dz\structures\industrial\harbour\pier_wooden1_end.p3d:geometryFire
20:57:27.715 Convex "component05" selection faces are less then 4 in dz\structures\industrial\harbour\pier_wooden1_end.p3d:geometryFire
20:57:27.715 Convex "component07" selection faces are less then 4 in dz\structures\industrial\harbour\pier_wooden1_end.p3d:geometryFire
20:57:27.715 Convex "component11" selection faces are less then 4 in dz\structures\industrial\harbour\pier_wooden1_end.p3d:geometryFire
20:57:27.715 Convex "component14" selection faces are less then 4 in dz\structures\industrial\harbour\pier_wooden1_end.p3d:geometryFire
20:57:27.715 Convex "component17" selection faces are less then 4 in dz\structures\industrial\harbour\pier_wooden1_end.p3d:geometryFire
20:57:27.715 Convex "component20" selection faces are less then 4 in dz\structures\industrial\harbour\pier_wooden1_end.p3d:geometryFire
20:57:27.715 Convex "component21" selection faces are less then 4 in dz\structures\industrial\harbour\pier_wooden1_end.p3d:geometryFire
20:57:27.715 Convex "component23" selection faces are less then 4 in dz\structures\industrial\harbour\pier_wooden1_end.p3d:geometryFire
20:57:27.715 Convex "component24" selection faces are less then 4 in dz\structures\industrial\harbour\pier_wooden1_end.p3d:geometryFire
20:57:27.715 Convex "component25" selection faces are less then 4 in dz\structures\industrial\harbour\pier_wooden1_end.p3d:geometryFire
20:57:27.715 Convex "component26" selection faces are less then 4 in dz\structures\industrial\harbour\pier_wooden1_end.p3d:geometryFire
20:57:27.715 Convex "component28" selection faces are less then 4 in dz\structures\industrial\harbour\pier_wooden1_end.p3d:geometryFire
20:57:27.715 Convex "component29" selection faces are less then 4 in dz\structures\industrial\harbour\pier_wooden1_end.p3d:geometryFire
20:57:27.715 Convex "component31" selection faces are less then 4 in dz\structures\industrial\harbour\pier_wooden1_end.p3d:geometryFire
20:57:27.715 Convex "component32" selection faces are less then 4 in dz\structures\industrial\harbour\pier_wooden1_end.p3d:geometryFire
20:57:27.715 Convex "component33" selection faces are less then 4 in dz\structures\industrial\harbour\pier_wooden1_end.p3d:geometryFire
20:57:27.715 Convex "component34" selection faces are less then 4 in dz\structures\industrial\harbour\pier_wooden1_end.p3d:geometryFire
20:57:27.715 Convex "component35" selection faces are less then 4 in dz\structures\industrial\harbour\pier_wooden1_end.p3d:geometryFire
20:57:27.715 Convex "component36" selection faces are less then 4 in dz\structures\industrial\harbour\pier_wooden1_end.p3d:geometryFire
20:57:27.715 Convex "component37" selection faces are less then 4 in dz\structures\industrial\harbour\pier_wooden1_end.p3d:geometryFire
20:57:27.822 Warning: No components in dz\water\ponds\pond_50x50.p3d:geometry
20:57:27.822   ENTITY    (W): Unknown object class 'pond' (dz\water\ponds\pond_50x50.p3d)
20:57:27.854 Warning: No components in dz\structures\roads\decals\decal_concrete_panel.p3d:geometry
20:57:27.956 Warn: Shape '???' contains water texture however it does not carry a property "class=pond". Consider creating one to speed up the detection!
20:57:27.956 Warn: Shape '???' contains water texture however it does not carry a property "class=pond". Consider creating one to speed up the detection!
20:57:27.956 Warn: Shape '???' contains water texture however it does not carry a property "class=pond". Consider creating one to speed up the detection!
20:57:27.959 Warn: Shape '???' contains water texture however it does not carry a property "class=pond". Consider creating one to speed up the detection!
20:57:27.959 Warn: Shape '???' contains water texture however it does not carry a property "class=pond". Consider creating one to speed up the detection!
20:57:28.05  Warning: No components in dz\structures\specific\cemeteries\cemetery_tombstone10.p3d:geometryView
20:57:28.13  PerfWarning: Way too much components (535) in dz\structures\residential\houses\house_1w12_brown.p3d:geometryFire
20:57:28.15  Warning: No components in dz\structures_bliss\ruins\proxy\carpet_big_dirty.p3d:geometry
20:57:28.15  Warning: No components in dz\structures_bliss\ruins\proxy\carpet_big_dirty.p3d:geometryView
20:57:28.41  Warning: No components in dz\structures_bliss\ruins\proxy\bed_large_metal.p3d:geometryView
20:57:28.43    ENTITY       : Load entity type 'Land_House_1W12_Brown'
20:57:28.43     ENTITY    (W): Unknown object class 'thing' (dz\structures\furniture\eletrical_appliances\washing_machine\washing_machine.p3d)
20:57:28.43     ENTITY    (W): Unknown object class 'thing' (dz\structures\furniture\eletrical_appliances\washing_machine\washing_machine.p3d)
20:57:28.44     ENTITY    (W): Unknown object class 'thing' (dz\structures\furniture\eletrical_appliances\washing_machine\washing_machine.p3d)
20:57:28.58  PerfWarning: Way too much components (535) in dz\structures\residential\houses\house_1w12.p3d:geometryFire
20:57:28.83  Convex "component117" selection faces are less then 4 in dz\structures\residential\houses\house_1w08_brown.p3d:geometryView
20:57:28.83  Convex "component120" selection faces are less then 4 in dz\structures\residential\houses\house_1w08_brown.p3d:geometryView
20:57:28.86    ENTITY       : Load entity type 'Land_House_1W08_Brown'
20:57:28.86     ENTITY    (W): Unknown object class 'thing' (dz\structures\furniture\eletrical_appliances\washing_machine\washing_machine.p3d)
20:57:28.86     ENTITY    (W): Unknown object class 'thing' (dz\structures\furniture\eletrical_appliances\washing_machine\washing_machine.p3d)
20:57:28.86     ENTITY    (W): Unknown object class 'thing' (dz\structures\furniture\eletrical_appliances\washing_machine\washing_machine.p3d)
20:57:28.90  PerfWarning: Way too much components (558) in dz\structures\industrial\misc\misc_scaffolding.p3d:geometryFire
20:57:28.97  Warning: No components in dz\structures\signs\misc\sign_decal_pubru3.p3d:geometry
20:57:28.159 Warning: No components in dz\structures\roads\decals\decal_damage_small2.p3d:geometry
20:57:28.169 Warning: No components in dz\structures\roads\decals\decal_damage_small1.p3d:geometry
20:57:28.180 Warning: No components in dz\structures\roads\decals\decal_damage_medium1.p3d:geometry
20:57:28.248   ENTITY       : Load entity type 'Land_Wreck_hb01_aban2_white'
20:57:28.248    ENTITY    (W): Door 'Doors1' is missing geometry components for selection 'Doors1', check model+config
20:57:28.248    ENTITY    (W): Door 'Doors2' is missing geometry components for selection 'Doors2', check model+config
20:57:28.332 Warning: No components in dz\structures\industrial\cementworks\proxy\cementworks_milla_metal.p3d:geometry
20:57:28.334 Convex "component851" selection faces are less then 4 in dz\structures\industrial\cementworks\proxy\cementworks_milla_metal.p3d:geometryFire
20:57:28.334 PerfWarning: Way too much components (844) in dz\structures\industrial\cementworks\proxy\cementworks_milla_metal.p3d:geometryFire
20:57:28.334 Warning: No components in dz\structures\industrial\cementworks\proxy\cementworks_milla_metal.p3d:geometryView
20:57:28.395 Warning: No components in dz\structures\roads\decals\decal_damage_long4.p3d:geometry
20:57:28.508 PerfWarning: Way too much components (1027) in dz\structures\residential\offices\office1.p3d:geometryFire
20:57:28.509 Warning: No components in dz\structures\furniture\various\flagholder.p3d:geometryView
20:57:28.510 Warning: No components in dz\structures\residential\offices\proxy\zarivky.p3d:geometry
20:57:28.511 Warning: No components in dz\structures\roads\sidewalks\sidewalk2_1m.p3d:geometry
20:57:28.511 Warning: No components in dz\structures\roads\sidewalks\sidewalk2_5m.p3d:geometry
20:57:28.516   ENTITY       : Load entity type 'Land_Office1'
20:57:28.516    ENTITY    (W): Door 'DoorsTwin1' is missing geometry components for selection 'DoorsTwin1', check model+config
20:57:28.516    ENTITY    (W): Door 'DoorsTwin2' is missing geometry components for selection 'DoorsTwin2', check model+config
20:57:28.516    ENTITY    (W): Door 'DoorsTwin3' is missing geometry components for selection 'DoorsTwin3', check model+config
20:57:28.516    ENTITY    (W): Door 'DoorsTwin4' is missing geometry components for selection 'DoorsTwin4', check model+config
20:57:28.516    ENTITY    (W): Door 'DoorsTwin5' is missing geometry components for selection 'DoorsTwin5', check model+config
20:57:28.516    ENTITY    (W): Door 'DoorsTwin6' is missing geometry components for selection 'DoorsTwin6', check model+config
20:57:28.516    ENTITY    (W): Door 'DoorsTwin7' is missing geometry components for selection 'DoorsTwin7', check model+config
20:57:28.575 Warning: No components in dz\structures\roads\sidewalks\sidewalk1_10m.p3d:geometry
20:57:28.575 Warning: No components in dz\structures\roads\sidewalks\sidewalk1_1m.p3d:geometry
20:57:28.575 Warning: No components in dz\structures\roads\sidewalks\sidewalk1_5m.p3d:geometry
20:57:28.575 Warning: No components in dz\structures\roads\sidewalks\sidewalk1_end.p3d:geometry
20:57:28.583 Warning: No components in dz\structures\roads\sidewalks\sidewalk1_corner.p3d:geometry
20:57:28.583 Warning: No components in dz\structures\roads\sidewalks\sidewalk1_turn_5deg.p3d:geometry
20:57:28.594 PerfWarning: Way too much components (982) in dz\structures\industrial\houses\factory_small.p3d:geometryFire
20:57:28.599   ENTITY       : Load entity type 'Land_Workshop5'
20:57:28.599    ENTITY    (W): Door 'DoorsTwin1' is missing geometry components for selection 'DoorsTwin1', check model+config
20:57:28.600   ENTITY       : Load entity type 'Land_Factory_Small'
20:57:28.601    ENTITY    (W): Door 'DoorsTwin1' is missing geometry components for selection 'DoorsTwin1', check model+config
20:57:28.601    ENTITY    (W): Door 'DoorsTwin2' is missing geometry components for selection 'DoorsTwin2', check model+config
20:57:28.630 Warning: No components in dz\structures\roads\decals\decal_damage_long3.p3d:geometry
20:57:28.634 PerfWarning: Way too much components (628) in dz\structures\ruins\rubble_dirtpile_medium2.p3d:geometryFire
20:57:28.731 Warning Message: unable to load doorWoodRattle from CfgActionSounds
20:57:28.800 Warning: No components in dz\structures\signs\misc\sign_decal_gov1.p3d:geometry
20:57:28.803 Warning: No components in dz\structures\roads\sidewalks\sidewalk1_turn_10deg.p3d:geometry
20:57:28.819 Warning: No components in dz\structures\signs\misc\sign_decal_govschool.p3d:geometry
20:57:28.825 Warning: No components in dz\structures\roads\sidewalks\sidewalk1_tcross.p3d:geometry
20:57:28.857 Warning: No components in dz\structures\military\improvised\mil_camonet_roof_east.p3d:geometryView
20:57:28.871   ENTITY       : Load entity type 'Land_Wreck_hb01_aban1_green'
20:57:28.871    ENTITY    (W): Door 'Doors1' is missing geometry components for selection 'Doors1', check model+config
20:57:28.871    ENTITY    (W): Door 'Doors2' is missing geometry components for selection 'Doors2', check model+config
20:57:28.875 Warning: No components in dz\structures\military\improvised\mil_tent_big2_5.p3d:geometryFire
20:57:28.875 Warning: No components in dz\structures\military\improvised\mil_tent_big2_5.p3d:geometryView
20:57:28.876 Warning: No components in dz\structures\military\improvised\proxy\tent_big2.p3d:geometry
20:57:28.877 Warning: No components in dz\structures\residential\misc\misc_tree_protector.p3d:geometryFire
20:57:28.877 Warning: No components in dz\structures\signs\misc\sign_decal_pubcz1.p3d:geometry
20:57:28.910 Warning: No components in dz\structures\roads\decals\decal_damage_medium2.p3d:geometry
20:57:28.946 Warning: No components in dz\structures\walls\wall_fen2_6_hole.p3d:geometryView
20:57:29.21  Warning: No components in dz\structures\industrial\misc\misc_through_static.p3d:geometry
20:57:29.133 Warning: No components in dz\plants\clutter\p_helianthus.p3d:geometry
20:57:29.324 DamageSystem Warning: Selection doors7 doesn't exists in fire geometry for entity Land_Mil_Barracks3
20:57:29.324   ENTITY       : Load entity type 'Land_Mil_Barracks3'
20:57:29.324    ENTITY    (W): Door 'DoorsTwin1' is missing geometry components for selection 'DoorsTwin1', check model+config
20:57:29.360 PerfWarning: Way too much components (921) in dz\structures\residential\firedep\city_firestation.p3d:geometryFire
20:57:29.421 Warning: No components in dz\structures\wrecks\vehicles\proxy\truck_01_aban_1_lod1parts2_fire.p3d:geometry
20:57:29.462   ENTITY       : Load entity type 'Land_wreck_truck01_aban2_firetruck'
20:57:29.462    ENTITY    (W): Door 'Doors2' is missing geometry components for selection 'Doors2', check model+config
20:57:29.462    ENTITY    (W): Door 'DoorsTwin1' is missing geometry components for selection 'DoorsTwin1', check model+config
20:57:29.462    ENTITY    (W): Door 'Doors5' is missing geometry components for selection 'Doors5', check model+config
20:57:29.462    ENTITY    (W): Door 'Doors6' is missing geometry components for selection 'Doors6', check model+config
20:57:29.462    ENTITY    (W): Door 'Doors7' is missing geometry components for selection 'Doors7', check model+config
20:57:29.462    ENTITY    (W): Door 'Doors8' is missing geometry components for selection 'Doors8', check model+config
20:57:29.462    ENTITY    (W): Door 'Doors9' is missing geometry components for selection 'Doors9', check model+config
20:57:29.463   ENTITY       : Load entity type 'Land_wreck_truck01_aban1_firetruck'
20:57:29.463    ENTITY    (W): Door 'Doors2' is missing geometry components for selection 'Doors2', check model+config
20:57:29.463    ENTITY    (W): Door 'DoorsTwin1' is missing geometry components for selection 'DoorsTwin1', check model+config
20:57:29.463    ENTITY    (W): Door 'Doors5' is missing geometry components for selection 'Doors5', check model+config
20:57:29.463    ENTITY    (W): Door 'Doors6' is missing geometry components for selection 'Doors6', check model+config
20:57:29.463    ENTITY    (W): Door 'Doors7' is missing geometry components for selection 'Doors7', check model+config
20:57:29.463    ENTITY    (W): Door 'Doors8' is missing geometry components for selection 'Doors8', check model+config
20:57:29.463    ENTITY    (W): Door 'Doors9' is missing geometry components for selection 'Doors9', check model+config
20:57:29.506 Warning: No components in dz\structures\industrial\misc\misc_timbers_log2.p3d:geometry
20:57:29.506 Warning: No components in dz\structures\industrial\misc\misc_timbers_log3.p3d:geometry
20:57:29.564   ENTITY       : Load entity type 'Land_Container_1Moh'
20:57:29.564    ENTITY    (W): Door 'DoorsTwin1' is missing geometry components for selection 'DoorsTwin1', check model+config
20:57:29.565   ENTITY       : Load entity type 'Land_Rail_Warehouse_Small'
20:57:29.565    ENTITY    (W): Door 'DoorsTwin1' is missing geometry components for selection 'DoorsTwin1', check model+config
20:57:29.565    ENTITY    (W): Door 'DoorsTwin2' is missing geometry components for selection 'DoorsTwin2', check model+config
20:57:29.572   ENTITY       : Load entity type 'Land_Container_1Aoh'
20:57:29.572    ENTITY    (W): Door 'DoorsTwin1' is missing geometry components for selection 'DoorsTwin1', check model+config
20:57:29.576 Warning: No components in dz\structures\signs\tourist\trailmap_youarehere.p3d:geometry
20:57:29.606 PerfWarning: Way too much components (859) in dz\structures\residential\medical\village_healthcare.p3d:geometryFire
20:57:29.637   ENTITY       : Load entity type 'Land_Village_HealthCare'
20:57:29.637    ENTITY    (W): Door 'DoorsTwin1' is missing geometry components for selection 'DoorsTwin1', check model+config
20:57:29.637    ENTITY    (W): Door 'DoorsTwin2' is missing geometry components for selection 'DoorsTwin2', check model+config
20:57:31.55  Warning: No components in dz\structures\industrial\power\power_hv_line_turnl.p3d:geometry
20:57:31.89  Warning: No components in dz\water\ponds\pond_big_38_01.p3d:geometry
20:57:31.90  Warning: No components in dz\water\ponds\pond_big_38_02.p3d:geometry
20:57:31.91  Warning: No components in dz\water\streambed\misc\stones_sand_group_3.p3d:geometryFire
20:57:31.91    ENTITY    (W): Unknown object class 'pond' (dz\water\ponds\pond_big_38_01.p3d)
20:57:31.91    ENTITY    (W): Unknown object class 'pond' (dz\water\ponds\pond_big_38_02.p3d)
20:57:31.344 Warning: No components in dz\structures\specific\cemeteries\cemetery_tombstone11.p3d:geometryView
20:57:31.732 Warning: No components in dz\structures\walls\wall_railing_1_slope.p3d:geometryView
20:57:31.734 Warning: No components in dz\structures\walls\wall_railing_1_endr.p3d:geometryView
20:57:31.791 Warning: No components in dz\structures\roads\panels\path_panels.p3d:geometry
20:57:31.791 Warning: No components in dz\structures\roads\panels\path_panels.p3d:geometryFire
20:57:31.805 Warning: No components in dz\structures\roads\panels\path_panels_damaged.p3d:geometry
20:57:31.805 Warning: No components in dz\structures\roads\panels\path_panels_damaged.p3d:geometryFire
20:57:32.62  Warning: No components in dz\structures\industrial\farms\proxy\boxy_c.p3d:geometry
20:57:32.62  Warning: No components in dz\structures\industrial\farms\proxy\boxy_c.p3d:geometryFire
20:57:32.62  Warning: No components in dz\structures\industrial\farms\proxy\boxy_c.p3d:geometryView
20:57:32.64    ENTITY       : Load entity type 'Land_Farm_CowshedA'
20:57:32.64     ENTITY    (W): Door 'DoorsTwin1' is missing geometry components for selection 'DoorsTwin1', check model+config
20:57:32.64     ENTITY    (W): Door 'DoorsTwin2' is missing geometry components for selection 'DoorsTwin2', check model+config
20:57:32.65    ENTITY       : Load entity type 'Land_Farm_CowshedC'
20:57:32.65     ENTITY    (W): Door 'DoorsTwin1' is missing geometry components for selection 'DoorsTwin1', check model+config
20:57:32.119 Warning: No components in dz\structures\signs\misc\sign_decal_pubru2.p3d:geometry
20:57:32.155 Warning: No components in dz\structures\industrial\power\power_hv_line.p3d:geometry
20:57:32.199   ENTITY       : Load entity type 'Land_CementWorks_Hall2_Brick'
20:57:32.199    ENTITY    (W): Door 'DoorsTwin1' is missing geometry components for selection 'DoorsTwin1', check model+config
20:57:32.203 Warning: No components in dz\structures\roads\sidewalks\sidewalk1_turn_30deg.p3d:geometry
20:57:32.222 PerfWarning: Way too much components (715) in dz\structures\industrial\houses\factory_lathes.p3d:geometryFire
20:57:32.228 Warning: No components in dz\structures\industrial\houses\proxy\housev2_03_int.p3d:geometry
20:57:32.229 PerfWarning: Way too much components (633) in dz\structures\industrial\houses\proxy\housev2_03_int.p3d:geometryFire
20:57:32.229 Warning: No components in dz\structures\industrial\houses\proxy\housev2_03_int.p3d:geometryView
20:57:32.312 Warning: No components in dz\structures\furniture\various\debris_small_house.p3d:geometry
20:57:32.312 Warning: No components in dz\structures\furniture\various\debris_small_house.p3d:geometryView
20:57:32.345   ENTITY       : Load entity type 'Land_Wreck_offroad02_aban2'
20:57:32.345    ENTITY    (W): Door 'Doors3' is missing geometry components for selection 'Doors3', check model+config
20:57:32.349 Warning: No components in dz\structures\roads\panels\proxy\grass_runwaypanel_double1.p3d:geometry
20:57:32.349 Warning: No components in dz\structures\roads\panels\proxy\grass_runwaypanel_double2.p3d:geometry
20:57:32.424 Warning: No components in dz\structures\roads\panels\proxy\grass_runwaypanel_line2.p3d:geometry
20:57:32.424 Warning: No components in dz\structures\roads\panels\proxy\grass_runwaypanel_single2.p3d:geometry
20:57:32.427 Warning: No components in dz\structures\military\improvised\mil_camonet_big_nato.p3d:geometryView
20:57:32.427 Warning: No components in dz\structures\military\improvised\mil_tent_big1_4.p3d:geometryFire
20:57:32.427 Warning: No components in dz\structures\military\improvised\mil_tent_big1_4.p3d:geometryView
20:57:32.427 Warning: No components in dz\structures\roads\panels\proxy\grass_runwaypanel_line1.p3d:geometry
20:57:32.447 Warning: No components in dz\structures\ruins\rubble_dirtpile_small.p3d:geometry
20:57:32.448 PerfWarning: Way too much components (660) in dz\structures\ruins\rubble_dirtpile_small.p3d:geometryFire
20:57:32.583 PerfWarning: Way too much components (660) in dz\structures\military\airfield\mil_airfield_hq.p3d:geometryFire
20:57:32.586   ENTITY       : Load entity type 'Land_Mil_Airfield_HQ'
20:57:32.586    ENTITY    (W): Door 'DoorsTwin1' is missing geometry components for selection 'DoorsTwin1', check model+config
20:57:32.642 Warning: No components in dz\structures\roads\panels\proxy\grass_runwaypanel_single1.p3d:geometry
20:57:32.671 DamageSystem Warning: Selection doors3 doesn't exists in fire geometry for entity Land_Mil_Barracks1
20:57:32.671   ENTITY       : Load entity type 'Land_Mil_Barracks1'
20:57:32.671    ENTITY    (W): Door 'DoorsTwin1' is missing geometry components for selection 'DoorsTwin1', check model+config
20:57:32.814 Warning: No components in dz\water\ponds\pond_small_06.p3d:geometry
20:57:32.817   ENTITY    (W): Unknown object class 'pond' (dz\water\ponds\pond_small_06.p3d)
20:57:32.849   WORLD        : Create entity type 'Land_radio_panelbig'
20:57:32.849    ENTITY    (E): Type 'HouseType' must be inherited from class 'StaticTransmitterType'
20:57:32.850 Warning: No components in dz\structures\military\improvised\mil_camonet_side_nato.p3d:geometryView
20:57:32.894   ENTITY       : Load entity type 'Land_Radio_building'
20:57:32.894    ENTITY    (W): Door 'DoorsTwin1' is missing geometry components for selection 'DoorsTwin1', check model+config
20:57:33.19  Warning: No components in dz\structures\signs\misc\sign_decal_pubru1.p3d:geometry
20:57:33.158 Convex "component19" selection faces are less then 4 in dz\structures\specific\statues\monument_t34.p3d:geometry
20:57:33.203 Warning: No components in dz\structures\military\improvised\mil_tent_big2_1.p3d:geometryFire
20:57:33.203 Warning: No components in dz\structures\military\improvised\mil_tent_big2_1.p3d:geometryView
20:57:33.335   ENTITY    (W): Unknown object class 'pond' (dz\water\ponds\pond_50x50.p3d)
20:57:33.396 Warning: No components in dz\structures\industrial\misc\misc_timbers_log1.p3d:geometry
20:57:33.396 Warning: No components in dz\structures\industrial\misc\misc_timbers_log4.p3d:geometry
20:57:33.419 PerfWarning: Way too much components (564) in dz\structures\industrial\farms\barn_wood1.p3d:geometryFire
20:57:33.458 Warning: No components in dz\structures\industrial\power\power_transformerstation_cables.p3d:geometry
20:57:33.866   ENTITY    (W): Unknown object class 'pond' (dz\water\ponds\pond_50x50.p3d)
20:57:33.884   ENTITY    (W): Unknown object class 'pond' (dz\water\ponds\pond_50x50.p3d)
20:57:33.979   ENTITY       : Load entity type 'Land_Garage_Big'
20:57:33.980    ENTITY    (W): Door 'DoorsTwin1' is missing geometry components for selection 'DoorsTwin1', check model+config
20:57:33.997 Warning Message: unable to load doorMetalValveOpenABit from CfgActionSounds
20:57:34.25  PerfWarning: Way too much components (912) in dz\structures\military\tisy\tisy_hq.p3d:geometryFire
20:57:34.29    ENTITY       : Load entity type 'Land_Tisy_HQ'
20:57:34.29     ENTITY    (W): Door 'DoorsTwin1' is missing geometry components for selection 'DoorsTwin1', check model+config
20:57:34.48  Warning: No components in dz\structures\military\misc\misc_antenna.p3d:geometryView
20:57:34.141 Convex "component839" selection faces are less then 4 in dz\structures\military\tisy\tisy_barracks.p3d:geometryFire
20:57:34.141 Convex "component843" selection faces are less then 4 in dz\structures\military\tisy\tisy_barracks.p3d:geometryFire
20:57:34.141 Convex "component880" selection faces are less then 4 in dz\structures\military\tisy\tisy_barracks.p3d:geometryFire
20:57:34.142 Convex "component977" selection faces are less then 4 in dz\structures\military\tisy\tisy_barracks.p3d:geometryFire
20:57:34.142 Convex "component1010" selection faces are less then 4 in dz\structures\military\tisy\tisy_barracks.p3d:geometryFire
20:57:34.142 Convex "component1171" selection faces are less then 4 in dz\structures\military\tisy\tisy_barracks.p3d:geometryFire
20:57:34.142 Convex "component1172" selection faces are less then 4 in dz\structures\military\tisy\tisy_barracks.p3d:geometryFire
20:57:34.142 Convex "component1175" selection faces are less then 4 in dz\structures\military\tisy\tisy_barracks.p3d:geometryFire
20:57:34.142 Convex "component1177" selection faces are less then 4 in dz\structures\military\tisy\tisy_barracks.p3d:geometryFire
20:57:34.142 Convex "component1179" selection faces are less then 4 in dz\structures\military\tisy\tisy_barracks.p3d:geometryFire
20:57:34.142 Convex "component1181" selection faces are less then 4 in dz\structures\military\tisy\tisy_barracks.p3d:geometryFire
20:57:34.143 Convex "component1516" selection faces are less then 4 in dz\structures\military\tisy\tisy_barracks.p3d:geometryFire
20:57:34.144 PerfWarning: Way too much components (1908) in dz\structures\military\tisy\tisy_barracks.p3d:geometryFire
20:57:34.169 Warning: No components in dz\structures\furniture\prison\prison_toilet.p3d:geometry
20:57:34.170 Warning: No components in dz\structures\furniture\prison\prison_sink.p3d:geometry
20:57:34.171 DamageSystem Warning: Selection doors1 doesn't exists in fire geometry for entity Land_Tisy_Barracks
20:57:34.171 DamageSystem Warning: Selection doors3 doesn't exists in fire geometry for entity Land_Tisy_Barracks
20:57:34.171 DamageSystem Warning: Selection doors4 doesn't exists in fire geometry for entity Land_Tisy_Barracks
20:57:35.105 Warning: No components in dz\water\ponds\pond_small_20.p3d:geometry
20:57:35.105   ENTITY    (W): Unknown object class 'pond' (dz\water\ponds\pond_small_20.p3d)
20:57:35.204 Warning: No components in dz\structures\signs\misc\sign_decal_pubcz2.p3d:geometry
20:57:35.243 Warning: No components in dz\water\ponds\pond_small_02.p3d:geometry
20:57:35.245   ENTITY    (W): Unknown object class 'pond' (dz\water\ponds\pond_small_02.p3d)
20:57:35.369 Warning: No components in dz\structures\wrecks\vehicles\wreck_trailer_closed.p3d:geometryView
20:57:35.485 Warning: No components in dz\structures\signs\misc\sign_pub_village.p3d:geometry
20:57:35.564 PerfWarning: Way too much components (1212) in dz\structures\residential\offices\office_municipal2.p3d:geometryFire
20:57:35.565 Warning: No components in dz\structures\proxy_buildingparts\ladders\ladder_long_proxy.p3d:geometry
20:57:35.565 Warning: No components in dz\structures\proxy_buildingparts\ladders\ladder_top_proxy.p3d:geometry
20:57:35.567 Warning: No components in dz\structures\proxy_buildingparts\ladders\ladder_medium_proxy.p3d:geometry
20:57:35.582 Warning: No components in dz\structures\residential\offices\proxy\municipaloffice2_details_proxy.p3d:geometry
20:57:35.584 PerfWarning: Way too much components (1024) in dz\structures\residential\offices\proxy\municipaloffice2_details_proxy.p3d:geometryFire
20:57:35.584 Warning: No components in dz\structures\residential\offices\proxy\municipaloffice2_details_proxy.p3d:geometryView
20:57:35.585 Warning: No components in dz\structures\residential\offices\proxy\municipaloffice2_int.p3d:geometry
20:57:35.586 PerfWarning: Way too much components (707) in dz\structures\residential\offices\proxy\municipaloffice2_int.p3d:geometryFire
20:57:35.586 Warning: No components in dz\structures\residential\offices\proxy\municipaloffice2_int.p3d:geometryView
20:57:35.589 DamageSystem Warning: Selection doors7 doesn't exists in fire geometry for entity Land_HouseBlock_5F
20:57:35.589   ENTITY       : Load entity type 'Land_HouseBlock_5F'
20:57:35.590    ENTITY    (W): Door 'DoorsTwin1' is missing geometry components for selection 'DoorsTwin1', check model+config
20:57:35.592   ENTITY       : Load entity type 'Land_Office_Municipal2'
20:57:35.592    ENTITY    (W): Door 'DoorsTwin1' is missing geometry components for selection 'DoorsTwin1', check model+config
20:57:35.786 Fresnel n must be >0, given n=0,k=0.01
20:57:35.938  PROFILING    : Loading landscape took: 14747.065000 ms
20:57:45.219  SCRIPT       : Module: Mission; loaded 293x files; 593x classes; used 3996/33554 kB (11) of static memory; defines: "DAYZ_1_29,SERVER_FOR_WINDOWS,SERVER,PLATFORM_WINDOWS,RELEASE,NO_GUI,NO_GUI_INGAME,sakhal,JM_CommunityFramework,CF_MODULE_CONFIG,CF_EXPRESSION,CF_TRACE_STACK_NAME_ASSUMPTION_FIX,CF_GHOSTICONS,CF_MODSTORAGE,CF_SURFACES,CF_MODULES,CF_REF_FIX,CF_BUGFIX_REF,CF_BUGFIX_XML,CF_VIRTUALSTORAGE_FIX,CF_DOUBLYLINKEDNODES,CF_ONUPDATE_RATE_LIMIT,CF_LOG_TIMESTAMP,AVPPAdminTools,DayZ,FEATURE_CURSOR,FEATURE_NETWORK_RECONCILIATION,FEATURE_NETWORK_RECONCILATION,ENABLE_CAROUSEL,VPPADMINTOOLS,VPPAT_NOTIFICATIONS"; CRC32: 00000000
20:57:45.263  SCRIPT    (W): @"$CurrentDir:mpmissions\dayzOffline.chernarusplus\init.c,49": Possible variable name conflict 'm_player'
20:57:45.264  SCRIPT       : Module: $CurrentDir:mpmissions\dayzOffline.chernarusplus\init.c; loaded 1x files; 1x classes; used 9/1048 kB (0) of static memory; defines: "DAYZ_1_29,SERVER_FOR_WINDOWS,SERVER,PLATFORM_WINDOWS,RELEASE,NO_GUI,NO_GUI_INGAME,sakhal,JM_CommunityFramework,CF_MODULE_CONFIG,CF_EXPRESSION,CF_TRACE_STACK_NAME_ASSUMPTION_FIX,CF_GHOSTICONS,CF_MODSTORAGE,CF_SURFACES,CF_MODULES,CF_REF_FIX,CF_BUGFIX_REF,CF_BUGFIX_XML,CF_VIRTUALSTORAGE_FIX,CF_DOUBLYLINKEDNODES,CF_ONUPDATE_RATE_LIMIT,CF_LOG_TIMESTAMP,AVPPAdminTools,DayZ,FEATURE_CURSOR,FEATURE_NETWORK_RECONCILIATION,FEATURE_NETWORK_RECONCILATION"; CRC32: 00000000
20:57:45.264  SCRIPT       : [SERVER :: Vanilla++ AdminTools Plugins Registering]
20:57:45.457  SCRIPT       : [VPPAdminTools] credentials.txt was not found. The tool will not operate as intended. Please shutdown the server, and create a password within credentials.txt (Maximum 64 characters)
20:57:45.553  SCRIPT       : [MissionServer] OnInit - Server
20:57:45.601 PerfWarning: Way too much components (832) in dz\structures\wrecks\ships\ship_big_fronta.p3d:geometryFire
20:57:45.616 Warning: No components in dz\structures\wrecks\ships\proxy\abandoned_ship_lifebuoy.p3d:geometry
20:57:45.639 PerfWarning: Way too much components (688) in dz\structures\wrecks\ships\proxy\beams_front_a.p3d:geometryFire
20:57:45.652 Warning Message: Cannot open object bmp.p3d
20:57:45.710 PerfWarning: Way too much components (1078) in dz\structures\wrecks\ships\ship_big_backb.p3d:geometryFire
20:57:45.729 PerfWarning: Way too much components (778) in dz\structures\wrecks\ships\proxy\beams_back_b.p3d:geometryFire
20:57:45.742 PerfWarning: Way too much components (603) in dz\structures\wrecks\ships\ship_big_castle.p3d:geometry
20:57:45.744 PerfWarning: Way too much components (905) in dz\structures\wrecks\ships\ship_big_castle.p3d:geometryFire
20:57:45.745 PerfWarning: Way too much components (504) in dz\structures\wrecks\ships\ship_big_castle.p3d:geometryView
20:57:45.775 PerfWarning: Way too much components (897) in dz\structures\wrecks\ships\proxy\aship_int_piping_1.p3d:geometry
20:57:45.783 PerfWarning: Way too much components (937) in dz\structures\wrecks\ships\proxy\aship_int_piping_2.p3d:geometry
20:57:45.784 Warning: No components in dz\structures\wrecks\ships\proxy\beams_castle.p3d:geometry
20:57:45.811 PerfWarning: Way too much components (1170) in dz\structures\wrecks\ships\ship_big_frontb.p3d:geometryFire
20:57:45.819 PerfWarning: Way too much components (1253) in dz\structures\wrecks\ships\proxy\beams_front_b.p3d:geometryFire
20:57:45.848 PerfWarning: Way too much components (682) in dz\structures\wrecks\ships\proxy\covers_front_b.p3d:geometryFire
20:57:45.864 PerfWarning: Way too much components (761) in dz\structures\wrecks\ships\ship_big_backa.p3d:geometryFire
20:57:45.870 PerfWarning: Way too much components (749) in dz\structures\wrecks\ships\proxy\beams_back_a.p3d:geometryFire
20:57:45.871 Warning: No components in dz\structures\wrecks\ships\proxy\covers_back_a.p3d:geometry
20:57:46.10   SCRIPT       : [MissionServer] OnMissionStart - Server
20:57:46.61   SCRIPT       : string dirtyName = 'TESTINGSERVER'
20:57:46.63  [CE][Hive] :: Initializing OFFLINE
20:57:46.63  [StorageDirs] :: Selected storage directory: D:\steam\steamapps\common\DayZServer\mpmissions\dayzOffline.chernarusplus\storage_1\
20:57:46.63   ENGINE       : FileSystem: Adding relative directory 'D:\steam\steamapps\common\DayZServer\mpmissions\dayzOffline.chernarusplus\storage_1' to RV filesystem under name storage
20:57:46.64  [CE][Hive] :: Loading core data ... 
20:57:46.64  [CE][CoreData] :: 8 root classes, 18 defaults, 0 updaters...
20:57:46.476 PerfWarning: Way too much components (658) in dz\structures\industrial\harbour\boathouse.p3d:geometryFire
20:57:46.477  ENTITY       : Load entity type 'Land_Boathouse'
20:57:46.477   ENTITY    (W): Door 'DoorsTwin1' is missing geometry components for selection 'DoorsTwin1', check model+config
20:57:46.729 Warning: No components in dz\water\ponds\moss\pond_50x50_moss.p3d:geometry
20:57:46.729  ENTITY    (W): Unknown object class 'pond' (dz\water\ponds\moss\pond_50x50_moss.p3d)
20:57:46.729  ENTITY    (W): Unknown object class 'pond' (dz\water\ponds\moss\pond_50x50_moss.p3d)
20:57:46.813 PerfWarning: Way too much components (1497) in dz\structures\industrial\construction\construction_building.p3d:geometryFire
20:57:46.824 PerfWarning: Way too much components (601) in dz\structures\industrial\construction\construction_crane.p3d:geometryFire
20:57:46.926 Warning: No components in dz\water\ponds\moss\pond_small_06_moss.p3d:geometry
20:57:46.926  ENTITY    (W): Unknown object class 'pond' (dz\water\ponds\moss\pond_small_06_moss.p3d)
20:57:47.248 Warning: No components in dz\structures\industrial\harbour\pier_crane_rails.p3d:geometry
20:57:47.621 PerfWarning: Way too much components (700) in dz\structures\industrial\mines\mine_building.p3d:geometryFire
20:57:47.653 Warning: No components in dz\characters\headgear\militaryberet_chdkz_g.p3d:geometryFire
20:57:47.742 Warning: No components in dz\structures\walls\wall_railing_1_endl.p3d:geometryView
20:57:47.893 Convex "component98" selection faces are less then 4 in dz\structures\industrial\sawmills\sawmill_building.p3d:geometry
20:57:47.895 PerfWarning: Way too much components (541) in dz\structures\industrial\sawmills\sawmill_building.p3d:geometryFire
20:57:47.895 Convex "component97" selection faces are less then 4 in dz\structures\industrial\sawmills\sawmill_building.p3d:geometryView
20:57:47.895 Convex "component98" selection faces are less then 4 in dz\structures\industrial\sawmills\sawmill_building.p3d:geometryView
20:57:47.941  ENTITY    (W): Unknown object class 'pond' (dz\water\ponds\moss\pond_50x50_moss.p3d)
20:57:47.965 Warning: No components in dz\water\ponds\moss\pond_big_37_04_moss.p3d:geometry
20:57:47.965  ENTITY    (W): Unknown object class 'pond' (dz\water\ponds\moss\pond_big_37_04_moss.p3d)
20:57:47.971  ENTITY    (W): Unknown object class 'pond' (dz\water\ponds\moss\pond_50x50_moss.p3d)
20:57:47.973  ENTITY    (W): Unknown object class 'pond' (dz\water\ponds\moss\pond_50x50_moss.p3d)
20:57:47.974  ENTITY    (W): Unknown object class 'pond' (dz\water\ponds\moss\pond_50x50_moss.p3d)
20:57:48.302 Warning: No components in dz\structures\military\improvised\mil_camonet_side_east.p3d:geometryView
20:57:48.308 Warning: No components in dz\water\ponds\pond_big_39_01.p3d:geometry
20:57:48.308  ENTITY    (W): Unknown object class 'pond' (dz\water\ponds\pond_big_39_01.p3d)
20:57:48.308 Warning: No components in dz\water\ponds\pond_big_39_03.p3d:geometry
20:57:48.308  ENTITY    (W): Unknown object class 'pond' (dz\water\ponds\pond_big_39_03.p3d)
20:57:48.309 Warning: No components in dz\water\ponds\pond_big_39_04.p3d:geometry
20:57:48.309  ENTITY    (W): Unknown object class 'pond' (dz\water\ponds\pond_big_39_04.p3d)
20:57:48.309 Warning: No components in dz\water\ponds\pond_big_39_02.p3d:geometry
20:57:48.309  ENTITY    (W): Unknown object class 'pond' (dz\water\ponds\pond_big_39_02.p3d)
20:57:48.659 Warning: No components in dz\water\ponds\moss\pond_big_30_01_moss.p3d:geometry
20:57:48.659  ENTITY    (W): Unknown object class 'pond' (dz\water\ponds\moss\pond_big_30_01_moss.p3d)
20:57:48.660 Warning: No components in dz\water\ponds\moss\pond_big_30_04_moss.p3d:geometry
20:57:48.660  ENTITY    (W): Unknown object class 'pond' (dz\water\ponds\moss\pond_big_30_04_moss.p3d)
20:57:48.660 Warning: No components in dz\water\ponds\moss\pond_big_30_02_moss.p3d:geometry
20:57:48.660  ENTITY    (W): Unknown object class 'pond' (dz\water\ponds\moss\pond_big_30_02_moss.p3d)
20:57:48.767 Warning: No components in dz\water\ponds\moss\pond_big_38_04_moss.p3d:geometry
20:57:48.767  ENTITY    (W): Unknown object class 'pond' (dz\water\ponds\moss\pond_big_38_04_moss.p3d)
20:57:48.768 Warning: No components in dz\water\ponds\moss\pond_big_38_02_moss.p3d:geometry
20:57:48.768  ENTITY    (W): Unknown object class 'pond' (dz\water\ponds\moss\pond_big_38_02_moss.p3d)
20:57:48.768 Warning: No components in dz\water\ponds\moss\pond_big_32_02_moss.p3d:geometry
20:57:48.768  ENTITY    (W): Unknown object class 'pond' (dz\water\ponds\moss\pond_big_32_02_moss.p3d)
20:57:48.768 Warning: No components in dz\water\ponds\moss\pond_big_32_03_moss.p3d:geometry
20:57:48.768  ENTITY    (W): Unknown object class 'pond' (dz\water\ponds\moss\pond_big_32_03_moss.p3d)
20:57:48.769 Warning: No components in dz\water\ponds\moss\pond_big_32_01_moss.p3d:geometry
20:57:48.769  ENTITY    (W): Unknown object class 'pond' (dz\water\ponds\moss\pond_big_32_01_moss.p3d)
20:57:48.770 Warning: No components in dz\water\ponds\moss\pond_big_40_01_moss.p3d:geometry
20:57:48.770  ENTITY    (W): Unknown object class 'pond' (dz\water\ponds\moss\pond_big_40_01_moss.p3d)
20:57:48.770 Warning: No components in dz\water\ponds\moss\pond_big_40_03_moss.p3d:geometry
20:57:48.771  ENTITY    (W): Unknown object class 'pond' (dz\water\ponds\moss\pond_big_40_03_moss.p3d)
20:57:48.771 Warning: No components in dz\water\ponds\moss\pond_big_40_04_moss.p3d:geometry
20:57:48.771  ENTITY    (W): Unknown object class 'pond' (dz\water\ponds\moss\pond_big_40_04_moss.p3d)
20:57:48.771 Warning: No components in dz\water\ponds\moss\pond_big_40_02_moss.p3d:geometry
20:57:48.771  ENTITY    (W): Unknown object class 'pond' (dz\water\ponds\moss\pond_big_40_02_moss.p3d)
20:57:48.772 Warning: No components in dz\water\ponds\moss\pond_big_30_03_moss.p3d:geometry
20:57:48.772  ENTITY    (W): Unknown object class 'pond' (dz\water\ponds\moss\pond_big_30_03_moss.p3d)
20:57:48.973 Warning: No components in dz\structures\industrial\power\power_hv_line_turn.p3d:geometry
20:57:50.211 Warning: No components in dz\structures\industrial\power\power_hv_line_turnr.p3d:geometry
20:57:50.393 Warning: No components in dz\structures\specific\cemeteries\cemetery_tombstone9.p3d:geometryView
20:57:50.732 PerfWarning: Way too much components (1041) in dz\structures\industrial\farms\barn_metal_big.p3d:geometryFire
20:57:50.741 Warning: No components in dz\structures\industrial\farms\proxy\barn_metal_lod1_proxy.p3d:geometry
20:57:50.741 Warning: No components in dz\structures\industrial\farms\proxy\barn_metal_lod1_proxy.p3d:geometryView
20:57:50.837 Warning: No components in dz\water\ponds\pond_small_27.p3d:geometry
20:57:50.837  ENTITY    (W): Unknown object class 'pond' (dz\water\ponds\pond_small_27.p3d)
20:57:50.838 Warning: No components in dz\water\ponds\pond_small_19.p3d:geometry
20:57:50.838  ENTITY    (W): Unknown object class 'pond' (dz\water\ponds\pond_small_19.p3d)
20:57:50.844 Warning: No components in dz\water\ponds\pond_small_25.p3d:geometry
20:57:50.844  ENTITY    (W): Unknown object class 'pond' (dz\water\ponds\pond_small_25.p3d)
20:57:50.961 [CE][Hive] :: Loading map data ... 
20:57:50.971 [CE][IgnoreList] "cfgignorelist.xml" :: loaded 19 types
20:57:51.101 Warning: No components in dz\characters\gloves\hands3_m.p3d:geometry
20:57:51.102 Warning: No components in dz\characters\gloves\hands3_f.p3d:geometry
20:57:51.192 Warning: No components in dz\characters\gloves\surgical_gloves_g.p3d:geometry
20:57:51.233 Warning: No components in dz\characters\gloves\paddedgloves_g.p3d:geometry
20:57:51.250 Warning: No components in dz\characters\headgear\helmetmich_g.p3d:geometry
20:57:51.327 Warning: No components in dz\characters\headgear\head_sack_g.p3d:geometryFire
20:57:51.327 Warning: No components in dz\characters\headgear\head_sack_g.p3d:geometryView
20:57:51.346 Warning: No components in dz\characters\headgear\pumpkinhelmet_g.p3d:geometry
20:57:51.347 Warning: No components in dz\characters\headgear\headtorch_ground.p3d:geometry
20:57:51.350 Warning: No components in dz\characters\headgear\militaryberet_g.p3d:geometryFire
20:57:51.350 Warning: No components in dz\characters\headgear\militaryberet_un_g.p3d:geometryFire
20:57:51.351 Warning: No components in dz\characters\headgear\militaryberet_nz_g.p3d:geometryFire
20:57:51.351 Warning: No components in dz\characters\headgear\militaryberet_chdkz_g.p3d:geometryFire
20:57:51.351 Warning: No components in dz\characters\headgear\militaryberet_cdf_g.p3d:geometryFire
20:57:51.378 Warning: No components in dz\characters\headgear\prison_cap_g.p3d:geometryView
20:57:51.382 Warning: No components in dz\characters\headgear\mxhelmet_visor.p3d:geometry
20:57:51.383 Warning: No components in dz\characters\headgear\santashat_g.p3d:geometryView
20:57:51.384 Warning: No components in dz\characters\headgear\witchhood_g.p3d:geometryView
20:57:51.393 Warning: No components in dz\characters\headgear\wolfheaddress_g.p3d:geometry
20:57:51.427 Warning: No components in dz\characters\heads\m_adam.p3d:geometry
20:57:51.438 Warning: No components in dz\characters\heads\f_frida_2.p3d:geometry
20:57:51.439 Warning: No components in dz\characters\heads\f_gabi_2.p3d:geometry
20:57:51.439 Warning: No components in dz\characters\heads\f_helga.p3d:geometry
20:57:51.440 Warning: No components in dz\characters\heads\f_irena_2.p3d:geometry
20:57:51.440 Warning: No components in dz\characters\heads\f_judy.p3d:geometry
20:57:51.441 Warning: No components in dz\characters\heads\f_keiko.p3d:geometry
20:57:51.442 Warning: No components in dz\characters\heads\f_linda_2.p3d:geometry
20:57:51.443 Warning: No components in dz\characters\heads\f_maria_2.p3d:geometry
20:57:51.444 Warning: No components in dz\characters\heads\f_naomi.p3d:geometry
20:57:51.452 Warning: No components in dz\characters\heads\f_eva_2.p3d:geometry
20:57:51.453 Warning: No components in dz\characters\heads\f_baty.p3d:geometry
20:57:51.454 Warning: No components in dz\characters\heads\m_boris.p3d:geometry
20:57:51.455 Warning: No components in dz\characters\heads\m_cyril.p3d:geometry
20:57:51.456 Warning: No components in dz\characters\heads\m_denis_2.p3d:geometry
20:57:51.457 Warning: No components in dz\characters\heads\m_elias.p3d:geometry
20:57:51.458 Warning: No components in dz\characters\heads\m_francis.p3d:geometry
20:57:51.459 Warning: No components in dz\characters\heads\m_guo.p3d:geometry
20:57:51.460 Warning: No components in dz\characters\heads\m_hassan.p3d:geometry
20:57:51.462 Warning: No components in dz\characters\heads\m_indar.p3d:geometry
20:57:51.463 Warning: No components in dz\characters\heads\m_jose.p3d:geometry
20:57:51.464 Warning: No components in dz\characters\heads\m_kaito.p3d:geometry
20:57:51.464 Warning: No components in dz\characters\heads\m_lewis.p3d:geometry
20:57:51.466 Warning: No components in dz\characters\heads\m_manua.p3d:geometry
20:57:51.466 Warning: No components in dz\characters\heads\m_niki_2.p3d:geometry
20:57:51.467 Warning: No components in dz\characters\heads\m_oliver.p3d:geometry
20:57:51.468 Warning: No components in dz\characters\heads\m_peter.p3d:geometry
20:57:51.469 Warning: No components in dz\characters\heads\m_quinn.p3d:geometry
20:57:51.469 Warning: No components in dz\characters\heads\m_rolf.p3d:geometry
20:57:51.470 Warning: No components in dz\characters\heads\m_seth.p3d:geometry
20:57:51.471 Warning: No components in dz\characters\heads\m_taiki.p3d:geometry
20:57:51.529 Warning: No components in dz\characters\pants\legs3_m.p3d:geometry
20:57:51.531 Warning: No components in dz\characters\pants\legs3_f.p3d:geometry
20:57:51.821 Warning: No components in dz\characters\shoes\feet3_m.p3d:geometry
20:57:51.823 Warning: No components in dz\characters\shoes\feet3_f.p3d:geometry
20:57:51.885 Warning: No components in dz\characters\shoes\shoes_leathermoccasins_g.p3d:geometry
20:57:51.910 Warning: No components in dz\characters\shoes\ttsko_boots_g.p3d:geometryView
20:57:51.930 Warning: No components in dz\characters\tops\torso3_m.p3d:geometry
20:57:51.931 Warning: No components in dz\characters\tops\torso3_f.p3d:geometry
20:57:51.992 Warning: No components in dz\characters\tops\torsocover_improvised_g.p3d:geometry
20:57:51.992 Warning: No components in dz\characters\tops\m65_jacket_g.p3d:geometry
20:57:52.08  Warning: No components in dz\characters\tops\ttsko_jacket_g.p3d:geometry
20:57:52.26  Warning: No components in dz\characters\tops\gorka_up_g.p3d:geometry
20:57:52.377 Warning: No components in dz\gear\camping\mediumtent.p3d:geometryView
20:57:52.378 Warning: No components in dz\gear\camping\mediumtentplacing.p3d:geometry
20:57:52.378 Warning: No components in dz\gear\camping\mediumtentplacing.p3d:geometryFire
20:57:52.379 Convex "component01" selection faces are less then 4 in dz\gear\camping\largetent.p3d:geometry
20:57:52.379 Convex "component02" selection faces are less then 4 in dz\gear\camping\largetent.p3d:geometry
20:57:52.379 Convex "component01" selection faces are less then 4 in dz\gear\camping\largetent.p3d:geometryFire
20:57:52.379 Convex "component02" selection faces are less then 4 in dz\gear\camping\largetent.p3d:geometryFire
20:57:52.380 Convex "component01" selection faces are less then 4 in dz\gear\camping\largetent.p3d:geometryView
20:57:52.380 Convex "component02" selection faces are less then 4 in dz\gear\camping\largetent.p3d:geometryView
20:57:52.380 Warning: No components in dz\gear\camping\largetent.p3d:geometryView
20:57:52.380 Warning: No components in dz\gear\camping\largetentplacing.p3d:geometry
20:57:52.380 Warning: No components in dz\gear\camping\largetentplacing.p3d:geometryFire
20:57:52.381 Warning: No components in dz\gear\camping\cartent.p3d:geometryView
20:57:52.381 Warning: No components in dz\gear\camping\cartentplacing.p3d:geometry
20:57:52.381 Warning: No components in dz\gear\camping\cartentplacing.p3d:geometryFire
20:57:52.381 Warning: No components in dz\gear\camping\party_tent.p3d:geometryView
20:57:52.397 Warning: No components in dz\gear\camping\party_tentplacing.p3d:geometry
20:57:52.397 Warning: No components in dz\gear\camping\party_tentplacing.p3d:geometryFire
20:57:52.418 Warning: No components in dz\gear\camping\fence_kit.p3d:geometry
20:57:52.418 Warning: No components in dz\gear\camping\fence_kit.p3d:geometryFire
20:57:52.418 Warning: No components in dz\gear\camping\fence_kit.p3d:geometryView
20:57:52.426 Warning: No components in dz\gear\camping\fence_kit_placing.p3d:geometryFire
20:57:52.426 Warning: No components in dz\gear\camping\watchtower_kit.p3d:geometry
20:57:52.426 Warning: No components in dz\gear\camping\watchtower_kit.p3d:geometryFire
20:57:52.426 Warning: No components in dz\gear\camping\watchtower_kit.p3d:geometryView
20:57:52.436 Warning: No components in dz\gear\camping\watchtower_kit_placing.p3d:geometryFire
20:57:52.446 Warning: No components in dz\gear\camping\camo_net_p.p3d:geometryFire
20:57:52.487 Warning: No components in dz\gear\camping\underground_stash.p3d:geometryFire
20:57:52.487 Warning: No components in dz\gear\camping\underground_stash_snow.p3d:geometryFire
20:57:52.505 Warning: No components in dz\gear\camping\hbox_base.p3d:geometry
20:57:52.505 Warning: No components in dz\gear\camping\hbox_base.p3d:geometryFire
20:57:52.517 Warning: No components in dz\gear\camping\shelter_kit_placing.p3d:geometryFire
20:57:52.522 Warning: No components in dz\gear\camping\territory_flag_kit.p3d:geometry
20:57:52.522 Warning: No components in dz\gear\camping\territory_flag_kit.p3d:geometryFire
20:57:52.522 Warning: No components in dz\gear\camping\territory_flag_kit.p3d:geometryView
20:57:52.522 Warning: No components in dz\gear\camping\territory_flag_kit_placing.p3d:geometryFire
20:57:52.522 Warning: No components in dz\gear\camping\territory_flag_kit_placing.p3d:geometryView
20:57:52.528 Warning: No components in dz\gear\containers\waterproofbag.p3d:geometryView
20:57:52.547 Warning: No components in dz\gear\crafting\bp_rope.p3d:geometry
20:57:52.567 Warning: No components in dz\gear\crafting\gasmask_filter_improvised.p3d:geometry
20:57:52.578 Warning: No components in dz\gear\cultivation\tomato_seeds.p3d:geometryFire
20:57:52.579 Warning: No components in dz\gear\cultivation\pepper_seeds.p3d:geometryFire
20:57:52.579 Warning: No components in dz\gear\cultivation\pumpkin_seeds.p3d:geometryFire
20:57:52.580 Warning: No components in dz\gear\cultivation\zucchini_seeds.p3d:geometryFire
20:57:52.603 Warning: No components in dz\gear\cultivation\cannabis_seeds.p3d:geometryFire
20:57:52.605 Warning: No components in dz\gear\cultivation\plant_material.p3d:geometry
20:57:52.628 Warning: No components in dz\gear\cultivation\tomato_plant.p3d:geometryFire
20:57:52.629 Warning: No components in dz\gear\cultivation\pepper_plant.p3d:geometryFire
20:57:52.629 Warning: No components in dz\gear\cultivation\potato_plant.p3d:geometryFire
20:57:52.629 Warning: No components in dz\gear\cultivation\pumpkin_plant.p3d:geometryFire
20:57:52.630 Warning: No components in dz\gear\cultivation\zucchini_plant.p3d:geometryFire
20:57:52.630 Warning: No components in dz\gear\cultivation\cannabis_plant.p3d:geometryFire
20:57:52.631 Warning: No components in dz\gear\cultivation\garden_plot_greenhouse.p3d:geometryFire
20:57:52.633 Warning: No components in dz\gear\cultivation\garden_plot_polytunnel.p3d:geometry
20:57:52.670 Warning: No components in dz\gear\food\can_sardines.p3d:geometryFire
20:57:52.670 Warning: No components in dz\gear\food\can_sardines_open.p3d:geometryFire
20:57:52.673 Warning: No components in dz\gear\food\plum.p3d:geometry
20:57:52.682 Warning: No components in dz\gear\food\pumpkin_fresh.p3d:geometry
20:57:52.684 Warning: No components in dz\gear\food\sambucus_nigra.p3d:geometry
20:57:52.684 Warning: No components in dz\gear\food\human_meat.p3d:geometryFire
20:57:52.684 Warning: No components in dz\gear\food\human_meat.p3d:geometryView
20:57:52.687 Warning: No components in dz\gear\food\mackerel_fillet.p3d:geometry
20:57:52.688 Warning: No components in dz\gear\food\walleye_pollock_fillet.p3d:geometry
20:57:52.689 Warning: No components in dz\gear\food\bitterlings.p3d:geometry
20:57:52.690 Warning: No components in dz\gear\food\shrimp.p3d:geometry
20:57:52.691 Warning: No components in dz\gear\food\bait_worm.p3d:geometry
20:57:52.693 Warning: No components in dz\gear\food\vulpes_vulpes_dead.p3d:geometry
20:57:52.693 Warning: No components in dz\gear\food\vulpes_vulpes_dead.p3d:geometryView
20:57:52.696 Warning: No components in dz\gear\food\mushroom_pleurotus.p3d:geometry
20:57:52.696 Warning: No components in dz\gear\food\mushroom_craterellus.p3d:geometry
20:57:52.702 Warning: No components in dz\gear\medical\improvised_fixture.p3d:geometryFire
20:57:52.810 Warning: No components in dz\structures\furniture\decoration\carpet_big\carpet_big.p3d:geometry
20:57:52.818 Warning: No components in dz\structures\furniture\decoration\bucket\plasticbucket.p3d:geometryFire
20:57:52.826 Warning: No components in dz\structures\furniture\lighting\fluor_lamp\fluor_lamp.p3d:geometry
20:57:52.827 Warning: No components in dz\structures\furniture\lighting\hangar_lamp\hangar_lamp.p3d:geometry
20:57:52.828 Warning: No components in dz\structures\furniture\lighting\light_kitchen_03\light_kitchen_03.p3d:geometry
20:57:52.829 Warning: No components in dz\structures\furniture\medical\medical_garbage\medicalgarbage_bandage.p3d:geometry
20:57:52.830 Warning: No components in dz\structures\furniture\prison\prison_sink.p3d:geometry
20:57:52.830 Warning: No components in dz\structures\furniture\prison\prison_toilet.p3d:geometry
20:57:52.830 Warning Message: Cannot open object dz\structures\furniture\bathroom\toilet_b_02\toilet_b_02_v2.p3d
20:57:52.831 Warning: No components in dz\structures\furniture\school_equipment\anatomy_poster_1.p3d:geometry
20:57:52.831 Warning: No components in dz\structures\furniture\school_equipment\anatomy_poster_2.p3d:geometry
20:57:52.833 Warning: No components in dz\structures\furniture\school_equipment\flag_chernarus_wall.p3d:geometry
20:57:52.834 Warning: No components in dz\structures\furniture\school_equipment\intercom_speaker.p3d:geometry
20:57:52.836 Warning: No components in dz\structures\furniture\school_equipment\periodic_table.p3d:geometry
20:57:52.840 Warning: No components in dz\structures\furniture\school_equipment\school_ringbell.p3d:geometry
20:57:52.840 Warning: No components in dz\structures\furniture\school_equipment\tac_board.p3d:geometry
20:57:52.840 Warning: No components in dz\structures\furniture\school_equipment\tac_board_posters_level1.p3d:geometry
20:57:52.840 Warning: No components in dz\structures\furniture\school_equipment\tac_board_posters_level2.p3d:geometry
20:57:52.841 Warning: No components in dz\structures\furniture\school_equipment\wall_hanger.p3d:geometry
20:57:52.841 Warning: No components in dz\structures\furniture\school_equipment\yellow_star.p3d:geometry
20:57:52.845 Warning: No components in dz\structures\furniture\various\boots_dz.p3d:geometry
20:57:52.845 Warning: No components in dz\structures\furniture\various\carpet_2_dz.p3d:geometry
20:57:52.846 Warning: No components in dz\structures\furniture\various\debris_small_house.p3d:geometry
20:57:52.846 Warning: No components in dz\structures\furniture\various\debris_small_house.p3d:geometryView
20:57:52.847 Warning: No components in dz\structures\furniture\various\dirtpile_small_house.p3d:geometry
20:57:52.847 Warning: No components in dz\structures\furniture\various\dirtpile_small_house.p3d:geometryView
20:57:52.847 Warning: No components in dz\structures\furniture\various\flagholder.p3d:geometryView
20:57:52.849 Warning: No components in dz\structures\furniture\various\sawhorse_dz.p3d:geometryView
20:57:52.850 Warning: No components in dz\structures\furniture\various\vise.p3d:geometry
20:57:52.887 PerfWarning: Way too much components (1133) in dz\structures\industrial\cementworks\cementworks_silobig1b.p3d:geometryFire
20:57:52.905 PerfWarning: Way too much components (1020) in dz\structures\industrial\cementworks\cementworks_expeditiona.p3d:geometryFire
20:57:52.926 PerfWarning: Way too much components (954) in dz\structures\industrial\cementworks\cementworks_millb.p3d:geometryFire
20:57:52.952 PerfWarning: Way too much components (1497) in dz\structures\industrial\construction\construction_building.p3d:geometryFire
20:57:52.957 PerfWarning: Way too much components (601) in dz\structures\industrial\construction\construction_crane.p3d:geometryFire
20:57:52.991 Convex "component09" selection faces are less then 4 in dz\structures\industrial\containers\containerlocked.p3d:geometryView
20:57:52.998 PerfWarning: Way too much components (564) in dz\structures\industrial\farms\barn_wood1.p3d:geometryFire
20:57:53.04  PerfWarning: Way too much components (1041) in dz\structures\industrial\farms\barn_metal_big.p3d:geometryFire
20:57:53.12  PerfWarning: Way too much components (1041) in dz\structures\industrial\farms\barn_metal_big_grey.p3d:geometryFire
20:57:53.41  PerfWarning: Way too much components (658) in dz\structures\industrial\harbour\boathouse.p3d:geometryFire
20:57:53.54  PerfWarning: Way too much components (715) in dz\structures\industrial\houses\factory_lathes.p3d:geometryFire
20:57:53.60  PerfWarning: Way too much components (982) in dz\structures\industrial\houses\factory_small.p3d:geometryFire
20:57:53.73  PerfWarning: Way too much components (700) in dz\structures\industrial\mines\mine_building.p3d:geometryFire
20:57:53.76  PerfWarning: Way too much components (558) in dz\structures\industrial\misc\misc_scaffolding.p3d:geometryFire
20:57:53.77  Warning: No components in dz\structures\industrial\misc\misc_through_static.p3d:geometry
20:57:53.120 PerfWarning: Way too much components (560) in dz\structures\industrial\power\power_station.p3d:geometryFire
20:57:53.132 Convex "component98" selection faces are less then 4 in dz\structures\industrial\sawmills\sawmill_building.p3d:geometry
20:57:53.133 PerfWarning: Way too much components (541) in dz\structures\industrial\sawmills\sawmill_building.p3d:geometryFire
20:57:53.133 Convex "component97" selection faces are less then 4 in dz\structures\industrial\sawmills\sawmill_building.p3d:geometryView
20:57:53.133 Convex "component98" selection faces are less then 4 in dz\structures\industrial\sawmills\sawmill_building.p3d:geometryView
20:57:53.223 Warning: No components in dz\structures\industrial\harbour\pier_crane_rails.p3d:geometry
20:57:53.225 Convex "component02" selection faces are less then 4 in dz\structures\industrial\harbour\pier_wooden1_end.p3d:geometryFire
20:57:53.225 Convex "component05" selection faces are less then 4 in dz\structures\industrial\harbour\pier_wooden1_end.p3d:geometryFire
20:57:53.225 Convex "component07" selection faces are less then 4 in dz\structures\industrial\harbour\pier_wooden1_end.p3d:geometryFire
20:57:53.225 Convex "component11" selection faces are less then 4 in dz\structures\industrial\harbour\pier_wooden1_end.p3d:geometryFire
20:57:53.225 Convex "component14" selection faces are less then 4 in dz\structures\industrial\harbour\pier_wooden1_end.p3d:geometryFire
20:57:53.225 Convex "component17" selection faces are less then 4 in dz\structures\industrial\harbour\pier_wooden1_end.p3d:geometryFire
20:57:53.225 Convex "component20" selection faces are less then 4 in dz\structures\industrial\harbour\pier_wooden1_end.p3d:geometryFire
20:57:53.225 Convex "component21" selection faces are less then 4 in dz\structures\industrial\harbour\pier_wooden1_end.p3d:geometryFire
20:57:53.225 Convex "component23" selection faces are less then 4 in dz\structures\industrial\harbour\pier_wooden1_end.p3d:geometryFire
20:57:53.225 Convex "component24" selection faces are less then 4 in dz\structures\industrial\harbour\pier_wooden1_end.p3d:geometryFire
20:57:53.225 Convex "component25" selection faces are less then 4 in dz\structures\industrial\harbour\pier_wooden1_end.p3d:geometryFire
20:57:53.225 Convex "component26" selection faces are less then 4 in dz\structures\industrial\harbour\pier_wooden1_end.p3d:geometryFire
20:57:53.225 Convex "component28" selection faces are less then 4 in dz\structures\industrial\harbour\pier_wooden1_end.p3d:geometryFire
20:57:53.225 Convex "component29" selection faces are less then 4 in dz\structures\industrial\harbour\pier_wooden1_end.p3d:geometryFire
20:57:53.225 Convex "component31" selection faces are less then 4 in dz\structures\industrial\harbour\pier_wooden1_end.p3d:geometryFire
20:57:53.225 Convex "component32" selection faces are less then 4 in dz\structures\industrial\harbour\pier_wooden1_end.p3d:geometryFire
20:57:53.225 Convex "component33" selection faces are less then 4 in dz\structures\industrial\harbour\pier_wooden1_end.p3d:geometryFire
20:57:53.225 Convex "component34" selection faces are less then 4 in dz\structures\industrial\harbour\pier_wooden1_end.p3d:geometryFire
20:57:53.225 Convex "component35" selection faces are less then 4 in dz\structures\industrial\harbour\pier_wooden1_end.p3d:geometryFire
20:57:53.225 Convex "component36" selection faces are less then 4 in dz\structures\industrial\harbour\pier_wooden1_end.p3d:geometryFire
20:57:53.225 Convex "component37" selection faces are less then 4 in dz\structures\industrial\harbour\pier_wooden1_end.p3d:geometryFire
20:57:53.249 Warning: No components in dz\structures\industrial\misc\lamp_ind.p3d:geometryView
20:57:53.249 Warning: No components in dz\structures\industrial\misc\lamp_rail.p3d:geometryView
20:57:53.254 Warning: No components in dz\structures\industrial\misc\misc_pallets1.p3d:geometry
20:57:53.258 Warning: No components in dz\structures\industrial\misc\misc_timbers_log1.p3d:geometry
20:57:53.258 Warning: No components in dz\structures\industrial\misc\misc_timbers_log2.p3d:geometry
20:57:53.259 Warning: No components in dz\structures\industrial\misc\misc_timbers_log3.p3d:geometry
20:57:53.259 Warning: No components in dz\structures\industrial\misc\misc_timbers_log4.p3d:geometry
20:57:53.282 Warning: No components in dz\structures\industrial\power\power_hv_line.p3d:geometry
20:57:53.295 Warning: No components in dz\structures\industrial\power\power_hv_line_80m_damaged.p3d:geometryFire
20:57:53.295 Warning: No components in dz\structures\industrial\power\power_hv_line_80m_damaged.p3d:geometryView
20:57:53.296 Warning: No components in dz\structures\industrial\power\power_hv_line_damaged.p3d:geometry
20:57:53.296 Warning: No components in dz\structures\industrial\power\power_hv_line_turnl.p3d:geometry
20:57:53.296 Warning: No components in dz\structures\industrial\power\power_hv_line_turnr.p3d:geometry
20:57:53.302 Warning: No components in dz\structures\industrial\power\power_transformerstation_cables.p3d:geometry
20:57:53.309 Warning: No components in dz\structures\military\improvised\mil_camonet_roof_east.p3d:geometryView
20:57:53.314 PerfWarning: Way too much components (660) in dz\structures\military\airfield\mil_airfield_hq.p3d:geometryFire
20:57:53.343 PerfWarning: Way too much components (732) in dz\structures\military\airfield\mil_atc_small.p3d:geometryFire
20:57:53.383 Convex "component634" selection faces are less then 4 in dz\structures\military\airfield\mil_atc_big.p3d:geometryFire
20:57:53.383 Convex "component635" selection faces are less then 4 in dz\structures\military\airfield\mil_atc_big.p3d:geometryFire
20:57:53.383 Convex "component638" selection faces are less then 4 in dz\structures\military\airfield\mil_atc_big.p3d:geometryFire
20:57:53.383 Convex "component639" selection faces are less then 4 in dz\structures\military\airfield\mil_atc_big.p3d:geometryFire
20:57:53.383 PerfWarning: Way too much components (635) in dz\structures\military\airfield\mil_atc_big.p3d:geometryFire
20:57:53.383 PerfWarning: Way too much components (635) in dz\structures\military\airfield\mil_atc_big.p3d:geometryView
20:57:53.400 PerfWarning: Way too much components (564) in dz\structures\military\houses\mil_barracks5.p3d:geometryFire
20:57:53.428 PerfWarning: Way too much components (804) in dz\structures\military\houses\mil_barracks5_basement.p3d:geometryFire
20:57:53.456 PerfWarning: Way too much components (592) in dz\structures\military\houses\mil_guardtower.p3d:geometryFire
20:57:53.461 Warning: No components in dz\structures\military\improvised\mil_tent_big1_1.p3d:geometryFire
20:57:53.461 Warning: No components in dz\structures\military\improvised\mil_tent_big1_1.p3d:geometryView
20:57:53.462 Warning: No components in dz\structures\military\improvised\mil_tent_big1_2.p3d:geometryFire
20:57:53.462 Warning: No components in dz\structures\military\improvised\mil_tent_big1_2.p3d:geometryView
20:57:53.462 Warning: No components in dz\structures\military\improvised\mil_tent_big1_3.p3d:geometryFire
20:57:53.462 Warning: No components in dz\structures\military\improvised\mil_tent_big1_3.p3d:geometryView
20:57:53.463 Warning: No components in dz\structures\military\improvised\mil_tent_big1_4.p3d:geometryFire
20:57:53.463 Warning: No components in dz\structures\military\improvised\mil_tent_big1_4.p3d:geometryView
20:57:53.464 Warning: No components in dz\structures\military\improvised\mil_tent_big1_5.p3d:geometryFire
20:57:53.464 Warning: No components in dz\structures\military\improvised\mil_tent_big1_5.p3d:geometryView
20:57:53.464 Warning: No components in dz\structures\military\improvised\mil_tent_big2_1.p3d:geometryFire
20:57:53.464 Warning: No components in dz\structures\military\improvised\mil_tent_big2_1.p3d:geometryView
20:57:53.464 Warning: No components in dz\structures\military\improvised\mil_tent_big2_2.p3d:geometryFire
20:57:53.464 Warning: No components in dz\structures\military\improvised\mil_tent_big2_2.p3d:geometryView
20:57:53.465 Warning: No components in dz\structures\military\improvised\mil_tent_big2_3.p3d:geometryFire
20:57:53.465 Warning: No components in dz\structures\military\improvised\mil_tent_big2_3.p3d:geometryView
20:57:53.466 Warning: No components in dz\structures\military\improvised\mil_tent_big2_4.p3d:geometryFire
20:57:53.466 Warning: No components in dz\structures\military\improvised\mil_tent_big2_4.p3d:geometryView
20:57:53.466 Warning: No components in dz\structures\military\improvised\mil_tent_big2_5.p3d:geometryFire
20:57:53.466 Warning: No components in dz\structures\military\improvised\mil_tent_big2_5.p3d:geometryView
20:57:53.497 PerfWarning: Way too much components (912) in dz\structures\military\tisy\tisy_hq.p3d:geometryFire
20:57:53.543 PerfWarning: Way too much components (839) in dz\structures\military\tisy\tisy_radarb_base.p3d:geometryView
20:57:53.554 PerfWarning: Way too much components (601) in dz\structures\military\tisy\tisy_radarb_antenna.p3d:geometryFire
20:57:53.568 Convex "component839" selection faces are less then 4 in dz\structures\military\tisy\tisy_barracks.p3d:geometryFire
20:57:53.568 Convex "component843" selection faces are less then 4 in dz\structures\military\tisy\tisy_barracks.p3d:geometryFire
20:57:53.568 Convex "component880" selection faces are less then 4 in dz\structures\military\tisy\tisy_barracks.p3d:geometryFire
20:57:53.568 Convex "component977" selection faces are less then 4 in dz\structures\military\tisy\tisy_barracks.p3d:geometryFire
20:57:53.568 Convex "component1010" selection faces are less then 4 in dz\structures\military\tisy\tisy_barracks.p3d:geometryFire
20:57:53.569 Convex "component1171" selection faces are less then 4 in dz\structures\military\tisy\tisy_barracks.p3d:geometryFire
20:57:53.569 Convex "component1172" selection faces are less then 4 in dz\structures\military\tisy\tisy_barracks.p3d:geometryFire
20:57:53.569 Convex "component1175" selection faces are less then 4 in dz\structures\military\tisy\tisy_barracks.p3d:geometryFire
20:57:53.569 Convex "component1177" selection faces are less then 4 in dz\structures\military\tisy\tisy_barracks.p3d:geometryFire
20:57:53.569 Convex "component1179" selection faces are less then 4 in dz\structures\military\tisy\tisy_barracks.p3d:geometryFire
20:57:53.569 Convex "component1181" selection faces are less then 4 in dz\structures\military\tisy\tisy_barracks.p3d:geometryFire
20:57:53.569 Convex "component1516" selection faces are less then 4 in dz\structures\military\tisy\tisy_barracks.p3d:geometryFire
20:57:53.571 PerfWarning: Way too much components (1908) in dz\structures\military\tisy\tisy_barracks.p3d:geometryFire
20:57:53.589 PerfWarning: Way too much components (634) in dz\structures\military\airfield\airfield_hangar_green.p3d:geometryFire
20:57:53.600 PerfWarning: Way too much components (627) in dz\structures\military\airfield\airfield_servicehangar_r.p3d:geometryFire
20:57:53.609 PerfWarning: Way too much components (566) in dz\structures\military\airfield\airfield_servicehangar_l.p3d:geometryFire
20:57:53.625 Convex "component1102" selection faces are less then 4 in dz\structures\military\airfield\airfield_radar_tall.p3d:geometryFire
20:57:53.625 Convex "component1106" selection faces are less then 4 in dz\structures\military\airfield\airfield_radar_tall.p3d:geometryFire
20:57:53.625 Convex "component1110" selection faces are less then 4 in dz\structures\military\airfield\airfield_radar_tall.p3d:geometryFire
20:57:53.625 Convex "component1113" selection faces are less then 4 in dz\structures\military\airfield\airfield_radar_tall.p3d:geometryFire
20:57:53.625 Convex "component1114" selection faces are less then 4 in dz\structures\military\airfield\airfield_radar_tall.p3d:geometryFire
20:57:53.625 Convex "component1118" selection faces are less then 4 in dz\structures\military\airfield\airfield_radar_tall.p3d:geometryFire
20:57:53.625 Convex "component1121" selection faces are less then 4 in dz\structures\military\airfield\airfield_radar_tall.p3d:geometryFire
20:57:53.625 Convex "component1122" selection faces are less then 4 in dz\structures\military\airfield\airfield_radar_tall.p3d:geometryFire
20:57:53.625 Convex "component1123" selection faces are less then 4 in dz\structures\military\airfield\airfield_radar_tall.p3d:geometryFire
20:57:53.625 Convex "component1124" selection faces are less then 4 in dz\structures\military\airfield\airfield_radar_tall.p3d:geometryFire
20:57:53.625 Convex "component1125" selection faces are less then 4 in dz\structures\military\airfield\airfield_radar_tall.p3d:geometryFire
20:57:53.625 Convex "component1126" selection faces are less then 4 in dz\structures\military\airfield\airfield_radar_tall.p3d:geometryFire
20:57:53.625 Convex "component1127" selection faces are less then 4 in dz\structures\military\airfield\airfield_radar_tall.p3d:geometryFire
20:57:53.625 Convex "component1128" selection faces are less then 4 in dz\structures\military\airfield\airfield_radar_tall.p3d:geometryFire
20:57:53.625 Convex "component1129" selection faces are less then 4 in dz\structures\military\airfield\airfield_radar_tall.p3d:geometryFire
20:57:53.625 Convex "component1130" selection faces are less then 4 in dz\structures\military\airfield\airfield_radar_tall.p3d:geometryFire
20:57:53.625 Convex "component1131" selection faces are less then 4 in dz\structures\military\airfield\airfield_radar_tall.p3d:geometryFire
20:57:53.625 Convex "component1132" selection faces are less then 4 in dz\structures\military\airfield\airfield_radar_tall.p3d:geometryFire
20:57:53.625 Convex "component1133" selection faces are less then 4 in dz\structures\military\airfield\airfield_radar_tall.p3d:geometryFire
20:57:53.625 Convex "component1134" selection faces are less then 4 in dz\structures\military\airfield\airfield_radar_tall.p3d:geometryFire
20:57:53.625 Convex "component1135" selection faces are less then 4 in dz\structures\military\airfield\airfield_radar_tall.p3d:geometryFire
20:57:53.625 Convex "component1136" selection faces are less then 4 in dz\structures\military\airfield\airfield_radar_tall.p3d:geometryFire
20:57:53.625 Convex "component1137" selection faces are less then 4 in dz\structures\military\airfield\airfield_radar_tall.p3d:geometryFire
20:57:53.625 Convex "component1138" selection faces are less then 4 in dz\structures\military\airfield\airfield_radar_tall.p3d:geometryFire
20:57:53.625 Convex "component1139" selection faces are less then 4 in dz\structures\military\airfield\airfield_radar_tall.p3d:geometryFire
20:57:53.625 Convex "component1140" selection faces are less then 4 in dz\structures\military\airfield\airfield_radar_tall.p3d:geometryFire
20:57:53.625 Convex "component1141" selection faces are less then 4 in dz\structures\military\airfield\airfield_radar_tall.p3d:geometryFire
20:57:53.625 Convex "component1142" selection faces are less then 4 in dz\structures\military\airfield\airfield_radar_tall.p3d:geometryFire
20:57:53.625 Convex "component1143" selection faces are less then 4 in dz\structures\military\airfield\airfield_radar_tall.p3d:geometryFire
20:57:53.625 Convex "component1144" selection faces are less then 4 in dz\structures\military\airfield\airfield_radar_tall.p3d:geometryFire
20:57:53.625 Convex "component1145" selection faces are less then 4 in dz\structures\military\airfield\airfield_radar_tall.p3d:geometryFire
20:57:53.625 Convex "component1146" selection faces are less then 4 in dz\structures\military\airfield\airfield_radar_tall.p3d:geometryFire
20:57:53.625 Convex "component1147" selection faces are less then 4 in dz\structures\military\airfield\airfield_radar_tall.p3d:geometryFire
20:57:53.625 Convex "component1148" selection faces are less then 4 in dz\structures\military\airfield\airfield_radar_tall.p3d:geometryFire
20:57:53.625 Convex "component1149" selection faces are less then 4 in dz\structures\military\airfield\airfield_radar_tall.p3d:geometryFire
20:57:53.625 Convex "component1150" selection faces are less then 4 in dz\structures\military\airfield\airfield_radar_tall.p3d:geometryFire
20:57:53.625 Convex "component1151" selection faces are less then 4 in dz\structures\military\airfield\airfield_radar_tall.p3d:geometryFire
20:57:53.625 Convex "component1152" selection faces are less then 4 in dz\structures\military\airfield\airfield_radar_tall.p3d:geometryFire
20:57:53.625 Convex "component1153" selection faces are less then 4 in dz\structures\military\airfield\airfield_radar_tall.p3d:geometryFire
20:57:53.625 Convex "component1154" selection faces are less then 4 in dz\structures\military\airfield\airfield_radar_tall.p3d:geometryFire
20:57:53.625 Convex "component1155" selection faces are less then 4 in dz\structures\military\airfield\airfield_radar_tall.p3d:geometryFire
20:57:53.625 Convex "component1156" selection faces are less then 4 in dz\structures\military\airfield\airfield_radar_tall.p3d:geometryFire
20:57:53.625 Convex "component1157" selection faces are less then 4 in dz\structures\military\airfield\airfield_radar_tall.p3d:geometryFire
20:57:53.625 Convex "component1158" selection faces are less then 4 in dz\structures\military\airfield\airfield_radar_tall.p3d:geometryFire
20:57:53.625 Convex "component1160" selection faces are less then 4 in dz\structures\military\airfield\airfield_radar_tall.p3d:geometryFire
20:57:53.625 Convex "component1161" selection faces are less then 4 in dz\structures\military\airfield\airfield_radar_tall.p3d:geometryFire
20:57:53.625 Convex "component1162" selection faces are less then 4 in dz\structures\military\airfield\airfield_radar_tall.p3d:geometryFire
20:57:53.625 Convex "component1163" selection faces are less then 4 in dz\structures\military\airfield\airfield_radar_tall.p3d:geometryFire
20:57:53.625 Convex "component1164" selection faces are less then 4 in dz\structures\military\airfield\airfield_radar_tall.p3d:geometryFire
20:57:53.625 Convex "component1165" selection faces are less then 4 in dz\structures\military\airfield\airfield_radar_tall.p3d:geometryFire
20:57:53.625 Convex "component1166" selection faces are less then 4 in dz\structures\military\airfield\airfield_radar_tall.p3d:geometryFire
20:57:53.625 Convex "component1167" selection faces are less then 4 in dz\structures\military\airfield\airfield_radar_tall.p3d:geometryFire
20:57:53.625 Convex "component1168" selection faces are less then 4 in dz\structures\military\airfield\airfield_radar_tall.p3d:geometryFire
20:57:53.625 Convex "component1169" selection faces are less then 4 in dz\structures\military\airfield\airfield_radar_tall.p3d:geometryFire
20:57:53.625 Convex "component1170" selection faces are less then 4 in dz\structures\military\airfield\airfield_radar_tall.p3d:geometryFire
20:57:53.625 Convex "component1171" selection faces are less then 4 in dz\structures\military\airfield\airfield_radar_tall.p3d:geometryFire
20:57:53.625 Convex "component1172" selection faces are less then 4 in dz\structures\military\airfield\airfield_radar_tall.p3d:geometryFire
20:57:53.625 Convex "component1173" selection faces are less then 4 in dz\structures\military\airfield\airfield_radar_tall.p3d:geometryFire
20:57:53.625 Convex "component1174" selection faces are less then 4 in dz\structures\military\airfield\airfield_radar_tall.p3d:geometryFire
20:57:53.625 Convex "component1175" selection faces are less then 4 in dz\structures\military\airfield\airfield_radar_tall.p3d:geometryFire
20:57:53.625 Convex "component1176" selection faces are less then 4 in dz\structures\military\airfield\airfield_radar_tall.p3d:geometryFire
20:57:53.625 Convex "component1177" selection faces are less then 4 in dz\structures\military\airfield\airfield_radar_tall.p3d:geometryFire
20:57:53.625 Convex "component1178" selection faces are less then 4 in dz\structures\military\airfield\airfield_radar_tall.p3d:geometryFire
20:57:53.625 Convex "component1179" selection faces are less then 4 in dz\structures\military\airfield\airfield_radar_tall.p3d:geometryFire
20:57:53.625 Convex "component1180" selection faces are less then 4 in dz\structures\military\airfield\airfield_radar_tall.p3d:geometryFire
20:57:53.625 Convex "component1181" selection faces are less then 4 in dz\structures\military\airfield\airfield_radar_tall.p3d:geometryFire
20:57:53.625 Convex "component1182" selection faces are less then 4 in dz\structures\military\airfield\airfield_radar_tall.p3d:geometryFire
20:57:53.625 Convex "component1183" selection faces are less then 4 in dz\structures\military\airfield\airfield_radar_tall.p3d:geometryFire
20:57:53.625 Convex "component1184" selection faces are less then 4 in dz\structures\military\airfield\airfield_radar_tall.p3d:geometryFire
20:57:53.625 Convex "component1185" selection faces are less then 4 in dz\structures\military\airfield\airfield_radar_tall.p3d:geometryFire
20:57:53.625 Convex "component1186" selection faces are less then 4 in dz\structures\military\airfield\airfield_radar_tall.p3d:geometryFire
20:57:53.625 Convex "component1187" selection faces are less then 4 in dz\structures\military\airfield\airfield_radar_tall.p3d:geometryFire
20:57:53.625 Convex "component1188" selection faces are less then 4 in dz\structures\military\airfield\airfield_radar_tall.p3d:geometryFire
20:57:53.625 Convex "component1189" selection faces are less then 4 in dz\structures\military\airfield\airfield_radar_tall.p3d:geometryFire
20:57:53.625 Convex "component1190" selection faces are less then 4 in dz\structures\military\airfield\airfield_radar_tall.p3d:geometryFire
20:57:53.625 Convex "component1191" selection faces are less then 4 in dz\structures\military\airfield\airfield_radar_tall.p3d:geometryFire
20:57:53.625 Convex "component1192" selection faces are less then 4 in dz\structures\military\airfield\airfield_radar_tall.p3d:geometryFire
20:57:53.625 Convex "component1193" selection faces are less then 4 in dz\structures\military\airfield\airfield_radar_tall.p3d:geometryFire
20:57:53.625 Convex "component1194" selection faces are less then 4 in dz\structures\military\airfield\airfield_radar_tall.p3d:geometryFire
20:57:53.625 Convex "component1195" selection faces are less then 4 in dz\structures\military\airfield\airfield_radar_tall.p3d:geometryFire
20:57:53.625 Convex "component1196" selection faces are less then 4 in dz\structures\military\airfield\airfield_radar_tall.p3d:geometryFire
20:57:53.625 Convex "component1197" selection faces are less then 4 in dz\structures\military\airfield\airfield_radar_tall.p3d:geometryFire
20:57:53.625 Convex "component1198" selection faces are less then 4 in dz\structures\military\airfield\airfield_radar_tall.p3d:geometryFire
20:57:53.625 PerfWarning: Way too much components (1116) in dz\structures\military\airfield\airfield_radar_tall.p3d:geometryFire
20:57:53.647 PerfWarning: Way too much components (1046) in dz\structures\military\airfield\mil_reinforcedtank2.p3d:geometryFire
20:57:53.684 Warning: No components in dz\structures\military\airfield\mil_aircraftshelter_grass_l.p3d:geometry
20:57:53.684 Warning: No components in dz\structures\military\airfield\mil_aircraftshelter_grass_r.p3d:geometry
20:57:53.688 Warning: No components in dz\structures\military\airfield\mil_blastcover1_grass.p3d:geometry
20:57:53.690 Warning: No components in dz\structures\military\airfield\mil_blastcover2_grass.p3d:geometry
20:57:53.692 Warning: No components in dz\structures\military\airfield\mil_blastcover3_grass.p3d:geometry
20:57:53.693 Warning: No components in dz\structures\military\airfield\mil_blastcover4_grass_l.p3d:geometry
20:57:53.693 Warning: No components in dz\structures\military\airfield\mil_blastcover4_grass_r.p3d:geometry
20:57:53.694 Warning: No components in dz\structures\military\airfield\mil_reinforcedtank1_grass.p3d:geometry
20:57:53.694 Warning: No components in dz\structures\military\airfield\mil_reinforcedtank2_grass_l.p3d:geometry
20:57:53.694 Warning: No components in dz\structures\military\airfield\mil_reinforcedtank2_grass_r.p3d:geometry
20:57:53.694 Warning: No components in dz\structures\military\airfield\mil_reinforcedtank2_grass_top.p3d:geometry
20:57:53.703 Warning: No components in dz\structures\military\improvised\mil_camonet_big_east.p3d:geometryView
20:57:53.704 Warning: No components in dz\structures\military\improvised\mil_camonet_big_nato.p3d:geometryView
20:57:53.704 Warning: No components in dz\structures\military\improvised\mil_camonet_side_east.p3d:geometryView
20:57:53.704 Warning: No components in dz\structures\military\improvised\mil_camonet_side_nato.p3d:geometryView
20:57:53.715 Warning: No components in dz\structures\military\misc\misc_antenna.p3d:geometryView
20:57:53.755 Warning: No components in dz\structures\military\misc\misc_cover_big.p3d:geometry
20:57:53.756 Warning: No components in dz\structures\military\misc\misc_cover_small.p3d:geometry
20:57:53.760 Warning: No components in dz\structures\military\misc\misc_obstacle_crawl.p3d:geometryView
20:57:53.761 Warning: No components in dz\structures\military\misc\misc_obstacle_cross.p3d:geometryView
20:57:53.763 Warning: No components in dz\structures\military\misc\misc_obstacle_runaround.p3d:geometryView
20:57:53.767 Warning: No components in dz\structures\military\tisy\tisy_garages_grass_l.p3d:geometry
20:57:53.767 Warning: No components in dz\structures\military\tisy\tisy_garages_grass_r.p3d:geometry
20:57:53.898 PerfWarning: Way too much components (921) in dz\structures\residential\firedep\city_firestation.p3d:geometryFire
20:57:53.929 PerfWarning: Way too much components (921) in dz\structures\residential\firedep\mil_firestation.p3d:geometryFire
20:57:53.950 Convex "component69" selection faces are less then 4 in dz\structures\residential\houseblocks\houseblock_2f1.p3d:geometryView
20:57:53.950 Convex "component84" selection faces are less then 4 in dz\structures\residential\houseblocks\houseblock_2f1.p3d:geometryView
20:57:54.29  Convex "component117" selection faces are less then 4 in dz\structures\residential\houses\house_1w08.p3d:geometryView
20:57:54.29  Convex "component120" selection faces are less then 4 in dz\structures\residential\houses\house_1w08.p3d:geometryView
20:57:54.33  Convex "component117" selection faces are less then 4 in dz\structures\residential\houses\house_1w08_brown.p3d:geometryView
20:57:54.33  Convex "component120" selection faces are less then 4 in dz\structures\residential\houses\house_1w08_brown.p3d:geometryView
20:57:54.45  Convex "component34" selection faces are less then 4 in dz\structures\residential\houses\house_1w11.p3d:geometry
20:57:54.50  PerfWarning: Way too much components (535) in dz\structures\residential\houses\house_1w12.p3d:geometryFire
20:57:54.53  PerfWarning: Way too much components (535) in dz\structures\residential\houses\house_1w12_brown.p3d:geometryFire
20:57:54.76  Convex "component81" selection faces are less then 4 in dz\structures\residential\houses\house_2w02.p3d:geometryView
20:57:54.101 PerfWarning: Way too much components (677) in dz\structures\residential\medical\city_hospital.p3d:geometryFire
20:57:54.137 PerfWarning: Way too much components (859) in dz\structures\residential\medical\village_healthcare.p3d:geometryFire
20:57:54.231 PerfWarning: Way too much components (999) in dz\structures\residential\medical\medical_tent_big.p3d:geometryFire
20:57:54.259 Warning: No components in dz\structures\residential\misc\lamp_city1_amp.p3d:geometryView
20:57:54.263 PerfWarning: Way too much components (804) in dz\structures\residential\offices\office_municipal1.p3d:geometryFire
20:57:54.272 PerfWarning: Way too much components (1212) in dz\structures\residential\offices\office_municipal2.p3d:geometryFire
20:57:54.282 PerfWarning: Way too much components (1027) in dz\structures\residential\offices\office1.p3d:geometryFire
20:57:54.292 PerfWarning: Way too much components (1200) in dz\structures\residential\offices\office2.p3d:geometryFire
20:57:54.299 PerfWarning: Way too much components (742) in dz\structures\residential\police\village_policestation.p3d:geometryFire
20:57:54.308 PerfWarning: Way too much components (804) in dz\structures\residential\police\city_policestation.p3d:geometryFire
20:57:54.327 PerfWarning: Way too much components (777) in dz\structures\residential\schools\city_school.p3d:geometryFire
20:57:54.342 PerfWarning: Way too much components (562) in dz\structures\residential\stores\city_store_withstairs.p3d:geometryFire
20:57:54.353 PerfWarning: Way too much components (642) in dz\structures\residential\tenements\tenement_big.p3d:geometryFire
20:57:54.359 PerfWarning: Way too much components (647) in dz\structures\residential\tenements\tenement_small.p3d:geometryFire
20:57:54.364 Warning: No components in dz\structures\residential\misc\garbage_ground_6m.p3d:geometry
20:57:54.364 Warning: No components in dz\structures\residential\misc\garbage_ground_6m_nolc.p3d:geometry
20:57:54.364 Warning: No components in dz\structures\residential\misc\garbage_groundsq_3m.p3d:geometry
20:57:54.364 Warning: No components in dz\structures\residential\misc\garbage_groundsq_3m_nolc.p3d:geometry
20:57:54.364 Warning: No components in dz\structures\residential\misc\garbage_groundsq_5m.p3d:geometry
20:57:54.364 Warning: No components in dz\structures\residential\misc\garbage_groundsq_5m_nolc.p3d:geometry
20:57:54.364 Warning: No components in dz\structures\residential\misc\garbage_pile2.p3d:geometry
20:57:54.365 Warning: No components in dz\structures\residential\misc\garbage_pile3.p3d:geometry
20:57:54.371 Warning: No components in dz\structures\residential\misc\lamp_city1.p3d:geometryView
20:57:54.371 Warning: No components in dz\structures\residential\misc\lamp_city2.p3d:geometryView
20:57:54.371 Warning: No components in dz\structures\residential\misc\lamp_city3.p3d:geometryView
20:57:54.375 Warning: No components in dz\structures\residential\misc\misc_boundarystone.p3d:geometry
20:57:54.375 Warning: No components in dz\structures\residential\misc\misc_boundarystone_plastic.p3d:geometry
20:57:54.376 Warning: No components in dz\structures\residential\misc\misc_boundarystone_tube.p3d:geometry
20:57:54.376 Warning: No components in dz\structures\residential\misc\misc_carousel_small.p3d:geometryView
20:57:54.379 Warning: No components in dz\structures\residential\misc\misc_football_gate.p3d:geometryView
20:57:54.380 SW keep height animation used for dz\structures\residential\misc\misc_football_line.p3d
20:57:54.380 Warning: No components in dz\structures\residential\misc\misc_football_line.p3d:geometry
20:57:54.380 Warning: No components in dz\structures\residential\misc\misc_football_line_corner.p3d:geometry
20:57:54.380 SW keep height animation used for dz\structures\residential\misc\misc_football_line_hcircle.p3d
20:57:54.380 Warning: No components in dz\structures\residential\misc\misc_football_line_hcircle.p3d:geometry
20:57:54.380 Warning: No components in dz\structures\residential\misc\misc_haystack.p3d:geometryFire
20:57:54.380 Warning: No components in dz\structures\residential\misc\misc_haystack.p3d:geometryView
20:57:54.426 Warning: No components in dz\structures\residential\misc\misc_sandbox.p3d:geometry
20:57:54.426 Warning: No components in dz\structures\residential\misc\misc_seesaw.p3d:geometryFire
20:57:54.426 Warning: No components in dz\structures\residential\misc\misc_seesaw.p3d:geometryView
20:57:54.431 Warning: No components in dz\structures\residential\misc\misc_trafficlights.p3d:geometryView
20:57:54.431 Warning: No components in dz\structures\residential\misc\misc_tree_protector.p3d:geometryFire
20:57:54.446 Warning Message: Cannot open object dz\structures\residential\platforms\platform2_stairs_block.p3d
20:57:54.471 Warning: No components in dz\structures\roads\decals\decal_concrete_panels.p3d:geometry
20:57:54.472 Warning: No components in dz\structures\roads\decals\decal_concrete_panels_end1.p3d:geometry
20:57:54.472 Warning: No components in dz\structures\roads\decals\decal_concrete_panels_end2.p3d:geometry
20:57:54.472 Warning: No components in dz\structures\roads\decals\decal_crosswalk.p3d:geometry
20:57:54.507 Warning: No components in dz\structures_bliss\roads\decals\decal_damage_long10.p3d:geometry
20:57:54.508 Warning: No components in dz\structures\roads\decals\decal_damage_long2.p3d:geometry
20:57:54.508 Warning: No components in dz\structures\roads\decals\decal_damage_long3.p3d:geometry
20:57:54.508 Warning: No components in dz\structures\roads\decals\decal_damage_long4.p3d:geometry
20:57:54.508 Warning: No components in dz\structures\roads\decals\decal_damage_long5.p3d:geometry
20:57:54.508 Warning: No components in dz\structures\roads\decals\decal_damage_medium1.p3d:geometry
20:57:54.508 Warning: No components in dz\structures\roads\decals\decal_damage_medium2.p3d:geometry
20:57:54.508 Warning: No components in dz\structures\roads\decals\decal_damage_small1.p3d:geometry
20:57:54.508 Warning: No components in dz\structures\roads\decals\decal_damage_small2.p3d:geometry
20:57:54.509 Warning: No components in dz\structures\roads\decals\decal_heli_army.p3d:geometry
20:57:54.509 Warning: No components in dz\structures\roads\decals\decal_manhole.p3d:geometry
20:57:54.509 Warning: No components in dz\structures\roads\decals\decal_manhole2.p3d:geometry
20:57:54.509 Warning: No components in dz\structures\roads\decals\decal_manhole3.p3d:geometry
20:57:54.509 Fresnel n must be >0, given n=0,k=0.01
20:57:54.510 Fresnel n must be >0, given n=0,k=0.01
20:57:54.510 Fresnel n must be >0, given n=0,k=0.01
20:57:54.510 Fresnel n must be >0, given n=0,k=0.01
20:57:54.510 Fresnel n must be >0, given n=0,k=0.01
20:57:54.510 Fresnel n must be >0, given n=0,k=0.01
20:57:54.510 Fresnel n must be >0, given n=0,k=0.01
20:57:54.512 Warning: No components in dz\structures\roads\panels\path_panels.p3d:geometry
20:57:54.512 Warning: No components in dz\structures\roads\panels\path_panels.p3d:geometryFire
20:57:54.512 Warning: No components in dz\structures\roads\panels\path_panels_damaged.p3d:geometry
20:57:54.512 Warning: No components in dz\structures\roads\panels\path_panels_damaged.p3d:geometryFire
20:57:54.548 Warning: No components in dz\structures\roads\parts\asf1_0 2000.p3d:geometry
20:57:54.548 Warning: No components in dz\structures\roads\parts\asf1_1 1000.p3d:geometry
20:57:54.548 Warning: No components in dz\structures\roads\parts\asf1_6.p3d:geometry
20:57:54.548 Warning: No components in dz\structures\roads\parts\asf1_6_crosswalk.p3d:geometry
20:57:54.548 Warning: No components in dz\structures\roads\parts\asf1_6konec.p3d:geometry
20:57:54.548 Warning: No components in dz\structures\roads\parts\asf1_7 100.p3d:geometry
20:57:54.549 Warning: No components in dz\structures\roads\parts\asf1_10 25.p3d:geometry
20:57:54.549 Warning: No components in dz\structures\roads\parts\asf1_10 50.p3d:geometry
20:57:54.549 Warning: No components in dz\structures\roads\parts\asf1_10 75.p3d:geometry
20:57:54.549 Warning: No components in dz\structures\roads\parts\asf1_10 100.p3d:geometry
20:57:54.549 Warning: No components in dz\structures\roads\parts\asf1_12.p3d:geometry
20:57:54.549 Warning: No components in dz\structures\roads\parts\asf1_15 75.p3d:geometry
20:57:54.549 Warning: No components in dz\structures\roads\parts\asf1_22 50.p3d:geometry
20:57:54.549 Warning: No components in dz\structures\roads\parts\asf1_25.p3d:geometry
20:57:54.549 Warning: No components in dz\structures\roads\parts\asf1_30 25.p3d:geometry
20:57:54.549 Warning: No components in dz\structures\roads\parts\asf1_60 10.p3d:geometry
20:57:54.550 Warning: No components in dz\structures\roads\parts\asf2_0 2000.p3d:geometry
20:57:54.550 Warning: No components in dz\structures\roads\parts\asf2_1 1000.p3d:geometry
20:57:54.550 Warning: No components in dz\structures\roads\parts\asf2_6.p3d:geometry
20:57:54.550 Warning: No components in dz\structures\roads\parts\asf2_6_crosswalk.p3d:geometry
20:57:54.550 Warning: No components in dz\structures\roads\parts\asf2_6konec.p3d:geometry
20:57:54.550 Warning: No components in dz\structures\roads\parts\asf2_7 100.p3d:geometry
20:57:54.550 Warning: No components in dz\structures\roads\parts\asf2_10 25.p3d:geometry
20:57:54.550 Warning: No components in dz\structures\roads\parts\asf2_10 50.p3d:geometry
20:57:54.550 Warning: No components in dz\structures\roads\parts\asf2_10 75.p3d:geometry
20:57:54.550 Warning: No components in dz\structures\roads\parts\asf2_10 100.p3d:geometry
20:57:54.551 Warning: No components in dz\structures\roads\parts\asf2_12.p3d:geometry
20:57:54.551 Warning: No components in dz\structures\roads\parts\asf2_15 75.p3d:geometry
20:57:54.551 Warning: No components in dz\structures\roads\parts\asf2_22 50.p3d:geometry
20:57:54.551 Warning: No components in dz\structures\roads\parts\asf2_25.p3d:geometry
20:57:54.551 Warning: No components in dz\structures\roads\parts\asf2_30 25.p3d:geometry
20:57:54.551 Warning: No components in dz\structures\roads\parts\asf2_60 10.p3d:geometry
20:57:54.551 Warning: No components in dz\structures\roads\parts\asf3_0 2000.p3d:geometry
20:57:54.551 Warning: No components in dz\structures\roads\parts\asf3_1 1000.p3d:geometry
20:57:54.551 Warning: No components in dz\structures\roads\parts\asf3_6.p3d:geometry
20:57:54.552 Warning: No components in dz\structures\roads\parts\asf3_6konec.p3d:geometry
20:57:54.552 Warning: No components in dz\structures\roads\parts\asf3_7 100.p3d:geometry
20:57:54.552 Warning: No components in dz\structures\roads\parts\asf3_10 25.p3d:geometry
20:57:54.552 Warning: No components in dz\structures\roads\parts\asf3_10 50.p3d:geometry
20:57:54.552 Warning: No components in dz\structures\roads\parts\asf3_10 75.p3d:geometry
20:57:54.552 Warning: No components in dz\structures\roads\parts\asf3_10 100.p3d:geometry
20:57:54.552 Warning: No components in dz\structures\roads\parts\asf3_12.p3d:geometry
20:57:54.552 Warning: No components in dz\structures\roads\parts\asf3_15 75.p3d:geometry
20:57:54.552 Warning: No components in dz\structures\roads\parts\asf3_22 50.p3d:geometry
20:57:54.553 Warning: No components in dz\structures\roads\parts\asf3_25.p3d:geometry
20:57:54.553 Warning: No components in dz\structures\roads\parts\asf3_30 25.p3d:geometry
20:57:54.553 Warning: No components in dz\structures\roads\parts\asf3_60 10.p3d:geometry
20:57:54.553 Warning: No components in dz\structures\roads\parts\city_0 2000.p3d:geometry
20:57:54.553 Warning: No components in dz\structures\roads\parts\city_1 1000.p3d:geometry
20:57:54.553 Warning: No components in dz\structures\roads\parts\city_6.p3d:geometry
20:57:54.553 Warning: No components in dz\structures\roads\parts\city_6konec.p3d:geometry
20:57:54.553 Warning: No components in dz\structures\roads\parts\city_7 100.p3d:geometry
20:57:54.554 Warning: No components in dz\structures\roads\parts\city_10 25.p3d:geometry
20:57:54.554 Warning: No components in dz\structures\roads\parts\city_10 50.p3d:geometry
20:57:54.554 Warning: No components in dz\structures\roads\parts\city_10 75.p3d:geometry
20:57:54.554 Warning: No components in dz\structures\roads\parts\city_10 100.p3d:geometry
20:57:54.554 Warning: No components in dz\structures\roads\parts\city_12.p3d:geometry
20:57:54.554 Warning: No components in dz\structures\roads\parts\city_15 75.p3d:geometry
20:57:54.554 Warning: No components in dz\structures\roads\parts\city_22 50.p3d:geometry
20:57:54.554 Warning: No components in dz\structures\roads\parts\city_25.p3d:geometry
20:57:54.554 Warning: No components in dz\structures\roads\parts\city_30 25.p3d:geometry
20:57:54.554 Warning: No components in dz\structures\roads\parts\city_60 10.p3d:geometry
20:57:54.555 Warning: No components in dz\structures\roads\parts\grav_0 2000.p3d:geometry
20:57:54.555 Warning: No components in dz\structures\roads\parts\grav_1 1000.p3d:geometry
20:57:54.555 Warning: No components in dz\structures\roads\parts\grav_6.p3d:geometry
20:57:54.555 Warning: No components in dz\structures\roads\parts\grav_6konec.p3d:geometry
20:57:54.555 Warning: No components in dz\structures\roads\parts\grav_7 100.p3d:geometry
20:57:54.555 Warning: No components in dz\structures\roads\parts\grav_10 25.p3d:geometry
20:57:54.555 Warning: No components in dz\structures\roads\parts\grav_10 50.p3d:geometry
20:57:54.555 Warning: No components in dz\structures\roads\parts\grav_10 75.p3d:geometry
20:57:54.556 Warning: No components in dz\structures\roads\parts\grav_10 100.p3d:geometry
20:57:54.556 Warning: No components in dz\structures\roads\parts\grav_12.p3d:geometry
20:57:54.556 Warning: No components in dz\structures\roads\parts\grav_15 75.p3d:geometry
20:57:54.556 Warning: No components in dz\structures\roads\parts\grav_22 50.p3d:geometry
20:57:54.556 Warning: No components in dz\structures\roads\parts\grav_25.p3d:geometry
20:57:54.556 Warning: No components in dz\structures\roads\parts\grav_30 25.p3d:geometry
20:57:54.556 Warning: No components in dz\structures\roads\parts\grav_60 10.p3d:geometry
20:57:54.556 Warning: No components in dz\structures\roads\parts\kr_t_asf1_asf2.p3d:geometry
20:57:54.556 Warning: No components in dz\structures\roads\parts\kr_t_asf1_asf3.p3d:geometry
20:57:54.556 Warning: No components in dz\structures\roads\parts\kr_t_asf1_city.p3d:geometry
20:57:54.557 Warning: No components in dz\structures\roads\parts\kr_t_asf2_asf2.p3d:geometry
20:57:54.557 Warning: No components in dz\structures\roads\parts\kr_t_asf2_asf3.p3d:geometry
20:57:54.557 Warning: No components in dz\structures\roads\parts\kr_t_asf3_asf2.p3d:geometry
20:57:54.557 Warning: No components in dz\structures\roads\parts\kr_t_asf3_asf3.p3d:geometry
20:57:54.557 Warning: No components in dz\structures\roads\parts\kr_t_asf3_mud.p3d:geometry
20:57:54.557 Warning: No components in dz\structures\roads\parts\kr_t_city_asf3.p3d:geometry
20:57:54.557 Warning: No components in dz\structures\roads\parts\kr_t_city_city.p3d:geometry
20:57:54.557 Warning: No components in dz\structures\roads\parts\kr_t_mud_mud.p3d:geometry
20:57:54.557 Warning: No components in dz\structures\roads\parts\kr_x_asf1_asf3.p3d:geometry
20:57:54.558 Warning: No components in dz\structures\roads\parts\kr_x_asf1_city.p3d:geometry
20:57:54.558 Warning: No components in dz\structures\roads\parts\kr_x_asf2_asf3.p3d:geometry
20:57:54.558 Warning: No components in dz\structures\roads\parts\kr_x_city_city.p3d:geometry
20:57:54.558 Warning: No components in dz\structures\roads\parts\kr_x_city_city_asf3.p3d:geometry
20:57:54.558 Warning: No components in dz\structures\roads\parts\mud_0 2000.p3d:geometry
20:57:54.558 Warning: No components in dz\structures\roads\parts\mud_1 1000.p3d:geometry
20:57:54.558 Warning: No components in dz\structures\roads\parts\mud_6.p3d:geometry
20:57:54.558 Warning: No components in dz\structures\roads\parts\mud_6konec.p3d:geometry
20:57:54.559 Warning: No components in dz\structures\roads\parts\mud_7 100.p3d:geometry
20:57:54.559 Warning: No components in dz\structures\roads\parts\mud_10 25.p3d:geometry
20:57:54.559 Warning: No components in dz\structures\roads\parts\mud_10 50.p3d:geometry
20:57:54.559 Warning: No components in dz\structures\roads\parts\mud_10 75.p3d:geometry
20:57:54.559 Warning: No components in dz\structures\roads\parts\mud_10 100.p3d:geometry
20:57:54.559 Warning: No components in dz\structures\roads\parts\mud_12.p3d:geometry
20:57:54.559 Warning: No components in dz\structures\roads\parts\mud_15 75.p3d:geometry
20:57:54.559 Warning: No components in dz\structures\roads\parts\mud_22 50.p3d:geometry
20:57:54.559 Warning: No components in dz\structures\roads\parts\mud_25.p3d:geometry
20:57:54.559 Warning: No components in dz\structures\roads\parts\mud_30 25.p3d:geometry
20:57:54.559 Warning: No components in dz\structures\roads\parts\mud_60 10.p3d:geometry
20:57:54.559 Warning: No components in dz\structures\roads\parts\path_dirt_10.p3d:geometry
20:57:54.560 Warning: No components in dz\structures\roads\parts\path_dirt_30.p3d:geometry
20:57:54.560 Warning: No components in dz\structures\roads\parts\path_dirt_curve.p3d:geometry
20:57:54.560 Warning: No components in dz\structures\roads\parts\path_rock_10.p3d:geometry
20:57:54.560 Warning: No components in dz\structures\roads\parts\path_rock_30.p3d:geometry
20:57:54.560 Warning: No components in dz\structures\roads\parts\path_rock_curve.p3d:geometry
20:57:54.560 Warning: No components in dz\structures\roads\parts\runway_beton.p3d:geometry
20:57:54.560 Warning: No components in dz\structures\roads\parts\runway_beton_end1.p3d:geometry
20:57:54.560 Warning: No components in dz\structures\roads\parts\runway_beton_end2.p3d:geometry
20:57:54.560 Warning: No components in dz\structures\roads\parts\runway_dirt_1.p3d:geometry
20:57:54.561 Warning: No components in dz\structures\roads\parts\runway_dirt_2.p3d:geometry
20:57:54.561 Warning: No components in dz\structures\roads\parts\runway_dirt_3.p3d:geometry
20:57:54.561 Warning: No components in dz\structures\roads\parts\runway_end15.p3d:geometry
20:57:54.561 Warning: No components in dz\structures\roads\parts\runway_end33.p3d:geometry
20:57:54.561 Warning: No components in dz\structures\roads\parts\runway_main.p3d:geometry
20:57:54.561 Warning: No components in dz\structures\roads\parts\runway_main_40.p3d:geometry
20:57:54.562 Warning: No components in dz\structures\roads\parts\runway_poj_draha.p3d:geometry
20:57:54.562 Warning: No components in dz\structures\roads\parts\runway_poj_l_1.p3d:geometry
20:57:54.562 Warning: No components in dz\structures\roads\parts\runway_poj_l_1_end.p3d:geometry
20:57:54.562 Warning: No components in dz\structures\roads\parts\runway_poj_l_2.p3d:geometry
20:57:54.562 Warning: No components in dz\structures\roads\parts\runway_poj_l_2_end.p3d:geometry
20:57:54.562 Warning: No components in dz\structures\roads\parts\runway_poj_spoj.p3d:geometry
20:57:54.563 Warning: No components in dz\structures\roads\parts\runway_poj_spoj_2.p3d:geometry
20:57:54.563 Warning: No components in dz\structures\roads\parts\runway_poj_t_1.p3d:geometry
20:57:54.563 Warning: No components in dz\structures\roads\parts\runway_poj_t_2.p3d:geometry
20:57:54.563 Warning: No components in dz\structures\roads\parts\runwayold_40_main.p3d:geometry
20:57:54.563 Warning: No components in dz\structures\roads\sidewalks\sidewalk1_1m.p3d:geometry
20:57:54.563 Warning: No components in dz\structures\roads\sidewalks\sidewalk1_5m.p3d:geometry
20:57:54.563 Warning: No components in dz\structures\roads\sidewalks\sidewalk1_10m.p3d:geometry
20:57:54.564 Warning: No components in dz\structures\roads\sidewalks\sidewalk1_corner.p3d:geometry
20:57:54.564 Warning: No components in dz\structures\roads\sidewalks\sidewalk1_end.p3d:geometry
20:57:54.564 Warning: No components in dz\structures\roads\sidewalks\sidewalk1_tcross.p3d:geometry
20:57:54.564 Warning: No components in dz\structures\roads\sidewalks\sidewalk1_turn_5deg.p3d:geometry
20:57:54.564 Warning: No components in dz\structures\roads\sidewalks\sidewalk1_turn_10deg.p3d:geometry
20:57:54.564 Warning: No components in dz\structures\roads\sidewalks\sidewalk1_turn_20deg.p3d:geometry
20:57:54.564 Warning: No components in dz\structures\roads\sidewalks\sidewalk1_turn_30deg.p3d:geometry
20:57:54.564 Warning: No components in dz\structures\roads\sidewalks\sidewalk2_1m.p3d:geometry
20:57:54.565 Warning: No components in dz\structures\roads\sidewalks\sidewalk2_5m.p3d:geometry
20:57:54.565 Warning: No components in dz\structures\roads\sidewalks\sidewalk3_narrow_4m.p3d:geometry
20:57:54.566 Warning: No components in dz\structures\roads\sidewalks\sidewalk3_wide_corner.p3d:geometry
20:57:54.567 Warning: No components in dz\structures\roads\tunnels\tunnel_biathlon_left_anthoxanthum.p3d:geometry
20:57:54.567 Warning: No components in dz\structures\roads\tunnels\tunnel_biathlon_left_elytrigia.p3d:geometry
20:57:54.567 Warning: No components in dz\structures\roads\tunnels\tunnel_biathlon_right_anthoxanthum.p3d:geometry
20:57:54.569 Warning: No components in dz\structures\roads\tunnels\tunnel_biathlon_right_elytrigia.p3d:geometry
20:57:54.569 Warning Message: Cannot open object dz\structures\roads\sidewalks\taxiway_0 2000.p3d
20:57:54.569 Warning Message: Cannot open object dz\structures\roads\sidewalks\taxiway_1 1000.p3d
20:57:54.569 Warning Message: Cannot open object dz\structures\roads\sidewalks\taxiway_6.p3d
20:57:54.569 Warning Message: Cannot open object dz\structures\roads\sidewalks\taxiway_6konec.p3d
20:57:54.569 Warning Message: Cannot open object dz\structures\roads\sidewalks\taxiway_7 100.p3d
20:57:54.569 Warning Message: Cannot open object dz\structures\roads\sidewalks\taxiway_10 25.p3d
20:57:54.569 Warning Message: Cannot open object dz\structures\roads\sidewalks\taxiway_10 50.p3d
20:57:54.569 Warning Message: Cannot open object dz\structures\roads\sidewalks\taxiway_10 75.p3d
20:57:54.569 Warning Message: Cannot open object dz\structures\roads\sidewalks\taxiway_10 100.p3d
20:57:54.569 Warning Message: Cannot open object dz\structures\roads\sidewalks\taxiway_12.p3d
20:57:54.569 Warning Message: Cannot open object dz\structures\roads\sidewalks\taxiway_15 75.p3d
20:57:54.569 Warning Message: Cannot open object dz\structures\roads\sidewalks\taxiway_22 50.p3d
20:57:54.569 Warning Message: Cannot open object dz\structures\roads\sidewalks\taxiway_25.p3d
20:57:54.569 Warning Message: Cannot open object dz\structures\roads\sidewalks\taxiway_30 25.p3d
20:57:54.569 Warning Message: Cannot open object dz\structures\roads\sidewalks\taxiway_60 10.p3d
20:57:54.569 Warning: No components in dz\structures\roads\decals\decal_damage_long1.p3d:geometry
20:57:54.570 Warning: No components in dz\structures\ruins\rubble_bricks1.p3d:geometry
20:57:54.580 PerfWarning: Way too much components (628) in dz\structures\ruins\rubble_dirtpile_medium2.p3d:geometryFire
20:57:54.580 Warning: No components in dz\structures\ruins\rubble_glass.p3d:geometry
20:57:54.627 PerfWarning: Way too much components (889) in dz\structures\ruins\ruin_church.p3d:geometryFire
20:57:54.827 PerfWarning: Way too much components (547) in dz\structures\specific\airfields\airfield_small_control.p3d:geometryFire
20:57:55.16  PerfWarning: Way too much components (517) in dz\structures\specific\hotel\hotel.p3d:geometryFire
20:57:55.23  PerfWarning: Way too much components (534) in dz\structures\specific\churches\church2_2.p3d:geometryFire
20:57:55.57  PerfWarning: Way too much components (753) in dz\structures\specific\lunapark\lunapark_carousel_swan.p3d:geometryFire
20:57:55.58  PerfWarning: Way too much components (595) in dz\structures\specific\lunapark\lunapark_carousel_swan.p3d:geometryView
20:57:55.112 PerfWarning: Way too much components (797) in dz\structures\specific\prison\prison_main.p3d:geometryFire
20:57:55.123 PerfWarning: Way too much components (948) in dz\structures\specific\prison\prison_wall_large.p3d:geometryFire
20:57:55.129 Convex "component19" selection faces are less then 4 in dz\structures\specific\statues\monument_t34.p3d:geometry
20:57:55.159 PerfWarning: Way too much components (744) in dz\structures\specific\towers\tower_tc2_base.p3d:geometryFire
20:57:55.217 PerfWarning: Way too much components (548) in dz\structures\specific\cableway\cableway_cart.p3d:geometryFire
20:57:55.222 PerfWarning: Way too much components (548) in dz\structures\specific\cableway\cableway_cart2.p3d:geometryFire
20:57:55.228 PerfWarning: Way too much components (548) in dz\structures\specific\cableway\cableway_cart3.p3d:geometryFire
20:57:55.229 Warning: No components in dz\structures\specific\airfields\airfield_light_navig.p3d:geometryView
20:57:55.230 Warning Message: Cannot open object dz\structures\specific\airfields\airfield_light_control.p3d
20:57:55.230 Warning Message: Cannot open object dz\structures\specific\airfields\airfield_light_hangar.p3d
20:57:55.230 Warning: No components in dz\structures\specific\cableway\cableway_rope.p3d:geometry
20:57:55.230 Warning: No components in dz\structures\specific\cableway\cableway_rope.p3d:geometryFire
20:57:55.230 Warning: No components in dz\structures\specific\cableway\cableway_rope.p3d:geometryView
20:57:55.240 Warning: No components in dz\structures\specific\cemeteries\cemetery_tombstone9.p3d:geometryView
20:57:55.240 Warning: No components in dz\structures\specific\cemeteries\cemetery_tombstone10.p3d:geometryView
20:57:55.240 Warning: No components in dz\structures\specific\cemeteries\cemetery_tombstone11.p3d:geometryView
20:57:55.271 Warning: No components in dz\structures\specific\skilift\skilift_rope_end.p3d:geometry
20:57:55.271 Warning: No components in dz\structures\specific\skilift\skilift_rope_middle.p3d:geometry
20:57:55.271 Warning: No components in dz\structures\specific\skilift\skilift_rope_start.p3d:geometry
20:57:55.276 Warning: No components in dz\structures\specific\statues\proxy\model_plane_mig21_lines.p3d:geometry
20:57:55.308 Warning: No components in dz\structures\specific\statues\proxy\monument_plane_mig21_lines.p3d:geometry
20:57:55.330 Warning: No components in dz\structures\walls\wall_fen2_6.p3d:geometryView
20:57:55.331 Warning: No components in dz\structures\walls\wall_fen2_6_hole.p3d:geometryView
20:57:55.332 Warning: No components in dz\structures\walls\wall_fenr_pole.p3d:geometryView
20:57:55.351 Warning: No components in dz\structures\walls\wall_woodf_5.p3d:geometryView
20:57:55.351 Warning: No components in dz\structures\walls\wall_woodf_5_2.p3d:geometryView
20:57:55.351 Warning: No components in dz\structures\walls\wall_woodf_5_end.p3d:geometryView
20:57:55.353 Warning: No components in dz\structures\walls\wall_railing_1.p3d:geometryView
20:57:55.353 Warning: No components in dz\structures\walls\wall_railing_1_endl.p3d:geometryView
20:57:55.353 Warning: No components in dz\structures\walls\wall_railing_1_endr.p3d:geometryView
20:57:55.353 Warning: No components in dz\structures\walls\wall_railing_1_slope.p3d:geometryView
20:57:55.354 Warning: No components in dz\structures\walls\wall_railing_2.p3d:geometryView
20:57:55.354 Warning: No components in dz\structures\walls\wall_railing_2_slope.p3d:geometryView
20:57:55.354 Warning: No components in dz\structures\walls\wall_railing_endl.p3d:geometryView
20:57:55.354 Warning: No components in dz\structures\walls\wall_railing_endr.p3d:geometryView
20:57:55.372 PerfWarning: Way too much components (832) in dz\structures\wrecks\ships\ship_big_fronta.p3d:geometryFire
20:57:55.379 PerfWarning: Way too much components (1170) in dz\structures\wrecks\ships\ship_big_frontb.p3d:geometryFire
20:57:55.384 PerfWarning: Way too much components (761) in dz\structures\wrecks\ships\ship_big_backa.p3d:geometryFire
20:57:55.392 PerfWarning: Way too much components (1078) in dz\structures\wrecks\ships\ship_big_backb.p3d:geometryFire
20:57:55.398 PerfWarning: Way too much components (603) in dz\structures\wrecks\ships\ship_big_castle.p3d:geometry
20:57:55.400 PerfWarning: Way too much components (905) in dz\structures\wrecks\ships\ship_big_castle.p3d:geometryFire
20:57:55.400 PerfWarning: Way too much components (504) in dz\structures\wrecks\ships\ship_big_castle.p3d:geometryView
20:57:55.478 Convex "component02" selection faces are less then 4 in dz\structures\wrecks\vehicles\wreck_s1023_medic.p3d:geometryFire
20:57:55.478 Convex "component03" selection faces are less then 4 in dz\structures\wrecks\vehicles\wreck_s1023_medic.p3d:geometryFire
20:57:55.478 Convex "component04" selection faces are less then 4 in dz\structures\wrecks\vehicles\wreck_s1023_medic.p3d:geometryFire
20:57:55.478 Convex "component05" selection faces are less then 4 in dz\structures\wrecks\vehicles\wreck_s1023_medic.p3d:geometryFire
20:57:55.478 Convex "component38" selection faces are less then 4 in dz\structures\wrecks\vehicles\wreck_s1023_medic.p3d:geometryFire
20:57:55.478 Convex "component39" selection faces are less then 4 in dz\structures\wrecks\vehicles\wreck_s1023_medic.p3d:geometryFire
20:57:55.478 Convex "component73" selection faces are less then 4 in dz\structures\wrecks\vehicles\wreck_s1023_medic.p3d:geometryFire
20:57:55.478 Convex "component77" selection faces are less then 4 in dz\structures\wrecks\vehicles\wreck_s1023_medic.p3d:geometryFire
20:57:55.478 Convex "component88" selection faces are less then 4 in dz\structures\wrecks\vehicles\wreck_s1023_medic.p3d:geometryFire
20:57:55.506 PerfWarning: Way too much components (501) in dz\structures\wrecks\vehicles\wreck_volha_grey.p3d:geometryFire
20:57:55.507 Warning: No components in dz\structures\wrecks\vehicles\wreck_trailer_closed.p3d:geometryView
20:57:55.552 PerfWarning: Way too much components (572) in dz\structures\wrecks\aircraft\wreck_c130j.p3d:geometryFire
20:57:55.558 PerfWarning: Way too much components (547) in dz\structures\wrecks\aircraft\wreck_c130j_2.p3d:geometryFire
20:57:55.564 PerfWarning: Way too much components (524) in dz\structures\wrecks\aircraft\wreck_c130j_cargo.p3d:geometryFire
20:57:55.729 PerfWarning: Way too much components (1022) in dz\structures\wrecks\vehicles\wreck_bmp1.p3d:geometryFire
20:57:55.737 Warning: No components in dz\structures\wrecks\vehicles\wreck_decal_big.p3d:geometry
20:57:55.737 Warning: No components in dz\structures\wrecks\vehicles\wreck_decal_big_nolc.p3d:geometry
20:57:55.737 Warning: No components in dz\structures\wrecks\vehicles\wreck_decal_small1.p3d:geometry
20:57:55.737 Warning: No components in dz\structures\wrecks\vehicles\wreck_decal_small1_nolc.p3d:geometry
20:57:55.738 Warning: No components in dz\structures\wrecks\vehicles\wreck_decal_small2.p3d:geometry
20:57:55.738 Warning: No components in dz\structures\wrecks\vehicles\wreck_decal_small2_nolc.p3d:geometry
20:57:55.766 PerfWarning: Way too much components (753) in dz\structures\wrecks\vehicles\wreck_t72_chassis.p3d:geometryFire
20:57:55.800 PerfWarning: Way too much components (1022) in dz\structures\wrecks\vehicles\wreck_bmp1_noplacement.p3d:geometryFire
20:57:55.809 PerfWarning: Way too much components (709) in dz\structures\wrecks\vehicles\wreck_mtvr_cargo.p3d:geometryFire
20:57:55.833 PerfWarning: Way too much components (503) in dz\structures\wrecks\vehicles\wreck_offroad02_medic_tk.p3d:geometryFire
20:57:55.861 Convex "component21" selection faces are less then 4 in dz\structures_bliss\industrial\houses\workshop_fuelstation.p3d:geometry
20:57:55.861 Convex "component67" selection faces are less then 4 in dz\structures_bliss\industrial\houses\workshop_fuelstation.p3d:geometry
20:57:55.869 Convex "component118" selection faces are less then 4 in dz\structures_bliss\industrial\sheds\shed_closed2.p3d:geometryView
20:57:55.869 Convex "component119" selection faces are less then 4 in dz\structures_bliss\industrial\sheds\shed_closed2.p3d:geometryView
20:57:55.963 Warning: No components in dz\structures_bliss\military\training\shellcrater1_decal.p3d:geometry
20:57:55.963 Warning: No components in dz\structures_bliss\military\training\shellcrater2_debris.p3d:geometry
20:57:55.963 Warning: No components in dz\structures_bliss\military\training\shellcrater2_decal.p3d:geometry
20:57:56.02  PerfWarning: Way too much components (859) in dz\structures_bliss\residential\medical\village_healthcare_enoch.p3d:geometryFire
20:57:56.13  PerfWarning: Way too much components (805) in dz\structures_bliss\residential\police\city_policestation_enoch.p3d:geometryFire
20:57:56.23  PerfWarning: Way too much components (742) in dz\structures_bliss\residential\police\village_policestation_enoch.p3d:geometryFire
20:57:56.44  Warning: No components in dz\structures_bliss\residential\misc\misc_sewercover.p3d:geometry
20:57:56.62  Warning: No components in dz\structures_bliss\roads\decals\decal_oilstain2.p3d:geometry
20:57:56.62  Warning: No components in dz\structures_bliss\roads\decals\decal_oilstain3.p3d:geometry
20:57:56.62  Warning: No components in dz\structures_bliss\roads\decals\decal_oilstain4.p3d:geometry
20:57:56.62  Warning: No components in dz\structures_bliss\roads\decals\decal_asphalt_fix1.p3d:geometry
20:57:56.62  Warning: No components in dz\structures_bliss\roads\decals\decal_asphalt_fix2.p3d:geometry
20:57:56.63  Warning: No components in dz\structures_bliss\roads\decals\decal_asphalt_fix3.p3d:geometry
20:57:56.63  Warning: No components in dz\structures_bliss\roads\decals\decal_asphalt_fix4.p3d:geometry
20:57:56.63  Warning: No components in dz\structures_bliss\roads\decals\decal_asphalt_fix5.p3d:geometry
20:57:56.63  Warning: No components in dz\structures_bliss\roads\decals\decal_asphalt_fix6.p3d:geometry
20:57:56.63  Warning: No components in dz\structures_bliss\roads\decals\decal_asphalt_patch01.p3d:geometry
20:57:56.63  Warning: No components in dz\structures_bliss\roads\decals\decal_asphalt_patch02.p3d:geometry
20:57:56.63  Warning: No components in dz\structures_bliss\roads\decals\decal_asphalt_patch03.p3d:geometry
20:57:56.63  Warning: No components in dz\structures_bliss\roads\decals\decal_asphalt_patch04.p3d:geometry
20:57:56.63  Warning: No components in dz\structures_bliss\roads\decals\decal_asphalt_patch05.p3d:geometry
20:57:56.63  Warning: No components in dz\structures_bliss\roads\decals\decal_asphalt_patch06.p3d:geometry
20:57:56.63  Warning: No components in dz\structures_bliss\roads\decals\decal_asphalt_patch07.p3d:geometry
20:57:56.63  Warning: No components in dz\structures_bliss\roads\decals\decal_asphalt_patch08.p3d:geometry
20:57:56.63  Warning: No components in dz\structures_bliss\roads\decals\decal_asphalt_patch09.p3d:geometry
20:57:56.63  Warning: No components in dz\structures_bliss\roads\decals\decal_asphalt_patch10.p3d:geometry
20:57:56.63  Warning: No components in dz\structures_bliss\roads\decals\decal_asphalt_patch11.p3d:geometry
20:57:56.63  Warning: No components in dz\structures_bliss\roads\decals\decal_asphalt_patch12.p3d:geometry
20:57:56.63  Warning: No components in dz\structures_bliss\roads\decals\decal_damage_long6.p3d:geometry
20:57:56.63  Warning: No components in dz\structures_bliss\roads\decals\decal_damage_long7.p3d:geometry
20:57:56.63  Warning: No components in dz\structures_bliss\roads\decals\decal_damage_long8.p3d:geometry
20:57:56.63  Warning: No components in dz\structures_bliss\roads\decals\decal_damage_long9.p3d:geometry
20:57:56.63  Warning: No components in dz\structures_bliss\roads\decals\decal_damage_medium4.p3d:geometry
20:57:56.63  Warning: No components in dz\structures_bliss\roads\decals\decal_damage_medium5.p3d:geometry
20:57:56.63  Warning: No components in dz\structures_bliss\roads\decals\decal_damage_medium6.p3d:geometry
20:57:56.63  Warning: No components in dz\structures_bliss\roads\decals\decal_damage_medium7.p3d:geometry
20:57:56.63  Warning: No components in dz\structures_bliss\roads\decals\decal_damage_medium8.p3d:geometry
20:57:56.63  Warning: No components in dz\structures_bliss\roads\decals\decal_damage_medium9.p3d:geometry
20:57:56.63  Warning: No components in dz\structures_bliss\roads\decals\decal_damage_medium10.p3d:geometry
20:57:56.63  Warning: No components in dz\structures_bliss\roads\decals\decal_dirt_damage_long1.p3d:geometry
20:57:56.63  Warning: No components in dz\structures_bliss\roads\decals\decal_dirt_damage_long2.p3d:geometry
20:57:56.64  Warning: No components in dz\structures_bliss\roads\decals\decal_dirt_damage_long3.p3d:geometry
20:57:56.64  Warning: No components in dz\structures_bliss\roads\decals\decal_dirt_rocks1.p3d:geometry
20:57:56.64  Warning: No components in dz\structures_bliss\roads\decals\decal_dirt_rocks2.p3d:geometry
20:57:56.64  Warning: No components in dz\structures_bliss\roads\decals\decal_oilstain1.p3d:geometry
20:57:56.408 Convex "component129" selection faces are less then 4 in dz\structures_bliss\ruins\ruin_housebig3_half.p3d:geometryView
20:57:56.416 Convex "component129" selection faces are less then 4 in dz\structures_bliss\ruins\ruin_housebig3_noivy_half.p3d:geometryView
20:57:56.509 Warning: No components in dz\structures_bliss\ruins\proxy\bed_large_metal.p3d:geometryView
20:57:56.519 Warning: No components in dz\structures_bliss\ruins\proxy\bed_large_metal_broken.p3d:geometryView
20:57:56.520 Warning: No components in dz\structures_bliss\ruins\proxy\carpet_big_dirty.p3d:geometry
20:57:56.520 Warning: No components in dz\structures_bliss\ruins\proxy\carpet_big_dirty.p3d:geometryView
20:57:56.520 Warning: No components in dz\structures_bliss\ruins\proxy\carpet_big_dirty2.p3d:geometry
20:57:56.520 Warning: No components in dz\structures_bliss\ruins\proxy\carpet_big_dirty2.p3d:geometryView
20:57:56.522 Warning: No components in dz\structures_bliss\ruins\proxy\chair_crushed.p3d:geometry
20:57:56.522 Warning: No components in dz\structures_bliss\ruins\proxy\chair_crushed.p3d:geometryView
20:57:56.530 Warning: No components in dz\structures_bliss\ruins\proxy\ruin_church2_proxy_overgrowth.p3d:geometry
20:57:56.534 Warning: No components in dz\structures_bliss\ruins\proxy\ruin_housebig1_half_proxy_01.p3d:geometry
20:57:56.557 Warning: No components in dz\structures_bliss\ruins\proxy\ruin_housebig1_half_proxy_overgrowth.p3d:geometry
20:57:56.558 Warning: No components in dz\structures_bliss\ruins\proxy\ruin_housebig1_proxy_01.p3d:geometry
20:57:56.558 Warning: No components in dz\structures_bliss\ruins\proxy\ruin_housebig1_proxy_overgrowth.p3d:geometry
20:57:56.558 Warning: No components in dz\structures_bliss\ruins\proxy\ruin_housebig1_proxy_overgrowth_02.p3d:geometry
20:57:56.559 Warning: No components in dz\structures_bliss\ruins\proxy\ruin_housebig1_proxy_overgrowth_02_template.p3d:geometry
20:57:56.559 Warning: No components in dz\structures_bliss\ruins\proxy\ruin_housebig1_proxy_overgrowth_02_template.p3d:geometryFire
20:57:56.560 Warning: No components in dz\structures_bliss\ruins\proxy\ruin_housebig1_proxy_overgrowth_template.p3d:geometry
20:57:56.560 Warning: No components in dz\structures_bliss\ruins\proxy\ruin_housebig1_proxy_overgrowth_template.p3d:geometryFire
20:57:56.560 Warning: No components in dz\structures_bliss\ruins\proxy\ruin_housebig2_half_proxy_01.p3d:geometry
20:57:56.561 Warning: No components in dz\structures_bliss\ruins\proxy\ruin_housebig2_half_proxy_overgrowth.p3d:geometry
20:57:56.561 Warning: No components in dz\structures_bliss\ruins\proxy\ruin_housebig2_proxy_01.p3d:geometry
20:57:56.561 Warning: No components in dz\structures_bliss\ruins\proxy\ruin_housebig2_proxy_02.p3d:geometry
20:57:56.562 Warning: No components in dz\structures_bliss\ruins\proxy\ruin_housebig2_proxy_overgrowth.p3d:geometry
20:57:56.562 Warning: No components in dz\structures_bliss\ruins\proxy\ruin_housebig3_half_proxy_01.p3d:geometry
20:57:56.563 Warning: No components in dz\structures_bliss\ruins\proxy\ruin_housebig3_half_proxy_overgrowth.p3d:geometry
20:57:56.563 Warning: No components in dz\structures_bliss\ruins\proxy\ruin_housebig3_proxy_01.p3d:geometry
20:57:56.564 Warning: No components in dz\structures_bliss\ruins\proxy\ruin_housebig3_proxy_overgrowth.p3d:geometry
20:57:56.565 Warning: No components in dz\structures_bliss\ruins\proxy\ruin_housesmall1_half_proxy_01.p3d:geometry
20:57:56.565 Warning: No components in dz\structures_bliss\ruins\proxy\ruin_housesmall1_half_proxy_overgrowth.p3d:geometry
20:57:56.566 Warning: No components in dz\structures_bliss\ruins\proxy\ruin_housesmall1_proxy_01.p3d:geometry
20:57:56.582 Warning: No components in dz\structures_bliss\ruins\proxy\ruin_housesmall1_proxy_02.p3d:geometry
20:57:56.583 Warning: No components in dz\structures_bliss\ruins\proxy\ruin_housesmall1_proxy_overgrowth.p3d:geometry
20:57:56.584 Warning: No components in dz\structures_bliss\ruins\proxy\ruin_housesmall2_proxy.p3d:geometry
20:57:56.584 Warning: No components in dz\structures_bliss\ruins\proxy\ruin_housesmall2_proxy_bricks.p3d:geometry
20:57:56.585 Warning: No components in dz\structures_bliss\ruins\proxy\ruin_housesmall2_proxy_overgrowth.p3d:geometry
20:57:56.692 Convex "component05" selection faces are less then 4 in dz\structures_bliss\specific\towers\transmitter_box.p3d:geometryFire
20:57:56.707 Convex "component137" selection faces are less then 4 in dz\structures_bliss\underground\corridor\underground_corridor_main_both.p3d:geometryFire
20:57:56.709 Convex "component51" selection faces are less then 4 in dz\structures_bliss\underground\corridor\underground_corridor_main_left.p3d:geometryFire
20:57:56.709 Convex "component52" selection faces are less then 4 in dz\structures_bliss\underground\corridor\underground_corridor_main_left.p3d:geometryFire
20:57:56.711 Convex "component110" selection faces are less then 4 in dz\structures_bliss\underground\corridor\underground_corridor_main_right.p3d:geometryFire
20:57:56.711 Convex "component112" selection faces are less then 4 in dz\structures_bliss\underground\corridor\underground_corridor_main_right.p3d:geometryFire
20:57:56.715 Unrecognized texture type '': 'dz\structures_bliss\underground\corridor\data\underground_corridor_connector_building_mc'
20:57:56.715 Convex "component33" selection faces are less then 4 in dz\structures_bliss\underground\corridor\underground_corridor_connector.p3d:geometryFire
20:57:56.718 Unrecognized texture type '': 'dz\structures_bliss\underground\corridor\data\underground_corridor_connector_building_mc'
20:57:56.719 Convex "component33" selection faces are less then 4 in dz\structures_bliss\underground\corridor\underground_corridor_connector_inv.p3d:geometryFire
20:57:56.732 Convex "component01" selection faces are less then 4 in dz\structures_bliss\underground\tunnel\underground_tunnel_single.p3d:geometry
20:57:56.732 Convex "component02" selection faces are less then 4 in dz\structures_bliss\underground\tunnel\underground_tunnel_single.p3d:geometry
20:57:56.732 Convex "component03" selection faces are less then 4 in dz\structures_bliss\underground\tunnel\underground_tunnel_single.p3d:geometry
20:57:56.732 Convex "component04" selection faces are less then 4 in dz\structures_bliss\underground\tunnel\underground_tunnel_single.p3d:geometry
20:57:56.732 Convex "component05" selection faces are less then 4 in dz\structures_bliss\underground\tunnel\underground_tunnel_single.p3d:geometry
20:57:56.732 Convex "component06" selection faces are less then 4 in dz\structures_bliss\underground\tunnel\underground_tunnel_single.p3d:geometry
20:57:56.732 Convex "component07" selection faces are less then 4 in dz\structures_bliss\underground\tunnel\underground_tunnel_single.p3d:geometry
20:57:56.732 Convex "component08" selection faces are less then 4 in dz\structures_bliss\underground\tunnel\underground_tunnel_single.p3d:geometry
20:57:56.732 Convex "component09" selection faces are less then 4 in dz\structures_bliss\underground\tunnel\underground_tunnel_single.p3d:geometry
20:57:56.732 Convex "component10" selection faces are less then 4 in dz\structures_bliss\underground\tunnel\underground_tunnel_single.p3d:geometry
20:57:56.732 Convex "component11" selection faces are less then 4 in dz\structures_bliss\underground\tunnel\underground_tunnel_single.p3d:geometry
20:57:56.732 Convex "component12" selection faces are less then 4 in dz\structures_bliss\underground\tunnel\underground_tunnel_single.p3d:geometry
20:57:56.732 Convex "component13" selection faces are less then 4 in dz\structures_bliss\underground\tunnel\underground_tunnel_single.p3d:geometry
20:57:56.732 Convex "component14" selection faces are less then 4 in dz\structures_bliss\underground\tunnel\underground_tunnel_single.p3d:geometry
20:57:56.741 Convex "component152" selection faces are less then 4 in dz\structures_bliss\underground\stairs\underground_stairs_block_corridor.p3d:geometryFire
20:57:56.741 Convex "component153" selection faces are less then 4 in dz\structures_bliss\underground\stairs\underground_stairs_block_corridor.p3d:geometryFire
20:57:56.743 Convex "component152" selection faces are less then 4 in dz\structures_bliss\underground\stairs\underground_stairs_block_corridor_nodoor.p3d:geometryFire
20:57:56.743 Convex "component153" selection faces are less then 4 in dz\structures_bliss\underground\stairs\underground_stairs_block_corridor_nodoor.p3d:geometryFire
20:57:56.744 Convex "component108" selection faces are less then 4 in dz\structures_bliss\underground\stairs\underground_stairs_block_terminator.p3d:geometryFire
20:57:56.744 Convex "component109" selection faces are less then 4 in dz\structures_bliss\underground\stairs\underground_stairs_block_terminator.p3d:geometryFire
20:57:56.770 Convex "component19" selection faces are less then 4 in dz\structures_bliss\underground\stairs\underground_stairs_exit.p3d:geometryFire
20:57:56.770 Convex "component20" selection faces are less then 4 in dz\structures_bliss\underground\stairs\underground_stairs_exit.p3d:geometryFire
20:57:56.772 Convex "component178" selection faces are less then 4 in dz\structures_bliss\underground\stairs\underground_stairs_start.p3d:geometryFire
20:57:56.773 Convex "component179" selection faces are less then 4 in dz\structures_bliss\underground\stairs\underground_stairs_start.p3d:geometryFire
20:57:56.775 Convex "component17" selection faces are less then 4 in dz\structures_bliss\underground\stairs\underground_stairs_collapsed.p3d:geometryFire
20:57:56.775 Convex "component56" selection faces are less then 4 in dz\structures_bliss\underground\stairs\underground_stairs_collapsed.p3d:geometryFire
20:57:56.775 Convex "component57" selection faces are less then 4 in dz\structures_bliss\underground\stairs\underground_stairs_collapsed.p3d:geometryFire
20:57:56.810 PerfWarning: Way too much components (926) in dz\structures_bliss\underground\water\underground_waterreservoir.p3d:geometryFire
20:57:56.813 Warning: No components in dz\structures_bliss\underground\water\underground_waterreservoir_water.p3d:geometry
20:57:56.939 Warning: No components in dz\structures_bliss\underground\terrain\terrain_livonia_forestpatch.p3d:geometry
20:57:56.940 Warning: No components in dz\structures_bliss\underground\terrain\terrain_livonia_grasspatch.p3d:geometry
20:57:57.10  Warning: No components in dz\structures_bliss\walls\wall_polewall_5_1.p3d:geometryView
20:57:57.10  Warning: No components in dz\structures_bliss\walls\wall_polewall_5_2.p3d:geometryView
20:57:57.27  Warning: No components in dz\structures_bliss\walls\wall_polewall_end.p3d:geometryView
20:57:57.63  PerfWarning: Way too much components (743) in dz\structures_sakhal\industrial\harbour\drydock_end.p3d:geometryFire
20:57:57.68  PerfWarning: Way too much components (573) in dz\structures_sakhal\industrial\harbour\drydock_middle.p3d:geometryFire
20:57:57.119 PerfWarning: Way too much components (729) in dz\structures_sakhal\industrial\harbour\pier_crane2_base.p3d:geometryFire
20:57:57.126 Convex "component323" selection faces are less then 4 in dz\structures_sakhal\industrial\harbour\pier_crane2_top.p3d:geometryFire
20:57:57.126 Convex "component324" selection faces are less then 4 in dz\structures_sakhal\industrial\harbour\pier_crane2_top.p3d:geometryFire
20:57:57.126 Convex "component325" selection faces are less then 4 in dz\structures_sakhal\industrial\harbour\pier_crane2_top.p3d:geometryFire
20:57:57.126 Convex "component519" selection faces are less then 4 in dz\structures_sakhal\industrial\harbour\pier_crane2_top.p3d:geometryFire
20:57:57.126 Convex "component521" selection faces are less then 4 in dz\structures_sakhal\industrial\harbour\pier_crane2_top.p3d:geometryFire
20:57:57.126 Convex "component523" selection faces are less then 4 in dz\structures_sakhal\industrial\harbour\pier_crane2_top.p3d:geometryFire
20:57:57.126 Convex "component525" selection faces are less then 4 in dz\structures_sakhal\industrial\harbour\pier_crane2_top.p3d:geometryFire
20:57:57.126 PerfWarning: Way too much components (779) in dz\structures_sakhal\industrial\harbour\pier_crane2_top.p3d:geometryFire
20:57:57.144 PerfWarning: Way too much components (755) in dz\structures_sakhal\industrial\harbour\pier_crane_submarine.p3d:geometry
20:57:57.148 PerfWarning: Way too much components (1924) in dz\structures_sakhal\industrial\harbour\pier_crane_submarine.p3d:geometryFire
20:57:57.149 PerfWarning: Way too much components (665) in dz\structures_sakhal\industrial\harbour\pier_crane_submarine.p3d:geometryView
20:57:57.152 Convex "component244" selection faces are less then 4 in dz\structures_sakhal\industrial\harbour\pier_floating_50m.p3d:geometryFire
20:57:57.156 PerfWarning: Way too much components (590) in dz\structures_sakhal\industrial\harbour\pier_floating_bridge.p3d:geometryFire
20:57:57.183 Convex "component07" selection faces are less then 4 in dz\structures_sakhal\industrial\harbour\buoy.p3d:geometryFire
20:57:57.183 Convex "component09" selection faces are less then 4 in dz\structures_sakhal\industrial\harbour\buoy.p3d:geometryFire
20:57:57.183 Convex "component11" selection faces are less then 4 in dz\structures_sakhal\industrial\harbour\buoy.p3d:geometryFire
20:57:57.183 Convex "component13" selection faces are less then 4 in dz\structures_sakhal\industrial\harbour\buoy.p3d:geometryFire
20:57:57.183 Convex "component42" selection faces are less then 4 in dz\structures_sakhal\industrial\harbour\buoy.p3d:geometryFire
20:57:57.183 Convex "component43" selection faces are less then 4 in dz\structures_sakhal\industrial\harbour\buoy.p3d:geometryFire
20:57:57.340 Convex "component08" selection faces are less then 4 in dz\structures_sakhal\industrial\harbour\mooringbuoy.p3d:geometry
20:57:57.340 Convex "component39" selection faces are less then 4 in dz\structures_sakhal\industrial\harbour\mooringbuoy.p3d:geometry
20:57:57.340 Convex "component02" selection faces are less then 4 in dz\structures_sakhal\industrial\harbour\mooringbuoy.p3d:geometryFire
20:57:57.340 Convex "component75" selection faces are less then 4 in dz\structures_sakhal\industrial\harbour\mooringbuoy.p3d:geometryFire
20:57:57.340 Convex "component76" selection faces are less then 4 in dz\structures_sakhal\industrial\harbour\mooringbuoy.p3d:geometryFire
20:57:57.340 Convex "component77" selection faces are less then 4 in dz\structures_sakhal\industrial\harbour\mooringbuoy.p3d:geometryFire
20:57:57.340 Convex "component78" selection faces are less then 4 in dz\structures_sakhal\industrial\harbour\mooringbuoy.p3d:geometryFire
20:57:57.340 Convex "component79" selection faces are less then 4 in dz\structures_sakhal\industrial\harbour\mooringbuoy.p3d:geometryFire
20:57:57.340 Convex "component80" selection faces are less then 4 in dz\structures_sakhal\industrial\harbour\mooringbuoy.p3d:geometryFire
20:57:57.340 Convex "component81" selection faces are less then 4 in dz\structures_sakhal\industrial\harbour\mooringbuoy.p3d:geometryFire
20:57:57.340 Convex "component82" selection faces are less then 4 in dz\structures_sakhal\industrial\harbour\mooringbuoy.p3d:geometryFire
20:57:57.340 Convex "component83" selection faces are less then 4 in dz\structures_sakhal\industrial\harbour\mooringbuoy.p3d:geometryFire
20:57:57.340 Convex "component84" selection faces are less then 4 in dz\structures_sakhal\industrial\harbour\mooringbuoy.p3d:geometryFire
20:57:57.340 Convex "component85" selection faces are less then 4 in dz\structures_sakhal\industrial\harbour\mooringbuoy.p3d:geometryFire
20:57:57.340 Convex "component86" selection faces are less then 4 in dz\structures_sakhal\industrial\harbour\mooringbuoy.p3d:geometryFire
20:57:57.340 Convex "component87" selection faces are less then 4 in dz\structures_sakhal\industrial\harbour\mooringbuoy.p3d:geometryFire
20:57:57.340 Convex "component88" selection faces are less then 4 in dz\structures_sakhal\industrial\harbour\mooringbuoy.p3d:geometryFire
20:57:57.340 Convex "component89" selection faces are less then 4 in dz\structures_sakhal\industrial\harbour\mooringbuoy.p3d:geometryFire
20:57:57.340 Convex "component90" selection faces are less then 4 in dz\structures_sakhal\industrial\harbour\mooringbuoy.p3d:geometryFire
20:57:57.341 Convex "component39" selection faces are less then 4 in dz\structures_sakhal\industrial\harbour\mooringbuoy.p3d:geometryView
20:57:57.349 Warning: No components in dz\structures_sakhal\industrial\misc\misc_through_static_frozen.p3d:geometry
20:57:57.358 Warning: No components in dz\structures_sakhal\industrial\power\power_hv2_line_end.p3d:geometry
20:57:57.362 PerfWarning: Way too much components (769) in dz\structures_sakhal\industrial\power\power_hv2_tower.p3d:geometryFire
20:57:57.363 Warning: No components in dz\structures_sakhal\industrial\power\power_hv2_wire_main.p3d:geometry
20:57:57.371 PerfWarning: Way too much components (562) in dz\structures_sakhal\industrial\powerplant\geoplant_coolingstack.p3d:geometry
20:57:57.373 PerfWarning: Way too much components (1145) in dz\structures_sakhal\industrial\powerplant\geoplant_coolingstack.p3d:geometryFire
20:57:57.381 Convex "component802" selection faces are less then 4 in dz\structures_sakhal\industrial\powerplant\geoplant_drilltower.p3d:geometryFire
20:57:57.381 Convex "component803" selection faces are less then 4 in dz\structures_sakhal\industrial\powerplant\geoplant_drilltower.p3d:geometryFire
20:57:57.381 Convex "component870" selection faces are less then 4 in dz\structures_sakhal\industrial\powerplant\geoplant_drilltower.p3d:geometryFire
20:57:57.381 Convex "component871" selection faces are less then 4 in dz\structures_sakhal\industrial\powerplant\geoplant_drilltower.p3d:geometryFire
20:57:57.381 Convex "component872" selection faces are less then 4 in dz\structures_sakhal\industrial\powerplant\geoplant_drilltower.p3d:geometryFire
20:57:57.381 PerfWarning: Way too much components (874) in dz\structures_sakhal\industrial\powerplant\geoplant_drilltower.p3d:geometryFire
20:57:57.387 PerfWarning: Way too much components (577) in dz\structures_sakhal\industrial\powerplant\geoplant_mainhall_left.p3d:geometryFire
20:57:57.396 Convex "component643" selection faces are less then 4 in dz\structures_sakhal\industrial\powerplant\geoplant_mainhall_right.p3d:geometryFire
20:57:57.396 PerfWarning: Way too much components (672) in dz\structures_sakhal\industrial\powerplant\geoplant_mainhall_right.p3d:geometryFire
20:57:57.420 Convex "component03" selection faces are less then 4 in dz\structures_sakhal\industrial\powerplant\geoplant_maintenancehall.p3d:geometryFire
20:57:57.420 Convex "component04" selection faces are less then 4 in dz\structures_sakhal\industrial\powerplant\geoplant_maintenancehall.p3d:geometryFire
20:57:57.420 Convex "component129" selection faces are less then 4 in dz\structures_sakhal\industrial\powerplant\geoplant_maintenancehall.p3d:geometryFire
20:57:57.422 PerfWarning: Way too much components (1046) in dz\structures_sakhal\industrial\powerplant\geoplant_maintenancehall.p3d:geometryFire
20:57:57.422 Convex "component03" selection faces are less then 4 in dz\structures_sakhal\industrial\powerplant\geoplant_maintenancehall.p3d:geometryView
20:57:57.422 Convex "component04" selection faces are less then 4 in dz\structures_sakhal\industrial\powerplant\geoplant_maintenancehall.p3d:geometryView
20:57:57.422 Convex "component267" selection faces are less then 4 in dz\structures_sakhal\industrial\powerplant\geoplant_maintenancehall.p3d:geometryView
20:57:57.433 PerfWarning: Way too much components (601) in dz\structures_sakhal\industrial\powerplant\geoplant_pipehall.p3d:geometryFire
20:57:57.446 Convex "component1299" selection faces are less then 4 in dz\structures_sakhal\industrial\powerplant\geoplant_powerhall.p3d:geometryFire
20:57:57.446 Convex "component1372" selection faces are less then 4 in dz\structures_sakhal\industrial\powerplant\geoplant_powerhall.p3d:geometryFire
20:57:57.446 Convex "component1404" selection faces are less then 4 in dz\structures_sakhal\industrial\powerplant\geoplant_powerhall.p3d:geometryFire
20:57:57.446 Convex "component1406" selection faces are less then 4 in dz\structures_sakhal\industrial\powerplant\geoplant_powerhall.p3d:geometryFire
20:57:57.446 PerfWarning: Way too much components (1602) in dz\structures_sakhal\industrial\powerplant\geoplant_powerhall.p3d:geometryFire
20:57:57.455 PerfWarning: Way too much components (736) in dz\structures_sakhal\industrial\powerplant\geoplant_powerhall_pole.p3d:geometryFire
20:57:57.459 Warning Message: Cannot open object dz\structures_sakhal\powerplant\geoplant_powerhall_wire.p3d
20:57:57.466 Convex "component416" selection faces are less then 4 in dz\structures_sakhal\industrial\stockyard\stockyard_crusher.p3d:geometryFire
20:57:57.466 Convex "component421" selection faces are less then 4 in dz\structures_sakhal\industrial\stockyard\stockyard_crusher.p3d:geometryFire
20:57:57.478 PerfWarning: Way too much components (565) in dz\structures_sakhal\industrial\stockyard\stockyard_shiploader.p3d:geometryFire
20:57:57.508 PerfWarning: Way too much components (734) in dz\structures_sakhal\industrial\tanks\tank_big2.p3d:geometryFire
20:57:57.537 PerfWarning: Way too much components (1046) in dz\structures_sakhal\military\airfield\mil_reinforcedtank2_sakhal.p3d:geometryFire
20:57:57.548 Convex "component05" selection faces are less then 4 in dz\structures_sakhal\military\bunkers\bunker3_1.p3d:geometryFire
20:57:57.548 Convex "component06" selection faces are less then 4 in dz\structures_sakhal\military\bunkers\bunker3_1.p3d:geometryFire
20:57:57.548 Convex "component07" selection faces are less then 4 in dz\structures_sakhal\military\bunkers\bunker3_1.p3d:geometryFire
20:57:57.548 Convex "component31" selection faces are less then 4 in dz\structures_sakhal\military\bunkers\bunker3_1.p3d:geometryFire
20:57:57.548 Convex "component34" selection faces are less then 4 in dz\structures_sakhal\military\bunkers\bunker3_1.p3d:geometryFire
20:57:57.548 Convex "component35" selection faces are less then 4 in dz\structures_sakhal\military\bunkers\bunker3_1.p3d:geometryFire
20:57:57.548 Convex "component36" selection faces are less then 4 in dz\structures_sakhal\military\bunkers\bunker3_1.p3d:geometryFire
20:57:57.548 Convex "component37" selection faces are less then 4 in dz\structures_sakhal\military\bunkers\bunker3_1.p3d:geometryFire
20:57:57.548 Convex "component67" selection faces are less then 4 in dz\structures_sakhal\military\bunkers\bunker3_1.p3d:geometryFire
20:57:57.548 Convex "component68" selection faces are less then 4 in dz\structures_sakhal\military\bunkers\bunker3_1.p3d:geometryFire
20:57:57.557 PerfWarning: Way too much components (504) in dz\structures_sakhal\military\radar\mil_radome_big.p3d:geometryFire
20:57:57.558 Convex "component02" selection faces are less then 4 in dz\structures_sakhal\military\radar\mil_radome_small.p3d:geometryView
20:57:57.584 Convex "component81" selection faces are less then 4 in dz\structures_sakhal\military\storage\warheadstorage_entrance_roof.p3d:geometry
20:57:57.584 Convex "component82" selection faces are less then 4 in dz\structures_sakhal\military\storage\warheadstorage_entrance_roof.p3d:geometry
20:57:57.585 Convex "component64" selection faces are less then 4 in dz\structures_sakhal\military\storage\warheadstorage_entrance_roof.p3d:geometryView
20:57:57.585 Convex "component65" selection faces are less then 4 in dz\structures_sakhal\military\storage\warheadstorage_entrance_roof.p3d:geometryView
20:57:57.598 PerfWarning: Way too much components (985) in dz\structures_sakhal\military\storage\warheadstorage_main.p3d:geometryFire
20:57:57.598 Convex "component80" selection faces are less then 4 in dz\structures_sakhal\military\storage\warheadstorage_main.p3d:geometryView
20:57:57.598 Convex "component81" selection faces are less then 4 in dz\structures_sakhal\military\storage\warheadstorage_main.p3d:geometryView
20:57:57.598 Convex "component82" selection faces are less then 4 in dz\structures_sakhal\military\storage\warheadstorage_main.p3d:geometryView
20:57:57.598 Convex "component83" selection faces are less then 4 in dz\structures_sakhal\military\storage\warheadstorage_main.p3d:geometryView
20:57:57.598 Convex "component84" selection faces are less then 4 in dz\structures_sakhal\military\storage\warheadstorage_main.p3d:geometryView
20:57:57.598 Convex "component85" selection faces are less then 4 in dz\structures_sakhal\military\storage\warheadstorage_main.p3d:geometryView
20:57:57.598 Convex "component86" selection faces are less then 4 in dz\structures_sakhal\military\storage\warheadstorage_main.p3d:geometryView
20:57:57.598 Convex "component87" selection faces are less then 4 in dz\structures_sakhal\military\storage\warheadstorage_main.p3d:geometryView
20:57:57.598 Convex "component88" selection faces are less then 4 in dz\structures_sakhal\military\storage\warheadstorage_main.p3d:geometryView
20:57:57.598 Convex "component89" selection faces are less then 4 in dz\structures_sakhal\military\storage\warheadstorage_main.p3d:geometryView
20:57:57.598 Convex "component90" selection faces are less then 4 in dz\structures_sakhal\military\storage\warheadstorage_main.p3d:geometryView
20:57:57.598 Convex "component91" selection faces are less then 4 in dz\structures_sakhal\military\storage\warheadstorage_main.p3d:geometryView
20:57:57.598 Convex "component92" selection faces are less then 4 in dz\structures_sakhal\military\storage\warheadstorage_main.p3d:geometryView
20:57:57.598 Convex "component93" selection faces are less then 4 in dz\structures_sakhal\military\storage\warheadstorage_main.p3d:geometryView
20:57:57.598 Convex "component94" selection faces are less then 4 in dz\structures_sakhal\military\storage\warheadstorage_main.p3d:geometryView
20:57:57.598 Convex "component95" selection faces are less then 4 in dz\structures_sakhal\military\storage\warheadstorage_main.p3d:geometryView
20:57:57.598 Convex "component96" selection faces are less then 4 in dz\structures_sakhal\military\storage\warheadstorage_main.p3d:geometryView
20:57:57.598 Convex "component97" selection faces are less then 4 in dz\structures_sakhal\military\storage\warheadstorage_main.p3d:geometryView
20:57:57.598 Convex "component98" selection faces are less then 4 in dz\structures_sakhal\military\storage\warheadstorage_main.p3d:geometryView
20:57:57.598 Convex "component99" selection faces are less then 4 in dz\structures_sakhal\military\storage\warheadstorage_main.p3d:geometryView
20:57:57.598 Convex "component100" selection faces are less then 4 in dz\structures_sakhal\military\storage\warheadstorage_main.p3d:geometryView
20:57:57.598 Convex "component101" selection faces are less then 4 in dz\structures_sakhal\military\storage\warheadstorage_main.p3d:geometryView
20:57:57.598 Convex "component102" selection faces are less then 4 in dz\structures_sakhal\military\storage\warheadstorage_main.p3d:geometryView
20:57:57.598 Convex "component103" selection faces are less then 4 in dz\structures_sakhal\military\storage\warheadstorage_main.p3d:geometryView
20:57:57.598 Convex "component104" selection faces are less then 4 in dz\structures_sakhal\military\storage\warheadstorage_main.p3d:geometryView
20:57:57.598 Convex "component105" selection faces are less then 4 in dz\structures_sakhal\military\storage\warheadstorage_main.p3d:geometryView
20:57:57.598 Convex "component106" selection faces are less then 4 in dz\structures_sakhal\military\storage\warheadstorage_main.p3d:geometryView
20:57:57.598 Convex "component107" selection faces are less then 4 in dz\structures_sakhal\military\storage\warheadstorage_main.p3d:geometryView
20:57:57.598 Convex "component108" selection faces are less then 4 in dz\structures_sakhal\military\storage\warheadstorage_main.p3d:geometryView
20:57:57.598 Convex "component109" selection faces are less then 4 in dz\structures_sakhal\military\storage\warheadstorage_main.p3d:geometryView
20:57:57.598 Convex "component110" selection faces are less then 4 in dz\structures_sakhal\military\storage\warheadstorage_main.p3d:geometryView
20:57:57.598 Convex "component111" selection faces are less then 4 in dz\structures_sakhal\military\storage\warheadstorage_main.p3d:geometryView
20:57:57.598 Convex "component112" selection faces are less then 4 in dz\structures_sakhal\military\storage\warheadstorage_main.p3d:geometryView
20:57:57.598 Convex "component113" selection faces are less then 4 in dz\structures_sakhal\military\storage\warheadstorage_main.p3d:geometryView
20:57:57.598 Convex "component114" selection faces are less then 4 in dz\structures_sakhal\military\storage\warheadstorage_main.p3d:geometryView
20:57:57.598 Convex "component115" selection faces are less then 4 in dz\structures_sakhal\military\storage\warheadstorage_main.p3d:geometryView
20:57:57.598 Convex "component116" selection faces are less then 4 in dz\structures_sakhal\military\storage\warheadstorage_main.p3d:geometryView
20:57:57.598 Convex "component117" selection faces are less then 4 in dz\structures_sakhal\military\storage\warheadstorage_main.p3d:geometryView
20:57:57.598 Convex "component118" selection faces are less then 4 in dz\structures_sakhal\military\storage\warheadstorage_main.p3d:geometryView
20:57:57.598 Convex "component119" selection faces are less then 4 in dz\structures_sakhal\military\storage\warheadstorage_main.p3d:geometryView
20:57:57.598 Convex "component120" selection faces are less then 4 in dz\structures_sakhal\military\storage\warheadstorage_main.p3d:geometryView
20:57:57.598 Convex "component121" selection faces are less then 4 in dz\structures_sakhal\military\storage\warheadstorage_main.p3d:geometryView
20:57:57.598 Convex "component122" selection faces are less then 4 in dz\structures_sakhal\military\storage\warheadstorage_main.p3d:geometryView
20:57:57.598 Convex "component123" selection faces are less then 4 in dz\structures_sakhal\military\storage\warheadstorage_main.p3d:geometryView
20:57:57.598 Convex "component124" selection faces are less then 4 in dz\structures_sakhal\military\storage\warheadstorage_main.p3d:geometryView
20:57:57.598 Convex "component125" selection faces are less then 4 in dz\structures_sakhal\military\storage\warheadstorage_main.p3d:geometryView
20:57:57.598 Convex "component126" selection faces are less then 4 in dz\structures_sakhal\military\storage\warheadstorage_main.p3d:geometryView
20:57:57.598 Convex "component127" selection faces are less then 4 in dz\structures_sakhal\military\storage\warheadstorage_main.p3d:geometryView
20:57:57.598 Convex "component128" selection faces are less then 4 in dz\structures_sakhal\military\storage\warheadstorage_main.p3d:geometryView
20:57:57.598 Convex "component129" selection faces are less then 4 in dz\structures_sakhal\military\storage\warheadstorage_main.p3d:geometryView
20:57:57.598 Convex "component130" selection faces are less then 4 in dz\structures_sakhal\military\storage\warheadstorage_main.p3d:geometryView
20:57:57.598 Convex "component131" selection faces are less then 4 in dz\structures_sakhal\military\storage\warheadstorage_main.p3d:geometryView
20:57:57.598 Convex "component132" selection faces are less then 4 in dz\structures_sakhal\military\storage\warheadstorage_main.p3d:geometryView
20:57:57.598 Convex "component133" selection faces are less then 4 in dz\structures_sakhal\military\storage\warheadstorage_main.p3d:geometryView
20:57:57.598 Convex "component134" selection faces are less then 4 in dz\structures_sakhal\military\storage\warheadstorage_main.p3d:geometryView
20:57:57.598 Convex "component135" selection faces are less then 4 in dz\structures_sakhal\military\storage\warheadstorage_main.p3d:geometryView
20:57:57.598 Convex "component136" selection faces are less then 4 in dz\structures_sakhal\military\storage\warheadstorage_main.p3d:geometryView
20:57:57.598 Convex "component137" selection faces are less then 4 in dz\structures_sakhal\military\storage\warheadstorage_main.p3d:geometryView
20:57:57.598 Convex "component138" selection faces are less then 4 in dz\structures_sakhal\military\storage\warheadstorage_main.p3d:geometryView
20:57:57.598 Convex "component139" selection faces are less then 4 in dz\structures_sakhal\military\storage\warheadstorage_main.p3d:geometryView
20:57:57.598 Convex "component140" selection faces are less then 4 in dz\structures_sakhal\military\storage\warheadstorage_main.p3d:geometryView
20:57:57.598 Convex "component141" selection faces are less then 4 in dz\structures_sakhal\military\storage\warheadstorage_main.p3d:geometryView
20:57:57.598 Convex "component142" selection faces are less then 4 in dz\structures_sakhal\military\storage\warheadstorage_main.p3d:geometryView
20:57:57.598 Convex "component143" selection faces are less then 4 in dz\structures_sakhal\military\storage\warheadstorage_main.p3d:geometryView
20:57:57.598 Convex "component144" selection faces are less then 4 in dz\structures_sakhal\military\storage\warheadstorage_main.p3d:geometryView
20:57:57.598 Convex "component145" selection faces are less then 4 in dz\structures_sakhal\military\storage\warheadstorage_main.p3d:geometryView
20:57:57.598 Convex "component146" selection faces are less then 4 in dz\structures_sakhal\military\storage\warheadstorage_main.p3d:geometryView
20:57:57.598 Convex "component147" selection faces are less then 4 in dz\structures_sakhal\military\storage\warheadstorage_main.p3d:geometryView
20:57:57.598 Convex "component148" selection faces are less then 4 in dz\structures_sakhal\military\storage\warheadstorage_main.p3d:geometryView
20:57:57.598 Convex "component149" selection faces are less then 4 in dz\structures_sakhal\military\storage\warheadstorage_main.p3d:geometryView
20:57:57.598 Convex "component150" selection faces are less then 4 in dz\structures_sakhal\military\storage\warheadstorage_main.p3d:geometryView
20:57:57.598 Convex "component151" selection faces are less then 4 in dz\structures_sakhal\military\storage\warheadstorage_main.p3d:geometryView
20:57:57.598 Convex "component152" selection faces are less then 4 in dz\structures_sakhal\military\storage\warheadstorage_main.p3d:geometryView
20:57:57.598 Convex "component153" selection faces are less then 4 in dz\structures_sakhal\military\storage\warheadstorage_main.p3d:geometryView
20:57:57.598 Convex "component154" selection faces are less then 4 in dz\structures_sakhal\military\storage\warheadstorage_main.p3d:geometryView
20:57:57.598 Convex "component155" selection faces are less then 4 in dz\structures_sakhal\military\storage\warheadstorage_main.p3d:geometryView
20:57:57.598 Convex "component156" selection faces are less then 4 in dz\structures_sakhal\military\storage\warheadstorage_main.p3d:geometryView
20:57:57.598 Convex "component157" selection faces are less then 4 in dz\structures_sakhal\military\storage\warheadstorage_main.p3d:geometryView
20:57:57.598 Convex "component158" selection faces are less then 4 in dz\structures_sakhal\military\storage\warheadstorage_main.p3d:geometryView
20:57:57.598 Convex "component159" selection faces are less then 4 in dz\structures_sakhal\military\storage\warheadstorage_main.p3d:geometryView
20:57:57.598 Convex "component160" selection faces are less then 4 in dz\structures_sakhal\military\storage\warheadstorage_main.p3d:geometryView
20:57:57.598 Convex "component161" selection faces are less then 4 in dz\structures_sakhal\military\storage\warheadstorage_main.p3d:geometryView
20:57:57.598 Convex "component162" selection faces are less then 4 in dz\structures_sakhal\military\storage\warheadstorage_main.p3d:geometryView
20:57:57.611 PerfWarning: Way too much components (560) in dz\structures_sakhal\military\storage\warheadstorage_powerstation.p3d:geometryFire
20:57:57.611 Convex "component04" selection faces are less then 4 in dz\structures_sakhal\military\storage\warheadstorage_powerstation_generator.p3d:geometryFire
20:57:57.641 Convex "component421" selection faces are less then 4 in dz\structures_sakhal\military\storage\warheadstorage_bunker_facility.p3d:geometryFire
20:57:57.641 Convex "component808" selection faces are less then 4 in dz\structures_sakhal\military\storage\warheadstorage_bunker_facility.p3d:geometryFire
20:57:57.642 Convex "component809" selection faces are less then 4 in dz\structures_sakhal\military\storage\warheadstorage_bunker_facility.p3d:geometryFire
20:57:57.642 Convex "component823" selection faces are less then 4 in dz\structures_sakhal\military\storage\warheadstorage_bunker_facility.p3d:geometryFire
20:57:57.642 PerfWarning: Way too much components (1061) in dz\structures_sakhal\military\storage\warheadstorage_bunker_facility.p3d:geometryFire
20:57:57.642 Convex "component122" selection faces are less then 4 in dz\structures_sakhal\military\storage\warheadstorage_bunker_facility.p3d:geometryView
20:57:57.642 Convex "component123" selection faces are less then 4 in dz\structures_sakhal\military\storage\warheadstorage_bunker_facility.p3d:geometryView
20:57:57.642 Convex "component124" selection faces are less then 4 in dz\structures_sakhal\military\storage\warheadstorage_bunker_facility.p3d:geometryView
20:57:57.642 Convex "component125" selection faces are less then 4 in dz\structures_sakhal\military\storage\warheadstorage_bunker_facility.p3d:geometryView
20:57:57.651 PerfWarning: Way too much components (1590) in dz\structures_sakhal\military\tisy\tisy_bighangar_a.p3d:geometryFire
20:57:57.661 PerfWarning: Way too much components (1395) in dz\structures_sakhal\military\tisy\tisy_bighangar_b.p3d:geometryFire
20:57:57.677 Convex "component38" selection faces are less then 4 in dz\structures_sakhal\military\tisy\tisy_garages3.p3d:geometry
20:57:57.678 Convex "component180" selection faces are less then 4 in dz\structures_sakhal\military\tisy\tisy_garages3.p3d:geometryFire
20:57:57.678 Convex "component36" selection faces are less then 4 in dz\structures_sakhal\military\tisy\tisy_garages3.p3d:geometryView
20:57:57.685 Convex "component202" selection faces are less then 4 in dz\structures_sakhal\military\tisy\tisy_launchcontrol.p3d:geometry
20:57:57.686 Convex "component775" selection faces are less then 4 in dz\structures_sakhal\military\tisy\tisy_launchcontrol.p3d:geometryFire
20:57:57.687 PerfWarning: Way too much components (918) in dz\structures_sakhal\military\tisy\tisy_launchcontrol.p3d:geometryFire
20:57:57.710 Convex "component81" selection faces are less then 4 in dz\structures_sakhal\residential\houses\house_1w02_blue.p3d:geometry
20:57:57.711 Convex "component78" selection faces are less then 4 in dz\structures_sakhal\residential\houses\house_1w02_blue.p3d:geometryView
20:57:57.719 Convex "component40" selection faces are less then 4 in dz\structures_sakhal\residential\houses\house_1w04_yellow.p3d:geometry
20:57:57.720 Convex "component03" selection faces are less then 4 in dz\structures_sakhal\residential\houses\house_1w04_yellow.p3d:geometryView
20:57:57.720 Convex "component04" selection faces are less then 4 in dz\structures_sakhal\residential\houses\house_1w04_yellow.p3d:geometryView
20:57:57.720 Convex "component28" selection faces are less then 4 in dz\structures_sakhal\residential\houses\house_1w04_yellow.p3d:geometryView
20:57:57.723 Convex "component67" selection faces are less then 4 in dz\structures_sakhal\residential\houses\house_1w06_blue.p3d:geometry
20:57:57.723 Convex "component68" selection faces are less then 4 in dz\structures_sakhal\residential\houses\house_1w06_blue.p3d:geometry
20:57:57.723 Convex "component69" selection faces are less then 4 in dz\structures_sakhal\residential\houses\house_1w06_blue.p3d:geometry
20:57:57.723 Convex "component70" selection faces are less then 4 in dz\structures_sakhal\residential\houses\house_1w06_blue.p3d:geometry
20:57:57.723 Convex "component71" selection faces are less then 4 in dz\structures_sakhal\residential\houses\house_1w06_blue.p3d:geometry
20:57:57.723 Convex "component72" selection faces are less then 4 in dz\structures_sakhal\residential\houses\house_1w06_blue.p3d:geometry
20:57:57.723 Convex "component73" selection faces are less then 4 in dz\structures_sakhal\residential\houses\house_1w06_blue.p3d:geometry
20:57:57.723 Convex "component74" selection faces are less then 4 in dz\structures_sakhal\residential\houses\house_1w06_blue.p3d:geometry
20:57:57.723 Convex "component75" selection faces are less then 4 in dz\structures_sakhal\residential\houses\house_1w06_blue.p3d:geometry
20:57:57.723 Convex "component76" selection faces are less then 4 in dz\structures_sakhal\residential\houses\house_1w06_blue.p3d:geometry
20:57:57.723 Convex "component77" selection faces are less then 4 in dz\structures_sakhal\residential\houses\house_1w06_blue.p3d:geometry
20:57:57.735 Convex "component93" selection faces are less then 4 in dz\structures_sakhal\residential\houses\house_1w08_blue.p3d:geometry
20:57:57.736 Convex "component117" selection faces are less then 4 in dz\structures_sakhal\residential\houses\house_1w08_blue.p3d:geometryView
20:57:57.736 Convex "component120" selection faces are less then 4 in dz\structures_sakhal\residential\houses\house_1w08_blue.p3d:geometryView
20:57:57.741 Convex "component34" selection faces are less then 4 in dz\structures_sakhal\residential\houses\house_1w11_blue.p3d:geometry
20:57:57.788 Convex "component517" selection faces are less then 4 in dz\structures_sakhal\residential\houses\house_1w14_dam.p3d:geometryFire
20:57:57.788 PerfWarning: Way too much components (554) in dz\structures_sakhal\residential\houses\house_1w14_dam.p3d:geometryFire
20:57:57.794 Convex "component516" selection faces are less then 4 in dz\structures_sakhal\residential\houses\house_1w14_dam_snow.p3d:geometryFire
20:57:57.794 PerfWarning: Way too much components (541) in dz\structures_sakhal\residential\houses\house_1w14_dam_snow.p3d:geometryFire
20:57:57.813 PerfWarning: Way too much components (677) in dz\structures_sakhal\residential\medical\city_hospital_east.p3d:geometryFire
20:57:57.823 PerfWarning: Way too much components (859) in dz\structures_sakhal\residential\medical\village_healthcare_east.p3d:geometryFire
20:57:57.826 Warning: No components in dz\structures_sakhal\residential\misc\outsidethermometer.p3d:geometry
20:57:57.826 Warning: No components in dz\structures_sakhal\residential\misc\outsidethermometer_1.p3d:geometry
20:57:57.826 Warning: No components in dz\structures_sakhal\residential\misc\outsidethermometer_2.p3d:geometry
20:57:57.826 Warning: No components in dz\structures_sakhal\residential\misc\outsidethermometer_2_wall.p3d:geometry
20:57:57.836 PerfWarning: Way too much components (742) in dz\structures_sakhal\residential\police\village_policestation_east.p3d:geometryFire
20:57:57.874 PerfWarning: Way too much components (777) in dz\structures_sakhal\residential\schools\city_school_east.p3d:geometryFire
20:57:57.902 PerfWarning: Way too much components (660) in dz\structures_sakhal\residential\tenements\tenement_medium.p3d:geometryFire
20:57:57.922 Convex "component1390" selection faces are less then 4 in dz\structures_sakhal\residential\tenements\tenement_small_brick.p3d:geometryFire
20:57:57.922 Convex "component1391" selection faces are less then 4 in dz\structures_sakhal\residential\tenements\tenement_small_brick.p3d:geometryFire
20:57:57.922 Convex "component1392" selection faces are less then 4 in dz\structures_sakhal\residential\tenements\tenement_small_brick.p3d:geometryFire
20:57:57.922 Convex "component1393" selection faces are less then 4 in dz\structures_sakhal\residential\tenements\tenement_small_brick.p3d:geometryFire
20:57:57.922 Convex "component1394" selection faces are less then 4 in dz\structures_sakhal\residential\tenements\tenement_small_brick.p3d:geometryFire
20:57:57.922 Convex "component1395" selection faces are less then 4 in dz\structures_sakhal\residential\tenements\tenement_small_brick.p3d:geometryFire
20:57:57.922 Convex "component1396" selection faces are less then 4 in dz\structures_sakhal\residential\tenements\tenement_small_brick.p3d:geometryFire
20:57:57.922 Convex "component1397" selection faces are less then 4 in dz\structures_sakhal\residential\tenements\tenement_small_brick.p3d:geometryFire
20:57:57.922 Convex "component1398" selection faces are less then 4 in dz\structures_sakhal\residential\tenements\tenement_small_brick.p3d:geometryFire
20:57:57.922 Convex "component1399" selection faces are less then 4 in dz\structures_sakhal\residential\tenements\tenement_small_brick.p3d:geometryFire
20:57:57.922 Convex "component1400" selection faces are less then 4 in dz\structures_sakhal\residential\tenements\tenement_small_brick.p3d:geometryFire
20:57:57.922 Convex "component1401" selection faces are less then 4 in dz\structures_sakhal\residential\tenements\tenement_small_brick.p3d:geometryFire
20:57:57.922 Convex "component1402" selection faces are less then 4 in dz\structures_sakhal\residential\tenements\tenement_small_brick.p3d:geometryFire
20:57:57.922 Convex "component1403" selection faces are less then 4 in dz\structures_sakhal\residential\tenements\tenement_small_brick.p3d:geometryFire
20:57:57.922 Convex "component1404" selection faces are less then 4 in dz\structures_sakhal\residential\tenements\tenement_small_brick.p3d:geometryFire
20:57:57.922 Convex "component1405" selection faces are less then 4 in dz\structures_sakhal\residential\tenements\tenement_small_brick.p3d:geometryFire
20:57:57.922 Convex "component1406" selection faces are less then 4 in dz\structures_sakhal\residential\tenements\tenement_small_brick.p3d:geometryFire
20:57:57.922 Convex "component1407" selection faces are less then 4 in dz\structures_sakhal\residential\tenements\tenement_small_brick.p3d:geometryFire
20:57:57.922 Convex "component1408" selection faces are less then 4 in dz\structures_sakhal\residential\tenements\tenement_small_brick.p3d:geometryFire
20:57:57.922 Convex "component1409" selection faces are less then 4 in dz\structures_sakhal\residential\tenements\tenement_small_brick.p3d:geometryFire
20:57:57.922 Convex "component1410" selection faces are less then 4 in dz\structures_sakhal\residential\tenements\tenement_small_brick.p3d:geometryFire
20:57:57.922 Convex "component1411" selection faces are less then 4 in dz\structures_sakhal\residential\tenements\tenement_small_brick.p3d:geometryFire
20:57:57.922 Convex "component1412" selection faces are less then 4 in dz\structures_sakhal\residential\tenements\tenement_small_brick.p3d:geometryFire
20:57:57.922 Convex "component1413" selection faces are less then 4 in dz\structures_sakhal\residential\tenements\tenement_small_brick.p3d:geometryFire
20:57:57.922 Convex "component1414" selection faces are less then 4 in dz\structures_sakhal\residential\tenements\tenement_small_brick.p3d:geometryFire
20:57:57.922 Convex "component1415" selection faces are less then 4 in dz\structures_sakhal\residential\tenements\tenement_small_brick.p3d:geometryFire
20:57:57.922 Convex "component1416" selection faces are less then 4 in dz\structures_sakhal\residential\tenements\tenement_small_brick.p3d:geometryFire
20:57:57.922 Convex "component1417" selection faces are less then 4 in dz\structures_sakhal\residential\tenements\tenement_small_brick.p3d:geometryFire
20:57:57.922 Convex "component1418" selection faces are less then 4 in dz\structures_sakhal\residential\tenements\tenement_small_brick.p3d:geometryFire
20:57:57.922 Convex "component1419" selection faces are less then 4 in dz\structures_sakhal\residential\tenements\tenement_small_brick.p3d:geometryFire
20:57:57.922 Convex "component1420" selection faces are less then 4 in dz\structures_sakhal\residential\tenements\tenement_small_brick.p3d:geometryFire
20:57:57.922 Convex "component1421" selection faces are less then 4 in dz\structures_sakhal\residential\tenements\tenement_small_brick.p3d:geometryFire
20:57:57.922 Convex "component1422" selection faces are less then 4 in dz\structures_sakhal\residential\tenements\tenement_small_brick.p3d:geometryFire
20:57:57.922 Convex "component1423" selection faces are less then 4 in dz\structures_sakhal\residential\tenements\tenement_small_brick.p3d:geometryFire
20:57:57.922 Convex "component1424" selection faces are less then 4 in dz\structures_sakhal\residential\tenements\tenement_small_brick.p3d:geometryFire
20:57:57.922 Convex "component1425" selection faces are less then 4 in dz\structures_sakhal\residential\tenements\tenement_small_brick.p3d:geometryFire
20:57:57.922 Convex "component1426" selection faces are less then 4 in dz\structures_sakhal\residential\tenements\tenement_small_brick.p3d:geometryFire
20:57:57.922 Convex "component1427" selection faces are less then 4 in dz\structures_sakhal\residential\tenements\tenement_small_brick.p3d:geometryFire
20:57:57.922 Convex "component1428" selection faces are less then 4 in dz\structures_sakhal\residential\tenements\tenement_small_brick.p3d:geometryFire
20:57:57.922 Convex "component1429" selection faces are less then 4 in dz\structures_sakhal\residential\tenements\tenement_small_brick.p3d:geometryFire
20:57:57.922 Convex "component1430" selection faces are less then 4 in dz\structures_sakhal\residential\tenements\tenement_small_brick.p3d:geometryFire
20:57:57.922 Convex "component1431" selection faces are less then 4 in dz\structures_sakhal\residential\tenements\tenement_small_brick.p3d:geometryFire
20:57:57.922 Convex "component1432" selection faces are less then 4 in dz\structures_sakhal\residential\tenements\tenement_small_brick.p3d:geometryFire
20:57:57.922 Convex "component1433" selection faces are less then 4 in dz\structures_sakhal\residential\tenements\tenement_small_brick.p3d:geometryFire
20:57:57.922 Convex "component1434" selection faces are less then 4 in dz\structures_sakhal\residential\tenements\tenement_small_brick.p3d:geometryFire
20:57:57.922 Convex "component1435" selection faces are less then 4 in dz\structures_sakhal\residential\tenements\tenement_small_brick.p3d:geometryFire
20:57:57.922 Convex "component1436" selection faces are less then 4 in dz\structures_sakhal\residential\tenements\tenement_small_brick.p3d:geometryFire
20:57:57.922 Convex "component1437" selection faces are less then 4 in dz\structures_sakhal\residential\tenements\tenement_small_brick.p3d:geometryFire
20:57:57.922 Convex "component1438" selection faces are less then 4 in dz\structures_sakhal\residential\tenements\tenement_small_brick.p3d:geometryFire
20:57:57.922 Convex "component1439" selection faces are less then 4 in dz\structures_sakhal\residential\tenements\tenement_small_brick.p3d:geometryFire
20:57:57.922 Convex "component1440" selection faces are less then 4 in dz\structures_sakhal\residential\tenements\tenement_small_brick.p3d:geometryFire
20:57:57.922 Convex "component1441" selection faces are less then 4 in dz\structures_sakhal\residential\tenements\tenement_small_brick.p3d:geometryFire
20:57:57.922 Convex "component1442" selection faces are less then 4 in dz\structures_sakhal\residential\tenements\tenement_small_brick.p3d:geometryFire
20:57:57.922 Convex "component1443" selection faces are less then 4 in dz\structures_sakhal\residential\tenements\tenement_small_brick.p3d:geometryFire
20:57:57.922 Convex "component1444" selection faces are less then 4 in dz\structures_sakhal\residential\tenements\tenement_small_brick.p3d:geometryFire
20:57:57.922 Convex "component1445" selection faces are less then 4 in dz\structures_sakhal\residential\tenements\tenement_small_brick.p3d:geometryFire
20:57:57.922 Convex "component1446" selection faces are less then 4 in dz\structures_sakhal\residential\tenements\tenement_small_brick.p3d:geometryFire
20:57:57.922 Convex "component1447" selection faces are less then 4 in dz\structures_sakhal\residential\tenements\tenement_small_brick.p3d:geometryFire
20:57:57.922 Convex "component1448" selection faces are less then 4 in dz\structures_sakhal\residential\tenements\tenement_small_brick.p3d:geometryFire
20:57:57.922 Convex "component1449" selection faces are less then 4 in dz\structures_sakhal\residential\tenements\tenement_small_brick.p3d:geometryFire
20:57:57.922 Convex "component1450" selection faces are less then 4 in dz\structures_sakhal\residential\tenements\tenement_small_brick.p3d:geometryFire
20:57:57.922 Convex "component1451" selection faces are less then 4 in dz\structures_sakhal\residential\tenements\tenement_small_brick.p3d:geometryFire
20:57:57.922 Convex "component1452" selection faces are less then 4 in dz\structures_sakhal\residential\tenements\tenement_small_brick.p3d:geometryFire
20:57:57.922 Convex "component1453" selection faces are less then 4 in dz\structures_sakhal\residential\tenements\tenement_small_brick.p3d:geometryFire
20:57:57.922 Convex "component1454" selection faces are less then 4 in dz\structures_sakhal\residential\tenements\tenement_small_brick.p3d:geometryFire
20:57:57.922 Convex "component1455" selection faces are less then 4 in dz\structures_sakhal\residential\tenements\tenement_small_brick.p3d:geometryFire
20:57:57.922 Convex "component1456" selection faces are less then 4 in dz\structures_sakhal\residential\tenements\tenement_small_brick.p3d:geometryFire
20:57:57.922 Convex "component1457" selection faces are less then 4 in dz\structures_sakhal\residential\tenements\tenement_small_brick.p3d:geometryFire
20:57:57.922 Convex "component1458" selection faces are less then 4 in dz\structures_sakhal\residential\tenements\tenement_small_brick.p3d:geometryFire
20:57:57.922 Convex "component1459" selection faces are less then 4 in dz\structures_sakhal\residential\tenements\tenement_small_brick.p3d:geometryFire
20:57:57.922 Convex "component1460" selection faces are less then 4 in dz\structures_sakhal\residential\tenements\tenement_small_brick.p3d:geometryFire
20:57:57.922 Convex "component1461" selection faces are less then 4 in dz\structures_sakhal\residential\tenements\tenement_small_brick.p3d:geometryFire
20:57:57.922 Convex "component1462" selection faces are less then 4 in dz\structures_sakhal\residential\tenements\tenement_small_brick.p3d:geometryFire
20:57:57.922 Convex "component1463" selection faces are less then 4 in dz\structures_sakhal\residential\tenements\tenement_small_brick.p3d:geometryFire
20:57:57.922 Convex "component1464" selection faces are less then 4 in dz\structures_sakhal\residential\tenements\tenement_small_brick.p3d:geometryFire
20:57:57.922 Convex "component1465" selection faces are less then 4 in dz\structures_sakhal\residential\tenements\tenement_small_brick.p3d:geometryFire
20:57:57.922 Convex "component1466" selection faces are less then 4 in dz\structures_sakhal\residential\tenements\tenement_small_brick.p3d:geometryFire
20:57:57.922 Convex "component1467" selection faces are less then 4 in dz\structures_sakhal\residential\tenements\tenement_small_brick.p3d:geometryFire
20:57:57.922 Convex "component1468" selection faces are less then 4 in dz\structures_sakhal\residential\tenements\tenement_small_brick.p3d:geometryFire
20:57:57.922 Convex "component1469" selection faces are less then 4 in dz\structures_sakhal\residential\tenements\tenement_small_brick.p3d:geometryFire
20:57:57.922 Convex "component1470" selection faces are less then 4 in dz\structures_sakhal\residential\tenements\tenement_small_brick.p3d:geometryFire
20:57:57.922 Convex "component1471" selection faces are less then 4 in dz\structures_sakhal\residential\tenements\tenement_small_brick.p3d:geometryFire
20:57:57.922 Convex "component1472" selection faces are less then 4 in dz\structures_sakhal\residential\tenements\tenement_small_brick.p3d:geometryFire
20:57:57.922 Convex "component1473" selection faces are less then 4 in dz\structures_sakhal\residential\tenements\tenement_small_brick.p3d:geometryFire
20:57:57.922 Convex "component1474" selection faces are less then 4 in dz\structures_sakhal\residential\tenements\tenement_small_brick.p3d:geometryFire
20:57:57.922 Convex "component1475" selection faces are less then 4 in dz\structures_sakhal\residential\tenements\tenement_small_brick.p3d:geometryFire
20:57:57.922 Convex "component1476" selection faces are less then 4 in dz\structures_sakhal\residential\tenements\tenement_small_brick.p3d:geometryFire
20:57:57.922 Convex "component1477" selection faces are less then 4 in dz\structures_sakhal\residential\tenements\tenement_small_brick.p3d:geometryFire
20:57:57.922 Convex "component1478" selection faces are less then 4 in dz\structures_sakhal\residential\tenements\tenement_small_brick.p3d:geometryFire
20:57:57.922 Convex "component1479" selection faces are less then 4 in dz\structures_sakhal\residential\tenements\tenement_small_brick.p3d:geometryFire
20:57:57.922 Convex "component1480" selection faces are less then 4 in dz\structures_sakhal\residential\tenements\tenement_small_brick.p3d:geometryFire
20:57:57.922 Convex "component1481" selection faces are less then 4 in dz\structures_sakhal\residential\tenements\tenement_small_brick.p3d:geometryFire
20:57:57.922 Convex "component1482" selection faces are less then 4 in dz\structures_sakhal\residential\tenements\tenement_small_brick.p3d:geometryFire
20:57:57.922 Convex "component1483" selection faces are less then 4 in dz\structures_sakhal\residential\tenements\tenement_small_brick.p3d:geometryFire
20:57:57.922 Convex "component1484" selection faces are less then 4 in dz\structures_sakhal\residential\tenements\tenement_small_brick.p3d:geometryFire
20:57:57.922 Convex "component1485" selection faces are less then 4 in dz\structures_sakhal\residential\tenements\tenement_small_brick.p3d:geometryFire
20:57:57.922 Convex "component1486" selection faces are less then 4 in dz\structures_sakhal\residential\tenements\tenement_small_brick.p3d:geometryFire
20:57:57.922 Convex "component1487" selection faces are less then 4 in dz\structures_sakhal\residential\tenements\tenement_small_brick.p3d:geometryFire
20:57:57.922 Convex "component1488" selection faces are less then 4 in dz\structures_sakhal\residential\tenements\tenement_small_brick.p3d:geometryFire
20:57:57.922 Convex "component1489" selection faces are less then 4 in dz\structures_sakhal\residential\tenements\tenement_small_brick.p3d:geometryFire
20:57:57.922 Convex "component1490" selection faces are less then 4 in dz\structures_sakhal\residential\tenements\tenement_small_brick.p3d:geometryFire
20:57:57.922 PerfWarning: Way too much components (1437) in dz\structures_sakhal\residential\tenements\tenement_small_brick.p3d:geometryFire
20:57:57.937 PerfWarning: Way too much components (1442) in dz\structures_sakhal\residential\tenements\tenement_small_brown.p3d:geometryFire
20:57:57.951 PerfWarning: Way too much components (1459) in dz\structures_sakhal\residential\tenements\tenement_small_yellow.p3d:geometryFire
20:57:57.961 Warning: No components in dz\structures_sakhal\roads\decals\decal_caveinterior_square.p3d:geometry
20:57:57.961 Warning: No components in dz\structures_sakhal\roads\decals\decal_crosswalk_east.p3d:geometry
20:57:57.961 Warning: No components in dz\structures_sakhal\roads\decals\decal_sakhal_snow_01.p3d:geometry
20:57:57.961 Warning: No components in dz\structures_sakhal\roads\decals\decal_sakhal_snow_01_nolc.p3d:geometry
20:57:57.961 Warning: No components in dz\structures_sakhal\roads\decals\decal_sakhal_snow_02.p3d:geometry
20:57:57.961 Warning: No components in dz\structures_sakhal\roads\decals\decal_sakhal_snow_02_nolc.p3d:geometry
20:57:57.962 Warning: No components in dz\structures_sakhal\roads\decals\decal_sakhal_snow_03.p3d:geometry
20:57:57.962 Warning: No components in dz\structures_sakhal\roads\decals\decal_sakhal_snow_03_nolc.p3d:geometry
20:57:57.962 Warning: No components in dz\structures_sakhal\roads\decals\decal_sakhal_snow_05.p3d:geometry
20:57:57.962 Warning: No components in dz\structures_sakhal\roads\decals\decal_sakhal_snow_05_nolc.p3d:geometry
20:57:57.962 Warning: No components in dz\structures_sakhal\roads\decals\decal_sakhal_snow_06.p3d:geometry
20:57:57.963 Warning: No components in dz\structures_sakhal\roads\decals\decal_sakhal_snow_06_nolc.p3d:geometry
20:57:57.963 Warning: No components in dz\structures_sakhal\roads\decals\decal_sakhal_snow_long1.p3d:geometry
20:57:57.963 Warning: No components in dz\structures_sakhal\roads\decals\decal_sakhal_snow_long1_nolc.p3d:geometry
20:57:57.963 Warning: No components in dz\structures_sakhal\roads\parts\asf1sakhal_dashedline_0 2000.p3d:geometry
20:57:57.963 Warning: No components in dz\structures_sakhal\roads\parts\asf1sakhal_dashedline_1 1000.p3d:geometry
20:57:57.963 Warning: No components in dz\structures_sakhal\roads\parts\asf1sakhal_dashedline_6.p3d:geometry
20:57:57.963 Warning: No components in dz\structures_sakhal\roads\parts\asf1sakhal_dashedline_6konec.p3d:geometry
20:57:57.964 Warning: No components in dz\structures_sakhal\roads\parts\asf1sakhal_dashedline_7 100.p3d:geometry
20:57:57.964 Warning: No components in dz\structures_sakhal\roads\parts\asf1sakhal_dashedline_10 25.p3d:geometry
20:57:57.964 Warning: No components in dz\structures_sakhal\roads\parts\asf1sakhal_dashedline_10 50.p3d:geometry
20:57:57.964 Warning: No components in dz\structures_sakhal\roads\parts\asf1sakhal_dashedline_10 75.p3d:geometry
20:57:57.964 Warning: No components in dz\structures_sakhal\roads\parts\asf1sakhal_dashedline_10 100.p3d:geometry
20:57:57.964 Warning: No components in dz\structures_sakhal\roads\parts\asf1sakhal_dashedline_12.p3d:geometry
20:57:57.964 Warning: No components in dz\structures_sakhal\roads\parts\asf1sakhal_dashedline_30 25.p3d:geometry
20:57:57.964 Warning: No components in dz\structures_sakhal\roads\parts\asf1sakhal_dashedline_60 10.p3d:geometry
20:57:57.965 Warning: No components in dz\structures_sakhal\roads\parts\asf1sakhal_fullline_0 2000.p3d:geometry
20:57:57.965 Warning: No components in dz\structures_sakhal\roads\parts\asf1sakhal_fullline_1 1000.p3d:geometry
20:57:57.965 Warning: No components in dz\structures_sakhal\roads\parts\asf1sakhal_fullline_6.p3d:geometry
20:57:57.965 Warning: No components in dz\structures_sakhal\roads\parts\asf1sakhal_fullline_6konec.p3d:geometry
20:57:57.966 Warning: No components in dz\structures_sakhal\roads\parts\asf1sakhal_fullline_7 100.p3d:geometry
20:57:57.966 Warning: No components in dz\structures_sakhal\roads\parts\asf1sakhal_fullline_10 25.p3d:geometry
20:57:57.966 Warning: No components in dz\structures_sakhal\roads\parts\asf1sakhal_fullline_10 50.p3d:geometry
20:57:57.966 Warning: No components in dz\structures_sakhal\roads\parts\asf1sakhal_fullline_10 75.p3d:geometry
20:57:57.966 Warning: No components in dz\structures_sakhal\roads\parts\asf1sakhal_fullline_10 100.p3d:geometry
20:57:57.967 Warning: No components in dz\structures_sakhal\roads\parts\asf1sakhal_fullline_12.p3d:geometry
20:57:57.967 Warning: No components in dz\structures_sakhal\roads\parts\asf1sakhal_fullline_30 25.p3d:geometry
20:57:57.967 Warning: No components in dz\structures_sakhal\roads\parts\asf1sakhal_fullline_60 10.p3d:geometry
20:57:57.967 Warning: No components in dz\structures_sakhal\roads\parts\asf2sakhal_0 2000.p3d:geometry
20:57:57.967 Warning: No components in dz\structures_sakhal\roads\parts\asf2sakhal_1 1000.p3d:geometry
20:57:57.967 Warning: No components in dz\structures_sakhal\roads\parts\asf2sakhal_6.p3d:geometry
20:57:57.967 Warning: No components in dz\structures_sakhal\roads\parts\asf2sakhal_6konec1.p3d:geometry
20:57:57.968 Warning: No components in dz\structures_sakhal\roads\parts\asf2sakhal_6konec2.p3d:geometry
20:57:57.968 Warning: No components in dz\structures_sakhal\roads\parts\asf2sakhal_7 100.p3d:geometry
20:57:57.968 Warning: No components in dz\structures_sakhal\roads\parts\asf2sakhal_10 25.p3d:geometry
20:57:57.968 Warning: No components in dz\structures_sakhal\roads\parts\asf2sakhal_10 50.p3d:geometry
20:57:57.968 Warning: No components in dz\structures_sakhal\roads\parts\asf2sakhal_10 75.p3d:geometry
20:57:57.968 Warning: No components in dz\structures_sakhal\roads\parts\asf2sakhal_10 100.p3d:geometry
20:57:57.968 Warning: No components in dz\structures_sakhal\roads\parts\asf2sakhal_12.p3d:geometry
20:57:57.968 Warning: No components in dz\structures_sakhal\roads\parts\asf2sakhal_30 25.p3d:geometry
20:57:57.968 Warning: No components in dz\structures_sakhal\roads\parts\asf2sakhal_60 10.p3d:geometry
20:57:57.968 Warning: No components in dz\structures_sakhal\roads\parts\asf3sakhal_0 2000.p3d:geometry
20:57:57.969 Warning: No components in dz\structures_sakhal\roads\parts\asf3sakhal_1 1000.p3d:geometry
20:57:57.969 Warning: No components in dz\structures_sakhal\roads\parts\asf3sakhal_6.p3d:geometry
20:57:57.969 Warning: No components in dz\structures_sakhal\roads\parts\asf3sakhal_6konec.p3d:geometry
20:57:57.969 Warning: No components in dz\structures_sakhal\roads\parts\asf3sakhal_7 100.p3d:geometry
20:57:57.970 Warning: No components in dz\structures_sakhal\roads\parts\asf3sakhal_10 25.p3d:geometry
20:57:57.970 Warning: No components in dz\structures_sakhal\roads\parts\asf3sakhal_10 50.p3d:geometry
20:57:57.970 Warning: No components in dz\structures_sakhal\roads\parts\asf3sakhal_10 75.p3d:geometry
20:57:57.970 Warning: No components in dz\structures_sakhal\roads\parts\asf3sakhal_10 100.p3d:geometry
20:57:57.970 Warning: No components in dz\structures_sakhal\roads\parts\asf3sakhal_12.p3d:geometry
20:57:57.971 Warning: No components in dz\structures_sakhal\roads\parts\asf3sakhal_30 25.p3d:geometry
20:57:57.971 Warning: No components in dz\structures_sakhal\roads\parts\asf3sakhal_60 10.p3d:geometry
20:57:57.971 Warning: No components in dz\structures_sakhal\roads\parts\gravsakhal_0 2000.p3d:geometry
20:57:57.971 Warning: No components in dz\structures_sakhal\roads\parts\gravsakhal_1 1000.p3d:geometry
20:57:57.971 Warning: No components in dz\structures_sakhal\roads\parts\gravsakhal_6.p3d:geometry
20:57:57.971 Warning: No components in dz\structures_sakhal\roads\parts\gravsakhal_6konec.p3d:geometry
20:57:57.972 Warning: No components in dz\structures_sakhal\roads\parts\gravsakhal_7 100.p3d:geometry
20:57:57.972 Warning: No components in dz\structures_sakhal\roads\parts\gravsakhal_10 25.p3d:geometry
20:57:57.972 Warning: No components in dz\structures_sakhal\roads\parts\gravsakhal_10 50.p3d:geometry
20:57:57.972 Warning: No components in dz\structures_sakhal\roads\parts\gravsakhal_10 75.p3d:geometry
20:57:57.972 Warning: No components in dz\structures_sakhal\roads\parts\gravsakhal_10 100.p3d:geometry
20:57:57.972 Warning: No components in dz\structures_sakhal\roads\parts\gravsakhal_12.p3d:geometry
20:57:57.973 Warning: No components in dz\structures_sakhal\roads\parts\gravsakhal_30 25.p3d:geometry
20:57:57.973 Warning: No components in dz\structures_sakhal\roads\parts\gravsakhal_60 10.p3d:geometry
20:57:57.973 Warning: No components in dz\structures_sakhal\roads\parts\mudsakhal_0 2000.p3d:geometry
20:57:57.973 Warning: No components in dz\structures_sakhal\roads\parts\mudsakhal_1 1000.p3d:geometry
20:57:57.973 Warning: No components in dz\structures_sakhal\roads\parts\mudsakhal_6.p3d:geometry
20:57:57.973 Warning: No components in dz\structures_sakhal\roads\parts\mudsakhal_6konec.p3d:geometry
20:57:57.973 Warning: No components in dz\structures_sakhal\roads\parts\mudsakhal_7 100.p3d:geometry
20:57:57.974 Warning: No components in dz\structures_sakhal\roads\parts\mudsakhal_10 25.p3d:geometry
20:57:57.974 Warning: No components in dz\structures_sakhal\roads\parts\mudsakhal_10 50.p3d:geometry
20:57:57.974 Warning: No components in dz\structures_sakhal\roads\parts\mudsakhal_10 75.p3d:geometry
20:57:57.974 Warning: No components in dz\structures_sakhal\roads\parts\mudsakhal_10 100.p3d:geometry
20:57:57.974 Warning: No components in dz\structures_sakhal\roads\parts\mudsakhal_12.p3d:geometry
20:57:57.974 Warning: No components in dz\structures_sakhal\roads\parts\mudsakhal_30 25.p3d:geometry
20:57:57.974 Warning: No components in dz\structures_sakhal\roads\parts\mudsakhal_60 10.p3d:geometry
20:57:57.974 Warning: No components in dz\structures_sakhal\roads\parts\quarrysakhal_0 2000.p3d:geometry
20:57:57.974 Warning: No components in dz\structures_sakhal\roads\parts\quarrysakhal_1 1000.p3d:geometry
20:57:57.975 Warning: No components in dz\structures_sakhal\roads\parts\quarrysakhal_6.p3d:geometry
20:57:57.975 Warning: No components in dz\structures_sakhal\roads\parts\quarrysakhal_6konec.p3d:geometry
20:57:57.975 Warning: No components in dz\structures_sakhal\roads\parts\quarrysakhal_7 100.p3d:geometry
20:57:57.975 Warning: No components in dz\structures_sakhal\roads\parts\quarrysakhal_10 25.p3d:geometry
20:57:57.975 Warning: No components in dz\structures_sakhal\roads\parts\quarrysakhal_10 50.p3d:geometry
20:57:57.975 Warning: No components in dz\structures_sakhal\roads\parts\quarrysakhal_10 75.p3d:geometry
20:57:57.975 Warning: No components in dz\structures_sakhal\roads\parts\quarrysakhal_10 100.p3d:geometry
20:57:57.975 Warning: No components in dz\structures_sakhal\roads\parts\quarrysakhal_12.p3d:geometry
20:57:57.976 Warning: No components in dz\structures_sakhal\roads\parts\quarrysakhal_30 25.p3d:geometry
20:57:57.976 Warning: No components in dz\structures_sakhal\roads\parts\quarrysakhal_60 10.p3d:geometry
20:57:57.983 Convex "component167" selection faces are less then 4 in dz\structures_sakhal\specific\airport\airport_small_hangar.p3d:geometryView
20:57:57.991 PerfWarning: Way too much components (717) in dz\structures_sakhal\specific\airport\airport_small_main.p3d:geometryFire
20:57:57.997 Convex "component233" selection faces are less then 4 in dz\structures_sakhal\specific\monuments\monument_bears.p3d:geometryFire
20:57:58.13  PerfWarning: Way too much components (524) in dz\structures_sakhal\walls\wall_tin8_lowblue_8.p3d:geometryFire
20:57:58.37  Convex "component20" selection faces are less then 4 in dz\structures_sakhal\wrecks\submarine_front.p3d:geometryFire
20:57:58.37  Convex "component69" selection faces are less then 4 in dz\structures_sakhal\wrecks\submarine_front.p3d:geometryFire
20:57:58.38  Convex "component32" selection faces are less then 4 in dz\structures_sakhal\wrecks\submarine_middle.p3d:geometryFire
20:57:58.63  PerfWarning: Way too much components (1519) in dz\structures_sakhal\wrecks\ship_medium2.p3d:geometryFire
20:57:58.108 PerfWarning: Way too much components (865) in dz\structures_sakhal\wrecks\static_mi8_civilian.p3d:geometryFire
20:57:58.109 Convex "component143" selection faces are less then 4 in dz\structures_sakhal\wrecks\static_mi8_civilian.p3d:geometryView
20:57:58.120 Warning: No components in dz\structures_sakhal\wrecks\patrolboat_military.p3d:geometry
20:57:58.121 Convex "component76" selection faces are less then 4 in dz\structures_sakhal\wrecks\patrolboat_military.p3d:geometryFire
20:57:58.128 Warning: No components in dz\vehicles\parts\brake_fluid.p3d:geometry
20:57:58.128 Warning: No components in dz\vehicles\parts\brake_fluid.p3d:geometryView
20:57:58.147 Warning: No components in dz\vehicles\parts\oil_bottle.p3d:geometry
20:57:58.153 Convex "component06" selection faces are less then 4 in dz\vehicles\water\boat_01\boat_01.p3d:geometry
20:57:58.153 Convex "component08" selection faces are less then 4 in dz\vehicles\water\boat_01\boat_01.p3d:geometry
20:57:58.162 Warning: No components in dz\vehicles\wheeled\civiliansedan\proxy\sedanwheel_destroyed.p3d:geometry
20:57:58.302 Warning: No components in dz\water\ponds\pond_50x50.p3d:geometry
20:57:58.466 Warning: No components in dz\weapons\firearms\ots14\ots14_barrel.p3d:geometry
20:57:58.466 Warning: No components in dz\weapons\firearms\ots14\ots14_barrel.p3d:geometryFire
20:57:58.466 Warning: No components in dz\weapons\firearms\ots14\ots14_barrel.p3d:geometryView
20:57:58.467 Warning: No components in dz\weapons\firearms\ots14\ots14_barrel_grip.p3d:geometry
20:57:58.467 Warning: No components in dz\weapons\firearms\ots14\ots14_barrel_grip.p3d:geometryFire
20:57:58.467 Warning: No components in dz\weapons\firearms\ots14\ots14_barrel_grip.p3d:geometryView
20:57:58.468 Warning: No components in dz\weapons\firearms\ots14\ots14_silencer.p3d:geometry
20:57:58.468 Warning: No components in dz\weapons\firearms\ots14\ots14_silencer.p3d:geometryFire
20:57:58.468 Warning: No components in dz\weapons\firearms\ots14\ots14_silencer.p3d:geometryView
20:57:58.495 Warning: No components in dz\weapons\attachments\optics\optic_buis.p3d:geometryFire
20:57:58.564 Warning: No components in dz\weapons\attachments\optics\optic_hunting.p3d:geometry
20:57:58.564 Warning: No components in dz\weapons\attachments\optics\optic_hunting.p3d:geometryView
20:57:58.690 Warning: No components in dz\weapons\firearms\ots14\ots14_grip.p3d:geometry
20:57:58.690 Warning: No components in dz\weapons\firearms\ots14\ots14_grip.p3d:geometryFire
20:57:58.690 Warning: No components in dz\weapons\firearms\ots14\ots14_grip.p3d:geometryView
20:57:58.718 Warning: No components in dz\weapons\firearms\aug\proxy\scope.p3d:geometry
20:57:58.753 Warning: No components in dz\weapons\firearms\trumpet\trumpet_parts.p3d:geometry
20:57:58.754 Warning: No components in dz\weapons\launchers\m79\proxy\dummyscope.p3d:geometry
20:57:58.760 Warning: No components in dz\weapons\pistols\magnum\proxy\magnum_cylinder.p3d:geometry
20:57:58.760 Warning: No components in dz\weapons\pistols\magnum\proxy\magnum_ejector.p3d:geometry
20:57:58.762 Warning: No components in vppadmintools\assets\plane.p3d:geometry
20:57:58.763 Warning: No components in dz\characters\backpacks\alicebackpack_f.p3d:geometry
20:57:58.769 Warning: No components in dz\characters\backpacks\alicebackpack_m.p3d:geometry
20:57:58.790 Warning: No components in dz\characters\backpacks\bag_leathersack_f.p3d:geometry
20:57:58.791 Warning: No components in dz\characters\backpacks\bag_leathersack_m.p3d:geometry
20:57:58.792 Warning: No components in dz\characters\backpacks\boulder_m53_f.p3d:geometry
20:57:58.793 Warning: No components in dz\characters\backpacks\boulder_m53_m.p3d:geometry
20:57:58.795 Warning: No components in dz\characters\backpacks\bp_improvisedfur_f.p3d:geometry
20:57:58.796 Warning: No components in dz\characters\backpacks\bp_improvisedfur_m.p3d:geometry
20:57:58.797 Warning: No components in dz\characters\backpacks\bp_improvised_f.p3d:geometry
20:57:58.798 Warning: No components in dz\characters\backpacks\bp_improvised_m.p3d:geometry
20:57:58.799 Warning: No components in dz\characters\backpacks\childs_f.p3d:geometry
20:57:58.812 Warning: No components in dz\characters\backpacks\childs_m.p3d:geometry
20:57:58.813 Warning: No components in dz\characters\backpacks\coyotesbp_f.p3d:geometry
20:57:58.815 Warning: No components in dz\characters\backpacks\coyotesbp_m.p3d:geometry
20:57:58.858 Warning: No components in dz\characters\backpacks\drybag_f.p3d:geometry
20:57:58.859 Warning: No components in dz\characters\backpacks\drybag_m.p3d:geometry
20:57:58.861 Warning: No components in dz\characters\backpacks\ghilliebushrag_g.p3d:geometry
20:57:58.861 Warning: No components in dz\characters\backpacks\ghilliebushrag_m.p3d:geometry
20:57:58.862 Warning: No components in dz\characters\backpacks\ghilliesuit_m.p3d:geometry
20:57:58.862 Warning: No components in dz\characters\backpacks\ghillietop_m.p3d:geometry
20:57:58.864 Warning: No components in dz\characters\backpacks\hunting_f.p3d:geometry
20:57:58.865 Warning: No components in dz\characters\backpacks\hunting_m.p3d:geometry
20:57:58.866 Warning: No components in dz\characters\backpacks\impcourierbagfur_f.p3d:geometry
20:57:58.867 Warning: No components in dz\characters\backpacks\impcourierbagfur_m.p3d:geometry
20:57:58.867 Warning: No components in dz\characters\backpacks\impcourierbag_f.p3d:geometry
20:57:58.868 Warning: No components in dz\characters\backpacks\impcourierbag_m.p3d:geometry
20:57:58.869 Warning: No components in dz\characters\backpacks\mountain_f.p3d:geometry
20:57:58.885 Warning: No components in dz\characters\backpacks\mountain_m.p3d:geometry
20:57:58.892 Warning: No components in dz\characters\backpacks\smershbag_f.p3d:geometry
20:57:58.892 Warning: No components in dz\characters\backpacks\smershbag_m.p3d:geometry
20:57:58.905 Warning: No components in dz\characters\backpacks\taloon.p3d:geometry
20:57:58.906 Warning: No components in dz\characters\backpacks\taloon_f.p3d:geometry
20:57:58.907 Warning: No components in dz\characters\backpacks\taloon_m.p3d:geometry
20:57:58.908 Warning: No components in dz\characters\backpacks\tortilla_m.p3d:geometry
20:57:58.908 Warning: No components in dz\characters\belts\belt_leather_f.p3d:geometry
20:57:58.908 Warning: No components in dz\characters\belts\belt_leather_g.p3d:geometry
20:57:58.908 Warning: No components in dz\characters\belts\belt_leather_m.p3d:geometry
20:57:58.909 Warning: No components in dz\characters\belts\civ_belt_f.p3d:geometry
20:57:58.909 Warning: No components in dz\characters\belts\civ_belt_m.p3d:geometry
20:57:58.928 Warning: No components in dz\characters\belts\gun_holster_g.p3d:geometry
20:57:58.929 Warning: No components in dz\characters\belts\gun_holster_m.p3d:geometry
20:57:58.931 Warning: No components in dz\characters\belts\leather_quiver_f.p3d:geometry
20:57:58.931 Warning: No components in dz\characters\belts\leather_quiver_g.p3d:geometry
20:57:58.932 Warning: No components in dz\characters\belts\leather_quiver_m.p3d:geometry
20:57:58.933 Warning: No components in dz\characters\belts\mil_belt_f.p3d:geometry
20:57:58.933 Warning: No components in dz\characters\belts\mil_belt_m.p3d:geometry
20:57:58.934 Warning: No components in dz\characters\glasses\aviator_glasses.p3d:geometry
20:57:58.954 Warning: No components in dz\characters\glasses\nvg_headstrap.p3d:geometry
20:57:58.954 Warning: No components in dz\characters\glasses\nvg_headstrap_g.p3d:geometry
20:57:58.954 Warning: No components in dz\characters\glasses\nvg_headstrap_g.p3d:geometryView
20:57:58.956 Warning: No components in dz\characters\glasses\sunglasses_designer.p3d:geometry
20:57:58.956 Warning: No components in dz\characters\glasses\sunglasses_designer_g.p3d:geometry
20:57:58.957 Warning: No components in dz\characters\glasses\tacgoggles_g.p3d:geometryFire
20:57:58.957 Warning: No components in dz\characters\gloves\hands_f.p3d:geometry
20:57:58.978 Warning: No components in dz\characters\gloves\hands_m_above0.p3d:geometry
20:57:58.981 Warning: No components in dz\characters\gloves\hands_new_m.p3d:geometry
20:57:58.999 Warning: No components in dz\characters\gloves\leather_gloves_f.p3d:geometry
20:57:59.01  Warning: No components in dz\characters\gloves\leather_gloves_m.p3d:geometry
20:57:59.02  Warning: No components in dz\characters\gloves\nbc_gloves_f.p3d:geometry
20:57:59.03  Warning: No components in dz\characters\gloves\nbc_gloves_m.p3d:geometry
20:57:59.03  Warning: No components in dz\characters\gloves\omno_gloves_f.p3d:geometry
20:57:59.03  Warning: No components in dz\characters\gloves\omno_gloves_m.p3d:geometry
20:57:59.26  Warning: No components in dz\characters\gloves\surgical_gloves_f.p3d:geometry
20:57:59.28  Warning: No components in dz\characters\gloves\surgical_gloves_m.p3d:geometry
20:57:59.28  Warning: No components in dz\characters\gloves\tactical_gloves_f.p3d:geometry
20:57:59.28  Warning: No components in dz\characters\gloves\tactical_gloves_m.p3d:geometry
20:57:59.41  Warning: No components in dz\characters\gloves\working_gloves_f.p3d:geometry
20:57:59.41  Warning: No components in dz\characters\gloves\working_gloves_m.p3d:geometry
20:57:59.41  Warning: No components in dz\characters\headgear\bandanahead_f.p3d:geometry
20:57:59.42  Warning: No components in dz\characters\headgear\bandanahead_g.p3d:geometryFire
20:57:59.58  Warning: No components in dz\characters\headgear\bandanahead_m.p3d:geometry
20:57:59.58  Warning: No components in dz\characters\headgear\bandanahybrid_f.p3d:geometry
20:57:59.59  Warning: No components in dz\characters\headgear\bandanahybrid_m.p3d:geometry
20:57:59.59  Warning: No components in dz\characters\headgear\baseballcap_f.p3d:geometry
20:57:59.59  Warning: No components in dz\characters\headgear\baseballcap_m.p3d:geometry
20:57:59.60  Warning: No components in dz\characters\headgear\beaniehat_f.p3d:geometry
20:57:59.60  Warning: No components in dz\characters\headgear\beaniehat_m.p3d:geometry
20:57:59.61  Warning: No components in dz\characters\headgear\booniehat.p3d:geometry
20:57:59.70  Warning: No components in dz\characters\headgear\constructionhelmet_f.p3d:geometry
20:57:59.70  Warning: No components in dz\characters\headgear\constructionhelmet_m.p3d:geometry
20:57:59.71  Warning: No components in dz\characters\headgear\cowboyhat.p3d:geometry
20:57:59.86  Warning: No components in dz\characters\headgear\firehelmet.p3d:geometry
20:57:59.86  Warning: No components in dz\characters\headgear\flatcap.p3d:geometry
20:57:59.87  Warning: No components in dz\characters\headgear\ghilliehood.p3d:geometry
20:57:59.87  Warning: No components in dz\characters\headgear\greathelm.p3d:geometry
20:57:59.88  Warning: No components in dz\characters\headgear\hat_leather_f.p3d:geometry
20:57:59.88  Warning: No components in dz\characters\headgear\hat_leather_m.p3d:geometry
20:57:59.88  Warning: No components in dz\characters\headgear\headtorch_f.p3d:geometry
20:57:59.89  Warning: No components in dz\characters\headgear\headtorch_m.p3d:geometry
20:57:59.89  Warning: No components in dz\characters\headgear\head_sack.p3d:geometry
20:57:59.90  Warning: No components in dz\characters\headgear\helmetmich_f.p3d:geometry
20:57:59.90  Warning: No components in dz\characters\headgear\helmetmich_m.p3d:geometry
20:57:59.91  Warning: No components in dz\characters\headgear\helohelmet.p3d:geometry
20:57:59.91  Warning: No components in dz\characters\headgear\hockey_helmet.p3d:geometry
20:57:59.91  Warning: No components in dz\characters\headgear\maska.p3d:geometry
20:57:59.92  Warning: No components in dz\characters\headgear\maska_complete.p3d:geometry
20:57:59.92  Warning: No components in dz\characters\headgear\medicalscrubs_hat_f.p3d:geometry
20:57:59.93  Warning: No components in dz\characters\headgear\medicalscrubs_hat_m.p3d:geometry
20:57:59.93  Warning: No components in dz\characters\headgear\mich2001.p3d:geometry
20:57:59.94  Warning: No components in dz\characters\headgear\militaryberet_cdf_f.p3d:geometry
20:57:59.94  Warning: No components in dz\characters\headgear\militaryberet_cdf_m.p3d:geometry
20:57:59.94  Warning: No components in dz\characters\headgear\militaryberet_chdkz_f.p3d:geometry
20:57:59.95  Warning: No components in dz\characters\headgear\militaryberet_chdkz_m.p3d:geometry
20:57:59.95  Warning: No components in dz\characters\headgear\militaryberet_f.p3d:geometry
20:57:59.95  Warning: No components in dz\characters\headgear\militaryberet_m.p3d:geometry
20:57:59.96  Warning: No components in dz\characters\headgear\militaryberet_nz_f.p3d:geometry
20:57:59.96  Warning: No components in dz\characters\headgear\militaryberet_nz_m.p3d:geometry
20:57:59.96  Warning: No components in dz\characters\headgear\militaryberet_ranger_f.p3d:geometry
20:57:59.97  Warning: No components in dz\characters\headgear\militaryberet_ranger_g.p3d:geometryFire
20:57:59.97  Warning: No components in dz\characters\headgear\militaryberet_ranger_m.p3d:geometry
20:57:59.97  Warning: No components in dz\characters\headgear\militaryberet_un_f.p3d:geometry
20:57:59.97  Warning: No components in dz\characters\headgear\militaryberet_un_m.p3d:geometry
20:57:59.98  Warning: No components in dz\characters\headgear\motohelmet.p3d:geometry
20:57:59.98  Warning: No components in dz\characters\headgear\mxhelmet.p3d:geometry
20:57:59.99  Warning: No components in dz\characters\headgear\nbc_hood_f.p3d:geometry
20:57:59.99  Warning: No components in dz\characters\headgear\nbc_hood_m.p3d:geometry
20:57:59.99  Warning: No components in dz\characters\headgear\officerhat_f.p3d:geometry
20:57:59.100 Warning: No components in dz\characters\headgear\officerhat_m.p3d:geometry
20:57:59.100 Warning: No components in dz\characters\headgear\pilotka_f.p3d:geometry
20:57:59.101 Warning: No components in dz\characters\headgear\pilotka_m.p3d:geometry
20:57:59.101 Warning: No components in dz\characters\headgear\policecap_f.p3d:geometry
20:57:59.101 Warning: No components in dz\characters\headgear\policecap_m.p3d:geometry
20:57:59.102 Warning: No components in dz\characters\headgear\prison_cap_f.p3d:geometry
20:57:59.102 Warning: No components in dz\characters\headgear\prison_cap_m.p3d:geometry
20:57:59.102 Warning: No components in dz\characters\headgear\protecskatehelmet2_f.p3d:geometry
20:57:59.103 Warning: No components in dz\characters\headgear\pumpkinhelmet.p3d:geometry
20:57:59.104 Warning: No components in dz\characters\headgear\radarcap_f.p3d:geometry
20:57:59.104 Warning: No components in dz\characters\headgear\radarcap_m.p3d:geometry
20:57:59.105 Warning: No components in dz\characters\headgear\santashat_f.p3d:geometry
20:57:59.105 Warning: No components in dz\characters\headgear\santashat_m.p3d:geometry
20:57:59.105 Warning: No components in dz\characters\headgear\ssh68helmet.p3d:geometry
20:57:59.106 Warning: No components in dz\characters\headgear\tankerhelmet.p3d:geometry
20:57:59.106 Warning: No components in dz\characters\headgear\ushanka_f.p3d:geometry
20:57:59.106 Warning: No components in dz\characters\headgear\ushanka_m.p3d:geometry
20:57:59.107 Warning: No components in dz\characters\headgear\zmijovkacap_f.p3d:geometry
20:57:59.108 Warning: No components in dz\characters\headgear\zmijovkacap_m.p3d:geometry
20:57:59.124 Warning: No components in dz\characters\masks\balaclava_3holes_f.p3d:geometry
20:57:59.124 Warning: No components in dz\characters\masks\balaclava_3holes_f.p3d:geometryFire
20:57:59.124 Warning: No components in dz\characters\masks\balaclava_3holes_f.p3d:geometryView
20:57:59.125 Warning: No components in dz\characters\masks\balaclava_3holes_m.p3d:geometry
20:57:59.125 Warning: No components in dz\characters\masks\balaclava_3holes_m.p3d:geometryFire
20:57:59.125 Warning: No components in dz\characters\masks\balaclava_3holes_m.p3d:geometryView
20:57:59.125 Warning: No components in dz\characters\masks\balaclava_f.p3d:geometry
20:57:59.125 Warning: No components in dz\characters\masks\balaclava_f.p3d:geometryFire
20:57:59.125 Warning: No components in dz\characters\masks\balaclava_f.p3d:geometryView
20:57:59.126 Warning: No components in dz\characters\masks\balaclava_m.p3d:geometry
20:57:59.126 Warning: No components in dz\characters\masks\balaclava_m.p3d:geometryFire
20:57:59.126 Warning: No components in dz\characters\masks\balaclava_m.p3d:geometryView
20:57:59.126 Warning: No components in dz\characters\masks\bandanaface_f.p3d:geometry
20:57:59.126 Warning: No components in dz\characters\masks\bandanaface_f.p3d:geometryFire
20:57:59.126 Warning: No components in dz\characters\masks\bandanaface_f.p3d:geometryView
20:57:59.126 Warning: No components in dz\characters\masks\bandanaface_m.p3d:geometry
20:57:59.126 Warning: No components in dz\characters\masks\bandanaface_m.p3d:geometryFire
20:57:59.126 Warning: No components in dz\characters\masks\bandanaface_m.p3d:geometryView
20:57:59.127 Warning: No components in dz\characters\masks\gasmask_f.p3d:geometry
20:57:59.127 Warning: No components in dz\characters\masks\gasmask_f.p3d:geometryFire
20:57:59.127 Warning: No components in dz\characters\masks\gasmask_m.p3d:geometry
20:57:59.127 Warning: No components in dz\characters\masks\gasmask_m.p3d:geometryFire
20:57:59.128 Warning: No components in dz\characters\masks\gp5gasmask_f.p3d:geometry
20:57:59.128 Warning: No components in dz\characters\masks\gp5gasmask_f.p3d:geometryFire
20:57:59.128 Warning: No components in dz\characters\masks\gp5gasmask_f.p3d:geometryView
20:57:59.128 Warning: No components in dz\characters\masks\gp5gasmask_m.p3d:geometry
20:57:59.128 Warning: No components in dz\characters\masks\gp5gasmask_m.p3d:geometryFire
20:57:59.128 Warning: No components in dz\characters\masks\gp5gasmask_m.p3d:geometryView
20:57:59.129 Warning: No components in dz\characters\masks\mouth_rags.p3d:geometry
20:57:59.129 Warning: No components in dz\characters\masks\mouth_rags.p3d:geometryFire
20:57:59.129 Warning: No components in dz\characters\masks\mouth_rags.p3d:geometryView
20:57:59.129 Warning: No components in dz\characters\masks\nioshfacemask_f.p3d:geometry
20:57:59.129 Warning: No components in dz\characters\masks\nioshfacemask_f.p3d:geometryFire
20:57:59.129 Warning: No components in dz\characters\masks\nioshfacemask_f.p3d:geometryView
20:57:59.129 Warning: No components in dz\characters\masks\nioshfacemask_m.p3d:geometry
20:57:59.129 Warning: No components in dz\characters\masks\nioshfacemask_m.p3d:geometryFire
20:57:59.129 Warning: No components in dz\characters\masks\nioshfacemask_m.p3d:geometryView
20:57:59.129 Warning: No components in dz\characters\masks\santasbeard_f.p3d:geometry
20:57:59.129 Warning: No components in dz\characters\masks\santasbeard_f.p3d:geometryFire
20:57:59.129 Warning: No components in dz\characters\masks\santasbeard_f.p3d:geometryView
20:57:59.144 Warning: No components in dz\characters\masks\santasbeard_m.p3d:geometry
20:57:59.144 Warning: No components in dz\characters\masks\santasbeard_m.p3d:geometryFire
20:57:59.144 Warning: No components in dz\characters\masks\santasbeard_m.p3d:geometryView
20:57:59.145 Warning: No components in dz\characters\masks\surgical_mask_f.p3d:geometry
20:57:59.145 Warning: No components in dz\characters\masks\surgical_mask_f.p3d:geometryFire
20:57:59.145 Warning: No components in dz\characters\masks\surgical_mask_f.p3d:geometryView
20:57:59.146 Warning: No components in dz\characters\masks\surgical_mask_m.p3d:geometry
20:57:59.146 Warning: No components in dz\characters\masks\surgical_mask_m.p3d:geometryFire
20:57:59.146 Warning: No components in dz\characters\masks\surgical_mask_m.p3d:geometryView
20:57:59.146 Warning: No components in dz\characters\masks\vintagehockeymask_f.p3d:geometry
20:57:59.146 Warning: No components in dz\characters\masks\vintagehockeymask_f.p3d:geometryFire
20:57:59.146 Warning: No components in dz\characters\masks\vintagehockeymask_f.p3d:geometryView
20:57:59.147 Warning: No components in dz\characters\masks\vintagehockeymask_m.p3d:geometry
20:57:59.147 Warning: No components in dz\characters\masks\vintagehockeymask_m.p3d:geometryFire
20:57:59.147 Warning: No components in dz\characters\masks\vintagehockeymask_m.p3d:geometryView
20:57:59.148 Warning: No components in dz\characters\masks\welding_mask_f.p3d:geometry
20:57:59.148 Warning: No components in dz\characters\masks\welding_mask_m.p3d:geometry
20:57:59.148 Warning: No components in dz\characters\masks\proxy\mask_filter.p3d:geometry
20:57:59.149 Warning: No components in dz\characters\pants\bdu_pants_f.p3d:geometry
20:57:59.150 Warning: No components in dz\characters\pants\bdu_pants_m.p3d:geometry
20:57:59.150 Warning: No components in dz\characters\pants\breechesf_f.p3d:geometry
20:57:59.150 Warning: No components in dz\characters\pants\breechesf_m.p3d:geometry
20:57:59.150 Warning: No components in dz\characters\pants\canvaspants_long_f.p3d:geometry
20:57:59.151 Warning: No components in dz\characters\pants\canvaspants_long_m.p3d:geometry
20:57:59.151 Warning: No components in dz\characters\pants\canvaspants_midi_f.p3d:geometry
20:57:59.152 Warning: No components in dz\characters\pants\canvaspants_midi_m.p3d:geometry
20:57:59.152 Warning: No components in dz\characters\pants\cargopants_f.p3d:geometry
20:57:59.161 Warning: No components in dz\characters\pants\firefighter_pants_f.p3d:geometry
20:57:59.161 Warning: No components in dz\characters\pants\firefighter_pants_f.p3d:geometryView
20:57:59.161 Warning: No components in dz\characters\pants\firefighter_pants_m.p3d:geometry
20:57:59.161 Warning: No components in dz\characters\pants\firefighter_pants_m.p3d:geometryView
20:57:59.162 Warning: No components in dz\characters\pants\gorka_pants_f.p3d:geometry
20:57:59.163 Warning: No components in dz\characters\pants\gorka_pants_m.p3d:geometry
20:57:59.163 Warning: No components in dz\characters\pants\hunterpants_f.p3d:geometry
20:57:59.163 Warning: No components in dz\characters\pants\hunterpants_m.p3d:geometry
20:57:59.181 Warning: No components in dz\characters\pants\jeans_f.p3d:geometry
20:57:59.182 Warning: No components in dz\characters\pants\jumpsuit_pants_f.p3d:geometry
20:57:59.182 Warning: No components in dz\characters\pants\jumpsuit_pants_m.p3d:geometry
20:57:59.182 Warning: No components in dz\characters\pants\legs_f.p3d:geometry
20:57:59.182 Warning: No components in dz\characters\pants\legs_m.p3d:geometry
20:57:59.207 Warning: No components in dz\characters\pants\legs_m_above0.p3d:geometry
20:57:59.208 Warning: No components in dz\characters\pants\legs_new_m.p3d:geometry
20:57:59.209 Warning: No components in dz\characters\pants\medicalscrubs_pants_f.p3d:geometry
20:57:59.210 Warning: No components in dz\characters\pants\medicalscrubs_pants_m.p3d:geometry
20:57:59.211 Warning: No components in dz\characters\pants\nbc_pants_f.p3d:geometry
20:57:59.213 Warning: No components in dz\characters\pants\nbc_pants_m.p3d:geometry
20:57:59.213 Warning: No components in dz\characters\pants\pants_leatherpants_f.p3d:geometry
20:57:59.214 Warning: No components in dz\characters\pants\pants_leatherpants_m.p3d:geometry
20:57:59.214 Warning: No components in dz\characters\pants\paramedic_pants_f.p3d:geometry
20:57:59.215 Warning: No components in dz\characters\pants\paramedic_pants_m.p3d:geometry
20:57:59.217 Warning: No components in dz\characters\pants\policepants_f.p3d:geometry
20:57:59.217 Warning: No components in dz\characters\pants\policepants_m.p3d:geometry
20:57:59.218 Warning: No components in dz\characters\pants\shortjeans_f.p3d:geometry
20:57:59.218 Warning: No components in dz\characters\pants\shortjeans_m.p3d:geometry
20:57:59.218 Warning: No components in dz\characters\pants\skirt_f.p3d:geometry
20:57:59.218 Warning: No components in dz\characters\pants\skirt_m.p3d:geometry
20:57:59.219 Warning: No components in dz\characters\pants\slacks_f.p3d:geometry
20:57:59.220 Warning: No components in dz\characters\pants\slacks_m.p3d:geometry
20:57:59.221 Warning: No components in dz\characters\pants\tracksuit_pants_f.p3d:geometry
20:57:59.222 Warning: No components in dz\characters\pants\tracksuit_pants_m.p3d:geometry
20:57:59.222 Warning: No components in dz\characters\pants\ttsko_pants_f.p3d:geometry
20:57:59.223 Warning: No components in dz\characters\pants\ttsko_pants_m.p3d:geometry
20:57:59.224 Warning: No components in dz\characters\pants\usmc_pants_f.p3d:geometry
20:57:59.224 Warning: No components in dz\characters\pants\usmc_pants_m.p3d:geometry
20:57:59.225 Warning: No components in dz\characters\proxies\armband_dz.p3d:geometry
20:57:59.226 Warning: No components in dz\characters\proxies\backpack_dz.p3d:geometry
20:57:59.226 Warning: No components in dz\characters\proxies\belt_dz.p3d:geometry
20:57:59.227 Warning: No components in dz\characters\proxies\bow_dz.p3d:geometry
20:57:59.228 Warning: No components in dz\characters\proxies\bysta.p3d:geometry
20:57:59.228 Warning: No components in dz\characters\proxies\eyewear_dz.p3d:geometry
20:57:59.232 Warning: No components in dz\characters\proxies\vest_dz.p3d:geometry
20:57:59.232 Warning: No components in dz\characters\shoes\athleticshoes_f.p3d:geometry
20:57:59.251 Warning: No components in dz\characters\shoes\athleticshoes_m.p3d:geometry
20:57:59.252 Warning: No components in dz\characters\shoes\athleticshoes_m_above0.p3d:geometry
20:57:59.253 Warning: No components in dz\characters\shoes\ballerinas_f.p3d:geometry
20:57:59.253 Warning: No components in dz\characters\shoes\ballerinas_m.p3d:geometry
20:57:59.269 Warning: No components in dz\characters\shoes\combatboots_f.p3d:geometry
20:57:59.270 Warning: No components in dz\characters\shoes\combatboots_m.p3d:geometry
20:57:59.270 Warning: No components in dz\characters\shoes\feet_f.p3d:geometry
20:57:59.270 Warning: No components in dz\characters\shoes\feet_m.p3d:geometry
20:57:59.270 Warning: No components in dz\characters\shoes\feet_m_above0.p3d:geometry
20:57:59.281 Warning: No components in dz\characters\shoes\feet_new_m.p3d:geometry
20:57:59.283 Warning: No components in dz\characters\shoes\hikingboots_f.p3d:geometry
20:57:59.283 Warning: No components in dz\characters\shoes\hikingboots_low_f.p3d:geometry
20:57:59.284 Warning: No components in dz\characters\shoes\hikingboots_low_m.p3d:geometry
20:57:59.285 Warning: No components in dz\characters\shoes\hikingboots_m.p3d:geometry
20:57:59.286 Warning: No components in dz\characters\shoes\joggingshoes_f.p3d:geometry
20:57:59.286 Warning: No components in dz\characters\shoes\joggingshoes_m.p3d:geometry
20:57:59.287 Warning: No components in dz\characters\shoes\jungleboots_f.p3d:geometry
20:57:59.288 Warning: No components in dz\characters\shoes\jungleboots_m.p3d:geometry
20:57:59.289 Warning: No components in dz\characters\shoes\leathershoes_f.p3d:geometry
20:57:59.289 Warning: No components in dz\characters\shoes\leathershoes_m.p3d:geometry
20:57:59.290 Warning: No components in dz\characters\shoes\militaryboots_f.p3d:geometry
20:57:59.290 Warning: No components in dz\characters\shoes\militaryboots_m.p3d:geometry
20:57:59.291 Warning: No components in dz\characters\shoes\nbc_boots_f.p3d:geometry
20:57:59.291 Warning: No components in dz\characters\shoes\nbc_boots_m.p3d:geometry
20:57:59.292 Warning: No components in dz\characters\shoes\shoes_leathermoccasins_f.p3d:geometry
20:57:59.292 Warning: No components in dz\characters\shoes\shoes_leathermoccasins_m.p3d:geometry
20:57:59.293 Warning: No components in dz\characters\shoes\sneakers_f.p3d:geometry
20:57:59.309 Warning: No components in dz\characters\shoes\sneakers_m.p3d:geometry
20:57:59.310 Warning: No components in dz\characters\shoes\ttsko_boots_f.p3d:geometry
20:57:59.310 Warning: No components in dz\characters\shoes\ttsko_boots_m.p3d:geometry
20:57:59.311 Warning: No components in dz\characters\shoes\wellies_f.p3d:geometry
20:57:59.311 Warning: No components in dz\characters\shoes\wellies_m.p3d:geometry
20:57:59.312 Warning: No components in dz\characters\shoes\workingboots_f.p3d:geometry
20:57:59.312 Warning: No components in dz\characters\shoes\workingboots_m.p3d:geometry
20:57:59.312 Warning: No components in dz\characters\tops\armbends.p3d:geometry
20:57:59.313 Warning: No components in dz\characters\tops\armbends_g.p3d:geometry
20:57:59.313 Warning: No components in dz\characters\tops\armbend_big_f.p3d:geometry
20:57:59.314 Warning: No components in dz\characters\tops\armbend_big_m.p3d:geometry
20:57:59.314 Warning: No components in dz\characters\tops\armbend_dynamic_f.p3d:geometry
20:57:59.315 Warning: No components in dz\characters\tops\armbend_dynamic_m.p3d:geometry
20:57:59.315 Warning: No components in dz\characters\tops\armbend_small_f.p3d:geometry
20:57:59.315 Warning: No components in dz\characters\tops\armbend_small_m.p3d:geometry
20:57:59.316 Warning: No components in dz\characters\tops\bdu_jacket_f.p3d:geometry
20:57:59.316 Warning: No components in dz\characters\tops\bdu_jacket_m.p3d:geometry
20:57:59.317 Warning: No components in dz\characters\tops\blouse_f.p3d:geometry
20:57:59.317 Warning: No components in dz\characters\tops\blouse_m.p3d:geometry
20:57:59.318 Warning: No components in dz\characters\tops\bomberjacket_f.p3d:geometry
20:57:59.318 Warning: No components in dz\characters\tops\bomberjacket_m.p3d:geometry
20:57:59.338 Warning: No components in dz\characters\tops\denim_jacket_f.p3d:geometry
20:57:59.339 Warning: No components in dz\characters\tops\denim_jacket_m.p3d:geometry
20:57:59.339 Warning: No components in dz\characters\tops\firefighter_f.p3d:geometry
20:57:59.340 Warning: No components in dz\characters\tops\firefighter_m.p3d:geometry
20:57:59.342 Warning: No components in dz\characters\tops\hoodie_f.p3d:geometry
20:57:59.343 Warning: No components in dz\characters\tops\hoodie_m.p3d:geometry
20:57:59.343 Warning: No components in dz\characters\tops\hunting_jacket_f.p3d:geometry
20:57:59.344 Warning: No components in dz\characters\tops\hunting_jacket_m.p3d:geometry
20:57:59.344 Warning: No components in dz\characters\tops\jumpsuit_top_f.p3d:geometry
20:57:59.344 Warning: No components in dz\characters\tops\jumpsuit_top_m.p3d:geometry
20:57:59.345 Warning: No components in dz\characters\tops\labcoat_f.p3d:geometry
20:57:59.345 Warning: No components in dz\characters\tops\labcoat_m.p3d:geometry
20:57:59.346 Warning: No components in dz\characters\tops\m65_jacket_f.p3d:geometry
20:57:59.347 Warning: No components in dz\characters\tops\m65_jacket_m.p3d:geometry
20:57:59.362 Warning: No components in dz\characters\tops\medicalscrubs_shirt_f.p3d:geometry
20:57:59.363 Warning: No components in dz\characters\tops\medicalscrubs_shirt_m.p3d:geometry
20:57:59.363 Warning: No components in dz\characters\tops\minidress_f.p3d:geometry
20:57:59.364 Warning: No components in dz\characters\tops\minidress_m.p3d:geometry
20:57:59.366 Warning: No components in dz\characters\tops\nbc_jacket_f.p3d:geometry
20:57:59.367 Warning: No components in dz\characters\tops\nbc_jacket_m.p3d:geometry
20:57:59.382 Warning: No components in dz\characters\tops\nursedress_f.p3d:geometry
20:57:59.383 Warning: No components in dz\characters\tops\nursedress_m.p3d:geometry
20:57:59.384 Warning: No components in dz\characters\tops\paramedic_jacket_f.p3d:geometry
20:57:59.384 Warning: No components in dz\characters\tops\paramedic_jacket_m.p3d:geometry
20:57:59.386 Warning: No components in dz\characters\tops\pcu5jacket_f.p3d:geometry
20:57:59.387 Warning: No components in dz\characters\tops\pcu5jacket_f_nopatches.p3d:geometry
20:57:59.388 Warning: No components in dz\characters\tops\policejacket_f.p3d:geometry
20:57:59.389 Warning: No components in dz\characters\tops\policejacket_m.p3d:geometry
20:57:59.390 Warning: No components in dz\characters\tops\quiltedjacket_f.p3d:geometry
20:57:59.390 Warning: No components in dz\characters\tops\quiltedjacket_m.p3d:geometry
20:57:59.390 Warning: No components in dz\characters\tops\raincoat_f.p3d:geometry
20:57:59.391 Warning: No components in dz\characters\tops\riders_jacket_f.p3d:geometry
20:57:59.392 Warning: No components in dz\characters\tops\riders_jacket_m.p3d:geometry
20:57:59.393 Warning: No components in dz\characters\tops\shirt_f.p3d:geometry
20:57:59.394 Warning: No components in dz\characters\tops\shirt_f_new_anim_system.p3d:geometry
20:57:59.394 Warning: No components in dz\characters\tops\shirt_m.p3d:geometry
20:57:59.395 Warning: No components in dz\characters\tops\shirt_m_new_anim_system.p3d:geometry
20:57:59.395 Warning: No components in dz\characters\tops\suitshirt_m.p3d:geometry
20:57:59.398 Warning: No components in dz\characters\tops\top_leatherjacket_f.p3d:geometry
20:57:59.398 Warning: No components in dz\characters\tops\top_leatherjacket_m.p3d:geometry
20:57:59.399 Warning: No components in dz\characters\tops\torso_f.p3d:geometry
20:57:59.399 Warning: No components in dz\characters\tops\torso_m_above0.p3d:geometry
20:57:59.400 Warning: No components in dz\characters\tops\torso_new_m.p3d:geometry
20:57:59.401 Warning: No components in dz\characters\tops\tracksuit_jacket_f.p3d:geometry
20:57:59.401 Warning: No components in dz\characters\tops\tracksuit_jacket_m.p3d:geometry
20:57:59.401 Warning: No components in dz\characters\tops\tshirt_f.p3d:geometry
20:57:59.403 Warning: No components in dz\characters\tops\ttsko_jacket_m.p3d:geometry
20:57:59.403 Warning: No components in dz\characters\tops\usmc_jacket_f.p3d:geometry
20:57:59.403 Warning: No components in dz\characters\tops\usmc_jacket_m.p3d:geometry
20:57:59.404 Warning: No components in dz\characters\tops\woolcoat_f.p3d:geometry
20:57:59.405 Warning: No components in dz\characters\tops\woolcoat_m.p3d:geometry
20:57:59.425 Warning: No components in dz\characters\vests\chest_holster_f.p3d:geometry
20:57:59.426 Warning: No components in dz\characters\vests\chest_holster_m.p3d:geometry
20:57:59.427 Warning: No components in dz\characters\vests\hunter_vest_f.p3d:geometry
20:57:59.427 Warning: No components in dz\characters\vests\hunter_vest_m.p3d:geometry
20:57:59.427 Warning: No components in dz\characters\vests\orange_vest_f.p3d:geometry
20:57:59.427 Warning: No components in dz\characters\vests\orange_vest_m.p3d:geometry
20:57:59.443 Warning: No components in dz\characters\vests\plate_carrier_f.p3d:geometry
20:57:59.444 Warning: No components in dz\characters\vests\plate_carrier_m.p3d:geometry
20:57:59.445 Warning: No components in dz\characters\vests\policevest_f.p3d:geometry
20:57:59.446 Warning: No components in dz\characters\vests\policevest_m.p3d:geometry
20:57:59.446 Warning: No components in dz\characters\vests\pressvest_f.p3d:geometry
20:57:59.448 Warning: No components in dz\characters\vests\pressvest_m.p3d:geometry
20:57:59.449 Warning: No components in dz\characters\vests\smersh_buttpack.p3d:geometry
20:57:59.453 Warning: No components in dz\characters\vests\tacticalvest2_f.p3d:geometry
20:57:59.453 Warning: No components in dz\characters\vests\tacticalvest2_m.p3d:geometry
20:57:59.454 Warning: No components in dz\characters\vests\ukassvest_f.p3d:geometry
20:57:59.455 Warning: No components in dz\characters\vests\ukassvest_m.p3d:geometry
20:57:59.456 Warning: No components in dz\characters\vests\vestholster.p3d:geometry
20:57:59.456 Warning: No components in dz\characters\vests\vestholster_g.p3d:geometry
20:57:59.456 Warning: No components in dz\characters\vests\vestholster_g.p3d:geometryFire
20:57:59.456 Warning: No components in dz\characters\vests\vest_leatherstorage_f.p3d:geometry
20:57:59.456 Warning: No components in dz\characters\vests\vest_leatherstorage_m.p3d:geometry
20:57:59.457 Warning: No components in dz\characters\vests\proxy\proxy_grenade_a.p3d:geometry
20:57:59.457 Warning: No components in dz\characters\vests\proxy\proxy_grenade_b.p3d:geometry
20:57:59.457 Warning: No components in dz\characters\vests\proxy\proxy_grenade_c.p3d:geometry
20:57:59.457 Warning: No components in dz\characters\vests\proxy\proxy_grenade_d.p3d:geometry
20:57:59.457 Warning: No components in dz\characters\vests\proxy\smersh_buttpack.p3d:geometry
20:57:59.473 Warning: No components in dz\data\cl_feathers2.p3d:geometryFire
20:57:59.473 Warning: No components in dz\data\cl_feathers2.p3d:geometryView
20:57:59.474 Warning: No components in dz\data\cl_grass1.p3d:geometryFire
20:57:59.474 Warning: No components in dz\data\cl_grass1.p3d:geometryView
20:57:59.474 Warning: No components in dz\data\cl_grass2.p3d:geometryFire
20:57:59.474 Warning: No components in dz\data\cl_grass2.p3d:geometryView
20:57:59.474 Warning: No components in dz\data\cl_leaf.p3d:geometryFire
20:57:59.474 Warning: No components in dz\data\cl_leaf.p3d:geometryView
20:57:59.474 Warning: No components in dz\data\cl_leaf2.p3d:geometryFire
20:57:59.474 Warning: No components in dz\data\cl_leaf2.p3d:geometryView
20:57:59.474 Warning: No components in dz\data\cl_leaf3.p3d:geometryFire
20:57:59.474 Warning: No components in dz\data\cl_leaf3.p3d:geometryView
20:57:59.474 Warning: No components in dz\data\cl_rock1.p3d:geometryFire
20:57:59.474 Warning: No components in dz\data\cl_rock1.p3d:geometryView
20:57:59.474 Warning: No components in dz\data\cr_leaf.p3d:geometryFire
20:57:59.474 Warning: No components in dz\data\cr_leaf.p3d:geometryView
20:57:59.475 Warning: No components in dz\data\cr_leaf2.p3d:geometryFire
20:57:59.475 Warning: No components in dz\data\cr_leaf2.p3d:geometryView
20:57:59.475 Warning: No components in dz\data\cr_leaf3.p3d:geometryFire
20:57:59.475 Warning: No components in dz\data\cr_leaf3.p3d:geometryView
20:57:59.476 Warning: No components in dz\data\data\cl_feathers2.p3d:geometryFire
20:57:59.476 Warning: No components in dz\data\data\cl_feathers2.p3d:geometryView
20:57:59.476 Warning: No components in dz\data\data\cl_grass1.p3d:geometryFire
20:57:59.476 Warning: No components in dz\data\data\cl_grass1.p3d:geometryView
20:57:59.476 Warning: No components in dz\data\data\cl_grass2.p3d:geometryFire
20:57:59.476 Warning: No components in dz\data\data\cl_grass2.p3d:geometryView
20:57:59.476 Warning: No components in dz\data\data\cl_leaf.p3d:geometryFire
20:57:59.476 Warning: No components in dz\data\data\cl_leaf.p3d:geometryView
20:57:59.476 Warning: No components in dz\data\data\cl_leaf2.p3d:geometryFire
20:57:59.476 Warning: No components in dz\data\data\cl_leaf2.p3d:geometryView
20:57:59.476 Warning: No components in dz\data\data\cl_leaf3.p3d:geometryFire
20:57:59.476 Warning: No components in dz\data\data\cl_leaf3.p3d:geometryView
20:57:59.476 Warning: No components in dz\data\data\cl_rock1.p3d:geometryFire
20:57:59.476 Warning: No components in dz\data\data\cl_rock1.p3d:geometryView
20:57:59.477 Warning: No components in dz\data\data\cr_leaf.p3d:geometryFire
20:57:59.477 Warning: No components in dz\data\data\cr_leaf.p3d:geometryView
20:57:59.477 Warning: No components in dz\data\data\cr_leaf2.p3d:geometryFire
20:57:59.477 Warning: No components in dz\data\data\cr_leaf2.p3d:geometryView
20:57:59.477 Warning: No components in dz\data\data\cr_leaf3.p3d:geometryFire
20:57:59.477 Warning: No components in dz\data\data\cr_leaf3.p3d:geometryView
20:57:59.481 Warning: No components in dz\data\data\training_ring_30.p3d:geometry
20:57:59.559 Warning: No components in dz\gear\camping\fence_kit_folded.p3d:geometryFire
20:57:59.560 Warning: No components in dz\gear\camping\hbox.p3d:geometryView
20:57:59.563 Warning: No components in dz\gear\camping\largetentcluttercutter.p3d:geometry
20:57:59.564 Warning: No components in dz\gear\camping\mediumtentcluttercutter.p3d:geometry
20:57:59.565 Warning: No components in dz\gear\camping\string_lights_p.p3d:geometry
20:57:59.565 Warning: No components in dz\gear\camping\string_lights_p.p3d:geometryFire
20:57:59.565 Warning: No components in dz\gear\camping\tent_cluttercutter.p3d:geometry
20:57:59.565 Warning: No components in dz\gear\camping\tent_large_cluttercutter.p3d:geometry
20:57:59.577 Warning: No components in dz\gear\camping\watchtower_kit_folded.p3d:geometryFire
20:57:59.583 Warning: No components in dz\gear\camping\proxies\barbedwire_mounted.p3d:geometry
20:57:59.583 Warning: No components in dz\gear\camping\proxies\barbedwire_mounted.p3d:geometryView
20:57:59.584 Warning: No components in dz\gear\camping\proxies\barbedwire_mounted_up.p3d:geometryView
20:57:59.584 Warning: No components in dz\gear\camping\proxies\camonet.p3d:geometry
20:57:59.584 Warning: No components in dz\gear\camping\proxies\camonet.p3d:geometryFire
20:57:59.584 Warning: No components in dz\gear\camping\proxies\fence_gate_left.p3d:geometry
20:57:59.584 Warning: No components in dz\gear\camping\proxies\fence_gate_left.p3d:geometryView
20:57:59.601 Warning: No components in dz\gear\camping\proxies\fence_gate_right.p3d:geometry
20:57:59.601 Warning: No components in dz\gear\camping\proxies\fence_gate_right.p3d:geometryView
20:57:59.603 Warning: No components in dz\gear\camping\proxies\gate.p3d:geometry
20:57:59.603 Warning: No components in dz\gear\camping\proxies\gate.p3d:geometryView
20:57:59.604 Warning: No components in dz\gear\camping\proxies\lock_3digits.p3d:geometry
20:57:59.604 Warning: No components in dz\gear\camping\proxies\lock_3digits.p3d:geometryView
20:57:59.613 Warning: No components in dz\gear\camping\proxies\lock_4digits.p3d:geometry
20:57:59.613 Warning: No components in dz\gear\camping\proxies\lock_4digits.p3d:geometryView
20:57:59.615 Warning: No components in dz\gear\camping\proxies\roof.p3d:geometryFire
20:57:59.616 Warning: No components in dz\gear\camping\proxies\xmass_lights.p3d:geometry
20:57:59.616 Warning: No components in dz\gear\camping\proxies\xmass_lights.p3d:geometryView
20:57:59.617 Warning: No components in dz\gear\consumables\bait_hook.p3d:geometry
20:57:59.617 Warning: No components in dz\gear\consumables\bait_hook2.p3d:geometry
20:57:59.617 Warning: No components in dz\gear\consumables\bait_worm_pinned.p3d:geometry
20:57:59.682 Warning: No components in dz\gear\consumables\pile_of_planks.p3d:geometry
20:57:59.682 Warning: No components in dz\gear\consumables\pile_of_planks.p3d:geometryFire
20:57:59.703 Convex "component02" selection faces are less then 4 in dz\gear\cooking\fireplace.p3d:geometry
20:57:59.703 Convex "component03" selection faces are less then 4 in dz\gear\cooking\fireplace.p3d:geometry
20:57:59.706 Warning: No components in dz\gear\cooking\fireplace_cluttercutter.p3d:geometry
20:57:59.722 Warning: No components in dz\gear\cooking\petrol_lighter.p3d:geometryView
20:57:59.726 Warning: No components in dz\gear\crafting\grass.p3d:geometry
20:57:59.727 Warning: No components in dz\gear\cultivation\clutter_cutter_2m_x_2m.p3d:geometry
20:57:59.727 Warning: No components in dz\gear\cultivation\clutter_cutter_6m_x_6m.p3d:geometry
20:57:59.727 Warning: No components in dz\gear\cultivation\compost.p3d:geometry
20:57:59.727 Warning: No components in dz\gear\cultivation\soil_cultivated.p3d:geometry
20:57:59.727 Warning: No components in dz\gear\cultivation\soil_cultivated.p3d:geometryFire
20:57:59.729 Warning: No components in dz\gear\food\apple_fresh.p3d:geometry
20:57:59.729 Warning: No components in dz\gear\food\apple_rotten.p3d:geometry
20:57:59.745 Warning: No components in dz\gear\food\food_can_proxied.p3d:geometry
20:57:59.745 Warning: No components in dz\gear\food\food_can_proxied.p3d:geometryFire
20:57:59.745 Warning: No components in dz\gear\food\food_can_proxied.p3d:geometryView
20:57:59.752 Warning: No components in dz\gear\food\pile_of_bones.p3d:geometry
20:57:59.754 Warning: No components in dz\gear\food\pumpkin_rotten.p3d:geometry
20:57:59.756 Warning: No components in dz\gear\food\sardines.p3d:geometryFire
20:57:59.756 Warning: No components in dz\gear\food\sardines_open.p3d:geometryFire
20:57:59.756 Warning Message: Cannot open object dz\gear\food\sardines_raw.p3d
20:57:59.756 Warning: No components in dz\gear\food\spaghetti.p3d:geometryFire
20:57:59.757 Warning: No components in dz\gear\food\spaghetti_open.p3d:geometryFire
20:57:59.762 Warning: No components in dz\gear\navigation\map_chernarus_open.p3d:geometry
20:57:59.764 Warning: No components in dz\gear\radio\base_radio_station_f.p3d:geometry
20:57:59.765 Warning: No components in dz\gear\radio\base_radio_station_m.p3d:geometry
20:57:59.765 Warning: No components in dz\gear\radio\cassette.p3d:geometryView
20:57:59.773 Warning: No components in dz\gear\tools\cassette.p3d:geometryView
20:57:59.803 Warning: No components in dz\gear\tools\handcuffs.p3d:geometry
20:57:59.803 Warning: No components in dz\gear\tools\handcuff_keys.p3d:geometry
20:57:59.803 Warning: No components in dz\gear\tools\hay_hook.p3d:geometry
20:57:59.805 Warning: No components in dz\gear\tools\improvisedfishingrod.p3d:geometry
20:57:59.808 Warning: No components in dz\gear\tools\mess_tin.p3d:geometry
20:57:59.808 Warning: No components in dz\gear\tools\metal_pipe.p3d:geometry
20:57:59.808 Warning: No components in dz\gear\tools\pen.p3d:geometry
20:57:59.809 Warning: No components in dz\gear\tools\pressure_monitor.p3d:geometry
20:57:59.810 Warning: No components in dz\gear\tools\sickle.p3d:geometry
20:57:59.811 Warning: No components in dz\gear\tools\walkietalkie.p3d:geometryFire
20:57:59.812 Warning: No components in dz\gear\tools\wrench.p3d:geometry
20:57:59.813 Warning: No components in dz\gear\traps\fishnettrap_g.p3d:geometry
20:57:59.832 Warning: No components in dz\gear\traps\tripwire_g.p3d:geometry
20:57:59.853 Warning: No components in dz\plants\clutter\l_large_pile.p3d:geometry
20:57:59.853 Warning: No components in dz\plants\clutter\l_long_pile_a.p3d:geometry
20:57:59.853 Warning: No components in dz\plants\clutter\l_long_pile_b.p3d:geometry
20:57:59.854 Warning: No components in dz\plants\clutter\l_plane.p3d:geometry
20:57:59.854 Warning: No components in dz\plants\clutter\l_plane_long.p3d:geometry
20:57:59.854 Warning: No components in dz\plants\clutter\p_articum.p3d:geometry
20:57:59.854 Warning: No components in dz\plants\clutter\p_helianthus.p3d:geometry
20:57:59.854 Warning: No components in dz\plants\clutter\p_heracleum.p3d:geometry
20:57:59.854 Warning: No components in dz\plants\clutter\p_urtica.p3d:geometry
20:58:00.46  Warning: No components in dz\plants_bliss\building\ivy_a.p3d:geometry
20:58:00.47  Warning: No components in dz\plants_bliss\building\ivy_b.p3d:geometry
20:58:00.47  Warning: No components in dz\plants_bliss\building\ivy_c.p3d:geometry
20:58:00.47  Warning: No components in dz\plants_bliss\building\ivy_c2.p3d:geometry
20:58:00.47  Warning: No components in dz\plants_bliss\building\ivy_d.p3d:geometry
20:58:00.47  Warning: No components in dz\plants_bliss\building\ivy_dry_a.p3d:geometry
20:58:00.48  Warning: No components in dz\plants_bliss\building\ivy_dry_b.p3d:geometry
20:58:00.48  Warning: No components in dz\plants_bliss\building\ivy_dry_c.p3d:geometry
20:58:00.48  Warning: No components in dz\plants_bliss\building\ivy_dry_d.p3d:geometry
20:58:00.48  Warning: No components in dz\plants_bliss\building\ivy_dry_e.p3d:geometry
20:58:00.48  Warning: No components in dz\plants_bliss\building\ivy_dry_f.p3d:geometry
20:58:00.48  Warning: No components in dz\plants_bliss\building\ivy_dry_g.p3d:geometry
20:58:00.48  Warning: No components in dz\plants_bliss\building\ivy_dry_h.p3d:geometry
20:58:00.48  Warning: No components in dz\plants_bliss\building\ivy_dry_i.p3d:geometry
20:58:00.48  Warning: No components in dz\plants_bliss\building\ivy_dry_j.p3d:geometry
20:58:00.48  Warning: No components in dz\plants_bliss\building\ivy_f.p3d:geometry
20:58:00.48  Warning: No components in dz\plants_bliss\building\ivy_g.p3d:geometry
20:58:00.49  Warning: No components in dz\plants_bliss\building\ivy_h.p3d:geometry
20:58:00.49  Warning: No components in dz\plants_bliss\building\ivy_i.p3d:geometry
20:58:00.49  Warning: No components in dz\plants_bliss\building\ivy_j.p3d:geometry
20:58:00.49  Warning: No components in dz\plants_bliss\building\ivy_k.p3d:geometry
20:58:00.49  Warning: No components in dz\plants_bliss\building\ivy_l.p3d:geometry
20:58:00.49  Warning: No components in dz\plants_bliss\building\ivy_m.p3d:geometry
20:58:00.49  Warning: No components in dz\plants_bliss\building\ivy_n.p3d:geometry
20:58:00.49  Warning: No components in dz\plants_bliss\building\ivy_o.p3d:geometry
20:58:00.49  Warning: No components in dz\plants_bliss\building\ivy_p.p3d:geometry
20:58:00.50  Warning: No components in dz\plants_bliss\building\ivy_r.p3d:geometry
20:58:00.50  Warning: No components in dz\plants_bliss\building\ivy_roof_a.p3d:geometry
20:58:00.50  Warning: No components in dz\plants_bliss\building\ivy_roof_b.p3d:geometry
20:58:00.50  Warning: No components in dz\plants_bliss\building\ivy_s.p3d:geometry
20:58:00.50  Warning: No components in dz\plants_bliss\building\ivy_special_a.p3d:geometry
20:58:00.50  Warning: No components in dz\plants_bliss\building\ivy_special_b.p3d:geometry
20:58:00.50  Warning: No components in dz\plants_bliss\building\ivy_special_c.p3d:geometry
20:58:00.50  Warning: No components in dz\plants_bliss\building\ivy_special_d.p3d:geometry
20:58:00.51  Warning: No components in dz\plants_bliss\building\ivy_special_e.p3d:geometry
20:58:00.51  Warning: No components in dz\plants_bliss\building\ivy_special_f.p3d:geometry
20:58:00.51  Warning: No components in dz\plants_bliss\building\ivy_t.p3d:geometry
20:58:00.51  Warning: No components in dz\plants_bliss\building\ivy_u.p3d:geometry
20:58:00.51  Warning: No components in dz\plants_bliss\building\ivy_v.p3d:geometry
20:58:00.51  Warning: No components in dz\plants_bliss\building\ivy_x.p3d:geometry
20:58:00.51  Warning: No components in dz\plants_bliss\building\poison_ivy.p3d:geometry
20:58:00.57  Warning: No components in dz\plants_bliss\clutter\c_wheattall_summer.p3d:geometry
20:58:00.57  Warning: No components in dz\plants_bliss\clutter\c_wheat_summer.p3d:geometry
20:58:00.326 Convex "component04" selection faces are less then 4 in dz\rocks\rock_bright_spike3.p3d:geometry
20:58:00.327 Convex "component04" selection faces are less then 4 in dz\rocks\rock_bright_spike3.p3d:geometryFire
20:58:00.434 Warning: No components in dz\structures\furniture\bathroom\bathroom_sign_m.p3d:geometry
20:58:00.434 Warning: No components in dz\structures\furniture\bathroom\bathroom_sign_w.p3d:geometry
20:58:00.485 Warning: No components in dz\structures\industrial\cementworks\proxy\cementworks_milla_bricks.p3d:geometry
20:58:00.487 PerfWarning: Way too much components (636) in dz\structures\industrial\cementworks\proxy\cementworks_milla_bricks.p3d:geometryFire
20:58:00.487 Warning: No components in dz\structures\industrial\cementworks\proxy\cementworks_milla_bricks.p3d:geometryView
20:58:00.489 Warning: No components in dz\structures\industrial\cementworks\proxy\cementworks_milla_metal.p3d:geometry
20:58:00.490 Convex "component851" selection faces are less then 4 in dz\structures\industrial\cementworks\proxy\cementworks_milla_metal.p3d:geometryFire
20:58:00.490 PerfWarning: Way too much components (844) in dz\structures\industrial\cementworks\proxy\cementworks_milla_metal.p3d:geometryFire
20:58:00.490 Warning: No components in dz\structures\industrial\cementworks\proxy\cementworks_milla_metal.p3d:geometryView
20:58:00.513 Warning: No components in dz\structures\industrial\cementworks\proxy\ground_garbage_long_fix.p3d:geometry
20:58:00.513 Warning: No components in dz\structures\industrial\cementworks\proxy\ground_garbage_square7_fix.p3d:geometry
20:58:00.515 Warning: No components in dz\structures\industrial\cementworks\proxy\misc_pallet.p3d:geometryFire
20:58:00.555 Warning: No components in dz\structures\industrial\farms\proxy\barn_metal_lod1_proxy.p3d:geometry
20:58:00.556 Warning: No components in dz\structures\industrial\farms\proxy\barn_metal_lod1_proxy.p3d:geometryView
20:58:00.564 Warning: No components in dz\structures\industrial\farms\proxy\boxy_c.p3d:geometry
20:58:00.564 Warning: No components in dz\structures\industrial\farms\proxy\boxy_c.p3d:geometryFire
20:58:00.564 Warning: No components in dz\structures\industrial\farms\proxy\boxy_c.p3d:geometryView
20:58:00.572 Warning: No components in dz\structures\industrial\houses\proxy\housev2_03_int.p3d:geometry
20:58:00.573 PerfWarning: Way too much components (633) in dz\structures\industrial\houses\proxy\housev2_03_int.p3d:geometryFire
20:58:00.573 Warning: No components in dz\structures\industrial\houses\proxy\housev2_03_int.p3d:geometryView
20:58:00.578 Warning: No components in dz\structures\industrial\power\power_hv_line_turn.p3d:geometry
20:58:00.631 PerfWarning: Way too much components (1336) in dz\structures\military\airfield\proxy\mainframe.p3d:geometryFire
20:58:00.656 PerfWarning: Way too much components (513) in dz\structures\military\airfield\proxy\wires.p3d:geometryFire
20:58:00.664 Warning: No components in dz\structures\military\improvised\mil_camonet_roof_nato.p3d:geometryView
20:58:00.667 Warning: No components in dz\structures\military\improvised\proxy\tent_big2.p3d:geometry
20:58:00.681 Warning: No components in dz\structures\military\tisy\proxy\garbage.p3d:geometry
20:58:00.710 PerfWarning: Way too much components (574) in dz\structures\military\tisy\proxy\pipes.p3d:geometryFire
20:58:00.717 Warning: No components in dz\structures\military\tisy\proxy\radarplatform_20m_railing.p3d:geometry
20:58:00.718 Warning: No components in dz\structures\military\tisy\proxy\radar_extra_parts.p3d:geometry
20:58:00.718 Warning: No components in dz\structures\military\tisy\proxy\radar_extra_parts_02.p3d:geometry
20:58:00.729 Convex "component317" selection faces are less then 4 in dz\structures\military\tisy\proxy\tisy_barracks_windows.p3d:geometryFire
20:58:00.729 Convex "component321" selection faces are less then 4 in dz\structures\military\tisy\proxy\tisy_barracks_windows.p3d:geometryFire
20:58:00.729 Convex "component358" selection faces are less then 4 in dz\structures\military\tisy\proxy\tisy_barracks_windows.p3d:geometryFire
20:58:00.730 Convex "component455" selection faces are less then 4 in dz\structures\military\tisy\proxy\tisy_barracks_windows.p3d:geometryFire
20:58:00.730 Convex "component488" selection faces are less then 4 in dz\structures\military\tisy\proxy\tisy_barracks_windows.p3d:geometryFire
20:58:00.730 Convex "component649" selection faces are less then 4 in dz\structures\military\tisy\proxy\tisy_barracks_windows.p3d:geometryFire
20:58:00.730 Convex "component650" selection faces are less then 4 in dz\structures\military\tisy\proxy\tisy_barracks_windows.p3d:geometryFire
20:58:00.730 Convex "component653" selection faces are less then 4 in dz\structures\military\tisy\proxy\tisy_barracks_windows.p3d:geometryFire
20:58:00.730 Convex "component655" selection faces are less then 4 in dz\structures\military\tisy\proxy\tisy_barracks_windows.p3d:geometryFire
20:58:00.730 Convex "component657" selection faces are less then 4 in dz\structures\military\tisy\proxy\tisy_barracks_windows.p3d:geometryFire
20:58:00.730 Convex "component659" selection faces are less then 4 in dz\structures\military\tisy\proxy\tisy_barracks_windows.p3d:geometryFire
20:58:00.730 PerfWarning: Way too much components (764) in dz\structures\military\tisy\proxy\tisy_barracks_windows.p3d:geometryFire
20:58:00.734 Warning: No components in dz\structures\military\tisy\proxy\tisy_barracks_windows2.p3d:geometryFire
20:58:00.736 Warning: No components in dz\structures\military\tisy\proxy\windows.p3d:geometry
20:58:00.737 Warning: No components in dz\structures\proxy_buildingparts\barricading\door_planks_01.p3d:geometry
20:58:00.737 Warning: No components in dz\structures\proxy_buildingparts\barricading\door_planks_01.p3d:geometryView
20:58:00.737 Warning: No components in dz\structures\proxy_buildingparts\house\housev2_02_window.p3d:geometry
20:58:00.737 Warning: No components in dz\structures\proxy_buildingparts\ladders\ladder_long_proxy.p3d:geometry
20:58:00.738 Warning: No components in dz\structures\proxy_buildingparts\ladders\ladder_medium_proxy.p3d:geometry
20:58:00.738 Warning: No components in dz\structures\proxy_buildingparts\ladders\ladder_short_proxy.p3d:geometry
20:58:00.738 Warning: No components in dz\structures\proxy_buildingparts\ladders\ladder_top_proxy.p3d:geometry
20:58:00.738 Warning: No components in dz\structures\proxy_buildingparts\lightningcond\lightningconductorbottom\lightningconductorbottom.p3d:geometryView
20:58:00.738 Warning: No components in dz\structures\proxy_buildingparts\lightningcond\lightningconductorconnection\lightningconductorconnection.p3d:geometryFire
20:58:00.738 Warning: No components in dz\structures\proxy_buildingparts\lightningcond\lightningconductorconnection\lightningconductorconnection.p3d:geometryView
20:58:00.738 Warning: No components in dz\structures\proxy_buildingparts\lightningcond\lightningconductorcorner\lightningconductorcorner.p3d:geometryFire
20:58:00.738 Warning: No components in dz\structures\proxy_buildingparts\lightningcond\lightningconductorcorner\lightningconductorcorner.p3d:geometryView
20:58:00.738 Warning: No components in dz\structures\proxy_buildingparts\lightningcond\lightningconductormiddle\lightningconductormiddle.p3d:geometryFire
20:58:00.738 Warning: No components in dz\structures\proxy_buildingparts\lightningcond\lightningconductormiddle\lightningconductormiddle.p3d:geometryView
20:58:00.738 Warning: No components in dz\structures\proxy_buildingparts\lightningcond\lightningconductormiddle\lightningconductormiddleshort.p3d:geometryFire
20:58:00.738 Warning: No components in dz\structures\proxy_buildingparts\lightningcond\lightningconductormiddle\lightningconductormiddleshort.p3d:geometryView
20:58:00.761 Warning: No components in dz\structures\residential\firedep\proxy\city_firestation_int.p3d:geometry
20:58:00.765 Warning: No components in dz\structures\residential\firedep\proxy\windows.p3d:geometry
20:58:00.785 Warning: No components in dz\structures\residential\medical\proxy\lightningcond_a_hospital.p3d:geometryFire
20:58:00.785 Warning: No components in dz\structures\residential\medical\proxy\lightningcond_a_hospital.p3d:geometryView
20:58:00.786 Warning: No components in dz\structures\residential\medical\proxy\medical_tent_frame.p3d:geometryFire
20:58:00.786 Warning: No components in dz\structures\residential\medical\proxy\showertent_furniture.p3d:geometry
20:58:00.842 PerfWarning: Way too much components (506) in dz\structures\residential\offices\proxy\a_office02_metalbars.p3d:geometryFire
20:58:00.849 Warning: No components in dz\structures\residential\offices\proxy\municipaloffice2_details_proxy.p3d:geometry
20:58:00.850 PerfWarning: Way too much components (1024) in dz\structures\residential\offices\proxy\municipaloffice2_details_proxy.p3d:geometryFire
20:58:00.850 Warning: No components in dz\structures\residential\offices\proxy\municipaloffice2_details_proxy.p3d:geometryView
20:58:00.852 Warning: No components in dz\structures\residential\offices\proxy\municipaloffice2_int.p3d:geometry
20:58:00.853 PerfWarning: Way too much components (707) in dz\structures\residential\offices\proxy\municipaloffice2_int.p3d:geometryFire
20:58:00.853 Warning: No components in dz\structures\residential\offices\proxy\municipaloffice2_int.p3d:geometryView
20:58:00.854 Warning: No components in dz\structures\residential\offices\proxy\windowhall.p3d:geometryView
20:58:00.881 Warning: No components in dz\structures\residential\offices\proxy\zarivky.p3d:geometry
20:58:00.882 Warning: No components in dz\structures\residential\schools\proxy\school_details.p3d:geometry
20:58:00.883 Warning: No components in dz\structures\residential\schools\proxy\school_details.p3d:geometryView
20:58:00.887 PerfWarning: Way too much components (1187) in dz\structures\residential\schools\proxy\school_exterior_proxy.p3d:geometryFire
20:58:00.888 Warning: No components in dz\structures\residential\schools\proxy\school_interior.p3d:geometry
20:58:00.906 Warning: No components in dz\structures\residential\schools\proxy\school_sign.p3d:geometry
20:58:00.906 Warning: No components in dz\structures\residential\schools\proxy\school_sign.p3d:geometryView
20:58:00.908 Warning: No components in dz\structures\residential\schools\proxy\windows.p3d:geometry
20:58:00.909 Warning: No components in dz\structures\residential\tenements\proxy\balcony_rail.p3d:geometry
20:58:00.909 Warning: No components in dz\structures\residential\tenements\proxy\balcony_rail.p3d:geometryView
20:58:00.911 Warning: No components in dz\structures\residential\tenements\proxy\tb_big_doorsframe_extract.p3d:geometry
20:58:00.912 Warning: No components in dz\structures\residential\tenements\proxy\tb_big_ladders.p3d:geometryView
20:58:00.921 Warning: No components in dz\structures\residential\tenements\proxy\tenement_big_win.p3d:geometryView
20:58:00.921 Warning: No components in dz\structures\residential\tenements\proxy\tenement_big_win_single.p3d:geometryView
20:58:00.937 Warning: No components in dz\structures\roads\decals\decal_concrete_panel.p3d:geometry
20:58:00.937 Warning: No components in dz\structures\roads\parts\city_6_crosswalk.p3d:geometry
20:58:00.938 Warning Message: Cannot open object dz\structures\roads\parts\city_circle.p3d
20:58:00.940 Warning: No components in dz\structures\ruins\rubble_dirtpile_small.p3d:geometry
20:58:00.941 PerfWarning: Way too much components (660) in dz\structures\ruins\rubble_dirtpile_small.p3d:geometryFire
20:58:01.45  Warning: No components in dz\structures\signs\misc\sign_areoclub.p3d:geometry
20:58:01.56  Warning: No components in dz\structures\signs\misc\sign_decal_gov1.p3d:geometry
20:58:01.56  Warning: No components in dz\structures\signs\misc\sign_decal_govschool.p3d:geometry
20:58:01.57  Warning: No components in dz\structures\signs\misc\sign_decal_pubcz1.p3d:geometry
20:58:01.57  Warning: No components in dz\structures\signs\misc\sign_decal_pubcz2.p3d:geometry
20:58:01.57  Warning: No components in dz\structures\signs\misc\sign_decal_pubcz3.p3d:geometry
20:58:01.57  Warning: No components in dz\structures\signs\misc\sign_decal_pubru1.p3d:geometry
20:58:01.57  Warning: No components in dz\structures\signs\misc\sign_decal_pubru2.p3d:geometry
20:58:01.57  Warning: No components in dz\structures\signs\misc\sign_decal_pubru3.p3d:geometry
20:58:01.58  Warning: No components in dz\structures\signs\misc\sign_pub_village.p3d:geometry
20:58:01.74  Warning: No components in dz\structures\signs\misc\sign_roof_crr.p3d:geometryView
20:58:01.210 Warning: No components in dz\structures\signs\tourist\trailmap_youarehere.p3d:geometry
20:58:01.317 Warning: No components in dz\structures\specific\hotel\proxy\houseb_tenement_dayz_proxy.p3d:geometry
20:58:01.341 Warning: No components in dz\structures\specific\lunapark\proxy\lunapark_autodrome_roof_lod1_lod2.p3d:geometry
20:58:01.341 Warning: No components in dz\structures\specific\lunapark\proxy\lunapark_autodrome_scafolding_lod1.p3d:geometry
20:58:01.342 Warning: No components in dz\structures\specific\lunapark\proxy\swan_carousel_spindle.p3d:geometry
20:58:01.342 Warning: No components in dz\structures\specific\lunapark\proxy\swan_carousel_stairs.p3d:geometry
20:58:01.342 Warning: No components in dz\structures\specific\lunapark\proxy\swan_carousel_stairs.p3d:geometryFire
20:58:01.342 Warning: No components in dz\structures\specific\lunapark\proxy\swan_carousel_stairs.p3d:geometryView
20:58:01.342 Warning: No components in dz\structures\specific\lunapark\proxy\swan_carousel_trailer.p3d:geometry
20:58:01.342 Warning: No components in dz\structures\specific\lunapark\proxy\swan_carousel_trailer.p3d:geometryFire
20:58:01.342 Warning: No components in dz\structures\specific\lunapark\proxy\swan_carousel_trailer.p3d:geometryView
20:58:01.351 PerfWarning: Way too much components (656) in dz\structures\specific\prison\proxy\prison_maincastle_bars.p3d:geometry
20:58:01.352 PerfWarning: Way too much components (656) in dz\structures\specific\prison\proxy\prison_maincastle_bars.p3d:geometryFire
20:58:01.358 Warning: No components in dz\structures\specific\prison\proxy\prison_maincastle_windows.p3d:geometry
20:58:01.359 PerfWarning: Way too much components (904) in dz\structures\specific\prison\proxy\prison_maincastle_windows.p3d:geometryFire
20:58:01.359 Warning: No components in dz\structures\specific\prison\proxy\prison_maincastle_windows.p3d:geometryView
20:58:01.362 Warning: No components in dz\structures\specific\prison\proxy\prison_maincastle_windows_02.p3d:geometry
20:58:01.363 PerfWarning: Way too much components (624) in dz\structures\specific\prison\proxy\prison_maincastle_windows_02.p3d:geometryFire
20:58:01.398 PerfWarning: Way too much components (626) in dz\structures\specific\prison\proxy\prison_main_int_stairs.p3d:geometry
20:58:01.399 PerfWarning: Way too much components (834) in dz\structures\specific\prison\proxy\prison_main_int_stairs.p3d:geometryFire
20:58:01.400 PerfWarning: Way too much components (626) in dz\structures\specific\prison\proxy\prison_main_int_stairs.p3d:geometryView
20:58:01.411 PerfWarning: Way too much components (810) in dz\structures\specific\prison\proxy\prison_shadow_interior.p3d:geometry
20:58:01.413 PerfWarning: Way too much components (781) in dz\structures\specific\prison\proxy\prison_shadow_interior.p3d:geometryView
20:58:01.424 Warning: No components in dz\structures\specific\prison\proxy\prison_sidebuilding_windowsmall.p3d:geometry
20:58:01.429 Warning: No components in dz\structures\wrecks\ships\proxy\abandoned_ship_lifebuoy.p3d:geometry
20:58:01.434 PerfWarning: Way too much components (897) in dz\structures\wrecks\ships\proxy\aship_int_piping_1.p3d:geometry
20:58:01.438 PerfWarning: Way too much components (937) in dz\structures\wrecks\ships\proxy\aship_int_piping_2.p3d:geometry
20:58:01.441 PerfWarning: Way too much components (749) in dz\structures\wrecks\ships\proxy\beams_back_a.p3d:geometryFire
20:58:01.444 PerfWarning: Way too much components (778) in dz\structures\wrecks\ships\proxy\beams_back_b.p3d:geometryFire
20:58:01.445 Warning: No components in dz\structures\wrecks\ships\proxy\beams_castle.p3d:geometry
20:58:01.448 PerfWarning: Way too much components (688) in dz\structures\wrecks\ships\proxy\beams_front_a.p3d:geometryFire
20:58:01.454 PerfWarning: Way too much components (1253) in dz\structures\wrecks\ships\proxy\beams_front_b.p3d:geometryFire
20:58:01.454 Warning: No components in dz\structures\wrecks\ships\proxy\covers_back_a.p3d:geometry
20:58:01.457 PerfWarning: Way too much components (682) in dz\structures\wrecks\ships\proxy\covers_front_b.p3d:geometryFire
20:58:01.513 Warning: No components in dz\structures\wrecks\vehicles\proxy\police_beacon.p3d:geometry
20:58:01.595 Warning: No components in dz\structures_bliss\residential\houses\proxy\house_1w13_dam_proxy_overgrowth.p3d:geometry
20:58:01.621 Warning: No components in dz\structures_bliss\roads\panels\panels_concrete_small.p3d:geometry
20:58:01.621 Warning: No components in dz\structures_bliss\roads\panels\panel_concrete_small_1.p3d:geometry
20:58:01.621 Warning: No components in dz\structures_bliss\roads\panels\panel_concrete_small_2.p3d:geometry
20:58:01.622 Warning: No components in dz\structures_bliss\roads\panels\panel_concrete_small_dam.p3d:geometry
20:58:01.622 Warning: No components in dz\structures_bliss\roads\parts\asf1enoch_12.p3d:geometry
20:58:01.622 Warning: No components in dz\structures_bliss\roads\parts\asf1enoch_25.p3d:geometry
20:58:01.622 Warning: No components in dz\structures_bliss\roads\parts\asf1enoch_6.p3d:geometry
20:58:01.623 Warning: No components in dz\structures_bliss\roads\parts\asf1enoch_6konec.p3d:geometry
20:58:01.623 Warning: No components in dz\structures_bliss\roads\parts\asf2enoch_12.p3d:geometry
20:58:01.623 Warning: No components in dz\structures_bliss\roads\parts\asf2enoch_25.p3d:geometry
20:58:01.624 Warning: No components in dz\structures_bliss\roads\parts\asf2enoch_6.p3d:geometry
20:58:01.624 Warning: No components in dz\structures_bliss\roads\parts\asf2enoch_6konec.p3d:geometry
20:58:01.624 Warning: No components in dz\structures_bliss\roads\parts\mudenoch_12.p3d:geometry
20:58:01.624 Warning: No components in dz\structures_bliss\roads\parts\mudenoch_25.p3d:geometry
20:58:01.625 Warning: No components in dz\structures_bliss\roads\parts\mudenoch_6.p3d:geometry
20:58:01.625 Warning: No components in dz\structures_bliss\roads\parts\mudenoch_6konec.p3d:geometry
20:58:01.625 Warning: No components in dz\structures_bliss\roads\parts\pathenoch_dirt_10.p3d:geometry
20:58:01.625 Warning: No components in dz\structures_bliss\roads\parts\pathenoch_dirt_30.p3d:geometry
20:58:01.625 Warning: No components in dz\structures_bliss\roads\parts\pathenoch_dirt_curve.p3d:geometry
20:58:01.625 Warning: No components in dz\structures_bliss\roads\parts\pathenoch_rock_10.p3d:geometry
20:58:01.625 Warning: No components in dz\structures_bliss\roads\parts\pathenoch_rock_30.p3d:geometry
20:58:01.625 Warning: No components in dz\structures_bliss\roads\parts\pathenoch_rock_curve.p3d:geometry
20:58:01.739 Warning Message: Cannot open object dz\structures_bliss\wrecks\vehicles\proxies\wheels.p3d
20:58:01.741 Warning: No components in dz\vehicles\parts\aircraft_battery.p3d:geometry
20:58:01.741 Warning: No components in dz\vehicles\parts\air_oil_bottle.p3d:geometry
20:58:01.741 Warning: No components in dz\vehicles\parts\aviator_spark_plug.p3d:geometry
20:58:01.750 Warning: No components in dz\vehicles\parts\belt.p3d:geometry
20:58:01.750 Warning: No components in dz\vehicles\parts\belt.p3d:geometryView
20:58:01.752 Warning: No components in dz\vehicles\parts\helicopter_battery.p3d:geometry
20:58:01.752 Warning: No components in dz\vehicles\parts\hydraulic_fluid_bottle.p3d:geometry
20:58:01.752 Warning: No components in dz\vehicles\parts\hydraulic_hoses.p3d:geometry
20:58:01.752 Warning: No components in dz\vehicles\parts\hydraulic_hoses.p3d:geometryFire
20:58:01.752 Warning: No components in dz\vehicles\parts\igniter_plug.p3d:geometry
20:58:01.754 Warning: No components in dz\vehicles\parts\windscreen_box.p3d:geometry
20:58:01.754 Warning: No components in dz\vehicles\wheeled\civiliansedan\proxy\prox_int.p3d:geometry
20:58:01.754 Warning: No components in dz\vehicles\wheeled\civiliansedan\proxy\prox_int.p3d:geometryFire
20:58:01.754 Warning: No components in dz\vehicles\wheeled\civiliansedan\proxy\prox_int.p3d:geometryView
20:58:01.770 Warning: No components in dz\vehicles\wheeled\civiliansedan\proxy\prox_int_aban_1.p3d:geometry
20:58:01.770 Warning: No components in dz\vehicles\wheeled\civiliansedan\proxy\prox_int_aban_2.p3d:geometry
20:58:01.770 Warning: No components in dz\vehicles\wheeled\civiliansedan\proxy\prox_int_aban_3.p3d:geometry
20:58:01.771 Warning: No components in dz\vehicles\wheeled\civiliansedan\proxy\sedan_engine.p3d:geometry
20:58:01.771 Warning: No components in dz\vehicles\wheeled\civiliansedan\proxy\sedan_engine.p3d:geometryFire
20:58:01.771 Warning: No components in dz\vehicles\wheeled\civiliansedan\proxy\sedan_engine.p3d:geometryView
20:58:01.773 Warning: No components in dz\vehicles\wheeled\civiliansedan\proxy\sedan_engine_aban.p3d:geometry
20:58:01.773 Warning: No components in dz\vehicles\wheeled\civiliansedan\proxy\sedan_engine_aban.p3d:geometryFire
20:58:01.773 Warning: No components in dz\vehicles\wheeled\civiliansedan\proxy\sedan_engine_aban.p3d:geometryView
20:58:01.794 Warning: No components in dz\vehicles\wheeled\hatchback_02\proxy\hatchback_02_engine.p3d:geometry
20:58:01.794 Warning: No components in dz\vehicles\wheeled\hatchback_02\proxy\hatchback_02_engine.p3d:geometryFire
20:58:01.794 Warning: No components in dz\vehicles\wheeled\hatchback_02\proxy\hatchback_02_engine.p3d:geometryView
20:58:01.797 Warning: No components in dz\vehicles\wheeled\hatchback_02\proxy\hatchback_02_engine_aban.p3d:geometry
20:58:01.797 Warning: No components in dz\vehicles\wheeled\hatchback_02\proxy\hatchback_02_engine_aban.p3d:geometryFire
20:58:01.797 Warning: No components in dz\vehicles\wheeled\hatchback_02\proxy\hatchback_02_engine_aban.p3d:geometryView
20:58:01.797 Warning: No components in dz\vehicles\wheeled\hatchback_02\proxy\hatchback_02_interior.p3d:geometry
20:58:01.797 Warning: No components in dz\vehicles\wheeled\hatchback_02\proxy\hatchback_02_interior_aban.p3d:geometry
20:58:01.798 Warning: No components in dz\vehicles\wheeled\offroadhatchback\proxy\nivaengine.p3d:geometry
20:58:01.798 Warning: No components in dz\vehicles\wheeled\offroadhatchback\proxy\nivaengine.p3d:geometryView
20:58:01.816 Warning: No components in dz\vehicles\wheeled\offroadhatchback\proxy\nivaengine_aban.p3d:geometry
20:58:01.816 Warning: No components in dz\vehicles\wheeled\offroadhatchback\proxy\nivaengine_aban.p3d:geometryView
20:58:01.818 Warning: No components in dz\vehicles\wheeled\offroadhatchback\proxy\nivainterior.p3d:geometry
20:58:01.818 Warning: No components in dz\vehicles\wheeled\offroadhatchback\proxy\niva_interior_aban.p3d:geometry
20:58:01.830 Warning: No components in dz\vehicles\wheeled\sedan_02\proxy\sedan_02_glass2.p3d:geometryFire
20:58:01.831 Warning: No components in dz\vehicles\wheeled\sedan_02\proxy\sedan_02_interior.p3d:geometryFire
20:58:01.831 Warning: No components in dz\vehicles\wheeled\sedan_02\proxy\sedan_02_interior.p3d:geometryView
20:58:01.831 Warning: No components in dz\vehicles\wheeled\sedan_02\proxy\sedan_02_interior_old.p3d:geometryFire
20:58:01.831 Warning: No components in dz\vehicles\wheeled\sedan_02\proxy\sedan_02_interior_old.p3d:geometryView
20:58:01.886 Warning: No components in dz\vehicles\wheeled\transitbus\proxy\ikarusdetails.p3d:geometry
20:58:01.886 Warning: No components in dz\vehicles\wheeled\transitbus\proxy\ikarusdetails.p3d:geometryFire
20:58:01.886 Warning: No components in dz\vehicles\wheeled\transitbus\proxy\ikarusdetails.p3d:geometryView
20:58:01.887 Warning: No components in dz\vehicles\wheeled\transitbus\proxy\ikarusinterior.p3d:geometry
20:58:01.887 Warning: No components in dz\vehicles\wheeled\transitbus\proxy\ikarusinterior.p3d:geometryFire
20:58:01.887 Warning: No components in dz\vehicles\wheeled\transitbus\proxy\ikarusinterior.p3d:geometryView
20:58:01.889 Warning: No components in dz\vehicles\wheeled\transitbus\proxy\transitbus_glass1.p3d:geometry
20:58:01.889 Warning: No components in dz\vehicles\wheeled\transitbus\proxy\transitbus_glass1.p3d:geometryFire
20:58:01.889 Warning: No components in dz\vehicles\wheeled\transitbus\proxy\transitbus_glass1.p3d:geometryView
20:58:01.889 Warning: No components in dz\vehicles\wheeled\transitbus\proxy\transitbus_glass2.p3d:geometry
20:58:01.889 Warning: No components in dz\vehicles\wheeled\transitbus\proxy\transitbus_glass2.p3d:geometryFire
20:58:01.889 Warning: No components in dz\vehicles\wheeled\transitbus\proxy\transitbus_glass2.p3d:geometryView
20:58:01.889 Warning: No components in dz\vehicles\wheeled\transitbus\proxy\transitbus_glassparts.p3d:geometry
20:58:01.889 Warning: No components in dz\vehicles\wheeled\transitbus\proxy\transitbus_glassparts.p3d:geometryFire
20:58:01.889 Warning: No components in dz\vehicles\wheeled\transitbus\proxy\transitbus_glassparts.p3d:geometryView
20:58:01.890 Warning: No components in dz\vehicles\wheeled\transitbus\proxy_big\ikarusdetails.p3d:geometry
20:58:01.890 Warning: No components in dz\vehicles\wheeled\transitbus\proxy_big\ikarusdetails.p3d:geometryFire
20:58:01.890 Warning: No components in dz\vehicles\wheeled\transitbus\proxy_big\ikarusdetails.p3d:geometryView
20:58:01.891 Warning: No components in dz\vehicles\wheeled\transitbus\proxy_big\ikarusinterior.p3d:geometry
20:58:01.891 Warning: No components in dz\vehicles\wheeled\transitbus\proxy_big\ikarusinterior.p3d:geometryFire
20:58:01.891 Warning: No components in dz\vehicles\wheeled\transitbus\proxy_big\ikarusinterior.p3d:geometryView
20:58:01.893 Warning: No components in dz\vehicles\wheeled\transitbus\proxy_big\transitbus_glass1.p3d:geometry
20:58:01.893 Warning: No components in dz\vehicles\wheeled\transitbus\proxy_big\transitbus_glass1.p3d:geometryFire
20:58:01.893 Warning: No components in dz\vehicles\wheeled\transitbus\proxy_big\transitbus_glass1.p3d:geometryView
20:58:01.894 Warning: No components in dz\vehicles\wheeled\transitbus\proxy_big\transitbus_glass2.p3d:geometry
20:58:01.894 Warning: No components in dz\vehicles\wheeled\transitbus\proxy_big\transitbus_glass2.p3d:geometryFire
20:58:01.894 Warning: No components in dz\vehicles\wheeled\transitbus\proxy_big\transitbus_glass2.p3d:geometryView
20:58:01.894 Warning: No components in dz\vehicles\wheeled\transitbus\proxy_big\transitbus_glassparts.p3d:geometry
20:58:01.894 Warning: No components in dz\vehicles\wheeled\transitbus\proxy_big\transitbus_glassparts.p3d:geometryFire
20:58:01.894 Warning: No components in dz\vehicles\wheeled\transitbus\proxy_big\transitbus_glassparts.p3d:geometryView
20:58:01.908 Warning: No components in dz\vehicles\wheeled\truck_01\proxy\truck_01_engine.p3d:geometry
20:58:01.908 Warning: No components in dz\vehicles\wheeled\truck_01\proxy\truck_01_engine.p3d:geometryView
20:58:01.909 Warning: No components in dz\vehicles\wheeled\truck_01\proxy\truck_01_glass_1.p3d:geometry
20:58:01.909 Warning: No components in dz\vehicles\wheeled\truck_01\proxy\truck_01_glass_1.p3d:geometryView
20:58:01.909 Warning: No components in dz\vehicles\wheeled\truck_01\proxy\truck_01_glass_2.p3d:geometry
20:58:01.909 Warning: No components in dz\vehicles\wheeled\truck_01\proxy\truck_01_glass_2.p3d:geometryView
20:58:01.909 Warning: No components in dz\vehicles\wheeled\truck_01\proxy\truck_01_glass_details.p3d:geometry
20:58:01.909 Warning: No components in dz\vehicles\wheeled\truck_01\proxy\truck_01_glass_details.p3d:geometryView
20:58:01.939 Warning: No components in dz\vehicles\wheeled\truck_02\proxy\truck_02_cabin.p3d:geometry
20:58:01.942 Warning: No components in dz\vehicles\wheeled\truck_02\proxy\truck_02_interior.p3d:geometry
20:58:01.947 Warning: No components in dz\vehicles\wheeled\van_01\proxy\van_01_door_1_1.p3d:geometry
20:58:01.948 Warning: No components in dz\vehicles\wheeled\van_01\proxy\van_01_interior.p3d:geometry
20:58:01.950 Warning: No components in dz\water\ponds\pond_big_29_01.p3d:geometry
20:58:01.967 Warning: No components in dz\water\ponds\pond_big_29_02.p3d:geometry
20:58:01.968 Warning: No components in dz\water\ponds\pond_big_29_03.p3d:geometry
20:58:01.968 Warning: No components in dz\water\ponds\pond_big_29_04.p3d:geometry
20:58:01.968 Warning: No components in dz\water\ponds\pond_big_30_01.p3d:geometry
20:58:01.969 Warning: No components in dz\water\ponds\pond_big_30_02.p3d:geometry
20:58:01.969 Warning: No components in dz\water\ponds\pond_big_30_03.p3d:geometry
20:58:01.969 Warning: No components in dz\water\ponds\pond_big_30_04.p3d:geometry
20:58:01.969 Warning: No components in dz\water\ponds\pond_big_31_01.p3d:geometry
20:58:01.969 Warning: No components in dz\water\ponds\pond_big_31_02.p3d:geometry
20:58:01.969 Warning: No components in dz\water\ponds\pond_big_31_03.p3d:geometry
20:58:01.970 Warning: No components in dz\water\ponds\pond_big_31_04.p3d:geometry
20:58:01.970 Warning: No components in dz\water\ponds\pond_big_33_01.p3d:geometry
20:58:01.971 Warning: No components in dz\water\ponds\pond_big_33_02.p3d:geometry
20:58:01.971 Warning: No components in dz\water\ponds\pond_big_33_03.p3d:geometry
20:58:01.971 Warning: No components in dz\water\ponds\pond_big_34_01.p3d:geometry
20:58:01.971 Warning: No components in dz\water\ponds\pond_big_34_02.p3d:geometry
20:58:01.971 Warning: No components in dz\water\ponds\pond_big_34_03.p3d:geometry
20:58:01.971 Warning: No components in dz\water\ponds\pond_big_34_04.p3d:geometry
20:58:01.972 Warning: No components in dz\water\ponds\pond_big_35_01.p3d:geometry
20:58:01.972 Warning: No components in dz\water\ponds\pond_big_35_02.p3d:geometry
20:58:01.972 Warning: No components in dz\water\ponds\pond_big_36_01.p3d:geometry
20:58:01.972 Warning: No components in dz\water\ponds\pond_big_36_02.p3d:geometry
20:58:01.972 Warning: No components in dz\water\ponds\pond_big_36_03.p3d:geometry
20:58:01.972 Warning: No components in dz\water\ponds\pond_big_36_04.p3d:geometry
20:58:01.972 Warning: No components in dz\water\ponds\pond_big_37_01.p3d:geometry
20:58:01.972 Warning: No components in dz\water\ponds\pond_big_37_02.p3d:geometry
20:58:01.973 Warning: No components in dz\water\ponds\pond_big_37_03.p3d:geometry
20:58:01.973 Warning: No components in dz\water\ponds\pond_big_37_04.p3d:geometry
20:58:01.973 Warning: No components in dz\water\ponds\pond_big_38_01.p3d:geometry
20:58:01.973 Warning: No components in dz\water\ponds\pond_big_38_02.p3d:geometry
20:58:01.973 Warning: No components in dz\water\ponds\pond_big_38_03.p3d:geometry
20:58:01.974 Warning: No components in dz\water\ponds\pond_big_38_04.p3d:geometry
20:58:01.974 Warning: No components in dz\water\ponds\pond_big_39_01.p3d:geometry
20:58:01.974 Warning: No components in dz\water\ponds\pond_big_39_02.p3d:geometry
20:58:01.974 Warning: No components in dz\water\ponds\pond_big_39_03.p3d:geometry
20:58:01.974 Warning: No components in dz\water\ponds\pond_big_39_04.p3d:geometry
20:58:01.974 Warning: No components in dz\water\ponds\pond_big_40_01.p3d:geometry
20:58:01.974 Warning: No components in dz\water\ponds\pond_big_40_02.p3d:geometry
20:58:01.974 Warning: No components in dz\water\ponds\pond_big_40_03.p3d:geometry
20:58:01.974 Warning: No components in dz\water\ponds\pond_big_40_04.p3d:geometry
20:58:01.974 Warning: No components in dz\water\ponds\pond_big_41_01.p3d:geometry
20:58:01.974 Warning: No components in dz\water\ponds\pond_big_41_02.p3d:geometry
20:58:01.975 Warning: No components in dz\water\ponds\pond_big_41_03.p3d:geometry
20:58:01.975 Warning: No components in dz\water\ponds\pond_big_41_04.p3d:geometry
20:58:01.975 Warning: No components in dz\water\ponds\pond_big_41_05.p3d:geometry
20:58:01.975 Warning: No components in dz\water\ponds\pond_big_42_01.p3d:geometry
20:58:01.976 Warning: No components in dz\water\ponds\pond_big_42_02.p3d:geometry
20:58:01.976 Warning: No components in dz\water\ponds\pond_big_42_03.p3d:geometry
20:58:01.976 Warning: No components in dz\water\ponds\pond_big_42_04.p3d:geometry
20:58:01.976 Warning: No components in dz\water\ponds\pond_big_42_05.p3d:geometry
20:58:01.976 Warning: No components in dz\water\ponds\pond_big_42_06.p3d:geometry
20:58:01.976 Warning: No components in dz\water\ponds\pond_big_42_07.p3d:geometry
20:58:01.977 Warning: No components in dz\water\ponds\pond_big_42_08.p3d:geometry
20:58:01.977 Warning: No components in dz\water\ponds\pond_big_42_09.p3d:geometry
20:58:01.977 Warning: No components in dz\water\ponds\pond_big_42_10.p3d:geometry
20:58:01.977 Warning: No components in dz\water\ponds\pond_big_42_11.p3d:geometry
20:58:01.977 Warning: No components in dz\water\ponds\pond_big_42_12.p3d:geometry
20:58:01.978 Warning: No components in dz\water\ponds\pond_big_42_13.p3d:geometry
20:58:01.978 Warning: No components in dz\water\ponds\pond_big_42_14.p3d:geometry
20:58:01.978 Warning: No components in dz\water\ponds\pond_big_42_15.p3d:geometry
20:58:01.978 Warning: No components in dz\water\ponds\pond_big_42_16.p3d:geometry
20:58:01.978 Warning: No components in dz\water\ponds\pond_big_42_17.p3d:geometry
20:58:01.978 Warning: No components in dz\water\ponds\pond_big_42_18.p3d:geometry
20:58:01.978 Warning: No components in dz\water\ponds\pond_big_42_19.p3d:geometry
20:58:01.979 Warning: No components in dz\water\ponds\pond_big_42_20.p3d:geometry
20:58:01.979 Warning: No components in dz\water\ponds\pond_big_44.p3d:geometry
20:58:01.979 Warning: No components in dz\water\ponds\pond_big_ly_1.p3d:geometry
20:58:01.979 Warning: No components in dz\water\ponds\pond_big_ly_10.p3d:geometry
20:58:01.979 Warning: No components in dz\water\ponds\pond_big_ly_11.p3d:geometry
20:58:01.979 Warning: No components in dz\water\ponds\pond_big_ly_2.p3d:geometry
20:58:01.979 Warning: No components in dz\water\ponds\pond_big_ly_3.p3d:geometry
20:58:01.979 Warning: No components in dz\water\ponds\pond_big_ly_4.p3d:geometry
20:58:01.979 Warning: No components in dz\water\ponds\pond_big_ly_5.p3d:geometry
20:58:01.979 Warning: No components in dz\water\ponds\pond_big_ly_6.p3d:geometry
20:58:01.980 Warning: No components in dz\water\ponds\pond_big_ly_7.p3d:geometry
20:58:01.980 Warning: No components in dz\water\ponds\pond_big_ly_8.p3d:geometry
20:58:01.980 Warning: No components in dz\water\ponds\pond_big_ly_9.p3d:geometry
20:58:01.980 Warning: No components in dz\water\ponds\pond_severogd_novo_down.p3d:geometry
20:58:01.980 Warning: No components in dz\water\ponds\pond_small_01.p3d:geometry
20:58:01.980 Warning: No components in dz\water\ponds\pond_small_02.p3d:geometry
20:58:01.980 Warning: No components in dz\water\ponds\pond_small_03.p3d:geometry
20:58:01.980 Warning: No components in dz\water\ponds\pond_small_04.p3d:geometry
20:58:01.980 Warning: No components in dz\water\ponds\pond_small_05.p3d:geometry
20:58:01.980 Warning: No components in dz\water\ponds\pond_small_06.p3d:geometry
20:58:01.981 Warning: No components in dz\water\ponds\pond_small_08.p3d:geometry
20:58:01.981 Warning: No components in dz\water\ponds\pond_small_09.p3d:geometry
20:58:01.981 Warning: No components in dz\water\ponds\pond_small_10.p3d:geometry
20:58:01.981 Warning: No components in dz\water\ponds\pond_small_11.p3d:geometry
20:58:01.982 Warning: No components in dz\water\ponds\pond_small_12.p3d:geometry
20:58:01.982 Warning: No components in dz\water\ponds\pond_small_13.p3d:geometry
20:58:01.982 Warning: No components in dz\water\ponds\pond_small_14.p3d:geometry
20:58:01.982 Warning: No components in dz\water\ponds\pond_small_15.p3d:geometry
20:58:01.982 Warning: No components in dz\water\ponds\pond_small_16.p3d:geometry
20:58:01.982 Warning: No components in dz\water\ponds\pond_small_17.p3d:geometry
20:58:01.982 Warning: No components in dz\water\ponds\pond_small_18.p3d:geometry
20:58:01.982 Warning: No components in dz\water\ponds\pond_small_19.p3d:geometry
20:58:01.983 Warning: No components in dz\water\ponds\pond_small_20.p3d:geometry
20:58:01.983 Warning: No components in dz\water\ponds\pond_small_21.p3d:geometry
20:58:01.983 Warning: No components in dz\water\ponds\pond_small_22.p3d:geometry
20:58:01.983 Warning: No components in dz\water\ponds\pond_small_23.p3d:geometry
20:58:01.983 Warning: No components in dz\water\ponds\pond_small_24.p3d:geometry
20:58:01.983 Warning: No components in dz\water\ponds\pond_small_25.p3d:geometry
20:58:01.983 Warning: No components in dz\water\ponds\pond_small_26.p3d:geometry
20:58:01.983 Warning: No components in dz\water\ponds\pond_small_27.p3d:geometry
20:58:01.983 Warning: No components in dz\water\ponds\moss\pond_50x50_moss.p3d:geometry
20:58:01.984 Warning: No components in dz\water\ponds\moss\pond_big_28_01_moss.p3d:geometry
20:58:01.984 Warning: No components in dz\water\ponds\moss\pond_big_28_02_moss.p3d:geometry
20:58:01.984 Warning: No components in dz\water\ponds\moss\pond_big_28_03_moss.p3d:geometry
20:58:01.984 Warning: No components in dz\water\ponds\moss\pond_big_28_04_moss.p3d:geometry
20:58:01.984 Warning: No components in dz\water\ponds\moss\pond_big_29_01_moss.p3d:geometry
20:58:01.984 Warning: No components in dz\water\ponds\moss\pond_big_29_02_moss.p3d:geometry
20:58:01.984 Warning: No components in dz\water\ponds\moss\pond_big_29_03_moss.p3d:geometry
20:58:01.985 Warning: No components in dz\water\ponds\moss\pond_big_29_04_moss.p3d:geometry
20:58:01.985 Warning: No components in dz\water\ponds\moss\pond_big_30_01_moss.p3d:geometry
20:58:01.985 Warning: No components in dz\water\ponds\moss\pond_big_30_02_moss.p3d:geometry
20:58:01.985 Warning: No components in dz\water\ponds\moss\pond_big_30_03_moss.p3d:geometry
20:58:01.985 Warning: No components in dz\water\ponds\moss\pond_big_30_04_moss.p3d:geometry
20:58:01.985 Warning: No components in dz\water\ponds\moss\pond_big_31_01_moss.p3d:geometry
20:58:01.985 Warning: No components in dz\water\ponds\moss\pond_big_31_02_moss.p3d:geometry
20:58:01.985 Warning: No components in dz\water\ponds\moss\pond_big_31_03_moss.p3d:geometry
20:58:01.985 Warning: No components in dz\water\ponds\moss\pond_big_31_04_moss.p3d:geometry
20:58:01.985 Warning: No components in dz\water\ponds\moss\pond_big_32_01_moss.p3d:geometry
20:58:01.985 Warning: No components in dz\water\ponds\moss\pond_big_32_02_moss.p3d:geometry
20:58:01.985 Warning: No components in dz\water\ponds\moss\pond_big_32_03_moss.p3d:geometry
20:58:01.986 Warning: No components in dz\water\ponds\moss\pond_big_33_01_moss.p3d:geometry
20:58:01.986 Warning: No components in dz\water\ponds\moss\pond_big_33_02_moss.p3d:geometry
20:58:01.986 Warning: No components in dz\water\ponds\moss\pond_big_33_03_moss.p3d:geometry
20:58:02.09  Warning: No components in dz\water\ponds\moss\pond_big_34_01_moss.p3d:geometry
20:58:02.09  Warning: No components in dz\water\ponds\moss\pond_big_34_02_moss.p3d:geometry
20:58:02.09  Warning: No components in dz\water\ponds\moss\pond_big_34_03_moss.p3d:geometry
20:58:02.10  Warning: No components in dz\water\ponds\moss\pond_big_34_04_moss.p3d:geometry
20:58:02.10  Warning: No components in dz\water\ponds\moss\pond_big_35_02_moss.p3d:geometry
20:58:02.10  Warning: No components in dz\water\ponds\moss\pond_big_36_01_moss.p3d:geometry
20:58:02.10  Warning: No components in dz\water\ponds\moss\pond_big_36_02_moss.p3d:geometry
20:58:02.10  Warning: No components in dz\water\ponds\moss\pond_big_36_03_moss.p3d:geometry
20:58:02.11  Warning: No components in dz\water\ponds\moss\pond_big_36_04_moss.p3d:geometry
20:58:02.11  Warning: No components in dz\water\ponds\moss\pond_big_37_01_moss.p3d:geometry
20:58:02.11  Warning: No components in dz\water\ponds\moss\pond_big_37_02_moss.p3d:geometry
20:58:02.12  Warning: No components in dz\water\ponds\moss\pond_big_37_03_moss.p3d:geometry
20:58:02.12  Warning: No components in dz\water\ponds\moss\pond_big_37_04_moss.p3d:geometry
20:58:02.12  Warning: No components in dz\water\ponds\moss\pond_big_38_01_moss.p3d:geometry
20:58:02.12  Warning: No components in dz\water\ponds\moss\pond_big_38_02_moss.p3d:geometry
20:58:02.12  Warning: No components in dz\water\ponds\moss\pond_big_38_03_moss.p3d:geometry
20:58:02.12  Warning: No components in dz\water\ponds\moss\pond_big_38_04_moss.p3d:geometry
20:58:02.12  Warning: No components in dz\water\ponds\moss\pond_big_40_01_moss.p3d:geometry
20:58:02.12  Warning: No components in dz\water\ponds\moss\pond_big_40_02_moss.p3d:geometry
20:58:02.12  Warning: No components in dz\water\ponds\moss\pond_big_40_03_moss.p3d:geometry
20:58:02.12  Warning: No components in dz\water\ponds\moss\pond_big_40_04_moss.p3d:geometry
20:58:02.13  Warning: No components in dz\water\ponds\moss\pond_big_41_01_moss.p3d:geometry
20:58:02.13  Warning: No components in dz\water\ponds\moss\pond_big_41_02_moss.p3d:geometry
20:58:02.13  Warning: No components in dz\water\ponds\moss\pond_big_41_03_moss.p3d:geometry
20:58:02.13  Warning: No components in dz\water\ponds\moss\pond_big_41_04_moss.p3d:geometry
20:58:02.14  Warning: No components in dz\water\ponds\moss\pond_big_41_05_moss.p3d:geometry
20:58:02.14  Warning: No components in dz\water\ponds\moss\pond_big_42_01_moss.p3d:geometry
20:58:02.14  Warning: No components in dz\water\ponds\moss\pond_big_42_02_moss.p3d:geometry
20:58:02.14  Warning: No components in dz\water\ponds\moss\pond_big_42_03_moss.p3d:geometry
20:58:02.14  Warning: No components in dz\water\ponds\moss\pond_big_42_04_moss.p3d:geometry
20:58:02.15  Warning: No components in dz\water\ponds\moss\pond_big_43_30_moss.p3d:geometry
20:58:02.15  Warning: No components in dz\water\ponds\moss\pond_big_43_31_moss.p3d:geometry
20:58:02.15  Warning: No components in dz\water\ponds\moss\pond_small_01_moss.p3d:geometry
20:58:02.15  Warning: No components in dz\water\ponds\moss\pond_small_02_moss.p3d:geometry
20:58:02.15  Warning: No components in dz\water\ponds\moss\pond_small_03_moss.p3d:geometry
20:58:02.15  Warning: No components in dz\water\ponds\moss\pond_small_04_moss.p3d:geometry
20:58:02.16  Warning: No components in dz\water\ponds\moss\pond_small_05_moss.p3d:geometry
20:58:02.16  Warning: No components in dz\water\ponds\moss\pond_small_06_moss.p3d:geometry
20:58:02.16  Warning: No components in dz\water\ponds\moss\pond_small_08_moss.p3d:geometry
20:58:02.16  Warning: No components in dz\water\ponds\moss\pond_small_09_moss.p3d:geometry
20:58:02.16  Warning: No components in dz\water\ponds\moss\pond_small_15_moss.p3d:geometry
20:58:02.17  Warning: No components in dz\water\ponds\moss\pond_small_16_moss.p3d:geometry
20:58:02.17  Warning: No components in dz\water\ponds\moss\pond_small_17_moss.p3d:geometry
20:58:02.17  Warning: No components in dz\water\ponds\moss\pond_small_18_moss.p3d:geometry
20:58:02.17  Warning: No components in dz\water\ponds\moss\pond_small_19_moss.p3d:geometry
20:58:02.17  Warning: No components in dz\water\ponds\moss\pond_small_20_moss.p3d:geometry
20:58:02.17  Warning: No components in dz\water\ponds\moss\pond_small_21_moss.p3d:geometry
20:58:02.18  Warning: No components in dz\water\ponds\moss\pond_small_22_moss.p3d:geometry
20:58:02.18  Warning: No components in dz\water\ponds\moss\pond_small_24_moss.p3d:geometry
20:58:02.19  Warning: No components in dz\water\ponds\moss\pond_small_25_moss.p3d:geometry
20:58:02.19  Warning: No components in dz\water\ponds\moss\pond_small_26_moss.p3d:geometry
20:58:02.19  Warning: No components in dz\water\ponds\moss\pond_small_27_moss.p3d:geometry
20:58:02.23  Warning: No components in dz\water\streambed\misc\stones_leaf_group_3.p3d:geometryFire
20:58:02.27  Warning: No components in dz\water\streambed\misc\stones_moss_group_3.p3d:geometryFire
20:58:02.30  Warning: No components in dz\water\streambed\misc\stones_sand_group_3.p3d:geometryFire
20:58:02.45  Warning: No components in dz\water_bliss\ponds\enoch_50x50.p3d:geometry
20:58:02.45  Warning: No components in dz\water_bliss\ponds\enoch_50x50_moss.p3d:geometry
20:58:02.45  Warning: No components in dz\water_bliss\ponds\enoch_grabinskie_0.p3d:geometry
20:58:02.45  Warning: No components in dz\water_bliss\ponds\enoch_grabinskie_1.p3d:geometry
20:58:02.45  Warning: No components in dz\water_bliss\ponds\enoch_grabinskie_10.p3d:geometry
20:58:02.46  Warning: No components in dz\water_bliss\ponds\enoch_grabinskie_11.p3d:geometry
20:58:02.46  Warning: No components in dz\water_bliss\ponds\enoch_grabinskie_12.p3d:geometry
20:58:02.46  Warning: No components in dz\water_bliss\ponds\enoch_grabinskie_13.p3d:geometry
20:58:02.46  Warning: No components in dz\water_bliss\ponds\enoch_grabinskie_14.p3d:geometry
20:58:02.46  Warning: No components in dz\water_bliss\ponds\enoch_grabinskie_15.p3d:geometry
20:58:02.46  Warning: No components in dz\water_bliss\ponds\enoch_grabinskie_16.p3d:geometry
20:58:02.46  Warning: No components in dz\water_bliss\ponds\enoch_grabinskie_17.p3d:geometry
20:58:02.46  Warning: No components in dz\water_bliss\ponds\enoch_grabinskie_18.p3d:geometry
20:58:02.46  Warning: No components in dz\water_bliss\ponds\enoch_grabinskie_19.p3d:geometry
20:58:02.46  Warning: No components in dz\water_bliss\ponds\enoch_grabinskie_2.p3d:geometry
20:58:02.47  Warning: No components in dz\water_bliss\ponds\enoch_grabinskie_20.p3d:geometry
20:58:02.47  Warning: No components in dz\water_bliss\ponds\enoch_grabinskie_21.p3d:geometry
20:58:02.47  Warning: No components in dz\water_bliss\ponds\enoch_grabinskie_22.p3d:geometry
20:58:02.47  Warning: No components in dz\water_bliss\ponds\enoch_grabinskie_23.p3d:geometry
20:58:02.47  Warning: No components in dz\water_bliss\ponds\enoch_grabinskie_24.p3d:geometry
20:58:02.47  Warning: No components in dz\water_bliss\ponds\enoch_grabinskie_25.p3d:geometry
20:58:02.47  Warning: No components in dz\water_bliss\ponds\enoch_grabinskie_26.p3d:geometry
20:58:02.47  Warning: No components in dz\water_bliss\ponds\enoch_grabinskie_27.p3d:geometry
20:58:02.47  Warning: No components in dz\water_bliss\ponds\enoch_grabinskie_28.p3d:geometry
20:58:02.47  Warning: No components in dz\water_bliss\ponds\enoch_grabinskie_29.p3d:geometry
20:58:02.47  Warning: No components in dz\water_bliss\ponds\enoch_grabinskie_3.p3d:geometry
20:58:02.47  Warning: No components in dz\water_bliss\ponds\enoch_grabinskie_30.p3d:geometry
20:58:02.47  Warning: No components in dz\water_bliss\ponds\enoch_grabinskie_31.p3d:geometry
20:58:02.47  Warning: No components in dz\water_bliss\ponds\enoch_grabinskie_32.p3d:geometry
20:58:02.47  Warning: No components in dz\water_bliss\ponds\enoch_grabinskie_33.p3d:geometry
20:58:02.47  Warning: No components in dz\water_bliss\ponds\enoch_grabinskie_34.p3d:geometry
20:58:02.48  Warning: No components in dz\water_bliss\ponds\enoch_grabinskie_35.p3d:geometry
20:58:02.48  Warning: No components in dz\water_bliss\ponds\enoch_grabinskie_36.p3d:geometry
20:58:02.48  Warning: No components in dz\water_bliss\ponds\enoch_grabinskie_37.p3d:geometry
20:58:02.49  Warning: No components in dz\water_bliss\ponds\enoch_grabinskie_38.p3d:geometry
20:58:02.49  Warning: No components in dz\water_bliss\ponds\enoch_grabinskie_39.p3d:geometry
20:58:02.49  Warning: No components in dz\water_bliss\ponds\enoch_grabinskie_4.p3d:geometry
20:58:02.49  Warning: No components in dz\water_bliss\ponds\enoch_grabinskie_40.p3d:geometry
20:58:02.49  Warning: No components in dz\water_bliss\ponds\enoch_grabinskie_41.p3d:geometry
20:58:02.49  Warning: No components in dz\water_bliss\ponds\enoch_grabinskie_42.p3d:geometry
20:58:02.49  Warning: No components in dz\water_bliss\ponds\enoch_grabinskie_43.p3d:geometry
20:58:02.49  Warning: No components in dz\water_bliss\ponds\enoch_grabinskie_44.p3d:geometry
20:58:02.49  Warning: No components in dz\water_bliss\ponds\enoch_grabinskie_45.p3d:geometry
20:58:02.49  Warning: No components in dz\water_bliss\ponds\enoch_grabinskie_46.p3d:geometry
20:58:02.49  Warning: No components in dz\water_bliss\ponds\enoch_grabinskie_47.p3d:geometry
20:58:02.49  Warning: No components in dz\water_bliss\ponds\enoch_grabinskie_48.p3d:geometry
20:58:02.49  Warning: No components in dz\water_bliss\ponds\enoch_grabinskie_49.p3d:geometry
20:58:02.49  Warning: No components in dz\water_bliss\ponds\enoch_grabinskie_5.p3d:geometry
20:58:02.49  Warning: No components in dz\water_bliss\ponds\enoch_grabinskie_6.p3d:geometry
20:58:02.49  Warning: No components in dz\water_bliss\ponds\enoch_grabinskie_7.p3d:geometry
20:58:02.49  Warning: No components in dz\water_bliss\ponds\enoch_grabinskie_8.p3d:geometry
20:58:02.50  Warning: No components in dz\water_bliss\ponds\enoch_grabinskie_9.p3d:geometry
20:58:02.50  Warning: No components in dz\water_bliss\ponds\enoch_jantar_0.p3d:geometry
20:58:02.50  Warning: No components in dz\water_bliss\ponds\enoch_jantar_1.p3d:geometry
20:58:02.50  Warning: No components in dz\water_bliss\ponds\enoch_jantar_10.p3d:geometry
20:58:02.50  Warning: No components in dz\water_bliss\ponds\enoch_jantar_11.p3d:geometry
20:58:02.50  Warning: No components in dz\water_bliss\ponds\enoch_jantar_12.p3d:geometry
20:58:02.50  Warning: No components in dz\water_bliss\ponds\enoch_jantar_13.p3d:geometry
20:58:02.50  Warning: No components in dz\water_bliss\ponds\enoch_jantar_14.p3d:geometry
20:58:02.50  Warning: No components in dz\water_bliss\ponds\enoch_jantar_15.p3d:geometry
20:58:02.50  Warning: No components in dz\water_bliss\ponds\enoch_jantar_16.p3d:geometry
20:58:02.50  Warning: No components in dz\water_bliss\ponds\enoch_jantar_17.p3d:geometry
20:58:02.50  Warning: No components in dz\water_bliss\ponds\enoch_jantar_18.p3d:geometry
20:58:02.50  Warning: No components in dz\water_bliss\ponds\enoch_jantar_19.p3d:geometry
20:58:02.50  Warning: No components in dz\water_bliss\ponds\enoch_jantar_2.p3d:geometry
20:58:02.50  Warning: No components in dz\water_bliss\ponds\enoch_jantar_20.p3d:geometry
20:58:02.50  Warning: No components in dz\water_bliss\ponds\enoch_jantar_21.p3d:geometry
20:58:02.50  Warning: No components in dz\water_bliss\ponds\enoch_jantar_22.p3d:geometry
20:58:02.50  Warning: No components in dz\water_bliss\ponds\enoch_jantar_3.p3d:geometry
20:58:02.51  Warning: No components in dz\water_bliss\ponds\enoch_jantar_4.p3d:geometry
20:58:02.51  Warning: No components in dz\water_bliss\ponds\enoch_jantar_5.p3d:geometry
20:58:02.51  Warning: No components in dz\water_bliss\ponds\enoch_jantar_6.p3d:geometry
20:58:02.51  Warning: No components in dz\water_bliss\ponds\enoch_jantar_7.p3d:geometry
20:58:02.51  Warning: No components in dz\water_bliss\ponds\enoch_jantar_8.p3d:geometry
20:58:02.51  Warning: No components in dz\water_bliss\ponds\enoch_jantar_9.p3d:geometry
20:58:02.51  Warning: No components in dz\water_bliss\ponds\enoch_male_0.p3d:geometry
20:58:02.51  Warning: No components in dz\water_bliss\ponds\enoch_male_1.p3d:geometry
20:58:02.51  Warning: No components in dz\water_bliss\ponds\enoch_male_2.p3d:geometry
20:58:02.51  Warning: No components in dz\water_bliss\ponds\enoch_male_3.p3d:geometry
20:58:02.52  Warning: No components in dz\water_bliss\ponds\enoch_sitnicke_0.p3d:geometry
20:58:02.52  Warning: No components in dz\water_bliss\ponds\enoch_sitnicke_1.p3d:geometry
20:58:02.52  Warning: No components in dz\water_bliss\ponds\enoch_sitnicke_10.p3d:geometry
20:58:02.52  Warning: No components in dz\water_bliss\ponds\enoch_sitnicke_11.p3d:geometry
20:58:02.52  Warning: No components in dz\water_bliss\ponds\enoch_sitnicke_12.p3d:geometry
20:58:02.52  Warning: No components in dz\water_bliss\ponds\enoch_sitnicke_13.p3d:geometry
20:58:02.52  Warning: No components in dz\water_bliss\ponds\enoch_sitnicke_14.p3d:geometry
20:58:02.52  Warning: No components in dz\water_bliss\ponds\enoch_sitnicke_15.p3d:geometry
20:58:02.52  Warning: No components in dz\water_bliss\ponds\enoch_sitnicke_16.p3d:geometry
20:58:02.52  Warning: No components in dz\water_bliss\ponds\enoch_sitnicke_17.p3d:geometry
20:58:02.52  Warning: No components in dz\water_bliss\ponds\enoch_sitnicke_18.p3d:geometry
20:58:02.52  Warning: No components in dz\water_bliss\ponds\enoch_sitnicke_19.p3d:geometry
20:58:02.52  Warning: No components in dz\water_bliss\ponds\enoch_sitnicke_2.p3d:geometry
20:58:02.52  Warning: No components in dz\water_bliss\ponds\enoch_sitnicke_20.p3d:geometry
20:58:02.52  Warning: No components in dz\water_bliss\ponds\enoch_sitnicke_21.p3d:geometry
20:58:02.52  Warning: No components in dz\water_bliss\ponds\enoch_sitnicke_22.p3d:geometry
20:58:02.52  Warning: No components in dz\water_bliss\ponds\enoch_sitnicke_23.p3d:geometry
20:58:02.52  Warning: No components in dz\water_bliss\ponds\enoch_sitnicke_24.p3d:geometry
20:58:02.53  Warning: No components in dz\water_bliss\ponds\enoch_sitnicke_25.p3d:geometry
20:58:02.53  Warning: No components in dz\water_bliss\ponds\enoch_sitnicke_26.p3d:geometry
20:58:02.53  Warning: No components in dz\water_bliss\ponds\enoch_sitnicke_27.p3d:geometry
20:58:02.53  Warning: No components in dz\water_bliss\ponds\enoch_sitnicke_28.p3d:geometry
20:58:02.53  Warning: No components in dz\water_bliss\ponds\enoch_sitnicke_29.p3d:geometry
20:58:02.53  Warning: No components in dz\water_bliss\ponds\enoch_sitnicke_3.p3d:geometry
20:58:02.53  Warning: No components in dz\water_bliss\ponds\enoch_sitnicke_30.p3d:geometry
20:58:02.53  Warning: No components in dz\water_bliss\ponds\enoch_sitnicke_31.p3d:geometry
20:58:02.53  Warning: No components in dz\water_bliss\ponds\enoch_sitnicke_32.p3d:geometry
20:58:02.53  Warning: No components in dz\water_bliss\ponds\enoch_sitnicke_33.p3d:geometry
20:58:02.54  Warning: No components in dz\water_bliss\ponds\enoch_sitnicke_34.p3d:geometry
20:58:02.54  Warning: No components in dz\water_bliss\ponds\enoch_sitnicke_35.p3d:geometry
20:58:02.54  Warning: No components in dz\water_bliss\ponds\enoch_sitnicke_36.p3d:geometry
20:58:02.54  Warning: No components in dz\water_bliss\ponds\enoch_sitnicke_37.p3d:geometry
20:58:02.54  Warning: No components in dz\water_bliss\ponds\enoch_sitnicke_38.p3d:geometry
20:58:02.54  Warning: No components in dz\water_bliss\ponds\enoch_sitnicke_39.p3d:geometry
20:58:02.54  Warning: No components in dz\water_bliss\ponds\enoch_sitnicke_4.p3d:geometry
20:58:02.54  Warning: No components in dz\water_bliss\ponds\enoch_sitnicke_40.p3d:geometry
20:58:02.54  Warning: No components in dz\water_bliss\ponds\enoch_sitnicke_41.p3d:geometry
20:58:02.54  Warning: No components in dz\water_bliss\ponds\enoch_sitnicke_42.p3d:geometry
20:58:02.54  Warning: No components in dz\water_bliss\ponds\enoch_sitnicke_43.p3d:geometry
20:58:02.54  Warning: No components in dz\water_bliss\ponds\enoch_sitnicke_44.p3d:geometry
20:58:02.54  Warning: No components in dz\water_bliss\ponds\enoch_sitnicke_45.p3d:geometry
20:58:02.54  Warning: No components in dz\water_bliss\ponds\enoch_sitnicke_46.p3d:geometry
20:58:02.54  Warning: No components in dz\water_bliss\ponds\enoch_sitnicke_47.p3d:geometry
20:58:02.55  Warning: No components in dz\water_bliss\ponds\enoch_sitnicke_48.p3d:geometry
20:58:02.55  Warning: No components in dz\water_bliss\ponds\enoch_sitnicke_49.p3d:geometry
20:58:02.55  Warning: No components in dz\water_bliss\ponds\enoch_sitnicke_5.p3d:geometry
20:58:02.55  Warning: No components in dz\water_bliss\ponds\enoch_sitnicke_50.p3d:geometry
20:58:02.55  Warning: No components in dz\water_bliss\ponds\enoch_sitnicke_51.p3d:geometry
20:58:02.55  Warning: No components in dz\water_bliss\ponds\enoch_sitnicke_52.p3d:geometry
20:58:02.55  Warning: No components in dz\water_bliss\ponds\enoch_sitnicke_53.p3d:geometry
20:58:02.55  Warning: No components in dz\water_bliss\ponds\enoch_sitnicke_54.p3d:geometry
20:58:02.55  Warning: No components in dz\water_bliss\ponds\enoch_sitnicke_55.p3d:geometry
20:58:02.55  Warning: No components in dz\water_bliss\ponds\enoch_sitnicke_56.p3d:geometry
20:58:02.55  Warning: No components in dz\water_bliss\ponds\enoch_sitnicke_57.p3d:geometry
20:58:02.55  Warning: No components in dz\water_bliss\ponds\enoch_sitnicke_58.p3d:geometry
20:58:02.55  Warning: No components in dz\water_bliss\ponds\enoch_sitnicke_59.p3d:geometry
20:58:02.55  Warning: No components in dz\water_bliss\ponds\enoch_sitnicke_6.p3d:geometry
20:58:02.55  Warning: No components in dz\water_bliss\ponds\enoch_sitnicke_60.p3d:geometry
20:58:02.55  Warning: No components in dz\water_bliss\ponds\enoch_sitnicke_61.p3d:geometry
20:58:02.55  Warning: No components in dz\water_bliss\ponds\enoch_sitnicke_62.p3d:geometry
20:58:02.56  Warning: No components in dz\water_bliss\ponds\enoch_sitnicke_7.p3d:geometry
20:58:02.56  Warning: No components in dz\water_bliss\ponds\enoch_sitnicke_8.p3d:geometry
20:58:02.56  Warning: No components in dz\water_bliss\ponds\enoch_sitnicke_9.p3d:geometry
20:58:02.56  Warning: No components in dz\water_bliss\ponds\enoch_wolisko_1.p3d:geometry
20:58:02.56  Warning: No components in dz\water_bliss\ponds\enoch_wolisko_10.p3d:geometry
20:58:02.56  Warning: No components in dz\water_bliss\ponds\enoch_wolisko_11.p3d:geometry
20:58:02.56  Warning: No components in dz\water_bliss\ponds\enoch_wolisko_12.p3d:geometry
20:58:02.57  Warning: No components in dz\water_bliss\ponds\enoch_wolisko_13.p3d:geometry
20:58:02.60  Warning: No components in dz\water_bliss\ponds\enoch_wolisko_14.p3d:geometry
20:58:02.60  Warning: No components in dz\water_bliss\ponds\enoch_wolisko_15.p3d:geometry
20:58:02.60  Warning: No components in dz\water_bliss\ponds\enoch_wolisko_16.p3d:geometry
20:58:02.61  Warning: No components in dz\water_bliss\ponds\enoch_wolisko_17.p3d:geometry
20:58:02.61  Warning: No components in dz\water_bliss\ponds\enoch_wolisko_18.p3d:geometry
20:58:02.61  Warning: No components in dz\water_bliss\ponds\enoch_wolisko_19.p3d:geometry
20:58:02.61  Warning: No components in dz\water_bliss\ponds\enoch_wolisko_2.p3d:geometry
20:58:02.61  Warning: No components in dz\water_bliss\ponds\enoch_wolisko_20.p3d:geometry
20:58:02.61  Warning: No components in dz\water_bliss\ponds\enoch_wolisko_21.p3d:geometry
20:58:02.61  Warning: No components in dz\water_bliss\ponds\enoch_wolisko_22.p3d:geometry
20:58:02.61  Warning: No components in dz\water_bliss\ponds\enoch_wolisko_23.p3d:geometry
20:58:02.61  Warning: No components in dz\water_bliss\ponds\enoch_wolisko_24.p3d:geometry
20:58:02.61  Warning: No components in dz\water_bliss\ponds\enoch_wolisko_25.p3d:geometry
20:58:02.61  Warning: No components in dz\water_bliss\ponds\enoch_wolisko_26.p3d:geometry
20:58:02.61  Warning: No components in dz\water_bliss\ponds\enoch_wolisko_27.p3d:geometry
20:58:02.61  Warning: No components in dz\water_bliss\ponds\enoch_wolisko_28.p3d:geometry
20:58:02.61  Warning: No components in dz\water_bliss\ponds\enoch_wolisko_29.p3d:geometry
20:58:02.61  Warning: No components in dz\water_bliss\ponds\enoch_wolisko_3.p3d:geometry
20:58:02.61  Warning: No components in dz\water_bliss\ponds\enoch_wolisko_30.p3d:geometry
20:58:02.61  Warning: No components in dz\water_bliss\ponds\enoch_wolisko_31.p3d:geometry
20:58:02.61  Warning: No components in dz\water_bliss\ponds\enoch_wolisko_32.p3d:geometry
20:58:02.62  Warning: No components in dz\water_bliss\ponds\enoch_wolisko_33.p3d:geometry
20:58:02.62  Warning: No components in dz\water_bliss\ponds\enoch_wolisko_34.p3d:geometry
20:58:02.62  Warning: No components in dz\water_bliss\ponds\enoch_wolisko_35.p3d:geometry
20:58:02.62  Warning: No components in dz\water_bliss\ponds\enoch_wolisko_36.p3d:geometry
20:58:02.62  Warning: No components in dz\water_bliss\ponds\enoch_wolisko_38.p3d:geometry
20:58:02.62  Warning: No components in dz\water_bliss\ponds\enoch_wolisko_39.p3d:geometry
20:58:02.62  Warning: No components in dz\water_bliss\ponds\enoch_wolisko_4.p3d:geometry
20:58:02.62  Warning: No components in dz\water_bliss\ponds\enoch_wolisko_40.p3d:geometry
20:58:02.62  Warning: No components in dz\water_bliss\ponds\enoch_wolisko_41.p3d:geometry
20:58:02.62  Warning: No components in dz\water_bliss\ponds\enoch_wolisko_42.p3d:geometry
20:58:02.62  Warning: No components in dz\water_bliss\ponds\enoch_wolisko_43.p3d:geometry
20:58:02.63  Warning: No components in dz\water_bliss\ponds\enoch_wolisko_5.p3d:geometry
20:58:02.63  Warning: No components in dz\water_bliss\ponds\enoch_wolisko_6.p3d:geometry
20:58:02.63  Warning: No components in dz\water_bliss\ponds\enoch_wolisko_7.p3d:geometry
20:58:02.63  Warning: No components in dz\water_bliss\ponds\enoch_wolisko_8.p3d:geometry
20:58:02.63  Warning: No components in dz\water_bliss\ponds\enoch_wolisko_9.p3d:geometry
20:58:02.64  Warning: No components in dz\water_bliss\river\enoch_river_0.p3d:geometry
20:58:02.64  Warning: No components in dz\water_bliss\river\enoch_river_1.p3d:geometry
20:58:02.64  Warning: No components in dz\water_bliss\river\enoch_river_10.p3d:geometry
20:58:02.64  Warning: No components in dz\water_bliss\river\enoch_river_100.p3d:geometry
20:58:02.64  Warning: No components in dz\water_bliss\river\enoch_river_101.p3d:geometry
20:58:02.64  Warning: No components in dz\water_bliss\river\enoch_river_102.p3d:geometry
20:58:02.64  Warning: No components in dz\water_bliss\river\enoch_river_103.p3d:geometry
20:58:02.64  Warning: No components in dz\water_bliss\river\enoch_river_104.p3d:geometry
20:58:02.64  Warning: No components in dz\water_bliss\river\enoch_river_105.p3d:geometry
20:58:02.65  Warning: No components in dz\water_bliss\river\enoch_river_106.p3d:geometry
20:58:02.65  Warning: No components in dz\water_bliss\river\enoch_river_107.p3d:geometry
20:58:02.65  Warning: No components in dz\water_bliss\river\enoch_river_108.p3d:geometry
20:58:02.65  Warning: No components in dz\water_bliss\river\enoch_river_109.p3d:geometry
20:58:02.65  Warning: No components in dz\water_bliss\river\enoch_river_11.p3d:geometry
20:58:02.65  Warning: No components in dz\water_bliss\river\enoch_river_110.p3d:geometry
20:58:02.65  Warning: No components in dz\water_bliss\river\enoch_river_111.p3d:geometry
20:58:02.65  Warning: No components in dz\water_bliss\river\enoch_river_112.p3d:geometry
20:58:02.65  Warning: No components in dz\water_bliss\river\enoch_river_113.p3d:geometry
20:58:02.65  Warning: No components in dz\water_bliss\river\enoch_river_114.p3d:geometry
20:58:02.65  Warning: No components in dz\water_bliss\river\enoch_river_115.p3d:geometry
20:58:02.65  Warning: No components in dz\water_bliss\river\enoch_river_116.p3d:geometry
20:58:02.65  Warning: No components in dz\water_bliss\river\enoch_river_117.p3d:geometry
20:58:02.65  Warning: No components in dz\water_bliss\river\enoch_river_118.p3d:geometry
20:58:02.65  Warning: No components in dz\water_bliss\river\enoch_river_119.p3d:geometry
20:58:02.65  Warning: No components in dz\water_bliss\river\enoch_river_12.p3d:geometry
20:58:02.65  Warning: No components in dz\water_bliss\river\enoch_river_120.p3d:geometry
20:58:02.65  Warning: No components in dz\water_bliss\river\enoch_river_121.p3d:geometry
20:58:02.66  Warning: No components in dz\water_bliss\river\enoch_river_122.p3d:geometry
20:58:02.66  Warning: No components in dz\water_bliss\river\enoch_river_123.p3d:geometry
20:58:02.66  Warning: No components in dz\water_bliss\river\enoch_river_124.p3d:geometry
20:58:02.66  Warning: No components in dz\water_bliss\river\enoch_river_125.p3d:geometry
20:58:02.66  Warning: No components in dz\water_bliss\river\enoch_river_126.p3d:geometry
20:58:02.66  Warning: No components in dz\water_bliss\river\enoch_river_127.p3d:geometry
20:58:02.66  Warning: No components in dz\water_bliss\river\enoch_river_128.p3d:geometry
20:58:02.66  Warning: No components in dz\water_bliss\river\enoch_river_129.p3d:geometry
20:58:02.66  Warning: No components in dz\water_bliss\river\enoch_river_13.p3d:geometry
20:58:02.66  Warning: No components in dz\water_bliss\river\enoch_river_130.p3d:geometry
20:58:02.66  Warning: No components in dz\water_bliss\river\enoch_river_131.p3d:geometry
20:58:02.66  Warning: No components in dz\water_bliss\river\enoch_river_132.p3d:geometry
20:58:02.67  Warning: No components in dz\water_bliss\river\enoch_river_133.p3d:geometry
20:58:02.67  Warning: No components in dz\water_bliss\river\enoch_river_134.p3d:geometry
20:58:02.67  Warning: No components in dz\water_bliss\river\enoch_river_135.p3d:geometry
20:58:02.67  Warning: No components in dz\water_bliss\river\enoch_river_136.p3d:geometry
20:58:02.67  Warning: No components in dz\water_bliss\river\enoch_river_137.p3d:geometry
20:58:02.67  Warning: No components in dz\water_bliss\river\enoch_river_138.p3d:geometry
20:58:02.67  Warning: No components in dz\water_bliss\river\enoch_river_139.p3d:geometry
20:58:02.67  Warning: No components in dz\water_bliss\river\enoch_river_14.p3d:geometry
20:58:02.67  Warning: No components in dz\water_bliss\river\enoch_river_140.p3d:geometry
20:58:02.67  Warning: No components in dz\water_bliss\river\enoch_river_141.p3d:geometry
20:58:02.67  Warning: No components in dz\water_bliss\river\enoch_river_142.p3d:geometry
20:58:02.67  Warning: No components in dz\water_bliss\river\enoch_river_143.p3d:geometry
20:58:02.67  Warning: No components in dz\water_bliss\river\enoch_river_144.p3d:geometry
20:58:02.67  Warning: No components in dz\water_bliss\river\enoch_river_145.p3d:geometry
20:58:02.67  Warning: No components in dz\water_bliss\river\enoch_river_146.p3d:geometry
20:58:02.68  Warning: No components in dz\water_bliss\river\enoch_river_147.p3d:geometry
20:58:02.68  Warning: No components in dz\water_bliss\river\enoch_river_148.p3d:geometry
20:58:02.68  Warning: No components in dz\water_bliss\river\enoch_river_149.p3d:geometry
20:58:02.68  Warning: No components in dz\water_bliss\river\enoch_river_15.p3d:geometry
20:58:02.68  Warning: No components in dz\water_bliss\river\enoch_river_150.p3d:geometry
20:58:02.68  Warning: No components in dz\water_bliss\river\enoch_river_151.p3d:geometry
20:58:02.68  Warning: No components in dz\water_bliss\river\enoch_river_152.p3d:geometry
20:58:02.68  Warning: No components in dz\water_bliss\river\enoch_river_153.p3d:geometry
20:58:02.68  Warning: No components in dz\water_bliss\river\enoch_river_154.p3d:geometry
20:58:02.68  Warning: No components in dz\water_bliss\river\enoch_river_155.p3d:geometry
20:58:02.68  Warning: No components in dz\water_bliss\river\enoch_river_156.p3d:geometry
20:58:02.68  Warning: No components in dz\water_bliss\river\enoch_river_157.p3d:geometry
20:58:02.69  Warning: No components in dz\water_bliss\river\enoch_river_158.p3d:geometry
20:58:02.69  Warning: No components in dz\water_bliss\river\enoch_river_159.p3d:geometry
20:58:02.69  Warning: No components in dz\water_bliss\river\enoch_river_16.p3d:geometry
20:58:02.69  Warning: No components in dz\water_bliss\river\enoch_river_160.p3d:geometry
20:58:02.69  Warning: No components in dz\water_bliss\river\enoch_river_161.p3d:geometry
20:58:02.69  Warning: No components in dz\water_bliss\river\enoch_river_162.p3d:geometry
20:58:02.69  Warning: No components in dz\water_bliss\river\enoch_river_163.p3d:geometry
20:58:02.69  Warning: No components in dz\water_bliss\river\enoch_river_164.p3d:geometry
20:58:02.69  Warning: No components in dz\water_bliss\river\enoch_river_165.p3d:geometry
20:58:02.69  Warning: No components in dz\water_bliss\river\enoch_river_166.p3d:geometry
20:58:02.69  Warning: No components in dz\water_bliss\river\enoch_river_167.p3d:geometry
20:58:02.70  Warning: No components in dz\water_bliss\river\enoch_river_168.p3d:geometry
20:58:02.70  Warning: No components in dz\water_bliss\river\enoch_river_169.p3d:geometry
20:58:02.70  Warning: No components in dz\water_bliss\river\enoch_river_17.p3d:geometry
20:58:02.70  Warning: No components in dz\water_bliss\river\enoch_river_170.p3d:geometry
20:58:02.70  Warning: No components in dz\water_bliss\river\enoch_river_171.p3d:geometry
20:58:02.70  Warning: No components in dz\water_bliss\river\enoch_river_172.p3d:geometry
20:58:02.70  Warning: No components in dz\water_bliss\river\enoch_river_173.p3d:geometry
20:58:02.70  Warning: No components in dz\water_bliss\river\enoch_river_174.p3d:geometry
20:58:02.70  Warning: No components in dz\water_bliss\river\enoch_river_175.p3d:geometry
20:58:02.70  Warning: No components in dz\water_bliss\river\enoch_river_176.p3d:geometry
20:58:02.70  Warning: No components in dz\water_bliss\river\enoch_river_177.p3d:geometry
20:58:02.70  Warning: No components in dz\water_bliss\river\enoch_river_178.p3d:geometry
20:58:02.70  Warning: No components in dz\water_bliss\river\enoch_river_179.p3d:geometry
20:58:02.70  Warning: No components in dz\water_bliss\river\enoch_river_18.p3d:geometry
20:58:02.70  Warning: No components in dz\water_bliss\river\enoch_river_180.p3d:geometry
20:58:02.70  Warning: No components in dz\water_bliss\river\enoch_river_181.p3d:geometry
20:58:02.70  Warning: No components in dz\water_bliss\river\enoch_river_182.p3d:geometry
20:58:02.70  Warning: No components in dz\water_bliss\river\enoch_river_183.p3d:geometry
20:58:02.70  Warning: No components in dz\water_bliss\river\enoch_river_184.p3d:geometry
20:58:02.71  Warning: No components in dz\water_bliss\river\enoch_river_185.p3d:geometry
20:58:02.71  Warning: No components in dz\water_bliss\river\enoch_river_186.p3d:geometry
20:58:02.71  Warning: No components in dz\water_bliss\river\enoch_river_187.p3d:geometry
20:58:02.71  Warning: No components in dz\water_bliss\river\enoch_river_188.p3d:geometry
20:58:02.71  Warning: No components in dz\water_bliss\river\enoch_river_189.p3d:geometry
20:58:02.71  Warning: No components in dz\water_bliss\river\enoch_river_19.p3d:geometry
20:58:02.71  Warning: No components in dz\water_bliss\river\enoch_river_190.p3d:geometry
20:58:02.71  Warning: No components in dz\water_bliss\river\enoch_river_191.p3d:geometry
20:58:02.71  Warning: No components in dz\water_bliss\river\enoch_river_192.p3d:geometry
20:58:02.71  Warning: No components in dz\water_bliss\river\enoch_river_193.p3d:geometry
20:58:02.71  Warning: No components in dz\water_bliss\river\enoch_river_194.p3d:geometry
20:58:02.71  Warning: No components in dz\water_bliss\river\enoch_river_195.p3d:geometry
20:58:02.72  Warning: No components in dz\water_bliss\river\enoch_river_196.p3d:geometry
20:58:02.72  Warning: No components in dz\water_bliss\river\enoch_river_197.p3d:geometry
20:58:02.72  Warning: No components in dz\water_bliss\river\enoch_river_198.p3d:geometry
20:58:02.72  Warning: No components in dz\water_bliss\river\enoch_river_199.p3d:geometry
20:58:02.72  Warning: No components in dz\water_bliss\river\enoch_river_2.p3d:geometry
20:58:02.72  Warning: No components in dz\water_bliss\river\enoch_river_20.p3d:geometry
20:58:02.72  Warning: No components in dz\water_bliss\river\enoch_river_200.p3d:geometry
20:58:02.72  Warning: No components in dz\water_bliss\river\enoch_river_201.p3d:geometry
20:58:02.72  Warning: No components in dz\water_bliss\river\enoch_river_202.p3d:geometry
20:58:02.72  Warning: No components in dz\water_bliss\river\enoch_river_203.p3d:geometry
20:58:02.72  Warning: No components in dz\water_bliss\river\enoch_river_204.p3d:geometry
20:58:02.72  Warning: No components in dz\water_bliss\river\enoch_river_205.p3d:geometry
20:58:02.73  Warning: No components in dz\water_bliss\river\enoch_river_206.p3d:geometry
20:58:02.73  Warning: No components in dz\water_bliss\river\enoch_river_207.p3d:geometry
20:58:02.73  Warning: No components in dz\water_bliss\river\enoch_river_208.p3d:geometry
20:58:02.73  Warning: No components in dz\water_bliss\river\enoch_river_209.p3d:geometry
20:58:02.73  Warning: No components in dz\water_bliss\river\enoch_river_21.p3d:geometry
20:58:02.73  Warning: No components in dz\water_bliss\river\enoch_river_210.p3d:geometry
20:58:02.73  Warning: No components in dz\water_bliss\river\enoch_river_211.p3d:geometry
20:58:02.73  Warning: No components in dz\water_bliss\river\enoch_river_212.p3d:geometry
20:58:02.73  Warning: No components in dz\water_bliss\river\enoch_river_213.p3d:geometry
20:58:02.73  Warning: No components in dz\water_bliss\river\enoch_river_214.p3d:geometry
20:58:02.73  Warning: No components in dz\water_bliss\river\enoch_river_215.p3d:geometry
20:58:02.74  Warning: No components in dz\water_bliss\river\enoch_river_216.p3d:geometry
20:58:02.74  Warning: No components in dz\water_bliss\river\enoch_river_217.p3d:geometry
20:58:02.74  Warning: No components in dz\water_bliss\river\enoch_river_218.p3d:geometry
20:58:02.74  Warning: No components in dz\water_bliss\river\enoch_river_219.p3d:geometry
20:58:02.74  Warning: No components in dz\water_bliss\river\enoch_river_22.p3d:geometry
20:58:02.74  Warning: No components in dz\water_bliss\river\enoch_river_220.p3d:geometry
20:58:02.74  Warning: No components in dz\water_bliss\river\enoch_river_221.p3d:geometry
20:58:02.75  Warning: No components in dz\water_bliss\river\enoch_river_222.p3d:geometry
20:58:02.75  Warning: No components in dz\water_bliss\river\enoch_river_223.p3d:geometry
20:58:02.75  Warning: No components in dz\water_bliss\river\enoch_river_224.p3d:geometry
20:58:02.75  Warning: No components in dz\water_bliss\river\enoch_river_225.p3d:geometry
20:58:02.75  Warning: No components in dz\water_bliss\river\enoch_river_226.p3d:geometry
20:58:02.75  Warning: No components in dz\water_bliss\river\enoch_river_227.p3d:geometry
20:58:02.75  Warning: No components in dz\water_bliss\river\enoch_river_228.p3d:geometry
20:58:02.76  Warning: No components in dz\water_bliss\river\enoch_river_229.p3d:geometry
20:58:02.76  Warning: No components in dz\water_bliss\river\enoch_river_23.p3d:geometry
20:58:02.76  Warning: No components in dz\water_bliss\river\enoch_river_230.p3d:geometry
20:58:02.76  Warning: No components in dz\water_bliss\river\enoch_river_231.p3d:geometry
20:58:02.76  Warning: No components in dz\water_bliss\river\enoch_river_232.p3d:geometry
20:58:02.76  Warning: No components in dz\water_bliss\river\enoch_river_233.p3d:geometry
20:58:02.76  Warning: No components in dz\water_bliss\river\enoch_river_234.p3d:geometry
20:58:02.76  Warning: No components in dz\water_bliss\river\enoch_river_235.p3d:geometry
20:58:02.76  Warning: No components in dz\water_bliss\river\enoch_river_236.p3d:geometry
20:58:02.76  Warning: No components in dz\water_bliss\river\enoch_river_237.p3d:geometry
20:58:02.76  Warning: No components in dz\water_bliss\river\enoch_river_238.p3d:geometry
20:58:02.76  Warning: No components in dz\water_bliss\river\enoch_river_239.p3d:geometry
20:58:02.76  Warning: No components in dz\water_bliss\river\enoch_river_24.p3d:geometry
20:58:02.76  Warning: No components in dz\water_bliss\river\enoch_river_240.p3d:geometry
20:58:02.76  Warning: No components in dz\water_bliss\river\enoch_river_241.p3d:geometry
20:58:02.76  Warning: No components in dz\water_bliss\river\enoch_river_242.p3d:geometry
20:58:02.76  Warning: No components in dz\water_bliss\river\enoch_river_243.p3d:geometry
20:58:02.76  Warning: No components in dz\water_bliss\river\enoch_river_244.p3d:geometry
20:58:02.77  Warning: No components in dz\water_bliss\river\enoch_river_245.p3d:geometry
20:58:02.77  Warning: No components in dz\water_bliss\river\enoch_river_246.p3d:geometry
20:58:02.77  Warning: No components in dz\water_bliss\river\enoch_river_247.p3d:geometry
20:58:02.77  Warning: No components in dz\water_bliss\river\enoch_river_248.p3d:geometry
20:58:02.77  Warning: No components in dz\water_bliss\river\enoch_river_249.p3d:geometry
20:58:02.77  Warning: No components in dz\water_bliss\river\enoch_river_25.p3d:geometry
20:58:02.77  Warning: No components in dz\water_bliss\river\enoch_river_250.p3d:geometry
20:58:02.77  Warning: No components in dz\water_bliss\river\enoch_river_251.p3d:geometry
20:58:02.77  Warning: No components in dz\water_bliss\river\enoch_river_252.p3d:geometry
20:58:02.77  Warning: No components in dz\water_bliss\river\enoch_river_253.p3d:geometry
20:58:02.77  Warning: No components in dz\water_bliss\river\enoch_river_254.p3d:geometry
20:58:02.77  Warning: No components in dz\water_bliss\river\enoch_river_255.p3d:geometry
20:58:02.77  Warning: No components in dz\water_bliss\river\enoch_river_256.p3d:geometry
20:58:02.77  Warning: No components in dz\water_bliss\river\enoch_river_257.p3d:geometry
20:58:02.78  Warning: No components in dz\water_bliss\river\enoch_river_258.p3d:geometry
20:58:02.78  Warning: No components in dz\water_bliss\river\enoch_river_259.p3d:geometry
20:58:02.78  Warning: No components in dz\water_bliss\river\enoch_river_26.p3d:geometry
20:58:02.78  Warning: No components in dz\water_bliss\river\enoch_river_260.p3d:geometry
20:58:02.78  Warning: No components in dz\water_bliss\river\enoch_river_261.p3d:geometry
20:58:02.78  Warning: No components in dz\water_bliss\river\enoch_river_262.p3d:geometry
20:58:02.78  Warning: No components in dz\water_bliss\river\enoch_river_263.p3d:geometry
20:58:02.78  Warning: No components in dz\water_bliss\river\enoch_river_264.p3d:geometry
20:58:02.78  Warning: No components in dz\water_bliss\river\enoch_river_265.p3d:geometry
20:58:02.78  Warning: No components in dz\water_bliss\river\enoch_river_266.p3d:geometry
20:58:02.78  Warning: No components in dz\water_bliss\river\enoch_river_267.p3d:geometry
20:58:02.78  Warning: No components in dz\water_bliss\river\enoch_river_268.p3d:geometry
20:58:02.78  Warning: No components in dz\water_bliss\river\enoch_river_269.p3d:geometry
20:58:02.78  Warning: No components in dz\water_bliss\river\enoch_river_27.p3d:geometry
20:58:02.79  Warning: No components in dz\water_bliss\river\enoch_river_270.p3d:geometry
20:58:02.79  Warning: No components in dz\water_bliss\river\enoch_river_271.p3d:geometry
20:58:02.79  Warning: No components in dz\water_bliss\river\enoch_river_272.p3d:geometry
20:58:02.79  Warning: No components in dz\water_bliss\river\enoch_river_273.p3d:geometry
20:58:02.79  Warning: No components in dz\water_bliss\river\enoch_river_274.p3d:geometry
20:58:02.79  Warning: No components in dz\water_bliss\river\enoch_river_275.p3d:geometry
20:58:02.79  Warning: No components in dz\water_bliss\river\enoch_river_276.p3d:geometry
20:58:02.79  Warning: No components in dz\water_bliss\river\enoch_river_277.p3d:geometry
20:58:02.79  Warning: No components in dz\water_bliss\river\enoch_river_278.p3d:geometry
20:58:02.79  Warning: No components in dz\water_bliss\river\enoch_river_279.p3d:geometry
20:58:02.79  Warning: No components in dz\water_bliss\river\enoch_river_28.p3d:geometry
20:58:02.79  Warning: No components in dz\water_bliss\river\enoch_river_280.p3d:geometry
20:58:02.79  Warning: No components in dz\water_bliss\river\enoch_river_281.p3d:geometry
20:58:02.79  Warning: No components in dz\water_bliss\river\enoch_river_282.p3d:geometry
20:58:02.80  Warning: No components in dz\water_bliss\river\enoch_river_283.p3d:geometry
20:58:02.80  Warning: No components in dz\water_bliss\river\enoch_river_284.p3d:geometry
20:58:02.80  Warning: No components in dz\water_bliss\river\enoch_river_285.p3d:geometry
20:58:02.80  Warning: No components in dz\water_bliss\river\enoch_river_286.p3d:geometry
20:58:02.80  Warning: No components in dz\water_bliss\river\enoch_river_287.p3d:geometry
20:58:02.80  Warning: No components in dz\water_bliss\river\enoch_river_288.p3d:geometry
20:58:02.80  Warning: No components in dz\water_bliss\river\enoch_river_289.p3d:geometry
20:58:02.80  Warning: No components in dz\water_bliss\river\enoch_river_29.p3d:geometry
20:58:02.80  Warning: No components in dz\water_bliss\river\enoch_river_290.p3d:geometry
20:58:02.81  Warning: No components in dz\water_bliss\river\enoch_river_291.p3d:geometry
20:58:02.81  Warning: No components in dz\water_bliss\river\enoch_river_292.p3d:geometry
20:58:02.81  Warning: No components in dz\water_bliss\river\enoch_river_293.p3d:geometry
20:58:02.81  Warning: No components in dz\water_bliss\river\enoch_river_294.p3d:geometry
20:58:02.81  Warning: No components in dz\water_bliss\river\enoch_river_295.p3d:geometry
20:58:02.81  Warning: No components in dz\water_bliss\river\enoch_river_296.p3d:geometry
20:58:02.81  Warning: No components in dz\water_bliss\river\enoch_river_297.p3d:geometry
20:58:02.81  Warning: No components in dz\water_bliss\river\enoch_river_298.p3d:geometry
20:58:02.81  Warning: No components in dz\water_bliss\river\enoch_river_299.p3d:geometry
20:58:02.81  Warning: No components in dz\water_bliss\river\enoch_river_3.p3d:geometry
20:58:02.81  Warning: No components in dz\water_bliss\river\enoch_river_30.p3d:geometry
20:58:02.82  Warning: No components in dz\water_bliss\river\enoch_river_300.p3d:geometry
20:58:02.82  Warning: No components in dz\water_bliss\river\enoch_river_301.p3d:geometry
20:58:02.82  Warning: No components in dz\water_bliss\river\enoch_river_302.p3d:geometry
20:58:02.82  Warning: No components in dz\water_bliss\river\enoch_river_303.p3d:geometry
20:58:02.82  Warning: No components in dz\water_bliss\river\enoch_river_304.p3d:geometry
20:58:02.82  Warning: No components in dz\water_bliss\river\enoch_river_305.p3d:geometry
20:58:02.82  Warning: No components in dz\water_bliss\river\enoch_river_306.p3d:geometry
20:58:02.82  Warning: No components in dz\water_bliss\river\enoch_river_307.p3d:geometry
20:58:02.82  Warning: No components in dz\water_bliss\river\enoch_river_308.p3d:geometry
20:58:02.82  Warning: No components in dz\water_bliss\river\enoch_river_309.p3d:geometry
20:58:02.82  Warning: No components in dz\water_bliss\river\enoch_river_31.p3d:geometry
20:58:02.82  Warning: No components in dz\water_bliss\river\enoch_river_310.p3d:geometry
20:58:02.83  Warning: No components in dz\water_bliss\river\enoch_river_311.p3d:geometry
20:58:02.83  Warning: No components in dz\water_bliss\river\enoch_river_312.p3d:geometry
20:58:02.83  Warning: No components in dz\water_bliss\river\enoch_river_313.p3d:geometry
20:58:02.83  Warning: No components in dz\water_bliss\river\enoch_river_314.p3d:geometry
20:58:02.83  Warning: No components in dz\water_bliss\river\enoch_river_315.p3d:geometry
20:58:02.83  Warning: No components in dz\water_bliss\river\enoch_river_316.p3d:geometry
20:58:02.83  Warning: No components in dz\water_bliss\river\enoch_river_317.p3d:geometry
20:58:02.83  Warning: No components in dz\water_bliss\river\enoch_river_318.p3d:geometry
20:58:02.83  Warning: No components in dz\water_bliss\river\enoch_river_319.p3d:geometry
20:58:02.83  Warning: No components in dz\water_bliss\river\enoch_river_32.p3d:geometry
20:58:02.83  Warning: No components in dz\water_bliss\river\enoch_river_320.p3d:geometry
20:58:02.83  Warning: No components in dz\water_bliss\river\enoch_river_321.p3d:geometry
20:58:02.83  Warning: No components in dz\water_bliss\river\enoch_river_322.p3d:geometry
20:58:02.84  Warning: No components in dz\water_bliss\river\enoch_river_323.p3d:geometry
20:58:02.84  Warning: No components in dz\water_bliss\river\enoch_river_324.p3d:geometry
20:58:02.84  Warning: No components in dz\water_bliss\river\enoch_river_325.p3d:geometry
20:58:02.84  Warning: No components in dz\water_bliss\river\enoch_river_326.p3d:geometry
20:58:02.85  Warning: No components in dz\water_bliss\river\enoch_river_327.p3d:geometry
20:58:02.85  Warning: No components in dz\water_bliss\river\enoch_river_328.p3d:geometry
20:58:02.85  Warning: No components in dz\water_bliss\river\enoch_river_329.p3d:geometry
20:58:02.85  Warning: No components in dz\water_bliss\river\enoch_river_33.p3d:geometry
20:58:02.85  Warning: No components in dz\water_bliss\river\enoch_river_330.p3d:geometry
20:58:02.85  Warning: No components in dz\water_bliss\river\enoch_river_331.p3d:geometry
20:58:02.85  Warning: No components in dz\water_bliss\river\enoch_river_332.p3d:geometry
20:58:02.85  Warning: No components in dz\water_bliss\river\enoch_river_333.p3d:geometry
20:58:02.85  Warning: No components in dz\water_bliss\river\enoch_river_334.p3d:geometry
20:58:02.85  Warning: No components in dz\water_bliss\river\enoch_river_335.p3d:geometry
20:58:02.85  Warning: No components in dz\water_bliss\river\enoch_river_336.p3d:geometry
20:58:02.85  Warning: No components in dz\water_bliss\river\enoch_river_337.p3d:geometry
20:58:02.86  Warning: No components in dz\water_bliss\river\enoch_river_338.p3d:geometry
20:58:02.86  Warning: No components in dz\water_bliss\river\enoch_river_339.p3d:geometry
20:58:02.86  Warning: No components in dz\water_bliss\river\enoch_river_34.p3d:geometry
20:58:02.86  Warning: No components in dz\water_bliss\river\enoch_river_340.p3d:geometry
20:58:02.86  Warning: No components in dz\water_bliss\river\enoch_river_341.p3d:geometry
20:58:02.86  Warning: No components in dz\water_bliss\river\enoch_river_342.p3d:geometry
20:58:02.86  Warning: No components in dz\water_bliss\river\enoch_river_343.p3d:geometry
20:58:02.86  Warning: No components in dz\water_bliss\river\enoch_river_344.p3d:geometry
20:58:02.86  Warning: No components in dz\water_bliss\river\enoch_river_345.p3d:geometry
20:58:02.86  Warning: No components in dz\water_bliss\river\enoch_river_346.p3d:geometry
20:58:02.86  Warning: No components in dz\water_bliss\river\enoch_river_347.p3d:geometry
20:58:02.86  Warning: No components in dz\water_bliss\river\enoch_river_348.p3d:geometry
20:58:02.86  Warning: No components in dz\water_bliss\river\enoch_river_349.p3d:geometry
20:58:02.86  Warning: No components in dz\water_bliss\river\enoch_river_35.p3d:geometry
20:58:02.86  Warning: No components in dz\water_bliss\river\enoch_river_350.p3d:geometry
20:58:02.87  Warning: No components in dz\water_bliss\river\enoch_river_351.p3d:geometry
20:58:02.87  Warning: No components in dz\water_bliss\river\enoch_river_352.p3d:geometry
20:58:02.87  Warning: No components in dz\water_bliss\river\enoch_river_353.p3d:geometry
20:58:02.87  Warning: No components in dz\water_bliss\river\enoch_river_354.p3d:geometry
20:58:02.87  Warning: No components in dz\water_bliss\river\enoch_river_355.p3d:geometry
20:58:02.87  Warning: No components in dz\water_bliss\river\enoch_river_356.p3d:geometry
20:58:02.87  Warning: No components in dz\water_bliss\river\enoch_river_357.p3d:geometry
20:58:02.87  Warning: No components in dz\water_bliss\river\enoch_river_358.p3d:geometry
20:58:02.87  Warning: No components in dz\water_bliss\river\enoch_river_359.p3d:geometry
20:58:02.88  Warning: No components in dz\water_bliss\river\enoch_river_36.p3d:geometry
20:58:02.88  Warning: No components in dz\water_bliss\river\enoch_river_360.p3d:geometry
20:58:02.88  Warning: No components in dz\water_bliss\river\enoch_river_361.p3d:geometry
20:58:02.88  Warning: No components in dz\water_bliss\river\enoch_river_362.p3d:geometry
20:58:02.88  Warning: No components in dz\water_bliss\river\enoch_river_363.p3d:geometry
20:58:02.88  Warning: No components in dz\water_bliss\river\enoch_river_364.p3d:geometry
20:58:02.88  Warning: No components in dz\water_bliss\river\enoch_river_365.p3d:geometry
20:58:02.89  Warning: No components in dz\water_bliss\river\enoch_river_366.p3d:geometry
20:58:02.89  Warning: No components in dz\water_bliss\river\enoch_river_367.p3d:geometry
20:58:02.89  Warning: No components in dz\water_bliss\river\enoch_river_368.p3d:geometry
20:58:02.89  Warning: No components in dz\water_bliss\river\enoch_river_369.p3d:geometry
20:58:02.89  Warning: No components in dz\water_bliss\river\enoch_river_37.p3d:geometry
20:58:02.89  Warning: No components in dz\water_bliss\river\enoch_river_370.p3d:geometry
20:58:02.89  Warning: No components in dz\water_bliss\river\enoch_river_371.p3d:geometry
20:58:02.89  Warning: No components in dz\water_bliss\river\enoch_river_372.p3d:geometry
20:58:02.89  Warning: No components in dz\water_bliss\river\enoch_river_373.p3d:geometry
20:58:02.89  Warning: No components in dz\water_bliss\river\enoch_river_374.p3d:geometry
20:58:02.89  Warning: No components in dz\water_bliss\river\enoch_river_375.p3d:geometry
20:58:02.89  Warning: No components in dz\water_bliss\river\enoch_river_376.p3d:geometry
20:58:02.89  Warning: No components in dz\water_bliss\river\enoch_river_377.p3d:geometry
20:58:02.90  Warning: No components in dz\water_bliss\river\enoch_river_378.p3d:geometry
20:58:02.90  Warning: No components in dz\water_bliss\river\enoch_river_379.p3d:geometry
20:58:02.90  Warning: No components in dz\water_bliss\river\enoch_river_38.p3d:geometry
20:58:02.90  Warning: No components in dz\water_bliss\river\enoch_river_380.p3d:geometry
20:58:02.90  Warning: No components in dz\water_bliss\river\enoch_river_381.p3d:geometry
20:58:02.90  Warning: No components in dz\water_bliss\river\enoch_river_382.p3d:geometry
20:58:02.90  Warning: No components in dz\water_bliss\river\enoch_river_383.p3d:geometry
20:58:02.90  Warning: No components in dz\water_bliss\river\enoch_river_384.p3d:geometry
20:58:02.90  Warning: No components in dz\water_bliss\river\enoch_river_385.p3d:geometry
20:58:02.90  Warning: No components in dz\water_bliss\river\enoch_river_386.p3d:geometry
20:58:02.90  Warning: No components in dz\water_bliss\river\enoch_river_387.p3d:geometry
20:58:02.90  Warning: No components in dz\water_bliss\river\enoch_river_388.p3d:geometry
20:58:02.90  Warning: No components in dz\water_bliss\river\enoch_river_389.p3d:geometry
20:58:02.90  Warning: No components in dz\water_bliss\river\enoch_river_39.p3d:geometry
20:58:02.90  Warning: No components in dz\water_bliss\river\enoch_river_390.p3d:geometry
20:58:02.91  Warning: No components in dz\water_bliss\river\enoch_river_391.p3d:geometry
20:58:02.91  Warning: No components in dz\water_bliss\river\enoch_river_392.p3d:geometry
20:58:02.91  Warning: No components in dz\water_bliss\river\enoch_river_393.p3d:geometry
20:58:02.91  Warning: No components in dz\water_bliss\river\enoch_river_394.p3d:geometry
20:58:02.91  Warning: No components in dz\water_bliss\river\enoch_river_395.p3d:geometry
20:58:02.92  Warning: No components in dz\water_bliss\river\enoch_river_396.p3d:geometry
20:58:02.92  Warning: No components in dz\water_bliss\river\enoch_river_397.p3d:geometry
20:58:02.92  Warning: No components in dz\water_bliss\river\enoch_river_398.p3d:geometry
20:58:02.92  Warning: No components in dz\water_bliss\river\enoch_river_399.p3d:geometry
20:58:02.92  Warning: No components in dz\water_bliss\river\enoch_river_4.p3d:geometry
20:58:02.92  Warning: No components in dz\water_bliss\river\enoch_river_40.p3d:geometry
20:58:02.92  Warning: No components in dz\water_bliss\river\enoch_river_400.p3d:geometry
20:58:02.92  Warning: No components in dz\water_bliss\river\enoch_river_401.p3d:geometry
20:58:02.92  Warning: No components in dz\water_bliss\river\enoch_river_402.p3d:geometry
20:58:02.93  Warning: No components in dz\water_bliss\river\enoch_river_403.p3d:geometry
20:58:02.93  Warning: No components in dz\water_bliss\river\enoch_river_404.p3d:geometry
20:58:02.93  Warning: No components in dz\water_bliss\river\enoch_river_405.p3d:geometry
20:58:02.93  Warning: No components in dz\water_bliss\river\enoch_river_406.p3d:geometry
20:58:02.93  Warning: No components in dz\water_bliss\river\enoch_river_407.p3d:geometry
20:58:02.93  Warning: No components in dz\water_bliss\river\enoch_river_408.p3d:geometry
20:58:02.93  Warning: No components in dz\water_bliss\river\enoch_river_409.p3d:geometry
20:58:02.93  Warning: No components in dz\water_bliss\river\enoch_river_41.p3d:geometry
20:58:02.93  Warning: No components in dz\water_bliss\river\enoch_river_410.p3d:geometry
20:58:02.93  Warning: No components in dz\water_bliss\river\enoch_river_411.p3d:geometry
20:58:02.93  Warning: No components in dz\water_bliss\river\enoch_river_412.p3d:geometry
20:58:02.93  Warning: No components in dz\water_bliss\river\enoch_river_413.p3d:geometry
20:58:02.93  Warning: No components in dz\water_bliss\river\enoch_river_414.p3d:geometry
20:58:02.93  Warning: No components in dz\water_bliss\river\enoch_river_415.p3d:geometry
20:58:02.93  Warning: No components in dz\water_bliss\river\enoch_river_416.p3d:geometry
20:58:02.94  Warning: No components in dz\water_bliss\river\enoch_river_417.p3d:geometry
20:58:02.94  Warning: No components in dz\water_bliss\river\enoch_river_418.p3d:geometry
20:58:02.94  Warning: No components in dz\water_bliss\river\enoch_river_419.p3d:geometry
20:58:02.94  Warning: No components in dz\water_bliss\river\enoch_river_42.p3d:geometry
20:58:02.94  Warning: No components in dz\water_bliss\river\enoch_river_420.p3d:geometry
20:58:02.94  Warning: No components in dz\water_bliss\river\enoch_river_421.p3d:geometry
20:58:02.94  Warning: No components in dz\water_bliss\river\enoch_river_422.p3d:geometry
20:58:02.94  Warning: No components in dz\water_bliss\river\enoch_river_423.p3d:geometry
20:58:02.94  Warning: No components in dz\water_bliss\river\enoch_river_424.p3d:geometry
20:58:02.94  Warning: No components in dz\water_bliss\river\enoch_river_425.p3d:geometry
20:58:02.95  Warning: No components in dz\water_bliss\river\enoch_river_426.p3d:geometry
20:58:02.95  Warning: No components in dz\water_bliss\river\enoch_river_427.p3d:geometry
20:58:02.95  Warning: No components in dz\water_bliss\river\enoch_river_428.p3d:geometry
20:58:02.95  Warning: No components in dz\water_bliss\river\enoch_river_429.p3d:geometry
20:58:02.95  Warning: No components in dz\water_bliss\river\enoch_river_43.p3d:geometry
20:58:02.95  Warning: No components in dz\water_bliss\river\enoch_river_430.p3d:geometry
20:58:02.95  Warning: No components in dz\water_bliss\river\enoch_river_431.p3d:geometry
20:58:02.96  Warning: No components in dz\water_bliss\river\enoch_river_432.p3d:geometry
20:58:02.96  Warning: No components in dz\water_bliss\river\enoch_river_433.p3d:geometry
20:58:02.96  Warning: No components in dz\water_bliss\river\enoch_river_434.p3d:geometry
20:58:02.96  Warning: No components in dz\water_bliss\river\enoch_river_435.p3d:geometry
20:58:02.96  Warning: No components in dz\water_bliss\river\enoch_river_436.p3d:geometry
20:58:02.96  Warning: No components in dz\water_bliss\river\enoch_river_437.p3d:geometry
20:58:02.96  Warning: No components in dz\water_bliss\river\enoch_river_438.p3d:geometry
20:58:02.96  Warning: No components in dz\water_bliss\river\enoch_river_439.p3d:geometry
20:58:02.96  Warning: No components in dz\water_bliss\river\enoch_river_44.p3d:geometry
20:58:02.96  Warning: No components in dz\water_bliss\river\enoch_river_440.p3d:geometry
20:58:02.96  Warning: No components in dz\water_bliss\river\enoch_river_441.p3d:geometry
20:58:02.96  Warning: No components in dz\water_bliss\river\enoch_river_442.p3d:geometry
20:58:02.96  Warning: No components in dz\water_bliss\river\enoch_river_443.p3d:geometry
20:58:02.96  Warning: No components in dz\water_bliss\river\enoch_river_444.p3d:geometry
20:58:02.97  Warning: No components in dz\water_bliss\river\enoch_river_445.p3d:geometry
20:58:02.97  Warning: No components in dz\water_bliss\river\enoch_river_446.p3d:geometry
20:58:02.97  Warning: No components in dz\water_bliss\river\enoch_river_447.p3d:geometry
20:58:02.97  Warning: No components in dz\water_bliss\river\enoch_river_448.p3d:geometry
20:58:02.97  Warning: No components in dz\water_bliss\river\enoch_river_449.p3d:geometry
20:58:02.97  Warning: No components in dz\water_bliss\river\enoch_river_45.p3d:geometry
20:58:02.97  Warning: No components in dz\water_bliss\river\enoch_river_450.p3d:geometry
20:58:02.97  Warning: No components in dz\water_bliss\river\enoch_river_451.p3d:geometry
20:58:02.97  Warning: No components in dz\water_bliss\river\enoch_river_452.p3d:geometry
20:58:02.97  Warning: No components in dz\water_bliss\river\enoch_river_453.p3d:geometry
20:58:02.97  Warning: No components in dz\water_bliss\river\enoch_river_454.p3d:geometry
20:58:02.97  Warning: No components in dz\water_bliss\river\enoch_river_455.p3d:geometry
20:58:02.97  Warning: No components in dz\water_bliss\river\enoch_river_456.p3d:geometry
20:58:02.97  Warning: No components in dz\water_bliss\river\enoch_river_457.p3d:geometry
20:58:02.98  Warning: No components in dz\water_bliss\river\enoch_river_458.p3d:geometry
20:58:02.98  Warning: No components in dz\water_bliss\river\enoch_river_459.p3d:geometry
20:58:02.98  Warning: No components in dz\water_bliss\river\enoch_river_46.p3d:geometry
20:58:02.98  Warning: No components in dz\water_bliss\river\enoch_river_460.p3d:geometry
20:58:02.98  Warning: No components in dz\water_bliss\river\enoch_river_461.p3d:geometry
20:58:02.98  Warning: No components in dz\water_bliss\river\enoch_river_462.p3d:geometry
20:58:02.98  Warning: No components in dz\water_bliss\river\enoch_river_463.p3d:geometry
20:58:02.99  Warning: No components in dz\water_bliss\river\enoch_river_464.p3d:geometry
20:58:02.99  Warning: No components in dz\water_bliss\river\enoch_river_465.p3d:geometry
20:58:02.99  Warning: No components in dz\water_bliss\river\enoch_river_466.p3d:geometry
20:58:02.99  Warning: No components in dz\water_bliss\river\enoch_river_467.p3d:geometry
20:58:02.99  Warning: No components in dz\water_bliss\river\enoch_river_468.p3d:geometry
20:58:02.99  Warning: No components in dz\water_bliss\river\enoch_river_469.p3d:geometry
20:58:02.99  Warning: No components in dz\water_bliss\river\enoch_river_47.p3d:geometry
20:58:02.99  Warning: No components in dz\water_bliss\river\enoch_river_470.p3d:geometry
20:58:02.99  Warning: No components in dz\water_bliss\river\enoch_river_471.p3d:geometry
20:58:02.99  Warning: No components in dz\water_bliss\river\enoch_river_472.p3d:geometry
20:58:02.99  Warning: No components in dz\water_bliss\river\enoch_river_473.p3d:geometry
20:58:02.99  Warning: No components in dz\water_bliss\river\enoch_river_474.p3d:geometry
20:58:02.99  Warning: No components in dz\water_bliss\river\enoch_river_475.p3d:geometry
20:58:02.99  Warning: No components in dz\water_bliss\river\enoch_river_476.p3d:geometry
20:58:02.100 Warning: No components in dz\water_bliss\river\enoch_river_477.p3d:geometry
20:58:02.100 Warning: No components in dz\water_bliss\river\enoch_river_478.p3d:geometry
20:58:02.100 Warning: No components in dz\water_bliss\river\enoch_river_479.p3d:geometry
20:58:02.100 Warning: No components in dz\water_bliss\river\enoch_river_48.p3d:geometry
20:58:02.100 Warning: No components in dz\water_bliss\river\enoch_river_480.p3d:geometry
20:58:02.100 Warning: No components in dz\water_bliss\river\enoch_river_481.p3d:geometry
20:58:02.100 Warning: No components in dz\water_bliss\river\enoch_river_482.p3d:geometry
20:58:02.100 Warning: No components in dz\water_bliss\river\enoch_river_483.p3d:geometry
20:58:02.100 Warning: No components in dz\water_bliss\river\enoch_river_484.p3d:geometry
20:58:02.100 Warning: No components in dz\water_bliss\river\enoch_river_485.p3d:geometry
20:58:02.100 Warning: No components in dz\water_bliss\river\enoch_river_486.p3d:geometry
20:58:02.100 Warning: No components in dz\water_bliss\river\enoch_river_487.p3d:geometry
20:58:02.100 Warning: No components in dz\water_bliss\river\enoch_river_488.p3d:geometry
20:58:02.100 Warning: No components in dz\water_bliss\river\enoch_river_489.p3d:geometry
20:58:02.100 Warning: No components in dz\water_bliss\river\enoch_river_49.p3d:geometry
20:58:02.100 Warning: No components in dz\water_bliss\river\enoch_river_490.p3d:geometry
20:58:02.101 Warning: No components in dz\water_bliss\river\enoch_river_491.p3d:geometry
20:58:02.101 Warning: No components in dz\water_bliss\river\enoch_river_492.p3d:geometry
20:58:02.101 Warning: No components in dz\water_bliss\river\enoch_river_493.p3d:geometry
20:58:02.101 Warning: No components in dz\water_bliss\river\enoch_river_494.p3d:geometry
20:58:02.101 Warning: No components in dz\water_bliss\river\enoch_river_495.p3d:geometry
20:58:02.101 Warning: No components in dz\water_bliss\river\enoch_river_496.p3d:geometry
20:58:02.101 Warning: No components in dz\water_bliss\river\enoch_river_497.p3d:geometry
20:58:02.102 Warning: No components in dz\water_bliss\river\enoch_river_498.p3d:geometry
20:58:02.102 Warning: No components in dz\water_bliss\river\enoch_river_499.p3d:geometry
20:58:02.102 Warning: No components in dz\water_bliss\river\enoch_river_5.p3d:geometry
20:58:02.102 Warning: No components in dz\water_bliss\river\enoch_river_50.p3d:geometry
20:58:02.102 Warning: No components in dz\water_bliss\river\enoch_river_500.p3d:geometry
20:58:02.102 Warning: No components in dz\water_bliss\river\enoch_river_501.p3d:geometry
20:58:02.102 Warning: No components in dz\water_bliss\river\enoch_river_502.p3d:geometry
20:58:02.102 Warning: No components in dz\water_bliss\river\enoch_river_503.p3d:geometry
20:58:02.102 Warning: No components in dz\water_bliss\river\enoch_river_504.p3d:geometry
20:58:02.102 Warning: No components in dz\water_bliss\river\enoch_river_505.p3d:geometry
20:58:02.102 Warning: No components in dz\water_bliss\river\enoch_river_506.p3d:geometry
20:58:02.102 Warning: No components in dz\water_bliss\river\enoch_river_507.p3d:geometry
20:58:02.102 Warning: No components in dz\water_bliss\river\enoch_river_508.p3d:geometry
20:58:02.102 Warning: No components in dz\water_bliss\river\enoch_river_509.p3d:geometry
20:58:02.103 Warning: No components in dz\water_bliss\river\enoch_river_51.p3d:geometry
20:58:02.103 Warning: No components in dz\water_bliss\river\enoch_river_510.p3d:geometry
20:58:02.103 Warning: No components in dz\water_bliss\river\enoch_river_511.p3d:geometry
20:58:02.103 Warning: No components in dz\water_bliss\river\enoch_river_512.p3d:geometry
20:58:02.103 Warning: No components in dz\water_bliss\river\enoch_river_513.p3d:geometry
20:58:02.103 Warning: No components in dz\water_bliss\river\enoch_river_514.p3d:geometry
20:58:02.103 Warning: No components in dz\water_bliss\river\enoch_river_515.p3d:geometry
20:58:02.103 Warning: No components in dz\water_bliss\river\enoch_river_516.p3d:geometry
20:58:02.103 Warning: No components in dz\water_bliss\river\enoch_river_517.p3d:geometry
20:58:02.103 Warning: No components in dz\water_bliss\river\enoch_river_518.p3d:geometry
20:58:02.103 Warning: No components in dz\water_bliss\river\enoch_river_519.p3d:geometry
20:58:02.103 Warning: No components in dz\water_bliss\river\enoch_river_52.p3d:geometry
20:58:02.103 Warning: No components in dz\water_bliss\river\enoch_river_520.p3d:geometry
20:58:02.103 Warning: No components in dz\water_bliss\river\enoch_river_521.p3d:geometry
20:58:02.103 Warning: No components in dz\water_bliss\river\enoch_river_522.p3d:geometry
20:58:02.103 Warning: No components in dz\water_bliss\river\enoch_river_523.p3d:geometry
20:58:02.104 Warning: No components in dz\water_bliss\river\enoch_river_524.p3d:geometry
20:58:02.104 Warning: No components in dz\water_bliss\river\enoch_river_525.p3d:geometry
20:58:02.104 Warning: No components in dz\water_bliss\river\enoch_river_526.p3d:geometry
20:58:02.104 Warning: No components in dz\water_bliss\river\enoch_river_527.p3d:geometry
20:58:02.104 Warning: No components in dz\water_bliss\river\enoch_river_528.p3d:geometry
20:58:02.104 Warning: No components in dz\water_bliss\river\enoch_river_529.p3d:geometry
20:58:02.104 Warning: No components in dz\water_bliss\river\enoch_river_53.p3d:geometry
20:58:02.104 Warning: No components in dz\water_bliss\river\enoch_river_530.p3d:geometry
20:58:02.104 Warning: No components in dz\water_bliss\river\enoch_river_531.p3d:geometry
20:58:02.104 Warning: No components in dz\water_bliss\river\enoch_river_532.p3d:geometry
20:58:02.104 Warning: No components in dz\water_bliss\river\enoch_river_533.p3d:geometry
20:58:02.105 Warning: No components in dz\water_bliss\river\enoch_river_534.p3d:geometry
20:58:02.105 Warning: No components in dz\water_bliss\river\enoch_river_535.p3d:geometry
20:58:02.105 Warning: No components in dz\water_bliss\river\enoch_river_536.p3d:geometry
20:58:02.105 Warning: No components in dz\water_bliss\river\enoch_river_537.p3d:geometry
20:58:02.105 Warning: No components in dz\water_bliss\river\enoch_river_538.p3d:geometry
20:58:02.105 Warning: No components in dz\water_bliss\river\enoch_river_539.p3d:geometry
20:58:02.105 Warning: No components in dz\water_bliss\river\enoch_river_54.p3d:geometry
20:58:02.105 Warning: No components in dz\water_bliss\river\enoch_river_540.p3d:geometry
20:58:02.105 Warning: No components in dz\water_bliss\river\enoch_river_541.p3d:geometry
20:58:02.105 Warning: No components in dz\water_bliss\river\enoch_river_542.p3d:geometry
20:58:02.105 Warning: No components in dz\water_bliss\river\enoch_river_543.p3d:geometry
20:58:02.105 Warning: No components in dz\water_bliss\river\enoch_river_544.p3d:geometry
20:58:02.105 Warning: No components in dz\water_bliss\river\enoch_river_545.p3d:geometry
20:58:02.105 Warning: No components in dz\water_bliss\river\enoch_river_546.p3d:geometry
20:58:02.105 Warning: No components in dz\water_bliss\river\enoch_river_547.p3d:geometry
20:58:02.105 Warning: No components in dz\water_bliss\river\enoch_river_548.p3d:geometry
20:58:02.105 Warning: No components in dz\water_bliss\river\enoch_river_549.p3d:geometry
20:58:02.106 Warning: No components in dz\water_bliss\river\enoch_river_55.p3d:geometry
20:58:02.106 Warning: No components in dz\water_bliss\river\enoch_river_550.p3d:geometry
20:58:02.106 Warning: No components in dz\water_bliss\river\enoch_river_551.p3d:geometry
20:58:02.106 Warning: No components in dz\water_bliss\river\enoch_river_552.p3d:geometry
20:58:02.106 Warning: No components in dz\water_bliss\river\enoch_river_553.p3d:geometry
20:58:02.106 Warning: No components in dz\water_bliss\river\enoch_river_554.p3d:geometry
20:58:02.106 Warning: No components in dz\water_bliss\river\enoch_river_555.p3d:geometry
20:58:02.106 Warning: No components in dz\water_bliss\river\enoch_river_556.p3d:geometry
20:58:02.106 Warning: No components in dz\water_bliss\river\enoch_river_557.p3d:geometry
20:58:02.106 Warning: No components in dz\water_bliss\river\enoch_river_558.p3d:geometry
20:58:02.106 Warning: No components in dz\water_bliss\river\enoch_river_559.p3d:geometry
20:58:02.106 Warning: No components in dz\water_bliss\river\enoch_river_56.p3d:geometry
20:58:02.106 Warning: No components in dz\water_bliss\river\enoch_river_560.p3d:geometry
20:58:02.106 Warning: No components in dz\water_bliss\river\enoch_river_561.p3d:geometry
20:58:02.107 Warning: No components in dz\water_bliss\river\enoch_river_562.p3d:geometry
20:58:02.107 Warning: No components in dz\water_bliss\river\enoch_river_563.p3d:geometry
20:58:02.107 Warning: No components in dz\water_bliss\river\enoch_river_564.p3d:geometry
20:58:02.107 Warning: No components in dz\water_bliss\river\enoch_river_565.p3d:geometry
20:58:02.107 Warning: No components in dz\water_bliss\river\enoch_river_566.p3d:geometry
20:58:02.107 Warning: No components in dz\water_bliss\river\enoch_river_567.p3d:geometry
20:58:02.107 Warning: No components in dz\water_bliss\river\enoch_river_568.p3d:geometry
20:58:02.107 Warning: No components in dz\water_bliss\river\enoch_river_569.p3d:geometry
20:58:02.107 Warning: No components in dz\water_bliss\river\enoch_river_57.p3d:geometry
20:58:02.107 Warning: No components in dz\water_bliss\river\enoch_river_570.p3d:geometry
20:58:02.107 Warning: No components in dz\water_bliss\river\enoch_river_571.p3d:geometry
20:58:02.107 Warning: No components in dz\water_bliss\river\enoch_river_572.p3d:geometry
20:58:02.107 Warning: No components in dz\water_bliss\river\enoch_river_573.p3d:geometry
20:58:02.107 Warning: No components in dz\water_bliss\river\enoch_river_574.p3d:geometry
20:58:02.107 Warning: No components in dz\water_bliss\river\enoch_river_575.p3d:geometry
20:58:02.108 Warning: No components in dz\water_bliss\river\enoch_river_576.p3d:geometry
20:58:02.108 Warning: No components in dz\water_bliss\river\enoch_river_577.p3d:geometry
20:58:02.108 Warning: No components in dz\water_bliss\river\enoch_river_578.p3d:geometry
20:58:02.108 Warning: No components in dz\water_bliss\river\enoch_river_579.p3d:geometry
20:58:02.108 Warning: No components in dz\water_bliss\river\enoch_river_58.p3d:geometry
20:58:02.108 Warning: No components in dz\water_bliss\river\enoch_river_580.p3d:geometry
20:58:02.108 Warning: No components in dz\water_bliss\river\enoch_river_581.p3d:geometry
20:58:02.108 Warning: No components in dz\water_bliss\river\enoch_river_582.p3d:geometry
20:58:02.108 Warning: No components in dz\water_bliss\river\enoch_river_583.p3d:geometry
20:58:02.108 Warning: No components in dz\water_bliss\river\enoch_river_584.p3d:geometry
20:58:02.108 Warning: No components in dz\water_bliss\river\enoch_river_585.p3d:geometry
20:58:02.108 Warning: No components in dz\water_bliss\river\enoch_river_586.p3d:geometry
20:58:02.108 Warning: No components in dz\water_bliss\river\enoch_river_587.p3d:geometry
20:58:02.108 Warning: No components in dz\water_bliss\river\enoch_river_588.p3d:geometry
20:58:02.108 Warning: No components in dz\water_bliss\river\enoch_river_589.p3d:geometry
20:58:02.108 Warning: No components in dz\water_bliss\river\enoch_river_59.p3d:geometry
20:58:02.108 Warning: No components in dz\water_bliss\river\enoch_river_590.p3d:geometry
20:58:02.108 Warning: No components in dz\water_bliss\river\enoch_river_591.p3d:geometry
20:58:02.109 Warning: No components in dz\water_bliss\river\enoch_river_592.p3d:geometry
20:58:02.109 Warning: No components in dz\water_bliss\river\enoch_river_593.p3d:geometry
20:58:02.109 Warning: No components in dz\water_bliss\river\enoch_river_594.p3d:geometry
20:58:02.109 Warning: No components in dz\water_bliss\river\enoch_river_595.p3d:geometry
20:58:02.109 Warning: No components in dz\water_bliss\river\enoch_river_596.p3d:geometry
20:58:02.109 Warning: No components in dz\water_bliss\river\enoch_river_597.p3d:geometry
20:58:02.109 Warning: No components in dz\water_bliss\river\enoch_river_598.p3d:geometry
20:58:02.110 Warning: No components in dz\water_bliss\river\enoch_river_599.p3d:geometry
20:58:02.110 Warning: No components in dz\water_bliss\river\enoch_river_6.p3d:geometry
20:58:02.110 Warning: No components in dz\water_bliss\river\enoch_river_60.p3d:geometry
20:58:02.110 Warning: No components in dz\water_bliss\river\enoch_river_600.p3d:geometry
20:58:02.110 Warning: No components in dz\water_bliss\river\enoch_river_601.p3d:geometry
20:58:02.110 Warning: No components in dz\water_bliss\river\enoch_river_602.p3d:geometry
20:58:02.110 Warning: No components in dz\water_bliss\river\enoch_river_603.p3d:geometry
20:58:02.110 Warning: No components in dz\water_bliss\river\enoch_river_604.p3d:geometry
20:58:02.110 Warning: No components in dz\water_bliss\river\enoch_river_605.p3d:geometry
20:58:02.110 Warning: No components in dz\water_bliss\river\enoch_river_606.p3d:geometry
20:58:02.110 Warning: No components in dz\water_bliss\river\enoch_river_607.p3d:geometry
20:58:02.110 Warning: No components in dz\water_bliss\river\enoch_river_608.p3d:geometry
20:58:02.110 Warning: No components in dz\water_bliss\river\enoch_river_609.p3d:geometry
20:58:02.110 Warning: No components in dz\water_bliss\river\enoch_river_61.p3d:geometry
20:58:02.110 Warning: No components in dz\water_bliss\river\enoch_river_610.p3d:geometry
20:58:02.110 Warning: No components in dz\water_bliss\river\enoch_river_611.p3d:geometry
20:58:02.110 Warning: No components in dz\water_bliss\river\enoch_river_612.p3d:geometry
20:58:02.110 Warning: No components in dz\water_bliss\river\enoch_river_613.p3d:geometry
20:58:02.110 Warning: No components in dz\water_bliss\river\enoch_river_614.p3d:geometry
20:58:02.111 Warning: No components in dz\water_bliss\river\enoch_river_615.p3d:geometry
20:58:02.111 Warning: No components in dz\water_bliss\river\enoch_river_616.p3d:geometry
20:58:02.111 Warning: No components in dz\water_bliss\river\enoch_river_617.p3d:geometry
20:58:02.111 Warning: No components in dz\water_bliss\river\enoch_river_618.p3d:geometry
20:58:02.111 Warning: No components in dz\water_bliss\river\enoch_river_619.p3d:geometry
20:58:02.111 Warning: No components in dz\water_bliss\river\enoch_river_62.p3d:geometry
20:58:02.111 Warning: No components in dz\water_bliss\river\enoch_river_620.p3d:geometry
20:58:02.111 Warning: No components in dz\water_bliss\river\enoch_river_621.p3d:geometry
20:58:02.111 Warning: No components in dz\water_bliss\river\enoch_river_622.p3d:geometry
20:58:02.111 Warning: No components in dz\water_bliss\river\enoch_river_623.p3d:geometry
20:58:02.111 Warning: No components in dz\water_bliss\river\enoch_river_624.p3d:geometry
20:58:02.111 Warning: No components in dz\water_bliss\river\enoch_river_625.p3d:geometry
20:58:02.111 Warning: No components in dz\water_bliss\river\enoch_river_626.p3d:geometry
20:58:02.111 Warning: No components in dz\water_bliss\river\enoch_river_627.p3d:geometry
20:58:02.111 Warning: No components in dz\water_bliss\river\enoch_river_628.p3d:geometry
20:58:02.112 Warning: No components in dz\water_bliss\river\enoch_river_629.p3d:geometry
20:58:02.112 Warning: No components in dz\water_bliss\river\enoch_river_63.p3d:geometry
20:58:02.112 Warning: No components in dz\water_bliss\river\enoch_river_630.p3d:geometry
20:58:02.112 Warning: No components in dz\water_bliss\river\enoch_river_631.p3d:geometry
20:58:02.112 Warning: No components in dz\water_bliss\river\enoch_river_632.p3d:geometry
20:58:02.112 Warning: No components in dz\water_bliss\river\enoch_river_633.p3d:geometry
20:58:02.112 Warning: No components in dz\water_bliss\river\enoch_river_634.p3d:geometry
20:58:02.112 Warning: No components in dz\water_bliss\river\enoch_river_635.p3d:geometry
20:58:02.112 Warning: No components in dz\water_bliss\river\enoch_river_636.p3d:geometry
20:58:02.112 Warning: No components in dz\water_bliss\river\enoch_river_637.p3d:geometry
20:58:02.112 Warning: No components in dz\water_bliss\river\enoch_river_638.p3d:geometry
20:58:02.113 Warning: No components in dz\water_bliss\river\enoch_river_639.p3d:geometry
20:58:02.113 Warning: No components in dz\water_bliss\river\enoch_river_64.p3d:geometry
20:58:02.113 Warning: No components in dz\water_bliss\river\enoch_river_640.p3d:geometry
20:58:02.113 Warning: No components in dz\water_bliss\river\enoch_river_641.p3d:geometry
20:58:02.113 Warning: No components in dz\water_bliss\river\enoch_river_642.p3d:geometry
20:58:02.113 Warning: No components in dz\water_bliss\river\enoch_river_643.p3d:geometry
20:58:02.113 Warning: No components in dz\water_bliss\river\enoch_river_644.p3d:geometry
20:58:02.113 Warning: No components in dz\water_bliss\river\enoch_river_645.p3d:geometry
20:58:02.113 Warning: No components in dz\water_bliss\river\enoch_river_646.p3d:geometry
20:58:02.113 Warning: No components in dz\water_bliss\river\enoch_river_647.p3d:geometry
20:58:02.113 Warning: No components in dz\water_bliss\river\enoch_river_648.p3d:geometry
20:58:02.113 Warning: No components in dz\water_bliss\river\enoch_river_649.p3d:geometry
20:58:02.113 Warning: No components in dz\water_bliss\river\enoch_river_65.p3d:geometry
20:58:02.113 Warning: No components in dz\water_bliss\river\enoch_river_650.p3d:geometry
20:58:02.113 Warning: No components in dz\water_bliss\river\enoch_river_651.p3d:geometry
20:58:02.113 Warning: No components in dz\water_bliss\river\enoch_river_652.p3d:geometry
20:58:02.113 Warning: No components in dz\water_bliss\river\enoch_river_653.p3d:geometry
20:58:02.113 Warning: No components in dz\water_bliss\river\enoch_river_654.p3d:geometry
20:58:02.113 Warning: No components in dz\water_bliss\river\enoch_river_655.p3d:geometry
20:58:02.114 Warning: No components in dz\water_bliss\river\enoch_river_656.p3d:geometry
20:58:02.114 Warning: No components in dz\water_bliss\river\enoch_river_657.p3d:geometry
20:58:02.114 Warning: No components in dz\water_bliss\river\enoch_river_658.p3d:geometry
20:58:02.114 Warning: No components in dz\water_bliss\river\enoch_river_659.p3d:geometry
20:58:02.114 Warning: No components in dz\water_bliss\river\enoch_river_66.p3d:geometry
20:58:02.114 Warning: No components in dz\water_bliss\river\enoch_river_660.p3d:geometry
20:58:02.114 Warning: No components in dz\water_bliss\river\enoch_river_661.p3d:geometry
20:58:02.114 Warning: No components in dz\water_bliss\river\enoch_river_662.p3d:geometry
20:58:02.114 Warning: No components in dz\water_bliss\river\enoch_river_663.p3d:geometry
20:58:02.114 Warning: No components in dz\water_bliss\river\enoch_river_664.p3d:geometry
20:58:02.114 Warning: No components in dz\water_bliss\river\enoch_river_665.p3d:geometry
20:58:02.115 Warning: No components in dz\water_bliss\river\enoch_river_666.p3d:geometry
20:58:02.115 Warning: No components in dz\water_bliss\river\enoch_river_667.p3d:geometry
20:58:02.115 Warning: No components in dz\water_bliss\river\enoch_river_668.p3d:geometry
20:58:02.115 Warning: No components in dz\water_bliss\river\enoch_river_669.p3d:geometry
20:58:02.115 Warning: No components in dz\water_bliss\river\enoch_river_67.p3d:geometry
20:58:02.115 Warning: No components in dz\water_bliss\river\enoch_river_670.p3d:geometry
20:58:02.115 Warning: No components in dz\water_bliss\river\enoch_river_671.p3d:geometry
20:58:02.115 Warning: No components in dz\water_bliss\river\enoch_river_672.p3d:geometry
20:58:02.115 Warning: No components in dz\water_bliss\river\enoch_river_673.p3d:geometry
20:58:02.115 Warning: No components in dz\water_bliss\river\enoch_river_674.p3d:geometry
20:58:02.115 Warning: No components in dz\water_bliss\river\enoch_river_675.p3d:geometry
20:58:02.115 Warning: No components in dz\water_bliss\river\enoch_river_676.p3d:geometry
20:58:02.115 Warning: No components in dz\water_bliss\river\enoch_river_677.p3d:geometry
20:58:02.115 Warning: No components in dz\water_bliss\river\enoch_river_678.p3d:geometry
20:58:02.116 Warning: No components in dz\water_bliss\river\enoch_river_679.p3d:geometry
20:58:02.116 Warning: No components in dz\water_bliss\river\enoch_river_68.p3d:geometry
20:58:02.116 Warning: No components in dz\water_bliss\river\enoch_river_680.p3d:geometry
20:58:02.116 Warning: No components in dz\water_bliss\river\enoch_river_681.p3d:geometry
20:58:02.116 Warning: No components in dz\water_bliss\river\enoch_river_682.p3d:geometry
20:58:02.116 Warning: No components in dz\water_bliss\river\enoch_river_683.p3d:geometry
20:58:02.116 Warning: No components in dz\water_bliss\river\enoch_river_684.p3d:geometry
20:58:02.116 Warning: No components in dz\water_bliss\river\enoch_river_685.p3d:geometry
20:58:02.116 Warning: No components in dz\water_bliss\river\enoch_river_686.p3d:geometry
20:58:02.116 Warning: No components in dz\water_bliss\river\enoch_river_687.p3d:geometry
20:58:02.116 Warning: No components in dz\water_bliss\river\enoch_river_688.p3d:geometry
20:58:02.117 Warning: No components in dz\water_bliss\river\enoch_river_689.p3d:geometry
20:58:02.117 Warning: No components in dz\water_bliss\river\enoch_river_69.p3d:geometry
20:58:02.117 Warning: No components in dz\water_bliss\river\enoch_river_690.p3d:geometry
20:58:02.117 Warning: No components in dz\water_bliss\river\enoch_river_691.p3d:geometry
20:58:02.117 Warning: No components in dz\water_bliss\river\enoch_river_692.p3d:geometry
20:58:02.117 Warning: No components in dz\water_bliss\river\enoch_river_693.p3d:geometry
20:58:02.117 Warning: No components in dz\water_bliss\river\enoch_river_694.p3d:geometry
20:58:02.117 Warning: No components in dz\water_bliss\river\enoch_river_695.p3d:geometry
20:58:02.117 Warning: No components in dz\water_bliss\river\enoch_river_696.p3d:geometry
20:58:02.117 Warning: No components in dz\water_bliss\river\enoch_river_697.p3d:geometry
20:58:02.118 Warning: No components in dz\water_bliss\river\enoch_river_698.p3d:geometry
20:58:02.118 Warning: No components in dz\water_bliss\river\enoch_river_699.p3d:geometry
20:58:02.118 Warning: No components in dz\water_bliss\river\enoch_river_7.p3d:geometry
20:58:02.118 Warning: No components in dz\water_bliss\river\enoch_river_70.p3d:geometry
20:58:02.118 Warning: No components in dz\water_bliss\river\enoch_river_700.p3d:geometry
20:58:02.118 Warning: No components in dz\water_bliss\river\enoch_river_701.p3d:geometry
20:58:02.118 Warning: No components in dz\water_bliss\river\enoch_river_702.p3d:geometry
20:58:02.118 Warning: No components in dz\water_bliss\river\enoch_river_703.p3d:geometry
20:58:02.118 Warning: No components in dz\water_bliss\river\enoch_river_704.p3d:geometry
20:58:02.118 Warning: No components in dz\water_bliss\river\enoch_river_705.p3d:geometry
20:58:02.118 Warning: No components in dz\water_bliss\river\enoch_river_706.p3d:geometry
20:58:02.118 Warning: No components in dz\water_bliss\river\enoch_river_707.p3d:geometry
20:58:02.118 Warning: No components in dz\water_bliss\river\enoch_river_708.p3d:geometry
20:58:02.118 Warning: No components in dz\water_bliss\river\enoch_river_709.p3d:geometry
20:58:02.118 Warning: No components in dz\water_bliss\river\enoch_river_71.p3d:geometry
20:58:02.119 Warning: No components in dz\water_bliss\river\enoch_river_710.p3d:geometry
20:58:02.119 Warning: No components in dz\water_bliss\river\enoch_river_711.p3d:geometry
20:58:02.119 Warning: No components in dz\water_bliss\river\enoch_river_712.p3d:geometry
20:58:02.119 Warning: No components in dz\water_bliss\river\enoch_river_713.p3d:geometry
20:58:02.119 Warning: No components in dz\water_bliss\river\enoch_river_714.p3d:geometry
20:58:02.119 Warning: No components in dz\water_bliss\river\enoch_river_715.p3d:geometry
20:58:02.119 Warning: No components in dz\water_bliss\river\enoch_river_716.p3d:geometry
20:58:02.119 Warning: No components in dz\water_bliss\river\enoch_river_717.p3d:geometry
20:58:02.119 Warning: No components in dz\water_bliss\river\enoch_river_718.p3d:geometry
20:58:02.119 Warning: No components in dz\water_bliss\river\enoch_river_719.p3d:geometry
20:58:02.119 Warning: No components in dz\water_bliss\river\enoch_river_72.p3d:geometry
20:58:02.119 Warning: No components in dz\water_bliss\river\enoch_river_720.p3d:geometry
20:58:02.119 Warning: No components in dz\water_bliss\river\enoch_river_721.p3d:geometry
20:58:02.119 Warning: No components in dz\water_bliss\river\enoch_river_722.p3d:geometry
20:58:02.119 Warning: No components in dz\water_bliss\river\enoch_river_723.p3d:geometry
20:58:02.119 Warning: No components in dz\water_bliss\river\enoch_river_724.p3d:geometry
20:58:02.119 Warning: No components in dz\water_bliss\river\enoch_river_725.p3d:geometry
20:58:02.119 Warning: No components in dz\water_bliss\river\enoch_river_726.p3d:geometry
20:58:02.120 Warning: No components in dz\water_bliss\river\enoch_river_727.p3d:geometry
20:58:02.120 Warning: No components in dz\water_bliss\river\enoch_river_728.p3d:geometry
20:58:02.120 Warning: No components in dz\water_bliss\river\enoch_river_729.p3d:geometry
20:58:02.120 Warning: No components in dz\water_bliss\river\enoch_river_73.p3d:geometry
20:58:02.120 Warning: No components in dz\water_bliss\river\enoch_river_730.p3d:geometry
20:58:02.120 Warning: No components in dz\water_bliss\river\enoch_river_731.p3d:geometry
20:58:02.120 Warning: No components in dz\water_bliss\river\enoch_river_732.p3d:geometry
20:58:02.120 Warning: No components in dz\water_bliss\river\enoch_river_733.p3d:geometry
20:58:02.120 Warning: No components in dz\water_bliss\river\enoch_river_734.p3d:geometry
20:58:02.120 Warning: No components in dz\water_bliss\river\enoch_river_735.p3d:geometry
20:58:02.120 Warning: No components in dz\water_bliss\river\enoch_river_736.p3d:geometry
20:58:02.121 Warning: No components in dz\water_bliss\river\enoch_river_737.p3d:geometry
20:58:02.121 Warning: No components in dz\water_bliss\river\enoch_river_738.p3d:geometry
20:58:02.121 Warning: No components in dz\water_bliss\river\enoch_river_739.p3d:geometry
20:58:02.121 Warning: No components in dz\water_bliss\river\enoch_river_74.p3d:geometry
20:58:02.121 Warning: No components in dz\water_bliss\river\enoch_river_740.p3d:geometry
20:58:02.121 Warning: No components in dz\water_bliss\river\enoch_river_741.p3d:geometry
20:58:02.121 Warning: No components in dz\water_bliss\river\enoch_river_742.p3d:geometry
20:58:02.121 Warning: No components in dz\water_bliss\river\enoch_river_743.p3d:geometry
20:58:02.121 Warning: No components in dz\water_bliss\river\enoch_river_744.p3d:geometry
20:58:02.121 Warning: No components in dz\water_bliss\river\enoch_river_745.p3d:geometry
20:58:02.121 Warning: No components in dz\water_bliss\river\enoch_river_746.p3d:geometry
20:58:02.121 Warning: No components in dz\water_bliss\river\enoch_river_747.p3d:geometry
20:58:02.121 Warning: No components in dz\water_bliss\river\enoch_river_748.p3d:geometry
20:58:02.121 Warning: No components in dz\water_bliss\river\enoch_river_749.p3d:geometry
20:58:02.121 Warning: No components in dz\water_bliss\river\enoch_river_75.p3d:geometry
20:58:02.121 Warning: No components in dz\water_bliss\river\enoch_river_750.p3d:geometry
20:58:02.121 Warning: No components in dz\water_bliss\river\enoch_river_751.p3d:geometry
20:58:02.121 Warning: No components in dz\water_bliss\river\enoch_river_752.p3d:geometry
20:58:02.121 Warning: No components in dz\water_bliss\river\enoch_river_753.p3d:geometry
20:58:02.121 Warning: No components in dz\water_bliss\river\enoch_river_754.p3d:geometry
20:58:02.122 Warning: No components in dz\water_bliss\river\enoch_river_755.p3d:geometry
20:58:02.122 Warning: No components in dz\water_bliss\river\enoch_river_756.p3d:geometry
20:58:02.122 Warning: No components in dz\water_bliss\river\enoch_river_757.p3d:geometry
20:58:02.122 Warning: No components in dz\water_bliss\river\enoch_river_758.p3d:geometry
20:58:02.122 Warning: No components in dz\water_bliss\river\enoch_river_759.p3d:geometry
20:58:02.122 Warning: No components in dz\water_bliss\river\enoch_river_76.p3d:geometry
20:58:02.122 Warning: No components in dz\water_bliss\river\enoch_river_760.p3d:geometry
20:58:02.122 Warning: No components in dz\water_bliss\river\enoch_river_761.p3d:geometry
20:58:02.123 Warning: No components in dz\water_bliss\river\enoch_river_762.p3d:geometry
20:58:02.123 Warning: No components in dz\water_bliss\river\enoch_river_763.p3d:geometry
20:58:02.123 Warning: No components in dz\water_bliss\river\enoch_river_764.p3d:geometry
20:58:02.123 Warning: No components in dz\water_bliss\river\enoch_river_765.p3d:geometry
20:58:02.123 Warning: No components in dz\water_bliss\river\enoch_river_766.p3d:geometry
20:58:02.123 Warning: No components in dz\water_bliss\river\enoch_river_767.p3d:geometry
20:58:02.123 Warning: No components in dz\water_bliss\river\enoch_river_768.p3d:geometry
20:58:02.123 Warning: No components in dz\water_bliss\river\enoch_river_769.p3d:geometry
20:58:02.123 Warning: No components in dz\water_bliss\river\enoch_river_77.p3d:geometry
20:58:02.123 Warning: No components in dz\water_bliss\river\enoch_river_770.p3d:geometry
20:58:02.123 Warning: No components in dz\water_bliss\river\enoch_river_771.p3d:geometry
20:58:02.124 Warning: No components in dz\water_bliss\river\enoch_river_772.p3d:geometry
20:58:02.124 Warning: No components in dz\water_bliss\river\enoch_river_773.p3d:geometry
20:58:02.124 Warning: No components in dz\water_bliss\river\enoch_river_774.p3d:geometry
20:58:02.124 Warning: No components in dz\water_bliss\river\enoch_river_775.p3d:geometry
20:58:02.124 Warning: No components in dz\water_bliss\river\enoch_river_776.p3d:geometry
20:58:02.124 Warning: No components in dz\water_bliss\river\enoch_river_777.p3d:geometry
20:58:02.124 Warning: No components in dz\water_bliss\river\enoch_river_778.p3d:geometry
20:58:02.124 Warning: No components in dz\water_bliss\river\enoch_river_779.p3d:geometry
20:58:02.124 Warning: No components in dz\water_bliss\river\enoch_river_78.p3d:geometry
20:58:02.125 Warning: No components in dz\water_bliss\river\enoch_river_780.p3d:geometry
20:58:02.125 Warning: No components in dz\water_bliss\river\enoch_river_781.p3d:geometry
20:58:02.125 Warning: No components in dz\water_bliss\river\enoch_river_782.p3d:geometry
20:58:02.125 Warning: No components in dz\water_bliss\river\enoch_river_783.p3d:geometry
20:58:02.125 Warning: No components in dz\water_bliss\river\enoch_river_784.p3d:geometry
20:58:02.125 Warning: No components in dz\water_bliss\river\enoch_river_785.p3d:geometry
20:58:02.125 Warning: No components in dz\water_bliss\river\enoch_river_786.p3d:geometry
20:58:02.125 Warning: No components in dz\water_bliss\river\enoch_river_787.p3d:geometry
20:58:02.125 Warning: No components in dz\water_bliss\river\enoch_river_788.p3d:geometry
20:58:02.125 Warning: No components in dz\water_bliss\river\enoch_river_789.p3d:geometry
20:58:02.125 Warning: No components in dz\water_bliss\river\enoch_river_79.p3d:geometry
20:58:02.125 Warning: No components in dz\water_bliss\river\enoch_river_790.p3d:geometry
20:58:02.125 Warning: No components in dz\water_bliss\river\enoch_river_791.p3d:geometry
20:58:02.125 Warning: No components in dz\water_bliss\river\enoch_river_792.p3d:geometry
20:58:02.125 Warning: No components in dz\water_bliss\river\enoch_river_793.p3d:geometry
20:58:02.126 Warning: No components in dz\water_bliss\river\enoch_river_794.p3d:geometry
20:58:02.126 Warning: No components in dz\water_bliss\river\enoch_river_795.p3d:geometry
20:58:02.126 Warning: No components in dz\water_bliss\river\enoch_river_796.p3d:geometry
20:58:02.126 Warning: No components in dz\water_bliss\river\enoch_river_797.p3d:geometry
20:58:02.126 Warning: No components in dz\water_bliss\river\enoch_river_798.p3d:geometry
20:58:02.126 Warning: No components in dz\water_bliss\river\enoch_river_799.p3d:geometry
20:58:02.126 Warning: No components in dz\water_bliss\river\enoch_river_8.p3d:geometry
20:58:02.126 Warning: No components in dz\water_bliss\river\enoch_river_80.p3d:geometry
20:58:02.126 Warning: No components in dz\water_bliss\river\enoch_river_800.p3d:geometry
20:58:02.126 Warning: No components in dz\water_bliss\river\enoch_river_801.p3d:geometry
20:58:02.126 Warning: No components in dz\water_bliss\river\enoch_river_802.p3d:geometry
20:58:02.126 Warning: No components in dz\water_bliss\river\enoch_river_803.p3d:geometry
20:58:02.126 Warning: No components in dz\water_bliss\river\enoch_river_81.p3d:geometry
20:58:02.126 Warning: No components in dz\water_bliss\river\enoch_river_82.p3d:geometry
20:58:02.126 Warning: No components in dz\water_bliss\river\enoch_river_83.p3d:geometry
20:58:02.126 Warning: No components in dz\water_bliss\river\enoch_river_84.p3d:geometry
20:58:02.126 Warning: No components in dz\water_bliss\river\enoch_river_85.p3d:geometry
20:58:02.126 Warning: No components in dz\water_bliss\river\enoch_river_86.p3d:geometry
20:58:02.126 Warning: No components in dz\water_bliss\river\enoch_river_87.p3d:geometry
20:58:02.127 Warning: No components in dz\water_bliss\river\enoch_river_88.p3d:geometry
20:58:02.127 Warning: No components in dz\water_bliss\river\enoch_river_89.p3d:geometry
20:58:02.127 Warning: No components in dz\water_bliss\river\enoch_river_9.p3d:geometry
20:58:02.127 Warning: No components in dz\water_bliss\river\enoch_river_90.p3d:geometry
20:58:02.127 Warning: No components in dz\water_bliss\river\enoch_river_91.p3d:geometry
20:58:02.127 Warning: No components in dz\water_bliss\river\enoch_river_92.p3d:geometry
20:58:02.127 Warning: No components in dz\water_bliss\river\enoch_river_93.p3d:geometry
20:58:02.127 Warning: No components in dz\water_bliss\river\enoch_river_94.p3d:geometry
20:58:02.127 Warning: No components in dz\water_bliss\river\enoch_river_95.p3d:geometry
20:58:02.127 Warning: No components in dz\water_bliss\river\enoch_river_96.p3d:geometry
20:58:02.127 Warning: No components in dz\water_bliss\river\enoch_river_97.p3d:geometry
20:58:02.127 Warning: No components in dz\water_bliss\river\enoch_river_98.p3d:geometry
20:58:02.127 Warning: No components in dz\water_bliss\river\enoch_river_99.p3d:geometry
20:58:02.128 Warning: No components in dz\weapons\ammunition\12ga_00buck.p3d:geometry
20:58:02.128 Warning: No components in dz\weapons\ammunition\12ga_beanbag.p3d:geometry
20:58:02.128 Warning: No components in dz\weapons\ammunition\12ga_rifled_slug.p3d:geometry
20:58:02.129 Warning: No components in dz\weapons\ammunition\12ga_rubberrifled_slug.p3d:geometry
20:58:02.129 Warning: No components in dz\weapons\ammunition\22lr_looseround.p3d:geometry
20:58:02.130 Warning: No components in dz\weapons\ammunition\22_looserounds.p3d:geometry
20:58:02.131 Warning: No components in dz\weapons\ammunition\308win_looserounds.p3d:geometry
20:58:02.131 Warning: No components in dz\weapons\ammunition\357_looserounds.p3d:geometry
20:58:02.131 Warning: No components in dz\weapons\ammunition\380auto_looserounds.p3d:geometry
20:58:02.132 Warning: No components in dz\weapons\ammunition\380auto_singleround.p3d:geometry
20:58:02.133 Warning: No components in dz\weapons\ammunition\45acp_looserounds.p3d:geometry
20:58:02.133 Warning: No components in dz\weapons\ammunition\545x39_looserounds.p3d:geometry
20:58:02.133 Warning: No components in dz\weapons\ammunition\556_looserounds.p3d:geometry
20:58:02.134 Warning: No components in dz\weapons\ammunition\762x39_box.p3d:geometry
20:58:02.135 Warning: No components in dz\weapons\ammunition\762x39_looserounds.p3d:geometry
20:58:02.136 Warning: No components in dz\weapons\ammunition\762_looserounds.p3d:geometry
20:58:02.136 Warning: No components in dz\weapons\ammunition\9mm_looserounds.p3d:geometry
20:58:02.137 Warning: No components in dz\weapons\ammunition\9x39_looserounds.p3d:geometry
20:58:02.137 Warning: No components in dz\weapons\ammunition\flare_singleround.p3d:geometry
20:58:02.138 Warning: No components in dz\weapons\ammunition\rocket_rpg7.p3d:geometry
20:58:02.138 Warning: No components in dz\weapons\ammunition\rocket_rpg7_inflight.p3d:geometry
20:58:02.138 Warning: No components in dz\weapons\ammunition\vog25.p3d:geometry
20:58:02.174 Warning: No components in dz\weapons\archery\crossbow\crossbow.p3d:geometry
20:58:02.193 Warning: No components in dz\weapons\attachments\light\weaponlight_tlr_mich2001_slothelper.p3d:geometry
20:58:02.214 Warning: No components in dz\weapons\attachments\magazine\magazine_mk2.p3d:geometryFire
20:58:02.218 Warning: No components in dz\weapons\attachments\magazine\magazine_ruger1022_15.p3d:geometry
20:58:02.218 Warning: No components in dz\weapons\attachments\magazine\magazine_ruger1022_30.p3d:geometry
20:58:02.219 Warning: No components in dz\weapons\attachments\magazine\magazine_saiga_drum.p3d:geometryFire
20:58:02.219 Warning: No components in dz\weapons\attachments\magazine\magazine_saiga_drum.p3d:geometryView
20:58:02.225 Warning: No components in dz\weapons\attachments\optics\bow_sights.p3d:geometry
20:58:02.385 Warning: No components in dz\weapons\attachments\support\universal_rail.p3d:geometryFire
20:58:02.403 Warning: No components in dz\weapons\explosives\fakeexplosion.p3d:geometry
20:58:02.403 Warning: No components in dz\weapons\explosives\fakeexplosion.p3d:geometryFire
20:58:02.403 Warning: No components in dz\weapons\explosives\fakeexplosion.p3d:geometryView
20:58:02.428 Warning: No components in dz\weapons\firearms\aug\proxy\long_barrel.p3d:geometry
20:58:02.429 Warning: No components in dz\weapons\firearms\aug\proxy\mid_barrel.p3d:geometry
20:58:02.429 Warning: No components in dz\weapons\firearms\aug\proxy\rails.p3d:geometry
20:58:02.430 Warning: No components in dz\weapons\firearms\aug\proxy\short_barrel.p3d:geometry
20:58:02.465 Warning: No components in dz\weapons\firearms\ots14\ots14.p3d:geometryFire
20:58:02.465 Warning: No components in dz\weapons\firearms\ots14\ots14.p3d:geometryView
20:58:02.553 Warning: No components in dz\weapons\launchers\gp25\ubgl_gp25.p3d:geometry
20:58:02.585 Warning: No components in dz\weapons\launchers\m203\m203.p3d:geometry
20:58:02.585 Warning: No components in dz\weapons\launchers\rpg7\rpg7.p3d:geometry
20:58:02.602 Warning: No components in dz\weapons\melee\blade\machete.p3d:geometry
20:58:02.606 Warning: No components in dz\weapons\melee\blunt\brassknuckles.p3d:geometry
20:58:02.617 Warning: No components in dz\weapons\melee\blunt\hockey_stick.p3d:geometry
20:58:02.637 Warning: No components in dz\weapons\melee\blunt\telescopingbaton_retracted.p3d:geometry
20:58:02.656 Warning: No components in dz\weapons\melee\powered\stun_baton.p3d:geometry
20:58:02.676 Warning: No components in dz\weapons\nonlethal\dartgun\dartgun.p3d:geometry
20:58:02.677 Warning: No components in dz\weapons\nonlethal\shockpistol\shockpistol.p3d:geometry
20:58:02.679 Warning: No components in dz\weapons\pistols\derringer\derringer.p3d:geometry
20:58:02.688 Warning: No components in dz\weapons\projectiles\arrow_composite.p3d:geometryFire
20:58:02.688 Warning: No components in dz\weapons\projectiles\arrow_composite_flying.p3d:geometry
20:58:02.688 Warning Message: Cannot open object dz\weapons\projectiles\arrow_crafted_advanced.p3d
20:58:02.688 Warning: No components in dz\weapons\projectiles\arrow_crafted_simple.p3d:geometry
20:58:02.688 Warning Message: Cannot open object dz\weapons\projectiles\arrow_hunting.p3d
20:58:02.688 Warning Message: Cannot open object dz\weapons\projectiles\arrow_hunting_flying.p3d
20:58:02.688 Warning Message: Cannot open object dz\weapons\projectiles\arrow_target.p3d
20:58:02.689 Warning: No components in dz\weapons\projectiles\dart_syringe.p3d:geometry
20:58:02.690 Warning: No components in dz\weapons\projectiles\flare_singleround.p3d:geometry
20:58:02.692 Warning: No components in dz\weapons\projectiles\speargun_spear.p3d:geometry
20:58:02.694 Warning: No components in dz\weapons\projectiles\vog25_singleround.p3d:geometry
20:58:02.717 Warning: No components in dz\weapons\proxies\muzzle_flash_pistol_fnp.p3d:geometry
20:58:02.717 Warning: No components in dz\weapons\proxies\muzzle_flash_rifle_m4.p3d:geometry
20:58:02.717 Warning: No components in dz\weapons\proxies\muzzle_flash_rifle_silencer.p3d:geometry
20:58:02.717 Warning: No components in dz\weapons\proxies\zasleh1_pilot_proxy.p3d:geometry
20:58:02.718 Warning: No components in dz\weapons\proxies\zasleh1_proxy.p3d:geometry
20:58:02.718 Warning: No components in dz\weapons\proxies\zasleh2_pilot_proxy.p3d:geometry
20:58:02.718 Warning: No components in dz\weapons\proxies\zasleh2_proxy.p3d:geometry
20:58:02.718 Warning: No components in dz\weapons\proxies\zasleh3_proxy.p3d:geometry
20:58:02.718 Warning: No components in dz\weapons\proxies\zasleh_pistol_pilot_proxy.p3d:geometry
20:58:02.718 Warning: No components in dz\weapons\proxies\zasleh_pistol_proxy.p3d:geometry
20:58:02.719 Warning: No components in dz\weapons\shotguns\izh43\izh43.p3d:geometry
20:58:02.720 Warning: No components in dz\weapons\shotguns\izh43\izh43_sawedoff.p3d:geometry
20:58:02.722 Warning Message: Cannot open object dz\weapons\shotguns\remington_r12\remington_r12.p3d
20:58:02.776 Warning: No components in dz\characters\backpacks\slingbag_g.p3d:geometryView
20:58:02.788 Warning: No components in dz\characters\backpacks\armypouch_g.p3d:geometryView
20:58:02.804 Warning: No components in dz\characters\backpacks\duffelbagsmall_g.p3d:geometry
20:58:02.804 Warning: No components in dz\characters\backpacks\duffelbagsmall_g.p3d:geometryView
20:58:02.807 Warning: No components in dz\characters\backpacks\canvasbag_g.p3d:geometryView
20:58:02.971 Warning: No components in dz\gear\cooking\fireplace_spot_snow.p3d:geometry
20:58:02.990 Warning: No components in dz\gear\tools\shippingcontainerkeys.p3d:geometry
20:58:03.20  FireworksLauncher_Skeleton: Invalid parent bone 'inventory' for 'cover'
20:58:03.20  FireworksLauncher_Skeleton: Invalid parent bone 'placing' for ''
20:58:03.41  Warning: No components in dz\weapons\firearms\b95\b95_sawn.p3d:geometry
20:58:03.75  Convex "component05" selection faces are less then 4 in dz\weapons\firearms\m16a2\m16a2.p3d:geometryFire
20:58:03.75  Convex "component06" selection faces are less then 4 in dz\weapons\firearms\m16a2\m16a2.p3d:geometryFire
20:58:03.75  Convex "component07" selection faces are less then 4 in dz\weapons\firearms\m16a2\m16a2.p3d:geometryFire
20:58:03.75  Convex "component10" selection faces are less then 4 in dz\weapons\firearms\m16a2\m16a2.p3d:geometryFire
20:58:03.75  Convex "component11" selection faces are less then 4 in dz\weapons\firearms\m16a2\m16a2.p3d:geometryFire
20:58:03.106 Warning: No components in dz\weapons\launchers\m79\m79.p3d:geometryView
20:58:03.179 Warning: No components in dz\weapons\projectiles\bolt_biggame.p3d:geometryFire
20:58:03.181 Warning: No components in dz\weapons\projectiles\bolt_crude.p3d:geometryFire
20:58:03.181 Warning: No components in dz\weapons\projectiles\bolt_crafted.p3d:geometryFire
20:58:03.182 Warning: No components in dz\weapons\projectiles\bolt_cupids.p3d:geometryFire
20:58:03.183 Warning: No components in dz\weapons\ammunition\flare_singleround_red.p3d:geometry
20:58:03.185 Warning: No components in dz\weapons\ammunition\flare_singleround_green.p3d:geometry
20:58:03.186 Warning: No components in dz\weapons\ammunition\flare_singleround_blue.p3d:geometry
20:58:03.251 [CE][TypeSetup] :: 583 classes setuped...
20:58:09.682 [CE][RegisterBind] :: 0 classes binded...
20:58:09.682 [CE][RegisterConfig] :: 11645 config classes registered, 0 sub-counters...
20:58:09.682 [CE][Hive] :: Loading map data ... 
20:58:09.776 [CE][LoadPrototype] :: loaded 436 prototypes
20:58:09.776   831 containers, 11074 points
20:58:09.776   75 dispatches, 254 proxies
20:58:09.776 !!! [CE][LoadPrototype] 5 groups have no points...
20:58:09.776 !!! [CE][LoadPrototype] 10 Errors during XML parse...
20:58:09.776 [CE][LoadPrototype] :: last group name: Land_Wreck_offroad02_Medic_TK_DE...
20:58:09.809 [CE][LoadPrototype] :: loaded 0 prototypes
20:58:09.809   55 containers, 232 points
20:58:09.809   0 dispatches, 0 proxies
20:58:09.809 [CE][LoadPrototype] :: last group name: Rail9...
20:58:11.350 [CE][LoadMap] "Group" :: loaded 11679 groups, groups failed: 0, largest group range: 34.2
20:58:11.353 [CE][LoadMap] "Dirt" :: loaded 0 groups, groups failed: 0, largest group range: 34.2
20:58:11.680 [CE][Links] found 1946 total links between groups, of 11679
20:58:11.680 [CE][LoadClusters] "Cluster" :: Loading files...
20:58:11.920 [CE][LoadClusters] :: file: "mapgroupcluster.xml", 9 types, 50000 instances
20:58:12.169 [CE][LoadClusters] :: file: "mapgroupcluster01", 9 types, 50000 instances
20:58:12.396 [CE][LoadClusters] :: file: "mapgroupcluster02", 9 types, 50000 instances
20:58:12.698 [CE][LoadClusters] :: file: "mapgroupcluster03", 9 types, 50000 instances
20:58:12.944 [CE][LoadClusters] :: file: "mapgroupcluster04", 9 types, 17373 instances
20:58:12.963 [CE][Storage] ver:21 stamp:3096, valid:yes, name:"D:\steam\steamapps\common\DayZServer\mpmissions\dayzOffline.chernarusplus\storage_1\data\types.bin"
20:58:12.984 [CE][Storage] ver:21 stamp:3093, valid:yes, name:"D:\steam\steamapps\common\DayZServer\mpmissions\dayzOffline.chernarusplus\storage_1\data\types.001"
20:58:13.05  [CE][Storage] ver:21 stamp:3094, valid:yes, name:"D:\steam\steamapps\common\DayZServer\mpmissions\dayzOffline.chernarusplus\storage_1\data\types.002"
20:58:13.05  [CE][Storage] Restoring file "D:\steam\steamapps\common\DayZServer\mpmissions\dayzOffline.chernarusplus\storage_1\data\types.bin".
20:58:13.156 !!! [CE][offlineDB] :: No Shutdown message present.
20:58:13.181 [CE][offlineDB] :: Loaded 51 dynamic events 235 total types.
20:58:13.234 !!! [CE][offlineDB] :: Type 'ChristmasTree' will be ignored. (Not spawnable. (Scope is not public?))
20:58:13.236 !!! [CE][offlineDB] :: Type 'Static_FrozenScientist_DE' will be ignored. (Type does not exist. (Typo?))
20:58:13.432 !!! [CE][DE][SPAWNS] :: [WARNING] :: Skipping entry for non-existing event 'VehicleTransitBus'.
20:58:13.432 [CE][DE][SPAWNS] :: Total positions: 1038
20:58:13.432 [CE][DE][GROUPS] :: Total eventgroups defined: 83, Eventgroups in use: 83
20:58:13.454 [CE][Storage] ver:25 stamp:3096, valid:yes, name:"D:\steam\steamapps\common\DayZServer\mpmissions\dayzOffline.chernarusplus\storage_1\data\events.bin"
20:58:13.461 [CE][Storage] ver:25 stamp:3093, valid:yes, name:"D:\steam\steamapps\common\DayZServer\mpmissions\dayzOffline.chernarusplus\storage_1\data\events.001"
20:58:13.469 [CE][Storage] ver:25 stamp:3094, valid:yes, name:"D:\steam\steamapps\common\DayZServer\mpmissions\dayzOffline.chernarusplus\storage_1\data\events.002"
20:58:13.469 [CE][Storage] Restoring file "D:\steam\steamapps\common\DayZServer\mpmissions\dayzOffline.chernarusplus\storage_1\data\events.bin".
20:58:13.469 [CE][DynamicEvent] Load  Events:[51] Primary spawners: 51 Secondary spawners: 5
20:58:13.470 
20:58:13.470 [CE][DE] Scaling Spawner: 4
20:58:13.470 100 % == 1000 pcs
20:58:13.470 
20:58:13.470 [0] InfectedArmy :: dmax: 264.0, 5.1 % == 51 pcs
20:58:13.470 ZmbM_PatrolNormal_Autumn :: 30 % min: 15, max: 15
20:58:13.470 ZmbM_PatrolNormal_Flat :: 10 % min: 5, max: 5
20:58:13.470 ZmbM_PatrolNormal_PautRev :: 20 % min: 11, max: 11
20:58:13.470 ZmbM_PatrolNormal_Summer :: 10 % min: 5, max: 5
20:58:13.470 ZmbM_SoldierNormal :: 20 % min: 10, max: 10
20:58:13.470 ZmbM_usSoldier_normal_Woodland :: 5 % min: 5, max: 5
20:58:13.470   pcs: 51
20:58:13.470 
20:58:13.470 [1] InfectedArmyDesert :: dmax: 0.0, 1.0 % == 10 pcs
20:58:13.470 ZmbF_usSoldier_Heavy_Desert :: 10 % min: 1, max: 1
20:58:13.470 ZmbF_usSoldier_normal_Desert :: 45 % min: 5, max: 5
20:58:13.470 ZmbM_usSoldier_normal_Desert :: 45 % min: 4, max: 4
20:58:13.470   pcs: 10
20:58:13.470 
20:58:13.470 [2] InfectedArmyHard :: dmax: 163.0, 3.2 % == 31 pcs
20:58:13.470 ZmbM_PatrolNormal_Autumn :: 20 % min: 6, max: 6
20:58:13.470 ZmbM_PatrolNormal_Flat :: 10 % min: 3, max: 3
20:58:13.470 ZmbM_PatrolNormal_PautRev :: 20 % min: 7, max: 7
20:58:13.470 ZmbM_PatrolNormal_Summer :: 10 % min: 3, max: 3
20:58:13.470 ZmbM_SoldierNormal :: 20 % min: 6, max: 6
20:58:13.470 ZmbM_usSoldier_Heavy_Woodland :: 5 % min: 1, max: 1
20:58:13.470 ZmbM_usSoldier_normal_Woodland :: 5 % min: 5, max: 5
20:58:13.470   pcs: 31
20:58:13.470 
20:58:13.470 [3] InfectedCity :: dmax: 249.0, 4.8 % == 48 pcs
20:58:13.470 ZmbF_BlueCollarFat_White :: 7 % min: 3, max: 3
20:58:13.470 ZmbF_CitizenANormal_Beige :: 3 % min: 2, max: 2
20:58:13.470 ZmbF_CitizenANormal_Blue :: 3 % min: 1, max: 1
20:58:13.470 ZmbF_CitizenBSkinny :: 7 % min: 4, max: 4
20:58:13.470 ZmbF_Clerk_Normal_Blue :: 2 % min: 1, max: 1
20:58:13.470 ZmbF_Clerk_Normal_Red :: 2 % min: 1, max: 1
20:58:13.470 ZmbF_Clerk_Normal_White :: 2 % min: 0, max: 0
20:58:13.470 ZmbF_JournalistNormal_Blue :: 2 % min: 1, max: 1
20:58:13.470 ZmbF_JournalistNormal_Green :: 2 % min: 1, max: 1
20:58:13.470 ZmbF_JournalistNormal_Red :: 2 % min: 1, max: 1
20:58:13.470 ZmbF_ShortSkirt_beige :: 2 % min: 1, max: 1
20:58:13.470 ZmbF_ShortSkirt_brown :: 2 % min: 1, max: 1
20:58:13.470 ZmbF_ShortSkirt_checks :: 2 % min: 1, max: 1
20:58:13.470 ZmbF_ShortSkirt_green :: 2 % min: 1, max: 1
20:58:13.470 ZmbF_ShortSkirt_grey :: 2 % min: 1, max: 1
20:58:13.470 ZmbF_ShortSkirt_white :: 2 % min: 1, max: 1
20:58:13.470 ZmbF_ShortSkirt_yellow :: 2 % min: 1, max: 1
20:58:13.470 ZmbF_SkaterYoung_Brown :: 2 % min: 1, max: 1
20:58:13.470 ZmbF_SkaterYoung_Striped :: 2 % min: 1, max: 1
20:58:13.470 ZmbF_SkaterYoung_Violet :: 2 % min: 1, max: 1
20:58:13.470 ZmbF_SurvivorNormal_Blue :: 2 % min: 1, max: 1
20:58:13.470 ZmbF_SurvivorNormal_Red :: 2 % min: 1, max: 1
20:58:13.470 ZmbF_SurvivorNormal_White :: 2 % min: 1, max: 1
20:58:13.470 ZmbM_CitizenASkinny_Blue :: 2 % min: 1, max: 1
20:58:13.470 ZmbM_CitizenASkinny_Grey :: 2 % min: 1, max: 1
20:58:13.470 ZmbM_CitizenASkinny_Red :: 2 % min: 1, max: 1
20:58:13.470 ZmbM_CitizenBFat_Blue :: 2 % min: 1, max: 1
20:58:13.470 ZmbM_CitizenBFat_Green :: 2 % min: 1, max: 1
20:58:13.470 ZmbM_CitizenBFat_Red :: 2 % min: 1, max: 1
20:58:13.470 ZmbM_ClerkFat_Grey :: 2 % min: 1, max: 1
20:58:13.470 ZmbM_ClerkFat_Khaki :: 2 % min: 1, max: 1
20:58:13.470 ZmbM_ClerkFat_White :: 2 % min: 0, max: 0
20:58:13.470 ZmbM_CommercialPilotOld_Blue :: 2 % min: 1, max: 1
20:58:13.470 ZmbM_CommercialPilotOld_Brown :: 2 % min: 1, max: 1
20:58:13.470 ZmbM_CommercialPilotOld_Olive :: 2 % min: 1, max: 1
20:58:13.470 ZmbM_Gamedev_Black :: 2 % min: 1, max: 1
20:58:13.470 ZmbM_Gamedev_Blue :: 2 % min: 1, max: 1
20:58:13.470 ZmbM_Gamedev_Gray :: 2 % min: 1, max: 1
20:58:13.470 ZmbM_JournalistSkinny :: 6 % min: 3, max: 3
20:58:13.470 ZmbM_MotobikerFat_Beige :: 6 % min: 3, max: 3
20:58:13.470 ZmbM_SkaterYoung_Brown :: 2 % min: 0, max: 0
20:58:13.470 ZmbM_SkaterYoung_Green :: 2 % min: 0, max: 0
20:58:13.470 ZmbM_SkaterYoung_Grey :: 2 % min: 0, max: 0
20:58:13.470   pcs: 48
20:58:13.470 
20:58:13.470 [4] InfectedCityTier1 :: dmax: 660.0, 12.8 % == 127 pcs
20:58:13.470 ZmbF_CitizenANormal_Brown :: 8 % min: 10, max: 10
20:58:13.470 ZmbF_Clerk_Normal_Green :: 8 % min: 10, max: 10
20:58:13.470 ZmbF_JournalistNormal_White :: 8 % min: 10, max: 10
20:58:13.470 ZmbF_ShortSkirt_Black :: 8 % min: 11, max: 11
20:58:13.470 ZmbF_ShortSkirt_red :: 8 % min: 10, max: 10
20:58:13.470 ZmbF_ShortSkirt_stripes :: 8 % min: 10, max: 10
20:58:13.470 ZmbF_SurvivorNormal_Orange :: 8 % min: 10, max: 10
20:58:13.470 ZmbM_CitizenASkinny_Brown :: 10 % min: 13, max: 13
20:58:13.470 ZmbM_ClerkFat_Brown :: 10 % min: 13, max: 13
20:58:13.470 ZmbM_CommercialPilotOld_Grey :: 8 % min: 10, max: 10
20:58:13.470 ZmbM_MotobikerFat_Black :: 8 % min: 10, max: 10
20:58:13.470 ZmbM_SkaterYoung_Blue :: 8 % min: 10, max: 10
20:58:13.470   pcs: 127
20:58:13.470 
20:58:13.470 [5] InfectedFirefighter :: dmax: 45.0, 0.9 % == 8 pcs
20:58:13.470 ZmbM_FirefighterNormal :: 90 % min: 7, max: 7
20:58:13.470 ZmbM_NBC_Yellow :: 10 % min: 1, max: 1
20:58:13.470   pcs: 8
20:58:13.470 
20:58:13.470 [6] InfectedIndustrial :: dmax: 512.0, 9.9 % == 99 pcs
20:58:13.470 ZmbF_BlueCollarFat_Blue :: 4 % min: 4, max: 4
20:58:13.470 ZmbF_BlueCollarFat_Green :: 4 % min: 4, max: 4
20:58:13.470 ZmbF_BlueCollarFat_Red :: 4 % min: 4, max: 4
20:58:13.470 ZmbF_BlueCollarFat_White :: 4 % min: 4, max: 4
20:58:13.470 ZmbF_MechanicNormal_Beige :: 4 % min: 4, max: 4
20:58:13.470 ZmbF_MechanicNormal_Green :: 4 % min: 4, max: 4
20:58:13.470 ZmbF_MechanicNormal_Grey :: 4 % min: 4, max: 4
20:58:13.470 ZmbF_MechanicNormal_Orange :: 4 % min: 4, max: 4
20:58:13.470 ZmbM_ConstrWorkerNormal_Beige :: 4 % min: 4, max: 4
20:58:13.470 ZmbM_ConstrWorkerNormal_Black :: 4 % min: 4, max: 4
20:58:13.470 ZmbM_ConstrWorkerNormal_Green :: 4 % min: 4, max: 4
20:58:13.470 ZmbM_ConstrWorkerNormal_Grey :: 4 % min: 4, max: 4
20:58:13.470 ZmbM_HandymanNormal_Beige :: 4 % min: 3, max: 3
20:58:13.470 ZmbM_HandymanNormal_Blue :: 4 % min: 4, max: 4
20:58:13.470 ZmbM_HandymanNormal_Green :: 4 % min: 4, max: 4
20:58:13.470 ZmbM_HandymanNormal_Grey :: 4 % min: 4, max: 4
20:58:13.470 ZmbM_HandymanNormal_White :: 4 % min: 4, max: 4
20:58:13.470 ZmbM_HeavyIndustryWorker :: 4 % min: 4, max: 4
20:58:13.470 ZmbM_MechanicSkinny_Blue :: 4 % min: 4, max: 4
20:58:13.470 ZmbM_MechanicSkinny_Green :: 4 % min: 4, max: 4
20:58:13.470 ZmbM_MechanicSkinny_Grey :: 4 % min: 4, max: 4
20:58:13.470 ZmbM_MechanicSkinny_Red :: 4 % min: 4, max: 4
20:58:13.470 ZmbM_OffshoreWorker_Green :: 3 % min: 3, max: 3
20:58:13.470 ZmbM_OffshoreWorker_Orange :: 3 % min: 3, max: 3
20:58:13.470 ZmbM_OffshoreWorker_Red :: 3 % min: 3, max: 3
20:58:13.470 ZmbM_OffshoreWorker_Yellow :: 3 % min: 3, max: 3
20:58:13.470   pcs: 99
20:58:13.470 
20:58:13.470 [7] InfectedMedic :: dmax: 115.0, 2.2 % == 22 pcs
20:58:13.470 ZmbF_DoctorSkinny :: 10 % min: 2, max: 2
20:58:13.470 ZmbF_NurseFat :: 7 % min: 2, max: 2
20:58:13.470 ZmbF_ParamedicNormal_Blue :: 7 % min: 1, max: 1
20:58:13.470 ZmbF_ParamedicNormal_Green :: 7 % min: 2, max: 2
20:58:13.470 ZmbF_ParamedicNormal_Red :: 7 % min: 1, max: 1
20:58:13.470 ZmbF_PatientOld :: 7 % min: 2, max: 2
20:58:13.470 ZmbM_DoctorFat :: 10 % min: 2, max: 2
20:58:13.470 ZmbM_NBC_Yellow :: 10 % min: 2, max: 2
20:58:13.470 ZmbM_ParamedicNormal_Black :: 7 % min: 2, max: 2
20:58:13.470 ZmbM_ParamedicNormal_Blue :: 7 % min: 1, max: 1
20:58:13.470 ZmbM_ParamedicNormal_Green :: 7 % min: 2, max: 2
20:58:13.470 ZmbM_ParamedicNormal_Red :: 7 % min: 1, max: 1
20:58:13.470 ZmbM_PatientSkinny :: 7 % min: 2, max: 2
20:58:13.470   pcs: 22
20:58:13.470 
20:58:13.470 [8] InfectedNBC :: dmax: 14.0, 0.3 % == 2 pcs
20:58:13.470 ZmbM_NBC_Grey :: 100 % min: 2, max: 2
20:58:13.470   pcs: 2
20:58:13.470 
20:58:13.470 [9] InfectedPolice :: dmax: 105.0, 2.0 % == 20 pcs
20:58:13.470 ZmbF_PoliceWomanNormal :: 40 % min: 8, max: 8
20:58:13.470 ZmbM_PolicemanFat :: 40 % min: 8, max: 8
20:58:13.470 ZmbM_PolicemanSpecForce :: 0 % min: 0, max: 0
20:58:13.470 ZmbM_PolicemanSpecForce_Heavy :: 0 % min: 4, max: 4
20:58:13.470   pcs: 20
20:58:13.470 
20:58:13.470 [10] InfectedPoliceHard :: dmax: 0.0, 1.0 % == 10 pcs
20:58:13.470 ZmbM_PolicemanSpecForce_Heavy :: 90 % min: 9, max: 9
20:58:13.470 ZmbM_PrisonerSkinny :: 0 % min: 1, max: 1
20:58:13.470   pcs: 10
20:58:13.470 
20:58:13.470 [11] InfectedPrisoner :: dmax: 24.0, 0.5 % == 4 pcs
20:58:13.470 ZmbM_PrisonerSkinny :: 100 % min: 4, max: 4
20:58:13.470   pcs: 4
20:58:13.470 
20:58:13.470 [12] InfectedReligious :: dmax: 112.0, 2.2 % == 21 pcs
20:58:13.470 ZmbM_priestPopSkinny :: 100 % min: 21, max: 21
20:58:13.470   pcs: 21
20:58:13.470 
20:58:13.470 [13] InfectedSanta :: dmax: 0.0, 1.0 % == 10 pcs
20:58:13.470 ZmbM_Santa :: 100 % min: 10, max: 10
20:58:13.470   pcs: 10
20:58:13.470 
20:58:13.470 [14] InfectedSolitude :: dmax: 657.0, 12.7 % == 127 pcs
20:58:13.470 ZmbF_HikerSkinny_Blue :: 5 % min: 6, max: 6
20:58:13.470 ZmbF_HikerSkinny_Green :: 5 % min: 7, max: 7
20:58:13.470 ZmbF_HikerSkinny_Grey :: 5 % min: 6, max: 6
20:58:13.470 ZmbF_HikerSkinny_Red :: 5 % min: 6, max: 6
20:58:13.470 ZmbM_FishermanOld_Blue :: 5 % min: 7, max: 7
20:58:13.470 ZmbM_FishermanOld_Green :: 5 % min: 6, max: 6
20:58:13.470 ZmbM_FishermanOld_Grey :: 5 % min: 6, max: 6
20:58:13.470 ZmbM_FishermanOld_Red :: 5 % min: 7, max: 7
20:58:13.470 ZmbM_HermitSkinny_Beige :: 5 % min: 6, max: 6
20:58:13.470 ZmbM_HermitSkinny_Black :: 5 % min: 6, max: 6
20:58:13.470 ZmbM_HermitSkinny_Green :: 5 % min: 7, max: 7
20:58:13.470 ZmbM_HermitSkinny_Red :: 5 % min: 6, max: 6
20:58:13.470 ZmbM_HikerSkinny_Blue :: 5 % min: 7, max: 7
20:58:13.470 ZmbM_HikerSkinny_Green :: 5 % min: 6, max: 6
20:58:13.470 ZmbM_HikerSkinny_Yellow :: 5 % min: 6, max: 6
20:58:13.470 ZmbM_HunterOld_Autumn :: 10 % min: 13, max: 13
20:58:13.470 ZmbM_HunterOld_Spring :: 5 % min: 6, max: 6
20:58:13.470 ZmbM_HunterOld_Summer :: 5 % min: 7, max: 7
20:58:13.470 ZmbM_HunterOld_Winter :: 5 % min: 6, max: 6
20:58:13.470   pcs: 127
20:58:13.470 
20:58:13.470 [15] InfectedVillage :: dmax: 1616.0, 31.3 % == 313 pcs
20:58:13.470 ZmbF_JoggerSkinny_Blue :: 7 % min: 22, max: 22
20:58:13.470 ZmbF_JoggerSkinny_Brown :: 6 % min: 19, max: 19
20:58:13.470 ZmbF_JoggerSkinny_Green :: 7 % min: 22, max: 22
20:58:13.470 ZmbF_MilkMaidOld_Beige :: 2 % min: 6, max: 6
20:58:13.470 ZmbF_MilkMaidOld_Black :: 2 % min: 6, max: 6
20:58:13.470 ZmbF_MilkMaidOld_Grey :: 2 % min: 6, max: 6
20:58:13.470 ZmbF_VillagerOld_Green :: 2 % min: 7, max: 7
20:58:13.470 ZmbF_VillagerOld_Red :: 2 % min: 6, max: 6
20:58:13.470 ZmbF_VillagerOld_White :: 2 % min: 6, max: 6
20:58:13.470 ZmbM_FarmerFat_Blue :: 2 % min: 6, max: 6
20:58:13.470 ZmbM_FarmerFat_Brown :: 2 % min: 7, max: 7
20:58:13.470 ZmbM_FarmerFat_Green :: 2 % min: 6, max: 6
20:58:13.470 ZmbM_Jacket_beige :: 6 % min: 19, max: 19
20:58:13.470 ZmbM_Jacket_black :: 6 % min: 18, max: 18
20:58:13.470 ZmbM_Jacket_blue :: 6 % min: 19, max: 19
20:58:13.470 ZmbM_Jacket_brown :: 6 % min: 19, max: 19
20:58:13.470 ZmbM_Jacket_greenchecks :: 6 % min: 19, max: 19
20:58:13.470 ZmbM_Jacket_grey :: 6 % min: 19, max: 19
20:58:13.470 ZmbM_Jacket_khaki :: 6 % min: 18, max: 18
20:58:13.470 ZmbM_Jacket_stripes :: 6 % min: 19, max: 19
20:58:13.470 ZmbM_JoggerSkinny_Blue :: 5 % min: 16, max: 16
20:58:13.470 ZmbM_JoggerSkinny_Green :: 5 % min: 15, max: 15
20:58:13.470 ZmbM_VillagerOld_Blue :: 2 % min: 7, max: 7
20:58:13.470 ZmbM_VillagerOld_White :: 2 % min: 6, max: 6
20:58:13.470   pcs: 313
20:58:13.470 
20:58:13.470 [16] InfectedVillageTier1 :: dmax: 621.0, 12.0 % == 120 pcs
20:58:13.470 ZmbF_JoggerSkinny_Red :: 17 % min: 20, max: 20
20:58:13.470 ZmbF_MilkMaidOld_Green :: 5 % min: 6, max: 6
20:58:13.470 ZmbF_VillagerOld_Blue :: 17 % min: 21, max: 21
20:58:13.470 ZmbM_FarmerFat_Beige :: 5 % min: 6, max: 6
20:58:13.470 ZmbM_Jacket_bluechecks :: 17 % min: 20, max: 20
20:58:13.470 ZmbM_Jacket_magenta :: 17 % min: 21, max: 21
20:58:13.470 ZmbM_JoggerSkinny_Red :: 17 % min: 20, max: 20
20:58:13.470 ZmbM_VillagerOld_Green :: 5 % min: 6, max: 6
20:58:13.470   pcs: 120
20:58:13.470 
20:58:13.470   total pcs: 1023
20:58:13.470 
20:58:13.483 [CE][Storage] ver:26 stamp:3096, valid:yes, name:"D:\steam\steamapps\common\DayZServer\mpmissions\dayzOffline.chernarusplus\storage_1\data\dynamic_000.bin"
20:58:13.515 [CE][Storage] ver:26 stamp:3093, valid:yes, name:"D:\steam\steamapps\common\DayZServer\mpmissions\dayzOffline.chernarusplus\storage_1\data\dynamic_000.001"
20:58:13.545 [CE][Storage] ver:26 stamp:3094, valid:yes, name:"D:\steam\steamapps\common\DayZServer\mpmissions\dayzOffline.chernarusplus\storage_1\data\dynamic_000.002"
20:58:13.545 [CE][Storage] Restoring file "D:\steam\steamapps\common\DayZServer\mpmissions\dayzOffline.chernarusplus\storage_1\data\dynamic_000.bin" 914 items.
20:58:13.547 Warning: No components in dz\gear\consumables\bait_hook.p3d:geometry
20:58:13.547 Warning: No components in dz\gear\food\bait_worm.p3d:geometry
20:58:13.547 Warning Message: No entry 'bin\config.bin/CfgNonAIVehicles/Proxybait_worm.AnimationSources'.
20:58:13.547 Warning Message: Animation source Bait_Hooked not found in bin\config.bin/CfgNonAIVehicles/Proxybait_worm/
20:58:13.547 Warning Message: No entry 'bin\config.bin/CfgNonAIVehicles/Proxybait_worm.AnimationSources'.
20:58:13.547 Warning Message: Animation source Bait_Unhooked not found in bin\config.bin/CfgNonAIVehicles/Proxybait_worm/
20:58:13.587 Warning: No components in dz\characters\vests\hunter_vest_m.p3d:geometry
20:58:13.587 Warning: No components in dz\characters\vests\hunter_vest_f.p3d:geometry
20:58:13.591 Warning: No components in dz\characters\backpacks\armypouch_g.p3d:geometryView
20:58:13.592 Warning: No components in dz\characters\backpacks\armypouch_m.p3d:geometry
20:58:13.617 Warning: No components in dz\characters\backpacks\armypouch_f.p3d:geometry
20:58:13.622 Warning: No components in dz\characters\tops\hunting_jacket_m.p3d:geometry
20:58:13.622 Warning: No components in dz\characters\tops\hunting_jacket_f.p3d:geometry
20:58:13.625 Warning: No components in dz\weapons\attachments\optics\optic_hunting.p3d:geometry
20:58:13.625 Warning: No components in dz\weapons\attachments\optics\optic_hunting.p3d:geometryView
20:58:13.625 Warning Message: No entry 'bin\config.bin/CfgNonAIVehicles/ProxyOptic_Hunting.AnimationSources'.
20:58:13.625 Warning Message: Animation source hide not found in bin\config.bin/CfgNonAIVehicles/ProxyOptic_Hunting/
20:58:13.625 Warning Message: No entry 'bin\config.bin/CfgNonAIVehicles/ProxyOptic_Hunting.AnimationSources'.
20:58:13.625 Warning Message: Animation source rings_ris not found in bin\config.bin/CfgNonAIVehicles/ProxyOptic_Hunting/
20:58:13.625 Warning Message: No entry 'bin\config.bin/CfgNonAIVehicles/ProxyOptic_Hunting.AnimationSources'.
20:58:13.625 Warning Message: Animation source rings_ris_pilot not found in bin\config.bin/CfgNonAIVehicles/ProxyOptic_Hunting/
20:58:13.625 Warning Message: No entry 'bin\config.bin/CfgNonAIVehicles/ProxyOptic_Hunting.AnimationSources'.
20:58:13.625 Warning Message: Animation source rings_winchester not found in bin\config.bin/CfgNonAIVehicles/ProxyOptic_Hunting/
20:58:13.625 Warning Message: No entry 'bin\config.bin/CfgNonAIVehicles/ProxyOptic_Hunting.AnimationSources'.
20:58:13.625 Warning Message: Animation source rings_winchester_pilot not found in bin\config.bin/CfgNonAIVehicles/ProxyOptic_Hunting/
20:58:13.633 Warning: No components in dz\weapons\ammunition\9mm_looserounds.p3d:geometry
20:58:13.637 Warning: No components in dz\gear\consumables\pile_of_planks.p3d:geometry
20:58:13.637 Warning: No components in dz\gear\consumables\pile_of_planks.p3d:geometryFire
20:58:13.646 Warning Message: No entry 'bin\config.bin/CfgNonAIVehicles/ProxyOptic_Pistol.AnimationSources'.
20:58:13.646 Warning Message: Animation source hide not found in bin\config.bin/CfgNonAIVehicles/ProxyOptic_Pistol/
20:58:13.652 Warning: No components in dz\characters\shoes\hikingboots_low_m.p3d:geometry
20:58:13.652 Warning: No components in dz\characters\shoes\hikingboots_low_f.p3d:geometry
20:58:13.655 Warning: No components in dz\characters\headgear\zmijovkacap_m.p3d:geometry
20:58:13.656 Warning: No components in dz\characters\headgear\zmijovkacap_f.p3d:geometry
20:58:13.658 Warning: No components in dz\characters\masks\vintagehockeymask_m.p3d:geometry
20:58:13.658 Warning: No components in dz\characters\masks\vintagehockeymask_m.p3d:geometryFire
20:58:13.658 Warning: No components in dz\characters\masks\vintagehockeymask_m.p3d:geometryView
20:58:13.658 Warning: No components in dz\characters\masks\vintagehockeymask_f.p3d:geometry
20:58:13.658 Warning: No components in dz\characters\masks\vintagehockeymask_f.p3d:geometryFire
20:58:13.658 Warning: No components in dz\characters\masks\vintagehockeymask_f.p3d:geometryView
20:58:13.662 Warning: No components in dz\characters\tops\tracksuit_jacket_m.p3d:geometry
20:58:13.663 Warning: No components in dz\characters\tops\tracksuit_jacket_f.p3d:geometry
20:58:13.669 Warning: No components in dz\characters\tops\minidress_m.p3d:geometry
20:58:13.669 Warning: No components in dz\characters\tops\minidress_f.p3d:geometry
20:58:13.678 Warning: No components in dz\characters\backpacks\drybag_m.p3d:geometry
20:58:13.679 Warning: No components in dz\characters\backpacks\drybag_f.p3d:geometry
20:58:13.685 Warning: No components in dz\weapons\ammunition\12ga_rifled_slug.p3d:geometry
20:58:13.688 Warning: No components in dz\weapons\attachments\optics\optic_hunting.p3d:geometry
20:58:13.688 Warning: No components in dz\weapons\attachments\optics\optic_hunting.p3d:geometryView
20:58:13.696 Warning: No components in dz\weapons\proxies\muzzle_flash_rifle_m4.p3d:geometry
20:58:13.706 Warning Message: No entry 'bin\config.bin/CfgNonAIVehicles/ProxyOptic_PUScope.AnimationSources'.
20:58:13.706 Warning Message: Animation source hide not found in bin\config.bin/CfgNonAIVehicles/ProxyOptic_PUScope/
20:58:13.712 Warning: No components in dz\characters\shoes\joggingshoes_m.p3d:geometry
20:58:13.713 Warning: No components in dz\characters\shoes\joggingshoes_f.p3d:geometry
20:58:13.714 Warning Message: No entry 'bin\config.bin/CfgVehicles/NylonKnifeSheath.ClothingTypes'.
20:58:13.722 Warning: No components in dz\characters\headgear\constructionhelmet_m.p3d:geometry
20:58:13.722 Warning: No components in dz\characters\headgear\constructionhelmet_f.p3d:geometry
20:58:13.741 Warning: No components in dz\characters\backpacks\taloon_m.p3d:geometry
20:58:13.741 Warning: No components in dz\characters\backpacks\taloon_f.p3d:geometry
20:58:13.743 Warning: No components in dz\characters\pants\hunterpants_m.p3d:geometry
20:58:13.744 Warning: No components in dz\characters\pants\hunterpants_f.p3d:geometry
20:58:13.752 Warning: No components in dz\characters\vests\chest_holster_m.p3d:geometry
20:58:13.753 Warning: No components in dz\characters\vests\chest_holster_f.p3d:geometry
20:58:13.760 Warning: No components in dz\characters\tops\woolcoat_m.p3d:geometry
20:58:13.760 Warning: No components in dz\characters\tops\woolcoat_f.p3d:geometry
20:58:13.774 Warning: No components in dz\characters\tops\militarysweater_m.p3d:geometry
20:58:13.786 Warning: No components in dz\characters\tops\militarysweater_f.p3d:geometry
20:58:13.792 Warning: No components in dz\characters\tops\bomberjacket_m.p3d:geometry
20:58:13.792 Warning: No components in dz\characters\tops\bomberjacket_f.p3d:geometry
20:58:13.797  WORLD        : Create entity type 'Headtorch_Black'
20:58:13.797   ENTITY    (E): Type 'Inventory_BaseType' must be inherited from class 'ClothingType'
20:58:13.797 Warning: No components in dz\characters\headgear\headtorch_ground.p3d:geometry
20:58:13.797 Warning Message: No entry 'bin\config.bin/CfgVehicles/Headtorch_ColorBase/Reflectors/Beam.color'.
20:58:13.797 Warning Message: Size: '/' not an array
20:58:13.797 Warning Message: Size: '/' not an array
20:58:13.797 Warning Message: No entry 'bin\config.bin/CfgVehicles/Headtorch_ColorBase/Reflectors/Beam.radius'.
20:58:13.797 Warning Message: Trying to access error value.
20:58:13.797 Warning Message: No entry 'bin\config.bin/CfgVehicles/Headtorch_ColorBase/Reflectors/Beam.position'.
20:58:13.797 Warning Message: Trying to access error value.
20:58:13.797 Warning Message: No entry 'bin\config.bin/CfgVehicles/Headtorch_ColorBase/Reflectors/Beam.direction'.
20:58:13.797 Warning Message: Trying to access error value.
20:58:13.798 Warning: No components in dz\characters\headgear\headtorch_m.p3d:geometry
20:58:13.798 Warning Message: No entry 'bin\config.bin/CfgVehicles/Headtorch_ColorBase/Reflectors/Beam.color'.
20:58:13.798 Warning Message: Size: '/' not an array
20:58:13.798 Warning Message: Size: '/' not an array
20:58:13.798 Warning Message: No entry 'bin\config.bin/CfgVehicles/Headtorch_ColorBase/Reflectors/Beam.radius'.
20:58:13.798 Warning Message: Trying to access error value.
20:58:13.798 Warning Message: No entry 'bin\config.bin/CfgVehicles/Headtorch_ColorBase/Reflectors/Beam.position'.
20:58:13.798 Warning Message: Trying to access error value.
20:58:13.798 Warning Message: No entry 'bin\config.bin/CfgVehicles/Headtorch_ColorBase/Reflectors/Beam.direction'.
20:58:13.798 Warning Message: Trying to access error value.
20:58:13.799 Warning: No components in dz\characters\headgear\headtorch_f.p3d:geometry
20:58:13.799 Warning Message: No entry 'bin\config.bin/CfgVehicles/Headtorch_ColorBase/Reflectors/Beam.color'.
20:58:13.799 Warning Message: Size: '/' not an array
20:58:13.799 Warning Message: Size: '/' not an array
20:58:13.799 Warning Message: No entry 'bin\config.bin/CfgVehicles/Headtorch_ColorBase/Reflectors/Beam.radius'.
20:58:13.799 Warning Message: Trying to access error value.
20:58:13.799 Warning Message: No entry 'bin\config.bin/CfgVehicles/Headtorch_ColorBase/Reflectors/Beam.position'.
20:58:13.799 Warning Message: Trying to access error value.
20:58:13.799 Warning Message: No entry 'bin\config.bin/CfgVehicles/Headtorch_ColorBase/Reflectors/Beam.direction'.
20:58:13.799 Warning Message: Trying to access error value.
20:58:13.801 Warning: No components in dz\weapons\attachments\magazine\magazine_ruger1022_30.p3d:geometry
20:58:13.806 Warning: No components in dz\characters\pants\canvaspants_long_m.p3d:geometry
20:58:13.806 Warning: No components in dz\characters\pants\canvaspants_long_f.p3d:geometry
20:58:13.807 Warning: No components in dz\weapons\ammunition\9x39_looserounds.p3d:geometry
20:58:13.808 Warning: No components in dz\characters\headgear\militaryberet_chdkz_g.p3d:geometryFire
20:58:13.809 Warning: No components in dz\characters\headgear\militaryberet_chdkz_m.p3d:geometry
20:58:13.809 Warning: No components in dz\characters\headgear\militaryberet_chdkz_f.p3d:geometry
20:58:13.836 Warning: No components in dz\weapons\ammunition\545x39_looserounds.p3d:geometry
20:58:13.838 Warning: No components in dz\characters\tops\shirt_m.p3d:geometry
20:58:13.839 Warning: No components in dz\characters\tops\shirt_f.p3d:geometry
20:58:13.842 Warning: No components in dz\characters\tops\raincoat_f.p3d:geometry
20:58:13.854 Warning: No components in dz\weapons\ammunition\556_looserounds.p3d:geometry
20:58:13.856 Warning: No components in dz\characters\headgear\flatcap.p3d:geometry
20:58:13.859 Warning: No components in dz\characters\vests\pressvest_m.p3d:geometry
20:58:13.860 Warning: No components in dz\characters\vests\proxy\proxy_grenade_a.p3d:geometry
20:58:13.860 Warning: No components in dz\characters\vests\proxy\proxy_grenade_b.p3d:geometry
20:58:13.860 Warning: No components in dz\characters\vests\proxy\proxy_grenade_c.p3d:geometry
20:58:13.860 Warning: No components in dz\characters\vests\proxy\proxy_grenade_d.p3d:geometry
20:58:13.860 Warning: No components in dz\characters\vests\pressvest_f.p3d:geometry
20:58:13.862 Warning: No components in dz\characters\shoes\sneakers_m.p3d:geometry
20:58:13.862 Warning: No components in dz\characters\shoes\sneakers_f.p3d:geometry
20:58:13.864 Warning: No components in dz\characters\headgear\baseballcap_m.p3d:geometry
20:58:13.864 Warning: No components in dz\characters\headgear\baseballcap_f.p3d:geometry
20:58:13.869 Warning: No components in dz\gear\tools\metal_pipe.p3d:geometry
20:58:13.878  WORLD        : Create entity type 'Headtorch_Grey'
20:58:13.878   ENTITY    (E): Type 'Inventory_BaseType' must be inherited from class 'ClothingType'
20:58:13.878 Warning Message: No entry 'bin\config.bin/CfgVehicles/Headtorch_ColorBase/Reflectors/Beam.color'.
20:58:13.878 Warning Message: Size: '/' not an array
20:58:13.878 Warning Message: Size: '/' not an array
20:58:13.878 Warning Message: No entry 'bin\config.bin/CfgVehicles/Headtorch_ColorBase/Reflectors/Beam.radius'.
20:58:13.878 Warning Message: Trying to access error value.
20:58:13.878 Warning Message: No entry 'bin\config.bin/CfgVehicles/Headtorch_ColorBase/Reflectors/Beam.position'.
20:58:13.878 Warning Message: Trying to access error value.
20:58:13.878 Warning Message: No entry 'bin\config.bin/CfgVehicles/Headtorch_ColorBase/Reflectors/Beam.direction'.
20:58:13.878 Warning Message: Trying to access error value.
20:58:13.878 Warning Message: No entry 'bin\config.bin/CfgVehicles/Headtorch_ColorBase/Reflectors/Beam.color'.
20:58:13.878 Warning Message: Size: '/' not an array
20:58:13.878 Warning Message: Size: '/' not an array
20:58:13.878 Warning Message: No entry 'bin\config.bin/CfgVehicles/Headtorch_ColorBase/Reflectors/Beam.radius'.
20:58:13.878 Warning Message: Trying to access error value.
20:58:13.878 Warning Message: No entry 'bin\config.bin/CfgVehicles/Headtorch_ColorBase/Reflectors/Beam.position'.
20:58:13.878 Warning Message: Trying to access error value.
20:58:13.878 Warning Message: No entry 'bin\config.bin/CfgVehicles/Headtorch_ColorBase/Reflectors/Beam.direction'.
20:58:13.878 Warning Message: Trying to access error value.
20:58:13.878 Warning Message: No entry 'bin\config.bin/CfgVehicles/Headtorch_ColorBase/Reflectors/Beam.color'.
20:58:13.878 Warning Message: Size: '/' not an array
20:58:13.878 Warning Message: Size: '/' not an array
20:58:13.878 Warning Message: No entry 'bin\config.bin/CfgVehicles/Headtorch_ColorBase/Reflectors/Beam.radius'.
20:58:13.878 Warning Message: Trying to access error value.
20:58:13.878 Warning Message: No entry 'bin\config.bin/CfgVehicles/Headtorch_ColorBase/Reflectors/Beam.position'.
20:58:13.878 Warning Message: Trying to access error value.
20:58:13.878 Warning Message: No entry 'bin\config.bin/CfgVehicles/Headtorch_ColorBase/Reflectors/Beam.direction'.
20:58:13.878 Warning Message: Trying to access error value.
20:58:13.879 Warning: No components in dz\weapons\ammunition\45acp_looserounds.p3d:geometry
20:58:13.884 Warning: No components in dz\weapons\melee\blunt\brassknuckles.p3d:geometry
20:58:13.910 Warning: No components in dz\characters\tops\gulagjacket_m.p3d:geometry
20:58:13.910 Warning: No components in dz\characters\tops\gulagjacket_f.p3d:geometry
20:58:13.919 Warning: No components in dz\weapons\ammunition\380auto_looserounds.p3d:geometry
20:58:13.946 Warning: No components in dz\weapons\shotguns\izh43\izh43.p3d:geometry
20:58:13.952 Warning: No components in dz\characters\shoes\workingboots_m.p3d:geometry
20:58:13.953 Warning: No components in dz\characters\shoes\workingboots_f.p3d:geometry
20:58:13.955 Warning: No components in dz\characters\backpacks\hunting_m.p3d:geometry
20:58:13.955 Warning: No components in dz\characters\backpacks\hunting_f.p3d:geometry
20:58:13.956 Warning: No components in dz\gear\crafting\bp_rope.p3d:geometry
20:58:13.960 Warning: No components in dz\gear\containers\waterproofbag.p3d:geometryView
20:58:13.965 Warning: No components in dz\characters\tops\pcu5jacket_f.p3d:geometry
20:58:13.969 Warning: No components in dz\characters\tops\quiltedjacket_m.p3d:geometry
20:58:13.969 Warning: No components in dz\characters\tops\quiltedjacket_f.p3d:geometry
20:58:13.975 Warning: No components in dz\weapons\ammunition\762x39_looserounds.p3d:geometry
20:58:13.982 Warning Message: No entry 'bin\config.bin/CfgVehicles/DirtBikeHelmet_Mouthguard.ClothingTypes'.
20:58:14.09  Warning: No components in dz\characters\headgear\cowboyhat.p3d:geometry
20:58:14.11  Warning: No components in dz\weapons\archery\crossbow\crossbow.p3d:geometry
20:58:14.12  Warning: No components in dz\weapons\projectiles\bolt_biggame.p3d:geometryFire
20:58:14.21  Warning: No components in dz\characters\headgear\shemaghybrid_m.p3d:geometry
20:58:14.21  Warning: No components in dz\characters\headgear\shemaghybrid_f.p3d:geometry
20:58:14.26  Warning: No components in dz\weapons\ammunition\12ga_00buck.p3d:geometry
20:58:14.75  Warning Message: No entry 'bin\config.bin/CfgVehicles/ChernarusMap.world'.
20:58:14.75  Warning Message: Trying to access error value.
20:58:14.86  Warning: No components in dz\gear\tools\wrench.p3d:geometry
20:58:14.99  Warning Message: Animation source CS_Raw not found in bin\config.bin/CfgVehicles/PotatoSeed/
20:58:14.99  Warning Message: Animation source CS_Rotten not found in bin\config.bin/CfgVehicles/PotatoSeed/
20:58:14.100 Warning Message: Animation source CS_Baked not found in bin\config.bin/CfgVehicles/PotatoSeed/
20:58:14.100 Warning Message: Animation source CS_Boiled not found in bin\config.bin/CfgVehicles/PotatoSeed/
20:58:14.100 Warning Message: Animation source CS_Dried not found in bin\config.bin/CfgVehicles/PotatoSeed/
20:58:14.100 Warning Message: Animation source CS_Burned not found in bin\config.bin/CfgVehicles/PotatoSeed/
20:58:14.103 Warning: No components in dz\weapons\ammunition\357_looserounds.p3d:geometry
20:58:14.117 Warning: No components in dz\gear\food\can_sardines.p3d:geometryFire
20:58:14.122 Warning: No components in dz\weapons\ammunition\22_looserounds.p3d:geometry
20:58:14.123 Warning: No components in dz\weapons\ammunition\308win_looserounds.p3d:geometry
20:58:14.131 Warning: No components in dz\characters\backpacks\duffelbagsmall_g.p3d:geometry
20:58:14.131 Warning: No components in dz\characters\backpacks\duffelbagsmall_g.p3d:geometryView
20:58:14.132 Warning: No components in dz\characters\backpacks\duffelbagsmall_m.p3d:geometry
20:58:14.132 Warning: No components in dz\characters\backpacks\duffelbagsmall_f.p3d:geometry
20:58:14.150 Warning: No components in dz\characters\vests\ukassvest_m.p3d:geometry
20:58:14.151 Warning: No components in dz\characters\vests\ukassvest_f.p3d:geometry
20:58:14.168 Warning: No components in dz\weapons\ammunition\762_looserounds.p3d:geometry
20:58:14.170 Warning: No components in dz\characters\headgear\protecskatehelmet2_f.p3d:geometry
20:58:14.175 Warning: No components in dz\characters\headgear\medicalscrubs_hat_f.p3d:geometry
20:58:14.181 Warning: No components in dz\characters\belts\mil_belt_m.p3d:geometry
20:58:14.182 Warning: No components in dz\characters\belts\mil_belt_f.p3d:geometry
20:58:14.188 Warning: No components in dz\characters\tops\usmc_jacket_m.p3d:geometry
20:58:14.189 Warning: No components in dz\characters\tops\usmc_jacket_f.p3d:geometry
20:58:14.192 Warning: No components in dz\characters\shoes\leathershoes_m.p3d:geometry
20:58:14.192 Warning: No components in dz\characters\shoes\leathershoes_f.p3d:geometry
20:58:14.195 Warning: No components in dz\characters\headgear\radarcap_m.p3d:geometry
20:58:14.196 Warning: No components in dz\characters\headgear\radarcap_f.p3d:geometry
20:58:14.205 Warning: No components in dz\characters\pants\slacks_m.p3d:geometry
20:58:14.206 Warning: No components in dz\characters\pants\slacks_f.p3d:geometry
20:58:14.212 Warning: No components in dz\weapons\attachments\magazine\magazine_mk2.p3d:geometryFire
20:58:14.216 Warning Message: No entry 'bin\config.bin/CfgNonAIVehicles/ProxyOptic_PSO1.AnimationSources'.
20:58:14.216 Warning Message: Animation source hide not found in bin\config.bin/CfgNonAIVehicles/ProxyOptic_PSO1/
20:58:14.224 Warning: No components in dz\weapons\ammunition\12ga_rubberrifled_slug.p3d:geometry
20:58:14.227 Warning: No components in dz\characters\headgear\booniehat.p3d:geometry
20:58:14.229 Warning: No components in dz\characters\masks\balaclava_m.p3d:geometry
20:58:14.229 Warning: No components in dz\characters\masks\balaclava_m.p3d:geometryFire
20:58:14.229 Warning: No components in dz\characters\masks\balaclava_m.p3d:geometryView
20:58:14.229 Warning: No components in dz\characters\masks\balaclava_f.p3d:geometry
20:58:14.229 Warning: No components in dz\characters\masks\balaclava_f.p3d:geometryFire
20:58:14.229 Warning: No components in dz\characters\masks\balaclava_f.p3d:geometryView
20:58:14.256 Warning: No components in dz\characters\shoes\combatboots_m.p3d:geometry
20:58:14.256 Warning: No components in dz\characters\shoes\combatboots_f.p3d:geometry
20:58:14.266 Warning: No components in dz\characters\headgear\hockey_helmet.p3d:geometry
20:58:14.272 Colt1911: bolt_fire_begin - unknown animation source reload
20:58:14.272 Colt1911: bolt_empty - unknown animation source isempty
20:58:14.272 Colt1911: bolt_reload_begin - unknown animation source reloadmagazine
20:58:14.272 Colt1911: bolt_fire_begin - unknown animation source reload
20:58:14.272 Colt1911: bolt_empty - unknown animation source isempty
20:58:14.272 Colt1911: bolt_reload_begin - unknown animation source reloadmagazine
20:58:14.344 Warning: No components in dz\characters\pants\tracksuit_pants_m.p3d:geometry
20:58:14.344 Warning: No components in dz\characters\pants\tracksuit_pants_f.p3d:geometry
20:58:14.352 Warning: No components in dz\characters\headgear\officerhat_m.p3d:geometry
20:58:14.352 Warning: No components in dz\characters\headgear\officerhat_f.p3d:geometry
20:58:14.376  WORLD        : Create entity type 'Megaphone'
20:58:14.376   ENTITY    (E): Type 'Inventory_BaseType' must be inherited from class 'ItemMegaphoneType'
20:58:14.386 Warning: No components in dz\characters\pants\cargopants_f.p3d:geometry
20:58:14.402 Warning: No components in dz\characters\pants\canvaspants_midi_m.p3d:geometry
20:58:14.402 Warning: No components in dz\characters\pants\canvaspants_midi_f.p3d:geometry
20:58:14.471 Warning: No components in dz\characters\headgear\mxhelmet.p3d:geometry
20:58:14.471 Warning: No components in dz\characters\headgear\mxhelmet_visor.p3d:geometry
20:58:14.471 Warning Message: No entry 'bin\config.bin/CfgVehicles/DirtBikeHelmet_Visor.ClothingTypes'.
20:58:14.487 Warning: No components in dz\weapons\projectiles\bolt_flying.p3d:geometry
20:58:14.492 Warning: No components in dz\characters\tops\m65_jacket_g.p3d:geometry
20:58:14.493 Warning: No components in dz\characters\tops\m65_jacket_m.p3d:geometry
20:58:14.493 Warning: No components in dz\characters\tops\m65_jacket_f.p3d:geometry
20:58:14.494 Warning: No components in dz\characters\pants\usmc_pants_m.p3d:geometry
20:58:14.494 Warning: No components in dz\characters\pants\usmc_pants_f.p3d:geometry
20:58:14.496 Warning: No components in dz\characters\tops\pcu5jacket_f_nopatches.p3d:geometry
20:58:14.509 Warning: No components in dz\characters\pants\medicalscrubs_pants_m.p3d:geometry
20:58:14.510 Warning: No components in dz\characters\pants\medicalscrubs_pants_f.p3d:geometry
20:58:14.569 Warning: No components in dz\characters\headgear\motohelmet.p3d:geometry
20:58:14.580 Warning: No components in dz\characters\tops\ttsko_jacket_g.p3d:geometry
20:58:14.580 Warning: No components in dz\characters\tops\ttsko_jacket_m.p3d:geometry
20:58:14.627 Warning: No components in dz\characters\pants\jumpsuit_pants_m.p3d:geometry
20:58:14.627 Warning: No components in dz\characters\pants\jumpsuit_pants_f.p3d:geometry
20:58:14.646 Warning: No components in dz\characters\shoes\traditionalboots_m.p3d:geometry
20:58:14.664 Warning: No components in dz\characters\shoes\traditionalboots_f.p3d:geometry
20:58:14.681 Warning: No components in dz\characters\tops\jumpsuit_top_m.p3d:geometry
20:58:14.681 Warning: No components in dz\characters\tops\jumpsuit_top_f.p3d:geometry
20:58:14.684 Warning: No components in dz\characters\headgear\wintercoif_m.p3d:geometry
20:58:14.684 Warning: No components in dz\characters\headgear\wintercoif_f.p3d:geometry
20:58:14.736 Warning: No components in dz\characters\headgear\beaniehat_m.p3d:geometry
20:58:14.736 Warning: No components in dz\characters\headgear\beaniehat_f.p3d:geometry
20:58:14.763 Warning: No components in dz\characters\headgear\sherpahat_m.p3d:geometry
20:58:14.763 Warning: No components in dz\characters\headgear\sherpahat_f.p3d:geometry
20:58:14.770 Warning: No components in dz\characters\headgear\helohelmet.p3d:geometry
20:58:14.778 Warning: No components in dz\characters\pants\paramedic_pants_m.p3d:geometry
20:58:14.778 Warning: No components in dz\characters\pants\paramedic_pants_f.p3d:geometry
20:58:14.857 Warning: No components in dz\characters\tops\denim_jacket_m.p3d:geometry
20:58:14.857 Warning: No components in dz\characters\tops\denim_jacket_f.p3d:geometry
20:58:14.897 Warning: No components in dz\characters\gloves\surgical_gloves_g.p3d:geometry
20:58:14.897 Warning: No components in dz\characters\gloves\surgical_gloves_m.p3d:geometry
20:58:14.898 Warning: No components in dz\characters\gloves\surgical_gloves_f.p3d:geometry
20:58:14.902 Warning: No components in dz\characters\tops\labcoat_m.p3d:geometry
20:58:14.903 Warning: No components in dz\characters\tops\labcoat_f.p3d:geometry
20:58:14.911 Warning: No components in dz\characters\backpacks\canvasbag_g.p3d:geometryView
20:58:14.911 Warning: No components in dz\characters\backpacks\canvasbag_m.p3d:geometry
20:58:14.912 Warning: No components in dz\characters\backpacks\canvasbag_f.p3d:geometry
20:58:14.926 Warning: No components in dz\characters\shoes\wellies_m.p3d:geometry
20:58:14.926 Warning: No components in dz\characters\shoes\wellies_f.p3d:geometry
20:58:14.951 Warning: No components in dz\characters\shoes\athleticshoes_m.p3d:geometry
20:58:14.952 Warning: No components in dz\characters\shoes\athleticshoes_f.p3d:geometry
20:58:14.959 Mag_STANAG_30Rnd: bullets - unknown animation source revolving
20:58:14.981 Warning: No components in dz\characters\headgear\bandanahybrid_m.p3d:geometry
20:58:14.981 Warning: No components in dz\characters\headgear\bandanahybrid_f.p3d:geometry
20:58:14.987 Warning: No components in dz\characters\shoes\militaryboots_m.p3d:geometry
20:58:14.987 Warning: No components in dz\characters\shoes\militaryboots_f.p3d:geometry
20:58:14.988 Warning: No components in dz\weapons\melee\blade\machete.p3d:geometry
20:58:15.06  Warning: No components in dz\weapons\attachments\magazine\magazine_saiga_drum.p3d:geometryFire
20:58:15.06  Warning: No components in dz\weapons\attachments\magazine\magazine_saiga_drum.p3d:geometryView
20:58:15.25  Warning Message: Animation source Visibility not found in bin\config.bin/CfgVehicles/ClaymoreMine/
20:58:15.26  Accessing static object outside landscape (Obj-1048575,1048575:8388607 in 256,256)
20:58:15.53  Warning Message: Animation source Trigger not found in bin\config.bin/CfgVehicles/RemoteDetonator/
20:58:15.53  Warning Message: Animation source Receiver not found in bin\config.bin/CfgVehicles/RemoteDetonator/
20:58:15.78  Warning: No components in dz\characters\masks\gp5gasmask_m.p3d:geometry
20:58:15.78  Warning: No components in dz\characters\masks\gp5gasmask_m.p3d:geometryFire
20:58:15.78  Warning: No components in dz\characters\masks\gp5gasmask_m.p3d:geometryView
20:58:15.78  Warning: No components in dz\characters\masks\proxy\mask_filter.p3d:geometry
20:58:15.78  Warning: No components in dz\characters\masks\gp5gasmask_f.p3d:geometry
20:58:15.78  Warning: No components in dz\characters\masks\gp5gasmask_f.p3d:geometryFire
20:58:15.78  Warning: No components in dz\characters\masks\gp5gasmask_f.p3d:geometryView
20:58:15.89    914 items loaded. (0 failed)
20:58:15.105 [CE][Storage] ver:26 stamp:3096, valid:yes, name:"D:\steam\steamapps\common\DayZServer\mpmissions\dayzOffline.chernarusplus\storage_1\data\dynamic_001.bin"
20:58:15.145 [CE][Storage] ver:26 stamp:3093, valid:yes, name:"D:\steam\steamapps\common\DayZServer\mpmissions\dayzOffline.chernarusplus\storage_1\data\dynamic_001.001"
20:58:15.175 [CE][Storage] ver:26 stamp:3094, valid:yes, name:"D:\steam\steamapps\common\DayZServer\mpmissions\dayzOffline.chernarusplus\storage_1\data\dynamic_001.002"
20:58:15.175 [CE][Storage] Restoring file "D:\steam\steamapps\common\DayZServer\mpmissions\dayzOffline.chernarusplus\storage_1\data\dynamic_001.bin" 1760 items.
20:58:15.203 Magnum: Cylinder_rot - unknown animation source cylinder_rotate
20:58:15.203 Magnum: Cylinder_rot - unknown animation source cylinder_rotate
20:58:15.203 Warning: No components in dz\weapons\pistols\magnum\proxy\magnum_ejector.p3d:geometry
20:58:15.204 Warning: No components in dz\weapons\pistols\magnum\proxy\magnum_cylinder.p3d:geometry
20:58:15.207 Warning: No components in dz\characters\pants\chainmail_leggings_m.p3d:geometry
20:58:15.207 Warning: No components in dz\characters\pants\chainmail_leggings_f.p3d:geometry
20:58:15.212 Warning: No components in dz\characters\tops\hoodie_m.p3d:geometry
20:58:15.213 Warning: No components in dz\characters\tops\hoodie_f.p3d:geometry
20:58:15.216 Warning: No components in dz\gear\cooking\petrol_lighter.p3d:geometryView
20:58:15.233 Bad uvSource None in dz\characters\pants\data\chainmail_leggings.rvmat stage 3 (Super, tex #(argb,8,8,3)color(0,0,0,0,mc))
20:58:15.237 Warning: No components in dz\characters\headgear\militarycap_m.p3d:geometry
20:58:15.237 Warning: No components in dz\characters\headgear\militarycap_f.p3d:geometry
20:58:15.255 Warning: No components in dz\characters\gloves\tactical_gloves_m.p3d:geometry
20:58:15.255 Warning: No components in dz\characters\gloves\tactical_gloves_f.p3d:geometry
20:58:15.273 Warning: No components in dz\characters\shoes\hikingboots_m.p3d:geometry
20:58:15.273 Warning: No components in dz\characters\shoes\hikingboots_f.p3d:geometry
20:58:15.311 Warning: No components in dz\characters\shoes\ttsko_boots_g.p3d:geometryView
20:58:15.311 Warning: No components in dz\characters\shoes\ttsko_boots_m.p3d:geometry
20:58:15.312 Warning: No components in dz\characters\shoes\ttsko_boots_f.p3d:geometry
20:58:15.319 Accessing static object outside landscape (Obj-1048575,1048575:8388607 in 256,256)
20:58:15.334 Warning: No components in dz\characters\tops\gorka_up_g.p3d:geometry
20:58:15.367 Warning: No components in dz\characters\headgear\ssh68helmet.p3d:geometry
20:58:15.377 Warning: No components in dz\characters\pants\nbc_pants_m.p3d:geometry
20:58:15.377 Warning: No components in dz\characters\pants\nbc_pants_f.p3d:geometry
20:58:15.387 Warning: No components in dz\characters\vests\tacticalvest2_m.p3d:geometry
20:58:15.388 Warning: No components in dz\characters\vests\tacticalvest2_f.p3d:geometry
20:58:15.406 Warning: No components in dz\characters\backpacks\mountain_m.p3d:geometry
20:58:15.407 Warning: No components in dz\characters\backpacks\mountain_f.p3d:geometry
20:58:15.432 Warning: No components in dz\characters\headgear\okzkcap_m.p3d:geometry
20:58:15.432 Warning: No components in dz\characters\headgear\okzkcap_f.p3d:geometry
20:58:15.436 Warning: No components in dz\gear\camping\camo_net_p.p3d:geometryFire
20:58:15.438 Warning: No components in dz\characters\gloves\woolgloves_m.p3d:geometry
20:58:15.455 Warning: No components in dz\characters\gloves\woolgloves_f.p3d:geometry
20:58:15.469 Warning: No components in dz\characters\pants\gorka_pants_m.p3d:geometry
20:58:15.470 Warning: No components in dz\characters\pants\gorka_pants_f.p3d:geometry
20:58:15.473 Warning: No components in dz\characters\headgear\mich2001.p3d:geometry
20:58:15.482 Warning: No components in dz\characters\gloves\paddedgloves_g.p3d:geometry
20:58:15.483 Warning: No components in dz\characters\gloves\paddedgloves_m.p3d:geometry
20:58:15.511 Warning: No components in dz\characters\gloves\paddedgloves_f.p3d:geometry
20:58:15.525 Warning: No components in dz\characters\glasses\tacgoggles_g.p3d:geometryFire
20:58:15.529 Warning: No components in dz\characters\backpacks\attack2backpack_m.p3d:geometry
20:58:15.530 Warning: No components in dz\characters\backpacks\attack2backpack_f.p3d:geometry
20:58:15.535 Warning: No components in dz\characters\belts\hippack_m.p3d:geometry
20:58:15.536 Warning: No components in dz\characters\belts\hippack_f.p3d:geometry
20:58:15.551 Warning: No components in dz\characters\masks\gasmask_m.p3d:geometry
20:58:15.551 Warning: No components in dz\characters\masks\gasmask_m.p3d:geometryFire
20:58:15.552 Warning: No components in dz\characters\masks\gasmask_f.p3d:geometry
20:58:15.552 Warning: No components in dz\characters\masks\gasmask_f.p3d:geometryFire
20:58:15.560 Warning: No components in dz\characters\vests\proxy\smersh_buttpack.p3d:geometry
20:58:15.566 Warning: No components in dz\characters\belts\civ_belt_m.p3d:geometry
20:58:15.566 Warning: No components in dz\characters\belts\civ_belt_f.p3d:geometry
20:58:15.574 Warning: No components in dz\characters\masks\balaclava_3holes_m.p3d:geometry
20:58:15.574 Warning: No components in dz\characters\masks\balaclava_3holes_m.p3d:geometryFire
20:58:15.574 Warning: No components in dz\characters\masks\balaclava_3holes_m.p3d:geometryView
20:58:15.574 Warning: No components in dz\characters\masks\balaclava_3holes_f.p3d:geometry
20:58:15.574 Warning: No components in dz\characters\masks\balaclava_3holes_f.p3d:geometryFire
20:58:15.574 Warning: No components in dz\characters\masks\balaclava_3holes_f.p3d:geometryView
20:58:15.588 Warning: No components in dz\characters\headgear\greathelm.p3d:geometry
20:58:15.655 Warning: No components in dz\characters\headgear\ushanka_m.p3d:geometry
20:58:15.656 Warning: No components in dz\characters\headgear\ushanka_f.p3d:geometry
20:58:15.666 Warning: No components in dz\characters\tops\tshirt_f.p3d:geometry
20:58:15.690 Warning: No components in dz\weapons\attachments\optics\optic_buis.p3d:geometryFire
20:58:15.699 Warning: No components in dz\characters\headgear\militaryberet_un_g.p3d:geometryFire
20:58:15.699 Warning: No components in dz\characters\headgear\militaryberet_un_m.p3d:geometry
20:58:15.700 Warning: No components in dz\characters\headgear\militaryberet_un_f.p3d:geometry
20:58:15.705 Warning: No components in dz\characters\masks\welding_mask_m.p3d:geometry
20:58:15.705 Warning: No components in dz\characters\masks\welding_mask_f.p3d:geometry
20:58:15.715 Warning: No components in dz\characters\backpacks\coyotesbp_m.p3d:geometry
20:58:15.715 Warning: No components in dz\characters\backpacks\coyotesbp_f.p3d:geometry
20:58:15.724 Warning: No components in dz\characters\tops\bdu_jacket_m.p3d:geometry
20:58:15.724 Warning: No components in dz\characters\tops\bdu_jacket_f.p3d:geometry
20:58:15.736 Warning: No components in dz\characters\glasses\nvg_headstrap_g.p3d:geometry
20:58:15.736 Warning: No components in dz\characters\glasses\nvg_headstrap_g.p3d:geometryView
20:58:15.736 Warning: No components in dz\characters\glasses\nvg_headstrap.p3d:geometry
20:58:15.736 Warning Message: No entry 'bin\config.bin/CfgNonAIVehicles/ProxyNVG.AnimationSources'.
20:58:15.736 Warning Message: Animation source rotate not found in bin\config.bin/CfgNonAIVehicles/ProxyNVG/
20:58:15.736 Warning Message: No entry 'bin\config.bin/CfgNonAIVehicles/ProxyNVG.AnimationSources'.
20:58:15.736 Warning Message: Animation source hide not found in bin\config.bin/CfgNonAIVehicles/ProxyNVG/
20:58:15.737 Warning: No components in dz\characters\glasses\nvg_headstrap_f.p3d:geometry
20:58:15.763 Warning: No components in dz\characters\pants\breechesf_m.p3d:geometry
20:58:15.764 Warning: No components in dz\characters\pants\breechesf_f.p3d:geometry
20:58:15.792 Warning: No components in dz\characters\gloves\working_gloves_m.p3d:geometry
20:58:15.792 Warning: No components in dz\characters\gloves\working_gloves_f.p3d:geometry
20:58:15.801 Warning: No components in dz\characters\headgear\maska.p3d:geometry
20:58:15.824 Warning: No components in dz\characters\headgear\petushokhat_m.p3d:geometry
20:58:15.824 Warning: No components in dz\characters\headgear\petushokhat_f.p3d:geometry
20:58:15.834 Warning: No components in dz\characters\backpacks\tortilla_m.p3d:geometry
20:58:15.848 Warning: No components in dz\characters\headgear\pilotka_m.p3d:geometry
20:58:15.849 Warning: No components in dz\characters\headgear\pilotka_f.p3d:geometry
20:58:15.866 Warning: No components in dz\characters\gloves\nbc_gloves_m.p3d:geometry
20:58:15.867 Warning: No components in dz\characters\gloves\nbc_gloves_f.p3d:geometry
20:58:15.913 Warning: No components in dz\characters\headgear\pasgt_m.p3d:geometry
20:58:15.920 Warning: No components in dz\characters\headgear\pasgt_f.p3d:geometry
20:58:15.926 Warning: No components in dz\characters\headgear\helmetmich_g.p3d:geometry
20:58:15.927 Warning: No components in dz\characters\headgear\helmetmich_m.p3d:geometry
20:58:15.927 Warning: No components in dz\characters\headgear\helmetmich_f.p3d:geometry
20:58:15.961 Warning: No components in dz\characters\backpacks\alicebackpack_m.p3d:geometry
20:58:15.962 Warning: No components in dz\characters\backpacks\alicebackpack_f.p3d:geometry
20:58:15.976 Warning: No components in dz\characters\gloves\woolglovesfingerless_m.p3d:geometry
20:58:15.977 Warning: No components in dz\characters\gloves\woolglovesfingerless_f.p3d:geometry
20:58:16.21  Warning: No components in dz\characters\shoes\medievalboots_m.p3d:geometry
20:58:16.21  Warning: No components in dz\characters\shoes\medievalboots_f.p3d:geometry
20:58:16.49  Warning: No components in dz\characters\headgear\militaryberet_g.p3d:geometryFire
20:58:16.50  Warning: No components in dz\characters\headgear\militaryberet_m.p3d:geometry
20:58:16.50  Warning: No components in dz\characters\headgear\militaryberet_f.p3d:geometry
20:58:16.77  Warning: No components in dz\characters\headgear\nbc_hood_m.p3d:geometry
20:58:16.77  Warning: No components in dz\characters\headgear\nbc_hood_f.p3d:geometry
20:58:16.82  Warning: No components in dz\characters\pants\skirt_m.p3d:geometry
20:58:16.83  Warning: No components in dz\characters\pants\skirt_f.p3d:geometry
20:58:16.116 Warning: No components in dz\characters\headgear\ghilliehood.p3d:geometry
20:58:16.123 Warning: No components in dz\characters\backpacks\boulder_m53_m.p3d:geometry
20:58:16.123 Warning: No components in dz\characters\backpacks\boulder_m53_f.p3d:geometry
20:58:16.300 Warning: No components in dz\characters\masks\surgical_mask_m.p3d:geometry
20:58:16.300 Warning: No components in dz\characters\masks\surgical_mask_m.p3d:geometryFire
20:58:16.300 Warning: No components in dz\characters\masks\surgical_mask_m.p3d:geometryView
20:58:16.301 Warning: No components in dz\characters\masks\surgical_mask_f.p3d:geometry
20:58:16.301 Warning: No components in dz\characters\masks\surgical_mask_f.p3d:geometryFire
20:58:16.301 Warning: No components in dz\characters\masks\surgical_mask_f.p3d:geometryView
20:58:16.321 Warning: No components in dz\characters\tops\nursedress_m.p3d:geometry
20:58:16.321 Warning: No components in dz\characters\tops\nursedress_f.p3d:geometry
20:58:16.328 Warning: No components in dz\characters\headgear\chainmail_coif_m.p3d:geometry
20:58:16.328 Warning: No components in dz\characters\headgear\chainmail_coif_f.p3d:geometry
20:58:16.339 Warning: No components in dz\characters\backpacks\smershbag_m.p3d:geometry
20:58:16.339 Warning: No components in dz\characters\backpacks\smershbag_f.p3d:geometry
20:58:16.379 Warning: No components in dz\characters\tops\nbc_jacket_m.p3d:geometry
20:58:16.379 Warning: No components in dz\characters\tops\nbc_jacket_f.p3d:geometry
20:58:16.384 Warning: No components in dz\gear\tools\handcuffs.p3d:geometry
20:58:16.407 Warning: No components in dz\weapons\firearms\aug\proxy\scope.p3d:geometry
20:58:16.592 Warning: No components in dz\characters\shoes\jungleboots_m.p3d:geometry
20:58:16.592 Warning: No components in dz\characters\shoes\jungleboots_f.p3d:geometry
20:58:16.632 Warning: No components in dz\characters\shoes\nbc_boots_m.p3d:geometry
20:58:16.633 Warning: No components in dz\characters\shoes\nbc_boots_f.p3d:geometry
20:58:16.662 Warning: No components in dz\characters\headgear\tankerhelmet.p3d:geometry
20:58:16.665 Convex "component05" selection faces are less then 4 in dz\weapons\firearms\m16a2\m16a2.p3d:geometryFire
20:58:16.665 Convex "component06" selection faces are less then 4 in dz\weapons\firearms\m16a2\m16a2.p3d:geometryFire
20:58:16.665 Convex "component07" selection faces are less then 4 in dz\weapons\firearms\m16a2\m16a2.p3d:geometryFire
20:58:16.665 Convex "component10" selection faces are less then 4 in dz\weapons\firearms\m16a2\m16a2.p3d:geometryFire
20:58:16.665 Convex "component11" selection faces are less then 4 in dz\weapons\firearms\m16a2\m16a2.p3d:geometryFire
20:58:16.665 ProxyMagazine_STANAG30: bullets - unknown animation source revolving
20:58:16.758 Warning: No components in dz\characters\headgear\militaryberet_cdf_g.p3d:geometryFire
20:58:16.758 Warning: No components in dz\characters\headgear\militaryberet_cdf_m.p3d:geometry
20:58:16.758 Warning: No components in dz\characters\headgear\militaryberet_cdf_f.p3d:geometry
20:58:16.989 Warning: No components in dz\characters\vests\chestplate_m.p3d:geometry
20:58:16.989 Warning: No components in dz\characters\vests\chestplate_m.p3d:geometryView
20:58:16.990 Warning: No components in dz\characters\vests\chestplate_f.p3d:geometry
20:58:16.990 Warning: No components in dz\characters\vests\chestplate_f.p3d:geometryView
20:58:17.126 Warning: No components in dz\characters\pants\ttsko_pants_m.p3d:geometry
20:58:17.126 Warning: No components in dz\characters\pants\ttsko_pants_f.p3d:geometry
20:58:17.215   1760 items loaded. (0 failed)
20:58:17.231 [CE][Storage] ver:26 stamp:3096, valid:yes, name:"D:\steam\steamapps\common\DayZServer\mpmissions\dayzOffline.chernarusplus\storage_1\data\dynamic_002.bin"
20:58:17.267 [CE][Storage] ver:26 stamp:3093, valid:yes, name:"D:\steam\steamapps\common\DayZServer\mpmissions\dayzOffline.chernarusplus\storage_1\data\dynamic_002.001"
20:58:17.305 [CE][Storage] ver:26 stamp:3094, valid:yes, name:"D:\steam\steamapps\common\DayZServer\mpmissions\dayzOffline.chernarusplus\storage_1\data\dynamic_002.002"
20:58:17.305 [CE][Storage] Restoring file "D:\steam\steamapps\common\DayZServer\mpmissions\dayzOffline.chernarusplus\storage_1\data\dynamic_002.bin" 2453 items.
20:58:17.348 Mag_Scout_5Rnd: bullets - unknown animation source revolving
20:58:17.425 Warning: No components in dz\characters\gloves\omno_gloves_m.p3d:geometry
20:58:17.425 Warning: No components in dz\characters\gloves\omno_gloves_f.p3d:geometry
20:58:17.618 Warning: No components in dz\characters\tops\policejacket_m.p3d:geometry
20:58:17.618 Warning: No components in dz\characters\tops\policejacket_f.p3d:geometry
20:58:17.636 Warning: No components in dz\characters\vests\policevest_m.p3d:geometry
20:58:17.636 Warning: No components in dz\characters\vests\policevest_f.p3d:geometry
20:58:17.708 Warning: No components in dz\characters\headgear\prison_cap_g.p3d:geometryView
20:58:17.709 Warning: No components in dz\characters\headgear\prison_cap_m.p3d:geometry
20:58:17.709 Warning: No components in dz\characters\headgear\prison_cap_f.p3d:geometry
20:58:17.736 Warning: No components in dz\gear\tools\handcuff_keys.p3d:geometry
20:58:17.879 Warning: No components in dz\characters\masks\airborne_mask_m.p3d:geometry
20:58:17.879 Warning: No components in dz\characters\masks\airborne_mask_m.p3d:geometryFire
20:58:17.879 Warning: No components in dz\characters\masks\airborne_mask_f.p3d:geometry
20:58:17.879 Warning: No components in dz\characters\masks\airborne_mask_f.p3d:geometryFire
20:58:18.81  Warning: No components in dz\gear\tools\sickle.p3d:geometry
20:58:18.270 Warning: No components in dz\characters\glasses\aviator_glasses.p3d:geometry
20:58:18.322 Warning: No components in dz\characters\glasses\sunglasses_designer_g.p3d:geometry
20:58:18.323 Warning: No components in dz\characters\glasses\sunglasses_designer.p3d:geometry
20:58:18.530 Warning: No components in dz\characters\headgear\firehelmet.p3d:geometry
20:58:18.717 Warning: No components in dz\characters\tops\medicalscrubs_shirt_m.p3d:geometry
20:58:18.717 Warning: No components in dz\characters\tops\medicalscrubs_shirt_f.p3d:geometry
20:58:18.890 Warning: No components in dz\characters\tops\paramedic_jacket_m.p3d:geometry
20:58:18.890 Warning: No components in dz\characters\tops\paramedic_jacket_f.p3d:geometry
20:58:18.898 : Invalid parent bone 'inventory' for 'cover'
20:58:18.898 : Invalid parent bone 'placing' for ''
20:58:19.62  Warning: No components in dz\weapons\pistols\derringer\derringer.p3d:geometry
20:58:19.78  Warning: No components in dz\characters\pants\jeans_f.p3d:geometry
20:58:19.81  PM73Rak: trigger_reload_rot - unknown animation source reload
20:58:19.81  PM73Rak: magazine_eject - unknown animation source reloadmagazine
20:58:19.81  PM73Rak: trigger_reload_rot - unknown animation source reload
20:58:19.81  PM73Rak: magazine_eject - unknown animation source reloadmagazine
20:58:19.190 Warning: No components in dz\characters\backpacks\ghilliebushrag_g.p3d:geometry
20:58:19.191 Warning: No components in dz\characters\backpacks\ghillietop_m.p3d:geometry
20:58:19.204 Warning: No components in dz\characters\headgear\policecap_m.p3d:geometry
20:58:19.205 Warning: No components in dz\characters\headgear\policecap_f.p3d:geometry
20:58:19.655 Warning: No components in dz\characters\pants\shortjeans_m.p3d:geometry
20:58:19.655 Warning: No components in dz\characters\pants\shortjeans_f.p3d:geometry
20:58:20.48    2453 items loaded. (0 failed)
20:58:20.77  [CE][Storage] ver:26 stamp:3096, valid:yes, name:"D:\steam\steamapps\common\DayZServer\mpmissions\dayzOffline.chernarusplus\storage_1\data\dynamic_003.bin"
20:58:20.108 [CE][Storage] ver:26 stamp:3093, valid:yes, name:"D:\steam\steamapps\common\DayZServer\mpmissions\dayzOffline.chernarusplus\storage_1\data\dynamic_003.001"
20:58:20.146 [CE][Storage] ver:26 stamp:3094, valid:yes, name:"D:\steam\steamapps\common\DayZServer\mpmissions\dayzOffline.chernarusplus\storage_1\data\dynamic_003.002"
20:58:20.147 [CE][Storage] Restoring file "D:\steam\steamapps\common\DayZServer\mpmissions\dayzOffline.chernarusplus\storage_1\data\dynamic_003.bin" 2189 items.
20:58:20.414 Warning: No components in dz\characters\backpacks\childs_m.p3d:geometry
20:58:20.414 Warning: No components in dz\characters\backpacks\childs_f.p3d:geometry
20:58:20.462 Warning: No components in dz\characters\vests\plate_carrier_m.p3d:geometry
20:58:20.462 Warning: No components in dz\characters\vests\plate_carrier_f.p3d:geometry
20:58:20.515 Warning: No components in dz\characters\headgear\militaryberet_nz_g.p3d:geometryFire
20:58:20.515 Warning: No components in dz\characters\headgear\militaryberet_nz_m.p3d:geometry
20:58:20.515 Warning: No components in dz\characters\headgear\militaryberet_nz_f.p3d:geometry
20:58:20.755 Warning: No components in dz\characters\backpacks\ghilliesuit_m.p3d:geometry
20:58:20.808 Warning: No components in dz\characters\masks\nioshfacemask_m.p3d:geometry
20:58:20.808 Warning: No components in dz\characters\masks\nioshfacemask_m.p3d:geometryFire
20:58:20.808 Warning: No components in dz\characters\masks\nioshfacemask_m.p3d:geometryView
20:58:20.808 Warning: No components in dz\characters\masks\nioshfacemask_f.p3d:geometry
20:58:20.808 Warning: No components in dz\characters\masks\nioshfacemask_f.p3d:geometryFire
20:58:20.808 Warning: No components in dz\characters\masks\nioshfacemask_f.p3d:geometryView
20:58:21.170 Warning: No components in dz\characters\pants\bdu_pants_m.p3d:geometry
20:58:21.170 Warning: No components in dz\characters\pants\bdu_pants_f.p3d:geometry
20:58:21.571 Warning: No components in dz\characters\headgear\t56tankerhelmet_m.p3d:geometry
20:58:21.572 Warning: No components in dz\characters\headgear\t56tankerhelmet_f.p3d:geometry
20:58:22.133 Warning: No components in dz\weapons\attachments\magazine\magazine_ruger1022_15.p3d:geometry
20:58:22.399 Warning: No components in dz\characters\tops\firefighter_m.p3d:geometry
20:58:22.399 Warning: No components in dz\characters\tops\firefighter_f.p3d:geometry
20:58:22.414 Warning: No components in dz\characters\pants\firefighter_pants_m.p3d:geometry
20:58:22.414 Warning: No components in dz\characters\pants\firefighter_pants_m.p3d:geometryView
20:58:22.414 Warning: No components in dz\characters\pants\firefighter_pants_f.p3d:geometry
20:58:22.414 Warning: No components in dz\characters\pants\firefighter_pants_f.p3d:geometryView
20:58:22.481 Warning: No components in dz\characters\tops\riders_jacket_m.p3d:geometry
20:58:22.482 Warning: No components in dz\characters\tops\riders_jacket_f.p3d:geometry
20:58:22.529 Engraved1911: bolt_fire_begin - unknown animation source reload
20:58:22.529 Engraved1911: bolt_empty - unknown animation source isempty
20:58:22.529 Engraved1911: bolt_reload_begin - unknown animation source reloadmagazine
20:58:22.529 Engraved1911: bolt_fire_begin - unknown animation source reload
20:58:22.529 Engraved1911: bolt_empty - unknown animation source isempty
20:58:22.529 Engraved1911: bolt_reload_begin - unknown animation source reloadmagazine
20:58:22.639   2189 items loaded. (0 failed)
20:58:22.646 [CE][Storage] ver:26 stamp:3096, valid:yes, name:"D:\steam\steamapps\common\DayZServer\mpmissions\dayzOffline.chernarusplus\storage_1\data\dynamic_004.bin"
20:58:22.681 [CE][Storage] ver:26 stamp:3093, valid:yes, name:"D:\steam\steamapps\common\DayZServer\mpmissions\dayzOffline.chernarusplus\storage_1\data\dynamic_004.001"
20:58:22.707 [CE][Storage] ver:26 stamp:3094, valid:yes, name:"D:\steam\steamapps\common\DayZServer\mpmissions\dayzOffline.chernarusplus\storage_1\data\dynamic_004.002"
20:58:22.708 [CE][Storage] Restoring file "D:\steam\steamapps\common\DayZServer\mpmissions\dayzOffline.chernarusplus\storage_1\data\dynamic_004.bin" 1826 items.
20:58:22.954 Warning: No components in dz\characters\backpacks\slingbag_g.p3d:geometryView
20:58:22.954 Warning: No components in dz\characters\backpacks\slingbag_m.p3d:geometry
20:58:22.955 Warning: No components in dz\characters\backpacks\slingbag_f.p3d:geometry
20:58:23.661 Warning: No components in dz\characters\tops\blouse_m.p3d:geometry
20:58:23.662 Warning: No components in dz\characters\tops\blouse_f.p3d:geometry
20:58:23.811 Warning: No components in dz\characters\pants\policepants_m.p3d:geometry
20:58:23.811 Warning: No components in dz\characters\pants\policepants_f.p3d:geometry
20:58:24.51  Warning Message: Cannot open object dz\weapons\attachments\magazine\magazine_m14.p3d
20:58:24.760 String "STR_CfgMagazines_Mag_CZ550_4rnd0" not found (not in localization table)
20:58:24.873   1826 items loaded. (0 failed)
20:58:24.890 [CE][Storage] ver:26 stamp:3096, valid:yes, name:"D:\steam\steamapps\common\DayZServer\mpmissions\dayzOffline.chernarusplus\storage_1\data\dynamic_005.bin"
20:58:24.922 [CE][Storage] ver:26 stamp:3093, valid:yes, name:"D:\steam\steamapps\common\DayZServer\mpmissions\dayzOffline.chernarusplus\storage_1\data\dynamic_005.001"
20:58:24.949 [CE][Storage] ver:26 stamp:3094, valid:yes, name:"D:\steam\steamapps\common\DayZServer\mpmissions\dayzOffline.chernarusplus\storage_1\data\dynamic_005.002"
20:58:24.949 [CE][Storage] Restoring file "D:\steam\steamapps\common\DayZServer\mpmissions\dayzOffline.chernarusplus\storage_1\data\dynamic_005.bin" 2157 items.
20:58:26.307 Warning: No components in dz\characters\tops\chainmail_m.p3d:geometry
20:58:26.307 Warning: No components in dz\characters\tops\chainmail_f.p3d:geometry
20:58:26.568 Accessing static object outside landscape (Obj-1048575,1048575:8388607 in 256,256)
20:58:27.375   2157 items loaded. (0 failed)
20:58:27.390 [CE][Storage] ver:26 stamp:3096, valid:yes, name:"D:\steam\steamapps\common\DayZServer\mpmissions\dayzOffline.chernarusplus\storage_1\data\dynamic_006.bin"
20:58:27.427 [CE][Storage] ver:26 stamp:3093, valid:yes, name:"D:\steam\steamapps\common\DayZServer\mpmissions\dayzOffline.chernarusplus\storage_1\data\dynamic_006.001"
20:58:27.428 [CE][Storage] ver:26 stamp:3094, valid:yes, name:"D:\steam\steamapps\common\DayZServer\mpmissions\dayzOffline.chernarusplus\storage_1\data\dynamic_006.002"
20:58:27.428 [CE][Storage] Restoring file "D:\steam\steamapps\common\DayZServer\mpmissions\dayzOffline.chernarusplus\storage_1\data\dynamic_006.bin" 1494 items.
20:58:28.244 Accessing static object outside landscape (Obj-1048575,1048575:8388607 in 256,256)
20:58:28.787 Accessing static object outside landscape (Obj-1048575,1048575:8388607 in 256,256)
20:58:29.27  Accessing static object outside landscape (Obj-1048575,1048575:8388607 in 256,256)
20:58:29.205   1494 items loaded. (0 failed)
20:58:29.227 [CE][Storage] ver:26 stamp:3096, valid:yes, name:"D:\steam\steamapps\common\DayZServer\mpmissions\dayzOffline.chernarusplus\storage_1\data\dynamic_007.bin"
20:58:29.255 [CE][Storage] ver:26 stamp:3093, valid:yes, name:"D:\steam\steamapps\common\DayZServer\mpmissions\dayzOffline.chernarusplus\storage_1\data\dynamic_007.001"
20:58:29.268 [CE][Storage] ver:26 stamp:3094, valid:yes, name:"D:\steam\steamapps\common\DayZServer\mpmissions\dayzOffline.chernarusplus\storage_1\data\dynamic_007.002"
20:58:29.268 [CE][Storage] Restoring file "D:\steam\steamapps\common\DayZServer\mpmissions\dayzOffline.chernarusplus\storage_1\data\dynamic_007.bin" 1468 items.
20:58:30.129  INVENTORY    : StreamLoad entity PolicePantsOrel:14276
20:58:30.129   WORLD        : Create entity type 'PersonalRadio'
20:58:30.129    ENTITY    (E): Type 'Inventory_BaseType' must be inherited from class 'ItemTransmitterType'
20:58:31.67    1468 items loaded. (0 failed)
20:58:31.87  [CE][Storage] ver:26 stamp:3096, valid:yes, name:"D:\steam\steamapps\common\DayZServer\mpmissions\dayzOffline.chernarusplus\storage_1\data\dynamic_008.bin"
20:58:31.96  [CE][Storage] ver:26 stamp:3093, valid:yes, name:"D:\steam\steamapps\common\DayZServer\mpmissions\dayzOffline.chernarusplus\storage_1\data\dynamic_008.001"
20:58:31.123 [CE][Storage] ver:26 stamp:3094, valid:yes, name:"D:\steam\steamapps\common\DayZServer\mpmissions\dayzOffline.chernarusplus\storage_1\data\dynamic_008.002"
20:58:31.123 [CE][Storage] Restoring file "D:\steam\steamapps\common\DayZServer\mpmissions\dayzOffline.chernarusplus\storage_1\data\dynamic_008.bin" 2139 items.
20:58:32.446 Warning: No components in dz\weapons\launchers\m79\m79.p3d:geometryView
20:58:32.446 Warning Message: Cannot open object dz\weapons\firearms\aug\proxy\dummyscope.p3d
20:58:32.447 Warning: No components in dz\weapons\launchers\m79\proxy\dummyscope.p3d:geometry
20:58:33.745   2139 items loaded. (0 failed)
20:58:33.755 [CE][Storage] ver:26 stamp:3096, valid:yes, name:"D:\steam\steamapps\common\DayZServer\mpmissions\dayzOffline.chernarusplus\storage_1\data\dynamic_009.bin"
20:58:33.773 [CE][Storage] ver:26 stamp:3093, valid:yes, name:"D:\steam\steamapps\common\DayZServer\mpmissions\dayzOffline.chernarusplus\storage_1\data\dynamic_009.001"
20:58:33.798 [CE][Storage] ver:26 stamp:3094, valid:yes, name:"D:\steam\steamapps\common\DayZServer\mpmissions\dayzOffline.chernarusplus\storage_1\data\dynamic_009.002"
20:58:33.799 [CE][Storage] Restoring file "D:\steam\steamapps\common\DayZServer\mpmissions\dayzOffline.chernarusplus\storage_1\data\dynamic_009.bin" 2701 items.
20:58:33.997 Accessing static object outside landscape (Obj-1048575,1048575:8388607 in 256,256)
20:58:35.355 Accessing static object outside landscape (Obj-1048575,1048575:8388607 in 256,256)
20:58:36.86  Accessing static object outside landscape (Obj-1048575,1048575:8388607 in 256,256)
20:58:37.146   2701 items loaded. (0 failed)
20:58:37.168 [CE][Storage] ver:26 stamp:3096, valid:yes, name:"D:\steam\steamapps\common\DayZServer\mpmissions\dayzOffline.chernarusplus\storage_1\data\dynamic_010.bin"
20:58:37.196 [CE][Storage] ver:26 stamp:3093, valid:yes, name:"D:\steam\steamapps\common\DayZServer\mpmissions\dayzOffline.chernarusplus\storage_1\data\dynamic_010.001"
20:58:37.220 [CE][Storage] ver:26 stamp:3094, valid:yes, name:"D:\steam\steamapps\common\DayZServer\mpmissions\dayzOffline.chernarusplus\storage_1\data\dynamic_010.002"
20:58:37.220 [CE][Storage] Restoring file "D:\steam\steamapps\common\DayZServer\mpmissions\dayzOffline.chernarusplus\storage_1\data\dynamic_010.bin" 1817 items.
20:58:39.562   1817 items loaded. (0 failed)
20:58:39.577 [CE][Storage] ver:26 stamp:3096, valid:yes, name:"D:\steam\steamapps\common\DayZServer\mpmissions\dayzOffline.chernarusplus\storage_1\data\dynamic_011.bin"
20:58:39.605 [CE][Storage] ver:26 stamp:3093, valid:yes, name:"D:\steam\steamapps\common\DayZServer\mpmissions\dayzOffline.chernarusplus\storage_1\data\dynamic_011.001"
20:58:39.631 [CE][Storage] ver:26 stamp:3094, valid:yes, name:"D:\steam\steamapps\common\DayZServer\mpmissions\dayzOffline.chernarusplus\storage_1\data\dynamic_011.002"
20:58:39.631 [CE][Storage] Restoring file "D:\steam\steamapps\common\DayZServer\mpmissions\dayzOffline.chernarusplus\storage_1\data\dynamic_011.bin" 154 items.
20:58:39.824   154 items loaded. (0 failed)
20:58:39.824 [CE][Storage] ver:26 stamp:3096, valid:yes, name:"D:\steam\steamapps\common\DayZServer\mpmissions\dayzOffline.chernarusplus\storage_1\data\building.bin"
20:58:39.825 [CE][Storage] ver:26 stamp:3093, valid:yes, name:"D:\steam\steamapps\common\DayZServer\mpmissions\dayzOffline.chernarusplus\storage_1\data\building.001"
20:58:39.825 [CE][Storage] ver:26 stamp:3094, valid:yes, name:"D:\steam\steamapps\common\DayZServer\mpmissions\dayzOffline.chernarusplus\storage_1\data\building.002"
20:58:39.825 [CE][Storage] Restoring file "D:\steam\steamapps\common\DayZServer\mpmissions\dayzOffline.chernarusplus\storage_1\data\building.bin" 0 items.
20:58:39.825   0 items loaded. (0 failed)
20:58:39.850 [CE][Storage] ver:26 stamp:3096, valid:yes, name:"D:\steam\steamapps\common\DayZServer\mpmissions\dayzOffline.chernarusplus\storage_1\data\vehicles.bin"
20:58:39.869 [CE][Storage] ver:26 stamp:3093, valid:yes, name:"D:\steam\steamapps\common\DayZServer\mpmissions\dayzOffline.chernarusplus\storage_1\data\vehicles.001"
20:58:39.903 [CE][Storage] ver:26 stamp:3094, valid:yes, name:"D:\steam\steamapps\common\DayZServer\mpmissions\dayzOffline.chernarusplus\storage_1\data\vehicles.002"
20:58:39.903 [CE][Storage] Restoring file "D:\steam\steamapps\common\DayZServer\mpmissions\dayzOffline.chernarusplus\storage_1\data\vehicles.bin" 263 items.
20:58:39.915 PerfWarning: Way too much components (753) in dz\structures\wrecks\vehicles\wreck_t72_chassis.p3d:geometryFire
20:58:39.992 Warning: No components in dz\plants\clutter\c_concretegrass_bunch.p3d:geometry
20:58:40.47  Convex "component06" selection faces are less then 4 in dz\vehicles\water\boat_01\boat_01.p3d:geometry
20:58:40.47  Convex "component08" selection faces are less then 4 in dz\vehicles\water\boat_01\boat_01.p3d:geometry
20:58:40.48  Warning: No components in dz\water\ponds\moss\pond_big_36_04_moss.p3d:geometry
20:58:40.48   ENTITY    (W): Unknown object class 'pond' (dz\water\ponds\moss\pond_big_36_04_moss.p3d)
20:58:40.48  Warning: No components in dz\water\ponds\moss\pond_big_36_03_moss.p3d:geometry
20:58:40.48   ENTITY    (W): Unknown object class 'pond' (dz\water\ponds\moss\pond_big_36_03_moss.p3d)
20:58:40.121 Warning: No components in dz\water\ponds\moss\pond_small_26_moss.p3d:geometry
20:58:40.121  ENTITY    (W): Unknown object class 'pond' (dz\water\ponds\moss\pond_small_26_moss.p3d)
20:58:40.121 Warning: No components in dz\water\ponds\moss\pond_small_18_moss.p3d:geometry
20:58:40.121  ENTITY    (W): Unknown object class 'pond' (dz\water\ponds\moss\pond_small_18_moss.p3d)
20:58:40.121 Warning: No components in dz\water\ponds\moss\pond_big_33_01_moss.p3d:geometry
20:58:40.121  ENTITY    (W): Unknown object class 'pond' (dz\water\ponds\moss\pond_big_33_01_moss.p3d)
20:58:40.121 Warning: No components in dz\water\ponds\moss\pond_big_33_02_moss.p3d:geometry
20:58:40.121  ENTITY    (W): Unknown object class 'pond' (dz\water\ponds\moss\pond_big_33_02_moss.p3d)
20:58:40.122 Warning: No components in dz\water\ponds\moss\pond_small_27_moss.p3d:geometry
20:58:40.122  ENTITY    (W): Unknown object class 'pond' (dz\water\ponds\moss\pond_small_27_moss.p3d)
20:58:40.122 Warning: No components in dz\water\ponds\moss\pond_big_33_03_moss.p3d:geometry
20:58:40.122  ENTITY    (W): Unknown object class 'pond' (dz\water\ponds\moss\pond_big_33_03_moss.p3d)
20:58:40.453  ENTITY    (W): Unknown object class 'pond' (dz\water\ponds\pond_50x50.p3d)
20:58:40.550 PerfWarning: Way too much components (753) in dz\structures\specific\lunapark\lunapark_carousel_swan.p3d:geometryFire
20:58:40.551 PerfWarning: Way too much components (595) in dz\structures\specific\lunapark\lunapark_carousel_swan.p3d:geometryView
20:58:40.736 Warning: No components in dz\structures\military\improvised\mil_tent_big2_4.p3d:geometryFire
20:58:40.736 Warning: No components in dz\structures\military\improvised\mil_tent_big2_4.p3d:geometryView
20:58:40.744 Warning: No components in dz\structures\military\improvised\mil_tent_big1_3.p3d:geometryFire
20:58:40.744 Warning: No components in dz\structures\military\improvised\mil_tent_big1_3.p3d:geometryView
20:58:40.745 Warning: No components in dz\structures\military\improvised\mil_tent_big1_2.p3d:geometryFire
20:58:40.745 Warning: No components in dz\structures\military\improvised\mil_tent_big1_2.p3d:geometryView
20:58:40.815 PerfWarning: Way too much components (1020) in dz\structures\industrial\cementworks\cementworks_expeditiona.p3d:geometryFire
20:58:41.131  WORLD        : Create entity type 'BaseRadio'
20:58:41.131   ENTITY    (E): Type 'Inventory_BaseType' must be inherited from class 'ItemTransmitterType'
20:58:41.132 Warning: No components in dz\gear\radio\base_radio_station_m.p3d:geometry
20:58:41.132 Warning: No components in dz\gear\radio\base_radio_station_f.p3d:geometry
20:58:41.295 Warning: No components in dz\structures_bliss\military\training\shellcrater2_debris.p3d:geometry
20:58:41.298 PerfWarning: Way too much components (524) in dz\structures\wrecks\aircraft\wreck_c130j_cargo.p3d:geometryFire
20:58:41.350  ENTITY       : Load entity type 'Land_Container_1Aoh_DE'
20:58:41.350   ENTITY    (W): Door 'DoorsTwin1' is missing geometry components for selection 'DoorsTwin1', check model+config
20:58:41.353  ENTITY       : Load entity type 'Land_Container_1Bo_DE'
20:58:41.353   ENTITY    (W): Door 'DoorsTwin1' is missing geometry components for selection 'DoorsTwin1', check model+config
20:58:41.353   ENTITY    (W): Door 'DoorsTwin2' is missing geometry components for selection 'DoorsTwin2', check model+config
20:58:41.358 Warning: No components in dz\plants\clutter\c_elytrigiaforest.p3d:geometry
20:58:41.358 Warning: No components in dz\plants\clutter\c_elytrigiatall.p3d:geometry
20:58:41.375 PerfWarning: Way too much components (709) in dz\structures\wrecks\vehicles\wreck_mtvr_cargo.p3d:geometryFire
20:58:41.408  ENTITY       : Load entity type 'Land_Wreck_sed01_aban1_police_DE'
20:58:41.408   ENTITY    (W): Door 'Doors3' is missing geometry components for selection 'Doors3', check model+config
20:58:41.408 Warning: No components in dz\structures\wrecks\vehicles\proxy\police_beacon.p3d:geometry
20:58:41.412  ENTITY       : Load entity type 'Land_Wreck_sed01_aban2_police_DE'
20:58:41.412   ENTITY    (W): Door 'Doors3' is missing geometry components for selection 'Doors3', check model+config
20:58:41.412  ENTITY       : Load entity type 'Land_wreck_truck01_aban2_firetruck_DE'
20:58:41.412   ENTITY    (W): Door 'Doors2' is missing geometry components for selection 'Doors2', check model+config
20:58:41.412   ENTITY    (W): Door 'DoorsTwin1' is missing geometry components for selection 'DoorsTwin1', check model+config
20:58:41.412   ENTITY    (W): Door 'Doors5' is missing geometry components for selection 'Doors5', check model+config
20:58:41.412   ENTITY    (W): Door 'Doors6' is missing geometry components for selection 'Doors6', check model+config
20:58:41.412   ENTITY    (W): Door 'Doors7' is missing geometry components for selection 'Doors7', check model+config
20:58:41.412   ENTITY    (W): Door 'Doors8' is missing geometry components for selection 'Doors8', check model+config
20:58:41.412   ENTITY    (W): Door 'Doors9' is missing geometry components for selection 'Doors9', check model+config
20:58:41.419  ENTITY       : Load entity type 'Land_Wreck_Offroad02_Aban2_TK_DE'
20:58:41.419   ENTITY    (W): Door 'Doors3' is missing geometry components for selection 'Doors3', check model+config
20:58:41.448  ENTITY       : Load entity type 'Land_Wreck_hb02_aban1_blue_DE'
20:58:41.448   ENTITY    (W): Door 'Doors3' is missing geometry components for selection 'Doors3', check model+config
20:58:41.449  ENTITY       : Load entity type 'Land_Wreck_hb02_aban1_red_DE'
20:58:41.449   ENTITY    (W): Door 'Doors3' is missing geometry components for selection 'Doors3', check model+config
20:58:41.508 PerfWarning: Way too much components (503) in dz\structures\wrecks\vehicles\wreck_offroad02_medic_tk.p3d:geometryFire
20:58:41.515 PerfWarning: Way too much components (627) in dz\structures\military\airfield\airfield_servicehangar_r.p3d:geometryFire
20:58:41.517 Warning: No components in dz\structures\furniture\lighting\hangar_lamp\hangar_lamp.p3d:geometry
20:58:41.520 Warning: No components in dz\structures\military\airfield\mil_blastcover4_grass_l.p3d:geometry
20:58:41.520  ENTITY    (W): Unknown object class 'building' (dz\structures\military\airfield\mil_blastcover4_grass_l.p3d)
20:58:41.521 Warning: No components in dz\structures\military\airfield\mil_blastcover4_grass_r.p3d:geometry
20:58:41.521  ENTITY    (W): Unknown object class 'building' (dz\structures\military\airfield\mil_blastcover4_grass_r.p3d)
20:58:41.521 Warning: No components in dz\structures_bliss\roads\decals\decal_oilstain1.p3d:geometry
20:58:41.521 Warning: No components in dz\structures_bliss\roads\decals\decal_oilstain3.p3d:geometry
20:58:41.524 PerfWarning: Way too much components (547) in dz\structures\wrecks\aircraft\wreck_c130j_2.p3d:geometryFire
20:58:41.525 Warning: No components in dz\structures_bliss\roads\decals\decal_oilstain4.p3d:geometry
20:58:41.525 Warning: No components in dz\structures_bliss\roads\decals\decal_oilstain2.p3d:geometry
20:58:41.532 PerfWarning: Way too much components (999) in dz\structures\residential\medical\medical_tent_big.p3d:geometryFire
20:58:41.532 Warning: No components in dz\structures\residential\medical\proxy\medical_tent_frame.p3d:geometryFire
20:58:41.533 Placement slopelandcontact failed on model dz\structures\residential\medical\medical_tent_big.p3d. Too many (4) points in landcontact.
20:58:41.540 PerfWarning: Way too much components (566) in dz\structures\military\airfield\airfield_servicehangar_l.p3d:geometryFire
20:58:41.548 Placement slopelandcontact failed on model dz\structures\residential\medical\medical_tent_big.p3d. Too many (4) points in landcontact.
20:58:41.548 Placement slopelandcontact failed on model dz\structures\residential\medical\medical_tent_big.p3d. Too many (4) points in landcontact.
20:58:41.552  ENTITY       : Load entity type 'Land_Wreck_hb01_aban2_blue_DE'
20:58:41.552   ENTITY    (W): Door 'Doors1' is missing geometry components for selection 'Doors1', check model+config
20:58:41.552   ENTITY    (W): Door 'Doors2' is missing geometry components for selection 'Doors2', check model+config
20:58:41.554  ENTITY       : Load entity type 'Land_Wreck_sed02_aban1_grey_DE'
20:58:41.554   ENTITY    (W): Door 'Doors1' is missing geometry components for selection 'Doors1', check model+config
20:58:41.554   ENTITY    (W): Door 'Doors2' is missing geometry components for selection 'Doors2', check model+config
20:58:41.554   ENTITY    (W): Door 'Doors3' is missing geometry components for selection 'Doors3', check model+config
20:58:41.557  ENTITY       : Load entity type 'Land_Wreck_hb01_aban2_green_DE'
20:58:41.557   ENTITY    (W): Door 'Doors1' is missing geometry components for selection 'Doors1', check model+config
20:58:41.557   ENTITY    (W): Door 'Doors2' is missing geometry components for selection 'Doors2', check model+config
20:58:41.562   263 items loaded. (0 failed)
20:58:41.589 [CE][Hive] :: Storage load took:28.11 seconds, recovery stamp:3096
20:58:41.589   entity: 22872, building: 0
20:58:41.589   no lifetime: 65
20:58:41.589   pathgraph's: 548
20:58:41.631 [CE][Hive] :: Initializing ... 
20:58:41.707 [CE][InitializeMap] :: initialized: 0
20:58:41.707 [CE][Hive] :: Initializing spawners ... 
20:58:41.707  WORLD        : Create entity type 'Animal_UrsusArctos'
20:58:41.707   ENTITY    (E): Type 'ManType' must be inherited from class 'DayZAnimalType'
20:58:41.720  WORLD        : Create entity type 'Animal_UrsusArctos'
20:58:41.720   ANIMATION    : AnimGraph load @"{50965216E3F87C83}DZ/animals_bliss/animations/!graph_files/bear/Bear_Graph.agr"
20:58:41.720    ANIMATION    : Loading graph file @"DZ/animals_bliss/animations/!graph_files/bear/Bear_MainGraph.agr"
20:58:41.723    ANIMATION    : load of the graph ended with: Success
20:58:41.724 Warning Message: No entry 'bin\config.bin/CfgVehicles/Animal_UrsusArctos.P3DAttachments'.
20:58:41.724 Warning Message: No entry '.P3DProxies'.
20:58:41.724 Warning Message: No entry '.BoneNames'.
20:58:41.724 Warning Message: Size: '/' not an array
20:58:41.724 Warning Message: Size: '/' not an array
20:58:41.724 Warning Message: Size: '/' not an array
20:58:41.727  WORLD        : Create entity type 'Animal_BosTaurusF_Spotted'
20:58:41.727   ENTITY    (E): Type 'ManType' must be inherited from class 'DayZAnimalType'
20:58:41.772  WORLD        : Create entity type 'Animal_BosTaurusF_Spotted'
20:58:41.772   ANIMATION    : AnimGraph load @"{3F2F32D104EA5971}dz/animals/animations/!graph_files/Herbivores/Herbivores_Graph.agr"
20:58:41.772    ANIMATION    : Loading graph file @"dz/animals/animations/!graph_files/herbivores/Herbivores_MainGraph.agr"
20:58:41.774    ANIMATION    : load of the graph ended with: Success
20:58:41.775 Warning Message: No entry 'bin\config.bin/CfgVehicles/Animal_BosTaurusF_Spotted.P3DAttachments'.
20:58:41.775 Warning Message: No entry '.P3DProxies'.
20:58:41.775 Warning Message: No entry '.BoneNames'.
20:58:41.775 Warning Message: Size: '/' not an array
20:58:41.775 Warning Message: Size: '/' not an array
20:58:41.775 Warning Message: Size: '/' not an array
20:58:41.777  WORLD        : Create entity type 'Animal_BosTaurusF_White'
20:58:41.777   ENTITY    (E): Type 'ManType' must be inherited from class 'DayZAnimalType'
20:58:41.777 Warning Message: No entry 'bin\config.bin/CfgVehicles/Animal_BosTaurusF_White.P3DAttachments'.
20:58:41.777 Warning Message: No entry '.P3DProxies'.
20:58:41.777 Warning Message: No entry '.BoneNames'.
20:58:41.777 Warning Message: Size: '/' not an array
20:58:41.777 Warning Message: Size: '/' not an array
20:58:41.777 Warning Message: Size: '/' not an array
20:58:41.780  WORLD        : Create entity type 'Animal_BosTaurus_Brown'
20:58:41.780   ENTITY    (E): Type 'ManType' must be inherited from class 'DayZAnimalType'
20:58:41.782 Warning Message: No entry 'bin\config.bin/CfgVehicles/Animal_BosTaurus_Brown.P3DAttachments'.
20:58:41.782 Warning Message: No entry '.P3DProxies'.
20:58:41.782 Warning Message: No entry '.BoneNames'.
20:58:41.782 Warning Message: Size: '/' not an array
20:58:41.782 Warning Message: Size: '/' not an array
20:58:41.782 Warning Message: Size: '/' not an array
20:58:41.784  WORLD        : Create entity type 'Animal_BosTaurusF_Brown'
20:58:41.784   ENTITY    (E): Type 'ManType' must be inherited from class 'DayZAnimalType'
20:58:41.784 Warning Message: No entry 'bin\config.bin/CfgVehicles/Animal_BosTaurusF_Brown.P3DAttachments'.
20:58:41.784 Warning Message: No entry '.P3DProxies'.
20:58:41.784 Warning Message: No entry '.BoneNames'.
20:58:41.784 Warning Message: Size: '/' not an array
20:58:41.784 Warning Message: Size: '/' not an array
20:58:41.784 Warning Message: Size: '/' not an array
20:58:41.788  WORLD        : Create entity type 'Animal_BosTaurus_White'
20:58:41.788   ENTITY    (E): Type 'ManType' must be inherited from class 'DayZAnimalType'
20:58:41.789 Warning Message: No entry 'bin\config.bin/CfgVehicles/Animal_BosTaurus_White.P3DAttachments'.
20:58:41.789 Warning Message: No entry '.P3DProxies'.
20:58:41.789 Warning Message: No entry '.BoneNames'.
20:58:41.789 Warning Message: Size: '/' not an array
20:58:41.789 Warning Message: Size: '/' not an array
20:58:41.789 Warning Message: Size: '/' not an array
20:58:41.791  WORLD        : Create entity type 'Animal_BosTaurus_Spotted'
20:58:41.791   ENTITY    (E): Type 'ManType' must be inherited from class 'DayZAnimalType'
20:58:41.791 Warning Message: No entry 'bin\config.bin/CfgVehicles/Animal_BosTaurus_Spotted.P3DAttachments'.
20:58:41.791 Warning Message: No entry '.P3DProxies'.
20:58:41.791 Warning Message: No entry '.BoneNames'.
20:58:41.791 Warning Message: Size: '/' not an array
20:58:41.791 Warning Message: Size: '/' not an array
20:58:41.791 Warning Message: Size: '/' not an array
20:58:41.794  WORLD        : Create entity type 'Animal_CervusElaphus'
20:58:41.794   ENTITY    (E): Type 'ManType' must be inherited from class 'DayZAnimalType'
20:58:41.795 Warning Message: No entry 'bin\config.bin/CfgVehicles/Animal_CervusElaphus.P3DAttachments'.
20:58:41.795 Warning Message: No entry '.P3DProxies'.
20:58:41.795 Warning Message: No entry '.BoneNames'.
20:58:41.795 Warning Message: Size: '/' not an array
20:58:41.795 Warning Message: Size: '/' not an array
20:58:41.795 Warning Message: Size: '/' not an array
20:58:41.797  WORLD        : Create entity type 'Animal_CervusElaphusF'
20:58:41.797   ENTITY    (E): Type 'ManType' must be inherited from class 'DayZAnimalType'
20:58:41.799 Warning Message: No entry 'bin\config.bin/CfgVehicles/Animal_CervusElaphusF.P3DAttachments'.
20:58:41.799 Warning Message: No entry '.P3DProxies'.
20:58:41.799 Warning Message: No entry '.BoneNames'.
20:58:41.799 Warning Message: Size: '/' not an array
20:58:41.799 Warning Message: Size: '/' not an array
20:58:41.799 Warning Message: Size: '/' not an array
20:58:41.815  WORLD        : Create entity type 'Animal_CapraHircusF'
20:58:41.815   ENTITY    (E): Type 'ManType' must be inherited from class 'DayZAnimalType'
20:58:41.816 Warning Message: No entry 'bin\config.bin/CfgVehicles/Animal_CapraHircusF.P3DAttachments'.
20:58:41.816 Warning Message: No entry '.P3DProxies'.
20:58:41.816 Warning Message: No entry '.BoneNames'.
20:58:41.816 Warning Message: Size: '/' not an array
20:58:41.816 Warning Message: Size: '/' not an array
20:58:41.816 Warning Message: Size: '/' not an array
20:58:41.818  WORLD        : Create entity type 'Animal_CapraHircus_White'
20:58:41.818   ENTITY    (E): Type 'ManType' must be inherited from class 'DayZAnimalType'
20:58:41.818 Warning Message: No entry 'bin\config.bin/CfgVehicles/Animal_CapraHircus_White.P3DAttachments'.
20:58:41.818 Warning Message: No entry '.P3DProxies'.
20:58:41.818 Warning Message: No entry '.BoneNames'.
20:58:41.818 Warning Message: Size: '/' not an array
20:58:41.818 Warning Message: Size: '/' not an array
20:58:41.818 Warning Message: Size: '/' not an array
20:58:41.825  WORLD        : Create entity type 'Animal_CapraHircus_Black'
20:58:41.825   ENTITY    (E): Type 'ManType' must be inherited from class 'DayZAnimalType'
20:58:41.826 Warning Message: No entry 'bin\config.bin/CfgVehicles/Animal_CapraHircus_Black.P3DAttachments'.
20:58:41.826 Warning Message: No entry '.P3DProxies'.
20:58:41.826 Warning Message: No entry '.BoneNames'.
20:58:41.826 Warning Message: Size: '/' not an array
20:58:41.826 Warning Message: Size: '/' not an array
20:58:41.826 Warning Message: Size: '/' not an array
20:58:41.827  WORLD        : Create entity type 'Animal_SusDomesticus'
20:58:41.827   ENTITY    (E): Type 'ManType' must be inherited from class 'DayZAnimalType'
20:58:41.828 Warning Message: No entry 'bin\config.bin/CfgVehicles/Animal_SusDomesticus.P3DAttachments'.
20:58:41.828 Warning Message: No entry '.P3DProxies'.
20:58:41.828 Warning Message: No entry '.BoneNames'.
20:58:41.828 Warning Message: Size: '/' not an array
20:58:41.828 Warning Message: Size: '/' not an array
20:58:41.828 Warning Message: Size: '/' not an array
20:58:41.834  WORLD        : Create entity type 'Animal_CapreolusCapreolus'
20:58:41.834   ENTITY    (E): Type 'ManType' must be inherited from class 'DayZAnimalType'
20:58:41.836 Warning Message: No entry 'bin\config.bin/CfgVehicles/Animal_CapreolusCapreolus.P3DAttachments'.
20:58:41.836 Warning Message: No entry '.P3DProxies'.
20:58:41.836 Warning Message: No entry '.BoneNames'.
20:58:41.836 Warning Message: Size: '/' not an array
20:58:41.836 Warning Message: Size: '/' not an array
20:58:41.836 Warning Message: Size: '/' not an array
20:58:41.839  WORLD        : Create entity type 'Animal_CapreolusCapreolusF'
20:58:41.839   ENTITY    (E): Type 'ManType' must be inherited from class 'DayZAnimalType'
20:58:41.839 Warning Message: No entry 'bin\config.bin/CfgVehicles/Animal_CapreolusCapreolusF.P3DAttachments'.
20:58:41.839 Warning Message: No entry '.P3DProxies'.
20:58:41.839 Warning Message: No entry '.BoneNames'.
20:58:41.839 Warning Message: Size: '/' not an array
20:58:41.839 Warning Message: Size: '/' not an array
20:58:41.839 Warning Message: Size: '/' not an array
20:58:41.856  WORLD        : Create entity type 'Animal_OvisAries'
20:58:41.856   ENTITY    (E): Type 'ManType' must be inherited from class 'DayZAnimalType'
20:58:41.857 Warning Message: No entry 'bin\config.bin/CfgVehicles/Animal_OvisAries.P3DAttachments'.
20:58:41.857 Warning Message: No entry '.P3DProxies'.
20:58:41.857 Warning Message: No entry '.BoneNames'.
20:58:41.857 Warning Message: Size: '/' not an array
20:58:41.857 Warning Message: Size: '/' not an array
20:58:41.857 Warning Message: Size: '/' not an array
20:58:41.859  WORLD        : Create entity type 'Animal_OvisAriesF'
20:58:41.859   ENTITY    (E): Type 'ManType' must be inherited from class 'DayZAnimalType'
20:58:41.860 Warning Message: No entry 'bin\config.bin/CfgVehicles/Animal_OvisAriesF.P3DAttachments'.
20:58:41.860 Warning Message: No entry '.P3DProxies'.
20:58:41.860 Warning Message: No entry '.BoneNames'.
20:58:41.860 Warning Message: Size: '/' not an array
20:58:41.860 Warning Message: Size: '/' not an array
20:58:41.860 Warning Message: Size: '/' not an array
20:58:41.871  WORLD        : Create entity type 'Animal_SusScrofa'
20:58:41.871   ENTITY    (E): Type 'ManType' must be inherited from class 'DayZAnimalType'
20:58:41.872 Warning Message: No entry 'bin\config.bin/CfgVehicles/Animal_SusScrofa.P3DAttachments'.
20:58:41.872 Warning Message: No entry '.P3DProxies'.
20:58:41.872 Warning Message: No entry '.BoneNames'.
20:58:41.872 Warning Message: Size: '/' not an array
20:58:41.872 Warning Message: Size: '/' not an array
20:58:41.872 Warning Message: Size: '/' not an array
20:58:41.880  WORLD        : Create entity type 'Animal_CanisLupus_Grey'
20:58:41.880   ENTITY    (E): Type 'ManType' must be inherited from class 'DayZAnimalType'
20:58:41.907  WORLD        : Create entity type 'Animal_CanisLupus_Grey'
20:58:41.907   ANIMATION    : AnimGraph load @"{089BA307C066511E}dz/animals/animations/!graph_files/Wolf/Wolf_Graph.agr"
20:58:41.907    ANIMATION    : Loading graph file @"dz/animals/animations/!graph_files/Wolf/Wolf_MainGraph.agr"
20:58:41.909    ANIMATION    : load of the graph ended with: Success
20:58:41.910 Warning Message: No entry 'bin\config.bin/CfgVehicles/Animal_CanisLupus_Grey.P3DAttachments'.
20:58:41.910 Warning Message: No entry '.P3DProxies'.
20:58:41.910 Warning Message: No entry '.BoneNames'.
20:58:41.910 Warning Message: Size: '/' not an array
20:58:41.910 Warning Message: Size: '/' not an array
20:58:41.910 Warning Message: Size: '/' not an array
20:58:41.914  WORLD        : Create entity type 'Animal_CanisLupus_White'
20:58:41.914   ENTITY    (E): Type 'ManType' must be inherited from class 'DayZAnimalType'
20:58:41.915 Warning Message: No entry 'bin\config.bin/CfgVehicles/Animal_CanisLupus_White.P3DAttachments'.
20:58:41.915 Warning Message: No entry '.P3DProxies'.
20:58:41.915 Warning Message: No entry '.BoneNames'.
20:58:41.915 Warning Message: Size: '/' not an array
20:58:41.915 Warning Message: Size: '/' not an array
20:58:41.915 Warning Message: Size: '/' not an array
20:58:41.931  WORLD        : Create entity type 'ZmbM_PatrolNormal_Summer'
20:58:41.931   MATERIAL  (E): Object dz/characters/zombies/z_hermit_m.xob - cannot load material Material_1.emat
20:58:41.968  WORLD        : Create entity type 'ZmbM_PatrolNormal_Summer'
20:58:41.968   ANIMATION    : AnimGraph load @"{1D694C38EDA9D861}dz/anims/workspaces/infected/infected_main/infected.agr"
20:58:41.968    ANIMATION    : Loading graph file @"dz/anims/workspaces/infected/infected_main/Locomotion.agr"
20:58:41.970    ANIMATION    : Loading graph file @"dz/anims/workspaces/infected/infected_main/Combat.agr"
20:58:41.970    ANIMATION    : Loading graph file @"dz/anims/workspaces/infected/infected_main/Interaction.agr"
20:58:41.971    ANIMATION    : load of the graph ended with: Success
20:58:41.971 Warning Message: No entry 'bin\config.bin/CfgAIBehaviours/InfectedMale/BehaviourHLZombie/SlotCalm/BehaviourZombieCalm/SoundsDuring/Sound1.sounds'.
20:58:41.971 Warning Message: No entry 'bin\config.bin/CfgAIBehaviours/InfectedMale/BehaviourHLZombie/SlotAlerted/BehaviourZombieAlerted/SoundsEntering/Sound1.sounds'.
20:58:41.971 Warning Message: No entry 'bin\config.bin/CfgAIBehaviours/InfectedMale/BehaviourHLZombie/SlotAlerted/BehaviourZombieAlerted/SoundsDuring/Sound1.sounds'.
20:58:41.973 Warning: No components in dz\characters\proxies\eyewear_dz.p3d:geometry
20:58:41.973 Warning: No components in dz\characters\proxies\backpack_dz.p3d:geometry
20:58:41.973 Warning: No components in dz\characters\proxies\vest_dz.p3d:geometry
20:58:41.987 Warning Message: No entry 'bin\config.bin/CfgAIBehaviours/InfectedMale/BehaviourHLZombie/SlotCalm/BehaviourZombieCalm/SoundsDuring/Sound1.sounds'.
20:58:41.987 Warning Message: No entry 'bin\config.bin/CfgAIBehaviours/InfectedMale/BehaviourHLZombie/SlotAlerted/BehaviourZombieAlerted/SoundsEntering/Sound1.sounds'.
20:58:41.988 Warning Message: No entry 'bin\config.bin/CfgAIBehaviours/InfectedMale/BehaviourHLZombie/SlotAlerted/BehaviourZombieAlerted/SoundsDuring/Sound1.sounds'.
20:58:42.36  Warning Message: No entry 'bin\config.bin/CfgAIBehaviours/InfectedMale/BehaviourHLZombie/SlotCalm/BehaviourZombieCalm/SoundsDuring/Sound1.sounds'.
20:58:42.36  Warning Message: No entry 'bin\config.bin/CfgAIBehaviours/InfectedMale/BehaviourHLZombie/SlotAlerted/BehaviourZombieAlerted/SoundsEntering/Sound1.sounds'.
20:58:42.36  Warning Message: No entry 'bin\config.bin/CfgAIBehaviours/InfectedMale/BehaviourHLZombie/SlotAlerted/BehaviourZombieAlerted/SoundsDuring/Sound1.sounds'.
20:58:42.40  Warning Message: No entry 'bin\config.bin/CfgAIBehaviours/InfectedFemale/BehaviourHLZombie/SlotCalm/BehaviourZombieCalm/SoundsDuring/Sound1.sounds'.
20:58:42.40  Warning Message: No entry 'bin\config.bin/CfgAIBehaviours/InfectedFemale/BehaviourHLZombie/SlotAlerted/BehaviourZombieAlerted/SoundsEntering/Sound1.sounds'.
20:58:42.40  Warning Message: No entry 'bin\config.bin/CfgAIBehaviours/InfectedFemale/BehaviourHLZombie/SlotAlerted/BehaviourZombieAlerted/SoundsDuring/Sound1.sounds'.
20:58:42.47  [CE][LootRespawner] (PRIDummy) :: Initially (re)spawned:0, Nominal:20365, Total in Map: 21265 at 0 (sec)
20:58:42.47    tests:0, repeats:0 fails:0, overtime:0
20:58:42.56  [CE][DynEvent] :: 51 types
20:58:42.56  [00] AmbientFox
20:58:42.56    Primary Spawner: "Ambient", active: yes, repeat: 1
20:58:42.56  [01] AmbientHare
20:58:42.56    Primary Spawner: "Ambient", active: yes, repeat: 1
20:58:42.56  [02] AmbientHen
20:58:42.56    Primary Spawner: "Ambient", active: yes, repeat: 1
20:58:42.56  [03] AnimalBear
20:58:42.56    Primary Spawner: "Animal", active: yes, repeat: 1
20:58:42.56  [04] AnimalCow
20:58:42.56    Primary Spawner: "Animal", active: yes, repeat: 1
20:58:42.56  [05] AnimalDeer
20:58:42.56    Primary Spawner: "Animal", active: yes, repeat: 1
20:58:42.56  [06] AnimalGoat
20:58:42.56    Primary Spawner: "Animal", active: yes, repeat: 1
20:58:42.56  [07] AnimalPig
20:58:42.56    Primary Spawner: "Animal", active: yes, repeat: 1
20:58:42.56  [08] AnimalRoeDeer
20:58:42.56    Primary Spawner: "Animal", active: yes, repeat: 1
20:58:42.56  [09] AnimalSheep
20:58:42.56    Primary Spawner: "Animal", active: yes, repeat: 1
20:58:42.56  [10] AnimalWildBoar
20:58:42.56    Primary Spawner: "Animal", active: yes, repeat: 1
20:58:42.56  [11] AnimalWolf
20:58:42.56    Primary Spawner: "Animal", active: yes, repeat: 1
20:58:42.56  [12] InfectedArmy
20:58:42.56    Primary Spawner: "Infected", active: yes, repeat: 1
20:58:42.57  [13] InfectedArmyDesert
20:58:42.57    Primary Spawner: "Infected", active: yes, repeat: 1
20:58:42.57    Secondary Spawner: "Infected", active: yes, repeat: 1
20:58:42.57  [14] InfectedArmyHard
20:58:42.57    Primary Spawner: "Infected", active: yes, repeat: 1
20:58:42.57  [15] InfectedCity
20:58:42.57    Primary Spawner: "Infected", active: yes, repeat: 1
20:58:42.57  [16] InfectedCityTier1
20:58:42.57    Primary Spawner: "Infected", active: yes, repeat: 1
20:58:42.57  [17] InfectedFirefighter
20:58:42.57    Primary Spawner: "Infected", active: yes, repeat: 1
20:58:42.57  [18] InfectedIndustrial
20:58:42.57    Primary Spawner: "Infected", active: yes, repeat: 1
20:58:42.57  [19] InfectedMedic
20:58:42.57    Primary Spawner: "Infected", active: yes, repeat: 1
20:58:42.57  [20] InfectedNBC
20:58:42.57    Primary Spawner: "Infected", active: yes, repeat: 1
20:58:42.57  [21] InfectedPolice
20:58:42.57    Primary Spawner: "Infected", active: yes, repeat: 1
20:58:42.57  [22] InfectedPoliceHard
20:58:42.57    Primary Spawner: "Infected", active: yes, repeat: 1
20:58:42.57  [23] InfectedPrisoner
20:58:42.57    Primary Spawner: "Infected", active: yes, repeat: 1
20:58:42.57  [24] InfectedReligious
20:58:42.57    Primary Spawner: "Infected", active: yes, repeat: 1
20:58:42.57  [25] InfectedSanta
20:58:42.57    Primary Spawner: "Infected", active: yes, repeat: 1
20:58:42.57  [26] InfectedSolitude
20:58:42.57    Primary Spawner: "Infected", active: yes, repeat: 1
20:58:42.57  [27] InfectedVillage
20:58:42.57    Primary Spawner: "Infected", active: yes, repeat: 1
20:58:42.57  [28] InfectedVillageTier1
20:58:42.57    Primary Spawner: "Infected", active: yes, repeat: 1
20:58:42.57  [29] ItemPlanks
20:58:42.57    Primary Spawner: "Item", active: yes, repeat: 1
20:58:42.57  [30] Loot
20:58:42.57    Primary Spawner: "Loot", active: yes, repeat: 2
20:58:42.57  [31] StaticAirplaneCrate
20:58:42.57    Primary Spawner: "Static", active: yes, repeat: 1
20:58:42.57  [32] StaticContaminatedArea
20:58:42.57    Primary Spawner: "Static", active: yes, repeat: 1
20:58:42.57  [33] StaticHeliCrash
20:58:42.57    Primary Spawner: "Static", active: yes, repeat: 1
20:58:42.57    Secondary Spawner: "Infected", active: yes, repeat: 1
20:58:42.57  [34] StaticMilitaryConvoy
20:58:42.57    Primary Spawner: "Static", active: yes, repeat: 1
20:58:42.57    Secondary Spawner: "Infected", active: yes, repeat: 1
20:58:42.57  [35] StaticPoliceSituation
20:58:42.57    Primary Spawner: "Static", active: yes, repeat: 1
20:58:42.57    Secondary Spawner: "Infected", active: yes, repeat: 1
20:58:42.57  [36] StaticTrain
20:58:42.57    Primary Spawner: "Static", active: yes, repeat: 1
20:58:42.57    Secondary Spawner: "Infected", active: yes, repeat: 1
20:58:42.57  [37] TrajectoryApple
20:58:42.57    Primary Spawner: "Trajectory", active: yes, repeat: 1
20:58:42.57  [38] TrajectoryConiferous
20:58:42.57    Primary Spawner: "Trajectory", active: yes, repeat: 1
20:58:42.57  [39] TrajectoryDeciduous
20:58:42.57    Primary Spawner: "Trajectory", active: yes, repeat: 1
20:58:42.57  [40] TrajectoryHumus
20:58:42.57    Primary Spawner: "Trajectory", active: yes, repeat: 1
20:58:42.57  [41] TrajectoryPear
20:58:42.57    Primary Spawner: "Trajectory", active: yes, repeat: 1
20:58:42.57  [42] TrajectoryPlum
20:58:42.57    Primary Spawner: "Trajectory", active: yes, repeat: 1
20:58:42.57  [43] TrajectoryStones
20:58:42.57    Primary Spawner: "Trajectory", active: yes, repeat: 1
20:58:42.57  [44] VehicleBoat
20:58:42.57    Primary Spawner: "Vehicle", active: yes, repeat: 1
20:58:42.57  [45] VehicleCivilianSedan
20:58:42.57    Primary Spawner: "Vehicle", active: yes, repeat: 1
20:58:42.57  [46] VehicleHatchback02
20:58:42.57    Primary Spawner: "Vehicle", active: yes, repeat: 1
20:58:42.57  [47] VehicleOffroad02
20:58:42.57    Primary Spawner: "Vehicle", active: yes, repeat: 1
20:58:42.57  [48] VehicleOffroadHatchback
20:58:42.57    Primary Spawner: "Vehicle", active: yes, repeat: 1
20:58:42.57  [49] VehicleSedan02
20:58:42.57    Primary Spawner: "Vehicle", active: yes, repeat: 1
20:58:42.57  [50] VehicleTruck01
20:58:42.57    Primary Spawner: "Vehicle", active: yes, repeat: 1
20:58:42.57  [CE][Hive] :: Initializing of spawners done.
20:58:42.71  [CE][Hive] :: Init sequence finished.
20:58:42.71  Player connect enabled
20:58:42.226 Warning: No components in dz\plants\clutter\c_pines.p3d:geometry
20:58:42.855 [IdleMode] Entering IN - save processed
20:58:43.167 Warning: No components in dz\structures\military\airfield\mil_reinforcedtank1_grass.p3d:geometry
20:58:43.187 ENTITY    (W): Unknown object class 'pond' (dz\water\ponds\moss\pond_big_38_04_moss.p3d)
20:58:43.197 ENTITY    (W): Unknown object class 'pond' (dz\water\ponds\pond_50x50.p3d)
20:58:43.201 ENTITY    (W): Unknown object class 'pond' (dz\water\ponds\pond_small_02.p3d)
20:58:43.345 ENTITY    (W): Unknown object class 'building' (dz\structures\military\airfield\mil_reinforcedtank1_grass.p3d)
20:58:43.345 ENTITY    (W): Unknown object class 'building' (dz\structures\military\airfield\mil_reinforcedtank1_grass.p3d)
20:58:43.350 Warning: No components in dz\water\ponds\moss\pond_small_03_moss.p3d:geometry
20:58:43.350 ENTITY    (W): Unknown object class 'pond' (dz\water\ponds\moss\pond_small_03_moss.p3d)
20:58:43.350 Warning: No components in dz\water\ponds\moss\pond_big_29_01_moss.p3d:geometry
20:58:43.350 Warning: No components in dz\water\ponds\moss\pond_big_29_03_moss.p3d:geometry
20:58:43.350 ENTITY    (W): Unknown object class 'pond' (dz\water\ponds\moss\pond_big_30_02_moss.p3d)
20:58:43.350 ENTITY    (W): Unknown object class 'pond' (dz\water\ponds\moss\pond_big_29_03_moss.p3d)
20:58:43.351 ENTITY    (W): Unknown object class 'pond' (dz\water\ponds\moss\pond_big_29_01_moss.p3d)
20:58:43.351 Warning: No components in dz\water\ponds\moss\pond_small_05_moss.p3d:geometry
20:58:43.351 ENTITY    (W): Unknown object class 'pond' (dz\water\ponds\moss\pond_small_05_moss.p3d)
20:58:43.351 ENTITY    (W): Unknown object class 'pond' (dz\water\ponds\moss\pond_small_18_moss.p3d)
20:58:43.351 ENTITY    (W): Unknown object class 'pond' (dz\water\ponds\moss\pond_big_33_01_moss.p3d)
20:58:43.351 ENTITY    (W): Unknown object class 'pond' (dz\water\ponds\moss\pond_big_33_02_moss.p3d)
20:58:43.351 Warning: No components in dz\water\ponds\moss\pond_small_16_moss.p3d:geometry
20:58:43.351 ENTITY    (W): Unknown object class 'pond' (dz\water\ponds\moss\pond_small_16_moss.p3d)
20:58:43.351 ENTITY    (W): Unknown object class 'pond' (dz\water\ponds\moss\pond_big_33_03_moss.p3d)
20:58:43.361 ENTITY    (W): Unknown object class 'pond' (dz\water\ponds\pond_50x50.p3d)
20:58:43.463 ENTITY    (W): Unknown object class 'pond' (dz\water\ponds\moss\pond_big_37_04_moss.p3d)
20:58:43.463 Warning: No components in dz\water\ponds\moss\pond_big_38_03_moss.p3d:geometry
20:58:43.466 ENTITY    (W): Unknown object class 'pond' (dz\water\ponds\moss\pond_small_16_moss.p3d)
20:58:43.472 ENTITY    (W): Unknown object class 'pond' (dz\water\ponds\pond_50x50.p3d)
20:58:43.473 Warning: No components in dz\water\streambed\misc\stones_leaf_group_3.p3d:geometryFire
20:58:43.476 ENTITY    (W): Unknown object class 'pond' (dz\water\ponds\pond_50x50.p3d)
20:58:43.476 ENTITY    (W): Unknown object class 'pond' (dz\water\ponds\pond_50x50.p3d)
20:58:43.477 ENTITY    (W): Unknown object class 'pond' (dz\water\ponds\pond_50x50.p3d)
20:58:43.536 Warning: No components in dz\water\ponds\moss\pond_big_37_03_moss.p3d:geometry
20:58:43.537 ENTITY    (W): Unknown object class 'pond' (dz\water\ponds\moss\pond_big_37_03_moss.p3d)
20:58:43.537 Warning: No components in dz\water\ponds\moss\pond_big_36_01_moss.p3d:geometry
20:58:43.537 Warning: No components in dz\water\ponds\moss\pond_big_36_02_moss.p3d:geometry
20:58:43.538 ENTITY    (W): Unknown object class 'pond' (dz\water\ponds\moss\pond_big_36_01_moss.p3d)
20:58:43.538 ENTITY    (W): Unknown object class 'pond' (dz\water\ponds\moss\pond_big_36_02_moss.p3d)
20:58:43.539 Warning: No components in dz\water\ponds\moss\pond_big_38_01_moss.p3d:geometry
20:58:43.539 Warning: No components in dz\water\ponds\moss\pond_small_09_moss.p3d:geometry
20:58:43.540 ENTITY    (W): Unknown object class 'pond' (dz\water\ponds\moss\pond_small_09_moss.p3d)
20:58:43.540 ENTITY    (W): Unknown object class 'pond' (dz\water\ponds\moss\pond_big_38_01_moss.p3d)
20:58:43.540 ENTITY    (W): Unknown object class 'pond' (dz\water\ponds\moss\pond_big_38_03_moss.p3d)
20:58:43.540 Warning: No components in dz\water\ponds\moss\pond_big_41_02_moss.p3d:geometry
20:58:43.540 Warning: No components in dz\water\ponds\moss\pond_big_41_04_moss.p3d:geometry
20:58:43.540 Warning: No components in dz\water\ponds\moss\pond_big_41_05_moss.p3d:geometry
20:58:43.541 ENTITY    (W): Unknown object class 'pond' (dz\water\ponds\moss\pond_big_41_04_moss.p3d)
20:58:43.541 ENTITY    (W): Unknown object class 'pond' (dz\water\ponds\moss\pond_big_41_02_moss.p3d)
20:58:43.541 ENTITY    (W): Unknown object class 'pond' (dz\water\ponds\moss\pond_big_41_05_moss.p3d)
20:58:43.541 ENTITY    (W): Unknown object class 'pond' (dz\water\ponds\moss\pond_big_37_04_moss.p3d)
20:58:43.547 Warning: No components in dz\water\ponds\moss\pond_small_25_moss.p3d:geometry
20:58:43.547 ENTITY    (W): Unknown object class 'pond' (dz\water\ponds\moss\pond_small_26_moss.p3d)
20:58:43.547 ENTITY    (W): Unknown object class 'pond' (dz\water\ponds\moss\pond_small_25_moss.p3d)
20:58:43.547 Warning: No components in dz\water\ponds\moss\pond_small_19_moss.p3d:geometry
20:58:43.548 ENTITY    (W): Unknown object class 'pond' (dz\water\ponds\moss\pond_small_19_moss.p3d)
20:58:43.593 Warning: No components in dz\plants\clutter\c_elytrigia_green.p3d:geometry
20:58:43.603 Warning: No components in dz\water\ponds\moss\pond_big_41_03_moss.p3d:geometry
20:58:43.603 ENTITY    (W): Unknown object class 'pond' (dz\water\ponds\moss\pond_big_41_03_moss.p3d)
20:58:43.604 ENTITY    (W): Unknown object class 'pond' (dz\water\ponds\moss\pond_big_37_03_moss.p3d)
20:58:43.604 ENTITY    (W): Unknown object class 'pond' (dz\water\ponds\moss\pond_big_30_03_moss.p3d)
20:58:43.604 ENTITY    (W): Unknown object class 'pond' (dz\water\ponds\moss\pond_big_30_04_moss.p3d)
20:58:43.664 Warning: No components in dz\plants\clutter\c_lolium.p3d:geometry
20:58:43.767 SCRIPT       : m_LoginTimeMs: 16200
20:58:43.903 ENTITY    (W): Unknown object class 'pond' (dz\water\ponds\pond_50x50.p3d)
20:58:43.907 ENTITY    (W): Unknown object class 'pond' (dz\water\ponds\pond_50x50.p3d)
20:58:44.26  ENTITY    (W): Unknown object class 'pond' (dz\water\ponds\pond_50x50.p3d)
20:58:44.81  ENTITY    (W): Unknown object class 'pond' (dz\water\ponds\pond_50x50.p3d)
20:58:44.156 PerfWarning: Way too much components (592) in dz\structures\military\houses\mil_guardtower.p3d:geometryFire
20:58:44.165 PerfWarning: Way too much components (1022) in dz\structures\wrecks\vehicles\wreck_bmp1.p3d:geometryFire
20:58:44.168 Warning: No components in dz\structures\roads\decals\decal_heli_army.p3d:geometry
20:58:44.171 Warning: No components in dz\structures\military\improvised\mil_tent_big1_1.p3d:geometryFire
20:58:44.171 Warning: No components in dz\structures\military\improvised\mil_tent_big1_1.p3d:geometryView
20:58:44.171 Warning: No components in dz\structures\military\improvised\mil_tent_big2_2.p3d:geometryFire
20:58:44.171 Warning: No components in dz\structures\military\improvised\mil_tent_big2_2.p3d:geometryView
20:58:44.172 Warning: No components in dz\structures\military\improvised\mil_tent_big2_3.p3d:geometryFire
20:58:44.172 Warning: No components in dz\structures\military\improvised\mil_tent_big2_3.p3d:geometryView
20:58:44.175 Warning: No components in dz\structures\military\improvised\mil_tent_big1_5.p3d:geometryFire
20:58:44.175 Warning: No components in dz\structures\military\improvised\mil_tent_big1_5.p3d:geometryView
20:58:44.219 PerfWarning: Way too much components (804) in dz\structures\military\houses\mil_barracks5_basement.p3d:geometryFire
20:58:44.246 Warning: No components in dz\structures\specific\airfields\airfield_light_navig.p3d:geometryView
20:58:44.288 DamageSystem Warning: Selection doors9 doesn't exists in fire geometry for entity Land_Mil_Barracks5_Basement
20:58:44.311 Warning: No components in dz\structures\military\airfield\mil_blastcover3_grass.p3d:geometry
20:58:44.317 PerfWarning: Way too much components (921) in dz\structures\residential\firedep\mil_firestation.p3d:geometryFire
20:58:44.322 ENTITY    (W): Unknown object class 'pond' (dz\water\ponds\pond_50x50.p3d)
20:58:44.464 ENTITY    (W): Unknown object class 'pond' (dz\water\ponds\pond_50x50.p3d)
20:58:44.661 Warning: No components in dz\structures\specific\lunapark\proxy\lunapark_autodrome_roof_lod1_lod2.p3d:geometry
20:58:48.935 Warning: No components in dz\water\ponds\moss\pond_big_29_02_moss.p3d:geometry
20:58:48.935 ENTITY    (W): Unknown object class 'pond' (dz\water\ponds\moss\pond_big_29_02_moss.p3d)
20:58:48.935 Warning: No components in dz\water\ponds\moss\pond_big_29_04_moss.p3d:geometry
20:58:48.935 ENTITY    (W): Unknown object class 'pond' (dz\water\ponds\moss\pond_big_29_04_moss.p3d)
20:58:48.935 Warning: No components in dz\water\ponds\moss\pond_big_28_03_moss.p3d:geometry
20:58:48.935 ENTITY    (W): Unknown object class 'pond' (dz\water\ponds\moss\pond_big_28_03_moss.p3d)
20:58:50.343 Warning: No components in dz\water\ponds\moss\pond_big_28_01_moss.p3d:geometry
20:58:50.343 ENTITY    (W): Unknown object class 'pond' (dz\water\ponds\moss\pond_big_28_01_moss.p3d)
20:58:52.495 Warning: No components in dz\water\ponds\moss\pond_big_35_02_moss.p3d:geometry
20:58:52.495 ENTITY    (W): Unknown object class 'pond' (dz\water\ponds\moss\pond_big_35_02_moss.p3d)
20:58:53.284 ENTITY    (W): Unknown object class 'pond' (dz\water\ponds\pond_50x50.p3d)
20:58:57.424 PerfWarning: Way too much components (547) in dz\structures\specific\airfields\airfield_small_control.p3d:geometryFire
20:58:57.426 ENTITY       : Load entity type 'Land_Airfield_Small_Control'
20:58:57.426  ENTITY    (W): Unknown object class 'thing' (dz\structures\furniture\eletrical_appliances\washing_machine\washing_machine.p3d)
20:58:57.428  ENTITY    (W): Unknown object class 'thing' (dz\structures\furniture\eletrical_appliances\washing_machine\washing_machine.p3d)
20:58:57.429  ENTITY    (W): Unknown object class 'thing' (dz\structures\furniture\eletrical_appliances\washing_machine\washing_machine.p3d)
20:58:57.430  ENTITY    (W): Unknown object class 'thing' (dz\structures\furniture\eletrical_appliances\washing_machine\washing_machine.p3d)
20:59:09.832 ENTITY       : Load entity type 'Land_CementWorks_MillC'
20:59:09.832  ENTITY    (W): Door 'DoorsTwin1' is missing geometry components for selection 'DoorsTwin1', check model+config
20:59:09.840 PerfWarning: Way too much components (954) in dz\structures\industrial\cementworks\cementworks_millb.p3d:geometryFire
20:59:09.841 Warning: No components in dz\structures\industrial\cementworks\proxy\misc_pallet.p3d:geometryFire
20:59:12.892 ENTITY    (W): Unknown object class 'pond' (dz\water\ponds\pond_50x50.p3d)
20:59:12.918 ENTITY    (W): Unknown object class 'pond' (dz\water\ponds\pond_50x50.p3d)
20:59:12.918 ENTITY    (W): Unknown object class 'pond' (dz\water\ponds\pond_50x50.p3d)
20:59:13.890 PerfWarning: Way too much components (1133) in dz\structures\industrial\cementworks\cementworks_silobig1b.p3d:geometryFire
20:59:15.786 Warning: No components in dz\water\ponds\moss\pond_big_37_01_moss.p3d:geometry
20:59:15.786 ENTITY    (W): Unknown object class 'pond' (dz\water\ponds\moss\pond_big_37_01_moss.p3d)
20:59:15.786 Warning: No components in dz\water\ponds\moss\pond_big_37_02_moss.p3d:geometry
20:59:15.786 ENTITY    (W): Unknown object class 'pond' (dz\water\ponds\moss\pond_big_37_02_moss.p3d)
20:59:16.734 ENTITY    (W): Unknown object class 'pond' (dz\water\ponds\moss\pond_big_30_01_moss.p3d)
20:59:20.68  ENTITY    (W): Unknown object class 'pond' (dz\water\ponds\moss\pond_50x50_moss.p3d)
20:59:20.69  ENTITY    (W): Unknown object class 'pond' (dz\water\ponds\moss\pond_50x50_moss.p3d)
20:59:22.02  ENTITY    (W): Unknown object class 'pond' (dz\water\ponds\pond_50x50.p3d)
20:59:22.02  ENTITY    (W): Unknown object class 'pond' (dz\water\ponds\pond_50x50.p3d)
20:59:22.02  ENTITY    (W): Unknown object class 'pond' (dz\water\ponds\pond_50x50.p3d)
20:59:22.02  ENTITY    (W): Unknown object class 'pond' (dz\water\ponds\pond_50x50.p3d)
20:59:23.794 ENTITY    (W): Unknown object class 'pond' (dz\water\ponds\pond_50x50.p3d)
20:59:26.109 Warning: No components in dz\water\ponds\pond_small_16.p3d:geometry
20:59:26.109 ENTITY    (W): Unknown object class 'pond' (dz\water\ponds\pond_small_16.p3d)
20:59:28.212 ENTITY    (W): Unknown object class 'pond' (dz\water\ponds\pond_50x50.p3d)
20:59:28.218 ENTITY    (W): Unknown object class 'pond' (dz\water\ponds\pond_50x50.p3d)
20:59:28.221 ENTITY    (W): Unknown object class 'pond' (dz\water\ponds\pond_50x50.p3d)
20:59:30.646 ENTITY    (W): Unknown object class 'pond' (dz\water\ponds\moss\pond_big_36_02_moss.p3d)
20:59:30.646 ENTITY    (W): Unknown object class 'pond' (dz\water\ponds\moss\pond_big_30_01_moss.p3d)
20:59:34.422 ENTITY    (W): Unknown object class 'pond' (dz\water\ponds\pond_small_25.p3d)
20:59:46.965 Warning: No components in dz\water\ponds\pond_small_14.p3d:geometry
20:59:46.965 ENTITY    (W): Unknown object class 'pond' (dz\water\ponds\pond_small_14.p3d)
20:59:48.585 PerfWarning: Way too much components (744) in dz\structures\specific\towers\tower_tc2_base.p3d:geometryFire
20:59:55.914 Warning: No components in dz\water\ponds\pond_big_38_04.p3d:geometry
20:59:55.914 ENTITY    (W): Unknown object class 'pond' (dz\water\ponds\pond_big_38_04.p3d)
20:59:55.914 Warning: No components in dz\water\ponds\pond_big_38_03.p3d:geometry
20:59:55.914 ENTITY    (W): Unknown object class 'pond' (dz\water\ponds\pond_big_38_03.p3d)
20:59:57.497 ENTITY    (W): Unknown object class 'pond' (dz\water\ponds\pond_50x50.p3d)
20:59:57.499 ENTITY    (W): Unknown object class 'pond' (dz\water\ponds\pond_50x50.p3d)
20:59:59.836 ENTITY    (W): Unknown object class 'pond' (dz\water\ponds\moss\pond_small_27_moss.p3d)
21:00:02.935 ENGINE       : Destroying game
21:00:02.935  SCRIPT       : [MissionServer] OnMissionFinish - Server
21:00:02.944  SCRIPT       : ~DayZGame()
21:00:06.443  --- Termination successfully completed --- 
