---------------------------------------------
Log D:\ModelAnti-Cheat\log_profiles\script_2026-08-23_20-40-15.log started at 23.08. 20:40:17

SCRIPT       : Module: GameLib; loaded 18x files; 26x classes; used 39/2097 kB (1%) of static memory; defines: "DAYZ_1_29,SERVER_FOR_WINDOWS,SERVER,PLATFORM_WINDOWS,RELEASE,NO_GUI,NO_GUI_INGAME,sakhal,JM_CommunityFramework,CF_MODULE_CONFIG,CF_EXPRESSION,C
SCRIPT       : Registered 349 temporary action enum(s), UAN==349
SCRIPT       : Module: Game; loaded 521x files; 1604x classes; used 4275/33554 kB (12%) of static memory; defines: "DAYZ_1_29,SERVER_FOR_WINDOWS,SERVER,PLATFORM_WINDOWS,RELEASE,NO_GUI,NO_GUI_INGAME,sakhal,JM_CommunityFramework,CF_MODULE_CONFIG,CF_EXPRESSI
SCRIPT       : ... Backlit Effects Enabled
SCRIPT       : VPPNotificationManager()
SCRIPT       : [VPPAT] Internal VPPNotifications module loaded!
SCRIPT       : [DayZ Game]:: DayZGame(): Initializing V++ Admin Tools.
SCRIPT       : Module: World; loaded 2247x files; 5867x classes; used 9518/33554 kB (28%) of static memory; defines: "DAYZ_1_29,SERVER_FOR_WINDOWS,SERVER,PLATFORM_WINDOWS,RELEASE,NO_GUI,NO_GUI_INGAME,sakhal,JM_CommunityFramework,CF_MODULE_CONFIG,CF_EXPRES
 SCRIPT       : Module: Mission; loaded 293x files; 593x classes; used 3996/33554 kB (11%) of static memory; defines: "DAYZ_1_29,SERVER_FOR_WINDOWS,SERVER,PLATFORM_WINDOWS,RELEASE,NO_GUI,NO_GUI_INGAME,sakhal,JM_CommunityFramework,CF_MODULE_CONFIG,CF_EXPRE
 SCRIPT    (W): @"$CurrentDir:mpmissions\dayzOffline.chernarusplus\init.c,51": Possible variable name conflict 'm_player'
 SCRIPT       : Module: $CurrentDir:mpmissions\dayzOffline.chernarusplus\init.c; loaded 1x files; 1x classes; used 10/1048 kB (0%) of static memory; defines: "DAYZ_1_29,SERVER_FOR_WINDOWS,SERVER,PLATFORM_WINDOWS,RELEASE,NO_GUI,NO_GUI_INGAME,sakhal,JM_Comm
 SCRIPT       : [SERVER :: Vanilla++ AdminTools Plugins Registering]
 SCRIPT       : [MissionServer] OnInit - Server
 SCRIPT       : [MissionServer] OnMissionStart - Server
 SCRIPT       : string dirtyName = 'TESTINGSERVER'
SCRIPT       : m_LoginTimeMs: 16200
 SCRIPT       : ---- PlayerBase OnStoreLoad SUCCESS ----
 SCRIPT       : [VPPAT] Player "rafaelglima79" (steamId=76561199445097358) connected to server!
 SCRIPT       : [PlayerListManager] AddReceiver ► added: PlayerIdentity<0x000001B73696C460>
SCRIPT       : DATA_LOG | 579247 | aRapBi1cCZPZAGLIDny3dk3hQ8vTmNTLHRl8zxmKgQ0= | 13570.1 | 14.5844 | 14063.2 | 0.529282 | 0.848446 | 0 | Colt1911 | 1
SCRIPT       : DATA_LOG | 580040 | aRapBi1cCZPZAGLIDny3dk3hQ8vTmNTLHRl8zxmKgQ0= | 13570.1 | 14.5844 | 14063.2 | 0.529282 | 0.848446 | 0 | Colt1911 | 1
SCRIPT       : DATA_LOG | 581050 | aRapBi1cCZPZAGLIDny3dk3hQ8vTmNTLHRl8zxmKgQ0= | 13570.1 | 14.5844 | 14063.2 | 0.529282 | 0.848446 | 0 | Colt1911 | 1
 SCRIPT       : [Logout]: New player aRapBi1cCZPZAGLIDny3dk3hQ8vTmNTLHRl8zxmKgQ0= with logout time 15
 SCRIPT       : Player "rafaelglima79" (steamid=76561199445097358) initiated disconnect process...
SCRIPT       : DATA_LOG | 582044 | unknown | 13570.1 | 14.5844 | 14063.2 | 0.529282 | 0.848446 | 0 | Colt1911 | 1
SCRIPT       : DATA_LOG | 583043 | unknown | 13570.1 | 14.5844 | 14063.2 | 0.529282 | 0.848446 | 0 | Colt1911 | 1
SCRIPT       : DATA_LOG | 584051 | unknown | 13570.1 | 14.5844 | 14063.2 | 0.529282 | 0.848446 | 0 | Colt1911 | 1
SCRIPT       : DATA_LOG | 585046 | unknown | 13570.1 | 14.5844 | 14063.2 | 0.529282 | 0.848446 | 0 | Colt1911 | 1
SCRIPT       : DATA_LOG | 586052 | unknown | 13570.1 | 14.5844 | 14063.2 | 0.529282 | 0.848446 | 0 | Colt1911 | 1
SCRIPT       : DATA_LOG | 587057 | unknown | 13570.1 | 14.5844 | 14063.2 | 0.529282 | 0.848446 | 0 | Colt1911 | 1
SCRIPT       : DATA_LOG | 588056 | unknown | 13570.1 | 14.5844 | 14063.2 | 0.529282 | 0.848446 | 0 | Colt1911 | 1
SCRIPT       : DATA_LOG | 589056 | unknown | 13570.1 | 14.5844 | 14063.2 | 0.529282 | 0.848446 | 0 | Colt1911 | 1
SCRIPT       : DATA_LOG | 590059 | unknown | 13570.1 | 14.5844 | 14063.2 | 0.529282 | 0.848446 | 0 | Colt1911 | 1
SCRIPT       : DATA_LOG | 591058 | unknown | 13570.1 | 14.5844 | 14063.2 | 0.529282 | 0.848446 | 0 | Colt1911 | 1
SCRIPT       : DATA_LOG | 592059 | unknown | 13570.1 | 14.5844 | 14063.2 | 0.529282 | 0.848446 | 0 | Colt1911 | 1
SCRIPT       : DATA_LOG | 593055 | unknown | 13570.1 | 14.5844 | 14063.2 | 0.529282 | 0.848446 | 0 | Colt1911 | 1
SCRIPT       : DATA_LOG | 594076 | unknown | 13570.1 | 14.5844 | 14063.2 | 0.529282 | 0.848446 | 0 | Colt1911 | 1
SCRIPT       : DATA_LOG | 595066 | unknown | 13570.1 | 14.5844 | 14063.2 | 0.529282 | 0.848446 | 0 | Colt1911 | 1
SCRIPT       : DATA_LOG | 596067 | unknown | 13570.1 | 14.5844 | 14063.2 | 0.529282 | 0.848446 | 0 | Colt1911 | 1
SCRIPT       : [Logout]: Player aRapBi1cCZPZAGLIDny3dk3hQ8vTmNTLHRl8zxmKgQ0= finished
SCRIPT       : [PlayerListManager] SyncEntryToReceivers ► uid: aRapBi1cCZPZAGLIDny3dk3hQ8vTmNTLHRl8zxmKgQ0= isn't in the players list! sending a remove.
SCRIPT       : PlayerDisconnected -> PlayerListManager.RemoveEntry ► aRapBi1cCZPZAGLIDny3dk3hQ8vTmNTLHRl8zxmKgQ0=
 SCRIPT       : ---- PlayerBase OnStoreLoad SUCCESS ----
 SCRIPT       : [VPPAT] Player "rafaelglima79" (steamId=76561199445097358) connected to server!
 SCRIPT       : [PlayerListManager] AddReceiver ► added: PlayerIdentity<0x000001B8047A7D40>
SCRIPT       : DATA_LOG | 825291 | aRapBi1cCZPZAGLIDny3dk3hQ8vTmNTLHRl8zxmKgQ0= | 13570.1 | 14.5844 | 14063.2 | 0.529282 | 0.848446 | 0 | Colt1911 | 1
SCRIPT       : DATA_LOG | 826292 | aRapBi1cCZPZAGLIDny3dk3hQ8vTmNTLHRl8zxmKgQ0= | 13570.1 | 14.5844 | 14063.2 | 0.529282 | 0.848446 | 0 | Colt1911 | 1
SCRIPT       : DATA_LOG | 827292 | aRapBi1cCZPZAGLIDny3dk3hQ8vTmNTLHRl8zxmKgQ0= | 13570.1 | 14.5844 | 14063.2 | 0.529282 | 0.848446 | 0 | Colt1911 | 1
SCRIPT       : DATA_LOG | 828293 | aRapBi1cCZPZAGLIDny3dk3hQ8vTmNTLHRl8zxmKgQ0= | 13570.1 | 14.5844 | 14063.2 | 0.529282 | 0.848446 | 0 | Colt1911 | 1
SCRIPT       : DATA_LOG | 829296 | aRapBi1cCZPZAGLIDny3dk3hQ8vTmNTLHRl8zxmKgQ0= | 13570.1 | 14.5844 | 14063.2 | 0.529282 | 0.848446 | 0 | Colt1911 | 1
SCRIPT       : DATA_LOG | 830297 | aRapBi1cCZPZAGLIDny3dk3hQ8vTmNTLHRl8zxmKgQ0= | 13570.1 | 14.5844 | 14063.2 | 0.529282 | 0.848446 | 0 | Colt1911 | 1
SCRIPT       : DATA_LOG | 831298 | aRapBi1cCZPZAGLIDny3dk3hQ8vTmNTLHRl8zxmKgQ0= | 13570.1 | 14.5844 | 14063.2 | 0.529282 | 0.848446 | 0 | Colt1911 | 1
SCRIPT       : DATA_LOG | 832298 | aRapBi1cCZPZAGLIDny3dk3hQ8vTmNTLHRl8zxmKgQ0= | 13570.1 | 14.5844 | 14063.2 | 0.529282 | 0.848446 | 0 | Colt1911 | 1
SCRIPT       : DATA_LOG | 833300 | aRapBi1cCZPZAGLIDny3dk3hQ8vTmNTLHRl8zxmKgQ0= | 13570.1 | 14.5844 | 14063.2 | 0.529282 | 0.848446 | 0 | Colt1911 | 1
SCRIPT       : DATA_LOG | 834309 | aRapBi1cCZPZAGLIDny3dk3hQ8vTmNTLHRl8zxmKgQ0= | 13570.1 | 14.5844 | 14063.2 | 0.529282 | 0.848446 | 0 | Colt1911 | 1
SCRIPT       : DATA_LOG | 835301 | aRapBi1cCZPZAGLIDny3dk3hQ8vTmNTLHRl8zxmKgQ0= | 13570.1 | 14.5844 | 14063.2 | 0.529282 | 0.848446 | 0 | Colt1911 | 1
SCRIPT       : DATA_LOG | 836301 | aRapBi1cCZPZAGLIDny3dk3hQ8vTmNTLHRl8zxmKgQ0= | 13570.1 | 14.5844 | 14063.2 | 0.529282 | 0.848446 | 0 | Colt1911 | 1
SCRIPT       : DATA_LOG | 837304 | aRapBi1cCZPZAGLIDny3dk3hQ8vTmNTLHRl8zxmKgQ0= | 13570.1 | 14.5844 | 14063.2 | 0.529282 | 0.848446 | 0 | Colt1911 | 1
SCRIPT       : DATA_LOG | 838306 | aRapBi1cCZPZAGLIDny3dk3hQ8vTmNTLHRl8zxmKgQ0= | 13570.1 | 14.5844 | 14063.2 | 0.529282 | 0.848446 | 0 | Colt1911 | 1
SCRIPT       : DATA_LOG | 839307 | aRapBi1cCZPZAGLIDny3dk3hQ8vTmNTLHRl8zxmKgQ0= | 13570.1 | 14.5844 | 14063.2 | 0.529282 | 0.848446 | 0 | Colt1911 | 1
SCRIPT       : DATA_LOG | 840320 | aRapBi1cCZPZAGLIDny3dk3hQ8vTmNTLHRl8zxmKgQ0= | 13570.1 | 14.5844 | 14063.2 | 0.529282 | 0.848446 | 0 | Colt1911 | 1
SCRIPT       : DATA_LOG | 841318 | aRapBi1cCZPZAGLIDny3dk3hQ8vTmNTLHRl8zxmKgQ0= | 13570.1 | 14.5844 | 14063.2 | 0.529282 | 0.848446 | 0 | Colt1911 | 1
SCRIPT       : DATA_LOG | 842320 | aRapBi1cCZPZAGLIDny3dk3hQ8vTmNTLHRl8zxmKgQ0= | 13570.1 | 14.5844 | 14063.2 | 0.529282 | 0.848446 | 0 | Colt1911 | 1
SCRIPT       : DATA_LOG | 843319 | aRapBi1cCZPZAGLIDny3dk3hQ8vTmNTLHRl8zxmKgQ0= | 13570.1 | 14.5844 | 14063.2 | 0.529282 | 0.848446 | 0 | Colt1911 | 1
SCRIPT       : DATA_LOG | 844325 | aRapBi1cCZPZAGLIDny3dk3hQ8vTmNTLHRl8zxmKgQ0= | 13570.1 | 14.5844 | 14063.2 | 0.529282 | 0.848446 | 0 | Colt1911 | 1
SCRIPT       : DATA_LOG | 845322 | aRapBi1cCZPZAGLIDny3dk3hQ8vTmNTLHRl8zxmKgQ0= | 13570.1 | 14.5844 | 14063.2 | 0.529282 | 0.848446 | 0 | Colt1911 | 1
SCRIPT       : DATA_LOG | 846331 | aRapBi1cCZPZAGLIDny3dk3hQ8vTmNTLHRl8zxmKgQ0= | 13570.1 | 14.5844 | 14063.2 | 0.529282 | 0.848446 | 0 | Colt1911 | 1
SCRIPT       : DATA_LOG | 847329 | aRapBi1cCZPZAGLIDny3dk3hQ8vTmNTLHRl8zxmKgQ0= | 13570.1 | 14.5844 | 14063.2 | 0.529282 | 0.848446 | 0 | Colt1911 | 1
SCRIPT       : DATA_LOG | 848320 | aRapBi1cCZPZAGLIDny3dk3hQ8vTmNTLHRl8zxmKgQ0= | 13570.3 | 14.5873 | 14063.4 | 0.638223 | 0.769851 | 0 | Colt1911 | 1
SCRIPT       : DATA_LOG | 849317 | aRapBi1cCZPZAGLIDny3dk3hQ8vTmNTLHRl8zxmKgQ0= | 13572.1 | 14.631 | 14066.8 | 0.994206 | -0.107488 | 0 | Colt1911 | 1
SCRIPT       : DATA_LOG | 850325 | aRapBi1cCZPZAGLIDny3dk3hQ8vTmNTLHRl8zxmKgQ0= | 13574.4 | 14.6413 | 14068 | 0.0578536 | -0.998325 | 0 | Colt1911 | 1
SCRIPT       : DATA_LOG | 851325 | aRapBi1cCZPZAGLIDny3dk3hQ8vTmNTLHRl8zxmKgQ0= | 13574.1 | 14.6324 | 14067.2 | -0.377043 | -0.926196 | 0 | Colt1911 | 1
SCRIPT       : DATA_LOG | 852322 | aRapBi1cCZPZAGLIDny3dk3hQ8vTmNTLHRl8zxmKgQ0= | 13575.1 | 14.5853 | 14063.3 | -0.398908 | -0.916991 | 0 | Colt1911 | 1
SCRIPT       : DATA_LOG | 853324 | aRapBi1cCZPZAGLIDny3dk3hQ8vTmNTLHRl8zxmKgQ0= | 13574.1 | 14.4958 | 14059.4 | -0.798603 | -0.601858 | 0 | Colt1911 | 1
SCRIPT       : DATA_LOG | 854325 | aRapBi1cCZPZAGLIDny3dk3hQ8vTmNTLHRl8zxmKgQ0= | 13573.2 | 14.3912 | 14055.3 | -0.887315 | -0.461164 | 0 | Colt1911 | 1
SCRIPT       : DATA_LOG | 855328 | aRapBi1cCZPZAGLIDny3dk3hQ8vTmNTLHRl8zxmKgQ0= | 13572.1 | 14.3351 | 14053.7 | -0.999992 | -0.00412209 | 0 | Colt1911 | 1
SCRIPT       : DATA_LOG | 856335 | aRapBi1cCZPZAGLIDny3dk3hQ8vTmNTLHRl8zxmKgQ0= | 13573.2 | 14.4495 | 14057.5 | -0.422694 | 0.906272 | 0 | Colt1911 | 1
SCRIPT       : DATA_LOG | 857335 | aRapBi1cCZPZAGLIDny3dk3hQ8vTmNTLHRl8zxmKgQ0= | 13573 | 14.548 | 14061.4 | -0.930331 | 0.36672 | 0 | Colt1911 | 1
SCRIPT       : DATA_LOG | 858327 | aRapBi1cCZPZAGLIDny3dk3hQ8vTmNTLHRl8zxmKgQ0= | 13572.9 | 14.5764 | 14062.6 | -0.954946 | 0.296781 | 0 | Colt1911 | 1
SCRIPT       : DATA_LOG | 859336 | aRapBi1cCZPZAGLIDny3dk3hQ8vTmNTLHRl8zxmKgQ0= | 13572.9 | 14.6059 | 14064.9 | -0.89226 | 0.451523 | 0 | Colt1911 | 1
SCRIPT       : DATA_LOG | 860328 | aRapBi1cCZPZAGLIDny3dk3hQ8vTmNTLHRl8zxmKgQ0= | 13572.9 | 14.6059 | 14064.9 | -0.0197308 | 0.999805 | 0 | Colt1911 | 1
SCRIPT       : DATA_LOG | 861331 | aRapBi1cCZPZAGLIDny3dk3hQ8vTmNTLHRl8zxmKgQ0= | 13572.9 | 14.6059 | 14064.9 | 0.983171 | 0.182686 | 0 | Colt1911 | 1
SCRIPT       : DATA_LOG | 862332 | aRapBi1cCZPZAGLIDny3dk3hQ8vTmNTLHRl8zxmKgQ0= | 13575 | 14.6307 | 14067.1 | 0.983995 | -0.178195 | 0 | Colt1911 | 1
SCRIPT       : DATA_LOG | 863335 | aRapBi1cCZPZAGLIDny3dk3hQ8vTmNTLHRl8zxmKgQ0= | 13577 | 14.6549 | 14068.7 | 0.983923 | -0.17859 | 0 | Colt1911 | 1
SCRIPT       : DATA_LOG | 864334 | aRapBi1cCZPZAGLIDny3dk3hQ8vTmNTLHRl8zxmKgQ0= | 13579.5 | 14.6386 | 14068.7 | 0.777107 | -0.629369 | 0 | Colt1911 | 1
SCRIPT       : DATA_LOG | 865339 | aRapBi1cCZPZAGLIDny3dk3hQ8vTmNTLHRl8zxmKgQ0= | 13581 | 14.6273 | 14069.1 | -0.543859 | -0.839176 | 0 | Colt1911 | 1
SCRIPT       : DATA_LOG | 866340 | aRapBi1cCZPZAGLIDny3dk3hQ8vTmNTLHRl8zxmKgQ0= | 13577.4 | 14.6527 | 14068.6 | -0.278323 | -0.960488 | 0 | Colt1911 | 1
SCRIPT       : DATA_LOG | 867340 | aRapBi1cCZPZAGLIDny3dk3hQ8vTmNTLHRl8zxmKgQ0= | 13575.2 | 14.63 | 14067 | 0.0247445 | -0.999694 | 0 | Colt1911 | 1
SCRIPT       : DATA_LOG | 868350 | aRapBi1cCZPZAGLIDny3dk3hQ8vTmNTLHRl8zxmKgQ0= | 13573.8 | 14.5842 | 14063.2 | 0.328047 | -0.944661 | 0 | Colt1911 | 1
SCRIPT       : DATA_LOG | 869348 | aRapBi1cCZPZAGLIDny3dk3hQ8vTmNTLHRl8zxmKgQ0= | 13574.1 | 14.5617 | 14062 | 0.25207 | -0.967709 | 0 | Colt1911 | 1
SCRIPT       : DATA_LOG | 870349 | aRapBi1cCZPZAGLIDny3dk3hQ8vTmNTLHRl8zxmKgQ0= | 13574.8 | 14.5551 | 14061.7 | 0.250662 | -0.968075 | 0 | Colt1911 | 1
SCRIPT       : DATA_LOG | 871352 | aRapBi1cCZPZAGLIDny3dk3hQ8vTmNTLHRl8zxmKgQ0= | 13574.8 | 14.5551 | 14061.7 | 0.250662 | -0.968075 | 0 | Colt1911 | 1
SCRIPT       : DATA_LOG | 872356 | aRapBi1cCZPZAGLIDny3dk3hQ8vTmNTLHRl8zxmKgQ0= | 13574.8 | 14.5551 | 14061.7 | 0.250662 | -0.968075 | 0 | Colt1911 | 1
 SCRIPT       : [Permissions Manager] Admin (rafaelglima79) (76561199445097358) Successfully Logged in!
SCRIPT       : DATA_LOG | 873347 | aRapBi1cCZPZAGLIDny3dk3hQ8vTmNTLHRl8zxmKgQ0= | 13574.8 | 14.5551 | 14061.7 | 0.250662 | -0.968075 | 0 | Colt1911 | 1
SCRIPT       : DATA_LOG | 874352 | aRapBi1cCZPZAGLIDny3dk3hQ8vTmNTLHRl8zxmKgQ0= | 13574.8 | 14.5551 | 14061.7 | 0.250662 | -0.968075 | 0 | Colt1911 | 1
SCRIPT       : DATA_LOG | 875359 | aRapBi1cCZPZAGLIDny3dk3hQ8vTmNTLHRl8zxmKgQ0= | 13574.8 | 14.5551 | 14061.7 | 0.250662 | -0.968075 | 0 | Colt1911 | 1
SCRIPT       : DATA_LOG | 876364 | aRapBi1cCZPZAGLIDny3dk3hQ8vTmNTLHRl8zxmKgQ0= | 13574.8 | 14.5551 | 14061.7 | 0.250662 | -0.968075 | 0 | Colt1911 | 1
SCRIPT       : DATA_LOG | 877362 | aRapBi1cCZPZAGLIDny3dk3hQ8vTmNTLHRl8zxmKgQ0= | 13574.8 | 14.5551 | 14061.7 | 0.250662 | -0.968075 | 0 | Colt1911 | 1
SCRIPT       : DATA_LOG | 878359 | aRapBi1cCZPZAGLIDny3dk3hQ8vTmNTLHRl8zxmKgQ0= | 13574.8 | 14.5551 | 14061.7 | 0.250662 | -0.968075 | 0 | Colt1911 | 1
SCRIPT       : DATA_LOG | 879355 | aRapBi1cCZPZAGLIDny3dk3hQ8vTmNTLHRl8zxmKgQ0= | 13574.8 | 14.5551 | 14061.7 | 0.250662 | -0.968075 | 0 | Colt1911 | 1
SCRIPT       : DATA_LOG | 880360 | aRapBi1cCZPZAGLIDny3dk3hQ8vTmNTLHRl8zxmKgQ0= | 13574.8 | 14.5551 | 14061.7 | 0.250662 | -0.968075 | 0 | Colt1911 | 1
SCRIPT       : DATA_LOG | 881363 | aRapBi1cCZPZAGLIDny3dk3hQ8vTmNTLHRl8zxmKgQ0= | 13574.8 | 14.5551 | 14061.7 | 0.250662 | -0.968075 | 0 | Colt1911 | 1
SCRIPT       : DATA_LOG | 882361 | aRapBi1cCZPZAGLIDny3dk3hQ8vTmNTLHRl8zxmKgQ0= | 13574.8 | 14.5551 | 14061.7 | 0.250662 | -0.968075 | 0 | Colt1911 | 1
SCRIPT       : DATA_LOG | 883365 | aRapBi1cCZPZAGLIDny3dk3hQ8vTmNTLHRl8zxmKgQ0= | 13574.8 | 14.5551 | 14061.7 | 0.250662 | -0.968075 | 0 | Colt1911 | 1
SCRIPT       : DATA_LOG | 884359 | aRapBi1cCZPZAGLIDny3dk3hQ8vTmNTLHRl8zxmKgQ0= | 13574.8 | 14.5551 | 14061.7 | 0.250662 | -0.968075 | 0 | Colt1911 | 1
SCRIPT       : DATA_LOG | 885361 | aRapBi1cCZPZAGLIDny3dk3hQ8vTmNTLHRl8zxmKgQ0= | 13574.8 | 14.5551 | 14061.7 | 0.250662 | -0.968075 | 0 | Colt1911 | 1
SCRIPT       : DATA_LOG | 886368 | aRapBi1cCZPZAGLIDny3dk3hQ8vTmNTLHRl8zxmKgQ0= | 13574.8 | 14.5551 | 14061.7 | 0.250662 | -0.968075 | 0 | Colt1911 | 1
SCRIPT       : DATA_LOG | 887370 | aRapBi1cCZPZAGLIDny3dk3hQ8vTmNTLHRl8zxmKgQ0= | 13574.8 | 14.5551 | 14061.7 | 0.250662 | -0.968075 | 0 | Colt1911 | 1
SCRIPT       : DATA_LOG | 888368 | aRapBi1cCZPZAGLIDny3dk3hQ8vTmNTLHRl8zxmKgQ0= | 13574.8 | 14.5551 | 14061.7 | 0.250662 | -0.968075 | 0 | Colt1911 | 1
SCRIPT       : DATA_LOG | 889370 | aRapBi1cCZPZAGLIDny3dk3hQ8vTmNTLHRl8zxmKgQ0= | 13574.8 | 14.5551 | 14061.7 | 0.250662 | -0.968075 | 0 | Colt1911 | 1
SCRIPT       : DATA_LOG | 890370 | aRapBi1cCZPZAGLIDny3dk3hQ8vTmNTLHRl8zxmKgQ0= | 13574.8 | 14.5551 | 14061.7 | 0.250662 | -0.968075 | 0 | Colt1911 | 1
SCRIPT       : DATA_LOG | 891375 | aRapBi1cCZPZAGLIDny3dk3hQ8vTmNTLHRl8zxmKgQ0= | 13574.8 | 14.5551 | 14061.7 | 0.250662 | -0.968075 | 0 | Colt1911 | 1
SCRIPT       : DATA_LOG | 892372 | aRapBi1cCZPZAGLIDny3dk3hQ8vTmNTLHRl8zxmKgQ0= | 13574.8 | 14.5551 | 14061.7 | 0.250662 | -0.968075 | 0 | Colt1911 | 1
SCRIPT       : DATA_LOG | 893375 | aRapBi1cCZPZAGLIDny3dk3hQ8vTmNTLHRl8zxmKgQ0= | 13574.8 | 14.5551 | 14061.7 | 0.250662 | -0.968075 | 0 | Colt1911 | 1
SCRIPT       : DATA_LOG | 894376 | aRapBi1cCZPZAGLIDny3dk3hQ8vTmNTLHRl8zxmKgQ0= | 13574.8 | 14.5551 | 14061.7 | 0.250662 | -0.968075 | 0 | Colt1911 | 1
SCRIPT       : DATA_LOG | 895378 | aRapBi1cCZPZAGLIDny3dk3hQ8vTmNTLHRl8zxmKgQ0= | 13574.8 | 14.5551 | 14061.7 | 0.250662 | -0.968075 | 0 | Colt1911 | 1
SCRIPT       : DATA_LOG | 896379 | aRapBi1cCZPZAGLIDny3dk3hQ8vTmNTLHRl8zxmKgQ0= | 13574.8 | 14.5551 | 14061.7 | 0.560745 | -0.827988 | 0 | Colt1911 | 1
SCRIPT       : DATA_LOG | 897384 | aRapBi1cCZPZAGLIDny3dk3hQ8vTmNTLHRl8zxmKgQ0= | 13574.8 | 14.5551 | 14061.7 | -0.131079 | 0.991372 | 0 | Colt1911 | 1
SCRIPT       : DATA_LOG | 898377 | aRapBi1cCZPZAGLIDny3dk3hQ8vTmNTLHRl8zxmKgQ0= | 13574.8 | 14.5551 | 14061.7 | -0.348297 | 0.937384 | 0 | Colt1911 | 1
SCRIPT       : DATA_LOG | 899380 | aRapBi1cCZPZAGLIDny3dk3hQ8vTmNTLHRl8zxmKgQ0= | 13574.8 | 14.5551 | 14061.7 | -0.997406 | -0.0719763 | 0 | Colt1911 | 1
SCRIPT       : DATA_LOG | 900380 | aRapBi1cCZPZAGLIDny3dk3hQ8vTmNTLHRl8zxmKgQ0= | 13574.8 | 14.5551 | 14061.7 | -0.997406 | -0.0719865 | 0 | Colt1911 | 1
SCRIPT       : DATA_LOG | 901380 | aRapBi1cCZPZAGLIDny3dk3hQ8vTmNTLHRl8zxmKgQ0= | 13574.8 | 14.5551 | 14061.7 | -0.801547 | 0.597932 | 0 | Colt1911 | 1
SCRIPT       : DATA_LOG | 902380 | aRapBi1cCZPZAGLIDny3dk3hQ8vTmNTLHRl8zxmKgQ0= | 13574.8 | 14.5551 | 14061.7 | -0.801547 | 0.597932 | 0 | Colt1911 | 1
SCRIPT       : DATA_LOG | 903395 | aRapBi1cCZPZAGLIDny3dk3hQ8vTmNTLHRl8zxmKgQ0= | 13574.8 | 14.5597 | 14061.9 | -0.513216 | 0.858259 | 0 | Colt1911 | 1
SCRIPT       : DATA_LOG | 904384 | aRapBi1cCZPZAGLIDny3dk3hQ8vTmNTLHRl8zxmKgQ0= | 13575.4 | 14.618 | 14065.8 | 0.221161 | 0.975237 | 0 | Colt1911 | 1
SCRIPT       : DATA_LOG | 905386 | aRapBi1cCZPZAGLIDny3dk3hQ8vTmNTLHRl8zxmKgQ0= | 13576.8 | 14.654 | 14069.6 | 0.256182 | 0.966629 | 0 | Colt1911 | 1
SCRIPT       : DATA_LOG | 906388 | aRapBi1cCZPZAGLIDny3dk3hQ8vTmNTLHRl8zxmKgQ0= | 13577.5 | 14.6457 | 14072 | -0.705705 | 0.708506 | 0 | MakarovIJ70 | 1
SCRIPT       : DATA_LOG | 907386 | aRapBi1cCZPZAGLIDny3dk3hQ8vTmNTLHRl8zxmKgQ0= | 13577.6 | 14.6445 | 14072.4 | -0.645825 | 0.763485 | 1 | MakarovIJ70 | 1
SCRIPT       : DATA_LOG | 908381 | aRapBi1cCZPZAGLIDny3dk3hQ8vTmNTLHRl8zxmKgQ0= | 13577.3 | 14.6464 | 14072.2 | -0.655393 | 0.755288 | 1 | MakarovIJ70 | 1
SCRIPT       : DATA_LOG | 909394 | aRapBi1cCZPZAGLIDny3dk3hQ8vTmNTLHRl8zxmKgQ0= | 13575.6 | 14.6552 | 14074.5 | -0.616696 | 0.787201 | 0 | MakarovIJ70 | 1
SCRIPT       : DATA_LOG | 910389 | aRapBi1cCZPZAGLIDny3dk3hQ8vTmNTLHRl8zxmKgQ0= | 13573.3 | 14.6536 | 14077.8 | -0.200463 | 0.979701 | 0 | MakarovIJ70 | 1
SCRIPT       : DATA_LOG | 911390 | aRapBi1cCZPZAGLIDny3dk3hQ8vTmNTLHRl8zxmKgQ0= | 13573.5 | 14.6521 | 14078.2 | 0.290097 | 0.956997 | 1 | CZ527 | 1
SCRIPT       : DATA_LOG | 912391 | aRapBi1cCZPZAGLIDny3dk3hQ8vTmNTLHRl8zxmKgQ0= | 13573.9 | 14.6526 | 14078.1 | 0.294327 | 0.955705 | 1 | CZ527 | 1
SCRIPT       : DATA_LOG | 913391 | aRapBi1cCZPZAGLIDny3dk3hQ8vTmNTLHRl8zxmKgQ0= | 13575.5 | 14.6564 | 14077.6 | 0.268118 | 0.963386 | 1 | CZ527 | 1
SCRIPT       : DATA_LOG | 914396 | aRapBi1cCZPZAGLIDny3dk3hQ8vTmNTLHRl8zxmKgQ0= | 13577 | 14.6497 | 14079.5 | -0.179226 | 0.983808 | 0 | CZ527 | 1
SCRIPT       : DATA_LOG | 915394 | aRapBi1cCZPZAGLIDny3dk3hQ8vTmNTLHRl8zxmKgQ0= | 13572.9 | 14.6294 | 14082.2 | -0.900423 | 0.435015 | 0 | CZ527 | 1
SCRIPT       : DATA_LOG | 916396 | aRapBi1cCZPZAGLIDny3dk3hQ8vTmNTLHRl8zxmKgQ0= | 13570.1 | 14.617 | 14085.1 | -0.976572 | -0.21519 | 0 | CZ527 | 1
SCRIPT       : DATA_LOG | 917396 | aRapBi1cCZPZAGLIDny3dk3hQ8vTmNTLHRl8zxmKgQ0= | 13570.1 | 14.617 | 14085.1 | -0.976572 | -0.21519 | 0 | CZ527 | 1
SCRIPT       : DATA_LOG | 918400 | aRapBi1cCZPZAGLIDny3dk3hQ8vTmNTLHRl8zxmKgQ0= | 13570.1 | 14.617 | 14085.1 | -0.976572 | -0.21519 | 0 | CZ527 | 1
SCRIPT       : DATA_LOG | 919403 | aRapBi1cCZPZAGLIDny3dk3hQ8vTmNTLHRl8zxmKgQ0= | 13568.1 | 14.6206 | 14085.3 | -0.968974 | -0.247163 | 0 | CZ527 | 1
SCRIPT       : DATA_LOG | 920399 | aRapBi1cCZPZAGLIDny3dk3hQ8vTmNTLHRl8zxmKgQ0= | 13561.5 | 14.6633 | 14085.6 | -0.990637 | -0.13652 | 0 | CZ527 | 1
SCRIPT       : DATA_LOG | 921401 | aRapBi1cCZPZAGLIDny3dk3hQ8vTmNTLHRl8zxmKgQ0= | 13555.7 | 14.8338 | 14085.4 | -0.96161 | 0.274418 | 0 | CZ527 | 1
SCRIPT       : DATA_LOG | 922399 | aRapBi1cCZPZAGLIDny3dk3hQ8vTmNTLHRl8zxmKgQ0= | 13556 | 14.7795 | 14086.1 | 0.980495 | 0.196546 | 0 | CZ527 | 1
SCRIPT       : DATA_LOG | 923404 | aRapBi1cCZPZAGLIDny3dk3hQ8vTmNTLHRl8zxmKgQ0= | 13562.5 | 14.6336 | 14086.8 | 0.996162 | 0.0875333 | 0 | CZ527 | 1
SCRIPT       : DATA_LOG | 924406 | aRapBi1cCZPZAGLIDny3dk3hQ8vTmNTLHRl8zxmKgQ0= | 13567.1 | 14.6044 | 14087.2 | 0.996162 | 0.087525 | 0 | CZ527 | 1
SCRIPT       : DATA_LOG | 925406 | aRapBi1cCZPZAGLIDny3dk3hQ8vTmNTLHRl8zxmKgQ0= | 13569.3 | 14.6043 | 14086.7 | 0.501866 | -0.864945 | 0 | CZ527 | 1
SCRIPT       : DATA_LOG | 926402 | aRapBi1cCZPZAGLIDny3dk3hQ8vTmNTLHRl8zxmKgQ0= | 13571.4 | 14.619 | 14084.3 | 0.185864 | -0.982575 | 0 | CZ527 | 1
SCRIPT       : DATA_LOG | 927407 | aRapBi1cCZPZAGLIDny3dk3hQ8vTmNTLHRl8zxmKgQ0= | 13572.2 | 14.6437 | 14080.3 | 0.185862 | -0.982576 | 0 | CZ527 | 1
SCRIPT       : DATA_LOG | 928410 | aRapBi1cCZPZAGLIDny3dk3hQ8vTmNTLHRl8zxmKgQ0= | 13573.4 | 14.6567 | 14076.2 | -0.266042 | -0.963961 | 0 | CZ527 | 1
SCRIPT       : DATA_LOG | 929410 | aRapBi1cCZPZAGLIDny3dk3hQ8vTmNTLHRl8zxmKgQ0= | 13574 | 14.661 | 14072.9 | -0.791665 | -0.610955 | 0 | CZ527 | 1
SCRIPT       : DATA_LOG | 930416 | aRapBi1cCZPZAGLIDny3dk3hQ8vTmNTLHRl8zxmKgQ0= | 13575.4 | 14.662 | 14070.2 | -0.313783 | -0.949495 | 0 | CZ527 | 1
SCRIPT       : DATA_LOG | 931413 | aRapBi1cCZPZAGLIDny3dk3hQ8vTmNTLHRl8zxmKgQ0= | 13576.6 | 14.6509 | 14067.8 | -0.382159 | -0.924097 | 1 | CZ527 | 1
SCRIPT       : DATA_LOG | 932407 | aRapBi1cCZPZAGLIDny3dk3hQ8vTmNTLHRl8zxmKgQ0= | 13575.1 | 14.6074 | 14065.1 | -0.486062 | -0.873924 | 0 | CZ527 | 1
SCRIPT       : DATA_LOG | 933415 | aRapBi1cCZPZAGLIDny3dk3hQ8vTmNTLHRl8zxmKgQ0= | 13575.2 | 14.5869 | 14063.4 | -0.48618 | -0.873859 | 0 | CZ527 | 1
SCRIPT       : DATA_LOG | 934412 | aRapBi1cCZPZAGLIDny3dk3hQ8vTmNTLHRl8zxmKgQ0= | 13575.2 | 14.5869 | 14063.4 | -0.48618 | -0.873859 | 0 | CZ527 | 1
SCRIPT       : DATA_LOG | 935408 | aRapBi1cCZPZAGLIDny3dk3hQ8vTmNTLHRl8zxmKgQ0= | 13575.2 | 14.5869 | 14063.4 | -0.48618 | -0.873859 | 0 | CZ527 | 1
SCRIPT       : DATA_LOG | 936420 | aRapBi1cCZPZAGLIDny3dk3hQ8vTmNTLHRl8zxmKgQ0= | 13575.2 | 14.5869 | 14063.4 | -0.48618 | -0.873859 | 0 | CZ527 | 1
SCRIPT       : DATA_LOG | 937409 | aRapBi1cCZPZAGLIDny3dk3hQ8vTmNTLHRl8zxmKgQ0= | 13575.2 | 14.5869 | 14063.4 | -0.48618 | -0.873859 | 0 | CZ527 | 1
SCRIPT       : DATA_LOG | 938409 | aRapBi1cCZPZAGLIDny3dk3hQ8vTmNTLHRl8zxmKgQ0= | 13575.2 | 14.5869 | 14063.4 | -0.48618 | -0.873859 | 0 | CZ527 | 1
SCRIPT       : DATA_LOG | 939418 | aRapBi1cCZPZAGLIDny3dk3hQ8vTmNTLHRl8zxmKgQ0= | 13575.2 | 14.5869 | 14063.4 | -0.48618 | -0.873859 | 0 | CZ527 | 1
SCRIPT       : DATA_LOG | 940414 | aRapBi1cCZPZAGLIDny3dk3hQ8vTmNTLHRl8zxmKgQ0= | 13575.2 | 14.5869 | 14063.4 | -0.48618 | -0.873859 | 0 | CZ527 | 1
SCRIPT       : DATA_LOG | 941423 | aRapBi1cCZPZAGLIDny3dk3hQ8vTmNTLHRl8zxmKgQ0= | 13575.2 | 14.5869 | 14063.4 | -0.48618 | -0.873859 | 0 | CZ527 | 1
SCRIPT       : DATA_LOG | 942419 | aRapBi1cCZPZAGLIDny3dk3hQ8vTmNTLHRl8zxmKgQ0= | 13575.2 | 14.5869 | 14063.4 | -0.48618 | -0.873859 | 0 | CZ527 | 1
SCRIPT       : DATA_LOG | 943417 | aRapBi1cCZPZAGLIDny3dk3hQ8vTmNTLHRl8zxmKgQ0= | 13575.2 | 14.5869 | 14063.4 | -0.48618 | -0.873859 | 0 | CZ527 | 1
SCRIPT       : DATA_LOG | 944414 | aRapBi1cCZPZAGLIDny3dk3hQ8vTmNTLHRl8zxmKgQ0= | 13575.2 | 14.5869 | 14063.4 | -0.48618 | -0.873859 | 0 | CZ527 | 1
SCRIPT       : DATA_LOG | 945419 | aRapBi1cCZPZAGLIDny3dk3hQ8vTmNTLHRl8zxmKgQ0= | 13575.2 | 14.5869 | 14063.4 | -0.48618 | -0.873859 | 0 | CZ527 | 1
SCRIPT       : DATA_LOG | 946415 | aRapBi1cCZPZAGLIDny3dk3hQ8vTmNTLHRl8zxmKgQ0= | 13575.2 | 14.5869 | 14063.4 | -0.48618 | -0.873859 | 0 | CZ527 | 1
SCRIPT       : DATA_LOG | 947417 | aRapBi1cCZPZAGLIDny3dk3hQ8vTmNTLHRl8zxmKgQ0= | 13575.2 | 14.5869 | 14063.4 | -0.48618 | -0.873859 | 0 | CZ527 | 1
SCRIPT       : DATA_LOG | 948417 | aRapBi1cCZPZAGLIDny3dk3hQ8vTmNTLHRl8zxmKgQ0= | 13575.2 | 14.5869 | 14063.4 | -0.48618 | -0.873859 | 0 | CZ527 | 1
SCRIPT       : DATA_LOG | 949423 | aRapBi1cCZPZAGLIDny3dk3hQ8vTmNTLHRl8zxmKgQ0= | 13575.2 | 14.5869 | 14063.4 | -0.48618 | -0.873859 | 0 | CZ527 | 1
SCRIPT       : DATA_LOG | 950420 | aRapBi1cCZPZAGLIDny3dk3hQ8vTmNTLHRl8zxmKgQ0= | 13575.2 | 14.5869 | 14063.4 | -0.48618 | -0.873859 | 0 | CZ527 | 1
SCRIPT       : DATA_LOG | 951425 | aRapBi1cCZPZAGLIDny3dk3hQ8vTmNTLHRl8zxmKgQ0= | 13575.2 | 14.5869 | 14063.4 | -0.48618 | -0.873859 | 0 | CZ527 | 1
SCRIPT       : DATA_LOG | 952429 | aRapBi1cCZPZAGLIDny3dk3hQ8vTmNTLHRl8zxmKgQ0= | 13575.2 | 14.5869 | 14063.4 | -0.48618 | -0.873859 | 0 | CZ527 | 1
SCRIPT       : DATA_LOG | 953427 | aRapBi1cCZPZAGLIDny3dk3hQ8vTmNTLHRl8zxmKgQ0= | 13575.2 | 14.5869 | 14063.4 | -0.48618 | -0.873859 | 0 | CZ527 | 1
SCRIPT       : DATA_LOG | 954423 | aRapBi1cCZPZAGLIDny3dk3hQ8vTmNTLHRl8zxmKgQ0= | 13575.2 | 14.5869 | 14063.4 | -0.48618 | -0.873859 | 0 | CZ527 | 1
SCRIPT       : DATA_LOG | 955430 | aRapBi1cCZPZAGLIDny3dk3hQ8vTmNTLHRl8zxmKgQ0= | 13575.2 | 14.5869 | 14063.4 | -0.48618 | -0.873859 | 0 | CZ527 | 1
SCRIPT       : DATA_LOG | 956425 | aRapBi1cCZPZAGLIDny3dk3hQ8vTmNTLHRl8zxmKgQ0= | 13575.2 | 14.5869 | 14063.4 | -0.48618 | -0.873859 | 0 | CZ527 | 1
SCRIPT       : DATA_LOG | 957431 | aRapBi1cCZPZAGLIDny3dk3hQ8vTmNTLHRl8zxmKgQ0= | 13575.2 | 14.5869 | 14063.4 | -0.48618 | -0.873859 | 0 | CZ527 | 1
SCRIPT       : DATA_LOG | 958428 | aRapBi1cCZPZAGLIDny3dk3hQ8vTmNTLHRl8zxmKgQ0= | 13575.2 | 14.5869 | 14063.4 | -0.48618 | -0.873859 | 0 | CZ527 | 1
SCRIPT       : DATA_LOG | 959441 | aRapBi1cCZPZAGLIDny3dk3hQ8vTmNTLHRl8zxmKgQ0= | 13575.2 | 14.5869 | 14063.4 | -0.48618 | -0.873859 | 0 | CZ527 | 1
SCRIPT       : DATA_LOG | 960449 | aRapBi1cCZPZAGLIDny3dk3hQ8vTmNTLHRl8zxmKgQ0= | 13575.2 | 14.5869 | 14063.4 | -0.48618 | -0.873859 | 0 | CZ527 | 1
SCRIPT       : DATA_LOG | 961433 | aRapBi1cCZPZAGLIDny3dk3hQ8vTmNTLHRl8zxmKgQ0= | 13575.2 | 14.5869 | 14063.4 | -0.48618 | -0.873859 | 0 | CZ527 | 1
SCRIPT       : DATA_LOG | 962442 | aRapBi1cCZPZAGLIDny3dk3hQ8vTmNTLHRl8zxmKgQ0= | 13575.2 | 14.5869 | 14063.4 | -0.48618 | -0.873859 | 0 | CZ527 | 1
SCRIPT       : DATA_LOG | 963450 | aRapBi1cCZPZAGLIDny3dk3hQ8vTmNTLHRl8zxmKgQ0= | 13575.2 | 14.5869 | 14063.4 | -0.48618 | -0.873859 | 0 | CZ527 | 1
SCRIPT       : DATA_LOG | 964435 | aRapBi1cCZPZAGLIDny3dk3hQ8vTmNTLHRl8zxmKgQ0= | 13575.2 | 14.5869 | 14063.4 | -0.48618 | -0.873859 | 0 | CZ527 | 1
SCRIPT       : DATA_LOG | 965439 | aRapBi1cCZPZAGLIDny3dk3hQ8vTmNTLHRl8zxmKgQ0= | 13575.2 | 14.5869 | 14063.4 | -0.48618 | -0.873859 | 0 | CZ527 | 1
SCRIPT       : DATA_LOG | 966439 | aRapBi1cCZPZAGLIDny3dk3hQ8vTmNTLHRl8zxmKgQ0= | 13575.2 | 14.5869 | 14063.4 | -0.48618 | -0.873859 | 0 | CZ527 | 1
SCRIPT       : DATA_LOG | 967441 | aRapBi1cCZPZAGLIDny3dk3hQ8vTmNTLHRl8zxmKgQ0= | 13575.2 | 14.5869 | 14063.4 | -0.48618 | -0.873859 | 0 | CZ527 | 1
SCRIPT       : DATA_LOG | 968447 | aRapBi1cCZPZAGLIDny3dk3hQ8vTmNTLHRl8zxmKgQ0= | 13575.2 | 14.5869 | 14063.4 | -0.48618 | -0.873859 | 0 | CZ527 | 1
SCRIPT       : DATA_LOG | 969444 | aRapBi1cCZPZAGLIDny3dk3hQ8vTmNTLHRl8zxmKgQ0= | 13575.2 | 14.5869 | 14063.4 | -0.48618 | -0.873859 | 0 | CZ527 | 1
SCRIPT       : DATA_LOG | 970444 | aRapBi1cCZPZAGLIDny3dk3hQ8vTmNTLHRl8zxmKgQ0= | 13575.2 | 14.5869 | 14063.4 | -0.48618 | -0.873859 | 0 | CZ527 | 1
SCRIPT       : DATA_LOG | 971448 | aRapBi1cCZPZAGLIDny3dk3hQ8vTmNTLHRl8zxmKgQ0= | 13575.2 | 14.5869 | 14063.4 | -0.48618 | -0.873859 | 0 | CZ527 | 1
SCRIPT       : DATA_LOG | 972463 | aRapBi1cCZPZAGLIDny3dk3hQ8vTmNTLHRl8zxmKgQ0= | 13575.2 | 14.5869 | 14063.4 | -0.48618 | -0.873859 | 0 | CZ527 | 1
SCRIPT       : DATA_LOG | 973445 | aRapBi1cCZPZAGLIDny3dk3hQ8vTmNTLHRl8zxmKgQ0= | 13575.2 | 14.5869 | 14063.4 | -0.48618 | -0.873859 | 0 | CZ527 | 1
SCRIPT       : DATA_LOG | 974453 | aRapBi1cCZPZAGLIDny3dk3hQ8vTmNTLHRl8zxmKgQ0= | 13575.2 | 14.5869 | 14063.4 | -0.48618 | -0.873859 | 0 | CZ527 | 1
SCRIPT       : DATA_LOG | 975451 | aRapBi1cCZPZAGLIDny3dk3hQ8vTmNTLHRl8zxmKgQ0= | 13575.2 | 14.5869 | 14063.4 | -0.48618 | -0.873859 | 0 | CZ527 | 1
SCRIPT       : DATA_LOG | 976447 | aRapBi1cCZPZAGLIDny3dk3hQ8vTmNTLHRl8zxmKgQ0= | 13575.2 | 14.5869 | 14063.4 | -0.48618 | -0.873859 | 0 | CZ527 | 1
SCRIPT       : DATA_LOG | 977452 | aRapBi1cCZPZAGLIDny3dk3hQ8vTmNTLHRl8zxmKgQ0= | 13575.2 | 14.5869 | 14063.4 | -0.48618 | -0.873859 | 0 | CZ527 | 1
SCRIPT       : DATA_LOG | 978449 | aRapBi1cCZPZAGLIDny3dk3hQ8vTmNTLHRl8zxmKgQ0= | 13575.2 | 14.5869 | 14063.4 | -0.48618 | -0.873859 | 0 | CZ527 | 1
SCRIPT       : DATA_LOG | 979455 | aRapBi1cCZPZAGLIDny3dk3hQ8vTmNTLHRl8zxmKgQ0= | 13575.2 | 14.5869 | 14063.4 | -0.48618 | -0.873859 | 0 | CZ527 | 1
SCRIPT       : DATA_LOG | 980450 | aRapBi1cCZPZAGLIDny3dk3hQ8vTmNTLHRl8zxmKgQ0= | 13575.2 | 14.5869 | 14063.4 | -0.48618 | -0.873859 | 0 | CZ527 | 1
SCRIPT       : DATA_LOG | 981451 | aRapBi1cCZPZAGLIDny3dk3hQ8vTmNTLHRl8zxmKgQ0= | 13575.2 | 14.5869 | 14063.4 | -0.48618 | -0.873859 | 0 | CZ527 | 1
SCRIPT       : DATA_LOG | 982459 | aRapBi1cCZPZAGLIDny3dk3hQ8vTmNTLHRl8zxmKgQ0= | 13575.2 | 14.5869 | 14063.4 | -0.48618 | -0.873859 | 0 | CZ527 | 1
SCRIPT       : DATA_LOG | 983454 | aRapBi1cCZPZAGLIDny3dk3hQ8vTmNTLHRl8zxmKgQ0= | 13575.2 | 14.5869 | 14063.4 | -0.48618 | -0.873859 | 0 | CZ527 | 1
SCRIPT       : DATA_LOG | 984455 | aRapBi1cCZPZAGLIDny3dk3hQ8vTmNTLHRl8zxmKgQ0= | 13575.2 | 14.5869 | 14063.4 | -0.48618 | -0.873859 | 0 | CZ527 | 1
SCRIPT       : DATA_LOG | 985455 | aRapBi1cCZPZAGLIDny3dk3hQ8vTmNTLHRl8zxmKgQ0= | 13575.2 | 14.5869 | 14063.4 | -0.48618 | -0.873859 | 0 | CZ527 | 1
SCRIPT       : DATA_LOG | 986462 | aRapBi1cCZPZAGLIDny3dk3hQ8vTmNTLHRl8zxmKgQ0= | 13575.2 | 14.5869 | 14063.4 | -0.48618 | -0.873859 | 0 | CZ527 | 1
SCRIPT       : DATA_LOG | 987461 | aRapBi1cCZPZAGLIDny3dk3hQ8vTmNTLHRl8zxmKgQ0= | 13575.2 | 14.5869 | 14063.4 | -0.48618 | -0.873859 | 0 | CZ527 | 1
SCRIPT       : DATA_LOG | 988459 | aRapBi1cCZPZAGLIDny3dk3hQ8vTmNTLHRl8zxmKgQ0= | 13575.2 | 14.5869 | 14063.4 | -0.48618 | -0.873859 | 0 | CZ527 | 1
SCRIPT       : DATA_LOG | 989469 | aRapBi1cCZPZAGLIDny3dk3hQ8vTmNTLHRl8zxmKgQ0= | 13575.2 | 14.5869 | 14063.4 | -0.48618 | -0.873859 | 0 | CZ527 | 1
SCRIPT       : DATA_LOG | 990462 | aRapBi1cCZPZAGLIDny3dk3hQ8vTmNTLHRl8zxmKgQ0= | 13575.2 | 14.5869 | 14063.4 | -0.48618 | -0.873859 | 0 | CZ527 | 1
SCRIPT       : DATA_LOG | 991480 | aRapBi1cCZPZAGLIDny3dk3hQ8vTmNTLHRl8zxmKgQ0= | 13575.2 | 14.5869 | 14063.4 | -0.48618 | -0.873859 | 0 | CZ527 | 1
SCRIPT       : DATA_LOG | 992471 | aRapBi1cCZPZAGLIDny3dk3hQ8vTmNTLHRl8zxmKgQ0= | 13575.2 | 14.5869 | 14063.4 | -0.48618 | -0.873859 | 0 | CZ527 | 1
SCRIPT       : DATA_LOG | 993470 | aRapBi1cCZPZAGLIDny3dk3hQ8vTmNTLHRl8zxmKgQ0= | 13575.2 | 14.5869 | 14063.4 | -0.48618 | -0.873859 | 0 | CZ527 | 1
SCRIPT       : DATA_LOG | 994474 | aRapBi1cCZPZAGLIDny3dk3hQ8vTmNTLHRl8zxmKgQ0= | 13575.2 | 14.5869 | 14063.4 | -0.48618 | -0.873859 | 0 | CZ527 | 1
SCRIPT       : DATA_LOG | 995470 | aRapBi1cCZPZAGLIDny3dk3hQ8vTmNTLHRl8zxmKgQ0= | 13575.2 | 14.5869 | 14063.4 | 0.0998109 | -0.995006 | 0 | CZ527 | 1
SCRIPT       : DATA_LOG | 996472 | aRapBi1cCZPZAGLIDny3dk3hQ8vTmNTLHRl8zxmKgQ0= | 13575.2 | 14.5869 | 14063.4 | 0.926271 | -0.376857 | 0 | CZ527 | 1
SCRIPT       : DATA_LOG | 997472 | aRapBi1cCZPZAGLIDny3dk3hQ8vTmNTLHRl8zxmKgQ0= | 13575.2 | 14.5869 | 14063.4 | 0.999529 | 0.0306912 | 0 | CZ527 | 1
SCRIPT       : DATA_LOG | 998473 | aRapBi1cCZPZAGLIDny3dk3hQ8vTmNTLHRl8zxmKgQ0= | 13575.2 | 14.5869 | 14063.4 | 0.338455 | 0.940982 | 0 | CZ527 | 1
SCRIPT       : DATA_LOG | 999475 | aRapBi1cCZPZAGLIDny3dk3hQ8vTmNTLHRl8zxmKgQ0= | 13575.2 | 14.5869 | 14063.4 | -0.728472 | 0.685075 | 0 | CZ527 | 1
SCRIPT       : DATA_LOG | 1000472 | aRapBi1cCZPZAGLIDny3dk3hQ8vTmNTLHRl8zxmKgQ0= | 13575.2 | 14.5869 | 14063.4 | -0.728472 | 0.685075 | 0 | CZ527 | 1
SCRIPT       : DATA_LOG | 1001480 | aRapBi1cCZPZAGLIDny3dk3hQ8vTmNTLHRl8zxmKgQ0= | 13572.4 | 14.6137 | 14065.4 | -0.747775 | 0.663952 | 0 | CZ527 | 1
SCRIPT       : DATA_LOG | 1002477 | aRapBi1cCZPZAGLIDny3dk3hQ8vTmNTLHRl8zxmKgQ0= | 13569.8 | 14.8961 | 14067.2 | -0.747775 | 0.663952 | 0 | CZ527 | 1
SCRIPT       : DATA_LOG | 1003477 | aRapBi1cCZPZAGLIDny3dk3hQ8vTmNTLHRl8zxmKgQ0= | 13566.6 | 15.2312 | 14067.9 | -0.747775 | 0.663952 | 0 | CZ527 | 1
SCRIPT       : DATA_LOG | 1004478 | aRapBi1cCZPZAGLIDny3dk3hQ8vTmNTLHRl8zxmKgQ0= | 13565.6 | 15.2312 | 14067.8 | -0.532043 | 0.846717 | 0 | CZ527 | 1
SCRIPT       : DATA_LOG | 1005479 | aRapBi1cCZPZAGLIDny3dk3hQ8vTmNTLHRl8zxmKgQ0= | 13565.6 | 15.2312 | 14067.8 | 0.80579 | 0.592201 | 0 | CZ527 | 1
SCRIPT       : DATA_LOG | 1006481 | aRapBi1cCZPZAGLIDny3dk3hQ8vTmNTLHRl8zxmKgQ0= | 13565.6 | 15.2312 | 14067.8 | 0.80579 | 0.592201 | 0 | CZ527 | 1
SCRIPT       : DATA_LOG | 1007481 | aRapBi1cCZPZAGLIDny3dk3hQ8vTmNTLHRl8zxmKgQ0= | 13565.6 | 15.2312 | 14067.8 | 0.80579 | 0.592201 | 0 | CZ527 | 1
SCRIPT       : DATA_LOG | 1008482 | aRapBi1cCZPZAGLIDny3dk3hQ8vTmNTLHRl8zxmKgQ0= | 13565.6 | 15.2312 | 14067.8 | 0.80579 | 0.592201 | 0 | CZ527 | 1
SCRIPT       : DATA_LOG | 1009484 | aRapBi1cCZPZAGLIDny3dk3hQ8vTmNTLHRl8zxmKgQ0= | 13565.6 | 15.2312 | 14067.8 | 0.80579 | 0.592201 | 0 | CZ527 | 1
SCRIPT       : DATA_LOG | 1010490 | aRapBi1cCZPZAGLIDny3dk3hQ8vTmNTLHRl8zxmKgQ0= | 13565.6 | 15.2312 | 14067.8 | 0.80579 | 0.592201 | 0 | CZ527 | 1
SCRIPT       : DATA_LOG | 1011486 | aRapBi1cCZPZAGLIDny3dk3hQ8vTmNTLHRl8zxmKgQ0= | 13565.6 | 15.2312 | 14067.8 | 0.80579 | 0.592201 | 0 | CZ527 | 1
SCRIPT       : DATA_LOG | 1012488 | aRapBi1cCZPZAGLIDny3dk3hQ8vTmNTLHRl8zxmKgQ0= | 13565.6 | 15.2312 | 14067.8 | 0.80579 | 0.592201 | 0 | CZ527 | 1
SCRIPT       : DATA_LOG | 1013488 | aRapBi1cCZPZAGLIDny3dk3hQ8vTmNTLHRl8zxmKgQ0= | 13565.6 | 15.2312 | 14067.8 | 0.80579 | 0.592201 | 0 | CZ527 | 1
SCRIPT       : DATA_LOG | 1014489 | aRapBi1cCZPZAGLIDny3dk3hQ8vTmNTLHRl8zxmKgQ0= | 13565.6 | 15.2312 | 14067.8 | 0.80579 | 0.592201 | 0 | CZ527 | 1
SCRIPT       : DATA_LOG | 1015489 | aRapBi1cCZPZAGLIDny3dk3hQ8vTmNTLHRl8zxmKgQ0= | 13565.6 | 15.2312 | 14067.8 | 0.80579 | 0.592201 | 0 | CZ527 | 1
SCRIPT       : DATA_LOG | 1016491 | aRapBi1cCZPZAGLIDny3dk3hQ8vTmNTLHRl8zxmKgQ0= | 13565.6 | 15.2312 | 14067.8 | 0.80579 | 0.592201 | 0 | CZ527 | 1
SCRIPT       : DATA_LOG | 1017492 | aRapBi1cCZPZAGLIDny3dk3hQ8vTmNTLHRl8zxmKgQ0= | 13565.6 | 15.2312 | 14067.8 | 0.80579 | 0.592201 | 0 | CZ527 | 1
SCRIPT       : DATA_LOG | 1018493 | aRapBi1cCZPZAGLIDny3dk3hQ8vTmNTLHRl8zxmKgQ0= | 13565.6 | 15.2312 | 14067.8 | 0.80579 | 0.592201 | 0 | CZ527 | 1
SCRIPT       : DATA_LOG | 1019499 | aRapBi1cCZPZAGLIDny3dk3hQ8vTmNTLHRl8zxmKgQ0= | 13565.6 | 15.2312 | 14067.8 | 0.80579 | 0.592201 | 0 | CZ527 | 1
SCRIPT       : DATA_LOG | 1020498 | aRapBi1cCZPZAGLIDny3dk3hQ8vTmNTLHRl8zxmKgQ0= | 13565.6 | 15.2312 | 14067.8 | 0.80579 | 0.592201 | 0 | CZ527 | 1
SCRIPT       : DATA_LOG | 1021496 | aRapBi1cCZPZAGLIDny3dk3hQ8vTmNTLHRl8zxmKgQ0= | 13565.6 | 15.2312 | 14067.8 | 0.80579 | 0.592201 | 0 | CZ527 | 1
SCRIPT       : DATA_LOG | 1022496 | aRapBi1cCZPZAGLIDny3dk3hQ8vTmNTLHRl8zxmKgQ0= | 13565.6 | 15.2312 | 14067.8 | 0.80579 | 0.592201 | 0 | CZ527 | 1
SCRIPT       : DATA_LOG | 1023498 | aRapBi1cCZPZAGLIDny3dk3hQ8vTmNTLHRl8zxmKgQ0= | 13565.6 | 15.2312 | 14067.8 | 0.80579 | 0.592201 | 0 | CZ527 | 1
SCRIPT       : DATA_LOG | 1024498 | aRapBi1cCZPZAGLIDny3dk3hQ8vTmNTLHRl8zxmKgQ0= | 13565.6 | 15.2312 | 14067.8 | 0.80579 | 0.592201 | 0 | CZ527 | 1
SCRIPT       : DATA_LOG | 1025501 | aRapBi1cCZPZAGLIDny3dk3hQ8vTmNTLHRl8zxmKgQ0= | 13565.6 | 15.2312 | 14067.8 | 0.80579 | 0.592201 | 0 | CZ527 | 1
SCRIPT       : DATA_LOG | 1026501 | aRapBi1cCZPZAGLIDny3dk3hQ8vTmNTLHRl8zxmKgQ0= | 13565.6 | 15.2312 | 14067.8 | 0.80579 | 0.592201 | 0 | CZ527 | 1
SCRIPT       : DATA_LOG | 1027502 | aRapBi1cCZPZAGLIDny3dk3hQ8vTmNTLHRl8zxmKgQ0= | 13565.6 | 15.2312 | 14067.8 | 0.80579 | 0.592201 | 0 | CZ527 | 1
SCRIPT       : DATA_LOG | 1028505 | aRapBi1cCZPZAGLIDny3dk3hQ8vTmNTLHRl8zxmKgQ0= | 13565.6 | 15.2312 | 14067.8 | 0.80579 | 0.592201 | 0 | CZ527 | 1
SCRIPT       : DATA_LOG | 1029506 | aRapBi1cCZPZAGLIDny3dk3hQ8vTmNTLHRl8zxmKgQ0= | 13565.6 | 15.2312 | 14067.8 | 0.80579 | 0.592201 | 0 | CZ527 | 1
SCRIPT       : DATA_LOG | 1030505 | aRapBi1cCZPZAGLIDny3dk3hQ8vTmNTLHRl8zxmKgQ0= | 13565.6 | 15.2312 | 14067.8 | 0.80579 | 0.592201 | 0 | CZ527 | 1
SCRIPT       : DATA_LOG | 1031509 | aRapBi1cCZPZAGLIDny3dk3hQ8vTmNTLHRl8zxmKgQ0= | 13565.6 | 15.2312 | 14067.8 | 0.80579 | 0.592201 | 0 | CZ527 | 1
SCRIPT       : DATA_LOG | 1032509 | aRapBi1cCZPZAGLIDny3dk3hQ8vTmNTLHRl8zxmKgQ0= | 13565.6 | 15.2312 | 14067.8 | 0.80579 | 0.592201 | 0 | CZ527 | 1
SCRIPT       : DATA_LOG | 1033511 | aRapBi1cCZPZAGLIDny3dk3hQ8vTmNTLHRl8zxmKgQ0= | 13565.6 | 15.2312 | 14067.8 | 0.80579 | 0.592201 | 0 | CZ527 | 1
SCRIPT       : DATA_LOG | 1034508 | aRapBi1cCZPZAGLIDny3dk3hQ8vTmNTLHRl8zxmKgQ0= | 13565.6 | 15.2312 | 14067.8 | 0.80579 | 0.592201 | 0 | CZ527 | 1
SCRIPT       : DATA_LOG | 1035511 | aRapBi1cCZPZAGLIDny3dk3hQ8vTmNTLHRl8zxmKgQ0= | 13565.6 | 15.2312 | 14067.8 | 0.80579 | 0.592201 | 0 | CZ527 | 1
SCRIPT       : DATA_LOG | 1036511 | aRapBi1cCZPZAGLIDny3dk3hQ8vTmNTLHRl8zxmKgQ0= | 13565.6 | 15.2312 | 14067.8 | 0.80579 | 0.592201 | 0 | CZ527 | 1
SCRIPT       : DATA_LOG | 1037513 | aRapBi1cCZPZAGLIDny3dk3hQ8vTmNTLHRl8zxmKgQ0= | 13565.6 | 15.2312 | 14067.8 | 0.80579 | 0.592201 | 0 | CZ527 | 1
SCRIPT       : DATA_LOG | 1038512 | aRapBi1cCZPZAGLIDny3dk3hQ8vTmNTLHRl8zxmKgQ0= | 13565.6 | 15.2312 | 14067.8 | 0.80579 | 0.592201 | 0 | CZ527 | 1
SCRIPT       : DATA_LOG | 1039515 | aRapBi1cCZPZAGLIDny3dk3hQ8vTmNTLHRl8zxmKgQ0= | 13565.6 | 15.2312 | 14067.8 | 0.80579 | 0.592201 | 0 | CZ527 | 1
SCRIPT       : DATA_LOG | 1040515 | aRapBi1cCZPZAGLIDny3dk3hQ8vTmNTLHRl8zxmKgQ0= | 13565.6 | 15.2312 | 14067.8 | 0.80579 | 0.592201 | 0 | CZ527 | 1
SCRIPT       : DATA_LOG | 1041516 | aRapBi1cCZPZAGLIDny3dk3hQ8vTmNTLHRl8zxmKgQ0= | 13565.6 | 15.2312 | 14067.8 | 0.80579 | 0.592201 | 0 | CZ527 | 1
SCRIPT       : DATA_LOG | 1042517 | aRapBi1cCZPZAGLIDny3dk3hQ8vTmNTLHRl8zxmKgQ0= | 13565.6 | 15.2312 | 14067.8 | 0.80579 | 0.592201 | 0 | CZ527 | 1
SCRIPT       : DATA_LOG | 1043519 | aRapBi1cCZPZAGLIDny3dk3hQ8vTmNTLHRl8zxmKgQ0= | 13565.6 | 15.2312 | 14067.8 | 0.80579 | 0.592201 | 0 | CZ527 | 1
SCRIPT       : DATA_LOG | 1044520 | aRapBi1cCZPZAGLIDny3dk3hQ8vTmNTLHRl8zxmKgQ0= | 13565.6 | 15.2312 | 14067.8 | 0.80579 | 0.592201 | 0 | CZ527 | 1
SCRIPT       : DATA_LOG | 1045521 | aRapBi1cCZPZAGLIDny3dk3hQ8vTmNTLHRl8zxmKgQ0= | 13565.6 | 15.2312 | 14067.8 | 0.80579 | 0.592201 | 0 | CZ527 | 1
SCRIPT       : DATA_LOG | 1046523 | aRapBi1cCZPZAGLIDny3dk3hQ8vTmNTLHRl8zxmKgQ0= | 13565.6 | 15.2312 | 14067.8 | 0.80579 | 0.592201 | 0 | CZ527 | 1
SCRIPT       : DATA_LOG | 1047523 | aRapBi1cCZPZAGLIDny3dk3hQ8vTmNTLHRl8zxmKgQ0= | 13565.6 | 15.2312 | 14067.8 | 0.80579 | 0.592201 | 0 | CZ527 | 1
SCRIPT       : DATA_LOG | 1048524 | aRapBi1cCZPZAGLIDny3dk3hQ8vTmNTLHRl8zxmKgQ0= | 13565.6 | 15.2312 | 14067.8 | 0.80579 | 0.592201 | 0 | CZ527 | 1
SCRIPT       : DATA_LOG | 1049528 | aRapBi1cCZPZAGLIDny3dk3hQ8vTmNTLHRl8zxmKgQ0= | 13565.6 | 15.2312 | 14067.8 | 0.80579 | 0.592201 | 0 | CZ527 | 1
SCRIPT       : DATA_LOG | 1050526 | aRapBi1cCZPZAGLIDny3dk3hQ8vTmNTLHRl8zxmKgQ0= | 13565.6 | 15.2312 | 14067.8 | 0.80579 | 0.592201 | 0 | CZ527 | 1
SCRIPT       : DATA_LOG | 1051534 | aRapBi1cCZPZAGLIDny3dk3hQ8vTmNTLHRl8zxmKgQ0= | 13565.6 | 15.2312 | 14067.8 | 0.80579 | 0.592201 | 0 | CZ527 | 1
SCRIPT       : DATA_LOG | 1052527 | aRapBi1cCZPZAGLIDny3dk3hQ8vTmNTLHRl8zxmKgQ0= | 13565.6 | 15.2312 | 14067.8 | 0.80579 | 0.592201 | 0 | CZ527 | 1
SCRIPT       : DATA_LOG | 1053530 | aRapBi1cCZPZAGLIDny3dk3hQ8vTmNTLHRl8zxmKgQ0= | 13565.6 | 15.2312 | 14067.8 | 0.80579 | 0.592201 | 0 | CZ527 | 1
SCRIPT       : DATA_LOG | 1054531 | aRapBi1cCZPZAGLIDny3dk3hQ8vTmNTLHRl8zxmKgQ0= | 13565.6 | 15.2312 | 14067.8 | 0.80579 | 0.592201 | 0 | CZ527 | 1
SCRIPT       : DATA_LOG | 1055531 | aRapBi1cCZPZAGLIDny3dk3hQ8vTmNTLHRl8zxmKgQ0= | 13565.6 | 15.2312 | 14067.8 | 0.80579 | 0.592201 | 0 | CZ527 | 1
SCRIPT       : DATA_LOG | 1056531 | aRapBi1cCZPZAGLIDny3dk3hQ8vTmNTLHRl8zxmKgQ0= | 13565.6 | 15.2312 | 14067.8 | 0.80579 | 0.592201 | 0 | CZ527 | 1
SCRIPT       : DATA_LOG | 1057533 | aRapBi1cCZPZAGLIDny3dk3hQ8vTmNTLHRl8zxmKgQ0= | 13565.6 | 15.2312 | 14067.8 | 0.80579 | 0.592201 | 0 | CZ527 | 1
SCRIPT       : DATA_LOG | 1058535 | aRapBi1cCZPZAGLIDny3dk3hQ8vTmNTLHRl8zxmKgQ0= | 13565.6 | 15.2312 | 14067.8 | 0.80579 | 0.592201 | 0 | CZ527 | 1
SCRIPT       : DATA_LOG | 1059538 | aRapBi1cCZPZAGLIDny3dk3hQ8vTmNTLHRl8zxmKgQ0= | 13565.6 | 15.2312 | 14067.8 | 0.80579 | 0.592201 | 0 | CZ527 | 1
SCRIPT       : DATA_LOG | 1060536 | aRapBi1cCZPZAGLIDny3dk3hQ8vTmNTLHRl8zxmKgQ0= | 13565.6 | 15.2312 | 14067.8 | 0.80579 | 0.592201 | 0 | CZ527 | 1
SCRIPT       : DATA_LOG | 1061538 | aRapBi1cCZPZAGLIDny3dk3hQ8vTmNTLHRl8zxmKgQ0= | 13565.6 | 15.2312 | 14067.8 | 0.80579 | 0.592201 | 0 | CZ527 | 1
SCRIPT       : DATA_LOG | 1062540 | aRapBi1cCZPZAGLIDny3dk3hQ8vTmNTLHRl8zxmKgQ0= | 13565.6 | 15.2312 | 14067.8 | 0.80579 | 0.592201 | 0 | CZ527 | 1
SCRIPT       : DATA_LOG | 1063540 | aRapBi1cCZPZAGLIDny3dk3hQ8vTmNTLHRl8zxmKgQ0= | 13565.6 | 15.2312 | 14067.8 | 0.80579 | 0.592201 | 0 | CZ527 | 1
SCRIPT       : DATA_LOG | 1064541 | aRapBi1cCZPZAGLIDny3dk3hQ8vTmNTLHRl8zxmKgQ0= | 13566 | 15.2312 | 14067.9 | 0.905654 | 0.424018 | 0 | CZ527 | 1
SCRIPT       : DATA_LOG | 1065543 | aRapBi1cCZPZAGLIDny3dk3hQ8vTmNTLHRl8zxmKgQ0= | 13566.7 | 15.2311 | 14067.5 | 0.831781 | 0.555104 | 0 | CZ527 | 1
SCRIPT       : DATA_LOG | 1066543 | aRapBi1cCZPZAGLIDny3dk3hQ8vTmNTLHRl8zxmKgQ0= | 13567.3 | 15.2311 | 14068 | 0.760464 | 0.649379 | 0 | CZ527 | 1
SCRIPT       : DATA_LOG | 1067544 | aRapBi1cCZPZAGLIDny3dk3hQ8vTmNTLHRl8zxmKgQ0= | 13567 | 15.2312 | 14068.1 | 0.98255 | -0.185997 | 0 | CZ527 | 1
SCRIPT       : DATA_LOG | 1068544 | aRapBi1cCZPZAGLIDny3dk3hQ8vTmNTLHRl8zxmKgQ0= | 13566 | 15.2312 | 14068.7 | 0.768361 | -0.640017 | 0 | CZ527 | 1
SCRIPT       : DATA_LOG | 1069552 | aRapBi1cCZPZAGLIDny3dk3hQ8vTmNTLHRl8zxmKgQ0= | 13566.9 | 15.2312 | 14067.9 | 0.761521 | -0.64814 | 0 | CZ527 | 1
SCRIPT       : DATA_LOG | 1070549 | aRapBi1cCZPZAGLIDny3dk3hQ8vTmNTLHRl8zxmKgQ0= | 13566.8 | 15.2312 | 14068.1 | 0.761055 | -0.648688 | 0 | CZ527 | 1
SCRIPT       : DATA_LOG | 1071548 | aRapBi1cCZPZAGLIDny3dk3hQ8vTmNTLHRl8zxmKgQ0= | 13565.8 | 15.2312 | 14068.4 | 0.760826 | -0.648956 | 0 | CZ527 | 1
SCRIPT       : DATA_LOG | 1072551 | aRapBi1cCZPZAGLIDny3dk3hQ8vTmNTLHRl8zxmKgQ0= | 13565.8 | 15.2312 | 14068.4 | 0.760826 | -0.648956 | 0 | CZ527 | 1
SCRIPT       : DATA_LOG | 1073550 | aRapBi1cCZPZAGLIDny3dk3hQ8vTmNTLHRl8zxmKgQ0= | 13565.8 | 15.2312 | 14068.4 | 0.760826 | -0.648956 | 0 | CZ527 | 1
SCRIPT       : DATA_LOG | 1074551 | aRapBi1cCZPZAGLIDny3dk3hQ8vTmNTLHRl8zxmKgQ0= | 13565.8 | 15.2312 | 14068.4 | 0.760826 | -0.648956 | 0 | CZ527 | 1
SCRIPT       : DATA_LOG | 1075551 | aRapBi1cCZPZAGLIDny3dk3hQ8vTmNTLHRl8zxmKgQ0= | 13565.8 | 15.2312 | 14068.4 | 0.760826 | -0.648956 | 0 | CZ527 | 1
SCRIPT       : DATA_LOG | 1076559 | aRapBi1cCZPZAGLIDny3dk3hQ8vTmNTLHRl8zxmKgQ0= | 13565.8 | 15.2312 | 14068.4 | 0.760826 | -0.648956 | 0 | CZ527 | 1
SCRIPT       : DATA_LOG | 1077554 | aRapBi1cCZPZAGLIDny3dk3hQ8vTmNTLHRl8zxmKgQ0= | 13565.8 | 15.2312 | 14068.4 | 0.760826 | -0.648956 | 0 | CZ527 | 1
SCRIPT       : DATA_LOG | 1078555 | aRapBi1cCZPZAGLIDny3dk3hQ8vTmNTLHRl8zxmKgQ0= | 13565.8 | 15.2312 | 14068.4 | 0.760826 | -0.648956 | 0 | CZ527 | 1
SCRIPT       : DATA_LOG | 1079561 | aRapBi1cCZPZAGLIDny3dk3hQ8vTmNTLHRl8zxmKgQ0= | 13565.8 | 15.2312 | 14068.4 | 0.760826 | -0.648956 | 0 | CZ527 | 1
SCRIPT       : DATA_LOG | 1080557 | aRapBi1cCZPZAGLIDny3dk3hQ8vTmNTLHRl8zxmKgQ0= | 13565.8 | 15.2312 | 14068.4 | 0.760826 | -0.648956 | 0 | CZ527 | 1
SCRIPT       : DATA_LOG | 1081558 | aRapBi1cCZPZAGLIDny3dk3hQ8vTmNTLHRl8zxmKgQ0= | 13565.8 | 15.2312 | 14068.4 | 0.760826 | -0.648956 | 0 | CZ527 | 1
SCRIPT       : DATA_LOG | 1082563 | aRapBi1cCZPZAGLIDny3dk3hQ8vTmNTLHRl8zxmKgQ0= | 13565.8 | 15.2312 | 14068.4 | 0.760826 | -0.648956 | 0 | CZ527 | 1
SCRIPT       : DATA_LOG | 1083570 | aRapBi1cCZPZAGLIDny3dk3hQ8vTmNTLHRl8zxmKgQ0= | 13565.8 | 15.2312 | 14068.4 | 0.760826 | -0.648956 | 0 | CZ527 | 1
SCRIPT       : DATA_LOG | 1084559 | aRapBi1cCZPZAGLIDny3dk3hQ8vTmNTLHRl8zxmKgQ0= | 13565.8 | 15.2312 | 14068.4 | 0.760826 | -0.648956 | 0 | CZ527 | 1
SCRIPT       : DATA_LOG | 1085562 | aRapBi1cCZPZAGLIDny3dk3hQ8vTmNTLHRl8zxmKgQ0= | 13565.8 | 15.2312 | 14068.4 | 0.760826 | -0.648956 | 0 | CZ527 | 1
SCRIPT       : DATA_LOG | 1086562 | aRapBi1cCZPZAGLIDny3dk3hQ8vTmNTLHRl8zxmKgQ0= | 13565.8 | 15.2312 | 14068.4 | 0.760826 | -0.648956 | 0 | CZ527 | 1
SCRIPT       : DATA_LOG | 1087563 | aRapBi1cCZPZAGLIDny3dk3hQ8vTmNTLHRl8zxmKgQ0= | 13565.8 | 15.2312 | 14068.4 | 0.760826 | -0.648956 | 0 | CZ527 | 1
SCRIPT       : DATA_LOG | 1088564 | aRapBi1cCZPZAGLIDny3dk3hQ8vTmNTLHRl8zxmKgQ0= | 13565.8 | 15.2312 | 14068.4 | 0.760826 | -0.648956 | 0 | CZ527 | 1
SCRIPT       : DATA_LOG | 1089572 | aRapBi1cCZPZAGLIDny3dk3hQ8vTmNTLHRl8zxmKgQ0= | 13565.8 | 15.2312 | 14068.4 | 0.760826 | -0.648956 | 0 | CZ527 | 1
SCRIPT       : DATA_LOG | 1090567 | aRapBi1cCZPZAGLIDny3dk3hQ8vTmNTLHRl8zxmKgQ0= | 13565.8 | 15.2312 | 14068.4 | 0.760826 | -0.648956 | 0 | CZ527 | 1
SCRIPT       : DATA_LOG | 1091567 | aRapBi1cCZPZAGLIDny3dk3hQ8vTmNTLHRl8zxmKgQ0= | 13565.8 | 15.2312 | 14068.4 | 0.760826 | -0.648956 | 0 | CZ527 | 1
SCRIPT       : DATA_LOG | 1092568 | aRapBi1cCZPZAGLIDny3dk3hQ8vTmNTLHRl8zxmKgQ0= | 13565.8 | 15.2312 | 14068.4 | 0.760826 | -0.648956 | 0 | CZ527 | 1
SCRIPT       : DATA_LOG | 1093569 | aRapBi1cCZPZAGLIDny3dk3hQ8vTmNTLHRl8zxmKgQ0= | 13565.8 | 15.2312 | 14068.4 | 0.760826 | -0.648956 | 0 | CZ527 | 1
SCRIPT       : DATA_LOG | 1094571 | aRapBi1cCZPZAGLIDny3dk3hQ8vTmNTLHRl8zxmKgQ0= | 13565.8 | 15.2312 | 14068.4 | 0.760826 | -0.648956 | 0 | CZ527 | 1
SCRIPT       : DATA_LOG | 1095572 | aRapBi1cCZPZAGLIDny3dk3hQ8vTmNTLHRl8zxmKgQ0= | 13565.8 | 15.2312 | 14068.4 | 0.760826 | -0.648956 | 0 | CZ527 | 1
SCRIPT       : DATA_LOG | 1096574 | aRapBi1cCZPZAGLIDny3dk3hQ8vTmNTLHRl8zxmKgQ0= | 13565.8 | 15.2312 | 14068.4 | 0.760826 | -0.648956 | 0 | CZ527 | 1
SCRIPT       : DATA_LOG | 1097575 | aRapBi1cCZPZAGLIDny3dk3hQ8vTmNTLHRl8zxmKgQ0= | 13565.8 | 15.2312 | 14068.4 | 0.760826 | -0.648956 | 0 | CZ527 | 1
SCRIPT       : DATA_LOG | 1098577 | aRapBi1cCZPZAGLIDny3dk3hQ8vTmNTLHRl8zxmKgQ0= | 13565.8 | 15.2312 | 14068.4 | 0.760826 | -0.648956 | 0 | CZ527 | 1
SCRIPT       : DATA_LOG | 1099580 | aRapBi1cCZPZAGLIDny3dk3hQ8vTmNTLHRl8zxmKgQ0= | 13565.8 | 15.2312 | 14068.4 | 0.760826 | -0.648956 | 0 | CZ527 | 1
SCRIPT       : DATA_LOG | 1100579 | aRapBi1cCZPZAGLIDny3dk3hQ8vTmNTLHRl8zxmKgQ0= | 13565.8 | 15.2312 | 14068.4 | 0.760826 | -0.648956 | 0 | CZ527 | 1
SCRIPT       : DATA_LOG | 1101579 | aRapBi1cCZPZAGLIDny3dk3hQ8vTmNTLHRl8zxmKgQ0= | 13565.8 | 15.2312 | 14068.4 | 0.760826 | -0.648956 | 0 | CZ527 | 1
SCRIPT       : DATA_LOG | 1102579 | aRapBi1cCZPZAGLIDny3dk3hQ8vTmNTLHRl8zxmKgQ0= | 13565.8 | 15.2312 | 14068.4 | 0.760826 | -0.648956 | 0 | CZ527 | 1
SCRIPT       : DATA_LOG | 1103581 | aRapBi1cCZPZAGLIDny3dk3hQ8vTmNTLHRl8zxmKgQ0= | 13565.8 | 15.2312 | 14068.4 | 0.760826 | -0.648956 | 0 | CZ527 | 1
SCRIPT       : DATA_LOG | 1104584 | aRapBi1cCZPZAGLIDny3dk3hQ8vTmNTLHRl8zxmKgQ0= | 13565.8 | 15.2312 | 14068.4 | 0.760826 | -0.648956 | 0 | CZ527 | 1
SCRIPT       : DATA_LOG | 1105583 | aRapBi1cCZPZAGLIDny3dk3hQ8vTmNTLHRl8zxmKgQ0= | 13565.8 | 15.2312 | 14068.4 | 0.760826 | -0.648956 | 0 | CZ527 | 1
SCRIPT       : DATA_LOG | 1106583 | aRapBi1cCZPZAGLIDny3dk3hQ8vTmNTLHRl8zxmKgQ0= | 13565.8 | 15.2312 | 14068.4 | 0.760826 | -0.648956 | 0 | CZ527 | 1
SCRIPT       : DATA_LOG | 1107585 | aRapBi1cCZPZAGLIDny3dk3hQ8vTmNTLHRl8zxmKgQ0= | 13565.8 | 15.2312 | 14068.4 | 0.760826 | -0.648956 | 0 | CZ527 | 1
SCRIPT       : DATA_LOG | 1108586 | aRapBi1cCZPZAGLIDny3dk3hQ8vTmNTLHRl8zxmKgQ0= | 13565.8 | 15.2312 | 14068.4 | 0.760826 | -0.648956 | 0 | CZ527 | 1
SCRIPT       : DATA_LOG | 1109588 | aRapBi1cCZPZAGLIDny3dk3hQ8vTmNTLHRl8zxmKgQ0= | 13565.8 | 15.2312 | 14068.4 | 0.760826 | -0.648956 | 0 | CZ527 | 1
SCRIPT       : DATA_LOG | 1110587 | aRapBi1cCZPZAGLIDny3dk3hQ8vTmNTLHRl8zxmKgQ0= | 13565.8 | 15.2312 | 14068.4 | 0.760826 | -0.648956 | 0 | CZ527 | 1
SCRIPT       : DATA_LOG | 1111604 | aRapBi1cCZPZAGLIDny3dk3hQ8vTmNTLHRl8zxmKgQ0= | 13565.8 | 15.2312 | 14068.4 | 0.760826 | -0.648956 | 0 | CZ527 | 1
SCRIPT       : DATA_LOG | 1112590 | aRapBi1cCZPZAGLIDny3dk3hQ8vTmNTLHRl8zxmKgQ0= | 13565.8 | 15.2312 | 14068.4 | 0.760826 | -0.648956 | 0 | CZ527 | 1
SCRIPT       : DATA_LOG | 1113591 | aRapBi1cCZPZAGLIDny3dk3hQ8vTmNTLHRl8zxmKgQ0= | 13565.8 | 15.2312 | 14068.4 | 0.760826 | -0.648956 | 0 | CZ527 | 1
SCRIPT       : DATA_LOG | 1114600 | aRapBi1cCZPZAGLIDny3dk3hQ8vTmNTLHRl8zxmKgQ0= | 13565.8 | 15.2312 | 14068.4 | 0.760826 | -0.648956 | 0 | CZ527 | 1
SCRIPT       : DATA_LOG | 1115594 | aRapBi1cCZPZAGLIDny3dk3hQ8vTmNTLHRl8zxmKgQ0= | 13565.8 | 15.2312 | 14068.4 | 0.760826 | -0.648956 | 0 | CZ527 | 1
SCRIPT       : DATA_LOG | 1116593 | aRapBi1cCZPZAGLIDny3dk3hQ8vTmNTLHRl8zxmKgQ0= | 13565.8 | 15.2312 | 14068.4 | 0.760826 | -0.648956 | 0 | CZ527 | 1
SCRIPT       : DATA_LOG | 1117594 | aRapBi1cCZPZAGLIDny3dk3hQ8vTmNTLHRl8zxmKgQ0= | 13565.8 | 15.2312 | 14068.4 | 0.760826 | -0.648956 | 0 | CZ527 | 1
SCRIPT       : DATA_LOG | 1118596 | aRapBi1cCZPZAGLIDny3dk3hQ8vTmNTLHRl8zxmKgQ0= | 13565.8 | 15.2312 | 14068.4 | 0.760826 | -0.648956 | 0 | CZ527 | 1
SCRIPT       : DATA_LOG | 1119602 | aRapBi1cCZPZAGLIDny3dk3hQ8vTmNTLHRl8zxmKgQ0= | 13565.8 | 15.2312 | 14068.4 | 0.760826 | -0.648956 | 0 | CZ527 | 1
SCRIPT       : DATA_LOG | 1120599 | aRapBi1cCZPZAGLIDny3dk3hQ8vTmNTLHRl8zxmKgQ0= | 13565.8 | 15.2312 | 14068.4 | 0.760826 | -0.648956 | 0 | CZ527 | 1
SCRIPT       : DATA_LOG | 1121600 | aRapBi1cCZPZAGLIDny3dk3hQ8vTmNTLHRl8zxmKgQ0= | 13565.8 | 15.2312 | 14068.4 | 0.760826 | -0.648956 | 0 | CZ527 | 1
SCRIPT       : DATA_LOG | 1122600 | aRapBi1cCZPZAGLIDny3dk3hQ8vTmNTLHRl8zxmKgQ0= | 13565.8 | 15.2312 | 14068.4 | 0.760826 | -0.648956 | 0 | CZ527 | 1
SCRIPT       : DATA_LOG | 1123600 | aRapBi1cCZPZAGLIDny3dk3hQ8vTmNTLHRl8zxmKgQ0= | 13565.8 | 15.2312 | 14068.4 | 0.760826 | -0.648956 | 0 | CZ527 | 1
SCRIPT       : DATA_LOG | 1124601 | aRapBi1cCZPZAGLIDny3dk3hQ8vTmNTLHRl8zxmKgQ0= | 13565.8 | 15.2312 | 14068.4 | 0.760826 | -0.648956 | 0 | CZ527 | 1
SCRIPT       : DATA_LOG | 1125602 | aRapBi1cCZPZAGLIDny3dk3hQ8vTmNTLHRl8zxmKgQ0= | 13565.8 | 15.2312 | 14068.4 | 0.760826 | -0.648956 | 0 | CZ527 | 1
SCRIPT       : DATA_LOG | 1126603 | aRapBi1cCZPZAGLIDny3dk3hQ8vTmNTLHRl8zxmKgQ0= | 13565.8 | 15.2312 | 14068.4 | 0.760826 | -0.648956 | 0 | CZ527 | 1
SCRIPT       : DATA_LOG | 1127605 | aRapBi1cCZPZAGLIDny3dk3hQ8vTmNTLHRl8zxmKgQ0= | 13565.8 | 15.2312 | 14068.4 | 0.760826 | -0.648956 | 0 | CZ527 | 1
SCRIPT       : DATA_LOG | 1128606 | aRapBi1cCZPZAGLIDny3dk3hQ8vTmNTLHRl8zxmKgQ0= | 13565.8 | 15.2312 | 14068.4 | 0.760826 | -0.648956 | 0 | CZ527 | 1
SCRIPT       : DATA_LOG | 1129609 | aRapBi1cCZPZAGLIDny3dk3hQ8vTmNTLHRl8zxmKgQ0= | 13565.8 | 15.2312 | 14068.4 | 0.760826 | -0.648956 | 0 | CZ527 | 1
SCRIPT       : DATA_LOG | 1130607 | aRapBi1cCZPZAGLIDny3dk3hQ8vTmNTLHRl8zxmKgQ0= | 13565.8 | 15.2312 | 14068.4 | 0.760826 | -0.648956 | 0 | CZ527 | 1
SCRIPT       : DATA_LOG | 1131609 | aRapBi1cCZPZAGLIDny3dk3hQ8vTmNTLHRl8zxmKgQ0= | 13565.8 | 15.2312 | 14068.4 | 0.760826 | -0.648956 | 0 | CZ527 | 1
SCRIPT       : DATA_LOG | 1132610 | aRapBi1cCZPZAGLIDny3dk3hQ8vTmNTLHRl8zxmKgQ0= | 13565.8 | 15.2312 | 14068.4 | 0.760826 | -0.648956 | 0 | CZ527 | 1
SCRIPT       : DATA_LOG | 1133612 | aRapBi1cCZPZAGLIDny3dk3hQ8vTmNTLHRl8zxmKgQ0= | 13565.8 | 15.2312 | 14068.4 | 0.760826 | -0.648956 | 0 | CZ527 | 1
SCRIPT       : DATA_LOG | 1134614 | aRapBi1cCZPZAGLIDny3dk3hQ8vTmNTLHRl8zxmKgQ0= | 13565.8 | 15.2312 | 14068.4 | 0.760826 | -0.648956 | 0 | CZ527 | 1
SCRIPT       : DATA_LOG | 1135615 | aRapBi1cCZPZAGLIDny3dk3hQ8vTmNTLHRl8zxmKgQ0= | 13565.8 | 15.2312 | 14068.4 | 0.760826 | -0.648956 | 0 | CZ527 | 1
SCRIPT       : DATA_LOG | 1136617 | aRapBi1cCZPZAGLIDny3dk3hQ8vTmNTLHRl8zxmKgQ0= | 13565.8 | 15.2312 | 14068.4 | 0.760826 | -0.648956 | 0 | CZ527 | 1
SCRIPT       : DATA_LOG | 1137615 | aRapBi1cCZPZAGLIDny3dk3hQ8vTmNTLHRl8zxmKgQ0= | 13565.8 | 15.2312 | 14068.4 | 0.760826 | -0.648956 | 0 | CZ527 | 1
SCRIPT       : DATA_LOG | 1138616 | aRapBi1cCZPZAGLIDny3dk3hQ8vTmNTLHRl8zxmKgQ0= | 13565.8 | 15.2312 | 14068.4 | 0.760826 | -0.648956 | 0 | CZ527 | 1
SCRIPT       : DATA_LOG | 1139621 | aRapBi1cCZPZAGLIDny3dk3hQ8vTmNTLHRl8zxmKgQ0= | 13565.8 | 15.2312 | 14068.4 | 0.760826 | -0.648956 | 0 | CZ527 | 1
SCRIPT       : DATA_LOG | 1140619 | aRapBi1cCZPZAGLIDny3dk3hQ8vTmNTLHRl8zxmKgQ0= | 13565.8 | 15.2312 | 14068.4 | 0.760826 | -0.648956 | 0 | CZ527 | 1
SCRIPT       : DATA_LOG | 1141618 | aRapBi1cCZPZAGLIDny3dk3hQ8vTmNTLHRl8zxmKgQ0= | 13565.8 | 15.2312 | 14068.4 | 0.760826 | -0.648956 | 0 | CZ527 | 1
SCRIPT       : DATA_LOG | 1142621 | aRapBi1cCZPZAGLIDny3dk3hQ8vTmNTLHRl8zxmKgQ0= | 13565.8 | 15.2312 | 14068.4 | 0.760826 | -0.648956 | 0 | CZ527 | 1
SCRIPT       : DATA_LOG | 1143627 | aRapBi1cCZPZAGLIDny3dk3hQ8vTmNTLHRl8zxmKgQ0= | 13565.8 | 15.2312 | 14068.4 | 0.760826 | -0.648956 | 0 | CZ527 | 1
SCRIPT       : DATA_LOG | 1144621 | aRapBi1cCZPZAGLIDny3dk3hQ8vTmNTLHRl8zxmKgQ0= | 13565.8 | 15.2312 | 14068.4 | 0.760826 | -0.648956 | 0 | CZ527 | 1
SCRIPT       : DATA_LOG | 1145631 | aRapBi1cCZPZAGLIDny3dk3hQ8vTmNTLHRl8zxmKgQ0= | 13565.8 | 15.2312 | 14068.4 | 0.760826 | -0.648956 | 0 | CZ527 | 1
SCRIPT       : DATA_LOG | 1146624 | aRapBi1cCZPZAGLIDny3dk3hQ8vTmNTLHRl8zxmKgQ0= | 13565.8 | 15.2312 | 14068.4 | 0.760826 | -0.648956 | 0 | CZ527 | 1
SCRIPT       : DATA_LOG | 1147625 | aRapBi1cCZPZAGLIDny3dk3hQ8vTmNTLHRl8zxmKgQ0= | 13565.8 | 15.2312 | 14068.4 | 0.760826 | -0.648956 | 0 | CZ527 | 1
SCRIPT       : DATA_LOG | 1148625 | aRapBi1cCZPZAGLIDny3dk3hQ8vTmNTLHRl8zxmKgQ0= | 13565.8 | 15.2312 | 14068.4 | 0.760826 | -0.648956 | 0 | CZ527 | 1
SCRIPT       : DATA_LOG | 1149629 | aRapBi1cCZPZAGLIDny3dk3hQ8vTmNTLHRl8zxmKgQ0= | 13565.8 | 15.2312 | 14068.4 | 0.760826 | -0.648956 | 0 | CZ527 | 1
SCRIPT       : DATA_LOG | 1150627 | aRapBi1cCZPZAGLIDny3dk3hQ8vTmNTLHRl8zxmKgQ0= | 13565.8 | 15.2312 | 14068.4 | 0.760826 | -0.648956 | 0 | CZ527 | 1
SCRIPT       : DATA_LOG | 1151627 | aRapBi1cCZPZAGLIDny3dk3hQ8vTmNTLHRl8zxmKgQ0= | 13565.8 | 15.2312 | 14068.4 | 0.760826 | -0.648956 | 0 | CZ527 | 1
SCRIPT       : DATA_LOG | 1152629 | aRapBi1cCZPZAGLIDny3dk3hQ8vTmNTLHRl8zxmKgQ0= | 13565.8 | 15.2312 | 14068.4 | 0.760826 | -0.648956 | 0 | CZ527 | 1
SCRIPT       : DATA_LOG | 1153632 | aRapBi1cCZPZAGLIDny3dk3hQ8vTmNTLHRl8zxmKgQ0= | 13565.8 | 15.2312 | 14068.4 | 0.760826 | -0.648956 | 0 | CZ527 | 1
SCRIPT       : DATA_LOG | 1154633 | aRapBi1cCZPZAGLIDny3dk3hQ8vTmNTLHRl8zxmKgQ0= | 13565.8 | 15.2312 | 14068.4 | 0.760826 | -0.648956 | 0 | CZ527 | 1
SCRIPT       : DATA_LOG | 1155634 | aRapBi1cCZPZAGLIDny3dk3hQ8vTmNTLHRl8zxmKgQ0= | 13565.8 | 15.2312 | 14068.4 | 0.760826 | -0.648956 | 0 | CZ527 | 1
SCRIPT       : DATA_LOG | 1156635 | aRapBi1cCZPZAGLIDny3dk3hQ8vTmNTLHRl8zxmKgQ0= | 13565.8 | 15.2312 | 14068.4 | 0.760826 | -0.648956 | 0 | CZ527 | 1
SCRIPT       : DATA_LOG | 1157635 | aRapBi1cCZPZAGLIDny3dk3hQ8vTmNTLHRl8zxmKgQ0= | 13565.8 | 15.2312 | 14068.4 | 0.760826 | -0.648956 | 0 | CZ527 | 1
SCRIPT       : DATA_LOG | 1158636 | aRapBi1cCZPZAGLIDny3dk3hQ8vTmNTLHRl8zxmKgQ0= | 13565.8 | 15.2312 | 14068.4 | 0.760826 | -0.648956 | 0 | CZ527 | 1
SCRIPT       : DATA_LOG | 1159639 | aRapBi1cCZPZAGLIDny3dk3hQ8vTmNTLHRl8zxmKgQ0= | 13565.8 | 15.2312 | 14068.4 | 0.760826 | -0.648956 | 0 | CZ527 | 1
SCRIPT       : DATA_LOG | 1160639 | aRapBi1cCZPZAGLIDny3dk3hQ8vTmNTLHRl8zxmKgQ0= | 13565.8 | 15.2312 | 14068.4 | 0.760826 | -0.648956 | 0 | CZ527 | 1
SCRIPT       : DATA_LOG | 1161639 | aRapBi1cCZPZAGLIDny3dk3hQ8vTmNTLHRl8zxmKgQ0= | 13565.8 | 15.2312 | 14068.4 | 0.760826 | -0.648956 | 0 | CZ527 | 1
SCRIPT       : DATA_LOG | 1162644 | aRapBi1cCZPZAGLIDny3dk3hQ8vTmNTLHRl8zxmKgQ0= | 13565.8 | 15.2312 | 14068.4 | 0.760826 | -0.648956 | 0 | CZ527 | 1
SCRIPT       : DATA_LOG | 1163642 | aRapBi1cCZPZAGLIDny3dk3hQ8vTmNTLHRl8zxmKgQ0= | 13565.8 | 15.2312 | 14068.4 | 0.760826 | -0.648956 | 0 | CZ527 | 1
SCRIPT       : DATA_LOG | 1164642 | aRapBi1cCZPZAGLIDny3dk3hQ8vTmNTLHRl8zxmKgQ0= | 13565.8 | 15.2312 | 14068.4 | 0.760826 | -0.648956 | 0 | CZ527 | 1
SCRIPT       : DATA_LOG | 1165644 | aRapBi1cCZPZAGLIDny3dk3hQ8vTmNTLHRl8zxmKgQ0= | 13565.8 | 15.2312 | 14068.4 | 0.760826 | -0.648956 | 0 | CZ527 | 1
SCRIPT       : DATA_LOG | 1166643 | aRapBi1cCZPZAGLIDny3dk3hQ8vTmNTLHRl8zxmKgQ0= | 13565.8 | 15.2312 | 14068.4 | 0.760826 | -0.648956 | 0 | CZ527 | 1
SCRIPT       : DATA_LOG | 1167645 | aRapBi1cCZPZAGLIDny3dk3hQ8vTmNTLHRl8zxmKgQ0= | 13565.8 | 15.2312 | 14068.4 | 0.760826 | -0.648956 | 0 | CZ527 | 1
SCRIPT       : DATA_LOG | 1168646 | aRapBi1cCZPZAGLIDny3dk3hQ8vTmNTLHRl8zxmKgQ0= | 13565.8 | 15.2312 | 14068.4 | 0.760826 | -0.648956 | 0 | CZ527 | 1
SCRIPT       : DATA_LOG | 1169658 | aRapBi1cCZPZAGLIDny3dk3hQ8vTmNTLHRl8zxmKgQ0= | 13565.8 | 15.2312 | 14068.4 | 0.760826 | -0.648956 | 0 | CZ527 | 1
SCRIPT       : DATA_LOG | 1170648 | aRapBi1cCZPZAGLIDny3dk3hQ8vTmNTLHRl8zxmKgQ0= | 13565.8 | 15.2312 | 14068.4 | 0.760826 | -0.648956 | 0 | CZ527 | 1
SCRIPT       : DATA_LOG | 1171650 | aRapBi1cCZPZAGLIDny3dk3hQ8vTmNTLHRl8zxmKgQ0= | 13565.8 | 15.2312 | 14068.4 | 0.760826 | -0.648956 | 0 | CZ527 | 1
SCRIPT       : DATA_LOG | 1172655 | aRapBi1cCZPZAGLIDny3dk3hQ8vTmNTLHRl8zxmKgQ0= | 13565.8 | 15.2312 | 14068.4 | 0.760826 | -0.648956 | 0 | CZ527 | 1
SCRIPT       : DATA_LOG | 1173651 | aRapBi1cCZPZAGLIDny3dk3hQ8vTmNTLHRl8zxmKgQ0= | 13565.8 | 15.2312 | 14068.4 | 0.760826 | -0.648956 | 0 | CZ527 | 1
SCRIPT       : DATA_LOG | 1174651 | aRapBi1cCZPZAGLIDny3dk3hQ8vTmNTLHRl8zxmKgQ0= | 13565.8 | 15.2312 | 14068.4 | 0.760826 | -0.648956 | 0 | CZ527 | 1
SCRIPT       : DATA_LOG | 1175653 | aRapBi1cCZPZAGLIDny3dk3hQ8vTmNTLHRl8zxmKgQ0= | 13565.8 | 15.2312 | 14068.4 | 0.760826 | -0.648956 | 0 | CZ527 | 1
SCRIPT       : DATA_LOG | 1176659 | aRapBi1cCZPZAGLIDny3dk3hQ8vTmNTLHRl8zxmKgQ0= | 13565.8 | 15.2312 | 14068.4 | 0.760826 | -0.648956 | 0 | CZ527 | 1
SCRIPT       : DATA_LOG | 1177655 | aRapBi1cCZPZAGLIDny3dk3hQ8vTmNTLHRl8zxmKgQ0= | 13565.8 | 15.2312 | 14068.4 | 0.760826 | -0.648956 | 0 | CZ527 | 1
SCRIPT       : DATA_LOG | 1178661 | aRapBi1cCZPZAGLIDny3dk3hQ8vTmNTLHRl8zxmKgQ0= | 13565.8 | 15.2312 | 14068.4 | 0.760826 | -0.648956 | 0 | CZ527 | 1
SCRIPT       : DATA_LOG | 1179658 | aRapBi1cCZPZAGLIDny3dk3hQ8vTmNTLHRl8zxmKgQ0= | 13565.8 | 15.2312 | 14068.4 | 0.760826 | -0.648956 | 0 | CZ527 | 1
SCRIPT       : DATA_LOG | 1180659 | aRapBi1cCZPZAGLIDny3dk3hQ8vTmNTLHRl8zxmKgQ0= | 13565.8 | 15.2312 | 14068.4 | 0.760826 | -0.648956 | 0 | CZ527 | 1
SCRIPT       : DATA_LOG | 1181658 | aRapBi1cCZPZAGLIDny3dk3hQ8vTmNTLHRl8zxmKgQ0= | 13565.8 | 15.2312 | 14068.4 | 0.760826 | -0.648956 | 0 | CZ527 | 1
SCRIPT       : DATA_LOG | 1182659 | aRapBi1cCZPZAGLIDny3dk3hQ8vTmNTLHRl8zxmKgQ0= | 13565.8 | 15.2312 | 14068.4 | 0.760826 | -0.648956 | 0 | CZ527 | 1
SCRIPT       : DATA_LOG | 1183662 | aRapBi1cCZPZAGLIDny3dk3hQ8vTmNTLHRl8zxmKgQ0= | 13565.8 | 15.2312 | 14068.4 | 0.760826 | -0.648956 | 0 | CZ527 | 1
SCRIPT       : DATA_LOG | 1184663 | aRapBi1cCZPZAGLIDny3dk3hQ8vTmNTLHRl8zxmKgQ0= | 13565.8 | 15.2312 | 14068.4 | 0.760826 | -0.648956 | 0 | CZ527 | 1
SCRIPT       : DATA_LOG | 1185665 | aRapBi1cCZPZAGLIDny3dk3hQ8vTmNTLHRl8zxmKgQ0= | 13565.8 | 15.2312 | 14068.4 | 0.760826 | -0.648956 | 0 | CZ527 | 1
SCRIPT       : DATA_LOG | 1186665 | aRapBi1cCZPZAGLIDny3dk3hQ8vTmNTLHRl8zxmKgQ0= | 13565.8 | 15.2312 | 14068.4 | 0.760826 | -0.648956 | 0 | CZ527 | 1
SCRIPT       : DATA_LOG | 1187667 | aRapBi1cCZPZAGLIDny3dk3hQ8vTmNTLHRl8zxmKgQ0= | 13565.8 | 15.2312 | 14068.4 | 0.760826 | -0.648956 | 0 | CZ527 | 1
SCRIPT       : DATA_LOG | 1188665 | aRapBi1cCZPZAGLIDny3dk3hQ8vTmNTLHRl8zxmKgQ0= | 13565.8 | 15.2312 | 14068.4 | 0.760826 | -0.648956 | 0 | CZ527 | 1
SCRIPT       : DATA_LOG | 1189673 | aRapBi1cCZPZAGLIDny3dk3hQ8vTmNTLHRl8zxmKgQ0= | 13565.8 | 15.2312 | 14068.4 | 0.760826 | -0.648956 | 0 | CZ527 | 1
SCRIPT       : DATA_LOG | 1190673 | aRapBi1cCZPZAGLIDny3dk3hQ8vTmNTLHRl8zxmKgQ0= | 13565.8 | 15.2312 | 14068.4 | 0.760826 | -0.648956 | 0 | CZ527 | 1
SCRIPT       : DATA_LOG | 1191670 | aRapBi1cCZPZAGLIDny3dk3hQ8vTmNTLHRl8zxmKgQ0= | 13565.8 | 15.2312 | 14068.4 | 0.760826 | -0.648956 | 0 | CZ527 | 1
SCRIPT       : DATA_LOG | 1192669 | aRapBi1cCZPZAGLIDny3dk3hQ8vTmNTLHRl8zxmKgQ0= | 13565.8 | 15.2312 | 14068.4 | 0.760826 | -0.648956 | 0 | CZ527 | 1
SCRIPT       : DATA_LOG | 1193671 | aRapBi1cCZPZAGLIDny3dk3hQ8vTmNTLHRl8zxmKgQ0= | 13565.8 | 15.2312 | 14068.4 | 0.760826 | -0.648956 | 0 | CZ527 | 1
SCRIPT       : DATA_LOG | 1194673 | aRapBi1cCZPZAGLIDny3dk3hQ8vTmNTLHRl8zxmKgQ0= | 13565.8 | 15.2312 | 14068.4 | 0.760826 | -0.648956 | 0 | CZ527 | 1
SCRIPT       : DATA_LOG | 1195674 | aRapBi1cCZPZAGLIDny3dk3hQ8vTmNTLHRl8zxmKgQ0= | 13565.8 | 15.2312 | 14068.4 | 0.760826 | -0.648956 | 0 | CZ527 | 1
SCRIPT       : DATA_LOG | 1196677 | aRapBi1cCZPZAGLIDny3dk3hQ8vTmNTLHRl8zxmKgQ0= | 13565.8 | 15.2312 | 14068.4 | 0.760826 | -0.648956 | 0 | CZ527 | 1
SCRIPT       : DATA_LOG | 1197683 | aRapBi1cCZPZAGLIDny3dk3hQ8vTmNTLHRl8zxmKgQ0= | 13565.8 | 15.2312 | 14068.4 | 0.760826 | -0.648956 | 0 | CZ527 | 1
SCRIPT       : DATA_LOG | 1198675 | aRapBi1cCZPZAGLIDny3dk3hQ8vTmNTLHRl8zxmKgQ0= | 13565.8 | 15.2312 | 14068.4 | 0.760826 | -0.648956 | 0 | CZ527 | 1
SCRIPT       : DATA_LOG | 1199679 | aRapBi1cCZPZAGLIDny3dk3hQ8vTmNTLHRl8zxmKgQ0= | 13565.8 | 15.2312 | 14068.4 | 0.760826 | -0.648956 | 0 | CZ527 | 1
SCRIPT       : DATA_LOG | 1200678 | aRapBi1cCZPZAGLIDny3dk3hQ8vTmNTLHRl8zxmKgQ0= | 13565.8 | 15.2312 | 14068.4 | 0.760826 | -0.648956 | 0 | CZ527 | 1
SCRIPT       : DATA_LOG | 1201679 | aRapBi1cCZPZAGLIDny3dk3hQ8vTmNTLHRl8zxmKgQ0= | 13565.8 | 15.2312 | 14068.4 | 0.760826 | -0.648956 | 0 | CZ527 | 1
SCRIPT       : DATA_LOG | 1202680 | aRapBi1cCZPZAGLIDny3dk3hQ8vTmNTLHRl8zxmKgQ0= | 13565.8 | 15.2312 | 14068.4 | 0.760826 | -0.648956 | 0 | CZ527 | 1
SCRIPT       : DATA_LOG | 1203683 | aRapBi1cCZPZAGLIDny3dk3hQ8vTmNTLHRl8zxmKgQ0= | 13565.8 | 15.2312 | 14068.4 | 0.760826 | -0.648956 | 0 | CZ527 | 1
SCRIPT       : DATA_LOG | 1204684 | aRapBi1cCZPZAGLIDny3dk3hQ8vTmNTLHRl8zxmKgQ0= | 13565.8 | 15.2312 | 14068.4 | 0.760826 | -0.648956 | 0 | CZ527 | 1
SCRIPT       : DATA_LOG | 1205683 | aRapBi1cCZPZAGLIDny3dk3hQ8vTmNTLHRl8zxmKgQ0= | 13565.8 | 15.2312 | 14068.4 | 0.760826 | -0.648956 | 0 | CZ527 | 1
SCRIPT       : DATA_LOG | 1206685 | aRapBi1cCZPZAGLIDny3dk3hQ8vTmNTLHRl8zxmKgQ0= | 13565.8 | 15.2312 | 14068.4 | 0.760826 | -0.648956 | 0 | CZ527 | 1
SCRIPT       : DATA_LOG | 1207688 | aRapBi1cCZPZAGLIDny3dk3hQ8vTmNTLHRl8zxmKgQ0= | 13565.8 | 15.2312 | 14068.4 | 0.760826 | -0.648956 | 0 | CZ527 | 1
SCRIPT       : DATA_LOG | 1208687 | aRapBi1cCZPZAGLIDny3dk3hQ8vTmNTLHRl8zxmKgQ0= | 13565.8 | 15.2312 | 14068.4 | 0.760826 | -0.648956 | 0 | CZ527 | 1
SCRIPT       : DATA_LOG | 1209697 | aRapBi1cCZPZAGLIDny3dk3hQ8vTmNTLHRl8zxmKgQ0= | 13565.8 | 15.2312 | 14068.4 | 0.760826 | -0.648956 | 0 | CZ527 | 1
SCRIPT       : DATA_LOG | 1210694 | aRapBi1cCZPZAGLIDny3dk3hQ8vTmNTLHRl8zxmKgQ0= | 13565.8 | 15.2312 | 14068.4 | 0.760826 | -0.648956 | 0 | CZ527 | 1
SCRIPT       : DATA_LOG | 1211690 | aRapBi1cCZPZAGLIDny3dk3hQ8vTmNTLHRl8zxmKgQ0= | 13565.8 | 15.2312 | 14068.4 | 0.760826 | -0.648956 | 0 | CZ527 | 1
SCRIPT       : DATA_LOG | 1212702 | aRapBi1cCZPZAGLIDny3dk3hQ8vTmNTLHRl8zxmKgQ0= | 13565.8 | 15.2312 | 14068.4 | 0.760826 | -0.648956 | 0 | CZ527 | 1
SCRIPT       : DATA_LOG | 1213696 | aRapBi1cCZPZAGLIDny3dk3hQ8vTmNTLHRl8zxmKgQ0= | 13565.8 | 15.2312 | 14068.4 | 0.760826 | -0.648956 | 0 | CZ527 | 1
SCRIPT       : DATA_LOG | 1214692 | aRapBi1cCZPZAGLIDny3dk3hQ8vTmNTLHRl8zxmKgQ0= | 13565.8 | 15.2312 | 14068.4 | 0.760826 | -0.648956 | 0 | CZ527 | 1
SCRIPT       : DATA_LOG | 1215693 | aRapBi1cCZPZAGLIDny3dk3hQ8vTmNTLHRl8zxmKgQ0= | 13565.8 | 15.2312 | 14068.4 | 0.760826 | -0.648956 | 0 | CZ527 | 1
SCRIPT       : DATA_LOG | 1216694 | aRapBi1cCZPZAGLIDny3dk3hQ8vTmNTLHRl8zxmKgQ0= | 13565.8 | 15.2312 | 14068.4 | 0.760826 | -0.648956 | 0 | CZ527 | 1
SCRIPT       : DATA_LOG | 1217696 | aRapBi1cCZPZAGLIDny3dk3hQ8vTmNTLHRl8zxmKgQ0= | 13565.8 | 15.2312 | 14068.4 | 0.760826 | -0.648956 | 0 | CZ527 | 1
SCRIPT       : DATA_LOG | 1218696 | aRapBi1cCZPZAGLIDny3dk3hQ8vTmNTLHRl8zxmKgQ0= | 13565.8 | 15.2312 | 14068.4 | 0.760826 | -0.648956 | 0 | CZ527 | 1
SCRIPT       : DATA_LOG | 1219706 | aRapBi1cCZPZAGLIDny3dk3hQ8vTmNTLHRl8zxmKgQ0= | 13565.8 | 15.2312 | 14068.4 | 0.760826 | -0.648956 | 0 | CZ527 | 1
SCRIPT       : DATA_LOG | 1220698 | aRapBi1cCZPZAGLIDny3dk3hQ8vTmNTLHRl8zxmKgQ0= | 13565.8 | 15.2312 | 14068.4 | 0.760826 | -0.648956 | 0 | CZ527 | 1
SCRIPT       : DATA_LOG | 1221699 | aRapBi1cCZPZAGLIDny3dk3hQ8vTmNTLHRl8zxmKgQ0= | 13565.8 | 15.2312 | 14068.4 | 0.760826 | -0.648956 | 0 | CZ527 | 1
SCRIPT       : DATA_LOG | 1222700 | aRapBi1cCZPZAGLIDny3dk3hQ8vTmNTLHRl8zxmKgQ0= | 13565.8 | 15.2312 | 14068.4 | 0.760826 | -0.648956 | 0 | CZ527 | 1
SCRIPT       : DATA_LOG | 1223701 | aRapBi1cCZPZAGLIDny3dk3hQ8vTmNTLHRl8zxmKgQ0= | 13565.8 | 15.2312 | 14068.4 | 0.760826 | -0.648956 | 0 | CZ527 | 1
SCRIPT       : DATA_LOG | 1224704 | aRapBi1cCZPZAGLIDny3dk3hQ8vTmNTLHRl8zxmKgQ0= | 13565.8 | 15.2312 | 14068.4 | 0.760826 | -0.648956 | 0 | CZ527 | 1
SCRIPT       : DATA_LOG | 1225703 | aRapBi1cCZPZAGLIDny3dk3hQ8vTmNTLHRl8zxmKgQ0= | 13565.8 | 15.2312 | 14068.4 | 0.760826 | -0.648956 | 0 | CZ527 | 1
SCRIPT       : DATA_LOG | 1226704 | aRapBi1cCZPZAGLIDny3dk3hQ8vTmNTLHRl8zxmKgQ0= | 13565.8 | 15.2312 | 14068.4 | 0.760826 | -0.648956 | 0 | CZ527 | 1
SCRIPT       : DATA_LOG | 1227706 | aRapBi1cCZPZAGLIDny3dk3hQ8vTmNTLHRl8zxmKgQ0= | 13565.8 | 15.2312 | 14068.4 | 0.760826 | -0.648956 | 0 | CZ527 | 1
SCRIPT       : DATA_LOG | 1228706 | aRapBi1cCZPZAGLIDny3dk3hQ8vTmNTLHRl8zxmKgQ0= | 13565.8 | 15.2312 | 14068.4 | 0.760826 | -0.648956 | 0 | CZ527 | 1
SCRIPT       : DATA_LOG | 1229711 | aRapBi1cCZPZAGLIDny3dk3hQ8vTmNTLHRl8zxmKgQ0= | 13565.8 | 15.2312 | 14068.4 | 0.760826 | -0.648956 | 0 | CZ527 | 1
SCRIPT       : DATA_LOG | 1230710 | aRapBi1cCZPZAGLIDny3dk3hQ8vTmNTLHRl8zxmKgQ0= | 13565.8 | 15.2312 | 14068.4 | 0.760826 | -0.648956 | 0 | CZ527 | 1
SCRIPT       : DATA_LOG | 1231710 | aRapBi1cCZPZAGLIDny3dk3hQ8vTmNTLHRl8zxmKgQ0= | 13565.8 | 15.2312 | 14068.4 | 0.760826 | -0.648956 | 0 | CZ527 | 1
SCRIPT       : DATA_LOG | 1232715 | aRapBi1cCZPZAGLIDny3dk3hQ8vTmNTLHRl8zxmKgQ0= | 13565.8 | 15.2312 | 14068.4 | 0.760826 | -0.648956 | 0 | CZ527 | 1
SCRIPT       : DATA_LOG | 1233713 | aRapBi1cCZPZAGLIDny3dk3hQ8vTmNTLHRl8zxmKgQ0= | 13565.8 | 15.2312 | 14068.4 | 0.760826 | -0.648956 | 0 | CZ527 | 1
SCRIPT       : DATA_LOG | 1234715 | aRapBi1cCZPZAGLIDny3dk3hQ8vTmNTLHRl8zxmKgQ0= | 13565.8 | 15.2312 | 14068.4 | 0.760826 | -0.648956 | 0 | CZ527 | 1
SCRIPT       : DATA_LOG | 1235717 | aRapBi1cCZPZAGLIDny3dk3hQ8vTmNTLHRl8zxmKgQ0= | 13565.8 | 15.2312 | 14068.4 | 0.760826 | -0.648956 | 0 | CZ527 | 1
SCRIPT       : DATA_LOG | 1236716 | aRapBi1cCZPZAGLIDny3dk3hQ8vTmNTLHRl8zxmKgQ0= | 13565.8 | 15.2312 | 14068.4 | 0.760826 | -0.648956 | 0 | CZ527 | 1
SCRIPT       : DATA_LOG | 1237723 | aRapBi1cCZPZAGLIDny3dk3hQ8vTmNTLHRl8zxmKgQ0= | 13565.8 | 15.2312 | 14068.4 | 0.760826 | -0.648956 | 0 | CZ527 | 1
SCRIPT       : DATA_LOG | 1238724 | aRapBi1cCZPZAGLIDny3dk3hQ8vTmNTLHRl8zxmKgQ0= | 13565.8 | 15.2312 | 14068.4 | 0.760826 | -0.648956 | 0 | CZ527 | 1
SCRIPT       : DATA_LOG | 1239722 | aRapBi1cCZPZAGLIDny3dk3hQ8vTmNTLHRl8zxmKgQ0= | 13565.8 | 15.2312 | 14068.4 | 0.760826 | -0.648956 | 0 | CZ527 | 1
SCRIPT       : DATA_LOG | 1240719 | aRapBi1cCZPZAGLIDny3dk3hQ8vTmNTLHRl8zxmKgQ0= | 13565.8 | 15.2312 | 14068.4 | 0.760826 | -0.648956 | 0 | CZ527 | 1
SCRIPT       : DATA_LOG | 1241722 | aRapBi1cCZPZAGLIDny3dk3hQ8vTmNTLHRl8zxmKgQ0= | 13565.8 | 15.2312 | 14068.4 | 0.760826 | -0.648956 | 0 | CZ527 | 1
SCRIPT       : DATA_LOG | 1242723 | aRapBi1cCZPZAGLIDny3dk3hQ8vTmNTLHRl8zxmKgQ0= | 13565.8 | 15.2312 | 14068.4 | 0.760826 | -0.648956 | 0 | CZ527 | 1
SCRIPT       : DATA_LOG | 1243724 | aRapBi1cCZPZAGLIDny3dk3hQ8vTmNTLHRl8zxmKgQ0= | 13565.8 | 15.2312 | 14068.4 | 0.760826 | -0.648956 | 0 | CZ527 | 1
SCRIPT       : DATA_LOG | 1244725 | aRapBi1cCZPZAGLIDny3dk3hQ8vTmNTLHRl8zxmKgQ0= | 13565.8 | 15.2312 | 14068.4 | 0.760826 | -0.648956 | 0 | CZ527 | 1
SCRIPT       : DATA_LOG | 1245728 | aRapBi1cCZPZAGLIDny3dk3hQ8vTmNTLHRl8zxmKgQ0= | 13565.8 | 15.2312 | 14068.4 | 0.760826 | -0.648956 | 0 | CZ527 | 1
SCRIPT       : DATA_LOG | 1246727 | aRapBi1cCZPZAGLIDny3dk3hQ8vTmNTLHRl8zxmKgQ0= | 13565.8 | 15.2312 | 14068.4 | 0.760826 | -0.648956 | 0 | CZ527 | 1
SCRIPT       : DATA_LOG | 1247732 | aRapBi1cCZPZAGLIDny3dk3hQ8vTmNTLHRl8zxmKgQ0= | 13565.8 | 15.2312 | 14068.4 | 0.760826 | -0.648956 | 0 | CZ527 | 1
SCRIPT       : DATA_LOG | 1248728 | aRapBi1cCZPZAGLIDny3dk3hQ8vTmNTLHRl8zxmKgQ0= | 13565.8 | 15.2312 | 14068.4 | 0.760826 | -0.648956 | 0 | CZ527 | 1
SCRIPT       : DATA_LOG | 1249734 | aRapBi1cCZPZAGLIDny3dk3hQ8vTmNTLHRl8zxmKgQ0= | 13565.8 | 15.2312 | 14068.4 | 0.760826 | -0.648956 | 0 | CZ527 | 1
SCRIPT       : DATA_LOG | 1250731 | aRapBi1cCZPZAGLIDny3dk3hQ8vTmNTLHRl8zxmKgQ0= | 13565.8 | 15.2312 | 14068.4 | 0.760826 | -0.648956 | 0 | CZ527 | 1
SCRIPT       : DATA_LOG | 1251734 | aRapBi1cCZPZAGLIDny3dk3hQ8vTmNTLHRl8zxmKgQ0= | 13565.8 | 15.2312 | 14068.4 | 0.760826 | -0.648956 | 0 | CZ527 | 1
SCRIPT       : DATA_LOG | 1252734 | aRapBi1cCZPZAGLIDny3dk3hQ8vTmNTLHRl8zxmKgQ0= | 13565.8 | 15.2312 | 14068.4 | 0.760826 | -0.648956 | 0 | CZ527 | 1
SCRIPT       : DATA_LOG | 1253736 | aRapBi1cCZPZAGLIDny3dk3hQ8vTmNTLHRl8zxmKgQ0= | 13565.8 | 15.2312 | 14068.4 | 0.760826 | -0.648956 | 0 | CZ527 | 1
SCRIPT       : DATA_LOG | 1254752 | aRapBi1cCZPZAGLIDny3dk3hQ8vTmNTLHRl8zxmKgQ0= | 13565.8 | 15.2312 | 14068.4 | 0.760826 | -0.648956 | 0 | CZ527 | 1
SCRIPT       : DATA_LOG | 1255737 | aRapBi1cCZPZAGLIDny3dk3hQ8vTmNTLHRl8zxmKgQ0= | 13565.8 | 15.2312 | 14068.4 | 0.760826 | -0.648956 | 0 | CZ527 | 1
SCRIPT       : DATA_LOG | 1256737 | aRapBi1cCZPZAGLIDny3dk3hQ8vTmNTLHRl8zxmKgQ0= | 13565.8 | 15.2312 | 14068.4 | 0.760826 | -0.648956 | 0 | CZ527 | 1
SCRIPT       : DATA_LOG | 1257740 | aRapBi1cCZPZAGLIDny3dk3hQ8vTmNTLHRl8zxmKgQ0= | 13565.8 | 15.2312 | 14068.4 | 0.760826 | -0.648956 | 0 | CZ527 | 1
SCRIPT       : DATA_LOG | 1258738 | aRapBi1cCZPZAGLIDny3dk3hQ8vTmNTLHRl8zxmKgQ0= | 13565.8 | 15.2312 | 14068.4 | 0.760826 | -0.648956 | 0 | CZ527 | 1
SCRIPT       : DATA_LOG | 1259742 | aRapBi1cCZPZAGLIDny3dk3hQ8vTmNTLHRl8zxmKgQ0= | 13565.8 | 15.2312 | 14068.4 | 0.760826 | -0.648956 | 0 | CZ527 | 1
SCRIPT       : DATA_LOG | 1260741 | aRapBi1cCZPZAGLIDny3dk3hQ8vTmNTLHRl8zxmKgQ0= | 13565.8 | 15.2312 | 14068.4 | 0.760826 | -0.648956 | 0 | CZ527 | 1
SCRIPT       : DATA_LOG | 1261742 | aRapBi1cCZPZAGLIDny3dk3hQ8vTmNTLHRl8zxmKgQ0= | 13565.8 | 15.2312 | 14068.4 | 0.760826 | -0.648956 | 0 | CZ527 | 1
SCRIPT       : DATA_LOG | 1262742 | aRapBi1cCZPZAGLIDny3dk3hQ8vTmNTLHRl8zxmKgQ0= | 13565.8 | 15.2312 | 14068.4 | 0.760826 | -0.648956 | 0 | CZ527 | 1
SCRIPT       : DATA_LOG | 1263744 | aRapBi1cCZPZAGLIDny3dk3hQ8vTmNTLHRl8zxmKgQ0= | 13565.8 | 15.2312 | 14068.4 | 0.760826 | -0.648956 | 0 | CZ527 | 1
SCRIPT       : DATA_LOG | 1264744 | aRapBi1cCZPZAGLIDny3dk3hQ8vTmNTLHRl8zxmKgQ0= | 13565.8 | 15.2312 | 14068.4 | 0.760826 | -0.648956 | 0 | CZ527 | 1
SCRIPT       : DATA_LOG | 1265754 | aRapBi1cCZPZAGLIDny3dk3hQ8vTmNTLHRl8zxmKgQ0= | 13565.8 | 15.2312 | 14068.4 | 0.760826 | -0.648956 | 0 | CZ527 | 1
SCRIPT       : DATA_LOG | 1266747 | aRapBi1cCZPZAGLIDny3dk3hQ8vTmNTLHRl8zxmKgQ0= | 13565.8 | 15.2312 | 14068.4 | 0.760826 | -0.648956 | 0 | CZ527 | 1
SCRIPT       : DATA_LOG | 1267747 | aRapBi1cCZPZAGLIDny3dk3hQ8vTmNTLHRl8zxmKgQ0= | 13565.8 | 15.2312 | 14068.4 | 0.760826 | -0.648956 | 0 | CZ527 | 1
SCRIPT       : DATA_LOG | 1268749 | aRapBi1cCZPZAGLIDny3dk3hQ8vTmNTLHRl8zxmKgQ0= | 13565.8 | 15.2312 | 14068.4 | 0.760826 | -0.648956 | 0 | CZ527 | 1
SCRIPT       : DATA_LOG | 1269750 | aRapBi1cCZPZAGLIDny3dk3hQ8vTmNTLHRl8zxmKgQ0= | 13565.8 | 15.2312 | 14068.4 | 0.760826 | -0.648956 | 0 | CZ527 | 1
SCRIPT       : DATA_LOG | 1270751 | aRapBi1cCZPZAGLIDny3dk3hQ8vTmNTLHRl8zxmKgQ0= | 13565.8 | 15.2312 | 14068.4 | 0.760826 | -0.648956 | 0 | CZ527 | 1
SCRIPT       : DATA_LOG | 1271751 | aRapBi1cCZPZAGLIDny3dk3hQ8vTmNTLHRl8zxmKgQ0= | 13565.8 | 15.2312 | 14068.4 | 0.760826 | -0.648956 | 0 | CZ527 | 1
SCRIPT       : DATA_LOG | 1272752 | aRapBi1cCZPZAGLIDny3dk3hQ8vTmNTLHRl8zxmKgQ0= | 13565.8 | 15.2312 | 14068.4 | 0.760826 | -0.648956 | 0 | CZ527 | 1
SCRIPT       : DATA_LOG | 1273756 | aRapBi1cCZPZAGLIDny3dk3hQ8vTmNTLHRl8zxmKgQ0= | 13565.8 | 15.2312 | 14068.4 | 0.760826 | -0.648956 | 0 | CZ527 | 1
SCRIPT       : DATA_LOG | 1274764 | aRapBi1cCZPZAGLIDny3dk3hQ8vTmNTLHRl8zxmKgQ0= | 13565.8 | 15.2312 | 14068.4 | 0.760826 | -0.648956 | 0 | CZ527 | 1
SCRIPT       : DATA_LOG | 1275771 | aRapBi1cCZPZAGLIDny3dk3hQ8vTmNTLHRl8zxmKgQ0= | 13565.8 | 15.2312 | 14068.4 | 0.760826 | -0.648956 | 0 | CZ527 | 1
SCRIPT       : DATA_LOG | 1276756 | aRapBi1cCZPZAGLIDny3dk3hQ8vTmNTLHRl8zxmKgQ0= | 13565.8 | 15.2312 | 14068.4 | 0.760826 | -0.648956 | 0 | CZ527 | 1
SCRIPT       : DATA_LOG | 1277759 | aRapBi1cCZPZAGLIDny3dk3hQ8vTmNTLHRl8zxmKgQ0= | 13565.8 | 15.2312 | 14068.4 | 0.760826 | -0.648956 | 0 | CZ527 | 1
SCRIPT       : DATA_LOG | 1278757 | aRapBi1cCZPZAGLIDny3dk3hQ8vTmNTLHRl8zxmKgQ0= | 13565.8 | 15.2312 | 14068.4 | 0.760826 | -0.648956 | 0 | CZ527 | 1
SCRIPT       : DATA_LOG | 1279760 | aRapBi1cCZPZAGLIDny3dk3hQ8vTmNTLHRl8zxmKgQ0= | 13565.8 | 15.2312 | 14068.4 | 0.760826 | -0.648956 | 0 | CZ527 | 1
SCRIPT       : DATA_LOG | 1280760 | aRapBi1cCZPZAGLIDny3dk3hQ8vTmNTLHRl8zxmKgQ0= | 13565.8 | 15.2312 | 14068.4 | 0.760826 | -0.648956 | 0 | CZ527 | 1
SCRIPT       : DATA_LOG | 1281761 | aRapBi1cCZPZAGLIDny3dk3hQ8vTmNTLHRl8zxmKgQ0= | 13565.8 | 15.2312 | 14068.4 | 0.760826 | -0.648956 | 0 | CZ527 | 1
SCRIPT       : DATA_LOG | 1282761 | aRapBi1cCZPZAGLIDny3dk3hQ8vTmNTLHRl8zxmKgQ0= | 13565.8 | 15.2312 | 14068.4 | 0.760826 | -0.648956 | 0 | CZ527 | 1
SCRIPT       : DATA_LOG | 1283763 | aRapBi1cCZPZAGLIDny3dk3hQ8vTmNTLHRl8zxmKgQ0= | 13565.8 | 15.2312 | 14068.4 | 0.760826 | -0.648956 | 0 | CZ527 | 1
SCRIPT       : DATA_LOG | 1284764 | aRapBi1cCZPZAGLIDny3dk3hQ8vTmNTLHRl8zxmKgQ0= | 13565.8 | 15.2312 | 14068.4 | 0.760826 | -0.648956 | 0 | CZ527 | 1
SCRIPT       : DATA_LOG | 1285766 | aRapBi1cCZPZAGLIDny3dk3hQ8vTmNTLHRl8zxmKgQ0= | 13565.8 | 15.2312 | 14068.4 | 0.760826 | -0.648956 | 0 | CZ527 | 1
SCRIPT       : DATA_LOG | 1286766 | aRapBi1cCZPZAGLIDny3dk3hQ8vTmNTLHRl8zxmKgQ0= | 13565.8 | 15.2312 | 14068.4 | 0.760826 | -0.648956 | 0 | CZ527 | 1
SCRIPT       : DATA_LOG | 1287767 | aRapBi1cCZPZAGLIDny3dk3hQ8vTmNTLHRl8zxmKgQ0= | 13565.8 | 15.2312 | 14068.4 | 0.760826 | -0.648956 | 0 | CZ527 | 1
SCRIPT       : DATA_LOG | 1288768 | aRapBi1cCZPZAGLIDny3dk3hQ8vTmNTLHRl8zxmKgQ0= | 13565.8 | 15.2312 | 14068.4 | 0.760826 | -0.648956 | 0 | CZ527 | 1
SCRIPT       : DATA_LOG | 1289773 | aRapBi1cCZPZAGLIDny3dk3hQ8vTmNTLHRl8zxmKgQ0= | 13565.8 | 15.2312 | 14068.4 | 0.760826 | -0.648956 | 0 | CZ527 | 1
SCRIPT       : DATA_LOG | 1290770 | aRapBi1cCZPZAGLIDny3dk3hQ8vTmNTLHRl8zxmKgQ0= | 13565.8 | 15.2312 | 14068.4 | 0.760826 | -0.648956 | 0 | CZ527 | 1
SCRIPT       : DATA_LOG | 1291772 | aRapBi1cCZPZAGLIDny3dk3hQ8vTmNTLHRl8zxmKgQ0= | 13565.8 | 15.2312 | 14068.4 | 0.760826 | -0.648956 | 0 | CZ527 | 1
SCRIPT       : DATA_LOG | 1292772 | aRapBi1cCZPZAGLIDny3dk3hQ8vTmNTLHRl8zxmKgQ0= | 13565.8 | 15.2312 | 14068.4 | 0.760826 | -0.648956 | 0 | CZ527 | 1
SCRIPT       : DATA_LOG | 1293774 | aRapBi1cCZPZAGLIDny3dk3hQ8vTmNTLHRl8zxmKgQ0= | 13565.8 | 15.2312 | 14068.4 | 0.760826 | -0.648956 | 0 | CZ527 | 1
SCRIPT       : DATA_LOG | 1294777 | aRapBi1cCZPZAGLIDny3dk3hQ8vTmNTLHRl8zxmKgQ0= | 13565.8 | 15.2312 | 14068.4 | 0.760826 | -0.648956 | 0 | CZ527 | 1
SCRIPT       : DATA_LOG | 1295777 | aRapBi1cCZPZAGLIDny3dk3hQ8vTmNTLHRl8zxmKgQ0= | 13565.8 | 15.2312 | 14068.4 | 0.760826 | -0.648956 | 0 | CZ527 | 1
SCRIPT       : DATA_LOG | 1296778 | aRapBi1cCZPZAGLIDny3dk3hQ8vTmNTLHRl8zxmKgQ0= | 13565.8 | 15.2312 | 14068.4 | 0.760826 | -0.648956 | 0 | CZ527 | 1
SCRIPT       : DATA_LOG | 1297786 | aRapBi1cCZPZAGLIDny3dk3hQ8vTmNTLHRl8zxmKgQ0= | 13565.8 | 15.2312 | 14068.4 | 0.760826 | -0.648956 | 0 | CZ527 | 1
SCRIPT       : DATA_LOG | 1298787 | aRapBi1cCZPZAGLIDny3dk3hQ8vTmNTLHRl8zxmKgQ0= | 13565.8 | 15.2312 | 14068.4 | 0.760826 | -0.648956 | 0 | CZ527 | 1
SCRIPT       : DATA_LOG | 1299846 | aRapBi1cCZPZAGLIDny3dk3hQ8vTmNTLHRl8zxmKgQ0= | 13565.8 | 15.2312 | 14068.4 | 0.760826 | -0.648956 | 0 | CZ527 | 1
SCRIPT       : DATA_LOG | 1300851 | aRapBi1cCZPZAGLIDny3dk3hQ8vTmNTLHRl8zxmKgQ0= | 13565.8 | 15.2312 | 14068.4 | 0.760826 | -0.648956 | 0 | CZ527 | 1
SCRIPT       : DATA_LOG | 1301840 | aRapBi1cCZPZAGLIDny3dk3hQ8vTmNTLHRl8zxmKgQ0= | 13565.8 | 15.2312 | 14068.4 | 0.760826 | -0.648956 | 0 | CZ527 | 1
SCRIPT       : DATA_LOG | 1302841 | aRapBi1cCZPZAGLIDny3dk3hQ8vTmNTLHRl8zxmKgQ0= | 13565.8 | 15.2312 | 14068.4 | 0.760826 | -0.648956 | 0 | CZ527 | 1
SCRIPT       : DATA_LOG | 1303841 | aRapBi1cCZPZAGLIDny3dk3hQ8vTmNTLHRl8zxmKgQ0= | 13565.8 | 15.2312 | 14068.4 | 0.760826 | -0.648956 | 0 | CZ527 | 1
SCRIPT       : DATA_LOG | 1304847 | aRapBi1cCZPZAGLIDny3dk3hQ8vTmNTLHRl8zxmKgQ0= | 13565.8 | 15.2312 | 14068.4 | 0.760826 | -0.648956 | 0 | CZ527 | 1
SCRIPT       : DATA_LOG | 1305846 | aRapBi1cCZPZAGLIDny3dk3hQ8vTmNTLHRl8zxmKgQ0= | 13565.8 | 15.2312 | 14068.4 | 0.760826 | -0.648956 | 0 | CZ527 | 1
SCRIPT       : DATA_LOG | 1306848 | aRapBi1cCZPZAGLIDny3dk3hQ8vTmNTLHRl8zxmKgQ0= | 13565.8 | 15.2312 | 14068.4 | 0.760826 | -0.648956 | 0 | CZ527 | 1
SCRIPT       : DATA_LOG | 1307850 | aRapBi1cCZPZAGLIDny3dk3hQ8vTmNTLHRl8zxmKgQ0= | 13565.8 | 15.2312 | 14068.4 | 0.760826 | -0.648956 | 0 | CZ527 | 1
SCRIPT       : DATA_LOG | 1308850 | aRapBi1cCZPZAGLIDny3dk3hQ8vTmNTLHRl8zxmKgQ0= | 13565.8 | 15.2312 | 14068.4 | 0.760826 | -0.648956 | 0 | CZ527 | 1
SCRIPT       : DATA_LOG | 1309852 | aRapBi1cCZPZAGLIDny3dk3hQ8vTmNTLHRl8zxmKgQ0= | 13565.8 | 15.2312 | 14068.4 | 0.760826 | -0.648956 | 0 | CZ527 | 1
SCRIPT       : DATA_LOG | 1310853 | aRapBi1cCZPZAGLIDny3dk3hQ8vTmNTLHRl8zxmKgQ0= | 13565.8 | 15.2312 | 14068.4 | 0.760826 | -0.648956 | 0 | CZ527 | 1
SCRIPT       : DATA_LOG | 1311859 | aRapBi1cCZPZAGLIDny3dk3hQ8vTmNTLHRl8zxmKgQ0= | 13565.8 | 15.2312 | 14068.4 | 0.760826 | -0.648956 | 0 | CZ527 | 1
SCRIPT       : DATA_LOG | 1312855 | aRapBi1cCZPZAGLIDny3dk3hQ8vTmNTLHRl8zxmKgQ0= | 13565.8 | 15.2312 | 14068.4 | 0.760826 | -0.648956 | 0 | CZ527 | 1
SCRIPT       : DATA_LOG | 1313857 | aRapBi1cCZPZAGLIDny3dk3hQ8vTmNTLHRl8zxmKgQ0= | 13565.8 | 15.2312 | 14068.4 | 0.760826 | -0.648956 | 0 | CZ527 | 1
SCRIPT       : DATA_LOG | 1314857 | aRapBi1cCZPZAGLIDny3dk3hQ8vTmNTLHRl8zxmKgQ0= | 13565.8 | 15.2312 | 14068.4 | 0.760826 | -0.648956 | 0 | CZ527 | 1
SCRIPT       : DATA_LOG | 1315858 | aRapBi1cCZPZAGLIDny3dk3hQ8vTmNTLHRl8zxmKgQ0= | 13565.8 | 15.2312 | 14068.4 | 0.760826 | -0.648956 | 0 | CZ527 | 1
SCRIPT       : DATA_LOG | 1316859 | aRapBi1cCZPZAGLIDny3dk3hQ8vTmNTLHRl8zxmKgQ0= | 13565.8 | 15.2312 | 14068.4 | 0.760826 | -0.648956 | 0 | CZ527 | 1
SCRIPT       : DATA_LOG | 1317861 | aRapBi1cCZPZAGLIDny3dk3hQ8vTmNTLHRl8zxmKgQ0= | 13565.8 | 15.2312 | 14068.4 | 0.760826 | -0.648956 | 0 | CZ527 | 1
SCRIPT       : DATA_LOG | 1318861 | aRapBi1cCZPZAGLIDny3dk3hQ8vTmNTLHRl8zxmKgQ0= | 13565.8 | 15.2312 | 14068.4 | 0.760826 | -0.648956 | 0 | CZ527 | 1
SCRIPT       : DATA_LOG | 1319861 | aRapBi1cCZPZAGLIDny3dk3hQ8vTmNTLHRl8zxmKgQ0= | 13565.8 | 15.2312 | 14068.4 | 0.760826 | -0.648956 | 0 | CZ527 | 1
SCRIPT       : DATA_LOG | 1320872 | aRapBi1cCZPZAGLIDny3dk3hQ8vTmNTLHRl8zxmKgQ0= | 13565.8 | 15.2312 | 14068.4 | 0.760826 | -0.648956 | 0 | CZ527 | 1
SCRIPT       : DATA_LOG | 1321874 | aRapBi1cCZPZAGLIDny3dk3hQ8vTmNTLHRl8zxmKgQ0= | 13565.8 | 15.2312 | 14068.4 | 0.760826 | -0.648956 | 0 | CZ527 | 1
SCRIPT       : DATA_LOG | 1322878 | aRapBi1cCZPZAGLIDny3dk3hQ8vTmNTLHRl8zxmKgQ0= | 13565.8 | 15.2312 | 14068.4 | 0.760826 | -0.648956 | 0 | CZ527 | 1
SCRIPT       : DATA_LOG | 1323878 | aRapBi1cCZPZAGLIDny3dk3hQ8vTmNTLHRl8zxmKgQ0= | 13565.8 | 15.2312 | 14068.4 | 0.760826 | -0.648956 | 0 | CZ527 | 1
SCRIPT       : DATA_LOG | 1324879 | aRapBi1cCZPZAGLIDny3dk3hQ8vTmNTLHRl8zxmKgQ0= | 13565.8 | 15.2312 | 14068.4 | 0.760826 | -0.648956 | 0 | CZ527 | 1
SCRIPT       : DATA_LOG | 1325880 | aRapBi1cCZPZAGLIDny3dk3hQ8vTmNTLHRl8zxmKgQ0= | 13565.8 | 15.2312 | 14068.4 | 0.760826 | -0.648956 | 0 | CZ527 | 1
SCRIPT       : DATA_LOG | 1326881 | aRapBi1cCZPZAGLIDny3dk3hQ8vTmNTLHRl8zxmKgQ0= | 13565.8 | 15.2312 | 14068.4 | 0.760826 | -0.648956 | 0 | CZ527 | 1
SCRIPT       : DATA_LOG | 1327884 | aRapBi1cCZPZAGLIDny3dk3hQ8vTmNTLHRl8zxmKgQ0= | 13565.8 | 15.2312 | 14068.4 | 0.760826 | -0.648956 | 0 | CZ527 | 1
SCRIPT       : DATA_LOG | 1328883 | aRapBi1cCZPZAGLIDny3dk3hQ8vTmNTLHRl8zxmKgQ0= | 13565.8 | 15.2312 | 14068.4 | 0.760826 | -0.648956 | 0 | CZ527 | 1
SCRIPT       : DATA_LOG | 1329891 | aRapBi1cCZPZAGLIDny3dk3hQ8vTmNTLHRl8zxmKgQ0= | 13565.8 | 15.2312 | 14068.4 | 0.760826 | -0.648956 | 0 | CZ527 | 1
SCRIPT       : DATA_LOG | 1330886 | aRapBi1cCZPZAGLIDny3dk3hQ8vTmNTLHRl8zxmKgQ0= | 13565.8 | 15.2312 | 14068.4 | 0.760826 | -0.648956 | 0 | CZ527 | 1
SCRIPT       : DATA_LOG | 1331887 | aRapBi1cCZPZAGLIDny3dk3hQ8vTmNTLHRl8zxmKgQ0= | 13565.8 | 15.2312 | 14068.4 | 0.760826 | -0.648956 | 0 | CZ527 | 1
SCRIPT       : DATA_LOG | 1332887 | aRapBi1cCZPZAGLIDny3dk3hQ8vTmNTLHRl8zxmKgQ0= | 13565.8 | 15.2312 | 14068.4 | 0.760826 | -0.648956 | 0 | CZ527 | 1
SCRIPT       : DATA_LOG | 1333888 | aRapBi1cCZPZAGLIDny3dk3hQ8vTmNTLHRl8zxmKgQ0= | 13565.8 | 15.2312 | 14068.4 | 0.760826 | -0.648956 | 0 | CZ527 | 1
SCRIPT       : DATA_LOG | 1334889 | aRapBi1cCZPZAGLIDny3dk3hQ8vTmNTLHRl8zxmKgQ0= | 13565.8 | 15.2312 | 14068.4 | 0.760826 | -0.648956 | 0 | CZ527 | 1
SCRIPT       : DATA_LOG | 1335891 | aRapBi1cCZPZAGLIDny3dk3hQ8vTmNTLHRl8zxmKgQ0= | 13565.8 | 15.2312 | 14068.4 | 0.760826 | -0.648956 | 0 | CZ527 | 1
SCRIPT       : DATA_LOG | 1336891 | aRapBi1cCZPZAGLIDny3dk3hQ8vTmNTLHRl8zxmKgQ0= | 13565.8 | 15.2312 | 14068.4 | 0.760826 | -0.648956 | 0 | CZ527 | 1
SCRIPT       : DATA_LOG | 1337892 | aRapBi1cCZPZAGLIDny3dk3hQ8vTmNTLHRl8zxmKgQ0= | 13565.8 | 15.2312 | 14068.4 | 0.760826 | -0.648956 | 0 | CZ527 | 1
SCRIPT       : DATA_LOG | 1338893 | aRapBi1cCZPZAGLIDny3dk3hQ8vTmNTLHRl8zxmKgQ0= | 13565.8 | 15.2312 | 14068.4 | 0.760826 | -0.648956 | 0 | CZ527 | 1
SCRIPT       : DATA_LOG | 1339894 | aRapBi1cCZPZAGLIDny3dk3hQ8vTmNTLHRl8zxmKgQ0= | 13565.8 | 15.2312 | 14068.4 | 0.760826 | -0.648956 | 0 | CZ527 | 1
SCRIPT       : DATA_LOG | 1340903 | aRapBi1cCZPZAGLIDny3dk3hQ8vTmNTLHRl8zxmKgQ0= | 13565.8 | 15.2312 | 14068.4 | 0.760826 | -0.648956 | 0 | CZ527 | 1
SCRIPT       : DATA_LOG | 1341896 | aRapBi1cCZPZAGLIDny3dk3hQ8vTmNTLHRl8zxmKgQ0= | 13565.8 | 15.2312 | 14068.4 | 0.760826 | -0.648956 | 0 | CZ527 | 1
SCRIPT       : DATA_LOG | 1342905 | aRapBi1cCZPZAGLIDny3dk3hQ8vTmNTLHRl8zxmKgQ0= | 13565.8 | 15.2312 | 14068.4 | 0.760826 | -0.648956 | 0 | CZ527 | 1
SCRIPT       : DATA_LOG | 1343904 | aRapBi1cCZPZAGLIDny3dk3hQ8vTmNTLHRl8zxmKgQ0= | 13565.8 | 15.2312 | 14068.4 | 0.760826 | -0.648956 | 0 | CZ527 | 1
SCRIPT       : DATA_LOG | 1344901 | aRapBi1cCZPZAGLIDny3dk3hQ8vTmNTLHRl8zxmKgQ0= | 13565.8 | 15.2312 | 14068.4 | 0.760826 | -0.648956 | 0 | CZ527 | 1
SCRIPT       : DATA_LOG | 1345901 | aRapBi1cCZPZAGLIDny3dk3hQ8vTmNTLHRl8zxmKgQ0= | 13565.8 | 15.2312 | 14068.4 | 0.760826 | -0.648956 | 0 | CZ527 | 1
SCRIPT       : DATA_LOG | 1346904 | aRapBi1cCZPZAGLIDny3dk3hQ8vTmNTLHRl8zxmKgQ0= | 13565.8 | 15.2312 | 14068.4 | 0.760826 | -0.648956 | 0 | CZ527 | 1
SCRIPT       : DATA_LOG | 1347901 | aRapBi1cCZPZAGLIDny3dk3hQ8vTmNTLHRl8zxmKgQ0= | 13565.8 | 15.2312 | 14068.4 | 0.760826 | -0.648956 | 0 | CZ527 | 1
SCRIPT       : DATA_LOG | 1348905 | aRapBi1cCZPZAGLIDny3dk3hQ8vTmNTLHRl8zxmKgQ0= | 13565.8 | 15.2312 | 14068.4 | 0.760826 | -0.648956 | 0 | CZ527 | 1
SCRIPT       : DATA_LOG | 1349905 | aRapBi1cCZPZAGLIDny3dk3hQ8vTmNTLHRl8zxmKgQ0= | 13565.8 | 15.2312 | 14068.4 | 0.760826 | -0.648956 | 0 | CZ527 | 1
SCRIPT       : DATA_LOG | 1350907 | aRapBi1cCZPZAGLIDny3dk3hQ8vTmNTLHRl8zxmKgQ0= | 13565.8 | 15.2312 | 14068.4 | 0.760826 | -0.648956 | 0 | CZ527 | 1
SCRIPT       : DATA_LOG | 1351907 | aRapBi1cCZPZAGLIDny3dk3hQ8vTmNTLHRl8zxmKgQ0= | 13565.8 | 15.2312 | 14068.4 | 0.760826 | -0.648956 | 0 | CZ527 | 1
SCRIPT       : DATA_LOG | 1352909 | aRapBi1cCZPZAGLIDny3dk3hQ8vTmNTLHRl8zxmKgQ0= | 13565.8 | 15.2312 | 14068.4 | 0.760826 | -0.648956 | 0 | CZ527 | 1
SCRIPT       : DATA_LOG | 1353909 | aRapBi1cCZPZAGLIDny3dk3hQ8vTmNTLHRl8zxmKgQ0= | 13565.8 | 15.2312 | 14068.4 | 0.760826 | -0.648956 | 0 | CZ527 | 1
SCRIPT       : DATA_LOG | 1354911 | aRapBi1cCZPZAGLIDny3dk3hQ8vTmNTLHRl8zxmKgQ0= | 13565.8 | 15.2312 | 14068.4 | 0.760826 | -0.648956 | 0 | CZ527 | 1
SCRIPT       : DATA_LOG | 1355913 | aRapBi1cCZPZAGLIDny3dk3hQ8vTmNTLHRl8zxmKgQ0= | 13565.8 | 15.2312 | 14068.4 | 0.760826 | -0.648956 | 0 | CZ527 | 1
SCRIPT       : DATA_LOG | 1356913 | aRapBi1cCZPZAGLIDny3dk3hQ8vTmNTLHRl8zxmKgQ0= | 13565.8 | 15.2312 | 14068.4 | 0.760826 | -0.648956 | 0 | CZ527 | 1
SCRIPT       : DATA_LOG | 1357915 | aRapBi1cCZPZAGLIDny3dk3hQ8vTmNTLHRl8zxmKgQ0= | 13565.8 | 15.2312 | 14068.4 | 0.760826 | -0.648956 | 0 | CZ527 | 1
SCRIPT       : DATA_LOG | 1358917 | aRapBi1cCZPZAGLIDny3dk3hQ8vTmNTLHRl8zxmKgQ0= | 13565.8 | 15.2312 | 14068.4 | 0.760826 | -0.648956 | 0 | CZ527 | 1
SCRIPT       : DATA_LOG | 1359918 | aRapBi1cCZPZAGLIDny3dk3hQ8vTmNTLHRl8zxmKgQ0= | 13565.8 | 15.2312 | 14068.4 | 0.760826 | -0.648956 | 0 | CZ527 | 1
SCRIPT       : DATA_LOG | 1360923 | aRapBi1cCZPZAGLIDny3dk3hQ8vTmNTLHRl8zxmKgQ0= | 13565.8 | 15.2312 | 14068.4 | 0.760826 | -0.648956 | 0 | CZ527 | 1
SCRIPT       : DATA_LOG | 1361919 | aRapBi1cCZPZAGLIDny3dk3hQ8vTmNTLHRl8zxmKgQ0= | 13565.8 | 15.2312 | 14068.4 | 0.760826 | -0.648956 | 0 | CZ527 | 1
SCRIPT       : DATA_LOG | 1362921 | aRapBi1cCZPZAGLIDny3dk3hQ8vTmNTLHRl8zxmKgQ0= | 13565.8 | 15.2312 | 14068.4 | 0.760826 | -0.648956 | 0 | CZ527 | 1
SCRIPT       : DATA_LOG | 1363921 | aRapBi1cCZPZAGLIDny3dk3hQ8vTmNTLHRl8zxmKgQ0= | 13565.8 | 15.2312 | 14068.4 | 0.760826 | -0.648956 | 0 | CZ527 | 1
SCRIPT       : DATA_LOG | 1364923 | aRapBi1cCZPZAGLIDny3dk3hQ8vTmNTLHRl8zxmKgQ0= | 13565.8 | 15.2312 | 14068.4 | 0.760826 | -0.648956 | 0 | CZ527 | 1
SCRIPT       : DATA_LOG | 1365923 | aRapBi1cCZPZAGLIDny3dk3hQ8vTmNTLHRl8zxmKgQ0= | 13565.8 | 15.2312 | 14068.4 | 0.760826 | -0.648956 | 0 | CZ527 | 1
SCRIPT       : DATA_LOG | 1366922 | aRapBi1cCZPZAGLIDny3dk3hQ8vTmNTLHRl8zxmKgQ0= | 13565.8 | 15.2312 | 14068.4 | 0.760826 | -0.648956 | 0 | CZ527 | 1
SCRIPT       : DATA_LOG | 1367922 | aRapBi1cCZPZAGLIDny3dk3hQ8vTmNTLHRl8zxmKgQ0= | 13565.8 | 15.2312 | 14068.4 | 0.760826 | -0.648956 | 0 | CZ527 | 1
SCRIPT       : DATA_LOG | 1368923 | aRapBi1cCZPZAGLIDny3dk3hQ8vTmNTLHRl8zxmKgQ0= | 13565.8 | 15.2312 | 14068.4 | 0.760826 | -0.648956 | 0 | CZ527 | 1
SCRIPT       : DATA_LOG | 1369925 | aRapBi1cCZPZAGLIDny3dk3hQ8vTmNTLHRl8zxmKgQ0= | 13565.8 | 15.2312 | 14068.4 | 0.760826 | -0.648956 | 0 | CZ527 | 1
SCRIPT       : DATA_LOG | 1370926 | aRapBi1cCZPZAGLIDny3dk3hQ8vTmNTLHRl8zxmKgQ0= | 13565.8 | 15.2312 | 14068.4 | 0.760826 | -0.648956 | 0 | CZ527 | 1
SCRIPT       : DATA_LOG | 1371927 | aRapBi1cCZPZAGLIDny3dk3hQ8vTmNTLHRl8zxmKgQ0= | 13565.8 | 15.2312 | 14068.4 | 0.760826 | -0.648956 | 0 | CZ527 | 1
SCRIPT       : DATA_LOG | 1372932 | aRapBi1cCZPZAGLIDny3dk3hQ8vTmNTLHRl8zxmKgQ0= | 13565.8 | 15.2312 | 14068.4 | 0.760826 | -0.648956 | 0 | CZ527 | 1
SCRIPT       : DATA_LOG | 1373929 | aRapBi1cCZPZAGLIDny3dk3hQ8vTmNTLHRl8zxmKgQ0= | 13565.8 | 15.2312 | 14068.4 | 0.760826 | -0.648956 | 0 | CZ527 | 1
SCRIPT       : DATA_LOG | 1374928 | aRapBi1cCZPZAGLIDny3dk3hQ8vTmNTLHRl8zxmKgQ0= | 13565.8 | 15.2312 | 14068.4 | 0.760826 | -0.648956 | 0 | CZ527 | 1
SCRIPT       : DATA_LOG | 1375937 | aRapBi1cCZPZAGLIDny3dk3hQ8vTmNTLHRl8zxmKgQ0= | 13565.8 | 15.2312 | 14068.4 | 0.760826 | -0.648956 | 0 | CZ527 | 1
SCRIPT       : DATA_LOG | 1376930 | aRapBi1cCZPZAGLIDny3dk3hQ8vTmNTLHRl8zxmKgQ0= | 13565.8 | 15.2312 | 14068.4 | 0.760826 | -0.648956 | 0 | CZ527 | 1
SCRIPT       : DATA_LOG | 1377931 | aRapBi1cCZPZAGLIDny3dk3hQ8vTmNTLHRl8zxmKgQ0= | 13565.8 | 15.2312 | 14068.4 | 0.760826 | -0.648956 | 0 | CZ527 | 1
SCRIPT       : DATA_LOG | 1378936 | aRapBi1cCZPZAGLIDny3dk3hQ8vTmNTLHRl8zxmKgQ0= | 13565.8 | 15.2312 | 14068.4 | 0.760826 | -0.648956 | 0 | CZ527 | 1
SCRIPT       : DATA_LOG | 1379933 | aRapBi1cCZPZAGLIDny3dk3hQ8vTmNTLHRl8zxmKgQ0= | 13565.8 | 15.2312 | 14068.4 | 0.760826 | -0.648956 | 0 | CZ527 | 1
SCRIPT       : DATA_LOG | 1380934 | aRapBi1cCZPZAGLIDny3dk3hQ8vTmNTLHRl8zxmKgQ0= | 13565.8 | 15.2312 | 14068.4 | 0.760826 | -0.648956 | 0 | CZ527 | 1
SCRIPT       : DATA_LOG | 1381941 | aRapBi1cCZPZAGLIDny3dk3hQ8vTmNTLHRl8zxmKgQ0= | 13565.8 | 15.2312 | 14068.4 | 0.760826 | -0.648956 | 0 | CZ527 | 1
SCRIPT       : DATA_LOG | 1382937 | aRapBi1cCZPZAGLIDny3dk3hQ8vTmNTLHRl8zxmKgQ0= | 13565.8 | 15.2312 | 14068.4 | 0.760826 | -0.648956 | 0 | CZ527 | 1
SCRIPT       : DATA_LOG | 1383938 | aRapBi1cCZPZAGLIDny3dk3hQ8vTmNTLHRl8zxmKgQ0= | 13565.8 | 15.2312 | 14068.4 | 0.760826 | -0.648956 | 0 | CZ527 | 1
SCRIPT       : DATA_LOG | 1384938 | aRapBi1cCZPZAGLIDny3dk3hQ8vTmNTLHRl8zxmKgQ0= | 13565.8 | 15.2312 | 14068.4 | 0.760826 | -0.648956 | 0 | CZ527 | 1
SCRIPT       : DATA_LOG | 1385945 | aRapBi1cCZPZAGLIDny3dk3hQ8vTmNTLHRl8zxmKgQ0= | 13565.8 | 15.2312 | 14068.4 | 0.760826 | -0.648956 | 0 | CZ527 | 1
SCRIPT       : DATA_LOG | 1386943 | aRapBi1cCZPZAGLIDny3dk3hQ8vTmNTLHRl8zxmKgQ0= | 13565.8 | 15.2312 | 14068.4 | 0.760826 | -0.648956 | 0 | CZ527 | 1
SCRIPT       : DATA_LOG | 1387944 | aRapBi1cCZPZAGLIDny3dk3hQ8vTmNTLHRl8zxmKgQ0= | 13565.8 | 15.2312 | 14068.4 | 0.760826 | -0.648956 | 0 | CZ527 | 1
SCRIPT       : DATA_LOG | 1388948 | aRapBi1cCZPZAGLIDny3dk3hQ8vTmNTLHRl8zxmKgQ0= | 13565.8 | 15.2312 | 14068.4 | 0.760826 | -0.648956 | 0 | CZ527 | 1
SCRIPT       : DATA_LOG | 1389943 | aRapBi1cCZPZAGLIDny3dk3hQ8vTmNTLHRl8zxmKgQ0= | 13565.8 | 15.2312 | 14068.4 | 0.760826 | -0.648956 | 0 | CZ527 | 1
SCRIPT       : DATA_LOG | 1390945 | aRapBi1cCZPZAGLIDny3dk3hQ8vTmNTLHRl8zxmKgQ0= | 13565.8 | 15.2312 | 14068.4 | 0.760826 | -0.648956 | 0 | CZ527 | 1
SCRIPT       : DATA_LOG | 1391946 | aRapBi1cCZPZAGLIDny3dk3hQ8vTmNTLHRl8zxmKgQ0= | 13565.8 | 15.2312 | 14068.4 | 0.760826 | -0.648956 | 0 | CZ527 | 1
SCRIPT       : DATA_LOG | 1392947 | aRapBi1cCZPZAGLIDny3dk3hQ8vTmNTLHRl8zxmKgQ0= | 13565.8 | 15.2312 | 14068.4 | 0.760826 | -0.648956 | 0 | CZ527 | 1
SCRIPT       : DATA_LOG | 1393955 | aRapBi1cCZPZAGLIDny3dk3hQ8vTmNTLHRl8zxmKgQ0= | 13565.8 | 15.2312 | 14068.4 | 0.760826 | -0.648956 | 0 | CZ527 | 1
SCRIPT       : DATA_LOG | 1394948 | aRapBi1cCZPZAGLIDny3dk3hQ8vTmNTLHRl8zxmKgQ0= | 13565.8 | 15.2312 | 14068.4 | 0.760826 | -0.648956 | 0 | CZ527 | 1
SCRIPT       : DATA_LOG | 1395949 | aRapBi1cCZPZAGLIDny3dk3hQ8vTmNTLHRl8zxmKgQ0= | 13565.8 | 15.2312 | 14068.4 | 0.760826 | -0.648956 | 0 | CZ527 | 1
SCRIPT       : DATA_LOG | 1396951 | aRapBi1cCZPZAGLIDny3dk3hQ8vTmNTLHRl8zxmKgQ0= | 13565.8 | 15.2312 | 14068.4 | 0.760826 | -0.648956 | 0 | CZ527 | 1
SCRIPT       : DATA_LOG | 1397956 | aRapBi1cCZPZAGLIDny3dk3hQ8vTmNTLHRl8zxmKgQ0= | 13565.8 | 15.2312 | 14068.4 | 0.760826 | -0.648956 | 0 | CZ527 | 1
SCRIPT       : DATA_LOG | 1398953 | aRapBi1cCZPZAGLIDny3dk3hQ8vTmNTLHRl8zxmKgQ0= | 13565.8 | 15.2312 | 14068.4 | 0.760826 | -0.648956 | 0 | CZ527 | 1
SCRIPT       : DATA_LOG | 1399953 | aRapBi1cCZPZAGLIDny3dk3hQ8vTmNTLHRl8zxmKgQ0= | 13565.8 | 15.2312 | 14068.4 | 0.760826 | -0.648956 | 0 | CZ527 | 1
SCRIPT       : DATA_LOG | 1400955 | aRapBi1cCZPZAGLIDny3dk3hQ8vTmNTLHRl8zxmKgQ0= | 13565.8 | 15.2312 | 14068.4 | 0.760826 | -0.648956 | 0 | CZ527 | 1
SCRIPT       : DATA_LOG | 1401956 | aRapBi1cCZPZAGLIDny3dk3hQ8vTmNTLHRl8zxmKgQ0= | 13565.8 | 15.2312 | 14068.4 | 0.760826 | -0.648956 | 0 | CZ527 | 1
SCRIPT       : DATA_LOG | 1402958 | aRapBi1cCZPZAGLIDny3dk3hQ8vTmNTLHRl8zxmKgQ0= | 13565.8 | 15.2312 | 14068.4 | 0.760826 | -0.648956 | 0 | CZ527 | 1
SCRIPT       : DATA_LOG | 1403958 | aRapBi1cCZPZAGLIDny3dk3hQ8vTmNTLHRl8zxmKgQ0= | 13565.8 | 15.2312 | 14068.4 | 0.760826 | -0.648956 | 0 | CZ527 | 1
SCRIPT       : DATA_LOG | 1404958 | aRapBi1cCZPZAGLIDny3dk3hQ8vTmNTLHRl8zxmKgQ0= | 13565.8 | 15.2312 | 14068.4 | 0.760826 | -0.648956 | 0 | CZ527 | 1
SCRIPT       : DATA_LOG | 1405960 | aRapBi1cCZPZAGLIDny3dk3hQ8vTmNTLHRl8zxmKgQ0= | 13565.8 | 15.2312 | 14068.4 | 0.760826 | -0.648956 | 0 | CZ527 | 1
SCRIPT       : DATA_LOG | 1406960 | aRapBi1cCZPZAGLIDny3dk3hQ8vTmNTLHRl8zxmKgQ0= | 13565.8 | 15.2312 | 14068.4 | 0.760826 | -0.648956 | 0 | CZ527 | 1
SCRIPT       : DATA_LOG | 1407962 | aRapBi1cCZPZAGLIDny3dk3hQ8vTmNTLHRl8zxmKgQ0= | 13565.8 | 15.2312 | 14068.4 | 0.760826 | -0.648956 | 0 | CZ527 | 1
SCRIPT       : DATA_LOG | 1408962 | aRapBi1cCZPZAGLIDny3dk3hQ8vTmNTLHRl8zxmKgQ0= | 13565.8 | 15.2312 | 14068.4 | 0.760826 | -0.648956 | 0 | CZ527 | 1
SCRIPT       : DATA_LOG | 1409968 | aRapBi1cCZPZAGLIDny3dk3hQ8vTmNTLHRl8zxmKgQ0= | 13565.8 | 15.2312 | 14068.4 | 0.760826 | -0.648956 | 0 | CZ527 | 1
SCRIPT       : DATA_LOG | 1410972 | aRapBi1cCZPZAGLIDny3dk3hQ8vTmNTLHRl8zxmKgQ0= | 13565.8 | 15.2312 | 14068.4 | 0.760826 | -0.648956 | 0 | CZ527 | 1
SCRIPT       : DATA_LOG | 1411967 | aRapBi1cCZPZAGLIDny3dk3hQ8vTmNTLHRl8zxmKgQ0= | 13565.8 | 15.2312 | 14068.4 | 0.760826 | -0.648956 | 0 | CZ527 | 1
SCRIPT       : DATA_LOG | 1412966 | aRapBi1cCZPZAGLIDny3dk3hQ8vTmNTLHRl8zxmKgQ0= | 13565.8 | 15.2312 | 14068.4 | 0.760826 | -0.648956 | 0 | CZ527 | 1
SCRIPT       : DATA_LOG | 1413970 | aRapBi1cCZPZAGLIDny3dk3hQ8vTmNTLHRl8zxmKgQ0= | 13565.8 | 15.2312 | 14068.4 | 0.760826 | -0.648956 | 0 | CZ527 | 1
SCRIPT       : DATA_LOG | 1414970 | aRapBi1cCZPZAGLIDny3dk3hQ8vTmNTLHRl8zxmKgQ0= | 13565.8 | 15.2312 | 14068.4 | 0.760826 | -0.648956 | 0 | CZ527 | 1
SCRIPT       : DATA_LOG | 1415970 | aRapBi1cCZPZAGLIDny3dk3hQ8vTmNTLHRl8zxmKgQ0= | 13565.8 | 15.2312 | 14068.4 | 0.760826 | -0.648956 | 0 | CZ527 | 1
SCRIPT       : DATA_LOG | 1416974 | aRapBi1cCZPZAGLIDny3dk3hQ8vTmNTLHRl8zxmKgQ0= | 13565.8 | 15.2312 | 14068.4 | 0.760826 | -0.648956 | 0 | CZ527 | 1
SCRIPT       : DATA_LOG | 1417971 | aRapBi1cCZPZAGLIDny3dk3hQ8vTmNTLHRl8zxmKgQ0= | 13565.8 | 15.2312 | 14068.4 | 0.760826 | -0.648956 | 0 | CZ527 | 1
SCRIPT       : DATA_LOG | 1418973 | aRapBi1cCZPZAGLIDny3dk3hQ8vTmNTLHRl8zxmKgQ0= | 13565.8 | 15.2312 | 14068.4 | 0.760826 | -0.648956 | 0 | CZ527 | 1
SCRIPT       : DATA_LOG | 1419978 | aRapBi1cCZPZAGLIDny3dk3hQ8vTmNTLHRl8zxmKgQ0= | 13565.8 | 15.2312 | 14068.4 | 0.760826 | -0.648956 | 0 | CZ527 | 1
SCRIPT       : DATA_LOG | 1420974 | aRapBi1cCZPZAGLIDny3dk3hQ8vTmNTLHRl8zxmKgQ0= | 13565.8 | 15.2312 | 14068.4 | 0.760826 | -0.648956 | 0 | CZ527 | 1
SCRIPT       : DATA_LOG | 1421975 | aRapBi1cCZPZAGLIDny3dk3hQ8vTmNTLHRl8zxmKgQ0= | 13565.8 | 15.2312 | 14068.4 | 0.760826 | -0.648956 | 0 | CZ527 | 1
SCRIPT       : DATA_LOG | 1422976 | aRapBi1cCZPZAGLIDny3dk3hQ8vTmNTLHRl8zxmKgQ0= | 13565.8 | 15.2312 | 14068.4 | 0.760826 | -0.648956 | 0 | CZ527 | 1
SCRIPT       : DATA_LOG | 1423980 | aRapBi1cCZPZAGLIDny3dk3hQ8vTmNTLHRl8zxmKgQ0= | 13565.8 | 15.2312 | 14068.4 | 0.760826 | -0.648956 | 0 | CZ527 | 1
SCRIPT       : DATA_LOG | 1424982 | aRapBi1cCZPZAGLIDny3dk3hQ8vTmNTLHRl8zxmKgQ0= | 13565.8 | 15.2312 | 14068.4 | 0.760826 | -0.648956 | 0 | CZ527 | 1
SCRIPT       : DATA_LOG | 1425980 | aRapBi1cCZPZAGLIDny3dk3hQ8vTmNTLHRl8zxmKgQ0= | 13565.8 | 15.2312 | 14068.4 | 0.760826 | -0.648956 | 0 | CZ527 | 1
SCRIPT       : DATA_LOG | 1426980 | aRapBi1cCZPZAGLIDny3dk3hQ8vTmNTLHRl8zxmKgQ0= | 13565.8 | 15.2312 | 14068.4 | 0.760826 | -0.648956 | 0 | CZ527 | 1
SCRIPT       : DATA_LOG | 1427981 | aRapBi1cCZPZAGLIDny3dk3hQ8vTmNTLHRl8zxmKgQ0= | 13565.8 | 15.2312 | 14068.4 | 0.760826 | -0.648956 | 0 | CZ527 | 1
SCRIPT       : DATA_LOG | 1428988 | aRapBi1cCZPZAGLIDny3dk3hQ8vTmNTLHRl8zxmKgQ0= | 13565.8 | 15.2312 | 14068.4 | 0.760826 | -0.648956 | 0 | CZ527 | 1
SCRIPT       : DATA_LOG | 1429984 | aRapBi1cCZPZAGLIDny3dk3hQ8vTmNTLHRl8zxmKgQ0= | 13565.8 | 15.2312 | 14068.4 | 0.760826 | -0.648956 | 0 | CZ527 | 1
SCRIPT       : DATA_LOG | 1430986 | aRapBi1cCZPZAGLIDny3dk3hQ8vTmNTLHRl8zxmKgQ0= | 13565.8 | 15.2312 | 14068.4 | 0.760826 | -0.648956 | 0 | CZ527 | 1
SCRIPT       : DATA_LOG | 1431986 | aRapBi1cCZPZAGLIDny3dk3hQ8vTmNTLHRl8zxmKgQ0= | 13565.8 | 15.2312 | 14068.4 | 0.760826 | -0.648956 | 0 | CZ527 | 1
SCRIPT       : DATA_LOG | 1432992 | aRapBi1cCZPZAGLIDny3dk3hQ8vTmNTLHRl8zxmKgQ0= | 13565.8 | 15.2312 | 14068.4 | 0.760826 | -0.648956 | 0 | CZ527 | 1
SCRIPT       : DATA_LOG | 1433987 | aRapBi1cCZPZAGLIDny3dk3hQ8vTmNTLHRl8zxmKgQ0= | 13565.8 | 15.2312 | 14068.4 | 0.760826 | -0.648956 | 0 | CZ527 | 1
SCRIPT       : DATA_LOG | 1434994 | aRapBi1cCZPZAGLIDny3dk3hQ8vTmNTLHRl8zxmKgQ0= | 13565.8 | 15.2312 | 14068.4 | 0.760826 | -0.648956 | 0 | CZ527 | 1
SCRIPT       : DATA_LOG | 1435989 | aRapBi1cCZPZAGLIDny3dk3hQ8vTmNTLHRl8zxmKgQ0= | 13565.8 | 15.2312 | 14068.4 | 0.760826 | -0.648956 | 0 | CZ527 | 1
SCRIPT       : DATA_LOG | 1436990 | aRapBi1cCZPZAGLIDny3dk3hQ8vTmNTLHRl8zxmKgQ0= | 13565.8 | 15.2312 | 14068.4 | 0.760826 | -0.648956 | 0 | CZ527 | 1
SCRIPT       : DATA_LOG | 1437994 | aRapBi1cCZPZAGLIDny3dk3hQ8vTmNTLHRl8zxmKgQ0= | 13565.8 | 15.2312 | 14068.4 | 0.760826 | -0.648956 | 0 | CZ527 | 1
SCRIPT       : DATA_LOG | 1438994 | aRapBi1cCZPZAGLIDny3dk3hQ8vTmNTLHRl8zxmKgQ0= | 13565.8 | 15.2312 | 14068.4 | 0.760826 | -0.648956 | 0 | CZ527 | 1
SCRIPT       : DATA_LOG | 1439997 | aRapBi1cCZPZAGLIDny3dk3hQ8vTmNTLHRl8zxmKgQ0= | 13565.8 | 15.2312 | 14068.4 | 0.760826 | -0.648956 | 0 | CZ527 | 1
SCRIPT       : DATA_LOG | 1441001 | aRapBi1cCZPZAGLIDny3dk3hQ8vTmNTLHRl8zxmKgQ0= | 13565.8 | 15.2312 | 14068.4 | 0.760826 | -0.648956 | 0 | CZ527 | 1
SCRIPT       : DATA_LOG | 1441997 | aRapBi1cCZPZAGLIDny3dk3hQ8vTmNTLHRl8zxmKgQ0= | 13565.8 | 15.2312 | 14068.4 | 0.760826 | -0.648956 | 0 | CZ527 | 1
SCRIPT       : DATA_LOG | 1443000 | aRapBi1cCZPZAGLIDny3dk3hQ8vTmNTLHRl8zxmKgQ0= | 13565.8 | 15.2312 | 14068.4 | 0.760826 | -0.648956 | 0 | CZ527 | 1
SCRIPT       : DATA_LOG | 1443998 | aRapBi1cCZPZAGLIDny3dk3hQ8vTmNTLHRl8zxmKgQ0= | 13565.8 | 15.2312 | 14068.4 | 0.760826 | -0.648956 | 0 | CZ527 | 1
SCRIPT       : DATA_LOG | 1445002 | aRapBi1cCZPZAGLIDny3dk3hQ8vTmNTLHRl8zxmKgQ0= | 13565.8 | 15.2312 | 14068.4 | 0.760826 | -0.648956 | 0 | CZ527 | 1
SCRIPT       : DATA_LOG | 1446001 | aRapBi1cCZPZAGLIDny3dk3hQ8vTmNTLHRl8zxmKgQ0= | 13565.8 | 15.2312 | 14068.4 | 0.760826 | -0.648956 | 0 | CZ527 | 1
SCRIPT       : DATA_LOG | 1447003 | aRapBi1cCZPZAGLIDny3dk3hQ8vTmNTLHRl8zxmKgQ0= | 13565.8 | 15.2312 | 14068.4 | 0.760826 | -0.648956 | 0 | CZ527 | 1
SCRIPT       : DATA_LOG | 1448002 | aRapBi1cCZPZAGLIDny3dk3hQ8vTmNTLHRl8zxmKgQ0= | 13565.8 | 15.2312 | 14068.4 | 0.760826 | -0.648956 | 0 | CZ527 | 1
SCRIPT       : DATA_LOG | 1449002 | aRapBi1cCZPZAGLIDny3dk3hQ8vTmNTLHRl8zxmKgQ0= | 13565.8 | 15.2312 | 14068.4 | 0.760826 | -0.648956 | 0 | CZ527 | 1
SCRIPT       : DATA_LOG | 1450004 | aRapBi1cCZPZAGLIDny3dk3hQ8vTmNTLHRl8zxmKgQ0= | 13565.8 | 15.2312 | 14068.4 | 0.760826 | -0.648956 | 0 | CZ527 | 1
SCRIPT       : DATA_LOG | 1451005 | aRapBi1cCZPZAGLIDny3dk3hQ8vTmNTLHRl8zxmKgQ0= | 13565.8 | 15.2312 | 14068.4 | 0.760826 | -0.648956 | 0 | CZ527 | 1
SCRIPT       : DATA_LOG | 1452012 | aRapBi1cCZPZAGLIDny3dk3hQ8vTmNTLHRl8zxmKgQ0= | 13565.8 | 15.2312 | 14068.4 | 0.760826 | -0.648956 | 0 | CZ527 | 1
SCRIPT       : DATA_LOG | 1453007 | aRapBi1cCZPZAGLIDny3dk3hQ8vTmNTLHRl8zxmKgQ0= | 13565.8 | 15.2312 | 14068.4 | 0.760826 | -0.648956 | 0 | CZ527 | 1
SCRIPT       : DATA_LOG | 1454008 | aRapBi1cCZPZAGLIDny3dk3hQ8vTmNTLHRl8zxmKgQ0= | 13565.8 | 15.2312 | 14068.4 | 0.760826 | -0.648956 | 0 | CZ527 | 1
SCRIPT       : DATA_LOG | 1455011 | aRapBi1cCZPZAGLIDny3dk3hQ8vTmNTLHRl8zxmKgQ0= | 13565.8 | 15.2312 | 14068.4 | 0.760826 | -0.648956 | 0 | CZ527 | 1
SCRIPT       : DATA_LOG | 1456009 | aRapBi1cCZPZAGLIDny3dk3hQ8vTmNTLHRl8zxmKgQ0= | 13565.8 | 15.2312 | 14068.4 | 0.760826 | -0.648956 | 0 | CZ527 | 1
SCRIPT       : DATA_LOG | 1457010 | aRapBi1cCZPZAGLIDny3dk3hQ8vTmNTLHRl8zxmKgQ0= | 13565.8 | 15.2312 | 14068.4 | 0.760826 | -0.648956 | 0 | CZ527 | 1
SCRIPT       : DATA_LOG | 1458016 | aRapBi1cCZPZAGLIDny3dk3hQ8vTmNTLHRl8zxmKgQ0= | 13565.8 | 15.2312 | 14068.4 | 0.760826 | -0.648956 | 0 | CZ527 | 1
SCRIPT       : DATA_LOG | 1459012 | aRapBi1cCZPZAGLIDny3dk3hQ8vTmNTLHRl8zxmKgQ0= | 13565.8 | 15.2312 | 14068.4 | 0.760826 | -0.648956 | 0 | CZ527 | 1
SCRIPT       : DATA_LOG | 1460014 | aRapBi1cCZPZAGLIDny3dk3hQ8vTmNTLHRl8zxmKgQ0= | 13565.8 | 15.2312 | 14068.4 | 0.760826 | -0.648956 | 0 | CZ527 | 1
SCRIPT       : DATA_LOG | 1461015 | aRapBi1cCZPZAGLIDny3dk3hQ8vTmNTLHRl8zxmKgQ0= | 13565.8 | 15.2312 | 14068.4 | 0.760826 | -0.648956 | 0 | CZ527 | 1
SCRIPT       : DATA_LOG | 1462018 | aRapBi1cCZPZAGLIDny3dk3hQ8vTmNTLHRl8zxmKgQ0= | 13565.8 | 15.2312 | 14068.4 | 0.760826 | -0.648956 | 0 | CZ527 | 1
SCRIPT       : DATA_LOG | 1463017 | aRapBi1cCZPZAGLIDny3dk3hQ8vTmNTLHRl8zxmKgQ0= | 13565.8 | 15.2312 | 14068.4 | 0.760826 | -0.648956 | 0 | CZ527 | 1
SCRIPT       : DATA_LOG | 1464019 | aRapBi1cCZPZAGLIDny3dk3hQ8vTmNTLHRl8zxmKgQ0= | 13565.8 | 15.2312 | 14068.4 | 0.760826 | -0.648956 | 0 | CZ527 | 1
SCRIPT       : DATA_LOG | 1465026 | aRapBi1cCZPZAGLIDny3dk3hQ8vTmNTLHRl8zxmKgQ0= | 13565.8 | 15.2312 | 14068.4 | 0.760826 | -0.648956 | 0 | CZ527 | 1
SCRIPT       : DATA_LOG | 1466019 | aRapBi1cCZPZAGLIDny3dk3hQ8vTmNTLHRl8zxmKgQ0= | 13565.8 | 15.2312 | 14068.4 | 0.760826 | -0.648956 | 0 | CZ527 | 1
SCRIPT       : DATA_LOG | 1467020 | aRapBi1cCZPZAGLIDny3dk3hQ8vTmNTLHRl8zxmKgQ0= | 13565.8 | 15.2312 | 14068.4 | 0.760826 | -0.648956 | 0 | CZ527 | 1
SCRIPT       : DATA_LOG | 1468021 | aRapBi1cCZPZAGLIDny3dk3hQ8vTmNTLHRl8zxmKgQ0= | 13565.8 | 15.2312 | 14068.4 | 0.760826 | -0.648956 | 0 | CZ527 | 1
SCRIPT       : DATA_LOG | 1469023 | aRapBi1cCZPZAGLIDny3dk3hQ8vTmNTLHRl8zxmKgQ0= | 13565.8 | 15.2312 | 14068.4 | 0.760826 | -0.648956 | 0 | CZ527 | 1
SCRIPT       : DATA_LOG | 1470023 | aRapBi1cCZPZAGLIDny3dk3hQ8vTmNTLHRl8zxmKgQ0= | 13565.8 | 15.2312 | 14068.4 | 0.760826 | -0.648956 | 0 | CZ527 | 1
SCRIPT       : DATA_LOG | 1471028 | aRapBi1cCZPZAGLIDny3dk3hQ8vTmNTLHRl8zxmKgQ0= | 13565.8 | 15.2312 | 14068.4 | 0.760826 | -0.648956 | 0 | CZ527 | 1
SCRIPT       : DATA_LOG | 1472028 | aRapBi1cCZPZAGLIDny3dk3hQ8vTmNTLHRl8zxmKgQ0= | 13565.8 | 15.2312 | 14068.4 | 0.760826 | -0.648956 | 0 | CZ527 | 1
SCRIPT       : DATA_LOG | 1473030 | aRapBi1cCZPZAGLIDny3dk3hQ8vTmNTLHRl8zxmKgQ0= | 13565.8 | 15.2312 | 14068.4 | 0.760826 | -0.648956 | 0 | CZ527 | 1
SCRIPT       : DATA_LOG | 1474030 | aRapBi1cCZPZAGLIDny3dk3hQ8vTmNTLHRl8zxmKgQ0= | 13565.8 | 15.2312 | 14068.4 | 0.760826 | -0.648956 | 0 | CZ527 | 1
SCRIPT       : DATA_LOG | 1475031 | aRapBi1cCZPZAGLIDny3dk3hQ8vTmNTLHRl8zxmKgQ0= | 13565.8 | 15.2312 | 14068.4 | 0.760826 | -0.648956 | 0 | CZ527 | 1
SCRIPT       : DATA_LOG | 1476029 | aRapBi1cCZPZAGLIDny3dk3hQ8vTmNTLHRl8zxmKgQ0= | 13565.8 | 15.2312 | 14068.4 | 0.760826 | -0.648956 | 0 | CZ527 | 1
SCRIPT       : DATA_LOG | 1477033 | aRapBi1cCZPZAGLIDny3dk3hQ8vTmNTLHRl8zxmKgQ0= | 13565.8 | 15.2312 | 14068.4 | 0.760826 | -0.648956 | 0 | CZ527 | 1
SCRIPT       : DATA_LOG | 1478031 | aRapBi1cCZPZAGLIDny3dk3hQ8vTmNTLHRl8zxmKgQ0= | 13565.8 | 15.2312 | 14068.4 | 0.760826 | -0.648956 | 0 | CZ527 | 1
SCRIPT       : DATA_LOG | 1479036 | aRapBi1cCZPZAGLIDny3dk3hQ8vTmNTLHRl8zxmKgQ0= | 13565.8 | 15.2312 | 14068.4 | 0.760826 | -0.648956 | 0 | CZ527 | 1
SCRIPT       : DATA_LOG | 1480034 | aRapBi1cCZPZAGLIDny3dk3hQ8vTmNTLHRl8zxmKgQ0= | 13565.8 | 15.2312 | 14068.4 | 0.760826 | -0.648956 | 0 | CZ527 | 1
SCRIPT       : DATA_LOG | 1481039 | aRapBi1cCZPZAGLIDny3dk3hQ8vTmNTLHRl8zxmKgQ0= | 13565.8 | 15.2312 | 14068.4 | 0.760826 | -0.648956 | 0 | CZ527 | 1
SCRIPT       : DATA_LOG | 1482035 | aRapBi1cCZPZAGLIDny3dk3hQ8vTmNTLHRl8zxmKgQ0= | 13565.8 | 15.2312 | 14068.4 | 0.760826 | -0.648956 | 0 | CZ527 | 1
SCRIPT       : DATA_LOG | 1483037 | aRapBi1cCZPZAGLIDny3dk3hQ8vTmNTLHRl8zxmKgQ0= | 13565.8 | 15.2312 | 14068.4 | 0.760826 | -0.648956 | 0 | CZ527 | 1
SCRIPT       : DATA_LOG | 1484038 | aRapBi1cCZPZAGLIDny3dk3hQ8vTmNTLHRl8zxmKgQ0= | 13565.8 | 15.2312 | 14068.4 | 0.760826 | -0.648956 | 0 | CZ527 | 1
SCRIPT       : DATA_LOG | 1485045 | aRapBi1cCZPZAGLIDny3dk3hQ8vTmNTLHRl8zxmKgQ0= | 13565.8 | 15.2312 | 14068.4 | 0.760826 | -0.648956 | 0 | CZ527 | 1
SCRIPT       : DATA_LOG | 1486039 | aRapBi1cCZPZAGLIDny3dk3hQ8vTmNTLHRl8zxmKgQ0= | 13565.8 | 15.2312 | 14068.4 | 0.760826 | -0.648956 | 0 | CZ527 | 1
SCRIPT       : DATA_LOG | 1487041 | aRapBi1cCZPZAGLIDny3dk3hQ8vTmNTLHRl8zxmKgQ0= | 13565.8 | 15.2312 | 14068.4 | 0.760826 | -0.648956 | 0 | CZ527 | 1
SCRIPT       : DATA_LOG | 1488041 | aRapBi1cCZPZAGLIDny3dk3hQ8vTmNTLHRl8zxmKgQ0= | 13565.8 | 15.2312 | 14068.4 | 0.760826 | -0.648956 | 0 | CZ527 | 1
SCRIPT       : DATA_LOG | 1489042 | aRapBi1cCZPZAGLIDny3dk3hQ8vTmNTLHRl8zxmKgQ0= | 13565.8 | 15.2312 | 14068.4 | 0.760826 | -0.648956 | 0 | CZ527 | 1
SCRIPT       : DATA_LOG | 1490043 | aRapBi1cCZPZAGLIDny3dk3hQ8vTmNTLHRl8zxmKgQ0= | 13565.8 | 15.2312 | 14068.4 | 0.760826 | -0.648956 | 0 | CZ527 | 1
SCRIPT       : DATA_LOG | 1491046 | aRapBi1cCZPZAGLIDny3dk3hQ8vTmNTLHRl8zxmKgQ0= | 13565.8 | 15.2312 | 14068.4 | 0.760826 | -0.648956 | 0 | CZ527 | 1
SCRIPT       : DATA_LOG | 1492047 | aRapBi1cCZPZAGLIDny3dk3hQ8vTmNTLHRl8zxmKgQ0= | 13565.8 | 15.2312 | 14068.4 | 0.760826 | -0.648956 | 0 | CZ527 | 1
SCRIPT       : DATA_LOG | 1493047 | aRapBi1cCZPZAGLIDny3dk3hQ8vTmNTLHRl8zxmKgQ0= | 13565.8 | 15.2312 | 14068.4 | 0.760826 | -0.648956 | 0 | CZ527 | 1
SCRIPT       : DATA_LOG | 1494047 | aRapBi1cCZPZAGLIDny3dk3hQ8vTmNTLHRl8zxmKgQ0= | 13565.8 | 15.2312 | 14068.4 | 0.760826 | -0.648956 | 0 | CZ527 | 1
SCRIPT       : DATA_LOG | 1495048 | aRapBi1cCZPZAGLIDny3dk3hQ8vTmNTLHRl8zxmKgQ0= | 13565.8 | 15.2312 | 14068.4 | 0.760826 | -0.648956 | 0 | CZ527 | 1
SCRIPT       : DATA_LOG | 1496051 | aRapBi1cCZPZAGLIDny3dk3hQ8vTmNTLHRl8zxmKgQ0= | 13565.8 | 15.2312 | 14068.4 | 0.760826 | -0.648956 | 0 | CZ527 | 1
SCRIPT       : DATA_LOG | 1497050 | aRapBi1cCZPZAGLIDny3dk3hQ8vTmNTLHRl8zxmKgQ0= | 13565.8 | 15.2312 | 14068.4 | 0.760826 | -0.648956 | 0 | CZ527 | 1
SCRIPT       : DATA_LOG | 1498055 | aRapBi1cCZPZAGLIDny3dk3hQ8vTmNTLHRl8zxmKgQ0= | 13565.8 | 15.2312 | 14068.4 | 0.760826 | -0.648956 | 0 | CZ527 | 1
SCRIPT       : DATA_LOG | 1499060 | aRapBi1cCZPZAGLIDny3dk3hQ8vTmNTLHRl8zxmKgQ0= | 13565.8 | 15.2312 | 14068.4 | 0.760826 | -0.648956 | 0 | CZ527 | 1
SCRIPT       : DATA_LOG | 1500058 | aRapBi1cCZPZAGLIDny3dk3hQ8vTmNTLHRl8zxmKgQ0= | 13565.8 | 15.2312 | 14068.4 | 0.760826 | -0.648956 | 0 | CZ527 | 1
SCRIPT       : DATA_LOG | 1501055 | aRapBi1cCZPZAGLIDny3dk3hQ8vTmNTLHRl8zxmKgQ0= | 13565.8 | 15.2312 | 14068.4 | 0.760826 | -0.648956 | 0 | CZ527 | 1
SCRIPT       : DATA_LOG | 1502059 | aRapBi1cCZPZAGLIDny3dk3hQ8vTmNTLHRl8zxmKgQ0= | 13565.8 | 15.2312 | 14068.4 | 0.760826 | -0.648956 | 0 | CZ527 | 1
SCRIPT       : DATA_LOG | 1503063 | aRapBi1cCZPZAGLIDny3dk3hQ8vTmNTLHRl8zxmKgQ0= | 13565.8 | 15.2312 | 14068.4 | 0.760826 | -0.648956 | 0 | CZ527 | 1
SCRIPT       : DATA_LOG | 1504060 | aRapBi1cCZPZAGLIDny3dk3hQ8vTmNTLHRl8zxmKgQ0= | 13565.8 | 15.2312 | 14068.4 | 0.760826 | -0.648956 | 0 | CZ527 | 1
SCRIPT       : DATA_LOG | 1505060 | aRapBi1cCZPZAGLIDny3dk3hQ8vTmNTLHRl8zxmKgQ0= | 13565.8 | 15.2312 | 14068.4 | 0.760826 | -0.648956 | 0 | CZ527 | 1
SCRIPT       : DATA_LOG | 1506060 | aRapBi1cCZPZAGLIDny3dk3hQ8vTmNTLHRl8zxmKgQ0= | 13565.8 | 15.2312 | 14068.4 | 0.760826 | -0.648956 | 0 | CZ527 | 1
SCRIPT       : DATA_LOG | 1507060 | aRapBi1cCZPZAGLIDny3dk3hQ8vTmNTLHRl8zxmKgQ0= | 13565.8 | 15.2312 | 14068.4 | 0.760826 | -0.648956 | 0 | CZ527 | 1
SCRIPT       : DATA_LOG | 1508062 | aRapBi1cCZPZAGLIDny3dk3hQ8vTmNTLHRl8zxmKgQ0= | 13565.8 | 15.2312 | 14068.4 | 0.760826 | -0.648956 | 0 | CZ527 | 1
SCRIPT       : DATA_LOG | 1509062 | aRapBi1cCZPZAGLIDny3dk3hQ8vTmNTLHRl8zxmKgQ0= | 13565.8 | 15.2312 | 14068.4 | 0.760826 | -0.648956 | 0 | CZ527 | 1
SCRIPT       : DATA_LOG | 1510063 | aRapBi1cCZPZAGLIDny3dk3hQ8vTmNTLHRl8zxmKgQ0= | 13565.8 | 15.2312 | 14068.4 | 0.760826 | -0.648956 | 0 | CZ527 | 1
SCRIPT       : DATA_LOG | 1511064 | aRapBi1cCZPZAGLIDny3dk3hQ8vTmNTLHRl8zxmKgQ0= | 13565.8 | 15.2312 | 14068.4 | 0.760826 | -0.648956 | 0 | CZ527 | 1
SCRIPT       : DATA_LOG | 1512064 | aRapBi1cCZPZAGLIDny3dk3hQ8vTmNTLHRl8zxmKgQ0= | 13565.8 | 15.2312 | 14068.4 | 0.760826 | -0.648956 | 0 | CZ527 | 1
SCRIPT       : DATA_LOG | 1513068 | aRapBi1cCZPZAGLIDny3dk3hQ8vTmNTLHRl8zxmKgQ0= | 13565.8 | 15.2312 | 14068.4 | 0.760826 | -0.648956 | 0 | CZ527 | 1
SCRIPT       : DATA_LOG | 1514068 | aRapBi1cCZPZAGLIDny3dk3hQ8vTmNTLHRl8zxmKgQ0= | 13565.8 | 15.2312 | 14068.4 | 0.760826 | -0.648956 | 0 | CZ527 | 1
SCRIPT       : DATA_LOG | 1515068 | aRapBi1cCZPZAGLIDny3dk3hQ8vTmNTLHRl8zxmKgQ0= | 13565.8 | 15.2312 | 14068.4 | 0.760826 | -0.648956 | 0 | CZ527 | 1
SCRIPT       : DATA_LOG | 1516069 | aRapBi1cCZPZAGLIDny3dk3hQ8vTmNTLHRl8zxmKgQ0= | 13565.8 | 15.2312 | 14068.4 | 0.760826 | -0.648956 | 0 | CZ527 | 1
SCRIPT       : DATA_LOG | 1517075 | aRapBi1cCZPZAGLIDny3dk3hQ8vTmNTLHRl8zxmKgQ0= | 13565.8 | 15.2312 | 14068.4 | 0.760826 | -0.648956 | 0 | CZ527 | 1
SCRIPT       : DATA_LOG | 1518072 | aRapBi1cCZPZAGLIDny3dk3hQ8vTmNTLHRl8zxmKgQ0= | 13565.8 | 15.2312 | 14068.4 | 0.760826 | -0.648956 | 0 | CZ527 | 1
SCRIPT       : DATA_LOG | 1519072 | aRapBi1cCZPZAGLIDny3dk3hQ8vTmNTLHRl8zxmKgQ0= | 13565.8 | 15.2312 | 14068.4 | 0.760826 | -0.648956 | 0 | CZ527 | 1
SCRIPT       : DATA_LOG | 1520076 | aRapBi1cCZPZAGLIDny3dk3hQ8vTmNTLHRl8zxmKgQ0= | 13565.8 | 15.2312 | 14068.4 | 0.760826 | -0.648956 | 0 | CZ527 | 1
SCRIPT       : DATA_LOG | 1521077 | aRapBi1cCZPZAGLIDny3dk3hQ8vTmNTLHRl8zxmKgQ0= | 13565.8 | 15.2312 | 14068.4 | 0.760826 | -0.648956 | 0 | CZ527 | 1
SCRIPT       : DATA_LOG | 1522075 | aRapBi1cCZPZAGLIDny3dk3hQ8vTmNTLHRl8zxmKgQ0= | 13565.8 | 15.2312 | 14068.4 | 0.760826 | -0.648956 | 0 | CZ527 | 1
SCRIPT       : DATA_LOG | 1523076 | aRapBi1cCZPZAGLIDny3dk3hQ8vTmNTLHRl8zxmKgQ0= | 13565.8 | 15.2312 | 14068.4 | 0.760826 | -0.648956 | 0 | CZ527 | 1
SCRIPT       : DATA_LOG | 1524077 | aRapBi1cCZPZAGLIDny3dk3hQ8vTmNTLHRl8zxmKgQ0= | 13565.8 | 15.2312 | 14068.4 | 0.760826 | -0.648956 | 0 | CZ527 | 1
SCRIPT       : DATA_LOG | 1525079 | aRapBi1cCZPZAGLIDny3dk3hQ8vTmNTLHRl8zxmKgQ0= | 13565.8 | 15.2312 | 14068.4 | 0.760826 | -0.648956 | 0 | CZ527 | 1
SCRIPT       : DATA_LOG | 1526079 | aRapBi1cCZPZAGLIDny3dk3hQ8vTmNTLHRl8zxmKgQ0= | 13565.8 | 15.2312 | 14068.4 | 0.760826 | -0.648956 | 0 | CZ527 | 1
SCRIPT       : DATA_LOG | 1527083 | aRapBi1cCZPZAGLIDny3dk3hQ8vTmNTLHRl8zxmKgQ0= | 13565.8 | 15.2312 | 14068.4 | 0.760826 | -0.648956 | 0 | CZ527 | 1
SCRIPT       : DATA_LOG | 1528081 | aRapBi1cCZPZAGLIDny3dk3hQ8vTmNTLHRl8zxmKgQ0= | 13565.8 | 15.2312 | 14068.4 | 0.760826 | -0.648956 | 0 | CZ527 | 1
SCRIPT       : DATA_LOG | 1529085 | aRapBi1cCZPZAGLIDny3dk3hQ8vTmNTLHRl8zxmKgQ0= | 13565.8 | 15.2312 | 14068.4 | 0.760826 | -0.648956 | 0 | CZ527 | 1
SCRIPT       : DATA_LOG | 1530083 | aRapBi1cCZPZAGLIDny3dk3hQ8vTmNTLHRl8zxmKgQ0= | 13565.8 | 15.2312 | 14068.4 | 0.760826 | -0.648956 | 0 | CZ527 | 1
SCRIPT       : DATA_LOG | 1531085 | aRapBi1cCZPZAGLIDny3dk3hQ8vTmNTLHRl8zxmKgQ0= | 13565.8 | 15.2312 | 14068.4 | 0.760826 | -0.648956 | 0 | CZ527 | 1
SCRIPT       : DATA_LOG | 1532085 | aRapBi1cCZPZAGLIDny3dk3hQ8vTmNTLHRl8zxmKgQ0= | 13565.8 | 15.2312 | 14068.4 | 0.760826 | -0.648956 | 0 | CZ527 | 1
SCRIPT       : DATA_LOG | 1533086 | aRapBi1cCZPZAGLIDny3dk3hQ8vTmNTLHRl8zxmKgQ0= | 13565.8 | 15.2312 | 14068.4 | 0.760826 | -0.648956 | 0 | CZ527 | 1
SCRIPT       : DATA_LOG | 1534093 | aRapBi1cCZPZAGLIDny3dk3hQ8vTmNTLHRl8zxmKgQ0= | 13565.8 | 15.2312 | 14068.4 | 0.760826 | -0.648956 | 0 | CZ527 | 1
SCRIPT       : DATA_LOG | 1535088 | aRapBi1cCZPZAGLIDny3dk3hQ8vTmNTLHRl8zxmKgQ0= | 13565.8 | 15.2312 | 14068.4 | 0.760826 | -0.648956 | 0 | CZ527 | 1
SCRIPT       : DATA_LOG | 1536089 | aRapBi1cCZPZAGLIDny3dk3hQ8vTmNTLHRl8zxmKgQ0= | 13565.8 | 15.2312 | 14068.4 | 0.760826 | -0.648956 | 0 | CZ527 | 1
SCRIPT       : DATA_LOG | 1537093 | aRapBi1cCZPZAGLIDny3dk3hQ8vTmNTLHRl8zxmKgQ0= | 13565.8 | 15.2312 | 14068.4 | 0.760826 | -0.648956 | 0 | CZ527 | 1
SCRIPT       : DATA_LOG | 1538095 | aRapBi1cCZPZAGLIDny3dk3hQ8vTmNTLHRl8zxmKgQ0= | 13565.8 | 15.2312 | 14068.4 | 0.760826 | -0.648956 | 0 | CZ527 | 1
SCRIPT       : DATA_LOG | 1539100 | aRapBi1cCZPZAGLIDny3dk3hQ8vTmNTLHRl8zxmKgQ0= | 13565.8 | 15.2312 | 14068.4 | 0.760826 | -0.648956 | 0 | CZ527 | 1
SCRIPT       : DATA_LOG | 1540093 | aRapBi1cCZPZAGLIDny3dk3hQ8vTmNTLHRl8zxmKgQ0= | 13565.8 | 15.2312 | 14068.4 | 0.760826 | -0.648956 | 0 | CZ527 | 1
SCRIPT       : DATA_LOG | 1541105 | aRapBi1cCZPZAGLIDny3dk3hQ8vTmNTLHRl8zxmKgQ0= | 13565.8 | 15.2312 | 14068.4 | 0.760826 | -0.648956 | 0 | CZ527 | 1
SCRIPT       : DATA_LOG | 1542102 | aRapBi1cCZPZAGLIDny3dk3hQ8vTmNTLHRl8zxmKgQ0= | 13565.8 | 15.2312 | 14068.4 | 0.760826 | -0.648956 | 0 | CZ527 | 1
SCRIPT       : DATA_LOG | 1543097 | aRapBi1cCZPZAGLIDny3dk3hQ8vTmNTLHRl8zxmKgQ0= | 13565.8 | 15.2312 | 14068.4 | 0.760826 | -0.648956 | 0 | CZ527 | 1
SCRIPT       : DATA_LOG | 1544099 | aRapBi1cCZPZAGLIDny3dk3hQ8vTmNTLHRl8zxmKgQ0= | 13565.8 | 15.2312 | 14068.4 | 0.760826 | -0.648956 | 0 | CZ527 | 1
SCRIPT       : DATA_LOG | 1545098 | aRapBi1cCZPZAGLIDny3dk3hQ8vTmNTLHRl8zxmKgQ0= | 13565.8 | 15.2312 | 14068.4 | 0.760826 | -0.648956 | 0 | CZ527 | 1
SCRIPT       : DATA_LOG | 1546104 | aRapBi1cCZPZAGLIDny3dk3hQ8vTmNTLHRl8zxmKgQ0= | 13565.8 | 15.2312 | 14068.4 | 0.760826 | -0.648956 | 0 | CZ527 | 1
SCRIPT       : DATA_LOG | 1547101 | aRapBi1cCZPZAGLIDny3dk3hQ8vTmNTLHRl8zxmKgQ0= | 13565.8 | 15.2312 | 14068.4 | 0.760826 | -0.648956 | 0 | CZ527 | 1
SCRIPT       : DATA_LOG | 1548101 | aRapBi1cCZPZAGLIDny3dk3hQ8vTmNTLHRl8zxmKgQ0= | 13565.8 | 15.2312 | 14068.4 | 0.760826 | -0.648956 | 0 | CZ527 | 1
SCRIPT       : DATA_LOG | 1549102 | aRapBi1cCZPZAGLIDny3dk3hQ8vTmNTLHRl8zxmKgQ0= | 13565.8 | 15.2312 | 14068.4 | 0.760826 | -0.648956 | 0 | CZ527 | 1
SCRIPT       : DATA_LOG | 1550106 | aRapBi1cCZPZAGLIDny3dk3hQ8vTmNTLHRl8zxmKgQ0= | 13565.8 | 15.2312 | 14068.4 | 0.760826 | -0.648956 | 0 | CZ527 | 1
SCRIPT       : DATA_LOG | 1551103 | aRapBi1cCZPZAGLIDny3dk3hQ8vTmNTLHRl8zxmKgQ0= | 13565.8 | 15.2312 | 14068.4 | 0.760826 | -0.648956 | 0 | CZ527 | 1
SCRIPT       : DATA_LOG | 1552105 | aRapBi1cCZPZAGLIDny3dk3hQ8vTmNTLHRl8zxmKgQ0= | 13565.8 | 15.2312 | 14068.4 | 0.760826 | -0.648956 | 0 | CZ527 | 1
SCRIPT       : DATA_LOG | 1553106 | aRapBi1cCZPZAGLIDny3dk3hQ8vTmNTLHRl8zxmKgQ0= | 13565.8 | 15.2312 | 14068.4 | 0.760826 | -0.648956 | 0 | CZ527 | 1
SCRIPT       : DATA_LOG | 1554109 | aRapBi1cCZPZAGLIDny3dk3hQ8vTmNTLHRl8zxmKgQ0= | 13565.8 | 15.2312 | 14068.4 | 0.760826 | -0.648956 | 0 | CZ527 | 1
SCRIPT       : DATA_LOG | 1555108 | aRapBi1cCZPZAGLIDny3dk3hQ8vTmNTLHRl8zxmKgQ0= | 13565.8 | 15.2312 | 14068.4 | 0.760826 | -0.648956 | 0 | CZ527 | 1
SCRIPT       : DATA_LOG | 1556109 | aRapBi1cCZPZAGLIDny3dk3hQ8vTmNTLHRl8zxmKgQ0= | 13565.8 | 15.2312 | 14068.4 | 0.760826 | -0.648956 | 0 | CZ527 | 1
SCRIPT       : DATA_LOG | 1557115 | aRapBi1cCZPZAGLIDny3dk3hQ8vTmNTLHRl8zxmKgQ0= | 13565.8 | 15.2312 | 14068.4 | 0.760826 | -0.648956 | 0 | CZ527 | 1
SCRIPT       : DATA_LOG | 1558115 | aRapBi1cCZPZAGLIDny3dk3hQ8vTmNTLHRl8zxmKgQ0= | 13565.8 | 15.2312 | 14068.4 | 0.760826 | -0.648956 | 0 | CZ527 | 1
SCRIPT       : DATA_LOG | 1559114 | aRapBi1cCZPZAGLIDny3dk3hQ8vTmNTLHRl8zxmKgQ0= | 13565.8 | 15.2312 | 14068.4 | 0.760826 | -0.648956 | 0 | CZ527 | 1
SCRIPT       : DATA_LOG | 1560113 | aRapBi1cCZPZAGLIDny3dk3hQ8vTmNTLHRl8zxmKgQ0= | 13565.8 | 15.2312 | 14068.4 | 0.760826 | -0.648956 | 0 | CZ527 | 1
SCRIPT       : DATA_LOG | 1561115 | aRapBi1cCZPZAGLIDny3dk3hQ8vTmNTLHRl8zxmKgQ0= | 13565.8 | 15.2312 | 14068.4 | 0.760826 | -0.648956 | 0 | CZ527 | 1
SCRIPT       : DATA_LOG | 1562118 | aRapBi1cCZPZAGLIDny3dk3hQ8vTmNTLHRl8zxmKgQ0= | 13565.8 | 15.2312 | 14068.4 | 0.760826 | -0.648956 | 0 | CZ527 | 1
SCRIPT       : DATA_LOG | 1563116 | aRapBi1cCZPZAGLIDny3dk3hQ8vTmNTLHRl8zxmKgQ0= | 13565.8 | 15.2312 | 14068.4 | 0.760826 | -0.648956 | 0 | CZ527 | 1
SCRIPT       : DATA_LOG | 1564120 | aRapBi1cCZPZAGLIDny3dk3hQ8vTmNTLHRl8zxmKgQ0= | 13565.8 | 15.2312 | 14068.4 | 0.760826 | -0.648956 | 0 | CZ527 | 1
SCRIPT       : DATA_LOG | 1565118 | aRapBi1cCZPZAGLIDny3dk3hQ8vTmNTLHRl8zxmKgQ0= | 13565.8 | 15.2312 | 14068.4 | 0.760826 | -0.648956 | 0 | CZ527 | 1
SCRIPT       : DATA_LOG | 1566123 | aRapBi1cCZPZAGLIDny3dk3hQ8vTmNTLHRl8zxmKgQ0= | 13565.8 | 15.2312 | 14068.4 | 0.760826 | -0.648956 | 0 | CZ527 | 1
SCRIPT       : DATA_LOG | 1567121 | aRapBi1cCZPZAGLIDny3dk3hQ8vTmNTLHRl8zxmKgQ0= | 13565.8 | 15.2312 | 14068.4 | 0.760826 | -0.648956 | 0 | CZ527 | 1
SCRIPT       : DATA_LOG | 1568125 | aRapBi1cCZPZAGLIDny3dk3hQ8vTmNTLHRl8zxmKgQ0= | 13565.8 | 15.2312 | 14068.4 | 0.760826 | -0.648956 | 0 | CZ527 | 1
SCRIPT       : DATA_LOG | 1569127 | aRapBi1cCZPZAGLIDny3dk3hQ8vTmNTLHRl8zxmKgQ0= | 13565.8 | 15.2312 | 14068.4 | 0.760826 | -0.648956 | 0 | CZ527 | 1
SCRIPT       : DATA_LOG | 1570124 | aRapBi1cCZPZAGLIDny3dk3hQ8vTmNTLHRl8zxmKgQ0= | 13565.8 | 15.2312 | 14068.4 | 0.760826 | -0.648956 | 0 | CZ527 | 1
SCRIPT       : DATA_LOG | 1571127 | aRapBi1cCZPZAGLIDny3dk3hQ8vTmNTLHRl8zxmKgQ0= | 13565.8 | 15.2312 | 14068.4 | 0.760826 | -0.648956 | 0 | CZ527 | 1
SCRIPT       : DATA_LOG | 1572125 | aRapBi1cCZPZAGLIDny3dk3hQ8vTmNTLHRl8zxmKgQ0= | 13565.8 | 15.2312 | 14068.4 | 0.760826 | -0.648956 | 0 | CZ527 | 1
SCRIPT       : DATA_LOG | 1573127 | aRapBi1cCZPZAGLIDny3dk3hQ8vTmNTLHRl8zxmKgQ0= | 13565.8 | 15.2312 | 14068.4 | 0.760826 | -0.648956 | 0 | CZ527 | 1
SCRIPT       : DATA_LOG | 1574128 | aRapBi1cCZPZAGLIDny3dk3hQ8vTmNTLHRl8zxmKgQ0= | 13565.8 | 15.2312 | 14068.4 | 0.760826 | -0.648956 | 0 | CZ527 | 1
SCRIPT       : DATA_LOG | 1575131 | aRapBi1cCZPZAGLIDny3dk3hQ8vTmNTLHRl8zxmKgQ0= | 13565.8 | 15.2312 | 14068.4 | 0.760826 | -0.648956 | 0 | CZ527 | 1
SCRIPT       : DATA_LOG | 1576137 | aRapBi1cCZPZAGLIDny3dk3hQ8vTmNTLHRl8zxmKgQ0= | 13565.8 | 15.2312 | 14068.4 | 0.760826 | -0.648956 | 0 | CZ527 | 1
SCRIPT       : DATA_LOG | 1577132 | aRapBi1cCZPZAGLIDny3dk3hQ8vTmNTLHRl8zxmKgQ0= | 13565.8 | 15.2312 | 14068.4 | 0.760826 | -0.648956 | 0 | CZ527 | 1
SCRIPT       : DATA_LOG | 1578132 | aRapBi1cCZPZAGLIDny3dk3hQ8vTmNTLHRl8zxmKgQ0= | 13565.8 | 15.2312 | 14068.4 | 0.760826 | -0.648956 | 0 | CZ527 | 1
SCRIPT       : DATA_LOG | 1579134 | aRapBi1cCZPZAGLIDny3dk3hQ8vTmNTLHRl8zxmKgQ0= | 13565.8 | 15.2312 | 14068.4 | 0.760826 | -0.648956 | 0 | CZ527 | 1
SCRIPT       : DATA_LOG | 1580138 | aRapBi1cCZPZAGLIDny3dk3hQ8vTmNTLHRl8zxmKgQ0= | 13565.8 | 15.2312 | 14068.4 | 0.760826 | -0.648956 | 0 | CZ527 | 1
SCRIPT       : DATA_LOG | 1581135 | aRapBi1cCZPZAGLIDny3dk3hQ8vTmNTLHRl8zxmKgQ0= | 13565.8 | 15.2312 | 14068.4 | 0.760826 | -0.648956 | 0 | CZ527 | 1
SCRIPT       : DATA_LOG | 1582137 | aRapBi1cCZPZAGLIDny3dk3hQ8vTmNTLHRl8zxmKgQ0= | 13565.8 | 15.2312 | 14068.4 | 0.760826 | -0.648956 | 0 | CZ527 | 1
SCRIPT       : DATA_LOG | 1583139 | aRapBi1cCZPZAGLIDny3dk3hQ8vTmNTLHRl8zxmKgQ0= | 13565.8 | 15.2312 | 14068.4 | 0.760826 | -0.648956 | 0 | CZ527 | 1
SCRIPT       : DATA_LOG | 1584144 | aRapBi1cCZPZAGLIDny3dk3hQ8vTmNTLHRl8zxmKgQ0= | 13565.8 | 15.2312 | 14068.4 | 0.760826 | -0.648956 | 0 | CZ527 | 1
SCRIPT       : DATA_LOG | 1585140 | aRapBi1cCZPZAGLIDny3dk3hQ8vTmNTLHRl8zxmKgQ0= | 13565.8 | 15.2312 | 14068.4 | 0.760826 | -0.648956 | 0 | CZ527 | 1
SCRIPT       : DATA_LOG | 1586140 | aRapBi1cCZPZAGLIDny3dk3hQ8vTmNTLHRl8zxmKgQ0= | 13565.8 | 15.2312 | 14068.4 | 0.760826 | -0.648956 | 0 | CZ527 | 1
SCRIPT       : DATA_LOG | 1587142 | aRapBi1cCZPZAGLIDny3dk3hQ8vTmNTLHRl8zxmKgQ0= | 13565.8 | 15.2312 | 14068.4 | 0.760826 | -0.648956 | 0 | CZ527 | 1
SCRIPT       : DATA_LOG | 1588142 | aRapBi1cCZPZAGLIDny3dk3hQ8vTmNTLHRl8zxmKgQ0= | 13565.8 | 15.2312 | 14068.4 | 0.760826 | -0.648956 | 0 | CZ527 | 1
SCRIPT       : DATA_LOG | 1589143 | aRapBi1cCZPZAGLIDny3dk3hQ8vTmNTLHRl8zxmKgQ0= | 13565.8 | 15.2312 | 14068.4 | 0.760826 | -0.648956 | 0 | CZ527 | 1
SCRIPT       : DATA_LOG | 1590145 | aRapBi1cCZPZAGLIDny3dk3hQ8vTmNTLHRl8zxmKgQ0= | 13565.8 | 15.2312 | 14068.4 | 0.760826 | -0.648956 | 0 | CZ527 | 1
SCRIPT       : DATA_LOG | 1591146 | aRapBi1cCZPZAGLIDny3dk3hQ8vTmNTLHRl8zxmKgQ0= | 13565.8 | 15.2312 | 14068.4 | 0.760826 | -0.648956 | 0 | CZ527 | 1
SCRIPT       : DATA_LOG | 1592146 | aRapBi1cCZPZAGLIDny3dk3hQ8vTmNTLHRl8zxmKgQ0= | 13565.8 | 15.2312 | 14068.4 | 0.760826 | -0.648956 | 0 | CZ527 | 1
SCRIPT       : DATA_LOG | 1593147 | aRapBi1cCZPZAGLIDny3dk3hQ8vTmNTLHRl8zxmKgQ0= | 13565.8 | 15.2312 | 14068.4 | 0.760826 | -0.648956 | 0 | CZ527 | 1
SCRIPT       : DATA_LOG | 1594150 | aRapBi1cCZPZAGLIDny3dk3hQ8vTmNTLHRl8zxmKgQ0= | 13565.8 | 15.2312 | 14068.4 | 0.760826 | -0.648956 | 0 | CZ527 | 1
SCRIPT       : DATA_LOG | 1595153 | aRapBi1cCZPZAGLIDny3dk3hQ8vTmNTLHRl8zxmKgQ0= | 13565.8 | 15.2312 | 14068.4 | 0.760826 | -0.648956 | 0 | CZ527 | 1
SCRIPT       : DATA_LOG | 1596151 | aRapBi1cCZPZAGLIDny3dk3hQ8vTmNTLHRl8zxmKgQ0= | 13565.8 | 15.2312 | 14068.4 | 0.760826 | -0.648956 | 0 | CZ527 | 1
SCRIPT       : DATA_LOG | 1597154 | aRapBi1cCZPZAGLIDny3dk3hQ8vTmNTLHRl8zxmKgQ0= | 13565.8 | 15.2312 | 14068.4 | 0.760826 | -0.648956 | 0 | CZ527 | 1
SCRIPT       : DATA_LOG | 1598152 | aRapBi1cCZPZAGLIDny3dk3hQ8vTmNTLHRl8zxmKgQ0= | 13565.8 | 15.2312 | 14068.4 | 0.760826 | -0.648956 | 0 | CZ527 | 1
SCRIPT       : DATA_LOG | 1599154 | aRapBi1cCZPZAGLIDny3dk3hQ8vTmNTLHRl8zxmKgQ0= | 13565.8 | 15.2312 | 14068.4 | 0.760826 | -0.648956 | 0 | CZ527 | 1
SCRIPT       : DATA_LOG | 1600154 | aRapBi1cCZPZAGLIDny3dk3hQ8vTmNTLHRl8zxmKgQ0= | 13565.8 | 15.2312 | 14068.4 | 0.760826 | -0.648956 | 0 | CZ527 | 1
SCRIPT       : DATA_LOG | 1601155 | aRapBi1cCZPZAGLIDny3dk3hQ8vTmNTLHRl8zxmKgQ0= | 13565.8 | 15.2312 | 14068.4 | 0.760826 | -0.648956 | 0 | CZ527 | 1
SCRIPT       : DATA_LOG | 1602164 | aRapBi1cCZPZAGLIDny3dk3hQ8vTmNTLHRl8zxmKgQ0= | 13565.8 | 15.2312 | 14068.4 | 0.760826 | -0.648956 | 0 | CZ527 | 1
SCRIPT       : DATA_LOG | 1603158 | aRapBi1cCZPZAGLIDny3dk3hQ8vTmNTLHRl8zxmKgQ0= | 13565.8 | 15.2312 | 14068.4 | 0.760826 | -0.648956 | 0 | CZ527 | 1
SCRIPT       : DATA_LOG | 1604165 | aRapBi1cCZPZAGLIDny3dk3hQ8vTmNTLHRl8zxmKgQ0= | 13565.8 | 15.2312 | 14068.4 | 0.760826 | -0.648956 | 0 | CZ527 | 1
SCRIPT       : DATA_LOG | 1605167 | aRapBi1cCZPZAGLIDny3dk3hQ8vTmNTLHRl8zxmKgQ0= | 13565.8 | 15.2312 | 14068.4 | 0.760826 | -0.648956 | 0 | CZ527 | 1
SCRIPT       : DATA_LOG | 1606160 | aRapBi1cCZPZAGLIDny3dk3hQ8vTmNTLHRl8zxmKgQ0= | 13565.8 | 15.2312 | 14068.4 | 0.760826 | -0.648956 | 0 | CZ527 | 1
SCRIPT       : DATA_LOG | 1607161 | aRapBi1cCZPZAGLIDny3dk3hQ8vTmNTLHRl8zxmKgQ0= | 13565.8 | 15.2312 | 14068.4 | 0.760826 | -0.648956 | 0 | CZ527 | 1
SCRIPT       : DATA_LOG | 1608164 | aRapBi1cCZPZAGLIDny3dk3hQ8vTmNTLHRl8zxmKgQ0= | 13565.8 | 15.2312 | 14068.4 | 0.760826 | -0.648956 | 0 | CZ527 | 1
SCRIPT       : DATA_LOG | 1609167 | aRapBi1cCZPZAGLIDny3dk3hQ8vTmNTLHRl8zxmKgQ0= | 13565.8 | 15.2312 | 14068.4 | 0.760826 | -0.648956 | 0 | CZ527 | 1
SCRIPT       : DATA_LOG | 1610166 | aRapBi1cCZPZAGLIDny3dk3hQ8vTmNTLHRl8zxmKgQ0= | 13565.8 | 15.2312 | 14068.4 | 0.760826 | -0.648956 | 0 | CZ527 | 1
SCRIPT       : DATA_LOG | 1611166 | aRapBi1cCZPZAGLIDny3dk3hQ8vTmNTLHRl8zxmKgQ0= | 13565.8 | 15.2312 | 14068.4 | 0.760826 | -0.648956 | 0 | CZ527 | 1
SCRIPT       : DATA_LOG | 1612167 | aRapBi1cCZPZAGLIDny3dk3hQ8vTmNTLHRl8zxmKgQ0= | 13565.8 | 15.2312 | 14068.4 | 0.760826 | -0.648956 | 0 | CZ527 | 1
SCRIPT       : DATA_LOG | 1613168 | aRapBi1cCZPZAGLIDny3dk3hQ8vTmNTLHRl8zxmKgQ0= | 13565.8 | 15.2312 | 14068.4 | 0.760826 | -0.648956 | 0 | CZ527 | 1
SCRIPT       : DATA_LOG | 1614173 | aRapBi1cCZPZAGLIDny3dk3hQ8vTmNTLHRl8zxmKgQ0= | 13565.8 | 15.2312 | 14068.4 | 0.760826 | -0.648956 | 0 | CZ527 | 1
SCRIPT       : DATA_LOG | 1615169 | aRapBi1cCZPZAGLIDny3dk3hQ8vTmNTLHRl8zxmKgQ0= | 13565.8 | 15.2312 | 14068.4 | 0.760826 | -0.648956 | 0 | CZ527 | 1
SCRIPT       : DATA_LOG | 1616175 | aRapBi1cCZPZAGLIDny3dk3hQ8vTmNTLHRl8zxmKgQ0= | 13565.8 | 15.2312 | 14068.4 | 0.760826 | -0.648956 | 0 | CZ527 | 1
SCRIPT       : DATA_LOG | 1617173 | aRapBi1cCZPZAGLIDny3dk3hQ8vTmNTLHRl8zxmKgQ0= | 13565.8 | 15.2312 | 14068.4 | 0.760826 | -0.648956 | 0 | CZ527 | 1
SCRIPT       : DATA_LOG | 1618173 | aRapBi1cCZPZAGLIDny3dk3hQ8vTmNTLHRl8zxmKgQ0= | 13565.8 | 15.2312 | 14068.4 | 0.760826 | -0.648956 | 0 | CZ527 | 1
SCRIPT       : DATA_LOG | 1619173 | aRapBi1cCZPZAGLIDny3dk3hQ8vTmNTLHRl8zxmKgQ0= | 13565.8 | 15.2312 | 14068.4 | 0.760826 | -0.648956 | 0 | CZ527 | 1
SCRIPT       : DATA_LOG | 1620174 | aRapBi1cCZPZAGLIDny3dk3hQ8vTmNTLHRl8zxmKgQ0= | 13565.8 | 15.2312 | 14068.4 | 0.760826 | -0.648956 | 0 | CZ527 | 1
SCRIPT       : DATA_LOG | 1621181 | aRapBi1cCZPZAGLIDny3dk3hQ8vTmNTLHRl8zxmKgQ0= | 13565.8 | 15.2312 | 14068.4 | 0.760826 | -0.648956 | 0 | CZ527 | 1
SCRIPT       : DATA_LOG | 1622176 | aRapBi1cCZPZAGLIDny3dk3hQ8vTmNTLHRl8zxmKgQ0= | 13565.8 | 15.2312 | 14068.4 | 0.760826 | -0.648956 | 0 | CZ527 | 1
SCRIPT       : DATA_LOG | 1623184 | aRapBi1cCZPZAGLIDny3dk3hQ8vTmNTLHRl8zxmKgQ0= | 13565.8 | 15.2312 | 14068.4 | 0.760826 | -0.648956 | 0 | CZ527 | 1
SCRIPT       : DATA_LOG | 1624178 | aRapBi1cCZPZAGLIDny3dk3hQ8vTmNTLHRl8zxmKgQ0= | 13565.8 | 15.2312 | 14068.4 | 0.760826 | -0.648956 | 0 | CZ527 | 1
SCRIPT       : DATA_LOG | 1625195 | aRapBi1cCZPZAGLIDny3dk3hQ8vTmNTLHRl8zxmKgQ0= | 13565.8 | 15.2312 | 14068.4 | 0.760826 | -0.648956 | 0 | CZ527 | 1
SCRIPT       : DATA_LOG | 1626181 | aRapBi1cCZPZAGLIDny3dk3hQ8vTmNTLHRl8zxmKgQ0= | 13565.8 | 15.2312 | 14068.4 | 0.760826 | -0.648956 | 0 | CZ527 | 1
SCRIPT       : DATA_LOG | 1627186 | aRapBi1cCZPZAGLIDny3dk3hQ8vTmNTLHRl8zxmKgQ0= | 13565.8 | 15.2312 | 14068.4 | 0.760826 | -0.648956 | 0 | CZ527 | 1
SCRIPT       : DATA_LOG | 1628182 | aRapBi1cCZPZAGLIDny3dk3hQ8vTmNTLHRl8zxmKgQ0= | 13565.8 | 15.2312 | 14068.4 | 0.760826 | -0.648956 | 0 | CZ527 | 1
SCRIPT       : DATA_LOG | 1629183 | aRapBi1cCZPZAGLIDny3dk3hQ8vTmNTLHRl8zxmKgQ0= | 13565.8 | 15.2312 | 14068.4 | 0.760826 | -0.648956 | 0 | CZ527 | 1
SCRIPT       : DATA_LOG | 1630189 | aRapBi1cCZPZAGLIDny3dk3hQ8vTmNTLHRl8zxmKgQ0= | 13565.8 | 15.2312 | 14068.4 | 0.760826 | -0.648956 | 0 | CZ527 | 1
SCRIPT       : DATA_LOG | 1631185 | aRapBi1cCZPZAGLIDny3dk3hQ8vTmNTLHRl8zxmKgQ0= | 13565.8 | 15.2312 | 14068.4 | 0.760826 | -0.648956 | 0 | CZ527 | 1
SCRIPT       : DATA_LOG | 1632186 | aRapBi1cCZPZAGLIDny3dk3hQ8vTmNTLHRl8zxmKgQ0= | 13565.8 | 15.2312 | 14068.4 | 0.760826 | -0.648956 | 0 | CZ527 | 1
SCRIPT       : DATA_LOG | 1633188 | aRapBi1cCZPZAGLIDny3dk3hQ8vTmNTLHRl8zxmKgQ0= | 13565.8 | 15.2312 | 14068.4 | 0.760826 | -0.648956 | 0 | CZ527 | 1
SCRIPT       : DATA_LOG | 1634191 | aRapBi1cCZPZAGLIDny3dk3hQ8vTmNTLHRl8zxmKgQ0= | 13565.8 | 15.2312 | 14068.4 | 0.760826 | -0.648956 | 0 | CZ527 | 1
SCRIPT       : DATA_LOG | 1635190 | aRapBi1cCZPZAGLIDny3dk3hQ8vTmNTLHRl8zxmKgQ0= | 13565.8 | 15.2312 | 14068.4 | 0.760826 | -0.648956 | 0 | CZ527 | 1
SCRIPT       : DATA_LOG | 1636195 | aRapBi1cCZPZAGLIDny3dk3hQ8vTmNTLHRl8zxmKgQ0= | 13565.8 | 15.2312 | 14068.4 | 0.760826 | -0.648956 | 0 | CZ527 | 1
SCRIPT       : DATA_LOG | 1637192 | aRapBi1cCZPZAGLIDny3dk3hQ8vTmNTLHRl8zxmKgQ0= | 13565.8 | 15.2312 | 14068.4 | 0.760826 | -0.648956 | 0 | CZ527 | 1
SCRIPT       : DATA_LOG | 1638193 | aRapBi1cCZPZAGLIDny3dk3hQ8vTmNTLHRl8zxmKgQ0= | 13565.8 | 15.2312 | 14068.4 | 0.760826 | -0.648956 | 0 | CZ527 | 1
SCRIPT       : DATA_LOG | 1639199 | aRapBi1cCZPZAGLIDny3dk3hQ8vTmNTLHRl8zxmKgQ0= | 13565.8 | 15.2312 | 14068.4 | 0.760826 | -0.648956 | 0 | CZ527 | 1
SCRIPT       : DATA_LOG | 1640195 | aRapBi1cCZPZAGLIDny3dk3hQ8vTmNTLHRl8zxmKgQ0= | 13565.8 | 15.2312 | 14068.4 | 0.760826 | -0.648956 | 0 | CZ527 | 1
SCRIPT       : DATA_LOG | 1641195 | aRapBi1cCZPZAGLIDny3dk3hQ8vTmNTLHRl8zxmKgQ0= | 13565.8 | 15.2312 | 14068.4 | 0.760826 | -0.648956 | 0 | CZ527 | 1
SCRIPT       : DATA_LOG | 1642196 | aRapBi1cCZPZAGLIDny3dk3hQ8vTmNTLHRl8zxmKgQ0= | 13565.8 | 15.2312 | 14068.4 | 0.760826 | -0.648956 | 0 | CZ527 | 1
SCRIPT       : DATA_LOG | 1643198 | aRapBi1cCZPZAGLIDny3dk3hQ8vTmNTLHRl8zxmKgQ0= | 13565.8 | 15.2312 | 14068.4 | 0.760826 | -0.648956 | 0 | CZ527 | 1
SCRIPT       : DATA_LOG | 1644198 | aRapBi1cCZPZAGLIDny3dk3hQ8vTmNTLHRl8zxmKgQ0= | 13565.8 | 15.2312 | 14068.4 | 0.760826 | -0.648956 | 0 | CZ527 | 1
SCRIPT       : DATA_LOG | 1645199 | aRapBi1cCZPZAGLIDny3dk3hQ8vTmNTLHRl8zxmKgQ0= | 13565.8 | 15.2312 | 14068.4 | 0.760826 | -0.648956 | 0 | CZ527 | 1
SCRIPT       : DATA_LOG | 1646200 | aRapBi1cCZPZAGLIDny3dk3hQ8vTmNTLHRl8zxmKgQ0= | 13565.8 | 15.2312 | 14068.4 | 0.760826 | -0.648956 | 0 | CZ527 | 1
SCRIPT       : DATA_LOG | 1647202 | aRapBi1cCZPZAGLIDny3dk3hQ8vTmNTLHRl8zxmKgQ0= | 13565.8 | 15.2312 | 14068.4 | 0.760826 | -0.648956 | 0 | CZ527 | 1
SCRIPT       : DATA_LOG | 1648202 | aRapBi1cCZPZAGLIDny3dk3hQ8vTmNTLHRl8zxmKgQ0= | 13565.8 | 15.2312 | 14068.4 | 0.760826 | -0.648956 | 0 | CZ527 | 1
SCRIPT       : DATA_LOG | 1649203 | aRapBi1cCZPZAGLIDny3dk3hQ8vTmNTLHRl8zxmKgQ0= | 13565.8 | 15.2312 | 14068.4 | 0.760826 | -0.648956 | 0 | CZ527 | 1
SCRIPT       : DATA_LOG | 1650206 | aRapBi1cCZPZAGLIDny3dk3hQ8vTmNTLHRl8zxmKgQ0= | 13565.8 | 15.2312 | 14068.4 | 0.760826 | -0.648956 | 0 | CZ527 | 1
SCRIPT       : DATA_LOG | 1651205 | aRapBi1cCZPZAGLIDny3dk3hQ8vTmNTLHRl8zxmKgQ0= | 13565.8 | 15.2312 | 14068.4 | 0.760826 | -0.648956 | 0 | CZ527 | 1
SCRIPT       : DATA_LOG | 1652207 | aRapBi1cCZPZAGLIDny3dk3hQ8vTmNTLHRl8zxmKgQ0= | 13565.8 | 15.2312 | 14068.4 | 0.760826 | -0.648956 | 0 | CZ527 | 1
SCRIPT       : DATA_LOG | 1653207 | aRapBi1cCZPZAGLIDny3dk3hQ8vTmNTLHRl8zxmKgQ0= | 13565.8 | 15.2312 | 14068.4 | 0.760826 | -0.648956 | 0 | CZ527 | 1
SCRIPT       : DATA_LOG | 1654214 | aRapBi1cCZPZAGLIDny3dk3hQ8vTmNTLHRl8zxmKgQ0= | 13565.8 | 15.2312 | 14068.4 | 0.760826 | -0.648956 | 0 | CZ527 | 1
SCRIPT       : DATA_LOG | 1655209 | aRapBi1cCZPZAGLIDny3dk3hQ8vTmNTLHRl8zxmKgQ0= | 13565.8 | 15.2312 | 14068.4 | 0.760826 | -0.648956 | 0 | CZ527 | 1
SCRIPT       : DATA_LOG | 1656216 | aRapBi1cCZPZAGLIDny3dk3hQ8vTmNTLHRl8zxmKgQ0= | 13565.8 | 15.2312 | 14068.4 | 0.760826 | -0.648956 | 0 | CZ527 | 1
SCRIPT       : DATA_LOG | 1657211 | aRapBi1cCZPZAGLIDny3dk3hQ8vTmNTLHRl8zxmKgQ0= | 13565.8 | 15.2312 | 14068.4 | 0.760826 | -0.648956 | 0 | CZ527 | 1
SCRIPT       : DATA_LOG | 1658216 | aRapBi1cCZPZAGLIDny3dk3hQ8vTmNTLHRl8zxmKgQ0= | 13565.8 | 15.2312 | 14068.4 | 0.760826 | -0.648956 | 0 | CZ527 | 1
SCRIPT       : DATA_LOG | 1659213 | aRapBi1cCZPZAGLIDny3dk3hQ8vTmNTLHRl8zxmKgQ0= | 13565.8 | 15.2312 | 14068.4 | 0.760826 | -0.648956 | 0 | CZ527 | 1
SCRIPT       : DATA_LOG | 1660216 | aRapBi1cCZPZAGLIDny3dk3hQ8vTmNTLHRl8zxmKgQ0= | 13565.8 | 15.2312 | 14068.4 | 0.760826 | -0.648956 | 0 | CZ527 | 1
SCRIPT       : DATA_LOG | 1661215 | aRapBi1cCZPZAGLIDny3dk3hQ8vTmNTLHRl8zxmKgQ0= | 13565.8 | 15.2312 | 14068.4 | 0.760826 | -0.648956 | 0 | CZ527 | 1
SCRIPT       : DATA_LOG | 1662216 | aRapBi1cCZPZAGLIDny3dk3hQ8vTmNTLHRl8zxmKgQ0= | 13565.8 | 15.2312 | 14068.4 | 0.760826 | -0.648956 | 0 | CZ527 | 1
SCRIPT       : DATA_LOG | 1663224 | aRapBi1cCZPZAGLIDny3dk3hQ8vTmNTLHRl8zxmKgQ0= | 13565.8 | 15.2312 | 14068.4 | 0.760826 | -0.648956 | 0 | CZ527 | 1
SCRIPT       : DATA_LOG | 1664222 | aRapBi1cCZPZAGLIDny3dk3hQ8vTmNTLHRl8zxmKgQ0= | 13565.8 | 15.2312 | 14068.4 | 0.760826 | -0.648956 | 0 | CZ527 | 1
SCRIPT       : DATA_LOG | 1665219 | aRapBi1cCZPZAGLIDny3dk3hQ8vTmNTLHRl8zxmKgQ0= | 13565.8 | 15.2312 | 14068.4 | 0.760826 | -0.648956 | 0 | CZ527 | 1
SCRIPT       : DATA_LOG | 1666221 | aRapBi1cCZPZAGLIDny3dk3hQ8vTmNTLHRl8zxmKgQ0= | 13565.8 | 15.2312 | 14068.4 | 0.760826 | -0.648956 | 0 | CZ527 | 1
SCRIPT       : DATA_LOG | 1667222 | aRapBi1cCZPZAGLIDny3dk3hQ8vTmNTLHRl8zxmKgQ0= | 13565.8 | 15.2312 | 14068.4 | 0.760826 | -0.648956 | 0 | CZ527 | 1
SCRIPT       : DATA_LOG | 1668222 | aRapBi1cCZPZAGLIDny3dk3hQ8vTmNTLHRl8zxmKgQ0= | 13565.8 | 15.2312 | 14068.4 | 0.760826 | -0.648956 | 0 | CZ527 | 1
SCRIPT       : DATA_LOG | 1669229 | aRapBi1cCZPZAGLIDny3dk3hQ8vTmNTLHRl8zxmKgQ0= | 13565.8 | 15.2312 | 14068.4 | 0.760826 | -0.648956 | 0 | CZ527 | 1
SCRIPT       : DATA_LOG | 1670225 | aRapBi1cCZPZAGLIDny3dk3hQ8vTmNTLHRl8zxmKgQ0= | 13565.8 | 15.2312 | 14068.4 | 0.760826 | -0.648956 | 0 | CZ527 | 1
SCRIPT       : DATA_LOG | 1671231 | aRapBi1cCZPZAGLIDny3dk3hQ8vTmNTLHRl8zxmKgQ0= | 13565.8 | 15.2312 | 14068.4 | 0.760826 | -0.648956 | 0 | CZ527 | 1
SCRIPT       : DATA_LOG | 1672233 | aRapBi1cCZPZAGLIDny3dk3hQ8vTmNTLHRl8zxmKgQ0= | 13565.8 | 15.2312 | 14068.4 | 0.760826 | -0.648956 | 0 | CZ527 | 1
SCRIPT       : DATA_LOG | 1673231 | aRapBi1cCZPZAGLIDny3dk3hQ8vTmNTLHRl8zxmKgQ0= | 13565.8 | 15.2312 | 14068.4 | 0.760826 | -0.648956 | 0 | CZ527 | 1
SCRIPT       : DATA_LOG | 1674230 | aRapBi1cCZPZAGLIDny3dk3hQ8vTmNTLHRl8zxmKgQ0= | 13565.8 | 15.2312 | 14068.4 | 0.760826 | -0.648956 | 0 | CZ527 | 1
SCRIPT       : DATA_LOG | 1675230 | aRapBi1cCZPZAGLIDny3dk3hQ8vTmNTLHRl8zxmKgQ0= | 13565.8 | 15.2312 | 14068.4 | 0.760826 | -0.648956 | 0 | CZ527 | 1
SCRIPT       : DATA_LOG | 1676235 | aRapBi1cCZPZAGLIDny3dk3hQ8vTmNTLHRl8zxmKgQ0= | 13565.8 | 15.2312 | 14068.4 | 0.760826 | -0.648956 | 0 | CZ527 | 1
SCRIPT       : DATA_LOG | 1677231 | aRapBi1cCZPZAGLIDny3dk3hQ8vTmNTLHRl8zxmKgQ0= | 13565.8 | 15.2312 | 14068.4 | 0.760826 | -0.648956 | 0 | CZ527 | 1
SCRIPT       : DATA_LOG | 1678234 | aRapBi1cCZPZAGLIDny3dk3hQ8vTmNTLHRl8zxmKgQ0= | 13565.8 | 15.2312 | 14068.4 | 0.760826 | -0.648956 | 0 | CZ527 | 1
SCRIPT       : DATA_LOG | 1679234 | aRapBi1cCZPZAGLIDny3dk3hQ8vTmNTLHRl8zxmKgQ0= | 13565.8 | 15.2312 | 14068.4 | 0.760826 | -0.648956 | 0 | CZ527 | 1
SCRIPT       : DATA_LOG | 1680235 | aRapBi1cCZPZAGLIDny3dk3hQ8vTmNTLHRl8zxmKgQ0= | 13565.8 | 15.2312 | 14068.4 | 0.760826 | -0.648956 | 0 | CZ527 | 1
SCRIPT       : DATA_LOG | 1681236 | aRapBi1cCZPZAGLIDny3dk3hQ8vTmNTLHRl8zxmKgQ0= | 13565.8 | 15.2312 | 14068.4 | 0.760826 | -0.648956 | 0 | CZ527 | 1
SCRIPT       : DATA_LOG | 1682236 | aRapBi1cCZPZAGLIDny3dk3hQ8vTmNTLHRl8zxmKgQ0= | 13565.8 | 15.2312 | 14068.4 | 0.760826 | -0.648956 | 0 | CZ527 | 1
SCRIPT       : DATA_LOG | 1683237 | aRapBi1cCZPZAGLIDny3dk3hQ8vTmNTLHRl8zxmKgQ0= | 13565.8 | 15.2312 | 14068.4 | 0.760826 | -0.648956 | 0 | CZ527 | 1
SCRIPT       : DATA_LOG | 1684238 | aRapBi1cCZPZAGLIDny3dk3hQ8vTmNTLHRl8zxmKgQ0= | 13565.8 | 15.2312 | 14068.4 | 0.760826 | -0.648956 | 0 | CZ527 | 1
SCRIPT       : DATA_LOG | 1685240 | aRapBi1cCZPZAGLIDny3dk3hQ8vTmNTLHRl8zxmKgQ0= | 13565.8 | 15.2312 | 14068.4 | 0.760826 | -0.648956 | 0 | CZ527 | 1
SCRIPT       : DATA_LOG | 1686239 | aRapBi1cCZPZAGLIDny3dk3hQ8vTmNTLHRl8zxmKgQ0= | 13565.8 | 15.2312 | 14068.4 | 0.760826 | -0.648956 | 0 | CZ527 | 1
SCRIPT       : DATA_LOG | 1687248 | aRapBi1cCZPZAGLIDny3dk3hQ8vTmNTLHRl8zxmKgQ0= | 13565.8 | 15.2312 | 14068.4 | 0.760826 | -0.648956 | 0 | CZ527 | 1
SCRIPT       : DATA_LOG | 1688243 | aRapBi1cCZPZAGLIDny3dk3hQ8vTmNTLHRl8zxmKgQ0= | 13565.8 | 15.2312 | 14068.4 | 0.760826 | -0.648956 | 0 | CZ527 | 1
SCRIPT       : DATA_LOG | 1689248 | aRapBi1cCZPZAGLIDny3dk3hQ8vTmNTLHRl8zxmKgQ0= | 13565.8 | 15.2312 | 14068.4 | 0.760826 | -0.648956 | 0 | CZ527 | 1
SCRIPT       : DATA_LOG | 1690245 | aRapBi1cCZPZAGLIDny3dk3hQ8vTmNTLHRl8zxmKgQ0= | 13565.8 | 15.2312 | 14068.4 | 0.760826 | -0.648956 | 0 | CZ527 | 1
SCRIPT       : DATA_LOG | 1691247 | aRapBi1cCZPZAGLIDny3dk3hQ8vTmNTLHRl8zxmKgQ0= | 13565.8 | 15.2312 | 14068.4 | 0.760826 | -0.648956 | 0 | CZ527 | 1
SCRIPT       : DATA_LOG | 1692246 | aRapBi1cCZPZAGLIDny3dk3hQ8vTmNTLHRl8zxmKgQ0= | 13565.8 | 15.2312 | 14068.4 | 0.760826 | -0.648956 | 0 | CZ527 | 1
SCRIPT       : DATA_LOG | 1693253 | aRapBi1cCZPZAGLIDny3dk3hQ8vTmNTLHRl8zxmKgQ0= | 13565.8 | 15.2312 | 14068.4 | 0.760826 | -0.648956 | 0 | CZ527 | 1
SCRIPT       : DATA_LOG | 1694248 | aRapBi1cCZPZAGLIDny3dk3hQ8vTmNTLHRl8zxmKgQ0= | 13565.8 | 15.2312 | 14068.4 | 0.760826 | -0.648956 | 0 | CZ527 | 1
SCRIPT       : DATA_LOG | 1695252 | aRapBi1cCZPZAGLIDny3dk3hQ8vTmNTLHRl8zxmKgQ0= | 13565.8 | 15.2312 | 14068.4 | 0.760826 | -0.648956 | 0 | CZ527 | 1
SCRIPT       : DATA_LOG | 1696250 | aRapBi1cCZPZAGLIDny3dk3hQ8vTmNTLHRl8zxmKgQ0= | 13565.8 | 15.2312 | 14068.4 | 0.760826 | -0.648956 | 0 | CZ527 | 1
SCRIPT       : DATA_LOG | 1697255 | aRapBi1cCZPZAGLIDny3dk3hQ8vTmNTLHRl8zxmKgQ0= | 13565.8 | 15.2312 | 14068.4 | 0.760826 | -0.648956 | 0 | CZ527 | 1
SCRIPT       : DATA_LOG | 1698252 | aRapBi1cCZPZAGLIDny3dk3hQ8vTmNTLHRl8zxmKgQ0= | 13565.8 | 15.2312 | 14068.4 | 0.760826 | -0.648956 | 0 | CZ527 | 1
SCRIPT       : DATA_LOG | 1699253 | aRapBi1cCZPZAGLIDny3dk3hQ8vTmNTLHRl8zxmKgQ0= | 13565.8 | 15.2312 | 14068.4 | 0.760826 | -0.648956 | 0 | CZ527 | 1
SCRIPT       : DATA_LOG | 1700255 | aRapBi1cCZPZAGLIDny3dk3hQ8vTmNTLHRl8zxmKgQ0= | 13565.8 | 15.2312 | 14068.4 | 0.760826 | -0.648956 | 0 | CZ527 | 1
SCRIPT       : DATA_LOG | 1701257 | aRapBi1cCZPZAGLIDny3dk3hQ8vTmNTLHRl8zxmKgQ0= | 13565.8 | 15.2312 | 14068.4 | 0.760826 | -0.648956 | 0 | CZ527 | 1
SCRIPT       : DATA_LOG | 1702262 | aRapBi1cCZPZAGLIDny3dk3hQ8vTmNTLHRl8zxmKgQ0= | 13565.8 | 15.2312 | 14068.4 | 0.760826 | -0.648956 | 0 | CZ527 | 1
SCRIPT       : DATA_LOG | 1703258 | aRapBi1cCZPZAGLIDny3dk3hQ8vTmNTLHRl8zxmKgQ0= | 13565.8 | 15.2312 | 14068.4 | 0.760826 | -0.648956 | 0 | CZ527 | 1
SCRIPT       : DATA_LOG | 1704264 | aRapBi1cCZPZAGLIDny3dk3hQ8vTmNTLHRl8zxmKgQ0= | 13565.8 | 15.2312 | 14068.4 | 0.760826 | -0.648956 | 0 | CZ527 | 1
SCRIPT       : DATA_LOG | 1705261 | aRapBi1cCZPZAGLIDny3dk3hQ8vTmNTLHRl8zxmKgQ0= | 13565.8 | 15.2312 | 14068.4 | 0.760826 | -0.648956 | 0 | CZ527 | 1
SCRIPT       : DATA_LOG | 1706262 | aRapBi1cCZPZAGLIDny3dk3hQ8vTmNTLHRl8zxmKgQ0= | 13565.8 | 15.2312 | 14068.4 | 0.760826 | -0.648956 | 0 | CZ527 | 1
SCRIPT       : DATA_LOG | 1707262 | aRapBi1cCZPZAGLIDny3dk3hQ8vTmNTLHRl8zxmKgQ0= | 13565.8 | 15.2312 | 14068.4 | 0.760826 | -0.648956 | 0 | CZ527 | 1
SCRIPT       : DATA_LOG | 1708261 | aRapBi1cCZPZAGLIDny3dk3hQ8vTmNTLHRl8zxmKgQ0= | 13565.8 | 15.2312 | 14068.4 | 0.760826 | -0.648956 | 0 | CZ527 | 1
SCRIPT       : DATA_LOG | 1709264 | aRapBi1cCZPZAGLIDny3dk3hQ8vTmNTLHRl8zxmKgQ0= | 13565.8 | 15.2312 | 14068.4 | 0.760826 | -0.648956 | 0 | CZ527 | 1
SCRIPT       : DATA_LOG | 1710265 | aRapBi1cCZPZAGLIDny3dk3hQ8vTmNTLHRl8zxmKgQ0= | 13565.8 | 15.2312 | 14068.4 | 0.760826 | -0.648956 | 0 | CZ527 | 1
SCRIPT       : DATA_LOG | 1711265 | aRapBi1cCZPZAGLIDny3dk3hQ8vTmNTLHRl8zxmKgQ0= | 13565.8 | 15.2312 | 14068.4 | 0.760826 | -0.648956 | 0 | CZ527 | 1
SCRIPT       : DATA_LOG | 1712268 | aRapBi1cCZPZAGLIDny3dk3hQ8vTmNTLHRl8zxmKgQ0= | 13565.8 | 15.2312 | 14068.4 | 0.760826 | -0.648956 | 0 | CZ527 | 1
SCRIPT       : DATA_LOG | 1713272 | aRapBi1cCZPZAGLIDny3dk3hQ8vTmNTLHRl8zxmKgQ0= | 13565.8 | 15.2312 | 14068.4 | 0.760826 | -0.648956 | 0 | CZ527 | 1
SCRIPT       : DATA_LOG | 1714268 | aRapBi1cCZPZAGLIDny3dk3hQ8vTmNTLHRl8zxmKgQ0= | 13565.8 | 15.2312 | 14068.4 | 0.760826 | -0.648956 | 0 | CZ527 | 1
SCRIPT       : DATA_LOG | 1715269 | aRapBi1cCZPZAGLIDny3dk3hQ8vTmNTLHRl8zxmKgQ0= | 13565.8 | 15.2312 | 14068.4 | 0.760826 | -0.648956 | 0 | CZ527 | 1
SCRIPT       : DATA_LOG | 1716275 | aRapBi1cCZPZAGLIDny3dk3hQ8vTmNTLHRl8zxmKgQ0= | 13565.8 | 15.2312 | 14068.4 | 0.760826 | -0.648956 | 0 | CZ527 | 1
SCRIPT       : DATA_LOG | 1717274 | aRapBi1cCZPZAGLIDny3dk3hQ8vTmNTLHRl8zxmKgQ0= | 13565.8 | 15.2312 | 14068.4 | 0.760826 | -0.648956 | 0 | CZ527 | 1
SCRIPT       : DATA_LOG | 1718273 | aRapBi1cCZPZAGLIDny3dk3hQ8vTmNTLHRl8zxmKgQ0= | 13565.8 | 15.2312 | 14068.4 | 0.760826 | -0.648956 | 0 | CZ527 | 1
SCRIPT       : DATA_LOG | 1719273 | aRapBi1cCZPZAGLIDny3dk3hQ8vTmNTLHRl8zxmKgQ0= | 13565.8 | 15.2312 | 14068.4 | 0.760826 | -0.648956 | 0 | CZ527 | 1
SCRIPT       : DATA_LOG | 1720274 | aRapBi1cCZPZAGLIDny3dk3hQ8vTmNTLHRl8zxmKgQ0= | 13565.8 | 15.2312 | 14068.4 | 0.760826 | -0.648956 | 0 | CZ527 | 1
SCRIPT       : DATA_LOG | 1721275 | aRapBi1cCZPZAGLIDny3dk3hQ8vTmNTLHRl8zxmKgQ0= | 13565.8 | 15.2312 | 14068.4 | 0.760826 | -0.648956 | 0 | CZ527 | 1
SCRIPT       : DATA_LOG | 1722276 | aRapBi1cCZPZAGLIDny3dk3hQ8vTmNTLHRl8zxmKgQ0= | 13565.8 | 15.2312 | 14068.4 | 0.760826 | -0.648956 | 0 | CZ527 | 1
SCRIPT       : DATA_LOG | 1723279 | aRapBi1cCZPZAGLIDny3dk3hQ8vTmNTLHRl8zxmKgQ0= | 13565.8 | 15.2312 | 14068.4 | 0.760826 | -0.648956 | 0 | CZ527 | 1
SCRIPT       : DATA_LOG | 1724278 | aRapBi1cCZPZAGLIDny3dk3hQ8vTmNTLHRl8zxmKgQ0= | 13565.8 | 15.2312 | 14068.4 | 0.760826 | -0.648956 | 0 | CZ527 | 1
SCRIPT       : DATA_LOG | 1725279 | aRapBi1cCZPZAGLIDny3dk3hQ8vTmNTLHRl8zxmKgQ0= | 13565.8 | 15.2312 | 14068.4 | 0.760826 | -0.648956 | 0 | CZ527 | 1
SCRIPT       : DATA_LOG | 1726281 | aRapBi1cCZPZAGLIDny3dk3hQ8vTmNTLHRl8zxmKgQ0= | 13565.8 | 15.2312 | 14068.4 | 0.760826 | -0.648956 | 0 | CZ527 | 1
SCRIPT       : DATA_LOG | 1727282 | aRapBi1cCZPZAGLIDny3dk3hQ8vTmNTLHRl8zxmKgQ0= | 13565.8 | 15.2312 | 14068.4 | 0.760826 | -0.648956 | 0 | CZ527 | 1
SCRIPT       : DATA_LOG | 1728282 | aRapBi1cCZPZAGLIDny3dk3hQ8vTmNTLHRl8zxmKgQ0= | 13565.8 | 15.2312 | 14068.4 | 0.760826 | -0.648956 | 0 | CZ527 | 1
SCRIPT       : DATA_LOG | 1729283 | aRapBi1cCZPZAGLIDny3dk3hQ8vTmNTLHRl8zxmKgQ0= | 13565.8 | 15.2312 | 14068.4 | 0.760826 | -0.648956 | 0 | CZ527 | 1
SCRIPT       : DATA_LOG | 1730284 | aRapBi1cCZPZAGLIDny3dk3hQ8vTmNTLHRl8zxmKgQ0= | 13565.8 | 15.2312 | 14068.4 | 0.760826 | -0.648956 | 0 | CZ527 | 1
SCRIPT       : DATA_LOG | 1731285 | aRapBi1cCZPZAGLIDny3dk3hQ8vTmNTLHRl8zxmKgQ0= | 13565.8 | 15.2312 | 14068.4 | 0.760826 | -0.648956 | 0 | CZ527 | 1
SCRIPT       : DATA_LOG | 1732287 | aRapBi1cCZPZAGLIDny3dk3hQ8vTmNTLHRl8zxmKgQ0= | 13565.8 | 15.2312 | 14068.4 | 0.760826 | -0.648956 | 0 | CZ527 | 1
SCRIPT       : DATA_LOG | 1733287 | aRapBi1cCZPZAGLIDny3dk3hQ8vTmNTLHRl8zxmKgQ0= | 13565.8 | 15.2312 | 14068.4 | 0.760826 | -0.648956 | 0 | CZ527 | 1
SCRIPT       : DATA_LOG | 1734289 | aRapBi1cCZPZAGLIDny3dk3hQ8vTmNTLHRl8zxmKgQ0= | 13565.8 | 15.2312 | 14068.4 | 0.760826 | -0.648956 | 0 | CZ527 | 1
SCRIPT       : DATA_LOG | 1735292 | aRapBi1cCZPZAGLIDny3dk3hQ8vTmNTLHRl8zxmKgQ0= | 13565.8 | 15.2312 | 14068.4 | 0.760826 | -0.648956 | 0 | CZ527 | 1
SCRIPT       : DATA_LOG | 1736299 | aRapBi1cCZPZAGLIDny3dk3hQ8vTmNTLHRl8zxmKgQ0= | 13565.8 | 15.2312 | 14068.4 | 0.760826 | -0.648956 | 0 | CZ527 | 1
SCRIPT       : DATA_LOG | 1737291 | aRapBi1cCZPZAGLIDny3dk3hQ8vTmNTLHRl8zxmKgQ0= | 13565.8 | 15.2312 | 14068.4 | 0.760826 | -0.648956 | 0 | CZ527 | 1
SCRIPT       : DATA_LOG | 1738299 | aRapBi1cCZPZAGLIDny3dk3hQ8vTmNTLHRl8zxmKgQ0= | 13565.8 | 15.2312 | 14068.4 | 0.760826 | -0.648956 | 0 | CZ527 | 1
SCRIPT       : DATA_LOG | 1739295 | aRapBi1cCZPZAGLIDny3dk3hQ8vTmNTLHRl8zxmKgQ0= | 13565.8 | 15.2312 | 14068.4 | 0.760826 | -0.648956 | 0 | CZ527 | 1
SCRIPT       : DATA_LOG | 1740299 | aRapBi1cCZPZAGLIDny3dk3hQ8vTmNTLHRl8zxmKgQ0= | 13565.8 | 15.2312 | 14068.4 | 0.760826 | -0.648956 | 0 | CZ527 | 1
SCRIPT       : DATA_LOG | 1741298 | aRapBi1cCZPZAGLIDny3dk3hQ8vTmNTLHRl8zxmKgQ0= | 13565.8 | 15.2312 | 14068.4 | 0.760826 | -0.648956 | 0 | CZ527 | 1
SCRIPT       : DATA_LOG | 1742298 | aRapBi1cCZPZAGLIDny3dk3hQ8vTmNTLHRl8zxmKgQ0= | 13565.8 | 15.2312 | 14068.4 | 0.760826 | -0.648956 | 0 | CZ527 | 1
SCRIPT       : DATA_LOG | 1743300 | aRapBi1cCZPZAGLIDny3dk3hQ8vTmNTLHRl8zxmKgQ0= | 13565.8 | 15.2312 | 14068.4 | 0.760826 | -0.648956 | 0 | CZ527 | 1
SCRIPT       : DATA_LOG | 1744298 | aRapBi1cCZPZAGLIDny3dk3hQ8vTmNTLHRl8zxmKgQ0= | 13565.8 | 15.2312 | 14068.4 | 0.760826 | -0.648956 | 0 | CZ527 | 1
SCRIPT       : DATA_LOG | 1745300 | aRapBi1cCZPZAGLIDny3dk3hQ8vTmNTLHRl8zxmKgQ0= | 13565.8 | 15.2312 | 14068.4 | 0.760826 | -0.648956 | 0 | CZ527 | 1
SCRIPT       : DATA_LOG | 1746300 | aRapBi1cCZPZAGLIDny3dk3hQ8vTmNTLHRl8zxmKgQ0= | 13565.8 | 15.2312 | 14068.4 | 0.760826 | -0.648956 | 0 | CZ527 | 1
SCRIPT       : DATA_LOG | 1747301 | aRapBi1cCZPZAGLIDny3dk3hQ8vTmNTLHRl8zxmKgQ0= | 13565.8 | 15.2312 | 14068.4 | 0.760826 | -0.648956 | 0 | CZ527 | 1
SCRIPT       : DATA_LOG | 1748301 | aRapBi1cCZPZAGLIDny3dk3hQ8vTmNTLHRl8zxmKgQ0= | 13565.8 | 15.2312 | 14068.4 | 0.760826 | -0.648956 | 0 | CZ527 | 1
SCRIPT       : DATA_LOG | 1749303 | aRapBi1cCZPZAGLIDny3dk3hQ8vTmNTLHRl8zxmKgQ0= | 13565.8 | 15.2312 | 14068.4 | 0.760826 | -0.648956 | 0 | CZ527 | 1
SCRIPT       : DATA_LOG | 1750304 | aRapBi1cCZPZAGLIDny3dk3hQ8vTmNTLHRl8zxmKgQ0= | 13565.8 | 15.2312 | 14068.4 | 0.760826 | -0.648956 | 0 | CZ527 | 1
SCRIPT       : DATA_LOG | 1751305 | aRapBi1cCZPZAGLIDny3dk3hQ8vTmNTLHRl8zxmKgQ0= | 13565.8 | 15.2312 | 14068.4 | 0.760826 | -0.648956 | 0 | CZ527 | 1
SCRIPT       : DATA_LOG | 1752308 | aRapBi1cCZPZAGLIDny3dk3hQ8vTmNTLHRl8zxmKgQ0= | 13565.8 | 15.2312 | 14068.4 | 0.760826 | -0.648956 | 0 | CZ527 | 1
SCRIPT       : DATA_LOG | 1753307 | aRapBi1cCZPZAGLIDny3dk3hQ8vTmNTLHRl8zxmKgQ0= | 13565.8 | 15.2312 | 14068.4 | 0.760826 | -0.648956 | 0 | CZ527 | 1
SCRIPT       : DATA_LOG | 1754309 | aRapBi1cCZPZAGLIDny3dk3hQ8vTmNTLHRl8zxmKgQ0= | 13565.8 | 15.2312 | 14068.4 | 0.760826 | -0.648956 | 0 | CZ527 | 1
SCRIPT       : DATA_LOG | 1755309 | aRapBi1cCZPZAGLIDny3dk3hQ8vTmNTLHRl8zxmKgQ0= | 13565.8 | 15.2312 | 14068.4 | 0.760826 | -0.648956 | 0 | CZ527 | 1
SCRIPT       : DATA_LOG | 1756310 | aRapBi1cCZPZAGLIDny3dk3hQ8vTmNTLHRl8zxmKgQ0= | 13565.8 | 15.2312 | 14068.4 | 0.760826 | -0.648956 | 0 | CZ527 | 1
SCRIPT       : DATA_LOG | 1757311 | aRapBi1cCZPZAGLIDny3dk3hQ8vTmNTLHRl8zxmKgQ0= | 13565.8 | 15.2312 | 14068.4 | 0.760826 | -0.648956 | 0 | CZ527 | 1
SCRIPT       : DATA_LOG | 1758311 | aRapBi1cCZPZAGLIDny3dk3hQ8vTmNTLHRl8zxmKgQ0= | 13565.8 | 15.2312 | 14068.4 | 0.760826 | -0.648956 | 0 | CZ527 | 1
SCRIPT       : DATA_LOG | 1759313 | aRapBi1cCZPZAGLIDny3dk3hQ8vTmNTLHRl8zxmKgQ0= | 13565.8 | 15.2312 | 14068.4 | 0.760826 | -0.648956 | 0 | CZ527 | 1
SCRIPT       : DATA_LOG | 1760314 | aRapBi1cCZPZAGLIDny3dk3hQ8vTmNTLHRl8zxmKgQ0= | 13565.8 | 15.2312 | 14068.4 | 0.760826 | -0.648956 | 0 | CZ527 | 1
SCRIPT       : DATA_LOG | 1761316 | aRapBi1cCZPZAGLIDny3dk3hQ8vTmNTLHRl8zxmKgQ0= | 13565.8 | 15.2312 | 14068.4 | 0.760826 | -0.648956 | 0 | CZ527 | 1
SCRIPT       : DATA_LOG | 1762316 | aRapBi1cCZPZAGLIDny3dk3hQ8vTmNTLHRl8zxmKgQ0= | 13565.8 | 15.2312 | 14068.4 | 0.760826 | -0.648956 | 0 | CZ527 | 1
SCRIPT       : DATA_LOG | 1763317 | aRapBi1cCZPZAGLIDny3dk3hQ8vTmNTLHRl8zxmKgQ0= | 13565.8 | 15.2312 | 14068.4 | 0.760826 | -0.648956 | 0 | CZ527 | 1
SCRIPT       : DATA_LOG | 1764321 | aRapBi1cCZPZAGLIDny3dk3hQ8vTmNTLHRl8zxmKgQ0= | 13565.8 | 15.2312 | 14068.4 | 0.760826 | -0.648956 | 0 | CZ527 | 1
SCRIPT       : DATA_LOG | 1765325 | aRapBi1cCZPZAGLIDny3dk3hQ8vTmNTLHRl8zxmKgQ0= | 13565.8 | 15.2312 | 14068.4 | 0.760826 | -0.648956 | 0 | CZ527 | 1
SCRIPT       : DATA_LOG | 1766319 | aRapBi1cCZPZAGLIDny3dk3hQ8vTmNTLHRl8zxmKgQ0= | 13565.8 | 15.2312 | 14068.4 | 0.760826 | -0.648956 | 0 | CZ527 | 1
SCRIPT       : DATA_LOG | 1767321 | aRapBi1cCZPZAGLIDny3dk3hQ8vTmNTLHRl8zxmKgQ0= | 13565.8 | 15.2312 | 14068.4 | 0.760826 | -0.648956 | 0 | CZ527 | 1
SCRIPT       : DATA_LOG | 1768323 | aRapBi1cCZPZAGLIDny3dk3hQ8vTmNTLHRl8zxmKgQ0= | 13565.8 | 15.2312 | 14068.4 | 0.760826 | -0.648956 | 0 | CZ527 | 1
SCRIPT       : DATA_LOG | 1769330 | aRapBi1cCZPZAGLIDny3dk3hQ8vTmNTLHRl8zxmKgQ0= | 13565.8 | 15.2312 | 14068.4 | 0.760826 | -0.648956 | 0 | CZ527 | 1
SCRIPT       : DATA_LOG | 1770324 | aRapBi1cCZPZAGLIDny3dk3hQ8vTmNTLHRl8zxmKgQ0= | 13565.8 | 15.2312 | 14068.4 | 0.760826 | -0.648956 | 0 | CZ527 | 1
SCRIPT       : DATA_LOG | 1771327 | aRapBi1cCZPZAGLIDny3dk3hQ8vTmNTLHRl8zxmKgQ0= | 13565.8 | 15.2312 | 14068.4 | 0.760826 | -0.648956 | 0 | CZ527 | 1
SCRIPT       : DATA_LOG | 1772326 | aRapBi1cCZPZAGLIDny3dk3hQ8vTmNTLHRl8zxmKgQ0= | 13565.8 | 15.2312 | 14068.4 | 0.760826 | -0.648956 | 0 | CZ527 | 1
SCRIPT       : DATA_LOG | 1773327 | aRapBi1cCZPZAGLIDny3dk3hQ8vTmNTLHRl8zxmKgQ0= | 13565.8 | 15.2312 | 14068.4 | 0.760826 | -0.648956 | 0 | CZ527 | 1
SCRIPT       : DATA_LOG | 1774328 | aRapBi1cCZPZAGLIDny3dk3hQ8vTmNTLHRl8zxmKgQ0= | 13565.8 | 15.2312 | 14068.4 | 0.760826 | -0.648956 | 0 | CZ527 | 1
SCRIPT       : DATA_LOG | 1775335 | aRapBi1cCZPZAGLIDny3dk3hQ8vTmNTLHRl8zxmKgQ0= | 13565.8 | 15.2312 | 14068.4 | 0.760826 | -0.648956 | 0 | CZ527 | 1
SCRIPT       : DATA_LOG | 1776330 | aRapBi1cCZPZAGLIDny3dk3hQ8vTmNTLHRl8zxmKgQ0= | 13565.8 | 15.2312 | 14068.4 | 0.760826 | -0.648956 | 0 | CZ527 | 1
SCRIPT       : DATA_LOG | 1777334 | aRapBi1cCZPZAGLIDny3dk3hQ8vTmNTLHRl8zxmKgQ0= | 13565.8 | 15.2312 | 14068.4 | 0.760826 | -0.648956 | 0 | CZ527 | 1
SCRIPT       : DATA_LOG | 1778332 | aRapBi1cCZPZAGLIDny3dk3hQ8vTmNTLHRl8zxmKgQ0= | 13565.8 | 15.2312 | 14068.4 | 0.760826 | -0.648956 | 0 | CZ527 | 1
SCRIPT       : DATA_LOG | 1779334 | aRapBi1cCZPZAGLIDny3dk3hQ8vTmNTLHRl8zxmKgQ0= | 13565.8 | 15.2312 | 14068.4 | 0.760826 | -0.648956 | 0 | CZ527 | 1
SCRIPT       : DATA_LOG | 1780334 | aRapBi1cCZPZAGLIDny3dk3hQ8vTmNTLHRl8zxmKgQ0= | 13565.8 | 15.2312 | 14068.4 | 0.760826 | -0.648956 | 0 | CZ527 | 1
SCRIPT       : DATA_LOG | 1781335 | aRapBi1cCZPZAGLIDny3dk3hQ8vTmNTLHRl8zxmKgQ0= | 13565.8 | 15.2312 | 14068.4 | 0.760826 | -0.648956 | 0 | CZ527 | 1
SCRIPT       : DATA_LOG | 1782337 | aRapBi1cCZPZAGLIDny3dk3hQ8vTmNTLHRl8zxmKgQ0= | 13565.8 | 15.2312 | 14068.4 | 0.760826 | -0.648956 | 0 | CZ527 | 1
SCRIPT       : DATA_LOG | 1783337 | aRapBi1cCZPZAGLIDny3dk3hQ8vTmNTLHRl8zxmKgQ0= | 13565.8 | 15.2312 | 14068.4 | 0.760826 | -0.648956 | 0 | CZ527 | 1
SCRIPT       : DATA_LOG | 1784345 | aRapBi1cCZPZAGLIDny3dk3hQ8vTmNTLHRl8zxmKgQ0= | 13565.8 | 15.2312 | 14068.4 | 0.760826 | -0.648956 | 0 | CZ527 | 1
SCRIPT       : DATA_LOG | 1785340 | aRapBi1cCZPZAGLIDny3dk3hQ8vTmNTLHRl8zxmKgQ0= | 13565.8 | 15.2312 | 14068.4 | 0.760826 | -0.648956 | 0 | CZ527 | 1
SCRIPT       : DATA_LOG | 1786340 | aRapBi1cCZPZAGLIDny3dk3hQ8vTmNTLHRl8zxmKgQ0= | 13565.8 | 15.2312 | 14068.4 | 0.760826 | -0.648956 | 0 | CZ527 | 1
SCRIPT       : DATA_LOG | 1787345 | aRapBi1cCZPZAGLIDny3dk3hQ8vTmNTLHRl8zxmKgQ0= | 13565.8 | 15.2312 | 14068.4 | 0.760826 | -0.648956 | 0 | CZ527 | 1
SCRIPT       : DATA_LOG | 1788344 | aRapBi1cCZPZAGLIDny3dk3hQ8vTmNTLHRl8zxmKgQ0= | 13565.8 | 15.2312 | 14068.4 | 0.760826 | -0.648956 | 0 | CZ527 | 1
SCRIPT       : DATA_LOG | 1789348 | aRapBi1cCZPZAGLIDny3dk3hQ8vTmNTLHRl8zxmKgQ0= | 13565.8 | 15.2312 | 14068.4 | 0.760826 | -0.648956 | 0 | CZ527 | 1
SCRIPT       : DATA_LOG | 1790345 | aRapBi1cCZPZAGLIDny3dk3hQ8vTmNTLHRl8zxmKgQ0= | 13565.8 | 15.2312 | 14068.4 | 0.760826 | -0.648956 | 0 | CZ527 | 1
SCRIPT       : DATA_LOG | 1791347 | aRapBi1cCZPZAGLIDny3dk3hQ8vTmNTLHRl8zxmKgQ0= | 13565.8 | 15.2312 | 14068.4 | 0.760826 | -0.648956 | 0 | CZ527 | 1
SCRIPT       : DATA_LOG | 1792346 | aRapBi1cCZPZAGLIDny3dk3hQ8vTmNTLHRl8zxmKgQ0= | 13565.8 | 15.2312 | 14068.4 | 0.760826 | -0.648956 | 0 | CZ527 | 1
SCRIPT       : DATA_LOG | 1793349 | aRapBi1cCZPZAGLIDny3dk3hQ8vTmNTLHRl8zxmKgQ0= | 13565.8 | 15.2312 | 14068.4 | 0.760826 | -0.648956 | 0 | CZ527 | 1
SCRIPT       : DATA_LOG | 1794348 | aRapBi1cCZPZAGLIDny3dk3hQ8vTmNTLHRl8zxmKgQ0= | 13565.8 | 15.2312 | 14068.4 | 0.760826 | -0.648956 | 0 | CZ527 | 1
SCRIPT       : DATA_LOG | 1795352 | aRapBi1cCZPZAGLIDny3dk3hQ8vTmNTLHRl8zxmKgQ0= | 13565.8 | 15.2312 | 14068.4 | 0.760826 | -0.648956 | 0 | CZ527 | 1
SCRIPT       : DATA_LOG | 1796352 | aRapBi1cCZPZAGLIDny3dk3hQ8vTmNTLHRl8zxmKgQ0= | 13565.8 | 15.2312 | 14068.4 | 0.760826 | -0.648956 | 0 | CZ527 | 1
SCRIPT       : DATA_LOG | 1797353 | aRapBi1cCZPZAGLIDny3dk3hQ8vTmNTLHRl8zxmKgQ0= | 13565.8 | 15.2312 | 14068.4 | 0.760826 | -0.648956 | 0 | CZ527 | 1
SCRIPT       : DATA_LOG | 1798352 | aRapBi1cCZPZAGLIDny3dk3hQ8vTmNTLHRl8zxmKgQ0= | 13565.8 | 15.2312 | 14068.4 | 0.760826 | -0.648956 | 0 | CZ527 | 1
SCRIPT       : DATA_LOG | 1799353 | aRapBi1cCZPZAGLIDny3dk3hQ8vTmNTLHRl8zxmKgQ0= | 13565.8 | 15.2312 | 14068.4 | 0.760826 | -0.648956 | 0 | CZ527 | 1
SCRIPT       : DATA_LOG | 1800353 | aRapBi1cCZPZAGLIDny3dk3hQ8vTmNTLHRl8zxmKgQ0= | 13565.8 | 15.2312 | 14068.4 | 0.760826 | -0.648956 | 0 | CZ527 | 1
SCRIPT       : DATA_LOG | 1801355 | aRapBi1cCZPZAGLIDny3dk3hQ8vTmNTLHRl8zxmKgQ0= | 13565.8 | 15.2312 | 14068.4 | 0.760826 | -0.648956 | 0 | CZ527 | 1
SCRIPT       : DATA_LOG | 1802366 | aRapBi1cCZPZAGLIDny3dk3hQ8vTmNTLHRl8zxmKgQ0= | 13565.8 | 15.2312 | 14068.4 | 0.760826 | -0.648956 | 0 | CZ527 | 1
SCRIPT       : DATA_LOG | 1803358 | aRapBi1cCZPZAGLIDny3dk3hQ8vTmNTLHRl8zxmKgQ0= | 13565.8 | 15.2312 | 14068.4 | 0.760826 | -0.648956 | 0 | CZ527 | 1
SCRIPT       : DATA_LOG | 1804361 | aRapBi1cCZPZAGLIDny3dk3hQ8vTmNTLHRl8zxmKgQ0= | 13565.8 | 15.2312 | 14068.4 | 0.760826 | -0.648956 | 0 | CZ527 | 1
SCRIPT       : DATA_LOG | 1805360 | aRapBi1cCZPZAGLIDny3dk3hQ8vTmNTLHRl8zxmKgQ0= | 13565.8 | 15.2312 | 14068.4 | 0.760826 | -0.648956 | 0 | CZ527 | 1
SCRIPT       : DATA_LOG | 1806362 | aRapBi1cCZPZAGLIDny3dk3hQ8vTmNTLHRl8zxmKgQ0= | 13565.8 | 15.2312 | 14068.4 | 0.760826 | -0.648956 | 0 | CZ527 | 1
SCRIPT       : DATA_LOG | 1807360 | aRapBi1cCZPZAGLIDny3dk3hQ8vTmNTLHRl8zxmKgQ0= | 13565.8 | 15.2312 | 14068.4 | 0.760826 | -0.648956 | 0 | CZ527 | 1
SCRIPT       : DATA_LOG | 1808363 | aRapBi1cCZPZAGLIDny3dk3hQ8vTmNTLHRl8zxmKgQ0= | 13565.8 | 15.2312 | 14068.4 | 0.760826 | -0.648956 | 0 | CZ527 | 1
SCRIPT       : DATA_LOG | 1809363 | aRapBi1cCZPZAGLIDny3dk3hQ8vTmNTLHRl8zxmKgQ0= | 13565.8 | 15.2312 | 14068.4 | 0.760826 | -0.648956 | 0 | CZ527 | 1
SCRIPT       : DATA_LOG | 1810365 | aRapBi1cCZPZAGLIDny3dk3hQ8vTmNTLHRl8zxmKgQ0= | 13565.8 | 15.2312 | 14068.4 | 0.760826 | -0.648956 | 0 | CZ527 | 1
SCRIPT       : DATA_LOG | 1811365 | aRapBi1cCZPZAGLIDny3dk3hQ8vTmNTLHRl8zxmKgQ0= | 13565.8 | 15.2312 | 14068.4 | 0.760826 | -0.648956 | 0 | CZ527 | 1
SCRIPT       : DATA_LOG | 1812366 | aRapBi1cCZPZAGLIDny3dk3hQ8vTmNTLHRl8zxmKgQ0= | 13565.8 | 15.2312 | 14068.4 | 0.760826 | -0.648956 | 0 | CZ527 | 1
SCRIPT       : DATA_LOG | 1813367 | aRapBi1cCZPZAGLIDny3dk3hQ8vTmNTLHRl8zxmKgQ0= | 13565.8 | 15.2312 | 14068.4 | 0.760826 | -0.648956 | 0 | CZ527 | 1
SCRIPT       : DATA_LOG | 1814370 | aRapBi1cCZPZAGLIDny3dk3hQ8vTmNTLHRl8zxmKgQ0= | 13565.8 | 15.2312 | 14068.4 | 0.760826 | -0.648956 | 0 | CZ527 | 1
SCRIPT       : DATA_LOG | 1815370 | aRapBi1cCZPZAGLIDny3dk3hQ8vTmNTLHRl8zxmKgQ0= | 13565.8 | 15.2312 | 14068.4 | 0.760826 | -0.648956 | 0 | CZ527 | 1
SCRIPT       : DATA_LOG | 1816370 | aRapBi1cCZPZAGLIDny3dk3hQ8vTmNTLHRl8zxmKgQ0= | 13565.8 | 15.2312 | 14068.4 | 0.760826 | -0.648956 | 0 | CZ527 | 1
SCRIPT       : DATA_LOG | 1817371 | aRapBi1cCZPZAGLIDny3dk3hQ8vTmNTLHRl8zxmKgQ0= | 13565.8 | 15.2312 | 14068.4 | 0.760826 | -0.648956 | 0 | CZ527 | 1
SCRIPT       : DATA_LOG | 1818372 | aRapBi1cCZPZAGLIDny3dk3hQ8vTmNTLHRl8zxmKgQ0= | 13565.8 | 15.2312 | 14068.4 | 0.760826 | -0.648956 | 0 | CZ527 | 1
SCRIPT       : DATA_LOG | 1819373 | aRapBi1cCZPZAGLIDny3dk3hQ8vTmNTLHRl8zxmKgQ0= | 13565.8 | 15.2312 | 14068.4 | 0.760826 | -0.648956 | 0 | CZ527 | 1
SCRIPT       : DATA_LOG | 1820374 | aRapBi1cCZPZAGLIDny3dk3hQ8vTmNTLHRl8zxmKgQ0= | 13565.8 | 15.2312 | 14068.4 | 0.760826 | -0.648956 | 0 | CZ527 | 1
SCRIPT       : DATA_LOG | 1821376 | aRapBi1cCZPZAGLIDny3dk3hQ8vTmNTLHRl8zxmKgQ0= | 13565.8 | 15.2312 | 14068.4 | 0.760826 | -0.648956 | 0 | CZ527 | 1
SCRIPT       : DATA_LOG | 1822376 | aRapBi1cCZPZAGLIDny3dk3hQ8vTmNTLHRl8zxmKgQ0= | 13565.8 | 15.2312 | 14068.4 | 0.760826 | -0.648956 | 0 | CZ527 | 1
SCRIPT       : DATA_LOG | 1823377 | aRapBi1cCZPZAGLIDny3dk3hQ8vTmNTLHRl8zxmKgQ0= | 13565.8 | 15.2312 | 14068.4 | 0.760826 | -0.648956 | 0 | CZ527 | 1
SCRIPT       : DATA_LOG | 1824378 | aRapBi1cCZPZAGLIDny3dk3hQ8vTmNTLHRl8zxmKgQ0= | 13565.8 | 15.2312 | 14068.4 | 0.760826 | -0.648956 | 0 | CZ527 | 1
SCRIPT       : DATA_LOG | 1825379 | aRapBi1cCZPZAGLIDny3dk3hQ8vTmNTLHRl8zxmKgQ0= | 13565.8 | 15.2312 | 14068.4 | 0.760826 | -0.648956 | 0 | CZ527 | 1
SCRIPT       : DATA_LOG | 1826380 | aRapBi1cCZPZAGLIDny3dk3hQ8vTmNTLHRl8zxmKgQ0= | 13565.8 | 15.2312 | 14068.4 | 0.760826 | -0.648956 | 0 | CZ527 | 1
SCRIPT       : DATA_LOG | 1827385 | aRapBi1cCZPZAGLIDny3dk3hQ8vTmNTLHRl8zxmKgQ0= | 13565.8 | 15.2312 | 14068.4 | 0.760826 | -0.648956 | 0 | CZ527 | 1
SCRIPT       : DATA_LOG | 1828382 | aRapBi1cCZPZAGLIDny3dk3hQ8vTmNTLHRl8zxmKgQ0= | 13565.8 | 15.2312 | 14068.4 | 0.760826 | -0.648956 | 0 | CZ527 | 1
SCRIPT       : DATA_LOG | 1829384 | aRapBi1cCZPZAGLIDny3dk3hQ8vTmNTLHRl8zxmKgQ0= | 13565.8 | 15.2312 | 14068.4 | 0.760826 | -0.648956 | 0 | CZ527 | 1
SCRIPT       : DATA_LOG | 1830385 | aRapBi1cCZPZAGLIDny3dk3hQ8vTmNTLHRl8zxmKgQ0= | 13565.8 | 15.2312 | 14068.4 | 0.760826 | -0.648956 | 0 | CZ527 | 1
SCRIPT       : DATA_LOG | 1831389 | aRapBi1cCZPZAGLIDny3dk3hQ8vTmNTLHRl8zxmKgQ0= | 13565.8 | 15.2312 | 14068.4 | 0.760826 | -0.648956 | 0 | CZ527 | 1
SCRIPT       : DATA_LOG | 1832387 | aRapBi1cCZPZAGLIDny3dk3hQ8vTmNTLHRl8zxmKgQ0= | 13565.8 | 15.2312 | 14068.4 | 0.760826 | -0.648956 | 0 | CZ527 | 1
SCRIPT       : DATA_LOG | 1833388 | aRapBi1cCZPZAGLIDny3dk3hQ8vTmNTLHRl8zxmKgQ0= | 13565.8 | 15.2312 | 14068.4 | 0.760826 | -0.648956 | 0 | CZ527 | 1
SCRIPT       : DATA_LOG | 1834389 | aRapBi1cCZPZAGLIDny3dk3hQ8vTmNTLHRl8zxmKgQ0= | 13565.8 | 15.2312 | 14068.4 | 0.760826 | -0.648956 | 0 | CZ527 | 1
SCRIPT       : DATA_LOG | 1835390 | aRapBi1cCZPZAGLIDny3dk3hQ8vTmNTLHRl8zxmKgQ0= | 13565.8 | 15.2312 | 14068.4 | 0.760826 | -0.648956 | 0 | CZ527 | 1
SCRIPT       : DATA_LOG | 1836390 | aRapBi1cCZPZAGLIDny3dk3hQ8vTmNTLHRl8zxmKgQ0= | 13565.8 | 15.2312 | 14068.4 | 0.760826 | -0.648956 | 0 | CZ527 | 1
SCRIPT       : DATA_LOG | 1837395 | aRapBi1cCZPZAGLIDny3dk3hQ8vTmNTLHRl8zxmKgQ0= | 13565.8 | 15.2312 | 14068.4 | 0.760826 | -0.648956 | 0 | CZ527 | 1
SCRIPT       : DATA_LOG | 1838397 | aRapBi1cCZPZAGLIDny3dk3hQ8vTmNTLHRl8zxmKgQ0= | 13565.8 | 15.2312 | 14068.4 | 0.760826 | -0.648956 | 0 | CZ527 | 1
SCRIPT       : DATA_LOG | 1839394 | aRapBi1cCZPZAGLIDny3dk3hQ8vTmNTLHRl8zxmKgQ0= | 13565.8 | 15.2312 | 14068.4 | 0.760826 | -0.648956 | 0 | CZ527 | 1
SCRIPT       : DATA_LOG | 1840395 | aRapBi1cCZPZAGLIDny3dk3hQ8vTmNTLHRl8zxmKgQ0= | 13565.8 | 15.2312 | 14068.4 | 0.760826 | -0.648956 | 0 | CZ527 | 1
SCRIPT       : DATA_LOG | 1841398 | aRapBi1cCZPZAGLIDny3dk3hQ8vTmNTLHRl8zxmKgQ0= | 13565.8 | 15.2312 | 14068.4 | 0.760826 | -0.648956 | 0 | CZ527 | 1
SCRIPT       : DATA_LOG | 1842400 | aRapBi1cCZPZAGLIDny3dk3hQ8vTmNTLHRl8zxmKgQ0= | 13565.8 | 15.2312 | 14068.4 | 0.760826 | -0.648956 | 0 | CZ527 | 1
SCRIPT       : DATA_LOG | 1843398 | aRapBi1cCZPZAGLIDny3dk3hQ8vTmNTLHRl8zxmKgQ0= | 13565.8 | 15.2312 | 14068.4 | 0.760826 | -0.648956 | 0 | CZ527 | 1
SCRIPT       : DATA_LOG | 1844400 | aRapBi1cCZPZAGLIDny3dk3hQ8vTmNTLHRl8zxmKgQ0= | 13565.8 | 15.2312 | 14068.4 | 0.760826 | -0.648956 | 0 | CZ527 | 1
SCRIPT       : DATA_LOG | 1845400 | aRapBi1cCZPZAGLIDny3dk3hQ8vTmNTLHRl8zxmKgQ0= | 13565.8 | 15.2312 | 14068.4 | 0.760826 | -0.648956 | 0 | CZ527 | 1
SCRIPT       : DATA_LOG | 1846401 | aRapBi1cCZPZAGLIDny3dk3hQ8vTmNTLHRl8zxmKgQ0= | 13565.8 | 15.2312 | 14068.4 | 0.760826 | -0.648956 | 0 | CZ527 | 1
SCRIPT       : DATA_LOG | 1847402 | aRapBi1cCZPZAGLIDny3dk3hQ8vTmNTLHRl8zxmKgQ0= | 13565.8 | 15.2312 | 14068.4 | 0.760826 | -0.648956 | 0 | CZ527 | 1
SCRIPT       : DATA_LOG | 1848403 | aRapBi1cCZPZAGLIDny3dk3hQ8vTmNTLHRl8zxmKgQ0= | 13565.8 | 15.2312 | 14068.4 | 0.760826 | -0.648956 | 0 | CZ527 | 1
SCRIPT       : DATA_LOG | 1849408 | aRapBi1cCZPZAGLIDny3dk3hQ8vTmNTLHRl8zxmKgQ0= | 13565.8 | 15.2312 | 14068.4 | 0.760826 | -0.648956 | 0 | CZ527 | 1
SCRIPT       : DATA_LOG | 1850405 | aRapBi1cCZPZAGLIDny3dk3hQ8vTmNTLHRl8zxmKgQ0= | 13565.8 | 15.2312 | 14068.4 | 0.760826 | -0.648956 | 0 | CZ527 | 1
SCRIPT       : DATA_LOG | 1851406 | aRapBi1cCZPZAGLIDny3dk3hQ8vTmNTLHRl8zxmKgQ0= | 13565.8 | 15.2312 | 14068.4 | 0.760826 | -0.648956 | 0 | CZ527 | 1
SCRIPT       : DATA_LOG | 1852407 | aRapBi1cCZPZAGLIDny3dk3hQ8vTmNTLHRl8zxmKgQ0= | 13565.8 | 15.2312 | 14068.4 | 0.760826 | -0.648956 | 0 | CZ527 | 1
SCRIPT       : DATA_LOG | 1853408 | aRapBi1cCZPZAGLIDny3dk3hQ8vTmNTLHRl8zxmKgQ0= | 13565.8 | 15.2312 | 14068.4 | 0.760826 | -0.648956 | 0 | CZ527 | 1
SCRIPT       : DATA_LOG | 1854409 | aRapBi1cCZPZAGLIDny3dk3hQ8vTmNTLHRl8zxmKgQ0= | 13565.8 | 15.2312 | 14068.4 | 0.760826 | -0.648956 | 0 | CZ527 | 1
SCRIPT       : DATA_LOG | 1855416 | aRapBi1cCZPZAGLIDny3dk3hQ8vTmNTLHRl8zxmKgQ0= | 13565.8 | 15.2312 | 14068.4 | 0.760826 | -0.648956 | 0 | CZ527 | 1
SCRIPT       : DATA_LOG | 1856413 | aRapBi1cCZPZAGLIDny3dk3hQ8vTmNTLHRl8zxmKgQ0= | 13565.8 | 15.2312 | 14068.4 | 0.760826 | -0.648956 | 0 | CZ527 | 1
SCRIPT       : DATA_LOG | 1857412 | aRapBi1cCZPZAGLIDny3dk3hQ8vTmNTLHRl8zxmKgQ0= | 13565.8 | 15.2312 | 14068.4 | 0.760826 | -0.648956 | 0 | CZ527 | 1
SCRIPT       : DATA_LOG | 1858412 | aRapBi1cCZPZAGLIDny3dk3hQ8vTmNTLHRl8zxmKgQ0= | 13565.8 | 15.2312 | 14068.4 | 0.760826 | -0.648956 | 0 | CZ527 | 1
SCRIPT       : DATA_LOG | 1859414 | aRapBi1cCZPZAGLIDny3dk3hQ8vTmNTLHRl8zxmKgQ0= | 13565.8 | 15.2312 | 14068.4 | 0.760826 | -0.648956 | 0 | CZ527 | 1
SCRIPT       : DATA_LOG | 1860418 | aRapBi1cCZPZAGLIDny3dk3hQ8vTmNTLHRl8zxmKgQ0= | 13565.8 | 15.2312 | 14068.4 | 0.760826 | -0.648956 | 0 | CZ527 | 1
SCRIPT       : DATA_LOG | 1861416 | aRapBi1cCZPZAGLIDny3dk3hQ8vTmNTLHRl8zxmKgQ0= | 13565.8 | 15.2312 | 14068.4 | 0.760826 | -0.648956 | 0 | CZ527 | 1
SCRIPT       : DATA_LOG | 1862419 | aRapBi1cCZPZAGLIDny3dk3hQ8vTmNTLHRl8zxmKgQ0= | 13565.8 | 15.2312 | 14068.4 | 0.760826 | -0.648956 | 0 | CZ527 | 1
SCRIPT       : DATA_LOG | 1863420 | aRapBi1cCZPZAGLIDny3dk3hQ8vTmNTLHRl8zxmKgQ0= | 13565.8 | 15.2312 | 14068.4 | 0.760826 | -0.648956 | 0 | CZ527 | 1
SCRIPT       : DATA_LOG | 1864424 | aRapBi1cCZPZAGLIDny3dk3hQ8vTmNTLHRl8zxmKgQ0= | 13565.8 | 15.2312 | 14068.4 | 0.760826 | -0.648956 | 0 | CZ527 | 1
SCRIPT       : DATA_LOG | 1865424 | aRapBi1cCZPZAGLIDny3dk3hQ8vTmNTLHRl8zxmKgQ0= | 13565.8 | 15.2312 | 14068.4 | 0.760826 | -0.648956 | 0 | CZ527 | 1
SCRIPT       : DATA_LOG | 1866425 | aRapBi1cCZPZAGLIDny3dk3hQ8vTmNTLHRl8zxmKgQ0= | 13565.8 | 15.2312 | 14068.4 | 0.760826 | -0.648956 | 0 | CZ527 | 1
SCRIPT       : DATA_LOG | 1867424 | aRapBi1cCZPZAGLIDny3dk3hQ8vTmNTLHRl8zxmKgQ0= | 13565.8 | 15.2312 | 14068.4 | 0.760826 | -0.648956 | 0 | CZ527 | 1
SCRIPT       : DATA_LOG | 1868427 | aRapBi1cCZPZAGLIDny3dk3hQ8vTmNTLHRl8zxmKgQ0= | 13565.8 | 15.2312 | 14068.4 | 0.760826 | -0.648956 | 0 | CZ527 | 1
SCRIPT       : DATA_LOG | 1869425 | aRapBi1cCZPZAGLIDny3dk3hQ8vTmNTLHRl8zxmKgQ0= | 13565.8 | 15.2312 | 14068.4 | 0.760826 | -0.648956 | 0 | CZ527 | 1
SCRIPT       : DATA_LOG | 1870428 | aRapBi1cCZPZAGLIDny3dk3hQ8vTmNTLHRl8zxmKgQ0= | 13565.8 | 15.2312 | 14068.4 | 0.760826 | -0.648956 | 0 | CZ527 | 1
SCRIPT       : DATA_LOG | 1871431 | aRapBi1cCZPZAGLIDny3dk3hQ8vTmNTLHRl8zxmKgQ0= | 13565.8 | 15.2312 | 14068.4 | 0.760826 | -0.648956 | 0 | CZ527 | 1
SCRIPT       : DATA_LOG | 1872431 | aRapBi1cCZPZAGLIDny3dk3hQ8vTmNTLHRl8zxmKgQ0= | 13565.8 | 15.2312 | 14068.4 | 0.760826 | -0.648956 | 0 | CZ527 | 1
SCRIPT       : DATA_LOG | 1873429 | aRapBi1cCZPZAGLIDny3dk3hQ8vTmNTLHRl8zxmKgQ0= | 13565.8 | 15.2312 | 14068.4 | 0.760826 | -0.648956 | 0 | CZ527 | 1
SCRIPT       : DATA_LOG | 1874430 | aRapBi1cCZPZAGLIDny3dk3hQ8vTmNTLHRl8zxmKgQ0= | 13565.8 | 15.2312 | 14068.4 | 0.760826 | -0.648956 | 0 | CZ527 | 1
SCRIPT       : DATA_LOG | 1875439 | aRapBi1cCZPZAGLIDny3dk3hQ8vTmNTLHRl8zxmKgQ0= | 13565.8 | 15.2312 | 14068.4 | 0.760826 | -0.648956 | 0 | CZ527 | 1
SCRIPT       : DATA_LOG | 1876433 | aRapBi1cCZPZAGLIDny3dk3hQ8vTmNTLHRl8zxmKgQ0= | 13565.8 | 15.2312 | 14068.4 | 0.760826 | -0.648956 | 0 | CZ527 | 1
SCRIPT       : DATA_LOG | 1877433 | aRapBi1cCZPZAGLIDny3dk3hQ8vTmNTLHRl8zxmKgQ0= | 13565.8 | 15.2312 | 14068.4 | 0.760826 | -0.648956 | 0 | CZ527 | 1
SCRIPT       : DATA_LOG | 1878437 | aRapBi1cCZPZAGLIDny3dk3hQ8vTmNTLHRl8zxmKgQ0= | 13565.8 | 15.2312 | 14068.4 | 0.760826 | -0.648956 | 0 | CZ527 | 1
SCRIPT       : DATA_LOG | 1879443 | aRapBi1cCZPZAGLIDny3dk3hQ8vTmNTLHRl8zxmKgQ0= | 13565.8 | 15.2312 | 14068.4 | 0.760826 | -0.648956 | 0 | CZ527 | 1
SCRIPT       : DATA_LOG | 1880440 | aRapBi1cCZPZAGLIDny3dk3hQ8vTmNTLHRl8zxmKgQ0= | 13565.8 | 15.2312 | 14068.4 | 0.760826 | -0.648956 | 0 | CZ527 | 1
SCRIPT       : DATA_LOG | 1881437 | aRapBi1cCZPZAGLIDny3dk3hQ8vTmNTLHRl8zxmKgQ0= | 13565.8 | 15.2312 | 14068.4 | 0.760826 | -0.648956 | 0 | CZ527 | 1
SCRIPT       : DATA_LOG | 1882439 | aRapBi1cCZPZAGLIDny3dk3hQ8vTmNTLHRl8zxmKgQ0= | 13565.8 | 15.2312 | 14068.4 | 0.760826 | -0.648956 | 0 | CZ527 | 1
SCRIPT       : DATA_LOG | 1883439 | aRapBi1cCZPZAGLIDny3dk3hQ8vTmNTLHRl8zxmKgQ0= | 13565.8 | 15.2312 | 14068.4 | 0.760826 | -0.648956 | 0 | CZ527 | 1
SCRIPT       : DATA_LOG | 1884441 | aRapBi1cCZPZAGLIDny3dk3hQ8vTmNTLHRl8zxmKgQ0= | 13565.8 | 15.2312 | 14068.4 | 0.760826 | -0.648956 | 0 | CZ527 | 1
SCRIPT       : DATA_LOG | 1885442 | aRapBi1cCZPZAGLIDny3dk3hQ8vTmNTLHRl8zxmKgQ0= | 13565.8 | 15.2312 | 14068.4 | 0.760826 | -0.648956 | 0 | CZ527 | 1
SCRIPT       : DATA_LOG | 1886446 | aRapBi1cCZPZAGLIDny3dk3hQ8vTmNTLHRl8zxmKgQ0= | 13565.8 | 15.2312 | 14068.4 | 0.760826 | -0.648956 | 0 | CZ527 | 1
SCRIPT       : DATA_LOG | 1887443 | aRapBi1cCZPZAGLIDny3dk3hQ8vTmNTLHRl8zxmKgQ0= | 13565.8 | 15.2312 | 14068.4 | 0.760826 | -0.648956 | 0 | CZ527 | 1
SCRIPT       : DATA_LOG | 1888448 | aRapBi1cCZPZAGLIDny3dk3hQ8vTmNTLHRl8zxmKgQ0= | 13565.8 | 15.2312 | 14068.4 | 0.760826 | -0.648956 | 0 | CZ527 | 1
SCRIPT       : DATA_LOG | 1889447 | aRapBi1cCZPZAGLIDny3dk3hQ8vTmNTLHRl8zxmKgQ0= | 13565.8 | 15.2312 | 14068.4 | 0.760826 | -0.648956 | 0 | CZ527 | 1
SCRIPT       : DATA_LOG | 1890446 | aRapBi1cCZPZAGLIDny3dk3hQ8vTmNTLHRl8zxmKgQ0= | 13565.8 | 15.2312 | 14068.4 | 0.760826 | -0.648956 | 0 | CZ527 | 1
SCRIPT       : DATA_LOG | 1891448 | aRapBi1cCZPZAGLIDny3dk3hQ8vTmNTLHRl8zxmKgQ0= | 13565.8 | 15.2312 | 14068.4 | 0.760826 | -0.648956 | 0 | CZ527 | 1
SCRIPT       : DATA_LOG | 1892448 | aRapBi1cCZPZAGLIDny3dk3hQ8vTmNTLHRl8zxmKgQ0= | 13565.8 | 15.2312 | 14068.4 | 0.760826 | -0.648956 | 0 | CZ527 | 1
SCRIPT       : DATA_LOG | 1893451 | aRapBi1cCZPZAGLIDny3dk3hQ8vTmNTLHRl8zxmKgQ0= | 13565.8 | 15.2312 | 14068.4 | 0.760826 | -0.648956 | 0 | CZ527 | 1
SCRIPT       : DATA_LOG | 1894455 | aRapBi1cCZPZAGLIDny3dk3hQ8vTmNTLHRl8zxmKgQ0= | 13565.8 | 15.2312 | 14068.4 | 0.760826 | -0.648956 | 0 | CZ527 | 1
SCRIPT       : DATA_LOG | 1895455 | aRapBi1cCZPZAGLIDny3dk3hQ8vTmNTLHRl8zxmKgQ0= | 13565.8 | 15.2312 | 14068.4 | 0.760826 | -0.648956 | 0 | CZ527 | 1
SCRIPT       : DATA_LOG | 1896456 | aRapBi1cCZPZAGLIDny3dk3hQ8vTmNTLHRl8zxmKgQ0= | 13565.8 | 15.2312 | 14068.4 | 0.760826 | -0.648956 | 0 | CZ527 | 1
SCRIPT       : DATA_LOG | 1897454 | aRapBi1cCZPZAGLIDny3dk3hQ8vTmNTLHRl8zxmKgQ0= | 13565.8 | 15.2312 | 14068.4 | 0.760826 | -0.648956 | 0 | CZ527 | 1
SCRIPT       : DATA_LOG | 1898453 | aRapBi1cCZPZAGLIDny3dk3hQ8vTmNTLHRl8zxmKgQ0= | 13565.8 | 15.2312 | 14068.4 | 0.760826 | -0.648956 | 0 | CZ527 | 1
SCRIPT       : DATA_LOG | 1899455 | aRapBi1cCZPZAGLIDny3dk3hQ8vTmNTLHRl8zxmKgQ0= | 13565.8 | 15.2312 | 14068.4 | 0.760826 | -0.648956 | 0 | CZ527 | 1
SCRIPT       : DATA_LOG | 1900461 | aRapBi1cCZPZAGLIDny3dk3hQ8vTmNTLHRl8zxmKgQ0= | 13565.8 | 15.2312 | 14068.4 | 0.760826 | -0.648956 | 0 | CZ527 | 1
SCRIPT       : DATA_LOG | 1901457 | aRapBi1cCZPZAGLIDny3dk3hQ8vTmNTLHRl8zxmKgQ0= | 13565.8 | 15.2312 | 14068.4 | 0.760826 | -0.648956 | 0 | CZ527 | 1
SCRIPT       : DATA_LOG | 1902461 | aRapBi1cCZPZAGLIDny3dk3hQ8vTmNTLHRl8zxmKgQ0= | 13565.8 | 15.2312 | 14068.4 | 0.760826 | -0.648956 | 0 | CZ527 | 1
SCRIPT       : DATA_LOG | 1903460 | aRapBi1cCZPZAGLIDny3dk3hQ8vTmNTLHRl8zxmKgQ0= | 13565.8 | 15.2312 | 14068.4 | 0.760826 | -0.648956 | 0 | CZ527 | 1
SCRIPT       : DATA_LOG | 1904460 | aRapBi1cCZPZAGLIDny3dk3hQ8vTmNTLHRl8zxmKgQ0= | 13565.8 | 15.2312 | 14068.4 | 0.760826 | -0.648956 | 0 | CZ527 | 1
SCRIPT       : DATA_LOG | 1905462 | aRapBi1cCZPZAGLIDny3dk3hQ8vTmNTLHRl8zxmKgQ0= | 13565.8 | 15.2312 | 14068.4 | 0.760826 | -0.648956 | 0 | CZ527 | 1
SCRIPT       : DATA_LOG | 1906464 | aRapBi1cCZPZAGLIDny3dk3hQ8vTmNTLHRl8zxmKgQ0= | 13565.8 | 15.2312 | 14068.4 | 0.760826 | -0.648956 | 0 | CZ527 | 1
SCRIPT       : DATA_LOG | 1907463 | aRapBi1cCZPZAGLIDny3dk3hQ8vTmNTLHRl8zxmKgQ0= | 13565.8 | 15.2312 | 14068.4 | 0.760826 | -0.648956 | 0 | CZ527 | 1
SCRIPT       : DATA_LOG | 1908466 | aRapBi1cCZPZAGLIDny3dk3hQ8vTmNTLHRl8zxmKgQ0= | 13565.8 | 15.2312 | 14068.4 | 0.760826 | -0.648956 | 0 | CZ527 | 1
SCRIPT       : DATA_LOG | 1909467 | aRapBi1cCZPZAGLIDny3dk3hQ8vTmNTLHRl8zxmKgQ0= | 13565.8 | 15.2312 | 14068.4 | 0.760826 | -0.648956 | 0 | CZ527 | 1
SCRIPT       : DATA_LOG | 1910468 | aRapBi1cCZPZAGLIDny3dk3hQ8vTmNTLHRl8zxmKgQ0= | 13565.8 | 15.2312 | 14068.4 | 0.760826 | -0.648956 | 0 | CZ527 | 1
SCRIPT       : DATA_LOG | 1911469 | aRapBi1cCZPZAGLIDny3dk3hQ8vTmNTLHRl8zxmKgQ0= | 13565.8 | 15.2312 | 14068.4 | 0.760826 | -0.648956 | 0 | CZ527 | 1
SCRIPT       : DATA_LOG | 1912468 | aRapBi1cCZPZAGLIDny3dk3hQ8vTmNTLHRl8zxmKgQ0= | 13565.8 | 15.2312 | 14068.4 | 0.760826 | -0.648956 | 0 | CZ527 | 1
SCRIPT       : DATA_LOG | 1913469 | aRapBi1cCZPZAGLIDny3dk3hQ8vTmNTLHRl8zxmKgQ0= | 13565.8 | 15.2312 | 14068.4 | 0.760826 | -0.648956 | 0 | CZ527 | 1
SCRIPT       : DATA_LOG | 1914470 | aRapBi1cCZPZAGLIDny3dk3hQ8vTmNTLHRl8zxmKgQ0= | 13565.8 | 15.2312 | 14068.4 | 0.760826 | -0.648956 | 0 | CZ527 | 1
SCRIPT       : DATA_LOG | 1915473 | aRapBi1cCZPZAGLIDny3dk3hQ8vTmNTLHRl8zxmKgQ0= | 13565.8 | 15.2312 | 14068.4 | 0.760826 | -0.648956 | 0 | CZ527 | 1
SCRIPT       : DATA_LOG | 1916472 | aRapBi1cCZPZAGLIDny3dk3hQ8vTmNTLHRl8zxmKgQ0= | 13565.8 | 15.2312 | 14068.4 | 0.760826 | -0.648956 | 0 | CZ527 | 1
SCRIPT       : DATA_LOG | 1917475 | aRapBi1cCZPZAGLIDny3dk3hQ8vTmNTLHRl8zxmKgQ0= | 13565.8 | 15.2312 | 14068.4 | 0.760826 | -0.648956 | 0 | CZ527 | 1
SCRIPT       : DATA_LOG | 1918474 | aRapBi1cCZPZAGLIDny3dk3hQ8vTmNTLHRl8zxmKgQ0= | 13565.8 | 15.2312 | 14068.4 | 0.760826 | -0.648956 | 0 | CZ527 | 1
SCRIPT       : DATA_LOG | 1919478 | aRapBi1cCZPZAGLIDny3dk3hQ8vTmNTLHRl8zxmKgQ0= | 13565.8 | 15.2312 | 14068.4 | 0.760826 | -0.648956 | 0 | CZ527 | 1
SCRIPT       : DATA_LOG | 1920476 | aRapBi1cCZPZAGLIDny3dk3hQ8vTmNTLHRl8zxmKgQ0= | 13565.8 | 15.2312 | 14068.4 | 0.760826 | -0.648956 | 0 | CZ527 | 1
SCRIPT       : DATA_LOG | 1921478 | aRapBi1cCZPZAGLIDny3dk3hQ8vTmNTLHRl8zxmKgQ0= | 13565.8 | 15.2312 | 14068.4 | 0.760826 | -0.648956 | 0 | CZ527 | 1
SCRIPT       : DATA_LOG | 1922482 | aRapBi1cCZPZAGLIDny3dk3hQ8vTmNTLHRl8zxmKgQ0= | 13565.8 | 15.2312 | 14068.4 | 0.760826 | -0.648956 | 0 | CZ527 | 1
SCRIPT       : DATA_LOG | 1923480 | aRapBi1cCZPZAGLIDny3dk3hQ8vTmNTLHRl8zxmKgQ0= | 13565.8 | 15.2312 | 14068.4 | 0.760826 | -0.648956 | 0 | CZ527 | 1
SCRIPT       : DATA_LOG | 1924486 | aRapBi1cCZPZAGLIDny3dk3hQ8vTmNTLHRl8zxmKgQ0= | 13565.8 | 15.2312 | 14068.4 | 0.760826 | -0.648956 | 0 | CZ527 | 1
SCRIPT       : DATA_LOG | 1925482 | aRapBi1cCZPZAGLIDny3dk3hQ8vTmNTLHRl8zxmKgQ0= | 13565.8 | 15.2312 | 14068.4 | 0.760826 | -0.648956 | 0 | CZ527 | 1
SCRIPT       : DATA_LOG | 1926482 | aRapBi1cCZPZAGLIDny3dk3hQ8vTmNTLHRl8zxmKgQ0= | 13565.8 | 15.2312 | 14068.4 | 0.760826 | -0.648956 | 0 | CZ527 | 1
SCRIPT       : DATA_LOG | 1927484 | aRapBi1cCZPZAGLIDny3dk3hQ8vTmNTLHRl8zxmKgQ0= | 13565.8 | 15.2312 | 14068.4 | 0.760826 | -0.648956 | 0 | CZ527 | 1
SCRIPT       : DATA_LOG | 1928486 | aRapBi1cCZPZAGLIDny3dk3hQ8vTmNTLHRl8zxmKgQ0= | 13565.8 | 15.2312 | 14068.4 | 0.760826 | -0.648956 | 0 | CZ527 | 1
SCRIPT       : DATA_LOG | 1929486 | aRapBi1cCZPZAGLIDny3dk3hQ8vTmNTLHRl8zxmKgQ0= | 13565.8 | 15.2312 | 14068.4 | 0.760826 | -0.648956 | 0 | CZ527 | 1
SCRIPT       : DATA_LOG | 1930490 | aRapBi1cCZPZAGLIDny3dk3hQ8vTmNTLHRl8zxmKgQ0= | 13565.8 | 15.2312 | 14068.4 | 0.760826 | -0.648956 | 0 | CZ527 | 1
SCRIPT       : DATA_LOG | 1931493 | aRapBi1cCZPZAGLIDny3dk3hQ8vTmNTLHRl8zxmKgQ0= | 13565.8 | 15.2312 | 14068.4 | 0.760826 | -0.648956 | 0 | CZ527 | 1
SCRIPT       : DATA_LOG | 1932488 | aRapBi1cCZPZAGLIDny3dk3hQ8vTmNTLHRl8zxmKgQ0= | 13565.8 | 15.2312 | 14068.4 | 0.760826 | -0.648956 | 0 | CZ527 | 1
SCRIPT       : DATA_LOG | 1933494 | aRapBi1cCZPZAGLIDny3dk3hQ8vTmNTLHRl8zxmKgQ0= | 13565.8 | 15.2312 | 14068.4 | 0.760826 | -0.648956 | 0 | CZ527 | 1
SCRIPT       : DATA_LOG | 1934496 | aRapBi1cCZPZAGLIDny3dk3hQ8vTmNTLHRl8zxmKgQ0= | 13565.8 | 15.2312 | 14068.4 | 0.760826 | -0.648956 | 0 | CZ527 | 1
SCRIPT       : DATA_LOG | 1935493 | aRapBi1cCZPZAGLIDny3dk3hQ8vTmNTLHRl8zxmKgQ0= | 13565.8 | 15.2312 | 14068.4 | 0.760826 | -0.648956 | 0 | CZ527 | 1
SCRIPT       : DATA_LOG | 1936492 | aRapBi1cCZPZAGLIDny3dk3hQ8vTmNTLHRl8zxmKgQ0= | 13565.8 | 15.2312 | 14068.4 | 0.760826 | -0.648956 | 0 | CZ527 | 1
SCRIPT       : DATA_LOG | 1937493 | aRapBi1cCZPZAGLIDny3dk3hQ8vTmNTLHRl8zxmKgQ0= | 13565.8 | 15.2312 | 14068.4 | 0.760826 | -0.648956 | 0 | CZ527 | 1
SCRIPT       : DATA_LOG | 1938494 | aRapBi1cCZPZAGLIDny3dk3hQ8vTmNTLHRl8zxmKgQ0= | 13565.8 | 15.2312 | 14068.4 | 0.760826 | -0.648956 | 0 | CZ527 | 1
SCRIPT       : DATA_LOG | 1939497 | aRapBi1cCZPZAGLIDny3dk3hQ8vTmNTLHRl8zxmKgQ0= | 13565.8 | 15.2312 | 14068.4 | 0.760826 | -0.648956 | 0 | CZ527 | 1
SCRIPT       : DATA_LOG | 1940496 | aRapBi1cCZPZAGLIDny3dk3hQ8vTmNTLHRl8zxmKgQ0= | 13565.8 | 15.2312 | 14068.4 | 0.760826 | -0.648956 | 0 | CZ527 | 1
SCRIPT       : DATA_LOG | 1941497 | aRapBi1cCZPZAGLIDny3dk3hQ8vTmNTLHRl8zxmKgQ0= | 13565.8 | 15.2312 | 14068.4 | 0.760826 | -0.648956 | 0 | CZ527 | 1
SCRIPT       : DATA_LOG | 1942498 | aRapBi1cCZPZAGLIDny3dk3hQ8vTmNTLHRl8zxmKgQ0= | 13565.8 | 15.2312 | 14068.4 | 0.760826 | -0.648956 | 0 | CZ527 | 1
SCRIPT       : DATA_LOG | 1943499 | aRapBi1cCZPZAGLIDny3dk3hQ8vTmNTLHRl8zxmKgQ0= | 13565.8 | 15.2312 | 14068.4 | 0.760826 | -0.648956 | 0 | CZ527 | 1
SCRIPT       : DATA_LOG | 1944500 | aRapBi1cCZPZAGLIDny3dk3hQ8vTmNTLHRl8zxmKgQ0= | 13565.8 | 15.2312 | 14068.4 | 0.760826 | -0.648956 | 0 | CZ527 | 1
SCRIPT       : DATA_LOG | 1945506 | aRapBi1cCZPZAGLIDny3dk3hQ8vTmNTLHRl8zxmKgQ0= | 13565.8 | 15.2312 | 14068.4 | 0.760826 | -0.648956 | 0 | CZ527 | 1
SCRIPT       : DATA_LOG | 1946503 | aRapBi1cCZPZAGLIDny3dk3hQ8vTmNTLHRl8zxmKgQ0= | 13565.8 | 15.2312 | 14068.4 | 0.760826 | -0.648956 | 0 | CZ527 | 1
SCRIPT       : DATA_LOG | 1947504 | aRapBi1cCZPZAGLIDny3dk3hQ8vTmNTLHRl8zxmKgQ0= | 13565.8 | 15.2312 | 14068.4 | 0.760826 | -0.648956 | 0 | CZ527 | 1
SCRIPT       : DATA_LOG | 1948505 | aRapBi1cCZPZAGLIDny3dk3hQ8vTmNTLHRl8zxmKgQ0= | 13565.8 | 15.2312 | 14068.4 | 0.760826 | -0.648956 | 0 | CZ527 | 1
SCRIPT       : DATA_LOG | 1949505 | aRapBi1cCZPZAGLIDny3dk3hQ8vTmNTLHRl8zxmKgQ0= | 13565.8 | 15.2312 | 14068.4 | 0.760826 | -0.648956 | 0 | CZ527 | 1
SCRIPT       : DATA_LOG | 1950510 | aRapBi1cCZPZAGLIDny3dk3hQ8vTmNTLHRl8zxmKgQ0= | 13565.8 | 15.2312 | 14068.4 | 0.760826 | -0.648956 | 0 | CZ527 | 1
SCRIPT       : DATA_LOG | 1951507 | aRapBi1cCZPZAGLIDny3dk3hQ8vTmNTLHRl8zxmKgQ0= | 13565.8 | 15.2312 | 14068.4 | 0.760826 | -0.648956 | 0 | CZ527 | 1
SCRIPT       : DATA_LOG | 1952510 | aRapBi1cCZPZAGLIDny3dk3hQ8vTmNTLHRl8zxmKgQ0= | 13565.8 | 15.2312 | 14068.4 | 0.760826 | -0.648956 | 0 | CZ527 | 1
SCRIPT       : DATA_LOG | 1953509 | aRapBi1cCZPZAGLIDny3dk3hQ8vTmNTLHRl8zxmKgQ0= | 13565.8 | 15.2312 | 14068.4 | 0.760826 | -0.648956 | 0 | CZ527 | 1
SCRIPT       : DATA_LOG | 1954517 | aRapBi1cCZPZAGLIDny3dk3hQ8vTmNTLHRl8zxmKgQ0= | 13565.8 | 15.2312 | 14068.4 | 0.760826 | -0.648956 | 0 | CZ527 | 1
SCRIPT       : DATA_LOG | 1955511 | aRapBi1cCZPZAGLIDny3dk3hQ8vTmNTLHRl8zxmKgQ0= | 13565.8 | 15.2312 | 14068.4 | 0.760826 | -0.648956 | 0 | CZ527 | 1
SCRIPT       : DATA_LOG | 1956513 | aRapBi1cCZPZAGLIDny3dk3hQ8vTmNTLHRl8zxmKgQ0= | 13565.8 | 15.2312 | 14068.4 | 0.760826 | -0.648956 | 0 | CZ527 | 1
SCRIPT       : DATA_LOG | 1957513 | aRapBi1cCZPZAGLIDny3dk3hQ8vTmNTLHRl8zxmKgQ0= | 13565.8 | 15.2312 | 14068.4 | 0.760826 | -0.648956 | 0 | CZ527 | 1
SCRIPT       : DATA_LOG | 1958514 | aRapBi1cCZPZAGLIDny3dk3hQ8vTmNTLHRl8zxmKgQ0= | 13565.8 | 15.2312 | 14068.4 | 0.760826 | -0.648956 | 0 | CZ527 | 1
SCRIPT       : DATA_LOG | 1959515 | aRapBi1cCZPZAGLIDny3dk3hQ8vTmNTLHRl8zxmKgQ0= | 13565.8 | 15.2312 | 14068.4 | 0.760826 | -0.648956 | 0 | CZ527 | 1
SCRIPT       : DATA_LOG | 1960517 | aRapBi1cCZPZAGLIDny3dk3hQ8vTmNTLHRl8zxmKgQ0= | 13565.8 | 15.2312 | 14068.4 | 0.760826 | -0.648956 | 0 | CZ527 | 1
SCRIPT       : DATA_LOG | 1961517 | aRapBi1cCZPZAGLIDny3dk3hQ8vTmNTLHRl8zxmKgQ0= | 13565.8 | 15.2312 | 14068.4 | 0.760826 | -0.648956 | 0 | CZ527 | 1
SCRIPT       : DATA_LOG | 1962519 | aRapBi1cCZPZAGLIDny3dk3hQ8vTmNTLHRl8zxmKgQ0= | 13565.8 | 15.2312 | 14068.4 | 0.760826 | -0.648956 | 0 | CZ527 | 1
SCRIPT       : DATA_LOG | 1963519 | aRapBi1cCZPZAGLIDny3dk3hQ8vTmNTLHRl8zxmKgQ0= | 13565.8 | 15.2312 | 14068.4 | 0.760826 | -0.648956 | 0 | CZ527 | 1
SCRIPT       : DATA_LOG | 1964521 | aRapBi1cCZPZAGLIDny3dk3hQ8vTmNTLHRl8zxmKgQ0= | 13565.8 | 15.2312 | 14068.4 | 0.760826 | -0.648956 | 0 | CZ527 | 1
SCRIPT       : DATA_LOG | 1965522 | aRapBi1cCZPZAGLIDny3dk3hQ8vTmNTLHRl8zxmKgQ0= | 13565.8 | 15.2312 | 14068.4 | 0.760826 | -0.648956 | 0 | CZ527 | 1
SCRIPT       : DATA_LOG | 1966526 | aRapBi1cCZPZAGLIDny3dk3hQ8vTmNTLHRl8zxmKgQ0= | 13565.8 | 15.2312 | 14068.4 | 0.760826 | -0.648956 | 0 | CZ527 | 1
SCRIPT       : DATA_LOG | 1967529 | aRapBi1cCZPZAGLIDny3dk3hQ8vTmNTLHRl8zxmKgQ0= | 13565.8 | 15.2312 | 14068.4 | 0.760826 | -0.648956 | 0 | CZ527 | 1
SCRIPT       : DATA_LOG | 1968525 | aRapBi1cCZPZAGLIDny3dk3hQ8vTmNTLHRl8zxmKgQ0= | 13565.8 | 15.2312 | 14068.4 | 0.760826 | -0.648956 | 0 | CZ527 | 1
SCRIPT       : DATA_LOG | 1969526 | aRapBi1cCZPZAGLIDny3dk3hQ8vTmNTLHRl8zxmKgQ0= | 13565.8 | 15.2312 | 14068.4 | 0.760826 | -0.648956 | 0 | CZ527 | 1
SCRIPT       : DATA_LOG | 1970528 | aRapBi1cCZPZAGLIDny3dk3hQ8vTmNTLHRl8zxmKgQ0= | 13565.8 | 15.2312 | 14068.4 | 0.760826 | -0.648956 | 0 | CZ527 | 1
SCRIPT       : DATA_LOG | 1971533 | aRapBi1cCZPZAGLIDny3dk3hQ8vTmNTLHRl8zxmKgQ0= | 13565.8 | 15.2312 | 14068.4 | 0.760826 | -0.648956 | 0 | CZ527 | 1
SCRIPT       : DATA_LOG | 1972531 | aRapBi1cCZPZAGLIDny3dk3hQ8vTmNTLHRl8zxmKgQ0= | 13565.8 | 15.2312 | 14068.4 | 0.760826 | -0.648956 | 0 | CZ527 | 1
SCRIPT       : DATA_LOG | 1973529 | aRapBi1cCZPZAGLIDny3dk3hQ8vTmNTLHRl8zxmKgQ0= | 13565.8 | 15.2312 | 14068.4 | 0.760826 | -0.648956 | 0 | CZ527 | 1
SCRIPT       : DATA_LOG | 1974530 | aRapBi1cCZPZAGLIDny3dk3hQ8vTmNTLHRl8zxmKgQ0= | 13565.8 | 15.2312 | 14068.4 | 0.760826 | -0.648956 | 0 | CZ527 | 1
SCRIPT       : DATA_LOG | 1975531 | aRapBi1cCZPZAGLIDny3dk3hQ8vTmNTLHRl8zxmKgQ0= | 13565.8 | 15.2312 | 14068.4 | 0.760826 | -0.648956 | 0 | CZ527 | 1
SCRIPT       : DATA_LOG | 1976535 | aRapBi1cCZPZAGLIDny3dk3hQ8vTmNTLHRl8zxmKgQ0= | 13565.8 | 15.2312 | 14068.4 | 0.760826 | -0.648956 | 0 | CZ527 | 1
SCRIPT       : DATA_LOG | 1977534 | aRapBi1cCZPZAGLIDny3dk3hQ8vTmNTLHRl8zxmKgQ0= | 13565.8 | 15.2312 | 14068.4 | 0.760826 | -0.648956 | 0 | CZ527 | 1
SCRIPT       : DATA_LOG | 1978537 | aRapBi1cCZPZAGLIDny3dk3hQ8vTmNTLHRl8zxmKgQ0= | 13565.8 | 15.2312 | 14068.4 | 0.760826 | -0.648956 | 0 | CZ527 | 1
SCRIPT       : DATA_LOG | 1979535 | aRapBi1cCZPZAGLIDny3dk3hQ8vTmNTLHRl8zxmKgQ0= | 13565.8 | 15.2312 | 14068.4 | 0.760826 | -0.648956 | 0 | CZ527 | 1
SCRIPT       : DATA_LOG | 1980543 | aRapBi1cCZPZAGLIDny3dk3hQ8vTmNTLHRl8zxmKgQ0= | 13565.8 | 15.2312 | 14068.4 | 0.760826 | -0.648956 | 0 | CZ527 | 1
SCRIPT       : DATA_LOG | 1981537 | aRapBi1cCZPZAGLIDny3dk3hQ8vTmNTLHRl8zxmKgQ0= | 13565.8 | 15.2312 | 14068.4 | 0.760826 | -0.648956 | 0 | CZ527 | 1
SCRIPT       : DATA_LOG | 1982538 | aRapBi1cCZPZAGLIDny3dk3hQ8vTmNTLHRl8zxmKgQ0= | 13565.8 | 15.2312 | 14068.4 | 0.760826 | -0.648956 | 0 | CZ527 | 1
SCRIPT       : DATA_LOG | 1983539 | aRapBi1cCZPZAGLIDny3dk3hQ8vTmNTLHRl8zxmKgQ0= | 13565.8 | 15.2312 | 14068.4 | 0.760826 | -0.648956 | 0 | CZ527 | 1
SCRIPT       : DATA_LOG | 1984540 | aRapBi1cCZPZAGLIDny3dk3hQ8vTmNTLHRl8zxmKgQ0= | 13565.8 | 15.2312 | 14068.4 | 0.760826 | -0.648956 | 0 | CZ527 | 1
SCRIPT       : DATA_LOG | 1985544 | aRapBi1cCZPZAGLIDny3dk3hQ8vTmNTLHRl8zxmKgQ0= | 13565.8 | 15.2312 | 14068.4 | 0.760826 | -0.648956 | 0 | CZ527 | 1
SCRIPT       : DATA_LOG | 1986547 | aRapBi1cCZPZAGLIDny3dk3hQ8vTmNTLHRl8zxmKgQ0= | 13565.8 | 15.2312 | 14068.4 | 0.760826 | -0.648956 | 0 | CZ527 | 1
SCRIPT       : DATA_LOG | 1987547 | aRapBi1cCZPZAGLIDny3dk3hQ8vTmNTLHRl8zxmKgQ0= | 13565.8 | 15.2312 | 14068.4 | 0.760826 | -0.648956 | 0 | CZ527 | 1
SCRIPT       : DATA_LOG | 1988546 | aRapBi1cCZPZAGLIDny3dk3hQ8vTmNTLHRl8zxmKgQ0= | 13565.8 | 15.2312 | 14068.4 | 0.760826 | -0.648956 | 0 | CZ527 | 1
SCRIPT       : DATA_LOG | 1989545 | aRapBi1cCZPZAGLIDny3dk3hQ8vTmNTLHRl8zxmKgQ0= | 13565.8 | 15.2312 | 14068.4 | 0.760826 | -0.648956 | 0 | CZ527 | 1
SCRIPT       : DATA_LOG | 1990546 | aRapBi1cCZPZAGLIDny3dk3hQ8vTmNTLHRl8zxmKgQ0= | 13565.8 | 15.2312 | 14068.4 | 0.760826 | -0.648956 | 0 | CZ527 | 1
SCRIPT       : DATA_LOG | 1991562 | aRapBi1cCZPZAGLIDny3dk3hQ8vTmNTLHRl8zxmKgQ0= | 13565.8 | 15.2312 | 14068.4 | 0.760826 | -0.648956 | 0 | CZ527 | 1
SCRIPT       : DATA_LOG | 1992558 | aRapBi1cCZPZAGLIDny3dk3hQ8vTmNTLHRl8zxmKgQ0= | 13565.8 | 15.2312 | 14068.4 | 0.760826 | -0.648956 | 0 | CZ527 | 1
SCRIPT       : DATA_LOG | 1993559 | aRapBi1cCZPZAGLIDny3dk3hQ8vTmNTLHRl8zxmKgQ0= | 13565.8 | 15.2312 | 14068.4 | 0.760826 | -0.648956 | 0 | CZ527 | 1
SCRIPT       : DATA_LOG | 1994560 | aRapBi1cCZPZAGLIDny3dk3hQ8vTmNTLHRl8zxmKgQ0= | 13565.8 | 15.2312 | 14068.4 | 0.760826 | -0.648956 | 0 | CZ527 | 1
SCRIPT       : DATA_LOG | 1995561 | aRapBi1cCZPZAGLIDny3dk3hQ8vTmNTLHRl8zxmKgQ0= | 13565.8 | 15.2312 | 14068.4 | 0.760826 | -0.648956 | 0 | CZ527 | 1
SCRIPT       : DATA_LOG | 1996562 | aRapBi1cCZPZAGLIDny3dk3hQ8vTmNTLHRl8zxmKgQ0= | 13565.8 | 15.2312 | 14068.4 | 0.760826 | -0.648956 | 0 | CZ527 | 1
SCRIPT       : DATA_LOG | 1997563 | aRapBi1cCZPZAGLIDny3dk3hQ8vTmNTLHRl8zxmKgQ0= | 13565.8 | 15.2312 | 14068.4 | 0.760826 | -0.648956 | 0 | CZ527 | 1
SCRIPT       : DATA_LOG | 1998564 | aRapBi1cCZPZAGLIDny3dk3hQ8vTmNTLHRl8zxmKgQ0= | 13565.8 | 15.2312 | 14068.4 | 0.760826 | -0.648956 | 0 | CZ527 | 1
SCRIPT       : DATA_LOG | 1999576 | aRapBi1cCZPZAGLIDny3dk3hQ8vTmNTLHRl8zxmKgQ0= | 13565.8 | 15.2312 | 14068.4 | 0.760826 | -0.648956 | 0 | CZ527 | 1
SCRIPT       : DATA_LOG | 2000567 | aRapBi1cCZPZAGLIDny3dk3hQ8vTmNTLHRl8zxmKgQ0= | 13565.8 | 15.2312 | 14068.4 | 0.760826 | -0.648956 | 0 | CZ527 | 1
SCRIPT       : DATA_LOG | 2001568 | aRapBi1cCZPZAGLIDny3dk3hQ8vTmNTLHRl8zxmKgQ0= | 13565.8 | 15.2312 | 14068.4 | 0.760826 | -0.648956 | 0 | CZ527 | 1
SCRIPT       : DATA_LOG | 2002575 | aRapBi1cCZPZAGLIDny3dk3hQ8vTmNTLHRl8zxmKgQ0= | 13565.8 | 15.2312 | 14068.4 | 0.760826 | -0.648956 | 0 | CZ527 | 1
SCRIPT       : DATA_LOG | 2003570 | aRapBi1cCZPZAGLIDny3dk3hQ8vTmNTLHRl8zxmKgQ0= | 13565.8 | 15.2312 | 14068.4 | 0.760826 | -0.648956 | 0 | CZ527 | 1
SCRIPT       : DATA_LOG | 2004572 | aRapBi1cCZPZAGLIDny3dk3hQ8vTmNTLHRl8zxmKgQ0= | 13565.8 | 15.2312 | 14068.4 | 0.760826 | -0.648956 | 0 | CZ527 | 1
SCRIPT       : DATA_LOG | 2005572 | aRapBi1cCZPZAGLIDny3dk3hQ8vTmNTLHRl8zxmKgQ0= | 13565.8 | 15.2312 | 14068.4 | 0.760826 | -0.648956 | 0 | CZ527 | 1
SCRIPT       : DATA_LOG | 2006580 | aRapBi1cCZPZAGLIDny3dk3hQ8vTmNTLHRl8zxmKgQ0= | 13565.8 | 15.2312 | 14068.4 | 0.760826 | -0.648956 | 0 | CZ527 | 1
SCRIPT       : DATA_LOG | 2007577 | aRapBi1cCZPZAGLIDny3dk3hQ8vTmNTLHRl8zxmKgQ0= | 13565.8 | 15.2312 | 14068.4 | 0.760826 | -0.648956 | 0 | CZ527 | 1
SCRIPT       : DATA_LOG | 2008579 | aRapBi1cCZPZAGLIDny3dk3hQ8vTmNTLHRl8zxmKgQ0= | 13565.8 | 15.2312 | 14068.4 | 0.760826 | -0.648956 | 0 | CZ527 | 1
SCRIPT       : DATA_LOG | 2009577 | aRapBi1cCZPZAGLIDny3dk3hQ8vTmNTLHRl8zxmKgQ0= | 13565.8 | 15.2312 | 14068.4 | 0.760826 | -0.648956 | 0 | CZ527 | 1
SCRIPT       : DATA_LOG | 2010577 | aRapBi1cCZPZAGLIDny3dk3hQ8vTmNTLHRl8zxmKgQ0= | 13565.8 | 15.2312 | 14068.4 | 0.760826 | -0.648956 | 0 | CZ527 | 1
SCRIPT       : DATA_LOG | 2011580 | aRapBi1cCZPZAGLIDny3dk3hQ8vTmNTLHRl8zxmKgQ0= | 13565.8 | 15.2312 | 14068.4 | 0.760826 | -0.648956 | 0 | CZ527 | 1
SCRIPT       : DATA_LOG | 2012584 | aRapBi1cCZPZAGLIDny3dk3hQ8vTmNTLHRl8zxmKgQ0= | 13565.8 | 15.2312 | 14068.4 | 0.760826 | -0.648956 | 0 | CZ527 | 1
SCRIPT       : DATA_LOG | 2013580 | aRapBi1cCZPZAGLIDny3dk3hQ8vTmNTLHRl8zxmKgQ0= | 13565.8 | 15.2312 | 14068.4 | 0.760826 | -0.648956 | 0 | CZ527 | 1
SCRIPT       : DATA_LOG | 2014582 | aRapBi1cCZPZAGLIDny3dk3hQ8vTmNTLHRl8zxmKgQ0= | 13565.8 | 15.2312 | 14068.4 | 0.760826 | -0.648956 | 0 | CZ527 | 1
SCRIPT       : DATA_LOG | 2015582 | aRapBi1cCZPZAGLIDny3dk3hQ8vTmNTLHRl8zxmKgQ0= | 13565.8 | 15.2312 | 14068.4 | 0.760826 | -0.648956 | 0 | CZ527 | 1
SCRIPT       : DATA_LOG | 2016583 | aRapBi1cCZPZAGLIDny3dk3hQ8vTmNTLHRl8zxmKgQ0= | 13565.8 | 15.2312 | 14068.4 | 0.760826 | -0.648956 | 0 | CZ527 | 1
SCRIPT       : DATA_LOG | 2017585 | aRapBi1cCZPZAGLIDny3dk3hQ8vTmNTLHRl8zxmKgQ0= | 13565.8 | 15.2312 | 14068.4 | 0.760826 | -0.648956 | 0 | CZ527 | 1
SCRIPT       : DATA_LOG | 2018587 | aRapBi1cCZPZAGLIDny3dk3hQ8vTmNTLHRl8zxmKgQ0= | 13565.8 | 15.2312 | 14068.4 | 0.760826 | -0.648956 | 0 | CZ527 | 1
SCRIPT       : DATA_LOG | 2019587 | aRapBi1cCZPZAGLIDny3dk3hQ8vTmNTLHRl8zxmKgQ0= | 13565.8 | 15.2312 | 14068.4 | 0.760826 | -0.648956 | 0 | CZ527 | 1
SCRIPT       : DATA_LOG | 2020593 | aRapBi1cCZPZAGLIDny3dk3hQ8vTmNTLHRl8zxmKgQ0= | 13565.8 | 15.2312 | 14068.4 | 0.760826 | -0.648956 | 0 | CZ527 | 1
SCRIPT       : DATA_LOG | 2021587 | aRapBi1cCZPZAGLIDny3dk3hQ8vTmNTLHRl8zxmKgQ0= | 13565.8 | 15.2312 | 14068.4 | 0.760826 | -0.648956 | 0 | CZ527 | 1
SCRIPT       : DATA_LOG | 2022593 | aRapBi1cCZPZAGLIDny3dk3hQ8vTmNTLHRl8zxmKgQ0= | 13565.8 | 15.2312 | 14068.4 | 0.760826 | -0.648956 | 0 | CZ527 | 1
SCRIPT       : DATA_LOG | 2023591 | aRapBi1cCZPZAGLIDny3dk3hQ8vTmNTLHRl8zxmKgQ0= | 13565.8 | 15.2312 | 14068.4 | 0.760826 | -0.648956 | 0 | CZ527 | 1
SCRIPT       : DATA_LOG | 2024591 | aRapBi1cCZPZAGLIDny3dk3hQ8vTmNTLHRl8zxmKgQ0= | 13565.8 | 15.2312 | 14068.4 | 0.760826 | -0.648956 | 0 | CZ527 | 1
SCRIPT       : DATA_LOG | 2025593 | aRapBi1cCZPZAGLIDny3dk3hQ8vTmNTLHRl8zxmKgQ0= | 13565.8 | 15.2312 | 14068.4 | 0.760826 | -0.648956 | 0 | CZ527 | 1
SCRIPT       : DATA_LOG | 2026597 | aRapBi1cCZPZAGLIDny3dk3hQ8vTmNTLHRl8zxmKgQ0= | 13565.8 | 15.2312 | 14068.4 | 0.760826 | -0.648956 | 0 | CZ527 | 1
SCRIPT       : DATA_LOG | 2027595 | aRapBi1cCZPZAGLIDny3dk3hQ8vTmNTLHRl8zxmKgQ0= | 13565.8 | 15.2312 | 14068.4 | 0.760826 | -0.648956 | 0 | CZ527 | 1
SCRIPT       : DATA_LOG | 2028597 | aRapBi1cCZPZAGLIDny3dk3hQ8vTmNTLHRl8zxmKgQ0= | 13565.8 | 15.2312 | 14068.4 | 0.760826 | -0.648956 | 0 | CZ527 | 1
SCRIPT       : DATA_LOG | 2029596 | aRapBi1cCZPZAGLIDny3dk3hQ8vTmNTLHRl8zxmKgQ0= | 13565.8 | 15.2312 | 14068.4 | 0.760826 | -0.648956 | 0 | CZ527 | 1
SCRIPT       : DATA_LOG | 2030597 | aRapBi1cCZPZAGLIDny3dk3hQ8vTmNTLHRl8zxmKgQ0= | 13565.8 | 15.2312 | 14068.4 | 0.760826 | -0.648956 | 0 | CZ527 | 1
SCRIPT       : DATA_LOG | 2031598 | aRapBi1cCZPZAGLIDny3dk3hQ8vTmNTLHRl8zxmKgQ0= | 13565.8 | 15.2312 | 14068.4 | 0.760826 | -0.648956 | 0 | CZ527 | 1
SCRIPT       : DATA_LOG | 2032600 | aRapBi1cCZPZAGLIDny3dk3hQ8vTmNTLHRl8zxmKgQ0= | 13565.8 | 15.2312 | 14068.4 | 0.760826 | -0.648956 | 0 | CZ527 | 1
SCRIPT       : DATA_LOG | 2033603 | aRapBi1cCZPZAGLIDny3dk3hQ8vTmNTLHRl8zxmKgQ0= | 13565.8 | 15.2312 | 14068.4 | 0.760826 | -0.648956 | 0 | CZ527 | 1
SCRIPT       : DATA_LOG | 2034602 | aRapBi1cCZPZAGLIDny3dk3hQ8vTmNTLHRl8zxmKgQ0= | 13565.8 | 15.2312 | 14068.4 | 0.760826 | -0.648956 | 0 | CZ527 | 1
SCRIPT       : DATA_LOG | 2035607 | aRapBi1cCZPZAGLIDny3dk3hQ8vTmNTLHRl8zxmKgQ0= | 13565.8 | 15.2312 | 14068.4 | 0.760826 | -0.648956 | 0 | CZ527 | 1
SCRIPT       : DATA_LOG | 2036603 | aRapBi1cCZPZAGLIDny3dk3hQ8vTmNTLHRl8zxmKgQ0= | 13565.8 | 15.2312 | 14068.4 | 0.760826 | -0.648956 | 0 | CZ527 | 1
SCRIPT       : DATA_LOG | 2037605 | aRapBi1cCZPZAGLIDny3dk3hQ8vTmNTLHRl8zxmKgQ0= | 13565.8 | 15.2312 | 14068.4 | 0.760826 | -0.648956 | 0 | CZ527 | 1
SCRIPT       : DATA_LOG | 2038606 | aRapBi1cCZPZAGLIDny3dk3hQ8vTmNTLHRl8zxmKgQ0= | 13565.8 | 15.2312 | 14068.4 | 0.760826 | -0.648956 | 0 | CZ527 | 1
SCRIPT       : DATA_LOG | 2039610 | aRapBi1cCZPZAGLIDny3dk3hQ8vTmNTLHRl8zxmKgQ0= | 13565.8 | 15.2312 | 14068.4 | 0.760826 | -0.648956 | 0 | CZ527 | 1
SCRIPT       : DATA_LOG | 2040634 | aRapBi1cCZPZAGLIDny3dk3hQ8vTmNTLHRl8zxmKgQ0= | 13565.8 | 15.2312 | 14068.4 | 0.760826 | -0.648956 | 0 | CZ527 | 1
SCRIPT       : DATA_LOG | 2041635 | aRapBi1cCZPZAGLIDny3dk3hQ8vTmNTLHRl8zxmKgQ0= | 13565.8 | 15.2312 | 14068.4 | 0.760826 | -0.648956 | 0 | CZ527 | 1
SCRIPT       : DATA_LOG | 2042636 | aRapBi1cCZPZAGLIDny3dk3hQ8vTmNTLHRl8zxmKgQ0= | 13565.8 | 15.2312 | 14068.4 | 0.760826 | -0.648956 | 0 | CZ527 | 1
SCRIPT       : DATA_LOG | 2043638 | aRapBi1cCZPZAGLIDny3dk3hQ8vTmNTLHRl8zxmKgQ0= | 13565.8 | 15.2312 | 14068.4 | 0.760826 | -0.648956 | 0 | CZ527 | 1
SCRIPT       : DATA_LOG | 2044637 | aRapBi1cCZPZAGLIDny3dk3hQ8vTmNTLHRl8zxmKgQ0= | 13565.8 | 15.2312 | 14068.4 | 0.760826 | -0.648956 | 0 | CZ527 | 1
SCRIPT       : DATA_LOG | 2045639 | aRapBi1cCZPZAGLIDny3dk3hQ8vTmNTLHRl8zxmKgQ0= | 13565.8 | 15.2312 | 14068.4 | 0.760826 | -0.648956 | 0 | CZ527 | 1
SCRIPT       : DATA_LOG | 2046640 | aRapBi1cCZPZAGLIDny3dk3hQ8vTmNTLHRl8zxmKgQ0= | 13565.8 | 15.2312 | 14068.4 | 0.760826 | -0.648956 | 0 | CZ527 | 1
SCRIPT       : DATA_LOG | 2047645 | aRapBi1cCZPZAGLIDny3dk3hQ8vTmNTLHRl8zxmKgQ0= | 13565.8 | 15.2312 | 14068.4 | 0.760826 | -0.648956 | 0 | CZ527 | 1
SCRIPT       : DATA_LOG | 2048646 | aRapBi1cCZPZAGLIDny3dk3hQ8vTmNTLHRl8zxmKgQ0= | 13565.8 | 15.2312 | 14068.4 | 0.760826 | -0.648956 | 0 | CZ527 | 1
SCRIPT       : DATA_LOG | 2049648 | aRapBi1cCZPZAGLIDny3dk3hQ8vTmNTLHRl8zxmKgQ0= | 13565.8 | 15.2312 | 14068.4 | 0.760826 | -0.648956 | 0 | CZ527 | 1
SCRIPT       : DATA_LOG | 2050643 | aRapBi1cCZPZAGLIDny3dk3hQ8vTmNTLHRl8zxmKgQ0= | 13565.8 | 15.2312 | 14068.4 | 0.760826 | -0.648956 | 0 | CZ527 | 1
SCRIPT       : DATA_LOG | 2051644 | aRapBi1cCZPZAGLIDny3dk3hQ8vTmNTLHRl8zxmKgQ0= | 13565.8 | 15.2312 | 14068.4 | 0.760826 | -0.648956 | 0 | CZ527 | 1
SCRIPT       : DATA_LOG | 2052645 | aRapBi1cCZPZAGLIDny3dk3hQ8vTmNTLHRl8zxmKgQ0= | 13565.8 | 15.2312 | 14068.4 | 0.760826 | -0.648956 | 0 | CZ527 | 1
SCRIPT       : DATA_LOG | 2053647 | aRapBi1cCZPZAGLIDny3dk3hQ8vTmNTLHRl8zxmKgQ0= | 13565.8 | 15.2312 | 14068.4 | 0.760826 | -0.648956 | 0 | CZ527 | 1
SCRIPT       : DATA_LOG | 2054651 | aRapBi1cCZPZAGLIDny3dk3hQ8vTmNTLHRl8zxmKgQ0= | 13565.8 | 15.2312 | 14068.4 | 0.760826 | -0.648956 | 0 | CZ527 | 1
SCRIPT       : DATA_LOG | 2055649 | aRapBi1cCZPZAGLIDny3dk3hQ8vTmNTLHRl8zxmKgQ0= | 13565.8 | 15.2312 | 14068.4 | 0.760826 | -0.648956 | 0 | CZ527 | 1
SCRIPT       : DATA_LOG | 2056652 | aRapBi1cCZPZAGLIDny3dk3hQ8vTmNTLHRl8zxmKgQ0= | 13565.8 | 15.2312 | 14068.4 | 0.760826 | -0.648956 | 0 | CZ527 | 1
SCRIPT       : DATA_LOG | 2057649 | aRapBi1cCZPZAGLIDny3dk3hQ8vTmNTLHRl8zxmKgQ0= | 13565.8 | 15.2312 | 14068.4 | 0.760826 | -0.648956 | 0 | CZ527 | 1
SCRIPT       : DATA_LOG | 2058651 | aRapBi1cCZPZAGLIDny3dk3hQ8vTmNTLHRl8zxmKgQ0= | 13565.8 | 15.2312 | 14068.4 | 0.760826 | -0.648956 | 0 | CZ527 | 1
SCRIPT       : DATA_LOG | 2059652 | aRapBi1cCZPZAGLIDny3dk3hQ8vTmNTLHRl8zxmKgQ0= | 13565.8 | 15.2312 | 14068.4 | 0.760826 | -0.648956 | 0 | CZ527 | 1
SCRIPT       : DATA_LOG | 2060653 | aRapBi1cCZPZAGLIDny3dk3hQ8vTmNTLHRl8zxmKgQ0= | 13565.8 | 15.2312 | 14068.4 | 0.760826 | -0.648956 | 0 | CZ527 | 1
SCRIPT       : DATA_LOG | 2061654 | aRapBi1cCZPZAGLIDny3dk3hQ8vTmNTLHRl8zxmKgQ0= | 13565.8 | 15.2312 | 14068.4 | 0.760826 | -0.648956 | 0 | CZ527 | 1
SCRIPT       : DATA_LOG | 2062658 | aRapBi1cCZPZAGLIDny3dk3hQ8vTmNTLHRl8zxmKgQ0= | 13565.8 | 15.2312 | 14068.4 | 0.760826 | -0.648956 | 0 | CZ527 | 1
SCRIPT       : DATA_LOG | 2063657 | aRapBi1cCZPZAGLIDny3dk3hQ8vTmNTLHRl8zxmKgQ0= | 13565.8 | 15.2312 | 14068.4 | 0.760826 | -0.648956 | 0 | CZ527 | 1
SCRIPT       : DATA_LOG | 2064657 | aRapBi1cCZPZAGLIDny3dk3hQ8vTmNTLHRl8zxmKgQ0= | 13565.8 | 15.2312 | 14068.4 | 0.760826 | -0.648956 | 0 | CZ527 | 1
SCRIPT       : DATA_LOG | 2065666 | aRapBi1cCZPZAGLIDny3dk3hQ8vTmNTLHRl8zxmKgQ0= | 13565.8 | 15.2312 | 14068.4 | 0.760826 | -0.648956 | 0 | CZ527 | 1
SCRIPT       : DATA_LOG | 2066664 | aRapBi1cCZPZAGLIDny3dk3hQ8vTmNTLHRl8zxmKgQ0= | 13565.8 | 15.2312 | 14068.4 | 0.760826 | -0.648956 | 0 | CZ527 | 1
SCRIPT       : DATA_LOG | 2067662 | aRapBi1cCZPZAGLIDny3dk3hQ8vTmNTLHRl8zxmKgQ0= | 13565.8 | 15.2312 | 14068.4 | 0.760826 | -0.648956 | 0 | CZ527 | 1
SCRIPT       : DATA_LOG | 2068660 | aRapBi1cCZPZAGLIDny3dk3hQ8vTmNTLHRl8zxmKgQ0= | 13565.8 | 15.2312 | 14068.4 | 0.760826 | -0.648956 | 0 | CZ527 | 1
SCRIPT       : DATA_LOG | 2069672 | aRapBi1cCZPZAGLIDny3dk3hQ8vTmNTLHRl8zxmKgQ0= | 13565.8 | 15.2312 | 14068.4 | 0.760826 | -0.648956 | 0 | CZ527 | 1
SCRIPT       : DATA_LOG | 2070663 | aRapBi1cCZPZAGLIDny3dk3hQ8vTmNTLHRl8zxmKgQ0= | 13565.8 | 15.2312 | 14068.4 | 0.760826 | -0.648956 | 0 | CZ527 | 1
SCRIPT       : DATA_LOG | 2071665 | aRapBi1cCZPZAGLIDny3dk3hQ8vTmNTLHRl8zxmKgQ0= | 13565.8 | 15.2312 | 14068.4 | 0.760826 | -0.648956 | 0 | CZ527 | 1
SCRIPT       : DATA_LOG | 2072666 | aRapBi1cCZPZAGLIDny3dk3hQ8vTmNTLHRl8zxmKgQ0= | 13565.8 | 15.2312 | 14068.4 | 0.760826 | -0.648956 | 0 | CZ527 | 1
SCRIPT       : DATA_LOG | 2073666 | aRapBi1cCZPZAGLIDny3dk3hQ8vTmNTLHRl8zxmKgQ0= | 13565.8 | 15.2312 | 14068.4 | 0.760826 | -0.648956 | 0 | CZ527 | 1
SCRIPT       : DATA_LOG | 2074667 | aRapBi1cCZPZAGLIDny3dk3hQ8vTmNTLHRl8zxmKgQ0= | 13565.8 | 15.2312 | 14068.4 | 0.760826 | -0.648956 | 0 | CZ527 | 1
SCRIPT       : DATA_LOG | 2075669 | aRapBi1cCZPZAGLIDny3dk3hQ8vTmNTLHRl8zxmKgQ0= | 13565.8 | 15.2312 | 14068.4 | 0.760826 | -0.648956 | 0 | CZ527 | 1
SCRIPT       : DATA_LOG | 2076669 | aRapBi1cCZPZAGLIDny3dk3hQ8vTmNTLHRl8zxmKgQ0= | 13565.8 | 15.2312 | 14068.4 | 0.760826 | -0.648956 | 0 | CZ527 | 1
SCRIPT       : DATA_LOG | 2077673 | aRapBi1cCZPZAGLIDny3dk3hQ8vTmNTLHRl8zxmKgQ0= | 13565.8 | 15.2312 | 14068.4 | 0.760826 | -0.648956 | 0 | CZ527 | 1
SCRIPT       : DATA_LOG | 2078673 | aRapBi1cCZPZAGLIDny3dk3hQ8vTmNTLHRl8zxmKgQ0= | 13565.8 | 15.2312 | 14068.4 | 0.760826 | -0.648956 | 0 | CZ527 | 1
SCRIPT       : DATA_LOG | 2079674 | aRapBi1cCZPZAGLIDny3dk3hQ8vTmNTLHRl8zxmKgQ0= | 13565.8 | 15.2312 | 14068.4 | 0.760826 | -0.648956 | 0 | CZ527 | 1
SCRIPT       : DATA_LOG | 2080673 | aRapBi1cCZPZAGLIDny3dk3hQ8vTmNTLHRl8zxmKgQ0= | 13565.8 | 15.2312 | 14068.4 | 0.760826 | -0.648956 | 0 | CZ527 | 1
SCRIPT       : DATA_LOG | 2081675 | aRapBi1cCZPZAGLIDny3dk3hQ8vTmNTLHRl8zxmKgQ0= | 13565.8 | 15.2312 | 14068.4 | 0.760826 | -0.648956 | 0 | CZ527 | 1
SCRIPT       : DATA_LOG | 2082675 | aRapBi1cCZPZAGLIDny3dk3hQ8vTmNTLHRl8zxmKgQ0= | 13565.8 | 15.2312 | 14068.4 | 0.760826 | -0.648956 | 0 | CZ527 | 1
SCRIPT       : DATA_LOG | 2083680 | aRapBi1cCZPZAGLIDny3dk3hQ8vTmNTLHRl8zxmKgQ0= | 13565.8 | 15.2312 | 14068.4 | 0.760826 | -0.648956 | 0 | CZ527 | 1
SCRIPT       : DATA_LOG | 2084680 | aRapBi1cCZPZAGLIDny3dk3hQ8vTmNTLHRl8zxmKgQ0= | 13565.8 | 15.2312 | 14068.4 | 0.760826 | -0.648956 | 0 | CZ527 | 1
SCRIPT       : DATA_LOG | 2085684 | aRapBi1cCZPZAGLIDny3dk3hQ8vTmNTLHRl8zxmKgQ0= | 13565.8 | 15.2312 | 14068.4 | 0.760826 | -0.648956 | 0 | CZ527 | 1
SCRIPT       : DATA_LOG | 2086682 | aRapBi1cCZPZAGLIDny3dk3hQ8vTmNTLHRl8zxmKgQ0= | 13565.8 | 15.2312 | 14068.4 | 0.760826 | -0.648956 | 0 | CZ527 | 1
SCRIPT       : DATA_LOG | 2087681 | aRapBi1cCZPZAGLIDny3dk3hQ8vTmNTLHRl8zxmKgQ0= | 13565.8 | 15.2312 | 14068.4 | 0.760826 | -0.648956 | 0 | CZ527 | 1
SCRIPT       : DATA_LOG | 2088685 | aRapBi1cCZPZAGLIDny3dk3hQ8vTmNTLHRl8zxmKgQ0= | 13565.8 | 15.2312 | 14068.4 | 0.760826 | -0.648956 | 0 | CZ527 | 1
SCRIPT       : DATA_LOG | 2089682 | aRapBi1cCZPZAGLIDny3dk3hQ8vTmNTLHRl8zxmKgQ0= | 13565.8 | 15.2312 | 14068.4 | 0.760826 | -0.648956 | 0 | CZ527 | 1
SCRIPT       : DATA_LOG | 2090684 | aRapBi1cCZPZAGLIDny3dk3hQ8vTmNTLHRl8zxmKgQ0= | 13565.8 | 15.2312 | 14068.4 | 0.760826 | -0.648956 | 0 | CZ527 | 1
SCRIPT       : DATA_LOG | 2091684 | aRapBi1cCZPZAGLIDny3dk3hQ8vTmNTLHRl8zxmKgQ0= | 13565.8 | 15.2312 | 14068.4 | 0.760826 | -0.648956 | 0 | CZ527 | 1
SCRIPT       : DATA_LOG | 2092688 | aRapBi1cCZPZAGLIDny3dk3hQ8vTmNTLHRl8zxmKgQ0= | 13565.8 | 15.2312 | 14068.4 | 0.760826 | -0.648956 | 0 | CZ527 | 1
SCRIPT       : DATA_LOG | 2093686 | aRapBi1cCZPZAGLIDny3dk3hQ8vTmNTLHRl8zxmKgQ0= | 13565.8 | 15.2312 | 14068.4 | 0.760826 | -0.648956 | 0 | CZ527 | 1
SCRIPT       : DATA_LOG | 2094689 | aRapBi1cCZPZAGLIDny3dk3hQ8vTmNTLHRl8zxmKgQ0= | 13565.8 | 15.2312 | 14068.4 | 0.760826 | -0.648956 | 0 | CZ527 | 1
SCRIPT       : DATA_LOG | 2095690 | aRapBi1cCZPZAGLIDny3dk3hQ8vTmNTLHRl8zxmKgQ0= | 13565.8 | 15.2312 | 14068.4 | 0.760826 | -0.648956 | 0 | CZ527 | 1
SCRIPT       : DATA_LOG | 2096689 | aRapBi1cCZPZAGLIDny3dk3hQ8vTmNTLHRl8zxmKgQ0= | 13565.8 | 15.2312 | 14068.4 | 0.760826 | -0.648956 | 0 | CZ527 | 1
SCRIPT       : DATA_LOG | 2097693 | aRapBi1cCZPZAGLIDny3dk3hQ8vTmNTLHRl8zxmKgQ0= | 13565.8 | 15.2312 | 14068.4 | 0.760826 | -0.648956 | 0 | CZ527 | 1
SCRIPT       : DATA_LOG | 2098696 | aRapBi1cCZPZAGLIDny3dk3hQ8vTmNTLHRl8zxmKgQ0= | 13565.8 | 15.2312 | 14068.4 | 0.760826 | -0.648956 | 0 | CZ527 | 1
SCRIPT       : DATA_LOG | 2099692 | aRapBi1cCZPZAGLIDny3dk3hQ8vTmNTLHRl8zxmKgQ0= | 13565.8 | 15.2312 | 14068.4 | 0.760826 | -0.648956 | 0 | CZ527 | 1
SCRIPT       : DATA_LOG | 2100700 | aRapBi1cCZPZAGLIDny3dk3hQ8vTmNTLHRl8zxmKgQ0= | 13565.8 | 15.2312 | 14068.4 | 0.760826 | -0.648956 | 0 | CZ527 | 1
SCRIPT       : DATA_LOG | 2101701 | aRapBi1cCZPZAGLIDny3dk3hQ8vTmNTLHRl8zxmKgQ0= | 13565.8 | 15.2312 | 14068.4 | 0.760826 | -0.648956 | 0 | CZ527 | 1
SCRIPT       : DATA_LOG | 2102696 | aRapBi1cCZPZAGLIDny3dk3hQ8vTmNTLHRl8zxmKgQ0= | 13565.8 | 15.2312 | 14068.4 | 0.760826 | -0.648956 | 0 | CZ527 | 1
SCRIPT       : DATA_LOG | 2103697 | aRapBi1cCZPZAGLIDny3dk3hQ8vTmNTLHRl8zxmKgQ0= | 13565.8 | 15.2312 | 14068.4 | 0.760826 | -0.648956 | 0 | CZ527 | 1
SCRIPT       : DATA_LOG | 2104697 | aRapBi1cCZPZAGLIDny3dk3hQ8vTmNTLHRl8zxmKgQ0= | 13565.8 | 15.2312 | 14068.4 | 0.760826 | -0.648956 | 0 | CZ527 | 1
SCRIPT       : DATA_LOG | 2105699 | aRapBi1cCZPZAGLIDny3dk3hQ8vTmNTLHRl8zxmKgQ0= | 13565.8 | 15.2312 | 14068.4 | 0.760826 | -0.648956 | 0 | CZ527 | 1
SCRIPT       : DATA_LOG | 2106700 | aRapBi1cCZPZAGLIDny3dk3hQ8vTmNTLHRl8zxmKgQ0= | 13565.8 | 15.2312 | 14068.4 | 0.760826 | -0.648956 | 0 | CZ527 | 1
SCRIPT       : DATA_LOG | 2107702 | aRapBi1cCZPZAGLIDny3dk3hQ8vTmNTLHRl8zxmKgQ0= | 13565.8 | 15.2312 | 14068.4 | 0.760826 | -0.648956 | 0 | CZ527 | 1
SCRIPT       : DATA_LOG | 2108701 | aRapBi1cCZPZAGLIDny3dk3hQ8vTmNTLHRl8zxmKgQ0= | 13565.8 | 15.2312 | 14068.4 | 0.760826 | -0.648956 | 0 | CZ527 | 1
SCRIPT       : DATA_LOG | 2109702 | aRapBi1cCZPZAGLIDny3dk3hQ8vTmNTLHRl8zxmKgQ0= | 13565.8 | 15.2312 | 14068.4 | 0.760826 | -0.648956 | 0 | CZ527 | 1
SCRIPT       : DATA_LOG | 2110704 | aRapBi1cCZPZAGLIDny3dk3hQ8vTmNTLHRl8zxmKgQ0= | 13565.8 | 15.2312 | 14068.4 | 0.760826 | -0.648956 | 0 | CZ527 | 1
SCRIPT       : DATA_LOG | 2111704 | aRapBi1cCZPZAGLIDny3dk3hQ8vTmNTLHRl8zxmKgQ0= | 13565.8 | 15.2312 | 14068.4 | 0.760826 | -0.648956 | 0 | CZ527 | 1
SCRIPT       : DATA_LOG | 2112713 | aRapBi1cCZPZAGLIDny3dk3hQ8vTmNTLHRl8zxmKgQ0= | 13565.8 | 15.2312 | 14068.4 | 0.760826 | -0.648956 | 0 | CZ527 | 1
SCRIPT       : DATA_LOG | 2113708 | aRapBi1cCZPZAGLIDny3dk3hQ8vTmNTLHRl8zxmKgQ0= | 13565.8 | 15.2312 | 14068.4 | 0.760826 | -0.648956 | 0 | CZ527 | 1
SCRIPT       : DATA_LOG | 2114710 | aRapBi1cCZPZAGLIDny3dk3hQ8vTmNTLHRl8zxmKgQ0= | 13565.8 | 15.2312 | 14068.4 | 0.760826 | -0.648956 | 0 | CZ527 | 1
SCRIPT       : DATA_LOG | 2115716 | aRapBi1cCZPZAGLIDny3dk3hQ8vTmNTLHRl8zxmKgQ0= | 13565.8 | 15.2312 | 14068.4 | 0.760826 | -0.648956 | 0 | CZ527 | 1
SCRIPT       : DATA_LOG | 2116709 | aRapBi1cCZPZAGLIDny3dk3hQ8vTmNTLHRl8zxmKgQ0= | 13565.8 | 15.2312 | 14068.4 | 0.760826 | -0.648956 | 0 | CZ527 | 1
SCRIPT       : DATA_LOG | 2117712 | aRapBi1cCZPZAGLIDny3dk3hQ8vTmNTLHRl8zxmKgQ0= | 13565.8 | 15.2312 | 14068.4 | 0.760826 | -0.648956 | 0 | CZ527 | 1
SCRIPT       : DATA_LOG | 2118711 | aRapBi1cCZPZAGLIDny3dk3hQ8vTmNTLHRl8zxmKgQ0= | 13565.8 | 15.2312 | 14068.4 | 0.760826 | -0.648956 | 0 | CZ527 | 1
SCRIPT       : DATA_LOG | 2119713 | aRapBi1cCZPZAGLIDny3dk3hQ8vTmNTLHRl8zxmKgQ0= | 13565.8 | 15.2312 | 14068.4 | 0.760826 | -0.648956 | 0 | CZ527 | 1
SCRIPT       : DATA_LOG | 2120717 | aRapBi1cCZPZAGLIDny3dk3hQ8vTmNTLHRl8zxmKgQ0= | 13565.8 | 15.2312 | 14068.4 | 0.760826 | -0.648956 | 0 | CZ527 | 1
SCRIPT       : DATA_LOG | 2121717 | aRapBi1cCZPZAGLIDny3dk3hQ8vTmNTLHRl8zxmKgQ0= | 13565.8 | 15.2312 | 14068.4 | 0.760826 | -0.648956 | 0 | CZ527 | 1
SCRIPT       : DATA_LOG | 2122716 | aRapBi1cCZPZAGLIDny3dk3hQ8vTmNTLHRl8zxmKgQ0= | 13565.8 | 15.2312 | 14068.4 | 0.760826 | -0.648956 | 0 | CZ527 | 1
SCRIPT       : DATA_LOG | 2123719 | aRapBi1cCZPZAGLIDny3dk3hQ8vTmNTLHRl8zxmKgQ0= | 13565.8 | 15.2312 | 14068.4 | 0.760826 | -0.648956 | 0 | CZ527 | 1
SCRIPT       : DATA_LOG | 2124720 | aRapBi1cCZPZAGLIDny3dk3hQ8vTmNTLHRl8zxmKgQ0= | 13565.8 | 15.2312 | 14068.4 | 0.760826 | -0.648956 | 0 | CZ527 | 1
SCRIPT       : DATA_LOG | 2125718 | aRapBi1cCZPZAGLIDny3dk3hQ8vTmNTLHRl8zxmKgQ0= | 13565.8 | 15.2312 | 14068.4 | 0.760826 | -0.648956 | 0 | CZ527 | 1
SCRIPT       : DATA_LOG | 2126727 | aRapBi1cCZPZAGLIDny3dk3hQ8vTmNTLHRl8zxmKgQ0= | 13565.8 | 15.2312 | 14068.4 | 0.760826 | -0.648956 | 0 | CZ527 | 1
SCRIPT       : DATA_LOG | 2127720 | aRapBi1cCZPZAGLIDny3dk3hQ8vTmNTLHRl8zxmKgQ0= | 13565.8 | 15.2312 | 14068.4 | 0.760826 | -0.648956 | 0 | CZ527 | 1
SCRIPT       : DATA_LOG | 2128721 | aRapBi1cCZPZAGLIDny3dk3hQ8vTmNTLHRl8zxmKgQ0= | 13565.8 | 15.2312 | 14068.4 | 0.760826 | -0.648956 | 0 | CZ527 | 1
SCRIPT       : DATA_LOG | 2129722 | aRapBi1cCZPZAGLIDny3dk3hQ8vTmNTLHRl8zxmKgQ0= | 13565.8 | 15.2312 | 14068.4 | 0.760826 | -0.648956 | 0 | CZ527 | 1
SCRIPT       : DATA_LOG | 2130726 | aRapBi1cCZPZAGLIDny3dk3hQ8vTmNTLHRl8zxmKgQ0= | 13565.8 | 15.2312 | 14068.4 | 0.760826 | -0.648956 | 0 | CZ527 | 1
SCRIPT       : DATA_LOG | 2131724 | aRapBi1cCZPZAGLIDny3dk3hQ8vTmNTLHRl8zxmKgQ0= | 13565.8 | 15.2312 | 14068.4 | 0.760826 | -0.648956 | 0 | CZ527 | 1
SCRIPT       : DATA_LOG | 2132731 | aRapBi1cCZPZAGLIDny3dk3hQ8vTmNTLHRl8zxmKgQ0= | 13565.8 | 15.2312 | 14068.4 | 0.760826 | -0.648956 | 0 | CZ527 | 1
SCRIPT       : DATA_LOG | 2133728 | aRapBi1cCZPZAGLIDny3dk3hQ8vTmNTLHRl8zxmKgQ0= | 13565.8 | 15.2312 | 14068.4 | 0.760826 | -0.648956 | 0 | CZ527 | 1
SCRIPT       : DATA_LOG | 2134733 | aRapBi1cCZPZAGLIDny3dk3hQ8vTmNTLHRl8zxmKgQ0= | 13565.8 | 15.2312 | 14068.4 | 0.760826 | -0.648956 | 0 | CZ527 | 1
SCRIPT       : DATA_LOG | 2135729 | aRapBi1cCZPZAGLIDny3dk3hQ8vTmNTLHRl8zxmKgQ0= | 13565.8 | 15.2312 | 14068.4 | 0.760826 | -0.648956 | 0 | CZ527 | 1
SCRIPT       : DATA_LOG | 2136729 | aRapBi1cCZPZAGLIDny3dk3hQ8vTmNTLHRl8zxmKgQ0= | 13565.8 | 15.2312 | 14068.4 | 0.760826 | -0.648956 | 0 | CZ527 | 1
SCRIPT       : DATA_LOG | 2137730 | aRapBi1cCZPZAGLIDny3dk3hQ8vTmNTLHRl8zxmKgQ0= | 13565.8 | 15.2312 | 14068.4 | 0.760826 | -0.648956 | 0 | CZ527 | 1
SCRIPT       : DATA_LOG | 2138735 | aRapBi1cCZPZAGLIDny3dk3hQ8vTmNTLHRl8zxmKgQ0= | 13565.8 | 15.2312 | 14068.4 | 0.760826 | -0.648956 | 0 | CZ527 | 1
SCRIPT       : DATA_LOG | 2139733 | aRapBi1cCZPZAGLIDny3dk3hQ8vTmNTLHRl8zxmKgQ0= | 13565.8 | 15.2312 | 14068.4 | 0.760826 | -0.648956 | 0 | CZ527 | 1
SCRIPT       : DATA_LOG | 2140733 | aRapBi1cCZPZAGLIDny3dk3hQ8vTmNTLHRl8zxmKgQ0= | 13565.8 | 15.2312 | 14068.4 | 0.760826 | -0.648956 | 0 | CZ527 | 1
SCRIPT       : DATA_LOG | 2141734 | aRapBi1cCZPZAGLIDny3dk3hQ8vTmNTLHRl8zxmKgQ0= | 13565.8 | 15.2312 | 14068.4 | 0.760826 | -0.648956 | 0 | CZ527 | 1
SCRIPT       : DATA_LOG | 2142736 | aRapBi1cCZPZAGLIDny3dk3hQ8vTmNTLHRl8zxmKgQ0= | 13565.8 | 15.2312 | 14068.4 | 0.760826 | -0.648956 | 0 | CZ527 | 1
SCRIPT       : DATA_LOG | 2143742 | aRapBi1cCZPZAGLIDny3dk3hQ8vTmNTLHRl8zxmKgQ0= | 13565.8 | 15.2312 | 14068.4 | 0.760826 | -0.648956 | 0 | CZ527 | 1
SCRIPT       : DATA_LOG | 2144745 | aRapBi1cCZPZAGLIDny3dk3hQ8vTmNTLHRl8zxmKgQ0= | 13565.8 | 15.2312 | 14068.4 | 0.760826 | -0.648956 | 0 | CZ527 | 1
SCRIPT       : DATA_LOG | 2145744 | aRapBi1cCZPZAGLIDny3dk3hQ8vTmNTLHRl8zxmKgQ0= | 13565.8 | 15.2312 | 14068.4 | 0.760826 | -0.648956 | 0 | CZ527 | 1
SCRIPT       : DATA_LOG | 2146739 | aRapBi1cCZPZAGLIDny3dk3hQ8vTmNTLHRl8zxmKgQ0= | 13565.8 | 15.2312 | 14068.4 | 0.760826 | -0.648956 | 0 | CZ527 | 1
SCRIPT       : DATA_LOG | 2147741 | aRapBi1cCZPZAGLIDny3dk3hQ8vTmNTLHRl8zxmKgQ0= | 13565.8 | 15.2312 | 14068.4 | 0.760826 | -0.648956 | 0 | CZ527 | 1
SCRIPT       : DATA_LOG | 2148745 | aRapBi1cCZPZAGLIDny3dk3hQ8vTmNTLHRl8zxmKgQ0= | 13565.8 | 15.2312 | 14068.4 | 0.760826 | -0.648956 | 0 | CZ527 | 1
SCRIPT       : DATA_LOG | 2149743 | aRapBi1cCZPZAGLIDny3dk3hQ8vTmNTLHRl8zxmKgQ0= | 13565.8 | 15.2312 | 14068.4 | 0.760826 | -0.648956 | 0 | CZ527 | 1
SCRIPT       : DATA_LOG | 2150745 | aRapBi1cCZPZAGLIDny3dk3hQ8vTmNTLHRl8zxmKgQ0= | 13565.8 | 15.2312 | 14068.4 | 0.760826 | -0.648956 | 0 | CZ527 | 1
SCRIPT       : DATA_LOG | 2151745 | aRapBi1cCZPZAGLIDny3dk3hQ8vTmNTLHRl8zxmKgQ0= | 13565.8 | 15.2312 | 14068.4 | 0.760826 | -0.648956 | 0 | CZ527 | 1
SCRIPT       : DATA_LOG | 2152745 | aRapBi1cCZPZAGLIDny3dk3hQ8vTmNTLHRl8zxmKgQ0= | 13565.8 | 15.2312 | 14068.4 | 0.760826 | -0.648956 | 0 | CZ527 | 1
SCRIPT       : DATA_LOG | 2153747 | aRapBi1cCZPZAGLIDny3dk3hQ8vTmNTLHRl8zxmKgQ0= | 13565.8 | 15.2312 | 14068.4 | 0.760826 | -0.648956 | 0 | CZ527 | 1
SCRIPT       : DATA_LOG | 2154747 | aRapBi1cCZPZAGLIDny3dk3hQ8vTmNTLHRl8zxmKgQ0= | 13565.8 | 15.2312 | 14068.4 | 0.760826 | -0.648956 | 0 | CZ527 | 1
SCRIPT       : DATA_LOG | 2155749 | aRapBi1cCZPZAGLIDny3dk3hQ8vTmNTLHRl8zxmKgQ0= | 13565.8 | 15.2312 | 14068.4 | 0.760826 | -0.648956 | 0 | CZ527 | 1
SCRIPT       : DATA_LOG | 2156749 | aRapBi1cCZPZAGLIDny3dk3hQ8vTmNTLHRl8zxmKgQ0= | 13565.8 | 15.2312 | 14068.4 | 0.760826 | -0.648956 | 0 | CZ527 | 1
SCRIPT       : DATA_LOG | 2157751 | aRapBi1cCZPZAGLIDny3dk3hQ8vTmNTLHRl8zxmKgQ0= | 13565.8 | 15.2312 | 14068.4 | 0.760826 | -0.648956 | 0 | CZ527 | 1
SCRIPT       : DATA_LOG | 2158752 | aRapBi1cCZPZAGLIDny3dk3hQ8vTmNTLHRl8zxmKgQ0= | 13565.8 | 15.2312 | 14068.4 | 0.760826 | -0.648956 | 0 | CZ527 | 1
SCRIPT       : DATA_LOG | 2159753 | aRapBi1cCZPZAGLIDny3dk3hQ8vTmNTLHRl8zxmKgQ0= | 13565.8 | 15.2312 | 14068.4 | 0.760826 | -0.648956 | 0 | CZ527 | 1
SCRIPT       : DATA_LOG | 2160767 | aRapBi1cCZPZAGLIDny3dk3hQ8vTmNTLHRl8zxmKgQ0= | 13565.8 | 15.2312 | 14068.4 | 0.760826 | -0.648956 | 0 | CZ527 | 1
SCRIPT       : DATA_LOG | 2161761 | aRapBi1cCZPZAGLIDny3dk3hQ8vTmNTLHRl8zxmKgQ0= | 13565.8 | 15.2312 | 14068.4 | 0.760826 | -0.648956 | 0 | CZ527 | 1
SCRIPT       : DATA_LOG | 2162759 | aRapBi1cCZPZAGLIDny3dk3hQ8vTmNTLHRl8zxmKgQ0= | 13565.8 | 15.2312 | 14068.4 | 0.760826 | -0.648956 | 0 | CZ527 | 1
SCRIPT       : DATA_LOG | 2163760 | aRapBi1cCZPZAGLIDny3dk3hQ8vTmNTLHRl8zxmKgQ0= | 13565.8 | 15.2312 | 14068.4 | 0.760826 | -0.648956 | 0 | CZ527 | 1
SCRIPT       : DATA_LOG | 2164757 | aRapBi1cCZPZAGLIDny3dk3hQ8vTmNTLHRl8zxmKgQ0= | 13565.8 | 15.2312 | 14068.4 | 0.760826 | -0.648956 | 0 | CZ527 | 1
SCRIPT       : DATA_LOG | 2165759 | aRapBi1cCZPZAGLIDny3dk3hQ8vTmNTLHRl8zxmKgQ0= | 13565.8 | 15.2312 | 14068.4 | 0.760826 | -0.648956 | 0 | CZ527 | 1
SCRIPT       : DATA_LOG | 2166760 | aRapBi1cCZPZAGLIDny3dk3hQ8vTmNTLHRl8zxmKgQ0= | 13565.8 | 15.2312 | 14068.4 | 0.760826 | -0.648956 | 0 | CZ527 | 1
SCRIPT       : DATA_LOG | 2167760 | aRapBi1cCZPZAGLIDny3dk3hQ8vTmNTLHRl8zxmKgQ0= | 13565.8 | 15.2312 | 14068.4 | 0.760826 | -0.648956 | 0 | CZ527 | 1
SCRIPT       : DATA_LOG | 2168767 | aRapBi1cCZPZAGLIDny3dk3hQ8vTmNTLHRl8zxmKgQ0= | 13565.8 | 15.2312 | 14068.4 | 0.760826 | -0.648956 | 0 | CZ527 | 1
SCRIPT       : DATA_LOG | 2169766 | aRapBi1cCZPZAGLIDny3dk3hQ8vTmNTLHRl8zxmKgQ0= | 13565.8 | 15.2312 | 14068.4 | 0.760826 | -0.648956 | 0 | CZ527 | 1
SCRIPT       : DATA_LOG | 2170766 | aRapBi1cCZPZAGLIDny3dk3hQ8vTmNTLHRl8zxmKgQ0= | 13565.8 | 15.2312 | 14068.4 | 0.760826 | -0.648956 | 0 | CZ527 | 1
SCRIPT       : DATA_LOG | 2171766 | aRapBi1cCZPZAGLIDny3dk3hQ8vTmNTLHRl8zxmKgQ0= | 13565.8 | 15.2312 | 14068.4 | 0.760826 | -0.648956 | 0 | CZ527 | 1
SCRIPT       : DATA_LOG | 2172765 | aRapBi1cCZPZAGLIDny3dk3hQ8vTmNTLHRl8zxmKgQ0= | 13565.8 | 15.2312 | 14068.4 | 0.760826 | -0.648956 | 0 | CZ527 | 1
SCRIPT       : DATA_LOG | 2173766 | aRapBi1cCZPZAGLIDny3dk3hQ8vTmNTLHRl8zxmKgQ0= | 13565.8 | 15.2312 | 14068.4 | 0.760826 | -0.648956 | 0 | CZ527 | 1
SCRIPT       : DATA_LOG | 2174767 | aRapBi1cCZPZAGLIDny3dk3hQ8vTmNTLHRl8zxmKgQ0= | 13565.8 | 15.2312 | 14068.4 | 0.760826 | -0.648956 | 0 | CZ527 | 1
SCRIPT       : DATA_LOG | 2175768 | aRapBi1cCZPZAGLIDny3dk3hQ8vTmNTLHRl8zxmKgQ0= | 13565.8 | 15.2312 | 14068.4 | 0.760826 | -0.648956 | 0 | CZ527 | 1
SCRIPT       : DATA_LOG | 2176769 | aRapBi1cCZPZAGLIDny3dk3hQ8vTmNTLHRl8zxmKgQ0= | 13565.8 | 15.2312 | 14068.4 | 0.760826 | -0.648956 | 0 | CZ527 | 1
SCRIPT       : DATA_LOG | 2177770 | aRapBi1cCZPZAGLIDny3dk3hQ8vTmNTLHRl8zxmKgQ0= | 13565.8 | 15.2312 | 14068.4 | 0.760826 | -0.648956 | 0 | CZ527 | 1
SCRIPT       : DATA_LOG | 2178778 | aRapBi1cCZPZAGLIDny3dk3hQ8vTmNTLHRl8zxmKgQ0= | 13565.8 | 15.2312 | 14068.4 | 0.760826 | -0.648956 | 0 | CZ527 | 1
SCRIPT       : DATA_LOG | 2179772 | aRapBi1cCZPZAGLIDny3dk3hQ8vTmNTLHRl8zxmKgQ0= | 13565.8 | 15.2312 | 14068.4 | 0.760826 | -0.648956 | 0 | CZ527 | 1
SCRIPT       : DATA_LOG | 2180773 | aRapBi1cCZPZAGLIDny3dk3hQ8vTmNTLHRl8zxmKgQ0= | 13565.8 | 15.2312 | 14068.4 | 0.760826 | -0.648956 | 0 | CZ527 | 1
SCRIPT       : DATA_LOG | 2181776 | aRapBi1cCZPZAGLIDny3dk3hQ8vTmNTLHRl8zxmKgQ0= | 13565.8 | 15.2312 | 14068.4 | 0.760826 | -0.648956 | 0 | CZ527 | 1
SCRIPT       : DATA_LOG | 2182775 | aRapBi1cCZPZAGLIDny3dk3hQ8vTmNTLHRl8zxmKgQ0= | 13565.8 | 15.2312 | 14068.4 | 0.760826 | -0.648956 | 0 | CZ527 | 1
SCRIPT       : DATA_LOG | 2183779 | aRapBi1cCZPZAGLIDny3dk3hQ8vTmNTLHRl8zxmKgQ0= | 13565.8 | 15.2312 | 14068.4 | 0.760826 | -0.648956 | 0 | CZ527 | 1
SCRIPT       : DATA_LOG | 2184777 | aRapBi1cCZPZAGLIDny3dk3hQ8vTmNTLHRl8zxmKgQ0= | 13565.8 | 15.2312 | 14068.4 | 0.760826 | -0.648956 | 0 | CZ527 | 1
SCRIPT       : DATA_LOG | 2185782 | aRapBi1cCZPZAGLIDny3dk3hQ8vTmNTLHRl8zxmKgQ0= | 13565.8 | 15.2312 | 14068.4 | 0.760826 | -0.648956 | 0 | CZ527 | 1
SCRIPT       : DATA_LOG | 2186780 | aRapBi1cCZPZAGLIDny3dk3hQ8vTmNTLHRl8zxmKgQ0= | 13565.8 | 15.2312 | 14068.4 | 0.760826 | -0.648956 | 0 | CZ527 | 1
SCRIPT       : DATA_LOG | 2187780 | aRapBi1cCZPZAGLIDny3dk3hQ8vTmNTLHRl8zxmKgQ0= | 13565.8 | 15.2312 | 14068.4 | 0.760826 | -0.648956 | 0 | CZ527 | 1
SCRIPT       : DATA_LOG | 2188781 | aRapBi1cCZPZAGLIDny3dk3hQ8vTmNTLHRl8zxmKgQ0= | 13565.8 | 15.2312 | 14068.4 | 0.760826 | -0.648956 | 0 | CZ527 | 1
SCRIPT       : DATA_LOG | 2189784 | aRapBi1cCZPZAGLIDny3dk3hQ8vTmNTLHRl8zxmKgQ0= | 13565.8 | 15.2312 | 14068.4 | 0.760826 | -0.648956 | 0 | CZ527 | 1
SCRIPT       : DATA_LOG | 2190785 | aRapBi1cCZPZAGLIDny3dk3hQ8vTmNTLHRl8zxmKgQ0= | 13565.8 | 15.2312 | 14068.4 | 0.760826 | -0.648956 | 0 | CZ527 | 1
SCRIPT       : DATA_LOG | 2191786 | aRapBi1cCZPZAGLIDny3dk3hQ8vTmNTLHRl8zxmKgQ0= | 13565.8 | 15.2312 | 14068.4 | 0.760826 | -0.648956 | 0 | CZ527 | 1
SCRIPT       : DATA_LOG | 2192787 | aRapBi1cCZPZAGLIDny3dk3hQ8vTmNTLHRl8zxmKgQ0= | 13565.8 | 15.2312 | 14068.4 | 0.760826 | -0.648956 | 0 | CZ527 | 1
SCRIPT       : DATA_LOG | 2193786 | aRapBi1cCZPZAGLIDny3dk3hQ8vTmNTLHRl8zxmKgQ0= | 13565.8 | 15.2312 | 14068.4 | 0.760826 | -0.648956 | 0 | CZ527 | 1
SCRIPT       : DATA_LOG | 2194791 | aRapBi1cCZPZAGLIDny3dk3hQ8vTmNTLHRl8zxmKgQ0= | 13565.8 | 15.2312 | 14068.4 | 0.760826 | -0.648956 | 0 | CZ527 | 1
SCRIPT       : DATA_LOG | 2195789 | aRapBi1cCZPZAGLIDny3dk3hQ8vTmNTLHRl8zxmKgQ0= | 13565.8 | 15.2312 | 14068.4 | 0.760826 | -0.648956 | 0 | CZ527 | 1
SCRIPT       : DATA_LOG | 2196796 | aRapBi1cCZPZAGLIDny3dk3hQ8vTmNTLHRl8zxmKgQ0= | 13565.8 | 15.2312 | 14068.4 | 0.760826 | -0.648956 | 0 | CZ527 | 1
SCRIPT       : DATA_LOG | 2197797 | aRapBi1cCZPZAGLIDny3dk3hQ8vTmNTLHRl8zxmKgQ0= | 13565.8 | 15.2312 | 14068.4 | 0.760826 | -0.648956 | 0 | CZ527 | 1
SCRIPT       : DATA_LOG | 2198793 | aRapBi1cCZPZAGLIDny3dk3hQ8vTmNTLHRl8zxmKgQ0= | 13565.8 | 15.2312 | 14068.4 | 0.760826 | -0.648956 | 0 | CZ527 | 1
SCRIPT       : DATA_LOG | 2199792 | aRapBi1cCZPZAGLIDny3dk3hQ8vTmNTLHRl8zxmKgQ0= | 13565.8 | 15.2312 | 14068.4 | 0.760826 | -0.648956 | 0 | CZ527 | 1
SCRIPT       : DATA_LOG | 2200794 | aRapBi1cCZPZAGLIDny3dk3hQ8vTmNTLHRl8zxmKgQ0= | 13565.8 | 15.2312 | 14068.4 | 0.760826 | -0.648956 | 0 | CZ527 | 1
SCRIPT       : DATA_LOG | 2201795 | aRapBi1cCZPZAGLIDny3dk3hQ8vTmNTLHRl8zxmKgQ0= | 13565.8 | 15.2312 | 14068.4 | 0.760826 | -0.648956 | 0 | CZ527 | 1
SCRIPT       : DATA_LOG | 2202795 | aRapBi1cCZPZAGLIDny3dk3hQ8vTmNTLHRl8zxmKgQ0= | 13565.8 | 15.2312 | 14068.4 | 0.760826 | -0.648956 | 0 | CZ527 | 1
SCRIPT       : DATA_LOG | 2203798 | aRapBi1cCZPZAGLIDny3dk3hQ8vTmNTLHRl8zxmKgQ0= | 13565.8 | 15.2312 | 14068.4 | 0.760826 | -0.648956 | 0 | CZ527 | 1
SCRIPT       : DATA_LOG | 2204798 | aRapBi1cCZPZAGLIDny3dk3hQ8vTmNTLHRl8zxmKgQ0= | 13565.8 | 15.2312 | 14068.4 | 0.760826 | -0.648956 | 0 | CZ527 | 1
SCRIPT       : DATA_LOG | 2205798 | aRapBi1cCZPZAGLIDny3dk3hQ8vTmNTLHRl8zxmKgQ0= | 13565.8 | 15.2312 | 14068.4 | 0.760826 | -0.648956 | 0 | CZ527 | 1
SCRIPT       : DATA_LOG | 2206800 | aRapBi1cCZPZAGLIDny3dk3hQ8vTmNTLHRl8zxmKgQ0= | 13565.8 | 15.2312 | 14068.4 | 0.760826 | -0.648956 | 0 | CZ527 | 1
SCRIPT       : DATA_LOG | 2207801 | aRapBi1cCZPZAGLIDny3dk3hQ8vTmNTLHRl8zxmKgQ0= | 13565.8 | 15.2312 | 14068.4 | 0.760826 | -0.648956 | 0 | CZ527 | 1
SCRIPT       : DATA_LOG | 2208803 | aRapBi1cCZPZAGLIDny3dk3hQ8vTmNTLHRl8zxmKgQ0= | 13565.8 | 15.2312 | 14068.4 | 0.760826 | -0.648956 | 0 | CZ527 | 1
SCRIPT       : DATA_LOG | 2209805 | aRapBi1cCZPZAGLIDny3dk3hQ8vTmNTLHRl8zxmKgQ0= | 13565.8 | 15.2312 | 14068.4 | 0.760826 | -0.648956 | 0 | CZ527 | 1
SCRIPT       : DATA_LOG | 2210807 | aRapBi1cCZPZAGLIDny3dk3hQ8vTmNTLHRl8zxmKgQ0= | 13565.8 | 15.2312 | 14068.4 | 0.760826 | -0.648956 | 0 | CZ527 | 1
SCRIPT       : DATA_LOG | 2211805 | aRapBi1cCZPZAGLIDny3dk3hQ8vTmNTLHRl8zxmKgQ0= | 13565.8 | 15.2312 | 14068.4 | 0.760826 | -0.648956 | 0 | CZ527 | 1
SCRIPT       : DATA_LOG | 2212813 | aRapBi1cCZPZAGLIDny3dk3hQ8vTmNTLHRl8zxmKgQ0= | 13565.8 | 15.2312 | 14068.4 | 0.760826 | -0.648956 | 0 | CZ527 | 1
SCRIPT       : DATA_LOG | 2213807 | aRapBi1cCZPZAGLIDny3dk3hQ8vTmNTLHRl8zxmKgQ0= | 13565.8 | 15.2312 | 14068.4 | 0.760826 | -0.648956 | 0 | CZ527 | 1
SCRIPT       : DATA_LOG | 2214807 | aRapBi1cCZPZAGLIDny3dk3hQ8vTmNTLHRl8zxmKgQ0= | 13565.8 | 15.2312 | 14068.4 | 0.760826 | -0.648956 | 0 | CZ527 | 1
SCRIPT       : DATA_LOG | 2215811 | aRapBi1cCZPZAGLIDny3dk3hQ8vTmNTLHRl8zxmKgQ0= | 13565.8 | 15.2312 | 14068.4 | 0.760826 | -0.648956 | 0 | CZ527 | 1
SCRIPT       : DATA_LOG | 2216809 | aRapBi1cCZPZAGLIDny3dk3hQ8vTmNTLHRl8zxmKgQ0= | 13565.8 | 15.2312 | 14068.4 | 0.760826 | -0.648956 | 0 | CZ527 | 1
SCRIPT       : DATA_LOG | 2217810 | aRapBi1cCZPZAGLIDny3dk3hQ8vTmNTLHRl8zxmKgQ0= | 13565.8 | 15.2312 | 14068.4 | 0.760826 | -0.648956 | 0 | CZ527 | 1
SCRIPT       : DATA_LOG | 2218819 | aRapBi1cCZPZAGLIDny3dk3hQ8vTmNTLHRl8zxmKgQ0= | 13565.8 | 15.2312 | 14068.4 | 0.760826 | -0.648956 | 0 | CZ527 | 1
SCRIPT       : DATA_LOG | 2219822 | aRapBi1cCZPZAGLIDny3dk3hQ8vTmNTLHRl8zxmKgQ0= | 13565.8 | 15.2312 | 14068.4 | 0.760826 | -0.648956 | 0 | CZ527 | 1
SCRIPT       : DATA_LOG | 2220814 | aRapBi1cCZPZAGLIDny3dk3hQ8vTmNTLHRl8zxmKgQ0= | 13565.8 | 15.2312 | 14068.4 | 0.760826 | -0.648956 | 0 | CZ527 | 1
SCRIPT       : DATA_LOG | 2221817 | aRapBi1cCZPZAGLIDny3dk3hQ8vTmNTLHRl8zxmKgQ0= | 13565.8 | 15.2312 | 14068.4 | 0.760826 | -0.648956 | 0 | CZ527 | 1
SCRIPT       : DATA_LOG | 2222817 | aRapBi1cCZPZAGLIDny3dk3hQ8vTmNTLHRl8zxmKgQ0= | 13565.8 | 15.2312 | 14068.4 | 0.760826 | -0.648956 | 0 | CZ527 | 1
SCRIPT       : DATA_LOG | 2223818 | aRapBi1cCZPZAGLIDny3dk3hQ8vTmNTLHRl8zxmKgQ0= | 13565.8 | 15.2312 | 14068.4 | 0.760826 | -0.648956 | 0 | CZ527 | 1
SCRIPT       : DATA_LOG | 2224817 | aRapBi1cCZPZAGLIDny3dk3hQ8vTmNTLHRl8zxmKgQ0= | 13565.8 | 15.2312 | 14068.4 | 0.760826 | -0.648956 | 0 | CZ527 | 1
SCRIPT       : DATA_LOG | 2225819 | aRapBi1cCZPZAGLIDny3dk3hQ8vTmNTLHRl8zxmKgQ0= | 13565.8 | 15.2312 | 14068.4 | 0.760826 | -0.648956 | 0 | CZ527 | 1
SCRIPT       : DATA_LOG | 2226819 | aRapBi1cCZPZAGLIDny3dk3hQ8vTmNTLHRl8zxmKgQ0= | 13565.8 | 15.2312 | 14068.4 | 0.760826 | -0.648956 | 0 | CZ527 | 1
SCRIPT       : DATA_LOG | 2227820 | aRapBi1cCZPZAGLIDny3dk3hQ8vTmNTLHRl8zxmKgQ0= | 13565.8 | 15.2312 | 14068.4 | 0.760826 | -0.648956 | 0 | CZ527 | 1
SCRIPT       : DATA_LOG | 2228822 | aRapBi1cCZPZAGLIDny3dk3hQ8vTmNTLHRl8zxmKgQ0= | 13565.8 | 15.2312 | 14068.4 | 0.760826 | -0.648956 | 0 | CZ527 | 1
SCRIPT       : DATA_LOG | 2229829 | aRapBi1cCZPZAGLIDny3dk3hQ8vTmNTLHRl8zxmKgQ0= | 13565.8 | 15.2312 | 14068.4 | 0.760826 | -0.648956 | 0 | CZ527 | 1
SCRIPT       : DATA_LOG | 2230827 | aRapBi1cCZPZAGLIDny3dk3hQ8vTmNTLHRl8zxmKgQ0= | 13565.8 | 15.2312 | 14068.4 | 0.760826 | -0.648956 | 0 | CZ527 | 1
SCRIPT       : DATA_LOG | 2231826 | aRapBi1cCZPZAGLIDny3dk3hQ8vTmNTLHRl8zxmKgQ0= | 13565.8 | 15.2312 | 14068.4 | 0.760826 | -0.648956 | 0 | CZ527 | 1
SCRIPT       : DATA_LOG | 2232827 | aRapBi1cCZPZAGLIDny3dk3hQ8vTmNTLHRl8zxmKgQ0= | 13565.8 | 15.2312 | 14068.4 | 0.760826 | -0.648956 | 0 | CZ527 | 1
SCRIPT       : DATA_LOG | 2233827 | aRapBi1cCZPZAGLIDny3dk3hQ8vTmNTLHRl8zxmKgQ0= | 13565.8 | 15.2312 | 14068.4 | 0.760826 | -0.648956 | 0 | CZ527 | 1
SCRIPT       : DATA_LOG | 2234828 | aRapBi1cCZPZAGLIDny3dk3hQ8vTmNTLHRl8zxmKgQ0= | 13565.8 | 15.2312 | 14068.4 | 0.760826 | -0.648956 | 0 | CZ527 | 1
SCRIPT       : DATA_LOG | 2235828 | aRapBi1cCZPZAGLIDny3dk3hQ8vTmNTLHRl8zxmKgQ0= | 13565.8 | 15.2312 | 14068.4 | 0.760826 | -0.648956 | 0 | CZ527 | 1
SCRIPT       : DATA_LOG | 2236832 | aRapBi1cCZPZAGLIDny3dk3hQ8vTmNTLHRl8zxmKgQ0= | 13565.8 | 15.2312 | 14068.4 | 0.760826 | -0.648956 | 0 | CZ527 | 1
SCRIPT       : DATA_LOG | 2237830 | aRapBi1cCZPZAGLIDny3dk3hQ8vTmNTLHRl8zxmKgQ0= | 13565.8 | 15.2312 | 14068.4 | 0.760826 | -0.648956 | 0 | CZ527 | 1
SCRIPT       : DATA_LOG | 2238838 | aRapBi1cCZPZAGLIDny3dk3hQ8vTmNTLHRl8zxmKgQ0= | 13565.8 | 15.2312 | 14068.4 | 0.760826 | -0.648956 | 0 | CZ527 | 1
SCRIPT       : DATA_LOG | 2239832 | aRapBi1cCZPZAGLIDny3dk3hQ8vTmNTLHRl8zxmKgQ0= | 13565.8 | 15.2312 | 14068.4 | 0.760826 | -0.648956 | 0 | CZ527 | 1
SCRIPT       : DATA_LOG | 2240834 | aRapBi1cCZPZAGLIDny3dk3hQ8vTmNTLHRl8zxmKgQ0= | 13565.8 | 15.2312 | 14068.4 | 0.760826 | -0.648956 | 0 | CZ527 | 1
SCRIPT       : DATA_LOG | 2241838 | aRapBi1cCZPZAGLIDny3dk3hQ8vTmNTLHRl8zxmKgQ0= | 13565.8 | 15.2312 | 14068.4 | 0.760826 | -0.648956 | 0 | CZ527 | 1
SCRIPT       : DATA_LOG | 2242835 | aRapBi1cCZPZAGLIDny3dk3hQ8vTmNTLHRl8zxmKgQ0= | 13565.8 | 15.2312 | 14068.4 | 0.760826 | -0.648956 | 0 | CZ527 | 1
SCRIPT       : DATA_LOG | 2243837 | aRapBi1cCZPZAGLIDny3dk3hQ8vTmNTLHRl8zxmKgQ0= | 13565.8 | 15.2312 | 14068.4 | 0.760826 | -0.648956 | 0 | CZ527 | 1
SCRIPT       : DATA_LOG | 2244842 | aRapBi1cCZPZAGLIDny3dk3hQ8vTmNTLHRl8zxmKgQ0= | 13565.8 | 15.2312 | 14068.4 | 0.760826 | -0.648956 | 0 | CZ527 | 1
SCRIPT       : DATA_LOG | 2245839 | aRapBi1cCZPZAGLIDny3dk3hQ8vTmNTLHRl8zxmKgQ0= | 13565.8 | 15.2312 | 14068.4 | 0.760826 | -0.648956 | 0 | CZ527 | 1
SCRIPT       : DATA_LOG | 2246839 | aRapBi1cCZPZAGLIDny3dk3hQ8vTmNTLHRl8zxmKgQ0= | 13565.8 | 15.2312 | 14068.4 | 0.760826 | -0.648956 | 0 | CZ527 | 1
SCRIPT       : DATA_LOG | 2247840 | aRapBi1cCZPZAGLIDny3dk3hQ8vTmNTLHRl8zxmKgQ0= | 13565.8 | 15.2312 | 14068.4 | 0.760826 | -0.648956 | 0 | CZ527 | 1
SCRIPT       : DATA_LOG | 2248841 | aRapBi1cCZPZAGLIDny3dk3hQ8vTmNTLHRl8zxmKgQ0= | 13565.8 | 15.2312 | 14068.4 | 0.760826 | -0.648956 | 0 | CZ527 | 1
SCRIPT       : DATA_LOG | 2249842 | aRapBi1cCZPZAGLIDny3dk3hQ8vTmNTLHRl8zxmKgQ0= | 13565.8 | 15.2312 | 14068.4 | 0.760826 | -0.648956 | 0 | CZ527 | 1
SCRIPT       : DATA_LOG | 2250846 | aRapBi1cCZPZAGLIDny3dk3hQ8vTmNTLHRl8zxmKgQ0= | 13565.8 | 15.2312 | 14068.4 | 0.760826 | -0.648956 | 0 | CZ527 | 1
SCRIPT       : DATA_LOG | 2251844 | aRapBi1cCZPZAGLIDny3dk3hQ8vTmNTLHRl8zxmKgQ0= | 13565.8 | 15.2312 | 14068.4 | 0.760826 | -0.648956 | 0 | CZ527 | 1
SCRIPT       : DATA_LOG | 2252846 | aRapBi1cCZPZAGLIDny3dk3hQ8vTmNTLHRl8zxmKgQ0= | 13565.8 | 15.2312 | 14068.4 | 0.760826 | -0.648956 | 0 | CZ527 | 1
SCRIPT       : DATA_LOG | 2253847 | aRapBi1cCZPZAGLIDny3dk3hQ8vTmNTLHRl8zxmKgQ0= | 13565.8 | 15.2312 | 14068.4 | 0.760826 | -0.648956 | 0 | CZ527 | 1
SCRIPT       : DATA_LOG | 2254846 | aRapBi1cCZPZAGLIDny3dk3hQ8vTmNTLHRl8zxmKgQ0= | 13565.8 | 15.2312 | 14068.4 | 0.760826 | -0.648956 | 0 | CZ527 | 1
SCRIPT       : DATA_LOG | 2255851 | aRapBi1cCZPZAGLIDny3dk3hQ8vTmNTLHRl8zxmKgQ0= | 13565.8 | 15.2312 | 14068.4 | 0.760826 | -0.648956 | 0 | CZ527 | 1
SCRIPT       : DATA_LOG | 2256849 | aRapBi1cCZPZAGLIDny3dk3hQ8vTmNTLHRl8zxmKgQ0= | 13565.8 | 15.2312 | 14068.4 | 0.760826 | -0.648956 | 0 | CZ527 | 1
SCRIPT       : DATA_LOG | 2257853 | aRapBi1cCZPZAGLIDny3dk3hQ8vTmNTLHRl8zxmKgQ0= | 13565.8 | 15.2312 | 14068.4 | 0.760826 | -0.648956 | 0 | CZ527 | 1
SCRIPT       : DATA_LOG | 2258851 | aRapBi1cCZPZAGLIDny3dk3hQ8vTmNTLHRl8zxmKgQ0= | 13565.8 | 15.2312 | 14068.4 | 0.760826 | -0.648956 | 0 | CZ527 | 1
SCRIPT       : DATA_LOG | 2259856 | aRapBi1cCZPZAGLIDny3dk3hQ8vTmNTLHRl8zxmKgQ0= | 13565.8 | 15.2312 | 14068.4 | 0.760826 | -0.648956 | 0 | CZ527 | 1
SCRIPT       : DATA_LOG | 2260856 | aRapBi1cCZPZAGLIDny3dk3hQ8vTmNTLHRl8zxmKgQ0= | 13565.8 | 15.2312 | 14068.4 | 0.760826 | -0.648956 | 0 | CZ527 | 1
SCRIPT       : DATA_LOG | 2261858 | aRapBi1cCZPZAGLIDny3dk3hQ8vTmNTLHRl8zxmKgQ0= | 13565.8 | 15.2312 | 14068.4 | 0.760826 | -0.648956 | 0 | CZ527 | 1
SCRIPT       : DATA_LOG | 2262861 | aRapBi1cCZPZAGLIDny3dk3hQ8vTmNTLHRl8zxmKgQ0= | 13565.8 | 15.2312 | 14068.4 | 0.760826 | -0.648956 | 0 | CZ527 | 1
SCRIPT       : DATA_LOG | 2263858 | aRapBi1cCZPZAGLIDny3dk3hQ8vTmNTLHRl8zxmKgQ0= | 13565.8 | 15.2312 | 14068.4 | 0.760826 | -0.648956 | 0 | CZ527 | 1
SCRIPT       : DATA_LOG | 2264863 | aRapBi1cCZPZAGLIDny3dk3hQ8vTmNTLHRl8zxmKgQ0= | 13565.8 | 15.2312 | 14068.4 | 0.760826 | -0.648956 | 0 | CZ527 | 1
SCRIPT       : DATA_LOG | 2265867 | aRapBi1cCZPZAGLIDny3dk3hQ8vTmNTLHRl8zxmKgQ0= | 13565.8 | 15.2312 | 14068.4 | 0.760826 | -0.648956 | 0 | CZ527 | 1
SCRIPT       : DATA_LOG | 2266859 | aRapBi1cCZPZAGLIDny3dk3hQ8vTmNTLHRl8zxmKgQ0= | 13565.8 | 15.2312 | 14068.4 | 0.760826 | -0.648956 | 0 | CZ527 | 1
SCRIPT       : DATA_LOG | 2267860 | aRapBi1cCZPZAGLIDny3dk3hQ8vTmNTLHRl8zxmKgQ0= | 13565.8 | 15.2312 | 14068.4 | 0.760826 | -0.648956 | 0 | CZ527 | 1
SCRIPT       : DATA_LOG | 2268862 | aRapBi1cCZPZAGLIDny3dk3hQ8vTmNTLHRl8zxmKgQ0= | 13565.8 | 15.2312 | 14068.4 | 0.760826 | -0.648956 | 0 | CZ527 | 1
SCRIPT       : DATA_LOG | 2269867 | aRapBi1cCZPZAGLIDny3dk3hQ8vTmNTLHRl8zxmKgQ0= | 13565.8 | 15.2312 | 14068.4 | 0.760826 | -0.648956 | 0 | CZ527 | 1
SCRIPT       : DATA_LOG | 2270863 | aRapBi1cCZPZAGLIDny3dk3hQ8vTmNTLHRl8zxmKgQ0= | 13565.8 | 15.2312 | 14068.4 | 0.760826 | -0.648956 | 0 | CZ527 | 1
SCRIPT       : DATA_LOG | 2271865 | aRapBi1cCZPZAGLIDny3dk3hQ8vTmNTLHRl8zxmKgQ0= | 13565.8 | 15.2312 | 14068.4 | 0.760826 | -0.648956 | 0 | CZ527 | 1
SCRIPT       : DATA_LOG | 2272872 | aRapBi1cCZPZAGLIDny3dk3hQ8vTmNTLHRl8zxmKgQ0= | 13565.8 | 15.2312 | 14068.4 | 0.760826 | -0.648956 | 0 | CZ527 | 1
SCRIPT       : DATA_LOG | 2273867 | aRapBi1cCZPZAGLIDny3dk3hQ8vTmNTLHRl8zxmKgQ0= | 13565.8 | 15.2312 | 14068.4 | 0.760826 | -0.648956 | 0 | CZ527 | 1
SCRIPT       : DATA_LOG | 2274874 | aRapBi1cCZPZAGLIDny3dk3hQ8vTmNTLHRl8zxmKgQ0= | 13565.8 | 15.2312 | 14068.4 | 0.760826 | -0.648956 | 0 | CZ527 | 1
SCRIPT       : DATA_LOG | 2275874 | aRapBi1cCZPZAGLIDny3dk3hQ8vTmNTLHRl8zxmKgQ0= | 13565.8 | 15.2312 | 14068.4 | 0.760826 | -0.648956 | 0 | CZ527 | 1
SCRIPT       : DATA_LOG | 2276872 | aRapBi1cCZPZAGLIDny3dk3hQ8vTmNTLHRl8zxmKgQ0= | 13565.8 | 15.2312 | 14068.4 | 0.760826 | -0.648956 | 0 | CZ527 | 1
SCRIPT       : DATA_LOG | 2277872 | aRapBi1cCZPZAGLIDny3dk3hQ8vTmNTLHRl8zxmKgQ0= | 13565.8 | 15.2312 | 14068.4 | 0.760826 | -0.648956 | 0 | CZ527 | 1
SCRIPT       : DATA_LOG | 2278872 | aRapBi1cCZPZAGLIDny3dk3hQ8vTmNTLHRl8zxmKgQ0= | 13565.8 | 15.2312 | 14068.4 | 0.760826 | -0.648956 | 0 | CZ527 | 1
SCRIPT       : DATA_LOG | 2279879 | aRapBi1cCZPZAGLIDny3dk3hQ8vTmNTLHRl8zxmKgQ0= | 13565.8 | 15.2312 | 14068.4 | 0.760826 | -0.648956 | 0 | CZ527 | 1
SCRIPT       : DATA_LOG | 2280874 | aRapBi1cCZPZAGLIDny3dk3hQ8vTmNTLHRl8zxmKgQ0= | 13565.8 | 15.2312 | 14068.4 | 0.760826 | -0.648956 | 0 | CZ527 | 1
SCRIPT       : DATA_LOG | 2281876 | aRapBi1cCZPZAGLIDny3dk3hQ8vTmNTLHRl8zxmKgQ0= | 13565.8 | 15.2312 | 14068.4 | 0.760826 | -0.648956 | 0 | CZ527 | 1
SCRIPT       : DATA_LOG | 2282880 | aRapBi1cCZPZAGLIDny3dk3hQ8vTmNTLHRl8zxmKgQ0= | 13565.8 | 15.2312 | 14068.4 | 0.760826 | -0.648956 | 0 | CZ527 | 1
SCRIPT       : DATA_LOG | 2283881 | aRapBi1cCZPZAGLIDny3dk3hQ8vTmNTLHRl8zxmKgQ0= | 13565.8 | 15.2312 | 14068.4 | 0.760826 | -0.648956 | 0 | CZ527 | 1
SCRIPT       : DATA_LOG | 2284878 | aRapBi1cCZPZAGLIDny3dk3hQ8vTmNTLHRl8zxmKgQ0= | 13565.8 | 15.2312 | 14068.4 | 0.760826 | -0.648956 | 0 | CZ527 | 1
SCRIPT       : DATA_LOG | 2285880 | aRapBi1cCZPZAGLIDny3dk3hQ8vTmNTLHRl8zxmKgQ0= | 13565.8 | 15.2312 | 14068.4 | 0.760826 | -0.648956 | 0 | CZ527 | 1
SCRIPT       : DATA_LOG | 2286879 | aRapBi1cCZPZAGLIDny3dk3hQ8vTmNTLHRl8zxmKgQ0= | 13565.8 | 15.2312 | 14068.4 | 0.760826 | -0.648956 | 0 | CZ527 | 1
SCRIPT       : DATA_LOG | 2287881 | aRapBi1cCZPZAGLIDny3dk3hQ8vTmNTLHRl8zxmKgQ0= | 13565.8 | 15.2312 | 14068.4 | 0.760826 | -0.648956 | 0 | CZ527 | 1
SCRIPT       : DATA_LOG | 2288882 | aRapBi1cCZPZAGLIDny3dk3hQ8vTmNTLHRl8zxmKgQ0= | 13565.8 | 15.2312 | 14068.4 | 0.760826 | -0.648956 | 0 | CZ527 | 1
SCRIPT       : DATA_LOG | 2289886 | aRapBi1cCZPZAGLIDny3dk3hQ8vTmNTLHRl8zxmKgQ0= | 13565.8 | 15.2312 | 14068.4 | 0.760826 | -0.648956 | 0 | CZ527 | 1
SCRIPT       : DATA_LOG | 2290883 | aRapBi1cCZPZAGLIDny3dk3hQ8vTmNTLHRl8zxmKgQ0= | 13565.8 | 15.2312 | 14068.4 | 0.760826 | -0.648956 | 0 | CZ527 | 1
SCRIPT       : DATA_LOG | 2291885 | aRapBi1cCZPZAGLIDny3dk3hQ8vTmNTLHRl8zxmKgQ0= | 13565.8 | 15.2312 | 14068.4 | 0.760826 | -0.648956 | 0 | CZ527 | 1
SCRIPT       : DATA_LOG | 2292888 | aRapBi1cCZPZAGLIDny3dk3hQ8vTmNTLHRl8zxmKgQ0= | 13565.8 | 15.2312 | 14068.4 | 0.760826 | -0.648956 | 0 | CZ527 | 1
SCRIPT       : DATA_LOG | 2293886 | aRapBi1cCZPZAGLIDny3dk3hQ8vTmNTLHRl8zxmKgQ0= | 13565.8 | 15.2312 | 14068.4 | 0.760826 | -0.648956 | 0 | CZ527 | 1
SCRIPT       : DATA_LOG | 2294894 | aRapBi1cCZPZAGLIDny3dk3hQ8vTmNTLHRl8zxmKgQ0= | 13565.8 | 15.2312 | 14068.4 | 0.760826 | -0.648956 | 0 | CZ527 | 1
SCRIPT       : DATA_LOG | 2295888 | aRapBi1cCZPZAGLIDny3dk3hQ8vTmNTLHRl8zxmKgQ0= | 13565.8 | 15.2312 | 14068.4 | 0.760826 | -0.648956 | 0 | CZ527 | 1
SCRIPT       : DATA_LOG | 2296891 | aRapBi1cCZPZAGLIDny3dk3hQ8vTmNTLHRl8zxmKgQ0= | 13565.8 | 15.2312 | 14068.4 | 0.760826 | -0.648956 | 0 | CZ527 | 1
SCRIPT       : DATA_LOG | 2297890 | aRapBi1cCZPZAGLIDny3dk3hQ8vTmNTLHRl8zxmKgQ0= | 13565.8 | 15.2312 | 14068.4 | 0.760826 | -0.648956 | 0 | CZ527 | 1
SCRIPT       : DATA_LOG | 2298894 | aRapBi1cCZPZAGLIDny3dk3hQ8vTmNTLHRl8zxmKgQ0= | 13565.8 | 15.2312 | 14068.4 | 0.760826 | -0.648956 | 0 | CZ527 | 1
SCRIPT       : DATA_LOG | 2299892 | aRapBi1cCZPZAGLIDny3dk3hQ8vTmNTLHRl8zxmKgQ0= | 13565.8 | 15.2312 | 14068.4 | 0.760826 | -0.648956 | 0 | CZ527 | 1
SCRIPT       : DATA_LOG | 2300900 | aRapBi1cCZPZAGLIDny3dk3hQ8vTmNTLHRl8zxmKgQ0= | 13565.8 | 15.2312 | 14068.4 | 0.760826 | -0.648956 | 0 | CZ527 | 1
SCRIPT       : DATA_LOG | 2301894 | aRapBi1cCZPZAGLIDny3dk3hQ8vTmNTLHRl8zxmKgQ0= | 13565.8 | 15.2312 | 14068.4 | 0.760826 | -0.648956 | 0 | CZ527 | 1
SCRIPT       : DATA_LOG | 2302897 | aRapBi1cCZPZAGLIDny3dk3hQ8vTmNTLHRl8zxmKgQ0= | 13565.8 | 15.2312 | 14068.4 | 0.760826 | -0.648956 | 0 | CZ527 | 1
SCRIPT       : DATA_LOG | 2303896 | aRapBi1cCZPZAGLIDny3dk3hQ8vTmNTLHRl8zxmKgQ0= | 13565.8 | 15.2312 | 14068.4 | 0.760826 | -0.648956 | 0 | CZ527 | 1
SCRIPT       : DATA_LOG | 2304898 | aRapBi1cCZPZAGLIDny3dk3hQ8vTmNTLHRl8zxmKgQ0= | 13565.8 | 15.2312 | 14068.4 | 0.760826 | -0.648956 | 0 | CZ527 | 1
SCRIPT       : DATA_LOG | 2305899 | aRapBi1cCZPZAGLIDny3dk3hQ8vTmNTLHRl8zxmKgQ0= | 13565.8 | 15.2312 | 14068.4 | 0.760826 | -0.648956 | 0 | CZ527 | 1
SCRIPT       : DATA_LOG | 2306898 | aRapBi1cCZPZAGLIDny3dk3hQ8vTmNTLHRl8zxmKgQ0= | 13565.8 | 15.2312 | 14068.4 | 0.760826 | -0.648956 | 0 | CZ527 | 1
SCRIPT       : DATA_LOG | 2307900 | aRapBi1cCZPZAGLIDny3dk3hQ8vTmNTLHRl8zxmKgQ0= | 13565.8 | 15.2312 | 14068.4 | 0.760826 | -0.648956 | 0 | CZ527 | 1
SCRIPT       : DATA_LOG | 2308902 | aRapBi1cCZPZAGLIDny3dk3hQ8vTmNTLHRl8zxmKgQ0= | 13565.8 | 15.2312 | 14068.4 | 0.760826 | -0.648956 | 0 | CZ527 | 1
SCRIPT       : DATA_LOG | 2309903 | aRapBi1cCZPZAGLIDny3dk3hQ8vTmNTLHRl8zxmKgQ0= | 13565.8 | 15.2312 | 14068.4 | 0.760826 | -0.648956 | 0 | CZ527 | 1
SCRIPT       : DATA_LOG | 2310903 | aRapBi1cCZPZAGLIDny3dk3hQ8vTmNTLHRl8zxmKgQ0= | 13565.8 | 15.2312 | 14068.4 | 0.760826 | -0.648956 | 0 | CZ527 | 1
SCRIPT       : DATA_LOG | 2311905 | aRapBi1cCZPZAGLIDny3dk3hQ8vTmNTLHRl8zxmKgQ0= | 13565.8 | 15.2312 | 14068.4 | 0.760826 | -0.648956 | 0 | CZ527 | 1
SCRIPT       : DATA_LOG | 2312907 | aRapBi1cCZPZAGLIDny3dk3hQ8vTmNTLHRl8zxmKgQ0= | 13565.8 | 15.2312 | 14068.4 | 0.760826 | -0.648956 | 0 | CZ527 | 1
SCRIPT       : DATA_LOG | 2313912 | aRapBi1cCZPZAGLIDny3dk3hQ8vTmNTLHRl8zxmKgQ0= | 13565.8 | 15.2312 | 14068.4 | 0.760826 | -0.648956 | 0 | CZ527 | 1
SCRIPT       : DATA_LOG | 2314909 | aRapBi1cCZPZAGLIDny3dk3hQ8vTmNTLHRl8zxmKgQ0= | 13565.8 | 15.2312 | 14068.4 | 0.760826 | -0.648956 | 0 | CZ527 | 1
SCRIPT       : DATA_LOG | 2315910 | aRapBi1cCZPZAGLIDny3dk3hQ8vTmNTLHRl8zxmKgQ0= | 13565.8 | 15.2312 | 14068.4 | 0.760826 | -0.648956 | 0 | CZ527 | 1
SCRIPT       : DATA_LOG | 2316909 | aRapBi1cCZPZAGLIDny3dk3hQ8vTmNTLHRl8zxmKgQ0= | 13565.8 | 15.2312 | 14068.4 | 0.760826 | -0.648956 | 0 | CZ527 | 1
SCRIPT       : DATA_LOG | 2317912 | aRapBi1cCZPZAGLIDny3dk3hQ8vTmNTLHRl8zxmKgQ0= | 13565.8 | 15.2312 | 14068.4 | 0.760826 | -0.648956 | 0 | CZ527 | 1
SCRIPT       : DATA_LOG | 2318913 | aRapBi1cCZPZAGLIDny3dk3hQ8vTmNTLHRl8zxmKgQ0= | 13565.8 | 15.2312 | 14068.4 | 0.760826 | -0.648956 | 0 | CZ527 | 1
SCRIPT       : DATA_LOG | 2319912 | aRapBi1cCZPZAGLIDny3dk3hQ8vTmNTLHRl8zxmKgQ0= | 13565.8 | 15.2312 | 14068.4 | 0.760826 | -0.648956 | 0 | CZ527 | 1
SCRIPT       : DATA_LOG | 2320915 | aRapBi1cCZPZAGLIDny3dk3hQ8vTmNTLHRl8zxmKgQ0= | 13565.8 | 15.2312 | 14068.4 | 0.760826 | -0.648956 | 0 | CZ527 | 1
SCRIPT       : DATA_LOG | 2321914 | aRapBi1cCZPZAGLIDny3dk3hQ8vTmNTLHRl8zxmKgQ0= | 13565.8 | 15.2312 | 14068.4 | 0.760826 | -0.648956 | 0 | CZ527 | 1
SCRIPT       : DATA_LOG | 2322919 | aRapBi1cCZPZAGLIDny3dk3hQ8vTmNTLHRl8zxmKgQ0= | 13565.8 | 15.2312 | 14068.4 | 0.760826 | -0.648956 | 0 | CZ527 | 1
SCRIPT       : DATA_LOG | 2323923 | aRapBi1cCZPZAGLIDny3dk3hQ8vTmNTLHRl8zxmKgQ0= | 13565.8 | 15.2312 | 14068.4 | 0.760826 | -0.648956 | 0 | CZ527 | 1
SCRIPT       : DATA_LOG | 2324925 | aRapBi1cCZPZAGLIDny3dk3hQ8vTmNTLHRl8zxmKgQ0= | 13565.8 | 15.2312 | 14068.4 | 0.760826 | -0.648956 | 0 | CZ527 | 1
SCRIPT       : DATA_LOG | 2325920 | aRapBi1cCZPZAGLIDny3dk3hQ8vTmNTLHRl8zxmKgQ0= | 13565.8 | 15.2312 | 14068.4 | 0.760826 | -0.648956 | 0 | CZ527 | 1
SCRIPT       : DATA_LOG | 2326924 | aRapBi1cCZPZAGLIDny3dk3hQ8vTmNTLHRl8zxmKgQ0= | 13565.8 | 15.2312 | 14068.4 | 0.760826 | -0.648956 | 0 | CZ527 | 1
SCRIPT       : DATA_LOG | 2327921 | aRapBi1cCZPZAGLIDny3dk3hQ8vTmNTLHRl8zxmKgQ0= | 13565.8 | 15.2312 | 14068.4 | 0.760826 | -0.648956 | 0 | CZ527 | 1
SCRIPT       : DATA_LOG | 2328930 | aRapBi1cCZPZAGLIDny3dk3hQ8vTmNTLHRl8zxmKgQ0= | 13565.8 | 15.2312 | 14068.4 | 0.760826 | -0.648956 | 0 | CZ527 | 1
SCRIPT       : DATA_LOG | 2329931 | aRapBi1cCZPZAGLIDny3dk3hQ8vTmNTLHRl8zxmKgQ0= | 13565.8 | 15.2312 | 14068.4 | 0.760826 | -0.648956 | 0 | CZ527 | 1
SCRIPT       : DATA_LOG | 2330924 | aRapBi1cCZPZAGLIDny3dk3hQ8vTmNTLHRl8zxmKgQ0= | 13565.8 | 15.2312 | 14068.4 | 0.760826 | -0.648956 | 0 | CZ527 | 1
SCRIPT       : DATA_LOG | 2331931 | aRapBi1cCZPZAGLIDny3dk3hQ8vTmNTLHRl8zxmKgQ0= | 13565.8 | 15.2312 | 14068.4 | 0.760826 | -0.648956 | 0 | CZ527 | 1
SCRIPT       : DATA_LOG | 2332925 | aRapBi1cCZPZAGLIDny3dk3hQ8vTmNTLHRl8zxmKgQ0= | 13565.8 | 15.2312 | 14068.4 | 0.760826 | -0.648956 | 0 | CZ527 | 1
SCRIPT       : DATA_LOG | 2333927 | aRapBi1cCZPZAGLIDny3dk3hQ8vTmNTLHRl8zxmKgQ0= | 13565.8 | 15.2312 | 14068.4 | 0.760826 | -0.648956 | 0 | CZ527 | 1
SCRIPT       : DATA_LOG | 2334933 | aRapBi1cCZPZAGLIDny3dk3hQ8vTmNTLHRl8zxmKgQ0= | 13565.8 | 15.2312 | 14068.4 | 0.760826 | -0.648956 | 0 | CZ527 | 1
SCRIPT       : DATA_LOG | 2335928 | aRapBi1cCZPZAGLIDny3dk3hQ8vTmNTLHRl8zxmKgQ0= | 13565.8 | 15.2312 | 14068.4 | 0.760826 | -0.648956 | 0 | CZ527 | 1
SCRIPT       : DATA_LOG | 2336929 | aRapBi1cCZPZAGLIDny3dk3hQ8vTmNTLHRl8zxmKgQ0= | 13565.8 | 15.2312 | 14068.4 | 0.760826 | -0.648956 | 0 | CZ527 | 1
SCRIPT       : DATA_LOG | 2337930 | aRapBi1cCZPZAGLIDny3dk3hQ8vTmNTLHRl8zxmKgQ0= | 13565.8 | 15.2312 | 14068.4 | 0.760826 | -0.648956 | 0 | CZ527 | 1
SCRIPT       : DATA_LOG | 2338932 | aRapBi1cCZPZAGLIDny3dk3hQ8vTmNTLHRl8zxmKgQ0= | 13565.8 | 15.2312 | 14068.4 | 0.760826 | -0.648956 | 0 | CZ527 | 1
SCRIPT       : DATA_LOG | 2339934 | aRapBi1cCZPZAGLIDny3dk3hQ8vTmNTLHRl8zxmKgQ0= | 13565.8 | 15.2312 | 14068.4 | 0.760826 | -0.648956 | 0 | CZ527 | 1
SCRIPT       : DATA_LOG | 2340935 | aRapBi1cCZPZAGLIDny3dk3hQ8vTmNTLHRl8zxmKgQ0= | 13565.8 | 15.2312 | 14068.4 | 0.760826 | -0.648956 | 0 | CZ527 | 1
SCRIPT       : DATA_LOG | 2341935 | aRapBi1cCZPZAGLIDny3dk3hQ8vTmNTLHRl8zxmKgQ0= | 13565.8 | 15.2312 | 14068.4 | 0.760826 | -0.648956 | 0 | CZ527 | 1
SCRIPT       : DATA_LOG | 2342935 | aRapBi1cCZPZAGLIDny3dk3hQ8vTmNTLHRl8zxmKgQ0= | 13565.8 | 15.2312 | 14068.4 | 0.760826 | -0.648956 | 0 | CZ527 | 1
SCRIPT       : DATA_LOG | 2343943 | aRapBi1cCZPZAGLIDny3dk3hQ8vTmNTLHRl8zxmKgQ0= | 13565.8 | 15.2312 | 14068.4 | 0.760826 | -0.648956 | 0 | CZ527 | 1
SCRIPT       : DATA_LOG | 2344952 | aRapBi1cCZPZAGLIDny3dk3hQ8vTmNTLHRl8zxmKgQ0= | 13565.8 | 15.2312 | 14068.4 | 0.760826 | -0.648956 | 0 | CZ527 | 1
SCRIPT       : DATA_LOG | 2345950 | aRapBi1cCZPZAGLIDny3dk3hQ8vTmNTLHRl8zxmKgQ0= | 13565.8 | 15.2312 | 14068.4 | 0.760826 | -0.648956 | 0 | CZ527 | 1
SCRIPT       : DATA_LOG | 2346946 | aRapBi1cCZPZAGLIDny3dk3hQ8vTmNTLHRl8zxmKgQ0= | 13565.8 | 15.2312 | 14068.4 | 0.760826 | -0.648956 | 0 | CZ527 | 1
SCRIPT       : DATA_LOG | 2347948 | aRapBi1cCZPZAGLIDny3dk3hQ8vTmNTLHRl8zxmKgQ0= | 13565.8 | 15.2312 | 14068.4 | 0.760826 | -0.648956 | 0 | CZ527 | 1
SCRIPT       : DATA_LOG | 2348957 | aRapBi1cCZPZAGLIDny3dk3hQ8vTmNTLHRl8zxmKgQ0= | 13565.8 | 15.2312 | 14068.4 | 0.760826 | -0.648956 | 0 | CZ527 | 1
SCRIPT       : DATA_LOG | 2349948 | aRapBi1cCZPZAGLIDny3dk3hQ8vTmNTLHRl8zxmKgQ0= | 13565.8 | 15.2312 | 14068.4 | 0.760826 | -0.648956 | 0 | CZ527 | 1
SCRIPT       : DATA_LOG | 2350948 | aRapBi1cCZPZAGLIDny3dk3hQ8vTmNTLHRl8zxmKgQ0= | 13565.8 | 15.2312 | 14068.4 | 0.760826 | -0.648956 | 0 | CZ527 | 1
SCRIPT       : DATA_LOG | 2351949 | aRapBi1cCZPZAGLIDny3dk3hQ8vTmNTLHRl8zxmKgQ0= | 13565.8 | 15.2312 | 14068.4 | 0.760826 | -0.648956 | 0 | CZ527 | 1
SCRIPT       : DATA_LOG | 2352951 | aRapBi1cCZPZAGLIDny3dk3hQ8vTmNTLHRl8zxmKgQ0= | 13565.8 | 15.2312 | 14068.4 | 0.760826 | -0.648956 | 0 | CZ527 | 1
SCRIPT       : DATA_LOG | 2353951 | aRapBi1cCZPZAGLIDny3dk3hQ8vTmNTLHRl8zxmKgQ0= | 13565.8 | 15.2312 | 14068.4 | 0.760826 | -0.648956 | 0 | CZ527 | 1
SCRIPT       : DATA_LOG | 2354952 | aRapBi1cCZPZAGLIDny3dk3hQ8vTmNTLHRl8zxmKgQ0= | 13565.8 | 15.2312 | 14068.4 | 0.760826 | -0.648956 | 0 | CZ527 | 1
SCRIPT       : DATA_LOG | 2355954 | aRapBi1cCZPZAGLIDny3dk3hQ8vTmNTLHRl8zxmKgQ0= | 13565.8 | 15.2312 | 14068.4 | 0.760826 | -0.648956 | 0 | CZ527 | 1
SCRIPT       : DATA_LOG | 2356955 | aRapBi1cCZPZAGLIDny3dk3hQ8vTmNTLHRl8zxmKgQ0= | 13565.8 | 15.2312 | 14068.4 | 0.760826 | -0.648956 | 0 | CZ527 | 1
SCRIPT       : DATA_LOG | 2357956 | aRapBi1cCZPZAGLIDny3dk3hQ8vTmNTLHRl8zxmKgQ0= | 13565.8 | 15.2312 | 14068.4 | 0.760826 | -0.648956 | 0 | CZ527 | 1
SCRIPT       : DATA_LOG | 2358957 | aRapBi1cCZPZAGLIDny3dk3hQ8vTmNTLHRl8zxmKgQ0= | 13565.8 | 15.2312 | 14068.4 | 0.760826 | -0.648956 | 0 | CZ527 | 1
SCRIPT       : DATA_LOG | 2359958 | aRapBi1cCZPZAGLIDny3dk3hQ8vTmNTLHRl8zxmKgQ0= | 13565.8 | 15.2312 | 14068.4 | 0.760826 | -0.648956 | 0 | CZ527 | 1
SCRIPT       : DATA_LOG | 2360959 | aRapBi1cCZPZAGLIDny3dk3hQ8vTmNTLHRl8zxmKgQ0= | 13565.8 | 15.2312 | 14068.4 | 0.760826 | -0.648956 | 0 | CZ527 | 1
SCRIPT       : DATA_LOG | 2361960 | aRapBi1cCZPZAGLIDny3dk3hQ8vTmNTLHRl8zxmKgQ0= | 13565.8 | 15.2312 | 14068.4 | 0.760826 | -0.648956 | 0 | CZ527 | 1
SCRIPT       : DATA_LOG | 2362961 | aRapBi1cCZPZAGLIDny3dk3hQ8vTmNTLHRl8zxmKgQ0= | 13565.6 | 15.2311 | 14067.2 | 0.31314 | 0.949707 | 0 | CZ527 | 1
SCRIPT       : DATA_LOG | 2363961 | aRapBi1cCZPZAGLIDny3dk3hQ8vTmNTLHRl8zxmKgQ0= | 13566.3 | 15.2312 | 14069.8 | -0.978413 | 0.206659 | 0 | CZ527 | 1
SCRIPT       : DATA_LOG | 2364964 | aRapBi1cCZPZAGLIDny3dk3hQ8vTmNTLHRl8zxmKgQ0= | 13564.5 | 16.6971 | 14070 | -0.999999 | 0.00143829 | 0 | CZ527 | 1
SCRIPT       : DATA_LOG | 2365965 | aRapBi1cCZPZAGLIDny3dk3hQ8vTmNTLHRl8zxmKgQ0= | 13562.4 | 19.3176 | 14070.7 | -0.973714 | -0.227776 | 0 | CZ527 | 1
SCRIPT       : DATA_LOG | 2366965 | aRapBi1cCZPZAGLIDny3dk3hQ8vTmNTLHRl8zxmKgQ0= | 13561.3 | 20.0461 | 14070.7 | -0.945342 | -0.326081 | 0 | CZ527 | 1
SCRIPT       : DATA_LOG | 2367968 | aRapBi1cCZPZAGLIDny3dk3hQ8vTmNTLHRl8zxmKgQ0= | 13560.5 | 20.0461 | 14070.3 | 0.211611 | -0.977354 | 0 | CZ527 | 1
SCRIPT       : DATA_LOG | 2368970 | aRapBi1cCZPZAGLIDny3dk3hQ8vTmNTLHRl8zxmKgQ0= | 13560.5 | 20.0461 | 14067.8 | -0.668925 | -0.74333 | 0 | CZ527 | 1
SCRIPT       : DATA_LOG | 2369967 | aRapBi1cCZPZAGLIDny3dk3hQ8vTmNTLHRl8zxmKgQ0= | 13560.4 | 20.0461 | 14067.7 | -0.668925 | -0.74333 | 0 | CZ527 | 1
SCRIPT       : DATA_LOG | 2370970 | aRapBi1cCZPZAGLIDny3dk3hQ8vTmNTLHRl8zxmKgQ0= | 13560.4 | 20.0461 | 14067.7 | -0.668925 | -0.74333 | 0 | CZ527 | 1
SCRIPT       : DATA_LOG | 2371971 | aRapBi1cCZPZAGLIDny3dk3hQ8vTmNTLHRl8zxmKgQ0= | 13560.5 | 20.0461 | 14067.6 | -0.732209 | -0.68108 | 0 | CZ527 | 1
SCRIPT       : DATA_LOG | 2372972 | aRapBi1cCZPZAGLIDny3dk3hQ8vTmNTLHRl8zxmKgQ0= | 13560 | 20.0461 | 14066.6 | -0.997033 | 0.076979 | 0 | CZ527 | 1
SCRIPT       : DATA_LOG | 2373971 | aRapBi1cCZPZAGLIDny3dk3hQ8vTmNTLHRl8zxmKgQ0= | 13560 | 20.0461 | 14065.1 | -0.9212 | 0.389089 | 0 | CZ527 | 1
SCRIPT       : DATA_LOG | 2374973 | aRapBi1cCZPZAGLIDny3dk3hQ8vTmNTLHRl8zxmKgQ0= | 13560.4 | 20.0461 | 14065.9 | -0.923283 | 0.384119 | 0 | CZ527 | 1
SCRIPT       : DATA_LOG | 2375973 | aRapBi1cCZPZAGLIDny3dk3hQ8vTmNTLHRl8zxmKgQ0= | 13560.3 | 20.0461 | 14065.8 | -0.914427 | 0.404751 | 1 | CZ527 | 1
SCRIPT       : DATA_LOG | 2376976 | aRapBi1cCZPZAGLIDny3dk3hQ8vTmNTLHRl8zxmKgQ0= | 13560 | 20.0461 | 14065.1 | -0.908173 | 0.418596 | 0 | CZ527 | 1
SCRIPT       : DATA_LOG | 2377975 | aRapBi1cCZPZAGLIDny3dk3hQ8vTmNTLHRl8zxmKgQ0= | 13560 | 20.0461 | 14065.1 | -0.252072 | 0.967709 | 0 | CZ527 | 1
SCRIPT       : DATA_LOG | 2378976 | aRapBi1cCZPZAGLIDny3dk3hQ8vTmNTLHRl8zxmKgQ0= | 13561 | 20.0461 | 14065.2 | -0.0446195 | 0.999004 | 0 | CZ527 | 1
SCRIPT       : DATA_LOG | 2379977 | aRapBi1cCZPZAGLIDny3dk3hQ8vTmNTLHRl8zxmKgQ0= | 13561 | 20.0461 | 14066.3 | -0.0302839 | 0.999541 | 0 | CZ527 | 1
SCRIPT       : DATA_LOG | 2380978 | aRapBi1cCZPZAGLIDny3dk3hQ8vTmNTLHRl8zxmKgQ0= | 13560.9 | 20.0461 | 14069.3 | 0.69634 | 0.717712 | 1 | CZ527 | 1
SCRIPT       : DATA_LOG | 2381978 | aRapBi1cCZPZAGLIDny3dk3hQ8vTmNTLHRl8zxmKgQ0= | 13562.6 | 19.0842 | 14070 | 0.998124 | 0.061223 | 0 | CZ527 | 1
SCRIPT       : DATA_LOG | 2382981 | aRapBi1cCZPZAGLIDny3dk3hQ8vTmNTLHRl8zxmKgQ0= | 13564.5 | 16.6111 | 14070.7 | 0.965335 | -0.261016 | 0 | CZ527 | 1
SCRIPT       : DATA_LOG | 2383982 | aRapBi1cCZPZAGLIDny3dk3hQ8vTmNTLHRl8zxmKgQ0= | 13565.7 | 15.4403 | 14069.8 | 0.77754 | -0.628834 | 0 | CZ527 | 1
SCRIPT       : DATA_LOG | 2384983 | aRapBi1cCZPZAGLIDny3dk3hQ8vTmNTLHRl8zxmKgQ0= | 13566.3 | 15.2312 | 14070 | 0.765807 | -0.643071 | 0 | CZ527 | 1
SCRIPT       : DATA_LOG | 2385983 | aRapBi1cCZPZAGLIDny3dk3hQ8vTmNTLHRl8zxmKgQ0= | 13566.4 | 15.2311 | 14069.1 | 0.786768 | -0.617249 | 0 | CZ527 | 1
SCRIPT       : DATA_LOG | 2386988 | aRapBi1cCZPZAGLIDny3dk3hQ8vTmNTLHRl8zxmKgQ0= | 13568.1 | 15.1747 | 14068.1 | 0.906489 | 0.42223 | 0 | CZ527 | 1
SCRIPT       : DATA_LOG | 2387986 | aRapBi1cCZPZAGLIDny3dk3hQ8vTmNTLHRl8zxmKgQ0= | 13571.1 | 14.6569 | 14068.9 | -0.0406629 | 0.999173 | 0 | CZ527 | 1
SCRIPT       : DATA_LOG | 2388989 | aRapBi1cCZPZAGLIDny3dk3hQ8vTmNTLHRl8zxmKgQ0= | 13573.2 | 14.6642 | 14071.2 | 0.262183 | -0.965018 | 0 | CZ527 | 1
SCRIPT       : DATA_LOG | 2389991 | aRapBi1cCZPZAGLIDny3dk3hQ8vTmNTLHRl8zxmKgQ0= | 13576.3 | 14.6536 | 14071.9 | 0.232078 | -0.972697 | 0 | CZ527 | 1
SCRIPT       : DATA_LOG | 2390990 | aRapBi1cCZPZAGLIDny3dk3hQ8vTmNTLHRl8zxmKgQ0= | 13577.6 | 14.6459 | 14071.4 | -0.370947 | -0.928654 | 0 | CZ527 | 1
SCRIPT       : DATA_LOG | 2391992 | aRapBi1cCZPZAGLIDny3dk3hQ8vTmNTLHRl8zxmKgQ0= | 13572.2 | 14.6627 | 14069.5 | -0.969115 | -0.246609 | 0 | CZ527 | 1
SCRIPT       : DATA_LOG | 2392992 | aRapBi1cCZPZAGLIDny3dk3hQ8vTmNTLHRl8zxmKgQ0= | 13568.3 | 15.166 | 14067.9 | -0.41988 | -0.90758 | 0 | CZ527 | 1
SCRIPT       : DATA_LOG | 2393993 | aRapBi1cCZPZAGLIDny3dk3hQ8vTmNTLHRl8zxmKgQ0= | 13566.2 | 15.2312 | 14067.9 | 0.436232 | -0.899834 | 0 | CZ527 | 1
SCRIPT       : DATA_LOG | 2394999 | aRapBi1cCZPZAGLIDny3dk3hQ8vTmNTLHRl8zxmKgQ0= | 13565.7 | 15.2312 | 14067.8 | 0.431309 | -0.902204 | 0 | CZ527 | 1
SCRIPT       : DATA_LOG | 2395995 | aRapBi1cCZPZAGLIDny3dk3hQ8vTmNTLHRl8zxmKgQ0= | 13565.7 | 15.2312 | 14067.8 | 0.431309 | -0.902204 | 0 | CZ527 | 1
SCRIPT       : DATA_LOG | 2396997 | aRapBi1cCZPZAGLIDny3dk3hQ8vTmNTLHRl8zxmKgQ0= | 13565.7 | 15.2312 | 14067.8 | 0.431309 | -0.902204 | 0 | CZ527 | 1
SCRIPT       : DATA_LOG | 2397997 | aRapBi1cCZPZAGLIDny3dk3hQ8vTmNTLHRl8zxmKgQ0= | 13565.7 | 15.2312 | 14067.8 | 0.431309 | -0.902204 | 0 | CZ527 | 1
SCRIPT       : DATA_LOG | 2398998 | aRapBi1cCZPZAGLIDny3dk3hQ8vTmNTLHRl8zxmKgQ0= | 13565.7 | 15.2312 | 14067.8 | 0.431309 | -0.902204 | 0 | CZ527 | 1
SCRIPT       : DATA_LOG | 2399999 | aRapBi1cCZPZAGLIDny3dk3hQ8vTmNTLHRl8zxmKgQ0= | 13565.7 | 15.2312 | 14067.8 | 0.431309 | -0.902204 | 0 | CZ527 | 1
SCRIPT       : DATA_LOG | 2401000 | aRapBi1cCZPZAGLIDny3dk3hQ8vTmNTLHRl8zxmKgQ0= | 13565.7 | 15.2312 | 14067.8 | 0.431309 | -0.902204 | 0 | CZ527 | 1
SCRIPT       : DATA_LOG | 2402002 | aRapBi1cCZPZAGLIDny3dk3hQ8vTmNTLHRl8zxmKgQ0= | 13565.7 | 15.2312 | 14067.8 | 0.431309 | -0.902204 | 0 | CZ527 | 1
SCRIPT       : DATA_LOG | 2403002 | aRapBi1cCZPZAGLIDny3dk3hQ8vTmNTLHRl8zxmKgQ0= | 13565.7 | 15.2312 | 14067.8 | 0.431309 | -0.902204 | 0 | CZ527 | 1
SCRIPT       : DATA_LOG | 2404003 | aRapBi1cCZPZAGLIDny3dk3hQ8vTmNTLHRl8zxmKgQ0= | 13565.7 | 15.2312 | 14067.8 | 0.431309 | -0.902204 | 0 | CZ527 | 1
SCRIPT       : DATA_LOG | 2405010 | aRapBi1cCZPZAGLIDny3dk3hQ8vTmNTLHRl8zxmKgQ0= | 13565.7 | 15.2312 | 14067.8 | 0.431309 | -0.902204 | 0 | CZ527 | 1
SCRIPT       : DATA_LOG | 2406010 | aRapBi1cCZPZAGLIDny3dk3hQ8vTmNTLHRl8zxmKgQ0= | 13565.7 | 15.2312 | 14067.8 | 0.431309 | -0.902204 | 0 | CZ527 | 1
SCRIPT       : DATA_LOG | 2407014 | aRapBi1cCZPZAGLIDny3dk3hQ8vTmNTLHRl8zxmKgQ0= | 13565.7 | 15.2312 | 14067.8 | 0.431309 | -0.902204 | 0 | CZ527 | 1
SCRIPT       : DATA_LOG | 2408006 | aRapBi1cCZPZAGLIDny3dk3hQ8vTmNTLHRl8zxmKgQ0= | 13565.7 | 15.2312 | 14067.8 | 0.431309 | -0.902204 | 0 | CZ527 | 1
SCRIPT       : DATA_LOG | 2409007 | aRapBi1cCZPZAGLIDny3dk3hQ8vTmNTLHRl8zxmKgQ0= | 13565.7 | 15.2312 | 14067.8 | 0.431309 | -0.902204 | 0 | CZ527 | 1
SCRIPT       : DATA_LOG | 2410006 | aRapBi1cCZPZAGLIDny3dk3hQ8vTmNTLHRl8zxmKgQ0= | 13565.7 | 15.2312 | 14067.8 | 0.431309 | -0.902204 | 0 | CZ527 | 1
SCRIPT       : DATA_LOG | 2411011 | aRapBi1cCZPZAGLIDny3dk3hQ8vTmNTLHRl8zxmKgQ0= | 13565.7 | 15.2312 | 14067.8 | 0.431309 | -0.902204 | 0 | CZ527 | 1
SCRIPT       : DATA_LOG | 2412012 | aRapBi1cCZPZAGLIDny3dk3hQ8vTmNTLHRl8zxmKgQ0= | 13565.7 | 15.2312 | 14067.8 | 0.431309 | -0.902204 | 0 | CZ527 | 1
SCRIPT       : DATA_LOG | 2413009 | aRapBi1cCZPZAGLIDny3dk3hQ8vTmNTLHRl8zxmKgQ0= | 13565.7 | 15.2312 | 14067.8 | 0.431309 | -0.902204 | 0 | CZ527 | 1
SCRIPT       : DATA_LOG | 2414010 | aRapBi1cCZPZAGLIDny3dk3hQ8vTmNTLHRl8zxmKgQ0= | 13565.7 | 15.2312 | 14067.8 | 0.431309 | -0.902204 | 0 | CZ527 | 1
SCRIPT       : DATA_LOG | 2415022 | aRapBi1cCZPZAGLIDny3dk3hQ8vTmNTLHRl8zxmKgQ0= | 13565.7 | 15.2312 | 14067.8 | 0.431309 | -0.902204 | 0 | CZ527 | 1
SCRIPT       : DATA_LOG | 2416016 | aRapBi1cCZPZAGLIDny3dk3hQ8vTmNTLHRl8zxmKgQ0= | 13565.7 | 15.2312 | 14067.8 | 0.431309 | -0.902204 | 0 | CZ527 | 1
SCRIPT       : DATA_LOG | 2417027 | aRapBi1cCZPZAGLIDny3dk3hQ8vTmNTLHRl8zxmKgQ0= | 13565.7 | 15.2312 | 14067.8 | 0.431309 | -0.902204 | 0 | CZ527 | 1
SCRIPT       : DATA_LOG | 2418019 | aRapBi1cCZPZAGLIDny3dk3hQ8vTmNTLHRl8zxmKgQ0= | 13565.7 | 15.2312 | 14067.8 | 0.431309 | -0.902204 | 0 | CZ527 | 1
SCRIPT       : DATA_LOG | 2419019 | aRapBi1cCZPZAGLIDny3dk3hQ8vTmNTLHRl8zxmKgQ0= | 13565.7 | 15.2312 | 14067.8 | 0.431309 | -0.902204 | 0 | CZ527 | 1
SCRIPT       : DATA_LOG | 2420017 | aRapBi1cCZPZAGLIDny3dk3hQ8vTmNTLHRl8zxmKgQ0= | 13565.7 | 15.2312 | 14067.8 | 0.431309 | -0.902204 | 0 | CZ527 | 1
SCRIPT       : DATA_LOG | 2421019 | aRapBi1cCZPZAGLIDny3dk3hQ8vTmNTLHRl8zxmKgQ0= | 13565.7 | 15.2312 | 14067.8 | 0.431309 | -0.902204 | 0 | CZ527 | 1
SCRIPT       : DATA_LOG | 2422017 | aRapBi1cCZPZAGLIDny3dk3hQ8vTmNTLHRl8zxmKgQ0= | 13565.7 | 15.2312 | 14067.8 | 0.431309 | -0.902204 | 0 | CZ527 | 1
SCRIPT       : DATA_LOG | 2423024 | aRapBi1cCZPZAGLIDny3dk3hQ8vTmNTLHRl8zxmKgQ0= | 13565.7 | 15.2312 | 14067.8 | 0.431309 | -0.902204 | 0 | CZ527 | 1
SCRIPT       : DATA_LOG | 2424020 | aRapBi1cCZPZAGLIDny3dk3hQ8vTmNTLHRl8zxmKgQ0= | 13565.7 | 15.2312 | 14067.8 | 0.431309 | -0.902204 | 0 | CZ527 | 1
SCRIPT       : DATA_LOG | 2425026 | aRapBi1cCZPZAGLIDny3dk3hQ8vTmNTLHRl8zxmKgQ0= | 13565.7 | 15.2312 | 14067.8 | 0.431309 | -0.902204 | 0 | CZ527 | 1
SCRIPT       : DATA_LOG | 2426023 | aRapBi1cCZPZAGLIDny3dk3hQ8vTmNTLHRl8zxmKgQ0= | 13565.7 | 15.2312 | 14067.8 | 0.431309 | -0.902204 | 0 | CZ527 | 1
SCRIPT       : DATA_LOG | 2427023 | aRapBi1cCZPZAGLIDny3dk3hQ8vTmNTLHRl8zxmKgQ0= | 13565.7 | 15.2312 | 14067.8 | 0.431309 | -0.902204 | 0 | CZ527 | 1
SCRIPT       : DATA_LOG | 2428022 | aRapBi1cCZPZAGLIDny3dk3hQ8vTmNTLHRl8zxmKgQ0= | 13565.7 | 15.2312 | 14067.8 | 0.431309 | -0.902204 | 0 | CZ527 | 1
SCRIPT       : DATA_LOG | 2429045 | aRapBi1cCZPZAGLIDny3dk3hQ8vTmNTLHRl8zxmKgQ0= | 13565.7 | 15.2312 | 14067.8 | 0.431309 | -0.902204 | 0 | CZ527 | 1
SCRIPT       : DATA_LOG | 2430036 | aRapBi1cCZPZAGLIDny3dk3hQ8vTmNTLHRl8zxmKgQ0= | 13565.7 | 15.2312 | 14067.8 | 0.431309 | -0.902204 | 0 | CZ527 | 1
SCRIPT       : DATA_LOG | 2431032 | aRapBi1cCZPZAGLIDny3dk3hQ8vTmNTLHRl8zxmKgQ0= | 13565.7 | 15.2312 | 14067.8 | 0.431309 | -0.902204 | 0 | CZ527 | 1
SCRIPT       : DATA_LOG | 2432035 | aRapBi1cCZPZAGLIDny3dk3hQ8vTmNTLHRl8zxmKgQ0= | 13565.7 | 15.2312 | 14067.8 | 0.431309 | -0.902204 | 0 | CZ527 | 1
SCRIPT       : DATA_LOG | 2433040 | aRapBi1cCZPZAGLIDny3dk3hQ8vTmNTLHRl8zxmKgQ0= | 13565.7 | 15.2312 | 14067.8 | 0.431309 | -0.902204 | 0 | CZ527 | 1
SCRIPT       : DATA_LOG | 2434037 | aRapBi1cCZPZAGLIDny3dk3hQ8vTmNTLHRl8zxmKgQ0= | 13565.7 | 15.2312 | 14067.8 | 0.431309 | -0.902204 | 0 | CZ527 | 1
SCRIPT       : DATA_LOG | 2435038 | aRapBi1cCZPZAGLIDny3dk3hQ8vTmNTLHRl8zxmKgQ0= | 13565.7 | 15.2312 | 14067.8 | 0.431309 | -0.902204 | 0 | CZ527 | 1
SCRIPT       : DATA_LOG | 2436042 | aRapBi1cCZPZAGLIDny3dk3hQ8vTmNTLHRl8zxmKgQ0= | 13565.7 | 15.2312 | 14067.8 | 0.431309 | -0.902204 | 0 | CZ527 | 1
SCRIPT       : DATA_LOG | 2437040 | aRapBi1cCZPZAGLIDny3dk3hQ8vTmNTLHRl8zxmKgQ0= | 13565.7 | 15.2312 | 14067.8 | 0.431309 | -0.902204 | 0 | CZ527 | 1
SCRIPT       : DATA_LOG | 2438043 | aRapBi1cCZPZAGLIDny3dk3hQ8vTmNTLHRl8zxmKgQ0= | 13565.7 | 15.2312 | 14067.8 | 0.431309 | -0.902204 | 0 | CZ527 | 1
SCRIPT       : DATA_LOG | 2439037 | aRapBi1cCZPZAGLIDny3dk3hQ8vTmNTLHRl8zxmKgQ0= | 13565.7 | 15.2312 | 14067.8 | 0.431309 | -0.902204 | 0 | CZ527 | 1
SCRIPT       : DATA_LOG | 2440042 | aRapBi1cCZPZAGLIDny3dk3hQ8vTmNTLHRl8zxmKgQ0= | 13565.7 | 15.2312 | 14067.8 | 0.431309 | -0.902204 | 0 | CZ527 | 1
SCRIPT       : DATA_LOG | 2441043 | aRapBi1cCZPZAGLIDny3dk3hQ8vTmNTLHRl8zxmKgQ0= | 13565.7 | 15.2312 | 14067.8 | 0.431309 | -0.902204 | 0 | CZ527 | 1
SCRIPT       : DATA_LOG | 2442048 | aRapBi1cCZPZAGLIDny3dk3hQ8vTmNTLHRl8zxmKgQ0= | 13565.7 | 15.2312 | 14067.8 | 0.431309 | -0.902204 | 0 | CZ527 | 1
SCRIPT       : DATA_LOG | 2443050 | aRapBi1cCZPZAGLIDny3dk3hQ8vTmNTLHRl8zxmKgQ0= | 13565.7 | 15.2312 | 14067.8 | 0.431309 | -0.902204 | 0 | CZ527 | 1
SCRIPT       : DATA_LOG | 2444045 | aRapBi1cCZPZAGLIDny3dk3hQ8vTmNTLHRl8zxmKgQ0= | 13565.7 | 15.2312 | 14067.8 | 0.431309 | -0.902204 | 0 | CZ527 | 1
SCRIPT       : DATA_LOG | 2445052 | aRapBi1cCZPZAGLIDny3dk3hQ8vTmNTLHRl8zxmKgQ0= | 13565.7 | 15.2312 | 14067.8 | 0.431309 | -0.902204 | 0 | CZ527 | 1
SCRIPT       : DATA_LOG | 2446050 | aRapBi1cCZPZAGLIDny3dk3hQ8vTmNTLHRl8zxmKgQ0= | 13565.7 | 15.2312 | 14067.8 | 0.431309 | -0.902204 | 0 | CZ527 | 1
SCRIPT       : DATA_LOG | 2447054 | aRapBi1cCZPZAGLIDny3dk3hQ8vTmNTLHRl8zxmKgQ0= | 13565.7 | 15.2312 | 14067.8 | 0.431309 | -0.902204 | 0 | CZ527 | 1
SCRIPT       : DATA_LOG | 2448055 | aRapBi1cCZPZAGLIDny3dk3hQ8vTmNTLHRl8zxmKgQ0= | 13565.7 | 15.2312 | 14067.8 | 0.431309 | -0.902204 | 0 | CZ527 | 1
SCRIPT       : DATA_LOG | 2449058 | aRapBi1cCZPZAGLIDny3dk3hQ8vTmNTLHRl8zxmKgQ0= | 13565.7 | 15.2312 | 14067.8 | 0.431309 | -0.902204 | 0 | CZ527 | 1
SCRIPT       : DATA_LOG | 2450057 | aRapBi1cCZPZAGLIDny3dk3hQ8vTmNTLHRl8zxmKgQ0= | 13565.7 | 15.2312 | 14067.8 | 0.431309 | -0.902204 | 0 | CZ527 | 1
SCRIPT       : DATA_LOG | 2451056 | aRapBi1cCZPZAGLIDny3dk3hQ8vTmNTLHRl8zxmKgQ0= | 13565.7 | 15.2312 | 14067.8 | 0.431309 | -0.902204 | 0 | CZ527 | 1
SCRIPT       : DATA_LOG | 2452057 | aRapBi1cCZPZAGLIDny3dk3hQ8vTmNTLHRl8zxmKgQ0= | 13565.7 | 15.2312 | 14067.8 | 0.431309 | -0.902204 | 0 | CZ527 | 1
SCRIPT       : DATA_LOG | 2453063 | aRapBi1cCZPZAGLIDny3dk3hQ8vTmNTLHRl8zxmKgQ0= | 13565.7 | 15.2312 | 14067.8 | 0.431309 | -0.902204 | 0 | CZ527 | 1
SCRIPT       : DATA_LOG | 2454058 | aRapBi1cCZPZAGLIDny3dk3hQ8vTmNTLHRl8zxmKgQ0= | 13565.7 | 15.2312 | 14067.8 | 0.431309 | -0.902204 | 0 | CZ527 | 1
SCRIPT       : DATA_LOG | 2455060 | aRapBi1cCZPZAGLIDny3dk3hQ8vTmNTLHRl8zxmKgQ0= | 13565.7 | 15.2312 | 14067.8 | 0.431309 | -0.902204 | 0 | CZ527 | 1
SCRIPT       : DATA_LOG | 2456123 | aRapBi1cCZPZAGLIDny3dk3hQ8vTmNTLHRl8zxmKgQ0= | 13565.7 | 15.2312 | 14067.8 | 0.431309 | -0.902204 | 0 | CZ527 | 1
SCRIPT       : DATA_LOG | 2457070 | aRapBi1cCZPZAGLIDny3dk3hQ8vTmNTLHRl8zxmKgQ0= | 13565.7 | 15.2312 | 14067.8 | 0.431309 | -0.902204 | 0 | CZ527 | 1
SCRIPT       : DATA_LOG | 2458075 | aRapBi1cCZPZAGLIDny3dk3hQ8vTmNTLHRl8zxmKgQ0= | 13565.7 | 15.2312 | 14067.8 | 0.431309 | -0.902204 | 0 | CZ527 | 1
SCRIPT       : DATA_LOG | 2459078 | aRapBi1cCZPZAGLIDny3dk3hQ8vTmNTLHRl8zxmKgQ0= | 13565.7 | 15.2312 | 14067.8 | 0.431309 | -0.902204 | 0 | CZ527 | 1
SCRIPT       : DATA_LOG | 2460074 | aRapBi1cCZPZAGLIDny3dk3hQ8vTmNTLHRl8zxmKgQ0= | 13565.7 | 15.2312 | 14067.8 | 0.431309 | -0.902204 | 0 | CZ527 | 1
SCRIPT       : DATA_LOG | 2461075 | aRapBi1cCZPZAGLIDny3dk3hQ8vTmNTLHRl8zxmKgQ0= | 13565.7 | 15.2312 | 14067.8 | 0.431309 | -0.902204 | 0 | CZ527 | 1
SCRIPT       : DATA_LOG | 2462067 | aRapBi1cCZPZAGLIDny3dk3hQ8vTmNTLHRl8zxmKgQ0= | 13565.7 | 15.2312 | 14067.8 | 0.431309 | -0.902204 | 0 | CZ527 | 1
SCRIPT       : DATA_LOG | 2463069 | aRapBi1cCZPZAGLIDny3dk3hQ8vTmNTLHRl8zxmKgQ0= | 13565.7 | 15.2312 | 14067.8 | 0.431309 | -0.902204 | 0 | CZ527 | 1
SCRIPT       : DATA_LOG | 2464076 | aRapBi1cCZPZAGLIDny3dk3hQ8vTmNTLHRl8zxmKgQ0= | 13565.7 | 15.2312 | 14067.8 | 0.431309 | -0.902204 | 0 | CZ527 | 1
SCRIPT       : DATA_LOG | 2465079 | aRapBi1cCZPZAGLIDny3dk3hQ8vTmNTLHRl8zxmKgQ0= | 13565.7 | 15.2312 | 14067.8 | 0.431309 | -0.902204 | 0 | CZ527 | 1
SCRIPT       : DATA_LOG | 2466075 | aRapBi1cCZPZAGLIDny3dk3hQ8vTmNTLHRl8zxmKgQ0= | 13565.7 | 15.2312 | 14067.8 | 0.431309 | -0.902204 | 0 | CZ527 | 1
SCRIPT       : DATA_LOG | 2467079 | aRapBi1cCZPZAGLIDny3dk3hQ8vTmNTLHRl8zxmKgQ0= | 13565.7 | 15.2312 | 14067.8 | 0.431309 | -0.902204 | 0 | CZ527 | 1
SCRIPT       : DATA_LOG | 2468082 | aRapBi1cCZPZAGLIDny3dk3hQ8vTmNTLHRl8zxmKgQ0= | 13565.7 | 15.2312 | 14067.8 | 0.431309 | -0.902204 | 0 | CZ527 | 1
SCRIPT       : DATA_LOG | 2469083 | aRapBi1cCZPZAGLIDny3dk3hQ8vTmNTLHRl8zxmKgQ0= | 13565.7 | 15.2312 | 14067.8 | 0.431309 | -0.902204 | 0 | CZ527 | 1
SCRIPT       : DATA_LOG | 2470094 | aRapBi1cCZPZAGLIDny3dk3hQ8vTmNTLHRl8zxmKgQ0= | 13565.7 | 15.2312 | 14067.8 | 0.431309 | -0.902204 | 0 | CZ527 | 1
SCRIPT       : DATA_LOG | 2471088 | aRapBi1cCZPZAGLIDny3dk3hQ8vTmNTLHRl8zxmKgQ0= | 13565.7 | 15.2312 | 14067.8 | 0.431309 | -0.902204 | 0 | CZ527 | 1
SCRIPT       : DATA_LOG | 2472098 | aRapBi1cCZPZAGLIDny3dk3hQ8vTmNTLHRl8zxmKgQ0= | 13565.7 | 15.2312 | 14067.8 | 0.431309 | -0.902204 | 0 | CZ527 | 1
SCRIPT       : DATA_LOG | 2473095 | aRapBi1cCZPZAGLIDny3dk3hQ8vTmNTLHRl8zxmKgQ0= | 13565.7 | 15.2312 | 14067.8 | 0.431309 | -0.902204 | 0 | CZ527 | 1
SCRIPT       : DATA_LOG | 2474093 | aRapBi1cCZPZAGLIDny3dk3hQ8vTmNTLHRl8zxmKgQ0= | 13565.7 | 15.2312 | 14067.8 | 0.431309 | -0.902204 | 0 | CZ527 | 1
SCRIPT       : DATA_LOG | 2475101 | aRapBi1cCZPZAGLIDny3dk3hQ8vTmNTLHRl8zxmKgQ0= | 13565.7 | 15.2312 | 14067.8 | 0.431309 | -0.902204 | 0 | CZ527 | 1
SCRIPT       : DATA_LOG | 2476106 | aRapBi1cCZPZAGLIDny3dk3hQ8vTmNTLHRl8zxmKgQ0= | 13565.7 | 15.2312 | 14067.8 | 0.431309 | -0.902204 | 0 | CZ527 | 1
SCRIPT       : DATA_LOG | 2477107 | aRapBi1cCZPZAGLIDny3dk3hQ8vTmNTLHRl8zxmKgQ0= | 13565.7 | 15.2312 | 14067.8 | 0.431309 | -0.902204 | 0 | CZ527 | 1
SCRIPT       : DATA_LOG | 2478107 | aRapBi1cCZPZAGLIDny3dk3hQ8vTmNTLHRl8zxmKgQ0= | 13565.7 | 15.2312 | 14067.8 | 0.431309 | -0.902204 | 0 | CZ527 | 1
SCRIPT       : DATA_LOG | 2479099 | aRapBi1cCZPZAGLIDny3dk3hQ8vTmNTLHRl8zxmKgQ0= | 13565.7 | 15.2312 | 14067.8 | 0.431309 | -0.902204 | 0 | CZ527 | 1
SCRIPT       : DATA_LOG | 2480108 | aRapBi1cCZPZAGLIDny3dk3hQ8vTmNTLHRl8zxmKgQ0= | 13565.7 | 15.2312 | 14067.8 | 0.431309 | -0.902204 | 0 | CZ527 | 1
SCRIPT       : DATA_LOG | 2481099 | aRapBi1cCZPZAGLIDny3dk3hQ8vTmNTLHRl8zxmKgQ0= | 13565.7 | 15.2312 | 14067.8 | 0.431309 | -0.902204 | 0 | CZ527 | 1
SCRIPT       : DATA_LOG | 2482104 | aRapBi1cCZPZAGLIDny3dk3hQ8vTmNTLHRl8zxmKgQ0= | 13565.7 | 15.2312 | 14067.8 | 0.431309 | -0.902204 | 0 | CZ527 | 1
SCRIPT       : DATA_LOG | 2483103 | aRapBi1cCZPZAGLIDny3dk3hQ8vTmNTLHRl8zxmKgQ0= | 13565.7 | 15.2312 | 14067.8 | 0.431309 | -0.902204 | 0 | CZ527 | 1
SCRIPT       : DATA_LOG | 2484095 | aRapBi1cCZPZAGLIDny3dk3hQ8vTmNTLHRl8zxmKgQ0= | 13565.7 | 15.2312 | 14067.8 | 0.431309 | -0.902204 | 0 | CZ527 | 1
SCRIPT       : DATA_LOG | 2485105 | aRapBi1cCZPZAGLIDny3dk3hQ8vTmNTLHRl8zxmKgQ0= | 13565.7 | 15.2312 | 14067.8 | 0.431309 | -0.902204 | 0 | CZ527 | 1
SCRIPT       : DATA_LOG | 2486099 | aRapBi1cCZPZAGLIDny3dk3hQ8vTmNTLHRl8zxmKgQ0= | 13565.7 | 15.2312 | 14067.8 | 0.431309 | -0.902204 | 0 | CZ527 | 1
SCRIPT       : DATA_LOG | 2487111 | aRapBi1cCZPZAGLIDny3dk3hQ8vTmNTLHRl8zxmKgQ0= | 13565.7 | 15.2312 | 14067.8 | 0.431309 | -0.902204 | 0 | CZ527 | 1
SCRIPT       : DATA_LOG | 2488106 | aRapBi1cCZPZAGLIDny3dk3hQ8vTmNTLHRl8zxmKgQ0= | 13565.7 | 15.2312 | 14067.8 | 0.431309 | -0.902204 | 0 | CZ527 | 1
SCRIPT       : DATA_LOG | 2489101 | aRapBi1cCZPZAGLIDny3dk3hQ8vTmNTLHRl8zxmKgQ0= | 13565.7 | 15.2312 | 14067.8 | 0.431309 | -0.902204 | 0 | CZ527 | 1
SCRIPT       : DATA_LOG | 2490107 | aRapBi1cCZPZAGLIDny3dk3hQ8vTmNTLHRl8zxmKgQ0= | 13565.7 | 15.2312 | 14067.8 | 0.431309 | -0.902204 | 0 | CZ527 | 1
SCRIPT       : DATA_LOG | 2491103 | aRapBi1cCZPZAGLIDny3dk3hQ8vTmNTLHRl8zxmKgQ0= | 13565.7 | 15.2312 | 14067.8 | 0.431309 | -0.902204 | 0 | CZ527 | 1
SCRIPT       : DATA_LOG | 2492109 | aRapBi1cCZPZAGLIDny3dk3hQ8vTmNTLHRl8zxmKgQ0= | 13565.7 | 15.2312 | 14067.8 | 0.431309 | -0.902204 | 0 | CZ527 | 1
SCRIPT       : DATA_LOG | 2493104 | aRapBi1cCZPZAGLIDny3dk3hQ8vTmNTLHRl8zxmKgQ0= | 13565.7 | 15.2312 | 14067.8 | 0.431309 | -0.902204 | 0 | CZ527 | 1
SCRIPT       : DATA_LOG | 2494106 | aRapBi1cCZPZAGLIDny3dk3hQ8vTmNTLHRl8zxmKgQ0= | 13565.7 | 15.2312 | 14067.8 | 0.431309 | -0.902204 | 0 | CZ527 | 1
SCRIPT       : DATA_LOG | 2495119 | aRapBi1cCZPZAGLIDny3dk3hQ8vTmNTLHRl8zxmKgQ0= | 13565.7 | 15.2312 | 14067.8 | 0.431309 | -0.902204 | 0 | CZ527 | 1
SCRIPT       : DATA_LOG | 2496111 | aRapBi1cCZPZAGLIDny3dk3hQ8vTmNTLHRl8zxmKgQ0= | 13565.7 | 15.2312 | 14067.8 | 0.431309 | -0.902204 | 0 | CZ527 | 1
SCRIPT       : DATA_LOG | 2497113 | aRapBi1cCZPZAGLIDny3dk3hQ8vTmNTLHRl8zxmKgQ0= | 13565.7 | 15.2312 | 14067.8 | 0.431309 | -0.902204 | 0 | CZ527 | 1
SCRIPT       : DATA_LOG | 2498118 | aRapBi1cCZPZAGLIDny3dk3hQ8vTmNTLHRl8zxmKgQ0= | 13565.7 | 15.2312 | 14067.8 | 0.431309 | -0.902204 | 0 | CZ527 | 1
SCRIPT       : DATA_LOG | 2499115 | aRapBi1cCZPZAGLIDny3dk3hQ8vTmNTLHRl8zxmKgQ0= | 13565.7 | 15.2312 | 14067.8 | 0.431309 | -0.902204 | 0 | CZ527 | 1
SCRIPT       : DATA_LOG | 2500117 | aRapBi1cCZPZAGLIDny3dk3hQ8vTmNTLHRl8zxmKgQ0= | 13565.7 | 15.2312 | 14067.8 | 0.431309 | -0.902204 | 0 | CZ527 | 1
SCRIPT       : DATA_LOG | 2501116 | aRapBi1cCZPZAGLIDny3dk3hQ8vTmNTLHRl8zxmKgQ0= | 13565.7 | 15.2312 | 14067.8 | 0.431309 | -0.902204 | 0 | CZ527 | 1
SCRIPT       : DATA_LOG | 2502122 | aRapBi1cCZPZAGLIDny3dk3hQ8vTmNTLHRl8zxmKgQ0= | 13565.7 | 15.2312 | 14067.8 | 0.431309 | -0.902204 | 0 | CZ527 | 1
SCRIPT       : DATA_LOG | 2503118 | aRapBi1cCZPZAGLIDny3dk3hQ8vTmNTLHRl8zxmKgQ0= | 13565.7 | 15.2312 | 14067.8 | 0.431309 | -0.902204 | 0 | CZ527 | 1
SCRIPT       : DATA_LOG | 2504119 | aRapBi1cCZPZAGLIDny3dk3hQ8vTmNTLHRl8zxmKgQ0= | 13565.7 | 15.2312 | 14067.8 | 0.431309 | -0.902204 | 0 | CZ527 | 1
SCRIPT       : DATA_LOG | 2505121 | aRapBi1cCZPZAGLIDny3dk3hQ8vTmNTLHRl8zxmKgQ0= | 13565.7 | 15.2312 | 14067.8 | 0.431309 | -0.902204 | 0 | CZ527 | 1
SCRIPT       : DATA_LOG | 2506116 | aRapBi1cCZPZAGLIDny3dk3hQ8vTmNTLHRl8zxmKgQ0= | 13565.7 | 15.2312 | 14067.8 | 0.431309 | -0.902204 | 0 | CZ527 | 1
SCRIPT       : DATA_LOG | 2507117 | aRapBi1cCZPZAGLIDny3dk3hQ8vTmNTLHRl8zxmKgQ0= | 13565.7 | 15.2312 | 14067.8 | 0.431309 | -0.902204 | 0 | CZ527 | 1
SCRIPT       : DATA_LOG | 2508125 | aRapBi1cCZPZAGLIDny3dk3hQ8vTmNTLHRl8zxmKgQ0= | 13565.7 | 15.2312 | 14067.8 | 0.431309 | -0.902204 | 0 | CZ527 | 1
SCRIPT       : DATA_LOG | 2509131 | aRapBi1cCZPZAGLIDny3dk3hQ8vTmNTLHRl8zxmKgQ0= | 13565.7 | 15.2312 | 14067.8 | 0.431309 | -0.902204 | 0 | CZ527 | 1
SCRIPT       : DATA_LOG | 2510126 | aRapBi1cCZPZAGLIDny3dk3hQ8vTmNTLHRl8zxmKgQ0= | 13565.7 | 15.2312 | 14067.8 | 0.431309 | -0.902204 | 0 | CZ527 | 1
SCRIPT       : DATA_LOG | 2511125 | aRapBi1cCZPZAGLIDny3dk3hQ8vTmNTLHRl8zxmKgQ0= | 13565.7 | 15.2312 | 14067.8 | 0.431309 | -0.902204 | 0 | CZ527 | 1
SCRIPT       : DATA_LOG | 2512140 | aRapBi1cCZPZAGLIDny3dk3hQ8vTmNTLHRl8zxmKgQ0= | 13565.7 | 15.2312 | 14067.8 | 0.431309 | -0.902204 | 0 | CZ527 | 1
SCRIPT       : DATA_LOG | 2513124 | aRapBi1cCZPZAGLIDny3dk3hQ8vTmNTLHRl8zxmKgQ0= | 13565.7 | 15.2312 | 14067.8 | 0.431309 | -0.902204 | 0 | CZ527 | 1
SCRIPT       : DATA_LOG | 2514125 | aRapBi1cCZPZAGLIDny3dk3hQ8vTmNTLHRl8zxmKgQ0= | 13565.7 | 15.2312 | 14067.8 | 0.431309 | -0.902204 | 0 | CZ527 | 1
SCRIPT       : DATA_LOG | 2515123 | aRapBi1cCZPZAGLIDny3dk3hQ8vTmNTLHRl8zxmKgQ0= | 13565.7 | 15.2312 | 14067.8 | 0.431309 | -0.902204 | 0 | CZ527 | 1
SCRIPT       : DATA_LOG | 2516128 | aRapBi1cCZPZAGLIDny3dk3hQ8vTmNTLHRl8zxmKgQ0= | 13565.7 | 15.2312 | 14067.8 | 0.431309 | -0.902204 | 0 | CZ527 | 1
SCRIPT       : DATA_LOG | 2517126 | aRapBi1cCZPZAGLIDny3dk3hQ8vTmNTLHRl8zxmKgQ0= | 13565.7 | 15.2312 | 14067.8 | 0.431309 | -0.902204 | 0 | CZ527 | 1
SCRIPT       : DATA_LOG | 2518142 | aRapBi1cCZPZAGLIDny3dk3hQ8vTmNTLHRl8zxmKgQ0= | 13565.7 | 15.2312 | 14067.8 | 0.431309 | -0.902204 | 0 | CZ527 | 1
SCRIPT       : DATA_LOG | 2519139 | aRapBi1cCZPZAGLIDny3dk3hQ8vTmNTLHRl8zxmKgQ0= | 13565.7 | 15.2312 | 14067.8 | 0.431309 | -0.902204 | 0 | CZ527 | 1
SCRIPT       : DATA_LOG | 2520133 | aRapBi1cCZPZAGLIDny3dk3hQ8vTmNTLHRl8zxmKgQ0= | 13565.7 | 15.2312 | 14067.8 | 0.431309 | -0.902204 | 0 | CZ527 | 1
SCRIPT       : DATA_LOG | 2521131 | aRapBi1cCZPZAGLIDny3dk3hQ8vTmNTLHRl8zxmKgQ0= | 13565.7 | 15.2312 | 14067.8 | 0.431309 | -0.902204 | 0 | CZ527 | 1
SCRIPT       : DATA_LOG | 2522141 | aRapBi1cCZPZAGLIDny3dk3hQ8vTmNTLHRl8zxmKgQ0= | 13565.7 | 15.2312 | 14067.8 | 0.431309 | -0.902204 | 0 | CZ527 | 1
SCRIPT       : DATA_LOG | 2523133 | aRapBi1cCZPZAGLIDny3dk3hQ8vTmNTLHRl8zxmKgQ0= | 13565.7 | 15.2312 | 14067.8 | 0.431309 | -0.902204 | 0 | CZ527 | 1
SCRIPT       : DATA_LOG | 2524134 | aRapBi1cCZPZAGLIDny3dk3hQ8vTmNTLHRl8zxmKgQ0= | 13565.7 | 15.2312 | 14067.8 | 0.431309 | -0.902204 | 0 | CZ527 | 1
SCRIPT       : DATA_LOG | 2525134 | aRapBi1cCZPZAGLIDny3dk3hQ8vTmNTLHRl8zxmKgQ0= | 13565.7 | 15.2312 | 14067.8 | 0.431309 | -0.902204 | 0 | CZ527 | 1
SCRIPT       : DATA_LOG | 2526135 | aRapBi1cCZPZAGLIDny3dk3hQ8vTmNTLHRl8zxmKgQ0= | 13565.7 | 15.2312 | 14067.8 | 0.431309 | -0.902204 | 0 | CZ527 | 1
SCRIPT       : DATA_LOG | 2527137 | aRapBi1cCZPZAGLIDny3dk3hQ8vTmNTLHRl8zxmKgQ0= | 13565.7 | 15.2312 | 14067.8 | 0.431309 | -0.902204 | 0 | CZ527 | 1
SCRIPT       : DATA_LOG | 2528148 | aRapBi1cCZPZAGLIDny3dk3hQ8vTmNTLHRl8zxmKgQ0= | 13565.7 | 15.2312 | 14067.8 | 0.431309 | -0.902204 | 0 | CZ527 | 1
SCRIPT       : DATA_LOG | 2529144 | aRapBi1cCZPZAGLIDny3dk3hQ8vTmNTLHRl8zxmKgQ0= | 13565.7 | 15.2312 | 14067.8 | 0.431309 | -0.902204 | 0 | CZ527 | 1
SCRIPT       : DATA_LOG | 2530142 | aRapBi1cCZPZAGLIDny3dk3hQ8vTmNTLHRl8zxmKgQ0= | 13565.7 | 15.2312 | 14067.8 | 0.431309 | -0.902204 | 0 | CZ527 | 1
SCRIPT       : DATA_LOG | 2531148 | aRapBi1cCZPZAGLIDny3dk3hQ8vTmNTLHRl8zxmKgQ0= | 13565.7 | 15.2312 | 14067.8 | 0.431309 | -0.902204 | 0 | CZ527 | 1
SCRIPT       : DATA_LOG | 2532154 | aRapBi1cCZPZAGLIDny3dk3hQ8vTmNTLHRl8zxmKgQ0= | 13565.7 | 15.2312 | 14067.8 | 0.431309 | -0.902204 | 0 | CZ527 | 1
SCRIPT       : DATA_LOG | 2533153 | aRapBi1cCZPZAGLIDny3dk3hQ8vTmNTLHRl8zxmKgQ0= | 13565.7 | 15.2312 | 14067.8 | 0.431309 | -0.902204 | 0 | CZ527 | 1
SCRIPT       : DATA_LOG | 2534148 | aRapBi1cCZPZAGLIDny3dk3hQ8vTmNTLHRl8zxmKgQ0= | 13565.7 | 15.2312 | 14067.8 | 0.431309 | -0.902204 | 0 | CZ527 | 1
SCRIPT       : DATA_LOG | 2535148 | aRapBi1cCZPZAGLIDny3dk3hQ8vTmNTLHRl8zxmKgQ0= | 13565.7 | 15.2312 | 14067.8 | 0.431309 | -0.902204 | 0 | CZ527 | 1
SCRIPT       : DATA_LOG | 2536154 | aRapBi1cCZPZAGLIDny3dk3hQ8vTmNTLHRl8zxmKgQ0= | 13565.7 | 15.2312 | 14067.8 | 0.431309 | -0.902204 | 0 | CZ527 | 1
SCRIPT       : DATA_LOG | 2537150 | aRapBi1cCZPZAGLIDny3dk3hQ8vTmNTLHRl8zxmKgQ0= | 13565.7 | 15.2312 | 14067.8 | 0.431309 | -0.902204 | 0 | CZ527 | 1
SCRIPT       : DATA_LOG | 2538155 | aRapBi1cCZPZAGLIDny3dk3hQ8vTmNTLHRl8zxmKgQ0= | 13565.7 | 15.2312 | 14067.8 | 0.431309 | -0.902204 | 0 | CZ527 | 1
SCRIPT       : DATA_LOG | 2539153 | aRapBi1cCZPZAGLIDny3dk3hQ8vTmNTLHRl8zxmKgQ0= | 13565.7 | 15.2312 | 14067.8 | 0.431309 | -0.902204 | 0 | CZ527 | 1
SCRIPT       : DATA_LOG | 2540160 | aRapBi1cCZPZAGLIDny3dk3hQ8vTmNTLHRl8zxmKgQ0= | 13565.7 | 15.2312 | 14067.8 | 0.431309 | -0.902204 | 0 | CZ527 | 1
SCRIPT       : DATA_LOG | 2541159 | aRapBi1cCZPZAGLIDny3dk3hQ8vTmNTLHRl8zxmKgQ0= | 13565.7 | 15.2312 | 14067.8 | 0.431309 | -0.902204 | 0 | CZ527 | 1
SCRIPT       : DATA_LOG | 2542154 | aRapBi1cCZPZAGLIDny3dk3hQ8vTmNTLHRl8zxmKgQ0= | 13565.7 | 15.2312 | 14067.8 | 0.431309 | -0.902204 | 0 | CZ527 | 1
SCRIPT       : DATA_LOG | 2543154 | aRapBi1cCZPZAGLIDny3dk3hQ8vTmNTLHRl8zxmKgQ0= | 13565.7 | 15.2312 | 14067.8 | 0.431309 | -0.902204 | 0 | CZ527 | 1
SCRIPT       : DATA_LOG | 2544159 | aRapBi1cCZPZAGLIDny3dk3hQ8vTmNTLHRl8zxmKgQ0= | 13565.7 | 15.2312 | 14067.8 | 0.431309 | -0.902204 | 0 | CZ527 | 1
SCRIPT       : DATA_LOG | 2545156 | aRapBi1cCZPZAGLIDny3dk3hQ8vTmNTLHRl8zxmKgQ0= | 13565.7 | 15.2312 | 14067.8 | 0.431309 | -0.902204 | 0 | CZ527 | 1
SCRIPT       : DATA_LOG | 2546159 | aRapBi1cCZPZAGLIDny3dk3hQ8vTmNTLHRl8zxmKgQ0= | 13565.7 | 15.2312 | 14067.8 | 0.431309 | -0.902204 | 0 | CZ527 | 1
SCRIPT       : DATA_LOG | 2547160 | aRapBi1cCZPZAGLIDny3dk3hQ8vTmNTLHRl8zxmKgQ0= | 13565.7 | 15.2312 | 14067.8 | 0.431309 | -0.902204 | 0 | CZ527 | 1
SCRIPT       : DATA_LOG | 2548164 | aRapBi1cCZPZAGLIDny3dk3hQ8vTmNTLHRl8zxmKgQ0= | 13565.7 | 15.2312 | 14067.8 | 0.431309 | -0.902204 | 0 | CZ527 | 1
SCRIPT       : DATA_LOG | 2549160 | aRapBi1cCZPZAGLIDny3dk3hQ8vTmNTLHRl8zxmKgQ0= | 13565.7 | 15.2312 | 14067.8 | 0.431309 | -0.902204 | 0 | CZ527 | 1
SCRIPT       : DATA_LOG | 2550171 | aRapBi1cCZPZAGLIDny3dk3hQ8vTmNTLHRl8zxmKgQ0= | 13565.7 | 15.2312 | 14067.8 | 0.431309 | -0.902204 | 0 | CZ527 | 1
SCRIPT       : DATA_LOG | 2551163 | aRapBi1cCZPZAGLIDny3dk3hQ8vTmNTLHRl8zxmKgQ0= | 13565.7 | 15.2312 | 14067.8 | 0.431309 | -0.902204 | 0 | CZ527 | 1
SCRIPT       : DATA_LOG | 2552164 | aRapBi1cCZPZAGLIDny3dk3hQ8vTmNTLHRl8zxmKgQ0= | 13565.7 | 15.2312 | 14067.8 | 0.431309 | -0.902204 | 0 | CZ527 | 1
SCRIPT       : DATA_LOG | 2553166 | aRapBi1cCZPZAGLIDny3dk3hQ8vTmNTLHRl8zxmKgQ0= | 13565.7 | 15.2312 | 14067.8 | 0.431309 | -0.902204 | 0 | CZ527 | 1
SCRIPT       : DATA_LOG | 2554165 | aRapBi1cCZPZAGLIDny3dk3hQ8vTmNTLHRl8zxmKgQ0= | 13565.7 | 15.2312 | 14067.8 | 0.431309 | -0.902204 | 0 | CZ527 | 1
SCRIPT       : DATA_LOG | 2555175 | aRapBi1cCZPZAGLIDny3dk3hQ8vTmNTLHRl8zxmKgQ0= | 13565.7 | 15.2312 | 14067.8 | 0.431309 | -0.902204 | 0 | CZ527 | 1
SCRIPT       : DATA_LOG | 2556168 | aRapBi1cCZPZAGLIDny3dk3hQ8vTmNTLHRl8zxmKgQ0= | 13565.7 | 15.2312 | 14067.8 | 0.431309 | -0.902204 | 0 | CZ527 | 1
SCRIPT       : DATA_LOG | 2557171 | aRapBi1cCZPZAGLIDny3dk3hQ8vTmNTLHRl8zxmKgQ0= | 13565.7 | 15.2312 | 14067.8 | 0.431309 | -0.902204 | 0 | CZ527 | 1
SCRIPT       : DATA_LOG | 2558170 | aRapBi1cCZPZAGLIDny3dk3hQ8vTmNTLHRl8zxmKgQ0= | 13565.7 | 15.2312 | 14067.8 | 0.431309 | -0.902204 | 0 | CZ527 | 1
SCRIPT       : DATA_LOG | 2559181 | aRapBi1cCZPZAGLIDny3dk3hQ8vTmNTLHRl8zxmKgQ0= | 13565.7 | 15.2312 | 14067.8 | 0.431309 | -0.902204 | 0 | CZ527 | 1
SCRIPT       : DATA_LOG | 2560171 | aRapBi1cCZPZAGLIDny3dk3hQ8vTmNTLHRl8zxmKgQ0= | 13565.7 | 15.2312 | 14067.8 | 0.431309 | -0.902204 | 0 | CZ527 | 1
SCRIPT       : DATA_LOG | 2561178 | aRapBi1cCZPZAGLIDny3dk3hQ8vTmNTLHRl8zxmKgQ0= | 13565.7 | 15.2312 | 14067.8 | 0.431309 | -0.902204 | 0 | CZ527 | 1
SCRIPT       : DATA_LOG | 2562178 | aRapBi1cCZPZAGLIDny3dk3hQ8vTmNTLHRl8zxmKgQ0= | 13565.7 | 15.2312 | 14067.8 | 0.431309 | -0.902204 | 0 | CZ527 | 1
SCRIPT       : DATA_LOG | 2563176 | aRapBi1cCZPZAGLIDny3dk3hQ8vTmNTLHRl8zxmKgQ0= | 13565.7 | 15.2312 | 14067.8 | 0.431309 | -0.902204 | 0 | CZ527 | 1
SCRIPT       : DATA_LOG | 2564186 | aRapBi1cCZPZAGLIDny3dk3hQ8vTmNTLHRl8zxmKgQ0= | 13565.7 | 15.2312 | 14067.8 | 0.431309 | -0.902204 | 0 | CZ527 | 1
SCRIPT       : DATA_LOG | 2565183 | aRapBi1cCZPZAGLIDny3dk3hQ8vTmNTLHRl8zxmKgQ0= | 13565.7 | 15.2312 | 14067.8 | 0.431309 | -0.902204 | 0 | CZ527 | 1
SCRIPT       : DATA_LOG | 2566182 | aRapBi1cCZPZAGLIDny3dk3hQ8vTmNTLHRl8zxmKgQ0= | 13565.7 | 15.2312 | 14067.8 | 0.431309 | -0.902204 | 0 | CZ527 | 1
SCRIPT       : DATA_LOG | 2567183 | aRapBi1cCZPZAGLIDny3dk3hQ8vTmNTLHRl8zxmKgQ0= | 13565.7 | 15.2312 | 14067.8 | 0.431309 | -0.902204 | 0 | CZ527 | 1
SCRIPT       : DATA_LOG | 2568190 | aRapBi1cCZPZAGLIDny3dk3hQ8vTmNTLHRl8zxmKgQ0= | 13565.7 | 15.2312 | 14067.8 | 0.431309 | -0.902204 | 0 | CZ527 | 1
SCRIPT       : DATA_LOG | 2569202 | aRapBi1cCZPZAGLIDny3dk3hQ8vTmNTLHRl8zxmKgQ0= | 13565.7 | 15.2312 | 14067.8 | 0.431309 | -0.902204 | 0 | CZ527 | 1
SCRIPT       : DATA_LOG | 2570193 | aRapBi1cCZPZAGLIDny3dk3hQ8vTmNTLHRl8zxmKgQ0= | 13565.7 | 15.2312 | 14067.8 | 0.431309 | -0.902204 | 0 | CZ527 | 1
SCRIPT       : DATA_LOG | 2571193 | aRapBi1cCZPZAGLIDny3dk3hQ8vTmNTLHRl8zxmKgQ0= | 13565.7 | 15.2312 | 14067.8 | 0.431309 | -0.902204 | 0 | CZ527 | 1
SCRIPT       : DATA_LOG | 2572184 | aRapBi1cCZPZAGLIDny3dk3hQ8vTmNTLHRl8zxmKgQ0= | 13565.7 | 15.2312 | 14067.8 | 0.431309 | -0.902204 | 0 | CZ527 | 1
SCRIPT       : DATA_LOG | 2573186 | aRapBi1cCZPZAGLIDny3dk3hQ8vTmNTLHRl8zxmKgQ0= | 13565.7 | 15.2312 | 14067.8 | 0.431309 | -0.902204 | 0 | CZ527 | 1
SCRIPT       : DATA_LOG | 2574187 | aRapBi1cCZPZAGLIDny3dk3hQ8vTmNTLHRl8zxmKgQ0= | 13565.7 | 15.2312 | 14067.8 | 0.431309 | -0.902204 | 0 | CZ527 | 1
SCRIPT       : DATA_LOG | 2575194 | aRapBi1cCZPZAGLIDny3dk3hQ8vTmNTLHRl8zxmKgQ0= | 13565.7 | 15.2312 | 14067.8 | 0.431309 | -0.902204 | 0 | CZ527 | 1
SCRIPT       : DATA_LOG | 2576199 | aRapBi1cCZPZAGLIDny3dk3hQ8vTmNTLHRl8zxmKgQ0= | 13565.7 | 15.2312 | 14067.8 | 0.431309 | -0.902204 | 0 | CZ527 | 1
SCRIPT       : DATA_LOG | 2577196 | aRapBi1cCZPZAGLIDny3dk3hQ8vTmNTLHRl8zxmKgQ0= | 13565.7 | 15.2312 | 14067.8 | 0.431309 | -0.902204 | 0 | CZ527 | 1
SCRIPT       : DATA_LOG | 2578195 | aRapBi1cCZPZAGLIDny3dk3hQ8vTmNTLHRl8zxmKgQ0= | 13565.7 | 15.2312 | 14067.8 | 0.431309 | -0.902204 | 0 | CZ527 | 1
SCRIPT       : DATA_LOG | 2579199 | aRapBi1cCZPZAGLIDny3dk3hQ8vTmNTLHRl8zxmKgQ0= | 13565.7 | 15.2312 | 14067.8 | 0.431309 | -0.902204 | 0 | CZ527 | 1
SCRIPT       : DATA_LOG | 2580196 | aRapBi1cCZPZAGLIDny3dk3hQ8vTmNTLHRl8zxmKgQ0= | 13565.7 | 15.2312 | 14067.8 | 0.431309 | -0.902204 | 0 | CZ527 | 1
SCRIPT       : DATA_LOG | 2581193 | aRapBi1cCZPZAGLIDny3dk3hQ8vTmNTLHRl8zxmKgQ0= | 13565.7 | 15.2312 | 14067.8 | 0.431309 | -0.902204 | 0 | CZ527 | 1
SCRIPT       : DATA_LOG | 2582193 | aRapBi1cCZPZAGLIDny3dk3hQ8vTmNTLHRl8zxmKgQ0= | 13565.7 | 15.2312 | 14067.8 | 0.431309 | -0.902204 | 0 | CZ527 | 1
SCRIPT       : DATA_LOG | 2583198 | aRapBi1cCZPZAGLIDny3dk3hQ8vTmNTLHRl8zxmKgQ0= | 13565.7 | 15.2312 | 14067.8 | 0.431309 | -0.902204 | 0 | CZ527 | 1
SCRIPT       : DATA_LOG | 2584195 | aRapBi1cCZPZAGLIDny3dk3hQ8vTmNTLHRl8zxmKgQ0= | 13565.7 | 15.2312 | 14067.8 | 0.431309 | -0.902204 | 0 | CZ527 | 1
SCRIPT       : DATA_LOG | 2585203 | aRapBi1cCZPZAGLIDny3dk3hQ8vTmNTLHRl8zxmKgQ0= | 13565.7 | 15.2312 | 14067.8 | 0.431309 | -0.902204 | 0 | CZ527 | 1
SCRIPT       : DATA_LOG | 2586210 | aRapBi1cCZPZAGLIDny3dk3hQ8vTmNTLHRl8zxmKgQ0= | 13565.7 | 15.2312 | 14067.8 | 0.431309 | -0.902204 | 0 | CZ527 | 1
SCRIPT       : DATA_LOG | 2587198 | aRapBi1cCZPZAGLIDny3dk3hQ8vTmNTLHRl8zxmKgQ0= | 13565.7 | 15.2312 | 14067.8 | 0.431309 | -0.902204 | 0 | CZ527 | 1
SCRIPT       : DATA_LOG | 2588203 | aRapBi1cCZPZAGLIDny3dk3hQ8vTmNTLHRl8zxmKgQ0= | 13565.7 | 15.2312 | 14067.8 | 0.431309 | -0.902204 | 0 | CZ527 | 1
SCRIPT       : DATA_LOG | 2589205 | aRapBi1cCZPZAGLIDny3dk3hQ8vTmNTLHRl8zxmKgQ0= | 13565.7 | 15.2312 | 14067.8 | 0.431309 | -0.902204 | 0 | CZ527 | 1
SCRIPT       : DATA_LOG | 2590204 | aRapBi1cCZPZAGLIDny3dk3hQ8vTmNTLHRl8zxmKgQ0= | 13565.7 | 15.2312 | 14067.8 | 0.431309 | -0.902204 | 0 | CZ527 | 1
SCRIPT       : DATA_LOG | 2591209 | aRapBi1cCZPZAGLIDny3dk3hQ8vTmNTLHRl8zxmKgQ0= | 13565.7 | 15.2312 | 14067.8 | 0.431309 | -0.902204 | 0 | CZ527 | 1
SCRIPT       : DATA_LOG | 2592208 | aRapBi1cCZPZAGLIDny3dk3hQ8vTmNTLHRl8zxmKgQ0= | 13565.7 | 15.2312 | 14067.8 | 0.431309 | -0.902204 | 0 | CZ527 | 1
SCRIPT       : DATA_LOG | 2593211 | aRapBi1cCZPZAGLIDny3dk3hQ8vTmNTLHRl8zxmKgQ0= | 13565.7 | 15.2312 | 14067.8 | 0.431309 | -0.902204 | 0 | CZ527 | 1
SCRIPT       : DATA_LOG | 2594212 | aRapBi1cCZPZAGLIDny3dk3hQ8vTmNTLHRl8zxmKgQ0= | 13565.7 | 15.2312 | 14067.8 | 0.431309 | -0.902204 | 0 | CZ527 | 1
SCRIPT       : DATA_LOG | 2595212 | aRapBi1cCZPZAGLIDny3dk3hQ8vTmNTLHRl8zxmKgQ0= | 13565.7 | 15.2312 | 14067.8 | 0.431309 | -0.902204 | 0 | CZ527 | 1
SCRIPT       : DATA_LOG | 2596210 | aRapBi1cCZPZAGLIDny3dk3hQ8vTmNTLHRl8zxmKgQ0= | 13565.7 | 15.2312 | 14067.8 | 0.431309 | -0.902204 | 0 | CZ527 | 1
SCRIPT       : DATA_LOG | 2597210 | aRapBi1cCZPZAGLIDny3dk3hQ8vTmNTLHRl8zxmKgQ0= | 13565.7 | 15.2312 | 14067.8 | 0.431309 | -0.902204 | 0 | CZ527 | 1
SCRIPT       : DATA_LOG | 2598215 | aRapBi1cCZPZAGLIDny3dk3hQ8vTmNTLHRl8zxmKgQ0= | 13565.7 | 15.2312 | 14067.8 | 0.431309 | -0.902204 | 0 | CZ527 | 1
SCRIPT       : DATA_LOG | 2599217 | aRapBi1cCZPZAGLIDny3dk3hQ8vTmNTLHRl8zxmKgQ0= | 13565.7 | 15.2312 | 14067.8 | 0.431309 | -0.902204 | 0 | CZ527 | 1
SCRIPT       : DATA_LOG | 2600217 | aRapBi1cCZPZAGLIDny3dk3hQ8vTmNTLHRl8zxmKgQ0= | 13565.7 | 15.2312 | 14067.8 | 0.431309 | -0.902204 | 0 | CZ527 | 1
SCRIPT       : DATA_LOG | 2601217 | aRapBi1cCZPZAGLIDny3dk3hQ8vTmNTLHRl8zxmKgQ0= | 13565.7 | 15.2312 | 14067.8 | 0.431309 | -0.902204 | 0 | CZ527 | 1
SCRIPT       : DATA_LOG | 2602219 | aRapBi1cCZPZAGLIDny3dk3hQ8vTmNTLHRl8zxmKgQ0= | 13565.7 | 15.2312 | 14067.8 | 0.431309 | -0.902204 | 0 | CZ527 | 1
SCRIPT       : DATA_LOG | 2603216 | aRapBi1cCZPZAGLIDny3dk3hQ8vTmNTLHRl8zxmKgQ0= | 13565.7 | 15.2312 | 14067.8 | 0.431309 | -0.902204 | 0 | CZ527 | 1
SCRIPT       : DATA_LOG | 2604215 | aRapBi1cCZPZAGLIDny3dk3hQ8vTmNTLHRl8zxmKgQ0= | 13565.7 | 15.2312 | 14067.8 | 0.431309 | -0.902204 | 0 | CZ527 | 1
SCRIPT       : DATA_LOG | 2605217 | aRapBi1cCZPZAGLIDny3dk3hQ8vTmNTLHRl8zxmKgQ0= | 13565.7 | 15.2312 | 14067.8 | 0.431309 | -0.902204 | 0 | CZ527 | 1
SCRIPT       : DATA_LOG | 2606216 | aRapBi1cCZPZAGLIDny3dk3hQ8vTmNTLHRl8zxmKgQ0= | 13565.7 | 15.2312 | 14067.8 | 0.431309 | -0.902204 | 0 | CZ527 | 1
SCRIPT       : DATA_LOG | 2607218 | aRapBi1cCZPZAGLIDny3dk3hQ8vTmNTLHRl8zxmKgQ0= | 13565.7 | 15.2312 | 14067.8 | 0.431309 | -0.902204 | 0 | CZ527 | 1
SCRIPT       : DATA_LOG | 2608218 | aRapBi1cCZPZAGLIDny3dk3hQ8vTmNTLHRl8zxmKgQ0= | 13565.7 | 15.2312 | 14067.8 | 0.431309 | -0.902204 | 0 | CZ527 | 1
SCRIPT       : DATA_LOG | 2609222 | aRapBi1cCZPZAGLIDny3dk3hQ8vTmNTLHRl8zxmKgQ0= | 13565.7 | 15.2312 | 14067.8 | 0.431309 | -0.902204 | 0 | CZ527 | 1
SCRIPT       : DATA_LOG | 2610223 | aRapBi1cCZPZAGLIDny3dk3hQ8vTmNTLHRl8zxmKgQ0= | 13565.7 | 15.2312 | 14067.8 | 0.431309 | -0.902204 | 0 | CZ527 | 1
SCRIPT       : DATA_LOG | 2611227 | aRapBi1cCZPZAGLIDny3dk3hQ8vTmNTLHRl8zxmKgQ0= | 13565.7 | 15.2312 | 14067.8 | 0.431309 | -0.902204 | 0 | CZ527 | 1
SCRIPT       : DATA_LOG | 2612230 | aRapBi1cCZPZAGLIDny3dk3hQ8vTmNTLHRl8zxmKgQ0= | 13565.7 | 15.2312 | 14067.8 | 0.431309 | -0.902204 | 0 | CZ527 | 1
SCRIPT       : DATA_LOG | 2613231 | aRapBi1cCZPZAGLIDny3dk3hQ8vTmNTLHRl8zxmKgQ0= | 13565.7 | 15.2312 | 14067.8 | 0.431309 | -0.902204 | 0 | CZ527 | 1
SCRIPT       : DATA_LOG | 2614232 | aRapBi1cCZPZAGLIDny3dk3hQ8vTmNTLHRl8zxmKgQ0= | 13565.7 | 15.2312 | 14067.8 | 0.431309 | -0.902204 | 0 | CZ527 | 1
SCRIPT       : DATA_LOG | 2615232 | aRapBi1cCZPZAGLIDny3dk3hQ8vTmNTLHRl8zxmKgQ0= | 13565.7 | 15.2312 | 14067.8 | 0.431309 | -0.902204 | 0 | CZ527 | 1
SCRIPT       : DATA_LOG | 2616234 | aRapBi1cCZPZAGLIDny3dk3hQ8vTmNTLHRl8zxmKgQ0= | 13565.7 | 15.2312 | 14067.8 | 0.431309 | -0.902204 | 0 | CZ527 | 1
SCRIPT       : DATA_LOG | 2617235 | aRapBi1cCZPZAGLIDny3dk3hQ8vTmNTLHRl8zxmKgQ0= | 13565.7 | 15.2312 | 14067.8 | 0.431309 | -0.902204 | 0 | CZ527 | 1
SCRIPT       : DATA_LOG | 2618236 | aRapBi1cCZPZAGLIDny3dk3hQ8vTmNTLHRl8zxmKgQ0= | 13565.7 | 15.2312 | 14067.8 | 0.431309 | -0.902204 | 0 | CZ527 | 1
SCRIPT       : DATA_LOG | 2619231 | aRapBi1cCZPZAGLIDny3dk3hQ8vTmNTLHRl8zxmKgQ0= | 13565.7 | 15.2312 | 14067.8 | 0.431309 | -0.902204 | 0 | CZ527 | 1
SCRIPT       : DATA_LOG | 2620238 | aRapBi1cCZPZAGLIDny3dk3hQ8vTmNTLHRl8zxmKgQ0= | 13565.7 | 15.2312 | 14067.8 | 0.431309 | -0.902204 | 0 | CZ527 | 1
SCRIPT       : DATA_LOG | 2621244 | aRapBi1cCZPZAGLIDny3dk3hQ8vTmNTLHRl8zxmKgQ0= | 13565.7 | 15.2312 | 14067.8 | 0.431309 | -0.902204 | 0 | CZ527 | 1
SCRIPT       : DATA_LOG | 2622240 | aRapBi1cCZPZAGLIDny3dk3hQ8vTmNTLHRl8zxmKgQ0= | 13565.7 | 15.2312 | 14067.8 | 0.431309 | -0.902204 | 0 | CZ527 | 1
SCRIPT       : DATA_LOG | 2623240 | aRapBi1cCZPZAGLIDny3dk3hQ8vTmNTLHRl8zxmKgQ0= | 13565.7 | 15.2312 | 14067.8 | 0.431309 | -0.902204 | 0 | CZ527 | 1
SCRIPT       : DATA_LOG | 2624241 | aRapBi1cCZPZAGLIDny3dk3hQ8vTmNTLHRl8zxmKgQ0= | 13565.7 | 15.2312 | 14067.8 | 0.431309 | -0.902204 | 0 | CZ527 | 1
SCRIPT       : DATA_LOG | 2625245 | aRapBi1cCZPZAGLIDny3dk3hQ8vTmNTLHRl8zxmKgQ0= | 13565.7 | 15.2312 | 14067.8 | 0.431309 | -0.902204 | 0 | CZ527 | 1
SCRIPT       : DATA_LOG | 2626243 | aRapBi1cCZPZAGLIDny3dk3hQ8vTmNTLHRl8zxmKgQ0= | 13565.7 | 15.2312 | 14067.8 | 0.431309 | -0.902204 | 0 | CZ527 | 1
SCRIPT       : DATA_LOG | 2627243 | aRapBi1cCZPZAGLIDny3dk3hQ8vTmNTLHRl8zxmKgQ0= | 13565.7 | 15.2312 | 14067.8 | 0.431309 | -0.902204 | 0 | CZ527 | 1
SCRIPT       : DATA_LOG | 2628247 | aRapBi1cCZPZAGLIDny3dk3hQ8vTmNTLHRl8zxmKgQ0= | 13565.7 | 15.2312 | 14067.8 | 0.431309 | -0.902204 | 0 | CZ527 | 1
SCRIPT       : DATA_LOG | 2629250 | aRapBi1cCZPZAGLIDny3dk3hQ8vTmNTLHRl8zxmKgQ0= | 13565.7 | 15.2312 | 14067.8 | 0.431309 | -0.902204 | 0 | CZ527 | 1
SCRIPT       : DATA_LOG | 2630248 | aRapBi1cCZPZAGLIDny3dk3hQ8vTmNTLHRl8zxmKgQ0= | 13565.7 | 15.2312 | 14067.8 | 0.431309 | -0.902204 | 0 | CZ527 | 1
SCRIPT       : DATA_LOG | 2631251 | aRapBi1cCZPZAGLIDny3dk3hQ8vTmNTLHRl8zxmKgQ0= | 13565.7 | 15.2312 | 14067.8 | 0.431309 | -0.902204 | 0 | CZ527 | 1
SCRIPT       : DATA_LOG | 2632243 | aRapBi1cCZPZAGLIDny3dk3hQ8vTmNTLHRl8zxmKgQ0= | 13565.7 | 15.2312 | 14067.8 | 0.431309 | -0.902204 | 0 | CZ527 | 1
SCRIPT       : DATA_LOG | 2633245 | aRapBi1cCZPZAGLIDny3dk3hQ8vTmNTLHRl8zxmKgQ0= | 13565.7 | 15.2312 | 14067.8 | 0.431309 | -0.902204 | 0 | CZ527 | 1
SCRIPT       : DATA_LOG | 2634249 | aRapBi1cCZPZAGLIDny3dk3hQ8vTmNTLHRl8zxmKgQ0= | 13565.7 | 15.2312 | 14067.8 | 0.431309 | -0.902204 | 0 | CZ527 | 1
SCRIPT       : DATA_LOG | 2635246 | aRapBi1cCZPZAGLIDny3dk3hQ8vTmNTLHRl8zxmKgQ0= | 13565.7 | 15.2312 | 14067.8 | 0.431309 | -0.902204 | 0 | CZ527 | 1
SCRIPT       : DATA_LOG | 2636246 | aRapBi1cCZPZAGLIDny3dk3hQ8vTmNTLHRl8zxmKgQ0= | 13565.7 | 15.2312 | 14067.8 | 0.431309 | -0.902204 | 0 | CZ527 | 1
SCRIPT       : DATA_LOG | 2637253 | aRapBi1cCZPZAGLIDny3dk3hQ8vTmNTLHRl8zxmKgQ0= | 13565.7 | 15.2312 | 14067.8 | 0.431309 | -0.902204 | 0 | CZ527 | 1
SCRIPT       : DATA_LOG | 2638260 | aRapBi1cCZPZAGLIDny3dk3hQ8vTmNTLHRl8zxmKgQ0= | 13565.7 | 15.2312 | 14067.8 | 0.431309 | -0.902204 | 0 | CZ527 | 1
SCRIPT       : DATA_LOG | 2639254 | aRapBi1cCZPZAGLIDny3dk3hQ8vTmNTLHRl8zxmKgQ0= | 13565.7 | 15.2312 | 14067.8 | 0.431309 | -0.902204 | 0 | CZ527 | 1
SCRIPT       : DATA_LOG | 2640258 | aRapBi1cCZPZAGLIDny3dk3hQ8vTmNTLHRl8zxmKgQ0= | 13565.7 | 15.2312 | 14067.8 | 0.431309 | -0.902204 | 0 | CZ527 | 1
SCRIPT       : DATA_LOG | 2641252 | aRapBi1cCZPZAGLIDny3dk3hQ8vTmNTLHRl8zxmKgQ0= | 13565.7 | 15.2312 | 14067.8 | 0.431309 | -0.902204 | 0 | CZ527 | 1
SCRIPT       : DATA_LOG | 2642253 | aRapBi1cCZPZAGLIDny3dk3hQ8vTmNTLHRl8zxmKgQ0= | 13565.7 | 15.2312 | 14067.8 | 0.431309 | -0.902204 | 0 | CZ527 | 1
SCRIPT       : DATA_LOG | 2643253 | aRapBi1cCZPZAGLIDny3dk3hQ8vTmNTLHRl8zxmKgQ0= | 13565.7 | 15.2312 | 14067.8 | 0.431309 | -0.902204 | 0 | CZ527 | 1
SCRIPT       : DATA_LOG | 2644257 | aRapBi1cCZPZAGLIDny3dk3hQ8vTmNTLHRl8zxmKgQ0= | 13565.7 | 15.2312 | 14067.8 | 0.431309 | -0.902204 | 0 | CZ527 | 1
SCRIPT       : DATA_LOG | 2645256 | aRapBi1cCZPZAGLIDny3dk3hQ8vTmNTLHRl8zxmKgQ0= | 13565.7 | 15.2312 | 14067.8 | 0.431309 | -0.902204 | 0 | CZ527 | 1
SCRIPT       : DATA_LOG | 2646267 | aRapBi1cCZPZAGLIDny3dk3hQ8vTmNTLHRl8zxmKgQ0= | 13565.7 | 15.2312 | 14067.8 | 0.431309 | -0.902204 | 0 | CZ527 | 1
SCRIPT       : DATA_LOG | 2647257 | aRapBi1cCZPZAGLIDny3dk3hQ8vTmNTLHRl8zxmKgQ0= | 13565.7 | 15.2312 | 14067.8 | 0.431309 | -0.902204 | 0 | CZ527 | 1
SCRIPT       : DATA_LOG | 2648258 | aRapBi1cCZPZAGLIDny3dk3hQ8vTmNTLHRl8zxmKgQ0= | 13565.7 | 15.2312 | 14067.8 | 0.431309 | -0.902204 | 0 | CZ527 | 1
SCRIPT       : DATA_LOG | 2649259 | aRapBi1cCZPZAGLIDny3dk3hQ8vTmNTLHRl8zxmKgQ0= | 13565.7 | 15.2312 | 14067.8 | 0.431309 | -0.902204 | 0 | CZ527 | 1
SCRIPT       : DATA_LOG | 2650268 | aRapBi1cCZPZAGLIDny3dk3hQ8vTmNTLHRl8zxmKgQ0= | 13565.7 | 15.2312 | 14067.8 | 0.431309 | -0.902204 | 0 | CZ527 | 1
SCRIPT       : DATA_LOG | 2651267 | aRapBi1cCZPZAGLIDny3dk3hQ8vTmNTLHRl8zxmKgQ0= | 13565.7 | 15.2312 | 14067.8 | 0.431309 | -0.902204 | 0 | CZ527 | 1
SCRIPT       : DATA_LOG | 2652268 | aRapBi1cCZPZAGLIDny3dk3hQ8vTmNTLHRl8zxmKgQ0= | 13565.7 | 15.2312 | 14067.8 | 0.431309 | -0.902204 | 0 | CZ527 | 1
SCRIPT       : DATA_LOG | 2653270 | aRapBi1cCZPZAGLIDny3dk3hQ8vTmNTLHRl8zxmKgQ0= | 13565.7 | 15.2312 | 14067.8 | 0.431309 | -0.902204 | 0 | CZ527 | 1
SCRIPT       : DATA_LOG | 2654271 | aRapBi1cCZPZAGLIDny3dk3hQ8vTmNTLHRl8zxmKgQ0= | 13565.7 | 15.2312 | 14067.8 | 0.431309 | -0.902204 | 0 | CZ527 | 1
SCRIPT       : DATA_LOG | 2655273 | aRapBi1cCZPZAGLIDny3dk3hQ8vTmNTLHRl8zxmKgQ0= | 13565.7 | 15.2312 | 14067.8 | 0.431309 | -0.902204 | 0 | CZ527 | 1
SCRIPT       : DATA_LOG | 2656276 | aRapBi1cCZPZAGLIDny3dk3hQ8vTmNTLHRl8zxmKgQ0= | 13565.7 | 15.2312 | 14067.8 | 0.431309 | -0.902204 | 0 | CZ527 | 1
SCRIPT       : DATA_LOG | 2657273 | aRapBi1cCZPZAGLIDny3dk3hQ8vTmNTLHRl8zxmKgQ0= | 13565.7 | 15.2312 | 14067.8 | 0.431309 | -0.902204 | 0 | CZ527 | 1
SCRIPT       : DATA_LOG | 2658275 | aRapBi1cCZPZAGLIDny3dk3hQ8vTmNTLHRl8zxmKgQ0= | 13565.7 | 15.2312 | 14067.8 | 0.431309 | -0.902204 | 0 | CZ527 | 1
SCRIPT       : DATA_LOG | 2659279 | aRapBi1cCZPZAGLIDny3dk3hQ8vTmNTLHRl8zxmKgQ0= | 13565.7 | 15.2312 | 14067.8 | 0.431309 | -0.902204 | 0 | CZ527 | 1
SCRIPT       : DATA_LOG | 2660278 | aRapBi1cCZPZAGLIDny3dk3hQ8vTmNTLHRl8zxmKgQ0= | 13565.7 | 15.2312 | 14067.8 | 0.431309 | -0.902204 | 0 | CZ527 | 1
SCRIPT       : DATA_LOG | 2661279 | aRapBi1cCZPZAGLIDny3dk3hQ8vTmNTLHRl8zxmKgQ0= | 13565.7 | 15.2312 | 14067.8 | 0.431309 | -0.902204 | 0 | CZ527 | 1
SCRIPT       : DATA_LOG | 2662279 | aRapBi1cCZPZAGLIDny3dk3hQ8vTmNTLHRl8zxmKgQ0= | 13565.7 | 15.2312 | 14067.8 | 0.431309 | -0.902204 | 0 | CZ527 | 1
SCRIPT       : DATA_LOG | 2663280 | aRapBi1cCZPZAGLIDny3dk3hQ8vTmNTLHRl8zxmKgQ0= | 13565.7 | 15.2312 | 14067.8 | 0.431309 | -0.902204 | 0 | CZ527 | 1
SCRIPT       : DATA_LOG | 2664280 | aRapBi1cCZPZAGLIDny3dk3hQ8vTmNTLHRl8zxmKgQ0= | 13565.7 | 15.2312 | 14067.8 | 0.431309 | -0.902204 | 0 | CZ527 | 1
SCRIPT       : DATA_LOG | 2665287 | aRapBi1cCZPZAGLIDny3dk3hQ8vTmNTLHRl8zxmKgQ0= | 13565.7 | 15.2312 | 14067.8 | 0.431309 | -0.902204 | 0 | CZ527 | 1
SCRIPT       : DATA_LOG | 2666279 | aRapBi1cCZPZAGLIDny3dk3hQ8vTmNTLHRl8zxmKgQ0= | 13565.7 | 15.2312 | 14067.8 | 0.994117 | -0.108312 | 0 | CZ527 | 1
SCRIPT       : DATA_LOG | 2667284 | aRapBi1cCZPZAGLIDny3dk3hQ8vTmNTLHRl8zxmKgQ0= | 13566.2 | 15.2312 | 14067.8 | 0.992524 | 0.122048 | 0 | CZ527 | 1
SCRIPT       : DATA_LOG | 2668285 | aRapBi1cCZPZAGLIDny3dk3hQ8vTmNTLHRl8zxmKgQ0= | 13568.8 | 15.1431 | 14068.4 | 0.434724 | 0.900564 | 0 | CZ527 | 1
SCRIPT       : DATA_LOG | 2669286 | aRapBi1cCZPZAGLIDny3dk3hQ8vTmNTLHRl8zxmKgQ0= | 13572.2 | 14.6515 | 14068.6 | 0.974551 | -0.224167 | 0 | CZ527 | 1
SCRIPT       : DATA_LOG | 2670285 | aRapBi1cCZPZAGLIDny3dk3hQ8vTmNTLHRl8zxmKgQ0= | 13578.6 | 14.6489 | 14067.1 | 0.999999 | -0.00118288 | 0 | CZ527 | 1
SCRIPT       : DATA_LOG | 2671287 | aRapBi1cCZPZAGLIDny3dk3hQ8vTmNTLHRl8zxmKgQ0= | 13585.2 | 14.6623 | 14067.2 | 0.997508 | -0.0705574 | 0 | CZ527 | 1
SCRIPT       : DATA_LOG | 2672288 | aRapBi1cCZPZAGLIDny3dk3hQ8vTmNTLHRl8zxmKgQ0= | 13591.9 | 14.7025 | 14067.1 | 0.991554 | -0.129697 | 0 | CZ527 | 1
SCRIPT       : DATA_LOG | 2673293 | aRapBi1cCZPZAGLIDny3dk3hQ8vTmNTLHRl8zxmKgQ0= | 13598.6 | 14.7117 | 14067.5 | 0.991536 | -0.129835 | 0 | CZ527 | 1
SCRIPT       : DATA_LOG | 2674289 | aRapBi1cCZPZAGLIDny3dk3hQ8vTmNTLHRl8zxmKgQ0= | 13602.6 | 14.7202 | 14066.2 | 0.98567 | -0.168685 | 0 | CZ527 | 1
SCRIPT       : DATA_LOG | 2675301 | aRapBi1cCZPZAGLIDny3dk3hQ8vTmNTLHRl8zxmKgQ0= | 13605.8 | 14.729 | 14064.9 | 0.426886 | -0.904306 | 0 | CZ527 | 1
SCRIPT       : DATA_LOG | 2676290 | aRapBi1cCZPZAGLIDny3dk3hQ8vTmNTLHRl8zxmKgQ0= | 13607 | 14.8846 | 14062 | -0.97079 | 0.23993 | 0 | none | 1
SCRIPT       : DATA_LOG | 2677293 | aRapBi1cCZPZAGLIDny3dk3hQ8vTmNTLHRl8zxmKgQ0= | 13607 | 14.879 | 14062 | -0.97079 | 0.23993 | 0 | none | 1
SCRIPT       : DATA_LOG | 2678292 | aRapBi1cCZPZAGLIDny3dk3hQ8vTmNTLHRl8zxmKgQ0= | 13607 | 14.879 | 14062 | -0.97079 | 0.23993 | 0 | none | 1
SCRIPT       : DATA_LOG | 2679294 | aRapBi1cCZPZAGLIDny3dk3hQ8vTmNTLHRl8zxmKgQ0= | 13607 | 14.8762 | 14062 | -0.947683 | 0.319212 | 0 | none | 1
SCRIPT       : DATA_LOG | 2680312 | aRapBi1cCZPZAGLIDny3dk3hQ8vTmNTLHRl8zxmKgQ0= | 13610 | 14.7163 | 14060.8 | 0.951236 | 0.308465 | 0 | none | 1
SCRIPT       : DATA_LOG | 2681295 | aRapBi1cCZPZAGLIDny3dk3hQ8vTmNTLHRl8zxmKgQ0= | 13613.9 | 15.0016 | 14061.1 | 0.962196 | 0.272358 | 0 | none | 1
SCRIPT       : DATA_LOG | 2682384 | aRapBi1cCZPZAGLIDny3dk3hQ8vTmNTLHRl8zxmKgQ0= | 13617.6 | 14.745 | 14062.5 | 0.230389 | 0.973099 | 0 | none | 1
SCRIPT       : DATA_LOG | 2683302 | aRapBi1cCZPZAGLIDny3dk3hQ8vTmNTLHRl8zxmKgQ0= | 13619.8 | 14.7653 | 14065.6 | -0.977108 | 0.212746 | 0 | none | 1
SCRIPT       : DATA_LOG | 2684301 | aRapBi1cCZPZAGLIDny3dk3hQ8vTmNTLHRl8zxmKgQ0= | 13622.8 | 14.7891 | 14067.5 | -0.977148 | 0.21256 | 0 | none | 1
SCRIPT       : DATA_LOG | 2685301 | aRapBi1cCZPZAGLIDny3dk3hQ8vTmNTLHRl8zxmKgQ0= | 13623.2 | 14.8025 | 14069.8 | -0.53055 | -0.847654 | 0 | none | 1
SCRIPT       : DATA_LOG | 2686305 | aRapBi1cCZPZAGLIDny3dk3hQ8vTmNTLHRl8zxmKgQ0= | 13626.7 | 14.8009 | 14067.8 | -0.479267 | -0.877669 | 0 | none | 1
SCRIPT       : DATA_LOG | 2687302 | aRapBi1cCZPZAGLIDny3dk3hQ8vTmNTLHRl8zxmKgQ0= | 13627.9 | 14.8049 | 14067.9 | 0.703356 | -0.710838 | 0 | none | 1
SCRIPT       : DATA_LOG | 2688306 | aRapBi1cCZPZAGLIDny3dk3hQ8vTmNTLHRl8zxmKgQ0= | 13631.1 | 14.8034 | 14066 | 0.549923 | -0.835216 | 0 | none | 1
SCRIPT       : DATA_LOG | 2689311 | aRapBi1cCZPZAGLIDny3dk3hQ8vTmNTLHRl8zxmKgQ0= | 13632.2 | 14.7854 | 14062.1 | -0.958139 | -0.286305 | 0 | none | 1
SCRIPT       : DATA_LOG | 2690304 | aRapBi1cCZPZAGLIDny3dk3hQ8vTmNTLHRl8zxmKgQ0= | 13633.3 | 14.7675 | 14058.2 | -0.962142 | -0.272549 | 0 | none | 1
SCRIPT       : DATA_LOG | 2691318 | aRapBi1cCZPZAGLIDny3dk3hQ8vTmNTLHRl8zxmKgQ0= | 13633 | 14.7729 | 14059.4 | -0.962142 | -0.27255 | 0 | none | 1
SCRIPT       : DATA_LOG | 2692308 | aRapBi1cCZPZAGLIDny3dk3hQ8vTmNTLHRl8zxmKgQ0= | 13633 | 14.7729 | 14059.4 | -0.962142 | -0.27255 | 0 | none | 1
 SCRIPT       : [Logout]: New player aRapBi1cCZPZAGLIDny3dk3hQ8vTmNTLHRl8zxmKgQ0= with logout time 15
 SCRIPT       : Player "rafaelglima79" (steamid=76561199445097358) initiated disconnect process...
SCRIPT       : DATA_LOG | 2693312 | aRapBi1cCZPZAGLIDny3dk3hQ8vTmNTLHRl8zxmKgQ0= | 13633 | 14.7729 | 14059.4 | -0.962142 | -0.27255 | 0 | none | 1
 SCRIPT       : Player "rafaelglima79" (steamid=76561199445097358) disconnected early from server (EXIT NOW).
SCRIPT       : DATA_LOG | 2694307 | aRapBi1cCZPZAGLIDny3dk3hQ8vTmNTLHRl8zxmKgQ0= | 13633 | 14.7731 | 14059.4 | -0.962142 | -0.27255 | 0 | none | 1
SCRIPT       : DATA_LOG | 2695315 | unknown | 13633.1 | 14.7736 | 14059.4 | -0.962142 | -0.27255 | 0 | none | 1
SCRIPT       : DATA_LOG | 2696308 | unknown | 13633.2 | 14.7737 | 14059.4 | -0.962142 | -0.27255 | 0 | none | 1
SCRIPT       : DATA_LOG | 2697341 | unknown | 13633.2 | 14.7737 | 14059.4 | -0.962142 | -0.27255 | 0 | none | 1
SCRIPT       : DATA_LOG | 2698317 | unknown | 13633.2 | 14.7737 | 14059.4 | -0.962142 | -0.27255 | 0 | none | 1
SCRIPT       : DATA_LOG | 2699316 | unknown | 13633.2 | 14.7737 | 14059.4 | -0.962142 | -0.27255 | 0 | none | 1
SCRIPT       : DATA_LOG | 2700336 | unknown | 13633.2 | 14.7737 | 14059.4 | -0.962142 | -0.27255 | 0 | none | 1
SCRIPT       : DATA_LOG | 2701319 | unknown | 13633.2 | 14.7737 | 14059.4 | -0.962142 | -0.27255 | 0 | none | 1
SCRIPT       : DATA_LOG | 2702327 | unknown | 13633.2 | 14.7737 | 14059.4 | -0.962142 | -0.27255 | 0 | none | 1
SCRIPT       : DATA_LOG | 2703330 | unknown | 13633.2 | 14.7737 | 14059.4 | -0.962142 | -0.27255 | 0 | none | 1
SCRIPT       : DATA_LOG | 2704330 | unknown | 13633.2 | 14.7737 | 14059.4 | -0.962142 | -0.27255 | 0 | none | 1
SCRIPT       : DATA_LOG | 2705321 | unknown | 13633.2 | 14.7737 | 14059.4 | -0.962142 | -0.27255 | 0 | none | 1
SCRIPT       : DATA_LOG | 2706321 | unknown | 13633.2 | 14.7737 | 14059.4 | -0.962142 | -0.27255 | 0 | none | 1
SCRIPT       : DATA_LOG | 2707322 | unknown | 13633.2 | 14.7737 | 14059.4 | -0.962142 | -0.27255 | 0 | none | 1
SCRIPT       : [Logout]: Player aRapBi1cCZPZAGLIDny3dk3hQ8vTmNTLHRl8zxmKgQ0= finished
SCRIPT       : [PlayerListManager] SyncEntryToReceivers ► uid: aRapBi1cCZPZAGLIDny3dk3hQ8vTmNTLHRl8zxmKgQ0= isn't in the players list! sending a remove.
SCRIPT       : PlayerDisconnected -> PlayerListManager.RemoveEntry ► aRapBi1cCZPZAGLIDny3dk3hQ8vTmNTLHRl8zxmKgQ0=
 SCRIPT       : [MissionServer] OnMissionFinish - Server
 SCRIPT       : ~DayZGame()
