---------------------------------------------
Log D:\ModelAnti-Cheat\log_profiles\script_2026-10-02_21-26-20.log started at 02.10. 21:26:21

SCRIPT       : Module: GameLib; loaded 18x files; 26x classes; used 39/2097 kB (1%) of static memory; defines: "DAYZ_1_29,SERVER_FOR_WINDOWS,SERVER,PLATFORM_WINDOWS,RELEASE,NO_GUI,NO_GUI_INGAME,sakhal,JM_CommunityFramework,CF_MODULE_CONFIG,CF_EXPRESSION,C
SCRIPT       : Registered 349 temporary action enum(s), UAN==349
SCRIPT       : Module: Game; loaded 521x files; 1604x classes; used 4275/33554 kB (12%) of static memory; defines: "DAYZ_1_29,SERVER_FOR_WINDOWS,SERVER,PLATFORM_WINDOWS,RELEASE,NO_GUI,NO_GUI_INGAME,sakhal,JM_CommunityFramework,CF_MODULE_CONFIG,CF_EXPRESSI
SCRIPT       : ... Backlit Effects Enabled
SCRIPT       : VPPNotificationManager()
SCRIPT       : [VPPAT] Internal VPPNotifications module loaded!
SCRIPT       : [DayZ Game]:: DayZGame(): Initializing V++ Admin Tools.
SCRIPT       : Module: World; loaded 2247x files; 5867x classes; used 9520/33554 kB (28%) of static memory; defines: "DAYZ_1_29,SERVER_FOR_WINDOWS,SERVER,PLATFORM_WINDOWS,RELEASE,NO_GUI,NO_GUI_INGAME,sakhal,JM_CommunityFramework,CF_MODULE_CONFIG,CF_EXPRES
 SCRIPT       : Module: Mission; loaded 293x files; 593x classes; used 3996/33554 kB (11%) of static memory; defines: "DAYZ_1_29,SERVER_FOR_WINDOWS,SERVER,PLATFORM_WINDOWS,RELEASE,NO_GUI,NO_GUI_INGAME,sakhal,JM_CommunityFramework,CF_MODULE_CONFIG,CF_EXPRE
 SCRIPT    (W): @"$CurrentDir:mpmissions\dayzOffline.chernarusplus\init.c,54": Possible variable name conflict 'm_player'
 SCRIPT       : Module: $CurrentDir:mpmissions\dayzOffline.chernarusplus\init.c; loaded 1x files; 1x classes; used 16/1048 kB (1%) of static memory; defines: "DAYZ_1_29,SERVER_FOR_WINDOWS,SERVER,PLATFORM_WINDOWS,RELEASE,NO_GUI,NO_GUI_INGAME,sakhal,JM_Comm
 SCRIPT       : [SERVER :: Vanilla++ AdminTools Plugins Registering]
 SCRIPT       : [MissionServer] OnInit - Server
 SCRIPT       : [MissionServer] OnMissionStart - Server
 SCRIPT       : string dirtyName = 'TESTINGSERVER'
 SCRIPT    (E): Virtual Machine Exception

Reason: [EffectSound::Effect] :: [WARNING] :: Created Effect on server.

Class:      'EffectSound'
Function: 'Effect'
Stack trace:
scripts/3_Game/effect.c:76 Function Effect
scripts/4_World/entities\itembase\tentbase\largetentbackpack.c:7 Function LargeTentBackPack
$CurrentDir:mpmissions\dayzOffline.chernarusplus\init.c:6 Function main
SCRIPT       : m_LoginTimeMs: 16200
 SCRIPT    (E): Virtual Machine Exception

Reason: NULL pointer to instance. Variable 'PlayerBase' during call 'PlayerBase.GetInventory'

Class:      'CustomMission'
Function: 'EquipCharacter'
Stack trace:
scripts/5_Mission/mission\missionserver.c:519 Function EquipCharacter
scripts/5_Mission/mission\missionserver.c:580 Function OnClientNewEvent
JM/CF/Scripts/5_Mission/communityframework\mission\missionserver.c:146 Function OnClientNewEvent
scripts/5_Mission/mission\missionserver.c:319 Function OnEvent
JM/CF/Scripts/5_Mission/communityframework\mission\missionserver.c:10 Function OnEvent
VPPAdminTools/5_Mission/vppadmintools\missionserver.c:67 Function OnEvent
scripts/3_Game/dayzgame.c:1760 Function OnEvent
JM/CF/Scripts/3_Game/communityframework\game\dayzgame.c:120 Function OnEvent
 SCRIPT       : [VPPAT] Player "Survivor" (steamId=76561199031921922) connected to server!
SCRIPT       : [DUMMY_DEBUG] SUCESSO: Dummy criado na posicao: <12962.740234, 2.085637, 9302.835938>
SCRIPT       : DATA_LOG | 277774 | 0dnbV3OoKZVSKsRjRsSreDYKOmPaMHd_PD7pjTKbIH4= | 12962.7 | 1.94423 | 9299.86 | 0.00920501 | 0.993532 | 0 | none | 1 | 3.78238 | 2.98395 | 0.113176 | 1 | 1 | 1 | 0 | 0 | 0 | 1 | camera | none | 0.00920501 | 0.113176 | 0.993
SCRIPT       : DATA_LOG | 278620 | 0dnbV3OoKZVSKsRjRsSreDYKOmPaMHd_PD7pjTKbIH4= | 12962.7 | 1.94423 | 9299.86 | 0.00920501 | 0.993532 | 0 | none | 1 | 23.7373 | 3.47952 | 0.113176 | 1 | 1 | 0 | 0 | 0 | 0 | 1 | camera | target | 0.00920501 | 0.113176 | 0.9
SCRIPT       : DATA_LOG | 279623 | 0dnbV3OoKZVSKsRjRsSreDYKOmPaMHd_PD7pjTKbIH4= | 12962.7 | 1.94423 | 9299.86 | 0.00926454 | 0.999957 | 0 | none | 1 | 30.2489 | 3.47774 | 0 | 1 | 1 | 0 | 0 | 0 | 0 | 1 | camera | target | 0.00926454 | 0 | 0.999957 | 0.0092
SCRIPT       : DATA_LOG | 280739 | 0dnbV3OoKZVSKsRjRsSreDYKOmPaMHd_PD7pjTKbIH4= | 12962.7 | 1.94423 | 9299.86 | 0.00926454 | 0.999957 | 0 | none | 1 | 30.211 | 3.48201 | 0 | 1 | 1 | 0 | 0 | 0 | 0 | 1 | camera | target | 0.00926454 | 0 | 0.999957 | 0.00926
SCRIPT       : DATA_LOG | 281813 | 0dnbV3OoKZVSKsRjRsSreDYKOmPaMHd_PD7pjTKbIH4= | 12962.7 | 1.94423 | 9299.86 | 0.00926454 | 0.999957 | 0 | none | 1 | 30.3645 | 3.4693 | 0 | 1 | 1 | 0 | 0 | 0 | 0 | 1 | camera | target | 0.00926454 | 0 | 0.999957 | 0.00926
SCRIPT       : DATA_LOG | 282812 | 0dnbV3OoKZVSKsRjRsSreDYKOmPaMHd_PD7pjTKbIH4= | 12963.3 | 1.92808 | 9299.86 | -0.0594874 | 0.998229 | 0 | none | 1 | 30.6563 | 3.51972 | 0 | 1 | 1 | 0 | 0 | 0 | 0 | 1 | camera | target | -0.0594874 | 0 | 0.998229 | -0.059
SCRIPT       : DATA_LOG | 283814 | 0dnbV3OoKZVSKsRjRsSreDYKOmPaMHd_PD7pjTKbIH4= | 12964 | 2.04759 | 9303.62 | -0.875424 | -0.483356 | 0 | none | 1 | 48.6916 | 2.19734 | 0 | 1 | 1 | 0 | 0 | 0 | 0 | 1 | camera | target | -0.875424 | 0 | -0.483356 | -0.87542
SCRIPT       : DATA_LOG | 284820 | 0dnbV3OoKZVSKsRjRsSreDYKOmPaMHd_PD7pjTKbIH4= | 12962.9 | 2.20485 | 9305.05 | -0.12325 | -0.992376 | 0 | none | 1 | 34.3234 | 2.65199 | 0 | 1 | 1 | 0 | 0 | 0 | 0 | 1 | camera | target | -0.12325 | 0 | -0.992376 | -0.12325
SCRIPT       : DATA_LOG | 285820 | 0dnbV3OoKZVSKsRjRsSreDYKOmPaMHd_PD7pjTKbIH4= | 12963 | 2.15257 | 9304.27 | -0.122739 | -0.992439 | 0 | none | 1 | 47.2369 | 2.10724 | 0 | 1 | 1 | 0 | 0 | 0 | 0 | 1 | camera | target | -0.122739 | 0 | -0.992439 | -0.12273
SCRIPT       : DATA_LOG | 286901 | 0dnbV3OoKZVSKsRjRsSreDYKOmPaMHd_PD7pjTKbIH4= | 12963 | 2.15257 | 9304.27 | -0.122739 | -0.992439 | 0 | none | 1 | 47.2291 | 2.1071 | 0 | 1 | 1 | 0 | 0 | 0 | 0 | 1 | camera | target | -0.122739 | 0 | -0.992439 | -0.122739
SCRIPT       : DATA_LOG | 287898 | 0dnbV3OoKZVSKsRjRsSreDYKOmPaMHd_PD7pjTKbIH4= | 12963 | 2.15257 | 9304.27 | -0.122739 | -0.992439 | 0 | none | 1 | 47.2747 | 2.10694 | 0 | 1 | 1 | 0 | 0 | 0 | 0 | 1 | camera | target | -0.122739 | 0 | -0.992439 | -0.12273
SCRIPT       : DATA_LOG | 289010 | 0dnbV3OoKZVSKsRjRsSreDYKOmPaMHd_PD7pjTKbIH4= | 12963 | 2.15257 | 9304.27 | -0.122739 | -0.992439 | 0 | none | 1 | 47.0248 | 2.11767 | 0 | 1 | 1 | 0 | 0 | 0 | 0 | 1 | camera | target | -0.122739 | 0 | -0.992439 | -0.12273
SCRIPT       : DATA_LOG | 290077 | 0dnbV3OoKZVSKsRjRsSreDYKOmPaMHd_PD7pjTKbIH4= | 12963 | 2.15257 | 9304.27 | -0.122739 | -0.992439 | 0 | none | 1 | 47.3194 | 2.10391 | 0 | 1 | 1 | 0 | 0 | 0 | 0 | 1 | camera | target | -0.122739 | 0 | -0.992439 | -0.12273
SCRIPT       : DATA_LOG | 291078 | 0dnbV3OoKZVSKsRjRsSreDYKOmPaMHd_PD7pjTKbIH4= | 12963 | 2.15257 | 9304.27 | -0.122739 | -0.992439 | 0 | none | 1 | 47.1999 | 2.10985 | 0 | 1 | 1 | 0 | 0 | 0 | 0 | 1 | camera | target | -0.122739 | 0 | -0.992439 | -0.12273
SCRIPT       : DATA_LOG | 292137 | 0dnbV3OoKZVSKsRjRsSreDYKOmPaMHd_PD7pjTKbIH4= | 12963 | 2.15257 | 9304.27 | -0.122739 | -0.992439 | 0 | none | 1 | 47.3214 | 2.10489 | 0 | 1 | 1 | 0 | 0 | 0 | 0 | 1 | camera | target | -0.122739 | 0 | -0.992439 | -0.12273
SCRIPT       : DATA_LOG | 293136 | 0dnbV3OoKZVSKsRjRsSreDYKOmPaMHd_PD7pjTKbIH4= | 12963 | 2.15257 | 9304.27 | -0.122739 | -0.992439 | 0 | none | 1 | 47.218 | 2.10809 | 0 | 1 | 1 | 0 | 0 | 0 | 0 | 1 | camera | target | -0.122739 | 0 | -0.992439 | -0.122739
SCRIPT       : DATA_LOG | 294236 | 0dnbV3OoKZVSKsRjRsSreDYKOmPaMHd_PD7pjTKbIH4= | 12963 | 2.15257 | 9304.27 | -0.122739 | -0.992439 | 0 | none | 1 | 47.2623 | 2.10557 | 0 | 1 | 1 | 0 | 0 | 0 | 0 | 1 | camera | target | -0.122739 | 0 | -0.992439 | -0.12273
SCRIPT       : DATA_LOG | 295235 | 0dnbV3OoKZVSKsRjRsSreDYKOmPaMHd_PD7pjTKbIH4= | 12963 | 2.15257 | 9304.27 | -0.122739 | -0.992439 | 0 | none | 1 | 47.2747 | 2.10694 | 0 | 1 | 1 | 0 | 0 | 0 | 0 | 1 | camera | target | -0.122739 | 0 | -0.992439 | -0.12273
SCRIPT       : DATA_LOG | 296240 | 0dnbV3OoKZVSKsRjRsSreDYKOmPaMHd_PD7pjTKbIH4= | 12963 | 2.15257 | 9304.27 | -0.122739 | -0.992439 | 0 | none | 1 | 47.0434 | 2.11681 | 0 | 1 | 1 | 0 | 0 | 0 | 0 | 1 | camera | target | -0.122739 | 0 | -0.992439 | -0.12273
SCRIPT       : DATA_LOG | 297273 | 0dnbV3OoKZVSKsRjRsSreDYKOmPaMHd_PD7pjTKbIH4= | 12963.1 | 2.17474 | 9304.74 | -0.11097 | -0.993824 | 0 | none | 1 | 38.7009 | 2.44115 | 0 | 1 | 1 | 0 | 0 | 0 | 0 | 1 | camera | target | -0.11097 | 0 | -0.993824 | -0.11097
SCRIPT       : DATA_LOG | 298748 | 0dnbV3OoKZVSKsRjRsSreDYKOmPaMHd_PD7pjTKbIH4= | 12963.2 | 2.2385 | 9305.91 | -0.0856305 | -0.996327 | 0 | none | 1 | 25.5653 | 3.4098 | 0 | 1 | 1 | 0 | 0 | 0 | 0 | 1 | camera | target | -0.0856305 | 0 | -0.996327 | -0.085
SCRIPT       : DATA_LOG | 299747 | 0dnbV3OoKZVSKsRjRsSreDYKOmPaMHd_PD7pjTKbIH4= | 12963.2 | 2.24243 | 9305.97 | -0.0900334 | -0.995939 | 0 | none | 1 | 25.0235 | 3.46178 | 0 | 1 | 1 | 0 | 0 | 0 | 0 | 1 | camera | target | -0.0900334 | 0 | -0.995939 | -0.0
SCRIPT       : DATA_LOG | 300749 | 0dnbV3OoKZVSKsRjRsSreDYKOmPaMHd_PD7pjTKbIH4= | 12962.9 | 2.13595 | 9303.71 | -0.151571 | -0.988446 | 0 | none | 1 | 60.7783 | 1.78864 | 0 | 1 | 1 | 0 | 0 | 0 | 0 | 1 | camera | target | -0.151571 | 0 | -0.988446 | -0.151
SCRIPT       : DATA_LOG | 303199 | 0dnbV3OoKZVSKsRjRsSreDYKOmPaMHd_PD7pjTKbIH4= | 12963 | 2.14054 | 9303.87 | -0.188311 | -0.982109 | 0 | none | 1 | 56.4092 | 1.86674 | 0 | 1 | 1 | 0 | 0 | 0 | 0 | 1 | camera | target | -0.188311 | 0 | -0.982109 | -0.18831
SCRIPT       : DATA_LOG | 311584 | 0dnbV3OoKZVSKsRjRsSreDYKOmPaMHd_PD7pjTKbIH4= | 12965.4 | 2.15019 | 9306.79 | 0.424168 | 0.905583 | 0 | none | 1 | 159.931 | 4.98521 | 0 | 1 | 1 | 0 | 0 | 0 | 0 | 1 | camera | target | 0.424168 | 0 | 0.905583 | 0.424168 |
SCRIPT       : DATA_LOG | 312586 | 0dnbV3OoKZVSKsRjRsSreDYKOmPaMHd_PD7pjTKbIH4= | 12965 | 2.35607 | 9310.35 | -0.128068 | -0.991765 | 0 | none | 1 | 13.4731 | 7.92786 | 0 | 1 | 1 | 0 | 0 | 0 | 0 | 1 | camera | target | -0.128068 | 0 | -0.991765 | -0.12806
SCRIPT       : DATA_LOG | 313825 | 0dnbV3OoKZVSKsRjRsSreDYKOmPaMHd_PD7pjTKbIH4= | 12965 | 2.35607 | 9310.35 | -0.128068 | -0.991765 | 0 | none | 1 | 13.4728 | 7.93096 | 0 | 1 | 1 | 0 | 0 | 0 | 0 | 1 | camera | target | -0.128068 | 0 | -0.991765 | -0.12806
SCRIPT       : DATA_LOG | 315028 | 0dnbV3OoKZVSKsRjRsSreDYKOmPaMHd_PD7pjTKbIH4= | 12965 | 2.35607 | 9310.35 | -0.128068 | -0.991765 | 0 | none | 1 | 13.462 | 7.92922 | 0 | 1 | 1 | 0 | 0 | 0 | 0 | 1 | camera | target | -0.128068 | 0 | -0.991765 | -0.128068
SCRIPT       : DATA_LOG | 316307 | 0dnbV3OoKZVSKsRjRsSreDYKOmPaMHd_PD7pjTKbIH4= | 12965 | 2.35607 | 9310.35 | -0.128068 | -0.991765 | 0 | none | 1 | 13.4467 | 7.92621 | 0 | 1 | 1 | 0 | 0 | 0 | 0 | 1 | camera | target | -0.128068 | 0 | -0.991765 | -0.12806
SCRIPT       : DATA_LOG | 317308 | 0dnbV3OoKZVSKsRjRsSreDYKOmPaMHd_PD7pjTKbIH4= | 12965 | 2.35607 | 9310.35 | -0.128068 | -0.991765 | 0 | none | 1 | 13.4477 | 7.92949 | 0 | 1 | 1 | 0 | 0 | 0 | 0 | 1 | camera | target | -0.128068 | 0 | -0.991765 | -0.12806
SCRIPT       : DATA_LOG | 318428 | 0dnbV3OoKZVSKsRjRsSreDYKOmPaMHd_PD7pjTKbIH4= | 12965 | 2.35607 | 9310.35 | -0.128068 | -0.991765 | 0 | none | 1 | 13.4795 | 7.92508 | 0 | 1 | 1 | 0 | 0 | 0 | 0 | 1 | camera | target | -0.128068 | 0 | -0.991765 | -0.12806
SCRIPT       : DATA_LOG | 319559 | 0dnbV3OoKZVSKsRjRsSreDYKOmPaMHd_PD7pjTKbIH4= | 12965 | 2.35607 | 9310.35 | -0.128068 | -0.991765 | 0 | none | 1 | 13.4704 | 7.94123 | 0 | 1 | 1 | 0 | 0 | 0 | 0 | 1 | camera | target | -0.128068 | 0 | -0.991765 | -0.12806
SCRIPT       : DATA_LOG | 320583 | 0dnbV3OoKZVSKsRjRsSreDYKOmPaMHd_PD7pjTKbIH4= | 12965 | 2.35607 | 9310.35 | -0.128068 | -0.991765 | 0 | none | 1 | 13.4675 | 7.92443 | 0 | 1 | 1 | 0 | 0 | 0 | 0 | 1 | camera | target | -0.128068 | 0 | -0.991765 | -0.12806
SCRIPT       : DATA_LOG | 321583 | 0dnbV3OoKZVSKsRjRsSreDYKOmPaMHd_PD7pjTKbIH4= | 12965 | 2.35607 | 9310.35 | -0.128068 | -0.991765 | 0 | none | 1 | 13.4739 | 7.93312 | 0 | 1 | 1 | 0 | 0 | 0 | 0 | 1 | camera | target | -0.128068 | 0 | -0.991765 | -0.12806
SCRIPT       : DATA_LOG | 322587 | 0dnbV3OoKZVSKsRjRsSreDYKOmPaMHd_PD7pjTKbIH4= | 12965 | 2.35607 | 9310.35 | -0.128068 | -0.991765 | 0 | none | 1 | 13.455 | 7.92562 | 0 | 1 | 1 | 0 | 0 | 0 | 0 | 1 | camera | target | -0.128068 | 0 | -0.991765 | -0.128068
SCRIPT       : DATA_LOG | 323589 | 0dnbV3OoKZVSKsRjRsSreDYKOmPaMHd_PD7pjTKbIH4= | 12965 | 2.35607 | 9310.35 | -0.128068 | -0.991765 | 0 | none | 1 | 13.4485 | 7.9274 | 0 | 1 | 1 | 0 | 0 | 0 | 0 | 1 | camera | target | -0.128068 | 0 | -0.991765 | -0.128068
SCRIPT       : DATA_LOG | 324666 | 0dnbV3OoKZVSKsRjRsSreDYKOmPaMHd_PD7pjTKbIH4= | 12965 | 2.35607 | 9310.35 | -0.128068 | -0.991765 | 0 | none | 1 | 13.4452 | 7.9314 | 0 | 1 | 1 | 0 | 0 | 0 | 0 | 1 | camera | target | -0.128068 | 0 | -0.991765 | -0.128068
SCRIPT       : DATA_LOG | 325998 | 0dnbV3OoKZVSKsRjRsSreDYKOmPaMHd_PD7pjTKbIH4= | 12965 | 2.35607 | 9310.35 | -0.128068 | -0.991765 | 0 | none | 1 | 13.4755 | 7.92382 | 0 | 1 | 1 | 0 | 0 | 0 | 0 | 1 | camera | target | -0.128068 | 0 | -0.991765 | -0.12806
SCRIPT       : DATA_LOG | 326966 | 0dnbV3OoKZVSKsRjRsSreDYKOmPaMHd_PD7pjTKbIH4= | 12965 | 2.35607 | 9310.35 | -0.128068 | -0.991765 | 0 | none | 1 | 13.4732 | 7.94245 | 0 | 1 | 1 | 0 | 0 | 0 | 0 | 1 | camera | target | -0.128068 | 0 | -0.991765 | -0.12806
SCRIPT       : DATA_LOG | 328227 | 0dnbV3OoKZVSKsRjRsSreDYKOmPaMHd_PD7pjTKbIH4= | 12965 | 2.35607 | 9310.35 | -0.128068 | -0.991765 | 0 | none | 1 | 13.4724 | 7.92472 | 0 | 1 | 1 | 0 | 0 | 0 | 0 | 1 | camera | target | -0.128068 | 0 | -0.991765 | -0.12806
SCRIPT       : DATA_LOG | 329232 | 0dnbV3OoKZVSKsRjRsSreDYKOmPaMHd_PD7pjTKbIH4= | 12965 | 2.35607 | 9310.35 | -0.128068 | -0.991765 | 0 | none | 1 | 13.4754 | 7.93217 | 0 | 1 | 1 | 0 | 0 | 0 | 0 | 1 | camera | target | -0.128068 | 0 | -0.991765 | -0.12806
SCRIPT       : DATA_LOG | 330342 | 0dnbV3OoKZVSKsRjRsSreDYKOmPaMHd_PD7pjTKbIH4= | 12965 | 2.35607 | 9310.35 | -0.128068 | -0.991765 | 0 | none | 1 | 13.4584 | 7.92374 | 0 | 1 | 1 | 0 | 0 | 0 | 0 | 1 | camera | target | -0.128068 | 0 | -0.991765 | -0.12806
SCRIPT       : DATA_LOG | 332594 | 0dnbV3OoKZVSKsRjRsSreDYKOmPaMHd_PD7pjTKbIH4= | 12965 | 2.35607 | 9310.35 | -0.128068 | -0.991765 | 0 | none | 1 | 13.4488 | 7.92953 | 0 | 1 | 1 | 0 | 0 | 0 | 0 | 1 | camera | target | -0.128068 | 0 | -0.991765 | -0.12806
SCRIPT       : DATA_LOG | 334471 | 0dnbV3OoKZVSKsRjRsSreDYKOmPaMHd_PD7pjTKbIH4= | 12965 | 2.35607 | 9310.35 | -0.128068 | -0.991765 | 0 | none | 1 | 13.4454 | 7.93452 | 0 | 1 | 1 | 0 | 0 | 0 | 0 | 1 | camera | target | -0.128068 | 0 | -0.991765 | -0.12806
SCRIPT       : DATA_LOG | 335667 | 0dnbV3OoKZVSKsRjRsSreDYKOmPaMHd_PD7pjTKbIH4= | 12965 | 2.35607 | 9310.35 | -0.128068 | -0.991765 | 0 | none | 1 | 13.4809 | 7.93037 | 0 | 1 | 1 | 0 | 0 | 0 | 0 | 1 | camera | target | -0.128068 | 0 | -0.991765 | -0.12806
SCRIPT       : DATA_LOG | 337295 | 0dnbV3OoKZVSKsRjRsSreDYKOmPaMHd_PD7pjTKbIH4= | 12965 | 2.35607 | 9310.35 | -0.861875 | -0.507121 | 0 | none | 1 | 43.6886 | 7.93409 | 0 | 1 | 1 | 0 | 0 | 0 | 0 | 1 | camera | target | -0.861875 | 0 | -0.507121 | -0.86187
SCRIPT       : DATA_LOG | 338295 | 0dnbV3OoKZVSKsRjRsSreDYKOmPaMHd_PD7pjTKbIH4= | 12964.9 | 2.35879 | 9310.18 | 0.208182 | -0.97809 | 0 | none | 1 | 30.0027 | 7.74346 | 0 | 1 | 1 | 0 | 0 | 0 | 0 | 1 | camera | target | 0.208182 | 0 | -0.97809 | 0.208182 |
SCRIPT       : DATA_LOG | 339348 | 0dnbV3OoKZVSKsRjRsSreDYKOmPaMHd_PD7pjTKbIH4= | 12962.2 | 2.46082 | 9308.71 | -0.139118 | -0.990276 | 0 | none | 1 | 17.5378 | 6.00248 | 0 | 1 | 1 | 0 | 0 | 0 | 0 | 1 | camera | target | -0.139118 | 0 | -0.990276 | -0.139
SCRIPT       : DATA_LOG | 340347 | 0dnbV3OoKZVSKsRjRsSreDYKOmPaMHd_PD7pjTKbIH4= | 12962.2 | 2.4583 | 9308.65 | -0.139118 | -0.990276 | 0 | none | 1 | 17.7825 | 5.94046 | 0 | 1 | 1 | 0 | 0 | 0 | 0 | 1 | camera | target | -0.139118 | 0 | -0.990276 | -0.1391
SCRIPT       : DATA_LOG | 341353 | 0dnbV3OoKZVSKsRjRsSreDYKOmPaMHd_PD7pjTKbIH4= | 12962.5 | 2.43777 | 9308.62 | -0.156387 | -0.987696 | 0 | none | 1 | 16.6964 | 5.89954 | 0 | 1 | 1 | 0 | 0 | 0 | 0 | 1 | camera | target | -0.156387 | 0 | -0.987696 | -0.156
SCRIPT       : DATA_LOG | 342350 | 0dnbV3OoKZVSKsRjRsSreDYKOmPaMHd_PD7pjTKbIH4= | 12965.6 | 2.28854 | 9309.78 | 0.811189 | 0.584785 | 0 | none | 1 | 146.516 | 7.60318 | 0 | 1 | 1 | 0 | 0 | 0 | 0 | 1 | camera | target | 0.811189 | 0 | 0.584785 | 0.811189 |
SCRIPT       : DATA_LOG | 343351 | 0dnbV3OoKZVSKsRjRsSreDYKOmPaMHd_PD7pjTKbIH4= | 12962.5 | 2.70518 | 9314.89 | -0.682377 | 0.731 | 0 | none | 1 | 137.889 | 12.0774 | 0 | 1 | 1 | 0 | 0 | 0 | 0 | 1 | camera | target | -0.682377 | 0 | 0.731 | -0.682377 | 0 
SCRIPT       : DATA_LOG | 344352 | 0dnbV3OoKZVSKsRjRsSreDYKOmPaMHd_PD7pjTKbIH4= | 12959.2 | 2.99115 | 9317.29 | 0.453349 | -0.891333 | 0 | none | 1 | 13.5704 | 14.8755 | 0 | 1 | 1 | 0 | 0 | 0 | 0 | 1 | camera | target | 0.453349 | 0 | -0.891333 | 0.453349
SCRIPT       : DATA_LOG | 345467 | 0dnbV3OoKZVSKsRjRsSreDYKOmPaMHd_PD7pjTKbIH4= | 12958.1 | 3.06154 | 9319.58 | 0.477814 | -0.878461 | 0 | none | 1 | 13.0205 | 17.3681 | 0 | 1 | 1 | 0 | 0 | 0 | 0 | 1 | camera | target | 0.477814 | 0 | -0.878461 | 0.477814
SCRIPT       : DATA_LOG | 346895 | 0dnbV3OoKZVSKsRjRsSreDYKOmPaMHd_PD7pjTKbIH4= | 12961.6 | 2.80236 | 9315.44 | 0.675648 | -0.737225 | 0 | none | 1 | 37.2559 | 12.6666 | 0 | 1 | 1 | 0 | 0 | 0 | 0 | 1 | camera | target | 0.675648 | 0 | -0.737225 | 0.675648
SCRIPT       : DATA_LOG | 347897 | 0dnbV3OoKZVSKsRjRsSreDYKOmPaMHd_PD7pjTKbIH4= | 12966.1 | 2.2734 | 9310.71 | -0.48601 | 0.873953 | 0 | none | 1 | 127.38 | 8.63699 | 0 | 1 | 1 | 0 | 0 | 0 | 0 | 1 | camera | target | -0.48601 | 0 | 0.873953 | -0.48601 | 0
SCRIPT       : DATA_LOG | 348899 | 0dnbV3OoKZVSKsRjRsSreDYKOmPaMHd_PD7pjTKbIH4= | 12968.8 | 1.93624 | 9310.46 | -0.803883 | 0.594788 | 0 | none | 1 | 88.2522 | 9.85135 | 0 | 1 | 1 | 0 | 0 | 0 | 0 | 1 | camera | target | -0.803883 | 0 | 0.594788 | -0.80388
SCRIPT       : DATA_LOG | 349898 | 0dnbV3OoKZVSKsRjRsSreDYKOmPaMHd_PD7pjTKbIH4= | 12967.3 | 2.09333 | 9308.04 | 0.915055 | 0.403328 | 0 | none | 1 | 151.754 | 7.04248 | 0 | 1 | 1 | 0 | 0 | 0 | 0 | 1 | camera | target | 0.915055 | 0 | 0.403328 | 0.915055 |
SCRIPT       : DATA_LOG | 350898 | 0dnbV3OoKZVSKsRjRsSreDYKOmPaMHd_PD7pjTKbIH4= | 12966.3 | 2.22628 | 9309.8 | 0.293616 | -0.955923 | 0 | none | 1 | 45.2538 | 7.94533 | 0 | 1 | 1 | 0 | 0 | 0 | 0 | 1 | camera | target | 0.293616 | 0 | -0.955923 | 0.293616 
SCRIPT       : DATA_LOG | 351900 | 0dnbV3OoKZVSKsRjRsSreDYKOmPaMHd_PD7pjTKbIH4= | 12966.3 | 2.22628 | 9309.8 | -0.892936 | 0.450184 | 0 | none | 1 | 89.601 | 7.94136 | 0 | 1 | 1 | 0 | 0 | 0 | 0 | 1 | camera | target | -0.892936 | -0 | 0.450184 | -0.892936
SCRIPT       : DATA_LOG | 352901 | 0dnbV3OoKZVSKsRjRsSreDYKOmPaMHd_PD7pjTKbIH4= | 12966.3 | 2.22628 | 9309.8 | 0.529105 | 0.848556 | 0 | none | 1 | 168.313 | 7.93252 | 0 | 1 | 1 | 0 | 0 | 0 | 0 | 1 | camera | target | 0.529105 | 0 | 0.848556 | 0.529105 | 
SCRIPT       : DATA_LOG | 353905 | 0dnbV3OoKZVSKsRjRsSreDYKOmPaMHd_PD7pjTKbIH4= | 12966.3 | 2.22628 | 9309.8 | -0.886789 | 0.462175 | 0 | none | 1 | 90.3594 | 7.93695 | 0 | 1 | 1 | 0 | 0 | 0 | 0 | 1 | camera | target | -0.886789 | 0 | 0.462175 | -0.886789
SCRIPT       : DATA_LOG | 354903 | 0dnbV3OoKZVSKsRjRsSreDYKOmPaMHd_PD7pjTKbIH4= | 12966.3 | 2.22628 | 9309.8 | -0.477533 | -0.878614 | 0 | none | 1 | 10.7705 | 7.92959 | 0 | 1 | 1 | 0 | 0 | 0 | 0 | 1 | camera | target | -0.477533 | 0 | -0.878614 | -0.4775
SCRIPT       : DATA_LOG | 356162 | 0dnbV3OoKZVSKsRjRsSreDYKOmPaMHd_PD7pjTKbIH4= | 12966.3 | 2.22628 | 9309.8 | -0.998231 | 0.0594597 | 0 | none | 1 | 66.7077 | 7.93513 | 0 | 1 | 1 | 0 | 0 | 0 | 0 | 1 | camera | target | -0.998231 | -0 | 0.0594597 | -0.998
SCRIPT       : DATA_LOG | 357029 | 0dnbV3OoKZVSKsRjRsSreDYKOmPaMHd_PD7pjTKbIH4= | 12966.3 | 2.22628 | 9309.8 | -0.841954 | 0.539549 | 0 | none | 1 | 95.3889 | 7.92852 | 0 | 1 | 1 | 0 | 0 | 0 | 0 | 1 | camera | target | -0.841954 | -0 | 0.539549 | -0.84195
SCRIPT       : DATA_LOG | 358274 | 0dnbV3OoKZVSKsRjRsSreDYKOmPaMHd_PD7pjTKbIH4= | 12966.8 | 2.22956 | 9311.33 | -0.187458 | 0.982273 | 0 | none | 1 | 142.755 | 9.50017 | 0 | 1 | 1 | 0 | 0 | 0 | 0 | 1 | camera | target | -0.187458 | 0 | 0.982273 | -0.18745
SCRIPT       : DATA_LOG | 359273 | 0dnbV3OoKZVSKsRjRsSreDYKOmPaMHd_PD7pjTKbIH4= | 12967.9 | 2.30755 | 9317.91 | 0.0170501 | 0.999855 | 0 | none | 1 | 161.393 | 15.9766 | 0 | 1 | 1 | 0 | 0 | 0 | 0 | 1 | camera | target | 0.0170501 | 0 | 0.999855 | 0.017050
SCRIPT       : DATA_LOG | 360285 | 0dnbV3OoKZVSKsRjRsSreDYKOmPaMHd_PD7pjTKbIH4= | 12966.5 | 2.67761 | 9324.72 | -0.243702 | 0.96985 | 0 | none | 1 | 155.956 | 22.2076 | 0 | 1 | 1 | 0 | 0 | 0 | 0 | 1 | camera | target | -0.243702 | 0 | 0.96985 | -0.243702 
SCRIPT       : DATA_LOG | 361595 | 0dnbV3OoKZVSKsRjRsSreDYKOmPaMHd_PD7pjTKbIH4= | 12963.9 | 3.32906 | 9331.41 | -0.340027 | 0.940416 | 0 | none | 1 | 157.835 | 28.5727 | 0 | 1 | 1 | 0 | 0 | 0 | 0 | 1 | camera | target | -0.340027 | 0 | 0.940416 | -0.34002
SCRIPT       : DATA_LOG | 363433 | 0dnbV3OoKZVSKsRjRsSreDYKOmPaMHd_PD7pjTKbIH4= | 12961.2 | 4.16298 | 9339 | -0.336095 | 0.941828 | 0 | none | 0 | 162.872 | 36.1769 | 0 | 1 | 1 | 0 | 0 | 0 | 0 | 1 | camera |  | -0.336095 | 0 | 0.941828 | -0.336095 | 0 | 0
SCRIPT       : DATA_LOG | 364411 | 0dnbV3OoKZVSKsRjRsSreDYKOmPaMHd_PD7pjTKbIH4= | 12957.5 | 4.16545 | 9347.96 | -0.46075 | 0.88753 | 0 | none | 0 | 159.15 | 45.4033 | 0 | 1 | 1 | 0 | 0 | 0 | 0 | 1 | camera |  | -0.46075 | 0 | 0.88753 | -0.46075 | 0 | 0.88
SCRIPT       : DATA_LOG | 365410 | 0dnbV3OoKZVSKsRjRsSreDYKOmPaMHd_PD7pjTKbIH4= | 12954.3 | 4.18466 | 9356.78 | -0.158049 | 0.987431 | 0 | none | 0 | 179.448 | 54.5661 | 0 | 1 | 1 | 0 | 0 | 0 | 0 | 1 | camera |  | -0.158049 | 0 | 0.987431 | -0.158049 | 0 
SCRIPT       : DATA_LOG | 366408 | 0dnbV3OoKZVSKsRjRsSreDYKOmPaMHd_PD7pjTKbIH4= | 12953.5 | 4.70329 | 9363.43 | -0.110564 | 0.993869 | 0 | none | 0 | 177.447 | 61.2971 | 0 | 1 | 1 | 0 | 0 | 0 | 0 | 1 | camera |  | -0.110564 | 0 | 0.993869 | -0.110564 | 0 
SCRIPT       : DATA_LOG | 367646 | 0dnbV3OoKZVSKsRjRsSreDYKOmPaMHd_PD7pjTKbIH4= | 12953 | 5.32255 | 9368.67 | -0.88538 | -0.464868 | 0 | none | 0 | 70.7749 | 66.5483 | 0 | 1 | 1 | 0 | 0 | 0 | 0 | 1 | camera |  | -0.88538 | 0 | -0.464868 | -0.88538 | 0 | -
SCRIPT       : DATA_LOG | 368646 | 0dnbV3OoKZVSKsRjRsSreDYKOmPaMHd_PD7pjTKbIH4= | 12949.2 | 5.39254 | 9369.38 | -0.34214 | -0.939649 | 0 | none | 0 | 31.5805 | 67.9141 | 0 | 1 | 1 | 0 | 0 | 0 | 0 | 1 | camera |  | -0.34214 | 0 | -0.939649 | -0.34214 | 0 |
SCRIPT       : DATA_LOG | 369646 | 0dnbV3OoKZVSKsRjRsSreDYKOmPaMHd_PD7pjTKbIH4= | 12947.6 | 5.36881 | 9370.09 | 0.405094 | -0.914275 | 0 | none | 0 | 11.2835 | 68.9334 | 0 | 1 | 1 | 0 | 0 | 0 | 0 | 1 | camera |  | 0.405094 | 0 | -0.914275 | 0.405094 | 0 |
SCRIPT       : DATA_LOG | 370653 | 0dnbV3OoKZVSKsRjRsSreDYKOmPaMHd_PD7pjTKbIH4= | 12947.8 | 5.44597 | 9367.77 | 0.930613 | -0.366004 | 0 | none | 0 | 55.5794 | 66.6301 | 0 | 1 | 1 | 0 | 0 | 0 | 0 | 1 | camera |  | 0.930613 | 0 | -0.366004 | 0.930613 | 0 |
SCRIPT       : DATA_LOG | 371648 | 0dnbV3OoKZVSKsRjRsSreDYKOmPaMHd_PD7pjTKbIH4= | 12946.9 | 5.44122 | 9367.92 | 0.955413 | -0.295273 | 0 | none | 0 | 59.1366 | 66.9888 | 0 | 1 | 1 | 0 | 0 | 0 | 0 | 1 | camera |  | 0.955413 | 0 | -0.295273 | 0.955413 | 0 |
SCRIPT       : DATA_LOG | 372650 | 0dnbV3OoKZVSKsRjRsSreDYKOmPaMHd_PD7pjTKbIH4= | 12949 | 5.51506 | 9367.44 | 0.332569 | -0.943079 | 0 | none | 0 | 7.60318 | 66.0396 | 0 | 1 | 1 | 0 | 0 | 0 | 0 | 1 | camera | Land_Shed_W1 | 0.332569 | 0 | -0.943079 | 0.33
SCRIPT       : DATA_LOG | 373657 | 0dnbV3OoKZVSKsRjRsSreDYKOmPaMHd_PD7pjTKbIH4= | 12945.5 | 5.34815 | 9370.71 | -0.737231 | 0.675641 | 0 | none | 0 | 146.773 | 70.0445 | 0 | 1 | 1 | 0 | 0 | 0 | 0 | 1 | camera |  | -0.737231 | 0 | 0.675641 | -0.737231 | 0 
SCRIPT       : DATA_LOG | 374658 | 0dnbV3OoKZVSKsRjRsSreDYKOmPaMHd_PD7pjTKbIH4= | 12941.7 | 4.87076 | 9376.26 | -0.364743 | 0.931108 | 0 | none | 0 | 174.54 | 76.3717 | 0 | 1 | 1 | 0 | 0 | 0 | 0 | 1 | camera |  | -0.364743 | 0 | 0.931108 | -0.364743 | 0 |
SCRIPT       : DATA_LOG | 375658 | 0dnbV3OoKZVSKsRjRsSreDYKOmPaMHd_PD7pjTKbIH4= | 12939.9 | 3.86582 | 9382.69 | -0.249344 | 0.968415 | 0 | none | 0 | 178.445 | 83.042 | 0 | 1 | 1 | 0 | 0 | 0 | 0 | 1 | camera |  | -0.249344 | 0 | 0.968415 | -0.249344 | 0 |
SCRIPT       : DATA_LOG | 376862 | 0dnbV3OoKZVSKsRjRsSreDYKOmPaMHd_PD7pjTKbIH4= | 12939.1 | 3.38103 | 9388.92 | 0.520582 | 0.853812 | 0 | none | 0 | 133.259 | 89.253 | 0 | 1 | 1 | 0 | 0 | 0 | 0 | 1 | camera |  | 0.520582 | 0 | 0.853812 | 0.520582 | 0 | 0.
SCRIPT       : DATA_LOG | 377863 | 0dnbV3OoKZVSKsRjRsSreDYKOmPaMHd_PD7pjTKbIH4= | 12937.5 | 2.78794 | 9397.27 | -0.114724 | 0.993397 | 0 | none | 0 | 171.564 | 97.744 | 0 | 1 | 1 | 0 | 0 | 0 | 0 | 1 | camera |  | -0.114724 | 0 | 0.993397 | -0.114724 | 0 |
SCRIPT       : DATA_LOG | 379255 | 0dnbV3OoKZVSKsRjRsSreDYKOmPaMHd_PD7pjTKbIH4= | 12934.6 | 3.15713 | 9404.23 | -0.493014 | 0.870022 | 0 | none | 0 | 165.997 | 105.216 | 0 | 1 | 1 | 0 | 0 | 0 | 0 | 1 | camera |  | -0.493014 | 0 | 0.870022 | -0.493014 | 0 
SCRIPT       : DATA_LOG | 380835 | 0dnbV3OoKZVSKsRjRsSreDYKOmPaMHd_PD7pjTKbIH4= | 12931 | 4.01841 | 9410.94 | -0.415923 | 0.9094 | 0 | none | 0 | 171.812 | 112.651 | 0 | 1 | 1 | 0 | 0 | 0 | 0 | 1 | camera |  | -0.415923 | 0 | 0.9094 | -0.415923 | 0 | 0.90
SCRIPT       : DATA_LOG | 383205 | 0dnbV3OoKZVSKsRjRsSreDYKOmPaMHd_PD7pjTKbIH4= | 12928.2 | 4.72378 | 9420.84 | -0.317344 | 0.948311 | 0 | none | 0 | 177.789 | 122.963 | 0 | 1 | 1 | 0 | 0 | 0 | 0 | 1 | camera |  | -0.317344 | 0 | 0.948311 | -0.317344 | 0 
SCRIPT       : DATA_LOG | 384948 | 0dnbV3OoKZVSKsRjRsSreDYKOmPaMHd_PD7pjTKbIH4= | 12922.4 | 6.32912 | 9439.59 | 0.320776 | 0.947155 | 0 | none | 0 | 144.817 | 142.589 | 0 | 1 | 1 | 0 | 0 | 0 | 0 | 1 | camera |  | 0.320776 | 0 | 0.947155 | 0.320776 | 0 | 0
SCRIPT       : DATA_LOG | 386960 | 0dnbV3OoKZVSKsRjRsSreDYKOmPaMHd_PD7pjTKbIH4= | 12921.6 | 6.15289 | 9448.1 | 0.791687 | 0.610927 | 0 | none | 0 | 111.826 | 150.989 | 0 | 1 | 1 | 0 | 0 | 0 | 0 | 1 | camera |  | 0.791687 | 0 | 0.610927 | 0.791687 | 0 | 0.
SCRIPT       : DATA_LOG | 388147 | 0dnbV3OoKZVSKsRjRsSreDYKOmPaMHd_PD7pjTKbIH4= | 12924.7 | 6.06208 | 9460.33 | 0.518038 | 0.855358 | 0 | none | 0 | 135.219 | 162.003 | 0 | 1 | 1 | 0 | 0 | 0 | 0 | 1 | camera |  | 0.518038 | 0 | 0.855358 | 0.518038 | 0 | 0
SCRIPT       : DATA_LOG | 389146 | 0dnbV3OoKZVSKsRjRsSreDYKOmPaMHd_PD7pjTKbIH4= | 12930.6 | 6.04598 | 9467.07 | -0.0128396 | 0.999918 | 0 | none | 0 | 169.636 | 167.34 | 0 | 1 | 1 | 0 | 0 | 0 | 0 | 1 | camera |  | -0.0128396 | 0 | 0.999918 | -0.0128396 | 
SCRIPT       : DATA_LOG | 391267 | 0dnbV3OoKZVSKsRjRsSreDYKOmPaMHd_PD7pjTKbIH4= | 12931 | 6.11427 | 9479.5 | -0.0934131 | 0.995627 | 0 | none | 0 | 175.114 | 179.479 | 0 | 1 | 1 | 0 | 0 | 0 | 0 | 1 | camera |  | -0.0934131 | 0 | 0.995627 | -0.0934131 | 0 
SCRIPT       : DATA_LOG | 392243 | 0dnbV3OoKZVSKsRjRsSreDYKOmPaMHd_PD7pjTKbIH4= | 12931.3 | 6.03133 | 9487.55 | 0.147744 | 0.989026 | 0 | none | 0 | 161.834 | 187.363 | 0 | 1 | 1 | 0 | 0 | 0 | 0 | 1 | camera |  | 0.147744 | 0 | 0.989026 | 0.147744 | 0 | 0
SCRIPT       : DATA_LOG | 393239 | 0dnbV3OoKZVSKsRjRsSreDYKOmPaMHd_PD7pjTKbIH4= | 12932.1 | 6.01651 | 9494.15 | -0.359854 | 0.933008 | 0 | none | 0 | 168 | 193.751 | 0 | 1 | 1 | 0 | 0 | 0 | 0 | 1 | camera |  | -0.359854 | 0 | 0.933008 | -0.359854 | 0 | 0.
SCRIPT       : DATA_LOG | 394240 | 0dnbV3OoKZVSKsRjRsSreDYKOmPaMHd_PD7pjTKbIH4= | 12934.2 | 6.02764 | 9500.29 | 0.0946857 | 0.995507 | 0 | none | 0 | 166.321 | 199.498 | 0 | 1 | 1 | 0 | 0 | 0 | 0 | 1 | camera |  | 0.0946857 | 0 | 0.995507 | 0.0946857 | 0 
SCRIPT       : DATA_LOG | 395242 | 0dnbV3OoKZVSKsRjRsSreDYKOmPaMHd_PD7pjTKbIH4= | 12936.7 | 6.02914 | 9505.44 | 0.224912 | 0.974379 | 0 | none | 0 | 159.669 | 204.262 | 0 | 1 | 1 | 0 | 0 | 0 | 0 | 1 | camera |  | 0.224912 | 0 | 0.974379 | 0.224912 | 0 | 0
SCRIPT       : DATA_LOG | 396332 | 0dnbV3OoKZVSKsRjRsSreDYKOmPaMHd_PD7pjTKbIH4= | 12937.7 | 6.00333 | 9509.9 | 0.165261 | 0.98625 | 0 | none | 0 | 163.582 | 208.558 | 0 | 1 | 1 | 0 | 0 | 0 | 0 | 1 | camera |  | 0.165261 | 0 | 0.98625 | 0.165261 | 0 | 0.98
SCRIPT       : DATA_LOG | 397440 | 0dnbV3OoKZVSKsRjRsSreDYKOmPaMHd_PD7pjTKbIH4= | 12938.2 | 6.14739 | 9513.14 | 0.132816 | 0.991141 | 0 | none | 0 | 165.692 | 211.719 | 0 | 1 | 1 | 0 | 0 | 0 | 0 | 1 | camera |  | 0.132816 | 0 | 0.991141 | 0.132816 | 0 | 0
SCRIPT       : DATA_LOG | 398754 | 0dnbV3OoKZVSKsRjRsSreDYKOmPaMHd_PD7pjTKbIH4= | 12938.7 | 6.36178 | 9517.06 | 0.113145 | 0.993578 | 0 | none | 0 | 167.07 | 215.565 | 0 | 1 | 1 | 0 | 0 | 0 | 0 | 1 | camera |  | 0.113145 | 0 | 0.993578 | 0.113145 | 0 | 0.
SCRIPT       : DATA_LOG | 399757 | 0dnbV3OoKZVSKsRjRsSreDYKOmPaMHd_PD7pjTKbIH4= | 12940.5 | 5.50083 | 9523.53 | 0.330067 | 0.943957 | 0 | none | 0 | 154.964 | 221.801 | 0 | 1 | 1 | 0 | 0 | 0 | 0 | 1 | camera |  | 0.330067 | 0 | 0.943957 | 0.330067 | 0 | 0
SCRIPT       : DATA_LOG | 400760 | 0dnbV3OoKZVSKsRjRsSreDYKOmPaMHd_PD7pjTKbIH4= | 12941.4 | 4.6028 | 9527.39 | -0.231036 | 0.972945 | 0 | none | 0 | 172.08 | 225.556 | 0 | 1 | 1 | 0 | 0 | 0 | 0 | 1 | camera |  | -0.231036 | 0 | 0.972945 | -0.231036 | 0 | 
SCRIPT       : DATA_LOG | 401849 | 0dnbV3OoKZVSKsRjRsSreDYKOmPaMHd_PD7pjTKbIH4= | 12940.2 | 4.40108 | 9531.33 | -0.993976 | -0.1096 | 0 | none | 0 | 89.3586 | 229.587 | 0 | 1 | 1 | 0 | 0 | 0 | 0 | 1 | camera |  | -0.993976 | 0 | -0.1096 | -0.993976 | 0 | 
SCRIPT       : DATA_LOG | 402918 | 0dnbV3OoKZVSKsRjRsSreDYKOmPaMHd_PD7pjTKbIH4= | 12936.1 | 4.5237 | 9531.77 | -0.0526522 | -0.998613 | 0 | none | 0 | 9.65594 | 230.455 | 0 | 1 | 1 | 0 | 0 | 0 | 0 | 1 | camera |  | -0.0526522 | 0 | -0.998613 | -0.0526522 
SCRIPT       : DATA_LOG | 404607 | 0dnbV3OoKZVSKsRjRsSreDYKOmPaMHd_PD7pjTKbIH4= | 12936.9 | 4.48815 | 9531.9 | 0.467015 | 0.88425 | 0 | none | 0 | 145.707 | 230.495 | 0 | 1 | 1 | 0 | 0 | 0 | 0 | 1 | camera |  | 0.467015 | 0 | 0.88425 | 0.467015 | 0 | 0.88
SCRIPT       : DATA_LOG | 405766 | 0dnbV3OoKZVSKsRjRsSreDYKOmPaMHd_PD7pjTKbIH4= | 12941.1 | 4.46013 | 9534.33 | 0.960639 | -0.277801 | 0 | none | 0 | 68.5336 | 232.485 | 0 | 1 | 1 | 0 | 0 | 0 | 0 | 1 | camera |  | 0.960639 | 0 | -0.277801 | 0.960639 | 0 |
SCRIPT       : DATA_LOG | 406826 | 0dnbV3OoKZVSKsRjRsSreDYKOmPaMHd_PD7pjTKbIH4= | 12944 | 4.48472 | 9533.96 | 0.844382 | -0.535742 | 0 | none | 0 | 52.9669 | 231.854 | 0 | 1 | 1 | 0 | 0 | 0 | 0 | 1 | camera | Land_Misc_Greenhouse | 0.844382 | 0 | -0.53574
SCRIPT       : DATA_LOG | 408304 | 0dnbV3OoKZVSKsRjRsSreDYKOmPaMHd_PD7pjTKbIH4= | 12944.1 | 4.49061 | 9533.47 | 0.826158 | -0.563439 | 0 | none | 0 | 51.0879 | 231.362 | 0 | 1 | 1 | 0 | 0 | 0 | 0 | 1 | camera | Land_Misc_Greenhouse | 0.826158 | 0 | -0.563
SCRIPT       : DATA_LOG | 409173 | 0dnbV3OoKZVSKsRjRsSreDYKOmPaMHd_PD7pjTKbIH4= | 12942.1 | 4.47865 | 9534.59 | 0.908947 | -0.416911 | 0 | none | 0 | 60.2765 | 232.649 | 0 | 1 | 1 | 0 | 0 | 0 | 0 | 1 | camera |  | 0.908947 | 0 | -0.416911 | 0.908947 | 0 |
SCRIPT       : DATA_LOG | 410179 | 0dnbV3OoKZVSKsRjRsSreDYKOmPaMHd_PD7pjTKbIH4= | 12945.4 | 4.61415 | 9532.64 | 0.618815 | -0.785537 | 0 | none | 0 | 33.9098 | 230.43 | 0 | 1 | 1 | 0 | 0 | 0 | 0 | 1 | camera | Land_Misc_Greenhouse | 0.618815 | 0 | -0.7855
SCRIPT       : DATA_LOG | 411175 | 0dnbV3OoKZVSKsRjRsSreDYKOmPaMHd_PD7pjTKbIH4= | 12946.5 | 4.79625 | 9531.17 | 0.830227 | -0.557426 | 0 | none | 0 | 52.0436 | 228.896 | 0 | 1 | 1 | 0 | 0 | 0 | 0 | 1 | camera | Land_Misc_Greenhouse | 0.830227 | 0 | -0.557
SCRIPT       : DATA_LOG | 412181 | 0dnbV3OoKZVSKsRjRsSreDYKOmPaMHd_PD7pjTKbIH4= | 12946.2 | 4.77121 | 9531.93 | 0.53888 | 0.842382 | 0 | none | 0 | 143.261 | 229.663 | 0 | 1 | 1 | 0 | 0 | 0 | 0 | 1 | camera | Land_Misc_Greenhouse | 0.53888 | 0 | 0.842382 
SCRIPT       : DATA_LOG | 413408 | 0dnbV3OoKZVSKsRjRsSreDYKOmPaMHd_PD7pjTKbIH4= | 12944.1 | 4.48458 | 9533.94 | -0.863893 | 0.503676 | 0 | none | 0 | 124.869 | 231.836 | 0 | 1 | 1 | 0 | 0 | 0 | 0 | 1 | camera | Land_Misc_Greenhouse | -0.863893 | 0 | 0.503
SCRIPT       : DATA_LOG | 414509 | 0dnbV3OoKZVSKsRjRsSreDYKOmPaMHd_PD7pjTKbIH4= | 12939.6 | 4.48046 | 9536.36 | -0.277133 | 0.960832 | 0 | none | 0 | 169.569 | 234.634 | 0 | 1 | 1 | 0 | 0 | 0 | 0 | 1 | camera |  | -0.277133 | 0 | 0.960832 | -0.277133 | 0 
SCRIPT       : DATA_LOG | 415692 | 0dnbV3OoKZVSKsRjRsSreDYKOmPaMHd_PD7pjTKbIH4= | 12938.7 | 4.81782 | 9539.81 | 0.271782 | 0.962359 | 0 | none | 0 | 158.423 | 238.178 | 0 | 1 | 1 | 0 | 0 | 0 | 0 | 1 | camera | Land_House_1W01 | 0.271782 | 0 | 0.962359 | 0
SCRIPT       : DATA_LOG | 416678 | 0dnbV3OoKZVSKsRjRsSreDYKOmPaMHd_PD7pjTKbIH4= | 12938.9 | 4.86877 | 9540.35 | 0.444693 | 0.895683 | 0 | none | 0 | 147.862 | 238.685 | 0 | 1 | 1 | 0 | 0 | 0 | 0 | 1 | camera |  | 0.444693 | 0 | 0.895683 | 0.444693 | 0 | 0
SCRIPT       : DATA_LOG | 417678 | 0dnbV3OoKZVSKsRjRsSreDYKOmPaMHd_PD7pjTKbIH4= | 12941.2 | 4.78683 | 9541.38 | 0.995507 | -0.0946919 | 0 | none | 0 | 79.3996 | 239.495 | 0 | 1 | 1 | 0 | 0 | 0 | 0 | 1 | camera | Land_House_1W01 | 0.995507 | 0 | -0.0946919
SCRIPT       : DATA_LOG | 418712 | 0dnbV3OoKZVSKsRjRsSreDYKOmPaMHd_PD7pjTKbIH4= | 12942 | 4.7862 | 9541.29 | 0.992722 | -0.120431 | 0 | none | 0 | 78.1096 | 239.33 | 0 | 1 | 1 | 0 | 0 | 0 | 0 | 1 | camera | Land_House_1W01 | 0.992722 | 0 | -0.120431 | 0.9
SCRIPT       : DATA_LOG | 419872 | 0dnbV3OoKZVSKsRjRsSreDYKOmPaMHd_PD7pjTKbIH4= | 12942 | 4.7862 | 9541.29 | 0.992722 | -0.120431 | 0 | none | 0 | 78.1083 | 239.328 | 0 | 1 | 1 | 0 | 0 | 0 | 0 | 1 | camera | Land_House_1W01 | 0.992722 | 0 | -0.120431 | 0.
SCRIPT       : DATA_LOG | 422397 | 0dnbV3OoKZVSKsRjRsSreDYKOmPaMHd_PD7pjTKbIH4= | 12942.4 | 5.19713 | 9541.26 | 0.995015 | -0.0997223 | 0 | none | 0 | 79.3886 | 239.275 | 0 | 1 | 1 | 0 | 0 | 0 | 0 | 1 | camera | Land_House_1W01 | 0.995015 | 0 | -0.0997223
SCRIPT       : DATA_LOG | 423208 | 0dnbV3OoKZVSKsRjRsSreDYKOmPaMHd_PD7pjTKbIH4= | 12942.1 | 4.78607 | 9542.58 | 0.606661 | 0.794961 | 0 | none | 0 | 137.722 | 240.603 | 0 | 1 | 1 | 0 | 0 | 0 | 0 | 1 | camera | Land_House_1W01 | 0.606661 | 0 | 0.794961 | 0
SCRIPT       : DATA_LOG | 424208 | 0dnbV3OoKZVSKsRjRsSreDYKOmPaMHd_PD7pjTKbIH4= | 12942.1 | 4.78607 | 9542.58 | 0.606661 | 0.794961 | 0 | none | 0 | 137.724 | 240.62 | 0 | 1 | 1 | 0 | 0 | 0 | 0 | 1 | camera | Land_House_1W01 | 0.606661 | 0 | 0.794961 | 0.
SCRIPT       : DATA_LOG | 425212 | 0dnbV3OoKZVSKsRjRsSreDYKOmPaMHd_PD7pjTKbIH4= | 12942.1 | 4.78607 | 9542.58 | 0.606661 | 0.794961 | 0 | none | 0 | 137.722 | 240.604 | 0 | 1 | 1 | 0 | 0 | 0 | 0 | 1 | camera | Land_House_1W01 | 0.606661 | 0 | 0.794961 | 0
SCRIPT       : DATA_LOG | 426515 | 0dnbV3OoKZVSKsRjRsSreDYKOmPaMHd_PD7pjTKbIH4= | 12942.1 | 4.78607 | 9542.58 | 0.606661 | 0.794961 | 0 | none | 0 | 137.723 | 240.61 | 0 | 1 | 1 | 0 | 0 | 0 | 0 | 1 | camera | Land_House_1W01 | 0.606661 | 0 | 0.794961 | 0.
SCRIPT       : DATA_LOG | 427512 | 0dnbV3OoKZVSKsRjRsSreDYKOmPaMHd_PD7pjTKbIH4= | 12942.1 | 4.78607 | 9542.58 | 0.606661 | 0.794961 | 0 | none | 0 | 137.721 | 240.605 | 0 | 1 | 1 | 0 | 0 | 0 | 0 | 1 | camera | Land_House_1W01 | 0.606661 | 0 | 0.794961 | 0
SCRIPT       : DATA_LOG | 428516 | 0dnbV3OoKZVSKsRjRsSreDYKOmPaMHd_PD7pjTKbIH4= | 12942.1 | 4.78607 | 9542.58 | 0.606661 | 0.794961 | 0 | none | 0 | 137.722 | 240.608 | 0 | 1 | 1 | 0 | 0 | 0 | 0 | 1 | camera | Land_House_1W01 | 0.606661 | 0 | 0.794961 | 0
SCRIPT       : DATA_LOG | 429518 | 0dnbV3OoKZVSKsRjRsSreDYKOmPaMHd_PD7pjTKbIH4= | 12942.1 | 4.78607 | 9542.58 | 0.606661 | 0.794961 | 0 | none | 0 | 137.722 | 240.61 | 0 | 1 | 1 | 0 | 0 | 0 | 0 | 1 | camera | Land_House_1W01 | 0.606661 | 0 | 0.794961 | 0.
SCRIPT       : DATA_LOG | 431438 | 0dnbV3OoKZVSKsRjRsSreDYKOmPaMHd_PD7pjTKbIH4= | 12942.2 | 4.78597 | 9542.86 | 0.401137 | 0.916018 | 0 | none | 0 | 151.459 | 240.874 | 0 | 1 | 1 | 0 | 0 | 0 | 0 | 1 | camera | Land_House_1W01 | 0.401137 | 0 | 0.916018 | 0
SCRIPT       : DATA_LOG | 432436 | 0dnbV3OoKZVSKsRjRsSreDYKOmPaMHd_PD7pjTKbIH4= | 12942.2 | 4.78597 | 9542.86 | 0.401137 | 0.916018 | 0 | none | 0 | 151.46 | 240.889 | 0 | 1 | 1 | 0 | 0 | 0 | 0 | 1 | camera | Land_House_1W01 | 0.401137 | 0 | 0.916018 | 0.
SCRIPT       : DATA_LOG | 433436 | 0dnbV3OoKZVSKsRjRsSreDYKOmPaMHd_PD7pjTKbIH4= | 12942.2 | 4.78597 | 9542.86 | 0.401137 | 0.916018 | 0 | none | 0 | 151.459 | 240.873 | 0 | 1 | 1 | 0 | 0 | 0 | 0 | 1 | camera | Land_House_1W01 | 0.401137 | 0 | 0.916018 | 0
SCRIPT       : DATA_LOG | 434570 | 0dnbV3OoKZVSKsRjRsSreDYKOmPaMHd_PD7pjTKbIH4= | 12942.2 | 4.78597 | 9542.86 | 0.401137 | 0.916018 | 0 | none | 0 | 151.459 | 240.88 | 0 | 1 | 1 | 0 | 0 | 0 | 0 | 1 | camera | Land_House_1W01 | 0.401137 | 0 | 0.916018 | 0.
SCRIPT       : DATA_LOG | 435810 | 0dnbV3OoKZVSKsRjRsSreDYKOmPaMHd_PD7pjTKbIH4= | 12942.2 | 4.78597 | 9542.86 | 0.401137 | 0.916018 | 0 | none | 0 | 151.458 | 240.875 | 0 | 1 | 1 | 0 | 0 | 0 | 0 | 1 | camera | Land_House_1W01 | 0.401137 | 0 | 0.916018 | 0
SCRIPT       : DATA_LOG | 436714 | 0dnbV3OoKZVSKsRjRsSreDYKOmPaMHd_PD7pjTKbIH4= | 12942.2 | 4.78597 | 9542.86 | 0.401137 | 0.916018 | 0 | none | 0 | 151.458 | 240.877 | 0 | 1 | 1 | 0 | 0 | 0 | 0 | 1 | camera | Land_House_1W01 | 0.401137 | 0 | 0.916018 | 0
SCRIPT       : DATA_LOG | 437831 | 0dnbV3OoKZVSKsRjRsSreDYKOmPaMHd_PD7pjTKbIH4= | 12942.2 | 4.78597 | 9542.86 | 0.401137 | 0.916018 | 0 | none | 0 | 151.458 | 240.882 | 0 | 1 | 1 | 0 | 0 | 0 | 0 | 1 | camera | Land_House_1W01 | 0.401137 | 0 | 0.916018 | 0
SCRIPT       : DATA_LOG | 438832 | 0dnbV3OoKZVSKsRjRsSreDYKOmPaMHd_PD7pjTKbIH4= | 12943.1 | 4.78527 | 9543.26 | 0.465981 | 0.884795 | 0 | none | 0 | 147.556 | 241.199 | 0 | 1 | 1 | 0 | 0 | 0 | 0 | 1 | camera | Land_House_1W01 | 0.465981 | 0 | 0.884795 | 0
SCRIPT       : DATA_LOG | 439830 | 0dnbV3OoKZVSKsRjRsSreDYKOmPaMHd_PD7pjTKbIH4= | 12943.4 | 4.78512 | 9545.13 | 0.756529 | 0.65396 | 0 | none | 0 | 126.279 | 243.05 | 0 | 1 | 1 | 0 | 0 | 0 | 0 | 1 | camera | Land_House_1W01 | 0.756529 | 0 | 0.65396 | 0.75
SCRIPT       : DATA_LOG | 440833 | 0dnbV3OoKZVSKsRjRsSreDYKOmPaMHd_PD7pjTKbIH4= | 12943.5 | 4.78496 | 9544.82 | 0.88689 | -0.46198 | 0 | none | 0 | 57.9262 | 242.728 | 0 | 1 | 1 | 0 | 0 | 0 | 0 | 1 | camera | Land_House_1W01 | 0.88689 | 0 | -0.46198 | 0.8
SCRIPT       : DATA_LOG | 442176 | 0dnbV3OoKZVSKsRjRsSreDYKOmPaMHd_PD7pjTKbIH4= | 12943.2 | 4.78519 | 9544.43 | 0.861992 | -0.506921 | 0 | none | 0 | 54.9198 | 242.363 | 0 | 1 | 1 | 0 | 0 | 0 | 0 | 1 | camera | Land_House_1W01 | 0.861992 | 0 | -0.506921 |
SCRIPT       : DATA_LOG | 443210 | 0dnbV3OoKZVSKsRjRsSreDYKOmPaMHd_PD7pjTKbIH4= | 12943.4 | 4.78505 | 9544.25 | 0.898473 | -0.439028 | 0 | none | 0 | 59.3809 | 242.159 | 0 | 1 | 1 | 0 | 0 | 0 | 0 | 1 | camera | Land_House_1W01 | 0.898473 | 0 | -0.439028 |
SCRIPT       : DATA_LOG | 444215 | 0dnbV3OoKZVSKsRjRsSreDYKOmPaMHd_PD7pjTKbIH4= | 12943.4 | 4.78505 | 9544.25 | 0.898473 | -0.439028 | 0 | none | 0 | 59.3809 | 242.162 | 0 | 1 | 1 | 0 | 0 | 0 | 0 | 1 | camera | Land_House_1W01 | 0.898473 | 0 | -0.439028 |
SCRIPT       : DATA_LOG | 445214 | 0dnbV3OoKZVSKsRjRsSreDYKOmPaMHd_PD7pjTKbIH4= | 12943.4 | 4.78505 | 9544.25 | 0.898473 | -0.439028 | 0 | none | 0 | 59.3812 | 242.163 | 0 | 1 | 1 | 0 | 0 | 0 | 0 | 1 | camera | Land_House_1W01 | 0.898473 | 0 | -0.439028 |
SCRIPT       : DATA_LOG | 446217 | 0dnbV3OoKZVSKsRjRsSreDYKOmPaMHd_PD7pjTKbIH4= | 12943.4 | 4.78508 | 9544.26 | 0.898473 | -0.439028 | 0 | none | 0 | 59.3693 | 242.173 | 0 | 1 | 1 | 0 | 0 | 0 | 0 | 1 | camera | Land_House_1W01 | 0.898473 | 0 | -0.439028 |
SCRIPT       : DATA_LOG | 447214 | 0dnbV3OoKZVSKsRjRsSreDYKOmPaMHd_PD7pjTKbIH4= | 12943.4 | 4.78508 | 9544.26 | 0.898473 | -0.439028 | 0 | none | 0 | 59.3708 | 242.189 | 0 | 1 | 1 | 0 | 0 | 0 | 0 | 1 | camera | Land_House_1W01 | 0.898473 | 0 | -0.439028 |
SCRIPT       : DATA_LOG | 448218 | 0dnbV3OoKZVSKsRjRsSreDYKOmPaMHd_PD7pjTKbIH4= | 12943.4 | 4.78508 | 9544.26 | 0.898473 | -0.439028 | 0 | none | 0 | 59.3691 | 242.172 | 0 | 1 | 1 | 0 | 0 | 0 | 0 | 1 | camera | Land_House_1W01 | 0.898473 | 0 | -0.439028 |
SCRIPT       : DATA_LOG | 449249 | 0dnbV3OoKZVSKsRjRsSreDYKOmPaMHd_PD7pjTKbIH4= | 12943.4 | 4.78508 | 9544.26 | 0.898473 | -0.439028 | 0 | none | 0 | 59.3699 | 242.18 | 0 | 1 | 1 | 0 | 0 | 0 | 0 | 1 | camera | Land_House_1W01 | 0.898473 | 0 | -0.439028 | 
SCRIPT       : DATA_LOG | 450255 | 0dnbV3OoKZVSKsRjRsSreDYKOmPaMHd_PD7pjTKbIH4= | 12943.4 | 4.78508 | 9544.26 | 0.898473 | -0.439028 | 0 | none | 0 | 59.3684 | 242.175 | 0 | 1 | 1 | 0 | 0 | 0 | 0 | 1 | camera | Land_House_1W01 | 0.898473 | 0 | -0.439028 |
SCRIPT       : DATA_LOG | 451254 | 0dnbV3OoKZVSKsRjRsSreDYKOmPaMHd_PD7pjTKbIH4= | 12943.4 | 4.78508 | 9544.26 | 0.898473 | -0.439028 | 0 | none | 0 | 59.3682 | 242.177 | 0 | 1 | 1 | 0 | 0 | 0 | 0 | 1 | camera | Land_House_1W01 | 0.898473 | 0 | -0.439028 |
SCRIPT       : DATA_LOG | 452347 | 0dnbV3OoKZVSKsRjRsSreDYKOmPaMHd_PD7pjTKbIH4= | 12943.4 | 4.78508 | 9544.26 | 0.898473 | -0.439028 | 0 | none | 0 | 59.3688 | 242.182 | 0 | 1 | 1 | 0 | 0 | 0 | 0 | 1 | camera | Land_House_1W01 | 0.898473 | 0 | -0.439028 |
SCRIPT       : DATA_LOG | 453347 | 0dnbV3OoKZVSKsRjRsSreDYKOmPaMHd_PD7pjTKbIH4= | 12943.4 | 4.78508 | 9544.26 | 0.898473 | -0.439028 | 0 | none | 0 | 59.3693 | 242.173 | 0 | 1 | 1 | 0 | 0 | 0 | 0 | 1 | camera | Land_House_1W01 | 0.898473 | 0 | -0.439028 |
SCRIPT       : DATA_LOG | 454349 | 0dnbV3OoKZVSKsRjRsSreDYKOmPaMHd_PD7pjTKbIH4= | 12943.4 | 4.78508 | 9544.26 | 0.898473 | -0.439028 | 0 | none | 0 | 59.3708 | 242.19 | 0 | 1 | 1 | 0 | 0 | 0 | 0 | 1 | camera | Land_House_1W01 | 0.898473 | 0 | -0.439028 | 
SCRIPT       : DATA_LOG | 455349 | 0dnbV3OoKZVSKsRjRsSreDYKOmPaMHd_PD7pjTKbIH4= | 12943.4 | 4.78508 | 9544.26 | 0.898473 | -0.439028 | 0 | none | 0 | 59.3691 | 242.173 | 0 | 1 | 1 | 0 | 0 | 0 | 0 | 1 | camera | Land_House_1W01 | 0.898473 | 0 | -0.439028 |
SCRIPT       : DATA_LOG | 456357 | 0dnbV3OoKZVSKsRjRsSreDYKOmPaMHd_PD7pjTKbIH4= | 12943.4 | 4.78508 | 9544.26 | 0.898473 | -0.439028 | 0 | none | 0 | 59.3699 | 242.18 | 0 | 1 | 1 | 0 | 0 | 0 | 0 | 1 | camera | Land_House_1W01 | 0.898473 | 0 | -0.439028 | 
SCRIPT       : DATA_LOG | 457362 | 0dnbV3OoKZVSKsRjRsSreDYKOmPaMHd_PD7pjTKbIH4= | 12943.4 | 4.78508 | 9544.26 | 0.747344 | -0.664437 | 0 | none | 0 | 43.7714 | 242.175 | 0 | 1 | 1 | 0 | 0 | 0 | 0 | 1 | camera | Land_House_1W01 | 0.747344 | 0 | -0.664437 |
SCRIPT       : DATA_LOG | 458350 | 0dnbV3OoKZVSKsRjRsSreDYKOmPaMHd_PD7pjTKbIH4= | 12940.8 | 4.78707 | 9543.58 | -0.772718 | 0.634749 | 0 | none | 0 | 134.608 | 241.724 | 0 | 1 | 1 | 0 | 0 | 0 | 0 | 1 | camera | Land_House_1W01 | -0.772718 | 0 | 0.634749 |
SCRIPT       : DATA_LOG | 459357 | 0dnbV3OoKZVSKsRjRsSreDYKOmPaMHd_PD7pjTKbIH4= | 12939.1 | 4.78845 | 9543.6 | -0.899988 | 0.435914 | 0 | none | 0 | 121.463 | 241.912 | 0 | 1 | 1 | 0 | 0 | 0 | 0 | 1 | camera | Land_House_1W01 | -0.899988 | -0 | 0.435914 |
SCRIPT       : DATA_LOG | 460361 | 0dnbV3OoKZVSKsRjRsSreDYKOmPaMHd_PD7pjTKbIH4= | 12937.2 | 4.7899 | 9544.17 | -0.96659 | -0.256328 | 0 | none | 0 | 81.2002 | 242.659 | 0 | 1 | 1 | 0 | 0 | 0 | 0 | 1 | camera | Land_House_1W01 | -0.96659 | 0 | -0.256328 | 
SCRIPT       : DATA_LOG | 461360 | 0dnbV3OoKZVSKsRjRsSreDYKOmPaMHd_PD7pjTKbIH4= | 12937.1 | 4.79 | 9542.94 | -0.51394 | -0.857826 | 0 | none | 0 | 37.0322 | 241.462 | 0 | 1 | 1 | 0 | 0 | 0 | 0 | 1 | camera | Land_House_1W01 | -0.51394 | 0 | -0.857826 | -0
SCRIPT       : DATA_LOG | 462523 | 0dnbV3OoKZVSKsRjRsSreDYKOmPaMHd_PD7pjTKbIH4= | 12936.4 | 4.96006 | 9545.48 | -0.178139 | 0.984005 | 0 | none | 0 | 175.917 | 244.048 | 0 | 1 | 1 | 0 | 0 | 0 | 0 | 1 | camera | Land_House_1W01 | -0.178139 | -0 | 0.984005 
SCRIPT       : DATA_LOG | 463528 | 0dnbV3OoKZVSKsRjRsSreDYKOmPaMHd_PD7pjTKbIH4= | 12936.2 | 5.08095 | 9545.38 | 0.678636 | -0.734475 | 0 | none | 0 | 36.4841 | 243.979 | 0 | 1 | 1 | 0 | 0 | 0 | 0 | 1 | camera | Land_House_1W01 | 0.678636 | 0 | -0.734475 |
SCRIPT       : DATA_LOG | 464530 | 0dnbV3OoKZVSKsRjRsSreDYKOmPaMHd_PD7pjTKbIH4= | 12938.7 | 4.78874 | 9544.15 | 0.988813 | -0.149161 | 0 | none | 0 | 75.7272 | 242.485 | 0 | 1 | 1 | 0 | 0 | 0 | 0 | 1 | camera | Land_House_1W01 | 0.988813 | 0 | -0.149161 |
SCRIPT       : DATA_LOG | 465609 | 0dnbV3OoKZVSKsRjRsSreDYKOmPaMHd_PD7pjTKbIH4= | 12938.7 | 4.8794 | 9540.43 | -0.370182 | -0.928959 | 0 | none | 0 | 27.5059 | 238.777 | 0 | 1 | 1 | 0 | 0 | 0 | 0 | 1 | camera |  | -0.370182 | 0 | -0.928959 | -0.370182 | 0
SCRIPT       : DATA_LOG | 466890 | 0dnbV3OoKZVSKsRjRsSreDYKOmPaMHd_PD7pjTKbIH4= | 12936.7 | 4.47035 | 9537.27 | -0.962767 | 0.270333 | 0 | none | 0 | 112.036 | 235.864 | 0 | 1 | 1 | 0 | 0 | 0 | 0 | 1 | camera |  | -0.962767 | 0 | 0.270333 | -0.962767 | 0 
SCRIPT       : DATA_LOG | 467888 | 0dnbV3OoKZVSKsRjRsSreDYKOmPaMHd_PD7pjTKbIH4= | 12931.4 | 4.51106 | 9539.31 | -0.0896206 | 0.995976 | 0 | none | 0 | 177.576 | 238.516 | 0 | 1 | 1 | 0 | 0 | 0 | 0 | 1 | camera |  | -0.0896206 | 0 | 0.995976 | -0.0896206 |
SCRIPT       : DATA_LOG | 469611 | 0dnbV3OoKZVSKsRjRsSreDYKOmPaMHd_PD7pjTKbIH4= | 12922.7 | 6.12767 | 9542.52 | -0.99992 | -0.0126114 | 0 | none | 0 | 98.7663 | 243.008 | 0 | 1 | 1 | 0 | 0 | 0 | 0 | 1 | camera |  | -0.99992 | 0 | -0.0126114 | -0.99992 | 0
SCRIPT       : DATA_LOG | 471284 | 0dnbV3OoKZVSKsRjRsSreDYKOmPaMHd_PD7pjTKbIH4= | 12921.1 | 6.15688 | 9543.39 | 0.0856597 | -0.996324 | 0 | none | 0 | 4.9546 | 244.123 | 0 | 1 | 1 | 1 | 0 | 0 | 0 | 1 | camera |  | 0.0856597 | 0 | -0.996324 | 0.0856597 | 0
SCRIPT       : DATA_LOG | 472186 | 0dnbV3OoKZVSKsRjRsSreDYKOmPaMHd_PD7pjTKbIH4= | 12917.9 | 6.13942 | 9546.66 | -0.137252 | 0.990536 | 0 | none | 0 | 177.411 | 247.895 | 0 | 1 | 1 | 0 | 0 | 0 | 0 | 1 | camera |  | -0.137252 | 0 | 0.990536 | -0.137252 | 0 
SCRIPT       : DATA_LOG | 473189 | 0dnbV3OoKZVSKsRjRsSreDYKOmPaMHd_PD7pjTKbIH4= | 12917.2 | 6.11024 | 9553.67 | -0.172961 | 0.984929 | 0 | none | 0 | 179.365 | 254.919 | 0 | 1 | 1 | 0 | 0 | 0 | 0 | 1 | camera |  | -0.172961 | 0 | 0.984929 | -0.172961 | 0 
SCRIPT       : DATA_LOG | 474188 | 0dnbV3OoKZVSKsRjRsSreDYKOmPaMHd_PD7pjTKbIH4= | 12915.3 | 6.0853 | 9559.9 | -0.315913 | 0.948788 | 0 | none | 0 | 172.037 | 261.405 | 0 | 1 | 1 | 0 | 0 | 0 | 0 | 1 | camera |  | -0.315913 | 0 | 0.948788 | -0.315913 | 0 | 
SCRIPT       : DATA_LOG | 475373 | 0dnbV3OoKZVSKsRjRsSreDYKOmPaMHd_PD7pjTKbIH4= | 12913.5 | 6.07499 | 9567.56 | -0.134343 | 0.990935 | 0 | none | 0 | 177.135 | 269.26 | 0 | 1 | 1 | 0 | 0 | 0 | 0 | 1 | camera |  | -0.134343 | 0 | 0.990935 | -0.134343 | 0 |
SCRIPT       : DATA_LOG | 476374 | 0dnbV3OoKZVSKsRjRsSreDYKOmPaMHd_PD7pjTKbIH4= | 12914.7 | 6.07489 | 9572.22 | -0.763817 | 0.645433 | 0 | none | 0 | 140.309 | 273.626 | 0 | 1 | 1 | 0 | 0 | 0 | 0 | 1 | camera |  | -0.763817 | 0 | 0.645433 | -0.763817 | 0 
SCRIPT       : DATA_LOG | 477378 | 0dnbV3OoKZVSKsRjRsSreDYKOmPaMHd_PD7pjTKbIH4= | 12913.1 | 6.07498 | 9575.48 | -0.965895 | 0.258933 | 0 | none | 0 | 115.319 | 277.112 | 0 | 1 | 1 | 0 | 0 | 0 | 0 | 1 | camera |  | -0.965895 | -0 | 0.258933 | -0.965895 | 0
SCRIPT       : DATA_LOG | 478849 | 0dnbV3OoKZVSKsRjRsSreDYKOmPaMHd_PD7pjTKbIH4= | 12911.9 | 6.07499 | 9576.31 | -0.986882 | 0.161443 | 0 | none | 0 | 109.836 | 278.154 | 0 | 1 | 1 | 0 | 0 | 0 | 0 | 1 | camera | Land_Wall_Gate_FenG_Big | -0.986882 | 0 | 0.
SCRIPT       : DATA_LOG | 479950 | 0dnbV3OoKZVSKsRjRsSreDYKOmPaMHd_PD7pjTKbIH4= | 12903.1 | 6.07499 | 9576.07 | -0.953761 | -0.300566 | 0 | none | 0 | 84.8194 | 279.648 | 0 | 1 | 1 | 0 | 0 | 0 | 0 | 1 | camera |  | -0.953761 | 0 | -0.300566 | -0.953761 | 
SCRIPT       : DATA_LOG | 480841 | 0dnbV3OoKZVSKsRjRsSreDYKOmPaMHd_PD7pjTKbIH4= | 12896.6 | 6.05671 | 9575.59 | -0.955695 | 0.294359 | 0 | none | 0 | 120.76 | 280.649 | 0 | 1 | 1 | 0 | 0 | 0 | 0 | 1 | camera |  | -0.955695 | 0 | 0.294359 | -0.955695 | 0 |
SCRIPT       : DATA_LOG | 481846 | 0dnbV3OoKZVSKsRjRsSreDYKOmPaMHd_PD7pjTKbIH4= | 12890.4 | 6.03497 | 9573.97 | -0.305177 | 0.952296 | 0 | none | 0 | 177.134 | 280.614 | 0 | 1 | 1 | 0 | 0 | 0 | 0 | 1 | camera |  | -0.305177 | 0 | 0.952296 | -0.305177 | 0 
SCRIPT       : DATA_LOG | 482845 | 0dnbV3OoKZVSKsRjRsSreDYKOmPaMHd_PD7pjTKbIH4= | 12889.6 | 6.82866 | 9578.38 | 0.191299 | 0.981532 | 0 | none | 0 | 154.102 | 285.064 | 0 | 1 | 1 | 0 | 0 | 0 | 0 | 1 | camera |  | 0.191299 | 0 | 0.981532 | 0.191299 | 0 | 0
SCRIPT       : DATA_LOG | 483846 | 0dnbV3OoKZVSKsRjRsSreDYKOmPaMHd_PD7pjTKbIH4= | 12889.8 | 6.83801 | 9579.44 | 0.17467 | 0.984627 | 0 | none | 0 | 155.164 | 286.053 | 0 | 1 | 1 | 0 | 0 | 0 | 0 | 1 | camera | Land_House_2W02 | 0.17467 | 0 | 0.984627 | 0.1
SCRIPT       : DATA_LOG | 484848 | 0dnbV3OoKZVSKsRjRsSreDYKOmPaMHd_PD7pjTKbIH4= | 12890.7 | 6.83796 | 9581.18 | 0.925883 | 0.377809 | 0 | none | 0 | 97.6839 | 287.524 | 0 | 1 | 1 | 0 | 0 | 0 | 0 | 1 | camera | Land_House_2W02 | 0.925883 | 0 | 0.377809 | 0
SCRIPT       : DATA_LOG | 485849 | 0dnbV3OoKZVSKsRjRsSreDYKOmPaMHd_PD7pjTKbIH4= | 12890.1 | 6.83799 | 9581.73 | 0.476223 | 0.879325 | 0 | none | 0 | 136.961 | 288.184 | 0 | 1 | 1 | 0 | 0 | 0 | 0 | 1 | camera | Land_House_2W02 | 0.476223 | 0 | 0.879325 | 0
SCRIPT       : DATA_LOG | 486849 | 0dnbV3OoKZVSKsRjRsSreDYKOmPaMHd_PD7pjTKbIH4= | 12890.3 | 6.83798 | 9582.54 | 0.435917 | 0.899987 | 0 | none | 0 | 139.628 | 288.936 | 0 | 1 | 1 | 0 | 0 | 0 | 0 | 1 | camera | Land_House_2W02 | 0.435917 | 0 | 0.899987 | 0
SCRIPT       : DATA_LOG | 487869 | 0dnbV3OoKZVSKsRjRsSreDYKOmPaMHd_PD7pjTKbIH4= | 12891.3 | 6.838 | 9583.36 | 0.887911 | 0.460016 | 0 | none | 0 | 103.096 | 289.473 | 0 | 1 | 1 | 0 | 0 | 0 | 0 | 1 | camera | Land_House_2W02 | 0.887911 | 0 | 0.460016 | 0.8
SCRIPT       : DATA_LOG | 488873 | 0dnbV3OoKZVSKsRjRsSreDYKOmPaMHd_PD7pjTKbIH4= | 12891.2 | 6.83792 | 9582.96 | -0.645657 | -0.763627 | 0 | none | 0 | 54.5427 | 289.1 | 0 | 1 | 1 | 0 | 0 | 0 | 0 | 1 | camera | Land_House_2W02 | -0.645657 | 0 | -0.763627 |
SCRIPT       : DATA_LOG | 489876 | 0dnbV3OoKZVSKsRjRsSreDYKOmPaMHd_PD7pjTKbIH4= | 12889.8 | 6.83801 | 9582.34 | -0.194132 | 0.980975 | 0 | none | 0 | 176.506 | 288.86 | 0 | 1 | 1 | 0 | 0 | 0 | 0 | 1 | camera | Land_House_2W02 | -0.194132 | 0 | 0.980975 | 
SCRIPT       : DATA_LOG | 490869 | 0dnbV3OoKZVSKsRjRsSreDYKOmPaMHd_PD7pjTKbIH4= | 12888 | 7.18703 | 9583.03 | 0.0213507 | 0.999772 | 0 | none | 0 | 163.821 | 289.993 | 0 | 1 | 1 | 0 | 0 | 0 | 0 | 1 | camera | Land_House_2W02 | 0.0213507 | 0 | 0.999772 | 0
SCRIPT       : DATA_LOG | 491872 | 0dnbV3OoKZVSKsRjRsSreDYKOmPaMHd_PD7pjTKbIH4= | 12888.2 | 9.59194 | 9586.25 | 0.608511 | 0.793546 | 0 | none | 0 | 127.777 | 293.098 | 0 | 1 | 1 | 0 | 0 | 0 | 0 | 1 | camera | Land_House_2W02 | 0.608511 | 0 | 0.793546 | 0
SCRIPT       : DATA_LOG | 492885 | 0dnbV3OoKZVSKsRjRsSreDYKOmPaMHd_PD7pjTKbIH4= | 12889 | 9.59194 | 9588.66 | 0.949435 | -0.313964 | 0 | none | 0 | 57.2396 | 295.212 | 0 | 1 | 1 | 0 | 0 | 0 | 0 | 1 | camera | Land_House_2W02 | 0.949435 | 0 | -0.313964 | 0
SCRIPT       : DATA_LOG | 493891 | 0dnbV3OoKZVSKsRjRsSreDYKOmPaMHd_PD7pjTKbIH4= | 12890.1 | 9.59193 | 9588.17 | 0.56773 | -0.823215 | 0 | none | 0 | 20.3295 | 294.486 | 0 | 1 | 1 | 0 | 0 | 0 | 0 | 1 | camera | Land_House_2W02 | 0.56773 | 0 | -0.823215 | 0
SCRIPT       : DATA_LOG | 494895 | 0dnbV3OoKZVSKsRjRsSreDYKOmPaMHd_PD7pjTKbIH4= | 12890.5 | 9.59192 | 9586.4 | 0.536728 | -0.843755 | 0 | none | 0 | 18.1908 | 292.673 | 0 | 1 | 1 | 0 | 0 | 0 | 0 | 1 | camera | Land_House_2W02 | 0.536728 | 0 | -0.843755 | 
SCRIPT       : DATA_LOG | 495892 | 0dnbV3OoKZVSKsRjRsSreDYKOmPaMHd_PD7pjTKbIH4= | 12892.1 | 9.59688 | 9585.45 | 0.909489 | 0.415728 | 0 | none | 0 | 100.53 | 291.337 | 0 | 1 | 1 | 0 | 0 | 0 | 0 | 1 | camera | Land_House_2W02 | 0.909489 | 0 | 0.415728 | 0.
SCRIPT       : DATA_LOG | 496887 | 0dnbV3OoKZVSKsRjRsSreDYKOmPaMHd_PD7pjTKbIH4= | 12892.5 | 9.59718 | 9585.62 | 0.892674 | 0.450703 | 0 | none | 0 | 102.825 | 291.427 | 0 | 1 | 1 | 0 | 0 | 0 | 0 | 1 | camera | Land_House_2W02 | 0.892674 | 0 | 0.450703 | 0
SCRIPT       : DATA_LOG | 497888 | 0dnbV3OoKZVSKsRjRsSreDYKOmPaMHd_PD7pjTKbIH4= | 12892.1 | 9.59662 | 9585.61 | 0.186915 | -0.982376 | 0 | none | 0 | 3.45768 | 291.502 | 0 | 1 | 1 | 1 | 0 | 0 | 0 | 1 | camera | Land_House_2W02 | 0.186915 | 0 | -0.982376 |
SCRIPT       : DATA_LOG | 498895 | 0dnbV3OoKZVSKsRjRsSreDYKOmPaMHd_PD7pjTKbIH4= | 12893 | 9.59793 | 9584.43 | 0.388501 | 0.921448 | 0 | none | 0 | 143.203 | 290.16 | 0 | 1 | 1 | 0 | 0 | 0 | 0 | 1 | camera | Land_House_2W02 | 0.388501 | 0 | 0.921448 | 0.38
SCRIPT       : DATA_LOG | 499892 | 0dnbV3OoKZVSKsRjRsSreDYKOmPaMHd_PD7pjTKbIH4= | 12890.8 | 9.59191 | 9586.79 | 0.0521069 | 0.998641 | 0 | none | 0 | 162.745 | 292.975 | 0 | 1 | 1 | 0 | 0 | 0 | 0 | 1 | camera | Land_House_2W02 | 0.0521069 | 0 | 0.998641 |
SCRIPT       : DATA_LOG | 500892 | 0dnbV3OoKZVSKsRjRsSreDYKOmPaMHd_PD7pjTKbIH4= | 12890.3 | 9.59194 | 9588.42 | 0.999459 | -0.0328781 | 0 | none | 0 | 73.8744 | 294.685 | 0 | 1 | 1 | 0 | 0 | 0 | 0 | 1 | camera | Land_House_2W02 | 0.999459 | 0 | -0.0328781
SCRIPT       : DATA_LOG | 501898 | 0dnbV3OoKZVSKsRjRsSreDYKOmPaMHd_PD7pjTKbIH4= | 12892.7 | 9.59193 | 9587.87 | 0.926337 | 0.376696 | 0 | none | 0 | 98.3177 | 293.545 | 0 | 1 | 1 | 0 | 0 | 0 | 0 | 1 | camera | Land_House_2W02 | 0.926337 | 0 | 0.376696 | 0
SCRIPT       : DATA_LOG | 503515 | 0dnbV3OoKZVSKsRjRsSreDYKOmPaMHd_PD7pjTKbIH4= | 12893.3 | 9.59194 | 9588.77 | -0.414472 | -0.910062 | 0 | none | 0 | 38.1518 | 294.283 | 0 | 1 | 1 | 0 | 0 | 0 | 0 | 1 | camera | Land_House_2W02 | -0.414472 | 0 | -0.910062
SCRIPT       : DATA_LOG | 504515 | 0dnbV3OoKZVSKsRjRsSreDYKOmPaMHd_PD7pjTKbIH4= | 12890.4 | 9.59194 | 9588.66 | -0.709682 | -0.704522 | 0 | none | 0 | 59.4299 | 294.895 | 0 | 1 | 1 | 0 | 0 | 0 | 0 | 1 | camera | Land_House_2W02 | -0.709682 | 0 | -0.704522
SCRIPT       : DATA_LOG | 505513 | 0dnbV3OoKZVSKsRjRsSreDYKOmPaMHd_PD7pjTKbIH4= | 12888.5 | 9.59194 | 9586.31 | -0.0663973 | -0.997793 | 0 | none | 0 | 18.5197 | 293.064 | 0 | 1 | 1 | 0 | 0 | 0 | 0 | 1 | camera | Land_House_2W02 | -0.0663973 | 0 | -0.9977
SCRIPT       : DATA_LOG | 506514 | 0dnbV3OoKZVSKsRjRsSreDYKOmPaMHd_PD7pjTKbIH4= | 12888 | 7.18485 | 9583.03 | 0.569119 | -0.822255 | 0 | none | 0 | 19.7549 | 290.015 | 0 | 1 | 1 | 0 | 0 | 0 | 0 | 1 | camera | Land_House_2W02 | 0.569119 | 0 | -0.822255 | 0
SCRIPT       : DATA_LOG | 507518 | 0dnbV3OoKZVSKsRjRsSreDYKOmPaMHd_PD7pjTKbIH4= | 12889.9 | 6.83798 | 9581.3 | 0.259857 | -0.965647 | 0 | none | 0 | 0.739664 | 287.835 | 0 | 1 | 1 | 1 | 0 | 0 | 0 | 1 | camera | Land_House_2W02 | 0.259857 | 0 | -0.965647 |
SCRIPT       : DATA_LOG | 508630 | 0dnbV3OoKZVSKsRjRsSreDYKOmPaMHd_PD7pjTKbIH4= | 12890.3 | 6.83801 | 9578.86 | -0.613157 | -0.789961 | 0 | none | 0 | 52.5324 | 285.372 | 0 | 1 | 1 | 0 | 0 | 0 | 0 | 1 | camera | Land_House_2W02 | -0.613157 | 0 | -0.789961
SCRIPT       : DATA_LOG | 509630 | 0dnbV3OoKZVSKsRjRsSreDYKOmPaMHd_PD7pjTKbIH4= | 12888.9 | 6.03497 | 9575.23 | -0.877399 | -0.479761 | 0 | none | 0 | 76.4938 | 282.207 | 0 | 1 | 1 | 0 | 0 | 0 | 0 | 1 | camera |  | -0.877399 | 0 | -0.479761 | -0.877399 | 
SCRIPT       : DATA_LOG | 510630 | 0dnbV3OoKZVSKsRjRsSreDYKOmPaMHd_PD7pjTKbIH4= | 12886.4 | 6.03499 | 9572.21 | -0.583859 | 0.811855 | 0 | none | 0 | 160.103 | 279.972 | 0 | 1 | 1 | 0 | 0 | 0 | 0 | 1 | camera |  | -0.583859 | 0 | 0.811855 | -0.583859 | 0 
SCRIPT       : DATA_LOG | 511664 | 0dnbV3OoKZVSKsRjRsSreDYKOmPaMHd_PD7pjTKbIH4= | 12883.7 | 6.02963 | 9569.4 | -0.534586 | -0.845114 | 0 | none | 0 | 48.8458 | 278.043 | 0 | 1 | 1 | 0 | 0 | 0 | 0 | 1 | camera |  | -0.534586 | 0 | -0.845114 | -0.534586 | 0
SCRIPT       : DATA_LOG | 512632 | 0dnbV3OoKZVSKsRjRsSreDYKOmPaMHd_PD7pjTKbIH4= | 12881.2 | 6.01979 | 9566.16 | -0.770381 | -0.637584 | 0 | none | 0 | 67.5975 | 275.635 | 0 | 1 | 1 | 0 | 0 | 0 | 0 | 1 | camera |  | -0.770381 | 0 | -0.637584 | -0.770381 | 
SCRIPT       : DATA_LOG | 513657 | 0dnbV3OoKZVSKsRjRsSreDYKOmPaMHd_PD7pjTKbIH4= | 12877.9 | 6.0067 | 9564.43 | -0.850593 | -0.525824 | 0 | none | 0 | 76.2426 | 274.995 | 0 | 1 | 1 | 0 | 0 | 0 | 0 | 1 | camera |  | -0.850593 | 0 | -0.525824 | -0.850593 | 0
SCRIPT       : DATA_LOG | 514634 | 0dnbV3OoKZVSKsRjRsSreDYKOmPaMHd_PD7pjTKbIH4= | 12877.5 | 6.00493 | 9565.42 | -0.996643 | 0.0818729 | 0 | none | 0 | 112.687 | 276.072 | 0 | 1 | 1 | 0 | 0 | 0 | 0 | 1 | camera |  | -0.996643 | 0 | 0.0818729 | -0.996643 | 
SCRIPT       : DATA_LOG | 515667 | 0dnbV3OoKZVSKsRjRsSreDYKOmPaMHd_PD7pjTKbIH4= | 12873.5 | 6.02091 | 9566.22 | -0.989782 | 0.142586 | 0 | none | 0 | 116.917 | 278.082 | 0 | 1 | 1 | 0 | 0 | 0 | 0 | 1 | camera |  | -0.989782 | 0 | 0.142586 | -0.989782 | 0 
SCRIPT       : DATA_LOG | 516636 | 0dnbV3OoKZVSKsRjRsSreDYKOmPaMHd_PD7pjTKbIH4= | 12869.5 | 6.03494 | 9566.81 | -0.989781 | 0.142599 | 0 | none | 0 | 117.663 | 279.959 | 0 | 1 | 1 | 0 | 0 | 0 | 0 | 1 | camera |  | -0.989781 | 0 | 0.142599 | -0.989781 | 0 
SCRIPT       : DATA_LOG | 517664 | 0dnbV3OoKZVSKsRjRsSreDYKOmPaMHd_PD7pjTKbIH4= | 12868 | 6.03498 | 9567.02 | -0.698494 | -0.715616 | 0 | none | 0 | 64.0457 | 280.655 | 0 | 1 | 1 | 0 | 0 | 0 | 0 | 1 | camera |  | -0.698494 | 0 | -0.715616 | -0.698494 | 0 
SCRIPT       : DATA_LOG | 519043 | 0dnbV3OoKZVSKsRjRsSreDYKOmPaMHd_PD7pjTKbIH4= | 12866.1 | 6.03499 | 9568.85 | 0.871207 | -0.490916 | 0 | none | 0 | 40.6288 | 283.025 | 0 | 1 | 1 | 0 | 0 | 0 | 0 | 1 | camera |  | 0.871207 | 0 | -0.490916 | 0.871207 | 0 |
SCRIPT       : DATA_LOG | 520043 | 0dnbV3OoKZVSKsRjRsSreDYKOmPaMHd_PD7pjTKbIH4= | 12866.7 | 6.03494 | 9569.64 | -0.637676 | -0.770305 | 0 | none | 0 | 59.4244 | 283.551 | 0 | 1 | 1 | 0 | 0 | 0 | 0 | 1 | camera |  | -0.637676 | 0 | -0.770305 | -0.637676 | 
SCRIPT       : DATA_LOG | 521043 | 0dnbV3OoKZVSKsRjRsSreDYKOmPaMHd_PD7pjTKbIH4= | 12866.2 | 6.03499 | 9571.23 | 0.350186 | -0.93668 | 0 | none | 0 | 0.852716 | 285.225 | 0 | 1 | 1 | 1 | 0 | 0 | 0 | 1 | camera |  | 0.350186 | 0 | -0.93668 | 0.350186 | 0 | 
SCRIPT       : DATA_LOG | 522045 | 0dnbV3OoKZVSKsRjRsSreDYKOmPaMHd_PD7pjTKbIH4= | 12866.6 | 6.03499 | 9571.29 | -0.277319 | 0.960778 | 0 | none | 0 | 176.368 | 285.131 | 0 | 1 | 1 | 0 | 0 | 0 | 0 | 1 | camera |  | -0.277319 | 0 | 0.960778 | -0.277319 | 0 
SCRIPT       : DATA_LOG | 523051 | 0dnbV3OoKZVSKsRjRsSreDYKOmPaMHd_PD7pjTKbIH4= | 12866.5 | 6.03499 | 9571.4 | -0.857256 | 0.51489 | 0 | none | 0 | 140.711 | 285.282 | 0 | 1 | 1 | 0 | 0 | 0 | 0 | 1 | camera |  | -0.857256 | 0 | 0.51489 | -0.857256 | 0 | 0
SCRIPT       : DATA_LOG | 525725 | 0dnbV3OoKZVSKsRjRsSreDYKOmPaMHd_PD7pjTKbIH4= | 12866.7 | 6.035 | 9571 | -0.167569 | 0.98586 | 0 | none | 0 | 169.926 | 284.835 | 0 | 1 | 1 | 0 | 0 | 0 | 0 | 1 | camera |  | -0.167569 | 0 | 0.98586 | -0.167569 | 0 | 0.985
SCRIPT       : DATA_LOG | 526725 | 0dnbV3OoKZVSKsRjRsSreDYKOmPaMHd_PD7pjTKbIH4= | 12866.7 | 6.03499 | 9571.31 | 0.757042 | -0.653366 | 0 | none | 0 | 29.5248 | 285.111 | 0 | 1 | 1 | 0 | 0 | 0 | 0 | 1 | camera |  | 0.757042 | 0 | -0.653366 | 0.757042 | 0 |
SCRIPT       : DATA_LOG | 527810 | 0dnbV3OoKZVSKsRjRsSreDYKOmPaMHd_PD7pjTKbIH4= | 12866.9 | 6.0349 | 9570.72 | -0.407739 | -0.913099 | 0 | none | 0 | 43.7498 | 284.507 | 0 | 1 | 1 | 0 | 0 | 0 | 0 | 1 | camera |  | -0.407739 | 0 | -0.913099 | -0.407739 | 0
SCRIPT       : DATA_LOG | 528809 | 0dnbV3OoKZVSKsRjRsSreDYKOmPaMHd_PD7pjTKbIH4= | 12866.7 | 6.03499 | 9571.28 | 0.528777 | 0.848761 | 0 | none | 0 | 128.38 | 285.098 | 0 | 1 | 1 | 0 | 0 | 0 | 0 | 1 | camera |  | 0.528777 | 0 | 0.848761 | 0.528777 | 0 | 0.
SCRIPT       : DATA_LOG | 529813 | 0dnbV3OoKZVSKsRjRsSreDYKOmPaMHd_PD7pjTKbIH4= | 12866.3 | 6.03498 | 9571.77 | -0.461603 | 0.887087 | 0 | none | 0 | 172.225 | 285.706 | 0 | 1 | 1 | 0 | 0 | 0 | 0 | 1 | camera |  | -0.461603 | 0 | 0.887087 | -0.461603 | 0 
SCRIPT       : DATA_LOG | 530813 | 0dnbV3OoKZVSKsRjRsSreDYKOmPaMHd_PD7pjTKbIH4= | 12867.9 | 6.03497 | 9573.03 | -0.986887 | -0.161415 | 0 | none | 0 | 100.061 | 286.352 | 0 | 1 | 1 | 0 | 0 | 0 | 0 | 1 | camera |  | -0.986887 | 0 | -0.161415 | -0.986887 | 
SCRIPT       : DATA_LOG | 531813 | 0dnbV3OoKZVSKsRjRsSreDYKOmPaMHd_PD7pjTKbIH4= | 12868.5 | 6.03496 | 9576.24 | -0.780691 | 0.624917 | 0 | none | 0 | 147.692 | 289.18 | 0 | 1 | 1 | 0 | 0 | 0 | 0 | 1 | camera |  | -0.780691 | 0 | 0.624917 | -0.780691 | 0 |
SCRIPT       : DATA_LOG | 532815 | 0dnbV3OoKZVSKsRjRsSreDYKOmPaMHd_PD7pjTKbIH4= | 12870.1 | 6.03445 | 9581.39 | 0.510761 | 0.859723 | 0 | none | 0 | 130.886 | 293.537 | 0 | 1 | 1 | 0 | 0 | 0 | 0 | 1 | camera |  | 0.510761 | 0 | 0.859723 | 0.510761 | 0 | 0
SCRIPT       : DATA_LOG | 533815 | 0dnbV3OoKZVSKsRjRsSreDYKOmPaMHd_PD7pjTKbIH4= | 12872.9 | 6.02353 | 9587.77 | 0.315384 | 0.948964 | 0 | none | 0 | 144.1 | 298.767 | 0 | 1 | 1 | 0 | 0 | 0 | 0 | 1 | camera |  | 0.315384 | 0 | 0.948964 | 0.315384 | 0 | 0.9
SCRIPT       : DATA_LOG | 534849 | 0dnbV3OoKZVSKsRjRsSreDYKOmPaMHd_PD7pjTKbIH4= | 12874.9 | 6.01533 | 9593.97 | 0.327105 | 0.944988 | 0 | none | 0 | 144.113 | 304.091 | 0 | 1 | 1 | 0 | 0 | 0 | 0 | 1 | camera |  | 0.327105 | 0 | 0.944988 | 0.327105 | 0 | 0
SCRIPT       : DATA_LOG | 535960 | 0dnbV3OoKZVSKsRjRsSreDYKOmPaMHd_PD7pjTKbIH4= | 12877.4 | 6.00521 | 9600.49 | 0.353703 | 0.935358 | 0 | none | 0 | 143.283 | 309.625 | 0 | 1 | 1 | 0 | 0 | 0 | 0 | 1 | camera |  | 0.353703 | 0 | 0.935358 | 0.353703 | 0 | 0
SCRIPT       : DATA_LOG | 536842 | 0dnbV3OoKZVSKsRjRsSreDYKOmPaMHd_PD7pjTKbIH4= | 12879.7 | 6.00488 | 9606.85 | -0.235572 | 0.971857 | 0 | none | 0 | 178.291 | 315.148 | 0 | 1 | 1 | 0 | 0 | 0 | 0 | 1 | camera |  | -0.235572 | 0 | 0.971857 | -0.235572 | 0 
SCRIPT       : DATA_LOG | 537846 | 0dnbV3OoKZVSKsRjRsSreDYKOmPaMHd_PD7pjTKbIH4= | 12879.7 | 6.00494 | 9608.63 | -0.643816 | 0.76518 | 0 | none | 0 | 155.112 | 316.852 | 0 | 1 | 1 | 0 | 0 | 0 | 0 | 1 | camera |  | -0.643816 | 0 | 0.76518 | -0.643816 | 0 | 
SCRIPT       : DATA_LOG | 538844 | 0dnbV3OoKZVSKsRjRsSreDYKOmPaMHd_PD7pjTKbIH4= | 12879.7 | 6.00494 | 9608.63 | -0.643816 | 0.76518 | 0 | none | 0 | 155.112 | 316.853 | 0 | 1 | 1 | 0 | 0 | 0 | 0 | 1 | camera |  | -0.643816 | 0 | 0.76518 | -0.643816 | 0 | 
SCRIPT       : DATA_LOG | 539846 | 0dnbV3OoKZVSKsRjRsSreDYKOmPaMHd_PD7pjTKbIH4= | 12879.7 | 6.00494 | 9608.63 | -0.643816 | 0.76518 | 0 | none | 0 | 155.112 | 316.853 | 0 | 1 | 1 | 0 | 0 | 0 | 0 | 1 | camera |  | -0.643816 | 0 | 0.76518 | -0.643816 | 0 | 
SCRIPT       : DATA_LOG | 540848 | 0dnbV3OoKZVSKsRjRsSreDYKOmPaMHd_PD7pjTKbIH4= | 12879.7 | 6.00494 | 9608.63 | -0.643816 | 0.76518 | 0 | none | 0 | 155.113 | 316.85 | 0 | 1 | 1 | 0 | 0 | 0 | 0 | 1 | camera |  | -0.643816 | 0 | 0.76518 | -0.643816 | 0 | 0
SCRIPT       : DATA_LOG | 541944 | 0dnbV3OoKZVSKsRjRsSreDYKOmPaMHd_PD7pjTKbIH4= | 12879.7 | 6.00494 | 9608.63 | -0.643816 | 0.76518 | 0 | none | 0 | 155.112 | 316.859 | 0 | 1 | 1 | 0 | 0 | 0 | 0 | 1 | camera |  | -0.643816 | 0 | 0.76518 | -0.643816 | 0 | 
SCRIPT       : DATA_LOG | 542945 | 0dnbV3OoKZVSKsRjRsSreDYKOmPaMHd_PD7pjTKbIH4= | 12879.7 | 6.00494 | 9608.63 | -0.643816 | 0.76518 | 0 | none | 0 | 155.113 | 316.846 | 0 | 1 | 1 | 0 | 0 | 0 | 0 | 1 | camera |  | -0.643816 | 0 | 0.76518 | -0.643816 | 0 | 
SCRIPT       : DATA_LOG | 543946 | 0dnbV3OoKZVSKsRjRsSreDYKOmPaMHd_PD7pjTKbIH4= | 12879.7 | 6.00494 | 9608.63 | -0.643816 | 0.76518 | 0 | none | 0 | 155.11 | 316.861 | 0 | 1 | 1 | 0 | 0 | 0 | 0 | 1 | camera |  | -0.643816 | 0 | 0.76518 | -0.643816 | 0 | 0
SCRIPT       : DATA_LOG | 544947 | 0dnbV3OoKZVSKsRjRsSreDYKOmPaMHd_PD7pjTKbIH4= | 12879.7 | 6.00494 | 9608.63 | -0.643816 | 0.76518 | 0 | none | 0 | 155.111 | 316.855 | 0 | 1 | 1 | 0 | 0 | 0 | 0 | 1 | camera |  | -0.643816 | 0 | 0.76518 | -0.643816 | 0 | 
SCRIPT       : DATA_LOG | 545951 | 0dnbV3OoKZVSKsRjRsSreDYKOmPaMHd_PD7pjTKbIH4= | 12879.7 | 6.00494 | 9608.63 | -0.643816 | 0.76518 | 0 | none | 0 | 155.112 | 316.851 | 0 | 1 | 1 | 0 | 0 | 0 | 0 | 1 | camera |  | -0.643816 | 0 | 0.76518 | -0.643816 | 0 | 
SCRIPT       : DATA_LOG | 546951 | 0dnbV3OoKZVSKsRjRsSreDYKOmPaMHd_PD7pjTKbIH4= | 12879.7 | 6.00494 | 9608.63 | -0.643816 | 0.76518 | 0 | none | 0 | 155.112 | 316.854 | 0 | 1 | 1 | 0 | 0 | 0 | 0 | 1 | camera |  | -0.643816 | 0 | 0.76518 | -0.643816 | 0 | 
 SCRIPT       : [Logout]: New player 0dnbV3OoKZVSKsRjRsSreDYKOmPaMHd_PD7pjTKbIH4= with logout time 15
 SCRIPT       : Player "Survivor" (steamid=76561199031921922) initiated disconnect process...
SCRIPT       : DATA_LOG | 547955 | 0dnbV3OoKZVSKsRjRsSreDYKOmPaMHd_PD7pjTKbIH4= | 12879.7 | 6.00494 | 9608.63 | -0.643816 | 0.76518 | 0 | none | 0 | 155.113 | 316.85 | 0 | 1 | 1 | 0 | 0 | 0 | 0 | 1 | camera |  | -0.643816 | 0 | 0.76518 | -0.643816 | 0 | 0
SCRIPT       : [Logout]: Player 0dnbV3OoKZVSKsRjRsSreDYKOmPaMHd_PD7pjTKbIH4= finished
SCRIPT       : PlayerDisconnected -> PlayerListManager.RemoveEntry ► 0dnbV3OoKZVSKsRjRsSreDYKOmPaMHd_PD7pjTKbIH4=
 SCRIPT       : ---- PlayerBase OnStoreLoad SUCCESS ----
 SCRIPT       : [VPPAT] Player "rafaelglima79" (steamId=76561199445097358) connected to server!
 SCRIPT       : [PlayerListManager] AddReceiver ► added: PlayerIdentity<0x0000023480F7D360>
SCRIPT       : DATA_LOG | 647392 | aRapBi1cCZPZAGLIDny3dk3hQ8vTmNTLHRl8zxmKgQ0= | 13135.6 | 6.09837 | 10269 | -0.724156 | 0.689636 | 0 | Glock19 | 0 | 112.157 | 707.46 | 0 | 1 | 0 | 0 | 0 | 0 | 0 | 1 | camera |  | -0.724156 | 0 | 0.689636 | -0.724156 | 0 
SCRIPT       : DATA_LOG | 650468 | aRapBi1cCZPZAGLIDny3dk3hQ8vTmNTLHRl8zxmKgQ0= | 13135.6 | 6.09837 | 10269 | -0.724156 | 0.689636 | 0 | Glock19 | 0 | 112.157 | 707.46 | 0 | 1 | 0 | 0 | 0 | 0 | 0 | 1 | camera |  | -0.724156 | 0 | 0.689636 | -0.724156 | 0 
SCRIPT       : DATA_LOG | 651514 | aRapBi1cCZPZAGLIDny3dk3hQ8vTmNTLHRl8zxmKgQ0= | 13135.6 | 6.09837 | 10269 | -0.724156 | 0.689636 | 0 | Glock19 | 0 | 112.157 | 707.46 | 0 | 1 | 0 | 0 | 0 | 0 | 0 | 1 | camera |  | -0.724156 | 0 | 0.689636 | -0.724156 | 0 
SCRIPT       : DATA_LOG | 652510 | aRapBi1cCZPZAGLIDny3dk3hQ8vTmNTLHRl8zxmKgQ0= | 13135.6 | 6.09837 | 10269 | -0.724156 | 0.689636 | 0 | Glock19 | 0 | 112.157 | 707.46 | 0 | 1 | 0 | 0 | 0 | 0 | 0 | 1 | camera |  | -0.724156 | 0 | 0.689636 | -0.724156 | 0 
SCRIPT       : DATA_LOG | 653516 | aRapBi1cCZPZAGLIDny3dk3hQ8vTmNTLHRl8zxmKgQ0= | 13135.6 | 6.09837 | 10269 | -0.724156 | 0.689636 | 0 | Glock19 | 0 | 112.157 | 707.46 | 0 | 1 | 0 | 0 | 0 | 0 | 0 | 1 | camera |  | -0.724156 | 0 | 0.689636 | -0.724156 | 0 
SCRIPT       : DATA_LOG | 654512 | aRapBi1cCZPZAGLIDny3dk3hQ8vTmNTLHRl8zxmKgQ0= | 13135.6 | 6.09837 | 10269 | -0.724156 | 0.689636 | 0 | Glock19 | 0 | 112.157 | 707.46 | 0 | 1 | 0 | 0 | 0 | 0 | 0 | 1 | camera |  | -0.724156 | 0 | 0.689636 | -0.724156 | 0 
SCRIPT       : DATA_LOG | 655517 | aRapBi1cCZPZAGLIDny3dk3hQ8vTmNTLHRl8zxmKgQ0= | 13135.6 | 6.09837 | 10269 | -0.724156 | 0.689636 | 0 | Glock19 | 0 | 112.157 | 707.46 | 0 | 1 | 0 | 0 | 0 | 0 | 0 | 1 | camera |  | -0.724156 | 0 | 0.689636 | -0.724156 | 0 
SCRIPT       : DATA_LOG | 656857 | aRapBi1cCZPZAGLIDny3dk3hQ8vTmNTLHRl8zxmKgQ0= | 13135.6 | 6.09837 | 10269 | -0.724156 | 0.689636 | 0 | Glock19 | 0 | 112.157 | 707.46 | 0 | 1 | 0 | 0 | 0 | 0 | 0 | 1 | camera |  | -0.724156 | 0 | 0.689636 | -0.724156 | 0 
SCRIPT       : DATA_LOG | 657860 | aRapBi1cCZPZAGLIDny3dk3hQ8vTmNTLHRl8zxmKgQ0= | 13135.6 | 6.09837 | 10269 | -0.724156 | 0.689636 | 0 | Glock19 | 0 | 112.157 | 707.46 | 0 | 1 | 0 | 0 | 0 | 0 | 0 | 1 | camera |  | -0.724156 | 0 | 0.689636 | -0.724156 | 0 
SCRIPT       : DATA_LOG | 658855 | aRapBi1cCZPZAGLIDny3dk3hQ8vTmNTLHRl8zxmKgQ0= | 13135.6 | 6.09837 | 10269 | -0.724156 | 0.689636 | 0 | Glock19 | 0 | 112.157 | 707.46 | 0 | 1 | 0 | 0 | 0 | 0 | 0 | 1 | camera |  | -0.724156 | 0 | 0.689636 | -0.724156 | 0 
SCRIPT       : DATA_LOG | 659950 | aRapBi1cCZPZAGLIDny3dk3hQ8vTmNTLHRl8zxmKgQ0= | 13135.1 | 6.0952 | 10267.6 | 0.399594 | 0.916692 | 0 | Glock19 | 0 | 166.573 | 980.045 | 0 | 1 | 1 | 0 | 0 | 0 | 0 | 1 | camera |  | 0.399594 | 0 | 0.916692 | 0.399594 | 0 |
SCRIPT       : DATA_LOG | 661184 | aRapBi1cCZPZAGLIDny3dk3hQ8vTmNTLHRl8zxmKgQ0= | 13134.8 | 6.10204 | 10269.1 | -0.417944 | 0.908473 | 0 | Glock19 | 0 | 133.914 | 707.254 | 0 | 1 | 0 | 0 | 0 | 0 | 0 | 1 | camera |  | -0.417944 | 0 | 0.908473 | -0.417944 |
SCRIPT       : DATA_LOG | 662187 | aRapBi1cCZPZAGLIDny3dk3hQ8vTmNTLHRl8zxmKgQ0= | 13134 | 6.11228 | 10270.9 | -0.680362 | 0.732877 | 0 | Glock19 | 0 | 115.859 | 708.632 | 0 | 1 | 0 | 0 | 0 | 0 | 0 | 1 | camera | PileOfWoodenPlanks | -0.680362 | 0 | 0.7328
SCRIPT       : DATA_LOG | 663181 | aRapBi1cCZPZAGLIDny3dk3hQ8vTmNTLHRl8zxmKgQ0= | 13133.8 | 6.11611 | 10271.6 | -0.682513 | 0.730873 | 0 | Glock19 | 0 | 115.727 | 709.266 | 0 | 1 | 0 | 0 | 0 | 0 | 0 | 1 | camera | PileOfWoodenPlanks | -0.682513 | -0 | 0.7
SCRIPT       : DATA_LOG | 664185 | aRapBi1cCZPZAGLIDny3dk3hQ8vTmNTLHRl8zxmKgQ0= | 13133.8 | 6.11627 | 10271.7 | -0.682513 | 0.730873 | 0 | Glock19 | 0 | 115.729 | 709.287 | 0 | 1 | 0 | 0 | 0 | 0 | 0 | 1 | camera |  | -0.682513 | -0 | 0.730873 | -0.682513 
SCRIPT       : DATA_LOG | 665190 | aRapBi1cCZPZAGLIDny3dk3hQ8vTmNTLHRl8zxmKgQ0= | 13133.8 | 6.11627 | 10271.7 | -0.682513 | 0.730873 | 0 | Glock19 | 0 | 115.729 | 709.287 | 0 | 1 | 0 | 0 | 0 | 0 | 0 | 1 | camera |  | -0.682513 | -0 | 0.730873 | -0.682513 
SCRIPT       : DATA_LOG | 666186 | aRapBi1cCZPZAGLIDny3dk3hQ8vTmNTLHRl8zxmKgQ0= | 13133.8 | 6.11627 | 10271.7 | -0.94921 | 0.314642 | 0 | Glock19 | 0 | 87.1086 | 709.287 | 0 | 1 | 0 | 0 | 0 | 0 | 0 | 1 | camera |  | -0.94921 | 0 | 0.314642 | -0.94921 | 0 
SCRIPT       : DATA_LOG | 667189 | aRapBi1cCZPZAGLIDny3dk3hQ8vTmNTLHRl8zxmKgQ0= | 13133.8 | 6.11627 | 10271.7 | -0.644998 | -0.764184 | 0 | Glock19 | 0 | 18.935 | 709.287 | 0 | 1 | 0 | 0 | 0 | 0 | 0 | 1 | camera |  | -0.644998 | 0 | -0.764184 | -0.644998 
SCRIPT       : DATA_LOG | 668196 | aRapBi1cCZPZAGLIDny3dk3hQ8vTmNTLHRl8zxmKgQ0= | 13133.8 | 6.11627 | 10271.7 | -0.613311 | -0.789841 | 0 | Glock19 | 0 | 16.5988 | 709.287 | 0 | 1 | 0 | 0 | 0 | 0 | 0 | 1 | camera |  | -0.613311 | 0 | -0.789841 | -0.613311
SCRIPT       : DATA_LOG | 669195 | aRapBi1cCZPZAGLIDny3dk3hQ8vTmNTLHRl8zxmKgQ0= | 13133.8 | 6.11627 | 10271.7 | -0.613311 | -0.789841 | 0 | Glock19 | 0 | 16.5988 | 709.287 | 0 | 1 | 0 | 0 | 0 | 0 | 0 | 1 | camera |  | -0.613311 | 0 | -0.789841 | -0.613311
SCRIPT       : DATA_LOG | 670197 | aRapBi1cCZPZAGLIDny3dk3hQ8vTmNTLHRl8zxmKgQ0= | 13133.8 | 6.11627 | 10271.7 | -0.613311 | -0.789841 | 0 | Glock19 | 0 | 16.5988 | 709.287 | 0 | 1 | 0 | 0 | 0 | 0 | 0 | 1 | camera |  | -0.613311 | 0 | -0.789841 | -0.613311
SCRIPT       : DATA_LOG | 671194 | aRapBi1cCZPZAGLIDny3dk3hQ8vTmNTLHRl8zxmKgQ0= | 13133.8 | 6.11627 | 10271.7 | -0.880965 | -0.473182 | 0 | Glock19 | 0 | 40.5284 | 709.287 | 0 | 1 | 0 | 0 | 0 | 0 | 0 | 1 | camera |  | -0.880965 | 0 | -0.473182 | -0.880965
SCRIPT       : DATA_LOG | 672199 | aRapBi1cCZPZAGLIDny3dk3hQ8vTmNTLHRl8zxmKgQ0= | 13133.8 | 6.11627 | 10271.7 | -0.998438 | 0.0558733 | 1 | Glock19 | 0 | 71.9724 | 709.287 | 0 | 1 | 0 | 0 | 0 | 0 | 0 | 1 | camera |  | -0.998438 | -0 | 0.0558733 | -0.99843
SCRIPT       : DATA_LOG | 673201 | aRapBi1cCZPZAGLIDny3dk3hQ8vTmNTLHRl8zxmKgQ0= | 13133.8 | 6.11627 | 10271.7 | -0.998438 | 0.0558733 | 1 | Glock19 | 0 | 71.9724 | 709.287 | 0 | 1 | 0 | 0 | 0 | 0 | 0 | 1 | camera |  | -0.998438 | -0 | 0.0558733 | -0.99843
SCRIPT       : DATA_LOG | 674196 | aRapBi1cCZPZAGLIDny3dk3hQ8vTmNTLHRl8zxmKgQ0= | 13133.8 | 6.11627 | 10271.7 | -0.998438 | 0.0558733 | 1 | Glock19 | 0 | 71.9724 | 709.287 | 0 | 1 | 0 | 0 | 0 | 0 | 0 | 1 | camera |  | -0.998438 | -0 | 0.0558733 | -0.99843
SCRIPT       : DATA_LOG | 675202 | aRapBi1cCZPZAGLIDny3dk3hQ8vTmNTLHRl8zxmKgQ0= | 13133.8 | 6.11627 | 10271.7 | -0.998438 | 0.0558733 | 1 | Glock19 | 0 | 71.9724 | 709.287 | 0 | 1 | 0 | 0 | 0 | 0 | 0 | 1 | camera |  | -0.998438 | -0 | 0.0558733 | -0.99843
SCRIPT       : DATA_LOG | 676340 | aRapBi1cCZPZAGLIDny3dk3hQ8vTmNTLHRl8zxmKgQ0= | 13133.8 | 6.11627 | 10271.7 | -0.998438 | 0.0558733 | 1 | Glock19 | 0 | 71.9724 | 709.287 | 0 | 1 | 0 | 0 | 0 | 0 | 0 | 1 | camera |  | -0.998438 | -0 | 0.0558733 | -0.99843
SCRIPT       : DATA_LOG | 677337 | aRapBi1cCZPZAGLIDny3dk3hQ8vTmNTLHRl8zxmKgQ0= | 13133.8 | 6.11627 | 10271.7 | -0.998438 | 0.0558733 | 1 | Glock19 | 0 | 71.9724 | 709.287 | 0 | 1 | 0 | 0 | 0 | 0 | 0 | 1 | camera |  | -0.998438 | -0 | 0.0558733 | -0.99843
SCRIPT       : DATA_LOG | 678345 | aRapBi1cCZPZAGLIDny3dk3hQ8vTmNTLHRl8zxmKgQ0= | 13133.8 | 6.11627 | 10271.7 | -0.998438 | 0.0558733 | 1 | Glock19 | 0 | 71.9724 | 709.287 | 0 | 1 | 0 | 0 | 0 | 0 | 0 | 1 | camera |  | -0.998438 | -0 | 0.0558733 | -0.99843
SCRIPT       : DATA_LOG | 679346 | aRapBi1cCZPZAGLIDny3dk3hQ8vTmNTLHRl8zxmKgQ0= | 13133.8 | 6.11627 | 10271.7 | -0.998438 | 0.0558733 | 1 | Glock19 | 0 | 71.9724 | 709.287 | 0 | 1 | 0 | 0 | 0 | 0 | 0 | 1 | camera |  | -0.998438 | -0 | 0.0558733 | -0.99843
SCRIPT       : DATA_LOG | 680349 | aRapBi1cCZPZAGLIDny3dk3hQ8vTmNTLHRl8zxmKgQ0= | 13133.8 | 6.11627 | 10271.7 | -0.344008 | 0.938967 | 0 | Glock19 | 0 | 138.648 | 709.287 | 0 | 1 | 0 | 0 | 0 | 0 | 0 | 1 | camera |  | -0.344008 | -0 | 0.938967 | -0.344008 
SCRIPT       : DATA_LOG | 681347 | aRapBi1cCZPZAGLIDny3dk3hQ8vTmNTLHRl8zxmKgQ0= | 13134.6 | 6.12913 | 10274.3 | 0.291518 | 0.956565 | 0 | Glock19 | 0 | 173.08 | 986.497 | 0 | 1 | 1 | 0 | 0 | 0 | 0 | 1 | camera |  | 0.291518 | 0 | 0.956565 | 0.291518 | 0 |
SCRIPT       : DATA_LOG | 682343 | aRapBi1cCZPZAGLIDny3dk3hQ8vTmNTLHRl8zxmKgQ0= | 13137.4 | 6.13488 | 10275.8 | 0.413044 | 0.910711 | 1 | Glock19 | 0 | 165.778 | 988.521 | 0 | 1 | 1 | 0 | 0 | 0 | 0 | 1 | camera |  | 0.413044 | 0 | 0.910711 | 0.413044 | 0 
SCRIPT       : DATA_LOG | 683345 | aRapBi1cCZPZAGLIDny3dk3hQ8vTmNTLHRl8zxmKgQ0= | 13137.4 | 6.13488 | 10275.8 | 0.413044 | 0.910711 | 1 | Glock19 | 0 | 165.777 | 988.514 | 0 | 1 | 1 | 0 | 0 | 0 | 0 | 1 | camera |  | 0.413044 | 0 | 0.910711 | 0.413044 | 0 
SCRIPT       : DATA_LOG | 684351 | aRapBi1cCZPZAGLIDny3dk3hQ8vTmNTLHRl8zxmKgQ0= | 13137.6 | 6.13488 | 10275.8 | 0.235342 | 0.971913 | 1 | Glock19 | 0 | 172.217 | 714.494 | 0 | 1 | 0 | 0 | 0 | 0 | 0 | 1 | camera |  | 0.235342 | 0 | 0.971913 | 0.235342 | 0 
SCRIPT       : DATA_LOG | 685352 | aRapBi1cCZPZAGLIDny3dk3hQ8vTmNTLHRl8zxmKgQ0= | 13137.6 | 6.13488 | 10275.8 | 0.235342 | 0.971913 | 1 | Glock19 | 0 | 172.215 | 714.497 | 0 | 1 | 0 | 0 | 0 | 0 | 0 | 1 | camera |  | 0.235342 | 0 | 0.971913 | 0.235342 | 0 
SCRIPT       : DATA_LOG | 686353 | aRapBi1cCZPZAGLIDny3dk3hQ8vTmNTLHRl8zxmKgQ0= | 13137.6 | 6.1349 | 10275.4 | 0.139868 | 0.99017 | 0 | Glock19 | 0 | 166.637 | 714.147 | 0 | 1 | 0 | 0 | 0 | 0 | 0 | 1 | camera |  | 0.139868 | 0 | 0.99017 | 0.139868 | 0 | 0
SCRIPT       : DATA_LOG | 687353 | aRapBi1cCZPZAGLIDny3dk3hQ8vTmNTLHRl8zxmKgQ0= | 13137.3 | 6.1223 | 10273.4 | 0.10506 | 0.994466 | 1 | Glock19 | 0 | 164.588 | 712.193 | 0 | 1 | 0 | 0 | 0 | 0 | 1 | 1 | camera |  | 0.10506 | 0 | 0.994466 | 0.10506 | 0 | 0.
SCRIPT       : DATA_LOG | 688352 | aRapBi1cCZPZAGLIDny3dk3hQ8vTmNTLHRl8zxmKgQ0= | 13137.3 | 6.12054 | 10273.2 | 0.104986 | 0.994474 | 1 | Glock19 | 0 | 164.579 | 711.98 | 0 | 1 | 0 | 0 | 0 | 0 | 1 | 1 | camera |  | 0.104986 | 0 | 0.994474 | 0.104986 | 0 |
SCRIPT       : DATA_LOG | 689356 | aRapBi1cCZPZAGLIDny3dk3hQ8vTmNTLHRl8zxmKgQ0= | 13137.3 | 6.12054 | 10273.2 | 0.104986 | 0.994474 | 0 | Glock19 | 0 | 164.579 | 711.98 | 0 | 1 | 0 | 0 | 0 | 0 | 0 | 1 | camera |  | 0.104986 | 0 | 0.994474 | 0.104986 | 0 |
SCRIPT       : DATA_LOG | 690358 | aRapBi1cCZPZAGLIDny3dk3hQ8vTmNTLHRl8zxmKgQ0= | 13137.8 | 6.12565 | 10273.8 | 0.163128 | 0.986605 | 0 | Glock19 | 0 | 167.923 | 712.764 | 0 | 1 | 0 | 0 | 0 | 0 | 0 | 1 | camera |  | 0.163128 | 0 | 0.986605 | 0.163128 | 0 
SCRIPT       : DATA_LOG | 691359 | aRapBi1cCZPZAGLIDny3dk3hQ8vTmNTLHRl8zxmKgQ0= | 13137.8 | 6.12565 | 10273.8 | 0.163128 | 0.986605 | 0 | Glock19 | 0 | 167.923 | 712.764 | 0 | 1 | 0 | 0 | 0 | 0 | 0 | 1 | camera |  | 0.163128 | 0 | 0.986605 | 0.163128 | 0 
SCRIPT       : DATA_LOG | 692351 | aRapBi1cCZPZAGLIDny3dk3hQ8vTmNTLHRl8zxmKgQ0= | 13137.8 | 6.12565 | 10273.8 | 0.163128 | 0.986605 | 0 | Glock19 | 0 | 167.923 | 712.764 | 0 | 1 | 0 | 0 | 0 | 0 | 0 | 1 | camera |  | 0.163128 | 0 | 0.986605 | 0.163128 | 0 
SCRIPT       : DATA_LOG | 693361 | aRapBi1cCZPZAGLIDny3dk3hQ8vTmNTLHRl8zxmKgQ0= | 13137.8 | 6.12565 | 10273.8 | 0.163128 | 0.986605 | 0 | Glock19 | 0 | 167.923 | 712.764 | 0 | 1 | 0 | 0 | 0 | 0 | 0 | 1 | camera |  | 0.163128 | 0 | 0.986605 | 0.163128 | 0 
SCRIPT       : DATA_LOG | 694359 | aRapBi1cCZPZAGLIDny3dk3hQ8vTmNTLHRl8zxmKgQ0= | 13137.8 | 6.12565 | 10273.8 | 0.163128 | 0.986605 | 0 | Glock19 | 0 | 167.923 | 712.764 | 0 | 1 | 0 | 0 | 0 | 0 | 0 | 1 | camera |  | 0.163128 | 0 | 0.986605 | 0.163128 | 0 
SCRIPT       : DATA_LOG | 695362 | aRapBi1cCZPZAGLIDny3dk3hQ8vTmNTLHRl8zxmKgQ0= | 13137.8 | 6.12716 | 10274 | 0.118146 | 0.992996 | 0 | Glock19 | 0 | 165.323 | 712.945 | 0 | 1 | 0 | 0 | 0 | 0 | 0 | 1 | camera |  | 0.118146 | 0 | 0.992996 | 0.118146 | 0 | 
SCRIPT       : DATA_LOG | 696361 | aRapBi1cCZPZAGLIDny3dk3hQ8vTmNTLHRl8zxmKgQ0= | 13138.2 | 6.13498 | 10278 | 0.0781848 | 0.996939 | 0 | Glock19 | 0 | 163.116 | 716.802 | 0 | 1 | 0 | 0 | 0 | 0 | 0 | 1 | camera |  | 0.0781848 | 0 | 0.996939 | 0.0781848 | 0
SCRIPT       : DATA_LOG | 697362 | aRapBi1cCZPZAGLIDny3dk3hQ8vTmNTLHRl8zxmKgQ0= | 13139.5 | 6.13499 | 10281.7 | -0.0320491 | 0.999486 | 0 | Glock19 | 0 | 156.798 | 720.704 | 0 | 1 | 0 | 0 | 0 | 0 | 0 | 1 | camera |  | -0.0320491 | 0 | 0.999486 | -0.032049
SCRIPT       : DATA_LOG | 698361 | aRapBi1cCZPZAGLIDny3dk3hQ8vTmNTLHRl8zxmKgQ0= | 13138.5 | 6.12944 | 10284.8 | -0.656423 | 0.754393 | 0 | Glock19 | 0 | 117.775 | 723.188 | 0 | 1 | 0 | 0 | 0 | 0 | 0 | 1 | camera |  | -0.656423 | 0 | 0.754393 | -0.656423 |
SCRIPT       : DATA_LOG | 699363 | aRapBi1cCZPZAGLIDny3dk3hQ8vTmNTLHRl8zxmKgQ0= | 13136.2 | 6.35847 | 10285.2 | -0.509594 | 0.860415 | 0 | Glock19 | 0 | 128.348 | 722.715 | 0 | 1 | 0 | 0 | 0 | 0 | 0 | 1 | camera | Land_Workshop3 | -0.509594 | 0 | 0.860415
SCRIPT       : DATA_LOG | 700390 | aRapBi1cCZPZAGLIDny3dk3hQ8vTmNTLHRl8zxmKgQ0= | 13136 | 6.35848 | 10286.7 | 0.921129 | -0.389257 | 0 | Glock19 | 0 | 77.0779 | 999.013 | 0 | 1 | 1 | 0 | 0 | 0 | 0 | 1 | camera | Land_Workshop3 | 0.921129 | 0 | -0.389257 |
SCRIPT       : DATA_LOG | 701386 | aRapBi1cCZPZAGLIDny3dk3hQ8vTmNTLHRl8zxmKgQ0= | 13139.3 | 6.13207 | 10284.6 | 0.868644 | -0.495437 | 0 | Glock19 | 0 | 70.4953 | 997.549 | 0 | 1 | 1 | 0 | 0 | 0 | 0 | 1 | camera |  | 0.868644 | 0 | -0.495437 | 0.868644 | 
SCRIPT       : DATA_LOG | 702500 | aRapBi1cCZPZAGLIDny3dk3hQ8vTmNTLHRl8zxmKgQ0= | 13141.7 | 6.13267 | 10283.4 | 0.915053 | -0.403333 | 0 | Glock19 | 0 | 76.5567 | 996.747 | 0 | 1 | 1 | 0 | 0 | 0 | 0 | 1 | camera | Land_Container_1Mo | 0.915053 | 0 | -0.40
SCRIPT       : DATA_LOG | 703371 | aRapBi1cCZPZAGLIDny3dk3hQ8vTmNTLHRl8zxmKgQ0= | 13142.8 | 6.13116 | 10282.9 | 0.913493 | -0.406854 | 0 | Glock19 | 0 | 76.4044 | 996.47 | 0 | 1 | 1 | 0 | 0 | 0 | 0 | 1 | camera | Land_Container_1Mo | 0.913493 | 0 | -0.406
SCRIPT       : DATA_LOG | 704366 | aRapBi1cCZPZAGLIDny3dk3hQ8vTmNTLHRl8zxmKgQ0= | 13146.2 | 6.11418 | 10280.9 | 0.924692 | -0.380717 | 0 | Glock19 | 0 | 78.2426 | 995.116 | 0 | 1 | 1 | 0 | 0 | 0 | 0 | 1 | camera |  | 0.924692 | 0 | -0.380717 | 0.924692 | 
SCRIPT       : DATA_LOG | 705371 | aRapBi1cCZPZAGLIDny3dk3hQ8vTmNTLHRl8zxmKgQ0= | 13150 | 6.18037 | 10279.5 | 0.947813 | -0.318828 | 0 | Glock19 | 0 | 82.2595 | 994.431 | 0 | 1 | 1 | 0 | 0 | 0 | 0 | 1 | camera | Land_Container_1Mo | 0.947813 | 0 | -0.3188
SCRIPT       : DATA_LOG | 706368 | aRapBi1cCZPZAGLIDny3dk3hQ8vTmNTLHRl8zxmKgQ0= | 13150.5 | 6.18032 | 10279.3 | 0.947964 | -0.318379 | 0 | Glock19 | 0 | 82.3176 | 994.37 | 0 | 1 | 1 | 0 | 0 | 0 | 0 | 1 | camera | Land_Container_1Mo | 0.947964 | 0 | -0.318
SCRIPT       : DATA_LOG | 707373 | aRapBi1cCZPZAGLIDny3dk3hQ8vTmNTLHRl8zxmKgQ0= | 13150.5 | 6.18032 | 10279.3 | 0.947964 | -0.318379 | 0 | Glock19 | 0 | 82.3178 | 994.355 | 0 | 1 | 1 | 0 | 0 | 0 | 0 | 1 | camera | Land_Container_1Mo | 0.947964 | 0 | -0.31
SCRIPT       : DATA_LOG | 708371 | aRapBi1cCZPZAGLIDny3dk3hQ8vTmNTLHRl8zxmKgQ0= | 13150.5 | 6.18032 | 10279.3 | 0.947964 | -0.318379 | 0 | Glock19 | 0 | 82.318 | 994.376 | 0 | 1 | 1 | 0 | 0 | 0 | 0 | 1 | camera | Land_Container_1Mo | 0.947964 | 0 | -0.318
SCRIPT       : DATA_LOG | 709373 | aRapBi1cCZPZAGLIDny3dk3hQ8vTmNTLHRl8zxmKgQ0= | 13150.5 | 6.18032 | 10279.3 | 0.947964 | -0.318379 | 0 | Glock19 | 0 | 82.3179 | 994.367 | 0 | 1 | 1 | 0 | 0 | 0 | 0 | 1 | camera | Land_Container_1Mo | 0.947964 | 0 | -0.31
SCRIPT       : DATA_LOG | 710372 | aRapBi1cCZPZAGLIDny3dk3hQ8vTmNTLHRl8zxmKgQ0= | 13150.5 | 6.18032 | 10279.3 | 0.947964 | -0.318379 | 0 | Glock19 | 0 | 82.3178 | 994.363 | 0 | 1 | 1 | 0 | 0 | 0 | 0 | 1 | camera | Land_Container_1Mo | 0.947964 | 0 | -0.31
SCRIPT       : DATA_LOG | 711374 | aRapBi1cCZPZAGLIDny3dk3hQ8vTmNTLHRl8zxmKgQ0= | 13150.5 | 6.18032 | 10279.3 | 0.947964 | -0.318379 | 0 | Glock19 | 0 | 82.3178 | 994.364 | 0 | 1 | 1 | 0 | 0 | 0 | 0 | 1 | camera | Land_Container_1Mo | 0.947964 | 0 | -0.31
SCRIPT       : DATA_LOG | 712380 | aRapBi1cCZPZAGLIDny3dk3hQ8vTmNTLHRl8zxmKgQ0= | 13150.5 | 6.18032 | 10279.3 | 0.947964 | -0.318379 | 0 | Glock19 | 0 | 82.3175 | 994.36 | 0 | 1 | 1 | 0 | 0 | 0 | 0 | 1 | camera | Land_Container_1Mo | 0.947964 | 0 | -0.318
SCRIPT       : DATA_LOG | 713378 | aRapBi1cCZPZAGLIDny3dk3hQ8vTmNTLHRl8zxmKgQ0= | 13150.5 | 6.18032 | 10279.3 | 0.947964 | -0.318379 | 0 | Glock19 | 0 | 82.3176 | 994.369 | 0 | 1 | 1 | 0 | 0 | 0 | 0 | 1 | camera | Land_Container_1Mo | 0.947964 | 0 | -0.31
SCRIPT       : DATA_LOG | 714391 | aRapBi1cCZPZAGLIDny3dk3hQ8vTmNTLHRl8zxmKgQ0= | 13150.5 | 6.18032 | 10279.3 | 0.947964 | -0.318379 | 0 | Glock19 | 0 | 82.3177 | 994.357 | 0 | 1 | 1 | 0 | 0 | 0 | 0 | 1 | camera | Land_Container_1Mo | 0.947964 | 0 | -0.31
SCRIPT       : DATA_LOG | 715394 | aRapBi1cCZPZAGLIDny3dk3hQ8vTmNTLHRl8zxmKgQ0= | 13150.5 | 6.18032 | 10279.3 | 0.947964 | -0.318379 | 0 | Glock19 | 0 | 82.318 | 994.372 | 0 | 1 | 1 | 0 | 0 | 0 | 0 | 1 | camera | Land_Container_1Mo | 0.947964 | 0 | -0.318
SCRIPT       : DATA_LOG | 716393 | aRapBi1cCZPZAGLIDny3dk3hQ8vTmNTLHRl8zxmKgQ0= | 13150.5 | 6.18032 | 10279.3 | 0.947964 | -0.318379 | 0 | Glock19 | 0 | 82.3179 | 994.371 | 0 | 1 | 1 | 0 | 0 | 0 | 0 | 1 | camera | Land_Container_1Mo | 0.947964 | 0 | -0.31
SCRIPT       : DATA_LOG | 717393 | aRapBi1cCZPZAGLIDny3dk3hQ8vTmNTLHRl8zxmKgQ0= | 13150.5 | 6.18032 | 10279.3 | 0.947964 | -0.318379 | 0 | Glock19 | 0 | 82.3178 | 994.36 | 0 | 1 | 1 | 0 | 0 | 0 | 0 | 1 | camera | Land_Container_1Mo | 0.947964 | 0 | -0.318
SCRIPT       : DATA_LOG | 718395 | aRapBi1cCZPZAGLIDny3dk3hQ8vTmNTLHRl8zxmKgQ0= | 13150.5 | 6.18032 | 10279.3 | 0.947964 | -0.318379 | 0 | Glock19 | 0 | 82.3179 | 994.366 | 0 | 1 | 1 | 0 | 0 | 0 | 0 | 1 | camera | Land_Container_1Mo | 0.947964 | 0 | -0.31
SCRIPT       : DATA_LOG | 719397 | aRapBi1cCZPZAGLIDny3dk3hQ8vTmNTLHRl8zxmKgQ0= | 13150.5 | 6.18032 | 10279.3 | 0.947964 | -0.318379 | 0 | Glock19 | 0 | 82.3176 | 994.359 | 0 | 1 | 1 | 0 | 0 | 0 | 0 | 1 | camera | Land_Container_1Mo | 0.947964 | 0 | -0.31
SCRIPT       : DATA_LOG | 720398 | aRapBi1cCZPZAGLIDny3dk3hQ8vTmNTLHRl8zxmKgQ0= | 13150.5 | 6.18032 | 10279.3 | 0.137765 | -0.990465 | 0 | Glock19 | 0 | 18.8016 | 994.366 | 0 | 1 | 1 | 0 | 0 | 0 | 0 | 1 | camera | Land_Container_1Mo | 0.137765 | 0 | -0.99
SCRIPT       : DATA_LOG | 721397 | aRapBi1cCZPZAGLIDny3dk3hQ8vTmNTLHRl8zxmKgQ0= | 13147.3 | 6.10504 | 10280 | -0.997349 | 0.0727619 | 0 | Glock19 | 0 | 72.1859 | 721.966 | 0 | 1 | 0 | 0 | 0 | 0 | 0 | 1 | camera | Land_Container_1Mo | -0.997349 | 0 | 0.072
SCRIPT       : DATA_LOG | 722403 | aRapBi1cCZPZAGLIDny3dk3hQ8vTmNTLHRl8zxmKgQ0= | 13143.2 | 6.10847 | 10279.7 | -0.553724 | -0.8327 | 0 | Glock19 | 0 | 11.9279 | 720.23 | 0 | 1 | 0 | 0 | 0 | 0 | 0 | 1 | camera |  | -0.553724 | 0 | -0.8327 | -0.553724 | 0 
SCRIPT       : DATA_LOG | 723406 | aRapBi1cCZPZAGLIDny3dk3hQ8vTmNTLHRl8zxmKgQ0= | 13140.3 | 6.13243 | 10277.4 | 0.0382275 | -0.999269 | 0 | Glock19 | 0 | 12.5152 | 990.565 | 0 | 1 | 1 | 0 | 0 | 0 | 0 | 1 | camera | Land_Container_1Mo | 0.0382275 | 0 | -0.
SCRIPT       : DATA_LOG | 724405 | aRapBi1cCZPZAGLIDny3dk3hQ8vTmNTLHRl8zxmKgQ0= | 13137.4 | 6.1349 | 10275.1 | -0.763037 | -0.646354 | 0 | Glock19 | 0 | 28.3377 | 713.784 | 0 | 1 | 0 | 0 | 0 | 0 | 0 | 1 | camera |  | -0.763037 | 0 | -0.646354 | -0.763037 
SCRIPT       : DATA_LOG | 725407 | aRapBi1cCZPZAGLIDny3dk3hQ8vTmNTLHRl8zxmKgQ0= | 13134.6 | 6.1172 | 10272.6 | -0.998865 | 0.0476351 | 0 | FAL | 0 | 71.4725 | 710.455 | 0 | 1 | 0 | 0 | 0 | 0 | 0 | 1 | camera | PileOfWoodenPlanks | -0.998865 | 0 | 0.047635
SCRIPT       : DATA_LOG | 726403 | aRapBi1cCZPZAGLIDny3dk3hQ8vTmNTLHRl8zxmKgQ0= | 13134 | 6.11789 | 10272.2 | -0.99687 | 0.0790526 | 0 | FAL | 0 | 73.3074 | 709.875 | 0 | 1 | 0 | 0 | 0 | 0 | 0 | 1 | camera |  | -0.99687 | -0 | 0.0790526 | -0.99687 | 0 | 0
SCRIPT       : DATA_LOG | 727404 | aRapBi1cCZPZAGLIDny3dk3hQ8vTmNTLHRl8zxmKgQ0= | 13134 | 6.11789 | 10272.2 | -0.99687 | 0.0790526 | 0 | FAL | 0 | 73.3074 | 709.875 | 0 | 1 | 0 | 0 | 0 | 0 | 0 | 1 | camera |  | -0.99687 | -0 | 0.0790526 | -0.99687 | 0 | 0
SCRIPT       : DATA_LOG | 728407 | aRapBi1cCZPZAGLIDny3dk3hQ8vTmNTLHRl8zxmKgQ0= | 13134 | 6.11789 | 10272.2 | -0.99687 | 0.0790526 | 0 | FAL | 0 | 73.3074 | 709.875 | 0 | 1 | 0 | 0 | 0 | 0 | 0 | 1 | camera |  | -0.99687 | -0 | 0.0790526 | -0.99687 | 0 | 0
 SCRIPT       : [Permissions Manager] Admin (rafaelglima79) (76561199445097358) Successfully Logged in!
SCRIPT       : DATA_LOG | 729461 | aRapBi1cCZPZAGLIDny3dk3hQ8vTmNTLHRl8zxmKgQ0= | 13134 | 6.11789 | 10272.2 | -0.99687 | 0.0790526 | 0 | FAL | 0 | 73.3074 | 709.875 | 0 | 1 | 0 | 0 | 0 | 0 | 0 | 1 | camera |  | -0.99687 | -0 | 0.0790526 | -0.99687 | 0 | 0
SCRIPT       : DATA_LOG | 730460 | aRapBi1cCZPZAGLIDny3dk3hQ8vTmNTLHRl8zxmKgQ0= | 13134 | 6.11789 | 10272.2 | -0.99687 | 0.0790526 | 0 | FAL | 0 | 73.3074 | 709.875 | 0 | 1 | 0 | 0 | 0 | 0 | 0 | 1 | camera |  | -0.99687 | -0 | 0.0790526 | -0.99687 | 0 | 0
SCRIPT       : DATA_LOG | 731462 | aRapBi1cCZPZAGLIDny3dk3hQ8vTmNTLHRl8zxmKgQ0= | 13134 | 6.11789 | 10272.2 | -0.99687 | 0.0790526 | 0 | FAL | 0 | 73.3074 | 709.875 | 0 | 1 | 0 | 0 | 0 | 0 | 0 | 1 | camera |  | -0.99687 | -0 | 0.0790526 | -0.99687 | 0 | 0
SCRIPT       : DATA_LOG | 732464 | aRapBi1cCZPZAGLIDny3dk3hQ8vTmNTLHRl8zxmKgQ0= | 13134 | 6.11789 | 10272.2 | -0.99687 | 0.0790526 | 0 | FAL | 0 | 73.3074 | 709.875 | 0 | 1 | 0 | 0 | 0 | 0 | 0 | 1 | camera |  | -0.99687 | -0 | 0.0790526 | -0.99687 | 0 | 0
 SCRIPT    (E): Virtual Machine Exception

Reason: NULL pointer to instance. Variable 'PlayerBase' during call 'PlayerBase.GetInventory'

Class:      'CustomMission'
Function: 'EquipCharacter'
Stack trace:
scripts/5_Mission/mission\missionserver.c:519 Function EquipCharacter
scripts/5_Mission/mission\missionserver.c:580 Function OnClientNewEvent
JM/CF/Scripts/5_Mission/communityframework\mission\missionserver.c:146 Function OnClientNewEvent
scripts/5_Mission/mission\missionserver.c:319 Function OnEvent
JM/CF/Scripts/5_Mission/communityframework\mission\missionserver.c:10 Function OnEvent
VPPAdminTools/5_Mission/vppadmintools\missionserver.c:67 Function OnEvent
scripts/3_Game/dayzgame.c:1760 Function OnEvent
JM/CF/Scripts/3_Game/communityframework\game\dayzgame.c:120 Function OnEvent
 SCRIPT       : [VPPAT] Player "Survivor" (steamId=76561199031921922) connected to server!
SCRIPT       : DATA_LOG | 733461 | aRapBi1cCZPZAGLIDny3dk3hQ8vTmNTLHRl8zxmKgQ0= | 13134 | 6.11789 | 10272.2 | -0.99687 | 0.0790526 | 0 | FAL | 0 | 73.3074 | 709.875 | 0 | 1 | 0 | 0 | 0 | 0 | 0 | 1 | camera |  | -0.99687 | -0 | 0.0790526 | -0.99687 | 0 | 0
SCRIPT       : DATA_LOG | 735188 | 0dnbV3OoKZVSKsRjRsSreDYKOmPaMHd_PD7pjTKbIH4= | 15162.1 | 8.26002 | 13835.2 | 0.00987282 | 0.993235 | 0 | none | -1 | 180 | 0 | 0.115697 | 0 | 0 | 0 | 0 | 0 | 0 | 1 | camera | no_target | 0.00987282 | 0.115697 | 0.993235 
SCRIPT       : DATA_LOG | 737172 | aRapBi1cCZPZAGLIDny3dk3hQ8vTmNTLHRl8zxmKgQ0= | 13134 | 6.11789 | 10272.2 | -0.99687 | 0.0790526 | 0 | FAL | 0 | 73.3074 | 709.875 | 0 | 1 | 0 | 0 | 0 | 0 | 0 | 1 | camera |  | -0.99687 | -0 | 0.0790526 | -0.99687 | 0 | 0
SCRIPT       : DATA_LOG | 737185 | 0dnbV3OoKZVSKsRjRsSreDYKOmPaMHd_PD7pjTKbIH4= | 15162.1 | 8.26002 | 13835.2 | 0.00993957 | 0.999951 | 0 | none | -1 | 180 | 0 | 0 | 0 | 0 | 0 | 0 | 0 | 0 | 1 | camera | no_target | 0.00993957 | 0 | 0.999951 | 0.00993957 |
SCRIPT       : DATA_LOG | 738172 | aRapBi1cCZPZAGLIDny3dk3hQ8vTmNTLHRl8zxmKgQ0= | 13134 | 6.11789 | 10272.2 | -0.99687 | 0.0790526 | 0 | FAL | 0 | 73.3074 | 709.875 | 0 | 1 | 0 | 0 | 0 | 0 | 0 | 1 | camera |  | -0.99687 | -0 | 0.0790526 | -0.99687 | 0 | 0
SCRIPT       : DATA_LOG | 738184 | 0dnbV3OoKZVSKsRjRsSreDYKOmPaMHd_PD7pjTKbIH4= | 15162.1 | 8.26002 | 13835.2 | 0.00993957 | 0.999951 | 0 | none | -1 | 180 | 0 | 0 | 0 | 0 | 0 | 0 | 0 | 0 | 1 | camera | no_target | 0.00993957 | 0 | 0.999951 | 0.00993957 |
SCRIPT       : DATA_LOG | 739174 | aRapBi1cCZPZAGLIDny3dk3hQ8vTmNTLHRl8zxmKgQ0= | 13134 | 6.11789 | 10272.2 | -0.99687 | 0.0790526 | 0 | FAL | 0 | 73.3074 | 709.875 | 0 | 1 | 0 | 0 | 0 | 0 | 0 | 1 | camera |  | -0.99687 | -0 | 0.0790526 | -0.99687 | 0 | 0
SCRIPT       : DATA_LOG | 739193 | 0dnbV3OoKZVSKsRjRsSreDYKOmPaMHd_PD7pjTKbIH4= | 15162.1 | 8.26002 | 13835.2 | -0.996666 | 0.0815872 | 0 | none | -1 | 180 | 0 | 0 | 0 | 0 | 0 | 0 | 0 | 0 | 1 | camera | no_target | -0.996666 | -0 | 0.0815872 | -0.996666 |
SCRIPT       : DATA_LOG | 740178 | aRapBi1cCZPZAGLIDny3dk3hQ8vTmNTLHRl8zxmKgQ0= | 13134 | 6.11789 | 10272.2 | -0.99687 | 0.0790526 | 0 | FAL | 0 | 73.3074 | 709.875 | 0 | 1 | 0 | 0 | 0 | 0 | 0 | 1 | camera |  | -0.99687 | -0 | 0.0790526 | -0.99687 | 0 | 0
SCRIPT       : DATA_LOG | 740195 | 0dnbV3OoKZVSKsRjRsSreDYKOmPaMHd_PD7pjTKbIH4= | 15162.1 | 8.26002 | 13835.2 | -0.464468 | -0.88559 | 0 | none | -1 | 180 | 0 | 0 | 0 | 0 | 0 | 0 | 0 | 0 | 1 | camera | no_target | -0.464468 | 0 | -0.88559 | -0.464468 | 0 
SCRIPT       : DATA_LOG | 741180 | aRapBi1cCZPZAGLIDny3dk3hQ8vTmNTLHRl8zxmKgQ0= | 13134 | 6.11789 | 10272.2 | -0.99687 | 0.0790526 | 0 | FAL | 0 | 73.3074 | 709.875 | 0 | 1 | 0 | 0 | 0 | 0 | 0 | 1 | camera |  | -0.99687 | -0 | 0.0790526 | -0.99687 | 0 | 0
SCRIPT       : DATA_LOG | 741196 | 0dnbV3OoKZVSKsRjRsSreDYKOmPaMHd_PD7pjTKbIH4= | 15162.1 | 8.26002 | 13835.2 | 0.604344 | -0.796723 | 0 | none | -1 | 180 | 0 | 0 | 0 | 0 | 0 | 0 | 0 | 0 | 1 | camera | no_target | 0.604344 | 0 | -0.796723 | 0.604344 | 0 |
SCRIPT       : DATA_LOG | 742182 | aRapBi1cCZPZAGLIDny3dk3hQ8vTmNTLHRl8zxmKgQ0= | 13134 | 6.11789 | 10272.2 | -0.99687 | 0.0790526 | 0 | FAL | 0 | 73.3074 | 709.875 | 0 | 1 | 0 | 0 | 0 | 0 | 0 | 1 | camera |  | -0.99687 | -0 | 0.0790526 | -0.99687 | 0 | 0
SCRIPT       : DATA_LOG | 742197 | 0dnbV3OoKZVSKsRjRsSreDYKOmPaMHd_PD7pjTKbIH4= | 15162.1 | 8.26002 | 13835.2 | 0.604344 | -0.796723 | 0 | none | -1 | 180 | 0 | 0 | 0 | 0 | 0 | 0 | 0 | 0 | 1 | camera | no_target | 0.604344 | 0 | -0.796723 | 0.604344 | 0 |
SCRIPT       : DATA_LOG | 743182 | aRapBi1cCZPZAGLIDny3dk3hQ8vTmNTLHRl8zxmKgQ0= | 13134 | 6.11789 | 10272.2 | -0.99687 | 0.0790526 | 0 | FAL | 0 | 73.3074 | 709.875 | 0 | 1 | 0 | 0 | 0 | 0 | 0 | 1 | camera |  | -0.99687 | -0 | 0.0790526 | -0.99687 | 0 | 0
SCRIPT       : DATA_LOG | 743200 | 0dnbV3OoKZVSKsRjRsSreDYKOmPaMHd_PD7pjTKbIH4= | 15162.1 | 8.26002 | 13835.2 | 0.655483 | -0.75521 | 0 | none | -1 | 180 | 0 | 0 | 0 | 0 | 0 | 0 | 0 | 0 | 1 | camera | no_target | 0.655483 | 0 | -0.75521 | 0.655483 | 0 | -
SCRIPT       : DATA_LOG | 744180 | aRapBi1cCZPZAGLIDny3dk3hQ8vTmNTLHRl8zxmKgQ0= | 13134 | 6.11789 | 10272.2 | -0.99687 | 0.0790526 | 0 | FAL | 0 | 73.3074 | 709.875 | 0 | 1 | 0 | 0 | 0 | 0 | 0 | 1 | camera |  | -0.99687 | -0 | 0.0790526 | -0.99687 | 0 | 0
SCRIPT       : DATA_LOG | 744198 | 0dnbV3OoKZVSKsRjRsSreDYKOmPaMHd_PD7pjTKbIH4= | 15162.1 | 8.26002 | 13835.2 | 0.655483 | -0.75521 | 0 | none | -1 | 180 | 0 | 0 | 0 | 0 | 0 | 0 | 0 | 0 | 1 | camera | no_target | 0.655483 | 0 | -0.75521 | 0.655483 | 0 | -
SCRIPT       : DATA_LOG | 745182 | aRapBi1cCZPZAGLIDny3dk3hQ8vTmNTLHRl8zxmKgQ0= | 13134 | 6.11789 | 10272.2 | -0.99687 | 0.0790526 | 0 | FAL | 0 | 73.3074 | 709.875 | 0 | 1 | 0 | 0 | 0 | 0 | 0 | 1 | camera |  | -0.99687 | -0 | 0.0790526 | -0.99687 | 0 | 0
SCRIPT       : DATA_LOG | 745202 | 0dnbV3OoKZVSKsRjRsSreDYKOmPaMHd_PD7pjTKbIH4= | 15162.1 | 8.26002 | 13835.2 | 0.655483 | -0.75521 | 0 | none | -1 | 180 | 0 | 0 | 0 | 0 | 0 | 0 | 0 | 0 | 1 | camera | no_target | 0.655483 | 0 | -0.75521 | 0.655483 | 0 | -
SCRIPT       : DATA_LOG | 746188 | aRapBi1cCZPZAGLIDny3dk3hQ8vTmNTLHRl8zxmKgQ0= | 13134 | 6.11789 | 10272.2 | -0.99687 | 0.0790526 | 0 | FAL | 0 | 73.3074 | 709.875 | 0 | 1 | 0 | 0 | 0 | 0 | 0 | 1 | camera |  | -0.99687 | -0 | 0.0790526 | -0.99687 | 0 | 0
SCRIPT       : DATA_LOG | 746206 | 0dnbV3OoKZVSKsRjRsSreDYKOmPaMHd_PD7pjTKbIH4= | 15162.1 | 8.26002 | 13835.2 | 0.700782 | -0.713376 | 0 | none | -1 | 180 | 0 | 0 | 0 | 0 | 0 | 0 | 0 | 0 | 1 | camera | no_target | 0.700782 | 0 | -0.713376 | 0.700782 | 0 |
SCRIPT       : DATA_LOG | 747186 | aRapBi1cCZPZAGLIDny3dk3hQ8vTmNTLHRl8zxmKgQ0= | 13134 | 6.11789 | 10272.2 | -0.99687 | 0.0790526 | 0 | FAL | 0 | 73.3074 | 709.875 | 0 | 1 | 0 | 0 | 0 | 0 | 0 | 1 | camera |  | -0.99687 | -0 | 0.0790526 | -0.99687 | 0 | 0
SCRIPT       : DATA_LOG | 747199 | 0dnbV3OoKZVSKsRjRsSreDYKOmPaMHd_PD7pjTKbIH4= | 15162.1 | 8.26002 | 13835.2 | 0.700782 | -0.713376 | 0 | none | -1 | 180 | 0 | 0 | 0 | 0 | 0 | 0 | 0 | 0 | 1 | camera | no_target | 0.700782 | 0 | -0.713376 | 0.700782 | 0 |
SCRIPT       : DATA_LOG | 748192 | aRapBi1cCZPZAGLIDny3dk3hQ8vTmNTLHRl8zxmKgQ0= | 13134 | 6.11789 | 10272.2 | -0.99687 | 0.0790526 | 0 | FAL | 0 | 73.3074 | 709.875 | 0 | 1 | 0 | 0 | 0 | 0 | 0 | 1 | camera |  | -0.99687 | -0 | 0.0790526 | -0.99687 | 0 | 0
SCRIPT       : DATA_LOG | 748211 | 0dnbV3OoKZVSKsRjRsSreDYKOmPaMHd_PD7pjTKbIH4= | 15162.1 | 8.26002 | 13835.2 | 0.700782 | -0.713376 | 0 | none | -1 | 180 | 0 | 0 | 0 | 0 | 0 | 0 | 0 | 0 | 1 | camera | no_target | 0.700782 | 0 | -0.713376 | 0.700782 | 0 |
SCRIPT       : DATA_LOG | 749190 | aRapBi1cCZPZAGLIDny3dk3hQ8vTmNTLHRl8zxmKgQ0= | 13134 | 6.11789 | 10272.2 | -0.99687 | 0.0790526 | 0 | FAL | 0 | 73.3074 | 709.875 | 0 | 1 | 0 | 0 | 0 | 0 | 0 | 1 | camera |  | -0.99687 | -0 | 0.0790526 | -0.99687 | 0 | 0
SCRIPT       : DATA_LOG | 749205 | 0dnbV3OoKZVSKsRjRsSreDYKOmPaMHd_PD7pjTKbIH4= | 15162.1 | 8.26002 | 13835.2 | 0.749316 | -0.662213 | 0 | none | -1 | 180 | 0 | 0 | 0 | 0 | 0 | 0 | 0 | 0 | 1 | camera | no_target | 0.749316 | 0 | -0.662213 | 0.749316 | 0 |
SCRIPT       : DATA_LOG | 752402 | aRapBi1cCZPZAGLIDny3dk3hQ8vTmNTLHRl8zxmKgQ0= | 13134 | 6.11789 | 10272.2 | -0.99687 | 0.0790526 | 0 | FAL | 0 | 73.3074 | 709.875 | 0 | 1 | 0 | 0 | 0 | 0 | 0 | 1 | camera |  | -0.99687 | -0 | 0.0790526 | -0.99687 | 0 | 0
SCRIPT       : DATA_LOG | 752423 | 0dnbV3OoKZVSKsRjRsSreDYKOmPaMHd_PD7pjTKbIH4= | 15162.1 | 8.26002 | 13835.2 | 0.749316 | -0.662213 | 0 | none | -1 | 180 | 0 | 0 | 0 | 0 | 0 | 0 | 0 | 0 | 1 | camera | no_target | 0.749316 | 0 | -0.662213 | 0.749316 | 0 |
SCRIPT       : DATA_LOG | 753389 | aRapBi1cCZPZAGLIDny3dk3hQ8vTmNTLHRl8zxmKgQ0= | 13134 | 6.11789 | 10272.2 | -0.99687 | 0.0790526 | 0 | FAL | 0 | 73.3074 | 709.875 | 0 | 1 | 0 | 0 | 0 | 0 | 0 | 1 | camera |  | -0.99687 | -0 | 0.0790526 | -0.99687 | 0 | 0
SCRIPT       : DATA_LOG | 753429 | 0dnbV3OoKZVSKsRjRsSreDYKOmPaMHd_PD7pjTKbIH4= | 15138.3 | 10.2677 | 13847.3 | -0.985564 | 0.169302 | 0 | none | -1 | 180 | 0 | 0 | 0 | 0 | 0 | 0 | 0 | 0 | 1 | camera | no_target | -0.985564 | -0 | 0.169302 | -0.985564 | 0
SCRIPT       : DATA_LOG | 754381 | aRapBi1cCZPZAGLIDny3dk3hQ8vTmNTLHRl8zxmKgQ0= | 13134 | 6.11789 | 10272.2 | -0.99687 | 0.0790526 | 0 | FAL | 0 | 73.3074 | 709.875 | 0 | 1 | 0 | 0 | 0 | 0 | 0 | 1 | camera |  | -0.99687 | -0 | 0.0790526 | -0.99687 | 0 | 0
SCRIPT       : DATA_LOG | 754396 | 0dnbV3OoKZVSKsRjRsSreDYKOmPaMHd_PD7pjTKbIH4= | 15138.3 | 10.2677 | 13847.3 | -0.985564 | 0.169302 | 0 | none | -1 | 180 | 0 | 0 | 0 | 0 | 0 | 0 | 0 | 0 | 1 | camera | no_target | -0.985564 | -0 | 0.169302 | -0.985564 | 0
SCRIPT       : DATA_LOG | 755386 | aRapBi1cCZPZAGLIDny3dk3hQ8vTmNTLHRl8zxmKgQ0= | 13134 | 6.11789 | 10272.2 | -0.99687 | 0.0790526 | 0 | FAL | 0 | 73.3074 | 709.875 | 0 | 1 | 0 | 0 | 0 | 0 | 0 | 1 | camera |  | -0.99687 | -0 | 0.0790526 | -0.99687 | 0 | 0
SCRIPT       : DATA_LOG | 755403 | 0dnbV3OoKZVSKsRjRsSreDYKOmPaMHd_PD7pjTKbIH4= | 15138.3 | 10.2677 | 13847.3 | -0.985564 | 0.169302 | 0 | none | -1 | 180 | 0 | 0 | 0 | 0 | 0 | 0 | 0 | 0 | 1 | camera | no_target | -0.985564 | -0 | 0.169302 | -0.985564 | 0
SCRIPT       : DATA_LOG | 756387 | aRapBi1cCZPZAGLIDny3dk3hQ8vTmNTLHRl8zxmKgQ0= | 13134 | 6.11789 | 10272.2 | -0.99687 | 0.0790526 | 0 | FAL | 0 | 73.3074 | 709.875 | 0 | 1 | 0 | 0 | 0 | 0 | 0 | 1 | camera |  | -0.99687 | -0 | 0.0790526 | -0.99687 | 0 | 0
SCRIPT       : DATA_LOG | 756403 | 0dnbV3OoKZVSKsRjRsSreDYKOmPaMHd_PD7pjTKbIH4= | 15138.3 | 10.2677 | 13847.3 | -0.985564 | 0.169302 | 0 | none | -1 | 180 | 0 | 0 | 0 | 0 | 0 | 0 | 0 | 0 | 1 | camera | no_target | -0.985564 | -0 | 0.169302 | -0.985564 | 0
SCRIPT       : DATA_LOG | 757384 | aRapBi1cCZPZAGLIDny3dk3hQ8vTmNTLHRl8zxmKgQ0= | 13134 | 6.11789 | 10272.2 | -0.99687 | 0.0790526 | 0 | FAL | 0 | 73.3074 | 709.875 | 0 | 1 | 0 | 0 | 0 | 0 | 0 | 1 | camera |  | -0.99687 | -0 | 0.0790526 | -0.99687 | 0 | 0
SCRIPT       : DATA_LOG | 757397 | 0dnbV3OoKZVSKsRjRsSreDYKOmPaMHd_PD7pjTKbIH4= | 15138.3 | 10.2677 | 13847.3 | -0.985564 | 0.169302 | 0 | none | -1 | 180 | 0 | 0 | 0 | 0 | 0 | 0 | 0 | 0 | 1 | camera | no_target | -0.985564 | -0 | 0.169302 | -0.985564 | 0
SCRIPT       : DATA_LOG | 758389 | aRapBi1cCZPZAGLIDny3dk3hQ8vTmNTLHRl8zxmKgQ0= | 13134 | 6.11789 | 10272.2 | -0.99687 | 0.0790526 | 0 | FAL | 0 | 73.3074 | 709.875 | 0 | 1 | 0 | 0 | 0 | 0 | 0 | 1 | camera |  | -0.99687 | -0 | 0.0790526 | -0.99687 | 0 | 0
SCRIPT       : DATA_LOG | 758403 | 0dnbV3OoKZVSKsRjRsSreDYKOmPaMHd_PD7pjTKbIH4= | 15139.8 | 10.2186 | 13849 | 0.444504 | 0.895777 | 0 | none | -1 | 180 | 0 | 0 | 0 | 0 | 0 | 0 | 0 | 0 | 1 | camera | no_target | 0.444504 | 0 | 0.895777 | 0.444504 | 0 | 0.8
SCRIPT       : DATA_LOG | 759391 | aRapBi1cCZPZAGLIDny3dk3hQ8vTmNTLHRl8zxmKgQ0= | 13134 | 6.11789 | 10272.2 | -0.99687 | 0.0790526 | 0 | FAL | 0 | 73.3074 | 709.875 | 0 | 1 | 0 | 0 | 0 | 0 | 0 | 1 | camera |  | -0.99687 | -0 | 0.0790526 | -0.99687 | 0 | 0
SCRIPT       : DATA_LOG | 759405 | 0dnbV3OoKZVSKsRjRsSreDYKOmPaMHd_PD7pjTKbIH4= | 15145.7 | 10.34 | 13849 | 0.952341 | 0.305035 | 0 | none | -1 | 180 | 0 | 0 | 0 | 0 | 0 | 0 | 0 | 0 | 1 | camera | no_target | 0.952341 | 0 | 0.305035 | 0.952341 | 0 | 0.305
SCRIPT       : DATA_LOG | 760388 | aRapBi1cCZPZAGLIDny3dk3hQ8vTmNTLHRl8zxmKgQ0= | 13134 | 6.11789 | 10272.2 | -0.99687 | 0.0790526 | 0 | FAL | 0 | 73.3074 | 709.875 | 0 | 1 | 0 | 0 | 0 | 0 | 0 | 1 | camera |  | -0.99687 | -0 | 0.0790526 | -0.99687 | 0 | 0
SCRIPT       : DATA_LOG | 760403 | 0dnbV3OoKZVSKsRjRsSreDYKOmPaMHd_PD7pjTKbIH4= | 15150.7 | 10.301 | 13853.2 | 0.163632 | 0.986521 | 0 | none | -1 | 180 | 0 | 0 | 0 | 0 | 0 | 0 | 0 | 0 | 1 | camera | no_target | 0.163632 | 0 | 0.986521 | 0.163632 | 0 | 0.
SCRIPT       : DATA_LOG | 761393 | aRapBi1cCZPZAGLIDny3dk3hQ8vTmNTLHRl8zxmKgQ0= | 13134 | 6.11789 | 10272.2 | -0.99687 | 0.0790526 | 0 | FAL | 0 | 73.3074 | 709.875 | 0 | 1 | 0 | 0 | 0 | 0 | 0 | 1 | camera |  | -0.99687 | -0 | 0.0790526 | -0.99687 | 0 | 0
SCRIPT       : DATA_LOG | 761538 | 0dnbV3OoKZVSKsRjRsSreDYKOmPaMHd_PD7pjTKbIH4= | 15151.6 | 10.2387 | 13856.3 | -0.680953 | 0.732327 | 0 | none | -1 | 180 | 0 | 0 | 0 | 0 | 0 | 0 | 0 | 0 | 1 | camera | no_target | -0.680953 | 0 | 0.732327 | -0.680953 | 0 
SCRIPT       : DATA_LOG | 762390 | aRapBi1cCZPZAGLIDny3dk3hQ8vTmNTLHRl8zxmKgQ0= | 13134 | 6.11789 | 10272.2 | -0.99687 | 0.0790526 | 0 | FAL | 0 | 73.3074 | 709.875 | 0 | 1 | 0 | 0 | 0 | 0 | 0 | 1 | camera |  | -0.99687 | -0 | 0.0790526 | -0.99687 | 0 | 0
SCRIPT       : DATA_LOG | 762409 | 0dnbV3OoKZVSKsRjRsSreDYKOmPaMHd_PD7pjTKbIH4= | 15149 | 10.3436 | 13859.5 | -0.124184 | 0.992259 | 0 | none | -1 | 180 | 0 | 0 | 0 | 0 | 0 | 0 | 0 | 0 | 1 | camera | no_target | -0.124184 | 0 | 0.992259 | -0.124184 | 0 | 
SCRIPT       : DATA_LOG | 763391 | aRapBi1cCZPZAGLIDny3dk3hQ8vTmNTLHRl8zxmKgQ0= | 13134 | 6.11789 | 10272.2 | -0.99687 | 0.0790526 | 0 | FAL | 0 | 73.3074 | 709.875 | 0 | 1 | 0 | 0 | 0 | 0 | 0 | 1 | camera |  | -0.99687 | -0 | 0.0790526 | -0.99687 | 0 | 0
SCRIPT       : DATA_LOG | 763405 | 0dnbV3OoKZVSKsRjRsSreDYKOmPaMHd_PD7pjTKbIH4= | 15149.5 | 10.3443 | 13859.6 | -0.0965624 | 0.995327 | 0 | none | -1 | 180 | 0 | 0 | 0 | 0 | 0 | 0 | 0 | 0 | 1 | camera | no_target | -0.0965624 | 0 | 0.995327 | -0.0965624 |
SCRIPT       : DATA_LOG | 764392 | aRapBi1cCZPZAGLIDny3dk3hQ8vTmNTLHRl8zxmKgQ0= | 13134 | 6.11789 | 10272.2 | -0.99687 | 0.0790526 | 0 | FAL | 0 | 73.3074 | 709.875 | 0 | 1 | 0 | 0 | 0 | 0 | 0 | 1 | camera |  | -0.99687 | -0 | 0.0790526 | -0.99687 | 0 | 0
SCRIPT       : DATA_LOG | 764408 | 0dnbV3OoKZVSKsRjRsSreDYKOmPaMHd_PD7pjTKbIH4= | 15149 | 10.3436 | 13859.1 | 0.475747 | 0.879582 | 0 | none | -1 | 180 | 0 | 0 | 0 | 0 | 0 | 0 | 0 | 0 | 1 | camera | no_target | 0.475747 | 0 | 0.879582 | 0.475747 | 0 | 0.8
SCRIPT       : DATA_LOG | 765395 | aRapBi1cCZPZAGLIDny3dk3hQ8vTmNTLHRl8zxmKgQ0= | 13134 | 6.11789 | 10272.2 | -0.99687 | 0.0790526 | 0 | FAL | 0 | 73.3074 | 709.875 | 0 | 1 | 0 | 0 | 0 | 0 | 0 | 1 | camera |  | -0.99687 | -0 | 0.0790526 | -0.99687 | 0 | 0
SCRIPT       : DATA_LOG | 765414 | 0dnbV3OoKZVSKsRjRsSreDYKOmPaMHd_PD7pjTKbIH4= | 15147.6 | 10.8142 | 13862.8 | 0.693792 | 0.720175 | 0 | none | -1 | 180 | 0 | 0 | 0 | 0 | 0 | 0 | 0 | 0 | 1 | camera | no_target | 0.693792 | 0 | 0.720175 | 0.693792 | 0 | 0
SCRIPT       : DATA_LOG | 766393 | aRapBi1cCZPZAGLIDny3dk3hQ8vTmNTLHRl8zxmKgQ0= | 13134 | 6.11789 | 10272.2 | -0.99687 | 0.0790526 | 0 | FAL | 0 | 73.3074 | 709.875 | 0 | 1 | 0 | 0 | 0 | 0 | 0 | 1 | camera |  | -0.99687 | -0 | 0.0790526 | -0.99687 | 0 | 0
SCRIPT       : DATA_LOG | 766407 | 0dnbV3OoKZVSKsRjRsSreDYKOmPaMHd_PD7pjTKbIH4= | 15150.1 | 10.8141 | 13863.8 | 0.68429 | 0.72921 | 0 | none | -1 | 180 | 0 | 0 | 0 | 0 | 0 | 0 | 0 | 0 | 1 | camera | no_target | 0.68429 | 0 | 0.72921 | 0.68429 | 0 | 0.7292
SCRIPT       : DATA_LOG | 767398 | aRapBi1cCZPZAGLIDny3dk3hQ8vTmNTLHRl8zxmKgQ0= | 13132.1 | 6.12129 | 10271.6 | -0.801859 | 0.597513 | 0 | FAL | 0 | 105.587 | 708.606 | 0 | 1 | 0 | 0 | 0 | 0 | 0 | 1 | camera |  | -0.801859 | -0 | 0.597513 | -0.801859 | 0 
SCRIPT       : DATA_LOG | 767417 | 0dnbV3OoKZVSKsRjRsSreDYKOmPaMHd_PD7pjTKbIH4= | 15150.9 | 10.8142 | 13864.7 | 0.374701 | 0.927146 | 0 | none | -1 | 180 | 0 | 0 | 0 | 0 | 0 | 0 | 0 | 0 | 1 | camera | no_target | 0.374701 | 0 | 0.927146 | 0.374701 | 0 | 0
SCRIPT       : DATA_LOG | 768394 | aRapBi1cCZPZAGLIDny3dk3hQ8vTmNTLHRl8zxmKgQ0= | 13132.1 | 6.12129 | 10271.6 | -0.801859 | 0.597513 | 0 | FAL | 0 | 105.587 | 708.606 | 0 | 1 | 0 | 0 | 0 | 0 | 0 | 1 | camera |  | -0.801859 | -0 | 0.597513 | -0.801859 | 0 
SCRIPT       : DATA_LOG | 768409 | 0dnbV3OoKZVSKsRjRsSreDYKOmPaMHd_PD7pjTKbIH4= | 15150.9 | 10.8142 | 13864.7 | 0.374701 | 0.927146 | 0 | none | -1 | 180 | 0 | 0 | 0 | 0 | 0 | 0 | 0 | 0 | 1 | camera | no_target | 0.374701 | 0 | 0.927146 | 0.374701 | 0 | 0
SCRIPT       : DATA_LOG | 769396 | aRapBi1cCZPZAGLIDny3dk3hQ8vTmNTLHRl8zxmKgQ0= | 13132.1 | 6.12129 | 10271.6 | -0.801859 | 0.597513 | 0 | FAL | 0 | 105.587 | 708.606 | 0 | 1 | 0 | 0 | 0 | 0 | 0 | 1 | camera |  | -0.801859 | -0 | 0.597513 | -0.801859 | 0 
SCRIPT       : DATA_LOG | 769411 | 0dnbV3OoKZVSKsRjRsSreDYKOmPaMHd_PD7pjTKbIH4= | 15150.9 | 10.8142 | 13864.7 | 0.374701 | 0.927146 | 0 | none | -1 | 180 | 0 | 0 | 0 | 0 | 0 | 0 | 0 | 0 | 1 | camera | no_target | 0.374701 | 0 | 0.927146 | 0.374701 | 0 | 0
SCRIPT       : DATA_LOG | 770397 | aRapBi1cCZPZAGLIDny3dk3hQ8vTmNTLHRl8zxmKgQ0= | 13132.1 | 6.12129 | 10271.6 | -0.801859 | 0.597513 | 0 | FAL | 0 | 105.587 | 708.606 | 0 | 1 | 0 | 0 | 0 | 0 | 0 | 1 | camera |  | -0.801859 | -0 | 0.597513 | -0.801859 | 0 
SCRIPT       : DATA_LOG | 770410 | 0dnbV3OoKZVSKsRjRsSreDYKOmPaMHd_PD7pjTKbIH4= | 15150.9 | 10.8142 | 13864.7 | 0.374701 | 0.927146 | 0 | none | -1 | 180 | 0 | 0 | 0 | 0 | 0 | 0 | 0 | 0 | 1 | camera | no_target | 0.374701 | 0 | 0.927146 | 0.374701 | 0 | 0
SCRIPT       : DATA_LOG | 771672 | aRapBi1cCZPZAGLIDny3dk3hQ8vTmNTLHRl8zxmKgQ0= | 13132.1 | 6.12129 | 10271.6 | -0.801859 | 0.597513 | 0 | FAL | 0 | 105.587 | 708.606 | 0 | 1 | 0 | 0 | 0 | 0 | 0 | 1 | camera |  | -0.801859 | -0 | 0.597513 | -0.801859 | 0 
SCRIPT       : DATA_LOG | 771690 | 0dnbV3OoKZVSKsRjRsSreDYKOmPaMHd_PD7pjTKbIH4= | 15150.9 | 10.8142 | 13864.7 | 0.374701 | 0.927146 | 0 | none | -1 | 180 | 0 | 0 | 0 | 0 | 0 | 0 | 0 | 0 | 1 | camera | no_target | 0.374701 | 0 | 0.927146 | 0.374701 | 0 | 0
SCRIPT       : DATA_LOG | 772673 | aRapBi1cCZPZAGLIDny3dk3hQ8vTmNTLHRl8zxmKgQ0= | 13132.1 | 6.12129 | 10271.6 | -0.801859 | 0.597513 | 0 | FAL | 0 | 105.587 | 708.606 | 0 | 1 | 0 | 0 | 0 | 0 | 0 | 1 | camera |  | -0.801859 | -0 | 0.597513 | -0.801859 | 0 
SCRIPT       : DATA_LOG | 772687 | 0dnbV3OoKZVSKsRjRsSreDYKOmPaMHd_PD7pjTKbIH4= | 15150.9 | 10.8142 | 13864.7 | 0.374701 | 0.927146 | 0 | none | -1 | 180 | 0 | 0 | 0 | 0 | 0 | 0 | 0 | 0 | 1 | camera | no_target | 0.374701 | 0 | 0.927146 | 0.374701 | 0 | 0
SCRIPT       : DATA_LOG | 773671 | aRapBi1cCZPZAGLIDny3dk3hQ8vTmNTLHRl8zxmKgQ0= | 13132.1 | 6.12129 | 10271.6 | -0.801859 | 0.597513 | 0 | FAL | 0 | 105.587 | 708.606 | 0 | 1 | 0 | 0 | 0 | 0 | 0 | 1 | camera |  | -0.801859 | -0 | 0.597513 | -0.801859 | 0 
SCRIPT       : DATA_LOG | 773682 | 0dnbV3OoKZVSKsRjRsSreDYKOmPaMHd_PD7pjTKbIH4= | 15150.9 | 10.8142 | 13864.7 | 0.374701 | 0.927146 | 0 | none | -1 | 180 | 0 | 0 | 0 | 0 | 0 | 0 | 0 | 0 | 1 | camera | no_target | 0.374701 | 0 | 0.927146 | 0.374701 | 0 | 0
SCRIPT       : DATA_LOG | 774674 | aRapBi1cCZPZAGLIDny3dk3hQ8vTmNTLHRl8zxmKgQ0= | 13132.1 | 6.12129 | 10271.6 | -0.801859 | 0.597513 | 0 | FAL | 0 | 105.587 | 708.606 | 0 | 1 | 0 | 0 | 0 | 0 | 0 | 1 | camera |  | -0.801859 | -0 | 0.597513 | -0.801859 | 0 
SCRIPT       : DATA_LOG | 774689 | 0dnbV3OoKZVSKsRjRsSreDYKOmPaMHd_PD7pjTKbIH4= | 15150.9 | 10.8142 | 13864.7 | -0.129188 | -0.99162 | 0 | none | -1 | 180 | 0 | 0 | 0 | 0 | 0 | 0 | 0 | 0 | 1 | camera | no_target | -0.129188 | 0 | -0.99162 | -0.129188 | 0 
SCRIPT       : DATA_LOG | 775676 | aRapBi1cCZPZAGLIDny3dk3hQ8vTmNTLHRl8zxmKgQ0= | 13132.1 | 6.12129 | 10271.6 | -0.801859 | 0.597513 | 0 | FAL | 0 | 105.587 | 708.606 | 0 | 1 | 0 | 0 | 0 | 0 | 0 | 1 | camera |  | -0.801859 | -0 | 0.597513 | -0.801859 | 0 
SCRIPT       : DATA_LOG | 775690 | 0dnbV3OoKZVSKsRjRsSreDYKOmPaMHd_PD7pjTKbIH4= | 15152.6 | 10.8141 | 13863.8 | 0.692226 | -0.721681 | 0 | none | -1 | 180 | 0 | 0 | 0 | 0 | 0 | 0 | 0 | 0 | 1 | camera | no_target | 0.692226 | 0 | -0.721681 | 0.692226 | 0 |
SCRIPT       : DATA_LOG | 776686 | aRapBi1cCZPZAGLIDny3dk3hQ8vTmNTLHRl8zxmKgQ0= | 13132.1 | 6.12129 | 10271.6 | -0.801859 | 0.597513 | 0 | FAL | 0 | 105.587 | 708.606 | 0 | 1 | 0 | 0 | 0 | 0 | 0 | 1 | camera |  | -0.801859 | -0 | 0.597513 | -0.801859 | 0 
SCRIPT       : DATA_LOG | 776706 | 0dnbV3OoKZVSKsRjRsSreDYKOmPaMHd_PD7pjTKbIH4= | 15152.6 | 10.8141 | 13863.8 | 0.692226 | -0.721681 | 0 | none | -1 | 180 | 0 | 0 | 0 | 0 | 0 | 0 | 0 | 0 | 1 | camera | no_target | 0.692226 | 0 | -0.721681 | 0.692226 | 0 |
SCRIPT       : DATA_LOG | 777684 | aRapBi1cCZPZAGLIDny3dk3hQ8vTmNTLHRl8zxmKgQ0= | 13132.1 | 6.12129 | 10271.6 | -0.801859 | 0.597513 | 0 | FAL | 0 | 105.587 | 708.606 | 0 | 1 | 0 | 0 | 0 | 0 | 0 | 1 | camera |  | -0.801859 | -0 | 0.597513 | -0.801859 | 0 
SCRIPT       : DATA_LOG | 777696 | 0dnbV3OoKZVSKsRjRsSreDYKOmPaMHd_PD7pjTKbIH4= | 15152.1 | 10.8141 | 13863.1 | 0.788823 | 0.614621 | 0 | none | -1 | 180 | 0 | 0 | 0 | 0 | 0 | 0 | 0 | 0 | 1 | camera | no_target | 0.788823 | 0 | 0.614621 | 0.788823 | 0 | 0
SCRIPT       : DATA_LOG | 778686 | aRapBi1cCZPZAGLIDny3dk3hQ8vTmNTLHRl8zxmKgQ0= | 13132.1 | 6.12129 | 10271.6 | -0.801859 | 0.597513 | 0 | FAL | 0 | 105.587 | 708.606 | 0 | 1 | 0 | 0 | 0 | 0 | 0 | 1 | camera |  | -0.801859 | -0 | 0.597513 | -0.801859 | 0 
SCRIPT       : DATA_LOG | 778699 | 0dnbV3OoKZVSKsRjRsSreDYKOmPaMHd_PD7pjTKbIH4= | 15151.9 | 10.8142 | 13864 | 0.836803 | 0.547503 | 0 | none | -1 | 180 | 0 | 0 | 0 | 0 | 0 | 0 | 0 | 0 | 1 | camera | no_target | 0.836803 | 0 | 0.547503 | 0.836803 | 0 | 0.5
SCRIPT       : DATA_LOG | 779687 | aRapBi1cCZPZAGLIDny3dk3hQ8vTmNTLHRl8zxmKgQ0= | 13132.1 | 6.12129 | 10271.6 | -0.801859 | 0.597513 | 0 | FAL | 0 | 105.587 | 708.606 | 0 | 1 | 0 | 0 | 0 | 0 | 0 | 1 | camera |  | -0.801859 | -0 | 0.597513 | -0.801859 | 0 
SCRIPT       : DATA_LOG | 779704 | 0dnbV3OoKZVSKsRjRsSreDYKOmPaMHd_PD7pjTKbIH4= | 15151.8 | 10.8141 | 13864.7 | 0.992696 | -0.120646 | 0 | none | -1 | 180 | 0 | 0 | 0 | 0 | 0 | 0 | 0 | 0 | 1 | camera | no_target | 0.992696 | 0 | -0.120646 | 0.992696 | 0 |
SCRIPT       : DATA_LOG | 780687 | aRapBi1cCZPZAGLIDny3dk3hQ8vTmNTLHRl8zxmKgQ0= | 13132.1 | 6.12129 | 10271.6 | -0.801859 | 0.597513 | 0 | FAL | 0 | 105.587 | 708.606 | 0 | 1 | 0 | 0 | 0 | 0 | 0 | 1 | camera |  | -0.801859 | -0 | 0.597513 | -0.801859 | 0 
SCRIPT       : DATA_LOG | 780701 | 0dnbV3OoKZVSKsRjRsSreDYKOmPaMHd_PD7pjTKbIH4= | 15152.2 | 10.8141 | 13863.6 | -0.25396 | 0.967215 | 0 | none | -1 | 180 | 0 | 0 | 0 | 0 | 0 | 0 | 0 | 0 | 1 | camera | no_target | -0.25396 | 0 | 0.967215 | -0.25396 | 0 | 0
SCRIPT       : DATA_LOG | 781690 | aRapBi1cCZPZAGLIDny3dk3hQ8vTmNTLHRl8zxmKgQ0= | 13132.1 | 6.12129 | 10271.6 | -0.801859 | 0.597513 | 0 | FAL | 0 | 105.587 | 708.606 | 0 | 1 | 0 | 0 | 0 | 0 | 0 | 1 | camera |  | -0.801859 | -0 | 0.597513 | -0.801859 | 0 
SCRIPT       : DATA_LOG | 781703 | 0dnbV3OoKZVSKsRjRsSreDYKOmPaMHd_PD7pjTKbIH4= | 15149.7 | 10.8142 | 13864.5 | -0.999993 | -0.0036362 | 0 | none | -1 | 180 | 0 | 0 | 0 | 0 | 0 | 0 | 0 | 0 | 1 | camera | no_target | -0.999993 | 0 | -0.0036362 | -0.999993 
SCRIPT       : DATA_LOG | 782687 | aRapBi1cCZPZAGLIDny3dk3hQ8vTmNTLHRl8zxmKgQ0= | 13132.1 | 6.12129 | 10271.6 | -0.801859 | 0.597513 | 0 | FAL | 0 | 105.587 | 708.606 | 0 | 1 | 0 | 0 | 0 | 0 | 0 | 1 | camera |  | -0.801859 | -0 | 0.597513 | -0.801859 | 0 
SCRIPT       : DATA_LOG | 782702 | 0dnbV3OoKZVSKsRjRsSreDYKOmPaMHd_PD7pjTKbIH4= | 15147.9 | 10.8141 | 13864.5 | -0.970306 | -0.241879 | 0 | none | -1 | 180 | 0 | 0 | 0 | 0 | 0 | 0 | 0 | 0 | 1 | camera | no_target | -0.970306 | 0 | -0.241879 | -0.970306 | 
SCRIPT       : DATA_LOG | 783691 | aRapBi1cCZPZAGLIDny3dk3hQ8vTmNTLHRl8zxmKgQ0= | 13132.1 | 6.12129 | 10271.6 | -0.801859 | 0.597513 | 0 | FAL | 0 | 105.587 | 708.606 | 0 | 1 | 0 | 0 | 0 | 0 | 0 | 1 | camera |  | -0.801859 | -0 | 0.597513 | -0.801859 | 0 
SCRIPT       : DATA_LOG | 783709 | 0dnbV3OoKZVSKsRjRsSreDYKOmPaMHd_PD7pjTKbIH4= | 15144.7 | 10.8102 | 13863.3 | 0.38326 | -0.92364 | 0 | none | -1 | 180 | 0 | 0 | 0 | 0 | 0 | 0 | 0 | 0 | 1 | camera | no_target | 0.38326 | 0 | -0.92364 | 0.38326 | 0 | -0.9
SCRIPT       : DATA_LOG | 784695 | aRapBi1cCZPZAGLIDny3dk3hQ8vTmNTLHRl8zxmKgQ0= | 13132.1 | 6.12129 | 10271.6 | -0.801859 | 0.597513 | 0 | FAL | 0 | 105.587 | 708.606 | 0 | 1 | 0 | 0 | 0 | 0 | 0 | 1 | camera |  | -0.801859 | -0 | 0.597513 | -0.801859 | 0 
SCRIPT       : DATA_LOG | 784714 | 0dnbV3OoKZVSKsRjRsSreDYKOmPaMHd_PD7pjTKbIH4= | 15143.2 | 10.8092 | 13862.5 | -0.927218 | 0.374523 | 0 | none | -1 | 180 | 0 | 0 | 0 | 0 | 0 | 0 | 0 | 0 | 1 | camera | no_target | -0.927218 | 0 | 0.374523 | -0.927218 | 0 
SCRIPT       : DATA_LOG | 785697 | aRapBi1cCZPZAGLIDny3dk3hQ8vTmNTLHRl8zxmKgQ0= | 13132.1 | 6.12129 | 10271.6 | -0.801859 | 0.597513 | 0 | FAL | 0 | 105.587 | 708.606 | 0 | 1 | 0 | 0 | 0 | 0 | 0 | 1 | camera |  | -0.801859 | -0 | 0.597513 | -0.801859 | 0 
SCRIPT       : DATA_LOG | 785715 | 0dnbV3OoKZVSKsRjRsSreDYKOmPaMHd_PD7pjTKbIH4= | 15141.1 | 10.81 | 13862.5 | 0.860592 | 0.509296 | 0 | none | -1 | 180 | 0 | 0 | 0 | 0 | 0 | 0 | 0 | 0 | 1 | camera | no_target | 0.860592 | 0 | 0.509296 | 0.860592 | 0 | 0.5
SCRIPT       : DATA_LOG | 786694 | aRapBi1cCZPZAGLIDny3dk3hQ8vTmNTLHRl8zxmKgQ0= | 13132.1 | 6.12129 | 10271.6 | -0.801859 | 0.597513 | 0 | FAL | 0 | 105.587 | 708.606 | 0 | 1 | 0 | 0 | 0 | 0 | 0 | 1 | camera |  | -0.801859 | -0 | 0.597513 | -0.801859 | 0 
SCRIPT       : DATA_LOG | 786712 | 0dnbV3OoKZVSKsRjRsSreDYKOmPaMHd_PD7pjTKbIH4= | 15144.4 | 10.8109 | 13863.7 | 0.952873 | 0.303369 | 0 | none | -1 | 180 | 0 | 0 | 0 | 0 | 0 | 0 | 0 | 0 | 1 | camera | no_target | 0.952873 | 0 | 0.303369 | 0.952873 | 0 | 0
SCRIPT       : DATA_LOG | 787704 | aRapBi1cCZPZAGLIDny3dk3hQ8vTmNTLHRl8zxmKgQ0= | 13132.1 | 6.12129 | 10271.6 | -0.801859 | 0.597513 | 0 | FAL | 0 | 105.587 | 708.606 | 0 | 1 | 0 | 0 | 0 | 0 | 0 | 1 | camera |  | -0.801859 | -0 | 0.597513 | -0.801859 | 0 
SCRIPT       : DATA_LOG | 787720 | 0dnbV3OoKZVSKsRjRsSreDYKOmPaMHd_PD7pjTKbIH4= | 15148.9 | 10.8142 | 13862.3 | 0.210821 | -0.977525 | 0 | none | -1 | 180 | 0 | 0 | 0 | 0 | 0 | 0 | 0 | 0 | 1 | camera | no_target | 0.210821 | 0 | -0.977525 | 0.210821 | 0 |
SCRIPT       : DATA_LOG | 788706 | aRapBi1cCZPZAGLIDny3dk3hQ8vTmNTLHRl8zxmKgQ0= | 13132.1 | 6.12129 | 10271.6 | -0.801859 | 0.597513 | 0 | FAL | 0 | 105.587 | 708.606 | 0 | 1 | 0 | 0 | 0 | 0 | 0 | 1 | camera |  | -0.801859 | -0 | 0.597513 | -0.801859 | 0 
SCRIPT       : DATA_LOG | 788719 | 0dnbV3OoKZVSKsRjRsSreDYKOmPaMHd_PD7pjTKbIH4= | 15147.9 | 10.3421 | 13857.8 | -0.89487 | -0.446328 | 0 | none | -1 | 180 | 0 | 0 | 0 | 0 | 0 | 0 | 0 | 0 | 1 | camera | no_target | -0.89487 | 0 | -0.446328 | -0.89487 | 0 |
SCRIPT       : DATA_LOG | 789706 | aRapBi1cCZPZAGLIDny3dk3hQ8vTmNTLHRl8zxmKgQ0= | 13132.1 | 6.12129 | 10271.6 | -0.801859 | 0.597513 | 0 | FAL | 0 | 105.587 | 708.606 | 0 | 1 | 0 | 0 | 0 | 0 | 0 | 1 | camera |  | -0.801859 | -0 | 0.597513 | -0.801859 | 0 
SCRIPT       : DATA_LOG | 789720 | 0dnbV3OoKZVSKsRjRsSreDYKOmPaMHd_PD7pjTKbIH4= | 15145.1 | 10.3423 | 13854.5 | -0.928853 | -0.370448 | 0 | none | -1 | 180 | 0 | 0 | 0 | 0 | 0 | 0 | 0 | 0 | 1 | camera | no_target | -0.928853 | 0 | -0.370448 | -0.928853 | 
SCRIPT       : DATA_LOG | 790709 | aRapBi1cCZPZAGLIDny3dk3hQ8vTmNTLHRl8zxmKgQ0= | 13132.1 | 6.12129 | 10271.6 | -0.801859 | 0.597513 | 0 | FAL | 0 | 105.587 | 708.606 | 0 | 1 | 0 | 0 | 0 | 0 | 0 | 1 | camera |  | -0.801859 | -0 | 0.597513 | -0.801859 | 0 
SCRIPT       : DATA_LOG | 790722 | 0dnbV3OoKZVSKsRjRsSreDYKOmPaMHd_PD7pjTKbIH4= | 15141.3 | 10.2827 | 13849.1 | -0.792838 | -0.609432 | 0 | none | -1 | 180 | 0 | 0 | 0 | 0 | 0 | 0 | 0 | 0 | 1 | camera | no_target | -0.792838 | 0 | -0.609432 | -0.792838 | 
SCRIPT       : DATA_LOG | 791710 | aRapBi1cCZPZAGLIDny3dk3hQ8vTmNTLHRl8zxmKgQ0= | 13132.1 | 6.12129 | 10271.6 | -0.801859 | 0.597513 | 0 | FAL | 0 | 105.587 | 708.606 | 0 | 1 | 0 | 0 | 0 | 0 | 0 | 1 | camera |  | -0.801859 | -0 | 0.597513 | -0.801859 | 0 
SCRIPT       : DATA_LOG | 791723 | 0dnbV3OoKZVSKsRjRsSreDYKOmPaMHd_PD7pjTKbIH4= | 15136 | 10.4544 | 13845 | -0.866322 | -0.499486 | 0 | none | -1 | 180 | 0 | 0 | 0 | 0 | 0 | 0 | 0 | 0 | 1 | camera | no_target | -0.866322 | 0 | -0.499486 | -0.866322 | 0 | 
SCRIPT       : DATA_LOG | 792713 | aRapBi1cCZPZAGLIDny3dk3hQ8vTmNTLHRl8zxmKgQ0= | 13132.1 | 6.12129 | 10271.6 | -0.801859 | 0.597513 | 0 | FAL | 0 | 105.587 | 708.606 | 0 | 1 | 0 | 0 | 0 | 0 | 0 | 1 | camera |  | -0.801859 | -0 | 0.597513 | -0.801859 | 0 
SCRIPT       : DATA_LOG | 792731 | 0dnbV3OoKZVSKsRjRsSreDYKOmPaMHd_PD7pjTKbIH4= | 15130.1 | 10.5359 | 13841.6 | -0.99123 | -0.132147 | 0 | none | -1 | 180 | 0 | 0 | 0 | 0 | 0 | 0 | 0 | 0 | 1 | camera | no_target | -0.99123 | 0 | -0.132147 | -0.99123 | 0 |
SCRIPT       : DATA_LOG | 793711 | aRapBi1cCZPZAGLIDny3dk3hQ8vTmNTLHRl8zxmKgQ0= | 13132.1 | 6.12129 | 10271.6 | -0.801859 | 0.597513 | 0 | FAL | 0 | 105.587 | 708.606 | 0 | 1 | 0 | 0 | 0 | 0 | 0 | 1 | camera |  | -0.801859 | -0 | 0.597513 | -0.801859 | 0 
SCRIPT       : DATA_LOG | 793725 | 0dnbV3OoKZVSKsRjRsSreDYKOmPaMHd_PD7pjTKbIH4= | 15127.8 | 10.6209 | 13841.3 | -0.972444 | -0.233138 | 0 | none | -1 | 180 | 0 | 0 | 0 | 0 | 0 | 0 | 0 | 0 | 1 | camera | no_target | -0.972444 | 0 | -0.233138 | -0.972444 | 
SCRIPT       : DATA_LOG | 794712 | aRapBi1cCZPZAGLIDny3dk3hQ8vTmNTLHRl8zxmKgQ0= | 13132.1 | 6.12129 | 10271.6 | -0.801859 | 0.597513 | 0 | FAL | 0 | 105.587 | 708.606 | 0 | 1 | 0 | 0 | 0 | 0 | 0 | 1 | camera |  | -0.801859 | -0 | 0.597513 | -0.801859 | 0 
SCRIPT       : DATA_LOG | 794726 | 0dnbV3OoKZVSKsRjRsSreDYKOmPaMHd_PD7pjTKbIH4= | 15127.4 | 10.6298 | 13841.2 | -0.924455 | 0.381292 | 0 | none | -1 | 180 | 0 | 0 | 0 | 0 | 0 | 0 | 0 | 0 | 1 | camera | no_target | -0.924455 | -0 | 0.381292 | -0.924455 | 0
SCRIPT       : DATA_LOG | 795713 | aRapBi1cCZPZAGLIDny3dk3hQ8vTmNTLHRl8zxmKgQ0= | 13132.1 | 6.12129 | 10271.6 | -0.801859 | 0.597513 | 0 | FAL | 0 | 105.587 | 708.606 | 0 | 1 | 0 | 0 | 0 | 0 | 0 | 1 | camera |  | -0.801859 | -0 | 0.597513 | -0.801859 | 0 
SCRIPT       : DATA_LOG | 795730 | 0dnbV3OoKZVSKsRjRsSreDYKOmPaMHd_PD7pjTKbIH4= | 15125 | 10.84 | 13841.7 | -0.851984 | 0.523568 | 0 | none | -1 | 180 | 0 | 0 | 0 | 0 | 0 | 0 | 0 | 0 | 1 | camera | no_target | -0.851984 | 0 | 0.523568 | -0.851984 | 0 | 0.
SCRIPT       : DATA_LOG | 796711 | aRapBi1cCZPZAGLIDny3dk3hQ8vTmNTLHRl8zxmKgQ0= | 13132.1 | 6.12129 | 10271.6 | -0.801859 | 0.597513 | 0 | FAL | 0 | 105.587 | 708.606 | 0 | 1 | 0 | 0 | 0 | 0 | 0 | 1 | camera |  | -0.801859 | -0 | 0.597513 | -0.801859 | 0 
SCRIPT       : DATA_LOG | 796984 | 0dnbV3OoKZVSKsRjRsSreDYKOmPaMHd_PD7pjTKbIH4= | 15123.3 | 10.8403 | 13842.1 | -0.613594 | 0.789621 | 0 | none | -1 | 180 | 0 | 0 | 0 | 0 | 0 | 0 | 0 | 0 | 1 | camera | no_target | -0.613594 | -0 | 0.789621 | -0.613594 | 0
SCRIPT       : DATA_LOG | 797817 | aRapBi1cCZPZAGLIDny3dk3hQ8vTmNTLHRl8zxmKgQ0= | 13132.1 | 6.12129 | 10271.6 | -0.801859 | 0.597513 | 0 | FAL | 0 | 105.587 | 708.606 | 0 | 1 | 0 | 0 | 0 | 0 | 0 | 1 | camera |  | -0.801859 | -0 | 0.597513 | -0.801859 | 0 
SCRIPT       : DATA_LOG | 797832 | 0dnbV3OoKZVSKsRjRsSreDYKOmPaMHd_PD7pjTKbIH4= | 15123.2 | 10.8404 | 13842.8 | -0.242966 | 0.970035 | 0 | none | -1 | 180 | 0 | 0 | 0 | 0 | 0 | 0 | 0 | 0 | 1 | camera | no_target | -0.242966 | -0 | 0.970035 | -0.242966 | 0
SCRIPT       : DATA_LOG | 798815 | aRapBi1cCZPZAGLIDny3dk3hQ8vTmNTLHRl8zxmKgQ0= | 13132.1 | 6.12129 | 10271.6 | -0.801859 | 0.597513 | 0 | FAL | 0 | 105.587 | 708.606 | 0 | 1 | 0 | 0 | 0 | 0 | 0 | 1 | camera |  | -0.801859 | -0 | 0.597513 | -0.801859 | 0 
SCRIPT       : DATA_LOG | 798833 | 0dnbV3OoKZVSKsRjRsSreDYKOmPaMHd_PD7pjTKbIH4= | 15123.5 | 10.8403 | 13844.4 | -0.828093 | 0.560591 | 0 | none | -1 | 180 | 0 | 0 | 0 | 0 | 0 | 0 | 0 | 0 | 1 | camera | no_target | -0.828093 | 0 | 0.560591 | -0.828093 | 0 
 SCRIPT    (E): Virtual Machine Exception

Reason: NULL pointer to instance

Class:      'TeleportManager'
Function: 'RemoteTeleportPlayers'
Stack trace:
VPPAdminTools/4_World/vppadmintools\plugins\pluginbase\teleportmanager\teleportmanager.c:379 Function RemoteTeleportPlayers
VPPAdminTools/3_Game/communityframework\rpc\rpcmanager.c:86 Function VOnRPC
VPPAdminTools/3_Game/communityframework\rpc\dayzgame.c:7 Function OnRPC
SCRIPT       : DATA_LOG | 799817 | aRapBi1cCZPZAGLIDny3dk3hQ8vTmNTLHRl8zxmKgQ0= | 13132.1 | 6.12129 | 10271.6 | -0.801859 | 0.597513 | 0 | FAL | 0 | 105.587 | 708.606 | 0 | 1 | 0 | 0 | 0 | 0 | 0 | 1 | camera |  | -0.801859 | -0 | 0.597513 | -0.801859 | 0 
SCRIPT       : DATA_LOG | 799832 | 0dnbV3OoKZVSKsRjRsSreDYKOmPaMHd_PD7pjTKbIH4= | 15122.5 | 10.8406 | 13845.4 | -0.4827 | -0.875786 | 0 | none | -1 | 180 | 0 | 0 | 0 | 0 | 0 | 0 | 0 | 0 | 1 | camera | no_target | -0.4827 | 0 | -0.875786 | -0.4827 | 0 | -0
SCRIPT       : DATA_LOG | 800820 | aRapBi1cCZPZAGLIDny3dk3hQ8vTmNTLHRl8zxmKgQ0= | 13132.1 | 6.12129 | 10271.6 | -0.801859 | 0.597513 | 0 | FAL | 0 | 105.587 | 708.606 | 0 | 1 | 0 | 0 | 0 | 0 | 0 | 1 | camera |  | -0.801859 | -0 | 0.597513 | -0.801859 | 0 
SCRIPT       : DATA_LOG | 800838 | 0dnbV3OoKZVSKsRjRsSreDYKOmPaMHd_PD7pjTKbIH4= | 15123.3 | 10.8403 | 13842.5 | -0.376376 | -0.926467 | 0 | none | -1 | 180 | 0 | 0 | 0 | 0 | 0 | 0 | 0 | 0 | 1 | camera | no_target | -0.376376 | 0 | -0.926467 | -0.376376 | 
SCRIPT       : DATA_LOG | 801820 | aRapBi1cCZPZAGLIDny3dk3hQ8vTmNTLHRl8zxmKgQ0= | 13132.1 | 6.12129 | 10271.6 | -0.801859 | 0.597513 | 0 | FAL | 0 | 105.587 | 708.606 | 0 | 1 | 0 | 0 | 0 | 0 | 0 | 1 | camera |  | -0.801859 | -0 | 0.597513 | -0.801859 | 0 
SCRIPT       : DATA_LOG | 801835 | 0dnbV3OoKZVSKsRjRsSreDYKOmPaMHd_PD7pjTKbIH4= | 15123 | 10.8404 | 13841.9 | -0.3551 | -0.934828 | 0 | none | -1 | 180 | 0 | 0 | 0 | 0 | 0 | 0 | 0 | 0 | 1 | camera | no_target | -0.3551 | 0 | -0.934828 | -0.3551 | 0 | -0.9
SCRIPT       : DATA_LOG | 802819 | aRapBi1cCZPZAGLIDny3dk3hQ8vTmNTLHRl8zxmKgQ0= | 13132.1 | 6.12129 | 10271.6 | -0.801859 | 0.597513 | 0 | FAL | 0 | 105.587 | 708.606 | 0 | 1 | 0 | 0 | 0 | 0 | 0 | 1 | camera |  | -0.801859 | -0 | 0.597513 | -0.801859 | 0 
SCRIPT       : DATA_LOG | 802837 | 0dnbV3OoKZVSKsRjRsSreDYKOmPaMHd_PD7pjTKbIH4= | 15122.7 | 10.8405 | 13841.3 | -0.303436 | -0.952852 | 0 | none | -1 | 180 | 0 | 0 | 0 | 0 | 0 | 0 | 0 | 0 | 1 | camera | no_target | -0.303436 | 0 | -0.952852 | -0.303436 | 
 SCRIPT    (E): Virtual Machine Exception

Reason: NULL pointer to instance

Class:      'TeleportManager'
Function: 'RemoteTeleportPlayers'
Stack trace:
VPPAdminTools/4_World/vppadmintools\plugins\pluginbase\teleportmanager\teleportmanager.c:379 Function RemoteTeleportPlayers
VPPAdminTools/3_Game/communityframework\rpc\rpcmanager.c:86 Function VOnRPC
VPPAdminTools/3_Game/communityframework\rpc\dayzgame.c:7 Function OnRPC
SCRIPT       : DATA_LOG | 803825 | aRapBi1cCZPZAGLIDny3dk3hQ8vTmNTLHRl8zxmKgQ0= | 13132.1 | 6.12129 | 10271.6 | -0.801859 | 0.597513 | 0 | FAL | 0 | 105.587 | 708.606 | 0 | 1 | 0 | 0 | 0 | 0 | 0 | 1 | camera |  | -0.801859 | -0 | 0.597513 | -0.801859 | 0 
SCRIPT       : DATA_LOG | 803845 | 0dnbV3OoKZVSKsRjRsSreDYKOmPaMHd_PD7pjTKbIH4= | 15122.4 | 10.8407 | 13839.7 | -0.999689 | 0.0249519 | 0 | none | -1 | 180 | 0 | 0 | 0 | 0 | 0 | 0 | 0 | 0 | 1 | camera | no_target | -0.999689 | -0 | 0.0249519 | -0.999689 |
SCRIPT       : DATA_LOG | 804827 | aRapBi1cCZPZAGLIDny3dk3hQ8vTmNTLHRl8zxmKgQ0= | 13132.1 | 6.12129 | 10271.6 | -0.801859 | 0.597513 | 0 | FAL | 0 | 105.587 | 708.606 | 0 | 1 | 0 | 0 | 0 | 0 | 0 | 1 | camera |  | -0.801859 | -0 | 0.597513 | -0.801859 | 0 
SCRIPT       : DATA_LOG | 804843 | 0dnbV3OoKZVSKsRjRsSreDYKOmPaMHd_PD7pjTKbIH4= | 15122.4 | 10.8407 | 13839.7 | -0.999689 | 0.0249519 | 0 | none | -1 | 180 | 0 | 0 | 0 | 0 | 0 | 0 | 0 | 0 | 1 | camera | no_target | -0.999689 | -0 | 0.0249519 | -0.999689 |
SCRIPT       : DATA_LOG | 805828 | aRapBi1cCZPZAGLIDny3dk3hQ8vTmNTLHRl8zxmKgQ0= | 13132.1 | 6.12129 | 10271.6 | -0.801859 | 0.597513 | 0 | FAL | 0 | 105.587 | 708.606 | 0 | 1 | 0 | 0 | 0 | 0 | 0 | 1 | camera |  | -0.801859 | -0 | 0.597513 | -0.801859 | 0 
SCRIPT       : DATA_LOG | 805848 | 0dnbV3OoKZVSKsRjRsSreDYKOmPaMHd_PD7pjTKbIH4= | 15122.4 | 10.8407 | 13839.7 | -0.999689 | 0.0249519 | 0 | none | -1 | 180 | 0 | 0 | 0 | 0 | 0 | 0 | 0 | 0 | 1 | camera | no_target | -0.999689 | -0 | 0.0249519 | -0.999689 |
SCRIPT       : DATA_LOG | 806826 | aRapBi1cCZPZAGLIDny3dk3hQ8vTmNTLHRl8zxmKgQ0= | 13132.1 | 6.12129 | 10271.6 | -0.801859 | 0.597513 | 0 | FAL | 0 | 105.587 | 708.606 | 0 | 1 | 0 | 0 | 0 | 0 | 0 | 1 | camera |  | -0.801859 | -0 | 0.597513 | -0.801859 | 0 
SCRIPT       : DATA_LOG | 806845 | 0dnbV3OoKZVSKsRjRsSreDYKOmPaMHd_PD7pjTKbIH4= | 15122.4 | 10.8407 | 13839.7 | -0.999689 | 0.0249519 | 0 | none | -1 | 180 | 0 | 0 | 0 | 0 | 0 | 0 | 0 | 0 | 1 | camera | no_target | -0.999689 | -0 | 0.0249519 | -0.999689 |
SCRIPT       : DATA_LOG | 807823 | aRapBi1cCZPZAGLIDny3dk3hQ8vTmNTLHRl8zxmKgQ0= | 13132.1 | 6.12129 | 10271.6 | -0.801859 | 0.597513 | 0 | FAL | 0 | 105.587 | 708.606 | 0 | 1 | 0 | 0 | 0 | 0 | 0 | 1 | camera |  | -0.801859 | -0 | 0.597513 | -0.801859 | 0 
SCRIPT       : DATA_LOG | 807835 | 0dnbV3OoKZVSKsRjRsSreDYKOmPaMHd_PD7pjTKbIH4= | 15122.4 | 10.8407 | 13839.7 | -0.999689 | 0.0249519 | 0 | none | -1 | 180 | 0 | 0 | 0 | 0 | 0 | 0 | 0 | 0 | 1 | camera | no_target | -0.999689 | -0 | 0.0249519 | -0.999689 |
SCRIPT       : DATA_LOG | 808824 | aRapBi1cCZPZAGLIDny3dk3hQ8vTmNTLHRl8zxmKgQ0= | 13132.1 | 6.12129 | 10271.6 | -0.801859 | 0.597513 | 0 | FAL | 0 | 105.587 | 708.606 | 0 | 1 | 0 | 0 | 0 | 0 | 0 | 1 | camera |  | -0.801859 | -0 | 0.597513 | -0.801859 | 0 
SCRIPT       : DATA_LOG | 808842 | 0dnbV3OoKZVSKsRjRsSreDYKOmPaMHd_PD7pjTKbIH4= | 15122.4 | 10.8407 | 13839.7 | -0.999689 | 0.024952 | 0 | none | -1 | 180 | 0 | 0 | 0 | 0 | 0 | 0 | 0 | 0 | 1 | camera | no_target | -0.999689 | -0 | 0.024952 | -0.999689 | 0
SCRIPT       : DATA_LOG | 809828 | aRapBi1cCZPZAGLIDny3dk3hQ8vTmNTLHRl8zxmKgQ0= | 13132.1 | 6.12129 | 10271.6 | -0.801859 | 0.597513 | 0 | FAL | 0 | 105.587 | 708.606 | 0 | 1 | 0 | 0 | 0 | 0 | 0 | 1 | camera |  | -0.801859 | -0 | 0.597513 | -0.801859 | 0 
SCRIPT       : DATA_LOG | 809842 | 0dnbV3OoKZVSKsRjRsSreDYKOmPaMHd_PD7pjTKbIH4= | 15122.4 | 10.8407 | 13839.7 | -0.999689 | 0.024952 | 0 | none | -1 | 180 | 0 | 0 | 0 | 0 | 0 | 0 | 0 | 0 | 1 | camera | no_target | -0.999689 | -0 | 0.024952 | -0.999689 | 0
SCRIPT       : DATA_LOG | 810825 | aRapBi1cCZPZAGLIDny3dk3hQ8vTmNTLHRl8zxmKgQ0= | 13132.1 | 6.12129 | 10271.6 | -0.801859 | 0.597513 | 0 | FAL | 0 | 105.587 | 708.606 | 0 | 1 | 0 | 0 | 0 | 0 | 0 | 1 | camera |  | -0.801859 | -0 | 0.597513 | -0.801859 | 0 
SCRIPT       : DATA_LOG | 810842 | 0dnbV3OoKZVSKsRjRsSreDYKOmPaMHd_PD7pjTKbIH4= | 15122.4 | 10.8407 | 13839.7 | -0.999689 | 0.024952 | 0 | none | -1 | 180 | 0 | 0 | 0 | 0 | 0 | 0 | 0 | 0 | 1 | camera | no_target | -0.999689 | -0 | 0.024952 | -0.999689 | 0
SCRIPT       : DATA_LOG | 811828 | aRapBi1cCZPZAGLIDny3dk3hQ8vTmNTLHRl8zxmKgQ0= | 13132.1 | 6.12129 | 10271.6 | -0.801859 | 0.597513 | 0 | FAL | 0 | 105.587 | 708.606 | 0 | 1 | 0 | 0 | 0 | 0 | 0 | 1 | camera |  | -0.801859 | -0 | 0.597513 | -0.801859 | 0 
SCRIPT       : DATA_LOG | 811842 | 0dnbV3OoKZVSKsRjRsSreDYKOmPaMHd_PD7pjTKbIH4= | 15122.4 | 10.8407 | 13839.7 | -0.999689 | 0.024952 | 0 | none | -1 | 180 | 0 | 0 | 0 | 0 | 0 | 0 | 0 | 0 | 1 | camera | no_target | -0.999689 | -0 | 0.024952 | -0.999689 | 0
SCRIPT       : DATA_LOG | 812827 | aRapBi1cCZPZAGLIDny3dk3hQ8vTmNTLHRl8zxmKgQ0= | 13132.1 | 6.12129 | 10271.6 | -0.801859 | 0.597513 | 0 | FAL | 0 | 105.587 | 708.606 | 0 | 1 | 0 | 0 | 0 | 0 | 0 | 1 | camera |  | -0.801859 | -0 | 0.597513 | -0.801859 | 0 
SCRIPT       : DATA_LOG | 812841 | 0dnbV3OoKZVSKsRjRsSreDYKOmPaMHd_PD7pjTKbIH4= | 15122.4 | 10.8407 | 13839.7 | -0.999689 | 0.024952 | 0 | none | -1 | 180 | 0 | 0 | 0 | 0 | 0 | 0 | 0 | 0 | 1 | camera | no_target | -0.999689 | -0 | 0.024952 | -0.999689 | 0
SCRIPT       : DATA_LOG | 813836 | aRapBi1cCZPZAGLIDny3dk3hQ8vTmNTLHRl8zxmKgQ0= | 13132.1 | 6.12129 | 10271.6 | -0.801859 | 0.597513 | 0 | FAL | 0 | 105.587 | 708.606 | 0 | 1 | 0 | 0 | 0 | 0 | 0 | 1 | camera |  | -0.801859 | -0 | 0.597513 | -0.801859 | 0 
SCRIPT       : DATA_LOG | 813856 | 0dnbV3OoKZVSKsRjRsSreDYKOmPaMHd_PD7pjTKbIH4= | 15122.4 | 10.8407 | 13839.7 | -0.999689 | 0.024952 | 0 | none | -1 | 180 | 0 | 0 | 0 | 0 | 0 | 0 | 0 | 0 | 1 | camera | no_target | -0.999689 | -0 | 0.024952 | -0.999689 | 0
SCRIPT       : DATA_LOG | 814836 | aRapBi1cCZPZAGLIDny3dk3hQ8vTmNTLHRl8zxmKgQ0= | 13132.1 | 6.12129 | 10271.6 | -0.801859 | 0.597513 | 0 | FAL | 0 | 105.587 | 708.606 | 0 | 1 | 0 | 0 | 0 | 0 | 0 | 1 | camera |  | -0.801859 | -0 | 0.597513 | -0.801859 | 0 
SCRIPT       : DATA_LOG | 814856 | 0dnbV3OoKZVSKsRjRsSreDYKOmPaMHd_PD7pjTKbIH4= | 15122.4 | 10.8407 | 13839.7 | -0.999689 | 0.024952 | 0 | none | -1 | 180 | 0 | 0 | 0 | 0 | 0 | 0 | 0 | 0 | 1 | camera | no_target | -0.999689 | -0 | 0.024952 | -0.999689 | 0
SCRIPT       : DATA_LOG | 815837 | aRapBi1cCZPZAGLIDny3dk3hQ8vTmNTLHRl8zxmKgQ0= | 13132.1 | 6.12129 | 10271.6 | -0.801859 | 0.597513 | 0 | FAL | 0 | 105.587 | 708.606 | 0 | 1 | 0 | 0 | 0 | 0 | 0 | 1 | camera |  | -0.801859 | -0 | 0.597513 | -0.801859 | 0 
SCRIPT       : DATA_LOG | 815857 | 0dnbV3OoKZVSKsRjRsSreDYKOmPaMHd_PD7pjTKbIH4= | 15122.4 | 10.8407 | 13839.7 | -0.999689 | 0.024952 | 0 | none | -1 | 180 | 0 | 0 | 0 | 0 | 0 | 0 | 0 | 0 | 1 | camera | no_target | -0.999689 | -0 | 0.024952 | -0.999689 | 0
SCRIPT       : DATA_LOG | 816838 | aRapBi1cCZPZAGLIDny3dk3hQ8vTmNTLHRl8zxmKgQ0= | 13132.1 | 6.12129 | 10271.6 | -0.801859 | 0.597513 | 0 | FAL | 0 | 105.587 | 708.606 | 0 | 1 | 0 | 0 | 0 | 0 | 0 | 1 | camera |  | -0.801859 | -0 | 0.597513 | -0.801859 | 0 
SCRIPT       : DATA_LOG | 816856 | 0dnbV3OoKZVSKsRjRsSreDYKOmPaMHd_PD7pjTKbIH4= | 15122.4 | 10.8407 | 13839.7 | -0.999689 | 0.024952 | 0 | none | -1 | 180 | 0 | 0 | 0 | 0 | 0 | 0 | 0 | 0 | 1 | camera | no_target | -0.999689 | -0 | 0.024952 | -0.999689 | 0
SCRIPT       : DATA_LOG | 817833 | aRapBi1cCZPZAGLIDny3dk3hQ8vTmNTLHRl8zxmKgQ0= | 13132.1 | 6.12129 | 10271.6 | -0.801859 | 0.597513 | 0 | FAL | 0 | 105.587 | 708.606 | 0 | 1 | 0 | 0 | 0 | 0 | 0 | 1 | camera |  | -0.801859 | -0 | 0.597513 | -0.801859 | 0 
SCRIPT       : DATA_LOG | 817846 | 0dnbV3OoKZVSKsRjRsSreDYKOmPaMHd_PD7pjTKbIH4= | 15122.4 | 10.8407 | 13839.7 | -0.999689 | 0.024952 | 0 | none | -1 | 180 | 0 | 0 | 0 | 0 | 0 | 0 | 0 | 0 | 1 | camera | no_target | -0.999689 | -0 | 0.024952 | -0.999689 | 0
SCRIPT       : DATA_LOG | 818835 | aRapBi1cCZPZAGLIDny3dk3hQ8vTmNTLHRl8zxmKgQ0= | 13132.1 | 6.12129 | 10271.6 | -0.801859 | 0.597513 | 0 | FAL | 0 | 105.587 | 708.606 | 0 | 1 | 0 | 0 | 0 | 0 | 0 | 1 | camera |  | -0.801859 | -0 | 0.597513 | -0.801859 | 0 
SCRIPT       : DATA_LOG | 818849 | 0dnbV3OoKZVSKsRjRsSreDYKOmPaMHd_PD7pjTKbIH4= | 15122.4 | 10.8407 | 13839.7 | -0.999689 | 0.024952 | 0 | none | -1 | 180 | 0 | 0 | 0 | 0 | 0 | 0 | 0 | 0 | 1 | camera | no_target | -0.999689 | -0 | 0.024952 | -0.999689 | 0
SCRIPT       : DATA_LOG | 819836 | aRapBi1cCZPZAGLIDny3dk3hQ8vTmNTLHRl8zxmKgQ0= | 13132.1 | 6.12129 | 10271.6 | -0.801859 | 0.597513 | 0 | FAL | 0 | 105.587 | 708.606 | 0 | 1 | 0 | 0 | 0 | 0 | 0 | 1 | camera |  | -0.801859 | -0 | 0.597513 | -0.801859 | 0 
SCRIPT       : DATA_LOG | 819854 | 0dnbV3OoKZVSKsRjRsSreDYKOmPaMHd_PD7pjTKbIH4= | 15122.4 | 10.8407 | 13839.7 | -0.999689 | 0.024952 | 0 | none | -1 | 180 | 0 | 0 | 0 | 0 | 0 | 0 | 0 | 0 | 1 | camera | no_target | -0.999689 | -0 | 0.024952 | -0.999689 | 0
SCRIPT       : DATA_LOG | 820842 | aRapBi1cCZPZAGLIDny3dk3hQ8vTmNTLHRl8zxmKgQ0= | 13132.1 | 6.12129 | 10271.6 | -0.801859 | 0.597513 | 0 | FAL | 0 | 105.587 | 708.606 | 0 | 1 | 0 | 0 | 0 | 0 | 0 | 1 | camera |  | -0.801859 | -0 | 0.597513 | -0.801859 | 0 
SCRIPT       : DATA_LOG | 820859 | 0dnbV3OoKZVSKsRjRsSreDYKOmPaMHd_PD7pjTKbIH4= | 15121.3 | 10.8411 | 13840.2 | -0.89874 | 0.438483 | 0 | none | -1 | 180 | 0 | 0 | 0 | 0 | 0 | 0 | 0 | 0 | 1 | camera | no_target | -0.89874 | 0 | 0.438483 | -0.89874 | 0 | 0
SCRIPT       : DATA_LOG | 821839 | aRapBi1cCZPZAGLIDny3dk3hQ8vTmNTLHRl8zxmKgQ0= | 13132.1 | 6.12129 | 10271.6 | -0.801859 | 0.597513 | 0 | FAL | 0 | 105.587 | 708.606 | 0 | 1 | 0 | 0 | 0 | 0 | 0 | 1 | camera |  | -0.801859 | -0 | 0.597513 | -0.801859 | 0 
SCRIPT       : DATA_LOG | 821855 | 0dnbV3OoKZVSKsRjRsSreDYKOmPaMHd_PD7pjTKbIH4= | 15120.4 | 10.9878 | 13841.4 | -0.402274 | -0.915519 | 0 | none | -1 | 180 | 0 | 0 | 0 | 0 | 0 | 0 | 0 | 0 | 1 | camera | no_target | -0.402274 | 0 | -0.915519 | -0.402274 | 
SCRIPT       : DATA_LOG | 822839 | aRapBi1cCZPZAGLIDny3dk3hQ8vTmNTLHRl8zxmKgQ0= | 13132.1 | 6.12129 | 10271.6 | -0.801859 | 0.597513 | 0 | FAL | 0 | 105.587 | 708.606 | 0 | 1 | 0 | 0 | 0 | 0 | 0 | 1 | camera |  | -0.801859 | -0 | 0.597513 | -0.801859 | 0 
SCRIPT       : DATA_LOG | 822853 | 0dnbV3OoKZVSKsRjRsSreDYKOmPaMHd_PD7pjTKbIH4= | 15121.6 | 10.8411 | 13839.1 | -0.64852 | -0.761198 | 0 | none | -1 | 180 | 0 | 0 | 0 | 0 | 0 | 0 | 0 | 0 | 1 | camera | no_target | -0.64852 | 0 | -0.761198 | -0.64852 | 0 |
SCRIPT       : DATA_LOG | 823853 | aRapBi1cCZPZAGLIDny3dk3hQ8vTmNTLHRl8zxmKgQ0= | 13132.1 | 6.12129 | 10271.6 | -0.801859 | 0.597513 | 0 | FAL | 0 | 105.587 | 708.606 | 0 | 1 | 0 | 0 | 0 | 0 | 0 | 1 | camera |  | -0.801859 | -0 | 0.597513 | -0.801859 | 0 
SCRIPT       : DATA_LOG | 823866 | 0dnbV3OoKZVSKsRjRsSreDYKOmPaMHd_PD7pjTKbIH4= | 15121.5 | 10.8412 | 13838.4 | -0.185108 | -0.982718 | 0 | none | -1 | 180 | 0 | 0 | 0 | 0 | 0 | 0 | 0 | 0 | 1 | camera | no_target | -0.185108 | 0 | -0.982718 | -0.185108 | 
SCRIPT       : DATA_LOG | 824853 | aRapBi1cCZPZAGLIDny3dk3hQ8vTmNTLHRl8zxmKgQ0= | 13132.1 | 6.12129 | 10271.6 | -0.801859 | 0.597513 | 0 | FAL | 0 | 105.587 | 708.606 | 0 | 1 | 0 | 0 | 0 | 0 | 0 | 1 | camera |  | -0.801859 | -0 | 0.597513 | -0.801859 | 0 
SCRIPT       : DATA_LOG | 824871 | 0dnbV3OoKZVSKsRjRsSreDYKOmPaMHd_PD7pjTKbIH4= | 15121.3 | 10.8412 | 13838.5 | -0.999995 | -0.00310024 | 0 | none | -1 | 180 | 0 | 0 | 0 | 0 | 0 | 0 | 0 | 0 | 1 | camera | no_target | -0.999995 | 0 | -0.00310024 | -0.99999
SCRIPT       : DATA_LOG | 825857 | aRapBi1cCZPZAGLIDny3dk3hQ8vTmNTLHRl8zxmKgQ0= | 13132.1 | 6.12129 | 10271.6 | -0.801859 | 0.597513 | 0 | FAL | 0 | 105.587 | 708.606 | 0 | 1 | 0 | 0 | 0 | 0 | 0 | 1 | camera |  | -0.801859 | -0 | 0.597513 | -0.801859 | 0 
SCRIPT       : DATA_LOG | 825870 | 0dnbV3OoKZVSKsRjRsSreDYKOmPaMHd_PD7pjTKbIH4= | 15119.7 | 10.8418 | 13839.3 | -0.915187 | 0.403029 | 0 | none | -1 | 180 | 0 | 0 | 0 | 0 | 0 | 0 | 0 | 0 | 1 | camera | no_target | -0.915187 | 0 | 0.403029 | -0.915187 | 0 
SCRIPT       : DATA_LOG | 827099 | aRapBi1cCZPZAGLIDny3dk3hQ8vTmNTLHRl8zxmKgQ0= | 13132.1 | 6.12129 | 10271.6 | -0.801859 | 0.597513 | 0 | FAL | 0 | 105.587 | 708.606 | 0 | 1 | 0 | 0 | 0 | 0 | 0 | 1 | camera |  | -0.801859 | -0 | 0.597513 | -0.801859 | 0 
SCRIPT       : DATA_LOG | 827115 | 0dnbV3OoKZVSKsRjRsSreDYKOmPaMHd_PD7pjTKbIH4= | 15117.2 | 10.6322 | 13838.2 | -0.0313325 | -0.999509 | 0 | none | -1 | 180 | 0 | 0 | 0 | 0 | 0 | 0 | 0 | 0 | 1 | camera | no_target | -0.0313325 | 0 | -0.999509 | -0.0313325
SCRIPT       : DATA_LOG | 828107 | aRapBi1cCZPZAGLIDny3dk3hQ8vTmNTLHRl8zxmKgQ0= | 13132.1 | 6.12129 | 10271.6 | -0.801859 | 0.597513 | 0 | FAL | 0 | 105.587 | 708.606 | 0 | 1 | 0 | 0 | 0 | 0 | 0 | 1 | camera |  | -0.801859 | -0 | 0.597513 | -0.801859 | 0 
SCRIPT       : DATA_LOG | 828125 | 0dnbV3OoKZVSKsRjRsSreDYKOmPaMHd_PD7pjTKbIH4= | 15120.1 | 10.0327 | 13833.6 | 0.325692 | -0.945476 | 0 | none | -1 | 180 | 0 | 0 | 0 | 0 | 0 | 0 | 0 | 0 | 1 | camera | no_target | 0.325692 | 0 | -0.945476 | 0.325692 | 0 |
SCRIPT       : DATA_LOG | 829103 | aRapBi1cCZPZAGLIDny3dk3hQ8vTmNTLHRl8zxmKgQ0= | 13132.1 | 6.12129 | 10271.6 | -0.801859 | 0.597513 | 0 | FAL | 0 | 105.587 | 708.606 | 0 | 1 | 0 | 0 | 0 | 0 | 0 | 1 | camera |  | -0.801859 | -0 | 0.597513 | -0.801859 | 0 
SCRIPT       : DATA_LOG | 829118 | 0dnbV3OoKZVSKsRjRsSreDYKOmPaMHd_PD7pjTKbIH4= | 15122.2 | 10.5118 | 13830.5 | -0.197468 | -0.980309 | 0 | none | -1 | 180 | 0 | 0 | 0 | 0 | 0 | 0 | 0 | 0 | 1 | camera | no_target | -0.197468 | 0 | -0.980309 | -0.197468 | 
SCRIPT       : DATA_LOG | 830107 | aRapBi1cCZPZAGLIDny3dk3hQ8vTmNTLHRl8zxmKgQ0= | 13132.1 | 6.12129 | 10271.6 | -0.801859 | 0.597513 | 0 | FAL | 0 | 105.587 | 708.606 | 0 | 1 | 0 | 0 | 0 | 0 | 0 | 1 | camera |  | -0.801859 | -0 | 0.597513 | -0.801859 | 0 
SCRIPT       : DATA_LOG | 830122 | 0dnbV3OoKZVSKsRjRsSreDYKOmPaMHd_PD7pjTKbIH4= | 15123.6 | 9.38958 | 13826.8 | -0.337161 | -0.941447 | 0 | none | -1 | 180 | 0 | 0 | 0 | 0 | 0 | 0 | 0 | 0 | 1 | camera | no_target | -0.337161 | 0 | -0.941447 | -0.337161 | 
SCRIPT       : DATA_LOG | 831103 | aRapBi1cCZPZAGLIDny3dk3hQ8vTmNTLHRl8zxmKgQ0= | 13132.1 | 6.12129 | 10271.6 | -0.801859 | 0.597513 | 0 | FAL | 0 | 105.587 | 708.606 | 0 | 1 | 0 | 0 | 0 | 0 | 0 | 1 | camera |  | -0.801859 | -0 | 0.597513 | -0.801859 | 0 
SCRIPT       : DATA_LOG | 831118 | 0dnbV3OoKZVSKsRjRsSreDYKOmPaMHd_PD7pjTKbIH4= | 15126.5 | 9.2401 | 13820.7 | -0.336798 | -0.941577 | 0 | none | -1 | 180 | 0 | 0 | 0 | 0 | 0 | 0 | 0 | 0 | 1 | camera | no_target | -0.336798 | 0 | -0.941577 | -0.336798 | 0
SCRIPT       : DATA_LOG | 832103 | aRapBi1cCZPZAGLIDny3dk3hQ8vTmNTLHRl8zxmKgQ0= | 13132.1 | 6.12129 | 10271.6 | -0.801859 | 0.597513 | 0 | FAL | 0 | 105.587 | 708.606 | 0 | 1 | 0 | 0 | 0 | 0 | 0 | 1 | camera |  | -0.801859 | -0 | 0.597513 | -0.801859 | 0 
SCRIPT       : DATA_LOG | 832116 | 0dnbV3OoKZVSKsRjRsSreDYKOmPaMHd_PD7pjTKbIH4= | 15126.6 | 9.09929 | 13814.1 | 0.139075 | -0.990282 | 0 | none | -1 | 180 | 0 | 0 | 0 | 0 | 0 | 0 | 0 | 0 | 1 | camera | no_target | 0.139075 | 0 | -0.990282 | 0.139075 | 0 |
SCRIPT       : DATA_LOG | 833106 | aRapBi1cCZPZAGLIDny3dk3hQ8vTmNTLHRl8zxmKgQ0= | 13132.1 | 6.12129 | 10271.6 | -0.801859 | 0.597513 | 0 | FAL | 0 | 105.587 | 708.606 | 0 | 1 | 0 | 0 | 0 | 0 | 0 | 1 | camera |  | -0.801859 | -0 | 0.597513 | -0.801859 | 0 
SCRIPT       : DATA_LOG | 833122 | 0dnbV3OoKZVSKsRjRsSreDYKOmPaMHd_PD7pjTKbIH4= | 15127.2 | 9.15018 | 13811.8 | -0.0431148 | -0.99907 | 0 | none | -1 | 180 | 0 | 0 | 0 | 0 | 0 | 0 | 0 | 0 | 1 | camera | no_target | -0.0431148 | 0 | -0.99907 | -0.0431148 |
SCRIPT       : DATA_LOG | 834111 | aRapBi1cCZPZAGLIDny3dk3hQ8vTmNTLHRl8zxmKgQ0= | 13132.1 | 6.12129 | 10271.6 | -0.801859 | 0.597513 | 0 | FAL | 0 | 105.587 | 708.606 | 0 | 1 | 0 | 0 | 0 | 0 | 0 | 1 | camera |  | -0.801859 | -0 | 0.597513 | -0.801859 | 0 
SCRIPT       : DATA_LOG | 834128 | 0dnbV3OoKZVSKsRjRsSreDYKOmPaMHd_PD7pjTKbIH4= | 15125.8 | 9.52143 | 13809.5 | -0.915421 | -0.402498 | 0 | none | -1 | 180 | 0 | 0 | 0 | 0 | 0 | 0 | 0 | 0 | 1 | camera | no_target | -0.915421 | 0 | -0.402498 | -0.915421 | 
SCRIPT       : DATA_LOG | 835113 | aRapBi1cCZPZAGLIDny3dk3hQ8vTmNTLHRl8zxmKgQ0= | 13132.1 | 6.12129 | 10271.6 | -0.801859 | 0.597513 | 0 | FAL | 0 | 105.587 | 708.606 | 0 | 1 | 0 | 0 | 0 | 0 | 0 | 1 | camera |  | -0.801859 | -0 | 0.597513 | -0.801859 | 0 
SCRIPT       : DATA_LOG | 835133 | 0dnbV3OoKZVSKsRjRsSreDYKOmPaMHd_PD7pjTKbIH4= | 15124 | 9.52207 | 13809.1 | -0.996377 | 0.0850442 | 0 | none | -1 | 180 | 0 | 0 | 0 | 0 | 0 | 0 | 0 | 0 | 1 | camera | no_target | -0.996377 | 0 | 0.0850442 | -0.996377 | 0 
SCRIPT       : DATA_LOG | 836116 | aRapBi1cCZPZAGLIDny3dk3hQ8vTmNTLHRl8zxmKgQ0= | 13132.1 | 6.12129 | 10271.6 | -0.801859 | 0.597513 | 0 | FAL | 0 | 105.587 | 708.606 | 0 | 1 | 0 | 0 | 0 | 0 | 0 | 1 | camera |  | -0.801859 | -0 | 0.597513 | -0.801859 | 0 
SCRIPT       : DATA_LOG | 836134 | 0dnbV3OoKZVSKsRjRsSreDYKOmPaMHd_PD7pjTKbIH4= | 15121.8 | 9.53222 | 13810.2 | -0.864398 | 0.502808 | 0 | none | -1 | 180 | 0 | 0 | 0 | 0 | 0 | 0 | 0 | 0 | 1 | camera | no_target | -0.864398 | -0 | 0.502808 | -0.864398 | 0
SCRIPT       : DATA_LOG | 837115 | aRapBi1cCZPZAGLIDny3dk3hQ8vTmNTLHRl8zxmKgQ0= | 13132.1 | 6.12129 | 10271.6 | -0.801859 | 0.597513 | 0 | FAL | 0 | 105.587 | 708.606 | 0 | 1 | 0 | 0 | 0 | 0 | 0 | 1 | camera |  | -0.801859 | -0 | 0.597513 | -0.801859 | 0 
SCRIPT       : DATA_LOG | 837131 | 0dnbV3OoKZVSKsRjRsSreDYKOmPaMHd_PD7pjTKbIH4= | 15121.8 | 9.53222 | 13810.2 | -0.864398 | 0.502808 | 0 | none | -1 | 180 | 0 | 0 | 0 | 0 | 0 | 0 | 0 | 0 | 1 | camera | no_target | -0.864398 | -0 | 0.502808 | -0.864398 | 0
SCRIPT       : DATA_LOG | 838119 | aRapBi1cCZPZAGLIDny3dk3hQ8vTmNTLHRl8zxmKgQ0= | 13132.1 | 6.12129 | 10271.6 | -0.801859 | 0.597513 | 0 | FAL | 0 | 105.587 | 708.606 | 0 | 1 | 0 | 0 | 0 | 0 | 0 | 1 | camera |  | -0.801859 | -0 | 0.597513 | -0.801859 | 0 
SCRIPT       : DATA_LOG | 838138 | 0dnbV3OoKZVSKsRjRsSreDYKOmPaMHd_PD7pjTKbIH4= | 15121.8 | 9.53222 | 13810.2 | -0.703975 | -0.710225 | 0 | none | -1 | 180 | 0 | 0 | 0 | 0 | 0 | 0 | 0 | 0 | 1 | camera | no_target | -0.703975 | 0 | -0.710225 | -0.703975 | 
SCRIPT       : DATA_LOG | 839113 | aRapBi1cCZPZAGLIDny3dk3hQ8vTmNTLHRl8zxmKgQ0= | 13132.1 | 6.12129 | 10271.6 | -0.801859 | 0.597513 | 0 | FAL | 0 | 105.587 | 708.606 | 0 | 1 | 0 | 0 | 0 | 0 | 0 | 1 | camera |  | -0.801859 | -0 | 0.597513 | -0.801859 | 0 
SCRIPT       : DATA_LOG | 839129 | 0dnbV3OoKZVSKsRjRsSreDYKOmPaMHd_PD7pjTKbIH4= | 15122.2 | 9.71645 | 13810.3 | 0.802459 | -0.596707 | 0 | none | -1 | 180 | 0 | 0 | 0 | 0 | 0 | 0 | 0 | 0 | 1 | camera | no_target | 0.802459 | 0 | -0.596707 | 0.802459 | 0 |
SCRIPT       : DATA_LOG | 840120 | aRapBi1cCZPZAGLIDny3dk3hQ8vTmNTLHRl8zxmKgQ0= | 13132.1 | 6.12129 | 10271.6 | -0.801859 | 0.597513 | 0 | FAL | 0 | 105.587 | 708.606 | 0 | 1 | 0 | 0 | 0 | 0 | 0 | 1 | camera |  | -0.801859 | -0 | 0.597513 | -0.801859 | 0 
SCRIPT       : DATA_LOG | 840138 | 0dnbV3OoKZVSKsRjRsSreDYKOmPaMHd_PD7pjTKbIH4= | 15123.2 | 9.52232 | 13809.2 | 0.301123 | -0.953585 | 0 | none | -1 | 180 | 0 | 0 | 0 | 0 | 0 | 0 | 0 | 0 | 1 | camera | no_target | 0.301123 | 0 | -0.953585 | 0.301123 | 0 |
SCRIPT       : DATA_LOG | 841117 | aRapBi1cCZPZAGLIDny3dk3hQ8vTmNTLHRl8zxmKgQ0= | 13132.1 | 6.12129 | 10271.6 | -0.801859 | 0.597513 | 0 | FAL | 0 | 105.587 | 708.606 | 0 | 1 | 0 | 0 | 0 | 0 | 0 | 1 | camera |  | -0.801859 | -0 | 0.597513 | -0.801859 | 0 
SCRIPT       : DATA_LOG | 841131 | 0dnbV3OoKZVSKsRjRsSreDYKOmPaMHd_PD7pjTKbIH4= | 15123.2 | 9.52232 | 13809.2 | 0.301123 | -0.953585 | 0 | none | -1 | 180 | 0 | 0 | 0 | 0 | 0 | 0 | 0 | 0 | 1 | camera | no_target | 0.301123 | 0 | -0.953585 | 0.301123 | 0 |
 SCRIPT       : [Logout]: New player 0dnbV3OoKZVSKsRjRsSreDYKOmPaMHd_PD7pjTKbIH4= with logout time 15
 SCRIPT       : Player "Survivor" (steamid=76561199031921922) initiated disconnect process...
SCRIPT       : DATA_LOG | 842175 | aRapBi1cCZPZAGLIDny3dk3hQ8vTmNTLHRl8zxmKgQ0= | 13129.8 | 6.1229 | 10272 | -0.993203 | 0.116393 | 0 | FAL | 0 | 75.7675 | 708.135 | 0 | 1 | 0 | 0 | 0 | 0 | 0 | 1 | camera |  | -0.993203 | -0 | 0.116393 | -0.993203 | 0 | 0
SCRIPT       : DATA_LOG | 842189 | 0dnbV3OoKZVSKsRjRsSreDYKOmPaMHd_PD7pjTKbIH4= | 15123.2 | 9.52232 | 13809.2 | 0.301123 | -0.953585 | 0 | none | -1 | 180 | 0 | 0 | 0 | 0 | 0 | 0 | 0 | 0 | 1 | camera | no_target | 0.301123 | 0 | -0.953585 | 0.301123 | 0 |
 SCRIPT       : Player "" (steamid=) disconnected early from server (EXIT NOW).
SCRIPT       : DATA_LOG | 843180 | aRapBi1cCZPZAGLIDny3dk3hQ8vTmNTLHRl8zxmKgQ0= | 13126.7 | 6.13213 | 10274.3 | -0.925243 | -0.379375 | 0 | FAL | 0 | 47.0867 | 709.228 | 0 | 1 | 0 | 0 | 0 | 0 | 0 | 1 | camera |  | -0.925243 | 0 | -0.379375 | -0.925243 | 0
SCRIPT       : DATA_LOG | 843196 | 0dnbV3OoKZVSKsRjRsSreDYKOmPaMHd_PD7pjTKbIH4= | 15123.2 | 9.52232 | 13809.3 | 0.301123 | -0.953585 | 0 | none | -1 | 180 | 0 | 0 | 0 | 0 | 0 | 0 | 0 | 0 | 1 | camera | no_target | 0.301123 | 0 | -0.953585 | 0.301123 | 0 |
SCRIPT       : DATA_LOG | 844193 | aRapBi1cCZPZAGLIDny3dk3hQ8vTmNTLHRl8zxmKgQ0= | 13120.9 | 6.11865 | 10273.6 | -0.300521 | -0.953775 | 0 | FAL | 0 | 2.70769 | 706.549 | 0 | 1 | 0 | 1 | 0 | 0 | 0 | 1 | camera | Land_Sawmill_Illuminanttower | -0.300521 | 0
SCRIPT       : DATA_LOG | 844212 | 0dnbV3OoKZVSKsRjRsSreDYKOmPaMHd_PD7pjTKbIH4= | 15123.2 | 9.52232 | 13809.3 | 0.301123 | -0.953585 | 0 | none | -1 | 180 | 0 | 0 | 0 | 0 | 0 | 0 | 0 | 0 | 1 | camera | no_target | 0.301123 | 0 | -0.953585 | 0.301123 | 0 |
SCRIPT       : DATA_LOG | 845198 | aRapBi1cCZPZAGLIDny3dk3hQ8vTmNTLHRl8zxmKgQ0= | 13121.8 | 6.12209 | 10273.9 | 0.997782 | -0.0665688 | 0 | FAL | 0 | 95.4829 | 984.018 | 0 | 1 | 1 | 0 | 0 | 0 | 0 | 1 | camera |  | 0.997782 | 0 | -0.0665688 | 0.997782 | 0 
SCRIPT       : DATA_LOG | 845217 | 0dnbV3OoKZVSKsRjRsSreDYKOmPaMHd_PD7pjTKbIH4= | 15123.2 | 9.52232 | 13809.3 | 0.301123 | -0.953585 | 0 | none | -1 | 180 | 0 | 0 | 0 | 0 | 0 | 0 | 0 | 0 | 1 | camera | no_target | 0.301123 | 0 | -0.953585 | 0.301123 | 0 |
SCRIPT       : DATA_LOG | 846194 | aRapBi1cCZPZAGLIDny3dk3hQ8vTmNTLHRl8zxmKgQ0= | 13126.8 | 6.12858 | 10273.4 | 0.991249 | 0.132007 | 0 | FAL | 0 | 107.181 | 984.309 | 0 | 1 | 1 | 0 | 0 | 0 | 0 | 1 | camera |  | 0.991249 | 0 | 0.132007 | 0.991249 | 0 | 0.
SCRIPT       : DATA_LOG | 846209 | 0dnbV3OoKZVSKsRjRsSreDYKOmPaMHd_PD7pjTKbIH4= | 15123.2 | 9.52232 | 13809.3 | 0.301123 | -0.953585 | 0 | none | -1 | 180 | 0 | 0 | 0 | 0 | 0 | 0 | 0 | 0 | 1 | camera | no_target | 0.301123 | 0 | -0.953585 | 0.301123 | 0 |
SCRIPT       : DATA_LOG | 847194 | aRapBi1cCZPZAGLIDny3dk3hQ8vTmNTLHRl8zxmKgQ0= | 13131.8 | 6.1255 | 10272.6 | -0.518511 | 0.855071 | 0 | FAL | 0 | 127.72 | 709.454 | 0 | 1 | 0 | 0 | 0 | 0 | 0 | 1 | camera |  | -0.518511 | 0 | 0.855071 | -0.518511 | 0 | 0
SCRIPT       : DATA_LOG | 847209 | 0dnbV3OoKZVSKsRjRsSreDYKOmPaMHd_PD7pjTKbIH4= | 15123.2 | 9.52232 | 13809.3 | 0.301123 | -0.953585 | 0 | none | -1 | 180 | 0 | 0 | 0 | 0 | 0 | 0 | 0 | 0 | 1 | camera | no_target | 0.301123 | 0 | -0.953585 | 0.301123 | 0 |
SCRIPT       : DATA_LOG | 848200 | aRapBi1cCZPZAGLIDny3dk3hQ8vTmNTLHRl8zxmKgQ0= | 13133.1 | 6.11808 | 10271.4 | -0.898676 | 0.438613 | 0 | FAL | 0 | 94.8323 | 708.73 | 0 | 1 | 0 | 0 | 0 | 0 | 0 | 1 | camera |  | -0.898676 | -0 | 0.438613 | -0.898676 | 0 |
SCRIPT       : DATA_LOG | 848220 | 0dnbV3OoKZVSKsRjRsSreDYKOmPaMHd_PD7pjTKbIH4= | 15123.2 | 9.52232 | 13809.3 | 0.301123 | -0.953585 | 0 | none | -1 | 180 | 0 | 0 | 0 | 0 | 0 | 0 | 0 | 0 | 1 | camera | no_target | 0.301123 | 0 | -0.953585 | 0.301123 | 0 |
SCRIPT       : DATA_LOG | 849196 | aRapBi1cCZPZAGLIDny3dk3hQ8vTmNTLHRl8zxmKgQ0= | 13133.1 | 6.11808 | 10271.4 | -0.898676 | 0.438613 | 0 | FAL | 0 | 94.8323 | 708.73 | 0 | 1 | 0 | 0 | 0 | 0 | 0 | 1 | camera |  | -0.898676 | -0 | 0.438613 | -0.898676 | 0 |
SCRIPT       : DATA_LOG | 849211 | 0dnbV3OoKZVSKsRjRsSreDYKOmPaMHd_PD7pjTKbIH4= | 15123.2 | 9.52232 | 13809.3 | 0.301123 | -0.953585 | 0 | none | -1 | 180 | 0 | 0 | 0 | 0 | 0 | 0 | 0 | 0 | 1 | camera | no_target | 0.301123 | 0 | -0.953585 | 0.301123 | 0 |
SCRIPT       : DATA_LOG | 850199 | aRapBi1cCZPZAGLIDny3dk3hQ8vTmNTLHRl8zxmKgQ0= | 13133.1 | 6.1181 | 10271.4 | -0.896039 | 0.443975 | 0 | FAL | 0 | 95.1745 | 708.743 | 0 | 1 | 0 | 0 | 0 | 0 | 0 | 1 | camera |  | -0.896039 | 0 | 0.443975 | -0.896039 | 0 | 
SCRIPT       : DATA_LOG | 850219 | 0dnbV3OoKZVSKsRjRsSreDYKOmPaMHd_PD7pjTKbIH4= | 15123.2 | 9.52232 | 13809.3 | 0.301123 | -0.953585 | 0 | none | -1 | 180 | 0 | 0 | 0 | 0 | 0 | 0 | 0 | 0 | 1 | camera | no_target | 0.301123 | 0 | -0.953585 | 0.301123 | 0 |
SCRIPT       : DATA_LOG | 851197 | aRapBi1cCZPZAGLIDny3dk3hQ8vTmNTLHRl8zxmKgQ0= | 13132.6 | 6.12375 | 10272.3 | -0.860397 | 0.509624 | 0 | FAL | 0 | 99.5205 | 709.39 | 0 | 1 | 0 | 0 | 0 | 0 | 0 | 1 | camera |  | -0.860397 | 0 | 0.509624 | -0.860397 | 0 | 
SCRIPT       : DATA_LOG | 851213 | 0dnbV3OoKZVSKsRjRsSreDYKOmPaMHd_PD7pjTKbIH4= | 15123.2 | 9.52232 | 13809.3 | 0.301123 | -0.953585 | 0 | none | -1 | 180 | 0 | 0 | 0 | 0 | 0 | 0 | 0 | 0 | 1 | camera | no_target | 0.301123 | 0 | -0.953585 | 0.301123 | 0 |
SCRIPT       : DATA_LOG | 852196 | aRapBi1cCZPZAGLIDny3dk3hQ8vTmNTLHRl8zxmKgQ0= | 13129.6 | 6.12554 | 10272.6 | -0.860372 | 0.509666 | 0 | FAL | 0 | 99.755 | 708.697 | 0 | 1 | 0 | 0 | 0 | 0 | 0 | 1 | camera |  | -0.860372 | 0 | 0.509666 | -0.860372 | 0 | 
SCRIPT       : DATA_LOG | 852211 | 0dnbV3OoKZVSKsRjRsSreDYKOmPaMHd_PD7pjTKbIH4= | 15123.2 | 9.52232 | 13809.3 | 0.301123 | -0.953585 | 0 | none | -1 | 180 | 0 | 0 | 0 | 0 | 0 | 0 | 0 | 0 | 1 | camera | no_target | 0.301123 | 0 | -0.953585 | 0.301123 | 0 |
SCRIPT       : DATA_LOG | 853201 | aRapBi1cCZPZAGLIDny3dk3hQ8vTmNTLHRl8zxmKgQ0= | 13129.3 | 6.13354 | 10275.3 | -0.863438 | 0.504455 | 0 | FAL | 0 | 99.5132 | 711.095 | 0 | 1 | 0 | 0 | 0 | 0 | 0 | 1 | camera |  | -0.863438 | 0 | 0.504455 | -0.863438 | 0 |
SCRIPT       : DATA_LOG | 853218 | 0dnbV3OoKZVSKsRjRsSreDYKOmPaMHd_PD7pjTKbIH4= | 15123.2 | 9.52232 | 13809.3 | 0.301123 | -0.953585 | 0 | none | -1 | 180 | 0 | 0 | 0 | 0 | 0 | 0 | 0 | 0 | 1 | camera | no_target | 0.301123 | 0 | -0.953585 | 0.301123 | 0 |
SCRIPT       : DATA_LOG | 854246 | aRapBi1cCZPZAGLIDny3dk3hQ8vTmNTLHRl8zxmKgQ0= | 13128.5 | 6.13476 | 10275 | -0.914978 | -0.403503 | 0 | CZ550 | 0 | 45.4696 | 710.453 | 0 | 1 | 0 | 0 | 0 | 0 | 0 | 1 | camera |  | -0.914978 | 0 | -0.403503 | -0.914978 | 0
SCRIPT       : DATA_LOG | 854263 | 0dnbV3OoKZVSKsRjRsSreDYKOmPaMHd_PD7pjTKbIH4= | 15123.2 | 9.52232 | 13809.3 | 0.301123 | -0.953585 | 0 | none | -1 | 180 | 0 | 0 | 0 | 0 | 0 | 0 | 0 | 0 | 1 | camera | no_target | 0.301123 | 0 | -0.953585 | 0.301123 | 0 |
SCRIPT       : DATA_LOG | 855264 | aRapBi1cCZPZAGLIDny3dk3hQ8vTmNTLHRl8zxmKgQ0= | 13126.7 | 6.13382 | 10275.3 | -0.368954 | -0.929448 | 1 | CZ550 | 0 | 1.0598 | 710.143 | 0 | 1 | 0 | 1 | 0 | 0 | 1 | 1 | camera |  | -0.368954 | 0 | -0.929448 | -0.368954 | 
SCRIPT       : DATA_LOG | 856255 | aRapBi1cCZPZAGLIDny3dk3hQ8vTmNTLHRl8zxmKgQ0= | 13125.9 | 6.13248 | 10275.6 | -0.385683 | -0.922632 | 1 | CZ550 | 0 | 2.16718 | 710.167 | 0 | 1 | 0 | 1 | 0 | 0 | 1 | 1 | camera |  | -0.385683 | 0 | -0.922632 | -0.385683 |
SCRIPT       : [Logout]: Player 0dnbV3OoKZVSKsRjRsSreDYKOmPaMHd_PD7pjTKbIH4= finished
SCRIPT       : [PlayerListManager] SyncEntryToReceivers ► uid: 0dnbV3OoKZVSKsRjRsSreDYKOmPaMHd_PD7pjTKbIH4= isn't in the players list! sending a remove.
SCRIPT       : PlayerDisconnected -> PlayerListManager.RemoveEntry ► 0dnbV3OoKZVSKsRjRsSreDYKOmPaMHd_PD7pjTKbIH4=
SCRIPT       : DATA_LOG | 857326 | aRapBi1cCZPZAGLIDny3dk3hQ8vTmNTLHRl8zxmKgQ0= | 13127.4 | 6.13472 | 10275 | -0.409808 | -0.912172 | 0 | CZ550 | 0 | 3.53956 | 710.075 | 0 | 1 | 0 | 1 | 0 | 0 | 0 | 1 | camera |  | -0.409808 | 0 | -0.912172 | -0.409808 | 0
SCRIPT       : DATA_LOG | 858325 | aRapBi1cCZPZAGLIDny3dk3hQ8vTmNTLHRl8zxmKgQ0= | 13127.7 | 6.12635 | 10272.8 | -0.416581 | -0.909099 | 0 | CZ550 | 0 | 3.88176 | 708.21 | 0 | 1 | 0 | 1 | 0 | 0 | 0 | 1 | camera |  | -0.416581 | 0 | -0.909099 | -0.416581 | 
SCRIPT       : DATA_LOG | 859332 | aRapBi1cCZPZAGLIDny3dk3hQ8vTmNTLHRl8zxmKgQ0= | 13125.7 | 6.13218 | 10271.3 | -0.302675 | -0.953094 | 0 | CZ550 | 0 | 3.007 | 706.026 | 0 | 1 | 0 | 1 | 0 | 0 | 0 | 1 | camera |  | -0.302675 | 0 | -0.953094 | -0.302675 | 0
SCRIPT       : DATA_LOG | 860329 | aRapBi1cCZPZAGLIDny3dk3hQ8vTmNTLHRl8zxmKgQ0= | 13124 | 6.12177 | 10265.2 | 0.470329 | -0.882491 | 0 | CZ550 | 0 | 37.5653 | 975.786 | 0 | 1 | 1 | 0 | 0 | 0 | 0 | 1 | camera |  | 0.470329 | 0 | -0.882491 | 0.470329 | 0 | 
SCRIPT       : DATA_LOG | 861339 | aRapBi1cCZPZAGLIDny3dk3hQ8vTmNTLHRl8zxmKgQ0= | 13124.4 | 6.10897 | 10261.6 | 0.998421 | -0.0561711 | 0 | CZ550 | 0 | 96.3482 | 972.306 | 0 | 1 | 1 | 0 | 0 | 0 | 0 | 1 | camera |  | 0.998421 | 0 | -0.0561711 | 0.998421 | 
SCRIPT       : DATA_LOG | 862336 | aRapBi1cCZPZAGLIDny3dk3hQ8vTmNTLHRl8zxmKgQ0= | 13123.3 | 6.11487 | 10264.1 | -0.0955991 | 0.99542 | 0 | CZ550 | 0 | 153.862 | 698.501 | 0 | 1 | 0 | 0 | 0 | 0 | 0 | 1 | camera |  | -0.0955991 | 0 | 0.99542 | -0.0955991 | 
SCRIPT       : DATA_LOG | 864100 | aRapBi1cCZPZAGLIDny3dk3hQ8vTmNTLHRl8zxmKgQ0= | 13124.9 | 6.1346 | 10273 | 0.998986 | 0.045027 | 0 | CZ550 | 0 | 102.069 | 983.588 | 0 | 1 | 1 | 0 | 0 | 0 | 0 | 1 | camera |  | 0.998986 | 0 | 0.045027 | 0.998986 | 0 | 0.0
SCRIPT       : DATA_LOG | 865617 | aRapBi1cCZPZAGLIDny3dk3hQ8vTmNTLHRl8zxmKgQ0= | 13129.2 | 6.13005 | 10273.8 | 0.999896 | -0.0144375 | 0 | CZ550 | 0 | 98.9021 | 985.086 | 0 | 1 | 1 | 0 | 0 | 0 | 0 | 1 | camera |  | 0.999896 | 0 | -0.0144375 | 0.999896 | 
SCRIPT       : DATA_LOG | 867062 | aRapBi1cCZPZAGLIDny3dk3hQ8vTmNTLHRl8zxmKgQ0= | 13129.3 | 6.13005 | 10273.8 | 0.999896 | -0.0144374 | 0 | CZ550 | 0 | 98.9077 | 985.093 | 0 | 1 | 1 | 0 | 0 | 0 | 0 | 1 | camera |  | 0.999896 | 0 | -0.0144374 | 0.999896 | 
SCRIPT       : DATA_LOG | 868056 | aRapBi1cCZPZAGLIDny3dk3hQ8vTmNTLHRl8zxmKgQ0= | 13129.3 | 6.13005 | 10273.8 | 0.999896 | -0.0144374 | 0 | CZ550 | 0 | 98.9077 | 985.09 | 0 | 1 | 1 | 0 | 0 | 0 | 0 | 1 | camera |  | 0.999896 | 0 | -0.0144374 | 0.999896 | 0
SCRIPT       : DATA_LOG | 869061 | aRapBi1cCZPZAGLIDny3dk3hQ8vTmNTLHRl8zxmKgQ0= | 13129.3 | 6.13005 | 10273.8 | 0.999896 | -0.0144374 | 0 | CZ550 | 0 | 98.9076 | 985.091 | 0 | 1 | 1 | 0 | 0 | 0 | 0 | 1 | camera |  | 0.999896 | 0 | -0.0144374 | 0.999896 | 
SCRIPT       : DATA_LOG | 870056 | aRapBi1cCZPZAGLIDny3dk3hQ8vTmNTLHRl8zxmKgQ0= | 13129.3 | 6.13005 | 10273.8 | 0.999896 | -0.0144374 | 0 | CZ550 | 0 | 98.9074 | 985.086 | 0 | 1 | 1 | 0 | 0 | 0 | 0 | 1 | camera |  | 0.999896 | 0 | -0.0144374 | 0.999896 | 
SCRIPT       : DATA_LOG | 871055 | aRapBi1cCZPZAGLIDny3dk3hQ8vTmNTLHRl8zxmKgQ0= | 13129.3 | 6.13005 | 10273.8 | 0.999896 | -0.0144374 | 0 | CZ550 | 0 | 98.9075 | 985.095 | 0 | 1 | 1 | 0 | 0 | 0 | 0 | 1 | camera |  | 0.999896 | 0 | -0.0144374 | 0.999896 | 
SCRIPT       : DATA_LOG | 872637 | aRapBi1cCZPZAGLIDny3dk3hQ8vTmNTLHRl8zxmKgQ0= | 13129.2 | 6.12994 | 10273.7 | 0.986724 | 0.162403 | 0 | CZ550 | 0 | 109.077 | 985.045 | 0 | 1 | 1 | 0 | 0 | 0 | 0 | 1 | camera |  | 0.986724 | 0 | 0.162403 | 0.986724 | 0 | 
SCRIPT       : DATA_LOG | 873645 | aRapBi1cCZPZAGLIDny3dk3hQ8vTmNTLHRl8zxmKgQ0= | 13128.4 | 6.12862 | 10273.4 | 0.930525 | 0.36623 | 0 | CZ550 | 0 | 121.167 | 984.587 | 0 | 1 | 1 | 0 | 0 | 0 | 0 | 1 | camera |  | 0.930525 | 0 | 0.36623 | 0.930525 | 0 | 0.
SCRIPT       : DATA_LOG | 874647 | aRapBi1cCZPZAGLIDny3dk3hQ8vTmNTLHRl8zxmKgQ0= | 13130.1 | 6.12484 | 10272.5 | 0.944154 | 0.329505 | 0 | CZ550 | 0 | 119.033 | 983.957 | 0 | 1 | 1 | 0 | 0 | 0 | 0 | 1 | camera |  | 0.944154 | 0 | 0.329505 | 0.944154 | 0 | 
SCRIPT       : DATA_LOG | 875645 | aRapBi1cCZPZAGLIDny3dk3hQ8vTmNTLHRl8zxmKgQ0= | 13130.1 | 6.12484 | 10272.5 | 0.944154 | 0.329505 | 0 | CZ550 | 0 | 119.032 | 983.947 | 0 | 1 | 1 | 0 | 0 | 0 | 0 | 1 | camera |  | 0.944154 | 0 | 0.329505 | 0.944154 | 0 | 
SCRIPT       : DATA_LOG | 876838 | aRapBi1cCZPZAGLIDny3dk3hQ8vTmNTLHRl8zxmKgQ0= | 13130.1 | 6.12484 | 10272.5 | 0.944154 | 0.329505 | 0 | CZ550 | 0 | 119.032 | 983.952 | 0 | 1 | 1 | 0 | 0 | 0 | 0 | 1 | camera |  | 0.944154 | 0 | 0.329505 | 0.944154 | 0 | 
SCRIPT       : DATA_LOG | 877843 | aRapBi1cCZPZAGLIDny3dk3hQ8vTmNTLHRl8zxmKgQ0= | 13130.1 | 6.12484 | 10272.5 | 0.944154 | 0.329505 | 0 | CZ550 | 0 | 119.032 | 983.945 | 0 | 1 | 1 | 0 | 0 | 0 | 0 | 1 | camera |  | 0.944154 | 0 | 0.329505 | 0.944154 | 0 | 
SCRIPT       : DATA_LOG | 879310 | aRapBi1cCZPZAGLIDny3dk3hQ8vTmNTLHRl8zxmKgQ0= | 13130.1 | 6.12484 | 10272.5 | 0.944154 | 0.329505 | 0 | CZ550 | 0 | 119.032 | 983.952 | 0 | 1 | 1 | 0 | 0 | 0 | 0 | 1 | camera |  | 0.944154 | 0 | 0.329505 | 0.944154 | 0 | 
SCRIPT       : DATA_LOG | 880304 | aRapBi1cCZPZAGLIDny3dk3hQ8vTmNTLHRl8zxmKgQ0= | 13130.1 | 6.12484 | 10272.5 | 0.944154 | 0.329505 | 0 | CZ550 | 0 | 119.032 | 983.946 | 0 | 1 | 1 | 0 | 0 | 0 | 0 | 1 | camera |  | 0.944154 | 0 | 0.329505 | 0.944154 | 0 | 
SCRIPT       : DATA_LOG | 881311 | aRapBi1cCZPZAGLIDny3dk3hQ8vTmNTLHRl8zxmKgQ0= | 13130.1 | 6.12484 | 10272.5 | 0.944154 | 0.329505 | 0 | CZ550 | 0 | 119.033 | 983.953 | 0 | 1 | 1 | 0 | 0 | 0 | 0 | 1 | camera |  | 0.944154 | 0 | 0.329505 | 0.944154 | 0 | 
SCRIPT       : DATA_LOG | 882306 | aRapBi1cCZPZAGLIDny3dk3hQ8vTmNTLHRl8zxmKgQ0= | 13130.1 | 6.12484 | 10272.5 | 0.944154 | 0.329505 | 0 | CZ550 | 0 | 119.032 | 983.96 | 0 | 1 | 1 | 0 | 0 | 0 | 0 | 1 | camera |  | 0.944154 | 0 | 0.329505 | 0.944154 | 0 | 0
SCRIPT       : DATA_LOG | 883308 | aRapBi1cCZPZAGLIDny3dk3hQ8vTmNTLHRl8zxmKgQ0= | 13130.1 | 6.12484 | 10272.5 | 0.944154 | 0.329505 | 0 | CZ550 | 0 | 119.032 | 983.946 | 0 | 1 | 1 | 0 | 0 | 0 | 0 | 1 | camera |  | 0.944154 | 0 | 0.329505 | 0.944154 | 0 | 
SCRIPT       : DATA_LOG | 884309 | aRapBi1cCZPZAGLIDny3dk3hQ8vTmNTLHRl8zxmKgQ0= | 13130.1 | 6.12484 | 10272.5 | 0.944154 | 0.329505 | 0 | CZ550 | 0 | 119.033 | 983.953 | 0 | 1 | 1 | 0 | 0 | 0 | 0 | 1 | camera |  | 0.944154 | 0 | 0.329505 | 0.944154 | 0 | 
SCRIPT       : DATA_LOG | 885310 | aRapBi1cCZPZAGLIDny3dk3hQ8vTmNTLHRl8zxmKgQ0= | 13130.1 | 6.12484 | 10272.5 | 0.944154 | 0.329505 | 0 | CZ550 | 0 | 119.032 | 983.945 | 0 | 1 | 1 | 0 | 0 | 0 | 0 | 1 | camera |  | 0.944154 | 0 | 0.329505 | 0.944154 | 0 | 
SCRIPT       : DATA_LOG | 886311 | aRapBi1cCZPZAGLIDny3dk3hQ8vTmNTLHRl8zxmKgQ0= | 13130.1 | 6.12484 | 10272.5 | 0.944154 | 0.329505 | 0 | CZ550 | 0 | 119.032 | 983.951 | 0 | 1 | 1 | 0 | 0 | 0 | 0 | 1 | camera |  | 0.944154 | 0 | 0.329505 | 0.944154 | 0 | 
SCRIPT       : DATA_LOG | 887313 | aRapBi1cCZPZAGLIDny3dk3hQ8vTmNTLHRl8zxmKgQ0= | 13130.1 | 6.12484 | 10272.5 | 0.944154 | 0.329505 | 0 | CZ550 | 0 | 119.032 | 983.948 | 0 | 1 | 1 | 0 | 0 | 0 | 0 | 1 | camera |  | 0.944154 | 0 | 0.329505 | 0.944154 | 0 | 
SCRIPT       : DATA_LOG | 888315 | aRapBi1cCZPZAGLIDny3dk3hQ8vTmNTLHRl8zxmKgQ0= | 13130.1 | 6.12484 | 10272.5 | 0.944154 | 0.329505 | 0 | CZ550 | 0 | 119.032 | 983.95 | 0 | 1 | 1 | 0 | 0 | 0 | 0 | 1 | camera |  | 0.944154 | 0 | 0.329505 | 0.944154 | 0 | 0
SCRIPT       : DATA_LOG | 889315 | aRapBi1cCZPZAGLIDny3dk3hQ8vTmNTLHRl8zxmKgQ0= | 13130.1 | 6.12484 | 10272.5 | 0.944154 | 0.329505 | 0 | CZ550 | 0 | 119.033 | 983.962 | 0 | 1 | 1 | 0 | 0 | 0 | 0 | 1 | camera |  | 0.944154 | 0 | 0.329505 | 0.944154 | 0 | 
SCRIPT       : DATA_LOG | 890314 | aRapBi1cCZPZAGLIDny3dk3hQ8vTmNTLHRl8zxmKgQ0= | 13130.1 | 6.12484 | 10272.5 | 0.944154 | 0.329505 | 0 | CZ550 | 0 | 119.032 | 983.946 | 0 | 1 | 1 | 0 | 0 | 0 | 0 | 1 | camera |  | 0.944154 | 0 | 0.329505 | 0.944154 | 0 | 
SCRIPT       : DATA_LOG | 891316 | aRapBi1cCZPZAGLIDny3dk3hQ8vTmNTLHRl8zxmKgQ0= | 13130.1 | 6.12484 | 10272.5 | 0.944154 | 0.329505 | 0 | CZ550 | 0 | 119.032 | 983.954 | 0 | 1 | 1 | 0 | 0 | 0 | 0 | 1 | camera |  | 0.944154 | 0 | 0.329505 | 0.944154 | 0 | 
SCRIPT       : DATA_LOG | 892321 | aRapBi1cCZPZAGLIDny3dk3hQ8vTmNTLHRl8zxmKgQ0= | 13130.1 | 6.12484 | 10272.5 | 0.944154 | 0.329505 | 0 | CZ550 | 0 | 119.032 | 983.947 | 0 | 1 | 1 | 0 | 0 | 0 | 0 | 1 | camera |  | 0.944154 | 0 | 0.329505 | 0.944154 | 0 | 
SCRIPT       : DATA_LOG | 893317 | aRapBi1cCZPZAGLIDny3dk3hQ8vTmNTLHRl8zxmKgQ0= | 13130.1 | 6.12484 | 10272.5 | 0.944154 | 0.329505 | 0 | CZ550 | 0 | 119.032 | 983.949 | 0 | 1 | 1 | 0 | 0 | 0 | 0 | 1 | camera |  | 0.944154 | 0 | 0.329505 | 0.944154 | 0 | 
SCRIPT       : DATA_LOG | 894323 | aRapBi1cCZPZAGLIDny3dk3hQ8vTmNTLHRl8zxmKgQ0= | 13130.1 | 6.12484 | 10272.5 | 0.944154 | 0.329505 | 0 | CZ550 | 0 | 119.032 | 983.953 | 0 | 1 | 1 | 0 | 0 | 0 | 0 | 1 | camera |  | 0.944154 | 0 | 0.329505 | 0.944154 | 0 | 
SCRIPT       : DATA_LOG | 895326 | aRapBi1cCZPZAGLIDny3dk3hQ8vTmNTLHRl8zxmKgQ0= | 13130.1 | 6.12484 | 10272.5 | 0.944154 | 0.329505 | 0 | CZ550 | 0 | 119.032 | 983.946 | 0 | 1 | 1 | 0 | 0 | 0 | 0 | 1 | camera |  | 0.944154 | 0 | 0.329505 | 0.944154 | 0 | 
SCRIPT       : DATA_LOG | 896323 | aRapBi1cCZPZAGLIDny3dk3hQ8vTmNTLHRl8zxmKgQ0= | 13130.1 | 6.12484 | 10272.5 | 0.944154 | 0.329505 | 0 | CZ550 | 0 | 119.033 | 983.964 | 0 | 1 | 1 | 0 | 0 | 0 | 0 | 1 | camera |  | 0.944154 | 0 | 0.329505 | 0.944154 | 0 | 
SCRIPT       : DATA_LOG | 897321 | aRapBi1cCZPZAGLIDny3dk3hQ8vTmNTLHRl8zxmKgQ0= | 13130.1 | 6.12484 | 10272.5 | 0.944154 | 0.329505 | 0 | CZ550 | 0 | 119.032 | 983.947 | 0 | 1 | 1 | 0 | 0 | 0 | 0 | 1 | camera |  | 0.944154 | 0 | 0.329505 | 0.944154 | 0 | 
SCRIPT       : DATA_LOG | 898327 | aRapBi1cCZPZAGLIDny3dk3hQ8vTmNTLHRl8zxmKgQ0= | 13130.1 | 6.12484 | 10272.5 | 0.944154 | 0.329505 | 0 | CZ550 | 0 | 119.032 | 983.954 | 0 | 1 | 1 | 0 | 0 | 0 | 0 | 1 | camera |  | 0.944154 | 0 | 0.329505 | 0.944154 | 0 | 
SCRIPT       : DATA_LOG | 899326 | aRapBi1cCZPZAGLIDny3dk3hQ8vTmNTLHRl8zxmKgQ0= | 13130.1 | 6.12484 | 10272.5 | 0.944154 | 0.329505 | 0 | CZ550 | 0 | 119.032 | 983.948 | 0 | 1 | 1 | 0 | 0 | 0 | 0 | 1 | camera |  | 0.944154 | 0 | 0.329505 | 0.944154 | 0 | 
SCRIPT       : DATA_LOG | 900324 | aRapBi1cCZPZAGLIDny3dk3hQ8vTmNTLHRl8zxmKgQ0= | 13130.1 | 6.12484 | 10272.5 | 0.944154 | 0.329505 | 0 | CZ550 | 0 | 119.032 | 983.948 | 0 | 1 | 1 | 0 | 0 | 0 | 0 | 1 | camera |  | 0.944154 | 0 | 0.329505 | 0.944154 | 0 | 
SCRIPT       : DATA_LOG | 901328 | aRapBi1cCZPZAGLIDny3dk3hQ8vTmNTLHRl8zxmKgQ0= | 13130.1 | 6.12484 | 10272.5 | 0.944154 | 0.329505 | 0 | CZ550 | 0 | 119.032 | 983.956 | 0 | 1 | 1 | 0 | 0 | 0 | 0 | 1 | camera |  | 0.944154 | 0 | 0.329505 | 0.944154 | 0 | 
SCRIPT       : DATA_LOG | 902326 | aRapBi1cCZPZAGLIDny3dk3hQ8vTmNTLHRl8zxmKgQ0= | 13130.1 | 6.12484 | 10272.5 | 0.944154 | 0.329505 | 0 | CZ550 | 0 | 119.032 | 983.944 | 0 | 1 | 1 | 0 | 0 | 0 | 0 | 1 | camera |  | 0.944154 | 0 | 0.329505 | 0.944154 | 0 | 
SCRIPT       : DATA_LOG | 903328 | aRapBi1cCZPZAGLIDny3dk3hQ8vTmNTLHRl8zxmKgQ0= | 13130.1 | 6.12484 | 10272.5 | 0.944154 | 0.329505 | 0 | CZ550 | 0 | 119.033 | 983.964 | 0 | 1 | 1 | 0 | 0 | 0 | 0 | 1 | camera |  | 0.944154 | 0 | 0.329505 | 0.944154 | 0 | 
SCRIPT       : DATA_LOG | 904361 | aRapBi1cCZPZAGLIDny3dk3hQ8vTmNTLHRl8zxmKgQ0= | 13130.1 | 6.12484 | 10272.5 | 0.944154 | 0.329505 | 0 | CZ550 | 0 | 119.032 | 983.949 | 0 | 1 | 1 | 0 | 0 | 0 | 0 | 1 | camera |  | 0.944154 | 0 | 0.329505 | 0.944154 | 0 | 
SCRIPT       : DATA_LOG | 905358 | aRapBi1cCZPZAGLIDny3dk3hQ8vTmNTLHRl8zxmKgQ0= | 13130.1 | 6.12484 | 10272.5 | 0.944154 | 0.329505 | 0 | CZ550 | 0 | 119.032 | 983.952 | 0 | 1 | 1 | 0 | 0 | 0 | 0 | 1 | camera |  | 0.944154 | 0 | 0.329505 | 0.944154 | 0 | 
SCRIPT       : DATA_LOG | 906359 | aRapBi1cCZPZAGLIDny3dk3hQ8vTmNTLHRl8zxmKgQ0= | 13130.1 | 6.12484 | 10272.5 | 0.944154 | 0.329505 | 0 | CZ550 | 0 | 119.032 | 983.95 | 0 | 1 | 1 | 0 | 0 | 0 | 0 | 1 | camera |  | 0.944154 | 0 | 0.329505 | 0.944154 | 0 | 0
SCRIPT       : DATA_LOG | 907361 | aRapBi1cCZPZAGLIDny3dk3hQ8vTmNTLHRl8zxmKgQ0= | 13130.1 | 6.12484 | 10272.5 | 0.944154 | 0.329505 | 0 | CZ550 | 0 | 119.032 | 983.947 | 0 | 1 | 1 | 0 | 0 | 0 | 0 | 1 | camera |  | 0.944154 | 0 | 0.329505 | 0.944154 | 0 | 
SCRIPT       : DATA_LOG | 908361 | aRapBi1cCZPZAGLIDny3dk3hQ8vTmNTLHRl8zxmKgQ0= | 13130.1 | 6.12484 | 10272.5 | 0.944154 | 0.329505 | 0 | CZ550 | 0 | 119.032 | 983.957 | 0 | 1 | 1 | 0 | 0 | 0 | 0 | 1 | camera |  | 0.944154 | 0 | 0.329505 | 0.944154 | 0 | 
SCRIPT       : DATA_LOG | 909365 | aRapBi1cCZPZAGLIDny3dk3hQ8vTmNTLHRl8zxmKgQ0= | 13130.1 | 6.12484 | 10272.5 | 0.944154 | 0.329505 | 0 | CZ550 | 0 | 119.032 | 983.942 | 0 | 1 | 1 | 0 | 0 | 0 | 0 | 1 | camera |  | 0.944154 | 0 | 0.329505 | 0.944154 | 0 | 
SCRIPT       : DATA_LOG | 910367 | aRapBi1cCZPZAGLIDny3dk3hQ8vTmNTLHRl8zxmKgQ0= | 13130.1 | 6.12484 | 10272.5 | 0.944154 | 0.329505 | 0 | CZ550 | 0 | 119.033 | 983.962 | 0 | 1 | 1 | 0 | 0 | 0 | 0 | 1 | camera |  | 0.944154 | 0 | 0.329505 | 0.944154 | 0 | 
SCRIPT       : DATA_LOG | 911367 | aRapBi1cCZPZAGLIDny3dk3hQ8vTmNTLHRl8zxmKgQ0= | 13130.1 | 6.12484 | 10272.5 | 0.944154 | 0.329505 | 0 | CZ550 | 0 | 119.032 | 983.953 | 0 | 1 | 1 | 0 | 0 | 0 | 0 | 1 | camera |  | 0.944154 | 0 | 0.329505 | 0.944154 | 0 | 
SCRIPT       : DATA_LOG | 912372 | aRapBi1cCZPZAGLIDny3dk3hQ8vTmNTLHRl8zxmKgQ0= | 13130.1 | 6.12484 | 10272.5 | 0.944154 | 0.329505 | 0 | CZ550 | 0 | 119.032 | 983.95 | 0 | 1 | 1 | 0 | 0 | 0 | 0 | 1 | camera |  | 0.944154 | 0 | 0.329505 | 0.944154 | 0 | 0
SCRIPT       : DATA_LOG | 913374 | aRapBi1cCZPZAGLIDny3dk3hQ8vTmNTLHRl8zxmKgQ0= | 13130.4 | 6.12365 | 10272.2 | 0.57617 | 0.81733 | 0 | CZ550 | 0 | 154.63 | 983.7 | 0 | 1 | 1 | 0 | 0 | 0 | 0 | 1 | camera |  | 0.57617 | 0 | 0.81733 | 0.57617 | 0 | 0.81733 
SCRIPT       : DATA_LOG | 914369 | aRapBi1cCZPZAGLIDny3dk3hQ8vTmNTLHRl8zxmKgQ0= | 13130.8 | 6.12279 | 10272 | 0.504438 | 0.863448 | 0 | CZ550 | 0 | 159.54 | 983.544 | 0 | 1 | 1 | 0 | 0 | 0 | 0 | 1 | camera |  | 0.504438 | 0 | 0.863448 | 0.504438 | 0 | 0.8
SCRIPT       : DATA_LOG | 915375 | aRapBi1cCZPZAGLIDny3dk3hQ8vTmNTLHRl8zxmKgQ0= | 13130.8 | 6.12279 | 10272 | 0.504438 | 0.863448 | 0 | CZ550 | 0 | 159.54 | 983.553 | 0 | 1 | 1 | 0 | 0 | 0 | 0 | 1 | camera |  | 0.504438 | 0 | 0.863448 | 0.504438 | 0 | 0.8
SCRIPT       : DATA_LOG | 916370 | aRapBi1cCZPZAGLIDny3dk3hQ8vTmNTLHRl8zxmKgQ0= | 13130.8 | 6.12279 | 10272 | 0.504438 | 0.863448 | 0 | CZ550 | 0 | 159.54 | 983.541 | 0 | 1 | 1 | 0 | 0 | 0 | 0 | 1 | camera |  | 0.504438 | 0 | 0.863448 | 0.504438 | 0 | 0.8
SCRIPT       : DATA_LOG | 917375 | aRapBi1cCZPZAGLIDny3dk3hQ8vTmNTLHRl8zxmKgQ0= | 13130.8 | 6.12279 | 10272 | 0.504438 | 0.863448 | 0 | CZ550 | 0 | 159.54 | 983.557 | 0 | 1 | 1 | 0 | 0 | 0 | 0 | 1 | camera |  | 0.504438 | 0 | 0.863448 | 0.504438 | 0 | 0.8
SCRIPT       : DATA_LOG | 918377 | aRapBi1cCZPZAGLIDny3dk3hQ8vTmNTLHRl8zxmKgQ0= | 13130.8 | 6.12279 | 10272 | 0.504438 | 0.863448 | 0 | CZ550 | 0 | 159.54 | 983.553 | 0 | 1 | 1 | 0 | 0 | 0 | 0 | 1 | camera |  | 0.504438 | 0 | 0.863448 | 0.504438 | 0 | 0.8
SCRIPT       : DATA_LOG | 919375 | aRapBi1cCZPZAGLIDny3dk3hQ8vTmNTLHRl8zxmKgQ0= | 13130.8 | 6.12279 | 10272 | 0.504438 | 0.863448 | 0 | CZ550 | 0 | 159.54 | 983.545 | 0 | 1 | 1 | 0 | 0 | 0 | 0 | 1 | camera |  | 0.504438 | 0 | 0.863448 | 0.504438 | 0 | 0.8
SCRIPT       : DATA_LOG | 920923 | aRapBi1cCZPZAGLIDny3dk3hQ8vTmNTLHRl8zxmKgQ0= | 13130.8 | 6.12279 | 10272 | 0.504438 | 0.863448 | 0 | CZ550 | 0 | 159.54 | 983.549 | 0 | 1 | 1 | 0 | 0 | 0 | 0 | 1 | camera |  | 0.504438 | 0 | 0.863448 | 0.504438 | 0 | 0.8
SCRIPT       : DATA_LOG | 922079 | aRapBi1cCZPZAGLIDny3dk3hQ8vTmNTLHRl8zxmKgQ0= | 13130.8 | 6.12279 | 10272 | 0.504438 | 0.863448 | 0 | CZ550 | 0 | 159.54 | 983.544 | 0 | 1 | 1 | 0 | 0 | 0 | 0 | 1 | camera |  | 0.504438 | 0 | 0.863448 | 0.504438 | 0 | 0.8
SCRIPT       : DATA_LOG | 923384 | aRapBi1cCZPZAGLIDny3dk3hQ8vTmNTLHRl8zxmKgQ0= | 13130.8 | 6.12279 | 10272 | 0.504438 | 0.863448 | 0 | CZ550 | 0 | 159.54 | 983.551 | 0 | 1 | 1 | 0 | 0 | 0 | 0 | 1 | camera |  | 0.504438 | 0 | 0.863448 | 0.504438 | 0 | 0.8
SCRIPT       : DATA_LOG | 924387 | aRapBi1cCZPZAGLIDny3dk3hQ8vTmNTLHRl8zxmKgQ0= | 13130.8 | 6.12279 | 10272 | 0.504438 | 0.863448 | 0 | CZ550 | 0 | 159.54 | 983.543 | 0 | 1 | 1 | 0 | 0 | 0 | 0 | 1 | camera |  | 0.504438 | 0 | 0.863448 | 0.504438 | 0 | 0.8
SCRIPT       : DATA_LOG | 925390 | aRapBi1cCZPZAGLIDny3dk3hQ8vTmNTLHRl8zxmKgQ0= | 13130.8 | 6.12279 | 10272 | 0.504438 | 0.863448 | 0 | CZ550 | 0 | 159.54 | 983.552 | 0 | 1 | 1 | 0 | 0 | 0 | 0 | 1 | camera |  | 0.504438 | 0 | 0.863448 | 0.504438 | 0 | 0.8
SCRIPT       : DATA_LOG | 926386 | aRapBi1cCZPZAGLIDny3dk3hQ8vTmNTLHRl8zxmKgQ0= | 13130.8 | 6.12279 | 10272 | 0.504438 | 0.863448 | 0 | CZ550 | 0 | 159.54 | 983.557 | 0 | 1 | 1 | 0 | 0 | 0 | 0 | 1 | camera |  | 0.504438 | 0 | 0.863448 | 0.504438 | 0 | 0.8
SCRIPT       : DATA_LOG | 927392 | aRapBi1cCZPZAGLIDny3dk3hQ8vTmNTLHRl8zxmKgQ0= | 13130.8 | 6.12279 | 10272 | 0.504438 | 0.863448 | 0 | CZ550 | 0 | 159.54 | 983.543 | 0 | 1 | 1 | 0 | 0 | 0 | 0 | 1 | camera |  | 0.504438 | 0 | 0.863448 | 0.504438 | 0 | 0.8
SCRIPT       : DATA_LOG | 928390 | aRapBi1cCZPZAGLIDny3dk3hQ8vTmNTLHRl8zxmKgQ0= | 13130.8 | 6.12279 | 10272 | 0.504438 | 0.863448 | 0 | CZ550 | 0 | 159.54 | 983.551 | 0 | 1 | 1 | 0 | 0 | 0 | 0 | 1 | camera |  | 0.504438 | 0 | 0.863448 | 0.504438 | 0 | 0.8
SCRIPT       : DATA_LOG | 929393 | aRapBi1cCZPZAGLIDny3dk3hQ8vTmNTLHRl8zxmKgQ0= | 13130.8 | 6.12279 | 10272 | 0.504438 | 0.863448 | 0 | CZ550 | 0 | 159.54 | 983.543 | 0 | 1 | 1 | 0 | 0 | 0 | 0 | 1 | camera |  | 0.504438 | 0 | 0.863448 | 0.504438 | 0 | 0.8
SCRIPT       : DATA_LOG | 930389 | aRapBi1cCZPZAGLIDny3dk3hQ8vTmNTLHRl8zxmKgQ0= | 13130.8 | 6.12279 | 10272 | 0.504438 | 0.863448 | 0 | CZ550 | 0 | 159.54 | 983.549 | 0 | 1 | 1 | 0 | 0 | 0 | 0 | 1 | camera |  | 0.504438 | 0 | 0.863448 | 0.504438 | 0 | 0.8
SCRIPT       : DATA_LOG | 931395 | aRapBi1cCZPZAGLIDny3dk3hQ8vTmNTLHRl8zxmKgQ0= | 13130.8 | 6.12279 | 10272 | 0.504438 | 0.863448 | 0 | CZ550 | 0 | 159.54 | 983.546 | 0 | 1 | 1 | 0 | 0 | 0 | 0 | 1 | camera |  | 0.504438 | 0 | 0.863448 | 0.504438 | 0 | 0.8
SCRIPT       : DATA_LOG | 932563 | aRapBi1cCZPZAGLIDny3dk3hQ8vTmNTLHRl8zxmKgQ0= | 13130.8 | 6.12279 | 10272 | 0.504438 | 0.863448 | 0 | CZ550 | 0 | 159.54 | 983.549 | 0 | 1 | 1 | 0 | 0 | 0 | 0 | 1 | camera |  | 0.504438 | 0 | 0.863448 | 0.504438 | 0 | 0.8
 SCRIPT       : ---- PlayerBase OnStoreLoad SUCCESS ----
 SCRIPT       : [VPPAT] Player "Survivor" (steamId=76561199031921922) connected to server!
SCRIPT       : DATA_LOG | 935060 | aRapBi1cCZPZAGLIDny3dk3hQ8vTmNTLHRl8zxmKgQ0= | 13130.8 | 6.12279 | 10272 | 0.504438 | 0.863448 | 0 | CZ550 | 0 | 159.54 | 983.562 | 0 | 1 | 1 | 0 | 0 | 0 | 0 | 1 | camera |  | 0.504438 | 0 | 0.863448 | 0.504438 | 0 | 0.8
SCRIPT       : DATA_LOG | 935076 | 0dnbV3OoKZVSKsRjRsSreDYKOmPaMHd_PD7pjTKbIH4= | 15123.2 | 9.52233 | 13809.4 | 0.301188 | -0.953565 | 0 | none | -1 | 180 | 0 | 0 | 0 | 0 | 0 | 0 | 0 | 0 | 1 | camera | no_target | 0.301188 | 0 | -0.953565 | 0.301188 | 0 |
SCRIPT       : DATA_LOG | 936060 | aRapBi1cCZPZAGLIDny3dk3hQ8vTmNTLHRl8zxmKgQ0= | 13130.8 | 6.12279 | 10272 | 0.504438 | 0.863448 | 0 | CZ550 | 0 | 159.54 | 983.543 | 0 | 1 | 1 | 0 | 0 | 0 | 0 | 1 | camera |  | 0.504438 | 0 | 0.863448 | 0.504438 | 0 | 0.8
SCRIPT       : DATA_LOG | 936072 | 0dnbV3OoKZVSKsRjRsSreDYKOmPaMHd_PD7pjTKbIH4= | 15123.2 | 9.52233 | 13809.4 | 0.301188 | -0.953565 | 0 | none | -1 | 180 | 0 | 0 | 0 | 0 | 0 | 0 | 0 | 0 | 1 | camera | no_target | 0.301188 | 0 | -0.953565 | 0.301188 | 0 |
SCRIPT       : DATA_LOG | 937059 | aRapBi1cCZPZAGLIDny3dk3hQ8vTmNTLHRl8zxmKgQ0= | 13130.8 | 6.12279 | 10272 | 0.504438 | 0.863448 | 0 | CZ550 | 0 | 159.54 | 983.552 | 0 | 1 | 1 | 0 | 0 | 0 | 0 | 1 | camera |  | 0.504438 | 0 | 0.863448 | 0.504438 | 0 | 0.8
SCRIPT       : DATA_LOG | 937075 | 0dnbV3OoKZVSKsRjRsSreDYKOmPaMHd_PD7pjTKbIH4= | 15123.2 | 9.52233 | 13809.4 | 0.301188 | -0.953565 | 0 | none | -1 | 180 | 0 | 0 | 0 | 0 | 0 | 0 | 0 | 0 | 1 | camera | no_target | 0.301188 | 0 | -0.953565 | 0.301188 | 0 |
SCRIPT       : DATA_LOG | 938061 | aRapBi1cCZPZAGLIDny3dk3hQ8vTmNTLHRl8zxmKgQ0= | 13130.8 | 6.12279 | 10272 | 0.504438 | 0.863448 | 0 | CZ550 | 0 | 159.54 | 983.544 | 0 | 1 | 1 | 0 | 0 | 0 | 0 | 1 | camera |  | 0.504438 | 0 | 0.863448 | 0.504438 | 0 | 0.8
SCRIPT       : DATA_LOG | 938076 | 0dnbV3OoKZVSKsRjRsSreDYKOmPaMHd_PD7pjTKbIH4= | 15123.2 | 9.52233 | 13809.4 | 0.628633 | -0.777702 | 0 | none | -1 | 180 | 0 | 0 | 0 | 0 | 0 | 0 | 0 | 0 | 1 | camera | no_target | 0.628633 | 0 | -0.777702 | 0.628633 | 0 |
SCRIPT       : DATA_LOG | 939064 | aRapBi1cCZPZAGLIDny3dk3hQ8vTmNTLHRl8zxmKgQ0= | 13130.8 | 6.12279 | 10272 | 0.504438 | 0.863448 | 0 | CZ550 | 0 | 159.54 | 983.548 | 0 | 1 | 1 | 0 | 0 | 0 | 0 | 1 | camera |  | 0.504438 | 0 | 0.863448 | 0.504438 | 0 | 0.8
SCRIPT       : DATA_LOG | 939181 | 0dnbV3OoKZVSKsRjRsSreDYKOmPaMHd_PD7pjTKbIH4= | 15123.2 | 9.52233 | 13809.4 | -0.44499 | 0.895536 | 0 | none | -1 | 180 | 0 | 0 | 0 | 0 | 0 | 0 | 0 | 0 | 1 | camera | no_target | -0.44499 | 0 | 0.895536 | -0.44499 | 0 | 0
SCRIPT       : DATA_LOG | 940061 | aRapBi1cCZPZAGLIDny3dk3hQ8vTmNTLHRl8zxmKgQ0= | 13130.8 | 6.12279 | 10272 | 0.504438 | 0.863448 | 0 | CZ550 | 0 | 159.54 | 983.55 | 0 | 1 | 1 | 0 | 0 | 0 | 0 | 1 | camera |  | 0.504438 | 0 | 0.863448 | 0.504438 | 0 | 0.86
SCRIPT       : DATA_LOG | 940074 | 0dnbV3OoKZVSKsRjRsSreDYKOmPaMHd_PD7pjTKbIH4= | 15123.2 | 9.52233 | 13809.4 | -0.611953 | -0.790894 | 0 | none | -1 | 180 | 0 | 0 | 0 | 0 | 0 | 0 | 0 | 0 | 1 | camera | no_target | -0.611953 | 0 | -0.790894 | -0.611953 | 
SCRIPT       : DATA_LOG | 941064 | aRapBi1cCZPZAGLIDny3dk3hQ8vTmNTLHRl8zxmKgQ0= | 13130.8 | 6.12279 | 10272 | 0.321746 | 0.946826 | 0 | CZ550 | 0 | 171.065 | 983.545 | 0 | 1 | 1 | 0 | 0 | 0 | 0 | 1 | camera |  | 0.321746 | 0 | 0.946826 | 0.321746 | 0 | 0.
SCRIPT       : DATA_LOG | 941081 | 0dnbV3OoKZVSKsRjRsSreDYKOmPaMHd_PD7pjTKbIH4= | 15123.2 | 9.52233 | 13809.4 | -0.427199 | -0.904157 | 0 | none | -1 | 180 | 0 | 0 | 0 | 0 | 0 | 0 | 0 | 0 | 1 | camera | no_target | -0.427199 | 0 | -0.904157 | -0.427199 | 
SCRIPT       : DATA_LOG | 942069 | aRapBi1cCZPZAGLIDny3dk3hQ8vTmNTLHRl8zxmKgQ0= | 13129.5 | 6.12082 | 10271.5 | -0.882254 | 0.470774 | 0 | CZ550 | 0 | 97.1778 | 707.535 | 0 | 1 | 0 | 0 | 0 | 0 | 0 | 1 | camera |  | -0.882254 | 0 | 0.470774 | -0.882254 | 0
SCRIPT       : DATA_LOG | 942087 | 0dnbV3OoKZVSKsRjRsSreDYKOmPaMHd_PD7pjTKbIH4= | 15123.2 | 9.52233 | 13809.4 | -0.427199 | -0.904157 | 0 | none | -1 | 180 | 0 | 0 | 0 | 0 | 0 | 0 | 0 | 0 | 1 | camera | no_target | -0.427199 | 0 | -0.904157 | -0.427199 | 
SCRIPT       : DATA_LOG | 943066 | aRapBi1cCZPZAGLIDny3dk3hQ8vTmNTLHRl8zxmKgQ0= | 13128.5 | 6.12496 | 10272.5 | -0.87096 | 0.491353 | 0 | CZ550 | 0 | 98.6283 | 708.142 | 0 | 1 | 0 | 0 | 0 | 0 | 0 | 1 | camera |  | -0.87096 | -0 | 0.491353 | -0.87096 | 0 |
SCRIPT       : DATA_LOG | 943083 | 0dnbV3OoKZVSKsRjRsSreDYKOmPaMHd_PD7pjTKbIH4= | 15123.2 | 9.52233 | 13809.4 | -0.427199 | -0.904157 | 0 | none | -1 | 180 | 0 | 0 | 0 | 0 | 0 | 0 | 0 | 0 | 1 | camera | no_target | -0.427199 | 0 | -0.904157 | -0.427199 | 
SCRIPT       : DATA_LOG | 944635 | aRapBi1cCZPZAGLIDny3dk3hQ8vTmNTLHRl8zxmKgQ0= | 13128.5 | 6.12496 | 10272.5 | -0.87096 | 0.491353 | 0 | CZ550 | 0 | 98.6283 | 708.142 | 0 | 1 | 0 | 0 | 0 | 0 | 0 | 1 | camera |  | -0.87096 | -0 | 0.491353 | -0.87096 | 0 |
SCRIPT       : DATA_LOG | 944648 | 0dnbV3OoKZVSKsRjRsSreDYKOmPaMHd_PD7pjTKbIH4= | 15123.2 | 9.52233 | 13809.4 | -0.427199 | -0.904157 | 0 | none | -1 | 180 | 0 | 0 | 0 | 0 | 0 | 0 | 0 | 0 | 1 | camera | no_target | -0.427199 | 0 | -0.904157 | -0.427199 | 
SCRIPT       : DATA_LOG | 945642 | aRapBi1cCZPZAGLIDny3dk3hQ8vTmNTLHRl8zxmKgQ0= | 13128.5 | 6.12496 | 10272.5 | -0.87096 | 0.491353 | 0 | CZ550 | 0 | 98.6283 | 708.142 | 0 | 1 | 0 | 0 | 0 | 0 | 0 | 1 | camera |  | -0.87096 | -0 | 0.491353 | -0.87096 | 0 |
SCRIPT       : DATA_LOG | 945659 | 0dnbV3OoKZVSKsRjRsSreDYKOmPaMHd_PD7pjTKbIH4= | 15123.2 | 9.52233 | 13809.4 | -0.427199 | -0.904157 | 0 | none | -1 | 180 | 0 | 0 | 0 | 0 | 0 | 0 | 0 | 0 | 1 | camera | no_target | -0.427199 | 0 | -0.904157 | -0.427199 | 
SCRIPT       : DATA_LOG | 946641 | aRapBi1cCZPZAGLIDny3dk3hQ8vTmNTLHRl8zxmKgQ0= | 13128.5 | 6.12496 | 10272.5 | -0.87096 | 0.491353 | 0 | CZ550 | 0 | 98.6283 | 708.142 | 0 | 1 | 0 | 0 | 0 | 0 | 0 | 1 | camera |  | -0.87096 | -0 | 0.491353 | -0.87096 | 0 |
SCRIPT       : DATA_LOG | 946654 | 0dnbV3OoKZVSKsRjRsSreDYKOmPaMHd_PD7pjTKbIH4= | 15123.2 | 9.52233 | 13809.4 | -0.427199 | -0.904157 | 0 | none | -1 | 180 | 0 | 0 | 0 | 0 | 0 | 0 | 0 | 0 | 1 | camera | no_target | -0.427199 | 0 | -0.904157 | -0.427199 | 
SCRIPT       : DATA_LOG | 947644 | aRapBi1cCZPZAGLIDny3dk3hQ8vTmNTLHRl8zxmKgQ0= | 13127.8 | 6.12427 | 10272.3 | -0.87096 | 0.491353 | 0 | CZ550 | 0 | 98.6701 | 707.762 | 0 | 1 | 0 | 0 | 0 | 0 | 0 | 1 | camera |  | -0.87096 | -0 | 0.491353 | -0.87096 | 0 |
SCRIPT       : DATA_LOG | 947662 | 0dnbV3OoKZVSKsRjRsSreDYKOmPaMHd_PD7pjTKbIH4= | 13128.5 | 6.12496 | 10272.5 | -0.427199 | -0.904157 | 0 | none | 0 | 4.48878 | 708.142 | 0 | 1 | 0 | 1 | 0 | 0 | 0 | 1 | camera |  | -0.427199 | 0 | -0.904157 | -0.427199 | 
SCRIPT       : DATA_LOG | 948646 | aRapBi1cCZPZAGLIDny3dk3hQ8vTmNTLHRl8zxmKgQ0= | 13127.8 | 6.12427 | 10272.3 | -0.87096 | 0.491353 | 0 | CZ550 | 0 | 98.6701 | 707.762 | 0 | 1 | 0 | 0 | 0 | 0 | 0 | 1 | camera |  | -0.87096 | -0 | 0.491353 | -0.87096 | 0 |
SCRIPT       : DATA_LOG | 948661 | 0dnbV3OoKZVSKsRjRsSreDYKOmPaMHd_PD7pjTKbIH4= | 13128.5 | 6.12496 | 10272.5 | -0.427199 | -0.904157 | 0 | none | 0 | 4.48878 | 708.142 | 0 | 1 | 0 | 1 | 0 | 0 | 0 | 1 | camera |  | -0.427199 | 0 | -0.904157 | -0.427199 | 
SCRIPT       : DATA_LOG | 949644 | aRapBi1cCZPZAGLIDny3dk3hQ8vTmNTLHRl8zxmKgQ0= | 13127.8 | 6.12427 | 10272.3 | -0.87096 | 0.491353 | 0 | CZ550 | 0 | 98.6701 | 707.762 | 0 | 1 | 0 | 0 | 0 | 0 | 0 | 1 | camera |  | -0.87096 | -0 | 0.491353 | -0.87096 | 0 |
SCRIPT       : DATA_LOG | 949659 | 0dnbV3OoKZVSKsRjRsSreDYKOmPaMHd_PD7pjTKbIH4= | 13128.5 | 6.125 | 10272.5 | 0.541614 | -0.840627 | 0 | none | 0 | 42.4938 | 983.726 | 0 | 1 | 1 | 0 | 0 | 0 | 0 | 1 | camera |  | 0.541614 | 0 | -0.840627 | 0.541614 | 0 | -
SCRIPT       : DATA_LOG | 950648 | aRapBi1cCZPZAGLIDny3dk3hQ8vTmNTLHRl8zxmKgQ0= | 13127.8 | 6.12445 | 10272.4 | 0.139477 | 0.990225 | 0 | CZ550 | 1 | 32.8069 | 3.43616 | 0 | 1 | 0 | 0 | 0 | 0 | 0 | 1 | camera | none | 0.139477 | 0 | 0.990225 | 0.139477 | 
SCRIPT       : DATA_LOG | 950663 | 0dnbV3OoKZVSKsRjRsSreDYKOmPaMHd_PD7pjTKbIH4= | 13129.1 | 6.13406 | 10275.2 | -0.675839 | -0.737049 | 0 | none | 0 | 21.7449 | 710.921 | 0 | 1 | 0 | 0 | 0 | 0 | 0 | 1 | camera |  | -0.675839 | 0 | -0.737049 | -0.675839 | 
SCRIPT       : DATA_LOG | 951644 | aRapBi1cCZPZAGLIDny3dk3hQ8vTmNTLHRl8zxmKgQ0= | 13127.5 | 6.12829 | 10273.3 | 0.571596 | 0.820535 | 0 | CZ550 | 1 | 72.696 | 2.29625 | 0 | 1 | 0 | 0 | 0 | 0 | 0 | 1 | camera | target | 0.571596 | 0 | 0.820535 | 0.571596 |
SCRIPT       : DATA_LOG | 951657 | 0dnbV3OoKZVSKsRjRsSreDYKOmPaMHd_PD7pjTKbIH4= | 13126.6 | 6.13405 | 10274.8 | -0.0107278 | -0.999942 | 0 | none | 0 | 8.95679 | 985.655 | 0 | 1 | 1 | 0 | 0 | 0 | 0 | 1 | camera |  | -0.0107278 | 0 | -0.999942 | -0.0107278
SCRIPT       : DATA_LOG | 952648 | aRapBi1cCZPZAGLIDny3dk3hQ8vTmNTLHRl8zxmKgQ0= | 13127.8 | 6.12764 | 10273.2 | -0.802125 | 0.597157 | 0 | CZ550 | 1 | 65.7026 | 1.74494 | 0 | 1 | 0 | 0 | 0 | 0 | 0 | 1 | camera | target | -0.802125 | 0 | 0.597157 | -0.8021
SCRIPT       : DATA_LOG | 952662 | 0dnbV3OoKZVSKsRjRsSreDYKOmPaMHd_PD7pjTKbIH4= | 13127.2 | 6.12988 | 10273.7 | 0.499524 | -0.8663 | 0 | none | 0 | 39.5793 | 984.681 | 0 | 1 | 1 | 0 | 0 | 0 | 0 | 1 | camera |  | 0.499524 | 0 | -0.8663 | 0.499524 | 0 | -0.
SCRIPT       : DATA_LOG | 953651 | aRapBi1cCZPZAGLIDny3dk3hQ8vTmNTLHRl8zxmKgQ0= | 13127.7 | 6.12503 | 10272.5 | -0.875666 | 0.482917 | 1 | CZ550 | 1 | 74.5337 | 1.75123 | 0 | 1 | 0 | 0 | 0 | 0 | 0 | 1 | camera | target | -0.875666 | -0 | 0.482917 | -0.875
SCRIPT       : DATA_LOG | 953666 | 0dnbV3OoKZVSKsRjRsSreDYKOmPaMHd_PD7pjTKbIH4= | 13127.5 | 6.12793 | 10273.2 | 0.601992 | -0.798503 | 0 | none | 0 | 46.6498 | 984.267 | 0 | 1 | 1 | 0 | 0 | 0 | 0 | 1 | camera |  | 0.601992 | 0 | -0.798503 | 0.601992 | 0 |
SCRIPT       : DATA_LOG | 954652 | aRapBi1cCZPZAGLIDny3dk3hQ8vTmNTLHRl8zxmKgQ0= | 13128.8 | 6.12273 | 10271.9 | -0.783942 | 0.620834 | 0 | CZ550 | 1 | 36.3935 | 2.88365 | 0 | 1 | 0 | 0 | 0 | 0 | 0 | 1 | camera | target | -0.783942 | 0 | 0.620834 | -0.7839
SCRIPT       : DATA_LOG | 954669 | 0dnbV3OoKZVSKsRjRsSreDYKOmPaMHd_PD7pjTKbIH4= | 13127.3 | 6.13056 | 10273.9 | 0.296672 | -0.95498 | 0 | none | 0 | 26.8754 | 984.88 | 0 | 1 | 1 | 0 | 0 | 0 | 0 | 1 | camera |  | 0.296672 | 0 | -0.95498 | 0.296672 | 0 | -0
SCRIPT       : DATA_LOG | 955651 | aRapBi1cCZPZAGLIDny3dk3hQ8vTmNTLHRl8zxmKgQ0= | 13129.3 | 6.1247 | 10272.4 | -0.867348 | 0.497702 | 0 | CZ550 | 1 | 38.0834 | 4.68483 | 0 | 1 | 0 | 0 | 0 | 0 | 0 | 1 | camera | target | -0.867348 | -0 | 0.497702 | -0.8673
SCRIPT       : DATA_LOG | 955669 | 0dnbV3OoKZVSKsRjRsSreDYKOmPaMHd_PD7pjTKbIH4= | 13127.2 | 6.12969 | 10276.3 | 0.925852 | 0.377888 | 0 | none | 1 | 84.2979 | 4.64206 | 0 | 1 | 0 | 0 | 0 | 0 | 0 | 1 | camera | target | 0.925852 | 0 | 0.377888 | 0.925852 |
SCRIPT       : DATA_LOG | 956654 | aRapBi1cCZPZAGLIDny3dk3hQ8vTmNTLHRl8zxmKgQ0= | 13127.9 | 6.12323 | 10272 | -0.312515 | 0.949913 | 0 | CZ550 | 1 | 12.7812 | 8.84237 | 0 | 1 | 0 | 0 | 0 | 0 | 0 | 1 | camera | target | -0.312515 | 0 | 0.949913 | -0.312515
SCRIPT       : DATA_LOG | 956671 | 0dnbV3OoKZVSKsRjRsSreDYKOmPaMHd_PD7pjTKbIH4= | 13126.3 | 6.11353 | 10280.4 | 0.688196 | 0.725525 | 0 | none | 1 | 125.364 | 8.46101 | 0 | 1 | 0 | 0 | 0 | 0 | 0 | 1 | camera | none | 0.688196 | 0 | 0.725525 | 0.688196 | 0
SCRIPT       : DATA_LOG | 957654 | aRapBi1cCZPZAGLIDny3dk3hQ8vTmNTLHRl8zxmKgQ0= | 13126 | 6.13428 | 10274.9 | 0.0862261 | 0.996276 | 0 | CZ550 | 1 | 8.39164 | 12.4786 | 0 | 1 | 0 | 0 | 0 | 0 | 0 | 1 | camera | target | 0.0862261 | 0 | 0.996276 | 0.0862261
SCRIPT       : DATA_LOG | 957670 | 0dnbV3OoKZVSKsRjRsSreDYKOmPaMHd_PD7pjTKbIH4= | 13128 | 6.09999 | 10286.8 | 0.790655 | 0.612262 | 0 | none | 1 | 137.177 | 12.0594 | 0 | 1 | 0 | 0 | 0 | 0 | 0 | 1 | camera | target | 0.790655 | 0 | 0.612262 | 0.790655 | 0
SCRIPT       : DATA_LOG | 958964 | aRapBi1cCZPZAGLIDny3dk3hQ8vTmNTLHRl8zxmKgQ0= | 13124.8 | 6.12857 | 10276.4 | 0.82477 | 0.565468 | 0 | CZ550 | 1 | 21.6704 | 15.6765 | 0 | 1 | 0 | 0 | 0 | 0 | 0 | 1 | camera | target | 0.82477 | 0 | 0.565468 | 0.82477 | 0
SCRIPT       : DATA_LOG | 958978 | 0dnbV3OoKZVSKsRjRsSreDYKOmPaMHd_PD7pjTKbIH4= | 13133.3 | 6.10838 | 10289.1 | 0.978664 | 0.205469 | 0 | none | 0 | 122.549 | 725.395 | 0 | 1 | 0 | 0 | 0 | 0 | 0 | 1 | camera |  | 0.978664 | 0 | 0.205469 | 0.978664 | 0 | 0
SCRIPT       : DATA_LOG | 960140 | aRapBi1cCZPZAGLIDny3dk3hQ8vTmNTLHRl8zxmKgQ0= | 13123.2 | 6.11798 | 10277.4 | 0.469148 | 0.883119 | 0 | CZ550 | 1 | 6.69779 | 14.7968 | 0 | 1 | 0 | 0 | 0 | 0 | 0 | 1 | camera | none | 0.469148 | 0 | 0.883119 | 0.469148 | 
SCRIPT       : DATA_LOG | 960158 | 0dnbV3OoKZVSKsRjRsSreDYKOmPaMHd_PD7pjTKbIH4= | 13131.2 | 6.09993 | 10290.1 | -0.562807 | -0.826589 | 0 | none | 1 | 6.4828 | 15.0724 | 0 | 1 | 0 | 0 | 0 | 0 | 0 | 1 | camera | target | -0.562807 | 0 | -0.826589 | -0.5628
SCRIPT       : DATA_LOG | 961143 | aRapBi1cCZPZAGLIDny3dk3hQ8vTmNTLHRl8zxmKgQ0= | 13122.4 | 6.11333 | 10277.8 | 0.482277 | 0.876019 | 0 | CZ550 | 1 | 9.33362 | 8.66362 | 0 | 1 | 0 | 0 | 0 | 0 | 0 | 1 | camera | none | 0.482277 | 0 | 0.876019 | 0.482277 | 
SCRIPT       : DATA_LOG | 961160 | 0dnbV3OoKZVSKsRjRsSreDYKOmPaMHd_PD7pjTKbIH4= | 13126.7 | 6.09858 | 10285.7 | -0.475715 | -0.879599 | 0 | none | 0 | 8.11341 | 719.909 | 0 | 1 | 0 | 0 | 0 | 0 | 0 | 1 | camera |  | -0.475715 | 0 | -0.879599 | -0.475715 | 
SCRIPT       : DATA_LOG | 962140 | aRapBi1cCZPZAGLIDny3dk3hQ8vTmNTLHRl8zxmKgQ0= | 13123.4 | 6.1212 | 10276.8 | 0.972826 | -0.231539 | 0 | CZ550 | 0 | 85.9758 | 987.102 | 0 | 1 | 1 | 0 | 0 | 0 | 0 | 1 | camera |  | 0.972826 | 0 | -0.231539 | 0.972826 | 0 |
SCRIPT       : DATA_LOG | 962155 | 0dnbV3OoKZVSKsRjRsSreDYKOmPaMHd_PD7pjTKbIH4= | 13123.4 | 6.10911 | 10279.9 | -0.502188 | -0.864758 | 0 | none | 0 | 9.93365 | 713.287 | 0 | 1 | 0 | 0 | 0 | 0 | 0 | 1 | camera | Land_Sawmill_Illuminanttower | -0.502188 | 
SCRIPT       : DATA_LOG | 963146 | aRapBi1cCZPZAGLIDny3dk3hQ8vTmNTLHRl8zxmKgQ0= | 13124.3 | 6.1323 | 10274.1 | 0.979326 | -0.202291 | 0 | CZ550 | 0 | 87.7741 | 984.583 | 0 | 1 | 1 | 0 | 0 | 0 | 0 | 1 | camera |  | 0.979326 | 0 | -0.202291 | 0.979326 | 0 |
SCRIPT       : DATA_LOG | 963163 | 0dnbV3OoKZVSKsRjRsSreDYKOmPaMHd_PD7pjTKbIH4= | 13124.2 | 6.12211 | 10277.4 | 0.675836 | -0.737052 | 0 | none | 1 | 42.9168 | 3.72188 | 0 | 1 | 0 | 0 | 0 | 0 | 0 | 1 | camera | target | 0.675836 | 0 | -0.737052 | 0.675836
SCRIPT       : DATA_LOG | 964142 | aRapBi1cCZPZAGLIDny3dk3hQ8vTmNTLHRl8zxmKgQ0= | 13123.4 | 6.12857 | 10272.4 | 0.981134 | 0.193328 | 0 | CZ550 | 1 | 40.6222 | 4.80247 | 0 | 1 | 0 | 0 | 0 | 0 | 0 | 1 | camera | none | 0.981134 | 0 | 0.193328 | 0.981134 | 
SCRIPT       : DATA_LOG | 964157 | 0dnbV3OoKZVSKsRjRsSreDYKOmPaMHd_PD7pjTKbIH4= | 13126.3 | 6.13132 | 10275.9 | 0.852587 | -0.522585 | 0 | none | 0 | 68.0342 | 986.714 | 0 | 1 | 1 | 0 | 0 | 0 | 0 | 1 | camera |  | 0.852587 | 0 | -0.522585 | 0.852587 | 0 |
SCRIPT       : DATA_LOG | 965142 | aRapBi1cCZPZAGLIDny3dk3hQ8vTmNTLHRl8zxmKgQ0= | 13123.3 | 6.12828 | 10271.3 | 0.52967 | 0.848204 | 0 | CZ550 | 1 | 23.1064 | 6.93887 | 0 | 1 | 0 | 0 | 0 | 0 | 0 | 1 | camera | target | 0.52967 | 0 | 0.848204 | 0.52967 | 0
SCRIPT       : DATA_LOG | 965156 | 0dnbV3OoKZVSKsRjRsSreDYKOmPaMHd_PD7pjTKbIH4= | 13128.6 | 6.13247 | 10275.6 | 0.705089 | -0.709119 | 0 | none | 0 | 54.5097 | 986.783 | 0 | 1 | 1 | 0 | 0 | 0 | 0 | 1 | camera |  | 0.705089 | 0 | -0.709119 | 0.705089 | 0 |
SCRIPT       : DATA_LOG | 966145 | aRapBi1cCZPZAGLIDny3dk3hQ8vTmNTLHRl8zxmKgQ0= | 13124.2 | 6.13187 | 10270.4 | 0.864146 | 0.503241 | 0 | CZ550 | 1 | 18.0624 | 6.4674 | 0 | 1 | 0 | 0 | 0 | 0 | 0 | 1 | camera | target | 0.864146 | 0 | 0.503241 | 0.864146 |
SCRIPT       : DATA_LOG | 966161 | 0dnbV3OoKZVSKsRjRsSreDYKOmPaMHd_PD7pjTKbIH4= | 13128.9 | 6.13386 | 10274.7 | 0.375501 | -0.926822 | 0 | none | 0 | 31.7575 | 985.977 | 0 | 1 | 1 | 0 | 0 | 0 | 0 | 1 | camera |  | 0.375501 | 0 | -0.926822 | 0.375501 | 0 |
SCRIPT       : DATA_LOG | 967146 | aRapBi1cCZPZAGLIDny3dk3hQ8vTmNTLHRl8zxmKgQ0= | 13123.6 | 6.1292 | 10271.1 | 0.725271 | 0.688463 | 0 | CZ550 | 1 | 21.8069 | 8.46022 | 0 | 1 | 0 | 0 | 0 | 0 | 0 | 1 | camera | target | 0.725271 | 0 | 0.688463 | 0.725271 |
SCRIPT       : DATA_LOG | 967159 | 0dnbV3OoKZVSKsRjRsSreDYKOmPaMHd_PD7pjTKbIH4= | 13131.1 | 6.13351 | 10274.6 | 0.712439 | -0.701734 | 0 | none | 0 | 55.2593 | 986.237 | 0 | 1 | 1 | 0 | 0 | 0 | 0 | 1 | camera |  | 0.712439 | 0 | -0.701734 | 0.712439 | 0 |
SCRIPT       : DATA_LOG | 968150 | aRapBi1cCZPZAGLIDny3dk3hQ8vTmNTLHRl8zxmKgQ0= | 13124.1 | 6.13143 | 10273 | 0.829824 | 0.558026 | 0 | CZ550 | 1 | 22.8701 | 6.06293 | 0 | 1 | 0 | 0 | 0 | 0 | 0 | 1 | camera | target | 0.829824 | 0 | 0.558026 | 0.829824 | 
SCRIPT       : DATA_LOG | 968164 | 0dnbV3OoKZVSKsRjRsSreDYKOmPaMHd_PD7pjTKbIH4= | 13129.8 | 6.13404 | 10274.8 | -0.465745 | -0.884919 | 0 | none | 0 | 6.92271 | 710.735 | 0 | 1 | 0 | 0 | 0 | 0 | 0 | 1 | camera | Barrel_Blue | -0.465745 | 0 | -0.884919 | -
SCRIPT       : DATA_LOG | 969266 | aRapBi1cCZPZAGLIDny3dk3hQ8vTmNTLHRl8zxmKgQ0= | 13124.1 | 6.13143 | 10273 | 0.829824 | 0.558026 | 0 | CZ550 | 1 | 22.496 | 6.0055 | 0 | 1 | 0 | 0 | 0 | 0 | 0 | 1 | camera | target | 0.829824 | 0 | 0.558026 | 0.829824 | 0 
SCRIPT       : DATA_LOG | 969278 | 0dnbV3OoKZVSKsRjRsSreDYKOmPaMHd_PD7pjTKbIH4= | 13129.7 | 6.13423 | 10274.8 | -0.465745 | -0.884919 | 0 | none | 0 | 6.93121 | 710.747 | 0 | 1 | 0 | 0 | 0 | 0 | 0 | 1 | camera | Barrel_Blue | -0.465745 | 0 | -0.884919 | -
SCRIPT       : DATA_LOG | 970267 | aRapBi1cCZPZAGLIDny3dk3hQ8vTmNTLHRl8zxmKgQ0= | 13124.1 | 6.13143 | 10273 | 0.829824 | 0.558026 | 0 | CZ550 | 1 | 26.7456 | 5.70449 | 0 | 1 | 0 | 0 | 0 | 0 | 0 | 1 | camera | none | 0.829824 | 0 | 0.558026 | 0.829824 | 0 
SCRIPT       : DATA_LOG | 970281 | 0dnbV3OoKZVSKsRjRsSreDYKOmPaMHd_PD7pjTKbIH4= | 13129.5 | 6.13214 | 10274.3 | -0.334352 | -0.942448 | 0 | none | 0 | 1.29649 | 710.203 | 0 | 1 | 0 | 1 | 0 | 0 | 0 | 1 | camera | Barrel_Blue | -0.334352 | 0 | -0.942448 | -
SCRIPT       : DATA_LOG | 971268 | aRapBi1cCZPZAGLIDny3dk3hQ8vTmNTLHRl8zxmKgQ0= | 13124.2 | 6.13192 | 10272.8 | 0.833279 | 0.552852 | 0 | CZ550 | 1 | 28.6015 | 5.45237 | 0 | 1 | 0 | 0 | 0 | 0 | 0 | 1 | camera | none | 0.833279 | 0 | 0.552852 | 0.833279 | 
SCRIPT       : DATA_LOG | 971281 | 0dnbV3OoKZVSKsRjRsSreDYKOmPaMHd_PD7pjTKbIH4= | 13129.4 | 6.13052 | 10273.9 | -0.229789 | -0.97324 | 0 | none | 0 | 3.54895 | 985.234 | 0 | 1 | 1 | 1 | 0 | 0 | 0 | 1 | camera |  | -0.229789 | 0 | -0.97324 | -0.229789 | 0 
SCRIPT       : DATA_LOG | 972269 | aRapBi1cCZPZAGLIDny3dk3hQ8vTmNTLHRl8zxmKgQ0= | 13125.1 | 6.13459 | 10274.5 | 0.673841 | 0.738876 | 0 | CZ550 | 1 | 58.2961 | 4.64291 | 0 | 1 | 0 | 0 | 0 | 0 | 0 | 1 | camera | target | 0.673841 | 0 | 0.738876 | 0.673841 
SCRIPT       : DATA_LOG | 972285 | 0dnbV3OoKZVSKsRjRsSreDYKOmPaMHd_PD7pjTKbIH4= | 13129.5 | 6.13126 | 10274.1 | -0.229789 | -0.97324 | 0 | none | 0 | 3.54834 | 985.423 | 0 | 1 | 1 | 1 | 0 | 0 | 0 | 1 | camera | Barrel_Blue | -0.229789 | 0 | -0.97324 | -0.
SCRIPT       : DATA_LOG | 973272 | aRapBi1cCZPZAGLIDny3dk3hQ8vTmNTLHRl8zxmKgQ0= | 13125.3 | 6.12356 | 10277.8 | 0.759857 | -0.65009 | 0 | CZ550 | 1 | 15.6758 | 5.88356 | 0 | 1 | 0 | 0 | 0 | 0 | 0 | 1 | camera | target | 0.759857 | 0 | -0.65009 | 0.759857 
SCRIPT       : DATA_LOG | 973287 | 0dnbV3OoKZVSKsRjRsSreDYKOmPaMHd_PD7pjTKbIH4= | 13129.5 | 6.13126 | 10274.1 | -0.229789 | -0.97324 | 0 | none | 0 | 3.54834 | 985.428 | 0 | 1 | 1 | 1 | 0 | 0 | 0 | 1 | camera | Barrel_Blue | -0.229789 | 0 | -0.97324 | -0.
SCRIPT       : DATA_LOG | 974270 | aRapBi1cCZPZAGLIDny3dk3hQ8vTmNTLHRl8zxmKgQ0= | 13124.9 | 6.12235 | 10278 | -0.665091 | -0.746762 | 0 | CZ550 | 0 | 21.3174 | 712.036 | 0 | 1 | 0 | 0 | 0 | 0 | 0 | 1 | camera | Land_Sawmill_Illuminanttower | -0.665091 | 0
SCRIPT       : DATA_LOG | 974285 | 0dnbV3OoKZVSKsRjRsSreDYKOmPaMHd_PD7pjTKbIH4= | 13129.5 | 6.13126 | 10274.1 | -0.229789 | -0.97324 | 0 | none | 0 | 3.54862 | 985.424 | 0 | 1 | 1 | 1 | 0 | 0 | 0 | 1 | camera | Barrel_Blue | -0.229789 | 0 | -0.97324 | -0.
SCRIPT       : DATA_LOG | 975274 | aRapBi1cCZPZAGLIDny3dk3hQ8vTmNTLHRl8zxmKgQ0= | 13124.4 | 6.13257 | 10275 | 0.650015 | -0.759922 | 0 | CZ550 | 1 | 40.2837 | 5.35759 | 0 | 1 | 0 | 0 | 0 | 0 | 0 | 1 | camera | target | 0.650015 | 0 | -0.759922 | 0.650015 
SCRIPT       : DATA_LOG | 975288 | 0dnbV3OoKZVSKsRjRsSreDYKOmPaMHd_PD7pjTKbIH4= | 13129.5 | 6.13126 | 10274.1 | -0.229789 | -0.97324 | 0 | none | 0 | 3.54867 | 985.423 | 0 | 1 | 1 | 1 | 0 | 0 | 0 | 1 | camera | Barrel_Blue | -0.229789 | 0 | -0.97324 | -0.
SCRIPT       : DATA_LOG | 976275 | aRapBi1cCZPZAGLIDny3dk3hQ8vTmNTLHRl8zxmKgQ0= | 13124.9 | 6.13443 | 10271.8 | 0.813986 | 0.580885 | 0 | CZ550 | 1 | 20.4994 | 5.19972 | 0 | 1 | 0 | 0 | 0 | 0 | 0 | 1 | camera | none | 0.813986 | 0 | 0.580885 | 0.813986 | 
SCRIPT       : DATA_LOG | 976291 | 0dnbV3OoKZVSKsRjRsSreDYKOmPaMHd_PD7pjTKbIH4= | 13129.5 | 6.13126 | 10274.1 | -0.229789 | -0.97324 | 0 | none | 0 | 3.54867 | 985.433 | 0 | 1 | 1 | 1 | 0 | 0 | 0 | 1 | camera | Barrel_Blue | -0.229789 | 0 | -0.97324 | -0.
SCRIPT       : DATA_LOG | 977274 | aRapBi1cCZPZAGLIDny3dk3hQ8vTmNTLHRl8zxmKgQ0= | 13124.4 | 6.13243 | 10272.4 | 0.768037 | 0.640405 | 0 | CZ550 | 1 | 28.4277 | 5.46302 | 0 | 1 | 0 | 0 | 0 | 0 | 0 | 1 | camera | none | 0.768037 | 0 | 0.640405 | 0.768037 | 
SCRIPT       : DATA_LOG | 977301 | 0dnbV3OoKZVSKsRjRsSreDYKOmPaMHd_PD7pjTKbIH4= | 13129.5 | 6.13126 | 10274.1 | -0.229789 | -0.97324 | 0 | none | 0 | 3.54851 | 985.417 | 0 | 1 | 1 | 1 | 0 | 0 | 0 | 1 | camera | Barrel_Blue | -0.229789 | 0 | -0.97324 | -0.
SCRIPT       : DATA_LOG | 978280 | aRapBi1cCZPZAGLIDny3dk3hQ8vTmNTLHRl8zxmKgQ0= | 13124.8 | 6.13419 | 10272.1 | 0.768033 | 0.64041 | 0 | CZ550 | 1 | 25.4738 | 5.14354 | 0 | 1 | 0 | 0 | 0 | 0 | 0 | 1 | camera | none | 0.768033 | 0 | 0.64041 | 0.768033 | 0 
SCRIPT       : DATA_LOG | 978301 | 0dnbV3OoKZVSKsRjRsSreDYKOmPaMHd_PD7pjTKbIH4= | 13129.5 | 6.13126 | 10274.1 | -0.229789 | -0.97324 | 0 | none | 0 | 3.54812 | 985.439 | 0 | 1 | 1 | 1 | 0 | 0 | 0 | 1 | camera | Barrel_Blue | -0.229789 | 0 | -0.97324 | -0.
SCRIPT       : DATA_LOG | 979276 | aRapBi1cCZPZAGLIDny3dk3hQ8vTmNTLHRl8zxmKgQ0= | 13124.8 | 6.13406 | 10272.2 | 0.768033 | 0.64041 | 0 | CZ550 | 1 | 25.8064 | 5.16663 | 0 | 1 | 0 | 0 | 0 | 0 | 0 | 1 | camera | none | 0.768033 | 0 | 0.64041 | 0.768033 | 0 
SCRIPT       : DATA_LOG | 979289 | 0dnbV3OoKZVSKsRjRsSreDYKOmPaMHd_PD7pjTKbIH4= | 13129.5 | 6.13126 | 10274.1 | -0.229789 | -0.97324 | 0 | none | 0 | 3.5484 | 985.427 | 0 | 1 | 1 | 1 | 0 | 0 | 0 | 1 | camera | Barrel_Blue | -0.229789 | 0 | -0.97324 | -0.2
SCRIPT       : DATA_LOG | 980279 | aRapBi1cCZPZAGLIDny3dk3hQ8vTmNTLHRl8zxmKgQ0= | 13126.6 | 6.12905 | 10273.5 | 0.890724 | 0.454544 | 0 | FAL | 1 | 34.4857 | 3.17675 | 0 | 1 | 0 | 0 | 0 | 0 | 0 | 1 | camera | target | 0.890724 | 0 | 0.454544 | 0.890724 | 
SCRIPT       : DATA_LOG | 980296 | 0dnbV3OoKZVSKsRjRsSreDYKOmPaMHd_PD7pjTKbIH4= | 13129.5 | 6.13126 | 10274.1 | -0.229789 | -0.97324 | 0 | none | 0 | 3.54845 | 985.426 | 0 | 1 | 1 | 1 | 0 | 0 | 0 | 1 | camera | Barrel_Blue | -0.229789 | 0 | -0.97324 | -0.
SCRIPT       : DATA_LOG | 981279 | aRapBi1cCZPZAGLIDny3dk3hQ8vTmNTLHRl8zxmKgQ0= | 13126.7 | 6.13434 | 10274.9 | 0.990095 | 0.140399 | 0 | FAL | 1 | 39.211 | 3.23744 | 0 | 1 | 0 | 0 | 0 | 0 | 0 | 1 | camera | target | 0.990095 | 0 | 0.140399 | 0.990095 | 0
SCRIPT       : DATA_LOG | 981294 | 0dnbV3OoKZVSKsRjRsSreDYKOmPaMHd_PD7pjTKbIH4= | 13129.5 | 6.13126 | 10274.1 | -0.229789 | -0.97324 | 0 | none | 0 | 3.54856 | 985.426 | 0 | 1 | 1 | 1 | 0 | 0 | 0 | 1 | camera | Barrel_Blue | -0.229789 | 0 | -0.97324 | -0.
SCRIPT       : DATA_LOG | 982284 | aRapBi1cCZPZAGLIDny3dk3hQ8vTmNTLHRl8zxmKgQ0= | 13129.2 | 6.13306 | 10275.5 | 0.630519 | -0.776174 | 0 | FAL | 0 | 48.7987 | 986.739 | 0 | 1 | 1 | 0 | 0 | 0 | 0 | 1 | camera |  | 0.630519 | 0 | -0.776174 | 0.630519 | 0 | 
SCRIPT       : DATA_LOG | 982304 | 0dnbV3OoKZVSKsRjRsSreDYKOmPaMHd_PD7pjTKbIH4= | 13129.5 | 6.13126 | 10274.1 | -0.229789 | -0.97324 | 0 | none | 0 | 3.54878 | 985.421 | 0 | 1 | 1 | 1 | 0 | 0 | 0 | 1 | camera | Barrel_Blue | -0.229789 | 0 | -0.97324 | -0.
SCRIPT       : DATA_LOG | 983280 | aRapBi1cCZPZAGLIDny3dk3hQ8vTmNTLHRl8zxmKgQ0= | 13131 | 6.12663 | 10272.9 | -0.983072 | -0.183221 | 0 | FAL | 1 | 54.6089 | 2.42987 | 0 | 1 | 0 | 0 | 0 | 0 | 0 | 1 | camera | target | -0.983072 | 0 | -0.183221 | -0.983072
SCRIPT       : DATA_LOG | 983298 | 0dnbV3OoKZVSKsRjRsSreDYKOmPaMHd_PD7pjTKbIH4= | 13129.5 | 6.13126 | 10274.1 | -0.229789 | -0.97324 | 0 | none | 0 | 3.54867 | 985.431 | 0 | 1 | 1 | 1 | 0 | 0 | 0 | 1 | camera | Barrel_Blue | -0.229789 | 0 | -0.97324 | -0.
SCRIPT       : DATA_LOG | 984280 | aRapBi1cCZPZAGLIDny3dk3hQ8vTmNTLHRl8zxmKgQ0= | 13129.8 | 6.12216 | 10271.8 | -0.359312 | 0.933218 | 0 | FAL | 1 | 37.6479 | 2.61979 | 0 | 1 | 0 | 0 | 0 | 0 | 0 | 1 | camera | none | -0.359312 | 0 | 0.933218 | -0.359312 |
SCRIPT       : DATA_LOG | 984293 | 0dnbV3OoKZVSKsRjRsSreDYKOmPaMHd_PD7pjTKbIH4= | 13129.5 | 6.13126 | 10274.1 | -0.229789 | -0.97324 | 0 | none | 0 | 3.54851 | 985.418 | 0 | 1 | 1 | 1 | 0 | 0 | 0 | 1 | camera | Barrel_Blue | -0.229789 | 0 | -0.97324 | -0.
SCRIPT       : DATA_LOG | 985282 | aRapBi1cCZPZAGLIDny3dk3hQ8vTmNTLHRl8zxmKgQ0= | 13127.5 | 6.12484 | 10271.8 | 0.157001 | 0.987598 | 0 | FAL | 1 | 43.1446 | 3.17061 | 0 | 1 | 0 | 0 | 0 | 0 | 0 | 1 | camera | none | 0.157001 | 0 | 0.987598 | 0.157001 | 0 
SCRIPT       : DATA_LOG | 985296 | 0dnbV3OoKZVSKsRjRsSreDYKOmPaMHd_PD7pjTKbIH4= | 13129.5 | 6.13126 | 10274.1 | -0.229789 | -0.97324 | 0 | none | 0 | 3.54823 | 985.436 | 0 | 1 | 1 | 1 | 0 | 0 | 0 | 1 | camera | Barrel_Blue | -0.229789 | 0 | -0.97324 | -0.
SCRIPT       : DATA_LOG | 986286 | aRapBi1cCZPZAGLIDny3dk3hQ8vTmNTLHRl8zxmKgQ0= | 13127.7 | 6.12924 | 10273.6 | 0.720101 | 0.693869 | 0 | FAL | 1 | 51.8269 | 2.28381 | 0 | 1 | 0 | 0 | 0 | 0 | 0 | 1 | camera | target | 0.720101 | 0 | 0.693869 | 0.720101 | 
SCRIPT       : DATA_LOG | 986302 | 0dnbV3OoKZVSKsRjRsSreDYKOmPaMHd_PD7pjTKbIH4= | 13129.5 | 6.13126 | 10274.1 | -0.229789 | -0.97324 | 0 | none | 0 | 3.54834 | 985.43 | 0 | 1 | 1 | 1 | 0 | 0 | 0 | 1 | camera | Barrel_Blue | -0.229789 | 0 | -0.97324 | -0.2
SCRIPT       : DATA_LOG | 987284 | aRapBi1cCZPZAGLIDny3dk3hQ8vTmNTLHRl8zxmKgQ0= | 13127.7 | 6.12924 | 10273.6 | 0.720101 | 0.693869 | 0 | FAL | 1 | 51.861 | 2.28119 | 0 | 1 | 0 | 0 | 0 | 0 | 0 | 1 | camera | target | 0.720101 | 0 | 0.693869 | 0.720101 | 0
SCRIPT       : DATA_LOG | 987297 | 0dnbV3OoKZVSKsRjRsSreDYKOmPaMHd_PD7pjTKbIH4= | 13129.5 | 6.13126 | 10274.1 | -0.229789 | -0.97324 | 0 | none | 0 | 3.54845 | 985.424 | 0 | 1 | 1 | 1 | 0 | 0 | 0 | 1 | camera | Barrel_Blue | -0.229789 | 0 | -0.97324 | -0.
SCRIPT       : DATA_LOG | 988285 | aRapBi1cCZPZAGLIDny3dk3hQ8vTmNTLHRl8zxmKgQ0= | 13127.7 | 6.12924 | 10273.6 | 0.720101 | 0.693869 | 0 | FAL | 1 | 51.8266 | 2.28961 | 0 | 1 | 0 | 0 | 0 | 0 | 0 | 1 | camera | target | 0.720101 | 0 | 0.693869 | 0.720101 | 
SCRIPT       : DATA_LOG | 988299 | 0dnbV3OoKZVSKsRjRsSreDYKOmPaMHd_PD7pjTKbIH4= | 13129.5 | 6.13126 | 10274.1 | -0.229789 | -0.97324 | 0 | none | 0 | 3.5484 | 985.427 | 0 | 1 | 1 | 1 | 0 | 0 | 0 | 1 | camera | Barrel_Blue | -0.229789 | 0 | -0.97324 | -0.2
SCRIPT       : DATA_LOG | 989289 | aRapBi1cCZPZAGLIDny3dk3hQ8vTmNTLHRl8zxmKgQ0= | 13127.7 | 6.12924 | 10273.6 | 0.720101 | 0.693869 | 0 | FAL | 1 | 51.7323 | 2.2948 | 0 | 1 | 0 | 0 | 0 | 0 | 0 | 1 | camera | target | 0.720101 | 0 | 0.693869 | 0.720101 | 0
SCRIPT       : DATA_LOG | 989302 | 0dnbV3OoKZVSKsRjRsSreDYKOmPaMHd_PD7pjTKbIH4= | 13129.5 | 6.13126 | 10274.1 | -0.229789 | -0.97324 | 0 | none | 0 | 3.54867 | 985.421 | 0 | 1 | 1 | 1 | 0 | 0 | 0 | 1 | camera | Barrel_Blue | -0.229789 | 0 | -0.97324 | -0.
SCRIPT       : DATA_LOG | 990289 | aRapBi1cCZPZAGLIDny3dk3hQ8vTmNTLHRl8zxmKgQ0= | 13127.7 | 6.12924 | 10273.6 | 0.720101 | 0.693869 | 0 | FAL | 1 | 51.8594 | 2.28461 | 0 | 1 | 0 | 0 | 0 | 0 | 0 | 1 | camera | target | 0.720101 | 0 | 0.693869 | 0.720101 | 
SCRIPT       : DATA_LOG | 990305 | 0dnbV3OoKZVSKsRjRsSreDYKOmPaMHd_PD7pjTKbIH4= | 13129.5 | 6.13126 | 10274.1 | -0.229789 | -0.97324 | 0 | none | 0 | 3.54873 | 985.43 | 0 | 1 | 1 | 1 | 0 | 0 | 0 | 1 | camera | Barrel_Blue | -0.229789 | 0 | -0.97324 | -0.2
SCRIPT       : DATA_LOG | 991290 | aRapBi1cCZPZAGLIDny3dk3hQ8vTmNTLHRl8zxmKgQ0= | 13127.7 | 6.12924 | 10273.6 | 0.720101 | 0.693869 | 0 | FAL | 1 | 51.8 | 2.29049 | 0 | 1 | 0 | 0 | 0 | 0 | 0 | 1 | camera | target | 0.720101 | 0 | 0.693869 | 0.720101 | 0 |
SCRIPT       : DATA_LOG | 991303 | 0dnbV3OoKZVSKsRjRsSreDYKOmPaMHd_PD7pjTKbIH4= | 13129.5 | 6.13126 | 10274.1 | -0.229789 | -0.97324 | 0 | none | 0 | 3.54851 | 985.42 | 0 | 1 | 1 | 1 | 0 | 0 | 0 | 1 | camera | Barrel_Blue | -0.229789 | 0 | -0.97324 | -0.2
SCRIPT       : DATA_LOG | 992291 | aRapBi1cCZPZAGLIDny3dk3hQ8vTmNTLHRl8zxmKgQ0= | 13127.7 | 6.12924 | 10273.6 | 0.720101 | 0.693869 | 0 | FAL | 1 | 51.9479 | 2.28227 | 0 | 1 | 0 | 0 | 0 | 0 | 0 | 1 | camera | target | 0.720101 | 0 | 0.693869 | 0.720101 | 
SCRIPT       : DATA_LOG | 992308 | 0dnbV3OoKZVSKsRjRsSreDYKOmPaMHd_PD7pjTKbIH4= | 13129.5 | 6.13126 | 10274.1 | -0.229789 | -0.97324 | 0 | none | 0 | 3.54823 | 985.432 | 0 | 1 | 1 | 1 | 0 | 0 | 0 | 1 | camera | Barrel_Blue | -0.229789 | 0 | -0.97324 | -0.
SCRIPT       : DATA_LOG | 993289 | aRapBi1cCZPZAGLIDny3dk3hQ8vTmNTLHRl8zxmKgQ0= | 13127.7 | 6.12924 | 10273.6 | 0.720101 | 0.693869 | 0 | FAL | 1 | 51.8643 | 2.28237 | 0 | 1 | 0 | 0 | 0 | 0 | 0 | 1 | camera | target | 0.720101 | 0 | 0.693869 | 0.720101 | 
SCRIPT       : DATA_LOG | 993302 | 0dnbV3OoKZVSKsRjRsSreDYKOmPaMHd_PD7pjTKbIH4= | 13129.5 | 6.13126 | 10274.1 | -0.229789 | -0.97324 | 0 | none | 0 | 3.54834 | 985.434 | 0 | 1 | 1 | 1 | 0 | 0 | 0 | 1 | camera | Barrel_Blue | -0.229789 | 0 | -0.97324 | -0.
SCRIPT       : DATA_LOG | 994293 | aRapBi1cCZPZAGLIDny3dk3hQ8vTmNTLHRl8zxmKgQ0= | 13127.7 | 6.12924 | 10273.6 | 0.720101 | 0.693869 | 0 | FAL | 1 | 51.846 | 2.28263 | 0 | 1 | 0 | 0 | 0 | 0 | 0 | 1 | camera | target | 0.720101 | 0 | 0.693869 | 0.720101 | 0
SCRIPT       : DATA_LOG | 994305 | 0dnbV3OoKZVSKsRjRsSreDYKOmPaMHd_PD7pjTKbIH4= | 13129.5 | 6.13126 | 10274.1 | -0.229789 | -0.97324 | 0 | none | 0 | 3.54856 | 985.422 | 0 | 1 | 1 | 1 | 0 | 0 | 0 | 1 | camera | Barrel_Blue | -0.229789 | 0 | -0.97324 | -0.
SCRIPT       : DATA_LOG | 995297 | aRapBi1cCZPZAGLIDny3dk3hQ8vTmNTLHRl8zxmKgQ0= | 13127.7 | 6.12924 | 10273.6 | 0.720101 | 0.693869 | 0 | none | 1 | 51.8783 | 2.28667 | 0 | 1 | 0 | 0 | 0 | 0 | 0 | 1 | camera | target | 0.720101 | 0 | 0.693869 | 0.720101 |
SCRIPT       : DATA_LOG | 995313 | 0dnbV3OoKZVSKsRjRsSreDYKOmPaMHd_PD7pjTKbIH4= | 13129.5 | 6.13126 | 10274.1 | -0.229789 | -0.97324 | 0 | none | 0 | 3.5484 | 985.427 | 0 | 1 | 1 | 1 | 0 | 0 | 0 | 1 | camera | Barrel_Blue | -0.229789 | 0 | -0.97324 | -0.2
SCRIPT       : DATA_LOG | 996296 | aRapBi1cCZPZAGLIDny3dk3hQ8vTmNTLHRl8zxmKgQ0= | 13127.7 | 6.12924 | 10273.6 | 0.720101 | 0.693869 | 0 | none | 1 | 51.7034 | 2.29665 | 0 | 1 | 0 | 0 | 0 | 0 | 0 | 1 | camera | target | 0.720101 | 0 | 0.693869 | 0.720101 |
SCRIPT       : DATA_LOG | 996311 | 0dnbV3OoKZVSKsRjRsSreDYKOmPaMHd_PD7pjTKbIH4= | 13129.5 | 6.13126 | 10274.1 | -0.229789 | -0.97324 | 0 | none | 0 | 3.54867 | 985.421 | 0 | 1 | 1 | 1 | 0 | 0 | 0 | 1 | camera | Barrel_Blue | -0.229789 | 0 | -0.97324 | -0.
SCRIPT       : DATA_LOG | 997295 | aRapBi1cCZPZAGLIDny3dk3hQ8vTmNTLHRl8zxmKgQ0= | 13127.7 | 6.12924 | 10273.6 | 0.720101 | 0.693869 | 0 | none | 1 | 51.8788 | 2.28449 | 0 | 1 | 0 | 0 | 0 | 0 | 0 | 1 | camera | target | 0.720101 | 0 | 0.693869 | 0.720101 |
SCRIPT       : DATA_LOG | 997309 | 0dnbV3OoKZVSKsRjRsSreDYKOmPaMHd_PD7pjTKbIH4= | 13129.5 | 6.13126 | 10274.1 | -0.229789 | -0.97324 | 0 | none | 0 | 3.54867 | 985.428 | 0 | 1 | 1 | 1 | 0 | 0 | 0 | 1 | camera | Barrel_Blue | -0.229789 | 0 | -0.97324 | -0.
SCRIPT       : DATA_LOG | 998294 | aRapBi1cCZPZAGLIDny3dk3hQ8vTmNTLHRl8zxmKgQ0= | 13127.7 | 6.12924 | 10273.6 | 0.720101 | 0.693869 | 0 | none | 1 | 51.7868 | 2.29091 | 0 | 1 | 0 | 0 | 0 | 0 | 0 | 1 | camera | target | 0.720101 | 0 | 0.693869 | 0.720101 |
SCRIPT       : DATA_LOG | 998308 | 0dnbV3OoKZVSKsRjRsSreDYKOmPaMHd_PD7pjTKbIH4= | 13129.5 | 6.13126 | 10274.1 | -0.229789 | -0.97324 | 0 | none | 0 | 3.54873 | 985.423 | 0 | 1 | 1 | 1 | 0 | 0 | 0 | 1 | camera | Barrel_Blue | -0.229789 | 0 | -0.97324 | -0.
SCRIPT       : DATA_LOG | 999300 | aRapBi1cCZPZAGLIDny3dk3hQ8vTmNTLHRl8zxmKgQ0= | 13127.7 | 6.12924 | 10273.6 | 0.720101 | 0.693869 | 0 | none | 1 | 51.9295 | 2.28357 | 0 | 1 | 0 | 0 | 0 | 0 | 0 | 1 | camera | target | 0.720101 | 0 | 0.693869 | 0.720101 |
SCRIPT       : DATA_LOG | 999317 | 0dnbV3OoKZVSKsRjRsSreDYKOmPaMHd_PD7pjTKbIH4= | 13129.5 | 6.13126 | 10274.1 | -0.229789 | -0.97324 | 0 | none | 0 | 3.54829 | 985.427 | 0 | 1 | 1 | 1 | 0 | 0 | 0 | 1 | camera | Barrel_Blue | -0.229789 | 0 | -0.97324 | -0.
SCRIPT       : DATA_LOG | 1000301 | aRapBi1cCZPZAGLIDny3dk3hQ8vTmNTLHRl8zxmKgQ0= | 13127.7 | 6.12924 | 10273.6 | 0.720101 | 0.693869 | 0 | none | 1 | 51.8811 | 2.28213 | 0 | 1 | 0 | 0 | 0 | 0 | 0 | 1 | camera | target | 0.720101 | 0 | 0.693869 | 0.720101 
SCRIPT       : DATA_LOG | 1000317 | 0dnbV3OoKZVSKsRjRsSreDYKOmPaMHd_PD7pjTKbIH4= | 13129.5 | 6.13126 | 10274.1 | -0.229789 | -0.97324 | 0 | none | 0 | 3.54829 | 985.437 | 0 | 1 | 1 | 1 | 0 | 0 | 0 | 1 | camera | Barrel_Blue | -0.229789 | 0 | -0.97324 | -0
SCRIPT       : DATA_LOG | 1001297 | aRapBi1cCZPZAGLIDny3dk3hQ8vTmNTLHRl8zxmKgQ0= | 13127.1 | 6.13197 | 10274.3 | 0.747394 | 0.664381 | 0 | none | 1 | 58.6481 | 2.78535 | 0 | 1 | 0 | 0 | 0 | 0 | 0 | 1 | camera | target | 0.747394 | 0 | 0.664381 | 0.747394 
SCRIPT       : DATA_LOG | 1001313 | 0dnbV3OoKZVSKsRjRsSreDYKOmPaMHd_PD7pjTKbIH4= | 13129.5 | 6.13126 | 10274.1 | -0.229789 | -0.97324 | 0 | none | 0 | 3.54851 | 985.421 | 0 | 1 | 1 | 1 | 0 | 0 | 0 | 1 | camera | Barrel_Blue | -0.229789 | 0 | -0.97324 | -0
SCRIPT       : DATA_LOG | 1002302 | aRapBi1cCZPZAGLIDny3dk3hQ8vTmNTLHRl8zxmKgQ0= | 13127.1 | 6.13197 | 10274.3 | 0.747394 | 0.664381 | 0 | none | 1 | 58.7162 | 2.7922 | 0 | 1 | 0 | 0 | 0 | 0 | 0 | 1 | camera | target | 0.747394 | 0 | 0.664381 | 0.747394 |
SCRIPT       : DATA_LOG | 1002317 | 0dnbV3OoKZVSKsRjRsSreDYKOmPaMHd_PD7pjTKbIH4= | 13129.5 | 6.13126 | 10274.1 | -0.229789 | -0.97324 | 0 | none | 0 | 3.5484 | 985.43 | 0 | 1 | 1 | 1 | 0 | 0 | 0 | 1 | camera | Barrel_Blue | -0.229789 | 0 | -0.97324 | -0.2
SCRIPT       : DATA_LOG | 1003302 | aRapBi1cCZPZAGLIDny3dk3hQ8vTmNTLHRl8zxmKgQ0= | 13127.1 | 6.13197 | 10274.3 | 0.747394 | 0.664381 | 0 | none | 1 | 61.2147 | 2.68032 | 0 | 1 | 0 | 0 | 0 | 0 | 0 | 1 | camera | none | 0.747394 | 0 | 0.664381 | 0.747394 | 
SCRIPT       : DATA_LOG | 1003318 | 0dnbV3OoKZVSKsRjRsSreDYKOmPaMHd_PD7pjTKbIH4= | 13129.5 | 6.13126 | 10274.1 | -0.229789 | -0.97324 | 0 | none | 0 | 3.54862 | 985.422 | 0 | 1 | 1 | 1 | 0 | 0 | 0 | 1 | camera | Barrel_Blue | -0.229789 | 0 | -0.97324 | -0
SCRIPT       : DATA_LOG | 1004303 | aRapBi1cCZPZAGLIDny3dk3hQ8vTmNTLHRl8zxmKgQ0= | 13127.1 | 6.13197 | 10274.3 | 0.747394 | 0.664381 | 0 | none | 1 | 59.1363 | 2.77817 | 0 | 1 | 0 | 0 | 0 | 0 | 0 | 1 | camera | target | 0.747394 | 0 | 0.664381 | 0.747394 
SCRIPT       : DATA_LOG | 1004318 | 0dnbV3OoKZVSKsRjRsSreDYKOmPaMHd_PD7pjTKbIH4= | 13129.5 | 6.13126 | 10274.1 | -0.229789 | -0.97324 | 0 | none | 0 | 3.54862 | 985.426 | 0 | 1 | 1 | 1 | 0 | 0 | 0 | 1 | camera | Barrel_Blue | -0.229789 | 0 | -0.97324 | -0
SCRIPT       : DATA_LOG | 1005302 | aRapBi1cCZPZAGLIDny3dk3hQ8vTmNTLHRl8zxmKgQ0= | 13127.5 | 6.13042 | 10273.9 | 0.776197 | 0.63049 | 0 | none | 1 | 52.7441 | 2.45964 | 0 | 1 | 0 | 0 | 0 | 0 | 0 | 1 | camera | none | 0.776197 | 0 | 0.63049 | 0.776197 | 0 
SCRIPT       : DATA_LOG | 1005315 | 0dnbV3OoKZVSKsRjRsSreDYKOmPaMHd_PD7pjTKbIH4= | 13129.5 | 6.13126 | 10274.1 | -0.229789 | -0.97324 | 0 | none | 0 | 3.54862 | 985.427 | 0 | 1 | 1 | 1 | 0 | 0 | 0 | 1 | camera | Barrel_Blue | -0.229789 | 0 | -0.97324 | -0
SCRIPT       : DATA_LOG | 1006302 | aRapBi1cCZPZAGLIDny3dk3hQ8vTmNTLHRl8zxmKgQ0= | 13129 | 6.12521 | 10272.6 | 0.762446 | 0.647052 | 0 | none | 1 | 55.9201 | 2.06928 | 0 | 1 | 0 | 0 | 0 | 0 | 0 | 1 | camera | target | 0.762446 | 0 | 0.647052 | 0.762446 | 
SCRIPT       : DATA_LOG | 1006317 | 0dnbV3OoKZVSKsRjRsSreDYKOmPaMHd_PD7pjTKbIH4= | 13129.5 | 6.13126 | 10274.1 | -0.229789 | -0.97324 | 0 | none | 0 | 3.54834 | 985.423 | 0 | 1 | 1 | 1 | 0 | 0 | 0 | 1 | camera | Barrel_Blue | -0.229789 | 0 | -0.97324 | -0
SCRIPT       : DATA_LOG | 1007307 | aRapBi1cCZPZAGLIDny3dk3hQ8vTmNTLHRl8zxmKgQ0= | 13129 | 6.12521 | 10272.6 | 0.762446 | 0.647052 | 0 | none | 1 | 55.9658 | 2.06886 | 0 | 1 | 0 | 0 | 0 | 0 | 0 | 1 | camera | target | 0.762446 | 0 | 0.647052 | 0.762446 | 
SCRIPT       : DATA_LOG | 1007321 | 0dnbV3OoKZVSKsRjRsSreDYKOmPaMHd_PD7pjTKbIH4= | 13129.5 | 6.13126 | 10274.1 | -0.229789 | -0.97324 | 0 | none | 0 | 3.54823 | 985.439 | 0 | 1 | 1 | 1 | 0 | 0 | 0 | 1 | camera | Barrel_Blue | -0.229789 | 0 | -0.97324 | -0
SCRIPT       : DATA_LOG | 1008308 | aRapBi1cCZPZAGLIDny3dk3hQ8vTmNTLHRl8zxmKgQ0= | 13131.3 | 6.12666 | 10272.9 | 0.657378 | 0.753561 | 0 | none | 1 | 100.955 | 2.60557 | 0 | 1 | 0 | 0 | 0 | 0 | 0 | 1 | camera | target | 0.657378 | 0 | 0.753561 | 0.657378 
SCRIPT       : DATA_LOG | 1008340 | 0dnbV3OoKZVSKsRjRsSreDYKOmPaMHd_PD7pjTKbIH4= | 13129.5 | 6.13126 | 10274.1 | -0.229789 | -0.97324 | 0 | none | 0 | 3.54851 | 985.421 | 0 | 1 | 1 | 1 | 0 | 0 | 0 | 1 | camera | Barrel_Blue | -0.229789 | 0 | -0.97324 | -0
SCRIPT       : DATA_LOG | 1009307 | aRapBi1cCZPZAGLIDny3dk3hQ8vTmNTLHRl8zxmKgQ0= | 13131.5 | 6.12752 | 10273.1 | 0.657378 | 0.753561 | 0 | none | 1 | 107.52 | 2.67534 | 0 | 1 | 0 | 0 | 0 | 0 | 0 | 1 | camera | target | 0.657378 | 0 | 0.753561 | 0.657378 |
SCRIPT       : DATA_LOG | 1009319 | 0dnbV3OoKZVSKsRjRsSreDYKOmPaMHd_PD7pjTKbIH4= | 13129.5 | 6.13126 | 10274.1 | -0.229789 | -0.97324 | 0 | none | 0 | 3.5484 | 985.43 | 0 | 1 | 1 | 1 | 0 | 0 | 0 | 1 | camera | Barrel_Blue | -0.229789 | 0 | -0.97324 | -0.2
SCRIPT       : DATA_LOG | 1010310 | aRapBi1cCZPZAGLIDny3dk3hQ8vTmNTLHRl8zxmKgQ0= | 13131.5 | 6.12752 | 10273.1 | 0.657378 | 0.753561 | 0 | none | 1 | 107.102 | 2.6791 | 0 | 1 | 0 | 0 | 0 | 0 | 0 | 1 | camera | target | 0.657378 | 0 | 0.753561 | 0.657378 |
SCRIPT       : DATA_LOG | 1010326 | 0dnbV3OoKZVSKsRjRsSreDYKOmPaMHd_PD7pjTKbIH4= | 13129.5 | 6.13126 | 10274.1 | -0.229789 | -0.97324 | 0 | none | 0 | 3.54862 | 985.423 | 0 | 1 | 1 | 1 | 0 | 0 | 0 | 1 | camera | Barrel_Blue | -0.229789 | 0 | -0.97324 | -0
SCRIPT       : DATA_LOG | 1011307 | aRapBi1cCZPZAGLIDny3dk3hQ8vTmNTLHRl8zxmKgQ0= | 13131.5 | 6.12752 | 10273.1 | 0.657378 | 0.753561 | 0 | none | 1 | 106.163 | 2.7115 | 0 | 1 | 0 | 0 | 0 | 0 | 0 | 1 | camera | target | 0.657378 | 0 | 0.753561 | 0.657378 |
SCRIPT       : DATA_LOG | 1011321 | 0dnbV3OoKZVSKsRjRsSreDYKOmPaMHd_PD7pjTKbIH4= | 13129.5 | 6.13126 | 10274.1 | -0.229789 | -0.97324 | 0 | none | 0 | 3.54873 | 985.424 | 0 | 1 | 1 | 1 | 0 | 0 | 0 | 1 | camera | Barrel_Blue | -0.229789 | 0 | -0.97324 | -0
SCRIPT       : DATA_LOG | 1012312 | aRapBi1cCZPZAGLIDny3dk3hQ8vTmNTLHRl8zxmKgQ0= | 13131.2 | 6.12652 | 10272.9 | -0.604807 | 0.796372 | 0 | none | 1 | 42.3857 | 2.59494 | 0 | 1 | 0 | 0 | 0 | 0 | 0 | 1 | camera | target | -0.604807 | 0 | 0.796372 | -0.6048
SCRIPT       : DATA_LOG | 1012329 | 0dnbV3OoKZVSKsRjRsSreDYKOmPaMHd_PD7pjTKbIH4= | 13129.5 | 6.13126 | 10274.1 | -0.229789 | -0.97324 | 0 | none | 0 | 3.54867 | 985.431 | 0 | 1 | 1 | 1 | 0 | 0 | 0 | 1 | camera | Barrel_Blue | -0.229789 | 0 | -0.97324 | -0
SCRIPT       : DATA_LOG | 1013309 | aRapBi1cCZPZAGLIDny3dk3hQ8vTmNTLHRl8zxmKgQ0= | 13131 | 6.1257 | 10272.7 | -0.325672 | 0.945483 | 0 | none | 1 | 48.1329 | 2.58415 | 0 | 1 | 0 | 0 | 0 | 0 | 0 | 1 | camera | target | -0.325672 | 0 | 0.945483 | -0.325672 
SCRIPT       : DATA_LOG | 1013322 | 0dnbV3OoKZVSKsRjRsSreDYKOmPaMHd_PD7pjTKbIH4= | 13129.5 | 6.13126 | 10274.1 | -0.229789 | -0.97324 | 0 | none | 0 | 3.54851 | 985.42 | 0 | 1 | 1 | 1 | 0 | 0 | 0 | 1 | camera | Barrel_Blue | -0.229789 | 0 | -0.97324 | -0.
SCRIPT       : DATA_LOG | 1014311 | aRapBi1cCZPZAGLIDny3dk3hQ8vTmNTLHRl8zxmKgQ0= | 13131.6 | 6.12613 | 10272.8 | -0.127086 | 0.991892 | 0 | none | 1 | 61.3398 | 2.98496 | 0 | 1 | 0 | 0 | 0 | 0 | 0 | 1 | camera | target | -0.127086 | -0 | 0.991892 | -0.127
SCRIPT       : DATA_LOG | 1014325 | 0dnbV3OoKZVSKsRjRsSreDYKOmPaMHd_PD7pjTKbIH4= | 13129.5 | 6.13126 | 10274.1 | -0.229789 | -0.97324 | 0 | none | 0 | 3.54829 | 985.44 | 0 | 1 | 1 | 1 | 0 | 0 | 0 | 1 | camera | Barrel_Blue | -0.229789 | 0 | -0.97324 | -0.
SCRIPT       : DATA_LOG | 1015313 | aRapBi1cCZPZAGLIDny3dk3hQ8vTmNTLHRl8zxmKgQ0= | 13131.6 | 6.12613 | 10272.8 | -0.127086 | 0.991892 | 0 | none | 1 | 61.1726 | 2.98869 | 0 | 1 | 0 | 0 | 0 | 0 | 0 | 1 | camera | target | -0.127086 | -0 | 0.991892 | -0.127
SCRIPT       : DATA_LOG | 1015326 | 0dnbV3OoKZVSKsRjRsSreDYKOmPaMHd_PD7pjTKbIH4= | 13129.5 | 6.13126 | 10274.1 | -0.229789 | -0.97324 | 0 | none | 0 | 3.54834 | 985.423 | 0 | 1 | 1 | 1 | 0 | 0 | 0 | 1 | camera | Barrel_Blue | -0.229789 | 0 | -0.97324 | -0
SCRIPT       : DATA_LOG | 1016312 | aRapBi1cCZPZAGLIDny3dk3hQ8vTmNTLHRl8zxmKgQ0= | 13131.6 | 6.12613 | 10272.8 | -0.127086 | 0.991892 | 0 | none | 1 | 61.388 | 2.97841 | 0 | 1 | 0 | 0 | 0 | 0 | 0 | 1 | camera | target | -0.127086 | -0 | 0.991892 | -0.1270
SCRIPT       : DATA_LOG | 1016326 | 0dnbV3OoKZVSKsRjRsSreDYKOmPaMHd_PD7pjTKbIH4= | 13129.5 | 6.13126 | 10274.1 | -0.229789 | -0.97324 | 0 | none | 0 | 3.54834 | 985.428 | 0 | 1 | 1 | 1 | 0 | 0 | 0 | 1 | camera | Barrel_Blue | -0.229789 | 0 | -0.97324 | -0
SCRIPT       : DATA_LOG | 1017318 | aRapBi1cCZPZAGLIDny3dk3hQ8vTmNTLHRl8zxmKgQ0= | 13131.6 | 6.12613 | 10272.8 | -0.990371 | 0.13844 | 0 | none | 1 | 36.969 | 2.98399 | 0 | 1 | 0 | 0 | 0 | 0 | 0 | 1 | camera | target | -0.990371 | -0 | 0.13844 | -0.990371
SCRIPT       : DATA_LOG | 1017336 | 0dnbV3OoKZVSKsRjRsSreDYKOmPaMHd_PD7pjTKbIH4= | 13129.5 | 6.13126 | 10274.1 | -0.229789 | -0.97324 | 0 | none | 0 | 3.54862 | 985.424 | 0 | 1 | 1 | 1 | 0 | 0 | 0 | 1 | camera | Barrel_Blue | -0.229789 | 0 | -0.97324 | -0
SCRIPT       : DATA_LOG | 1018427 | aRapBi1cCZPZAGLIDny3dk3hQ8vTmNTLHRl8zxmKgQ0= | 13129.7 | 6.12276 | 10272 | -0.585022 | 0.811017 | 0 | CZ550 | 1 | 45.8856 | 2.56866 | 0 | 1 | 0 | 0 | 0 | 0 | 0 | 1 | camera | target | -0.585022 | 0 | 0.811017 | -0.58502
SCRIPT       : DATA_LOG | 1018442 | 0dnbV3OoKZVSKsRjRsSreDYKOmPaMHd_PD7pjTKbIH4= | 13129.5 | 6.13126 | 10274.1 | -0.229789 | -0.97324 | 0 | none | 0 | 3.54878 | 985.423 | 0 | 1 | 1 | 1 | 0 | 0 | 0 | 1 | camera | Barrel_Blue | -0.229789 | 0 | -0.97324 | -0
SCRIPT       : DATA_LOG | 1019427 | aRapBi1cCZPZAGLIDny3dk3hQ8vTmNTLHRl8zxmKgQ0= | 13127.9 | 6.12506 | 10272.5 | 0.234113 | 0.97221 | 0 | CZ550 | 1 | 47.9279 | 2.59275 | 0 | 1 | 0 | 0 | 0 | 0 | 0 | 1 | camera | target | 0.234113 | 0 | 0.97221 | 0.234113 |
SCRIPT       : DATA_LOG | 1019442 | 0dnbV3OoKZVSKsRjRsSreDYKOmPaMHd_PD7pjTKbIH4= | 13129.5 | 6.13126 | 10274.1 | -0.229789 | -0.97324 | 0 | none | 0 | 3.54862 | 985.432 | 0 | 1 | 1 | 1 | 0 | 0 | 0 | 1 | camera | Barrel_Blue | -0.229789 | 0 | -0.97324 | -0
SCRIPT       : DATA_LOG | 1020428 | aRapBi1cCZPZAGLIDny3dk3hQ8vTmNTLHRl8zxmKgQ0= | 13127.9 | 6.12506 | 10272.5 | 0.234113 | 0.97221 | 0 | CZ550 | 1 | 48.9743 | 2.53525 | 0 | 1 | 0 | 0 | 0 | 0 | 0 | 1 | camera | none | 0.234113 | 0 | 0.97221 | 0.234113 | 0
SCRIPT       : DATA_LOG | 1020444 | 0dnbV3OoKZVSKsRjRsSreDYKOmPaMHd_PD7pjTKbIH4= | 13129.5 | 6.13126 | 10274.1 | -0.229789 | -0.97324 | 0 | none | 0 | 3.54829 | 985.419 | 0 | 1 | 1 | 1 | 0 | 0 | 0 | 1 | camera | Barrel_Blue | -0.229789 | 0 | -0.97324 | -0
SCRIPT       : DATA_LOG | 1021428 | aRapBi1cCZPZAGLIDny3dk3hQ8vTmNTLHRl8zxmKgQ0= | 13127.9 | 6.12506 | 10272.5 | 0.234113 | 0.97221 | 0 | CZ550 | 1 | 48.9743 | 2.53097 | 0 | 1 | 0 | 0 | 0 | 0 | 0 | 1 | camera | none | 0.234113 | 0 | 0.97221 | 0.234113 | 0
SCRIPT       : DATA_LOG | 1021447 | 0dnbV3OoKZVSKsRjRsSreDYKOmPaMHd_PD7pjTKbIH4= | 13129.5 | 6.13126 | 10274.1 | -0.229789 | -0.97324 | 0 | none | 0 | 3.54829 | 985.44 | 0 | 1 | 1 | 1 | 0 | 0 | 0 | 1 | camera | Barrel_Blue | -0.229789 | 0 | -0.97324 | -0.
SCRIPT       : DATA_LOG | 1022432 | aRapBi1cCZPZAGLIDny3dk3hQ8vTmNTLHRl8zxmKgQ0= | 13127.9 | 6.12506 | 10272.5 | 0.234113 | 0.97221 | 0 | CZ550 | 1 | 48.887 | 2.53914 | 0 | 1 | 0 | 0 | 0 | 0 | 0 | 1 | camera | none | 0.234113 | 0 | 0.97221 | 0.234113 | 0 
SCRIPT       : DATA_LOG | 1022445 | 0dnbV3OoKZVSKsRjRsSreDYKOmPaMHd_PD7pjTKbIH4= | 13129.5 | 6.13126 | 10274.1 | -0.229789 | -0.97324 | 0 | none | 0 | 3.54845 | 985.424 | 0 | 1 | 1 | 1 | 0 | 0 | 0 | 1 | camera | Barrel_Blue | -0.229789 | 0 | -0.97324 | -0
SCRIPT       : DATA_LOG | 1023433 | aRapBi1cCZPZAGLIDny3dk3hQ8vTmNTLHRl8zxmKgQ0= | 13127.9 | 6.12506 | 10272.5 | 0.234113 | 0.97221 | 0 | CZ550 | 1 | 49.0072 | 2.5279 | 0 | 1 | 0 | 0 | 0 | 0 | 0 | 1 | camera | none | 0.234113 | 0 | 0.97221 | 0.234113 | 0 
SCRIPT       : DATA_LOG | 1023449 | 0dnbV3OoKZVSKsRjRsSreDYKOmPaMHd_PD7pjTKbIH4= | 13129.5 | 6.13126 | 10274.1 | -0.229789 | -0.97324 | 0 | none | 0 | 3.54834 | 985.428 | 0 | 1 | 1 | 1 | 0 | 0 | 0 | 1 | camera | Barrel_Blue | -0.229789 | 0 | -0.97324 | -0
SCRIPT       : DATA_LOG | 1024431 | aRapBi1cCZPZAGLIDny3dk3hQ8vTmNTLHRl8zxmKgQ0= | 13126.8 | 6.13108 | 10274 | 0.920373 | 0.391043 | 0 | CZ550 | 1 | 39.1874 | 3.04906 | 0 | 1 | 0 | 0 | 0 | 0 | 0 | 1 | camera | target | 0.920373 | 0 | 0.391043 | 0.920373 |
SCRIPT       : DATA_LOG | 1024445 | 0dnbV3OoKZVSKsRjRsSreDYKOmPaMHd_PD7pjTKbIH4= | 13129.5 | 6.13126 | 10274.1 | -0.229789 | -0.97324 | 0 | none | 0 | 3.54862 | 985.424 | 0 | 1 | 1 | 1 | 0 | 0 | 0 | 1 | camera | Barrel_Blue | -0.229789 | 0 | -0.97324 | -0
SCRIPT       : DATA_LOG | 1025433 | aRapBi1cCZPZAGLIDny3dk3hQ8vTmNTLHRl8zxmKgQ0= | 13126.8 | 6.13117 | 10274 | 0.920373 | 0.391043 | 0 | CZ550 | 1 | 39.4393 | 3.05785 | 0 | 1 | 0 | 0 | 0 | 0 | 0 | 1 | camera | target | 0.920373 | 0 | 0.391043 | 0.920373 |
SCRIPT       : DATA_LOG | 1025446 | 0dnbV3OoKZVSKsRjRsSreDYKOmPaMHd_PD7pjTKbIH4= | 13129.5 | 6.13126 | 10274.1 | -0.229789 | -0.97324 | 0 | none | 0 | 3.54867 | 985.423 | 0 | 1 | 1 | 1 | 0 | 0 | 0 | 1 | camera | Barrel_Blue | -0.229789 | 0 | -0.97324 | -0
SCRIPT       : DATA_LOG | 1026436 | aRapBi1cCZPZAGLIDny3dk3hQ8vTmNTLHRl8zxmKgQ0= | 13126.8 | 6.13117 | 10274 | 0.920373 | 0.391043 | 0 | CZ550 | 1 | 39.021 | 3.0554 | 0 | 1 | 0 | 0 | 0 | 0 | 0 | 1 | camera | target | 0.920373 | 0 | 0.391043 | 0.920373 | 0
SCRIPT       : DATA_LOG | 1026451 | 0dnbV3OoKZVSKsRjRsSreDYKOmPaMHd_PD7pjTKbIH4= | 13129.5 | 6.13126 | 10274.1 | -0.229789 | -0.97324 | 0 | none | 0 | 3.54867 | 985.433 | 0 | 1 | 1 | 1 | 0 | 0 | 0 | 1 | camera | Barrel_Blue | -0.229789 | 0 | -0.97324 | -0
SCRIPT       : DATA_LOG | 1027436 | aRapBi1cCZPZAGLIDny3dk3hQ8vTmNTLHRl8zxmKgQ0= | 13126.8 | 6.13117 | 10274 | 0.920373 | 0.391043 | 0 | CZ550 | 1 | 39.4819 | 3.05242 | 0 | 1 | 0 | 0 | 0 | 0 | 0 | 1 | camera | target | 0.920373 | 0 | 0.391043 | 0.920373 |
SCRIPT       : DATA_LOG | 1027452 | 0dnbV3OoKZVSKsRjRsSreDYKOmPaMHd_PD7pjTKbIH4= | 13129.5 | 6.13126 | 10274.1 | -0.229789 | -0.97324 | 0 | none | 0 | 3.54851 | 985.417 | 0 | 1 | 1 | 1 | 0 | 0 | 0 | 1 | camera | Barrel_Blue | -0.229789 | 0 | -0.97324 | -0
SCRIPT       : DATA_LOG | 1028439 | aRapBi1cCZPZAGLIDny3dk3hQ8vTmNTLHRl8zxmKgQ0= | 13126.8 | 6.13117 | 10274 | 0.920373 | 0.391043 | 0 | CZ550 | 1 | 39.5642 | 3.0459 | 0 | 1 | 0 | 0 | 0 | 0 | 0 | 1 | camera | target | 0.920373 | 0 | 0.391043 | 0.920373 | 
SCRIPT       : DATA_LOG | 1028454 | 0dnbV3OoKZVSKsRjRsSreDYKOmPaMHd_PD7pjTKbIH4= | 13129.5 | 6.13126 | 10274.1 | -0.229789 | -0.97324 | 0 | none | 0 | 3.54812 | 985.439 | 0 | 1 | 1 | 1 | 0 | 0 | 0 | 1 | camera | Barrel_Blue | -0.229789 | 0 | -0.97324 | -0
SCRIPT       : DATA_LOG | 1029436 | aRapBi1cCZPZAGLIDny3dk3hQ8vTmNTLHRl8zxmKgQ0= | 13126.8 | 6.13117 | 10274 | 0.920373 | 0.391043 | 0 | CZ550 | 1 | 39.4709 | 3.04926 | 0 | 1 | 0 | 0 | 0 | 0 | 0 | 1 | camera | target | 0.920373 | 0 | 0.391043 | 0.920373 |
SCRIPT       : DATA_LOG | 1029450 | 0dnbV3OoKZVSKsRjRsSreDYKOmPaMHd_PD7pjTKbIH4= | 13129.5 | 6.13126 | 10274.1 | -0.229789 | -0.97324 | 0 | none | 0 | 3.5484 | 985.427 | 0 | 1 | 1 | 1 | 0 | 0 | 0 | 1 | camera | Barrel_Blue | -0.229789 | 0 | -0.97324 | -0.
SCRIPT       : DATA_LOG | 1030440 | aRapBi1cCZPZAGLIDny3dk3hQ8vTmNTLHRl8zxmKgQ0= | 13126.8 | 6.13112 | 10274 | 0.927119 | 0.374767 | 0 | CZ550 | 1 | 38.7677 | 3.0416 | 0 | 1 | 0 | 0 | 0 | 0 | 0 | 1 | camera | target | 0.927119 | 0 | 0.374767 | 0.927119 | 
SCRIPT       : DATA_LOG | 1030455 | 0dnbV3OoKZVSKsRjRsSreDYKOmPaMHd_PD7pjTKbIH4= | 13129.5 | 6.13126 | 10274.1 | -0.229789 | -0.97324 | 0 | none | 0 | 3.54845 | 985.426 | 0 | 1 | 1 | 1 | 0 | 0 | 0 | 1 | camera | Barrel_Blue | -0.229789 | 0 | -0.97324 | -0
SCRIPT       : DATA_LOG | 1031441 | aRapBi1cCZPZAGLIDny3dk3hQ8vTmNTLHRl8zxmKgQ0= | 13129.1 | 6.12547 | 10272.6 | 0.445867 | 0.895099 | 0 | CZ550 | 0 | 50.825 | 2.02354 | 0 | 1 | 0 | 0 | 0 | 0 | 0 | 1 | camera | Barrel_Blue | 0.445867 | 0 | 0.895099 | 0.44
SCRIPT       : DATA_LOG | 1031459 | 0dnbV3OoKZVSKsRjRsSreDYKOmPaMHd_PD7pjTKbIH4= | 13129.5 | 6.13126 | 10274.1 | -0.229789 | -0.97324 | 0 | none | 0 | 3.54856 | 985.426 | 0 | 1 | 1 | 1 | 0 | 0 | 0 | 1 | camera | Barrel_Blue | -0.229789 | 0 | -0.97324 | -0
SCRIPT       : DATA_LOG | 1032445 | aRapBi1cCZPZAGLIDny3dk3hQ8vTmNTLHRl8zxmKgQ0= | 13131.5 | 6.13247 | 10274.4 | -0.914886 | 0.403712 | 0 | CZ550 | 1 | 49.5396 | 2.6426 | 0 | 1 | 0 | 0 | 0 | 0 | 0 | 1 | camera | target | -0.914886 | 0 | 0.403712 | -0.9148
SCRIPT       : DATA_LOG | 1032463 | 0dnbV3OoKZVSKsRjRsSreDYKOmPaMHd_PD7pjTKbIH4= | 13129.5 | 6.13126 | 10274.1 | -0.229789 | -0.97324 | 0 | none | 0 | 3.54878 | 985.421 | 0 | 1 | 1 | 1 | 0 | 0 | 0 | 1 | camera | Barrel_Blue | -0.229789 | 0 | -0.97324 | -0
SCRIPT       : DATA_LOG | 1033442 | aRapBi1cCZPZAGLIDny3dk3hQ8vTmNTLHRl8zxmKgQ0= | 13132.1 | 6.13164 | 10274.2 | -0.877047 | -0.480405 | 0 | CZ550 | 1 | 32.903 | 3.18568 | 0 | 1 | 0 | 0 | 0 | 0 | 0 | 1 | camera | none | -0.877047 | 0 | -0.480405 | -0.8770
SCRIPT       : DATA_LOG | 1033458 | 0dnbV3OoKZVSKsRjRsSreDYKOmPaMHd_PD7pjTKbIH4= | 13129.5 | 6.13126 | 10274.1 | -0.229789 | -0.97324 | 0 | none | 0 | 3.54867 | 985.431 | 0 | 1 | 1 | 1 | 0 | 0 | 0 | 1 | camera | Barrel_Blue | -0.229789 | 0 | -0.97324 | -0
SCRIPT       : DATA_LOG | 1034443 | aRapBi1cCZPZAGLIDny3dk3hQ8vTmNTLHRl8zxmKgQ0= | 13130.3 | 6.12795 | 10273.2 | -0.993838 | 0.110841 | 0 | CZ550 | 1 | 58.4976 | 1.92619 | 0 | 1 | 0 | 0 | 0 | 0 | 0 | 1 | camera | target | -0.993838 | 0 | 0.110841 | -0.993
SCRIPT       : DATA_LOG | 1034458 | 0dnbV3OoKZVSKsRjRsSreDYKOmPaMHd_PD7pjTKbIH4= | 13129.5 | 6.13126 | 10274.1 | -0.229789 | -0.97324 | 0 | none | 0 | 3.54851 | 985.418 | 0 | 1 | 1 | 1 | 0 | 0 | 0 | 1 | camera | Barrel_Blue | -0.229789 | 0 | -0.97324 | -0
SCRIPT       : DATA_LOG | 1035442 | aRapBi1cCZPZAGLIDny3dk3hQ8vTmNTLHRl8zxmKgQ0= | 13128.1 | 6.12423 | 10272.3 | -0.0336465 | 0.999434 | 0 | CZ550 | 1 | 53.5188 | 2.49269 | 0 | 1 | 0 | 0 | 0 | 0 | 0 | 1 | camera | none | -0.0336465 | 0 | 0.999434 | -0.033
SCRIPT       : DATA_LOG | 1035456 | 0dnbV3OoKZVSKsRjRsSreDYKOmPaMHd_PD7pjTKbIH4= | 13129.5 | 6.13126 | 10274.1 | -0.229789 | -0.97324 | 0 | none | 0 | 3.54818 | 985.435 | 0 | 1 | 1 | 1 | 0 | 0 | 0 | 1 | camera | Barrel_Blue | -0.229789 | 0 | -0.97324 | -0
SCRIPT       : DATA_LOG | 1036445 | aRapBi1cCZPZAGLIDny3dk3hQ8vTmNTLHRl8zxmKgQ0= | 13129.2 | 6.12556 | 10272.6 | 0.12344 | 0.992352 | 0 | CZ550 | 1 | 52.0366 | 2.19242 | 0 | 1 | 0 | 0 | 0 | 0 | 0 | 1 | camera | target | 0.12344 | 0 | 0.992352 | 0.12344 | 
SCRIPT       : DATA_LOG | 1036462 | 0dnbV3OoKZVSKsRjRsSreDYKOmPaMHd_PD7pjTKbIH4= | 13128.8 | 6.13174 | 10274.2 | -0.0269303 | -0.999637 | 0 | none | 0 | 8.15813 | 985.441 | 0 | 1 | 1 | 0 | 0 | 0 | 0 | 1 | camera |  | -0.0269303 | 0 | -0.999637 | -0.026930
SCRIPT       : DATA_LOG | 1037447 | aRapBi1cCZPZAGLIDny3dk3hQ8vTmNTLHRl8zxmKgQ0= | 13129.2 | 6.12556 | 10272.6 | 0.12344 | 0.992352 | 0 | CZ550 | 1 | 50.736 | 4.75145 | 0 | 1 | 0 | 0 | 0 | 0 | 0 | 1 | camera | target | 0.12344 | 0 | 0.992352 | 0.12344 | 0
SCRIPT       : DATA_LOG | 1037463 | 0dnbV3OoKZVSKsRjRsSreDYKOmPaMHd_PD7pjTKbIH4= | 13126.2 | 6.13062 | 10276.1 | 0.805921 | -0.592023 | 0 | none | 1 | 22.5147 | 4.73717 | 0 | 1 | 0 | 0 | 0 | 0 | 0 | 1 | camera | target | 0.805921 | 0 | -0.592023 | 0.80592
SCRIPT       : DATA_LOG | 1038448 | aRapBi1cCZPZAGLIDny3dk3hQ8vTmNTLHRl8zxmKgQ0= | 13130.7 | 6.12463 | 10272.4 | 0.354712 | 0.934976 | 0 | CZ550 | 0 | 72.4824 | 6.83518 | 0 | 1 | 0 | 0 | 0 | 0 | 0 | 1 | camera | Barrel_Blue | 0.354712 | 0 | 0.934976 | 0.3
SCRIPT       : DATA_LOG | 1038464 | 0dnbV3OoKZVSKsRjRsSreDYKOmPaMHd_PD7pjTKbIH4= | 13125.5 | 6.1285 | 10276.6 | 0.806117 | -0.591756 | 0 | none | 1 | 12.6458 | 6.80886 | 0 | 1 | 0 | 0 | 0 | 0 | 0 | 1 | camera | target | 0.806117 | 0 | -0.591756 | 0.806117
SCRIPT       : DATA_LOG | 1039448 | aRapBi1cCZPZAGLIDny3dk3hQ8vTmNTLHRl8zxmKgQ0= | 13131.1 | 6.12401 | 10272.3 | 0.366934 | 0.930247 | 0 | CZ550 | 0 | 74.0212 | 7.21838 | 0 | 1 | 0 | 0 | 0 | 0 | 0 | 1 | camera | Barrel_Blue | 0.366934 | 0 | 0.930247 | 0.3
SCRIPT       : DATA_LOG | 1039461 | 0dnbV3OoKZVSKsRjRsSreDYKOmPaMHd_PD7pjTKbIH4= | 13125.5 | 6.1285 | 10276.6 | 0.806117 | -0.591756 | 0 | none | 1 | 12.6802 | 7.21737 | 0 | 1 | 0 | 0 | 0 | 0 | 0 | 1 | camera | target | 0.806117 | 0 | -0.591756 | 0.806117
SCRIPT       : DATA_LOG | 1040451 | aRapBi1cCZPZAGLIDny3dk3hQ8vTmNTLHRl8zxmKgQ0= | 13128.2 | 6.12767 | 10273.2 | -0.739751 | 0.672881 | 0 | CZ550 | 1 | 22.4329 | 4.60696 | 0 | 1 | 0 | 0 | 0 | 0 | 0 | 1 | camera | target | -0.739751 | 0 | 0.672881 | -0.739
SCRIPT       : DATA_LOG | 1040470 | 0dnbV3OoKZVSKsRjRsSreDYKOmPaMHd_PD7pjTKbIH4= | 13125.5 | 6.1285 | 10276.6 | 0.806117 | -0.591756 | 0 | none | 1 | 25.0962 | 4.56831 | 0 | 1 | 0 | 0 | 0 | 0 | 0 | 1 | camera | target | 0.806117 | 0 | -0.591756 | 0.806117
SCRIPT       : DATA_LOG | 1041449 | aRapBi1cCZPZAGLIDny3dk3hQ8vTmNTLHRl8zxmKgQ0= | 13127.4 | 6.13064 | 10273.9 | -0.739777 | 0.672852 | 0 | CZ550 | 1 | 29.0235 | 3.62227 | 0 | 1 | 0 | 0 | 0 | 0 | 0 | 1 | camera | target | -0.739777 | -0 | 0.672852 | -0.73
SCRIPT       : DATA_LOG | 1041464 | 0dnbV3OoKZVSKsRjRsSreDYKOmPaMHd_PD7pjTKbIH4= | 13125.5 | 6.1285 | 10276.6 | 0.806117 | -0.591756 | 0 | none | 1 | 31.8615 | 3.62908 | 0 | 1 | 0 | 0 | 0 | 0 | 0 | 1 | camera | target | 0.806117 | 0 | -0.591756 | 0.806117
SCRIPT       : DATA_LOG | 1042452 | aRapBi1cCZPZAGLIDny3dk3hQ8vTmNTLHRl8zxmKgQ0= | 13127.4 | 6.13064 | 10273.9 | -0.739777 | 0.672852 | 0 | CZ550 | 1 | 29.3631 | 3.59954 | 0 | 1 | 0 | 0 | 0 | 0 | 0 | 1 | camera | target | -0.739777 | -0 | 0.672852 | -0.73
SCRIPT       : DATA_LOG | 1042470 | 0dnbV3OoKZVSKsRjRsSreDYKOmPaMHd_PD7pjTKbIH4= | 13125.5 | 6.1285 | 10276.6 | 0.806117 | -0.591756 | 0 | AugShort | 1 | 31.7287 | 3.63522 | 0 | 1 | 0 | 0 | 0 | 0 | 0 | 1 | camera | target | 0.806117 | 0 | -0.591756 | 0.80
SCRIPT       : DATA_LOG | 1043452 | aRapBi1cCZPZAGLIDny3dk3hQ8vTmNTLHRl8zxmKgQ0= | 13127.4 | 6.13064 | 10273.9 | -0.739777 | 0.672852 | 0 | CZ550 | 1 | 28.0314 | 3.54135 | 0 | 1 | 0 | 0 | 0 | 0 | 0 | 1 | camera | target | -0.739777 | -0 | 0.672852 | -0.73
SCRIPT       : DATA_LOG | 1043470 | 0dnbV3OoKZVSKsRjRsSreDYKOmPaMHd_PD7pjTKbIH4= | 13125.5 | 6.1285 | 10276.6 | 0.806117 | -0.591756 | 0 | AugShort | 1 | 31.7689 | 3.63106 | 0 | 1 | 0 | 0 | 0 | 0 | 0 | 1 | camera | target | 0.806117 | 0 | -0.591756 | 0.80
SCRIPT       : DATA_LOG | 1044455 | aRapBi1cCZPZAGLIDny3dk3hQ8vTmNTLHRl8zxmKgQ0= | 13126.6 | 6.12874 | 10273.3 | -0.486453 | 0.873707 | 0 | CZ550 | 1 | 27.2704 | 3.70154 | 0 | 1 | 0 | 0 | 0 | 0 | 0 | 1 | camera | target | -0.486453 | -0 | 0.873707 | -0.48
SCRIPT       : DATA_LOG | 1044472 | 0dnbV3OoKZVSKsRjRsSreDYKOmPaMHd_PD7pjTKbIH4= | 13125.5 | 6.1285 | 10276.6 | 0.806117 | -0.591756 | 0 | AugShort | 1 | 42.8181 | 3.76216 | 0 | 1 | 0 | 0 | 0 | 0 | 0 | 1 | camera | target | 0.806117 | 0 | -0.591756 | 0.80
SCRIPT       : DATA_LOG | 1045455 | aRapBi1cCZPZAGLIDny3dk3hQ8vTmNTLHRl8zxmKgQ0= | 13126.6 | 6.12874 | 10273.3 | -0.486453 | 0.873707 | 0 | CZ550 | 1 | 27.416 | 3.76407 | 0 | 1 | 0 | 0 | 0 | 0 | 0 | 1 | camera | target | -0.486453 | -0 | 0.873707 | -0.486
SCRIPT       : DATA_LOG | 1045476 | 0dnbV3OoKZVSKsRjRsSreDYKOmPaMHd_PD7pjTKbIH4= | 13125.5 | 6.1285 | 10276.6 | 0.806117 | -0.591756 | 0 | AugShort | 1 | 42.8574 | 3.76161 | 0 | 1 | 0 | 0 | 0 | 0 | 0 | 1 | camera | target | 0.806117 | 0 | -0.591756 | 0.80
SCRIPT       : DATA_LOG | 1046459 | aRapBi1cCZPZAGLIDny3dk3hQ8vTmNTLHRl8zxmKgQ0= | 13126.6 | 6.12874 | 10273.3 | -0.486453 | 0.873707 | 0 | CZ550 | 1 | 26.5349 | 3.6869 | 0 | 1 | 0 | 0 | 0 | 0 | 0 | 1 | camera | target | -0.486453 | -0 | 0.873707 | -0.486
SCRIPT       : DATA_LOG | 1046478 | 0dnbV3OoKZVSKsRjRsSreDYKOmPaMHd_PD7pjTKbIH4= | 13125.5 | 6.1285 | 10276.6 | 0.806117 | -0.591756 | 1 | AugShort | 1 | 42.8038 | 3.75949 | 0 | 1 | 0 | 0 | 0 | 0 | 1 | 1 | camera | target | 0.806117 | 0 | -0.591756 | 0.80
SCRIPT       : DATA_LOG | 1047460 | aRapBi1cCZPZAGLIDny3dk3hQ8vTmNTLHRl8zxmKgQ0= | 13126.1 | 6.13075 | 10273.1 | -0.389263 | 0.921127 | 0 | CZ550 | 1 | 26.9921 | 3.7927 | 0 | 1 | 0 | 0 | 0 | 0 | 0 | 1 | camera | target | -0.389263 | -0 | 0.921127 | -0.389
SCRIPT       : DATA_LOG | 1047479 | 0dnbV3OoKZVSKsRjRsSreDYKOmPaMHd_PD7pjTKbIH4= | 13125.5 | 6.1285 | 10276.6 | 0.806117 | -0.591756 | 1 | AugShort | 1 | 49.7209 | 3.84092 | 0 | 1 | 0 | 0 | 0 | 0 | 1 | 1 | camera | target | 0.806117 | 0 | -0.591756 | 0.80
SCRIPT       : DATA_LOG | 1048462 | aRapBi1cCZPZAGLIDny3dk3hQ8vTmNTLHRl8zxmKgQ0= | 13126.1 | 6.13075 | 10273.1 | -0.389263 | 0.921127 | 0 | CZ550 | 1 | 27.9584 | 3.86363 | 0 | 1 | 0 | 0 | 0 | 0 | 0 | 1 | camera | target | -0.389263 | -0 | 0.921127 | -0.38
SCRIPT       : DATA_LOG | 1048481 | 0dnbV3OoKZVSKsRjRsSreDYKOmPaMHd_PD7pjTKbIH4= | 13125.5 | 6.1285 | 10276.6 | 0.806117 | -0.591756 | 0 | AugShort | 1 | 49.7476 | 3.8397 | 0 | 1 | 0 | 0 | 0 | 0 | 0 | 1 | camera | target | 0.806117 | 0 | -0.591756 | 0.806
SCRIPT       : DATA_LOG | 1049458 | aRapBi1cCZPZAGLIDny3dk3hQ8vTmNTLHRl8zxmKgQ0= | 13126.1 | 6.13075 | 10273.1 | -0.389263 | 0.921127 | 0 | CZ550 | 1 | 27.8222 | 3.86988 | 0 | 1 | 0 | 0 | 0 | 0 | 0 | 1 | camera | target | -0.389263 | -0 | 0.921127 | -0.38
SCRIPT       : DATA_LOG | 1049473 | 0dnbV3OoKZVSKsRjRsSreDYKOmPaMHd_PD7pjTKbIH4= | 13125.5 | 6.1285 | 10276.6 | 0.0011281 | -0.999999 | 0 | AugShort | 0 | 9.5544 | 987.269 | 0 | 1 | 1 | 0 | 0 | 0 | 0 | 1 | camera |  | 0.0011281 | 0 | -0.999999 | 0.0011281
SCRIPT       : DATA_LOG | 1050459 | aRapBi1cCZPZAGLIDny3dk3hQ8vTmNTLHRl8zxmKgQ0= | 13126.1 | 6.13075 | 10273.1 | -0.389263 | 0.921127 | 0 | CZ550 | 1 | 27.7707 | 3.91814 | 0 | 1 | 0 | 0 | 0 | 0 | 0 | 1 | camera | target | -0.389263 | -0 | 0.921127 | -0.38
SCRIPT       : DATA_LOG | 1050474 | 0dnbV3OoKZVSKsRjRsSreDYKOmPaMHd_PD7pjTKbIH4= | 13125.5 | 6.1285 | 10276.6 | -0.811428 | 0.584452 | 0 | AugShort | 0 | 105.304 | 710.957 | 0 | 1 | 0 | 0 | 0 | 0 | 0 | 1 | camera | Land_Sawmill_Illuminanttower | -0.811428
SCRIPT       : DATA_LOG | 1051459 | aRapBi1cCZPZAGLIDny3dk3hQ8vTmNTLHRl8zxmKgQ0= | 13126.1 | 6.13075 | 10273.1 | -0.389263 | 0.921127 | 0 | CZ550 | 1 | 28.2617 | 3.89947 | 0 | 1 | 0 | 0 | 0 | 0 | 0 | 1 | camera | target | -0.389263 | -0 | 0.921127 | -0.38
SCRIPT       : DATA_LOG | 1051473 | 0dnbV3OoKZVSKsRjRsSreDYKOmPaMHd_PD7pjTKbIH4= | 13125.5 | 6.1285 | 10276.6 | -0.376102 | 0.926578 | 0 | AugShort | 0 | 137.447 | 710.957 | 0 | 1 | 0 | 0 | 0 | 0 | 0 | 1 | camera | Land_Sawmill_Illuminanttower | -0.376102
SCRIPT       : DATA_LOG | 1052462 | aRapBi1cCZPZAGLIDny3dk3hQ8vTmNTLHRl8zxmKgQ0= | 13126.1 | 6.13075 | 10273.1 | -0.389263 | 0.921127 | 0 | CZ550 | 1 | 28.1043 | 3.90133 | 0 | 1 | 0 | 0 | 0 | 0 | 0 | 1 | camera | target | -0.389263 | -0 | 0.921127 | -0.38
SCRIPT       : DATA_LOG | 1052479 | 0dnbV3OoKZVSKsRjRsSreDYKOmPaMHd_PD7pjTKbIH4= | 13125.5 | 6.1285 | 10276.6 | 0.277391 | 0.960757 | 0 | AugShort | 1 | 145.227 | 3.83805 | 0 | 1 | 0 | 0 | 0 | 0 | 0 | 1 | camera | target | 0.277391 | 0 | 0.960757 | 0.2773
SCRIPT       : DATA_LOG | 1053464 | aRapBi1cCZPZAGLIDny3dk3hQ8vTmNTLHRl8zxmKgQ0= | 13126.1 | 6.13075 | 10273.1 | -0.389263 | 0.921127 | 0 | CZ550 | 1 | 28.1042 | 3.89972 | 0 | 1 | 0 | 0 | 0 | 0 | 0 | 1 | camera | target | -0.389263 | -0 | 0.921127 | -0.38
SCRIPT       : DATA_LOG | 1053477 | 0dnbV3OoKZVSKsRjRsSreDYKOmPaMHd_PD7pjTKbIH4= | 13125.5 | 6.1285 | 10276.6 | 0.277391 | 0.960757 | 0 | AugShort | 1 | 145.22 | 3.84193 | 0 | 1 | 0 | 0 | 0 | 0 | 0 | 1 | camera | target | 0.277391 | 0 | 0.960757 | 0.27739
SCRIPT       : DATA_LOG | 1054463 | aRapBi1cCZPZAGLIDny3dk3hQ8vTmNTLHRl8zxmKgQ0= | 13126.1 | 6.13075 | 10273.1 | -0.389263 | 0.921127 | 0 | CZ550 | 1 | 28.1046 | 3.89812 | 0 | 1 | 0 | 0 | 0 | 0 | 0 | 1 | camera | target | -0.389263 | -0 | 0.921127 | -0.38
SCRIPT       : DATA_LOG | 1054479 | 0dnbV3OoKZVSKsRjRsSreDYKOmPaMHd_PD7pjTKbIH4= | 13125.5 | 6.1285 | 10276.6 | 0.277391 | 0.960757 | 0 | AugShort | 1 | 145.23 | 3.83789 | 0 | 1 | 0 | 0 | 0 | 0 | 0 | 1 | camera | target | 0.277391 | 0 | 0.960757 | 0.27739
SCRIPT       : DATA_LOG | 1055464 | aRapBi1cCZPZAGLIDny3dk3hQ8vTmNTLHRl8zxmKgQ0= | 13126.1 | 6.13075 | 10273.1 | -0.389263 | 0.921127 | 0 | CZ550 | 1 | 28.0807 | 3.90498 | 0 | 1 | 0 | 0 | 0 | 0 | 0 | 1 | camera | target | -0.389263 | -0 | 0.921127 | -0.38
SCRIPT       : DATA_LOG | 1055481 | 0dnbV3OoKZVSKsRjRsSreDYKOmPaMHd_PD7pjTKbIH4= | 13125.5 | 6.1285 | 10276.6 | 0.277391 | 0.960757 | 0 | AugShort | 1 | 145.229 | 3.83795 | 0 | 1 | 0 | 0 | 0 | 0 | 0 | 1 | camera | target | 0.277391 | 0 | 0.960757 | 0.2773
SCRIPT       : DATA_LOG | 1056466 | aRapBi1cCZPZAGLIDny3dk3hQ8vTmNTLHRl8zxmKgQ0= | 13126.1 | 6.13075 | 10273.1 | -0.389263 | 0.921127 | 0 | CZ550 | 1 | 27.5743 | 3.87123 | 0 | 1 | 0 | 0 | 0 | 0 | 0 | 1 | camera | target | -0.389263 | -0 | 0.921127 | -0.38
SCRIPT       : DATA_LOG | 1056484 | 0dnbV3OoKZVSKsRjRsSreDYKOmPaMHd_PD7pjTKbIH4= | 13125.5 | 6.1285 | 10276.6 | -0.98209 | -0.18841 | 0 | AugShort | 0 | 58.6793 | 710.957 | 0 | 1 | 0 | 0 | 0 | 0 | 0 | 1 | camera | Land_Sawmill_Illuminanttower | -0.98209 |
SCRIPT       : DATA_LOG | 1057464 | aRapBi1cCZPZAGLIDny3dk3hQ8vTmNTLHRl8zxmKgQ0= | 13126.1 | 6.13075 | 10273.1 | -0.389263 | 0.921127 | 0 | CZ550 | 1 | 28.0979 | 3.87928 | 0 | 1 | 0 | 0 | 0 | 0 | 0 | 1 | camera | target | -0.389263 | -0 | 0.921127 | -0.38
SCRIPT       : DATA_LOG | 1057477 | 0dnbV3OoKZVSKsRjRsSreDYKOmPaMHd_PD7pjTKbIH4= | 13125.5 | 6.1285 | 10276.6 | -0.17194 | -0.985107 | 0 | AugShort | 0 | 0.435213 | 987.281 | 0 | 1 | 1 | 1 | 0 | 0 | 0 | 1 | camera |  | -0.17194 | 0 | -0.985107 | -0.17194 
SCRIPT       : DATA_LOG | 1058465 | aRapBi1cCZPZAGLIDny3dk3hQ8vTmNTLHRl8zxmKgQ0= | 13126.1 | 6.13075 | 10273.1 | -0.389263 | 0.921127 | 0 | CZ550 | 1 | 27.9534 | 3.78307 | 0 | 1 | 0 | 0 | 0 | 0 | 0 | 1 | camera | target | -0.389263 | -0 | 0.921127 | -0.38
SCRIPT       : DATA_LOG | 1058482 | 0dnbV3OoKZVSKsRjRsSreDYKOmPaMHd_PD7pjTKbIH4= | 13125.5 | 6.1285 | 10276.6 | -0.17194 | -0.985107 | 0 | AugShort | 0 | 0.436111 | 987.264 | 0 | 1 | 1 | 1 | 0 | 0 | 0 | 1 | camera |  | -0.17194 | 0 | -0.985107 | -0.17194 
SCRIPT       : DATA_LOG | 1059467 | aRapBi1cCZPZAGLIDny3dk3hQ8vTmNTLHRl8zxmKgQ0= | 13126.1 | 6.13075 | 10273.1 | -0.389263 | 0.921127 | 0 | CZ550 | 1 | 28.1419 | 3.8507 | 0 | 1 | 0 | 0 | 0 | 0 | 0 | 1 | camera | target | -0.389263 | -0 | 0.921127 | -0.389
SCRIPT       : DATA_LOG | 1059484 | 0dnbV3OoKZVSKsRjRsSreDYKOmPaMHd_PD7pjTKbIH4= | 13125.5 | 6.1285 | 10276.6 | -0.17194 | -0.985107 | 0 | AugShort | 0 | 0.435662 | 987.272 | 0 | 1 | 1 | 1 | 0 | 0 | 0 | 1 | camera |  | -0.17194 | 0 | -0.985107 | -0.17194 
SCRIPT       : DATA_LOG | 1060469 | aRapBi1cCZPZAGLIDny3dk3hQ8vTmNTLHRl8zxmKgQ0= | 13126.1 | 6.13075 | 10273.1 | -0.389263 | 0.921127 | 0 | CZ550 | 1 | 28.1311 | 3.84576 | 0 | 1 | 0 | 0 | 0 | 0 | 0 | 1 | camera | target | -0.389263 | -0 | 0.921127 | -0.38
SCRIPT       : DATA_LOG | 1060482 | 0dnbV3OoKZVSKsRjRsSreDYKOmPaMHd_PD7pjTKbIH4= | 13125.5 | 6.1285 | 10276.6 | -0.17194 | -0.985107 | 0 | AugShort | 0 | 0.435662 | 987.266 | 0 | 1 | 1 | 1 | 0 | 0 | 0 | 1 | camera |  | -0.17194 | 0 | -0.985107 | -0.17194 
SCRIPT       : DATA_LOG | 1061468 | aRapBi1cCZPZAGLIDny3dk3hQ8vTmNTLHRl8zxmKgQ0= | 13126.1 | 6.13075 | 10273.1 | -0.389263 | 0.921127 | 0 | CZ550 | 1 | 27.8904 | 3.86727 | 0 | 1 | 0 | 0 | 0 | 0 | 0 | 1 | camera | target | -0.389263 | -0 | 0.921127 | -0.38
SCRIPT       : DATA_LOG | 1061481 | 0dnbV3OoKZVSKsRjRsSreDYKOmPaMHd_PD7pjTKbIH4= | 13125.5 | 6.1285 | 10276.6 | -0.17194 | -0.985107 | 0 | AugShort | 0 | 0.436111 | 987.267 | 0 | 1 | 1 | 1 | 0 | 0 | 0 | 1 | camera |  | -0.17194 | 0 | -0.985107 | -0.17194 
SCRIPT       : DATA_LOG | 1062469 | aRapBi1cCZPZAGLIDny3dk3hQ8vTmNTLHRl8zxmKgQ0= | 13126.1 | 6.13075 | 10273.1 | -0.389263 | 0.921127 | 0 | CZ550 | 1 | 27.8656 | 3.87249 | 0 | 1 | 0 | 0 | 0 | 0 | 0 | 1 | camera | target | -0.389263 | -0 | 0.921127 | -0.38
SCRIPT       : DATA_LOG | 1062483 | 0dnbV3OoKZVSKsRjRsSreDYKOmPaMHd_PD7pjTKbIH4= | 13125.5 | 6.1285 | 10276.6 | -0.17194 | -0.985107 | 0 | AugShort | 0 | 0.436111 | 987.273 | 0 | 1 | 1 | 1 | 0 | 0 | 0 | 1 | camera |  | -0.17194 | 0 | -0.985107 | -0.17194 
SCRIPT       : DATA_LOG | 1063484 | aRapBi1cCZPZAGLIDny3dk3hQ8vTmNTLHRl8zxmKgQ0= | 13126.1 | 6.13075 | 10273.1 | -0.389263 | 0.921127 | 0 | CZ550 | 1 | 27.8878 | 3.86878 | 0 | 1 | 0 | 0 | 0 | 0 | 0 | 1 | camera | target | -0.389263 | -0 | 0.921127 | -0.38
SCRIPT       : DATA_LOG | 1063498 | 0dnbV3OoKZVSKsRjRsSreDYKOmPaMHd_PD7pjTKbIH4= | 13125.5 | 6.1285 | 10276.6 | -0.17194 | -0.985107 | 0 | AugShort | 0 | 0.435662 | 987.262 | 0 | 1 | 1 | 1 | 0 | 0 | 0 | 1 | camera |  | -0.17194 | 0 | -0.985107 | -0.17194 
SCRIPT       : DATA_LOG | 1064486 | aRapBi1cCZPZAGLIDny3dk3hQ8vTmNTLHRl8zxmKgQ0= | 13126.1 | 6.13075 | 10273.1 | -0.389263 | 0.921127 | 0 | CZ550 | 1 | 27.8855 | 3.86811 | 0 | 1 | 0 | 0 | 0 | 0 | 0 | 1 | camera | target | -0.389263 | -0 | 0.921127 | -0.38
SCRIPT       : DATA_LOG | 1064502 | 0dnbV3OoKZVSKsRjRsSreDYKOmPaMHd_PD7pjTKbIH4= | 13125.5 | 6.1285 | 10276.6 | -0.17194 | -0.985107 | 0 | AugShort | 0 | 0.437007 | 987.282 | 0 | 1 | 1 | 1 | 0 | 0 | 0 | 1 | camera |  | -0.17194 | 0 | -0.985107 | -0.17194 
SCRIPT       : DATA_LOG | 1065486 | aRapBi1cCZPZAGLIDny3dk3hQ8vTmNTLHRl8zxmKgQ0= | 13126.1 | 6.13075 | 10273.1 | -0.389263 | 0.921127 | 0 | CZ550 | 1 | 28.2675 | 3.84974 | 0 | 1 | 0 | 0 | 0 | 0 | 0 | 1 | camera | target | -0.389263 | -0 | 0.921127 | -0.38
SCRIPT       : DATA_LOG | 1065502 | 0dnbV3OoKZVSKsRjRsSreDYKOmPaMHd_PD7pjTKbIH4= | 13125.5 | 6.1285 | 10276.6 | -0.0295672 | -0.999563 | 0 | AugShort | 0 | 7.79553 | 987.266 | 0 | 1 | 1 | 0 | 0 | 0 | 0 | 1 | camera |  | -0.0295672 | 0 | -0.999563 | -0.029
SCRIPT       : DATA_LOG | 1066489 | aRapBi1cCZPZAGLIDny3dk3hQ8vTmNTLHRl8zxmKgQ0= | 13126.1 | 6.13075 | 10273.1 | -0.389263 | 0.921127 | 0 | CZ550 | 1 | 28.1058 | 3.90621 | 0 | 1 | 0 | 0 | 0 | 0 | 0 | 1 | camera | target | -0.389263 | -0 | 0.921127 | -0.38
SCRIPT       : DATA_LOG | 1066506 | 0dnbV3OoKZVSKsRjRsSreDYKOmPaMHd_PD7pjTKbIH4= | 13125.5 | 6.1285 | 10276.6 | 0.85516 | 0.518364 | 0 | AugShort | 1 | 109.992 | 3.83711 | 0 | 1 | 0 | 0 | 0 | 0 | 0 | 1 | camera | target | 0.85516 | 0 | 0.518364 | 0.85516 
SCRIPT       : DATA_LOG | 1067487 | aRapBi1cCZPZAGLIDny3dk3hQ8vTmNTLHRl8zxmKgQ0= | 13126.1 | 6.13075 | 10273.1 | -0.389263 | 0.921127 | 0 | CZ550 | 1 | 27.9478 | 3.9123 | 0 | 1 | 0 | 0 | 0 | 0 | 0 | 1 | camera | target | -0.389263 | -0 | 0.921127 | -0.389
SCRIPT       : DATA_LOG | 1067504 | 0dnbV3OoKZVSKsRjRsSreDYKOmPaMHd_PD7pjTKbIH4= | 13125.5 | 6.1285 | 10276.6 | 0.0989363 | 0.995094 | 0 | AugShort | 1 | 151.398 | 3.84066 | 0 | 1 | 0 | 0 | 0 | 0 | 0 | 1 | camera | target | 0.0989363 | 0 | 0.995094 | 0.09
SCRIPT       : DATA_LOG | 1068488 | aRapBi1cCZPZAGLIDny3dk3hQ8vTmNTLHRl8zxmKgQ0= | 13126.1 | 6.13075 | 10273.1 | -0.389263 | 0.921127 | 0 | CZ550 | 1 | 27.9692 | 3.90857 | 0 | 1 | 0 | 0 | 0 | 0 | 0 | 1 | camera | target | -0.389263 | -0 | 0.921127 | -0.38
SCRIPT       : DATA_LOG | 1068504 | 0dnbV3OoKZVSKsRjRsSreDYKOmPaMHd_PD7pjTKbIH4= | 13125.5 | 6.1285 | 10276.6 | 0.0989363 | 0.995094 | 0 | AugShort | 1 | 151.406 | 3.84048 | 0 | 1 | 0 | 0 | 0 | 0 | 0 | 1 | camera | target | 0.0989363 | 0 | 0.995094 | 0.09
SCRIPT       : DATA_LOG | 1069489 | aRapBi1cCZPZAGLIDny3dk3hQ8vTmNTLHRl8zxmKgQ0= | 13126.1 | 6.13075 | 10273.1 | -0.389263 | 0.921127 | 0 | CZ550 | 1 | 27.9444 | 3.91378 | 0 | 1 | 0 | 0 | 0 | 0 | 0 | 1 | camera | target | -0.389263 | -0 | 0.921127 | -0.38
SCRIPT       : DATA_LOG | 1069503 | 0dnbV3OoKZVSKsRjRsSreDYKOmPaMHd_PD7pjTKbIH4= | 13125.5 | 6.1285 | 10276.6 | 0.0989363 | 0.995094 | 0 | AugShort | 1 | 151.373 | 3.83614 | 0 | 1 | 0 | 0 | 0 | 0 | 0 | 1 | camera | target | 0.0989363 | 0 | 0.995094 | 0.09
SCRIPT       : DATA_LOG | 1070490 | aRapBi1cCZPZAGLIDny3dk3hQ8vTmNTLHRl8zxmKgQ0= | 13126.1 | 6.13075 | 10273.1 | -0.389263 | 0.921127 | 0 | CZ550 | 1 | 27.9453 | 3.91221 | 0 | 1 | 0 | 0 | 0 | 0 | 0 | 1 | camera | target | -0.389263 | -0 | 0.921127 | -0.38
SCRIPT       : DATA_LOG | 1070505 | 0dnbV3OoKZVSKsRjRsSreDYKOmPaMHd_PD7pjTKbIH4= | 13125.5 | 6.1285 | 10276.6 | 0.0989363 | 0.995094 | 0 | AugShort | 1 | 151.385 | 3.84092 | 0 | 1 | 0 | 0 | 0 | 0 | 0 | 1 | camera | target | 0.0989363 | 0 | 0.995094 | 0.09
SCRIPT       : DATA_LOG | 1071494 | aRapBi1cCZPZAGLIDny3dk3hQ8vTmNTLHRl8zxmKgQ0= | 13126.1 | 6.13075 | 10273.1 | -0.389263 | 0.921127 | 0 | CZ550 | 1 | 27.9511 | 3.90979 | 0 | 1 | 0 | 0 | 0 | 0 | 0 | 1 | camera | target | -0.389263 | -0 | 0.921127 | -0.38
SCRIPT       : DATA_LOG | 1071511 | 0dnbV3OoKZVSKsRjRsSreDYKOmPaMHd_PD7pjTKbIH4= | 13125.5 | 6.1285 | 10276.6 | 0.0989363 | 0.995094 | 0 | AugShort | 1 | 151.395 | 3.83967 | 0 | 1 | 0 | 0 | 0 | 0 | 0 | 1 | camera | target | 0.0989363 | 0 | 0.995094 | 0.09
SCRIPT       : DATA_LOG | 1072491 | aRapBi1cCZPZAGLIDny3dk3hQ8vTmNTLHRl8zxmKgQ0= | 13126.1 | 6.13075 | 10273.1 | -0.389263 | 0.921127 | 0 | CZ550 | 1 | 27.9347 | 3.91488 | 0 | 1 | 0 | 0 | 0 | 0 | 0 | 1 | camera | target | -0.389263 | -0 | 0.921127 | -0.38
SCRIPT       : DATA_LOG | 1072505 | 0dnbV3OoKZVSKsRjRsSreDYKOmPaMHd_PD7pjTKbIH4= | 13125.5 | 6.1285 | 10276.6 | 0.0989363 | 0.995094 | 0 | AugShort | 1 | 151.38 | 3.838 | 0 | 1 | 0 | 0 | 0 | 0 | 0 | 1 | camera | target | 0.0989363 | 0 | 0.995094 | 0.09893
SCRIPT       : DATA_LOG | 1073498 | aRapBi1cCZPZAGLIDny3dk3hQ8vTmNTLHRl8zxmKgQ0= | 13126.1 | 6.13075 | 10273.1 | -0.389263 | 0.921127 | 0 | CZ550 | 1 | 27.9431 | 3.91154 | 0 | 1 | 0 | 0 | 0 | 0 | 0 | 1 | camera | target | -0.389263 | -0 | 0.921127 | -0.38
SCRIPT       : DATA_LOG | 1073517 | 0dnbV3OoKZVSKsRjRsSreDYKOmPaMHd_PD7pjTKbIH4= | 13125.5 | 6.1285 | 10276.6 | 0.0989363 | 0.995094 | 0 | AugShort | 1 | 151.396 | 3.84172 | 0 | 1 | 0 | 0 | 0 | 0 | 0 | 1 | camera | target | 0.0989363 | 0 | 0.995094 | 0.09
SCRIPT       : DATA_LOG | 1074495 | aRapBi1cCZPZAGLIDny3dk3hQ8vTmNTLHRl8zxmKgQ0= | 13126.1 | 6.13075 | 10273.1 | -0.389263 | 0.921127 | 0 | CZ550 | 1 | 27.9651 | 3.90944 | 0 | 1 | 0 | 0 | 0 | 0 | 0 | 1 | camera | target | -0.389263 | -0 | 0.921127 | -0.38
SCRIPT       : DATA_LOG | 1074508 | 0dnbV3OoKZVSKsRjRsSreDYKOmPaMHd_PD7pjTKbIH4= | 13125.5 | 6.1285 | 10276.6 | 0.0989363 | 0.995094 | 0 | AugShort | 1 | 151.388 | 3.83883 | 0 | 1 | 0 | 0 | 0 | 0 | 0 | 1 | camera | target | 0.0989363 | 0 | 0.995094 | 0.09
SCRIPT       : DATA_LOG | 1075497 | aRapBi1cCZPZAGLIDny3dk3hQ8vTmNTLHRl8zxmKgQ0= | 13126.1 | 6.13075 | 10273.1 | -0.389263 | 0.921127 | 0 | CZ550 | 1 | 27.9458 | 3.91383 | 0 | 1 | 0 | 0 | 0 | 0 | 0 | 1 | camera | target | -0.389263 | -0 | 0.921127 | -0.38
SCRIPT       : DATA_LOG | 1075514 | 0dnbV3OoKZVSKsRjRsSreDYKOmPaMHd_PD7pjTKbIH4= | 13125.5 | 6.1285 | 10276.6 | 0.0989363 | 0.995094 | 0 | AugShort | 1 | 151.378 | 3.83806 | 0 | 1 | 0 | 0 | 0 | 0 | 0 | 1 | camera | target | 0.0989363 | 0 | 0.995094 | 0.09
SCRIPT       : DATA_LOG | 1076496 | aRapBi1cCZPZAGLIDny3dk3hQ8vTmNTLHRl8zxmKgQ0= | 13126.1 | 6.13075 | 10273.1 | -0.389263 | 0.921127 | 0 | CZ550 | 1 | 27.9541 | 3.91049 | 0 | 1 | 0 | 0 | 0 | 0 | 0 | 1 | camera | target | -0.389263 | -0 | 0.921127 | -0.38
SCRIPT       : DATA_LOG | 1076511 | 0dnbV3OoKZVSKsRjRsSreDYKOmPaMHd_PD7pjTKbIH4= | 13125.5 | 6.1285 | 10276.6 | 0.0989363 | 0.995094 | 0 | AugShort | 1 | 151.386 | 3.84188 | 0 | 1 | 0 | 0 | 0 | 0 | 0 | 1 | camera | target | 0.0989363 | 0 | 0.995094 | 0.09
SCRIPT       : DATA_LOG | 1077499 | aRapBi1cCZPZAGLIDny3dk3hQ8vTmNTLHRl8zxmKgQ0= | 13126.1 | 6.13075 | 10273.1 | -0.389263 | 0.921127 | 0 | CZ550 | 1 | 27.9455 | 3.91061 | 0 | 1 | 0 | 0 | 0 | 0 | 0 | 1 | camera | target | -0.389263 | -0 | 0.921127 | -0.38
SCRIPT       : DATA_LOG | 1077515 | 0dnbV3OoKZVSKsRjRsSreDYKOmPaMHd_PD7pjTKbIH4= | 13125.5 | 6.1285 | 10276.6 | 0.0989363 | 0.995094 | 0 | AugShort | 1 | 151.383 | 3.83788 | 0 | 1 | 0 | 0 | 0 | 0 | 0 | 1 | camera | target | 0.0989363 | 0 | 0.995094 | 0.09
SCRIPT       : DATA_LOG | 1078498 | aRapBi1cCZPZAGLIDny3dk3hQ8vTmNTLHRl8zxmKgQ0= | 13126.1 | 6.13075 | 10273.1 | -0.389263 | 0.921127 | 0 | CZ550 | 1 | 27.8936 | 3.91934 | 0 | 1 | 0 | 0 | 0 | 0 | 0 | 1 | camera | target | -0.389263 | -0 | 0.921127 | -0.38
SCRIPT       : DATA_LOG | 1078513 | 0dnbV3OoKZVSKsRjRsSreDYKOmPaMHd_PD7pjTKbIH4= | 13125.5 | 6.1285 | 10276.6 | 0.0989363 | 0.995094 | 0 | AugShort | 1 | 151.381 | 3.83796 | 0 | 1 | 0 | 0 | 0 | 0 | 0 | 1 | camera | target | 0.0989363 | 0 | 0.995094 | 0.09
SCRIPT       : DATA_LOG | 1079498 | aRapBi1cCZPZAGLIDny3dk3hQ8vTmNTLHRl8zxmKgQ0= | 13126.1 | 6.13075 | 10273.1 | -0.389263 | 0.921127 | 0 | CZ550 | 1 | 27.8872 | 3.86139 | 0 | 1 | 0 | 0 | 0 | 0 | 0 | 1 | camera | target | -0.389263 | -0 | 0.921127 | -0.38
SCRIPT       : DATA_LOG | 1079513 | 0dnbV3OoKZVSKsRjRsSreDYKOmPaMHd_PD7pjTKbIH4= | 13125.5 | 6.1285 | 10276.6 | -0.33098 | 0.943638 | 0 | AugShort | 0 | 140.211 | 710.957 | 0 | 1 | 0 | 0 | 0 | 0 | 0 | 1 | camera | Land_Sawmill_Illuminanttower | -0.33098 |
SCRIPT       : DATA_LOG | 1080502 | aRapBi1cCZPZAGLIDny3dk3hQ8vTmNTLHRl8zxmKgQ0= | 13126.1 | 6.13075 | 10273.1 | -0.389263 | 0.921127 | 0 | CZ550 | 1 | 27.9211 | 3.8592 | 0 | 1 | 0 | 0 | 0 | 0 | 0 | 1 | camera | target | -0.389263 | -0 | 0.921127 | -0.389
SCRIPT       : DATA_LOG | 1080518 | 0dnbV3OoKZVSKsRjRsSreDYKOmPaMHd_PD7pjTKbIH4= | 13125.5 | 6.1285 | 10276.6 | -0.685945 | -0.727653 | 0 | AugShort | 0 | 22.8493 | 710.957 | 0 | 1 | 0 | 0 | 0 | 0 | 0 | 1 | camera | Land_Sawmill_Illuminanttower | -0.68594
SCRIPT       : DATA_LOG | 1081634 | aRapBi1cCZPZAGLIDny3dk3hQ8vTmNTLHRl8zxmKgQ0= | 13126.1 | 6.13075 | 10273.1 | -0.389263 | 0.921127 | 0 | CZ550 | 0 | 83.0586 | 403.337 | 0 | 1 | 0 | 0 | 0 | 0 | 0 | 1 | camera | Land_Container_1Mo | -0.389263 | -0 | 0.92
SCRIPT       : DATA_LOG | 1081852 | 0dnbV3OoKZVSKsRjRsSreDYKOmPaMHd_PD7pjTKbIH4= | 12738.3 | 5.01923 | 10162.2 | 0.0676896 | -0.997706 | 0 | AugShort | 0 | 10.2302 | 568.851 | 0 | 1 | 0 | 0 | 0 | 0 | 0 | 1 | camera |  | 0.0676896 | 0 | -0.997706 | 0.06768
SCRIPT       : DATA_LOG | 1082631 | aRapBi1cCZPZAGLIDny3dk3hQ8vTmNTLHRl8zxmKgQ0= | 13126.1 | 6.13075 | 10273.1 | -0.389263 | 0.921127 | 0 | CZ550 | 0 | 83.0306 | 403.273 | 0 | 1 | 0 | 0 | 0 | 0 | 0 | 1 | camera | Land_Container_1Mo | -0.389263 | -0 | 0.92
SCRIPT       : DATA_LOG | 1082647 | 0dnbV3OoKZVSKsRjRsSreDYKOmPaMHd_PD7pjTKbIH4= | 12738.3 | 5.01923 | 10162.2 | 0.903644 | 0.428285 | 0 | AugShort | 0 | 9.39578 | 403.34 | 0 | 1 | 0 | 0 | 0 | 0 | 0 | 1 | camera |  | 0.903644 | 0 | 0.428285 | 0.903644 | 0
SCRIPT       : DATA_LOG | 1083646 | aRapBi1cCZPZAGLIDny3dk3hQ8vTmNTLHRl8zxmKgQ0= | 13126.1 | 6.13075 | 10273.1 | -0.389263 | 0.921127 | 0 | CZ550 | 0 | 83.1079 | 403.304 | 0 | 1 | 0 | 0 | 0 | 0 | 0 | 1 | camera | Land_Container_1Mo | -0.389263 | -0 | 0.92
SCRIPT       : DATA_LOG | 1083682 | 0dnbV3OoKZVSKsRjRsSreDYKOmPaMHd_PD7pjTKbIH4= | 12738.5 | 5.04842 | 10162 | -0.679215 | -0.73394 | 0 | AugShort | 0 | 56.8774 | 568.581 | 0 | 1 | 0 | 0 | 0 | 0 | 0 | 1 | camera |  | -0.679215 | 0 | -0.73394 | -0.679215 |
SCRIPT       : DATA_LOG | 1084633 | aRapBi1cCZPZAGLIDny3dk3hQ8vTmNTLHRl8zxmKgQ0= | 13126.1 | 6.13075 | 10273.1 | -0.541667 | 0.840593 | 0 | CZ550 | 0 | 73.4122 | 400.567 | 0 | 1 | 0 | 0 | 0 | 0 | 0 | 1 | camera | Land_Container_1Mo | -0.541667 | 0 | 0.840
SCRIPT       : DATA_LOG | 1084666 | 0dnbV3OoKZVSKsRjRsSreDYKOmPaMHd_PD7pjTKbIH4= | 12741.3 | 5.02624 | 10161.4 | 0.993896 | 0.110325 | 0 | AugShort | 0 | 9.87765 | 400.617 | 0 | 1 | 0 | 0 | 0 | 0 | 0 | 1 | camera |  | 0.993896 | 0 | 0.110325 | 0.993896 | 
SCRIPT       : DATA_LOG | 1085639 | aRapBi1cCZPZAGLIDny3dk3hQ8vTmNTLHRl8zxmKgQ0= | 13126.2 | 6.13003 | 10273.7 | -0.964928 | 0.262514 | 0 | CZ550 | 0 | 31.9128 | 396.389 | 0 | 1 | 0 | 0 | 0 | 0 | 0 | 1 | camera | Land_Container_1Mo | -0.964928 | 0 | 0.262
SCRIPT       : DATA_LOG | 1085659 | 0dnbV3OoKZVSKsRjRsSreDYKOmPaMHd_PD7pjTKbIH4= | 12746.3 | 5.15839 | 10160.1 | 0.823816 | -0.566857 | 0 | AugShort | 0 | 41.2944 | 884.135 | 0 | 1 | 1 | 0 | 0 | 0 | 0 | 1 | camera |  | 0.823816 | 0 | -0.566857 | 0.823816 
SCRIPT       : DATA_LOG | 1086635 | aRapBi1cCZPZAGLIDny3dk3hQ8vTmNTLHRl8zxmKgQ0= | 13125.5 | 6.13033 | 10276.2 | -0.362602 | 0.931944 | 0 | CZ550 | 0 | 86.5323 | 392.061 | 0 | 1 | 0 | 0 | 0 | 0 | 0 | 1 | camera |  | -0.362602 | 0 | 0.931944 | -0.362602 | 
SCRIPT       : DATA_LOG | 1086698 | 0dnbV3OoKZVSKsRjRsSreDYKOmPaMHd_PD7pjTKbIH4= | 12751.8 | 5.6525 | 10156.5 | 0.872538 | -0.488546 | 0 | AugShort | 0 | 46.8761 | 879.337 | 0 | 1 | 1 | 0 | 0 | 0 | 0 | 1 | camera |  | 0.872538 | 0 | -0.488546 | 0.872538 |
SCRIPT       : DATA_LOG | 1087640 | aRapBi1cCZPZAGLIDny3dk3hQ8vTmNTLHRl8zxmKgQ0= | 13122.8 | 6.09786 | 10282.1 | -0.863091 | 0.505048 | 0 | CZ550 | 0 | 49.5719 | 386.695 | 0 | 1 | 0 | 0 | 0 | 0 | 0 | 1 | camera |  | -0.863091 | 0 | 0.505048 | -0.863091 | 
SCRIPT       : DATA_LOG | 1087679 | 0dnbV3OoKZVSKsRjRsSreDYKOmPaMHd_PD7pjTKbIH4= | 12757.7 | 5.72564 | 10154.7 | 0.966739 | -0.255765 | 0 | AugShort | 0 | 34.1015 | 386.506 | 0 | 1 | 0 | 0 | 0 | 0 | 0 | 1 | camera |  | 0.966739 | 0 | -0.255765 | 0.966739 
SCRIPT       : DATA_LOG | 1088639 | aRapBi1cCZPZAGLIDny3dk3hQ8vTmNTLHRl8zxmKgQ0= | 13121.1 | 6.08188 | 10288.3 | -0.187173 | 0.982327 | 0 | CZ550 | 0 | 99.5529 | 385.339 | 0 | 1 | 0 | 0 | 0 | 0 | 0 | 1 | camera |  | -0.187173 | 0 | 0.982327 | -0.187173 | 
SCRIPT       : DATA_LOG | 1088702 | 0dnbV3OoKZVSKsRjRsSreDYKOmPaMHd_PD7pjTKbIH4= | 12759.5 | 5.78534 | 10154.3 | 0.97779 | -0.209589 | 0 | AugShort | 0 | 32.4847 | 385.669 | 0 | 1 | 0 | 0 | 0 | 0 | 0 | 1 | camera |  | 0.97779 | 0 | -0.209589 | 0.97779 | 0
SCRIPT       : DATA_LOG | 1089639 | aRapBi1cCZPZAGLIDny3dk3hQ8vTmNTLHRl8zxmKgQ0= | 13119.2 | 6.06919 | 10291.1 | -0.718881 | 0.695133 | 0 | CZ550 | 0 | 64.8901 | 379.101 | 0 | 1 | 0 | 0 | 0 | 0 | 0 | 1 | camera |  | -0.718881 | 0 | 0.695133 | -0.718881 | 
SCRIPT       : DATA_LOG | 1089805 | 0dnbV3OoKZVSKsRjRsSreDYKOmPaMHd_PD7pjTKbIH4= | 12764.6 | 5.93521 | 10156.1 | 0.953621 | -0.301009 | 0 | AugShort | 0 | 38.3812 | 379.406 | 0 | 1 | 0 | 0 | 0 | 0 | 0 | 1 | camera |  | 0.953621 | 0 | -0.301009 | 0.953621 
SCRIPT       : DATA_LOG | 1090641 | aRapBi1cCZPZAGLIDny3dk3hQ8vTmNTLHRl8zxmKgQ0= | 13116.6 | 6.03953 | 10296 | -0.934664 | 0.355533 | 0 | CZ550 | 0 | 42.9043 | 372.337 | 0 | 1 | 0 | 0 | 0 | 0 | 0 | 1 | camera |  | -0.934664 | 0 | 0.355533 | -0.934664 | 0 
SCRIPT       : DATA_LOG | 1090663 | 0dnbV3OoKZVSKsRjRsSreDYKOmPaMHd_PD7pjTKbIH4= | 12771.2 | 5.95571 | 10156.2 | 0.857977 | -0.513688 | 0 | AugShort | 0 | 46.4369 | 874.547 | 0 | 1 | 1 | 0 | 0 | 0 | 0 | 1 | camera | Land_House_1W10 | 0.857977 | 0 | -0.513
SCRIPT       : DATA_LOG | 1091641 | aRapBi1cCZPZAGLIDny3dk3hQ8vTmNTLHRl8zxmKgQ0= | 13115.6 | 6.02902 | 10297.2 | -0.985912 | 0.167263 | 0 | CZ550 | 0 | 32.5904 | 366.762 | 0 | 1 | 0 | 0 | 0 | 0 | 0 | 1 | camera |  | -0.985912 | -0 | 0.167263 | -0.985912 |
SCRIPT       : DATA_LOG | 1091657 | 0dnbV3OoKZVSKsRjRsSreDYKOmPaMHd_PD7pjTKbIH4= | 12777.6 | 5.9717 | 10154.3 | 0.794474 | -0.607298 | 0 | AugShort | 0 | 40.3341 | 871.331 | 0 | 1 | 1 | 0 | 0 | 0 | 0 | 1 | camera | Land_House_1W10 | 0.794474 | 0 | -0.6072
SCRIPT       : DATA_LOG | 1092645 | aRapBi1cCZPZAGLIDny3dk3hQ8vTmNTLHRl8zxmKgQ0= | 13115.6 | 6.02902 | 10297.2 | -0.985912 | 0.167263 | 0 | CZ550 | 0 | 32.999 | 365.577 | 0 | 1 | 0 | 0 | 0 | 0 | 0 | 1 | camera |  | -0.985912 | -0 | 0.167263 | -0.985912 | 
SCRIPT       : DATA_LOG | 1092661 | 0dnbV3OoKZVSKsRjRsSreDYKOmPaMHd_PD7pjTKbIH4= | 12780.1 | 5.97491 | 10152.3 | -0.453059 | -0.89148 | 0 | AugShort | 0 | 37.0816 | 550.346 | 0 | 1 | 0 | 0 | 0 | 0 | 0 | 1 | camera | Land_Shed_M1 | -0.453059 | 0 | -0.89148
SCRIPT       : DATA_LOG | 1093644 | aRapBi1cCZPZAGLIDny3dk3hQ8vTmNTLHRl8zxmKgQ0= | 13115.6 | 6.02902 | 10297.2 | -0.985912 | 0.167263 | 0 | CZ550 | 0 | 33.4751 | 367.174 | 0 | 1 | 0 | 0 | 0 | 0 | 0 | 1 | camera |  | -0.985912 | -0 | 0.167263 | -0.985912 |
SCRIPT       : DATA_LOG | 1093661 | 0dnbV3OoKZVSKsRjRsSreDYKOmPaMHd_PD7pjTKbIH4= | 12779.8 | 5.97467 | 10148.9 | 0.0920516 | -0.995754 | 0 | AugShort | 0 | 4.94696 | 547.034 | 0 | 1 | 0 | 1 | 0 | 0 | 0 | 1 | camera |  | 0.0920516 | 0 | -0.995754 | 0.09205
SCRIPT       : DATA_LOG | 1094646 | aRapBi1cCZPZAGLIDny3dk3hQ8vTmNTLHRl8zxmKgQ0= | 13115.6 | 6.02902 | 10297.2 | -0.985912 | 0.167263 | 0 | CZ550 | 0 | 33.7388 | 367.424 | 0 | 1 | 0 | 0 | 0 | 0 | 0 | 1 | camera |  | -0.985912 | -0 | 0.167263 | -0.985912 |
SCRIPT       : DATA_LOG | 1094664 | 0dnbV3OoKZVSKsRjRsSreDYKOmPaMHd_PD7pjTKbIH4= | 12780.2 | 5.97461 | 10147.2 | 0.349871 | -0.936798 | 0 | AugShort | 0 | 8.28216 | 863.853 | 0 | 1 | 1 | 0 | 0 | 0 | 0 | 1 | camera |  | 0.349871 | 0 | -0.936798 | 0.349871 
SCRIPT       : DATA_LOG | 1095646 | aRapBi1cCZPZAGLIDny3dk3hQ8vTmNTLHRl8zxmKgQ0= | 13116.7 | 6.03172 | 10299.4 | -0.667703 | 0.744427 | 0 | CZ550 | 0 | 72.9185 | 369.149 | 0 | 1 | 0 | 0 | 0 | 0 | 0 | 1 | camera |  | -0.667703 | 0 | 0.744427 | -0.667703 | 
SCRIPT       : DATA_LOG | 1095668 | 0dnbV3OoKZVSKsRjRsSreDYKOmPaMHd_PD7pjTKbIH4= | 12781.6 | 5.97113 | 10144.6 | 0.902098 | -0.43153 | 0 | AugShort | 0 | 50.3712 | 369.192 | 0 | 1 | 0 | 0 | 0 | 0 | 0 | 1 | camera | Land_Shed_M1 | 0.902098 | 0 | -0.43153 |
SCRIPT       : DATA_LOG | 1096668 | aRapBi1cCZPZAGLIDny3dk3hQ8vTmNTLHRl8zxmKgQ0= | 13114.6 | 6.02346 | 10300.6 | -0.945665 | 0.325141 | 0 | CZ550 | 0 | 44.2543 | 366.905 | 0 | 1 | 0 | 0 | 0 | 0 | 0 | 1 | camera |  | -0.945665 | -0 | 0.325141 | -0.945665 |
SCRIPT       : DATA_LOG | 1096689 | 0dnbV3OoKZVSKsRjRsSreDYKOmPaMHd_PD7pjTKbIH4= | 12782.8 | 5.97036 | 10144 | 0.73403 | -0.679117 | 0 | AugShort | 0 | 35.1493 | 860.221 | 0 | 1 | 1 | 0 | 0 | 0 | 0 | 1 | camera | Land_Shed_M1 | 0.73403 | 0 | -0.679117 | 0
SCRIPT       : DATA_LOG | 1097651 | aRapBi1cCZPZAGLIDny3dk3hQ8vTmNTLHRl8zxmKgQ0= | 13114.6 | 6.02346 | 10300.6 | -0.945665 | 0.325141 | 0 | CZ550 | 0 | 44.2506 | 366.919 | 0 | 1 | 0 | 0 | 0 | 0 | 0 | 1 | camera |  | -0.945665 | -0 | 0.325141 | -0.945665 |
SCRIPT       : DATA_LOG | 1097674 | 0dnbV3OoKZVSKsRjRsSreDYKOmPaMHd_PD7pjTKbIH4= | 12782.8 | 5.97036 | 10144 | 0.73403 | -0.679117 | 0 | AugShort | 0 | 35.1494 | 860.225 | 0 | 1 | 1 | 0 | 0 | 0 | 0 | 1 | camera | Land_Shed_M1 | 0.73403 | 0 | -0.679117 | 0
SCRIPT       : DATA_LOG | 1098649 | aRapBi1cCZPZAGLIDny3dk3hQ8vTmNTLHRl8zxmKgQ0= | 13114.6 | 6.02346 | 10300.6 | -0.945665 | 0.325141 | 0 | CZ550 | 0 | 43.9176 | 368.225 | 0 | 1 | 0 | 0 | 0 | 0 | 0 | 1 | camera |  | -0.945665 | -0 | 0.325141 | -0.945665 |
SCRIPT       : DATA_LOG | 1098668 | 0dnbV3OoKZVSKsRjRsSreDYKOmPaMHd_PD7pjTKbIH4= | 12780.8 | 5.972 | 10145.3 | -0.974157 | 0.225871 | 0 | AugShort | 0 | 113.247 | 543.331 | 0 | 1 | 0 | 0 | 0 | 0 | 0 | 1 | camera |  | -0.974157 | 0 | 0.225871 | -0.974157 |
SCRIPT       : DATA_LOG | 1099650 | aRapBi1cCZPZAGLIDny3dk3hQ8vTmNTLHRl8zxmKgQ0= | 13110.9 | 6.00847 | 10301.1 | -0.793375 | -0.608733 | 0 | CZ550 | 0 | 12.7146 | 368.893 | 0 | 1 | 0 | 0 | 0 | 0 | 0 | 1 | camera |  | -0.793375 | 0 | -0.608733 | -0.793375 
SCRIPT       : DATA_LOG | 1099666 | 0dnbV3OoKZVSKsRjRsSreDYKOmPaMHd_PD7pjTKbIH4= | 12776.3 | 5.9637 | 10146.4 | -0.971725 | 0.236114 | 0 | AugShort | 0 | 114.295 | 545.211 | 0 | 1 | 0 | 0 | 0 | 0 | 0 | 1 | camera |  | -0.971725 | 0 | 0.236114 | -0.971725 
SCRIPT       : DATA_LOG | 1100648 | aRapBi1cCZPZAGLIDny3dk3hQ8vTmNTLHRl8zxmKgQ0= | 13104.4 | 6.00498 | 10302 | -0.999097 | -0.0424847 | 0 | CZ550 | 0 | 22.3514 | 366.63 | 0 | 1 | 0 | 0 | 0 | 0 | 0 | 1 | camera |  | -0.999097 | 0 | -0.0424847 | -0.999097 |
SCRIPT       : DATA_LOG | 1100663 | 0dnbV3OoKZVSKsRjRsSreDYKOmPaMHd_PD7pjTKbIH4= | 12771.5 | 6.3746 | 10148.3 | -0.427931 | 0.903811 | 0 | AugShort | 0 | 90.5217 | 366.299 | 0 | 1 | 0 | 0 | 0 | 0 | 0 | 1 | camera | Land_House_1W10 | -0.427931 | -0 | 0.903
SCRIPT       : DATA_LOG | 1101655 | aRapBi1cCZPZAGLIDny3dk3hQ8vTmNTLHRl8zxmKgQ0= | 13101.1 | 6.00499 | 10301.6 | -0.739942 | -0.67267 | 0 | CZ550 | 0 | 17.5006 | 363.366 | 0 | 1 | 0 | 0 | 0 | 0 | 0 | 1 | camera |  | -0.739942 | 0 | -0.67267 | -0.739942 | 
SCRIPT       : DATA_LOG | 1101671 | 0dnbV3OoKZVSKsRjRsSreDYKOmPaMHd_PD7pjTKbIH4= | 12771.1 | 6.55835 | 10149.2 | 0.328534 | 0.944492 | 0 | AugShort | 0 | 46.0358 | 363.207 | 0 | 1 | 0 | 0 | 0 | 0 | 0 | 1 | camera | Land_House_1W10 | 0.328534 | 0 | 0.94449
SCRIPT       : DATA_LOG | 1102652 | aRapBi1cCZPZAGLIDny3dk3hQ8vTmNTLHRl8zxmKgQ0= | 13098.7 | 6.00495 | 10302 | -0.977143 | 0.212581 | 0 | CZ550 | 0 | 37.1642 | 358.802 | 0 | 1 | 0 | 0 | 0 | 0 | 0 | 1 | camera |  | -0.977143 | 0 | 0.212581 | -0.977143 | 0 
SCRIPT       : DATA_LOG | 1102669 | 0dnbV3OoKZVSKsRjRsSreDYKOmPaMHd_PD7pjTKbIH4= | 12773.2 | 6.55832 | 10150.9 | 0.520147 | 0.854077 | 0 | AugShort | 0 | 33.7457 | 358.829 | 0 | 1 | 0 | 0 | 0 | 0 | 0 | 1 | camera | Land_House_1W10 | 0.520147 | 0 | 0.85407
SCRIPT       : DATA_LOG | 1103657 | aRapBi1cCZPZAGLIDny3dk3hQ8vTmNTLHRl8zxmKgQ0= | 13098.4 | 8.40572 | 10302.4 | -0.96647 | 0.256778 | 0 | CZ550 | 0 | 39.7158 | 357.677 | 0 | 1 | 0 | 0 | 0 | 0 | 0 | 1 | camera |  | -0.96647 | 0 | 0.256778 | -0.96647 | 0 |
SCRIPT       : DATA_LOG | 1103675 | 0dnbV3OoKZVSKsRjRsSreDYKOmPaMHd_PD7pjTKbIH4= | 12773.8 | 6.5583 | 10152.1 | 0.3764 | 0.926457 | 0 | AugShort | 0 | 43.0459 | 357.964 | 0 | 1 | 0 | 0 | 0 | 0 | 0 | 1 | camera | Land_House_1W10 | 0.3764 | 0 | 0.926457 | 0
SCRIPT       : DATA_LOG | 1104656 | aRapBi1cCZPZAGLIDny3dk3hQ8vTmNTLHRl8zxmKgQ0= | 13098.4 | 8.41064 | 10302.4 | -0.966356 | 0.257209 | 0 | CZ550 | 0 | 39.9156 | 356.55 | 0 | 1 | 0 | 0 | 0 | 0 | 0 | 1 | camera |  | -0.966356 | 0 | 0.257209 | -0.966356 | 0
SCRIPT       : DATA_LOG | 1104675 | 0dnbV3OoKZVSKsRjRsSreDYKOmPaMHd_PD7pjTKbIH4= | 12775.3 | 6.55836 | 10151.6 | 0.465338 | 0.885133 | 0 | AugShort | 0 | 37.1905 | 356.122 | 0 | 1 | 0 | 0 | 0 | 0 | 0 | 1 | camera | Land_House_1W10 | 0.465338 | 0 | 0.88513
SCRIPT       : DATA_LOG | 1105657 | aRapBi1cCZPZAGLIDny3dk3hQ8vTmNTLHRl8zxmKgQ0= | 13096.7 | 6.00506 | 10302.8 | -0.966356 | 0.257209 | 0 | CZ550 | 0 | 40.0288 | 356.593 | 0 | 1 | 0 | 0 | 0 | 0 | 0 | 1 | camera |  | -0.966356 | 0 | 0.257209 | -0.966356 | 
SCRIPT       : DATA_LOG | 1105674 | 0dnbV3OoKZVSKsRjRsSreDYKOmPaMHd_PD7pjTKbIH4= | 12773.9 | 6.55832 | 10151.5 | -0.813363 | -0.581757 | 0 | AugShort | 0 | 65.2151 | 550.739 | 0 | 1 | 0 | 0 | 0 | 0 | 0 | 1 | camera | Land_House_1W10 | -0.813363 | 0 | -0.5
SCRIPT       : DATA_LOG | 1106658 | aRapBi1cCZPZAGLIDny3dk3hQ8vTmNTLHRl8zxmKgQ0= | 13094.6 | 6.00494 | 10301.6 | -0.613134 | -0.789979 | 0 | CZ550 | 0 | 20.3374 | 724.53 | 0 | 1 | 0 | 0 | 0 | 0 | 0 | 1 | camera |  | -0.613134 | 0 | -0.789979 | -0.613134 |
SCRIPT       : DATA_LOG | 1106680 | 0dnbV3OoKZVSKsRjRsSreDYKOmPaMHd_PD7pjTKbIH4= | 12775.7 | 6.55828 | 10151.2 | 0.92756 | 0.373674 | 0 | AugShort | 0 | 3.29723 | 352.476 | 0 | 1 | 0 | 1 | 0 | 0 | 0 | 1 | camera | Land_House_1W10 | 0.92756 | 0 | 0.373674 
SCRIPT       : DATA_LOG | 1107660 | aRapBi1cCZPZAGLIDny3dk3hQ8vTmNTLHRl8zxmKgQ0= | 13090.6 | 6.00494 | 10298 | -0.819624 | -0.572902 | 0 | CZ550 | 0 | 9.92706 | 347.599 | 0 | 1 | 0 | 0 | 0 | 0 | 0 | 1 | camera |  | -0.819624 | 0 | -0.572902 | -0.819624 | 
SCRIPT       : DATA_LOG | 1107679 | 0dnbV3OoKZVSKsRjRsSreDYKOmPaMHd_PD7pjTKbIH4= | 12775.9 | 6.5583 | 10150.9 | -0.995236 | 0.0974925 | 0 | AugShort | 0 | 106.191 | 549.753 | 0 | 1 | 0 | 0 | 0 | 0 | 0 | 1 | camera | Land_House_1W10 | -0.995236 | 0 | 0.097
SCRIPT       : DATA_LOG | 1108662 | aRapBi1cCZPZAGLIDny3dk3hQ8vTmNTLHRl8zxmKgQ0= | 13090 | 6.00498 | 10295.4 | -0.737122 | -0.67576 | 0 | CZ550 | 0 | 17.9742 | 350.428 | 0 | 1 | 0 | 0 | 0 | 0 | 0 | 1 | camera |  | -0.737122 | 0 | -0.67576 | -0.737122 | 0 
SCRIPT       : DATA_LOG | 1108681 | 0dnbV3OoKZVSKsRjRsSreDYKOmPaMHd_PD7pjTKbIH4= | 12771.5 | 6.55836 | 10149.9 | -0.93422 | -0.356697 | 0 | AugShort | 0 | 80.1642 | 549.643 | 0 | 1 | 0 | 0 | 0 | 0 | 0 | 1 | camera | Land_House_1W10 | -0.93422 | 0 | -0.356
SCRIPT       : DATA_LOG | 1109662 | aRapBi1cCZPZAGLIDny3dk3hQ8vTmNTLHRl8zxmKgQ0= | 13087 | 6.00493 | 10293.7 | -0.766503 | -0.64224 | 0 | Glock19 | 0 | 15.0111 | 348.843 | 0 | 1 | 0 | 0 | 0 | 0 | 0 | 1 | camera |  | -0.766503 | 0 | -0.64224 | -0.766503 | 
SCRIPT       : DATA_LOG | 1109679 | 0dnbV3OoKZVSKsRjRsSreDYKOmPaMHd_PD7pjTKbIH4= | 12770.7 | 5.96809 | 10146.7 | 0.404438 | -0.914565 | 0 | AugShort | 0 | 11.0349 | 865.464 | 0 | 1 | 1 | 0 | 0 | 0 | 0 | 1 | camera |  | 0.404438 | 0 | -0.914565 | 0.404438 
SCRIPT       : DATA_LOG | 1110689 | aRapBi1cCZPZAGLIDny3dk3hQ8vTmNTLHRl8zxmKgQ0= | 13083 | 6.00492 | 10291 | -0.837263 | -0.546801 | 0 | Glock19 | 0 | 7.67031 | 339.12 | 0 | 1 | 0 | 0 | 0 | 0 | 0 | 1 | camera |  | -0.837263 | 0 | -0.546801 | -0.837263 | 0
SCRIPT       : DATA_LOG | 1110717 | 0dnbV3OoKZVSKsRjRsSreDYKOmPaMHd_PD7pjTKbIH4= | 12776.5 | 5.96258 | 10145.2 | 0.915032 | -0.403382 | 0 | AugShort | 0 | 49.219 | 339.046 | 0 | 1 | 0 | 0 | 0 | 0 | 0 | 1 | camera |  | 0.915032 | 0 | -0.403382 | 0.915032 |
SCRIPT       : DATA_LOG | 1111664 | aRapBi1cCZPZAGLIDny3dk3hQ8vTmNTLHRl8zxmKgQ0= | 13079 | 6.00497 | 10289 | -0.241337 | -0.970441 | 0 | Glock19 | 0 | 2.61823 | 707.881 | 0 | 1 | 0 | 1 | 0 | 0 | 0 | 1 | camera |  | -0.241337 | 0 | -0.970441 | -0.241337 | 
SCRIPT       : DATA_LOG | 1111681 | 0dnbV3OoKZVSKsRjRsSreDYKOmPaMHd_PD7pjTKbIH4= | 12776.7 | 6.47395 | 10143.8 | -0.214313 | -0.976765 | 0 | AugShort | 0 | 23.0199 | 542.657 | 0 | 1 | 0 | 0 | 0 | 0 | 0 | 1 | camera |  | -0.214313 | 0 | -0.976765 | -0.2143
SCRIPT       : DATA_LOG | 1112672 | aRapBi1cCZPZAGLIDny3dk3hQ8vTmNTLHRl8zxmKgQ0= | 13077.8 | 6.00497 | 10286.6 | -0.295213 | -0.955432 | 0 | Glock19 | 0 | 0.624637 | 705.26 | 0 | 1 | 0 | 1 | 0 | 0 | 0 | 1 | camera |  | -0.295213 | 0 | -0.955432 | -0.29521
SCRIPT       : DATA_LOG | 1112695 | 0dnbV3OoKZVSKsRjRsSreDYKOmPaMHd_PD7pjTKbIH4= | 12775.1 | 5.965 | 10139.1 | -0.2537 | -0.967283 | 0 | AugShort | 0 | 25.6068 | 538.292 | 0 | 1 | 0 | 0 | 0 | 0 | 0 | 1 | camera |  | -0.2537 | 0 | -0.967283 | -0.2537 | 0 |
SCRIPT       : DATA_LOG | 1113668 | aRapBi1cCZPZAGLIDny3dk3hQ8vTmNTLHRl8zxmKgQ0= | 13075.5 | 6.00498 | 10284.3 | -0.869269 | -0.49434 | 1 | Glock19 | 0 | 2.93345 | 336.507 | 0 | 1 | 0 | 1 | 0 | 0 | 1 | 1 | camera |  | -0.869269 | 0 | -0.49434 | -0.869269 
SCRIPT       : DATA_LOG | 1113686 | 0dnbV3OoKZVSKsRjRsSreDYKOmPaMHd_PD7pjTKbIH4= | 12774.8 | 5.96495 | 10133.1 | 0.412747 | -0.910846 | 0 | AugShort | 0 | 11.6255 | 851.285 | 0 | 1 | 1 | 0 | 0 | 0 | 0 | 1 | camera |  | 0.412747 | 0 | -0.910846 | 0.412747 
SCRIPT       : DATA_LOG | 1114666 | aRapBi1cCZPZAGLIDny3dk3hQ8vTmNTLHRl8zxmKgQ0= | 13074.2 | 6.00495 | 10283.6 | -0.899736 | -0.436434 | 1 | Glock19 | 0 | 0.951005 | 334.408 | 0 | 1 | 0 | 1 | 0 | 0 | 1 | 1 | camera |  | -0.899736 | 0 | -0.436434 | -0.8997
SCRIPT       : DATA_LOG | 1114684 | 0dnbV3OoKZVSKsRjRsSreDYKOmPaMHd_PD7pjTKbIH4= | 12775.5 | 7.95299 | 10133.4 | 0.885664 | -0.464327 | 0 | AugShort | 0 | 49.6261 | 851.413 | 0 | 1 | 1 | 0 | 0 | 0 | 0 | 1 | camera |  | 0.885664 | 0 | -0.464327 | 0.885664 
SCRIPT       : DATA_LOG | 1115860 | aRapBi1cCZPZAGLIDny3dk3hQ8vTmNTLHRl8zxmKgQ0= | 13073.8 | 6.00497 | 10283.4 | -0.896159 | -0.443733 | 1 | Glock19 | 0 | 0.613574 | 333.272 | 0 | 1 | 0 | 1 | 0 | 0 | 1 | 1 | camera |  | -0.896159 | 0 | -0.443733 | -0.8961
SCRIPT       : DATA_LOG | 1115883 | 0dnbV3OoKZVSKsRjRsSreDYKOmPaMHd_PD7pjTKbIH4= | 12775.6 | 7.65074 | 10133.3 | 0.886283 | -0.463145 | 0 | AugShort | 0 | 49.7107 | 851.279 | 0 | 1 | 1 | 0 | 0 | 0 | 0 | 1 | camera | Land_House_1W05 | 0.886283 | 0 | -0.463
SCRIPT       : DATA_LOG | 1116857 | aRapBi1cCZPZAGLIDny3dk3hQ8vTmNTLHRl8zxmKgQ0= | 13070.6 | 6.00496 | 10281.9 | -0.894383 | -0.447302 | 0 | Glock19 | 0 | 0.452407 | 330.971 | 0 | 1 | 0 | 1 | 0 | 0 | 0 | 1 | camera |  | -0.894383 | 0 | -0.447302 | -0.8943
SCRIPT       : DATA_LOG | 1116875 | 0dnbV3OoKZVSKsRjRsSreDYKOmPaMHd_PD7pjTKbIH4= | 12775.6 | 5.96446 | 10132 | -0.531556 | -0.847023 | 0 | AugShort | 0 | 43.1161 | 531.3 | 0 | 1 | 0 | 0 | 0 | 0 | 0 | 1 | camera | Land_House_1W05 | -0.531556 | 0 | -0.84702
SCRIPT       : DATA_LOG | 1117859 | aRapBi1cCZPZAGLIDny3dk3hQ8vTmNTLHRl8zxmKgQ0= | 13064.6 | 6.06335 | 10279.4 | -0.997251 | 0.0740937 | 0 | Glock19 | 0 | 31.3322 | 323.581 | 0 | 1 | 0 | 0 | 0 | 0 | 0 | 1 | camera |  | -0.997251 | 0 | 0.0740937 | -0.99725
SCRIPT       : DATA_LOG | 1117880 | 0dnbV3OoKZVSKsRjRsSreDYKOmPaMHd_PD7pjTKbIH4= | 12776.3 | 5.9645 | 10132.2 | 0.963549 | -0.267532 | 0 | AugShort | 0 | 42.6061 | 323.386 | 0 | 1 | 0 | 0 | 0 | 0 | 0 | 1 | camera |  | 0.963549 | 0 | -0.267532 | 0.963549 |
SCRIPT       : DATA_LOG | 1118858 | aRapBi1cCZPZAGLIDny3dk3hQ8vTmNTLHRl8zxmKgQ0= | 13058.9 | 6.82288 | 10276.5 | -0.785275 | -0.619147 | 0 | Glock19 | 0 | 10.7403 | 314.812 | 0 | 1 | 0 | 0 | 0 | 0 | 0 | 1 | camera |  | -0.785275 | 0 | -0.619147 | -0.78527
SCRIPT       : DATA_LOG | 1118878 | 0dnbV3OoKZVSKsRjRsSreDYKOmPaMHd_PD7pjTKbIH4= | 12779.6 | 5.96311 | 10131.1 | 0.898166 | -0.439657 | 0 | AugShort | 0 | 51.4489 | 848.246 | 0 | 1 | 1 | 0 | 0 | 0 | 0 | 1 | camera | Land_House_1W05 | 0.898166 | 0 | -0.439
SCRIPT       : DATA_LOG | 1119859 | aRapBi1cCZPZAGLIDny3dk3hQ8vTmNTLHRl8zxmKgQ0= | 13055 | 6.91578 | 10275.7 | -0.769428 | -0.638733 | 0 | Glock19 | 0 | 11.5348 | 309.436 | 0 | 1 | 0 | 0 | 0 | 0 | 0 | 1 | camera |  | -0.769428 | 0 | -0.638733 | -0.769428 
SCRIPT       : DATA_LOG | 1119873 | 0dnbV3OoKZVSKsRjRsSreDYKOmPaMHd_PD7pjTKbIH4= | 12782.1 | 5.96413 | 10129.8 | 0.563646 | -0.826017 | 0 | AugShort | 0 | 21.9857 | 846.44 | 0 | 1 | 1 | 0 | 0 | 0 | 0 | 1 | camera | Land_House_1W05 | 0.563646 | 0 | -0.8260
SCRIPT       : DATA_LOG | 1121382 | aRapBi1cCZPZAGLIDny3dk3hQ8vTmNTLHRl8zxmKgQ0= | 13056.3 | 6.76862 | 10272 | -0.771827 | -0.635832 | 0 | Glock19 | 0 | 11.3179 | 311.3 | 0 | 1 | 0 | 0 | 0 | 0 | 0 | 1 | camera |  | -0.771827 | 0 | -0.635832 | -0.771827 | 
SCRIPT       : DATA_LOG | 1121397 | 0dnbV3OoKZVSKsRjRsSreDYKOmPaMHd_PD7pjTKbIH4= | 12782.1 | 6.66007 | 10125.3 | -0.59495 | -0.803762 | 0 | AugShort | 0 | 46.9557 | 523.47 | 0 | 1 | 0 | 0 | 0 | 0 | 0 | 1 | camera | Land_House_1W05 | -0.59495 | 0 | -0.8037
SCRIPT       : DATA_LOG | 1122317 | aRapBi1cCZPZAGLIDny3dk3hQ8vTmNTLHRl8zxmKgQ0= | 13056.3 | 6.75834 | 10271.9 | -0.771971 | -0.635658 | 0 | Glock19 | 0 | 11.0954 | 314.485 | 0 | 1 | 0 | 0 | 0 | 0 | 0 | 1 | camera |  | -0.771971 | 0 | -0.635658 | -0.77197
SCRIPT       : DATA_LOG | 1122332 | 0dnbV3OoKZVSKsRjRsSreDYKOmPaMHd_PD7pjTKbIH4= | 12779.7 | 8.01773 | 10122.3 | -0.828783 | 0.55957 | 0 | AugShort | 0 | 117.583 | 314.299 | 0 | 1 | 0 | 0 | 0 | 0 | 0 | 1 | camera | Land_Wall_Gate_FenR_Big_Open | -0.828783
SCRIPT       : DATA_LOG | 1123325 | aRapBi1cCZPZAGLIDny3dk3hQ8vTmNTLHRl8zxmKgQ0= | 13056.2 | 6.85447 | 10273.1 | -0.579188 | -0.815194 | 0 | Glock19 | 0 | 20.2577 | 686.357 | 0 | 1 | 0 | 0 | 0 | 0 | 0 | 1 | camera |  | -0.579188 | 0 | -0.815194 | -0.57918
SCRIPT       : DATA_LOG | 1123343 | 0dnbV3OoKZVSKsRjRsSreDYKOmPaMHd_PD7pjTKbIH4= | 12777.4 | 8.14896 | 10124 | -0.714894 | 0.699232 | 0 | AugShort | 0 | 107.516 | 316.094 | 0 | 1 | 0 | 0 | 0 | 0 | 0 | 1 | camera | Land_House_1W05 | -0.714894 | 0 | 0.69923
SCRIPT       : DATA_LOG | 1124325 | aRapBi1cCZPZAGLIDny3dk3hQ8vTmNTLHRl8zxmKgQ0= | 13054.5 | 6.76257 | 10271.9 | -0.917885 | -0.396848 | 0 | Glock19 | 0 | 4.61876 | 315.813 | 0 | 1 | 0 | 1 | 0 | 0 | 0 | 1 | camera | Land_Rail_Station_Big | -0.917885 | 0 |
SCRIPT       : DATA_LOG | 1124345 | 0dnbV3OoKZVSKsRjRsSreDYKOmPaMHd_PD7pjTKbIH4= | 12775.7 | 8.14955 | 10123.8 | -0.758994 | -0.651098 | 0 | AugShort | 0 | 60.5414 | 523.238 | 0 | 1 | 0 | 0 | 0 | 0 | 0 | 1 | camera | Land_House_1W05 | -0.758994 | 0 | -0.6
SCRIPT       : DATA_LOG | 1125327 | aRapBi1cCZPZAGLIDny3dk3hQ8vTmNTLHRl8zxmKgQ0= | 13048.6 | 6.10991 | 10269.4 | -0.535216 | -0.844715 | 0 | Glock19 | 0 | 17.7611 | 680.909 | 0 | 1 | 0 | 0 | 0 | 0 | 0 | 1 | camera |  | -0.535216 | 0 | -0.844715 | -0.53521
SCRIPT       : DATA_LOG | 1125346 | 0dnbV3OoKZVSKsRjRsSreDYKOmPaMHd_PD7pjTKbIH4= | 12775.4 | 8.14963 | 10123.5 | 0.862226 | 0.506524 | 0 | AugShort | 0 | 2.32111 | 309.276 | 0 | 1 | 0 | 1 | 0 | 0 | 0 | 1 | camera | Land_House_1W05 | 0.862226 | 0 | 0.50652
SCRIPT       : DATA_LOG | 1126334 | aRapBi1cCZPZAGLIDny3dk3hQ8vTmNTLHRl8zxmKgQ0= | 13044.2 | 6.03393 | 10268.3 | -0.368527 | -0.929617 | 0 | Glock19 | 0 | 7.36442 | 678.675 | 0 | 1 | 0 | 0 | 0 | 0 | 0 | 1 | camera |  | -0.368527 | 0 | -0.929617 | -0.36852
SCRIPT       : DATA_LOG | 1126351 | 0dnbV3OoKZVSKsRjRsSreDYKOmPaMHd_PD7pjTKbIH4= | 12775.4 | 8.14964 | 10126.3 | 0.527184 | 0.849751 | 0 | AugShort | 0 | 30.3461 | 303.711 | 0 | 1 | 0 | 0 | 0 | 0 | 0 | 1 | camera | Land_House_1W05 | 0.527184 | 0 | 0.84975
SCRIPT       : DATA_LOG | 1127332 | aRapBi1cCZPZAGLIDny3dk3hQ8vTmNTLHRl8zxmKgQ0= | 13041.3 | 6.03154 | 10266.1 | -0.217908 | -0.975969 | 0 | Glock19 | 0 | 1.48385 | 675.896 | 0 | 1 | 0 | 1 | 0 | 0 | 0 | 1 | camera |  | -0.217908 | 0 | -0.975969 | -0.21790
SCRIPT       : DATA_LOG | 1127351 | 0dnbV3OoKZVSKsRjRsSreDYKOmPaMHd_PD7pjTKbIH4= | 12776.9 | 8.14909 | 10127.4 | 0.906723 | 0.421727 | 0 | AugShort | 0 | 2.71123 | 298.43 | 0 | 1 | 0 | 1 | 0 | 0 | 0 | 1 | camera | Land_House_1W05 | 0.906723 | 0 | 0.421727
SCRIPT       : DATA_LOG | 1128332 | aRapBi1cCZPZAGLIDny3dk3hQ8vTmNTLHRl8zxmKgQ0= | 13038.8 | 6.02497 | 10262.4 | -0.709126 | -0.705082 | 0 | Glock19 | 0 | 17.6682 | 295.522 | 0 | 1 | 0 | 0 | 0 | 0 | 0 | 1 | camera |  | -0.709126 | 0 | -0.705082 | -0.70912
SCRIPT       : DATA_LOG | 1128345 | 0dnbV3OoKZVSKsRjRsSreDYKOmPaMHd_PD7pjTKbIH4= | 12775.9 | 8.14944 | 10127.6 | -0.149673 | -0.988736 | 0 | AugShort | 0 | 19.6718 | 526.896 | 0 | 1 | 0 | 0 | 0 | 0 | 0 | 1 | camera | Land_House_1W05 | -0.149673 | 0 | -0.9
SCRIPT       : DATA_LOG | 1129333 | aRapBi1cCZPZAGLIDny3dk3hQ8vTmNTLHRl8zxmKgQ0= | 13037.2 | 6.0246 | 10259.8 | -0.958302 | -0.285759 | 0 | Glock19 | 0 | 10.3485 | 293.811 | 0 | 1 | 0 | 0 | 0 | 0 | 0 | 1 | camera |  | -0.958302 | 0 | -0.285759 | -0.958302
SCRIPT       : DATA_LOG | 1129352 | 0dnbV3OoKZVSKsRjRsSreDYKOmPaMHd_PD7pjTKbIH4= | 12775.3 | 8.14967 | 10126.8 | -0.266502 | -0.963834 | 0 | AugShort | 0 | 26.5977 | 526.177 | 0 | 1 | 0 | 0 | 0 | 0 | 0 | 1 | camera | Land_House_1W05 | -0.266502 | 0 | -0.9
SCRIPT       : DATA_LOG | 1130338 | aRapBi1cCZPZAGLIDny3dk3hQ8vTmNTLHRl8zxmKgQ0= | 13035.9 | 6.02371 | 10256.1 | -0.934178 | -0.356808 | 0 | Glock19 | 0 | 5.82137 | 292.561 | 0 | 1 | 0 | 0 | 0 | 0 | 0 | 1 | camera |  | -0.934178 | 0 | -0.356808 | -0.93417
SCRIPT       : DATA_LOG | 1130358 | 0dnbV3OoKZVSKsRjRsSreDYKOmPaMHd_PD7pjTKbIH4= | 12774.6 | 8.14988 | 10124.8 | -0.502544 | -0.864551 | 0 | AugShort | 0 | 41.4256 | 524.406 | 0 | 1 | 0 | 0 | 0 | 0 | 0 | 1 | camera | Land_House_1W05 | -0.502544 | 0 | -0.8
SCRIPT       : DATA_LOG | 1131339 | aRapBi1cCZPZAGLIDny3dk3hQ8vTmNTLHRl8zxmKgQ0= | 13031.9 | 6.02496 | 10255.4 | -0.530743 | -0.847533 | 0 | Glock19 | 0 | 18.5496 | 663.189 | 0 | 1 | 0 | 0 | 0 | 0 | 0 | 1 | camera | Land_Rail_Warehouse_Small | -0.530743 |
SCRIPT       : DATA_LOG | 1131355 | 0dnbV3OoKZVSKsRjRsSreDYKOmPaMHd_PD7pjTKbIH4= | 12774.2 | 8.15004 | 10124.1 | -0.823342 | -0.567545 | 0 | AugShort | 0 | 66.7335 | 523.782 | 0 | 1 | 0 | 0 | 0 | 0 | 0 | 1 | camera | Land_House_1W05 | -0.823342 | 0 | -0.5
SCRIPT       : DATA_LOG | 1132342 | aRapBi1cCZPZAGLIDny3dk3hQ8vTmNTLHRl8zxmKgQ0= | 13031.4 | 6.02496 | 10255.3 | -0.513029 | -0.858372 | 0 | Glock19 | 0 | 17.4007 | 663.037 | 0 | 1 | 0 | 0 | 0 | 0 | 0 | 1 | camera | Land_Rail_Warehouse_Small | -0.513029 |
SCRIPT       : DATA_LOG | 1132358 | 0dnbV3OoKZVSKsRjRsSreDYKOmPaMHd_PD7pjTKbIH4= | 12774.2 | 8.15004 | 10124.1 | -0.823342 | -0.567545 | 0 | AugShort | 0 | 66.734 | 523.775 | 0 | 1 | 0 | 0 | 0 | 0 | 0 | 1 | camera | Land_House_1W05 | -0.823342 | 0 | -0.56
SCRIPT       : DATA_LOG | 1133340 | aRapBi1cCZPZAGLIDny3dk3hQ8vTmNTLHRl8zxmKgQ0= | 13027.9 | 6.1882 | 10257.2 | -0.452279 | -0.891877 | 0 | Glock19 | 0 | 13.7506 | 664.092 | 0 | 1 | 0 | 0 | 0 | 0 | 0 | 1 | camera | Land_Rail_Warehouse_Small | -0.452279 | 
SCRIPT       : DATA_LOG | 1133361 | 0dnbV3OoKZVSKsRjRsSreDYKOmPaMHd_PD7pjTKbIH4= | 12774.8 | 8.14983 | 10124.3 | 0.256688 | -0.966494 | 0 | AugShort | 0 | 2.01023 | 842.677 | 0 | 1 | 1 | 1 | 0 | 0 | 0 | 1 | camera | Land_House_1W05 | 0.256688 | 0 | -0.966
SCRIPT       : DATA_LOG | 1134392 | aRapBi1cCZPZAGLIDny3dk3hQ8vTmNTLHRl8zxmKgQ0= | 13024.4 | 6.02496 | 10257.5 | -0.97894 | -0.20415 | 0 | Glock19 | 0 | 16.2784 | 281.996 | 0 | 1 | 0 | 0 | 0 | 0 | 0 | 1 | camera |  | -0.97894 | 0 | -0.20415 | -0.97894 | 0
SCRIPT       : DATA_LOG | 1134406 | 0dnbV3OoKZVSKsRjRsSreDYKOmPaMHd_PD7pjTKbIH4= | 12775.5 | 8.14959 | 10125 | 0.99922 | -0.0394789 | 0 | AugShort | 0 | 30.3106 | 281.842 | 0 | 1 | 0 | 0 | 0 | 0 | 0 | 1 | camera | Land_House_1W05 | 0.99922 | 0 | -0.039478
SCRIPT       : DATA_LOG | 1135343 | aRapBi1cCZPZAGLIDny3dk3hQ8vTmNTLHRl8zxmKgQ0= | 13022 | 6.03419 | 10260 | -0.918877 | -0.394544 | 0 | Glock19 | 0 | 5.52318 | 281.059 | 0 | 1 | 0 | 0 | 0 | 0 | 0 | 1 | camera | Land_Rail_Station_Big | -0.918877 | 0 | -0.
SCRIPT       : DATA_LOG | 1135359 | 0dnbV3OoKZVSKsRjRsSreDYKOmPaMHd_PD7pjTKbIH4= | 12775.5 | 8.14959 | 10125 | 0.99922 | -0.0394789 | 0 | AugShort | 0 | 30.9781 | 280.919 | 0 | 1 | 0 | 0 | 0 | 0 | 0 | 1 | camera | Land_House_1W05 | 0.99922 | 0 | -0.039478
SCRIPT       : DATA_LOG | 1136345 | aRapBi1cCZPZAGLIDny3dk3hQ8vTmNTLHRl8zxmKgQ0= | 13017.9 | 6.02497 | 10260 | -0.582692 | -0.812693 | 0 | Glock19 | 0 | 23.3939 | 664.565 | 0 | 1 | 0 | 0 | 0 | 0 | 0 | 1 | camera |  | -0.582692 | 0 | -0.812693 | -0.582692 
SCRIPT       : DATA_LOG | 1136363 | 0dnbV3OoKZVSKsRjRsSreDYKOmPaMHd_PD7pjTKbIH4= | 12775.5 | 8.14959 | 10125 | 0.99922 | -0.0394789 | 0 | AugShort | 0 | 31.355 | 277.335 | 0 | 1 | 0 | 0 | 0 | 0 | 0 | 1 | camera | Land_House_1W05 | 0.99922 | 0 | -0.0394789
SCRIPT       : DATA_LOG | 1137345 | aRapBi1cCZPZAGLIDny3dk3hQ8vTmNTLHRl8zxmKgQ0= | 13014.2 | 6.12733 | 10258.8 | -0.788035 | -0.61563 | 0 | Glock19 | 0 | 8.75401 | 273.676 | 0 | 1 | 0 | 0 | 0 | 0 | 0 | 1 | camera | Land_Rail_Station_Big | -0.788035 | 0 | 
SCRIPT       : DATA_LOG | 1137364 | 0dnbV3OoKZVSKsRjRsSreDYKOmPaMHd_PD7pjTKbIH4= | 12775.5 | 8.14959 | 10125 | 0.99922 | -0.0394789 | 0 | AugShort | 0 | 31.5287 | 273.491 | 0 | 1 | 0 | 0 | 0 | 0 | 0 | 1 | camera | Land_House_1W05 | 0.99922 | 0 | -0.039478
SCRIPT       : DATA_LOG | 1138342 | aRapBi1cCZPZAGLIDny3dk3hQ8vTmNTLHRl8zxmKgQ0= | 13013.6 | 6.2225 | 10258.2 | -0.773938 | -0.633262 | 1 | Glock19 | 0 | 10.0758 | 272.854 | 0 | 1 | 0 | 0 | 0 | 0 | 1 | 1 | camera | Land_Rail_Station_Big | -0.773938 | 0 | 
SCRIPT       : DATA_LOG | 1138358 | 0dnbV3OoKZVSKsRjRsSreDYKOmPaMHd_PD7pjTKbIH4= | 12775.5 | 8.14959 | 10125 | 0.99922 | -0.0394789 | 0 | AugShort | 0 | 31.5195 | 272.757 | 0 | 1 | 0 | 0 | 0 | 0 | 0 | 1 | camera | Land_House_1W05 | 0.99922 | 0 | -0.039478
SCRIPT       : DATA_LOG | 1139345 | aRapBi1cCZPZAGLIDny3dk3hQ8vTmNTLHRl8zxmKgQ0= | 13013.6 | 6.2225 | 10258.2 | -0.773938 | -0.633262 | 1 | Glock19 | 0 | 10.0761 | 272.855 | 0 | 1 | 0 | 0 | 0 | 0 | 1 | 1 | camera | Land_Rail_Station_Big | -0.773938 | 0 | 
SCRIPT       : DATA_LOG | 1139361 | 0dnbV3OoKZVSKsRjRsSreDYKOmPaMHd_PD7pjTKbIH4= | 12775.5 | 8.14959 | 10125 | 0.99922 | -0.0394789 | 0 | AugShort | 0 | 31.519 | 272.756 | 0 | 1 | 0 | 0 | 0 | 0 | 0 | 1 | camera | Land_House_1W05 | 0.99922 | 0 | -0.0394789
SCRIPT       : DATA_LOG | 1140346 | aRapBi1cCZPZAGLIDny3dk3hQ8vTmNTLHRl8zxmKgQ0= | 13012.1 | 6.02499 | 10259.1 | -0.772707 | -0.634763 | 0 | Glock19 | 0 | 9.8802 | 271.966 | 0 | 1 | 0 | 0 | 0 | 0 | 0 | 1 | camera | Land_Rail_Station_Big | -0.772707 | 0 | 
SCRIPT       : DATA_LOG | 1140365 | 0dnbV3OoKZVSKsRjRsSreDYKOmPaMHd_PD7pjTKbIH4= | 12775.5 | 8.14959 | 10125 | 0.99922 | -0.0394789 | 0 | AugShort | 0 | 31.8138 | 271.799 | 0 | 1 | 0 | 0 | 0 | 0 | 0 | 1 | camera | Land_House_1W05 | 0.99922 | 0 | -0.039478
SCRIPT       : DATA_LOG | 1141348 | aRapBi1cCZPZAGLIDny3dk3hQ8vTmNTLHRl8zxmKgQ0= | 13007.5 | 6.0249 | 10259.6 | -0.987481 | 0.157739 | 0 | Glock19 | 0 | 39.2137 | 268.232 | 0 | 1 | 0 | 0 | 0 | 0 | 0 | 1 | camera | Land_Rail_Station_Big | -0.987481 | 0 | 0
SCRIPT       : DATA_LOG | 1141366 | 0dnbV3OoKZVSKsRjRsSreDYKOmPaMHd_PD7pjTKbIH4= | 12775.5 | 8.14959 | 10125 | 0.99922 | -0.0394789 | 0 | AugShort | 0 | 32.4254 | 268.009 | 0 | 1 | 0 | 0 | 0 | 0 | 0 | 1 | camera | Land_House_1W05 | 0.99922 | 0 | -0.039478
SCRIPT       : DATA_LOG | 1142348 | aRapBi1cCZPZAGLIDny3dk3hQ8vTmNTLHRl8zxmKgQ0= | 13001 | 6.02499 | 10258.8 | -0.898773 | 0.438414 | 0 | Glock19 | 0 | 56.6903 | 262.241 | 0 | 1 | 0 | 0 | 0 | 0 | 0 | 1 | camera | Land_Rail_Station_Big | -0.898773 | 0 | 0.
SCRIPT       : DATA_LOG | 1142363 | 0dnbV3OoKZVSKsRjRsSreDYKOmPaMHd_PD7pjTKbIH4= | 12775.5 | 8.14959 | 10125 | 0.99922 | -0.0394789 | 0 | AugShort | 0 | 32.9841 | 261.957 | 0 | 1 | 0 | 0 | 0 | 0 | 0 | 1 | camera | Land_House_1W05 | 0.99922 | 0 | -0.039478
SCRIPT       : DATA_LOG | 1143353 | aRapBi1cCZPZAGLIDny3dk3hQ8vTmNTLHRl8zxmKgQ0= | 12995.1 | 6.01866 | 10259.1 | -0.888126 | -0.459599 | 0 | Glock19 | 0 | 4.14241 | 257.393 | 0 | 1 | 0 | 1 | 0 | 0 | 0 | 1 | camera | Land_Rail_Station_Big | -0.888126 | 0 |
SCRIPT       : DATA_LOG | 1143372 | 0dnbV3OoKZVSKsRjRsSreDYKOmPaMHd_PD7pjTKbIH4= | 12775.5 | 8.14959 | 10125 | 0.99922 | -0.0394789 | 0 | AugShort | 0 | 33.6995 | 257.195 | 0 | 1 | 0 | 0 | 0 | 0 | 0 | 1 | camera | Land_House_1W05 | 0.99922 | 0 | -0.039478
SCRIPT       : DATA_LOG | 1144354 | aRapBi1cCZPZAGLIDny3dk3hQ8vTmNTLHRl8zxmKgQ0= | 12991.2 | 6.0083 | 10260.3 | -0.817592 | -0.575798 | 0 | Glock19 | 0 | 3.17416 | 254.665 | 0 | 1 | 0 | 1 | 0 | 0 | 0 | 1 | camera |  | -0.817592 | 0 | -0.575798 | -0.817592
SCRIPT       : DATA_LOG | 1144373 | 0dnbV3OoKZVSKsRjRsSreDYKOmPaMHd_PD7pjTKbIH4= | 12775.5 | 8.14959 | 10125 | 0.99922 | -0.0394789 | 0 | AugShort | 0 | 34.3544 | 254.503 | 0 | 1 | 0 | 0 | 0 | 0 | 0 | 1 | camera | Land_House_1W05 | 0.99922 | 0 | -0.039478
SCRIPT       : DATA_LOG | 1145350 | aRapBi1cCZPZAGLIDny3dk3hQ8vTmNTLHRl8zxmKgQ0= | 12989.6 | 6.00486 | 10261.1 | -0.626217 | -0.779648 | 0 | Glock19 | 0 | 18.7841 | 253.708 | 0 | 1 | 0 | 0 | 0 | 0 | 0 | 1 | camera |  | -0.626217 | 0 | -0.779648 | -0.62621
SCRIPT       : DATA_LOG | 1145365 | 0dnbV3OoKZVSKsRjRsSreDYKOmPaMHd_PD7pjTKbIH4= | 12775.5 | 8.14959 | 10125 | 0.99922 | -0.0394789 | 0 | AugShort | 0 | 34.7799 | 253.587 | 0 | 1 | 0 | 0 | 0 | 0 | 0 | 1 | camera | Land_House_1W05 | 0.99922 | 0 | -0.039478
SCRIPT       : DATA_LOG | 1146352 | aRapBi1cCZPZAGLIDny3dk3hQ8vTmNTLHRl8zxmKgQ0= | 12989.6 | 6.00486 | 10261.1 | -0.626217 | -0.779648 | 0 | Glock19 | 0 | 18.7842 | 253.707 | 0 | 1 | 0 | 0 | 0 | 0 | 0 | 1 | camera |  | -0.626217 | 0 | -0.779648 | -0.62621
SCRIPT       : DATA_LOG | 1146368 | 0dnbV3OoKZVSKsRjRsSreDYKOmPaMHd_PD7pjTKbIH4= | 12775.5 | 8.14959 | 10125 | 0.99922 | -0.0394789 | 0 | AugShort | 0 | 34.7808 | 253.599 | 0 | 1 | 0 | 0 | 0 | 0 | 0 | 1 | camera | Land_House_1W05 | 0.99922 | 0 | -0.039478
SCRIPT       : DATA_LOG | 1147353 | aRapBi1cCZPZAGLIDny3dk3hQ8vTmNTLHRl8zxmKgQ0= | 12989 | 6.005 | 10261.1 | -0.999457 | 0.0329472 | 0 | Glock19 | 0 | 34.4149 | 253.221 | 0 | 1 | 0 | 0 | 0 | 0 | 0 | 1 | camera |  | -0.999457 | 0 | 0.0329472 | -0.999457 | 
SCRIPT       : DATA_LOG | 1147369 | 0dnbV3OoKZVSKsRjRsSreDYKOmPaMHd_PD7pjTKbIH4= | 12775.5 | 8.14959 | 10125 | 0.99922 | -0.0394789 | 0 | AugShort | 0 | 34.7923 | 253.099 | 0 | 1 | 0 | 0 | 0 | 0 | 0 | 1 | camera | Land_House_1W05 | 0.99922 | 0 | -0.039478
SCRIPT       : DATA_LOG | 1148355 | aRapBi1cCZPZAGLIDny3dk3hQ8vTmNTLHRl8zxmKgQ0= | 12987.9 | 6.10995 | 10257.9 | -0.122162 | -0.99251 | 0 | Glock19 | 0 | 2.70617 | 656.849 | 0 | 1 | 0 | 1 | 0 | 0 | 0 | 1 | camera |  | -0.122162 | 0 | -0.99251 | -0.122162 
SCRIPT       : DATA_LOG | 1148373 | 0dnbV3OoKZVSKsRjRsSreDYKOmPaMHd_PD7pjTKbIH4= | 12775.5 | 8.14959 | 10125 | 0.99922 | -0.0394789 | 0 | AugShort | 0 | 34.2673 | 250.487 | 0 | 1 | 0 | 0 | 0 | 0 | 0 | 1 | camera | Land_House_1W05 | 0.99922 | 0 | -0.039478
SCRIPT       : DATA_LOG | 1149642 | aRapBi1cCZPZAGLIDny3dk3hQ8vTmNTLHRl8zxmKgQ0= | 12984.7 | 6.20185 | 10252.4 | -0.255752 | -0.966742 | 0 | Glock19 | 0 | 5.29206 | 650.839 | 0 | 1 | 0 | 0 | 0 | 0 | 0 | 1 | camera |  | -0.255752 | 0 | -0.966742 | -0.25575
SCRIPT       : DATA_LOG | 1149664 | 0dnbV3OoKZVSKsRjRsSreDYKOmPaMHd_PD7pjTKbIH4= | 12775.5 | 8.14959 | 10125 | 0.99922 | -0.0394789 | 0 | AugShort | 0 | 33.5455 | 244.611 | 0 | 1 | 0 | 0 | 0 | 0 | 0 | 1 | camera | Land_House_1W05 | 0.99922 | 0 | -0.039478
SCRIPT       : DATA_LOG | 1150602 | aRapBi1cCZPZAGLIDny3dk3hQ8vTmNTLHRl8zxmKgQ0= | 12982.1 | 6.01246 | 10249.7 | -0.0396443 | -0.999214 | 0 | Glock19 | 0 | 1.111 | 947.035 | 0 | 1 | 1 | 1 | 0 | 0 | 0 | 1 | camera |  | -0.0396443 | 0 | -0.999214 | -0.03964
SCRIPT       : DATA_LOG | 1150620 | 0dnbV3OoKZVSKsRjRsSreDYKOmPaMHd_PD7pjTKbIH4= | 12775.5 | 8.14959 | 10125 | 0.99922 | -0.0394789 | 0 | AugShort | 0 | 33.3351 | 241.26 | 0 | 1 | 0 | 0 | 0 | 0 | 0 | 1 | camera | Land_House_1W05 | 0.99922 | 0 | -0.0394789
SCRIPT       : DATA_LOG | 1151607 | aRapBi1cCZPZAGLIDny3dk3hQ8vTmNTLHRl8zxmKgQ0= | 12981.9 | 6.21469 | 10246 | 0.334261 | -0.942481 | 0 | Glock19 | 0 | 20.6925 | 943.361 | 0 | 1 | 1 | 0 | 0 | 0 | 0 | 1 | camera | Land_Rail_Station_Big | 0.334261 | 0 | -0.
SCRIPT       : DATA_LOG | 1151633 | 0dnbV3OoKZVSKsRjRsSreDYKOmPaMHd_PD7pjTKbIH4= | 12775.5 | 8.14959 | 10125 | 0.99922 | -0.0394789 | 0 | AugShort | 0 | 32.6153 | 239.28 | 0 | 1 | 0 | 0 | 0 | 0 | 0 | 1 | camera | Land_House_1W05 | 0.99922 | 0 | -0.0394789
SCRIPT       : DATA_LOG | 1152606 | aRapBi1cCZPZAGLIDny3dk3hQ8vTmNTLHRl8zxmKgQ0= | 12982.3 | 6.21479 | 10245.6 | 0.593729 | -0.804665 | 0 | Glock19 | 0 | 37.6109 | 942.934 | 0 | 1 | 1 | 0 | 0 | 0 | 0 | 1 | camera | Land_Rail_Station_Big | 0.593729 | 0 | -
SCRIPT       : DATA_LOG | 1152630 | 0dnbV3OoKZVSKsRjRsSreDYKOmPaMHd_PD7pjTKbIH4= | 12775.5 | 8.14959 | 10125 | 0.99922 | -0.0394789 | 0 | AugShort | 0 | 32.4589 | 239.48 | 0 | 1 | 0 | 0 | 0 | 0 | 0 | 1 | camera | Land_House_1W05 | 0.99922 | 0 | -0.0394789
SCRIPT       : DATA_LOG | 1153604 | aRapBi1cCZPZAGLIDny3dk3hQ8vTmNTLHRl8zxmKgQ0= | 12985.3 | 6.17479 | 10244.8 | 0.965893 | 0.258942 | 0 | Glock19 | 0 | 106.38 | 942.206 | 0 | 1 | 1 | 0 | 0 | 0 | 0 | 1 | camera | Land_Rail_Station_Big | 0.965893 | 0 | 0.2
SCRIPT       : DATA_LOG | 1153622 | 0dnbV3OoKZVSKsRjRsSreDYKOmPaMHd_PD7pjTKbIH4= | 12775.5 | 8.14959 | 10125 | 0.99922 | -0.0394789 | 0 | AugShort | 0 | 31.9599 | 241.846 | 0 | 1 | 0 | 0 | 0 | 0 | 0 | 1 | camera | Land_House_1W05 | 0.99922 | 0 | -0.039478
SCRIPT       : DATA_LOG | 1154602 | aRapBi1cCZPZAGLIDny3dk3hQ8vTmNTLHRl8zxmKgQ0= | 12988.9 | 6.17475 | 10245.6 | 0.419304 | 0.907846 | 0 | Glock19 | 0 | 144.27 | 245.154 | 0 | 1 | 0 | 0 | 0 | 0 | 0 | 1 | camera | Land_Rail_Station_Big | 0.419304 | 0 | 0.9
SCRIPT       : DATA_LOG | 1154617 | 0dnbV3OoKZVSKsRjRsSreDYKOmPaMHd_PD7pjTKbIH4= | 12775.5 | 8.14959 | 10125 | 0.99922 | -0.0394789 | 0 | AugShort | 0 | 31.7615 | 245.33 | 0 | 1 | 0 | 0 | 0 | 0 | 0 | 1 | camera | Land_House_1W05 | 0.99922 | 0 | -0.0394789
SCRIPT       : DATA_LOG | 1155604 | aRapBi1cCZPZAGLIDny3dk3hQ8vTmNTLHRl8zxmKgQ0= | 12990.8 | 6.17481 | 10246.5 | -0.938464 | 0.345376 | 0 | Glock19 | 0 | 49.6492 | 247.215 | 0 | 1 | 0 | 0 | 0 | 0 | 0 | 1 | camera | Land_Rail_Station_Big | -0.938464 | -0 |
SCRIPT       : DATA_LOG | 1155622 | 0dnbV3OoKZVSKsRjRsSreDYKOmPaMHd_PD7pjTKbIH4= | 12775.5 | 8.14959 | 10125 | 0.99922 | -0.0394789 | 0 | AugShort | 0 | 31.7023 | 247.142 | 0 | 1 | 0 | 0 | 0 | 0 | 0 | 1 | camera | Land_House_1W05 | 0.99922 | 0 | -0.039478
SCRIPT       : DATA_LOG | 1156603 | aRapBi1cCZPZAGLIDny3dk3hQ8vTmNTLHRl8zxmKgQ0= | 12990.8 | 6.17473 | 10246.4 | -0.938464 | 0.345376 | 0 | Glock19 | 0 | 49.6395 | 247.17 | 0 | 1 | 0 | 0 | 0 | 0 | 0 | 1 | camera | Land_Rail_Station_Big | -0.938464 | -0 | 
SCRIPT       : DATA_LOG | 1156620 | 0dnbV3OoKZVSKsRjRsSreDYKOmPaMHd_PD7pjTKbIH4= | 12775.5 | 8.14959 | 10125 | 0.99922 | -0.0394789 | 0 | AugShort | 0 | 31.6871 | 247.175 | 0 | 1 | 0 | 0 | 0 | 0 | 0 | 1 | camera | Land_House_1W05 | 0.99922 | 0 | -0.039478
SCRIPT       : DATA_LOG | 1157605 | aRapBi1cCZPZAGLIDny3dk3hQ8vTmNTLHRl8zxmKgQ0= | 12990.8 | 6.17473 | 10246.4 | -0.938464 | 0.345376 | 0 | Glock19 | 0 | 49.6224 | 247.23 | 0 | 1 | 0 | 0 | 0 | 0 | 0 | 1 | camera | Land_Rail_Station_Big | -0.938464 | -0 | 
SCRIPT       : DATA_LOG | 1157625 | 0dnbV3OoKZVSKsRjRsSreDYKOmPaMHd_PD7pjTKbIH4= | 12775.5 | 8.14959 | 10125 | 0.99922 | -0.0394789 | 0 | AugShort | 0 | 31.6894 | 247.169 | 0 | 1 | 0 | 0 | 0 | 0 | 0 | 1 | camera | Land_House_1W05 | 0.99922 | 0 | -0.039478
SCRIPT       : DATA_LOG | 1158609 | aRapBi1cCZPZAGLIDny3dk3hQ8vTmNTLHRl8zxmKgQ0= | 12990.8 | 6.17474 | 10246.3 | -0.998071 | 0.0620892 | 0 | Glock19 | 0 | 32.9589 | 247.206 | 0 | 1 | 0 | 0 | 0 | 0 | 0 | 1 | camera | Land_Rail_Station_Big | -0.998071 | 0 |
SCRIPT       : DATA_LOG | 1158624 | 0dnbV3OoKZVSKsRjRsSreDYKOmPaMHd_PD7pjTKbIH4= | 12775.5 | 8.14959 | 10125 | 0.99922 | -0.0394789 | 0 | AugShort | 0 | 31.6657 | 247.114 | 0 | 1 | 0 | 0 | 0 | 0 | 0 | 1 | camera | Land_House_1W05 | 0.99922 | 0 | -0.039478
SCRIPT       : DATA_LOG | 1159608 | aRapBi1cCZPZAGLIDny3dk3hQ8vTmNTLHRl8zxmKgQ0= | 12989 | 6.17472 | 10244.3 | -0.919675 | -0.392679 | 0 | Glock19 | 0 | 6.11581 | 244.71 | 0 | 1 | 0 | 0 | 0 | 0 | 0 | 1 | camera | Land_Rail_Station_Big | -0.919675 | 0 | -0
SCRIPT       : DATA_LOG | 1159625 | 0dnbV3OoKZVSKsRjRsSreDYKOmPaMHd_PD7pjTKbIH4= | 12775.5 | 8.14959 | 10125 | 0.99922 | -0.0394789 | 0 | AugShort | 0 | 31.4586 | 244.588 | 0 | 1 | 0 | 0 | 0 | 0 | 0 | 1 | camera | Land_House_1W05 | 0.99922 | 0 | -0.039478
SCRIPT       : DATA_LOG | 1160605 | aRapBi1cCZPZAGLIDny3dk3hQ8vTmNTLHRl8zxmKgQ0= | 12989 | 6.17472 | 10244.3 | -0.919675 | -0.392679 | 0 | Glock19 | 0 | 6.13597 | 244.632 | 0 | 1 | 0 | 0 | 0 | 0 | 0 | 1 | camera | Land_Rail_Station_Big | -0.919675 | 0 | -
SCRIPT       : DATA_LOG | 1160618 | 0dnbV3OoKZVSKsRjRsSreDYKOmPaMHd_PD7pjTKbIH4= | 12775.5 | 8.14959 | 10125 | 0.99922 | -0.0394789 | 0 | AugShort | 0 | 31.4582 | 244.6 | 0 | 1 | 0 | 0 | 0 | 0 | 0 | 1 | camera | Land_House_1W05 | 0.99922 | 0 | -0.0394789 
SCRIPT       : DATA_LOG | 1161614 | aRapBi1cCZPZAGLIDny3dk3hQ8vTmNTLHRl8zxmKgQ0= | 12989 | 6.17472 | 10244.3 | -0.919675 | -0.392679 | 0 | Glock19 | 0 | 6.33165 | 244.5 | 0 | 1 | 0 | 0 | 0 | 0 | 0 | 1 | camera | Land_Rail_Station_Big | -0.919675 | 0 | -0.
SCRIPT       : DATA_LOG | 1161635 | 0dnbV3OoKZVSKsRjRsSreDYKOmPaMHd_PD7pjTKbIH4= | 12776 | 8.14944 | 10124.3 | 0.775384 | -0.63149 | 0 | AugShort | 0 | 38.0314 | 842.457 | 0 | 1 | 1 | 0 | 0 | 0 | 0 | 1 | camera | Land_House_1W05 | 0.775384 | 0 | -0.63149 
SCRIPT       : DATA_LOG | 1162612 | aRapBi1cCZPZAGLIDny3dk3hQ8vTmNTLHRl8zxmKgQ0= | 12989 | 6.17472 | 10244.3 | -0.919675 | -0.392679 | 0 | Glock19 | 0 | 6.75453 | 242.991 | 0 | 1 | 0 | 0 | 0 | 0 | 0 | 1 | camera | Land_Rail_Station_Big | -0.919675 | 0 | -
SCRIPT       : DATA_LOG | 1162632 | 0dnbV3OoKZVSKsRjRsSreDYKOmPaMHd_PD7pjTKbIH4= | 12778.2 | 8.14868 | 10123.5 | 0.884997 | -0.465597 | 0 | AugShort | 0 | 49.576 | 841.162 | 0 | 1 | 1 | 0 | 0 | 0 | 0 | 1 | camera | Land_House_1W05 | 0.884997 | 0 | -0.4655
SCRIPT       : DATA_LOG | 1163615 | aRapBi1cCZPZAGLIDny3dk3hQ8vTmNTLHRl8zxmKgQ0= | 12989 | 6.17472 | 10244.3 | -0.919675 | -0.392679 | 0 | Glock19 | 0 | 7.14839 | 241.923 | 0 | 1 | 0 | 0 | 0 | 0 | 0 | 1 | camera | Land_Rail_Station_Big | -0.919675 | 0 | -
SCRIPT       : DATA_LOG | 1163638 | 0dnbV3OoKZVSKsRjRsSreDYKOmPaMHd_PD7pjTKbIH4= | 12779.9 | 8.00446 | 10122.5 | 0.843214 | 0.537578 | 0 | AugShort | 0 | 2.30868 | 241.985 | 0 | 1 | 0 | 1 | 0 | 0 | 0 | 1 | camera | Land_Wall_Gate_FenR_Big_Open | 0.843214 
SCRIPT       : DATA_LOG | 1164612 | aRapBi1cCZPZAGLIDny3dk3hQ8vTmNTLHRl8zxmKgQ0= | 12989 | 6.17472 | 10244.3 | -0.919675 | -0.392679 | 0 | Glock19 | 0 | 7.22569 | 241.792 | 0 | 1 | 0 | 0 | 0 | 0 | 0 | 1 | camera | Land_Rail_Station_Big | -0.919675 | 0 | -
SCRIPT       : DATA_LOG | 1164629 | 0dnbV3OoKZVSKsRjRsSreDYKOmPaMHd_PD7pjTKbIH4= | 12780.1 | 7.92311 | 10122.3 | 0.691905 | 0.721989 | 1 | AugShort | 0 | 15.9271 | 241.857 | 0 | 1 | 0 | 0 | 0 | 0 | 1 | 1 | camera | Land_Wall_Gate_FenR_Big_Open | 0.691905 
SCRIPT       : DATA_LOG | 1165613 | aRapBi1cCZPZAGLIDny3dk3hQ8vTmNTLHRl8zxmKgQ0= | 12989 | 6.17472 | 10244.3 | -0.919675 | -0.392679 | 0 | Glock19 | 0 | 7.22792 | 241.816 | 0 | 1 | 0 | 0 | 0 | 0 | 0 | 1 | camera | Land_Rail_Station_Big | -0.919675 | 0 | -
SCRIPT       : DATA_LOG | 1165630 | 0dnbV3OoKZVSKsRjRsSreDYKOmPaMHd_PD7pjTKbIH4= | 12780.1 | 7.92311 | 10122.3 | 0.691905 | 0.721989 | 1 | AugShort | 0 | 15.9279 | 241.866 | 0 | 1 | 0 | 0 | 0 | 0 | 1 | 1 | camera | Land_Wall_Gate_FenR_Big_Open | 0.691905 
SCRIPT       : DATA_LOG | 1166613 | aRapBi1cCZPZAGLIDny3dk3hQ8vTmNTLHRl8zxmKgQ0= | 12989 | 6.17472 | 10244.3 | -0.919675 | -0.392679 | 0 | Glock19 | 0 | 7.05255 | 239.052 | 0 | 1 | 0 | 0 | 0 | 0 | 0 | 1 | camera | Land_Rail_Station_Big | -0.919675 | 0 | -
SCRIPT       : DATA_LOG | 1166631 | 0dnbV3OoKZVSKsRjRsSreDYKOmPaMHd_PD7pjTKbIH4= | 12782.1 | 7.25111 | 10124.2 | 0.906376 | -0.422472 | 0 | AugShort | 0 | 52.6063 | 840.998 | 0 | 1 | 1 | 0 | 0 | 0 | 0 | 1 | camera | Land_House_1W05 | 0.906376 | 0 | -0.422
SCRIPT       : DATA_LOG | 1167615 | aRapBi1cCZPZAGLIDny3dk3hQ8vTmNTLHRl8zxmKgQ0= | 12989 | 6.17472 | 10244.3 | -0.919675 | -0.392679 | 0 | Glock19 | 0 | 7.37219 | 238.45 | 0 | 1 | 0 | 0 | 0 | 0 | 0 | 1 | camera | Land_Rail_Station_Big | -0.919675 | 0 | -0
SCRIPT       : DATA_LOG | 1167633 | 0dnbV3OoKZVSKsRjRsSreDYKOmPaMHd_PD7pjTKbIH4= | 12783.6 | 5.95979 | 10123.4 | 0.167847 | -0.985813 | 0 | AugShort | 0 | 0.657301 | 521.311 | 0 | 1 | 0 | 1 | 0 | 0 | 0 | 1 | camera | Land_Shed_W5 | 0.167847 | 0 | -0.98581
SCRIPT       : DATA_LOG | 1168615 | aRapBi1cCZPZAGLIDny3dk3hQ8vTmNTLHRl8zxmKgQ0= | 12989 | 6.17472 | 10244.3 | -0.919675 | -0.392679 | 0 | Glock19 | 0 | 7.75441 | 239.485 | 0 | 1 | 0 | 0 | 0 | 0 | 0 | 1 | camera | Land_Rail_Station_Big | -0.919675 | 0 | -
SCRIPT       : DATA_LOG | 1168634 | 0dnbV3OoKZVSKsRjRsSreDYKOmPaMHd_PD7pjTKbIH4= | 12783.5 | 5.95968 | 10121.5 | -0.614521 | -0.788901 | 0 | AugShort | 0 | 48.2785 | 519.499 | 0 | 1 | 0 | 0 | 0 | 0 | 0 | 1 | camera | Land_Shed_W5 | -0.614521 | 0 | -0.7889
SCRIPT       : DATA_LOG | 1169619 | aRapBi1cCZPZAGLIDny3dk3hQ8vTmNTLHRl8zxmKgQ0= | 12989 | 6.17472 | 10244.3 | -0.919675 | -0.392679 | 0 | Glock19 | 0 | 7.9231 | 244.28 | 0 | 1 | 0 | 0 | 0 | 0 | 0 | 1 | camera | Land_Rail_Station_Big | -0.919675 | 0 | -0.
SCRIPT       : DATA_LOG | 1169636 | 0dnbV3OoKZVSKsRjRsSreDYKOmPaMHd_PD7pjTKbIH4= | 12780.1 | 5.96363 | 10118.5 | -0.885735 | -0.464192 | 0 | AugShort | 0 | 73.1444 | 517.172 | 0 | 1 | 0 | 0 | 0 | 0 | 0 | 1 | camera |  | -0.885735 | 0 | -0.464192 | -0.8857
SCRIPT       : DATA_LOG | 1170617 | aRapBi1cCZPZAGLIDny3dk3hQ8vTmNTLHRl8zxmKgQ0= | 12989 | 6.17472 | 10244.3 | -0.919675 | -0.392679 | 0 | Glock19 | 0 | 7.63515 | 250.823 | 0 | 1 | 0 | 0 | 0 | 0 | 0 | 1 | camera | Land_Rail_Station_Big | -0.919675 | 0 | -
SCRIPT       : DATA_LOG | 1170635 | 0dnbV3OoKZVSKsRjRsSreDYKOmPaMHd_PD7pjTKbIH4= | 12773.9 | 5.96499 | 10116.2 | -0.847334 | -0.53106 | 0 | AugShort | 0 | 69.4502 | 516.094 | 0 | 1 | 0 | 0 | 0 | 0 | 0 | 1 | camera |  | -0.847334 | 0 | -0.53106 | -0.847334
SCRIPT       : DATA_LOG | 1171618 | aRapBi1cCZPZAGLIDny3dk3hQ8vTmNTLHRl8zxmKgQ0= | 12989 | 6.17472 | 10244.3 | -0.919675 | -0.392679 | 0 | Glock19 | 0 | 7.73606 | 254.83 | 0 | 1 | 0 | 0 | 0 | 0 | 0 | 1 | camera | Land_Rail_Station_Big | -0.919675 | 0 | -0
SCRIPT       : DATA_LOG | 1171633 | 0dnbV3OoKZVSKsRjRsSreDYKOmPaMHd_PD7pjTKbIH4= | 12770.4 | 6.16199 | 10113.7 | -0.574082 | -0.818798 | 0 | AugShort | 0 | 47.0004 | 514.338 | 0 | 1 | 0 | 0 | 0 | 0 | 0 | 1 | camera | Land_Misc_Toilet_Dry | -0.574082 | 0 |
SCRIPT       : DATA_LOG | 1172619 | aRapBi1cCZPZAGLIDny3dk3hQ8vTmNTLHRl8zxmKgQ0= | 12989 | 6.17472 | 10244.3 | -0.919675 | -0.392679 | 0 | Glock19 | 0 | 7.81022 | 255.584 | 0 | 1 | 0 | 0 | 0 | 0 | 0 | 1 | camera | Land_Rail_Station_Big | -0.919675 | 0 | -
SCRIPT       : DATA_LOG | 1172635 | 0dnbV3OoKZVSKsRjRsSreDYKOmPaMHd_PD7pjTKbIH4= | 12769.9 | 6.78568 | 10113.1 | -0.600468 | -0.799649 | 0 | AugShort | 0 | 48.9339 | 513.861 | 0 | 1 | 0 | 0 | 0 | 0 | 0 | 1 | camera | Land_Misc_Toilet_Dry | -0.600468 | 0 |
SCRIPT       : DATA_LOG | 1173620 | aRapBi1cCZPZAGLIDny3dk3hQ8vTmNTLHRl8zxmKgQ0= | 12989 | 6.17472 | 10244.3 | -0.919675 | -0.392679 | 0 | Glock19 | 0 | 7.81063 | 255.589 | 0 | 1 | 0 | 0 | 0 | 0 | 0 | 1 | camera | Land_Rail_Station_Big | -0.919675 | 0 | -
SCRIPT       : DATA_LOG | 1173635 | 0dnbV3OoKZVSKsRjRsSreDYKOmPaMHd_PD7pjTKbIH4= | 12769.9 | 6.78568 | 10113.1 | -0.600468 | -0.799649 | 0 | AugShort | 0 | 48.9339 | 513.861 | 0 | 1 | 0 | 0 | 0 | 0 | 0 | 1 | camera | Land_Misc_Toilet_Dry | -0.600468 | 0 |
SCRIPT       : DATA_LOG | 1174624 | aRapBi1cCZPZAGLIDny3dk3hQ8vTmNTLHRl8zxmKgQ0= | 12989 | 6.17472 | 10244.3 | -0.919675 | -0.392679 | 0 | Glock19 | 0 | 7.61499 | 254.071 | 0 | 1 | 0 | 0 | 0 | 0 | 0 | 1 | camera | Land_Rail_Station_Big | -0.919675 | 0 | -
SCRIPT       : DATA_LOG | 1174643 | 0dnbV3OoKZVSKsRjRsSreDYKOmPaMHd_PD7pjTKbIH4= | 12770.7 | 5.97261 | 10114.6 | -0.878151 | -0.478384 | 0 | AugShort | 0 | 73.3208 | 515.198 | 0 | 1 | 0 | 0 | 0 | 0 | 0 | 1 | camera | Land_Misc_Toilet_Dry | -0.878151 | 0 |
SCRIPT       : DATA_LOG | 1175623 | aRapBi1cCZPZAGLIDny3dk3hQ8vTmNTLHRl8zxmKgQ0= | 12989 | 6.17472 | 10244.3 | -0.919675 | -0.392679 | 0 | Glock19 | 0 | 7.14918 | 256.216 | 0 | 1 | 0 | 0 | 0 | 0 | 0 | 1 | camera | Land_Rail_Station_Big | -0.919675 | 0 | -
SCRIPT       : DATA_LOG | 1175642 | 0dnbV3OoKZVSKsRjRsSreDYKOmPaMHd_PD7pjTKbIH4= | 12767.9 | 5.97121 | 10115.1 | -0.999625 | 0.0273736 | 0 | AugShort | 0 | 103.768 | 516.287 | 0 | 1 | 0 | 0 | 0 | 0 | 0 | 1 | camera | Land_Village_HealthCare | -0.999625 | 
SCRIPT       : DATA_LOG | 1176627 | aRapBi1cCZPZAGLIDny3dk3hQ8vTmNTLHRl8zxmKgQ0= | 12989 | 6.17472 | 10244.3 | -0.919675 | -0.392679 | 0 | Glock19 | 0 | 6.91931 | 258.546 | 0 | 1 | 0 | 0 | 0 | 0 | 0 | 1 | camera | Land_Rail_Station_Big | -0.919675 | 0 | -
SCRIPT       : DATA_LOG | 1176650 | 0dnbV3OoKZVSKsRjRsSreDYKOmPaMHd_PD7pjTKbIH4= | 12765.2 | 5.97142 | 10115.1 | 0.0170291 | -0.999855 | 0 | AugShort | 0 | 11.5151 | 516.773 | 0 | 1 | 0 | 0 | 0 | 0 | 0 | 1 | camera | Land_Shed_M1 | 0.0170291 | 0 | -0.9998
SCRIPT       : DATA_LOG | 1177624 | aRapBi1cCZPZAGLIDny3dk3hQ8vTmNTLHRl8zxmKgQ0= | 12989 | 6.17472 | 10244.3 | -0.919675 | -0.392679 | 0 | Glock19 | 0 | 7.75687 | 258.848 | 0 | 1 | 0 | 0 | 0 | 0 | 0 | 1 | camera | Land_Rail_Station_Big | -0.919675 | 0 | -
SCRIPT       : DATA_LOG | 1177639 | 0dnbV3OoKZVSKsRjRsSreDYKOmPaMHd_PD7pjTKbIH4= | 12766.8 | 5.9809 | 10111.5 | 0.779077 | -0.626929 | 0 | AugShort | 0 | 37.5528 | 832.088 | 0 | 1 | 1 | 0 | 0 | 0 | 0 | 1 | camera | Land_Shed_M1 | 0.779077 | 0 | -0.626929 
SCRIPT       : DATA_LOG | 1178626 | aRapBi1cCZPZAGLIDny3dk3hQ8vTmNTLHRl8zxmKgQ0= | 12989 | 6.17472 | 10244.3 | -0.919675 | -0.392679 | 0 | Glock19 | 0 | 8.04057 | 257.523 | 0 | 1 | 0 | 0 | 0 | 0 | 0 | 1 | camera | Land_Rail_Station_Big | -0.919675 | 0 | -
SCRIPT       : DATA_LOG | 1178644 | 0dnbV3OoKZVSKsRjRsSreDYKOmPaMHd_PD7pjTKbIH4= | 12768.6 | 5.98162 | 10111.3 | -0.204781 | -0.978808 | 0 | AugShort | 0 | 24.0312 | 512.346 | 0 | 1 | 0 | 0 | 0 | 0 | 0 | 1 | camera | Land_Village_HealthCare | -0.204781 | 
SCRIPT       : DATA_LOG | 1179630 | aRapBi1cCZPZAGLIDny3dk3hQ8vTmNTLHRl8zxmKgQ0= | 12989 | 6.17472 | 10244.3 | -0.919675 | -0.392679 | 0 | Glock19 | 0 | 8.20255 | 260.192 | 0 | 1 | 0 | 0 | 0 | 0 | 0 | 1 | camera | Land_Rail_Station_Big | -0.919675 | 0 | -
SCRIPT       : DATA_LOG | 1179651 | 0dnbV3OoKZVSKsRjRsSreDYKOmPaMHd_PD7pjTKbIH4= | 12766.9 | 5.9863 | 10109 | -0.82101 | 0.570914 | 0 | AugShort | 0 | 113.834 | 260.101 | 0 | 1 | 0 | 0 | 0 | 0 | 0 | 1 | camera |  | -0.82101 | 0 | 0.570914 | -0.82101 | 0 |
SCRIPT       : DATA_LOG | 1180631 | aRapBi1cCZPZAGLIDny3dk3hQ8vTmNTLHRl8zxmKgQ0= | 12989 | 6.17472 | 10244.3 | -0.919675 | -0.392679 | 0 | Glock19 | 0 | 8.03026 | 260.411 | 0 | 1 | 0 | 0 | 0 | 0 | 0 | 1 | camera | Land_Rail_Station_Big | -0.919675 | 0 | -
SCRIPT       : DATA_LOG | 1180652 | 0dnbV3OoKZVSKsRjRsSreDYKOmPaMHd_PD7pjTKbIH4= | 12766.2 | 6.0925 | 10109.5 | -0.669346 | 0.742951 | 0 | AugShort | 0 | 100.841 | 260.366 | 0 | 1 | 0 | 0 | 0 | 0 | 0 | 1 | camera | Land_Shed_M1 | -0.669346 | -0 | 0.742951
SCRIPT       : DATA_LOG | 1181630 | aRapBi1cCZPZAGLIDny3dk3hQ8vTmNTLHRl8zxmKgQ0= | 12989 | 6.17472 | 10244.3 | -0.919675 | -0.392679 | 0 | Glock19 | 0 | 8.04384 | 260.457 | 0 | 1 | 0 | 0 | 0 | 0 | 0 | 1 | camera | Land_Rail_Station_Big | -0.919675 | 0 | -
SCRIPT       : DATA_LOG | 1181648 | 0dnbV3OoKZVSKsRjRsSreDYKOmPaMHd_PD7pjTKbIH4= | 12766.2 | 6.0925 | 10109.5 | -0.716405 | 0.697684 | 0 | AugShort | 0 | 104.582 | 260.367 | 0 | 1 | 0 | 0 | 0 | 0 | 0 | 1 | camera | Land_Shed_M1 | -0.716405 | 0 | 0.697684 
SCRIPT       : DATA_LOG | 1182630 | aRapBi1cCZPZAGLIDny3dk3hQ8vTmNTLHRl8zxmKgQ0= | 12989 | 6.17472 | 10244.3 | -0.919675 | -0.392679 | 0 | Glock19 | 0 | 8.47079 | 259.218 | 0 | 1 | 0 | 0 | 0 | 0 | 0 | 1 | camera | Land_Rail_Station_Big | -0.919675 | 0 | -
SCRIPT       : DATA_LOG | 1182646 | 0dnbV3OoKZVSKsRjRsSreDYKOmPaMHd_PD7pjTKbIH4= | 12768.1 | 5.98682 | 10108.6 | 0.704067 | -0.710134 | 0 | AugShort | 0 | 31.1722 | 828.913 | 0 | 1 | 1 | 0 | 0 | 0 | 0 | 1 | camera |  | 0.704067 | 0 | -0.710134 | 0.704067 
SCRIPT       : DATA_LOG | 1183630 | aRapBi1cCZPZAGLIDny3dk3hQ8vTmNTLHRl8zxmKgQ0= | 12989 | 6.17472 | 10244.3 | -0.919675 | -0.392679 | 0 | Glock19 | 0 | 9.20227 | 258.16 | 0 | 1 | 0 | 0 | 0 | 0 | 0 | 1 | camera | Land_Rail_Station_Big | -0.919675 | 0 | -0
SCRIPT       : DATA_LOG | 1183651 | 0dnbV3OoKZVSKsRjRsSreDYKOmPaMHd_PD7pjTKbIH4= | 12770.9 | 5.98976 | 10106.4 | 0.703828 | -0.710371 | 0 | AugShort | 0 | 31.3029 | 826.119 | 0 | 1 | 1 | 0 | 0 | 0 | 0 | 1 | camera |  | 0.703828 | 0 | -0.710371 | 0.703828 
SCRIPT       : DATA_LOG | 1184634 | aRapBi1cCZPZAGLIDny3dk3hQ8vTmNTLHRl8zxmKgQ0= | 12989 | 6.17472 | 10244.3 | -0.919675 | -0.392679 | 0 | Glock19 | 0 | 9.52481 | 257.422 | 0 | 1 | 0 | 0 | 0 | 0 | 0 | 1 | camera | Land_Rail_Station_Big | -0.919675 | 0 | -
SCRIPT       : DATA_LOG | 1184650 | 0dnbV3OoKZVSKsRjRsSreDYKOmPaMHd_PD7pjTKbIH4= | 12772.1 | 5.99112 | 10105.4 | 0.993247 | -0.116019 | 0 | AugShort | 0 | 39.3016 | 257.536 | 0 | 1 | 0 | 0 | 0 | 0 | 0 | 1 | camera |  | 0.993247 | 0 | -0.116019 | 0.993247 
SCRIPT       : DATA_LOG | 1185633 | aRapBi1cCZPZAGLIDny3dk3hQ8vTmNTLHRl8zxmKgQ0= | 12989 | 6.17472 | 10244.3 | -0.919675 | -0.392679 | 0 | Glock19 | 0 | 10.0485 | 254.2 | 0 | 1 | 0 | 0 | 0 | 0 | 0 | 1 | camera | Land_Rail_Station_Big | -0.919675 | 0 | -0.
SCRIPT       : DATA_LOG | 1185651 | 0dnbV3OoKZVSKsRjRsSreDYKOmPaMHd_PD7pjTKbIH4= | 12776 | 5.97702 | 10105.4 | 0.930748 | -0.36566 | 0 | AugShort | 0 | 54.5705 | 254.264 | 0 | 1 | 0 | 0 | 0 | 0 | 0 | 1 | camera |  | 0.930748 | 0 | -0.36566 | 0.930748 | 0 
SCRIPT       : DATA_LOG | 1186637 | aRapBi1cCZPZAGLIDny3dk3hQ8vTmNTLHRl8zxmKgQ0= | 12989 | 6.17472 | 10244.3 | -0.919675 | -0.392679 | 0 | Glock19 | 0 | 11.4445 | 252.329 | 0 | 1 | 0 | 0 | 0 | 0 | 0 | 1 | camera | Land_Rail_Station_Big | -0.919675 | 0 | -
SCRIPT       : DATA_LOG | 1186655 | 0dnbV3OoKZVSKsRjRsSreDYKOmPaMHd_PD7pjTKbIH4= | 12781 | 5.97313 | 10101.5 | 0.656862 | -0.754011 | 0 | AugShort | 0 | 28.243 | 819.026 | 0 | 1 | 1 | 0 | 0 | 0 | 0 | 1 | camera |  | 0.656862 | 0 | -0.754011 | 0.656862 | 0
SCRIPT       : DATA_LOG | 1187635 | aRapBi1cCZPZAGLIDny3dk3hQ8vTmNTLHRl8zxmKgQ0= | 12989 | 6.17472 | 10244.3 | -0.919675 | -0.392679 | 0 | Glock19 | 0 | 12.5478 | 253.771 | 0 | 1 | 0 | 0 | 0 | 0 | 0 | 1 | camera | Land_Rail_Station_Big | -0.919675 | 0 | -
SCRIPT       : DATA_LOG | 1187651 | 0dnbV3OoKZVSKsRjRsSreDYKOmPaMHd_PD7pjTKbIH4= | 12782.8 | 6.00503 | 10096.4 | 0.852248 | -0.523139 | 0 | AugShort | 0 | 45.6808 | 813.695 | 0 | 1 | 1 | 0 | 0 | 0 | 0 | 1 | camera |  | 0.852248 | 0 | -0.523139 | 0.852248 
SCRIPT       : DATA_LOG | 1188636 | aRapBi1cCZPZAGLIDny3dk3hQ8vTmNTLHRl8zxmKgQ0= | 12989 | 6.17472 | 10244.3 | -0.919675 | -0.392679 | 0 | Glock19 | 0 | 13.6517 | 253.107 | 0 | 1 | 0 | 0 | 0 | 0 | 0 | 1 | camera | Land_Rail_Station_Big | -0.919675 | 0 | -
SCRIPT       : DATA_LOG | 1188652 | 0dnbV3OoKZVSKsRjRsSreDYKOmPaMHd_PD7pjTKbIH4= | 12786.2 | 6.02159 | 10093 | 0.0716954 | -0.997427 | 0 | AugShort | 0 | 6.54173 | 490.949 | 0 | 1 | 0 | 0 | 0 | 0 | 0 | 1 | camera |  | 0.0716954 | 0 | -0.997427 | 0.0716954
SCRIPT       : DATA_LOG | 1189637 | aRapBi1cCZPZAGLIDny3dk3hQ8vTmNTLHRl8zxmKgQ0= | 12989 | 6.17472 | 10244.3 | -0.919675 | -0.392679 | 0 | Glock19 | 0 | 13.7365 | 257.314 | 0 | 1 | 0 | 0 | 0 | 0 | 0 | 1 | camera | Scout | -0.919675 | 0 | -0.392679 | -0.91
SCRIPT       : DATA_LOG | 1189654 | 0dnbV3OoKZVSKsRjRsSreDYKOmPaMHd_PD7pjTKbIH4= | 12783.3 | 6.01561 | 10090.3 | -0.37388 | -0.927477 | 0 | AugShort | 0 | 33.0048 | 488.851 | 0 | 1 | 0 | 0 | 0 | 0 | 0 | 1 | camera | Land_Workshop1 | -0.37388 | 0 | -0.9274
SCRIPT       : DATA_LOG | 1190637 | aRapBi1cCZPZAGLIDny3dk3hQ8vTmNTLHRl8zxmKgQ0= | 12989 | 6.17472 | 10244.3 | -0.919675 | -0.392679 | 0 | Glock19 | 0 | 14.3463 | 257.285 | 0 | 1 | 0 | 0 | 0 | 0 | 0 | 1 | camera | Scout | -0.919675 | 0 | -0.392679 | -0.91
SCRIPT       : DATA_LOG | 1190654 | 0dnbV3OoKZVSKsRjRsSreDYKOmPaMHd_PD7pjTKbIH4= | 12784.8 | 6.02083 | 10087.9 | 0.360418 | -0.932791 | 0 | AugShort | 0 | 8.35663 | 804.962 | 0 | 1 | 1 | 0 | 0 | 0 | 0 | 1 | camera |  | 0.360418 | 0 | -0.932791 | 0.360418 
SCRIPT       : DATA_LOG | 1191639 | aRapBi1cCZPZAGLIDny3dk3hQ8vTmNTLHRl8zxmKgQ0= | 12989 | 6.17472 | 10244.3 | -0.919675 | -0.392679 | 0 | Glock19 | 0 | 14.9747 | 256.86 | 0 | 1 | 0 | 0 | 0 | 0 | 0 | 1 | camera | Scout | -0.919675 | 0 | -0.392679 | -0.919
SCRIPT       : DATA_LOG | 1191658 | 0dnbV3OoKZVSKsRjRsSreDYKOmPaMHd_PD7pjTKbIH4= | 12786.8 | 6.02612 | 10085.9 | 0.926121 | -0.377226 | 0 | AugShort | 0 | 55.1713 | 802.597 | 0 | 1 | 1 | 0 | 0 | 0 | 0 | 1 | camera | Land_Garage_Row_Small | 0.926121 | 0 | 
SCRIPT       : DATA_LOG | 1192640 | aRapBi1cCZPZAGLIDny3dk3hQ8vTmNTLHRl8zxmKgQ0= | 12989 | 6.17472 | 10244.3 | -0.919675 | -0.392679 | 0 | Glock19 | 0 | 15.8077 | 254.99 | 0 | 1 | 0 | 0 | 0 | 0 | 0 | 1 | camera | Scout | -0.919675 | 0 | -0.392679 | -0.919
SCRIPT       : DATA_LOG | 1192659 | 0dnbV3OoKZVSKsRjRsSreDYKOmPaMHd_PD7pjTKbIH4= | 12790.4 | 5.99892 | 10084.2 | 0.96332 | -0.268354 | 0 | AugShort | 0 | 54.442 | 255.132 | 0 | 1 | 0 | 0 | 0 | 0 | 0 | 1 | camera | Land_House_2W03 | 0.96332 | 0 | -0.268354
SCRIPT       : DATA_LOG | 1193640 | aRapBi1cCZPZAGLIDny3dk3hQ8vTmNTLHRl8zxmKgQ0= | 12989 | 6.17472 | 10244.3 | -0.919675 | -0.392679 | 0 | Glock19 | 0 | 16.6431 | 253.678 | 0 | 1 | 0 | 0 | 0 | 0 | 0 | 1 | camera | Scout | -0.919675 | 0 | -0.392679 | -0.91
SCRIPT       : DATA_LOG | 1193659 | 0dnbV3OoKZVSKsRjRsSreDYKOmPaMHd_PD7pjTKbIH4= | 12793.9 | 5.96546 | 10082 | 0.949234 | 0.314571 | 0 | AugShort | 0 | 21.4162 | 253.76 | 0 | 1 | 0 | 0 | 0 | 0 | 0 | 1 | camera | Land_House_2W03 | 0.949234 | 0 | 0.314571 |
SCRIPT       : DATA_LOG | 1194644 | aRapBi1cCZPZAGLIDny3dk3hQ8vTmNTLHRl8zxmKgQ0= | 12989 | 6.17472 | 10244.3 | -0.919675 | -0.392679 | 0 | Glock19 | 0 | 17.1747 | 251.511 | 0 | 1 | 0 | 0 | 0 | 0 | 0 | 1 | camera | Scout | -0.919675 | 0 | -0.392679 | -0.91
SCRIPT       : DATA_LOG | 1194664 | 0dnbV3OoKZVSKsRjRsSreDYKOmPaMHd_PD7pjTKbIH4= | 12797.1 | 5.95498 | 10081.5 | 0.513554 | 0.858057 | 0 | AugShort | 0 | 18.795 | 251.614 | 0 | 1 | 0 | 0 | 0 | 0 | 0 | 1 | camera |  | 0.513554 | 0 | 0.858057 | 0.513554 | 0
SCRIPT       : DATA_LOG | 1195643 | aRapBi1cCZPZAGLIDny3dk3hQ8vTmNTLHRl8zxmKgQ0= | 12989 | 6.17472 | 10244.3 | -0.919675 | -0.392679 | 0 | Glock19 | 0 | 17.3253 | 247.808 | 0 | 1 | 0 | 0 | 0 | 0 | 0 | 1 | camera | Land_Rail_Station_Big | -0.919675 | 0 | -
SCRIPT       : DATA_LOG | 1195661 | 0dnbV3OoKZVSKsRjRsSreDYKOmPaMHd_PD7pjTKbIH4= | 12800.3 | 5.95497 | 10083.3 | 0.104409 | 0.994534 | 0 | AugShort | 0 | 43.5251 | 248.003 | 0 | 1 | 0 | 0 | 0 | 0 | 0 | 1 | camera |  | 0.104409 | 0 | 0.994534 | 0.104409 | 
SCRIPT       : DATA_LOG | 1196644 | aRapBi1cCZPZAGLIDny3dk3hQ8vTmNTLHRl8zxmKgQ0= | 12989 | 6.17472 | 10244.3 | -0.919675 | -0.392679 | 0 | Glock19 | 0 | 16.7345 | 242.427 | 0 | 1 | 0 | 0 | 0 | 0 | 0 | 1 | camera | Land_Rail_Station_Big | -0.919675 | 0 | -
SCRIPT       : DATA_LOG | 1196660 | 0dnbV3OoKZVSKsRjRsSreDYKOmPaMHd_PD7pjTKbIH4= | 12803.1 | 6.05383 | 10088.7 | -0.724352 | 0.689431 | 0 | AugShort | 0 | 96.4686 | 242.408 | 0 | 1 | 0 | 0 | 0 | 0 | 0 | 1 | camera | Land_Wreck_sed02_aban1_yellow | -0.7243
SCRIPT       : DATA_LOG | 1197646 | aRapBi1cCZPZAGLIDny3dk3hQ8vTmNTLHRl8zxmKgQ0= | 12989 | 6.17472 | 10244.3 | -0.919675 | -0.392679 | 0 | Glock19 | 0 | 15.9227 | 243.695 | 0 | 1 | 0 | 0 | 0 | 0 | 0 | 1 | camera | Land_Rail_Station_Big | -0.919675 | 0 | -
SCRIPT       : DATA_LOG | 1197661 | 0dnbV3OoKZVSKsRjRsSreDYKOmPaMHd_PD7pjTKbIH4= | 12799.9 | 6.38687 | 10090.7 | -0.828654 | 0.559762 | 0 | AugShort | 0 | 106.864 | 243.592 | 0 | 1 | 0 | 0 | 0 | 0 | 0 | 1 | camera | Land_House_2W03 | -0.828654 | 0 | 0.559
SCRIPT       : DATA_LOG | 1198649 | aRapBi1cCZPZAGLIDny3dk3hQ8vTmNTLHRl8zxmKgQ0= | 12989 | 6.17472 | 10244.3 | -0.919675 | -0.392679 | 0 | Glock19 | 0 | 15.3063 | 243.326 | 0 | 1 | 0 | 0 | 0 | 0 | 0 | 1 | camera | Land_Rail_Station_Big | -0.919675 | 0 | -
SCRIPT       : DATA_LOG | 1198668 | 0dnbV3OoKZVSKsRjRsSreDYKOmPaMHd_PD7pjTKbIH4= | 12798.4 | 6.82666 | 10093.1 | -0.960121 | 0.279585 | 0 | AugShort | 0 | 115.48 | 488.893 | 0 | 1 | 0 | 0 | 0 | 0 | 0 | 1 | camera | Land_House_2W03 | -0.960121 | 0 | 0.2795
SCRIPT       : DATA_LOG | 1199649 | aRapBi1cCZPZAGLIDny3dk3hQ8vTmNTLHRl8zxmKgQ0= | 12985.8 | 6.17476 | 10243.6 | -0.989343 | 0.145601 | 0 | Glock19 | 0 | 46.5548 | 240.753 | 0 | 1 | 0 | 0 | 0 | 0 | 0 | 1 | camera | Land_Rail_Station_Big | -0.989343 | 0 | 
SCRIPT       : DATA_LOG | 1199666 | 0dnbV3OoKZVSKsRjRsSreDYKOmPaMHd_PD7pjTKbIH4= | 12796.7 | 9.74738 | 10094.9 | -0.823636 | -0.567119 | 0 | AugShort | 0 | 64.8601 | 490.99 | 0 | 1 | 0 | 0 | 0 | 0 | 0 | 1 | camera | Land_House_2W03 | -0.823636 | 0 | -0.56
SCRIPT       : DATA_LOG | 1200651 | aRapBi1cCZPZAGLIDny3dk3hQ8vTmNTLHRl8zxmKgQ0= | 12983.6 | 6.17481 | 10244.7 | -0.981912 | 0.189341 | 0 | Glock19 | 0 | 49.4314 | 242.064 | 0 | 1 | 0 | 0 | 0 | 0 | 0 | 1 | camera | Land_Rail_Station_Big | -0.981912 | -0 |
SCRIPT       : DATA_LOG | 1200670 | 0dnbV3OoKZVSKsRjRsSreDYKOmPaMHd_PD7pjTKbIH4= | 12794.2 | 11.227 | 10094.3 | 0.0630144 | -0.998013 | 0 | AugShort | 0 | 6.12289 | 490.8 | 0 | 1 | 0 | 0 | 0 | 0 | 0 | 1 | camera | Land_House_2W03 | 0.0630144 | 0 | -0.9980
SCRIPT       : DATA_LOG | 1201651 | aRapBi1cCZPZAGLIDny3dk3hQ8vTmNTLHRl8zxmKgQ0= | 12983.4 | 6.17481 | 10243.8 | -0.981278 | 0.192596 | 0 | Glock19 | 0 | 50.0126 | 242.163 | 0 | 1 | 0 | 0 | 0 | 0 | 0 | 1 | camera | Land_Rail_Station_Big | -0.981278 | -0 |
SCRIPT       : DATA_LOG | 1201666 | 0dnbV3OoKZVSKsRjRsSreDYKOmPaMHd_PD7pjTKbIH4= | 12794.9 | 11.227 | 10091.8 | 0.844771 | -0.535127 | 0 | AugShort | 0 | 45.64 | 806.671 | 0 | 1 | 1 | 0 | 0 | 0 | 0 | 1 | camera | Land_House_2W03 | 0.844771 | 0 | -0.535127
SCRIPT       : DATA_LOG | 1202651 | aRapBi1cCZPZAGLIDny3dk3hQ8vTmNTLHRl8zxmKgQ0= | 12983.4 | 6.17481 | 10243.8 | -0.981278 | 0.192596 | 0 | Glock19 | 0 | 50.7406 | 241.929 | 0 | 1 | 0 | 0 | 0 | 0 | 0 | 1 | camera | Land_Rail_Station_Big | -0.981278 | -0 |
SCRIPT       : DATA_LOG | 1202669 | 0dnbV3OoKZVSKsRjRsSreDYKOmPaMHd_PD7pjTKbIH4= | 12797.2 | 11.2269 | 10089.7 | -0.496281 | -0.868162 | 0 | AugShort | 0 | 39.2127 | 485.783 | 0 | 1 | 0 | 0 | 0 | 0 | 0 | 1 | camera | Land_House_2W03 | -0.496281 | 0 | -0.8
SCRIPT       : DATA_LOG | 1203652 | aRapBi1cCZPZAGLIDny3dk3hQ8vTmNTLHRl8zxmKgQ0= | 12984.1 | 6.1748 | 10244.5 | -0.996563 | -0.0828402 | 0 | CZ550 | 0 | 35.125 | 244.732 | 0 | 1 | 0 | 0 | 0 | 0 | 0 | 1 | camera | Land_Rail_Station_Big | -0.996563 | 0 | -0
SCRIPT       : DATA_LOG | 1203670 | 0dnbV3OoKZVSKsRjRsSreDYKOmPaMHd_PD7pjTKbIH4= | 12796.5 | 11.2269 | 10087.7 | -0.937534 | 0.347892 | 0 | AugShort | 0 | 119.743 | 244.515 | 0 | 1 | 0 | 0 | 0 | 0 | 0 | 1 | camera | Land_House_2W03 | -0.937534 | 0 | 0.347
SCRIPT       : DATA_LOG | 1204654 | aRapBi1cCZPZAGLIDny3dk3hQ8vTmNTLHRl8zxmKgQ0= | 12981.3 | 6.18545 | 10245.1 | -0.741801 | -0.67062 | 0 | CZ550 | 0 | 2.5124 | 242.635 | 0 | 1 | 0 | 1 | 0 | 0 | 0 | 1 | camera |  | -0.741801 | 0 | -0.67062 | -0.741801 | 0
SCRIPT       : DATA_LOG | 1204671 | 0dnbV3OoKZVSKsRjRsSreDYKOmPaMHd_PD7pjTKbIH4= | 12796.1 | 11.2269 | 10088.6 | -0.932222 | 0.361886 | 0 | AugShort | 0 | 118.605 | 242.356 | 0 | 1 | 0 | 0 | 0 | 0 | 0 | 1 | camera | Land_House_2W03 | -0.932222 | -0 | 0.36
SCRIPT       : DATA_LOG | 1205850 | aRapBi1cCZPZAGLIDny3dk3hQ8vTmNTLHRl8zxmKgQ0= | 12979.5 | 6.02493 | 10244.3 | -0.47123 | -0.882011 | 0 | CZ550 | 0 | 18.93 | 642 | 0 | 1 | 0 | 0 | 0 | 0 | 0 | 1 | camera |  | -0.47123 | 0 | -0.882011 | -0.47123 | 0 | -0.
SCRIPT       : DATA_LOG | 1205863 | 0dnbV3OoKZVSKsRjRsSreDYKOmPaMHd_PD7pjTKbIH4= | 12796.1 | 11.2269 | 10088.6 | -0.932222 | 0.361886 | 0 | AugShort | 0 | 118.46 | 240.485 | 0 | 1 | 0 | 0 | 0 | 0 | 0 | 1 | camera | Land_House_2W03 | -0.932222 | -0 | 0.361
SCRIPT       : DATA_LOG | 1206855 | aRapBi1cCZPZAGLIDny3dk3hQ8vTmNTLHRl8zxmKgQ0= | 12978.1 | 6.02493 | 10238.4 | -0.477615 | -0.878569 | 0 | CZ550 | 0 | 19.383 | 635.943 | 0 | 1 | 0 | 0 | 0 | 0 | 0 | 1 | camera | Land_Wreck_sed01_aban1_wine | -0.477615 | 
SCRIPT       : DATA_LOG | 1206875 | 0dnbV3OoKZVSKsRjRsSreDYKOmPaMHd_PD7pjTKbIH4= | 12796.1 | 11.2269 | 10088.6 | -0.932222 | 0.361886 | 0 | AugShort | 0 | 119.374 | 235.411 | 0 | 1 | 0 | 0 | 0 | 0 | 0 | 1 | camera | Land_House_2W03 | -0.932222 | -0 | 0.36
SCRIPT       : DATA_LOG | 1207854 | aRapBi1cCZPZAGLIDny3dk3hQ8vTmNTLHRl8zxmKgQ0= | 12978.7 | 6.02496 | 10232.7 | -0.528111 | -0.849175 | 0 | CZ550 | 0 | 19.943 | 232.768 | 0 | 1 | 0 | 0 | 0 | 0 | 0 | 1 | camera |  | -0.528111 | 0 | -0.849175 | -0.528111 |
SCRIPT       : DATA_LOG | 1207870 | 0dnbV3OoKZVSKsRjRsSreDYKOmPaMHd_PD7pjTKbIH4= | 12796.1 | 11.2269 | 10088.6 | -0.932222 | 0.361886 | 0 | AugShort | 0 | 120.57 | 232.356 | 0 | 1 | 0 | 0 | 0 | 0 | 0 | 1 | camera | Land_House_2W03 | -0.932222 | -0 | 0.361
SCRIPT       : DATA_LOG | 1208855 | aRapBi1cCZPZAGLIDny3dk3hQ8vTmNTLHRl8zxmKgQ0= | 12979.8 | 6.02497 | 10227.9 | -0.522975 | -0.852348 | 0 | CZ550 | 0 | 21.1483 | 231.479 | 0 | 1 | 0 | 0 | 0 | 0 | 0 | 1 | camera |  | -0.522975 | 0 | -0.852348 | -0.522975 
SCRIPT       : DATA_LOG | 1208872 | 0dnbV3OoKZVSKsRjRsSreDYKOmPaMHd_PD7pjTKbIH4= | 12795.9 | 11.2269 | 10087.4 | -0.992096 | -0.125477 | 0 | AugShort | 0 | 92.4353 | 483.755 | 0 | 1 | 0 | 0 | 0 | 0 | 0 | 1 | camera | Land_House_2W03 | -0.992096 | 0 | -0.1
SCRIPT       : DATA_LOG | 1209913 | aRapBi1cCZPZAGLIDny3dk3hQ8vTmNTLHRl8zxmKgQ0= | 12979.1 | 6.21763 | 10222.4 | -0.411519 | -0.911401 | 0 | CZ550 | 0 | 14.8273 | 620.386 | 0 | 1 | 0 | 0 | 0 | 0 | 0 | 1 | camera |  | -0.411519 | 0 | -0.911401 | -0.411519 
SCRIPT       : DATA_LOG | 1209925 | 0dnbV3OoKZVSKsRjRsSreDYKOmPaMHd_PD7pjTKbIH4= | 12793.6 | 11.227 | 10086.4 | -0.92667 | -0.375875 | 0 | AugShort | 0 | 77.8594 | 483.167 | 0 | 1 | 0 | 0 | 0 | 0 | 0 | 1 | camera | Land_House_2W03 | -0.92667 | 0 | -0.3758
SCRIPT       : DATA_LOG | 1210864 | aRapBi1cCZPZAGLIDny3dk3hQ8vTmNTLHRl8zxmKgQ0= | 12977.5 | 6.21555 | 10219.1 | -0.439617 | -0.898185 | 0 | CZ550 | 0 | 16.6995 | 616.878 | 0 | 1 | 0 | 0 | 0 | 0 | 0 | 1 | camera |  | -0.439617 | 0 | -0.898185 | -0.439617 
SCRIPT       : DATA_LOG | 1210884 | 0dnbV3OoKZVSKsRjRsSreDYKOmPaMHd_PD7pjTKbIH4= | 12793.6 | 11.227 | 10086.4 | -0.92667 | -0.375875 | 0 | AugShort | 0 | 77.8594 | 483.167 | 0 | 1 | 0 | 0 | 0 | 0 | 0 | 1 | camera | Land_House_2W03 | -0.92667 | 0 | -0.3758
SCRIPT       : DATA_LOG | 1211909 | aRapBi1cCZPZAGLIDny3dk3hQ8vTmNTLHRl8zxmKgQ0= | 12977.1 | 6.21904 | 10218.3 | -0.439632 | -0.898178 | 0 | CZ550 | 0 | 16.7266 | 615.945 | 0 | 1 | 0 | 0 | 0 | 0 | 0 | 1 | camera |  | -0.439632 | 0 | -0.898178 | -0.439632 
SCRIPT       : DATA_LOG | 1211927 | 0dnbV3OoKZVSKsRjRsSreDYKOmPaMHd_PD7pjTKbIH4= | 12795.9 | 11.2268 | 10087.8 | 0.32355 | 0.946211 | 0 | AugShort | 0 | 35.3684 | 223.187 | 0 | 1 | 0 | 0 | 0 | 0 | 0 | 1 | camera | Land_House_2W03 | 0.32355 | 0 | 0.946211 
SCRIPT       : DATA_LOG | 1212909 | aRapBi1cCZPZAGLIDny3dk3hQ8vTmNTLHRl8zxmKgQ0= | 12975.5 | 6.02496 | 10217.4 | -0.42889 | -0.903357 | 0 | CZ550 | 0 | 16.1809 | 614.835 | 0 | 1 | 0 | 0 | 0 | 0 | 0 | 1 | camera |  | -0.42889 | 0 | -0.903357 | -0.42889 | 0
SCRIPT       : DATA_LOG | 1212925 | 0dnbV3OoKZVSKsRjRsSreDYKOmPaMHd_PD7pjTKbIH4= | 12794.9 | 11.227 | 10092 | -0.459126 | 0.888371 | 0 | AugShort | 0 | 82.5699 | 219.747 | 0 | 1 | 0 | 0 | 0 | 0 | 0 | 1 | camera | Land_House_2W03 | -0.459126 | 0 | 0.888371
SCRIPT       : DATA_LOG | 1213911 | aRapBi1cCZPZAGLIDny3dk3hQ8vTmNTLHRl8zxmKgQ0= | 12973.9 | 6.02487 | 10215.2 | -0.460819 | -0.887494 | 0 | CZ550 | 0 | 18.331 | 612.38 | 0 | 1 | 0 | 0 | 0 | 0 | 0 | 1 | camera | Land_Wreck_hb01_aban1_blue | -0.460819 | 0 
SCRIPT       : DATA_LOG | 1213928 | 0dnbV3OoKZVSKsRjRsSreDYKOmPaMHd_PD7pjTKbIH4= | 12795.2 | 11.227 | 10094.9 | 0.82625 | -0.563304 | 0 | AugShort | 0 | 43.7735 | 809.649 | 0 | 1 | 1 | 0 | 0 | 0 | 0 | 1 | camera | Land_House_2W03 | 0.82625 | 0 | -0.563304
SCRIPT       : DATA_LOG | 1214914 | aRapBi1cCZPZAGLIDny3dk3hQ8vTmNTLHRl8zxmKgQ0= | 12974.3 | 6.02493 | 10211.8 | -0.275625 | -0.961265 | 0 | CZ550 | 0 | 6.80974 | 609.104 | 0 | 1 | 0 | 0 | 0 | 0 | 0 | 1 | camera |  | -0.275625 | 0 | -0.961265 | -0.275625 
SCRIPT       : DATA_LOG | 1214930 | 0dnbV3OoKZVSKsRjRsSreDYKOmPaMHd_PD7pjTKbIH4= | 12799 | 6.51122 | 10092.7 | 0.408 | -0.912982 | 0 | AugShort | 0 | 12.3691 | 806.659 | 0 | 1 | 1 | 0 | 0 | 0 | 0 | 1 | camera | Land_House_2W03 | 0.408 | 0 | -0.912982 | 0.
SCRIPT       : DATA_LOG | 1215915 | aRapBi1cCZPZAGLIDny3dk3hQ8vTmNTLHRl8zxmKgQ0= | 12973 | 6.02498 | 10211.8 | -0.748754 | -0.662848 | 0 | CZ550 | 0 | 6.92747 | 212.318 | 0 | 1 | 0 | 0 | 0 | 0 | 0 | 1 | camera |  | -0.748754 | 0 | -0.662848 | -0.748754 | 
SCRIPT       : DATA_LOG | 1215934 | 0dnbV3OoKZVSKsRjRsSreDYKOmPaMHd_PD7pjTKbIH4= | 12798.3 | 6.41196 | 10091.3 | 0.89004 | -0.455882 | 0 | AugShort | 0 | 51.0937 | 805.388 | 0 | 1 | 1 | 0 | 0 | 0 | 0 | 1 | camera | Land_House_2W03 | 0.89004 | 0 | -0.45588
SCRIPT       : DATA_LOG | 1216913 | aRapBi1cCZPZAGLIDny3dk3hQ8vTmNTLHRl8zxmKgQ0= | 12973.9 | 6.02499 | 10210.9 | -0.736631 | -0.676295 | 0 | CZ550 | 0 | 7.53369 | 211.152 | 0 | 1 | 0 | 0 | 0 | 0 | 0 | 1 | camera | Land_Wreck_hb01_aban1_blue | -0.736631 | 
SCRIPT       : DATA_LOG | 1216931 | 0dnbV3OoKZVSKsRjRsSreDYKOmPaMHd_PD7pjTKbIH4= | 12800.9 | 6.31532 | 10089.6 | 0.802197 | 0.59706 | 0 | AugShort | 0 | 1.66013 | 211.217 | 0 | 1 | 0 | 1 | 0 | 0 | 0 | 1 | camera | Land_Wreck_sed02_aban1_yellow | 0.802197 
SCRIPT       : DATA_LOG | 1217919 | aRapBi1cCZPZAGLIDny3dk3hQ8vTmNTLHRl8zxmKgQ0= | 12973.9 | 6.02499 | 10210.9 | -0.736631 | -0.676295 | 0 | CZ550 | 0 | 6.92464 | 208.615 | 0 | 1 | 0 | 0 | 0 | 0 | 0 | 1 | camera | Land_Wreck_hb01_aban1_blue | -0.736631 | 
SCRIPT       : DATA_LOG | 1217965 | 0dnbV3OoKZVSKsRjRsSreDYKOmPaMHd_PD7pjTKbIH4= | 12804.2 | 5.95498 | 10089.3 | 0.855027 | 0.518584 | 0 | AugShort | 0 | 4.41757 | 208.687 | 0 | 1 | 0 | 1 | 0 | 0 | 0 | 1 | camera |  | 0.855027 | 0 | 0.518584 | 0.855027 | 
SCRIPT       : DATA_LOG | 1218918 | aRapBi1cCZPZAGLIDny3dk3hQ8vTmNTLHRl8zxmKgQ0= | 12975.5 | 6.20273 | 10212.7 | 0.215105 | 0.976591 | 0 | CZ550 | 0 | 139.382 | 209.981 | 0 | 1 | 0 | 0 | 0 | 0 | 0 | 1 | camera | Land_Wreck_hb01_aban1_blue | 0.215105 | 0 |
SCRIPT       : DATA_LOG | 1218937 | 0dnbV3OoKZVSKsRjRsSreDYKOmPaMHd_PD7pjTKbIH4= | 12807.6 | 5.95495 | 10086.8 | 0.375337 | -0.926888 | 0 | AugShort | 0 | 10.8489 | 799.117 | 0 | 1 | 1 | 0 | 0 | 0 | 0 | 1 | camera |  | 0.375337 | 0 | -0.926888 | 0.375337 
SCRIPT       : DATA_LOG | 1219917 | aRapBi1cCZPZAGLIDny3dk3hQ8vTmNTLHRl8zxmKgQ0= | 12978 | 6.21796 | 10218.6 | 0.274011 | 0.961727 | 0 | CZ550 | 0 | 144.391 | 221.219 | 0 | 1 | 0 | 0 | 0 | 0 | 0 | 1 | camera |  | 0.274011 | 0 | 0.961727 | 0.274011 | 0 | 0
SCRIPT       : DATA_LOG | 1219934 | 0dnbV3OoKZVSKsRjRsSreDYKOmPaMHd_PD7pjTKbIH4= | 12805.1 | 5.95499 | 10081.2 | -0.605987 | -0.795475 | 0 | AugShort | 0 | 45.9873 | 476.182 | 0 | 1 | 0 | 0 | 0 | 0 | 0 | 1 | camera |  | -0.605987 | 0 | -0.795475 | -0.6059
SCRIPT       : DATA_LOG | 1220918 | aRapBi1cCZPZAGLIDny3dk3hQ8vTmNTLHRl8zxmKgQ0= | 12979.9 | 6.21527 | 10225 | 0.273831 | 0.961778 | 0 | CZ550 | 0 | 146.645 | 230.061 | 0 | 1 | 0 | 0 | 0 | 0 | 0 | 1 | camera | Land_Wreck_sed01_aban1_wine | 0.273831 | 0 | 
SCRIPT       : DATA_LOG | 1220936 | 0dnbV3OoKZVSKsRjRsSreDYKOmPaMHd_PD7pjTKbIH4= | 12805.3 | 5.96096 | 10075.1 | 0.798266 | -0.602305 | 0 | AugShort | 0 | 41.4439 | 788.153 | 0 | 1 | 1 | 0 | 0 | 0 | 0 | 1 | camera | Land_Wreck_sed01_aban2_wine | 0.798266 
SCRIPT       : DATA_LOG | 1221921 | aRapBi1cCZPZAGLIDny3dk3hQ8vTmNTLHRl8zxmKgQ0= | 12979.9 | 6.02498 | 10231.8 | -0.500462 | 0.865758 | 0 | CZ550 | 0 | 103.587 | 233.444 | 0 | 1 | 0 | 0 | 0 | 0 | 0 | 1 | camera |  | -0.500462 | 0 | 0.865758 | -0.500462 | 
SCRIPT       : DATA_LOG | 1221937 | 0dnbV3OoKZVSKsRjRsSreDYKOmPaMHd_PD7pjTKbIH4= | 12810.6 | 6.03487 | 10071 | 0.866487 | -0.499199 | 0 | AugShort | 0 | 48.8493 | 783.074 | 0 | 1 | 1 | 0 | 0 | 0 | 0 | 1 | camera |  | 0.866487 | 0 | -0.499199 | 0.866487 | 
SCRIPT       : DATA_LOG | 1222920 | aRapBi1cCZPZAGLIDny3dk3hQ8vTmNTLHRl8zxmKgQ0= | 12978.8 | 6.10852 | 10238.3 | -0.506146 | 0.862448 | 0 | CZ550 | 0 | 105.668 | 235.449 | 0 | 1 | 0 | 0 | 0 | 0 | 0 | 1 | camera |  | -0.506146 | 0 | 0.862448 | -0.506146 | 
SCRIPT       : DATA_LOG | 1222937 | 0dnbV3OoKZVSKsRjRsSreDYKOmPaMHd_PD7pjTKbIH4= | 12815.5 | 6.03498 | 10068.8 | 0.931639 | -0.363386 | 0 | AugShort | 0 | 57.8068 | 780.011 | 0 | 1 | 1 | 0 | 0 | 0 | 0 | 1 | camera | Land_Garage_Row_Small | 0.931639 | 0 | 
SCRIPT       : DATA_LOG | 1223924 | aRapBi1cCZPZAGLIDny3dk3hQ8vTmNTLHRl8zxmKgQ0= | 12979.7 | 6.02495 | 10244.7 | -0.211814 | 0.97731 | 0 | CZ550 | 0 | 124.649 | 240.808 | 0 | 1 | 0 | 0 | 0 | 0 | 0 | 1 | camera |  | -0.211814 | 0 | 0.97731 | -0.211814 | 0 
SCRIPT       : DATA_LOG | 1223941 | 0dnbV3OoKZVSKsRjRsSreDYKOmPaMHd_PD7pjTKbIH4= | 12815 | 6.03496 | 10069 | 0.906052 | -0.423166 | 0 | AugShort | 0 | 54.0483 | 780.287 | 0 | 1 | 1 | 0 | 0 | 0 | 0 | 1 | camera | Land_Garage_Row_Small | 0.906052 | 0 | -0.4
SCRIPT       : DATA_LOG | 1224925 | aRapBi1cCZPZAGLIDny3dk3hQ8vTmNTLHRl8zxmKgQ0= | 12981 | 6.00948 | 10250.8 | -0.174418 | 0.984672 | 0 | CZ550 | 0 | 128.29 | 244.849 | 0 | 1 | 0 | 0 | 0 | 0 | 0 | 1 | camera |  | -0.174418 | 0 | 0.984672 | -0.174418 | 0 |
SCRIPT       : DATA_LOG | 1224940 | 0dnbV3OoKZVSKsRjRsSreDYKOmPaMHd_PD7pjTKbIH4= | 12818.1 | 6.09493 | 10068 | 0.950074 | -0.312023 | 0 | AugShort | 0 | 61.1146 | 778.67 | 0 | 1 | 1 | 0 | 0 | 0 | 0 | 1 | camera | Land_Garage_Row_Small | 0.950074 | 0 | -0.
SCRIPT       : DATA_LOG | 1225929 | aRapBi1cCZPZAGLIDny3dk3hQ8vTmNTLHRl8zxmKgQ0= | 12982.2 | 6.00487 | 10253.7 | -0.174377 | 0.984679 | 0 | CZ550 | 0 | 129.26 | 246.583 | 0 | 1 | 0 | 0 | 0 | 0 | 0 | 1 | camera |  | -0.174377 | 0 | 0.984679 | -0.174377 | 0
SCRIPT       : DATA_LOG | 1225950 | 0dnbV3OoKZVSKsRjRsSreDYKOmPaMHd_PD7pjTKbIH4= | 12821.4 | 6.09493 | 10066.8 | 0.807342 | -0.590083 | 0 | AugShort | 0 | 43.3534 | 776.951 | 0 | 1 | 1 | 0 | 0 | 0 | 0 | 1 | camera | Land_Garage_Row_Small | 0.807342 | 0 | 
SCRIPT       : DATA_LOG | 1226927 | aRapBi1cCZPZAGLIDny3dk3hQ8vTmNTLHRl8zxmKgQ0= | 12983 | 6.00491 | 10256.8 | -0.254285 | 0.967129 | 1 | Glock19 | 0 | 124.535 | 250.735 | 0 | 1 | 0 | 0 | 0 | 0 | 1 | 1 | camera |  | -0.254285 | 0 | 0.967129 | -0.254285 | 
SCRIPT       : DATA_LOG | 1226947 | 0dnbV3OoKZVSKsRjRsSreDYKOmPaMHd_PD7pjTKbIH4= | 12819.7 | 6.09496 | 10066.8 | -0.994362 | -0.106039 | 0 | AugShort | 0 | 91.0685 | 459.892 | 0 | 1 | 0 | 0 | 0 | 0 | 0 | 1 | camera | Land_Garage_Row_Small | -0.994362 | 0 
SCRIPT       : DATA_LOG | 1227930 | aRapBi1cCZPZAGLIDny3dk3hQ8vTmNTLHRl8zxmKgQ0= | 12982.5 | 6.005 | 10258.6 | -0.269905 | 0.962887 | 1 | Glock19 | 0 | 123.002 | 252.033 | 0 | 1 | 0 | 0 | 0 | 0 | 1 | 1 | camera |  | -0.269905 | -0 | 0.962887 | -0.269905 |
SCRIPT       : DATA_LOG | 1227947 | 0dnbV3OoKZVSKsRjRsSreDYKOmPaMHd_PD7pjTKbIH4= | 12816.1 | 6.03499 | 10069.4 | -0.995054 | -0.0993336 | 0 | AugShort | 0 | 91.8533 | 462.932 | 0 | 1 | 0 | 0 | 0 | 0 | 0 | 1 | camera | Land_Garage_Row_Small | -0.995054 | 0
SCRIPT       : DATA_LOG | 1228932 | aRapBi1cCZPZAGLIDny3dk3hQ8vTmNTLHRl8zxmKgQ0= | 12982.5 | 6.005 | 10258.7 | -0.269905 | 0.962887 | 1 | Glock19 | 0 | 122.84 | 257.319 | 0 | 1 | 0 | 0 | 0 | 0 | 1 | 1 | camera |  | -0.269905 | -0 | 0.962887 | -0.269905 | 
SCRIPT       : DATA_LOG | 1228948 | 0dnbV3OoKZVSKsRjRsSreDYKOmPaMHd_PD7pjTKbIH4= | 12811.9 | 6.03499 | 10066.3 | 0.613741 | -0.789507 | 0 | AugShort | 0 | 26.6813 | 778.213 | 0 | 1 | 1 | 0 | 0 | 0 | 0 | 1 | camera | Land_Garage_Row_Small | 0.613741 | 0 | 
SCRIPT       : DATA_LOG | 1229934 | aRapBi1cCZPZAGLIDny3dk3hQ8vTmNTLHRl8zxmKgQ0= | 12982.5 | 6.00499 | 10258.8 | -0.292558 | 0.956248 | 0 | Glock19 | 0 | 122.107 | 257.663 | 0 | 1 | 0 | 0 | 0 | 0 | 0 | 1 | camera |  | -0.292558 | 0 | 0.956248 | -0.292558 
SCRIPT       : DATA_LOG | 1229953 | 0dnbV3OoKZVSKsRjRsSreDYKOmPaMHd_PD7pjTKbIH4= | 12813.7 | 6.035 | 10064 | 0.941533 | -0.336921 | 0 | AugShort | 0 | 59.2339 | 775.616 | 0 | 1 | 1 | 0 | 0 | 0 | 0 | 1 | camera | Land_Garage_Row_Small | 0.941533 | 0 | -0.3
SCRIPT       : DATA_LOG | 1230973 | aRapBi1cCZPZAGLIDny3dk3hQ8vTmNTLHRl8zxmKgQ0= | 12980.3 | 6.00497 | 10264.1 | -0.320709 | 0.947178 | 0 | Glock19 | 0 | 121.961 | 258.682 | 0 | 1 | 0 | 0 | 0 | 0 | 0 | 1 | camera | TreeSoft_t_BetulaPendula_2w | -0.320709 
SCRIPT       : DATA_LOG | 1230995 | 0dnbV3OoKZVSKsRjRsSreDYKOmPaMHd_PD7pjTKbIH4= | 12816.2 | 6.09496 | 10064 | 0.996286 | -0.0861057 | 0 | AugShort | 0 | 55.6573 | 258.949 | 0 | 1 | 0 | 0 | 0 | 0 | 0 | 1 | camera | Land_Garage_Row_Small | 0.996286 | 0 | -
SCRIPT       : DATA_LOG | 1232147 | aRapBi1cCZPZAGLIDny3dk3hQ8vTmNTLHRl8zxmKgQ0= | 12978.3 | 6.00497 | 10269.8 | -0.437678 | 0.899132 | 0 | Glock19 | 0 | 116.022 | 261.541 | 0 | 1 | 0 | 0 | 0 | 0 | 0 | 1 | camera |  | -0.437678 | 0 | 0.899132 | -0.437678 
SCRIPT       : DATA_LOG | 1232411 | 0dnbV3OoKZVSKsRjRsSreDYKOmPaMHd_PD7pjTKbIH4= | 12817.1 | 6.09496 | 10063.8 | 0.825846 | -0.563896 | 0 | AugShort | 0 | 44.838 | 774.751 | 0 | 1 | 1 | 0 | 0 | 0 | 0 | 1 | camera | Land_Garage_Row_Small | 0.825846 | 0 | -
SCRIPT       : DATA_LOG | 1233150 | aRapBi1cCZPZAGLIDny3dk3hQ8vTmNTLHRl8zxmKgQ0= | 12974.4 | 6.17008 | 10277.4 | -0.44918 | 0.893441 | 0 | Glock19 | 0 | 117.804 | 265.706 | 0 | 1 | 0 | 0 | 0 | 0 | 0 | 1 | camera |  | -0.44918 | 0 | 0.893441 | -0.44918 | 0
SCRIPT       : DATA_LOG | 1233166 | 0dnbV3OoKZVSKsRjRsSreDYKOmPaMHd_PD7pjTKbIH4= | 12820 | 6.09487 | 10061 | 0.906702 | 0.421773 | 0 | AugShort | 0 | 29.618 | 265.985 | 0 | 1 | 0 | 0 | 0 | 0 | 0 | 1 | camera | Land_Garage_Row_Small | 0.906702 | 0 | 0.4217
SCRIPT       : DATA_LOG | 1234149 | aRapBi1cCZPZAGLIDny3dk3hQ8vTmNTLHRl8zxmKgQ0= | 12973 | 6.39491 | 10279.3 | -0.449182 | 0.89344 | 0 | Glock19 | 0 | 117.73 | 267.4 | 0 | 1 | 0 | 0 | 0 | 0 | 0 | 1 | camera |  | -0.449182 | -0 | 0.89344 | -0.449182 | 0 | 
SCRIPT       : DATA_LOG | 1234170 | 0dnbV3OoKZVSKsRjRsSreDYKOmPaMHd_PD7pjTKbIH4= | 12817.6 | 6.09493 | 10061.8 | -0.998642 | -0.0521053 | 0 | AugShort | 0 | 94.5153 | 455.194 | 0 | 1 | 0 | 0 | 0 | 0 | 0 | 1 | camera | Land_Garage_Row_Small | -0.998642 | 0
SCRIPT       : DATA_LOG | 1235151 | aRapBi1cCZPZAGLIDny3dk3hQ8vTmNTLHRl8zxmKgQ0= | 12973 | 6.39491 | 10279.3 | -0.449182 | 0.89344 | 0 | Glock19 | 0 | 117.039 | 267.86 | 0 | 1 | 0 | 0 | 0 | 0 | 0 | 1 | camera |  | -0.449182 | -0 | 0.89344 | -0.449182 | 0 
SCRIPT       : DATA_LOG | 1235167 | 0dnbV3OoKZVSKsRjRsSreDYKOmPaMHd_PD7pjTKbIH4= | 12814.6 | 6.0776 | 10063.3 | -0.998341 | -0.0575706 | 0 | AugShort | 0 | 94.5411 | 457.093 | 0 | 1 | 0 | 0 | 0 | 0 | 0 | 1 | camera | Land_Garage_Row_Small | -0.998341 | 0 
SCRIPT       : DATA_LOG | 1236151 | aRapBi1cCZPZAGLIDny3dk3hQ8vTmNTLHRl8zxmKgQ0= | 12973 | 6.39491 | 10279.3 | -0.449182 | 0.89344 | 0 | Glock19 | 0 | 116.768 | 270.293 | 0 | 1 | 0 | 0 | 0 | 0 | 0 | 1 | camera |  | -0.449182 | -0 | 0.89344 | -0.449182 | 0
SCRIPT       : DATA_LOG | 1236168 | 0dnbV3OoKZVSKsRjRsSreDYKOmPaMHd_PD7pjTKbIH4= | 12812 | 6.03498 | 10062.3 | 0.479684 | -0.877441 | 0 | AugShort | 0 | 17.4387 | 774.245 | 0 | 1 | 1 | 0 | 0 | 0 | 0 | 1 | camera | Land_Garage_Row_Small | 0.479684 | 0 | -0
SCRIPT       : DATA_LOG | 1237158 | aRapBi1cCZPZAGLIDny3dk3hQ8vTmNTLHRl8zxmKgQ0= | 12973 | 6.39491 | 10279.3 | -0.449182 | 0.89344 | 0 | Glock19 | 0 | 117.254 | 271.751 | 0 | 1 | 0 | 0 | 0 | 0 | 0 | 1 | camera |  | -0.449182 | -0 | 0.89344 | -0.449182 | 0
SCRIPT       : DATA_LOG | 1237174 | 0dnbV3OoKZVSKsRjRsSreDYKOmPaMHd_PD7pjTKbIH4= | 12813 | 6.03497 | 10059.7 | 0.698191 | -0.715911 | 0 | AugShort | 0 | 33.0908 | 771.469 | 0 | 1 | 1 | 0 | 0 | 0 | 0 | 1 | camera | Land_Garage_Row_Small | 0.698191 | 0 | -0
SCRIPT       : DATA_LOG | 1238322 | aRapBi1cCZPZAGLIDny3dk3hQ8vTmNTLHRl8zxmKgQ0= | 12973 | 6.39491 | 10279.3 | -0.449182 | 0.89344 | 0 | Glock19 | 0 | 117.251 | 270.705 | 0 | 1 | 0 | 0 | 0 | 0 | 0 | 1 | camera |  | -0.449182 | -0 | 0.89344 | -0.449182 | 0
SCRIPT       : DATA_LOG | 1238341 | 0dnbV3OoKZVSKsRjRsSreDYKOmPaMHd_PD7pjTKbIH4= | 12813.5 | 6.03495 | 10060.6 | 0.805601 | -0.592458 | 0 | AugShort | 0 | 42.5269 | 772.266 | 0 | 1 | 1 | 0 | 0 | 0 | 0 | 1 | camera | Land_Garage_Row_Small | 0.805601 | 0 | 
SCRIPT       : DATA_LOG | 1239324 | aRapBi1cCZPZAGLIDny3dk3hQ8vTmNTLHRl8zxmKgQ0= | 12973 | 6.39491 | 10279.3 | -0.449182 | 0.89344 | 0 | Glock19 | 0 | 117.137 | 272.573 | 0 | 1 | 0 | 0 | 0 | 0 | 0 | 1 | camera |  | -0.449182 | -0 | 0.89344 | -0.449182 | 0
SCRIPT       : DATA_LOG | 1239340 | 0dnbV3OoKZVSKsRjRsSreDYKOmPaMHd_PD7pjTKbIH4= | 12812 | 6.03498 | 10059.3 | 0.908134 | -0.41868 | 0 | AugShort | 0 | 53.9797 | 771.321 | 0 | 1 | 1 | 0 | 0 | 0 | 0 | 1 | camera | Land_Garage_Row_Small | 0.908134 | 0 | -0.
SCRIPT       : DATA_LOG | 1240321 | aRapBi1cCZPZAGLIDny3dk3hQ8vTmNTLHRl8zxmKgQ0= | 12973 | 6.39491 | 10279.3 | -0.449182 | 0.89344 | 0 | Glock19 | 0 | 117.713 | 270.575 | 0 | 1 | 0 | 0 | 0 | 0 | 0 | 1 | camera |  | -0.449182 | -0 | 0.89344 | -0.449182 | 0
SCRIPT       : DATA_LOG | 1240340 | 0dnbV3OoKZVSKsRjRsSreDYKOmPaMHd_PD7pjTKbIH4= | 12815.4 | 6.07952 | 10059.3 | 0.855002 | 0.518624 | 0 | AugShort | 0 | 23.1548 | 270.684 | 0 | 1 | 0 | 0 | 0 | 0 | 0 | 1 | camera | Land_Garage_Row_Small | 0.855002 | 0 | 0
SCRIPT       : DATA_LOG | 1241329 | aRapBi1cCZPZAGLIDny3dk3hQ8vTmNTLHRl8zxmKgQ0= | 12972.8 | 6.43315 | 10279.8 | -0.50647 | 0.862258 | 0 | Glock19 | 0 | 114.076 | 270.721 | 0 | 1 | 0 | 0 | 0 | 0 | 0 | 1 | camera |  | -0.50647 | 0 | 0.862258 | -0.50647 | 0
SCRIPT       : DATA_LOG | 1241351 | 0dnbV3OoKZVSKsRjRsSreDYKOmPaMHd_PD7pjTKbIH4= | 12815.5 | 6.07952 | 10059.4 | 0.855002 | 0.518625 | 0 | AugShort | 0 | 23.2892 | 270.885 | 0 | 1 | 0 | 0 | 0 | 0 | 0 | 1 | camera | Land_Garage_Row_Small | 0.855002 | 0 | 0
SCRIPT       : DATA_LOG | 1242331 | aRapBi1cCZPZAGLIDny3dk3hQ8vTmNTLHRl8zxmKgQ0= | 12970.5 | 6.80376 | 10282.8 | -0.360056 | -0.932931 | 0 | Glock19 | 0 | 13.1834 | 678.795 | 0 | 1 | 0 | 0 | 0 | 0 | 0 | 1 | camera |  | -0.360056 | 0 | -0.932931 | -0.36005
SCRIPT       : DATA_LOG | 1242354 | 0dnbV3OoKZVSKsRjRsSreDYKOmPaMHd_PD7pjTKbIH4= | 12815.5 | 6.07952 | 10059.4 | 0.855002 | 0.518625 | 0 | AugShort | 0 | 24.0412 | 271.804 | 0 | 1 | 0 | 0 | 0 | 0 | 0 | 1 | camera | Land_Garage_Row_Small | 0.855002 | 0 | 0
SCRIPT       : DATA_LOG | 1243325 | aRapBi1cCZPZAGLIDny3dk3hQ8vTmNTLHRl8zxmKgQ0= | 12968.7 | 7.16926 | 10285.5 | -0.460484 | -0.887668 | 0 | Glock19 | 0 | 6.50153 | 274.15 | 0 | 1 | 0 | 0 | 0 | 0 | 0 | 1 | camera |  | -0.460484 | 0 | -0.887668 | -0.460484
SCRIPT       : DATA_LOG | 1243344 | 0dnbV3OoKZVSKsRjRsSreDYKOmPaMHd_PD7pjTKbIH4= | 12815.7 | 6.07955 | 10057.8 | 0.232037 | 0.972707 | 0 | AugShort | 0 | 20.4903 | 274.249 | 0 | 1 | 0 | 0 | 0 | 0 | 0 | 1 | camera | Land_Garage_Row_Small | 0.232037 | 0 | 0
SCRIPT       : DATA_LOG | 1244328 | aRapBi1cCZPZAGLIDny3dk3hQ8vTmNTLHRl8zxmKgQ0= | 12968.7 | 7.17041 | 10285.5 | -0.460484 | -0.887668 | 0 | Glock19 | 0 | 6.18726 | 274.318 | 0 | 1 | 0 | 0 | 0 | 0 | 0 | 1 | camera |  | -0.460484 | 0 | -0.887668 | -0.46048
SCRIPT       : DATA_LOG | 1244346 | 0dnbV3OoKZVSKsRjRsSreDYKOmPaMHd_PD7pjTKbIH4= | 12816.9 | 6.07958 | 10057 | -0.988394 | 0.151913 | 0 | AugShort | 0 | 106.403 | 450.514 | 0 | 1 | 0 | 0 | 0 | 0 | 0 | 1 | camera | Land_Garage_Row_Small | -0.988394 | -0 | 
SCRIPT       : DATA_LOG | 1245327 | aRapBi1cCZPZAGLIDny3dk3hQ8vTmNTLHRl8zxmKgQ0= | 12967.2 | 7.32518 | 10285.9 | -0.121025 | -0.992649 | 0 | Glock19 | 0 | 0.66676 | 681.42 | 0 | 1 | 0 | 1 | 0 | 0 | 0 | 1 | camera |  | -0.121025 | 0 | -0.992649 | -0.121025
SCRIPT       : DATA_LOG | 1245341 | 0dnbV3OoKZVSKsRjRsSreDYKOmPaMHd_PD7pjTKbIH4= | 12816.9 | 6.07958 | 10057 | -0.988394 | 0.151913 | 0 | AugShort | 0 | 106.403 | 450.514 | 0 | 1 | 0 | 0 | 0 | 0 | 0 | 1 | camera | Land_Garage_Row_Small | -0.988394 | -0 | 
SCRIPT       : DATA_LOG | 1246328 | aRapBi1cCZPZAGLIDny3dk3hQ8vTmNTLHRl8zxmKgQ0= | 12965.3 | 7.435 | 10286.4 | -0.515534 | -0.856869 | 0 | Glock19 | 0 | 1.8818 | 273.175 | 0 | 1 | 0 | 1 | 0 | 0 | 0 | 1 | camera |  | -0.515534 | 0 | -0.856869 | -0.515534 |
SCRIPT       : DATA_LOG | 1246344 | 0dnbV3OoKZVSKsRjRsSreDYKOmPaMHd_PD7pjTKbIH4= | 12816.9 | 6.07958 | 10057 | -0.988394 | 0.151913 | 0 | AugShort | 0 | 106.403 | 450.514 | 0 | 1 | 0 | 0 | 0 | 0 | 0 | 1 | camera | Land_Garage_Row_Small | -0.988394 | -0 | 
SCRIPT       : DATA_LOG | 1247343 | aRapBi1cCZPZAGLIDny3dk3hQ8vTmNTLHRl8zxmKgQ0= | 12961.7 | 7.71507 | 10287.8 | -0.594215 | -0.804306 | 0 | Glock19 | 0 | 4.3442 | 272.478 | 0 | 1 | 0 | 1 | 0 | 0 | 0 | 1 | camera |  | -0.594215 | 0 | -0.804306 | -0.594215
SCRIPT       : DATA_LOG | 1247359 | 0dnbV3OoKZVSKsRjRsSreDYKOmPaMHd_PD7pjTKbIH4= | 12816.9 | 6.07958 | 10057 | -0.988394 | 0.151913 | 0 | AugShort | 0 | 106.403 | 450.514 | 0 | 1 | 0 | 0 | 0 | 0 | 0 | 1 | camera | Land_Garage_Row_Small | -0.988394 | -0 | 
SCRIPT       : DATA_LOG | 1248333 | aRapBi1cCZPZAGLIDny3dk3hQ8vTmNTLHRl8zxmKgQ0= | 12957.8 | 8.54124 | 10287.9 | 0.00377741 | -0.999993 | 0 | Glock19 | 0 | 0.291412 | 985.082 | 0 | 1 | 1 | 1 | 0 | 0 | 0 | 1 | camera | Land_House_1W01 | 0.00377741 | 0 | -0
SCRIPT       : DATA_LOG | 1248351 | 0dnbV3OoKZVSKsRjRsSreDYKOmPaMHd_PD7pjTKbIH4= | 12816.9 | 6.07958 | 10057 | -0.988394 | 0.151913 | 0 | AugShort | 0 | 106.403 | 450.514 | 0 | 1 | 0 | 0 | 0 | 0 | 0 | 1 | camera | Land_Garage_Row_Small | -0.988394 | -0 | 
SCRIPT       : DATA_LOG | 1249354 | aRapBi1cCZPZAGLIDny3dk3hQ8vTmNTLHRl8zxmKgQ0= | 12953.8 | 9.55592 | 10287.8 | 0.020041 | -0.999799 | 0 | Glock19 | 0 | 0.714637 | 985.037 | 0 | 1 | 1 | 1 | 0 | 0 | 0 | 1 | camera | Land_House_1W01 | 0.020041 | 0 | -0.999
SCRIPT       : DATA_LOG | 1249370 | 0dnbV3OoKZVSKsRjRsSreDYKOmPaMHd_PD7pjTKbIH4= | 12816.9 | 6.07958 | 10057 | -0.988394 | 0.151913 | 0 | AugShort | 0 | 106.403 | 450.514 | 0 | 1 | 0 | 0 | 0 | 0 | 0 | 1 | camera | Land_Garage_Row_Small | -0.988394 | -0 | 
SCRIPT       : DATA_LOG | 1250333 | aRapBi1cCZPZAGLIDny3dk3hQ8vTmNTLHRl8zxmKgQ0= | 12950.5 | 10.2149 | 10288.7 | -0.491552 | -0.870848 | 0 | Glock19 | 0 | 0.765662 | 267.536 | 0 | 1 | 0 | 1 | 0 | 0 | 0 | 1 | camera | TreeHard_t_PiceaAbies_2s | -0.491552 |
SCRIPT       : DATA_LOG | 1250348 | 0dnbV3OoKZVSKsRjRsSreDYKOmPaMHd_PD7pjTKbIH4= | 12816.9 | 6.07958 | 10057 | -0.988394 | 0.151913 | 0 | AugShort | 0 | 106.403 | 450.514 | 0 | 1 | 0 | 0 | 0 | 0 | 0 | 1 | camera | Land_Garage_Row_Small | -0.988394 | -0 | 
SCRIPT       : DATA_LOG | 1251335 | aRapBi1cCZPZAGLIDny3dk3hQ8vTmNTLHRl8zxmKgQ0= | 12947.6 | 10.5418 | 10287.4 | -0.48882 | -0.872385 | 0 | Glock19 | 0 | 0.697174 | 264.87 | 0 | 1 | 0 | 1 | 0 | 0 | 0 | 1 | camera | TreeHard_t_PiceaAbies_2s | -0.48882 | 0 
SCRIPT       : DATA_LOG | 1251349 | 0dnbV3OoKZVSKsRjRsSreDYKOmPaMHd_PD7pjTKbIH4= | 12816.9 | 6.07958 | 10057 | -0.988394 | 0.151913 | 0 | AugShort | 0 | 106.403 | 450.514 | 0 | 1 | 0 | 0 | 0 | 0 | 0 | 1 | camera | Land_Garage_Row_Small | -0.988394 | -0 | 
SCRIPT       : DATA_LOG | 1252335 | aRapBi1cCZPZAGLIDny3dk3hQ8vTmNTLHRl8zxmKgQ0= | 12944.1 | 10.7518 | 10285.5 | -0.688812 | -0.72494 | 0 | Glock19 | 0 | 14.4263 | 261.587 | 0 | 1 | 0 | 0 | 0 | 0 | 0 | 1 | camera | TreeHard_t_PiceaAbies_2s | -0.688812 | 0
SCRIPT       : DATA_LOG | 1252351 | 0dnbV3OoKZVSKsRjRsSreDYKOmPaMHd_PD7pjTKbIH4= | 12816.9 | 6.07958 | 10057 | -0.988394 | 0.151913 | 0 | AugShort | 0 | 106.403 | 450.514 | 0 | 1 | 0 | 0 | 0 | 0 | 0 | 1 | camera | Land_Garage_Row_Small | -0.988394 | -0 | 
SCRIPT       : DATA_LOG | 1253337 | aRapBi1cCZPZAGLIDny3dk3hQ8vTmNTLHRl8zxmKgQ0= | 12940.8 | 10.5055 | 10283.5 | -0.630597 | -0.77611 | 0 | Glock19 | 0 | 10.4242 | 258.17 | 0 | 1 | 0 | 0 | 0 | 0 | 0 | 1 | camera | TreeHard_t_PiceaAbies_2s | -0.630597 | 0 
SCRIPT       : DATA_LOG | 1253352 | 0dnbV3OoKZVSKsRjRsSreDYKOmPaMHd_PD7pjTKbIH4= | 12816.9 | 6.07958 | 10057 | -0.988394 | 0.151913 | 0 | AugShort | 0 | 106.403 | 450.514 | 0 | 1 | 0 | 0 | 0 | 0 | 0 | 1 | camera | Land_Garage_Row_Small | -0.988394 | -0 | 
SCRIPT       : DATA_LOG | 1254341 | aRapBi1cCZPZAGLIDny3dk3hQ8vTmNTLHRl8zxmKgQ0= | 12938 | 10.2953 | 10282 | -0.398284 | -0.917262 | 0 | Glock19 | 0 | 4.87074 | 255.508 | 0 | 1 | 0 | 1 | 0 | 0 | 0 | 1 | camera | Land_House_1W01 | -0.398284 | 0 | -0.917262
SCRIPT       : DATA_LOG | 1254357 | 0dnbV3OoKZVSKsRjRsSreDYKOmPaMHd_PD7pjTKbIH4= | 12816.9 | 6.07958 | 10057 | -0.988394 | 0.151913 | 0 | AugShort | 0 | 106.403 | 450.514 | 0 | 1 | 0 | 0 | 0 | 0 | 0 | 1 | camera | Land_Garage_Row_Small | -0.988394 | -0 | 
SCRIPT       : DATA_LOG | 1255341 | aRapBi1cCZPZAGLIDny3dk3hQ8vTmNTLHRl8zxmKgQ0= | 12938 | 10.2953 | 10282 | -0.398284 | -0.917262 | 0 | Glock19 | 0 | 4.88964 | 255.544 | 0 | 1 | 0 | 1 | 0 | 0 | 0 | 1 | camera | Land_House_1W01 | -0.398284 | 0 | -0.917262
SCRIPT       : DATA_LOG | 1255356 | 0dnbV3OoKZVSKsRjRsSreDYKOmPaMHd_PD7pjTKbIH4= | 12816.8 | 6.07958 | 10057 | -0.996399 | 0.0847929 | 0 | AugShort | 0 | 102.541 | 450.533 | 0 | 1 | 0 | 0 | 0 | 0 | 0 | 1 | camera | Land_Garage_Row_Small | -0.996399 | 0 | 
SCRIPT       : DATA_LOG | 1256351 | aRapBi1cCZPZAGLIDny3dk3hQ8vTmNTLHRl8zxmKgQ0= | 12938.7 | 10.513 | 10283.6 | -0.39812 | -0.917333 | 0 | Glock19 | 0 | 5.6049 | 257.341 | 0 | 1 | 0 | 0 | 0 | 0 | 0 | 1 | camera | Land_House_1W01 | -0.39812 | 0 | -0.917333
SCRIPT       : DATA_LOG | 1256366 | 0dnbV3OoKZVSKsRjRsSreDYKOmPaMHd_PD7pjTKbIH4= | 12814 | 6.07952 | 10058.6 | -0.997938 | -0.0641902 | 0 | AugShort | 0 | 94.3214 | 452.477 | 0 | 1 | 0 | 0 | 0 | 0 | 0 | 1 | camera | Land_Garage_Row_Small | -0.997938 | 0 |
SCRIPT       : DATA_LOG | 1257351 | aRapBi1cCZPZAGLIDny3dk3hQ8vTmNTLHRl8zxmKgQ0= | 12938.5 | 10.7786 | 10285.9 | -0.39812 | -0.917333 | 0 | Glock19 | 0 | 5.83331 | 261.348 | 0 | 1 | 0 | 0 | 0 | 0 | 0 | 1 | camera | TreeSoft_t_BetulaPendula_1f | -0.39812 |
SCRIPT       : DATA_LOG | 1257368 | 0dnbV3OoKZVSKsRjRsSreDYKOmPaMHd_PD7pjTKbIH4= | 12810.9 | 6.03499 | 10058 | -0.285068 | -0.958507 | 0 | AugShort | 0 | 24.9676 | 452.372 | 0 | 1 | 0 | 0 | 0 | 0 | 0 | 1 | camera | Land_Garage_Row_Small | -0.285068 | 0 | 
SCRIPT       : DATA_LOG | 1258355 | aRapBi1cCZPZAGLIDny3dk3hQ8vTmNTLHRl8zxmKgQ0= | 12938.5 | 10.7786 | 10285.9 | -0.39812 | -0.917333 | 0 | Glock19 | 0 | 5.49736 | 263.388 | 0 | 1 | 0 | 0 | 0 | 0 | 0 | 1 | camera | TreeSoft_t_BetulaPendula_1f | -0.39812 |
SCRIPT       : DATA_LOG | 1258374 | 0dnbV3OoKZVSKsRjRsSreDYKOmPaMHd_PD7pjTKbIH4= | 12811.1 | 6.02285 | 10055.4 | 0.732079 | -0.68122 | 0 | AugShort | 0 | 35.6666 | 767.691 | 0 | 1 | 1 | 0 | 0 | 0 | 0 | 1 | camera | Land_Garage_Row_Small | 0.732079 | 0 | -
SCRIPT       : DATA_LOG | 1259355 | aRapBi1cCZPZAGLIDny3dk3hQ8vTmNTLHRl8zxmKgQ0= | 12938.5 | 10.7786 | 10285.9 | -0.138191 | -0.990406 | 0 | Glock19 | 0 | 2.76711 | 678.196 | 0 | 1 | 0 | 1 | 0 | 0 | 0 | 1 | camera | TreeHard_t_PiceaAbies_2s | -0.138191 | 
SCRIPT       : DATA_LOG | 1259370 | 0dnbV3OoKZVSKsRjRsSreDYKOmPaMHd_PD7pjTKbIH4= | 12810.4 | 6.00625 | 10054.1 | 0.899411 | -0.437104 | 0 | AugShort | 0 | 52.6203 | 766.54 | 0 | 1 | 1 | 0 | 0 | 0 | 0 | 1 | camera | Land_Garage_Row_Small | 0.899411 | 0 | -
SCRIPT       : DATA_LOG | 1260356 | aRapBi1cCZPZAGLIDny3dk3hQ8vTmNTLHRl8zxmKgQ0= | 12941.6 | 10.7988 | 10286 | 0.942624 | -0.333857 | 0 | Glock19 | 0 | 69.2629 | 983.427 | 0 | 1 | 1 | 0 | 0 | 0 | 0 | 1 | camera | TreeHard_t_PiceaAbies_2s | 0.942624 | 0 | 
SCRIPT       : DATA_LOG | 1260371 | 0dnbV3OoKZVSKsRjRsSreDYKOmPaMHd_PD7pjTKbIH4= | 12812.7 | 6.07957 | 10053.9 | 0.690447 | -0.723383 | 0 | AugShort | 0 | 32.3711 | 765.916 | 0 | 1 | 1 | 0 | 0 | 0 | 0 | 1 | camera | Land_Garage_Row_Small | 0.690447 | 0 | 
SCRIPT       : DATA_LOG | 1261359 | aRapBi1cCZPZAGLIDny3dk3hQ8vTmNTLHRl8zxmKgQ0= | 12941.9 | 10.8726 | 10286.6 | 0.942619 | -0.33387 | 0 | Glock19 | 0 | 69.2796 | 984.037 | 0 | 1 | 1 | 0 | 0 | 0 | 0 | 1 | camera | TreeHard_t_PiceaAbies_2s | 0.942619 | 0 |
SCRIPT       : DATA_LOG | 1261378 | 0dnbV3OoKZVSKsRjRsSreDYKOmPaMHd_PD7pjTKbIH4= | 12815.3 | 6.07961 | 10053 | 0.9777 | 0.210008 | 0 | AugShort | 0 | 49.4345 | 265.755 | 0 | 1 | 0 | 0 | 0 | 0 | 0 | 1 | camera | Land_Garage_Row_Small | 0.9777 | 0 | 0.21000
SCRIPT       : DATA_LOG | 1262362 | aRapBi1cCZPZAGLIDny3dk3hQ8vTmNTLHRl8zxmKgQ0= | 12941.9 | 10.8726 | 10286.6 | 0.942619 | -0.33387 | 0 | Glock19 | 0 | 69.2793 | 984.032 | 0 | 1 | 1 | 0 | 0 | 0 | 0 | 1 | camera | TreeHard_t_PiceaAbies_2s | 0.942619 | 0 |
SCRIPT       : DATA_LOG | 1262380 | 0dnbV3OoKZVSKsRjRsSreDYKOmPaMHd_PD7pjTKbIH4= | 12817.2 | 6.0796 | 10052.4 | 0.853144 | -0.521676 | 0 | AugShort | 0 | 47.567 | 763.567 | 0 | 1 | 1 | 0 | 0 | 0 | 0 | 1 | camera | Land_Garage_Row_Small | 0.853144 | 0 | -0
SCRIPT       : DATA_LOG | 1263361 | aRapBi1cCZPZAGLIDny3dk3hQ8vTmNTLHRl8zxmKgQ0= | 12941.9 | 10.8726 | 10286.6 | 0.942619 | -0.33387 | 0 | Glock19 | 0 | 69.2792 | 984.033 | 0 | 1 | 1 | 0 | 0 | 0 | 0 | 1 | camera | TreeHard_t_PiceaAbies_2s | 0.942619 | 0 |
SCRIPT       : DATA_LOG | 1263377 | 0dnbV3OoKZVSKsRjRsSreDYKOmPaMHd_PD7pjTKbIH4= | 12816.6 | 6.07961 | 10052.4 | -0.471265 | -0.881992 | 0 | AugShort | 0 | 35.9006 | 446.01 | 0 | 1 | 0 | 0 | 0 | 0 | 0 | 1 | camera | Land_Garage_Row_Small | -0.471265 | 0 |
SCRIPT       : DATA_LOG | 1264361 | aRapBi1cCZPZAGLIDny3dk3hQ8vTmNTLHRl8zxmKgQ0= | 12941.9 | 10.8726 | 10286.6 | 0.942619 | -0.33387 | 0 | Glock19 | 0 | 69.2794 | 984.04 | 0 | 1 | 1 | 0 | 0 | 0 | 0 | 1 | camera | TreeHard_t_PiceaAbies_2s | 0.942619 | 0 | 
SCRIPT       : DATA_LOG | 1264376 | 0dnbV3OoKZVSKsRjRsSreDYKOmPaMHd_PD7pjTKbIH4= | 12815.2 | 6.07963 | 10052.8 | -0.997332 | -0.073003 | 0 | none | 0 | 93.7678 | 446.555 | 0 | 1 | 0 | 0 | 0 | 0 | 0 | 1 | camera | Land_Garage_Row_Small | -0.997332 | 0 | -0
SCRIPT       : DATA_LOG | 1265362 | aRapBi1cCZPZAGLIDny3dk3hQ8vTmNTLHRl8zxmKgQ0= | 12941.9 | 10.8726 | 10286.6 | 0.942619 | -0.33387 | 0 | Glock19 | 0 | 69.2794 | 984.027 | 0 | 1 | 1 | 0 | 0 | 0 | 0 | 1 | camera | TreeHard_t_PiceaAbies_2s | 0.942619 | 0 |
SCRIPT       : DATA_LOG | 1265381 | 0dnbV3OoKZVSKsRjRsSreDYKOmPaMHd_PD7pjTKbIH4= | 12815.2 | 6.07963 | 10052.8 | -0.997332 | -0.0730031 | 0 | none | 0 | 93.7678 | 446.555 | 0 | 1 | 0 | 0 | 0 | 0 | 0 | 1 | camera | Land_Garage_Row_Small | -0.997332 | 0 | -
SCRIPT       : DATA_LOG | 1266365 | aRapBi1cCZPZAGLIDny3dk3hQ8vTmNTLHRl8zxmKgQ0= | 12941.9 | 10.8726 | 10286.6 | 0.942619 | -0.33387 | 0 | Glock19 | 0 | 69.2798 | 984.047 | 0 | 1 | 1 | 0 | 0 | 0 | 0 | 1 | camera | TreeHard_t_PiceaAbies_2s | 0.942619 | 0 |
SCRIPT       : DATA_LOG | 1266382 | 0dnbV3OoKZVSKsRjRsSreDYKOmPaMHd_PD7pjTKbIH4= | 12815.2 | 6.07963 | 10052.8 | -0.997332 | -0.0730031 | 0 | none | 0 | 93.7678 | 446.555 | 0 | 1 | 0 | 0 | 0 | 0 | 0 | 1 | camera | Land_Garage_Row_Small | -0.997332 | 0 | -
SCRIPT       : DATA_LOG | 1267401 | aRapBi1cCZPZAGLIDny3dk3hQ8vTmNTLHRl8zxmKgQ0= | 12941.9 | 10.8726 | 10286.6 | 0.942619 | -0.33387 | 0 | Glock19 | 0 | 69.2795 | 984.033 | 0 | 1 | 1 | 0 | 0 | 0 | 0 | 1 | camera | TreeHard_t_PiceaAbies_2s | 0.942619 | 0 |
SCRIPT       : DATA_LOG | 1267416 | 0dnbV3OoKZVSKsRjRsSreDYKOmPaMHd_PD7pjTKbIH4= | 12815.2 | 6.07963 | 10052.8 | -0.997332 | -0.073003 | 0 | none | 0 | 93.7678 | 446.555 | 0 | 1 | 0 | 0 | 0 | 0 | 0 | 1 | camera | Land_Garage_Row_Small | -0.997332 | 0 | -0
   SCRIPT       : [inv] ReplaceItemWithNewLambdaBase Step B) remove OK, loc={ type=HANDS item=Pate:20261 parent=SurvivorM_Boris:20258:INSTANCETYPE_SERVER }
SCRIPT       : DATA_LOG | 1268400 | aRapBi1cCZPZAGLIDny3dk3hQ8vTmNTLHRl8zxmKgQ0= | 12941.9 | 10.8726 | 10286.6 | 0.942619 | -0.33387 | 0 | Glock19 | 0 | 69.2796 | 984.035 | 0 | 1 | 1 | 0 | 0 | 0 | 0 | 1 | camera | TreeHard_t_PiceaAbies_2s | 0.942619 | 0 |
SCRIPT       : DATA_LOG | 1268415 | 0dnbV3OoKZVSKsRjRsSreDYKOmPaMHd_PD7pjTKbIH4= | 12815.2 | 6.07963 | 10052.8 | -0.997332 | -0.073003 | 0 | none | 0 | 93.7678 | 446.555 | 0 | 1 | 0 | 0 | 0 | 0 | 0 | 1 | camera | Land_Garage_Row_Small | -0.997332 | 0 | -0
SCRIPT       : DATA_LOG | 1269403 | aRapBi1cCZPZAGLIDny3dk3hQ8vTmNTLHRl8zxmKgQ0= | 12941.9 | 10.8726 | 10286.6 | 0.942619 | -0.33387 | 0 | Glock19 | 0 | 69.2793 | 984.034 | 0 | 1 | 1 | 0 | 0 | 0 | 0 | 1 | camera | TreeHard_t_PiceaAbies_2s | 0.942619 | 0 |
SCRIPT       : DATA_LOG | 1269417 | 0dnbV3OoKZVSKsRjRsSreDYKOmPaMHd_PD7pjTKbIH4= | 12815.2 | 6.07963 | 10052.8 | -0.997332 | -0.073003 | 0 | none | 0 | 93.7678 | 446.555 | 0 | 1 | 0 | 0 | 0 | 0 | 0 | 1 | camera | Land_Garage_Row_Small | -0.997332 | 0 | -0
SCRIPT       : DATA_LOG | 1270407 | aRapBi1cCZPZAGLIDny3dk3hQ8vTmNTLHRl8zxmKgQ0= | 12941.9 | 10.8726 | 10286.6 | 0.942619 | -0.33387 | 0 | Glock19 | 0 | 69.2792 | 984.031 | 0 | 1 | 1 | 0 | 0 | 0 | 0 | 1 | camera | TreeHard_t_PiceaAbies_2s | 0.942619 | 0 |
SCRIPT       : DATA_LOG | 1270422 | 0dnbV3OoKZVSKsRjRsSreDYKOmPaMHd_PD7pjTKbIH4= | 12815.2 | 6.07963 | 10052.8 | -0.997332 | -0.073003 | 0 | none | 0 | 93.7678 | 446.555 | 0 | 1 | 0 | 0 | 0 | 0 | 0 | 1 | camera | Land_Garage_Row_Small | -0.997332 | 0 | -0
SCRIPT       : DATA_LOG | 1271407 | aRapBi1cCZPZAGLIDny3dk3hQ8vTmNTLHRl8zxmKgQ0= | 12941.9 | 10.8726 | 10286.6 | 0.942619 | -0.33387 | 0 | Glock19 | 0 | 69.2794 | 984.04 | 0 | 1 | 1 | 0 | 0 | 0 | 0 | 1 | camera | TreeHard_t_PiceaAbies_2s | 0.942619 | 0 | 
SCRIPT       : DATA_LOG | 1271425 | 0dnbV3OoKZVSKsRjRsSreDYKOmPaMHd_PD7pjTKbIH4= | 12815.2 | 6.07963 | 10052.8 | -0.997332 | -0.073003 | 0 | none | 0 | 93.7678 | 446.555 | 0 | 1 | 0 | 0 | 0 | 0 | 0 | 1 | camera | Land_Garage_Row_Small | -0.997332 | 0 | -0
SCRIPT       : DATA_LOG | 1272407 | aRapBi1cCZPZAGLIDny3dk3hQ8vTmNTLHRl8zxmKgQ0= | 12941.9 | 10.8726 | 10286.6 | 0.942619 | -0.33387 | 0 | Glock19 | 0 | 69.2794 | 984.026 | 0 | 1 | 1 | 0 | 0 | 0 | 0 | 1 | camera | TreeHard_t_PiceaAbies_2s | 0.942619 | 0 |
SCRIPT       : DATA_LOG | 1272422 | 0dnbV3OoKZVSKsRjRsSreDYKOmPaMHd_PD7pjTKbIH4= | 12815.2 | 6.07963 | 10052.8 | -0.997332 | -0.0730031 | 0 | none | 0 | 93.7678 | 446.555 | 0 | 1 | 0 | 0 | 0 | 0 | 0 | 1 | camera | Land_Garage_Row_Small | -0.997332 | 0 | -
SCRIPT       : DATA_LOG | 1273410 | aRapBi1cCZPZAGLIDny3dk3hQ8vTmNTLHRl8zxmKgQ0= | 12941.9 | 10.8726 | 10286.6 | 0.942619 | -0.33387 | 0 | Glock19 | 0 | 69.2798 | 984.045 | 0 | 1 | 1 | 0 | 0 | 0 | 0 | 1 | camera | TreeHard_t_PiceaAbies_2s | 0.942619 | 0 |
SCRIPT       : DATA_LOG | 1273428 | 0dnbV3OoKZVSKsRjRsSreDYKOmPaMHd_PD7pjTKbIH4= | 12815.2 | 6.07963 | 10052.8 | -0.997332 | -0.0730031 | 0 | none | 0 | 93.7678 | 446.555 | 0 | 1 | 0 | 0 | 0 | 0 | 0 | 1 | camera | Land_Garage_Row_Small | -0.997332 | 0 | -
SCRIPT       : DATA_LOG | 1274410 | aRapBi1cCZPZAGLIDny3dk3hQ8vTmNTLHRl8zxmKgQ0= | 12941.9 | 10.8726 | 10286.6 | 0.942619 | -0.33387 | 0 | Glock19 | 0 | 69.2796 | 984.035 | 0 | 1 | 1 | 0 | 0 | 0 | 0 | 1 | camera | TreeHard_t_PiceaAbies_2s | 0.942619 | 0 |
SCRIPT       : DATA_LOG | 1274423 | 0dnbV3OoKZVSKsRjRsSreDYKOmPaMHd_PD7pjTKbIH4= | 12815.2 | 6.07963 | 10052.8 | -0.997332 | -0.0730031 | 0 | none | 0 | 93.7678 | 446.555 | 0 | 1 | 0 | 0 | 0 | 0 | 0 | 1 | camera | Land_Garage_Row_Small | -0.997332 | 0 | -
SCRIPT       : DATA_LOG | 1275415 | aRapBi1cCZPZAGLIDny3dk3hQ8vTmNTLHRl8zxmKgQ0= | 12941.9 | 10.8726 | 10286.6 | 0.942619 | -0.33387 | 0 | Glock19 | 0 | 69.2795 | 984.033 | 0 | 1 | 1 | 0 | 0 | 0 | 0 | 1 | camera | TreeHard_t_PiceaAbies_2s | 0.942619 | 0 |
SCRIPT       : DATA_LOG | 1275433 | 0dnbV3OoKZVSKsRjRsSreDYKOmPaMHd_PD7pjTKbIH4= | 12815.2 | 6.07963 | 10052.8 | -0.997332 | -0.0730031 | 0 | none | 0 | 93.7678 | 446.555 | 0 | 1 | 0 | 0 | 0 | 0 | 0 | 1 | camera | Land_Garage_Row_Small | -0.997332 | 0 | -
SCRIPT       : DATA_LOG | 1276414 | aRapBi1cCZPZAGLIDny3dk3hQ8vTmNTLHRl8zxmKgQ0= | 12941.9 | 10.8726 | 10286.6 | 0.942619 | -0.33387 | 0 | Glock19 | 0 | 69.2794 | 984.034 | 0 | 1 | 1 | 0 | 0 | 0 | 0 | 1 | camera | TreeHard_t_PiceaAbies_2s | 0.942619 | 0 |
SCRIPT       : DATA_LOG | 1276430 | 0dnbV3OoKZVSKsRjRsSreDYKOmPaMHd_PD7pjTKbIH4= | 12815.2 | 6.07963 | 10052.8 | -0.997332 | -0.0730031 | 0 | none | 0 | 93.7678 | 446.555 | 0 | 1 | 0 | 0 | 0 | 0 | 0 | 1 | camera | Land_Garage_Row_Small | -0.997332 | 0 | -
SCRIPT       : DATA_LOG | 1277413 | aRapBi1cCZPZAGLIDny3dk3hQ8vTmNTLHRl8zxmKgQ0= | 12941.9 | 10.8726 | 10286.6 | 0.942619 | -0.33387 | 0 | Glock19 | 0 | 69.2792 | 984.031 | 0 | 1 | 1 | 0 | 0 | 0 | 0 | 1 | camera | TreeHard_t_PiceaAbies_2s | 0.942619 | 0 |
SCRIPT       : DATA_LOG | 1277432 | 0dnbV3OoKZVSKsRjRsSreDYKOmPaMHd_PD7pjTKbIH4= | 12815.2 | 6.07963 | 10052.8 | -0.997332 | -0.0730031 | 0 | none | 0 | 93.7678 | 446.555 | 0 | 1 | 0 | 0 | 0 | 0 | 0 | 1 | camera | Land_Garage_Row_Small | -0.997332 | 0 | -
SCRIPT       : DATA_LOG | 1278412 | aRapBi1cCZPZAGLIDny3dk3hQ8vTmNTLHRl8zxmKgQ0= | 12941.9 | 10.8726 | 10286.6 | 0.942619 | -0.33387 | 0 | Glock19 | 0 | 69.2794 | 984.039 | 0 | 1 | 1 | 0 | 0 | 0 | 0 | 1 | camera | TreeHard_t_PiceaAbies_2s | 0.942619 | 0 |
SCRIPT       : DATA_LOG | 1278427 | 0dnbV3OoKZVSKsRjRsSreDYKOmPaMHd_PD7pjTKbIH4= | 12815.2 | 6.07963 | 10052.8 | -0.997332 | -0.0730031 | 0 | none | 0 | 93.7678 | 446.555 | 0 | 1 | 0 | 0 | 0 | 0 | 0 | 1 | camera | Land_Garage_Row_Small | -0.997332 | 0 | -
SCRIPT       : DATA_LOG | 1279418 | aRapBi1cCZPZAGLIDny3dk3hQ8vTmNTLHRl8zxmKgQ0= | 12941.9 | 10.8726 | 10286.6 | 0.942619 | -0.33387 | 0 | Glock19 | 0 | 69.2793 | 984.027 | 0 | 1 | 1 | 0 | 0 | 0 | 0 | 1 | camera | TreeHard_t_PiceaAbies_2s | 0.942619 | 0 |
SCRIPT       : DATA_LOG | 1279433 | 0dnbV3OoKZVSKsRjRsSreDYKOmPaMHd_PD7pjTKbIH4= | 12815.2 | 6.07963 | 10052.8 | -0.997332 | -0.073003 | 0 | none | 0 | 93.7678 | 446.555 | 0 | 1 | 0 | 0 | 0 | 0 | 0 | 1 | camera | Land_Garage_Row_Small | -0.997332 | 0 | -0
SCRIPT       : DATA_LOG | 1280418 | aRapBi1cCZPZAGLIDny3dk3hQ8vTmNTLHRl8zxmKgQ0= | 12941.9 | 10.8726 | 10286.6 | 0.942619 | -0.33387 | 0 | Glock19 | 0 | 69.2798 | 984.042 | 0 | 1 | 1 | 0 | 0 | 0 | 0 | 1 | camera | TreeHard_t_PiceaAbies_2s | 0.942619 | 0 |
SCRIPT       : DATA_LOG | 1280437 | 0dnbV3OoKZVSKsRjRsSreDYKOmPaMHd_PD7pjTKbIH4= | 12815.2 | 6.07963 | 10052.8 | -0.997332 | -0.073003 | 0 | none | 0 | 93.7678 | 446.555 | 0 | 1 | 0 | 0 | 0 | 0 | 0 | 1 | camera | Land_Garage_Row_Small | -0.997332 | 0 | -0
SCRIPT       : DATA_LOG | 1281416 | aRapBi1cCZPZAGLIDny3dk3hQ8vTmNTLHRl8zxmKgQ0= | 12941.9 | 10.8726 | 10286.6 | 0.942619 | -0.33387 | 0 | Glock19 | 0 | 69.2796 | 984.038 | 0 | 1 | 1 | 0 | 0 | 0 | 0 | 1 | camera | TreeHard_t_PiceaAbies_2s | 0.942619 | 0 |
SCRIPT       : DATA_LOG | 1281431 | 0dnbV3OoKZVSKsRjRsSreDYKOmPaMHd_PD7pjTKbIH4= | 12815.2 | 6.07963 | 10052.8 | -0.997332 | -0.073003 | 0 | none | 0 | 93.7678 | 446.555 | 0 | 1 | 0 | 0 | 0 | 0 | 0 | 1 | camera | Land_Garage_Row_Small | -0.997332 | 0 | -0
SCRIPT       : DATA_LOG | 1282418 | aRapBi1cCZPZAGLIDny3dk3hQ8vTmNTLHRl8zxmKgQ0= | 12941.9 | 10.8726 | 10286.6 | 0.942619 | -0.33387 | 0 | Glock19 | 0 | 69.2794 | 984.031 | 0 | 1 | 1 | 0 | 0 | 0 | 0 | 1 | camera | TreeHard_t_PiceaAbies_2s | 0.942619 | 0 |
SCRIPT       : DATA_LOG | 1282435 | 0dnbV3OoKZVSKsRjRsSreDYKOmPaMHd_PD7pjTKbIH4= | 12815.2 | 6.07963 | 10052.8 | -0.997332 | -0.073003 | 0 | none | 0 | 93.7678 | 446.555 | 0 | 1 | 0 | 0 | 0 | 0 | 0 | 1 | camera | Land_Garage_Row_Small | -0.997332 | 0 | -0
SCRIPT       : DATA_LOG | 1283418 | aRapBi1cCZPZAGLIDny3dk3hQ8vTmNTLHRl8zxmKgQ0= | 12941.9 | 10.8726 | 10286.6 | 0.942619 | -0.33387 | 0 | Glock19 | 0 | 69.2795 | 984.035 | 0 | 1 | 1 | 0 | 0 | 0 | 0 | 1 | camera | TreeHard_t_PiceaAbies_2s | 0.942619 | 0 |
SCRIPT       : DATA_LOG | 1283434 | 0dnbV3OoKZVSKsRjRsSreDYKOmPaMHd_PD7pjTKbIH4= | 12815.2 | 6.07963 | 10052.8 | -0.997332 | -0.073003 | 0 | none | 0 | 93.7678 | 446.555 | 0 | 1 | 0 | 0 | 0 | 0 | 0 | 1 | camera | Land_Garage_Row_Small | -0.997332 | 0 | -0
SCRIPT       : DATA_LOG | 1284425 | aRapBi1cCZPZAGLIDny3dk3hQ8vTmNTLHRl8zxmKgQ0= | 12942 | 10.8642 | 10286.6 | -0.205726 | -0.97861 | 0 | Glock19 | 0 | 6.38823 | 679.191 | 0 | 1 | 0 | 0 | 0 | 0 | 0 | 1 | camera | TreeHard_t_PiceaAbies_2s | -0.205726 | 0 |
SCRIPT       : DATA_LOG | 1284441 | 0dnbV3OoKZVSKsRjRsSreDYKOmPaMHd_PD7pjTKbIH4= | 12815.2 | 6.07963 | 10052.8 | -0.997332 | -0.0730031 | 0 | none | 0 | 93.7678 | 446.555 | 0 | 1 | 0 | 0 | 0 | 0 | 0 | 1 | camera | Land_Garage_Row_Small | -0.997332 | 0 | -
SCRIPT       : DATA_LOG | 1285421 | aRapBi1cCZPZAGLIDny3dk3hQ8vTmNTLHRl8zxmKgQ0= | 12942.4 | 10.8523 | 10286.5 | -0.233301 | -0.972405 | 0 | Glock19 | 0 | 7.97494 | 679.109 | 0 | 1 | 0 | 0 | 0 | 0 | 0 | 1 | camera | TreeHard_t_PiceaAbies_2s | -0.233301 | 
SCRIPT       : DATA_LOG | 1285437 | 0dnbV3OoKZVSKsRjRsSreDYKOmPaMHd_PD7pjTKbIH4= | 12815.2 | 6.07963 | 10052.8 | -0.997332 | -0.0730031 | 0 | none | 0 | 93.7678 | 446.555 | 0 | 1 | 0 | 0 | 0 | 0 | 0 | 1 | camera | Land_Garage_Row_Small | -0.997332 | 0 | -
SCRIPT       : DATA_LOG | 1286422 | aRapBi1cCZPZAGLIDny3dk3hQ8vTmNTLHRl8zxmKgQ0= | 12942.5 | 10.8757 | 10286.6 | -0.396249 | -0.918143 | 0 | Glock19 | 0 | 5.26295 | 266.284 | 0 | 1 | 0 | 0 | 0 | 0 | 0 | 1 | camera | TreeHard_t_PiceaAbies_2s | -0.396249 | 
SCRIPT       : DATA_LOG | 1286437 | 0dnbV3OoKZVSKsRjRsSreDYKOmPaMHd_PD7pjTKbIH4= | 12815.2 | 6.07963 | 10052.8 | -0.997332 | -0.0730031 | 0 | none | 0 | 93.7678 | 446.555 | 0 | 1 | 0 | 0 | 0 | 0 | 0 | 1 | camera | Land_Garage_Row_Small | -0.997332 | 0 | -
SCRIPT       : DATA_LOG | 1287421 | aRapBi1cCZPZAGLIDny3dk3hQ8vTmNTLHRl8zxmKgQ0= | 12943.9 | 11.1915 | 10289.2 | -0.48293 | -0.875659 | 0 | Glock19 | 0 | 0.819961 | 269.208 | 0 | 1 | 0 | 1 | 0 | 0 | 0 | 1 | camera | TreeHard_t_PiceaAbies_2s | -0.48293 | 0
SCRIPT       : DATA_LOG | 1287433 | 0dnbV3OoKZVSKsRjRsSreDYKOmPaMHd_PD7pjTKbIH4= | 12815.2 | 6.07963 | 10052.8 | -0.997332 | -0.0730031 | 0 | none | 0 | 93.7678 | 446.555 | 0 | 1 | 0 | 0 | 0 | 0 | 0 | 1 | camera | Land_Garage_Row_Small | -0.997332 | 0 | -
SCRIPT       : DATA_LOG | 1288424 | aRapBi1cCZPZAGLIDny3dk3hQ8vTmNTLHRl8zxmKgQ0= | 12944.1 | 11.3309 | 10292.3 | -0.48293 | -0.875659 | 0 | Glock19 | 0 | 0.979388 | 272.026 | 0 | 1 | 0 | 1 | 0 | 0 | 0 | 1 | camera | Land_House_1W01 | -0.48293 | 0 | -0.875
SCRIPT       : DATA_LOG | 1288440 | 0dnbV3OoKZVSKsRjRsSreDYKOmPaMHd_PD7pjTKbIH4= | 12815.2 | 6.07963 | 10052.8 | -0.997332 | -0.0730031 | 0 | none | 0 | 93.7678 | 446.555 | 0 | 1 | 0 | 0 | 0 | 0 | 0 | 1 | camera | Land_Garage_Row_Small | -0.997332 | 0 | -
SCRIPT       : DATA_LOG | 1289425 | aRapBi1cCZPZAGLIDny3dk3hQ8vTmNTLHRl8zxmKgQ0= | 12945.3 | 11.3614 | 10295.1 | -0.969128 | -0.246556 | 0 | Glock19 | 0 | 47.5185 | 275.045 | 0 | 1 | 0 | 0 | 0 | 0 | 0 | 1 | camera |  | -0.969128 | 0 | -0.246556 | -0.96912
SCRIPT       : DATA_LOG | 1289441 | 0dnbV3OoKZVSKsRjRsSreDYKOmPaMHd_PD7pjTKbIH4= | 12815.2 | 6.07963 | 10052.8 | -0.997332 | -0.0730031 | 0 | none | 0 | 93.7678 | 446.555 | 0 | 1 | 0 | 0 | 0 | 0 | 0 | 1 | camera | Land_Garage_Row_Small | -0.997332 | 0 | -
SCRIPT       : DATA_LOG | 1290431 | aRapBi1cCZPZAGLIDny3dk3hQ8vTmNTLHRl8zxmKgQ0= | 12941.8 | 11.4884 | 10298.6 | -0.661454 | 0.749985 | 0 | Glock19 | 0 | 111.359 | 276.548 | 0 | 1 | 0 | 0 | 0 | 0 | 0 | 1 | camera | TreeHard_t_PiceaAbies_3f | -0.661454 | 0
SCRIPT       : DATA_LOG | 1290447 | 0dnbV3OoKZVSKsRjRsSreDYKOmPaMHd_PD7pjTKbIH4= | 12815.2 | 6.07963 | 10052.8 | -0.997332 | -0.0730031 | 0 | none | 0 | 93.7678 | 446.555 | 0 | 1 | 0 | 0 | 0 | 0 | 0 | 1 | camera | Land_Garage_Row_Small | -0.997332 | 0 | -
SCRIPT       : DATA_LOG | 1291427 | aRapBi1cCZPZAGLIDny3dk3hQ8vTmNTLHRl8zxmKgQ0= | 12939.8 | 11.7489 | 10304.8 | -0.491952 | 0.870622 | 0 | Glock19 | 0 | 124.241 | 281.142 | 0 | 1 | 0 | 0 | 0 | 0 | 0 | 1 | camera | TreeHard_t_PiceaAbies_3f | -0.491952 | 0
SCRIPT       : DATA_LOG | 1291446 | 0dnbV3OoKZVSKsRjRsSreDYKOmPaMHd_PD7pjTKbIH4= | 12815.2 | 6.07963 | 10052.8 | -0.997332 | -0.0730031 | 0 | none | 0 | 93.7678 | 446.555 | 0 | 1 | 0 | 0 | 0 | 0 | 0 | 1 | camera | Land_Garage_Row_Small | -0.997332 | 0 | -
SCRIPT       : DATA_LOG | 1292432 | aRapBi1cCZPZAGLIDny3dk3hQ8vTmNTLHRl8zxmKgQ0= | 12937.4 | 12.9605 | 10311.1 | -0.638628 | 0.769516 | 0 | Glock19 | 0 | 114.999 | 285.815 | 0 | 1 | 0 | 0 | 0 | 0 | 0 | 1 | camera | TreeHard_t_PiceaAbies_3f | -0.638628 | 0
SCRIPT       : DATA_LOG | 1292451 | 0dnbV3OoKZVSKsRjRsSreDYKOmPaMHd_PD7pjTKbIH4= | 12815.2 | 6.07963 | 10052.8 | -0.997332 | -0.0730031 | 0 | none | 0 | 93.7678 | 446.555 | 0 | 1 | 0 | 0 | 0 | 0 | 0 | 1 | camera | Land_Garage_Row_Small | -0.997332 | 0 | -
SCRIPT       : DATA_LOG | 1293464 | aRapBi1cCZPZAGLIDny3dk3hQ8vTmNTLHRl8zxmKgQ0= | 12938.1 | 14.0938 | 10317.3 | -0.375584 | 0.926788 | 0 | Glock19 | 0 | 133.032 | 291.782 | 0 | 1 | 0 | 0 | 0 | 0 | 0 | 1 | camera | Land_House_2W04 | -0.375584 | 0 | 0.9267
SCRIPT       : DATA_LOG | 1293478 | 0dnbV3OoKZVSKsRjRsSreDYKOmPaMHd_PD7pjTKbIH4= | 12815.2 | 6.07963 | 10052.8 | -0.997332 | -0.0730031 | 0 | none | 0 | 93.7678 | 446.555 | 0 | 1 | 0 | 0 | 0 | 0 | 0 | 1 | camera | Land_Garage_Row_Small | -0.997332 | 0 | -
SCRIPT       : DATA_LOG | 1294432 | aRapBi1cCZPZAGLIDny3dk3hQ8vTmNTLHRl8zxmKgQ0= | 12936.1 | 14.5397 | 10324 | -0.514512 | 0.857483 | 0 | Glock19 | 0 | 124.983 | 297.025 | 0 | 1 | 0 | 0 | 0 | 0 | 0 | 1 | camera | TreeHard_t_PiceaAbies_3f | -0.514512 | 0 |
SCRIPT       : DATA_LOG | 1294449 | 0dnbV3OoKZVSKsRjRsSreDYKOmPaMHd_PD7pjTKbIH4= | 12815.2 | 6.07963 | 10052.8 | -0.997332 | -0.0730031 | 0 | none | 0 | 93.7678 | 446.555 | 0 | 1 | 0 | 0 | 0 | 0 | 0 | 1 | camera | Land_Garage_Row_Small | -0.997332 | 0 | -
SCRIPT       : DATA_LOG | 1295432 | aRapBi1cCZPZAGLIDny3dk3hQ8vTmNTLHRl8zxmKgQ0= | 12935.5 | 14.3427 | 10330.2 | 0.0459405 | 0.998944 | 0 | Glock19 | 0 | 159.102 | 302.041 | 0 | 1 | 0 | 0 | 0 | 0 | 0 | 1 | camera |  | 0.0459405 | 0 | 0.998944 | 0.0459405 
SCRIPT       : DATA_LOG | 1295451 | 0dnbV3OoKZVSKsRjRsSreDYKOmPaMHd_PD7pjTKbIH4= | 12815.2 | 6.07961 | 10053.2 | -0.999805 | 0.0197576 | 0 | none | 0 | 99.0773 | 446.957 | 0 | 1 | 0 | 0 | 0 | 0 | 0 | 1 | camera | Land_Garage_Row_Small | -0.999805 | 0 | 0.
SCRIPT       : DATA_LOG | 1296437 | aRapBi1cCZPZAGLIDny3dk3hQ8vTmNTLHRl8zxmKgQ0= | 12939.2 | 14.702 | 10334.7 | 0.38847 | 0.921462 | 0 | none | 0 | 162.037 | 726.871 | 0 | 1 | 0 | 0 | 0 | 0 | 0 | 1 | camera |  | 0.38847 | 0 | 0.921462 | 0.38847 | 0 | 0.92
SCRIPT       : DATA_LOG | 1296453 | 0dnbV3OoKZVSKsRjRsSreDYKOmPaMHd_PD7pjTKbIH4= | 12813.8 | 6.07958 | 10054.2 | -0.988766 | -0.149473 | 0 | none | 0 | 89.5033 | 448.199 | 0 | 1 | 0 | 0 | 0 | 0 | 0 | 1 | camera | Land_Garage_Row_Small | -0.988766 | 0 | -0
SCRIPT       : DATA_LOG | 1297436 | aRapBi1cCZPZAGLIDny3dk3hQ8vTmNTLHRl8zxmKgQ0= | 12938.8 | 14.5194 | 10336.6 | 0.636355 | 0.771397 | 0 | FAL | 0 | 145.338 | 728.747 | 0 | 1 | 0 | 0 | 0 | 0 | 0 | 1 | camera |  | 0.636355 | 0 | 0.771397 | 0.636355 | 0 | 0
SCRIPT       : DATA_LOG | 1297453 | 0dnbV3OoKZVSKsRjRsSreDYKOmPaMHd_PD7pjTKbIH4= | 12811 | 6.01124 | 10054.3 | -0.845445 | -0.534062 | 0 | none | 0 | 66.1825 | 448.646 | 0 | 1 | 0 | 0 | 0 | 0 | 0 | 1 | camera | Land_Garage_Row_Small | -0.845445 | 0 | -0.5
SCRIPT       : DATA_LOG | 1298442 | aRapBi1cCZPZAGLIDny3dk3hQ8vTmNTLHRl8zxmKgQ0= | 12938 | 14.2462 | 10338.4 | 0.958285 | 0.285816 | 1 | FAL | 0 | 111.397 | 730.455 | 0 | 1 | 0 | 0 | 0 | 0 | 0 | 1 | camera |  | 0.958285 | 0 | 0.285816 | 0.958285 | 0 | 0.2
SCRIPT       : DATA_LOG | 1298460 | 0dnbV3OoKZVSKsRjRsSreDYKOmPaMHd_PD7pjTKbIH4= | 12809.4 | 5.9791 | 10053.2 | 0.0490342 | -0.998797 | 0 | AugShort | 0 | 5.86852 | 447.806 | 0 | 1 | 0 | 0 | 0 | 0 | 0 | 1 | camera | Land_Garage_Row_Small | 0.0490342 | 0 |
SCRIPT       : DATA_LOG | 1299488 | aRapBi1cCZPZAGLIDny3dk3hQ8vTmNTLHRl8zxmKgQ0= | 12938.6 | 14.2608 | 10338.5 | 0.991964 | 0.126519 | 1 | FAL | 0 | 102.102 | 730.598 | 0 | 1 | 0 | 0 | 0 | 0 | 0 | 1 | camera |  | 0.991964 | 0 | 0.126519 | 0.991964 | 0 | 0
SCRIPT       : DATA_LOG | 1299505 | 0dnbV3OoKZVSKsRjRsSreDYKOmPaMHd_PD7pjTKbIH4= | 12809.9 | 5.96723 | 10050.5 | 0.631735 | -0.775184 | 0 | AugShort | 0 | 27.6243 | 763.069 | 0 | 1 | 1 | 0 | 0 | 0 | 0 | 1 | camera | Land_Garage_Row_Small | 0.631735 | 0 | 
SCRIPT       : DATA_LOG | 1300488 | aRapBi1cCZPZAGLIDny3dk3hQ8vTmNTLHRl8zxmKgQ0= | 12937 | 14.1115 | 10338.2 | 0.668598 | 0.743624 | 1 | FAL | 0 | 142.75 | 730.161 | 0 | 1 | 0 | 0 | 0 | 0 | 0 | 1 | camera |  | 0.668598 | 0 | 0.743624 | 0.668598 | 0 | 0.74
SCRIPT       : DATA_LOG | 1300501 | 0dnbV3OoKZVSKsRjRsSreDYKOmPaMHd_PD7pjTKbIH4= | 12809.1 | 5.94225 | 10049.4 | 0.977464 | -0.211102 | 0 | AugShort | 0 | 66.1852 | 762.201 | 0 | 1 | 1 | 0 | 0 | 0 | 0 | 1 | camera |  | 0.977464 | 0 | -0.211102 | 0.977464 
SCRIPT       : DATA_LOG | 1301495 | aRapBi1cCZPZAGLIDny3dk3hQ8vTmNTLHRl8zxmKgQ0= | 12935.1 | 13.5563 | 10338.3 | 0.92419 | 0.381933 | 0 | FAL | 0 | 117.02 | 730.14 | 0 | 1 | 0 | 0 | 0 | 0 | 0 | 1 | camera |  | 0.92419 | 0 | 0.381933 | 0.92419 | 0 | 0.3819
SCRIPT       : DATA_LOG | 1301512 | 0dnbV3OoKZVSKsRjRsSreDYKOmPaMHd_PD7pjTKbIH4= | 12811.9 | 6.07962 | 10049.9 | 0.312026 | 0.950074 | 0 | AugShort | 0 | 5.24352 | 313.818 | 0 | 1 | 0 | 0 | 0 | 0 | 0 | 1 | camera | Land_Garage_Row_Small | 0.312026 | 0 | 0
SCRIPT       : DATA_LOG | 1302492 | aRapBi1cCZPZAGLIDny3dk3hQ8vTmNTLHRl8zxmKgQ0= | 12935.3 | 13.5838 | 10338.5 | 0.99865 | -0.0519455 | 1 | FAL | 0 | 91.6043 | 730.374 | 0 | 1 | 0 | 0 | 0 | 0 | 0 | 1 | camera |  | 0.99865 | 0 | -0.0519455 | 0.99865 | 0 | 
SCRIPT       : DATA_LOG | 1302505 | 0dnbV3OoKZVSKsRjRsSreDYKOmPaMHd_PD7pjTKbIH4= | 12814.3 | 6.07959 | 10048.2 | 0.683601 | -0.729856 | 0 | AugShort | 0 | 31.866 | 760.026 | 0 | 1 | 1 | 0 | 0 | 0 | 0 | 1 | camera | Land_Garage_Row_Small | 0.683601 | 0 | -
SCRIPT       : DATA_LOG | 1303497 | aRapBi1cCZPZAGLIDny3dk3hQ8vTmNTLHRl8zxmKgQ0= | 12936 | 13.7716 | 10338.5 | 0.95942 | -0.281979 | 0 | FAL | 0 | 78.2548 | 730.435 | 0 | 1 | 0 | 0 | 0 | 0 | 0 | 1 | camera |  | 0.95942 | 0 | -0.281979 | 0.95942 | 0 | -0.2
SCRIPT       : DATA_LOG | 1303513 | 0dnbV3OoKZVSKsRjRsSreDYKOmPaMHd_PD7pjTKbIH4= | 12815.9 | 6.07953 | 10046.4 | 0.944676 | 0.328006 | 0 | AugShort | 0 | 48.5125 | 315.959 | 0 | 1 | 0 | 0 | 0 | 0 | 0 | 1 | camera | Land_Garage_Row_Small | 0.944676 | 0 | 0
SCRIPT       : DATA_LOG | 1304499 | aRapBi1cCZPZAGLIDny3dk3hQ8vTmNTLHRl8zxmKgQ0= | 12937.7 | 14.1457 | 10339 | -0.261419 | -0.965225 | 1 | FAL | 0 | 7.97912 | 317.057 | 0 | 1 | 0 | 0 | 0 | 0 | 0 | 1 | camera |  | -0.261419 | 0 | -0.965225 | -0.261419 | 0 
SCRIPT       : DATA_LOG | 1304516 | 0dnbV3OoKZVSKsRjRsSreDYKOmPaMHd_PD7pjTKbIH4= | 12813.7 | 6.07959 | 10047.3 | -0.926297 | 0.376794 | 0 | AugShort | 0 | 90.865 | 317.063 | 0 | 1 | 0 | 0 | 0 | 0 | 0 | 1 | camera | Land_Garage_Row_Small | -0.926297 | 0 | 
SCRIPT       : DATA_LOG | 1305511 | aRapBi1cCZPZAGLIDny3dk3hQ8vTmNTLHRl8zxmKgQ0= | 12938 | 14.2125 | 10338.7 | -0.8426 | -0.53854 | 0 | FAL | 0 | 33.9121 | 315.965 | 0 | 1 | 0 | 0 | 0 | 0 | 0 | 1 | camera |  | -0.8426 | 0 | -0.53854 | -0.8426 | 0 | -0.538
SCRIPT       : DATA_LOG | 1305539 | 0dnbV3OoKZVSKsRjRsSreDYKOmPaMHd_PD7pjTKbIH4= | 12812 | 6.07962 | 10049 | -0.984904 | -0.173104 | 0 | AugShort | 0 | 88.4609 | 443.266 | 0 | 1 | 0 | 0 | 0 | 0 | 0 | 1 | camera | Land_Garage_Row_Small | -0.984904 | 0 | -0
SCRIPT       : DATA_LOG | 1306504 | aRapBi1cCZPZAGLIDny3dk3hQ8vTmNTLHRl8zxmKgQ0= | 12938.2 | 14.1868 | 10338.9 | 0.333055 | 0.942907 | 0 | FAL | 0 | 165.337 | 731.001 | 0 | 1 | 0 | 0 | 0 | 0 | 0 | 1 | camera |  | 0.333055 | 0 | 0.942907 | 0.333055 | 0 | 0
SCRIPT       : DATA_LOG | 1306524 | 0dnbV3OoKZVSKsRjRsSreDYKOmPaMHd_PD7pjTKbIH4= | 12810.4 | 5.96498 | 10049.8 | -0.975116 | -0.221697 | 0 | AugShort | 0 | 85.8065 | 444.327 | 0 | 1 | 0 | 0 | 0 | 0 | 0 | 1 | camera | Land_Garage_Row_Small | -0.975116 | 0 
SCRIPT       : DATA_LOG | 1307507 | aRapBi1cCZPZAGLIDny3dk3hQ8vTmNTLHRl8zxmKgQ0= | 12940.2 | 13.8338 | 10343.2 | 0.486915 | 0.873449 | 0 | FAL | 0 | 155.785 | 735.405 | 0 | 1 | 0 | 0 | 0 | 0 | 0 | 1 | camera |  | 0.486915 | 0 | 0.873449 | 0.486915 | 0 | 0
SCRIPT       : DATA_LOG | 1307529 | 0dnbV3OoKZVSKsRjRsSreDYKOmPaMHd_PD7pjTKbIH4= | 12806.9 | 5.91062 | 10052.6 | -0.623374 | 0.781924 | 0 | AugShort | 0 | 63.2279 | 320.219 | 0 | 1 | 0 | 0 | 0 | 0 | 0 | 1 | camera |  | -0.623374 | 0 | 0.781924 | -0.623374
SCRIPT       : DATA_LOG | 1308514 | aRapBi1cCZPZAGLIDny3dk3hQ8vTmNTLHRl8zxmKgQ0= | 12944.4 | 12.8897 | 10348 | 0.568563 | 0.82264 | 0 | FAL | 0 | 150.571 | 740.596 | 0 | 1 | 0 | 0 | 0 | 0 | 0 | 1 | camera |  | 0.568563 | 0 | 0.82264 | 0.568563 | 0 | 0.822
SCRIPT       : DATA_LOG | 1308540 | 0dnbV3OoKZVSKsRjRsSreDYKOmPaMHd_PD7pjTKbIH4= | 12801.8 | 5.83491 | 10053.4 | -0.966959 | 0.254932 | 0 | AugShort | 0 | 101.071 | 327.808 | 0 | 1 | 0 | 0 | 0 | 0 | 0 | 1 | camera |  | -0.966959 | -0 | 0.254932 | -0.96695
SCRIPT       : DATA_LOG | 1309505 | aRapBi1cCZPZAGLIDny3dk3hQ8vTmNTLHRl8zxmKgQ0= | 12948.1 | 10.4819 | 10353.3 | 0.0661194 | 0.997812 | 0 | FAL | 0 | 157.719 | 333.793 | 0 | 1 | 0 | 0 | 0 | 0 | 0 | 1 | camera |  | 0.0661194 | 0 | 0.997812 | 0.0661194 | 0 
SCRIPT       : DATA_LOG | 1309525 | 0dnbV3OoKZVSKsRjRsSreDYKOmPaMHd_PD7pjTKbIH4= | 12801.4 | 5.83499 | 10053.5 | -0.95553 | 0.294893 | 0 | AugShort | 0 | 98.903 | 334.18 | 0 | 1 | 0 | 0 | 0 | 0 | 0 | 1 | camera |  | -0.95553 | -0 | 0.294893 | -0.95553 | 0
SCRIPT       : DATA_LOG | 1310507 | aRapBi1cCZPZAGLIDny3dk3hQ8vTmNTLHRl8zxmKgQ0= | 12948.8 | 9.46047 | 10355.9 | -0.589913 | -0.807467 | 0 | FAL | 0 | 9.83495 | 336.409 | 0 | 1 | 0 | 0 | 0 | 0 | 0 | 1 | camera |  | -0.589913 | 0 | -0.807467 | -0.589913 | 
SCRIPT       : DATA_LOG | 1310528 | 0dnbV3OoKZVSKsRjRsSreDYKOmPaMHd_PD7pjTKbIH4= | 12799.7 | 5.88987 | 10054.3 | -0.891749 | 0.452531 | 0 | AugShort | 0 | 89.3943 | 336.296 | 0 | 1 | 0 | 0 | 0 | 0 | 0 | 1 | camera | Land_Garage_Row_Small | -0.891749 | 0 |
SCRIPT       : DATA_LOG | 1311560 | aRapBi1cCZPZAGLIDny3dk3hQ8vTmNTLHRl8zxmKgQ0= | 12947 | 8.9108 | 10357.9 | -0.546057 | 0.837748 | 0 | FAL | 0 | 120.428 | 337.354 | 0 | 1 | 0 | 0 | 0 | 0 | 0 | 1 | camera |  | -0.546057 | 0 | 0.837748 | -0.546057 | 0 | 0
SCRIPT       : DATA_LOG | 1311580 | 0dnbV3OoKZVSKsRjRsSreDYKOmPaMHd_PD7pjTKbIH4= | 12796.6 | 5.89177 | 10055.9 | -0.86168 | 0.507452 | 0 | AugShort | 0 | 85.9612 | 337.519 | 0 | 1 | 0 | 0 | 0 | 0 | 0 | 1 | camera | Land_Garage_Row_Small | -0.86168 | -0 | 
SCRIPT       : DATA_LOG | 1312565 | aRapBi1cCZPZAGLIDny3dk3hQ8vTmNTLHRl8zxmKgQ0= | 12946.8 | 7.50167 | 10363.8 | 0.67459 | 0.738192 | 0 | FAL | 0 | 142.869 | 756.496 | 0 | 1 | 0 | 0 | 0 | 0 | 0 | 1 | camera |  | 0.67459 | 0 | 0.738192 | 0.67459 | 0 | 0.73
SCRIPT       : DATA_LOG | 1312584 | 0dnbV3OoKZVSKsRjRsSreDYKOmPaMHd_PD7pjTKbIH4= | 12798 | 5.89089 | 10054.6 | 0.861773 | -0.507295 | 0 | AugShort | 0 | 47.1563 | 769.554 | 0 | 1 | 1 | 0 | 0 | 0 | 0 | 1 | camera | Land_Garage_Row_Small | 0.861773 | 0 | -0
SCRIPT       : DATA_LOG | 1313566 | aRapBi1cCZPZAGLIDny3dk3hQ8vTmNTLHRl8zxmKgQ0= | 12949.1 | 6.80748 | 10370 | 0.921877 | 0.387484 | 0 | FAL | 0 | 118.219 | 762.935 | 0 | 1 | 0 | 0 | 0 | 0 | 0 | 1 | camera |  | 0.921877 | 0 | 0.387484 | 0.921877 | 0 | 0.3
SCRIPT       : DATA_LOG | 1313585 | 0dnbV3OoKZVSKsRjRsSreDYKOmPaMHd_PD7pjTKbIH4= | 12801.9 | 5.83492 | 10053.8 | 0.367475 | 0.930033 | 0 | AugShort | 0 | 3.43883 | 349.217 | 0 | 1 | 0 | 1 | 0 | 0 | 0 | 1 | camera |  | 0.367475 | 0 | 0.930033 | 0.367475 | 
SCRIPT       : DATA_LOG | 1314655 | aRapBi1cCZPZAGLIDny3dk3hQ8vTmNTLHRl8zxmKgQ0= | 12948.5 | 6.52043 | 10376.3 | 0.00847716 | 0.999964 | 0 | FAL | 0 | 155.93 | 349.74 | 0 | 1 | 0 | 0 | 0 | 0 | 0 | 1 | camera |  | 0.00847716 | 0 | 0.999964 | 0.00847716 | 0
SCRIPT       : DATA_LOG | 1314675 | 0dnbV3OoKZVSKsRjRsSreDYKOmPaMHd_PD7pjTKbIH4= | 12803.2 | 5.85453 | 10058.1 | -0.766295 | 0.642489 | 0 | AugShort | 0 | 74.5302 | 350.083 | 0 | 1 | 0 | 0 | 0 | 0 | 0 | 1 | camera |  | -0.766295 | -0 | 0.642489 | -0.76629
SCRIPT       : DATA_LOG | 1315572 | aRapBi1cCZPZAGLIDny3dk3hQ8vTmNTLHRl8zxmKgQ0= | 12948 | 6.33145 | 10381.7 | -0.674354 | 0.738409 | 0 | FAL | 0 | 113.414 | 354.769 | 0 | 1 | 0 | 0 | 0 | 0 | 0 | 1 | camera |  | -0.674354 | 0 | 0.738409 | -0.674354 | 0 | 
SCRIPT       : DATA_LOG | 1315591 | 0dnbV3OoKZVSKsRjRsSreDYKOmPaMHd_PD7pjTKbIH4= | 12802.7 | 5.84141 | 10058 | -0.936783 | 0.349911 | 0 | AugShort | 0 | 93.6739 | 354.835 | 0 | 1 | 0 | 0 | 0 | 0 | 0 | 1 | camera | Land_Garage_Row_Small | -0.936783 | 0 | 0
SCRIPT       : DATA_LOG | 1316582 | aRapBi1cCZPZAGLIDny3dk3hQ8vTmNTLHRl8zxmKgQ0= | 12945.6 | 6.17982 | 10384.3 | -0.708022 | 0.70619 | 0 | FAL | 0 | 110.562 | 355.949 | 0 | 1 | 0 | 0 | 0 | 0 | 0 | 1 | camera |  | -0.708022 | 0 | 0.70619 | -0.708022 | 0 | 
SCRIPT       : DATA_LOG | 1316603 | 0dnbV3OoKZVSKsRjRsSreDYKOmPaMHd_PD7pjTKbIH4= | 12799 | 5.89039 | 10059.8 | -0.822708 | 0.568464 | 0 | AugShort | 0 | 79.6558 | 356.054 | 0 | 1 | 0 | 0 | 0 | 0 | 0 | 1 | camera | Land_Garage_Row_Small | -0.822708 | 0 | 0
SCRIPT       : DATA_LOG | 1318237 | aRapBi1cCZPZAGLIDny3dk3hQ8vTmNTLHRl8zxmKgQ0= | 12943.8 | 6.1082 | 10386.1 | -0.35168 | -0.93612 | 0 | Scout | 0 | 3.88101 | 355.515 | 0 | 1 | 0 | 1 | 0 | 0 | 0 | 1 | camera |  | -0.35168 | 0 | -0.93612 | -0.35168 | 0 | 
SCRIPT       : DATA_LOG | 1318258 | 0dnbV3OoKZVSKsRjRsSreDYKOmPaMHd_PD7pjTKbIH4= | 12796.7 | 5.89176 | 10062.4 | -0.719594 | 0.694395 | 0 | AugShort | 0 | 70.4593 | 355.309 | 0 | 1 | 0 | 0 | 0 | 0 | 0 | 1 | camera | Land_Garage_Row_Small | -0.719594 | -0 
SCRIPT       : DATA_LOG | 1319132 | aRapBi1cCZPZAGLIDny3dk3hQ8vTmNTLHRl8zxmKgQ0= | 12940.8 | 6.04767 | 10390.4 | -0.341037 | -0.94005 | 0 | Scout | 0 | 2.73029 | 359.028 | 0 | 1 | 0 | 1 | 0 | 0 | 0 | 1 | camera |  | -0.341037 | 0 | -0.94005 | -0.341037 | 
SCRIPT       : DATA_LOG | 1319160 | 0dnbV3OoKZVSKsRjRsSreDYKOmPaMHd_PD7pjTKbIH4= | 12802.1 | 5.88842 | 10059.1 | 0.98494 | -0.172898 | 0 | AugShort | 0 | 68.0541 | 773.145 | 0 | 1 | 1 | 0 | 0 | 0 | 0 | 1 | camera | Land_Garage_Row_Small | 0.98494 | 0 | -0
SCRIPT       : DATA_LOG | 1320133 | aRapBi1cCZPZAGLIDny3dk3hQ8vTmNTLHRl8zxmKgQ0= | 12940.2 | 6.02956 | 10392.9 | -0.341037 | -0.94005 | 0 | Scout | 0 | 2.10654 | 359.354 | 0 | 1 | 0 | 1 | 0 | 0 | 0 | 1 | camera |  | -0.341037 | 0 | -0.94005 | -0.341037 | 
SCRIPT       : DATA_LOG | 1320155 | 0dnbV3OoKZVSKsRjRsSreDYKOmPaMHd_PD7pjTKbIH4= | 12805.4 | 5.91324 | 10059.7 | -0.481754 | 0.876307 | 0 | AugShort | 0 | 50.8256 | 359.375 | 0 | 1 | 0 | 0 | 0 | 0 | 0 | 1 | camera |  | -0.481754 | 0 | 0.876307 | -0.481754
SCRIPT       : DATA_LOG | 1321133 | aRapBi1cCZPZAGLIDny3dk3hQ8vTmNTLHRl8zxmKgQ0= | 12941.3 | 5.98679 | 10395.7 | -0.354144 | -0.935191 | 0 | Scout | 0 | 1.43913 | 361.122 | 0 | 1 | 0 | 1 | 0 | 0 | 0 | 1 | camera |  | -0.354144 | 0 | -0.935191 | -0.354144 
SCRIPT       : DATA_LOG | 1321160 | 0dnbV3OoKZVSKsRjRsSreDYKOmPaMHd_PD7pjTKbIH4= | 12805.2 | 5.90629 | 10061.2 | -0.692147 | 0.721757 | 0 | AugShort | 0 | 65.9427 | 361.047 | 0 | 1 | 0 | 0 | 0 | 0 | 0 | 1 | camera |  | -0.692147 | 0 | 0.721757 | -0.692147
SCRIPT       : DATA_LOG | 1322130 | aRapBi1cCZPZAGLIDny3dk3hQ8vTmNTLHRl8zxmKgQ0= | 12941.5 | 5.99401 | 10398.6 | -0.423093 | -0.906086 | 0 | Scout | 0 | 2.62555 | 363.153 | 0 | 1 | 0 | 1 | 0 | 0 | 0 | 1 | camera |  | -0.423093 | 0 | -0.906086 | -0.423093 
SCRIPT       : DATA_LOG | 1322153 | 0dnbV3OoKZVSKsRjRsSreDYKOmPaMHd_PD7pjTKbIH4= | 12803.2 | 5.88785 | 10062.8 | -0.863633 | 0.50412 | 0 | AugShort | 0 | 82.1014 | 363.084 | 0 | 1 | 0 | 0 | 0 | 0 | 0 | 1 | camera | Land_Garage_Row_Small | -0.863633 | 0 | 
SCRIPT       : DATA_LOG | 1323196 | aRapBi1cCZPZAGLIDny3dk3hQ8vTmNTLHRl8zxmKgQ0= | 12942.7 | 5.99534 | 10400.3 | -0.431479 | -0.902123 | 1 | Scout | 0 | 2.44641 | 364.208 | 0 | 1 | 0 | 1 | 0 | 0 | 1 | 1 | camera |  | -0.431479 | 0 | -0.902123 | -0.431479 
SCRIPT       : DATA_LOG | 1323219 | 0dnbV3OoKZVSKsRjRsSreDYKOmPaMHd_PD7pjTKbIH4= | 12799.7 | 5.88993 | 10065.3 | -0.777403 | 0.629003 | 0 | AugShort | 0 | 74.1121 | 364.17 | 0 | 1 | 0 | 0 | 0 | 0 | 0 | 1 | camera | Land_Garage_Row_Small | -0.777403 | -0 |
SCRIPT       : DATA_LOG | 1324216 | aRapBi1cCZPZAGLIDny3dk3hQ8vTmNTLHRl8zxmKgQ0= | 12942.7 | 5.99534 | 10400.3 | -0.431479 | -0.902123 | 1 | Scout | 0 | 2.1814 | 364.875 | 0 | 1 | 0 | 1 | 0 | 0 | 1 | 1 | camera |  | -0.431479 | 0 | -0.902123 | -0.431479 |
SCRIPT       : DATA_LOG | 1324237 | 0dnbV3OoKZVSKsRjRsSreDYKOmPaMHd_PD7pjTKbIH4= | 12797.9 | 5.89098 | 10065.4 | -0.999002 | -0.0446555 | 0 | AugShort | 0 | 97.3033 | 461.7 | 0 | 1 | 0 | 0 | 0 | 0 | 0 | 1 | camera | Land_Garage_Row_Small | -0.999002 | 0 |
SCRIPT       : DATA_LOG | 1325217 | aRapBi1cCZPZAGLIDny3dk3hQ8vTmNTLHRl8zxmKgQ0= | 12942.7 | 5.99534 | 10400.3 | -0.431479 | -0.902123 | 1 | Scout | 0 | 2.18767 | 364.848 | 0 | 1 | 0 | 1 | 0 | 0 | 1 | 1 | camera |  | -0.431479 | 0 | -0.902123 | -0.431479 
SCRIPT       : DATA_LOG | 1325238 | 0dnbV3OoKZVSKsRjRsSreDYKOmPaMHd_PD7pjTKbIH4= | 12797.9 | 5.89098 | 10065.4 | -0.999002 | -0.0446555 | 0 | AugShort | 0 | 97.3033 | 461.7 | 0 | 1 | 0 | 0 | 0 | 0 | 0 | 1 | camera | Land_Garage_Row_Small | -0.999002 | 0 |
SCRIPT       : DATA_LOG | 1326325 | aRapBi1cCZPZAGLIDny3dk3hQ8vTmNTLHRl8zxmKgQ0= | 12942.7 | 5.99534 | 10400.3 | -0.431479 | -0.902123 | 1 | Scout | 0 | 2.06886 | 363.319 | 0 | 1 | 0 | 1 | 0 | 0 | 1 | 1 | camera |  | -0.431479 | 0 | -0.902123 | -0.431479 
SCRIPT       : DATA_LOG | 1326347 | 0dnbV3OoKZVSKsRjRsSreDYKOmPaMHd_PD7pjTKbIH4= | 12797.7 | 5.89111 | 10067.1 | 0.48977 | 0.871851 | 0 | AugShort | 0 | 5.83875 | 363.317 | 0 | 1 | 0 | 0 | 0 | 0 | 0 | 1 | camera | Land_Garage_Row_Small | 0.48977 | 0 | 0.8
SCRIPT       : DATA_LOG | 1327325 | aRapBi1cCZPZAGLIDny3dk3hQ8vTmNTLHRl8zxmKgQ0= | 12942.7 | 5.99534 | 10400.3 | -0.431479 | -0.902123 | 1 | Scout | 0 | 2.85896 | 364.545 | 0 | 1 | 0 | 1 | 0 | 0 | 1 | 1 | camera |  | -0.431479 | 0 | -0.902123 | -0.431479 
SCRIPT       : DATA_LOG | 1327341 | 0dnbV3OoKZVSKsRjRsSreDYKOmPaMHd_PD7pjTKbIH4= | 12801.6 | 5.88881 | 10064.2 | 0.862217 | -0.50654 | 0 | AugShort | 0 | 47.6152 | 778.185 | 0 | 1 | 1 | 0 | 0 | 0 | 0 | 1 | camera | Land_Garage_Row_Small | 0.862217 | 0 | -
SCRIPT       : DATA_LOG | 1328324 | aRapBi1cCZPZAGLIDny3dk3hQ8vTmNTLHRl8zxmKgQ0= | 12942.7 | 5.99534 | 10400.3 | -0.431479 | -0.902123 | 1 | Scout | 0 | 3.83599 | 363.019 | 0 | 1 | 0 | 1 | 0 | 0 | 1 | 1 | camera |  | -0.431479 | 0 | -0.902123 | -0.431479 
SCRIPT       : DATA_LOG | 1328340 | 0dnbV3OoKZVSKsRjRsSreDYKOmPaMHd_PD7pjTKbIH4= | 12808 | 5.98151 | 10062.9 | 0.604901 | 0.7963 | 0 | AugShort | 0 | 15.4882 | 363.225 | 0 | 1 | 0 | 0 | 0 | 0 | 0 | 1 | camera |  | 0.604901 | 0 | 0.7963 | 0.604901 | 0 | 0.
SCRIPT       : DATA_LOG | 1329327 | aRapBi1cCZPZAGLIDny3dk3hQ8vTmNTLHRl8zxmKgQ0= | 12942.7 | 5.99546 | 10400.4 | -0.387547 | -0.92185 | 1 | Scout | 0 | 1.82799 | 360.529 | 0 | 1 | 0 | 1 | 0 | 0 | 1 | 1 | camera |  | -0.387547 | 0 | -0.92185 | -0.387547 | 
SCRIPT       : DATA_LOG | 1329343 | 0dnbV3OoKZVSKsRjRsSreDYKOmPaMHd_PD7pjTKbIH4= | 12813.5 | 6.03499 | 10063.8 | 0.996938 | -0.0781971 | 0 | AugShort | 0 | 73.4938 | 360.405 | 0 | 1 | 0 | 0 | 0 | 0 | 0 | 1 | camera | Land_Garage_Row_Small | 0.996938 | 0 |
SCRIPT       : DATA_LOG | 1330325 | aRapBi1cCZPZAGLIDny3dk3hQ8vTmNTLHRl8zxmKgQ0= | 12943.7 | 6.00131 | 10402.9 | -0.348493 | -0.937311 | 0 | Scout | 0 | 0.965301 | 364.47 | 0 | 1 | 0 | 1 | 0 | 0 | 0 | 1 | camera |  | -0.348493 | 0 | -0.937311 | -0.348493 
SCRIPT       : DATA_LOG | 1330344 | 0dnbV3OoKZVSKsRjRsSreDYKOmPaMHd_PD7pjTKbIH4= | 12811.2 | 6.03499 | 10063.6 | -0.439876 | -0.898059 | 0 | AugShort | 0 | 34.3523 | 457.877 | 0 | 1 | 0 | 0 | 0 | 0 | 0 | 1 | camera | Land_Garage_Row_Small | -0.439876 | 0 
SCRIPT       : DATA_LOG | 1331330 | aRapBi1cCZPZAGLIDny3dk3hQ8vTmNTLHRl8zxmKgQ0= | 12944.7 | 6.00546 | 10405.7 | -0.346295 | -0.938125 | 0 | Scout | 0 | 0.884038 | 373.926 | 0 | 1 | 0 | 1 | 0 | 0 | 0 | 1 | camera |  | -0.346295 | 0 | -0.938125 | -0.346295
SCRIPT       : DATA_LOG | 1331346 | 0dnbV3OoKZVSKsRjRsSreDYKOmPaMHd_PD7pjTKbIH4= | 12810.1 | 6.03351 | 10057.3 | -0.340715 | -0.940167 | 0 | AugShort | 0 | 28.4375 | 451.752 | 0 | 1 | 0 | 0 | 0 | 0 | 0 | 1 | camera | Land_Garage_Row_Small | -0.340715 | 0 
SCRIPT       : DATA_LOG | 1332331 | aRapBi1cCZPZAGLIDny3dk3hQ8vTmNTLHRl8zxmKgQ0= | 12945.8 | 6.01007 | 10408.5 | -0.362002 | -0.932177 | 0 | Scout | 0 | 0.275536 | 381.458 | 0 | 1 | 0 | 1 | 0 | 0 | 0 | 1 | camera |  | -0.362002 | 0 | -0.932177 | -0.362002
SCRIPT       : DATA_LOG | 1332346 | 0dnbV3OoKZVSKsRjRsSreDYKOmPaMHd_PD7pjTKbIH4= | 12808.7 | 5.95546 | 10052.7 | -0.679176 | -0.733976 | 0 | AugShort | 0 | 51.5577 | 447.386 | 0 | 1 | 0 | 0 | 0 | 0 | 0 | 1 | camera |  | -0.679176 | 0 | -0.733976 | -0.6791
SCRIPT       : DATA_LOG | 1333334 | aRapBi1cCZPZAGLIDny3dk3hQ8vTmNTLHRl8zxmKgQ0= | 12946.9 | 6.01904 | 10411.4 | -0.362003 | -0.932177 | 0 | Scout | 0 | 0.28116 | 387.796 | 0 | 1 | 0 | 1 | 0 | 0 | 0 | 1 | camera |  | -0.362003 | 0 | -0.932177 | -0.362003 
SCRIPT       : DATA_LOG | 1333350 | 0dnbV3OoKZVSKsRjRsSreDYKOmPaMHd_PD7pjTKbIH4= | 12807.8 | 5.91996 | 10049.5 | -0.957971 | -0.286865 | 0 | AugShort | 0 | 82.2896 | 444.434 | 0 | 1 | 0 | 0 | 0 | 0 | 0 | 1 | camera |  | -0.957971 | 0 | -0.286865 | -0.9579
SCRIPT       : DATA_LOG | 1334333 | aRapBi1cCZPZAGLIDny3dk3hQ8vTmNTLHRl8zxmKgQ0= | 12948 | 6.03541 | 10414.3 | -0.362497 | -0.931985 | 0 | Scout | 0 | 0.28393 | 392.017 | 0 | 1 | 0 | 1 | 0 | 0 | 0 | 1 | camera |  | -0.362497 | 0 | -0.931985 | -0.362497 | 
SCRIPT       : DATA_LOG | 1334354 | 0dnbV3OoKZVSKsRjRsSreDYKOmPaMHd_PD7pjTKbIH4= | 12807.1 | 5.89421 | 10048.5 | 0.14638 | -0.989228 | 0 | AugShort | 0 | 0.653719 | 443.535 | 0 | 1 | 0 | 1 | 0 | 0 | 0 | 1 | camera |  | 0.14638 | 0 | -0.989228 | 0.14638 | 
SCRIPT       : DATA_LOG | 1335332 | aRapBi1cCZPZAGLIDny3dk3hQ8vTmNTLHRl8zxmKgQ0= | 12949.1 | 6.04135 | 10417 | -0.374715 | -0.92714 | 0 | Scout | 0 | 1.07192 | 396.228 | 0 | 1 | 0 | 1 | 0 | 0 | 0 | 1 | camera |  | -0.374715 | 0 | -0.92714 | -0.374715 | 0 
SCRIPT       : DATA_LOG | 1335351 | 0dnbV3OoKZVSKsRjRsSreDYKOmPaMHd_PD7pjTKbIH4= | 12807.3 | 5.88007 | 10047.1 | 0.82369 | -0.567041 | 0 | AugShort | 0 | 43.6603 | 760.275 | 0 | 1 | 1 | 0 | 0 | 0 | 0 | 1 | camera |  | 0.82369 | 0 | -0.567041 | 0.82369 | 0
SCRIPT       : DATA_LOG | 1336337 | aRapBi1cCZPZAGLIDny3dk3hQ8vTmNTLHRl8zxmKgQ0= | 12950.2 | 6.06111 | 10419.7 | -0.375196 | -0.926946 | 0 | Scout | 0 | 1.52547 | 399.449 | 0 | 1 | 0 | 1 | 0 | 0 | 0 | 1 | camera |  | -0.375196 | 0 | -0.926946 | -0.375196 
SCRIPT       : DATA_LOG | 1336358 | 0dnbV3OoKZVSKsRjRsSreDYKOmPaMHd_PD7pjTKbIH4= | 12810 | 6.10799 | 10045.7 | 0.770256 | -0.637735 | 0 | AugShort | 0 | 38.7564 | 758.396 | 0 | 1 | 1 | 0 | 0 | 0 | 0 | 1 | camera |  | 0.770256 | 0 | -0.637735 | 0.770256 | 
SCRIPT       : DATA_LOG | 1337335 | aRapBi1cCZPZAGLIDny3dk3hQ8vTmNTLHRl8zxmKgQ0= | 12951.4 | 6.06968 | 10422.6 | -0.375196 | -0.926946 | 0 | Scout | 0 | 1.97199 | 402.046 | 0 | 1 | 0 | 1 | 0 | 0 | 0 | 1 | camera |  | -0.375196 | 0 | -0.926946 | -0.375196 
SCRIPT       : DATA_LOG | 1337356 | 0dnbV3OoKZVSKsRjRsSreDYKOmPaMHd_PD7pjTKbIH4= | 12813.2 | 6.11449 | 10045.1 | 0.729442 | -0.684042 | 0 | AugShort | 0 | 35.4492 | 757.146 | 0 | 1 | 1 | 0 | 0 | 0 | 0 | 1 | camera |  | 0.729442 | 0 | -0.684042 | 0.729442 
SCRIPT       : DATA_LOG | 1338334 | aRapBi1cCZPZAGLIDny3dk3hQ8vTmNTLHRl8zxmKgQ0= | 12952.4 | 6.07809 | 10425.1 | -0.375196 | -0.926946 | 1 | Scout | 0 | 2.41727 | 405.05 | 0 | 1 | 0 | 1 | 0 | 0 | 0 | 1 | camera |  | -0.375196 | 0 | -0.926946 | -0.375196 |
SCRIPT       : DATA_LOG | 1338350 | 0dnbV3OoKZVSKsRjRsSreDYKOmPaMHd_PD7pjTKbIH4= | 12816.2 | 6.11359 | 10043.7 | 0.972815 | -0.231583 | 0 | AugShort | 0 | 65.4194 | 755.177 | 0 | 1 | 1 | 0 | 0 | 0 | 0 | 1 | camera |  | 0.972815 | 0 | -0.231583 | 0.972815 
SCRIPT       : DATA_LOG | 1339340 | aRapBi1cCZPZAGLIDny3dk3hQ8vTmNTLHRl8zxmKgQ0= | 12952.4 | 6.0781 | 10425.1 | -0.375196 | -0.926946 | 1 | Scout | 0 | 2.8517 | 403.919 | 0 | 1 | 0 | 1 | 0 | 0 | 1 | 1 | camera |  | -0.375196 | 0 | -0.926946 | -0.375196 | 
SCRIPT       : DATA_LOG | 1339357 | 0dnbV3OoKZVSKsRjRsSreDYKOmPaMHd_PD7pjTKbIH4= | 12819.6 | 6.2998 | 10043.5 | 0.318518 | 0.947917 | 0 | AugShort | 0 | 0.614212 | 403.993 | 0 | 1 | 0 | 1 | 0 | 0 | 0 | 1 | camera |  | 0.318518 | 0 | 0.947917 | 0.318518 | 
SCRIPT       : DATA_LOG | 1340336 | aRapBi1cCZPZAGLIDny3dk3hQ8vTmNTLHRl8zxmKgQ0= | 12952.4 | 6.0781 | 10425.1 | -0.375196 | -0.926946 | 1 | Scout | 0 | 2.95751 | 403.923 | 0 | 1 | 0 | 1 | 0 | 0 | 1 | 1 | camera |  | -0.375196 | 0 | -0.926946 | -0.375196 |
SCRIPT       : DATA_LOG | 1340351 | 0dnbV3OoKZVSKsRjRsSreDYKOmPaMHd_PD7pjTKbIH4= | 12820.3 | 6.19804 | 10043.3 | 0.151112 | 0.988517 | 0 | AugShort | 0 | 10.3792 | 403.981 | 0 | 1 | 0 | 0 | 0 | 0 | 0 | 1 | camera |  | 0.151112 | 0 | 0.988517 | 0.151112 | 
SCRIPT       : DATA_LOG | 1341339 | aRapBi1cCZPZAGLIDny3dk3hQ8vTmNTLHRl8zxmKgQ0= | 12952.4 | 6.0781 | 10425.1 | -0.375196 | -0.926946 | 1 | Scout | 0 | 3.10545 | 403.768 | 0 | 1 | 0 | 1 | 0 | 0 | 1 | 1 | camera |  | -0.375196 | 0 | -0.926946 | -0.375196 |
SCRIPT       : DATA_LOG | 1341357 | 0dnbV3OoKZVSKsRjRsSreDYKOmPaMHd_PD7pjTKbIH4= | 12821.3 | 6.22251 | 10043 | 0.157423 | 0.987531 | 0 | AugShort | 0 | 9.85594 | 403.843 | 0 | 1 | 0 | 0 | 0 | 0 | 0 | 1 | camera |  | 0.157423 | 0 | 0.987531 | 0.157423 | 0 
SCRIPT       : [wpnfsm] Save occured in fsm transition! current state=WeaponFireAndChamberNext<0x00000233B11D2340> closes stable state=RBF_CLO_BU1_MA1<0x00000233B11D1080> id=3
SCRIPT       : DATA_LOG | 1342339 | aRapBi1cCZPZAGLIDny3dk3hQ8vTmNTLHRl8zxmKgQ0= | 12952.4 | 6.0781 | 10425.1 | -0.375196 | -0.926946 | 1 | Scout | 0 | 3.21473 | 404.28 | 0 | 1 | 0 | 1 | 0 | 0 | 1 | 1 | camera |  | -0.375196 | 0 | -0.926946 | -0.375196 | 
SCRIPT       : DATA_LOG | 1342354 | 0dnbV3OoKZVSKsRjRsSreDYKOmPaMHd_PD7pjTKbIH4= | 12822.1 | 6.13302 | 10042.5 | -0.966175 | -0.257886 | 1 | AugShort | 0 | 82.3015 | 435.43 | 0 | 1 | 0 | 0 | 0 | 0 | 0 | 1 | camera |  | -0.966175 | 0 | -0.257886 | -0.96617
SCRIPT       : DATA_LOG | 1343352 | aRapBi1cCZPZAGLIDny3dk3hQ8vTmNTLHRl8zxmKgQ0= | 12952.4 | 6.0781 | 10425.1 | -0.375196 | -0.926946 | 1 | Scout | 0 | 3.38645 | 404.462 | 0 | 1 | 0 | 1 | 0 | 0 | 1 | 1 | camera |  | -0.375196 | 0 | -0.926946 | -0.375196 |
SCRIPT       : DATA_LOG | 1343378 | 0dnbV3OoKZVSKsRjRsSreDYKOmPaMHd_PD7pjTKbIH4= | 12823.1 | 6.13343 | 10041.8 | -0.993407 | -0.114639 | 1 | AugShort | 0 | 90.5378 | 434.651 | 0 | 1 | 0 | 0 | 0 | 0 | 0 | 1 | camera |  | -0.993407 | 0 | -0.114639 | -0.9934
SCRIPT       : DATA_LOG | 1344344 | aRapBi1cCZPZAGLIDny3dk3hQ8vTmNTLHRl8zxmKgQ0= | 12952.4 | 6.0781 | 10425.1 | -0.375196 | -0.926946 | 1 | Scout | 0 | 3.53502 | 403.909 | 0 | 1 | 0 | 1 | 0 | 0 | 1 | 1 | camera |  | -0.375196 | 0 | -0.926946 | -0.375196 |
SCRIPT       : DATA_LOG | 1344360 | 0dnbV3OoKZVSKsRjRsSreDYKOmPaMHd_PD7pjTKbIH4= | 12824.1 | 6.13966 | 10042 | 0.0544142 | 0.998518 | 0 | AugShort | 0 | 15.3697 | 403.927 | 0 | 1 | 0 | 0 | 0 | 0 | 0 | 1 | camera |  | 0.0544142 | 0 | 0.998518 | 0.0544142 |
SCRIPT       : DATA_LOG | 1345345 | aRapBi1cCZPZAGLIDny3dk3hQ8vTmNTLHRl8zxmKgQ0= | 12952.4 | 6.0781 | 10425.1 | -0.375196 | -0.926946 | 1 | Scout | 0 | 3.82996 | 404.071 | 0 | 1 | 0 | 1 | 0 | 0 | 1 | 1 | camera |  | -0.375196 | 0 | -0.926946 | -0.375196 |
SCRIPT       : DATA_LOG | 1345360 | 0dnbV3OoKZVSKsRjRsSreDYKOmPaMHd_PD7pjTKbIH4= | 12826.2 | 6.14566 | 10041.3 | -0.99604 | 0.0889124 | 0 | AugShort | 0 | 101.827 | 433.774 | 0 | 1 | 0 | 0 | 0 | 0 | 0 | 1 | camera | Land_Wall_Gate_FenR_Big_Open | -0.99604
SCRIPT       : DATA_LOG | 1346345 | aRapBi1cCZPZAGLIDny3dk3hQ8vTmNTLHRl8zxmKgQ0= | 12952.4 | 6.0781 | 10425.1 | -0.375196 | -0.926946 | 1 | Scout | 0 | 4.23522 | 403.652 | 0 | 1 | 0 | 1 | 0 | 0 | 1 | 1 | camera |  | -0.375196 | 0 | -0.926946 | -0.375196 |
SCRIPT       : DATA_LOG | 1346363 | 0dnbV3OoKZVSKsRjRsSreDYKOmPaMHd_PD7pjTKbIH4= | 12829 | 6.25389 | 10040.8 | -0.999883 | 0.0153082 | 0 | AugShort | 0 | 97.234 | 432.993 | 0 | 1 | 0 | 0 | 0 | 0 | 0 | 1 | camera | Land_Wall_Gate_FenR_Big_Open | -0.999883 
SCRIPT       : DATA_LOG | 1347346 | aRapBi1cCZPZAGLIDny3dk3hQ8vTmNTLHRl8zxmKgQ0= | 12952.4 | 6.0781 | 10425.1 | -0.375196 | -0.926946 | 1 | Scout | 0 | 4.48895 | 403.715 | 0 | 1 | 0 | 1 | 0 | 0 | 1 | 1 | camera |  | -0.375196 | 0 | -0.926946 | -0.375196 |
SCRIPT       : DATA_LOG | 1347364 | 0dnbV3OoKZVSKsRjRsSreDYKOmPaMHd_PD7pjTKbIH4= | 12830.8 | 6.26152 | 10040.1 | -0.966534 | 0.256538 | 1 | AugShort | 0 | 92.6487 | 403.647 | 0 | 1 | 0 | 0 | 0 | 0 | 0 | 1 | camera |  | -0.966534 | 0 | 0.256538 | -0.966534
SCRIPT       : DATA_LOG | 1348345 | aRapBi1cCZPZAGLIDny3dk3hQ8vTmNTLHRl8zxmKgQ0= | 12952.4 | 6.0781 | 10425.1 | -0.375196 | -0.926946 | 1 | Scout | 0 | 4.65265 | 403.874 | 0 | 1 | 0 | 1 | 0 | 0 | 1 | 1 | camera |  | -0.375196 | 0 | -0.926946 | -0.375196 |
SCRIPT       : DATA_LOG | 1348362 | 0dnbV3OoKZVSKsRjRsSreDYKOmPaMHd_PD7pjTKbIH4= | 12831.7 | 6.19871 | 10039.6 | -0.958842 | 0.283942 | 1 | AugShort | 0 | 90.8608 | 403.893 | 0 | 1 | 0 | 0 | 0 | 0 | 0 | 1 | camera |  | -0.958842 | -0 | 0.283942 | -0.95884
SCRIPT       : DATA_LOG | 1349350 | aRapBi1cCZPZAGLIDny3dk3hQ8vTmNTLHRl8zxmKgQ0= | 12952.4 | 6.0781 | 10425.1 | -0.375196 | -0.926946 | 1 | Scout | 0 | 4.59559 | 403.937 | 0 | 1 | 0 | 1 | 0 | 0 | 1 | 1 | camera |  | -0.375196 | 0 | -0.926946 | -0.375196 |
SCRIPT       : DATA_LOG | 1349370 | 0dnbV3OoKZVSKsRjRsSreDYKOmPaMHd_PD7pjTKbIH4= | 12831.5 | 6.16467 | 10039.6 | -0.953456 | 0.301533 | 0 | AugShort | 0 | 89.8461 | 403.907 | 0 | 1 | 0 | 0 | 0 | 0 | 0 | 1 | camera |  | -0.953456 | 0 | 0.301533 | -0.953456
SCRIPT       : DATA_LOG | 1350350 | aRapBi1cCZPZAGLIDny3dk3hQ8vTmNTLHRl8zxmKgQ0= | 12952.4 | 6.0781 | 10425.1 | -0.375196 | -0.926946 | 1 | Scout | 0 | 4.11114 | 403.883 | 0 | 1 | 0 | 1 | 0 | 0 | 1 | 1 | camera |  | -0.375196 | 0 | -0.926946 | -0.375196 |
SCRIPT       : DATA_LOG | 1350367 | 0dnbV3OoKZVSKsRjRsSreDYKOmPaMHd_PD7pjTKbIH4= | 12828.1 | 6.13847 | 10040.8 | -0.938523 | 0.345218 | 0 | AugShort | 0 | 87.7035 | 403.832 | 0 | 1 | 0 | 0 | 0 | 0 | 0 | 1 | camera |  | -0.938523 | 0 | 0.345218 | -0.938523
SCRIPT       : DATA_LOG | 1351349 | aRapBi1cCZPZAGLIDny3dk3hQ8vTmNTLHRl8zxmKgQ0= | 12952.4 | 6.0781 | 10425.1 | -0.375196 | -0.926946 | 1 | Scout | 0 | 4.1846 | 404.918 | 0 | 1 | 0 | 1 | 0 | 0 | 1 | 1 | camera |  | -0.375196 | 0 | -0.926946 | -0.375196 | 
SCRIPT       : DATA_LOG | 1351364 | 0dnbV3OoKZVSKsRjRsSreDYKOmPaMHd_PD7pjTKbIH4= | 12828.2 | 6.14586 | 10039.8 | 0.747236 | -0.664559 | 0 | AugShort | 0 | 38.0019 | 749.139 | 0 | 1 | 1 | 0 | 0 | 0 | 0 | 1 | camera | Land_Wall_Gate_FenR_Big_Open | 0.747236
SCRIPT       : DATA_LOG | 1352350 | aRapBi1cCZPZAGLIDny3dk3hQ8vTmNTLHRl8zxmKgQ0= | 12952.3 | 6.0791 | 10425.1 | -0.345976 | -0.938243 | 0 | Scout | 0 | 2.72979 | 405.111 | 0 | 1 | 0 | 1 | 0 | 0 | 0 | 1 | camera |  | -0.345976 | 0 | -0.938243 | -0.345976 |
SCRIPT       : DATA_LOG | 1352368 | 0dnbV3OoKZVSKsRjRsSreDYKOmPaMHd_PD7pjTKbIH4= | 12830.4 | 6.1503 | 10038.8 | -0.567484 | -0.823384 | 0 | AugShort | 0 | 40.7855 | 430.846 | 0 | 1 | 0 | 0 | 0 | 0 | 0 | 1 | camera |  | -0.567484 | 0 | -0.823384 | -0.56748
SCRIPT       : DATA_LOG | 1353352 | aRapBi1cCZPZAGLIDny3dk3hQ8vTmNTLHRl8zxmKgQ0= | 12949.5 | 6.09438 | 10423.7 | -0.287277 | -0.957848 | 0 | Scout | 0 | 0.372729 | 403.882 | 0 | 1 | 0 | 1 | 0 | 0 | 0 | 1 | camera |  | -0.287277 | 0 | -0.957848 | -0.287277
SCRIPT       : DATA_LOG | 1353371 | 0dnbV3OoKZVSKsRjRsSreDYKOmPaMHd_PD7pjTKbIH4= | 12831.4 | 6.14775 | 10037.6 | 0.0854008 | -0.996347 | 0 | AugShort | 0 | 1.18779 | 429.489 | 0 | 1 | 0 | 1 | 0 | 0 | 0 | 1 | camera |  | 0.0854008 | 0 | -0.996347 | 0.08540
SCRIPT       : DATA_LOG | 1354351 | aRapBi1cCZPZAGLIDny3dk3hQ8vTmNTLHRl8zxmKgQ0= | 12946.6 | 6.12399 | 10424.1 | -0.450345 | -0.892855 | 0 | Scout | 0 | 10.8215 | 401.07 | 0 | 1 | 0 | 0 | 0 | 0 | 0 | 1 | camera |  | -0.450345 | 0 | -0.892855 | -0.450345 |
SCRIPT       : DATA_LOG | 1354370 | 0dnbV3OoKZVSKsRjRsSreDYKOmPaMHd_PD7pjTKbIH4= | 12836.1 | 6.1474 | 10038.2 | 0.649314 | 0.76052 | 0 | AugShort | 0 | 24.5263 | 401.193 | 0 | 1 | 0 | 0 | 0 | 0 | 0 | 1 | camera |  | 0.649314 | 0 | 0.76052 | 0.649314 | 0 |
SCRIPT       : DATA_LOG | 1355357 | aRapBi1cCZPZAGLIDny3dk3hQ8vTmNTLHRl8zxmKgQ0= | 12944.2 | 6.17499 | 10426 | -0.450355 | -0.89285 | 0 | Scout | 0 | 11.8711 | 397.767 | 0 | 1 | 0 | 0 | 0 | 0 | 0 | 1 | camera |  | -0.450355 | 0 | -0.89285 | -0.450355 | 0 
SCRIPT       : DATA_LOG | 1355376 | 0dnbV3OoKZVSKsRjRsSreDYKOmPaMHd_PD7pjTKbIH4= | 12841.6 | 6.005 | 10041.6 | 0.998976 | 0.0452408 | 0 | AugShort | 0 | 72.4674 | 397.684 | 0 | 1 | 0 | 0 | 0 | 0 | 0 | 1 | camera |  | 0.998976 | 0 | 0.0452408 | 0.998976 | 
SCRIPT       : DATA_LOG | 1356358 | aRapBi1cCZPZAGLIDny3dk3hQ8vTmNTLHRl8zxmKgQ0= | 12941.5 | 6.23727 | 10427.4 | -0.450355 | -0.89285 | 0 | CZ550 | 0 | 12.8941 | 397.454 | 0 | 1 | 0 | 0 | 0 | 0 | 0 | 1 | camera |  | -0.450355 | 0 | -0.89285 | -0.450355 | 
SCRIPT       : DATA_LOG | 1356374 | 0dnbV3OoKZVSKsRjRsSreDYKOmPaMHd_PD7pjTKbIH4= | 12846.2 | 6.19794 | 10041.5 | 0.993626 | -0.112725 | 0 | AugShort | 0 | 74.5574 | 747.827 | 0 | 1 | 1 | 0 | 0 | 0 | 0 | 1 | camera |  | 0.993626 | 0 | -0.112725 | 0.993626 
SCRIPT       : DATA_LOG | 1357356 | aRapBi1cCZPZAGLIDny3dk3hQ8vTmNTLHRl8zxmKgQ0= | 12938.7 | 6.29751 | 10428.6 | -0.913191 | -0.407531 | 0 | CZ550 | 0 | 52.7451 | 397.492 | 0 | 1 | 0 | 0 | 0 | 0 | 0 | 1 | camera |  | -0.913191 | 0 | -0.407531 | -0.913191 
SCRIPT       : DATA_LOG | 1357371 | 0dnbV3OoKZVSKsRjRsSreDYKOmPaMHd_PD7pjTKbIH4= | 12848 | 6.4276 | 10041.6 | 0.8972 | 0.441625 | 0 | AugShort | 0 | 50.6247 | 397.495 | 0 | 1 | 0 | 0 | 0 | 0 | 0 | 1 | camera | Land_HouseBlock_1F4 | 0.8972 | 0 | 0.441625 |
SCRIPT       : DATA_LOG | 1358357 | aRapBi1cCZPZAGLIDny3dk3hQ8vTmNTLHRl8zxmKgQ0= | 12937.6 | 6.37362 | 10431.6 | -0.960167 | 0.279427 | 0 | CZ550 | 0 | 93.2211 | 400.453 | 0 | 1 | 0 | 0 | 0 | 0 | 0 | 1 | camera |  | -0.960167 | 0 | 0.279427 | -0.960167 | 
SCRIPT       : DATA_LOG | 1358374 | 0dnbV3OoKZVSKsRjRsSreDYKOmPaMHd_PD7pjTKbIH4= | 12847.6 | 6.42783 | 10041.3 | -0.63607 | 0.771631 | 0 | AugShort | 0 | 52.4757 | 400.535 | 0 | 1 | 0 | 0 | 0 | 0 | 0 | 1 | camera | Land_HouseBlock_1F4 | -0.63607 | 0 | 0.7
SCRIPT       : DATA_LOG | 1359359 | aRapBi1cCZPZAGLIDny3dk3hQ8vTmNTLHRl8zxmKgQ0= | 12936 | 6.48871 | 10434.6 | -0.971358 | 0.237621 | 0 | CZ550 | 0 | 91.0408 | 402.94 | 0 | 1 | 0 | 0 | 0 | 0 | 0 | 1 | camera |  | -0.971358 | 0 | 0.237621 | -0.971358 | 0 |
SCRIPT       : DATA_LOG | 1359376 | 0dnbV3OoKZVSKsRjRsSreDYKOmPaMHd_PD7pjTKbIH4= | 12847.4 | 6.42789 | 10041.4 | -0.753276 | 0.657704 | 0 | AugShort | 0 | 61.547 | 403.007 | 0 | 1 | 0 | 0 | 0 | 0 | 0 | 1 | camera | Land_HouseBlock_1F4 | -0.753276 | -0 | 0
SCRIPT       : DATA_LOG | 1360421 | aRapBi1cCZPZAGLIDny3dk3hQ8vTmNTLHRl8zxmKgQ0= | 12931.6 | 6.63908 | 10436.5 | -0.923778 | 0.382928 | 0 | CZ550 | 0 | 100.671 | 404.194 | 0 | 1 | 0 | 0 | 0 | 0 | 0 | 1 | camera |  | -0.923778 | 0 | 0.382928 | -0.923778 | 
SCRIPT       : DATA_LOG | 1360436 | 0dnbV3OoKZVSKsRjRsSreDYKOmPaMHd_PD7pjTKbIH4= | 12848.6 | 6.42731 | 10040.8 | 0.0654821 | 0.997854 | 0 | AugShort | 0 | 8.04203 | 404.348 | 0 | 1 | 0 | 0 | 0 | 0 | 0 | 1 | camera | Land_HouseBlock_1F4 | 0.0654821 | 0 | 0
SCRIPT       : DATA_LOG | 1361365 | aRapBi1cCZPZAGLIDny3dk3hQ8vTmNTLHRl8zxmKgQ0= | 12926.5 | 6.91634 | 10440.6 | -0.922316 | 0.386437 | 0 | CZ550 | 0 | 101.731 | 407.168 | 0 | 1 | 0 | 0 | 0 | 0 | 0 | 1 | camera |  | -0.922316 | 0 | 0.386437 | -0.922316 | 
SCRIPT       : DATA_LOG | 1361384 | 0dnbV3OoKZVSKsRjRsSreDYKOmPaMHd_PD7pjTKbIH4= | 12848.8 | 6.42722 | 10040.7 | 0.124578 | 0.99221 | 0 | AugShort | 0 | 3.80318 | 407.46 | 0 | 1 | 0 | 1 | 0 | 0 | 0 | 1 | camera | Land_HouseBlock_1F4 | 0.124578 | 0 | 0.992
SCRIPT       : DATA_LOG | 1362361 | aRapBi1cCZPZAGLIDny3dk3hQ8vTmNTLHRl8zxmKgQ0= | 12922 | 7.33148 | 10444.1 | -0.991738 | 0.128283 | 0 | CZ550 | 0 | 87.118 | 407.333 | 0 | 1 | 0 | 0 | 0 | 0 | 0 | 1 | camera | TreeHard_t_PiceaAbies_3f | -0.991738 | 0 | 0.
SCRIPT       : DATA_LOG | 1362374 | 0dnbV3OoKZVSKsRjRsSreDYKOmPaMHd_PD7pjTKbIH4= | 12849.4 | 6.4269 | 10043.2 | 0.107517 | 0.994203 | 0 | AugShort | 0 | 4.07266 | 407.486 | 0 | 1 | 0 | 1 | 0 | 0 | 0 | 1 | camera | Land_HouseBlock_1F4 | 0.107517 | 0 | 0.99
SCRIPT       : DATA_LOG | 1363389 | aRapBi1cCZPZAGLIDny3dk3hQ8vTmNTLHRl8zxmKgQ0= | 12917.5 | 7.95405 | 10444.7 | -0.999997 | -0.00259098 | 0 | CZ550 | 0 | 80.2335 | 406.816 | 0 | 1 | 0 | 0 | 0 | 0 | 0 | 1 | camera |  | -0.999997 | 0 | -0.00259098 | -0.999
SCRIPT       : DATA_LOG | 1363404 | 0dnbV3OoKZVSKsRjRsSreDYKOmPaMHd_PD7pjTKbIH4= | 12849.5 | 6.42687 | 10043.5 | 0.107517 | 0.994203 | 0 | AugShort | 0 | 3.43091 | 406.84 | 0 | 1 | 0 | 1 | 0 | 0 | 0 | 1 | camera | Land_HouseBlock_1F4 | 0.107517 | 0 | 0.99
SCRIPT       : DATA_LOG | 1364367 | aRapBi1cCZPZAGLIDny3dk3hQ8vTmNTLHRl8zxmKgQ0= | 12911.1 | 8.91031 | 10445.6 | -0.99766 | -0.0683645 | 0 | CZ550 | 0 | 77.3729 | 406.699 | 0 | 1 | 0 | 0 | 0 | 0 | 0 | 1 | camera | TreeSoft_t_PiceaAbies_2sb | -0.99766 | 0 
SCRIPT       : DATA_LOG | 1364386 | 0dnbV3OoKZVSKsRjRsSreDYKOmPaMHd_PD7pjTKbIH4= | 12849.5 | 6.42687 | 10043.5 | 0.107517 | 0.994203 | 0 | AugShort | 0 | 2.54314 | 406.715 | 0 | 1 | 0 | 1 | 0 | 0 | 0 | 1 | camera | Land_HouseBlock_1F4 | 0.107517 | 0 | 0.9
SCRIPT       : DATA_LOG | 1365405 | aRapBi1cCZPZAGLIDny3dk3hQ8vTmNTLHRl8zxmKgQ0= | 12905 | 9.46353 | 10445 | -0.958968 | -0.283514 | 0 | CZ550 | 0 | 65.8097 | 404.4 | 0 | 1 | 0 | 0 | 0 | 0 | 0 | 1 | camera | TreeSoft_t_PiceaAbies_1f | -0.958968 | 0 | -0.2
SCRIPT       : DATA_LOG | 1365421 | 0dnbV3OoKZVSKsRjRsSreDYKOmPaMHd_PD7pjTKbIH4= | 12850.7 | 6.42626 | 10044.2 | -0.158604 | 0.987342 | 0 | AugShort | 0 | 16.8025 | 404.337 | 0 | 1 | 0 | 0 | 0 | 0 | 0 | 1 | camera | Land_HouseBlock_1F4 | -0.158604 | 0 | 0
SCRIPT       : DATA_LOG | 1366400 | aRapBi1cCZPZAGLIDny3dk3hQ8vTmNTLHRl8zxmKgQ0= | 12898.5 | 9.56055 | 10443.5 | -0.728531 | -0.685013 | 0 | CZ550 | 0 | 39.9634 | 400.03 | 0 | 1 | 0 | 0 | 0 | 0 | 0 | 1 | camera | TreeSoft_t_PiceaAbies_2sb | -0.728531 | 0 
SCRIPT       : DATA_LOG | 1366414 | 0dnbV3OoKZVSKsRjRsSreDYKOmPaMHd_PD7pjTKbIH4= | 12851.2 | 6.426 | 10046.2 | -0.997821 | -0.0659815 | 0 | AugShort | 0 | 89.6085 | 436.491 | 0 | 1 | 0 | 0 | 0 | 0 | 0 | 1 | camera | Land_HouseBlock_1F4 | -0.997821 | 0 | -
SCRIPT       : DATA_LOG | 1367373 | aRapBi1cCZPZAGLIDny3dk3hQ8vTmNTLHRl8zxmKgQ0= | 12892.5 | 9.11494 | 10441.1 | -0.911618 | -0.411038 | 0 | CZ550 | 0 | 59.7841 | 397.982 | 0 | 1 | 0 | 0 | 0 | 0 | 0 | 1 | camera |  | -0.911618 | 0 | -0.411038 | -0.911618 
SCRIPT       : DATA_LOG | 1367389 | 0dnbV3OoKZVSKsRjRsSreDYKOmPaMHd_PD7pjTKbIH4= | 12851.3 | 6.42595 | 10045.3 | -0.987283 | -0.15897 | 0 | AugShort | 0 | 84.2328 | 435.517 | 0 | 1 | 0 | 0 | 0 | 0 | 0 | 1 | camera | Land_HouseBlock_1F4 | -0.987283 | 0 | -
SCRIPT       : DATA_LOG | 1368372 | aRapBi1cCZPZAGLIDny3dk3hQ8vTmNTLHRl8zxmKgQ0= | 12889.2 | 8.69296 | 10439.7 | -0.887112 | -0.461554 | 0 | CZ550 | 0 | 56.9943 | 396.791 | 0 | 1 | 0 | 0 | 0 | 0 | 0 | 1 | camera | TreeHard_t_PiceaAbies_2s | -0.887112 | 0 
SCRIPT       : DATA_LOG | 1368387 | 0dnbV3OoKZVSKsRjRsSreDYKOmPaMHd_PD7pjTKbIH4= | 12851.4 | 6.42593 | 10045 | -0.957307 | -0.289072 | 0 | AugShort | 0 | 76.5714 | 435.22 | 0 | 1 | 0 | 0 | 0 | 0 | 0 | 1 | camera | Land_HouseBlock_1F4 | -0.957307 | 0 | -0.
SCRIPT       : DATA_LOG | 1369371 | aRapBi1cCZPZAGLIDny3dk3hQ8vTmNTLHRl8zxmKgQ0= | 12889.2 | 8.69296 | 10439.7 | -0.650232 | -0.759736 | 0 | CZ550 | 0 | 35.0483 | 396.736 | 0 | 1 | 0 | 0 | 0 | 0 | 0 | 1 | camera | TreeHard_t_PiceaAbies_2s | -0.650232 | 0 
SCRIPT       : DATA_LOG | 1369389 | 0dnbV3OoKZVSKsRjRsSreDYKOmPaMHd_PD7pjTKbIH4= | 12851.4 | 6.4259 | 10044.8 | -0.954433 | -0.298425 | 0 | AugShort | 0 | 76.0041 | 435.021 | 0 | 1 | 0 | 0 | 0 | 0 | 0 | 1 | camera | Land_HouseBlock_1F4 | -0.954433 | 0 | -
SCRIPT       : DATA_LOG | 1370373 | aRapBi1cCZPZAGLIDny3dk3hQ8vTmNTLHRl8zxmKgQ0= | 12892 | 8.3272 | 10436.9 | 0.335433 | -0.942064 | 0 | CZ550 | 0 | 20.6427 | 826.548 | 0 | 1 | 0 | 0 | 0 | 0 | 0 | 1 | camera |  | 0.335433 | 0 | -0.942064 | 0.335433 | 0 | 
SCRIPT       : DATA_LOG | 1370388 | 0dnbV3OoKZVSKsRjRsSreDYKOmPaMHd_PD7pjTKbIH4= | 12851.4 | 6.42593 | 10044.9 | -0.934375 | -0.356292 | 0 | AugShort | 0 | 72.5014 | 435.186 | 0 | 1 | 0 | 0 | 0 | 0 | 0 | 1 | camera | Land_HouseBlock_1F4 | -0.934375 | 0 | 
SCRIPT       : DATA_LOG | 1371394 | aRapBi1cCZPZAGLIDny3dk3hQ8vTmNTLHRl8zxmKgQ0= | 12892.4 | 7.93963 | 10434.3 | -0.128114 | -0.991759 | 0 | CZ550 | 0 | 1.30071 | 391.576 | 0 | 1 | 0 | 1 | 0 | 0 | 0 | 1 | camera |  | -0.128114 | 0 | -0.991759 | -0.128114 
SCRIPT       : DATA_LOG | 1371411 | 0dnbV3OoKZVSKsRjRsSreDYKOmPaMHd_PD7pjTKbIH4= | 12851.4 | 6.42593 | 10044.9 | -0.934375 | -0.356292 | 0 | AugShort | 0 | 72.5014 | 435.186 | 0 | 1 | 0 | 0 | 0 | 0 | 0 | 1 | camera | Land_HouseBlock_1F4 | -0.934375 | 0 | 
SCRIPT       : DATA_LOG | 1372375 | aRapBi1cCZPZAGLIDny3dk3hQ8vTmNTLHRl8zxmKgQ0= | 12892.4 | 7.93963 | 10434.3 | -0.128114 | -0.991759 | 0 | CZ550 | 0 | 1.30116 | 391.58 | 0 | 1 | 0 | 1 | 0 | 0 | 0 | 1 | camera |  | -0.128114 | 0 | -0.991759 | -0.128114 |
SCRIPT       : DATA_LOG | 1372391 | 0dnbV3OoKZVSKsRjRsSreDYKOmPaMHd_PD7pjTKbIH4= | 12851.4 | 6.42593 | 10044.9 | -0.934375 | -0.356292 | 0 | AugShort | 0 | 72.5014 | 435.186 | 0 | 1 | 0 | 0 | 0 | 0 | 0 | 1 | camera | Land_HouseBlock_1F4 | -0.934375 | 0 | 
SCRIPT       : DATA_LOG | 1373373 | aRapBi1cCZPZAGLIDny3dk3hQ8vTmNTLHRl8zxmKgQ0= | 12892.4 | 7.93963 | 10434.3 | -0.128114 | -0.991759 | 0 | CZ550 | 0 | 1.2998 | 391.583 | 0 | 1 | 0 | 1 | 0 | 0 | 0 | 1 | camera |  | -0.128114 | 0 | -0.991759 | -0.128114 |
SCRIPT       : DATA_LOG | 1373388 | 0dnbV3OoKZVSKsRjRsSreDYKOmPaMHd_PD7pjTKbIH4= | 12851.4 | 6.42593 | 10044.9 | -0.934375 | -0.356292 | 0 | AugShort | 0 | 72.5014 | 435.186 | 0 | 1 | 0 | 0 | 0 | 0 | 0 | 1 | camera | Land_HouseBlock_1F4 | -0.934375 | 0 | 
SCRIPT       : DATA_LOG | 1374375 | aRapBi1cCZPZAGLIDny3dk3hQ8vTmNTLHRl8zxmKgQ0= | 12892.1 | 8.02644 | 10434.9 | -0.920538 | -0.390653 | 0 | none | 0 | 60.992 | 392.155 | 0 | 1 | 0 | 0 | 0 | 0 | 0 | 1 | camera |  | -0.920538 | 0 | -0.390653 | -0.920538 | 
SCRIPT       : DATA_LOG | 1374390 | 0dnbV3OoKZVSKsRjRsSreDYKOmPaMHd_PD7pjTKbIH4= | 12851.4 | 6.42593 | 10044.9 | -0.934375 | -0.356292 | 0 | AugShort | 0 | 72.5014 | 435.186 | 0 | 1 | 0 | 0 | 0 | 0 | 0 | 1 | camera | Land_HouseBlock_1F4 | -0.934375 | 0 | 
SCRIPT       : DATA_LOG | 1375381 | aRapBi1cCZPZAGLIDny3dk3hQ8vTmNTLHRl8zxmKgQ0= | 12890.7 | 8.12525 | 10435.7 | -0.99818 | -0.0603094 | 0 | none | 0 | 80.7403 | 392.745 | 0 | 1 | 0 | 0 | 0 | 0 | 0 | 1 | camera | TreeHard_t_PiceaAbies_2s | -0.99818 | 0 | 
SCRIPT       : DATA_LOG | 1375401 | 0dnbV3OoKZVSKsRjRsSreDYKOmPaMHd_PD7pjTKbIH4= | 12851.4 | 6.42593 | 10044.9 | -0.934375 | -0.356292 | 0 | AugShort | 0 | 72.5014 | 435.186 | 0 | 1 | 0 | 0 | 0 | 0 | 0 | 1 | camera | Land_HouseBlock_1F4 | -0.934375 | 0 | 
SCRIPT       : DATA_LOG | 1376385 | aRapBi1cCZPZAGLIDny3dk3hQ8vTmNTLHRl8zxmKgQ0= | 12886.1 | 8.31398 | 10436.8 | -0.936248 | 0.351339 | 0 | none | 0 | 105.448 | 393.38 | 0 | 1 | 0 | 0 | 0 | 0 | 0 | 1 | camera | TreeHard_t_PiceaAbies_2s | -0.936248 | 0 | 0
SCRIPT       : DATA_LOG | 1376407 | 0dnbV3OoKZVSKsRjRsSreDYKOmPaMHd_PD7pjTKbIH4= | 12851.4 | 6.42593 | 10044.9 | -0.934375 | -0.356292 | 0 | AugShort | 0 | 72.5014 | 435.186 | 0 | 1 | 0 | 0 | 0 | 0 | 0 | 1 | camera | Land_HouseBlock_1F4 | -0.934375 | 0 | 
SCRIPT       : DATA_LOG | 1377383 | aRapBi1cCZPZAGLIDny3dk3hQ8vTmNTLHRl8zxmKgQ0= | 12882.4 | 8.52953 | 10438.5 | -0.930218 | 0.367007 | 0 | none | 0 | 106.972 | 394.905 | 0 | 1 | 0 | 0 | 0 | 0 | 0 | 1 | camera | TreeHard_t_pyrusCommunis_3s | -0.930218 | 0
SCRIPT       : DATA_LOG | 1377401 | 0dnbV3OoKZVSKsRjRsSreDYKOmPaMHd_PD7pjTKbIH4= | 12851.4 | 6.42593 | 10044.9 | -0.893141 | -0.449776 | 0 | AugShort | 0 | 66.6447 | 435.186 | 0 | 1 | 0 | 0 | 0 | 0 | 0 | 1 | camera | Land_HouseBlock_1F4 | -0.893141 | 0 | 
SCRIPT       : DATA_LOG | 1378379 | aRapBi1cCZPZAGLIDny3dk3hQ8vTmNTLHRl8zxmKgQ0= | 12879.2 | 8.83799 | 10440.8 | -0.9991 | 0.042424 | 0 | none | 0 | 88.3882 | 396.899 | 0 | 1 | 0 | 0 | 0 | 0 | 0 | 1 | camera | TreeHard_t_PiceaAbies_3f | -0.9991 | 0 | 0.04
SCRIPT       : DATA_LOG | 1378393 | 0dnbV3OoKZVSKsRjRsSreDYKOmPaMHd_PD7pjTKbIH4= | 12851.4 | 6.42593 | 10044.9 | -0.893141 | -0.449776 | 1 | AugShort | 0 | 66.6447 | 435.186 | 0 | 1 | 0 | 0 | 0 | 0 | 0 | 1 | camera | Land_HouseBlock_1F4 | -0.893141 | 0 | 
SCRIPT       : DATA_LOG | 1379401 | aRapBi1cCZPZAGLIDny3dk3hQ8vTmNTLHRl8zxmKgQ0= | 12875.6 | 9.17657 | 10442.3 | -0.99972 | -0.0236817 | 0 | none | 0 | 85.1415 | 398.086 | 0 | 1 | 0 | 0 | 0 | 0 | 0 | 1 | camera | Static_stone5_Trail_G | -0.99972 | 0 | -0.
SCRIPT       : DATA_LOG | 1379415 | 0dnbV3OoKZVSKsRjRsSreDYKOmPaMHd_PD7pjTKbIH4= | 12851.4 | 6.42593 | 10044.9 | -0.893141 | -0.449776 | 1 | AugShort | 0 | 66.6447 | 435.186 | 0 | 1 | 0 | 0 | 0 | 0 | 0 | 1 | camera | Land_HouseBlock_1F4 | -0.893141 | 0 | 
SCRIPT       : DATA_LOG | 1380381 | aRapBi1cCZPZAGLIDny3dk3hQ8vTmNTLHRl8zxmKgQ0= | 12871.6 | 9.61796 | 10443.2 | -0.999724 | -0.0235086 | 0 | none | 0 | 85.7163 | 398.82 | 0 | 1 | 0 | 0 | 0 | 0 | 0 | 1 | camera | TreeHard_t_PiceaAbies_2s | -0.999724 | 0 |
SCRIPT       : DATA_LOG | 1380395 | 0dnbV3OoKZVSKsRjRsSreDYKOmPaMHd_PD7pjTKbIH4= | 12851.4 | 6.42593 | 10044.9 | -0.893141 | -0.449776 | 1 | AugShort | 0 | 66.6447 | 435.186 | 0 | 1 | 0 | 0 | 0 | 0 | 1 | 1 | camera | Land_HouseBlock_1F4 | -0.893141 | 0 | 
SCRIPT       : DATA_LOG | 1381381 | aRapBi1cCZPZAGLIDny3dk3hQ8vTmNTLHRl8zxmKgQ0= | 12867.7 | 10.1296 | 10444.4 | -0.904959 | 0.425498 | 0 | none | 0 | 112.814 | 399.803 | 0 | 1 | 0 | 0 | 0 | 0 | 0 | 1 | camera | Land_Misc_DeerStand1 | -0.904959 | 0 | 0.42
SCRIPT       : DATA_LOG | 1381395 | 0dnbV3OoKZVSKsRjRsSreDYKOmPaMHd_PD7pjTKbIH4= | 12851.4 | 6.42593 | 10044.9 | -0.893141 | -0.449776 | 1 | AugShort | 0 | 66.6447 | 435.186 | 0 | 1 | 0 | 0 | 0 | 0 | 1 | 1 | camera | Land_HouseBlock_1F4 | -0.893141 | 0 | 
SCRIPT       : DATA_LOG | 1382382 | aRapBi1cCZPZAGLIDny3dk3hQ8vTmNTLHRl8zxmKgQ0= | 12864.5 | 10.7554 | 10446.8 | -0.903422 | 0.428753 | 0 | none | 0 | 113.491 | 402.059 | 0 | 1 | 0 | 0 | 0 | 0 | 0 | 1 | camera | TreeHard_t_PiceaAbies_3f | -0.903422 | 0 | 
SCRIPT       : DATA_LOG | 1382396 | 0dnbV3OoKZVSKsRjRsSreDYKOmPaMHd_PD7pjTKbIH4= | 12851.4 | 6.42593 | 10044.9 | -0.893141 | -0.449776 | 1 | AugShort | 0 | 66.6447 | 435.186 | 0 | 1 | 0 | 0 | 0 | 0 | 1 | 1 | camera | Land_HouseBlock_1F4 | -0.893141 | 0 | 
SCRIPT       : DATA_LOG | 1383384 | aRapBi1cCZPZAGLIDny3dk3hQ8vTmNTLHRl8zxmKgQ0= | 12861 | 11.3332 | 10448.7 | -0.903422 | 0.428753 | 0 | none | 0 | 114.004 | 403.858 | 0 | 1 | 0 | 0 | 0 | 0 | 0 | 1 | camera | TreeHard_t_PiceaAbies_3f | -0.903422 | 0 | 0.
SCRIPT       : DATA_LOG | 1383399 | 0dnbV3OoKZVSKsRjRsSreDYKOmPaMHd_PD7pjTKbIH4= | 12851.4 | 6.42593 | 10044.9 | -0.893141 | -0.449776 | 1 | AugShort | 0 | 66.6447 | 435.186 | 0 | 1 | 0 | 0 | 0 | 0 | 1 | 1 | camera | Land_HouseBlock_1F4 | -0.893141 | 0 | 
SCRIPT       : DATA_LOG | 1384386 | aRapBi1cCZPZAGLIDny3dk3hQ8vTmNTLHRl8zxmKgQ0= | 12857.4 | 11.8957 | 10450.6 | -0.915872 | 0.40147 | 0 | none | 0 | 112.792 | 405.741 | 0 | 1 | 0 | 0 | 0 | 0 | 0 | 1 | camera | TreeSoft_t_PiceaAbies_2sb | -0.915872 | 0 | 
SCRIPT       : DATA_LOG | 1384402 | 0dnbV3OoKZVSKsRjRsSreDYKOmPaMHd_PD7pjTKbIH4= | 12851.4 | 6.42593 | 10044.9 | -0.893141 | -0.449776 | 1 | AugShort | 0 | 66.6447 | 435.186 | 0 | 1 | 0 | 0 | 0 | 0 | 1 | 1 | camera | Land_HouseBlock_1F4 | -0.893141 | 0 | 
SCRIPT       : DATA_LOG | 1385407 | aRapBi1cCZPZAGLIDny3dk3hQ8vTmNTLHRl8zxmKgQ0= | 12853.7 | 12.4241 | 10452.2 | -0.918192 | 0.396136 | 0 | none | 0 | 112.983 | 407.305 | 0 | 1 | 0 | 0 | 0 | 0 | 0 | 1 | camera | TreeHard_t_PiceaAbies_2s | -0.918192 | 0 | 
SCRIPT       : DATA_LOG | 1385425 | 0dnbV3OoKZVSKsRjRsSreDYKOmPaMHd_PD7pjTKbIH4= | 12851.4 | 6.42593 | 10044.9 | -0.893141 | -0.449776 | 1 | AugShort | 0 | 66.6447 | 435.186 | 0 | 1 | 0 | 0 | 0 | 0 | 1 | 1 | camera | Land_HouseBlock_1F4 | -0.893141 | 0 | 
SCRIPT       : DATA_LOG | 1386394 | aRapBi1cCZPZAGLIDny3dk3hQ8vTmNTLHRl8zxmKgQ0= | 12850.2 | 12.9648 | 10454.1 | -0.918192 | 0.396136 | 0 | none | 0 | 113.446 | 409.177 | 0 | 1 | 0 | 0 | 0 | 0 | 0 | 1 | camera | TreeHard_t_PiceaAbies_3f | -0.918192 | 0 | 
SCRIPT       : DATA_LOG | 1386410 | 0dnbV3OoKZVSKsRjRsSreDYKOmPaMHd_PD7pjTKbIH4= | 12851.4 | 6.42593 | 10044.9 | -0.893141 | -0.449776 | 0 | AugShort | 0 | 66.6447 | 435.186 | 0 | 1 | 0 | 0 | 0 | 0 | 0 | 1 | camera | Land_HouseBlock_1F4 | -0.893141 | 0 | 
SCRIPT       : DATA_LOG | 1387392 | aRapBi1cCZPZAGLIDny3dk3hQ8vTmNTLHRl8zxmKgQ0= | 12849.8 | 13.2452 | 10457.7 | -0.999991 | 0.00418176 | 0 | none | 0 | 90.405 | 412.755 | 0 | 1 | 0 | 0 | 0 | 0 | 0 | 1 | camera | TreeHard_t_PiceaAbies_3f | -0.999991 | 0 |
SCRIPT       : DATA_LOG | 1387409 | 0dnbV3OoKZVSKsRjRsSreDYKOmPaMHd_PD7pjTKbIH4= | 12851.4 | 6.42593 | 10044.9 | -0.893141 | -0.449776 | 0 | AugShort | 0 | 66.6447 | 435.186 | 0 | 1 | 0 | 0 | 0 | 0 | 0 | 1 | camera | Land_HouseBlock_1F4 | -0.893141 | 0 | 
SCRIPT       : DATA_LOG | 1388393 | aRapBi1cCZPZAGLIDny3dk3hQ8vTmNTLHRl8zxmKgQ0= | 12846 | 13.5617 | 10458.4 | -0.999956 | -0.00936146 | 0 | none | 0 | 90.1543 | 413.552 | 0 | 1 | 0 | 0 | 0 | 0 | 0 | 1 | camera | TreeHard | -0.999956 | 0 | -0.00936146 | -
SCRIPT       : DATA_LOG | 1388407 | 0dnbV3OoKZVSKsRjRsSreDYKOmPaMHd_PD7pjTKbIH4= | 12851.4 | 6.42593 | 10044.9 | -0.893141 | -0.449776 | 0 | AugShort | 0 | 66.6447 | 435.186 | 0 | 1 | 0 | 0 | 0 | 0 | 0 | 1 | camera | Land_HouseBlock_1F4 | -0.893141 | 0 | 
SCRIPT       : DATA_LOG | 1389418 | aRapBi1cCZPZAGLIDny3dk3hQ8vTmNTLHRl8zxmKgQ0= | 12841.4 | 13.6306 | 10457.8 | -0.935137 | -0.354288 | 0 | none | 0 | 70.5857 | 413.018 | 0 | 1 | 0 | 0 | 0 | 0 | 0 | 1 | camera | TreeSoft_t_PiceaAbies_2sb | -0.935137 | 0 
SCRIPT       : DATA_LOG | 1389436 | 0dnbV3OoKZVSKsRjRsSreDYKOmPaMHd_PD7pjTKbIH4= | 12851.4 | 6.42593 | 10044.9 | -0.893141 | -0.449776 | 0 | AugShort | 0 | 66.6447 | 435.186 | 0 | 1 | 0 | 0 | 0 | 0 | 0 | 1 | camera | Land_HouseBlock_1F4 | -0.893141 | 0 | 
SCRIPT       : DATA_LOG | 1390391 | aRapBi1cCZPZAGLIDny3dk3hQ8vTmNTLHRl8zxmKgQ0= | 12835.2 | 13.5538 | 10455.5 | -0.924355 | -0.381533 | 0 | none | 0 | 69.7667 | 409.965 | 0 | 1 | 0 | 0 | 0 | 0 | 0 | 1 | camera | TreeSoft_t_PiceaAbies_2sb | -0.924355 | 0 
SCRIPT       : DATA_LOG | 1390406 | 0dnbV3OoKZVSKsRjRsSreDYKOmPaMHd_PD7pjTKbIH4= | 12851.3 | 6.42593 | 10045.8 | -0.999344 | -0.0362292 | 0 | AugShort | 0 | 89.7712 | 409.96 | 0 | 1 | 0 | 0 | 0 | 0 | 0 | 1 | camera | Land_HouseBlock_1F4 | -0.999344 | 0 | 
SCRIPT       : DATA_LOG | 1391394 | aRapBi1cCZPZAGLIDny3dk3hQ8vTmNTLHRl8zxmKgQ0= | 12828.8 | 14.2583 | 10453.7 | -0.935973 | -0.352072 | 0 | none | 0 | 72.5807 | 407.724 | 0 | 1 | 0 | 0 | 0 | 0 | 0 | 1 | camera | Land_Office1 | -0.935973 | 0 | -0.352072 |
SCRIPT       : DATA_LOG | 1391409 | 0dnbV3OoKZVSKsRjRsSreDYKOmPaMHd_PD7pjTKbIH4= | 12852 | 6.4256 | 10046.8 | -0.996679 | -0.0814268 | 0 | AugShort | 0 | 88.6126 | 436.994 | 0 | 1 | 0 | 0 | 0 | 0 | 0 | 1 | camera | Land_HouseBlock_1F4 | -0.996679 | 0 | -0
SCRIPT       : DATA_LOG | 1392395 | aRapBi1cCZPZAGLIDny3dk3hQ8vTmNTLHRl8zxmKgQ0= | 12822.5 | 15.1951 | 10451.4 | -0.935571 | -0.353139 | 0 | none | 0 | 73.0293 | 842.732 | 0 | 1 | 0 | 0 | 0 | 0 | 0 | 1 | camera | TreeSoft_t_town_1s | -0.935571 | 0 | -0.35
SCRIPT       : DATA_LOG | 1392412 | 0dnbV3OoKZVSKsRjRsSreDYKOmPaMHd_PD7pjTKbIH4= | 12852.4 | 6.42539 | 10046.8 | -0.996558 | -0.0829043 | 0 | AugShort | 0 | 88.4697 | 436.929 | 0 | 1 | 0 | 0 | 0 | 0 | 0 | 1 | camera | Land_HouseBlock_1F4 | -0.996558 | 0 |
SCRIPT       : DATA_LOG | 1393394 | aRapBi1cCZPZAGLIDny3dk3hQ8vTmNTLHRl8zxmKgQ0= | 12815.9 | 16.0616 | 10450.8 | -0.994918 | -0.100694 | 0 | none | 0 | 88.3818 | 842.599 | 0 | 1 | 0 | 0 | 0 | 0 | 0 | 1 | camera | TreeHard_t_PiceaAbies_3f | -0.994918 | 0 |
SCRIPT       : DATA_LOG | 1393413 | 0dnbV3OoKZVSKsRjRsSreDYKOmPaMHd_PD7pjTKbIH4= | 12852.4 | 6.42539 | 10046.8 | -0.996558 | -0.0829042 | 0 | AugShort | 0 | 88.4696 | 436.927 | 0 | 1 | 0 | 0 | 0 | 0 | 0 | 1 | camera | Land_HouseBlock_1F4 | -0.996558 | 0 |
SCRIPT       : DATA_LOG | 1394395 | aRapBi1cCZPZAGLIDny3dk3hQ8vTmNTLHRl8zxmKgQ0= | 12809.1 | 16.2053 | 10450.3 | -0.97672 | -0.21452 | 0 | none | 0 | 82.2322 | 842.601 | 0 | 1 | 0 | 0 | 0 | 0 | 0 | 1 | camera | TreeHard_t_PiceaAbies_3f | -0.97672 | 0 | -0
SCRIPT       : DATA_LOG | 1394409 | 0dnbV3OoKZVSKsRjRsSreDYKOmPaMHd_PD7pjTKbIH4= | 12852.4 | 6.42539 | 10046.8 | -0.913309 | -0.407268 | 0 | AugShort | 0 | 69.1918 | 436.927 | 0 | 1 | 0 | 0 | 0 | 0 | 0 | 1 | camera | Land_HouseBlock_1F4 | -0.913309 | 0 | 
SCRIPT       : DATA_LOG | 1395396 | aRapBi1cCZPZAGLIDny3dk3hQ8vTmNTLHRl8zxmKgQ0= | 12802.5 | 16.3952 | 10448.8 | -0.964612 | -0.263675 | 0 | none | 0 | 79.7865 | 841.684 | 0 | 1 | 0 | 0 | 0 | 0 | 0 | 1 | camera | Land_HouseBlock_2F9 | -0.964612 | 0 | -0.2
SCRIPT       : DATA_LOG | 1395413 | 0dnbV3OoKZVSKsRjRsSreDYKOmPaMHd_PD7pjTKbIH4= | 12852.4 | 6.42539 | 10046.7 | -0.611911 | -0.790926 | 0 | AugShort | 0 | 40.9532 | 436.923 | 0 | 1 | 0 | 0 | 0 | 0 | 0 | 1 | camera | Land_HouseBlock_1F4 | -0.611911 | 0 | 
SCRIPT       : DATA_LOG | 1396397 | aRapBi1cCZPZAGLIDny3dk3hQ8vTmNTLHRl8zxmKgQ0= | 12797.2 | 16.8877 | 10450.1 | -0.868192 | -0.496228 | 0 | none | 0 | 65.6782 | 843.443 | 0 | 1 | 0 | 0 | 0 | 0 | 0 | 1 | camera | Land_HouseBlock_2F9 | -0.868192 | 0 | -0.4
SCRIPT       : DATA_LOG | 1396413 | 0dnbV3OoKZVSKsRjRsSreDYKOmPaMHd_PD7pjTKbIH4= | 12852.1 | 6.42555 | 10046.7 | -0.946375 | -0.323071 | 0 | AugShort | 0 | 74.4207 | 436.864 | 0 | 1 | 0 | 0 | 0 | 0 | 0 | 1 | camera | Land_HouseBlock_1F4 | -0.946375 | 0 | 
SCRIPT       : DATA_LOG | 1397402 | aRapBi1cCZPZAGLIDny3dk3hQ8vTmNTLHRl8zxmKgQ0= | 12796 | 17.0871 | 10451.5 | -0.515271 | -0.857027 | 0 | FAL | 0 | 36.5208 | 844.972 | 0 | 1 | 0 | 0 | 0 | 0 | 0 | 1 | camera | TreeHard_t_PiceaAbies_3f | -0.515271 | 0 | -0
SCRIPT       : DATA_LOG | 1397417 | 0dnbV3OoKZVSKsRjRsSreDYKOmPaMHd_PD7pjTKbIH4= | 12852.1 | 6.42555 | 10046.7 | -0.946375 | -0.323071 | 0 | AugShort | 0 | 74.4207 | 436.864 | 0 | 1 | 0 | 0 | 0 | 0 | 0 | 1 | camera | Land_HouseBlock_1F4 | -0.946375 | 0 | 
SCRIPT       : DATA_LOG | 1398400 | aRapBi1cCZPZAGLIDny3dk3hQ8vTmNTLHRl8zxmKgQ0= | 12794.8 | 17.2399 | 10452.1 | -0.429807 | -0.902921 | 1 | FAL | 0 | 31.0384 | 845.663 | 0 | 1 | 0 | 0 | 0 | 0 | 1 | 1 | camera | Land_HouseBlock_2F9 | -0.429807 | 0 | -0.90
SCRIPT       : DATA_LOG | 1398417 | 0dnbV3OoKZVSKsRjRsSreDYKOmPaMHd_PD7pjTKbIH4= | 12852.1 | 6.42555 | 10046.7 | -0.946375 | -0.323071 | 1 | AugShort | 0 | 74.4207 | 436.864 | 0 | 1 | 0 | 0 | 0 | 0 | 1 | 1 | camera | Land_HouseBlock_1F4 | -0.946375 | 0 | 
SCRIPT       : DATA_LOG | 1399398 | aRapBi1cCZPZAGLIDny3dk3hQ8vTmNTLHRl8zxmKgQ0= | 12794.9 | 17.2322 | 10452.1 | -0.4691 | -0.883145 | 1 | FAL | 0 | 33.556 | 845.628 | 0 | 1 | 0 | 0 | 0 | 0 | 1 | 1 | camera | Land_HouseBlock_2F9 | -0.4691 | 0 | -0.883145 
SCRIPT       : DATA_LOG | 1399418 | 0dnbV3OoKZVSKsRjRsSreDYKOmPaMHd_PD7pjTKbIH4= | 12852 | 6.42557 | 10046.7 | -0.991467 | -0.130354 | 1 | AugShort | 0 | 85.7837 | 436.857 | 0 | 1 | 0 | 0 | 0 | 0 | 1 | 1 | camera | Land_HouseBlock_1F4 | -0.991467 | 0 | -0
SCRIPT       : DATA_LOG | 1400405 | aRapBi1cCZPZAGLIDny3dk3hQ8vTmNTLHRl8zxmKgQ0= | 12793.2 | 17.4893 | 10452.1 | -0.490424 | -0.871484 | 0 | FAL | 0 | 35.0619 | 845.84 | 0 | 1 | 0 | 0 | 0 | 0 | 0 | 1 | camera | TreeHard_t_PiceaAbies_3f | -0.490424 | 0 | -
SCRIPT       : DATA_LOG | 1400422 | 0dnbV3OoKZVSKsRjRsSreDYKOmPaMHd_PD7pjTKbIH4= | 12852 | 6.4256 | 10046.6 | -0.999971 | -0.00767633 | 1 | AugShort | 0 | 82.1743 | 409.757 | 0 | 1 | 0 | 0 | 0 | 0 | 1 | 1 | camera | Land_HouseBlock_1F4 | -0.999971 | 0 | -
SCRIPT       : DATA_LOG | 1401402 | aRapBi1cCZPZAGLIDny3dk3hQ8vTmNTLHRl8zxmKgQ0= | 12793 | 17.5293 | 10452.2 | -0.54569 | -0.837987 | 1 | FAL | 0 | 38.7786 | 845.957 | 0 | 1 | 0 | 0 | 0 | 0 | 1 | 1 | camera | TreeHard_t_PiceaAbies_3f | -0.54569 | 0 | -0.8
SCRIPT       : DATA_LOG | 1401418 | 0dnbV3OoKZVSKsRjRsSreDYKOmPaMHd_PD7pjTKbIH4= | 12852 | 6.4256 | 10046.6 | -0.999971 | -0.00767633 | 0 | AugShort | 0 | 82.1425 | 410.065 | 0 | 1 | 0 | 0 | 0 | 0 | 0 | 1 | camera | Land_HouseBlock_1F4 | -0.999971 | 0 | -
SCRIPT       : DATA_LOG | 1402410 | aRapBi1cCZPZAGLIDny3dk3hQ8vTmNTLHRl8zxmKgQ0= | 12791.6 | 17.7334 | 10452.1 | -0.618038 | -0.786148 | 0 | FAL | 0 | 43.9741 | 846 | 0 | 1 | 0 | 0 | 0 | 0 | 0 | 1 | camera | Land_HouseBlock_1F4 | -0.618038 | 0 | -0.786148
SCRIPT       : DATA_LOG | 1402426 | 0dnbV3OoKZVSKsRjRsSreDYKOmPaMHd_PD7pjTKbIH4= | 12851.6 | 6.42579 | 10046 | -0.653796 | -0.756671 | 0 | AugShort | 0 | 44.163 | 436.212 | 0 | 1 | 0 | 0 | 0 | 0 | 0 | 1 | camera | Land_HouseBlock_1F4 | -0.653796 | 0 | -0.
SCRIPT       : DATA_LOG | 1403406 | aRapBi1cCZPZAGLIDny3dk3hQ8vTmNTLHRl8zxmKgQ0= | 12785.6 | 17.6251 | 10450.9 | -0.860029 | -0.510244 | 0 | FAL | 0 | 65.5278 | 845.411 | 0 | 1 | 0 | 0 | 0 | 0 | 0 | 1 | camera | Land_HouseBlock_1F3 | -0.860029 | 0 | -0.51
SCRIPT       : DATA_LOG | 1403424 | 0dnbV3OoKZVSKsRjRsSreDYKOmPaMHd_PD7pjTKbIH4= | 12851.2 | 6.42602 | 10044.8 | -0.727038 | -0.686597 | 0 | AugShort | 0 | 50.0399 | 435.014 | 0 | 1 | 0 | 0 | 0 | 0 | 0 | 1 | camera | Land_HouseBlock_1F4 | -0.727038 | 0 | 
SCRIPT       : DATA_LOG | 1404411 | aRapBi1cCZPZAGLIDny3dk3hQ8vTmNTLHRl8zxmKgQ0= | 12779.1 | 16.8408 | 10449.4 | -0.952082 | -0.305842 | 0 | FAL | 0 | 78.8451 | 844.673 | 0 | 1 | 0 | 0 | 0 | 0 | 0 | 1 | camera | TreeHard_t_PiceaAbies_3f | -0.952082 | 0 | 
SCRIPT       : DATA_LOG | 1404425 | 0dnbV3OoKZVSKsRjRsSreDYKOmPaMHd_PD7pjTKbIH4= | 12850.4 | 6.42643 | 10043.8 | -0.524494 | -0.851414 | 0 | AugShort | 0 | 35.1483 | 434.079 | 0 | 1 | 0 | 0 | 0 | 0 | 0 | 1 | camera | Land_HouseBlock_1F4 | -0.524494 | 0 | 
SCRIPT       : DATA_LOG | 1405407 | aRapBi1cCZPZAGLIDny3dk3hQ8vTmNTLHRl8zxmKgQ0= | 12772.4 | 17.2333 | 10449.4 | -0.964784 | -0.263044 | 0 | FAL | 0 | 81.8535 | 845.495 | 0 | 1 | 0 | 0 | 0 | 0 | 0 | 1 | camera | Land_House_2W02 | -0.964784 | 0 | -0.263044
SCRIPT       : DATA_LOG | 1405421 | 0dnbV3OoKZVSKsRjRsSreDYKOmPaMHd_PD7pjTKbIH4= | 12849.4 | 6.42694 | 10043 | 0.617364 | -0.786678 | 0 | AugShort | 0 | 29.4132 | 748.763 | 0 | 1 | 1 | 0 | 0 | 0 | 0 | 1 | camera | Land_HouseBlock_1F4 | 0.617364 | 0 | -0.7
SCRIPT       : DATA_LOG | 1406435 | aRapBi1cCZPZAGLIDny3dk3hQ8vTmNTLHRl8zxmKgQ0= | 12765.8 | 17.7878 | 10450.1 | -0.902447 | -0.4308 | 0 | FAL | 0 | 72.0251 | 847.008 | 0 | 1 | 0 | 0 | 0 | 0 | 0 | 1 | camera | Land_House_2W02 | -0.902447 | 0 | -0.4308 | -
SCRIPT       : DATA_LOG | 1406454 | 0dnbV3OoKZVSKsRjRsSreDYKOmPaMHd_PD7pjTKbIH4= | 12848.8 | 6.42723 | 10041.9 | 0.953116 | -0.302605 | 0 | AugShort | 0 | 63.6195 | 747.808 | 0 | 1 | 1 | 0 | 0 | 0 | 0 | 1 | camera | Land_HouseBlock_1F4 | 0.953116 | 0 | -0
SCRIPT       : DATA_LOG | 1407410 | aRapBi1cCZPZAGLIDny3dk3hQ8vTmNTLHRl8zxmKgQ0= | 12759.9 | 18.0755 | 10447.3 | -0.814179 | -0.580614 | 0 | FAL | 0 | 62.4778 | 845.008 | 0 | 1 | 0 | 0 | 0 | 0 | 0 | 1 | camera | TreeHard_t_PiceaAbies_2s | -0.814179 | 0 | 
SCRIPT       : DATA_LOG | 1407425 | 0dnbV3OoKZVSKsRjRsSreDYKOmPaMHd_PD7pjTKbIH4= | 12849.6 | 6.42686 | 10040.9 | 0.99904 | 0.043801 | 0 | AugShort | 0 | 83.792 | 746.651 | 0 | 1 | 1 | 0 | 0 | 0 | 0 | 1 | camera | Land_HouseBlock_1F4 | 0.99904 | 0 | 0.0438
SCRIPT       : DATA_LOG | 1408411 | aRapBi1cCZPZAGLIDny3dk3hQ8vTmNTLHRl8zxmKgQ0= | 12754.1 | 18.4842 | 10443.9 | -0.858383 | -0.513009 | 0 | FAL | 0 | 67.5247 | 842.486 | 0 | 1 | 0 | 0 | 0 | 0 | 0 | 1 | camera |  | -0.858383 | 0 | -0.513009 | -0.858383 | 
SCRIPT       : DATA_LOG | 1408425 | 0dnbV3OoKZVSKsRjRsSreDYKOmPaMHd_PD7pjTKbIH4= | 12850.8 | 6.42626 | 10040.3 | 0.779472 | 0.626438 | 0 | AugShort | 0 | 64.7456 | 415.105 | 0 | 1 | 0 | 0 | 0 | 0 | 0 | 1 | camera | Land_HouseBlock_1F4 | 0.779472 | 0 | 0.6
SCRIPT       : DATA_LOG | 1409416 | aRapBi1cCZPZAGLIDny3dk3hQ8vTmNTLHRl8zxmKgQ0= | 12747.9 | 19.0194 | 10441.4 | -0.859927 | -0.510417 | 0 | FAL | 0 | 68.139 | 840.912 | 0 | 1 | 0 | 0 | 0 | 0 | 0 | 1 | camera |  | -0.859927 | 0 | -0.510417 | -0.859927 | 0
SCRIPT       : DATA_LOG | 1409433 | 0dnbV3OoKZVSKsRjRsSreDYKOmPaMHd_PD7pjTKbIH4= | 12851.8 | 6.42575 | 10040.9 | 0.395047 | 0.918661 | 0 | AugShort | 0 | 37.8959 | 413.834 | 0 | 1 | 0 | 0 | 0 | 0 | 0 | 1 | camera | Land_HouseBlock_1F4 | 0.395047 | 0 | 0.9
SCRIPT       : DATA_LOG | 1410414 | aRapBi1cCZPZAGLIDny3dk3hQ8vTmNTLHRl8zxmKgQ0= | 12741.5 | 19.6713 | 10439.8 | -0.858107 | -0.513471 | 0 | FAL | 0 | 68.3829 | 840.424 | 0 | 1 | 0 | 0 | 0 | 0 | 0 | 1 | camera |  | -0.858107 | 0 | -0.513471 | -0.858107 | 
SCRIPT       : DATA_LOG | 1410429 | 0dnbV3OoKZVSKsRjRsSreDYKOmPaMHd_PD7pjTKbIH4= | 12852 | 6.42565 | 10041.1 | 0.470282 | 0.882516 | 0 | AugShort | 0 | 43.6211 | 413.938 | 0 | 1 | 0 | 0 | 0 | 0 | 0 | 1 | camera | Land_HouseBlock_1F4 | 0.470282 | 0 | 0.882
SCRIPT       : DATA_LOG | 1411420 | aRapBi1cCZPZAGLIDny3dk3hQ8vTmNTLHRl8zxmKgQ0= | 12737.5 | 20.2067 | 10439.7 | 0.153412 | -0.988162 | 0 | FAL | 0 | 1.19599 | 840.927 | 0 | 1 | 0 | 1 | 0 | 0 | 0 | 1 | camera |  | 0.153412 | 0 | -0.988162 | 0.153412 | 0 |
SCRIPT       : DATA_LOG | 1411438 | 0dnbV3OoKZVSKsRjRsSreDYKOmPaMHd_PD7pjTKbIH4= | 12851.9 | 6.42572 | 10040.9 | 0.522557 | 0.852604 | 0 | AugShort | 0 | 47.5352 | 414.967 | 0 | 1 | 0 | 0 | 0 | 0 | 0 | 1 | camera | Land_HouseBlock_1F4 | 0.522557 | 0 | 0.8
SCRIPT       : DATA_LOG | 1412419 | aRapBi1cCZPZAGLIDny3dk3hQ8vTmNTLHRl8zxmKgQ0= | 12734.7 | 20.4932 | 10439.4 | 0.163466 | -0.986549 | 0 | FAL | 0 | 1.02774 | 841.143 | 0 | 1 | 0 | 1 | 0 | 0 | 0 | 1 | camera |  | 0.163466 | 0 | -0.986549 | 0.163466 | 0 |
SCRIPT       : DATA_LOG | 1412434 | 0dnbV3OoKZVSKsRjRsSreDYKOmPaMHd_PD7pjTKbIH4= | 12852.6 | 6.42534 | 10040.8 | 0.985556 | -0.169351 | 0 | AugShort | 0 | 71.7612 | 746.134 | 0 | 1 | 1 | 0 | 0 | 0 | 0 | 1 | camera | Land_HouseBlock_1F4 | 0.985556 | 0 | -0
SCRIPT       : DATA_LOG | 1413417 | aRapBi1cCZPZAGLIDny3dk3hQ8vTmNTLHRl8zxmKgQ0= | 12732.5 | 20.7721 | 10440.9 | -0.194284 | -0.980945 | 0 | FAL | 0 | 21.0936 | 842.964 | 0 | 1 | 0 | 0 | 0 | 0 | 0 | 1 | camera |  | -0.194284 | 0 | -0.980945 | -0.194284 | 
SCRIPT       : DATA_LOG | 1413433 | 0dnbV3OoKZVSKsRjRsSreDYKOmPaMHd_PD7pjTKbIH4= | 12853.8 | 6.42471 | 10040.4 | 0.984167 | -0.177241 | 0 | AugShort | 0 | 71.3909 | 745.551 | 0 | 1 | 1 | 0 | 0 | 0 | 0 | 1 | camera | Land_HouseBlock_1F4 | 0.984167 | 0 | -0
SCRIPT       : DATA_LOG | 1414419 | aRapBi1cCZPZAGLIDny3dk3hQ8vTmNTLHRl8zxmKgQ0= | 12730.4 | 21.0767 | 10438.6 | 0.944311 | -0.329053 | 0 | FAL | 0 | 53.4443 | 417.74 | 0 | 1 | 0 | 0 | 0 | 0 | 0 | 1 | camera |  | 0.944311 | 0 | -0.329053 | 0.944311 | 0 | 
SCRIPT       : DATA_LOG | 1414437 | 0dnbV3OoKZVSKsRjRsSreDYKOmPaMHd_PD7pjTKbIH4= | 12854.7 | 6.42426 | 10040.2 | 0.982629 | -0.18558 | 0 | AugShort | 0 | 70.9711 | 745.262 | 0 | 1 | 1 | 0 | 0 | 0 | 0 | 1 | camera | Land_HouseBlock_1F4 | 0.982629 | 0 | -0.
SCRIPT       : DATA_LOG | 1415421 | aRapBi1cCZPZAGLIDny3dk3hQ8vTmNTLHRl8zxmKgQ0= | 12729 | 21.3019 | 10435.9 | 0.433432 | -0.901186 | 0 | FAL | 0 | 8.24688 | 415.644 | 0 | 1 | 0 | 0 | 0 | 0 | 0 | 1 | camera |  | 0.433432 | 0 | -0.901186 | 0.433432 | 0 | -
SCRIPT       : DATA_LOG | 1415436 | 0dnbV3OoKZVSKsRjRsSreDYKOmPaMHd_PD7pjTKbIH4= | 12854.7 | 6.42426 | 10040.2 | 0.982629 | -0.18558 | 0 | AugShort | 0 | 70.9713 | 745.267 | 0 | 1 | 1 | 0 | 0 | 0 | 0 | 1 | camera | Land_HouseBlock_1F4 | 0.982629 | 0 | -0.
SCRIPT       : DATA_LOG | 1416428 | aRapBi1cCZPZAGLIDny3dk3hQ8vTmNTLHRl8zxmKgQ0= | 12728.3 | 21.4386 | 10433.5 | 0.360979 | -0.932574 | 0 | none | 0 | 3.82567 | 413.549 | 0 | 1 | 0 | 1 | 0 | 0 | 0 | 1 | camera |  | 0.360979 | 0 | -0.932574 | 0.360979 | 0 
SCRIPT       : DATA_LOG | 1416448 | 0dnbV3OoKZVSKsRjRsSreDYKOmPaMHd_PD7pjTKbIH4= | 12854.7 | 6.42426 | 10040.2 | 0.982629 | -0.18558 | 0 | AugShort | 0 | 70.9713 | 745.256 | 0 | 1 | 1 | 0 | 0 | 0 | 0 | 1 | camera | Land_HouseBlock_1F4 | 0.982629 | 0 | -0.
SCRIPT       : DATA_LOG | 1417428 | aRapBi1cCZPZAGLIDny3dk3hQ8vTmNTLHRl8zxmKgQ0= | 12728.2 | 21.4448 | 10433.5 | 0.318537 | -0.94791 | 0 | Scout | 0 | 2.0509 | 413.854 | 0 | 1 | 0 | 1 | 0 | 0 | 0 | 1 | camera |  | 0.318537 | 0 | -0.94791 | 0.318537 | 0 | 
SCRIPT       : DATA_LOG | 1417443 | 0dnbV3OoKZVSKsRjRsSreDYKOmPaMHd_PD7pjTKbIH4= | 12854.8 | 6.42422 | 10039.8 | 0.971406 | 0.237423 | 0 | AugShort | 0 | 94.0907 | 413.774 | 0 | 1 | 0 | 0 | 0 | 0 | 0 | 1 | camera | Land_HouseBlock_1F4 | 0.971406 | 0 | 0.2
SCRIPT       : DATA_LOG | 1418429 | aRapBi1cCZPZAGLIDny3dk3hQ8vTmNTLHRl8zxmKgQ0= | 12728.6 | 21.385 | 10433.6 | 0.339825 | -0.940489 | 1 | Scout | 0 | 2.83262 | 413.892 | 0 | 1 | 0 | 1 | 0 | 0 | 1 | 1 | camera |  | 0.339825 | 0 | -0.940489 | 0.339825 | 0 
SCRIPT       : DATA_LOG | 1418449 | 0dnbV3OoKZVSKsRjRsSreDYKOmPaMHd_PD7pjTKbIH4= | 12854.8 | 6.42421 | 10039.8 | 0.971406 | 0.237423 | 1 | AugShort | 0 | 94.0427 | 413.785 | 0 | 1 | 0 | 0 | 0 | 0 | 1 | 1 | camera | Land_HouseBlock_1F4 | 0.971406 | 0 | 0.2
SCRIPT       : DATA_LOG | 1419428 | aRapBi1cCZPZAGLIDny3dk3hQ8vTmNTLHRl8zxmKgQ0= | 12728.6 | 21.3857 | 10434 | 0.308357 | -0.951271 | 1 | Scout | 0 | 1.92742 | 414.276 | 0 | 1 | 0 | 1 | 0 | 0 | 1 | 1 | camera |  | 0.308357 | 0 | -0.951271 | 0.308357 | 0 |
SCRIPT       : DATA_LOG | 1419445 | 0dnbV3OoKZVSKsRjRsSreDYKOmPaMHd_PD7pjTKbIH4= | 12854.8 | 6.42421 | 10039.8 | 0.971406 | 0.237423 | 1 | AugShort | 0 | 94.0354 | 414.173 | 0 | 1 | 0 | 0 | 0 | 0 | 1 | 1 | camera | Land_HouseBlock_1F4 | 0.971406 | 0 | 0.2
SCRIPT       : DATA_LOG | 1420430 | aRapBi1cCZPZAGLIDny3dk3hQ8vTmNTLHRl8zxmKgQ0= | 12728.6 | 21.3857 | 10434 | 0.308357 | -0.951271 | 1 | Scout | 0 | 1.92752 | 414.278 | 0 | 1 | 0 | 1 | 0 | 0 | 1 | 1 | camera |  | 0.308357 | 0 | -0.951271 | 0.308357 | 0 |
SCRIPT       : DATA_LOG | 1420446 | 0dnbV3OoKZVSKsRjRsSreDYKOmPaMHd_PD7pjTKbIH4= | 12854.8 | 6.42421 | 10039.8 | 0.971406 | 0.237423 | 1 | AugShort | 0 | 94.0351 | 414.17 | 0 | 1 | 0 | 0 | 0 | 0 | 1 | 1 | camera | Land_HouseBlock_1F4 | 0.971406 | 0 | 0.23
SCRIPT       : DATA_LOG | 1421430 | aRapBi1cCZPZAGLIDny3dk3hQ8vTmNTLHRl8zxmKgQ0= | 12728.6 | 21.3857 | 10434 | 0.308357 | -0.951271 | 1 | Scout | 0 | 1.92763 | 414.277 | 0 | 1 | 0 | 1 | 0 | 0 | 1 | 1 | camera |  | 0.308357 | 0 | -0.951271 | 0.308357 | 0 |
SCRIPT       : DATA_LOG | 1421445 | 0dnbV3OoKZVSKsRjRsSreDYKOmPaMHd_PD7pjTKbIH4= | 12854.8 | 6.42421 | 10039.8 | 0.971406 | 0.237423 | 1 | AugShort | 0 | 94.0353 | 414.165 | 0 | 1 | 0 | 0 | 0 | 0 | 1 | 1 | camera | Land_HouseBlock_1F4 | 0.971406 | 0 | 0.2
SCRIPT       : DATA_LOG | 1422432 | aRapBi1cCZPZAGLIDny3dk3hQ8vTmNTLHRl8zxmKgQ0= | 12728.6 | 21.3857 | 10434 | 0.308357 | -0.951271 | 1 | Scout | 0 | 1.92742 | 414.277 | 0 | 1 | 0 | 1 | 0 | 0 | 1 | 1 | camera |  | 0.308357 | 0 | -0.951271 | 0.308357 | 0 |
SCRIPT       : DATA_LOG | 1422446 | 0dnbV3OoKZVSKsRjRsSreDYKOmPaMHd_PD7pjTKbIH4= | 12854.8 | 6.42421 | 10039.8 | 0.971406 | 0.237423 | 1 | AugShort | 0 | 94.0353 | 414.166 | 0 | 1 | 0 | 0 | 0 | 0 | 1 | 1 | camera | Land_HouseBlock_1F4 | 0.971406 | 0 | 0.2
SCRIPT       : DATA_LOG | 1423432 | aRapBi1cCZPZAGLIDny3dk3hQ8vTmNTLHRl8zxmKgQ0= | 12728.6 | 21.3857 | 10434 | 0.308357 | -0.951271 | 1 | Scout | 0 | 1.92773 | 414.28 | 0 | 1 | 0 | 1 | 0 | 0 | 1 | 1 | camera |  | 0.308357 | 0 | -0.951271 | 0.308357 | 0 | 
SCRIPT       : DATA_LOG | 1423451 | 0dnbV3OoKZVSKsRjRsSreDYKOmPaMHd_PD7pjTKbIH4= | 12854.8 | 6.42421 | 10039.8 | 0.971406 | 0.237423 | 1 | AugShort | 0 | 94.0353 | 414.159 | 0 | 1 | 0 | 0 | 0 | 0 | 1 | 1 | camera | Land_HouseBlock_1F4 | 0.971406 | 0 | 0.2
SCRIPT       : DATA_LOG | 1424431 | aRapBi1cCZPZAGLIDny3dk3hQ8vTmNTLHRl8zxmKgQ0= | 12728.6 | 21.3857 | 10434 | 0.308357 | -0.951271 | 1 | Scout | 0 | 1.93553 | 414.325 | 0 | 1 | 0 | 1 | 0 | 0 | 1 | 1 | camera |  | 0.308357 | 0 | -0.951271 | 0.308357 | 0 |
SCRIPT       : DATA_LOG | 1424451 | 0dnbV3OoKZVSKsRjRsSreDYKOmPaMHd_PD7pjTKbIH4= | 12854.8 | 6.42421 | 10039.8 | 0.971406 | 0.237423 | 0 | AugShort | 0 | 94.0351 | 414.155 | 0 | 1 | 0 | 0 | 0 | 0 | 0 | 1 | camera | Land_HouseBlock_1F4 | 0.971406 | 0 | 0.2
SCRIPT       : DATA_LOG | 1425433 | aRapBi1cCZPZAGLIDny3dk3hQ8vTmNTLHRl8zxmKgQ0= | 12728.6 | 21.3857 | 10434 | 0.308357 | -0.951271 | 1 | Scout | 0 | 1.92722 | 414.282 | 0 | 1 | 0 | 1 | 0 | 0 | 1 | 1 | camera |  | 0.308357 | 0 | -0.951271 | 0.308357 | 0 |
SCRIPT       : DATA_LOG | 1425448 | 0dnbV3OoKZVSKsRjRsSreDYKOmPaMHd_PD7pjTKbIH4= | 12854.8 | 6.42421 | 10039.8 | 0.971406 | 0.237423 | 1 | AugShort | 0 | 94.0346 | 414.164 | 0 | 1 | 0 | 0 | 0 | 0 | 1 | 1 | camera | Land_HouseBlock_1F4 | 0.971406 | 0 | 0.2
SCRIPT       : DATA_LOG | 1426435 | aRapBi1cCZPZAGLIDny3dk3hQ8vTmNTLHRl8zxmKgQ0= | 12728.6 | 21.3857 | 10434 | 0.308357 | -0.951271 | 1 | Scout | 0 | 1.92763 | 414.277 | 0 | 1 | 0 | 1 | 0 | 0 | 1 | 1 | camera |  | 0.308357 | 0 | -0.951271 | 0.308357 | 0 |
SCRIPT       : DATA_LOG | 1426453 | 0dnbV3OoKZVSKsRjRsSreDYKOmPaMHd_PD7pjTKbIH4= | 12854.8 | 6.42421 | 10039.8 | 0.971406 | 0.237423 | 1 | AugShort | 0 | 94.0351 | 414.166 | 0 | 1 | 0 | 0 | 0 | 0 | 1 | 1 | camera | Land_HouseBlock_1F4 | 0.971406 | 0 | 0.2
SCRIPT       : DATA_LOG | 1427437 | aRapBi1cCZPZAGLIDny3dk3hQ8vTmNTLHRl8zxmKgQ0= | 12728.6 | 21.3857 | 10434 | 0.308357 | -0.951271 | 0 | Scout | 0 | 1.94138 | 414.343 | 0 | 1 | 0 | 1 | 0 | 0 | 0 | 1 | camera |  | 0.308357 | 0 | -0.951271 | 0.308357 | 0 |
SCRIPT       : DATA_LOG | 1427453 | 0dnbV3OoKZVSKsRjRsSreDYKOmPaMHd_PD7pjTKbIH4= | 12854.8 | 6.42421 | 10039.8 | 0.971406 | 0.237423 | 0 | AugShort | 0 | 94.0265 | 414.193 | 0 | 1 | 0 | 0 | 0 | 0 | 0 | 1 | camera | Land_HouseBlock_1F4 | 0.971406 | 0 | 0.2
SCRIPT       : DATA_LOG | 1428439 | aRapBi1cCZPZAGLIDny3dk3hQ8vTmNTLHRl8zxmKgQ0= | 12727 | 21.6838 | 10433.5 | 0.305111 | -0.952317 | 0 | Scout | 0 | 1.99557 | 414.347 | 0 | 1 | 0 | 1 | 0 | 0 | 0 | 1 | camera | Land_House_1W06 | 0.305111 | 0 | -0.952317 |
SCRIPT       : DATA_LOG | 1428456 | 0dnbV3OoKZVSKsRjRsSreDYKOmPaMHd_PD7pjTKbIH4= | 12854.8 | 6.42421 | 10039.8 | 0.971406 | 0.237423 | 0 | AugShort | 0 | 94.2529 | 414.051 | 0 | 1 | 0 | 0 | 0 | 0 | 0 | 1 | camera | Land_HouseBlock_1F4 | 0.971406 | 0 | 0.2
SCRIPT       : DATA_LOG | 1429543 | aRapBi1cCZPZAGLIDny3dk3hQ8vTmNTLHRl8zxmKgQ0= | 12724.1 | 22.1895 | 10432.5 | 0.305107 | -0.952318 | 0 | Scout | 0 | 2.15794 | 414.364 | 0 | 1 | 0 | 1 | 0 | 0 | 0 | 1 | camera | TreeSoft_t_town_1s | 0.305107 | 0 | -0.952
SCRIPT       : DATA_LOG | 1429558 | 0dnbV3OoKZVSKsRjRsSreDYKOmPaMHd_PD7pjTKbIH4= | 12854.8 | 6.42421 | 10039.8 | 0.971406 | 0.237423 | 0 | AugShort | 0 | 94.6704 | 414.077 | 0 | 1 | 0 | 0 | 0 | 0 | 0 | 1 | camera | Land_HouseBlock_1F4 | 0.971406 | 0 | 0.2
SCRIPT       : DATA_LOG | 1430439 | aRapBi1cCZPZAGLIDny3dk3hQ8vTmNTLHRl8zxmKgQ0= | 12721.8 | 22.6307 | 10431.8 | 0.323793 | -0.946128 | 1 | Scout | 0 | 2.10951 | 414.4 | 0 | 1 | 0 | 1 | 0 | 0 | 1 | 1 | camera | Land_HouseBlock_2F9 | 0.323793 | 0 | -0.9461
SCRIPT       : DATA_LOG | 1430455 | 0dnbV3OoKZVSKsRjRsSreDYKOmPaMHd_PD7pjTKbIH4= | 12854.8 | 6.42421 | 10039.8 | 0.971406 | 0.237423 | 0 | AugShort | 0 | 95.017 | 414.169 | 0 | 1 | 0 | 0 | 0 | 0 | 0 | 1 | camera | Land_HouseBlock_1F4 | 0.971406 | 0 | 0.23
SCRIPT       : DATA_LOG | 1431442 | aRapBi1cCZPZAGLIDny3dk3hQ8vTmNTLHRl8zxmKgQ0= | 12721.5 | 22.6868 | 10431.7 | 0.332443 | -0.943123 | 1 | Scout | 0 | 2.17511 | 414.242 | 0 | 1 | 0 | 1 | 0 | 0 | 1 | 1 | camera | Land_HouseBlock_2F9 | 0.332443 | 0 | -0.94
SCRIPT       : DATA_LOG | 1431458 | 0dnbV3OoKZVSKsRjRsSreDYKOmPaMHd_PD7pjTKbIH4= | 12854.8 | 6.42421 | 10039.9 | 0.997835 | -0.0657635 | 0 | AugShort | 0 | 77.8998 | 744.953 | 0 | 1 | 1 | 0 | 0 | 0 | 0 | 1 | camera | Land_HouseBlock_1F4 | 0.997835 | 0 | -
SCRIPT       : DATA_LOG | 1432441 | aRapBi1cCZPZAGLIDny3dk3hQ8vTmNTLHRl8zxmKgQ0= | 12721.5 | 22.6868 | 10431.7 | 0.332443 | -0.943123 | 1 | Scout | 0 | 2.20194 | 413.71 | 0 | 1 | 0 | 1 | 0 | 0 | 1 | 1 | camera | Land_HouseBlock_2F9 | 0.332443 | 0 | -0.943
SCRIPT       : DATA_LOG | 1432457 | 0dnbV3OoKZVSKsRjRsSreDYKOmPaMHd_PD7pjTKbIH4= | 12853.9 | 6.42468 | 10040.4 | 0.971737 | -0.236066 | 0 | AugShort | 0 | 67.9501 | 745.498 | 0 | 1 | 1 | 0 | 0 | 0 | 0 | 1 | camera | Land_HouseBlock_1F4 | 0.971737 | 0 | -0
SCRIPT       : DATA_LOG | 1433443 | aRapBi1cCZPZAGLIDny3dk3hQ8vTmNTLHRl8zxmKgQ0= | 12720.9 | 22.7674 | 10430.7 | 0.1648 | -0.986327 | 0 | Scout | 0 | 1.71726 | 835.035 | 0 | 1 | 0 | 1 | 0 | 0 | 0 | 1 | camera | Land_City_FireStation | 0.1648 | 0 | -0.9863
SCRIPT       : DATA_LOG | 1433463 | 0dnbV3OoKZVSKsRjRsSreDYKOmPaMHd_PD7pjTKbIH4= | 12852.8 | 6.42526 | 10040.6 | 0.976614 | -0.214999 | 0 | AugShort | 0 | 69.1057 | 745.916 | 0 | 1 | 1 | 0 | 0 | 0 | 0 | 1 | camera | Land_HouseBlock_1F4 | 0.976614 | 0 | -0
SCRIPT       : DATA_LOG | 1434442 | aRapBi1cCZPZAGLIDny3dk3hQ8vTmNTLHRl8zxmKgQ0= | 12720.4 | 22.7581 | 10427.5 | 0.0194298 | -0.999811 | 0 | Scout | 0 | 9.7993 | 832.026 | 0 | 1 | 0 | 0 | 0 | 0 | 0 | 1 | camera | Land_City_FireStation | 0.0194298 | 0 | -0
SCRIPT       : DATA_LOG | 1434456 | 0dnbV3OoKZVSKsRjRsSreDYKOmPaMHd_PD7pjTKbIH4= | 12850.8 | 6.42625 | 10041 | 0.971116 | -0.238607 | 1 | AugShort | 0 | 67.5721 | 746.625 | 0 | 1 | 1 | 0 | 0 | 0 | 1 | 1 | camera | Land_HouseBlock_1F4 | 0.971116 | 0 | -0.2
SCRIPT       : DATA_LOG | 1435443 | aRapBi1cCZPZAGLIDny3dk3hQ8vTmNTLHRl8zxmKgQ0= | 12719.9 | 22.7751 | 10423.8 | 0.0194255 | -0.999811 | 0 | CZ550 | 0 | 9.88229 | 828.481 | 0 | 1 | 0 | 0 | 0 | 0 | 0 | 1 | camera | Land_City_FireStation | 0.0194255 | 0 | -
SCRIPT       : DATA_LOG | 1435461 | 0dnbV3OoKZVSKsRjRsSreDYKOmPaMHd_PD7pjTKbIH4= | 12849.1 | 6.42708 | 10041.5 | 0.965807 | -0.259262 | 1 | AugShort | 0 | 66.2265 | 747.309 | 0 | 1 | 1 | 0 | 0 | 0 | 1 | 1 | camera | Land_HouseBlock_1F4 | 0.965807 | 0 | -0
SCRIPT       : DATA_LOG | 1436583 | aRapBi1cCZPZAGLIDny3dk3hQ8vTmNTLHRl8zxmKgQ0= | 12717.7 | 23.117 | 10420 | -0.191417 | -0.981509 | 0 | CZ550 | 0 | 22.1991 | 825.14 | 0 | 1 | 0 | 0 | 0 | 0 | 0 | 1 | camera | Land_City_FireStation | -0.191417 | 0 | -0.98
SCRIPT       : DATA_LOG | 1436602 | 0dnbV3OoKZVSKsRjRsSreDYKOmPaMHd_PD7pjTKbIH4= | 12849.1 | 6.42708 | 10041.5 | 0.965807 | -0.259262 | 1 | AugShort | 0 | 66.2257 | 747.32 | 0 | 1 | 1 | 0 | 0 | 0 | 1 | 1 | camera | Land_HouseBlock_1F4 | 0.965807 | 0 | -0.
SCRIPT       : DATA_LOG | 1437580 | aRapBi1cCZPZAGLIDny3dk3hQ8vTmNTLHRl8zxmKgQ0= | 12712.7 | 23.7289 | 10412.3 | -0.405887 | -0.913923 | 0 | CZ550 | 0 | 35.5413 | 818.67 | 0 | 1 | 0 | 0 | 0 | 0 | 0 | 1 | camera | TreeHard_t_PiceaAbies_2s | -0.405887 | 0 |
SCRIPT       : DATA_LOG | 1437597 | 0dnbV3OoKZVSKsRjRsSreDYKOmPaMHd_PD7pjTKbIH4= | 12849 | 6.42715 | 10041 | 0.963811 | -0.266587 | 1 | AugShort | 0 | 65.7743 | 746.825 | 0 | 1 | 1 | 0 | 0 | 0 | 1 | 1 | camera | Land_HouseBlock_1F4 | 0.963811 | 0 | -0.266
SCRIPT       : DATA_LOG | 1438588 | aRapBi1cCZPZAGLIDny3dk3hQ8vTmNTLHRl8zxmKgQ0= | 12708.4 | 24.2001 | 10410.6 | -0.406594 | -0.913609 | 0 | CZ550 | 0 | 35.9103 | 817.84 | 0 | 1 | 0 | 0 | 0 | 0 | 0 | 1 | camera | Land_House_2B03 | -0.406594 | 0 | -0.91360
SCRIPT       : DATA_LOG | 1438606 | 0dnbV3OoKZVSKsRjRsSreDYKOmPaMHd_PD7pjTKbIH4= | 12849.5 | 6.42691 | 10040.9 | 0.980277 | -0.197626 | 1 | AugShort | 0 | 69.874 | 746.67 | 0 | 1 | 1 | 0 | 0 | 0 | 1 | 1 | camera | Land_HouseBlock_1F4 | 0.980277 | 0 | -0.1
SCRIPT       : DATA_LOG | 1439592 | aRapBi1cCZPZAGLIDny3dk3hQ8vTmNTLHRl8zxmKgQ0= | 12705.4 | 24.4896 | 10408.9 | -0.663321 | -0.748335 | 0 | CZ550 | 0 | 53.6954 | 816.818 | 0 | 1 | 0 | 0 | 0 | 0 | 0 | 1 | camera | Land_House_2B03 | -0.663321 | 0 | -0.7483
SCRIPT       : DATA_LOG | 1439617 | 0dnbV3OoKZVSKsRjRsSreDYKOmPaMHd_PD7pjTKbIH4= | 12849.5 | 6.42691 | 10040.9 | 0.980277 | -0.197626 | 1 | AugShort | 0 | 69.8738 | 746.667 | 0 | 1 | 1 | 0 | 0 | 0 | 1 | 1 | camera | Land_HouseBlock_1F4 | 0.980277 | 0 | -0
SCRIPT       : DATA_LOG | 1440588 | aRapBi1cCZPZAGLIDny3dk3hQ8vTmNTLHRl8zxmKgQ0= | 12702.4 | 24.7321 | 10407 | -0.666322 | -0.745664 | 0 | CZ550 | 0 | 54.1595 | 815.605 | 0 | 1 | 0 | 0 | 0 | 0 | 0 | 1 | camera | Land_House_2B03 | -0.666322 | 0 | -0.745664
SCRIPT       : DATA_LOG | 1440604 | 0dnbV3OoKZVSKsRjRsSreDYKOmPaMHd_PD7pjTKbIH4= | 12849.5 | 6.42691 | 10040.9 | 0.980277 | -0.197626 | 1 | AugShort | 0 | 69.8734 | 746.66 | 0 | 1 | 1 | 0 | 0 | 0 | 1 | 1 | camera | Land_HouseBlock_1F4 | 0.980277 | 0 | -0.
SCRIPT       : DATA_LOG | 1441594 | aRapBi1cCZPZAGLIDny3dk3hQ8vTmNTLHRl8zxmKgQ0= | 12699.2 | 24.9127 | 10403.5 | -0.666326 | -0.745661 | 0 | CZ550 | 0 | 54.4283 | 812.866 | 0 | 1 | 0 | 0 | 0 | 0 | 0 | 1 | camera | Land_House_2B03 | -0.666326 | 0 | -0.7456
SCRIPT       : DATA_LOG | 1441614 | 0dnbV3OoKZVSKsRjRsSreDYKOmPaMHd_PD7pjTKbIH4= | 12849.5 | 6.42691 | 10040.9 | 0.980277 | -0.197626 | 1 | AugShort | 0 | 69.8736 | 746.664 | 0 | 1 | 1 | 0 | 0 | 0 | 1 | 1 | camera | Land_HouseBlock_1F4 | 0.980277 | 0 | -0
SCRIPT       : DATA_LOG | 1442597 | aRapBi1cCZPZAGLIDny3dk3hQ8vTmNTLHRl8zxmKgQ0= | 12696.6 | 25.0261 | 10400.1 | -0.966144 | -0.258003 | 0 | CZ550 | 0 | 87.9205 | 810.175 | 0 | 1 | 0 | 0 | 0 | 0 | 0 | 1 | camera | Land_Shed_W2 | -0.966144 | 0 | -0.258003 
SCRIPT       : DATA_LOG | 1442619 | 0dnbV3OoKZVSKsRjRsSreDYKOmPaMHd_PD7pjTKbIH4= | 12847.6 | 6.42781 | 10041.3 | 0.995453 | 0.0952492 | 0 | AugShort | 0 | 86.6018 | 747.32 | 0 | 1 | 1 | 0 | 0 | 0 | 0 | 1 | camera | Land_HouseBlock_1F4 | 0.995453 | 0 | 0.0
SCRIPT       : DATA_LOG | 1443593 | aRapBi1cCZPZAGLIDny3dk3hQ8vTmNTLHRl8zxmKgQ0= | 12693.9 | 25.2386 | 10398.2 | -0.955957 | -0.293508 | 0 | CZ550 | 0 | 86.0208 | 808.924 | 0 | 1 | 0 | 0 | 0 | 0 | 0 | 1 | camera |  | -0.955957 | 0 | -0.293508 | -0.955957 
SCRIPT       : DATA_LOG | 1443607 | 0dnbV3OoKZVSKsRjRsSreDYKOmPaMHd_PD7pjTKbIH4= | 12847.2 | 6.428 | 10041.2 | 0.986362 | -0.164593 | 1 | AugShort | 0 | 71.6319 | 747.326 | 0 | 1 | 1 | 0 | 0 | 0 | 1 | 1 | camera | Land_HouseBlock_1F4 | 0.986362 | 0 | -0.1
SCRIPT       : DATA_LOG | 1444595 | aRapBi1cCZPZAGLIDny3dk3hQ8vTmNTLHRl8zxmKgQ0= | 12691 | 25.8165 | 10396.1 | -0.730483 | -0.682931 | 0 | CZ550 | 0 | 60.2559 | 807.517 | 0 | 1 | 0 | 0 | 0 | 0 | 0 | 1 | camera | Land_House_2B03 | -0.730483 | 0 | -0.682931
SCRIPT       : DATA_LOG | 1444614 | 0dnbV3OoKZVSKsRjRsSreDYKOmPaMHd_PD7pjTKbIH4= | 12847.3 | 6.42797 | 10041.4 | 0.997731 | -0.0673241 | 1 | AugShort | 0 | 77.2521 | 747.56 | 0 | 1 | 1 | 0 | 0 | 0 | 1 | 1 | camera | Land_HouseBlock_1F4 | 0.997731 | 0 | -0
SCRIPT       : DATA_LOG | 1445595 | aRapBi1cCZPZAGLIDny3dk3hQ8vTmNTLHRl8zxmKgQ0= | 12687.6 | 26.0418 | 10395.2 | -0.982981 | -0.183705 | 0 | CZ550 | 0 | 92.983 | 807.479 | 0 | 1 | 0 | 0 | 0 | 0 | 0 | 1 | camera |  | -0.982981 | 0 | -0.183705 | -0.982981 |
SCRIPT       : DATA_LOG | 1445612 | 0dnbV3OoKZVSKsRjRsSreDYKOmPaMHd_PD7pjTKbIH4= | 12847.3 | 6.42797 | 10041.4 | 0.997731 | -0.0673241 | 1 | AugShort | 0 | 77.2527 | 747.568 | 0 | 1 | 1 | 0 | 0 | 0 | 1 | 1 | camera | Land_HouseBlock_1F4 | 0.997731 | 0 | -
SCRIPT       : DATA_LOG | 1446597 | aRapBi1cCZPZAGLIDny3dk3hQ8vTmNTLHRl8zxmKgQ0= | 12683.9 | 26.0393 | 10395.2 | -0.991035 | -0.133602 | 0 | CZ550 | 0 | 96.1454 | 808.323 | 0 | 1 | 0 | 0 | 0 | 0 | 0 | 1 | camera |  | -0.991035 | 0 | -0.133602 | -0.991035 
SCRIPT       : DATA_LOG | 1446614 | 0dnbV3OoKZVSKsRjRsSreDYKOmPaMHd_PD7pjTKbIH4= | 12847.3 | 6.42797 | 10041.4 | 0.997731 | -0.0673241 | 1 | AugShort | 0 | 77.2527 | 747.572 | 0 | 1 | 1 | 0 | 0 | 0 | 1 | 1 | camera | Land_HouseBlock_1F4 | 0.997731 | 0 | -
SCRIPT       : DATA_LOG | 1447606 | aRapBi1cCZPZAGLIDny3dk3hQ8vTmNTLHRl8zxmKgQ0= | 12680.8 | 26.0249 | 10393.7 | -0.726366 | -0.687308 | 0 | CZ550 | 0 | 60.6559 | 807.668 | 0 | 1 | 0 | 0 | 0 | 0 | 0 | 1 | camera |  | -0.726366 | 0 | -0.687308 | -0.726366 
SCRIPT       : DATA_LOG | 1447621 | 0dnbV3OoKZVSKsRjRsSreDYKOmPaMHd_PD7pjTKbIH4= | 12847.6 | 6.4278 | 10041.4 | 0.990557 | -0.137098 | 1 | AugShort | 0 | 73.2583 | 747.465 | 0 | 1 | 1 | 0 | 0 | 0 | 1 | 1 | camera | Land_HouseBlock_1F4 | 0.990557 | 0 | -0.
SCRIPT       : DATA_LOG | 1448606 | aRapBi1cCZPZAGLIDny3dk3hQ8vTmNTLHRl8zxmKgQ0= | 12677.9 | 26.025 | 10391.5 | -0.51019 | -0.860061 | 0 | CZ550 | 0 | 44.9967 | 806.191 | 0 | 1 | 0 | 0 | 0 | 0 | 0 | 1 | camera |  | -0.51019 | 0 | -0.860061 | -0.51019 | 0 
SCRIPT       : DATA_LOG | 1448626 | 0dnbV3OoKZVSKsRjRsSreDYKOmPaMHd_PD7pjTKbIH4= | 12848.5 | 6.42736 | 10041.9 | 0.972327 | -0.233623 | 1 | AugShort | 0 | 67.7021 | 747.807 | 0 | 1 | 1 | 0 | 0 | 0 | 1 | 1 | camera | Land_HouseBlock_1F4 | 0.972327 | 0 | -0
SCRIPT       : DATA_LOG | 1449606 | aRapBi1cCZPZAGLIDny3dk3hQ8vTmNTLHRl8zxmKgQ0= | 12677.7 | 26.5201 | 10388.7 | 0.900117 | -0.435649 | 0 | CZ550 | 0 | 38.0319 | 387.136 | 0 | 1 | 0 | 0 | 0 | 0 | 0 | 1 | camera | Land_House_1W11 | 0.900117 | 0 | -0.435649
SCRIPT       : DATA_LOG | 1449621 | 0dnbV3OoKZVSKsRjRsSreDYKOmPaMHd_PD7pjTKbIH4= | 12848.6 | 6.42733 | 10041.9 | 0.972666 | -0.232209 | 1 | AugShort | 0 | 67.7908 | 747.844 | 0 | 1 | 1 | 0 | 0 | 0 | 1 | 1 | camera | Land_HouseBlock_1F4 | 0.972666 | 0 | -0
SCRIPT       : DATA_LOG | 1450608 | aRapBi1cCZPZAGLIDny3dk3hQ8vTmNTLHRl8zxmKgQ0= | 12679.5 | 26.5201 | 10386 | 0.98328 | 0.182099 | 0 | CZ550 | 0 | 74.2822 | 384.33 | 0 | 1 | 0 | 0 | 0 | 0 | 0 | 1 | camera | Land_House_1W11 | 0.98328 | 0 | 0.182099 | 0.98
SCRIPT       : DATA_LOG | 1450623 | 0dnbV3OoKZVSKsRjRsSreDYKOmPaMHd_PD7pjTKbIH4= | 12849.1 | 6.42709 | 10041.8 | 0.97453 | -0.224255 | 1 | AugShort | 0 | 68.296 | 747.659 | 0 | 1 | 1 | 0 | 0 | 0 | 1 | 1 | camera | Land_HouseBlock_1F4 | 0.97453 | 0 | -0.22
SCRIPT       : DATA_LOG | 1451608 | aRapBi1cCZPZAGLIDny3dk3hQ8vTmNTLHRl8zxmKgQ0= | 12682.2 | 26.52 | 10386.9 | 0.286887 | 0.957964 | 0 | CZ550 | 0 | 137.442 | 383.937 | 0 | 1 | 0 | 0 | 0 | 0 | 0 | 1 | camera | Land_House_1W11 | 0.286887 | 0 | 0.957964 | 0
SCRIPT       : DATA_LOG | 1451626 | 0dnbV3OoKZVSKsRjRsSreDYKOmPaMHd_PD7pjTKbIH4= | 12849.1 | 6.42709 | 10041.8 | 0.97453 | -0.224255 | 1 | AugShort | 0 | 68.2959 | 747.654 | 0 | 1 | 1 | 0 | 0 | 0 | 1 | 1 | camera | Land_HouseBlock_1F4 | 0.97453 | 0 | -0.2
SCRIPT       : DATA_LOG | 1452608 | aRapBi1cCZPZAGLIDny3dk3hQ8vTmNTLHRl8zxmKgQ0= | 12683.9 | 26.52 | 10389.5 | 0.281319 | 0.959614 | 0 | CZ550 | 0 | 138.174 | 385.523 | 0 | 1 | 0 | 0 | 0 | 0 | 0 | 1 | camera | Land_House_1W11 | 0.281319 | 0 | 0.959614 | 0
SCRIPT       : DATA_LOG | 1452625 | 0dnbV3OoKZVSKsRjRsSreDYKOmPaMHd_PD7pjTKbIH4= | 12849.1 | 6.42709 | 10041.8 | 0.97453 | -0.224255 | 1 | AugShort | 0 | 68.2964 | 747.656 | 0 | 1 | 1 | 0 | 0 | 0 | 1 | 1 | camera | Land_HouseBlock_1F4 | 0.97453 | 0 | -0.2
SCRIPT       : DATA_LOG | 1453610 | aRapBi1cCZPZAGLIDny3dk3hQ8vTmNTLHRl8zxmKgQ0= | 12683.9 | 26.52 | 10389.5 | -0.880168 | 0.474662 | 0 | CZ550 | 0 | 132.243 | 802.83 | 0 | 1 | 0 | 0 | 0 | 0 | 0 | 1 | camera | Land_House_1W11 | -0.880168 | 0 | 0.474662 | 
SCRIPT       : DATA_LOG | 1453628 | 0dnbV3OoKZVSKsRjRsSreDYKOmPaMHd_PD7pjTKbIH4= | 12848.8 | 6.42721 | 10042.1 | 0.973754 | -0.227605 | 1 | AugShort | 0 | 68.0818 | 747.945 | 0 | 1 | 1 | 0 | 0 | 0 | 1 | 1 | camera | Land_HouseBlock_1F4 | 0.973754 | 0 | -0
SCRIPT       : DATA_LOG | 1454609 | aRapBi1cCZPZAGLIDny3dk3hQ8vTmNTLHRl8zxmKgQ0= | 12683.9 | 26.52 | 10389.5 | -0.975812 | 0.218612 | 0 | CZ550 | 0 | 116.541 | 802.83 | 0 | 1 | 0 | 0 | 0 | 0 | 0 | 1 | camera | Land_House_1W11 | -0.975812 | -0 | 0.218612 |
SCRIPT       : DATA_LOG | 1454625 | 0dnbV3OoKZVSKsRjRsSreDYKOmPaMHd_PD7pjTKbIH4= | 12848.9 | 6.42719 | 10042.2 | 0.976778 | -0.214254 | 0 | AugShort | 0 | 68.8704 | 748.108 | 0 | 1 | 1 | 0 | 0 | 0 | 0 | 1 | camera | Land_HouseBlock_1F4 | 0.976778 | 0 | -0
SCRIPT       : DATA_LOG | 1455609 | aRapBi1cCZPZAGLIDny3dk3hQ8vTmNTLHRl8zxmKgQ0= | 12683.9 | 26.52 | 10389.5 | -0.975812 | 0.218612 | 0 | CZ550 | 0 | 116.541 | 802.83 | 0 | 1 | 0 | 0 | 0 | 0 | 0 | 1 | camera | Land_House_1W11 | -0.975812 | -0 | 0.218612 |
SCRIPT       : DATA_LOG | 1455623 | 0dnbV3OoKZVSKsRjRsSreDYKOmPaMHd_PD7pjTKbIH4= | 12848.2 | 6.4275 | 10041.6 | -0.998505 | 0.0546563 | 0 | AugShort | 0 | 61.6167 | 385.41 | 0 | 1 | 0 | 0 | 0 | 0 | 0 | 1 | camera | Land_HouseBlock_1F4 | -0.998505 | 0 | 0.
SCRIPT       : DATA_LOG | 1456610 | aRapBi1cCZPZAGLIDny3dk3hQ8vTmNTLHRl8zxmKgQ0= | 12683.9 | 26.52 | 10389.5 | -0.975812 | 0.218612 | 0 | CZ550 | 0 | 116.541 | 802.83 | 0 | 1 | 0 | 0 | 0 | 0 | 0 | 1 | camera | Land_House_1W11 | -0.975812 | -0 | 0.218612 |
SCRIPT       : DATA_LOG | 1456623 | 0dnbV3OoKZVSKsRjRsSreDYKOmPaMHd_PD7pjTKbIH4= | 12846 | 6.19794 | 10041.8 | -0.949179 | 0.314736 | 0 | AugShort | 0 | 46.7441 | 384.318 | 0 | 1 | 0 | 0 | 0 | 0 | 0 | 1 | camera | Land_HouseBlock_1F4 | -0.949179 | 0 | 0.3
SCRIPT       : DATA_LOG | 1457610 | aRapBi1cCZPZAGLIDny3dk3hQ8vTmNTLHRl8zxmKgQ0= | 12683.9 | 26.52 | 10389.5 | -0.975812 | 0.218612 | 0 | CZ550 | 0 | 116.541 | 802.83 | 0 | 1 | 0 | 0 | 0 | 0 | 0 | 1 | camera | Land_House_1W11 | -0.975812 | -0 | 0.218612 |
SCRIPT       : DATA_LOG | 1457625 | 0dnbV3OoKZVSKsRjRsSreDYKOmPaMHd_PD7pjTKbIH4= | 12842.5 | 6.00496 | 10046.5 | -0.0755066 | 0.997145 | 0 | AugShort | 0 | 20.7608 | 378.614 | 0 | 1 | 0 | 0 | 0 | 0 | 0 | 1 | camera | Land_HouseBlock_1F4 | -0.0755066 | 0 |
SCRIPT       : DATA_LOG | 1458611 | aRapBi1cCZPZAGLIDny3dk3hQ8vTmNTLHRl8zxmKgQ0= | 12683.9 | 26.52 | 10389.5 | -0.975812 | 0.218612 | 0 | CZ550 | 0 | 116.541 | 802.83 | 0 | 1 | 0 | 0 | 0 | 0 | 0 | 1 | camera | ThickFramesGlasses | -0.975812 | -0 | 0.21861
SCRIPT       : DATA_LOG | 1458627 | 0dnbV3OoKZVSKsRjRsSreDYKOmPaMHd_PD7pjTKbIH4= | 12843.8 | 6.00495 | 10053 | 0.27418 | 0.961678 | 0 | AugShort | 0 | 41.4614 | 373.26 | 0 | 1 | 0 | 0 | 0 | 0 | 0 | 1 | camera | Land_HouseBlock_1F4 | 0.27418 | 0 | 0.961678
SCRIPT       : DATA_LOG | 1459614 | aRapBi1cCZPZAGLIDny3dk3hQ8vTmNTLHRl8zxmKgQ0= | 12681.6 | 26.52 | 10388.7 | -0.287026 | 0.957923 | 0 | CZ550 | 0 | 169.742 | 367.862 | 0 | 1 | 0 | 0 | 0 | 0 | 0 | 1 | camera | Land_House_1W11 | -0.287026 | 0 | 0.957923 |
SCRIPT       : DATA_LOG | 1459629 | 0dnbV3OoKZVSKsRjRsSreDYKOmPaMHd_PD7pjTKbIH4= | 12845.4 | 6.00498 | 10059.5 | 0.0702829 | 0.997527 | 0 | AugShort | 0 | 30.6776 | 368.488 | 0 | 1 | 0 | 0 | 0 | 0 | 0 | 1 | camera | Land_HouseBlock_2F9 | 0.0702829 | 0 | 0
SCRIPT       : DATA_LOG | 1460614 | aRapBi1cCZPZAGLIDny3dk3hQ8vTmNTLHRl8zxmKgQ0= | 12681.7 | 26.7021 | 10390.1 | 0.778396 | -0.627774 | 0 | CZ550 | 0 | 24.4677 | 363.02 | 0 | 1 | 0 | 0 | 0 | 0 | 0 | 1 | camera | Land_House_1W11 | 0.778396 | 0 | -0.627774 
SCRIPT       : DATA_LOG | 1460630 | 0dnbV3OoKZVSKsRjRsSreDYKOmPaMHd_PD7pjTKbIH4= | 12845.3 | 6.00499 | 10066.2 | -0.0842168 | 0.996447 | 0 | AugShort | 0 | 22.2377 | 363.397 | 0 | 1 | 0 | 0 | 0 | 0 | 0 | 1 | camera | Land_HouseBlock_2F9 | -0.0842168 | 0 |
SCRIPT       : DATA_LOG | 1461619 | aRapBi1cCZPZAGLIDny3dk3hQ8vTmNTLHRl8zxmKgQ0= | 12684.6 | 26.5201 | 10388.6 | 0.448892 | -0.893586 | 0 | CZ550 | 0 | 3.10324 | 354.289 | 0 | 1 | 0 | 1 | 0 | 0 | 0 | 1 | camera | Land_House_1W11 | 0.448892 | 0 | -0.893586
SCRIPT       : DATA_LOG | 1461636 | 0dnbV3OoKZVSKsRjRsSreDYKOmPaMHd_PD7pjTKbIH4= | 12844.9 | 6.0049 | 10072.9 | 0.0904033 | 0.995905 | 0 | AugShort | 0 | 32.2775 | 354.635 | 0 | 1 | 0 | 0 | 0 | 0 | 0 | 1 | camera |  | 0.0904033 | 0 | 0.995905 | 0.0904033 
SCRIPT       : DATA_LOG | 1462616 | aRapBi1cCZPZAGLIDny3dk3hQ8vTmNTLHRl8zxmKgQ0= | 12685.8 | 26.52 | 10387.3 | -0.0419993 | -0.999118 | 0 | CZ550 | 0 | 16.2945 | 800.218 | 0 | 1 | 0 | 0 | 0 | 0 | 0 | 1 | camera | Land_House_1W11 | -0.0419993 | 0 | -0.9991
SCRIPT       : DATA_LOG | 1462631 | 0dnbV3OoKZVSKsRjRsSreDYKOmPaMHd_PD7pjTKbIH4= | 12845.7 | 6.00826 | 10079.5 | 0.186238 | 0.982505 | 0 | AugShort | 0 | 38.3331 | 347.527 | 0 | 1 | 0 | 0 | 0 | 0 | 0 | 1 | camera |  | 0.186238 | 0 | 0.982505 | 0.186238 | 
SCRIPT       : DATA_LOG | 1463619 | aRapBi1cCZPZAGLIDny3dk3hQ8vTmNTLHRl8zxmKgQ0= | 12685.3 | 26.52 | 10387.4 | -0.630175 | -0.776453 | 0 | CZ550 | 0 | 52.9395 | 800.462 | 0 | 1 | 0 | 0 | 0 | 0 | 0 | 1 | camera | Land_House_1W11 | -0.630175 | 0 | -0.776453
SCRIPT       : DATA_LOG | 1463635 | 0dnbV3OoKZVSKsRjRsSreDYKOmPaMHd_PD7pjTKbIH4= | 12847.2 | 6.00498 | 10086 | 0.280743 | 0.959783 | 0 | AugShort | 0 | 44.7024 | 342.786 | 0 | 1 | 0 | 0 | 0 | 0 | 0 | 1 | camera |  | 0.280743 | 0 | 0.959783 | 0.280743 | 0 
SCRIPT       : DATA_LOG | 1464623 | aRapBi1cCZPZAGLIDny3dk3hQ8vTmNTLHRl8zxmKgQ0= | 12682.8 | 26.52 | 10387.1 | -0.742921 | -0.669379 | 0 | CZ550 | 0 | 62.0315 | 800.746 | 0 | 1 | 0 | 0 | 0 | 0 | 0 | 1 | camera | Land_House_1W11 | -0.742921 | 0 | -0.669379
SCRIPT       : DATA_LOG | 1464641 | 0dnbV3OoKZVSKsRjRsSreDYKOmPaMHd_PD7pjTKbIH4= | 12849.7 | 6.00497 | 10092.2 | 0.541347 | 0.840799 | 0 | AugShort | 0 | 62.3768 | 339.564 | 0 | 1 | 0 | 0 | 0 | 0 | 0 | 1 | camera | Land_Wreck_Ikarus | 0.541347 | 0 | 0.840
SCRIPT       : DATA_LOG | 1465618 | aRapBi1cCZPZAGLIDny3dk3hQ8vTmNTLHRl8zxmKgQ0= | 12683.5 | 26.5258 | 10386.4 | -0.658683 | -0.752421 | 0 | CZ550 | 0 | 55.2165 | 799.953 | 0 | 1 | 0 | 0 | 0 | 0 | 0 | 1 | camera | Land_House_1W11 | -0.658683 | 0 | -0.7524
SCRIPT       : DATA_LOG | 1465634 | 0dnbV3OoKZVSKsRjRsSreDYKOmPaMHd_PD7pjTKbIH4= | 12855.2 | 6.00855 | 10095.7 | 0.938462 | 0.345381 | 0 | AugShort | 0 | 100.353 | 338.323 | 0 | 1 | 0 | 0 | 0 | 0 | 0 | 1 | camera | Land_HouseBlock_2F_Corner | 0.938462 | 0
SCRIPT       : DATA_LOG | 1466622 | aRapBi1cCZPZAGLIDny3dk3hQ8vTmNTLHRl8zxmKgQ0= | 12681.5 | 26.52 | 10387.2 | -0.666972 | -0.745082 | 0 | CZ550 | 0 | 55.9733 | 801.128 | 0 | 1 | 0 | 0 | 0 | 0 | 0 | 1 | camera | Land_House_1W11 | -0.666972 | 0 | -0.745082
SCRIPT       : DATA_LOG | 1466637 | 0dnbV3OoKZVSKsRjRsSreDYKOmPaMHd_PD7pjTKbIH4= | 12861.4 | 6.03499 | 10098 | 0.940974 | 0.33848 | 0 | AugShort | 0 | 102.102 | 341.208 | 0 | 1 | 0 | 0 | 0 | 0 | 0 | 1 | camera |  | 0.940974 | 0 | 0.33848 | 0.940974 | 0 | 
SCRIPT       : DATA_LOG | 1467624 | aRapBi1cCZPZAGLIDny3dk3hQ8vTmNTLHRl8zxmKgQ0= | 12677.8 | 26.5201 | 10387.9 | -0.633726 | 0.773558 | 0 | CZ550 | 0 | 155.003 | 802.79 | 0 | 1 | 0 | 0 | 0 | 0 | 0 | 1 | camera | Land_House_1W11 | -0.633726 | 0 | 0.773558 
SCRIPT       : DATA_LOG | 1467641 | 0dnbV3OoKZVSKsRjRsSreDYKOmPaMHd_PD7pjTKbIH4= | 12867.8 | 6.03497 | 10099.9 | 0.985665 | 0.168714 | 0 | AugShort | 0 | 92.9232 | 802.728 | 0 | 1 | 1 | 0 | 0 | 0 | 0 | 1 | camera |  | 0.985665 | 0 | 0.168714 | 0.985665 | 
SCRIPT       : DATA_LOG | 1468623 | aRapBi1cCZPZAGLIDny3dk3hQ8vTmNTLHRl8zxmKgQ0= | 12673.3 | 26.5694 | 10390.6 | -0.747319 | -0.664465 | 0 | CZ550 | 0 | 63.0038 | 806.468 | 0 | 1 | 0 | 0 | 0 | 0 | 0 | 1 | camera |  | -0.747319 | 0 | -0.664465 | -0.747319 
SCRIPT       : DATA_LOG | 1468639 | 0dnbV3OoKZVSKsRjRsSreDYKOmPaMHd_PD7pjTKbIH4= | 12872.7 | 6.22793 | 10101.3 | 0.948455 | 0.316911 | 0 | AugShort | 0 | 102.039 | 803.535 | 0 | 1 | 1 | 0 | 0 | 0 | 0 | 1 | camera |  | 0.948455 | 0 | 0.316911 | 0.948455 | 
SCRIPT       : DATA_LOG | 1469624 | aRapBi1cCZPZAGLIDny3dk3hQ8vTmNTLHRl8zxmKgQ0= | 12667.9 | 27.7755 | 10390.5 | -0.936533 | -0.350578 | 0 | CZ550 | 0 | 84.4851 | 807.79 | 0 | 1 | 0 | 0 | 0 | 0 | 0 | 1 | camera |  | -0.936533 | 0 | -0.350578 | -0.936533 |
SCRIPT       : DATA_LOG | 1469640 | 0dnbV3OoKZVSKsRjRsSreDYKOmPaMHd_PD7pjTKbIH4= | 12876 | 6.22739 | 10102.5 | 0.962542 | 0.271132 | 0 | AugShort | 0 | 99.5378 | 804.343 | 0 | 1 | 1 | 0 | 0 | 0 | 0 | 1 | camera |  | 0.962542 | 0 | 0.271132 | 0.962542 | 0 
SCRIPT       : DATA_LOG | 1470627 | aRapBi1cCZPZAGLIDny3dk3hQ8vTmNTLHRl8zxmKgQ0= | 12666.1 | 28.9141 | 10390 | -0.783359 | -0.62157 | 0 | CZ550 | 0 | 66.717 | 807.825 | 0 | 1 | 0 | 0 | 0 | 0 | 0 | 1 | camera | Land_House_2B03 | -0.783359 | 0 | -0.62157 | 
SCRIPT       : DATA_LOG | 1470643 | 0dnbV3OoKZVSKsRjRsSreDYKOmPaMHd_PD7pjTKbIH4= | 12882.2 | 6.1684 | 10102.5 | 0.221452 | 0.975171 | 0 | AugShort | 0 | 49.8928 | 360.141 | 0 | 1 | 0 | 0 | 0 | 0 | 0 | 1 | camera | Land_HouseBlock_3F1 | 0.221452 | 0 | 0.97
SCRIPT       : DATA_LOG | 1471734 | aRapBi1cCZPZAGLIDny3dk3hQ8vTmNTLHRl8zxmKgQ0= | 12663.5 | 27.949 | 10388.3 | 0.496168 | -0.868227 | 0 | CZ550 | 0 | 8.37344 | 356.615 | 0 | 1 | 0 | 0 | 0 | 0 | 0 | 1 | camera | Land_Office1 | 0.496168 | 0 | -0.868227 | 0
SCRIPT       : DATA_LOG | 1471749 | 0dnbV3OoKZVSKsRjRsSreDYKOmPaMHd_PD7pjTKbIH4= | 12880.1 | 6.18321 | 10105.4 | 0.154664 | 0.987967 | 0 | AugShort | 0 | 46.4506 | 356.833 | 0 | 1 | 0 | 0 | 0 | 0 | 0 | 1 | camera | Land_HouseBlock_3F1 | 0.154664 | 0 | 0.9
SCRIPT       : DATA_LOG | 1472670 | aRapBi1cCZPZAGLIDny3dk3hQ8vTmNTLHRl8zxmKgQ0= | 12660.9 | 28.0059 | 10386.8 | 0.497344 | -0.867554 | 0 | CZ550 | 0 | 9.23606 | 355.756 | 0 | 1 | 0 | 0 | 0 | 0 | 0 | 1 | camera | Land_Office1 | 0.497344 | 0 | -0.867554 | 
SCRIPT       : DATA_LOG | 1472687 | 0dnbV3OoKZVSKsRjRsSreDYKOmPaMHd_PD7pjTKbIH4= | 12881.8 | 6.18213 | 10108.9 | -0.0594393 | -0.998232 | 0 | AugShort | 0 | 2.8554 | 498.36 | 0 | 1 | 0 | 1 | 0 | 0 | 0 | 1 | camera |  | -0.0594393 | 0 | -0.998232 | -0.0594
SCRIPT       : DATA_LOG | 1473671 | aRapBi1cCZPZAGLIDny3dk3hQ8vTmNTLHRl8zxmKgQ0= | 12658.6 | 27.9571 | 10384.7 | 0.15271 | -0.988271 | 0 | CZ550 | 0 | 7.13622 | 804.667 | 0 | 1 | 0 | 0 | 0 | 0 | 0 | 1 | camera |  | 0.15271 | 0 | -0.988271 | 0.15271 | 0 | 
SCRIPT       : DATA_LOG | 1473688 | 0dnbV3OoKZVSKsRjRsSreDYKOmPaMHd_PD7pjTKbIH4= | 12880.7 | 6.18282 | 10110.8 | 0.213561 | -0.97693 | 1 | AugShort | 0 | 6.5357 | 812.058 | 0 | 1 | 1 | 0 | 0 | 0 | 0 | 1 | camera | Land_HouseBlock_3F1 | 0.213561 | 0 | -0.9
SCRIPT       : DATA_LOG | 1474681 | aRapBi1cCZPZAGLIDny3dk3hQ8vTmNTLHRl8zxmKgQ0= | 12656.6 | 27.8616 | 10382.2 | 0.706243 | -0.707969 | 0 | CZ550 | 0 | 6.42626 | 352.625 | 0 | 1 | 0 | 0 | 0 | 0 | 0 | 1 | camera | Land_Office1 | 0.706243 | 0 | -0.707969 | 
SCRIPT       : DATA_LOG | 1474702 | 0dnbV3OoKZVSKsRjRsSreDYKOmPaMHd_PD7pjTKbIH4= | 12880.1 | 6.1832 | 10110.2 | 0.380552 | -0.92476 | 0 | AugShort | 0 | 16.5225 | 811.584 | 0 | 1 | 1 | 0 | 0 | 0 | 0 | 1 | camera | Land_HouseBlock_3F1 | 0.380552 | 0 | -0.9
SCRIPT       : DATA_LOG | 1475680 | aRapBi1cCZPZAGLIDny3dk3hQ8vTmNTLHRl8zxmKgQ0= | 12656.4 | 27.8588 | 10382.1 | 0.706243 | -0.707969 | 0 | CZ550 | 0 | 6.04248 | 356.54 | 0 | 1 | 0 | 0 | 0 | 0 | 0 | 1 | camera | Land_Office1 | 0.706243 | 0 | -0.707969 | 0
SCRIPT       : DATA_LOG | 1475695 | 0dnbV3OoKZVSKsRjRsSreDYKOmPaMHd_PD7pjTKbIH4= | 12884.1 | 6.31391 | 10108.4 | 0.826366 | 0.563134 | 0 | AugShort | 0 | 95.4801 | 356.683 | 0 | 1 | 0 | 0 | 0 | 0 | 0 | 1 | camera | Land_HouseBlock_3F1 | 0.826366 | 0 | 0.5
 SCRIPT       : [Logout]: New player aRapBi1cCZPZAGLIDny3dk3hQ8vTmNTLHRl8zxmKgQ0= with logout time 15
 SCRIPT       : Player "rafaelglima79" (steamid=76561199445097358) initiated disconnect process...
SCRIPT       : DATA_LOG | 1476681 | aRapBi1cCZPZAGLIDny3dk3hQ8vTmNTLHRl8zxmKgQ0= | 12656.4 | 27.8588 | 10382.1 | 0.706243 | -0.707969 | 0 | CZ550 | 0 | 5.70599 | 356.495 | 0 | 1 | 0 | 0 | 0 | 0 | 0 | 1 | camera | TreeHard_t_PiceaAbies_2s | 0.706243 | 0 | 
SCRIPT       : DATA_LOG | 1476700 | 0dnbV3OoKZVSKsRjRsSreDYKOmPaMHd_PD7pjTKbIH4= | 12886.1 | 6.3916 | 10110.5 | 0.129148 | -0.991625 | 0 | AugShort | 0 | 2.00935 | 811.236 | 0 | 1 | 1 | 1 | 0 | 0 | 0 | 1 | camera | Land_HouseBlock_3F1 | 0.129148 | 0 | -0.
SCRIPT       : DATA_LOG | 1477689 | aRapBi1cCZPZAGLIDny3dk3hQ8vTmNTLHRl8zxmKgQ0= | 12656.4 | 27.8671 | 10382.1 | 0.706243 | -0.707969 | 0 | CZ550 | 0 | 5.97245 | 359.273 | 0 | 1 | 0 | 0 | 0 | 0 | 0 | 1 | camera | Land_Office1 | 0.706243 | 0 | -0.707969 | 
SCRIPT       : DATA_LOG | 1477707 | 0dnbV3OoKZVSKsRjRsSreDYKOmPaMHd_PD7pjTKbIH4= | 12885.6 | 8.56403 | 10106 | -0.875662 | -0.482924 | 0 | AugShort | 0 | 60.1261 | 495.547 | 0 | 1 | 0 | 0 | 0 | 0 | 0 | 1 | camera | Land_HouseBlock_3F1 | -0.875662 | 0 | -0
SCRIPT       : DATA_LOG | 1478687 | aRapBi1cCZPZAGLIDny3dk3hQ8vTmNTLHRl8zxmKgQ0= | 12656.4 | 27.8707 | 10382.2 | 0.706243 | -0.707969 | 0 | CZ550 | 0 | 6.00329 | 356.35 | 0 | 1 | 0 | 0 | 0 | 0 | 0 | 1 | camera | Land_Office1 | 0.706243 | 0 | -0.707969 | 0
SCRIPT       : DATA_LOG | 1478700 | 0dnbV3OoKZVSKsRjRsSreDYKOmPaMHd_PD7pjTKbIH4= | 12883.1 | 9.35985 | 10107.7 | 0.0752752 | 0.997163 | 0 | AugShort | 0 | 43.9923 | 356.166 | 0 | 1 | 0 | 0 | 0 | 0 | 0 | 1 | camera | Land_HouseBlock_3F1 | 0.0752752 | 0 | 0
 SCRIPT       : Player "rafaelglima79" (steamid=76561199445097358) disconnected early from server (EXIT NOW).
SCRIPT       : DATA_LOG | 1479685 | aRapBi1cCZPZAGLIDny3dk3hQ8vTmNTLHRl8zxmKgQ0= | 12656.4 | 27.8707 | 10382.2 | 0.706243 | -0.707969 | 0 | CZ550 | 0 | 5.59451 | 354.762 | 0 | 1 | 0 | 0 | 0 | 0 | 0 | 1 | camera | Land_HouseBlock_3F1 | 0.706243 | 0 | -0.70
SCRIPT       : DATA_LOG | 1479700 | 0dnbV3OoKZVSKsRjRsSreDYKOmPaMHd_PD7pjTKbIH4= | 12883.9 | 10.3651 | 10110.6 | 0.912514 | -0.409046 | 0 | AugShort | 0 | 60.278 | 811.618 | 0 | 1 | 1 | 0 | 0 | 0 | 0 | 1 | camera | Land_HouseBlock_3F1 | 0.912514 | 0 | -0.
SCRIPT       : DATA_LOG | 1480683 | aRapBi1cCZPZAGLIDny3dk3hQ8vTmNTLHRl8zxmKgQ0= | 12656.4 | 27.8707 | 10382.2 | 0.706243 | -0.707969 | 0 | CZ550 | 0 | 5.58571 | 354.708 | 0 | 1 | 0 | 0 | 0 | 0 | 0 | 1 | camera | Land_HouseBlock_3F1 | 0.706243 | 0 | -0.70
SCRIPT       : DATA_LOG | 1480696 | 0dnbV3OoKZVSKsRjRsSreDYKOmPaMHd_PD7pjTKbIH4= | 12884.1 | 10.3649 | 10110.8 | -0.209221 | -0.977868 | 1 | AugShort | 0 | 11.2675 | 500.317 | 0 | 1 | 0 | 0 | 0 | 0 | 0 | 1 | camera | Land_HouseBlock_3F1 | -0.209221 | 0 | 
SCRIPT       : DATA_LOG | 1481687 | aRapBi1cCZPZAGLIDny3dk3hQ8vTmNTLHRl8zxmKgQ0= | 12656.4 | 27.8707 | 10382.2 | 0.706243 | -0.707969 | 0 | CZ550 | 0 | 5.58307 | 354.698 | 0 | 1 | 0 | 0 | 0 | 0 | 0 | 1 | camera | Land_HouseBlock_3F1 | 0.706243 | 0 | -0.70
SCRIPT       : DATA_LOG | 1481703 | 0dnbV3OoKZVSKsRjRsSreDYKOmPaMHd_PD7pjTKbIH4= | 12884.1 | 10.3649 | 10110.8 | -0.209222 | -0.977868 | 1 | AugShort | 0 | 11.2676 | 500.317 | 0 | 1 | 0 | 0 | 0 | 0 | 0 | 1 | camera | Land_HouseBlock_3F1 | -0.209222 | 0 | 
SCRIPT       : DATA_LOG | 1482693 | aRapBi1cCZPZAGLIDny3dk3hQ8vTmNTLHRl8zxmKgQ0= | 12656.4 | 27.8707 | 10382.2 | 0.706243 | -0.707969 | 0 | CZ550 | 0 | 5.46027 | 355.946 | 0 | 1 | 0 | 0 | 0 | 0 | 0 | 1 | camera | Land_HouseBlock_3F1 | 0.706243 | 0 | -0.70
SCRIPT       : DATA_LOG | 1482709 | 0dnbV3OoKZVSKsRjRsSreDYKOmPaMHd_PD7pjTKbIH4= | 12885.4 | 10.3642 | 10110.3 | 0.381166 | -0.924507 | 0 | AugShort | 0 | 16.9391 | 811.186 | 0 | 1 | 1 | 0 | 0 | 0 | 0 | 1 | camera | Land_HouseBlock_3F1 | 0.381166 | 0 | -0
SCRIPT       : DATA_LOG | 1483689 | aRapBi1cCZPZAGLIDny3dk3hQ8vTmNTLHRl8zxmKgQ0= | 12656.4 | 27.8707 | 10382.2 | 0.706243 | -0.707969 | 0 | CZ550 | 0 | 5.62786 | 358.091 | 0 | 1 | 0 | 0 | 0 | 0 | 0 | 1 | camera | Land_HouseBlock_3F1 | 0.706243 | 0 | -0.70
SCRIPT       : DATA_LOG | 1483705 | 0dnbV3OoKZVSKsRjRsSreDYKOmPaMHd_PD7pjTKbIH4= | 12885.4 | 11.9492 | 10107.2 | -0.192512 | -0.981295 | 0 | AugShort | 0 | 10.1489 | 496.808 | 0 | 1 | 0 | 0 | 0 | 0 | 0 | 1 | camera | Land_HouseBlock_3F1 | -0.192512 | 0 | 
SCRIPT       : DATA_LOG | 1484690 | aRapBi1cCZPZAGLIDny3dk3hQ8vTmNTLHRl8zxmKgQ0= | 12656.4 | 27.8707 | 10382.2 | 0.706243 | -0.707969 | 0 | CZ550 | 0 | 5.83956 | 357.059 | 0 | 1 | 0 | 0 | 0 | 0 | 0 | 1 | camera | Land_Office1 | 0.706243 | 0 | -0.707969 | 
SCRIPT       : DATA_LOG | 1484705 | 0dnbV3OoKZVSKsRjRsSreDYKOmPaMHd_PD7pjTKbIH4= | 12883.4 | 12.4896 | 10106.9 | -0.174187 | 0.984713 | 0 | AugShort | 0 | 29.6099 | 356.765 | 0 | 1 | 0 | 0 | 0 | 0 | 0 | 1 | camera | Land_HouseBlock_3F1 | -0.174187 | 0 | 0
SCRIPT       : DATA_LOG | 1485691 | aRapBi1cCZPZAGLIDny3dk3hQ8vTmNTLHRl8zxmKgQ0= | 12656.4 | 27.8707 | 10382.2 | 0.706243 | -0.707969 | 0 | CZ550 | 0 | 5.39837 | 355 | 0 | 1 | 0 | 0 | 0 | 0 | 0 | 1 | camera | Land_HouseBlock_3F1 | 0.706243 | 0 | -0.707969
SCRIPT       : DATA_LOG | 1485706 | 0dnbV3OoKZVSKsRjRsSreDYKOmPaMHd_PD7pjTKbIH4= | 12883.9 | 13.965 | 10110.1 | 0.511513 | 0.859275 | 0 | AugShort | 0 | 70.7141 | 354.684 | 0 | 1 | 0 | 0 | 0 | 0 | 0 | 1 | camera | Land_HouseBlock_3F1 | 0.511513 | 0 | 0.85
SCRIPT       : DATA_LOG | 1486691 | aRapBi1cCZPZAGLIDny3dk3hQ8vTmNTLHRl8zxmKgQ0= | 12656.4 | 27.8707 | 10382.2 | 0.706243 | -0.707969 | 0 | CZ550 | 0 | 5.24897 | 357.198 | 0 | 1 | 0 | 0 | 0 | 0 | 0 | 1 | camera | Land_HouseBlock_3F1 | 0.706243 | 0 | -0.70
SCRIPT       : DATA_LOG | 1486705 | 0dnbV3OoKZVSKsRjRsSreDYKOmPaMHd_PD7pjTKbIH4= | 12886.1 | 14.6096 | 10108.8 | 0.106415 | -0.994322 | 0 | AugShort | 0 | 1.02507 | 809.644 | 0 | 1 | 1 | 1 | 0 | 0 | 0 | 1 | camera | Land_HouseBlock_3F1 | 0.106415 | 0 | -0
SCRIPT       : DATA_LOG | 1487695 | aRapBi1cCZPZAGLIDny3dk3hQ8vTmNTLHRl8zxmKgQ0= | 12656.4 | 27.8707 | 10382.2 | 0.706243 | -0.707969 | 0 | CZ550 | 0 | 5.59072 | 358.357 | 0 | 1 | 0 | 0 | 0 | 0 | 0 | 1 | camera | Land_HouseBlock_3F1 | 0.706243 | 0 | -0.70
SCRIPT       : DATA_LOG | 1487710 | 0dnbV3OoKZVSKsRjRsSreDYKOmPaMHd_PD7pjTKbIH4= | 12884.8 | 15.7645 | 10106.1 | -0.807548 | 0.589802 | 0 | AugShort | 0 | 14.3674 | 358.215 | 0 | 1 | 0 | 0 | 0 | 0 | 0 | 1 | camera | Land_HouseBlock_3F1 | -0.807548 | 0 | 0
SCRIPT       : DATA_LOG | 1488698 | aRapBi1cCZPZAGLIDny3dk3hQ8vTmNTLHRl8zxmKgQ0= | 12656.4 | 27.8707 | 10382.2 | 0.706243 | -0.707969 | 0 | CZ550 | 0 | 5.34669 | 355.76 | 0 | 1 | 0 | 0 | 0 | 0 | 0 | 1 | camera | Land_HouseBlock_3F1 | 0.706243 | 0 | -0.707
SCRIPT       : DATA_LOG | 1488712 | 0dnbV3OoKZVSKsRjRsSreDYKOmPaMHd_PD7pjTKbIH4= | 12883.9 | 17.1977 | 10108.8 | 0.0750927 | 0.997177 | 0 | AugShort | 0 | 44.1338 | 355.513 | 0 | 1 | 0 | 0 | 0 | 0 | 0 | 1 | camera | Land_HouseBlock_3F1 | 0.0750927 | 0 | 0
SCRIPT       : DATA_LOG | 1489695 | aRapBi1cCZPZAGLIDny3dk3hQ8vTmNTLHRl8zxmKgQ0= | 12656.4 | 27.8707 | 10382.2 | 0.706243 | -0.707969 | 0 | CZ550 | 0 | 5.25125 | 355 | 0 | 1 | 0 | 0 | 0 | 0 | 0 | 1 | camera | Land_HouseBlock_3F1 | 0.706243 | 0 | -0.707969
SCRIPT       : DATA_LOG | 1489713 | 0dnbV3OoKZVSKsRjRsSreDYKOmPaMHd_PD7pjTKbIH4= | 12884 | 17.265 | 10109.9 | -0.974667 | 0.223661 | 1 | AugShort | 0 | 37.1921 | 354.754 | 0 | 1 | 0 | 0 | 0 | 0 | 0 | 1 | camera | Land_HouseBlock_3F1 | -0.974667 | 0 | 0.22
SCRIPT       : DATA_LOG | 1490689 | 0dnbV3OoKZVSKsRjRsSreDYKOmPaMHd_PD7pjTKbIH4= | 12883.2 | 17.2654 | 10109.1 | 0.880453 | -0.474133 | 1 | AugShort | 0 | 56.0698 | 810.253 | 0 | 1 | 1 | 0 | 0 | 0 | 0 | 1 | camera | Land_HouseBlock_3F1 | 0.880453 | 0 | -0
SCRIPT       : [Logout]: Player aRapBi1cCZPZAGLIDny3dk3hQ8vTmNTLHRl8zxmKgQ0= finished
SCRIPT       : [PlayerListManager] SyncEntryToReceivers ► uid: aRapBi1cCZPZAGLIDny3dk3hQ8vTmNTLHRl8zxmKgQ0= isn't in the players list! sending a remove.
SCRIPT       : PlayerDisconnected -> PlayerListManager.RemoveEntry ► aRapBi1cCZPZAGLIDny3dk3hQ8vTmNTLHRl8zxmKgQ0=
SCRIPT       : DATA_LOG | 1491700 | 0dnbV3OoKZVSKsRjRsSreDYKOmPaMHd_PD7pjTKbIH4= | 12883.1 | 16.9157 | 10108.3 | 0.99996 | 0.0089207 | 1 | AugShort | 0 | 84.8614 | 809.497 | 0 | 1 | 1 | 0 | 0 | 0 | 0 | 1 | camera | Land_HouseBlock_3F1 | 0.99996 | 0 | 0.00
SCRIPT       : DATA_LOG | 1492701 | 0dnbV3OoKZVSKsRjRsSreDYKOmPaMHd_PD7pjTKbIH4= | 12883.1 | 16.9157 | 10108.3 | 0.99996 | 0.0089207 | 1 | AugShort | 0 | 84.8609 | 809.49 | 0 | 1 | 1 | 0 | 0 | 0 | 0 | 1 | camera | Land_HouseBlock_3F1 | 0.99996 | 0 | 0.008
SCRIPT       : DATA_LOG | 1493702 | 0dnbV3OoKZVSKsRjRsSreDYKOmPaMHd_PD7pjTKbIH4= | 12883.1 | 16.7235 | 10108 | 0.914524 | -0.404531 | 1 | AugShort | 0 | 60.4886 | 809.176 | 0 | 1 | 1 | 0 | 0 | 0 | 0 | 1 | camera | Land_HouseBlock_3F1 | 0.914524 | 0 | -0.4
SCRIPT       : DATA_LOG | 1494703 | 0dnbV3OoKZVSKsRjRsSreDYKOmPaMHd_PD7pjTKbIH4= | 12883.2 | 15.8728 | 10106.6 | 0.929896 | 0.367823 | 1 | AugShort | 0 | 105.926 | 807.733 | 0 | 1 | 1 | 0 | 0 | 0 | 0 | 1 | camera | Land_HouseBlock_3F1 | 0.929896 | 0 | 0.3
SCRIPT       : DATA_LOG | 1495707 | 0dnbV3OoKZVSKsRjRsSreDYKOmPaMHd_PD7pjTKbIH4= | 12883.3 | 15.7654 | 10106.2 | 0.99866 | -0.0517548 | 1 | AugShort | 0 | 81.3866 | 807.398 | 0 | 1 | 1 | 0 | 0 | 0 | 0 | 1 | camera | Land_HouseBlock_3F1 | 0.99866 | 0 | -0.
SCRIPT       : DATA_LOG | 1496708 | 0dnbV3OoKZVSKsRjRsSreDYKOmPaMHd_PD7pjTKbIH4= | 12884.2 | 15.7649 | 10106.1 | 0.740323 | 0.672252 | 1 | AugShort | 0 | 126.649 | 807.126 | 0 | 1 | 1 | 0 | 0 | 0 | 0 | 1 | camera | Land_HouseBlock_3F1 | 0.740323 | 0 | 0.6
SCRIPT       : DATA_LOG | 1497705 | 0dnbV3OoKZVSKsRjRsSreDYKOmPaMHd_PD7pjTKbIH4= | 12885.6 | 15.6794 | 10107 | -0.482827 | 0.875716 | 1 | AugShort | 0 | 150.116 | 496.653 | 0 | 1 | 0 | 0 | 0 | 0 | 0 | 1 | camera | Land_HouseBlock_3F1 | -0.482827 | 0 | 0.8
SCRIPT       : DATA_LOG | 1498707 | 0dnbV3OoKZVSKsRjRsSreDYKOmPaMHd_PD7pjTKbIH4= | 12885.8 | 14.4876 | 10109 | -0.673476 | 0.739209 | 0 | AugShort | 0 | 136.641 | 498.622 | 0 | 1 | 0 | 0 | 0 | 0 | 0 | 1 | camera | Land_HouseBlock_3F1 | -0.673476 | 0 | 0.7
SCRIPT       : DATA_LOG | 1499707 | 0dnbV3OoKZVSKsRjRsSreDYKOmPaMHd_PD7pjTKbIH4= | 12886.1 | 14.2652 | 10111.1 | -0.339916 | 0.940456 | 0 | AugShort | 0 | 159.069 | 500.723 | 0 | 1 | 0 | 0 | 0 | 0 | 0 | 1 | camera | Land_HouseBlock_3F1 | -0.339916 | 0 | 0
SCRIPT       : DATA_LOG | 1500709 | 0dnbV3OoKZVSKsRjRsSreDYKOmPaMHd_PD7pjTKbIH4= | 12885.2 | 13.9643 | 10110.6 | -0.616758 | -0.787153 | 1 | AugShort | 0 | 37.146 | 500.191 | 0 | 1 | 0 | 0 | 0 | 0 | 0 | 1 | camera | Land_HouseBlock_3F1 | -0.616758 | 0 | -
SCRIPT       : DATA_LOG | 1501711 | 0dnbV3OoKZVSKsRjRsSreDYKOmPaMHd_PD7pjTKbIH4= | 12883.9 | 13.9543 | 10109.4 | 0.542467 | -0.840077 | 1 | AugShort | 0 | 27.2772 | 810.464 | 0 | 1 | 1 | 0 | 0 | 0 | 0 | 1 | camera | Land_HouseBlock_3F1 | 0.542467 | 0 | -0
SCRIPT       : DATA_LOG | 1502711 | 0dnbV3OoKZVSKsRjRsSreDYKOmPaMHd_PD7pjTKbIH4= | 12883.4 | 13.1737 | 10108.1 | 0.991595 | 0.129382 | 1 | AugShort | 0 | 91.8053 | 809.173 | 0 | 1 | 1 | 0 | 0 | 0 | 0 | 1 | camera | Land_HouseBlock_3F1 | 0.991595 | 0 | 0.1
SCRIPT       : DATA_LOG | 1503711 | 0dnbV3OoKZVSKsRjRsSreDYKOmPaMHd_PD7pjTKbIH4= | 12883.4 | 12.583 | 10106.6 | 0.713637 | 0.700515 | 1 | AugShort | 0 | 128.824 | 807.728 | 0 | 1 | 1 | 0 | 0 | 0 | 0 | 1 | camera | Land_HouseBlock_3F1 | 0.713637 | 0 | 0.70
SCRIPT       : DATA_LOG | 1504713 | 0dnbV3OoKZVSKsRjRsSreDYKOmPaMHd_PD7pjTKbIH4= | 12884.7 | 12.1646 | 10105.9 | 0.0555593 | 0.998455 | 1 | AugShort | 0 | 171.24 | 806.884 | 0 | 1 | 1 | 0 | 0 | 0 | 0 | 1 | camera | Land_HouseBlock_3F1 | 0.0555593 | 0 | 0.
SCRIPT       : DATA_LOG | 1505720 | 0dnbV3OoKZVSKsRjRsSreDYKOmPaMHd_PD7pjTKbIH4= | 12886 | 12.0548 | 10107 | -0.142216 | 0.989836 | 1 | AugShort | 0 | 170.755 | 496.647 | 0 | 1 | 0 | 0 | 0 | 0 | 0 | 1 | camera | Land_HouseBlock_3F1 | -0.142216 | 0 | 0.989
SCRIPT       : DATA_LOG | 1507167 | 0dnbV3OoKZVSKsRjRsSreDYKOmPaMHd_PD7pjTKbIH4= | 12886.1 | 11.1748 | 10108.5 | -0.204864 | 0.978791 | 1 | AugShort | 0 | 167.121 | 498.105 | 0 | 1 | 0 | 0 | 0 | 0 | 0 | 1 | camera | Land_HouseBlock_3F1 | -0.204864 | 0 | 0
SCRIPT       : DATA_LOG | 1508174 | 0dnbV3OoKZVSKsRjRsSreDYKOmPaMHd_PD7pjTKbIH4= | 12884.4 | 10.3648 | 10110.2 | -0.00476779 | -0.999989 | 1 | AugShort | 0 | 0.74651 | 499.766 | 0 | 1 | 0 | 1 | 0 | 0 | 0 | 1 | camera | Land_HouseBlock_3F1 | -0.00476779 | 
SCRIPT       : DATA_LOG | 1509172 | 0dnbV3OoKZVSKsRjRsSreDYKOmPaMHd_PD7pjTKbIH4= | 12884.2 | 10.3649 | 10110.2 | 0.0194663 | -0.99981 | 1 | AugShort | 0 | 1.99753 | 499.761 | 0 | 1 | 0 | 1 | 0 | 0 | 0 | 1 | camera | Land_HouseBlock_3F1 | 0.0194663 | 0 | -
SCRIPT       : DATA_LOG | 1510171 | 0dnbV3OoKZVSKsRjRsSreDYKOmPaMHd_PD7pjTKbIH4= | 12883.6 | 10.3652 | 10109.8 | 0.207496 | -0.978236 | 1 | AugShort | 0 | 6.39277 | 810.803 | 0 | 1 | 1 | 0 | 0 | 0 | 0 | 1 | camera | Land_HouseBlock_3F1 | 0.207496 | 0 | -0
SCRIPT       : DATA_LOG | 1511175 | 0dnbV3OoKZVSKsRjRsSreDYKOmPaMHd_PD7pjTKbIH4= | 12883 | 9.61383 | 10108.1 | 0.570897 | -0.821021 | 1 | AugShort | 0 | 29.1629 | 809.251 | 0 | 1 | 1 | 0 | 0 | 0 | 0 | 1 | camera | Land_HouseBlock_3F1 | 0.570897 | 0 | -0.8
SCRIPT       : DATA_LOG | 1512174 | 0dnbV3OoKZVSKsRjRsSreDYKOmPaMHd_PD7pjTKbIH4= | 12883.5 | 8.68379 | 10106.6 | 0.960745 | 0.277434 | 1 | AugShort | 0 | 100.477 | 807.643 | 0 | 1 | 1 | 0 | 0 | 0 | 0 | 1 | camera | Land_HouseBlock_3F1 | 0.960745 | 0 | 0.2
SCRIPT       : DATA_LOG | 1513171 | 0dnbV3OoKZVSKsRjRsSreDYKOmPaMHd_PD7pjTKbIH4= | 12884.6 | 8.5646 | 10105.9 | 0.302391 | 0.953184 | 1 | AugShort | 0 | 156.84 | 806.873 | 0 | 1 | 1 | 0 | 0 | 0 | 0 | 1 | camera | Land_HouseBlock_3F1 | 0.302391 | 0 | 0.953
SCRIPT       : DATA_LOG | 1514174 | 0dnbV3OoKZVSKsRjRsSreDYKOmPaMHd_PD7pjTKbIH4= | 12885.8 | 8.32883 | 10107.3 | -0.607973 | 0.793958 | 1 | AugShort | 0 | 141.543 | 496.82 | 0 | 1 | 0 | 0 | 0 | 0 | 0 | 1 | camera | Land_HouseBlock_3F1 | -0.607973 | 0 | 0.
SCRIPT       : DATA_LOG | 1515175 | 0dnbV3OoKZVSKsRjRsSreDYKOmPaMHd_PD7pjTKbIH4= | 12885.6 | 7.40925 | 10108.8 | -0.998267 | 0.0588431 | 1 | AugShort | 0 | 92.3833 | 498.337 | 0 | 1 | 0 | 0 | 0 | 0 | 0 | 1 | camera | Land_HouseBlock_3F1 | -0.998267 | 0 | 
SCRIPT       : DATA_LOG | 1516175 | 0dnbV3OoKZVSKsRjRsSreDYKOmPaMHd_PD7pjTKbIH4= | 12885.3 | 6.54363 | 10110.2 | -0.984453 | -0.175649 | 1 | AugShort | 0 | 78.9268 | 499.764 | 0 | 1 | 0 | 0 | 0 | 0 | 0 | 1 | camera | Land_HouseBlock_3F1 | -0.984453 | 0 | 
SCRIPT       : DATA_LOG | 1517180 | 0dnbV3OoKZVSKsRjRsSreDYKOmPaMHd_PD7pjTKbIH4= | 12884.3 | 6.31376 | 10110.6 | -0.562171 | -0.827021 | 1 | AugShort | 0 | 33.3651 | 500.17 | 0 | 1 | 0 | 0 | 0 | 0 | 0 | 1 | camera | Land_HouseBlock_3F1 | -0.562171 | 0 | -
SCRIPT       : DATA_LOG | 1518179 | 0dnbV3OoKZVSKsRjRsSreDYKOmPaMHd_PD7pjTKbIH4= | 12884.2 | 6.3139 | 10108.7 | -0.91936 | -0.393416 | 1 | AugShort | 0 | 66.0068 | 498.255 | 0 | 1 | 0 | 0 | 0 | 0 | 0 | 1 | camera | Land_HouseBlock_3F1 | -0.91936 | 0 | -0.
SCRIPT       : DATA_LOG | 1519179 | 0dnbV3OoKZVSKsRjRsSreDYKOmPaMHd_PD7pjTKbIH4= | 12882.9 | 6.31465 | 10108 | -0.399422 | 0.916767 | 1 | AugShort | 0 | 155.776 | 497.487 | 0 | 1 | 0 | 0 | 0 | 0 | 0 | 1 | camera | Land_HouseBlock_3F1 | -0.399422 | 0 | 0.9
SCRIPT       : DATA_LOG | 1520180 | 0dnbV3OoKZVSKsRjRsSreDYKOmPaMHd_PD7pjTKbIH4= | 12881.3 | 6.18246 | 10108.6 | 0.0782587 | 0.996933 | 1 | AugShort | 0 | 169.739 | 809.826 | 0 | 1 | 1 | 0 | 0 | 0 | 0 | 1 | camera | Land_HouseBlock_3F1 | 0.0782587 | 0 | 0
SCRIPT       : DATA_LOG | 1521181 | 0dnbV3OoKZVSKsRjRsSreDYKOmPaMHd_PD7pjTKbIH4= | 12880.9 | 6.18272 | 10110.4 | 0.248618 | 0.968602 | 1 | AugShort | 0 | 159.814 | 811.67 | 0 | 1 | 1 | 0 | 0 | 0 | 0 | 1 | camera | Land_HouseBlock_3F1 | 0.248618 | 0 | 0.96
SCRIPT       : DATA_LOG | 1522181 | 0dnbV3OoKZVSKsRjRsSreDYKOmPaMHd_PD7pjTKbIH4= | 12880.5 | 6.18297 | 10112.3 | 0.501862 | 0.864948 | 1 | AugShort | 0 | 144.072 | 813.598 | 0 | 1 | 1 | 0 | 0 | 0 | 0 | 1 | camera | Land_HouseBlock_3F1 | 0.501862 | 0 | 0.8
 SCRIPT       : [Logout]: New player 0dnbV3OoKZVSKsRjRsSreDYKOmPaMHd_PD7pjTKbIH4= with logout time 0
 SCRIPT       : Player "Survivor" (steamid=76561199031921922) initiated disconnect process...
SCRIPT       : [Logout]: Player 0dnbV3OoKZVSKsRjRsSreDYKOmPaMHd_PD7pjTKbIH4= finished
SCRIPT       : Player "Survivor" (steamid=76561199031921922) disconnected from server.
SCRIPT       : [PlayerListManager] SyncEntryToReceivers ► uid: 0dnbV3OoKZVSKsRjRsSreDYKOmPaMHd_PD7pjTKbIH4= isn't in the players list! sending a remove.
SCRIPT       : HandleOnPlayerDisconnected -> PlayerListManager.RemoveEntry ► 0dnbV3OoKZVSKsRjRsSreDYKOmPaMHd_PD7pjTKbIH4=
 SCRIPT       : [MissionServer] OnMissionFinish - Server
 SCRIPT       : ~DayZGame()
 SCRIPT    (E): Virtual Machine Exception

Reason: NULL pointer to instance

Class:      'EffectSound'
Function: 'SetEnableEventFrame'
Stack trace:
scripts/3_Game/effect.c:290 Function SetEnableEventFrame
scripts/3_Game/effect.c:97 Function ~Effect
scripts/3_Game/effectmanager.c:278 Function DestroyEffect
scripts/4_World/entities\itembase\tentbase\largetentbackpack.c:12 Function ~LargeTentBackPack
