---------------------------------------------
Log D:\ModelAnti-Cheat\log_profiles\script_2026-09-04_23-31-23.log started at 04.09. 23:31:26

SCRIPT       : Module: GameLib; loaded 18x files; 26x classes; used 39/2097 kB (1%) of static memory; defines: "DAYZ_1_29,SERVER_FOR_WINDOWS,SERVER,PLATFORM_WINDOWS,RELEASE,NO_GUI,NO_GUI_INGAME,sakhal,JM_CommunityFramework,CF_MODULE_CONFIG,CF_EXPRESSION,C
SCRIPT       : Registered 349 temporary action enum(s), UAN==349
SCRIPT       : Module: Game; loaded 521x files; 1604x classes; used 4275/33554 kB (12%) of static memory; defines: "DAYZ_1_29,SERVER_FOR_WINDOWS,SERVER,PLATFORM_WINDOWS,RELEASE,NO_GUI,NO_GUI_INGAME,sakhal,JM_CommunityFramework,CF_MODULE_CONFIG,CF_EXPRESSI
SCRIPT       : ... Backlit Effects Enabled
SCRIPT       : VPPNotificationManager()
SCRIPT       : [VPPAT] Internal VPPNotifications module loaded!
SCRIPT       : [DayZ Game]:: DayZGame(): Initializing V++ Admin Tools.
SCRIPT       : Module: World; loaded 2247x files; 5867x classes; used 9519/33554 kB (28%) of static memory; defines: "DAYZ_1_29,SERVER_FOR_WINDOWS,SERVER,PLATFORM_WINDOWS,RELEASE,NO_GUI,NO_GUI_INGAME,sakhal,JM_CommunityFramework,CF_MODULE_CONFIG,CF_EXPRES
 SCRIPT       : Module: Mission; loaded 293x files; 593x classes; used 3996/33554 kB (11%) of static memory; defines: "DAYZ_1_29,SERVER_FOR_WINDOWS,SERVER,PLATFORM_WINDOWS,RELEASE,NO_GUI,NO_GUI_INGAME,sakhal,JM_CommunityFramework,CF_MODULE_CONFIG,CF_EXPRE
 SCRIPT    (W): @"$CurrentDir:mpmissions\dayzOffline.chernarusplus\init.c,54": Possible variable name conflict 'm_player'
 SCRIPT       : Module: $CurrentDir:mpmissions\dayzOffline.chernarusplus\init.c; loaded 1x files; 1x classes; used 16/1048 kB (1%) of static memory; defines: "DAYZ_1_29,SERVER_FOR_WINDOWS,SERVER,PLATFORM_WINDOWS,RELEASE,NO_GUI,NO_GUI_INGAME,sakhal,JM_Comm
 SCRIPT       : [SERVER :: Vanilla++ AdminTools Plugins Registering]
 SCRIPT       : [MissionServer] OnInit - Server
 SCRIPT       : [MissionServer] OnMissionStart - Server
 SCRIPT       : string dirtyName = 'TESTINGSERVER'
SCRIPT       : m_LoginTimeMs: 16200
 SCRIPT    (E): Virtual Machine Exception

Reason: NULL pointer to instance. Variable 'PlayerBase' during call 'PlayerBase.GetInventory'

Class:      'CustomMission'
Function: 'EquipCharacter'
Stack trace:
scripts/5_Mission/mission\missionserver.c:519 Function EquipCharacter
scripts/5_Mission/mission\missionserver.c:580 Function OnClientNewEvent
JM/CF/Scripts/5_Mission/communityframework\mission\missionserver.c:146 Function OnClientNewEvent
scripts/5_Mission/mission\missionserver.c:319 Function OnEvent
JM/CF/Scripts/5_Mission/communityframework\mission\missionserver.c:10 Function OnEvent
VPPAdminTools/5_Mission/vppadmintools\missionserver.c:67 Function OnEvent
scripts/3_Game/dayzgame.c:1760 Function OnEvent
JM/CF/Scripts/3_Game/communityframework\game\dayzgame.c:120 Function OnEvent
 SCRIPT       : [VPPAT] Player "Survivor" (steamId=76561199110912890) connected to server!
SCRIPT       : [DUMMY_DEBUG] SUCESSO: Dummy criado na posicao: <12905.946289, 4.530223, 9671.704102>
SCRIPT       : DATA_LOG | 188404 | VEZjSxlcpgu1JLRUfHGLLLMsm0wqbyJ6fy2rl33V8jg= | 12905.9 | 5.11839 | 9668.7 | 0 | 1 | 0 | none | 1 | 0.653719 | 3.0002 | 0 | 1 | 1 | 1 | 0 | 0 | 0 | 1 | camera | none | 0 | 0 | 1 | 0 | 0 | 1 | 12905.9 | 5.11839 | 9668.7
SCRIPT       : DATA_LOG | 189236 | VEZjSxlcpgu1JLRUfHGLLLMsm0wqbyJ6fy2rl33V8jg= | 12905.9 | 4.49999 | 9668.79 | 0.184077 | 0.982912 | 0 | none | 1 | 30.9329 | 3.37346 | 0 | 1 | 1 | 0 | 0 | 0 | 0 | 1 | camera | target | 0.184077 | 0 | 0.982912 | 0.184077 |
SCRIPT       : DATA_LOG | 190235 | VEZjSxlcpgu1JLRUfHGLLLMsm0wqbyJ6fy2rl33V8jg= | 12905.9 | 4.50264 | 9668.76 | 0.184052 | 0.982917 | 0 | none | 1 | 30.5298 | 3.40564 | 0 | 1 | 1 | 0 | 0 | 0 | 0 | 1 | camera | target | 0.184052 | 0 | 0.982917 | 0.184052 |
SCRIPT       : DATA_LOG | 191238 | VEZjSxlcpgu1JLRUfHGLLLMsm0wqbyJ6fy2rl33V8jg= | 12905.9 | 4.50264 | 9668.76 | 0.184052 | 0.982917 | 0 | none | 1 | 30.6744 | 3.3981 | 0 | 1 | 1 | 0 | 0 | 0 | 0 | 1 | camera | target | 0.184052 | 0 | 0.982917 | 0.184052 | 
SCRIPT       : DATA_LOG | 192239 | VEZjSxlcpgu1JLRUfHGLLLMsm0wqbyJ6fy2rl33V8jg= | 12905.9 | 4.50264 | 9668.76 | 0.184052 | 0.982917 | 0 | none | 1 | 30.6933 | 3.39563 | 0 | 1 | 1 | 0 | 0 | 0 | 0 | 1 | camera | target | 0.184052 | 0 | 0.982917 | 0.184052 |
SCRIPT       : DATA_LOG | 193929 | VEZjSxlcpgu1JLRUfHGLLLMsm0wqbyJ6fy2rl33V8jg= | 12905.9 | 4.50264 | 9668.76 | 0.184052 | 0.982917 | 0 | none | 1 | 30.549 | 3.40499 | 0 | 1 | 1 | 0 | 0 | 0 | 0 | 1 | camera | target | 0.184052 | 0 | 0.982917 | 0.184052 | 
SCRIPT       : DATA_LOG | 194963 | VEZjSxlcpgu1JLRUfHGLLLMsm0wqbyJ6fy2rl33V8jg= | 12905.9 | 4.50264 | 9668.76 | 0.184052 | 0.982917 | 0 | none | 1 | 30.6246 | 3.40032 | 0 | 1 | 1 | 0 | 0 | 0 | 0 | 1 | camera | target | 0.184052 | 0 | 0.982917 | 0.184052 |
SCRIPT       : DATA_LOG | 195964 | VEZjSxlcpgu1JLRUfHGLLLMsm0wqbyJ6fy2rl33V8jg= | 12905.9 | 4.50264 | 9668.76 | 0.184052 | 0.982917 | 0 | none | 1 | 30.5439 | 3.40543 | 0 | 1 | 1 | 0 | 0 | 0 | 0 | 1 | camera | target | 0.184052 | 0 | 0.982917 | 0.184052 |
SCRIPT       : DATA_LOG | 196971 | VEZjSxlcpgu1JLRUfHGLLLMsm0wqbyJ6fy2rl33V8jg= | 12905.9 | 4.50264 | 9668.76 | 0.184052 | 0.982917 | 0 | none | 1 | 30.6161 | 3.39863 | 0 | 1 | 1 | 0 | 0 | 0 | 0 | 1 | camera | target | 0.184052 | 0 | 0.982917 | 0.184052 |
SCRIPT       : DATA_LOG | 197975 | VEZjSxlcpgu1JLRUfHGLLLMsm0wqbyJ6fy2rl33V8jg= | 12905.9 | 4.50264 | 9668.76 | 0.184052 | 0.982917 | 0 | none | 1 | 30.5388 | 3.40484 | 0 | 1 | 1 | 0 | 0 | 0 | 0 | 1 | camera | target | 0.184052 | 0 | 0.982917 | 0.184052 |
SCRIPT       : DATA_LOG | 199037 | VEZjSxlcpgu1JLRUfHGLLLMsm0wqbyJ6fy2rl33V8jg= | 12905.9 | 4.50264 | 9668.76 | 0.184052 | 0.982917 | 0 | none | 1 | 30.651 | 3.39972 | 0 | 1 | 1 | 0 | 0 | 0 | 0 | 1 | camera | target | 0.184052 | 0 | 0.982917 | 0.184052 | 
SCRIPT       : DATA_LOG | 200036 | VEZjSxlcpgu1JLRUfHGLLLMsm0wqbyJ6fy2rl33V8jg= | 12905.9 | 4.50264 | 9668.76 | 0.184052 | 0.982917 | 0 | none | 1 | 30.6933 | 3.39563 | 0 | 1 | 1 | 0 | 0 | 0 | 0 | 1 | camera | target | 0.184052 | 0 | 0.982917 | 0.184052 |
SCRIPT       : DATA_LOG | 201037 | VEZjSxlcpgu1JLRUfHGLLLMsm0wqbyJ6fy2rl33V8jg= | 12905.9 | 4.50264 | 9668.76 | 0.184052 | 0.982917 | 0 | none | 1 | 30.5496 | 3.405 | 0 | 1 | 1 | 0 | 0 | 0 | 0 | 1 | camera | target | 0.184052 | 0 | 0.982917 | 0.184052 | 0
SCRIPT       : DATA_LOG | 202046 | VEZjSxlcpgu1JLRUfHGLLLMsm0wqbyJ6fy2rl33V8jg= | 12905.9 | 4.50264 | 9668.76 | 0.184052 | 0.982917 | 0 | none | 1 | 30.6385 | 3.39948 | 0 | 1 | 1 | 0 | 0 | 0 | 0 | 1 | camera | target | 0.184052 | 0 | 0.982917 | 0.184052 |
SCRIPT       : DATA_LOG | 203039 | VEZjSxlcpgu1JLRUfHGLLLMsm0wqbyJ6fy2rl33V8jg= | 12905.9 | 4.50264 | 9668.76 | 0.184052 | 0.982917 | 0 | none | 1 | 30.5447 | 3.40546 | 0 | 1 | 1 | 0 | 0 | 0 | 0 | 1 | camera | target | 0.184052 | 0 | 0.982917 | 0.184052 |
SCRIPT       : DATA_LOG | 204040 | VEZjSxlcpgu1JLRUfHGLLLMsm0wqbyJ6fy2rl33V8jg= | 12905.9 | 4.50264 | 9668.76 | 0.184052 | 0.982917 | 0 | none | 1 | 30.5938 | 3.40028 | 0 | 1 | 1 | 0 | 0 | 0 | 0 | 1 | camera | target | 0.184052 | 0 | 0.982917 | 0.184052 |
SCRIPT       : DATA_LOG | 205041 | VEZjSxlcpgu1JLRUfHGLLLMsm0wqbyJ6fy2rl33V8jg= | 12905.9 | 4.50264 | 9668.76 | 0.184052 | 0.982917 | 0 | none | 1 | 30.5511 | 3.40324 | 0 | 1 | 1 | 0 | 0 | 0 | 0 | 1 | camera | target | 0.184052 | 0 | 0.982917 | 0.184052 |
SCRIPT       : DATA_LOG | 206043 | VEZjSxlcpgu1JLRUfHGLLLMsm0wqbyJ6fy2rl33V8jg= | 12905.9 | 4.50264 | 9668.76 | 0.184052 | 0.982917 | 0 | none | 1 | 30.6256 | 3.40126 | 0 | 1 | 1 | 0 | 0 | 0 | 0 | 1 | camera | target | 0.184052 | 0 | 0.982917 | 0.184052 |
SCRIPT       : DATA_LOG | 207046 | VEZjSxlcpgu1JLRUfHGLLLMsm0wqbyJ6fy2rl33V8jg= | 12905.9 | 4.50264 | 9668.76 | 0.184052 | 0.982917 | 0 | none | 1 | 30.7258 | 3.39321 | 0 | 1 | 1 | 0 | 0 | 0 | 0 | 1 | camera | target | 0.184052 | 0 | 0.982917 | 0.184052 |
SCRIPT       : DATA_LOG | 208050 | VEZjSxlcpgu1JLRUfHGLLLMsm0wqbyJ6fy2rl33V8jg= | 12905.9 | 4.50264 | 9668.76 | 0.184052 | 0.982917 | 0 | none | 1 | 30.5487 | 3.40497 | 0 | 1 | 1 | 0 | 0 | 0 | 0 | 1 | camera | target | 0.184052 | 0 | 0.982917 | 0.184052 |
SCRIPT       : DATA_LOG | 209049 | VEZjSxlcpgu1JLRUfHGLLLMsm0wqbyJ6fy2rl33V8jg= | 12905.9 | 4.50264 | 9668.76 | 0.184052 | 0.982917 | 0 | none | 1 | 30.648 | 3.39871 | 0 | 1 | 1 | 0 | 0 | 0 | 0 | 1 | camera | target | 0.184052 | 0 | 0.982917 | 0.184052 | 
SCRIPT       : DATA_LOG | 210054 | VEZjSxlcpgu1JLRUfHGLLLMsm0wqbyJ6fy2rl33V8jg= | 12905.9 | 4.50264 | 9668.76 | 0.184052 | 0.982917 | 0 | none | 1 | 30.5542 | 3.40468 | 0 | 1 | 1 | 0 | 0 | 0 | 0 | 1 | camera | target | 0.184052 | 0 | 0.982917 | 0.184052 |
SCRIPT       : DATA_LOG | 211055 | VEZjSxlcpgu1JLRUfHGLLLMsm0wqbyJ6fy2rl33V8jg= | 12905.9 | 4.50264 | 9668.76 | 0.184052 | 0.982917 | 0 | none | 1 | 30.5797 | 3.40111 | 0 | 1 | 1 | 0 | 0 | 0 | 0 | 1 | camera | target | 0.184052 | 0 | 0.982917 | 0.184052 |
SCRIPT       : DATA_LOG | 212126 | VEZjSxlcpgu1JLRUfHGLLLMsm0wqbyJ6fy2rl33V8jg= | 12905.9 | 4.50264 | 9668.76 | 0.184052 | 0.982917 | 0 | none | 1 | 30.6108 | 3.39865 | 0 | 1 | 1 | 0 | 0 | 0 | 0 | 1 | camera | target | 0.184052 | 0 | 0.982917 | 0.184052 |
SCRIPT       : DATA_LOG | 213124 | VEZjSxlcpgu1JLRUfHGLLLMsm0wqbyJ6fy2rl33V8jg= | 12905.9 | 4.50264 | 9668.76 | 0.184052 | 0.982917 | 0 | none | 1 | 30.6023 | 3.40289 | 0 | 1 | 1 | 0 | 0 | 0 | 0 | 1 | camera | target | 0.184052 | 0 | 0.982917 | 0.184052 |
SCRIPT       : DATA_LOG | 214126 | VEZjSxlcpgu1JLRUfHGLLLMsm0wqbyJ6fy2rl33V8jg= | 12905.9 | 4.50264 | 9668.76 | 0.184052 | 0.982917 | 0 | none | 1 | 30.7347 | 3.39241 | 0 | 1 | 1 | 0 | 0 | 0 | 0 | 1 | camera | target | 0.184052 | 0 | 0.982917 | 0.184052 |
SCRIPT       : DATA_LOG | 215130 | VEZjSxlcpgu1JLRUfHGLLLMsm0wqbyJ6fy2rl33V8jg= | 12905.9 | 4.50264 | 9668.76 | 0.184052 | 0.982917 | 0 | none | 1 | 30.5492 | 3.40499 | 0 | 1 | 1 | 0 | 0 | 0 | 0 | 1 | camera | target | 0.184052 | 0 | 0.982917 | 0.184052 |
SCRIPT       : DATA_LOG | 216140 | VEZjSxlcpgu1JLRUfHGLLLMsm0wqbyJ6fy2rl33V8jg= | 12905.9 | 4.50264 | 9668.76 | 0.184052 | 0.982917 | 0 | none | 1 | 30.6488 | 3.39873 | 0 | 1 | 1 | 0 | 0 | 0 | 0 | 1 | camera | target | 0.184052 | 0 | 0.982917 | 0.184052 |
SCRIPT       : DATA_LOG | 217149 | VEZjSxlcpgu1JLRUfHGLLLMsm0wqbyJ6fy2rl33V8jg= | 12905.9 | 4.50264 | 9668.76 | 0.184052 | 0.982917 | 0 | none | 1 | 30.563 | 3.40387 | 0 | 1 | 1 | 0 | 0 | 0 | 0 | 1 | camera | target | 0.184052 | 0 | 0.982917 | 0.184052 | 
SCRIPT       : DATA_LOG | 218215 | VEZjSxlcpgu1JLRUfHGLLLMsm0wqbyJ6fy2rl33V8jg= | 12905.9 | 4.50264 | 9668.76 | 0.184052 | 0.982917 | 0 | none | 1 | 30.5728 | 3.40199 | 0 | 1 | 1 | 0 | 0 | 0 | 0 | 1 | camera | target | 0.184052 | 0 | 0.982917 | 0.184052 |
SCRIPT       : DATA_LOG | 219208 | VEZjSxlcpgu1JLRUfHGLLLMsm0wqbyJ6fy2rl33V8jg= | 12905.9 | 4.50264 | 9668.76 | 0.184052 | 0.982917 | 0 | none | 1 | 30.6206 | 3.39788 | 0 | 1 | 1 | 0 | 0 | 0 | 0 | 1 | camera | target | 0.184052 | 0 | 0.982917 | 0.184052 |
SCRIPT       : DATA_LOG | 220224 | VEZjSxlcpgu1JLRUfHGLLLMsm0wqbyJ6fy2rl33V8jg= | 12905.9 | 4.50264 | 9668.76 | 0.184052 | 0.982917 | 0 | none | 1 | 30.5526 | 3.40602 | 0 | 1 | 1 | 0 | 0 | 0 | 0 | 1 | camera | target | 0.184052 | 0 | 0.982917 | 0.184052 |
SCRIPT       : DATA_LOG | 221223 | VEZjSxlcpgu1JLRUfHGLLLMsm0wqbyJ6fy2rl33V8jg= | 12905.9 | 4.50264 | 9668.76 | 0.184052 | 0.982917 | 0 | none | 1 | 30.7579 | 3.39078 | 0 | 1 | 1 | 0 | 0 | 0 | 0 | 1 | camera | target | 0.184052 | 0 | 0.982917 | 0.184052 |
SCRIPT       : DATA_LOG | 222227 | VEZjSxlcpgu1JLRUfHGLLLMsm0wqbyJ6fy2rl33V8jg= | 12905.9 | 4.50264 | 9668.76 | 0.184052 | 0.982917 | 0 | none | 1 | 30.5643 | 3.4042 | 0 | 1 | 1 | 0 | 0 | 0 | 0 | 1 | camera | target | 0.184052 | 0 | 0.982917 | 0.184052 | 
SCRIPT       : DATA_LOG | 223228 | VEZjSxlcpgu1JLRUfHGLLLMsm0wqbyJ6fy2rl33V8jg= | 12905.9 | 4.50264 | 9668.76 | 0.184052 | 0.982917 | 0 | none | 1 | 30.6491 | 3.39874 | 0 | 1 | 1 | 0 | 0 | 0 | 0 | 1 | camera | target | 0.184052 | 0 | 0.982917 | 0.184052 |
SCRIPT       : DATA_LOG | 224226 | VEZjSxlcpgu1JLRUfHGLLLMsm0wqbyJ6fy2rl33V8jg= | 12905.9 | 4.50264 | 9668.76 | 0.184052 | 0.982917 | 0 | none | 1 | 30.5676 | 3.40383 | 0 | 1 | 1 | 0 | 0 | 0 | 0 | 1 | camera | target | 0.184052 | 0 | 0.982917 | 0.184052 |
SCRIPT       : DATA_LOG | 225230 | VEZjSxlcpgu1JLRUfHGLLLMsm0wqbyJ6fy2rl33V8jg= | 12905.9 | 4.50264 | 9668.76 | 0.184052 | 0.982917 | 0 | none | 1 | 30.5659 | 3.40286 | 0 | 1 | 1 | 0 | 0 | 0 | 0 | 1 | camera | target | 0.184052 | 0 | 0.982917 | 0.184052 |
SCRIPT       : DATA_LOG | 226229 | VEZjSxlcpgu1JLRUfHGLLLMsm0wqbyJ6fy2rl33V8jg= | 12905.9 | 4.50264 | 9668.76 | 0.184052 | 0.982917 | 0 | none | 1 | 30.6465 | 3.39635 | 0 | 1 | 1 | 0 | 0 | 0 | 0 | 1 | camera | target | 0.184052 | 0 | 0.982917 | 0.184052 |
SCRIPT       : DATA_LOG | 227230 | VEZjSxlcpgu1JLRUfHGLLLMsm0wqbyJ6fy2rl33V8jg= | 12905.9 | 4.50264 | 9668.76 | 0.184052 | 0.982917 | 0 | none | 1 | 30.5343 | 3.4067 | 0 | 1 | 1 | 0 | 0 | 0 | 0 | 1 | camera | target | 0.184052 | 0 | 0.982917 | 0.184052 | 
SCRIPT       : DATA_LOG | 228230 | VEZjSxlcpgu1JLRUfHGLLLMsm0wqbyJ6fy2rl33V8jg= | 12905.9 | 4.50264 | 9668.76 | 0.184052 | 0.982917 | 0 | none | 1 | 30.7593 | 3.39083 | 0 | 1 | 1 | 0 | 0 | 0 | 0 | 1 | camera | target | 0.184052 | 0 | 0.982917 | 0.184052 |
SCRIPT       : DATA_LOG | 229240 | VEZjSxlcpgu1JLRUfHGLLLMsm0wqbyJ6fy2rl33V8jg= | 12905.9 | 4.50264 | 9668.76 | 0.184052 | 0.982917 | 0 | none | 1 | 30.5908 | 3.40269 | 0 | 1 | 1 | 0 | 0 | 0 | 0 | 1 | camera | target | 0.184052 | 0 | 0.982917 | 0.184052 |
SCRIPT       : DATA_LOG | 230235 | VEZjSxlcpgu1JLRUfHGLLLMsm0wqbyJ6fy2rl33V8jg= | 12905.9 | 4.50264 | 9668.76 | 0.184052 | 0.982917 | 0 | none | 1 | 30.6333 | 3.39951 | 0 | 1 | 1 | 0 | 0 | 0 | 0 | 1 | camera | target | 0.184052 | 0 | 0.982917 | 0.184052 |
SCRIPT       : DATA_LOG | 231244 | VEZjSxlcpgu1JLRUfHGLLLMsm0wqbyJ6fy2rl33V8jg= | 12905.9 | 4.50264 | 9668.76 | 0.184052 | 0.982917 | 0 | none | 1 | 30.5883 | 3.40211 | 0 | 1 | 1 | 0 | 0 | 0 | 0 | 1 | camera | target | 0.184052 | 0 | 0.982917 | 0.184052 |
SCRIPT       : DATA_LOG | 232238 | VEZjSxlcpgu1JLRUfHGLLLMsm0wqbyJ6fy2rl33V8jg= | 12905.9 | 4.50264 | 9668.76 | 0.184052 | 0.982917 | 0 | none | 1 | 30.5529 | 3.40373 | 0 | 1 | 1 | 0 | 0 | 0 | 0 | 1 | camera | target | 0.184052 | 0 | 0.982917 | 0.184052 |
SCRIPT       : DATA_LOG | 233238 | VEZjSxlcpgu1JLRUfHGLLLMsm0wqbyJ6fy2rl33V8jg= | 12905.9 | 4.50264 | 9668.76 | 0.184052 | 0.982917 | 0 | none | 1 | 30.6531 | 3.39637 | 0 | 1 | 1 | 0 | 0 | 0 | 0 | 1 | camera | target | 0.184052 | 0 | 0.982917 | 0.184052 |
SCRIPT       : DATA_LOG | 234237 | VEZjSxlcpgu1JLRUfHGLLLMsm0wqbyJ6fy2rl33V8jg= | 12905.9 | 4.50264 | 9668.76 | 0.184052 | 0.982917 | 0 | none | 1 | 30.5124 | 3.40816 | 0 | 1 | 1 | 0 | 0 | 0 | 0 | 1 | camera | target | 0.184052 | 0 | 0.982917 | 0.184052 |
SCRIPT       : DATA_LOG | 235239 | VEZjSxlcpgu1JLRUfHGLLLMsm0wqbyJ6fy2rl33V8jg= | 12905.9 | 4.50264 | 9668.76 | 0.184052 | 0.982917 | 0 | none | 1 | 30.7484 | 3.39247 | 0 | 1 | 1 | 0 | 0 | 0 | 0 | 1 | camera | target | 0.184052 | 0 | 0.982917 | 0.184052 |
SCRIPT       : DATA_LOG | 236238 | VEZjSxlcpgu1JLRUfHGLLLMsm0wqbyJ6fy2rl33V8jg= | 12905.9 | 4.50264 | 9668.76 | 0.184052 | 0.982917 | 0 | none | 1 | 30.6266 | 3.40039 | 0 | 1 | 1 | 0 | 0 | 0 | 0 | 1 | camera | target | 0.184052 | 0 | 0.982917 | 0.184052 |
SCRIPT       : DATA_LOG | 237241 | VEZjSxlcpgu1JLRUfHGLLLMsm0wqbyJ6fy2rl33V8jg= | 12905.9 | 4.50264 | 9668.76 | 0.184052 | 0.982917 | 0 | none | 1 | 30.5948 | 3.40192 | 0 | 1 | 1 | 0 | 0 | 0 | 0 | 1 | camera | target | 0.184052 | 0 | 0.982917 | 0.184052 |
SCRIPT       : DATA_LOG | 238250 | VEZjSxlcpgu1JLRUfHGLLLMsm0wqbyJ6fy2rl33V8jg= | 12905.9 | 4.50264 | 9668.76 | 0.184052 | 0.982917 | 0 | none | 1 | 30.6024 | 3.40129 | 0 | 1 | 1 | 0 | 0 | 0 | 0 | 1 | camera | target | 0.184052 | 0 | 0.982917 | 0.184052 |
SCRIPT       : DATA_LOG | 239245 | VEZjSxlcpgu1JLRUfHGLLLMsm0wqbyJ6fy2rl33V8jg= | 12905.9 | 4.50264 | 9668.76 | 0.184052 | 0.982917 | 0 | none | 1 | 30.5454 | 3.40458 | 0 | 1 | 1 | 0 | 0 | 0 | 0 | 1 | camera | target | 0.184052 | 0 | 0.982917 | 0.184052 |
SCRIPT       : DATA_LOG | 240247 | VEZjSxlcpgu1JLRUfHGLLLMsm0wqbyJ6fy2rl33V8jg= | 12905.9 | 4.50264 | 9668.76 | 0.184052 | 0.982917 | 0 | none | 1 | 30.6419 | 3.39709 | 0 | 1 | 1 | 0 | 0 | 0 | 0 | 1 | camera | target | 0.184052 | 0 | 0.982917 | 0.184052 |
SCRIPT       : DATA_LOG | 241243 | VEZjSxlcpgu1JLRUfHGLLLMsm0wqbyJ6fy2rl33V8jg= | 12905.9 | 4.50264 | 9668.76 | 0.184052 | 0.982917 | 0 | none | 1 | 30.5136 | 3.40729 | 0 | 1 | 1 | 0 | 0 | 0 | 0 | 1 | camera | target | 0.184052 | 0 | 0.982917 | 0.184052 |
SCRIPT       : DATA_LOG | 242248 | VEZjSxlcpgu1JLRUfHGLLLMsm0wqbyJ6fy2rl33V8jg= | 12905.9 | 4.50264 | 9668.76 | 0.184052 | 0.982917 | 0 | none | 1 | 30.7237 | 3.39404 | 0 | 1 | 1 | 0 | 0 | 0 | 0 | 1 | camera | target | 0.184052 | 0 | 0.982917 | 0.184052 |
SCRIPT       : DATA_LOG | 243247 | VEZjSxlcpgu1JLRUfHGLLLMsm0wqbyJ6fy2rl33V8jg= | 12905.9 | 4.50264 | 9668.76 | 0.184052 | 0.982917 | 0 | none | 1 | 30.6602 | 3.39802 | 0 | 1 | 1 | 0 | 0 | 0 | 0 | 1 | camera | target | 0.184052 | 0 | 0.982917 | 0.184052 |
SCRIPT       : DATA_LOG | 244249 | VEZjSxlcpgu1JLRUfHGLLLMsm0wqbyJ6fy2rl33V8jg= | 12905.9 | 4.50264 | 9668.76 | 0.184052 | 0.982917 | 0 | none | 1 | 30.5692 | 3.40346 | 0 | 1 | 1 | 0 | 0 | 0 | 0 | 1 | camera | target | 0.184052 | 0 | 0.982917 | 0.184052 |
SCRIPT       : DATA_LOG | 245252 | VEZjSxlcpgu1JLRUfHGLLLMsm0wqbyJ6fy2rl33V8jg= | 12905.9 | 4.50264 | 9668.76 | 0.184052 | 0.982917 | 0 | none | 1 | 30.6194 | 3.40035 | 0 | 1 | 1 | 0 | 0 | 0 | 0 | 1 | camera | target | 0.184052 | 0 | 0.982917 | 0.184052 |
SCRIPT       : DATA_LOG | 246250 | VEZjSxlcpgu1JLRUfHGLLLMsm0wqbyJ6fy2rl33V8jg= | 12905.9 | 4.50129 | 9668.78 | 0.177563 | 0.984109 | 0 | none | 1 | 30.6042 | 3.39155 | 0 | 1 | 1 | 0 | 0 | 0 | 0 | 1 | camera | target | 0.177563 | 0 | 0.984109 | 0.177563 |
SCRIPT       : DATA_LOG | 247296 | VEZjSxlcpgu1JLRUfHGLLLMsm0wqbyJ6fy2rl33V8jg= | 12903.8 | 4.59202 | 9669.75 | -0.995433 | 0.0954604 | 0 | none | 1 | 125.792 | 3.30301 | 0 | 1 | 1 | 0 | 0 | 0 | 0 | 1 | camera | target | -0.995433 | 0 | 0.0954604 | -0.995
SCRIPT       : DATA_LOG | 248263 | VEZjSxlcpgu1JLRUfHGLLLMsm0wqbyJ6fy2rl33V8jg= | 12901.2 | 4.63776 | 9672.01 | 0.774138 | 0.633016 | 0 | none | 1 | 45.4552 | 4.99495 | 0 | 1 | 1 | 0 | 0 | 0 | 0 | 1 | camera | target | 0.774138 | 0 | 0.633016 | 0.774138 |
SCRIPT       : DATA_LOG | 249259 | VEZjSxlcpgu1JLRUfHGLLLMsm0wqbyJ6fy2rl33V8jg= | 12899.6 | 4.88584 | 9677.71 | 0.37324 | 0.927735 | 0 | none | 1 | 111.075 | 8.83833 | 0 | 1 | 1 | 0 | 0 | 0 | 0 | 1 | camera | target | 0.37324 | 0 | 0.927735 | 0.37324 | 0 
SCRIPT       : DATA_LOG | 250258 | VEZjSxlcpgu1JLRUfHGLLLMsm0wqbyJ6fy2rl33V8jg= | 12901.6 | 5.50196 | 9683.38 | 0.363167 | 0.931724 | 0 | none | 1 | 137.906 | 12.4812 | 0 | 1 | 1 | 0 | 0 | 0 | 0 | 1 | camera | target | 0.363167 | 0 | 0.931724 | 0.363167 |
SCRIPT       : DATA_LOG | 251259 | VEZjSxlcpgu1JLRUfHGLLLMsm0wqbyJ6fy2rl33V8jg= | 12901.6 | 5.50011 | 9683.49 | 0.363167 | 0.931724 | 0 | none | 1 | 138.232 | 12.5619 | 0 | 1 | 1 | 0 | 0 | 0 | 0 | 1 | camera | target | 0.363167 | 0 | 0.931724 | 0.363167 |
SCRIPT       : DATA_LOG | 252259 | VEZjSxlcpgu1JLRUfHGLLLMsm0wqbyJ6fy2rl33V8jg= | 12901.6 | 5.50011 | 9683.49 | 0.363167 | 0.931724 | 0 | none | 1 | 138.259 | 12.567 | 0 | 1 | 1 | 0 | 0 | 0 | 0 | 1 | camera | target | 0.363167 | 0 | 0.931724 | 0.363167 | 
SCRIPT       : DATA_LOG | 253260 | VEZjSxlcpgu1JLRUfHGLLLMsm0wqbyJ6fy2rl33V8jg= | 12901.6 | 5.50011 | 9683.49 | 0.363167 | 0.931724 | 0 | none | 1 | 138.219 | 12.5629 | 0 | 1 | 1 | 0 | 0 | 0 | 0 | 1 | camera | target | 0.363167 | 0 | 0.931724 | 0.363167 |
SCRIPT       : DATA_LOG | 254262 | VEZjSxlcpgu1JLRUfHGLLLMsm0wqbyJ6fy2rl33V8jg= | 12901.6 | 5.50011 | 9683.49 | 0.363167 | 0.931724 | 0 | none | 1 | 138.233 | 12.5681 | 0 | 1 | 1 | 0 | 0 | 0 | 0 | 1 | camera | target | 0.363167 | 0 | 0.931724 | 0.363167 |
SCRIPT       : DATA_LOG | 255259 | VEZjSxlcpgu1JLRUfHGLLLMsm0wqbyJ6fy2rl33V8jg= | 12901.6 | 5.50011 | 9683.49 | 0.363167 | 0.931724 | 0 | none | 1 | 138.227 | 12.5644 | 0 | 1 | 1 | 0 | 0 | 0 | 0 | 1 | camera | target | 0.363167 | 0 | 0.931724 | 0.363167 |
SCRIPT       : DATA_LOG | 256271 | VEZjSxlcpgu1JLRUfHGLLLMsm0wqbyJ6fy2rl33V8jg= | 12901.6 | 5.50011 | 9683.49 | 0.363167 | 0.931724 | 0 | none | 1 | 138.256 | 12.5652 | 0 | 1 | 1 | 0 | 0 | 0 | 0 | 1 | camera | target | 0.363167 | 0 | 0.931724 | 0.363167 |
SCRIPT       : DATA_LOG | 257268 | VEZjSxlcpgu1JLRUfHGLLLMsm0wqbyJ6fy2rl33V8jg= | 12901.6 | 5.50011 | 9683.49 | 0.363167 | 0.931724 | 0 | none | 1 | 138.279 | 12.5737 | 0 | 1 | 1 | 0 | 0 | 0 | 0 | 1 | camera | target | 0.363167 | 0 | 0.931724 | 0.363167 |
SCRIPT       : DATA_LOG | 258277 | VEZjSxlcpgu1JLRUfHGLLLMsm0wqbyJ6fy2rl33V8jg= | 12901.6 | 5.50011 | 9683.49 | 0.363167 | 0.931724 | 0 | none | 1 | 138.232 | 12.5619 | 0 | 1 | 1 | 0 | 0 | 0 | 0 | 1 | camera | target | 0.363167 | 0 | 0.931724 | 0.363167 |
SCRIPT       : DATA_LOG | 259266 | VEZjSxlcpgu1JLRUfHGLLLMsm0wqbyJ6fy2rl33V8jg= | 12901.6 | 5.50011 | 9683.49 | 0.363167 | 0.931724 | 0 | none | 1 | 138.261 | 12.5679 | 0 | 1 | 1 | 0 | 0 | 0 | 0 | 1 | camera | target | 0.363167 | 0 | 0.931724 | 0.363167 |
SCRIPT       : DATA_LOG | 260269 | VEZjSxlcpgu1JLRUfHGLLLMsm0wqbyJ6fy2rl33V8jg= | 12901.6 | 5.50011 | 9683.49 | 0.363167 | 0.931724 | 0 | none | 1 | 138.221 | 12.5639 | 0 | 1 | 1 | 0 | 0 | 0 | 0 | 1 | camera | target | 0.363167 | 0 | 0.931724 | 0.363167 |
SCRIPT       : DATA_LOG | 261275 | VEZjSxlcpgu1JLRUfHGLLLMsm0wqbyJ6fy2rl33V8jg= | 12901.6 | 5.50011 | 9683.49 | 0.363167 | 0.931724 | 0 | none | 1 | 138.227 | 12.5675 | 0 | 1 | 1 | 0 | 0 | 0 | 0 | 1 | camera | target | 0.363167 | 0 | 0.931724 | 0.363167 |
SCRIPT       : DATA_LOG | 262273 | VEZjSxlcpgu1JLRUfHGLLLMsm0wqbyJ6fy2rl33V8jg= | 12901.6 | 5.50011 | 9683.49 | 0.363167 | 0.931724 | 0 | none | 1 | 138.234 | 12.569 | 0 | 1 | 1 | 0 | 0 | 0 | 0 | 1 | camera | target | 0.363167 | 0 | 0.931724 | 0.363167 | 
SCRIPT       : DATA_LOG | 263274 | VEZjSxlcpgu1JLRUfHGLLLMsm0wqbyJ6fy2rl33V8jg= | 12901.6 | 5.50011 | 9683.49 | 0.363167 | 0.931724 | 0 | none | 1 | 138.241 | 12.5622 | 0 | 1 | 1 | 0 | 0 | 0 | 0 | 1 | camera | target | 0.363167 | 0 | 0.931724 | 0.363167 |
SCRIPT       : DATA_LOG | 264273 | VEZjSxlcpgu1JLRUfHGLLLMsm0wqbyJ6fy2rl33V8jg= | 12901.6 | 5.50011 | 9683.49 | 0.363167 | 0.931724 | 0 | none | 1 | 138.287 | 12.5752 | 0 | 1 | 1 | 0 | 0 | 0 | 0 | 1 | camera | target | 0.363167 | 0 | 0.931724 | 0.363167 |
SCRIPT       : DATA_LOG | 265283 | VEZjSxlcpgu1JLRUfHGLLLMsm0wqbyJ6fy2rl33V8jg= | 12901.6 | 5.50011 | 9683.49 | 0.363167 | 0.931724 | 0 | none | 1 | 138.237 | 12.5625 | 0 | 1 | 1 | 0 | 0 | 0 | 0 | 1 | camera | target | 0.363167 | 0 | 0.931724 | 0.363167 |
SCRIPT       : DATA_LOG | 266287 | VEZjSxlcpgu1JLRUfHGLLLMsm0wqbyJ6fy2rl33V8jg= | 12901.6 | 5.50011 | 9683.49 | 0.363167 | 0.931724 | 0 | none | 1 | 138.26 | 12.5679 | 0 | 1 | 1 | 0 | 0 | 0 | 0 | 1 | camera | target | 0.363167 | 0 | 0.931724 | 0.363167 | 
SCRIPT       : DATA_LOG | 267346 | VEZjSxlcpgu1JLRUfHGLLLMsm0wqbyJ6fy2rl33V8jg= | 12901.6 | 5.50011 | 9683.49 | 0.363167 | 0.931724 | 0 | none | 1 | 138.228 | 12.5654 | 0 | 1 | 1 | 0 | 0 | 0 | 0 | 1 | camera | target | 0.363167 | 0 | 0.931724 | 0.363167 |
SCRIPT       : DATA_LOG | 268345 | VEZjSxlcpgu1JLRUfHGLLLMsm0wqbyJ6fy2rl33V8jg= | 12901.6 | 5.50011 | 9683.49 | 0.363167 | 0.931724 | 0 | none | 1 | 138.225 | 12.5666 | 0 | 1 | 1 | 0 | 0 | 0 | 0 | 1 | camera | target | 0.363167 | 0 | 0.931724 | 0.363167 |
SCRIPT       : DATA_LOG | 269347 | VEZjSxlcpgu1JLRUfHGLLLMsm0wqbyJ6fy2rl33V8jg= | 12901.6 | 5.50011 | 9683.49 | 0.363167 | 0.931724 | 0 | none | 1 | 138.243 | 12.5714 | 0 | 1 | 1 | 0 | 0 | 0 | 0 | 1 | camera | target | 0.363167 | 0 | 0.931724 | 0.363167 |
SCRIPT       : DATA_LOG | 270355 | VEZjSxlcpgu1JLRUfHGLLLMsm0wqbyJ6fy2rl33V8jg= | 12901.6 | 5.50011 | 9683.49 | 0.363167 | 0.931724 | 0 | none | 1 | 138.236 | 12.5616 | 0 | 1 | 1 | 0 | 0 | 0 | 0 | 1 | camera | target | 0.363167 | 0 | 0.931724 | 0.363167 |
SCRIPT       : DATA_LOG | 271348 | VEZjSxlcpgu1JLRUfHGLLLMsm0wqbyJ6fy2rl33V8jg= | 12901.6 | 5.50011 | 9683.49 | 0.363167 | 0.931724 | 0 | none | 1 | 138.288 | 12.5761 | 0 | 1 | 1 | 0 | 0 | 0 | 0 | 1 | camera | target | 0.363167 | 0 | 0.931724 | 0.363167 |
SCRIPT       : DATA_LOG | 272347 | VEZjSxlcpgu1JLRUfHGLLLMsm0wqbyJ6fy2rl33V8jg= | 12901.6 | 5.50011 | 9683.49 | 0.363167 | 0.931724 | 0 | none | 1 | 138.237 | 12.5625 | 0 | 1 | 1 | 0 | 0 | 0 | 0 | 1 | camera | target | 0.363167 | 0 | 0.931724 | 0.363167 |
SCRIPT       : DATA_LOG | 273355 | VEZjSxlcpgu1JLRUfHGLLLMsm0wqbyJ6fy2rl33V8jg= | 12901.6 | 5.50011 | 9683.49 | 0.363167 | 0.931724 | 0 | none | 1 | 138.261 | 12.5679 | 0 | 1 | 1 | 0 | 0 | 0 | 0 | 1 | camera | target | 0.363167 | 0 | 0.931724 | 0.363167 |
SCRIPT       : DATA_LOG | 274351 | VEZjSxlcpgu1JLRUfHGLLLMsm0wqbyJ6fy2rl33V8jg= | 12901.6 | 5.50011 | 9683.49 | 0.363167 | 0.931724 | 0 | none | 1 | 138.226 | 12.5644 | 0 | 1 | 1 | 0 | 0 | 0 | 0 | 1 | camera | target | 0.363167 | 0 | 0.931724 | 0.363167 |
SCRIPT       : DATA_LOG | 275352 | VEZjSxlcpgu1JLRUfHGLLLMsm0wqbyJ6fy2rl33V8jg= | 12901.6 | 5.50011 | 9683.49 | 0.363167 | 0.931724 | 0 | none | 1 | 138.22 | 12.566 | 0 | 1 | 1 | 0 | 0 | 0 | 0 | 1 | camera | target | 0.363167 | 0 | 0.931724 | 0.363167 | 0
SCRIPT       : DATA_LOG | 276355 | VEZjSxlcpgu1JLRUfHGLLLMsm0wqbyJ6fy2rl33V8jg= | 12901.6 | 5.50011 | 9683.49 | 0.363167 | 0.931724 | 0 | none | 1 | 138.25 | 12.5729 | 0 | 1 | 1 | 0 | 0 | 0 | 0 | 1 | camera | target | 0.363167 | 0 | 0.931724 | 0.363167 | 
SCRIPT       : DATA_LOG | 277400 | VEZjSxlcpgu1JLRUfHGLLLMsm0wqbyJ6fy2rl33V8jg= | 12901.6 | 5.50011 | 9683.49 | 0.363167 | 0.931724 | 0 | none | 1 | 138.227 | 12.5591 | 0 | 1 | 1 | 0 | 0 | 0 | 0 | 1 | camera | target | 0.363167 | 0 | 0.931724 | 0.363167 |
SCRIPT       : DATA_LOG | 278408 | VEZjSxlcpgu1JLRUfHGLLLMsm0wqbyJ6fy2rl33V8jg= | 12901.6 | 5.50011 | 9683.49 | 0.363167 | 0.931724 | 0 | none | 1 | 138.288 | 12.5761 | 0 | 1 | 1 | 0 | 0 | 0 | 0 | 1 | camera | target | 0.363167 | 0 | 0.931724 | 0.363167 |
SCRIPT       : DATA_LOG | 279403 | VEZjSxlcpgu1JLRUfHGLLLMsm0wqbyJ6fy2rl33V8jg= | 12901.6 | 5.50011 | 9683.49 | 0.363167 | 0.931724 | 0 | none | 1 | 138.245 | 12.564 | 0 | 1 | 1 | 0 | 0 | 0 | 0 | 1 | camera | target | 0.363167 | 0 | 0.931724 | 0.363167 | 
SCRIPT       : DATA_LOG | 280409 | VEZjSxlcpgu1JLRUfHGLLLMsm0wqbyJ6fy2rl33V8jg= | 12901.6 | 5.50011 | 9683.49 | 0.363167 | 0.931724 | 0 | none | 1 | 138.253 | 12.5664 | 0 | 1 | 1 | 0 | 0 | 0 | 0 | 1 | camera | target | 0.363167 | 0 | 0.931724 | 0.363167 |
SCRIPT       : DATA_LOG | 281453 | VEZjSxlcpgu1JLRUfHGLLLMsm0wqbyJ6fy2rl33V8jg= | 12901.6 | 5.50011 | 9683.49 | 0.363167 | 0.931724 | 0 | none | 1 | 138.234 | 12.5659 | 0 | 1 | 1 | 0 | 0 | 0 | 0 | 1 | camera | target | 0.363167 | 0 | 0.931724 | 0.363167 |
SCRIPT       : DATA_LOG | 282450 | VEZjSxlcpgu1JLRUfHGLLLMsm0wqbyJ6fy2rl33V8jg= | 12901.6 | 5.50011 | 9683.49 | 0.363167 | 0.931724 | 0 | none | 1 | 138.22 | 12.566 | 0 | 1 | 1 | 0 | 0 | 0 | 0 | 1 | camera | target | 0.363167 | 0 | 0.931724 | 0.363167 | 0
SCRIPT       : DATA_LOG | 283454 | VEZjSxlcpgu1JLRUfHGLLLMsm0wqbyJ6fy2rl33V8jg= | 12901.6 | 5.50011 | 9683.49 | 0.363167 | 0.931724 | 0 | none | 1 | 138.25 | 12.5729 | 0 | 1 | 1 | 0 | 0 | 0 | 0 | 1 | camera | target | 0.363167 | 0 | 0.931724 | 0.363167 | 
SCRIPT       : DATA_LOG | 284453 | VEZjSxlcpgu1JLRUfHGLLLMsm0wqbyJ6fy2rl33V8jg= | 12901.6 | 5.50011 | 9683.49 | 0.363167 | 0.931724 | 0 | none | 1 | 138.227 | 12.5591 | 0 | 1 | 1 | 0 | 0 | 0 | 0 | 1 | camera | target | 0.363167 | 0 | 0.931724 | 0.363167 |
SCRIPT       : DATA_LOG | 285470 | VEZjSxlcpgu1JLRUfHGLLLMsm0wqbyJ6fy2rl33V8jg= | 12901.6 | 5.50011 | 9683.49 | 0.363167 | 0.931724 | 0 | none | 1 | 138.291 | 12.5749 | 0 | 1 | 1 | 0 | 0 | 0 | 0 | 1 | camera | target | 0.363167 | 0 | 0.931724 | 0.363167 |
SCRIPT       : DATA_LOG | 286468 | VEZjSxlcpgu1JLRUfHGLLLMsm0wqbyJ6fy2rl33V8jg= | 12901.6 | 5.50011 | 9683.49 | 0.363167 | 0.931724 | 0 | none | 1 | 138.252 | 12.5655 | 0 | 1 | 1 | 0 | 0 | 0 | 0 | 1 | camera | target | 0.363167 | 0 | 0.931724 | 0.363167 |
SCRIPT       : DATA_LOG | 287472 | VEZjSxlcpgu1JLRUfHGLLLMsm0wqbyJ6fy2rl33V8jg= | 12901.6 | 5.50011 | 9683.49 | 0.363167 | 0.931724 | 0 | none | 1 | 138.248 | 12.5658 | 0 | 1 | 1 | 0 | 0 | 0 | 0 | 1 | camera | target | 0.363167 | 0 | 0.931724 | 0.363167 |
SCRIPT       : DATA_LOG | 288473 | VEZjSxlcpgu1JLRUfHGLLLMsm0wqbyJ6fy2rl33V8jg= | 12901.6 | 5.50011 | 9683.49 | 0.363167 | 0.931724 | 0 | none | 1 | 138.235 | 12.5669 | 0 | 1 | 1 | 0 | 0 | 0 | 0 | 1 | camera | target | 0.363167 | 0 | 0.931724 | 0.363167 |
SCRIPT       : DATA_LOG | 289473 | VEZjSxlcpgu1JLRUfHGLLLMsm0wqbyJ6fy2rl33V8jg= | 12901.6 | 5.50011 | 9683.49 | 0.363167 | 0.931724 | 0 | none | 1 | 138.216 | 12.5642 | 0 | 1 | 1 | 0 | 0 | 0 | 0 | 1 | camera | target | 0.363167 | 0 | 0.931724 | 0.363167 |
SCRIPT       : DATA_LOG | 290475 | VEZjSxlcpgu1JLRUfHGLLLMsm0wqbyJ6fy2rl33V8jg= | 12901.6 | 5.50011 | 9683.49 | 0.363167 | 0.931724 | 0 | none | 1 | 138.249 | 12.572 | 0 | 1 | 1 | 0 | 0 | 0 | 0 | 1 | camera | target | 0.363167 | 0 | 0.931724 | 0.363167 | 
SCRIPT       : DATA_LOG | 291573 | VEZjSxlcpgu1JLRUfHGLLLMsm0wqbyJ6fy2rl33V8jg= | 12901.6 | 5.50011 | 9683.49 | 0.363167 | 0.931724 | 0 | none | 1 | 138.223 | 12.5595 | 0 | 1 | 1 | 0 | 0 | 0 | 0 | 1 | camera | target | 0.363167 | 0 | 0.931724 | 0.363167 |
SCRIPT       : DATA_LOG | 292571 | VEZjSxlcpgu1JLRUfHGLLLMsm0wqbyJ6fy2rl33V8jg= | 12901.6 | 5.50011 | 9683.49 | 0.363167 | 0.931724 | 0 | none | 1 | 138.289 | 12.5739 | 0 | 1 | 1 | 0 | 0 | 0 | 0 | 1 | camera | target | 0.363167 | 0 | 0.931724 | 0.363167 |
SCRIPT       : DATA_LOG | 293570 | VEZjSxlcpgu1JLRUfHGLLLMsm0wqbyJ6fy2rl33V8jg= | 12901.6 | 5.50011 | 9683.49 | 0.363167 | 0.931724 | 0 | none | 1 | 138.253 | 12.5664 | 0 | 1 | 1 | 0 | 0 | 0 | 0 | 1 | camera | target | 0.363167 | 0 | 0.931724 | 0.363167 |
SCRIPT       : DATA_LOG | 294571 | VEZjSxlcpgu1JLRUfHGLLLMsm0wqbyJ6fy2rl33V8jg= | 12901.6 | 5.50011 | 9683.49 | 0.363167 | 0.931724 | 0 | none | 1 | 138.242 | 12.5652 | 0 | 1 | 1 | 0 | 0 | 0 | 0 | 1 | camera | target | 0.363167 | 0 | 0.931724 | 0.363167 |
SCRIPT       : DATA_LOG | 295578 | VEZjSxlcpgu1JLRUfHGLLLMsm0wqbyJ6fy2rl33V8jg= | 12901.6 | 5.50011 | 9683.49 | 0.363167 | 0.931724 | 0 | none | 1 | 138.239 | 12.5665 | 0 | 1 | 1 | 0 | 0 | 0 | 0 | 1 | camera | target | 0.363167 | 0 | 0.931724 | 0.363167 |
SCRIPT       : DATA_LOG | 296576 | VEZjSxlcpgu1JLRUfHGLLLMsm0wqbyJ6fy2rl33V8jg= | 12901.6 | 5.50011 | 9683.49 | 0.363167 | 0.931724 | 0 | none | 1 | 138.216 | 12.5642 | 0 | 1 | 1 | 0 | 0 | 0 | 0 | 1 | camera | target | 0.363167 | 0 | 0.931724 | 0.363167 |
SCRIPT       : DATA_LOG | 297578 | VEZjSxlcpgu1JLRUfHGLLLMsm0wqbyJ6fy2rl33V8jg= | 12901.6 | 5.50011 | 9683.49 | 0.363167 | 0.931724 | 0 | none | 1 | 138.247 | 12.5711 | 0 | 1 | 1 | 0 | 0 | 0 | 0 | 1 | camera | target | 0.363167 | 0 | 0.931724 | 0.363167 |
SCRIPT       : DATA_LOG | 298579 | VEZjSxlcpgu1JLRUfHGLLLMsm0wqbyJ6fy2rl33V8jg= | 12901.6 | 5.50011 | 9683.49 | 0.363167 | 0.931724 | 0 | none | 1 | 138.223 | 12.5595 | 0 | 1 | 1 | 0 | 0 | 0 | 0 | 1 | camera | target | 0.363167 | 0 | 0.931724 | 0.363167 |
SCRIPT       : DATA_LOG | 299580 | VEZjSxlcpgu1JLRUfHGLLLMsm0wqbyJ6fy2rl33V8jg= | 12901.6 | 5.50011 | 9683.49 | 0.363167 | 0.931724 | 0 | none | 1 | 138.281 | 12.5715 | 0 | 1 | 1 | 0 | 0 | 0 | 0 | 1 | camera | target | 0.363167 | 0 | 0.931724 | 0.363167 |
SCRIPT       : DATA_LOG | 300578 | VEZjSxlcpgu1JLRUfHGLLLMsm0wqbyJ6fy2rl33V8jg= | 12901.6 | 5.50011 | 9683.49 | 0.363167 | 0.931724 | 0 | none | 1 | 138.264 | 12.5698 | 0 | 1 | 1 | 0 | 0 | 0 | 0 | 1 | camera | target | 0.363167 | 0 | 0.931724 | 0.363167 |
SCRIPT       : DATA_LOG | 301586 | VEZjSxlcpgu1JLRUfHGLLLMsm0wqbyJ6fy2rl33V8jg= | 12901.6 | 5.50011 | 9683.49 | 0.363167 | 0.931724 | 0 | none | 1 | 138.235 | 12.5637 | 0 | 1 | 1 | 0 | 0 | 0 | 0 | 1 | camera | target | 0.363167 | 0 | 0.931724 | 0.363167 |
SCRIPT       : DATA_LOG | 302583 | VEZjSxlcpgu1JLRUfHGLLLMsm0wqbyJ6fy2rl33V8jg= | 12901.6 | 5.50011 | 9683.49 | 0.363167 | 0.931724 | 0 | none | 1 | 138.249 | 12.5667 | 0 | 1 | 1 | 0 | 0 | 0 | 0 | 1 | camera | target | 0.363167 | 0 | 0.931724 | 0.363167 |
SCRIPT       : DATA_LOG | 303581 | VEZjSxlcpgu1JLRUfHGLLLMsm0wqbyJ6fy2rl33V8jg= | 12901.6 | 5.50011 | 9683.49 | 0.363167 | 0.931724 | 0 | none | 1 | 138.219 | 12.5629 | 0 | 1 | 1 | 0 | 0 | 0 | 0 | 1 | camera | target | 0.363167 | 0 | 0.931724 | 0.363167 |
SCRIPT       : DATA_LOG | 304590 | VEZjSxlcpgu1JLRUfHGLLLMsm0wqbyJ6fy2rl33V8jg= | 12901.6 | 5.50011 | 9683.49 | 0.363167 | 0.931724 | 0 | none | 1 | 138.24 | 12.5696 | 0 | 1 | 1 | 0 | 0 | 0 | 0 | 1 | camera | target | 0.363167 | 0 | 0.931724 | 0.363167 | 
SCRIPT       : DATA_LOG | 305585 | VEZjSxlcpgu1JLRUfHGLLLMsm0wqbyJ6fy2rl33V8jg= | 12901.6 | 5.50011 | 9683.49 | 0.363167 | 0.931724 | 0 | none | 1 | 138.226 | 12.5613 | 0 | 1 | 1 | 0 | 0 | 0 | 0 | 1 | camera | target | 0.363167 | 0 | 0.931724 | 0.363167 |
SCRIPT       : DATA_LOG | 306584 | VEZjSxlcpgu1JLRUfHGLLLMsm0wqbyJ6fy2rl33V8jg= | 12901.6 | 5.50011 | 9683.49 | 0.363167 | 0.931724 | 0 | none | 1 | 138.27 | 12.5682 | 0 | 1 | 1 | 0 | 0 | 0 | 0 | 1 | camera | target | 0.363167 | 0 | 0.931724 | 0.363167 | 
SCRIPT       : DATA_LOG | 307591 | VEZjSxlcpgu1JLRUfHGLLLMsm0wqbyJ6fy2rl33V8jg= | 12901.6 | 5.50011 | 9683.49 | 0.363167 | 0.931724 | 0 | none | 1 | 138.271 | 12.5713 | 0 | 1 | 1 | 0 | 0 | 0 | 0 | 1 | camera | target | 0.363167 | 0 | 0.931724 | 0.363167 |
SCRIPT       : DATA_LOG | 308593 | VEZjSxlcpgu1JLRUfHGLLLMsm0wqbyJ6fy2rl33V8jg= | 12901.6 | 5.50011 | 9683.49 | 0.363167 | 0.931724 | 0 | none | 1 | 138.232 | 12.5619 | 0 | 1 | 1 | 0 | 0 | 0 | 0 | 1 | camera | target | 0.363167 | 0 | 0.931724 | 0.363167 |
SCRIPT       : DATA_LOG | 309591 | VEZjSxlcpgu1JLRUfHGLLLMsm0wqbyJ6fy2rl33V8jg= | 12901.6 | 5.50011 | 9683.49 | 0.363167 | 0.931724 | 0 | none | 1 | 138.259 | 12.567 | 0 | 1 | 1 | 0 | 0 | 0 | 0 | 1 | camera | target | 0.363167 | 0 | 0.931724 | 0.363167 | 
SCRIPT       : DATA_LOG | 310595 | VEZjSxlcpgu1JLRUfHGLLLMsm0wqbyJ6fy2rl33V8jg= | 12901.6 | 5.50011 | 9683.49 | 0.363167 | 0.931724 | 0 | none | 1 | 138.219 | 12.5629 | 0 | 1 | 1 | 0 | 0 | 0 | 0 | 1 | camera | target | 0.363167 | 0 | 0.931724 | 0.363167 |
SCRIPT       : DATA_LOG | 311596 | VEZjSxlcpgu1JLRUfHGLLLMsm0wqbyJ6fy2rl33V8jg= | 12901.6 | 5.50011 | 9683.49 | 0.363167 | 0.931724 | 0 | none | 1 | 138.233 | 12.5681 | 0 | 1 | 1 | 0 | 0 | 0 | 0 | 1 | camera | target | 0.363167 | 0 | 0.931724 | 0.363167 |
SCRIPT       : DATA_LOG | 312600 | VEZjSxlcpgu1JLRUfHGLLLMsm0wqbyJ6fy2rl33V8jg= | 12901.6 | 5.50011 | 9683.49 | 0.363167 | 0.931724 | 0 | none | 1 | 138.227 | 12.5644 | 0 | 1 | 1 | 0 | 0 | 0 | 0 | 1 | camera | target | 0.363167 | 0 | 0.931724 | 0.363167 |
SCRIPT       : DATA_LOG | 313600 | VEZjSxlcpgu1JLRUfHGLLLMsm0wqbyJ6fy2rl33V8jg= | 12901.6 | 5.50011 | 9683.49 | 0.363167 | 0.931724 | 0 | none | 1 | 138.256 | 12.5652 | 0 | 1 | 1 | 0 | 0 | 0 | 0 | 1 | camera | target | 0.363167 | 0 | 0.931724 | 0.363167 |
SCRIPT       : DATA_LOG | 314599 | VEZjSxlcpgu1JLRUfHGLLLMsm0wqbyJ6fy2rl33V8jg= | 12901.6 | 5.50011 | 9683.49 | 0.363167 | 0.931724 | 0 | none | 1 | 138.279 | 12.5737 | 0 | 1 | 1 | 0 | 0 | 0 | 0 | 1 | camera | target | 0.363167 | 0 | 0.931724 | 0.363167 |
SCRIPT       : DATA_LOG | 315599 | VEZjSxlcpgu1JLRUfHGLLLMsm0wqbyJ6fy2rl33V8jg= | 12901.6 | 5.50011 | 9683.49 | 0.363167 | 0.931724 | 0 | none | 1 | 138.232 | 12.5619 | 0 | 1 | 1 | 0 | 0 | 0 | 0 | 1 | camera | target | 0.363167 | 0 | 0.931724 | 0.363167 |
SCRIPT       : DATA_LOG | 316605 | VEZjSxlcpgu1JLRUfHGLLLMsm0wqbyJ6fy2rl33V8jg= | 12901.6 | 5.50011 | 9683.49 | 0.363167 | 0.931724 | 0 | none | 1 | 138.261 | 12.5679 | 0 | 1 | 1 | 0 | 0 | 0 | 0 | 1 | camera | target | 0.363167 | 0 | 0.931724 | 0.363167 |
SCRIPT       : DATA_LOG | 317649 | VEZjSxlcpgu1JLRUfHGLLLMsm0wqbyJ6fy2rl33V8jg= | 12901.6 | 5.50011 | 9683.49 | 0.363167 | 0.931724 | 0 | none | 1 | 138.221 | 12.5639 | 0 | 1 | 1 | 0 | 0 | 0 | 0 | 1 | camera | target | 0.363167 | 0 | 0.931724 | 0.363167 |
SCRIPT       : DATA_LOG | 318649 | VEZjSxlcpgu1JLRUfHGLLLMsm0wqbyJ6fy2rl33V8jg= | 12901.6 | 5.50011 | 9683.49 | 0.363167 | 0.931724 | 0 | none | 1 | 138.227 | 12.5675 | 0 | 1 | 1 | 0 | 0 | 0 | 0 | 1 | camera | target | 0.363167 | 0 | 0.931724 | 0.363167 |
SCRIPT       : DATA_LOG | 319649 | VEZjSxlcpgu1JLRUfHGLLLMsm0wqbyJ6fy2rl33V8jg= | 12901.6 | 5.50011 | 9683.49 | 0.363167 | 0.931724 | 0 | none | 1 | 138.231 | 12.5672 | 0 | 1 | 1 | 0 | 0 | 0 | 0 | 1 | camera | target | 0.363167 | 0 | 0.931724 | 0.363167 |
SCRIPT       : DATA_LOG | 320652 | VEZjSxlcpgu1JLRUfHGLLLMsm0wqbyJ6fy2rl33V8jg= | 12901.6 | 5.50011 | 9683.49 | 0.363167 | 0.931724 | 0 | none | 1 | 138.249 | 12.5637 | 0 | 1 | 1 | 0 | 0 | 0 | 0 | 1 | camera | target | 0.363167 | 0 | 0.931724 | 0.363167 |
SCRIPT       : DATA_LOG | 321669 | VEZjSxlcpgu1JLRUfHGLLLMsm0wqbyJ6fy2rl33V8jg= | 12901.6 | 5.50011 | 9683.49 | 0.363167 | 0.931724 | 0 | none | 1 | 138.287 | 12.5752 | 0 | 1 | 1 | 0 | 0 | 0 | 0 | 1 | camera | target | 0.363167 | 0 | 0.931724 | 0.363167 |
SCRIPT       : DATA_LOG | 322666 | VEZjSxlcpgu1JLRUfHGLLLMsm0wqbyJ6fy2rl33V8jg= | 12901.6 | 5.50011 | 9683.49 | 0.363167 | 0.931724 | 0 | none | 1 | 138.232 | 12.5619 | 0 | 1 | 1 | 0 | 0 | 0 | 0 | 1 | camera | target | 0.363167 | 0 | 0.931724 | 0.363167 |
SCRIPT       : DATA_LOG | 323669 | VEZjSxlcpgu1JLRUfHGLLLMsm0wqbyJ6fy2rl33V8jg= | 12901.6 | 5.50011 | 9683.49 | 0.363167 | 0.931724 | 0 | none | 1 | 138.261 | 12.5679 | 0 | 1 | 1 | 0 | 0 | 0 | 0 | 1 | camera | target | 0.363167 | 0 | 0.931724 | 0.363167 |
SCRIPT       : DATA_LOG | 324673 | VEZjSxlcpgu1JLRUfHGLLLMsm0wqbyJ6fy2rl33V8jg= | 12901.6 | 5.50011 | 9683.49 | 0.363167 | 0.931724 | 0 | none | 1 | 138.226 | 12.5645 | 0 | 1 | 1 | 0 | 0 | 0 | 0 | 1 | camera | target | 0.363167 | 0 | 0.931724 | 0.363167 |
SCRIPT       : DATA_LOG | 325725 | VEZjSxlcpgu1JLRUfHGLLLMsm0wqbyJ6fy2rl33V8jg= | 12901.6 | 5.50011 | 9683.49 | 0.363167 | 0.931724 | 0 | none | 1 | 138.225 | 12.5666 | 0 | 1 | 1 | 0 | 0 | 0 | 0 | 1 | camera | target | 0.363167 | 0 | 0.931724 | 0.363167 |
SCRIPT       : DATA_LOG | 326729 | VEZjSxlcpgu1JLRUfHGLLLMsm0wqbyJ6fy2rl33V8jg= | 12901.6 | 5.50011 | 9683.49 | 0.363167 | 0.931724 | 0 | none | 1 | 138.236 | 12.5699 | 0 | 1 | 1 | 0 | 0 | 0 | 0 | 1 | camera | target | 0.363167 | 0 | 0.931724 | 0.363167 |
SCRIPT       : DATA_LOG | 327723 | VEZjSxlcpgu1JLRUfHGLLLMsm0wqbyJ6fy2rl33V8jg= | 12901.6 | 5.50011 | 9683.49 | 0.363167 | 0.931724 | 0 | none | 1 | 138.24 | 12.5612 | 0 | 1 | 1 | 0 | 0 | 0 | 0 | 1 | camera | target | 0.363167 | 0 | 0.931724 | 0.363167 | 
SCRIPT       : DATA_LOG | 328731 | VEZjSxlcpgu1JLRUfHGLLLMsm0wqbyJ6fy2rl33V8jg= | 12901.6 | 5.50011 | 9683.49 | 0.363167 | 0.931724 | 0 | none | 1 | 138.288 | 12.5761 | 0 | 1 | 1 | 0 | 0 | 0 | 0 | 1 | camera | target | 0.363167 | 0 | 0.931724 | 0.363167 |
SCRIPT       : DATA_LOG | 329731 | VEZjSxlcpgu1JLRUfHGLLLMsm0wqbyJ6fy2rl33V8jg= | 12901.6 | 5.50011 | 9683.49 | 0.363167 | 0.931724 | 0 | none | 1 | 138.237 | 12.5625 | 0 | 1 | 1 | 0 | 0 | 0 | 0 | 1 | camera | target | 0.363167 | 0 | 0.931724 | 0.363167 |
SCRIPT       : DATA_LOG | 330728 | VEZjSxlcpgu1JLRUfHGLLLMsm0wqbyJ6fy2rl33V8jg= | 12901.6 | 5.50011 | 9683.49 | 0.363167 | 0.931724 | 0 | none | 1 | 138.26 | 12.5679 | 0 | 1 | 1 | 0 | 0 | 0 | 0 | 1 | camera | target | 0.363167 | 0 | 0.931724 | 0.363167 | 
SCRIPT       : DATA_LOG | 331728 | VEZjSxlcpgu1JLRUfHGLLLMsm0wqbyJ6fy2rl33V8jg= | 12901.6 | 5.50011 | 9683.49 | 0.363167 | 0.931724 | 0 | none | 1 | 138.226 | 12.5644 | 0 | 1 | 1 | 0 | 0 | 0 | 0 | 1 | camera | target | 0.363167 | 0 | 0.931724 | 0.363167 |
SCRIPT       : DATA_LOG | 332730 | VEZjSxlcpgu1JLRUfHGLLLMsm0wqbyJ6fy2rl33V8jg= | 12901.6 | 5.50011 | 9683.49 | 0.363167 | 0.931724 | 0 | none | 1 | 138.224 | 12.5657 | 0 | 1 | 1 | 0 | 0 | 0 | 0 | 1 | camera | target | 0.363167 | 0 | 0.931724 | 0.363167 |
SCRIPT       : DATA_LOG | 333737 | VEZjSxlcpgu1JLRUfHGLLLMsm0wqbyJ6fy2rl33V8jg= | 12901.6 | 5.50011 | 9683.49 | 0.363167 | 0.931724 | 0 | none | 1 | 138.244 | 12.5724 | 0 | 1 | 1 | 0 | 0 | 0 | 0 | 1 | camera | target | 0.363167 | 0 | 0.931724 | 0.363167 |
SCRIPT       : DATA_LOG | 334738 | VEZjSxlcpgu1JLRUfHGLLLMsm0wqbyJ6fy2rl33V8jg= | 12901.6 | 5.50011 | 9683.49 | 0.363167 | 0.931724 | 0 | none | 1 | 138.229 | 12.5601 | 0 | 1 | 1 | 0 | 0 | 0 | 0 | 1 | camera | target | 0.363167 | 0 | 0.931724 | 0.363167 |
SCRIPT       : DATA_LOG | 335733 | VEZjSxlcpgu1JLRUfHGLLLMsm0wqbyJ6fy2rl33V8jg= | 12901.6 | 5.50011 | 9683.49 | 0.363167 | 0.931724 | 0 | none | 1 | 138.288 | 12.5761 | 0 | 1 | 1 | 0 | 0 | 0 | 0 | 1 | camera | target | 0.363167 | 0 | 0.931724 | 0.363167 |
SCRIPT       : DATA_LOG | 336738 | VEZjSxlcpgu1JLRUfHGLLLMsm0wqbyJ6fy2rl33V8jg= | 12901.6 | 5.50011 | 9683.49 | 0.363167 | 0.931724 | 0 | none | 1 | 138.245 | 12.564 | 0 | 1 | 1 | 0 | 0 | 0 | 0 | 1 | camera | target | 0.363167 | 0 | 0.931724 | 0.363167 | 
SCRIPT       : DATA_LOG | 337736 | VEZjSxlcpgu1JLRUfHGLLLMsm0wqbyJ6fy2rl33V8jg= | 12901.6 | 5.50011 | 9683.49 | 0.363167 | 0.931724 | 0 | none | 1 | 138.255 | 12.5673 | 0 | 1 | 1 | 0 | 0 | 0 | 0 | 1 | camera | target | 0.363167 | 0 | 0.931724 | 0.363167 |
SCRIPT       : DATA_LOG | 338742 | VEZjSxlcpgu1JLRUfHGLLLMsm0wqbyJ6fy2rl33V8jg= | 12901.6 | 5.50011 | 9683.49 | 0.363167 | 0.931724 | 0 | none | 1 | 138.234 | 12.5659 | 0 | 1 | 1 | 0 | 0 | 0 | 0 | 1 | camera | target | 0.363167 | 0 | 0.931724 | 0.363167 |
SCRIPT       : DATA_LOG | 339742 | VEZjSxlcpgu1JLRUfHGLLLMsm0wqbyJ6fy2rl33V8jg= | 12901.6 | 5.50011 | 9683.49 | 0.363167 | 0.931724 | 0 | none | 1 | 138.218 | 12.5651 | 0 | 1 | 1 | 0 | 0 | 0 | 0 | 1 | camera | target | 0.363167 | 0 | 0.931724 | 0.363167 |
SCRIPT       : DATA_LOG | 340741 | VEZjSxlcpgu1JLRUfHGLLLMsm0wqbyJ6fy2rl33V8jg= | 12901.6 | 5.50011 | 9683.49 | 0.363167 | 0.931724 | 0 | none | 1 | 138.248 | 12.572 | 0 | 1 | 1 | 0 | 0 | 0 | 0 | 1 | camera | target | 0.363167 | 0 | 0.931724 | 0.363167 | 
SCRIPT       : DATA_LOG | 341748 | VEZjSxlcpgu1JLRUfHGLLLMsm0wqbyJ6fy2rl33V8jg= | 12901.6 | 5.50011 | 9683.49 | 0.363167 | 0.931724 | 0 | none | 1 | 138.226 | 12.5582 | 0 | 1 | 1 | 0 | 0 | 0 | 0 | 1 | camera | target | 0.363167 | 0 | 0.931724 | 0.363167 |
SCRIPT       : DATA_LOG | 342749 | VEZjSxlcpgu1JLRUfHGLLLMsm0wqbyJ6fy2rl33V8jg= | 12901.6 | 5.50011 | 9683.49 | 0.363167 | 0.931724 | 0 | none | 1 | 138.289 | 12.5739 | 0 | 1 | 1 | 0 | 0 | 0 | 0 | 1 | camera | target | 0.363167 | 0 | 0.931724 | 0.363167 |
SCRIPT       : DATA_LOG | 343973 | VEZjSxlcpgu1JLRUfHGLLLMsm0wqbyJ6fy2rl33V8jg= | 12901.6 | 5.50011 | 9683.49 | 0.363167 | 0.931724 | 0 | none | 1 | 138.253 | 12.5664 | 0 | 1 | 1 | 0 | 0 | 0 | 0 | 1 | camera | target | 0.363167 | 0 | 0.931724 | 0.363167 |
SCRIPT       : DATA_LOG | 344973 | VEZjSxlcpgu1JLRUfHGLLLMsm0wqbyJ6fy2rl33V8jg= | 12901.6 | 5.50011 | 9683.49 | 0.363167 | 0.931724 | 0 | none | 1 | 138.242 | 12.5652 | 0 | 1 | 1 | 0 | 0 | 0 | 0 | 1 | camera | target | 0.363167 | 0 | 0.931724 | 0.363167 |
SCRIPT       : DATA_LOG | 345971 | VEZjSxlcpgu1JLRUfHGLLLMsm0wqbyJ6fy2rl33V8jg= | 12901.6 | 5.50011 | 9683.49 | 0.363167 | 0.931724 | 0 | none | 1 | 138.239 | 12.5665 | 0 | 1 | 1 | 0 | 0 | 0 | 0 | 1 | camera | target | 0.363167 | 0 | 0.931724 | 0.363167 |
SCRIPT       : DATA_LOG | 346977 | VEZjSxlcpgu1JLRUfHGLLLMsm0wqbyJ6fy2rl33V8jg= | 12901.6 | 5.50011 | 9683.49 | 0.363167 | 0.931724 | 0 | none | 1 | 138.216 | 12.5642 | 0 | 1 | 1 | 0 | 0 | 0 | 0 | 1 | camera | target | 0.363167 | 0 | 0.931724 | 0.363167 |
SCRIPT       : DATA_LOG | 347976 | VEZjSxlcpgu1JLRUfHGLLLMsm0wqbyJ6fy2rl33V8jg= | 12901.6 | 5.50011 | 9683.49 | 0.363167 | 0.931724 | 0 | none | 1 | 138.249 | 12.572 | 0 | 1 | 1 | 0 | 0 | 0 | 0 | 1 | camera | target | 0.363167 | 0 | 0.931724 | 0.363167 | 
SCRIPT       : DATA_LOG | 348980 | VEZjSxlcpgu1JLRUfHGLLLMsm0wqbyJ6fy2rl33V8jg= | 12901.6 | 5.50011 | 9683.49 | 0.363167 | 0.931724 | 0 | none | 1 | 138.223 | 12.5595 | 0 | 1 | 1 | 0 | 0 | 0 | 0 | 1 | camera | target | 0.363167 | 0 | 0.931724 | 0.363167 |
SCRIPT       : DATA_LOG | 349974 | VEZjSxlcpgu1JLRUfHGLLLMsm0wqbyJ6fy2rl33V8jg= | 12901.6 | 5.50011 | 9683.49 | 0.363167 | 0.931724 | 0 | none | 1 | 138.282 | 12.5724 | 0 | 1 | 1 | 0 | 0 | 0 | 0 | 1 | camera | target | 0.363167 | 0 | 0.931724 | 0.363167 |
SCRIPT       : DATA_LOG | 350982 | VEZjSxlcpgu1JLRUfHGLLLMsm0wqbyJ6fy2rl33V8jg= | 12901.6 | 5.50011 | 9683.49 | 0.363167 | 0.931724 | 0 | none | 1 | 138.262 | 12.5688 | 0 | 1 | 1 | 0 | 0 | 0 | 0 | 1 | camera | target | 0.363167 | 0 | 0.931724 | 0.363167 |
SCRIPT       : DATA_LOG | 351983 | VEZjSxlcpgu1JLRUfHGLLLMsm0wqbyJ6fy2rl33V8jg= | 12901.6 | 5.50011 | 9683.49 | 0.363167 | 0.931724 | 0 | none | 1 | 138.235 | 12.5637 | 0 | 1 | 1 | 0 | 0 | 0 | 0 | 1 | camera | target | 0.363167 | 0 | 0.931724 | 0.363167 |
SCRIPT       : DATA_LOG | 352979 | VEZjSxlcpgu1JLRUfHGLLLMsm0wqbyJ6fy2rl33V8jg= | 12901.6 | 5.50011 | 9683.49 | 0.363167 | 0.931724 | 0 | none | 1 | 138.249 | 12.5667 | 0 | 1 | 1 | 0 | 0 | 0 | 0 | 1 | camera | target | 0.363167 | 0 | 0.931724 | 0.363167 |
SCRIPT       : DATA_LOG | 354143 | VEZjSxlcpgu1JLRUfHGLLLMsm0wqbyJ6fy2rl33V8jg= | 12901.6 | 5.50011 | 9683.49 | 0.363167 | 0.931724 | 0 | none | 1 | 138.219 | 12.5629 | 0 | 1 | 1 | 0 | 0 | 0 | 0 | 1 | camera | target | 0.363167 | 0 | 0.931724 | 0.363167 |
SCRIPT       : DATA_LOG | 355142 | VEZjSxlcpgu1JLRUfHGLLLMsm0wqbyJ6fy2rl33V8jg= | 12901.6 | 5.50011 | 9683.49 | 0.363167 | 0.931724 | 0 | none | 1 | 138.249 | 12.572 | 0 | 1 | 1 | 0 | 0 | 0 | 0 | 1 | camera | target | 0.363167 | 0 | 0.931724 | 0.363167 | 
SCRIPT       : DATA_LOG | 356147 | VEZjSxlcpgu1JLRUfHGLLLMsm0wqbyJ6fy2rl33V8jg= | 12901.6 | 5.50011 | 9683.49 | 0.363167 | 0.931724 | 0 | none | 1 | 138.223 | 12.5595 | 0 | 1 | 1 | 0 | 0 | 0 | 0 | 1 | camera | target | 0.363167 | 0 | 0.931724 | 0.363167 |
SCRIPT       : DATA_LOG | 357148 | VEZjSxlcpgu1JLRUfHGLLLMsm0wqbyJ6fy2rl33V8jg= | 12901.6 | 5.50011 | 9683.49 | 0.363167 | 0.931724 | 0 | none | 1 | 138.282 | 12.5724 | 0 | 1 | 1 | 0 | 0 | 0 | 0 | 1 | camera | target | 0.363167 | 0 | 0.931724 | 0.363167 |
SCRIPT       : DATA_LOG | 358145 | VEZjSxlcpgu1JLRUfHGLLLMsm0wqbyJ6fy2rl33V8jg= | 12901.6 | 5.50011 | 9683.49 | 0.363167 | 0.931724 | 0 | none | 1 | 138.262 | 12.5688 | 0 | 1 | 1 | 0 | 0 | 0 | 0 | 1 | camera | target | 0.363167 | 0 | 0.931724 | 0.363167 |
SCRIPT       : DATA_LOG | 359147 | VEZjSxlcpgu1JLRUfHGLLLMsm0wqbyJ6fy2rl33V8jg= | 12901.6 | 5.50011 | 9683.49 | 0.363167 | 0.931724 | 0 | none | 1 | 138.235 | 12.5637 | 0 | 1 | 1 | 0 | 0 | 0 | 0 | 1 | camera | target | 0.363167 | 0 | 0.931724 | 0.363167 |
SCRIPT       : DATA_LOG | 360146 | VEZjSxlcpgu1JLRUfHGLLLMsm0wqbyJ6fy2rl33V8jg= | 12901.6 | 5.50011 | 9683.49 | 0.363167 | 0.931724 | 0 | none | 1 | 138.249 | 12.5667 | 0 | 1 | 1 | 0 | 0 | 0 | 0 | 1 | camera | target | 0.363167 | 0 | 0.931724 | 0.363167 |
SCRIPT       : DATA_LOG | 361147 | VEZjSxlcpgu1JLRUfHGLLLMsm0wqbyJ6fy2rl33V8jg= | 12901.6 | 5.50011 | 9683.49 | 0.363167 | 0.931724 | 0 | none | 1 | 138.219 | 12.5629 | 0 | 1 | 1 | 0 | 0 | 0 | 0 | 1 | camera | target | 0.363167 | 0 | 0.931724 | 0.363167 |
SCRIPT       : DATA_LOG | 362150 | VEZjSxlcpgu1JLRUfHGLLLMsm0wqbyJ6fy2rl33V8jg= | 12901.6 | 5.50011 | 9683.49 | 0.363167 | 0.931724 | 0 | none | 1 | 138.241 | 12.5705 | 0 | 1 | 1 | 0 | 0 | 0 | 0 | 1 | camera | target | 0.363167 | 0 | 0.931724 | 0.363167 |
SCRIPT       : DATA_LOG | 363149 | VEZjSxlcpgu1JLRUfHGLLLMsm0wqbyJ6fy2rl33V8jg= | 12901.6 | 5.50011 | 9683.49 | 0.363167 | 0.931724 | 0 | none | 1 | 138.226 | 12.5613 | 0 | 1 | 1 | 0 | 0 | 0 | 0 | 1 | camera | target | 0.363167 | 0 | 0.931724 | 0.363167 |
SCRIPT       : DATA_LOG | 364149 | VEZjSxlcpgu1JLRUfHGLLLMsm0wqbyJ6fy2rl33V8jg= | 12901.6 | 5.50011 | 9683.49 | 0.363167 | 0.931724 | 0 | none | 1 | 138.27 | 12.5682 | 0 | 1 | 1 | 0 | 0 | 0 | 0 | 1 | camera | target | 0.363167 | 0 | 0.931724 | 0.363167 | 
SCRIPT       : DATA_LOG | 365150 | VEZjSxlcpgu1JLRUfHGLLLMsm0wqbyJ6fy2rl33V8jg= | 12901.6 | 5.50011 | 9683.49 | 0.363167 | 0.931724 | 0 | none | 1 | 138.271 | 12.5713 | 0 | 1 | 1 | 0 | 0 | 0 | 0 | 1 | camera | target | 0.363167 | 0 | 0.931724 | 0.363167 |
SCRIPT       : DATA_LOG | 366153 | VEZjSxlcpgu1JLRUfHGLLLMsm0wqbyJ6fy2rl33V8jg= | 12901.6 | 5.50011 | 9683.49 | 0.363167 | 0.931724 | 0 | none | 1 | 138.233 | 12.5628 | 0 | 1 | 1 | 0 | 0 | 0 | 0 | 1 | camera | target | 0.363167 | 0 | 0.931724 | 0.363167 |
SCRIPT       : DATA_LOG | 367155 | VEZjSxlcpgu1JLRUfHGLLLMsm0wqbyJ6fy2rl33V8jg= | 12901.6 | 5.50011 | 9683.49 | 0.363167 | 0.931724 | 0 | none | 1 | 138.259 | 12.567 | 0 | 1 | 1 | 0 | 0 | 0 | 0 | 1 | camera | target | 0.363167 | 0 | 0.931724 | 0.363167 | 
SCRIPT       : DATA_LOG | 368153 | VEZjSxlcpgu1JLRUfHGLLLMsm0wqbyJ6fy2rl33V8jg= | 12901.6 | 5.50011 | 9683.49 | 0.363167 | 0.931724 | 0 | none | 1 | 138.219 | 12.5629 | 0 | 1 | 1 | 0 | 0 | 0 | 0 | 1 | camera | target | 0.363167 | 0 | 0.931724 | 0.363167 |
SCRIPT       : DATA_LOG | 369158 | VEZjSxlcpgu1JLRUfHGLLLMsm0wqbyJ6fy2rl33V8jg= | 12901.6 | 5.50011 | 9683.49 | 0.363167 | 0.931724 | 0 | none | 1 | 138.233 | 12.5681 | 0 | 1 | 1 | 0 | 0 | 0 | 0 | 1 | camera | target | 0.363167 | 0 | 0.931724 | 0.363167 |
SCRIPT       : DATA_LOG | 370155 | VEZjSxlcpgu1JLRUfHGLLLMsm0wqbyJ6fy2rl33V8jg= | 12901.6 | 5.50011 | 9683.49 | 0.363167 | 0.931724 | 0 | none | 1 | 138.227 | 12.5644 | 0 | 1 | 1 | 0 | 0 | 0 | 0 | 1 | camera | target | 0.363167 | 0 | 0.931724 | 0.363167 |
SCRIPT       : DATA_LOG | 371160 | VEZjSxlcpgu1JLRUfHGLLLMsm0wqbyJ6fy2rl33V8jg= | 12901.6 | 5.50011 | 9683.49 | 0.363167 | 0.931724 | 0 | none | 1 | 138.256 | 12.5652 | 0 | 1 | 1 | 0 | 0 | 0 | 0 | 1 | camera | target | 0.363167 | 0 | 0.931724 | 0.363167 |
SCRIPT       : DATA_LOG | 372158 | VEZjSxlcpgu1JLRUfHGLLLMsm0wqbyJ6fy2rl33V8jg= | 12901.6 | 5.50011 | 9683.49 | 0.363167 | 0.931724 | 0 | none | 1 | 138.279 | 12.5737 | 0 | 1 | 1 | 0 | 0 | 0 | 0 | 1 | camera | target | 0.363167 | 0 | 0.931724 | 0.363167 |
SCRIPT       : DATA_LOG | 373162 | VEZjSxlcpgu1JLRUfHGLLLMsm0wqbyJ6fy2rl33V8jg= | 12901.6 | 5.50011 | 9683.49 | 0.363167 | 0.931724 | 0 | none | 1 | 138.232 | 12.5619 | 0 | 1 | 1 | 0 | 0 | 0 | 0 | 1 | camera | target | 0.363167 | 0 | 0.931724 | 0.363167 |
SCRIPT       : DATA_LOG | 374162 | VEZjSxlcpgu1JLRUfHGLLLMsm0wqbyJ6fy2rl33V8jg= | 12901.6 | 5.50011 | 9683.49 | 0.363167 | 0.931724 | 0 | none | 1 | 138.261 | 12.5679 | 0 | 1 | 1 | 0 | 0 | 0 | 0 | 1 | camera | target | 0.363167 | 0 | 0.931724 | 0.363167 |
SCRIPT       : DATA_LOG | 375160 | VEZjSxlcpgu1JLRUfHGLLLMsm0wqbyJ6fy2rl33V8jg= | 12901.6 | 5.50011 | 9683.49 | 0.363167 | 0.931724 | 0 | none | 1 | 138.221 | 12.5639 | 0 | 1 | 1 | 0 | 0 | 0 | 0 | 1 | camera | target | 0.363167 | 0 | 0.931724 | 0.363167 |
SCRIPT       : DATA_LOG | 376161 | VEZjSxlcpgu1JLRUfHGLLLMsm0wqbyJ6fy2rl33V8jg= | 12901.6 | 5.50011 | 9683.49 | 0.363167 | 0.931724 | 0 | none | 1 | 138.227 | 12.5675 | 0 | 1 | 1 | 0 | 0 | 0 | 0 | 1 | camera | target | 0.363167 | 0 | 0.931724 | 0.363167 |
SCRIPT       : DATA_LOG | 377168 | VEZjSxlcpgu1JLRUfHGLLLMsm0wqbyJ6fy2rl33V8jg= | 12901.6 | 5.50011 | 9683.49 | 0.363167 | 0.931724 | 0 | none | 1 | 138.233 | 12.5681 | 0 | 1 | 1 | 0 | 0 | 0 | 0 | 1 | camera | target | 0.363167 | 0 | 0.931724 | 0.363167 |
SCRIPT       : DATA_LOG | 378164 | VEZjSxlcpgu1JLRUfHGLLLMsm0wqbyJ6fy2rl33V8jg= | 12901.6 | 5.50011 | 9683.49 | 0.363167 | 0.931724 | 0 | none | 1 | 138.241 | 12.5622 | 0 | 1 | 1 | 0 | 0 | 0 | 0 | 1 | camera | target | 0.363167 | 0 | 0.931724 | 0.363167 |
SCRIPT       : DATA_LOG | 379165 | VEZjSxlcpgu1JLRUfHGLLLMsm0wqbyJ6fy2rl33V8jg= | 12901.6 | 5.50011 | 9683.49 | 0.363167 | 0.931724 | 0 | none | 1 | 138.287 | 12.5752 | 0 | 1 | 1 | 0 | 0 | 0 | 0 | 1 | camera | target | 0.363167 | 0 | 0.931724 | 0.363167 |
SCRIPT       : DATA_LOG | 380165 | VEZjSxlcpgu1JLRUfHGLLLMsm0wqbyJ6fy2rl33V8jg= | 12901.6 | 5.50011 | 9683.49 | 0.363167 | 0.931724 | 0 | none | 1 | 138.236 | 12.5615 | 0 | 1 | 1 | 0 | 0 | 0 | 0 | 1 | camera | target | 0.363167 | 0 | 0.931724 | 0.363167 |
SCRIPT       : DATA_LOG | 381166 | VEZjSxlcpgu1JLRUfHGLLLMsm0wqbyJ6fy2rl33V8jg= | 12901.6 | 5.50011 | 9683.49 | 0.363167 | 0.931724 | 0 | none | 1 | 138.26 | 12.5679 | 0 | 1 | 1 | 0 | 0 | 0 | 0 | 1 | camera | target | 0.363167 | 0 | 0.931724 | 0.363167 | 
SCRIPT       : DATA_LOG | 382168 | VEZjSxlcpgu1JLRUfHGLLLMsm0wqbyJ6fy2rl33V8jg= | 12901.6 | 5.50011 | 9683.49 | 0.363167 | 0.931724 | 0 | none | 1 | 138.226 | 12.5645 | 0 | 1 | 1 | 0 | 0 | 0 | 0 | 1 | camera | target | 0.363167 | 0 | 0.931724 | 0.363167 |
SCRIPT       : DATA_LOG | 383173 | VEZjSxlcpgu1JLRUfHGLLLMsm0wqbyJ6fy2rl33V8jg= | 12901.6 | 5.50011 | 9683.49 | 0.363167 | 0.931724 | 0 | none | 1 | 138.225 | 12.5666 | 0 | 1 | 1 | 0 | 0 | 0 | 0 | 1 | camera | target | 0.363167 | 0 | 0.931724 | 0.363167 |
SCRIPT       : DATA_LOG | 384169 | VEZjSxlcpgu1JLRUfHGLLLMsm0wqbyJ6fy2rl33V8jg= | 12901.6 | 5.50011 | 9683.49 | 0.363167 | 0.931724 | 0 | none | 1 | 138.243 | 12.5714 | 0 | 1 | 1 | 0 | 0 | 0 | 0 | 1 | camera | target | 0.363167 | 0 | 0.931724 | 0.363167 |
SCRIPT       : DATA_LOG | 385171 | VEZjSxlcpgu1JLRUfHGLLLMsm0wqbyJ6fy2rl33V8jg= | 12901.6 | 5.50011 | 9683.49 | 0.363167 | 0.931724 | 0 | none | 1 | 138.234 | 12.5606 | 0 | 1 | 1 | 0 | 0 | 0 | 0 | 1 | camera | target | 0.363167 | 0 | 0.931724 | 0.363167 |
SCRIPT       : DATA_LOG | 386171 | VEZjSxlcpgu1JLRUfHGLLLMsm0wqbyJ6fy2rl33V8jg= | 12901.6 | 5.50011 | 9683.49 | 0.363167 | 0.931724 | 0 | none | 1 | 138.288 | 12.5761 | 0 | 1 | 1 | 0 | 0 | 0 | 0 | 1 | camera | target | 0.363167 | 0 | 0.931724 | 0.363167 |
SCRIPT       : DATA_LOG | 387176 | VEZjSxlcpgu1JLRUfHGLLLMsm0wqbyJ6fy2rl33V8jg= | 12901.6 | 5.50011 | 9683.49 | 0.363167 | 0.931724 | 0 | none | 1 | 138.239 | 12.5634 | 0 | 1 | 1 | 0 | 0 | 0 | 0 | 1 | camera | target | 0.363167 | 0 | 0.931724 | 0.363167 |
SCRIPT       : DATA_LOG | 388175 | VEZjSxlcpgu1JLRUfHGLLLMsm0wqbyJ6fy2rl33V8jg= | 12901.6 | 5.50011 | 9683.49 | 0.363167 | 0.931724 | 0 | none | 1 | 138.255 | 12.5673 | 0 | 1 | 1 | 0 | 0 | 0 | 0 | 1 | camera | target | 0.363167 | 0 | 0.931724 | 0.363167 |
 SCRIPT       : ---- PlayerBase OnStoreLoad SUCCESS ----
 SCRIPT       : [VPPAT] Player "rafaelglima79" (steamId=76561199445097358) connected to server!
 SCRIPT       : [PlayerListManager] AddReceiver ► added: PlayerIdentity<0x000001D105ABE510>
SCRIPT       : DATA_LOG | 389174 | VEZjSxlcpgu1JLRUfHGLLLMsm0wqbyJ6fy2rl33V8jg= | 12901.6 | 5.50011 | 9683.49 | 0.363167 | 0.931724 | 0 | none | 1 | 138.228 | 12.5654 | 0 | 1 | 1 | 0 | 0 | 0 | 0 | 1 | camera | target | 0.363167 | 0 | 0.931724 | 0.363167 |
SCRIPT       : DATA_LOG | 389780 | aRapBi1cCZPZAGLIDny3dk3hQ8vTmNTLHRl8zxmKgQ0= | 6338.7 | 9.82569 | 2464.65 | -0.854591 | 0.519302 | 0 | none | -1 | 180 | 0 | 0 | 0 | 0 | 0 | 0 | 0 | 0 | 1 | camera | no_target | -0.854591 | 0 | 0.519302 | -0.854591 | 0 |
SCRIPT       : DATA_LOG | 390501 | VEZjSxlcpgu1JLRUfHGLLLMsm0wqbyJ6fy2rl33V8jg= | 12901.6 | 5.50011 | 9683.49 | 0.363167 | 0.931724 | 0 | none | 1 | 138.22 | 12.566 | 0 | 1 | 1 | 0 | 0 | 0 | 0 | 1 | camera | target | 0.363167 | 0 | 0.931724 | 0.363167 | 0
SCRIPT       : DATA_LOG | 390518 | aRapBi1cCZPZAGLIDny3dk3hQ8vTmNTLHRl8zxmKgQ0= | 6338.7 | 9.82569 | 2464.65 | -0.854591 | 0.519302 | 0 | none | -1 | 180 | 0 | 0 | 0 | 0 | 0 | 0 | 0 | 0 | 1 | camera | no_target | -0.854591 | 0 | 0.519302 | -0.854591 | 0 |
SCRIPT       : DATA_LOG | 391503 | VEZjSxlcpgu1JLRUfHGLLLMsm0wqbyJ6fy2rl33V8jg= | 12901.6 | 5.50011 | 9683.49 | 0.363167 | 0.931724 | 0 | none | 1 | 138.25 | 12.5729 | 0 | 1 | 1 | 0 | 0 | 0 | 0 | 1 | camera | target | 0.363167 | 0 | 0.931724 | 0.363167 | 
SCRIPT       : DATA_LOG | 391519 | aRapBi1cCZPZAGLIDny3dk3hQ8vTmNTLHRl8zxmKgQ0= | 6338.7 | 9.82569 | 2464.65 | -0.854591 | 0.519302 | 0 | none | -1 | 180 | 0 | 0 | 0 | 0 | 0 | 0 | 0 | 0 | 1 | camera | no_target | -0.854591 | 0 | 0.519302 | -0.854591 | 0 |
SCRIPT       : DATA_LOG | 392504 | VEZjSxlcpgu1JLRUfHGLLLMsm0wqbyJ6fy2rl33V8jg= | 12901.6 | 5.50011 | 9683.49 | 0.363167 | 0.931724 | 0 | none | 1 | 138.227 | 12.5591 | 0 | 1 | 1 | 0 | 0 | 0 | 0 | 1 | camera | target | 0.363167 | 0 | 0.931724 | 0.363167 |
SCRIPT       : DATA_LOG | 392521 | aRapBi1cCZPZAGLIDny3dk3hQ8vTmNTLHRl8zxmKgQ0= | 6338.7 | 9.82569 | 2464.65 | -0.854591 | 0.519302 | 0 | none | -1 | 180 | 0 | 0 | 0 | 0 | 0 | 0 | 0 | 0 | 1 | camera | no_target | -0.854591 | -0 | 0.519302 | -0.854591 | 0 
SCRIPT       : DATA_LOG | 393506 | VEZjSxlcpgu1JLRUfHGLLLMsm0wqbyJ6fy2rl33V8jg= | 12901.6 | 5.50011 | 9683.49 | 0.363167 | 0.931724 | 0 | none | 1 | 138.292 | 12.5758 | 0 | 1 | 1 | 0 | 0 | 0 | 0 | 1 | camera | target | 0.363167 | 0 | 0.931724 | 0.363167 |
SCRIPT       : DATA_LOG | 393529 | aRapBi1cCZPZAGLIDny3dk3hQ8vTmNTLHRl8zxmKgQ0= | 6338.7 | 9.82569 | 2464.65 | -0.854591 | 0.519302 | 0 | none | -1 | 180 | 0 | 0 | 0 | 0 | 0 | 0 | 0 | 0 | 1 | camera | no_target | -0.854591 | -0 | 0.519302 | -0.854591 | 0 
SCRIPT       : DATA_LOG | 394508 | VEZjSxlcpgu1JLRUfHGLLLMsm0wqbyJ6fy2rl33V8jg= | 12901.6 | 5.50011 | 9683.49 | 0.363167 | 0.931724 | 0 | none | 1 | 138.246 | 12.5649 | 0 | 1 | 1 | 0 | 0 | 0 | 0 | 1 | camera | target | 0.363167 | 0 | 0.931724 | 0.363167 |
SCRIPT       : DATA_LOG | 394528 | aRapBi1cCZPZAGLIDny3dk3hQ8vTmNTLHRl8zxmKgQ0= | 6338.7 | 9.82569 | 2464.65 | -0.854591 | 0.519302 | 0 | none | -1 | 180 | 0 | 0 | 0 | 0 | 0 | 0 | 0 | 0 | 1 | camera | no_target | -0.854591 | -0 | 0.519302 | -0.854591 | 0 
SCRIPT       : DATA_LOG | 395509 | VEZjSxlcpgu1JLRUfHGLLLMsm0wqbyJ6fy2rl33V8jg= | 12901.6 | 5.50011 | 9683.49 | 0.363167 | 0.931724 | 0 | none | 1 | 138.249 | 12.5667 | 0 | 1 | 1 | 0 | 0 | 0 | 0 | 1 | camera | target | 0.363167 | 0 | 0.931724 | 0.363167 |
SCRIPT       : DATA_LOG | 395529 | aRapBi1cCZPZAGLIDny3dk3hQ8vTmNTLHRl8zxmKgQ0= | 6338.7 | 9.82569 | 2464.65 | -0.854591 | 0.519302 | 0 | none | -1 | 180 | 0 | 0 | 0 | 0 | 0 | 0 | 0 | 0 | 1 | camera | no_target | -0.854591 | -0 | 0.519302 | -0.854591 | 0 
SCRIPT       : DATA_LOG | 396508 | VEZjSxlcpgu1JLRUfHGLLLMsm0wqbyJ6fy2rl33V8jg= | 12901.6 | 5.50011 | 9683.49 | 0.363167 | 0.931724 | 0 | none | 1 | 138.234 | 12.5659 | 0 | 1 | 1 | 0 | 0 | 0 | 0 | 1 | camera | target | 0.363167 | 0 | 0.931724 | 0.363167 |
SCRIPT       : DATA_LOG | 396528 | aRapBi1cCZPZAGLIDny3dk3hQ8vTmNTLHRl8zxmKgQ0= | 6338.7 | 9.82569 | 2464.65 | -0.854591 | 0.519302 | 0 | none | -1 | 180 | 0 | 0 | 0 | 0 | 0 | 0 | 0 | 0 | 1 | camera | no_target | -0.854591 | -0 | 0.519302 | -0.854591 | 0 
SCRIPT       : DATA_LOG | 397513 | VEZjSxlcpgu1JLRUfHGLLLMsm0wqbyJ6fy2rl33V8jg= | 12901.6 | 5.50011 | 9683.49 | 0.363167 | 0.931724 | 0 | none | 1 | 138.216 | 12.5642 | 0 | 1 | 1 | 0 | 0 | 0 | 0 | 1 | camera | target | 0.363167 | 0 | 0.931724 | 0.363167 |
SCRIPT       : DATA_LOG | 397539 | aRapBi1cCZPZAGLIDny3dk3hQ8vTmNTLHRl8zxmKgQ0= | 6336.8 | 9.82565 | 2465.68 | -0.78697 | 0.616991 | 0 | none | -1 | 180 | 0 | 0 | 0 | 0 | 0 | 0 | 0 | 0 | 1 | camera | no_target | -0.78697 | 0 | 0.616991 | -0.78697 | 0 | 0.
SCRIPT       : DATA_LOG | 398513 | VEZjSxlcpgu1JLRUfHGLLLMsm0wqbyJ6fy2rl33V8jg= | 12901.6 | 5.50011 | 9683.49 | 0.363167 | 0.931724 | 0 | none | 1 | 138.248 | 12.572 | 0 | 1 | 1 | 0 | 0 | 0 | 0 | 1 | camera | target | 0.363167 | 0 | 0.931724 | 0.363167 | 
SCRIPT       : DATA_LOG | 398537 | aRapBi1cCZPZAGLIDny3dk3hQ8vTmNTLHRl8zxmKgQ0= | 6335.51 | 9.82563 | 2467.14 | -0.861561 | 0.507654 | 0 | none | -1 | 180 | 0 | 0 | 0 | 0 | 0 | 0 | 0 | 0 | 1 | camera | no_target | -0.861561 | 0 | 0.507654 | -0.861561 | 0 
SCRIPT       : DATA_LOG | 399512 | VEZjSxlcpgu1JLRUfHGLLLMsm0wqbyJ6fy2rl33V8jg= | 12901.6 | 5.50011 | 9683.49 | 0.363167 | 0.931724 | 0 | none | 1 | 138.223 | 12.5595 | 0 | 1 | 1 | 0 | 0 | 0 | 0 | 1 | camera | target | 0.363167 | 0 | 0.931724 | 0.363167 |
SCRIPT       : DATA_LOG | 399530 | aRapBi1cCZPZAGLIDny3dk3hQ8vTmNTLHRl8zxmKgQ0= | 6333.24 | 9.57143 | 2469.52 | -0.918526 | 0.39536 | 0 | none | -1 | 180 | 0 | 0 | 0 | 0 | 0 | 0 | 0 | 0 | 1 | camera | no_target | -0.918526 | 0 | 0.39536 | -0.918526 | 0 | 
SCRIPT       : DATA_LOG | 400513 | VEZjSxlcpgu1JLRUfHGLLLMsm0wqbyJ6fy2rl33V8jg= | 12901.6 | 5.50011 | 9683.49 | 0.363167 | 0.931724 | 0 | none | 1 | 138.284 | 12.5734 | 0 | 1 | 1 | 0 | 0 | 0 | 0 | 1 | camera | target | 0.363167 | 0 | 0.931724 | 0.363167 |
SCRIPT       : DATA_LOG | 400537 | aRapBi1cCZPZAGLIDny3dk3hQ8vTmNTLHRl8zxmKgQ0= | 6330.11 | 9.43087 | 2470.45 | 0.443971 | 0.896041 | 0 | none | -1 | 180 | 0 | 0 | 0 | 0 | 0 | 0 | 0 | 0 | 1 | camera | no_target | 0.443971 | 0 | 0.896041 | 0.443971 | 0 | 0
SCRIPT       : DATA_LOG | 401518 | VEZjSxlcpgu1JLRUfHGLLLMsm0wqbyJ6fy2rl33V8jg= | 12901.6 | 5.50011 | 9683.49 | 0.363167 | 0.931724 | 0 | none | 1 | 138.26 | 12.5679 | 0 | 1 | 1 | 0 | 0 | 0 | 0 | 1 | camera | target | 0.363167 | 0 | 0.931724 | 0.363167 | 
SCRIPT       : DATA_LOG | 401541 | aRapBi1cCZPZAGLIDny3dk3hQ8vTmNTLHRl8zxmKgQ0= | 6327.2 | 9.44975 | 2473.24 | 0.773309 | 0.63403 | 0 | none | -1 | 180 | 0 | 0 | 0 | 0 | 0 | 0 | 0 | 0 | 1 | camera | no_target | 0.773309 | 0 | 0.63403 | 0.773309 | 0 | 0.63
SCRIPT       : DATA_LOG | 402519 | VEZjSxlcpgu1JLRUfHGLLLMsm0wqbyJ6fy2rl33V8jg= | 12901.6 | 5.50011 | 9683.49 | 0.363167 | 0.931724 | 0 | none | 1 | 138.24 | 12.5643 | 0 | 1 | 1 | 0 | 0 | 0 | 0 | 1 | camera | target | 0.363167 | 0 | 0.931724 | 0.363167 | 
SCRIPT       : DATA_LOG | 402547 | aRapBi1cCZPZAGLIDny3dk3hQ8vTmNTLHRl8zxmKgQ0= | 6328.21 | 9.43998 | 2474.49 | 0.902746 | 0.430173 | 0 | none | -1 | 180 | 0 | 0 | 0 | 0 | 0 | 0 | 0 | 0 | 1 | camera | no_target | 0.902746 | 0 | 0.430173 | 0.902746 | 0 | 0
SCRIPT       : DATA_LOG | 403515 | VEZjSxlcpgu1JLRUfHGLLLMsm0wqbyJ6fy2rl33V8jg= | 12901.6 | 5.50011 | 9683.49 | 0.363167 | 0.931724 | 0 | none | 1 | 138.245 | 12.5671 | 0 | 1 | 1 | 0 | 0 | 0 | 0 | 1 | camera | target | 0.363167 | 0 | 0.931724 | 0.363167 |
SCRIPT       : DATA_LOG | 403533 | aRapBi1cCZPZAGLIDny3dk3hQ8vTmNTLHRl8zxmKgQ0= | 6332.1 | 9.42216 | 2475.54 | 0.88716 | 0.461462 | 0 | none | -1 | 180 | 0 | 0 | 0 | 0 | 0 | 0 | 0 | 0 | 1 | camera | no_target | 0.88716 | 0 | 0.461462 | 0.88716 | 0 | 0.461
SCRIPT       : DATA_LOG | 404517 | VEZjSxlcpgu1JLRUfHGLLLMsm0wqbyJ6fy2rl33V8jg= | 12901.6 | 5.50011 | 9683.49 | 0.363167 | 0.931724 | 0 | none | 1 | 138.216 | 12.5642 | 0 | 1 | 1 | 0 | 0 | 0 | 0 | 1 | camera | target | 0.363167 | 0 | 0.931724 | 0.363167 |
SCRIPT       : DATA_LOG | 404539 | aRapBi1cCZPZAGLIDny3dk3hQ8vTmNTLHRl8zxmKgQ0= | 6333.04 | 9.42093 | 2476.09 | 0.848017 | 0.529969 | 0 | none | -1 | 180 | 0 | 0 | 0 | 0 | 0 | 0 | 0 | 0 | 1 | camera | no_target | 0.848017 | 0 | 0.529969 | 0.848017 | 0 | 0
SCRIPT       : DATA_LOG | 405518 | VEZjSxlcpgu1JLRUfHGLLLMsm0wqbyJ6fy2rl33V8jg= | 12901.6 | 5.50011 | 9683.49 | -0.98398 | -0.178281 | 0 | none | 1 | 100.089 | 12.5705 | 0 | 1 | 1 | 0 | 0 | 0 | 0 | 1 | camera | target | -0.98398 | 0 | -0.178281 | -0.98398
SCRIPT       : DATA_LOG | 405541 | aRapBi1cCZPZAGLIDny3dk3hQ8vTmNTLHRl8zxmKgQ0= | 6332.19 | 9.42204 | 2475.32 | 0.602186 | -0.798356 | 0 | none | -1 | 180 | 0 | 0 | 0 | 0 | 0 | 0 | 0 | 0 | 1 | camera | no_target | 0.602186 | 0 | -0.798356 | 0.602186 | 0 |
SCRIPT       : DATA_LOG | 406519 | VEZjSxlcpgu1JLRUfHGLLLMsm0wqbyJ6fy2rl33V8jg= | 12903.8 | 5.33491 | 9680.75 | 0.2843 | -0.958735 | 0 | none | 1 | 5.90279 | 9.30844 | 0 | 1 | 1 | 0 | 0 | 0 | 0 | 1 | camera | target | 0.2843 | 0 | -0.958735 | 0.2843 | 0 |
SCRIPT       : DATA_LOG | 406543 | aRapBi1cCZPZAGLIDny3dk3hQ8vTmNTLHRl8zxmKgQ0= | 6330.78 | 9.42842 | 2471.59 | -0.865412 | 0.50106 | 0 | none | -1 | 180 | 0 | 0 | 0 | 0 | 0 | 0 | 0 | 0 | 1 | camera | no_target | -0.865412 | 0 | 0.50106 | -0.865412 | 0 | 
SCRIPT       : DATA_LOG | 407522 | VEZjSxlcpgu1JLRUfHGLLLMsm0wqbyJ6fy2rl33V8jg= | 12907 | 4.70335 | 9675.21 | -0.0401941 | -0.999192 | 0 | none | 1 | 25.6763 | 3.90721 | 0 | 1 | 1 | 0 | 0 | 0 | 0 | 1 | camera | target | -0.0401941 | 0 | -0.999192 | -0.040
SCRIPT       : DATA_LOG | 407542 | aRapBi1cCZPZAGLIDny3dk3hQ8vTmNTLHRl8zxmKgQ0= | 6329.48 | 9.43176 | 2473.01 | 0.255737 | 0.966746 | 0 | none | -1 | 180 | 0 | 0 | 0 | 0 | 0 | 0 | 0 | 0 | 1 | camera | no_target | 0.255737 | 0 | 0.966746 | 0.255737 | 0 | 0
SCRIPT       : DATA_LOG | 408522 | VEZjSxlcpgu1JLRUfHGLLLMsm0wqbyJ6fy2rl33V8jg= | 12906.2 | 4.59946 | 9673.02 | -0.14021 | -0.990122 | 0 | none | 1 | 49.9448 | 2.04942 | 0 | 1 | 1 | 0 | 0 | 0 | 0 | 1 | camera | target | -0.14021 | 0 | -0.990122 | -0.14021
SCRIPT       : DATA_LOG | 408550 | aRapBi1cCZPZAGLIDny3dk3hQ8vTmNTLHRl8zxmKgQ0= | 6331.5 | 9.42298 | 2476.47 | 0.932257 | 0.361796 | 0 | none | -1 | 180 | 0 | 0 | 0 | 0 | 0 | 0 | 0 | 0 | 1 | camera | no_target | 0.932257 | 0 | 0.361796 | 0.932257 | 0 | 0.
SCRIPT       : DATA_LOG | 409524 | VEZjSxlcpgu1JLRUfHGLLLMsm0wqbyJ6fy2rl33V8jg= | 12906.3 | 4.60052 | 9673.01 | -0.14021 | -0.990122 | 0 | none | 1 | 50.1774 | 2.04309 | 0 | 1 | 1 | 0 | 0 | 0 | 0 | 1 | camera | target | -0.14021 | 0 | -0.990122 | -0.14021
SCRIPT       : DATA_LOG | 409552 | aRapBi1cCZPZAGLIDny3dk3hQ8vTmNTLHRl8zxmKgQ0= | 6335.06 | 9.41722 | 2478.18 | 0.710243 | -0.703957 | 0 | none | -1 | 180 | 0 | 0 | 0 | 0 | 0 | 0 | 0 | 0 | 1 | camera | no_target | 0.710243 | 0 | -0.703957 | 0.710243 | 0 |
SCRIPT       : DATA_LOG | 410523 | VEZjSxlcpgu1JLRUfHGLLLMsm0wqbyJ6fy2rl33V8jg= | 12906.3 | 4.60052 | 9673.01 | -0.14021 | -0.990122 | 0 | none | 1 | 50.0834 | 2.04726 | 0 | 1 | 1 | 0 | 0 | 0 | 0 | 1 | camera | target | -0.14021 | 0 | -0.990122 | -0.14021
SCRIPT       : DATA_LOG | 410548 | aRapBi1cCZPZAGLIDny3dk3hQ8vTmNTLHRl8zxmKgQ0= | 6339.04 | 9.41181 | 2477.38 | -0.467296 | -0.884101 | 0 | none | -1 | 180 | 0 | 0 | 0 | 0 | 0 | 0 | 0 | 0 | 1 | camera | no_target | -0.467296 | 0 | -0.884101 | -0.467296 | 
SCRIPT       : DATA_LOG | 411525 | VEZjSxlcpgu1JLRUfHGLLLMsm0wqbyJ6fy2rl33V8jg= | 12906.3 | 4.60052 | 9673.01 | -0.14021 | -0.990122 | 0 | none | 1 | 50.2151 | 2.04255 | 0 | 1 | 1 | 0 | 0 | 0 | 0 | 1 | camera | target | -0.14021 | 0 | -0.990122 | -0.14021
SCRIPT       : DATA_LOG | 411546 | aRapBi1cCZPZAGLIDny3dk3hQ8vTmNTLHRl8zxmKgQ0= | 6337.15 | 9.4991 | 2474.29 | -0.828865 | -0.559449 | 0 | none | -1 | 180 | 0 | 0 | 0 | 0 | 0 | 0 | 0 | 0 | 1 | camera | no_target | -0.828865 | 0 | -0.559449 | -0.828865 | 0
SCRIPT       : DATA_LOG | 412530 | VEZjSxlcpgu1JLRUfHGLLLMsm0wqbyJ6fy2rl33V8jg= | 12906.3 | 4.60052 | 9673.01 | -0.14021 | -0.990122 | 0 | none | 1 | 50.067 | 2.047 | 0 | 1 | 1 | 0 | 0 | 0 | 0 | 1 | camera | target | -0.14021 | 0 | -0.990122 | -0.14021 | 
SCRIPT       : DATA_LOG | 412557 | aRapBi1cCZPZAGLIDny3dk3hQ8vTmNTLHRl8zxmKgQ0= | 6332.9 | 9.42621 | 2471.16 | -0.702224 | -0.711957 | 0 | none | -1 | 180 | 0 | 0 | 0 | 0 | 0 | 0 | 0 | 0 | 1 | camera | no_target | -0.702224 | 0 | -0.711957 | -0.702224 | 0
SCRIPT       : DATA_LOG | 413527 | VEZjSxlcpgu1JLRUfHGLLLMsm0wqbyJ6fy2rl33V8jg= | 12906.3 | 4.60052 | 9673.01 | -0.14021 | -0.990122 | 0 | none | 1 | 50.1727 | 2.04246 | 0 | 1 | 1 | 0 | 0 | 0 | 0 | 1 | camera | target | -0.14021 | 0 | -0.990122 | -0.14021
SCRIPT       : DATA_LOG | 413550 | aRapBi1cCZPZAGLIDny3dk3hQ8vTmNTLHRl8zxmKgQ0= | 6332.51 | 9.42696 | 2470.99 | -0.702224 | -0.711956 | 0 | none | -1 | 180 | 0 | 0 | 0 | 0 | 0 | 0 | 0 | 0 | 1 | camera | no_target | -0.702224 | 0 | -0.711956 | -0.702224 | 
SCRIPT       : DATA_LOG | 414530 | VEZjSxlcpgu1JLRUfHGLLLMsm0wqbyJ6fy2rl33V8jg= | 12906.3 | 4.60052 | 9673.01 | -0.14021 | -0.990122 | 0 | none | 1 | 50.0889 | 2.04771 | 0 | 1 | 1 | 0 | 0 | 0 | 0 | 1 | camera | target | -0.14021 | 0 | -0.990122 | -0.14021
SCRIPT       : DATA_LOG | 414553 | aRapBi1cCZPZAGLIDny3dk3hQ8vTmNTLHRl8zxmKgQ0= | 6332.51 | 9.42696 | 2470.99 | -0.702224 | -0.711956 | 0 | none | -1 | 180 | 0 | 0 | 0 | 0 | 0 | 0 | 0 | 0 | 1 | camera | no_target | -0.702224 | 0 | -0.711956 | -0.702224 | 
SCRIPT       : DATA_LOG | 415530 | VEZjSxlcpgu1JLRUfHGLLLMsm0wqbyJ6fy2rl33V8jg= | 12906.3 | 4.60052 | 9673.01 | -0.14021 | -0.990122 | 0 | none | 1 | 49.9322 | 2.05327 | 0 | 1 | 1 | 0 | 0 | 0 | 0 | 1 | camera | target | -0.14021 | 0 | -0.990122 | -0.14021
SCRIPT       : DATA_LOG | 415548 | aRapBi1cCZPZAGLIDny3dk3hQ8vTmNTLHRl8zxmKgQ0= | 6332.51 | 9.42696 | 2470.99 | -0.702224 | -0.711956 | 0 | none | -1 | 180 | 0 | 0 | 0 | 0 | 0 | 0 | 0 | 0 | 1 | camera | no_target | -0.702224 | 0 | -0.711956 | -0.702224 | 
 SCRIPT       : [Permissions Manager] Admin (rafaelglima79) (76561199445097358) Successfully Logged in!
SCRIPT       : DATA_LOG | 416530 | VEZjSxlcpgu1JLRUfHGLLLMsm0wqbyJ6fy2rl33V8jg= | 12906.3 | 4.60052 | 9673.01 | -0.14021 | -0.990122 | 0 | none | 1 | 50.1951 | 2.04234 | 0 | 1 | 1 | 0 | 0 | 0 | 0 | 1 | camera | target | -0.14021 | 0 | -0.990122 | -0.14021
SCRIPT       : DATA_LOG | 416553 | aRapBi1cCZPZAGLIDny3dk3hQ8vTmNTLHRl8zxmKgQ0= | 6332.51 | 9.42696 | 2470.99 | -0.702224 | -0.711956 | 0 | none | -1 | 180 | 0 | 0 | 0 | 0 | 0 | 0 | 0 | 0 | 1 | camera | no_target | -0.702224 | 0 | -0.711956 | -0.702224 | 
SCRIPT       : DATA_LOG | 417531 | VEZjSxlcpgu1JLRUfHGLLLMsm0wqbyJ6fy2rl33V8jg= | 12906.3 | 4.60052 | 9673.01 | -0.14021 | -0.990122 | 0 | none | 1 | 50.0633 | 2.04812 | 0 | 1 | 1 | 0 | 0 | 0 | 0 | 1 | camera | target | -0.14021 | 0 | -0.990122 | -0.14021
SCRIPT       : DATA_LOG | 417556 | aRapBi1cCZPZAGLIDny3dk3hQ8vTmNTLHRl8zxmKgQ0= | 6332.51 | 9.42696 | 2470.99 | -0.702224 | -0.711956 | 0 | none | -1 | 180 | 0 | 0 | 0 | 0 | 0 | 0 | 0 | 0 | 1 | camera | no_target | -0.702224 | 0 | -0.711956 | -0.702224 | 
SCRIPT       : DATA_LOG | 418539 | VEZjSxlcpgu1JLRUfHGLLLMsm0wqbyJ6fy2rl33V8jg= | 12906.3 | 4.60052 | 9673.01 | -0.14021 | -0.990122 | 0 | none | 1 | 50.1964 | 2.04326 | 0 | 1 | 1 | 0 | 0 | 0 | 0 | 1 | camera | target | -0.14021 | 0 | -0.990122 | -0.14021
SCRIPT       : DATA_LOG | 418567 | aRapBi1cCZPZAGLIDny3dk3hQ8vTmNTLHRl8zxmKgQ0= | 6332.51 | 9.42696 | 2470.99 | -0.702224 | -0.711956 | 0 | none | -1 | 180 | 0 | 0 | 0 | 0 | 0 | 0 | 0 | 0 | 1 | camera | no_target | -0.702224 | 0 | -0.711956 | -0.702224 | 
SCRIPT       : DATA_LOG | 419532 | VEZjSxlcpgu1JLRUfHGLLLMsm0wqbyJ6fy2rl33V8jg= | 12906.3 | 4.60052 | 9673.01 | -0.14021 | -0.990122 | 0 | none | 1 | 50.1062 | 2.04565 | 0 | 1 | 1 | 0 | 0 | 0 | 0 | 1 | camera | target | -0.14021 | 0 | -0.990122 | -0.14021
SCRIPT       : DATA_LOG | 419559 | aRapBi1cCZPZAGLIDny3dk3hQ8vTmNTLHRl8zxmKgQ0= | 6332.51 | 9.42696 | 2470.99 | -0.702224 | -0.711956 | 0 | none | -1 | 180 | 0 | 0 | 0 | 0 | 0 | 0 | 0 | 0 | 1 | camera | no_target | -0.702224 | 0 | -0.711956 | -0.702224 | 
SCRIPT       : DATA_LOG | 420538 | VEZjSxlcpgu1JLRUfHGLLLMsm0wqbyJ6fy2rl33V8jg= | 12906.3 | 4.60052 | 9673.01 | -0.14021 | -0.990122 | 0 | none | 1 | 50.1175 | 2.04463 | 0 | 1 | 1 | 0 | 0 | 0 | 0 | 1 | camera | target | -0.14021 | 0 | -0.990122 | -0.14021
SCRIPT       : DATA_LOG | 420561 | aRapBi1cCZPZAGLIDny3dk3hQ8vTmNTLHRl8zxmKgQ0= | 6332.51 | 9.42696 | 2470.99 | -0.702224 | -0.711956 | 0 | none | -1 | 180 | 0 | 0 | 0 | 0 | 0 | 0 | 0 | 0 | 1 | camera | no_target | -0.702224 | 0 | -0.711956 | -0.702224 | 
SCRIPT       : DATA_LOG | 421534 | VEZjSxlcpgu1JLRUfHGLLLMsm0wqbyJ6fy2rl33V8jg= | 12906.3 | 4.60052 | 9673.01 | -0.14021 | -0.990122 | 0 | none | 1 | 50.1465 | 2.04543 | 0 | 1 | 1 | 0 | 0 | 0 | 0 | 1 | camera | target | -0.14021 | 0 | -0.990122 | -0.14021
SCRIPT       : DATA_LOG | 421553 | aRapBi1cCZPZAGLIDny3dk3hQ8vTmNTLHRl8zxmKgQ0= | 6332.51 | 9.42696 | 2470.99 | -0.702224 | -0.711956 | 0 | none | -1 | 180 | 0 | 0 | 0 | 0 | 0 | 0 | 0 | 0 | 1 | camera | no_target | -0.702224 | 0 | -0.711956 | -0.702224 | 
SCRIPT       : DATA_LOG | 422537 | VEZjSxlcpgu1JLRUfHGLLLMsm0wqbyJ6fy2rl33V8jg= | 12906.3 | 4.60052 | 9673.01 | -0.14021 | -0.990122 | 0 | none | 1 | 49.8935 | 2.05484 | 0 | 1 | 1 | 0 | 0 | 0 | 0 | 1 | camera | target | -0.14021 | 0 | -0.990122 | -0.14021
SCRIPT       : DATA_LOG | 422560 | aRapBi1cCZPZAGLIDny3dk3hQ8vTmNTLHRl8zxmKgQ0= | 6332.51 | 9.42696 | 2470.99 | -0.702224 | -0.711956 | 0 | none | -1 | 180 | 0 | 0 | 0 | 0 | 0 | 0 | 0 | 0 | 1 | camera | no_target | -0.702224 | 0 | -0.711956 | -0.702224 | 
SCRIPT       : DATA_LOG | 423538 | VEZjSxlcpgu1JLRUfHGLLLMsm0wqbyJ6fy2rl33V8jg= | 12906.3 | 4.60052 | 9673.01 | -0.14021 | -0.990122 | 0 | none | 1 | 50.196 | 2.04238 | 0 | 1 | 1 | 0 | 0 | 0 | 0 | 1 | camera | target | -0.14021 | 0 | -0.990122 | -0.14021 
SCRIPT       : DATA_LOG | 423561 | aRapBi1cCZPZAGLIDny3dk3hQ8vTmNTLHRl8zxmKgQ0= | 6332.51 | 9.42696 | 2470.99 | -0.702224 | -0.711956 | 0 | none | -1 | 180 | 0 | 0 | 0 | 0 | 0 | 0 | 0 | 0 | 1 | camera | no_target | -0.702224 | 0 | -0.711956 | -0.702224 | 
SCRIPT       : DATA_LOG | 424540 | VEZjSxlcpgu1JLRUfHGLLLMsm0wqbyJ6fy2rl33V8jg= | 12906.3 | 4.60052 | 9673.01 | -0.14021 | -0.990122 | 0 | none | 1 | 50.0443 | 2.04881 | 0 | 1 | 1 | 0 | 0 | 0 | 0 | 1 | camera | target | -0.14021 | 0 | -0.990122 | -0.14021
SCRIPT       : DATA_LOG | 424563 | aRapBi1cCZPZAGLIDny3dk3hQ8vTmNTLHRl8zxmKgQ0= | 6332.51 | 9.42696 | 2470.99 | -0.702224 | -0.711956 | 0 | none | -1 | 180 | 0 | 0 | 0 | 0 | 0 | 0 | 0 | 0 | 1 | camera | no_target | -0.702224 | 0 | -0.711956 | -0.702224 | 
SCRIPT       : DATA_LOG | 425543 | VEZjSxlcpgu1JLRUfHGLLLMsm0wqbyJ6fy2rl33V8jg= | 12906.3 | 4.60052 | 9673.01 | -0.14021 | -0.990122 | 0 | none | 1 | 50.1783 | 2.044 | 0 | 1 | 1 | 0 | 0 | 0 | 0 | 1 | camera | target | -0.14021 | 0 | -0.990122 | -0.14021 |
SCRIPT       : DATA_LOG | 425568 | aRapBi1cCZPZAGLIDny3dk3hQ8vTmNTLHRl8zxmKgQ0= | 6332.51 | 9.42696 | 2470.99 | -0.702224 | -0.711956 | 0 | none | -1 | 180 | 0 | 0 | 0 | 0 | 0 | 0 | 0 | 0 | 1 | camera | no_target | -0.702224 | 0 | -0.711956 | -0.702224 | 
SCRIPT       : DATA_LOG | 426543 | VEZjSxlcpgu1JLRUfHGLLLMsm0wqbyJ6fy2rl33V8jg= | 12906.3 | 4.60052 | 9673.01 | -0.14021 | -0.990122 | 0 | none | 1 | 50.1296 | 2.04493 | 0 | 1 | 1 | 0 | 0 | 0 | 0 | 1 | camera | target | -0.14021 | 0 | -0.990122 | -0.14021
SCRIPT       : DATA_LOG | 426566 | aRapBi1cCZPZAGLIDny3dk3hQ8vTmNTLHRl8zxmKgQ0= | 6332.51 | 9.42696 | 2470.99 | -0.702224 | -0.711956 | 0 | none | -1 | 180 | 0 | 0 | 0 | 0 | 0 | 0 | 0 | 0 | 1 | camera | no_target | -0.702224 | 0 | -0.711956 | -0.702224 | 
SCRIPT       : DATA_LOG | 427541 | VEZjSxlcpgu1JLRUfHGLLLMsm0wqbyJ6fy2rl33V8jg= | 12906.3 | 4.60052 | 9673.01 | -0.14021 | -0.990122 | 0 | none | 1 | 50.0283 | 2.04857 | 0 | 1 | 1 | 0 | 0 | 0 | 0 | 1 | camera | target | -0.14021 | 0 | -0.990122 | -0.14021
SCRIPT       : DATA_LOG | 427559 | aRapBi1cCZPZAGLIDny3dk3hQ8vTmNTLHRl8zxmKgQ0= | 6332.51 | 9.42696 | 2470.99 | -0.702224 | -0.711956 | 0 | none | -1 | 180 | 0 | 0 | 0 | 0 | 0 | 0 | 0 | 0 | 1 | camera | no_target | -0.702224 | 0 | -0.711956 | -0.702224 | 
SCRIPT       : DATA_LOG | 428546 | VEZjSxlcpgu1JLRUfHGLLLMsm0wqbyJ6fy2rl33V8jg= | 12906.3 | 4.60052 | 9673.01 | -0.14021 | -0.990122 | 0 | none | 1 | 50.2032 | 2.0429 | 0 | 1 | 1 | 0 | 0 | 0 | 0 | 1 | camera | target | -0.14021 | 0 | -0.990122 | -0.14021 
SCRIPT       : DATA_LOG | 428567 | aRapBi1cCZPZAGLIDny3dk3hQ8vTmNTLHRl8zxmKgQ0= | 6332.51 | 9.42696 | 2470.99 | -0.702224 | -0.711956 | 0 | none | -1 | 180 | 0 | 0 | 0 | 0 | 0 | 0 | 0 | 0 | 1 | camera | no_target | -0.702224 | 0 | -0.711956 | -0.702224 | 
SCRIPT       : DATA_LOG | 429543 | VEZjSxlcpgu1JLRUfHGLLLMsm0wqbyJ6fy2rl33V8jg= | 12906.3 | 4.60052 | 9673.01 | -0.14021 | -0.990122 | 0 | none | 1 | 49.8544 | 2.05638 | 0 | 1 | 1 | 0 | 0 | 0 | 0 | 1 | camera | target | -0.14021 | 0 | -0.990122 | -0.14021
SCRIPT       : DATA_LOG | 429563 | aRapBi1cCZPZAGLIDny3dk3hQ8vTmNTLHRl8zxmKgQ0= | 6332.46 | 9.42703 | 2470.99 | 0.148146 | -0.988966 | 0 | none | -1 | 180 | 0 | 0 | 0 | 0 | 0 | 0 | 0 | 0 | 1 | camera | no_target | 0.148146 | 0 | -0.988966 | 0.148146 | 0 |
SCRIPT       : DATA_LOG | 430549 | VEZjSxlcpgu1JLRUfHGLLLMsm0wqbyJ6fy2rl33V8jg= | 12906.3 | 4.60052 | 9673.01 | -0.14021 | -0.990122 | 0 | none | 1 | 50.1776 | 2.04331 | 0 | 1 | 1 | 0 | 0 | 0 | 0 | 1 | camera | target | -0.14021 | 0 | -0.990122 | -0.14021
SCRIPT       : DATA_LOG | 430572 | aRapBi1cCZPZAGLIDny3dk3hQ8vTmNTLHRl8zxmKgQ0= | 6332.1 | 9.42776 | 2470.8 | 0.044083 | -0.999028 | 0 | none | -1 | 180 | 0 | 0 | 0 | 0 | 0 | 0 | 0 | 0 | 1 | camera | no_target | 0.044083 | 0 | -0.999028 | 0.044083 | 0 | -
SCRIPT       : DATA_LOG | 431546 | VEZjSxlcpgu1JLRUfHGLLLMsm0wqbyJ6fy2rl33V8jg= | 12906.3 | 4.60052 | 9673.01 | -0.14021 | -0.990122 | 0 | none | 1 | 50.0445 | 2.04882 | 0 | 1 | 1 | 0 | 0 | 0 | 0 | 1 | camera | target | -0.14021 | 0 | -0.990122 | -0.14021
SCRIPT       : DATA_LOG | 431565 | aRapBi1cCZPZAGLIDny3dk3hQ8vTmNTLHRl8zxmKgQ0= | 6330.51 | 9.42794 | 2472.21 | -0.189978 | -0.981788 | 0 | none | -1 | 180 | 0 | 0 | 0 | 0 | 0 | 0 | 0 | 0 | 1 | camera | no_target | -0.189978 | 0 | -0.981788 | -0.189978 | 
SCRIPT       : DATA_LOG | 432554 | VEZjSxlcpgu1JLRUfHGLLLMsm0wqbyJ6fy2rl33V8jg= | 12906.3 | 4.60052 | 9673.01 | -0.14021 | -0.990122 | 0 | none | 1 | 50.1543 | 2.0447 | 0 | 1 | 1 | 0 | 0 | 0 | 0 | 1 | camera | target | -0.14021 | 0 | -0.990122 | -0.14021 
SCRIPT       : DATA_LOG | 432579 | aRapBi1cCZPZAGLIDny3dk3hQ8vTmNTLHRl8zxmKgQ0= | 6330.96 | 9.43163 | 2469.04 | -0.980313 | 0.197452 | 0 | none | -1 | 180 | 0 | 0 | 0 | 0 | 0 | 0 | 0 | 0 | 1 | camera | no_target | -0.980313 | 0 | 0.197452 | -0.980313 | 0 
SCRIPT       : DATA_LOG | 433549 | VEZjSxlcpgu1JLRUfHGLLLMsm0wqbyJ6fy2rl33V8jg= | 12906.3 | 4.60052 | 9673.01 | -0.14021 | -0.990122 | 0 | none | 1 | 50.1531 | 2.04422 | 0 | 1 | 1 | 0 | 0 | 0 | 0 | 1 | camera | target | -0.14021 | 0 | -0.990122 | -0.14021
SCRIPT       : DATA_LOG | 433568 | aRapBi1cCZPZAGLIDny3dk3hQ8vTmNTLHRl8zxmKgQ0= | 6331.22 | 9.43157 | 2468.82 | -0.980313 | 0.197452 | 0 | none | -1 | 180 | 0 | 0 | 0 | 0 | 0 | 0 | 0 | 0 | 1 | camera | no_target | -0.980313 | -0 | 0.197452 | -0.980313 | 0
SCRIPT       : DATA_LOG | 434556 | VEZjSxlcpgu1JLRUfHGLLLMsm0wqbyJ6fy2rl33V8jg= | 12906.3 | 4.60052 | 9673.01 | -0.14021 | -0.990122 | 0 | none | 1 | 49.9942 | 2.05012 | 0 | 1 | 1 | 0 | 0 | 0 | 0 | 1 | camera | target | -0.14021 | 0 | -0.990122 | -0.14021
SCRIPT       : DATA_LOG | 434578 | aRapBi1cCZPZAGLIDny3dk3hQ8vTmNTLHRl8zxmKgQ0= | 6331.22 | 9.43157 | 2468.82 | -0.980313 | 0.197452 | 0 | none | -1 | 180 | 0 | 0 | 0 | 0 | 0 | 0 | 0 | 0 | 1 | camera | no_target | -0.980313 | -0 | 0.197452 | -0.980313 | 0
SCRIPT       : DATA_LOG | 435551 | VEZjSxlcpgu1JLRUfHGLLLMsm0wqbyJ6fy2rl33V8jg= | 12906.3 | 4.60052 | 9673.01 | -0.14021 | -0.990122 | 0 | none | 1 | 50.2573 | 2.04047 | 0 | 1 | 1 | 0 | 0 | 0 | 0 | 1 | camera | target | -0.14021 | 0 | -0.990122 | -0.14021
SCRIPT       : DATA_LOG | 435571 | aRapBi1cCZPZAGLIDny3dk3hQ8vTmNTLHRl8zxmKgQ0= | 6331.22 | 9.43157 | 2468.82 | -0.980313 | 0.197452 | 0 | none | -1 | 180 | 0 | 0 | 0 | 0 | 0 | 0 | 0 | 0 | 1 | camera | no_target | -0.980313 | -0 | 0.197452 | -0.980313 | 0
SCRIPT       : DATA_LOG | 436554 | VEZjSxlcpgu1JLRUfHGLLLMsm0wqbyJ6fy2rl33V8jg= | 12906.3 | 4.60052 | 9673.01 | -0.14021 | -0.990122 | 0 | none | 1 | 49.8554 | 2.05643 | 0 | 1 | 1 | 0 | 0 | 0 | 0 | 1 | camera | target | -0.14021 | 0 | -0.990122 | -0.14021
SCRIPT       : DATA_LOG | 436579 | aRapBi1cCZPZAGLIDny3dk3hQ8vTmNTLHRl8zxmKgQ0= | 6331.22 | 9.43157 | 2468.82 | -0.980313 | 0.197452 | 0 | none | -1 | 180 | 0 | 0 | 0 | 0 | 0 | 0 | 0 | 0 | 1 | camera | no_target | -0.980313 | -0 | 0.197452 | -0.980313 | 0
SCRIPT       : DATA_LOG | 437557 | VEZjSxlcpgu1JLRUfHGLLLMsm0wqbyJ6fy2rl33V8jg= | 12906.3 | 4.60052 | 9673.01 | -0.14021 | -0.990122 | 0 | none | 1 | 50.1213 | 2.04565 | 0 | 1 | 1 | 0 | 0 | 0 | 0 | 1 | camera | target | -0.14021 | 0 | -0.990122 | -0.14021
SCRIPT       : DATA_LOG | 437577 | aRapBi1cCZPZAGLIDny3dk3hQ8vTmNTLHRl8zxmKgQ0= | 6331.22 | 9.43157 | 2468.82 | -0.980313 | 0.197452 | 0 | none | -1 | 180 | 0 | 0 | 0 | 0 | 0 | 0 | 0 | 0 | 1 | camera | no_target | -0.980313 | -0 | 0.197452 | -0.980313 | 0
SCRIPT       : DATA_LOG | 438561 | VEZjSxlcpgu1JLRUfHGLLLMsm0wqbyJ6fy2rl33V8jg= | 12906.3 | 4.60052 | 9673.01 | -0.14021 | -0.990122 | 0 | none | 1 | 50.0839 | 2.04728 | 0 | 1 | 1 | 0 | 0 | 0 | 0 | 1 | camera | target | -0.14021 | 0 | -0.990122 | -0.14021
SCRIPT       : DATA_LOG | 438583 | aRapBi1cCZPZAGLIDny3dk3hQ8vTmNTLHRl8zxmKgQ0= | 6331.22 | 9.43157 | 2468.82 | -0.980313 | 0.197452 | 0 | none | -1 | 180 | 0 | 0 | 0 | 0 | 0 | 0 | 0 | 0 | 1 | camera | no_target | -0.980313 | -0 | 0.197452 | -0.980313 | 0
SCRIPT       : DATA_LOG | 439556 | VEZjSxlcpgu1JLRUfHGLLLMsm0wqbyJ6fy2rl33V8jg= | 12906.3 | 4.60052 | 9673.01 | -0.14021 | -0.990122 | 0 | none | 1 | 50.1327 | 2.04549 | 0 | 1 | 1 | 0 | 0 | 0 | 0 | 1 | camera | target | -0.14021 | 0 | -0.990122 | -0.14021
SCRIPT       : DATA_LOG | 439576 | aRapBi1cCZPZAGLIDny3dk3hQ8vTmNTLHRl8zxmKgQ0= | 6331.22 | 9.43157 | 2468.82 | -0.980313 | 0.197452 | 0 | none | -1 | 180 | 0 | 0 | 0 | 0 | 0 | 0 | 0 | 0 | 1 | camera | no_target | -0.980313 | -0 | 0.197452 | -0.980313 | 0
SCRIPT       : DATA_LOG | 440560 | VEZjSxlcpgu1JLRUfHGLLLMsm0wqbyJ6fy2rl33V8jg= | 12906.3 | 4.60052 | 9673.01 | -0.14021 | -0.990122 | 0 | none | 1 | 50.1737 | 2.04359 | 0 | 1 | 1 | 0 | 0 | 0 | 0 | 1 | camera | target | -0.14021 | 0 | -0.990122 | -0.14021
SCRIPT       : DATA_LOG | 440585 | aRapBi1cCZPZAGLIDny3dk3hQ8vTmNTLHRl8zxmKgQ0= | 6331.22 | 9.43157 | 2468.82 | -0.980313 | 0.197452 | 0 | none | -1 | 180 | 0 | 0 | 0 | 0 | 0 | 0 | 0 | 0 | 1 | camera | no_target | -0.980313 | -0 | 0.197452 | -0.980313 | 0
SCRIPT       : DATA_LOG | 441556 | VEZjSxlcpgu1JLRUfHGLLLMsm0wqbyJ6fy2rl33V8jg= | 12906.3 | 4.60052 | 9673.01 | -0.14021 | -0.990122 | 0 | none | 1 | 49.992 | 2.05024 | 0 | 1 | 1 | 0 | 0 | 0 | 0 | 1 | camera | target | -0.14021 | 0 | -0.990122 | -0.14021 
SCRIPT       : DATA_LOG | 441576 | aRapBi1cCZPZAGLIDny3dk3hQ8vTmNTLHRl8zxmKgQ0= | 6331.22 | 9.43157 | 2468.82 | -0.980313 | 0.197452 | 0 | none | -1 | 180 | 0 | 0 | 0 | 0 | 0 | 0 | 0 | 0 | 1 | camera | no_target | -0.980313 | -0 | 0.197452 | -0.980313 | 0
SCRIPT       : DATA_LOG | 442559 | VEZjSxlcpgu1JLRUfHGLLLMsm0wqbyJ6fy2rl33V8jg= | 12906.3 | 4.60052 | 9673.01 | -0.14021 | -0.990122 | 0 | none | 1 | 50.272 | 2.03937 | 0 | 1 | 1 | 0 | 0 | 0 | 0 | 1 | camera | target | -0.14021 | 0 | -0.990122 | -0.14021 
SCRIPT       : DATA_LOG | 442585 | aRapBi1cCZPZAGLIDny3dk3hQ8vTmNTLHRl8zxmKgQ0= | 6331.22 | 9.43157 | 2468.82 | -0.980313 | 0.197452 | 0 | none | -1 | 180 | 0 | 0 | 0 | 0 | 0 | 0 | 0 | 0 | 1 | camera | no_target | -0.980313 | -0 | 0.197452 | -0.980313 | 0
SCRIPT       : DATA_LOG | 443560 | VEZjSxlcpgu1JLRUfHGLLLMsm0wqbyJ6fy2rl33V8jg= | 12906.3 | 4.60052 | 9673.01 | -0.14021 | -0.990122 | 0 | none | 1 | 49.8944 | 2.05509 | 0 | 1 | 1 | 0 | 0 | 0 | 0 | 1 | camera | target | -0.14021 | 0 | -0.990122 | -0.14021
SCRIPT       : DATA_LOG | 443580 | aRapBi1cCZPZAGLIDny3dk3hQ8vTmNTLHRl8zxmKgQ0= | 6331.22 | 9.43157 | 2468.82 | -0.980313 | 0.197452 | 0 | none | -1 | 180 | 0 | 0 | 0 | 0 | 0 | 0 | 0 | 0 | 1 | camera | no_target | -0.980313 | -0 | 0.197452 | -0.980313 | 0
SCRIPT       : DATA_LOG | 444564 | VEZjSxlcpgu1JLRUfHGLLLMsm0wqbyJ6fy2rl33V8jg= | 12906.3 | 4.60052 | 9673.01 | -0.14021 | -0.990122 | 0 | none | 1 | 50.0671 | 2.04807 | 0 | 1 | 1 | 0 | 0 | 0 | 0 | 1 | camera | target | -0.14021 | 0 | -0.990122 | -0.14021
SCRIPT       : DATA_LOG | 444589 | aRapBi1cCZPZAGLIDny3dk3hQ8vTmNTLHRl8zxmKgQ0= | 6331.22 | 9.43157 | 2468.82 | -0.980313 | 0.197452 | 0 | none | -1 | 180 | 0 | 0 | 0 | 0 | 0 | 0 | 0 | 0 | 1 | camera | no_target | -0.980313 | -0 | 0.197452 | -0.980313 | 0
SCRIPT       : DATA_LOG | 445561 | VEZjSxlcpgu1JLRUfHGLLLMsm0wqbyJ6fy2rl33V8jg= | 12906.3 | 4.60052 | 9673.01 | -0.14021 | -0.990122 | 0 | none | 1 | 50.1214 | 2.04544 | 0 | 1 | 1 | 0 | 0 | 0 | 0 | 1 | camera | target | -0.14021 | 0 | -0.990122 | -0.14021
SCRIPT       : DATA_LOG | 445581 | aRapBi1cCZPZAGLIDny3dk3hQ8vTmNTLHRl8zxmKgQ0= | 6331.22 | 9.43157 | 2468.82 | -0.980313 | 0.197452 | 0 | none | -1 | 180 | 0 | 0 | 0 | 0 | 0 | 0 | 0 | 0 | 1 | camera | no_target | -0.980313 | -0 | 0.197452 | -0.980313 | 0
SCRIPT       : DATA_LOG | 446563 | VEZjSxlcpgu1JLRUfHGLLLMsm0wqbyJ6fy2rl33V8jg= | 12906.3 | 4.60052 | 9673.01 | -0.14021 | -0.990122 | 0 | none | 1 | 50.1095 | 2.04644 | 0 | 1 | 1 | 0 | 0 | 0 | 0 | 1 | camera | target | -0.14021 | 0 | -0.990122 | -0.14021
SCRIPT       : DATA_LOG | 446584 | aRapBi1cCZPZAGLIDny3dk3hQ8vTmNTLHRl8zxmKgQ0= | 6331.22 | 9.43157 | 2468.82 | -0.980313 | 0.197452 | 0 | none | -1 | 180 | 0 | 0 | 0 | 0 | 0 | 0 | 0 | 0 | 1 | camera | no_target | -0.980313 | -0 | 0.197452 | -0.980313 | 0
SCRIPT       : DATA_LOG | 447568 | VEZjSxlcpgu1JLRUfHGLLLMsm0wqbyJ6fy2rl33V8jg= | 12906.3 | 4.60052 | 9673.01 | -0.14021 | -0.990122 | 0 | none | 1 | 50.1949 | 2.04298 | 0 | 1 | 1 | 0 | 0 | 0 | 0 | 1 | camera | target | -0.14021 | 0 | -0.990122 | -0.14021
SCRIPT       : DATA_LOG | 447595 | aRapBi1cCZPZAGLIDny3dk3hQ8vTmNTLHRl8zxmKgQ0= | 6331.22 | 9.43157 | 2468.82 | -0.980313 | 0.197452 | 0 | none | -1 | 180 | 0 | 0 | 0 | 0 | 0 | 0 | 0 | 0 | 1 | camera | no_target | -0.980313 | -0 | 0.197452 | -0.980313 | 0
SCRIPT       : DATA_LOG | 448570 | VEZjSxlcpgu1JLRUfHGLLLMsm0wqbyJ6fy2rl33V8jg= | 12906.3 | 4.60052 | 9673.01 | -0.14021 | -0.990122 | 0 | none | 1 | 50.0089 | 2.04946 | 0 | 1 | 1 | 0 | 0 | 0 | 0 | 1 | camera | target | -0.14021 | 0 | -0.990122 | -0.14021
SCRIPT       : DATA_LOG | 448599 | aRapBi1cCZPZAGLIDny3dk3hQ8vTmNTLHRl8zxmKgQ0= | 6331.22 | 9.43157 | 2468.82 | -0.980313 | 0.197452 | 0 | none | -1 | 180 | 0 | 0 | 0 | 0 | 0 | 0 | 0 | 0 | 1 | camera | no_target | -0.980313 | -0 | 0.197452 | -0.980313 | 0
SCRIPT       : DATA_LOG | 449566 | VEZjSxlcpgu1JLRUfHGLLLMsm0wqbyJ6fy2rl33V8jg= | 12906.3 | 4.60052 | 9673.01 | -0.14021 | -0.990122 | 0 | none | 1 | 50.2507 | 2.03997 | 0 | 1 | 1 | 0 | 0 | 0 | 0 | 1 | camera | target | -0.14021 | 0 | -0.990122 | -0.14021
SCRIPT       : DATA_LOG | 449584 | aRapBi1cCZPZAGLIDny3dk3hQ8vTmNTLHRl8zxmKgQ0= | 6331.22 | 9.43157 | 2468.82 | -0.980313 | 0.197452 | 0 | none | -1 | 180 | 0 | 0 | 0 | 0 | 0 | 0 | 0 | 0 | 1 | camera | no_target | -0.980313 | -0 | 0.197452 | -0.980313 | 0
SCRIPT       : DATA_LOG | 450570 | VEZjSxlcpgu1JLRUfHGLLLMsm0wqbyJ6fy2rl33V8jg= | 12906.3 | 4.60052 | 9673.01 | -0.14021 | -0.990122 | 0 | none | 1 | 49.9509 | 2.05299 | 0 | 1 | 1 | 0 | 0 | 0 | 0 | 1 | camera | target | -0.14021 | 0 | -0.990122 | -0.14021
SCRIPT       : DATA_LOG | 450596 | aRapBi1cCZPZAGLIDny3dk3hQ8vTmNTLHRl8zxmKgQ0= | 6331.22 | 9.43157 | 2468.82 | -0.980313 | 0.197452 | 0 | none | -1 | 180 | 0 | 0 | 0 | 0 | 0 | 0 | 0 | 0 | 1 | camera | no_target | -0.980313 | -0 | 0.197452 | -0.980313 | 0
SCRIPT       : DATA_LOG | 451569 | VEZjSxlcpgu1JLRUfHGLLLMsm0wqbyJ6fy2rl33V8jg= | 12906.3 | 4.60052 | 9673.01 | -0.14021 | -0.990122 | 0 | none | 1 | 50.0096 | 2.05034 | 0 | 1 | 1 | 0 | 0 | 0 | 0 | 1 | camera | target | -0.14021 | 0 | -0.990122 | -0.14021
SCRIPT       : DATA_LOG | 451590 | aRapBi1cCZPZAGLIDny3dk3hQ8vTmNTLHRl8zxmKgQ0= | 6331.22 | 9.43157 | 2468.82 | -0.980313 | 0.197452 | 0 | none | -1 | 180 | 0 | 0 | 0 | 0 | 0 | 0 | 0 | 0 | 1 | camera | no_target | -0.980313 | -0 | 0.197452 | -0.980313 | 0
SCRIPT       : DATA_LOG | 452568 | VEZjSxlcpgu1JLRUfHGLLLMsm0wqbyJ6fy2rl33V8jg= | 12906.3 | 4.60052 | 9673.01 | -0.14021 | -0.990122 | 0 | none | 1 | 50.159 | 2.04381 | 0 | 1 | 1 | 0 | 0 | 0 | 0 | 1 | camera | target | -0.14021 | 0 | -0.990122 | -0.14021 
SCRIPT       : DATA_LOG | 452588 | aRapBi1cCZPZAGLIDny3dk3hQ8vTmNTLHRl8zxmKgQ0= | 6331.22 | 9.43157 | 2468.82 | -0.980313 | 0.197452 | 0 | none | -1 | 180 | 0 | 0 | 0 | 0 | 0 | 0 | 0 | 0 | 1 | camera | no_target | -0.980313 | -0 | 0.197452 | -0.980313 | 0
SCRIPT       : DATA_LOG | 453574 | VEZjSxlcpgu1JLRUfHGLLLMsm0wqbyJ6fy2rl33V8jg= | 12906.3 | 4.60052 | 9673.01 | -0.14021 | -0.990122 | 0 | none | 1 | 50.0852 | 2.04712 | 0 | 1 | 1 | 0 | 0 | 0 | 0 | 1 | camera | target | -0.14021 | 0 | -0.990122 | -0.14021
SCRIPT       : DATA_LOG | 453600 | aRapBi1cCZPZAGLIDny3dk3hQ8vTmNTLHRl8zxmKgQ0= | 6331.22 | 9.43157 | 2468.82 | -0.980313 | 0.197452 | 0 | none | -1 | 180 | 0 | 0 | 0 | 0 | 0 | 0 | 0 | 0 | 1 | camera | no_target | -0.980313 | -0 | 0.197452 | -0.980313 | 0
SCRIPT       : DATA_LOG | 454576 | VEZjSxlcpgu1JLRUfHGLLLMsm0wqbyJ6fy2rl33V8jg= | 12906.3 | 4.60052 | 9673.01 | -0.14021 | -0.990122 | 0 | none | 1 | 50.2145 | 2.04253 | 0 | 1 | 1 | 0 | 0 | 0 | 0 | 1 | camera | target | -0.14021 | 0 | -0.990122 | -0.14021
SCRIPT       : DATA_LOG | 454605 | aRapBi1cCZPZAGLIDny3dk3hQ8vTmNTLHRl8zxmKgQ0= | 6331.22 | 9.43157 | 2468.82 | -0.980313 | 0.197452 | 0 | none | -1 | 180 | 0 | 0 | 0 | 0 | 0 | 0 | 0 | 0 | 1 | camera | no_target | -0.980313 | -0 | 0.197452 | -0.980313 | 0
SCRIPT       : DATA_LOG | 455573 | VEZjSxlcpgu1JLRUfHGLLLMsm0wqbyJ6fy2rl33V8jg= | 12906.3 | 4.60052 | 9673.01 | -0.14021 | -0.990122 | 0 | none | 1 | 50.0466 | 2.04784 | 0 | 1 | 1 | 0 | 0 | 0 | 0 | 1 | camera | target | -0.14021 | 0 | -0.990122 | -0.14021
SCRIPT       : DATA_LOG | 455594 | aRapBi1cCZPZAGLIDny3dk3hQ8vTmNTLHRl8zxmKgQ0= | 6331.22 | 9.43157 | 2468.82 | -0.980313 | 0.197452 | 0 | none | -1 | 180 | 0 | 0 | 0 | 0 | 0 | 0 | 0 | 0 | 1 | camera | no_target | -0.980313 | -0 | 0.197452 | -0.980313 | 0
SCRIPT       : DATA_LOG | 456574 | VEZjSxlcpgu1JLRUfHGLLLMsm0wqbyJ6fy2rl33V8jg= | 12906.3 | 4.60052 | 9673.01 | -0.14021 | -0.990122 | 0 | none | 1 | 50.1903 | 2.04192 | 0 | 1 | 1 | 0 | 0 | 0 | 0 | 1 | camera | target | -0.14021 | 0 | -0.990122 | -0.14021
SCRIPT       : DATA_LOG | 456595 | aRapBi1cCZPZAGLIDny3dk3hQ8vTmNTLHRl8zxmKgQ0= | 6331.22 | 9.43157 | 2468.82 | -0.980313 | 0.197452 | 0 | none | -1 | 180 | 0 | 0 | 0 | 0 | 0 | 0 | 0 | 0 | 1 | camera | no_target | -0.980313 | -0 | 0.197452 | -0.980313 | 0
SCRIPT       : DATA_LOG | 457578 | VEZjSxlcpgu1JLRUfHGLLLMsm0wqbyJ6fy2rl33V8jg= | 12906.3 | 4.60052 | 9673.01 | -0.14021 | -0.990122 | 0 | none | 1 | 50.0506 | 2.04929 | 0 | 1 | 1 | 0 | 0 | 0 | 0 | 1 | camera | target | -0.14021 | 0 | -0.990122 | -0.14021
SCRIPT       : DATA_LOG | 457601 | aRapBi1cCZPZAGLIDny3dk3hQ8vTmNTLHRl8zxmKgQ0= | 6331.22 | 9.43157 | 2468.82 | -0.980313 | 0.197452 | 0 | none | -1 | 180 | 0 | 0 | 0 | 0 | 0 | 0 | 0 | 0 | 1 | camera | no_target | -0.980313 | -0 | 0.197452 | -0.980313 | 0
 SCRIPT    (E): Virtual Machine Exception

Reason: NULL pointer to instance

Class:      'TeleportManager'
Function: 'RemoteTeleportPlayers'
Stack trace:
VPPAdminTools/4_World/vppadmintools\plugins\pluginbase\teleportmanager\teleportmanager.c:379 Function RemoteTeleportPlayers
VPPAdminTools/3_Game/communityframework\rpc\rpcmanager.c:86 Function VOnRPC
VPPAdminTools/3_Game/communityframework\rpc\dayzgame.c:7 Function OnRPC
 SCRIPT    (E): Virtual Machine Exception

Reason: NULL pointer to instance

Class:      'TeleportManager'
Function: 'RemoteTeleportPlayers'
Stack trace:
VPPAdminTools/4_World/vppadmintools\plugins\pluginbase\teleportmanager\teleportmanager.c:379 Function RemoteTeleportPlayers
VPPAdminTools/3_Game/communityframework\rpc\rpcmanager.c:86 Function VOnRPC
VPPAdminTools/3_Game/communityframework\rpc\dayzgame.c:7 Function OnRPC
 SCRIPT    (E): Virtual Machine Exception

Reason: NULL pointer to instance

Class:      'TeleportManager'
Function: 'RemoteTeleportPlayers'
Stack trace:
VPPAdminTools/4_World/vppadmintools\plugins\pluginbase\teleportmanager\teleportmanager.c:379 Function RemoteTeleportPlayers
VPPAdminTools/3_Game/communityframework\rpc\rpcmanager.c:86 Function VOnRPC
VPPAdminTools/3_Game/communityframework\rpc\dayzgame.c:7 Function OnRPC
SCRIPT       : DATA_LOG | 458579 | VEZjSxlcpgu1JLRUfHGLLLMsm0wqbyJ6fy2rl33V8jg= | 12906.3 | 4.60052 | 9673.01 | -0.14021 | -0.990122 | 0 | none | 1 | 49.9518 | 2.0526 | 0 | 1 | 1 | 0 | 0 | 0 | 0 | 1 | camera | target | -0.14021 | 0 | -0.990122 | -0.14021 
SCRIPT       : DATA_LOG | 458605 | aRapBi1cCZPZAGLIDny3dk3hQ8vTmNTLHRl8zxmKgQ0= | 6331.22 | 9.43157 | 2468.82 | -0.980313 | 0.197452 | 0 | none | -1 | 180 | 0 | 0 | 0 | 0 | 0 | 0 | 0 | 0 | 1 | camera | no_target | -0.980313 | -0 | 0.197452 | -0.980313 | 0
 SCRIPT    (E): Virtual Machine Exception

Reason: NULL pointer to instance

Class:      'TeleportManager'
Function: 'RemoteTeleportPlayers'
Stack trace:
VPPAdminTools/4_World/vppadmintools\plugins\pluginbase\teleportmanager\teleportmanager.c:379 Function RemoteTeleportPlayers
VPPAdminTools/3_Game/communityframework\rpc\rpcmanager.c:86 Function VOnRPC
VPPAdminTools/3_Game/communityframework\rpc\dayzgame.c:7 Function OnRPC
 SCRIPT    (E): Virtual Machine Exception

Reason: NULL pointer to instance

Class:      'TeleportManager'
Function: 'RemoteTeleportPlayers'
Stack trace:
VPPAdminTools/4_World/vppadmintools\plugins\pluginbase\teleportmanager\teleportmanager.c:379 Function RemoteTeleportPlayers
VPPAdminTools/3_Game/communityframework\rpc\rpcmanager.c:86 Function VOnRPC
VPPAdminTools/3_Game/communityframework\rpc\dayzgame.c:7 Function OnRPC
 SCRIPT    (E): Virtual Machine Exception

Reason: NULL pointer to instance

Class:      'TeleportManager'
Function: 'RemoteTeleportPlayers'
Stack trace:
VPPAdminTools/4_World/vppadmintools\plugins\pluginbase\teleportmanager\teleportmanager.c:379 Function RemoteTeleportPlayers
VPPAdminTools/3_Game/communityframework\rpc\rpcmanager.c:86 Function VOnRPC
VPPAdminTools/3_Game/communityframework\rpc\dayzgame.c:7 Function OnRPC
 SCRIPT    (E): Virtual Machine Exception

Reason: NULL pointer to instance

Class:      'TeleportManager'
Function: 'RemoteTeleportPlayers'
Stack trace:
VPPAdminTools/4_World/vppadmintools\plugins\pluginbase\teleportmanager\teleportmanager.c:379 Function RemoteTeleportPlayers
VPPAdminTools/3_Game/communityframework\rpc\rpcmanager.c:86 Function VOnRPC
VPPAdminTools/3_Game/communityframework\rpc\dayzgame.c:7 Function OnRPC
SCRIPT       : DATA_LOG | 459578 | VEZjSxlcpgu1JLRUfHGLLLMsm0wqbyJ6fy2rl33V8jg= | 12906.3 | 4.60052 | 9673.01 | -0.14021 | -0.990122 | 0 | none | 1 | 50.1957 | 2.04236 | 0 | 1 | 1 | 0 | 0 | 0 | 0 | 1 | camera | target | -0.14021 | 0 | -0.990122 | -0.14021
SCRIPT       : DATA_LOG | 459602 | aRapBi1cCZPZAGLIDny3dk3hQ8vTmNTLHRl8zxmKgQ0= | 6331.22 | 9.43157 | 2468.82 | -0.980313 | 0.197452 | 0 | none | -1 | 180 | 0 | 0 | 0 | 0 | 0 | 0 | 0 | 0 | 1 | camera | no_target | -0.980313 | -0 | 0.197452 | -0.980313 | 0
SCRIPT       : DATA_LOG | 460580 | VEZjSxlcpgu1JLRUfHGLLLMsm0wqbyJ6fy2rl33V8jg= | 12906.3 | 4.60052 | 9673.01 | -0.14021 | -0.990122 | 0 | none | 1 | 50.0627 | 2.04809 | 0 | 1 | 1 | 0 | 0 | 0 | 0 | 1 | camera | target | -0.14021 | 0 | -0.990122 | -0.14021
SCRIPT       : DATA_LOG | 460605 | aRapBi1cCZPZAGLIDny3dk3hQ8vTmNTLHRl8zxmKgQ0= | 6331.22 | 9.43157 | 2468.82 | -0.980313 | 0.197452 | 0 | none | -1 | 180 | 0 | 0 | 0 | 0 | 0 | 0 | 0 | 0 | 1 | camera | no_target | -0.980313 | -0 | 0.197452 | -0.980313 | 0
SCRIPT       : DATA_LOG | 461581 | VEZjSxlcpgu1JLRUfHGLLLMsm0wqbyJ6fy2rl33V8jg= | 12906.3 | 4.60052 | 9673.01 | -0.14021 | -0.990122 | 0 | none | 1 | 50.2166 | 2.04262 | 0 | 1 | 1 | 0 | 0 | 0 | 0 | 1 | camera | target | -0.14021 | 0 | -0.990122 | -0.14021
SCRIPT       : DATA_LOG | 461602 | aRapBi1cCZPZAGLIDny3dk3hQ8vTmNTLHRl8zxmKgQ0= | 6330.9 | 9.4312 | 2469.42 | -0.689718 | -0.724078 | 0 | none | -1 | 180 | 0 | 0 | 0 | 0 | 0 | 0 | 0 | 0 | 1 | camera | no_target | -0.689718 | 0 | -0.724078 | -0.689718 | 0 
SCRIPT       : DATA_LOG | 462593 | VEZjSxlcpgu1JLRUfHGLLLMsm0wqbyJ6fy2rl33V8jg= | 12906.3 | 4.60052 | 9673.01 | -0.14021 | -0.990122 | 0 | none | 1 | 50.0862 | 2.04631 | 0 | 1 | 1 | 0 | 0 | 0 | 0 | 1 | camera | target | -0.14021 | 0 | -0.990122 | -0.14021
SCRIPT       : DATA_LOG | 462631 | aRapBi1cCZPZAGLIDny3dk3hQ8vTmNTLHRl8zxmKgQ0= | 6330.71 | 9.44134 | 2466.95 | -0.829807 | -0.558051 | 0 | none | -1 | 180 | 0 | 0 | 0 | 0 | 0 | 0 | 0 | 0 | 1 | camera | no_target | -0.829807 | 0 | -0.558051 | -0.829807 | 
SCRIPT       : DATA_LOG | 463583 | VEZjSxlcpgu1JLRUfHGLLLMsm0wqbyJ6fy2rl33V8jg= | 12906.3 | 4.60052 | 9673.01 | -0.14021 | -0.990122 | 0 | none | 1 | 50.1358 | 2.0439 | 0 | 1 | 1 | 0 | 0 | 0 | 0 | 1 | camera | target | -0.14021 | 0 | -0.990122 | -0.14021 
SCRIPT       : DATA_LOG | 463604 | aRapBi1cCZPZAGLIDny3dk3hQ8vTmNTLHRl8zxmKgQ0= | 6330.69 | 9.44214 | 2466.89 | -0.829807 | -0.558051 | 0 | none | -1 | 180 | 0 | 0 | 0 | 0 | 0 | 0 | 0 | 0 | 1 | camera | no_target | -0.829807 | 0 | -0.558051 | -0.829807 | 
SCRIPT       : DATA_LOG | 464587 | VEZjSxlcpgu1JLRUfHGLLLMsm0wqbyJ6fy2rl33V8jg= | 12906.3 | 4.60052 | 9673.01 | -0.14021 | -0.990122 | 0 | none | 1 | 50.1271 | 2.04611 | 0 | 1 | 1 | 0 | 0 | 0 | 0 | 1 | camera | target | -0.14021 | 0 | -0.990122 | -0.14021
SCRIPT       : DATA_LOG | 464615 | aRapBi1cCZPZAGLIDny3dk3hQ8vTmNTLHRl8zxmKgQ0= | 6330.69 | 9.44214 | 2466.89 | -0.829807 | -0.558051 | 0 | none | -1 | 180 | 0 | 0 | 0 | 0 | 0 | 0 | 0 | 0 | 1 | camera | no_target | -0.829807 | 0 | -0.558051 | -0.829807 | 
SCRIPT       : DATA_LOG | 465584 | VEZjSxlcpgu1JLRUfHGLLLMsm0wqbyJ6fy2rl33V8jg= | 12906.3 | 4.60052 | 9673.01 | -0.14021 | -0.990122 | 0 | none | 1 | 49.8927 | 2.0548 | 0 | 1 | 1 | 0 | 0 | 0 | 0 | 1 | camera | target | -0.14021 | 0 | -0.990122 | -0.14021 
SCRIPT       : DATA_LOG | 465610 | aRapBi1cCZPZAGLIDny3dk3hQ8vTmNTLHRl8zxmKgQ0= | 6330.69 | 9.44214 | 2466.89 | -0.829807 | -0.558051 | 0 | none | -1 | 180 | 0 | 0 | 0 | 0 | 0 | 0 | 0 | 0 | 1 | camera | no_target | -0.829807 | 0 | -0.558051 | -0.829807 | 
SCRIPT       : DATA_LOG | 466589 | VEZjSxlcpgu1JLRUfHGLLLMsm0wqbyJ6fy2rl33V8jg= | 12906.3 | 4.60052 | 9673.01 | -0.14021 | -0.990122 | 0 | none | 1 | 50.1958 | 2.04237 | 0 | 1 | 1 | 0 | 0 | 0 | 0 | 1 | camera | target | -0.14021 | 0 | -0.990122 | -0.14021
SCRIPT       : DATA_LOG | 466615 | aRapBi1cCZPZAGLIDny3dk3hQ8vTmNTLHRl8zxmKgQ0= | 6330.69 | 9.44214 | 2466.89 | -0.829807 | -0.558051 | 0 | none | -1 | 180 | 0 | 0 | 0 | 0 | 0 | 0 | 0 | 0 | 1 | camera | no_target | -0.829807 | 0 | -0.558051 | -0.829807 | 
SCRIPT       : DATA_LOG | 467590 | VEZjSxlcpgu1JLRUfHGLLLMsm0wqbyJ6fy2rl33V8jg= | 12906.3 | 4.60052 | 9673.01 | -0.14021 | -0.990122 | 0 | none | 1 | 50.0442 | 2.04881 | 0 | 1 | 1 | 0 | 0 | 0 | 0 | 1 | camera | target | -0.14021 | 0 | -0.990122 | -0.14021
SCRIPT       : DATA_LOG | 467620 | aRapBi1cCZPZAGLIDny3dk3hQ8vTmNTLHRl8zxmKgQ0= | 6330.69 | 9.44214 | 2466.89 | -0.829807 | -0.558051 | 0 | none | -1 | 180 | 0 | 0 | 0 | 0 | 0 | 0 | 0 | 0 | 1 | camera | no_target | -0.829807 | 0 | -0.558051 | -0.829807 | 
SCRIPT       : DATA_LOG | 468587 | VEZjSxlcpgu1JLRUfHGLLLMsm0wqbyJ6fy2rl33V8jg= | 12906.3 | 4.60052 | 9673.01 | -0.14021 | -0.990122 | 0 | none | 1 | 50.1781 | 2.04399 | 0 | 1 | 1 | 0 | 0 | 0 | 0 | 1 | camera | target | -0.14021 | 0 | -0.990122 | -0.14021
SCRIPT       : DATA_LOG | 468608 | aRapBi1cCZPZAGLIDny3dk3hQ8vTmNTLHRl8zxmKgQ0= | 6330.69 | 9.44214 | 2466.89 | -0.829807 | -0.558051 | 0 | none | -1 | 180 | 0 | 0 | 0 | 0 | 0 | 0 | 0 | 0 | 1 | camera | no_target | -0.829807 | 0 | -0.558051 | -0.829807 | 
SCRIPT       : DATA_LOG | 469593 | VEZjSxlcpgu1JLRUfHGLLLMsm0wqbyJ6fy2rl33V8jg= | 12906.3 | 4.60052 | 9673.01 | -0.14021 | -0.990122 | 0 | none | 1 | 50.1291 | 2.04491 | 0 | 1 | 1 | 0 | 0 | 0 | 0 | 1 | camera | target | -0.14021 | 0 | -0.990122 | -0.14021
SCRIPT       : DATA_LOG | 469617 | aRapBi1cCZPZAGLIDny3dk3hQ8vTmNTLHRl8zxmKgQ0= | 6330.69 | 9.44214 | 2466.89 | -0.829807 | -0.558051 | 0 | none | -1 | 180 | 0 | 0 | 0 | 0 | 0 | 0 | 0 | 0 | 1 | camera | no_target | -0.829807 | 0 | -0.558051 | -0.829807 | 
SCRIPT       : DATA_LOG | 470589 | VEZjSxlcpgu1JLRUfHGLLLMsm0wqbyJ6fy2rl33V8jg= | 12906.3 | 4.60052 | 9673.01 | -0.14021 | -0.990122 | 0 | none | 1 | 50.0476 | 2.04768 | 0 | 1 | 1 | 0 | 0 | 0 | 0 | 1 | camera | target | -0.14021 | 0 | -0.990122 | -0.14021
SCRIPT       : DATA_LOG | 470610 | aRapBi1cCZPZAGLIDny3dk3hQ8vTmNTLHRl8zxmKgQ0= | 6330.69 | 9.44214 | 2466.89 | -0.829807 | -0.558051 | 0 | none | -1 | 180 | 0 | 0 | 0 | 0 | 0 | 0 | 0 | 0 | 1 | camera | no_target | -0.829807 | 0 | -0.558051 | -0.829807 | 
SCRIPT       : DATA_LOG | 471591 | VEZjSxlcpgu1JLRUfHGLLLMsm0wqbyJ6fy2rl33V8jg= | 12906.3 | 4.60052 | 9673.01 | -0.14021 | -0.990122 | 0 | none | 1 | 50.2035 | 2.04313 | 0 | 1 | 1 | 0 | 0 | 0 | 0 | 1 | camera | target | -0.14021 | 0 | -0.990122 | -0.14021
SCRIPT       : DATA_LOG | 471611 | aRapBi1cCZPZAGLIDny3dk3hQ8vTmNTLHRl8zxmKgQ0= | 6330.69 | 9.44214 | 2466.89 | -0.829807 | -0.558051 | 0 | none | -1 | 180 | 0 | 0 | 0 | 0 | 0 | 0 | 0 | 0 | 1 | camera | no_target | -0.829807 | 0 | -0.558051 | -0.829807 | 
SCRIPT       : DATA_LOG | 472597 | VEZjSxlcpgu1JLRUfHGLLLMsm0wqbyJ6fy2rl33V8jg= | 12906.3 | 4.60052 | 9673.01 | -0.14021 | -0.990122 | 0 | none | 1 | 49.8537 | 2.05635 | 0 | 1 | 1 | 0 | 0 | 0 | 0 | 1 | camera | target | -0.14021 | 0 | -0.990122 | -0.14021
SCRIPT       : DATA_LOG | 472622 | aRapBi1cCZPZAGLIDny3dk3hQ8vTmNTLHRl8zxmKgQ0= | 6330.69 | 9.44214 | 2466.89 | -0.829807 | -0.558051 | 0 | none | -1 | 180 | 0 | 0 | 0 | 0 | 0 | 0 | 0 | 0 | 1 | camera | no_target | -0.829807 | 0 | -0.558051 | -0.829807 | 
SCRIPT       : DATA_LOG | 473595 | VEZjSxlcpgu1JLRUfHGLLLMsm0wqbyJ6fy2rl33V8jg= | 12906.3 | 4.60052 | 9673.01 | -0.14021 | -0.990122 | 0 | none | 1 | 50.1763 | 2.04326 | 0 | 1 | 1 | 0 | 0 | 0 | 0 | 1 | camera | target | -0.14021 | 0 | -0.990122 | -0.14021
SCRIPT       : DATA_LOG | 473618 | aRapBi1cCZPZAGLIDny3dk3hQ8vTmNTLHRl8zxmKgQ0= | 6330.69 | 9.44214 | 2466.89 | -0.829807 | -0.558051 | 0 | none | -1 | 180 | 0 | 0 | 0 | 0 | 0 | 0 | 0 | 0 | 1 | camera | no_target | -0.829807 | 0 | -0.558051 | -0.829807 | 
SCRIPT       : DATA_LOG | 474596 | VEZjSxlcpgu1JLRUfHGLLLMsm0wqbyJ6fy2rl33V8jg= | 12906.3 | 4.60052 | 9673.01 | -0.14021 | -0.990122 | 0 | none | 1 | 50.0451 | 2.04885 | 0 | 1 | 1 | 0 | 0 | 0 | 0 | 1 | camera | target | -0.14021 | 0 | -0.990122 | -0.14021
SCRIPT       : DATA_LOG | 474618 | aRapBi1cCZPZAGLIDny3dk3hQ8vTmNTLHRl8zxmKgQ0= | 6330.69 | 9.44214 | 2466.89 | -0.829807 | -0.558051 | 0 | none | -1 | 180 | 0 | 0 | 0 | 0 | 0 | 0 | 0 | 0 | 1 | camera | no_target | -0.829807 | 0 | -0.558051 | -0.829807 | 
SCRIPT       : DATA_LOG | 475599 | VEZjSxlcpgu1JLRUfHGLLLMsm0wqbyJ6fy2rl33V8jg= | 12906.3 | 4.60052 | 9673.01 | -0.14021 | -0.990122 | 0 | none | 1 | 50.1763 | 2.04412 | 0 | 1 | 1 | 0 | 0 | 0 | 0 | 1 | camera | target | -0.14021 | 0 | -0.990122 | -0.14021
SCRIPT       : DATA_LOG | 475625 | aRapBi1cCZPZAGLIDny3dk3hQ8vTmNTLHRl8zxmKgQ0= | 6330.69 | 9.44214 | 2466.89 | -0.829807 | -0.558051 | 0 | none | -1 | 180 | 0 | 0 | 0 | 0 | 0 | 0 | 0 | 0 | 1 | camera | no_target | -0.829807 | 0 | -0.558051 | -0.829807 | 
SCRIPT       : DATA_LOG | 476600 | VEZjSxlcpgu1JLRUfHGLLLMsm0wqbyJ6fy2rl33V8jg= | 12906.3 | 4.60052 | 9673.01 | -0.14021 | -0.990122 | 0 | none | 1 | 50.1307 | 2.04498 | 0 | 1 | 1 | 0 | 0 | 0 | 0 | 1 | camera | target | -0.14021 | 0 | -0.990122 | -0.14021
SCRIPT       : DATA_LOG | 476622 | aRapBi1cCZPZAGLIDny3dk3hQ8vTmNTLHRl8zxmKgQ0= | 6330.69 | 9.44214 | 2466.89 | -0.829807 | -0.558051 | 0 | none | -1 | 180 | 0 | 0 | 0 | 0 | 0 | 0 | 0 | 0 | 1 | camera | no_target | -0.829807 | 0 | -0.558051 | -0.829807 | 
SCRIPT       : DATA_LOG | 477602 | VEZjSxlcpgu1JLRUfHGLLLMsm0wqbyJ6fy2rl33V8jg= | 12906.3 | 4.60052 | 9673.01 | -0.14021 | -0.990122 | 0 | none | 1 | 49.9921 | 2.05003 | 0 | 1 | 1 | 0 | 0 | 0 | 0 | 1 | camera | target | -0.14021 | 0 | -0.990122 | -0.14021
SCRIPT       : DATA_LOG | 477628 | aRapBi1cCZPZAGLIDny3dk3hQ8vTmNTLHRl8zxmKgQ0= | 6330.69 | 9.44214 | 2466.89 | -0.829807 | -0.558051 | 0 | none | -1 | 180 | 0 | 0 | 0 | 0 | 0 | 0 | 0 | 0 | 1 | camera | no_target | -0.829807 | 0 | -0.558051 | -0.829807 | 
SCRIPT       : DATA_LOG | 478604 | VEZjSxlcpgu1JLRUfHGLLLMsm0wqbyJ6fy2rl33V8jg= | 12906.3 | 4.60052 | 9673.01 | -0.14021 | -0.990122 | 0 | none | 1 | 50.2387 | 2.04139 | 0 | 1 | 1 | 0 | 0 | 0 | 0 | 1 | camera | target | -0.14021 | 0 | -0.990122 | -0.14021
SCRIPT       : DATA_LOG | 478630 | aRapBi1cCZPZAGLIDny3dk3hQ8vTmNTLHRl8zxmKgQ0= | 6330.69 | 9.44214 | 2466.89 | -0.829807 | -0.558051 | 0 | none | -1 | 180 | 0 | 0 | 0 | 0 | 0 | 0 | 0 | 0 | 1 | camera | no_target | -0.829807 | 0 | -0.558051 | -0.829807 | 
SCRIPT       : DATA_LOG | 479606 | VEZjSxlcpgu1JLRUfHGLLLMsm0wqbyJ6fy2rl33V8jg= | 12906.3 | 4.60052 | 9673.01 | -0.14021 | -0.990122 | 0 | none | 1 | 49.8551 | 2.05642 | 0 | 1 | 1 | 0 | 0 | 0 | 0 | 1 | camera | target | -0.14021 | 0 | -0.990122 | -0.14021
SCRIPT       : DATA_LOG | 479636 | aRapBi1cCZPZAGLIDny3dk3hQ8vTmNTLHRl8zxmKgQ0= | 6330.69 | 9.44214 | 2466.89 | -0.829807 | -0.558051 | 0 | none | -1 | 180 | 0 | 0 | 0 | 0 | 0 | 0 | 0 | 0 | 1 | camera | no_target | -0.829807 | 0 | -0.558051 | -0.829807 | 
SCRIPT       : DATA_LOG | 480603 | VEZjSxlcpgu1JLRUfHGLLLMsm0wqbyJ6fy2rl33V8jg= | 12906.3 | 4.60052 | 9673.01 | -0.14021 | -0.990122 | 0 | none | 1 | 50.1389 | 2.04489 | 0 | 1 | 1 | 0 | 0 | 0 | 0 | 1 | camera | target | -0.14021 | 0 | -0.990122 | -0.14021
SCRIPT       : DATA_LOG | 480628 | aRapBi1cCZPZAGLIDny3dk3hQ8vTmNTLHRl8zxmKgQ0= | 6330.69 | 9.44214 | 2466.89 | -0.829807 | -0.558051 | 0 | none | -1 | 180 | 0 | 0 | 0 | 0 | 0 | 0 | 0 | 0 | 1 | camera | no_target | -0.829807 | 0 | -0.558051 | -0.829807 | 
SCRIPT       : DATA_LOG | 481608 | VEZjSxlcpgu1JLRUfHGLLLMsm0wqbyJ6fy2rl33V8jg= | 12906.3 | 4.60052 | 9673.01 | -0.14021 | -0.990122 | 0 | none | 1 | 50.0648 | 2.04797 | 0 | 1 | 1 | 0 | 0 | 0 | 0 | 1 | camera | target | -0.14021 | 0 | -0.990122 | -0.14021
SCRIPT       : DATA_LOG | 481634 | aRapBi1cCZPZAGLIDny3dk3hQ8vTmNTLHRl8zxmKgQ0= | 6330.69 | 9.44214 | 2466.89 | -0.829807 | -0.558051 | 0 | none | -1 | 180 | 0 | 0 | 0 | 0 | 0 | 0 | 0 | 0 | 1 | camera | no_target | -0.829807 | 0 | -0.558051 | -0.829807 | 
SCRIPT       : DATA_LOG | 482605 | VEZjSxlcpgu1JLRUfHGLLLMsm0wqbyJ6fy2rl33V8jg= | 12906.3 | 4.60052 | 9673.01 | -0.14021 | -0.990122 | 0 | none | 1 | 50.1547 | 2.04471 | 0 | 1 | 1 | 0 | 0 | 0 | 0 | 1 | camera | target | -0.14021 | 0 | -0.990122 | -0.14021
SCRIPT       : DATA_LOG | 482633 | aRapBi1cCZPZAGLIDny3dk3hQ8vTmNTLHRl8zxmKgQ0= | 6330.69 | 9.44214 | 2466.89 | -0.829807 | -0.558051 | 0 | none | -1 | 180 | 0 | 0 | 0 | 0 | 0 | 0 | 0 | 0 | 1 | camera | no_target | -0.829807 | 0 | -0.558051 | -0.829807 | 
SCRIPT       : DATA_LOG | 483606 | VEZjSxlcpgu1JLRUfHGLLLMsm0wqbyJ6fy2rl33V8jg= | 12906.3 | 4.60052 | 9673.01 | -0.14021 | -0.990122 | 0 | none | 1 | 50.1741 | 2.0436 | 0 | 1 | 1 | 0 | 0 | 0 | 0 | 1 | camera | target | -0.14021 | 0 | -0.990122 | -0.14021 
SCRIPT       : DATA_LOG | 483630 | aRapBi1cCZPZAGLIDny3dk3hQ8vTmNTLHRl8zxmKgQ0= | 6330.69 | 9.44214 | 2466.89 | -0.829807 | -0.558051 | 0 | none | -1 | 180 | 0 | 0 | 0 | 0 | 0 | 0 | 0 | 0 | 1 | camera | no_target | -0.829807 | 0 | -0.558051 | -0.829807 | 
SCRIPT       : DATA_LOG | 484610 | VEZjSxlcpgu1JLRUfHGLLLMsm0wqbyJ6fy2rl33V8jg= | 12906.3 | 4.60052 | 9673.01 | -0.14021 | -0.990122 | 0 | none | 1 | 49.9723 | 2.05091 | 0 | 1 | 1 | 0 | 0 | 0 | 0 | 1 | camera | target | -0.14021 | 0 | -0.990122 | -0.14021
SCRIPT       : DATA_LOG | 484639 | aRapBi1cCZPZAGLIDny3dk3hQ8vTmNTLHRl8zxmKgQ0= | 6330.69 | 9.44214 | 2466.89 | -0.829807 | -0.558051 | 0 | none | -1 | 180 | 0 | 0 | 0 | 0 | 0 | 0 | 0 | 0 | 1 | camera | no_target | -0.829807 | 0 | -0.558051 | -0.829807 | 
SCRIPT       : DATA_LOG | 485610 | VEZjSxlcpgu1JLRUfHGLLLMsm0wqbyJ6fy2rl33V8jg= | 12906.3 | 4.60052 | 9673.01 | -0.14021 | -0.990122 | 0 | none | 1 | 50.2724 | 2.0396 | 0 | 1 | 1 | 0 | 0 | 0 | 0 | 1 | camera | target | -0.14021 | 0 | -0.990122 | -0.14021 
SCRIPT       : DATA_LOG | 485629 | aRapBi1cCZPZAGLIDny3dk3hQ8vTmNTLHRl8zxmKgQ0= | 6330.69 | 9.44214 | 2466.89 | -0.829807 | -0.558051 | 0 | none | -1 | 180 | 0 | 0 | 0 | 0 | 0 | 0 | 0 | 0 | 1 | camera | no_target | -0.829807 | 0 | -0.558051 | -0.829807 | 
SCRIPT       : DATA_LOG | 486619 | VEZjSxlcpgu1JLRUfHGLLLMsm0wqbyJ6fy2rl33V8jg= | 12906.3 | 4.60052 | 9673.01 | -0.14021 | -0.990122 | 0 | none | 1 | 49.8734 | 2.05591 | 0 | 1 | 1 | 0 | 0 | 0 | 0 | 1 | camera | target | -0.14021 | 0 | -0.990122 | -0.14021
SCRIPT       : DATA_LOG | 486640 | aRapBi1cCZPZAGLIDny3dk3hQ8vTmNTLHRl8zxmKgQ0= | 6330.69 | 9.44214 | 2466.89 | -0.829807 | -0.558051 | 0 | none | -1 | 180 | 0 | 0 | 0 | 0 | 0 | 0 | 0 | 0 | 1 | camera | no_target | -0.829807 | 0 | -0.558051 | -0.829807 | 
SCRIPT       : DATA_LOG | 487613 | VEZjSxlcpgu1JLRUfHGLLLMsm0wqbyJ6fy2rl33V8jg= | 12906.3 | 4.60052 | 9673.01 | -0.14021 | -0.990122 | 0 | none | 1 | 50.0839 | 2.04728 | 0 | 1 | 1 | 0 | 0 | 0 | 0 | 1 | camera | target | -0.14021 | 0 | -0.990122 | -0.14021
SCRIPT       : DATA_LOG | 487636 | aRapBi1cCZPZAGLIDny3dk3hQ8vTmNTLHRl8zxmKgQ0= | 6330.65 | 9.44273 | 2466.85 | -0.791981 | -0.610546 | 0 | none | -1 | 180 | 0 | 0 | 0 | 0 | 0 | 0 | 0 | 0 | 1 | camera | no_target | -0.791981 | 0 | -0.610546 | -0.791981 | 
SCRIPT       : DATA_LOG | 488615 | VEZjSxlcpgu1JLRUfHGLLLMsm0wqbyJ6fy2rl33V8jg= | 12906.3 | 4.60052 | 9673.01 | -0.14021 | -0.990122 | 0 | none | 1 | 50.1018 | 2.04632 | 0 | 1 | 1 | 0 | 0 | 0 | 0 | 1 | camera | target | -0.14021 | 0 | -0.990122 | -0.14021
SCRIPT       : DATA_LOG | 488645 | aRapBi1cCZPZAGLIDny3dk3hQ8vTmNTLHRl8zxmKgQ0= | 6328.75 | 9.65697 | 2463.97 | -0.527753 | -0.849398 | 0 | none | -1 | 180 | 0 | 0 | 0 | 0 | 0 | 0 | 0 | 0 | 1 | camera | no_target | -0.527753 | 0 | -0.849398 | -0.527753 | 
SCRIPT       : DATA_LOG | 489617 | VEZjSxlcpgu1JLRUfHGLLLMsm0wqbyJ6fy2rl33V8jg= | 12906.3 | 4.60052 | 9673.01 | -0.125908 | -0.992042 | 0 | none | 1 | 50.1767 | 2.0463 | 0 | 1 | 1 | 0 | 0 | 0 | 0 | 1 | camera | target | -0.125908 | 0 | -0.992042 | -0.1259
SCRIPT       : DATA_LOG | 489643 | aRapBi1cCZPZAGLIDny3dk3hQ8vTmNTLHRl8zxmKgQ0= | 6328.71 | 9.64816 | 2461.29 | -0.974434 | 0.224674 | 0 | Engraved1911 | -1 | 180 | 0 | 0 | 0 | 0 | 0 | 0 | 0 | 0 | 1 | camera | no_target | -0.974434 | 0 | 0.224674 | -0.974
SCRIPT       : DATA_LOG | 490615 | VEZjSxlcpgu1JLRUfHGLLLMsm0wqbyJ6fy2rl33V8jg= | 12906.3 | 4.60052 | 9673.01 | -0.125909 | -0.992042 | 0 | none | 1 | 50.2585 | 2.04298 | 0 | 1 | 1 | 0 | 0 | 0 | 0 | 1 | camera | target | -0.125909 | 0 | -0.992042 | -0.125
SCRIPT       : DATA_LOG | 490636 | aRapBi1cCZPZAGLIDny3dk3hQ8vTmNTLHRl8zxmKgQ0= | 6326.29 | 9.50494 | 2463.65 | 0.196557 | 0.980492 | 0 | Engraved1911 | -1 | 180 | 0 | 0 | 0 | 0 | 0 | 0 | 0 | 0 | 1 | camera | no_target | 0.196557 | 0 | 0.980492 | 0.196557
SCRIPT       : DATA_LOG | 491618 | VEZjSxlcpgu1JLRUfHGLLLMsm0wqbyJ6fy2rl33V8jg= | 12906.2 | 4.59969 | 9673.03 | -0.147141 | -0.989116 | 0 | none | 1 | 49.7345 | 2.05403 | 0 | 1 | 1 | 0 | 0 | 0 | 0 | 1 | camera | target | -0.147141 | 0 | -0.989116 | -0.147
SCRIPT       : DATA_LOG | 491649 | aRapBi1cCZPZAGLIDny3dk3hQ8vTmNTLHRl8zxmKgQ0= | 6328.86 | 9.44317 | 2468.44 | 0.660181 | 0.751107 | 0 | none | -1 | 180 | 0 | 0 | 0 | 0 | 0 | 0 | 0 | 0 | 1 | camera | no_target | 0.660181 | 0 | 0.751107 | 0.660181 | 0 | 0
SCRIPT       : DATA_LOG | 492622 | VEZjSxlcpgu1JLRUfHGLLLMsm0wqbyJ6fy2rl33V8jg= | 12906 | 4.6073 | 9673.4 | -0.107404 | -0.994216 | 0 | none | 1 | 43.1278 | 2.28326 | 0 | 1 | 1 | 0 | 0 | 0 | 0 | 1 | camera | target | -0.107404 | 0 | -0.994216 | -0.107404 
SCRIPT       : DATA_LOG | 492658 | aRapBi1cCZPZAGLIDny3dk3hQ8vTmNTLHRl8zxmKgQ0= | 6330.41 | 9.42769 | 2472.49 | 0.756464 | 0.654036 | 0 | none | -1 | 180 | 0 | 0 | 0 | 0 | 0 | 0 | 0 | 0 | 1 | camera | no_target | 0.756464 | 0 | 0.654036 | 0.756464 | 0 | 0
SCRIPT       : DATA_LOG | 493622 | VEZjSxlcpgu1JLRUfHGLLLMsm0wqbyJ6fy2rl33V8jg= | 12906 | 4.87683 | 9673.38 | -0.0353155 | -0.999376 | 0 | none | 1 | 37.9373 | 2.09947 | 0 | 1 | 1 | 0 | 0 | 0 | 0 | 1 | camera | target | -0.0353155 | 0 | -0.999376 | -0.035
SCRIPT       : DATA_LOG | 493648 | aRapBi1cCZPZAGLIDny3dk3hQ8vTmNTLHRl8zxmKgQ0= | 6330.92 | 9.42374 | 2476.32 | 0.831625 | 0.555337 | 0 | none | -1 | 180 | 0 | 0 | 0 | 0 | 0 | 0 | 0 | 0 | 1 | camera | no_target | 0.831625 | 0 | 0.555337 | 0.831625 | 0 | 0
SCRIPT       : DATA_LOG | 494621 | VEZjSxlcpgu1JLRUfHGLLLMsm0wqbyJ6fy2rl33V8jg= | 12906 | 4.60465 | 9673.34 | -0.0330442 | -0.999454 | 0 | none | 1 | 44.0828 | 2.24557 | 0 | 1 | 1 | 0 | 0 | 0 | 0 | 1 | camera | target | -0.0330442 | 0 | -0.999454 | -0.033
SCRIPT       : DATA_LOG | 494643 | aRapBi1cCZPZAGLIDny3dk3hQ8vTmNTLHRl8zxmKgQ0= | 6332.47 | 9.42129 | 2480.32 | 0.851933 | 0.523651 | 0 | none | -1 | 180 | 0 | 0 | 0 | 0 | 0 | 0 | 0 | 0 | 1 | camera | no_target | 0.851933 | 0 | 0.523651 | 0.851933 | 0 | 0
SCRIPT       : DATA_LOG | 495627 | VEZjSxlcpgu1JLRUfHGLLLMsm0wqbyJ6fy2rl33V8jg= | 12906 | 4.60465 | 9673.34 | -0.0330444 | -0.999454 | 0 | none | 1 | 44.2014 | 2.23901 | 0 | 1 | 1 | 0 | 0 | 0 | 0 | 1 | camera | target | -0.0330444 | 0 | -0.999454 | -0.033
SCRIPT       : DATA_LOG | 495657 | aRapBi1cCZPZAGLIDny3dk3hQ8vTmNTLHRl8zxmKgQ0= | 6337.06 | 9.40775 | 2481.29 | 0.995598 | -0.093726 | 0 | none | -1 | 180 | 0 | 0 | 0 | 0 | 0 | 0 | 0 | 0 | 1 | camera | no_target | 0.995598 | 0 | -0.093726 | 0.995598 | 0 |
SCRIPT       : DATA_LOG | 496626 | VEZjSxlcpgu1JLRUfHGLLLMsm0wqbyJ6fy2rl33V8jg= | 12906 | 4.60465 | 9673.34 | -0.0330445 | -0.999454 | 0 | none | 1 | 44.1433 | 2.24234 | 0 | 1 | 1 | 0 | 0 | 0 | 0 | 1 | camera | target | -0.0330445 | 0 | -0.999454 | -0.033
SCRIPT       : DATA_LOG | 496648 | aRapBi1cCZPZAGLIDny3dk3hQ8vTmNTLHRl8zxmKgQ0= | 6342 | 9.57525 | 2479.2 | 0.292235 | -0.956347 | 0 | none | -1 | 180 | 0 | 0 | 0 | 0 | 0 | 0 | 0 | 0 | 1 | camera | no_target | 0.292235 | 0 | -0.956347 | 0.292235 | 0 | -0.
SCRIPT       : DATA_LOG | 497629 | VEZjSxlcpgu1JLRUfHGLLLMsm0wqbyJ6fy2rl33V8jg= | 12906 | 4.60465 | 9673.34 | -0.0330446 | -0.999454 | 0 | none | 1 | 44.2456 | 2.23783 | 0 | 1 | 1 | 0 | 0 | 0 | 0 | 1 | camera | target | -0.0330446 | 0 | -0.999454 | -0.033
SCRIPT       : DATA_LOG | 497657 | aRapBi1cCZPZAGLIDny3dk3hQ8vTmNTLHRl8zxmKgQ0= | 6340.27 | 9.56062 | 2475.78 | 0.527995 | -0.849248 | 0 | none | -1 | 180 | 0 | 0 | 0 | 0 | 0 | 0 | 0 | 0 | 1 | camera | no_target | 0.527995 | 0 | -0.849248 | 0.527995 | 0 |
SCRIPT       : DATA_LOG | 498631 | VEZjSxlcpgu1JLRUfHGLLLMsm0wqbyJ6fy2rl33V8jg= | 12906 | 4.60465 | 9673.34 | -0.0330447 | -0.999454 | 0 | none | 1 | 44.1092 | 2.24363 | 0 | 1 | 1 | 0 | 0 | 0 | 0 | 1 | camera | target | -0.0330447 | 0 | -0.999454 | -0.033
SCRIPT       : DATA_LOG | 498655 | aRapBi1cCZPZAGLIDny3dk3hQ8vTmNTLHRl8zxmKgQ0= | 6340.73 | 9.80617 | 2473.41 | 0.978904 | -0.204321 | 0 | none | -1 | 180 | 0 | 0 | 0 | 0 | 0 | 0 | 0 | 0 | 1 | camera | no_target | 0.978904 | 0 | -0.204321 | 0.978904 | 0 |
SCRIPT       : DATA_LOG | 499627 | VEZjSxlcpgu1JLRUfHGLLLMsm0wqbyJ6fy2rl33V8jg= | 12906 | 4.60465 | 9673.34 | -0.0330448 | -0.999454 | 0 | none | 1 | 44.2226 | 2.23705 | 0 | 1 | 1 | 0 | 0 | 0 | 0 | 1 | camera | target | -0.0330448 | 0 | -0.999454 | -0.033
SCRIPT       : DATA_LOG | 499651 | aRapBi1cCZPZAGLIDny3dk3hQ8vTmNTLHRl8zxmKgQ0= | 6340.86 | 9.73901 | 2474.59 | -0.013286 | 0.999912 | 0 | none | -1 | 180 | 0 | 0 | 0 | 0 | 0 | 0 | 0 | 0 | 1 | camera | no_target | -0.013286 | 0 | 0.999912 | -0.013286 | 0 
SCRIPT       : DATA_LOG | 500633 | VEZjSxlcpgu1JLRUfHGLLLMsm0wqbyJ6fy2rl33V8jg= | 12906 | 4.60465 | 9673.34 | -0.0330449 | -0.999454 | 0 | none | 1 | 44.1025 | 2.245 | 0 | 1 | 1 | 0 | 0 | 0 | 0 | 1 | camera | target | -0.0330449 | 0 | -0.999454 | -0.03304
SCRIPT       : DATA_LOG | 500660 | aRapBi1cCZPZAGLIDny3dk3hQ8vTmNTLHRl8zxmKgQ0= | 6345.3 | 9.40198 | 2478.14 | 0.842243 | -0.539098 | 0 | none | -1 | 180 | 0 | 0 | 0 | 0 | 0 | 0 | 0 | 0 | 1 | camera | no_target | 0.842243 | 0 | -0.539098 | 0.842243 | 0 | 
SCRIPT       : DATA_LOG | 501631 | VEZjSxlcpgu1JLRUfHGLLLMsm0wqbyJ6fy2rl33V8jg= | 12906 | 4.60465 | 9673.34 | -0.033045 | -0.999454 | 0 | none | 1 | 44.0372 | 2.24796 | 0 | 1 | 1 | 0 | 0 | 0 | 0 | 1 | camera | target | -0.033045 | 0 | -0.999454 | -0.03304
SCRIPT       : DATA_LOG | 501654 | aRapBi1cCZPZAGLIDny3dk3hQ8vTmNTLHRl8zxmKgQ0= | 6349.48 | 9.50694 | 2473.51 | 0.659079 | -0.752074 | 0 | none | -1 | 180 | 0 | 0 | 0 | 0 | 0 | 0 | 0 | 0 | 1 | camera | no_target | 0.659079 | 0 | -0.752074 | 0.659079 | 0 |
SCRIPT       : DATA_LOG | 502638 | VEZjSxlcpgu1JLRUfHGLLLMsm0wqbyJ6fy2rl33V8jg= | 12906 | 4.60465 | 9673.34 | -0.0330451 | -0.999454 | 0 | none | 1 | 44.23 | 2.23737 | 0 | 1 | 1 | 0 | 0 | 0 | 0 | 1 | camera | target | -0.0330451 | 0 | -0.999454 | -0.03304
SCRIPT       : DATA_LOG | 502659 | aRapBi1cCZPZAGLIDny3dk3hQ8vTmNTLHRl8zxmKgQ0= | 6349.48 | 9.50694 | 2473.51 | 0.659079 | -0.752074 | 0 | none | -1 | 180 | 0 | 0 | 0 | 0 | 0 | 0 | 0 | 0 | 1 | camera | no_target | 0.659079 | 0 | -0.752074 | 0.659079 | 0 |
SCRIPT       : DATA_LOG | 503632 | VEZjSxlcpgu1JLRUfHGLLLMsm0wqbyJ6fy2rl33V8jg= | 12906 | 4.60465 | 9673.34 | -0.0330452 | -0.999454 | 0 | none | 1 | 44.1255 | 2.24307 | 0 | 1 | 1 | 0 | 0 | 0 | 0 | 1 | camera | target | -0.0330452 | 0 | -0.999454 | -0.033
SCRIPT       : DATA_LOG | 503652 | aRapBi1cCZPZAGLIDny3dk3hQ8vTmNTLHRl8zxmKgQ0= | 6349.48 | 9.50694 | 2473.51 | 0.659079 | -0.752074 | 0 | none | -1 | 180 | 0 | 0 | 0 | 0 | 0 | 0 | 0 | 0 | 1 | camera | no_target | 0.659079 | 0 | -0.752074 | 0.659079 | 0 |
SCRIPT       : DATA_LOG | 504642 | VEZjSxlcpgu1JLRUfHGLLLMsm0wqbyJ6fy2rl33V8jg= | 12906 | 4.60465 | 9673.34 | -0.0330454 | -0.999454 | 0 | none | 1 | 44.2467 | 2.23788 | 0 | 1 | 1 | 0 | 0 | 0 | 0 | 1 | camera | target | -0.0330454 | 0 | -0.999454 | -0.033
SCRIPT       : DATA_LOG | 504671 | aRapBi1cCZPZAGLIDny3dk3hQ8vTmNTLHRl8zxmKgQ0= | 6350.47 | 9.57571 | 2472.44 | 0.683437 | -0.73001 | 0 | none | -1 | 180 | 0 | 0 | 0 | 0 | 0 | 0 | 0 | 0 | 1 | camera | no_target | 0.683437 | 0 | -0.73001 | 0.683437 | 0 | -
SCRIPT       : DATA_LOG | 505636 | VEZjSxlcpgu1JLRUfHGLLLMsm0wqbyJ6fy2rl33V8jg= | 12906 | 4.60465 | 9673.34 | -0.0330455 | -0.999454 | 0 | none | 1 | 44.1233 | 2.24276 | 0 | 1 | 1 | 0 | 0 | 0 | 0 | 1 | camera | target | -0.0330455 | 0 | -0.999454 | -0.033
SCRIPT       : DATA_LOG | 505656 | aRapBi1cCZPZAGLIDny3dk3hQ8vTmNTLHRl8zxmKgQ0= | 6351.71 | 9.6288 | 2471.6 | 0.996747 | -0.0805922 | 0 | none | -1 | 180 | 0 | 0 | 0 | 0 | 0 | 0 | 0 | 0 | 1 | camera | no_target | 0.996747 | 0 | -0.0805922 | 0.996747 | 0 |
SCRIPT       : DATA_LOG | 506639 | VEZjSxlcpgu1JLRUfHGLLLMsm0wqbyJ6fy2rl33V8jg= | 12906 | 4.60465 | 9673.34 | -0.0330456 | -0.999454 | 0 | none | 1 | 44.1923 | 2.23858 | 0 | 1 | 1 | 0 | 0 | 0 | 0 | 1 | camera | target | -0.0330456 | 0 | -0.999454 | -0.033
SCRIPT       : DATA_LOG | 506663 | aRapBi1cCZPZAGLIDny3dk3hQ8vTmNTLHRl8zxmKgQ0= | 6353.05 | 9.76026 | 2470.04 | -0.0242382 | -0.999706 | 0 | none | -1 | 180 | 0 | 0 | 0 | 0 | 0 | 0 | 0 | 0 | 1 | camera | no_target | -0.0242382 | 0 | -0.999706 | -0.0242382
SCRIPT       : DATA_LOG | 507638 | VEZjSxlcpgu1JLRUfHGLLLMsm0wqbyJ6fy2rl33V8jg= | 12906 | 4.60465 | 9673.34 | -0.0330457 | -0.999454 | 0 | none | 1 | 44.1638 | 2.24185 | 0 | 1 | 1 | 0 | 0 | 0 | 0 | 1 | camera | target | -0.0330457 | 0 | -0.999454 | -0.033
SCRIPT       : DATA_LOG | 507663 | aRapBi1cCZPZAGLIDny3dk3hQ8vTmNTLHRl8zxmKgQ0= | 6350.44 | 9.51767 | 2473.33 | -0.838741 | 0.54453 | 0 | none | -1 | 180 | 0 | 0 | 0 | 0 | 0 | 0 | 0 | 0 | 1 | camera | no_target | -0.838741 | 0 | 0.54453 | -0.838741 | 0 | 
SCRIPT       : DATA_LOG | 508643 | VEZjSxlcpgu1JLRUfHGLLLMsm0wqbyJ6fy2rl33V8jg= | 12906 | 4.60465 | 9673.34 | -0.0330458 | -0.999454 | 0 | none | 1 | 44.0064 | 2.24955 | 0 | 1 | 1 | 0 | 0 | 0 | 0 | 1 | camera | target | -0.0330458 | 0 | -0.999454 | -0.033
SCRIPT       : DATA_LOG | 508668 | aRapBi1cCZPZAGLIDny3dk3hQ8vTmNTLHRl8zxmKgQ0= | 6346.18 | 9.40036 | 2478.27 | -0.989871 | 0.141968 | 0 | none | -1 | 180 | 0 | 0 | 0 | 0 | 0 | 0 | 0 | 0 | 1 | camera | no_target | -0.989871 | 0 | 0.141968 | -0.989871 | 0 
SCRIPT       : DATA_LOG | 509641 | VEZjSxlcpgu1JLRUfHGLLLMsm0wqbyJ6fy2rl33V8jg= | 12906 | 4.60465 | 9673.34 | -0.0330459 | -0.999454 | 0 | none | 1 | 44.2287 | 2.23733 | 0 | 1 | 1 | 0 | 0 | 0 | 0 | 1 | camera | target | -0.0330459 | 0 | -0.999454 | -0.033
SCRIPT       : DATA_LOG | 509661 | aRapBi1cCZPZAGLIDny3dk3hQ8vTmNTLHRl8zxmKgQ0= | 6340.33 | 9.40817 | 2479.8 | -0.841845 | -0.53972 | 0 | none | -1 | 180 | 0 | 0 | 0 | 0 | 0 | 0 | 0 | 0 | 1 | camera | no_target | -0.841845 | 0 | -0.53972 | -0.841845 | 0 |
SCRIPT       : DATA_LOG | 510644 | VEZjSxlcpgu1JLRUfHGLLLMsm0wqbyJ6fy2rl33V8jg= | 12906 | 4.60465 | 9673.34 | -0.033046 | -0.999454 | 0 | none | 1 | 44.1104 | 2.2439 | 0 | 1 | 1 | 0 | 0 | 0 | 0 | 1 | camera | target | -0.033046 | 0 | -0.999454 | -0.033046
SCRIPT       : DATA_LOG | 510668 | aRapBi1cCZPZAGLIDny3dk3hQ8vTmNTLHRl8zxmKgQ0= | 6339.93 | 9.4088 | 2479.63 | -0.841845 | -0.53972 | 0 | none | -1 | 180 | 0 | 0 | 0 | 0 | 0 | 0 | 0 | 0 | 1 | camera | no_target | -0.841845 | 0 | -0.53972 | -0.841845 | 0 |
SCRIPT       : DATA_LOG | 511641 | VEZjSxlcpgu1JLRUfHGLLLMsm0wqbyJ6fy2rl33V8jg= | 12906 | 4.60465 | 9673.34 | -0.033046 | -0.999454 | 0 | none | 1 | 44.2327 | 2.2387 | 0 | 1 | 1 | 0 | 0 | 0 | 0 | 1 | camera | target | -0.033046 | 0 | -0.999454 | -0.033046
SCRIPT       : DATA_LOG | 511661 | aRapBi1cCZPZAGLIDny3dk3hQ8vTmNTLHRl8zxmKgQ0= | 6339.93 | 9.4088 | 2479.63 | -0.841845 | -0.53972 | 0 | none | -1 | 180 | 0 | 0 | 0 | 0 | 0 | 0 | 0 | 0 | 1 | camera | no_target | -0.841845 | 0 | -0.53972 | -0.841845 | 0 |
SCRIPT       : DATA_LOG | 512647 | VEZjSxlcpgu1JLRUfHGLLLMsm0wqbyJ6fy2rl33V8jg= | 12906 | 4.60465 | 9673.34 | -0.033046 | -0.999454 | 0 | none | 1 | 44.1566 | 2.24126 | 0 | 1 | 1 | 0 | 0 | 0 | 0 | 1 | camera | target | -0.033046 | 0 | -0.999454 | -0.03304
SCRIPT       : DATA_LOG | 512674 | aRapBi1cCZPZAGLIDny3dk3hQ8vTmNTLHRl8zxmKgQ0= | 6339.93 | 9.4088 | 2479.63 | -0.841845 | -0.53972 | 0 | none | -1 | 180 | 0 | 0 | 0 | 0 | 0 | 0 | 0 | 0 | 1 | camera | no_target | -0.841845 | 0 | -0.53972 | -0.841845 | 0 |
SCRIPT       : DATA_LOG | 513649 | VEZjSxlcpgu1JLRUfHGLLLMsm0wqbyJ6fy2rl33V8jg= | 12906 | 4.60465 | 9673.34 | -0.033046 | -0.999454 | 0 | none | 1 | 44.1209 | 2.24267 | 0 | 1 | 1 | 0 | 0 | 0 | 0 | 1 | camera | target | -0.033046 | 0 | -0.999454 | -0.03304
SCRIPT       : DATA_LOG | 513674 | aRapBi1cCZPZAGLIDny3dk3hQ8vTmNTLHRl8zxmKgQ0= | 6338.37 | 9.41149 | 2477.59 | -0.841797 | -0.539795 | 0 | none | -1 | 180 | 0 | 0 | 0 | 0 | 0 | 0 | 0 | 0 | 1 | camera | no_target | -0.841797 | 0 | -0.539795 | -0.841797 | 
SCRIPT       : DATA_LOG | 514647 | VEZjSxlcpgu1JLRUfHGLLLMsm0wqbyJ6fy2rl33V8jg= | 12906 | 4.60465 | 9673.34 | -0.033046 | -0.999454 | 0 | none | 1 | 44.225 | 2.23864 | 0 | 1 | 1 | 0 | 0 | 0 | 0 | 1 | camera | target | -0.033046 | 0 | -0.999454 | -0.033046
SCRIPT       : DATA_LOG | 514670 | aRapBi1cCZPZAGLIDny3dk3hQ8vTmNTLHRl8zxmKgQ0= | 6336.36 | 9.41738 | 2474.35 | -0.705101 | -0.709107 | 0 | none | -1 | 180 | 0 | 0 | 0 | 0 | 0 | 0 | 0 | 0 | 1 | camera | no_target | -0.705101 | 0 | -0.709107 | -0.705101 | 
SCRIPT       : DATA_LOG | 515650 | VEZjSxlcpgu1JLRUfHGLLLMsm0wqbyJ6fy2rl33V8jg= | 12906 | 4.60465 | 9673.34 | -0.033046 | -0.999454 | 0 | none | 1 | 43.976 | 2.25115 | 0 | 1 | 1 | 0 | 0 | 0 | 0 | 1 | camera | target | -0.033046 | 0 | -0.999454 | -0.033046
SCRIPT       : DATA_LOG | 515680 | aRapBi1cCZPZAGLIDny3dk3hQ8vTmNTLHRl8zxmKgQ0= | 6333.62 | 9.42496 | 2471.38 | -0.678358 | -0.734732 | 0 | none | -1 | 180 | 0 | 0 | 0 | 0 | 0 | 0 | 0 | 0 | 1 | camera | no_target | -0.678358 | 0 | -0.734732 | -0.678358 | 
SCRIPT       : DATA_LOG | 516651 | VEZjSxlcpgu1JLRUfHGLLLMsm0wqbyJ6fy2rl33V8jg= | 12906 | 4.60465 | 9673.34 | -0.033046 | -0.999454 | 0 | none | 1 | 44.2305 | 2.23744 | 0 | 1 | 1 | 0 | 0 | 0 | 0 | 1 | camera | target | -0.033046 | 0 | -0.999454 | -0.03304
SCRIPT       : DATA_LOG | 516674 | aRapBi1cCZPZAGLIDny3dk3hQ8vTmNTLHRl8zxmKgQ0= | 6334.27 | 9.5927 | 2469.86 | -0.894342 | -0.447384 | 0 | none | -1 | 180 | 0 | 0 | 0 | 0 | 0 | 0 | 0 | 0 | 1 | camera | no_target | -0.894342 | 0 | -0.447384 | -0.894342 | 0
SCRIPT       : DATA_LOG | 517651 | VEZjSxlcpgu1JLRUfHGLLLMsm0wqbyJ6fy2rl33V8jg= | 12906 | 4.60465 | 9673.34 | -0.033046 | -0.999454 | 0 | none | 1 | 44.1123 | 2.24397 | 0 | 1 | 1 | 0 | 0 | 0 | 0 | 1 | camera | target | -0.033046 | 0 | -0.999454 | -0.03304
SCRIPT       : DATA_LOG | 517674 | aRapBi1cCZPZAGLIDny3dk3hQ8vTmNTLHRl8zxmKgQ0= | 6332.59 | 9.5813 | 2467.17 | -0.896382 | -0.443282 | 0 | none | -1 | 180 | 0 | 0 | 0 | 0 | 0 | 0 | 0 | 0 | 1 | camera | no_target | -0.896382 | 0 | -0.443282 | -0.896382 | 0
SCRIPT       : DATA_LOG | 518649 | VEZjSxlcpgu1JLRUfHGLLLMsm0wqbyJ6fy2rl33V8jg= | 12906 | 4.60465 | 9673.34 | -0.033046 | -0.999454 | 0 | none | 1 | 44.2159 | 2.23947 | 0 | 1 | 1 | 0 | 0 | 0 | 0 | 1 | camera | target | -0.033046 | 0 | -0.999454 | -0.03304
SCRIPT       : DATA_LOG | 518668 | aRapBi1cCZPZAGLIDny3dk3hQ8vTmNTLHRl8zxmKgQ0= | 6332.49 | 9.58337 | 2467.13 | -0.896382 | -0.443282 | 0 | none | -1 | 180 | 0 | 0 | 0 | 0 | 0 | 0 | 0 | 0 | 1 | camera | no_target | -0.896382 | 0 | -0.443282 | -0.896382 | 
SCRIPT       : DATA_LOG | 519658 | VEZjSxlcpgu1JLRUfHGLLLMsm0wqbyJ6fy2rl33V8jg= | 12906 | 4.60465 | 9673.34 | -0.033046 | -0.999454 | 0 | none | 1 | 44.176 | 2.24063 | 0 | 1 | 1 | 0 | 0 | 0 | 0 | 1 | camera | target | -0.033046 | 0 | -0.999454 | -0.033046
SCRIPT       : DATA_LOG | 519685 | aRapBi1cCZPZAGLIDny3dk3hQ8vTmNTLHRl8zxmKgQ0= | 6332.49 | 9.58337 | 2467.13 | -0.896382 | -0.443282 | 0 | none | -1 | 180 | 0 | 0 | 0 | 0 | 0 | 0 | 0 | 0 | 1 | camera | no_target | -0.896382 | 0 | -0.443282 | -0.896382 | 
SCRIPT       : DATA_LOG | 520659 | VEZjSxlcpgu1JLRUfHGLLLMsm0wqbyJ6fy2rl33V8jg= | 12906 | 4.60465 | 9673.34 | -0.033046 | -0.999454 | 0 | none | 1 | 44.0813 | 2.24529 | 0 | 1 | 1 | 0 | 0 | 0 | 0 | 1 | camera | target | -0.033046 | 0 | -0.999454 | -0.03304
SCRIPT       : DATA_LOG | 520688 | aRapBi1cCZPZAGLIDny3dk3hQ8vTmNTLHRl8zxmKgQ0= | 6332.49 | 9.58337 | 2467.13 | -0.896382 | -0.443282 | 0 | none | -1 | 180 | 0 | 0 | 0 | 0 | 0 | 0 | 0 | 0 | 1 | camera | no_target | -0.896382 | 0 | -0.443282 | -0.896382 | 
SCRIPT       : DATA_LOG | 521659 | VEZjSxlcpgu1JLRUfHGLLLMsm0wqbyJ6fy2rl33V8jg= | 12906 | 4.60465 | 9673.34 | -0.033046 | -0.999454 | 0 | none | 1 | 44.2674 | 2.23612 | 0 | 1 | 1 | 0 | 0 | 0 | 0 | 1 | camera | target | -0.033046 | 0 | -0.999454 | -0.03304
SCRIPT       : DATA_LOG | 521692 | aRapBi1cCZPZAGLIDny3dk3hQ8vTmNTLHRl8zxmKgQ0= | 6332.49 | 9.58337 | 2467.13 | -0.896382 | -0.443282 | 0 | none | -1 | 180 | 0 | 0 | 0 | 0 | 0 | 0 | 0 | 0 | 1 | camera | no_target | -0.896382 | 0 | -0.443282 | -0.896382 | 
SCRIPT       : DATA_LOG | 522659 | VEZjSxlcpgu1JLRUfHGLLLMsm0wqbyJ6fy2rl33V8jg= | 12906 | 4.60465 | 9673.34 | -0.033046 | -0.999454 | 0 | none | 1 | 43.9614 | 2.25196 | 0 | 1 | 1 | 0 | 0 | 0 | 0 | 1 | camera | target | -0.033046 | 0 | -0.999454 | -0.03304
SCRIPT       : DATA_LOG | 522684 | aRapBi1cCZPZAGLIDny3dk3hQ8vTmNTLHRl8zxmKgQ0= | 6332.49 | 9.58337 | 2467.13 | -0.896382 | -0.443282 | 0 | none | -1 | 180 | 0 | 0 | 0 | 0 | 0 | 0 | 0 | 0 | 1 | camera | no_target | -0.896382 | 0 | -0.443282 | -0.896382 | 
SCRIPT       : DATA_LOG | 523658 | VEZjSxlcpgu1JLRUfHGLLLMsm0wqbyJ6fy2rl33V8jg= | 12906 | 4.60465 | 9673.34 | -0.033046 | -0.999454 | 0 | none | 1 | 44.2023 | 2.23913 | 0 | 1 | 1 | 0 | 0 | 0 | 0 | 1 | camera | target | -0.033046 | 0 | -0.999454 | -0.03304
SCRIPT       : DATA_LOG | 523681 | aRapBi1cCZPZAGLIDny3dk3hQ8vTmNTLHRl8zxmKgQ0= | 6332.49 | 9.58337 | 2467.13 | -0.896382 | -0.443282 | 0 | none | -1 | 180 | 0 | 0 | 0 | 0 | 0 | 0 | 0 | 0 | 1 | camera | no_target | -0.896382 | 0 | -0.443282 | -0.896382 | 
SCRIPT       : DATA_LOG | 524658 | VEZjSxlcpgu1JLRUfHGLLLMsm0wqbyJ6fy2rl33V8jg= | 12906 | 4.60465 | 9673.34 | -0.033046 | -0.999454 | 0 | none | 1 | 44.1277 | 2.24315 | 0 | 1 | 1 | 0 | 0 | 0 | 0 | 1 | camera | target | -0.033046 | 0 | -0.999454 | -0.03304
SCRIPT       : DATA_LOG | 524677 | aRapBi1cCZPZAGLIDny3dk3hQ8vTmNTLHRl8zxmKgQ0= | 6332.49 | 9.58337 | 2467.13 | -0.896382 | -0.443282 | 0 | none | -1 | 180 | 0 | 0 | 0 | 0 | 0 | 0 | 0 | 0 | 1 | camera | no_target | -0.896382 | 0 | -0.443282 | -0.896382 | 
SCRIPT       : DATA_LOG | 525657 | VEZjSxlcpgu1JLRUfHGLLLMsm0wqbyJ6fy2rl33V8jg= | 12906 | 4.60465 | 9673.34 | -0.033046 | -0.999454 | 0 | none | 1 | 44.1974 | 2.24013 | 0 | 1 | 1 | 0 | 0 | 0 | 0 | 1 | camera | target | -0.033046 | 0 | -0.999454 | -0.03304
SCRIPT       : DATA_LOG | 525675 | aRapBi1cCZPZAGLIDny3dk3hQ8vTmNTLHRl8zxmKgQ0= | 6332.49 | 9.58337 | 2467.13 | -0.896382 | -0.443282 | 0 | none | -1 | 180 | 0 | 0 | 0 | 0 | 0 | 0 | 0 | 0 | 1 | camera | no_target | -0.896382 | 0 | -0.443282 | -0.896382 | 
SCRIPT       : DATA_LOG | 526661 | VEZjSxlcpgu1JLRUfHGLLLMsm0wqbyJ6fy2rl33V8jg= | 12906 | 4.60465 | 9673.34 | -0.033046 | -0.999454 | 0 | none | 1 | 44.2114 | 2.23921 | 0 | 1 | 1 | 0 | 0 | 0 | 0 | 1 | camera | target | -0.033046 | 0 | -0.999454 | -0.03304
SCRIPT       : DATA_LOG | 526685 | aRapBi1cCZPZAGLIDny3dk3hQ8vTmNTLHRl8zxmKgQ0= | 6332.49 | 9.58337 | 2467.13 | -0.896382 | -0.443282 | 0 | none | -1 | 180 | 0 | 0 | 0 | 0 | 0 | 0 | 0 | 0 | 1 | camera | no_target | -0.896382 | 0 | -0.443282 | -0.896382 | 
SCRIPT       : DATA_LOG | 527665 | VEZjSxlcpgu1JLRUfHGLLLMsm0wqbyJ6fy2rl33V8jg= | 12906 | 4.60465 | 9673.34 | -0.033046 | -0.999454 | 0 | none | 1 | 44.0497 | 2.24685 | 0 | 1 | 1 | 0 | 0 | 0 | 0 | 1 | camera | target | -0.033046 | 0 | -0.999454 | -0.03304
SCRIPT       : DATA_LOG | 527692 | aRapBi1cCZPZAGLIDny3dk3hQ8vTmNTLHRl8zxmKgQ0= | 6332.49 | 9.58337 | 2467.13 | -0.896382 | -0.443282 | 0 | none | -1 | 180 | 0 | 0 | 0 | 0 | 0 | 0 | 0 | 0 | 1 | camera | no_target | -0.896382 | 0 | -0.443282 | -0.896382 | 
SCRIPT       : DATA_LOG | 528669 | VEZjSxlcpgu1JLRUfHGLLLMsm0wqbyJ6fy2rl33V8jg= | 12906 | 4.60465 | 9673.34 | -0.033046 | -0.999454 | 0 | none | 1 | 44.2748 | 2.23499 | 0 | 1 | 1 | 0 | 0 | 0 | 0 | 1 | camera | target | -0.033046 | 0 | -0.999454 | -0.03304
SCRIPT       : DATA_LOG | 528701 | aRapBi1cCZPZAGLIDny3dk3hQ8vTmNTLHRl8zxmKgQ0= | 6332.49 | 9.58337 | 2467.13 | -0.896382 | -0.443282 | 0 | none | -1 | 180 | 0 | 0 | 0 | 0 | 0 | 0 | 0 | 0 | 1 | camera | no_target | -0.896382 | 0 | -0.443282 | -0.896382 | 
SCRIPT       : DATA_LOG | 529667 | VEZjSxlcpgu1JLRUfHGLLLMsm0wqbyJ6fy2rl33V8jg= | 12906 | 4.60465 | 9673.34 | -0.033046 | -0.999454 | 0 | none | 1 | 43.9776 | 2.25126 | 0 | 1 | 1 | 0 | 0 | 0 | 0 | 1 | camera | target | -0.033046 | 0 | -0.999454 | -0.03304
SCRIPT       : DATA_LOG | 529694 | aRapBi1cCZPZAGLIDny3dk3hQ8vTmNTLHRl8zxmKgQ0= | 6332.49 | 9.58337 | 2467.13 | -0.896382 | -0.443282 | 0 | none | -1 | 180 | 0 | 0 | 0 | 0 | 0 | 0 | 0 | 0 | 1 | camera | no_target | -0.896382 | 0 | -0.443282 | -0.896382 | 
SCRIPT       : DATA_LOG | 530666 | VEZjSxlcpgu1JLRUfHGLLLMsm0wqbyJ6fy2rl33V8jg= | 12906 | 4.60465 | 9673.34 | -0.033046 | -0.999454 | 0 | none | 1 | 44.1572 | 2.24155 | 0 | 1 | 1 | 0 | 0 | 0 | 0 | 1 | camera | target | -0.033046 | 0 | -0.999454 | -0.03304
SCRIPT       : DATA_LOG | 530687 | aRapBi1cCZPZAGLIDny3dk3hQ8vTmNTLHRl8zxmKgQ0= | 6332.49 | 9.58337 | 2467.13 | -0.896382 | -0.443282 | 0 | none | -1 | 180 | 0 | 0 | 0 | 0 | 0 | 0 | 0 | 0 | 1 | camera | no_target | -0.896382 | 0 | -0.443282 | -0.896382 | 
SCRIPT       : DATA_LOG | 531665 | VEZjSxlcpgu1JLRUfHGLLLMsm0wqbyJ6fy2rl33V8jg= | 12906 | 4.60465 | 9673.34 | -0.033046 | -0.999454 | 0 | none | 1 | 44.1581 | 2.24154 | 0 | 1 | 1 | 0 | 0 | 0 | 0 | 1 | camera | target | -0.033046 | 0 | -0.999454 | -0.03304
SCRIPT       : DATA_LOG | 531689 | aRapBi1cCZPZAGLIDny3dk3hQ8vTmNTLHRl8zxmKgQ0= | 6332.49 | 9.58337 | 2467.13 | -0.896382 | -0.443282 | 0 | none | -1 | 180 | 0 | 0 | 0 | 0 | 0 | 0 | 0 | 0 | 1 | camera | no_target | -0.896382 | 0 | -0.443282 | -0.896382 | 
SCRIPT       : DATA_LOG | 532669 | VEZjSxlcpgu1JLRUfHGLLLMsm0wqbyJ6fy2rl33V8jg= | 12906 | 4.60465 | 9673.34 | -0.033046 | -0.999454 | 0 | none | 1 | 44.1637 | 2.24162 | 0 | 1 | 1 | 0 | 0 | 0 | 0 | 1 | camera | target | -0.033046 | 0 | -0.999454 | -0.03304
SCRIPT       : DATA_LOG | 532694 | aRapBi1cCZPZAGLIDny3dk3hQ8vTmNTLHRl8zxmKgQ0= | 6332.49 | 9.58337 | 2467.13 | -0.896382 | -0.443282 | 0 | none | -1 | 180 | 0 | 0 | 0 | 0 | 0 | 0 | 0 | 0 | 1 | camera | no_target | -0.896382 | 0 | -0.443282 | -0.896382 | 
SCRIPT       : DATA_LOG | 533666 | VEZjSxlcpgu1JLRUfHGLLLMsm0wqbyJ6fy2rl33V8jg= | 12906 | 4.60465 | 9673.34 | -0.033046 | -0.999454 | 0 | none | 1 | 44.2285 | 2.2385 | 0 | 1 | 1 | 0 | 0 | 0 | 0 | 1 | camera | target | -0.033046 | 0 | -0.999454 | -0.033046
SCRIPT       : DATA_LOG | 533685 | aRapBi1cCZPZAGLIDny3dk3hQ8vTmNTLHRl8zxmKgQ0= | 6332.49 | 9.58337 | 2467.13 | -0.896382 | -0.443282 | 0 | none | -1 | 180 | 0 | 0 | 0 | 0 | 0 | 0 | 0 | 0 | 1 | camera | no_target | -0.896382 | 0 | -0.443282 | -0.896382 | 
SCRIPT       : DATA_LOG | 534672 | VEZjSxlcpgu1JLRUfHGLLLMsm0wqbyJ6fy2rl33V8jg= | 12906 | 4.60465 | 9673.34 | -0.033046 | -0.999454 | 0 | none | 1 | 44.0643 | 2.24604 | 0 | 1 | 1 | 0 | 0 | 0 | 0 | 1 | camera | target | -0.033046 | 0 | -0.999454 | -0.03304
SCRIPT       : DATA_LOG | 534699 | aRapBi1cCZPZAGLIDny3dk3hQ8vTmNTLHRl8zxmKgQ0= | 6332.49 | 9.58337 | 2467.13 | -0.896382 | -0.443282 | 0 | none | -1 | 180 | 0 | 0 | 0 | 0 | 0 | 0 | 0 | 0 | 1 | camera | no_target | -0.896382 | 0 | -0.443282 | -0.896382 | 
SCRIPT       : DATA_LOG | 535670 | VEZjSxlcpgu1JLRUfHGLLLMsm0wqbyJ6fy2rl33V8jg= | 12906 | 4.60465 | 9673.34 | -0.033046 | -0.999454 | 0 | none | 1 | 44.2719 | 2.23483 | 0 | 1 | 1 | 0 | 0 | 0 | 0 | 1 | camera | target | -0.033046 | 0 | -0.999454 | -0.03304
SCRIPT       : DATA_LOG | 535693 | aRapBi1cCZPZAGLIDny3dk3hQ8vTmNTLHRl8zxmKgQ0= | 6332.49 | 9.58337 | 2467.13 | -0.896382 | -0.443282 | 0 | none | -1 | 180 | 0 | 0 | 0 | 0 | 0 | 0 | 0 | 0 | 1 | camera | no_target | -0.896382 | 0 | -0.443282 | -0.896382 | 
SCRIPT       : DATA_LOG | 536672 | VEZjSxlcpgu1JLRUfHGLLLMsm0wqbyJ6fy2rl33V8jg= | 12906 | 4.60465 | 9673.34 | -0.033046 | -0.999454 | 0 | none | 1 | 44.0256 | 2.24896 | 0 | 1 | 1 | 0 | 0 | 0 | 0 | 1 | camera | target | -0.033046 | 0 | -0.999454 | -0.03304
SCRIPT       : DATA_LOG | 536693 | aRapBi1cCZPZAGLIDny3dk3hQ8vTmNTLHRl8zxmKgQ0= | 6332.49 | 9.58337 | 2467.13 | -0.896382 | -0.443282 | 0 | none | -1 | 180 | 0 | 0 | 0 | 0 | 0 | 0 | 0 | 0 | 1 | camera | no_target | -0.896382 | 0 | -0.443282 | -0.896382 | 
SCRIPT       : DATA_LOG | 537675 | VEZjSxlcpgu1JLRUfHGLLLMsm0wqbyJ6fy2rl33V8jg= | 12906 | 4.60465 | 9673.34 | -0.033046 | -0.999454 | 0 | none | 1 | 44.115 | 2.24407 | 0 | 1 | 1 | 0 | 0 | 0 | 0 | 1 | camera | target | -0.033046 | 0 | -0.999454 | -0.033046
SCRIPT       : DATA_LOG | 537698 | aRapBi1cCZPZAGLIDny3dk3hQ8vTmNTLHRl8zxmKgQ0= | 6332.49 | 9.58337 | 2467.13 | -0.896382 | -0.443282 | 0 | none | -1 | 180 | 0 | 0 | 0 | 0 | 0 | 0 | 0 | 0 | 1 | camera | no_target | -0.896382 | 0 | -0.443282 | -0.896382 | 
SCRIPT       : DATA_LOG | 538674 | VEZjSxlcpgu1JLRUfHGLLLMsm0wqbyJ6fy2rl33V8jg= | 12906 | 4.60465 | 9673.34 | -0.033046 | -0.999454 | 0 | none | 1 | 44.1854 | 2.23981 | 0 | 1 | 1 | 0 | 0 | 0 | 0 | 1 | camera | target | -0.033046 | 0 | -0.999454 | -0.03304
SCRIPT       : DATA_LOG | 538694 | aRapBi1cCZPZAGLIDny3dk3hQ8vTmNTLHRl8zxmKgQ0= | 6332.49 | 9.58337 | 2467.13 | -0.896382 | -0.443282 | 0 | none | -1 | 180 | 0 | 0 | 0 | 0 | 0 | 0 | 0 | 0 | 1 | camera | no_target | -0.896382 | 0 | -0.443282 | -0.896382 | 
SCRIPT       : DATA_LOG | 539673 | VEZjSxlcpgu1JLRUfHGLLLMsm0wqbyJ6fy2rl33V8jg= | 12906 | 4.60465 | 9673.34 | -0.033046 | -0.999454 | 0 | none | 1 | 44.1442 | 2.24237 | 0 | 1 | 1 | 0 | 0 | 0 | 0 | 1 | camera | target | -0.033046 | 0 | -0.999454 | -0.03304
SCRIPT       : DATA_LOG | 539692 | aRapBi1cCZPZAGLIDny3dk3hQ8vTmNTLHRl8zxmKgQ0= | 6332.49 | 9.58337 | 2467.13 | -0.896382 | -0.443282 | 0 | none | -1 | 180 | 0 | 0 | 0 | 0 | 0 | 0 | 0 | 0 | 1 | camera | no_target | -0.896382 | 0 | -0.443282 | -0.896382 | 
SCRIPT       : DATA_LOG | 540674 | VEZjSxlcpgu1JLRUfHGLLLMsm0wqbyJ6fy2rl33V8jg= | 12906 | 4.60465 | 9673.34 | -0.033046 | -0.999454 | 0 | none | 1 | 44.2284 | 2.23854 | 0 | 1 | 1 | 0 | 0 | 0 | 0 | 1 | camera | target | -0.033046 | 0 | -0.999454 | -0.03304
SCRIPT       : DATA_LOG | 540692 | aRapBi1cCZPZAGLIDny3dk3hQ8vTmNTLHRl8zxmKgQ0= | 6332.49 | 9.58337 | 2467.13 | -0.896382 | -0.443282 | 0 | none | -1 | 180 | 0 | 0 | 0 | 0 | 0 | 0 | 0 | 0 | 1 | camera | no_target | -0.896382 | 0 | -0.443282 | -0.896382 | 
SCRIPT       : DATA_LOG | 541677 | VEZjSxlcpgu1JLRUfHGLLLMsm0wqbyJ6fy2rl33V8jg= | 12906 | 4.60465 | 9673.34 | -0.033046 | -0.999454 | 0 | none | 1 | 44.0935 | 2.24439 | 0 | 1 | 1 | 0 | 0 | 0 | 0 | 1 | camera | target | -0.033046 | 0 | -0.999454 | -0.03304
SCRIPT       : DATA_LOG | 541699 | aRapBi1cCZPZAGLIDny3dk3hQ8vTmNTLHRl8zxmKgQ0= | 6332.49 | 9.58337 | 2467.13 | -0.896382 | -0.443282 | 0 | none | -1 | 180 | 0 | 0 | 0 | 0 | 0 | 0 | 0 | 0 | 1 | camera | no_target | -0.896382 | 0 | -0.443282 | -0.896382 | 
SCRIPT       : DATA_LOG | 542688 | VEZjSxlcpgu1JLRUfHGLLLMsm0wqbyJ6fy2rl33V8jg= | 12906 | 4.60465 | 9673.34 | -0.033046 | -0.999454 | 0 | none | 1 | 44.2383 | 2.23628 | 0 | 1 | 1 | 0 | 0 | 0 | 0 | 1 | camera | target | -0.033046 | 0 | -0.999454 | -0.03304
SCRIPT       : DATA_LOG | 542720 | aRapBi1cCZPZAGLIDny3dk3hQ8vTmNTLHRl8zxmKgQ0= | 6332.49 | 9.58337 | 2467.13 | -0.896382 | -0.443282 | 0 | none | -1 | 180 | 0 | 0 | 0 | 0 | 0 | 0 | 0 | 0 | 1 | camera | no_target | -0.896382 | 0 | -0.443282 | -0.896382 | 
SCRIPT       : DATA_LOG | 543680 | VEZjSxlcpgu1JLRUfHGLLLMsm0wqbyJ6fy2rl33V8jg= | 12906 | 4.60465 | 9673.34 | -0.033046 | -0.999454 | 0 | none | 1 | 44.0869 | 2.24581 | 0 | 1 | 1 | 0 | 0 | 0 | 0 | 1 | camera | target | -0.033046 | 0 | -0.999454 | -0.03304
SCRIPT       : DATA_LOG | 543704 | aRapBi1cCZPZAGLIDny3dk3hQ8vTmNTLHRl8zxmKgQ0= | 6332.49 | 9.58337 | 2467.13 | -0.896382 | -0.443282 | 0 | none | -1 | 180 | 0 | 0 | 0 | 0 | 0 | 0 | 0 | 0 | 1 | camera | no_target | -0.896382 | 0 | -0.443282 | -0.896382 | 
SCRIPT       : DATA_LOG | 544682 | VEZjSxlcpgu1JLRUfHGLLLMsm0wqbyJ6fy2rl33V8jg= | 12906 | 4.60465 | 9673.34 | -0.033046 | -0.999454 | 0 | none | 1 | 44.0528 | 2.24719 | 0 | 1 | 1 | 0 | 0 | 0 | 0 | 1 | camera | target | -0.033046 | 0 | -0.999454 | -0.03304
SCRIPT       : DATA_LOG | 544712 | aRapBi1cCZPZAGLIDny3dk3hQ8vTmNTLHRl8zxmKgQ0= | 6332.49 | 9.58337 | 2467.13 | -0.896382 | -0.443282 | 0 | none | -1 | 180 | 0 | 0 | 0 | 0 | 0 | 0 | 0 | 0 | 1 | camera | no_target | -0.896382 | 0 | -0.443282 | -0.896382 | 
 SCRIPT       : [Logout]: New player aRapBi1cCZPZAGLIDny3dk3hQ8vTmNTLHRl8zxmKgQ0= with logout time 15
 SCRIPT       : Player "rafaelglima79" (steamid=76561199445097358) initiated disconnect process...
SCRIPT       : DATA_LOG | 545679 | VEZjSxlcpgu1JLRUfHGLLLMsm0wqbyJ6fy2rl33V8jg= | 12906 | 4.60465 | 9673.34 | -0.033046 | -0.999454 | 0 | none | 1 | 44.214 | 2.23813 | 0 | 1 | 1 | 0 | 0 | 0 | 0 | 1 | camera | target | -0.033046 | 0 | -0.999454 | -0.033046
SCRIPT       : DATA_LOG | 545699 | aRapBi1cCZPZAGLIDny3dk3hQ8vTmNTLHRl8zxmKgQ0= | 6332.51 | 9.58289 | 2467.14 | -0.896382 | -0.443282 | 0 | none | -1 | 180 | 0 | 0 | 0 | 0 | 0 | 0 | 0 | 0 | 1 | camera | no_target | -0.896382 | 0 | -0.443282 | -0.896382 | 
 SCRIPT       : Player "rafaelglima79" (steamid=76561199445097358) disconnected early from server (EXIT NOW).
SCRIPT       : DATA_LOG | 546681 | VEZjSxlcpgu1JLRUfHGLLLMsm0wqbyJ6fy2rl33V8jg= | 12906 | 4.60465 | 9673.34 | -0.033046 | -0.999454 | 0 | none | 1 | 44.1425 | 2.24235 | 0 | 1 | 1 | 0 | 0 | 0 | 0 | 1 | camera | target | -0.033046 | 0 | -0.999454 | -0.03304
SCRIPT       : DATA_LOG | 546703 | aRapBi1cCZPZAGLIDny3dk3hQ8vTmNTLHRl8zxmKgQ0= | 6332.51 | 9.58289 | 2467.14 | -0.896382 | -0.443282 | 0 | none | -1 | 180 | 0 | 0 | 0 | 0 | 0 | 0 | 0 | 0 | 1 | camera | no_target | -0.896382 | 0 | -0.443282 | -0.896382 | 
SCRIPT       : DATA_LOG | 547688 | VEZjSxlcpgu1JLRUfHGLLLMsm0wqbyJ6fy2rl33V8jg= | 12906 | 4.60465 | 9673.34 | -0.033046 | -0.999454 | 0 | none | 1 | 44.2465 | 2.23786 | 0 | 1 | 1 | 0 | 0 | 0 | 0 | 1 | camera | target | -0.033046 | 0 | -0.999454 | -0.03304
SCRIPT       : DATA_LOG | 547717 | aRapBi1cCZPZAGLIDny3dk3hQ8vTmNTLHRl8zxmKgQ0= | 6332.51 | 9.58289 | 2467.14 | -0.896382 | -0.443282 | 0 | none | -1 | 180 | 0 | 0 | 0 | 0 | 0 | 0 | 0 | 0 | 1 | camera | no_target | -0.896382 | 0 | -0.443282 | -0.896382 | 
SCRIPT       : DATA_LOG | 548683 | VEZjSxlcpgu1JLRUfHGLLLMsm0wqbyJ6fy2rl33V8jg= | 12906 | 4.60465 | 9673.34 | -0.033046 | -0.999454 | 0 | none | 1 | 44.1234 | 2.24276 | 0 | 1 | 1 | 0 | 0 | 0 | 0 | 1 | camera | target | -0.033046 | 0 | -0.999454 | -0.03304
SCRIPT       : DATA_LOG | 548705 | aRapBi1cCZPZAGLIDny3dk3hQ8vTmNTLHRl8zxmKgQ0= | 6332.51 | 9.58289 | 2467.14 | -0.896382 | -0.443282 | 0 | none | -1 | 180 | 0 | 0 | 0 | 0 | 0 | 0 | 0 | 0 | 1 | camera | no_target | -0.896382 | 0 | -0.443282 | -0.896382 | 
SCRIPT       : DATA_LOG | 549686 | VEZjSxlcpgu1JLRUfHGLLLMsm0wqbyJ6fy2rl33V8jg= | 12906 | 4.60465 | 9673.34 | -0.033046 | -0.999454 | 0 | none | 1 | 44.2091 | 2.23785 | 0 | 1 | 1 | 0 | 0 | 0 | 0 | 1 | camera | target | -0.033046 | 0 | -0.999454 | -0.03304
SCRIPT       : DATA_LOG | 549708 | aRapBi1cCZPZAGLIDny3dk3hQ8vTmNTLHRl8zxmKgQ0= | 6332.51 | 9.58289 | 2467.14 | -0.896382 | -0.443282 | 0 | none | -1 | 180 | 0 | 0 | 0 | 0 | 0 | 0 | 0 | 0 | 1 | camera | no_target | -0.896382 | 0 | -0.443282 | -0.896382 | 
SCRIPT       : DATA_LOG | 550691 | VEZjSxlcpgu1JLRUfHGLLLMsm0wqbyJ6fy2rl33V8jg= | 12906 | 4.60465 | 9673.34 | -0.033046 | -0.999454 | 0 | none | 1 | 44.1646 | 2.24188 | 0 | 1 | 1 | 0 | 0 | 0 | 0 | 1 | camera | target | -0.033046 | 0 | -0.999454 | -0.03304
SCRIPT       : DATA_LOG | 550723 | aRapBi1cCZPZAGLIDny3dk3hQ8vTmNTLHRl8zxmKgQ0= | 6332.51 | 9.58289 | 2467.14 | -0.896382 | -0.443282 | 0 | none | -1 | 180 | 0 | 0 | 0 | 0 | 0 | 0 | 0 | 0 | 1 | camera | no_target | -0.896382 | 0 | -0.443282 | -0.896382 | 
SCRIPT       : DATA_LOG | 551686 | VEZjSxlcpgu1JLRUfHGLLLMsm0wqbyJ6fy2rl33V8jg= | 12906 | 4.60465 | 9673.34 | -0.033046 | -0.999454 | 0 | none | 1 | 44.0059 | 2.24953 | 0 | 1 | 1 | 0 | 0 | 0 | 0 | 1 | camera | target | -0.033046 | 0 | -0.999454 | -0.03304
SCRIPT       : DATA_LOG | 551710 | aRapBi1cCZPZAGLIDny3dk3hQ8vTmNTLHRl8zxmKgQ0= | 6332.51 | 9.58289 | 2467.14 | -0.896382 | -0.443282 | 0 | none | -1 | 180 | 0 | 0 | 0 | 0 | 0 | 0 | 0 | 0 | 1 | camera | no_target | -0.896382 | 0 | -0.443282 | -0.896382 | 
SCRIPT       : DATA_LOG | 552694 | VEZjSxlcpgu1JLRUfHGLLLMsm0wqbyJ6fy2rl33V8jg= | 12906 | 4.60465 | 9673.34 | -0.033046 | -0.999454 | 0 | none | 1 | 44.2285 | 2.23732 | 0 | 1 | 1 | 0 | 0 | 0 | 0 | 1 | camera | target | -0.033046 | 0 | -0.999454 | -0.03304
SCRIPT       : DATA_LOG | 552727 | aRapBi1cCZPZAGLIDny3dk3hQ8vTmNTLHRl8zxmKgQ0= | 6332.51 | 9.58289 | 2467.14 | -0.896382 | -0.443282 | 0 | none | -1 | 180 | 0 | 0 | 0 | 0 | 0 | 0 | 0 | 0 | 1 | camera | no_target | -0.896382 | 0 | -0.443282 | -0.896382 | 
SCRIPT       : DATA_LOG | 553694 | VEZjSxlcpgu1JLRUfHGLLLMsm0wqbyJ6fy2rl33V8jg= | 12906 | 4.60465 | 9673.34 | -0.033046 | -0.999454 | 0 | none | 1 | 44.1101 | 2.24389 | 0 | 1 | 1 | 0 | 0 | 0 | 0 | 1 | camera | target | -0.033046 | 0 | -0.999454 | -0.03304
SCRIPT       : DATA_LOG | 553722 | aRapBi1cCZPZAGLIDny3dk3hQ8vTmNTLHRl8zxmKgQ0= | 6332.51 | 9.58289 | 2467.14 | -0.896382 | -0.443282 | 0 | none | -1 | 180 | 0 | 0 | 0 | 0 | 0 | 0 | 0 | 0 | 1 | camera | no_target | -0.896382 | 0 | -0.443282 | -0.896382 | 
SCRIPT       : DATA_LOG | 554691 | VEZjSxlcpgu1JLRUfHGLLLMsm0wqbyJ6fy2rl33V8jg= | 12906 | 4.60465 | 9673.34 | -0.033046 | -0.999454 | 0 | none | 1 | 44.2324 | 2.23869 | 0 | 1 | 1 | 0 | 0 | 0 | 0 | 1 | camera | target | -0.033046 | 0 | -0.999454 | -0.03304
SCRIPT       : DATA_LOG | 554715 | aRapBi1cCZPZAGLIDny3dk3hQ8vTmNTLHRl8zxmKgQ0= | 6332.51 | 9.58289 | 2467.14 | -0.896382 | -0.443282 | 0 | none | -1 | 180 | 0 | 0 | 0 | 0 | 0 | 0 | 0 | 0 | 1 | camera | no_target | -0.896382 | 0 | -0.443282 | -0.896382 | 
SCRIPT       : DATA_LOG | 555695 | VEZjSxlcpgu1JLRUfHGLLLMsm0wqbyJ6fy2rl33V8jg= | 12906 | 4.60465 | 9673.34 | -0.033046 | -0.999454 | 0 | none | 1 | 44.1568 | 2.24126 | 0 | 1 | 1 | 0 | 0 | 0 | 0 | 1 | camera | target | -0.033046 | 0 | -0.999454 | -0.03304
SCRIPT       : DATA_LOG | 555721 | aRapBi1cCZPZAGLIDny3dk3hQ8vTmNTLHRl8zxmKgQ0= | 6332.51 | 9.58289 | 2467.14 | -0.896382 | -0.443282 | 0 | none | -1 | 180 | 0 | 0 | 0 | 0 | 0 | 0 | 0 | 0 | 1 | camera | no_target | -0.896382 | 0 | -0.443282 | -0.896382 | 
SCRIPT       : DATA_LOG | 556692 | VEZjSxlcpgu1JLRUfHGLLLMsm0wqbyJ6fy2rl33V8jg= | 12906 | 4.60465 | 9673.34 | -0.033046 | -0.999454 | 0 | none | 1 | 44.1362 | 2.24189 | 0 | 1 | 1 | 0 | 0 | 0 | 0 | 1 | camera | target | -0.033046 | 0 | -0.999454 | -0.03304
SCRIPT       : DATA_LOG | 556714 | aRapBi1cCZPZAGLIDny3dk3hQ8vTmNTLHRl8zxmKgQ0= | 6332.51 | 9.58289 | 2467.14 | -0.896382 | -0.443282 | 0 | none | -1 | 180 | 0 | 0 | 0 | 0 | 0 | 0 | 0 | 0 | 1 | camera | no_target | -0.896382 | 0 | -0.443282 | -0.896382 | 
SCRIPT       : DATA_LOG | 557695 | VEZjSxlcpgu1JLRUfHGLLLMsm0wqbyJ6fy2rl33V8jg= | 12906 | 4.60465 | 9673.34 | -0.033046 | -0.999454 | 0 | none | 1 | 44.2088 | 2.23938 | 0 | 1 | 1 | 0 | 0 | 0 | 0 | 1 | camera | target | -0.033046 | 0 | -0.999454 | -0.03304
SCRIPT       : DATA_LOG | 557715 | aRapBi1cCZPZAGLIDny3dk3hQ8vTmNTLHRl8zxmKgQ0= | 6332.51 | 9.58289 | 2467.14 | -0.896382 | -0.443282 | 0 | none | -1 | 180 | 0 | 0 | 0 | 0 | 0 | 0 | 0 | 0 | 1 | camera | no_target | -0.896382 | 0 | -0.443282 | -0.896382 | 
SCRIPT       : DATA_LOG | 558697 | VEZjSxlcpgu1JLRUfHGLLLMsm0wqbyJ6fy2rl33V8jg= | 12906 | 4.60465 | 9673.34 | -0.033046 | -0.999454 | 0 | none | 1 | 43.9754 | 2.25113 | 0 | 1 | 1 | 0 | 0 | 0 | 0 | 1 | camera | target | -0.033046 | 0 | -0.999454 | -0.03304
SCRIPT       : [Logout]: Player aRapBi1cCZPZAGLIDny3dk3hQ8vTmNTLHRl8zxmKgQ0= finished
SCRIPT       : [PlayerListManager] SyncEntryToReceivers ► uid: aRapBi1cCZPZAGLIDny3dk3hQ8vTmNTLHRl8zxmKgQ0= isn't in the players list! sending a remove.
SCRIPT       : PlayerDisconnected -> PlayerListManager.RemoveEntry ► aRapBi1cCZPZAGLIDny3dk3hQ8vTmNTLHRl8zxmKgQ0=
SCRIPT       : DATA_LOG | 560341 | VEZjSxlcpgu1JLRUfHGLLLMsm0wqbyJ6fy2rl33V8jg= | 12906 | 4.60465 | 9673.34 | -0.033046 | -0.999454 | 0 | none | 1 | 44.1714 | 2.24068 | 0 | 1 | 1 | 0 | 0 | 0 | 0 | 1 | camera | target | -0.033046 | 0 | -0.999454 | -0.03304
SCRIPT       : DATA_LOG | 561343 | VEZjSxlcpgu1JLRUfHGLLLMsm0wqbyJ6fy2rl33V8jg= | 12906 | 4.60465 | 9673.34 | -0.033046 | -0.999454 | 0 | none | 1 | 44.1114 | 2.24394 | 0 | 1 | 1 | 0 | 0 | 0 | 0 | 1 | camera | target | -0.033046 | 0 | -0.999454 | -0.03304
SCRIPT       : DATA_LOG | 562343 | VEZjSxlcpgu1JLRUfHGLLLMsm0wqbyJ6fy2rl33V8jg= | 12906 | 4.60465 | 9673.34 | -0.033046 | -0.999454 | 0 | none | 1 | 44.2167 | 2.23946 | 0 | 1 | 1 | 0 | 0 | 0 | 0 | 1 | camera | target | -0.033046 | 0 | -0.999454 | -0.03304
SCRIPT       : DATA_LOG | 563343 | VEZjSxlcpgu1JLRUfHGLLLMsm0wqbyJ6fy2rl33V8jg= | 12906 | 4.60465 | 9673.34 | -0.033046 | -0.999454 | 0 | none | 1 | 44.175 | 2.2406 | 0 | 1 | 1 | 0 | 0 | 0 | 0 | 1 | camera | target | -0.033046 | 0 | -0.999454 | -0.033046 
SCRIPT       : DATA_LOG | 564345 | VEZjSxlcpgu1JLRUfHGLLLMsm0wqbyJ6fy2rl33V8jg= | 12906 | 4.60465 | 9673.34 | -0.033046 | -0.999454 | 0 | none | 1 | 44.0941 | 2.24437 | 0 | 1 | 1 | 0 | 0 | 0 | 0 | 1 | camera | target | -0.033046 | 0 | -0.999454 | -0.03304
SCRIPT       : DATA_LOG | 565343 | VEZjSxlcpgu1JLRUfHGLLLMsm0wqbyJ6fy2rl33V8jg= | 12906 | 4.60465 | 9673.34 | -0.033046 | -0.999454 | 0 | none | 1 | 44.2383 | 2.23774 | 0 | 1 | 1 | 0 | 0 | 0 | 0 | 1 | camera | target | -0.033046 | 0 | -0.999454 | -0.03304
SCRIPT       : DATA_LOG | 566344 | VEZjSxlcpgu1JLRUfHGLLLMsm0wqbyJ6fy2rl33V8jg= | 12906 | 4.60465 | 9673.34 | -0.033046 | -0.999454 | 0 | none | 1 | 43.9605 | 2.25192 | 0 | 1 | 1 | 0 | 0 | 0 | 0 | 1 | camera | target | -0.033046 | 0 | -0.999454 | -0.03304
SCRIPT       : DATA_LOG | 567353 | VEZjSxlcpgu1JLRUfHGLLLMsm0wqbyJ6fy2rl33V8jg= | 12906 | 4.60465 | 9673.34 | -0.033046 | -0.999454 | 0 | none | 1 | 44.216 | 2.23825 | 0 | 1 | 1 | 0 | 0 | 0 | 0 | 1 | camera | target | -0.033046 | 0 | -0.999454 | -0.033046
SCRIPT       : DATA_LOG | 568352 | VEZjSxlcpgu1JLRUfHGLLLMsm0wqbyJ6fy2rl33V8jg= | 12906 | 4.60465 | 9673.34 | -0.033046 | -0.999454 | 0 | none | 1 | 44.1115 | 2.24394 | 0 | 1 | 1 | 0 | 0 | 0 | 0 | 1 | camera | target | -0.033046 | 0 | -0.999454 | -0.03304
SCRIPT       : DATA_LOG | 569349 | VEZjSxlcpgu1JLRUfHGLLLMsm0wqbyJ6fy2rl33V8jg= | 12906 | 4.60465 | 9673.34 | -0.033046 | -0.999454 | 0 | none | 1 | 44.2147 | 2.23942 | 0 | 1 | 1 | 0 | 0 | 0 | 0 | 1 | camera | target | -0.033046 | 0 | -0.999454 | -0.03304
SCRIPT       : DATA_LOG | 570352 | VEZjSxlcpgu1JLRUfHGLLLMsm0wqbyJ6fy2rl33V8jg= | 12906 | 4.60465 | 9673.34 | -0.033046 | -0.999454 | 0 | none | 1 | 44.194 | 2.23991 | 0 | 1 | 1 | 0 | 0 | 0 | 0 | 1 | camera | target | -0.033046 | 0 | -0.999454 | -0.033046
SCRIPT       : DATA_LOG | 571350 | VEZjSxlcpgu1JLRUfHGLLLMsm0wqbyJ6fy2rl33V8jg= | 12906 | 4.60465 | 9673.34 | -0.033046 | -0.999454 | 0 | none | 1 | 44.0669 | 2.2461 | 0 | 1 | 1 | 0 | 0 | 0 | 0 | 1 | camera | target | -0.033046 | 0 | -0.999454 | -0.033046
SCRIPT       : DATA_LOG | 572352 | VEZjSxlcpgu1JLRUfHGLLLMsm0wqbyJ6fy2rl33V8jg= | 12906 | 4.60465 | 9673.34 | -0.033046 | -0.999454 | 0 | none | 1 | 44.2803 | 2.2352 | 0 | 1 | 1 | 0 | 0 | 0 | 0 | 1 | camera | target | -0.033046 | 0 | -0.999454 | -0.033046
SCRIPT       : DATA_LOG | 573355 | VEZjSxlcpgu1JLRUfHGLLLMsm0wqbyJ6fy2rl33V8jg= | 12906 | 4.60465 | 9673.34 | -0.033046 | -0.999454 | 0 | none | 1 | 43.9615 | 2.25196 | 0 | 1 | 1 | 0 | 0 | 0 | 0 | 1 | camera | target | -0.033046 | 0 | -0.999454 | -0.03304
SCRIPT       : DATA_LOG | 574353 | VEZjSxlcpgu1JLRUfHGLLLMsm0wqbyJ6fy2rl33V8jg= | 12906 | 4.60465 | 9673.34 | -0.033046 | -0.999454 | 0 | none | 1 | 44.1716 | 2.24069 | 0 | 1 | 1 | 0 | 0 | 0 | 0 | 1 | camera | target | -0.033046 | 0 | -0.999454 | -0.03304
SCRIPT       : DATA_LOG | 575355 | VEZjSxlcpgu1JLRUfHGLLLMsm0wqbyJ6fy2rl33V8jg= | 12906 | 4.60465 | 9673.34 | -0.033046 | -0.999454 | 0 | none | 1 | 44.1427 | 2.24236 | 0 | 1 | 1 | 0 | 0 | 0 | 0 | 1 | camera | target | -0.033046 | 0 | -0.999454 | -0.03304
SCRIPT       : DATA_LOG | 576357 | VEZjSxlcpgu1JLRUfHGLLLMsm0wqbyJ6fy2rl33V8jg= | 12906 | 4.60465 | 9673.34 | -0.033046 | -0.999454 | 0 | none | 1 | 44.1803 | 2.24089 | 0 | 1 | 1 | 0 | 0 | 0 | 0 | 1 | camera | target | -0.033046 | 0 | -0.999454 | -0.03304
SCRIPT       : DATA_LOG | 577357 | VEZjSxlcpgu1JLRUfHGLLLMsm0wqbyJ6fy2rl33V8jg= | 12906 | 4.60465 | 9673.34 | -0.033046 | -0.999454 | 0 | none | 1 | 44.2109 | 2.23919 | 0 | 1 | 1 | 0 | 0 | 0 | 0 | 1 | camera | target | -0.033046 | 0 | -0.999454 | -0.03304
SCRIPT       : DATA_LOG | 578363 | VEZjSxlcpgu1JLRUfHGLLLMsm0wqbyJ6fy2rl33V8jg= | 12906 | 4.60465 | 9673.34 | -0.033046 | -0.999454 | 0 | none | 1 | 44.0657 | 2.2461 | 0 | 1 | 1 | 0 | 0 | 0 | 0 | 1 | camera | target | -0.033046 | 0 | -0.999454 | -0.033046
SCRIPT       : DATA_LOG | 579358 | VEZjSxlcpgu1JLRUfHGLLLMsm0wqbyJ6fy2rl33V8jg= | 12906 | 4.60465 | 9673.34 | -0.033046 | -0.999454 | 0 | none | 1 | 44.2901 | 2.23416 | 0 | 1 | 1 | 0 | 0 | 0 | 0 | 1 | camera | target | -0.033046 | 0 | -0.999454 | -0.03304
SCRIPT       : DATA_LOG | 580361 | VEZjSxlcpgu1JLRUfHGLLLMsm0wqbyJ6fy2rl33V8jg= | 12906 | 4.60465 | 9673.34 | -0.033046 | -0.999454 | 0 | none | 1 | 43.9934 | 2.25046 | 0 | 1 | 1 | 0 | 0 | 0 | 0 | 1 | camera | target | -0.033046 | 0 | -0.999454 | -0.03304
SCRIPT       : DATA_LOG | 581362 | VEZjSxlcpgu1JLRUfHGLLLMsm0wqbyJ6fy2rl33V8jg= | 12906 | 4.60465 | 9673.34 | -0.033046 | -0.999454 | 0 | none | 1 | 44.1296 | 2.24322 | 0 | 1 | 1 | 0 | 0 | 0 | 0 | 1 | camera | target | -0.033046 | 0 | -0.999454 | -0.03304
SCRIPT       : DATA_LOG | 582361 | VEZjSxlcpgu1JLRUfHGLLLMsm0wqbyJ6fy2rl33V8jg= | 12906 | 4.60465 | 9673.34 | -0.033046 | -0.999454 | 0 | none | 1 | 44.1708 | 2.24062 | 0 | 1 | 1 | 0 | 0 | 0 | 0 | 1 | camera | target | -0.033046 | 0 | -0.999454 | -0.03304
SCRIPT       : DATA_LOG | 583363 | VEZjSxlcpgu1JLRUfHGLLLMsm0wqbyJ6fy2rl33V8jg= | 12906 | 4.60465 | 9673.34 | -0.033046 | -0.999454 | 0 | none | 1 | 44.1627 | 2.24167 | 0 | 1 | 1 | 0 | 0 | 0 | 0 | 1 | camera | target | -0.033046 | 0 | -0.999454 | -0.03304
SCRIPT       : DATA_LOG | 584364 | VEZjSxlcpgu1JLRUfHGLLLMsm0wqbyJ6fy2rl33V8jg= | 12906 | 4.60465 | 9673.34 | -0.033046 | -0.999454 | 0 | none | 1 | 44.2288 | 2.23851 | 0 | 1 | 1 | 0 | 0 | 0 | 0 | 1 | camera | target | -0.033046 | 0 | -0.999454 | -0.03304
SCRIPT       : DATA_LOG | 585367 | VEZjSxlcpgu1JLRUfHGLLLMsm0wqbyJ6fy2rl33V8jg= | 12906 | 4.60465 | 9673.34 | -0.033046 | -0.999454 | 0 | none | 1 | 44.0785 | 2.24518 | 0 | 1 | 1 | 0 | 0 | 0 | 0 | 1 | camera | target | -0.033046 | 0 | -0.999454 | -0.03304
SCRIPT       : DATA_LOG | 586366 | VEZjSxlcpgu1JLRUfHGLLLMsm0wqbyJ6fy2rl33V8jg= | 12906 | 4.60465 | 9673.34 | -0.033046 | -0.999454 | 0 | none | 1 | 44.2551 | 2.23556 | 0 | 1 | 1 | 0 | 0 | 0 | 0 | 1 | camera | target | -0.033046 | 0 | -0.999454 | -0.03304
 SCRIPT       : ---- PlayerBase OnStoreLoad SUCCESS ----
 SCRIPT       : [VPPAT] Player "rafaelglima79" (steamId=76561199445097358) connected to server!
 SCRIPT       : [PlayerListManager] AddReceiver ► added: PlayerIdentity<0x000001D105ABFAF0>
SCRIPT       : DATA_LOG | 587367 | VEZjSxlcpgu1JLRUfHGLLLMsm0wqbyJ6fy2rl33V8jg= | 12906 | 4.60465 | 9673.34 | -0.033046 | -0.999454 | 0 | none | 1 | 44.0551 | 2.24732 | 0 | 1 | 1 | 0 | 0 | 0 | 0 | 1 | camera | target | -0.033046 | 0 | -0.999454 | -0.03304
SCRIPT       : DATA_LOG | 587386 | aRapBi1cCZPZAGLIDny3dk3hQ8vTmNTLHRl8zxmKgQ0= | 6332.68 | 9.5794 | 2467.22 | -0.896357 | -0.443334 | 0 | none | -1 | 180 | 0 | 0 | 0 | 0 | 0 | 0 | 0 | 0 | 1 | camera | no_target | -0.896357 | 0 | -0.443334 | -0.896357 | 0
SCRIPT       : DATA_LOG | 588372 | VEZjSxlcpgu1JLRUfHGLLLMsm0wqbyJ6fy2rl33V8jg= | 12906 | 4.60465 | 9673.34 | -0.033046 | -0.999454 | 0 | none | 1 | 44.0674 | 2.24639 | 0 | 1 | 1 | 0 | 0 | 0 | 0 | 1 | camera | target | -0.033046 | 0 | -0.999454 | -0.03304
SCRIPT       : DATA_LOG | 588394 | aRapBi1cCZPZAGLIDny3dk3hQ8vTmNTLHRl8zxmKgQ0= | 6332.68 | 9.5794 | 2467.22 | -0.896357 | -0.443334 | 0 | none | -1 | 180 | 0 | 0 | 0 | 0 | 0 | 0 | 0 | 0 | 1 | camera | no_target | -0.896357 | 0 | -0.443334 | -0.896357 | 0
SCRIPT       : DATA_LOG | 589373 | VEZjSxlcpgu1JLRUfHGLLLMsm0wqbyJ6fy2rl33V8jg= | 12906 | 4.60465 | 9673.34 | -0.033046 | -0.999454 | 0 | none | 1 | 44.2001 | 2.23896 | 0 | 1 | 1 | 0 | 0 | 0 | 0 | 1 | camera | target | -0.033046 | 0 | -0.999454 | -0.03304
SCRIPT       : DATA_LOG | 589399 | aRapBi1cCZPZAGLIDny3dk3hQ8vTmNTLHRl8zxmKgQ0= | 6332.68 | 9.5794 | 2467.22 | -0.896357 | -0.443334 | 0 | none | -1 | 180 | 0 | 0 | 0 | 0 | 0 | 0 | 0 | 0 | 1 | camera | no_target | -0.896357 | 0 | -0.443334 | -0.896357 | 0
SCRIPT       : DATA_LOG | 590373 | VEZjSxlcpgu1JLRUfHGLLLMsm0wqbyJ6fy2rl33V8jg= | 12906 | 4.60465 | 9673.34 | -0.033046 | -0.999454 | 0 | none | 1 | 44.143 | 2.24232 | 0 | 1 | 1 | 0 | 0 | 0 | 0 | 1 | camera | target | -0.033046 | 0 | -0.999454 | -0.033046
SCRIPT       : DATA_LOG | 590402 | aRapBi1cCZPZAGLIDny3dk3hQ8vTmNTLHRl8zxmKgQ0= | 6332.68 | 9.5794 | 2467.22 | -0.896357 | -0.443334 | 0 | none | -1 | 180 | 0 | 0 | 0 | 0 | 0 | 0 | 0 | 0 | 1 | camera | no_target | -0.896357 | 0 | -0.443334 | -0.896357 | 0
SCRIPT       : DATA_LOG | 591380 | VEZjSxlcpgu1JLRUfHGLLLMsm0wqbyJ6fy2rl33V8jg= | 12906 | 4.60465 | 9673.34 | -0.033046 | -0.999454 | 0 | none | 1 | 44.2456 | 2.23783 | 0 | 1 | 1 | 0 | 0 | 0 | 0 | 1 | camera | target | -0.033046 | 0 | -0.999454 | -0.03304
SCRIPT       : DATA_LOG | 591410 | aRapBi1cCZPZAGLIDny3dk3hQ8vTmNTLHRl8zxmKgQ0= | 6332.69 | 9.57916 | 2467.22 | -0.899844 | -0.436211 | 0 | none | -1 | 180 | 0 | 0 | 0 | 0 | 0 | 0 | 0 | 0 | 1 | camera | no_target | -0.899844 | 0 | -0.436211 | -0.899844 | 
SCRIPT       : DATA_LOG | 592375 | VEZjSxlcpgu1JLRUfHGLLLMsm0wqbyJ6fy2rl33V8jg= | 12906 | 4.60465 | 9673.34 | -0.033046 | -0.999454 | 0 | none | 1 | 44.1084 | 2.2436 | 0 | 1 | 1 | 0 | 0 | 0 | 0 | 1 | camera | target | -0.033046 | 0 | -0.999454 | -0.033046
SCRIPT       : DATA_LOG | 592401 | aRapBi1cCZPZAGLIDny3dk3hQ8vTmNTLHRl8zxmKgQ0= | 6332.56 | 9.42797 | 2470.18 | -0.140209 | 0.990122 | 0 | none | -1 | 180 | 0 | 0 | 0 | 0 | 0 | 0 | 0 | 0 | 1 | camera | no_target | -0.140209 | 0 | 0.990122 | -0.140209 | 0 
SCRIPT       : DATA_LOG | 593381 | VEZjSxlcpgu1JLRUfHGLLLMsm0wqbyJ6fy2rl33V8jg= | 12906 | 4.60465 | 9673.34 | -0.033046 | -0.999454 | 0 | none | 1 | 44.223 | 2.23706 | 0 | 1 | 1 | 0 | 0 | 0 | 0 | 1 | camera | target | -0.033046 | 0 | -0.999454 | -0.033046
SCRIPT       : DATA_LOG | 593409 | aRapBi1cCZPZAGLIDny3dk3hQ8vTmNTLHRl8zxmKgQ0= | 6335.03 | 9.42117 | 2472.82 | 0.647298 | 0.762237 | 0 | none | -1 | 180 | 0 | 0 | 0 | 0 | 0 | 0 | 0 | 0 | 1 | camera | no_target | 0.647298 | 0 | 0.762237 | 0.647298 | 0 | 0
SCRIPT       : DATA_LOG | 594380 | VEZjSxlcpgu1JLRUfHGLLLMsm0wqbyJ6fy2rl33V8jg= | 12906 | 4.60465 | 9673.34 | -0.033046 | -0.999454 | 0 | none | 1 | 44.1188 | 2.24426 | 0 | 1 | 1 | 0 | 0 | 0 | 0 | 1 | camera | target | -0.033046 | 0 | -0.999454 | -0.03304
SCRIPT       : DATA_LOG | 594409 | aRapBi1cCZPZAGLIDny3dk3hQ8vTmNTLHRl8zxmKgQ0= | 6337.55 | 9.41393 | 2475.8 | 0.647323 | 0.762216 | 0 | none | -1 | 180 | 0 | 0 | 0 | 0 | 0 | 0 | 0 | 0 | 1 | camera | no_target | 0.647323 | 0 | 0.762216 | 0.647323 | 0 | 0.
 SCRIPT       : [Permissions Manager] Admin (rafaelglima79) (76561199445097358) Successfully Logged in!
SCRIPT       : DATA_LOG | 595379 | VEZjSxlcpgu1JLRUfHGLLLMsm0wqbyJ6fy2rl33V8jg= | 12906 | 4.60465 | 9673.34 | -0.033046 | -0.999454 | 0 | none | 1 | 44.038 | 2.24799 | 0 | 1 | 1 | 0 | 0 | 0 | 0 | 1 | camera | target | -0.033046 | 0 | -0.999454 | -0.033046
SCRIPT       : DATA_LOG | 595405 | aRapBi1cCZPZAGLIDny3dk3hQ8vTmNTLHRl8zxmKgQ0= | 6337.92 | 9.41337 | 2476.21 | 0.647323 | 0.762216 | 0 | none | -1 | 180 | 0 | 0 | 0 | 0 | 0 | 0 | 0 | 0 | 1 | camera | no_target | 0.647323 | 0 | 0.762216 | 0.647323 | 0 | 0
SCRIPT       : DATA_LOG | 596380 | VEZjSxlcpgu1JLRUfHGLLLMsm0wqbyJ6fy2rl33V8jg= | 12906 | 4.60465 | 9673.34 | -0.033046 | -0.999454 | 0 | none | 1 | 44.2295 | 2.23736 | 0 | 1 | 1 | 0 | 0 | 0 | 0 | 1 | camera | target | -0.033046 | 0 | -0.999454 | -0.03304
SCRIPT       : DATA_LOG | 596405 | aRapBi1cCZPZAGLIDny3dk3hQ8vTmNTLHRl8zxmKgQ0= | 6337.92 | 9.41337 | 2476.21 | 0.647323 | 0.762216 | 0 | none | -1 | 180 | 0 | 0 | 0 | 0 | 0 | 0 | 0 | 0 | 1 | camera | no_target | 0.647323 | 0 | 0.762216 | 0.647323 | 0 | 0
SCRIPT       : DATA_LOG | 597380 | VEZjSxlcpgu1JLRUfHGLLLMsm0wqbyJ6fy2rl33V8jg= | 12906 | 4.60465 | 9673.34 | -0.033046 | -0.999454 | 0 | none | 1 | 44.1261 | 2.24313 | 0 | 1 | 1 | 0 | 0 | 0 | 0 | 1 | camera | target | -0.033046 | 0 | -0.999454 | -0.03304
SCRIPT       : DATA_LOG | 597404 | aRapBi1cCZPZAGLIDny3dk3hQ8vTmNTLHRl8zxmKgQ0= | 6337.92 | 9.41337 | 2476.21 | 0.647323 | 0.762216 | 0 | none | -1 | 180 | 0 | 0 | 0 | 0 | 0 | 0 | 0 | 0 | 1 | camera | no_target | 0.647323 | 0 | 0.762216 | 0.647323 | 0 | 0
SCRIPT       : DATA_LOG | 598384 | VEZjSxlcpgu1JLRUfHGLLLMsm0wqbyJ6fy2rl33V8jg= | 12906 | 4.60465 | 9673.34 | -0.033046 | -0.999454 | 0 | none | 1 | 44.2477 | 2.23791 | 0 | 1 | 1 | 0 | 0 | 0 | 0 | 1 | camera | target | -0.033046 | 0 | -0.999454 | -0.03304
SCRIPT       : DATA_LOG | 598412 | aRapBi1cCZPZAGLIDny3dk3hQ8vTmNTLHRl8zxmKgQ0= | 6337.92 | 9.41337 | 2476.21 | 0.647323 | 0.762216 | 0 | none | -1 | 180 | 0 | 0 | 0 | 0 | 0 | 0 | 0 | 0 | 1 | camera | no_target | 0.647323 | 0 | 0.762216 | 0.647323 | 0 | 0
SCRIPT       : DATA_LOG | 599389 | VEZjSxlcpgu1JLRUfHGLLLMsm0wqbyJ6fy2rl33V8jg= | 12906 | 4.60465 | 9673.34 | -0.033046 | -0.999454 | 0 | none | 1 | 44.1398 | 2.24202 | 0 | 1 | 1 | 0 | 0 | 0 | 0 | 1 | camera | target | -0.033046 | 0 | -0.999454 | -0.03304
SCRIPT       : DATA_LOG | 599425 | aRapBi1cCZPZAGLIDny3dk3hQ8vTmNTLHRl8zxmKgQ0= | 6337.92 | 9.41337 | 2476.21 | 0.647323 | 0.762216 | 0 | none | -1 | 180 | 0 | 0 | 0 | 0 | 0 | 0 | 0 | 0 | 1 | camera | no_target | 0.647323 | 0 | 0.762216 | 0.647323 | 0 | 0
SCRIPT       : DATA_LOG | 600387 | VEZjSxlcpgu1JLRUfHGLLLMsm0wqbyJ6fy2rl33V8jg= | 12906 | 4.60465 | 9673.34 | -0.033046 | -0.999454 | 0 | none | 1 | 44.1783 | 2.23941 | 0 | 1 | 1 | 0 | 0 | 0 | 0 | 1 | camera | target | -0.033046 | 0 | -0.999454 | -0.03304
SCRIPT       : DATA_LOG | 600413 | aRapBi1cCZPZAGLIDny3dk3hQ8vTmNTLHRl8zxmKgQ0= | 6337.92 | 9.41337 | 2476.21 | 0.647323 | 0.762216 | 0 | none | -1 | 180 | 0 | 0 | 0 | 0 | 0 | 0 | 0 | 0 | 1 | camera | no_target | 0.647323 | 0 | 0.762216 | 0.647323 | 0 | 0
SCRIPT       : DATA_LOG | 601391 | VEZjSxlcpgu1JLRUfHGLLLMsm0wqbyJ6fy2rl33V8jg= | 12906 | 4.60465 | 9673.34 | -0.033046 | -0.999454 | 0 | none | 1 | 44.1788 | 2.24101 | 0 | 1 | 1 | 0 | 0 | 0 | 0 | 1 | camera | target | -0.033046 | 0 | -0.999454 | -0.03304
SCRIPT       : DATA_LOG | 601422 | aRapBi1cCZPZAGLIDny3dk3hQ8vTmNTLHRl8zxmKgQ0= | 6337.92 | 9.41337 | 2476.21 | 0.647323 | 0.762216 | 0 | none | -1 | 180 | 0 | 0 | 0 | 0 | 0 | 0 | 0 | 0 | 1 | camera | no_target | 0.647323 | 0 | 0.762216 | 0.647323 | 0 | 0
SCRIPT       : DATA_LOG | 602389 | VEZjSxlcpgu1JLRUfHGLLLMsm0wqbyJ6fy2rl33V8jg= | 12906 | 4.60465 | 9673.34 | -0.033046 | -0.999454 | 0 | none | 1 | 43.9906 | 2.25031 | 0 | 1 | 1 | 0 | 0 | 0 | 0 | 1 | camera | target | -0.033046 | 0 | -0.999454 | -0.03304
SCRIPT       : DATA_LOG | 602416 | aRapBi1cCZPZAGLIDny3dk3hQ8vTmNTLHRl8zxmKgQ0= | 6337.92 | 9.41337 | 2476.21 | 0.647323 | 0.762216 | 0 | none | -1 | 180 | 0 | 0 | 0 | 0 | 0 | 0 | 0 | 0 | 1 | camera | no_target | 0.647323 | 0 | 0.762216 | 0.647323 | 0 | 0
SCRIPT       : DATA_LOG | 603389 | VEZjSxlcpgu1JLRUfHGLLLMsm0wqbyJ6fy2rl33V8jg= | 12906 | 4.60465 | 9673.34 | -0.033046 | -0.999454 | 0 | none | 1 | 44.2295 | 2.23736 | 0 | 1 | 1 | 0 | 0 | 0 | 0 | 1 | camera | target | -0.033046 | 0 | -0.999454 | -0.03304
SCRIPT       : DATA_LOG | 603417 | aRapBi1cCZPZAGLIDny3dk3hQ8vTmNTLHRl8zxmKgQ0= | 6337.92 | 9.41337 | 2476.21 | 0.647323 | 0.762216 | 0 | none | -1 | 180 | 0 | 0 | 0 | 0 | 0 | 0 | 0 | 0 | 1 | camera | no_target | 0.647323 | 0 | 0.762216 | 0.647323 | 0 | 0
SCRIPT       : DATA_LOG | 604391 | VEZjSxlcpgu1JLRUfHGLLLMsm0wqbyJ6fy2rl33V8jg= | 12906 | 4.60465 | 9673.34 | -0.033046 | -0.999454 | 0 | none | 1 | 44.1113 | 2.24393 | 0 | 1 | 1 | 0 | 0 | 0 | 0 | 1 | camera | target | -0.033046 | 0 | -0.999454 | -0.03304
SCRIPT       : DATA_LOG | 604420 | aRapBi1cCZPZAGLIDny3dk3hQ8vTmNTLHRl8zxmKgQ0= | 6337.92 | 9.41337 | 2476.21 | 0.647323 | 0.762216 | 0 | none | -1 | 180 | 0 | 0 | 0 | 0 | 0 | 0 | 0 | 0 | 1 | camera | no_target | 0.647323 | 0 | 0.762216 | 0.647323 | 0 | 0
SCRIPT       : DATA_LOG | 605399 | VEZjSxlcpgu1JLRUfHGLLLMsm0wqbyJ6fy2rl33V8jg= | 12906 | 4.60465 | 9673.34 | -0.033046 | -0.999454 | 0 | none | 1 | 44.2165 | 2.23945 | 0 | 1 | 1 | 0 | 0 | 0 | 0 | 1 | camera | target | -0.033046 | 0 | -0.999454 | -0.03304
SCRIPT       : DATA_LOG | 605435 | aRapBi1cCZPZAGLIDny3dk3hQ8vTmNTLHRl8zxmKgQ0= | 6337.92 | 9.41337 | 2476.21 | 0.647323 | 0.762216 | 0 | none | -1 | 180 | 0 | 0 | 0 | 0 | 0 | 0 | 0 | 0 | 1 | camera | no_target | 0.647323 | 0 | 0.762216 | 0.647323 | 0 | 0
SCRIPT       : DATA_LOG | 606398 | VEZjSxlcpgu1JLRUfHGLLLMsm0wqbyJ6fy2rl33V8jg= | 12906 | 4.60465 | 9673.34 | -0.033046 | -0.999454 | 0 | none | 1 | 44.1745 | 2.24058 | 0 | 1 | 1 | 0 | 0 | 0 | 0 | 1 | camera | target | -0.033046 | 0 | -0.999454 | -0.03304
SCRIPT       : DATA_LOG | 606427 | aRapBi1cCZPZAGLIDny3dk3hQ8vTmNTLHRl8zxmKgQ0= | 6337.92 | 9.41337 | 2476.21 | 0.647323 | 0.762216 | 0 | none | -1 | 180 | 0 | 0 | 0 | 0 | 0 | 0 | 0 | 0 | 1 | camera | no_target | 0.647323 | 0 | 0.762216 | 0.647323 | 0 | 0
SCRIPT       : DATA_LOG | 607394 | VEZjSxlcpgu1JLRUfHGLLLMsm0wqbyJ6fy2rl33V8jg= | 12906 | 4.60465 | 9673.34 | -0.033046 | -0.999454 | 0 | none | 1 | 44.1084 | 2.24355 | 0 | 1 | 1 | 0 | 0 | 0 | 0 | 1 | camera | target | -0.033046 | 0 | -0.999454 | -0.03304
SCRIPT       : DATA_LOG | 607424 | aRapBi1cCZPZAGLIDny3dk3hQ8vTmNTLHRl8zxmKgQ0= | 6337.92 | 9.41337 | 2476.21 | 0.647323 | 0.762216 | 0 | none | -1 | 180 | 0 | 0 | 0 | 0 | 0 | 0 | 0 | 0 | 1 | camera | no_target | 0.647323 | 0 | 0.762216 | 0.647323 | 0 | 0
SCRIPT       : DATA_LOG | 608399 | VEZjSxlcpgu1JLRUfHGLLLMsm0wqbyJ6fy2rl33V8jg= | 12906 | 4.60465 | 9673.34 | -0.033046 | -0.999454 | 0 | none | 1 | 44.2396 | 2.23783 | 0 | 1 | 1 | 0 | 0 | 0 | 0 | 1 | camera | target | -0.033046 | 0 | -0.999454 | -0.03304
SCRIPT       : DATA_LOG | 608429 | aRapBi1cCZPZAGLIDny3dk3hQ8vTmNTLHRl8zxmKgQ0= | 6337.92 | 9.41337 | 2476.21 | 0.647323 | 0.762216 | 0 | none | -1 | 180 | 0 | 0 | 0 | 0 | 0 | 0 | 0 | 0 | 1 | camera | no_target | 0.647323 | 0 | 0.762216 | 0.647323 | 0 | 0
SCRIPT       : DATA_LOG | 609399 | VEZjSxlcpgu1JLRUfHGLLLMsm0wqbyJ6fy2rl33V8jg= | 12906 | 4.60465 | 9673.34 | -0.033046 | -0.999454 | 0 | none | 1 | 43.9598 | 2.2519 | 0 | 1 | 1 | 0 | 0 | 0 | 0 | 1 | camera | target | -0.033046 | 0 | -0.999454 | -0.033046
SCRIPT       : DATA_LOG | 609431 | aRapBi1cCZPZAGLIDny3dk3hQ8vTmNTLHRl8zxmKgQ0= | 6337.92 | 9.41337 | 2476.21 | 0.647323 | 0.762216 | 0 | none | -1 | 180 | 0 | 0 | 0 | 0 | 0 | 0 | 0 | 0 | 1 | camera | no_target | 0.647323 | 0 | 0.762216 | 0.647323 | 0 | 0
SCRIPT       : DATA_LOG | 610397 | VEZjSxlcpgu1JLRUfHGLLLMsm0wqbyJ6fy2rl33V8jg= | 12906 | 4.60465 | 9673.34 | -0.033046 | -0.999454 | 0 | none | 1 | 44.2148 | 2.2382 | 0 | 1 | 1 | 0 | 0 | 0 | 0 | 1 | camera | target | -0.033046 | 0 | -0.999454 | -0.033046
SCRIPT       : DATA_LOG | 610422 | aRapBi1cCZPZAGLIDny3dk3hQ8vTmNTLHRl8zxmKgQ0= | 6337.92 | 9.41337 | 2476.21 | 0.647323 | 0.762216 | 0 | none | -1 | 180 | 0 | 0 | 0 | 0 | 0 | 0 | 0 | 0 | 1 | camera | no_target | 0.647323 | 0 | 0.762216 | 0.647323 | 0 | 0
SCRIPT       : DATA_LOG | 611401 | VEZjSxlcpgu1JLRUfHGLLLMsm0wqbyJ6fy2rl33V8jg= | 12906 | 4.60465 | 9673.34 | -0.033046 | -0.999454 | 0 | none | 1 | 44.1122 | 2.24396 | 0 | 1 | 1 | 0 | 0 | 0 | 0 | 1 | camera | target | -0.033046 | 0 | -0.999454 | -0.03304
SCRIPT       : DATA_LOG | 611426 | aRapBi1cCZPZAGLIDny3dk3hQ8vTmNTLHRl8zxmKgQ0= | 6337.92 | 9.41337 | 2476.21 | 0.647323 | 0.762216 | 0 | none | -1 | 180 | 0 | 0 | 0 | 0 | 0 | 0 | 0 | 0 | 1 | camera | no_target | 0.647323 | 0 | 0.762216 | 0.647323 | 0 | 0
 SCRIPT       : [Logout]: New player aRapBi1cCZPZAGLIDny3dk3hQ8vTmNTLHRl8zxmKgQ0= with logout time 15
 SCRIPT       : Player "rafaelglima79" (steamid=76561199445097358) initiated disconnect process...
SCRIPT       : DATA_LOG | 612401 | VEZjSxlcpgu1JLRUfHGLLLMsm0wqbyJ6fy2rl33V8jg= | 12906 | 4.60465 | 9673.34 | -0.033046 | -0.999454 | 0 | none | 1 | 44.2149 | 2.23943 | 0 | 1 | 1 | 0 | 0 | 0 | 0 | 1 | camera | target | -0.033046 | 0 | -0.999454 | -0.03304
SCRIPT       : DATA_LOG | 612428 | aRapBi1cCZPZAGLIDny3dk3hQ8vTmNTLHRl8zxmKgQ0= | 6337.92 | 9.41337 | 2476.21 | 0.647323 | 0.762216 | 0 | none | -1 | 180 | 0 | 0 | 0 | 0 | 0 | 0 | 0 | 0 | 1 | camera | no_target | 0.647323 | 0 | 0.762216 | 0.647323 | 0 | 0
SCRIPT       : DATA_LOG | 613403 | VEZjSxlcpgu1JLRUfHGLLLMsm0wqbyJ6fy2rl33V8jg= | 12906 | 4.60465 | 9673.34 | -0.033046 | -0.999454 | 0 | none | 1 | 44.1932 | 2.23993 | 0 | 1 | 1 | 0 | 0 | 0 | 0 | 1 | camera | target | -0.033046 | 0 | -0.999454 | -0.03304
SCRIPT       : DATA_LOG | 613428 | aRapBi1cCZPZAGLIDny3dk3hQ8vTmNTLHRl8zxmKgQ0= | 6337.92 | 9.41337 | 2476.21 | 0.647323 | 0.762216 | 0 | none | -1 | 180 | 0 | 0 | 0 | 0 | 0 | 0 | 0 | 0 | 1 | camera | no_target | 0.647323 | 0 | 0.762216 | 0.647323 | 0 | 0
 SCRIPT       : Player "rafaelglima79" (steamid=76561199445097358) disconnected early from server (EXIT NOW).
SCRIPT       : DATA_LOG | 614399 | VEZjSxlcpgu1JLRUfHGLLLMsm0wqbyJ6fy2rl33V8jg= | 12906 | 4.60465 | 9673.34 | -0.033046 | -0.999454 | 0 | none | 1 | 44.0662 | 2.24607 | 0 | 1 | 1 | 0 | 0 | 0 | 0 | 1 | camera | target | -0.033046 | 0 | -0.999454 | -0.03304
SCRIPT       : DATA_LOG | 614419 | aRapBi1cCZPZAGLIDny3dk3hQ8vTmNTLHRl8zxmKgQ0= | 6337.92 | 9.41337 | 2476.21 | 0.647323 | 0.762216 | 0 | none | -1 | 180 | 0 | 0 | 0 | 0 | 0 | 0 | 0 | 0 | 1 | camera | no_target | 0.647323 | 0 | 0.762216 | 0.647323 | 0 | 0
SCRIPT       : DATA_LOG | 615402 | VEZjSxlcpgu1JLRUfHGLLLMsm0wqbyJ6fy2rl33V8jg= | 12906 | 4.60465 | 9673.34 | -0.033046 | -0.999454 | 0 | none | 1 | 44.2664 | 2.23608 | 0 | 1 | 1 | 0 | 0 | 0 | 0 | 1 | camera | target | -0.033046 | 0 | -0.999454 | -0.03304
SCRIPT       : DATA_LOG | 615421 | aRapBi1cCZPZAGLIDny3dk3hQ8vTmNTLHRl8zxmKgQ0= | 6337.92 | 9.41337 | 2476.21 | 0.647323 | 0.762216 | 0 | none | -1 | 180 | 0 | 0 | 0 | 0 | 0 | 0 | 0 | 0 | 1 | camera | no_target | 0.647323 | 0 | 0.762216 | 0.647323 | 0 | 0
SCRIPT       : DATA_LOG | 616406 | VEZjSxlcpgu1JLRUfHGLLLMsm0wqbyJ6fy2rl33V8jg= | 12906 | 4.60465 | 9673.34 | -0.033046 | -0.999454 | 0 | none | 1 | 43.9613 | 2.25195 | 0 | 1 | 1 | 0 | 0 | 0 | 0 | 1 | camera | target | -0.033046 | 0 | -0.999454 | -0.03304
SCRIPT       : DATA_LOG | 616432 | aRapBi1cCZPZAGLIDny3dk3hQ8vTmNTLHRl8zxmKgQ0= | 6337.92 | 9.41337 | 2476.21 | 0.647323 | 0.762216 | 0 | none | -1 | 180 | 0 | 0 | 0 | 0 | 0 | 0 | 0 | 0 | 1 | camera | no_target | 0.647323 | 0 | 0.762216 | 0.647323 | 0 | 0
SCRIPT       : DATA_LOG | 617405 | VEZjSxlcpgu1JLRUfHGLLLMsm0wqbyJ6fy2rl33V8jg= | 12906 | 4.60465 | 9673.34 | -0.033046 | -0.999454 | 0 | none | 1 | 44.1857 | 2.23987 | 0 | 1 | 1 | 0 | 0 | 0 | 0 | 1 | camera | target | -0.033046 | 0 | -0.999454 | -0.03304
SCRIPT       : DATA_LOG | 617425 | aRapBi1cCZPZAGLIDny3dk3hQ8vTmNTLHRl8zxmKgQ0= | 6337.92 | 9.41337 | 2476.21 | 0.647323 | 0.762216 | 0 | none | -1 | 180 | 0 | 0 | 0 | 0 | 0 | 0 | 0 | 0 | 1 | camera | no_target | 0.647323 | 0 | 0.762216 | 0.647323 | 0 | 0
SCRIPT       : DATA_LOG | 618404 | VEZjSxlcpgu1JLRUfHGLLLMsm0wqbyJ6fy2rl33V8jg= | 12906 | 4.60465 | 9673.34 | -0.033046 | -0.999454 | 0 | none | 1 | 44.1272 | 2.24313 | 0 | 1 | 1 | 0 | 0 | 0 | 0 | 1 | camera | target | -0.033046 | 0 | -0.999454 | -0.03304
SCRIPT       : DATA_LOG | 618422 | aRapBi1cCZPZAGLIDny3dk3hQ8vTmNTLHRl8zxmKgQ0= | 6337.92 | 9.41337 | 2476.21 | 0.647323 | 0.762216 | 0 | none | -1 | 180 | 0 | 0 | 0 | 0 | 0 | 0 | 0 | 0 | 1 | camera | no_target | 0.647323 | 0 | 0.762216 | 0.647323 | 0 | 0
SCRIPT       : DATA_LOG | 619408 | VEZjSxlcpgu1JLRUfHGLLLMsm0wqbyJ6fy2rl33V8jg= | 12906 | 4.60465 | 9673.34 | -0.033046 | -0.999454 | 0 | none | 1 | 44.1976 | 2.24014 | 0 | 1 | 1 | 0 | 0 | 0 | 0 | 1 | camera | target | -0.033046 | 0 | -0.999454 | -0.03304
SCRIPT       : DATA_LOG | 619428 | aRapBi1cCZPZAGLIDny3dk3hQ8vTmNTLHRl8zxmKgQ0= | 6337.92 | 9.41337 | 2476.21 | 0.647323 | 0.762216 | 0 | none | -1 | 180 | 0 | 0 | 0 | 0 | 0 | 0 | 0 | 0 | 1 | camera | no_target | 0.647323 | 0 | 0.762216 | 0.647323 | 0 | 0
SCRIPT       : DATA_LOG | 620406 | VEZjSxlcpgu1JLRUfHGLLLMsm0wqbyJ6fy2rl33V8jg= | 12906 | 4.60465 | 9673.34 | -0.033046 | -0.999454 | 0 | none | 1 | 44.2113 | 2.23921 | 0 | 1 | 1 | 0 | 0 | 0 | 0 | 1 | camera | target | -0.033046 | 0 | -0.999454 | -0.03304
SCRIPT       : DATA_LOG | 620423 | aRapBi1cCZPZAGLIDny3dk3hQ8vTmNTLHRl8zxmKgQ0= | 6337.92 | 9.41337 | 2476.21 | 0.647323 | 0.762216 | 0 | none | -1 | 180 | 0 | 0 | 0 | 0 | 0 | 0 | 0 | 0 | 1 | camera | no_target | 0.647323 | 0 | 0.762216 | 0.647323 | 0 | 0
SCRIPT       : DATA_LOG | 621408 | VEZjSxlcpgu1JLRUfHGLLLMsm0wqbyJ6fy2rl33V8jg= | 12906 | 4.60465 | 9673.34 | -0.033046 | -0.999454 | 0 | none | 1 | 44.0496 | 2.24684 | 0 | 1 | 1 | 0 | 0 | 0 | 0 | 1 | camera | target | -0.033046 | 0 | -0.999454 | -0.03304
SCRIPT       : DATA_LOG | 621426 | aRapBi1cCZPZAGLIDny3dk3hQ8vTmNTLHRl8zxmKgQ0= | 6337.92 | 9.41337 | 2476.21 | 0.647323 | 0.762216 | 0 | none | -1 | 180 | 0 | 0 | 0 | 0 | 0 | 0 | 0 | 0 | 1 | camera | no_target | 0.647323 | 0 | 0.762216 | 0.647323 | 0 | 0
SCRIPT       : DATA_LOG | 622412 | VEZjSxlcpgu1JLRUfHGLLLMsm0wqbyJ6fy2rl33V8jg= | 12906 | 4.60465 | 9673.34 | -0.033046 | -0.999454 | 0 | none | 1 | 44.2917 | 2.23427 | 0 | 1 | 1 | 0 | 0 | 0 | 0 | 1 | camera | target | -0.033046 | 0 | -0.999454 | -0.03304
SCRIPT       : DATA_LOG | 622431 | aRapBi1cCZPZAGLIDny3dk3hQ8vTmNTLHRl8zxmKgQ0= | 6337.92 | 9.41337 | 2476.21 | 0.647323 | 0.762216 | 0 | none | -1 | 180 | 0 | 0 | 0 | 0 | 0 | 0 | 0 | 0 | 1 | camera | no_target | 0.647323 | 0 | 0.762216 | 0.647323 | 0 | 0
SCRIPT       : DATA_LOG | 623421 | VEZjSxlcpgu1JLRUfHGLLLMsm0wqbyJ6fy2rl33V8jg= | 12906 | 4.60465 | 9673.34 | -0.033046 | -0.999454 | 0 | none | 1 | 43.977 | 2.25124 | 0 | 1 | 1 | 0 | 0 | 0 | 0 | 1 | camera | target | -0.033046 | 0 | -0.999454 | -0.033046
SCRIPT       : DATA_LOG | 623470 | aRapBi1cCZPZAGLIDny3dk3hQ8vTmNTLHRl8zxmKgQ0= | 6337.92 | 9.41337 | 2476.21 | 0.647323 | 0.762216 | 0 | none | -1 | 180 | 0 | 0 | 0 | 0 | 0 | 0 | 0 | 0 | 1 | camera | no_target | 0.647323 | 0 | 0.762216 | 0.647323 | 0 | 0
SCRIPT       : DATA_LOG | 624410 | VEZjSxlcpgu1JLRUfHGLLLMsm0wqbyJ6fy2rl33V8jg= | 12906 | 4.60465 | 9673.34 | -0.033046 | -0.999454 | 0 | none | 1 | 44.1427 | 2.24236 | 0 | 1 | 1 | 0 | 0 | 0 | 0 | 1 | camera | target | -0.033046 | 0 | -0.999454 | -0.03304
SCRIPT       : DATA_LOG | 624428 | aRapBi1cCZPZAGLIDny3dk3hQ8vTmNTLHRl8zxmKgQ0= | 6337.92 | 9.41337 | 2476.21 | 0.647323 | 0.762216 | 0 | none | -1 | 180 | 0 | 0 | 0 | 0 | 0 | 0 | 0 | 0 | 1 | camera | no_target | 0.647323 | 0 | 0.762216 | 0.647323 | 0 | 0
SCRIPT       : DATA_LOG | 625424 | VEZjSxlcpgu1JLRUfHGLLLMsm0wqbyJ6fy2rl33V8jg= | 12906 | 4.60465 | 9673.34 | -0.033046 | -0.999454 | 0 | none | 1 | 44.1723 | 2.24067 | 0 | 1 | 1 | 0 | 0 | 0 | 0 | 1 | camera | target | -0.033046 | 0 | -0.999454 | -0.03304
SCRIPT       : DATA_LOG | 626422 | VEZjSxlcpgu1JLRUfHGLLLMsm0wqbyJ6fy2rl33V8jg= | 12906 | 4.60465 | 9673.34 | -0.033046 | -0.999454 | 0 | none | 1 | 44.1634 | 2.24165 | 0 | 1 | 1 | 0 | 0 | 0 | 0 | 1 | camera | target | -0.033046 | 0 | -0.999454 | -0.03304
SCRIPT       : [Logout]: Player aRapBi1cCZPZAGLIDny3dk3hQ8vTmNTLHRl8zxmKgQ0= finished
SCRIPT       : [PlayerListManager] SyncEntryToReceivers ► uid: aRapBi1cCZPZAGLIDny3dk3hQ8vTmNTLHRl8zxmKgQ0= isn't in the players list! sending a remove.
SCRIPT       : PlayerDisconnected -> PlayerListManager.RemoveEntry ► aRapBi1cCZPZAGLIDny3dk3hQ8vTmNTLHRl8zxmKgQ0=
SCRIPT       : DATA_LOG | 627422 | VEZjSxlcpgu1JLRUfHGLLLMsm0wqbyJ6fy2rl33V8jg= | 12906 | 4.60465 | 9673.34 | -0.033046 | -0.999454 | 0 | none | 1 | 44.2284 | 2.2385 | 0 | 1 | 1 | 0 | 0 | 0 | 0 | 1 | camera | target | -0.033046 | 0 | -0.999454 | -0.033046
SCRIPT       : DATA_LOG | 628422 | VEZjSxlcpgu1JLRUfHGLLLMsm0wqbyJ6fy2rl33V8jg= | 12906 | 4.60465 | 9673.34 | -0.033046 | -0.999454 | 0 | none | 1 | 44.0801 | 2.24528 | 0 | 1 | 1 | 0 | 0 | 0 | 0 | 1 | camera | target | -0.033046 | 0 | -0.999454 | -0.03304
SCRIPT       : DATA_LOG | 629423 | VEZjSxlcpgu1JLRUfHGLLLMsm0wqbyJ6fy2rl33V8jg= | 12906 | 4.60465 | 9673.34 | -0.033046 | -0.999454 | 0 | none | 1 | 44.2723 | 2.23485 | 0 | 1 | 1 | 0 | 0 | 0 | 0 | 1 | camera | target | -0.033046 | 0 | -0.999454 | -0.03304
SCRIPT       : DATA_LOG | 630426 | VEZjSxlcpgu1JLRUfHGLLLMsm0wqbyJ6fy2rl33V8jg= | 12906 | 4.60465 | 9673.34 | -0.033046 | -0.999454 | 0 | none | 1 | 44.0405 | 2.24817 | 0 | 1 | 1 | 0 | 0 | 0 | 0 | 1 | camera | target | -0.033046 | 0 | -0.999454 | -0.03304
SCRIPT       : DATA_LOG | 631427 | VEZjSxlcpgu1JLRUfHGLLLMsm0wqbyJ6fy2rl33V8jg= | 12906 | 4.60465 | 9673.34 | -0.033046 | -0.999454 | 0 | none | 1 | 44.0828 | 2.24557 | 0 | 1 | 1 | 0 | 0 | 0 | 0 | 1 | camera | target | -0.033046 | 0 | -0.999454 | -0.03304
SCRIPT       : DATA_LOG | 632425 | VEZjSxlcpgu1JLRUfHGLLLMsm0wqbyJ6fy2rl33V8jg= | 12906 | 4.60465 | 9673.34 | -0.033046 | -0.999454 | 0 | none | 1 | 44.2014 | 2.23901 | 0 | 1 | 1 | 0 | 0 | 0 | 0 | 1 | camera | target | -0.033046 | 0 | -0.999454 | -0.03304
SCRIPT       : DATA_LOG | 633428 | VEZjSxlcpgu1JLRUfHGLLLMsm0wqbyJ6fy2rl33V8jg= | 12906 | 4.60465 | 9673.34 | -0.033046 | -0.999454 | 0 | none | 1 | 44.1433 | 2.24234 | 0 | 1 | 1 | 0 | 0 | 0 | 0 | 1 | camera | target | -0.033046 | 0 | -0.999454 | -0.03304
SCRIPT       : DATA_LOG | 634431 | VEZjSxlcpgu1JLRUfHGLLLMsm0wqbyJ6fy2rl33V8jg= | 12906 | 4.60465 | 9673.34 | -0.033046 | -0.999454 | 0 | none | 1 | 44.2456 | 2.23783 | 0 | 1 | 1 | 0 | 0 | 0 | 0 | 1 | camera | target | -0.033046 | 0 | -0.999454 | -0.03304
SCRIPT       : DATA_LOG | 635430 | VEZjSxlcpgu1JLRUfHGLLLMsm0wqbyJ6fy2rl33V8jg= | 12906 | 4.60465 | 9673.34 | -0.033046 | -0.999454 | 0 | none | 1 | 44.1092 | 2.24363 | 0 | 1 | 1 | 0 | 0 | 0 | 0 | 1 | camera | target | -0.033046 | 0 | -0.999454 | -0.03304
SCRIPT       : DATA_LOG | 636430 | VEZjSxlcpgu1JLRUfHGLLLMsm0wqbyJ6fy2rl33V8jg= | 12906 | 4.60465 | 9673.34 | -0.033046 | -0.999454 | 0 | none | 1 | 44.2226 | 2.23705 | 0 | 1 | 1 | 0 | 0 | 0 | 0 | 1 | camera | target | -0.033046 | 0 | -0.999454 | -0.03304
SCRIPT       : DATA_LOG | 637431 | VEZjSxlcpgu1JLRUfHGLLLMsm0wqbyJ6fy2rl33V8jg= | 12906 | 4.60465 | 9673.34 | -0.033046 | -0.999454 | 0 | none | 1 | 44.1025 | 2.245 | 0 | 1 | 1 | 0 | 0 | 0 | 0 | 1 | camera | target | -0.033046 | 0 | -0.999454 | -0.033046 
SCRIPT       : DATA_LOG | 638432 | VEZjSxlcpgu1JLRUfHGLLLMsm0wqbyJ6fy2rl33V8jg= | 12906 | 4.60465 | 9673.34 | -0.033046 | -0.999454 | 0 | none | 1 | 44.0372 | 2.24796 | 0 | 1 | 1 | 0 | 0 | 0 | 0 | 1 | camera | target | -0.033046 | 0 | -0.999454 | -0.03304
SCRIPT       : DATA_LOG | 639434 | VEZjSxlcpgu1JLRUfHGLLLMsm0wqbyJ6fy2rl33V8jg= | 12906 | 4.60465 | 9673.34 | -0.033046 | -0.999454 | 0 | none | 1 | 44.23 | 2.23737 | 0 | 1 | 1 | 0 | 0 | 0 | 0 | 1 | camera | target | -0.033046 | 0 | -0.999454 | -0.033046 
SCRIPT       : DATA_LOG | 640435 | VEZjSxlcpgu1JLRUfHGLLLMsm0wqbyJ6fy2rl33V8jg= | 12906 | 4.60465 | 9673.34 | -0.033046 | -0.999454 | 0 | none | 1 | 44.1255 | 2.24307 | 0 | 1 | 1 | 0 | 0 | 0 | 0 | 1 | camera | target | -0.033046 | 0 | -0.999454 | -0.03304
SCRIPT       : DATA_LOG | 641434 | VEZjSxlcpgu1JLRUfHGLLLMsm0wqbyJ6fy2rl33V8jg= | 12906 | 4.60465 | 9673.34 | -0.033046 | -0.999454 | 0 | none | 1 | 44.2467 | 2.23788 | 0 | 1 | 1 | 0 | 0 | 0 | 0 | 1 | camera | target | -0.033046 | 0 | -0.999454 | -0.03304
SCRIPT       : DATA_LOG | 642437 | VEZjSxlcpgu1JLRUfHGLLLMsm0wqbyJ6fy2rl33V8jg= | 12906 | 4.60465 | 9673.34 | -0.033046 | -0.999454 | 0 | none | 1 | 44.1233 | 2.24276 | 0 | 1 | 1 | 0 | 0 | 0 | 0 | 1 | camera | target | -0.033046 | 0 | -0.999454 | -0.03304
SCRIPT       : DATA_LOG | 643436 | VEZjSxlcpgu1JLRUfHGLLLMsm0wqbyJ6fy2rl33V8jg= | 12906 | 4.60465 | 9673.34 | -0.033046 | -0.999454 | 0 | none | 1 | 44.1923 | 2.23858 | 0 | 1 | 1 | 0 | 0 | 0 | 0 | 1 | camera | target | -0.033046 | 0 | -0.999454 | -0.03304
 SCRIPT       : [Logout]: New player VEZjSxlcpgu1JLRUfHGLLLMsm0wqbyJ6fy2rl33V8jg= with logout time 0
 SCRIPT       : Player "Survivor" (steamid=76561199110912890) initiated disconnect process...
SCRIPT       : [Logout]: Player VEZjSxlcpgu1JLRUfHGLLLMsm0wqbyJ6fy2rl33V8jg= finished
SCRIPT       : [PlayerListManager] SyncEntryToReceivers ► uid: VEZjSxlcpgu1JLRUfHGLLLMsm0wqbyJ6fy2rl33V8jg= isn't in the players list! sending a remove.
SCRIPT       : PlayerDisconnected -> PlayerListManager.RemoveEntry ► VEZjSxlcpgu1JLRUfHGLLLMsm0wqbyJ6fy2rl33V8jg=
 SCRIPT       : [MissionServer] OnMissionFinish - Server
 SCRIPT       : ~DayZGame()
