---------------------------------------------
Log D:\ModelAnti-Cheat\log_profiles\script_2026-09-24_22-06-18.log started at 24.09. 22:06:20

SCRIPT       : Module: GameLib; loaded 18x files; 26x classes; used 39/2097 kB (1%) of static memory; defines: "DAYZ_1_29,SERVER_FOR_WINDOWS,SERVER,PLATFORM_WINDOWS,RELEASE,NO_GUI,NO_GUI_INGAME,sakhal,JM_CommunityFramework,CF_MODULE_CONFIG,CF_EXPRESSION,C
SCRIPT       : Registered 349 temporary action enum(s), UAN==349
SCRIPT       : Module: Game; loaded 521x files; 1604x classes; used 4275/33554 kB (12%) of static memory; defines: "DAYZ_1_29,SERVER_FOR_WINDOWS,SERVER,PLATFORM_WINDOWS,RELEASE,NO_GUI,NO_GUI_INGAME,sakhal,JM_CommunityFramework,CF_MODULE_CONFIG,CF_EXPRESSI
SCRIPT       : ... Backlit Effects Enabled
SCRIPT       : VPPNotificationManager()
SCRIPT       : [VPPAT] Internal VPPNotifications module loaded!
SCRIPT       : [DayZ Game]:: DayZGame(): Initializing V++ Admin Tools.
SCRIPT       : Module: World; loaded 2247x files; 5867x classes; used 9518/33554 kB (28%) of static memory; defines: "DAYZ_1_29,SERVER_FOR_WINDOWS,SERVER,PLATFORM_WINDOWS,RELEASE,NO_GUI,NO_GUI_INGAME,sakhal,JM_CommunityFramework,CF_MODULE_CONFIG,CF_EXPRES
 SCRIPT       : Module: Mission; loaded 293x files; 593x classes; used 3996/33554 kB (11%) of static memory; defines: "DAYZ_1_29,SERVER_FOR_WINDOWS,SERVER,PLATFORM_WINDOWS,RELEASE,NO_GUI,NO_GUI_INGAME,sakhal,JM_CommunityFramework,CF_MODULE_CONFIG,CF_EXPRE
 SCRIPT    (W): @"$CurrentDir:mpmissions\dayzOffline.chernarusplus\init.c,54": Possible variable name conflict 'm_player'
 SCRIPT       : Module: $CurrentDir:mpmissions\dayzOffline.chernarusplus\init.c; loaded 1x files; 1x classes; used 16/1048 kB (1%) of static memory; defines: "DAYZ_1_29,SERVER_FOR_WINDOWS,SERVER,PLATFORM_WINDOWS,RELEASE,NO_GUI,NO_GUI_INGAME,sakhal,JM_Comm
 SCRIPT       : [SERVER :: Vanilla++ AdminTools Plugins Registering]
 SCRIPT       : [MissionServer] OnInit - Server
 SCRIPT       : [MissionServer] OnMissionStart - Server
 SCRIPT       : string dirtyName = 'TESTINGSERVER'
SCRIPT       : m_LoginTimeMs: 16200
 SCRIPT       : ---- PlayerBase OnStoreLoad SUCCESS ----
 SCRIPT       : [VPPAT] Player "rafaelglima79" (steamId=76561199445097358) connected to server!
 SCRIPT       : [PlayerListManager] AddReceiver ► added: PlayerIdentity<0x0000017DBFF694F0>
SCRIPT       : [DUMMY_DEBUG] SUCESSO: Dummy criado na posicao: <7514.241699, 5.990000, 3443.904541>
SCRIPT       : DATA_LOG | 379063 | aRapBi1cCZPZAGLIDny3dk3hQ8vTmNTLHRl8zxmKgQ0= | 7513.44 | 6.01498 | 3441.01 | 0.267872 | 0.963455 | 0 | SCARH_Black | 1 | 0.477654 | 3.00015 | 0 | 1 | 1 | 1 | 0 | 0 | 0 | 1 | camera | none | 0.267872 | 0 | 0.963455 | 0.26
SCRIPT       : DATA_LOG | 379798 | aRapBi1cCZPZAGLIDny3dk3hQ8vTmNTLHRl8zxmKgQ0= | 7513.44 | 6.01498 | 3441.01 | 0.267872 | 0.963455 | 0 | SCARH_Black | 1 | 27.6236 | 3.41987 | 0 | 1 | 1 | 0 | 0 | 0 | 0 | 1 | camera | target | 0.267872 | 0 | 0.963455 | 0.2
SCRIPT       : DATA_LOG | 380793 | aRapBi1cCZPZAGLIDny3dk3hQ8vTmNTLHRl8zxmKgQ0= | 7513.44 | 6.01498 | 3441.01 | 0.267872 | 0.963455 | 0 | SCARH_Black | 1 | 27.6553 | 3.4167 | 0 | 1 | 1 | 0 | 0 | 0 | 0 | 1 | camera | target | 0.267872 | 0 | 0.963455 | 0.26
SCRIPT       : DATA_LOG | 381789 | aRapBi1cCZPZAGLIDny3dk3hQ8vTmNTLHRl8zxmKgQ0= | 7513.44 | 6.01498 | 3441.01 | 0.267872 | 0.963455 | 0 | SCARH_Black | 1 | 27.6019 | 3.42211 | 0 | 1 | 1 | 0 | 0 | 0 | 0 | 1 | camera | target | 0.267872 | 0 | 0.963455 | 0.2
SCRIPT       : DATA_LOG | 382837 | aRapBi1cCZPZAGLIDny3dk3hQ8vTmNTLHRl8zxmKgQ0= | 7513.44 | 6.01498 | 3441.01 | 0.267872 | 0.963455 | 0 | SCARH_Black | 1 | 27.7681 | 3.40736 | 0 | 1 | 1 | 0 | 0 | 0 | 0 | 1 | camera | target | 0.267872 | 0 | 0.963455 | 0.2
SCRIPT       : DATA_LOG | 383838 | aRapBi1cCZPZAGLIDny3dk3hQ8vTmNTLHRl8zxmKgQ0= | 7513.44 | 6.01498 | 3441.01 | 0.267872 | 0.963455 | 0 | SCARH_Black | 1 | 27.5905 | 3.42232 | 0 | 1 | 1 | 0 | 0 | 0 | 0 | 1 | camera | target | 0.267872 | 0 | 0.963455 | 0.2
SCRIPT       : DATA_LOG | 384848 | aRapBi1cCZPZAGLIDny3dk3hQ8vTmNTLHRl8zxmKgQ0= | 7513.44 | 6.01498 | 3441.01 | 0.267872 | 0.963455 | 0 | SCARH_Black | 1 | 27.6744 | 3.41541 | 0 | 1 | 1 | 0 | 0 | 0 | 0 | 1 | camera | target | 0.267872 | 0 | 0.963455 | 0.2
SCRIPT       : DATA_LOG | 385839 | aRapBi1cCZPZAGLIDny3dk3hQ8vTmNTLHRl8zxmKgQ0= | 7513.44 | 6.01498 | 3441.01 | 0.267872 | 0.963455 | 0 | SCARH_Black | 1 | 27.6145 | 3.42168 | 0 | 1 | 1 | 0 | 0 | 0 | 0 | 1 | camera | target | 0.267872 | 0 | 0.963455 | 0.2
SCRIPT       : DATA_LOG | 386840 | aRapBi1cCZPZAGLIDny3dk3hQ8vTmNTLHRl8zxmKgQ0= | 7513.44 | 6.01498 | 3441.01 | 0.267872 | 0.963455 | 0 | SCARH_Black | 1 | 27.6213 | 3.42033 | 0 | 1 | 1 | 0 | 0 | 0 | 0 | 1 | camera | target | 0.267872 | 0 | 0.963455 | 0.2
SCRIPT       : DATA_LOG | 387846 | aRapBi1cCZPZAGLIDny3dk3hQ8vTmNTLHRl8zxmKgQ0= | 7513.44 | 6.01498 | 3441.01 | 0.267872 | 0.963455 | 0 | SCARH_Black | 1 | 27.677 | 3.41511 | 0 | 1 | 1 | 0 | 0 | 0 | 0 | 1 | camera | target | 0.267872 | 0 | 0.963455 | 0.26
SCRIPT       : DATA_LOG | 388847 | aRapBi1cCZPZAGLIDny3dk3hQ8vTmNTLHRl8zxmKgQ0= | 7513.44 | 6.01498 | 3441.01 | 0.267872 | 0.963455 | 0 | SCARH_Black | 1 | 27.583 | 3.42353 | 0 | 1 | 1 | 0 | 0 | 0 | 0 | 1 | camera | target | 0.267872 | 0 | 0.963455 | 0.26
SCRIPT       : DATA_LOG | 389843 | aRapBi1cCZPZAGLIDny3dk3hQ8vTmNTLHRl8zxmKgQ0= | 7513.44 | 6.01498 | 3441.01 | 0.267872 | 0.963455 | 0 | SCARH_Black | 1 | 27.7712 | 3.40719 | 0 | 1 | 1 | 0 | 0 | 0 | 0 | 1 | camera | target | 0.267872 | 0 | 0.963455 | 0.2
SCRIPT       : DATA_LOG | 390844 | aRapBi1cCZPZAGLIDny3dk3hQ8vTmNTLHRl8zxmKgQ0= | 7513.44 | 6.01498 | 3441.01 | 0.267872 | 0.963455 | 0 | SCARH_Black | 1 | 27.6077 | 3.42097 | 0 | 1 | 1 | 0 | 0 | 0 | 0 | 1 | camera | target | 0.267872 | 0 | 0.963455 | 0.2
SCRIPT       : DATA_LOG | 391845 | aRapBi1cCZPZAGLIDny3dk3hQ8vTmNTLHRl8zxmKgQ0= | 7513.44 | 6.01498 | 3441.01 | 0.267872 | 0.963455 | 0 | SCARH_Black | 1 | 27.6641 | 3.4163 | 0 | 1 | 1 | 0 | 0 | 0 | 0 | 1 | camera | target | 0.267872 | 0 | 0.963455 | 0.26
SCRIPT       : DATA_LOG | 392846 | aRapBi1cCZPZAGLIDny3dk3hQ8vTmNTLHRl8zxmKgQ0= | 7513.44 | 6.01498 | 3441.01 | 0.267872 | 0.963455 | 0 | SCARH_Black | 1 | 27.6194 | 3.42104 | 0 | 1 | 1 | 0 | 0 | 0 | 0 | 1 | camera | target | 0.267872 | 0 | 0.963455 | 0.2
SCRIPT       : DATA_LOG | 393852 | aRapBi1cCZPZAGLIDny3dk3hQ8vTmNTLHRl8zxmKgQ0= | 7513.44 | 6.01498 | 3441.01 | 0.267872 | 0.963455 | 0 | SCARH_Black | 1 | 27.608 | 3.42181 | 0 | 1 | 1 | 0 | 0 | 0 | 0 | 1 | camera | target | 0.267872 | 0 | 0.963455 | 0.26
SCRIPT       : DATA_LOG | 394848 | aRapBi1cCZPZAGLIDny3dk3hQ8vTmNTLHRl8zxmKgQ0= | 7513.44 | 6.01498 | 3441.01 | 0.267872 | 0.963455 | 0 | SCARH_Black | 1 | 27.6946 | 3.41365 | 0 | 1 | 1 | 0 | 0 | 0 | 0 | 1 | camera | target | 0.267872 | 0 | 0.963455 | 0.2
SCRIPT       : DATA_LOG | 395871 | aRapBi1cCZPZAGLIDny3dk3hQ8vTmNTLHRl8zxmKgQ0= | 7513.44 | 6.01498 | 3441.01 | 0.267872 | 0.963455 | 0 | SCARH_Black | 1 | 27.5575 | 3.42515 | 0 | 1 | 1 | 0 | 0 | 0 | 0 | 1 | camera | target | 0.267872 | 0 | 0.963455 | 0.2
SCRIPT       : DATA_LOG | 396865 | aRapBi1cCZPZAGLIDny3dk3hQ8vTmNTLHRl8zxmKgQ0= | 7513.44 | 6.01498 | 3441.01 | 0.267872 | 0.963455 | 0 | SCARH_Black | 1 | 27.7684 | 3.40749 | 0 | 1 | 1 | 0 | 0 | 0 | 0 | 1 | camera | target | 0.267872 | 0 | 0.963455 | 0.2
SCRIPT       : DATA_LOG | 397864 | aRapBi1cCZPZAGLIDny3dk3hQ8vTmNTLHRl8zxmKgQ0= | 7513.44 | 6.01498 | 3441.01 | 0.267872 | 0.963455 | 0 | SCARH_Black | 1 | 27.6415 | 3.41828 | 0 | 1 | 1 | 0 | 0 | 0 | 0 | 1 | camera | target | 0.267872 | 0 | 0.963455 | 0.2
 SCRIPT       : ---- PlayerBase OnStoreLoad SUCCESS ----
 SCRIPT       : [VPPAT] Player "Van Grogue" (steamId=76561198282432920) connected to server!
SCRIPT       : DATA_LOG | 399027 | aRapBi1cCZPZAGLIDny3dk3hQ8vTmNTLHRl8zxmKgQ0= | 7513.44 | 6.01498 | 3441.01 | 0.267872 | 0.963455 | 0 | SCARH_Black | 1 | 27.633 | 3.41884 | 0 | 1 | 1 | 0 | 0 | 0 | 0 | 1 | camera | target | 0.267872 | 0 | 0.963455 | 0.26
SCRIPT       : DATA_LOG | 400743 | b6Sjt2-RNGxcRaWm937lmzRlL1ZStO-GKN6nDlCMyV4= | 13888.3 | 20.0844 | 13135.1 | -0.999785 | 0.0207315 | 0 | none | -1 | 180 | 0 | 0 | 0 | 0 | 0 | 0 | 0 | 0 | 1 | camera | no_target | -0.999785 | 0 | 0.0207315 | -0.999785 | 
SCRIPT       : DATA_LOG | 401544 | aRapBi1cCZPZAGLIDny3dk3hQ8vTmNTLHRl8zxmKgQ0= | 7513.44 | 6.01498 | 3441.01 | 0.383783 | 0.923423 | 0 | SCARH_Black | 1 | 28.3727 | 3.42104 | 0 | 1 | 1 | 0 | 0 | 0 | 0 | 1 | camera | target | 0.383783 | 0 | 0.923423 | 0.3
SCRIPT       : DATA_LOG | 401581 | b6Sjt2-RNGxcRaWm937lmzRlL1ZStO-GKN6nDlCMyV4= | 13888.3 | 20.0844 | 13135.1 | -0.999785 | 0.0207315 | 0 | none | -1 | 180 | 0 | 0 | 0 | 0 | 0 | 0 | 0 | 0 | 1 | camera | no_target | -0.999785 | 0 | 0.0207315 | -0.999785 | 
SCRIPT       : DATA_LOG | 402532 | aRapBi1cCZPZAGLIDny3dk3hQ8vTmNTLHRl8zxmKgQ0= | 7513.44 | 6.01498 | 3441.01 | 0.999972 | 0.00748256 | 0 | SCARH_Black | 1 | 75.6348 | 3.42181 | 0 | 1 | 1 | 0 | 0 | 0 | 0 | 1 | camera | target | 0.999972 | 0 | 0.00748256 |
SCRIPT       : DATA_LOG | 402560 | b6Sjt2-RNGxcRaWm937lmzRlL1ZStO-GKN6nDlCMyV4= | 13888.3 | 20.0844 | 13135.1 | -0.999785 | 0.0207315 | 0 | none | -1 | 180 | 0 | 0 | 0 | 0 | 0 | 0 | 0 | 0 | 1 | camera | no_target | -0.999785 | 0 | 0.0207315 | -0.999785 | 
SCRIPT       : DATA_LOG | 403530 | aRapBi1cCZPZAGLIDny3dk3hQ8vTmNTLHRl8zxmKgQ0= | 7513.44 | 6.01498 | 3441.01 | 0.999972 | 0.00748256 | 0 | SCARH_Black | 1 | 75.6602 | 3.41365 | 0 | 1 | 1 | 0 | 0 | 0 | 0 | 1 | camera | target | 0.999972 | 0 | 0.00748256 |
SCRIPT       : DATA_LOG | 403561 | b6Sjt2-RNGxcRaWm937lmzRlL1ZStO-GKN6nDlCMyV4= | 13888.3 | 20.0844 | 13135.1 | -0.999785 | 0.0207315 | 0 | none | -1 | 180 | 0 | 0 | 0 | 0 | 0 | 0 | 0 | 0 | 1 | camera | no_target | -0.999785 | 0 | 0.0207315 | -0.999785 | 
SCRIPT       : DATA_LOG | 404527 | aRapBi1cCZPZAGLIDny3dk3hQ8vTmNTLHRl8zxmKgQ0= | 7513.44 | 6.01498 | 3441.01 | 0.999972 | 0.00748256 | 0 | SCARH_Black | 1 | 75.7159 | 3.42515 | 0 | 1 | 1 | 0 | 0 | 0 | 0 | 1 | camera | target | 0.999972 | 0 | 0.00748256 |
SCRIPT       : DATA_LOG | 404551 | b6Sjt2-RNGxcRaWm937lmzRlL1ZStO-GKN6nDlCMyV4= | 13888.3 | 20.0844 | 13135.1 | -0.999785 | 0.0207315 | 0 | none | -1 | 180 | 0 | 0 | 0 | 0 | 0 | 0 | 0 | 0 | 1 | camera | no_target | -0.999785 | 0 | 0.0207315 | -0.999785 | 
SCRIPT       : DATA_LOG | 405529 | aRapBi1cCZPZAGLIDny3dk3hQ8vTmNTLHRl8zxmKgQ0= | 7513.44 | 6.01498 | 3441.01 | 0.999972 | 0.00748256 | 0 | SCARH_Black | 1 | 75.77 | 3.40749 | 0 | 1 | 1 | 0 | 0 | 0 | 0 | 1 | camera | target | 0.999972 | 0 | 0.00748256 | 0
SCRIPT       : DATA_LOG | 405554 | b6Sjt2-RNGxcRaWm937lmzRlL1ZStO-GKN6nDlCMyV4= | 13888.3 | 20.0844 | 13135.1 | -0.999785 | 0.0207315 | 0 | none | -1 | 180 | 0 | 0 | 0 | 0 | 0 | 0 | 0 | 0 | 1 | camera | no_target | -0.999785 | 0 | 0.0207315 | -0.999785 | 
SCRIPT       : DATA_LOG | 406536 | aRapBi1cCZPZAGLIDny3dk3hQ8vTmNTLHRl8zxmKgQ0= | 7513.44 | 6.01498 | 3441.01 | 0.999972 | 0.00748256 | 0 | SCARH_Black | 1 | 75.7298 | 3.41828 | 0 | 1 | 1 | 0 | 0 | 0 | 0 | 1 | camera | target | 0.999972 | 0 | 0.00748256 |
SCRIPT       : DATA_LOG | 406567 | b6Sjt2-RNGxcRaWm937lmzRlL1ZStO-GKN6nDlCMyV4= | 13888.3 | 20.0844 | 13135.1 | -0.999785 | 0.0207315 | 0 | none | -1 | 180 | 0 | 0 | 0 | 0 | 0 | 0 | 0 | 0 | 1 | camera | no_target | -0.999785 | 0 | 0.0207315 | -0.999785 | 
SCRIPT       : DATA_LOG | 407531 | aRapBi1cCZPZAGLIDny3dk3hQ8vTmNTLHRl8zxmKgQ0= | 7513.44 | 6.01498 | 3441.01 | 0.999972 | 0.00748256 | 0 | SCARH_Black | 1 | 75.7209 | 3.41817 | 0 | 1 | 1 | 0 | 0 | 0 | 0 | 1 | camera | target | 0.999972 | 0 | 0.00748256 |
SCRIPT       : DATA_LOG | 407554 | b6Sjt2-RNGxcRaWm937lmzRlL1ZStO-GKN6nDlCMyV4= | 13888.3 | 20.0844 | 13135.1 | -0.999785 | 0.0207315 | 0 | none | -1 | 180 | 0 | 0 | 0 | 0 | 0 | 0 | 0 | 0 | 1 | camera | no_target | -0.999785 | 0 | 0.0207315 | -0.999785 | 
SCRIPT       : DATA_LOG | 408539 | aRapBi1cCZPZAGLIDny3dk3hQ8vTmNTLHRl8zxmKgQ0= | 7513.44 | 6.01498 | 3441.01 | 0.999972 | 0.00748256 | 0 | SCARH_Black | 1 | 75.6834 | 3.41928 | 0 | 1 | 1 | 0 | 0 | 0 | 0 | 1 | camera | target | 0.999972 | 0 | 0.00748256 |
SCRIPT       : DATA_LOG | 408559 | b6Sjt2-RNGxcRaWm937lmzRlL1ZStO-GKN6nDlCMyV4= | 13888.3 | 20.0844 | 13135.1 | -0.999785 | 0.0207315 | 0 | none | -1 | 180 | 0 | 0 | 0 | 0 | 0 | 0 | 0 | 0 | 1 | camera | no_target | -0.999785 | 0 | 0.0207315 | -0.999785 | 
SCRIPT       : DATA_LOG | 409533 | aRapBi1cCZPZAGLIDny3dk3hQ8vTmNTLHRl8zxmKgQ0= | 7513.44 | 6.01498 | 3441.01 | 0.999972 | 0.00748256 | 0 | SCARH_Black | 1 | 75.6391 | 3.42284 | 0 | 1 | 1 | 0 | 0 | 0 | 0 | 1 | camera | target | 0.999972 | 0 | 0.00748256 |
SCRIPT       : DATA_LOG | 409561 | b6Sjt2-RNGxcRaWm937lmzRlL1ZStO-GKN6nDlCMyV4= | 13888.3 | 20.0844 | 13135.1 | -0.999785 | 0.0207315 | 0 | none | -1 | 180 | 0 | 0 | 0 | 0 | 0 | 0 | 0 | 0 | 1 | camera | no_target | -0.999785 | 0 | 0.0207315 | -0.999785 | 
SCRIPT       : DATA_LOG | 410546 | aRapBi1cCZPZAGLIDny3dk3hQ8vTmNTLHRl8zxmKgQ0= | 7513.44 | 6.01498 | 3441.01 | 0.999972 | 0.00748256 | 0 | SCARH_Black | 1 | 75.6633 | 3.41441 | 0 | 1 | 1 | 0 | 0 | 0 | 0 | 1 | camera | target | 0.999972 | 0 | 0.00748256 |
SCRIPT       : DATA_LOG | 410578 | b6Sjt2-RNGxcRaWm937lmzRlL1ZStO-GKN6nDlCMyV4= | 13888.3 | 20.0844 | 13135.1 | -0.999785 | 0.0207316 | 0 | none | -1 | 180 | 0 | 0 | 0 | 0 | 0 | 0 | 0 | 0 | 1 | camera | no_target | -0.999785 | -0 | 0.0207316 | -0.999785 |
SCRIPT       : DATA_LOG | 411539 | aRapBi1cCZPZAGLIDny3dk3hQ8vTmNTLHRl8zxmKgQ0= | 7513.44 | 6.01498 | 3441.01 | 0.999972 | 0.00748256 | 0 | SCARH_Black | 1 | 75.6857 | 3.42396 | 0 | 1 | 1 | 0 | 0 | 0 | 0 | 1 | camera | target | 0.999972 | 0 | 0.00748256 |
SCRIPT       : DATA_LOG | 411563 | b6Sjt2-RNGxcRaWm937lmzRlL1ZStO-GKN6nDlCMyV4= | 13888.3 | 20.0844 | 13135.1 | -0.999785 | 0.0207316 | 0 | none | -1 | 180 | 0 | 0 | 0 | 0 | 0 | 0 | 0 | 0 | 1 | camera | no_target | -0.999785 | -0 | 0.0207316 | -0.999785 |
SCRIPT       : DATA_LOG | 412541 | aRapBi1cCZPZAGLIDny3dk3hQ8vTmNTLHRl8zxmKgQ0= | 7513.44 | 6.01498 | 3441.01 | 0.999972 | 0.00748256 | 0 | SCARH_Black | 1 | 75.7701 | 3.40959 | 0 | 1 | 1 | 0 | 0 | 0 | 0 | 1 | camera | target | 0.999972 | 0 | 0.00748256 |
SCRIPT       : DATA_LOG | 412566 | b6Sjt2-RNGxcRaWm937lmzRlL1ZStO-GKN6nDlCMyV4= | 13888.3 | 20.0844 | 13135.1 | -0.999785 | 0.0207316 | 0 | none | -1 | 180 | 0 | 0 | 0 | 0 | 0 | 0 | 0 | 0 | 1 | camera | no_target | -0.999785 | -0 | 0.0207316 | -0.999785 |
SCRIPT       : DATA_LOG | 413541 | aRapBi1cCZPZAGLIDny3dk3hQ8vTmNTLHRl8zxmKgQ0= | 7514.03 | 6.01496 | 3441.02 | 0.981906 | 0.189367 | 0 | SCARH_Black | 1 | 76.5432 | 3.32063 | 0 | 1 | 1 | 0 | 0 | 0 | 0 | 1 | camera | target | 0.981906 | 0 | 0.189367 | 0.9
SCRIPT       : DATA_LOG | 413562 | b6Sjt2-RNGxcRaWm937lmzRlL1ZStO-GKN6nDlCMyV4= | 13888.3 | 20.0844 | 13135.1 | -0.999785 | 0.0207316 | 0 | none | -1 | 180 | 0 | 0 | 0 | 0 | 0 | 0 | 0 | 0 | 1 | camera | no_target | -0.999785 | -0 | 0.0207316 | -0.999785 |
SCRIPT       : DATA_LOG | 414543 | aRapBi1cCZPZAGLIDny3dk3hQ8vTmNTLHRl8zxmKgQ0= | 7515.9 | 6.01484 | 3441.72 | -0.206646 | 0.978416 | 1 | SCARH_Black | 1 | 38.0192 | 3.17576 | 0 | 1 | 1 | 0 | 0 | 0 | 0 | 1 | camera | target | -0.206646 | 0 | 0.978416 | -0
SCRIPT       : DATA_LOG | 414565 | b6Sjt2-RNGxcRaWm937lmzRlL1ZStO-GKN6nDlCMyV4= | 13888.3 | 20.0844 | 13135.1 | -0.999785 | 0.0207316 | 0 | none | -1 | 180 | 0 | 0 | 0 | 0 | 0 | 0 | 0 | 0 | 1 | camera | no_target | -0.999785 | -0 | 0.0207316 | -0.999785 |
SCRIPT       : DATA_LOG | 415549 | aRapBi1cCZPZAGLIDny3dk3hQ8vTmNTLHRl8zxmKgQ0= | 7514.55 | 6.01485 | 3443.07 | -0.582705 | 0.812684 | 1 | SCARH_Black | 1 | 61.7682 | 1.82576 | 0 | 1 | 1 | 0 | 0 | 0 | 0 | 1 | camera | target | -0.582705 | 0 | 0.812684 | -
SCRIPT       : DATA_LOG | 415579 | b6Sjt2-RNGxcRaWm937lmzRlL1ZStO-GKN6nDlCMyV4= | 13888.3 | 20.0844 | 13135.1 | -0.999785 | 0.0207316 | 0 | none | -1 | 180 | 0 | 0 | 0 | 0 | 0 | 0 | 0 | 0 | 1 | camera | no_target | -0.999785 | -0 | 0.0207316 | -0.999785 |
SCRIPT       : DATA_LOG | 416550 | aRapBi1cCZPZAGLIDny3dk3hQ8vTmNTLHRl8zxmKgQ0= | 7514.86 | 6.01485 | 3442.79 | -0.663153 | 0.748484 | 1 | SCARH_Black | 1 | 38.8082 | 2.35387 | 0 | 1 | 1 | 0 | 0 | 0 | 0 | 1 | camera | target | -0.663153 | 0 | 0.748484 | -
SCRIPT       : DATA_LOG | 416578 | b6Sjt2-RNGxcRaWm937lmzRlL1ZStO-GKN6nDlCMyV4= | 13888.5 | 20.1488 | 13136.9 | -0.914363 | 0.404895 | 0 | none | -1 | 180 | 0 | 0 | 0 | 0 | 0 | 0 | 0 | 0 | 1 | camera | no_target | -0.914363 | -0 | 0.404895 | -0.914363 | 0
SCRIPT       : DATA_LOG | 417553 | aRapBi1cCZPZAGLIDny3dk3hQ8vTmNTLHRl8zxmKgQ0= | 7516.52 | 6.01498 | 3443.07 | -0.483052 | 0.875592 | 0 | SCARH_Black | 1 | 51.6439 | 3.75979 | 0 | 1 | 1 | 0 | 0 | 0 | 0 | 1 | camera | target | -0.483052 | 0 | 0.875592 | -
SCRIPT       : DATA_LOG | 417585 | b6Sjt2-RNGxcRaWm937lmzRlL1ZStO-GKN6nDlCMyV4= | 13888.5 | 20.1491 | 13136.9 | -0.917319 | 0.398152 | 0 | none | -1 | 180 | 0 | 0 | 0 | 0 | 0 | 0 | 0 | 0 | 1 | camera | no_target | -0.917319 | -0 | 0.398152 | -0.917319 | 0
SCRIPT       : DATA_LOG | 418546 | aRapBi1cCZPZAGLIDny3dk3hQ8vTmNTLHRl8zxmKgQ0= | 7514.81 | 6.01486 | 3443.31 | -0.968546 | 0.248835 | 0 | SCARH_Black | 1 | 43.855 | 2.34116 | 0 | 1 | 1 | 0 | 0 | 0 | 0 | 1 | camera | target | -0.968546 | 0 | 0.248835 | -0
SCRIPT       : DATA_LOG | 418568 | b6Sjt2-RNGxcRaWm937lmzRlL1ZStO-GKN6nDlCMyV4= | 13888.1 | 20.1838 | 13137.6 | -0.512716 | 0.858558 | 0 | none | -1 | 180 | 0 | 0 | 0 | 0 | 0 | 0 | 0 | 0 | 1 | camera | no_target | -0.512716 | -0 | 0.858558 | -0.512716 | 0
SCRIPT       : DATA_LOG | 419556 | aRapBi1cCZPZAGLIDny3dk3hQ8vTmNTLHRl8zxmKgQ0= | 7516.2 | 6.01497 | 3443.49 | -0.26674 | 0.963768 | 0 | SCARH_Black | 1 | 69.3696 | 3.41178 | 0 | 1 | 1 | 0 | 0 | 0 | 0 | 1 | camera | target | -0.26674 | 0 | 0.963768 | -0.2
SCRIPT       : DATA_LOG | 419587 | b6Sjt2-RNGxcRaWm937lmzRlL1ZStO-GKN6nDlCMyV4= | 13888 | 20.4618 | 13138.6 | -0.921057 | 0.389428 | 0 | none | -1 | 180 | 0 | 0 | 0 | 0 | 0 | 0 | 0 | 0 | 1 | camera | no_target | -0.921057 | 0 | 0.389428 | -0.921057 | 0 | 
SCRIPT       : DATA_LOG | 420549 | aRapBi1cCZPZAGLIDny3dk3hQ8vTmNTLHRl8zxmKgQ0= | 7515.4 | 6.01493 | 3446.22 | -0.236338 | 0.971671 | 0 | SCARH_Black | 1 | 119.055 | 3.5552 | 0 | 1 | 1 | 0 | 0 | 0 | 0 | 1 | camera | target | -0.236338 | 0 | 0.971671 | -0.
SCRIPT       : DATA_LOG | 420570 | b6Sjt2-RNGxcRaWm937lmzRlL1ZStO-GKN6nDlCMyV4= | 13886.6 | 20.2408 | 13138.6 | 0.399888 | -0.916564 | 0 | none | -1 | 180 | 0 | 0 | 0 | 0 | 0 | 0 | 0 | 0 | 1 | camera | no_target | 0.399888 | 0 | -0.916564 | 0.399888 | 0 |
SCRIPT       : DATA_LOG | 421552 | aRapBi1cCZPZAGLIDny3dk3hQ8vTmNTLHRl8zxmKgQ0= | 7515.39 | 6.01493 | 3446.25 | -0.236338 | 0.971671 | 0 | SCARH_Black | 1 | 119.359 | 3.55821 | 0 | 1 | 1 | 0 | 0 | 0 | 0 | 1 | camera | target | -0.236338 | 0 | 0.971671 | -
SCRIPT       : DATA_LOG | 421572 | b6Sjt2-RNGxcRaWm937lmzRlL1ZStO-GKN6nDlCMyV4= | 13888.3 | 20.383 | 13138.4 | 0.977861 | 0.209256 | 0 | none | -1 | 180 | 0 | 0 | 0 | 0 | 0 | 0 | 0 | 0 | 1 | camera | no_target | 0.977861 | 0 | 0.209256 | 0.977861 | 0 | 0.
SCRIPT       : DATA_LOG | 422550 | aRapBi1cCZPZAGLIDny3dk3hQ8vTmNTLHRl8zxmKgQ0= | 7515.39 | 6.01493 | 3446.25 | -0.236338 | 0.971671 | 0 | SCARH_Black | 1 | 119.389 | 3.56374 | 0 | 1 | 1 | 0 | 0 | 0 | 0 | 1 | camera | target | -0.236338 | -0 | 0.971671 | 
SCRIPT       : DATA_LOG | 422573 | b6Sjt2-RNGxcRaWm937lmzRlL1ZStO-GKN6nDlCMyV4= | 13888.6 | 20.4704 | 13138.3 | 0.976553 | 0.215277 | 0 | none | -1 | 180 | 0 | 0 | 0 | 0 | 0 | 0 | 0 | 0 | 1 | camera | no_target | 0.976553 | 0 | 0.215277 | 0.976553 | 0 | 0
 SCRIPT       : [Permissions Manager] Admin (rafaelglima79) (76561199445097358) Successfully Logged in!
SCRIPT       : DATA_LOG | 423549 | aRapBi1cCZPZAGLIDny3dk3hQ8vTmNTLHRl8zxmKgQ0= | 7515.39 | 6.01493 | 3446.25 | -0.236338 | 0.971671 | 0 | SCARH_Black | 1 | 119.374 | 3.55608 | 0 | 1 | 1 | 0 | 0 | 0 | 0 | 1 | camera | target | -0.236338 | -0 | 0.971671 | 
SCRIPT       : DATA_LOG | 423568 | b6Sjt2-RNGxcRaWm937lmzRlL1ZStO-GKN6nDlCMyV4= | 13888.9 | 20.3773 | 13138 | 0.850792 | 0.525502 | 0 | none | -1 | 180 | 0 | 0 | 0 | 0 | 0 | 0 | 0 | 0 | 1 | camera | no_target | 0.850792 | 0 | 0.525502 | 0.850792 | 0 | 0.5
SCRIPT       : DATA_LOG | 424552 | aRapBi1cCZPZAGLIDny3dk3hQ8vTmNTLHRl8zxmKgQ0= | 7515.39 | 6.01493 | 3446.25 | -0.236338 | 0.971671 | 0 | SCARH_Black | 1 | 119.442 | 3.56145 | 0 | 1 | 1 | 0 | 0 | 0 | 0 | 1 | camera | target | -0.236338 | -0 | 0.971671 | 
SCRIPT       : DATA_LOG | 424573 | b6Sjt2-RNGxcRaWm937lmzRlL1ZStO-GKN6nDlCMyV4= | 13888.9 | 20.3582 | 13138 | 0.464512 | 0.885567 | 0 | none | -1 | 180 | 0 | 0 | 0 | 0 | 0 | 0 | 0 | 0 | 1 | camera | no_target | 0.464512 | 0 | 0.885567 | 0.464512 | 0 | 0.8
SCRIPT       : DATA_LOG | 425554 | aRapBi1cCZPZAGLIDny3dk3hQ8vTmNTLHRl8zxmKgQ0= | 7515.39 | 6.01493 | 3446.25 | -0.236338 | 0.971671 | 0 | SCARH_Black | 1 | 119.373 | 3.55696 | 0 | 1 | 1 | 0 | 0 | 0 | 0 | 1 | camera | target | -0.236338 | -0 | 0.971671 | 
SCRIPT       : DATA_LOG | 425575 | b6Sjt2-RNGxcRaWm937lmzRlL1ZStO-GKN6nDlCMyV4= | 13886.6 | 20.2088 | 13137 | -0.0887802 | 0.996051 | 0 | none | -1 | 180 | 0 | 0 | 0 | 0 | 0 | 0 | 0 | 0 | 1 | camera | no_target | -0.0887802 | 0 | 0.996051 | -0.0887802 | 0
SCRIPT       : DATA_LOG | 426564 | aRapBi1cCZPZAGLIDny3dk3hQ8vTmNTLHRl8zxmKgQ0= | 7515.39 | 6.01493 | 3446.25 | -0.236338 | 0.971671 | 0 | SCARH_Black | 1 | 119.372 | 3.56483 | 0 | 1 | 1 | 0 | 0 | 0 | 0 | 1 | camera | target | -0.236338 | -0 | 0.971671 | 
SCRIPT       : DATA_LOG | 426590 | b6Sjt2-RNGxcRaWm937lmzRlL1ZStO-GKN6nDlCMyV4= | 13884.9 | 20.4867 | 13138.6 | -0.97581 | -0.218621 | 0 | none | -1 | 180 | 0 | 0 | 0 | 0 | 0 | 0 | 0 | 0 | 1 | camera | no_target | -0.97581 | 0 | -0.218621 | -0.97581 | 0 |
SCRIPT       : DATA_LOG | 427559 | aRapBi1cCZPZAGLIDny3dk3hQ8vTmNTLHRl8zxmKgQ0= | 7515.39 | 6.01493 | 3446.25 | -0.236338 | 0.971671 | 0 | SCARH_Black | 1 | 119.454 | 3.57083 | 0 | 1 | 1 | 0 | 0 | 0 | 0 | 1 | camera | target | -0.236338 | -0 | 0.971671 | 
SCRIPT       : DATA_LOG | 427581 | b6Sjt2-RNGxcRaWm937lmzRlL1ZStO-GKN6nDlCMyV4= | 13884.3 | 20.3079 | 13136.9 | -0.587909 | -0.808927 | 0 | none | -1 | 180 | 0 | 0 | 0 | 0 | 0 | 0 | 0 | 0 | 1 | camera | no_target | -0.587909 | 0 | -0.808927 | -0.587909 | 
SCRIPT       : DATA_LOG | 428558 | aRapBi1cCZPZAGLIDny3dk3hQ8vTmNTLHRl8zxmKgQ0= | 7515.39 | 6.01493 | 3446.25 | -0.236338 | 0.971671 | 0 | SCARH_Black | 1 | 119.346 | 3.55732 | 0 | 1 | 1 | 0 | 0 | 0 | 0 | 1 | camera | target | -0.236338 | -0 | 0.971671 | 
SCRIPT       : DATA_LOG | 428584 | b6Sjt2-RNGxcRaWm937lmzRlL1ZStO-GKN6nDlCMyV4= | 13887.3 | 20.1956 | 13138 | 0.296174 | -0.955134 | 0 | none | -1 | 180 | 0 | 0 | 0 | 0 | 0 | 0 | 0 | 0 | 1 | camera | no_target | 0.296174 | 0 | -0.955134 | 0.296174 | 0 | -
SCRIPT       : DATA_LOG | 429565 | aRapBi1cCZPZAGLIDny3dk3hQ8vTmNTLHRl8zxmKgQ0= | 7515.39 | 6.01493 | 3446.25 | -0.236338 | 0.971671 | 0 | SCARH_Black | 1 | 119.393 | 3.5652 | 0 | 1 | 1 | 0 | 0 | 0 | 0 | 1 | camera | target | -0.236338 | -0 | 0.971671 | -
SCRIPT       : DATA_LOG | 429599 | b6Sjt2-RNGxcRaWm937lmzRlL1ZStO-GKN6nDlCMyV4= | 13888 | 20.0841 | 13135 | 0.0605867 | -0.998163 | 0 | none | -1 | 180 | 0 | 0 | 0 | 0 | 0 | 0 | 0 | 0 | 1 | camera | no_target | 0.0605867 | 0 | -0.998163 | 0.0605867 | 0 | 
SCRIPT       : DATA_LOG | 430563 | aRapBi1cCZPZAGLIDny3dk3hQ8vTmNTLHRl8zxmKgQ0= | 7515.39 | 6.01493 | 3446.25 | -0.236338 | 0.971671 | 0 | SCARH_Black | 1 | 119.382 | 3.55663 | 0 | 1 | 1 | 0 | 0 | 0 | 0 | 1 | camera | target | -0.236338 | -0 | 0.971671 | 
SCRIPT       : DATA_LOG | 430588 | b6Sjt2-RNGxcRaWm937lmzRlL1ZStO-GKN6nDlCMyV4= | 13887.9 | 20.1323 | 13136.2 | 0.0893279 | -0.996002 | 0 | none | -1 | 180 | 0 | 0 | 0 | 0 | 0 | 0 | 0 | 0 | 1 | camera | no_target | 0.0893279 | 0 | -0.996002 | 0.0893279 | 
SCRIPT       : DATA_LOG | 431559 | aRapBi1cCZPZAGLIDny3dk3hQ8vTmNTLHRl8zxmKgQ0= | 7515.39 | 6.01493 | 3446.25 | -0.236338 | 0.971671 | 0 | SCARH_Black | 1 | 119.429 | 3.5595 | 0 | 1 | 1 | 0 | 0 | 0 | 0 | 1 | camera | target | -0.236338 | -0 | 0.971671 | -
SCRIPT       : DATA_LOG | 431579 | b6Sjt2-RNGxcRaWm937lmzRlL1ZStO-GKN6nDlCMyV4= | 13888 | 20.1116 | 13135.7 | 0.128351 | -0.991729 | 0 | none | -1 | 180 | 0 | 0 | 0 | 0 | 0 | 0 | 0 | 0 | 1 | camera | no_target | 0.128351 | 0 | -0.991729 | 0.128351 | 0 | -
SCRIPT       : DATA_LOG | 432567 | aRapBi1cCZPZAGLIDny3dk3hQ8vTmNTLHRl8zxmKgQ0= | 7515.39 | 6.01493 | 3446.25 | -0.236338 | 0.971671 | 0 | SCARH_Black | 1 | 119.422 | 3.55947 | 0 | 1 | 1 | 0 | 0 | 0 | 0 | 1 | camera | target | -0.236338 | -0 | 0.971671 | 
SCRIPT       : DATA_LOG | 432595 | b6Sjt2-RNGxcRaWm937lmzRlL1ZStO-GKN6nDlCMyV4= | 13888.3 | 20.0635 | 13132.8 | -0.265504 | -0.96411 | 0 | none | -1 | 180 | 0 | 0 | 0 | 0 | 0 | 0 | 0 | 0 | 1 | camera | no_target | -0.265504 | 0 | -0.96411 | -0.265504 | 0 
SCRIPT       : DATA_LOG | 433562 | aRapBi1cCZPZAGLIDny3dk3hQ8vTmNTLHRl8zxmKgQ0= | 7515.39 | 6.01493 | 3446.25 | -0.236338 | 0.971671 | 0 | SCARH_Black | 1 | 119.345 | 3.56131 | 0 | 1 | 1 | 0 | 0 | 0 | 0 | 1 | camera | target | -0.236338 | -0 | 0.971671 | 
SCRIPT       : DATA_LOG | 433581 | b6Sjt2-RNGxcRaWm937lmzRlL1ZStO-GKN6nDlCMyV4= | 13887.6 | 20.1228 | 13131.3 | -0.816978 | -0.576669 | 0 | none | -1 | 180 | 0 | 0 | 0 | 0 | 0 | 0 | 0 | 0 | 1 | camera | no_target | -0.816978 | 0 | -0.576669 | -0.816978 | 
SCRIPT       : DATA_LOG | 434562 | aRapBi1cCZPZAGLIDny3dk3hQ8vTmNTLHRl8zxmKgQ0= | 7515.39 | 6.01493 | 3446.25 | -0.236338 | 0.971671 | 0 | SCARH_Black | 1 | 119.472 | 3.57313 | 0 | 1 | 1 | 0 | 0 | 0 | 0 | 1 | camera | target | -0.236338 | -0 | 0.971671 | 
SCRIPT       : DATA_LOG | 434582 | b6Sjt2-RNGxcRaWm937lmzRlL1ZStO-GKN6nDlCMyV4= | 13885 | 20.1366 | 13128.4 | -0.740108 | -0.672488 | 0 | none | -1 | 180 | 0 | 0 | 0 | 0 | 0 | 0 | 0 | 0 | 1 | camera | no_target | -0.740108 | 0 | -0.672488 | -0.740108 | 0 
SCRIPT       : DATA_LOG | 435562 | aRapBi1cCZPZAGLIDny3dk3hQ8vTmNTLHRl8zxmKgQ0= | 7515.39 | 6.01493 | 3446.25 | -0.236338 | 0.971671 | 0 | SCARH_Black | 1 | 119.343 | 3.55782 | 0 | 1 | 1 | 0 | 0 | 0 | 0 | 1 | camera | target | -0.236338 | -0 | 0.971671 | 
SCRIPT       : DATA_LOG | 435583 | b6Sjt2-RNGxcRaWm937lmzRlL1ZStO-GKN6nDlCMyV4= | 13882.7 | 20.3055 | 13126.3 | -0.740073 | -0.672526 | 0 | none | -1 | 180 | 0 | 0 | 0 | 0 | 0 | 0 | 0 | 0 | 1 | camera | no_target | -0.740073 | 0 | -0.672526 | -0.740073 | 
SCRIPT       : DATA_LOG | 436565 | aRapBi1cCZPZAGLIDny3dk3hQ8vTmNTLHRl8zxmKgQ0= | 7515.39 | 6.01493 | 3446.25 | -0.236338 | 0.971671 | 0 | SCARH_Black | 1 | 119.398 | 3.56556 | 0 | 1 | 1 | 0 | 0 | 0 | 0 | 1 | camera | target | -0.236338 | -0 | 0.971671 | 
SCRIPT       : DATA_LOG | 436585 | b6Sjt2-RNGxcRaWm937lmzRlL1ZStO-GKN6nDlCMyV4= | 13881.2 | 21.0551 | 13123.9 | -0.740073 | -0.672526 | 0 | none | -1 | 180 | 0 | 0 | 0 | 0 | 0 | 0 | 0 | 0 | 1 | camera | no_target | -0.740073 | 0 | -0.672526 | -0.740073 | 
SCRIPT       : DATA_LOG | 437565 | aRapBi1cCZPZAGLIDny3dk3hQ8vTmNTLHRl8zxmKgQ0= | 7515.39 | 6.01493 | 3446.25 | -0.236338 | 0.971671 | 0 | SCARH_Black | 1 | 119.391 | 3.5578 | 0 | 1 | 1 | 0 | 0 | 0 | 0 | 1 | camera | target | -0.236338 | -0 | 0.971671 | -
SCRIPT       : DATA_LOG | 437587 | b6Sjt2-RNGxcRaWm937lmzRlL1ZStO-GKN6nDlCMyV4= | 13878.9 | 21.055 | 13120.6 | -0.596371 | -0.802709 | 0 | none | -1 | 180 | 0 | 0 | 0 | 0 | 0 | 0 | 0 | 0 | 1 | camera | no_target | -0.596371 | 0 | -0.802709 | -0.596371 | 0
SCRIPT       : DATA_LOG | 438598 | aRapBi1cCZPZAGLIDny3dk3hQ8vTmNTLHRl8zxmKgQ0= | 7515.39 | 6.01493 | 3446.25 | -0.236338 | 0.971671 | 0 | SCARH_Black | 1 | 119.421 | 3.55863 | 0 | 1 | 1 | 0 | 0 | 0 | 0 | 1 | camera | target | -0.236338 | -0 | 0.971671 | 
SCRIPT       : DATA_LOG | 438625 | b6Sjt2-RNGxcRaWm937lmzRlL1ZStO-GKN6nDlCMyV4= | 13875.7 | 21.0551 | 13118.5 | -0.633523 | 0.773723 | 0 | none | -1 | 180 | 0 | 0 | 0 | 0 | 0 | 0 | 0 | 0 | 1 | camera | no_target | -0.633523 | 0 | 0.773723 | -0.633523 | 0 
SCRIPT       : DATA_LOG | 439598 | aRapBi1cCZPZAGLIDny3dk3hQ8vTmNTLHRl8zxmKgQ0= | 7515.39 | 6.01493 | 3446.25 | -0.236338 | 0.971671 | 0 | SCARH_Black | 1 | 119.461 | 3.56268 | 0 | 1 | 1 | 0 | 0 | 0 | 0 | 1 | camera | target | -0.236338 | -0 | 0.971671 | 
SCRIPT       : DATA_LOG | 439623 | b6Sjt2-RNGxcRaWm937lmzRlL1ZStO-GKN6nDlCMyV4= | 13874.3 | 21.0551 | 13118.7 | 0.310222 | 0.950664 | 0 | none | -1 | 180 | 0 | 0 | 0 | 0 | 0 | 0 | 0 | 0 | 1 | camera | no_target | 0.310222 | 0 | 0.950664 | 0.310222 | 0 | 0
SCRIPT       : DATA_LOG | 440595 | aRapBi1cCZPZAGLIDny3dk3hQ8vTmNTLHRl8zxmKgQ0= | 7515.39 | 6.01493 | 3446.25 | -0.236338 | 0.971671 | 0 | SCARH_Black | 1 | 119.332 | 3.55863 | 0 | 1 | 1 | 0 | 0 | 0 | 0 | 1 | camera | target | -0.236338 | -0 | 0.971671 | 
SCRIPT       : DATA_LOG | 440614 | b6Sjt2-RNGxcRaWm937lmzRlL1ZStO-GKN6nDlCMyV4= | 13874.9 | 21.055 | 13120.3 | 0.376116 | 0.926573 | 0 | none | -1 | 180 | 0 | 0 | 0 | 0 | 0 | 0 | 0 | 0 | 1 | camera | no_target | 0.376116 | 0 | 0.926573 | 0.376116 | 0 | 0.
SCRIPT       : DATA_LOG | 441597 | aRapBi1cCZPZAGLIDny3dk3hQ8vTmNTLHRl8zxmKgQ0= | 7515.39 | 6.01493 | 3446.25 | -0.236338 | 0.971671 | 0 | SCARH_Black | 1 | 119.478 | 3.57415 | 0 | 1 | 1 | 0 | 0 | 0 | 0 | 1 | camera | target | -0.236338 | -0 | 0.971671 | 
SCRIPT       : DATA_LOG | 441619 | b6Sjt2-RNGxcRaWm937lmzRlL1ZStO-GKN6nDlCMyV4= | 13875 | 21.055 | 13120.4 | -0.221772 | 0.975099 | 0 | none | -1 | 180 | 0 | 0 | 0 | 0 | 0 | 0 | 0 | 0 | 1 | camera | no_target | -0.221772 | -0 | 0.975099 | -0.221772 | 0 | 
SCRIPT       : DATA_LOG | 442599 | aRapBi1cCZPZAGLIDny3dk3hQ8vTmNTLHRl8zxmKgQ0= | 7515.39 | 6.01493 | 3446.25 | -0.236338 | 0.971671 | 0 | SCARH_Black | 1 | 119.349 | 3.55885 | 0 | 1 | 1 | 0 | 0 | 0 | 0 | 1 | camera | target | -0.236338 | -0 | 0.971671 | 
SCRIPT       : DATA_LOG | 442630 | b6Sjt2-RNGxcRaWm937lmzRlL1ZStO-GKN6nDlCMyV4= | 13876.5 | 21.055 | 13122.2 | 0.355782 | 0.934569 | 0 | none | -1 | 180 | 0 | 0 | 0 | 0 | 0 | 0 | 0 | 0 | 1 | camera | no_target | 0.355782 | 0 | 0.934569 | 0.355782 | 0 | 0.
SCRIPT       : DATA_LOG | 443594 | aRapBi1cCZPZAGLIDny3dk3hQ8vTmNTLHRl8zxmKgQ0= | 7515.39 | 6.01493 | 3446.25 | -0.236338 | 0.971671 | 0 | SCARH_Black | 1 | 119.4 | 3.5651 | 0 | 1 | 1 | 0 | 0 | 0 | 0 | 1 | camera | target | -0.236338 | -0 | 0.971671 | -0.
SCRIPT       : DATA_LOG | 443620 | b6Sjt2-RNGxcRaWm937lmzRlL1ZStO-GKN6nDlCMyV4= | 13876.5 | 21.055 | 13122.3 | -0.984295 | -0.176534 | 0 | none | -1 | 180 | 0 | 0 | 0 | 0 | 0 | 0 | 0 | 0 | 1 | camera | no_target | -0.984295 | 0 | -0.176534 | -0.984295 | 0
SCRIPT       : DATA_LOG | 444595 | aRapBi1cCZPZAGLIDny3dk3hQ8vTmNTLHRl8zxmKgQ0= | 7515.39 | 6.01493 | 3446.25 | -0.236338 | 0.971671 | 0 | SCARH_Black | 1 | 119.393 | 3.55837 | 0 | 1 | 1 | 0 | 0 | 0 | 0 | 1 | camera | target | -0.236338 | -0 | 0.971671 | 
SCRIPT       : DATA_LOG | 444616 | b6Sjt2-RNGxcRaWm937lmzRlL1ZStO-GKN6nDlCMyV4= | 13876.5 | 21.055 | 13122.3 | -0.984294 | -0.176539 | 0 | none | -1 | 180 | 0 | 0 | 0 | 0 | 0 | 0 | 0 | 0 | 1 | camera | no_target | -0.984294 | 0 | -0.176539 | -0.984294 | 0
SCRIPT       : DATA_LOG | 445606 | aRapBi1cCZPZAGLIDny3dk3hQ8vTmNTLHRl8zxmKgQ0= | 7515.39 | 6.01493 | 3446.25 | -0.236338 | 0.971671 | 0 | SCARH_Black | 1 | 119.414 | 3.55769 | 0 | 1 | 1 | 0 | 0 | 0 | 0 | 1 | camera | target | -0.236338 | -0 | 0.971671 | 
SCRIPT       : DATA_LOG | 445632 | b6Sjt2-RNGxcRaWm937lmzRlL1ZStO-GKN6nDlCMyV4= | 13876.5 | 21.055 | 13122.3 | -0.984294 | -0.176539 | 0 | none | -1 | 180 | 0 | 0 | 0 | 0 | 0 | 0 | 0 | 0 | 1 | camera | no_target | -0.984294 | 0 | -0.176539 | -0.984294 | 0
SCRIPT       : DATA_LOG | 446600 | aRapBi1cCZPZAGLIDny3dk3hQ8vTmNTLHRl8zxmKgQ0= | 7515.39 | 6.01493 | 3446.25 | -0.236338 | 0.971671 | 0 | SCARH_Black | 1 | 119.479 | 3.56507 | 0 | 1 | 1 | 0 | 0 | 0 | 0 | 1 | camera | target | -0.236338 | -0 | 0.971671 | 
SCRIPT       : DATA_LOG | 446628 | b6Sjt2-RNGxcRaWm937lmzRlL1ZStO-GKN6nDlCMyV4= | 13876.5 | 21.055 | 13122.2 | -0.892537 | -0.450975 | 0 | none | -1 | 180 | 0 | 0 | 0 | 0 | 0 | 0 | 0 | 0 | 1 | camera | no_target | -0.892537 | 0 | -0.450975 | -0.892537 | 0
SCRIPT       : DATA_LOG | 447601 | aRapBi1cCZPZAGLIDny3dk3hQ8vTmNTLHRl8zxmKgQ0= | 7515.39 | 6.01493 | 3446.25 | -0.236338 | 0.971671 | 0 | SCARH_Black | 1 | 119.316 | 3.55571 | 0 | 1 | 1 | 0 | 0 | 0 | 0 | 1 | camera | target | -0.236338 | -0 | 0.971671 | 
SCRIPT       : DATA_LOG | 447622 | b6Sjt2-RNGxcRaWm937lmzRlL1ZStO-GKN6nDlCMyV4= | 13875.6 | 21.055 | 13121.2 | -0.606076 | -0.795407 | 0 | none | -1 | 180 | 0 | 0 | 0 | 0 | 0 | 0 | 0 | 0 | 1 | camera | no_target | -0.606076 | 0 | -0.795407 | -0.606076 | 0
SCRIPT       : DATA_LOG | 448610 | aRapBi1cCZPZAGLIDny3dk3hQ8vTmNTLHRl8zxmKgQ0= | 7515.39 | 6.01493 | 3446.25 | -0.236338 | 0.971671 | 0 | SCARH_Black | 1 | 119.473 | 3.57447 | 0 | 1 | 1 | 0 | 0 | 0 | 0 | 1 | camera | target | -0.236338 | -0 | 0.971671 | 
SCRIPT       : DATA_LOG | 448642 | b6Sjt2-RNGxcRaWm937lmzRlL1ZStO-GKN6nDlCMyV4= | 13875.6 | 21.055 | 13121.2 | -0.606076 | -0.795407 | 0 | none | -1 | 180 | 0 | 0 | 0 | 0 | 0 | 0 | 0 | 0 | 1 | camera | no_target | -0.606076 | 0 | -0.795407 | -0.606076 | 0
SCRIPT       : DATA_LOG | 449611 | aRapBi1cCZPZAGLIDny3dk3hQ8vTmNTLHRl8zxmKgQ0= | 7515.39 | 6.01493 | 3446.25 | -0.236338 | 0.971671 | 0 | SCARH_Black | 1 | 119.367 | 3.56124 | 0 | 1 | 1 | 0 | 0 | 0 | 0 | 1 | camera | target | -0.236338 | -0 | 0.971671 | 
SCRIPT       : DATA_LOG | 449642 | b6Sjt2-RNGxcRaWm937lmzRlL1ZStO-GKN6nDlCMyV4= | 13875.6 | 21.055 | 13121.2 | -0.606076 | -0.795407 | 0 | none | -1 | 180 | 0 | 0 | 0 | 0 | 0 | 0 | 0 | 0 | 1 | camera | no_target | -0.606076 | 0 | -0.795407 | -0.606076 | 0
SCRIPT       : DATA_LOG | 450612 | aRapBi1cCZPZAGLIDny3dk3hQ8vTmNTLHRl8zxmKgQ0= | 7515.39 | 6.01493 | 3446.25 | -0.236338 | 0.971671 | 0 | SCARH_Black | 1 | 119.393 | 3.56346 | 0 | 1 | 1 | 0 | 0 | 0 | 0 | 1 | camera | target | -0.236338 | -0 | 0.971671 | 
SCRIPT       : DATA_LOG | 450642 | b6Sjt2-RNGxcRaWm937lmzRlL1ZStO-GKN6nDlCMyV4= | 13875.6 | 21.055 | 13121.2 | -0.606076 | -0.795407 | 0 | none | -1 | 180 | 0 | 0 | 0 | 0 | 0 | 0 | 0 | 0 | 1 | camera | no_target | -0.606076 | 0 | -0.795407 | -0.606076 | 0
SCRIPT       : DATA_LOG | 451608 | aRapBi1cCZPZAGLIDny3dk3hQ8vTmNTLHRl8zxmKgQ0= | 7515.39 | 6.01493 | 3446.25 | -0.236338 | 0.971671 | 0 | SCARH_Black | 1 | 119.401 | 3.55995 | 0 | 1 | 1 | 0 | 0 | 0 | 0 | 1 | camera | target | -0.236338 | -0 | 0.971671 | 
SCRIPT       : DATA_LOG | 451637 | b6Sjt2-RNGxcRaWm937lmzRlL1ZStO-GKN6nDlCMyV4= | 13875.6 | 21.055 | 13121.2 | -0.606076 | -0.795407 | 0 | none | -1 | 180 | 0 | 0 | 0 | 0 | 0 | 0 | 0 | 0 | 1 | camera | no_target | -0.606076 | 0 | -0.795407 | -0.606076 | 0
SCRIPT       : DATA_LOG | 452623 | aRapBi1cCZPZAGLIDny3dk3hQ8vTmNTLHRl8zxmKgQ0= | 7515.39 | 6.01493 | 3446.25 | -0.236338 | 0.971671 | 0 | SCARH_Black | 1 | 119.404 | 3.55658 | 0 | 1 | 1 | 0 | 0 | 0 | 0 | 1 | camera | target | -0.236338 | -0 | 0.971671 | 
SCRIPT       : DATA_LOG | 452653 | b6Sjt2-RNGxcRaWm937lmzRlL1ZStO-GKN6nDlCMyV4= | 13875.6 | 21.055 | 13121.2 | -0.606076 | -0.795407 | 0 | none | -1 | 180 | 0 | 0 | 0 | 0 | 0 | 0 | 0 | 0 | 1 | camera | no_target | -0.606076 | 0 | -0.795407 | -0.606076 | 0
SCRIPT       : DATA_LOG | 453616 | aRapBi1cCZPZAGLIDny3dk3hQ8vTmNTLHRl8zxmKgQ0= | 7515.39 | 6.01493 | 3446.25 | -0.236338 | 0.971671 | 0 | SCARH_Black | 1 | 119.482 | 3.56524 | 0 | 1 | 1 | 0 | 0 | 0 | 0 | 1 | camera | target | -0.236338 | -0 | 0.971671 | 
SCRIPT       : DATA_LOG | 453646 | b6Sjt2-RNGxcRaWm937lmzRlL1ZStO-GKN6nDlCMyV4= | 13875.6 | 21.055 | 13121.2 | -0.606076 | -0.795407 | 0 | none | -1 | 180 | 0 | 0 | 0 | 0 | 0 | 0 | 0 | 0 | 1 | camera | no_target | -0.606076 | 0 | -0.795407 | -0.606076 | 0
SCRIPT       : DATA_LOG | 454615 | aRapBi1cCZPZAGLIDny3dk3hQ8vTmNTLHRl8zxmKgQ0= | 7515.39 | 6.01493 | 3446.25 | -0.236338 | 0.971671 | 0 | SCARH_Black | 1 | 119.314 | 3.55476 | 0 | 1 | 1 | 0 | 0 | 0 | 0 | 1 | camera | target | -0.236338 | -0 | 0.971671 | 
SCRIPT       : DATA_LOG | 454640 | b6Sjt2-RNGxcRaWm937lmzRlL1ZStO-GKN6nDlCMyV4= | 13875.6 | 21.055 | 13121.2 | 0.0704802 | -0.997513 | 0 | none | -1 | 180 | 0 | 0 | 0 | 0 | 0 | 0 | 0 | 0 | 1 | camera | no_target | 0.0704802 | 0 | -0.997513 | 0.0704802 | 0
SCRIPT       : DATA_LOG | 455618 | aRapBi1cCZPZAGLIDny3dk3hQ8vTmNTLHRl8zxmKgQ0= | 7515.39 | 6.01493 | 3446.25 | -0.236338 | 0.971671 | 0 | SCARH_Black | 1 | 119.459 | 3.57363 | 0 | 1 | 1 | 0 | 0 | 0 | 0 | 1 | camera | target | -0.236338 | -0 | 0.971671 | 
SCRIPT       : DATA_LOG | 455645 | b6Sjt2-RNGxcRaWm937lmzRlL1ZStO-GKN6nDlCMyV4= | 13875.6 | 21.055 | 13121.2 | 0.301198 | -0.953562 | 0 | none | -1 | 180 | 0 | 0 | 0 | 0 | 0 | 0 | 0 | 0 | 1 | camera | no_target | 0.301198 | 0 | -0.953562 | 0.301198 | 0 | 
SCRIPT       : DATA_LOG | 456621 | aRapBi1cCZPZAGLIDny3dk3hQ8vTmNTLHRl8zxmKgQ0= | 7515.39 | 6.01493 | 3446.25 | -0.236338 | 0.971671 | 0 | SCARH_Black | 1 | 119.391 | 3.56396 | 0 | 1 | 1 | 0 | 0 | 0 | 0 | 1 | camera | target | -0.236338 | -0 | 0.971671 | 
SCRIPT       : DATA_LOG | 456653 | b6Sjt2-RNGxcRaWm937lmzRlL1ZStO-GKN6nDlCMyV4= | 13875.6 | 21.055 | 13121.2 | 0.301198 | -0.953562 | 0 | none | -1 | 180 | 0 | 0 | 0 | 0 | 0 | 0 | 0 | 0 | 1 | camera | no_target | 0.301198 | 0 | -0.953562 | 0.301198 | 0 | 
SCRIPT       : DATA_LOG | 457624 | aRapBi1cCZPZAGLIDny3dk3hQ8vTmNTLHRl8zxmKgQ0= | 7515.39 | 6.01493 | 3446.25 | -0.236338 | 0.971671 | 0 | SCARH_Black | 1 | 119.384 | 3.5616 | 0 | 1 | 1 | 0 | 0 | 0 | 0 | 1 | camera | target | -0.236338 | -0 | 0.971671 | -
SCRIPT       : DATA_LOG | 457657 | b6Sjt2-RNGxcRaWm937lmzRlL1ZStO-GKN6nDlCMyV4= | 13875.6 | 21.055 | 13121.2 | 0.301198 | -0.953562 | 0 | none | -1 | 180 | 0 | 0 | 0 | 0 | 0 | 0 | 0 | 0 | 1 | camera | no_target | 0.301198 | 0 | -0.953562 | 0.301198 | 0 | 
SCRIPT       : DATA_LOG | 458624 | aRapBi1cCZPZAGLIDny3dk3hQ8vTmNTLHRl8zxmKgQ0= | 7515.39 | 6.01493 | 3446.25 | -0.236338 | 0.971671 | 0 | SCARH_Black | 1 | 119.401 | 3.56166 | 0 | 1 | 1 | 0 | 0 | 0 | 0 | 1 | camera | target | -0.236338 | -0 | 0.971671 | 
SCRIPT       : DATA_LOG | 458656 | b6Sjt2-RNGxcRaWm937lmzRlL1ZStO-GKN6nDlCMyV4= | 13875.6 | 21.055 | 13121.2 | 0.301198 | -0.953562 | 0 | none | -1 | 180 | 0 | 0 | 0 | 0 | 0 | 0 | 0 | 0 | 1 | camera | no_target | 0.301198 | 0 | -0.953562 | 0.301198 | 0 | 
SCRIPT       : DATA_LOG | 459621 | aRapBi1cCZPZAGLIDny3dk3hQ8vTmNTLHRl8zxmKgQ0= | 7515.39 | 6.01493 | 3446.25 | -0.236338 | 0.971671 | 0 | SCARH_Black | 1 | 119.391 | 3.5564 | 0 | 1 | 1 | 0 | 0 | 0 | 0 | 1 | camera | target | -0.236338 | -0 | 0.971671 | -
SCRIPT       : DATA_LOG | 459655 | b6Sjt2-RNGxcRaWm937lmzRlL1ZStO-GKN6nDlCMyV4= | 13875.6 | 21.055 | 13121.2 | 0.301198 | -0.953562 | 0 | none | -1 | 180 | 0 | 0 | 0 | 0 | 0 | 0 | 0 | 0 | 1 | camera | no_target | 0.301198 | 0 | -0.953562 | 0.301198 | 0 | 
SCRIPT       : DATA_LOG | 460613 | aRapBi1cCZPZAGLIDny3dk3hQ8vTmNTLHRl8zxmKgQ0= | 7515.39 | 6.01493 | 3446.25 | -0.236338 | 0.971671 | 0 | SCARH_Black | 1 | 119.465 | 3.56416 | 0 | 1 | 1 | 0 | 0 | 0 | 0 | 1 | camera | target | -0.236338 | -0 | 0.971671 | 
SCRIPT       : DATA_LOG | 460634 | b6Sjt2-RNGxcRaWm937lmzRlL1ZStO-GKN6nDlCMyV4= | 13875.6 | 21.055 | 13121.2 | 0.301198 | -0.953562 | 0 | none | -1 | 180 | 0 | 0 | 0 | 0 | 0 | 0 | 0 | 0 | 1 | camera | no_target | 0.301198 | 0 | -0.953562 | 0.301198 | 0 | 
SCRIPT       : DATA_LOG | 461615 | aRapBi1cCZPZAGLIDny3dk3hQ8vTmNTLHRl8zxmKgQ0= | 7515.39 | 6.01493 | 3446.25 | -0.236338 | 0.971671 | 0 | SCARH_Black | 1 | 119.331 | 3.55507 | 0 | 1 | 1 | 0 | 0 | 0 | 0 | 1 | camera | target | -0.236338 | -0 | 0.971671 | 
SCRIPT       : DATA_LOG | 461640 | b6Sjt2-RNGxcRaWm937lmzRlL1ZStO-GKN6nDlCMyV4= | 13875.6 | 21.055 | 13121.2 | 0.301198 | -0.953562 | 0 | none | -1 | 180 | 0 | 0 | 0 | 0 | 0 | 0 | 0 | 0 | 1 | camera | no_target | 0.301198 | 0 | -0.953562 | 0.301198 | 0 | 
SCRIPT       : DATA_LOG | 462622 | aRapBi1cCZPZAGLIDny3dk3hQ8vTmNTLHRl8zxmKgQ0= | 7515.39 | 6.01493 | 3446.25 | -0.236338 | 0.971671 | 0 | SCARH_Black | 1 | 119.424 | 3.57031 | 0 | 1 | 1 | 0 | 0 | 0 | 0 | 1 | camera | target | -0.236338 | -0 | 0.971671 | 
SCRIPT       : DATA_LOG | 462652 | b6Sjt2-RNGxcRaWm937lmzRlL1ZStO-GKN6nDlCMyV4= | 13875.5 | 21.055 | 13120.5 | -0.205097 | -0.978742 | 0 | none | -1 | 180 | 0 | 0 | 0 | 0 | 0 | 0 | 0 | 0 | 1 | camera | no_target | -0.205097 | 0 | -0.978742 | -0.205097 | 0
SCRIPT       : DATA_LOG | 463625 | aRapBi1cCZPZAGLIDny3dk3hQ8vTmNTLHRl8zxmKgQ0= | 7514.84 | 6.01494 | 3446.57 | -0.236338 | 0.971671 | 0 | SCARH_Black | 1 | 119.404 | 1.85593 | 0 | 1 | 0 | 0 | 0 | 0 | 0 | 1 | camera | target | -0.236338 | -0 | 0.971671 | 
SCRIPT       : DATA_LOG | 463645 | b6Sjt2-RNGxcRaWm937lmzRlL1ZStO-GKN6nDlCMyV4= | 7515.47 | 6.01493 | 3446 | 0.336252 | -0.941772 | 0 | none | 1 | 69.5712 | 3.46224 | 0 | 1 | 1 | 0 | 0 | 0 | 0 | 1 | camera | target | 0.336252 | 0 | -0.941772 | 0.336252 | 
SCRIPT       : DATA_LOG | 464631 | aRapBi1cCZPZAGLIDny3dk3hQ8vTmNTLHRl8zxmKgQ0= | 7514.84 | 6.01494 | 3446.57 | -0.236338 | 0.971671 | 0 | SCARH_Black | 1 | 119.404 | 1.85593 | 0 | 1 | 0 | 0 | 0 | 0 | 0 | 1 | camera | target | -0.236338 | -0 | 0.971671 | 
SCRIPT       : DATA_LOG | 464655 | b6Sjt2-RNGxcRaWm937lmzRlL1ZStO-GKN6nDlCMyV4= | 7515.47 | 6.01493 | 3446 | 0.336252 | -0.941772 | 0 | none | 1 | 69.6296 | 3.45437 | 0 | 1 | 1 | 0 | 0 | 0 | 0 | 1 | camera | target | 0.336252 | 0 | -0.941772 | 0.336252 | 
SCRIPT       : DATA_LOG | 465617 | aRapBi1cCZPZAGLIDny3dk3hQ8vTmNTLHRl8zxmKgQ0= | 7514.84 | 6.01494 | 3446.57 | -0.236338 | 0.971671 | 0 | SCARH_Black | 1 | 119.404 | 1.85593 | 0 | 1 | 0 | 0 | 0 | 0 | 0 | 1 | camera | target | -0.236338 | -0 | 0.971671 | 
SCRIPT       : DATA_LOG | 465636 | b6Sjt2-RNGxcRaWm937lmzRlL1ZStO-GKN6nDlCMyV4= | 7515.47 | 6.01493 | 3446 | 0.336252 | -0.941772 | 0 | none | 1 | 69.6037 | 3.45818 | 0 | 1 | 1 | 0 | 0 | 0 | 0 | 1 | camera | target | 0.336252 | 0 | -0.941772 | 0.336252 | 
SCRIPT       : DATA_LOG | 466622 | aRapBi1cCZPZAGLIDny3dk3hQ8vTmNTLHRl8zxmKgQ0= | 7514.84 | 6.01494 | 3446.57 | -0.406144 | 0.913809 | 0 | SCARH_Black | 1 | 120.338 | 3.48186 | 0 | 1 | 1 | 0 | 0 | 0 | 0 | 1 | camera | target | -0.406144 | 0 | 0.913809 | -
SCRIPT       : DATA_LOG | 466645 | b6Sjt2-RNGxcRaWm937lmzRlL1ZStO-GKN6nDlCMyV4= | 7515.47 | 6.01493 | 3446 | 0.336252 | -0.941772 | 0 | none | 1 | 69.619 | 3.45134 | 0 | 1 | 1 | 0 | 0 | 0 | 0 | 1 | camera | target | 0.336252 | 0 | -0.941772 | 0.336252 | 0
SCRIPT       : DATA_LOG | 467631 | aRapBi1cCZPZAGLIDny3dk3hQ8vTmNTLHRl8zxmKgQ0= | 7514.84 | 6.01494 | 3446.57 | 0.33002 | -0.943974 | 0 | SCARH_Black | 1 | 55.6815 | 3.48858 | 0 | 1 | 1 | 0 | 0 | 0 | 0 | 1 | camera | target | 0.33002 | 0 | -0.943974 | 0.3
SCRIPT       : DATA_LOG | 467653 | b6Sjt2-RNGxcRaWm937lmzRlL1ZStO-GKN6nDlCMyV4= | 7515.47 | 6.01493 | 3446 | 0.336252 | -0.941772 | 0 | none | 1 | 69.541 | 3.45724 | 0 | 1 | 1 | 0 | 0 | 0 | 0 | 1 | camera | target | 0.336252 | 0 | -0.941772 | 0.336252 | 0
SCRIPT       : DATA_LOG | 468623 | aRapBi1cCZPZAGLIDny3dk3hQ8vTmNTLHRl8zxmKgQ0= | 7513.72 | 6.01499 | 3446.61 | 0.973665 | -0.227985 | 0 | SCARH_Black | 1 | 38.2714 | 2.67967 | 0 | 1 | 0 | 0 | 0 | 0 | 0 | 1 | camera | target | 0.973665 | 0 | -0.227985 | 0
SCRIPT       : DATA_LOG | 468651 | b6Sjt2-RNGxcRaWm937lmzRlL1ZStO-GKN6nDlCMyV4= | 7515.59 | 6.01493 | 3445.72 | 0.969579 | -0.244777 | 0 | none | 1 | 123.219 | 3.37161 | 0 | 1 | 1 | 0 | 0 | 0 | 0 | 1 | camera | target | 0.969579 | 0 | -0.244777 | 0.969579
SCRIPT       : DATA_LOG | 469627 | aRapBi1cCZPZAGLIDny3dk3hQ8vTmNTLHRl8zxmKgQ0= | 7514.07 | 6.01493 | 3447.13 | 0.835454 | -0.54956 | 0 | SCARH_Black | 1 | 37.8307 | 2.6674 | 0 | 1 | 0 | 0 | 0 | 0 | 0 | 1 | camera | target | 0.835454 | 0 | -0.54956 | 0.83
SCRIPT       : DATA_LOG | 469649 | b6Sjt2-RNGxcRaWm937lmzRlL1ZStO-GKN6nDlCMyV4= | 7515.59 | 6.01493 | 3445.72 | 0.96958 | -0.244777 | 0 | none | 1 | 123.193 | 3.38147 | 0 | 1 | 1 | 0 | 0 | 0 | 0 | 1 | camera | target | 0.96958 | 0 | -0.244777 | 0.96958 | 
SCRIPT       : DATA_LOG | 470627 | aRapBi1cCZPZAGLIDny3dk3hQ8vTmNTLHRl8zxmKgQ0= | 7515.3 | 6.01489 | 3447.71 | 0.41593 | -0.909397 | 0 | SCARH_Black | 1 | 41.9801 | 2.57153 | 0 | 1 | 0 | 0 | 0 | 0 | 0 | 1 | camera | target | 0.41593 | 0 | -0.909397 | 0.41
SCRIPT       : DATA_LOG | 470654 | b6Sjt2-RNGxcRaWm937lmzRlL1ZStO-GKN6nDlCMyV4= | 7515.59 | 6.01493 | 3445.72 | -0.552891 | -0.833254 | 0 | none | 1 | 33.7843 | 3.38457 | 0 | 1 | 1 | 0 | 0 | 0 | 0 | 1 | camera | target | -0.552891 | 0 | -0.833254 | -0.552
SCRIPT       : DATA_LOG | 471634 | aRapBi1cCZPZAGLIDny3dk3hQ8vTmNTLHRl8zxmKgQ0= | 7515.69 | 6.01489 | 3447.3 | -0.202331 | -0.979317 | 0 | SCARH_Black | 1 | 31.854 | 4.47355 | 0 | 1 | 1 | 0 | 0 | 0 | 0 | 1 | camera | target | -0.202331 | 0 | -0.979317 | -
SCRIPT       : DATA_LOG | 471656 | b6Sjt2-RNGxcRaWm937lmzRlL1ZStO-GKN6nDlCMyV4= | 7515.97 | 6.01493 | 3445.41 | -0.627167 | 0.778885 | 0 | none | 1 | 48.6272 | 2.4359 | 0 | 1 | 0 | 0 | 0 | 0 | 0 | 1 | camera | target | -0.627167 | 0 | 0.778885 | -0.627167
SCRIPT       : DATA_LOG | 472632 | aRapBi1cCZPZAGLIDny3dk3hQ8vTmNTLHRl8zxmKgQ0= | 7516.53 | 6.01499 | 3445.51 | 0.288382 | -0.957515 | 0 | SCARH_Black | 1 | 48.6035 | 2.19212 | 0 | 1 | 0 | 0 | 0 | 0 | 0 | 1 | camera | target | 0.288382 | 0 | -0.957515 | 0
SCRIPT       : DATA_LOG | 472661 | b6Sjt2-RNGxcRaWm937lmzRlL1ZStO-GKN6nDlCMyV4= | 7517.34 | 6.01498 | 3444.19 | -0.965309 | 0.261112 | 0 | none | 1 | 28.2023 | 4.42805 | 0 | 1 | 1 | 0 | 0 | 0 | 0 | 1 | camera | target | -0.965309 | -0 | 0.261112 | -0.9653
SCRIPT       : DATA_LOG | 473627 | aRapBi1cCZPZAGLIDny3dk3hQ8vTmNTLHRl8zxmKgQ0= | 7516.84 | 6.01498 | 3444.92 | 0.623701 | -0.781663 | 0 | SCARH_Black | 1 | 62.6639 | 1.81593 | 0 | 1 | 0 | 0 | 0 | 0 | 0 | 1 | camera | target | 0.623701 | 0 | -0.781663 | 0
SCRIPT       : DATA_LOG | 473647 | b6Sjt2-RNGxcRaWm937lmzRlL1ZStO-GKN6nDlCMyV4= | 7517.34 | 6.01498 | 3444.19 | -0.965309 | 0.261112 | 0 | none | 1 | 28.1706 | 4.4212 | 0 | 1 | 1 | 0 | 0 | 0 | 0 | 1 | camera | target | -0.965309 | -0 | 0.261112 | -0.96530
SCRIPT       : DATA_LOG | 474636 | aRapBi1cCZPZAGLIDny3dk3hQ8vTmNTLHRl8zxmKgQ0= | 7516.73 | 6.01498 | 3444.82 | 0.623701 | -0.781663 | 0 | SCARH_Black | 1 | 65.1184 | 1.73825 | 0 | 1 | 0 | 0 | 0 | 0 | 0 | 1 | camera | target | 0.623701 | 0 | -0.781663 | 0
SCRIPT       : DATA_LOG | 474657 | b6Sjt2-RNGxcRaWm937lmzRlL1ZStO-GKN6nDlCMyV4= | 7517.34 | 6.01498 | 3444.19 | -0.965309 | 0.261112 | 0 | none | 1 | 28.2138 | 4.4224 | 0 | 1 | 1 | 0 | 0 | 0 | 0 | 1 | camera | target | -0.965309 | -0 | 0.261112 | -0.96530
SCRIPT       : DATA_LOG | 475637 | aRapBi1cCZPZAGLIDny3dk3hQ8vTmNTLHRl8zxmKgQ0= | 7516.73 | 6.01498 | 3444.82 | 0.623701 | -0.781663 | 0 | SCARH_Black | 1 | 63.5193 | 1.78355 | 0 | 1 | 0 | 0 | 0 | 0 | 0 | 1 | camera | target | 0.623701 | 0 | -0.781663 | 0
SCRIPT       : DATA_LOG | 475661 | b6Sjt2-RNGxcRaWm937lmzRlL1ZStO-GKN6nDlCMyV4= | 7517.34 | 6.01498 | 3444.19 | -0.965309 | 0.261112 | 0 | none | 1 | 28.1818 | 4.42194 | 0 | 1 | 1 | 0 | 0 | 0 | 0 | 1 | camera | target | -0.965309 | -0 | 0.261112 | -0.9653
SCRIPT       : DATA_LOG | 476637 | aRapBi1cCZPZAGLIDny3dk3hQ8vTmNTLHRl8zxmKgQ0= | 7516.73 | 6.01498 | 3444.82 | 0.623701 | -0.781663 | 0 | SCARH_Black | 1 | 65.0033 | 1.73256 | 0 | 1 | 0 | 0 | 0 | 0 | 0 | 1 | camera | target | 0.623701 | 0 | -0.781663 | 0
SCRIPT       : DATA_LOG | 476657 | b6Sjt2-RNGxcRaWm937lmzRlL1ZStO-GKN6nDlCMyV4= | 7517.34 | 6.01498 | 3444.19 | -0.965309 | 0.261112 | 0 | none | 1 | 28.177 | 4.42741 | 0 | 1 | 1 | 0 | 0 | 0 | 0 | 1 | camera | target | -0.965309 | -0 | 0.261112 | -0.96530
SCRIPT       : DATA_LOG | 477634 | aRapBi1cCZPZAGLIDny3dk3hQ8vTmNTLHRl8zxmKgQ0= | 7516.73 | 6.01498 | 3444.82 | 0.623701 | -0.781663 | 0 | SCARH_Black | 1 | 65.135 | 1.72356 | 0 | 1 | 0 | 0 | 0 | 0 | 0 | 1 | camera | target | 0.623701 | 0 | -0.781663 | 0.
SCRIPT       : DATA_LOG | 477657 | b6Sjt2-RNGxcRaWm937lmzRlL1ZStO-GKN6nDlCMyV4= | 7517.34 | 6.01498 | 3444.19 | -0.965309 | 0.261112 | 0 | none | 1 | 28.2784 | 4.43082 | 0 | 1 | 1 | 0 | 0 | 0 | 0 | 1 | camera | target | -0.965309 | -0 | 0.261112 | -0.9653
SCRIPT       : DATA_LOG | 478638 | aRapBi1cCZPZAGLIDny3dk3hQ8vTmNTLHRl8zxmKgQ0= | 7516.73 | 6.01498 | 3444.82 | 0.623701 | -0.781663 | 0 | SCARH_Black | 1 | 65.3442 | 1.71471 | 0 | 1 | 0 | 0 | 0 | 0 | 0 | 1 | camera | target | 0.623701 | 0 | -0.781663 | 0
SCRIPT       : DATA_LOG | 478660 | b6Sjt2-RNGxcRaWm937lmzRlL1ZStO-GKN6nDlCMyV4= | 7517.34 | 6.01498 | 3444.19 | -0.965309 | 0.261112 | 0 | none | 1 | 28.1469 | 4.42358 | 0 | 1 | 1 | 0 | 0 | 0 | 0 | 1 | camera | target | -0.965309 | -0 | 0.261112 | -0.9653
SCRIPT       : DATA_LOG | 479635 | aRapBi1cCZPZAGLIDny3dk3hQ8vTmNTLHRl8zxmKgQ0= | 7516.73 | 6.01498 | 3444.82 | 0.623701 | -0.781663 | 0 | SCARH_Black | 1 | 66.6207 | 1.59836 | 0 | 1 | 0 | 0 | 0 | 0 | 0 | 1 | camera | none | 0.623701 | 0 | -0.781663 | 0.6
SCRIPT       : DATA_LOG | 479659 | b6Sjt2-RNGxcRaWm937lmzRlL1ZStO-GKN6nDlCMyV4= | 7517.35 | 6.01498 | 3444.17 | -0.965309 | 0.261112 | 0 | none | 1 | 28.024 | 4.43621 | 0 | 1 | 1 | 0 | 0 | 0 | 0 | 1 | camera | target | -0.965309 | -0 | 0.261112 | -0.96530
SCRIPT       : DATA_LOG | 480645 | aRapBi1cCZPZAGLIDny3dk3hQ8vTmNTLHRl8zxmKgQ0= | 7516.73 | 6.01498 | 3444.82 | 0.623701 | -0.781663 | 0 | SCARH_Black | 1 | 64.205 | 1.69786 | 0 | 1 | 0 | 0 | 0 | 0 | 0 | 1 | camera | target | 0.623701 | 0 | -0.781663 | 0.
SCRIPT       : DATA_LOG | 480673 | b6Sjt2-RNGxcRaWm937lmzRlL1ZStO-GKN6nDlCMyV4= | 7517.35 | 6.01498 | 3444.17 | -0.965309 | 0.261112 | 0 | none | 1 | 27.993 | 4.42987 | 0 | 1 | 1 | 0 | 0 | 0 | 0 | 1 | camera | target | -0.965309 | -0 | 0.261112 | -0.96530
SCRIPT       : DATA_LOG | 481639 | aRapBi1cCZPZAGLIDny3dk3hQ8vTmNTLHRl8zxmKgQ0= | 7516.73 | 6.01498 | 3444.82 | 0.623701 | -0.781663 | 0 | SCARH_Black | 1 | 63.5441 | 1.78325 | 0 | 1 | 0 | 0 | 0 | 0 | 0 | 1 | camera | target | 0.623701 | 0 | -0.781663 | 0
SCRIPT       : DATA_LOG | 481663 | b6Sjt2-RNGxcRaWm937lmzRlL1ZStO-GKN6nDlCMyV4= | 7517.35 | 6.01498 | 3444.17 | -0.965309 | 0.261112 | 0 | none | 1 | 28.0167 | 4.42945 | 0 | 1 | 1 | 0 | 0 | 0 | 0 | 1 | camera | target | -0.965309 | -0 | 0.261112 | -0.9653
SCRIPT       : DATA_LOG | 482644 | aRapBi1cCZPZAGLIDny3dk3hQ8vTmNTLHRl8zxmKgQ0= | 7516.73 | 6.01498 | 3444.82 | 0.623701 | -0.781663 | 0 | SCARH_Black | 1 | 66.8494 | 1.67214 | 0 | 1 | 0 | 0 | 0 | 0 | 0 | 1 | camera | target | 0.623701 | 0 | -0.781663 | 0
SCRIPT       : DATA_LOG | 482668 | b6Sjt2-RNGxcRaWm937lmzRlL1ZStO-GKN6nDlCMyV4= | 7517.35 | 6.01498 | 3444.17 | -0.965309 | 0.261112 | 0 | none | 1 | 28.0341 | 4.43051 | 0 | 1 | 1 | 0 | 0 | 0 | 0 | 1 | camera | target | -0.965309 | -0 | 0.261112 | -0.9653
SCRIPT       : DATA_LOG | 483645 | aRapBi1cCZPZAGLIDny3dk3hQ8vTmNTLHRl8zxmKgQ0= | 7516.73 | 6.01498 | 3444.82 | 0.623701 | -0.781663 | 0 | SCARH_Black | 1 | 65.387 | 1.72898 | 0 | 1 | 0 | 0 | 0 | 0 | 0 | 1 | camera | target | 0.623701 | 0 | -0.781663 | 0.
SCRIPT       : DATA_LOG | 483671 | b6Sjt2-RNGxcRaWm937lmzRlL1ZStO-GKN6nDlCMyV4= | 7517.35 | 6.01498 | 3444.17 | -0.965309 | 0.261112 | 0 | none | 1 | 27.9705 | 4.43382 | 0 | 1 | 1 | 0 | 0 | 0 | 0 | 1 | camera | target | -0.965309 | -0 | 0.261112 | -0.9653
SCRIPT       : DATA_LOG | 484648 | aRapBi1cCZPZAGLIDny3dk3hQ8vTmNTLHRl8zxmKgQ0= | 7516.73 | 6.01498 | 3444.82 | 0.623701 | -0.781663 | 0 | SCARH_Black | 1 | 64.8713 | 1.74106 | 0 | 1 | 0 | 0 | 0 | 0 | 0 | 1 | camera | target | 0.623701 | 0 | -0.781663 | 0
SCRIPT       : DATA_LOG | 484676 | b6Sjt2-RNGxcRaWm937lmzRlL1ZStO-GKN6nDlCMyV4= | 7517.35 | 6.01498 | 3444.17 | -0.965309 | 0.261112 | 0 | none | 1 | 28.1028 | 4.43993 | 0 | 1 | 1 | 0 | 0 | 0 | 0 | 1 | camera | target | -0.965309 | -0 | 0.261112 | -0.9653
SCRIPT       : DATA_LOG | 485642 | aRapBi1cCZPZAGLIDny3dk3hQ8vTmNTLHRl8zxmKgQ0= | 7516.73 | 6.01498 | 3444.82 | 0.623701 | -0.781663 | 0 | SCARH_Black | 1 | 63.6193 | 1.7855 | 0 | 1 | 0 | 0 | 0 | 0 | 0 | 1 | camera | target | 0.623701 | 0 | -0.781663 | 0.
SCRIPT       : DATA_LOG | 485665 | b6Sjt2-RNGxcRaWm937lmzRlL1ZStO-GKN6nDlCMyV4= | 7517.35 | 6.01498 | 3444.17 | -0.965309 | 0.261112 | 0 | none | 1 | 27.9624 | 4.43218 | 0 | 1 | 1 | 0 | 0 | 0 | 0 | 1 | camera | target | -0.965309 | -0 | 0.261112 | -0.9653
SCRIPT       : DATA_LOG | 486647 | aRapBi1cCZPZAGLIDny3dk3hQ8vTmNTLHRl8zxmKgQ0= | 7516.73 | 6.01498 | 3444.82 | 0.623701 | -0.781663 | 0 | SCARH_Black | 1 | 63.5559 | 1.78605 | 0 | 1 | 0 | 0 | 0 | 0 | 0 | 1 | camera | target | 0.623701 | 0 | -0.781663 | 0
SCRIPT       : DATA_LOG | 486668 | b6Sjt2-RNGxcRaWm937lmzRlL1ZStO-GKN6nDlCMyV4= | 7517.35 | 6.01498 | 3444.17 | -0.965309 | 0.261112 | 0 | none | 1 | 28.0267 | 4.43625 | 0 | 1 | 1 | 0 | 0 | 0 | 0 | 1 | camera | target | -0.965309 | -0 | 0.261112 | -0.9653
SCRIPT       : DATA_LOG | 487650 | aRapBi1cCZPZAGLIDny3dk3hQ8vTmNTLHRl8zxmKgQ0= | 7516.73 | 6.01498 | 3444.82 | 0.623701 | -0.781663 | 0 | SCARH_Black | 1 | 63.3984 | 1.78891 | 0 | 1 | 0 | 0 | 0 | 0 | 0 | 1 | camera | target | 0.623701 | 0 | -0.781663 | 0
SCRIPT       : DATA_LOG | 487673 | b6Sjt2-RNGxcRaWm937lmzRlL1ZStO-GKN6nDlCMyV4= | 7517.35 | 6.01498 | 3444.17 | -0.965309 | 0.261112 | 0 | none | 1 | 27.9973 | 4.43037 | 0 | 1 | 1 | 0 | 0 | 0 | 0 | 1 | camera | target | -0.965309 | -0 | 0.261112 | -0.9653
SCRIPT       : DATA_LOG | 488656 | aRapBi1cCZPZAGLIDny3dk3hQ8vTmNTLHRl8zxmKgQ0= | 7516.73 | 6.01498 | 3444.82 | 0.623701 | -0.781663 | 0 | SCARH_Black | 1 | 63.4676 | 1.78633 | 0 | 1 | 0 | 0 | 0 | 0 | 0 | 1 | camera | target | 0.623701 | 0 | -0.781663 | 0
SCRIPT       : DATA_LOG | 488680 | b6Sjt2-RNGxcRaWm937lmzRlL1ZStO-GKN6nDlCMyV4= | 7517.35 | 6.01498 | 3444.17 | -0.965309 | 0.261112 | 0 | none | 1 | 28.011 | 4.42897 | 0 | 1 | 1 | 0 | 0 | 0 | 0 | 1 | camera | target | -0.965309 | -0 | 0.261112 | -0.96530
SCRIPT       : DATA_LOG | 489655 | aRapBi1cCZPZAGLIDny3dk3hQ8vTmNTLHRl8zxmKgQ0= | 7516.73 | 6.01498 | 3444.82 | 0.623701 | -0.781663 | 0 | SCARH_Black | 1 | 63.3888 | 1.78918 | 0 | 1 | 0 | 0 | 0 | 0 | 0 | 1 | camera | target | 0.623701 | 0 | -0.781663 | 0
SCRIPT       : DATA_LOG | 489686 | b6Sjt2-RNGxcRaWm937lmzRlL1ZStO-GKN6nDlCMyV4= | 7517.35 | 6.01498 | 3444.17 | -0.965309 | 0.261112 | 0 | none | 1 | 28.0653 | 4.43185 | 0 | 1 | 1 | 0 | 0 | 0 | 0 | 1 | camera | target | -0.965309 | -0 | 0.261112 | -0.9653
SCRIPT       : DATA_LOG | 490650 | aRapBi1cCZPZAGLIDny3dk3hQ8vTmNTLHRl8zxmKgQ0= | 7516.73 | 6.01498 | 3444.82 | 0.623701 | -0.781663 | 0 | SCARH_Black | 1 | 63.1209 | 1.7966 | 0 | 1 | 0 | 0 | 0 | 0 | 0 | 1 | camera | target | 0.623701 | 0 | -0.781663 | 0.
SCRIPT       : DATA_LOG | 490678 | b6Sjt2-RNGxcRaWm937lmzRlL1ZStO-GKN6nDlCMyV4= | 7517.35 | 6.01498 | 3444.17 | -0.965309 | 0.261112 | 0 | none | 1 | 27.9462 | 4.43209 | 0 | 1 | 1 | 0 | 0 | 0 | 0 | 1 | camera | target | -0.965309 | -0 | 0.261112 | -0.9653
SCRIPT       : DATA_LOG | 491650 | aRapBi1cCZPZAGLIDny3dk3hQ8vTmNTLHRl8zxmKgQ0= | 7516.73 | 6.01498 | 3444.82 | 0.623701 | -0.781663 | 0 | SCARH_Black | 1 | 63.5009 | 1.78509 | 0 | 1 | 0 | 0 | 0 | 0 | 0 | 1 | camera | target | 0.623701 | 0 | -0.781663 | 0
SCRIPT       : DATA_LOG | 491675 | b6Sjt2-RNGxcRaWm937lmzRlL1ZStO-GKN6nDlCMyV4= | 7517.35 | 6.01498 | 3444.17 | -0.965309 | 0.261112 | 0 | none | 1 | 28.1061 | 4.44045 | 0 | 1 | 1 | 0 | 0 | 0 | 0 | 1 | camera | target | -0.965309 | -0 | 0.261112 | -0.9653
SCRIPT       : DATA_LOG | 492656 | aRapBi1cCZPZAGLIDny3dk3hQ8vTmNTLHRl8zxmKgQ0= | 7516.73 | 6.01498 | 3444.82 | 0.623701 | -0.781663 | 0 | SCARH_Black | 1 | 63.298 | 1.79143 | 0 | 1 | 0 | 0 | 0 | 0 | 0 | 1 | camera | target | 0.623701 | 0 | -0.781663 | 0.
SCRIPT       : DATA_LOG | 492681 | b6Sjt2-RNGxcRaWm937lmzRlL1ZStO-GKN6nDlCMyV4= | 7517.35 | 6.01498 | 3444.17 | -0.965309 | 0.261112 | 0 | none | 1 | 27.981 | 4.43336 | 0 | 1 | 1 | 0 | 0 | 0 | 0 | 1 | camera | target | -0.965309 | -0 | 0.261112 | -0.96530
SCRIPT       : DATA_LOG | 493656 | aRapBi1cCZPZAGLIDny3dk3hQ8vTmNTLHRl8zxmKgQ0= | 7516.73 | 6.01498 | 3444.82 | 0.623701 | -0.781663 | 0 | SCARH_Black | 1 | 63.5332 | 1.78685 | 0 | 1 | 0 | 0 | 0 | 0 | 0 | 1 | camera | target | 0.623701 | 0 | -0.781663 | 0
SCRIPT       : DATA_LOG | 493680 | b6Sjt2-RNGxcRaWm937lmzRlL1ZStO-GKN6nDlCMyV4= | 7517.35 | 6.01498 | 3444.17 | -0.965309 | 0.261112 | 0 | none | 1 | 28.0185 | 4.43521 | 0 | 1 | 1 | 0 | 0 | 0 | 0 | 1 | camera | target | -0.965309 | -0 | 0.261112 | -0.9653
SCRIPT       : DATA_LOG | 494652 | aRapBi1cCZPZAGLIDny3dk3hQ8vTmNTLHRl8zxmKgQ0= | 7516.73 | 6.01498 | 3444.82 | 0.623701 | -0.781663 | 0 | SCARH_Black | 1 | 63.4541 | 1.78779 | 0 | 1 | 0 | 0 | 0 | 0 | 0 | 1 | camera | target | 0.623701 | 0 | -0.781663 | 0
SCRIPT       : DATA_LOG | 494679 | b6Sjt2-RNGxcRaWm937lmzRlL1ZStO-GKN6nDlCMyV4= | 7517.35 | 6.01498 | 3444.17 | -0.965309 | 0.261112 | 0 | none | 1 | 28.0034 | 4.43086 | 0 | 1 | 1 | 0 | 0 | 0 | 0 | 1 | camera | target | -0.965309 | -0 | 0.261112 | -0.9653
SCRIPT       : DATA_LOG | 495664 | aRapBi1cCZPZAGLIDny3dk3hQ8vTmNTLHRl8zxmKgQ0= | 7516.73 | 6.01498 | 3444.82 | 0.623701 | -0.781663 | 0 | SCARH_Black | 1 | 63.369 | 1.78989 | 0 | 1 | 0 | 0 | 0 | 0 | 0 | 1 | camera | target | 0.623701 | 0 | -0.781663 | 0.
SCRIPT       : DATA_LOG | 495688 | b6Sjt2-RNGxcRaWm937lmzRlL1ZStO-GKN6nDlCMyV4= | 7517.35 | 6.01498 | 3444.17 | -0.965309 | 0.261112 | 0 | none | 1 | 28.0024 | 4.42844 | 0 | 1 | 1 | 0 | 0 | 0 | 0 | 1 | camera | target | -0.965309 | -0 | 0.261112 | -0.9653
SCRIPT       : DATA_LOG | 496656 | aRapBi1cCZPZAGLIDny3dk3hQ8vTmNTLHRl8zxmKgQ0= | 7516.73 | 6.01498 | 3444.82 | 0.623701 | -0.781663 | 0 | SCARH_Black | 1 | 63.4834 | 1.78656 | 0 | 1 | 0 | 0 | 0 | 0 | 0 | 1 | camera | target | 0.623701 | 0 | -0.781663 | 0
SCRIPT       : DATA_LOG | 496680 | b6Sjt2-RNGxcRaWm937lmzRlL1ZStO-GKN6nDlCMyV4= | 7517.35 | 6.01498 | 3444.17 | -0.965309 | 0.261112 | 0 | none | 1 | 28.0753 | 4.43244 | 0 | 1 | 1 | 0 | 0 | 0 | 0 | 1 | camera | target | -0.965309 | -0 | 0.261112 | -0.9653
SCRIPT       : DATA_LOG | 497664 | aRapBi1cCZPZAGLIDny3dk3hQ8vTmNTLHRl8zxmKgQ0= | 7516.73 | 6.01498 | 3444.82 | 0.623701 | -0.781663 | 0 | SCARH_Black | 1 | 63.07 | 1.79801 | 0 | 1 | 0 | 0 | 0 | 0 | 0 | 1 | camera | target | 0.623701 | 0 | -0.781663 | 0.6
SCRIPT       : DATA_LOG | 497684 | b6Sjt2-RNGxcRaWm937lmzRlL1ZStO-GKN6nDlCMyV4= | 7517.35 | 6.01498 | 3444.17 | -0.965309 | 0.261112 | 0 | none | 1 | 27.9285 | 4.43134 | 0 | 1 | 1 | 0 | 0 | 0 | 0 | 1 | camera | target | -0.965309 | -0 | 0.261112 | -0.9653
SCRIPT       : DATA_LOG | 498665 | aRapBi1cCZPZAGLIDny3dk3hQ8vTmNTLHRl8zxmKgQ0= | 7516.73 | 6.01498 | 3444.82 | 0.623701 | -0.781663 | 0 | SCARH_Black | 1 | 63.6072 | 1.782 | 0 | 1 | 0 | 0 | 0 | 0 | 0 | 1 | camera | target | 0.623701 | 0 | -0.781663 | 0.6
SCRIPT       : DATA_LOG | 498692 | b6Sjt2-RNGxcRaWm937lmzRlL1ZStO-GKN6nDlCMyV4= | 7517.35 | 6.01498 | 3444.17 | -0.965309 | 0.261112 | 0 | none | 1 | 28.0973 | 4.44038 | 0 | 1 | 1 | 0 | 0 | 0 | 0 | 1 | camera | target | -0.965309 | -0 | 0.261112 | -0.9653
SCRIPT       : DATA_LOG | 499666 | aRapBi1cCZPZAGLIDny3dk3hQ8vTmNTLHRl8zxmKgQ0= | 7516.73 | 6.01498 | 3444.82 | 0.623701 | -0.781663 | 0 | SCARH_Black | 1 | 62.6599 | 1.80889 | 0 | 1 | 0 | 0 | 0 | 0 | 0 | 1 | camera | target | 0.623701 | 0 | -0.781663 | 0
SCRIPT       : DATA_LOG | 499694 | b6Sjt2-RNGxcRaWm937lmzRlL1ZStO-GKN6nDlCMyV4= | 7517.35 | 6.01498 | 3444.17 | -0.965309 | 0.261112 | 0 | none | 1 | 28.005 | 4.43508 | 0 | 1 | 1 | 0 | 0 | 0 | 0 | 1 | camera | target | -0.965309 | -0 | 0.261112 | -0.96530
SCRIPT       : DATA_LOG | 500658 | aRapBi1cCZPZAGLIDny3dk3hQ8vTmNTLHRl8zxmKgQ0= | 7516.73 | 6.01498 | 3444.82 | 0.623701 | -0.781663 | 0 | SCARH_Black | 1 | 63.1798 | 1.79415 | 0 | 1 | 0 | 0 | 0 | 0 | 0 | 1 | camera | target | 0.623701 | 0 | -0.781663 | 0
SCRIPT       : DATA_LOG | 500683 | b6Sjt2-RNGxcRaWm937lmzRlL1ZStO-GKN6nDlCMyV4= | 7517.35 | 6.01498 | 3444.17 | -0.965309 | 0.261112 | 0 | none | 1 | 28.0025 | 4.4336 | 0 | 1 | 1 | 0 | 0 | 0 | 0 | 1 | camera | target | -0.965309 | -0 | 0.261112 | -0.96530
SCRIPT       : DATA_LOG | 501669 | aRapBi1cCZPZAGLIDny3dk3hQ8vTmNTLHRl8zxmKgQ0= | 7516.73 | 6.01498 | 3444.82 | 0.623701 | -0.781663 | 0 | SCARH_Black | 1 | 62.2944 | 1.81556 | 0 | 1 | 0 | 0 | 0 | 0 | 0 | 1 | camera | target | 0.623701 | 0 | -0.781663 | 0
SCRIPT       : DATA_LOG | 501693 | b6Sjt2-RNGxcRaWm937lmzRlL1ZStO-GKN6nDlCMyV4= | 7517.35 | 6.01498 | 3444.17 | -0.965309 | 0.261112 | 0 | none | 1 | 28.0132 | 4.43236 | 0 | 1 | 1 | 0 | 0 | 0 | 0 | 1 | camera | target | -0.965309 | -0 | 0.261112 | -0.9653
SCRIPT       : DATA_LOG | 502667 | aRapBi1cCZPZAGLIDny3dk3hQ8vTmNTLHRl8zxmKgQ0= | 7516.73 | 6.01498 | 3444.82 | 0.623701 | -0.781663 | 0 | SCARH_Black | 1 | 62.1156 | 1.82089 | 0 | 1 | 0 | 0 | 0 | 0 | 0 | 1 | camera | target | 0.623701 | 0 | -0.781663 | 0
SCRIPT       : DATA_LOG | 502692 | b6Sjt2-RNGxcRaWm937lmzRlL1ZStO-GKN6nDlCMyV4= | 7517.35 | 6.01498 | 3444.17 | -0.965309 | 0.261112 | 0 | none | 1 | 27.9898 | 4.42882 | 0 | 1 | 1 | 0 | 0 | 0 | 0 | 1 | camera | target | -0.965309 | -0 | 0.261112 | -0.9653
SCRIPT       : DATA_LOG | 503663 | aRapBi1cCZPZAGLIDny3dk3hQ8vTmNTLHRl8zxmKgQ0= | 7516.73 | 6.01498 | 3444.82 | 0.623701 | -0.781663 | 0 | SCARH_Black | 1 | 62.357 | 1.81336 | 0 | 1 | 0 | 0 | 0 | 0 | 0 | 1 | camera | target | 0.623701 | 0 | -0.781663 | 0.
SCRIPT       : DATA_LOG | 503687 | b6Sjt2-RNGxcRaWm937lmzRlL1ZStO-GKN6nDlCMyV4= | 7517.35 | 6.01498 | 3444.17 | -0.965309 | 0.261112 | 0 | none | 1 | 28.0629 | 4.43229 | 0 | 1 | 1 | 0 | 0 | 0 | 0 | 1 | camera | target | -0.965309 | -0 | 0.261112 | -0.9653
SCRIPT       : DATA_LOG | 504664 | aRapBi1cCZPZAGLIDny3dk3hQ8vTmNTLHRl8zxmKgQ0= | 7516.73 | 6.01498 | 3444.82 | 0.623701 | -0.781663 | 0 | SCARH_Black | 1 | 61.8875 | 1.82616 | 0 | 1 | 0 | 0 | 0 | 0 | 0 | 1 | camera | target | 0.623701 | 0 | -0.781663 | 0
SCRIPT       : DATA_LOG | 504684 | b6Sjt2-RNGxcRaWm937lmzRlL1ZStO-GKN6nDlCMyV4= | 7517.35 | 6.01498 | 3444.17 | -0.965309 | 0.261112 | 0 | none | 1 | 27.9352 | 4.4304 | 0 | 1 | 1 | 0 | 0 | 0 | 0 | 1 | camera | target | -0.965309 | -0 | 0.261112 | -0.96530
SCRIPT       : DATA_LOG | 505668 | aRapBi1cCZPZAGLIDny3dk3hQ8vTmNTLHRl8zxmKgQ0= | 7516.73 | 6.01498 | 3444.82 | 0.623701 | -0.781663 | 0 | SCARH_Black | 1 | 62.2227 | 1.81698 | 0 | 1 | 0 | 0 | 0 | 0 | 0 | 1 | camera | target | 0.623701 | 0 | -0.781663 | 0
SCRIPT       : DATA_LOG | 505692 | b6Sjt2-RNGxcRaWm937lmzRlL1ZStO-GKN6nDlCMyV4= | 7517.35 | 6.01498 | 3444.17 | -0.965309 | 0.261112 | 0 | none | 1 | 28.067 | 4.4396 | 0 | 1 | 1 | 0 | 0 | 0 | 0 | 1 | camera | target | -0.965309 | -0 | 0.261112 | -0.965309
SCRIPT       : DATA_LOG | 506666 | aRapBi1cCZPZAGLIDny3dk3hQ8vTmNTLHRl8zxmKgQ0= | 7516.73 | 6.01498 | 3444.82 | 0.623701 | -0.781663 | 0 | SCARH_Black | 1 | 62.5306 | 1.81437 | 0 | 1 | 0 | 0 | 0 | 0 | 0 | 1 | camera | target | 0.623701 | 0 | -0.781663 | 0
SCRIPT       : DATA_LOG | 506692 | b6Sjt2-RNGxcRaWm937lmzRlL1ZStO-GKN6nDlCMyV4= | 7517.35 | 6.01498 | 3444.17 | -0.965309 | 0.261112 | 0 | none | 1 | 28.0371 | 4.43639 | 0 | 1 | 1 | 0 | 0 | 0 | 0 | 1 | camera | target | -0.965309 | -0 | 0.261112 | -0.9653
SCRIPT       : DATA_LOG | 507675 | aRapBi1cCZPZAGLIDny3dk3hQ8vTmNTLHRl8zxmKgQ0= | 7516.73 | 6.01498 | 3444.82 | 0.623701 | -0.781663 | 0 | SCARH_Black | 1 | 63.1773 | 1.79712 | 0 | 1 | 0 | 0 | 0 | 0 | 0 | 1 | camera | target | 0.623701 | 0 | -0.781663 | 0
SCRIPT       : DATA_LOG | 507704 | b6Sjt2-RNGxcRaWm937lmzRlL1ZStO-GKN6nDlCMyV4= | 7517.35 | 6.01498 | 3444.17 | -0.965309 | 0.261112 | 0 | none | 1 | 27.9815 | 4.43239 | 0 | 1 | 1 | 0 | 0 | 0 | 0 | 1 | camera | target | -0.965309 | -0 | 0.261112 | -0.9653
SCRIPT       : DATA_LOG | 508673 | aRapBi1cCZPZAGLIDny3dk3hQ8vTmNTLHRl8zxmKgQ0= | 7516.73 | 6.01498 | 3444.82 | 0.623701 | -0.781663 | 0 | SCARH_Black | 1 | 63.2168 | 1.79601 | 0 | 1 | 0 | 0 | 0 | 0 | 0 | 1 | camera | target | 0.623701 | 0 | -0.781663 | 0
SCRIPT       : DATA_LOG | 508703 | b6Sjt2-RNGxcRaWm937lmzRlL1ZStO-GKN6nDlCMyV4= | 7517.35 | 6.01498 | 3444.17 | -0.965309 | 0.261112 | 0 | none | 1 | 28.0109 | 4.43419 | 0 | 1 | 1 | 0 | 0 | 0 | 0 | 1 | camera | target | -0.965309 | -0 | 0.261112 | -0.9653
SCRIPT       : DATA_LOG | 509672 | aRapBi1cCZPZAGLIDny3dk3hQ8vTmNTLHRl8zxmKgQ0= | 7516.73 | 6.01498 | 3444.82 | 0.623701 | -0.781663 | 0 | SCARH_Black | 1 | 62.9759 | 1.80192 | 0 | 1 | 0 | 0 | 0 | 0 | 0 | 1 | camera | target | 0.623701 | 0 | -0.781663 | 0
SCRIPT       : DATA_LOG | 509702 | b6Sjt2-RNGxcRaWm937lmzRlL1ZStO-GKN6nDlCMyV4= | 7517.35 | 6.01498 | 3444.17 | -0.965309 | 0.261112 | 0 | none | 1 | 27.9838 | 4.42879 | 0 | 1 | 1 | 0 | 0 | 0 | 0 | 1 | camera | target | -0.965309 | -0 | 0.261112 | -0.9653
SCRIPT       : DATA_LOG | 510671 | aRapBi1cCZPZAGLIDny3dk3hQ8vTmNTLHRl8zxmKgQ0= | 7516.73 | 6.01498 | 3444.82 | 0.623701 | -0.781663 | 0 | SCARH_Black | 1 | 63.289 | 1.79256 | 0 | 1 | 0 | 0 | 0 | 0 | 0 | 1 | camera | target | 0.623701 | 0 | -0.781663 | 0.
SCRIPT       : DATA_LOG | 510696 | b6Sjt2-RNGxcRaWm937lmzRlL1ZStO-GKN6nDlCMyV4= | 7517.35 | 6.01498 | 3444.17 | -0.965309 | 0.261112 | 0 | none | 1 | 28.0452 | 4.4316 | 0 | 1 | 1 | 0 | 0 | 0 | 0 | 1 | camera | target | -0.965309 | -0 | 0.261112 | -0.96530
SCRIPT       : DATA_LOG | 511669 | aRapBi1cCZPZAGLIDny3dk3hQ8vTmNTLHRl8zxmKgQ0= | 7516.73 | 6.01498 | 3444.82 | 0.623701 | -0.781663 | 0 | SCARH_Black | 1 | 62.7724 | 1.8069 | 0 | 1 | 0 | 0 | 0 | 0 | 0 | 1 | camera | target | 0.623701 | 0 | -0.781663 | 0.
SCRIPT       : DATA_LOG | 511690 | b6Sjt2-RNGxcRaWm937lmzRlL1ZStO-GKN6nDlCMyV4= | 7517.35 | 6.01498 | 3444.17 | -0.965309 | 0.261112 | 0 | none | 1 | 27.9548 | 4.43009 | 0 | 1 | 1 | 0 | 0 | 0 | 0 | 1 | camera | target | -0.965309 | -0 | 0.261112 | -0.9653
SCRIPT       : DATA_LOG | 512674 | aRapBi1cCZPZAGLIDny3dk3hQ8vTmNTLHRl8zxmKgQ0= | 7516.73 | 6.01498 | 3444.82 | 0.623701 | -0.781663 | 0 | SCARH_Black | 1 | 63.2267 | 1.79413 | 0 | 1 | 0 | 0 | 0 | 0 | 0 | 1 | camera | target | 0.623701 | 0 | -0.781663 | 0
SCRIPT       : DATA_LOG | 512705 | b6Sjt2-RNGxcRaWm937lmzRlL1ZStO-GKN6nDlCMyV4= | 7517.35 | 6.01498 | 3444.17 | -0.965309 | 0.261112 | 0 | none | 1 | 28.0313 | 4.43782 | 0 | 1 | 1 | 0 | 0 | 0 | 0 | 1 | camera | target | -0.965309 | -0 | 0.261112 | -0.9653
SCRIPT       : DATA_LOG | 513672 | aRapBi1cCZPZAGLIDny3dk3hQ8vTmNTLHRl8zxmKgQ0= | 7516.73 | 6.01498 | 3444.82 | 0.623701 | -0.781663 | 0 | SCARH_Black | 1 | 62.5413 | 1.81383 | 0 | 1 | 0 | 0 | 0 | 0 | 0 | 1 | camera | target | 0.623701 | 0 | -0.781663 | 0
SCRIPT       : DATA_LOG | 513691 | b6Sjt2-RNGxcRaWm937lmzRlL1ZStO-GKN6nDlCMyV4= | 7517.35 | 6.01498 | 3444.17 | -0.965309 | 0.261112 | 0 | none | 1 | 28.0615 | 4.4376 | 0 | 1 | 1 | 0 | 0 | 0 | 0 | 1 | camera | target | -0.965309 | -0 | 0.261112 | -0.96530
SCRIPT       : DATA_LOG | 514678 | aRapBi1cCZPZAGLIDny3dk3hQ8vTmNTLHRl8zxmKgQ0= | 7516.73 | 6.01498 | 3444.82 | 0.623701 | -0.781663 | 0 | SCARH_Black | 1 | 62.5652 | 1.81021 | 0 | 1 | 0 | 0 | 0 | 0 | 0 | 1 | camera | target | 0.623701 | 0 | -0.781663 | 0
SCRIPT       : DATA_LOG | 514704 | b6Sjt2-RNGxcRaWm937lmzRlL1ZStO-GKN6nDlCMyV4= | 7517.35 | 6.01498 | 3444.17 | -0.965309 | 0.261112 | 0 | none | 1 | 27.9685 | 4.43175 | 0 | 1 | 1 | 0 | 0 | 0 | 0 | 1 | camera | target | -0.965309 | -0 | 0.261112 | -0.9653
SCRIPT       : DATA_LOG | 515683 | aRapBi1cCZPZAGLIDny3dk3hQ8vTmNTLHRl8zxmKgQ0= | 7516.73 | 6.01498 | 3444.82 | 0.623701 | -0.781663 | 0 | SCARH_Black | 1 | 62.851 | 1.80266 | 0 | 1 | 0 | 0 | 0 | 0 | 0 | 1 | camera | target | 0.623701 | 0 | -0.781663 | 0.
SCRIPT       : DATA_LOG | 515714 | b6Sjt2-RNGxcRaWm937lmzRlL1ZStO-GKN6nDlCMyV4= | 7517.35 | 6.01498 | 3444.17 | -0.965309 | 0.261112 | 0 | none | 1 | 28.0114 | 4.43559 | 0 | 1 | 1 | 0 | 0 | 0 | 0 | 1 | camera | target | -0.965309 | -0 | 0.261112 | -0.9653
SCRIPT       : DATA_LOG | 516677 | aRapBi1cCZPZAGLIDny3dk3hQ8vTmNTLHRl8zxmKgQ0= | 7516.73 | 6.01498 | 3444.82 | 0.623701 | -0.781663 | 0 | SCARH_Black | 1 | 62.387 | 1.81784 | 0 | 1 | 0 | 0 | 0 | 0 | 0 | 1 | camera | target | 0.623701 | 0 | -0.781663 | 0.
SCRIPT       : DATA_LOG | 516699 | b6Sjt2-RNGxcRaWm937lmzRlL1ZStO-GKN6nDlCMyV4= | 7517.35 | 6.01498 | 3444.17 | -0.965309 | 0.261112 | 0 | none | 1 | 27.9802 | 4.42925 | 0 | 1 | 1 | 0 | 0 | 0 | 0 | 1 | camera | target | -0.965309 | -0 | 0.261112 | -0.9653
SCRIPT       : DATA_LOG | 517672 | aRapBi1cCZPZAGLIDny3dk3hQ8vTmNTLHRl8zxmKgQ0= | 7516.73 | 6.01498 | 3444.82 | 0.623701 | -0.781663 | 0 | SCARH_Black | 1 | 62.7933 | 1.80564 | 0 | 1 | 0 | 0 | 0 | 0 | 0 | 1 | camera | target | 0.623701 | 0 | -0.781663 | 0
SCRIPT       : DATA_LOG | 517689 | b6Sjt2-RNGxcRaWm937lmzRlL1ZStO-GKN6nDlCMyV4= | 7517.35 | 6.01498 | 3444.17 | -0.965309 | 0.261112 | 0 | none | 1 | 28.0324 | 4.43051 | 0 | 1 | 1 | 0 | 0 | 0 | 0 | 1 | camera | target | -0.965309 | -0 | 0.261112 | -0.9653
SCRIPT       : DATA_LOG | 518685 | aRapBi1cCZPZAGLIDny3dk3hQ8vTmNTLHRl8zxmKgQ0= | 7516.73 | 6.01498 | 3444.82 | 0.623701 | -0.781663 | 0 | SCARH_Black | 1 | 62.3513 | 1.81753 | 0 | 1 | 0 | 0 | 0 | 0 | 0 | 1 | camera | target | 0.623701 | 0 | -0.781663 | 0
SCRIPT       : DATA_LOG | 518714 | b6Sjt2-RNGxcRaWm937lmzRlL1ZStO-GKN6nDlCMyV4= | 7517.35 | 6.01498 | 3444.17 | -0.965309 | 0.261112 | 0 | none | 1 | 27.9776 | 4.43031 | 0 | 1 | 1 | 0 | 0 | 0 | 0 | 1 | camera | target | -0.965309 | -0 | 0.261112 | -0.9653
SCRIPT       : DATA_LOG | 519685 | aRapBi1cCZPZAGLIDny3dk3hQ8vTmNTLHRl8zxmKgQ0= | 7516.73 | 6.01498 | 3444.82 | 0.623701 | -0.781663 | 0 | SCARH_Black | 1 | 62.4835 | 1.8141 | 0 | 1 | 0 | 0 | 0 | 0 | 0 | 1 | camera | target | 0.623701 | 0 | -0.781663 | 0.
SCRIPT       : DATA_LOG | 519713 | b6Sjt2-RNGxcRaWm937lmzRlL1ZStO-GKN6nDlCMyV4= | 7517.35 | 6.01498 | 3444.17 | -0.965309 | 0.261112 | 0 | none | 1 | 28.0016 | 4.43608 | 0 | 1 | 1 | 0 | 0 | 0 | 0 | 1 | camera | target | -0.965309 | -0 | 0.261112 | -0.9653
SCRIPT       : DATA_LOG | 520681 | aRapBi1cCZPZAGLIDny3dk3hQ8vTmNTLHRl8zxmKgQ0= | 7516.73 | 6.01498 | 3444.82 | 0.623701 | -0.781663 | 0 | SCARH_Black | 1 | 62.6641 | 1.80913 | 0 | 1 | 0 | 0 | 0 | 0 | 0 | 1 | camera | target | 0.623701 | 0 | -0.781663 | 0
SCRIPT       : DATA_LOG | 520704 | b6Sjt2-RNGxcRaWm937lmzRlL1ZStO-GKN6nDlCMyV4= | 7517.35 | 6.01498 | 3444.17 | -0.965309 | 0.261112 | 0 | none | 1 | 28.0808 | 4.43875 | 0 | 1 | 1 | 0 | 0 | 0 | 0 | 1 | camera | target | -0.965309 | -0 | 0.261112 | -0.9653
SCRIPT       : DATA_LOG | 521694 | aRapBi1cCZPZAGLIDny3dk3hQ8vTmNTLHRl8zxmKgQ0= | 7516.73 | 6.01498 | 3444.82 | 0.623701 | -0.781663 | 0 | SCARH_Black | 1 | 62.5919 | 1.81161 | 0 | 1 | 0 | 0 | 0 | 0 | 0 | 1 | camera | target | 0.623701 | 0 | -0.781663 | 0
SCRIPT       : DATA_LOG | 521723 | b6Sjt2-RNGxcRaWm937lmzRlL1ZStO-GKN6nDlCMyV4= | 7517.35 | 6.01498 | 3444.17 | -0.965309 | 0.261112 | 0 | none | 1 | 27.9587 | 4.43164 | 0 | 1 | 1 | 0 | 0 | 0 | 0 | 1 | camera | target | -0.965309 | -0 | 0.261112 | -0.9653
SCRIPT       : DATA_LOG | 522689 | aRapBi1cCZPZAGLIDny3dk3hQ8vTmNTLHRl8zxmKgQ0= | 7516.73 | 6.01498 | 3444.82 | 0.623701 | -0.781663 | 0 | SCARH_Black | 1 | 62.7646 | 1.80812 | 0 | 1 | 0 | 0 | 0 | 0 | 0 | 1 | camera | target | 0.623701 | 0 | -0.781663 | 0
SCRIPT       : DATA_LOG | 522722 | b6Sjt2-RNGxcRaWm937lmzRlL1ZStO-GKN6nDlCMyV4= | 7517.35 | 6.01498 | 3444.17 | -0.965309 | 0.261112 | 0 | none | 1 | 28.0213 | 4.43617 | 0 | 1 | 1 | 0 | 0 | 0 | 0 | 1 | camera | target | -0.965309 | -0 | 0.261112 | -0.9653
SCRIPT       : DATA_LOG | 523682 | aRapBi1cCZPZAGLIDny3dk3hQ8vTmNTLHRl8zxmKgQ0= | 7516.73 | 6.01498 | 3444.82 | 0.623701 | -0.781663 | 0 | SCARH_Black | 1 | 62.5593 | 1.81225 | 0 | 1 | 0 | 0 | 0 | 0 | 0 | 1 | camera | target | 0.623701 | 0 | -0.781663 | 0
SCRIPT       : DATA_LOG | 523710 | b6Sjt2-RNGxcRaWm937lmzRlL1ZStO-GKN6nDlCMyV4= | 7517.35 | 6.01498 | 3444.17 | -0.965309 | 0.261112 | 0 | none | 1 | 27.9901 | 4.42936 | 0 | 1 | 1 | 0 | 0 | 0 | 0 | 1 | camera | target | -0.965309 | -0 | 0.261112 | -0.9653
SCRIPT       : DATA_LOG | 524688 | aRapBi1cCZPZAGLIDny3dk3hQ8vTmNTLHRl8zxmKgQ0= | 7516.73 | 6.01498 | 3444.82 | 0.623701 | -0.781663 | 0 | SCARH_Black | 1 | 63.2461 | 1.79353 | 0 | 1 | 0 | 0 | 0 | 0 | 0 | 1 | camera | target | 0.623701 | 0 | -0.781663 | 0
SCRIPT       : DATA_LOG | 524707 | b6Sjt2-RNGxcRaWm937lmzRlL1ZStO-GKN6nDlCMyV4= | 7517.35 | 6.01498 | 3444.17 | -0.965309 | 0.261112 | 0 | none | 1 | 28.0187 | 4.42992 | 0 | 1 | 1 | 0 | 0 | 0 | 0 | 1 | camera | target | -0.965309 | -0 | 0.261112 | -0.9653
SCRIPT       : DATA_LOG | 525688 | aRapBi1cCZPZAGLIDny3dk3hQ8vTmNTLHRl8zxmKgQ0= | 7516.73 | 6.01498 | 3444.82 | 0.623701 | -0.781663 | 0 | SCARH_Black | 0 | 62.9538 | 1.80208 | 0 | 1 | 0 | 0 | 0 | 0 | 0 | 1 | camera | AugShort | 0.623701 | 0 | -0.781663 |
SCRIPT       : DATA_LOG | 525712 | b6Sjt2-RNGxcRaWm937lmzRlL1ZStO-GKN6nDlCMyV4= | 7517.35 | 6.01498 | 3444.17 | -0.965309 | 0.261112 | 0 | none | 1 | 28.0216 | 4.43036 | 0 | 1 | 1 | 0 | 0 | 0 | 0 | 1 | camera | target | -0.965309 | -0 | 0.261112 | -0.9653
SCRIPT       : DATA_LOG | 526689 | aRapBi1cCZPZAGLIDny3dk3hQ8vTmNTLHRl8zxmKgQ0= | 7516.73 | 6.01498 | 3444.82 | 0.623701 | -0.781663 | 0 | SCARH_Black | 0 | 62.9068 | 1.80337 | 0 | 1 | 0 | 0 | 0 | 0 | 0 | 1 | camera | AugShort | 0.623701 | 0 | -0.781663 |
SCRIPT       : DATA_LOG | 526717 | b6Sjt2-RNGxcRaWm937lmzRlL1ZStO-GKN6nDlCMyV4= | 7517.35 | 6.01498 | 3444.17 | -0.965309 | 0.261112 | 0 | none | 1 | 27.9738 | 4.43435 | 0 | 1 | 1 | 0 | 0 | 0 | 0 | 1 | camera | target | -0.965309 | -0 | 0.261112 | -0.9653
SCRIPT       : DATA_LOG | 527693 | aRapBi1cCZPZAGLIDny3dk3hQ8vTmNTLHRl8zxmKgQ0= | 7516.73 | 6.01498 | 3444.82 | 0.623701 | -0.781663 | 0 | SCARH_Black | 0 | 63.2087 | 1.7946 | 0 | 1 | 0 | 0 | 0 | 0 | 0 | 1 | camera | AugShort | 0.623701 | 0 | -0.781663 | 
SCRIPT       : DATA_LOG | 527722 | b6Sjt2-RNGxcRaWm937lmzRlL1ZStO-GKN6nDlCMyV4= | 7517.35 | 6.01498 | 3444.17 | -0.965309 | 0.261112 | 0 | none | 1 | 28.0999 | 4.43942 | 0 | 1 | 1 | 0 | 0 | 0 | 0 | 1 | camera | target | -0.965309 | -0 | 0.261112 | -0.9653
SCRIPT       : DATA_LOG | 528697 | aRapBi1cCZPZAGLIDny3dk3hQ8vTmNTLHRl8zxmKgQ0= | 7516.73 | 6.01498 | 3444.82 | 0.623701 | -0.781663 | 0 | SCARH_Black | 1 | 63.0425 | 1.79958 | 0 | 1 | 0 | 0 | 0 | 0 | 0 | 1 | camera | target | 0.623701 | 0 | -0.781663 | 0
SCRIPT       : DATA_LOG | 528727 | b6Sjt2-RNGxcRaWm937lmzRlL1ZStO-GKN6nDlCMyV4= | 7517.35 | 6.01498 | 3444.17 | -0.965309 | 0.261112 | 0 | none | 1 | 27.9599 | 4.43215 | 0 | 1 | 1 | 0 | 0 | 0 | 0 | 1 | camera | target | -0.965309 | -0 | 0.261112 | -0.9653
SCRIPT       : DATA_LOG | 529685 | aRapBi1cCZPZAGLIDny3dk3hQ8vTmNTLHRl8zxmKgQ0= | 7516.73 | 6.01498 | 3444.82 | 0.623701 | -0.781663 | 0 | SCARH_Black | 1 | 63.2541 | 1.79538 | 0 | 1 | 0 | 0 | 0 | 0 | 0 | 1 | camera | target | 0.623701 | 0 | -0.781663 | 0
SCRIPT       : DATA_LOG | 529708 | b6Sjt2-RNGxcRaWm937lmzRlL1ZStO-GKN6nDlCMyV4= | 7517.35 | 6.01498 | 3444.17 | -0.965309 | 0.261112 | 0 | none | 1 | 28.0264 | 4.43624 | 0 | 1 | 1 | 0 | 0 | 0 | 0 | 1 | camera | target | -0.965309 | -0 | 0.261112 | -0.9653
SCRIPT       : DATA_LOG | 530695 | aRapBi1cCZPZAGLIDny3dk3hQ8vTmNTLHRl8zxmKgQ0= | 7516.73 | 6.01498 | 3444.82 | 0.623701 | -0.781663 | 0 | SCARH_Black | 1 | 63.0959 | 1.79831 | 0 | 1 | 0 | 0 | 0 | 0 | 0 | 1 | camera | target | 0.623701 | 0 | -0.781663 | 0
SCRIPT       : DATA_LOG | 530719 | b6Sjt2-RNGxcRaWm937lmzRlL1ZStO-GKN6nDlCMyV4= | 7517.35 | 6.01498 | 3444.17 | -0.965309 | 0.261112 | 0 | none | 1 | 27.9977 | 4.43039 | 0 | 1 | 1 | 0 | 0 | 0 | 0 | 1 | camera | target | -0.965309 | -0 | 0.261112 | -0.9653
SCRIPT       : DATA_LOG | 531695 | aRapBi1cCZPZAGLIDny3dk3hQ8vTmNTLHRl8zxmKgQ0= | 7516.73 | 6.01498 | 3444.82 | 0.623701 | -0.781663 | 0 | SCARH_Black | 1 | 63.2645 | 1.79098 | 0 | 1 | 0 | 0 | 0 | 0 | 0 | 1 | camera | target | 0.623701 | 0 | -0.781663 | 0
SCRIPT       : DATA_LOG | 531721 | b6Sjt2-RNGxcRaWm937lmzRlL1ZStO-GKN6nDlCMyV4= | 7517.35 | 6.01498 | 3444.17 | -0.965309 | 0.261112 | 0 | AugShort | 1 | 28.0133 | 4.42945 | 0 | 1 | 1 | 0 | 0 | 0 | 0 | 1 | camera | target | -0.965309 | -0 | 0.261112 | -0.
SCRIPT       : DATA_LOG | 532689 | aRapBi1cCZPZAGLIDny3dk3hQ8vTmNTLHRl8zxmKgQ0= | 7516.73 | 6.01498 | 3444.82 | 0.623701 | -0.781663 | 0 | SCARH_Black | 1 | 62.3558 | 1.81867 | 0 | 1 | 0 | 0 | 0 | 0 | 0 | 1 | camera | target | 0.623701 | 0 | -0.781663 | 0
SCRIPT       : DATA_LOG | 532708 | b6Sjt2-RNGxcRaWm937lmzRlL1ZStO-GKN6nDlCMyV4= | 7517.35 | 6.01498 | 3444.17 | -0.965309 | 0.261112 | 0 | AugShort | 1 | 28.0602 | 4.43179 | 0 | 1 | 1 | 0 | 0 | 0 | 0 | 1 | camera | target | -0.965309 | -0 | 0.261112 | -0.
SCRIPT       : DATA_LOG | 533696 | aRapBi1cCZPZAGLIDny3dk3hQ8vTmNTLHRl8zxmKgQ0= | 7516.73 | 6.01498 | 3444.82 | 0.623701 | -0.781663 | 0 | SCARH_Black | 1 | 63.4379 | 1.73995 | 0 | 1 | 0 | 0 | 0 | 0 | 0 | 1 | camera | target | 0.623701 | 0 | -0.781663 | 0
SCRIPT       : DATA_LOG | 533723 | b6Sjt2-RNGxcRaWm937lmzRlL1ZStO-GKN6nDlCMyV4= | 7517.35 | 6.01498 | 3444.17 | -0.796774 | 0.604277 | 1 | AugShort | 1 | 44.9554 | 4.43262 | 0 | 1 | 1 | 0 | 0 | 0 | 0 | 1 | camera | target | -0.796774 | -0 | 0.604277 | -0.
SCRIPT       : DATA_LOG | 534697 | aRapBi1cCZPZAGLIDny3dk3hQ8vTmNTLHRl8zxmKgQ0= | 7516.73 | 6.01498 | 3444.82 | 0.623701 | -0.781663 | 0 | SCARH_Black | 1 | 63.4466 | 1.74385 | 0 | 1 | 0 | 0 | 0 | 0 | 0 | 1 | camera | target | 0.623701 | 0 | -0.781663 | 0
SCRIPT       : DATA_LOG | 534724 | b6Sjt2-RNGxcRaWm937lmzRlL1ZStO-GKN6nDlCMyV4= | 7517.35 | 6.01498 | 3444.17 | -0.796774 | 0.604277 | 1 | AugShort | 1 | 45.1724 | 4.43999 | 0 | 1 | 1 | 0 | 0 | 0 | 1 | 1 | camera | target | -0.796774 | -0 | 0.604277 | -0.
SCRIPT       : DATA_LOG | 535702 | aRapBi1cCZPZAGLIDny3dk3hQ8vTmNTLHRl8zxmKgQ0= | 7516.73 | 6.01498 | 3444.82 | 0.623701 | -0.781663 | 0 | SCARH_Black | 1 | 62.4321 | 1.78071 | 0 | 1 | 0 | 0 | 0 | 0 | 0 | 1 | camera | target | 0.623701 | 0 | -0.781663 | 0
SCRIPT       : DATA_LOG | 535732 | b6Sjt2-RNGxcRaWm937lmzRlL1ZStO-GKN6nDlCMyV4= | 7517.35 | 6.01498 | 3444.17 | -0.796774 | 0.604277 | 1 | AugShort | 1 | 44.989 | 4.43327 | 0 | 1 | 1 | 0 | 0 | 0 | 1 | 1 | camera | target | -0.796774 | -0 | 0.604277 | -0.7
SCRIPT       : DATA_LOG | 536705 | aRapBi1cCZPZAGLIDny3dk3hQ8vTmNTLHRl8zxmKgQ0= | 7516.73 | 6.01498 | 3444.82 | 0.623701 | -0.781663 | 0 | SCARH_Black | 1 | 63.3915 | 1.74947 | 0 | 1 | 0 | 0 | 0 | 0 | 0 | 1 | camera | target | 0.623701 | 0 | -0.781663 | 0
SCRIPT       : DATA_LOG | 536734 | b6Sjt2-RNGxcRaWm937lmzRlL1ZStO-GKN6nDlCMyV4= | 7517.35 | 6.01498 | 3444.17 | -0.796774 | 0.604277 | 1 | AugShort | 1 | 45.0512 | 4.4357 | 0 | 1 | 1 | 0 | 0 | 0 | 1 | 1 | camera | target | -0.796774 | -0 | 0.604277 | -0.7
SCRIPT       : DATA_LOG | 537702 | aRapBi1cCZPZAGLIDny3dk3hQ8vTmNTLHRl8zxmKgQ0= | 7516.73 | 6.01498 | 3444.82 | 0.623701 | -0.781663 | 0 | SCARH_Black | 1 | 62.04 | 1.8255 | 0 | 1 | 0 | 0 | 0 | 0 | 0 | 1 | camera | target | 0.623701 | 0 | -0.781663 | 0.62
SCRIPT       : DATA_LOG | 537729 | b6Sjt2-RNGxcRaWm937lmzRlL1ZStO-GKN6nDlCMyV4= | 7517.35 | 6.01498 | 3444.17 | -0.796774 | 0.604277 | 0 | AugShort | 1 | 45.0151 | 4.43039 | 0 | 1 | 1 | 0 | 0 | 0 | 0 | 1 | camera | target | -0.796774 | -0 | 0.604277 | -0.
SCRIPT       : DATA_LOG | 538703 | aRapBi1cCZPZAGLIDny3dk3hQ8vTmNTLHRl8zxmKgQ0= | 7516.73 | 6.01498 | 3444.82 | 0.623701 | -0.781663 | 0 | SCARH_Black | 1 | 63.1241 | 1.79607 | 0 | 1 | 0 | 0 | 0 | 0 | 0 | 1 | camera | target | 0.623701 | 0 | -0.781663 | 0
SCRIPT       : DATA_LOG | 538732 | b6Sjt2-RNGxcRaWm937lmzRlL1ZStO-GKN6nDlCMyV4= | 7517.35 | 6.01498 | 3444.17 | -0.796774 | 0.604277 | 0 | AugShort | 1 | 45.016 | 4.42847 | 0 | 1 | 1 | 0 | 0 | 0 | 0 | 1 | camera | target | -0.796774 | -0 | 0.604277 | -0.7
SCRIPT       : DATA_LOG | 539705 | aRapBi1cCZPZAGLIDny3dk3hQ8vTmNTLHRl8zxmKgQ0= | 7516.73 | 6.01498 | 3444.82 | 0.623701 | -0.781663 | 0 | SCARH_Black | 1 | 62.9877 | 1.79868 | 0 | 1 | 0 | 0 | 0 | 0 | 0 | 1 | camera | target | 0.623701 | 0 | -0.781663 | 0
SCRIPT       : DATA_LOG | 539733 | b6Sjt2-RNGxcRaWm937lmzRlL1ZStO-GKN6nDlCMyV4= | 7517.35 | 6.01498 | 3444.17 | -0.796774 | 0.604277 | 0 | AugShort | 1 | 45.1145 | 4.43244 | 0 | 1 | 1 | 0 | 0 | 0 | 0 | 1 | camera | target | -0.796774 | -0 | 0.604277 | -0.
SCRIPT       : DATA_LOG | 540700 | aRapBi1cCZPZAGLIDny3dk3hQ8vTmNTLHRl8zxmKgQ0= | 7516.73 | 6.01498 | 3444.82 | 0.623701 | -0.781663 | 0 | SCARH_Black | 1 | 63.5315 | 1.78472 | 0 | 1 | 0 | 0 | 0 | 0 | 0 | 1 | camera | none | 0.623701 | 0 | -0.781663 | 0.6
SCRIPT       : DATA_LOG | 540722 | b6Sjt2-RNGxcRaWm937lmzRlL1ZStO-GKN6nDlCMyV4= | 7517.35 | 6.01498 | 3444.17 | -0.796774 | 0.604277 | 0 | AugShort | 1 | 44.9321 | 4.4314 | 0 | 1 | 1 | 0 | 0 | 0 | 0 | 1 | camera | target | -0.796774 | -0 | 0.604277 | -0.7
SCRIPT       : DATA_LOG | 541703 | aRapBi1cCZPZAGLIDny3dk3hQ8vTmNTLHRl8zxmKgQ0= | 7516.73 | 6.01498 | 3444.82 | 0.623701 | -0.781663 | 0 | SCARH_Black | 1 | 63.2088 | 0.859092 | 0 | 1 | 0 | 0 | 0 | 0 | 0 | 1 | camera | none | 0.623701 | 0 | -0.781663 | 0.
SCRIPT       : DATA_LOG | 541723 | b6Sjt2-RNGxcRaWm937lmzRlL1ZStO-GKN6nDlCMyV4= | 7517.4 | 6.01498 | 3444.12 | -0.796774 | 0.604277 | 0 | AugShort | 1 | 44.3988 | 4.48296 | 0 | 1 | 1 | 0 | 0 | 0 | 0 | 1 | camera | target | -0.796774 | 0 | 0.604277 | -0.79
SCRIPT       : DATA_LOG | 542705 | aRapBi1cCZPZAGLIDny3dk3hQ8vTmNTLHRl8zxmKgQ0= | 7516.73 | 6.01498 | 3444.82 | 0.623701 | -0.781663 | 0 | SCARH_Black | 1 | 63.291 | 0.860023 | 0 | 1 | 0 | 0 | 0 | 0 | 0 | 1 | camera | none | 0.623701 | 0 | -0.781663 | 0.6
SCRIPT       : DATA_LOG | 542734 | b6Sjt2-RNGxcRaWm937lmzRlL1ZStO-GKN6nDlCMyV4= | 7517.4 | 6.01498 | 3444.12 | -0.796774 | 0.604277 | 0 | AugShort | 1 | 44.2573 | 4.47723 | 0 | 1 | 1 | 0 | 0 | 0 | 0 | 1 | camera | target | -0.796774 | 0 | 0.604277 | -0.79
SCRIPT       : DATA_LOG | 543700 | aRapBi1cCZPZAGLIDny3dk3hQ8vTmNTLHRl8zxmKgQ0= | 7516.73 | 6.01498 | 3444.82 | 0.623701 | -0.781663 | 0 | SCARH_Black | 1 | 63.3099 | 0.854467 | 0 | 1 | 0 | 0 | 0 | 0 | 0 | 1 | camera | none | 0.623701 | 0 | -0.781663 | 0.
SCRIPT       : DATA_LOG | 543719 | b6Sjt2-RNGxcRaWm937lmzRlL1ZStO-GKN6nDlCMyV4= | 7517.4 | 6.01498 | 3444.12 | -0.796774 | 0.604277 | 0 | AugShort | 1 | 44.2671 | 4.47681 | 0 | 1 | 1 | 0 | 0 | 0 | 0 | 1 | camera | target | -0.796774 | 0 | 0.604277 | -0.79
SCRIPT       : DATA_LOG | 544702 | aRapBi1cCZPZAGLIDny3dk3hQ8vTmNTLHRl8zxmKgQ0= | 7516.73 | 6.01498 | 3444.82 | 0.623701 | -0.781663 | 0 | SCARH_Black | 1 | 63.2911 | 0.860024 | 0 | 1 | 0 | 0 | 0 | 0 | 0 | 1 | camera | none | 0.623701 | 0 | -0.781663 | 0.
SCRIPT       : DATA_LOG | 544722 | b6Sjt2-RNGxcRaWm937lmzRlL1ZStO-GKN6nDlCMyV4= | 7517.4 | 6.01498 | 3444.12 | -0.796774 | 0.604277 | 0 | AugShort | 1 | 44.2624 | 4.47457 | 0 | 1 | 1 | 0 | 0 | 0 | 0 | 1 | camera | target | -0.796774 | 0 | 0.604277 | -0.79
SCRIPT       : DATA_LOG | 545712 | aRapBi1cCZPZAGLIDny3dk3hQ8vTmNTLHRl8zxmKgQ0= | 7516.73 | 6.01498 | 3444.82 | 0.623701 | -0.781663 | 0 | SCARH_Black | 1 | 63.31 | 0.854469 | 0 | 1 | 0 | 0 | 0 | 0 | 0 | 1 | camera | none | 0.623701 | 0 | -0.781663 | 0.62
SCRIPT       : DATA_LOG | 545741 | b6Sjt2-RNGxcRaWm937lmzRlL1ZStO-GKN6nDlCMyV4= | 7517.4 | 6.01498 | 3444.12 | -0.796774 | 0.604277 | 0 | AugShort | 1 | 44.2346 | 4.47112 | 0 | 1 | 1 | 0 | 0 | 0 | 0 | 1 | camera | target | -0.796774 | 0 | 0.604277 | -0.79
SCRIPT       : DATA_LOG | 546707 | aRapBi1cCZPZAGLIDny3dk3hQ8vTmNTLHRl8zxmKgQ0= | 7516.73 | 6.01498 | 3444.82 | 0.623701 | -0.781663 | 0 | SCARH_Black | 1 | 63.3022 | 0.860354 | 0 | 1 | 0 | 0 | 0 | 0 | 0 | 1 | camera | none | 0.623701 | 0 | -0.781663 | 0.
SCRIPT       : DATA_LOG | 546735 | b6Sjt2-RNGxcRaWm937lmzRlL1ZStO-GKN6nDlCMyV4= | 7517.4 | 6.01498 | 3444.12 | -0.796774 | 0.604277 | 0 | AugShort | 1 | 44.335 | 4.47494 | 0 | 1 | 1 | 0 | 0 | 0 | 0 | 1 | camera | target | -0.796774 | 0 | 0.604277 | -0.796
SCRIPT       : DATA_LOG | 547710 | aRapBi1cCZPZAGLIDny3dk3hQ8vTmNTLHRl8zxmKgQ0= | 7516.73 | 6.01498 | 3444.82 | 0.623701 | -0.781663 | 0 | SCARH_Black | 1 | 58.7427 | 1.12864 | 0 | 1 | 0 | 0 | 0 | 0 | 0 | 1 | camera | none | 0.623701 | 0 | -0.781663 | 0.6
SCRIPT       : DATA_LOG | 547739 | b6Sjt2-RNGxcRaWm937lmzRlL1ZStO-GKN6nDlCMyV4= | 7517.4 | 6.01498 | 3444.12 | -0.796774 | 0.604277 | 0 | AugShort | 1 | 44.1673 | 4.47318 | 0 | 1 | 1 | 0 | 0 | 0 | 0 | 1 | camera | target | -0.796774 | 0 | 0.604277 | -0.79
SCRIPT       : DATA_LOG | 548715 | aRapBi1cCZPZAGLIDny3dk3hQ8vTmNTLHRl8zxmKgQ0= | 7516.73 | 6.01498 | 3444.82 | 0.623701 | -0.781663 | 0 | SCARH_Black | 1 | 58.8115 | 1.12197 | 0 | 1 | 0 | 0 | 0 | 0 | 0 | 1 | camera | none | 0.623701 | 0 | -0.781663 | 0.6
SCRIPT       : DATA_LOG | 548744 | b6Sjt2-RNGxcRaWm937lmzRlL1ZStO-GKN6nDlCMyV4= | 7517.4 | 6.01498 | 3444.12 | -0.796774 | 0.604277 | 0 | AugShort | 1 | 44.3736 | 4.48234 | 0 | 1 | 1 | 0 | 0 | 0 | 0 | 1 | camera | target | -0.796774 | 0 | 0.604277 | -0.79
SCRIPT       : DATA_LOG | 549715 | aRapBi1cCZPZAGLIDny3dk3hQ8vTmNTLHRl8zxmKgQ0= | 7516.73 | 6.01498 | 3444.82 | 0.623701 | -0.781663 | 0 | SCARH_Black | 1 | 57.6624 | 1.1139 | 0 | 1 | 0 | 0 | 0 | 0 | 0 | 1 | camera | none | 0.623701 | 0 | -0.781663 | 0.62
SCRIPT       : DATA_LOG | 549740 | b6Sjt2-RNGxcRaWm937lmzRlL1ZStO-GKN6nDlCMyV4= | 7517.4 | 6.01498 | 3444.12 | -0.82904 | 0.559189 | 0 | AugShort | 1 | 41.5911 | 4.47842 | 0 | 1 | 1 | 0 | 0 | 0 | 0 | 1 | camera | target | -0.82904 | 0 | 0.559189 | -0.8290
SCRIPT       : DATA_LOG | 550709 | aRapBi1cCZPZAGLIDny3dk3hQ8vTmNTLHRl8zxmKgQ0= | 7516.73 | 6.01498 | 3444.82 | 0.623701 | -0.781663 | 0 | SCARH_Black | 1 | 56.1419 | 1.12602 | 0 | 1 | 0 | 0 | 0 | 0 | 0 | 1 | camera | none | 0.623701 | 0 | -0.781663 | 0.6
SCRIPT       : DATA_LOG | 550733 | b6Sjt2-RNGxcRaWm937lmzRlL1ZStO-GKN6nDlCMyV4= | 7517.4 | 6.01498 | 3444.12 | -0.985465 | -0.16988 | 0 | AugShort | 1 | 22.205 | 4.4757 | 0 | 1 | 1 | 0 | 0 | 0 | 0 | 1 | camera | target | -0.985465 | 0 | -0.16988 | -0.9854
SCRIPT       : DATA_LOG | 551711 | aRapBi1cCZPZAGLIDny3dk3hQ8vTmNTLHRl8zxmKgQ0= | 7516.73 | 6.01498 | 3444.82 | 0.623701 | -0.781663 | 0 | SCARH_Black | 1 | 56.0719 | 1.11286 | 0 | 1 | 0 | 0 | 0 | 0 | 0 | 1 | camera | none | 0.623701 | 0 | -0.781663 | 0.6
SCRIPT       : DATA_LOG | 551731 | b6Sjt2-RNGxcRaWm937lmzRlL1ZStO-GKN6nDlCMyV4= | 7517.4 | 6.01498 | 3444.12 | -0.985465 | -0.16988 | 0 | AugShort | 1 | 22.2024 | 4.47597 | 0 | 1 | 1 | 0 | 0 | 0 | 0 | 1 | camera | target | -0.985465 | 0 | -0.16988 | -0.98
SCRIPT       : DATA_LOG | 552722 | aRapBi1cCZPZAGLIDny3dk3hQ8vTmNTLHRl8zxmKgQ0= | 7516.73 | 6.01498 | 3444.82 | 0.623701 | -0.781663 | 0 | SCARH_Black | 0 | 56.1171 | 1.12351 | 0 | 1 | 0 | 0 | 0 | 0 | 0 | 1 | camera | Mag_Aug_30Rnd | 0.623701 | 0 | -0.781
SCRIPT       : DATA_LOG | 552753 | b6Sjt2-RNGxcRaWm937lmzRlL1ZStO-GKN6nDlCMyV4= | 7517.4 | 6.01498 | 3444.12 | -0.985465 | -0.16988 | 0 | AugShort | 1 | 22.2371 | 4.47155 | 0 | 1 | 1 | 0 | 0 | 0 | 0 | 1 | camera | target | -0.985465 | 0 | -0.16988 | -0.98
SCRIPT       : DATA_LOG | 553715 | aRapBi1cCZPZAGLIDny3dk3hQ8vTmNTLHRl8zxmKgQ0= | 7516.73 | 6.01498 | 3444.82 | 0.623701 | -0.781663 | 0 | SCARH_Black | 0 | 56.0989 | 1.11657 | 0 | 1 | 0 | 0 | 0 | 0 | 0 | 1 | camera | Mag_Aug_30Rnd | 0.623701 | 0 | -0.781
SCRIPT       : DATA_LOG | 553736 | b6Sjt2-RNGxcRaWm937lmzRlL1ZStO-GKN6nDlCMyV4= | 7517.4 | 6.01498 | 3444.12 | -0.985465 | -0.16988 | 0 | AugShort | 1 | 22.1931 | 4.47479 | 0 | 1 | 1 | 0 | 0 | 0 | 0 | 1 | camera | target | -0.985465 | 0 | -0.16988 | -0.98
SCRIPT       : DATA_LOG | 554714 | aRapBi1cCZPZAGLIDny3dk3hQ8vTmNTLHRl8zxmKgQ0= | 7516.73 | 6.01498 | 3444.82 | 0.623701 | -0.781663 | 0 | SCARH_Black | 0 | 56.1031 | 1.11853 | 0 | 1 | 0 | 0 | 0 | 0 | 0 | 1 | camera | Mag_Aug_30Rnd | 0.623701 | 0 | -0.781
SCRIPT       : DATA_LOG | 554734 | b6Sjt2-RNGxcRaWm937lmzRlL1ZStO-GKN6nDlCMyV4= | 7517.4 | 6.01498 | 3444.12 | -0.985465 | -0.16988 | 0 | AugShort | 1 | 22.2261 | 4.47279 | 0 | 1 | 1 | 0 | 0 | 0 | 0 | 1 | camera | target | -0.985465 | 0 | -0.16988 | -0.98
SCRIPT       : DATA_LOG | 555714 | aRapBi1cCZPZAGLIDny3dk3hQ8vTmNTLHRl8zxmKgQ0= | 7516.73 | 6.01498 | 3444.82 | 0.623701 | -0.781663 | 0 | SCARH_Black | 1 | 56.1227 | 1.12368 | 0 | 1 | 0 | 0 | 0 | 0 | 0 | 1 | camera | none | 0.623701 | 0 | -0.781663 | 0.6
SCRIPT       : DATA_LOG | 555741 | b6Sjt2-RNGxcRaWm937lmzRlL1ZStO-GKN6nDlCMyV4= | 7517.4 | 6.01498 | 3444.12 | -0.985465 | -0.16988 | 0 | AugShort | 1 | 22.1678 | 4.4811 | 0 | 1 | 1 | 0 | 0 | 0 | 0 | 1 | camera | target | -0.985465 | 0 | -0.16988 | -0.985
SCRIPT       : DATA_LOG | 556723 | aRapBi1cCZPZAGLIDny3dk3hQ8vTmNTLHRl8zxmKgQ0= | 7516.73 | 6.01498 | 3444.82 | 0.623701 | -0.781663 | 0 | SCARH_Black | 1 | 56.0728 | 1.11288 | 0 | 1 | 0 | 0 | 0 | 0 | 0 | 1 | camera | none | 0.623701 | 0 | -0.781663 | 0.6
SCRIPT       : DATA_LOG | 556753 | b6Sjt2-RNGxcRaWm937lmzRlL1ZStO-GKN6nDlCMyV4= | 7517.4 | 6.01498 | 3444.12 | -0.985465 | -0.16988 | 0 | AugShort | 1 | 22.1725 | 4.47964 | 0 | 1 | 1 | 0 | 0 | 0 | 0 | 1 | camera | target | -0.985465 | 0 | -0.16988 | -0.98
SCRIPT       : DATA_LOG | 557726 | aRapBi1cCZPZAGLIDny3dk3hQ8vTmNTLHRl8zxmKgQ0= | 7516.73 | 6.01498 | 3444.82 | 0.623701 | -0.781663 | 0 | SCARH_Black | 1 | 56.1826 | 1.13801 | 0 | 1 | 0 | 0 | 0 | 0 | 0 | 1 | camera | none | 0.623701 | 0 | -0.781663 | 0.6
SCRIPT       : DATA_LOG | 557755 | b6Sjt2-RNGxcRaWm937lmzRlL1ZStO-GKN6nDlCMyV4= | 7517.4 | 6.01498 | 3444.12 | -0.985465 | -0.16988 | 0 | AugShort | 1 | 22.2142 | 4.47455 | 0 | 1 | 1 | 0 | 0 | 0 | 0 | 1 | camera | target | -0.985465 | 0 | -0.16988 | -0.98
SCRIPT       : DATA_LOG | 558728 | aRapBi1cCZPZAGLIDny3dk3hQ8vTmNTLHRl8zxmKgQ0= | 7516.73 | 6.01498 | 3444.82 | 0.623701 | -0.781663 | 0 | SCARH_Black | 1 | 56.2783 | 1.17265 | 0 | 1 | 0 | 0 | 0 | 0 | 0 | 1 | camera | none | 0.623701 | 0 | -0.781663 | 0.6
SCRIPT       : DATA_LOG | 558756 | b6Sjt2-RNGxcRaWm937lmzRlL1ZStO-GKN6nDlCMyV4= | 7517.4 | 6.01498 | 3444.12 | -0.985465 | -0.16988 | 0 | AugShort | 1 | 22.1913 | 4.47779 | 0 | 1 | 1 | 0 | 0 | 0 | 0 | 1 | camera | target | -0.985465 | 0 | -0.16988 | -0.98
SCRIPT       : DATA_LOG | 559725 | aRapBi1cCZPZAGLIDny3dk3hQ8vTmNTLHRl8zxmKgQ0= | 7516.73 | 6.01498 | 3444.82 | 0.623701 | -0.781663 | 0 | SCARH_Black | 1 | 56.5458 | 1.17403 | 0 | 1 | 0 | 0 | 0 | 0 | 0 | 1 | camera | none | 0.623701 | 0 | -0.781663 | 0.6
SCRIPT       : DATA_LOG | 559756 | b6Sjt2-RNGxcRaWm937lmzRlL1ZStO-GKN6nDlCMyV4= | 7517.4 | 6.01498 | 3444.12 | -0.985465 | -0.16988 | 0 | AugShort | 1 | 22.2386 | 4.47198 | 0 | 1 | 1 | 0 | 0 | 0 | 0 | 1 | camera | target | -0.985465 | 0 | -0.16988 | -0.98
SCRIPT       : DATA_LOG | 560726 | aRapBi1cCZPZAGLIDny3dk3hQ8vTmNTLHRl8zxmKgQ0= | 7516.73 | 6.01498 | 3444.82 | 0.623701 | -0.781663 | 0 | SCARH_Black | 1 | 56.4739 | 1.18602 | 0 | 1 | 0 | 0 | 0 | 0 | 0 | 1 | camera | none | 0.623701 | 0 | -0.781663 | 0.6
SCRIPT       : DATA_LOG | 560748 | b6Sjt2-RNGxcRaWm937lmzRlL1ZStO-GKN6nDlCMyV4= | 7517.4 | 6.01498 | 3444.12 | -0.985465 | -0.16988 | 0 | AugShort | 1 | 22.2021 | 4.47368 | 0 | 1 | 1 | 0 | 0 | 0 | 0 | 1 | camera | target | -0.985465 | 0 | -0.16988 | -0.98
SCRIPT       : DATA_LOG | 561728 | aRapBi1cCZPZAGLIDny3dk3hQ8vTmNTLHRl8zxmKgQ0= | 7516.73 | 6.01498 | 3444.82 | 0.623701 | -0.781663 | 0 | SCARH_Black | 1 | 56.0728 | 1.11288 | 0 | 1 | 0 | 0 | 0 | 0 | 0 | 1 | camera | none | 0.623701 | 0 | -0.781663 | 0.6
SCRIPT       : DATA_LOG | 561751 | b6Sjt2-RNGxcRaWm937lmzRlL1ZStO-GKN6nDlCMyV4= | 7517.4 | 6.01498 | 3444.12 | -0.985465 | -0.16988 | 0 | AugShort | 1 | 22.2168 | 4.47298 | 0 | 1 | 1 | 0 | 0 | 0 | 0 | 1 | camera | target | -0.985465 | 0 | -0.16988 | -0.98
SCRIPT       : DATA_LOG | 562733 | aRapBi1cCZPZAGLIDny3dk3hQ8vTmNTLHRl8zxmKgQ0= | 7516.73 | 6.01498 | 3444.82 | 0.623701 | -0.781663 | 0 | SCARH_Black | 1 | 56.1163 | 1.12349 | 0 | 1 | 0 | 0 | 0 | 0 | 0 | 1 | camera | none | 0.623701 | 0 | -0.781663 | 0.6
SCRIPT       : DATA_LOG | 562764 | b6Sjt2-RNGxcRaWm937lmzRlL1ZStO-GKN6nDlCMyV4= | 7517.4 | 6.01498 | 3444.12 | -0.985465 | -0.16988 | 0 | AugShort | 1 | 22.1868 | 4.47938 | 0 | 1 | 1 | 0 | 0 | 0 | 0 | 1 | camera | target | -0.985465 | 0 | -0.16988 | -0.98
SCRIPT       : DATA_LOG | 563727 | aRapBi1cCZPZAGLIDny3dk3hQ8vTmNTLHRl8zxmKgQ0= | 7516.73 | 6.01498 | 3444.82 | 0.623701 | -0.781663 | 0 | SCARH_Black | 1 | 56.4372 | 1.14549 | 0 | 1 | 0 | 0 | 0 | 0 | 0 | 1 | camera | none | 0.623701 | 0 | -0.781663 | 0.6
SCRIPT       : DATA_LOG | 563750 | b6Sjt2-RNGxcRaWm937lmzRlL1ZStO-GKN6nDlCMyV4= | 7517.4 | 6.01498 | 3444.12 | -0.985465 | -0.16988 | 0 | AugShort | 1 | 22.1594 | 4.4808 | 0 | 1 | 1 | 0 | 0 | 0 | 0 | 1 | camera | target | -0.985465 | 0 | -0.16988 | -0.985
SCRIPT       : DATA_LOG | 564724 | aRapBi1cCZPZAGLIDny3dk3hQ8vTmNTLHRl8zxmKgQ0= | 7516.73 | 6.01498 | 3444.82 | 0.623701 | -0.781663 | 0 | SCARH_Black | 1 | 50.8505 | 2.14063 | 0 | 1 | 0 | 0 | 0 | 0 | 0 | 1 | camera | target | 0.623701 | 0 | -0.781663 | 0
SCRIPT       : DATA_LOG | 564744 | b6Sjt2-RNGxcRaWm937lmzRlL1ZStO-GKN6nDlCMyV4= | 7517.98 | 6.01499 | 3444 | -0.982763 | 0.184869 | 0 | AugShort | 1 | 21.8878 | 5.0178 | 0 | 1 | 1 | 0 | 0 | 0 | 0 | 1 | camera | target | -0.982763 | -0 | 0.184869 | -0.9827
SCRIPT       : DATA_LOG | 565734 | aRapBi1cCZPZAGLIDny3dk3hQ8vTmNTLHRl8zxmKgQ0= | 7516.73 | 6.01498 | 3444.82 | 0.623701 | -0.781663 | 0 | SCARH_Black | 1 | 59.3138 | 1.86725 | 0 | 1 | 0 | 0 | 0 | 0 | 0 | 1 | camera | target | 0.623701 | 0 | -0.781663 | 0
SCRIPT       : DATA_LOG | 565761 | b6Sjt2-RNGxcRaWm937lmzRlL1ZStO-GKN6nDlCMyV4= | 7517.5 | 6.01498 | 3444.12 | -0.972146 | 0.234375 | 0 | AugShort | 1 | 26.0518 | 4.57104 | 0 | 1 | 1 | 0 | 0 | 0 | 0 | 1 | camera | target | -0.972146 | -0 | 0.234375 | -0.9
SCRIPT       : DATA_LOG | 566732 | aRapBi1cCZPZAGLIDny3dk3hQ8vTmNTLHRl8zxmKgQ0= | 7516.73 | 6.01498 | 3444.82 | 0.623701 | -0.781663 | 0 | SCARH_Black | 1 | 59.3955 | 1.86479 | 0 | 1 | 0 | 0 | 0 | 0 | 0 | 1 | camera | target | 0.623701 | 0 | -0.781663 | 0
SCRIPT       : DATA_LOG | 566755 | b6Sjt2-RNGxcRaWm937lmzRlL1ZStO-GKN6nDlCMyV4= | 7517.5 | 6.01498 | 3444.12 | -0.972146 | 0.234375 | 0 | AugShort | 1 | 26.0239 | 4.56428 | 0 | 1 | 1 | 0 | 0 | 0 | 0 | 1 | camera | target | -0.972146 | -0 | 0.234375 | -0.9
SCRIPT       : DATA_LOG | 567735 | aRapBi1cCZPZAGLIDny3dk3hQ8vTmNTLHRl8zxmKgQ0= | 7516.73 | 6.01498 | 3444.82 | 0.623701 | -0.781663 | 0 | SCARH_Black | 1 | 59.3529 | 1.86596 | 0 | 1 | 0 | 0 | 0 | 0 | 0 | 1 | camera | target | 0.623701 | 0 | -0.781663 | 0
SCRIPT       : DATA_LOG | 567761 | b6Sjt2-RNGxcRaWm937lmzRlL1ZStO-GKN6nDlCMyV4= | 7517.5 | 6.01498 | 3444.12 | -0.972146 | 0.234375 | 0 | AugShort | 1 | 26.0558 | 4.56484 | 0 | 1 | 1 | 0 | 0 | 0 | 0 | 1 | camera | target | -0.972146 | -0 | 0.234375 | -0.9
SCRIPT       : DATA_LOG | 568738 | aRapBi1cCZPZAGLIDny3dk3hQ8vTmNTLHRl8zxmKgQ0= | 7516.73 | 6.01498 | 3444.82 | 0.623701 | -0.781663 | 0 | SCARH_Black | 1 | 59.2846 | 1.86782 | 0 | 1 | 0 | 0 | 0 | 0 | 0 | 1 | camera | target | 0.623701 | 0 | -0.781663 | 0
SCRIPT       : DATA_LOG | 568767 | b6Sjt2-RNGxcRaWm937lmzRlL1ZStO-GKN6nDlCMyV4= | 7517.5 | 6.01498 | 3444.12 | -0.972146 | 0.234375 | 0 | AugShort | 1 | 26.042 | 4.56508 | 0 | 1 | 1 | 0 | 0 | 0 | 0 | 1 | camera | target | -0.972146 | -0 | 0.234375 | -0.97
SCRIPT       : DATA_LOG | 569740 | aRapBi1cCZPZAGLIDny3dk3hQ8vTmNTLHRl8zxmKgQ0= | 7516.73 | 6.01498 | 3444.82 | 0.623701 | -0.781663 | 0 | SCARH_Black | 1 | 59.4177 | 1.86459 | 0 | 1 | 0 | 0 | 0 | 0 | 0 | 1 | camera | target | 0.623701 | 0 | -0.781663 | 0
SCRIPT       : DATA_LOG | 569772 | b6Sjt2-RNGxcRaWm937lmzRlL1ZStO-GKN6nDlCMyV4= | 7517.5 | 6.01498 | 3444.12 | -0.972146 | 0.234375 | 0 | AugShort | 1 | 26.0197 | 4.56988 | 0 | 1 | 1 | 0 | 0 | 0 | 0 | 1 | camera | target | -0.972146 | -0 | 0.234375 | -0.9
SCRIPT       : DATA_LOG | 570730 | aRapBi1cCZPZAGLIDny3dk3hQ8vTmNTLHRl8zxmKgQ0= | 7516.73 | 6.01498 | 3444.82 | 0.623701 | -0.781663 | 0 | SCARH_Black | 1 | 59.3312 | 1.86671 | 0 | 1 | 0 | 0 | 0 | 0 | 0 | 1 | camera | target | 0.623701 | 0 | -0.781663 | 0
SCRIPT       : DATA_LOG | 570750 | b6Sjt2-RNGxcRaWm937lmzRlL1ZStO-GKN6nDlCMyV4= | 7517.5 | 6.01498 | 3444.12 | -0.972146 | 0.234375 | 0 | AugShort | 1 | 26.1241 | 4.57415 | 0 | 1 | 1 | 0 | 0 | 0 | 0 | 1 | camera | target | -0.972146 | -0 | 0.234375 | -0.9
SCRIPT       : DATA_LOG | 571741 | aRapBi1cCZPZAGLIDny3dk3hQ8vTmNTLHRl8zxmKgQ0= | 7516.73 | 6.01498 | 3444.82 | 0.623701 | -0.781663 | 0 | SCARH_Black | 1 | 59.3244 | 1.86679 | 0 | 1 | 0 | 0 | 0 | 0 | 0 | 1 | camera | target | 0.623701 | 0 | -0.781663 | 0
SCRIPT       : DATA_LOG | 571767 | b6Sjt2-RNGxcRaWm937lmzRlL1ZStO-GKN6nDlCMyV4= | 7517.5 | 6.01498 | 3444.12 | -0.972146 | 0.234375 | 0 | AugShort | 1 | 25.997 | 4.56712 | 0 | 1 | 1 | 0 | 0 | 0 | 0 | 1 | camera | target | -0.972146 | -0 | 0.234375 | -0.97
SCRIPT       : DATA_LOG | 572734 | aRapBi1cCZPZAGLIDny3dk3hQ8vTmNTLHRl8zxmKgQ0= | 7516.73 | 6.01498 | 3444.82 | 0.623701 | -0.781663 | 0 | SCARH_Black | 1 | 59.399 | 1.86498 | 0 | 1 | 0 | 0 | 0 | 0 | 0 | 1 | camera | target | 0.623701 | 0 | -0.781663 | 0.
SCRIPT       : DATA_LOG | 572757 | b6Sjt2-RNGxcRaWm937lmzRlL1ZStO-GKN6nDlCMyV4= | 7517.5 | 6.01498 | 3444.12 | -0.972146 | 0.234375 | 0 | AugShort | 1 | 26.0585 | 4.57111 | 0 | 1 | 1 | 0 | 0 | 0 | 0 | 1 | camera | target | -0.972146 | -0 | 0.234375 | -0.9
SCRIPT       : DATA_LOG | 573744 | aRapBi1cCZPZAGLIDny3dk3hQ8vTmNTLHRl8zxmKgQ0= | 7516.73 | 6.01498 | 3444.82 | 0.623701 | -0.781663 | 0 | SCARH_Black | 1 | 58.4059 | 1.89563 | 0 | 1 | 0 | 0 | 0 | 0 | 0 | 1 | camera | target | 0.623701 | 0 | -0.781663 | 0
SCRIPT       : DATA_LOG | 573777 | b6Sjt2-RNGxcRaWm937lmzRlL1ZStO-GKN6nDlCMyV4= | 7517.5 | 6.01498 | 3444.12 | -0.972146 | 0.234375 | 0 | AugShort | 1 | 26.0349 | 4.56485 | 0 | 1 | 1 | 0 | 0 | 0 | 0 | 1 | camera | target | -0.972146 | -0 | 0.234375 | -0.9
SCRIPT       : DATA_LOG | 574746 | aRapBi1cCZPZAGLIDny3dk3hQ8vTmNTLHRl8zxmKgQ0= | 7516.73 | 6.01498 | 3444.82 | 0.623701 | -0.781663 | 0 | SCARH_Black | 1 | 58.397 | 1.89566 | 0 | 1 | 0 | 0 | 0 | 0 | 0 | 1 | camera | target | 0.623701 | 0 | -0.781663 | 0.
SCRIPT       : DATA_LOG | 574775 | b6Sjt2-RNGxcRaWm937lmzRlL1ZStO-GKN6nDlCMyV4= | 7517.5 | 6.01498 | 3444.12 | -0.972146 | 0.234375 | 0 | AugShort | 1 | 26.0506 | 4.56436 | 0 | 1 | 1 | 0 | 0 | 0 | 0 | 1 | camera | target | -0.972146 | -0 | 0.234375 | -0.9
SCRIPT       : DATA_LOG | 575742 | aRapBi1cCZPZAGLIDny3dk3hQ8vTmNTLHRl8zxmKgQ0= | 7516.73 | 6.01498 | 3444.82 | 0.623701 | -0.781663 | 0 | SCARH_Black | 1 | 58.5189 | 1.89298 | 0 | 1 | 0 | 0 | 0 | 0 | 0 | 1 | camera | target | 0.623701 | 0 | -0.781663 | 0
SCRIPT       : DATA_LOG | 575767 | b6Sjt2-RNGxcRaWm937lmzRlL1ZStO-GKN6nDlCMyV4= | 7517.5 | 6.01498 | 3444.12 | -0.972146 | 0.234375 | 0 | AugShort | 1 | 26.087 | 4.56609 | 0 | 1 | 1 | 0 | 0 | 0 | 0 | 1 | camera | target | -0.972146 | -0 | 0.234375 | -0.97
SCRIPT       : DATA_LOG | 576749 | aRapBi1cCZPZAGLIDny3dk3hQ8vTmNTLHRl8zxmKgQ0= | 7516.73 | 6.01498 | 3444.82 | 0.623701 | -0.781663 | 0 | SCARH_Black | 1 | 58.4158 | 1.89572 | 0 | 1 | 0 | 0 | 0 | 0 | 0 | 1 | camera | target | 0.623701 | 0 | -0.781663 | 0
SCRIPT       : DATA_LOG | 576778 | b6Sjt2-RNGxcRaWm937lmzRlL1ZStO-GKN6nDlCMyV4= | 7517.5 | 6.01498 | 3444.12 | -0.972146 | 0.234375 | 0 | AugShort | 1 | 25.9975 | 4.56819 | 0 | 1 | 1 | 0 | 0 | 0 | 0 | 1 | camera | target | -0.972146 | -0 | 0.234375 | -0.9
SCRIPT       : DATA_LOG | 577745 | aRapBi1cCZPZAGLIDny3dk3hQ8vTmNTLHRl8zxmKgQ0= | 7516.73 | 6.01498 | 3444.82 | 0.623701 | -0.781663 | 0 | SCARH_Black | 1 | 58.4231 | 1.89503 | 0 | 1 | 0 | 0 | 0 | 0 | 0 | 1 | camera | target | 0.623701 | 0 | -0.781663 | 0
SCRIPT       : DATA_LOG | 577775 | b6Sjt2-RNGxcRaWm937lmzRlL1ZStO-GKN6nDlCMyV4= | 7517.5 | 6.01498 | 3444.12 | -0.972146 | 0.234375 | 0 | AugShort | 1 | 26.1357 | 4.57475 | 0 | 1 | 1 | 0 | 0 | 0 | 0 | 1 | camera | target | -0.972146 | -0 | 0.234375 | -0.9
SCRIPT       : DATA_LOG | 578758 | aRapBi1cCZPZAGLIDny3dk3hQ8vTmNTLHRl8zxmKgQ0= | 7516.73 | 6.01498 | 3444.82 | 0.623701 | -0.781663 | 0 | SCARH_Black | 1 | 58.5013 | 1.89341 | 0 | 1 | 0 | 0 | 0 | 0 | 0 | 1 | camera | target | 0.623701 | 0 | -0.781663 | 0
SCRIPT       : DATA_LOG | 578786 | b6Sjt2-RNGxcRaWm937lmzRlL1ZStO-GKN6nDlCMyV4= | 7517.5 | 6.01498 | 3444.12 | -0.972146 | 0.234375 | 0 | AugShort | 1 | 26.0043 | 4.56768 | 0 | 1 | 1 | 0 | 0 | 0 | 0 | 1 | camera | target | -0.972146 | -0 | 0.234375 | -0.9
SCRIPT       : DATA_LOG | 579754 | aRapBi1cCZPZAGLIDny3dk3hQ8vTmNTLHRl8zxmKgQ0= | 7516.73 | 6.01498 | 3444.82 | 0.623701 | -0.781663 | 0 | SCARH_Black | 1 | 58.3864 | 1.89632 | 0 | 1 | 0 | 0 | 0 | 0 | 0 | 1 | camera | target | 0.623701 | 0 | -0.781663 | 0
SCRIPT       : DATA_LOG | 579775 | b6Sjt2-RNGxcRaWm937lmzRlL1ZStO-GKN6nDlCMyV4= | 7517.5 | 6.01498 | 3444.12 | -0.972146 | 0.234375 | 0 | AugShort | 1 | 26.0588 | 4.57112 | 0 | 1 | 1 | 0 | 0 | 0 | 0 | 1 | camera | target | -0.972146 | -0 | 0.234375 | -0.9
SCRIPT       : DATA_LOG | 580760 | aRapBi1cCZPZAGLIDny3dk3hQ8vTmNTLHRl8zxmKgQ0= | 7516.73 | 6.01498 | 3444.82 | 0.623701 | -0.781663 | 0 | SCARH_Black | 1 | 58.8553 | 1.88403 | 0 | 1 | 0 | 0 | 0 | 0 | 0 | 1 | camera | target | 0.623701 | 0 | -0.781663 | 0
SCRIPT       : DATA_LOG | 580785 | b6Sjt2-RNGxcRaWm937lmzRlL1ZStO-GKN6nDlCMyV4= | 7517.5 | 6.01498 | 3444.12 | -0.972146 | 0.234375 | 0 | AugShort | 1 | 26.0344 | 4.5653 | 0 | 1 | 1 | 0 | 0 | 0 | 0 | 1 | camera | target | -0.972146 | -0 | 0.234375 | -0.97
SCRIPT       : DATA_LOG | 581759 | aRapBi1cCZPZAGLIDny3dk3hQ8vTmNTLHRl8zxmKgQ0= | 7516.73 | 6.01498 | 3444.82 | 0.623701 | -0.781663 | 0 | SCARH_Black | 1 | 50.3309 | 2.09488 | 0 | 1 | 0 | 0 | 0 | 0 | 0 | 1 | camera | target | 0.623701 | 0 | -0.781663 | 0
SCRIPT       : DATA_LOG | 581786 | b6Sjt2-RNGxcRaWm937lmzRlL1ZStO-GKN6nDlCMyV4= | 7517.52 | 6.01499 | 3443.69 | -1 | -0.000351667 | 0 | AugShort | 1 | 20.7908 | 4.58667 | 0 | 1 | 1 | 0 | 0 | 0 | 0 | 1 | camera | target | -1 | 0 | -0.000351667 | -1 | 0 | -
SCRIPT       : DATA_LOG | 582767 | aRapBi1cCZPZAGLIDny3dk3hQ8vTmNTLHRl8zxmKgQ0= | 7516.73 | 6.01498 | 3444.82 | 0.623701 | -0.781663 | 0 | SCARH_Black | 1 | 69.7492 | 2.01433 | 0 | 1 | 0 | 0 | 0 | 0 | 0 | 1 | camera | target | 0.623701 | 0 | -0.781663 | 0
SCRIPT       : DATA_LOG | 582797 | b6Sjt2-RNGxcRaWm937lmzRlL1ZStO-GKN6nDlCMyV4= | 7516.43 | 6.01496 | 3443.64 | -0.998823 | -0.0485023 | 0 | AugShort | 1 | 27.6488 | 3.59498 | 0 | 1 | 1 | 0 | 0 | 0 | 0 | 1 | camera | target | -0.998823 | 0 | -0.0485023 | 
SCRIPT       : DATA_LOG | 583760 | aRapBi1cCZPZAGLIDny3dk3hQ8vTmNTLHRl8zxmKgQ0= | 7516.73 | 6.01498 | 3444.82 | 0.623701 | -0.781663 | 0 | SCARH_Black | 1 | 53.0506 | 2.0376 | 0 | 1 | 0 | 0 | 0 | 0 | 0 | 1 | camera | target | 0.623701 | 0 | -0.781663 | 0.
SCRIPT       : DATA_LOG | 583786 | b6Sjt2-RNGxcRaWm937lmzRlL1ZStO-GKN6nDlCMyV4= | 7517.34 | 6.01499 | 3443.69 | -0.9986 | -0.0529012 | 0 | AugShort | 1 | 22.2514 | 4.42101 | 0 | 1 | 1 | 0 | 0 | 0 | 0 | 1 | camera | target | -0.9986 | 0 | -0.0529012 | -0.9
SCRIPT       : DATA_LOG | 584759 | aRapBi1cCZPZAGLIDny3dk3hQ8vTmNTLHRl8zxmKgQ0= | 7516.73 | 6.01498 | 3444.82 | 0.623701 | -0.781663 | 0 | SCARH_Black | 1 | 57.1667 | 1.9352 | 0 | 1 | 0 | 0 | 0 | 0 | 0 | 1 | camera | target | 0.623701 | 0 | -0.781663 | 0.
SCRIPT       : DATA_LOG | 584780 | b6Sjt2-RNGxcRaWm937lmzRlL1ZStO-GKN6nDlCMyV4= | 7517.67 | 6.01498 | 3444.17 | -0.996464 | -0.0840247 | 0 | AugShort | 1 | 19.952 | 4.73805 | 0 | 1 | 1 | 0 | 0 | 0 | 0 | 1 | camera | target | -0.996464 | 0 | -0.0840247 | -
SCRIPT       : DATA_LOG | 585766 | aRapBi1cCZPZAGLIDny3dk3hQ8vTmNTLHRl8zxmKgQ0= | 7516.73 | 6.01498 | 3444.82 | 0.623701 | -0.781663 | 0 | SCARH_Black | 1 | 53.7654 | 2.0252 | 0 | 1 | 0 | 0 | 0 | 0 | 0 | 1 | camera | target | 0.623701 | 0 | -0.781663 | 0.
SCRIPT       : DATA_LOG | 585798 | b6Sjt2-RNGxcRaWm937lmzRlL1ZStO-GKN6nDlCMyV4= | 7517.29 | 6.01499 | 3443.7 | -0.994897 | -0.100896 | 0 | AugShort | 1 | 23.2836 | 4.37859 | 0 | 1 | 1 | 0 | 0 | 0 | 0 | 1 | camera | target | -0.994897 | 0 | -0.100896 | -0.
SCRIPT       : DATA_LOG | 586769 | aRapBi1cCZPZAGLIDny3dk3hQ8vTmNTLHRl8zxmKgQ0= | 7516.73 | 6.01498 | 3444.82 | 0.623701 | -0.781663 | 0 | SCARH_Black | 1 | 53.8414 | 2.0241 | 0 | 1 | 0 | 0 | 0 | 0 | 0 | 1 | camera | target | 0.623701 | 0 | -0.781663 | 0.
SCRIPT       : DATA_LOG | 586801 | b6Sjt2-RNGxcRaWm937lmzRlL1ZStO-GKN6nDlCMyV4= | 7517.29 | 6.01499 | 3443.7 | -0.994897 | -0.100896 | 0 | AugShort | 1 | 23.2708 | 4.37905 | 0 | 1 | 1 | 0 | 0 | 0 | 0 | 1 | camera | target | -0.994897 | 0 | -0.100896 | -0.
SCRIPT       : DATA_LOG | 587760 | aRapBi1cCZPZAGLIDny3dk3hQ8vTmNTLHRl8zxmKgQ0= | 7516.73 | 6.01498 | 3444.82 | 0.623701 | -0.781663 | 0 | SCARH_Black | 1 | 53.7853 | 2.02513 | 0 | 1 | 0 | 0 | 0 | 0 | 0 | 1 | camera | target | 0.623701 | 0 | -0.781663 | 0
SCRIPT       : DATA_LOG | 587787 | b6Sjt2-RNGxcRaWm937lmzRlL1ZStO-GKN6nDlCMyV4= | 7517.29 | 6.01499 | 3443.7 | -0.994897 | -0.100896 | 0 | AugShort | 1 | 23.3019 | 4.37555 | 0 | 1 | 1 | 0 | 0 | 0 | 0 | 1 | camera | target | -0.994897 | 0 | -0.100896 | -0.
SCRIPT       : DATA_LOG | 588765 | aRapBi1cCZPZAGLIDny3dk3hQ8vTmNTLHRl8zxmKgQ0= | 7516.73 | 6.01498 | 3444.82 | 0.623701 | -0.781663 | 0 | SCARH_Black | 1 | 48.6865 | 2.13166 | 0 | 1 | 0 | 0 | 0 | 0 | 0 | 1 | camera | target | 0.623701 | 0 | -0.781663 | 0
SCRIPT       : DATA_LOG | 588795 | b6Sjt2-RNGxcRaWm937lmzRlL1ZStO-GKN6nDlCMyV4= | 7517.7 | 6.01499 | 3443.71 | -0.999158 | -0.0410385 | 0 | AugShort | 1 | 20.4077 | 4.75577 | 0 | 1 | 1 | 0 | 0 | 0 | 0 | 1 | camera | target | -0.999158 | 0 | -0.0410385 | -
SCRIPT       : DATA_LOG | 589770 | aRapBi1cCZPZAGLIDny3dk3hQ8vTmNTLHRl8zxmKgQ0= | 7516.73 | 6.01498 | 3444.82 | 0.623701 | -0.781663 | 0 | SCARH_Black | 1 | 48.7172 | 2.13026 | 0 | 1 | 0 | 0 | 0 | 0 | 0 | 1 | camera | target | 0.623701 | 0 | -0.781663 | 0
SCRIPT       : DATA_LOG | 589800 | b6Sjt2-RNGxcRaWm937lmzRlL1ZStO-GKN6nDlCMyV4= | 7517.7 | 6.01499 | 3443.71 | -0.999158 | -0.0410385 | 0 | AugShort | 1 | 20.3762 | 4.75885 | 0 | 1 | 1 | 0 | 0 | 0 | 0 | 1 | camera | target | -0.999158 | 0 | -0.0410385 | -
SCRIPT       : DATA_LOG | 590767 | aRapBi1cCZPZAGLIDny3dk3hQ8vTmNTLHRl8zxmKgQ0= | 7516.73 | 6.01498 | 3444.82 | 0.623701 | -0.781663 | 0 | SCARH_Black | 1 | 48.6537 | 2.12678 | 0 | 1 | 0 | 0 | 0 | 0 | 0 | 1 | camera | target | 0.623701 | 0 | -0.781663 | 0
SCRIPT       : DATA_LOG | 590792 | b6Sjt2-RNGxcRaWm937lmzRlL1ZStO-GKN6nDlCMyV4= | 7517.7 | 6.01499 | 3443.71 | -0.999158 | -0.0410385 | 1 | AugShort | 1 | 20.3958 | 4.75881 | 0 | 1 | 1 | 0 | 0 | 0 | 0 | 1 | camera | target | -0.999158 | 0 | -0.0410385 | -
SCRIPT       : DATA_LOG | 591775 | aRapBi1cCZPZAGLIDny3dk3hQ8vTmNTLHRl8zxmKgQ0= | 7516.73 | 6.01498 | 3444.82 | 0.623701 | -0.781663 | 0 | SCARH_Black | 1 | 49.3705 | 2.04407 | 0 | 1 | 0 | 0 | 0 | 0 | 0 | 1 | camera | target | 0.623701 | 0 | -0.781663 | 0
SCRIPT       : DATA_LOG | 591807 | b6Sjt2-RNGxcRaWm937lmzRlL1ZStO-GKN6nDlCMyV4= | 7517.7 | 6.01499 | 3443.71 | -0.999158 | -0.0410385 | 1 | AugShort | 1 | 20.3426 | 4.76634 | 0 | 1 | 1 | 0 | 0 | 0 | 0 | 1 | camera | target | -0.999158 | 0 | -0.0410385 | -
SCRIPT       : DATA_LOG | 592768 | aRapBi1cCZPZAGLIDny3dk3hQ8vTmNTLHRl8zxmKgQ0= | 7516.73 | 6.01498 | 3444.82 | 0.623701 | -0.781663 | 0 | SCARH_Black | 1 | 48.983 | 2.11356 | 0 | 1 | 0 | 0 | 0 | 0 | 0 | 1 | camera | target | 0.623701 | 0 | -0.781663 | 0.
SCRIPT       : DATA_LOG | 592799 | b6Sjt2-RNGxcRaWm937lmzRlL1ZStO-GKN6nDlCMyV4= | 7517.7 | 6.01499 | 3443.71 | -0.999158 | -0.0410385 | 0 | AugShort | 1 | 20.3723 | 4.76216 | 0 | 1 | 1 | 0 | 0 | 0 | 0 | 1 | camera | target | -0.999158 | 0 | -0.0410385 | -
SCRIPT       : DATA_LOG | 593768 | aRapBi1cCZPZAGLIDny3dk3hQ8vTmNTLHRl8zxmKgQ0= | 7516.73 | 6.01498 | 3444.82 | 0.623701 | -0.781663 | 0 | SCARH_Black | 1 | 56.149 | 1.97736 | 0 | 1 | 0 | 0 | 0 | 0 | 0 | 1 | camera | target | 0.623701 | 0 | -0.781663 | 0.
SCRIPT       : DATA_LOG | 593791 | b6Sjt2-RNGxcRaWm937lmzRlL1ZStO-GKN6nDlCMyV4= | 7517.8 | 6.01498 | 3444.17 | -0.98373 | 0.179653 | 0 | AugShort | 1 | 23.4406 | 4.85917 | 0 | 1 | 1 | 0 | 0 | 0 | 0 | 1 | camera | target | -0.98373 | -0 | 0.179653 | -0.983
SCRIPT       : DATA_LOG | 594774 | aRapBi1cCZPZAGLIDny3dk3hQ8vTmNTLHRl8zxmKgQ0= | 7516.73 | 6.01498 | 3444.82 | 0.623701 | -0.781663 | 0 | SCARH_Black | 1 | 56.0731 | 1.98533 | 0 | 1 | 0 | 0 | 0 | 0 | 0 | 1 | camera | target | 0.623701 | 0 | -0.781663 | 0
SCRIPT       : DATA_LOG | 594800 | b6Sjt2-RNGxcRaWm937lmzRlL1ZStO-GKN6nDlCMyV4= | 7517.8 | 6.01498 | 3444.17 | -0.98373 | 0.179653 | 0 | AugShort | 1 | 23.4547 | 4.85845 | 0 | 1 | 1 | 0 | 0 | 0 | 0 | 1 | camera | target | -0.98373 | -0 | 0.179653 | -0.983
SCRIPT       : DATA_LOG | 595769 | aRapBi1cCZPZAGLIDny3dk3hQ8vTmNTLHRl8zxmKgQ0= | 7516.73 | 6.01498 | 3444.82 | 0.623701 | -0.781663 | 0 | SCARH_Black | 1 | 60.2178 | 1.86259 | 0 | 1 | 0 | 0 | 0 | 0 | 0 | 1 | camera | target | 0.623701 | 0 | -0.781663 | 0
SCRIPT       : DATA_LOG | 595795 | b6Sjt2-RNGxcRaWm937lmzRlL1ZStO-GKN6nDlCMyV4= | 7517.57 | 6.01498 | 3444.22 | -0.98459 | 0.174881 | 0 | AugShort | 1 | 24.4533 | 4.63393 | 0 | 1 | 1 | 0 | 0 | 0 | 0 | 1 | camera | target | -0.98459 | -0 | 0.174881 | -0.98
SCRIPT       : DATA_LOG | 596770 | aRapBi1cCZPZAGLIDny3dk3hQ8vTmNTLHRl8zxmKgQ0= | 7516.73 | 6.01498 | 3444.82 | 0.623701 | -0.781663 | 0 | SCARH_Black | 1 | 60.1268 | 1.86478 | 0 | 1 | 0 | 0 | 0 | 0 | 0 | 1 | camera | target | 0.623701 | 0 | -0.781663 | 0
SCRIPT       : DATA_LOG | 596793 | b6Sjt2-RNGxcRaWm937lmzRlL1ZStO-GKN6nDlCMyV4= | 7517.57 | 6.01498 | 3444.22 | -0.98459 | 0.174881 | 0 | AugShort | 1 | 24.5075 | 4.6374 | 0 | 1 | 1 | 0 | 0 | 0 | 0 | 1 | camera | target | -0.98459 | -0 | 0.174881 | -0.984
SCRIPT       : DATA_LOG | 597772 | aRapBi1cCZPZAGLIDny3dk3hQ8vTmNTLHRl8zxmKgQ0= | 7516.73 | 6.01498 | 3444.82 | 0.623701 | -0.781663 | 0 | SCARH_Black | 1 | 60.1322 | 1.86448 | 0 | 1 | 0 | 0 | 0 | 0 | 0 | 1 | camera | target | 0.623701 | 0 | -0.781663 | 0
SCRIPT       : DATA_LOG | 597797 | b6Sjt2-RNGxcRaWm937lmzRlL1ZStO-GKN6nDlCMyV4= | 7517.57 | 6.01498 | 3444.22 | -0.98459 | 0.174881 | 0 | AugShort | 1 | 24.4078 | 4.63555 | 0 | 1 | 1 | 0 | 0 | 0 | 0 | 1 | camera | target | -0.98459 | -0 | 0.174881 | -0.98
SCRIPT       : DATA_LOG | 598777 | aRapBi1cCZPZAGLIDny3dk3hQ8vTmNTLHRl8zxmKgQ0= | 7516.73 | 6.01498 | 3444.82 | 0.623701 | -0.781663 | 0 | SCARH_Black | 1 | 60.2221 | 1.8626 | 0 | 1 | 0 | 0 | 0 | 0 | 0 | 1 | camera | target | 0.623701 | 0 | -0.781663 | 0.
SCRIPT       : DATA_LOG | 598800 | b6Sjt2-RNGxcRaWm937lmzRlL1ZStO-GKN6nDlCMyV4= | 7517.57 | 6.01498 | 3444.22 | -0.98459 | 0.174881 | 0 | AugShort | 1 | 24.5057 | 4.64426 | 0 | 1 | 1 | 0 | 0 | 0 | 0 | 1 | camera | target | -0.98459 | -0 | 0.174881 | -0.98
SCRIPT       : DATA_LOG | 599771 | aRapBi1cCZPZAGLIDny3dk3hQ8vTmNTLHRl8zxmKgQ0= | 7516.73 | 6.01498 | 3444.82 | 0.623701 | -0.781663 | 0 | SCARH_Black | 1 | 60.1416 | 1.865 | 0 | 1 | 0 | 0 | 0 | 0 | 0 | 1 | camera | target | 0.623701 | 0 | -0.781663 | 0.6
SCRIPT       : DATA_LOG | 599799 | b6Sjt2-RNGxcRaWm937lmzRlL1ZStO-GKN6nDlCMyV4= | 7517.57 | 6.01498 | 3444.22 | -0.98459 | 0.174881 | 0 | AugShort | 1 | 24.4898 | 4.6416 | 0 | 1 | 1 | 0 | 0 | 0 | 0 | 1 | camera | target | -0.98459 | -0 | 0.174881 | -0.984
SCRIPT       : DATA_LOG | 600777 | aRapBi1cCZPZAGLIDny3dk3hQ8vTmNTLHRl8zxmKgQ0= | 7516.73 | 6.01498 | 3444.82 | 0.623701 | -0.781663 | 0 | SCARH_Black | 1 | 60.1718 | 1.86335 | 0 | 1 | 0 | 0 | 0 | 0 | 0 | 1 | camera | target | 0.623701 | 0 | -0.781663 | 0
SCRIPT       : DATA_LOG | 600803 | b6Sjt2-RNGxcRaWm937lmzRlL1ZStO-GKN6nDlCMyV4= | 7517.57 | 6.01498 | 3444.22 | -0.98459 | 0.174881 | 0 | AugShort | 1 | 24.4428 | 4.63753 | 0 | 1 | 1 | 0 | 0 | 0 | 0 | 1 | camera | target | -0.98459 | -0 | 0.174881 | -0.98
SCRIPT       : DATA_LOG | 601780 | aRapBi1cCZPZAGLIDny3dk3hQ8vTmNTLHRl8zxmKgQ0= | 7516.73 | 6.01498 | 3444.82 | 0.623701 | -0.781663 | 0 | SCARH_Black | 1 | 60.1687 | 1.86394 | 0 | 1 | 0 | 0 | 0 | 0 | 0 | 1 | camera | target | 0.623701 | 0 | -0.781663 | 0
SCRIPT       : DATA_LOG | 601805 | b6Sjt2-RNGxcRaWm937lmzRlL1ZStO-GKN6nDlCMyV4= | 7517.57 | 6.01498 | 3444.22 | -0.98459 | 0.174881 | 0 | AugShort | 1 | 24.4671 | 4.63935 | 0 | 1 | 1 | 0 | 0 | 0 | 0 | 1 | camera | target | -0.98459 | -0 | 0.174881 | -0.98
SCRIPT       : DATA_LOG | 602777 | aRapBi1cCZPZAGLIDny3dk3hQ8vTmNTLHRl8zxmKgQ0= | 7516.73 | 6.01498 | 3444.82 | 0.623701 | -0.781663 | 0 | SCARH_Black | 1 | 60.0794 | 1.86646 | 0 | 1 | 0 | 0 | 0 | 0 | 0 | 1 | camera | target | 0.623701 | 0 | -0.781663 | 0
SCRIPT       : DATA_LOG | 602805 | b6Sjt2-RNGxcRaWm937lmzRlL1ZStO-GKN6nDlCMyV4= | 7517.57 | 6.01498 | 3444.22 | -0.98459 | 0.174881 | 0 | AugShort | 1 | 24.4484 | 4.63389 | 0 | 1 | 1 | 0 | 0 | 0 | 0 | 1 | camera | target | -0.98459 | -0 | 0.174881 | -0.98
SCRIPT       : DATA_LOG | 603786 | aRapBi1cCZPZAGLIDny3dk3hQ8vTmNTLHRl8zxmKgQ0= | 7516.73 | 6.01498 | 3444.82 | 0.623701 | -0.781663 | 0 | SCARH_Black | 1 | 60.1582 | 1.86388 | 0 | 1 | 0 | 0 | 0 | 0 | 0 | 1 | camera | target | 0.623701 | 0 | -0.781663 | 0
SCRIPT       : DATA_LOG | 603822 | b6Sjt2-RNGxcRaWm937lmzRlL1ZStO-GKN6nDlCMyV4= | 7517.57 | 6.01498 | 3444.22 | -0.98459 | 0.174881 | 0 | AugShort | 1 | 24.4951 | 4.63674 | 0 | 1 | 1 | 0 | 0 | 0 | 0 | 1 | camera | target | -0.98459 | -0 | 0.174881 | -0.98
SCRIPT       : DATA_LOG | 604789 | aRapBi1cCZPZAGLIDny3dk3hQ8vTmNTLHRl8zxmKgQ0= | 7516.73 | 6.01498 | 3444.82 | 0.623701 | -0.781663 | 0 | SCARH_Black | 1 | 60.1736 | 1.86399 | 0 | 1 | 0 | 0 | 0 | 0 | 0 | 1 | camera | target | 0.623701 | 0 | -0.781663 | 0
SCRIPT       : DATA_LOG | 604818 | b6Sjt2-RNGxcRaWm937lmzRlL1ZStO-GKN6nDlCMyV4= | 7517.57 | 6.01498 | 3444.22 | -0.98459 | 0.174881 | 0 | AugShort | 1 | 24.4227 | 4.63524 | 0 | 1 | 1 | 0 | 0 | 0 | 0 | 1 | camera | target | -0.98459 | -0 | 0.174881 | -0.98
SCRIPT       : DATA_LOG | 605795 | aRapBi1cCZPZAGLIDny3dk3hQ8vTmNTLHRl8zxmKgQ0= | 7516.73 | 6.01498 | 3444.82 | 0.623701 | -0.781663 | 0 | SCARH_Black | 1 | 60.1736 | 1.86399 | 0 | 1 | 0 | 0 | 0 | 0 | 0 | 1 | camera | target | 0.623701 | 0 | -0.781663 | 0
SCRIPT       : DATA_LOG | 605827 | b6Sjt2-RNGxcRaWm937lmzRlL1ZStO-GKN6nDlCMyV4= | 7517.57 | 6.01498 | 3444.22 | -0.98459 | 0.174881 | 0 | AugShort | 1 | 24.4825 | 4.64301 | 0 | 1 | 1 | 0 | 0 | 0 | 0 | 1 | camera | target | -0.98459 | -0 | 0.174881 | -0.98
SCRIPT       : DATA_LOG | 606789 | aRapBi1cCZPZAGLIDny3dk3hQ8vTmNTLHRl8zxmKgQ0= | 7516.73 | 6.01498 | 3444.82 | 0.623701 | -0.781663 | 0 | SCARH_Black | 1 | 60.1736 | 1.86399 | 0 | 1 | 0 | 0 | 0 | 0 | 0 | 1 | camera | target | 0.623701 | 0 | -0.781663 | 0
SCRIPT       : DATA_LOG | 606816 | b6Sjt2-RNGxcRaWm937lmzRlL1ZStO-GKN6nDlCMyV4= | 7517.57 | 6.01498 | 3444.22 | -0.98459 | 0.174881 | 0 | AugShort | 1 | 24.5097 | 4.64283 | 0 | 1 | 1 | 0 | 0 | 0 | 0 | 1 | camera | target | -0.98459 | -0 | 0.174881 | -0.98
SCRIPT       : DATA_LOG | 607790 | aRapBi1cCZPZAGLIDny3dk3hQ8vTmNTLHRl8zxmKgQ0= | 7516.73 | 6.01498 | 3444.82 | 0.623701 | -0.781663 | 0 | SCARH_Black | 1 | 60.1736 | 1.86399 | 0 | 1 | 0 | 0 | 0 | 0 | 0 | 1 | camera | target | 0.623701 | 0 | -0.781663 | 0
SCRIPT       : DATA_LOG | 607817 | b6Sjt2-RNGxcRaWm937lmzRlL1ZStO-GKN6nDlCMyV4= | 7517.57 | 6.01498 | 3444.22 | -0.98459 | 0.174881 | 0 | AugShort | 1 | 24.428 | 4.63683 | 0 | 1 | 1 | 0 | 0 | 0 | 0 | 1 | camera | target | -0.98459 | -0 | 0.174881 | -0.984
SCRIPT       : DATA_LOG | 608793 | aRapBi1cCZPZAGLIDny3dk3hQ8vTmNTLHRl8zxmKgQ0= | 7516.73 | 6.01498 | 3444.82 | 0.623701 | -0.781663 | 0 | SCARH_Black | 1 | 60.147 | 1.86409 | 0 | 1 | 0 | 0 | 0 | 0 | 0 | 1 | camera | target | 0.623701 | 0 | -0.781663 | 0.
SCRIPT       : DATA_LOG | 608825 | b6Sjt2-RNGxcRaWm937lmzRlL1ZStO-GKN6nDlCMyV4= | 7517.57 | 6.01498 | 3444.22 | -0.98459 | 0.174881 | 0 | AugShort | 1 | 24.4685 | 4.6408 | 0 | 1 | 1 | 0 | 0 | 0 | 0 | 1 | camera | target | -0.98459 | -0 | 0.174881 | -0.984
SCRIPT       : DATA_LOG | 609786 | aRapBi1cCZPZAGLIDny3dk3hQ8vTmNTLHRl8zxmKgQ0= | 7516.73 | 6.01498 | 3444.82 | 0.623701 | -0.781663 | 0 | SCARH_Black | 1 | 60.147 | 1.86409 | 0 | 1 | 0 | 0 | 0 | 0 | 0 | 1 | camera | target | 0.623701 | 0 | -0.781663 | 0.
SCRIPT       : DATA_LOG | 609811 | b6Sjt2-RNGxcRaWm937lmzRlL1ZStO-GKN6nDlCMyV4= | 7517.57 | 6.01498 | 3444.22 | -0.98459 | 0.174881 | 0 | AugShort | 1 | 24.4473 | 4.63437 | 0 | 1 | 1 | 0 | 0 | 0 | 0 | 1 | camera | target | -0.98459 | -0 | 0.174881 | -0.98
SCRIPT       : DATA_LOG | 610790 | aRapBi1cCZPZAGLIDny3dk3hQ8vTmNTLHRl8zxmKgQ0= | 7516.73 | 6.01498 | 3444.82 | 0.623701 | -0.781663 | 0 | SCARH_Black | 1 | 60.147 | 1.86409 | 0 | 1 | 0 | 0 | 0 | 0 | 0 | 1 | camera | target | 0.623701 | 0 | -0.781663 | 0.
SCRIPT       : DATA_LOG | 610814 | b6Sjt2-RNGxcRaWm937lmzRlL1ZStO-GKN6nDlCMyV4= | 7517.57 | 6.01498 | 3444.22 | -0.98459 | 0.174881 | 0 | AugShort | 1 | 24.483 | 4.63562 | 0 | 1 | 1 | 0 | 0 | 0 | 0 | 1 | camera | target | -0.98459 | -0 | 0.174881 | -0.984
SCRIPT       : DATA_LOG | 611789 | aRapBi1cCZPZAGLIDny3dk3hQ8vTmNTLHRl8zxmKgQ0= | 7516.73 | 6.01498 | 3444.82 | 0.623701 | -0.781663 | 0 | SCARH_Black | 1 | 60.147 | 1.86409 | 0 | 1 | 0 | 0 | 0 | 0 | 0 | 1 | camera | target | 0.623701 | 0 | -0.781663 | 0.
SCRIPT       : DATA_LOG | 611825 | b6Sjt2-RNGxcRaWm937lmzRlL1ZStO-GKN6nDlCMyV4= | 7517.57 | 6.01498 | 3444.22 | -0.98459 | 0.174881 | 0 | AugShort | 1 | 24.4475 | 4.63506 | 0 | 1 | 1 | 0 | 0 | 0 | 0 | 1 | camera | target | -0.98459 | -0 | 0.174881 | -0.98
SCRIPT       : DATA_LOG | 612789 | aRapBi1cCZPZAGLIDny3dk3hQ8vTmNTLHRl8zxmKgQ0= | 7516.73 | 6.01498 | 3444.82 | 0.623701 | -0.781663 | 0 | SCARH_Black | 1 | 60.147 | 1.86409 | 0 | 1 | 0 | 0 | 0 | 0 | 0 | 1 | camera | target | 0.623701 | 0 | -0.781663 | 0.
SCRIPT       : DATA_LOG | 612811 | b6Sjt2-RNGxcRaWm937lmzRlL1ZStO-GKN6nDlCMyV4= | 7517.57 | 6.01498 | 3444.22 | -0.98459 | 0.174881 | 0 | AugShort | 1 | 24.4544 | 4.6407 | 0 | 1 | 1 | 0 | 0 | 0 | 0 | 1 | camera | target | -0.98459 | -0 | 0.174881 | -0.984
SCRIPT       : DATA_LOG | 613789 | aRapBi1cCZPZAGLIDny3dk3hQ8vTmNTLHRl8zxmKgQ0= | 7516.73 | 6.01498 | 3444.82 | 0.623701 | -0.781663 | 0 | SCARH_Black | 1 | 60.147 | 1.86409 | 0 | 1 | 0 | 0 | 0 | 0 | 0 | 1 | camera | target | 0.623701 | 0 | -0.781663 | 0.
SCRIPT       : DATA_LOG | 613813 | b6Sjt2-RNGxcRaWm937lmzRlL1ZStO-GKN6nDlCMyV4= | 7517.57 | 6.01498 | 3444.22 | -0.98459 | 0.174881 | 0 | AugShort | 1 | 24.529 | 4.64403 | 0 | 1 | 1 | 0 | 0 | 0 | 0 | 1 | camera | target | -0.98459 | -0 | 0.174881 | -0.984
SCRIPT       : DATA_LOG | 614792 | aRapBi1cCZPZAGLIDny3dk3hQ8vTmNTLHRl8zxmKgQ0= | 7516.73 | 6.01498 | 3444.82 | 0.623701 | -0.781663 | 0 | SCARH_Black | 1 | 60.147 | 1.86409 | 0 | 1 | 0 | 0 | 0 | 0 | 0 | 1 | camera | target | 0.623701 | 0 | -0.781663 | 0.
SCRIPT       : DATA_LOG | 614812 | b6Sjt2-RNGxcRaWm937lmzRlL1ZStO-GKN6nDlCMyV4= | 7517.57 | 6.01498 | 3444.22 | -0.98459 | 0.174881 | 0 | AugShort | 1 | 24.424 | 4.63678 | 0 | 1 | 1 | 0 | 0 | 0 | 0 | 1 | camera | target | -0.98459 | -0 | 0.174881 | -0.984
SCRIPT       : DATA_LOG | 615793 | aRapBi1cCZPZAGLIDny3dk3hQ8vTmNTLHRl8zxmKgQ0= | 7516.73 | 6.01498 | 3444.82 | 0.623701 | -0.781663 | 0 | SCARH_Black | 1 | 60.147 | 1.86409 | 0 | 1 | 0 | 0 | 0 | 0 | 0 | 1 | camera | target | 0.623701 | 0 | -0.781663 | 0.
SCRIPT       : DATA_LOG | 615820 | b6Sjt2-RNGxcRaWm937lmzRlL1ZStO-GKN6nDlCMyV4= | 7517.57 | 6.01498 | 3444.22 | -0.98459 | 0.174881 | 0 | AugShort | 1 | 24.4763 | 4.64138 | 0 | 1 | 1 | 0 | 0 | 0 | 0 | 1 | camera | target | -0.98459 | -0 | 0.174881 | -0.98
 SCRIPT       : [Logout]: New player b6Sjt2-RNGxcRaWm937lmzRlL1ZStO-GKN6nDlCMyV4= with logout time 15
 SCRIPT       : Player "Van Grogue" (steamid=76561198282432920) initiated disconnect process...
SCRIPT       : DATA_LOG | 616798 | aRapBi1cCZPZAGLIDny3dk3hQ8vTmNTLHRl8zxmKgQ0= | 7516.73 | 6.01498 | 3444.82 | 0.623701 | -0.781663 | 0 | SCARH_Black | 1 | 60.1832 | 1.86354 | 0 | 1 | 0 | 0 | 0 | 0 | 0 | 1 | camera | target | 0.623701 | 0 | -0.781663 | 0
SCRIPT       : DATA_LOG | 617793 | aRapBi1cCZPZAGLIDny3dk3hQ8vTmNTLHRl8zxmKgQ0= | 7516.73 | 6.01498 | 3444.82 | 0.623701 | -0.781663 | 0 | SCARH_Black | 1 | 60.0977 | 1.86566 | 0 | 1 | 0 | 0 | 0 | 0 | 0 | 1 | camera | target | 0.623701 | 0 | -0.781663 | 0
SCRIPT       : DATA_LOG | 618796 | aRapBi1cCZPZAGLIDny3dk3hQ8vTmNTLHRl8zxmKgQ0= | 7516.73 | 6.01498 | 3444.82 | 0.623701 | -0.781663 | 0 | SCARH_Black | 1 | 60.0977 | 1.86543 | 0 | 1 | 0 | 0 | 0 | 0 | 0 | 1 | camera | target | 0.623701 | 0 | -0.781663 | 0
SCRIPT       : DATA_LOG | 619796 | aRapBi1cCZPZAGLIDny3dk3hQ8vTmNTLHRl8zxmKgQ0= | 7516.73 | 6.01498 | 3444.82 | 0.623701 | -0.781663 | 0 | SCARH_Black | 1 | 60.1926 | 1.86346 | 0 | 1 | 0 | 0 | 0 | 0 | 0 | 1 | camera | target | 0.623701 | 0 | -0.781663 | 0
SCRIPT       : DATA_LOG | 620798 | aRapBi1cCZPZAGLIDny3dk3hQ8vTmNTLHRl8zxmKgQ0= | 7516.73 | 6.01498 | 3444.82 | 0.623701 | -0.781663 | 0 | SCARH_Black | 1 | 60.1122 | 1.86586 | 0 | 1 | 0 | 0 | 0 | 0 | 0 | 1 | camera | target | 0.623701 | 0 | -0.781663 | 0
SCRIPT       : DATA_LOG | 621801 | aRapBi1cCZPZAGLIDny3dk3hQ8vTmNTLHRl8zxmKgQ0= | 7516.73 | 6.01498 | 3444.82 | 0.623701 | -0.781663 | 0 | SCARH_Black | 1 | 60.1405 | 1.86433 | 0 | 1 | 0 | 0 | 0 | 0 | 0 | 1 | camera | target | 0.623701 | 0 | -0.781663 | 0
SCRIPT       : DATA_LOG | 622808 | aRapBi1cCZPZAGLIDny3dk3hQ8vTmNTLHRl8zxmKgQ0= | 7517.21 | 6.01497 | 3446.63 | 0.201757 | -0.979436 | 0 | SCARH_Black | 1 | 34.0192 | 2.88456 | 0 | 1 | 0 | 0 | 0 | 0 | 0 | 1 | camera | target | 0.201757 | 0 | -0.979436 | 0
SCRIPT       : DATA_LOG | 623809 | aRapBi1cCZPZAGLIDny3dk3hQ8vTmNTLHRl8zxmKgQ0= | 7517.69 | 6.01496 | 3446.54 | -0.0265805 | -0.999647 | 0 | SCARH_Black | 1 | 34.9078 | 2.8075 | 0 | 1 | 0 | 0 | 0 | 0 | 0 | 1 | camera | target | -0.0265805 | 0 | -0.999647 
SCRIPT       : DATA_LOG | 624810 | aRapBi1cCZPZAGLIDny3dk3hQ8vTmNTLHRl8zxmKgQ0= | 7517.63 | 6.01496 | 3445.99 | -0.0940567 | -0.995567 | 0 | SCARH_Black | 1 | 42.4515 | 2.37069 | 0 | 1 | 0 | 0 | 0 | 0 | 0 | 1 | camera | target | -0.0940567 | 0 | -0.995567
SCRIPT       : DATA_LOG | 625802 | aRapBi1cCZPZAGLIDny3dk3hQ8vTmNTLHRl8zxmKgQ0= | 7517.63 | 6.01496 | 3445.99 | -0.0940567 | -0.995567 | 0 | SCARH_Black | 1 | 42.4594 | 2.37093 | 0 | 1 | 0 | 0 | 0 | 0 | 0 | 1 | camera | target | -0.0940567 | 0 | -0.995567
SCRIPT       : DATA_LOG | 626806 | aRapBi1cCZPZAGLIDny3dk3hQ8vTmNTLHRl8zxmKgQ0= | 7517.63 | 6.01496 | 3445.99 | -0.0940567 | -0.995567 | 0 | SCARH_Black | 1 | 42.4854 | 2.36971 | 0 | 1 | 0 | 0 | 0 | 0 | 0 | 1 | camera | target | -0.0940567 | 0 | -0.995567
SCRIPT       : DATA_LOG | 627811 | aRapBi1cCZPZAGLIDny3dk3hQ8vTmNTLHRl8zxmKgQ0= | 7517.63 | 6.01496 | 3445.99 | -0.0940567 | -0.995567 | 0 | SCARH_Black | 1 | 42.46 | 2.37003 | 0 | 1 | 0 | 0 | 0 | 0 | 0 | 1 | camera | target | -0.0940567 | 0 | -0.995567 |
SCRIPT       : DATA_LOG | 628813 | aRapBi1cCZPZAGLIDny3dk3hQ8vTmNTLHRl8zxmKgQ0= | 7517.63 | 6.01496 | 3445.99 | -0.0940567 | -0.995567 | 0 | SCARH_Black | 1 | 42.4583 | 2.3705 | 0 | 1 | 0 | 0 | 0 | 0 | 0 | 1 | camera | target | -0.0940567 | 0 | -0.995567 
SCRIPT       : DATA_LOG | 629808 | aRapBi1cCZPZAGLIDny3dk3hQ8vTmNTLHRl8zxmKgQ0= | 7517.63 | 6.01496 | 3445.99 | -0.0940567 | -0.995567 | 0 | SCARH_Black | 1 | 42.4445 | 2.37185 | 0 | 1 | 0 | 0 | 0 | 0 | 0 | 1 | camera | target | -0.0940567 | 0 | -0.995567
SCRIPT       : DATA_LOG | 630820 | aRapBi1cCZPZAGLIDny3dk3hQ8vTmNTLHRl8zxmKgQ0= | 7517.63 | 6.01496 | 3445.99 | -0.0940567 | -0.995567 | 0 | SCARH_Black | 1 | 42.4547 | 2.37067 | 0 | 1 | 0 | 0 | 0 | 0 | 0 | 1 | camera | target | -0.0940567 | 0 | -0.995567
SCRIPT       : [Logout]: Player b6Sjt2-RNGxcRaWm937lmzRlL1ZStO-GKN6nDlCMyV4= finished
SCRIPT       : [PlayerListManager] SyncEntryToReceivers ► uid: b6Sjt2-RNGxcRaWm937lmzRlL1ZStO-GKN6nDlCMyV4= isn't in the players list! sending a remove.
SCRIPT       : PlayerDisconnected -> PlayerListManager.RemoveEntry ► b6Sjt2-RNGxcRaWm937lmzRlL1ZStO-GKN6nDlCMyV4=
SCRIPT       : DATA_LOG | 631814 | aRapBi1cCZPZAGLIDny3dk3hQ8vTmNTLHRl8zxmKgQ0= | 7517.63 | 6.01496 | 3445.99 | -0.0940567 | -0.995567 | 0 | SCARH_Black | 1 | 61.2213 | 5.11948 | 0 | 1 | 1 | 0 | 0 | 0 | 0 | 1 | camera | target | -0.0940567 | 0 | -0.995567
SCRIPT       : DATA_LOG | 632809 | aRapBi1cCZPZAGLIDny3dk3hQ8vTmNTLHRl8zxmKgQ0= | 7517.63 | 6.01496 | 3445.99 | -0.0940567 | -0.995567 | 0 | SCARH_Black | 1 | 61.1444 | 5.12631 | 0 | 1 | 1 | 0 | 0 | 0 | 0 | 1 | camera | target | -0.0940567 | 0 | -0.995567
SCRIPT       : DATA_LOG | 633821 | aRapBi1cCZPZAGLIDny3dk3hQ8vTmNTLHRl8zxmKgQ0= | 7517.63 | 6.01496 | 3445.99 | -0.0940567 | -0.995567 | 0 | SCARH_Black | 1 | 61.2927 | 5.12025 | 0 | 1 | 1 | 0 | 0 | 0 | 0 | 1 | camera | target | -0.0940567 | 0 | -0.995567
SCRIPT       : DATA_LOG | 634820 | aRapBi1cCZPZAGLIDny3dk3hQ8vTmNTLHRl8zxmKgQ0= | 7517.63 | 6.01496 | 3445.99 | -0.0940567 | -0.995567 | 0 | SCARH_Black | 1 | 61.1211 | 5.13563 | 0 | 1 | 1 | 0 | 0 | 0 | 0 | 1 | camera | target | -0.0940567 | 0 | -0.995567
SCRIPT       : DATA_LOG | 635819 | aRapBi1cCZPZAGLIDny3dk3hQ8vTmNTLHRl8zxmKgQ0= | 7517.63 | 6.01496 | 3445.99 | -0.0940567 | -0.995567 | 0 | SCARH_Black | 1 | 61.2226 | 5.12598 | 0 | 1 | 1 | 0 | 0 | 0 | 0 | 1 | camera | target | -0.0940567 | 0 | -0.995567
SCRIPT       : DATA_LOG | 636825 | aRapBi1cCZPZAGLIDny3dk3hQ8vTmNTLHRl8zxmKgQ0= | 7517.63 | 6.01496 | 3445.99 | -0.0940567 | -0.995567 | 0 | SCARH_Black | 1 | 61.218 | 5.12564 | 0 | 1 | 1 | 0 | 0 | 0 | 0 | 1 | camera | target | -0.0940567 | 0 | -0.995567 
SCRIPT       : DATA_LOG | 637824 | aRapBi1cCZPZAGLIDny3dk3hQ8vTmNTLHRl8zxmKgQ0= | 7517.63 | 6.01496 | 3445.99 | -0.0940567 | -0.995567 | 0 | SCARH_Black | 1 | 61.2135 | 5.12342 | 0 | 1 | 1 | 0 | 0 | 0 | 0 | 1 | camera | target | -0.0940567 | 0 | -0.995567
SCRIPT       : DATA_LOG | 638824 | aRapBi1cCZPZAGLIDny3dk3hQ8vTmNTLHRl8zxmKgQ0= | 7517.63 | 6.01496 | 3445.99 | -0.0940567 | -0.995567 | 0 | SCARH_Black | 1 | 61.2338 | 5.11899 | 0 | 1 | 1 | 0 | 0 | 0 | 0 | 1 | camera | target | -0.0940567 | 0 | -0.995567
SCRIPT       : DATA_LOG | 639825 | aRapBi1cCZPZAGLIDny3dk3hQ8vTmNTLHRl8zxmKgQ0= | 7517.63 | 6.01496 | 3445.99 | -0.0940567 | -0.995567 | 0 | SCARH_Black | 1 | 61.1541 | 5.12587 | 0 | 1 | 1 | 0 | 0 | 0 | 0 | 1 | camera | target | -0.0940567 | 0 | -0.995567
SCRIPT       : DATA_LOG | 640824 | aRapBi1cCZPZAGLIDny3dk3hQ8vTmNTLHRl8zxmKgQ0= | 7517.63 | 6.01496 | 3445.99 | -0.0940567 | -0.995567 | 0 | SCARH_Black | 1 | 61.2882 | 5.11932 | 0 | 1 | 1 | 0 | 0 | 0 | 0 | 1 | camera | target | -0.0940567 | 0 | -0.995567
SCRIPT       : DATA_LOG | 641818 | aRapBi1cCZPZAGLIDny3dk3hQ8vTmNTLHRl8zxmKgQ0= | 7517.63 | 6.01496 | 3445.99 | -0.0940567 | -0.995567 | 0 | SCARH_Black | 1 | 61.151 | 5.13384 | 0 | 1 | 1 | 0 | 0 | 0 | 0 | 1 | camera | target | -0.0940567 | 0 | -0.995567 
SCRIPT       : DATA_LOG | 642821 | aRapBi1cCZPZAGLIDny3dk3hQ8vTmNTLHRl8zxmKgQ0= | 7517.63 | 6.01496 | 3445.99 | -0.0940567 | -0.995567 | 0 | SCARH_Black | 1 | 61.1947 | 5.12879 | 0 | 1 | 1 | 0 | 0 | 0 | 0 | 1 | camera | target | -0.0940567 | 0 | -0.995567
SCRIPT       : DATA_LOG | 643821 | aRapBi1cCZPZAGLIDny3dk3hQ8vTmNTLHRl8zxmKgQ0= | 7517.63 | 6.01496 | 3445.99 | -0.0940567 | -0.995567 | 0 | SCARH_Black | 1 | 61.2362 | 5.12326 | 0 | 1 | 1 | 0 | 0 | 0 | 0 | 1 | camera | target | -0.0940567 | 0 | -0.995567
SCRIPT       : DATA_LOG | 644821 | aRapBi1cCZPZAGLIDny3dk3hQ8vTmNTLHRl8zxmKgQ0= | 7517.63 | 6.01496 | 3445.99 | -0.0940567 | -0.995567 | 0 | SCARH_Black | 1 | 61.2114 | 5.12549 | 0 | 1 | 1 | 0 | 0 | 0 | 0 | 1 | camera | target | -0.0940567 | 0 | -0.995567
SCRIPT       : DATA_LOG | 645828 | aRapBi1cCZPZAGLIDny3dk3hQ8vTmNTLHRl8zxmKgQ0= | 7517.63 | 6.01496 | 3445.99 | -0.0940567 | -0.995567 | 0 | SCARH_Black | 1 | 61.2434 | 5.11912 | 0 | 1 | 1 | 0 | 0 | 0 | 0 | 1 | camera | target | -0.0940567 | 0 | -0.995567
SCRIPT       : DATA_LOG | 646828 | aRapBi1cCZPZAGLIDny3dk3hQ8vTmNTLHRl8zxmKgQ0= | 7517.63 | 6.01496 | 3445.99 | -0.0940567 | -0.995567 | 0 | SCARH_Black | 1 | 61.1714 | 5.12456 | 0 | 1 | 1 | 0 | 0 | 0 | 0 | 1 | camera | target | -0.0940567 | 0 | -0.995567
SCRIPT       : DATA_LOG | 647830 | aRapBi1cCZPZAGLIDny3dk3hQ8vTmNTLHRl8zxmKgQ0= | 7517.63 | 6.01496 | 3445.99 | -0.0940567 | -0.995567 | 0 | SCARH_Black | 1 | 61.2663 | 5.11971 | 0 | 1 | 1 | 0 | 0 | 0 | 0 | 1 | camera | target | -0.0940567 | 0 | -0.995567
SCRIPT       : DATA_LOG | 648830 | aRapBi1cCZPZAGLIDny3dk3hQ8vTmNTLHRl8zxmKgQ0= | 7517.63 | 6.01496 | 3445.99 | -0.0940567 | -0.995567 | 0 | SCARH_Black | 1 | 61.189 | 5.13066 | 0 | 1 | 1 | 0 | 0 | 0 | 0 | 1 | camera | target | -0.0940567 | 0 | -0.995567 
SCRIPT       : DATA_LOG | 649836 | aRapBi1cCZPZAGLIDny3dk3hQ8vTmNTLHRl8zxmKgQ0= | 7517.63 | 6.01496 | 3445.99 | -0.0940567 | -0.995567 | 0 | SCARH_Black | 1 | 61.1646 | 5.13114 | 0 | 1 | 1 | 0 | 0 | 0 | 0 | 1 | camera | target | -0.0940567 | 0 | -0.995567
SCRIPT       : DATA_LOG | 650835 | aRapBi1cCZPZAGLIDny3dk3hQ8vTmNTLHRl8zxmKgQ0= | 7517.63 | 6.01496 | 3445.99 | -0.0940567 | -0.995567 | 0 | SCARH_Black | 1 | 61.2535 | 5.12195 | 0 | 1 | 1 | 0 | 0 | 0 | 0 | 1 | camera | target | -0.0940567 | 0 | -0.995567
SCRIPT       : DATA_LOG | 651837 | aRapBi1cCZPZAGLIDny3dk3hQ8vTmNTLHRl8zxmKgQ0= | 7517.63 | 6.01496 | 3445.99 | -0.0940567 | -0.995567 | 0 | SCARH_Black | 1 | 61.2118 | 5.12745 | 0 | 1 | 1 | 0 | 0 | 0 | 0 | 1 | camera | target | -0.0940567 | 0 | -0.995567
SCRIPT       : DATA_LOG | 652834 | aRapBi1cCZPZAGLIDny3dk3hQ8vTmNTLHRl8zxmKgQ0= | 7517.63 | 6.01496 | 3445.99 | -0.0940567 | -0.995567 | 0 | SCARH_Black | 1 | 61.2504 | 5.11936 | 0 | 1 | 1 | 0 | 0 | 0 | 0 | 1 | camera | target | -0.0940567 | 0 | -0.995567
SCRIPT       : DATA_LOG | 653832 | aRapBi1cCZPZAGLIDny3dk3hQ8vTmNTLHRl8zxmKgQ0= | 7517.63 | 6.01496 | 3445.99 | -0.0940567 | -0.995567 | 0 | SCARH_Black | 1 | 61.1894 | 5.12274 | 0 | 1 | 1 | 0 | 0 | 0 | 0 | 1 | camera | target | -0.0940567 | 0 | -0.995567
SCRIPT       : DATA_LOG | 654841 | aRapBi1cCZPZAGLIDny3dk3hQ8vTmNTLHRl8zxmKgQ0= | 7517.91 | 6.01496 | 3446.91 | -0.952468 | 0.304638 | 0 | SCARH_Black | 1 | 52.0851 | 5.77533 | 0 | 1 | 1 | 0 | 0 | 0 | 0 | 1 | camera | target | -0.952468 | 0 | 0.304638 | -
SCRIPT       : DATA_LOG | 655831 | aRapBi1cCZPZAGLIDny3dk3hQ8vTmNTLHRl8zxmKgQ0= | 7515.74 | 6.01487 | 3448 | -0.682185 | -0.73118 | 0 | SCARH_Black | 1 | 21.6881 | 5.04969 | 0 | 1 | 1 | 0 | 0 | 0 | 0 | 1 | camera | target | -0.682185 | 0 | -0.73118 | -0.6
SCRIPT       : DATA_LOG | 656837 | aRapBi1cCZPZAGLIDny3dk3hQ8vTmNTLHRl8zxmKgQ0= | 7513.93 | 6.01496 | 3448.46 | -0.304848 | -0.952401 | 0 | SCARH_Black | 1 | 21.2076 | 4.87074 | 0 | 1 | 1 | 0 | 0 | 0 | 0 | 1 | camera | target | -0.304848 | 0 | -0.952401 |
SCRIPT       : DATA_LOG | 657836 | aRapBi1cCZPZAGLIDny3dk3hQ8vTmNTLHRl8zxmKgQ0= | 7513.98 | 6.01496 | 3448.44 | -0.304848 | -0.952401 | 0 | SCARH_Black | 1 | 21.0316 | 4.84793 | 0 | 1 | 1 | 0 | 0 | 0 | 0 | 1 | camera | target | -0.304848 | 0 | -0.952401 |
SCRIPT       : DATA_LOG | 658831 | aRapBi1cCZPZAGLIDny3dk3hQ8vTmNTLHRl8zxmKgQ0= | 7513.98 | 6.01496 | 3448.44 | -0.304848 | -0.952401 | 0 | SCARH_Black | 1 | 21.0025 | 4.85622 | 0 | 1 | 1 | 0 | 0 | 0 | 0 | 1 | camera | target | -0.304848 | 0 | -0.952401 |
SCRIPT       : DATA_LOG | 659831 | aRapBi1cCZPZAGLIDny3dk3hQ8vTmNTLHRl8zxmKgQ0= | 7513.98 | 6.01496 | 3448.44 | -0.304848 | -0.952401 | 0 | SCARH_Black | 1 | 21.0545 | 4.84896 | 0 | 1 | 1 | 0 | 0 | 0 | 0 | 1 | camera | target | -0.304848 | 0 | -0.952401 |
SCRIPT       : DATA_LOG | 660833 | aRapBi1cCZPZAGLIDny3dk3hQ8vTmNTLHRl8zxmKgQ0= | 7513.98 | 6.01496 | 3448.44 | -0.304848 | -0.952401 | 0 | SCARH_Black | 1 | 21.0383 | 4.85233 | 0 | 1 | 1 | 0 | 0 | 0 | 0 | 1 | camera | target | -0.304848 | 0 | -0.952401 |
SCRIPT       : DATA_LOG | 661852 | aRapBi1cCZPZAGLIDny3dk3hQ8vTmNTLHRl8zxmKgQ0= | 7513.98 | 6.01496 | 3448.44 | -0.304848 | -0.952401 | 0 | SCARH_Black | 1 | 21.0307 | 4.85373 | 0 | 1 | 1 | 0 | 0 | 0 | 0 | 1 | camera | target | -0.304848 | 0 | -0.952401 |
SCRIPT       : DATA_LOG | 662847 | aRapBi1cCZPZAGLIDny3dk3hQ8vTmNTLHRl8zxmKgQ0= | 7513.98 | 6.01496 | 3448.44 | -0.304848 | -0.952401 | 0 | SCARH_Black | 1 | 21.0255 | 4.85011 | 0 | 1 | 1 | 0 | 0 | 0 | 0 | 1 | camera | target | -0.304848 | 0 | -0.952401 |
SCRIPT       : DATA_LOG | 663847 | aRapBi1cCZPZAGLIDny3dk3hQ8vTmNTLHRl8zxmKgQ0= | 7513.71 | 6.01499 | 3447.13 | -0.193995 | -0.981002 | 0 | SCARH_Black | 1 | 26.4483 | 3.63482 | 0 | 1 | 1 | 0 | 0 | 0 | 0 | 1 | camera | target | -0.193995 | 0 | -0.981002 |
SCRIPT       : DATA_LOG | 664851 | aRapBi1cCZPZAGLIDny3dk3hQ8vTmNTLHRl8zxmKgQ0= | 7513.61 | 6.01499 | 3446.62 | -0.194971 | -0.980809 | 1 | SCARH_Black | 1 | 30.7902 | 3.15894 | 0 | 1 | 1 | 0 | 0 | 0 | 0 | 1 | camera | target | -0.194971 | 0 | -0.980809 |
SCRIPT       : DATA_LOG | 665845 | aRapBi1cCZPZAGLIDny3dk3hQ8vTmNTLHRl8zxmKgQ0= | 7513.53 | 6.01499 | 3446.1 | -0.140785 | -0.99004 | 1 | SCARH_Black | 1 | 36.1377 | 2.73208 | 0 | 1 | 1 | 0 | 0 | 0 | 0 | 1 | camera | target | -0.140785 | 0 | -0.99004 | -0
SCRIPT       : DATA_LOG | 666842 | aRapBi1cCZPZAGLIDny3dk3hQ8vTmNTLHRl8zxmKgQ0= | 7513.53 | 6.01499 | 3446.1 | -0.140785 | -0.99004 | 0 | SCARH_Black | 1 | 36.221 | 2.72639 | 0 | 1 | 1 | 0 | 0 | 0 | 0 | 1 | camera | target | -0.140785 | 0 | -0.99004 | -0.
SCRIPT       : DATA_LOG | 667849 | aRapBi1cCZPZAGLIDny3dk3hQ8vTmNTLHRl8zxmKgQ0= | 7513.53 | 6.01499 | 3446.1 | -0.140785 | -0.99004 | 0 | SCARH_Black | 1 | 36.1915 | 2.72767 | 0 | 1 | 1 | 0 | 0 | 0 | 0 | 1 | camera | target | -0.140785 | 0 | -0.99004 | -0
SCRIPT       : DATA_LOG | 668843 | aRapBi1cCZPZAGLIDny3dk3hQ8vTmNTLHRl8zxmKgQ0= | 7513.53 | 6.01499 | 3446.1 | -0.140785 | -0.99004 | 0 | SCARH_Black | 1 | 36.1282 | 2.73261 | 0 | 1 | 1 | 0 | 0 | 0 | 0 | 1 | camera | target | -0.140785 | 0 | -0.99004 | -0
SCRIPT       : DATA_LOG | 669851 | aRapBi1cCZPZAGLIDny3dk3hQ8vTmNTLHRl8zxmKgQ0= | 7513.53 | 6.01499 | 3446.1 | -0.140785 | -0.99004 | 0 | SCARH_Black | 1 | 36.235 | 2.72417 | 0 | 1 | 1 | 0 | 0 | 0 | 0 | 1 | camera | target | -0.140785 | 0 | -0.99004 | -0.
SCRIPT       : DATA_LOG | 670852 | aRapBi1cCZPZAGLIDny3dk3hQ8vTmNTLHRl8zxmKgQ0= | 7513.53 | 6.01499 | 3446.1 | -0.140785 | -0.99004 | 0 | SCARH_Black | 1 | 36.0384 | 2.7408 | 0 | 1 | 1 | 0 | 0 | 0 | 0 | 1 | camera | target | -0.140785 | 0 | -0.99004 | -0.
SCRIPT       : DATA_LOG | 671848 | aRapBi1cCZPZAGLIDny3dk3hQ8vTmNTLHRl8zxmKgQ0= | 7513.53 | 6.01499 | 3446.1 | -0.140785 | -0.99004 | 0 | none | 1 | 36.2073 | 2.72591 | 0 | 1 | 1 | 0 | 0 | 0 | 0 | 1 | camera | target | -0.140785 | 0 | -0.99004 | -0.140785
SCRIPT       : DATA_LOG | 672856 | aRapBi1cCZPZAGLIDny3dk3hQ8vTmNTLHRl8zxmKgQ0= | 7513.53 | 6.01499 | 3446.1 | 0.55853 | -0.829484 | 0 | none | 1 | 53.1038 | 2.73141 | 0 | 1 | 1 | 0 | 0 | 0 | 0 | 1 | camera | target | 0.55853 | 0 | -0.829484 | 0.55853 | 0
SCRIPT       : DATA_LOG | 673860 | aRapBi1cCZPZAGLIDny3dk3hQ8vTmNTLHRl8zxmKgQ0= | 7514.9 | 6.01489 | 3444.68 | 0.304977 | -0.95236 | 0 | none | 1 | 85.0436 | 2.44081 | 0 | 1 | 1 | 0 | 0 | 0 | 0 | 1 | camera | target | 0.304977 | 0 | -0.95236 | 0.304977 | 
SCRIPT       : DATA_LOG | 674859 | aRapBi1cCZPZAGLIDny3dk3hQ8vTmNTLHRl8zxmKgQ0= | 7518.33 | 6.01492 | 3442.36 | 0.0896416 | -0.995974 | 0 | none | 1 | 111.223 | 5.57506 | 0 | 1 | 1 | 0 | 0 | 0 | 0 | 1 | camera | target | 0.0896416 | 0 | -0.995974 | 0.0896
SCRIPT       : DATA_LOG | 675857 | aRapBi1cCZPZAGLIDny3dk3hQ8vTmNTLHRl8zxmKgQ0= | 7520.6 | 6.01498 | 3438.96 | -0.451677 | -0.892182 | 0 | none | 1 | 96.9514 | 9.02917 | 0 | 1 | 1 | 0 | 0 | 0 | 0 | 1 | camera | target | -0.451677 | 0 | -0.892182 | -0.4516
SCRIPT       : DATA_LOG | 676863 | aRapBi1cCZPZAGLIDny3dk3hQ8vTmNTLHRl8zxmKgQ0= | 7518.99 | 6.01492 | 3435.49 | -0.975969 | 0.21791 | 0 | none | 1 | 43.8211 | 10.3424 | 0 | 1 | 1 | 0 | 0 | 0 | 0 | 1 | camera | target | -0.975969 | 0 | 0.21791 | -0.975969 
SCRIPT       : DATA_LOG | 677866 | aRapBi1cCZPZAGLIDny3dk3hQ8vTmNTLHRl8zxmKgQ0= | 7515.58 | 6.03104 | 3435.05 | -0.340403 | 0.94028 | 0 | none | 1 | 11.0697 | 9.31057 | 0 | 1 | 1 | 0 | 0 | 0 | 0 | 1 | camera | target | -0.340403 | 0 | 0.94028 | -0.340403 
SCRIPT       : DATA_LOG | 678860 | aRapBi1cCZPZAGLIDny3dk3hQ8vTmNTLHRl8zxmKgQ0= | 7517.67 | 6.01496 | 3438.59 | -0.209545 | 0.977799 | 0 | none | 1 | 30.4161 | 7.12216 | 0 | 1 | 1 | 0 | 0 | 0 | 0 | 1 | camera | target | -0.209545 | 0 | 0.977799 | -0.20954
SCRIPT       : DATA_LOG | 679856 | aRapBi1cCZPZAGLIDny3dk3hQ8vTmNTLHRl8zxmKgQ0= | 7519.73 | 6.01495 | 3442.18 | -0.478943 | 0.877846 | 0 | none | 1 | 47.8476 | 6.92435 | 0 | 1 | 1 | 0 | 0 | 0 | 0 | 1 | camera | target | -0.478943 | 0 | 0.877846 | -0.47894
SCRIPT       : DATA_LOG | 680855 | aRapBi1cCZPZAGLIDny3dk3hQ8vTmNTLHRl8zxmKgQ0= | 7520.23 | 6.01497 | 3445.66 | -0.535667 | 0.844429 | 0 | none | 1 | 71.9916 | 7.39253 | 0 | 1 | 1 | 0 | 0 | 0 | 0 | 1 | camera | target | -0.535667 | -0 | 0.844429 | -0.5356
SCRIPT       : DATA_LOG | 681866 | aRapBi1cCZPZAGLIDny3dk3hQ8vTmNTLHRl8zxmKgQ0= | 7520.09 | 6.01497 | 3445.92 | -0.981956 | 0.189111 | 0 | none | 1 | 29.7492 | 7.31969 | 0 | 1 | 1 | 0 | 0 | 0 | 0 | 1 | camera | target | -0.981956 | 0 | 0.189111 | -0.98195
SCRIPT       : DATA_LOG | 682874 | aRapBi1cCZPZAGLIDny3dk3hQ8vTmNTLHRl8zxmKgQ0= | 7520.09 | 6.01497 | 3445.92 | -0.993829 | -0.110926 | 0 | none | 1 | 16.0691 | 7.32558 | 0 | 1 | 1 | 0 | 0 | 0 | 0 | 1 | camera | target | -0.993829 | 0 | -0.110926 | -0.993
SCRIPT       : DATA_LOG | 683873 | aRapBi1cCZPZAGLIDny3dk3hQ8vTmNTLHRl8zxmKgQ0= | 7519.55 | 6.01495 | 3446.42 | -0.944379 | -0.328859 | 0 | SCARH_Black | 1 | 13.5236 | 6.98088 | 0 | 1 | 1 | 0 | 0 | 0 | 0 | 1 | camera | target | -0.944379 | 0 | -0.328859 |
SCRIPT       : DATA_LOG | 684869 | aRapBi1cCZPZAGLIDny3dk3hQ8vTmNTLHRl8zxmKgQ0= | 7519.55 | 6.01495 | 3446.42 | -0.944379 | -0.328859 | 0 | SCARH_Black | 1 | 13.5421 | 6.99457 | 0 | 1 | 1 | 0 | 0 | 0 | 0 | 1 | camera | target | -0.944379 | 0 | -0.328859 |
SCRIPT       : DATA_LOG | 685866 | aRapBi1cCZPZAGLIDny3dk3hQ8vTmNTLHRl8zxmKgQ0= | 7516.66 | 6.01498 | 3445.16 | -0.859283 | -0.511501 | 0 | SCARH_Black | 1 | 26.0937 | 3.98803 | 0 | 1 | 1 | 0 | 0 | 0 | 0 | 1 | camera | target | -0.859283 | 0 | -0.511501 |
SCRIPT       : DATA_LOG | 686864 | aRapBi1cCZPZAGLIDny3dk3hQ8vTmNTLHRl8zxmKgQ0= | 7516.24 | 6.01499 | 3444.91 | -0.857795 | -0.513993 | 0 | SCARH_Black | 1 | 29.6448 | 3.55463 | 0 | 1 | 1 | 0 | 0 | 0 | 0 | 1 | camera | target | -0.857795 | 0 | -0.513993 |
SCRIPT       : DATA_LOG | 687867 | aRapBi1cCZPZAGLIDny3dk3hQ8vTmNTLHRl8zxmKgQ0= | 7516.24 | 6.01499 | 3444.91 | -0.857795 | -0.513993 | 0 | SCARH_Black | 1 | 29.6288 | 3.55599 | 0 | 1 | 1 | 0 | 0 | 0 | 0 | 1 | camera | target | -0.857795 | 0 | -0.513993 |
SCRIPT       : DATA_LOG | 688873 | aRapBi1cCZPZAGLIDny3dk3hQ8vTmNTLHRl8zxmKgQ0= | 7516.24 | 6.01499 | 3444.91 | -0.857795 | -0.513993 | 0 | SCARH_Black | 1 | 29.6871 | 3.55034 | 0 | 1 | 1 | 0 | 0 | 0 | 0 | 1 | camera | target | -0.857795 | 0 | -0.513993 |
SCRIPT       : DATA_LOG | 689874 | aRapBi1cCZPZAGLIDny3dk3hQ8vTmNTLHRl8zxmKgQ0= | 7516.24 | 6.01499 | 3444.91 | -0.857795 | -0.513993 | 0 | SCARH_Black | 1 | 29.6082 | 3.55521 | 0 | 1 | 1 | 0 | 0 | 0 | 0 | 1 | camera | target | -0.857795 | 0 | -0.513993 |
SCRIPT       : DATA_LOG | 690879 | aRapBi1cCZPZAGLIDny3dk3hQ8vTmNTLHRl8zxmKgQ0= | 7516.24 | 6.01499 | 3444.91 | -0.857795 | -0.513993 | 0 | SCARH_Black | 1 | 29.6826 | 3.55081 | 0 | 1 | 1 | 0 | 0 | 0 | 0 | 1 | camera | target | -0.857795 | 0 | -0.513993 |
SCRIPT       : DATA_LOG | 691874 | aRapBi1cCZPZAGLIDny3dk3hQ8vTmNTLHRl8zxmKgQ0= | 7516.24 | 6.01499 | 3444.91 | -0.857795 | -0.513993 | 0 | SCARH_Black | 1 | 29.5808 | 3.56137 | 0 | 1 | 1 | 0 | 0 | 0 | 0 | 1 | camera | target | -0.857795 | 0 | -0.513993 |
SCRIPT       : DATA_LOG | 692877 | aRapBi1cCZPZAGLIDny3dk3hQ8vTmNTLHRl8zxmKgQ0= | 7516.24 | 6.01499 | 3444.91 | -0.857795 | -0.513993 | 0 | SCARH_Black | 1 | 29.5748 | 3.56077 | 0 | 1 | 1 | 0 | 0 | 0 | 0 | 1 | camera | target | -0.857795 | 0 | -0.513993 |
SCRIPT       : DATA_LOG | 693879 | aRapBi1cCZPZAGLIDny3dk3hQ8vTmNTLHRl8zxmKgQ0= | 7516.24 | 6.01499 | 3444.91 | -0.857795 | -0.513993 | 0 | SCARH_Black | 1 | 29.6632 | 3.55301 | 0 | 1 | 1 | 0 | 0 | 0 | 0 | 1 | camera | target | -0.857795 | 0 | -0.513993 |
 SCRIPT       : ---- PlayerBase OnStoreLoad SUCCESS ----
 SCRIPT       : [VPPAT] Player "Van Grogue" (steamId=76561198282432920) connected to server!
SCRIPT       : DATA_LOG | 694881 | aRapBi1cCZPZAGLIDny3dk3hQ8vTmNTLHRl8zxmKgQ0= | 7516.24 | 6.01499 | 3444.91 | -0.857795 | -0.513993 | 0 | SCARH_Black | 1 | 29.6197 | 3.55726 | 0 | 1 | 1 | 0 | 0 | 0 | 0 | 1 | camera | target | -0.857795 | 0 | -0.513993 |
SCRIPT       : DATA_LOG | 694916 | b6Sjt2-RNGxcRaWm937lmzRlL1ZStO-GKN6nDlCMyV4= | 7517.57 | 6.01498 | 3444.22 | -0.984593 | 0.17486 | 0 | AugShort | 1 | 24.464 | 4.64027 | 0 | 1 | 1 | 0 | 0 | 0 | 0 | 1 | camera | target | -0.984593 | 0 | 0.17486 | -0.9845
SCRIPT       : DATA_LOG | 695874 | aRapBi1cCZPZAGLIDny3dk3hQ8vTmNTLHRl8zxmKgQ0= | 7516.24 | 6.01499 | 3444.91 | -0.857795 | -0.513993 | 0 | SCARH_Black | 1 | 29.692 | 3.55056 | 0 | 1 | 1 | 0 | 0 | 0 | 0 | 1 | camera | target | -0.857795 | 0 | -0.513993 | 
SCRIPT       : DATA_LOG | 695898 | b6Sjt2-RNGxcRaWm937lmzRlL1ZStO-GKN6nDlCMyV4= | 7517.57 | 6.01498 | 3444.22 | -0.984593 | 0.17486 | 0 | AugShort | 1 | 24.4444 | 4.63434 | 0 | 1 | 1 | 0 | 0 | 0 | 0 | 1 | camera | target | -0.984593 | 0 | 0.17486 | -0.984
SCRIPT       : DATA_LOG | 696891 | aRapBi1cCZPZAGLIDny3dk3hQ8vTmNTLHRl8zxmKgQ0= | 7516.24 | 6.01499 | 3444.91 | -0.857795 | -0.513993 | 0 | SCARH_Black | 1 | 29.6239 | 3.55379 | 0 | 1 | 1 | 0 | 0 | 0 | 0 | 1 | camera | target | -0.857795 | 0 | -0.513993 |
SCRIPT       : DATA_LOG | 696920 | b6Sjt2-RNGxcRaWm937lmzRlL1ZStO-GKN6nDlCMyV4= | 7517.57 | 6.01498 | 3444.22 | -0.984593 | 0.17486 | 0 | AugShort | 1 | 24.4882 | 4.63617 | 0 | 1 | 1 | 0 | 0 | 0 | 0 | 1 | camera | target | -0.984593 | 0 | 0.17486 | -0.984
SCRIPT       : DATA_LOG | 697883 | aRapBi1cCZPZAGLIDny3dk3hQ8vTmNTLHRl8zxmKgQ0= | 7516.24 | 6.01499 | 3444.91 | -0.857795 | -0.513993 | 0 | SCARH_Black | 1 | 29.6676 | 3.55143 | 0 | 1 | 1 | 0 | 0 | 0 | 0 | 1 | camera | target | -0.857795 | 0 | -0.513993 |
SCRIPT       : DATA_LOG | 697910 | b6Sjt2-RNGxcRaWm937lmzRlL1ZStO-GKN6nDlCMyV4= | 7517.57 | 6.01498 | 3444.22 | -0.984593 | 0.17486 | 0 | AugShort | 1 | 24.4315 | 4.63535 | 0 | 1 | 1 | 0 | 0 | 0 | 0 | 1 | camera | target | -0.984593 | 0 | 0.17486 | -0.984
SCRIPT       : DATA_LOG | 698882 | aRapBi1cCZPZAGLIDny3dk3hQ8vTmNTLHRl8zxmKgQ0= | 7516.24 | 6.01499 | 3444.91 | -0.857795 | -0.513993 | 0 | SCARH_Black | 1 | 29.6119 | 3.55901 | 0 | 1 | 1 | 0 | 0 | 0 | 0 | 1 | camera | target | -0.857795 | 0 | -0.513993 |
SCRIPT       : DATA_LOG | 698905 | b6Sjt2-RNGxcRaWm937lmzRlL1ZStO-GKN6nDlCMyV4= | 7517.57 | 6.01498 | 3444.22 | -0.984593 | 0.17486 | 0 | AugShort | 1 | 24.4699 | 4.64188 | 0 | 1 | 1 | 0 | 0 | 0 | 0 | 1 | camera | target | -0.984593 | 0 | 0.17486 | -0.984
SCRIPT       : DATA_LOG | 699890 | aRapBi1cCZPZAGLIDny3dk3hQ8vTmNTLHRl8zxmKgQ0= | 7516.24 | 6.01499 | 3444.91 | -0.857795 | -0.513993 | 0 | SCARH_Black | 1 | 29.5546 | 3.56199 | 0 | 1 | 1 | 0 | 0 | 0 | 0 | 1 | camera | target | -0.857795 | 0 | -0.513993 |
SCRIPT       : DATA_LOG | 699922 | b6Sjt2-RNGxcRaWm937lmzRlL1ZStO-GKN6nDlCMyV4= | 7518.06 | 6.01498 | 3444.1 | -0.972043 | 0.234803 | 0 | AugShort | 1 | 24.0407 | 5.10215 | 0 | 1 | 1 | 0 | 0 | 0 | 0 | 1 | camera | target | -0.972043 | -0 | 0.234803 | -0.9
SCRIPT       : DATA_LOG | 700880 | aRapBi1cCZPZAGLIDny3dk3hQ8vTmNTLHRl8zxmKgQ0= | 7516.24 | 6.01499 | 3444.91 | -0.857795 | -0.513993 | 0 | SCARH_Black | 1 | 29.6719 | 3.5526 | 0 | 1 | 1 | 0 | 0 | 0 | 0 | 1 | camera | target | -0.857795 | 0 | -0.513993 | 
SCRIPT       : DATA_LOG | 700906 | b6Sjt2-RNGxcRaWm937lmzRlL1ZStO-GKN6nDlCMyV4= | 7518.06 | 6.01498 | 3444.1 | -0.972043 | 0.234803 | 0 | AugShort | 1 | 23.9368 | 5.0959 | 0 | 1 | 1 | 0 | 0 | 0 | 0 | 1 | camera | target | -0.972043 | -0 | 0.234803 | -0.97
SCRIPT       : DATA_LOG | 701883 | aRapBi1cCZPZAGLIDny3dk3hQ8vTmNTLHRl8zxmKgQ0= | 7516.24 | 6.01499 | 3444.91 | -0.857795 | -0.513993 | 0 | SCARH_Black | 1 | 29.6068 | 3.55849 | 0 | 1 | 1 | 0 | 0 | 0 | 0 | 1 | camera | target | -0.857795 | 0 | -0.513993 |
SCRIPT       : DATA_LOG | 701906 | b6Sjt2-RNGxcRaWm937lmzRlL1ZStO-GKN6nDlCMyV4= | 7518.06 | 6.01498 | 3444.1 | -0.972043 | 0.234803 | 0 | AugShort | 1 | 23.989 | 5.10023 | 0 | 1 | 1 | 0 | 0 | 0 | 0 | 1 | camera | target | -0.972043 | -0 | 0.234803 | -0.97
SCRIPT       : DATA_LOG | 702887 | aRapBi1cCZPZAGLIDny3dk3hQ8vTmNTLHRl8zxmKgQ0= | 7516.24 | 6.01499 | 3444.91 | -0.857795 | -0.513993 | 0 | SCARH_Black | 1 | 29.6895 | 3.55076 | 0 | 1 | 1 | 0 | 0 | 0 | 0 | 1 | camera | target | -0.857795 | 0 | -0.513993 |
SCRIPT       : DATA_LOG | 702918 | b6Sjt2-RNGxcRaWm937lmzRlL1ZStO-GKN6nDlCMyV4= | 7518.06 | 6.01498 | 3444.1 | -0.972043 | 0.234803 | 0 | AugShort | 1 | 23.9586 | 5.09345 | 0 | 1 | 1 | 0 | 0 | 0 | 0 | 1 | camera | target | -0.972043 | -0 | 0.234803 | -0.9
SCRIPT       : DATA_LOG | 703890 | aRapBi1cCZPZAGLIDny3dk3hQ8vTmNTLHRl8zxmKgQ0= | 7516.24 | 6.01499 | 3444.91 | -0.857795 | -0.513993 | 0 | SCARH_Black | 1 | 29.6426 | 3.55233 | 0 | 1 | 1 | 0 | 0 | 0 | 0 | 1 | camera | target | -0.857795 | 0 | -0.513993 |
SCRIPT       : DATA_LOG | 703921 | b6Sjt2-RNGxcRaWm937lmzRlL1ZStO-GKN6nDlCMyV4= | 7518.06 | 6.01498 | 3444.1 | -0.972043 | 0.234803 | 0 | AugShort | 1 | 23.989 | 5.09398 | 0 | 1 | 1 | 0 | 0 | 0 | 0 | 1 | camera | target | -0.972043 | -0 | 0.234803 | -0.97
SCRIPT       : DATA_LOG | 704892 | aRapBi1cCZPZAGLIDny3dk3hQ8vTmNTLHRl8zxmKgQ0= | 7516.24 | 6.01499 | 3444.91 | -0.857795 | -0.513993 | 0 | SCARH_Black | 1 | 29.6436 | 3.55227 | 0 | 1 | 1 | 0 | 0 | 0 | 0 | 1 | camera | target | -0.857795 | 0 | -0.513993 |
SCRIPT       : DATA_LOG | 704920 | b6Sjt2-RNGxcRaWm937lmzRlL1ZStO-GKN6nDlCMyV4= | 7518.06 | 6.01498 | 3444.1 | -0.972043 | 0.234803 | 0 | AugShort | 1 | 23.9768 | 5.09427 | 0 | 1 | 1 | 0 | 0 | 0 | 0 | 1 | camera | target | -0.972043 | -0 | 0.234803 | -0.9
SCRIPT       : DATA_LOG | 705889 | aRapBi1cCZPZAGLIDny3dk3hQ8vTmNTLHRl8zxmKgQ0= | 7516.24 | 6.01499 | 3444.91 | -0.857795 | -0.513993 | 0 | SCARH_Black | 1 | 29.6476 | 3.55636 | 0 | 1 | 1 | 0 | 0 | 0 | 0 | 1 | camera | target | -0.857795 | 0 | -0.513993 |
SCRIPT       : DATA_LOG | 705910 | b6Sjt2-RNGxcRaWm937lmzRlL1ZStO-GKN6nDlCMyV4= | 7518.06 | 6.01498 | 3444.1 | -0.972043 | 0.234803 | 0 | AugShort | 1 | 23.9581 | 5.0991 | 0 | 1 | 1 | 0 | 0 | 0 | 0 | 1 | camera | target | -0.972043 | -0 | 0.234803 | -0.97
SCRIPT       : DATA_LOG | 706886 | aRapBi1cCZPZAGLIDny3dk3hQ8vTmNTLHRl8zxmKgQ0= | 7516.24 | 6.01499 | 3444.91 | -0.857795 | -0.513993 | 0 | SCARH_Black | 1 | 29.5325 | 3.56361 | 0 | 1 | 1 | 0 | 0 | 0 | 0 | 1 | camera | target | -0.857795 | 0 | -0.513993 |
SCRIPT       : DATA_LOG | 706910 | b6Sjt2-RNGxcRaWm937lmzRlL1ZStO-GKN6nDlCMyV4= | 7518.06 | 6.01498 | 3444.1 | -0.972043 | 0.234803 | 0 | AugShort | 1 | 24.0579 | 5.10324 | 0 | 1 | 1 | 0 | 0 | 0 | 0 | 1 | camera | target | -0.972043 | -0 | 0.234803 | -0.9
SCRIPT       : DATA_LOG | 707889 | aRapBi1cCZPZAGLIDny3dk3hQ8vTmNTLHRl8zxmKgQ0= | 7516.24 | 6.01499 | 3444.91 | -0.857795 | -0.513993 | 0 | SCARH_Black | 1 | 29.6708 | 3.55304 | 0 | 1 | 1 | 0 | 0 | 0 | 0 | 1 | camera | target | -0.857795 | 0 | -0.513993 |
SCRIPT       : DATA_LOG | 707917 | b6Sjt2-RNGxcRaWm937lmzRlL1ZStO-GKN6nDlCMyV4= | 7518.06 | 6.01498 | 3444.1 | -0.972043 | 0.234803 | 0 | AugShort | 1 | 23.9359 | 5.09638 | 0 | 1 | 1 | 0 | 0 | 0 | 0 | 1 | camera | target | -0.972043 | -0 | 0.234803 | -0.9
SCRIPT       : DATA_LOG | 708889 | aRapBi1cCZPZAGLIDny3dk3hQ8vTmNTLHRl8zxmKgQ0= | 7516.24 | 6.01499 | 3444.91 | -0.857795 | -0.513993 | 0 | SCARH_Black | 1 | 29.6017 | 3.55874 | 0 | 1 | 1 | 0 | 0 | 0 | 0 | 1 | camera | target | -0.857795 | 0 | -0.513993 |
SCRIPT       : DATA_LOG | 708914 | b6Sjt2-RNGxcRaWm937lmzRlL1ZStO-GKN6nDlCMyV4= | 7518.06 | 6.01498 | 3444.1 | -0.972043 | 0.234803 | 0 | AugShort | 1 | 23.9952 | 5.10029 | 0 | 1 | 1 | 0 | 0 | 0 | 0 | 1 | camera | target | -0.972043 | -0 | 0.234803 | -0.9
SCRIPT       : DATA_LOG | 709892 | aRapBi1cCZPZAGLIDny3dk3hQ8vTmNTLHRl8zxmKgQ0= | 7516.24 | 6.01499 | 3444.91 | -0.857795 | -0.513993 | 0 | SCARH_Black | 1 | 29.6766 | 3.55165 | 0 | 1 | 1 | 0 | 0 | 0 | 0 | 1 | camera | target | -0.857795 | 0 | -0.513993 |
SCRIPT       : DATA_LOG | 709915 | b6Sjt2-RNGxcRaWm937lmzRlL1ZStO-GKN6nDlCMyV4= | 7517.96 | 6.01498 | 3444.11 | -0.985762 | 0.168145 | 0 | AugShort | 1 | 22.1171 | 5.00339 | 0 | 1 | 1 | 0 | 0 | 0 | 0 | 1 | camera | target | -0.985762 | 0 | 0.168145 | -0.9
SCRIPT       : DATA_LOG | 710897 | aRapBi1cCZPZAGLIDny3dk3hQ8vTmNTLHRl8zxmKgQ0= | 7516.24 | 6.01499 | 3444.91 | -0.857795 | -0.513993 | 0 | SCARH_Black | 1 | 29.6542 | 3.55168 | 0 | 1 | 1 | 0 | 0 | 0 | 0 | 1 | camera | target | -0.857795 | 0 | -0.513993 |
SCRIPT       : DATA_LOG | 710928 | b6Sjt2-RNGxcRaWm937lmzRlL1ZStO-GKN6nDlCMyV4= | 7517.57 | 6.01498 | 3444.16 | -0.989761 | 0.142736 | 0 | AugShort | 1 | 23.1692 | 4.63284 | 0 | 1 | 1 | 0 | 0 | 0 | 0 | 1 | camera | target | -0.989761 | -0 | 0.142736 | -0.
SCRIPT       : DATA_LOG | 711895 | aRapBi1cCZPZAGLIDny3dk3hQ8vTmNTLHRl8zxmKgQ0= | 7516.24 | 6.01499 | 3444.91 | -0.857795 | -0.513993 | 0 | SCARH_Black | 1 | 29.6084 | 3.55454 | 0 | 1 | 1 | 0 | 0 | 0 | 0 | 1 | camera | target | -0.857795 | 0 | -0.513993 |
SCRIPT       : DATA_LOG | 711922 | b6Sjt2-RNGxcRaWm937lmzRlL1ZStO-GKN6nDlCMyV4= | 7517.57 | 6.01498 | 3444.16 | -0.989761 | 0.142736 | 0 | AugShort | 1 | 23.1983 | 4.63463 | 0 | 1 | 1 | 0 | 0 | 0 | 0 | 1 | camera | target | -0.989761 | -0 | 0.142736 | -0.
SCRIPT       : DATA_LOG | 712892 | aRapBi1cCZPZAGLIDny3dk3hQ8vTmNTLHRl8zxmKgQ0= | 7516.24 | 6.01499 | 3444.91 | -0.857795 | -0.513993 | 0 | SCARH_Black | 1 | 29.6765 | 3.55358 | 0 | 1 | 1 | 0 | 0 | 0 | 0 | 1 | camera | target | -0.857795 | 0 | -0.513993 |
SCRIPT       : DATA_LOG | 712917 | b6Sjt2-RNGxcRaWm937lmzRlL1ZStO-GKN6nDlCMyV4= | 7517.39 | 6.01498 | 3444.19 | -0.99122 | 0.132221 | 0 | AugShort | 1 | 23.7543 | 4.46878 | 0 | 1 | 1 | 0 | 0 | 0 | 0 | 1 | camera | target | -0.99122 | -0 | 0.132221 | -0.99
SCRIPT       : DATA_LOG | 713896 | aRapBi1cCZPZAGLIDny3dk3hQ8vTmNTLHRl8zxmKgQ0= | 7516.24 | 6.01499 | 3444.91 | -0.857795 | -0.513993 | 0 | SCARH_Black | 1 | 29.5204 | 3.56453 | 0 | 1 | 1 | 0 | 0 | 0 | 0 | 1 | camera | target | -0.857795 | 0 | -0.513993 |
SCRIPT       : DATA_LOG | 713924 | b6Sjt2-RNGxcRaWm937lmzRlL1ZStO-GKN6nDlCMyV4= | 7517.39 | 6.01498 | 3444.19 | -0.99122 | 0.132221 | 0 | AugShort | 1 | 23.8578 | 4.47608 | 0 | 1 | 1 | 0 | 0 | 0 | 0 | 1 | camera | target | -0.99122 | -0 | 0.132221 | -0.99
SCRIPT       : DATA_LOG | 714906 | aRapBi1cCZPZAGLIDny3dk3hQ8vTmNTLHRl8zxmKgQ0= | 7516.24 | 6.01499 | 3444.91 | -0.857795 | -0.513993 | 0 | SCARH_Black | 1 | 29.6593 | 3.55398 | 0 | 1 | 1 | 0 | 0 | 0 | 0 | 1 | camera | target | -0.857795 | 0 | -0.513993 |
SCRIPT       : DATA_LOG | 714936 | b6Sjt2-RNGxcRaWm937lmzRlL1ZStO-GKN6nDlCMyV4= | 7517.39 | 6.01498 | 3444.19 | -0.99122 | 0.132221 | 0 | AugShort | 1 | 23.7628 | 4.46882 | 0 | 1 | 1 | 0 | 0 | 0 | 0 | 1 | camera | target | -0.99122 | -0 | 0.132221 | -0.99
SCRIPT       : DATA_LOG | 715902 | aRapBi1cCZPZAGLIDny3dk3hQ8vTmNTLHRl8zxmKgQ0= | 7516.24 | 6.01499 | 3444.91 | -0.857795 | -0.513993 | 0 | SCARH_Black | 1 | 29.6077 | 3.55818 | 0 | 1 | 1 | 0 | 0 | 0 | 0 | 1 | camera | target | -0.857795 | 0 | -0.513993 |
SCRIPT       : DATA_LOG | 715932 | b6Sjt2-RNGxcRaWm937lmzRlL1ZStO-GKN6nDlCMyV4= | 7517.16 | 6.01498 | 3444.12 | -0.992742 | 0.120264 | 0 | AugShort | 1 | 24.2252 | 4.25507 | 0 | 1 | 1 | 0 | 0 | 0 | 0 | 1 | camera | target | -0.992742 | -0 | 0.120264 | -0.
SCRIPT       : DATA_LOG | 716908 | aRapBi1cCZPZAGLIDny3dk3hQ8vTmNTLHRl8zxmKgQ0= | 7516.24 | 6.01499 | 3444.91 | -0.857795 | -0.513993 | 0 | SCARH_Black | 1 | 29.667 | 3.55223 | 0 | 1 | 1 | 0 | 0 | 0 | 0 | 1 | camera | target | -0.857795 | 0 | -0.513993 | 
SCRIPT       : DATA_LOG | 716942 | b6Sjt2-RNGxcRaWm937lmzRlL1ZStO-GKN6nDlCMyV4= | 7516.93 | 6.01498 | 3444.06 | -0.993051 | 0.117689 | 0 | AugShort | 1 | 25.0375 | 4.03468 | 0 | 1 | 1 | 0 | 0 | 0 | 0 | 1 | camera | target | -0.993051 | -0 | 0.117689 | -0.
SCRIPT       : DATA_LOG | 717902 | aRapBi1cCZPZAGLIDny3dk3hQ8vTmNTLHRl8zxmKgQ0= | 7516.24 | 6.01499 | 3444.91 | -0.857795 | -0.513993 | 0 | SCARH_Black | 1 | 29.6695 | 3.55087 | 0 | 1 | 1 | 0 | 0 | 0 | 0 | 1 | camera | target | -0.857795 | 0 | -0.513993 |
SCRIPT       : DATA_LOG | 717928 | b6Sjt2-RNGxcRaWm937lmzRlL1ZStO-GKN6nDlCMyV4= | 7516.93 | 6.01498 | 3444.06 | -0.993051 | 0.117689 | 0 | AugShort | 1 | 25.0424 | 4.03323 | 0 | 1 | 1 | 0 | 0 | 0 | 0 | 1 | camera | target | -0.993051 | -0 | 0.117689 | -0.
SCRIPT       : DATA_LOG | 718902 | aRapBi1cCZPZAGLIDny3dk3hQ8vTmNTLHRl8zxmKgQ0= | 7516.24 | 6.01499 | 3444.91 | -0.857795 | -0.513993 | 0 | SCARH_Black | 1 | 29.592 | 3.55608 | 0 | 1 | 1 | 0 | 0 | 0 | 0 | 1 | camera | target | -0.857795 | 0 | -0.513993 | 
SCRIPT       : DATA_LOG | 718928 | b6Sjt2-RNGxcRaWm937lmzRlL1ZStO-GKN6nDlCMyV4= | 7516.93 | 6.01498 | 3444.06 | -0.993051 | 0.117689 | 0 | AugShort | 1 | 25.0783 | 4.03652 | 0 | 1 | 1 | 0 | 0 | 0 | 0 | 1 | camera | target | -0.993051 | -0 | 0.117689 | -0.
SCRIPT       : DATA_LOG | 719902 | aRapBi1cCZPZAGLIDny3dk3hQ8vTmNTLHRl8zxmKgQ0= | 7516.24 | 6.01499 | 3444.91 | -0.857795 | -0.513993 | 0 | SCARH_Black | 1 | 29.6943 | 3.5518 | 0 | 1 | 1 | 0 | 0 | 0 | 0 | 1 | camera | target | -0.857795 | 0 | -0.513993 | 
SCRIPT       : DATA_LOG | 719924 | b6Sjt2-RNGxcRaWm937lmzRlL1ZStO-GKN6nDlCMyV4= | 7516.93 | 6.01498 | 3444.06 | -0.993051 | 0.117689 | 0 | AugShort | 1 | 24.9848 | 4.03581 | 0 | 1 | 1 | 0 | 0 | 0 | 0 | 1 | camera | target | -0.993051 | -0 | 0.117689 | -0.
SCRIPT       : DATA_LOG | 720907 | aRapBi1cCZPZAGLIDny3dk3hQ8vTmNTLHRl8zxmKgQ0= | 7516.24 | 6.01499 | 3444.91 | -0.857795 | -0.513993 | 0 | SCARH_Black | 1 | 29.5212 | 3.5649 | 0 | 1 | 1 | 0 | 0 | 0 | 0 | 1 | camera | target | -0.857795 | 0 | -0.513993 | 
SCRIPT       : DATA_LOG | 720930 | b6Sjt2-RNGxcRaWm937lmzRlL1ZStO-GKN6nDlCMyV4= | 7516.93 | 6.01498 | 3444.06 | -0.993051 | 0.117689 | 0 | AugShort | 1 | 25.0795 | 4.04433 | 0 | 1 | 1 | 0 | 0 | 0 | 0 | 1 | camera | target | -0.993051 | -0 | 0.117689 | -0.
SCRIPT       : DATA_LOG | 721903 | aRapBi1cCZPZAGLIDny3dk3hQ8vTmNTLHRl8zxmKgQ0= | 7516.24 | 6.01499 | 3444.91 | -0.857795 | -0.513993 | 0 | SCARH_Black | 1 | 29.6358 | 3.55619 | 0 | 1 | 1 | 0 | 0 | 0 | 0 | 1 | camera | target | -0.857795 | 0 | -0.513993 |
SCRIPT       : DATA_LOG | 721927 | b6Sjt2-RNGxcRaWm937lmzRlL1ZStO-GKN6nDlCMyV4= | 7516.93 | 6.01498 | 3444.06 | -0.993051 | 0.117689 | 0 | AugShort | 1 | 25.0167 | 4.03865 | 0 | 1 | 1 | 0 | 0 | 0 | 0 | 1 | camera | target | -0.993051 | -0 | 0.117689 | -0.
SCRIPT       : DATA_LOG | 722910 | aRapBi1cCZPZAGLIDny3dk3hQ8vTmNTLHRl8zxmKgQ0= | 7516.73 | 6.01498 | 3446.14 | -0.0339645 | -0.999423 | 0 | SCARH_Black | 1 | 38.1259 | 2.6058 | 0 | 1 | 0 | 0 | 0 | 0 | 0 | 1 | camera | target | -0.0339645 | 0 | -0.999423 
SCRIPT       : DATA_LOG | 722938 | b6Sjt2-RNGxcRaWm937lmzRlL1ZStO-GKN6nDlCMyV4= | 7516.93 | 6.01498 | 3444.06 | -0.993051 | 0.117689 | 0 | AugShort | 1 | 25.0292 | 4.03881 | 0 | 1 | 1 | 0 | 0 | 0 | 0 | 1 | camera | target | -0.993051 | -0 | 0.117689 | -0.
SCRIPT       : DATA_LOG | 723913 | aRapBi1cCZPZAGLIDny3dk3hQ8vTmNTLHRl8zxmKgQ0= | 7515.74 | 6.0149 | 3446.9 | -0.11192 | -0.993717 | 0 | SCARH_Black | 1 | 38.388 | 3.46393 | 0 | 1 | 0 | 0 | 0 | 0 | 0 | 1 | camera | target | -0.11192 | 0 | -0.993717 | -0.1
SCRIPT       : DATA_LOG | 723942 | b6Sjt2-RNGxcRaWm937lmzRlL1ZStO-GKN6nDlCMyV4= | 7516.93 | 6.01498 | 3444.06 | -0.993051 | 0.117689 | 0 | AugShort | 1 | 25.0403 | 4.03565 | 0 | 1 | 1 | 0 | 0 | 0 | 0 | 1 | camera | target | -0.993051 | -0 | 0.117689 | -0.
SCRIPT       : DATA_LOG | 724912 | aRapBi1cCZPZAGLIDny3dk3hQ8vTmNTLHRl8zxmKgQ0= | 7515.74 | 6.0149 | 3446.9 | -0.11192 | -0.993717 | 0 | SCARH_Black | 1 | 38.3693 | 3.4641 | 0 | 1 | 0 | 0 | 0 | 0 | 0 | 1 | camera | target | -0.11192 | 0 | -0.993717 | -0.1
SCRIPT       : DATA_LOG | 724940 | b6Sjt2-RNGxcRaWm937lmzRlL1ZStO-GKN6nDlCMyV4= | 7516.93 | 6.01498 | 3444.06 | -0.993051 | 0.117689 | 0 | AugShort | 1 | 25.04 | 4.03274 | 0 | 1 | 1 | 0 | 0 | 0 | 0 | 1 | camera | target | -0.993051 | -0 | 0.117689 | -0.99
SCRIPT       : DATA_LOG | 725914 | aRapBi1cCZPZAGLIDny3dk3hQ8vTmNTLHRl8zxmKgQ0= | 7515.74 | 6.0149 | 3446.9 | -0.11192 | -0.993717 | 0 | SCARH_Black | 1 | 38.3444 | 3.46216 | 0 | 1 | 0 | 0 | 0 | 0 | 0 | 1 | camera | target | -0.11192 | 0 | -0.993717 | -0.
SCRIPT       : DATA_LOG | 725935 | b6Sjt2-RNGxcRaWm937lmzRlL1ZStO-GKN6nDlCMyV4= | 7516.93 | 6.01498 | 3444.06 | -0.993051 | 0.117689 | 0 | AugShort | 1 | 25.0766 | 4.03649 | 0 | 1 | 1 | 0 | 0 | 0 | 0 | 1 | camera | target | -0.993051 | -0 | 0.117689 | -0.
SCRIPT       : DATA_LOG | 726915 | aRapBi1cCZPZAGLIDny3dk3hQ8vTmNTLHRl8zxmKgQ0= | 7515.74 | 6.0149 | 3446.9 | -0.11192 | -0.993717 | 0 | SCARH_Black | 1 | 38.3743 | 3.46512 | 0 | 1 | 0 | 0 | 0 | 0 | 0 | 1 | camera | target | -0.11192 | 0 | -0.993717 | -0.
SCRIPT       : DATA_LOG | 726945 | b6Sjt2-RNGxcRaWm937lmzRlL1ZStO-GKN6nDlCMyV4= | 7516.93 | 6.01498 | 3444.06 | -0.993051 | 0.117689 | 0 | AugShort | 1 | 24.9807 | 4.03521 | 0 | 1 | 1 | 0 | 0 | 0 | 0 | 1 | camera | target | -0.993051 | -0 | 0.117689 | -0.
SCRIPT       : DATA_LOG | 727913 | aRapBi1cCZPZAGLIDny3dk3hQ8vTmNTLHRl8zxmKgQ0= | 7516.25 | 6.01499 | 3446.96 | 0.134633 | -0.990896 | 0 | SCARH_Black | 1 | 28.5794 | 3.38766 | 0 | 1 | 0 | 0 | 0 | 0 | 0 | 1 | camera | target | 0.134633 | 0 | -0.990896 | 0
SCRIPT       : DATA_LOG | 727939 | b6Sjt2-RNGxcRaWm937lmzRlL1ZStO-GKN6nDlCMyV4= | 7516.93 | 6.01498 | 3444.06 | -0.993051 | 0.117689 | 0 | AugShort | 1 | 25.0682 | 4.04421 | 0 | 1 | 1 | 0 | 0 | 0 | 0 | 1 | camera | target | -0.993051 | -0 | 0.117689 | -0.
SCRIPT       : DATA_LOG | 728915 | aRapBi1cCZPZAGLIDny3dk3hQ8vTmNTLHRl8zxmKgQ0= | 7517.05 | 6.01497 | 3446.55 | -0.21536 | -0.976535 | 0 | SCARH_Black | 1 | 33.4756 | 2.98111 | 0 | 1 | 0 | 0 | 0 | 0 | 0 | 1 | camera | target | -0.21536 | 0 | -0.976535 | -
SCRIPT       : DATA_LOG | 728941 | b6Sjt2-RNGxcRaWm937lmzRlL1ZStO-GKN6nDlCMyV4= | 7516.93 | 6.01498 | 3444.06 | -0.993051 | 0.117689 | 0 | AugShort | 1 | 25.0305 | 4.03983 | 0 | 1 | 1 | 0 | 0 | 0 | 0 | 1 | camera | target | -0.993051 | -0 | 0.117689 | -0.
SCRIPT       : DATA_LOG | 729911 | aRapBi1cCZPZAGLIDny3dk3hQ8vTmNTLHRl8zxmKgQ0= | 7515.61 | 6.01496 | 3444.58 | 0.562097 | -0.827071 | 0 | SCARH_Black | 1 | 56.9057 | 2.109 | 0 | 1 | 0 | 0 | 0 | 0 | 0 | 1 | camera | target | 0.562097 | 0 | -0.827071 | 0.5
SCRIPT       : DATA_LOG | 729939 | b6Sjt2-RNGxcRaWm937lmzRlL1ZStO-GKN6nDlCMyV4= | 7516.93 | 6.01498 | 3444.06 | -0.993051 | 0.117689 | 0 | AugShort | 1 | 25.0219 | 4.03725 | 0 | 1 | 1 | 0 | 0 | 0 | 0 | 1 | camera | target | -0.993051 | -0 | 0.117689 | -0.
SCRIPT       : DATA_LOG | 730921 | aRapBi1cCZPZAGLIDny3dk3hQ8vTmNTLHRl8zxmKgQ0= | 7515.35 | 6.01496 | 3444.75 | 0.826973 | -0.562242 | 0 | SCARH_Black | 1 | 44.6402 | 2.31498 | 0 | 1 | 0 | 0 | 0 | 0 | 0 | 1 | camera | target | 0.826973 | 0 | -0.562242 | 0
SCRIPT       : DATA_LOG | 730948 | b6Sjt2-RNGxcRaWm937lmzRlL1ZStO-GKN6nDlCMyV4= | 7516.93 | 6.01498 | 3444.06 | -0.993051 | 0.117689 | 0 | AugShort | 1 | 25.0377 | 4.03704 | 0 | 1 | 1 | 0 | 0 | 0 | 0 | 1 | camera | target | -0.993051 | -0 | 0.117689 | -0.
SCRIPT       : DATA_LOG | 731915 | aRapBi1cCZPZAGLIDny3dk3hQ8vTmNTLHRl8zxmKgQ0= | 7514.21 | 6.0149 | 3445.59 | 0.894801 | -0.446466 | 0 | SCARH_Black | 1 | 27.8784 | 3.46227 | 0 | 1 | 0 | 0 | 0 | 0 | 0 | 1 | camera | target | 0.894801 | 0 | -0.446466 | 0.
SCRIPT       : DATA_LOG | 731939 | b6Sjt2-RNGxcRaWm937lmzRlL1ZStO-GKN6nDlCMyV4= | 7516.93 | 6.01498 | 3444.06 | -0.993051 | 0.117689 | 0 | AugShort | 1 | 25.0328 | 4.03317 | 0 | 1 | 1 | 0 | 0 | 0 | 0 | 1 | camera | target | -0.993051 | -0 | 0.117689 | -0.
SCRIPT       : DATA_LOG | 732919 | aRapBi1cCZPZAGLIDny3dk3hQ8vTmNTLHRl8zxmKgQ0= | 7514.28 | 6.0149 | 3445.73 | 0.894801 | -0.446466 | 0 | SCARH_Black | 1 | 28.0767 | 3.46325 | 0 | 1 | 0 | 0 | 0 | 0 | 0 | 1 | camera | target | 0.894801 | 0 | -0.446466 | 0.
SCRIPT       : DATA_LOG | 732943 | b6Sjt2-RNGxcRaWm937lmzRlL1ZStO-GKN6nDlCMyV4= | 7516.93 | 6.01498 | 3444.06 | -0.840414 | 0.541945 | 0 | AugShort | 1 | 27.6169 | 3.46203 | 0 | 1 | 0 | 0 | 0 | 0 | 0 | 1 | camera | target | -0.840414 | -0 | 0.541945 | -0.
SCRIPT       : DATA_LOG | 733924 | aRapBi1cCZPZAGLIDny3dk3hQ8vTmNTLHRl8zxmKgQ0= | 7514.28 | 6.0149 | 3445.73 | 0.894801 | -0.446466 | 0 | SCARH_Black | 1 | 27.9186 | 3.36849 | 0 | 1 | 0 | 0 | 0 | 0 | 0 | 1 | camera | target | 0.894801 | 0 | -0.446466 | 0.
SCRIPT       : DATA_LOG | 733953 | b6Sjt2-RNGxcRaWm937lmzRlL1ZStO-GKN6nDlCMyV4= | 7516.93 | 6.01498 | 3444.06 | -0.85188 | 0.523737 | 1 | AugShort | 1 | 27.6474 | 3.45684 | 0 | 1 | 0 | 0 | 0 | 0 | 0 | 1 | camera | target | -0.85188 | -0 | 0.523737 | -0.85
SCRIPT       : DATA_LOG | 734922 | aRapBi1cCZPZAGLIDny3dk3hQ8vTmNTLHRl8zxmKgQ0= | 7514.28 | 6.0149 | 3445.73 | 0.894801 | -0.446466 | 0 | SCARH_Black | 1 | 33.0475 | 2.9646 | 0 | 1 | 0 | 0 | 0 | 0 | 0 | 1 | camera | target | 0.894801 | 0 | -0.446466 | 0.8
SCRIPT       : DATA_LOG | 734948 | b6Sjt2-RNGxcRaWm937lmzRlL1ZStO-GKN6nDlCMyV4= | 7516.75 | 6.01498 | 3445 | -0.842938 | -0.53801 | 0 | AugShort | 1 | 27.9832 | 4.02963 | 0 | 1 | 1 | 0 | 0 | 0 | 0 | 1 | camera | target | -0.842938 | 0 | -0.53801 | -0.8429
SCRIPT       : DATA_LOG | 735916 | aRapBi1cCZPZAGLIDny3dk3hQ8vTmNTLHRl8zxmKgQ0= | 7514.28 | 6.0149 | 3445.73 | 0.894801 | -0.446466 | 0 | SCARH_Black | 1 | 78.0484 | 1.94096 | 0 | 1 | 0 | 0 | 0 | 0 | 0 | 1 | camera | target | 0.894801 | 0 | -0.446466 | 0.
SCRIPT       : DATA_LOG | 735935 | b6Sjt2-RNGxcRaWm937lmzRlL1ZStO-GKN6nDlCMyV4= | 7515.16 | 6.01492 | 3446.63 | -0.356853 | -0.934161 | 0 | AugShort | 0 | 29.3597 | 3.70231 | 0 | 1 | 1 | 0 | 0 | 0 | 0 | 1 | camera | SurvivorM_Niki | -0.356853 | 0 | -0.934
SCRIPT       : DATA_LOG | 736926 | aRapBi1cCZPZAGLIDny3dk3hQ8vTmNTLHRl8zxmKgQ0= | 7514.8 | 6.01491 | 3445.27 | 0.953826 | -0.300359 | 0 | SCARH_Black | 1 | 91.6531 | 2.38931 | 0 | 1 | 0 | 0 | 0 | 0 | 0 | 1 | camera | target | 0.953826 | 0 | -0.300359 | 0.
SCRIPT       : DATA_LOG | 736953 | b6Sjt2-RNGxcRaWm937lmzRlL1ZStO-GKN6nDlCMyV4= | 7515.28 | 6.01491 | 3447.02 | -0.331452 | -0.943472 | 0 | AugShort | 1 | 27.1696 | 4.04943 | 0 | 1 | 1 | 0 | 0 | 0 | 0 | 1 | camera | target | -0.331452 | 0 | -0.943472 | -0
SCRIPT       : DATA_LOG | 737925 | aRapBi1cCZPZAGLIDny3dk3hQ8vTmNTLHRl8zxmKgQ0= | 7515.22 | 6.01496 | 3445.12 | 0.351996 | 0.936001 | 0 | SCARH_Black | 1 | 44.4289 | 2.46123 | 0 | 1 | 0 | 0 | 0 | 0 | 0 | 1 | camera | target | 0.351996 | 0 | 0.936001 | 0.3
SCRIPT       : DATA_LOG | 737950 | b6Sjt2-RNGxcRaWm937lmzRlL1ZStO-GKN6nDlCMyV4= | 7515.28 | 6.01491 | 3447.02 | -0.331452 | -0.943472 | 0 | AugShort | 1 | 27.1516 | 4.05435 | 0 | 1 | 1 | 0 | 0 | 0 | 0 | 1 | camera | target | -0.331452 | 0 | -0.943472 | -0
SCRIPT       : DATA_LOG | 738927 | aRapBi1cCZPZAGLIDny3dk3hQ8vTmNTLHRl8zxmKgQ0= | 7516.25 | 6.01499 | 3445.03 | -0.0369937 | 0.999316 | 0 | SCARH_Black | 1 | 42.9615 | 2.71201 | 0 | 1 | 0 | 0 | 0 | 0 | 0 | 1 | camera | target | -0.0369937 | 0 | 0.999316 |
SCRIPT       : DATA_LOG | 738948 | b6Sjt2-RNGxcRaWm937lmzRlL1ZStO-GKN6nDlCMyV4= | 7515.28 | 6.01491 | 3447.02 | -0.331452 | -0.943472 | 0 | AugShort | 1 | 27.1749 | 4.04724 | 0 | 1 | 1 | 0 | 0 | 0 | 0 | 1 | camera | target | -0.331452 | 0 | -0.943472 | -0
SCRIPT       : DATA_LOG | 739925 | aRapBi1cCZPZAGLIDny3dk3hQ8vTmNTLHRl8zxmKgQ0= | 7517.35 | 6.01497 | 3445.09 | -0.320902 | 0.947112 | 0 | SCARH_Black | 1 | 39.9709 | 3.21066 | 0 | 1 | 0 | 0 | 0 | 0 | 0 | 1 | camera | target | -0.320902 | 0 | 0.947112 | -
SCRIPT       : DATA_LOG | 739949 | b6Sjt2-RNGxcRaWm937lmzRlL1ZStO-GKN6nDlCMyV4= | 7515.28 | 6.01491 | 3447.02 | 0.861528 | -0.507709 | 0 | AugShort | 1 | 31.9819 | 3.22328 | 0 | 1 | 0 | 0 | 0 | 0 | 0 | 1 | camera | target | 0.861528 | 0 | -0.507709 | 0.86
SCRIPT       : DATA_LOG | 740938 | aRapBi1cCZPZAGLIDny3dk3hQ8vTmNTLHRl8zxmKgQ0= | 7517.42 | 6.01497 | 3445.32 | -0.535598 | 0.844473 | 0 | SCARH_Black | 1 | 38.1207 | 2.70438 | 0 | 1 | 0 | 0 | 0 | 0 | 0 | 1 | camera | target | -0.535598 | 0 | 0.844473 | -
SCRIPT       : DATA_LOG | 740976 | b6Sjt2-RNGxcRaWm937lmzRlL1ZStO-GKN6nDlCMyV4= | 7515.87 | 6.01489 | 3446.9 | 0.976919 | -0.21361 | 0 | AugShort | 1 | 47.5516 | 2.69136 | 0 | 1 | 0 | 0 | 0 | 0 | 0 | 1 | camera | target | 0.976919 | 0 | -0.21361 | 0.97691
SCRIPT       : DATA_LOG | 741933 | aRapBi1cCZPZAGLIDny3dk3hQ8vTmNTLHRl8zxmKgQ0= | 7517.42 | 6.01497 | 3445.33 | -0.535598 | 0.844473 | 0 | SCARH_Black | 1 | 38.2478 | 2.70014 | 0 | 1 | 0 | 0 | 0 | 0 | 0 | 1 | camera | target | -0.535598 | -0 | 0.844473 | 
SCRIPT       : DATA_LOG | 741960 | b6Sjt2-RNGxcRaWm937lmzRlL1ZStO-GKN6nDlCMyV4= | 7515.87 | 6.01489 | 3446.9 | 0.976919 | -0.21361 | 0 | AugShort | 1 | 47.682 | 2.70103 | 0 | 1 | 0 | 0 | 0 | 0 | 0 | 1 | camera | target | 0.976919 | 0 | -0.21361 | 0.976919
SCRIPT       : DATA_LOG | 742931 | aRapBi1cCZPZAGLIDny3dk3hQ8vTmNTLHRl8zxmKgQ0= | 7517.16 | 6.01497 | 3445.05 | -0.695208 | 0.718809 | 0 | SCARH_Black | 1 | 37.1366 | 2.73529 | 0 | 1 | 0 | 0 | 0 | 0 | 0 | 1 | camera | target | -0.695208 | -0 | 0.718809 | 
SCRIPT       : DATA_LOG | 742963 | b6Sjt2-RNGxcRaWm937lmzRlL1ZStO-GKN6nDlCMyV4= | 7515.87 | 6.01489 | 3446.9 | 0.976919 | -0.21361 | 0 | AugShort | 1 | 54.3511 | 2.63769 | 0 | 1 | 0 | 0 | 0 | 0 | 0 | 1 | camera | target | 0.976919 | 0 | -0.21361 | 0.97691
SCRIPT       : DATA_LOG | 743929 | aRapBi1cCZPZAGLIDny3dk3hQ8vTmNTLHRl8zxmKgQ0= | 7517.12 | 6.01497 | 3445.02 | -0.695208 | 0.718809 | 0 | SCARH_Black | 1 | 49.0737 | 2.13218 | 0 | 1 | 0 | 0 | 0 | 0 | 0 | 1 | camera | target | -0.695208 | -0 | 0.718809 | 
SCRIPT       : DATA_LOG | 743951 | b6Sjt2-RNGxcRaWm937lmzRlL1ZStO-GKN6nDlCMyV4= | 7516.08 | 6.01499 | 3446 | 0.966052 | 0.258347 | 0 | AugShort | 1 | 69.5346 | 2.13293 | 0 | 1 | 0 | 0 | 0 | 0 | 0 | 1 | camera | target | 0.966052 | 0 | 0.258347 | 0.966052 
SCRIPT       : DATA_LOG | 744936 | aRapBi1cCZPZAGLIDny3dk3hQ8vTmNTLHRl8zxmKgQ0= | 7517.12 | 6.01497 | 3445.02 | -0.695208 | 0.718809 | 0 | SCARH_Black | 1 | 48.4871 | 2.14987 | 0 | 1 | 0 | 0 | 0 | 0 | 0 | 1 | camera | target | -0.695208 | -0 | 0.718809 | 
SCRIPT       : DATA_LOG | 744963 | b6Sjt2-RNGxcRaWm937lmzRlL1ZStO-GKN6nDlCMyV4= | 7516.08 | 6.01499 | 3446 | 0.52338 | 0.852099 | 0 | AugShort | 1 | 97.3374 | 2.13179 | 0 | 1 | 0 | 0 | 0 | 0 | 0 | 1 | camera | target | 0.52338 | 0 | 0.852099 | 0.52338 | 0
SCRIPT       : DATA_LOG | 745931 | aRapBi1cCZPZAGLIDny3dk3hQ8vTmNTLHRl8zxmKgQ0= | 7517.12 | 6.01497 | 3445.02 | -0.695208 | 0.718809 | 0 | SCARH_Black | 1 | 48.538 | 2.14988 | 0 | 1 | 0 | 0 | 0 | 0 | 0 | 1 | camera | target | -0.695208 | -0 | 0.718809 | -
SCRIPT       : DATA_LOG | 745952 | b6Sjt2-RNGxcRaWm937lmzRlL1ZStO-GKN6nDlCMyV4= | 7516.08 | 6.01499 | 3446 | 0.523376 | 0.852102 | 0 | AugShort | 1 | 97.2921 | 2.12974 | 0 | 1 | 0 | 0 | 0 | 0 | 0 | 1 | camera | target | 0.523376 | 0 | 0.852102 | 0.523376 
SCRIPT       : DATA_LOG | 746938 | aRapBi1cCZPZAGLIDny3dk3hQ8vTmNTLHRl8zxmKgQ0= | 7517.12 | 6.01497 | 3445.02 | -0.695208 | 0.718809 | 0 | SCARH_Black | 1 | 44.0186 | 2.28567 | 0 | 1 | 0 | 0 | 0 | 0 | 0 | 1 | camera | target | -0.695208 | -0 | 0.718809 | 
SCRIPT       : DATA_LOG | 746965 | b6Sjt2-RNGxcRaWm937lmzRlL1ZStO-GKN6nDlCMyV4= | 7516.03 | 6.01499 | 3446.23 | 0.669761 | 0.742576 | 0 | AugShort | 1 | 93.9812 | 2.27229 | 0 | 1 | 0 | 0 | 0 | 0 | 0 | 1 | camera | target | 0.669761 | 0 | 0.742576 | 0.6697
SCRIPT       : DATA_LOG | 747939 | aRapBi1cCZPZAGLIDny3dk3hQ8vTmNTLHRl8zxmKgQ0= | 7516.86 | 6.01498 | 3445.27 | -0.730076 | 0.683366 | 0 | SCARH_Black | 1 | 46.54 | 3.01953 | 0 | 1 | 0 | 0 | 0 | 0 | 0 | 1 | camera | target | -0.730076 | 0 | 0.683366 | -0.
SCRIPT       : DATA_LOG | 747964 | b6Sjt2-RNGxcRaWm937lmzRlL1ZStO-GKN6nDlCMyV4= | 7516.34 | 6.01499 | 3447.8 | 0.885172 | -0.465264 | 0 | AugShort | 1 | 58.3546 | 2.98193 | 0 | 1 | 0 | 0 | 0 | 0 | 0 | 1 | camera | target | 0.885172 | 0 | -0.465264 | 0.885
SCRIPT       : DATA_LOG | 748946 | aRapBi1cCZPZAGLIDny3dk3hQ8vTmNTLHRl8zxmKgQ0= | 7513.88 | 6.01499 | 3446.4 | -0.727444 | 0.686168 | 0 | SCARH_Black | 1 | 105.411 | 3.2535 | 0 | 1 | 0 | 0 | 0 | 0 | 0 | 1 | camera | target | -0.727444 | 0 | 0.686168 | -0.
SCRIPT       : DATA_LOG | 748973 | b6Sjt2-RNGxcRaWm937lmzRlL1ZStO-GKN6nDlCMyV4= | 7516.34 | 6.01499 | 3447.8 | 0.885172 | -0.465264 | 0 | AugShort | 1 | 100.525 | 5.2279 | 0 | 1 | 1 | 0 | 0 | 0 | 0 | 1 | camera | target | 0.885172 | 0 | -0.465264 | 0.8851
SCRIPT       : DATA_LOG | 749938 | aRapBi1cCZPZAGLIDny3dk3hQ8vTmNTLHRl8zxmKgQ0= | 7510.99 | 6.01497 | 3447.8 | 0.979412 | 0.201869 | 0 | SCARH_Black | 1 | 20.2742 | 5.56419 | 0 | 1 | 0 | 0 | 0 | 0 | 0 | 1 | camera | target | 0.979412 | 0 | 0.201869 | 0.97
SCRIPT       : DATA_LOG | 749966 | b6Sjt2-RNGxcRaWm937lmzRlL1ZStO-GKN6nDlCMyV4= | 7516.34 | 6.01499 | 3447.8 | -0.759219 | -0.650835 | 0 | AugShort | 1 | 20.7613 | 5.23994 | 0 | 1 | 1 | 0 | 0 | 0 | 0 | 1 | camera | target | -0.759219 | 0 | -0.650835 | -0.
SCRIPT       : DATA_LOG | 750946 | aRapBi1cCZPZAGLIDny3dk3hQ8vTmNTLHRl8zxmKgQ0= | 7508.63 | 6.18292 | 3449.77 | -0.0809923 | -0.996715 | 0 | SCARH_Black | 1 | 43.9712 | 7.56762 | 0 | 1 | 1 | 0 | 0 | 0 | 0 | 1 | camera | target | -0.0809923 | 0 | -0.996715
SCRIPT       : DATA_LOG | 750976 | b6Sjt2-RNGxcRaWm937lmzRlL1ZStO-GKN6nDlCMyV4= | 7515.52 | 6.01489 | 3447.64 | -0.982978 | -0.183722 | 0 | AugShort | 1 | 29.8019 | 7.31222 | 0 | 1 | 0 | 0 | 0 | 0 | 0 | 1 | camera | none | -0.982978 | 0 | -0.183722 | -0.9
SCRIPT       : DATA_LOG | 751943 | aRapBi1cCZPZAGLIDny3dk3hQ8vTmNTLHRl8zxmKgQ0= | 7506.65 | 6.015 | 3451.47 | 0.645634 | -0.763647 | 0 | SCARH_Black | 1 | 9.18423 | 10.1351 | 0 | 1 | 1 | 0 | 0 | 0 | 0 | 1 | camera | target | 0.645634 | 0 | -0.763647 | 0.6
SCRIPT       : DATA_LOG | 751969 | b6Sjt2-RNGxcRaWm937lmzRlL1ZStO-GKN6nDlCMyV4= | 7516.45 | 6.01499 | 3445.18 | -0.939564 | -0.342374 | 0 | AugShort | 1 | 25.0065 | 3.81651 | 0 | 1 | 1 | 0 | 0 | 0 | 0 | 1 | camera | target | -0.939564 | 0 | -0.342374 | -0
SCRIPT       : DATA_LOG | 752945 | aRapBi1cCZPZAGLIDny3dk3hQ8vTmNTLHRl8zxmKgQ0= | 7505.98 | 6.01499 | 3452.52 | 0.845646 | -0.533745 | 0 | SCARH_Black | 1 | 9.37012 | 14.3242 | 0 | 1 | 0 | 0 | 0 | 0 | 0 | 1 | camera | target | 0.845646 | 0 | -0.533745 | 0
SCRIPT       : DATA_LOG | 752970 | b6Sjt2-RNGxcRaWm937lmzRlL1ZStO-GKN6nDlCMyV4= | 7517.05 | 6.01495 | 3443.54 | -0.976512 | 0.215462 | 0 | AugShort | 1 | 23.6566 | 4.16229 | 0 | 1 | 1 | 0 | 0 | 0 | 0 | 1 | camera | target | -0.976512 | -0 | 0.215462 | -0.
SCRIPT       : DATA_LOG | 753944 | aRapBi1cCZPZAGLIDny3dk3hQ8vTmNTLHRl8zxmKgQ0= | 7505.26 | 6.01499 | 3451.4 | 0.845658 | -0.533726 | 0 | SCARH_Black | 0 | 11.7539 | 15.566 | 0 | 1 | 0 | 0 | 0 | 0 | 0 | 1 | camera | SurvivorM_Mirek | 0.845658 | 0 | -0.533
SCRIPT       : DATA_LOG | 753965 | b6Sjt2-RNGxcRaWm937lmzRlL1ZStO-GKN6nDlCMyV4= | 7516.82 | 6.01499 | 3440.87 | -0.868776 | 0.495205 | 0 | AugShort | 0 | 13.8544 | 15.4947 | 0 | 1 | 0 | 0 | 0 | 0 | 0 | 1 | camera | SurvivorM_Mirek | -0.868776 | 0 | 0.4952
SCRIPT       : DATA_LOG | 754954 | aRapBi1cCZPZAGLIDny3dk3hQ8vTmNTLHRl8zxmKgQ0= | 7505.27 | 6.01498 | 3451.9 | 0.452346 | -0.891843 | 0 | SCARH_Black | 0 | 17.7727 | 17.6104 | 0 | 1 | 0 | 0 | 0 | 0 | 0 | 1 | camera | SurvivorM_Mirek | 0.452346 | 0 | -0.89
SCRIPT       : DATA_LOG | 754986 | b6Sjt2-RNGxcRaWm937lmzRlL1ZStO-GKN6nDlCMyV4= | 7517.44 | 6.01497 | 3439.24 | -0.868773 | 0.49521 | 0 | AugShort | 0 | 17.1524 | 17.607 | 0 | 1 | 0 | 0 | 0 | 0 | 0 | 1 | camera | SurvivorM_Mirek | -0.868773 | -0 | 0.49521
SCRIPT       : DATA_LOG | 755947 | aRapBi1cCZPZAGLIDny3dk3hQ8vTmNTLHRl8zxmKgQ0= | 7505.27 | 6.01498 | 3451.9 | 0.452346 | -0.891843 | 0 | SCARH_Black | 0 | 17.7749 | 17.6145 | 0 | 1 | 0 | 0 | 0 | 0 | 0 | 1 | camera | SurvivorM_Mirek | 0.452346 | 0 | -0.89
SCRIPT       : DATA_LOG | 755972 | b6Sjt2-RNGxcRaWm937lmzRlL1ZStO-GKN6nDlCMyV4= | 7517.44 | 6.01497 | 3439.24 | -0.868773 | 0.49521 | 0 | AugShort | 0 | 17.1581 | 17.6096 | 0 | 1 | 0 | 0 | 0 | 0 | 0 | 1 | camera | SurvivorM_Mirek | -0.868773 | -0 | 0.4952
SCRIPT       : DATA_LOG | 756956 | aRapBi1cCZPZAGLIDny3dk3hQ8vTmNTLHRl8zxmKgQ0= | 7505.27 | 6.01498 | 3451.9 | 0.452346 | -0.891843 | 0 | SCARH_Black | 1 | 14.4592 | 19.9192 | 0 | 1 | 0 | 0 | 0 | 0 | 0 | 1 | camera | target | 0.452346 | 0 | -0.891843 | 0.
SCRIPT       : DATA_LOG | 756986 | b6Sjt2-RNGxcRaWm937lmzRlL1ZStO-GKN6nDlCMyV4= | 7518.34 | 6.01498 | 3436.79 | -0.868773 | 0.49521 | 0 | AugShort | 1 | 19.9029 | 20.0136 | 0 | 1 | 0 | 0 | 0 | 0 | 0 | 1 | camera | target | -0.868773 | 0 | 0.49521 | -0.868
SCRIPT       : DATA_LOG | 757949 | aRapBi1cCZPZAGLIDny3dk3hQ8vTmNTLHRl8zxmKgQ0= | 7505.27 | 6.01498 | 3451.9 | 0.452346 | -0.891843 | 0 | SCARH_Black | 1 | 13.794 | 22.9622 | 0 | 1 | 0 | 0 | 0 | 0 | 0 | 1 | camera | target | 0.452346 | 0 | -0.891843 | 0.4
SCRIPT       : DATA_LOG | 757969 | b6Sjt2-RNGxcRaWm937lmzRlL1ZStO-GKN6nDlCMyV4= | 7520.19 | 6.01556 | 3434.55 | -0.837408 | -0.546579 | 0 | AugShort | 1 | 82.3823 | 22.9141 | 0 | 1 | 0 | 0 | 0 | 0 | 0 | 1 | camera | target | -0.837408 | 0 | -0.546579 | -0
SCRIPT       : DATA_LOG | 758956 | aRapBi1cCZPZAGLIDny3dk3hQ8vTmNTLHRl8zxmKgQ0= | 7505.27 | 6.01498 | 3451.9 | 0.452346 | -0.891843 | 0 | SCARH_Black | 1 | 8.41972 | 24.4876 | 0 | 1 | 0 | 0 | 0 | 0 | 0 | 1 | camera | target | 0.452346 | 0 | -0.891843 | 0.
SCRIPT       : DATA_LOG | 758981 | b6Sjt2-RNGxcRaWm937lmzRlL1ZStO-GKN6nDlCMyV4= | 7519.2 | 6.01928 | 3431.76 | -0.731216 | -0.682145 | 0 | AugShort | 1 | 98.257 | 24.5127 | 0 | 1 | 0 | 0 | 0 | 0 | 0 | 1 | camera | target | -0.731216 | 0 | -0.682145 | -0.7
SCRIPT       : DATA_LOG | 759957 | aRapBi1cCZPZAGLIDny3dk3hQ8vTmNTLHRl8zxmKgQ0= | 7505.27 | 6.01498 | 3451.9 | 0.452346 | -0.891843 | 0 | SCARH_Black | 1 | 3.87747 | 24.2929 | 0 | 1 | 0 | 1 | 0 | 0 | 0 | 1 | camera | target | 0.452346 | 0 | -0.891843 | 0.
SCRIPT       : DATA_LOG | 759984 | b6Sjt2-RNGxcRaWm937lmzRlL1ZStO-GKN6nDlCMyV4= | 7515.96 | 6.02142 | 3430.14 | -0.926823 | -0.375499 | 0 | AugShort | 1 | 85.8525 | 24.2609 | 0 | 1 | 0 | 0 | 0 | 0 | 0 | 1 | camera | target | -0.926823 | 0 | -0.375499 | -0
SCRIPT       : DATA_LOG | 760958 | aRapBi1cCZPZAGLIDny3dk3hQ8vTmNTLHRl8zxmKgQ0= | 7505.27 | 6.01498 | 3451.9 | 0.452346 | -0.891843 | 0 | SCARH_Black | 1 | 9.92297 | 25.0444 | 0 | 1 | 0 | 0 | 0 | 0 | 0 | 1 | camera | target | 0.452346 | 0 | -0.891843 | 0.
SCRIPT       : DATA_LOG | 760985 | b6Sjt2-RNGxcRaWm937lmzRlL1ZStO-GKN6nDlCMyV4= | 7513 | 6.02231 | 3428.09 | -0.99817 | 0.0604774 | 0 | AugShort | 1 | 68.5619 | 25.0462 | 0 | 1 | 0 | 0 | 0 | 0 | 0 | 1 | camera | target | -0.99817 | 0 | 0.0604774 | -0.9981
SCRIPT       : DATA_LOG | 761954 | aRapBi1cCZPZAGLIDny3dk3hQ8vTmNTLHRl8zxmKgQ0= | 7505.27 | 6.01498 | 3451.9 | 0.452346 | -0.891843 | 0 | SCARH_Black | 1 | 16.9983 | 25.2717 | 0 | 1 | 0 | 0 | 0 | 0 | 0 | 1 | camera | target | 0.452346 | 0 | -0.891843 | 0.
SCRIPT       : DATA_LOG | 761979 | b6Sjt2-RNGxcRaWm937lmzRlL1ZStO-GKN6nDlCMyV4= | 7509.84 | 6.01801 | 3427.06 | -0.998153 | 0.0607471 | 0 | AugShort | 1 | 76.1009 | 25.2658 | 0 | 1 | 0 | 0 | 0 | 0 | 0 | 1 | camera | target | -0.998153 | 0 | 0.0607471 | -0
SCRIPT       : DATA_LOG | 762954 | aRapBi1cCZPZAGLIDny3dk3hQ8vTmNTLHRl8zxmKgQ0= | 7505.27 | 6.01498 | 3451.9 | 0.452346 | -0.891843 | 0 | SCARH_Black | 1 | 19.7503 | 11.3793 | 0 | 1 | 1 | 0 | 0 | 0 | 0 | 1 | camera | target | 0.452346 | 0 | -0.891843 | 0.
SCRIPT       : DATA_LOG | 762974 | b6Sjt2-RNGxcRaWm937lmzRlL1ZStO-GKN6nDlCMyV4= | 7506.39 | 6.01663 | 3426.26 | -0.896407 | -0.443233 | 0 | AugShort | 1 | 113.756 | 25.6679 | 0 | 1 | 0 | 0 | 0 | 0 | 0 | 1 | camera | target | -0.896407 | 0 | -0.443233 | -0
SCRIPT       : DATA_LOG | 763950 | aRapBi1cCZPZAGLIDny3dk3hQ8vTmNTLHRl8zxmKgQ0= | 7505.27 | 6.01498 | 3451.9 | 0.452346 | -0.891843 | 0 | SCARH_Black | 1 | 19.6662 | 11.3888 | 0 | 1 | 1 | 0 | 0 | 0 | 0 | 1 | camera | target | 0.452346 | 0 | -0.891843 | 0.
SCRIPT       : DATA_LOG | 764152 | b6Sjt2-RNGxcRaWm937lmzRlL1ZStO-GKN6nDlCMyV4= | 7503.03 | 6.01849 | 3424.82 | -0.922214 | -0.38668 | 0 | AugShort | 1 | 117.421 | 27.1763 | 0 | 1 | 0 | 0 | 0 | 0 | 0 | 1 | camera | target | -0.922214 | 0 | -0.38668 | -0.9
SCRIPT       : DATA_LOG | 764954 | aRapBi1cCZPZAGLIDny3dk3hQ8vTmNTLHRl8zxmKgQ0= | 7505.27 | 6.01498 | 3451.9 | 0.452346 | -0.891843 | 0 | SCARH_Black | 1 | 19.7293 | 11.382 | 0 | 1 | 1 | 0 | 0 | 0 | 0 | 1 | camera | target | 0.452346 | 0 | -0.891843 | 0.4
SCRIPT       : DATA_LOG | 764974 | b6Sjt2-RNGxcRaWm937lmzRlL1ZStO-GKN6nDlCMyV4= | 7499.66 | 6.0259 | 3423.41 | -0.922214 | -0.38668 | 0 | AugShort | 1 | 123.837 | 29.0406 | 0 | 1 | 0 | 0 | 0 | 0 | 0 | 1 | camera | target | -0.922214 | 0 | -0.38668 | -0.92
SCRIPT       : DATA_LOG | 765958 | aRapBi1cCZPZAGLIDny3dk3hQ8vTmNTLHRl8zxmKgQ0= | 7505.27 | 6.01498 | 3451.9 | 0.414001 | -0.910277 | 0 | SCARH_Black | 1 | 21.9513 | 11.3837 | 0 | 1 | 1 | 0 | 0 | 0 | 0 | 1 | camera | target | 0.414001 | 0 | -0.910277 | 0.
SCRIPT       : DATA_LOG | 765978 | b6Sjt2-RNGxcRaWm937lmzRlL1ZStO-GKN6nDlCMyV4= | 7496.29 | 6.02964 | 3422 | -0.922297 | -0.386483 | 0 | AugShort | 1 | 129.361 | 31.2169 | 0 | 1 | 0 | 0 | 0 | 0 | 0 | 1 | camera | none | -0.922297 | 0 | -0.386483 | -0.9222
SCRIPT       : DATA_LOG | 766958 | aRapBi1cCZPZAGLIDny3dk3hQ8vTmNTLHRl8zxmKgQ0= | 7503.93 | 6.01494 | 3453.87 | -0.875697 | 0.482862 | 0 | SCARH_Black | 1 | 100.514 | 35.1734 | 0 | 1 | 0 | 0 | 0 | 0 | 0 | 1 | camera | target | -0.875697 | 0 | 0.482862 | -
SCRIPT       : DATA_LOG | 766986 | b6Sjt2-RNGxcRaWm937lmzRlL1ZStO-GKN6nDlCMyV4= | 7492.94 | 6.03353 | 3420.55 | -0.91296 | -0.408048 | 0 | AugShort | 1 | 131.926 | 35.1824 | 0 | 1 | 0 | 0 | 0 | 0 | 0 | 1 | camera | target | -0.91296 | 0 | -0.408048 | -0.9
SCRIPT       : DATA_LOG | 767959 | aRapBi1cCZPZAGLIDny3dk3hQ8vTmNTLHRl8zxmKgQ0= | 7500.32 | 6.01498 | 3459.04 | -0.757835 | 0.652446 | 0 | SCARH_Black | 0 | 114.058 | 42.3765 | 0 | 1 | 0 | 0 | 0 | 0 | 0 | 1 | camera |  | -0.757835 | 0 | 0.652446 | -0.7578
SCRIPT       : DATA_LOG | 767982 | b6Sjt2-RNGxcRaWm937lmzRlL1ZStO-GKN6nDlCMyV4= | 7488.49 | 6.03876 | 3418.56 | -0.912686 | -0.408661 | 0 | AugShort | 0 | 129.925 | 42.3368 | 0 | 1 | 0 | 0 | 0 | 0 | 0 | 1 | camera |  | -0.912686 | 0 | -0.408661 | -0.91268
SCRIPT       : DATA_LOG | 768959 | aRapBi1cCZPZAGLIDny3dk3hQ8vTmNTLHRl8zxmKgQ0= | 7495.51 | 6.02094 | 3463.7 | -0.814117 | 0.580701 | 0 | SCARH_Black | 1 | 110.682 | 48.4601 | 0 | 1 | 0 | 0 | 0 | 0 | 0 | 1 | camera | none | -0.814117 | 0 | 0.580701 | -0.8
SCRIPT       : DATA_LOG | 768980 | b6Sjt2-RNGxcRaWm937lmzRlL1ZStO-GKN6nDlCMyV4= | 7483.2 | 6.04357 | 3416.76 | -0.417999 | 0.908448 | 0 | AugShort | 1 | 39.0542 | 48.6792 | 0 | 1 | 0 | 0 | 0 | 0 | 0 | 1 | camera | none | -0.417999 | 0 | 0.908448 | -0.4179
SCRIPT       : DATA_LOG | 769961 | aRapBi1cCZPZAGLIDny3dk3hQ8vTmNTLHRl8zxmKgQ0= | 7490.8 | 6.02498 | 3468.78 | -0.814158 | 0.580643 | 0 | SCARH_Black | 1 | 114.198 | 52.8683 | 0 | 1 | 0 | 0 | 0 | 0 | 0 | 1 | camera | none | -0.814158 | 0 | 0.580643 | -0.8
SCRIPT       : DATA_LOG | 769984 | b6Sjt2-RNGxcRaWm937lmzRlL1ZStO-GKN6nDlCMyV4= | 7480.43 | 6.04324 | 3416.89 | -0.0729775 | 0.997334 | 1 | AugShort | 1 | 15.184 | 53.0948 | 0 | 1 | 0 | 0 | 0 | 0 | 0 | 1 | camera | none | -0.0729775 | -0 | 0.997334 | -0.0
SCRIPT       : DATA_LOG | 770968 | aRapBi1cCZPZAGLIDny3dk3hQ8vTmNTLHRl8zxmKgQ0= | 7485.68 | 6.02499 | 3473.08 | -0.882839 | 0.469676 | 0 | SCARH_Black | 1 | 112.777 | 56.3512 | 0 | 1 | 0 | 0 | 0 | 0 | 0 | 1 | camera | target | -0.882839 | 0 | 0.469676 | -
SCRIPT       : DATA_LOG | 770996 | b6Sjt2-RNGxcRaWm937lmzRlL1ZStO-GKN6nDlCMyV4= | 7480.43 | 6.04324 | 3416.89 | -0.0729775 | 0.997334 | 1 | AugShort | 1 | 9.22571 | 56.6239 | 0 | 1 | 0 | 0 | 0 | 0 | 0 | 1 | camera | none | -0.0729775 | -0 | 0.997334 | -0.
SCRIPT       : DATA_LOG | 772073 | aRapBi1cCZPZAGLIDny3dk3hQ8vTmNTLHRl8zxmKgQ0= | 7480.53 | 6.02495 | 3477 | -0.884662 | 0.466233 | 0 | SCARH_Black | 1 | 117.785 | 60.0156 | 0 | 1 | 0 | 0 | 0 | 0 | 0 | 1 | camera | target | -0.884662 | 0 | 0.466233 | -0.8
SCRIPT       : DATA_LOG | 772101 | b6Sjt2-RNGxcRaWm937lmzRlL1ZStO-GKN6nDlCMyV4= | 7480.43 | 6.04324 | 3416.89 | -0.0729775 | 0.997334 | 1 | AugShort | 1 | 4.21454 | 60.3439 | 0 | 1 | 0 | 1 | 0 | 0 | 0 | 1 | camera | target | -0.0729775 | -0 | 0.997334 | -
SCRIPT       : DATA_LOG | 772973 | aRapBi1cCZPZAGLIDny3dk3hQ8vTmNTLHRl8zxmKgQ0= | 7476.41 | 6.02487 | 3480.08 | -0.102066 | -0.994778 | 0 | SCARH_Black | 1 | 8.10554 | 62.5786 | 0 | 1 | 0 | 0 | 0 | 0 | 0 | 1 | camera | none | -0.102066 | 0 | -0.994778 | -
SCRIPT       : DATA_LOG | 773005 | b6Sjt2-RNGxcRaWm937lmzRlL1ZStO-GKN6nDlCMyV4= | 7478.8 | 6.04201 | 3417.37 | 0.0767361 | 0.997051 | 0 | AugShort | 1 | 6.70882 | 62.5614 | 0 | 1 | 0 | 0 | 0 | 0 | 0 | 1 | camera | none | 0.0767361 | 0 | 0.997051 | 0.07673
SCRIPT       : DATA_LOG | 773967 | aRapBi1cCZPZAGLIDny3dk3hQ8vTmNTLHRl8zxmKgQ0= | 7473.78 | 6.02497 | 3482.15 | -0.999876 | -0.0157248 | 0 | SCARH_Black | 1 | 90.6113 | 64.5984 | 0 | 1 | 0 | 0 | 0 | 0 | 0 | 1 | camera | none | -0.999876 | 0 | -0.0157248 |
SCRIPT       : DATA_LOG | 773992 | b6Sjt2-RNGxcRaWm937lmzRlL1ZStO-GKN6nDlCMyV4= | 7475.6 | 6.03933 | 3417.42 | -0.0386489 | 0.999253 | 0 | AugShort | 1 | 1.39648 | 64.8288 | 0 | 1 | 0 | 1 | 0 | 0 | 0 | 1 | camera | target | -0.0386489 | 0 | 0.999253 | -0.
SCRIPT       : DATA_LOG | 774966 | aRapBi1cCZPZAGLIDny3dk3hQ8vTmNTLHRl8zxmKgQ0= | 7471.19 | 6.02487 | 3487.35 | -0.902454 | 0.430787 | 0 | SCARH_Black | 1 | 117.065 | 71.5207 | 0 | 1 | 0 | 0 | 0 | 0 | 0 | 1 | camera | target | -0.902454 | 0 | 0.430787 | -
SCRIPT       : DATA_LOG | 774987 | b6Sjt2-RNGxcRaWm937lmzRlL1ZStO-GKN6nDlCMyV4= | 7473.15 | 6.04056 | 3415.73 | -0.0814936 | 0.996674 | 0 | AugShort | 1 | 3.12054 | 71.964 | 0 | 1 | 0 | 1 | 0 | 0 | 0 | 1 | camera | target | -0.0814936 | 0 | 0.996674 | -0.
SCRIPT       : DATA_LOG | 775970 | aRapBi1cCZPZAGLIDny3dk3hQ8vTmNTLHRl8zxmKgQ0= | 7466.73 | 6.02496 | 3492.46 | -0.903522 | 0.428541 | 0 | SCARH_Black | 1 | 118.262 | 78.3392 | 0 | 1 | 0 | 0 | 0 | 0 | 0 | 1 | camera | none | -0.903522 | 0 | 0.428541 | -0.
SCRIPT       : DATA_LOG | 775991 | b6Sjt2-RNGxcRaWm937lmzRlL1ZStO-GKN6nDlCMyV4= | 7470.85 | 6.04186 | 3414.09 | -0.241593 | 0.970378 | 0 | AugShort | 1 | 10.8116 | 78.7107 | 0 | 1 | 0 | 0 | 0 | 0 | 0 | 1 | camera | target | -0.241593 | 0 | 0.970378 | -0.2
SCRIPT       : DATA_LOG | 776977 | aRapBi1cCZPZAGLIDny3dk3hQ8vTmNTLHRl8zxmKgQ0= | 7461.36 | 6.02499 | 3496.47 | -0.917716 | 0.397238 | 0 | SCARH_Black | 1 | 118.728 | 83.0674 | 0 | 1 | 0 | 0 | 0 | 0 | 0 | 1 | camera | target | -0.917716 | 0 | 0.397238 | -
SCRIPT       : DATA_LOG | 777009 | b6Sjt2-RNGxcRaWm937lmzRlL1ZStO-GKN6nDlCMyV4= | 7468.97 | 6.04189 | 3413.66 | -0.176459 | 0.984308 | 1 | AugShort | 1 | 4.78172 | 83.3806 | 0 | 1 | 0 | 1 | 0 | 0 | 0 | 1 | camera | none | -0.176459 | -0 | 0.984308 | -0.17
SCRIPT       : DATA_LOG | 777976 | aRapBi1cCZPZAGLIDny3dk3hQ8vTmNTLHRl8zxmKgQ0= | 7455.39 | 6.02492 | 3498.96 | -0.926977 | 0.375119 | 0 | SCARH_Black | 1 | 121.06 | 86.2504 | 0 | 1 | 0 | 0 | 0 | 0 | 0 | 1 | camera | target | -0.926977 | 0 | 0.375119 | -0
SCRIPT       : DATA_LOG | 778007 | b6Sjt2-RNGxcRaWm937lmzRlL1ZStO-GKN6nDlCMyV4= | 7468.95 | 6.04191 | 3413.66 | -0.318949 | 0.947772 | 0 | AugShort | 1 | 9.50134 | 86.5067 | 0 | 1 | 0 | 0 | 0 | 0 | 0 | 1 | camera | target | -0.318949 | 0 | 0.947772 | -0.3
SCRIPT       : DATA_LOG | 778980 | aRapBi1cCZPZAGLIDny3dk3hQ8vTmNTLHRl8zxmKgQ0= | 7452.38 | 6.02498 | 3500.54 | -0.678072 | -0.734996 | 0 | SCARH_Black | 1 | 51.8147 | 89.9191 | 0 | 1 | 0 | 0 | 0 | 0 | 0 | 1 | camera | target | -0.678072 | 0 | -0.734996 |
SCRIPT       : DATA_LOG | 779010 | b6Sjt2-RNGxcRaWm937lmzRlL1ZStO-GKN6nDlCMyV4= | 7466.75 | 6.05018 | 3411.86 | -0.879175 | -0.4765 | 0 | AugShort | 0 | 109.14 | 89.7382 | 0 | 1 | 0 | 0 | 0 | 0 | 0 | 1 | camera |  | -0.879175 | 0 | -0.4765 | -0.879175 | 0
SCRIPT       : DATA_LOG | 779976 | aRapBi1cCZPZAGLIDny3dk3hQ8vTmNTLHRl8zxmKgQ0= | 7449.41 | 6.02499 | 3500.91 | 0.0401093 | -0.999195 | 0 | SCARH_Black | 1 | 7.33556 | 92.8384 | 0 | 1 | 0 | 0 | 0 | 0 | 0 | 1 | camera | none | 0.0401093 | 0 | -0.999195 | 0
SCRIPT       : DATA_LOG | 780002 | b6Sjt2-RNGxcRaWm937lmzRlL1ZStO-GKN6nDlCMyV4= | 7464.92 | 6.05497 | 3409.2 | -0.15386 | 0.988093 | 0 | AugShort | 0 | 1.21321 | 92.814 | 0 | 1 | 0 | 1 | 0 | 0 | 0 | 1 | camera |  | -0.15386 | 0 | 0.988093 | -0.15386 | 0 |
SCRIPT       : DATA_LOG | 780980 | aRapBi1cCZPZAGLIDny3dk3hQ8vTmNTLHRl8zxmKgQ0= | 7446.6 | 6.02499 | 3501.94 | -0.801843 | -0.597536 | 0 | SCARH_Black | 1 | 63.0185 | 96.4468 | 0 | 1 | 0 | 0 | 0 | 0 | 0 | 1 | camera | target | -0.801843 | 0 | -0.597536 | 
SCRIPT       : DATA_LOG | 781008 | b6Sjt2-RNGxcRaWm937lmzRlL1ZStO-GKN6nDlCMyV4= | 7462.9 | 6.05497 | 3406.74 | -0.0960235 | 0.995379 | 0 | AugShort | 0 | 4.35343 | 96.4806 | 0 | 1 | 0 | 1 | 0 | 0 | 0 | 1 | camera |  | -0.0960235 | 0 | 0.995379 | -0.096023
SCRIPT       : DATA_LOG | 782031 | aRapBi1cCZPZAGLIDny3dk3hQ8vTmNTLHRl8zxmKgQ0= | 7443.18 | 6.02497 | 3504.59 | -0.784755 | 0.619807 | 0 | SCARH_Black | 1 | 138.093 | 100.647 | 0 | 1 | 0 | 0 | 0 | 0 | 0 | 1 | camera | none | -0.784755 | 0 | 0.619807 | -0.
SCRIPT       : DATA_LOG | 782054 | b6Sjt2-RNGxcRaWm937lmzRlL1ZStO-GKN6nDlCMyV4= | 7460.45 | 6.05489 | 3405.26 | -0.0960247 | 0.995379 | 0 | AugShort | 1 | 4.54907 | 101.083 | 0 | 1 | 0 | 1 | 0 | 0 | 0 | 1 | camera | target | -0.0960247 | 0 | 0.995379 | -0
SCRIPT       : DATA_LOG | 782989 | aRapBi1cCZPZAGLIDny3dk3hQ8vTmNTLHRl8zxmKgQ0= | 7437.95 | 6.02498 | 3508.44 | -0.751081 | 0.66021 | 0 | SCARH_Black | 1 | 141.894 | 105.794 | 0 | 1 | 0 | 0 | 0 | 0 | 0 | 1 | camera | none | -0.751081 | 0 | 0.66021 | -0.75
SCRIPT       : DATA_LOG | 783015 | b6Sjt2-RNGxcRaWm937lmzRlL1ZStO-GKN6nDlCMyV4= | 7457.59 | 6.0549 | 3404.51 | -0.991219 | 0.132234 | 0 | AugShort | 1 | 71.562 | 106.081 | 0 | 1 | 0 | 0 | 0 | 0 | 0 | 1 | camera | target | -0.991219 | 0 | 0.132234 | -0.991
SCRIPT       : DATA_LOG | 783978 | aRapBi1cCZPZAGLIDny3dk3hQ8vTmNTLHRl8zxmKgQ0= | 7433.01 | 6.02099 | 3512.96 | -0.722482 | 0.69139 | 0 | SCARH_Black | 1 | 145.022 | 113.429 | 0 | 1 | 0 | 0 | 0 | 0 | 0 | 1 | camera | target | -0.722482 | 0 | 0.69139 | -0.
SCRIPT       : DATA_LOG | 784001 | b6Sjt2-RNGxcRaWm937lmzRlL1ZStO-GKN6nDlCMyV4= | 7455.29 | 6.05492 | 3401.78 | -0.530601 | -0.847622 | 0 | AugShort | 1 | 136.519 | 113.725 | 0 | 1 | 0 | 0 | 0 | 0 | 0 | 1 | camera | target | -0.530601 | 0 | -0.847622 | -0
SCRIPT       : DATA_LOG | 784979 | aRapBi1cCZPZAGLIDny3dk3hQ8vTmNTLHRl8zxmKgQ0= | 7428.42 | 6.01521 | 3517.3 | -0.999992 | 0.00395741 | 0 | SCARH_Black | 0 | 102.114 | 120.687 | 0 | 1 | 0 | 0 | 0 | 0 | 0 | 1 | camera |  | -0.999992 | 0 | 0.00395741 | -0.9
SCRIPT       : DATA_LOG | 785004 | b6Sjt2-RNGxcRaWm937lmzRlL1ZStO-GKN6nDlCMyV4= | 7453.38 | 6.05499 | 3399.21 | -0.999963 | -0.00862763 | 0 | AugShort | 0 | 78.4073 | 120.818 | 0 | 1 | 0 | 0 | 0 | 0 | 0 | 1 | camera |  | -0.999963 | 0 | -0.00862763 | -0.9
SCRIPT       : DATA_LOG | 785988 | aRapBi1cCZPZAGLIDny3dk3hQ8vTmNTLHRl8zxmKgQ0= | 7422.74 | 6.04501 | 3520.19 | -0.813608 | 0.581414 | 0 | SCARH_Black | 1 | 140.532 | 121.353 | 0 | 1 | 0 | 0 | 0 | 0 | 0 | 1 | camera | none | -0.813608 | 0 | 0.581414 | -0.
SCRIPT       : DATA_LOG | 786020 | b6Sjt2-RNGxcRaWm937lmzRlL1ZStO-GKN6nDlCMyV4= | 7454.06 | 6.05494 | 3402.64 | -0.222425 | 0.97495 | 0 | AugShort | 1 | 2.2536 | 121.977 | 0 | 1 | 0 | 1 | 0 | 0 | 0 | 1 | camera | target | -0.222425 | 0 | 0.97495 | -0.2224
SCRIPT       : DATA_LOG | 786987 | aRapBi1cCZPZAGLIDny3dk3hQ8vTmNTLHRl8zxmKgQ0= | 7417.39 | 6.11862 | 3523.77 | -0.900035 | 0.435817 | 0 | SCARH_Black | 1 | 134.886 | 122.602 | 0 | 1 | 0 | 0 | 0 | 0 | 0 | 1 | camera | none | -0.900035 | 0 | 0.435817 | -0.
SCRIPT       : DATA_LOG | 787009 | b6Sjt2-RNGxcRaWm937lmzRlL1ZStO-GKN6nDlCMyV4= | 7457.39 | 6.05497 | 3407.69 | -0.198494 | 0.980102 | 0 | AugShort | 1 | 7.68079 | 123.003 | 0 | 1 | 0 | 0 | 0 | 0 | 0 | 1 | camera | target | -0.198494 | 0 | 0.980102 | -0.1
SCRIPT       : DATA_LOG | 787985 | aRapBi1cCZPZAGLIDny3dk3hQ8vTmNTLHRl8zxmKgQ0= | 7414.28 | 6.21857 | 3525.32 | -0.900679 | 0.434485 | 0 | SCARH_Black | 1 | 136.261 | 121.756 | 0 | 1 | 0 | 0 | 0 | 0 | 0 | 1 | camera | target | -0.900679 | 0 | 0.434485 | -
SCRIPT       : DATA_LOG | 788011 | b6Sjt2-RNGxcRaWm937lmzRlL1ZStO-GKN6nDlCMyV4= | 7457.01 | 6.05499 | 3411.23 | -0.742954 | 0.669342 | 0 | AugShort | 1 | 27.4361 | 121.906 | 0 | 1 | 0 | 0 | 0 | 0 | 0 | 1 | camera | target | -0.742954 | 0 | 0.669342 | -0.7
SCRIPT       : DATA_LOG | 788991 | aRapBi1cCZPZAGLIDny3dk3hQ8vTmNTLHRl8zxmKgQ0= | 7410.94 | 6.32701 | 3526.56 | -0.900679 | 0.434485 | 0 | SCARH_Black | 1 | 137.743 | 122 | 0 | 1 | 0 | 0 | 0 | 0 | 0 | 1 | camera | none | -0.900679 | 0 | 0.434485 | -0.9006
SCRIPT       : DATA_LOG | 789023 | b6Sjt2-RNGxcRaWm937lmzRlL1ZStO-GKN6nDlCMyV4= | 7456.65 | 6.0536 | 3413.52 | -0.107694 | -0.994184 | 0 | none | 1 | 124.426 | 64.2577 | 0 | 1 | 1 | 0 | 0 | 0 | 0 | 1 | camera | target | -0.107694 | 0 | -0.994184 | -0.1076
SCRIPT       : DATA_LOG | 789997 | aRapBi1cCZPZAGLIDny3dk3hQ8vTmNTLHRl8zxmKgQ0= | 7407.56 | 6.4794 | 3527.74 | -0.900679 | 0.434485 | 0 | SCARH_Black | 1 | 139.76 | 122.017 | 0 | 1 | 0 | 0 | 0 | 0 | 0 | 1 | camera | target | -0.900679 | 0 | 0.434485 | -0.
SCRIPT       : DATA_LOG | 790027 | b6Sjt2-RNGxcRaWm937lmzRlL1ZStO-GKN6nDlCMyV4= | 7457.22 | 6.04992 | 3416.29 | -0.28688 | -0.957967 | 0 | none | 1 | 132.916 | 62.4722 | 0 | 1 | 1 | 0 | 0 | 0 | 0 | 1 | camera | target | -0.28688 | 0 | -0.957967 | -0.28688
SCRIPT       : DATA_LOG | 790991 | aRapBi1cCZPZAGLIDny3dk3hQ8vTmNTLHRl8zxmKgQ0= | 7404.26 | 6.64424 | 3529.31 | -0.903641 | 0.428292 | 0 | SCARH_Black | 1 | 140.453 | 124.825 | 0 | 1 | 0 | 0 | 0 | 0 | 0 | 1 | camera | target | -0.903641 | 0 | 0.428292 | -
SCRIPT       : DATA_LOG | 791015 | b6Sjt2-RNGxcRaWm937lmzRlL1ZStO-GKN6nDlCMyV4= | 7457.25 | 6.0498 | 3416.38 | -0.289963 | -0.957038 | 0 | none | 1 | 133.042 | 62.4118 | 0 | 1 | 1 | 0 | 0 | 0 | 0 | 1 | camera | target | -0.289963 | 0 | -0.957038 | -0.2899
SCRIPT       : DATA_LOG | 792005 | aRapBi1cCZPZAGLIDny3dk3hQ8vTmNTLHRl8zxmKgQ0= | 7400.89 | 6.83616 | 3530.7 | -0.954146 | 0.29934 | 0 | SCARH_Black | 1 | 133.908 | 127.154 | 0 | 1 | 0 | 0 | 0 | 0 | 0 | 1 | camera | target | -0.954146 | 0 | 0.29934 | -0.9
SCRIPT       : DATA_LOG | 792045 | b6Sjt2-RNGxcRaWm937lmzRlL1ZStO-GKN6nDlCMyV4= | 7457.67 | 6.04888 | 3417.06 | -0.357749 | -0.933818 | 0 | none | 1 | 132.474 | 127.152 | 0 | 1 | 0 | 0 | 0 | 0 | 0 | 1 | camera | target | -0.357749 | 0 | -0.933818 | -0.357
SCRIPT       : DATA_LOG | 792998 | aRapBi1cCZPZAGLIDny3dk3hQ8vTmNTLHRl8zxmKgQ0= | 7398.09 | 7.01808 | 3532.38 | -0.932012 | -0.362429 | 1 | SCARH_Black | 1 | 95.7676 | 130.347 | 0 | 1 | 0 | 0 | 0 | 0 | 0 | 1 | camera | target | -0.932012 | 0 | -0.362429 |
SCRIPT       : DATA_LOG | 793031 | b6Sjt2-RNGxcRaWm937lmzRlL1ZStO-GKN6nDlCMyV4= | 7457.39 | 6.04974 | 3416.42 | -0.411898 | -0.91123 | 0 | none | 1 | 128.512 | 130.316 | 0 | 1 | 0 | 0 | 0 | 0 | 0 | 1 | camera | target | -0.411898 | 0 | -0.91123 | -0.41189
SCRIPT       : DATA_LOG | 794004 | aRapBi1cCZPZAGLIDny3dk3hQ8vTmNTLHRl8zxmKgQ0= | 7395.69 | 7.17461 | 3533.26 | -0.773949 | 0.633248 | 0 | SCARH_Black | 1 | 157.519 | 131.488 | 0 | 1 | 0 | 0 | 0 | 0 | 0 | 1 | camera | none | -0.773949 | 0 | 0.633248 | -0.
SCRIPT       : DATA_LOG | 794039 | b6Sjt2-RNGxcRaWm937lmzRlL1ZStO-GKN6nDlCMyV4= | 7457.86 | 6.04768 | 3417.4 | -0.435878 | -0.900006 | 0 | none | 1 | 125.933 | 131.618 | 0 | 1 | 0 | 0 | 0 | 0 | 0 | 1 | camera | target | -0.435878 | 0 | -0.900006 | -0.4358
SCRIPT       : DATA_LOG | 794993 | aRapBi1cCZPZAGLIDny3dk3hQ8vTmNTLHRl8zxmKgQ0= | 7392.64 | 7.38825 | 3533.13 | -0.245285 | 0.969451 | 0 | SCARH_Black | 1 | 140.693 | 149.997 | 0 | 1 | 1 | 0 | 0 | 0 | 0 | 1 | camera | target | -0.245285 | 0 | 0.969451 | -
SCRIPT       : DATA_LOG | 795023 | b6Sjt2-RNGxcRaWm937lmzRlL1ZStO-GKN6nDlCMyV4= | 7458.8 | 6.03753 | 3419.33 | -0.435881 | -0.900004 | 0 | none | 1 | 123.975 | 131.822 | 0 | 1 | 0 | 0 | 0 | 0 | 0 | 1 | camera | target | -0.435881 | 0 | -0.900004 | -0.4358
SCRIPT       : DATA_LOG | 796065 | aRapBi1cCZPZAGLIDny3dk3hQ8vTmNTLHRl8zxmKgQ0= | 7389.48 | 7.62483 | 3535.46 | -0.854971 | 0.518676 | 0 | SCARH_Black | 1 | 152.432 | 134.7 | 0 | 1 | 0 | 0 | 0 | 0 | 0 | 1 | camera | target | -0.854971 | 0 | 0.518676 | -0.
SCRIPT       : DATA_LOG | 796106 | b6Sjt2-RNGxcRaWm937lmzRlL1ZStO-GKN6nDlCMyV4= | 7459.09 | 6.03464 | 3420.5 | -0.275206 | -0.961385 | 0 | none | 0 | 129.356 | 59.0126 | 0 | 1 | 1 | 0 | 0 | 0 | 0 | 1 | camera |  | -0.275206 | 0 | -0.961385 | -0.275206 | 0
SCRIPT       : DATA_LOG | 797072 | aRapBi1cCZPZAGLIDny3dk3hQ8vTmNTLHRl8zxmKgQ0= | 7383.9 | 8.05755 | 3538.25 | -0.956151 | 0.292875 | 0 | SCARH_Black | 1 | 139.377 | 140.328 | 0 | 1 | 0 | 0 | 0 | 0 | 0 | 1 | camera | target | -0.956151 | 0 | 0.292875 | -0
SCRIPT       : DATA_LOG | 797112 | b6Sjt2-RNGxcRaWm937lmzRlL1ZStO-GKN6nDlCMyV4= | 7458.96 | 6.03445 | 3419.99 | -0.235431 | -0.971891 | 0 | none | 0 | 127.403 | 59.3372 | 0 | 1 | 1 | 0 | 0 | 0 | 0 | 1 | camera |  | -0.235431 | 0 | -0.971891 | -0.235431 | 
SCRIPT       : DATA_LOG | 798022 | aRapBi1cCZPZAGLIDny3dk3hQ8vTmNTLHRl8zxmKgQ0= | 7377.87 | 8.54104 | 3541.12 | -0.926166 | 0.377117 | 0 | SCARH_Black | 1 | 145.899 | 145.887 | 0 | 1 | 0 | 0 | 0 | 0 | 0 | 1 | camera | target | -0.926166 | 0 | 0.377117 | -
SCRIPT       : DATA_LOG | 798058 | b6Sjt2-RNGxcRaWm937lmzRlL1ZStO-GKN6nDlCMyV4= | 7458.95 | 6.03464 | 3419.94 | -0.351633 | -0.936138 | 0 | none | 1 | 125.531 | 146.136 | 0 | 1 | 0 | 0 | 0 | 0 | 0 | 1 | camera | target | -0.351633 | 0 | -0.936138 | -0.351
SCRIPT       : DATA_LOG | 799011 | aRapBi1cCZPZAGLIDny3dk3hQ8vTmNTLHRl8zxmKgQ0= | 7371.76 | 9.04231 | 3543.84 | -0.926059 | 0.37738 | 0 | SCARH_Black | 1 | 147.644 | 150.921 | 0 | 1 | 0 | 0 | 0 | 0 | 0 | 1 | camera | target | -0.926059 | 0 | 0.37738 | -0.
SCRIPT       : DATA_LOG | 799042 | b6Sjt2-RNGxcRaWm937lmzRlL1ZStO-GKN6nDlCMyV4= | 7459.36 | 6.03479 | 3421.12 | -0.300781 | -0.953693 | 0 | none | 1 | 126.876 | 151.172 | 0 | 1 | 0 | 0 | 0 | 0 | 0 | 1 | camera | target | -0.300781 | 0 | -0.953693 | -0.300
SCRIPT       : DATA_LOG | 800019 | aRapBi1cCZPZAGLIDny3dk3hQ8vTmNTLHRl8zxmKgQ0= | 7365.7 | 9.54769 | 3546.65 | -0.951295 | 0.308281 | 0 | SCARH_Black | 1 | 144.448 | 157.114 | 0 | 1 | 0 | 0 | 0 | 0 | 0 | 1 | camera | target | -0.951295 | 0 | 0.308281 | -0
SCRIPT       : DATA_LOG | 800053 | b6Sjt2-RNGxcRaWm937lmzRlL1ZStO-GKN6nDlCMyV4= | 7459.22 | 6.03431 | 3420.51 | -0.307208 | -0.951642 | 0 | none | 1 | 125.467 | 157.445 | 0 | 1 | 0 | 0 | 0 | 0 | 0 | 1 | camera | target | -0.307208 | 0 | -0.951642 | -0.307
SCRIPT       : DATA_LOG | 801029 | aRapBi1cCZPZAGLIDny3dk3hQ8vTmNTLHRl8zxmKgQ0= | 7359.79 | 10.0437 | 3549.73 | -0.994552 | 0.104242 | 0 | SCARH_Black | 1 | 133.759 | 161.505 | 0 | 1 | 0 | 0 | 0 | 0 | 0 | 1 | camera | target | -0.994552 | 0 | 0.104242 | -
SCRIPT       : DATA_LOG | 801070 | b6Sjt2-RNGxcRaWm937lmzRlL1ZStO-GKN6nDlCMyV4= | 7458.74 | 6.03813 | 3422.36 | 0.138119 | -0.990416 | 0 | none | 0 | 103.65 | 58.6242 | 0 | 1 | 1 | 0 | 0 | 0 | 0 | 1 | camera |  | 0.138119 | 0 | -0.990416 | 0.138119 | 0 | 
SCRIPT       : DATA_LOG | 802027 | aRapBi1cCZPZAGLIDny3dk3hQ8vTmNTLHRl8zxmKgQ0= | 7356.52 | 10.3084 | 3552.49 | -0.99622 | -0.0868696 | 1 | SCARH_Black | 1 | 123.162 | 166.409 | 0 | 1 | 0 | 0 | 0 | 0 | 0 | 1 | camera | target | -0.99622 | 0 | -0.0868696 |
SCRIPT       : DATA_LOG | 802066 | b6Sjt2-RNGxcRaWm937lmzRlL1ZStO-GKN6nDlCMyV4= | 7459.1 | 6.03659 | 3421.93 | 0.76663 | -0.642089 | 0 | none | 0 | 62.0698 | 58.4468 | 0 | 1 | 1 | 0 | 0 | 0 | 0 | 1 | camera |  | 0.76663 | 0 | -0.642089 | 0.76663 | 0 | -0.
SCRIPT       : DATA_LOG | 803014 | aRapBi1cCZPZAGLIDny3dk3hQ8vTmNTLHRl8zxmKgQ0= | 7355.02 | 10.4324 | 3553.78 | -0.997752 | -0.0670108 | 1 | SCARH_Black | 1 | 124.797 | 168.233 | 0 | 1 | 0 | 0 | 0 | 0 | 1 | 1 | camera | none | -0.997752 | 0 | -0.0670108 |
SCRIPT       : DATA_LOG | 803041 | b6Sjt2-RNGxcRaWm937lmzRlL1ZStO-GKN6nDlCMyV4= | 7460.07 | 6.03465 | 3422.44 | -0.706198 | -0.708015 | 0 | none | 1 | 96.388 | 168.472 | 0 | 1 | 0 | 0 | 0 | 0 | 0 | 1 | camera | target | -0.706198 | 0 | -0.708015 | -0.7061
SCRIPT       : DATA_LOG | 804015 | aRapBi1cCZPZAGLIDny3dk3hQ8vTmNTLHRl8zxmKgQ0= | 7352.86 | 10.6088 | 3555.65 | -0.989296 | -0.145922 | 1 | SCARH_Black | 1 | 121.155 | 170.741 | 0 | 1 | 0 | 0 | 0 | 0 | 1 | 1 | camera | target | -0.989296 | 0 | -0.145922 |
SCRIPT       : DATA_LOG | 804047 | b6Sjt2-RNGxcRaWm937lmzRlL1ZStO-GKN6nDlCMyV4= | 7461.58 | 6.02445 | 3424.06 | -0.716775 | -0.697305 | 0 | none | 1 | 94.608 | 170.919 | 0 | 1 | 0 | 0 | 0 | 0 | 0 | 1 | camera | target | -0.716775 | 0 | -0.697305 | -0.7167
SCRIPT       : DATA_LOG | 805035 | aRapBi1cCZPZAGLIDny3dk3hQ8vTmNTLHRl8zxmKgQ0= | 7351.14 | 10.7526 | 3556.56 | -0.927201 | -0.374564 | 0 | SCARH_Black | 1 | 108.184 | 171.729 | 0 | 1 | 0 | 0 | 0 | 0 | 0 | 1 | camera | none | -0.927201 | 0 | -0.374564 | -
SCRIPT       : DATA_LOG | 805073 | b6Sjt2-RNGxcRaWm937lmzRlL1ZStO-GKN6nDlCMyV4= | 7461.98 | 6.19816 | 3425.39 | -0.849867 | -0.526997 | 0 | none | 1 | 81.5596 | 171.964 | 0 | 1 | 0 | 0 | 0 | 0 | 0 | 1 | camera | target | -0.849867 | 0 | -0.526997 | -0.849
SCRIPT       : DATA_LOG | 806019 | aRapBi1cCZPZAGLIDny3dk3hQ8vTmNTLHRl8zxmKgQ0= | 7347.02 | 11.147 | 3556.74 | -0.975757 | 0.218859 | 0 | SCARH_Black | 1 | 143.777 | 174.523 | 0 | 1 | 0 | 0 | 0 | 0 | 0 | 1 | camera | target | -0.975757 | 0 | 0.218859 | -0
SCRIPT       : DATA_LOG | 806043 | b6Sjt2-RNGxcRaWm937lmzRlL1ZStO-GKN6nDlCMyV4= | 7461.71 | 6.16223 | 3425.73 | 0.200945 | -0.979603 | 0 | none | 0 | 97.8598 | 54.6547 | 0 | 1 | 1 | 0 | 0 | 0 | 0 | 1 | camera |  | 0.200945 | 0 | -0.979603 | 0.200945 | 0 |
SCRIPT       : DATA_LOG | 807025 | aRapBi1cCZPZAGLIDny3dk3hQ8vTmNTLHRl8zxmKgQ0= | 7342.15 | 11.5545 | 3560.86 | -0.66855 | 0.743667 | 0 | SCARH_Black | 1 | 166.271 | 207.265 | 0 | 1 | 1 | 0 | 0 | 0 | 0 | 1 | camera | target | -0.66855 | 0 | 0.743667 | -0.
SCRIPT       : DATA_LOG | 807056 | b6Sjt2-RNGxcRaWm937lmzRlL1ZStO-GKN6nDlCMyV4= | 7461.65 | 6.1152 | 3425.8 | 0.298934 | -0.954274 | 0 | none | 0 | 91.954 | 54.6756 | 0 | 1 | 1 | 0 | 0 | 0 | 0 | 1 | camera |  | 0.298934 | 0 | -0.954274 | 0.298934 | 0 | -0
SCRIPT       : DATA_LOG | 808022 | aRapBi1cCZPZAGLIDny3dk3hQ8vTmNTLHRl8zxmKgQ0= | 7338.04 | 11.8237 | 3566.13 | -0.667008 | 0.745051 | 0 | SCARH_Black | 1 | 166.688 | 213.642 | 0 | 1 | 1 | 0 | 0 | 0 | 0 | 1 | camera | target | -0.667008 | 0 | 0.745051 | -
SCRIPT       : DATA_LOG | 808049 | b6Sjt2-RNGxcRaWm937lmzRlL1ZStO-GKN6nDlCMyV4= | 7461.6 | 6.10673 | 3425.89 | 0.27436 | -0.961627 | 0 | none | 0 | 93.3324 | 54.7132 | 0 | 1 | 1 | 0 | 0 | 0 | 0 | 1 | camera |  | 0.27436 | 0 | -0.961627 | 0.27436 | 0 | -0.
SCRIPT       : DATA_LOG | 809026 | aRapBi1cCZPZAGLIDny3dk3hQ8vTmNTLHRl8zxmKgQ0= | 7333.82 | 12.099 | 3571.3 | -0.788908 | 0.614511 | 0 | SCARH_Black | 1 | 169.08 | 193.812 | 0 | 1 | 0 | 0 | 0 | 0 | 0 | 1 | camera | target | -0.788908 | 0 | 0.614511 | -0.7
SCRIPT       : DATA_LOG | 809054 | b6Sjt2-RNGxcRaWm937lmzRlL1ZStO-GKN6nDlCMyV4= | 7461.52 | 6.02223 | 3425.96 | 0.313117 | -0.949715 | 0 | none | 0 | 90.9082 | 54.7541 | 0 | 1 | 1 | 0 | 0 | 0 | 0 | 1 | camera |  | 0.313117 | 0 | -0.949715 | 0.313117 | 0 |
SCRIPT       : DATA_LOG | 810018 | aRapBi1cCZPZAGLIDny3dk3hQ8vTmNTLHRl8zxmKgQ0= | 7328.39 | 12.5266 | 3575.19 | -0.835811 | 0.549017 | 0 | SCARH_Black | 1 | 164.965 | 199.975 | 0 | 1 | 0 | 0 | 0 | 0 | 0 | 1 | camera | none | -0.835811 | 0 | 0.549017 | -0.
SCRIPT       : DATA_LOG | 810040 | b6Sjt2-RNGxcRaWm937lmzRlL1ZStO-GKN6nDlCMyV4= | 7461.45 | 6.02247 | 3426.07 | 0.304241 | -0.952595 | 0 | none | 0 | 91.3122 | 54.7936 | 0 | 1 | 1 | 0 | 0 | 0 | 0 | 1 | camera |  | 0.304241 | 0 | -0.952595 | 0.304241 | 0 |
SCRIPT       : DATA_LOG | 811081 | aRapBi1cCZPZAGLIDny3dk3hQ8vTmNTLHRl8zxmKgQ0= | 7323.81 | 12.8989 | 3577.19 | 0.482319 | -0.875996 | 0 | SCARH_Black | 1 | 13.6304 | 203.251 | 0 | 1 | 0 | 0 | 0 | 0 | 0 | 1 | camera | target | 0.482319 | 0 | -0.875996 | 0
SCRIPT       : DATA_LOG | 811104 | b6Sjt2-RNGxcRaWm937lmzRlL1ZStO-GKN6nDlCMyV4= | 7460.78 | 6.02458 | 3427.18 | 0.250533 | -0.968108 | 0 | none | 0 | 93.2016 | 55.0814 | 0 | 1 | 1 | 0 | 0 | 0 | 0 | 1 | camera |  | 0.250533 | 0 | -0.968108 | 0.250533 | 0 |
SCRIPT       : DATA_LOG | 812025 | aRapBi1cCZPZAGLIDny3dk3hQ8vTmNTLHRl8zxmKgQ0= | 7321.55 | 13.1536 | 3575.16 | 0.682879 | -0.730531 | 0 | SCARH_Black | 1 | 1.58536 | 203.265 | 0 | 1 | 0 | 1 | 0 | 0 | 0 | 1 | camera | target | 0.682879 | 0 | -0.730531 | 0
SCRIPT       : DATA_LOG | 812051 | b6Sjt2-RNGxcRaWm937lmzRlL1ZStO-GKN6nDlCMyV4= | 7460.66 | 6.02514 | 3427.27 | 0.247048 | -0.969003 | 0 | none | 0 | 93.2692 | 55.1691 | 0 | 1 | 1 | 0 | 0 | 0 | 0 | 1 | camera |  | 0.247048 | 0 | -0.969003 | 0.247048 | 0 |
SCRIPT       : DATA_LOG | 813026 | aRapBi1cCZPZAGLIDny3dk3hQ8vTmNTLHRl8zxmKgQ0= | 7318.62 | 13.4273 | 3574.62 | 0.682819 | -0.730588 | 0 | SCARH_Black | 1 | 1.85688 | 204.939 | 0 | 1 | 0 | 1 | 0 | 0 | 0 | 1 | camera | target | 0.682819 | 0 | -0.730588 | 0
SCRIPT       : DATA_LOG | 813053 | b6Sjt2-RNGxcRaWm937lmzRlL1ZStO-GKN6nDlCMyV4= | 7460.66 | 6.0251 | 3427.29 | 0.292771 | -0.956183 | 0 | none | 0 | 90.5433 | 55.1647 | 0 | 1 | 1 | 0 | 0 | 0 | 0 | 1 | camera |  | 0.292771 | 0 | -0.956183 | 0.292771 | 0 | 
SCRIPT       : DATA_LOG | 814032 | aRapBi1cCZPZAGLIDny3dk3hQ8vTmNTLHRl8zxmKgQ0= | 7315.48 | 13.6879 | 3574.91 | 0.682819 | -0.730588 | 0 | SCARH_Black | 1 | 2.26469 | 206.677 | 0 | 1 | 0 | 1 | 0 | 0 | 0 | 1 | camera | target | 0.682819 | 0 | -0.730588 | 0
SCRIPT       : DATA_LOG | 814058 | b6Sjt2-RNGxcRaWm937lmzRlL1ZStO-GKN6nDlCMyV4= | 7460.39 | 6.02617 | 3427.87 | 0.281261 | -0.959631 | 0 | none | 0 | 90.5517 | 55.2402 | 0 | 1 | 1 | 0 | 0 | 0 | 0 | 1 | camera |  | 0.281261 | 0 | -0.959631 | 0.281261 | 0 |
SCRIPT       : DATA_LOG | 815032 | aRapBi1cCZPZAGLIDny3dk3hQ8vTmNTLHRl8zxmKgQ0= | 7312.71 | 13.9291 | 3574.96 | 0.0933444 | -0.995634 | 0 | SCARH_Black | 1 | 39.6208 | 209.963 | 0 | 1 | 0 | 0 | 0 | 0 | 0 | 1 | camera | target | 0.0933444 | 0 | -0.995634 |
SCRIPT       : DATA_LOG | 815058 | b6Sjt2-RNGxcRaWm937lmzRlL1ZStO-GKN6nDlCMyV4= | 7460.88 | 6.02478 | 3426.62 | 0.456395 | -0.889777 | 0 | none | 0 | 81.1372 | 55.15 | 0 | 1 | 1 | 0 | 0 | 0 | 0 | 1 | camera |  | 0.456395 | 0 | -0.889777 | 0.456395 | 0 | -
SCRIPT       : DATA_LOG | 816029 | aRapBi1cCZPZAGLIDny3dk3hQ8vTmNTLHRl8zxmKgQ0= | 7309.89 | 14.2305 | 3573.18 | -0.77253 | -0.634978 | 0 | SCARH_Black | 1 | 96.4049 | 210.681 | 0 | 1 | 0 | 0 | 0 | 0 | 0 | 1 | camera | target | -0.77253 | 0 | -0.634978 | -
SCRIPT       : DATA_LOG | 816053 | b6Sjt2-RNGxcRaWm937lmzRlL1ZStO-GKN6nDlCMyV4= | 7460.88 | 6.02478 | 3426.62 | 0.456395 | -0.889777 | 0 | none | 0 | 81.137 | 55.1504 | 0 | 1 | 1 | 0 | 0 | 0 | 0 | 1 | camera |  | 0.456395 | 0 | -0.889777 | 0.456395 | 0 | 
SCRIPT       : DATA_LOG | 817030 | aRapBi1cCZPZAGLIDny3dk3hQ8vTmNTLHRl8zxmKgQ0= | 7303.59 | 14.8275 | 3572.62 | -0.993557 | -0.113336 | 0 | SCARH_Black | 1 | 130.572 | 214.832 | 0 | 1 | 0 | 0 | 0 | 0 | 0 | 1 | camera | target | -0.993557 | 0 | -0.113336 |
SCRIPT       : DATA_LOG | 817056 | b6Sjt2-RNGxcRaWm937lmzRlL1ZStO-GKN6nDlCMyV4= | 7460.88 | 6.02478 | 3426.62 | 0.456395 | -0.889777 | 0 | none | 0 | 81.1365 | 55.1528 | 0 | 1 | 1 | 0 | 0 | 0 | 0 | 1 | camera |  | 0.456395 | 0 | -0.889777 | 0.456395 | 0 |
SCRIPT       : DATA_LOG | 818025 | aRapBi1cCZPZAGLIDny3dk3hQ8vTmNTLHRl8zxmKgQ0= | 7297.13 | 15.4017 | 3574.11 | -0.227592 | 0.973757 | 0 | SCARH_Black | 1 | 134.193 | 252.404 | 0 | 1 | 1 | 0 | 0 | 0 | 0 | 1 | camera | target | -0.227592 | 0 | 0.973757 | -
SCRIPT       : DATA_LOG | 818048 | b6Sjt2-RNGxcRaWm937lmzRlL1ZStO-GKN6nDlCMyV4= | 7460.13 | 6.03051 | 3425.34 | -0.503842 | -0.863796 | 0 | none | 1 | 102.145 | 221.325 | 0 | 1 | 0 | 0 | 0 | 0 | 0 | 1 | camera | target | -0.503842 | 0 | -0.863796 | -0.503
SCRIPT       : DATA_LOG | 819030 | aRapBi1cCZPZAGLIDny3dk3hQ8vTmNTLHRl8zxmKgQ0= | 7292.69 | 15.7135 | 3579.04 | -0.0942343 | 0.99555 | 0 | SCARH_Black | 1 | 126.882 | 258.774 | 0 | 1 | 1 | 0 | 0 | 0 | 0 | 1 | camera | target | -0.0942343 | 0 | 0.99555 | -
SCRIPT       : DATA_LOG | 819055 | b6Sjt2-RNGxcRaWm937lmzRlL1ZStO-GKN6nDlCMyV4= | 7459.25 | 6.03724 | 3423.79 | -0.533879 | -0.845561 | 0 | none | 1 | 100.759 | 228.257 | 0 | 1 | 0 | 0 | 0 | 0 | 0 | 1 | camera | target | -0.533879 | 0 | -0.845561 | -0.533
SCRIPT       : DATA_LOG | 820031 | aRapBi1cCZPZAGLIDny3dk3hQ8vTmNTLHRl8zxmKgQ0= | 7291.08 | 15.8153 | 3585.78 | -0.13726 | 0.990535 | 0 | SCARH_Black | 1 | 130.425 | 263.698 | 0 | 1 | 1 | 0 | 0 | 0 | 0 | 1 | camera | target | -0.13726 | 0 | 0.990535 | -0.
SCRIPT       : DATA_LOG | 820060 | b6Sjt2-RNGxcRaWm937lmzRlL1ZStO-GKN6nDlCMyV4= | 7459.25 | 6.03724 | 3423.79 | -0.53388 | -0.845561 | 0 | none | 1 | 101.704 | 234.01 | 0 | 1 | 0 | 0 | 0 | 0 | 0 | 1 | camera | target | -0.53388 | 0 | -0.845561 | -0.53388 
SCRIPT       : DATA_LOG | 821031 | aRapBi1cCZPZAGLIDny3dk3hQ8vTmNTLHRl8zxmKgQ0= | 7288.24 | 16.1372 | 3591.61 | -0.137302 | 0.990529 | 0 | SCARH_Black | 1 | 131.149 | 269.266 | 0 | 1 | 1 | 0 | 0 | 0 | 0 | 1 | camera | target | -0.137302 | 0 | 0.990529 | -
SCRIPT       : DATA_LOG | 821053 | b6Sjt2-RNGxcRaWm937lmzRlL1ZStO-GKN6nDlCMyV4= | 7459.25 | 6.03724 | 3423.79 | -0.53388 | -0.84556 | 0 | none | 1 | 102.232 | 240.182 | 0 | 1 | 0 | 0 | 0 | 0 | 0 | 1 | camera | target | -0.53388 | 0 | -0.84556 | -0.53388 |
SCRIPT       : DATA_LOG | 822062 | aRapBi1cCZPZAGLIDny3dk3hQ8vTmNTLHRl8zxmKgQ0= | 7286.92 | 16.6553 | 3598.17 | -0.137302 | 0.990529 | 0 | SCARH_Black | 1 | 132.141 | 274.025 | 0 | 1 | 1 | 0 | 0 | 0 | 0 | 1 | camera | target | -0.137302 | 0 | 0.990529 | -
SCRIPT       : DATA_LOG | 822094 | b6Sjt2-RNGxcRaWm937lmzRlL1ZStO-GKN6nDlCMyV4= | 7459.25 | 6.03724 | 3423.79 | -0.53388 | -0.84556 | 0 | none | 1 | 103.108 | 245.776 | 0 | 1 | 0 | 0 | 0 | 0 | 0 | 1 | camera | target | -0.53388 | 0 | -0.84556 | -0.53388 |
SCRIPT       : DATA_LOG | 823034 | aRapBi1cCZPZAGLIDny3dk3hQ8vTmNTLHRl8zxmKgQ0= | 7285.19 | 17.4549 | 3604.57 | -0.194628 | 0.980877 | 0 | SCARH_Black | 1 | 136.349 | 279.11 | 0 | 1 | 1 | 0 | 0 | 0 | 0 | 1 | camera | target | -0.194628 | 0 | 0.980877 | -0
SCRIPT       : DATA_LOG | 823058 | b6Sjt2-RNGxcRaWm937lmzRlL1ZStO-GKN6nDlCMyV4= | 7459.25 | 6.03724 | 3423.79 | -0.53388 | -0.84556 | 0 | none | 1 | 103.83 | 251.631 | 0 | 1 | 0 | 0 | 0 | 0 | 0 | 1 | camera | target | -0.53388 | 0 | -0.84556 | -0.53388 | 
SCRIPT       : DATA_LOG | 824040 | aRapBi1cCZPZAGLIDny3dk3hQ8vTmNTLHRl8zxmKgQ0= | 7281.12 | 18.8899 | 3610.06 | -0.634735 | 0.77273 | 0 | SCARH_Black | 1 | 164.829 | 285.663 | 0 | 1 | 1 | 0 | 0 | 0 | 0 | 1 | camera | none | -0.634735 | 0 | 0.77273 | -0.63
SCRIPT       : DATA_LOG | 824065 | b6Sjt2-RNGxcRaWm937lmzRlL1ZStO-GKN6nDlCMyV4= | 7458.41 | 6.04013 | 3423.2 | -0.791634 | -0.610996 | 0 | none | 1 | 84.1737 | 258.335 | 0 | 1 | 0 | 0 | 0 | 0 | 0 | 1 | camera | target | -0.791634 | 0 | -0.610996 | -0.7916
SCRIPT       : DATA_LOG | 825041 | aRapBi1cCZPZAGLIDny3dk3hQ8vTmNTLHRl8zxmKgQ0= | 7276.2 | 20.6755 | 3614.36 | -0.849932 | 0.526893 | 0 | SCARH_Black | 1 | 164.466 | 265.125 | 0 | 1 | 0 | 0 | 0 | 0 | 0 | 1 | camera | none | -0.849932 | 0 | 0.526893 | -0.8
SCRIPT       : DATA_LOG | 825073 | b6Sjt2-RNGxcRaWm937lmzRlL1ZStO-GKN6nDlCMyV4= | 7456.67 | 6.04121 | 3420.52 | -0.996449 | -0.0841949 | 0 | none | 1 | 51.9312 | 265.689 | 0 | 1 | 0 | 0 | 0 | 0 | 0 | 1 | camera | target | -0.996449 | 0 | -0.0841949 | -0.9
SCRIPT       : DATA_LOG | 826039 | aRapBi1cCZPZAGLIDny3dk3hQ8vTmNTLHRl8zxmKgQ0= | 7272.37 | 21.9198 | 3617.86 | -0.857647 | 0.514238 | 0 | SCARH_Black | 1 | 163.023 | 267.99 | 0 | 1 | 0 | 0 | 0 | 0 | 0 | 1 | camera | none | -0.857647 | 0 | 0.514238 | -0.8
SCRIPT       : DATA_LOG | 826066 | b6Sjt2-RNGxcRaWm937lmzRlL1ZStO-GKN6nDlCMyV4= | 7452.82 | 6.06822 | 3420.03 | -0.997601 | 0.0692277 | 0 | none | 1 | 43.7866 | 268.46 | 0 | 1 | 0 | 0 | 0 | 0 | 0 | 1 | camera | target | -0.997601 | 0 | 0.0692277 | -0.9976
SCRIPT       : DATA_LOG | 827041 | aRapBi1cCZPZAGLIDny3dk3hQ8vTmNTLHRl8zxmKgQ0= | 7269.29 | 22.6658 | 3619.64 | -0.890933 | 0.454135 | 0 | SCARH_Black | 1 | 158.604 | 271.27 | 0 | 1 | 0 | 0 | 0 | 0 | 0 | 1 | camera | target | -0.890933 | 0 | 0.454135 | -0
SCRIPT       : DATA_LOG | 827067 | b6Sjt2-RNGxcRaWm937lmzRlL1ZStO-GKN6nDlCMyV4= | 7450.01 | 6.10112 | 3417.81 | -0.866922 | 0.498444 | 0 | none | 1 | 18.6401 | 271.593 | 0 | 1 | 0 | 0 | 0 | 0 | 0 | 1 | camera | target | -0.866922 | 0 | 0.498444 | -0.86692
SCRIPT       : DATA_LOG | 828046 | aRapBi1cCZPZAGLIDny3dk3hQ8vTmNTLHRl8zxmKgQ0= | 7265.95 | 23.3736 | 3621.31 | -0.892432 | 0.451182 | 0 | SCARH_Black | 1 | 158.441 | 275.302 | 0 | 1 | 0 | 0 | 0 | 0 | 0 | 1 | camera | none | -0.892432 | 0 | 0.451182 | -0.
SCRIPT       : DATA_LOG | 828072 | b6Sjt2-RNGxcRaWm937lmzRlL1ZStO-GKN6nDlCMyV4= | 7449.34 | 6.09761 | 3416.63 | -0.991676 | -0.128756 | 0 | none | 1 | 55.6341 | 275.545 | 0 | 1 | 0 | 0 | 0 | 0 | 0 | 1 | camera | target | -0.991676 | 0 | -0.128756 | -0.991
SCRIPT       : DATA_LOG | 829119 | aRapBi1cCZPZAGLIDny3dk3hQ8vTmNTLHRl8zxmKgQ0= | 7262.66 | 23.7498 | 3621.65 | -0.892434 | 0.451179 | 0 | SCARH_Black | 1 | 158.433 | 280.347 | 0 | 1 | 0 | 0 | 0 | 0 | 0 | 1 | camera | target | -0.892434 | 0 | 0.451179 | -
SCRIPT       : DATA_LOG | 829149 | b6Sjt2-RNGxcRaWm937lmzRlL1ZStO-GKN6nDlCMyV4= | 7449.4 | 6.0764 | 3413.47 | 0.0169364 | -0.999857 | 0 | AugShort | 1 | 114.524 | 70.7318 | 0 | 1 | 1 | 0 | 0 | 0 | 0 | 1 | camera | target | 0.0169364 | 0 | -0.999857 | 0.01
SCRIPT       : DATA_LOG | 830044 | aRapBi1cCZPZAGLIDny3dk3hQ8vTmNTLHRl8zxmKgQ0= | 7259.41 | 23.7981 | 3620.6 | -0.892434 | 0.451179 | 0 | SCARH_Black | 1 | 158.028 | 285.967 | 0 | 1 | 0 | 0 | 0 | 0 | 0 | 1 | camera | target | -0.892434 | 0 | 0.451179 | -0
SCRIPT       : DATA_LOG | 830071 | b6Sjt2-RNGxcRaWm937lmzRlL1ZStO-GKN6nDlCMyV4= | 7448.44 | 6.06022 | 3406.96 | -0.198149 | -0.980172 | 0 | AugShort | 1 | 126.958 | 286.039 | 0 | 1 | 0 | 0 | 0 | 0 | 0 | 1 | camera | target | -0.198149 | 0 | -0.980172 | -0
SCRIPT       : DATA_LOG | 831040 | aRapBi1cCZPZAGLIDny3dk3hQ8vTmNTLHRl8zxmKgQ0= | 7256.26 | 24.018 | 3620.82 | -0.892434 | 0.451179 | 0 | SCARH_Black | 1 | 157.541 | 291.755 | 0 | 1 | 0 | 0 | 0 | 0 | 0 | 1 | camera | target | -0.892434 | -0 | 0.451179 | -
SCRIPT       : DATA_LOG | 831067 | b6Sjt2-RNGxcRaWm937lmzRlL1ZStO-GKN6nDlCMyV4= | 7447.21 | 6.05602 | 3400.94 | -0.198265 | -0.980149 | 0 | AugShort | 1 | 127.492 | 291.953 | 0 | 1 | 0 | 0 | 0 | 0 | 0 | 1 | camera | target | -0.198265 | 0 | -0.980149 | -0
SCRIPT       : DATA_LOG | 832043 | aRapBi1cCZPZAGLIDny3dk3hQ8vTmNTLHRl8zxmKgQ0= | 7256.2 | 24.0265 | 3620.85 | -0.892434 | 0.451179 | 0 | SCARH_Black | 1 | 156.988 | 294.082 | 0 | 1 | 0 | 0 | 0 | 0 | 0 | 1 | camera | target | -0.892434 | -0 | 0.451179 | -
SCRIPT       : DATA_LOG | 832066 | b6Sjt2-RNGxcRaWm937lmzRlL1ZStO-GKN6nDlCMyV4= | 7446.47 | 6.05499 | 3397.26 | -0.198265 | -0.980149 | 0 | AugShort | 0 | 128.068 | 294.292 | 0 | 1 | 0 | 0 | 0 | 0 | 0 | 1 | camera |  | -0.198265 | 0 | -0.980149 | -0.19826
SCRIPT       : DATA_LOG | 833041 | aRapBi1cCZPZAGLIDny3dk3hQ8vTmNTLHRl8zxmKgQ0= | 7253.83 | 24.5589 | 3622.82 | -0.892434 | 0.451179 | 0 | SCARH_Black | 1 | 156.518 | 299.457 | 0 | 1 | 0 | 0 | 0 | 0 | 0 | 1 | camera | target | -0.892434 | 0 | 0.451179 | -
SCRIPT       : DATA_LOG | 833063 | b6Sjt2-RNGxcRaWm937lmzRlL1ZStO-GKN6nDlCMyV4= | 7445.73 | 6.05498 | 3393.56 | -0.198265 | -0.980149 | 0 | AugShort | 1 | 128.525 | 299.725 | 0 | 1 | 0 | 0 | 0 | 0 | 0 | 1 | camera | target | -0.198265 | 0 | -0.980149 | -0
SCRIPT       : DATA_LOG | 834053 | aRapBi1cCZPZAGLIDny3dk3hQ8vTmNTLHRl8zxmKgQ0= | 7250.81 | 25.0081 | 3624.63 | -0.993039 | -0.117783 | 0 | SCARH_Black | 1 | 122.774 | 305.137 | 0 | 1 | 0 | 0 | 0 | 0 | 0 | 1 | camera | target | -0.993039 | 0 | -0.117783 |
SCRIPT       : DATA_LOG | 834085 | b6Sjt2-RNGxcRaWm937lmzRlL1ZStO-GKN6nDlCMyV4= | 7445.01 | 6.05629 | 3389.97 | -0.198265 | -0.980149 | 0 | AugShort | 1 | 128.828 | 305.419 | 0 | 1 | 0 | 0 | 0 | 0 | 0 | 1 | camera | target | -0.198265 | 0 | -0.980149 | -0
SCRIPT       : DATA_LOG | 835045 | aRapBi1cCZPZAGLIDny3dk3hQ8vTmNTLHRl8zxmKgQ0= | 7247.02 | 25.5635 | 3626.96 | 0.560526 | -0.828137 | 0 | SCARH_Black | 1 | 6.24755 | 312.066 | 0 | 1 | 0 | 0 | 0 | 0 | 0 | 1 | camera | target | 0.560526 | 0 | -0.828137 | 0
SCRIPT       : DATA_LOG | 835070 | b6Sjt2-RNGxcRaWm937lmzRlL1ZStO-GKN6nDlCMyV4= | 7444.89 | 6.20016 | 3386.38 | 0.243758 | -0.969836 | 0 | AugShort | 0 | 115.989 | 89.3492 | 0 | 1 | 1 | 0 | 0 | 0 | 0 | 1 | camera |  | 0.243758 | 0 | -0.969836 | 0.243758 |
SCRIPT       : DATA_LOG | 836048 | aRapBi1cCZPZAGLIDny3dk3hQ8vTmNTLHRl8zxmKgQ0= | 7244.01 | 25.8005 | 3627.57 | 0.524871 | -0.851182 | 0 | SCARH_Black | 1 | 8.34803 | 316.965 | 0 | 1 | 0 | 0 | 0 | 0 | 0 | 1 | camera | target | 0.524871 | 0 | -0.851182 | 0
SCRIPT       : DATA_LOG | 836078 | b6Sjt2-RNGxcRaWm937lmzRlL1ZStO-GKN6nDlCMyV4= | 7444.65 | 6.33349 | 3383.04 | 0.261903 | -0.965094 | 0 | AugShort | 0 | 116.411 | 91.6995 | 0 | 1 | 1 | 0 | 0 | 0 | 0 | 1 | camera |  | 0.261903 | 0 | -0.965094 | 0.261903 |
SCRIPT       : DATA_LOG | 837054 | aRapBi1cCZPZAGLIDny3dk3hQ8vTmNTLHRl8zxmKgQ0= | 7240.43 | 26.3357 | 3629.74 | -0.999997 | 0.00237694 | 0 | SCARH_Black | 1 | 129.118 | 322.108 | 0 | 1 | 0 | 0 | 0 | 0 | 0 | 1 | camera | target | -0.999997 | 0 | 0.00237694
SCRIPT       : DATA_LOG | 837084 | b6Sjt2-RNGxcRaWm937lmzRlL1ZStO-GKN6nDlCMyV4= | 7443.04 | 6.29069 | 3380.2 | 0.270874 | -0.962615 | 0 | AugShort | 0 | 116.519 | 94.8133 | 0 | 1 | 1 | 0 | 0 | 0 | 0 | 1 | camera |  | 0.270874 | 0 | -0.962615 | 0.270874 | 
SCRIPT       : DATA_LOG | 838054 | aRapBi1cCZPZAGLIDny3dk3hQ8vTmNTLHRl8zxmKgQ0= | 7234.42 | 26.8536 | 3632.49 | -0.977702 | 0.209995 | 0 | SCARH_Black | 1 | 140.97 | 328.413 | 0 | 1 | 0 | 0 | 0 | 0 | 0 | 1 | camera | target | -0.977702 | 0 | 0.209995 | -0
SCRIPT       : DATA_LOG | 838087 | b6Sjt2-RNGxcRaWm937lmzRlL1ZStO-GKN6nDlCMyV4= | 7440.69 | 6.35835 | 3377.59 | -0.710007 | -0.704194 | 0 | AugShort | 1 | 95.7335 | 328.916 | 0 | 1 | 0 | 0 | 0 | 0 | 0 | 1 | camera | target | -0.710007 | 0 | -0.704194 | -0
SCRIPT       : DATA_LOG | 839047 | aRapBi1cCZPZAGLIDny3dk3hQ8vTmNTLHRl8zxmKgQ0= | 7228.21 | 27.4494 | 3634.94 | -0.9774 | 0.211399 | 0 | SCARH_Black | 1 | 141.046 | 335.126 | 0 | 1 | 0 | 0 | 0 | 0 | 0 | 1 | camera | target | -0.9774 | 0 | 0.211399 | -0.97
SCRIPT       : DATA_LOG | 839069 | b6Sjt2-RNGxcRaWm937lmzRlL1ZStO-GKN6nDlCMyV4= | 7438.53 | 6.32786 | 3374.96 | 0.369164 | -0.929364 | 0 | AugShort | 0 | 111.049 | 101.674 | 0 | 1 | 1 | 0 | 0 | 0 | 0 | 1 | camera |  | 0.369164 | 0 | -0.929364 | 0.369164 |
SCRIPT       : DATA_LOG | 840051 | aRapBi1cCZPZAGLIDny3dk3hQ8vTmNTLHRl8zxmKgQ0= | 7221.97 | 28.6203 | 3637.17 | -0.9774 | 0.211399 | 0 | SCARH_Black | 0 | 141.115 | 339.965 | 0 | 1 | 0 | 0 | 0 | 0 | 0 | 1 | camera | TreeSoft_t_quercusRobur_1s | -0.9774 | 
SCRIPT       : DATA_LOG | 840085 | b6Sjt2-RNGxcRaWm937lmzRlL1ZStO-GKN6nDlCMyV4= | 7435.7 | 6.16523 | 3373.85 | 0.276881 | -0.960904 | 0 | AugShort | 0 | 116.03 | 104.516 | 0 | 1 | 1 | 0 | 0 | 0 | 0 | 1 | camera |  | 0.276881 | 0 | -0.960904 | 0.276881 | 0
SCRIPT       : DATA_LOG | 841048 | aRapBi1cCZPZAGLIDny3dk3hQ8vTmNTLHRl8zxmKgQ0= | 7215.79 | 29.676 | 3639.55 | -0.816487 | 0.577364 | 0 | SCARH_Black | 1 | 163.998 | 344.693 | 0 | 1 | 0 | 0 | 0 | 0 | 0 | 1 | camera | target | -0.816487 | 0 | 0.577364 | -0
SCRIPT       : DATA_LOG | 841070 | b6Sjt2-RNGxcRaWm937lmzRlL1ZStO-GKN6nDlCMyV4= | 7432.98 | 6.26405 | 3372.8 | -0.588128 | -0.808768 | 0 | AugShort | 0 | 104.775 | 345.22 | 0 | 1 | 0 | 0 | 0 | 0 | 0 | 1 | camera |  | -0.588128 | 0 | -0.808768 | -0.588128 
SCRIPT       : DATA_LOG | 842060 | aRapBi1cCZPZAGLIDny3dk3hQ8vTmNTLHRl8zxmKgQ0= | 7210.98 | 30.7556 | 3643.83 | -0.746359 | 0.665544 | 0 | SVD_Wooden | 1 | 169.776 | 352.614 | 0 | 1 | 0 | 0 | 0 | 0 | 0 | 1 | camera | none | -0.746359 | 0 | 0.665544 | -0.7
SCRIPT       : DATA_LOG | 842092 | b6Sjt2-RNGxcRaWm937lmzRlL1ZStO-GKN6nDlCMyV4= | 7431.42 | 6.05499 | 3369.53 | -0.952566 | -0.304332 | 0 | AugShort | 0 | 68.981 | 353.286 | 0 | 1 | 0 | 0 | 0 | 0 | 0 | 1 | camera |  | -0.952566 | 0 | -0.304332 | -0.952566
SCRIPT       : DATA_LOG | 843052 | aRapBi1cCZPZAGLIDny3dk3hQ8vTmNTLHRl8zxmKgQ0= | 7208.04 | 31.7544 | 3649.63 | -0.74626 | 0.665655 | 0 | SVD_Wooden | 1 | 169.127 | 360.82 | 0 | 1 | 0 | 0 | 0 | 0 | 0 | 1 | camera | target | -0.74626 | 0 | 0.665655 | -0.74
SCRIPT       : DATA_LOG | 843080 | b6Sjt2-RNGxcRaWm937lmzRlL1ZStO-GKN6nDlCMyV4= | 7430.11 | 6.05787 | 3366.41 | -0.421424 | -0.906864 | 0 | AugShort | 0 | 116.907 | 361.317 | 0 | 1 | 0 | 0 | 0 | 0 | 0 | 1 | camera |  | -0.421424 | 0 | -0.906864 | -0.42142
SCRIPT       : DATA_LOG | 844087 | aRapBi1cCZPZAGLIDny3dk3hQ8vTmNTLHRl8zxmKgQ0= | 7205.38 | 32.6215 | 3655.6 | -0.74626 | 0.665655 | 0 | SVD_Wooden | 1 | 168.526 | 369.798 | 0 | 1 | 0 | 0 | 0 | 0 | 0 | 1 | camera | target | -0.74626 | 0 | 0.665655 | -0.74
SCRIPT       : DATA_LOG | 844120 | b6Sjt2-RNGxcRaWm937lmzRlL1ZStO-GKN6nDlCMyV4= | 7429.82 | 6.06748 | 3362.8 | -0.171278 | -0.985223 | 0 | AugShort | 0 | 132.508 | 370.372 | 0 | 1 | 0 | 0 | 0 | 0 | 0 | 1 | camera |  | -0.171278 | 0 | -0.985223 | -0.171278
SCRIPT       : DATA_LOG | 845082 | aRapBi1cCZPZAGLIDny3dk3hQ8vTmNTLHRl8zxmKgQ0= | 7200.59 | 33.5591 | 3660.23 | -0.74626 | 0.665655 | 0 | SVD_Wooden | 1 | 168.151 | 379.749 | 0 | 1 | 0 | 0 | 0 | 0 | 0 | 1 | camera | target | -0.74626 | 0 | 0.665655 | -0.7
SCRIPT       : DATA_LOG | 845114 | b6Sjt2-RNGxcRaWm937lmzRlL1ZStO-GKN6nDlCMyV4= | 7429.07 | 6.07256 | 3358.33 | -0.13845 | -0.990369 | 0 | AugShort | 0 | 134.73 | 380.091 | 0 | 1 | 0 | 0 | 0 | 0 | 0 | 1 | camera |  | -0.13845 | 0 | -0.990369 | -0.13845 | 
SCRIPT       : DATA_LOG | 846061 | aRapBi1cCZPZAGLIDny3dk3hQ8vTmNTLHRl8zxmKgQ0= | 7195.43 | 34.5391 | 3664.02 | -0.891732 | 0.452564 | 0 | SCARH_Black | 0 | 153.398 | 391.209 | 0 | 1 | 0 | 0 | 0 | 0 | 0 | 1 | camera | TreeHard_t_quercusRobur_2s | -0.89173
SCRIPT       : DATA_LOG | 846084 | b6Sjt2-RNGxcRaWm937lmzRlL1ZStO-GKN6nDlCMyV4= | 7428.99 | 6.08232 | 3351.73 | 0.345107 | -0.938563 | 0 | AugShort | 0 | 117.391 | 124.893 | 0 | 1 | 1 | 0 | 0 | 0 | 0 | 1 | camera |  | 0.345107 | 0 | -0.938563 | 0.345107 |
SCRIPT       : DATA_LOG | 847063 | aRapBi1cCZPZAGLIDny3dk3hQ8vTmNTLHRl8zxmKgQ0= | 7189.69 | 35.4778 | 3666.47 | -0.987852 | -0.155395 | 0 | SCARH_Black | 0 | 117.528 | 401.322 | 0 | 1 | 0 | 0 | 0 | 0 | 0 | 1 | camera | TreeSoft_t_FagusSylvatica_2sb | -0.9
SCRIPT       : DATA_LOG | 847096 | b6Sjt2-RNGxcRaWm937lmzRlL1ZStO-GKN6nDlCMyV4= | 7427.97 | 6.09273 | 3345.14 | 0.602892 | -0.797823 | 0 | AugShort | 0 | 102.124 | 130.496 | 0 | 1 | 1 | 0 | 0 | 0 | 0 | 1 | camera |  | 0.602892 | 0 | -0.797823 | 0.602892 |
SCRIPT       : DATA_LOG | 848061 | aRapBi1cCZPZAGLIDny3dk3hQ8vTmNTLHRl8zxmKgQ0= | 7186.17 | 35.9964 | 3667.63 | -0.70706 | -0.707153 | 0 | SCARH_Black | 0 | 81.4642 | 406.636 | 0 | 1 | 0 | 0 | 0 | 0 | 0 | 1 | camera | Land_CementWorks_Hall2_Grey | -0.7070
SCRIPT       : DATA_LOG | 848089 | b6Sjt2-RNGxcRaWm937lmzRlL1ZStO-GKN6nDlCMyV4= | 7427.19 | 6.09747 | 3341.4 | -0.349487 | -0.936941 | 0 | AugShort | 0 | 122.953 | 406.84 | 0 | 1 | 0 | 0 | 0 | 0 | 0 | 1 | camera |  | -0.349487 | 0 | -0.936941 | -0.349487 
SCRIPT       : DATA_LOG | 849062 | aRapBi1cCZPZAGLIDny3dk3hQ8vTmNTLHRl8zxmKgQ0= | 7182.7 | 36.3515 | 3667.5 | -0.684397 | -0.729109 | 0 | SCARH_Black | 0 | 79.961 | 408.994 | 0 | 1 | 0 | 0 | 0 | 0 | 0 | 1 | camera | Land_CementWorks_Hall2_Grey | -0.684397
SCRIPT       : DATA_LOG | 849092 | b6Sjt2-RNGxcRaWm937lmzRlL1ZStO-GKN6nDlCMyV4= | 7426.83 | 6.09902 | 3340.62 | -0.448866 | -0.893599 | 0 | AugShort | 0 | 116.47 | 409.212 | 0 | 1 | 0 | 0 | 0 | 0 | 0 | 1 | camera |  | -0.448866 | 0 | -0.893599 | -0.448866
SCRIPT       : DATA_LOG | 850064 | aRapBi1cCZPZAGLIDny3dk3hQ8vTmNTLHRl8zxmKgQ0= | 7179.63 | 36.5378 | 3666.02 | -0.76584 | -0.643032 | 0 | SCARH_Black | 0 | 87.208 | 409.669 | 0 | 1 | 0 | 0 | 0 | 0 | 0 | 1 | camera | TreeHard_t_FagusSylvatica_2s | -0.7658
SCRIPT       : DATA_LOG | 850087 | b6Sjt2-RNGxcRaWm937lmzRlL1ZStO-GKN6nDlCMyV4= | 7426.83 | 6.09902 | 3340.62 | -0.448866 | -0.893599 | 0 | AugShort | 0 | 116.006 | 409.913 | 0 | 1 | 0 | 0 | 0 | 0 | 0 | 1 | camera |  | -0.448866 | 0 | -0.893599 | -0.44886
SCRIPT       : DATA_LOG | 851068 | aRapBi1cCZPZAGLIDny3dk3hQ8vTmNTLHRl8zxmKgQ0= | 7176.33 | 36.8701 | 3665.18 | -0.968842 | -0.247678 | 0 | SCARH_Black | 0 | 113.418 | 410.543 | 0 | 1 | 0 | 0 | 0 | 0 | 0 | 1 | camera | Land_CementWorks_Hall2_Grey | -0.968
SCRIPT       : DATA_LOG | 851096 | b6Sjt2-RNGxcRaWm937lmzRlL1ZStO-GKN6nDlCMyV4= | 7427.57 | 6.09717 | 3341.7 | -0.752935 | 0.658095 | 0 | none | 0 | 11.8806 | 410.94 | 0 | 1 | 0 | 0 | 0 | 0 | 0 | 1 | camera |  | -0.752935 | 0 | 0.658095 | -0.752935 | 0 | 
SCRIPT       : DATA_LOG | 852062 | aRapBi1cCZPZAGLIDny3dk3hQ8vTmNTLHRl8zxmKgQ0= | 7172.7 | 37.4144 | 3665.03 | -0.997549 | 0.069975 | 0 | SCARH_Black | 0 | 132.266 | 414.028 | 0 | 1 | 0 | 0 | 0 | 0 | 0 | 1 | camera | Land_CementWorks_Hall2_Grey | -0.99754
SCRIPT       : DATA_LOG | 852088 | b6Sjt2-RNGxcRaWm937lmzRlL1ZStO-GKN6nDlCMyV4= | 7429.1 | 6.1006 | 3341.47 | -0.427709 | -0.903916 | 0 | none | 0 | 116.187 | 414.203 | 0 | 1 | 0 | 0 | 0 | 0 | 0 | 1 | camera | Land_CementWorks_Hall2_Grey | -0.427709 | 0 |
SCRIPT       : DATA_LOG | 853072 | aRapBi1cCZPZAGLIDny3dk3hQ8vTmNTLHRl8zxmKgQ0= | 7169.1 | 38.0527 | 3665.3 | -0.999235 | 0.0391061 | 0 | SCARH_Black | 0 | 130.949 | 417.615 | 0 | 1 | 0 | 0 | 0 | 0 | 0 | 1 | camera | Land_CementWorks_Hall2_Grey | -0.99923
SCRIPT       : DATA_LOG | 853099 | b6Sjt2-RNGxcRaWm937lmzRlL1ZStO-GKN6nDlCMyV4= | 7430.34 | 6.10468 | 3340.9 | -0.409557 | -0.912284 | 0 | none | 0 | 116.882 | 417.961 | 0 | 1 | 0 | 0 | 0 | 0 | 0 | 1 | camera | Land_CementWorks_Hall2_Grey | -0.409557 | 0 
SCRIPT       : DATA_LOG | 854073 | aRapBi1cCZPZAGLIDny3dk3hQ8vTmNTLHRl8zxmKgQ0= | 7166.6 | 38.4671 | 3663.66 | 0.780996 | -0.624536 | 0 | SCARH_Black | 1 | 7.60225 | 411.57 | 0 | 1 | 1 | 0 | 0 | 0 | 0 | 1 | camera | target | 0.780996 | 0 | -0.624536 | 0.7
SCRIPT       : DATA_LOG | 854100 | b6Sjt2-RNGxcRaWm937lmzRlL1ZStO-GKN6nDlCMyV4= | 7430.34 | 6.10468 | 3340.9 | -0.91839 | -0.395676 | 0 | none | 0 | 74.1115 | 417.974 | 0 | 1 | 0 | 0 | 0 | 0 | 0 | 1 | camera | Land_CementWorks_Hall2_Grey | -0.91839 | 0 | 
SCRIPT       : DATA_LOG | 855066 | aRapBi1cCZPZAGLIDny3dk3hQ8vTmNTLHRl8zxmKgQ0= | 7164.02 | 38.9162 | 3662.7 | 0.783034 | -0.621978 | 0 | SCARH_Black | 1 | 7.72314 | 413.27 | 0 | 1 | 1 | 0 | 0 | 0 | 0 | 1 | camera | target | 0.783034 | 0 | -0.621978 | 0.7
SCRIPT       : DATA_LOG | 855086 | b6Sjt2-RNGxcRaWm937lmzRlL1ZStO-GKN6nDlCMyV4= | 7430.34 | 6.10468 | 3340.9 | 0.0893809 | 0.995998 | 0 | none | 0 | 33.6974 | 132.232 | 0 | 1 | 1 | 0 | 0 | 0 | 0 | 1 | camera | Land_Shed_M1 | 0.0893809 | 0 | 0.995998 | 0.0
SCRIPT       : DATA_LOG | 856070 | aRapBi1cCZPZAGLIDny3dk3hQ8vTmNTLHRl8zxmKgQ0= | 7161.59 | 39.4102 | 3664.59 | 0.643821 | -0.765176 | 0 | SCARH_Black | 0 | 4.39079 | 421.441 | 0 | 1 | 0 | 1 | 0 | 0 | 0 | 1 | camera | TreeSoft_t_FagusSylvatica_2sb | 0.643
SCRIPT       : DATA_LOG | 856100 | b6Sjt2-RNGxcRaWm937lmzRlL1ZStO-GKN6nDlCMyV4= | 7430.73 | 6.10461 | 3341.69 | 0.430036 | 0.902812 | 0 | none | 0 | 13.4467 | 131.388 | 0 | 1 | 1 | 0 | 0 | 0 | 0 | 1 | camera | Land_Shed_M1 | 0.430036 | 0 | 0.902812 | 0.43
SCRIPT       : DATA_LOG | 857069 | aRapBi1cCZPZAGLIDny3dk3hQ8vTmNTLHRl8zxmKgQ0= | 7159.71 | 39.7857 | 3666.92 | 0.631018 | -0.775769 | 0 | SCARH_Black | 0 | 4.53095 | 424.298 | 0 | 1 | 0 | 1 | 0 | 0 | 0 | 1 | camera | TreeSoft_t_FagusSylvatica_2sb | 0.631
SCRIPT       : DATA_LOG | 857097 | b6Sjt2-RNGxcRaWm937lmzRlL1ZStO-GKN6nDlCMyV4= | 7432.46 | 6.10684 | 3343.54 | 0.723216 | 0.690622 | 0 | none | 0 | 7.53083 | 128.842 | 0 | 1 | 1 | 0 | 0 | 0 | 0 | 1 | camera | Land_Shed_M1 | 0.723216 | 0 | 0.690622 | 0.72
SCRIPT       : DATA_LOG | 858068 | aRapBi1cCZPZAGLIDny3dk3hQ8vTmNTLHRl8zxmKgQ0= | 7157.83 | 40.0688 | 3669.25 | 0.631018 | -0.775769 | 0 | SCARH_Black | 0 | 4.63287 | 428.077 | 0 | 1 | 0 | 1 | 0 | 0 | 0 | 1 | camera | TreeSoft_t_FagusSylvatica_2sb | 0.631
SCRIPT       : DATA_LOG | 858095 | b6Sjt2-RNGxcRaWm937lmzRlL1ZStO-GKN6nDlCMyV4= | 7434.64 | 6.15581 | 3344.92 | 0.992186 | 0.124764 | 0 | none | 0 | 44.3962 | 126.411 | 0 | 1 | 1 | 0 | 0 | 0 | 0 | 1 | camera | PowerGenerator | 0.992186 | 0 | 0.124764 | 0.
SCRIPT       : DATA_LOG | 859074 | aRapBi1cCZPZAGLIDny3dk3hQ8vTmNTLHRl8zxmKgQ0= | 7155.64 | 40.3846 | 3670.68 | 0.628999 | -0.777406 | 0 | SVD_Wooden | 0 | 4.68216 | 430.466 | 0 | 1 | 0 | 1 | 0 | 0 | 0 | 1 | camera | TreeSoft_t_FagusSylvatica_2sb | 0.6289
SCRIPT       : DATA_LOG | 859101 | b6Sjt2-RNGxcRaWm937lmzRlL1ZStO-GKN6nDlCMyV4= | 7434.62 | 6.16838 | 3344.93 | 0.649902 | -0.760018 | 0 | none | 0 | 101.012 | 126.412 | 0 | 1 | 1 | 0 | 0 | 0 | 0 | 1 | camera | PowerGenerator | 0.649902 | 0 | -0.760018 | 
SCRIPT       : DATA_LOG | 860080 | aRapBi1cCZPZAGLIDny3dk3hQ8vTmNTLHRl8zxmKgQ0= | 7155.22 | 40.4536 | 3670.37 | 0.633564 | -0.77369 | 1 | SVD_Wooden | 0 | 4.55135 | 430.163 | 0 | 1 | 0 | 1 | 0 | 0 | 1 | 1 | camera | TreeSoft_t_FagusSylvatica_2sb | 0.63356
SCRIPT       : DATA_LOG | 860114 | b6Sjt2-RNGxcRaWm937lmzRlL1ZStO-GKN6nDlCMyV4= | 7433.24 | 6.10609 | 3344.07 | -0.131861 | -0.991268 | 0 | none | 1 | 131.792 | 430.079 | 0 | 1 | 0 | 0 | 0 | 0 | 0 | 1 | camera | none | -0.131861 | 0 | -0.991268 | -0.13186
SCRIPT       : DATA_LOG | 861072 | aRapBi1cCZPZAGLIDny3dk3hQ8vTmNTLHRl8zxmKgQ0= | 7155.22 | 40.4536 | 3670.37 | 0.633564 | -0.77369 | 1 | SVD_Wooden | 1 | 4.46089 | 431.543 | 0 | 1 | 0 | 1 | 0 | 0 | 1 | 1 | camera | none | 0.633564 | 0 | -0.77369 | 0.6335
SCRIPT       : DATA_LOG | 861096 | b6Sjt2-RNGxcRaWm937lmzRlL1ZStO-GKN6nDlCMyV4= | 7431.66 | 6.10802 | 3341.05 | -0.120158 | -0.992755 | 0 | none | 1 | 132.883 | 431.362 | 0 | 1 | 0 | 0 | 0 | 0 | 0 | 1 | camera | target | -0.120158 | 0 | -0.992755 | -0.120
SCRIPT       : DATA_LOG | 862072 | aRapBi1cCZPZAGLIDny3dk3hQ8vTmNTLHRl8zxmKgQ0= | 7155.22 | 40.4536 | 3670.37 | 0.633564 | -0.77369 | 1 | SVD_Wooden | 0 | 4.40095 | 433.148 | 0 | 1 | 0 | 1 | 0 | 0 | 1 | 1 | camera | Land_CementWorks_Hall2_Grey | 0.633564 
SCRIPT       : DATA_LOG | 862094 | b6Sjt2-RNGxcRaWm937lmzRlL1ZStO-GKN6nDlCMyV4= | 7430.37 | 6.11142 | 3337.77 | -0.403864 | -0.914819 | 0 | none | 0 | 116.463 | 433.057 | 0 | 1 | 0 | 0 | 0 | 0 | 0 | 1 | camera | Land_CementWorks_Hall2_Grey | -0.403864 | 0
SCRIPT       : DATA_LOG | 863083 | aRapBi1cCZPZAGLIDny3dk3hQ8vTmNTLHRl8zxmKgQ0= | 7155.22 | 40.4536 | 3670.37 | 0.633564 | -0.77369 | 1 | SVD_Wooden | 0 | 4.38249 | 434.881 | 0 | 1 | 0 | 1 | 0 | 0 | 1 | 1 | camera | TreeSoft_t_FagusSylvatica_2sb | 0.63356
SCRIPT       : DATA_LOG | 863109 | b6Sjt2-RNGxcRaWm937lmzRlL1ZStO-GKN6nDlCMyV4= | 7429.07 | 6.11037 | 3334.43 | -0.390136 | -0.920757 | 0 | none | 0 | 117.73 | 434.794 | 0 | 1 | 0 | 0 | 0 | 0 | 0 | 1 | camera |  | -0.390136 | 0 | -0.920757 | -0.390136 | 0
SCRIPT       : DATA_LOG | 864084 | aRapBi1cCZPZAGLIDny3dk3hQ8vTmNTLHRl8zxmKgQ0= | 7155.22 | 40.4536 | 3670.37 | 0.633564 | -0.77369 | 1 | SVD_Wooden | 0 | 4.42802 | 434.626 | 0 | 1 | 0 | 1 | 0 | 0 | 1 | 1 | camera | TreeSoft_t_FagusSylvatica_2sb | 0.63356
SCRIPT       : DATA_LOG | 864119 | b6Sjt2-RNGxcRaWm937lmzRlL1ZStO-GKN6nDlCMyV4= | 7426.49 | 6.11215 | 3332.12 | -0.998637 | 0.0521987 | 0 | none | 0 | 48.4345 | 434.966 | 0 | 1 | 0 | 0 | 0 | 0 | 0 | 1 | camera |  | -0.998637 | 0 | 0.0521987 | -0.998637 | 
SCRIPT       : DATA_LOG | 865086 | aRapBi1cCZPZAGLIDny3dk3hQ8vTmNTLHRl8zxmKgQ0= | 7155.22 | 40.4536 | 3670.37 | 0.633564 | -0.77369 | 1 | SVD_Wooden | 0 | 4.47045 | 433.468 | 0 | 1 | 0 | 1 | 0 | 0 | 1 | 1 | camera | Land_CementWorks_Hall2_Grey | 0.633564 
SCRIPT       : DATA_LOG | 865128 | b6Sjt2-RNGxcRaWm937lmzRlL1ZStO-GKN6nDlCMyV4= | 7423.82 | 6.42058 | 3331.17 | -0.929451 | 0.368944 | 0 | none | 0 | 30.2889 | 434.032 | 0 | 1 | 0 | 0 | 0 | 0 | 0 | 1 | camera | Land_CementWorks_Hall2_Grey | -0.929451 | 0 
SCRIPT       : DATA_LOG | 866076 | aRapBi1cCZPZAGLIDny3dk3hQ8vTmNTLHRl8zxmKgQ0= | 7155.22 | 40.4536 | 3670.37 | 0.633564 | -0.77369 | 1 | SVD_Wooden | 0 | 4.48039 | 434.134 | 0 | 1 | 0 | 1 | 0 | 0 | 1 | 1 | camera | Land_CementWorks_Hall2_Grey | 0.633564 
SCRIPT       : DATA_LOG | 866098 | b6Sjt2-RNGxcRaWm937lmzRlL1ZStO-GKN6nDlCMyV4= | 7425 | 6.11322 | 3331.32 | -0.953209 | 0.302313 | 0 | none | 0 | 34.1655 | 434.659 | 0 | 1 | 0 | 0 | 0 | 0 | 0 | 1 | camera |  | -0.953209 | 0 | 0.302313 | -0.953209 | 0 | 0
SCRIPT       : DATA_LOG | 867075 | aRapBi1cCZPZAGLIDny3dk3hQ8vTmNTLHRl8zxmKgQ0= | 7155.22 | 40.4536 | 3670.37 | 0.633564 | -0.77369 | 1 | SVD_Wooden | 0 | 4.46511 | 433.989 | 0 | 1 | 0 | 1 | 0 | 0 | 1 | 1 | camera | Land_CementWorks_Hall2_Grey | 0.633564 
SCRIPT       : DATA_LOG | 867097 | b6Sjt2-RNGxcRaWm937lmzRlL1ZStO-GKN6nDlCMyV4= | 7425.29 | 6.1117 | 3332.45 | -0.491095 | -0.871106 | 0 | none | 0 | 111.867 | 433.787 | 0 | 1 | 0 | 0 | 0 | 0 | 0 | 1 | camera |  | -0.491095 | 0 | -0.871106 | -0.491095 | 0
SCRIPT       : DATA_LOG | 868079 | aRapBi1cCZPZAGLIDny3dk3hQ8vTmNTLHRl8zxmKgQ0= | 7155.22 | 40.4536 | 3670.37 | 0.633564 | -0.77369 | 1 | SVD_Wooden | 0 | 4.43809 | 433.387 | 0 | 1 | 0 | 1 | 0 | 0 | 1 | 1 | camera | Land_CementWorks_Hall2_Grey | 0.633564 
SCRIPT       : DATA_LOG | 868105 | b6Sjt2-RNGxcRaWm937lmzRlL1ZStO-GKN6nDlCMyV4= | 7426.06 | 6.10991 | 3333.81 | -0.473036 | -0.881043 | 0 | none | 0 | 112.849 | 433.303 | 0 | 1 | 0 | 0 | 0 | 0 | 0 | 1 | camera |  | -0.473036 | 0 | -0.881043 | -0.473036 | 
SCRIPT       : DATA_LOG | 869077 | aRapBi1cCZPZAGLIDny3dk3hQ8vTmNTLHRl8zxmKgQ0= | 7155.22 | 40.4536 | 3670.37 | 0.633564 | -0.77369 | 1 | SVD_Wooden | 0 | 4.34767 | 432.315 | 0 | 1 | 0 | 1 | 0 | 0 | 1 | 1 | camera | TreeSoft_t_FagusSylvatica_2sb | 0.63356
SCRIPT       : DATA_LOG | 869096 | b6Sjt2-RNGxcRaWm937lmzRlL1ZStO-GKN6nDlCMyV4= | 7427.04 | 6.1077 | 3335.76 | -0.312377 | -0.949958 | 0 | none | 0 | 122.572 | 432.395 | 0 | 1 | 0 | 0 | 0 | 0 | 0 | 1 | camera |  | -0.312377 | 0 | -0.949958 | -0.312377 | 0
SCRIPT       : DATA_LOG | 870087 | aRapBi1cCZPZAGLIDny3dk3hQ8vTmNTLHRl8zxmKgQ0= | 7154.77 | 40.5063 | 3669.99 | 0.640505 | -0.767954 | 1 | SVD_Wooden | 0 | 4.38883 | 431.072 | 0 | 1 | 0 | 1 | 0 | 0 | 1 | 1 | camera | Land_CementWorks_Hall2_Grey | 0.640505
SCRIPT       : DATA_LOG | 870114 | b6Sjt2-RNGxcRaWm937lmzRlL1ZStO-GKN6nDlCMyV4= | 7427.57 | 6.10753 | 3337.83 | -0.224658 | -0.974438 | 0 | none | 0 | 127.459 | 431.142 | 0 | 1 | 0 | 0 | 0 | 0 | 0 | 1 | camera |  | -0.224658 | 0 | -0.974438 | -0.224658 | 
SCRIPT       : DATA_LOG | 871099 | aRapBi1cCZPZAGLIDny3dk3hQ8vTmNTLHRl8zxmKgQ0= | 7154.77 | 40.5063 | 3669.99 | 0.640505 | -0.767954 | 0 | SVD_Wooden | 0 | 4.39039 | 430.323 | 0 | 1 | 0 | 1 | 0 | 0 | 0 | 1 | camera | TreeSoft_t_FagusSylvatica_2sb | 0.6405
SCRIPT       : DATA_LOG | 871140 | b6Sjt2-RNGxcRaWm937lmzRlL1ZStO-GKN6nDlCMyV4= | 7427.88 | 6.10433 | 3339.18 | -0.22393 | -0.974605 | 0 | none | 0 | 127.355 | 430.287 | 0 | 1 | 0 | 0 | 0 | 0 | 0 | 1 | camera |  | -0.22393 | 0 | -0.974605 | -0.22393 | 0 |
SCRIPT       : DATA_LOG | 872092 | aRapBi1cCZPZAGLIDny3dk3hQ8vTmNTLHRl8zxmKgQ0= | 7154.83 | 40.4926 | 3670.63 | 0.646129 | -0.763228 | 0 | SVD_Wooden | 0 | 4.41872 | 429.734 | 0 | 1 | 0 | 1 | 0 | 0 | 0 | 1 | camera | Land_CementWorks_Hall2_Grey | 0.646129
SCRIPT       : DATA_LOG | 872126 | b6Sjt2-RNGxcRaWm937lmzRlL1ZStO-GKN6nDlCMyV4= | 7428.24 | 6.10059 | 3340.76 | -0.223929 | -0.974606 | 0 | none | 0 | 127.262 | 429.478 | 0 | 1 | 0 | 0 | 0 | 0 | 0 | 1 | camera |  | -0.223929 | 0 | -0.974606 | -0.223929 | 
SCRIPT       : DATA_LOG | 873081 | aRapBi1cCZPZAGLIDny3dk3hQ8vTmNTLHRl8zxmKgQ0= | 7156.2 | 40.2739 | 3672.35 | 0.946392 | -0.323021 | 0 | SVD_Wooden | 1 | 14.4393 | 425.101 | 0 | 1 | 1 | 0 | 0 | 0 | 0 | 1 | camera | target | 0.946392 | 0 | -0.323021 | 0.9
SCRIPT       : DATA_LOG | 873108 | b6Sjt2-RNGxcRaWm937lmzRlL1ZStO-GKN6nDlCMyV4= | 7428.65 | 6.098 | 3342.52 | -0.223929 | -0.974606 | 0 | none | 0 | 127.376 | 429.204 | 0 | 1 | 0 | 0 | 0 | 0 | 0 | 1 | camera | Land_CementWorks_Hall2_Grey | -0.223929 | 0 |
SCRIPT       : DATA_LOG | 874103 | aRapBi1cCZPZAGLIDny3dk3hQ8vTmNTLHRl8zxmKgQ0= | 7159.09 | 39.8098 | 3675.43 | 0.520044 | 0.854139 | 0 | SVD_Wooden | 1 | 91.8338 | 424.314 | 0 | 1 | 1 | 0 | 0 | 0 | 0 | 1 | camera | target | 0.520044 | 0 | 0.854139 | 0.52
SCRIPT       : DATA_LOG | 874138 | b6Sjt2-RNGxcRaWm937lmzRlL1ZStO-GKN6nDlCMyV4= | 7428.56 | 6.09837 | 3342.06 | -0.144189 | -0.98955 | 0 | none | 0 | 132.612 | 430.14 | 0 | 1 | 0 | 0 | 0 | 0 | 0 | 1 | camera | Land_CementWorks_Hall2_Grey | -0.144189 | 0 |
SCRIPT       : DATA_LOG | 875092 | aRapBi1cCZPZAGLIDny3dk3hQ8vTmNTLHRl8zxmKgQ0= | 7160.99 | 39.2123 | 3681.45 | 0.157881 | 0.987458 | 0 | SVD_Wooden | 1 | 114.835 | 426.019 | 0 | 1 | 1 | 0 | 0 | 0 | 0 | 1 | camera | target | 0.157881 | 0 | 0.987458 | 0.15
SCRIPT       : DATA_LOG | 875119 | b6Sjt2-RNGxcRaWm937lmzRlL1ZStO-GKN6nDlCMyV4= | 7428.63 | 6.09818 | 3342.33 | -0.223439 | -0.974718 | 0 | none | 0 | 128.698 | 433.627 | 0 | 1 | 0 | 0 | 0 | 0 | 0 | 1 | camera | Land_CementWorks_Hall2_Grey | -0.223439 | 0
SCRIPT       : DATA_LOG | 876097 | aRapBi1cCZPZAGLIDny3dk3hQ8vTmNTLHRl8zxmKgQ0= | 7161.62 | 38.5959 | 3688.11 | 0.0601273 | 0.998191 | 0 | SVD_Wooden | 1 | 121.241 | 429.207 | 0 | 1 | 1 | 0 | 0 | 0 | 0 | 1 | camera | target | 0.0601273 | 0 | 0.998191 | 0.
SCRIPT       : DATA_LOG | 876130 | b6Sjt2-RNGxcRaWm937lmzRlL1ZStO-GKN6nDlCMyV4= | 7429.13 | 6.09664 | 3344.49 | -0.223928 | -0.974606 | 0 | none | 0 | 129.053 | 437.079 | 0 | 1 | 0 | 0 | 0 | 0 | 0 | 1 | camera | TreeHard_t_FagusSylvatica_2s | -0.223928 | 
SCRIPT       : DATA_LOG | 877097 | aRapBi1cCZPZAGLIDny3dk3hQ8vTmNTLHRl8zxmKgQ0= | 7162.45 | 37.6235 | 3694.7 | 0.032349 | 0.999477 | 0 | SVD_Wooden | 0 | 123.615 | 432.239 | 0 | 1 | 1 | 0 | 0 | 0 | 0 | 1 | camera |  | 0.032349 | 0 | 0.999477 | 0.032349 | 
SCRIPT       : DATA_LOG | 877125 | b6Sjt2-RNGxcRaWm937lmzRlL1ZStO-GKN6nDlCMyV4= | 7429.62 | 6.09512 | 3346.64 | -0.223928 | -0.974606 | 0 | none | 1 | 129.448 | 440.305 | 0 | 1 | 0 | 0 | 0 | 0 | 0 | 1 | camera | target | -0.223928 | 0 | -0.974606 | -0.223
SCRIPT       : DATA_LOG | 878101 | aRapBi1cCZPZAGLIDny3dk3hQ8vTmNTLHRl8zxmKgQ0= | 7164.1 | 36.462 | 3699.72 | -0.980706 | -0.195486 | 0 | SVD_Wooden | 0 | 115.749 | 442.287 | 0 | 1 | 0 | 0 | 0 | 0 | 0 | 1 | camera |  | -0.980706 | 0 | -0.195486 | -0.98070
SCRIPT       : DATA_LOG | 878133 | b6Sjt2-RNGxcRaWm937lmzRlL1ZStO-GKN6nDlCMyV4= | 7430.01 | 6.09354 | 3348.04 | -0.251562 | -0.967841 | 0 | none | 0 | 128.194 | 442.164 | 0 | 1 | 0 | 0 | 0 | 0 | 0 | 1 | camera | TreeHard_t_BetulaPendula_2s | -0.251562 | 0
SCRIPT       : DATA_LOG | 879091 | aRapBi1cCZPZAGLIDny3dk3hQ8vTmNTLHRl8zxmKgQ0= | 7162.26 | 36.305 | 3702.08 | 0.137212 | -0.990542 | 0 | SVD_Wooden | 0 | 29.4283 | 444.791 | 0 | 1 | 0 | 0 | 0 | 0 | 0 | 1 | camera |  | 0.137212 | 0 | -0.990542 | 0.137212 
SCRIPT       : DATA_LOG | 879113 | b6Sjt2-RNGxcRaWm937lmzRlL1ZStO-GKN6nDlCMyV4= | 7430.08 | 6.09304 | 3348.27 | -0.242009 | -0.970274 | 0 | none | 0 | 128.751 | 444.78 | 0 | 1 | 0 | 0 | 0 | 0 | 0 | 1 | camera | TreeHard_t_BetulaPendula_2s | -0.242009 | 0 
SCRIPT       : DATA_LOG | 880095 | aRapBi1cCZPZAGLIDny3dk3hQ8vTmNTLHRl8zxmKgQ0= | 7161.2 | 35.91 | 3704.77 | 0.653602 | -0.756838 | 0 | SVD_Wooden | 0 | 5.25606 | 447.51 | 0 | 1 | 0 | 0 | 0 | 0 | 0 | 1 | camera |  | 0.653602 | 0 | -0.756838 | 0.653602 | 0
SCRIPT       : DATA_LOG | 880123 | b6Sjt2-RNGxcRaWm937lmzRlL1ZStO-GKN6nDlCMyV4= | 7430.07 | 6.09313 | 3348.23 | -0.258998 | -0.965878 | 0 | none | 0 | 127.861 | 447.558 | 0 | 1 | 0 | 0 | 0 | 0 | 0 | 1 | camera |  | -0.258998 | 0 | -0.965878 | -0.258998 | 
SCRIPT       : DATA_LOG | 881101 | aRapBi1cCZPZAGLIDny3dk3hQ8vTmNTLHRl8zxmKgQ0= | 7160.3 | 35.6855 | 3707.14 | 0.650322 | -0.759659 | 0 | SVD_Wooden | 0 | 5.10703 | 449.861 | 0 | 1 | 0 | 0 | 0 | 0 | 0 | 1 | camera |  | 0.650322 | 0 | -0.759659 | 0.650322 
SCRIPT       : DATA_LOG | 881132 | b6Sjt2-RNGxcRaWm937lmzRlL1ZStO-GKN6nDlCMyV4= | 7430.1 | 6.09273 | 3348.39 | -0.229372 | -0.973339 | 0 | none | 0 | 129.68 | 449.746 | 0 | 1 | 0 | 0 | 0 | 0 | 0 | 1 | camera |  | -0.229372 | 0 | -0.973339 | -0.229372 | 0 
SCRIPT       : DATA_LOG | 882100 | aRapBi1cCZPZAGLIDny3dk3hQ8vTmNTLHRl8zxmKgQ0= | 7160.9 | 35.6297 | 3706.9 | 0.608267 | -0.793732 | 1 | SVD_Wooden | 0 | 3.64835 | 449.823 | 0 | 1 | 0 | 1 | 0 | 0 | 1 | 1 | camera |  | 0.608267 | 0 | -0.793732 | 0.608267 |
SCRIPT       : DATA_LOG | 882134 | b6Sjt2-RNGxcRaWm937lmzRlL1ZStO-GKN6nDlCMyV4= | 7430.02 | 6.09436 | 3347.74 | -0.186213 | -0.982509 | 0 | none | 0 | 132.282 | 449.789 | 0 | 1 | 0 | 0 | 0 | 0 | 0 | 1 | camera |  | -0.186213 | 0 | -0.982509 | -0.186213 | 
SCRIPT       : DATA_LOG | 883108 | aRapBi1cCZPZAGLIDny3dk3hQ8vTmNTLHRl8zxmKgQ0= | 7160.9 | 35.6297 | 3706.9 | 0.608267 | -0.793732 | 1 | SVD_Wooden | 0 | 3.63647 | 450.501 | 0 | 1 | 0 | 1 | 0 | 0 | 1 | 1 | camera |  | 0.608267 | 0 | -0.793732 | 0.608267 |
SCRIPT       : DATA_LOG | 883132 | b6Sjt2-RNGxcRaWm937lmzRlL1ZStO-GKN6nDlCMyV4= | 7429.68 | 6.09542 | 3346.54 | -0.295908 | -0.955216 | 0 | none | 0 | 125.953 | 450.542 | 0 | 1 | 0 | 0 | 0 | 0 | 0 | 1 | camera |  | -0.295908 | 0 | -0.955216 | -0.295908 | 
SCRIPT       : DATA_LOG | 884103 | aRapBi1cCZPZAGLIDny3dk3hQ8vTmNTLHRl8zxmKgQ0= | 7160.9 | 35.6297 | 3706.9 | 0.608267 | -0.793732 | 1 | SVD_Wooden | 0 | 3.67296 | 450.929 | 0 | 1 | 0 | 1 | 0 | 0 | 1 | 1 | camera |  | 0.608267 | 0 | -0.793732 | 0.608267 |
SCRIPT       : DATA_LOG | 884138 | b6Sjt2-RNGxcRaWm937lmzRlL1ZStO-GKN6nDlCMyV4= | 7429.01 | 6.09501 | 3345.51 | -0.53212 | -0.846669 | 0 | none | 0 | 111.209 | 450.962 | 0 | 1 | 0 | 0 | 0 | 0 | 0 | 1 | camera | TreeHard_t_BetulaPendula_2s | -0.53212 | 0 |
SCRIPT       : DATA_LOG | 885108 | aRapBi1cCZPZAGLIDny3dk3hQ8vTmNTLHRl8zxmKgQ0= | 7160.9 | 35.6297 | 3706.9 | 0.608267 | -0.793732 | 1 | SVD_Wooden | 0 | 3.72436 | 452.018 | 0 | 1 | 0 | 1 | 0 | 0 | 1 | 1 | camera |  | 0.608267 | 0 | -0.793732 | 0.608267 |
SCRIPT       : DATA_LOG | 885139 | b6Sjt2-RNGxcRaWm937lmzRlL1ZStO-GKN6nDlCMyV4= | 7428.19 | 6.09544 | 3343.5 | -0.311965 | -0.950094 | 0 | none | 1 | 125.373 | 452.092 | 0 | 1 | 0 | 0 | 0 | 0 | 0 | 1 | camera | target | -0.311965 | 0 | -0.950094 | -0.3119
SCRIPT       : DATA_LOG | 886105 | aRapBi1cCZPZAGLIDny3dk3hQ8vTmNTLHRl8zxmKgQ0= | 7160.9 | 35.6297 | 3706.9 | 0.608267 | -0.793732 | 1 | SVD_Wooden | 0 | 3.72121 | 451.999 | 0 | 1 | 0 | 1 | 0 | 0 | 1 | 1 | camera |  | 0.608267 | 0 | -0.793732 | 0.608267 |
SCRIPT       : DATA_LOG | 886128 | b6Sjt2-RNGxcRaWm937lmzRlL1ZStO-GKN6nDlCMyV4= | 7428.19 | 6.09544 | 3343.5 | -0.311965 | -0.950094 | 0 | none | 1 | 125.373 | 452.082 | 0 | 1 | 0 | 0 | 0 | 0 | 0 | 1 | camera | target | -0.311965 | 0 | -0.950094 | -0.3119
SCRIPT       : DATA_LOG | 887108 | aRapBi1cCZPZAGLIDny3dk3hQ8vTmNTLHRl8zxmKgQ0= | 7160.9 | 35.6297 | 3706.9 | 0.608267 | -0.793732 | 1 | SVD_Wooden | 0 | 3.77471 | 452.683 | 0 | 1 | 0 | 1 | 0 | 0 | 1 | 1 | camera |  | 0.608267 | 0 | -0.793732 | 0.608267 |
SCRIPT       : DATA_LOG | 887134 | b6Sjt2-RNGxcRaWm937lmzRlL1ZStO-GKN6nDlCMyV4= | 7427.63 | 6.09566 | 3342.28 | -0.393717 | -0.919232 | 1 | AugShort | 0 | 120.53 | 452.732 | 0 | 1 | 0 | 0 | 0 | 0 | 1 | 1 | camera |  | -0.393717 | 0 | -0.919232 | -0.393717
SCRIPT       : DATA_LOG | 888107 | aRapBi1cCZPZAGLIDny3dk3hQ8vTmNTLHRl8zxmKgQ0= | 7160.9 | 35.6297 | 3706.9 | 0.608267 | -0.793732 | 1 | SVD_Wooden | 0 | 3.81552 | 453.17 | 0 | 1 | 0 | 1 | 0 | 0 | 1 | 1 | camera |  | 0.608267 | 0 | -0.793732 | 0.608267 | 
SCRIPT       : DATA_LOG | 888137 | b6Sjt2-RNGxcRaWm937lmzRlL1ZStO-GKN6nDlCMyV4= | 7427.17 | 6.09796 | 3341.21 | -0.384181 | -0.923258 | 1 | AugShort | 0 | 121.248 | 453.33 | 0 | 1 | 0 | 0 | 0 | 0 | 1 | 1 | camera |  | -0.384181 | 0 | -0.923258 | -0.384181
SCRIPT       : DATA_LOG | 889110 | aRapBi1cCZPZAGLIDny3dk3hQ8vTmNTLHRl8zxmKgQ0= | 7160.9 | 35.6297 | 3706.9 | 0.608267 | -0.793732 | 1 | SVD_Wooden | 0 | 3.81506 | 453.164 | 0 | 1 | 0 | 1 | 0 | 0 | 1 | 1 | camera |  | 0.608267 | 0 | -0.793732 | 0.608267 |
SCRIPT       : DATA_LOG | 889142 | b6Sjt2-RNGxcRaWm937lmzRlL1ZStO-GKN6nDlCMyV4= | 7427.17 | 6.09796 | 3341.21 | -0.384181 | -0.923258 | 1 | AugShort | 0 | 121.248 | 453.331 | 0 | 1 | 0 | 0 | 0 | 0 | 1 | 1 | camera |  | -0.384181 | 0 | -0.923258 | -0.38418
SCRIPT       : DATA_LOG | 890113 | aRapBi1cCZPZAGLIDny3dk3hQ8vTmNTLHRl8zxmKgQ0= | 7160.9 | 35.6297 | 3706.9 | 0.608267 | -0.793732 | 1 | SVD_Wooden | 0 | 3.81485 | 453.159 | 0 | 1 | 0 | 1 | 0 | 0 | 1 | 1 | camera |  | 0.608267 | 0 | -0.793732 | 0.608267 |
SCRIPT       : DATA_LOG | 890145 | b6Sjt2-RNGxcRaWm937lmzRlL1ZStO-GKN6nDlCMyV4= | 7427.17 | 6.09796 | 3341.21 | -0.384181 | -0.923258 | 1 | AugShort | 0 | 121.249 | 453.341 | 0 | 1 | 0 | 0 | 0 | 0 | 1 | 1 | camera |  | -0.384181 | 0 | -0.923258 | -0.38418
SCRIPT       : DATA_LOG | 891108 | aRapBi1cCZPZAGLIDny3dk3hQ8vTmNTLHRl8zxmKgQ0= | 7160.9 | 35.6297 | 3706.9 | 0.608267 | -0.793732 | 1 | SVD_Wooden | 0 | 3.81341 | 453.23 | 0 | 1 | 0 | 1 | 0 | 0 | 1 | 1 | camera |  | 0.608267 | 0 | -0.793732 | 0.608267 | 
SCRIPT       : DATA_LOG | 891131 | b6Sjt2-RNGxcRaWm937lmzRlL1ZStO-GKN6nDlCMyV4= | 7427.22 | 6.09807 | 3341.19 | -0.395779 | -0.918346 | 1 | AugShort | 0 | 120.526 | 453.381 | 0 | 1 | 0 | 0 | 0 | 0 | 1 | 1 | camera |  | -0.395779 | 0 | -0.918346 | -0.39577
SCRIPT       : DATA_LOG | 892117 | aRapBi1cCZPZAGLIDny3dk3hQ8vTmNTLHRl8zxmKgQ0= | 7160.9 | 35.6297 | 3706.9 | 0.608267 | -0.793732 | 1 | SVD_Wooden | 0 | 3.82208 | 455.024 | 0 | 1 | 0 | 1 | 0 | 0 | 1 | 1 | camera |  | 0.608267 | 0 | -0.793732 | 0.608267 |
SCRIPT       : DATA_LOG | 892148 | b6Sjt2-RNGxcRaWm937lmzRlL1ZStO-GKN6nDlCMyV4= | 7427.89 | 6.10335 | 3339.53 | -0.50462 | -0.863342 | 1 | AugShort | 0 | 113.61 | 455.104 | 0 | 1 | 0 | 0 | 0 | 0 | 1 | 1 | camera |  | -0.50462 | 0 | -0.863342 | -0.50462 | 
SCRIPT       : DATA_LOG | 893111 | aRapBi1cCZPZAGLIDny3dk3hQ8vTmNTLHRl8zxmKgQ0= | 7160.9 | 35.6297 | 3706.9 | 0.608267 | -0.793732 | 1 | SVD_Wooden | 0 | 3.83318 | 455.453 | 0 | 1 | 0 | 1 | 0 | 0 | 1 | 1 | camera |  | 0.608267 | 0 | -0.793732 | 0.608267 |
SCRIPT       : DATA_LOG | 893141 | b6Sjt2-RNGxcRaWm937lmzRlL1ZStO-GKN6nDlCMyV4= | 7427.95 | 6.10513 | 3338.92 | -0.50464 | -0.86333 | 1 | AugShort | 0 | 113.649 | 455.635 | 0 | 1 | 0 | 0 | 0 | 0 | 1 | 1 | camera |  | -0.50464 | 0 | -0.86333 | -0.50464 | 0
SCRIPT       : DATA_LOG | 894111 | aRapBi1cCZPZAGLIDny3dk3hQ8vTmNTLHRl8zxmKgQ0= | 7159.96 | 35.8633 | 3706.23 | 0.581879 | -0.813275 | 0 | SVD_Wooden | 0 | 3.58867 | 455.472 | 0 | 1 | 0 | 1 | 0 | 0 | 0 | 1 | camera |  | 0.581879 | 0 | -0.813275 | 0.581879
SCRIPT       : DATA_LOG | 894138 | b6Sjt2-RNGxcRaWm937lmzRlL1ZStO-GKN6nDlCMyV4= | 7427.95 | 6.10513 | 3338.92 | -0.50464 | -0.86333 | 1 | AugShort | 0 | 113.517 | 455.589 | 0 | 1 | 0 | 0 | 0 | 0 | 1 | 1 | camera |  | -0.50464 | 0 | -0.86333 | -0.50464 | 0
SCRIPT       : DATA_LOG | 895106 | aRapBi1cCZPZAGLIDny3dk3hQ8vTmNTLHRl8zxmKgQ0= | 7161.5 | 35.365 | 3707.94 | 0.945452 | -0.325761 | 0 | SVD_Wooden | 0 | 18.2311 | 440.665 | 0 | 1 | 1 | 0 | 0 | 0 | 0 | 1 | camera |  | 0.945452 | 0 | -0.325761 | 0.945452 |
SCRIPT       : DATA_LOG | 895128 | b6Sjt2-RNGxcRaWm937lmzRlL1ZStO-GKN6nDlCMyV4= | 7427.95 | 6.10513 | 3338.92 | -0.50464 | -0.86333 | 1 | AugShort | 0 | 113.821 | 456.128 | 0 | 1 | 0 | 0 | 0 | 0 | 1 | 1 | camera |  | -0.50464 | 0 | -0.86333 | -0.50464 | 0
SCRIPT       : DATA_LOG | 896114 | aRapBi1cCZPZAGLIDny3dk3hQ8vTmNTLHRl8zxmKgQ0= | 7164.62 | 34.6229 | 3709.16 | 0.68773 | -0.725967 | 0 | SVD_Wooden | 0 | 8.72801 | 455.052 | 0 | 1 | 0 | 0 | 0 | 0 | 0 | 1 | camera |  | 0.68773 | 0 | -0.725967 | 0.68773 | 
SCRIPT       : DATA_LOG | 896136 | b6Sjt2-RNGxcRaWm937lmzRlL1ZStO-GKN6nDlCMyV4= | 7427.95 | 6.10513 | 3338.92 | -0.50464 | -0.86333 | 1 | AugShort | 0 | 114.22 | 455.188 | 0 | 1 | 0 | 0 | 0 | 0 | 1 | 1 | camera |  | -0.50464 | 0 | -0.86333 | -0.50464 | 0 
SCRIPT       : DATA_LOG | 897110 | aRapBi1cCZPZAGLIDny3dk3hQ8vTmNTLHRl8zxmKgQ0= | 7167.98 | 34.0645 | 3708.91 | 0.649533 | -0.760333 | 0 | SVD_Wooden | 0 | 6.37381 | 452.879 | 0 | 1 | 0 | 0 | 0 | 0 | 0 | 1 | camera |  | 0.649533 | 0 | -0.760333 | 0.649533
SCRIPT       : DATA_LOG | 897136 | b6Sjt2-RNGxcRaWm937lmzRlL1ZStO-GKN6nDlCMyV4= | 7427.95 | 6.10513 | 3338.92 | -0.50464 | -0.86333 | 1 | AugShort | 0 | 114.549 | 453.019 | 0 | 1 | 0 | 0 | 0 | 0 | 1 | 1 | camera |  | -0.50464 | 0 | -0.86333 | -0.50464 | 0
SCRIPT       : DATA_LOG | 898120 | aRapBi1cCZPZAGLIDny3dk3hQ8vTmNTLHRl8zxmKgQ0= | 7171.35 | 33.519 | 3708.67 | 0.729917 | -0.683535 | 0 | SVD_Wooden | 0 | 6.36427 | 433.183 | 0 | 1 | 1 | 0 | 0 | 0 | 0 | 1 | camera |  | 0.729917 | 0 | -0.683535 | 0.729917 
SCRIPT       : DATA_LOG | 898145 | b6Sjt2-RNGxcRaWm937lmzRlL1ZStO-GKN6nDlCMyV4= | 7427.95 | 6.10513 | 3338.92 | -0.50464 | -0.86333 | 1 | AugShort | 0 | 114.887 | 450.867 | 0 | 1 | 0 | 0 | 0 | 0 | 1 | 1 | camera |  | -0.50464 | 0 | -0.86333 | -0.50464 | 0
SCRIPT       : DATA_LOG | 899121 | aRapBi1cCZPZAGLIDny3dk3hQ8vTmNTLHRl8zxmKgQ0= | 7171.29 | 33.7157 | 3707.44 | 0.76517 | -0.643828 | 1 | SVD_Wooden | 0 | 4.24316 | 432.483 | 0 | 1 | 1 | 1 | 1 | 1 | 1 | 1 | camera |  | 0.76517 | 0 | -0.643828 | 0.76517 | 
SCRIPT       : DATA_LOG | 899151 | b6Sjt2-RNGxcRaWm937lmzRlL1ZStO-GKN6nDlCMyV4= | 7427.95 | 6.10513 | 3338.92 | -0.50464 | -0.86333 | 1 | AugShort | 0 | 114.781 | 449.874 | 0 | 1 | 0 | 0 | 0 | 0 | 1 | 1 | camera |  | -0.50464 | 0 | -0.86333 | -0.50464 | 0
SCRIPT       : DATA_LOG | 900120 | aRapBi1cCZPZAGLIDny3dk3hQ8vTmNTLHRl8zxmKgQ0= | 7170.91 | 33.8474 | 3706.99 | 0.775239 | -0.631668 | 1 | SVD_Wooden | 0 | 3.83813 | 432.516 | 0 | 1 | 1 | 1 | 1 | 1 | 1 | 1 | camera |  | 0.775239 | 0 | -0.631668 | 0.775239
SCRIPT       : DATA_LOG | 900150 | b6Sjt2-RNGxcRaWm937lmzRlL1ZStO-GKN6nDlCMyV4= | 7427.95 | 6.10513 | 3338.92 | -0.50464 | -0.86333 | 1 | AugShort | 0 | 114.696 | 449.754 | 0 | 1 | 0 | 0 | 0 | 0 | 1 | 1 | camera |  | -0.50464 | 0 | -0.86333 | -0.50464 | 0
SCRIPT       : DATA_LOG | 901119 | aRapBi1cCZPZAGLIDny3dk3hQ8vTmNTLHRl8zxmKgQ0= | 7171.08 | 33.7859 | 3707.2 | 0.784634 | -0.619959 | 1 | SVD_Wooden | 0 | 3.54464 | 432.505 | 0 | 1 | 1 | 1 | 1 | 1 | 1 | 1 | camera |  | 0.784634 | 0 | -0.619959 | 0.784634 
SCRIPT       : DATA_LOG | 901143 | b6Sjt2-RNGxcRaWm937lmzRlL1ZStO-GKN6nDlCMyV4= | 7427.95 | 6.10513 | 3338.92 | -0.50464 | -0.86333 | 1 | AugShort | 0 | 114.754 | 450.009 | 0 | 1 | 0 | 0 | 0 | 0 | 1 | 1 | camera |  | -0.50464 | 0 | -0.86333 | -0.50464 | 0
SCRIPT       : DATA_LOG | 902128 | aRapBi1cCZPZAGLIDny3dk3hQ8vTmNTLHRl8zxmKgQ0= | 7171.31 | 33.7038 | 3707.49 | 0.784663 | -0.619923 | 1 | SVD_Wooden | 0 | 3.52359 | 432.502 | 0 | 1 | 1 | 1 | 1 | 1 | 1 | 1 | camera |  | 0.784663 | 0 | -0.619923 | 0.784663
SCRIPT       : DATA_LOG | 902158 | b6Sjt2-RNGxcRaWm937lmzRlL1ZStO-GKN6nDlCMyV4= | 7427.95 | 6.10513 | 3338.92 | -0.50464 | -0.86333 | 1 | AugShort | 0 | 114.774 | 449.938 | 0 | 1 | 0 | 0 | 0 | 0 | 1 | 1 | camera | Land_CementWorks_Hall2_Grey | -0.50464 | 
SCRIPT       : DATA_LOG | 903126 | aRapBi1cCZPZAGLIDny3dk3hQ8vTmNTLHRl8zxmKgQ0= | 7172.39 | 33.6459 | 3706.63 | 0.792332 | -0.610091 | 0 | SVD_Wooden | 0 | 3.46034 | 431.118 | 0 | 1 | 1 | 1 | 0 | 0 | 0 | 1 | camera |  | 0.792332 | 0 | -0.610091 | 0.792332
SCRIPT       : DATA_LOG | 903150 | b6Sjt2-RNGxcRaWm937lmzRlL1ZStO-GKN6nDlCMyV4= | 7427.95 | 6.10513 | 3338.92 | -0.50464 | -0.86333 | 1 | AugShort | 0 | 114.837 | 448.587 | 0 | 1 | 0 | 0 | 0 | 0 | 1 | 1 | camera |  | -0.50464 | 0 | -0.86333 | -0.50464 | 0
SCRIPT       : DATA_LOG | 904128 | aRapBi1cCZPZAGLIDny3dk3hQ8vTmNTLHRl8zxmKgQ0= | 7175.39 | 33.4031 | 3704.87 | 0.798005 | -0.60265 | 1 | SVD_Wooden | 0 | 3.51107 | 427.656 | 0 | 1 | 1 | 1 | 1 | 1 | 1 | 1 | camera |  | 0.798005 | 0 | -0.60265 | 0.798005 |
SCRIPT       : DATA_LOG | 904157 | b6Sjt2-RNGxcRaWm937lmzRlL1ZStO-GKN6nDlCMyV4= | 7427.95 | 6.10513 | 3338.92 | -0.50464 | -0.86333 | 1 | AugShort | 0 | 115.031 | 445.434 | 0 | 1 | 0 | 0 | 0 | 0 | 1 | 1 | camera |  | -0.50464 | 0 | -0.86333 | -0.50464 | 0
SCRIPT       : DATA_LOG | 905122 | aRapBi1cCZPZAGLIDny3dk3hQ8vTmNTLHRl8zxmKgQ0= | 7176.02 | 33.3825 | 3704.39 | 0.796271 | -0.604939 | 1 | SVD_Wooden | 0 | 3.48953 | 426.869 | 0 | 1 | 1 | 1 | 1 | 1 | 1 | 1 | camera |  | 0.796271 | 0 | -0.604939 | 0.796271
SCRIPT       : DATA_LOG | 905147 | b6Sjt2-RNGxcRaWm937lmzRlL1ZStO-GKN6nDlCMyV4= | 7427.95 | 6.10513 | 3338.92 | -0.50464 | -0.86333 | 1 | AugShort | 0 | 115.045 | 444.693 | 0 | 1 | 0 | 0 | 0 | 0 | 1 | 1 | camera |  | -0.50464 | 0 | -0.86333 | -0.50464 | 0
SCRIPT       : DATA_LOG | 906125 | aRapBi1cCZPZAGLIDny3dk3hQ8vTmNTLHRl8zxmKgQ0= | 7176.02 | 33.3825 | 3704.39 | 0.796271 | -0.604939 | 1 | SVD_Wooden | 0 | 3.48975 | 426.86 | 0 | 1 | 1 | 1 | 1 | 1 | 1 | 1 | camera |  | 0.796271 | 0 | -0.604939 | 0.796271 
SCRIPT       : DATA_LOG | 906150 | b6Sjt2-RNGxcRaWm937lmzRlL1ZStO-GKN6nDlCMyV4= | 7428.25 | 6.10356 | 3339.64 | -0.366077 | -0.930585 | 0 | AugShort | 0 | 123.769 | 444.26 | 0 | 1 | 0 | 0 | 0 | 0 | 0 | 1 | camera |  | -0.366077 | 0 | -0.930585 | -0.366077
SCRIPT       : DATA_LOG | 907129 | aRapBi1cCZPZAGLIDny3dk3hQ8vTmNTLHRl8zxmKgQ0= | 7176.02 | 33.3825 | 3704.39 | 0.796271 | -0.604939 | 1 | SVD_Wooden | 0 | 3.48964 | 426.865 | 0 | 1 | 1 | 1 | 1 | 1 | 1 | 1 | camera |  | 0.796271 | 0 | -0.604939 | 0.796271
SCRIPT       : DATA_LOG | 907158 | b6Sjt2-RNGxcRaWm937lmzRlL1ZStO-GKN6nDlCMyV4= | 7429.3 | 6.0998 | 3342.46 | -0.330329 | -0.943866 | 0 | AugShort | 0 | 125.627 | 442.553 | 0 | 1 | 0 | 0 | 0 | 0 | 0 | 1 | camera | TreeSoft_t_quercusRobur_1s | -0.330329 | 
SCRIPT       : DATA_LOG | 908123 | aRapBi1cCZPZAGLIDny3dk3hQ8vTmNTLHRl8zxmKgQ0= | 7176.02 | 33.3825 | 3704.39 | 0.796271 | -0.604939 | 1 | SVD_Wooden | 0 | 3.48964 | 426.863 | 0 | 1 | 1 | 1 | 1 | 1 | 1 | 1 | camera |  | 0.796271 | 0 | -0.604939 | 0.796271
SCRIPT       : DATA_LOG | 908148 | b6Sjt2-RNGxcRaWm937lmzRlL1ZStO-GKN6nDlCMyV4= | 7429.53 | 6.09944 | 3343.15 | -0.271915 | -0.962321 | 0 | none | 0 | 129.05 | 442.122 | 0 | 1 | 0 | 0 | 0 | 0 | 0 | 1 | camera |  | -0.271915 | 0 | -0.962321 | -0.271915 | 0
SCRIPT       : DATA_LOG | 909128 | aRapBi1cCZPZAGLIDny3dk3hQ8vTmNTLHRl8zxmKgQ0= | 7176.02 | 33.3825 | 3704.39 | 0.796271 | -0.604939 | 1 | SVD_Wooden | 0 | 3.48959 | 426.863 | 0 | 1 | 1 | 1 | 1 | 1 | 1 | 1 | camera |  | 0.796271 | 0 | -0.604939 | 0.796271
SCRIPT       : DATA_LOG | 909154 | b6Sjt2-RNGxcRaWm937lmzRlL1ZStO-GKN6nDlCMyV4= | 7430.07 | 6.09818 | 3345.22 | -0.252644 | -0.967559 | 0 | none | 0 | 129.978 | 440.745 | 0 | 1 | 0 | 0 | 0 | 0 | 0 | 1 | camera |  | -0.252644 | 0 | -0.967559 | -0.252644 | 
SCRIPT       : DATA_LOG | 910131 | aRapBi1cCZPZAGLIDny3dk3hQ8vTmNTLHRl8zxmKgQ0= | 7176.02 | 33.3825 | 3704.39 | 0.796271 | -0.604939 | 1 | SVD_Wooden | 0 | 3.48959 | 426.864 | 0 | 1 | 1 | 1 | 1 | 1 | 1 | 1 | camera |  | 0.796271 | 0 | -0.604939 | 0.796271
SCRIPT       : DATA_LOG | 910156 | b6Sjt2-RNGxcRaWm937lmzRlL1ZStO-GKN6nDlCMyV4= | 7430.58 | 6.09665 | 3347.16 | -0.250822 | -0.968033 | 0 | none | 0 | 129.885 | 439.461 | 0 | 1 | 0 | 0 | 0 | 0 | 0 | 1 | camera |  | -0.250822 | 0 | -0.968033 | -0.250822 | 
SCRIPT       : DATA_LOG | 911129 | aRapBi1cCZPZAGLIDny3dk3hQ8vTmNTLHRl8zxmKgQ0= | 7176.02 | 33.3825 | 3704.39 | 0.796271 | -0.604939 | 1 | SVD_Wooden | 0 | 3.48953 | 426.865 | 0 | 1 | 1 | 1 | 1 | 1 | 1 | 1 | camera |  | 0.796271 | 0 | -0.604939 | 0.796271
SCRIPT       : DATA_LOG | 911155 | b6Sjt2-RNGxcRaWm937lmzRlL1ZStO-GKN6nDlCMyV4= | 7430.51 | 6.09705 | 3346.95 | -0.239437 | -0.970912 | 0 | none | 0 | 130.578 | 439.589 | 0 | 1 | 0 | 0 | 0 | 0 | 0 | 1 | camera |  | -0.239437 | 0 | -0.970912 | -0.239437 | 
SCRIPT       : DATA_LOG | 912132 | aRapBi1cCZPZAGLIDny3dk3hQ8vTmNTLHRl8zxmKgQ0= | 7176.02 | 33.3825 | 3704.39 | 0.796271 | -0.604939 | 1 | SVD_Wooden | 0 | 3.48964 | 426.868 | 0 | 1 | 1 | 1 | 1 | 1 | 1 | 1 | camera |  | 0.796271 | 0 | -0.604939 | 0.796271
SCRIPT       : DATA_LOG | 912154 | b6Sjt2-RNGxcRaWm937lmzRlL1ZStO-GKN6nDlCMyV4= | 7430.3 | 6.09763 | 3346.11 | -0.339699 | -0.940534 | 0 | none | 0 | 124.679 | 440.148 | 0 | 1 | 0 | 0 | 0 | 0 | 0 | 1 | camera |  | -0.339699 | 0 | -0.940534 | -0.339699 | 0
SCRIPT       : DATA_LOG | 913127 | aRapBi1cCZPZAGLIDny3dk3hQ8vTmNTLHRl8zxmKgQ0= | 7176.02 | 33.3825 | 3704.39 | 0.796271 | -0.604939 | 1 | SVD_Wooden | 0 | 3.48981 | 426.861 | 0 | 1 | 1 | 1 | 1 | 1 | 1 | 1 | camera |  | 0.796271 | 0 | -0.604939 | 0.796271
SCRIPT       : DATA_LOG | 913150 | b6Sjt2-RNGxcRaWm937lmzRlL1ZStO-GKN6nDlCMyV4= | 7430.75 | 6.09655 | 3347.29 | -0.351268 | -0.936275 | 0 | none | 0 | 123.838 | 439.453 | 0 | 1 | 0 | 0 | 0 | 0 | 0 | 1 | camera |  | -0.351268 | 0 | -0.936275 | -0.351268 | 
SCRIPT       : DATA_LOG | 914138 | aRapBi1cCZPZAGLIDny3dk3hQ8vTmNTLHRl8zxmKgQ0= | 7176.02 | 33.3825 | 3704.39 | 0.796271 | -0.604939 | 1 | SVD_Wooden | 0 | 3.4897 | 426.863 | 0 | 1 | 1 | 1 | 1 | 1 | 1 | 1 | camera |  | 0.796271 | 0 | -0.604939 | 0.796271 
SCRIPT       : DATA_LOG | 914163 | b6Sjt2-RNGxcRaWm937lmzRlL1ZStO-GKN6nDlCMyV4= | 7430.95 | 6.09529 | 3347.85 | -0.35127 | -0.936274 | 0 | none | 0 | 123.775 | 439.105 | 0 | 1 | 0 | 0 | 0 | 0 | 0 | 1 | camera |  | -0.35127 | 0 | -0.936274 | -0.35127 | 0 |
SCRIPT       : DATA_LOG | 915137 | aRapBi1cCZPZAGLIDny3dk3hQ8vTmNTLHRl8zxmKgQ0= | 7176.02 | 33.3825 | 3704.39 | 0.796271 | -0.604939 | 1 | SVD_Wooden | 0 | 3.48959 | 426.864 | 0 | 1 | 1 | 1 | 1 | 1 | 1 | 1 | camera |  | 0.796271 | 0 | -0.604939 | 0.796271
SCRIPT       : DATA_LOG | 915164 | b6Sjt2-RNGxcRaWm937lmzRlL1ZStO-GKN6nDlCMyV4= | 7431.44 | 6.09213 | 3349.29 | -0.272747 | -0.962086 | 0 | none | 0 | 128.333 | 438.225 | 0 | 1 | 0 | 0 | 0 | 0 | 0 | 1 | camera |  | -0.272747 | 0 | -0.962086 | -0.272747 | 
SCRIPT       : DATA_LOG | 916136 | aRapBi1cCZPZAGLIDny3dk3hQ8vTmNTLHRl8zxmKgQ0= | 7176.02 | 33.3825 | 3704.39 | 0.796271 | -0.604939 | 1 | SVD_Wooden | 0 | 3.48975 | 426.863 | 0 | 1 | 1 | 1 | 1 | 1 | 1 | 1 | camera |  | 0.796271 | 0 | -0.604939 | 0.796271
SCRIPT       : DATA_LOG | 916160 | b6Sjt2-RNGxcRaWm937lmzRlL1ZStO-GKN6nDlCMyV4= | 7431.45 | 6.09168 | 3349.47 | -0.407056 | -0.913403 | 0 | none | 0 | 120.153 | 438.092 | 0 | 1 | 0 | 0 | 0 | 0 | 0 | 1 | camera |  | -0.407056 | 0 | -0.913403 | -0.407056 | 
SCRIPT       : DATA_LOG | 917136 | aRapBi1cCZPZAGLIDny3dk3hQ8vTmNTLHRl8zxmKgQ0= | 7176.02 | 33.3825 | 3704.39 | 0.796271 | -0.604939 | 1 | SVD_Wooden | 0 | 3.4897 | 426.863 | 0 | 1 | 1 | 1 | 1 | 1 | 1 | 1 | camera |  | 0.796271 | 0 | -0.604939 | 0.796271 
SCRIPT       : DATA_LOG | 917159 | b6Sjt2-RNGxcRaWm937lmzRlL1ZStO-GKN6nDlCMyV4= | 7431.41 | 6.09191 | 3349.36 | -0.42617 | -0.904643 | 0 | none | 0 | 118.964 | 438.16 | 0 | 1 | 0 | 0 | 0 | 0 | 0 | 1 | camera |  | -0.42617 | 0 | -0.904643 | -0.42617 | 0 | 
SCRIPT       : DATA_LOG | 918144 | aRapBi1cCZPZAGLIDny3dk3hQ8vTmNTLHRl8zxmKgQ0= | 7176.69 | 33.3598 | 3703.89 | 0.801147 | -0.598467 | 0 | SVD_Wooden | 0 | 3.58414 | 426.029 | 0 | 1 | 1 | 1 | 0 | 0 | 0 | 1 | camera |  | 0.801147 | 0 | -0.598467 | 0.801147
SCRIPT       : DATA_LOG | 918175 | b6Sjt2-RNGxcRaWm937lmzRlL1ZStO-GKN6nDlCMyV4= | 7431.42 | 6.0919 | 3349.36 | -0.356788 | -0.934185 | 0 | none | 0 | 123.321 | 437.419 | 0 | 1 | 0 | 0 | 0 | 0 | 0 | 1 | camera |  | -0.356788 | 0 | -0.934185 | -0.356788 | 0
SCRIPT       : DATA_LOG | 919144 | aRapBi1cCZPZAGLIDny3dk3hQ8vTmNTLHRl8zxmKgQ0= | 7179.49 | 33.2274 | 3701.83 | 0.801849 | -0.597526 | 0 | SVD_Wooden | 0 | 3.61541 | 422.555 | 0 | 1 | 1 | 1 | 0 | 0 | 0 | 1 | camera |  | 0.801849 | 0 | -0.597526 | 0.801849
SCRIPT       : DATA_LOG | 919176 | b6Sjt2-RNGxcRaWm937lmzRlL1ZStO-GKN6nDlCMyV4= | 7431.42 | 6.09126 | 3349.61 | -0.257527 | -0.966271 | 0 | none | 0 | 129.393 | 433.896 | 0 | 1 | 0 | 0 | 0 | 0 | 0 | 1 | camera |  | -0.257527 | 0 | -0.966271 | -0.257527 | 
SCRIPT       : DATA_LOG | 920143 | aRapBi1cCZPZAGLIDny3dk3hQ8vTmNTLHRl8zxmKgQ0= | 7182.08 | 32.9719 | 3700.57 | 0.783509 | -0.621381 | 0 | SVD_Wooden | 0 | 3.52114 | 419.723 | 0 | 1 | 1 | 1 | 0 | 0 | 0 | 1 | camera |  | 0.783509 | 0 | -0.621381 | 0.783509
SCRIPT       : DATA_LOG | 920173 | b6Sjt2-RNGxcRaWm937lmzRlL1ZStO-GKN6nDlCMyV4= | 7431.21 | 6.09472 | 3348.19 | -0.95719 | -0.289461 | 0 | none | 0 | 71.6064 | 432.435 | 0 | 1 | 0 | 0 | 0 | 0 | 0 | 1 | camera |  | -0.95719 | 0 | -0.289461 | -0.95719 | 0 |
SCRIPT       : DATA_LOG | 921144 | aRapBi1cCZPZAGLIDny3dk3hQ8vTmNTLHRl8zxmKgQ0= | 7182.08 | 32.9719 | 3700.57 | 0.783509 | -0.621381 | 0 | SVD_Wooden | 0 | 3.5207 | 419.722 | 0 | 1 | 1 | 1 | 0 | 0 | 0 | 1 | camera |  | 0.783509 | 0 | -0.621381 | 0.783509 
SCRIPT       : DATA_LOG | 921169 | b6Sjt2-RNGxcRaWm937lmzRlL1ZStO-GKN6nDlCMyV4= | 7431.23 | 6.09403 | 3348.46 | 0.840461 | -0.541873 | 0 | none | 0 | 82.1523 | 125.854 | 0 | 1 | 1 | 0 | 0 | 0 | 0 | 1 | camera |  | 0.840461 | 0 | -0.541873 | 0.840461 | 0 |
SCRIPT       : DATA_LOG | 922143 | aRapBi1cCZPZAGLIDny3dk3hQ8vTmNTLHRl8zxmKgQ0= | 7182.08 | 32.9719 | 3700.57 | 0.783509 | -0.621381 | 0 | SVD_Wooden | 0 | 3.52059 | 419.726 | 0 | 1 | 1 | 1 | 0 | 0 | 0 | 1 | camera |  | 0.783509 | 0 | -0.621381 | 0.783509
SCRIPT       : DATA_LOG | 922166 | b6Sjt2-RNGxcRaWm937lmzRlL1ZStO-GKN6nDlCMyV4= | 7431.21 | 6.0937 | 3348.57 | 0.942364 | -0.334588 | 0 | none | 0 | 68.8489 | 125.772 | 0 | 1 | 1 | 0 | 0 | 0 | 0 | 1 | camera |  | 0.942364 | 0 | -0.334588 | 0.942364 | 0 | 
SCRIPT       : DATA_LOG | 923144 | aRapBi1cCZPZAGLIDny3dk3hQ8vTmNTLHRl8zxmKgQ0= | 7182.23 | 32.9787 | 3700.37 | 0.635406 | -0.772178 | 0 | SVD_Wooden | 0 | 5.3384 | 431.87 | 0 | 1 | 0 | 0 | 0 | 0 | 0 | 1 | camera |  | 0.635406 | 0 | -0.772178 | 0.635406 |
SCRIPT       : DATA_LOG | 923170 | b6Sjt2-RNGxcRaWm937lmzRlL1ZStO-GKN6nDlCMyV4= | 7431.16 | 6.09356 | 3348.6 | 0.904259 | -0.426984 | 0 | none | 0 | 74.5542 | 125.797 | 0 | 1 | 1 | 0 | 0 | 0 | 0 | 1 | camera |  | 0.904259 | 0 | -0.426984 | 0.904259 | 0 | 
SCRIPT       : DATA_LOG | 924145 | aRapBi1cCZPZAGLIDny3dk3hQ8vTmNTLHRl8zxmKgQ0= | 7184.88 | 32.9042 | 3698.1 | 0.75458 | -0.656208 | 0 | SVD_Wooden | 0 | 4.77455 | 415.997 | 0 | 1 | 1 | 1 | 0 | 0 | 0 | 1 | camera |  | 0.75458 | 0 | -0.656208 | 0.75458 | 0
SCRIPT       : DATA_LOG | 924171 | b6Sjt2-RNGxcRaWm937lmzRlL1ZStO-GKN6nDlCMyV4= | 7430.94 | 6.09254 | 3348.87 | 0.861521 | -0.507723 | 0 | none | 0 | 79.6325 | 125.729 | 0 | 1 | 1 | 0 | 0 | 0 | 0 | 1 | camera |  | 0.861521 | 0 | -0.507723 | 0.861521 | 0 |
SCRIPT       : DATA_LOG | 925142 | aRapBi1cCZPZAGLIDny3dk3hQ8vTmNTLHRl8zxmKgQ0= | 7185.86 | 32.7538 | 3697.84 | 0.754608 | -0.656176 | 1 | SVD_Wooden | 0 | 4.72746 | 415.058 | 0 | 1 | 1 | 1 | 1 | 1 | 1 | 1 | camera |  | 0.754608 | 0 | -0.656176 | 0.754608
SCRIPT       : DATA_LOG | 925167 | b6Sjt2-RNGxcRaWm937lmzRlL1ZStO-GKN6nDlCMyV4= | 7429.58 | 6.08847 | 3349.72 | 0.891489 | -0.453043 | 0 | none | 0 | 75.3384 | 125.994 | 0 | 1 | 1 | 0 | 0 | 0 | 0 | 1 | camera |  | 0.891489 | 0 | -0.453043 | 0.891489 | 0 |
SCRIPT       : DATA_LOG | 926149 | aRapBi1cCZPZAGLIDny3dk3hQ8vTmNTLHRl8zxmKgQ0= | 7185.86 | 32.7538 | 3697.84 | 0.754608 | -0.656176 | 1 | SVD_Wooden | 0 | 4.72717 | 415.061 | 0 | 1 | 1 | 1 | 1 | 1 | 1 | 1 | camera |  | 0.754608 | 0 | -0.656176 | 0.754608
SCRIPT       : DATA_LOG | 926176 | b6Sjt2-RNGxcRaWm937lmzRlL1ZStO-GKN6nDlCMyV4= | 7428.17 | 6.0841 | 3350.65 | 0.813169 | -0.582027 | 0 | none | 0 | 83.2307 | 126.24 | 0 | 1 | 1 | 0 | 0 | 0 | 0 | 1 | camera |  | 0.813169 | 0 | -0.582027 | 0.813169 | 0 | -
SCRIPT       : DATA_LOG | 927147 | aRapBi1cCZPZAGLIDny3dk3hQ8vTmNTLHRl8zxmKgQ0= | 7185.86 | 32.7538 | 3697.84 | 0.754608 | -0.656176 | 1 | SVD_Wooden | 0 | 4.72721 | 415.06 | 0 | 1 | 1 | 1 | 1 | 1 | 1 | 1 | camera |  | 0.754608 | 0 | -0.656176 | 0.754608 
SCRIPT       : DATA_LOG | 927170 | b6Sjt2-RNGxcRaWm937lmzRlL1ZStO-GKN6nDlCMyV4= | 7426.36 | 6.07826 | 3351.93 | 0.839702 | -0.543047 | 0 | none | 0 | 79.5351 | 126.539 | 0 | 1 | 1 | 0 | 0 | 0 | 0 | 1 | camera |  | 0.839702 | 0 | -0.543047 | 0.839702 | 0 |
SCRIPT       : DATA_LOG | 928151 | aRapBi1cCZPZAGLIDny3dk3hQ8vTmNTLHRl8zxmKgQ0= | 7185.86 | 32.7538 | 3697.84 | 0.754608 | -0.656176 | 1 | SVD_Wooden | 0 | 4.727 | 415.055 | 0 | 1 | 1 | 1 | 1 | 1 | 1 | 1 | camera |  | 0.754608 | 0 | -0.656176 | 0.754608 |
SCRIPT       : DATA_LOG | 928181 | b6Sjt2-RNGxcRaWm937lmzRlL1ZStO-GKN6nDlCMyV4= | 7425.52 | 6.07571 | 3352.45 | 0.83884 | -0.544379 | 0 | none | 0 | 79.1891 | 126.741 | 0 | 1 | 1 | 0 | 0 | 0 | 0 | 1 | camera |  | 0.83884 | 0 | -0.544379 | 0.83884 | 0 | -0
SCRIPT       : DATA_LOG | 929150 | aRapBi1cCZPZAGLIDny3dk3hQ8vTmNTLHRl8zxmKgQ0= | 7185.86 | 32.7538 | 3697.84 | 0.754608 | -0.656176 | 1 | SVD_Wooden | 0 | 4.85999 | 415.731 | 0 | 1 | 1 | 1 | 1 | 1 | 1 | 1 | camera |  | 0.754608 | 0 | -0.656176 | 0.754608
SCRIPT       : DATA_LOG | 929178 | b6Sjt2-RNGxcRaWm937lmzRlL1ZStO-GKN6nDlCMyV4= | 7425.76 | 6.07627 | 3352.36 | 0.781455 | -0.623962 | 0 | none | 0 | 84.6649 | 127.318 | 0 | 1 | 1 | 0 | 0 | 0 | 0 | 1 | camera |  | 0.781455 | 0 | -0.623962 | 0.781455 | 0 |
SCRIPT       : DATA_LOG | 930152 | aRapBi1cCZPZAGLIDny3dk3hQ8vTmNTLHRl8zxmKgQ0= | 7186.67 | 32.8533 | 3696.4 | 0.432518 | -0.901625 | 0 | SVD_Wooden | 0 | 9.79737 | 419.94 | 0 | 1 | 0 | 0 | 0 | 0 | 0 | 1 | camera |  | 0.432518 | 0 | -0.901625 | 0.432518 |
SCRIPT       : DATA_LOG | 930179 | b6Sjt2-RNGxcRaWm937lmzRlL1ZStO-GKN6nDlCMyV4= | 7425.78 | 6.07636 | 3352.34 | 0.837539 | -0.546377 | 0 | none | 0 | 79.0348 | 127.834 | 0 | 1 | 1 | 0 | 0 | 0 | 0 | 1 | camera |  | 0.837539 | 0 | -0.546377 | 0.837539 | 0 |
SCRIPT       : DATA_LOG | 931152 | aRapBi1cCZPZAGLIDny3dk3hQ8vTmNTLHRl8zxmKgQ0= | 7189.46 | 32.5815 | 3694.81 | 0.530206 | -0.847869 | 0 | SVD_Wooden | 0 | 4.34654 | 417.702 | 0 | 1 | 0 | 1 | 0 | 0 | 0 | 1 | camera |  | 0.530206 | 0 | -0.847869 | 0.530206
SCRIPT       : DATA_LOG | 931178 | b6Sjt2-RNGxcRaWm937lmzRlL1ZStO-GKN6nDlCMyV4= | 7426.37 | 6.0779 | 3352.07 | 0.856037 | -0.516914 | 0 | none | 0 | 77.3106 | 127.633 | 0 | 1 | 1 | 0 | 0 | 0 | 0 | 1 | camera |  | 0.856037 | 0 | -0.516914 | 0.856037 | 0 | 
SCRIPT       : DATA_LOG | 932154 | aRapBi1cCZPZAGLIDny3dk3hQ8vTmNTLHRl8zxmKgQ0= | 7190.01 | 32.1704 | 3696.39 | 0.54689 | -0.837204 | 0 | SVD_Wooden | 0 | 3.61969 | 419.144 | 0 | 1 | 0 | 1 | 0 | 0 | 0 | 1 | camera |  | 0.54689 | 0 | -0.837204 | 0.54689 | 
SCRIPT       : DATA_LOG | 932180 | b6Sjt2-RNGxcRaWm937lmzRlL1ZStO-GKN6nDlCMyV4= | 7427.07 | 6.07982 | 3351.7 | 0.893413 | -0.449236 | 0 | none | 0 | 73.2202 | 127.414 | 0 | 1 | 1 | 0 | 0 | 0 | 0 | 1 | camera |  | 0.893413 | 0 | -0.449236 | 0.893413 | 0 | 
SCRIPT       : DATA_LOG | 933153 | aRapBi1cCZPZAGLIDny3dk3hQ8vTmNTLHRl8zxmKgQ0= | 7189.41 | 32.3454 | 3696.12 | 0.548374 | -0.836233 | 0 | SVD_Wooden | 0 | 3.64067 | 422.043 | 0 | 1 | 0 | 1 | 0 | 0 | 0 | 1 | camera |  | 0.548374 | 0 | -0.836233 | 0.548374
SCRIPT       : DATA_LOG | 933176 | b6Sjt2-RNGxcRaWm937lmzRlL1ZStO-GKN6nDlCMyV4= | 7428.93 | 6.08761 | 3349.72 | 0.526697 | -0.850053 | 0 | none | 0 | 105.962 | 127.606 | 0 | 1 | 1 | 0 | 0 | 0 | 0 | 1 | camera |  | 0.526697 | 0 | -0.850053 | 0.526697 | 0 |
SCRIPT       : DATA_LOG | 934157 | aRapBi1cCZPZAGLIDny3dk3hQ8vTmNTLHRl8zxmKgQ0= | 7189.41 | 32.3454 | 3696.12 | 0.548374 | -0.836233 | 0 | Engraved1911 | 0 | 3.63206 | 424.195 | 0 | 1 | 0 | 1 | 0 | 0 | 0 | 1 | camera |  | 0.548374 | 0 | -0.836233 | 0.5483
SCRIPT       : DATA_LOG | 934182 | b6Sjt2-RNGxcRaWm937lmzRlL1ZStO-GKN6nDlCMyV4= | 7430.41 | 6.09398 | 3348.08 | 0.367285 | -0.930109 | 0 | none | 0 | 117.182 | 127.837 | 0 | 1 | 1 | 0 | 0 | 0 | 0 | 1 | camera |  | 0.367285 | 0 | -0.930109 | 0.367285 | 0 |
SCRIPT       : DATA_LOG | 935155 | aRapBi1cCZPZAGLIDny3dk3hQ8vTmNTLHRl8zxmKgQ0= | 7189.41 | 32.3454 | 3696.12 | 0.548374 | -0.836233 | 1 | Engraved1911 | 0 | 3.56469 | 424.748 | 0 | 1 | 0 | 1 | 0 | 0 | 1 | 1 | camera |  | 0.548374 | 0 | -0.836233 | 0.5483
SCRIPT       : DATA_LOG | 935181 | b6Sjt2-RNGxcRaWm937lmzRlL1ZStO-GKN6nDlCMyV4= | 7429.8 | 6.09524 | 3346.91 | 0.334971 | -0.942228 | 0 | none | 0 | 119.298 | 129.116 | 0 | 1 | 1 | 0 | 0 | 0 | 0 | 1 | camera |  | 0.334971 | 0 | -0.942228 | 0.334971 | 0 | 
SCRIPT       : DATA_LOG | 936169 | aRapBi1cCZPZAGLIDny3dk3hQ8vTmNTLHRl8zxmKgQ0= | 7189.41 | 32.3454 | 3696.12 | 0.548374 | -0.836233 | 1 | Engraved1911 | 0 | 3.54801 | 426.19 | 0 | 1 | 0 | 1 | 0 | 0 | 1 | 1 | camera |  | 0.548374 | 0 | -0.836233 | 0.54837
SCRIPT       : DATA_LOG | 936202 | b6Sjt2-RNGxcRaWm937lmzRlL1ZStO-GKN6nDlCMyV4= | 7430.38 | 6.09838 | 3345.7 | 0.793678 | -0.608338 | 0 | none | 0 | 86.8829 | 129.66 | 0 | 1 | 1 | 0 | 0 | 0 | 0 | 1 | camera |  | 0.793678 | 0 | -0.608338 | 0.793678 | 0 | -
SCRIPT       : DATA_LOG | 937159 | aRapBi1cCZPZAGLIDny3dk3hQ8vTmNTLHRl8zxmKgQ0= | 7189.41 | 32.3454 | 3696.12 | 0.548374 | -0.836233 | 1 | Engraved1911 | 0 | 3.61769 | 429.414 | 0 | 1 | 0 | 1 | 0 | 0 | 1 | 1 | camera |  | 0.548374 | 0 | -0.836233 | 0.5483
SCRIPT       : DATA_LOG | 937186 | b6Sjt2-RNGxcRaWm937lmzRlL1ZStO-GKN6nDlCMyV4= | 7433.79 | 6.10618 | 3344.03 | 0.312367 | -0.949962 | 0 | none | 0 | 122.849 | 128.76 | 0 | 1 | 1 | 0 | 0 | 0 | 0 | 1 | camera | Land_Shed_M1 | 0.312367 | 0 | -0.949962 | 0.3
SCRIPT       : DATA_LOG | 938161 | aRapBi1cCZPZAGLIDny3dk3hQ8vTmNTLHRl8zxmKgQ0= | 7189.41 | 32.3454 | 3696.12 | 0.548374 | -0.836233 | 1 | Engraved1911 | 0 | 3.67354 | 428.863 | 0 | 1 | 0 | 1 | 0 | 0 | 1 | 1 | camera |  | 0.548374 | 0 | -0.836233 | 0.5483
SCRIPT       : DATA_LOG | 938187 | b6Sjt2-RNGxcRaWm937lmzRlL1ZStO-GKN6nDlCMyV4= | 7434.56 | 6.18882 | 3345.08 | -0.637159 | -0.770733 | 0 | none | 0 | 105.439 | 428.957 | 0 | 1 | 0 | 0 | 0 | 0 | 0 | 1 | camera | Land_Shed_M1 | -0.637159 | 0 | -0.770733 | 
SCRIPT       : DATA_LOG | 939164 | aRapBi1cCZPZAGLIDny3dk3hQ8vTmNTLHRl8zxmKgQ0= | 7189.41 | 32.3454 | 3696.12 | 0.548374 | -0.836233 | 1 | Engraved1911 | 0 | 3.77585 | 429.303 | 0 | 1 | 0 | 1 | 0 | 0 | 1 | 1 | camera |  | 0.548374 | 0 | -0.836233 | 0.5483
SCRIPT       : DATA_LOG | 939192 | b6Sjt2-RNGxcRaWm937lmzRlL1ZStO-GKN6nDlCMyV4= | 7435.96 | 6.10355 | 3345.52 | -0.831589 | -0.555391 | 0 | none | 0 | 88.6059 | 429.405 | 0 | 1 | 0 | 0 | 0 | 0 | 0 | 1 | camera | PowerGenerator | -0.831589 | 0 | -0.555391 
SCRIPT       : DATA_LOG | 940162 | aRapBi1cCZPZAGLIDny3dk3hQ8vTmNTLHRl8zxmKgQ0= | 7189.41 | 32.3454 | 3696.12 | 0.548374 | -0.836233 | 1 | Engraved1911 | 0 | 3.77419 | 429.334 | 0 | 1 | 0 | 1 | 0 | 0 | 1 | 1 | camera |  | 0.548374 | 0 | -0.836233 | 0.5483
SCRIPT       : DATA_LOG | 940188 | b6Sjt2-RNGxcRaWm937lmzRlL1ZStO-GKN6nDlCMyV4= | 7435.96 | 6.10355 | 3345.52 | -0.831589 | -0.555391 | 0 | AugShort | 0 | 88.6057 | 429.402 | 0 | 1 | 0 | 0 | 0 | 0 | 0 | 1 | camera | PowerGenerator | -0.831589 | 0 | -0.555
SCRIPT       : DATA_LOG | 941167 | aRapBi1cCZPZAGLIDny3dk3hQ8vTmNTLHRl8zxmKgQ0= | 7189.41 | 32.3454 | 3696.12 | 0.548374 | -0.836233 | 1 | Engraved1911 | 0 | 3.77533 | 429.301 | 0 | 1 | 0 | 1 | 0 | 0 | 1 | 1 | camera |  | 0.548374 | 0 | -0.836233 | 0.5483
SCRIPT       : DATA_LOG | 941198 | b6Sjt2-RNGxcRaWm937lmzRlL1ZStO-GKN6nDlCMyV4= | 7435.96 | 6.10355 | 3345.52 | -0.831589 | -0.555391 | 0 | AugShort | 0 | 88.6055 | 429.398 | 0 | 1 | 0 | 0 | 0 | 0 | 0 | 1 | camera | PowerGenerator | -0.831589 | 0 | -0.555
SCRIPT       : DATA_LOG | 942164 | aRapBi1cCZPZAGLIDny3dk3hQ8vTmNTLHRl8zxmKgQ0= | 7189.41 | 32.3454 | 3696.12 | 0.548374 | -0.836233 | 1 | Engraved1911 | 0 | 3.77585 | 429.302 | 0 | 1 | 0 | 1 | 0 | 0 | 1 | 1 | camera |  | 0.548374 | 0 | -0.836233 | 0.5483
SCRIPT       : DATA_LOG | 942190 | b6Sjt2-RNGxcRaWm937lmzRlL1ZStO-GKN6nDlCMyV4= | 7435.96 | 6.10355 | 3345.52 | -0.831589 | -0.555391 | 0 | AugShort | 0 | 88.6062 | 429.407 | 0 | 1 | 0 | 0 | 0 | 0 | 0 | 1 | camera | PowerGenerator | -0.831589 | 0 | -0.555
SCRIPT       : DATA_LOG | 943164 | aRapBi1cCZPZAGLIDny3dk3hQ8vTmNTLHRl8zxmKgQ0= | 7189.79 | 32.3706 | 3695.57 | 0.557145 | -0.830415 | 0 | Engraved1911 | 0 | 3.52737 | 428.294 | 0 | 1 | 0 | 1 | 0 | 0 | 0 | 1 | camera |  | 0.557145 | 0 | -0.830415 | 0.5571
SCRIPT       : DATA_LOG | 943191 | b6Sjt2-RNGxcRaWm937lmzRlL1ZStO-GKN6nDlCMyV4= | 7435.71 | 6.10285 | 3345.78 | -0.754969 | -0.655761 | 0 | AugShort | 0 | 95.8568 | 428.303 | 0 | 1 | 0 | 0 | 0 | 0 | 0 | 1 | camera | Land_Shed_M1 | -0.754969 | 0 | -0.65576
SCRIPT       : DATA_LOG | 944168 | aRapBi1cCZPZAGLIDny3dk3hQ8vTmNTLHRl8zxmKgQ0= | 7191.99 | 32.5533 | 3692.22 | 0.548872 | -0.835907 | 0 | Engraved1911 | 0 | 3.75765 | 424.127 | 0 | 1 | 0 | 1 | 0 | 0 | 0 | 1 | camera |  | 0.548872 | 0 | -0.835907 | 0.5488
SCRIPT       : DATA_LOG | 944194 | b6Sjt2-RNGxcRaWm937lmzRlL1ZStO-GKN6nDlCMyV4= | 7434.76 | 6.10408 | 3345.33 | -0.596841 | -0.802359 | 0 | AugShort | 0 | 108.323 | 424.119 | 0 | 1 | 0 | 0 | 0 | 0 | 0 | 1 | camera | Land_Shed_M1 | -0.596841 | 0 | -0.80235
SCRIPT       : DATA_LOG | 945169 | aRapBi1cCZPZAGLIDny3dk3hQ8vTmNTLHRl8zxmKgQ0= | 7192.71 | 32.9175 | 3689.51 | 0.548872 | -0.835907 | 0 | SVD_Wooden | 0 | 3.73229 | 422.313 | 0 | 1 | 0 | 1 | 0 | 0 | 0 | 1 | camera |  | 0.548872 | 0 | -0.835907 | 0.548872
SCRIPT       : DATA_LOG | 945195 | b6Sjt2-RNGxcRaWm937lmzRlL1ZStO-GKN6nDlCMyV4= | 7433.24 | 6.10725 | 3343.21 | -0.996917 | 0.0784598 | 0 | AugShort | 1 | 50.8227 | 422.415 | 0 | 1 | 0 | 0 | 0 | 0 | 0 | 1 | camera | target | -0.996917 | 0 | 0.0784598 | -0
SCRIPT       : DATA_LOG | 946176 | aRapBi1cCZPZAGLIDny3dk3hQ8vTmNTLHRl8zxmKgQ0= | 7193.66 | 33.1528 | 3687.21 | 0.537107 | -0.843514 | 0 | SVD_Wooden | 0 | 3.96625 | 420.05 | 0 | 1 | 0 | 1 | 0 | 0 | 0 | 1 | camera |  | 0.537107 | 0 | -0.843514 | 0.537107 
SCRIPT       : DATA_LOG | 946209 | b6Sjt2-RNGxcRaWm937lmzRlL1ZStO-GKN6nDlCMyV4= | 7430.65 | 6.10524 | 3341.09 | -0.560836 | 0.827927 | 0 | AugShort | 0 | 3.90445 | 420.212 | 0 | 1 | 0 | 1 | 0 | 0 | 0 | 1 | camera | TreeSoft_t_FagusSylvatica_1s | -0.560836
SCRIPT       : DATA_LOG | 947170 | aRapBi1cCZPZAGLIDny3dk3hQ8vTmNTLHRl8zxmKgQ0= | 7196.65 | 33.5467 | 3681.46 | 0.514291 | -0.857616 | 0 | SVD_Wooden | 0 | 4.94601 | 414.874 | 0 | 1 | 0 | 1 | 0 | 0 | 0 | 1 | camera |  | 0.514291 | 0 | -0.857616 | 0.514291
SCRIPT       : DATA_LOG | 947199 | b6Sjt2-RNGxcRaWm937lmzRlL1ZStO-GKN6nDlCMyV4= | 7430.31 | 6.10663 | 3339.53 | -0.554288 | 0.832325 | 1 | AugShort | 1 | 4.04651 | 414.774 | 0 | 1 | 0 | 1 | 0 | 0 | 1 | 1 | camera | none | -0.554288 | -0 | 0.832325 | -0.55
SCRIPT       : DATA_LOG | 948169 | aRapBi1cCZPZAGLIDny3dk3hQ8vTmNTLHRl8zxmKgQ0= | 7199.41 | 33.7771 | 3675.44 | 0.514246 | -0.857643 | 0 | SVD_Wooden | 1 | 5.12216 | 408.218 | 0 | 1 | 0 | 0 | 0 | 0 | 0 | 1 | camera | target | 0.514246 | 0 | -0.857643 | 0.
SCRIPT       : DATA_LOG | 948188 | b6Sjt2-RNGxcRaWm937lmzRlL1ZStO-GKN6nDlCMyV4= | 7430.21 | 6.10611 | 3339.68 | -0.556581 | 0.830793 | 1 | AugShort | 1 | 4.14317 | 408.114 | 0 | 1 | 0 | 1 | 0 | 0 | 1 | 1 | camera | none | -0.556581 | -0 | 0.830793 | -0.55
SCRIPT       : DATA_LOG | 949173 | aRapBi1cCZPZAGLIDny3dk3hQ8vTmNTLHRl8zxmKgQ0= | 7202.15 | 33.5128 | 3669.61 | 0.499255 | -0.866455 | 0 | SVD_Wooden | 1 | 5.97061 | 401.899 | 0 | 1 | 0 | 0 | 0 | 0 | 0 | 1 | camera | target | 0.499255 | 0 | -0.866455 | 0.
SCRIPT       : DATA_LOG | 949201 | b6Sjt2-RNGxcRaWm937lmzRlL1ZStO-GKN6nDlCMyV4= | 7430.21 | 6.10611 | 3339.68 | -0.556581 | 0.830793 | 0 | AugShort | 1 | 4.19909 | 401.73 | 0 | 1 | 0 | 1 | 0 | 0 | 0 | 1 | camera | none | -0.556581 | -0 | 0.830793 | -0.556
SCRIPT       : DATA_LOG | 950176 | aRapBi1cCZPZAGLIDny3dk3hQ8vTmNTLHRl8zxmKgQ0= | 7202.84 | 33.463 | 3667.46 | 0.496138 | -0.868244 | 0 | SVD_Wooden | 1 | 6.21773 | 399.741 | 0 | 1 | 0 | 0 | 0 | 0 | 0 | 1 | camera | target | 0.496138 | 0 | -0.868244 | 0.4
SCRIPT       : DATA_LOG | 950205 | b6Sjt2-RNGxcRaWm937lmzRlL1ZStO-GKN6nDlCMyV4= | 7430.21 | 6.10611 | 3339.68 | -0.556581 | 0.830793 | 0 | AugShort | 1 | 4.25575 | 399.881 | 0 | 1 | 0 | 1 | 0 | 0 | 0 | 1 | camera | none | -0.556581 | -0 | 0.830793 | -0.55
SCRIPT       : DATA_LOG | 951178 | aRapBi1cCZPZAGLIDny3dk3hQ8vTmNTLHRl8zxmKgQ0= | 7201.89 | 33.6218 | 3665.51 | -0.440723 | -0.897643 | 0 | SVD_Wooden | 1 | 61.2396 | 398.706 | 0 | 1 | 0 | 0 | 0 | 0 | 0 | 1 | camera | target | -0.440723 | 0 | -0.897643 | 
SCRIPT       : DATA_LOG | 951202 | b6Sjt2-RNGxcRaWm937lmzRlL1ZStO-GKN6nDlCMyV4= | 7430.21 | 6.10611 | 3339.68 | -0.556581 | 0.830793 | 0 | AugShort | 1 | 4.35555 | 398.94 | 0 | 1 | 0 | 1 | 0 | 0 | 0 | 1 | camera | target | -0.556581 | -0 | 0.830793 | -0.5
SCRIPT       : DATA_LOG | 952180 | aRapBi1cCZPZAGLIDny3dk3hQ8vTmNTLHRl8zxmKgQ0= | 7200.29 | 33.6905 | 3662.24 | -0.44103 | -0.897492 | 0 | SVD_Wooden | 0 | 61.7034 | 397.1 | 0 | 1 | 0 | 0 | 0 | 0 | 0 | 1 | camera | Land_CementWorks_Hall2_Grey | -0.44103 |
SCRIPT       : DATA_LOG | 952208 | b6Sjt2-RNGxcRaWm937lmzRlL1ZStO-GKN6nDlCMyV4= | 7430.22 | 6.10615 | 3339.67 | -0.838235 | -0.545309 | 0 | AugShort | 0 | 87.5581 | 397.179 | 0 | 1 | 0 | 0 | 0 | 0 | 0 | 1 | camera | Land_CementWorks_Hall2_Grey | -0.838235
SCRIPT       : DATA_LOG | 953183 | aRapBi1cCZPZAGLIDny3dk3hQ8vTmNTLHRl8zxmKgQ0= | 7198.65 | 33.7158 | 3658.86 | -0.44103 | -0.897492 | 0 | SVD_Wooden | 0 | 62.0288 | 398.427 | 0 | 1 | 0 | 0 | 0 | 0 | 0 | 1 | camera | TreeHard_t_BetulaPendula_2s | -0.44103
SCRIPT       : DATA_LOG | 953216 | b6Sjt2-RNGxcRaWm937lmzRlL1ZStO-GKN6nDlCMyV4= | 7431.21 | 6.11324 | 3336.47 | 0.253983 | -0.967209 | 0 | AugShort | 0 | 127.49 | 136.288 | 0 | 1 | 1 | 0 | 0 | 0 | 0 | 1 | camera | Land_Shed_M1 | 0.253983 | 0 | -0.967209 |
SCRIPT       : DATA_LOG | 954185 | aRapBi1cCZPZAGLIDny3dk3hQ8vTmNTLHRl8zxmKgQ0= | 7197.1 | 33.6382 | 3655.68 | -0.458613 | -0.888636 | 0 | SCARH_Black | 0 | 63.437 | 400.199 | 0 | 1 | 0 | 0 | 0 | 0 | 0 | 1 | camera | Land_CementWorks_Hall2_Grey | -0.45861
SCRIPT       : DATA_LOG | 954217 | b6Sjt2-RNGxcRaWm937lmzRlL1ZStO-GKN6nDlCMyV4= | 7432.27 | 6.1146 | 3333.02 | 0.253994 | -0.967206 | 0 | AugShort | 0 | 128.712 | 138.399 | 0 | 1 | 1 | 0 | 0 | 0 | 0 | 1 | camera |  | 0.253994 | 0 | -0.967206 | 0.253994 | 
SCRIPT       : DATA_LOG | 955177 | aRapBi1cCZPZAGLIDny3dk3hQ8vTmNTLHRl8zxmKgQ0= | 7193.91 | 33.5447 | 3651.32 | -0.542614 | -0.839982 | 0 | SCARH_Black | 0 | 69.6112 | 401.959 | 0 | 1 | 0 | 0 | 0 | 0 | 0 | 1 | camera | TreeHard_t_FagusSylvatica_2s | -0.54
SCRIPT       : DATA_LOG | 955200 | b6Sjt2-RNGxcRaWm937lmzRlL1ZStO-GKN6nDlCMyV4= | 7433.66 | 6.11487 | 3329.81 | 0.253994 | -0.967206 | 0 | AugShort | 0 | 129.951 | 140.171 | 0 | 1 | 1 | 0 | 0 | 0 | 0 | 1 | camera |  | 0.253994 | 0 | -0.967206 | 0.253994 |
SCRIPT       : DATA_LOG | 956185 | aRapBi1cCZPZAGLIDny3dk3hQ8vTmNTLHRl8zxmKgQ0= | 7188.73 | 33.7199 | 3647.21 | -0.561373 | -0.827563 | 0 | SCARH_Black | 0 | 71.7432 | 405.363 | 0 | 1 | 0 | 0 | 0 | 0 | 0 | 1 | camera | Land_CementWorks_Hall2_Grey | -0.561
SCRIPT       : DATA_LOG | 956216 | b6Sjt2-RNGxcRaWm937lmzRlL1ZStO-GKN6nDlCMyV4= | 7435.3 | 6.11496 | 3326.6 | 0.490931 | -0.871198 | 0 | AugShort | 0 | 116.552 | 141.888 | 0 | 1 | 1 | 0 | 0 | 0 | 0 | 1 | camera |  | 0.490931 | 0 | -0.871198 | 0.490931 | 0
SCRIPT       : DATA_LOG | 957186 | aRapBi1cCZPZAGLIDny3dk3hQ8vTmNTLHRl8zxmKgQ0= | 7183.46 | 34.0012 | 3643.2 | -0.561394 | -0.827549 | 0 | SCARH_Black | 0 | 72.4929 | 408.092 | 0 | 1 | 0 | 0 | 0 | 0 | 0 | 1 | camera | Land_CementWorks_Hall2_Grey | -0.5613
SCRIPT       : DATA_LOG | 957213 | b6Sjt2-RNGxcRaWm937lmzRlL1ZStO-GKN6nDlCMyV4= | 7435.66 | 6.11499 | 3323.66 | 0.995502 | -0.0947388 | 0 | AugShort | 0 | 62.164 | 144.131 | 0 | 1 | 1 | 0 | 0 | 0 | 0 | 1 | camera |  | 0.995502 | 0 | -0.0947388 | 0.995502 
SCRIPT       : DATA_LOG | 958184 | aRapBi1cCZPZAGLIDny3dk3hQ8vTmNTLHRl8zxmKgQ0= | 7178.5 | 34.1941 | 3638.83 | -0.764416 | -0.644724 | 0 | SCARH_Black | 0 | 89.0026 | 408.69 | 0 | 1 | 0 | 0 | 0 | 0 | 0 | 1 | camera | Land_CementWorks_Hall2_Grey | -0.76441
SCRIPT       : DATA_LOG | 958212 | b6Sjt2-RNGxcRaWm937lmzRlL1ZStO-GKN6nDlCMyV4= | 7435.95 | 6.11494 | 3322.62 | 0.554352 | -0.832282 | 0 | AugShort | 0 | 113.384 | 144.847 | 0 | 1 | 1 | 0 | 0 | 0 | 0 | 1 | camera |  | 0.554352 | 0 | -0.832282 | 0.554352 |
SCRIPT       : DATA_LOG | 959184 | aRapBi1cCZPZAGLIDny3dk3hQ8vTmNTLHRl8zxmKgQ0= | 7175.19 | 33.74 | 3633.15 | 0.117666 | -0.993053 | 0 | SCARH_Black | 0 | 33.3602 | 407.54 | 0 | 1 | 0 | 0 | 0 | 0 | 0 | 1 | camera | Land_CementWorks_Hall2_Grey | 0.117666 |
SCRIPT       : DATA_LOG | 959210 | b6Sjt2-RNGxcRaWm937lmzRlL1ZStO-GKN6nDlCMyV4= | 7436.32 | 6.26193 | 3321.35 | 0.173421 | -0.984848 | 0 | AugShort | 0 | 137.457 | 145.712 | 0 | 1 | 1 | 0 | 0 | 0 | 0 | 1 | camera |  | 0.173421 | 0 | -0.984848 | 0.173421 |
SCRIPT       : DATA_LOG | 960185 | aRapBi1cCZPZAGLIDny3dk3hQ8vTmNTLHRl8zxmKgQ0= | 7169.94 | 33.8362 | 3629.88 | -0.837932 | -0.545774 | 0 | SCARH_Black | 0 | 97.454 | 410.821 | 0 | 1 | 0 | 0 | 0 | 0 | 0 | 1 | camera | Land_CementWorks_Hall2_Grey | -0.8379
SCRIPT       : DATA_LOG | 960211 | b6Sjt2-RNGxcRaWm937lmzRlL1ZStO-GKN6nDlCMyV4= | 7436.5 | 6.34435 | 3318.41 | -0.383017 | -0.923741 | 0 | AugShort | 0 | 116.796 | 411.025 | 0 | 1 | 0 | 0 | 0 | 0 | 0 | 1 | camera |  | -0.383017 | 0 | -0.923741 | -0.383017
SCRIPT       : DATA_LOG | 961185 | aRapBi1cCZPZAGLIDny3dk3hQ8vTmNTLHRl8zxmKgQ0= | 7168.04 | 33.2154 | 3625.66 | -0.406611 | -0.913601 | 0 | SCARH_Black | 0 | 65.0139 | 411.772 | 0 | 1 | 0 | 0 | 0 | 0 | 0 | 1 | camera | Land_CementWorks_Hall2_Grey | -0.406
SCRIPT       : DATA_LOG | 961209 | b6Sjt2-RNGxcRaWm937lmzRlL1ZStO-GKN6nDlCMyV4= | 7437.52 | 6.11489 | 3315.57 | -0.481132 | -0.876648 | 0 | AugShort | 0 | 110.169 | 411.652 | 0 | 1 | 0 | 0 | 0 | 0 | 0 | 1 | camera |  | -0.481132 | 0 | -0.876648 | -0.48113
SCRIPT       : DATA_LOG | 962190 | aRapBi1cCZPZAGLIDny3dk3hQ8vTmNTLHRl8zxmKgQ0= | 7167.22 | 32.5685 | 3621.96 | 0.229144 | -0.973393 | 0 | SCARH_Black | 0 | 28.2838 | 412.184 | 0 | 1 | 0 | 0 | 0 | 0 | 0 | 1 | camera | Land_CementWorks_Hall2_Grey | 0.22914
SCRIPT       : DATA_LOG | 962218 | b6Sjt2-RNGxcRaWm937lmzRlL1ZStO-GKN6nDlCMyV4= | 7438.92 | 6.11495 | 3313.07 | 0.735413 | -0.67762 | 0 | AugShort | 0 | 102.617 | 151.437 | 0 | 1 | 1 | 0 | 0 | 0 | 0 | 1 | camera | Land_Shed_W3 | 0.735413 | 0 | -0.67762 | 
SCRIPT       : DATA_LOG | 963188 | aRapBi1cCZPZAGLIDny3dk3hQ8vTmNTLHRl8zxmKgQ0= | 7164.38 | 32.7428 | 3620.82 | 0.462767 | -0.88648 | 0 | SCARH_Black | 0 | 14.6717 | 413.94 | 0 | 1 | 0 | 0 | 0 | 0 | 0 | 1 | camera | Land_CementWorks_Hall2_Grey | 0.462767 
SCRIPT       : DATA_LOG | 963217 | b6Sjt2-RNGxcRaWm937lmzRlL1ZStO-GKN6nDlCMyV4= | 7439.85 | 6.11497 | 3312.93 | 0.979094 | 0.20341 | 0 | AugShort | 0 | 48.5556 | 151.095 | 0 | 1 | 1 | 0 | 0 | 0 | 0 | 1 | camera | Land_Shed_W3 | 0.979094 | 0 | 0.20341 | 0.
SCRIPT       : DATA_LOG | 964190 | aRapBi1cCZPZAGLIDny3dk3hQ8vTmNTLHRl8zxmKgQ0= | 7161.63 | 33.0371 | 3619.59 | 0.281729 | -0.959494 | 0 | SCARH_Black | 0 | 26.138 | 415.059 | 0 | 1 | 0 | 0 | 0 | 0 | 0 | 1 | camera | Land_CementWorks_Hall2_Grey | 0.281729
SCRIPT       : DATA_LOG | 964214 | b6Sjt2-RNGxcRaWm937lmzRlL1ZStO-GKN6nDlCMyV4= | 7440.3 | 6.11532 | 3313.07 | 0.959857 | 0.280489 | 0 | AugShort | 0 | 44.1216 | 150.75 | 0 | 1 | 1 | 0 | 0 | 0 | 0 | 1 | camera | Land_Shed_W3 | 0.959857 | 0 | 0.280489 | 0.
SCRIPT       : DATA_LOG | 965188 | aRapBi1cCZPZAGLIDny3dk3hQ8vTmNTLHRl8zxmKgQ0= | 7158.72 | 33.387 | 3618.77 | 0.265823 | -0.964022 | 0 | SCARH_Black | 0 | 27.4497 | 416.443 | 0 | 1 | 0 | 0 | 0 | 0 | 0 | 1 | camera | Land_CementWorks_Hall2_Grey | 0.265823
SCRIPT       : DATA_LOG | 965214 | b6Sjt2-RNGxcRaWm937lmzRlL1ZStO-GKN6nDlCMyV4= | 7440.3 | 6.11532 | 3313.07 | 0.959857 | 0.280489 | 0 | AugShort | 0 | 44.1216 | 150.75 | 0 | 1 | 1 | 0 | 0 | 0 | 0 | 1 | camera | Land_Shed_W3 | 0.959857 | 0 | 0.280489 | 0.
SCRIPT       : DATA_LOG | 966192 | aRapBi1cCZPZAGLIDny3dk3hQ8vTmNTLHRl8zxmKgQ0= | 7155.8 | 33.8018 | 3617.97 | 0.265801 | -0.964028 | 0 | SCARH_Black | 0 | 27.8202 | 417.872 | 0 | 1 | 0 | 0 | 0 | 0 | 0 | 1 | camera | Land_CementWorks_Hall2_Grey | 0.265801
SCRIPT       : DATA_LOG | 966221 | b6Sjt2-RNGxcRaWm937lmzRlL1ZStO-GKN6nDlCMyV4= | 7440.3 | 6.11532 | 3313.07 | 0.959857 | 0.280489 | 0 | AugShort | 0 | 44.1216 | 150.75 | 0 | 1 | 1 | 0 | 0 | 0 | 0 | 1 | camera | Land_Shed_W3 | 0.959857 | 0 | 0.280489 | 0.
SCRIPT       : DATA_LOG | 967193 | aRapBi1cCZPZAGLIDny3dk3hQ8vTmNTLHRl8zxmKgQ0= | 7153.01 | 34.3372 | 3617.89 | 0.428977 | -0.903315 | 0 | SCARH_Black | 0 | 18.333 | 420.207 | 0 | 1 | 0 | 0 | 0 | 0 | 0 | 1 | camera | Land_CementWorks_Hall2_Grey | 0.428977
SCRIPT       : DATA_LOG | 967218 | b6Sjt2-RNGxcRaWm937lmzRlL1ZStO-GKN6nDlCMyV4= | 7441.02 | 6.11628 | 3313.1 | 0.999413 | 0.0342588 | 0 | AugShort | 0 | 58.6826 | 150.374 | 0 | 1 | 1 | 0 | 0 | 0 | 0 | 1 | camera | Land_Shed_W3 | 0.999413 | 0 | 0.0342588 |
SCRIPT       : DATA_LOG | 968197 | aRapBi1cCZPZAGLIDny3dk3hQ8vTmNTLHRl8zxmKgQ0= | 7150.26 | 34.9261 | 3618.1 | 0.371573 | -0.928404 | 0 | SCARH_Black | 0 | 22.1172 | 422.241 | 0 | 1 | 0 | 0 | 0 | 0 | 0 | 1 | camera | Land_CementWorks_Hall2_Grey | 0.371573
SCRIPT       : DATA_LOG | 968228 | b6Sjt2-RNGxcRaWm937lmzRlL1ZStO-GKN6nDlCMyV4= | 7441.02 | 6.11628 | 3313.1 | 0.140596 | 0.990067 | 0 | AugShort | 0 | 21.2718 | 150.374 | 0 | 1 | 1 | 0 | 0 | 0 | 0 | 1 | camera | Land_Shed_W3 | 0.140596 | 0 | 0.990067 | 0
SCRIPT       : DATA_LOG | 969194 | aRapBi1cCZPZAGLIDny3dk3hQ8vTmNTLHRl8zxmKgQ0= | 7148.54 | 35.4043 | 3617.33 | 0.364227 | -0.93131 | 0 | SCARH_Black | 0 | 22.8699 | 423.185 | 0 | 1 | 0 | 0 | 0 | 0 | 0 | 1 | camera | Land_CementWorks_Hall2_Grey | 0.364227
SCRIPT       : DATA_LOG | 969224 | b6Sjt2-RNGxcRaWm937lmzRlL1ZStO-GKN6nDlCMyV4= | 7441.54 | 6.11694 | 3313.2 | -0.166764 | 0.985997 | 0 | AugShort | 0 | 34.5594 | 423.398 | 0 | 1 | 0 | 0 | 0 | 0 | 0 | 1 | camera | Land_Shed_W3 | -0.166764 | -0 | 0.985997 
SCRIPT       : DATA_LOG | 970187 | aRapBi1cCZPZAGLIDny3dk3hQ8vTmNTLHRl8zxmKgQ0= | 7148.22 | 35.3078 | 3617.22 | 0.515092 | -0.857135 | 0 | SCARH_Black | 0 | 13.4132 | 422.981 | 0 | 1 | 0 | 0 | 0 | 0 | 0 | 1 | camera | Land_CementWorks_Hall2_Grey | 0.51509
SCRIPT       : DATA_LOG | 970215 | b6Sjt2-RNGxcRaWm937lmzRlL1ZStO-GKN6nDlCMyV4= | 7440.85 | 6.11606 | 3313 | -0.245017 | 0.969519 | 0 | AugShort | 0 | 29.9768 | 423.04 | 0 | 1 | 0 | 0 | 0 | 0 | 0 | 1 | camera | Land_Shed_W3 | -0.245017 | -0 | 0.969519 | -
SCRIPT       : DATA_LOG | 971198 | aRapBi1cCZPZAGLIDny3dk3hQ8vTmNTLHRl8zxmKgQ0= | 7145.64 | 35.8016 | 3615.5 | 0.547019 | -0.83712 | 0 | SCARH_Black | 0 | 11.7659 | 423.627 | 0 | 1 | 0 | 0 | 0 | 0 | 0 | 1 | camera | Land_CementWorks_Hall2_Grey | 0.547019 
SCRIPT       : DATA_LOG | 971225 | b6Sjt2-RNGxcRaWm937lmzRlL1ZStO-GKN6nDlCMyV4= | 7440.85 | 6.11606 | 3313 | 0.734305 | 0.678819 | 0 | AugShort | 0 | 17.855 | 150.544 | 0 | 1 | 1 | 0 | 0 | 0 | 0 | 1 | camera | Land_Shed_W3 | 0.734305 | 0 | 0.678819 | 0.73
SCRIPT       : DATA_LOG | 972299 | aRapBi1cCZPZAGLIDny3dk3hQ8vTmNTLHRl8zxmKgQ0= | 7143.25 | 36.3357 | 3613.89 | 0.547019 | -0.83712 | 0 | SCARH_Black | 0 | 12.1505 | 424.576 | 0 | 1 | 0 | 0 | 0 | 0 | 0 | 1 | camera | Land_CementWorks_Hall2_Grey | 0.547019
SCRIPT       : DATA_LOG | 972326 | b6Sjt2-RNGxcRaWm937lmzRlL1ZStO-GKN6nDlCMyV4= | 7441.16 | 6.11649 | 3312.69 | 0.483095 | 0.875568 | 0 | AugShort | 0 | 0.34435 | 150.655 | 0 | 1 | 1 | 1 | 0 | 0 | 0 | 1 | camera | Land_Shed_W3 | 0.483095 | 0 | 0.875568 | 
SCRIPT       : DATA_LOG | 973214 | aRapBi1cCZPZAGLIDny3dk3hQ8vTmNTLHRl8zxmKgQ0= | 7141.45 | 36.6797 | 3611.24 | -0.386664 | -0.922221 | 0 | SCARH_Black | 0 | 67.9992 | 423.918 | 0 | 1 | 0 | 0 | 0 | 0 | 0 | 1 | camera | Land_CementWorks_Hall2_Grey | -0.386
SCRIPT       : DATA_LOG | 973273 | b6Sjt2-RNGxcRaWm937lmzRlL1ZStO-GKN6nDlCMyV4= | 7441.6 | 6.11702 | 3313.17 | -0.691352 | 0.722518 | 0 | AugShort | 0 | 4.5886 | 424.217 | 0 | 1 | 0 | 1 | 0 | 0 | 0 | 1 | camera | Land_Shed_W3 | -0.691352 | 0 | 0.722518 | 
SCRIPT       : DATA_LOG | 974201 | aRapBi1cCZPZAGLIDny3dk3hQ8vTmNTLHRl8zxmKgQ0= | 7138.49 | 37.2253 | 3609.11 | -0.419026 | -0.907974 | 0 | SCARH_Black | 0 | 70.5889 | 424.382 | 0 | 1 | 0 | 0 | 0 | 0 | 0 | 1 | camera | Land_CementWorks_Hall2_Grey | -0.419
SCRIPT       : DATA_LOG | 974230 | b6Sjt2-RNGxcRaWm937lmzRlL1ZStO-GKN6nDlCMyV4= | 7441.91 | 6.22251 | 3313.76 | -0.916084 | 0.400986 | 0 | AugShort | 0 | 20.9889 | 424.665 | 0 | 1 | 0 | 0 | 0 | 0 | 0 | 1 | camera | Land_Shed_W3 | -0.916084 | -0 | 0.400986
SCRIPT       : DATA_LOG | 975202 | aRapBi1cCZPZAGLIDny3dk3hQ8vTmNTLHRl8zxmKgQ0= | 7132.49 | 38.3911 | 3606.94 | -0.691665 | -0.722218 | 0 | SCARH_Black | 0 | 90.3044 | 427.259 | 0 | 1 | 0 | 0 | 0 | 0 | 0 | 1 | camera | Land_CementWorks_Hall2_Grey | -0.691
SCRIPT       : DATA_LOG | 975229 | b6Sjt2-RNGxcRaWm937lmzRlL1ZStO-GKN6nDlCMyV4= | 7441.91 | 6.22251 | 3313.76 | -0.916084 | 0.400986 | 0 | AugShort | 0 | 20.2542 | 427.613 | 0 | 1 | 0 | 0 | 0 | 0 | 0 | 1 | camera | Land_Shed_W3 | -0.916084 | -0 | 0.400986
SCRIPT       : DATA_LOG | 976213 | aRapBi1cCZPZAGLIDny3dk3hQ8vTmNTLHRl8zxmKgQ0= | 7126.73 | 39.3251 | 3603.69 | -0.69203 | -0.721868 | 0 | SCARH_Black | 0 | 91.1343 | 429.296 | 0 | 1 | 0 | 0 | 0 | 0 | 0 | 1 | camera | Land_CementWorks_Hall2_Grey | -0.6920
SCRIPT       : DATA_LOG | 976246 | b6Sjt2-RNGxcRaWm937lmzRlL1ZStO-GKN6nDlCMyV4= | 7441.69 | 6.24296 | 3313.63 | -0.894912 | -0.446243 | 0 | AugShort | 0 | 69.1682 | 429.563 | 0 | 1 | 0 | 0 | 0 | 0 | 0 | 1 | camera | Land_Shed_W3 | -0.894912 | 0 | -0.44624
SCRIPT       : DATA_LOG | 977205 | aRapBi1cCZPZAGLIDny3dk3hQ8vTmNTLHRl8zxmKgQ0= | 7121.62 | 40.0426 | 3599.07 | -0.69203 | -0.721868 | 0 | SCARH_Black | 0 | 91.7897 | 429.545 | 0 | 1 | 0 | 0 | 0 | 0 | 0 | 1 | camera | Land_CementWorks_Hall2_Grey | -0.6920
SCRIPT       : DATA_LOG | 977233 | b6Sjt2-RNGxcRaWm937lmzRlL1ZStO-GKN6nDlCMyV4= | 7440 | 6.11496 | 3312.49 | -0.86839 | -0.495881 | 0 | AugShort | 0 | 71.7303 | 429.825 | 0 | 1 | 0 | 0 | 0 | 0 | 0 | 1 | camera | Land_CementWorks_Hall2_Grey | -0.86839 | 0 
SCRIPT       : DATA_LOG | 978210 | aRapBi1cCZPZAGLIDny3dk3hQ8vTmNTLHRl8zxmKgQ0= | 7116.39 | 40.581 | 3595.31 | -0.845076 | -0.534646 | 0 | SCARH_Black | 0 | 106.376 | 428.875 | 0 | 1 | 0 | 0 | 0 | 0 | 0 | 1 | camera | Land_CementWorks_Hall2_Grey | -0.8450
SCRIPT       : DATA_LOG | 978239 | b6Sjt2-RNGxcRaWm937lmzRlL1ZStO-GKN6nDlCMyV4= | 7437.87 | 6.11498 | 3313.25 | -0.640403 | 0.768039 | 0 | AugShort | 0 | 10.1565 | 429.296 | 0 | 1 | 0 | 0 | 0 | 0 | 0 | 1 | camera | Land_CementWorks_Hall2_Grey | -0.640403 
SCRIPT       : DATA_LOG | 979218 | aRapBi1cCZPZAGLIDny3dk3hQ8vTmNTLHRl8zxmKgQ0= | 7110.06 | 40.766 | 3593.49 | -0.841634 | -0.540048 | 0 | SCARH_Black | 0 | 106.833 | 428.881 | 0 | 1 | 0 | 0 | 0 | 0 | 0 | 1 | camera | Land_CementWorks_Hall2_Grey | -0.8416
SCRIPT       : DATA_LOG | 979253 | b6Sjt2-RNGxcRaWm937lmzRlL1ZStO-GKN6nDlCMyV4= | 7435.61 | 6.11499 | 3316.12 | -0.617946 | 0.78622 | 0 | AugShort | 0 | 12.4021 | 429.4 | 0 | 1 | 0 | 0 | 0 | 0 | 0 | 1 | camera |  | -0.617946 | 0 | 0.78622 | -0.617946 | 0 
SCRIPT       : DATA_LOG | 980206 | aRapBi1cCZPZAGLIDny3dk3hQ8vTmNTLHRl8zxmKgQ0= | 7103.42 | 41.168 | 3592.76 | -0.494774 | -0.869022 | 0 | SCARH_Black | 0 | 80.0056 | 429.966 | 0 | 1 | 0 | 0 | 0 | 0 | 0 | 1 | camera | TreeHard_t_FagusSylvatica_3s | -0.494
SCRIPT       : DATA_LOG | 980233 | b6Sjt2-RNGxcRaWm937lmzRlL1ZStO-GKN6nDlCMyV4= | 7433.35 | 6.4248 | 3318.94 | -0.617946 | 0.78622 | 0 | AugShort | 0 | 13.093 | 430.365 | 0 | 1 | 0 | 0 | 0 | 0 | 0 | 1 | camera | Land_CementWorks_Hall2_Grey | -0.617946 | 0
SCRIPT       : DATA_LOG | 981215 | aRapBi1cCZPZAGLIDny3dk3hQ8vTmNTLHRl8zxmKgQ0= | 7099.18 | 41.2312 | 3590.47 | -0.157927 | -0.987451 | 0 | SCARH_Black | 0 | 60.1743 | 428.262 | 0 | 1 | 0 | 0 | 0 | 0 | 0 | 1 | camera | Land_CementWorks_Hall2_Grey | -0.157
SCRIPT       : DATA_LOG | 981248 | b6Sjt2-RNGxcRaWm937lmzRlL1ZStO-GKN6nDlCMyV4= | 7430.97 | 6.11497 | 3321.64 | -0.754802 | 0.655952 | 0 | AugShort | 0 | 5.29439 | 428.558 | 0 | 1 | 0 | 0 | 0 | 0 | 0 | 1 | camera | Land_CementWorks_Hall2_Grey | -0.754802 
SCRIPT       : DATA_LOG | 982207 | aRapBi1cCZPZAGLIDny3dk3hQ8vTmNTLHRl8zxmKgQ0= | 7096.73 | 41.2223 | 3588.27 | 0.100587 | -0.994928 | 0 | SCARH_Black | 0 | 45.9334 | 425.509 | 0 | 1 | 0 | 0 | 0 | 0 | 0 | 1 | camera | Land_CementWorks_Hall2_Grey | 0.10058
SCRIPT       : DATA_LOG | 982233 | b6Sjt2-RNGxcRaWm937lmzRlL1ZStO-GKN6nDlCMyV4= | 7429.01 | 6.11498 | 3324.38 | -0.998085 | -0.0618624 | 0 | AugShort | 0 | 42.2197 | 425.798 | 0 | 1 | 0 | 0 | 0 | 0 | 0 | 1 | camera | Land_CementWorks_Hall2_Grey | -0.99808
SCRIPT       : DATA_LOG | 983211 | aRapBi1cCZPZAGLIDny3dk3hQ8vTmNTLHRl8zxmKgQ0= | 7095.41 | 41.1005 | 3585.02 | -0.657983 | -0.753033 | 0 | SCARH_Black | 0 | 93.3857 | 422.084 | 0 | 1 | 0 | 0 | 0 | 0 | 0 | 1 | camera | Land_CementWorks_Hall2_Grey | -0.657
SCRIPT       : DATA_LOG | 983239 | b6Sjt2-RNGxcRaWm937lmzRlL1ZStO-GKN6nDlCMyV4= | 7428.21 | 6.11496 | 3327.32 | -0.842039 | 0.539417 | 0 | AugShort | 0 | 7.10611 | 422.518 | 0 | 1 | 0 | 0 | 0 | 0 | 0 | 1 | camera | Land_CementWorks_Hall2_Grey | -0.842039 
SCRIPT       : DATA_LOG | 984217 | aRapBi1cCZPZAGLIDny3dk3hQ8vTmNTLHRl8zxmKgQ0= | 7092.81 | 41.1287 | 3583.32 | -0.840059 | 0.542496 | 0 | SCARH_Black | 1 | 164.735 | 445.654 | 0 | 1 | 1 | 0 | 0 | 0 | 0 | 1 | camera | none | -0.840059 | 0 | 0.542496 | -0.
SCRIPT       : DATA_LOG | 984243 | b6Sjt2-RNGxcRaWm937lmzRlL1ZStO-GKN6nDlCMyV4= | 7426.27 | 6.11459 | 3330.3 | -0.39619 | 0.918168 | 0 | AugShort | 0 | 29.8551 | 420.333 | 0 | 1 | 0 | 0 | 0 | 0 | 0 | 1 | camera |  | -0.39619 | 0 | 0.918168 | -0.39619 | 0 
SCRIPT       : DATA_LOG | 985217 | aRapBi1cCZPZAGLIDny3dk3hQ8vTmNTLHRl8zxmKgQ0= | 7089.52 | 41.2549 | 3582.38 | -0.892756 | -0.450541 | 0 | SCARH_Black | 0 | 116.616 | 419.026 | 0 | 1 | 0 | 0 | 0 | 0 | 0 | 1 | camera | Land_CementWorks_Hall2_Grey | -0.892
SCRIPT       : DATA_LOG | 985247 | b6Sjt2-RNGxcRaWm937lmzRlL1ZStO-GKN6nDlCMyV4= | 7425.17 | 6.10991 | 3333.77 | -0.227325 | 0.973819 | 0 | AugShort | 0 | 40.6013 | 419.345 | 0 | 1 | 0 | 0 | 0 | 0 | 0 | 1 | camera | Land_CementWorks_Hall2_Grey | -0.227325 
SCRIPT       : DATA_LOG | 986222 | aRapBi1cCZPZAGLIDny3dk3hQ8vTmNTLHRl8zxmKgQ0= | 7086.1 | 41.2948 | 3581.31 | -0.87132 | -0.490715 | 0 | SCARH_Black | 0 | 114.842 | 419.57 | 0 | 1 | 0 | 0 | 0 | 0 | 0 | 1 | camera | Land_CementWorks_Hall2_Grey | -0.87132 
SCRIPT       : DATA_LOG | 986251 | b6Sjt2-RNGxcRaWm937lmzRlL1ZStO-GKN6nDlCMyV4= | 7425.76 | 6.10588 | 3337.27 | 0.404339 | 0.914609 | 0 | AugShort | 0 | 15.9233 | 139.073 | 0 | 1 | 1 | 0 | 0 | 0 | 0 | 1 | camera |  | 0.404339 | 0 | 0.914609 | 0.404339 | 0
SCRIPT       : DATA_LOG | 987259 | aRapBi1cCZPZAGLIDny3dk3hQ8vTmNTLHRl8zxmKgQ0= | 7082.79 | 41.5262 | 3581.44 | -0.871082 | -0.491138 | 0 | SCARH_Black | 0 | 115.551 | 421.739 | 0 | 1 | 0 | 0 | 0 | 0 | 0 | 1 | camera | Land_CementWorks_Hall2_Grey | -0.871
SCRIPT       : DATA_LOG | 987278 | b6Sjt2-RNGxcRaWm937lmzRlL1ZStO-GKN6nDlCMyV4= | 7427.28 | 6.09972 | 3340.59 | 0.41422 | 0.910177 | 0 | AugShort | 0 | 15.7062 | 135.552 | 0 | 1 | 1 | 0 | 0 | 0 | 0 | 1 | camera |  | 0.41422 | 0 | 0.910177 | 0.41422 | 0 | 
SCRIPT       : DATA_LOG | 988223 | aRapBi1cCZPZAGLIDny3dk3hQ8vTmNTLHRl8zxmKgQ0= | 7079.5 | 41.6947 | 3581.1 | -0.922662 | -0.38561 | 0 | SCARH_Black | 0 | 123.042 | 423.329 | 0 | 1 | 0 | 0 | 0 | 0 | 0 | 1 | camera | Land_CementWorks_Hall2_Grey | -0.922662
SCRIPT       : DATA_LOG | 988256 | b6Sjt2-RNGxcRaWm937lmzRlL1ZStO-GKN6nDlCMyV4= | 7428.65 | 6.09581 | 3344.11 | 0.304871 | 0.952394 | 0 | AugShort | 0 | 22.9569 | 131.993 | 0 | 1 | 1 | 0 | 0 | 0 | 0 | 1 | camera |  | 0.304871 | 0 | 0.952394 | 0.304871 | 0
SCRIPT       : DATA_LOG | 989229 | aRapBi1cCZPZAGLIDny3dk3hQ8vTmNTLHRl8zxmKgQ0= | 7076.12 | 41.695 | 3580.38 | -0.795622 | -0.605793 | 0 | SCARH_Black | 0 | 109.133 | 424.24 | 0 | 1 | 0 | 0 | 0 | 0 | 0 | 1 | camera | Land_CementWorks_Hall2_Grey | -0.79562
SCRIPT       : DATA_LOG | 989264 | b6Sjt2-RNGxcRaWm937lmzRlL1ZStO-GKN6nDlCMyV4= | 7428.69 | 6.09242 | 3346.78 | -0.62829 | 0.777979 | 0 | AugShort | 0 | 18.2455 | 424.641 | 0 | 1 | 0 | 0 | 0 | 0 | 0 | 1 | camera |  | -0.62829 | 0 | 0.777979 | -0.62829 | 0
SCRIPT       : DATA_LOG | 990219 | aRapBi1cCZPZAGLIDny3dk3hQ8vTmNTLHRl8zxmKgQ0= | 7074.93 | 41.5661 | 3579.21 | -0.771646 | -0.636053 | 1 | SCARH_Black | 0 | 107.523 | 422.476 | 0 | 1 | 0 | 0 | 0 | 0 | 1 | 1 | camera | TreeSoft_t_FagusSylvatica_2sb | -0.7
SCRIPT       : DATA_LOG | 990248 | b6Sjt2-RNGxcRaWm937lmzRlL1ZStO-GKN6nDlCMyV4= | 7428.53 | 6.08566 | 3350.25 | -0.777398 | 0.629009 | 0 | AugShort | 1 | 7.86095 | 423.028 | 0 | 1 | 0 | 0 | 0 | 0 | 0 | 1 | camera | target | -0.777398 | 0 | 0.629009 | -0.7
SCRIPT       : DATA_LOG | 991217 | aRapBi1cCZPZAGLIDny3dk3hQ8vTmNTLHRl8zxmKgQ0= | 7074.93 | 41.5661 | 3579.21 | -0.771646 | -0.636053 | 1 | SCARH_Black | 0 | 107.822 | 420.064 | 0 | 1 | 0 | 0 | 0 | 0 | 1 | 1 | camera | TreeSoft_t_FagusSylvatica_2sb | -0.7
SCRIPT       : DATA_LOG | 991240 | b6Sjt2-RNGxcRaWm937lmzRlL1ZStO-GKN6nDlCMyV4= | 7427.63 | 6.07724 | 3353.44 | -0.874963 | 0.48419 | 0 | AugShort | 1 | 6.23656 | 420.553 | 0 | 1 | 0 | 0 | 0 | 0 | 0 | 1 | camera | target | -0.874963 | 0 | 0.48419 | -0.874
SCRIPT       : DATA_LOG | 992215 | aRapBi1cCZPZAGLIDny3dk3hQ8vTmNTLHRl8zxmKgQ0= | 7074.01 | 41.5149 | 3578.7 | -0.744929 | -0.667144 | 0 | SCARH_Black | 1 | 105.779 | 417.408 | 0 | 1 | 0 | 0 | 0 | 0 | 0 | 1 | camera | target | -0.744929 | 0 | -0.667144 | 
SCRIPT       : DATA_LOG | 992234 | b6Sjt2-RNGxcRaWm937lmzRlL1ZStO-GKN6nDlCMyV4= | 7425.72 | 6.07088 | 3356.22 | -0.98796 | 0.154711 | 0 | AugShort | 0 | 23.9151 | 417.86 | 0 | 1 | 0 | 0 | 0 | 0 | 0 | 1 | camera | TreeSoft_t_FagusSylvatica_2sb | -0.98796 |
SCRIPT       : DATA_LOG | 993221 | aRapBi1cCZPZAGLIDny3dk3hQ8vTmNTLHRl8zxmKgQ0= | 7070.68 | 41.5324 | 3578.32 | -0.74435 | -0.66779 | 0 | SCARH_Black | 1 | 105.939 | 416.77 | 0 | 1 | 0 | 0 | 0 | 0 | 0 | 1 | camera | target | -0.74435 | 0 | -0.66779 | -0.7
SCRIPT       : DATA_LOG | 993246 | b6Sjt2-RNGxcRaWm937lmzRlL1ZStO-GKN6nDlCMyV4= | 7422.59 | 6.06825 | 3357.5 | -0.991728 | 0.128361 | 0 | AugShort | 1 | 25.201 | 417.174 | 0 | 1 | 0 | 0 | 0 | 0 | 0 | 1 | camera | target | -0.991728 | 0 | 0.128361 | -0.991
SCRIPT       : DATA_LOG | 994226 | aRapBi1cCZPZAGLIDny3dk3hQ8vTmNTLHRl8zxmKgQ0= | 7067.39 | 41.6987 | 3579.08 | -0.914094 | -0.405503 | 0 | SCARH_Black | 1 | 123.748 | 416.77 | 0 | 1 | 0 | 0 | 0 | 0 | 0 | 1 | camera | target | -0.914094 | 0 | -0.405503 | 
SCRIPT       : DATA_LOG | 994253 | b6Sjt2-RNGxcRaWm937lmzRlL1ZStO-GKN6nDlCMyV4= | 7418.95 | 6.06687 | 3357.67 | -0.999996 | -0.00280031 | 0 | AugShort | 1 | 32.7032 | 417.227 | 0 | 1 | 0 | 0 | 0 | 0 | 0 | 1 | camera | target | -0.999996 | 0 | -0.00280031 
SCRIPT       : DATA_LOG | 995230 | aRapBi1cCZPZAGLIDny3dk3hQ8vTmNTLHRl8zxmKgQ0= | 7064.11 | 41.812 | 3579.58 | -0.792688 | -0.609627 | 0 | SCARH_Black | 1 | 110.072 | 416.769 | 0 | 1 | 0 | 0 | 0 | 0 | 0 | 1 | camera | target | -0.792688 | 0 | -0.609627 | 
SCRIPT       : DATA_LOG | 995251 | b6Sjt2-RNGxcRaWm937lmzRlL1ZStO-GKN6nDlCMyV4= | 7415.31 | 6.06789 | 3357.66 | -0.999996 | -0.00288379 | 0 | AugShort | 1 | 32.7972 | 417.197 | 0 | 1 | 0 | 0 | 0 | 0 | 0 | 1 | camera | target | -0.999996 | 0 | -0.00288379 
SCRIPT       : DATA_LOG | 996231 | aRapBi1cCZPZAGLIDny3dk3hQ8vTmNTLHRl8zxmKgQ0= | 7062.4 | 41.8415 | 3579.84 | -0.742138 | -0.670247 | 1 | SCARH_Black | 0 | 105.475 | 415.187 | 0 | 1 | 0 | 0 | 0 | 0 | 1 | 1 | camera |  | -0.742138 | 0 | -0.670247 | -0.742
SCRIPT       : DATA_LOG | 996262 | b6Sjt2-RNGxcRaWm937lmzRlL1ZStO-GKN6nDlCMyV4= | 7411.9 | 6.07245 | 3358.09 | -0.41061 | 0.911811 | 0 | AugShort | 1 | 33.7163 | 415.734 | 0 | 1 | 0 | 0 | 0 | 0 | 0 | 1 | camera | target | -0.41061 | 0 | 0.911811 | -0.4106
SCRIPT       : DATA_LOG | 997225 | aRapBi1cCZPZAGLIDny3dk3hQ8vTmNTLHRl8zxmKgQ0= | 7061.22 | 41.8344 | 3579.96 | -0.644854 | -0.764305 | 0 | SCARH_Black | 0 | 97.5169 | 413.664 | 0 | 1 | 0 | 0 | 0 | 0 | 0 | 1 | camera |  | -0.644854 | 0 | -0.764305 | -0.64
SCRIPT       : DATA_LOG | 997245 | b6Sjt2-RNGxcRaWm937lmzRlL1ZStO-GKN6nDlCMyV4= | 7408.55 | 6.07691 | 3357.76 | -0.999964 | 0.00853877 | 0 | AugShort | 1 | 32.467 | 414.03 | 0 | 1 | 0 | 0 | 0 | 0 | 0 | 1 | camera | target | -0.999964 | 0 | 0.00853877 | -0
SCRIPT       : DATA_LOG | 998226 | aRapBi1cCZPZAGLIDny3dk3hQ8vTmNTLHRl8zxmKgQ0= | 7058.72 | 42.0138 | 3581.49 | -0.966778 | 0.255619 | 0 | SCARH_Black | 0 | 161.188 | 411.237 | 0 | 1 | 0 | 0 | 0 | 0 | 0 | 1 | camera |  | -0.966778 | 0 | 0.255619 | -0.9667
SCRIPT       : DATA_LOG | 998248 | b6Sjt2-RNGxcRaWm937lmzRlL1ZStO-GKN6nDlCMyV4= | 7402.66 | 6.08467 | 3358.14 | -0.994085 | 0.108609 | 0 | AugShort | 1 | 27.2312 | 411.968 | 0 | 1 | 0 | 0 | 0 | 0 | 0 | 1 | camera | target | -0.994085 | 0 | 0.108609 | -0.9
SCRIPT       : DATA_LOG | 999236 | aRapBi1cCZPZAGLIDny3dk3hQ8vTmNTLHRl8zxmKgQ0= | 7056.4 | 42.3977 | 3584.13 | -0.73868 | 0.674057 | 0 | SCARH_Black | 0 | 154.259 | 480.601 | 0 | 1 | 1 | 0 | 0 | 0 | 0 | 1 | camera |  | -0.73868 | 0 | 0.674057 | -0.73868 |
SCRIPT       : DATA_LOG | 999267 | b6Sjt2-RNGxcRaWm937lmzRlL1ZStO-GKN6nDlCMyV4= | 7396.02 | 6.085 | 3357.65 | -0.98756 | -0.15724 | 0 | AugShort | 0 | 43.0121 | 410.069 | 0 | 1 | 0 | 0 | 0 | 0 | 0 | 1 | camera |  | -0.98756 | 0 | -0.15724 | -0.98756 | 0 |
SCRIPT       : DATA_LOG | 1000241 | aRapBi1cCZPZAGLIDny3dk3hQ8vTmNTLHRl8zxmKgQ0= | 7055.88 | 42.537 | 3585.06 | -0.630742 | 0.775992 | 0 | SCARH_Black | 0 | 145.93 | 481.377 | 0 | 1 | 1 | 0 | 0 | 0 | 0 | 1 | camera |  | -0.630742 | -0 | 0.775992 | -0.6307
SCRIPT       : DATA_LOG | 1000274 | b6Sjt2-RNGxcRaWm937lmzRlL1ZStO-GKN6nDlCMyV4= | 7390.06 | 6.11039 | 3356.75 | -0.990667 | -0.136307 | 0 | AugShort | 0 | 42.4574 | 406.521 | 0 | 1 | 0 | 0 | 0 | 0 | 0 | 1 | camera |  | -0.990667 | 0 | -0.136307 | -0.9906
 SCRIPT       : [Logout]: New player aRapBi1cCZPZAGLIDny3dk3hQ8vTmNTLHRl8zxmKgQ0= with logout time 15
 SCRIPT       : Player "rafaelglima79" (steamid=76561199445097358) initiated disconnect process...
SCRIPT       : DATA_LOG | 1001230 | aRapBi1cCZPZAGLIDny3dk3hQ8vTmNTLHRl8zxmKgQ0= | 7055.88 | 42.537 | 3585.06 | -0.630742 | 0.775992 | 0 | SCARH_Black | 0 | 145.93 | 481.377 | 0 | 1 | 1 | 0 | 0 | 0 | 0 | 1 | camera |  | -0.630742 | -0 | 0.775992 | -0.6307
SCRIPT       : DATA_LOG | 1001256 | b6Sjt2-RNGxcRaWm937lmzRlL1ZStO-GKN6nDlCMyV4= | 7386.34 | 6.1307 | 3356.24 | -0.990737 | -0.135797 | 0 | AugShort | 0 | 42.8161 | 403.988 | 0 | 1 | 0 | 0 | 0 | 0 | 0 | 1 | camera |  | -0.990737 | 0 | -0.135797 | -0.99073
SCRIPT       : DATA_LOG | 1002239 | aRapBi1cCZPZAGLIDny3dk3hQ8vTmNTLHRl8zxmKgQ0= | 7055.94 | 42.5289 | 3584.98 | -0.630743 | 0.775992 | 0 | SCARH_Black | 0 | 145.924 | 481.291 | 0 | 1 | 1 | 0 | 0 | 0 | 0 | 1 | camera |  | -0.630743 | -0 | 0.775992 | -0.63
SCRIPT       : DATA_LOG | 1002272 | b6Sjt2-RNGxcRaWm937lmzRlL1ZStO-GKN6nDlCMyV4= | 7382.73 | 6.16797 | 3355.72 | -0.97796 | -0.208791 | 0 | AugShort | 0 | 47.37 | 401.133 | 0 | 1 | 0 | 0 | 0 | 0 | 0 | 1 | camera |  | -0.97796 | 0 | -0.208791 | -0.97796 | 
SCRIPT       : DATA_LOG | 1003227 | aRapBi1cCZPZAGLIDny3dk3hQ8vTmNTLHRl8zxmKgQ0= | 7056.01 | 42.5191 | 3584.9 | -0.630743 | 0.775992 | 0 | SCARH_Black | 0 | 145.917 | 481.206 | 0 | 1 | 1 | 0 | 0 | 0 | 0 | 1 | camera |  | -0.630743 | -0 | 0.775992 | -0.630
SCRIPT       : DATA_LOG | 1003251 | b6Sjt2-RNGxcRaWm937lmzRlL1ZStO-GKN6nDlCMyV4= | 7379.33 | 6.18318 | 3355.38 | -0.933865 | -0.357627 | 0 | AugShort | 0 | 56.4991 | 398.123 | 0 | 1 | 0 | 0 | 0 | 0 | 0 | 1 | camera |  | -0.933865 | 0 | -0.357627 | -0.9338
 SCRIPT       : Player "rafaelglima79" (steamid=76561199445097358) disconnected early from server (EXIT NOW).
SCRIPT       : DATA_LOG | 1004239 | aRapBi1cCZPZAGLIDny3dk3hQ8vTmNTLHRl8zxmKgQ0= | 7056.01 | 42.5191 | 3584.9 | -0.630743 | 0.775992 | 0 | SCARH_Black | 0 | 145.917 | 481.206 | 0 | 1 | 1 | 0 | 0 | 0 | 0 | 1 | camera |  | -0.630743 | -0 | 0.775992 | -0.630
SCRIPT       : DATA_LOG | 1004282 | b6Sjt2-RNGxcRaWm937lmzRlL1ZStO-GKN6nDlCMyV4= | 7376 | 6.10481 | 3355.4 | -0.563349 | -0.826219 | 0 | AugShort | 0 | 91.3626 | 395.427 | 0 | 1 | 0 | 0 | 0 | 0 | 0 | 1 | camera |  | -0.563349 | 0 | -0.826219 | -0.563349 |
SCRIPT       : DATA_LOG | 1005234 | b6Sjt2-RNGxcRaWm937lmzRlL1ZStO-GKN6nDlCMyV4= | 7372.73 | 6.04624 | 3355.58 | -0.972593 | -0.232515 | 0 | AugShort | 0 | 49.5705 | 392.686 | 0 | 1 | 0 | 0 | 0 | 0 | 0 | 1 | camera |  | -0.972593 | 0 | -0.232515 | -0.9725
SCRIPT       : DATA_LOG | 1006245 | b6Sjt2-RNGxcRaWm937lmzRlL1ZStO-GKN6nDlCMyV4= | 7369.47 | 6.04286 | 3356.65 | -0.922923 | 0.384984 | 0 | AugShort | 0 | 14.4767 | 389.433 | 0 | 1 | 0 | 0 | 0 | 0 | 0 | 1 | camera |  | -0.922923 | 0 | 0.384984 | -0.922923
SCRIPT       : DATA_LOG | 1007234 | b6Sjt2-RNGxcRaWm937lmzRlL1ZStO-GKN6nDlCMyV4= | 7367.68 | 6.0501 | 3355.5 | -0.939862 | -0.341554 | 0 | AugShort | 0 | 56.499 | 388.676 | 0 | 1 | 0 | 0 | 0 | 0 | 0 | 1 | camera | Land_Shed_W3 | -0.939862 | 0 | -0.341554 
SCRIPT       : DATA_LOG | 1008232 | b6Sjt2-RNGxcRaWm937lmzRlL1ZStO-GKN6nDlCMyV4= | 7364.56 | 6.04492 | 3355.01 | -0.138799 | -0.990321 | 0 | AugShort | 0 | 118.562 | 386.464 | 0 | 1 | 0 | 0 | 0 | 0 | 0 | 1 | camera | Land_Shed_W3 | -0.138799 | 0 | -0.9903
SCRIPT       : DATA_LOG | 1009233 | b6Sjt2-RNGxcRaWm937lmzRlL1ZStO-GKN6nDlCMyV4= | 7361.78 | 6.05265 | 3353.06 | -0.15242 | -0.988316 | 0 | AugShort | 1 | 118.255 | 385.41 | 0 | 1 | 0 | 0 | 0 | 0 | 0 | 1 | camera | target | -0.15242 | 0 | -0.988316 | -0.1
SCRIPT       : DATA_LOG | 1010235 | b6Sjt2-RNGxcRaWm937lmzRlL1ZStO-GKN6nDlCMyV4= | 7358.88 | 6.05096 | 3353.5 | -0.997235 | 0.0743186 | 0 | AugShort | 1 | 33.5305 | 382.852 | 0 | 1 | 0 | 0 | 0 | 0 | 0 | 1 | camera | target | -0.997235 | 0 | 0.0743186 | -0
SCRIPT       : DATA_LOG | 1011233 | b6Sjt2-RNGxcRaWm937lmzRlL1ZStO-GKN6nDlCMyV4= | 7354.99 | 6.08101 | 3353.65 | -0.999471 | 0.0325271 | 0 | AugShort | 0 | 36.2349 | 379.69 | 0 | 1 | 0 | 0 | 0 | 0 | 0 | 1 | camera | TreeHard_t_FagusSylvatica_2s | -0.99947
SCRIPT       : DATA_LOG | 1012240 | b6Sjt2-RNGxcRaWm937lmzRlL1ZStO-GKN6nDlCMyV4= | 7351.48 | 6.09481 | 3354.25 | -0.73896 | 0.673749 | 0 | AugShort | 0 | 7.16155 | 376.565 | 0 | 1 | 0 | 0 | 0 | 0 | 0 | 1 | camera | TreeHard_t_FagusSylvatica_2s | -0.73896 
SCRIPT       : DATA_LOG | 1013238 | b6Sjt2-RNGxcRaWm937lmzRlL1ZStO-GKN6nDlCMyV4= | 7348.63 | 6.11328 | 3356.44 | -0.912117 | 0.409931 | 0 | AugShort | 0 | 14.8982 | 372.984 | 0 | 1 | 0 | 0 | 0 | 0 | 0 | 1 | camera |  | -0.912117 | 0 | 0.409931 | -0.912117
SCRIPT       : DATA_LOG | 1014239 | b6Sjt2-RNGxcRaWm937lmzRlL1ZStO-GKN6nDlCMyV4= | 7345.16 | 6.05496 | 3357.04 | -0.99988 | 0.0155191 | 1 | AugShort | 0 | 37.7279 | 369.913 | 0 | 1 | 0 | 0 | 0 | 0 | 0 | 1 | camera |  | -0.99988 | 0 | 0.0155191 | -0.99988 
SCRIPT       : DATA_LOG | 1015235 | b6Sjt2-RNGxcRaWm937lmzRlL1ZStO-GKN6nDlCMyV4= | 7344.47 | 6.05498 | 3357.01 | -0.996713 | -0.0810158 | 1 | AugShort | 0 | 43.2663 | 369.385 | 0 | 1 | 0 | 0 | 0 | 0 | 0 | 1 | camera |  | -0.996713 | 0 | -0.0810158 | -0.99
SCRIPT       : [Logout]: Player aRapBi1cCZPZAGLIDny3dk3hQ8vTmNTLHRl8zxmKgQ0= finished
SCRIPT       : [PlayerListManager] SyncEntryToReceivers ► uid: aRapBi1cCZPZAGLIDny3dk3hQ8vTmNTLHRl8zxmKgQ0= isn't in the players list! sending a remove.
SCRIPT       : PlayerDisconnected -> PlayerListManager.RemoveEntry ► aRapBi1cCZPZAGLIDny3dk3hQ8vTmNTLHRl8zxmKgQ0=
SCRIPT       : DATA_LOG | 1016236 | b6Sjt2-RNGxcRaWm937lmzRlL1ZStO-GKN6nDlCMyV4= | 7344.47 | 6.05498 | 3357.01 | -0.996713 | -0.0810158 | 1 | AugShort | 0 | 157.541 | 191.271 | 0 | 1 | 1 | 0 | 0 | 0 | 0 | 1 | camera |  | -0.996713 | 0 | -0.0810158 | -0.99
SCRIPT       : DATA_LOG | 1017239 | b6Sjt2-RNGxcRaWm937lmzRlL1ZStO-GKN6nDlCMyV4= | 7344.47 | 6.05498 | 3357.01 | -0.996713 | -0.0810158 | 1 | AugShort | 0 | 157.541 | 191.271 | 0 | 1 | 1 | 0 | 0 | 0 | 0 | 1 | camera |  | -0.996713 | 0 | -0.0810158 | -0.99
SCRIPT       : DATA_LOG | 1018239 | b6Sjt2-RNGxcRaWm937lmzRlL1ZStO-GKN6nDlCMyV4= | 7344.47 | 6.05498 | 3357.01 | -0.996713 | -0.0810158 | 1 | AugShort | 0 | 157.541 | 191.271 | 0 | 1 | 1 | 0 | 0 | 0 | 1 | 1 | camera |  | -0.996713 | 0 | -0.0810158 | -0.99
SCRIPT       : DATA_LOG | 1019248 | b6Sjt2-RNGxcRaWm937lmzRlL1ZStO-GKN6nDlCMyV4= | 7344.47 | 6.05498 | 3357.01 | -0.996713 | -0.0810158 | 1 | AugShort | 0 | 157.541 | 191.271 | 0 | 1 | 1 | 0 | 0 | 0 | 1 | 1 | camera |  | -0.996713 | 0 | -0.0810158 | -0.99
SCRIPT       : DATA_LOG | 1020242 | b6Sjt2-RNGxcRaWm937lmzRlL1ZStO-GKN6nDlCMyV4= | 7344.47 | 6.05498 | 3357.01 | -0.996713 | -0.0810158 | 1 | AugShort | 0 | 157.541 | 191.271 | 0 | 1 | 1 | 0 | 0 | 0 | 1 | 1 | camera |  | -0.996713 | 0 | -0.0810158 | -0.99
SCRIPT       : DATA_LOG | 1021242 | b6Sjt2-RNGxcRaWm937lmzRlL1ZStO-GKN6nDlCMyV4= | 7344.47 | 6.05498 | 3357.01 | -0.996713 | -0.0810158 | 1 | AugShort | 0 | 157.541 | 191.271 | 0 | 1 | 1 | 0 | 0 | 0 | 1 | 1 | camera |  | -0.996713 | 0 | -0.0810158 | -0.99
SCRIPT       : DATA_LOG | 1022249 | b6Sjt2-RNGxcRaWm937lmzRlL1ZStO-GKN6nDlCMyV4= | 7344.47 | 6.05498 | 3357.01 | -0.785025 | -0.619464 | 0 | AugShort | 0 | 168.829 | 191.271 | 0 | 1 | 1 | 0 | 0 | 0 | 0 | 1 | camera |  | -0.785025 | 0 | -0.619464 | -0.7850
SCRIPT       : DATA_LOG | 1023246 | b6Sjt2-RNGxcRaWm937lmzRlL1ZStO-GKN6nDlCMyV4= | 7344.18 | 6.05498 | 3356.89 | 0.241356 | -0.970437 | 0 | AugShort | 0 | 103.134 | 191.587 | 0 | 1 | 1 | 0 | 0 | 0 | 0 | 1 | camera |  | 0.241356 | 0 | -0.970437 | 0.241356 
SCRIPT       : DATA_LOG | 1024246 | b6Sjt2-RNGxcRaWm937lmzRlL1ZStO-GKN6nDlCMyV4= | 7342.8 | 6.05487 | 3358.85 | 0.113037 | -0.993591 | 0 | AugShort | 0 | 109.898 | 191.938 | 0 | 1 | 1 | 0 | 0 | 0 | 0 | 1 | camera |  | 0.113037 | 0 | -0.993591 | 0.113037 |
SCRIPT       : DATA_LOG | 1025246 | b6Sjt2-RNGxcRaWm937lmzRlL1ZStO-GKN6nDlCMyV4= | 7345.4 | 6.10376 | 3360.13 | -0.839752 | -0.542971 | 0 | AugShort | 0 | 173.507 | 189.036 | 0 | 1 | 1 | 0 | 0 | 0 | 0 | 1 | camera |  | -0.839752 | 0 | -0.542971 | -0.83975
SCRIPT       : DATA_LOG | 1026248 | b6Sjt2-RNGxcRaWm937lmzRlL1ZStO-GKN6nDlCMyV4= | 7348.02 | 6.15714 | 3358.98 | -0.997121 | 0.0758292 | 0 | AugShort | 0 | 148.587 | 187.213 | 0 | 1 | 1 | 0 | 0 | 0 | 0 | 1 | camera |  | -0.997121 | -0 | 0.0758292 | -0.997
SCRIPT       : DATA_LOG | 1027255 | b6Sjt2-RNGxcRaWm937lmzRlL1ZStO-GKN6nDlCMyV4= | 7348.16 | 6.16196 | 3359.06 | -0.390689 | 0.920523 | 0 | AugShort | 0 | 85.935 | 187.057 | 0 | 1 | 1 | 0 | 0 | 0 | 0 | 1 | camera |  | -0.390689 | 0 | 0.920523 | -0.390689 
 SCRIPT       : [Logout]: New player b6Sjt2-RNGxcRaWm937lmzRlL1ZStO-GKN6nDlCMyV4= with logout time 0
 SCRIPT       : Player "Van Grogue" (steamid=76561198282432920) initiated disconnect process...
SCRIPT       : [Logout]: Player b6Sjt2-RNGxcRaWm937lmzRlL1ZStO-GKN6nDlCMyV4= finished
SCRIPT       : [PlayerListManager] SyncEntryToReceivers ► uid: b6Sjt2-RNGxcRaWm937lmzRlL1ZStO-GKN6nDlCMyV4= isn't in the players list! sending a remove.
SCRIPT       : PlayerDisconnected -> PlayerListManager.RemoveEntry ► b6Sjt2-RNGxcRaWm937lmzRlL1ZStO-GKN6nDlCMyV4=
 SCRIPT       : [MissionServer] OnMissionFinish - Server
 SCRIPT       : ~DayZGame()
