---------------------------------------------
Log D:\ModelAnti-Cheat\log_profiles\script_2026-08-26_11-26-44.log started at 26.08. 11:26:46

SCRIPT       : Module: GameLib; loaded 18x files; 26x classes; used 39/2097 kB (1%) of static memory; defines: "DAYZ_1_29,SERVER_FOR_WINDOWS,SERVER,PLATFORM_WINDOWS,RELEASE,NO_GUI,NO_GUI_INGAME,sakhal,JM_CommunityFramework,CF_MODULE_CONFIG,CF_EXPRESSION,C
SCRIPT       : Registered 349 temporary action enum(s), UAN==349
SCRIPT       : Module: Game; loaded 521x files; 1604x classes; used 4275/33554 kB (12%) of static memory; defines: "DAYZ_1_29,SERVER_FOR_WINDOWS,SERVER,PLATFORM_WINDOWS,RELEASE,NO_GUI,NO_GUI_INGAME,sakhal,JM_CommunityFramework,CF_MODULE_CONFIG,CF_EXPRESSI
SCRIPT       : ... Backlit Effects Enabled
SCRIPT       : VPPNotificationManager()
SCRIPT       : [VPPAT] Internal VPPNotifications module loaded!
SCRIPT       : [DayZ Game]:: DayZGame(): Initializing V++ Admin Tools.
SCRIPT       : Module: World; loaded 2247x files; 5867x classes; used 9519/33554 kB (28%) of static memory; defines: "DAYZ_1_29,SERVER_FOR_WINDOWS,SERVER,PLATFORM_WINDOWS,RELEASE,NO_GUI,NO_GUI_INGAME,sakhal,JM_CommunityFramework,CF_MODULE_CONFIG,CF_EXPRES
 SCRIPT       : Module: Mission; loaded 293x files; 593x classes; used 3996/33554 kB (11%) of static memory; defines: "DAYZ_1_29,SERVER_FOR_WINDOWS,SERVER,PLATFORM_WINDOWS,RELEASE,NO_GUI,NO_GUI_INGAME,sakhal,JM_CommunityFramework,CF_MODULE_CONFIG,CF_EXPRE
 SCRIPT    (W): @"$CurrentDir:mpmissions\dayzOffline.chernarusplus\init.c,54": Possible variable name conflict 'm_player'
 SCRIPT       : Module: $CurrentDir:mpmissions\dayzOffline.chernarusplus\init.c; loaded 1x files; 1x classes; used 16/1048 kB (1%) of static memory; defines: "DAYZ_1_29,SERVER_FOR_WINDOWS,SERVER,PLATFORM_WINDOWS,RELEASE,NO_GUI,NO_GUI_INGAME,sakhal,JM_Comm
 SCRIPT       : [SERVER :: Vanilla++ AdminTools Plugins Registering]
 SCRIPT       : [MissionServer] OnInit - Server
 SCRIPT       : [MissionServer] OnMissionStart - Server
 SCRIPT       : string dirtyName = 'TESTINGSERVER'
 SCRIPT    (E): Virtual Machine Exception

Reason: [WeaponStableState::ValidateMuzzleArray] :: [ERROR] :: Muzzle array validation has failed. Please set up the correct muzzle states by overriding InitMuzzleArray.

Class:      'WeaponStableState'
Function: 'ValidateMuzzleArray'
Stack trace:
scripts/4_World/entities\firearms\fsm\states\weaponstablestate.c:195 Function ValidateMuzzleArray
scripts/4_World/entities\firearms\fsm\states\weaponstablestate.c:36 Function WeaponStableState@2152#1
scripts/4_World/entities\firearms\rifle_base.c:18 Function InitStateMachine
scripts/4_World/entities\firearms\weapon_base.c:130 Function Weapon_Base@2132#1
$CurrentDir:mpmissions\dayzOffline.chernarusplus\init.c:6 Function main
  SCRIPT       : [wpnfsm] Warning! OnStoreLoad - cannot load curent weapon state, id=0
SCRIPT       : m_LoginTimeMs: 16200
 SCRIPT       : ---- PlayerBase OnStoreLoad SUCCESS ----
 SCRIPT       : [VPPAT] Player "rafaelglima79" (steamId=76561199445097358) connected to server!
 SCRIPT       : [PlayerListManager] AddReceiver ► added: PlayerIdentity<0x0000020FC09C7C40>
SCRIPT       : [DUMMY_DEBUG] SUCESSO: Dummy criado na posicao: <12162.489258, 95.245712, 13770.812500>
SCRIPT       : DATA_LOG | 403308 | aRapBi1cCZPZAGLIDny3dk3hQ8vTmNTLHRl8zxmKgQ0= | 12160.1 | 95.3512 | 13772.6 | 0.810915 | -0.585164 | 0 | SKS | 0 | 0.876926 | 3.00046 | 0 | 1 | 1 | 1 | 0 | 0 | 0 | 1 | camera | Land_Workshop1 | 0.810915 | 0 | -0.585164 | 
SCRIPT       : DATA_LOG | 404079 | aRapBi1cCZPZAGLIDny3dk3hQ8vTmNTLHRl8zxmKgQ0= | 12160.1 | 95.3512 | 13772.6 | 0.810915 | -0.585164 | 0 | SKS | 1 | 30.2203 | 3.20121 | 0 | 1 | 1 | 0 | 0 | 0 | 0 | 1 | camera | target | 0.810915 | 0 | -0.585164 | 0.810915 
SCRIPT       : DATA_LOG | 405087 | aRapBi1cCZPZAGLIDny3dk3hQ8vTmNTLHRl8zxmKgQ0= | 12160.1 | 95.3512 | 13772.6 | 0.810915 | -0.585164 | 0 | SKS | 1 | 30.2571 | 3.19513 | 0 | 1 | 1 | 0 | 0 | 0 | 0 | 1 | camera | target | 0.810915 | 0 | -0.585164 | 0.810915 
SCRIPT       : DATA_LOG | 406083 | aRapBi1cCZPZAGLIDny3dk3hQ8vTmNTLHRl8zxmKgQ0= | 12160.1 | 95.3512 | 13772.6 | 0.810915 | -0.585164 | 0 | SKS | 1 | 30.2654 | 3.19825 | 0 | 1 | 1 | 0 | 0 | 0 | 0 | 1 | camera | target | 0.810915 | 0 | -0.585164 | 0.810915 
SCRIPT       : DATA_LOG | 407086 | aRapBi1cCZPZAGLIDny3dk3hQ8vTmNTLHRl8zxmKgQ0= | 12160.1 | 95.3512 | 13772.6 | 0.810915 | -0.585164 | 0 | SKS | 1 | 30.2522 | 3.19899 | 0 | 1 | 1 | 0 | 0 | 0 | 0 | 1 | camera | target | 0.810915 | 0 | -0.585164 | 0.810915 
SCRIPT       : DATA_LOG | 408096 | aRapBi1cCZPZAGLIDny3dk3hQ8vTmNTLHRl8zxmKgQ0= | 12160.1 | 95.3512 | 13772.6 | 0.810915 | -0.585164 | 0 | SKS | 1 | 30.2574 | 3.19621 | 0 | 1 | 1 | 0 | 0 | 0 | 0 | 1 | camera | target | 0.810915 | 0 | -0.585164 | 0.810915 
SCRIPT       : DATA_LOG | 409096 | aRapBi1cCZPZAGLIDny3dk3hQ8vTmNTLHRl8zxmKgQ0= | 12160.1 | 95.3512 | 13772.6 | 0.810915 | -0.585164 | 0 | SKS | 1 | 30.2627 | 3.19694 | 0 | 1 | 1 | 0 | 0 | 0 | 0 | 1 | camera | target | 0.810915 | 0 | -0.585164 | 0.810915 
SCRIPT       : DATA_LOG | 410097 | aRapBi1cCZPZAGLIDny3dk3hQ8vTmNTLHRl8zxmKgQ0= | 12160.1 | 95.3512 | 13772.6 | 0.810915 | -0.585164 | 0 | SKS | 1 | 30.2527 | 3.19814 | 0 | 1 | 1 | 0 | 0 | 0 | 0 | 1 | camera | target | 0.810915 | 0 | -0.585164 | 0.810915 
SCRIPT       : DATA_LOG | 411096 | aRapBi1cCZPZAGLIDny3dk3hQ8vTmNTLHRl8zxmKgQ0= | 12159 | 95.3517 | 13771.5 | 0.999919 | 0.0127132 | 0 | SKS | 1 | 26.8531 | 3.7505 | 0 | 1 | 1 | 0 | 0 | 0 | 0 | 1 | camera | target | 0.999919 | 0 | 0.0127132 | 0.999919 | 0
SCRIPT       : DATA_LOG | 412097 | aRapBi1cCZPZAGLIDny3dk3hQ8vTmNTLHRl8zxmKgQ0= | 12159.8 | 95.3513 | 13772.6 | 0.54712 | 0.837054 | 0 | SKS | 1 | 89.5114 | 3.42174 | 0 | 1 | 1 | 0 | 0 | 0 | 0 | 1 | camera | target | 0.54712 | 0 | 0.837054 | 0.54712 | 0 |
SCRIPT       : DATA_LOG | 413109 | aRapBi1cCZPZAGLIDny3dk3hQ8vTmNTLHRl8zxmKgQ0= | 12159 | 95.3516 | 13773.6 | 0.530712 | 0.847553 | 0 | SKS | 1 | 95.7522 | 4.48064 | 0 | 1 | 1 | 0 | 0 | 0 | 0 | 1 | camera | target | 0.530712 | 0 | 0.847553 | 0.530712 | 0 
SCRIPT       : DATA_LOG | 414110 | aRapBi1cCZPZAGLIDny3dk3hQ8vTmNTLHRl8zxmKgQ0= | 12158.6 | 95.3518 | 13773.8 | 0.530695 | 0.847563 | 0 | SKS | 1 | 95.2925 | 4.92574 | 0 | 1 | 1 | 0 | 0 | 0 | 0 | 1 | camera | target | 0.530695 | 0 | 0.847563 | 0.530695 | 
SCRIPT       : DATA_LOG | 415109 | aRapBi1cCZPZAGLIDny3dk3hQ8vTmNTLHRl8zxmKgQ0= | 12159 | 95.3517 | 13773.6 | 0.530695 | 0.847563 | 0 | SKS | 1 | 95.5964 | 4.53416 | 0 | 1 | 1 | 0 | 0 | 0 | 0 | 1 | camera | target | 0.530695 | 0 | 0.847563 | 0.530695 | 0 
SCRIPT       : DATA_LOG | 416105 | aRapBi1cCZPZAGLIDny3dk3hQ8vTmNTLHRl8zxmKgQ0= | 12159 | 95.3517 | 13773.6 | 0.530695 | 0.847563 | 0 | SKS | 1 | 95.6944 | 4.53565 | 0 | 1 | 1 | 0 | 0 | 0 | 0 | 1 | camera | target | 0.530695 | 0 | 0.847563 | 0.530695 | 0 
SCRIPT       : DATA_LOG | 417106 | aRapBi1cCZPZAGLIDny3dk3hQ8vTmNTLHRl8zxmKgQ0= | 12159.3 | 95.3515 | 13774.4 | 0.400412 | 0.916335 | 0 | SKS | 1 | 113.335 | 4.79947 | 0 | 1 | 1 | 0 | 0 | 0 | 0 | 1 | camera | target | 0.400412 | 0 | 0.916335 | 0.400412 | 
SCRIPT       : DATA_LOG | 418111 | aRapBi1cCZPZAGLIDny3dk3hQ8vTmNTLHRl8zxmKgQ0= | 12159.4 | 95.3515 | 13775.5 | 0.856005 | 0.516968 | 0 | SKS | 1 | 88.0064 | 5.65085 | 0 | 1 | 1 | 0 | 0 | 0 | 0 | 1 | camera | target | 0.856005 | 0 | 0.516968 | 0.856005 | 
SCRIPT       : DATA_LOG | 419113 | aRapBi1cCZPZAGLIDny3dk3hQ8vTmNTLHRl8zxmKgQ0= | 12161 | 95.2549 | 13777.3 | 0.764614 | -0.644489 | 0 | SKS | 0 | 40.342 | 6.68136 | 0 | 1 | 1 | 0 | 0 | 0 | 0 | 1 | camera |  | 0.764614 | 0 | -0.644489 | 0.764614 | 0 | -0.
SCRIPT       : DATA_LOG | 420112 | aRapBi1cCZPZAGLIDny3dk3hQ8vTmNTLHRl8zxmKgQ0= | 12160.2 | 95.1369 | 13778.6 | 0.976668 | -0.214755 | 0 | SKS | 0 | 62.5505 | 8.13373 | 0 | 1 | 1 | 0 | 0 | 0 | 0 | 1 | camera |  | 0.976668 | 0 | -0.214755 | 0.976668 | 0 | 
SCRIPT       : DATA_LOG | 421113 | aRapBi1cCZPZAGLIDny3dk3hQ8vTmNTLHRl8zxmKgQ0= | 12160.4 | 95.1364 | 13778.7 | 0.771025 | 0.636804 | 0 | SKS | 0 | 114.863 | 8.13126 | 0 | 1 | 1 | 0 | 0 | 0 | 0 | 1 | camera |  | 0.771025 | 0 | 0.636804 | 0.771025 | 0 | 0.
SCRIPT       : DATA_LOG | 422115 | aRapBi1cCZPZAGLIDny3dk3hQ8vTmNTLHRl8zxmKgQ0= | 12162.7 | 95.219 | 13778.2 | -0.114239 | 0.993453 | 0 | SKS | 0 | 163.682 | 7.42055 | 0 | 1 | 1 | 0 | 0 | 0 | 0 | 1 | camera |  | -0.114239 | -0 | 0.993453 | -0.114239 | 0 |
SCRIPT       : DATA_LOG | 423131 | aRapBi1cCZPZAGLIDny3dk3hQ8vTmNTLHRl8zxmKgQ0= | 12162.2 | 95.2168 | 13778.2 | -0.154842 | 0.987939 | 1 | SKS | 0 | 164.248 | 7.36131 | 0 | 1 | 1 | 0 | 0 | 0 | 1 | 1 | camera |  | -0.154842 | 0 | 0.987939 | -0.154842 | 0 |
SCRIPT       : DATA_LOG | 424115 | aRapBi1cCZPZAGLIDny3dk3hQ8vTmNTLHRl8zxmKgQ0= | 12162.9 | 95.3058 | 13778.3 | -0.138171 | 0.990408 | 1 | SKS | 0 | 162.375 | 7.45409 | 0 | 1 | 1 | 0 | 0 | 0 | 1 | 1 | camera |  | -0.138171 | 0 | 0.990408 | -0.138171 | 0 |
SCRIPT       : DATA_LOG | 425114 | aRapBi1cCZPZAGLIDny3dk3hQ8vTmNTLHRl8zxmKgQ0= | 12160.3 | 95.0277 | 13779.8 | -0.93442 | 0.356173 | 0 | SKS | 0 | 123.106 | 9.25656 | 0 | 1 | 1 | 0 | 0 | 0 | 0 | 1 | camera |  | -0.93442 | 0 | 0.356173 | -0.93442 | 0 | 0.
SCRIPT       : DATA_LOG | 426118 | aRapBi1cCZPZAGLIDny3dk3hQ8vTmNTLHRl8zxmKgQ0= | 12158.6 | 94.798 | 13782 | -0.275248 | 0.961373 | 0 | SKS | 0 | 169.048 | 11.7912 | 0 | 1 | 1 | 0 | 0 | 0 | 0 | 1 | camera | Land_Workshop1 | -0.275248 | 0 | 0.961373 | -0.2
SCRIPT       : DATA_LOG | 427120 | aRapBi1cCZPZAGLIDny3dk3hQ8vTmNTLHRl8zxmKgQ0= | 12160.5 | 94.7861 | 13783.1 | -0.505048 | 0.863091 | 1 | SKS | 0 | 156.081 | 12.442 | 0 | 1 | 1 | 0 | 0 | 0 | 0 | 1 | camera |  | -0.505048 | 0 | 0.863091 | -0.505048 | 0 | 
SCRIPT       : DATA_LOG | 428125 | aRapBi1cCZPZAGLIDny3dk3hQ8vTmNTLHRl8zxmKgQ0= | 12161.8 | 94.8348 | 13784.2 | -0.798868 | 0.601507 | 1 | SKS | 0 | 128.706 | 13.4237 | 0 | 1 | 1 | 0 | 0 | 0 | 0 | 1 | camera |  | -0.798868 | 0 | 0.601507 | -0.798868 | 0 |
SCRIPT       : DATA_LOG | 429125 | aRapBi1cCZPZAGLIDny3dk3hQ8vTmNTLHRl8zxmKgQ0= | 12161.8 | 94.8042 | 13786 | -0.911149 | -0.412077 | 0 | SKS | 0 | 67.9429 | 15.1839 | 0 | 1 | 1 | 0 | 0 | 0 | 0 | 1 | camera |  | -0.911149 | 0 | -0.412077 | -0.911149 | 0 |
SCRIPT       : DATA_LOG | 430127 | aRapBi1cCZPZAGLIDny3dk3hQ8vTmNTLHRl8zxmKgQ0= | 12159.2 | 94.6232 | 13784.8 | -0.683669 | -0.729792 | 0 | SKS | 0 | 56.5177 | 14.3751 | 0 | 1 | 1 | 0 | 0 | 0 | 0 | 1 | camera |  | -0.683669 | 0 | -0.729792 | -0.683669 | 0
SCRIPT       : DATA_LOG | 431129 | aRapBi1cCZPZAGLIDny3dk3hQ8vTmNTLHRl8zxmKgQ0= | 12158 | 94.6797 | 13783.1 | -0.476675 | 0.87908 | 0 | SKS | 0 | 166.762 | 13.0772 | 0 | 1 | 1 | 0 | 0 | 0 | 0 | 1 | camera | Land_Workshop1 | -0.476675 | -0 | 0.87908 | -0.4
SCRIPT       : DATA_LOG | 432124 | aRapBi1cCZPZAGLIDny3dk3hQ8vTmNTLHRl8zxmKgQ0= | 12158 | 94.6797 | 13783.1 | -0.380495 | 0.924783 | 0 | SKS | 0 | 169.638 | 13.0784 | 0 | 1 | 1 | 0 | 0 | 0 | 0 | 1 | camera | Land_Workshop1 | -0.380495 | -0 | 0.924783 | -0
SCRIPT       : DATA_LOG | 433133 | aRapBi1cCZPZAGLIDny3dk3hQ8vTmNTLHRl8zxmKgQ0= | 12158 | 94.6797 | 13783.1 | -0.380495 | 0.924783 | 0 | SKS | 0 | 169.635 | 13.0851 | 0 | 1 | 1 | 0 | 0 | 0 | 0 | 1 | camera | Land_Workshop1 | -0.380495 | -0 | 0.924783 | -0
SCRIPT       : DATA_LOG | 434124 | aRapBi1cCZPZAGLIDny3dk3hQ8vTmNTLHRl8zxmKgQ0= | 12158 | 94.6797 | 13783.1 | -0.380495 | 0.924783 | 0 | SKS | 0 | 169.636 | 13.0727 | 0 | 1 | 1 | 0 | 0 | 0 | 0 | 1 | camera | Land_Workshop1 | -0.380495 | -0 | 0.924783 | -0
SCRIPT       : DATA_LOG | 435124 | aRapBi1cCZPZAGLIDny3dk3hQ8vTmNTLHRl8zxmKgQ0= | 12158 | 94.6797 | 13783.1 | -0.380495 | 0.924783 | 0 | SKS | 0 | 169.623 | 13.089 | 0 | 1 | 1 | 0 | 0 | 0 | 0 | 1 | camera | Land_Workshop1 | -0.380495 | -0 | 0.924783 | -0.
SCRIPT       : DATA_LOG | 436127 | aRapBi1cCZPZAGLIDny3dk3hQ8vTmNTLHRl8zxmKgQ0= | 12158 | 94.6797 | 13783.1 | -0.380495 | 0.924783 | 0 | SKS | 0 | 169.633 | 13.0767 | 0 | 1 | 1 | 0 | 0 | 0 | 0 | 1 | camera | Land_Workshop1 | -0.380495 | -0 | 0.924783 | -0
 SCRIPT       : [Permissions Manager] Admin (rafaelglima79) (76561199445097358) Successfully Logged in!
SCRIPT       : DATA_LOG | 437133 | aRapBi1cCZPZAGLIDny3dk3hQ8vTmNTLHRl8zxmKgQ0= | 12159.2 | 94.6502 | 13784.2 | -0.164027 | 0.986456 | 0 | SKS | 0 | 169.547 | 13.7369 | 0 | 1 | 1 | 0 | 0 | 0 | 0 | 1 | camera |  | -0.164027 | -0 | 0.986456 | -0.164027 | 0 
SCRIPT       : DATA_LOG | 438129 | aRapBi1cCZPZAGLIDny3dk3hQ8vTmNTLHRl8zxmKgQ0= | 12159.2 | 94.6491 | 13784.2 | -0.164027 | 0.986456 | 0 | SKS | 0 | 169.562 | 13.7614 | 0 | 1 | 1 | 0 | 0 | 0 | 0 | 1 | camera |  | -0.164027 | -0 | 0.986456 | -0.164027 | 0 
SCRIPT       : DATA_LOG | 439140 | aRapBi1cCZPZAGLIDny3dk3hQ8vTmNTLHRl8zxmKgQ0= | 12159.2 | 94.6491 | 13784.2 | -0.164027 | 0.986456 | 0 | SKS | 0 | 169.557 | 13.7601 | 0 | 1 | 1 | 0 | 0 | 0 | 0 | 1 | camera |  | -0.164027 | -0 | 0.986456 | -0.164027 | 0 
SCRIPT       : DATA_LOG | 440130 | aRapBi1cCZPZAGLIDny3dk3hQ8vTmNTLHRl8zxmKgQ0= | 12159.2 | 94.6491 | 13784.2 | -0.164027 | 0.986456 | 0 | SKS | 0 | 169.568 | 13.7678 | 0 | 1 | 1 | 0 | 0 | 0 | 0 | 1 | camera |  | -0.164027 | -0 | 0.986456 | -0.164027 | 0 
SCRIPT       : DATA_LOG | 441130 | aRapBi1cCZPZAGLIDny3dk3hQ8vTmNTLHRl8zxmKgQ0= | 12159.2 | 94.6491 | 13784.2 | -0.164027 | 0.986456 | 0 | SKS | 0 | 169.561 | 13.7534 | 0 | 1 | 1 | 0 | 0 | 0 | 0 | 1 | camera |  | -0.164027 | -0 | 0.986456 | -0.164027 | 0 
SCRIPT       : DATA_LOG | 442139 | aRapBi1cCZPZAGLIDny3dk3hQ8vTmNTLHRl8zxmKgQ0= | 12159.2 | 94.6491 | 13784.2 | -0.164027 | 0.986456 | 0 | SKS | 0 | 169.58 | 13.7709 | 0 | 1 | 1 | 0 | 0 | 0 | 0 | 1 | camera |  | -0.164027 | -0 | 0.986456 | -0.164027 | 0 |
SCRIPT       : DATA_LOG | 443139 | aRapBi1cCZPZAGLIDny3dk3hQ8vTmNTLHRl8zxmKgQ0= | 12159.2 | 94.6491 | 13784.2 | -0.164027 | 0.986456 | 0 | SKS | 0 | 169.569 | 13.7624 | 0 | 1 | 1 | 0 | 0 | 0 | 0 | 1 | camera |  | -0.164027 | -0 | 0.986456 | -0.164027 | 0 
SCRIPT       : DATA_LOG | 444139 | aRapBi1cCZPZAGLIDny3dk3hQ8vTmNTLHRl8zxmKgQ0= | 12159.2 | 94.6491 | 13784.2 | -0.164027 | 0.986456 | 0 | SKS | 0 | 169.566 | 13.7609 | 0 | 1 | 1 | 0 | 0 | 0 | 0 | 1 | camera |  | -0.164027 | -0 | 0.986456 | -0.164027 | 0 
SCRIPT       : DATA_LOG | 445144 | aRapBi1cCZPZAGLIDny3dk3hQ8vTmNTLHRl8zxmKgQ0= | 12159.2 | 94.6491 | 13784.2 | -0.164027 | 0.986456 | 0 | SKS | 0 | 169.564 | 13.7621 | 0 | 1 | 1 | 0 | 0 | 0 | 0 | 1 | camera |  | -0.164027 | -0 | 0.986456 | -0.164027 | 0 
SCRIPT       : DATA_LOG | 446146 | aRapBi1cCZPZAGLIDny3dk3hQ8vTmNTLHRl8zxmKgQ0= | 12159.2 | 94.6491 | 13784.2 | -0.164027 | 0.986456 | 0 | SKS | 0 | 169.556 | 13.7592 | 0 | 1 | 1 | 0 | 0 | 0 | 0 | 1 | camera |  | -0.164027 | -0 | 0.986456 | -0.164027 | 0 
SCRIPT       : DATA_LOG | 447140 | aRapBi1cCZPZAGLIDny3dk3hQ8vTmNTLHRl8zxmKgQ0= | 12159.2 | 94.6491 | 13784.2 | -0.164027 | 0.986456 | 0 | SKS | 0 | 169.568 | 13.7668 | 0 | 1 | 1 | 0 | 0 | 0 | 0 | 1 | camera |  | -0.164027 | -0 | 0.986456 | -0.164027 | 0 
SCRIPT       : DATA_LOG | 448139 | aRapBi1cCZPZAGLIDny3dk3hQ8vTmNTLHRl8zxmKgQ0= | 12159.2 | 94.6491 | 13784.2 | -0.164027 | 0.986456 | 0 | SKS | 0 | 169.561 | 13.7546 | 0 | 1 | 1 | 0 | 0 | 0 | 0 | 1 | camera |  | -0.164027 | -0 | 0.986456 | -0.164027 | 0 
SCRIPT       : DATA_LOG | 449146 | aRapBi1cCZPZAGLIDny3dk3hQ8vTmNTLHRl8zxmKgQ0= | 12159.2 | 94.6491 | 13784.2 | -0.164027 | 0.986456 | 0 | SKS | 0 | 169.577 | 13.7682 | 0 | 1 | 1 | 0 | 0 | 0 | 0 | 1 | camera |  | -0.164027 | -0 | 0.986456 | -0.164027 | 0 
SCRIPT       : DATA_LOG | 450141 | aRapBi1cCZPZAGLIDny3dk3hQ8vTmNTLHRl8zxmKgQ0= | 12159.2 | 94.6491 | 13784.2 | -0.164027 | 0.986456 | 0 | SKS | 0 | 169.572 | 13.766 | 0 | 1 | 1 | 0 | 0 | 0 | 0 | 1 | camera |  | -0.164027 | -0 | 0.986456 | -0.164027 | 0 |
SCRIPT       : DATA_LOG | 451147 | aRapBi1cCZPZAGLIDny3dk3hQ8vTmNTLHRl8zxmKgQ0= | 12159.2 | 94.6491 | 13784.2 | -0.164027 | 0.986456 | 0 | SKS | 0 | 169.564 | 13.7592 | 0 | 1 | 1 | 0 | 0 | 0 | 0 | 1 | camera |  | -0.164027 | -0 | 0.986456 | -0.164027 | 0 
SCRIPT       : DATA_LOG | 452153 | aRapBi1cCZPZAGLIDny3dk3hQ8vTmNTLHRl8zxmKgQ0= | 12159.2 | 94.6491 | 13784.2 | -0.164027 | 0.986456 | 0 | SKS | 0 | 169.568 | 13.7626 | 0 | 1 | 1 | 0 | 0 | 0 | 0 | 1 | camera |  | -0.164027 | -0 | 0.986456 | -0.164027 | 0 
SCRIPT       : DATA_LOG | 453148 | aRapBi1cCZPZAGLIDny3dk3hQ8vTmNTLHRl8zxmKgQ0= | 12159.2 | 94.6491 | 13784.2 | -0.164027 | 0.986456 | 0 | SKS | 0 | 169.557 | 13.758 | 0 | 1 | 1 | 0 | 0 | 0 | 0 | 1 | camera |  | -0.164027 | -0 | 0.986456 | -0.164027 | 0 |
SCRIPT       : DATA_LOG | 454149 | aRapBi1cCZPZAGLIDny3dk3hQ8vTmNTLHRl8zxmKgQ0= | 12159.2 | 94.6491 | 13784.2 | -0.164027 | 0.986456 | 0 | SKS | 0 | 169.566 | 13.7651 | 0 | 1 | 1 | 0 | 0 | 0 | 0 | 1 | camera |  | -0.164027 | -0 | 0.986456 | -0.164027 | 0 
SCRIPT       : DATA_LOG | 455154 | aRapBi1cCZPZAGLIDny3dk3hQ8vTmNTLHRl8zxmKgQ0= | 12159.2 | 94.6491 | 13784.2 | -0.164027 | 0.986456 | 0 | SKS | 0 | 169.564 | 13.7574 | 0 | 1 | 1 | 0 | 0 | 0 | 0 | 1 | camera |  | -0.164027 | -0 | 0.986456 | -0.164027 | 0 
SCRIPT       : DATA_LOG | 456148 | aRapBi1cCZPZAGLIDny3dk3hQ8vTmNTLHRl8zxmKgQ0= | 12159.2 | 94.6491 | 13784.2 | -0.164027 | 0.986456 | 0 | SKS | 0 | 169.572 | 13.7639 | 0 | 1 | 1 | 0 | 0 | 0 | 0 | 1 | camera |  | -0.164027 | -0 | 0.986456 | -0.164027 | 0 
SCRIPT       : DATA_LOG | 457155 | aRapBi1cCZPZAGLIDny3dk3hQ8vTmNTLHRl8zxmKgQ0= | 12159.2 | 94.6491 | 13784.2 | -0.164027 | 0.986456 | 0 | SKS | 0 | 169.575 | 13.7687 | 0 | 1 | 1 | 0 | 0 | 0 | 0 | 1 | camera |  | -0.164027 | -0 | 0.986456 | -0.164027 | 0 
SCRIPT       : DATA_LOG | 458151 | aRapBi1cCZPZAGLIDny3dk3hQ8vTmNTLHRl8zxmKgQ0= | 12159.2 | 94.6479 | 13784.3 | 0.347292 | 0.937757 | 0 | SKS | 0 | 145.171 | 13.8006 | 0 | 1 | 1 | 0 | 0 | 0 | 0 | 1 | camera |  | 0.347292 | 0 | 0.937757 | 0.347292 | 0 | 0.
SCRIPT       : DATA_LOG | 459154 | aRapBi1cCZPZAGLIDny3dk3hQ8vTmNTLHRl8zxmKgQ0= | 12159.7 | 94.6548 | 13785.6 | 0.765425 | -0.643525 | 0 | SKS | 0 | 40.6132 | 15.0349 | 0 | 1 | 1 | 0 | 0 | 0 | 0 | 1 | camera |  | 0.765425 | 0 | -0.643525 | 0.765425 | 0 | 
SCRIPT       : DATA_LOG | 460152 | aRapBi1cCZPZAGLIDny3dk3hQ8vTmNTLHRl8zxmKgQ0= | 12160.9 | 94.7347 | 13787 | 0.150514 | -0.988608 | 0 | SKS | 0 | 8.56263 | 16.2291 | 0 | 1 | 1 | 0 | 0 | 0 | 0 | 1 | camera |  | 0.150514 | 0 | -0.988608 | 0.150514 | 0 | -0
SCRIPT       : DATA_LOG | 461156 | aRapBi1cCZPZAGLIDny3dk3hQ8vTmNTLHRl8zxmKgQ0= | 12160.8 | 94.7345 | 13786.8 | 0.0705694 | -0.997507 | 1 | SKS | 0 | 8.10045 | 16.0187 | 0 | 1 | 1 | 0 | 0 | 0 | 1 | 1 | camera |  | 0.0705694 | 0 | -0.997507 | 0.0705694 | 0
SCRIPT       : DATA_LOG | 462156 | aRapBi1cCZPZAGLIDny3dk3hQ8vTmNTLHRl8zxmKgQ0= | 12161 | 94.7615 | 13784.7 | 0.0816873 | -0.996658 | 1 | SKS | 0 | 9.12481 | 13.918 | 0 | 1 | 1 | 0 | 0 | 0 | 1 | 1 | camera |  | 0.0816873 | 0 | -0.996658 | 0.0816873 | 0 | 
SCRIPT       : DATA_LOG | 463156 | aRapBi1cCZPZAGLIDny3dk3hQ8vTmNTLHRl8zxmKgQ0= | 12161.2 | 94.8526 | 13782.7 | 0.0836606 | -0.996494 | 1 | SKS | 0 | 10.2485 | 11.8882 | 0 | 1 | 1 | 0 | 0 | 0 | 1 | 1 | camera |  | 0.0836606 | 0 | -0.996494 | 0.0836606 | 0
SCRIPT       : DATA_LOG | 464155 | aRapBi1cCZPZAGLIDny3dk3hQ8vTmNTLHRl8zxmKgQ0= | 12161.2 | 94.8791 | 13782.1 | 0.0861029 | -0.996286 | 1 | SKS | 0 | 10.6392 | 11.307 | 0 | 1 | 1 | 0 | 0 | 0 | 1 | 1 | camera |  | 0.0861029 | 0 | -0.996286 | 0.0861029 | 0 
SCRIPT       : DATA_LOG | 465160 | aRapBi1cCZPZAGLIDny3dk3hQ8vTmNTLHRl8zxmKgQ0= | 12160.9 | 94.8819 | 13781.5 | 0.109603 | -0.993976 | 0 | SKS | 0 | 11.1948 | 10.7903 | 0 | 1 | 1 | 0 | 0 | 0 | 0 | 1 | camera |  | 0.109603 | 0 | -0.993976 | 0.109603 | 0 | 
SCRIPT       : DATA_LOG | 466160 | aRapBi1cCZPZAGLIDny3dk3hQ8vTmNTLHRl8zxmKgQ0= | 12160.9 | 94.8871 | 13781.4 | 0.14128 | -0.98997 | 0 | SKS | 0 | 11.1355 | 10.7402 | 0 | 1 | 1 | 0 | 0 | 0 | 0 | 1 | camera |  | 0.14128 | 0 | -0.98997 | 0.14128 | 0 | -0.98
SCRIPT       : DATA_LOG | 467164 | aRapBi1cCZPZAGLIDny3dk3hQ8vTmNTLHRl8zxmKgQ0= | 12162.5 | 95.027 | 13780.6 | 0.155075 | -0.987903 | 0 | SKS | 0 | 15.1312 | 9.82983 | 0 | 1 | 1 | 0 | 0 | 0 | 0 | 1 | camera |  | 0.155075 | 0 | -0.987903 | 0.155075 | 0 | -
SCRIPT       : DATA_LOG | 468165 | aRapBi1cCZPZAGLIDny3dk3hQ8vTmNTLHRl8zxmKgQ0= | 12164.2 | 95.1208 | 13781.3 | -0.082365 | -0.996602 | 0 | Engraved1911 | 0 | 11.3596 | 10.6359 | 0 | 1 | 1 | 0 | 0 | 0 | 0 | 1 | camera |  | -0.082365 | 0 | -0.996602 | -0.0
SCRIPT       : DATA_LOG | 469161 | aRapBi1cCZPZAGLIDny3dk3hQ8vTmNTLHRl8zxmKgQ0= | 12165.6 | 95.2981 | 13781.8 | -0.274558 | -0.961571 | 1 | Engraved1911 | 0 | 8.41618 | 11.4091 | 0 | 1 | 1 | 0 | 0 | 0 | 1 | 1 | camera |  | -0.274558 | 0 | -0.961571 | -0.2
SCRIPT       : DATA_LOG | 470163 | aRapBi1cCZPZAGLIDny3dk3hQ8vTmNTLHRl8zxmKgQ0= | 12166.9 | 95.1708 | 13781.2 | -0.412138 | -0.911121 | 1 | Engraved1911 | 0 | 9.13394 | 11.2765 | 0 | 1 | 1 | 0 | 0 | 0 | 1 | 1 | camera |  | -0.412138 | 0 | -0.911121 | -0.4
SCRIPT       : DATA_LOG | 471170 | aRapBi1cCZPZAGLIDny3dk3hQ8vTmNTLHRl8zxmKgQ0= | 12167 | 95.2459 | 13779.2 | -0.452676 | -0.891675 | 1 | Engraved1911 | 0 | 10.6132 | 9.5906 | 0 | 1 | 1 | 0 | 0 | 0 | 1 | 1 | camera |  | -0.452676 | 0 | -0.891675 | -0.4526
SCRIPT       : DATA_LOG | 472169 | aRapBi1cCZPZAGLIDny3dk3hQ8vTmNTLHRl8zxmKgQ0= | 12167.8 | 95.2306 | 13779.5 | -0.357875 | -0.93377 | 0 | Engraved1911 | 0 | 15.1885 | 10.1965 | 0 | 1 | 1 | 0 | 0 | 0 | 0 | 1 | camera | Land_Workshop1 | -0.357875 | 0 | -0.
SCRIPT       : DATA_LOG | 473167 | aRapBi1cCZPZAGLIDny3dk3hQ8vTmNTLHRl8zxmKgQ0= | 12166.6 | 95.3176 | 13774.5 | -0.601427 | -0.798928 | 0 | Engraved1911 | 0 | 21.276 | 5.76497 | 0 | 1 | 1 | 0 | 0 | 0 | 0 | 1 | camera | Land_Workshop1 | -0.601427 | 0 | -0.
SCRIPT       : DATA_LOG | 474172 | aRapBi1cCZPZAGLIDny3dk3hQ8vTmNTLHRl8zxmKgQ0= | 12163.7 | 95.2791 | 13770.2 | -0.92172 | -0.387855 | 0 | Engraved1911 | 0 | 66.2468 | 2.26451 | 0 | 1 | 1 | 0 | 0 | 0 | 0 | 1 | camera | Land_Workshop1 | -0.92172 | 0 | -0.3
SCRIPT       : DATA_LOG | 475169 | aRapBi1cCZPZAGLIDny3dk3hQ8vTmNTLHRl8zxmKgQ0= | 12165.4 | 95.2849 | 13767.6 | -0.739621 | 0.673023 | 1 | Engraved1911 | 1 | 21.0455 | 4.85616 | 0 | 1 | 1 | 0 | 0 | 0 | 1 | 1 | camera | target | -0.739621 | 0 | 0.673023 | 
SCRIPT       : DATA_LOG | 476168 | aRapBi1cCZPZAGLIDny3dk3hQ8vTmNTLHRl8zxmKgQ0= | 12166.2 | 95.285 | 13766.2 | -0.660145 | 0.751139 | 1 | Engraved1911 | 1 | 15.3741 | 6.38075 | 0 | 1 | 1 | 0 | 0 | 0 | 1 | 1 | camera | target | -0.660145 | 0 | 0.751139 | -
SCRIPT       : DATA_LOG | 477174 | aRapBi1cCZPZAGLIDny3dk3hQ8vTmNTLHRl8zxmKgQ0= | 12167.5 | 95.285 | 13765.5 | -0.614056 | 0.789263 | 0 | Engraved1911 | 1 | 13.6047 | 7.70397 | 0 | 1 | 1 | 0 | 0 | 0 | 0 | 1 | camera | target | -0.614056 | 0 | 0.789263 | -
SCRIPT       : DATA_LOG | 478179 | aRapBi1cCZPZAGLIDny3dk3hQ8vTmNTLHRl8zxmKgQ0= | 12172.1 | 95.2956 | 13764.9 | 0.973109 | 0.230344 | 0 | Engraved1911 | 1 | 134.092 | 11.6736 | 0 | 1 | 1 | 0 | 0 | 0 | 0 | 1 | camera | target | 0.973109 | 0 | 0.230344 | 0.
SCRIPT       : DATA_LOG | 479217 | aRapBi1cCZPZAGLIDny3dk3hQ8vTmNTLHRl8zxmKgQ0= | 12177.9 | 95.2769 | 13763.7 | -0.576824 | 0.816868 | 0 | Engraved1911 | 1 | 30.0251 | 17.268 | 0 | 1 | 1 | 0 | 0 | 0 | 0 | 1 | camera | target | -0.576824 | 0 | 0.816868 | -
SCRIPT       : DATA_LOG | 480197 | aRapBi1cCZPZAGLIDny3dk3hQ8vTmNTLHRl8zxmKgQ0= | 12179.5 | 95.254 | 13765 | -0.933989 | 0.357301 | 1 | Engraved1911 | 1 | 5.57042 | 18.2416 | 0 | 1 | 1 | 0 | 0 | 0 | 1 | 1 | camera | target | -0.933989 | 0 | 0.357301 | -0.
SCRIPT       : DATA_LOG | 481174 | aRapBi1cCZPZAGLIDny3dk3hQ8vTmNTLHRl8zxmKgQ0= | 12179.5 | 95.2533 | 13765 | -0.935391 | 0.353616 | 1 | Engraved1911 | 1 | 5.54811 | 18.2394 | 0 | 1 | 1 | 0 | 0 | 0 | 1 | 1 | camera | target | -0.935391 | 0 | 0.353616 | -0
SCRIPT       : DATA_LOG | 482177 | aRapBi1cCZPZAGLIDny3dk3hQ8vTmNTLHRl8zxmKgQ0= | 12179.5 | 95.2533 | 13765 | -0.935391 | 0.353616 | 1 | Engraved1911 | 1 | 5.54652 | 18.2379 | 0 | 1 | 1 | 0 | 0 | 0 | 1 | 1 | camera | target | -0.935391 | 0 | 0.353616 | -0
SCRIPT       : DATA_LOG | 483182 | aRapBi1cCZPZAGLIDny3dk3hQ8vTmNTLHRl8zxmKgQ0= | 12179.2 | 95.2647 | 13764.2 | -0.932409 | 0.361404 | 1 | Engraved1911 | 1 | 5.40381 | 18.2306 | 0 | 1 | 1 | 0 | 0 | 0 | 1 | 1 | camera | target | -0.932409 | 0 | 0.361404 | 
SCRIPT       : DATA_LOG | 484182 | aRapBi1cCZPZAGLIDny3dk3hQ8vTmNTLHRl8zxmKgQ0= | 12177.8 | 95.274 | 13763.1 | -0.890094 | 0.455777 | 1 | Engraved1911 | 1 | 5.55305 | 17.4234 | 0 | 1 | 1 | 0 | 0 | 0 | 1 | 1 | camera | target | -0.890094 | 0 | 0.455777 | -
SCRIPT       : DATA_LOG | 485182 | aRapBi1cCZPZAGLIDny3dk3hQ8vTmNTLHRl8zxmKgQ0= | 12177.6 | 95.2734 | 13762.9 | -0.890564 | 0.454858 | 1 | Engraved1911 | 1 | 5.63256 | 17.3869 | 0 | 1 | 1 | 0 | 0 | 0 | 1 | 1 | camera | target | -0.890564 | -0 | 0.454858 |
SCRIPT       : DATA_LOG | 486182 | aRapBi1cCZPZAGLIDny3dk3hQ8vTmNTLHRl8zxmKgQ0= | 12177.6 | 95.2733 | 13762.9 | -0.893838 | 0.448391 | 1 | Engraved1911 | 1 | 5.7267 | 17.3885 | 0 | 1 | 1 | 0 | 0 | 0 | 1 | 1 | camera | target | -0.893838 | 0 | 0.448391 | -
SCRIPT       : DATA_LOG | 487187 | aRapBi1cCZPZAGLIDny3dk3hQ8vTmNTLHRl8zxmKgQ0= | 12176.8 | 95.2749 | 13761.4 | -0.84847 | 0.529244 | 1 | Engraved1911 | 1 | 5.73962 | 17.4565 | 0 | 1 | 1 | 0 | 0 | 0 | 1 | 1 | camera | target | -0.84847 | 0 | 0.529244 | -0
SCRIPT       : DATA_LOG | 488184 | aRapBi1cCZPZAGLIDny3dk3hQ8vTmNTLHRl8zxmKgQ0= | 12175.7 | 95.2799 | 13759.8 | -0.814297 | 0.580448 | 0 | Engraved1911 | 1 | 7.03316 | 17.5342 | 0 | 1 | 1 | 0 | 0 | 0 | 0 | 1 | camera | target | -0.814297 | 0 | 0.580448 | 
SCRIPT       : DATA_LOG | 489195 | aRapBi1cCZPZAGLIDny3dk3hQ8vTmNTLHRl8zxmKgQ0= | 12175.1 | 95.2815 | 13758.9 | -0.803 | 0.595979 | 0 | Engraved1911 | 1 | 8.79556 | 17.6616 | 0 | 1 | 1 | 0 | 0 | 0 | 0 | 1 | camera | target | -0.803 | 0 | 0.595979 | -0.803
SCRIPT       : DATA_LOG | 490186 | aRapBi1cCZPZAGLIDny3dk3hQ8vTmNTLHRl8zxmKgQ0= | 12175.3 | 95.2812 | 13759.2 | -0.783252 | 0.621704 | 0 | SKS | 1 | 6.74192 | 17.6242 | 0 | 1 | 1 | 0 | 0 | 0 | 0 | 1 | camera | target | -0.783252 | 0 | 0.621704 | -0.783252
SCRIPT       : DATA_LOG | 491188 | aRapBi1cCZPZAGLIDny3dk3hQ8vTmNTLHRl8zxmKgQ0= | 12175 | 95.2816 | 13758.9 | -0.751564 | 0.659661 | 1 | SKS | 1 | 6.00054 | 17.6326 | 0 | 1 | 1 | 0 | 0 | 0 | 1 | 1 | camera | target | -0.751564 | -0 | 0.659661 | -0.751564 
SCRIPT       : DATA_LOG | 492186 | aRapBi1cCZPZAGLIDny3dk3hQ8vTmNTLHRl8zxmKgQ0= | 12175.7 | 95.2801 | 13759.7 | -0.768866 | 0.63941 | 1 | SKS | 1 | 5.49562 | 17.6105 | 0 | 1 | 1 | 0 | 0 | 0 | 0 | 1 | camera | target | -0.768866 | 0 | 0.63941 | -0.768866 |
SCRIPT       : DATA_LOG | 493197 | aRapBi1cCZPZAGLIDny3dk3hQ8vTmNTLHRl8zxmKgQ0= | 12176.8 | 95.2755 | 13761.1 | -0.814032 | 0.58082 | 1 | SKS | 1 | 5.57253 | 17.6072 | 0 | 1 | 1 | 0 | 0 | 0 | 0 | 1 | camera | target | -0.814032 | 0 | 0.58082 | -0.814032 |
SCRIPT       : DATA_LOG | 494189 | aRapBi1cCZPZAGLIDny3dk3hQ8vTmNTLHRl8zxmKgQ0= | 12176.7 | 95.2757 | 13761 | -0.83706 | 0.547111 | 0 | SKS | 1 | 5.76068 | 17.6212 | 0 | 1 | 1 | 0 | 0 | 0 | 0 | 1 | camera | target | -0.83706 | 0 | 0.547111 | -0.83706 | 0 
SCRIPT       : DATA_LOG | 495194 | aRapBi1cCZPZAGLIDny3dk3hQ8vTmNTLHRl8zxmKgQ0= | 12178.5 | 95.2736 | 13763.4 | -0.799242 | 0.60101 | 0 | SKS | 1 | 12.9206 | 17.9753 | 0 | 1 | 1 | 0 | 0 | 0 | 0 | 1 | camera | target | -0.799242 | 0 | 0.60101 | -0.799242 |
SCRIPT       : DATA_LOG | 496191 | aRapBi1cCZPZAGLIDny3dk3hQ8vTmNTLHRl8zxmKgQ0= | 12178.3 | 95.2668 | 13765.7 | -0.942368 | 0.334578 | 0 | SKS | 1 | 5.85659 | 16.9001 | 0 | 1 | 1 | 0 | 0 | 0 | 0 | 1 | camera | target | -0.942368 | 0 | 0.334578 | -0.942368
SCRIPT       : DATA_LOG | 497191 | aRapBi1cCZPZAGLIDny3dk3hQ8vTmNTLHRl8zxmKgQ0= | 12172.4 | 95.3126 | 13767.7 | -0.943082 | 0.33256 | 0 | SKS | 1 | 8.94314 | 10.7533 | 0 | 1 | 1 | 0 | 0 | 0 | 0 | 1 | camera | target | -0.943082 | 0 | 0.33256 | -0.943082 |
SCRIPT       : DATA_LOG | 498196 | aRapBi1cCZPZAGLIDny3dk3hQ8vTmNTLHRl8zxmKgQ0= | 12166.5 | 95.2937 | 13770.1 | -0.972861 | 0.23139 | 0 | SKS | 0 | 21.2701 | 4.59823 | 0 | 1 | 1 | 0 | 0 | 0 | 0 | 1 | camera | Land_Workshop1 | -0.972861 | 0 | 0.23139 | -0.
SCRIPT       : DATA_LOG | 499194 | aRapBi1cCZPZAGLIDny3dk3hQ8vTmNTLHRl8zxmKgQ0= | 12166.2 | 95.2918 | 13770.1 | -0.716198 | 0.697897 | 0 | SKS | 0 | 37.8819 | 4.27771 | 0 | 1 | 1 | 0 | 0 | 0 | 0 | 1 | camera | Land_Workshop1 | -0.716198 | 0 | 0.697897 | -
SCRIPT       : DATA_LOG | 500203 | aRapBi1cCZPZAGLIDny3dk3hQ8vTmNTLHRl8zxmKgQ0= | 12167.2 | 95.288 | 13768.4 | 0.991017 | 0.133738 | 0 | SKS | 0 | 140.595 | 5.77393 | 0 | 1 | 1 | 0 | 0 | 0 | 0 | 1 | camera | Land_Workshop1 | 0.991017 | 0 | 0.133738 | 0.99
SCRIPT       : DATA_LOG | 501202 | aRapBi1cCZPZAGLIDny3dk3hQ8vTmNTLHRl8zxmKgQ0= | 12167.2 | 95.288 | 13768.4 | 0.841373 | -0.540454 | 0 | SKS | 0 | 162.686 | 5.77422 | 0 | 1 | 1 | 0 | 0 | 0 | 0 | 1 | camera | Land_Workshop1 | 0.841373 | 0 | -0.540454 | 0.
SCRIPT       : DATA_LOG | 502203 | aRapBi1cCZPZAGLIDny3dk3hQ8vTmNTLHRl8zxmKgQ0= | 12167.2 | 95.288 | 13768.4 | 0.344918 | -0.938633 | 0 | SKS | 0 | 135.99 | 5.77472 | 0 | 1 | 1 | 0 | 0 | 0 | 0 | 1 | camera | Land_Workshop1 | 0.344918 | 0 | -0.938633 | 0.3
SCRIPT       : DATA_LOG | 503198 | aRapBi1cCZPZAGLIDny3dk3hQ8vTmNTLHRl8zxmKgQ0= | 12167.2 | 95.288 | 13768.4 | -0.225568 | -0.974227 | 0 | SKS | 0 | 104.901 | 5.77241 | 0 | 1 | 1 | 0 | 0 | 0 | 0 | 1 | camera | Land_Workshop1 | -0.225568 | 0 | -0.974227 | 
SCRIPT       : DATA_LOG | 504201 | aRapBi1cCZPZAGLIDny3dk3hQ8vTmNTLHRl8zxmKgQ0= | 12167.2 | 95.288 | 13768.4 | -0.618469 | -0.785809 | 0 | SKS | 0 | 80.7683 | 5.77009 | 0 | 1 | 1 | 0 | 0 | 0 | 0 | 1 | camera | Land_Workshop1 | -0.618469 | 0 | -0.785809 | 
SCRIPT       : DATA_LOG | 505198 | aRapBi1cCZPZAGLIDny3dk3hQ8vTmNTLHRl8zxmKgQ0= | 12167.2 | 95.288 | 13768.4 | -0.952428 | -0.304764 | 0 | SKS | 0 | 48.6507 | 5.77248 | 0 | 1 | 1 | 0 | 0 | 0 | 0 | 1 | camera | Land_Workshop1 | -0.952428 | 0 | -0.304764 | 
SCRIPT       : DATA_LOG | 506200 | aRapBi1cCZPZAGLIDny3dk3hQ8vTmNTLHRl8zxmKgQ0= | 12167.2 | 95.288 | 13768.4 | -0.525726 | 0.850654 | 0 | SKS | 0 | 33.7925 | 5.77607 | 0 | 1 | 1 | 0 | 0 | 0 | 0 | 1 | camera | Land_Workshop1 | -0.525726 | -0 | 0.850654 | -
SCRIPT       : DATA_LOG | 507200 | aRapBi1cCZPZAGLIDny3dk3hQ8vTmNTLHRl8zxmKgQ0= | 12168.9 | 95.2984 | 13768.6 | 0.665014 | 0.746831 | 0 | SKS | 0 | 111.161 | 7.17582 | 0 | 1 | 1 | 0 | 0 | 0 | 0 | 1 | camera | Land_Workshop1 | 0.665014 | 0 | 0.746831 | 0.6
SCRIPT       : DATA_LOG | 508213 | aRapBi1cCZPZAGLIDny3dk3hQ8vTmNTLHRl8zxmKgQ0= | 12174.3 | 95.2925 | 13770.5 | -0.323789 | 0.946129 | 0 | SKS | 0 | 68.9575 | 12.1022 | 0 | 1 | 1 | 0 | 0 | 0 | 0 | 1 | camera | Land_Workshop1 | -0.323789 | 0 | 0.946129 | -
SCRIPT       : DATA_LOG | 509204 | aRapBi1cCZPZAGLIDny3dk3hQ8vTmNTLHRl8zxmKgQ0= | 12174 | 95.2644 | 13775.5 | -0.959284 | -0.282442 | 1 | SKS | 0 | 8.9371 | 12.6176 | 0 | 1 | 1 | 0 | 0 | 0 | 0 | 1 | camera | Land_Workshop1 | -0.959284 | 0 | -0.282442 | -0
SCRIPT       : DATA_LOG | 510211 | aRapBi1cCZPZAGLIDny3dk3hQ8vTmNTLHRl8zxmKgQ0= | 12174.6 | 95.2673 | 13776.7 | -0.918756 | -0.394827 | 1 | SKS | 0 | 7.30766 | 13.6313 | 0 | 1 | 1 | 0 | 0 | 0 | 0 | 1 | camera |  | -0.918756 | 0 | -0.394827 | -0.918756 | 0
SCRIPT       : DATA_LOG | 511206 | aRapBi1cCZPZAGLIDny3dk3hQ8vTmNTLHRl8zxmKgQ0= | 12176.6 | 95.2672 | 13776.7 | -0.920766 | -0.390116 | 0 | SKS | 0 | 6.43721 | 15.4051 | 0 | 1 | 1 | 0 | 0 | 0 | 0 | 1 | camera | Land_Workshop1 | -0.920766 | 0 | -0.390116 |
SCRIPT       : DATA_LOG | 512214 | aRapBi1cCZPZAGLIDny3dk3hQ8vTmNTLHRl8zxmKgQ0= | 12177.8 | 95.2404 | 13773.8 | -0.922588 | -0.385786 | 0 | SKS | 0 | 13.9238 | 15.7838 | 0 | 1 | 1 | 0 | 0 | 0 | 0 | 1 | camera |  | -0.922588 | 0 | -0.385786 | -0.922588 | 0
SCRIPT       : DATA_LOG | 513209 | aRapBi1cCZPZAGLIDny3dk3hQ8vTmNTLHRl8zxmKgQ0= | 12180 | 95.2194 | 13771.6 | 0.613017 | -0.790069 | 0 | SKS | 0 | 125.831 | 17.7299 | 0 | 1 | 1 | 0 | 0 | 0 | 0 | 1 | camera | Land_Workshop1 | 0.613017 | 0 | -0.790069 | 0.6
SCRIPT       : DATA_LOG | 514210 | aRapBi1cCZPZAGLIDny3dk3hQ8vTmNTLHRl8zxmKgQ0= | 12183.1 | 95.2315 | 13770.2 | 0.903284 | -0.429043 | 0 | SKS | 0 | 156.397 | 20.8606 | 0 | 1 | 1 | 0 | 0 | 0 | 0 | 1 | camera | Land_Workshop1 | 0.903284 | 0 | -0.429043 | 0
SCRIPT       : DATA_LOG | 515213 | aRapBi1cCZPZAGLIDny3dk3hQ8vTmNTLHRl8zxmKgQ0= | 12186.7 | 95.2583 | 13769.6 | 0.976906 | -0.213671 | 0 | SKS | 0 | 170.05 | 24.4161 | 0 | 1 | 1 | 0 | 0 | 0 | 0 | 1 | camera | Land_Workshop1 | 0.976906 | 0 | -0.213671 | 0.
SCRIPT       : DATA_LOG | 516211 | aRapBi1cCZPZAGLIDny3dk3hQ8vTmNTLHRl8zxmKgQ0= | 12188.5 | 95.2652 | 13769.3 | 0.99673 | -0.0808011 | 0 | SKS | 0 | 176.21 | 26.2608 | 0 | 1 | 1 | 0 | 0 | 0 | 0 | 1 | camera | Land_Workshop1 | 0.99673 | 0 | -0.0808011 | 0.
SCRIPT       : DATA_LOG | 517212 | aRapBi1cCZPZAGLIDny3dk3hQ8vTmNTLHRl8zxmKgQ0= | 12191.3 | 95.2694 | 13769.6 | 0.226652 | 0.973976 | 0 | SKS | 0 | 100.283 | 29.0243 | 0 | 1 | 1 | 0 | 0 | 0 | 0 | 1 | camera | Land_Workshop1 | 0.226652 | 0 | 0.973976 | 0.2
SCRIPT       : DATA_LOG | 518222 | aRapBi1cCZPZAGLIDny3dk3hQ8vTmNTLHRl8zxmKgQ0= | 12191.7 | 95.2705 | 13769.9 | 0.80493 | 0.593369 | 0 | SKS | 0 | 141.319 | 29.4748 | 0 | 1 | 1 | 0 | 0 | 0 | 0 | 1 | camera | Land_Workshop1 | 0.80493 | 0 | 0.593369 | 0.804
SCRIPT       : DATA_LOG | 519213 | aRapBi1cCZPZAGLIDny3dk3hQ8vTmNTLHRl8zxmKgQ0= | 12191.9 | 95.2706 | 13769.8 | 0.99996 | 0.00896403 | 0 | SKS | 0 | 175.701 | 29.6518 | 0 | 1 | 1 | 0 | 0 | 0 | 0 | 1 | camera | Land_Workshop1 | 0.99996 | 0 | 0.00896403 | 0
SCRIPT       : DATA_LOG | 520223 | aRapBi1cCZPZAGLIDny3dk3hQ8vTmNTLHRl8zxmKgQ0= | 12191.9 | 95.2707 | 13769.9 | 0.99996 | 0.00896403 | 0 | SKS | 0 | 175.8 | 29.6506 | 0 | 1 | 1 | 0 | 0 | 0 | 0 | 1 | camera | Land_Workshop1 | 0.99996 | 0 | 0.00896403 | 0.9
SCRIPT       : DATA_LOG | 521225 | aRapBi1cCZPZAGLIDny3dk3hQ8vTmNTLHRl8zxmKgQ0= | 12191.9 | 95.2707 | 13769.9 | 0.99996 | 0.00896403 | 0 | SKS | 0 | 175.819 | 29.6559 | 0 | 1 | 1 | 0 | 0 | 0 | 0 | 1 | camera | Land_Workshop1 | 0.99996 | 0 | 0.00896403 | 0
SCRIPT       : DATA_LOG | 522223 | aRapBi1cCZPZAGLIDny3dk3hQ8vTmNTLHRl8zxmKgQ0= | 12191.9 | 95.2707 | 13769.9 | 0.99996 | 0.00896403 | 0 | SKS | 0 | 175.802 | 29.6506 | 0 | 1 | 1 | 0 | 0 | 0 | 0 | 1 | camera | Land_Workshop1 | 0.99996 | 0 | 0.00896403 | 0
SCRIPT       : DATA_LOG | 523224 | aRapBi1cCZPZAGLIDny3dk3hQ8vTmNTLHRl8zxmKgQ0= | 12191.9 | 95.2707 | 13769.9 | 0.99996 | 0.00896403 | 0 | none | 0 | 175.808 | 29.6533 | 0 | 1 | 1 | 0 | 0 | 0 | 0 | 1 | camera | Land_Workshop1 | 0.99996 | 0 | 0.00896403 | 
SCRIPT       : DATA_LOG | 524229 | aRapBi1cCZPZAGLIDny3dk3hQ8vTmNTLHRl8zxmKgQ0= | 12191.9 | 95.2707 | 13769.9 | 0.99996 | 0.00896403 | 0 | none | 0 | 175.803 | 29.6476 | 0 | 1 | 1 | 0 | 0 | 0 | 0 | 1 | camera | Land_Workshop1 | 0.99996 | 0 | 0.00896403 | 
SCRIPT       : DATA_LOG | 525219 | aRapBi1cCZPZAGLIDny3dk3hQ8vTmNTLHRl8zxmKgQ0= | 12191.9 | 95.2707 | 13769.9 | 0.99996 | 0.00896403 | 0 | none | 0 | 175.803 | 29.6456 | 0 | 1 | 1 | 0 | 0 | 0 | 0 | 1 | camera | Land_Workshop1 | 0.99996 | 0 | 0.00896403 | 
SCRIPT       : DATA_LOG | 526221 | aRapBi1cCZPZAGLIDny3dk3hQ8vTmNTLHRl8zxmKgQ0= | 12191.9 | 95.2707 | 13769.9 | 0.99996 | 0.00896403 | 0 | none | 0 | 175.813 | 29.6493 | 0 | 1 | 1 | 0 | 0 | 0 | 0 | 1 | camera | Land_Workshop1 | 0.99996 | 0 | 0.00896403 | 
SCRIPT       : DATA_LOG | 527225 | aRapBi1cCZPZAGLIDny3dk3hQ8vTmNTLHRl8zxmKgQ0= | 12191.9 | 95.2707 | 13769.9 | 0.99996 | 0.00896403 | 0 | none | 0 | 175.798 | 29.6497 | 0 | 1 | 1 | 0 | 0 | 0 | 0 | 1 | camera | Land_Workshop1 | 0.99996 | 0 | 0.00896403 | 
SCRIPT       : DATA_LOG | 528225 | aRapBi1cCZPZAGLIDny3dk3hQ8vTmNTLHRl8zxmKgQ0= | 12191.9 | 95.2707 | 13769.9 | 0.99996 | 0.00896403 | 0 | none | 0 | 175.819 | 29.6569 | 0 | 1 | 1 | 0 | 0 | 0 | 0 | 1 | camera | Land_Workshop1 | 0.99996 | 0 | 0.00896403 | 
SCRIPT       : DATA_LOG | 529233 | aRapBi1cCZPZAGLIDny3dk3hQ8vTmNTLHRl8zxmKgQ0= | 12191.9 | 95.2707 | 13769.9 | 0.99996 | 0.00896403 | 0 | none | 0 | 175.805 | 29.6515 | 0 | 1 | 1 | 0 | 0 | 0 | 0 | 1 | camera | Land_Workshop1 | 0.99996 | 0 | 0.00896403 | 
SCRIPT       : DATA_LOG | 530226 | aRapBi1cCZPZAGLIDny3dk3hQ8vTmNTLHRl8zxmKgQ0= | 12191.9 | 95.2707 | 13769.9 | 0.99996 | 0.00896403 | 0 | none | 0 | 175.807 | 29.6514 | 0 | 1 | 1 | 0 | 0 | 0 | 0 | 1 | camera | Land_Workshop1 | 0.99996 | 0 | 0.00896403 | 
SCRIPT       : DATA_LOG | 531228 | aRapBi1cCZPZAGLIDny3dk3hQ8vTmNTLHRl8zxmKgQ0= | 12191.9 | 95.2707 | 13769.9 | 0.99996 | 0.00896403 | 0 | none | 0 | 175.804 | 29.6485 | 0 | 1 | 1 | 0 | 0 | 0 | 0 | 1 | camera | Land_Workshop1 | 0.99996 | 0 | 0.00896403 | 
SCRIPT       : DATA_LOG | 532230 | aRapBi1cCZPZAGLIDny3dk3hQ8vTmNTLHRl8zxmKgQ0= | 12191.9 | 95.2707 | 13769.9 | 0.99996 | 0.00896403 | 0 | none | 0 | 175.802 | 29.6457 | 0 | 1 | 1 | 0 | 0 | 0 | 0 | 1 | camera | Land_Workshop1 | 0.99996 | 0 | 0.00896403 | 
SCRIPT       : DATA_LOG | 533230 | aRapBi1cCZPZAGLIDny3dk3hQ8vTmNTLHRl8zxmKgQ0= | 12191.9 | 95.2707 | 13769.9 | 0.99996 | 0.00896403 | 0 | none | 0 | 175.812 | 29.6493 | 0 | 1 | 1 | 0 | 0 | 0 | 0 | 1 | camera | Land_Workshop1 | 0.99996 | 0 | 0.00896403 | 
SCRIPT       : DATA_LOG | 534238 | aRapBi1cCZPZAGLIDny3dk3hQ8vTmNTLHRl8zxmKgQ0= | 12191.9 | 95.2707 | 13769.9 | 0.99996 | 0.00896403 | 0 | none | 0 | 175.798 | 29.6487 | 0 | 1 | 1 | 0 | 0 | 0 | 0 | 1 | camera | Land_Workshop1 | 0.99996 | 0 | 0.00896403 | 
SCRIPT       : DATA_LOG | 535232 | aRapBi1cCZPZAGLIDny3dk3hQ8vTmNTLHRl8zxmKgQ0= | 12191.9 | 95.2707 | 13769.9 | 0.99996 | 0.00896403 | 0 | none | 0 | 175.816 | 29.656 | 0 | 1 | 1 | 0 | 0 | 0 | 0 | 1 | camera | Land_Workshop1 | 0.99996 | 0 | 0.00896403 | 0
SCRIPT       : DATA_LOG | 536233 | aRapBi1cCZPZAGLIDny3dk3hQ8vTmNTLHRl8zxmKgQ0= | 12191.9 | 95.2707 | 13769.9 | 0.99996 | 0.00896403 | 0 | none | 0 | 175.809 | 29.6533 | 0 | 1 | 1 | 0 | 0 | 0 | 0 | 1 | camera | Land_Workshop1 | 0.99996 | 0 | 0.00896403 | 
SCRIPT       : DATA_LOG | 537236 | aRapBi1cCZPZAGLIDny3dk3hQ8vTmNTLHRl8zxmKgQ0= | 12191.9 | 95.2707 | 13769.9 | 0.99996 | 0.00896403 | 0 | none | 0 | 175.804 | 29.6505 | 0 | 1 | 1 | 0 | 0 | 0 | 0 | 1 | camera | Land_Workshop1 | 0.99996 | 0 | 0.00896403 | 
SCRIPT       : DATA_LOG | 538237 | aRapBi1cCZPZAGLIDny3dk3hQ8vTmNTLHRl8zxmKgQ0= | 12191.9 | 95.2707 | 13769.9 | 0.99996 | 0.00896403 | 0 | none | 0 | 175.805 | 29.6505 | 0 | 1 | 1 | 0 | 0 | 0 | 0 | 1 | camera | Land_Workshop1 | 0.99996 | 0 | 0.00896403 | 
SCRIPT       : DATA_LOG | 539232 | aRapBi1cCZPZAGLIDny3dk3hQ8vTmNTLHRl8zxmKgQ0= | 12191.9 | 95.2707 | 13769.9 | 0.99996 | 0.00896403 | 0 | none | 0 | 175.801 | 29.6457 | 0 | 1 | 1 | 0 | 0 | 0 | 0 | 1 | camera | Land_Workshop1 | 0.99996 | 0 | 0.00896403 | 
SCRIPT       : DATA_LOG | 540235 | aRapBi1cCZPZAGLIDny3dk3hQ8vTmNTLHRl8zxmKgQ0= | 12191.9 | 95.2707 | 13769.9 | 0.99996 | 0.00896403 | 0 | none | 0 | 175.81 | 29.6484 | 0 | 1 | 1 | 0 | 0 | 0 | 0 | 1 | camera | Land_Workshop1 | 0.99996 | 0 | 0.00896403 | 0
SCRIPT       : DATA_LOG | 541238 | aRapBi1cCZPZAGLIDny3dk3hQ8vTmNTLHRl8zxmKgQ0= | 12191.9 | 95.2707 | 13769.9 | 0.99996 | 0.00896403 | 0 | none | 0 | 175.799 | 29.6487 | 0 | 1 | 1 | 0 | 0 | 0 | 0 | 1 | camera | Land_Workshop1 | 0.99996 | 0 | 0.00896403 | 
SCRIPT       : DATA_LOG | 542242 | aRapBi1cCZPZAGLIDny3dk3hQ8vTmNTLHRl8zxmKgQ0= | 12191.9 | 95.2707 | 13769.9 | 0.99996 | 0.00896403 | 0 | none | 0 | 175.812 | 29.6552 | 0 | 1 | 1 | 0 | 0 | 0 | 0 | 1 | camera | Land_Workshop1 | 0.99996 | 0 | 0.00896403 | 
SCRIPT       : DATA_LOG | 543240 | aRapBi1cCZPZAGLIDny3dk3hQ8vTmNTLHRl8zxmKgQ0= | 12191.9 | 95.2707 | 13769.9 | 0.99996 | 0.00896403 | 0 | none | 0 | 175.812 | 29.6542 | 0 | 1 | 1 | 0 | 0 | 0 | 0 | 1 | camera | Land_Workshop1 | 0.99996 | 0 | 0.00896403 | 
SCRIPT       : DATA_LOG | 544240 | aRapBi1cCZPZAGLIDny3dk3hQ8vTmNTLHRl8zxmKgQ0= | 12191.9 | 95.2707 | 13769.9 | 0.99996 | 0.00896403 | 0 | none | 0 | 175.802 | 29.6496 | 0 | 1 | 1 | 0 | 0 | 0 | 0 | 1 | camera | Land_Workshop1 | 0.99996 | 0 | 0.00896403 | 
SCRIPT       : DATA_LOG | 545246 | aRapBi1cCZPZAGLIDny3dk3hQ8vTmNTLHRl8zxmKgQ0= | 12191.9 | 95.2707 | 13769.9 | 0.99996 | 0.00896403 | 0 | none | 0 | 175.807 | 29.6524 | 0 | 1 | 1 | 0 | 0 | 0 | 0 | 1 | camera | Land_Workshop1 | 0.99996 | 0 | 0.00896403 | 
SCRIPT       : DATA_LOG | 546247 | aRapBi1cCZPZAGLIDny3dk3hQ8vTmNTLHRl8zxmKgQ0= | 12191.9 | 95.2707 | 13769.9 | 0.99996 | 0.00896403 | 0 | none | 0 | 175.799 | 29.6467 | 0 | 1 | 1 | 0 | 0 | 0 | 0 | 1 | camera | Land_Workshop1 | 0.99996 | 0 | 0.00896403 | 
SCRIPT       : DATA_LOG | 547243 | aRapBi1cCZPZAGLIDny3dk3hQ8vTmNTLHRl8zxmKgQ0= | 12191.9 | 95.2707 | 13769.9 | 0.99996 | 0.00896403 | 0 | none | 0 | 175.808 | 29.6475 | 0 | 1 | 1 | 0 | 0 | 0 | 0 | 1 | camera | Land_Workshop1 | 0.99996 | 0 | 0.00896403 | 
SCRIPT       : DATA_LOG | 548245 | aRapBi1cCZPZAGLIDny3dk3hQ8vTmNTLHRl8zxmKgQ0= | 12191.9 | 95.2707 | 13769.9 | 0.99996 | 0.00896403 | 0 | none | 0 | 175.802 | 29.6476 | 0 | 1 | 1 | 0 | 0 | 0 | 0 | 1 | camera | Land_Workshop1 | 0.99996 | 0 | 0.00896403 | 
SCRIPT       : DATA_LOG | 549254 | aRapBi1cCZPZAGLIDny3dk3hQ8vTmNTLHRl8zxmKgQ0= | 12191.9 | 95.2707 | 13769.9 | 0.99996 | 0.00896403 | 0 | none | 0 | 175.806 | 29.6543 | 0 | 1 | 1 | 0 | 0 | 0 | 0 | 1 | camera | Land_Workshop1 | 0.99996 | 0 | 0.00896403 | 
SCRIPT       : DATA_LOG | 550245 | aRapBi1cCZPZAGLIDny3dk3hQ8vTmNTLHRl8zxmKgQ0= | 12191.9 | 95.2707 | 13769.9 | 0.99996 | 0.00896403 | 0 | none | 0 | 175.815 | 29.6551 | 0 | 1 | 1 | 0 | 0 | 0 | 0 | 1 | camera | Land_Workshop1 | 0.99996 | 0 | 0.00896403 | 
SCRIPT       : DATA_LOG | 551250 | aRapBi1cCZPZAGLIDny3dk3hQ8vTmNTLHRl8zxmKgQ0= | 12191.9 | 95.2707 | 13769.9 | 0.99996 | 0.00896403 | 0 | none | 0 | 175.801 | 29.6496 | 0 | 1 | 1 | 0 | 0 | 0 | 0 | 1 | camera | Land_Workshop1 | 0.99996 | 0 | 0.00896403 | 
SCRIPT       : DATA_LOG | 552250 | aRapBi1cCZPZAGLIDny3dk3hQ8vTmNTLHRl8zxmKgQ0= | 12191.9 | 95.2707 | 13769.9 | 0.99996 | 0.00896403 | 0 | none | 0 | 175.808 | 29.6533 | 0 | 1 | 1 | 0 | 0 | 0 | 0 | 1 | camera | Land_Workshop1 | 0.99996 | 0 | 0.00896403 | 
SCRIPT       : DATA_LOG | 553253 | aRapBi1cCZPZAGLIDny3dk3hQ8vTmNTLHRl8zxmKgQ0= | 12191.9 | 95.2707 | 13769.9 | 0.99996 | 0.00896403 | 0 | none | 0 | 175.8 | 29.6467 | 0 | 1 | 1 | 0 | 0 | 0 | 0 | 1 | camera | Land_Workshop1 | 0.99996 | 0 | 0.00896403 | 0.
SCRIPT       : DATA_LOG | 554251 | aRapBi1cCZPZAGLIDny3dk3hQ8vTmNTLHRl8zxmKgQ0= | 12191.9 | 95.2707 | 13769.9 | 0.99996 | 0.00896403 | 0 | none | 0 | 175.807 | 29.6475 | 0 | 1 | 1 | 0 | 0 | 0 | 0 | 1 | camera | Land_Workshop1 | 0.99996 | 0 | 0.00896403 | 
SCRIPT       : DATA_LOG | 555259 | aRapBi1cCZPZAGLIDny3dk3hQ8vTmNTLHRl8zxmKgQ0= | 12191.9 | 95.2707 | 13769.9 | 0.99996 | 0.00896403 | 0 | none | 0 | 175.805 | 29.6475 | 0 | 1 | 1 | 0 | 0 | 0 | 0 | 1 | camera | Land_Workshop1 | 0.99996 | 0 | 0.00896403 | 
SCRIPT       : DATA_LOG | 556260 | aRapBi1cCZPZAGLIDny3dk3hQ8vTmNTLHRl8zxmKgQ0= | 12191.9 | 95.2707 | 13769.9 | 0.99996 | 0.00896403 | 0 | none | 0 | 175.803 | 29.6525 | 0 | 1 | 1 | 0 | 0 | 0 | 0 | 1 | camera | Land_Workshop1 | 0.99996 | 0 | 0.00896403 | 
SCRIPT       : DATA_LOG | 557257 | aRapBi1cCZPZAGLIDny3dk3hQ8vTmNTLHRl8zxmKgQ0= | 12191.9 | 95.2707 | 13769.9 | 0.99996 | 0.00896403 | 0 | none | 0 | 175.817 | 29.655 | 0 | 1 | 1 | 0 | 0 | 0 | 0 | 1 | camera | Land_Workshop1 | 0.99996 | 0 | 0.00896403 | 0
SCRIPT       : DATA_LOG | 558265 | aRapBi1cCZPZAGLIDny3dk3hQ8vTmNTLHRl8zxmKgQ0= | 12191.9 | 95.2707 | 13769.9 | 0.99996 | 0.00896403 | 0 | none | 0 | 175.801 | 29.6496 | 0 | 1 | 1 | 0 | 0 | 0 | 0 | 1 | camera | Land_Workshop1 | 0.99996 | 0 | 0.00896403 | 
SCRIPT       : DATA_LOG | 559263 | aRapBi1cCZPZAGLIDny3dk3hQ8vTmNTLHRl8zxmKgQ0= | 12191.9 | 95.2707 | 13769.9 | 0.99996 | 0.00896403 | 0 | none | 0 | 175.809 | 29.6533 | 0 | 1 | 1 | 0 | 0 | 0 | 0 | 1 | camera | Land_Workshop1 | 0.99996 | 0 | 0.00896403 | 
SCRIPT       : DATA_LOG | 560258 | aRapBi1cCZPZAGLIDny3dk3hQ8vTmNTLHRl8zxmKgQ0= | 12191.9 | 95.2707 | 13769.9 | 0.99996 | 0.00896403 | 0 | none | 0 | 175.801 | 29.6467 | 0 | 1 | 1 | 0 | 0 | 0 | 0 | 1 | camera | Land_Workshop1 | 0.99996 | 0 | 0.00896403 | 
SCRIPT       : DATA_LOG | 561262 | aRapBi1cCZPZAGLIDny3dk3hQ8vTmNTLHRl8zxmKgQ0= | 12191.9 | 95.2707 | 13769.9 | 0.99996 | 0.00896403 | 0 | none | 0 | 175.804 | 29.6466 | 0 | 1 | 1 | 0 | 0 | 0 | 0 | 1 | camera | Land_Workshop1 | 0.99996 | 0 | 0.00896403 | 
SCRIPT       : DATA_LOG | 562262 | aRapBi1cCZPZAGLIDny3dk3hQ8vTmNTLHRl8zxmKgQ0= | 12191.9 | 95.2707 | 13769.9 | 0.99996 | 0.00896403 | 0 | none | 0 | 175.809 | 29.6474 | 0 | 1 | 1 | 0 | 0 | 0 | 0 | 1 | camera | Land_Workshop1 | 0.99996 | 0 | 0.00896403 | 
SCRIPT       : DATA_LOG | 563268 | aRapBi1cCZPZAGLIDny3dk3hQ8vTmNTLHRl8zxmKgQ0= | 12191.9 | 95.2707 | 13769.9 | 0.99996 | 0.00896403 | 0 | none | 0 | 175.8 | 29.6506 | 0 | 1 | 1 | 0 | 0 | 0 | 0 | 1 | camera | Land_Workshop1 | 0.99996 | 0 | 0.00896403 | 0.
SCRIPT       : DATA_LOG | 564263 | aRapBi1cCZPZAGLIDny3dk3hQ8vTmNTLHRl8zxmKgQ0= | 12191.9 | 95.2707 | 13769.9 | 0.99996 | 0.00896403 | 0 | none | 0 | 175.819 | 29.6559 | 0 | 1 | 1 | 0 | 0 | 0 | 0 | 1 | camera | Land_Workshop1 | 0.99996 | 0 | 0.00896403 | 
SCRIPT       : DATA_LOG | 565269 | aRapBi1cCZPZAGLIDny3dk3hQ8vTmNTLHRl8zxmKgQ0= | 12191.9 | 95.2707 | 13769.9 | 0.99996 | 0.00896403 | 0 | none | 0 | 175.802 | 29.6506 | 0 | 1 | 1 | 0 | 0 | 0 | 0 | 1 | camera | Land_Workshop1 | 0.99996 | 0 | 0.00896403 | 
SCRIPT       : DATA_LOG | 566265 | aRapBi1cCZPZAGLIDny3dk3hQ8vTmNTLHRl8zxmKgQ0= | 12191.9 | 95.2707 | 13769.9 | 0.99996 | 0.00896403 | 0 | none | 0 | 175.809 | 29.6533 | 0 | 1 | 1 | 0 | 0 | 0 | 0 | 1 | camera | Land_Workshop1 | 0.99996 | 0 | 0.00896403 | 
SCRIPT       : DATA_LOG | 567271 | aRapBi1cCZPZAGLIDny3dk3hQ8vTmNTLHRl8zxmKgQ0= | 12191.9 | 95.2707 | 13769.9 | 0.99996 | 0.00896403 | 0 | none | 0 | 175.802 | 29.6476 | 0 | 1 | 1 | 0 | 0 | 0 | 0 | 1 | camera | Land_Workshop1 | 0.99996 | 0 | 0.00896403 | 
SCRIPT       : DATA_LOG | 568264 | aRapBi1cCZPZAGLIDny3dk3hQ8vTmNTLHRl8zxmKgQ0= | 12191.9 | 95.2707 | 13769.9 | 0.99996 | 0.00896403 | 0 | none | 0 | 175.803 | 29.6456 | 0 | 1 | 1 | 0 | 0 | 0 | 0 | 1 | camera | Land_Workshop1 | 0.99996 | 0 | 0.00896403 | 
SCRIPT       : DATA_LOG | 569267 | aRapBi1cCZPZAGLIDny3dk3hQ8vTmNTLHRl8zxmKgQ0= | 12191.9 | 95.2707 | 13769.9 | 0.99996 | 0.00896403 | 0 | none | 0 | 175.812 | 29.6483 | 0 | 1 | 1 | 0 | 0 | 0 | 0 | 1 | camera | Land_Workshop1 | 0.99996 | 0 | 0.00896403 | 
SCRIPT       : DATA_LOG | 570267 | aRapBi1cCZPZAGLIDny3dk3hQ8vTmNTLHRl8zxmKgQ0= | 12191.9 | 95.2707 | 13769.9 | 0.99996 | 0.00896403 | 0 | AKM | 0 | 175.799 | 29.6497 | 0 | 1 | 1 | 0 | 0 | 0 | 0 | 1 | camera | Land_Workshop1 | 0.99996 | 0 | 0.00896403 | 0
SCRIPT       : DATA_LOG | 571271 | aRapBi1cCZPZAGLIDny3dk3hQ8vTmNTLHRl8zxmKgQ0= | 12191.9 | 95.2707 | 13769.9 | 0.99996 | 0.00896403 | 0 | AKM | 0 | 175.819 | 29.6559 | 0 | 1 | 1 | 0 | 0 | 0 | 0 | 1 | camera | Land_Workshop1 | 0.99996 | 0 | 0.00896403 | 0
SCRIPT       : DATA_LOG | 572270 | aRapBi1cCZPZAGLIDny3dk3hQ8vTmNTLHRl8zxmKgQ0= | 12191.9 | 95.2707 | 13769.9 | 0.99996 | 0.00896403 | 0 | AKM | 0 | 175.804 | 29.6515 | 0 | 1 | 1 | 0 | 0 | 0 | 0 | 1 | camera | Land_Workshop1 | 0.99996 | 0 | 0.00896403 | 0
SCRIPT       : DATA_LOG | 573271 | aRapBi1cCZPZAGLIDny3dk3hQ8vTmNTLHRl8zxmKgQ0= | 12191.9 | 95.2707 | 13769.9 | 0.99996 | 0.00896403 | 0 | AKM | 0 | 175.807 | 29.6524 | 0 | 1 | 1 | 0 | 0 | 0 | 0 | 1 | camera | Land_Workshop1 | 0.99996 | 0 | 0.00896403 | 0
SCRIPT       : DATA_LOG | 574271 | aRapBi1cCZPZAGLIDny3dk3hQ8vTmNTLHRl8zxmKgQ0= | 12191.9 | 95.2707 | 13769.9 | 0.99996 | 0.00896403 | 0 | AKM | 0 | 175.804 | 29.6485 | 0 | 1 | 1 | 0 | 0 | 0 | 0 | 1 | camera | Land_Workshop1 | 0.99996 | 0 | 0.00896403 | 0
SCRIPT       : DATA_LOG | 575278 | aRapBi1cCZPZAGLIDny3dk3hQ8vTmNTLHRl8zxmKgQ0= | 12191.9 | 95.2707 | 13769.9 | 0.99996 | 0.00896403 | 0 | AKM | 0 | 175.802 | 29.6457 | 0 | 1 | 1 | 0 | 0 | 0 | 0 | 1 | camera | Land_Workshop1 | 0.99996 | 0 | 0.00896403 | 0
SCRIPT       : DATA_LOG | 576271 | aRapBi1cCZPZAGLIDny3dk3hQ8vTmNTLHRl8zxmKgQ0= | 12191.9 | 95.2707 | 13769.9 | 0.99996 | 0.00896403 | 0 | AKM | 0 | 175.812 | 29.6493 | 0 | 1 | 1 | 0 | 0 | 0 | 0 | 1 | camera | Land_Workshop1 | 0.99996 | 0 | 0.00896403 | 0
SCRIPT       : DATA_LOG | 577273 | aRapBi1cCZPZAGLIDny3dk3hQ8vTmNTLHRl8zxmKgQ0= | 12191.9 | 95.2707 | 13769.9 | 0.99996 | 0.00896403 | 0 | AKM | 0 | 175.797 | 29.6497 | 0 | 1 | 1 | 0 | 0 | 0 | 0 | 1 | camera | Land_Workshop1 | 0.99996 | 0 | 0.00896403 | 0
SCRIPT       : DATA_LOG | 578283 | aRapBi1cCZPZAGLIDny3dk3hQ8vTmNTLHRl8zxmKgQ0= | 12191.9 | 95.2707 | 13769.9 | 0.99996 | 0.00896403 | 0 | AKM | 0 | 175.817 | 29.656 | 0 | 1 | 1 | 0 | 0 | 0 | 0 | 1 | camera | Land_Workshop1 | 0.99996 | 0 | 0.00896403 | 0.
SCRIPT       : DATA_LOG | 579280 | aRapBi1cCZPZAGLIDny3dk3hQ8vTmNTLHRl8zxmKgQ0= | 12191.9 | 95.2707 | 13769.9 | 0.99996 | 0.00896403 | 0 | AKM | 0 | 175.808 | 29.6523 | 0 | 1 | 1 | 0 | 0 | 0 | 0 | 1 | camera | Land_Workshop1 | 0.99996 | 0 | 0.00896403 | 0
SCRIPT       : DATA_LOG | 580281 | aRapBi1cCZPZAGLIDny3dk3hQ8vTmNTLHRl8zxmKgQ0= | 12191.9 | 95.2707 | 13769.9 | 0.99996 | 0.00896403 | 0 | AKM | 0 | 175.805 | 29.6505 | 0 | 1 | 1 | 0 | 0 | 0 | 0 | 1 | camera | Land_Workshop1 | 0.99996 | 0 | 0.00896403 | 0
SCRIPT       : DATA_LOG | 581279 | aRapBi1cCZPZAGLIDny3dk3hQ8vTmNTLHRl8zxmKgQ0= | 12191.9 | 95.2707 | 13769.9 | 0.99996 | 0.00896403 | 0 | AKM | 0 | 175.805 | 29.6505 | 0 | 1 | 1 | 0 | 0 | 0 | 0 | 1 | camera | Land_Workshop1 | 0.99996 | 0 | 0.00896403 | 0
SCRIPT       : DATA_LOG | 582284 | aRapBi1cCZPZAGLIDny3dk3hQ8vTmNTLHRl8zxmKgQ0= | 12191.9 | 95.2707 | 13769.9 | 0.99996 | 0.00896403 | 0 | AKM | 0 | 175.801 | 29.6457 | 0 | 1 | 1 | 0 | 0 | 0 | 0 | 1 | camera | Land_Workshop1 | 0.99996 | 0 | 0.00896403 | 0
SCRIPT       : DATA_LOG | 583281 | aRapBi1cCZPZAGLIDny3dk3hQ8vTmNTLHRl8zxmKgQ0= | 12191.9 | 95.2707 | 13769.9 | 0.99996 | 0.00896403 | 0 | AKM | 0 | 175.811 | 29.6493 | 0 | 1 | 1 | 0 | 0 | 0 | 0 | 1 | camera | Land_Workshop1 | 0.99996 | 0 | 0.00896403 | 0
SCRIPT       : DATA_LOG | 584291 | aRapBi1cCZPZAGLIDny3dk3hQ8vTmNTLHRl8zxmKgQ0= | 12191.9 | 95.2707 | 13769.9 | 0.99996 | 0.00896403 | 0 | AKM | 0 | 175.799 | 29.6487 | 0 | 1 | 1 | 0 | 0 | 0 | 0 | 1 | camera | Land_Workshop1 | 0.99996 | 0 | 0.00896403 | 0
SCRIPT       : DATA_LOG | 585285 | aRapBi1cCZPZAGLIDny3dk3hQ8vTmNTLHRl8zxmKgQ0= | 12191.9 | 95.2707 | 13769.9 | 0.99996 | 0.00896403 | 0 | AKM | 0 | 175.813 | 29.6551 | 0 | 1 | 1 | 0 | 0 | 0 | 0 | 1 | camera | Land_Workshop1 | 0.99996 | 0 | 0.00896403 | 0
SCRIPT       : DATA_LOG | 586283 | aRapBi1cCZPZAGLIDny3dk3hQ8vTmNTLHRl8zxmKgQ0= | 12191.9 | 95.2707 | 13769.9 | 0.99996 | 0.00896403 | 0 | AKM | 0 | 175.811 | 29.6532 | 0 | 1 | 1 | 0 | 0 | 0 | 0 | 1 | camera | Land_Workshop1 | 0.99996 | 0 | 0.00896403 | 0
SCRIPT       : DATA_LOG | 587286 | aRapBi1cCZPZAGLIDny3dk3hQ8vTmNTLHRl8zxmKgQ0= | 12191.9 | 95.2707 | 13769.9 | 0.99996 | 0.00896403 | 0 | AKM | 0 | 175.803 | 29.6496 | 0 | 1 | 1 | 0 | 0 | 0 | 0 | 1 | camera | Land_Workshop1 | 0.99996 | 0 | 0.00896403 | 0
SCRIPT       : DATA_LOG | 588291 | aRapBi1cCZPZAGLIDny3dk3hQ8vTmNTLHRl8zxmKgQ0= | 12191.9 | 95.2707 | 13769.9 | 0.99996 | 0.00896403 | 0 | AKM | 0 | 175.807 | 29.6514 | 0 | 1 | 1 | 0 | 0 | 0 | 0 | 1 | camera | Land_Workshop1 | 0.99996 | 0 | 0.00896403 | 0
SCRIPT       : DATA_LOG | 589294 | aRapBi1cCZPZAGLIDny3dk3hQ8vTmNTLHRl8zxmKgQ0= | 12191.9 | 95.2707 | 13769.9 | 0.99996 | 0.00896403 | 0 | AKM | 0 | 175.799 | 29.6467 | 0 | 1 | 1 | 0 | 0 | 0 | 0 | 1 | camera | Land_Workshop1 | 0.99996 | 0 | 0.00896403 | 0
SCRIPT       : DATA_LOG | 590286 | aRapBi1cCZPZAGLIDny3dk3hQ8vTmNTLHRl8zxmKgQ0= | 12191.9 | 95.2707 | 13769.9 | 0.99996 | 0.00896403 | 0 | AKM | 0 | 175.809 | 29.6484 | 0 | 1 | 1 | 0 | 0 | 0 | 0 | 1 | camera | Land_Workshop1 | 0.99996 | 0 | 0.00896403 | 0
SCRIPT       : DATA_LOG | 591288 | aRapBi1cCZPZAGLIDny3dk3hQ8vTmNTLHRl8zxmKgQ0= | 12191.9 | 95.2707 | 13769.9 | 0.99996 | 0.00896403 | 0 | AKM | 0 | 175.801 | 29.6486 | 0 | 1 | 1 | 0 | 0 | 0 | 0 | 1 | camera | Land_Workshop1 | 0.99996 | 0 | 0.00896403 | 0
SCRIPT       : DATA_LOG | 592300 | aRapBi1cCZPZAGLIDny3dk3hQ8vTmNTLHRl8zxmKgQ0= | 12191.9 | 95.2707 | 13769.9 | 0.99996 | 0.00896403 | 0 | AKM | 0 | 175.81 | 29.6543 | 0 | 1 | 1 | 0 | 0 | 0 | 0 | 1 | camera | Land_Workshop1 | 0.99996 | 0 | 0.00896403 | 0.
SCRIPT       : DATA_LOG | 593300 | aRapBi1cCZPZAGLIDny3dk3hQ8vTmNTLHRl8zxmKgQ0= | 12191.9 | 95.2707 | 13769.9 | 0.99996 | 0.00896403 | 0 | AKM | 0 | 175.814 | 29.6541 | 0 | 1 | 1 | 0 | 0 | 0 | 0 | 1 | camera | Land_Workshop1 | 0.99996 | 0 | 0.00896403 | 0
SCRIPT       : DATA_LOG | 594293 | aRapBi1cCZPZAGLIDny3dk3hQ8vTmNTLHRl8zxmKgQ0= | 12191.9 | 95.2707 | 13769.9 | 0.99996 | 0.00896403 | 0 | AKM | 0 | 175.801 | 29.6496 | 0 | 1 | 1 | 0 | 0 | 0 | 0 | 1 | camera | Land_Workshop1 | 0.99996 | 0 | 0.00896403 | 0
SCRIPT       : DATA_LOG | 595295 | aRapBi1cCZPZAGLIDny3dk3hQ8vTmNTLHRl8zxmKgQ0= | 12191.9 | 95.2707 | 13769.9 | 0.99996 | 0.00896403 | 0 | AKM | 0 | 175.808 | 29.6533 | 0 | 1 | 1 | 0 | 0 | 0 | 0 | 1 | camera | Land_Workshop1 | 0.99996 | 0 | 0.00896403 | 0
SCRIPT       : DATA_LOG | 596293 | aRapBi1cCZPZAGLIDny3dk3hQ8vTmNTLHRl8zxmKgQ0= | 12191.9 | 95.2707 | 13769.9 | 0.99996 | 0.00896403 | 0 | AKM | 0 | 175.799 | 29.6467 | 0 | 1 | 1 | 0 | 0 | 0 | 0 | 1 | camera | Land_Workshop1 | 0.99996 | 0 | 0.00896403 | 0
SCRIPT       : DATA_LOG | 597298 | aRapBi1cCZPZAGLIDny3dk3hQ8vTmNTLHRl8zxmKgQ0= | 12191.9 | 95.2707 | 13769.9 | 0.99996 | 0.00896403 | 0 | AKM | 0 | 175.807 | 29.6475 | 0 | 1 | 1 | 0 | 0 | 0 | 0 | 1 | camera | Land_Workshop1 | 0.99996 | 0 | 0.00896403 | 0
SCRIPT       : DATA_LOG | 598298 | aRapBi1cCZPZAGLIDny3dk3hQ8vTmNTLHRl8zxmKgQ0= | 12191.9 | 95.2707 | 13769.9 | 0.99996 | 0.00896403 | 0 | AKM | 0 | 175.803 | 29.6476 | 0 | 1 | 1 | 0 | 0 | 0 | 0 | 1 | camera | Land_Workshop1 | 0.99996 | 0 | 0.00896403 | 0
SCRIPT       : DATA_LOG | 599298 | aRapBi1cCZPZAGLIDny3dk3hQ8vTmNTLHRl8zxmKgQ0= | 12191.9 | 95.2707 | 13769.9 | 0.99996 | 0.00896403 | 0 | AKM | 0 | 175.804 | 29.6534 | 0 | 1 | 1 | 0 | 0 | 0 | 0 | 1 | camera | Land_Workshop1 | 0.99996 | 0 | 0.00896403 | 0
SCRIPT       : DATA_LOG | 600308 | aRapBi1cCZPZAGLIDny3dk3hQ8vTmNTLHRl8zxmKgQ0= | 12191.9 | 95.2707 | 13769.9 | 0.99996 | 0.00896403 | 0 | AKM | 0 | 175.817 | 29.655 | 0 | 1 | 1 | 0 | 0 | 0 | 0 | 1 | camera | Land_Workshop1 | 0.99996 | 0 | 0.00896403 | 0.
SCRIPT       : DATA_LOG | 601300 | aRapBi1cCZPZAGLIDny3dk3hQ8vTmNTLHRl8zxmKgQ0= | 12191.9 | 95.2707 | 13769.9 | 0.99996 | 0.00896403 | 0 | AKM | 0 | 175.801 | 29.6496 | 0 | 1 | 1 | 0 | 0 | 0 | 0 | 1 | camera | Land_Workshop1 | 0.99996 | 0 | 0.00896403 | 0
SCRIPT       : DATA_LOG | 602305 | aRapBi1cCZPZAGLIDny3dk3hQ8vTmNTLHRl8zxmKgQ0= | 12191.9 | 95.2707 | 13769.9 | 0.99996 | 0.00896403 | 0 | AKM | 0 | 175.809 | 29.6533 | 0 | 1 | 1 | 0 | 0 | 0 | 0 | 1 | camera | Land_Workshop1 | 0.99996 | 0 | 0.00896403 | 0
SCRIPT       : DATA_LOG | 603302 | aRapBi1cCZPZAGLIDny3dk3hQ8vTmNTLHRl8zxmKgQ0= | 12191.9 | 95.2707 | 13769.9 | 0.99996 | 0.00896403 | 0 | AKM | 0 | 175.8 | 29.6467 | 0 | 1 | 1 | 0 | 0 | 0 | 0 | 1 | camera | Land_Workshop1 | 0.99996 | 0 | 0.00896403 | 0.9
SCRIPT       : DATA_LOG | 604313 | aRapBi1cCZPZAGLIDny3dk3hQ8vTmNTLHRl8zxmKgQ0= | 12191.9 | 95.2707 | 13769.9 | 0.99996 | 0.00896403 | 0 | AKM | 0 | 175.806 | 29.6465 | 0 | 1 | 1 | 0 | 0 | 0 | 0 | 1 | camera | Land_Workshop1 | 0.99996 | 0 | 0.00896403 | 0
SCRIPT       : DATA_LOG | 605304 | aRapBi1cCZPZAGLIDny3dk3hQ8vTmNTLHRl8zxmKgQ0= | 12191.9 | 95.2707 | 13769.9 | 0.99996 | 0.00896403 | 0 | AKM | 0 | 175.808 | 29.6474 | 0 | 1 | 1 | 0 | 0 | 0 | 0 | 1 | camera | Land_Workshop1 | 0.99996 | 0 | 0.00896403 | 0
SCRIPT       : DATA_LOG | 606316 | aRapBi1cCZPZAGLIDny3dk3hQ8vTmNTLHRl8zxmKgQ0= | 12191.9 | 95.2707 | 13769.9 | 0.99996 | 0.00896403 | 0 | AKM | 0 | 175.801 | 29.6516 | 0 | 1 | 1 | 0 | 0 | 0 | 0 | 1 | camera | Land_Workshop1 | 0.99996 | 0 | 0.00896403 | 0
SCRIPT       : DATA_LOG | 607320 | aRapBi1cCZPZAGLIDny3dk3hQ8vTmNTLHRl8zxmKgQ0= | 12191.9 | 95.2707 | 13769.9 | 0.99996 | 0.00896403 | 0 | AKM | 0 | 175.818 | 29.656 | 0 | 1 | 1 | 0 | 0 | 0 | 0 | 1 | camera | Land_Workshop1 | 0.99996 | 0 | 0.00896403 | 0.
SCRIPT       : DATA_LOG | 608318 | aRapBi1cCZPZAGLIDny3dk3hQ8vTmNTLHRl8zxmKgQ0= | 12191.9 | 95.2707 | 13769.9 | 0.99996 | 0.00896403 | 0 | AKM | 0 | 175.801 | 29.6506 | 0 | 1 | 1 | 0 | 0 | 0 | 0 | 1 | camera | Land_Workshop1 | 0.99996 | 0 | 0.00896403 | 0
SCRIPT       : DATA_LOG | 609309 | aRapBi1cCZPZAGLIDny3dk3hQ8vTmNTLHRl8zxmKgQ0= | 12191.9 | 95.2707 | 13769.9 | 0.99996 | 0.00896403 | 0 | AKM | 0 | 175.809 | 29.6533 | 0 | 1 | 1 | 0 | 0 | 0 | 0 | 1 | camera | Land_Workshop1 | 0.99996 | 0 | 0.00896403 | 0
SCRIPT       : DATA_LOG | 610309 | aRapBi1cCZPZAGLIDny3dk3hQ8vTmNTLHRl8zxmKgQ0= | 12191.9 | 95.2707 | 13769.9 | 0.99996 | 0.00896403 | 0 | AKM | 0 | 175.802 | 29.6476 | 0 | 1 | 1 | 0 | 0 | 0 | 0 | 1 | camera | Land_Workshop1 | 0.99996 | 0 | 0.00896403 | 0
SCRIPT       : DATA_LOG | 611317 | aRapBi1cCZPZAGLIDny3dk3hQ8vTmNTLHRl8zxmKgQ0= | 12191.9 | 95.2707 | 13769.9 | 0.99996 | 0.00896403 | 0 | AKM | 0 | 175.804 | 29.6466 | 0 | 1 | 1 | 0 | 0 | 0 | 0 | 1 | camera | Land_Workshop1 | 0.99996 | 0 | 0.00896403 | 0
SCRIPT       : DATA_LOG | 612315 | aRapBi1cCZPZAGLIDny3dk3hQ8vTmNTLHRl8zxmKgQ0= | 12191.9 | 95.2707 | 13769.9 | 0.99996 | 0.00896403 | 0 | AKM | 0 | 175.812 | 29.6483 | 0 | 1 | 1 | 0 | 0 | 0 | 0 | 1 | camera | Land_Workshop1 | 0.99996 | 0 | 0.00896403 | 0
SCRIPT       : DATA_LOG | 613315 | aRapBi1cCZPZAGLIDny3dk3hQ8vTmNTLHRl8zxmKgQ0= | 12191.9 | 95.2707 | 13769.9 | 0.99996 | 0.00896403 | 0 | AKM | 0 | 175.798 | 29.6497 | 0 | 1 | 1 | 0 | 0 | 0 | 0 | 1 | camera | Land_Workshop1 | 0.99996 | 0 | 0.00896403 | 0
SCRIPT       : DATA_LOG | 614327 | aRapBi1cCZPZAGLIDny3dk3hQ8vTmNTLHRl8zxmKgQ0= | 12191.9 | 95.2707 | 13769.9 | 0.99996 | 0.00896403 | 0 | AKM | 0 | 175.819 | 29.6559 | 0 | 1 | 1 | 0 | 0 | 0 | 0 | 1 | camera | Land_Workshop1 | 0.99996 | 0 | 0.00896403 | 0
SCRIPT       : DATA_LOG | 615313 | aRapBi1cCZPZAGLIDny3dk3hQ8vTmNTLHRl8zxmKgQ0= | 12191.9 | 95.2707 | 13769.9 | 0.99996 | 0.00896403 | 0 | AKM | 0 | 175.804 | 29.6515 | 0 | 1 | 1 | 0 | 0 | 0 | 0 | 1 | camera | Land_Workshop1 | 0.99996 | 0 | 0.00896403 | 0
SCRIPT       : DATA_LOG | 616315 | aRapBi1cCZPZAGLIDny3dk3hQ8vTmNTLHRl8zxmKgQ0= | 12191.9 | 95.2707 | 13769.9 | 0.99996 | 0.00896403 | 0 | AKM | 0 | 175.808 | 29.6523 | 0 | 1 | 1 | 0 | 0 | 0 | 0 | 1 | camera | Land_Workshop1 | 0.99996 | 0 | 0.00896403 | 0
SCRIPT       : DATA_LOG | 617319 | aRapBi1cCZPZAGLIDny3dk3hQ8vTmNTLHRl8zxmKgQ0= | 12191.9 | 95.2707 | 13769.9 | 0.99996 | 0.00896403 | 0 | AKM | 0 | 175.803 | 29.6476 | 0 | 1 | 1 | 0 | 0 | 0 | 0 | 1 | camera | Land_Workshop1 | 0.99996 | 0 | 0.00896403 | 0
SCRIPT       : DATA_LOG | 618322 | aRapBi1cCZPZAGLIDny3dk3hQ8vTmNTLHRl8zxmKgQ0= | 12191.9 | 95.2707 | 13769.9 | 0.99996 | 0.00896403 | 0 | AKM | 0 | 175.803 | 29.6456 | 0 | 1 | 1 | 0 | 0 | 0 | 0 | 1 | camera | Land_Workshop1 | 0.99996 | 0 | 0.00896403 | 0
SCRIPT       : DATA_LOG | 619319 | aRapBi1cCZPZAGLIDny3dk3hQ8vTmNTLHRl8zxmKgQ0= | 12191.9 | 95.2707 | 13769.9 | 0.99996 | 0.00896403 | 0 | AKM | 0 | 175.813 | 29.6493 | 0 | 1 | 1 | 0 | 0 | 0 | 0 | 1 | camera | Land_Workshop1 | 0.99996 | 0 | 0.00896403 | 0
SCRIPT       : DATA_LOG | 620323 | aRapBi1cCZPZAGLIDny3dk3hQ8vTmNTLHRl8zxmKgQ0= | 12191.9 | 95.2707 | 13769.9 | 0.99996 | 0.00896403 | 0 | AKM | 0 | 175.798 | 29.6497 | 0 | 1 | 1 | 0 | 0 | 0 | 0 | 1 | camera | Land_Workshop1 | 0.99996 | 0 | 0.00896403 | 0
SCRIPT       : DATA_LOG | 621329 | aRapBi1cCZPZAGLIDny3dk3hQ8vTmNTLHRl8zxmKgQ0= | 12191.9 | 95.2707 | 13769.9 | 0.99996 | 0.00896403 | 0 | AKM | 0 | 175.818 | 29.6569 | 0 | 1 | 1 | 0 | 0 | 0 | 0 | 1 | camera | Land_Workshop1 | 0.99996 | 0 | 0.00896403 | 0
SCRIPT       : DATA_LOG | 622322 | aRapBi1cCZPZAGLIDny3dk3hQ8vTmNTLHRl8zxmKgQ0= | 12191.9 | 95.2707 | 13769.9 | 0.99996 | 0.00896403 | 0 | AKM | 0 | 175.806 | 29.6524 | 0 | 1 | 1 | 0 | 0 | 0 | 0 | 1 | camera | Land_Workshop1 | 0.99996 | 0 | 0.00896403 | 0
SCRIPT       : DATA_LOG | 623323 | aRapBi1cCZPZAGLIDny3dk3hQ8vTmNTLHRl8zxmKgQ0= | 12191.9 | 95.2707 | 13769.9 | 0.99996 | 0.00896403 | 0 | AKM | 0 | 175.806 | 29.6514 | 0 | 1 | 1 | 0 | 0 | 0 | 0 | 1 | camera | Land_Workshop1 | 0.99996 | 0 | 0.00896403 | 0
SCRIPT       : DATA_LOG | 624330 | aRapBi1cCZPZAGLIDny3dk3hQ8vTmNTLHRl8zxmKgQ0= | 12191.9 | 95.2707 | 13769.9 | 0.99996 | 0.00896403 | 0 | AKM | 0 | 175.805 | 29.6495 | 0 | 1 | 1 | 0 | 0 | 0 | 0 | 1 | camera | Land_Workshop1 | 0.99996 | 0 | 0.00896403 | 0
SCRIPT       : DATA_LOG | 625327 | aRapBi1cCZPZAGLIDny3dk3hQ8vTmNTLHRl8zxmKgQ0= | 12191.9 | 95.2707 | 13769.9 | 0.99996 | 0.00896403 | 0 | AKM | 0 | 175.801 | 29.6457 | 0 | 1 | 1 | 0 | 0 | 0 | 0 | 1 | camera | Land_Workshop1 | 0.99996 | 0 | 0.00896403 | 0
SCRIPT       : DATA_LOG | 626327 | aRapBi1cCZPZAGLIDny3dk3hQ8vTmNTLHRl8zxmKgQ0= | 12191.9 | 95.2707 | 13769.9 | 0.99996 | 0.00896403 | 0 | AKM | 0 | 175.812 | 29.6493 | 0 | 1 | 1 | 0 | 0 | 0 | 0 | 1 | camera | Land_Workshop1 | 0.99996 | 0 | 0.00896403 | 0
SCRIPT       : DATA_LOG | 627335 | aRapBi1cCZPZAGLIDny3dk3hQ8vTmNTLHRl8zxmKgQ0= | 12191.9 | 95.2707 | 13769.9 | 0.99996 | 0.00896403 | 0 | AKM | 0 | 175.798 | 29.6487 | 0 | 1 | 1 | 0 | 0 | 0 | 0 | 1 | camera | Land_Workshop1 | 0.99996 | 0 | 0.00896403 | 0
SCRIPT       : DATA_LOG | 628334 | aRapBi1cCZPZAGLIDny3dk3hQ8vTmNTLHRl8zxmKgQ0= | 12191.9 | 95.2707 | 13769.9 | 0.99996 | 0.00896403 | 0 | AKM | 0 | 175.815 | 29.6561 | 0 | 1 | 1 | 0 | 0 | 0 | 0 | 1 | camera | Land_Workshop1 | 0.99996 | 0 | 0.00896403 | 0
SCRIPT       : DATA_LOG | 629332 | aRapBi1cCZPZAGLIDny3dk3hQ8vTmNTLHRl8zxmKgQ0= | 12191.9 | 95.2707 | 13769.9 | 0.99996 | 0.00896403 | 0 | AKM | 0 | 175.81 | 29.6533 | 0 | 1 | 1 | 0 | 0 | 0 | 0 | 1 | camera | Land_Workshop1 | 0.99996 | 0 | 0.00896403 | 0.
SCRIPT       : DATA_LOG | 630331 | aRapBi1cCZPZAGLIDny3dk3hQ8vTmNTLHRl8zxmKgQ0= | 12191.9 | 95.2707 | 13769.9 | 0.99996 | 0.00896403 | 0 | AKM | 0 | 175.804 | 29.6505 | 0 | 1 | 1 | 0 | 0 | 0 | 0 | 1 | camera | Land_Workshop1 | 0.99996 | 0 | 0.00896403 | 0
SCRIPT       : DATA_LOG | 631330 | aRapBi1cCZPZAGLIDny3dk3hQ8vTmNTLHRl8zxmKgQ0= | 12191.9 | 95.2707 | 13769.9 | 0.99996 | 0.00896403 | 0 | AKM | 0 | 175.807 | 29.6514 | 0 | 1 | 1 | 0 | 0 | 0 | 0 | 1 | camera | Land_Workshop1 | 0.99996 | 0 | 0.00896403 | 0
SCRIPT       : DATA_LOG | 632334 | aRapBi1cCZPZAGLIDny3dk3hQ8vTmNTLHRl8zxmKgQ0= | 12191.9 | 95.2707 | 13769.9 | 0.99996 | 0.00896403 | 0 | AKM | 0 | 175.799 | 29.6467 | 0 | 1 | 1 | 0 | 0 | 0 | 0 | 1 | camera | Land_Workshop1 | 0.99996 | 0 | 0.00896403 | 0
SCRIPT       : DATA_LOG | 633341 | aRapBi1cCZPZAGLIDny3dk3hQ8vTmNTLHRl8zxmKgQ0= | 12191.9 | 95.2707 | 13769.9 | 0.99996 | 0.00896403 | 0 | AKM | 0 | 175.81 | 29.6484 | 0 | 1 | 1 | 0 | 0 | 0 | 0 | 1 | camera | Land_Workshop1 | 0.99996 | 0 | 0.00896403 | 0.
SCRIPT       : DATA_LOG | 634337 | aRapBi1cCZPZAGLIDny3dk3hQ8vTmNTLHRl8zxmKgQ0= | 12191.9 | 95.2707 | 13769.9 | 0.99996 | 0.00896403 | 0 | AKM | 0 | 175.8 | 29.6486 | 0 | 1 | 1 | 0 | 0 | 0 | 0 | 1 | camera | Land_Workshop1 | 0.99996 | 0 | 0.00896403 | 0.9
SCRIPT       : DATA_LOG | 635342 | aRapBi1cCZPZAGLIDny3dk3hQ8vTmNTLHRl8zxmKgQ0= | 12191.9 | 95.2707 | 13769.9 | 0.99996 | 0.00896403 | 0 | AKM | 0 | 175.811 | 29.6552 | 0 | 1 | 1 | 0 | 0 | 0 | 0 | 1 | camera | Land_Workshop1 | 0.99996 | 0 | 0.00896403 | 0
SCRIPT       : DATA_LOG | 636337 | aRapBi1cCZPZAGLIDny3dk3hQ8vTmNTLHRl8zxmKgQ0= | 12191.9 | 95.2707 | 13769.9 | 0.99996 | 0.00896403 | 0 | AKM | 0 | 175.813 | 29.6542 | 0 | 1 | 1 | 0 | 0 | 0 | 0 | 1 | camera | Land_Workshop1 | 0.99996 | 0 | 0.00896403 | 0
SCRIPT       : DATA_LOG | 637344 | aRapBi1cCZPZAGLIDny3dk3hQ8vTmNTLHRl8zxmKgQ0= | 12191.9 | 95.2707 | 13769.9 | 0.99996 | 0.00896403 | 0 | AKM | 0 | 175.802 | 29.6496 | 0 | 1 | 1 | 0 | 0 | 0 | 0 | 1 | camera | Land_Workshop1 | 0.99996 | 0 | 0.00896403 | 0
SCRIPT       : DATA_LOG | 638343 | aRapBi1cCZPZAGLIDny3dk3hQ8vTmNTLHRl8zxmKgQ0= | 12191.9 | 95.2707 | 13769.9 | 0.99996 | 0.00896403 | 0 | AKM | 0 | 175.807 | 29.6524 | 0 | 1 | 1 | 0 | 0 | 0 | 0 | 1 | camera | Land_Workshop1 | 0.99996 | 0 | 0.00896403 | 0
SCRIPT       : DATA_LOG | 639339 | aRapBi1cCZPZAGLIDny3dk3hQ8vTmNTLHRl8zxmKgQ0= | 12191.9 | 95.2707 | 13769.9 | 0.99996 | 0.00896403 | 0 | AKM | 0 | 175.799 | 29.6467 | 0 | 1 | 1 | 0 | 0 | 0 | 0 | 1 | camera | Land_Workshop1 | 0.99996 | 0 | 0.00896403 | 0
SCRIPT       : DATA_LOG | 640349 | aRapBi1cCZPZAGLIDny3dk3hQ8vTmNTLHRl8zxmKgQ0= | 12191.9 | 95.2707 | 13769.9 | 0.99996 | 0.00896403 | 0 | AKM | 0 | 175.808 | 29.6475 | 0 | 1 | 1 | 0 | 0 | 0 | 0 | 1 | camera | Land_Workshop1 | 0.99996 | 0 | 0.00896403 | 0
SCRIPT       : DATA_LOG | 641341 | aRapBi1cCZPZAGLIDny3dk3hQ8vTmNTLHRl8zxmKgQ0= | 12191.9 | 95.2707 | 13769.9 | 0.99996 | 0.00896403 | 0 | AKM | 0 | 175.803 | 29.6476 | 0 | 1 | 1 | 0 | 0 | 0 | 0 | 1 | camera | Land_Workshop1 | 0.99996 | 0 | 0.00896403 | 0
SCRIPT       : DATA_LOG | 642342 | aRapBi1cCZPZAGLIDny3dk3hQ8vTmNTLHRl8zxmKgQ0= | 12191.9 | 95.2707 | 13769.9 | 0.99996 | 0.00896403 | 0 | AKM | 0 | 175.805 | 29.6534 | 0 | 1 | 1 | 0 | 0 | 0 | 0 | 1 | camera | Land_Workshop1 | 0.99996 | 0 | 0.00896403 | 0
SCRIPT       : DATA_LOG | 643357 | aRapBi1cCZPZAGLIDny3dk3hQ8vTmNTLHRl8zxmKgQ0= | 12191.9 | 95.2707 | 13769.9 | 0.99996 | 0.00896403 | 0 | AKM | 0 | 175.816 | 29.655 | 0 | 1 | 1 | 0 | 0 | 0 | 0 | 1 | camera | Land_Workshop1 | 0.99996 | 0 | 0.00896403 | 0.
SCRIPT       : DATA_LOG | 644344 | aRapBi1cCZPZAGLIDny3dk3hQ8vTmNTLHRl8zxmKgQ0= | 12191.9 | 95.2707 | 13769.9 | 0.99996 | 0.00896403 | 0 | AKM | 0 | 175.801 | 29.6496 | 0 | 1 | 1 | 0 | 0 | 0 | 0 | 1 | camera | Land_Workshop1 | 0.99996 | 0 | 0.00896403 | 0
SCRIPT       : DATA_LOG | 645343 | aRapBi1cCZPZAGLIDny3dk3hQ8vTmNTLHRl8zxmKgQ0= | 12191.9 | 95.2707 | 13769.9 | 0.99996 | 0.00896403 | 0 | AKM | 0 | 175.809 | 29.6533 | 0 | 1 | 1 | 0 | 0 | 0 | 0 | 1 | camera | Land_Workshop1 | 0.99996 | 0 | 0.00896403 | 0
SCRIPT       : DATA_LOG | 646354 | aRapBi1cCZPZAGLIDny3dk3hQ8vTmNTLHRl8zxmKgQ0= | 12191.9 | 95.2707 | 13769.9 | 0.99996 | 0.00896403 | 0 | AKM | 0 | 175.8 | 29.6467 | 0 | 1 | 1 | 0 | 0 | 0 | 0 | 1 | camera | Land_Workshop1 | 0.99996 | 0 | 0.00896403 | 0.9
SCRIPT       : DATA_LOG | 647350 | aRapBi1cCZPZAGLIDny3dk3hQ8vTmNTLHRl8zxmKgQ0= | 12191.9 | 95.2707 | 13769.9 | 0.99996 | 0.00896403 | 0 | AKM | 0 | 175.806 | 29.6465 | 0 | 1 | 1 | 0 | 0 | 0 | 0 | 1 | camera | Land_Workshop1 | 0.99996 | 0 | 0.00896403 | 0
SCRIPT       : DATA_LOG | 648354 | aRapBi1cCZPZAGLIDny3dk3hQ8vTmNTLHRl8zxmKgQ0= | 12191.9 | 95.2707 | 13769.9 | 0.99996 | 0.00896403 | 0 | AKM | 0 | 175.807 | 29.6475 | 0 | 1 | 1 | 0 | 0 | 0 | 0 | 1 | camera | Land_Workshop1 | 0.99996 | 0 | 0.00896403 | 0
SCRIPT       : DATA_LOG | 649352 | aRapBi1cCZPZAGLIDny3dk3hQ8vTmNTLHRl8zxmKgQ0= | 12191.9 | 95.2707 | 13769.9 | 0.99996 | 0.00896403 | 0 | AKM | 0 | 175.802 | 29.6515 | 0 | 1 | 1 | 0 | 0 | 0 | 0 | 1 | camera | Land_Workshop1 | 0.99996 | 0 | 0.00896403 | 0
SCRIPT       : DATA_LOG | 650349 | aRapBi1cCZPZAGLIDny3dk3hQ8vTmNTLHRl8zxmKgQ0= | 12191.9 | 95.2707 | 13769.9 | 0.99996 | 0.00896403 | 0 | AKM | 0 | 175.818 | 29.656 | 0 | 1 | 1 | 0 | 0 | 0 | 0 | 1 | camera | Land_Workshop1 | 0.99996 | 0 | 0.00896403 | 0.
SCRIPT       : DATA_LOG | 651354 | aRapBi1cCZPZAGLIDny3dk3hQ8vTmNTLHRl8zxmKgQ0= | 12191.9 | 95.2707 | 13769.9 | 0.99996 | 0.00896403 | 0 | AKM | 0 | 175.801 | 29.6496 | 0 | 1 | 1 | 0 | 0 | 0 | 0 | 1 | camera | Land_Workshop1 | 0.99996 | 0 | 0.00896403 | 0
SCRIPT       : DATA_LOG | 652352 | aRapBi1cCZPZAGLIDny3dk3hQ8vTmNTLHRl8zxmKgQ0= | 12191.9 | 95.2707 | 13769.9 | 0.99996 | 0.00896403 | 0 | AKM | 0 | 175.809 | 29.6533 | 0 | 1 | 1 | 0 | 0 | 0 | 0 | 1 | camera | Land_Workshop1 | 0.99996 | 0 | 0.00896403 | 0
SCRIPT       : DATA_LOG | 653353 | aRapBi1cCZPZAGLIDny3dk3hQ8vTmNTLHRl8zxmKgQ0= | 12191.9 | 95.2707 | 13769.9 | 0.99996 | 0.00896403 | 0 | AKM | 0 | 175.801 | 29.6476 | 0 | 1 | 1 | 0 | 0 | 0 | 0 | 1 | camera | Land_Workshop1 | 0.99996 | 0 | 0.00896403 | 0
SCRIPT       : DATA_LOG | 654364 | aRapBi1cCZPZAGLIDny3dk3hQ8vTmNTLHRl8zxmKgQ0= | 12191.9 | 95.2707 | 13769.9 | 0.99996 | 0.00896403 | 0 | AKM | 0 | 175.804 | 29.6466 | 0 | 1 | 1 | 0 | 0 | 0 | 0 | 1 | camera | Land_Workshop1 | 0.99996 | 0 | 0.00896403 | 0
SCRIPT       : DATA_LOG | 655353 | aRapBi1cCZPZAGLIDny3dk3hQ8vTmNTLHRl8zxmKgQ0= | 12191.9 | 95.2707 | 13769.9 | 0.99996 | 0.00896403 | 0 | AKM | 0 | 175.811 | 29.6483 | 0 | 1 | 1 | 0 | 0 | 0 | 0 | 1 | camera | Land_Workshop1 | 0.99996 | 0 | 0.00896403 | 0
SCRIPT       : DATA_LOG | 656361 | aRapBi1cCZPZAGLIDny3dk3hQ8vTmNTLHRl8zxmKgQ0= | 12191.9 | 95.2707 | 13769.9 | 0.99996 | 0.00896403 | 0 | AKM | 0 | 175.799 | 29.6506 | 0 | 1 | 1 | 0 | 0 | 0 | 0 | 1 | camera | Land_Workshop1 | 0.99996 | 0 | 0.00896403 | 0
SCRIPT       : DATA_LOG | 657358 | aRapBi1cCZPZAGLIDny3dk3hQ8vTmNTLHRl8zxmKgQ0= | 12191.9 | 95.2707 | 13769.9 | 0.99996 | 0.00896403 | 0 | AKM | 0 | 175.819 | 29.6559 | 0 | 1 | 1 | 0 | 0 | 0 | 0 | 1 | camera | Land_Workshop1 | 0.99996 | 0 | 0.00896403 | 0
SCRIPT       : DATA_LOG | 658357 | aRapBi1cCZPZAGLIDny3dk3hQ8vTmNTLHRl8zxmKgQ0= | 12191.9 | 95.2707 | 13769.9 | 0.99996 | 0.00896403 | 0 | AKM | 0 | 175.802 | 29.6506 | 0 | 1 | 1 | 0 | 0 | 0 | 0 | 1 | camera | Land_Workshop1 | 0.99996 | 0 | 0.00896403 | 0
SCRIPT       : DATA_LOG | 659358 | aRapBi1cCZPZAGLIDny3dk3hQ8vTmNTLHRl8zxmKgQ0= | 12191.9 | 95.2707 | 13769.9 | 0.99996 | 0.00896403 | 0 | AKM | 0 | 175.808 | 29.6533 | 0 | 1 | 1 | 0 | 0 | 0 | 0 | 1 | camera | Land_Workshop1 | 0.99996 | 0 | 0.00896403 | 0
SCRIPT       : DATA_LOG | 660373 | aRapBi1cCZPZAGLIDny3dk3hQ8vTmNTLHRl8zxmKgQ0= | 12191.9 | 95.2707 | 13769.9 | 0.99996 | 0.00896403 | 0 | AKM | 0 | 175.803 | 29.6476 | 0 | 1 | 1 | 0 | 0 | 0 | 0 | 1 | camera | Land_Workshop1 | 0.99996 | 0 | 0.00896403 | 0
SCRIPT       : DATA_LOG | 661372 | aRapBi1cCZPZAGLIDny3dk3hQ8vTmNTLHRl8zxmKgQ0= | 12191.9 | 95.2707 | 13769.9 | 0.99996 | 0.00896403 | 0 | AKM | 0 | 175.803 | 29.6456 | 0 | 1 | 1 | 0 | 0 | 0 | 0 | 1 | camera | Land_Workshop1 | 0.99996 | 0 | 0.00896403 | 0
SCRIPT       : DATA_LOG | 662368 | aRapBi1cCZPZAGLIDny3dk3hQ8vTmNTLHRl8zxmKgQ0= | 12191.9 | 95.2707 | 13769.9 | 0.99996 | 0.00896403 | 0 | AKM | 0 | 175.813 | 29.6493 | 0 | 1 | 1 | 0 | 0 | 0 | 0 | 1 | camera | Land_Workshop1 | 0.99996 | 0 | 0.00896403 | 0
SCRIPT       : DATA_LOG | 663374 | aRapBi1cCZPZAGLIDny3dk3hQ8vTmNTLHRl8zxmKgQ0= | 12191.9 | 95.2707 | 13769.9 | 0.99996 | 0.00896403 | 0 | AKM | 0 | 175.798 | 29.6497 | 0 | 1 | 1 | 0 | 0 | 0 | 0 | 1 | camera | Land_Workshop1 | 0.99996 | 0 | 0.00896403 | 0
SCRIPT       : DATA_LOG | 664360 | aRapBi1cCZPZAGLIDny3dk3hQ8vTmNTLHRl8zxmKgQ0= | 12191.9 | 95.2707 | 13769.9 | 0.99996 | 0.00896403 | 0 | AKM | 0 | 175.819 | 29.6569 | 0 | 1 | 1 | 0 | 0 | 0 | 0 | 1 | camera | Land_Workshop1 | 0.99996 | 0 | 0.00896403 | 0
SCRIPT       : DATA_LOG | 665364 | aRapBi1cCZPZAGLIDny3dk3hQ8vTmNTLHRl8zxmKgQ0= | 12191.9 | 95.2707 | 13769.9 | 0.99996 | 0.00896403 | 0 | AKM | 0 | 175.805 | 29.6515 | 0 | 1 | 1 | 0 | 0 | 0 | 0 | 1 | camera | Land_Workshop1 | 0.99996 | 0 | 0.00896403 | 0
SCRIPT       : DATA_LOG | 666369 | aRapBi1cCZPZAGLIDny3dk3hQ8vTmNTLHRl8zxmKgQ0= | 12191.9 | 95.2707 | 13769.9 | 0.99996 | 0.00896403 | 0 | AKM | 0 | 175.807 | 29.6514 | 0 | 1 | 1 | 0 | 0 | 0 | 0 | 1 | camera | Land_Workshop1 | 0.99996 | 0 | 0.00896403 | 0
SCRIPT       : DATA_LOG | 667365 | aRapBi1cCZPZAGLIDny3dk3hQ8vTmNTLHRl8zxmKgQ0= | 12191.9 | 95.2707 | 13769.9 | 0.99996 | 0.00896403 | 0 | AKM | 0 | 175.804 | 29.6485 | 0 | 1 | 1 | 0 | 0 | 0 | 0 | 1 | camera | Land_Workshop1 | 0.99996 | 0 | 0.00896403 | 0
SCRIPT       : DATA_LOG | 668369 | aRapBi1cCZPZAGLIDny3dk3hQ8vTmNTLHRl8zxmKgQ0= | 12191.9 | 95.2707 | 13769.9 | 0.99996 | 0.00896403 | 0 | AKM | 0 | 175.801 | 29.6457 | 0 | 1 | 1 | 0 | 0 | 0 | 0 | 1 | camera | Land_Workshop1 | 0.99996 | 0 | 0.00896403 | 0
SCRIPT       : DATA_LOG | 669375 | aRapBi1cCZPZAGLIDny3dk3hQ8vTmNTLHRl8zxmKgQ0= | 12191.9 | 95.2707 | 13769.9 | 0.99996 | 0.00896403 | 0 | AKM | 0 | 175.812 | 29.6493 | 0 | 1 | 1 | 0 | 0 | 0 | 0 | 1 | camera | Land_Workshop1 | 0.99996 | 0 | 0.00896403 | 0
SCRIPT       : DATA_LOG | 670375 | aRapBi1cCZPZAGLIDny3dk3hQ8vTmNTLHRl8zxmKgQ0= | 12191.9 | 95.2707 | 13769.9 | 0.99996 | 0.00896403 | 0 | AKM | 0 | 175.798 | 29.6487 | 0 | 1 | 1 | 0 | 0 | 0 | 0 | 1 | camera | Land_Workshop1 | 0.99996 | 0 | 0.00896403 | 0
SCRIPT       : DATA_LOG | 671371 | aRapBi1cCZPZAGLIDny3dk3hQ8vTmNTLHRl8zxmKgQ0= | 12191.9 | 95.2707 | 13769.9 | 0.99996 | 0.00896403 | 0 | AKM | 0 | 175.816 | 29.656 | 0 | 1 | 1 | 0 | 0 | 0 | 0 | 1 | camera | Land_Workshop1 | 0.99996 | 0 | 0.00896403 | 0.
SCRIPT       : DATA_LOG | 672389 | aRapBi1cCZPZAGLIDny3dk3hQ8vTmNTLHRl8zxmKgQ0= | 12191.9 | 95.2707 | 13769.9 | 0.99996 | 0.00896403 | 0 | AKM | 0 | 175.809 | 29.6533 | 0 | 1 | 1 | 0 | 0 | 0 | 0 | 1 | camera | Land_Workshop1 | 0.99996 | 0 | 0.00896403 | 0
SCRIPT       : DATA_LOG | 673374 | aRapBi1cCZPZAGLIDny3dk3hQ8vTmNTLHRl8zxmKgQ0= | 12191.9 | 95.2707 | 13769.9 | 0.99996 | 0.00896403 | 0 | AKM | 0 | 175.804 | 29.6505 | 0 | 1 | 1 | 0 | 0 | 0 | 0 | 1 | camera | Land_Workshop1 | 0.99996 | 0 | 0.00896403 | 0
SCRIPT       : DATA_LOG | 674372 | aRapBi1cCZPZAGLIDny3dk3hQ8vTmNTLHRl8zxmKgQ0= | 12191.9 | 95.2707 | 13769.9 | 0.99996 | 0.00896403 | 0 | AKM | 0 | 175.807 | 29.6504 | 0 | 1 | 1 | 0 | 0 | 0 | 0 | 1 | camera | Land_Workshop1 | 0.99996 | 0 | 0.00896403 | 0
SCRIPT       : DATA_LOG | 675381 | aRapBi1cCZPZAGLIDny3dk3hQ8vTmNTLHRl8zxmKgQ0= | 12191.9 | 95.2707 | 13769.9 | 0.99996 | 0.00896403 | 0 | AKM | 0 | 175.801 | 29.6457 | 0 | 1 | 1 | 0 | 0 | 0 | 0 | 1 | camera | Land_Workshop1 | 0.99996 | 0 | 0.00896403 | 0
SCRIPT       : DATA_LOG | 676375 | aRapBi1cCZPZAGLIDny3dk3hQ8vTmNTLHRl8zxmKgQ0= | 12191.9 | 95.2707 | 13769.9 | 0.99996 | 0.00896403 | 0 | AKM | 0 | 175.81 | 29.6484 | 0 | 1 | 1 | 0 | 0 | 0 | 0 | 1 | camera | Land_Workshop1 | 0.99996 | 0 | 0.00896403 | 0.
SCRIPT       : DATA_LOG | 677376 | aRapBi1cCZPZAGLIDny3dk3hQ8vTmNTLHRl8zxmKgQ0= | 12191.9 | 95.2707 | 13769.9 | 0.99996 | 0.00896403 | 0 | AKM | 0 | 175.799 | 29.6487 | 0 | 1 | 1 | 0 | 0 | 0 | 0 | 1 | camera | Land_Workshop1 | 0.99996 | 0 | 0.00896403 | 0
SCRIPT       : DATA_LOG | 678385 | aRapBi1cCZPZAGLIDny3dk3hQ8vTmNTLHRl8zxmKgQ0= | 12191.9 | 95.2707 | 13769.9 | 0.99996 | 0.00896403 | 0 | AKM | 0 | 175.812 | 29.6552 | 0 | 1 | 1 | 0 | 0 | 0 | 0 | 1 | camera | Land_Workshop1 | 0.99996 | 0 | 0.00896403 | 0
SCRIPT       : DATA_LOG | 679390 | aRapBi1cCZPZAGLIDny3dk3hQ8vTmNTLHRl8zxmKgQ0= | 12191.9 | 95.2707 | 13769.9 | 0.99996 | 0.00896403 | 0 | AKM | 0 | 175.812 | 29.6542 | 0 | 1 | 1 | 0 | 0 | 0 | 0 | 1 | camera | Land_Workshop1 | 0.99996 | 0 | 0.00896403 | 0
SCRIPT       : DATA_LOG | 680380 | aRapBi1cCZPZAGLIDny3dk3hQ8vTmNTLHRl8zxmKgQ0= | 12191.9 | 95.2707 | 13769.9 | 0.99996 | 0.00896403 | 0 | AKM | 0 | 175.802 | 29.6496 | 0 | 1 | 1 | 0 | 0 | 0 | 0 | 1 | camera | Land_Workshop1 | 0.99996 | 0 | 0.00896403 | 0
SCRIPT       : DATA_LOG | 681381 | aRapBi1cCZPZAGLIDny3dk3hQ8vTmNTLHRl8zxmKgQ0= | 12191.9 | 95.2707 | 13769.9 | 0.99996 | 0.00896403 | 0 | AKM | 0 | 175.807 | 29.6524 | 0 | 1 | 1 | 0 | 0 | 0 | 0 | 1 | camera | Land_Workshop1 | 0.99996 | 0 | 0.00896403 | 0
SCRIPT       : DATA_LOG | 682384 | aRapBi1cCZPZAGLIDny3dk3hQ8vTmNTLHRl8zxmKgQ0= | 12191.9 | 95.2707 | 13769.9 | 0.99996 | 0.00896403 | 0 | AKM | 0 | 175.799 | 29.6467 | 0 | 1 | 1 | 0 | 0 | 0 | 0 | 1 | camera | Land_Workshop1 | 0.99996 | 0 | 0.00896403 | 0
SCRIPT       : DATA_LOG | 683384 | aRapBi1cCZPZAGLIDny3dk3hQ8vTmNTLHRl8zxmKgQ0= | 12191.9 | 95.2707 | 13769.9 | 0.99996 | 0.00896403 | 0 | AKM | 0 | 175.808 | 29.6484 | 0 | 1 | 1 | 0 | 0 | 0 | 0 | 1 | camera | Land_Workshop1 | 0.99996 | 0 | 0.00896403 | 0
SCRIPT       : DATA_LOG | 684389 | aRapBi1cCZPZAGLIDny3dk3hQ8vTmNTLHRl8zxmKgQ0= | 12191.9 | 95.2707 | 13769.9 | 0.99996 | 0.00896403 | 0 | AKM | 0 | 175.801 | 29.6476 | 0 | 1 | 1 | 0 | 0 | 0 | 0 | 1 | camera | Land_Workshop1 | 0.99996 | 0 | 0.00896403 | 0
SCRIPT       : DATA_LOG | 685393 | aRapBi1cCZPZAGLIDny3dk3hQ8vTmNTLHRl8zxmKgQ0= | 12191.9 | 95.2707 | 13769.9 | 0.99996 | 0.00896403 | 0 | AKM | 0 | 175.808 | 29.6543 | 0 | 1 | 1 | 0 | 0 | 0 | 0 | 1 | camera | Land_Workshop1 | 0.99996 | 0 | 0.00896403 | 0
SCRIPT       : DATA_LOG | 686387 | aRapBi1cCZPZAGLIDny3dk3hQ8vTmNTLHRl8zxmKgQ0= | 12191.9 | 95.2707 | 13769.9 | 0.99996 | 0.00896403 | 0 | AKM | 0 | 175.815 | 29.6541 | 0 | 1 | 1 | 0 | 0 | 0 | 0 | 1 | camera | Land_Workshop1 | 0.99996 | 0 | 0.00896403 | 0
SCRIPT       : DATA_LOG | 687391 | aRapBi1cCZPZAGLIDny3dk3hQ8vTmNTLHRl8zxmKgQ0= | 12191.9 | 95.2707 | 13769.9 | 0.99996 | 0.00896403 | 0 | AKM | 0 | 175.801 | 29.6496 | 0 | 1 | 1 | 0 | 0 | 0 | 0 | 1 | camera | Land_Workshop1 | 0.99996 | 0 | 0.00896403 | 0
SCRIPT       : DATA_LOG | 688387 | aRapBi1cCZPZAGLIDny3dk3hQ8vTmNTLHRl8zxmKgQ0= | 12191.9 | 95.2707 | 13769.9 | 0.99996 | 0.00896403 | 0 | AKM | 0 | 175.808 | 29.6533 | 0 | 1 | 1 | 0 | 0 | 0 | 0 | 1 | camera | Land_Workshop1 | 0.99996 | 0 | 0.00896403 | 0
SCRIPT       : DATA_LOG | 689394 | aRapBi1cCZPZAGLIDny3dk3hQ8vTmNTLHRl8zxmKgQ0= | 12191.9 | 95.2707 | 13769.9 | 0.99996 | 0.00896403 | 0 | AKM | 0 | 175.8 | 29.6467 | 0 | 1 | 1 | 0 | 0 | 0 | 0 | 1 | camera | Land_Workshop1 | 0.99996 | 0 | 0.00896403 | 0.9
SCRIPT       : DATA_LOG | 690392 | aRapBi1cCZPZAGLIDny3dk3hQ8vTmNTLHRl8zxmKgQ0= | 12191.9 | 95.2707 | 13769.9 | 0.99996 | 0.00896403 | 0 | AKM | 0 | 175.806 | 29.6475 | 0 | 1 | 1 | 0 | 0 | 0 | 0 | 1 | camera | Land_Workshop1 | 0.99996 | 0 | 0.00896403 | 0
SCRIPT       : DATA_LOG | 691396 | aRapBi1cCZPZAGLIDny3dk3hQ8vTmNTLHRl8zxmKgQ0= | 12191.9 | 95.2707 | 13769.9 | 0.99996 | 0.00896403 | 0 | AKM | 0 | 175.805 | 29.6475 | 0 | 1 | 1 | 0 | 0 | 0 | 0 | 1 | camera | Land_Workshop1 | 0.99996 | 0 | 0.00896403 | 0
SCRIPT       : DATA_LOG | 692392 | aRapBi1cCZPZAGLIDny3dk3hQ8vTmNTLHRl8zxmKgQ0= | 12191.9 | 95.2707 | 13769.9 | 0.99996 | 0.00896403 | 0 | AKM | 0 | 175.803 | 29.6525 | 0 | 1 | 1 | 0 | 0 | 0 | 0 | 1 | camera | Land_Workshop1 | 0.99996 | 0 | 0.00896403 | 0
SCRIPT       : DATA_LOG | 693402 | aRapBi1cCZPZAGLIDny3dk3hQ8vTmNTLHRl8zxmKgQ0= | 12191.9 | 95.2707 | 13769.9 | 0.99996 | 0.00896403 | 0 | AKM | 0 | 175.817 | 29.655 | 0 | 1 | 1 | 0 | 0 | 0 | 0 | 1 | camera | Land_Workshop1 | 0.99996 | 0 | 0.00896403 | 0.
SCRIPT       : DATA_LOG | 694394 | aRapBi1cCZPZAGLIDny3dk3hQ8vTmNTLHRl8zxmKgQ0= | 12191.9 | 95.2707 | 13769.9 | 0.99996 | 0.00896403 | 0 | AKM | 0 | 175.801 | 29.6496 | 0 | 1 | 1 | 0 | 0 | 0 | 0 | 1 | camera | Land_Workshop1 | 0.99996 | 0 | 0.00896403 | 0
SCRIPT       : DATA_LOG | 695397 | aRapBi1cCZPZAGLIDny3dk3hQ8vTmNTLHRl8zxmKgQ0= | 12191.9 | 95.2707 | 13769.9 | 0.99996 | 0.00896403 | 0 | AKM | 0 | 175.809 | 29.6533 | 0 | 1 | 1 | 0 | 0 | 0 | 0 | 1 | camera | Land_Workshop1 | 0.99996 | 0 | 0.00896403 | 0
SCRIPT       : DATA_LOG | 696403 | aRapBi1cCZPZAGLIDny3dk3hQ8vTmNTLHRl8zxmKgQ0= | 12191.9 | 95.2707 | 13769.9 | 0.99996 | 0.00896403 | 0 | AKM | 0 | 175.801 | 29.6467 | 0 | 1 | 1 | 0 | 0 | 0 | 0 | 1 | camera | Land_Workshop1 | 0.99996 | 0 | 0.00896403 | 0
SCRIPT       : DATA_LOG | 697397 | aRapBi1cCZPZAGLIDny3dk3hQ8vTmNTLHRl8zxmKgQ0= | 12191.9 | 95.2707 | 13769.9 | 0.99996 | 0.00896403 | 0 | AKM | 0 | 175.804 | 29.6466 | 0 | 1 | 1 | 0 | 0 | 0 | 0 | 1 | camera | Land_Workshop1 | 0.99996 | 0 | 0.00896403 | 0
SCRIPT       : DATA_LOG | 698404 | aRapBi1cCZPZAGLIDny3dk3hQ8vTmNTLHRl8zxmKgQ0= | 12191.9 | 95.2707 | 13769.9 | 0.99996 | 0.00896403 | 0 | AKM | 0 | 175.81 | 29.6484 | 0 | 1 | 1 | 0 | 0 | 0 | 0 | 1 | camera | Land_Workshop1 | 0.99996 | 0 | 0.00896403 | 0.
SCRIPT       : DATA_LOG | 699400 | aRapBi1cCZPZAGLIDny3dk3hQ8vTmNTLHRl8zxmKgQ0= | 12191.9 | 95.2707 | 13769.9 | 0.99996 | 0.00896403 | 0 | AKM | 0 | 175.8 | 29.6506 | 0 | 1 | 1 | 0 | 0 | 0 | 0 | 1 | camera | Land_Workshop1 | 0.99996 | 0 | 0.00896403 | 0.9
SCRIPT       : DATA_LOG | 700401 | aRapBi1cCZPZAGLIDny3dk3hQ8vTmNTLHRl8zxmKgQ0= | 12191.9 | 95.2707 | 13769.9 | 0.99996 | 0.00896403 | 0 | AKM | 0 | 175.819 | 29.6559 | 0 | 1 | 1 | 0 | 0 | 0 | 0 | 1 | camera | Land_Workshop1 | 0.99996 | 0 | 0.00896403 | 0
SCRIPT       : DATA_LOG | 701404 | aRapBi1cCZPZAGLIDny3dk3hQ8vTmNTLHRl8zxmKgQ0= | 12191.9 | 95.2707 | 13769.9 | 0.99996 | 0.00896403 | 0 | AKM | 0 | 175.802 | 29.6506 | 0 | 1 | 1 | 0 | 0 | 0 | 0 | 1 | camera | Land_Workshop1 | 0.99996 | 0 | 0.00896403 | 0
SCRIPT       : DATA_LOG | 702406 | aRapBi1cCZPZAGLIDny3dk3hQ8vTmNTLHRl8zxmKgQ0= | 12191.9 | 95.2707 | 13769.9 | 0.99996 | 0.00896403 | 0 | AKM | 0 | 175.809 | 29.6533 | 0 | 1 | 1 | 0 | 0 | 0 | 0 | 1 | camera | Land_Workshop1 | 0.99996 | 0 | 0.00896403 | 0
SCRIPT       : DATA_LOG | 703404 | aRapBi1cCZPZAGLIDny3dk3hQ8vTmNTLHRl8zxmKgQ0= | 12191.9 | 95.2707 | 13769.9 | 0.99996 | 0.00896403 | 0 | AKM | 0 | 175.803 | 29.6476 | 0 | 1 | 1 | 0 | 0 | 0 | 0 | 1 | camera | Land_Workshop1 | 0.99996 | 0 | 0.00896403 | 0
SCRIPT       : DATA_LOG | 704405 | aRapBi1cCZPZAGLIDny3dk3hQ8vTmNTLHRl8zxmKgQ0= | 12191.9 | 95.2707 | 13769.9 | 0.99996 | 0.00896403 | 0 | AKM | 0 | 175.803 | 29.6456 | 0 | 1 | 1 | 0 | 0 | 0 | 0 | 1 | camera | Land_Workshop1 | 0.99996 | 0 | 0.00896403 | 0
SCRIPT       : DATA_LOG | 705423 | aRapBi1cCZPZAGLIDny3dk3hQ8vTmNTLHRl8zxmKgQ0= | 12191.9 | 95.2707 | 13769.9 | 0.99996 | 0.00896403 | 0 | AKM | 0 | 175.812 | 29.6483 | 0 | 1 | 1 | 0 | 0 | 0 | 0 | 1 | camera | Land_Workshop1 | 0.99996 | 0 | 0.00896403 | 0
SCRIPT       : DATA_LOG | 706415 | aRapBi1cCZPZAGLIDny3dk3hQ8vTmNTLHRl8zxmKgQ0= | 12191.9 | 95.2707 | 13769.9 | 0.99996 | 0.00896403 | 0 | AKM | 0 | 175.798 | 29.6497 | 0 | 1 | 1 | 0 | 0 | 0 | 0 | 1 | camera | Land_Workshop1 | 0.99996 | 0 | 0.00896403 | 0
SCRIPT       : DATA_LOG | 707413 | aRapBi1cCZPZAGLIDny3dk3hQ8vTmNTLHRl8zxmKgQ0= | 12191.9 | 95.2707 | 13769.9 | 0.99996 | 0.00896403 | 0 | AKM | 0 | 175.819 | 29.6569 | 0 | 1 | 1 | 0 | 0 | 0 | 0 | 1 | camera | Land_Workshop1 | 0.99996 | 0 | 0.00896403 | 0
SCRIPT       : DATA_LOG | 708418 | aRapBi1cCZPZAGLIDny3dk3hQ8vTmNTLHRl8zxmKgQ0= | 12191.9 | 95.2707 | 13769.9 | 0.99996 | 0.00896403 | 0 | AKM | 0 | 175.805 | 29.6515 | 0 | 1 | 1 | 0 | 0 | 0 | 0 | 1 | camera | Land_Workshop1 | 0.99996 | 0 | 0.00896403 | 0
SCRIPT       : DATA_LOG | 709412 | aRapBi1cCZPZAGLIDny3dk3hQ8vTmNTLHRl8zxmKgQ0= | 12191.9 | 95.2707 | 13769.9 | 0.99996 | 0.00896403 | 0 | AKM | 0 | 175.807 | 29.6514 | 0 | 1 | 1 | 0 | 0 | 0 | 0 | 1 | camera | Land_Workshop1 | 0.99996 | 0 | 0.00896403 | 0
SCRIPT       : DATA_LOG | 710416 | aRapBi1cCZPZAGLIDny3dk3hQ8vTmNTLHRl8zxmKgQ0= | 12191.9 | 95.2707 | 13769.9 | 0.99996 | 0.00896403 | 0 | AKM | 0 | 175.804 | 29.6485 | 0 | 1 | 1 | 0 | 0 | 0 | 0 | 1 | camera | Land_Workshop1 | 0.99996 | 0 | 0.00896403 | 0
SCRIPT       : DATA_LOG | 711411 | aRapBi1cCZPZAGLIDny3dk3hQ8vTmNTLHRl8zxmKgQ0= | 12191.9 | 95.2707 | 13769.9 | 0.99996 | 0.00896403 | 0 | AKM | 0 | 175.802 | 29.6457 | 0 | 1 | 1 | 0 | 0 | 0 | 0 | 1 | camera | Land_Workshop1 | 0.99996 | 0 | 0.00896403 | 0
SCRIPT       : DATA_LOG | 712425 | aRapBi1cCZPZAGLIDny3dk3hQ8vTmNTLHRl8zxmKgQ0= | 12191.9 | 95.2707 | 13769.9 | 0.99996 | 0.00896403 | 0 | AKM | 0 | 175.812 | 29.6493 | 0 | 1 | 1 | 0 | 0 | 0 | 0 | 1 | camera | Land_Workshop1 | 0.99996 | 0 | 0.00896403 | 0
SCRIPT       : DATA_LOG | 713423 | aRapBi1cCZPZAGLIDny3dk3hQ8vTmNTLHRl8zxmKgQ0= | 12191.9 | 95.2707 | 13769.9 | 0.99996 | 0.00896403 | 0 | AKM | 0 | 175.798 | 29.6487 | 0 | 1 | 1 | 0 | 0 | 0 | 0 | 1 | camera | Land_Workshop1 | 0.99996 | 0 | 0.00896403 | 0
SCRIPT       : DATA_LOG | 714419 | aRapBi1cCZPZAGLIDny3dk3hQ8vTmNTLHRl8zxmKgQ0= | 12191.9 | 95.2707 | 13769.9 | 0.99996 | 0.00896403 | 0 | AKM | 0 | 175.816 | 29.656 | 0 | 1 | 1 | 0 | 0 | 0 | 0 | 1 | camera | Land_Workshop1 | 0.99996 | 0 | 0.00896403 | 0.
SCRIPT       : DATA_LOG | 715417 | aRapBi1cCZPZAGLIDny3dk3hQ8vTmNTLHRl8zxmKgQ0= | 12191.9 | 95.2707 | 13769.9 | 0.99996 | 0.00896403 | 0 | AKM | 0 | 175.808 | 29.6523 | 0 | 1 | 1 | 0 | 0 | 0 | 0 | 1 | camera | Land_Workshop1 | 0.99996 | 0 | 0.00896403 | 0
SCRIPT       : DATA_LOG | 716417 | aRapBi1cCZPZAGLIDny3dk3hQ8vTmNTLHRl8zxmKgQ0= | 12191.9 | 95.2707 | 13769.9 | 0.99996 | 0.00896403 | 0 | AKM | 0 | 175.805 | 29.6505 | 0 | 1 | 1 | 0 | 0 | 0 | 0 | 1 | camera | Land_Workshop1 | 0.99996 | 0 | 0.00896403 | 0
SCRIPT       : DATA_LOG | 717418 | aRapBi1cCZPZAGLIDny3dk3hQ8vTmNTLHRl8zxmKgQ0= | 12191.9 | 95.2707 | 13769.9 | 0.99996 | 0.00896403 | 0 | AKM | 0 | 175.805 | 29.6505 | 0 | 1 | 1 | 0 | 0 | 0 | 0 | 1 | camera | Land_Workshop1 | 0.99996 | 0 | 0.00896403 | 0
SCRIPT       : DATA_LOG | 718419 | aRapBi1cCZPZAGLIDny3dk3hQ8vTmNTLHRl8zxmKgQ0= | 12191.9 | 95.2707 | 13769.9 | 0.99996 | 0.00896403 | 0 | AKM | 0 | 175.801 | 29.6457 | 0 | 1 | 1 | 0 | 0 | 0 | 0 | 1 | camera | Land_Workshop1 | 0.99996 | 0 | 0.00896403 | 0
SCRIPT       : DATA_LOG | 719419 | aRapBi1cCZPZAGLIDny3dk3hQ8vTmNTLHRl8zxmKgQ0= | 12191.9 | 95.2707 | 13769.9 | 0.99996 | 0.00896403 | 0 | AKM | 0 | 175.811 | 29.6493 | 0 | 1 | 1 | 0 | 0 | 0 | 0 | 1 | camera | Land_Workshop1 | 0.99996 | 0 | 0.00896403 | 0
SCRIPT       : DATA_LOG | 720430 | aRapBi1cCZPZAGLIDny3dk3hQ8vTmNTLHRl8zxmKgQ0= | 12191.9 | 95.2707 | 13769.9 | 0.99996 | 0.00896403 | 0 | AKM | 0 | 175.799 | 29.6487 | 0 | 1 | 1 | 0 | 0 | 0 | 0 | 1 | camera | Land_Workshop1 | 0.99996 | 0 | 0.00896403 | 0
SCRIPT       : DATA_LOG | 721425 | aRapBi1cCZPZAGLIDny3dk3hQ8vTmNTLHRl8zxmKgQ0= | 12191.9 | 95.2707 | 13769.9 | 0.99996 | 0.00896403 | 0 | AKM | 0 | 175.813 | 29.6551 | 0 | 1 | 1 | 0 | 0 | 0 | 0 | 1 | camera | Land_Workshop1 | 0.99996 | 0 | 0.00896403 | 0
SCRIPT       : DATA_LOG | 722423 | aRapBi1cCZPZAGLIDny3dk3hQ8vTmNTLHRl8zxmKgQ0= | 12191.9 | 95.2707 | 13769.9 | 0.99996 | 0.00896403 | 0 | AKM | 0 | 175.811 | 29.6532 | 0 | 1 | 1 | 0 | 0 | 0 | 0 | 1 | camera | Land_Workshop1 | 0.99996 | 0 | 0.00896403 | 0
SCRIPT       : DATA_LOG | 723437 | aRapBi1cCZPZAGLIDny3dk3hQ8vTmNTLHRl8zxmKgQ0= | 12191.9 | 95.2707 | 13769.9 | 0.99996 | 0.00896403 | 0 | AKM | 0 | 175.803 | 29.6495 | 0 | 1 | 1 | 0 | 0 | 0 | 0 | 1 | camera | Land_Workshop1 | 0.99996 | 0 | 0.00896403 | 0
SCRIPT       : DATA_LOG | 724426 | aRapBi1cCZPZAGLIDny3dk3hQ8vTmNTLHRl8zxmKgQ0= | 12191.9 | 95.2707 | 13769.9 | 0.99996 | 0.00896403 | 0 | AKM | 0 | 175.807 | 29.6524 | 0 | 1 | 1 | 0 | 0 | 0 | 0 | 1 | camera | Land_Workshop1 | 0.99996 | 0 | 0.00896403 | 0
SCRIPT       : DATA_LOG | 725430 | aRapBi1cCZPZAGLIDny3dk3hQ8vTmNTLHRl8zxmKgQ0= | 12191.9 | 95.2707 | 13769.9 | 0.99996 | 0.00896403 | 0 | AKM | 0 | 175.799 | 29.6467 | 0 | 1 | 1 | 0 | 0 | 0 | 0 | 1 | camera | Land_Workshop1 | 0.99996 | 0 | 0.00896403 | 0
SCRIPT       : DATA_LOG | 726432 | aRapBi1cCZPZAGLIDny3dk3hQ8vTmNTLHRl8zxmKgQ0= | 12191.9 | 95.2707 | 13769.9 | 0.99996 | 0.00896403 | 0 | AKM | 0 | 175.809 | 29.6484 | 0 | 1 | 1 | 0 | 0 | 0 | 0 | 1 | camera | Land_Workshop1 | 0.99996 | 0 | 0.00896403 | 0
SCRIPT       : DATA_LOG | 727432 | aRapBi1cCZPZAGLIDny3dk3hQ8vTmNTLHRl8zxmKgQ0= | 12191.9 | 95.2707 | 13769.9 | 0.99996 | 0.00896403 | 0 | AKM | 0 | 175.801 | 29.6486 | 0 | 1 | 1 | 0 | 0 | 0 | 0 | 1 | camera | Land_Workshop1 | 0.99996 | 0 | 0.00896403 | 0
SCRIPT       : DATA_LOG | 728439 | aRapBi1cCZPZAGLIDny3dk3hQ8vTmNTLHRl8zxmKgQ0= | 12191.9 | 95.2707 | 13769.9 | 0.99996 | 0.00896403 | 0 | AKM | 0 | 175.809 | 29.6543 | 0 | 1 | 1 | 0 | 0 | 0 | 0 | 1 | camera | Land_Workshop1 | 0.99996 | 0 | 0.00896403 | 0
SCRIPT       : DATA_LOG | 729439 | aRapBi1cCZPZAGLIDny3dk3hQ8vTmNTLHRl8zxmKgQ0= | 12191.9 | 95.2707 | 13769.9 | 0.99996 | 0.00896403 | 0 | AKM | 0 | 175.814 | 29.6541 | 0 | 1 | 1 | 0 | 0 | 0 | 0 | 1 | camera | Land_Workshop1 | 0.99996 | 0 | 0.00896403 | 0
SCRIPT       : DATA_LOG | 730430 | aRapBi1cCZPZAGLIDny3dk3hQ8vTmNTLHRl8zxmKgQ0= | 12191.9 | 95.2707 | 13769.9 | 0.99996 | 0.00896403 | 0 | AKM | 0 | 175.801 | 29.6496 | 0 | 1 | 1 | 0 | 0 | 0 | 0 | 1 | camera | Land_Workshop1 | 0.99996 | 0 | 0.00896403 | 0
SCRIPT       : DATA_LOG | 731443 | aRapBi1cCZPZAGLIDny3dk3hQ8vTmNTLHRl8zxmKgQ0= | 12191.9 | 95.2707 | 13769.9 | 0.99996 | 0.00896403 | 0 | AKM | 0 | 175.808 | 29.6533 | 0 | 1 | 1 | 0 | 0 | 0 | 0 | 1 | camera | Land_Workshop1 | 0.99996 | 0 | 0.00896403 | 0
SCRIPT       : DATA_LOG | 732434 | aRapBi1cCZPZAGLIDny3dk3hQ8vTmNTLHRl8zxmKgQ0= | 12191.9 | 95.2707 | 13769.9 | 0.99996 | 0.00896403 | 0 | AKM | 0 | 175.799 | 29.6467 | 0 | 1 | 1 | 0 | 0 | 0 | 0 | 1 | camera | Land_Workshop1 | 0.99996 | 0 | 0.00896403 | 0
SCRIPT       : DATA_LOG | 733440 | aRapBi1cCZPZAGLIDny3dk3hQ8vTmNTLHRl8zxmKgQ0= | 12191.9 | 95.2707 | 13769.9 | 0.99996 | 0.00896403 | 0 | AKM | 0 | 175.807 | 29.6475 | 0 | 1 | 1 | 0 | 0 | 0 | 0 | 1 | camera | Land_Workshop1 | 0.99996 | 0 | 0.00896403 | 0
SCRIPT       : DATA_LOG | 734444 | aRapBi1cCZPZAGLIDny3dk3hQ8vTmNTLHRl8zxmKgQ0= | 12191.9 | 95.2707 | 13769.9 | 0.99996 | 0.00896403 | 0 | AKM | 0 | 175.804 | 29.6476 | 0 | 1 | 1 | 0 | 0 | 0 | 0 | 1 | camera | Land_Workshop1 | 0.99996 | 0 | 0.00896403 | 0
SCRIPT       : DATA_LOG | 735437 | aRapBi1cCZPZAGLIDny3dk3hQ8vTmNTLHRl8zxmKgQ0= | 12191.9 | 95.2707 | 13769.9 | 0.99996 | 0.00896403 | 0 | AKM | 0 | 175.803 | 29.6525 | 0 | 1 | 1 | 0 | 0 | 0 | 0 | 1 | camera | Land_Workshop1 | 0.99996 | 0 | 0.00896403 | 0
SCRIPT       : DATA_LOG | 736438 | aRapBi1cCZPZAGLIDny3dk3hQ8vTmNTLHRl8zxmKgQ0= | 12191.9 | 95.2707 | 13769.9 | 0.99996 | 0.00896403 | 0 | AKM | 0 | 175.817 | 29.655 | 0 | 1 | 1 | 0 | 0 | 0 | 0 | 1 | camera | Land_Workshop1 | 0.99996 | 0 | 0.00896403 | 0.
SCRIPT       : DATA_LOG | 737452 | aRapBi1cCZPZAGLIDny3dk3hQ8vTmNTLHRl8zxmKgQ0= | 12191.9 | 95.2707 | 13769.9 | 0.99996 | 0.00896403 | 0 | AKM | 0 | 175.801 | 29.6496 | 0 | 1 | 1 | 0 | 0 | 0 | 0 | 1 | camera | Land_Workshop1 | 0.99996 | 0 | 0.00896403 | 0
SCRIPT       : DATA_LOG | 738450 | aRapBi1cCZPZAGLIDny3dk3hQ8vTmNTLHRl8zxmKgQ0= | 12191.9 | 95.2707 | 13769.9 | 0.99996 | 0.00896403 | 0 | AKM | 0 | 175.809 | 29.6533 | 0 | 1 | 1 | 0 | 0 | 0 | 0 | 1 | camera | Land_Workshop1 | 0.99996 | 0 | 0.00896403 | 0
SCRIPT       : DATA_LOG | 739449 | aRapBi1cCZPZAGLIDny3dk3hQ8vTmNTLHRl8zxmKgQ0= | 12191.9 | 95.2707 | 13769.9 | 0.99996 | 0.00896403 | 0 | AKM | 0 | 175.801 | 29.6467 | 0 | 1 | 1 | 0 | 0 | 0 | 0 | 1 | camera | Land_Workshop1 | 0.99996 | 0 | 0.00896403 | 0
SCRIPT       : DATA_LOG | 740442 | aRapBi1cCZPZAGLIDny3dk3hQ8vTmNTLHRl8zxmKgQ0= | 12191.9 | 95.2707 | 13769.9 | 0.99996 | 0.00896403 | 0 | AKM | 0 | 175.804 | 29.6466 | 0 | 1 | 1 | 0 | 0 | 0 | 0 | 1 | camera | Land_Workshop1 | 0.99996 | 0 | 0.00896403 | 0
SCRIPT       : DATA_LOG | 741447 | aRapBi1cCZPZAGLIDny3dk3hQ8vTmNTLHRl8zxmKgQ0= | 12191.9 | 95.2707 | 13769.9 | 0.99996 | 0.00896403 | 0 | AKM | 0 | 175.809 | 29.6474 | 0 | 1 | 1 | 0 | 0 | 0 | 0 | 1 | camera | Land_Workshop1 | 0.99996 | 0 | 0.00896403 | 0
SCRIPT       : DATA_LOG | 742444 | aRapBi1cCZPZAGLIDny3dk3hQ8vTmNTLHRl8zxmKgQ0= | 12191.9 | 95.2707 | 13769.9 | 0.99996 | 0.00896403 | 0 | AKM | 0 | 175.8 | 29.6506 | 0 | 1 | 1 | 0 | 0 | 0 | 0 | 1 | camera | Land_Workshop1 | 0.99996 | 0 | 0.00896403 | 0.9
SCRIPT       : DATA_LOG | 743452 | aRapBi1cCZPZAGLIDny3dk3hQ8vTmNTLHRl8zxmKgQ0= | 12191.9 | 95.2707 | 13769.9 | 0.99996 | 0.00896403 | 0 | AKM | 0 | 175.819 | 29.6559 | 0 | 1 | 1 | 0 | 0 | 0 | 0 | 1 | camera | Land_Workshop1 | 0.99996 | 0 | 0.00896403 | 0
SCRIPT       : DATA_LOG | 744449 | aRapBi1cCZPZAGLIDny3dk3hQ8vTmNTLHRl8zxmKgQ0= | 12191.9 | 95.2707 | 13769.9 | 0.99996 | 0.00896403 | 0 | AKM | 0 | 175.802 | 29.6506 | 0 | 1 | 1 | 0 | 0 | 0 | 0 | 1 | camera | Land_Workshop1 | 0.99996 | 0 | 0.00896403 | 0
SCRIPT       : DATA_LOG | 745458 | aRapBi1cCZPZAGLIDny3dk3hQ8vTmNTLHRl8zxmKgQ0= | 12191.9 | 95.2707 | 13769.9 | 0.99996 | 0.00896403 | 0 | AKM | 0 | 175.809 | 29.6533 | 0 | 1 | 1 | 0 | 0 | 0 | 0 | 1 | camera | Land_Workshop1 | 0.99996 | 0 | 0.00896403 | 0
SCRIPT       : DATA_LOG | 746456 | aRapBi1cCZPZAGLIDny3dk3hQ8vTmNTLHRl8zxmKgQ0= | 12191.9 | 95.2707 | 13769.9 | 0.99996 | 0.00896403 | 0 | AKM | 0 | 175.802 | 29.6476 | 0 | 1 | 1 | 0 | 0 | 0 | 0 | 1 | camera | Land_Workshop1 | 0.99996 | 0 | 0.00896403 | 0
SCRIPT       : DATA_LOG | 747451 | aRapBi1cCZPZAGLIDny3dk3hQ8vTmNTLHRl8zxmKgQ0= | 12191.9 | 95.2707 | 13769.9 | 0.99996 | 0.00896403 | 0 | AKM | 0 | 175.803 | 29.6466 | 0 | 1 | 1 | 0 | 0 | 0 | 0 | 1 | camera | Land_Workshop1 | 0.99996 | 0 | 0.00896403 | 0
SCRIPT       : DATA_LOG | 748450 | aRapBi1cCZPZAGLIDny3dk3hQ8vTmNTLHRl8zxmKgQ0= | 12191.9 | 95.2707 | 13769.9 | 0.99996 | 0.00896403 | 0 | AKM | 0 | 175.812 | 29.6483 | 0 | 1 | 1 | 0 | 0 | 0 | 0 | 1 | camera | Land_Workshop1 | 0.99996 | 0 | 0.00896403 | 0
SCRIPT       : DATA_LOG | 749453 | aRapBi1cCZPZAGLIDny3dk3hQ8vTmNTLHRl8zxmKgQ0= | 12191.9 | 95.2707 | 13769.9 | 0.99996 | 0.00896403 | 0 | AKM | 0 | 175.799 | 29.6497 | 0 | 1 | 1 | 0 | 0 | 0 | 0 | 1 | camera | Land_Workshop1 | 0.99996 | 0 | 0.00896403 | 0
SCRIPT       : DATA_LOG | 750462 | aRapBi1cCZPZAGLIDny3dk3hQ8vTmNTLHRl8zxmKgQ0= | 12191.9 | 95.2707 | 13769.9 | 0.99996 | 0.00896403 | 0 | AKM | 0 | 175.819 | 29.6559 | 0 | 1 | 1 | 0 | 0 | 0 | 0 | 1 | camera | Land_Workshop1 | 0.99996 | 0 | 0.00896403 | 0
SCRIPT       : DATA_LOG | 751454 | aRapBi1cCZPZAGLIDny3dk3hQ8vTmNTLHRl8zxmKgQ0= | 12191.9 | 95.2707 | 13769.9 | 0.99996 | 0.00896403 | 0 | AKM | 0 | 175.804 | 29.6515 | 0 | 1 | 1 | 0 | 0 | 0 | 0 | 1 | camera | Land_Workshop1 | 0.99996 | 0 | 0.00896403 | 0
SCRIPT       : DATA_LOG | 752461 | aRapBi1cCZPZAGLIDny3dk3hQ8vTmNTLHRl8zxmKgQ0= | 12191.9 | 95.2707 | 13769.9 | 0.99996 | 0.00896403 | 0 | AKM | 0 | 175.808 | 29.6523 | 0 | 1 | 1 | 0 | 0 | 0 | 0 | 1 | camera | Land_Workshop1 | 0.99996 | 0 | 0.00896403 | 0
SCRIPT       : DATA_LOG | 753465 | aRapBi1cCZPZAGLIDny3dk3hQ8vTmNTLHRl8zxmKgQ0= | 12191.9 | 95.2707 | 13769.9 | 0.99996 | 0.00896403 | 0 | AKM | 0 | 175.804 | 29.6485 | 0 | 1 | 1 | 0 | 0 | 0 | 0 | 1 | camera | Land_Workshop1 | 0.99996 | 0 | 0.00896403 | 0
SCRIPT       : DATA_LOG | 754466 | aRapBi1cCZPZAGLIDny3dk3hQ8vTmNTLHRl8zxmKgQ0= | 12191.9 | 95.2707 | 13769.9 | 0.99996 | 0.00896403 | 0 | AKM | 0 | 175.802 | 29.6457 | 0 | 1 | 1 | 0 | 0 | 0 | 0 | 1 | camera | Land_Workshop1 | 0.99996 | 0 | 0.00896403 | 0
SCRIPT       : DATA_LOG | 755468 | aRapBi1cCZPZAGLIDny3dk3hQ8vTmNTLHRl8zxmKgQ0= | 12191.9 | 95.2707 | 13769.9 | 0.99996 | 0.00896403 | 0 | AKM | 0 | 175.812 | 29.6493 | 0 | 1 | 1 | 0 | 0 | 0 | 0 | 1 | camera | Land_Workshop1 | 0.99996 | 0 | 0.00896403 | 0
SCRIPT       : DATA_LOG | 756466 | aRapBi1cCZPZAGLIDny3dk3hQ8vTmNTLHRl8zxmKgQ0= | 12191.9 | 95.2707 | 13769.9 | 0.99996 | 0.00896403 | 0 | AKM | 0 | 175.797 | 29.6497 | 0 | 1 | 1 | 0 | 0 | 0 | 0 | 1 | camera | Land_Workshop1 | 0.99996 | 0 | 0.00896403 | 0
SCRIPT       : DATA_LOG | 757459 | aRapBi1cCZPZAGLIDny3dk3hQ8vTmNTLHRl8zxmKgQ0= | 12191.9 | 95.2707 | 13769.9 | 0.99996 | 0.00896403 | 0 | AKM | 0 | 175.817 | 29.657 | 0 | 1 | 1 | 0 | 0 | 0 | 0 | 1 | camera | Land_Workshop1 | 0.99996 | 0 | 0.00896403 | 0.
SCRIPT       : DATA_LOG | 758460 | aRapBi1cCZPZAGLIDny3dk3hQ8vTmNTLHRl8zxmKgQ0= | 12191.9 | 95.2707 | 13769.9 | 0.99996 | 0.00896403 | 0 | AKM | 0 | 175.807 | 29.6524 | 0 | 1 | 1 | 0 | 0 | 0 | 0 | 1 | camera | Land_Workshop1 | 0.99996 | 0 | 0.00896403 | 0
SCRIPT       : DATA_LOG | 759463 | aRapBi1cCZPZAGLIDny3dk3hQ8vTmNTLHRl8zxmKgQ0= | 12191.9 | 95.2707 | 13769.9 | 0.99996 | 0.00896403 | 0 | AKM | 0 | 175.805 | 29.6505 | 0 | 1 | 1 | 0 | 0 | 0 | 0 | 1 | camera | Land_Workshop1 | 0.99996 | 0 | 0.00896403 | 0
SCRIPT       : DATA_LOG | 760463 | aRapBi1cCZPZAGLIDny3dk3hQ8vTmNTLHRl8zxmKgQ0= | 12191.9 | 95.2707 | 13769.9 | 0.99996 | 0.00896403 | 0 | AKM | 0 | 175.805 | 29.6495 | 0 | 1 | 1 | 0 | 0 | 0 | 0 | 1 | camera | Land_Workshop1 | 0.99996 | 0 | 0.00896403 | 0
SCRIPT       : DATA_LOG | 761473 | aRapBi1cCZPZAGLIDny3dk3hQ8vTmNTLHRl8zxmKgQ0= | 12191.9 | 95.2707 | 13769.9 | 0.99996 | 0.00896403 | 0 | AKM | 0 | 175.801 | 29.6457 | 0 | 1 | 1 | 0 | 0 | 0 | 0 | 1 | camera | Land_Workshop1 | 0.99996 | 0 | 0.00896403 | 0
SCRIPT       : DATA_LOG | 762471 | aRapBi1cCZPZAGLIDny3dk3hQ8vTmNTLHRl8zxmKgQ0= | 12191.9 | 95.2707 | 13769.9 | 0.99996 | 0.00896403 | 0 | AKM | 0 | 175.811 | 29.6493 | 0 | 1 | 1 | 0 | 0 | 0 | 0 | 1 | camera | Land_Workshop1 | 0.99996 | 0 | 0.00896403 | 0
SCRIPT       : DATA_LOG | 763465 | aRapBi1cCZPZAGLIDny3dk3hQ8vTmNTLHRl8zxmKgQ0= | 12191.9 | 95.2707 | 13769.9 | 0.99996 | 0.00896403 | 0 | AKM | 0 | 175.798 | 29.6487 | 0 | 1 | 1 | 0 | 0 | 0 | 0 | 1 | camera | Land_Workshop1 | 0.99996 | 0 | 0.00896403 | 0
SCRIPT       : DATA_LOG | 764468 | aRapBi1cCZPZAGLIDny3dk3hQ8vTmNTLHRl8zxmKgQ0= | 12191.9 | 95.2707 | 13769.9 | 0.99996 | 0.00896403 | 0 | AKM | 0 | 175.814 | 29.6561 | 0 | 1 | 1 | 0 | 0 | 0 | 0 | 1 | camera | Land_Workshop1 | 0.99996 | 0 | 0.00896403 | 0
SCRIPT       : DATA_LOG | 765471 | aRapBi1cCZPZAGLIDny3dk3hQ8vTmNTLHRl8zxmKgQ0= | 12191.9 | 95.2707 | 13769.9 | 0.99996 | 0.00896403 | 0 | AKM | 0 | 175.811 | 29.6532 | 0 | 1 | 1 | 0 | 0 | 0 | 0 | 1 | camera | Land_Workshop1 | 0.99996 | 0 | 0.00896403 | 0
SCRIPT       : DATA_LOG | 766466 | aRapBi1cCZPZAGLIDny3dk3hQ8vTmNTLHRl8zxmKgQ0= | 12191.9 | 95.2707 | 13769.9 | 0.99996 | 0.00896403 | 0 | AKM | 0 | 175.803 | 29.6496 | 0 | 1 | 1 | 0 | 0 | 0 | 0 | 1 | camera | Land_Workshop1 | 0.99996 | 0 | 0.00896403 | 0
SCRIPT       : DATA_LOG | 767472 | aRapBi1cCZPZAGLIDny3dk3hQ8vTmNTLHRl8zxmKgQ0= | 12191.9 | 95.2707 | 13769.9 | 0.99996 | 0.00896403 | 0 | AKM | 0 | 175.807 | 29.6514 | 0 | 1 | 1 | 0 | 0 | 0 | 0 | 1 | camera | Land_Workshop1 | 0.99996 | 0 | 0.00896403 | 0
SCRIPT       : DATA_LOG | 768470 | aRapBi1cCZPZAGLIDny3dk3hQ8vTmNTLHRl8zxmKgQ0= | 12191.9 | 95.2707 | 13769.9 | 0.99996 | 0.00896403 | 0 | AKM | 0 | 175.799 | 29.6467 | 0 | 1 | 1 | 0 | 0 | 0 | 0 | 1 | camera | Land_Workshop1 | 0.99996 | 0 | 0.00896403 | 0
SCRIPT       : DATA_LOG | 769470 | aRapBi1cCZPZAGLIDny3dk3hQ8vTmNTLHRl8zxmKgQ0= | 12191.9 | 95.2707 | 13769.9 | 0.99996 | 0.00896403 | 0 | AKM | 0 | 175.809 | 29.6484 | 0 | 1 | 1 | 0 | 0 | 0 | 0 | 1 | camera | Land_Workshop1 | 0.99996 | 0 | 0.00896403 | 0
SCRIPT       : DATA_LOG | 770475 | aRapBi1cCZPZAGLIDny3dk3hQ8vTmNTLHRl8zxmKgQ0= | 12191.9 | 95.2707 | 13769.9 | 0.99996 | 0.00896403 | 0 | AKM | 0 | 175.801 | 29.6486 | 0 | 1 | 1 | 0 | 0 | 0 | 0 | 1 | camera | Land_Workshop1 | 0.99996 | 0 | 0.00896403 | 0
SCRIPT       : DATA_LOG | 771474 | aRapBi1cCZPZAGLIDny3dk3hQ8vTmNTLHRl8zxmKgQ0= | 12191.9 | 95.2707 | 13769.9 | 0.99996 | 0.00896403 | 0 | AKM | 0 | 175.809 | 29.6543 | 0 | 1 | 1 | 0 | 0 | 0 | 0 | 1 | camera | Land_Workshop1 | 0.99996 | 0 | 0.00896403 | 0
SCRIPT       : DATA_LOG | 772482 | aRapBi1cCZPZAGLIDny3dk3hQ8vTmNTLHRl8zxmKgQ0= | 12191.9 | 95.2707 | 13769.9 | 0.99996 | 0.00896403 | 0 | AKM | 0 | 175.814 | 29.6541 | 0 | 1 | 1 | 0 | 0 | 0 | 0 | 1 | camera | Land_Workshop1 | 0.99996 | 0 | 0.00896403 | 0
SCRIPT       : DATA_LOG | 773480 | aRapBi1cCZPZAGLIDny3dk3hQ8vTmNTLHRl8zxmKgQ0= | 12191.9 | 95.2707 | 13769.9 | 0.99996 | 0.00896403 | 0 | AKM | 0 | 175.801 | 29.6496 | 0 | 1 | 1 | 0 | 0 | 0 | 0 | 1 | camera | Land_Workshop1 | 0.99996 | 0 | 0.00896403 | 0
SCRIPT       : DATA_LOG | 774481 | aRapBi1cCZPZAGLIDny3dk3hQ8vTmNTLHRl8zxmKgQ0= | 12191.9 | 95.2707 | 13769.9 | 0.99996 | 0.00896403 | 0 | AKM | 0 | 175.808 | 29.6533 | 0 | 1 | 1 | 0 | 0 | 0 | 0 | 1 | camera | Land_Workshop1 | 0.99996 | 0 | 0.00896403 | 0
SCRIPT       : DATA_LOG | 775477 | aRapBi1cCZPZAGLIDny3dk3hQ8vTmNTLHRl8zxmKgQ0= | 12191.9 | 95.2707 | 13769.9 | 0.99996 | 0.00896403 | 0 | AKM | 0 | 175.799 | 29.6467 | 0 | 1 | 1 | 0 | 0 | 0 | 0 | 1 | camera | Land_Workshop1 | 0.99996 | 0 | 0.00896403 | 0
SCRIPT       : DATA_LOG | 776481 | aRapBi1cCZPZAGLIDny3dk3hQ8vTmNTLHRl8zxmKgQ0= | 12191.9 | 95.2707 | 13769.9 | 0.99996 | 0.00896403 | 0 | AKM | 0 | 175.807 | 29.6475 | 0 | 1 | 1 | 0 | 0 | 0 | 0 | 1 | camera | Land_Workshop1 | 0.99996 | 0 | 0.00896403 | 0
SCRIPT       : DATA_LOG | 777485 | aRapBi1cCZPZAGLIDny3dk3hQ8vTmNTLHRl8zxmKgQ0= | 12191.9 | 95.2707 | 13769.9 | 0.99996 | 0.00896403 | 0 | AKM | 0 | 175.804 | 29.6475 | 0 | 1 | 1 | 0 | 0 | 0 | 0 | 1 | camera | Land_Workshop1 | 0.99996 | 0 | 0.00896403 | 0
SCRIPT       : DATA_LOG | 778482 | aRapBi1cCZPZAGLIDny3dk3hQ8vTmNTLHRl8zxmKgQ0= | 12191.9 | 95.2707 | 13769.9 | 0.99996 | 0.00896403 | 0 | AKM | 0 | 175.804 | 29.6525 | 0 | 1 | 1 | 0 | 0 | 0 | 0 | 1 | camera | Land_Workshop1 | 0.99996 | 0 | 0.00896403 | 0
SCRIPT       : DATA_LOG | 779484 | aRapBi1cCZPZAGLIDny3dk3hQ8vTmNTLHRl8zxmKgQ0= | 12191.9 | 95.2707 | 13769.9 | 0.99996 | 0.00896403 | 0 | AKM | 0 | 175.817 | 29.655 | 0 | 1 | 1 | 0 | 0 | 0 | 0 | 1 | camera | Land_Workshop1 | 0.99996 | 0 | 0.00896403 | 0.
SCRIPT       : DATA_LOG | 780484 | aRapBi1cCZPZAGLIDny3dk3hQ8vTmNTLHRl8zxmKgQ0= | 12191.9 | 95.2707 | 13769.9 | 0.99996 | 0.00896403 | 0 | AKM | 0 | 175.801 | 29.6496 | 0 | 1 | 1 | 0 | 0 | 0 | 0 | 1 | camera | Land_Workshop1 | 0.99996 | 0 | 0.00896403 | 0
SCRIPT       : DATA_LOG | 781485 | aRapBi1cCZPZAGLIDny3dk3hQ8vTmNTLHRl8zxmKgQ0= | 12191.9 | 95.2707 | 13769.9 | 0.99996 | 0.00896403 | 0 | AKM | 0 | 175.809 | 29.6533 | 0 | 1 | 1 | 0 | 0 | 0 | 0 | 1 | camera | Land_Workshop1 | 0.99996 | 0 | 0.00896403 | 0
SCRIPT       : DATA_LOG | 782486 | aRapBi1cCZPZAGLIDny3dk3hQ8vTmNTLHRl8zxmKgQ0= | 12191.9 | 95.2707 | 13769.9 | 0.99996 | 0.00896403 | 0 | AKM | 0 | 175.8 | 29.6467 | 0 | 1 | 1 | 0 | 0 | 0 | 0 | 1 | camera | Land_Workshop1 | 0.99996 | 0 | 0.00896403 | 0.9
SCRIPT       : DATA_LOG | 783490 | aRapBi1cCZPZAGLIDny3dk3hQ8vTmNTLHRl8zxmKgQ0= | 12191.9 | 95.2707 | 13769.9 | 0.99996 | 0.00896403 | 0 | AKM | 0 | 175.806 | 29.6465 | 0 | 1 | 1 | 0 | 0 | 0 | 0 | 1 | camera | Land_Workshop1 | 0.99996 | 0 | 0.00896403 | 0
SCRIPT       : DATA_LOG | 784496 | aRapBi1cCZPZAGLIDny3dk3hQ8vTmNTLHRl8zxmKgQ0= | 12191.9 | 95.2707 | 13769.9 | 0.99996 | 0.00896403 | 0 | AKM | 0 | 175.808 | 29.6474 | 0 | 1 | 1 | 0 | 0 | 0 | 0 | 1 | camera | Land_Workshop1 | 0.99996 | 0 | 0.00896403 | 0
SCRIPT       : DATA_LOG | 785488 | aRapBi1cCZPZAGLIDny3dk3hQ8vTmNTLHRl8zxmKgQ0= | 12191.9 | 95.2707 | 13769.9 | 0.99996 | 0.00896403 | 0 | AKM | 0 | 175.801 | 29.6516 | 0 | 1 | 1 | 0 | 0 | 0 | 0 | 1 | camera | Land_Workshop1 | 0.99996 | 0 | 0.00896403 | 0
SCRIPT       : DATA_LOG | 786492 | aRapBi1cCZPZAGLIDny3dk3hQ8vTmNTLHRl8zxmKgQ0= | 12191.9 | 95.2707 | 13769.9 | 0.99996 | 0.00896403 | 0 | AKM | 0 | 175.818 | 29.656 | 0 | 1 | 1 | 0 | 0 | 0 | 0 | 1 | camera | Land_Workshop1 | 0.99996 | 0 | 0.00896403 | 0.
SCRIPT       : DATA_LOG | 787493 | aRapBi1cCZPZAGLIDny3dk3hQ8vTmNTLHRl8zxmKgQ0= | 12191.9 | 95.2707 | 13769.9 | 0.99996 | 0.00896403 | 0 | AKM | 0 | 175.801 | 29.6506 | 0 | 1 | 1 | 0 | 0 | 0 | 0 | 1 | camera | Land_Workshop1 | 0.99996 | 0 | 0.00896403 | 0
SCRIPT       : DATA_LOG | 788493 | aRapBi1cCZPZAGLIDny3dk3hQ8vTmNTLHRl8zxmKgQ0= | 12191.9 | 95.2707 | 13769.9 | 0.99996 | 0.00896403 | 0 | AKM | 0 | 175.809 | 29.6533 | 0 | 1 | 1 | 0 | 0 | 0 | 0 | 1 | camera | Land_Workshop1 | 0.99996 | 0 | 0.00896403 | 0
SCRIPT       : DATA_LOG | 789492 | aRapBi1cCZPZAGLIDny3dk3hQ8vTmNTLHRl8zxmKgQ0= | 12191.9 | 95.2707 | 13769.9 | 0.99996 | 0.00896403 | 0 | AKM | 0 | 175.802 | 29.6476 | 0 | 1 | 1 | 0 | 0 | 0 | 0 | 1 | camera | Land_Workshop1 | 0.99996 | 0 | 0.00896403 | 0
SCRIPT       : DATA_LOG | 790505 | aRapBi1cCZPZAGLIDny3dk3hQ8vTmNTLHRl8zxmKgQ0= | 12191.9 | 95.2707 | 13769.9 | 0.99996 | 0.00896403 | 0 | AKM | 0 | 175.804 | 29.6466 | 0 | 1 | 1 | 0 | 0 | 0 | 0 | 1 | camera | Land_Workshop1 | 0.99996 | 0 | 0.00896403 | 0
SCRIPT       : DATA_LOG | 791498 | aRapBi1cCZPZAGLIDny3dk3hQ8vTmNTLHRl8zxmKgQ0= | 12191.9 | 95.2707 | 13769.9 | 0.99996 | 0.00896403 | 0 | AKM | 0 | 175.812 | 29.6483 | 0 | 1 | 1 | 0 | 0 | 0 | 0 | 1 | camera | Land_Workshop1 | 0.99996 | 0 | 0.00896403 | 0
SCRIPT       : DATA_LOG | 792502 | aRapBi1cCZPZAGLIDny3dk3hQ8vTmNTLHRl8zxmKgQ0= | 12191.9 | 95.2707 | 13769.9 | 0.99996 | 0.00896403 | 0 | AKM | 0 | 175.799 | 29.6507 | 0 | 1 | 1 | 0 | 0 | 0 | 0 | 1 | camera | Land_Workshop1 | 0.99996 | 0 | 0.00896403 | 0
SCRIPT       : DATA_LOG | 793498 | aRapBi1cCZPZAGLIDny3dk3hQ8vTmNTLHRl8zxmKgQ0= | 12191.9 | 95.2707 | 13769.9 | 0.99996 | 0.00896403 | 0 | AKM | 0 | 175.819 | 29.6559 | 0 | 1 | 1 | 0 | 0 | 0 | 0 | 1 | camera | Land_Workshop1 | 0.99996 | 0 | 0.00896403 | 0
SCRIPT       : DATA_LOG | 794501 | aRapBi1cCZPZAGLIDny3dk3hQ8vTmNTLHRl8zxmKgQ0= | 12191.9 | 95.2707 | 13769.9 | 0.99996 | 0.00896403 | 0 | AKM | 0 | 175.803 | 29.6515 | 0 | 1 | 1 | 0 | 0 | 0 | 0 | 1 | camera | Land_Workshop1 | 0.99996 | 0 | 0.00896403 | 0
SCRIPT       : DATA_LOG | 795500 | aRapBi1cCZPZAGLIDny3dk3hQ8vTmNTLHRl8zxmKgQ0= | 12191.9 | 95.2707 | 13769.9 | 0.99996 | 0.00896403 | 0 | AKM | 0 | 175.808 | 29.6523 | 0 | 1 | 1 | 0 | 0 | 0 | 0 | 1 | camera | Land_Workshop1 | 0.99996 | 0 | 0.00896403 | 0
SCRIPT       : DATA_LOG | 796506 | aRapBi1cCZPZAGLIDny3dk3hQ8vTmNTLHRl8zxmKgQ0= | 12191.9 | 95.2707 | 13769.9 | 0.99996 | 0.00896403 | 0 | AKM | 0 | 175.803 | 29.6476 | 0 | 1 | 1 | 0 | 0 | 0 | 0 | 1 | camera | Land_Workshop1 | 0.99996 | 0 | 0.00896403 | 0
SCRIPT       : DATA_LOG | 797504 | aRapBi1cCZPZAGLIDny3dk3hQ8vTmNTLHRl8zxmKgQ0= | 12191.9 | 95.2707 | 13769.9 | 0.99996 | 0.00896403 | 0 | AKM | 0 | 175.802 | 29.6457 | 0 | 1 | 1 | 0 | 0 | 0 | 0 | 1 | camera | Land_Workshop1 | 0.99996 | 0 | 0.00896403 | 0
SCRIPT       : DATA_LOG | 798504 | aRapBi1cCZPZAGLIDny3dk3hQ8vTmNTLHRl8zxmKgQ0= | 12191.9 | 95.2707 | 13769.9 | 0.99996 | 0.00896403 | 0 | AKM | 0 | 175.813 | 29.6493 | 0 | 1 | 1 | 0 | 0 | 0 | 0 | 1 | camera | Land_Workshop1 | 0.99996 | 0 | 0.00896403 | 0
SCRIPT       : DATA_LOG | 799505 | aRapBi1cCZPZAGLIDny3dk3hQ8vTmNTLHRl8zxmKgQ0= | 12191.9 | 95.2707 | 13769.9 | 0.99996 | 0.00896403 | 0 | AKM | 0 | 175.797 | 29.6497 | 0 | 1 | 1 | 0 | 0 | 0 | 0 | 1 | camera | Land_Workshop1 | 0.99996 | 0 | 0.00896403 | 0
SCRIPT       : DATA_LOG | 800509 | aRapBi1cCZPZAGLIDny3dk3hQ8vTmNTLHRl8zxmKgQ0= | 12191.9 | 95.2707 | 13769.9 | 0.99996 | 0.00896403 | 0 | AKM | 0 | 175.818 | 29.6569 | 0 | 1 | 1 | 0 | 0 | 0 | 0 | 1 | camera | Land_Workshop1 | 0.99996 | 0 | 0.00896403 | 0
SCRIPT       : DATA_LOG | 801510 | aRapBi1cCZPZAGLIDny3dk3hQ8vTmNTLHRl8zxmKgQ0= | 12191.9 | 95.2707 | 13769.9 | 0.99996 | 0.00896403 | 0 | AKM | 0 | 175.807 | 29.6524 | 0 | 1 | 1 | 0 | 0 | 0 | 0 | 1 | camera | Land_Workshop1 | 0.99996 | 0 | 0.00896403 | 0
SCRIPT       : DATA_LOG | 802508 | aRapBi1cCZPZAGLIDny3dk3hQ8vTmNTLHRl8zxmKgQ0= | 12191.9 | 95.2707 | 13769.9 | 0.99996 | 0.00896403 | 0 | AKM | 0 | 175.806 | 29.6514 | 0 | 1 | 1 | 0 | 0 | 0 | 0 | 1 | camera | Land_Workshop1 | 0.99996 | 0 | 0.00896403 | 0
SCRIPT       : DATA_LOG | 803516 | aRapBi1cCZPZAGLIDny3dk3hQ8vTmNTLHRl8zxmKgQ0= | 12191.9 | 95.2707 | 13769.9 | 0.99996 | 0.00896403 | 0 | AKM | 0 | 175.805 | 29.6495 | 0 | 1 | 1 | 0 | 0 | 0 | 0 | 1 | camera | Land_Workshop1 | 0.99996 | 0 | 0.00896403 | 0
SCRIPT       : DATA_LOG | 804518 | aRapBi1cCZPZAGLIDny3dk3hQ8vTmNTLHRl8zxmKgQ0= | 12191.9 | 95.2707 | 13769.9 | 0.99996 | 0.00896403 | 0 | AKM | 0 | 175.801 | 29.6457 | 0 | 1 | 1 | 0 | 0 | 0 | 0 | 1 | camera | Land_Workshop1 | 0.99996 | 0 | 0.00896403 | 0
SCRIPT       : DATA_LOG | 805514 | aRapBi1cCZPZAGLIDny3dk3hQ8vTmNTLHRl8zxmKgQ0= | 12191.9 | 95.2707 | 13769.9 | 0.99996 | 0.00896403 | 0 | AKM | 0 | 175.811 | 29.6493 | 0 | 1 | 1 | 0 | 0 | 0 | 0 | 1 | camera | Land_Workshop1 | 0.99996 | 0 | 0.00896403 | 0
SCRIPT       : DATA_LOG | 806522 | aRapBi1cCZPZAGLIDny3dk3hQ8vTmNTLHRl8zxmKgQ0= | 12191.9 | 95.2707 | 13769.9 | 0.99996 | 0.00896403 | 0 | AKM | 0 | 175.798 | 29.6487 | 0 | 1 | 1 | 0 | 0 | 0 | 0 | 1 | camera | Land_Workshop1 | 0.99996 | 0 | 0.00896403 | 0
SCRIPT       : DATA_LOG | 807513 | aRapBi1cCZPZAGLIDny3dk3hQ8vTmNTLHRl8zxmKgQ0= | 12191.9 | 95.2707 | 13769.9 | 0.99996 | 0.00896403 | 0 | AKM | 0 | 175.814 | 29.6561 | 0 | 1 | 1 | 0 | 0 | 0 | 0 | 1 | camera | Land_Workshop1 | 0.99996 | 0 | 0.00896403 | 0
SCRIPT       : DATA_LOG | 808513 | aRapBi1cCZPZAGLIDny3dk3hQ8vTmNTLHRl8zxmKgQ0= | 12191.9 | 95.2707 | 13769.9 | 0.99996 | 0.00896403 | 0 | AKM | 0 | 175.81 | 29.6533 | 0 | 1 | 1 | 0 | 0 | 0 | 0 | 1 | camera | Land_Workshop1 | 0.99996 | 0 | 0.00896403 | 0.
SCRIPT       : DATA_LOG | 809520 | aRapBi1cCZPZAGLIDny3dk3hQ8vTmNTLHRl8zxmKgQ0= | 12191.9 | 95.2707 | 13769.9 | 0.99996 | 0.00896403 | 0 | AKM | 0 | 175.803 | 29.6496 | 0 | 1 | 1 | 0 | 0 | 0 | 0 | 1 | camera | Land_Workshop1 | 0.99996 | 0 | 0.00896403 | 0
SCRIPT       : DATA_LOG | 810519 | aRapBi1cCZPZAGLIDny3dk3hQ8vTmNTLHRl8zxmKgQ0= | 12191.9 | 95.2707 | 13769.9 | 0.99996 | 0.00896403 | 0 | AKM | 0 | 175.807 | 29.6514 | 0 | 1 | 1 | 0 | 0 | 0 | 0 | 1 | camera | Land_Workshop1 | 0.99996 | 0 | 0.00896403 | 0
SCRIPT       : DATA_LOG | 811520 | aRapBi1cCZPZAGLIDny3dk3hQ8vTmNTLHRl8zxmKgQ0= | 12191.9 | 95.2707 | 13769.9 | 0.99996 | 0.00896403 | 0 | AKM | 0 | 175.799 | 29.6467 | 0 | 1 | 1 | 0 | 0 | 0 | 0 | 1 | camera | Land_Workshop1 | 0.99996 | 0 | 0.00896403 | 0
SCRIPT       : DATA_LOG | 812518 | aRapBi1cCZPZAGLIDny3dk3hQ8vTmNTLHRl8zxmKgQ0= | 12191.9 | 95.2707 | 13769.9 | 0.99996 | 0.00896403 | 0 | AKM | 0 | 175.81 | 29.6484 | 0 | 1 | 1 | 0 | 0 | 0 | 0 | 1 | camera | Land_Workshop1 | 0.99996 | 0 | 0.00896403 | 0.
SCRIPT       : DATA_LOG | 813530 | aRapBi1cCZPZAGLIDny3dk3hQ8vTmNTLHRl8zxmKgQ0= | 12191.9 | 95.2707 | 13769.9 | 0.99996 | 0.00896403 | 0 | AKM | 0 | 175.8 | 29.6486 | 0 | 1 | 1 | 0 | 0 | 0 | 0 | 1 | camera | Land_Workshop1 | 0.99996 | 0 | 0.00896403 | 0.9
SCRIPT       : DATA_LOG | 814522 | aRapBi1cCZPZAGLIDny3dk3hQ8vTmNTLHRl8zxmKgQ0= | 12191.9 | 95.2707 | 13769.9 | 0.99996 | 0.00896403 | 0 | AKM | 0 | 175.811 | 29.6552 | 0 | 1 | 1 | 0 | 0 | 0 | 0 | 1 | camera | Land_Workshop1 | 0.99996 | 0 | 0.00896403 | 0
SCRIPT       : DATA_LOG | 815522 | aRapBi1cCZPZAGLIDny3dk3hQ8vTmNTLHRl8zxmKgQ0= | 12191.9 | 95.2707 | 13769.9 | 0.99996 | 0.00896403 | 0 | AKM | 0 | 175.813 | 29.6542 | 0 | 1 | 1 | 0 | 0 | 0 | 0 | 1 | camera | Land_Workshop1 | 0.99996 | 0 | 0.00896403 | 0
SCRIPT       : DATA_LOG | 816532 | aRapBi1cCZPZAGLIDny3dk3hQ8vTmNTLHRl8zxmKgQ0= | 12191.9 | 95.2707 | 13769.9 | 0.99996 | 0.00896403 | 0 | AKM | 0 | 175.802 | 29.6496 | 0 | 1 | 1 | 0 | 0 | 0 | 0 | 1 | camera | Land_Workshop1 | 0.99996 | 0 | 0.00896403 | 0
SCRIPT       : DATA_LOG | 817525 | aRapBi1cCZPZAGLIDny3dk3hQ8vTmNTLHRl8zxmKgQ0= | 12191.9 | 95.2707 | 13769.9 | 0.99996 | 0.00896403 | 0 | AKM | 0 | 175.807 | 29.6524 | 0 | 1 | 1 | 0 | 0 | 0 | 0 | 1 | camera | Land_Workshop1 | 0.99996 | 0 | 0.00896403 | 0
SCRIPT       : DATA_LOG | 818524 | aRapBi1cCZPZAGLIDny3dk3hQ8vTmNTLHRl8zxmKgQ0= | 12191.9 | 95.2707 | 13769.9 | 0.99996 | 0.00896403 | 0 | AKM | 0 | 175.799 | 29.6467 | 0 | 1 | 1 | 0 | 0 | 0 | 0 | 1 | camera | Land_Workshop1 | 0.99996 | 0 | 0.00896403 | 0
SCRIPT       : DATA_LOG | 819527 | aRapBi1cCZPZAGLIDny3dk3hQ8vTmNTLHRl8zxmKgQ0= | 12191.9 | 95.2707 | 13769.9 | 0.99996 | 0.00896403 | 0 | AKM | 0 | 175.808 | 29.6475 | 0 | 1 | 1 | 0 | 0 | 0 | 0 | 1 | camera | Land_Workshop1 | 0.99996 | 0 | 0.00896403 | 0
SCRIPT       : DATA_LOG | 820528 | aRapBi1cCZPZAGLIDny3dk3hQ8vTmNTLHRl8zxmKgQ0= | 12191.9 | 95.2707 | 13769.9 | 0.99996 | 0.00896403 | 0 | AKM | 0 | 175.803 | 29.6476 | 0 | 1 | 1 | 0 | 0 | 0 | 0 | 1 | camera | Land_Workshop1 | 0.99996 | 0 | 0.00896403 | 0
SCRIPT       : DATA_LOG | 821529 | aRapBi1cCZPZAGLIDny3dk3hQ8vTmNTLHRl8zxmKgQ0= | 12191.9 | 95.2707 | 13769.9 | 0.99996 | 0.00896403 | 0 | AKM | 0 | 175.805 | 29.6534 | 0 | 1 | 1 | 0 | 0 | 0 | 0 | 1 | camera | Land_Workshop1 | 0.99996 | 0 | 0.00896403 | 0
SCRIPT       : DATA_LOG | 822532 | aRapBi1cCZPZAGLIDny3dk3hQ8vTmNTLHRl8zxmKgQ0= | 12191.9 | 95.2707 | 13769.9 | 0.99996 | 0.00896403 | 0 | AKM | 0 | 175.816 | 29.655 | 0 | 1 | 1 | 0 | 0 | 0 | 0 | 1 | camera | Land_Workshop1 | 0.99996 | 0 | 0.00896403 | 0.
SCRIPT       : DATA_LOG | 823537 | aRapBi1cCZPZAGLIDny3dk3hQ8vTmNTLHRl8zxmKgQ0= | 12191.9 | 95.2707 | 13769.9 | 0.99996 | 0.00896403 | 0 | AKM | 0 | 175.801 | 29.6496 | 0 | 1 | 1 | 0 | 0 | 0 | 0 | 1 | camera | Land_Workshop1 | 0.99996 | 0 | 0.00896403 | 0
SCRIPT       : DATA_LOG | 824531 | aRapBi1cCZPZAGLIDny3dk3hQ8vTmNTLHRl8zxmKgQ0= | 12191.9 | 95.2707 | 13769.9 | 0.99996 | 0.00896403 | 0 | AKM | 0 | 175.809 | 29.6533 | 0 | 1 | 1 | 0 | 0 | 0 | 0 | 1 | camera | Land_Workshop1 | 0.99996 | 0 | 0.00896403 | 0
SCRIPT       : DATA_LOG | 825540 | aRapBi1cCZPZAGLIDny3dk3hQ8vTmNTLHRl8zxmKgQ0= | 12191.9 | 95.2707 | 13769.9 | 0.99996 | 0.00896403 | 0 | AKM | 0 | 175.8 | 29.6467 | 0 | 1 | 1 | 0 | 0 | 0 | 0 | 1 | camera | Land_Workshop1 | 0.99996 | 0 | 0.00896403 | 0.9
SCRIPT       : DATA_LOG | 826532 | aRapBi1cCZPZAGLIDny3dk3hQ8vTmNTLHRl8zxmKgQ0= | 12191.9 | 95.2707 | 13769.9 | 0.99996 | 0.00896403 | 0 | AKM | 0 | 175.806 | 29.6465 | 0 | 1 | 1 | 0 | 0 | 0 | 0 | 1 | camera | Land_Workshop1 | 0.99996 | 0 | 0.00896403 | 0
SCRIPT       : DATA_LOG | 827541 | aRapBi1cCZPZAGLIDny3dk3hQ8vTmNTLHRl8zxmKgQ0= | 12191.9 | 95.2707 | 13769.9 | 0.99996 | 0.00896403 | 0 | AKM | 0 | 175.807 | 29.6475 | 0 | 1 | 1 | 0 | 0 | 0 | 0 | 1 | camera | Land_Workshop1 | 0.99996 | 0 | 0.00896403 | 0
SCRIPT       : DATA_LOG | 828537 | aRapBi1cCZPZAGLIDny3dk3hQ8vTmNTLHRl8zxmKgQ0= | 12191.9 | 95.2707 | 13769.9 | 0.99996 | 0.00896403 | 0 | AKM | 0 | 175.803 | 29.6515 | 0 | 1 | 1 | 0 | 0 | 0 | 0 | 1 | camera | Land_Workshop1 | 0.99996 | 0 | 0.00896403 | 0
SCRIPT       : DATA_LOG | 829544 | aRapBi1cCZPZAGLIDny3dk3hQ8vTmNTLHRl8zxmKgQ0= | 12191.9 | 95.2707 | 13769.9 | 0.99996 | 0.00896403 | 0 | AKM | 0 | 175.818 | 29.656 | 0 | 1 | 1 | 0 | 0 | 0 | 0 | 1 | camera | Land_Workshop1 | 0.99996 | 0 | 0.00896403 | 0.
SCRIPT       : DATA_LOG | 830544 | aRapBi1cCZPZAGLIDny3dk3hQ8vTmNTLHRl8zxmKgQ0= | 12191.9 | 95.2707 | 13769.9 | 0.99996 | 0.00896403 | 0 | AKM | 0 | 175.801 | 29.6496 | 0 | 1 | 1 | 0 | 0 | 0 | 0 | 1 | camera | Land_Workshop1 | 0.99996 | 0 | 0.00896403 | 0
SCRIPT       : DATA_LOG | 831537 | aRapBi1cCZPZAGLIDny3dk3hQ8vTmNTLHRl8zxmKgQ0= | 12191.9 | 95.2707 | 13769.9 | 0.99996 | 0.00896403 | 0 | AKM | 0 | 175.809 | 29.6533 | 0 | 1 | 1 | 0 | 0 | 0 | 0 | 1 | camera | Land_Workshop1 | 0.99996 | 0 | 0.00896403 | 0
SCRIPT       : DATA_LOG | 832540 | aRapBi1cCZPZAGLIDny3dk3hQ8vTmNTLHRl8zxmKgQ0= | 12191.9 | 95.2707 | 13769.9 | 0.99996 | 0.00896403 | 0 | AKM | 0 | 175.801 | 29.6476 | 0 | 1 | 1 | 0 | 0 | 0 | 0 | 1 | camera | Land_Workshop1 | 0.99996 | 0 | 0.00896403 | 0
SCRIPT       : DATA_LOG | 833548 | aRapBi1cCZPZAGLIDny3dk3hQ8vTmNTLHRl8zxmKgQ0= | 12191.9 | 95.2707 | 13769.9 | 0.99996 | 0.00896403 | 0 | AKM | 0 | 175.804 | 29.6466 | 0 | 1 | 1 | 0 | 0 | 0 | 0 | 1 | camera | Land_Workshop1 | 0.99996 | 0 | 0.00896403 | 0
SCRIPT       : DATA_LOG | 834541 | aRapBi1cCZPZAGLIDny3dk3hQ8vTmNTLHRl8zxmKgQ0= | 12191.9 | 95.2707 | 13769.9 | 0.99996 | 0.00896403 | 0 | AKM | 0 | 175.811 | 29.6483 | 0 | 1 | 1 | 0 | 0 | 0 | 0 | 1 | camera | Land_Workshop1 | 0.99996 | 0 | 0.00896403 | 0
SCRIPT       : DATA_LOG | 835555 | aRapBi1cCZPZAGLIDny3dk3hQ8vTmNTLHRl8zxmKgQ0= | 12191.9 | 95.2707 | 13769.9 | 0.99996 | 0.00896403 | 0 | AKM | 0 | 175.8 | 29.6506 | 0 | 1 | 1 | 0 | 0 | 0 | 0 | 1 | camera | Land_Workshop1 | 0.99996 | 0 | 0.00896403 | 0.9
SCRIPT       : DATA_LOG | 836551 | aRapBi1cCZPZAGLIDny3dk3hQ8vTmNTLHRl8zxmKgQ0= | 12191.9 | 95.2707 | 13769.9 | 0.99996 | 0.00896403 | 0 | AKM | 0 | 175.819 | 29.6559 | 0 | 1 | 1 | 0 | 0 | 0 | 0 | 1 | camera | Land_Workshop1 | 0.99996 | 0 | 0.00896403 | 0
SCRIPT       : DATA_LOG | 837552 | aRapBi1cCZPZAGLIDny3dk3hQ8vTmNTLHRl8zxmKgQ0= | 12191.9 | 95.2707 | 13769.9 | 0.99996 | 0.00896403 | 0 | AKM | 0 | 175.802 | 29.6506 | 0 | 1 | 1 | 0 | 0 | 0 | 0 | 1 | camera | Land_Workshop1 | 0.99996 | 0 | 0.00896403 | 0
SCRIPT       : DATA_LOG | 838559 | aRapBi1cCZPZAGLIDny3dk3hQ8vTmNTLHRl8zxmKgQ0= | 12191.9 | 95.2707 | 13769.9 | 0.99996 | 0.00896403 | 0 | AKM | 0 | 175.808 | 29.6533 | 0 | 1 | 1 | 0 | 0 | 0 | 0 | 1 | camera | Land_Workshop1 | 0.99996 | 0 | 0.00896403 | 0
SCRIPT       : DATA_LOG | 839556 | aRapBi1cCZPZAGLIDny3dk3hQ8vTmNTLHRl8zxmKgQ0= | 12191.9 | 95.2707 | 13769.9 | 0.99996 | 0.00896403 | 0 | AKM | 0 | 175.803 | 29.6476 | 0 | 1 | 1 | 0 | 0 | 0 | 0 | 1 | camera | Land_Workshop1 | 0.99996 | 0 | 0.00896403 | 0
SCRIPT       : DATA_LOG | 840559 | aRapBi1cCZPZAGLIDny3dk3hQ8vTmNTLHRl8zxmKgQ0= | 12191.9 | 95.2707 | 13769.9 | 0.99996 | 0.00896403 | 0 | AKM | 0 | 175.803 | 29.6456 | 0 | 1 | 1 | 0 | 0 | 0 | 0 | 1 | camera | Land_Workshop1 | 0.99996 | 0 | 0.00896403 | 0
SCRIPT       : DATA_LOG | 841559 | aRapBi1cCZPZAGLIDny3dk3hQ8vTmNTLHRl8zxmKgQ0= | 12191.9 | 95.2707 | 13769.9 | 0.99996 | 0.00896403 | 0 | AKM | 0 | 175.813 | 29.6493 | 0 | 1 | 1 | 0 | 0 | 0 | 0 | 1 | camera | Land_Workshop1 | 0.99996 | 0 | 0.00896403 | 0
SCRIPT       : DATA_LOG | 842565 | aRapBi1cCZPZAGLIDny3dk3hQ8vTmNTLHRl8zxmKgQ0= | 12191.9 | 95.2707 | 13769.9 | 0.99996 | 0.00896403 | 0 | AKM | 0 | 175.798 | 29.6497 | 0 | 1 | 1 | 0 | 0 | 0 | 0 | 1 | camera | Land_Workshop1 | 0.99996 | 0 | 0.00896403 | 0
SCRIPT       : DATA_LOG | 843569 | aRapBi1cCZPZAGLIDny3dk3hQ8vTmNTLHRl8zxmKgQ0= | 12191.9 | 95.2707 | 13769.9 | 0.99996 | 0.00896403 | 0 | AKM | 0 | 175.819 | 29.6569 | 0 | 1 | 1 | 0 | 0 | 0 | 0 | 1 | camera | Land_Workshop1 | 0.99996 | 0 | 0.00896403 | 0
SCRIPT       : DATA_LOG | 844561 | aRapBi1cCZPZAGLIDny3dk3hQ8vTmNTLHRl8zxmKgQ0= | 12191.9 | 95.2707 | 13769.9 | 0.99996 | 0.00896403 | 0 | AKM | 0 | 175.805 | 29.6515 | 0 | 1 | 1 | 0 | 0 | 0 | 0 | 1 | camera | Land_Workshop1 | 0.99996 | 0 | 0.00896403 | 0
SCRIPT       : DATA_LOG | 845568 | aRapBi1cCZPZAGLIDny3dk3hQ8vTmNTLHRl8zxmKgQ0= | 12191.9 | 95.2707 | 13769.9 | 0.99996 | 0.00896403 | 0 | AKM | 0 | 175.807 | 29.6514 | 0 | 1 | 1 | 0 | 0 | 0 | 0 | 1 | camera | Land_Workshop1 | 0.99996 | 0 | 0.00896403 | 0
SCRIPT       : DATA_LOG | 846567 | aRapBi1cCZPZAGLIDny3dk3hQ8vTmNTLHRl8zxmKgQ0= | 12191.9 | 95.2707 | 13769.9 | 0.99996 | 0.00896403 | 0 | AKM | 0 | 175.804 | 29.6486 | 0 | 1 | 1 | 0 | 0 | 0 | 0 | 1 | camera | Land_Workshop1 | 0.99996 | 0 | 0.00896403 | 0
SCRIPT       : DATA_LOG | 847561 | aRapBi1cCZPZAGLIDny3dk3hQ8vTmNTLHRl8zxmKgQ0= | 12191.9 | 95.2707 | 13769.9 | 0.99996 | 0.00896403 | 0 | AKM | 0 | 175.801 | 29.6457 | 0 | 1 | 1 | 0 | 0 | 0 | 0 | 1 | camera | Land_Workshop1 | 0.99996 | 0 | 0.00896403 | 0
SCRIPT       : DATA_LOG | 848570 | aRapBi1cCZPZAGLIDny3dk3hQ8vTmNTLHRl8zxmKgQ0= | 12191.9 | 95.2707 | 13769.9 | 0.99996 | 0.00896403 | 0 | AKM | 0 | 175.812 | 29.6493 | 0 | 1 | 1 | 0 | 0 | 0 | 0 | 1 | camera | Land_Workshop1 | 0.99996 | 0 | 0.00896403 | 0
SCRIPT       : DATA_LOG | 849564 | aRapBi1cCZPZAGLIDny3dk3hQ8vTmNTLHRl8zxmKgQ0= | 12191.9 | 95.2707 | 13769.9 | 0.99996 | 0.00896403 | 0 | AKM | 0 | 175.798 | 29.6487 | 0 | 1 | 1 | 0 | 0 | 0 | 0 | 1 | camera | Land_Workshop1 | 0.99996 | 0 | 0.00896403 | 0
SCRIPT       : DATA_LOG | 850567 | aRapBi1cCZPZAGLIDny3dk3hQ8vTmNTLHRl8zxmKgQ0= | 12191.9 | 95.2707 | 13769.9 | 0.99996 | 0.00896403 | 0 | AKM | 0 | 175.816 | 29.656 | 0 | 1 | 1 | 0 | 0 | 0 | 0 | 1 | camera | Land_Workshop1 | 0.99996 | 0 | 0.00896403 | 0.
SCRIPT       : DATA_LOG | 851566 | aRapBi1cCZPZAGLIDny3dk3hQ8vTmNTLHRl8zxmKgQ0= | 12191.9 | 95.2707 | 13769.9 | 0.99996 | 0.00896403 | 0 | AKM | 0 | 175.809 | 29.6533 | 0 | 1 | 1 | 0 | 0 | 0 | 0 | 1 | camera | Land_Workshop1 | 0.99996 | 0 | 0.00896403 | 0
SCRIPT       : DATA_LOG | 852565 | aRapBi1cCZPZAGLIDny3dk3hQ8vTmNTLHRl8zxmKgQ0= | 12191.9 | 95.2707 | 13769.9 | 0.99996 | 0.00896403 | 0 | AKM | 0 | 175.804 | 29.6505 | 0 | 1 | 1 | 0 | 0 | 0 | 0 | 1 | camera | Land_Workshop1 | 0.99996 | 0 | 0.00896403 | 0
SCRIPT       : DATA_LOG | 853578 | aRapBi1cCZPZAGLIDny3dk3hQ8vTmNTLHRl8zxmKgQ0= | 12191.9 | 95.2707 | 13769.9 | 0.99996 | 0.00896403 | 0 | AKM | 0 | 175.807 | 29.6504 | 0 | 1 | 1 | 0 | 0 | 0 | 0 | 1 | camera | Land_Workshop1 | 0.99996 | 0 | 0.00896403 | 0
SCRIPT       : DATA_LOG | 854570 | aRapBi1cCZPZAGLIDny3dk3hQ8vTmNTLHRl8zxmKgQ0= | 12191.9 | 95.2707 | 13769.9 | 0.99996 | 0.00896403 | 0 | AKM | 0 | 175.801 | 29.6457 | 0 | 1 | 1 | 0 | 0 | 0 | 0 | 1 | camera | Land_Workshop1 | 0.99996 | 0 | 0.00896403 | 0
SCRIPT       : DATA_LOG | 855575 | aRapBi1cCZPZAGLIDny3dk3hQ8vTmNTLHRl8zxmKgQ0= | 12191.9 | 95.2707 | 13769.9 | 0.99996 | 0.00896403 | 0 | AKM | 0 | 175.81 | 29.6484 | 0 | 1 | 1 | 0 | 0 | 0 | 0 | 1 | camera | Land_Workshop1 | 0.99996 | 0 | 0.00896403 | 0.
SCRIPT       : DATA_LOG | 856581 | aRapBi1cCZPZAGLIDny3dk3hQ8vTmNTLHRl8zxmKgQ0= | 12191.9 | 95.2707 | 13769.9 | 0.99996 | 0.00896403 | 0 | AKM | 0 | 175.799 | 29.6487 | 0 | 1 | 1 | 0 | 0 | 0 | 0 | 1 | camera | Land_Workshop1 | 0.99996 | 0 | 0.00896403 | 0
SCRIPT       : DATA_LOG | 857573 | aRapBi1cCZPZAGLIDny3dk3hQ8vTmNTLHRl8zxmKgQ0= | 12191.9 | 95.2707 | 13769.9 | 0.99996 | 0.00896403 | 0 | AKM | 0 | 175.811 | 29.6552 | 0 | 1 | 1 | 0 | 0 | 0 | 0 | 1 | camera | Land_Workshop1 | 0.99996 | 0 | 0.00896403 | 0
SCRIPT       : DATA_LOG | 858583 | aRapBi1cCZPZAGLIDny3dk3hQ8vTmNTLHRl8zxmKgQ0= | 12191.9 | 95.2707 | 13769.9 | 0.99996 | 0.00896403 | 0 | AKM | 0 | 175.813 | 29.6542 | 0 | 1 | 1 | 0 | 0 | 0 | 0 | 1 | camera | Land_Workshop1 | 0.99996 | 0 | 0.00896403 | 0
SCRIPT       : DATA_LOG | 859573 | aRapBi1cCZPZAGLIDny3dk3hQ8vTmNTLHRl8zxmKgQ0= | 12191.9 | 95.2707 | 13769.9 | 0.99996 | 0.00896403 | 0 | AKM | 0 | 175.802 | 29.6496 | 0 | 1 | 1 | 0 | 0 | 0 | 0 | 1 | camera | Land_Workshop1 | 0.99996 | 0 | 0.00896403 | 0
SCRIPT       : DATA_LOG | 860574 | aRapBi1cCZPZAGLIDny3dk3hQ8vTmNTLHRl8zxmKgQ0= | 12191.9 | 95.2707 | 13769.9 | 0.99996 | 0.00896403 | 0 | AKM | 0 | 175.807 | 29.6524 | 0 | 1 | 1 | 0 | 0 | 0 | 0 | 1 | camera | Land_Workshop1 | 0.99996 | 0 | 0.00896403 | 0
SCRIPT       : DATA_LOG | 861575 | aRapBi1cCZPZAGLIDny3dk3hQ8vTmNTLHRl8zxmKgQ0= | 12191.9 | 95.2707 | 13769.9 | 0.99996 | 0.00896403 | 0 | AKM | 0 | 175.799 | 29.6467 | 0 | 1 | 1 | 0 | 0 | 0 | 0 | 1 | camera | Land_Workshop1 | 0.99996 | 0 | 0.00896403 | 0
SCRIPT       : DATA_LOG | 862577 | aRapBi1cCZPZAGLIDny3dk3hQ8vTmNTLHRl8zxmKgQ0= | 12191.9 | 95.2707 | 13769.9 | 0.99996 | 0.00896403 | 0 | AKM | 0 | 175.808 | 29.6475 | 0 | 1 | 1 | 0 | 0 | 0 | 0 | 1 | camera | Land_Workshop1 | 0.99996 | 0 | 0.00896403 | 0
SCRIPT       : DATA_LOG | 863573 | aRapBi1cCZPZAGLIDny3dk3hQ8vTmNTLHRl8zxmKgQ0= | 12191.9 | 95.2707 | 13769.9 | 0.99996 | 0.00896403 | 0 | AKM | 0 | 175.802 | 29.6476 | 0 | 1 | 1 | 0 | 0 | 0 | 0 | 1 | camera | Land_Workshop1 | 0.99996 | 0 | 0.00896403 | 0
SCRIPT       : DATA_LOG | 864585 | aRapBi1cCZPZAGLIDny3dk3hQ8vTmNTLHRl8zxmKgQ0= | 12191.9 | 95.2707 | 13769.9 | 0.99996 | 0.00896403 | 0 | AKM | 0 | 175.807 | 29.6534 | 0 | 1 | 1 | 0 | 0 | 0 | 0 | 1 | camera | Land_Workshop1 | 0.99996 | 0 | 0.00896403 | 0
SCRIPT       : DATA_LOG | 865587 | aRapBi1cCZPZAGLIDny3dk3hQ8vTmNTLHRl8zxmKgQ0= | 12191.9 | 95.2707 | 13769.9 | 0.99996 | 0.00896403 | 0 | AKM | 0 | 175.816 | 29.655 | 0 | 1 | 1 | 0 | 0 | 0 | 0 | 1 | camera | Land_Workshop1 | 0.99996 | 0 | 0.00896403 | 0.
SCRIPT       : DATA_LOG | 866586 | aRapBi1cCZPZAGLIDny3dk3hQ8vTmNTLHRl8zxmKgQ0= | 12191.9 | 95.2707 | 13769.9 | 0.99996 | 0.00896403 | 0 | AKM | 0 | 175.801 | 29.6496 | 0 | 1 | 1 | 0 | 0 | 0 | 0 | 1 | camera | Land_Workshop1 | 0.99996 | 0 | 0.00896403 | 0
SCRIPT       : DATA_LOG | 867585 | aRapBi1cCZPZAGLIDny3dk3hQ8vTmNTLHRl8zxmKgQ0= | 12191.9 | 95.2707 | 13769.9 | 0.99996 | 0.00896403 | 0 | AKM | 0 | 175.809 | 29.6533 | 0 | 1 | 1 | 0 | 0 | 0 | 0 | 1 | camera | Land_Workshop1 | 0.99996 | 0 | 0.00896403 | 0
SCRIPT       : DATA_LOG | 868591 | aRapBi1cCZPZAGLIDny3dk3hQ8vTmNTLHRl8zxmKgQ0= | 12191.9 | 95.2707 | 13769.9 | 0.99996 | 0.00896403 | 0 | AKM | 0 | 175.8 | 29.6467 | 0 | 1 | 1 | 0 | 0 | 0 | 0 | 1 | camera | Land_Workshop1 | 0.99996 | 0 | 0.00896403 | 0.9
SCRIPT       : DATA_LOG | 869583 | aRapBi1cCZPZAGLIDny3dk3hQ8vTmNTLHRl8zxmKgQ0= | 12191.9 | 95.2707 | 13769.9 | 0.99996 | 0.00896403 | 0 | AKM | 0 | 175.806 | 29.6475 | 0 | 1 | 1 | 0 | 0 | 0 | 0 | 1 | camera | Land_Workshop1 | 0.99996 | 0 | 0.00896403 | 0
SCRIPT       : DATA_LOG | 870587 | aRapBi1cCZPZAGLIDny3dk3hQ8vTmNTLHRl8zxmKgQ0= | 12191.9 | 95.2707 | 13769.9 | 0.99996 | 0.00896403 | 0 | AKM | 0 | 175.805 | 29.6475 | 0 | 1 | 1 | 0 | 0 | 0 | 0 | 1 | camera | Land_Workshop1 | 0.99996 | 0 | 0.00896403 | 0
SCRIPT       : DATA_LOG | 871585 | aRapBi1cCZPZAGLIDny3dk3hQ8vTmNTLHRl8zxmKgQ0= | 12191.9 | 95.2707 | 13769.9 | 0.99996 | 0.00896403 | 0 | AKM | 0 | 175.803 | 29.6525 | 0 | 1 | 1 | 0 | 0 | 0 | 0 | 1 | camera | Land_Workshop1 | 0.99996 | 0 | 0.00896403 | 0
SCRIPT       : DATA_LOG | 872593 | aRapBi1cCZPZAGLIDny3dk3hQ8vTmNTLHRl8zxmKgQ0= | 12191.9 | 95.2707 | 13769.9 | 0.99996 | 0.00896403 | 0 | AKM | 0 | 175.818 | 29.655 | 0 | 1 | 1 | 0 | 0 | 0 | 0 | 1 | camera | Land_Workshop1 | 0.99996 | 0 | 0.00896403 | 0.
SCRIPT       : DATA_LOG | 873593 | aRapBi1cCZPZAGLIDny3dk3hQ8vTmNTLHRl8zxmKgQ0= | 12191.9 | 95.2707 | 13769.9 | 0.99996 | 0.00896403 | 0 | AKM | 0 | 175.801 | 29.6496 | 0 | 1 | 1 | 0 | 0 | 0 | 0 | 1 | camera | Land_Workshop1 | 0.99996 | 0 | 0.00896403 | 0
SCRIPT       : DATA_LOG | 874590 | aRapBi1cCZPZAGLIDny3dk3hQ8vTmNTLHRl8zxmKgQ0= | 12191.9 | 95.2707 | 13769.9 | 0.99996 | 0.00896403 | 0 | AKM | 0 | 175.809 | 29.6533 | 0 | 1 | 1 | 0 | 0 | 0 | 0 | 1 | camera | Land_Workshop1 | 0.99996 | 0 | 0.00896403 | 0
SCRIPT       : DATA_LOG | 875605 | aRapBi1cCZPZAGLIDny3dk3hQ8vTmNTLHRl8zxmKgQ0= | 12191.9 | 95.2707 | 13769.9 | 0.99996 | 0.00896403 | 0 | AKM | 0 | 175.801 | 29.6476 | 0 | 1 | 1 | 0 | 0 | 0 | 0 | 1 | camera | Land_Workshop1 | 0.99996 | 0 | 0.00896403 | 0
SCRIPT       : DATA_LOG | 876593 | aRapBi1cCZPZAGLIDny3dk3hQ8vTmNTLHRl8zxmKgQ0= | 12191.9 | 95.2707 | 13769.9 | 0.99996 | 0.00896403 | 0 | AKM | 0 | 175.804 | 29.6466 | 0 | 1 | 1 | 0 | 0 | 0 | 0 | 1 | camera | Land_Workshop1 | 0.99996 | 0 | 0.00896403 | 0
SCRIPT       : DATA_LOG | 877596 | aRapBi1cCZPZAGLIDny3dk3hQ8vTmNTLHRl8zxmKgQ0= | 12191.9 | 95.2707 | 13769.9 | 0.99996 | 0.00896403 | 0 | AKM | 0 | 175.81 | 29.6484 | 0 | 1 | 1 | 0 | 0 | 0 | 0 | 1 | camera | Land_Workshop1 | 0.99996 | 0 | 0.00896403 | 0.
SCRIPT       : DATA_LOG | 878602 | aRapBi1cCZPZAGLIDny3dk3hQ8vTmNTLHRl8zxmKgQ0= | 12191.9 | 95.2707 | 13769.9 | 0.99996 | 0.00896403 | 0 | AKM | 0 | 175.8 | 29.6506 | 0 | 1 | 1 | 0 | 0 | 0 | 0 | 1 | camera | Land_Workshop1 | 0.99996 | 0 | 0.00896403 | 0.9
SCRIPT       : DATA_LOG | 879602 | aRapBi1cCZPZAGLIDny3dk3hQ8vTmNTLHRl8zxmKgQ0= | 12191.9 | 95.2707 | 13769.9 | 0.99996 | 0.00896403 | 0 | AKM | 0 | 175.819 | 29.6559 | 0 | 1 | 1 | 0 | 0 | 0 | 0 | 1 | camera | Land_Workshop1 | 0.99996 | 0 | 0.00896403 | 0
SCRIPT       : DATA_LOG | 880595 | aRapBi1cCZPZAGLIDny3dk3hQ8vTmNTLHRl8zxmKgQ0= | 12191.9 | 95.2707 | 13769.9 | 0.99996 | 0.00896403 | 0 | AKM | 0 | 175.802 | 29.6506 | 0 | 1 | 1 | 0 | 0 | 0 | 0 | 1 | camera | Land_Workshop1 | 0.99996 | 0 | 0.00896403 | 0
SCRIPT       : DATA_LOG | 881605 | aRapBi1cCZPZAGLIDny3dk3hQ8vTmNTLHRl8zxmKgQ0= | 12191.9 | 95.2707 | 13769.9 | 0.99996 | 0.00896403 | 0 | AKM | 0 | 175.809 | 29.6533 | 0 | 1 | 1 | 0 | 0 | 0 | 0 | 1 | camera | Land_Workshop1 | 0.99996 | 0 | 0.00896403 | 0
SCRIPT       : DATA_LOG | 882600 | aRapBi1cCZPZAGLIDny3dk3hQ8vTmNTLHRl8zxmKgQ0= | 12191.9 | 95.2707 | 13769.9 | 0.99996 | 0.00896403 | 0 | AKM | 0 | 175.803 | 29.6476 | 0 | 1 | 1 | 0 | 0 | 0 | 0 | 1 | camera | Land_Workshop1 | 0.99996 | 0 | 0.00896403 | 0
SCRIPT       : DATA_LOG | 883605 | aRapBi1cCZPZAGLIDny3dk3hQ8vTmNTLHRl8zxmKgQ0= | 12191.9 | 95.2707 | 13769.9 | 0.99996 | 0.00896403 | 0 | AKM | 0 | 175.803 | 29.6456 | 0 | 1 | 1 | 0 | 0 | 0 | 0 | 1 | camera | Land_Workshop1 | 0.99996 | 0 | 0.00896403 | 0
SCRIPT       : DATA_LOG | 884600 | aRapBi1cCZPZAGLIDny3dk3hQ8vTmNTLHRl8zxmKgQ0= | 12191.9 | 95.2707 | 13769.9 | 0.99996 | 0.00896403 | 0 | AKM | 0 | 175.813 | 29.6493 | 0 | 1 | 1 | 0 | 0 | 0 | 0 | 1 | camera | Land_Workshop1 | 0.99996 | 0 | 0.00896403 | 0
SCRIPT       : DATA_LOG | 885606 | aRapBi1cCZPZAGLIDny3dk3hQ8vTmNTLHRl8zxmKgQ0= | 12191.9 | 95.2707 | 13769.9 | 0.99996 | 0.00896403 | 0 | AKM | 0 | 175.798 | 29.6497 | 0 | 1 | 1 | 0 | 0 | 0 | 0 | 1 | camera | Land_Workshop1 | 0.99996 | 0 | 0.00896403 | 0
SCRIPT       : DATA_LOG | 886609 | aRapBi1cCZPZAGLIDny3dk3hQ8vTmNTLHRl8zxmKgQ0= | 12191.9 | 95.2707 | 13769.9 | 0.99996 | 0.00896403 | 0 | AKM | 0 | 175.819 | 29.6569 | 0 | 1 | 1 | 0 | 0 | 0 | 0 | 1 | camera | Land_Workshop1 | 0.99996 | 0 | 0.00896403 | 0
SCRIPT       : DATA_LOG | 887601 | aRapBi1cCZPZAGLIDny3dk3hQ8vTmNTLHRl8zxmKgQ0= | 12191.9 | 95.2707 | 13769.9 | 0.99996 | 0.00896403 | 0 | AKM | 0 | 175.805 | 29.6515 | 0 | 1 | 1 | 0 | 0 | 0 | 0 | 1 | camera | Land_Workshop1 | 0.99996 | 0 | 0.00896403 | 0
SCRIPT       : DATA_LOG | 888606 | aRapBi1cCZPZAGLIDny3dk3hQ8vTmNTLHRl8zxmKgQ0= | 12191.9 | 95.2707 | 13769.9 | 0.99996 | 0.00896403 | 0 | AKM | 0 | 175.807 | 29.6514 | 0 | 1 | 1 | 0 | 0 | 0 | 0 | 1 | camera | Land_Workshop1 | 0.99996 | 0 | 0.00896403 | 0
SCRIPT       : DATA_LOG | 889603 | aRapBi1cCZPZAGLIDny3dk3hQ8vTmNTLHRl8zxmKgQ0= | 12191.9 | 95.2707 | 13769.9 | 0.99996 | 0.00896403 | 0 | AKM | 0 | 175.804 | 29.6485 | 0 | 1 | 1 | 0 | 0 | 0 | 0 | 1 | camera | Land_Workshop1 | 0.99996 | 0 | 0.00896403 | 0
SCRIPT       : DATA_LOG | 890605 | aRapBi1cCZPZAGLIDny3dk3hQ8vTmNTLHRl8zxmKgQ0= | 12191.9 | 95.2707 | 13769.9 | 0.99996 | 0.00896403 | 0 | AKM | 0 | 175.802 | 29.6457 | 0 | 1 | 1 | 0 | 0 | 0 | 0 | 1 | camera | Land_Workshop1 | 0.99996 | 0 | 0.00896403 | 0
SCRIPT       : DATA_LOG | 891605 | aRapBi1cCZPZAGLIDny3dk3hQ8vTmNTLHRl8zxmKgQ0= | 12191.9 | 95.2707 | 13769.9 | 0.99996 | 0.00896403 | 0 | AKM | 0 | 175.812 | 29.6493 | 0 | 1 | 1 | 0 | 0 | 0 | 0 | 1 | camera | Land_Workshop1 | 0.99996 | 0 | 0.00896403 | 0
SCRIPT       : DATA_LOG | 892611 | aRapBi1cCZPZAGLIDny3dk3hQ8vTmNTLHRl8zxmKgQ0= | 12191.9 | 95.2707 | 13769.9 | 0.99996 | 0.00896403 | 0 | AKM | 0 | 175.798 | 29.6487 | 0 | 1 | 1 | 0 | 0 | 0 | 0 | 1 | camera | Land_Workshop1 | 0.99996 | 0 | 0.00896403 | 0
SCRIPT       : DATA_LOG | 893610 | aRapBi1cCZPZAGLIDny3dk3hQ8vTmNTLHRl8zxmKgQ0= | 12191.9 | 95.2707 | 13769.9 | 0.99996 | 0.00896403 | 0 | AKM | 0 | 175.816 | 29.656 | 0 | 1 | 1 | 0 | 0 | 0 | 0 | 1 | camera | Land_Workshop1 | 0.99996 | 0 | 0.00896403 | 0.
SCRIPT       : DATA_LOG | 894610 | aRapBi1cCZPZAGLIDny3dk3hQ8vTmNTLHRl8zxmKgQ0= | 12191.9 | 95.2707 | 13769.9 | 0.99996 | 0.00896403 | 0 | AKM | 0 | 175.809 | 29.6523 | 0 | 1 | 1 | 0 | 0 | 0 | 0 | 1 | camera | Land_Workshop1 | 0.99996 | 0 | 0.00896403 | 0
SCRIPT       : DATA_LOG | 895614 | aRapBi1cCZPZAGLIDny3dk3hQ8vTmNTLHRl8zxmKgQ0= | 12191.9 | 95.2707 | 13769.9 | 0.99996 | 0.00896403 | 0 | AKM | 0 | 175.804 | 29.6505 | 0 | 1 | 1 | 0 | 0 | 0 | 0 | 1 | camera | Land_Workshop1 | 0.99996 | 0 | 0.00896403 | 0
SCRIPT       : DATA_LOG | 896609 | aRapBi1cCZPZAGLIDny3dk3hQ8vTmNTLHRl8zxmKgQ0= | 12191.9 | 95.2707 | 13769.9 | 0.99996 | 0.00896403 | 0 | AKM | 0 | 175.805 | 29.6505 | 0 | 1 | 1 | 0 | 0 | 0 | 0 | 1 | camera | Land_Workshop1 | 0.99996 | 0 | 0.00896403 | 0
SCRIPT       : DATA_LOG | 897617 | aRapBi1cCZPZAGLIDny3dk3hQ8vTmNTLHRl8zxmKgQ0= | 12191.9 | 95.2707 | 13769.9 | 0.99996 | 0.00896403 | 0 | AKM | 0 | 175.801 | 29.6457 | 0 | 1 | 1 | 0 | 0 | 0 | 0 | 1 | camera | Land_Workshop1 | 0.99996 | 0 | 0.00896403 | 0
SCRIPT       : DATA_LOG | 898616 | aRapBi1cCZPZAGLIDny3dk3hQ8vTmNTLHRl8zxmKgQ0= | 12191.9 | 95.2707 | 13769.9 | 0.99996 | 0.00896403 | 0 | AKM | 0 | 175.81 | 29.6484 | 0 | 1 | 1 | 0 | 0 | 0 | 0 | 1 | camera | Land_Workshop1 | 0.99996 | 0 | 0.00896403 | 0.
SCRIPT       : DATA_LOG | 899619 | aRapBi1cCZPZAGLIDny3dk3hQ8vTmNTLHRl8zxmKgQ0= | 12191.9 | 95.2707 | 13769.9 | 0.99996 | 0.00896403 | 0 | AKM | 0 | 175.799 | 29.6487 | 0 | 1 | 1 | 0 | 0 | 0 | 0 | 1 | camera | Land_Workshop1 | 0.99996 | 0 | 0.00896403 | 0
SCRIPT       : DATA_LOG | 900616 | aRapBi1cCZPZAGLIDny3dk3hQ8vTmNTLHRl8zxmKgQ0= | 12191.9 | 95.2707 | 13769.9 | 0.99996 | 0.00896403 | 0 | AKM | 0 | 175.812 | 29.6552 | 0 | 1 | 1 | 0 | 0 | 0 | 0 | 1 | camera | Land_Workshop1 | 0.99996 | 0 | 0.00896403 | 0
SCRIPT       : DATA_LOG | 901622 | aRapBi1cCZPZAGLIDny3dk3hQ8vTmNTLHRl8zxmKgQ0= | 12191.9 | 95.2707 | 13769.9 | 0.99996 | 0.00896403 | 0 | AKM | 0 | 175.812 | 29.6542 | 0 | 1 | 1 | 0 | 0 | 0 | 0 | 1 | camera | Land_Workshop1 | 0.99996 | 0 | 0.00896403 | 0
SCRIPT       : DATA_LOG | 902616 | aRapBi1cCZPZAGLIDny3dk3hQ8vTmNTLHRl8zxmKgQ0= | 12191.9 | 95.2707 | 13769.9 | 0.99996 | 0.00896403 | 0 | AKM | 0 | 175.803 | 29.6495 | 0 | 1 | 1 | 0 | 0 | 0 | 0 | 1 | camera | Land_Workshop1 | 0.99996 | 0 | 0.00896403 | 0
SCRIPT       : DATA_LOG | 903625 | aRapBi1cCZPZAGLIDny3dk3hQ8vTmNTLHRl8zxmKgQ0= | 12191.9 | 95.2707 | 13769.9 | 0.99996 | 0.00896403 | 0 | AKM | 0 | 175.807 | 29.6524 | 0 | 1 | 1 | 0 | 0 | 0 | 0 | 1 | camera | Land_Workshop1 | 0.99996 | 0 | 0.00896403 | 0
SCRIPT       : DATA_LOG | 904618 | aRapBi1cCZPZAGLIDny3dk3hQ8vTmNTLHRl8zxmKgQ0= | 12192.7 | 95.2712 | 13769.5 | 0.862569 | 0.50594 | 1 | AKM | 0 | 146.55 | 30.4644 | 0 | 1 | 1 | 0 | 0 | 0 | 1 | 1 | camera | Land_Workshop1 | 0.862569 | 0 | 0.50594 | 0.8625
SCRIPT       : DATA_LOG | 905622 | aRapBi1cCZPZAGLIDny3dk3hQ8vTmNTLHRl8zxmKgQ0= | 12192.8 | 95.2712 | 13769.4 | 0.863851 | 0.503747 | 0 | AKM | 0 | 146.602 | 30.5011 | 0 | 1 | 1 | 0 | 0 | 0 | 0 | 1 | camera | Land_Workshop1 | 0.863851 | 0 | 0.503747 | 0.8
SCRIPT       : DATA_LOG | 906628 | aRapBi1cCZPZAGLIDny3dk3hQ8vTmNTLHRl8zxmKgQ0= | 12192.8 | 95.2712 | 13769.4 | 0.863851 | 0.503747 | 0 | AKM | 0 | 146.587 | 30.5015 | 0 | 1 | 1 | 0 | 0 | 0 | 0 | 1 | camera | Land_Workshop1 | 0.863851 | 0 | 0.503747 | 0.8
SCRIPT       : DATA_LOG | 907625 | aRapBi1cCZPZAGLIDny3dk3hQ8vTmNTLHRl8zxmKgQ0= | 12192.8 | 95.2712 | 13769.4 | 0.863851 | 0.503747 | 0 | AKM | 0 | 146.6 | 30.5071 | 0 | 1 | 1 | 0 | 0 | 0 | 0 | 1 | camera | Land_Workshop1 | 0.863851 | 0 | 0.503747 | 0.863
SCRIPT       : DATA_LOG | 908634 | aRapBi1cCZPZAGLIDny3dk3hQ8vTmNTLHRl8zxmKgQ0= | 12192.8 | 95.2712 | 13769.4 | 0.863851 | 0.503747 | 0 | AKM | 0 | 146.613 | 30.5067 | 0 | 1 | 1 | 0 | 0 | 0 | 0 | 1 | camera | AKM | 0.863851 | 0 | 0.503747 | 0.863851 | 0 |
SCRIPT       : DATA_LOG | 909629 | aRapBi1cCZPZAGLIDny3dk3hQ8vTmNTLHRl8zxmKgQ0= | 12192.8 | 95.2712 | 13769.4 | 0.863851 | 0.503747 | 0 | AKM | 0 | 146.587 | 30.5025 | 0 | 1 | 1 | 0 | 0 | 0 | 0 | 1 | camera | AKM | 0.863851 | 0 | 0.503747 | 0.863851 | 0 |
SCRIPT       : DATA_LOG | 910623 | aRapBi1cCZPZAGLIDny3dk3hQ8vTmNTLHRl8zxmKgQ0= | 12192.8 | 95.2712 | 13769.4 | 0.863851 | 0.503747 | 0 | AKM | 0 | 146.6 | 30.5061 | 0 | 1 | 1 | 0 | 0 | 0 | 0 | 1 | camera | AKM | 0.863851 | 0 | 0.503747 | 0.863851 | 0 | 0
SCRIPT       : DATA_LOG | 911629 | aRapBi1cCZPZAGLIDny3dk3hQ8vTmNTLHRl8zxmKgQ0= | 12193.1 | 95.2719 | 13769.6 | 0.871929 | 0.489633 | 0 | AKM | 0 | 147.851 | 30.8469 | 0 | 1 | 1 | 0 | 0 | 0 | 0 | 1 | camera | AKM | 0.871929 | 0 | 0.489633 | 0.871929 | 0 |
SCRIPT       : DATA_LOG | 912625 | aRapBi1cCZPZAGLIDny3dk3hQ8vTmNTLHRl8zxmKgQ0= | 12193.5 | 95.2726 | 13769.7 | 0.857072 | 0.515196 | 0 | AKM | 0 | 146.435 | 31.2836 | 0 | 1 | 1 | 0 | 0 | 0 | 0 | 1 | camera | AKM | 0.857072 | 0 | 0.515196 | 0.857072 | 0 |
SCRIPT       : DATA_LOG | 913632 | aRapBi1cCZPZAGLIDny3dk3hQ8vTmNTLHRl8zxmKgQ0= | 12193.5 | 95.2726 | 13769.7 | 0.857072 | 0.515196 | 0 | AKM | 0 | 146.432 | 31.2836 | 0 | 1 | 1 | 0 | 0 | 0 | 0 | 1 | camera | AKM | 0.857072 | 0 | 0.515196 | 0.857072 | 0 |
SCRIPT       : DATA_LOG | 914630 | aRapBi1cCZPZAGLIDny3dk3hQ8vTmNTLHRl8zxmKgQ0= | 12193.5 | 95.2726 | 13769.7 | 0.857072 | 0.515196 | 0 | AKM | 0 | 146.43 | 31.2886 | 0 | 1 | 1 | 0 | 0 | 0 | 0 | 1 | camera | AKM | 0.857072 | 0 | 0.515196 | 0.857072 | 0 | 
SCRIPT       : DATA_LOG | 915640 | aRapBi1cCZPZAGLIDny3dk3hQ8vTmNTLHRl8zxmKgQ0= | 12193.5 | 95.2726 | 13769.7 | 0.857072 | 0.515196 | 0 | AKM | 0 | 146.454 | 31.291 | 0 | 1 | 1 | 0 | 0 | 0 | 0 | 1 | camera | AKM | 0.857072 | 0 | 0.515196 | 0.857072 | 0 | 
SCRIPT       : DATA_LOG | 916630 | aRapBi1cCZPZAGLIDny3dk3hQ8vTmNTLHRl8zxmKgQ0= | 12193.5 | 95.2726 | 13769.7 | 0.857072 | 0.515196 | 1 | AKM | 0 | 146.425 | 31.2857 | 0 | 1 | 1 | 0 | 0 | 0 | 1 | 1 | camera | AKM | 0.857072 | 0 | 0.515196 | 0.857072 | 0 |
SCRIPT       : DATA_LOG | 917641 | aRapBi1cCZPZAGLIDny3dk3hQ8vTmNTLHRl8zxmKgQ0= | 12193.5 | 95.2726 | 13769.7 | 0.857072 | 0.515196 | 0 | AKM | 0 | 146.439 | 31.2894 | 0 | 1 | 1 | 0 | 0 | 0 | 0 | 1 | camera | AKM | 0.857072 | 0 | 0.515196 | 0.857072 | 0 |
SCRIPT       : DATA_LOG | 918635 | aRapBi1cCZPZAGLIDny3dk3hQ8vTmNTLHRl8zxmKgQ0= | 12193.5 | 95.2726 | 13769.7 | 0.857072 | 0.515196 | 0 | AKM | 0 | 146.428 | 31.2828 | 0 | 1 | 1 | 0 | 0 | 0 | 0 | 1 | camera | AKM | 0.857072 | 0 | 0.515196 | 0.857072 | 0 |
SCRIPT       : DATA_LOG | 919634 | aRapBi1cCZPZAGLIDny3dk3hQ8vTmNTLHRl8zxmKgQ0= | 12193.5 | 95.2726 | 13769.7 | 0.857072 | 0.515196 | 0 | AKM | 0 | 146.432 | 31.2827 | 0 | 1 | 1 | 0 | 0 | 0 | 0 | 1 | camera | AKM | 0.857072 | 0 | 0.515196 | 0.857072 | 0 |
SCRIPT       : DATA_LOG | 920638 | aRapBi1cCZPZAGLIDny3dk3hQ8vTmNTLHRl8zxmKgQ0= | 12193.5 | 95.2726 | 13769.7 | 0.857072 | 0.515196 | 0 | AKM | 0 | 146.441 | 31.2835 | 0 | 1 | 1 | 0 | 0 | 0 | 0 | 1 | camera | AKM | 0.857072 | 0 | 0.515196 | 0.857072 | 0 |
SCRIPT       : DATA_LOG | 921638 | aRapBi1cCZPZAGLIDny3dk3hQ8vTmNTLHRl8zxmKgQ0= | 12193.5 | 95.2726 | 13769.7 | 0.857072 | 0.515196 | 0 | AKM | 0 | 146.425 | 31.2867 | 0 | 1 | 1 | 0 | 0 | 0 | 0 | 1 | camera | AKM | 0.857072 | 0 | 0.515196 | 0.857072 | 0 |
SCRIPT       : DATA_LOG | 922636 | aRapBi1cCZPZAGLIDny3dk3hQ8vTmNTLHRl8zxmKgQ0= | 12193.5 | 95.2726 | 13769.7 | 0.857072 | 0.515196 | 0 | AKM | 0 | 146.457 | 31.2919 | 0 | 1 | 1 | 0 | 0 | 0 | 0 | 1 | camera | AKM | 0.857072 | 0 | 0.515196 | 0.857072 | 0 |
SCRIPT       : DATA_LOG | 923639 | aRapBi1cCZPZAGLIDny3dk3hQ8vTmNTLHRl8zxmKgQ0= | 12193.5 | 95.2726 | 13769.7 | 0.857072 | 0.515196 | 0 | AKM | 0 | 146.427 | 31.2867 | 0 | 1 | 1 | 0 | 0 | 0 | 0 | 1 | camera | AKM | 0.857072 | 0 | 0.515196 | 0.857072 | 0 |
SCRIPT       : DATA_LOG | 924639 | aRapBi1cCZPZAGLIDny3dk3hQ8vTmNTLHRl8zxmKgQ0= | 12193.5 | 95.2726 | 13769.7 | 0.857072 | 0.515196 | 0 | AKM | 0 | 146.439 | 31.2894 | 0 | 1 | 1 | 0 | 0 | 0 | 0 | 1 | camera | AKM | 0.857072 | 0 | 0.515196 | 0.857072 | 0 |
SCRIPT       : DATA_LOG | 925647 | aRapBi1cCZPZAGLIDny3dk3hQ8vTmNTLHRl8zxmKgQ0= | 12193.5 | 95.2726 | 13769.7 | 0.857072 | 0.515196 | 0 | AKM | 0 | 146.43 | 31.2837 | 0 | 1 | 1 | 0 | 0 | 0 | 0 | 1 | camera | AKM | 0.857072 | 0 | 0.515196 | 0.857072 | 0 | 
SCRIPT       : DATA_LOG | 926647 | aRapBi1cCZPZAGLIDny3dk3hQ8vTmNTLHRl8zxmKgQ0= | 12193.5 | 95.2726 | 13769.7 | 0.857072 | 0.515196 | 0 | AKM | 0 | 146.43 | 31.2818 | 0 | 1 | 1 | 0 | 0 | 0 | 0 | 1 | camera | AKM | 0.857072 | 0 | 0.515196 | 0.857072 | 0 | 
SCRIPT       : DATA_LOG | 927644 | aRapBi1cCZPZAGLIDny3dk3hQ8vTmNTLHRl8zxmKgQ0= | 12193.5 | 95.2726 | 13769.7 | 0.857072 | 0.515196 | 0 | AKM | 0 | 146.444 | 31.2844 | 0 | 1 | 1 | 0 | 0 | 0 | 0 | 1 | camera | Land_Workshop1 | 0.857072 | 0 | 0.515196 | 0.8
SCRIPT       : DATA_LOG | 928643 | aRapBi1cCZPZAGLIDny3dk3hQ8vTmNTLHRl8zxmKgQ0= | 12193.5 | 95.2726 | 13769.7 | 0.857072 | 0.515196 | 0 | AKM | 0 | 146.42 | 31.2859 | 0 | 1 | 1 | 0 | 0 | 0 | 0 | 1 | camera | AKM | 0.857072 | 0 | 0.515196 | 0.857072 | 0 | 
SCRIPT       : DATA_LOG | 929660 | aRapBi1cCZPZAGLIDny3dk3hQ8vTmNTLHRl8zxmKgQ0= | 12193.5 | 95.2726 | 13769.7 | 0.857072 | 0.515196 | 0 | AKM | 0 | 146.457 | 31.292 | 0 | 1 | 1 | 0 | 0 | 0 | 0 | 1 | camera | AKM | 0.857072 | 0 | 0.515196 | 0.857072 | 0 | 
SCRIPT       : DATA_LOG | 930650 | aRapBi1cCZPZAGLIDny3dk3hQ8vTmNTLHRl8zxmKgQ0= | 12193.5 | 95.2726 | 13769.7 | 0.857072 | 0.515196 | 0 | AKM | 0 | 146.432 | 31.2876 | 0 | 1 | 1 | 0 | 0 | 0 | 0 | 1 | camera | AKM | 0.857072 | 0 | 0.515196 | 0.857072 | 0 |
SCRIPT       : DATA_LOG | 931646 | aRapBi1cCZPZAGLIDny3dk3hQ8vTmNTLHRl8zxmKgQ0= | 12193.5 | 95.2726 | 13769.7 | 0.857072 | 0.515196 | 0 | AKM | 0 | 146.436 | 31.2885 | 0 | 1 | 1 | 0 | 0 | 0 | 0 | 1 | camera | AKM | 0.857072 | 0 | 0.515196 | 0.857072 | 0 |
SCRIPT       : DATA_LOG | 932655 | aRapBi1cCZPZAGLIDny3dk3hQ8vTmNTLHRl8zxmKgQ0= | 12193.5 | 95.2726 | 13769.7 | 0.857072 | 0.515196 | 0 | AKM | 0 | 146.432 | 31.2846 | 0 | 1 | 1 | 0 | 0 | 0 | 0 | 1 | camera | AKM | 0.857072 | 0 | 0.515196 | 0.857072 | 0 |
SCRIPT       : DATA_LOG | 933648 | aRapBi1cCZPZAGLIDny3dk3hQ8vTmNTLHRl8zxmKgQ0= | 12193.5 | 95.2726 | 13769.7 | 0.857072 | 0.515196 | 0 | AKM | 0 | 146.428 | 31.2818 | 0 | 1 | 1 | 0 | 0 | 0 | 0 | 1 | camera | AKM | 0.857072 | 0 | 0.515196 | 0.857072 | 0 |
SCRIPT       : DATA_LOG | 934650 | aRapBi1cCZPZAGLIDny3dk3hQ8vTmNTLHRl8zxmKgQ0= | 12193.5 | 95.2726 | 13769.7 | 0.857072 | 0.515196 | 0 | AKM | 0 | 146.444 | 31.2854 | 0 | 1 | 1 | 0 | 0 | 0 | 0 | 1 | camera | AKM | 0.857072 | 0 | 0.515196 | 0.857072 | 0 |
SCRIPT       : DATA_LOG | 935660 | aRapBi1cCZPZAGLIDny3dk3hQ8vTmNTLHRl8zxmKgQ0= | 12193.5 | 95.2726 | 13769.7 | 0.857072 | 0.515196 | 0 | AKM | 0 | 146.418 | 31.2859 | 0 | 1 | 1 | 0 | 0 | 0 | 0 | 1 | camera | AKM | 0.857072 | 0 | 0.515196 | 0.857072 | 0 |
SCRIPT       : DATA_LOG | 936653 | aRapBi1cCZPZAGLIDny3dk3hQ8vTmNTLHRl8zxmKgQ0= | 12193.5 | 95.2726 | 13769.7 | 0.857072 | 0.515196 | 0 | AKM | 0 | 146.454 | 31.292 | 0 | 1 | 1 | 0 | 0 | 0 | 0 | 1 | camera | Land_Workshop1 | 0.857072 | 0 | 0.515196 | 0.85
SCRIPT       : DATA_LOG | 937663 | aRapBi1cCZPZAGLIDny3dk3hQ8vTmNTLHRl8zxmKgQ0= | 12193.5 | 95.2726 | 13769.7 | 0.857072 | 0.515196 | 0 | AKM | 0 | 146.436 | 31.2885 | 0 | 1 | 1 | 0 | 0 | 0 | 0 | 1 | camera | AKM | 0.857072 | 0 | 0.515196 | 0.857072 | 0 |
SCRIPT       : DATA_LOG | 938656 | aRapBi1cCZPZAGLIDny3dk3hQ8vTmNTLHRl8zxmKgQ0= | 12193.5 | 95.2726 | 13769.7 | 0.857072 | 0.515196 | 0 | AKM | 0 | 146.432 | 31.2866 | 0 | 1 | 1 | 0 | 0 | 0 | 0 | 1 | camera | AKM | 0.857072 | 0 | 0.515196 | 0.857072 | 0 |
SCRIPT       : DATA_LOG | 939664 | aRapBi1cCZPZAGLIDny3dk3hQ8vTmNTLHRl8zxmKgQ0= | 12193.5 | 95.2726 | 13769.7 | 0.857072 | 0.515196 | 0 | AKM | 0 | 146.434 | 31.2856 | 0 | 1 | 1 | 0 | 0 | 0 | 0 | 1 | camera | Land_Workshop1 | 0.857072 | 0 | 0.515196 | 0.8
SCRIPT       : DATA_LOG | 940659 | aRapBi1cCZPZAGLIDny3dk3hQ8vTmNTLHRl8zxmKgQ0= | 12193.5 | 95.2726 | 13769.7 | 0.857072 | 0.515196 | 0 | none | 0 | 146.426 | 31.2818 | 0 | 1 | 1 | 0 | 0 | 0 | 0 | 1 | camera | AKM | 0.857072 | 0 | 0.515196 | 0.857072 | 0 
SCRIPT       : DATA_LOG | 941658 | aRapBi1cCZPZAGLIDny3dk3hQ8vTmNTLHRl8zxmKgQ0= | 12193.5 | 95.2726 | 13769.7 | 0.857072 | 0.515196 | 0 | none | 0 | 146.443 | 31.2854 | 0 | 1 | 1 | 0 | 0 | 0 | 0 | 1 | camera | AKM | 0.857072 | 0 | 0.515196 | 0.857072 | 0 
SCRIPT       : DATA_LOG | 942658 | aRapBi1cCZPZAGLIDny3dk3hQ8vTmNTLHRl8zxmKgQ0= | 12193.7 | 95.2729 | 13769.7 | 0.995492 | 0.0948448 | 0 | none | 0 | 171.546 | 31.4731 | 0 | 1 | 1 | 0 | 0 | 0 | 0 | 1 | camera | SKS | 0.995492 | 0 | 0.0948448 | 0.995492 | 
SCRIPT       : DATA_LOG | 943674 | aRapBi1cCZPZAGLIDny3dk3hQ8vTmNTLHRl8zxmKgQ0= | 12196.8 | 95.2737 | 13767.3 | 0.0817631 | -0.996652 | 0 | none | 0 | 100.846 | 34.7302 | 0 | 1 | 1 | 0 | 0 | 0 | 0 | 1 | camera | Land_Workshop1 | 0.0817631 | 0 | -0.996652 
SCRIPT       : DATA_LOG | 944673 | aRapBi1cCZPZAGLIDny3dk3hQ8vTmNTLHRl8zxmKgQ0= | 12195.5 | 95.2703 | 13766 | -0.968124 | 0.250472 | 0 | AKM | 0 | 6.60435 | 33.5845 | 0 | 1 | 1 | 0 | 0 | 0 | 0 | 1 | camera | Land_Workshop1 | -0.968124 | 0 | 0.250472 | -0.
SCRIPT       : DATA_LOG | 945672 | aRapBi1cCZPZAGLIDny3dk3hQ8vTmNTLHRl8zxmKgQ0= | 12194.1 | 95.269 | 13766.5 | -0.304881 | 0.95239 | 0 | AKM | 0 | 64.1841 | 32.1 | 0 | 1 | 1 | 0 | 0 | 0 | 0 | 1 | camera | Land_Workshop1 | -0.304881 | 0 | 0.95239 | -0.3048
SCRIPT       : DATA_LOG | 946664 | aRapBi1cCZPZAGLIDny3dk3hQ8vTmNTLHRl8zxmKgQ0= | 12192.1 | 95.2675 | 13767.3 | -0.966378 | 0.257124 | 1 | AKM | 0 | 8.44157 | 30.0461 | 0 | 1 | 1 | 0 | 0 | 0 | 0 | 1 | camera | Land_Workshop1 | -0.966378 | 0 | 0.257124 | -
SCRIPT       : DATA_LOG | 947664 | aRapBi1cCZPZAGLIDny3dk3hQ8vTmNTLHRl8zxmKgQ0= | 12191.4 | 95.265 | 13765.6 | -0.985366 | 0.17045 | 1 | AKM | 0 | 3.36953 | 29.6557 | 0 | 1 | 1 | 1 | 1 | 1 | 1 | 1 | camera | Land_Workshop1 | -0.985366 | 0 | 0.17045 | -0.9
SCRIPT       : DATA_LOG | 948666 | aRapBi1cCZPZAGLIDny3dk3hQ8vTmNTLHRl8zxmKgQ0= | 12191.4 | 95.265 | 13765.5 | -0.985001 | 0.172551 | 1 | AKM | 0 | 3.35952 | 29.6562 | 0 | 1 | 1 | 1 | 1 | 1 | 1 | 1 | camera | Land_Workshop1 | -0.985001 | -0 | 0.172551 | -
SCRIPT       : DATA_LOG | 949674 | aRapBi1cCZPZAGLIDny3dk3hQ8vTmNTLHRl8zxmKgQ0= | 12191.4 | 95.265 | 13765.5 | -0.985001 | 0.172551 | 1 | AKM | 0 | 3.36016 | 29.6576 | 0 | 1 | 1 | 1 | 1 | 1 | 1 | 1 | camera | Land_Workshop1 | -0.985001 | -0 | 0.172551 | -
SCRIPT       : DATA_LOG | 950672 | aRapBi1cCZPZAGLIDny3dk3hQ8vTmNTLHRl8zxmKgQ0= | 12191.4 | 95.2651 | 13766.2 | -0.977086 | 0.212845 | 0 | AKM | 0 | 4.39075 | 29.4882 | 0 | 1 | 1 | 1 | 0 | 0 | 0 | 1 | camera | Land_Workshop1 | -0.977086 | 0 | 0.212845 | -
SCRIPT       : DATA_LOG | 951673 | aRapBi1cCZPZAGLIDny3dk3hQ8vTmNTLHRl8zxmKgQ0= | 12186.9 | 95.2605 | 13767.4 | -0.958389 | -0.285466 | 0 | AKM | 0 | 25.1429 | 24.9231 | 0 | 1 | 1 | 0 | 0 | 0 | 0 | 1 | camera | Land_Workshop1 | -0.958389 | 0 | -0.285466 |
SCRIPT       : DATA_LOG | 952668 | aRapBi1cCZPZAGLIDny3dk3hQ8vTmNTLHRl8zxmKgQ0= | 12184 | 95.2629 | 13762.8 | -0.984072 | -0.177772 | 0 | AKM | 0 | 31.4049 | 23.2057 | 0 | 1 | 1 | 0 | 0 | 0 | 0 | 1 | camera | Land_Workshop1 | -0.984072 | 0 | -0.177772 | -
SCRIPT       : DATA_LOG | 953670 | aRapBi1cCZPZAGLIDny3dk3hQ8vTmNTLHRl8zxmKgQ0= | 12182.9 | 95.265 | 13760.8 | -0.907851 | 0.419292 | 1 | AKM | 0 | 4.5042 | 23.0278 | 0 | 1 | 1 | 1 | 1 | 1 | 1 | 1 | camera | Land_Workshop1 | -0.907851 | 0 | 0.419292 | -0.
SCRIPT       : DATA_LOG | 954675 | aRapBi1cCZPZAGLIDny3dk3hQ8vTmNTLHRl8zxmKgQ0= | 12179.4 | 95.2699 | 13760.1 | -0.891836 | 0.452359 | 0 | AKM | 0 | 7.52387 | 20.324 | 0 | 1 | 1 | 0 | 0 | 0 | 0 | 1 | camera | Land_Workshop1 | -0.891836 | 0 | 0.452359 | -0
SCRIPT       : DATA_LOG | 955681 | aRapBi1cCZPZAGLIDny3dk3hQ8vTmNTLHRl8zxmKgQ0= | 12173.7 | 95.2871 | 13763.5 | -0.856546 | 0.516071 | 0 | AKM | 0 | 7.43574 | 13.7122 | 0 | 1 | 1 | 0 | 0 | 0 | 0 | 1 | camera | Land_Workshop1 | -0.856546 | 0 | 0.516071 | -
SCRIPT       : DATA_LOG | 956673 | aRapBi1cCZPZAGLIDny3dk3hQ8vTmNTLHRl8zxmKgQ0= | 12168 | 95.285 | 13767 | -0.855227 | 0.518254 | 0 | AKM | 0 | 14.3281 | 7.11746 | 0 | 1 | 1 | 0 | 0 | 0 | 0 | 1 | camera | Land_Workshop1 | -0.855227 | 0 | 0.518254 | -0.855
SCRIPT       : DATA_LOG | 957677 | aRapBi1cCZPZAGLIDny3dk3hQ8vTmNTLHRl8zxmKgQ0= | 12163.4 | 95.2808 | 13769.7 | -0.865538 | 0.500843 | 0 | AKM | 0 | 48.1313 | 2.40078 | 0 | 1 | 1 | 0 | 0 | 0 | 0 | 1 | camera | Land_Workshop1 | -0.865538 | -0 | 0.500843 | 
SCRIPT       : DATA_LOG | 958678 | aRapBi1cCZPZAGLIDny3dk3hQ8vTmNTLHRl8zxmKgQ0= | 12165.5 | 95.2849 | 13768.2 | -0.814741 | 0.579825 | 1 | AKM | 1 | 22.6425 | 4.52443 | 0 | 1 | 1 | 0 | 0 | 0 | 0 | 1 | camera | target | -0.814741 | 0 | 0.579825 | -0.814741
SCRIPT       : DATA_LOG | 959676 | aRapBi1cCZPZAGLIDny3dk3hQ8vTmNTLHRl8zxmKgQ0= | 12166.7 | 95.285 | 13766.7 | -0.730615 | 0.68279 | 1 | AKM | 1 | 15.4477 | 6.31484 | 0 | 1 | 1 | 0 | 0 | 0 | 1 | 1 | camera | target | -0.730615 | 0 | 0.68279 | -0.730615 | 
SCRIPT       : DATA_LOG | 960681 | aRapBi1cCZPZAGLIDny3dk3hQ8vTmNTLHRl8zxmKgQ0= | 12168 | 95.285 | 13765.5 | -0.728795 | 0.684732 | 1 | AKM | 1 | 12.0289 | 8.06503 | 0 | 1 | 1 | 0 | 0 | 0 | 1 | 1 | camera | target | -0.728795 | 0 | 0.684732 | -0.728795 | 
SCRIPT       : DATA_LOG | 961679 | aRapBi1cCZPZAGLIDny3dk3hQ8vTmNTLHRl8zxmKgQ0= | 12169.3 | 95.285 | 13764.3 | -0.728517 | 0.685028 | 1 | AKM | 1 | 9.83829 | 9.83502 | 0 | 1 | 1 | 0 | 0 | 0 | 1 | 1 | camera | target | -0.728517 | 0 | 0.685028 | -0.728517 
SCRIPT       : DATA_LOG | 962679 | aRapBi1cCZPZAGLIDny3dk3hQ8vTmNTLHRl8zxmKgQ0= | 12170.2 | 95.285 | 13763.5 | -0.730628 | 0.682776 | 1 | AKM | 1 | 8.80578 | 10.9893 | 0 | 1 | 1 | 0 | 0 | 0 | 1 | 1 | camera | target | -0.730628 | -0 | 0.682776 | -0.730628
SCRIPT       : DATA_LOG | 963686 | aRapBi1cCZPZAGLIDny3dk3hQ8vTmNTLHRl8zxmKgQ0= | 12170.2 | 95.285 | 13763.5 | -0.730628 | 0.682776 | 1 | AKM | 1 | 8.8069 | 10.9874 | 0 | 1 | 1 | 0 | 0 | 0 | 1 | 1 | camera | target | -0.730628 | -0 | 0.682776 | -0.730628 
SCRIPT       : DATA_LOG | 964680 | aRapBi1cCZPZAGLIDny3dk3hQ8vTmNTLHRl8zxmKgQ0= | 12170.2 | 95.285 | 13763.5 | -0.730628 | 0.682776 | 1 | AKM | 1 | 8.79344 | 11.0007 | 0 | 1 | 1 | 0 | 0 | 0 | 1 | 1 | camera | target | -0.730628 | -0 | 0.682776 | -0.730628
SCRIPT       : DATA_LOG | 965682 | aRapBi1cCZPZAGLIDny3dk3hQ8vTmNTLHRl8zxmKgQ0= | 12170.2 | 95.285 | 13763.5 | -0.726167 | 0.687518 | 1 | AKM | 1 | 8.79357 | 10.9868 | 0 | 1 | 1 | 0 | 0 | 0 | 1 | 1 | camera | target | -0.726167 | 0 | 0.687518 | -0.726167 
SCRIPT       : DATA_LOG | 966686 | aRapBi1cCZPZAGLIDny3dk3hQ8vTmNTLHRl8zxmKgQ0= | 12169.3 | 95.2849 | 13762.7 | -0.659864 | 0.751385 | 1 | AKM | 1 | 8.83456 | 11.0082 | 0 | 1 | 1 | 0 | 0 | 0 | 1 | 1 | camera | target | -0.659864 | -0 | 0.751385 | -0.65986
SCRIPT       : DATA_LOG | 967686 | aRapBi1cCZPZAGLIDny3dk3hQ8vTmNTLHRl8zxmKgQ0= | 12169.3 | 95.2849 | 13762.7 | -0.659864 | 0.751385 | 0 | AKM | 1 | 8.83896 | 11.0044 | 0 | 1 | 1 | 0 | 0 | 0 | 0 | 1 | camera | target | -0.659864 | -0 | 0.751385 | -0.65986
SCRIPT       : DATA_LOG | 968696 | aRapBi1cCZPZAGLIDny3dk3hQ8vTmNTLHRl8zxmKgQ0= | 12169.3 | 95.2849 | 13762.7 | 0.617078 | 0.786902 | 0 | AKM | 1 | 78.3225 | 11.005 | 0 | 1 | 1 | 0 | 0 | 0 | 0 | 1 | camera | target | 0.617078 | 0 | 0.786902 | 0.617078 | 0
SCRIPT       : DATA_LOG | 969693 | aRapBi1cCZPZAGLIDny3dk3hQ8vTmNTLHRl8zxmKgQ0= | 12169.4 | 95.2849 | 13762.7 | 0.701561 | 0.71261 | 0 | AKM | 1 | 84.6815 | 11.0483 | 0 | 1 | 1 | 0 | 0 | 0 | 0 | 1 | camera | target | 0.701561 | 0 | 0.71261 | 0.701561 | 0 
SCRIPT       : DATA_LOG | 970692 | aRapBi1cCZPZAGLIDny3dk3hQ8vTmNTLHRl8zxmKgQ0= | 12172.1 | 95.2849 | 13762.7 | -0.754276 | 0.656558 | 0 | AKM | 1 | 7.4716 | 12.953 | 0 | 1 | 1 | 0 | 0 | 0 | 0 | 1 | camera | target | -0.754276 | 0 | 0.656558 | -0.754276 |
SCRIPT       : DATA_LOG | 971692 | aRapBi1cCZPZAGLIDny3dk3hQ8vTmNTLHRl8zxmKgQ0= | 12172.7 | 95.2852 | 13762.6 | -0.813865 | 0.581054 | 1 | AKM | 1 | 7.91274 | 13.4331 | 0 | 1 | 1 | 0 | 0 | 0 | 1 | 1 | camera | target | -0.813865 | -0 | 0.581054 | -0.81386
SCRIPT       : DATA_LOG | 972692 | aRapBi1cCZPZAGLIDny3dk3hQ8vTmNTLHRl8zxmKgQ0= | 12172.7 | 95.2852 | 13762.6 | -0.813865 | 0.581054 | 1 | AKM | 1 | 7.89051 | 13.4265 | 0 | 1 | 1 | 0 | 0 | 0 | 1 | 1 | camera | target | -0.813865 | -0 | 0.581054 | -0.81386
SCRIPT       : DATA_LOG | 973932 | aRapBi1cCZPZAGLIDny3dk3hQ8vTmNTLHRl8zxmKgQ0= | 12172.7 | 95.2852 | 13762.6 | -0.813865 | 0.581053 | 1 | AKM | 1 | 7.90559 | 13.431 | 0 | 1 | 1 | 0 | 0 | 0 | 1 | 1 | camera | target | -0.813865 | -0 | 0.581053 | -0.813865
SCRIPT       : DATA_LOG | 974939 | aRapBi1cCZPZAGLIDny3dk3hQ8vTmNTLHRl8zxmKgQ0= | 12172.7 | 95.2852 | 13762.6 | -0.813865 | 0.581054 | 1 | AKM | 1 | 3.80055 | 14.1093 | 0 | 1 | 1 | 1 | 1 | 0 | 1 | 1 | camera | none | -0.813865 | -0 | 0.581054 | -0.813865 
SCRIPT       : DATA_LOG | 975941 | aRapBi1cCZPZAGLIDny3dk3hQ8vTmNTLHRl8zxmKgQ0= | 12172.7 | 95.2852 | 13762.6 | -0.813865 | 0.581054 | 1 | AKM | 1 | 3.75953 | 14.1169 | 0 | 1 | 1 | 1 | 1 | 0 | 1 | 1 | camera | none | -0.813865 | -0 | 0.581054 | -0.813865 
SCRIPT       : DATA_LOG | 976937 | aRapBi1cCZPZAGLIDny3dk3hQ8vTmNTLHRl8zxmKgQ0= | 12172.7 | 95.2852 | 13762.6 | -0.813865 | 0.581054 | 1 | AKM | 1 | 3.75953 | 14.1169 | 0 | 1 | 1 | 1 | 1 | 0 | 1 | 1 | camera | none | -0.813865 | -0 | 0.581054 | -0.813865 
SCRIPT       : DATA_LOG | 977936 | aRapBi1cCZPZAGLIDny3dk3hQ8vTmNTLHRl8zxmKgQ0= | 12170 | 95.285 | 13762.2 | -0.843889 | 0.536517 | 0 | AKM | 1 | 8.20176 | 12.1831 | 0 | 1 | 1 | 0 | 0 | 0 | 0 | 1 | camera | none | -0.843889 | 0 | 0.536517 | -0.843889 | 0 
SCRIPT       : DATA_LOG | 978943 | aRapBi1cCZPZAGLIDny3dk3hQ8vTmNTLHRl8zxmKgQ0= | 12166.6 | 95.285 | 13760.2 | -0.48132 | -0.876545 | 0 | AKM | 0 | 120.656 | 11.527 | 0 | 1 | 1 | 0 | 0 | 0 | 0 | 1 | camera | Land_Workshop1 | -0.48132 | 0 | -0.876545 | -0.
SCRIPT       : DATA_LOG | 979944 | aRapBi1cCZPZAGLIDny3dk3hQ8vTmNTLHRl8zxmKgQ0= | 12164.6 | 95.2833 | 13753.7 | -0.466094 | -0.884735 | 0 | AKM | 0 | 138.922 | 16.7948 | 0 | 1 | 1 | 0 | 0 | 0 | 0 | 1 | camera |  | -0.466094 | 0 | -0.884735 | -0.466094 | 0
SCRIPT       : DATA_LOG | 980977 | aRapBi1cCZPZAGLIDny3dk3hQ8vTmNTLHRl8zxmKgQ0= | 12161.6 | 95.2811 | 13752.1 | -0.206949 | -0.978352 | 0 | AKM | 0 | 165.332 | 18.0007 | 0 | 1 | 1 | 0 | 0 | 0 | 0 | 1 | camera |  | -0.206949 | 0 | -0.978352 | -0.206949 | 0
SCRIPT       : DATA_LOG | 981947 | aRapBi1cCZPZAGLIDny3dk3hQ8vTmNTLHRl8zxmKgQ0= | 12160.8 | 95.2771 | 13749.2 | 0.758156 | -0.652073 | 0 | AKM | 0 | 130.854 | 20.9356 | 0 | 1 | 1 | 0 | 0 | 0 | 0 | 1 | camera |  | 0.758156 | 0 | -0.652073 | 0.758156 | 0 | 
SCRIPT       : DATA_LOG | 982944 | aRapBi1cCZPZAGLIDny3dk3hQ8vTmNTLHRl8zxmKgQ0= | 12161 | 95.2772 | 13749.2 | 0.84422 | -0.535996 | 0 | AKM | 0 | 123.148 | 20.8552 | 0 | 1 | 1 | 0 | 0 | 0 | 0 | 1 | camera |  | 0.84422 | 0 | -0.535996 | 0.84422 | 0 | -0.53
SCRIPT       : DATA_LOG | 983953 | aRapBi1cCZPZAGLIDny3dk3hQ8vTmNTLHRl8zxmKgQ0= | 12161.3 | 95.2789 | 13750.4 | 0.958169 | -0.286202 | 1 | AKM | 0 | 108.344 | 19.6592 | 0 | 1 | 1 | 0 | 0 | 0 | 1 | 1 | camera | Land_Workshop1 | 0.958169 | 0 | -0.286202 | 0
SCRIPT       : DATA_LOG | 984951 | aRapBi1cCZPZAGLIDny3dk3hQ8vTmNTLHRl8zxmKgQ0= | 12161.2 | 95.2784 | 13750.1 | 0.958081 | -0.286497 | 1 | AKM | 0 | 108.044 | 19.9942 | 0 | 1 | 1 | 0 | 0 | 0 | 1 | 1 | camera | Land_Workshop1 | 0.958081 | 0 | -0.286497 | 0
SCRIPT       : DATA_LOG | 985947 | aRapBi1cCZPZAGLIDny3dk3hQ8vTmNTLHRl8zxmKgQ0= | 12161.2 | 95.2784 | 13750.1 | 0.958109 | -0.286405 | 0 | AKM | 0 | 108.026 | 20.0087 | 0 | 1 | 1 | 0 | 0 | 0 | 0 | 1 | camera | Land_Workshop1 | 0.958109 | 0 | -0.286405 | 0
SCRIPT       : DATA_LOG | 986948 | aRapBi1cCZPZAGLIDny3dk3hQ8vTmNTLHRl8zxmKgQ0= | 12161.4 | 95.2749 | 13747.1 | -0.787739 | -0.61601 | 0 | AKM | 0 | 126.3 | 23.0161 | 0 | 1 | 1 | 0 | 0 | 0 | 0 | 1 | camera | Land_Workshop1 | -0.787739 | 0 | -0.61601 | -0.
SCRIPT       : DATA_LOG | 987996 | aRapBi1cCZPZAGLIDny3dk3hQ8vTmNTLHRl8zxmKgQ0= | 12158.9 | 95.3111 | 13744.8 | -0.943408 | -0.331635 | 0 | AKM | 0 | 113.52 | 25.3845 | 0 | 1 | 1 | 0 | 0 | 0 | 0 | 1 | camera |  | -0.943408 | 0 | -0.331635 | -0.943408 | 0 
SCRIPT       : DATA_LOG | 988958 | aRapBi1cCZPZAGLIDny3dk3hQ8vTmNTLHRl8zxmKgQ0= | 12156.2 | 95.5041 | 13742.9 | -0.511997 | 0.858987 | 0 | AKM | 0 | 40.2436 | 27.59 | 0 | 1 | 1 | 0 | 0 | 0 | 0 | 1 | camera | Land_Wall_Gate_Ind1_L | -0.511997 | 0 | 0.85898
SCRIPT       : DATA_LOG | 989952 | aRapBi1cCZPZAGLIDny3dk3hQ8vTmNTLHRl8zxmKgQ0= | 12154.6 | 95.6658 | 13739.9 | -0.548101 | -0.836412 | 0 | AKM | 0 | 158.293 | 30.8311 | 0 | 1 | 1 | 0 | 0 | 0 | 0 | 1 | camera |  | -0.548101 | 0 | -0.836412 | -0.548101 | 0
SCRIPT       : DATA_LOG | 990955 | aRapBi1cCZPZAGLIDny3dk3hQ8vTmNTLHRl8zxmKgQ0= | 12152.1 | 95.9562 | 13736.3 | -0.644667 | -0.764463 | 0 | AKM | 0 | 154.203 | 34.8743 | 0 | 1 | 1 | 0 | 0 | 0 | 0 | 1 | camera |  | -0.644667 | 0 | -0.764463 | -0.644667 | 0
SCRIPT       : DATA_LOG | 991953 | aRapBi1cCZPZAGLIDny3dk3hQ8vTmNTLHRl8zxmKgQ0= | 12147.9 | 95.8335 | 13731.4 | -0.481889 | -0.876232 | 0 | AKM | 0 | 169.561 | 40.7972 | 0 | 1 | 1 | 0 | 0 | 0 | 0 | 1 | camera |  | -0.481889 | 0 | -0.876232 | -0.481889 | 0
SCRIPT       : DATA_LOG | 992955 | aRapBi1cCZPZAGLIDny3dk3hQ8vTmNTLHRl8zxmKgQ0= | 12143.1 | 95.7357 | 13726.8 | -0.261933 | -0.965086 | 0 | AKM | 0 | 173.001 | 46.7638 | 0 | 1 | 1 | 0 | 0 | 0 | 0 | 1 | camera |  | -0.261933 | 0 | -0.965086 | -0.261933 | 0
SCRIPT       : DATA_LOG | 993956 | aRapBi1cCZPZAGLIDny3dk3hQ8vTmNTLHRl8zxmKgQ0= | 12140.3 | 95.6993 | 13721.7 | 0.397773 | -0.917484 | 0 | AKM | 0 | 133.663 | 52.4997 | 0 | 1 | 1 | 0 | 0 | 0 | 0 | 1 | camera |  | 0.397773 | 0 | -0.917484 | 0.397773 | 0 | 
SCRIPT       : DATA_LOG | 994962 | aRapBi1cCZPZAGLIDny3dk3hQ8vTmNTLHRl8zxmKgQ0= | 12137.7 | 95.6627 | 13717.9 | -0.816463 | -0.577397 | 0 | AKM | 0 | 149.105 | 57.0091 | 0 | 1 | 1 | 0 | 0 | 0 | 0 | 1 | camera |  | -0.816463 | 0 | -0.577397 | -0.816463 | 0
SCRIPT       : DATA_LOG | 995959 | aRapBi1cCZPZAGLIDny3dk3hQ8vTmNTLHRl8zxmKgQ0= | 12132.5 | 95.5536 | 13716.5 | -0.983623 | -0.180239 | 0 | AKM | 0 | 128.183 | 60.5928 | 0 | 1 | 1 | 0 | 0 | 0 | 0 | 1 | camera |  | -0.983623 | 0 | -0.180239 | -0.983623 | 0
SCRIPT       : DATA_LOG | 996955 | aRapBi1cCZPZAGLIDny3dk3hQ8vTmNTLHRl8zxmKgQ0= | 12128.8 | 95.477 | 13713.3 | -0.919202 | -0.393786 | 0 | AKM | 0 | 142.473 | 65.1625 | 0 | 1 | 1 | 0 | 0 | 0 | 0 | 1 | camera |  | -0.919202 | 0 | -0.393786 | -0.919202 | 0 
SCRIPT       : DATA_LOG | 998141 | aRapBi1cCZPZAGLIDny3dk3hQ8vTmNTLHRl8zxmKgQ0= | 12123.2 | 95.4483 | 13710.2 | -0.666485 | 0.745518 | 0 | AKM | 0 | 73.882 | 70.674 | 0 | 1 | 1 | 0 | 0 | 0 | 0 | 1 | camera | Land_Village_store | -0.666485 | 0 | 0.745518 |
SCRIPT       : DATA_LOG | 998964 | aRapBi1cCZPZAGLIDny3dk3hQ8vTmNTLHRl8zxmKgQ0= | 12122.6 | 95.4473 | 13710.7 | 0.991313 | 0.131525 | 0 | AKM | 0 | 49.7817 | 70.581 | 0 | 1 | 1 | 0 | 0 | 0 | 0 | 1 | camera | Land_Village_store | 0.991313 | 0 | 0.131525 | 
SCRIPT       : DATA_LOG | 999959 | aRapBi1cCZPZAGLIDny3dk3hQ8vTmNTLHRl8zxmKgQ0= | 12127.3 | 95.4824 | 13713.5 | 0.36998 | 0.92904 | 0 | AKM | 0 | 8.85024 | 65.7078 | 0 | 1 | 1 | 0 | 0 | 0 | 0 | 1 | camera |  | 0.36998 | 0 | 0.92904 | 0.36998 | 0 | 0.92904
SCRIPT       : DATA_LOG | 1000961 | aRapBi1cCZPZAGLIDny3dk3hQ8vTmNTLHRl8zxmKgQ0= | 12130.8 | 95.5597 | 13719.2 | -0.355757 | 0.934579 | 0 | AKM | 0 | 51.3263 | 59.046 | 0 | 1 | 1 | 0 | 0 | 0 | 0 | 1 | camera |  | -0.355757 | 0 | 0.934579 | -0.355757 | 0 |
SCRIPT       : DATA_LOG | 1001970 | aRapBi1cCZPZAGLIDny3dk3hQ8vTmNTLHRl8zxmKgQ0= | 12130.4 | 95.5586 | 13723.4 | -0.997882 | 0.0650553 | 0 | AKM | 0 | 119.316 | 55.6916 | 0 | 1 | 1 | 0 | 0 | 0 | 0 | 1 | camera |  | -0.997882 | 0 | 0.0650553 | -0.997882 | 
SCRIPT       : DATA_LOG | 1002977 | aRapBi1cCZPZAGLIDny3dk3hQ8vTmNTLHRl8zxmKgQ0= | 12129.1 | 95.5477 | 13726 | -0.999997 | 0.00262561 | 0 | AKM | 0 | 125.467 | 54.2337 | 0 | 1 | 1 | 0 | 0 | 0 | 0 | 1 | camera |  | -0.999997 | 0 | 0.00262561 | -0.999997 | 
SCRIPT       : DATA_LOG | 1003968 | aRapBi1cCZPZAGLIDny3dk3hQ8vTmNTLHRl8zxmKgQ0= | 12129.1 | 95.5515 | 13723.5 | -0.999899 | 0.0141996 | 0 | AKM | 0 | 123.346 | 56.3211 | 0 | 1 | 1 | 0 | 0 | 0 | 0 | 1 | camera |  | -0.999899 | 0 | 0.0141996 | -0.999899 | 
SCRIPT       : DATA_LOG | 1004966 | aRapBi1cCZPZAGLIDny3dk3hQ8vTmNTLHRl8zxmKgQ0= | 12128.9 | 95.5445 | 13722.2 | -0.465481 | -0.885058 | 0 | AKM | 0 | 174.119 | 57.4625 | 0 | 1 | 1 | 0 | 0 | 0 | 0 | 1 | camera |  | -0.465481 | 0 | -0.885058 | -0.465481 | 
SCRIPT       : DATA_LOG | 1005970 | aRapBi1cCZPZAGLIDny3dk3hQ8vTmNTLHRl8zxmKgQ0= | 12127.8 | 95.6546 | 13720.5 | -0.994982 | 0.100057 | 0 | AKM | 0 | 117.826 | 59.4869 | 0 | 1 | 1 | 0 | 0 | 0 | 0 | 1 | camera | Land_Village_store | -0.994982 | 0 | 0.10005
SCRIPT       : DATA_LOG | 1006967 | aRapBi1cCZPZAGLIDny3dk3hQ8vTmNTLHRl8zxmKgQ0= | 12125.7 | 96.2167 | 13718.1 | -0.970649 | 0.240502 | 0 | AKM | 0 | 110.067 | 62.681 | 0 | 1 | 1 | 0 | 0 | 0 | 0 | 1 | camera | Land_Village_store | -0.970649 | 0 | 0.240502
SCRIPT       : DATA_LOG | 1007966 | aRapBi1cCZPZAGLIDny3dk3hQ8vTmNTLHRl8zxmKgQ0= | 12124 | 96.2167 | 13716.5 | 0.40046 | 0.916314 | 0 | AKM | 0 | 10.8097 | 65.0107 | 0 | 1 | 1 | 0 | 0 | 0 | 0 | 1 | camera | Land_Village_store | 0.40046 | 0 | 0.916314 | 0.
SCRIPT       : DATA_LOG | 1008980 | aRapBi1cCZPZAGLIDny3dk3hQ8vTmNTLHRl8zxmKgQ0= | 12124 | 96.2167 | 13716.5 | 0.40046 | 0.916314 | 0 | AKM | 0 | 10.8097 | 65.0107 | 0 | 1 | 1 | 0 | 0 | 0 | 0 | 1 | camera | Land_Village_store | 0.40046 | 0 | 0.916314 | 0.
SCRIPT       : DATA_LOG | 1009975 | aRapBi1cCZPZAGLIDny3dk3hQ8vTmNTLHRl8zxmKgQ0= | 12124 | 96.2167 | 13716.5 | 0.40046 | 0.916314 | 0 | AKM | 0 | 10.8097 | 65.0107 | 0 | 1 | 1 | 0 | 0 | 0 | 0 | 1 | camera | Land_Village_store | 0.40046 | 0 | 0.916314 | 0.
SCRIPT       : DATA_LOG | 1010980 | aRapBi1cCZPZAGLIDny3dk3hQ8vTmNTLHRl8zxmKgQ0= | 12124 | 96.2167 | 13716.5 | 0.40046 | 0.916314 | 0 | AKM | 0 | 10.8097 | 65.0107 | 0 | 1 | 1 | 0 | 0 | 0 | 0 | 1 | camera | Land_Village_store | 0.40046 | 0 | 0.916314 | 0.
SCRIPT       : DATA_LOG | 1011980 | aRapBi1cCZPZAGLIDny3dk3hQ8vTmNTLHRl8zxmKgQ0= | 12124 | 96.2167 | 13716.5 | 0.40046 | 0.916314 | 0 | AKM | 0 | 10.8097 | 65.0107 | 0 | 1 | 1 | 0 | 0 | 0 | 0 | 1 | camera | Land_Village_store | 0.40046 | 0 | 0.916314 | 0.
SCRIPT       : DATA_LOG | 1012982 | aRapBi1cCZPZAGLIDny3dk3hQ8vTmNTLHRl8zxmKgQ0= | 12124 | 96.2167 | 13716.5 | 0.40046 | 0.916314 | 0 | AKM | 0 | 10.8097 | 65.0107 | 0 | 1 | 1 | 0 | 0 | 0 | 0 | 1 | camera | Land_Village_store | 0.40046 | 0 | 0.916314 | 0.
SCRIPT       : DATA_LOG | 1013976 | aRapBi1cCZPZAGLIDny3dk3hQ8vTmNTLHRl8zxmKgQ0= | 12124 | 96.2167 | 13716.5 | 0.40046 | 0.916314 | 0 | AKM | 0 | 10.8097 | 65.0107 | 0 | 1 | 1 | 0 | 0 | 0 | 0 | 1 | camera | Land_Village_store | 0.40046 | 0 | 0.916314 | 0.
SCRIPT       : DATA_LOG | 1014987 | aRapBi1cCZPZAGLIDny3dk3hQ8vTmNTLHRl8zxmKgQ0= | 12124 | 96.2167 | 13716.5 | 0.40046 | 0.916314 | 0 | AKM | 0 | 10.8097 | 65.0107 | 0 | 1 | 1 | 0 | 0 | 0 | 0 | 1 | camera | Land_Village_store | 0.40046 | 0 | 0.916314 | 0.
SCRIPT       : DATA_LOG | 1015987 | aRapBi1cCZPZAGLIDny3dk3hQ8vTmNTLHRl8zxmKgQ0= | 12124.6 | 96.2167 | 13716 | 0.44348 | 0.896284 | 1 | AKM | 0 | 7.45911 | 65.0919 | 0 | 1 | 1 | 0 | 0 | 0 | 1 | 1 | camera | Land_Village_store | 0.44348 | 0 | 0.896284 | 0.
SCRIPT       : DATA_LOG | 1016979 | aRapBi1cCZPZAGLIDny3dk3hQ8vTmNTLHRl8zxmKgQ0= | 12124.7 | 96.2167 | 13715.5 | 0.432767 | 0.901506 | 0 | AKM | 0 | 7.78883 | 65.4285 | 0 | 1 | 1 | 0 | 0 | 0 | 0 | 1 | camera | Land_Village_store | 0.432767 | 0 | 0.901506 
SCRIPT       : DATA_LOG | 1017983 | aRapBi1cCZPZAGLIDny3dk3hQ8vTmNTLHRl8zxmKgQ0= | 12124.7 | 96.2167 | 13715.5 | 0.432767 | 0.901506 | 0 | AKM | 0 | 7.78883 | 65.4285 | 0 | 1 | 1 | 0 | 0 | 0 | 0 | 1 | camera | Land_Village_store | 0.432767 | 0 | 0.901506 
SCRIPT       : DATA_LOG | 1018991 | aRapBi1cCZPZAGLIDny3dk3hQ8vTmNTLHRl8zxmKgQ0= | 12124.7 | 96.2167 | 13715.5 | 0.432767 | 0.901506 | 0 | AKM | 0 | 7.78883 | 65.4285 | 0 | 1 | 1 | 0 | 0 | 0 | 0 | 1 | camera | Land_Village_store | 0.432767 | 0 | 0.901506 
SCRIPT       : DATA_LOG | 1019989 | aRapBi1cCZPZAGLIDny3dk3hQ8vTmNTLHRl8zxmKgQ0= | 12124.7 | 96.2167 | 13715.5 | 0.432767 | 0.901506 | 0 | AKM | 0 | 7.78883 | 65.4285 | 0 | 1 | 1 | 0 | 0 | 0 | 0 | 1 | camera | Land_Village_store | 0.432767 | 0 | 0.901506 
SCRIPT       : DATA_LOG | 1020986 | aRapBi1cCZPZAGLIDny3dk3hQ8vTmNTLHRl8zxmKgQ0= | 12124.7 | 96.2167 | 13715.4 | 0.428818 | 0.903391 | 0 | AKM | 0 | 8.02835 | 65.5085 | 0 | 1 | 1 | 0 | 0 | 0 | 0 | 1 | camera | Land_Village_store | 0.428818 | 0 | 0.903391 
SCRIPT       : DATA_LOG | 1021986 | aRapBi1cCZPZAGLIDny3dk3hQ8vTmNTLHRl8zxmKgQ0= | 12123.1 | 96.2167 | 13714.2 | 0.669949 | 0.742407 | 1 | AKM | 0 | 8.15524 | 67.3174 | 0 | 1 | 1 | 0 | 0 | 0 | 1 | 1 | camera | Land_Village_store | 0.669949 | 0 | 0.742407 
SCRIPT       : DATA_LOG | 1022990 | aRapBi1cCZPZAGLIDny3dk3hQ8vTmNTLHRl8zxmKgQ0= | 12123.1 | 96.2167 | 13714.3 | 0.684778 | 0.728752 | 1 | AKM | 0 | 9.22846 | 67.3127 | 0 | 1 | 1 | 0 | 0 | 0 | 1 | 1 | camera | Land_Village_store | 0.684778 | 0 | 0.728752 
SCRIPT       : DATA_LOG | 1023986 | aRapBi1cCZPZAGLIDny3dk3hQ8vTmNTLHRl8zxmKgQ0= | 12123.9 | 96.2167 | 13715.2 | 0.661037 | 0.750353 | 0 | AKM | 0 | 7.53171 | 66.1428 | 0 | 1 | 1 | 0 | 0 | 0 | 0 | 1 | camera | Land_Village_store | 0.661037 | 0 | 0.750353 
SCRIPT       : DATA_LOG | 1024991 | aRapBi1cCZPZAGLIDny3dk3hQ8vTmNTLHRl8zxmKgQ0= | 12127.5 | 95.6546 | 13719.9 | 0.590197 | 0.807259 | 0 | AKM | 0 | 2.70689 | 60.1971 | 0 | 1 | 1 | 1 | 0 | 0 | 0 | 1 | camera | Land_Village_store | 0.590197 | 0 | 0.807259 
SCRIPT       : DATA_LOG | 1025995 | aRapBi1cCZPZAGLIDny3dk3hQ8vTmNTLHRl8zxmKgQ0= | 12127.4 | 95.6546 | 13719.7 | 0.568826 | 0.822458 | 0 | AKM | 0 | 1.19321 | 60.4765 | 0 | 1 | 1 | 1 | 0 | 0 | 0 | 1 | camera | Land_Village_store | 0.568826 | 0 | 0.822458 
SCRIPT       : DATA_LOG | 1026993 | aRapBi1cCZPZAGLIDny3dk3hQ8vTmNTLHRl8zxmKgQ0= | 12128.7 | 95.5574 | 13721.2 | -0.568121 | 0.822945 | 1 | AKM | 0 | 67.8961 | 58.4247 | 0 | 1 | 1 | 0 | 0 | 0 | 1 | 1 | camera |  | -0.568121 | 0 | 0.822945 | -0.568121 | 0 
SCRIPT       : DATA_LOG | 1027998 | aRapBi1cCZPZAGLIDny3dk3hQ8vTmNTLHRl8zxmKgQ0= | 12128.8 | 95.5406 | 13721.6 | -0.579186 | 0.815195 | 1 | AKM | 0 | 68.7157 | 58.066 | 0 | 1 | 1 | 0 | 0 | 0 | 1 | 1 | camera |  | -0.579186 | -0 | 0.815195 | -0.579186 | 0 
SCRIPT       : DATA_LOG | 1029001 | aRapBi1cCZPZAGLIDny3dk3hQ8vTmNTLHRl8zxmKgQ0= | 12128.8 | 95.5406 | 13721.6 | -0.579186 | 0.815195 | 1 | AKM | 0 | 68.7157 | 58.066 | 0 | 1 | 1 | 0 | 0 | 0 | 1 | 1 | camera |  | -0.579186 | -0 | 0.815195 | -0.579186 | 0 
SCRIPT       : DATA_LOG | 1029992 | aRapBi1cCZPZAGLIDny3dk3hQ8vTmNTLHRl8zxmKgQ0= | 12128.8 | 95.5406 | 13721.6 | -0.579186 | 0.815195 | 1 | AKM | 0 | 68.7157 | 58.066 | 0 | 1 | 1 | 0 | 0 | 0 | 1 | 1 | camera |  | -0.579186 | -0 | 0.815195 | -0.579186 | 0 
SCRIPT       : DATA_LOG | 1030996 | aRapBi1cCZPZAGLIDny3dk3hQ8vTmNTLHRl8zxmKgQ0= | 12128.8 | 95.5406 | 13721.6 | -0.579186 | 0.815195 | 1 | AKM | 0 | 68.7157 | 58.066 | 0 | 1 | 1 | 0 | 0 | 0 | 1 | 1 | camera |  | -0.579186 | -0 | 0.815195 | -0.579186 | 0 
SCRIPT       : DATA_LOG | 1032000 | aRapBi1cCZPZAGLIDny3dk3hQ8vTmNTLHRl8zxmKgQ0= | 12128.8 | 95.5406 | 13721.6 | -0.579186 | 0.815195 | 1 | AKM | 0 | 68.7157 | 58.066 | 0 | 1 | 1 | 0 | 0 | 0 | 1 | 1 | camera |  | -0.579186 | -0 | 0.815195 | -0.579186 | 0 
SCRIPT       : DATA_LOG | 1033002 | aRapBi1cCZPZAGLIDny3dk3hQ8vTmNTLHRl8zxmKgQ0= | 12128.8 | 95.5406 | 13721.6 | -0.579186 | 0.815195 | 1 | AKM | 0 | 68.7157 | 58.066 | 0 | 1 | 1 | 0 | 0 | 0 | 1 | 1 | camera |  | -0.579186 | -0 | 0.815195 | -0.579186 | 0 
SCRIPT       : DATA_LOG | 1034002 | aRapBi1cCZPZAGLIDny3dk3hQ8vTmNTLHRl8zxmKgQ0= | 12128.8 | 95.5406 | 13721.6 | -0.579186 | 0.815195 | 1 | AKM | 0 | 68.7157 | 58.066 | 0 | 1 | 1 | 0 | 0 | 0 | 1 | 1 | camera |  | -0.579186 | -0 | 0.815195 | -0.579186 | 0 
SCRIPT       : DATA_LOG | 1034998 | aRapBi1cCZPZAGLIDny3dk3hQ8vTmNTLHRl8zxmKgQ0= | 12128.8 | 95.5406 | 13721.6 | -0.579186 | 0.815195 | 1 | AKM | 0 | 68.7157 | 58.066 | 0 | 1 | 1 | 0 | 0 | 0 | 1 | 1 | camera |  | -0.579186 | -0 | 0.815195 | -0.579186 | 0 
SCRIPT       : DATA_LOG | 1036000 | aRapBi1cCZPZAGLIDny3dk3hQ8vTmNTLHRl8zxmKgQ0= | 12128.8 | 95.5406 | 13721.6 | -0.579186 | 0.815195 | 1 | AKM | 0 | 68.7157 | 58.066 | 0 | 1 | 1 | 0 | 0 | 0 | 1 | 1 | camera |  | -0.579186 | -0 | 0.815195 | -0.579186 | 0 
SCRIPT       : DATA_LOG | 1037001 | aRapBi1cCZPZAGLIDny3dk3hQ8vTmNTLHRl8zxmKgQ0= | 12128.8 | 95.5406 | 13721.6 | -0.579186 | 0.815195 | 1 | AKM | 0 | 68.7157 | 58.066 | 0 | 1 | 1 | 0 | 0 | 0 | 1 | 1 | camera |  | -0.579186 | -0 | 0.815195 | -0.579186 | 0 
SCRIPT       : DATA_LOG | 1038001 | aRapBi1cCZPZAGLIDny3dk3hQ8vTmNTLHRl8zxmKgQ0= | 12128.8 | 95.5406 | 13721.6 | -0.579186 | 0.815195 | 1 | AKM | 0 | 68.7157 | 58.066 | 0 | 1 | 1 | 0 | 0 | 0 | 1 | 1 | camera |  | -0.579186 | -0 | 0.815195 | -0.579186 | 0 
SCRIPT       : DATA_LOG | 1039014 | aRapBi1cCZPZAGLIDny3dk3hQ8vTmNTLHRl8zxmKgQ0= | 12128.8 | 95.5406 | 13721.6 | -0.579186 | 0.815195 | 1 | AKM | 0 | 68.7157 | 58.066 | 0 | 1 | 1 | 0 | 0 | 0 | 1 | 1 | camera |  | -0.579186 | -0 | 0.815195 | -0.579186 | 0 
SCRIPT       : DATA_LOG | 1040016 | aRapBi1cCZPZAGLIDny3dk3hQ8vTmNTLHRl8zxmKgQ0= | 12128.8 | 95.5406 | 13721.6 | -0.579186 | 0.815195 | 1 | AKM | 0 | 68.7157 | 58.066 | 0 | 1 | 1 | 0 | 0 | 0 | 1 | 1 | camera |  | -0.579186 | -0 | 0.815195 | -0.579186 | 0 
SCRIPT       : DATA_LOG | 1041007 | aRapBi1cCZPZAGLIDny3dk3hQ8vTmNTLHRl8zxmKgQ0= | 12128.8 | 95.5406 | 13721.6 | -0.579186 | 0.815195 | 1 | AKM | 0 | 68.7157 | 58.066 | 0 | 1 | 1 | 0 | 0 | 0 | 1 | 1 | camera |  | -0.579186 | -0 | 0.815195 | -0.579186 | 0 
SCRIPT       : DATA_LOG | 1042012 | aRapBi1cCZPZAGLIDny3dk3hQ8vTmNTLHRl8zxmKgQ0= | 12128.8 | 95.5406 | 13721.6 | -0.579186 | 0.815195 | 1 | AKM | 0 | 68.7157 | 58.066 | 0 | 1 | 1 | 0 | 0 | 0 | 1 | 1 | camera |  | -0.579186 | -0 | 0.815195 | -0.579186 | 0 
SCRIPT       : DATA_LOG | 1043010 | aRapBi1cCZPZAGLIDny3dk3hQ8vTmNTLHRl8zxmKgQ0= | 12128.9 | 95.5416 | 13721.6 | -0.734588 | 0.678513 | 0 | AKM | 0 | 80.595 | 57.982 | 0 | 1 | 1 | 0 | 0 | 0 | 0 | 1 | camera |  | -0.734588 | 0 | 0.678513 | -0.734588 | 0 | 
SCRIPT       : DATA_LOG | 1044018 | aRapBi1cCZPZAGLIDny3dk3hQ8vTmNTLHRl8zxmKgQ0= | 12130.1 | 95.5532 | 13724.2 | 0.264141 | -0.964484 | 0 | AKM | 0 | 130.984 | 55.1757 | 0 | 1 | 1 | 0 | 0 | 0 | 0 | 1 | camera |  | 0.264141 | 0 | -0.964484 | 0.264141 | 0 |
SCRIPT       : DATA_LOG | 1045016 | aRapBi1cCZPZAGLIDny3dk3hQ8vTmNTLHRl8zxmKgQ0= | 12132.7 | 95.5751 | 13722.6 | -0.360067 | -0.932926 | 0 | AKM | 0 | 170.518 | 55.1234 | 0 | 1 | 1 | 0 | 0 | 0 | 0 | 1 | camera |  | -0.360067 | 0 | -0.932926 | -0.360067 | 
SCRIPT       : DATA_LOG | 1046012 | aRapBi1cCZPZAGLIDny3dk3hQ8vTmNTLHRl8zxmKgQ0= | 12131.5 | 95.577 | 13721.1 | 0.339105 | -0.940749 | 0 | AKM | 0 | 129.36 | 57.0122 | 0 | 1 | 1 | 0 | 0 | 0 | 0 | 1 | camera |  | 0.339105 | 0 | -0.940749 | 0.339105 | 0 | -
SCRIPT       : DATA_LOG | 1047015 | aRapBi1cCZPZAGLIDny3dk3hQ8vTmNTLHRl8zxmKgQ0= | 12131.2 | 95.5722 | 13720.9 | 0.371534 | -0.928419 | 1 | AKM | 0 | 127.197 | 57.4082 | 0 | 1 | 1 | 0 | 0 | 0 | 0 | 1 | camera |  | 0.371534 | 0 | -0.928419 | 0.371534 | 0 |
SCRIPT       : DATA_LOG | 1048023 | aRapBi1cCZPZAGLIDny3dk3hQ8vTmNTLHRl8zxmKgQ0= | 12130.5 | 95.5662 | 13721.8 | 0.515915 | -0.85664 | 0 | AKM | 0 | 116.895 | 56.9531 | 0 | 1 | 1 | 0 | 0 | 0 | 0 | 1 | camera |  | 0.515915 | 0 | -0.85664 | 0.515915 | 0 | -
SCRIPT       : DATA_LOG | 1049023 | aRapBi1cCZPZAGLIDny3dk3hQ8vTmNTLHRl8zxmKgQ0= | 12130.5 | 95.5662 | 13721.8 | 0.515915 | -0.85664 | 0 | AKM | 0 | 116.895 | 56.9531 | 0 | 1 | 1 | 0 | 0 | 0 | 0 | 1 | camera |  | 0.515915 | 0 | -0.85664 | 0.515915 | 0 | -
SCRIPT       : DATA_LOG | 1050016 | aRapBi1cCZPZAGLIDny3dk3hQ8vTmNTLHRl8zxmKgQ0= | 12130.5 | 95.5662 | 13721.8 | -0.688581 | -0.725159 | 0 | AKM | 0 | 168.528 | 56.9531 | 0 | 1 | 1 | 0 | 0 | 0 | 0 | 1 | camera |  | -0.688581 | 0 | -0.725159 | -0.688581 | 
SCRIPT       : DATA_LOG | 1051026 | aRapBi1cCZPZAGLIDny3dk3hQ8vTmNTLHRl8zxmKgQ0= | 12130.5 | 95.5662 | 13721.8 | -0.199494 | -0.979899 | 0 | AKM | 0 | 159.461 | 56.9531 | 0 | 1 | 1 | 0 | 0 | 0 | 0 | 1 | camera |  | -0.199494 | 0 | -0.979899 | -0.199494 | 
SCRIPT       : DATA_LOG | 1052028 | aRapBi1cCZPZAGLIDny3dk3hQ8vTmNTLHRl8zxmKgQ0= | 12132.2 | 95.582 | 13720.9 | 0.00935246 | -0.999956 | 0 | AKM | 0 | 149.38 | 56.8396 | 0 | 1 | 1 | 0 | 0 | 0 | 0 | 1 | camera |  | 0.00935246 | 0 | -0.999956 | 0.00935246 |
SCRIPT       : DATA_LOG | 1053024 | aRapBi1cCZPZAGLIDny3dk3hQ8vTmNTLHRl8zxmKgQ0= | 12132.9 | 95.5912 | 13719.2 | 0.259232 | -0.965815 | 0 | AKM | 0 | 136.29 | 57.9614 | 0 | 1 | 1 | 0 | 0 | 0 | 0 | 1 | camera |  | 0.259232 | 0 | -0.965815 | 0.259232 | 0 | 
SCRIPT       : DATA_LOG | 1054031 | aRapBi1cCZPZAGLIDny3dk3hQ8vTmNTLHRl8zxmKgQ0= | 12132.4 | 95.5796 | 13718.2 | 0.453579 | -0.891216 | 1 | AKM | 0 | 124.399 | 59.1151 | 0 | 1 | 1 | 0 | 0 | 0 | 0 | 1 | camera |  | 0.453579 | 0 | -0.891216 | 0.453579 | 0 |
SCRIPT       : DATA_LOG | 1055044 | aRapBi1cCZPZAGLIDny3dk3hQ8vTmNTLHRl8zxmKgQ0= | 12132.4 | 95.5796 | 13718.2 | 0.453579 | -0.891216 | 1 | AKM | 0 | 124.399 | 59.1151 | 0 | 1 | 1 | 0 | 0 | 0 | 1 | 1 | camera |  | 0.453579 | 0 | -0.891216 | 0.453579 | 0 |
SCRIPT       : DATA_LOG | 1056021 | aRapBi1cCZPZAGLIDny3dk3hQ8vTmNTLHRl8zxmKgQ0= | 12132.4 | 95.5796 | 13718.2 | 0.453579 | -0.891216 | 1 | AKM | 0 | 124.399 | 59.1151 | 0 | 1 | 1 | 0 | 0 | 0 | 1 | 1 | camera |  | 0.453579 | 0 | -0.891216 | 0.453579 | 0 |
SCRIPT       : DATA_LOG | 1057025 | aRapBi1cCZPZAGLIDny3dk3hQ8vTmNTLHRl8zxmKgQ0= | 12132.4 | 95.5796 | 13718.2 | 0.453579 | -0.891216 | 1 | AKM | 0 | 124.399 | 59.1151 | 0 | 1 | 1 | 0 | 0 | 0 | 1 | 1 | camera |  | 0.453579 | 0 | -0.891216 | 0.453579 | 0 |
SCRIPT       : DATA_LOG | 1058028 | aRapBi1cCZPZAGLIDny3dk3hQ8vTmNTLHRl8zxmKgQ0= | 12132.4 | 95.5796 | 13718.2 | 0.453579 | -0.891216 | 1 | AKM | 0 | 124.399 | 59.1151 | 0 | 1 | 1 | 0 | 0 | 0 | 1 | 1 | camera |  | 0.453579 | 0 | -0.891216 | 0.453579 | 0 |
SCRIPT       : DATA_LOG | 1059034 | aRapBi1cCZPZAGLIDny3dk3hQ8vTmNTLHRl8zxmKgQ0= | 12132.4 | 95.5796 | 13718.2 | 0.453579 | -0.891216 | 0 | AKM | 0 | 124.399 | 59.1151 | 0 | 1 | 1 | 0 | 0 | 0 | 0 | 1 | camera |  | 0.453579 | 0 | -0.891216 | 0.453579 | 0 |
SCRIPT       : DATA_LOG | 1060028 | aRapBi1cCZPZAGLIDny3dk3hQ8vTmNTLHRl8zxmKgQ0= | 12133.4 | 95.5916 | 13717.5 | 0.069061 | -0.997612 | 0 | AKM | 0 | 148.59 | 59.2586 | 0 | 1 | 1 | 0 | 0 | 0 | 0 | 1 | camera |  | 0.069061 | 0 | -0.997612 | 0.069061 | 0 | 
SCRIPT       : DATA_LOG | 1061036 | aRapBi1cCZPZAGLIDny3dk3hQ8vTmNTLHRl8zxmKgQ0= | 12134.1 | 95.5603 | 13715.7 | -0.301513 | -0.953462 | 0 | AKM | 0 | 171.487 | 60.4977 | 0 | 1 | 1 | 0 | 0 | 0 | 0 | 1 | camera |  | -0.301513 | 0 | -0.953462 | -0.301513 | 
SCRIPT       : DATA_LOG | 1062034 | aRapBi1cCZPZAGLIDny3dk3hQ8vTmNTLHRl8zxmKgQ0= | 12134.1 | 95.5603 | 13715.7 | -0.293692 | -0.9559 | 1 | AKM | 0 | 171.011 | 60.4989 | 0 | 1 | 1 | 0 | 0 | 0 | 0 | 1 | camera |  | -0.293692 | 0 | -0.9559 | -0.293692 | 0 | 
SCRIPT       : DATA_LOG | 1063033 | aRapBi1cCZPZAGLIDny3dk3hQ8vTmNTLHRl8zxmKgQ0= | 12134 | 95.5977 | 13715.8 | -0.244999 | -0.969523 | 1 | AKM | 0 | 167.948 | 60.5348 | 0 | 1 | 1 | 0 | 0 | 0 | 1 | 1 | camera |  | -0.244999 | 0 | -0.969523 | -0.244999 | 0 
SCRIPT       : DATA_LOG | 1064035 | aRapBi1cCZPZAGLIDny3dk3hQ8vTmNTLHRl8zxmKgQ0= | 12134 | 95.5977 | 13715.8 | -0.244999 | -0.969523 | 1 | AKM | 0 | 167.948 | 60.5348 | 0 | 1 | 1 | 0 | 0 | 0 | 1 | 1 | camera |  | -0.244999 | 0 | -0.969523 | -0.244999 | 0 
SCRIPT       : DATA_LOG | 1065036 | aRapBi1cCZPZAGLIDny3dk3hQ8vTmNTLHRl8zxmKgQ0= | 12134 | 95.5977 | 13715.8 | -0.244999 | -0.969523 | 1 | AKM | 0 | 167.948 | 60.5348 | 0 | 1 | 1 | 0 | 0 | 0 | 1 | 1 | camera |  | -0.244999 | 0 | -0.969523 | -0.244999 | 0 
SCRIPT       : DATA_LOG | 1066041 | aRapBi1cCZPZAGLIDny3dk3hQ8vTmNTLHRl8zxmKgQ0= | 12134 | 95.5977 | 13715.8 | -0.244999 | -0.969523 | 1 | AKM | 0 | 167.948 | 60.5348 | 0 | 1 | 1 | 0 | 0 | 0 | 1 | 1 | camera |  | -0.244999 | 0 | -0.969523 | -0.244999 | 0 
SCRIPT       : DATA_LOG | 1067036 | aRapBi1cCZPZAGLIDny3dk3hQ8vTmNTLHRl8zxmKgQ0= | 12133.8 | 95.7029 | 13715.8 | -0.160796 | -0.986988 | 1 | AKM | 0 | 162.881 | 60.5441 | 0 | 1 | 1 | 0 | 0 | 0 | 1 | 1 | camera |  | -0.160796 | 0 | -0.986988 | -0.160796 | 
SCRIPT       : DATA_LOG | 1068039 | aRapBi1cCZPZAGLIDny3dk3hQ8vTmNTLHRl8zxmKgQ0= | 12133.2 | 95.7248 | 13716 | 0.991517 | -0.129979 | 0 | AKM | 0 | 70.5097 | 60.688 | 0 | 1 | 1 | 0 | 0 | 0 | 0 | 1 | camera |  | 0.991517 | 0 | -0.129979 | 0.991517 | 0 | -0
SCRIPT       : DATA_LOG | 1069047 | aRapBi1cCZPZAGLIDny3dk3hQ8vTmNTLHRl8zxmKgQ0= | 12133.6 | 95.7443 | 13715.8 | 0.873991 | 0.485943 | 1 | AKM | 0 | 34.406 | 60.7243 | 0 | 1 | 1 | 0 | 0 | 0 | 0 | 1 | camera |  | 0.873991 | 0 | 0.485943 | 0.873991 | 0 | 0.
SCRIPT       : DATA_LOG | 1070046 | aRapBi1cCZPZAGLIDny3dk3hQ8vTmNTLHRl8zxmKgQ0= | 12133.6 | 95.7443 | 13715.8 | 0.832194 | 0.554484 | 1 | AKM | 0 | 29.8053 | 60.7243 | 0 | 1 | 1 | 0 | 0 | 0 | 0 | 1 | camera |  | 0.832194 | 0 | 0.554484 | 0.832194 | 0 | 0
SCRIPT       : [wpnfsm] Save occured in fsm transition! current state=WeaponFireAndChamberNext<0x000002109086E8B0> closes stable state=RBF_CLO_BU1_MA1<0x000002109086BF10> id=3
SCRIPT       : DATA_LOG | 1071044 | aRapBi1cCZPZAGLIDny3dk3hQ8vTmNTLHRl8zxmKgQ0= | 12136.1 | 95.579 | 13716.2 | -0.384762 | -0.923016 | 0 | AKM | 0 | 178.038 | 59.223 | 0 | 1 | 1 | 0 | 0 | 0 | 0 | 1 | camera |  | -0.384762 | 0 | -0.923016 | -0.384762 | 0 
SCRIPT       : DATA_LOG | 1072048 | aRapBi1cCZPZAGLIDny3dk3hQ8vTmNTLHRl8zxmKgQ0= | 12136.7 | 95.5725 | 13716 | 0.118951 | -0.9929 | 1 | AKM | 0 | 149.207 | 59.2389 | 0 | 1 | 1 | 0 | 0 | 0 | 0 | 1 | camera |  | 0.118951 | 0 | -0.9929 | 0.118951 | 0 | -0.99
SCRIPT       : DATA_LOG | 1073047 | aRapBi1cCZPZAGLIDny3dk3hQ8vTmNTLHRl8zxmKgQ0= | 12136.5 | 95.5873 | 13716.3 | 0.3599 | -0.932991 | 1 | AKM | 0 | 134.685 | 58.9651 | 0 | 1 | 1 | 0 | 0 | 0 | 0 | 1 | camera |  | 0.3599 | 0 | -0.932991 | 0.3599 | 0 | -0.93
SCRIPT       : DATA_LOG | 1074046 | aRapBi1cCZPZAGLIDny3dk3hQ8vTmNTLHRl8zxmKgQ0= | 12137.1 | 95.5626 | 13715.6 | -0.739599 | -0.673048 | 0 | AKM | 0 | 155.725 | 59.4068 | 0 | 1 | 1 | 0 | 0 | 0 | 0 | 1 | camera |  | -0.739599 | 0 | -0.673048 | -0.739599 | 
SCRIPT       : DATA_LOG | 1075041 | aRapBi1cCZPZAGLIDny3dk3hQ8vTmNTLHRl8zxmKgQ0= | 12134.2 | 95.704 | 13716.3 | -0.771934 | 0.635703 | 0 | AKM | 0 | 76.7834 | 60.0349 | 0 | 1 | 1 | 0 | 0 | 0 | 0 | 1 | camera |  | -0.771934 | 0 | 0.635703 | -0.771934 | 0 |
SCRIPT       : DATA_LOG | 1076052 | aRapBi1cCZPZAGLIDny3dk3hQ8vTmNTLHRl8zxmKgQ0= | 12132.4 | 95.5779 | 13717.9 | -0.673849 | -0.738869 | 0 | AKM | 0 | 166.13 | 59.4211 | 0 | 1 | 1 | 0 | 0 | 0 | 0 | 1 | camera |  | -0.673849 | 0 | -0.738869 | -0.673849 | 0
SCRIPT       : DATA_LOG | 1077047 | aRapBi1cCZPZAGLIDny3dk3hQ8vTmNTLHRl8zxmKgQ0= | 12132.7 | 95.5814 | 13717.6 | -0.660911 | -0.750464 | 0 | AKM | 0 | 166.73 | 59.5218 | 0 | 1 | 1 | 0 | 0 | 0 | 0 | 1 | camera |  | -0.660911 | 0 | -0.750464 | -0.660911 | 0
SCRIPT       : DATA_LOG | 1078051 | aRapBi1cCZPZAGLIDny3dk3hQ8vTmNTLHRl8zxmKgQ0= | 12134.4 | 95.5819 | 13716.5 | -0.451212 | -0.892417 | 1 | AKM | 0 | 179.331 | 59.7194 | 0 | 1 | 1 | 0 | 0 | 0 | 1 | 1 | camera |  | -0.451212 | 0 | -0.892417 | -0.451212 | 
SCRIPT       : DATA_LOG | 1079054 | aRapBi1cCZPZAGLIDny3dk3hQ8vTmNTLHRl8zxmKgQ0= | 12134.4 | 95.5818 | 13716.5 | -0.451764 | -0.892138 | 0 | AKM | 0 | 179.337 | 59.7196 | 0 | 1 | 1 | 0 | 0 | 0 | 0 | 1 | camera |  | -0.451764 | 0 | -0.892138 | -0.451764 | 
SCRIPT       : DATA_LOG | 1080058 | aRapBi1cCZPZAGLIDny3dk3hQ8vTmNTLHRl8zxmKgQ0= | 12133.1 | 95.5881 | 13720.7 | -0.602335 | 0.798243 | 0 | AKM | 0 | 66.2232 | 56.6301 | 0 | 1 | 1 | 0 | 0 | 0 | 0 | 1 | camera |  | -0.602335 | 0 | 0.798243 | -0.602335 | 0 
SCRIPT       : DATA_LOG | 1081054 | aRapBi1cCZPZAGLIDny3dk3hQ8vTmNTLHRl8zxmKgQ0= | 12128.6 | 95.5381 | 13721.9 | -0.90367 | -0.428229 | 0 | AKM | 0 | 149.057 | 57.947 | 0 | 1 | 1 | 0 | 0 | 0 | 0 | 1 | camera |  | -0.90367 | 0 | -0.428229 | -0.90367 | 0 | 
SCRIPT       : DATA_LOG | 1082057 | aRapBi1cCZPZAGLIDny3dk3hQ8vTmNTLHRl8zxmKgQ0= | 12126.9 | 95.6546 | 13718.9 | -0.971057 | -0.238847 | 0 | AKM | 0 | 137.241 | 61.3885 | 0 | 1 | 1 | 0 | 0 | 0 | 0 | 1 | camera | Land_Village_store | -0.971057 | 0 | -0.238
SCRIPT       : DATA_LOG | 1083055 | aRapBi1cCZPZAGLIDny3dk3hQ8vTmNTLHRl8zxmKgQ0= | 12124.9 | 96.2167 | 13716.5 | 0.463151 | 0.886279 | 0 | AKM | 0 | 6.19771 | 64.4809 | 0 | 1 | 1 | 0 | 0 | 0 | 0 | 1 | camera | Land_Village_store | 0.463151 | 0 | 0.886279 
SCRIPT       : DATA_LOG | 1084055 | aRapBi1cCZPZAGLIDny3dk3hQ8vTmNTLHRl8zxmKgQ0= | 12124.6 | 96.2167 | 13716 | 0.515345 | 0.856983 | 0 | AKM | 0 | 2.78094 | 65.0783 | 0 | 1 | 1 | 1 | 0 | 0 | 0 | 1 | camera | Land_Village_store | 0.515345 | 0 | 0.856983 | 
 SCRIPT       : [Logout]: New player aRapBi1cCZPZAGLIDny3dk3hQ8vTmNTLHRl8zxmKgQ0= with logout time 15
 SCRIPT       : Player "rafaelglima79" (steamid=76561199445097358) initiated disconnect process...
SCRIPT       : DATA_LOG | 1085061 | aRapBi1cCZPZAGLIDny3dk3hQ8vTmNTLHRl8zxmKgQ0= | 12124.6 | 96.2167 | 13716 | 0.515345 | 0.856983 | 0 | AKM | 0 | 2.78094 | 65.0783 | 0 | 1 | 1 | 1 | 0 | 0 | 0 | 1 | camera | Land_Village_store | 0.515345 | 0 | 0.856983 | 
SCRIPT       : DATA_LOG | 1086057 | aRapBi1cCZPZAGLIDny3dk3hQ8vTmNTLHRl8zxmKgQ0= | 12124.6 | 96.2167 | 13715.9 | 0.515345 | 0.856983 | 0 | AKM | 0 | 2.77643 | 65.1525 | 0 | 1 | 1 | 1 | 0 | 0 | 0 | 1 | camera | Land_Village_store | 0.515345 | 0 | 0.856983 
SCRIPT       : DATA_LOG | 1087049 | aRapBi1cCZPZAGLIDny3dk3hQ8vTmNTLHRl8zxmKgQ0= | 12124.5 | 96.2166 | 13715.8 | 0.515345 | 0.856983 | 0 | AKM | 0 | 2.76923 | 65.2964 | 0 | 1 | 1 | 1 | 0 | 0 | 0 | 1 | camera | Land_Village_store | 0.515345 | 0 | 0.856983 
 SCRIPT       : Player "rafaelglima79" (steamid=76561199445097358) disconnected early from server (EXIT NOW).
SCRIPT       : [Logout]: Player aRapBi1cCZPZAGLIDny3dk3hQ8vTmNTLHRl8zxmKgQ0= finished
SCRIPT       : [PlayerListManager] SyncEntryToReceivers ► uid: aRapBi1cCZPZAGLIDny3dk3hQ8vTmNTLHRl8zxmKgQ0= isn't in the players list! sending a remove.
SCRIPT       : PlayerDisconnected -> PlayerListManager.RemoveEntry ► aRapBi1cCZPZAGLIDny3dk3hQ8vTmNTLHRl8zxmKgQ0=
 SCRIPT       : [MissionServer] OnMissionFinish - Server
 SCRIPT       : ~DayZGame()
