---------------------------------------------
Log D:\steam\steamapps\common\DayZServer\profiles\script_2026-08-02_20-00-58.log started at 02.08. 20:01:00

SCRIPT       : Module: GameLib; loaded 18x files; 26x classes; used 39/2097 kB (1%) of static memory; defines: "DAYZ_1_29,SERVER_FOR_WINDOWS,SERVER,PLATFORM_WINDOWS,RELEASE,NO_GUI,NO_GUI_INGAME,sakhal,JM_CommunityFramework,CF_MODULE_CONFIG,CF_EXPRESSION,C
SCRIPT       : Registered 349 temporary action enum(s), UAN==349
SCRIPT       : Module: Game; loaded 521x files; 1604x classes; used 4275/33554 kB (12%) of static memory; defines: "DAYZ_1_29,SERVER_FOR_WINDOWS,SERVER,PLATFORM_WINDOWS,RELEASE,NO_GUI,NO_GUI_INGAME,sakhal,JM_CommunityFramework,CF_MODULE_CONFIG,CF_EXPRESSI
SCRIPT       : ... Backlit Effects Enabled
SCRIPT       : VPPNotificationManager()
SCRIPT       : [VPPAT] Internal VPPNotifications module loaded!
SCRIPT       : [DayZ Game]:: DayZGame(): Initializing V++ Admin Tools.
SCRIPT       : Module: World; loaded 2247x files; 5867x classes; used 9518/33554 kB (28%) of static memory; defines: "DAYZ_1_29,SERVER_FOR_WINDOWS,SERVER,PLATFORM_WINDOWS,RELEASE,NO_GUI,NO_GUI_INGAME,sakhal,JM_CommunityFramework,CF_MODULE_CONFIG,CF_EXPRES
 SCRIPT       : Module: Mission; loaded 293x files; 593x classes; used 3996/33554 kB (11%) of static memory; defines: "DAYZ_1_29,SERVER_FOR_WINDOWS,SERVER,PLATFORM_WINDOWS,RELEASE,NO_GUI,NO_GUI_INGAME,sakhal,JM_CommunityFramework,CF_MODULE_CONFIG,CF_EXPRE
 SCRIPT       : Module: $CurrentDir:mpmissions\dayzOffline.chernarusplus\init.c; loaded 1x files; 1x classes; used 6/1048 kB (0%) of static memory; defines: "DAYZ_1_29,SERVER_FOR_WINDOWS,SERVER,PLATFORM_WINDOWS,RELEASE,NO_GUI,NO_GUI_INGAME,sakhal,JM_Commu
 SCRIPT       : [SERVER :: Vanilla++ AdminTools Plugins Registering]
 SCRIPT       : [MissionServer] OnInit - Server
 SCRIPT       : [MissionServer] OnMissionStart - Server
 SCRIPT       : string dirtyName = 'TESTINGSERVER'
SCRIPT       : m_LoginTimeMs: 16200
 SCRIPT       : ---- PlayerBase OnStoreLoad SUCCESS ----
 SCRIPT       : [VPPAT] Player "rafaelglima79" (steamId=76561199445097358) connected to server!
 SCRIPT       : [PlayerListManager] AddReceiver ► added: PlayerIdentity<0x0000022261CEA190>
SCRIPT       : DATA_LOG | 527715 | 654400248 | 13892.5 | 3.28567 | 13546.3 | 0.404984 | -0.914324 | 0 | M16A2
SCRIPT       : DATA_LOG | 528716 | 654400248 | 13892.5 | 3.28567 | 13546.3 | 0.404984 | -0.914324 | 0 | M16A2
SCRIPT       : DATA_LOG | 529717 | 654400248 | 13892.5 | 3.28567 | 13546.3 | 0.404984 | -0.914324 | 0 | M16A2
SCRIPT       : DATA_LOG | 530718 | 654400248 | 13892.5 | 3.28567 | 13546.3 | 0.404984 | -0.914324 | 0 | M16A2
SCRIPT       : DATA_LOG | 531719 | 654400248 | 13892.5 | 3.28567 | 13546.3 | 0.404984 | -0.914324 | 0 | M16A2
SCRIPT       : DATA_LOG | 532720 | 654400248 | 13892.5 | 3.28567 | 13546.3 | 0.404984 | -0.914324 | 0 | M16A2
SCRIPT       : DATA_LOG | 533721 | 654400248 | 13892.5 | 3.28567 | 13546.3 | 0.404984 | -0.914324 | 0 | M16A2
SCRIPT       : DATA_LOG | 534722 | 654400248 | 13892.5 | 3.28567 | 13546.3 | 0.404984 | -0.914324 | 0 | M16A2
SCRIPT       : DATA_LOG | 535723 | 654400248 | 13892.5 | 3.28567 | 13546.3 | 0.404984 | -0.914324 | 0 | M16A2
SCRIPT       : DATA_LOG | 536724 | 654400248 | 13892.5 | 3.28567 | 13546.3 | 0.404984 | -0.914324 | 0 | M16A2
SCRIPT       : DATA_LOG | 537725 | 654400248 | 13892.5 | 3.28567 | 13546.3 | 0.404984 | -0.914324 | 0 | M16A2
SCRIPT       : DATA_LOG | 538726 | 654400248 | 13892.5 | 3.28567 | 13546.3 | 0.404984 | -0.914324 | 0 | M16A2
SCRIPT       : DATA_LOG | 539727 | 654400248 | 13892.5 | 3.28567 | 13546.3 | 0.404984 | -0.914324 | 0 | M16A2
SCRIPT       : DATA_LOG | 540728 | 654400248 | 13892.5 | 3.28567 | 13546.3 | 0.404984 | -0.914324 | 0 | M16A2
SCRIPT       : DATA_LOG | 541729 | 654400248 | 13892.5 | 3.28567 | 13546.3 | 0.404984 | -0.914324 | 0 | M16A2
SCRIPT       : DATA_LOG | 542730 | 654400248 | 13892.5 | 3.28567 | 13546.3 | 0.404984 | -0.914324 | 0 | M16A2
SCRIPT       : DATA_LOG | 543731 | 654400248 | 13892.5 | 3.28567 | 13546.3 | 0.404984 | -0.914324 | 0 | M16A2
SCRIPT       : DATA_LOG | 544732 | 654400248 | 13892.5 | 3.28567 | 13546.3 | 0.404985 | -0.914324 | 0 | M16A2
SCRIPT       : DATA_LOG | 545734 | 654400248 | 13892.5 | 3.28567 | 13546.3 | 0.404985 | -0.914323 | 0 | M16A2
SCRIPT       : DATA_LOG | 546735 | 654400248 | 13892.5 | 3.28567 | 13546.3 | 0.404985 | -0.914323 | 0 | M16A2
SCRIPT       : DATA_LOG | 547737 | 654400248 | 13892.5 | 3.28567 | 13546.3 | 0.404985 | -0.914323 | 0 | M16A2
SCRIPT       : DATA_LOG | 548738 | 654400248 | 13892.5 | 3.28567 | 13546.3 | 0.404985 | -0.914323 | 0 | M16A2
SCRIPT       : DATA_LOG | 549739 | 654400248 | 13892.5 | 3.28567 | 13546.3 | 0.404985 | -0.914323 | 0 | M16A2
SCRIPT       : DATA_LOG | 550740 | 654400248 | 13892.5 | 3.28567 | 13546.3 | 0.404985 | -0.914323 | 0 | M16A2
SCRIPT       : DATA_LOG | 551741 | 654400248 | 13892.5 | 3.28567 | 13546.3 | 0.404985 | -0.914323 | 0 | M16A2
SCRIPT       : DATA_LOG | 552742 | 654400248 | 13892.5 | 3.28567 | 13546.3 | 0.404985 | -0.914323 | 0 | M16A2
SCRIPT       : DATA_LOG | 553743 | 654400248 | 13892.5 | 3.28567 | 13546.3 | 0.404985 | -0.914323 | 0 | M16A2
SCRIPT       : DATA_LOG | 554744 | 654400248 | 13892.5 | 3.28567 | 13546.3 | 0.404985 | -0.914323 | 0 | M16A2
SCRIPT       : DATA_LOG | 555745 | 654400248 | 13892.5 | 3.28567 | 13546.3 | 0.404985 | -0.914323 | 0 | M16A2
SCRIPT       : DATA_LOG | 556768 | 654400248 | 13892.5 | 3.28567 | 13546.3 | 0.404985 | -0.914323 | 0 | M16A2
SCRIPT       : DATA_LOG | 557769 | 654400248 | 13892.5 | 3.28567 | 13546.3 | 0.404985 | -0.914323 | 0 | M16A2
SCRIPT       : DATA_LOG | 558773 | 654400248 | 13892.5 | 3.28567 | 13546.3 | 0.404985 | -0.914323 | 0 | M16A2
SCRIPT       : DATA_LOG | 559774 | 654400248 | 13892.5 | 3.28567 | 13546.3 | 0.404985 | -0.914323 | 0 | M16A2
SCRIPT       : DATA_LOG | 560776 | 654400248 | 13892.5 | 3.28567 | 13546.3 | 0.404985 | -0.914323 | 0 | M16A2
SCRIPT       : DATA_LOG | 561776 | 654400248 | 13894.1 | 3.29286 | 13545.7 | 0.914341 | -0.404946 | 0 | M16A2
SCRIPT       : DATA_LOG | 562777 | 654400248 | 13895.1 | 3.30223 | 13545.8 | 0.598646 | -0.801014 | 0 | M16A2
SCRIPT       : DATA_LOG | 563778 | 654400248 | 13895.1 | 3.30223 | 13545.8 | 0.598646 | -0.801014 | 0 | M16A2
SCRIPT       : DATA_LOG | 564779 | 654400248 | 13895.1 | 3.30223 | 13545.8 | 0.598646 | -0.801014 | 0 | M16A2
SCRIPT       : DATA_LOG | 565780 | 654400248 | 13895.1 | 3.30223 | 13545.8 | -0.538252 | -0.842784 | 0 | M16A2
SCRIPT       : DATA_LOG | 566782 | 654400248 | 13895.1 | 3.30223 | 13545.8 | -0.538252 | -0.842784 | 0 | M16A2
 SCRIPT       : [Permissions Manager] Admin (rafaelglima79) (76561199445097358) Successfully Logged in!
SCRIPT       : DATA_LOG | 567783 | 654400248 | 13895.1 | 3.30223 | 13545.8 | -0.538252 | -0.842784 | 0 | M16A2
SCRIPT       : DATA_LOG | 568784 | 654400248 | 13895.1 | 3.30223 | 13545.8 | -0.538252 | -0.842784 | 0 | M16A2
SCRIPT       : DATA_LOG | 569785 | 654400248 | 13895.1 | 3.30223 | 13545.8 | -0.538252 | -0.842784 | 0 | M16A2
SCRIPT       : DATA_LOG | 570787 | 654400248 | 13895.1 | 3.30223 | 13545.8 | -0.538252 | -0.842784 | 0 | M16A2
SCRIPT       : DATA_LOG | 571788 | 654400248 | 13895.1 | 3.30223 | 13545.8 | -0.538252 | -0.842784 | 0 | M16A2
SCRIPT       : DATA_LOG | 572788 | 654400248 | 13895.1 | 3.30223 | 13545.8 | -0.538252 | -0.842784 | 0 | M16A2
SCRIPT       : DATA_LOG | 573789 | 654400248 | 13895.1 | 3.30223 | 13545.8 | -0.538252 | -0.842784 | 0 | M16A2
SCRIPT       : DATA_LOG | 574790 | 654400248 | 13895.1 | 3.30223 | 13545.8 | -0.538252 | -0.842784 | 0 | M16A2
SCRIPT       : DATA_LOG | 575793 | 654400248 | 13895.1 | 3.30223 | 13545.8 | -0.538252 | -0.842784 | 0 | M16A2
SCRIPT       : DATA_LOG | 576795 | 654400248 | 13895.1 | 3.30223 | 13545.8 | -0.538252 | -0.842784 | 0 | M16A2
SCRIPT       : DATA_LOG | 577795 | 654400248 | 13895.1 | 3.30223 | 13545.8 | -0.538252 | -0.842784 | 0 | M16A2
SCRIPT       : DATA_LOG | 578796 | 654400248 | 13895.1 | 3.30223 | 13545.8 | -0.538252 | -0.842784 | 0 | M16A2
SCRIPT       : DATA_LOG | 579797 | 654400248 | 13895.1 | 3.30223 | 13545.8 | -0.538252 | -0.842784 | 0 | M16A2
SCRIPT       : DATA_LOG | 580798 | 654400248 | 13895.1 | 3.30223 | 13545.8 | -0.538252 | -0.842784 | 0 | M16A2
SCRIPT       : DATA_LOG | 581800 | 654400248 | 13895.1 | 3.30223 | 13545.8 | -0.538252 | -0.842784 | 0 | M16A2
SCRIPT       : DATA_LOG | 582800 | 654400248 | 13895.1 | 3.30223 | 13545.8 | -0.538252 | -0.842784 | 0 | M16A2
SCRIPT       : DATA_LOG | 583803 | 654400248 | 13895.1 | 3.30223 | 13545.8 | -0.538252 | -0.842784 | 0 | M16A2
SCRIPT       : DATA_LOG | 584803 | 654400248 | 13895.1 | 3.30223 | 13545.8 | -0.538252 | -0.842784 | 0 | M16A2
SCRIPT       : DATA_LOG | 585805 | 654400248 | 13895.1 | 3.30223 | 13545.8 | -0.538252 | -0.842784 | 0 | M16A2
SCRIPT       : DATA_LOG | 586806 | 654400248 | 13895.1 | 3.30223 | 13545.8 | -0.538252 | -0.842784 | 0 | M16A2
SCRIPT       : DATA_LOG | 587808 | 654400248 | 13895.1 | 3.30223 | 13545.8 | -0.538252 | -0.842784 | 0 | M16A2
SCRIPT       : DATA_LOG | 588809 | 654400248 | 13895.1 | 3.30223 | 13545.8 | -0.538252 | -0.842784 | 0 | M16A2
SCRIPT       : DATA_LOG | 589811 | 654400248 | 13895.8 | 3.3013 | 13543.9 | 0.37064 | -0.928777 | 0 | M16A2
SCRIPT       : DATA_LOG | 590812 | 654400248 | 13895.6 | 3.29964 | 13540.5 | -0.359171 | -0.933272 | 0 | M16A2
SCRIPT       : DATA_LOG | 591813 | 654400248 | 13895.7 | 3.58811 | 13537.1 | 0.591069 | -0.806621 | 0 | M16A2
SCRIPT       : DATA_LOG | 592814 | 654400248 | 13894.8 | 3.56052 | 13534.4 | 0.780508 | -0.625146 | 0 | M16A2
SCRIPT       : DATA_LOG | 593815 | 654400248 | 13898.6 | 3.49073 | 13530.6 | 0.314895 | -0.949126 | 0 | M16A2
SCRIPT       : DATA_LOG | 594816 | 654400248 | 13899.3 | 3.47196 | 13529.8 | -0.705157 | 0.709051 | 0 | M16A2
SCRIPT       : DATA_LOG | 595817 | 654400248 | 13895.6 | 3.41906 | 13532.7 | -0.777983 | 0.628285 | 0 | M16A2
SCRIPT       : DATA_LOG | 596818 | 654400248 | 13895.4 | 3.67715 | 13537.5 | -0.134223 | 0.990951 | 0 | M16A2
SCRIPT       : DATA_LOG | 597819 | 654400248 | 13893.7 | 3.2848 | 13543.8 | -0.160398 | 0.987052 | 0 | M16A2
SCRIPT       : DATA_LOG | 598820 | 654400248 | 13892.3 | 3.31498 | 13550.4 | -0.1604 | 0.987052 | 0 | M16A2
SCRIPT       : DATA_LOG | 599821 | 654400248 | 13891.8 | 3.31498 | 13557.3 | -0.0698689 | 0.997556 | 0 | M16A2
SCRIPT       : DATA_LOG | 600822 | 654400248 | 13892.7 | 3.31496 | 13563.6 | -0.225991 | 0.974129 | 0 | M16A2
SCRIPT       : DATA_LOG | 601823 | 654400248 | 13890.9 | 3.31494 | 13570 | -0.0806176 | 0.996745 | 0 | M16A2
SCRIPT       : DATA_LOG | 602824 | 654400248 | 13891.5 | 3.31498 | 13576.7 | 0.0803304 | 0.996768 | 0 | M16A2
SCRIPT       : DATA_LOG | 603825 | 654400248 | 13893.4 | 3.315 | 13581.5 | 0.325748 | 0.945457 | 0 | M16A2
SCRIPT       : DATA_LOG | 604826 | 654400248 | 13893.8 | 3.31499 | 13583.9 | 0.499047 | 0.866575 | 0 | M16A2
SCRIPT       : DATA_LOG | 605827 | 654400248 | 13895.2 | 3.315 | 13583.5 | -0.22427 | 0.974527 | 0 | M16A2
SCRIPT       : DATA_LOG | 606828 | 654400248 | 13894.6 | 3.31499 | 13583.6 | 0.878654 | 0.477459 | 0 | M16A2
SCRIPT       : DATA_LOG | 607829 | 654400248 | 13895 | 3.31499 | 13584 | 0.997343 | 0.0728497 | 0 | M16A2
SCRIPT       : DATA_LOG | 608830 | 654400248 | 13895.8 | 4.50874 | 13584.2 | 0.609211 | 0.793008 | 0 | M16A2
SCRIPT       : DATA_LOG | 609831 | 654400248 | 13895.8 | 4.50264 | 13584.2 | 0.606104 | 0.795386 | 0 | M16A2
SCRIPT       : DATA_LOG | 610832 | 654400248 | 13897.1 | 4.50466 | 13584 | 0.947104 | -0.320926 | 0 | M16A2
SCRIPT       : DATA_LOG | 611833 | 654400248 | 13898.4 | 4.50465 | 13583.5 | 0.909038 | -0.416713 | 0 | M16A2
SCRIPT       : DATA_LOG | 612834 | 654400248 | 13898.1 | 4.50462 | 13584 | -0.572802 | -0.819694 | 0 | M16A2
SCRIPT       : DATA_LOG | 613835 | 654400248 | 13895.1 | 4.29374 | 13583.7 | -0.294968 | -0.955507 | 0 | M16A2
SCRIPT       : DATA_LOG | 614837 | 654400248 | 13894.2 | 3.3149 | 13583.4 | -0.781874 | 0.623436 | 0 | M16A2
SCRIPT       : DATA_LOG | 615837 | 654400248 | 13889.6 | 3.31495 | 13587.2 | -0.770547 | 0.637384 | 0 | M16A2
SCRIPT       : DATA_LOG | 616838 | 654400248 | 13885.9 | 3.31492 | 13589.6 | -0.564802 | 0.825227 | 0 | M16A2
SCRIPT       : DATA_LOG | 617839 | 654400248 | 13884.6 | 3.31494 | 13591.1 | -0.0423797 | 0.999102 | 0 | M16A2
SCRIPT       : DATA_LOG | 618840 | 654400248 | 13885.7 | 3.31492 | 13590.9 | -0.291127 | 0.956684 | 0 | M16A2
SCRIPT       : DATA_LOG | 619841 | 654400248 | 13885 | 3.31499 | 13591.4 | 0.966962 | -0.25492 | 0 | M16A2
SCRIPT       : DATA_LOG | 620843 | 654400248 | 13885.6 | 3.31494 | 13590.6 | 0.588511 | 0.808489 | 0 | M16A2
SCRIPT       : DATA_LOG | 621844 | 654400248 | 13882 | 3.3149 | 13592.6 | -0.915183 | 0.403038 | 0 | M16A2
SCRIPT       : DATA_LOG | 622845 | 654400248 | 13876.8 | 3.31498 | 13595.6 | -0.907979 | 0.419016 | 0 | M16A2
SCRIPT       : DATA_LOG | 623846 | 654400248 | 13871.5 | 3.31071 | 13599.1 | -0.892562 | 0.450925 | 0 | M16A2
SCRIPT       : DATA_LOG | 624848 | 654400248 | 13865.9 | 3.47109 | 13602.5 | -0.662992 | 0.748627 | 0 | M16A2
SCRIPT       : DATA_LOG | 625848 | 654400248 | 13860.3 | 3.40593 | 13605.6 | -0.61418 | 0.789166 | 0 | M16A2
SCRIPT       : DATA_LOG | 626849 | 654400248 | 13854.6 | 3.42536 | 13608.8 | -0.972527 | 0.232792 | 0 | M16A2
SCRIPT       : DATA_LOG | 627851 | 654400248 | 13849.1 | 3.47524 | 13611.9 | -0.876519 | 0.481368 | 0 | M16A2
SCRIPT       : DATA_LOG | 628852 | 654400248 | 13843.6 | 3.31964 | 13615.4 | -0.87648 | 0.481439 | 0 | M16A2
SCRIPT       : DATA_LOG | 629853 | 654400248 | 13838.2 | 3.31484 | 13619.3 | -0.845945 | 0.53327 | 0 | M16A2
SCRIPT       : DATA_LOG | 630855 | 654400248 | 13832.7 | 3.31496 | 13622.9 | -0.834872 | 0.550444 | 0 | M16A2
SCRIPT       : DATA_LOG | 631855 | 654400248 | 13832.1 | 3.31584 | 13623.4 | -0.836889 | 0.547373 | 0 | M16A2
SCRIPT       : DATA_LOG | 632856 | 654400248 | 13832.1 | 3.31584 | 13623.4 | -0.836889 | 0.547373 | 0 | M16A2
SCRIPT       : DATA_LOG | 633857 | 654400248 | 13832.1 | 3.31584 | 13623.4 | -0.836889 | 0.547373 | 0 | M16A2
SCRIPT       : DATA_LOG | 634858 | 654400248 | 13832.1 | 3.31584 | 13623.4 | -0.836889 | 0.547373 | 0 | M16A2
SCRIPT       : DATA_LOG | 635861 | 654400248 | 13832.1 | 3.31584 | 13623.4 | -0.836889 | 0.547373 | 0 | M16A2
SCRIPT       : DATA_LOG | 636863 | 654400248 | 13832.1 | 3.31584 | 13623.4 | -0.836889 | 0.547373 | 0 | M16A2
SCRIPT       : DATA_LOG | 637864 | 654400248 | 13832.1 | 3.31584 | 13623.4 | -0.836889 | 0.547373 | 0 | M16A2
SCRIPT       : DATA_LOG | 638866 | 654400248 | 13832.1 | 3.31584 | 13623.4 | -0.836889 | 0.547373 | 0 | M16A2
SCRIPT       : DATA_LOG | 639867 | 654400248 | 13832.1 | 3.31584 | 13623.4 | -0.836889 | 0.547373 | 0 | M16A2
SCRIPT       : DATA_LOG | 640868 | 654400248 | 13832.1 | 3.31584 | 13623.4 | -0.836889 | 0.547373 | 0 | none
SCRIPT       : DATA_LOG | 641869 | 654400248 | 13832.1 | 3.31584 | 13623.4 | -0.836889 | 0.547373 | 0 | none
SCRIPT       : DATA_LOG | 642870 | 654400248 | 13829.3 | 3.37957 | 13625.1 | -0.777102 | 0.629375 | 0 | none
SCRIPT       : DATA_LOG | 643871 | 654400248 | 13825.8 | 3.38028 | 13627 | -0.592172 | 0.805812 | 0 | none
SCRIPT       : DATA_LOG | 644872 | 654400248 | 13821.9 | 3.2579 | 13628.3 | -0.414557 | 0.910023 | 0 | none
SCRIPT       : DATA_LOG | 645873 | 654400248 | 13818 | 3.2547 | 13629.7 | -0.414941 | 0.909848 | 0 | none
SCRIPT       : DATA_LOG | 646874 | 654400248 | 13814.4 | 3.25226 | 13631.5 | -0.587235 | 0.809417 | 0 | none
SCRIPT       : DATA_LOG | 647875 | 654400248 | 13810.7 | 3.24368 | 13632.8 | -0.620269 | 0.784389 | 0 | none
SCRIPT       : DATA_LOG | 648876 | 654400248 | 13806.6 | 3.37224 | 13633.3 | -0.617559 | 0.786525 | 0 | none
SCRIPT       : DATA_LOG | 649877 | 654400248 | 13802.6 | 3.37236 | 13633.6 | -0.796904 | 0.604106 | 0 | none
SCRIPT       : DATA_LOG | 650879 | 654400248 | 13798.7 | 3.29005 | 13634.4 | -0.775937 | 0.63081 | 0 | none
SCRIPT       : DATA_LOG | 651879 | 654400248 | 13795.1 | 3.36819 | 13635.7 | -0.77542 | 0.631446 | 0 | none
SCRIPT       : DATA_LOG | 652880 | 654400248 | 13791.9 | 3.35729 | 13638.3 | -0.77542 | 0.631446 | 0 | none
SCRIPT       : DATA_LOG | 653881 | 654400248 | 13788.8 | 3.2206 | 13640.9 | -0.763605 | 0.645684 | 0 | none
SCRIPT       : DATA_LOG | 654882 | 654400248 | 13786.7 | 3.07214 | 13642.7 | -0.719569 | 0.694421 | 0 | none
SCRIPT       : DATA_LOG | 655883 | 654400248 | 13786.7 | 3.07214 | 13642.7 | -0.719569 | 0.694421 | 0 | none
SCRIPT       : DATA_LOG | 656884 | 654400248 | 13786.7 | 3.07214 | 13642.7 | -0.719569 | 0.694421 | 0 | none
SCRIPT       : DATA_LOG | 657885 | 654400248 | 13784.5 | 2.98771 | 13645.5 | -0.623788 | 0.781594 | 0 | M16A2
SCRIPT       : DATA_LOG | 658887 | 654400248 | 13782.1 | 2.92313 | 13648.1 | -0.734372 | 0.678748 | 0 | M16A2
SCRIPT       : DATA_LOG | 659889 | 654400248 | 13778.1 | 2.78081 | 13651.7 | -0.734154 | 0.678983 | 0 | M16A2
SCRIPT       : DATA_LOG | 660889 | 654400248 | 13773.4 | 2.72756 | 13656.5 | -0.683623 | 0.729835 | 0 | M16A2
SCRIPT       : DATA_LOG | 661890 | 654400248 | 13767.9 | 2.76757 | 13660.2 | -0.843553 | 0.537046 | 0 | M16A2
SCRIPT       : DATA_LOG | 662891 | 654400248 | 13762.4 | 2.8091 | 13664.1 | -0.719373 | 0.694624 | 0 | M16A2
SCRIPT       : DATA_LOG | 663892 | 654400248 | 13757.5 | 2.83068 | 13668.3 | -0.377338 | 0.926076 | 0 | M16A2
SCRIPT       : DATA_LOG | 664893 | 654400248 | 13752.4 | 2.82289 | 13672.9 | 0.0710065 | 0.997476 | 0 | M16A2
SCRIPT       : DATA_LOG | 665894 | 654400248 | 13748.9 | 2.74653 | 13676 | 0.3474 | 0.937717 | 0 | M16A2
SCRIPT       : DATA_LOG | 666895 | 654400248 | 13746 | 2.74256 | 13677.8 | -0.275806 | 0.961213 | 0 | M16A2
SCRIPT       : DATA_LOG | 667896 | 654400248 | 13740.9 | 2.64052 | 13681.7 | -0.886641 | 0.462458 | 0 | M16A2
SCRIPT       : DATA_LOG | 668897 | 654400248 | 13736.1 | 2.41762 | 13686.1 | -0.999999 | -0.00115475 | 0 | M16A2
SCRIPT       : DATA_LOG | 669898 | 654400248 | 13731.1 | 2.41382 | 13690.2 | -0.887955 | 0.45993 | 0 | M16A2
SCRIPT       : DATA_LOG | 670899 | 654400248 | 13726.6 | 2.41044 | 13695.1 | -0.615002 | 0.788526 | 0 | M16A2
SCRIPT       : DATA_LOG | 671900 | 654400248 | 13722.5 | 2.7281 | 13700.4 | -0.683129 | 0.730297 | 0 | M16A2
SCRIPT       : DATA_LOG | 672901 | 654400248 | 13717.8 | 2.76556 | 13705.1 | -0.697322 | 0.716758 | 0 | M16A2
SCRIPT       : DATA_LOG | 673902 | 654400248 | 13713.1 | 2.33843 | 13709.9 | -0.697301 | 0.716779 | 0 | M16A2
SCRIPT       : DATA_LOG | 674903 | 654400248 | 13708.4 | 3.01377 | 13714.9 | -0.697301 | 0.716779 | 0 | M16A2
SCRIPT       : DATA_LOG | 675905 | 654400248 | 13706.1 | 3.4498 | 13719.5 | -0.697301 | 0.716779 | 0 | M16A2
SCRIPT       : DATA_LOG | 676906 | 654400248 | 13703.6 | 3.55422 | 13722.2 | -0.696798 | 0.717267 | 0 | M16A2
SCRIPT       : DATA_LOG | 677907 | 654400248 | 13701.8 | 3.81978 | 13725.3 | -0.856131 | 0.516759 | 0 | M16A2
SCRIPT       : DATA_LOG | 678908 | 654400248 | 13699.9 | 3.90228 | 13728.1 | -0.867186 | 0.497985 | 0 | M16A2
SCRIPT       : DATA_LOG | 679908 | 654400248 | 13697.2 | 3.97065 | 13730.3 | -0.838498 | 0.544905 | 0 | M16A2
SCRIPT       : DATA_LOG | 680909 | 654400248 | 13695.7 | 4.05332 | 13733.3 | -0.839786 | 0.542917 | 0 | M16A2
SCRIPT       : DATA_LOG | 681911 | 654400248 | 13693.6 | 4.18333 | 13735.9 | -0.832591 | 0.553888 | 0 | M16A2
SCRIPT       : DATA_LOG | 682912 | 654400248 | 13691.3 | 4.33449 | 13738.6 | -0.830619 | 0.55684 | 0 | M16A2
SCRIPT       : DATA_LOG | 683912 | 654400248 | 13687.8 | 4.47121 | 13743.9 | -0.830619 | 0.556841 | 0 | M16A2
SCRIPT       : DATA_LOG | 684913 | 654400248 | 13683 | 4.79314 | 13748.2 | -0.69574 | 0.718294 | 0 | M16A2
SCRIPT       : DATA_LOG | 685914 | 654400248 | 13682 | 4.75036 | 13751.5 | -0.757808 | 0.652478 | 0 | M16A2
SCRIPT       : DATA_LOG | 686915 | 654400248 | 13681.2 | 4.75763 | 13753.1 | -0.964947 | 0.262445 | 0 | M16A2
SCRIPT       : DATA_LOG | 687916 | 654400248 | 13681 | 4.85532 | 13750.7 | -0.99374 | 0.111721 | 0 | M16A2
SCRIPT       : DATA_LOG | 688917 | 654400248 | 13678.2 | 5.00588 | 13751.4 | 0.233856 | 0.972271 | 0 | M16A2
SCRIPT       : DATA_LOG | 689918 | 654400248 | 13678.1 | 4.97596 | 13752.3 | 0.958551 | 0.284921 | 0 | M16A2
SCRIPT       : DATA_LOG | 690919 | 654400248 | 13678.3 | 4.92604 | 13753.3 | 0.985208 | 0.171361 | 0 | M16A2
SCRIPT       : DATA_LOG | 691920 | 654400248 | 13678 | 4.94781 | 13753.2 | 0.952489 | 0.304574 | 0 | M16A2
SCRIPT       : DATA_LOG | 692921 | 654400248 | 13677.8 | 4.9545 | 13753.4 | -0.165659 | 0.986183 | 0 | M16A2
SCRIPT       : DATA_LOG | 693922 | 654400248 | 13676.6 | 4.99189 | 13754.2 | -0.892216 | 0.451609 | 0 | M16A2
SCRIPT       : DATA_LOG | 694929 | 654400248 | 13676.6 | 4.99189 | 13754.2 | -0.892216 | 0.451609 | 0 | M16A2
SCRIPT       : DATA_LOG | 695929 | 654400248 | 13676.6 | 4.99189 | 13754.2 | -0.892216 | 0.451609 | 0 | none
SCRIPT       : DATA_LOG | 696930 | 654400248 | 13676.6 | 4.99189 | 13754.2 | -0.892216 | 0.451609 | 0 | none
SCRIPT       : DATA_LOG | 697931 | 654400248 | 13676.6 | 4.99189 | 13754.2 | -0.892216 | 0.451609 | 0 | none
SCRIPT       : DATA_LOG | 698932 | 654400248 | 13676.6 | 4.99189 | 13754.2 | -0.892216 | 0.451609 | 0 | none
SCRIPT       : DATA_LOG | 699975 | 654400248 | 13676.6 | 4.99189 | 13754.2 | -0.892216 | 0.451609 | 0 | none
SCRIPT       : DATA_LOG | 700977 | 654400248 | 13676.5 | 4.99427 | 13754.2 | -0.921391 | 0.388637 | 0 | none
SCRIPT       : DATA_LOG | 701977 | 654400248 | 13672.7 | 5.18017 | 13754.8 | -0.970178 | 0.242392 | 0 | none
SCRIPT       : DATA_LOG | 702978 | 654400248 | 13668.9 | 5.32881 | 13755.4 | -0.968478 | 0.249101 | 0 | none
SCRIPT       : DATA_LOG | 703979 | 654400248 | 13665.4 | 5.47039 | 13755.7 | -0.99006 | -0.140645 | 0 | M16A2
SCRIPT       : DATA_LOG | 704980 | 654400248 | 13659.4 | 5.67446 | 13756.4 | -0.986819 | 0.161825 | 0 | M16A2
SCRIPT       : DATA_LOG | 705982 | 654400248 | 13654.6 | 5.72388 | 13756.7 | -0.779915 | 0.625886 | 0 | M16A2
SCRIPT       : DATA_LOG | 706982 | 654400248 | 13651.1 | 5.72452 | 13756.6 | -0.974124 | -0.226014 | 0 | M16A2
SCRIPT       : DATA_LOG | 707983 | 654400248 | 13648.5 | 5.71838 | 13757.5 | -0.808106 | -0.589037 | 0 | M16A2
SCRIPT       : DATA_LOG | 708984 | 654400248 | 13646.8 | 5.72137 | 13757 | -0.347568 | -0.937655 | 0 | M16A2
SCRIPT       : DATA_LOG | 709985 | 654400248 | 13647 | 5.72081 | 13757.1 | -0.296012 | -0.955184 | 0 | M16A2
SCRIPT       : DATA_LOG | 710987 | 654400248 | 13645.1 | 5.71877 | 13757.4 | -0.216943 | -0.976184 | 0 | M16A2
SCRIPT       : DATA_LOG | 711988 | 654400248 | 13642.1 | 5.71867 | 13757.5 | -0.529566 | 0.848269 | 0 | M16A2
SCRIPT       : DATA_LOG | 712990 | 654400248 | 13641.3 | 5.69149 | 13761.8 | -0.378282 | 0.925691 | 1 | M16A2
SCRIPT       : DATA_LOG | 713991 | 654400248 | 13641.1 | 5.68582 | 13763.1 | -0.395399 | 0.91851 | 1 | M16A2
SCRIPT       : DATA_LOG | 714993 | 654400248 | 13641.5 | 5.68516 | 13763.3 | -0.455575 | 0.890198 | 1 | M16A2
SCRIPT       : DATA_LOG | 715993 | 654400248 | 13641.5 | 5.68516 | 13763.3 | -0.455575 | 0.890198 | 1 | M16A2
SCRIPT       : DATA_LOG | 716994 | 654400248 | 13641.5 | 5.68516 | 13763.3 | -0.455575 | 0.890198 | 1 | M16A2
SCRIPT       : DATA_LOG | 717996 | 654400248 | 13641.3 | 5.68499 | 13763.7 | -0.494188 | 0.869355 | 0 | M16A2
SCRIPT       : DATA_LOG | 718997 | 654400248 | 13637.8 | 5.69033 | 13763.1 | -0.99893 | 0.0462392 | 0 | M16A2
SCRIPT       : DATA_LOG | 719998 | 654400248 | 13633.8 | 5.70838 | 13762.3 | -0.929977 | 0.367618 | 0 | M16A2
SCRIPT       : DATA_LOG | 721000 | 654400248 | 13627.8 | 5.755 | 13765.2 | -0.987825 | -0.155571 | 0 | M16A2
SCRIPT       : DATA_LOG | 722000 | 654400248 | 13623.4 | 5.75002 | 13768.1 | -0.982763 | -0.184872 | 0 | M16A2
SCRIPT       : DATA_LOG | 723001 | 654400248 | 13619.7 | 5.74599 | 13769 | -0.910986 | -0.412438 | 0 | M16A2
SCRIPT       : DATA_LOG | 724002 | 654400248 | 13616.9 | 5.74105 | 13769.8 | -0.407082 | -0.913392 | 0 | M16A2
SCRIPT       : DATA_LOG | 725003 | 654400248 | 13615.5 | 5.74059 | 13768.8 | 0.168979 | -0.98562 | 0 | M16A2
SCRIPT       : DATA_LOG | 726004 | 654400248 | 13615.6 | 5.74002 | 13769.2 | 0.52647 | -0.850194 | 0 | M16A2
SCRIPT       : DATA_LOG | 727007 | 654400248 | 13615.7 | 5.74048 | 13769 | 0.52647 | -0.850194 | 0 | M16A2
SCRIPT       : DATA_LOG | 728007 | 654400248 | 13615.7 | 5.74048 | 13769 | 0.52647 | -0.850194 | 0 | M16A2
SCRIPT       : DATA_LOG | 729009 | 654400248 | 13615.7 | 5.74048 | 13769 | 0.52647 | -0.850194 | 0 | M16A2
SCRIPT       : DATA_LOG | 730010 | 654400248 | 13615.2 | 5.73734 | 13770.5 | -0.999139 | -0.0414783 | 0 | M16A2
SCRIPT       : DATA_LOG | 731012 | 654400248 | 13612.9 | 5.73185 | 13771.4 | -0.969325 | -0.245781 | 0 | M16A2
SCRIPT       : DATA_LOG | 732013 | 654400248 | 13616.1 | 5.73678 | 13771.1 | 0.973484 | -0.228755 | 0 | M16A2
SCRIPT       : DATA_LOG | 733014 | 654400248 | 13620.3 | 5.75025 | 13766.4 | 0.232972 | -0.972483 | 0 | M16A2
SCRIPT       : DATA_LOG | 734015 | 654400248 | 13624 | 5.765 | 13760.7 | 0.262793 | -0.964852 | 0 | M16A2
SCRIPT       : DATA_LOG | 735016 | 654400248 | 13627.1 | 5.78464 | 13754.7 | 0.0547244 | -0.998502 | 0 | M16A2
SCRIPT       : DATA_LOG | 736017 | 654400248 | 13627.5 | 5.77632 | 13748.5 | 0.0570537 | -0.998371 | 0 | M16A2
SCRIPT       : DATA_LOG | 737018 | 654400248 | 13631.6 | 5.77822 | 13750 | 0.601309 | -0.799016 | 0 | M16A2
SCRIPT       : DATA_LOG | 738019 | 654400248 | 13633.3 | 5.77994 | 13747.2 | -0.0166849 | -0.999861 | 0 | M16A2
SCRIPT       : DATA_LOG | 739020 | 654400248 | 13631.3 | 5.78356 | 13745.5 | -0.244412 | -0.969671 | 0 | M16A2
SCRIPT       : DATA_LOG | 740021 | 654400248 | 13630.2 | 5.78358 | 13742.1 | -0.143596 | -0.989636 | 0 | M16A2
SCRIPT       : DATA_LOG | 741022 | 654400248 | 13630.1 | 5.78355 | 13741.8 | -0.143596 | -0.989636 | 0 | M16A2
SCRIPT       : DATA_LOG | 742023 | 654400248 | 13630.1 | 5.78355 | 13741.8 | -0.143596 | -0.989636 | 0 | M16A2
SCRIPT       : DATA_LOG | 743024 | 654400248 | 13630.1 | 5.78355 | 13741.8 | -0.143596 | -0.989636 | 0 | M16A2
SCRIPT       : DATA_LOG | 744025 | 654400248 | 13630.1 | 5.78355 | 13741.8 | -0.143596 | -0.989636 | 0 | M16A2
SCRIPT       : DATA_LOG | 745026 | 654400248 | 13631.5 | 5.78352 | 13740.8 | 0.877681 | -0.479245 | 0 | M16A2
SCRIPT       : DATA_LOG | 746028 | 654400248 | 13632.5 | 5.78359 | 13739.4 | 0.869683 | -0.493611 | 0 | M16A2
SCRIPT       : DATA_LOG | 747028 | 654400248 | 13632.9 | 5.78357 | 13739.9 | 0.624137 | 0.781315 | 0 | M16A2
SCRIPT       : DATA_LOG | 748030 | 654400248 | 13634.1 | 5.78355 | 13743.3 | 0.229029 | 0.97342 | 0 | M16A2
SCRIPT       : DATA_LOG | 749030 | 654400248 | 13634.2 | 5.78359 | 13745.1 | -0.31786 | 0.948138 | 0 | M16A2
SCRIPT       : DATA_LOG | 750031 | 654400248 | 13633.3 | 5.77625 | 13748.5 | -0.919576 | 0.392912 | 0 | M16A2
SCRIPT       : DATA_LOG | 751032 | 654400248 | 13629.4 | 5.77614 | 13748.4 | -0.880703 | -0.473669 | 0 | M16A2
SCRIPT       : DATA_LOG | 752033 | 654400248 | 13623 | 5.78088 | 13746.7 | -0.9998 | -0.0199942 | 0 | M16A2
SCRIPT       : DATA_LOG | 753034 | 654400248 | 13618.1 | 5.78674 | 13746.9 | -0.998708 | 0.0508115 | 0 | M16A2
SCRIPT       : DATA_LOG | 754036 | 654400248 | 13614.6 | 5.80293 | 13746.7 | -0.999226 | -0.0393392 | 0 | M16A2
SCRIPT       : DATA_LOG | 755038 | 654400248 | 13612.2 | 5.80288 | 13747.2 | -0.962919 | -0.269789 | 0 | M16A2
SCRIPT       : DATA_LOG | 756038 | 654400248 | 13611.6 | 5.80289 | 13748.4 | -0.559339 | 0.828939 | 0 | M16A2
SCRIPT       : DATA_LOG | 757039 | 654400248 | 13610.5 | 5.80291 | 13749.1 | -0.391286 | 0.920269 | 0 | M16A2
SCRIPT       : DATA_LOG | 758040 | 654400248 | 13610.4 | 5.80293 | 13749.7 | -0.287149 | 0.957886 | 0 | M16A2
SCRIPT       : DATA_LOG | 759041 | 654400248 | 13610.4 | 5.80293 | 13749.7 | -0.287149 | 0.957886 | 0 | M16A2
SCRIPT       : DATA_LOG | 760042 | 654400248 | 13610.4 | 5.80293 | 13749.7 | -0.287149 | 0.957886 | 0 | M16A2
SCRIPT       : DATA_LOG | 761043 | 654400248 | 13610.4 | 5.80293 | 13749.7 | -0.287149 | 0.957886 | 0 | M16A2
SCRIPT       : DATA_LOG | 762044 | 654400248 | 13610.4 | 5.80293 | 13749.7 | -0.287149 | 0.957886 | 0 | M16A2
SCRIPT       : DATA_LOG | 763045 | 654400248 | 13610.4 | 5.80293 | 13749.7 | -0.287149 | 0.957886 | 0 | M16A2
SCRIPT       : DATA_LOG | 764046 | 654400248 | 13610.4 | 5.80293 | 13749.7 | -0.287149 | 0.957886 | 0 | M16A2
SCRIPT       : DATA_LOG | 765047 | 654400248 | 13610.4 | 5.80293 | 13749.7 | -0.287149 | 0.957886 | 0 | M16A2
SCRIPT       : DATA_LOG | 766048 | 654400248 | 13610.4 | 5.80293 | 13749.7 | -0.287149 | 0.957886 | 0 | M16A2
SCRIPT       : DATA_LOG | 767049 | 654400248 | 13610.4 | 5.80293 | 13749.7 | 0.122135 | 0.992513 | 0 | M16A2
SCRIPT       : DATA_LOG | 768051 | 654400248 | 13612.7 | 5.80293 | 13750.4 | 0.97502 | 0.222116 | 0 | M16A2
SCRIPT       : DATA_LOG | 769052 | 654400248 | 13612.7 | 5.80293 | 13749.8 | -0.322538 | 0.946557 | 0 | M16A2
SCRIPT       : DATA_LOG | 770052 | 654400248 | 13609.4 | 5.80293 | 13749.9 | -0.992296 | -0.123887 | 0 | M16A2
SCRIPT       : DATA_LOG | 771053 | 654400248 | 13606.2 | 5.80341 | 13750.8 | -0.454842 | 0.890572 | 0 | M16A2
SCRIPT       : DATA_LOG | 772055 | 654400248 | 13606.5 | 5.80292 | 13751.5 | -0.617272 | 0.78675 | 1 | M16A2
SCRIPT       : DATA_LOG | 773055 | 654400248 | 13606.5 | 5.80292 | 13751.5 | -0.617272 | 0.78675 | 1 | M16A2
SCRIPT       : DATA_LOG | 774056 | 654400248 | 13605.2 | 5.80468 | 13752.4 | -0.890489 | 0.455005 | 0 | M16A2
SCRIPT       : DATA_LOG | 775064 | 654400248 | 13601.6 | 5.87893 | 13753.1 | -0.999986 | -0.00525266 | 0 | M16A2
SCRIPT       : DATA_LOG | 776065 | 654400248 | 13598.3 | 5.87892 | 13753.9 | -0.769439 | 0.638721 | 0 | M16A2
SCRIPT       : DATA_LOG | 777066 | 654400248 | 13596 | 5.87896 | 13753.7 | -0.994151 | 0.108002 | 0 | M16A2
SCRIPT       : DATA_LOG | 778067 | 654400248 | 13596.5 | 5.8789 | 13755.1 | 0.131564 | 0.991308 | 0 | M16A2
SCRIPT       : DATA_LOG | 779068 | 654400248 | 13597 | 5.90957 | 13756.6 | 0.558844 | 0.829273 | 0 | M16A2
SCRIPT       : DATA_LOG | 780069 | 654400248 | 13598.9 | 5.87894 | 13756.6 | 0.779011 | -0.62701 | 0 | M16A2
SCRIPT       : DATA_LOG | 781070 | 654400248 | 13601.7 | 5.87889 | 13755.5 | 0.751013 | -0.660287 | 0 | M16A2
SCRIPT       : DATA_LOG | 782071 | 654400248 | 13601.3 | 5.87889 | 13755.9 | -0.856034 | -0.51692 | 0 | M16A2
SCRIPT       : DATA_LOG | 783072 | 654400248 | 13598.1 | 5.87893 | 13756.3 | -0.281381 | -0.959596 | 0 | M16A2
SCRIPT       : DATA_LOG | 784073 | 654400248 | 13598 | 5.87897 | 13755.9 | -0.281381 | -0.959596 | 0 | M16A2
SCRIPT       : DATA_LOG | 785074 | 654400248 | 13598 | 5.87897 | 13755.9 | -0.281381 | -0.959596 | 0 | M16A2
SCRIPT       : DATA_LOG | 786075 | 654400248 | 13599.6 | 5.96942 | 13753.7 | 0.97488 | -0.222729 | 0 | M16A2
SCRIPT       : DATA_LOG | 787076 | 654400248 | 13602.9 | 5.81053 | 13753.7 | -0.147546 | 0.989055 | 0 | M16A2
SCRIPT       : DATA_LOG | 788077 | 654400248 | 13603.9 | 5.80942 | 13756.7 | -0.828079 | 0.560611 | 0 | M16A2
SCRIPT       : DATA_LOG | 789078 | 654400248 | 13599.3 | 5.82028 | 13759.2 | -0.994611 | -0.103676 | 0 | M16A2
SCRIPT       : DATA_LOG | 790079 | 654400248 | 13595.1 | 5.83784 | 13759.9 | -0.727734 | -0.685859 | 0 | M16A2
SCRIPT       : DATA_LOG | 791081 | 654400248 | 13595.1 | 5.83784 | 13759.9 | -0.727734 | -0.685859 | 0 | M16A2
SCRIPT       : DATA_LOG | 792081 | 654400248 | 13595.1 | 5.83784 | 13759.9 | -0.727734 | -0.685859 | 0 | M16A2
SCRIPT       : DATA_LOG | 793082 | 654400248 | 13595.1 | 5.83784 | 13759.9 | -0.727734 | -0.685859 | 0 | M16A2
SCRIPT       : DATA_LOG | 794084 | 654400248 | 13594.9 | 5.83886 | 13759.8 | -0.724396 | -0.689384 | 0 | M16A2
SCRIPT       : DATA_LOG | 795085 | 654400248 | 13595.2 | 5.83716 | 13758.9 | 0.96933 | 0.245761 | 0 | M16A2
SCRIPT       : DATA_LOG | 796086 | 654400248 | 13599.6 | 5.81925 | 13759.7 | 0.995855 | -0.0909556 | 0 | M16A2
SCRIPT       : DATA_LOG | 797087 | 654400248 | 13605.5 | 5.80955 | 13757 | 0.999348 | 0.0360984 | 0 | M16A2
SCRIPT       : DATA_LOG | 798088 | 654400248 | 13609.4 | 5.81666 | 13760.4 | 0.177013 | 0.984208 | 0 | M16A2
SCRIPT       : DATA_LOG | 799089 | 654400248 | 13612.5 | 5.78321 | 13766 | 0.582119 | 0.813104 | 0 | M16A2
SCRIPT       : DATA_LOG | 800090 | 654400248 | 13613.7 | 5.75481 | 13767.4 | 0.747774 | 0.663954 | 0 | M16A2
SCRIPT       : DATA_LOG | 801091 | 654400248 | 13614.5 | 5.73949 | 13768.6 | 0.902364 | 0.430975 | 0 | M16A2
SCRIPT       : DATA_LOG | 802092 | 654400248 | 13614.5 | 5.73929 | 13768.7 | 0.556817 | 0.830635 | 0 | M16A2
SCRIPT       : DATA_LOG | 803094 | 654400248 | 13613.3 | 5.73166 | 13771.7 | -0.791112 | 0.611671 | 0 | M16A2
SCRIPT       : DATA_LOG | 804094 | 654400248 | 13613.4 | 5.72253 | 13775.1 | 0.331404 | 0.943489 | 0 | M16A2
SCRIPT       : DATA_LOG | 805095 | 654400248 | 13616.2 | 5.72139 | 13776.9 | 0.959763 | 0.280813 | 1 | M16A2
SCRIPT       : DATA_LOG | 806096 | 654400248 | 13617.2 | 5.72197 | 13777.2 | 0.965214 | 0.26146 | 1 | M16A2
SCRIPT       : DATA_LOG | 807097 | 654400248 | 13617.2 | 5.72197 | 13777.2 | 0.965214 | 0.26146 | 1 | M16A2
SCRIPT       : DATA_LOG | 808098 | 654400248 | 13617.2 | 5.72197 | 13777.2 | 0.965214 | 0.26146 | 1 | M16A2
SCRIPT       : DATA_LOG | 809100 | 654400248 | 13617.7 | 5.72225 | 13777.4 | 0.950526 | 0.310643 | 0 | M16A2
SCRIPT       : DATA_LOG | 810100 | 654400248 | 13622.2 | 5.53979 | 13779.9 | 0.44079 | 0.89761 | 0 | M16A2
SCRIPT       : DATA_LOG | 811101 | 654400248 | 13622.7 | 5.25994 | 13783.9 | 0.102329 | 0.994751 | 0 | M16A2
SCRIPT       : DATA_LOG | 812102 | 654400248 | 13623.1 | 5.33511 | 13785.6 | 0.431311 | 0.902203 | 0 | M16A2
SCRIPT       : DATA_LOG | 813103 | 654400248 | 13622.7 | 5.36911 | 13785.8 | 0.551806 | 0.833972 | 0 | M16A2
SCRIPT       : DATA_LOG | 814104 | 654400248 | 13622.9 | 6.08959 | 13789.7 | 0.00245344 | 0.999997 | 0 | M16A2
SCRIPT       : DATA_LOG | 815105 | 654400248 | 13620.3 | 6.46158 | 13792.2 | -0.994681 | 0.103001 | 0 | M16A2
SCRIPT       : DATA_LOG | 816107 | 654400248 | 13613.5 | 6.11521 | 13792.9 | -0.984591 | 0.174875 | 0 | M16A2
SCRIPT       : DATA_LOG | 817108 | 654400248 | 13607.3 | 5.35013 | 13794.1 | -0.974424 | 0.224718 | 0 | M16A2
SCRIPT       : DATA_LOG | 818110 | 654400248 | 13600.9 | 5.2274 | 13796 | -0.95521 | 0.29593 | 0 | M16A2
SCRIPT       : DATA_LOG | 819110 | 654400248 | 13594.5 | 5.69966 | 13797.9 | -0.955362 | 0.295437 | 0 | M16A2
SCRIPT       : DATA_LOG | 820111 | 654400248 | 13587.6 | 5.74669 | 13798.2 | -0.779437 | 0.62648 | 0 | M16A2
SCRIPT       : DATA_LOG | 821113 | 654400248 | 13580.9 | 5.47976 | 13798.4 | -0.677134 | 0.73586 | 0 | M16A2
SCRIPT       : DATA_LOG | 822114 | 654400248 | 13574.5 | 5.5756 | 13800.1 | -0.920002 | 0.391914 | 0 | M16A2
SCRIPT       : DATA_LOG | 823115 | 654400248 | 13568.5 | 5.71876 | 13803 | -0.978226 | -0.207544 | 0 | M16A2
SCRIPT       : DATA_LOG | 824116 | 654400248 | 13563.4 | 5.88803 | 13807.1 | -0.865529 | 0.500859 | 0 | M16A2
SCRIPT       : DATA_LOG | 825117 | 654400248 | 13558.2 | 6.00304 | 13811 | -0.989982 | 0.141196 | 0 | M16A2
SCRIPT       : DATA_LOG | 826118 | 654400248 | 13552 | 6.03268 | 13813.3 | -0.863131 | 0.504979 | 0 | M16A2
SCRIPT       : DATA_LOG | 827119 | 654400248 | 13545.5 | 6.03477 | 13814.9 | -0.60304 | 0.797711 | 0 | M16A2
SCRIPT       : DATA_LOG | 828120 | 654400248 | 13539 | 5.99986 | 13816.2 | -0.931266 | 0.36434 | 0 | M16A2
SCRIPT       : DATA_LOG | 829121 | 654400248 | 13536.2 | 5.95472 | 13818.7 | -0.926842 | -0.375451 | 0 | M16A2
SCRIPT       : DATA_LOG | 830122 | 654400248 | 13533.8 | 5.89349 | 13819.8 | -0.947652 | -0.319306 | 0 | M16A2
SCRIPT       : DATA_LOG | 831123 | 654400248 | 13531 | 5.82162 | 13821.8 | -0.973081 | -0.230465 | 0 | M16A2
SCRIPT       : DATA_LOG | 832124 | 654400248 | 13529.9 | 5.77377 | 13824.6 | -0.958487 | 0.285135 | 0 | M16A2
SCRIPT       : DATA_LOG | 833125 | 654400248 | 13528 | 5.67953 | 13827.1 | -0.900323 | -0.435223 | 0 | M16A2
SCRIPT       : DATA_LOG | 834126 | 654400248 | 13525.9 | 5.57814 | 13830.4 | -0.941998 | 0.335619 | 0 | M16A2
SCRIPT       : DATA_LOG | 835127 | 654400248 | 13521.8 | 5.45749 | 13835.6 | -0.997089 | -0.0762524 | 0 | M16A2
SCRIPT       : DATA_LOG | 836128 | 654400248 | 13517.6 | 5.40212 | 13835.7 | -0.999411 | -0.0343187 | 1 | M16A2
SCRIPT       : DATA_LOG | 837130 | 654400248 | 13515.5 | 5.32098 | 13835.6 | -0.999375 | -0.0353485 | 1 | M16A2
SCRIPT       : DATA_LOG | 838130 | 654400248 | 13511.9 | 5.26007 | 13835.2 | -0.946438 | -0.322886 | 0 | M16A2
SCRIPT       : DATA_LOG | 839131 | 654400248 | 13506.8 | 4.63148 | 13831.4 | -0.599523 | -0.800358 | 0 | M16A2
SCRIPT       : DATA_LOG | 840132 | 654400248 | 13503.7 | 4.91047 | 13828.8 | -0.82656 | 0.562849 | 0 | M16A2
SCRIPT       : DATA_LOG | 841141 | 654400248 | 13503.7 | 4.91176 | 13828.8 | -0.454971 | 0.890506 | 0 | M16A2
SCRIPT       : DATA_LOG | 842142 | 654400248 | 13501.6 | 5.11733 | 13828.6 | -0.381376 | 0.92442 | 0 | M16A2
SCRIPT       : DATA_LOG | 843143 | 654400248 | 13501.1 | 5.066 | 13830.5 | -0.237628 | 0.971356 | 0 | M16A2
SCRIPT       : DATA_LOG | 844145 | 654400248 | 13499 | 5.23979 | 13832.9 | 0.989578 | 0.144001 | 0 | M16A2
SCRIPT       : DATA_LOG | 845145 | 654400248 | 13500.7 | 5.16569 | 13833.6 | 0.387024 | -0.92207 | 1 | M16A2
SCRIPT       : DATA_LOG | 846147 | 654400248 | 13500 | 5.19672 | 13832 | 0.5686 | 0.822614 | 0 | M16A2
SCRIPT       : DATA_LOG | 847156 | 654400248 | 13499.6 | 5.20393 | 13831.9 | 0.0488916 | 0.998804 | 1 | M16A2
SCRIPT       : DATA_LOG | 848157 | 654400248 | 13499.4 | 5.21869 | 13832.3 | 0.722579 | 0.691289 | 0 | M16A2
SCRIPT       : DATA_LOG | 849158 | 654400248 | 13499.3 | 5.23967 | 13833.2 | 0.996755 | -0.0804916 | 1 | M16A2
SCRIPT       : DATA_LOG | 850159 | 654400248 | 13499.3 | 5.23967 | 13833.2 | 0.996755 | -0.0804916 | 1 | M16A2
SCRIPT       : DATA_LOG | 851161 | 654400248 | 13499.3 | 5.23967 | 13833.2 | 0.996755 | -0.0804916 | 1 | M16A2
SCRIPT       : DATA_LOG | 852162 | 654400248 | 13500.3 | 5.17307 | 13832.2 | -0.224435 | 0.974489 | 0 | M16A2
SCRIPT       : DATA_LOG | 853163 | 654400248 | 13503.3 | 4.92249 | 13832.9 | 0.685841 | -0.727752 | 0 | M16A2
SCRIPT       : DATA_LOG | 854164 | 654400248 | 13503.8 | 5.01663 | 13827.3 | -0.497583 | -0.867417 | 0 | M16A2
SCRIPT       : DATA_LOG | 855166 | 654400248 | 13501.7 | 5.00073 | 13824.8 | -0.941307 | -0.337551 | 0 | M16A2
SCRIPT       : DATA_LOG | 856166 | 654400248 | 13500.1 | 4.86866 | 13822.1 | -0.00985407 | -0.999951 | 0 | M16A2
SCRIPT       : DATA_LOG | 857167 | 654400248 | 13499.1 | 4.87992 | 13822 | 0.0233981 | -0.999726 | 0 | M16A2
SCRIPT       : DATA_LOG | 858168 | 654400248 | 13499.1 | 4.87968 | 13822 | 0.0444303 | -0.999012 | 0 | M16A2
SCRIPT       : DATA_LOG | 859169 | 654400248 | 13499.2 | 4.86787 | 13821.3 | 0.154517 | -0.98799 | 1 | M16A2
SCRIPT       : DATA_LOG | 860170 | 654400248 | 13499.4 | 4.85513 | 13820.6 | 0.21763 | -0.976031 | 1 | M16A2
SCRIPT       : DATA_LOG | 861171 | 654400248 | 13499.4 | 4.85513 | 13820.6 | 0.21763 | -0.976031 | 1 | M16A2
SCRIPT       : DATA_LOG | 862172 | 654400248 | 13499.2 | 4.86328 | 13821 | -0.999882 | 0.0153868 | 0 | M16A2
SCRIPT       : DATA_LOG | 863173 | 654400248 | 13496.6 | 4.93366 | 13823 | -0.815297 | 0.579043 | 0 | M16A2
SCRIPT       : DATA_LOG | 864174 | 654400248 | 13496.5 | 5.00472 | 13823.1 | -0.815641 | 0.578559 | 0 | M16A2
SCRIPT       : DATA_LOG | 865175 | 654400248 | 13495 | 5.46231 | 13825.5 | 0.501234 | 0.865312 | 0 | M16A2
SCRIPT       : DATA_LOG | 866176 | 654400248 | 13495.9 | 5.47536 | 13828.6 | -0.899749 | 0.436407 | 0 | M16A2
SCRIPT       : DATA_LOG | 867177 | 654400248 | 13495.7 | 5.46231 | 13829.2 | -0.911919 | 0.41037 | 0 | M16A2
SCRIPT       : DATA_LOG | 868178 | 654400248 | 13495.7 | 5.46231 | 13829.2 | -0.911919 | 0.41037 | 0 | M16A2
SCRIPT       : DATA_LOG | 869179 | 654400248 | 13495.7 | 5.46231 | 13829.2 | -0.911919 | 0.41037 | 0 | M16A2
SCRIPT       : DATA_LOG | 870180 | 654400248 | 13495.7 | 5.46231 | 13829.2 | -0.911919 | 0.41037 | 0 | M16A2
SCRIPT       : DATA_LOG | 871182 | 654400248 | 13495.7 | 5.46231 | 13829.2 | -0.911919 | 0.41037 | 0 | M16A2
SCRIPT       : DATA_LOG | 872182 | 654400248 | 13495.7 | 5.46231 | 13829.2 | -0.911919 | 0.41037 | 0 | M16A2
SCRIPT       : DATA_LOG | 873183 | 654400248 | 13495.7 | 5.46231 | 13829.2 | -0.911919 | 0.41037 | 0 | M16A2
SCRIPT       : DATA_LOG | 874184 | 654400248 | 13495.7 | 5.46231 | 13829.2 | -0.893828 | -0.44841 | 0 | none
SCRIPT       : DATA_LOG | 875185 | 654400248 | 13496.6 | 5.47386 | 13827.8 | -0.343125 | -0.93929 | 0 | none
SCRIPT       : DATA_LOG | 876187 | 654400248 | 13494 | 5.46231 | 13825.3 | -0.983824 | 0.17914 | 0 | none
SCRIPT       : DATA_LOG | 877187 | 654400248 | 13490.5 | 5.46231 | 13827.1 | -0.761585 | -0.648065 | 0 | none
SCRIPT       : DATA_LOG | 878188 | 654400248 | 13489.7 | 5.46227 | 13827.4 | 0.614545 | -0.788882 | 0 | none
SCRIPT       : DATA_LOG | 879189 | 654400248 | 13491.6 | 5.50955 | 13825.1 | -0.270939 | -0.962597 | 0 | none
SCRIPT       : DATA_LOG | 880191 | 654400248 | 13490.3 | 5.50783 | 13825.6 | -0.204995 | 0.978763 | 0 | none
SCRIPT       : DATA_LOG | 881192 | 654400248 | 13489.6 | 5.46231 | 13827.1 | 0.981408 | -0.191934 | 0 | none
SCRIPT       : DATA_LOG | 882192 | 654400248 | 13493 | 5.46227 | 13825.5 | 0.938217 | -0.346047 | 0 | none
SCRIPT       : DATA_LOG | 883193 | 654400248 | 13495 | 5.46228 | 13825.6 | 0.875866 | 0.482555 | 0 | none
SCRIPT       : DATA_LOG | 884194 | 654400248 | 13495 | 5.46228 | 13825.6 | 0.875866 | 0.482555 | 0 | none
SCRIPT       : DATA_LOG | 885195 | 654400248 | 13495 | 5.46228 | 13825.6 | 0.875866 | 0.482555 | 0 | none
SCRIPT       : DATA_LOG | 886196 | 654400248 | 13495 | 5.46228 | 13825.6 | 0.875866 | 0.482555 | 0 | none
SCRIPT       : DATA_LOG | 887197 | 654400248 | 13495 | 5.46228 | 13825.6 | 0.875866 | 0.482555 | 0 | none
SCRIPT       : DATA_LOG | 888198 | 654400248 | 13495 | 5.46228 | 13825.6 | 0.282321 | 0.95932 | 0 | none
SCRIPT       : DATA_LOG | 889199 | 654400248 | 13495 | 5.46228 | 13825.6 | 0.282321 | 0.95932 | 0 | none
SCRIPT       : DATA_LOG | 890200 | 654400248 | 13495 | 5.46228 | 13825.6 | 0.282321 | 0.95932 | 0 | none
SCRIPT       : DATA_LOG | 891201 | 654400248 | 13495 | 5.46228 | 13825.6 | 0.282321 | 0.95932 | 0 | none
SCRIPT       : DATA_LOG | 892203 | 654400248 | 13495 | 5.46228 | 13825.6 | 0.282321 | 0.95932 | 0 | none
SCRIPT       : DATA_LOG | 893204 | 654400248 | 13495 | 5.46228 | 13825.6 | 0.282321 | 0.95932 | 0 | none
SCRIPT       : DATA_LOG | 894206 | 654400248 | 13495.4 | 5.47386 | 13826.5 | -0.997182 | 0.0750162 | 0 | none
SCRIPT       : DATA_LOG | 895207 | 654400248 | 13495.1 | 5.46229 | 13826.2 | -0.989187 | -0.146658 | 0 | M16A2
SCRIPT       : DATA_LOG | 896208 | 654400248 | 13492 | 5.51027 | 13826.4 | -0.944855 | 0.32749 | 0 | M16A2
SCRIPT       : DATA_LOG | 897209 | 654400248 | 13488.7 | 5.46231 | 13826.3 | -0.74675 | -0.665105 | 0 | M16A2
SCRIPT       : DATA_LOG | 898211 | 654400248 | 13487.6 | 5.46231 | 13825.3 | 0.298243 | -0.95449 | 0 | M16A2
SCRIPT       : DATA_LOG | 899212 | 654400248 | 13487 | 5.46231 | 13823.8 | -0.210146 | -0.97767 | 0 | M16A2
SCRIPT       : DATA_LOG | 900213 | 654400248 | 13485.1 | 5.4623 | 13823.6 | -0.674471 | -0.738301 | 0 | M16A2
SCRIPT       : DATA_LOG | 901213 | 654400248 | 13483.3 | 5.28074 | 13822.3 | -0.719734 | 0.69425 | 0 | M16A2
SCRIPT       : DATA_LOG | 902214 | 654400248 | 13480 | 5.27248 | 13827.2 | -0.0520188 | 0.998646 | 0 | M16A2
SCRIPT       : DATA_LOG | 903215 | 654400248 | 13478.5 | 4.82037 | 13833.7 | -0.0126356 | 0.99992 | 0 | M16A2
SCRIPT       : DATA_LOG | 904216 | 654400248 | 13477.8 | 4.57456 | 13839.9 | 0.448973 | 0.893545 | 0 | M16A2
SCRIPT       : DATA_LOG | 905217 | 654400248 | 13480.4 | 5.33827 | 13846.3 | 0.884266 | 0.466983 | 0 | M16A2
SCRIPT       : DATA_LOG | 906218 | 654400248 | 13485.4 | 5.69652 | 13850.6 | 0.99825 | 0.0591425 | 0 | M16A2
SCRIPT       : DATA_LOG | 907219 | 654400248 | 13491.7 | 5.68144 | 13853.1 | 0.99873 | 0.0503872 | 0 | M16A2
SCRIPT       : DATA_LOG | 908220 | 654400248 | 13497.8 | 5.59877 | 13855.6 | 0.564029 | 0.825755 | 0 | M16A2
SCRIPT       : DATA_LOG | 909221 | 654400248 | 13501.3 | 5.84091 | 13860.8 | -0.093666 | 0.995604 | 0 | M16A2
SCRIPT       : DATA_LOG | 910222 | 654400248 | 13501.8 | 6.74333 | 13867.5 | -0.269033 | 0.963131 | 0 | M16A2
SCRIPT       : DATA_LOG | 911223 | 654400248 | 13501.6 | 8.3494 | 13874 | -0.128293 | 0.991736 | 0 | M16A2
SCRIPT       : DATA_LOG | 912224 | 654400248 | 13502.6 | 9.59914 | 13880.5 | 0.476651 | 0.879093 | 0 | M16A2
SCRIPT       : DATA_LOG | 913225 | 654400248 | 13501.8 | 9.98102 | 13884.2 | 0.670505 | 0.741905 | 0 | M16A2
SCRIPT       : DATA_LOG | 914226 | 654400248 | 13501.9 | 9.97577 | 13884.1 | 0.67076 | 0.741675 | 0 | M16A2
SCRIPT       : DATA_LOG | 915227 | 654400248 | 13501.4 | 9.99458 | 13884.6 | 0.67076 | 0.741675 | 0 | M16A2
SCRIPT       : DATA_LOG | 916228 | 654400248 | 13500.3 | 10.2253 | 13887.6 | 0.00217802 | 0.999998 | 0 | M16A2
SCRIPT       : DATA_LOG | 917229 | 654400248 | 13502.1 | 10.6879 | 13893.2 | 0.144919 | 0.989444 | 0 | M16A2
SCRIPT       : DATA_LOG | 918230 | 654400248 | 13504.6 | 11.1329 | 13899 | -0.642318 | 0.766438 | 1 | M16A2
SCRIPT       : DATA_LOG | 919231 | 654400248 | 13503.9 | 11.4956 | 13900.7 | -0.963022 | -0.269421 | 0 | M16A2
SCRIPT       : DATA_LOG | 920232 | 654400248 | 13500.5 | 11.716 | 13901.1 | -0.895037 | 0.445992 | 0 | M16A2
SCRIPT       : DATA_LOG | 921233 | 654400248 | 13497 | 11.7147 | 13901.3 | -0.96897 | 0.247177 | 0 | M16A2
SCRIPT       : DATA_LOG | 922234 | 654400248 | 13493.5 | 11.7133 | 13902.3 | -0.912717 | 0.408592 | 0 | M16A2
SCRIPT       : DATA_LOG | 923235 | 654400248 | 13492.3 | 11.7123 | 13905.5 | 0.50808 | 0.86131 | 0 | M16A2
SCRIPT       : DATA_LOG | 924236 | 654400248 | 13492.1 | 11.7117 | 13908.8 | 0.788763 | 0.614697 | 0 | M16A2
SCRIPT       : DATA_LOG | 925237 | 654400248 | 13494 | 11.7123 | 13909.1 | 0.755968 | 0.654608 | 0 | M16A2
SCRIPT       : DATA_LOG | 926238 | 654400248 | 13496.1 | 11.4381 | 13910.9 | 0.679227 | 0.733929 | 0 | M16A2
SCRIPT       : DATA_LOG | 927239 | 654400248 | 13500.2 | 11.3784 | 13916.2 | 0.968043 | 0.250783 | 0 | M16A2
SCRIPT       : DATA_LOG | 928240 | 654400248 | 13504.3 | 11.3673 | 13921.5 | 0.639398 | 0.768876 | 0 | M16A2
SCRIPT       : DATA_LOG | 929242 | 654400248 | 13509.1 | 11.2267 | 13925.8 | 0.63366 | 0.773612 | 0 | M16A2
SCRIPT       : DATA_LOG | 930242 | 654400248 | 13514.1 | 11.1059 | 13930.1 | -0.0639886 | 0.997951 | 0 | M16A2
SCRIPT       : DATA_LOG | 931243 | 654400248 | 13518.7 | 11.0576 | 13935 | 0.480373 | 0.877064 | 0 | M16A2
SCRIPT       : DATA_LOG | 932244 | 654400248 | 13523.7 | 10.759 | 13939.7 | 0.716831 | 0.697247 | 0 | M16A2
SCRIPT       : DATA_LOG | 933245 | 654400248 | 13528.5 | 10.0227 | 13944.3 | 0.723062 | 0.690783 | 0 | M16A2
SCRIPT       : DATA_LOG | 934246 | 654400248 | 13532.7 | 9.57292 | 13948.5 | 0.697051 | 0.717021 | 0 | M16A2
SCRIPT       : DATA_LOG | 935247 | 654400248 | 13534.9 | 9.54591 | 13951.2 | 0.681868 | 0.731475 | 1 | M16A2
SCRIPT       : DATA_LOG | 936248 | 654400248 | 13535.5 | 9.50982 | 13951.8 | 0.68599 | 0.727611 | 1 | M16A2
SCRIPT       : DATA_LOG | 937249 | 654400248 | 13535.5 | 9.50982 | 13951.8 | 0.68599 | 0.727611 | 1 | M16A2
SCRIPT       : DATA_LOG | 938250 | 654400248 | 13537.2 | 9.52368 | 13953.8 | 0.535012 | 0.844845 | 0 | M16A2
SCRIPT       : DATA_LOG | 939251 | 654400248 | 13540.9 | 9.57182 | 13958.8 | 0.65417 | 0.756347 | 0 | M16A2
SCRIPT       : DATA_LOG | 940253 | 654400248 | 13546.1 | 10.3122 | 13962.6 | 0.864077 | 0.50336 | 0 | M16A2
SCRIPT       : DATA_LOG | 941253 | 654400248 | 13549 | 11.1169 | 13964.9 | 0.990822 | 0.135177 | 0 | M16A2
SCRIPT       : DATA_LOG | 942254 | 654400248 | 13552.3 | 11.4801 | 13966.1 | 0.654349 | 0.756192 | 0 | M16A2
SCRIPT       : DATA_LOG | 943255 | 654400248 | 13553.6 | 11.6529 | 13968.7 | -0.428566 | 0.90351 | 0 | M16A2
SCRIPT       : DATA_LOG | 944256 | 654400248 | 13552.4 | 11.6163 | 13970.5 | -0.21583 | 0.976431 | 0 | M16A2
SCRIPT       : DATA_LOG | 945257 | 654400248 | 13552.2 | 11.6196 | 13973.8 | 0.245364 | 0.969431 | 0 | M16A2
SCRIPT       : DATA_LOG | 946258 | 654400248 | 13554 | 11.63 | 13979.7 | 0.371069 | 0.928605 | 0 | M16A2
SCRIPT       : DATA_LOG | 947259 | 654400248 | 13556 | 11.6297 | 13985.7 | -0.381366 | 0.924424 | 0 | M16A2
SCRIPT       : DATA_LOG | 948260 | 654400248 | 13557.3 | 11.6916 | 13989.1 | 0.965114 | 0.261831 | 0 | M16A2
SCRIPT       : DATA_LOG | 949262 | 654400248 | 13562 | 11.8194 | 13988.6 | 0.890783 | -0.454429 | 0 | M16A2
SCRIPT       : DATA_LOG | 950262 | 654400248 | 13568.1 | 11.8857 | 13987.2 | 0.475441 | -0.879748 | 0 | M16A2
SCRIPT       : DATA_LOG | 951263 | 654400248 | 13568.8 | 11.8341 | 13985.8 | 0.0261455 | -0.999658 | 0 | M16A2
SCRIPT       : DATA_LOG | 952264 | 654400248 | 13568.1 | 11.8505 | 13983.9 | -0.406057 | -0.913848 | 0 | M16A2
SCRIPT       : DATA_LOG | 953265 | 654400248 | 13565.2 | 11.8505 | 13982.5 | -0.975058 | 0.221949 | 0 | M16A2
SCRIPT       : DATA_LOG | 954266 | 654400248 | 13562.5 | 11.8505 | 13984.7 | -0.989414 | 0.145117 | 0 | M16A2
SCRIPT       : DATA_LOG | 955267 | 654400248 | 13561.9 | 11.8505 | 13985.1 | 0.0235111 | -0.999724 | 0 | M16A2
SCRIPT       : DATA_LOG | 956268 | 654400248 | 13564.7 | 11.8504 | 13983.3 | 0.765183 | -0.643813 | 0 | M16A2
SCRIPT       : DATA_LOG | 957269 | 654400248 | 13566.4 | 11.8505 | 13981 | 0.737283 | -0.675584 | 0 | M16A2
SCRIPT       : DATA_LOG | 958270 | 654400248 | 13566.4 | 11.8505 | 13981 | 0.737283 | -0.675584 | 0 | M16A2
SCRIPT       : DATA_LOG | 959271 | 654400248 | 13566.5 | 11.8504 | 13978.4 | -0.0632142 | -0.998 | 0 | M16A2
SCRIPT       : DATA_LOG | 960272 | 654400248 | 13564.4 | 11.8505 | 13975.8 | -0.987302 | -0.158856 | 0 | M16A2
SCRIPT       : DATA_LOG | 961274 | 654400248 | 13562.9 | 11.8502 | 13973.3 | 0.511963 | -0.859007 | 0 | M16A2
SCRIPT       : DATA_LOG | 962274 | 654400248 | 13563.2 | 11.8505 | 13971.2 | 0.841144 | -0.540812 | 0 | M16A2
SCRIPT       : DATA_LOG | 963275 | 654400248 | 13561.1 | 11.8504 | 13972.3 | -0.946593 | 0.32243 | 0 | M16A2
SCRIPT       : DATA_LOG | 964277 | 654400248 | 13559.7 | 11.8505 | 13973.4 | -0.996499 | 0.0836098 | 0 | M16A2
SCRIPT       : DATA_LOG | 965277 | 654400248 | 13556.5 | 11.8505 | 13972.9 | -0.832584 | -0.553899 | 0 | M16A2
SCRIPT       : DATA_LOG | 966278 | 654400248 | 13555.2 | 11.8505 | 13972.9 | -0.859729 | -0.51075 | 0 | M16A2
SCRIPT       : DATA_LOG | 967280 | 654400248 | 13555.2 | 11.8505 | 13972.9 | -0.924531 | -0.381108 | 0 | M16A2
SCRIPT       : DATA_LOG | 968281 | 654400248 | 13555.4 | 12.0256 | 13974.9 | 0.400812 | 0.91616 | 0 | M16A2
SCRIPT       : DATA_LOG | 969282 | 654400248 | 13555.5 | 12.0704 | 13974.9 | 0.400812 | 0.91616 | 0 | M16A2
SCRIPT       : DATA_LOG | 970283 | 654400248 | 13555.5 | 12.0704 | 13974.9 | 0.400812 | 0.91616 | 0 | M16A2
SCRIPT       : DATA_LOG | 971284 | 654400248 | 13555.5 | 12.0704 | 13974.9 | 0.400812 | 0.91616 | 0 | M16A2
SCRIPT       : DATA_LOG | 972285 | 654400248 | 13557.4 | 11.8505 | 13974.3 | 0.996211 | 0.086972 | 0 | M16A2
SCRIPT       : DATA_LOG | 973286 | 654400248 | 13560.6 | 11.8504 | 13973.2 | 0.996987 | 0.0775667 | 0 | M16A2
SCRIPT       : DATA_LOG | 974287 | 654400248 | 13562.5 | 11.8502 | 13974.2 | 0.214188 | 0.976792 | 0 | M16A2
SCRIPT       : DATA_LOG | 975288 | 654400248 | 13565.3 | 11.8505 | 13975.9 | 0.869564 | 0.49382 | 0 | M16A2
SCRIPT       : DATA_LOG | 976290 | 654400248 | 13565.3 | 11.8505 | 13976 | 0.869564 | 0.49382 | 0 | none
SCRIPT       : DATA_LOG | 977291 | 654400248 | 13566.3 | 11.8505 | 13976.5 | 0.908324 | 0.418268 | 0 | Glock19
SCRIPT       : DATA_LOG | 978292 | 654400248 | 13567.3 | 11.8505 | 13976.4 | 0.923639 | -0.383265 | 0 | Glock19
SCRIPT       : DATA_LOG | 979294 | 654400248 | 13570.3 | 11.7448 | 13977.9 | -0.00944179 | 0.999955 | 0 | Glock19
SCRIPT       : DATA_LOG | 980295 | 654400248 | 13571.3 | 11.7773 | 13981 | -0.44167 | 0.897177 | 0 | Glock19
SCRIPT       : DATA_LOG | 981296 | 654400248 | 13571.9 | 11.7825 | 13984.4 | -0.929485 | 0.36886 | 1 | Glock19
SCRIPT       : DATA_LOG | 982296 | 654400248 | 13571.9 | 11.7825 | 13984.4 | -0.929485 | 0.36886 | 1 | Glock19
SCRIPT       : DATA_LOG | 983297 | 654400248 | 13571.9 | 11.7825 | 13984.4 | -0.929485 | 0.36886 | 1 | Glock19
SCRIPT       : DATA_LOG | 984298 | 654400248 | 13571.9 | 11.7825 | 13984.4 | -0.929485 | 0.36886 | 1 | Glock19
SCRIPT       : DATA_LOG | 985299 | 654400248 | 13571 | 11.7853 | 13985 | -0.794388 | 0.60741 | 0 | Glock19
SCRIPT       : DATA_LOG | 986300 | 654400248 | 13567.7 | 11.8911 | 13987.3 | 0.374129 | 0.927377 | 0 | Glock19
SCRIPT       : DATA_LOG | 987301 | 654400248 | 13568.7 | 12.4943 | 13991 | 0.572468 | 0.819927 | 0 | Glock19
SCRIPT       : DATA_LOG | 988303 | 654400248 | 13570.9 | 13.2983 | 13994.4 | 0.988302 | 0.152512 | 0 | Glock19
SCRIPT       : DATA_LOG | 989303 | 654400248 | 13573.3 | 13.4894 | 13997.7 | 0.989132 | 0.147028 | 0 | Glock19
SCRIPT       : DATA_LOG | 990304 | 654400248 | 13575.6 | 13.5211 | 14000.7 | 0.843681 | 0.536845 | 0 | Glock19
SCRIPT       : DATA_LOG | 991306 | 654400248 | 13576.9 | 13.4803 | 14001.8 | 0.72361 | 0.690209 | 0 | Glock19
SCRIPT       : DATA_LOG | 992307 | 654400248 | 13577.9 | 13.4837 | 14004.3 | 0.0313122 | 0.99951 | 0 | Glock19
SCRIPT       : DATA_LOG | 993308 | 654400248 | 13580 | 13.4585 | 14007.2 | -0.249436 | 0.968391 | 0 | Glock19
SCRIPT       : DATA_LOG | 994309 | 654400248 | 13581 | 13.5215 | 14010.5 | -0.361904 | 0.932215 | 0 | Glock19
SCRIPT       : DATA_LOG | 995310 | 654400248 | 13582.2 | 13.5831 | 14013.8 | -0.0506111 | 0.998718 | 0 | Glock19
SCRIPT       : DATA_LOG | 996312 | 654400248 | 13584 | 13.625 | 14016.9 | 0.838849 | 0.544364 | 0 | Glock19
SCRIPT       : DATA_LOG | 997312 | 654400248 | 13586.7 | 13.8446 | 14017.7 | -0.198895 | 0.980021 | 0 | Glock19
SCRIPT       : DATA_LOG | 998313 | 654400248 | 13588.1 | 13.8437 | 14017.8 | 0.524127 | 0.85164 | 0 | Glock19
SCRIPT       : DATA_LOG | 999314 | 654400248 | 13590.2 | 13.8421 | 14019.4 | 0.644708 | 0.764429 | 0 | Glock19
SCRIPT       : DATA_LOG | 1000315 | 654400248 | 13591.3 | 13.8414 | 14020.4 | -0.199673 | 0.979863 | 0 | Glock19
SCRIPT       : DATA_LOG | 1001316 | 654400248 | 13590.9 | 13.8416 | 14021.8 | 0.98279 | 0.184725 | 0 | Glock19
SCRIPT       : DATA_LOG | 1002317 | 654400248 | 13590.8 | 13.8416 | 14022.9 | 0.0160055 | 0.999872 | 0 | Glock19
SCRIPT       : DATA_LOG | 1003318 | 654400248 | 13590.8 | 13.8417 | 14023 | -0.692098 | 0.721804 | 0 | Glock19
SCRIPT       : DATA_LOG | 1004319 | 654400248 | 13588.6 | 13.8433 | 14024.1 | -0.904164 | -0.427185 | 0 | Glock19
SCRIPT       : DATA_LOG | 1005320 | 654400248 | 13585.5 | 13.8454 | 14023.6 | -0.991889 | -0.127108 | 0 | Glock19
SCRIPT       : DATA_LOG | 1006321 | 654400248 | 13585.8 | 13.8452 | 14021.9 | 0.313981 | -0.949429 | 0 | Glock19
SCRIPT       : DATA_LOG | 1007322 | 654400248 | 13587.7 | 15.3894 | 14021.3 | 0.541349 | 0.840798 | 0 | Glock19
SCRIPT       : DATA_LOG | 1008323 | 654400248 | 13590.6 | 16.981 | 14022.4 | -0.629643 | 0.776884 | 0 | Glock19
SCRIPT       : DATA_LOG | 1009324 | 654400248 | 13588 | 16.9829 | 14023.2 | -0.991763 | -0.12809 | 0 | Glock19
SCRIPT       : DATA_LOG | 1010325 | 654400248 | 13584.9 | 17.2603 | 14024.3 | -0.483014 | 0.875613 | 0 | Glock19
SCRIPT       : DATA_LOG | 1011326 | 654400248 | 13586.7 | 16.9838 | 14024.5 | 0.246082 | 0.969249 | 0 | Glock19
SCRIPT       : DATA_LOG | 1012328 | 654400248 | 13587.6 | 16.9832 | 14024 | 0.999936 | -0.0112716 | 0 | Glock19
SCRIPT       : DATA_LOG | 1013328 | 654400248 | 13590.1 | 16.9814 | 14023.4 | -0.0331667 | -0.99945 | 0 | Glock19
SCRIPT       : DATA_LOG | 1014329 | 654400248 | 13589 | 16.5829 | 14020.7 | -0.989721 | -0.143012 | 0 | Glock19
SCRIPT       : DATA_LOG | 1015330 | 654400248 | 13586.2 | 13.845 | 14020.3 | -0.545732 | 0.83796 | 0 | Glock19
SCRIPT       : DATA_LOG | 1016331 | 654400248 | 13587.5 | 13.8441 | 14023.2 | 0.975362 | 0.220611 | 0 | Glock19
SCRIPT       : DATA_LOG | 1017332 | 654400248 | 13590.6 | 13.8418 | 14022.9 | 0.302612 | -0.953114 | 0 | Glock19
SCRIPT       : DATA_LOG | 1018333 | 654400248 | 13590.9 | 13.8416 | 14021.9 | 0.197051 | -0.980393 | 0 | Glock19
SCRIPT       : DATA_LOG | 1019334 | 654400248 | 13590.7 | 13.8417 | 14018.9 | -0.929113 | -0.369797 | 0 | Glock19
SCRIPT       : DATA_LOG | 1020336 | 654400248 | 13587.4 | 13.8442 | 14017.9 | -0.969619 | -0.244621 | 0 | Glock19
SCRIPT       : DATA_LOG | 1021337 | 654400248 | 13586.7 | 13.8446 | 14017.8 | -0.969658 | -0.244465 | 0 | Glock19
SCRIPT       : DATA_LOG | 1022338 | 654400248 | 13582.9 | 13.66 | 14017 | -0.499368 | -0.86639 | 0 | Glock19
SCRIPT       : DATA_LOG | 1023339 | 654400248 | 13579.3 | 13.6907 | 14015.8 | -0.931564 | 0.363577 | 0 | Glock19
SCRIPT       : DATA_LOG | 1024341 | 654400248 | 13573.5 | 13.8204 | 14018.3 | -0.566183 | 0.824279 | 0 | Glock19
SCRIPT       : DATA_LOG | 1025342 | 654400248 | 13569.9 | 13.8317 | 14020 | 0.527217 | 0.849731 | 0 | Glock19
SCRIPT       : DATA_LOG | 1026343 | 654400248 | 13567.3 | 13.8618 | 14022.8 | -0.0138775 | 0.999904 | 0 | Glock19
SCRIPT       : DATA_LOG | 1027344 | 654400248 | 13569.3 | 13.8814 | 14028.1 | 0.310782 | 0.950481 | 0 | Glock19
SCRIPT       : DATA_LOG | 1028345 | 654400248 | 13569.5 | 13.9128 | 14033.2 | 0.59972 | 0.80021 | 0 | Glock19
SCRIPT       : DATA_LOG | 1029346 | 654400248 | 13568.7 | 13.9466 | 14036.4 | 0.899101 | 0.437741 | 0 | Glock19
SCRIPT       : DATA_LOG | 1030347 | 654400248 | 13568.6 | 13.9679 | 14038.4 | -0.0805562 | 0.99675 | 0 | Glock19
SCRIPT       : DATA_LOG | 1031348 | 654400248 | 13569.2 | 14.0149 | 14042 | -0.0672567 | 0.997736 | 0 | Glock19
SCRIPT       : DATA_LOG | 1032349 | 654400248 | 13569 | 14.0673 | 14045.6 | -0.067256 | 0.997736 | 0 | Glock19
SCRIPT       : DATA_LOG | 1033350 | 654400248 | 13569.1 | 14.1621 | 14049.2 | -0.067256 | 0.997736 | 0 | Glock19
SCRIPT       : DATA_LOG | 1034351 | 654400248 | 13570 | 14.2939 | 14052.7 | -0.521605 | 0.853187 | 0 | Glock19
SCRIPT       : DATA_LOG | 1035352 | 654400248 | 13569.8 | 14.4176 | 14055.1 | -0.994097 | 0.108491 | 1 | Glock19
SCRIPT       : DATA_LOG | 1036353 | 654400248 | 13569.9 | 14.4748 | 14056.8 | -0.333538 | 0.942737 | 0 | Glock19
SCRIPT       : DATA_LOG | 1037354 | 654400248 | 13569.7 | 14.5375 | 14060.3 | 0.308686 | 0.951164 | 0 | Glock19
SCRIPT       : DATA_LOG | 1038355 | 654400248 | 13570.9 | 14.5867 | 14063.4 | -0.286593 | 0.958052 | 0 | Glock19
SCRIPT       : DATA_LOG | 1039356 | 654400248 | 13570 | 14.8248 | 14067.7 | -0.960833 | 0.277128 | 0 | Glock19
SCRIPT       : DATA_LOG | 1040357 | 654400248 | 13569 | 15.1362 | 14067.9 | -0.999973 | 0.00735131 | 0 | Glock19
SCRIPT       : DATA_LOG | 1041358 | 654400248 | 13565.6 | 15.2312 | 14067.8 | -0.998615 | 0.0526163 | 0 | Glock19
SCRIPT       : DATA_LOG | 1042359 | 654400248 | 13564.1 | 15.2312 | 14067.7 | -0.652268 | 0.757989 | 0 | Glock19
SCRIPT       : DATA_LOG | 1043360 | 654400248 | 13565.6 | 15.4649 | 14069.9 | -0.983296 | 0.182014 | 0 | Glock19
SCRIPT       : DATA_LOG | 1044361 | 654400248 | 13563 | 18.6226 | 14070 | -0.791443 | -0.611243 | 0 | Glock19
SCRIPT       : DATA_LOG | 1045362 | 654400248 | 13561.2 | 20.0461 | 14068.2 | 0.767605 | -0.640923 | 0 | Glock19
SCRIPT       : DATA_LOG | 1046363 | 654400248 | 13561.7 | 20.0461 | 14067.9 | 0.977457 | 0.211136 | 0 | Glock19
SCRIPT       : DATA_LOG | 1047364 | 654400248 | 13565.4 | 20.0461 | 14067.1 | 0.0142433 | -0.999899 | 0 | Glock19
SCRIPT       : DATA_LOG | 1048365 | 654400248 | 13564.9 | 20.0461 | 14063.3 | -0.416501 | -0.909135 | 0 | Glock19
SCRIPT       : DATA_LOG | 1049366 | 654400248 | 13564 | 20.0461 | 14062.7 | -0.430834 | -0.902431 | 0 | Glock19
SCRIPT       : DATA_LOG | 1050367 | 654400248 | 13564 | 20.0461 | 14062.7 | -0.430834 | -0.902431 | 0 | Glock19
SCRIPT       : DATA_LOG | 1051368 | 654400248 | 13564 | 20.0461 | 14062.7 | -0.430834 | -0.902431 | 0 | Glock19
SCRIPT       : DATA_LOG | 1052369 | 654400248 | 13564 | 20.0461 | 14062.7 | -0.430834 | -0.902431 | 0 | Engraved1911
SCRIPT       : DATA_LOG | 1053371 | 654400248 | 13564.8 | 20.0461 | 14064.3 | -0.607464 | 0.794348 | 0 | Engraved1911
SCRIPT       : DATA_LOG | 1054371 | 654400248 | 13562.9 | 20.0461 | 14067.2 | -0.976647 | 0.21485 | 0 | Engraved1911
SCRIPT       : DATA_LOG | 1055372 | 654400248 | 13561.8 | 20.0361 | 14069.8 | 0.920048 | 0.391806 | 1 | Engraved1911
SCRIPT       : DATA_LOG | 1056373 | 654400248 | 13562.1 | 19.7039 | 14070 | 0.944333 | 0.328991 | 0 | Engraved1911
SCRIPT       : DATA_LOG | 1057374 | 654400248 | 13562.5 | 19.1538 | 14070.3 | 0.974165 | 0.225837 | 0 | Engraved1911
SCRIPT       : DATA_LOG | 1058375 | 654400248 | 13562.5 | 19.1538 | 14070.3 | 0.974165 | 0.225837 | 1 | Engraved1911
SCRIPT       : DATA_LOG | 1059376 | 654400248 | 13562.5 | 19.1538 | 14070.3 | 0.974165 | 0.225837 | 1 | Engraved1911
SCRIPT       : DATA_LOG | 1060378 | 654400248 | 13562.5 | 19.1538 | 14070.3 | 0.974165 | 0.225837 | 1 | Engraved1911
SCRIPT       : DATA_LOG | 1061379 | 654400248 | 13562.5 | 19.1538 | 14070.3 | 0.974165 | 0.225837 | 1 | Engraved1911
SCRIPT       : DATA_LOG | 1062380 | 654400248 | 13565.1 | 15.927 | 14069.8 | 0.806689 | -0.590976 | 0 | Engraved1911
SCRIPT       : DATA_LOG | 1063381 | 654400248 | 13566.5 | 15.2311 | 14069.2 | 0.848826 | -0.528672 | 0 | Engraved1911
SCRIPT       : DATA_LOG | 1064382 | 654400248 | 13569.1 | 15.1304 | 14068.7 | 0.685757 | 0.72783 | 0 | Engraved1911
SCRIPT       : DATA_LOG | 1065383 | 654400248 | 13572.8 | 14.6677 | 14070 | 0.761289 | 0.648413 | 0 | Engraved1911
SCRIPT       : DATA_LOG | 1066384 | 654400248 | 13572.4 | 14.658 | 14075.2 | -0.204611 | 0.978843 | 0 | Engraved1911
SCRIPT       : DATA_LOG | 1067385 | 654400248 | 13571.5 | 14.6355 | 14081.8 | -0.613733 | 0.789514 | 0 | Engraved1911
SCRIPT       : DATA_LOG | 1068386 | 654400248 | 13570.1 | 14.6038 | 14086.5 | -0.997507 | -0.0705712 | 0 | Engraved1911
SCRIPT       : DATA_LOG | 1069387 | 654400248 | 13568.3 | 14.5689 | 14090.8 | -0.852407 | 0.522879 | 0 | Engraved1911
SCRIPT       : DATA_LOG | 1070389 | 654400248 | 13564.5 | 14.5526 | 14094.3 | -0.59485 | 0.803837 | 0 | Engraved1911
SCRIPT       : DATA_LOG | 1071390 | 654400248 | 13562.4 | 14.5491 | 14097 | -0.553222 | 0.833033 | 0 | Engraved1911
SCRIPT       : DATA_LOG | 1072391 | 654400248 | 13561.9 | 14.5475 | 14098.2 | -0.22796 | 0.97367 | 0 | Engraved1911
SCRIPT       : DATA_LOG | 1073393 | 654400248 | 13561.9 | 14.5474 | 14098.2 | -0.22796 | 0.97367 | 0 | Engraved1911
SCRIPT       : DATA_LOG | 1074394 | 654400248 | 13561.6 | 14.5462 | 14099 | -0.0861831 | 0.996279 | 0 | Engraved1911
SCRIPT       : DATA_LOG | 1075395 | 654400248 | 13561.1 | 15.3536 | 14102.2 | -0.0743219 | 0.997234 | 0 | Engraved1911
SCRIPT       : DATA_LOG | 1076396 | 654400248 | 13561 | 15.3536 | 14103.5 | -0.21675 | 0.976227 | 0 | Engraved1911
SCRIPT       : DATA_LOG | 1077398 | 654400248 | 13560.7 | 15.354 | 14106.8 | 0.441726 | 0.89715 | 0 | Engraved1911
SCRIPT       : DATA_LOG | 1078399 | 654400248 | 13562.7 | 15.3518 | 14109.3 | 0.628481 | -0.777825 | 0 | Engraved1911
SCRIPT       : DATA_LOG | 1079401 | 654400248 | 13562.7 | 15.3517 | 14108.8 | -0.97815 | 0.207899 | 0 | Engraved1911
SCRIPT       : DATA_LOG | 1080401 | 654400248 | 13560.7 | 15.354 | 14107.6 | -0.106163 | -0.994349 | 0 | Engraved1911
SCRIPT       : DATA_LOG | 1081404 | 654400248 | 13560.5 | 15.3542 | 14104.2 | -0.891613 | -0.452799 | 0 | Engraved1911
SCRIPT       : DATA_LOG | 1082404 | 654400248 | 13558.8 | 16.1751 | 14105.1 | 0.026998 | 0.999636 | 0 | Engraved1911
SCRIPT       : DATA_LOG | 1083405 | 654400248 | 13557.9 | 18.1111 | 14108.1 | 0.26136 | 0.965241 | 0 | Engraved1911
SCRIPT       : DATA_LOG | 1084408 | 654400248 | 13559.1 | 18.1097 | 14109.6 | 0.88618 | -0.463342 | 0 | Engraved1911
SCRIPT       : DATA_LOG | 1085409 | 654400248 | 13559.8 | 18.1089 | 14108.4 | 0.893154 | -0.44975 | 0 | Engraved1911
SCRIPT       : DATA_LOG | 1086411 | 654400248 | 13562.3 | 18.1121 | 14107.6 | 0.851031 | 0.525115 | 0 | Engraved1911
SCRIPT       : DATA_LOG | 1087413 | 654400248 | 13562.4 | 18.1121 | 14107.6 | 0.851031 | 0.525115 | 0 | Engraved1911
SCRIPT       : DATA_LOG | 1088413 | 654400248 | 13562.4 | 18.1121 | 14107.6 | 0.851031 | 0.525115 | 0 | Engraved1911
SCRIPT       : DATA_LOG | 1089414 | 654400248 | 13562.4 | 18.1121 | 14107.6 | 0.851031 | 0.525115 | 0 | Engraved1911
SCRIPT       : DATA_LOG | 1090415 | 654400248 | 13562.4 | 18.1121 | 14107.6 | 0.851031 | 0.525116 | 0 | none
SCRIPT       : DATA_LOG | 1091416 | 654400248 | 13561.9 | 18.112 | 14107.3 | 0.981319 | -0.192387 | 0 | none
SCRIPT       : DATA_LOG | 1092417 | 654400248 | 13561.9 | 18.112 | 14107.3 | 0.981319 | -0.192387 | 0 | none
SCRIPT       : DATA_LOG | 1093418 | 654400248 | 13561.9 | 18.112 | 14107.3 | 0.981319 | -0.192387 | 0 | none
SCRIPT       : DATA_LOG | 1094419 | 654400248 | 13561.9 | 18.112 | 14107.3 | 0.981319 | -0.192387 | 0 | none
SCRIPT       : DATA_LOG | 1095420 | 654400248 | 13561.9 | 18.112 | 14107.3 | 0.981319 | -0.192387 | 0 | none
SCRIPT       : DATA_LOG | 1096421 | 654400248 | 13561.9 | 18.112 | 14107.3 | 0.981319 | -0.192387 | 0 | none
SCRIPT       : DATA_LOG | 1097422 | 654400248 | 13561.9 | 18.112 | 14107.3 | 0.981319 | -0.192387 | 0 | none
SCRIPT       : DATA_LOG | 1098423 | 654400248 | 13561.9 | 18.112 | 14107.3 | 0.981319 | -0.192387 | 0 | none
SCRIPT       : DATA_LOG | 1099424 | 654400248 | 13561.9 | 18.112 | 14107.3 | 0.981319 | -0.192387 | 0 | none
SCRIPT       : DATA_LOG | 1100425 | 654400248 | 13561.9 | 18.112 | 14107.3 | 0.981319 | -0.192387 | 0 | none
SCRIPT       : DATA_LOG | 1101427 | 654400248 | 13561.9 | 18.112 | 14107.3 | 0.981319 | -0.192387 | 0 | none
SCRIPT       : DATA_LOG | 1102427 | 654400248 | 13561.9 | 18.112 | 14107.3 | 0.981319 | -0.192387 | 0 | none
SCRIPT       : DATA_LOG | 1103429 | 654400248 | 13561.9 | 18.112 | 14107.3 | 0.981319 | -0.192387 | 0 | none
SCRIPT       : DATA_LOG | 1104429 | 654400248 | 13561.9 | 18.112 | 14107.3 | 0.981319 | -0.192387 | 0 | none
SCRIPT       : DATA_LOG | 1105430 | 654400248 | 13561.9 | 18.112 | 14107.3 | 0.981319 | -0.192387 | 0 | none
SCRIPT       : DATA_LOG | 1106432 | 654400248 | 13561.9 | 18.112 | 14107.3 | 0.981319 | -0.192387 | 0 | none
SCRIPT       : DATA_LOG | 1107433 | 654400248 | 13561.9 | 18.112 | 14107.3 | 0.981319 | -0.192387 | 0 | none
SCRIPT       : DATA_LOG | 1108436 | 654400248 | 13561.9 | 18.112 | 14107.3 | 0.981319 | -0.192387 | 0 | none
SCRIPT       : DATA_LOG | 1109437 | 654400248 | 13561.9 | 18.112 | 14107.3 | 0.981319 | -0.192387 | 0 | none
SCRIPT       : DATA_LOG | 1110438 | 654400248 | 13561.9 | 18.112 | 14107.3 | 0.981319 | -0.192387 | 0 | none
SCRIPT       : DATA_LOG | 1111439 | 654400248 | 13561.9 | 18.112 | 14107.3 | 0.981319 | -0.192387 | 0 | none
SCRIPT       : DATA_LOG | 1112440 | 654400248 | 13561.9 | 18.112 | 14107.3 | 0.981319 | -0.192387 | 0 | none
SCRIPT       : DATA_LOG | 1113441 | 654400248 | 13561.9 | 18.112 | 14107.3 | 0.981319 | -0.192387 | 0 | none
SCRIPT       : DATA_LOG | 1114442 | 654400248 | 13561.9 | 18.112 | 14107.3 | 0.981319 | -0.192387 | 0 | none
SCRIPT       : DATA_LOG | 1115443 | 654400248 | 13561.9 | 18.112 | 14107.3 | 0.981319 | -0.192387 | 0 | none
SCRIPT       : DATA_LOG | 1116444 | 654400248 | 13561.9 | 18.112 | 14107.3 | 0.981319 | -0.192387 | 0 | none
SCRIPT       : DATA_LOG | 1117445 | 654400248 | 13561.9 | 18.112 | 14107.3 | 0.981319 | -0.192387 | 0 | none
SCRIPT       : DATA_LOG | 1118446 | 654400248 | 13561.9 | 18.112 | 14107.3 | 0.981319 | -0.192387 | 0 | none
SCRIPT       : DATA_LOG | 1119447 | 654400248 | 13561.9 | 18.112 | 14107.3 | 0.981319 | -0.192387 | 0 | none
SCRIPT       : DATA_LOG | 1120448 | 654400248 | 13561.9 | 18.112 | 14107.3 | 0.981319 | -0.192387 | 0 | none
SCRIPT       : DATA_LOG | 1121449 | 654400248 | 13561.9 | 18.112 | 14107.3 | 0.981319 | -0.192387 | 0 | none
SCRIPT       : DATA_LOG | 1122450 | 654400248 | 13561.9 | 18.112 | 14107.3 | 0.981319 | -0.192387 | 0 | none
SCRIPT       : DATA_LOG | 1123451 | 654400248 | 13561.9 | 18.112 | 14107.3 | 0.981319 | -0.192387 | 0 | none
SCRIPT       : DATA_LOG | 1124452 | 654400248 | 13561.9 | 18.112 | 14107.3 | 0.981319 | -0.192387 | 0 | none
SCRIPT       : DATA_LOG | 1125453 | 654400248 | 13561.9 | 18.112 | 14107.3 | 0.981319 | -0.192387 | 0 | none
SCRIPT       : DATA_LOG | 1126454 | 654400248 | 13561.9 | 18.112 | 14107.3 | 0.981319 | -0.192387 | 0 | none
SCRIPT       : DATA_LOG | 1127455 | 654400248 | 13561.9 | 18.112 | 14107.3 | 0.981319 | -0.192387 | 0 | none
SCRIPT       : DATA_LOG | 1128456 | 654400248 | 13561.9 | 18.112 | 14107.3 | 0.981319 | -0.192387 | 0 | none
SCRIPT       : DATA_LOG | 1129457 | 654400248 | 13561.9 | 18.112 | 14107.3 | 0.981319 | -0.192387 | 0 | none
SCRIPT       : DATA_LOG | 1130459 | 654400248 | 13561.9 | 18.112 | 14107.3 | 0.981319 | -0.192387 | 0 | none
SCRIPT       : DATA_LOG | 1131459 | 654400248 | 13561.9 | 18.112 | 14107.3 | 0.981319 | -0.192387 | 0 | none
SCRIPT       : DATA_LOG | 1132460 | 654400248 | 13561.9 | 18.112 | 14107.3 | 0.981319 | -0.192387 | 0 | none
SCRIPT       : DATA_LOG | 1133461 | 654400248 | 13561.9 | 18.112 | 14107.3 | 0.981319 | -0.192387 | 0 | none
SCRIPT       : DATA_LOG | 1134462 | 654400248 | 13561.9 | 18.112 | 14107.3 | 0.981319 | -0.192387 | 0 | none
SCRIPT       : DATA_LOG | 1135463 | 654400248 | 13561.9 | 18.112 | 14107.3 | 0.981319 | -0.192387 | 0 | none
SCRIPT       : DATA_LOG | 1136464 | 654400248 | 13561.9 | 18.112 | 14107.3 | 0.981319 | -0.192387 | 0 | none
SCRIPT       : DATA_LOG | 1137465 | 654400248 | 13561.9 | 18.112 | 14107.3 | 0.981319 | -0.192387 | 0 | none
SCRIPT       : DATA_LOG | 1138466 | 654400248 | 13561.9 | 18.112 | 14107.3 | 0.981319 | -0.192387 | 0 | none
SCRIPT       : DATA_LOG | 1139467 | 654400248 | 13561.9 | 18.112 | 14107.3 | 0.981319 | -0.192387 | 0 | none
SCRIPT       : DATA_LOG | 1140468 | 654400248 | 13561.9 | 18.112 | 14107.3 | 0.981319 | -0.192387 | 0 | none
SCRIPT       : DATA_LOG | 1141469 | 654400248 | 13561.9 | 18.112 | 14107.3 | 0.981319 | -0.192387 | 0 | none
SCRIPT       : DATA_LOG | 1142470 | 654400248 | 13561.9 | 18.112 | 14107.3 | 0.981319 | -0.192387 | 0 | none
SCRIPT       : DATA_LOG | 1143471 | 654400248 | 13561.9 | 18.112 | 14107.3 | 0.981319 | -0.192387 | 0 | none
SCRIPT       : DATA_LOG | 1144472 | 654400248 | 13561.9 | 18.112 | 14107.3 | 0.981319 | -0.192387 | 0 | none
SCRIPT       : DATA_LOG | 1145473 | 654400248 | 13561.9 | 18.112 | 14107.3 | 0.981319 | -0.192387 | 0 | none
SCRIPT       : DATA_LOG | 1146474 | 654400248 | 13561.9 | 18.112 | 14107.3 | 0.981319 | -0.192387 | 0 | none
SCRIPT       : DATA_LOG | 1147475 | 654400248 | 13561.9 | 18.112 | 14107.3 | 0.981319 | -0.192387 | 0 | none
SCRIPT       : DATA_LOG | 1148476 | 654400248 | 13561.9 | 18.112 | 14107.3 | 0.981319 | -0.192387 | 0 | none
SCRIPT       : DATA_LOG | 1149477 | 654400248 | 13561.9 | 18.112 | 14107.3 | 0.981319 | -0.192387 | 0 | none
SCRIPT       : DATA_LOG | 1150478 | 654400248 | 13561.9 | 18.112 | 14107.3 | 0.981319 | -0.192387 | 0 | none
SCRIPT       : DATA_LOG | 1151479 | 654400248 | 13561.9 | 18.112 | 14107.3 | 0.981319 | -0.192387 | 0 | none
SCRIPT       : DATA_LOG | 1152481 | 654400248 | 13561.9 | 18.112 | 14107.3 | 0.981319 | -0.192387 | 0 | none
SCRIPT       : DATA_LOG | 1153482 | 654400248 | 13561.9 | 18.112 | 14107.3 | 0.981319 | -0.192387 | 0 | none
SCRIPT       : DATA_LOG | 1154483 | 654400248 | 13561.9 | 18.112 | 14107.3 | 0.981319 | -0.192387 | 0 | none
SCRIPT       : DATA_LOG | 1155485 | 654400248 | 13561.9 | 18.112 | 14107.3 | 0.981319 | -0.192387 | 0 | none
SCRIPT       : DATA_LOG | 1156485 | 654400248 | 13561.9 | 18.112 | 14107.3 | 0.981319 | -0.192387 | 0 | none
SCRIPT       : DATA_LOG | 1157486 | 654400248 | 13561.9 | 18.112 | 14107.3 | 0.981319 | -0.192387 | 0 | none
SCRIPT       : DATA_LOG | 1158487 | 654400248 | 13561.9 | 18.112 | 14107.3 | 0.981319 | -0.192387 | 0 | none
SCRIPT       : DATA_LOG | 1159489 | 654400248 | 13561.9 | 18.112 | 14107.3 | 0.981319 | -0.192387 | 0 | none
SCRIPT       : DATA_LOG | 1160489 | 654400248 | 13561.9 | 18.112 | 14107.3 | 0.981319 | -0.192387 | 0 | none
SCRIPT       : DATA_LOG | 1161490 | 654400248 | 13561.9 | 18.112 | 14107.3 | 0.981319 | -0.192387 | 0 | none
SCRIPT       : DATA_LOG | 1162491 | 654400248 | 13561.9 | 18.112 | 14107.3 | 0.981319 | -0.192387 | 0 | none
SCRIPT       : DATA_LOG | 1163492 | 654400248 | 13561.9 | 18.112 | 14107.3 | 0.999776 | 0.021145 | 0 | none
SCRIPT       : DATA_LOG | 1164493 | 654400248 | 13559.9 | 18.1088 | 14108.9 | -0.608805 | 0.79332 | 0 | none
SCRIPT       : DATA_LOG | 1165494 | 654400248 | 13557.8 | 18.1113 | 14109.1 | -0.762422 | -0.64708 | 0 | none
SCRIPT       : DATA_LOG | 1166495 | 654400248 | 13557.8 | 18.1113 | 14109.1 | -0.762422 | -0.64708 | 0 | none
SCRIPT       : DATA_LOG | 1167496 | 654400248 | 13557.8 | 18.1113 | 14108.5 | 0.0679257 | -0.99769 | 0 | Engraved1911
SCRIPT       : DATA_LOG | 1168497 | 654400248 | 13558.7 | 16.2406 | 14105.2 | 0.33516 | -0.942161 | 0 | Engraved1911
SCRIPT       : DATA_LOG | 1169498 | 654400248 | 13560.7 | 15.354 | 14103.5 | 0.456919 | -0.889508 | 1 | Engraved1911
SCRIPT       : DATA_LOG | 1170499 | 654400248 | 13560.9 | 15.3538 | 14102.7 | 0.397734 | -0.917501 | 1 | Engraved1911
SCRIPT       : DATA_LOG | 1171500 | 654400248 | 13560.9 | 15.3538 | 14102.7 | 0.397734 | -0.917501 | 1 | Engraved1911
SCRIPT       : DATA_LOG | 1172501 | 654400248 | 13560.9 | 15.3538 | 14102.5 | 0.205707 | -0.978614 | 0 | Engraved1911
SCRIPT       : DATA_LOG | 1173502 | 654400248 | 13562 | 14.5462 | 14099 | 0.997593 | 0.0693386 | 0 | Engraved1911
SCRIPT       : DATA_LOG | 1174503 | 654400248 | 13565.2 | 14.5456 | 14099.5 | 0.553201 | 0.833048 | 0 | Engraved1911
SCRIPT       : DATA_LOG | 1175504 | 654400248 | 13567.3 | 14.543 | 14101.7 | 0.10767 | 0.994187 | 0 | Engraved1911
SCRIPT       : DATA_LOG | 1176505 | 654400248 | 13567.3 | 14.5428 | 14101.8 | 0.11256 | 0.993645 | 0 | Engraved1911
SCRIPT       : DATA_LOG | 1177506 | 654400248 | 13568.4 | 14.5046 | 14105.6 | 0.30171 | 0.9534 | 0 | Engraved1911
SCRIPT       : DATA_LOG | 1178507 | 654400248 | 13570.7 | 14.3589 | 14108.3 | 0.939606 | -0.342258 | 0 | Engraved1911
SCRIPT       : DATA_LOG | 1179508 | 654400248 | 13572.6 | 14.2358 | 14111.5 | 0.193334 | 0.981133 | 0 | Engraved1911
SCRIPT       : DATA_LOG | 1180509 | 654400248 | 13573.9 | 14.3017 | 14115.3 | -0.515919 | 0.856638 | 0 | Engraved1911
SCRIPT       : DATA_LOG | 1181510 | 654400248 | 13574.3 | 14.4223 | 14119.1 | 0.161888 | 0.986809 | 1 | Engraved1911
SCRIPT       : DATA_LOG | 1182512 | 654400248 | 13574.4 | 14.4434 | 14119.8 | 0.146718 | 0.989178 | 1 | Engraved1911
SCRIPT       : DATA_LOG | 1183513 | 654400248 | 13574.4 | 14.4434 | 14119.8 | 0.146718 | 0.989178 | 1 | Engraved1911
SCRIPT       : DATA_LOG | 1184514 | 654400248 | 13574.4 | 14.4434 | 14119.8 | 0.146718 | 0.989178 | 1 | Engraved1911
SCRIPT       : DATA_LOG | 1185515 | 654400248 | 13574.4 | 14.4434 | 14119.8 | 0.146718 | 0.989178 | 1 | Engraved1911
SCRIPT       : DATA_LOG | 1186516 | 654400248 | 13574.4 | 14.4434 | 14119.8 | 0.146718 | 0.989178 | 1 | Engraved1911
SCRIPT       : DATA_LOG | 1187517 | 654400248 | 13574.3 | 14.4141 | 14118.9 | 0.239394 | 0.970922 | 1 | Engraved1911
SCRIPT       : DATA_LOG | 1188518 | 654400248 | 13574.3 | 14.4175 | 14119 | 0.0483972 | 0.998828 | 1 | Engraved1911
SCRIPT       : DATA_LOG | 1189519 | 654400248 | 13574.2 | 14.392 | 14118.2 | 0.485421 | 0.874281 | 0 | Engraved1911
SCRIPT       : DATA_LOG | 1190521 | 654400248 | 13577 | 14.3728 | 14115.6 | 0.425813 | -0.904811 | 0 | Engraved1911
SCRIPT       : DATA_LOG | 1191521 | 654400248 | 13578.4 | 14.3662 | 14109.1 | -0.0156598 | -0.999877 | 0 | Engraved1911
SCRIPT       : DATA_LOG | 1192522 | 654400248 | 13573.5 | 14.2761 | 14105.9 | -0.91073 | 0.413003 | 0 | Engraved1911
SCRIPT       : DATA_LOG | 1193523 | 654400248 | 13572 | 14.2366 | 14111.8 | 0.253848 | 0.967244 | 0 | Engraved1911
SCRIPT       : DATA_LOG | 1194524 | 654400248 | 13573.6 | 14.3991 | 14118.4 | 0.197512 | 0.980301 | 0 | Engraved1911
SCRIPT       : DATA_LOG | 1195525 | 654400248 | 13574.3 | 14.5249 | 14124.9 | -0.321104 | 0.947044 | 0 | Engraved1911
SCRIPT       : DATA_LOG | 1196526 | 654400248 | 13571.5 | 14.5249 | 14129 | -0.861788 | -0.507269 | 0 | Engraved1911
SCRIPT       : DATA_LOG | 1197527 | 654400248 | 13567.3 | 14.5278 | 14124.6 | -0.16725 | -0.985914 | 0 | Engraved1911
SCRIPT       : DATA_LOG | 1198528 | 654400248 | 13568.7 | 14.3726 | 14118.1 | 0.298187 | -0.954508 | 0 | Engraved1911
SCRIPT       : DATA_LOG | 1199529 | 654400248 | 13571.5 | 14.2633 | 14114 | -0.367784 | 0.929911 | 1 | Engraved1911
SCRIPT       : DATA_LOG | 1200531 | 654400248 | 13572.9 | 14.2499 | 14112.4 | -0.718926 | 0.695086 | 1 | Engraved1911
SCRIPT       : DATA_LOG | 1201531 | 654400248 | 13573.4 | 14.2466 | 14112 | -0.796565 | 0.604553 | 1 | Engraved1911
SCRIPT       : DATA_LOG | 1202532 | 654400248 | 13573.1 | 14.2483 | 14112.2 | -0.819054 | 0.573716 | 1 | Engraved1911
SCRIPT       : DATA_LOG | 1203533 | 654400248 | 13574.5 | 14.2431 | 14111.3 | -0.829779 | 0.558092 | 0 | Engraved1911
SCRIPT       : DATA_LOG | 1204534 | 654400248 | 13576.9 | 14.3088 | 14109.7 | -0.809332 | 0.587352 | 0 | Glock19
SCRIPT       : DATA_LOG | 1205535 | 654400248 | 13578.3 | 14.3573 | 14108.8 | -0.824787 | 0.565444 | 1 | Glock19
SCRIPT       : DATA_LOG | 1206536 | 654400248 | 13577.4 | 14.3146 | 14108.6 | 0.209252 | 0.977862 | 0 | Glock19
SCRIPT       : DATA_LOG | 1207537 | 654400248 | 13575.2 | 14.2369 | 14110.1 | 0.99703 | 0.0770169 | 1 | Glock19
SCRIPT       : DATA_LOG | 1208538 | 654400248 | 13574.1 | 14.2094 | 14108.9 | 0.641079 | 0.767475 | 1 | Glock19
SCRIPT       : DATA_LOG | 1209539 | 654400248 | 13573.5 | 14.2342 | 14108.3 | 0.682551 | 0.730838 | 0 | Glock19
SCRIPT       : DATA_LOG | 1210540 | 654400248 | 13573.5 | 14.2344 | 14108.3 | 0.999143 | -0.0413911 | 0 | Glock19
SCRIPT       : DATA_LOG | 1211541 | 654400248 | 13574.5 | 14.2362 | 14105.3 | -0.140556 | -0.990073 | 0 | Glock19
SCRIPT       : DATA_LOG | 1212542 | 654400248 | 13573.7 | 14.302 | 14101.4 | -0.20207 | -0.979371 | 0 | Glock19
SCRIPT       : DATA_LOG | 1213543 | 654400248 | 13572.9 | 14.4555 | 14097.4 | -0.202071 | -0.979371 | 0 | Glock19
SCRIPT       : DATA_LOG | 1214544 | 654400248 | 13571.2 | 14.5725 | 14094 | -0.732518 | -0.680748 | 0 | none
SCRIPT       : DATA_LOG | 1215545 | 654400248 | 13568.2 | 14.5647 | 14091.3 | -0.991343 | -0.131301 | 0 | none
SCRIPT       : DATA_LOG | 1216546 | 654400248 | 13564.4 | 14.5795 | 14089.9 | -0.946313 | -0.323251 | 0 | none
SCRIPT       : DATA_LOG | 1217547 | 654400248 | 13561.3 | 14.6032 | 14089.1 | -0.998821 | 0.0485526 | 0 | M16A2
SCRIPT       : DATA_LOG | 1218548 | 654400248 | 13557.5 | 14.6214 | 14088.5 | -0.94891 | 0.315546 | 0 | M16A2
SCRIPT       : DATA_LOG | 1219549 | 654400248 | 13555.6 | 14.7458 | 14090.8 | -0.0143468 | 0.999897 | 0 | M16A2
SCRIPT       : DATA_LOG | 1220550 | 654400248 | 13555.5 | 14.7505 | 14094.5 | 0.0433127 | 0.999062 | 0 | M16A2
SCRIPT       : DATA_LOG | 1221551 | 654400248 | 13555.2 | 14.7527 | 14096 | 0.266423 | 0.963856 | 0 | M16A2
SCRIPT       : DATA_LOG | 1222552 | 654400248 | 13555.2 | 14.7527 | 14096 | 0.266423 | 0.963856 | 0 | M16A2
SCRIPT       : DATA_LOG | 1223553 | 654400248 | 13555.2 | 14.7527 | 14096 | 0.266423 | 0.963856 | 0 | M16A2
SCRIPT       : DATA_LOG | 1224554 | 654400248 | 13555.2 | 14.7527 | 14096 | 0.266423 | 0.963856 | 0 | M16A2
SCRIPT       : DATA_LOG | 1225555 | 654400248 | 13555.2 | 14.7527 | 14096 | 0.266423 | 0.963856 | 0 | M16A2
SCRIPT       : DATA_LOG | 1226556 | 654400248 | 13555.2 | 14.7527 | 14096 | 0.266423 | 0.963856 | 0 | M16A2
SCRIPT       : DATA_LOG | 1227558 | 654400248 | 13554.3 | 14.7555 | 14095.6 | -0.961585 | -0.274506 | 0 | M16A2
SCRIPT       : DATA_LOG | 1228558 | 654400248 | 13552.1 | 14.7588 | 14093.3 | -0.746123 | -0.665808 | 0 | M16A2
SCRIPT       : DATA_LOG | 1229559 | 654400248 | 13552 | 14.7589 | 14093.3 | -0.746123 | -0.665808 | 0 | M16A2
SCRIPT       : DATA_LOG | 1230560 | 654400248 | 13551.1 | 14.792 | 14092.8 | -0.904627 | -0.426205 | 0 | M16A2
SCRIPT       : DATA_LOG | 1231561 | 654400248 | 13547.8 | 15.3964 | 14093.4 | -0.953168 | 0.30244 | 0 | M16A2
SCRIPT       : DATA_LOG | 1232562 | 654400248 | 13544.4 | 15.874 | 14094.2 | -0.971952 | -0.235181 | 0 | M16A2
SCRIPT       : DATA_LOG | 1233564 | 654400248 | 13540.1 | 16.1305 | 14092.4 | -0.254085 | -0.967182 | 0 | M16A2
SCRIPT       : DATA_LOG | 1234564 | 654400248 | 13535.5 | 16.8011 | 14087.7 | -0.702969 | -0.71122 | 0 | M16A2
SCRIPT       : DATA_LOG | 1235565 | 654400248 | 13530.2 | 16.7289 | 14083.7 | -0.433533 | -0.901138 | 0 | M16A2
SCRIPT       : DATA_LOG | 1236566 | 654400248 | 13526.2 | 17.5758 | 14078.4 | -0.401318 | -0.915939 | 0 | M16A2
SCRIPT       : DATA_LOG | 1237567 | 654400248 | 13526.3 | 17.3557 | 14072.5 | 0.0982605 | -0.995161 | 0 | M16A2
SCRIPT       : DATA_LOG | 1238568 | 654400248 | 13526.6 | 17.0119 | 14066.6 | -0.974258 | -0.225437 | 0 | M16A2
SCRIPT       : DATA_LOG | 1239569 | 654400248 | 13523.2 | 17.1994 | 14066.4 | -0.872892 | -0.487914 | 0 | M16A2
SCRIPT       : DATA_LOG | 1240570 | 654400248 | 13523.1 | 17.2053 | 14066.3 | -0.872892 | -0.487914 | 0 | M16A2
SCRIPT       : DATA_LOG | 1241571 | 654400248 | 13524.9 | 17.1062 | 14066.4 | -0.00875835 | -0.999962 | 0 | M16A2
SCRIPT       : DATA_LOG | 1242572 | 654400248 | 13525 | 17.0206 | 14061 | -0.0115613 | -0.999933 | 0 | M16A2
SCRIPT       : DATA_LOG | 1243573 | 654400248 | 13526.9 | 16.7221 | 14054.6 | -0.727308 | -0.686312 | 0 | M16A2
SCRIPT       : DATA_LOG | 1244574 | 654400248 | 13521.4 | 17.1203 | 14054.7 | -0.998703 | -0.0509121 | 0 | M16A2
SCRIPT       : DATA_LOG | 1245575 | 654400248 | 13517.1 | 17.3061 | 14053.3 | -0.011927 | -0.999929 | 0 | M16A2
SCRIPT       : DATA_LOG | 1246576 | 654400248 | 13516.7 | 17.3061 | 14049.9 | 0.194878 | -0.980827 | 0 | M16A2
SCRIPT       : DATA_LOG | 1247577 | 654400248 | 13518.9 | 17.306 | 14049.7 | 0.605266 | 0.796023 | 0 | M16A2
SCRIPT       : DATA_LOG | 1248578 | 654400248 | 13519.4 | 17.3119 | 14052.1 | 0.632232 | 0.77478 | 0 | M16A2
SCRIPT       : DATA_LOG | 1249579 | 654400248 | 13519.2 | 17.306 | 14049.8 | 0.902892 | -0.429867 | 0 | M16A2
SCRIPT       : DATA_LOG | 1250580 | 654400248 | 13520.4 | 17.306 | 14048.8 | 0.999999 | 0.00150076 | 0 | M16A2
SCRIPT       : DATA_LOG | 1251582 | 654400248 | 13521.1 | 17.3061 | 14049.5 | -0.93876 | -0.34457 | 0 | M16A2
SCRIPT       : DATA_LOG | 1252582 | 654400248 | 13518.9 | 17.3119 | 14051.1 | 0.145051 | 0.989424 | 0 | M16A2
SCRIPT       : DATA_LOG | 1253583 | 654400248 | 13517.4 | 17.236 | 14053.8 | 0.623867 | 0.78153 | 0 | M16A2
SCRIPT       : DATA_LOG | 1254584 | 654400248 | 13520.7 | 17.1203 | 14054.7 | 0.992004 | -0.126207 | 0 | M16A2
SCRIPT       : DATA_LOG | 1255585 | 654400248 | 13524.4 | 17.1961 | 14054.2 | 0.985036 | -0.172346 | 0 | M16A2
SCRIPT       : DATA_LOG | 1256586 | 654400248 | 13526.1 | 16.7314 | 14054.3 | 0.68361 | 0.729847 | 0 | M16A2
SCRIPT       : DATA_LOG | 1257587 | 654400248 | 13526.1 | 16.7314 | 14054.3 | 0.68361 | 0.729847 | 0 | M16A2
SCRIPT       : DATA_LOG | 1258588 | 654400248 | 13526.4 | 16.7609 | 14055.6 | 0.0757355 | 0.997128 | 0 | M16A2
SCRIPT       : DATA_LOG | 1259589 | 654400248 | 13525.1 | 16.951 | 14058.9 | 0.108915 | 0.994051 | 0 | none
SCRIPT       : DATA_LOG | 1260590 | 654400248 | 13527.3 | 16.9292 | 14063.4 | -0.167605 | 0.985854 | 0 | none
SCRIPT       : DATA_LOG | 1261591 | 654400248 | 13528.1 | 16.9341 | 14067.1 | 0.655273 | -0.755392 | 0 | none
SCRIPT       : DATA_LOG | 1262592 | 654400248 | 13529.6 | 16.8142 | 14064.5 | -0.123349 | -0.992363 | 0 | none
SCRIPT       : DATA_LOG | 1263593 | 654400248 | 13529.3 | 16.7541 | 14057.9 | -0.104183 | -0.994558 | 0 | none
SCRIPT       : DATA_LOG | 1264594 | 654400248 | 13528.8 | 16.6988 | 14051.2 | -0.44354 | -0.896255 | 0 | none
SCRIPT       : DATA_LOG | 1265595 | 654400248 | 13527.1 | 16.6931 | 14044.7 | -0.839513 | -0.543339 | 0 | none
SCRIPT       : DATA_LOG | 1266596 | 654400248 | 13523 | 16.7523 | 14039.7 | -0.997926 | -0.0643791 | 0 | none
SCRIPT       : DATA_LOG | 1267597 | 654400248 | 13517.4 | 16.7867 | 14039.8 | -0.996398 | 0.0848009 | 0 | none
SCRIPT       : DATA_LOG | 1268599 | 654400248 | 13513.4 | 16.7983 | 14040.3 | -0.938482 | -0.345328 | 0 | none
SCRIPT       : DATA_LOG | 1269599 | 654400248 | 13513.2 | 16.7999 | 14040.4 | -0.938482 | -0.345328 | 0 | none
SCRIPT       : DATA_LOG | 1270600 | 654400248 | 13513.2 | 16.7999 | 14040.4 | -0.938482 | -0.345328 | 0 | none
SCRIPT       : DATA_LOG | 1271601 | 654400248 | 13513.2 | 16.7999 | 14040.4 | -0.938482 | -0.345328 | 0 | none
SCRIPT       : DATA_LOG | 1272602 | 654400248 | 13513.2 | 16.7999 | 14040.4 | -0.938482 | -0.345328 | 0 | none
SCRIPT       : DATA_LOG | 1273603 | 654400248 | 13513.2 | 16.7999 | 14040.4 | -0.938482 | -0.345328 | 0 | none
SCRIPT       : DATA_LOG | 1274605 | 654400248 | 13513.2 | 16.7999 | 14040.4 | -0.938482 | -0.345328 | 0 | none
SCRIPT       : DATA_LOG | 1275606 | 654400248 | 13513.2 | 16.7999 | 14040.4 | -0.938482 | -0.345328 | 0 | none
SCRIPT       : DATA_LOG | 1276608 | 654400248 | 13513.2 | 16.7999 | 14040.4 | -0.938482 | -0.345328 | 0 | none
SCRIPT       : DATA_LOG | 1277608 | 654400248 | 13513.2 | 16.7999 | 14040.4 | -0.938482 | -0.345328 | 0 | none
SCRIPT       : DATA_LOG | 1278609 | 654400248 | 13513.2 | 16.7999 | 14040.4 | -0.938482 | -0.345328 | 0 | none
SCRIPT       : DATA_LOG | 1279610 | 654400248 | 13513.2 | 16.7999 | 14040.4 | -0.938482 | -0.345328 | 0 | none
SCRIPT       : DATA_LOG | 1280612 | 654400248 | 13513.2 | 16.942 | 14039.7 | -0.0704217 | -0.997517 | 0 | none
SCRIPT       : DATA_LOG | 1281613 | 654400248 | 13512.8 | 17.1307 | 14035.7 | -0.261854 | -0.965108 | 0 | none
SCRIPT       : DATA_LOG | 1282614 | 654400248 | 13511.1 | 17.3912 | 14031.3 | -0.407817 | -0.913064 | 0 | Glock19
SCRIPT       : DATA_LOG | 1283615 | 654400248 | 13509.2 | 17.3185 | 14024.7 | -0.452548 | -0.89174 | 0 | Glock19
SCRIPT       : DATA_LOG | 1284617 | 654400248 | 13508.9 | 17.3029 | 14023.7 | 0.135132 | -0.990828 | 0 | Glock19
SCRIPT       : DATA_LOG | 1285617 | 654400248 | 13508.9 | 17.3029 | 14023.7 | 0.600724 | -0.799456 | 0 | Glock19
SCRIPT       : DATA_LOG | 1286618 | 654400248 | 13508.9 | 17.3029 | 14023.7 | 0.922541 | -0.385898 | 0 | Glock19
SCRIPT       : DATA_LOG | 1287619 | 654400248 | 13508.9 | 17.3029 | 14023.7 | 0.922541 | -0.385898 | 0 | Glock19
SCRIPT       : DATA_LOG | 1288621 | 654400248 | 13508.9 | 17.3029 | 14023.7 | 0.922541 | -0.385898 | 0 | Glock19
SCRIPT       : DATA_LOG | 1289622 | 654400248 | 13508.8 | 17.2529 | 14022 | -0.274378 | -0.961622 | 0 | Glock19
SCRIPT       : DATA_LOG | 1290623 | 654400248 | 13507.5 | 17.1531 | 14018.7 | -0.438758 | -0.898605 | 0 | Glock19
SCRIPT       : DATA_LOG | 1291624 | 654400248 | 13505.7 | 17.0849 | 14015.6 | -0.530941 | -0.847409 | 0 | Glock19
SCRIPT       : DATA_LOG | 1292625 | 654400248 | 13502.9 | 17.0624 | 14014 | -0.998465 | 0.0553912 | 0 | Glock19
SCRIPT       : DATA_LOG | 1293626 | 654400248 | 13499.8 | 18.1292 | 14014.2 | -0.688074 | 0.725641 | 0 | Glock19
SCRIPT       : DATA_LOG | 1294627 | 654400248 | 13498.3 | 18.0682 | 14014.1 | -0.984709 | -0.174207 | 0 | Glock19
SCRIPT       : DATA_LOG | 1295628 | 654400248 | 13496.1 | 18.0682 | 14013.8 | -0.996702 | -0.0811511 | 0 | Glock19
SCRIPT       : DATA_LOG | 1296629 | 654400248 | 13496.2 | 18.0681 | 14014.2 | -0.649484 | 0.760376 | 0 | Glock19
SCRIPT       : DATA_LOG | 1297630 | 654400248 | 13497 | 18.66 | 14016.1 | -0.976515 | 0.215448 | 0 | Glock19
SCRIPT       : DATA_LOG | 1298631 | 654400248 | 13494.5 | 21.9355 | 14016.9 | -0.913619 | -0.406573 | 0 | Glock19
SCRIPT       : DATA_LOG | 1299632 | 654400248 | 13493.1 | 22.4389 | 14014.4 | -0.101067 | -0.99488 | 0 | Glock19
SCRIPT       : DATA_LOG | 1300633 | 654400248 | 13493.2 | 22.4389 | 14015.1 | -0.482715 | 0.875778 | 0 | Glock19
SCRIPT       : DATA_LOG | 1301634 | 654400248 | 13493.9 | 22.4389 | 14018.9 | 0.975562 | 0.219726 | 0 | Glock19
SCRIPT       : DATA_LOG | 1302635 | 654400248 | 13496.3 | 22.4389 | 14020.6 | 0.781899 | 0.623405 | 0 | Glock19
SCRIPT       : DATA_LOG | 1303636 | 654400248 | 13498.2 | 22.4819 | 14020.8 | 0.572883 | -0.819637 | 0 | Glock19
SCRIPT       : DATA_LOG | 1304638 | 654400248 | 13496.7 | 22.4388 | 14019 | -0.706037 | 0.708174 | 0 | Glock19
SCRIPT       : DATA_LOG | 1305638 | 654400248 | 13494.2 | 22.4389 | 14021.2 | 0.22238 | 0.97496 | 0 | Glock19
SCRIPT       : DATA_LOG | 1306639 | 654400248 | 13496.4 | 22.4389 | 14023.9 | 0.956266 | -0.292498 | 0 | Glock19
SCRIPT       : DATA_LOG | 1307640 | 654400248 | 13496.7 | 22.4389 | 14023.9 | 0.863781 | -0.503868 | 0 | Glock19
SCRIPT       : DATA_LOG | 1308642 | 654400248 | 13495.1 | 22.4389 | 14023.7 | -0.652712 | -0.757606 | 0 | Glock19
SCRIPT       : DATA_LOG | 1309642 | 654400248 | 13493.6 | 22.4389 | 14021.4 | -0.176724 | -0.98426 | 1 | Glock19
SCRIPT       : DATA_LOG | 1310643 | 654400248 | 13493.3 | 22.4389 | 14019.1 | 0.0154748 | -0.99988 | 0 | Glock19
SCRIPT       : DATA_LOG | 1311645 | 654400248 | 13495.1 | 21.1826 | 14016.7 | 0.942055 | -0.335457 | 0 | Glock19
SCRIPT       : DATA_LOG | 1312646 | 654400248 | 13497.6 | 18.1457 | 14015.6 | 0.674048 | -0.738688 | 0 | Glock19
SCRIPT       : DATA_LOG | 1313647 | 654400248 | 13498.5 | 18.0682 | 14014.7 | 0.637308 | -0.770609 | 0 | Glock19
SCRIPT       : DATA_LOG | 1314648 | 654400248 | 13500.8 | 17.6102 | 14013.4 | -0.121933 | -0.992538 | 0 | Glock19
SCRIPT       : DATA_LOG | 1315649 | 654400248 | 13503 | 17.0151 | 14011.8 | -0.3383 | -0.941038 | 0 | Glock19
SCRIPT       : DATA_LOG | 1316650 | 654400248 | 13500.9 | 16.944 | 14006.6 | -0.404677 | -0.914459 | 0 | Glock19
SCRIPT       : DATA_LOG | 1317651 | 654400248 | 13499.6 | 17.585 | 14003.6 | -0.231134 | -0.972922 | 0 | Glock19
SCRIPT       : DATA_LOG | 1318652 | 654400248 | 13497.8 | 16.9008 | 14002.5 | -0.989841 | -0.142179 | 0 | Glock19
SCRIPT       : DATA_LOG | 1319653 | 654400248 | 13493.5 | 17.1811 | 14000.3 | -0.969782 | -0.243973 | 0 | Glock19
SCRIPT       : DATA_LOG | 1320654 | 654400248 | 13490.7 | 17.1865 | 14000.3 | -0.79267 | -0.609652 | 0 | Glock19
SCRIPT       : DATA_LOG | 1321655 | 654400248 | 13489.4 | 17.187 | 13997.8 | -0.00921347 | -0.999958 | 0 | Glock19
SCRIPT       : DATA_LOG | 1322657 | 654400248 | 13489.2 | 17.1872 | 13994.7 | -0.860597 | -0.509286 | 0 | Glock19
SCRIPT       : DATA_LOG | 1323657 | 654400248 | 13488.7 | 17.1874 | 13993.6 | -0.0878905 | -0.99613 | 0 | Glock19
SCRIPT       : DATA_LOG | 1324658 | 654400248 | 13488.2 | 17.1877 | 13990.4 | 0.666063 | -0.745896 | 0 | Glock19
SCRIPT       : DATA_LOG | 1325659 | 654400248 | 13489.9 | 17.1868 | 13989.1 | 0.751411 | 0.659835 | 0 | Glock19
SCRIPT       : DATA_LOG | 1326660 | 654400248 | 13490.6 | 17.2368 | 13988.8 | 0.630916 | -0.775851 | 0 | Glock19
SCRIPT       : DATA_LOG | 1327662 | 654400248 | 13490.6 | 17.2368 | 13988.8 | 0.985227 | 0.171252 | 0 | Glock19
SCRIPT       : DATA_LOG | 1328662 | 654400248 | 13488.6 | 17.1874 | 13990.1 | -0.268951 | 0.963154 | 0 | Glock19
SCRIPT       : DATA_LOG | 1329663 | 654400248 | 13489 | 17.1873 | 13994.1 | 0.271656 | 0.962395 | 0 | Glock19
SCRIPT       : DATA_LOG | 1330664 | 654400248 | 13489.1 | 17.1872 | 13997.7 | 0.271676 | 0.962389 | 0 | Glock19
SCRIPT       : DATA_LOG | 1331665 | 654400248 | 13491.9 | 17.1859 | 14000.1 | 0.9994 | 0.0346297 | 0 | Glock19
SCRIPT       : DATA_LOG | 1332666 | 654400248 | 13496.5 | 16.8859 | 14001 | 0.950145 | 0.311809 | 0 | Glock19
SCRIPT       : DATA_LOG | 1333667 | 654400248 | 13501.7 | 17.0498 | 14002.1 | 0.828958 | 0.55931 | 0 | Glock19
SCRIPT       : DATA_LOG | 1334703 | 654400248 | 13505.2 | 16.9352 | 14006.2 | 0.457088 | 0.889422 | 0 | Glock19
SCRIPT       : DATA_LOG | 1335704 | 654400248 | 13511.1 | 16.9358 | 14009.9 | 0.725991 | 0.687704 | 0 | Glock19
SCRIPT       : DATA_LOG | 1336705 | 654400248 | 13517.3 | 16.9672 | 14012.4 | 0.972194 | 0.234179 | 0 | Glock19
SCRIPT       : DATA_LOG | 1337706 | 654400248 | 13523.3 | 16.6486 | 14015.2 | 0.858707 | 0.512466 | 0 | Glock19
SCRIPT       : DATA_LOG | 1338707 | 654400248 | 13523.9 | 16.616 | 14015.6 | 0.870698 | 0.491818 | 0 | Glock19
SCRIPT       : DATA_LOG | 1339708 | 654400248 | 13523.9 | 16.616 | 14015.6 | 0.870698 | 0.491818 | 0 | Glock19
SCRIPT       : DATA_LOG | 1340709 | 654400248 | 13524.9 | 16.5546 | 14016 | 0.953214 | 0.302298 | 0 | Glock19
SCRIPT       : DATA_LOG | 1341710 | 654400248 | 13525.7 | 16.5036 | 14016.2 | 0.96436 | 0.264592 | 0 | Glock19
SCRIPT       : DATA_LOG | 1342711 | 654400248 | 13525.7 | 16.5036 | 14016.2 | 0.96436 | 0.264592 | 0 | Glock19
SCRIPT       : DATA_LOG | 1343712 | 654400248 | 13525.7 | 16.5036 | 14016.2 | 0.96436 | 0.264592 | 0 | Glock19
SCRIPT       : DATA_LOG | 1344713 | 654400248 | 13526.8 | 16.4191 | 14016.8 | 0.888782 | 0.45833 | 0 | none
SCRIPT       : DATA_LOG | 1345714 | 654400248 | 13530.5 | 16.2389 | 14018.5 | 0.913321 | 0.407241 | 0 | none
SCRIPT       : DATA_LOG | 1346715 | 654400248 | 13534.2 | 16.2584 | 14020.2 | 0.913323 | 0.407236 | 0 | none
SCRIPT       : DATA_LOG | 1347716 | 654400248 | 13538 | 16.0263 | 14021.8 | 0.922419 | 0.38619 | 0 | none
SCRIPT       : DATA_LOG | 1348717 | 654400248 | 13541.7 | 15.528 | 14023.3 | 0.972991 | 0.230841 | 0 | none
SCRIPT       : DATA_LOG | 1349718 | 654400248 | 13545.7 | 15.1939 | 14024.2 | 0.975105 | 0.221742 | 0 | none
SCRIPT       : DATA_LOG | 1350719 | 654400248 | 13549.7 | 15.0103 | 14025.1 | 0.975424 | 0.220338 | 0 | none
SCRIPT       : DATA_LOG | 1351720 | 654400248 | 13553.7 | 14.7767 | 14025 | 0.995957 | 0.0898257 | 0 | none
SCRIPT       : DATA_LOG | 1352721 | 654400248 | 13554.7 | 14.7049 | 14025.1 | 0.995963 | 0.0897629 | 0 | none
SCRIPT       : DATA_LOG | 1353722 | 654400248 | 13554.7 | 14.7049 | 14025.1 | 0.995963 | 0.0897629 | 0 | none
SCRIPT       : DATA_LOG | 1354724 | 654400248 | 13556.3 | 14.5833 | 14025.3 | 0.993816 | 0.111043 | 0 | none
SCRIPT       : DATA_LOG | 1355724 | 654400248 | 13560.2 | 14.3039 | 14026.2 | 0.955316 | -0.295587 | 0 | none
SCRIPT       : DATA_LOG | 1356725 | 654400248 | 13564.1 | 14.0824 | 14027.4 | 0.893491 | -0.449081 | 0 | none
SCRIPT       : DATA_LOG | 1357727 | 654400248 | 13567.3 | 13.9044 | 14029.7 | 0.956034 | 0.293255 | 0 | none
SCRIPT       : DATA_LOG | 1358727 | 654400248 | 13569.7 | 13.9093 | 14032.9 | 0.561606 | 0.827405 | 0 | none
SCRIPT       : DATA_LOG | 1359728 | 654400248 | 13571.9 | 13.9458 | 14036.3 | 0.54422 | 0.838943 | 0 | none
SCRIPT       : DATA_LOG | 1360729 | 654400248 | 13574.3 | 13.9814 | 14039.7 | 0.999795 | 0.0202648 | 0 | none
SCRIPT       : DATA_LOG | 1361730 | 654400248 | 13575.5 | 14.0404 | 14043.3 | 0.999801 | 0.0199459 | 0 | none
SCRIPT       : DATA_LOG | 1362732 | 654400248 | 13577.6 | 14.0972 | 14046.7 | 0.408703 | 0.912667 | 0 | none
SCRIPT       : DATA_LOG | 1363732 | 654400248 | 13578.7 | 14.2057 | 14050.2 | -0.0672098 | 0.997739 | 0 | M16A2
SCRIPT       : DATA_LOG | 1364733 | 654400248 | 13578.8 | 14.4417 | 14053.6 | -0.776046 | 0.630677 | 0 | M16A2
SCRIPT       : DATA_LOG | 1365734 | 654400248 | 13578.8 | 14.649 | 14058.9 | -0.282894 | 0.959151 | 0 | M16A2
SCRIPT       : DATA_LOG | 1366735 | 654400248 | 13576.4 | 14.6171 | 14065 | 0.148169 | 0.988962 | 0 | M16A2
SCRIPT       : DATA_LOG | 1367737 | 654400248 | 13578.3 | 14.641 | 14071.4 | 0.127206 | 0.991876 | 0 | M16A2
SCRIPT       : DATA_LOG | 1368737 | 654400248 | 13578.8 | 14.6662 | 14078.1 | 0.0291166 | 0.999576 | 0 | M16A2
SCRIPT       : DATA_LOG | 1369738 | 654400248 | 13579.2 | 14.5654 | 14084.8 | -0.0190155 | 0.999819 | 0 | M16A2
SCRIPT       : DATA_LOG | 1370739 | 654400248 | 13579.5 | 14.5529 | 14091.5 | -0.0190716 | 0.999818 | 0 | M16A2
SCRIPT       : DATA_LOG | 1371740 | 654400248 | 13580.4 | 14.6831 | 14093.9 | -0.0190716 | 0.999818 | 0 | M16A2
SCRIPT       : DATA_LOG | 1372742 | 654400248 | 13581 | 14.6448 | 14097.1 | -0.296988 | 0.954881 | 0 | M16A2
SCRIPT       : DATA_LOG | 1373743 | 654400248 | 13581.6 | 14.6707 | 14103.1 | -0.237856 | 0.9713 | 0 | M16A2
SCRIPT       : DATA_LOG | 1374744 | 654400248 | 13580.3 | 14.6187 | 14109.7 | -0.240771 | 0.970582 | 0 | M16A2
SCRIPT       : DATA_LOG | 1375745 | 654400248 | 13579.1 | 14.6404 | 14116 | -0.240772 | 0.970582 | 0 | M16A2
SCRIPT       : DATA_LOG | 1376747 | 654400248 | 13577.4 | 14.6787 | 14122.8 | -0.240772 | 0.970582 | 0 | M16A2
SCRIPT       : DATA_LOG | 1377747 | 654400248 | 13575.9 | 14.7326 | 14129.3 | -0.593098 | 0.80513 | 0 | M16A2
SCRIPT       : DATA_LOG | 1378748 | 654400248 | 13574.1 | 14.659 | 14134.3 | -0.62306 | 0.782174 | 0 | M16A2
SCRIPT       : DATA_LOG | 1379749 | 654400248 | 13572.3 | 14.7125 | 14137.3 | -0.86665 | 0.498917 | 0 | M16A2
SCRIPT       : DATA_LOG | 1380750 | 654400248 | 13571 | 14.8806 | 14140.4 | -0.972653 | 0.232262 | 0 | M16A2
SCRIPT       : DATA_LOG | 1381751 | 654400248 | 13568.1 | 14.8887 | 14142.1 | -0.92948 | -0.368871 | 0 | M16A2
SCRIPT       : DATA_LOG | 1382752 | 654400248 | 13565.1 | 14.7182 | 14140.8 | -0.638835 | 0.769344 | 0 | M16A2
SCRIPT       : DATA_LOG | 1383753 | 654400248 | 13561.7 | 14.722 | 14140.2 | -0.997261 | -0.0739655 | 0 | M16A2
SCRIPT       : DATA_LOG | 1384754 | 654400248 | 13555.5 | 14.7634 | 14138.4 | -0.906702 | -0.421772 | 0 | M16A2
SCRIPT       : DATA_LOG | 1385755 | 654400248 | 13549.7 | 14.7634 | 14135.3 | -0.508599 | -0.861004 | 0 | M16A2
SCRIPT       : DATA_LOG | 1386756 | 654400248 | 13546.7 | 14.8085 | 14132.3 | 0.640452 | -0.767998 | 0 | M16A2
SCRIPT       : DATA_LOG | 1387757 | 654400248 | 13548.6 | 14.779 | 14130.7 | 0.741358 | 0.671109 | 0 | M16A2
SCRIPT       : DATA_LOG | 1388758 | 654400248 | 13550.3 | 14.8435 | 14132.9 | 0.636323 | 0.771422 | 0 | M16A2
SCRIPT       : DATA_LOG | 1389759 | 654400248 | 13550.3 | 14.8435 | 14132.9 | 0.636323 | 0.771422 | 0 | M16A2
SCRIPT       : DATA_LOG | 1390760 | 654400248 | 13549.8 | 14.8439 | 14132.7 | 0.821881 | -0.569659 | 0 | M16A2
SCRIPT       : DATA_LOG | 1391761 | 654400248 | 13551.4 | 14.8426 | 14130.9 | 0.862719 | -0.505683 | 0 | M16A2
SCRIPT       : DATA_LOG | 1392762 | 654400248 | 13550.8 | 14.8431 | 14131.9 | -0.0462925 | 0.998928 | 0 | M16A2
SCRIPT       : DATA_LOG | 1393763 | 654400248 | 13550.5 | 14.8434 | 14132.5 | -0.088413 | 0.996084 | 0 | M16A2
SCRIPT       : DATA_LOG | 1394764 | 654400248 | 13550.5 | 14.8434 | 14132.5 | -0.088413 | 0.996084 | 0 | M16A2
SCRIPT       : DATA_LOG | 1395765 | 654400248 | 13550.5 | 14.8434 | 14132.5 | -0.088413 | 0.996084 | 0 | M16A2
SCRIPT       : DATA_LOG | 1396766 | 654400248 | 13549.7 | 14.844 | 14132.6 | -0.880832 | 0.473429 | 0 | M16A2
SCRIPT       : DATA_LOG | 1397767 | 654400248 | 13547.7 | 14.7911 | 14130.7 | -0.873564 | 0.486709 | 0 | M16A2
SCRIPT       : DATA_LOG | 1398768 | 654400248 | 13545.9 | 14.8231 | 14133.9 | -0.158289 | 0.987393 | 0 | M16A2
SCRIPT       : DATA_LOG | 1399769 | 654400248 | 13544.4 | 15.3372 | 14140.3 | -0.683993 | 0.729489 | 0 | M16A2
SCRIPT       : DATA_LOG | 1400770 | 654400248 | 13540.4 | 16.0605 | 14143.5 | -0.704409 | 0.709794 | 0 | M16A2
SCRIPT       : DATA_LOG | 1401772 | 654400248 | 13540.1 | 17.1088 | 14143.9 | -0.677468 | 0.735552 | 0 | M16A2
SCRIPT       : DATA_LOG | 1402772 | 654400248 | 13539.2 | 16.3538 | 14144.7 | -0.681506 | 0.731813 | 0 | M16A2
SCRIPT       : DATA_LOG | 1403773 | 654400248 | 13541.5 | 16.3422 | 14147.2 | 0.53067 | 0.847579 | 0 | M16A2
SCRIPT       : DATA_LOG | 1404774 | 654400248 | 13542.7 | 16.8102 | 14153.3 | -0.721983 | 0.691911 | 0 | M16A2
SCRIPT       : DATA_LOG | 1405775 | 654400248 | 13541.6 | 16.9965 | 14152.7 | -0.865732 | -0.500508 | 0 | M16A2
SCRIPT       : DATA_LOG | 1406777 | 654400248 | 13539.6 | 17.4254 | 14150.1 | -0.953022 | 0.3029 | 0 | M16A2
SCRIPT       : DATA_LOG | 1407777 | 654400248 | 13538 | 17.4249 | 14151.7 | -0.597607 | 0.801789 | 0 | M16A2
SCRIPT       : DATA_LOG | 1408778 | 654400248 | 13535.9 | 17.4463 | 14153.1 | -0.966395 | -0.25706 | 0 | M16A2
SCRIPT       : DATA_LOG | 1409779 | 654400248 | 13535.9 | 17.4463 | 14153.1 | -0.817927 | -0.575322 | 0 | M16A2
SCRIPT       : DATA_LOG | 1410780 | 654400248 | 13536.3 | 17.4459 | 14152.2 | -0.999565 | 0.0294794 | 0 | M16A2
SCRIPT       : DATA_LOG | 1411781 | 654400248 | 13534.8 | 17.4222 | 14154.9 | -0.498855 | 0.866686 | 0 | M16A2
SCRIPT       : DATA_LOG | 1412783 | 654400248 | 13532.7 | 17.4203 | 14157.6 | 0.543712 | 0.839272 | 0 | M16A2
SCRIPT       : DATA_LOG | 1413783 | 654400248 | 13534.8 | 17.0007 | 14160.1 | 0.575539 | 0.817774 | 0 | M16A2
SCRIPT       : DATA_LOG | 1414784 | 654400248 | 13537.6 | 17.4334 | 14165.4 | -0.314152 | 0.949373 | 0 | M16A2
SCRIPT       : DATA_LOG | 1415785 | 654400248 | 13535.9 | 18.1554 | 14171.8 | -0.378604 | 0.925559 | 0 | M16A2
SCRIPT       : DATA_LOG | 1416786 | 654400248 | 13533.3 | 18.8601 | 14178.2 | -0.378735 | 0.925505 | 0 | M16A2
SCRIPT       : DATA_LOG | 1417789 | 654400248 | 13530.7 | 19.5899 | 14184.3 | -0.378735 | 0.925505 | 0 | M16A2
SCRIPT       : DATA_LOG | 1418790 | 654400248 | 13529.8 | 20.0669 | 14190.2 | -0.0803463 | 0.996767 | 0 | M16A2
SCRIPT       : DATA_LOG | 1419792 | 654400248 | 13529.4 | 20.2706 | 14193.8 | -0.366767 | 0.930313 | 0 | M16A2
SCRIPT       : DATA_LOG | 1420793 | 654400248 | 13528.1 | 20.5572 | 14197.1 | -0.443667 | 0.896192 | 0 | M16A2
SCRIPT       : DATA_LOG | 1421794 | 654400248 | 13526.3 | 20.5963 | 14200.2 | -0.558914 | 0.829226 | 0 | M16A2
SCRIPT       : DATA_LOG | 1422795 | 654400248 | 13526.2 | 20.598 | 14200.4 | -0.558914 | 0.829226 | 0 | M16A2
SCRIPT       : DATA_LOG | 1423796 | 654400248 | 13524.4 | 20.475 | 14202.6 | -0.413413 | 0.910544 | 0 | M16A2
SCRIPT       : DATA_LOG | 1424797 | 654400248 | 13521.9 | 20.4749 | 14205.1 | -0.56433 | 0.825549 | 0 | M16A2
SCRIPT       : DATA_LOG | 1425799 | 654400248 | 13520.4 | 20.475 | 14206.5 | -0.996952 | -0.0780197 | 0 | M16A2
SCRIPT       : DATA_LOG | 1426800 | 654400248 | 13517 | 20.475 | 14205.4 | -0.908208 | 0.418518 | 0 | M16A2
SCRIPT       : DATA_LOG | 1427801 | 654400248 | 13515.6 | 20.475 | 14207 | -0.163849 | 0.986485 | 0 | M16A2
SCRIPT       : DATA_LOG | 1428802 | 654400248 | 13514.4 | 20.475 | 14210.4 | -0.36095 | 0.932585 | 0 | M16A2
SCRIPT       : DATA_LOG | 1429803 | 654400248 | 13512.6 | 20.4749 | 14213.3 | -0.2591 | 0.965851 | 0 | M16A2
SCRIPT       : DATA_LOG | 1430804 | 654400248 | 13510.3 | 20.475 | 14216 | -0.690258 | 0.723563 | 0 | M16A2
SCRIPT       : DATA_LOG | 1431805 | 654400248 | 13508.2 | 20.4748 | 14219 | -0.322944 | 0.946418 | 0 | M16A2
SCRIPT       : DATA_LOG | 1432806 | 654400248 | 13507.8 | 20.4783 | 14222.5 | -0.185276 | 0.982686 | 0 | M16A2
SCRIPT       : DATA_LOG | 1433808 | 654400248 | 13507.2 | 20.483 | 14226 | -0.185269 | 0.982688 | 0 | M16A2
SCRIPT       : DATA_LOG | 1434808 | 654400248 | 13507.2 | 20.4849 | 14229.5 | -0.914408 | 0.404793 | 0 | M16A2
SCRIPT       : DATA_LOG | 1435809 | 654400248 | 13508.1 | 20.4849 | 14232.3 | -0.954307 | 0.298829 | 0 | M16A2
SCRIPT       : DATA_LOG | 1436810 | 654400248 | 13506.6 | 20.485 | 14234.8 | -0.631814 | 0.77512 | 0 | M16A2
SCRIPT       : DATA_LOG | 1437811 | 654400248 | 13505.9 | 20.4849 | 14235.7 | -0.507959 | 0.861381 | 0 | M16A2
SCRIPT       : DATA_LOG | 1438812 | 654400248 | 13505.9 | 20.4849 | 14235.7 | -0.507959 | 0.861381 | 0 | M16A2
SCRIPT       : DATA_LOG | 1439813 | 654400248 | 13505.9 | 20.4849 | 14235.7 | -0.507959 | 0.861381 | 0 | M16A2
SCRIPT       : DATA_LOG | 1440814 | 654400248 | 13505.9 | 20.4849 | 14235.7 | -0.507959 | 0.861381 | 0 | M16A2
SCRIPT       : DATA_LOG | 1441815 | 654400248 | 13505.6 | 20.485 | 14237.2 | -0.0609438 | 0.998141 | 0 | M16A2
SCRIPT       : DATA_LOG | 1442816 | 654400248 | 13504 | 20.485 | 14240.2 | 0.348762 | 0.937211 | 0 | M16A2
SCRIPT       : DATA_LOG | 1443817 | 654400248 | 13501.1 | 20.485 | 14241.5 | 0.406384 | 0.913702 | 0 | M16A2
SCRIPT       : DATA_LOG | 1444820 | 654400248 | 13498.1 | 20.4849 | 14242.6 | -0.97066 | -0.240455 | 0 | M16A2
SCRIPT       : DATA_LOG | 1445822 | 654400248 | 13495.3 | 20.4849 | 14243.4 | -0.957529 | 0.288338 | 0 | M16A2
SCRIPT       : DATA_LOG | 1446822 | 654400248 | 13493.1 | 20.4849 | 14241.5 | -0.880239 | 0.474531 | 0 | M16A2
SCRIPT       : DATA_LOG | 1447823 | 654400248 | 13491.6 | 20.4849 | 14238.6 | -0.912232 | -0.409675 | 0 | M16A2
SCRIPT       : DATA_LOG | 1448824 | 654400248 | 13490.1 | 20.4849 | 14235.6 | 0.300744 | -0.953705 | 0 | M16A2
SCRIPT       : DATA_LOG | 1449826 | 654400248 | 13492.4 | 20.485 | 14233 | 0.900716 | -0.43441 | 0 | M16A2
SCRIPT       : DATA_LOG | 1450826 | 654400248 | 13495.8 | 20.4849 | 14228.4 | 0.509875 | -0.860248 | 0 | M16A2
SCRIPT       : DATA_LOG | 1451827 | 654400248 | 13496.8 | 20.4831 | 14226.1 | 0.307951 | -0.951402 | 0 | M16A2
SCRIPT       : DATA_LOG | 1452829 | 654400248 | 13496.9 | 20.4819 | 14225.2 | -0.260338 | -0.965518 | 0 | M16A2
SCRIPT       : DATA_LOG | 1453830 | 654400248 | 13495.6 | 20.4951 | 14222.1 | -0.206123 | -0.978526 | 0 | M16A2
SCRIPT       : DATA_LOG | 1454830 | 654400248 | 13495.5 | 20.495 | 14221.9 | -0.206123 | -0.978526 | 0 | M16A2
SCRIPT       : DATA_LOG | 1455831 | 654400248 | 13495.5 | 20.495 | 14221.9 | -0.206123 | -0.978526 | 0 | M16A2
SCRIPT       : DATA_LOG | 1456832 | 654400248 | 13495.5 | 20.495 | 14221.9 | -0.206123 | -0.978526 | 0 | M16A2
SCRIPT       : DATA_LOG | 1457833 | 654400248 | 13493.5 | 20.5013 | 14221.5 | -0.265864 | -0.96401 | 0 | M16A2
SCRIPT       : DATA_LOG | 1458834 | 654400248 | 13490.8 | 20.485 | 14219.7 | -0.99778 | 0.0665993 | 0 | M16A2
SCRIPT       : DATA_LOG | 1459835 | 654400248 | 13487.6 | 20.485 | 14221.4 | -0.823686 | 0.567047 | 0 | M16A2
SCRIPT       : DATA_LOG | 1460836 | 654400248 | 13484.6 | 20.4876 | 14223.4 | -0.691438 | 0.722435 | 0 | M16A2
SCRIPT       : DATA_LOG | 1461837 | 654400248 | 13481.5 | 20.5085 | 14226.4 | -0.858264 | 0.513208 | 0 | M16A2
SCRIPT       : DATA_LOG | 1462839 | 654400248 | 13476.2 | 20.5189 | 14229.9 | -0.553502 | 0.832848 | 0 | M16A2
SCRIPT       : DATA_LOG | 1463840 | 654400248 | 13472.4 | 20.485 | 14235.5 | -0.552127 | 0.83376 | 0 | M16A2
SCRIPT       : DATA_LOG | 1464841 | 654400248 | 13468.8 | 20.7338 | 14241 | -0.466121 | 0.884721 | 0 | M16A2
SCRIPT       : DATA_LOG | 1465842 | 654400248 | 13466.4 | 20.7109 | 14246.9 | -0.733254 | 0.679954 | 0 | M16A2
SCRIPT       : DATA_LOG | 1466843 | 654400248 | 13463 | 20.485 | 14252.5 | -0.598409 | 0.801191 | 0 | M16A2
SCRIPT       : DATA_LOG | 1467844 | 654400248 | 13460.1 | 20.485 | 14258.5 | -0.619875 | 0.7847 | 0 | M16A2
SCRIPT       : DATA_LOG | 1468845 | 654400248 | 13456.7 | 20.4849 | 14264.3 | -0.913652 | 0.406498 | 0 | M16A2
SCRIPT       : DATA_LOG | 1469846 | 654400248 | 13450.8 | 20.485 | 14267.4 | -0.999524 | 0.0308442 | 0 | M16A2
SCRIPT       : DATA_LOG | 1470847 | 654400248 | 13444.4 | 20.4849 | 14268.8 | -0.888277 | -0.459309 | 0 | M16A2
SCRIPT       : DATA_LOG | 1471848 | 654400248 | 13440.9 | 20.8115 | 14267.6 | -0.537286 | -0.8434 | 0 | M16A2
SCRIPT       : DATA_LOG | 1472849 | 654400248 | 13438.6 | 20.8115 | 14267.3 | -0.932132 | 0.362119 | 0 | M16A2
SCRIPT       : DATA_LOG | 1473850 | 654400248 | 13438.5 | 20.8115 | 14267.5 | -0.932132 | 0.362119 | 0 | M16A2
SCRIPT       : DATA_LOG | 1474851 | 654400248 | 13438.5 | 20.8115 | 14267.5 | -0.932132 | 0.362119 | 0 | M16A2
SCRIPT       : DATA_LOG | 1475852 | 654400248 | 13438.5 | 20.8115 | 14267.5 | -0.932132 | 0.362119 | 0 | M16A2
SCRIPT       : DATA_LOG | 1476853 | 654400248 | 13438.5 | 20.8115 | 14267.5 | -0.932132 | 0.362119 | 0 | M16A2
SCRIPT       : DATA_LOG | 1477854 | 654400248 | 13438.4 | 20.8115 | 14267.6 | -0.754671 | 0.656104 | 0 | none
SCRIPT       : DATA_LOG | 1478855 | 654400248 | 13438.1 | 20.8115 | 14268 | -0.369034 | 0.929416 | 0 | none
SCRIPT       : DATA_LOG | 1479856 | 654400248 | 13438.1 | 20.8115 | 14268 | 0.785983 | 0.618249 | 0 | none
SCRIPT       : DATA_LOG | 1480857 | 654400248 | 13438.1 | 20.8115 | 14268 | 0.785983 | 0.618249 | 0 | none
SCRIPT       : DATA_LOG | 1481858 | 654400248 | 13438.1 | 20.8115 | 14268 | 0.785983 | 0.618248 | 0 | none
SCRIPT       : DATA_LOG | 1482859 | 654400248 | 13439.1 | 20.8115 | 14267.3 | 0.980209 | 0.197966 | 0 | none
SCRIPT       : DATA_LOG | 1483860 | 654400248 | 13442 | 20.485 | 14269.3 | 0.260347 | 0.965515 | 0 | M16A2
SCRIPT       : DATA_LOG | 1484861 | 654400248 | 13442 | 20.485 | 14273 | -0.805032 | 0.593231 | 0 | M16A2
SCRIPT       : DATA_LOG | 1485862 | 654400248 | 13438.3 | 20.485 | 14278.3 | -0.809138 | 0.587619 | 0 | M16A2
SCRIPT       : DATA_LOG | 1486863 | 654400248 | 13436.2 | 20.485 | 14281.5 | -0.964776 | 0.263072 | 0 | M16A2
SCRIPT       : DATA_LOG | 1487864 | 654400248 | 13433.5 | 20.485 | 14281.3 | -0.577593 | 0.816325 | 0 | M16A2
SCRIPT       : DATA_LOG | 1488865 | 654400248 | 13432.9 | 20.485 | 14280.9 | -0.55148 | 0.834188 | 0 | M16A2
SCRIPT       : DATA_LOG | 1489866 | 654400248 | 13432.9 | 20.8263 | 14282 | -0.545265 | 0.838263 | 0 | M16A2
SCRIPT       : DATA_LOG | 1490867 | 654400248 | 13430.7 | 20.8414 | 14283.8 | 0.24669 | 0.969094 | 0 | M16A2
SCRIPT       : DATA_LOG | 1491868 | 654400248 | 13430.6 | 20.8012 | 14283.9 | 0.492533 | 0.870294 | 0 | M16A2
SCRIPT       : DATA_LOG | 1492869 | 654400248 | 13431.1 | 20.9662 | 14283.6 | 0.252578 | 0.967577 | 0 | M16A2
SCRIPT       : DATA_LOG | 1493871 | 654400248 | 13431.7 | 21.0769 | 14283.6 | -0.8282 | -0.560433 | 0 | M16A2
SCRIPT       : DATA_LOG | 1494872 | 654400248 | 13430.3 | 20.6502 | 14283.9 | -0.71309 | 0.701073 | 0 | M16A2
SCRIPT       : DATA_LOG | 1495873 | 654400248 | 13426.8 | 20.8984 | 14283.7 | -0.771842 | 0.635815 | 0 | M16A2
SCRIPT       : DATA_LOG | 1496874 | 654400248 | 13425 | 21.027 | 14282.2 | -0.758908 | 0.651198 | 0 | M16A2
SCRIPT       : DATA_LOG | 1497875 | 654400248 | 13424.2 | 21.0473 | 14281.2 | -0.762078 | 0.647486 | 0 | M16A2
SCRIPT       : DATA_LOG | 1498876 | 654400248 | 13423 | 21.0541 | 14280.1 | -0.779758 | 0.626081 | 0 | M16A2
SCRIPT       : DATA_LOG | 1499877 | 654400248 | 13419.6 | 21.1417 | 14283.3 | -0.607773 | 0.794111 | 0 | M16A2
SCRIPT       : DATA_LOG | 1500878 | 654400248 | 13416.1 | 21.2945 | 14289 | -0.824688 | 0.565588 | 0 | M16A2
SCRIPT       : DATA_LOG | 1501879 | 654400248 | 13414.1 | 21.4643 | 14294.3 | -0.876916 | 0.480644 | 0 | M16A2
SCRIPT       : DATA_LOG | 1502880 | 654400248 | 13412.6 | 21.5169 | 14297.4 | -0.693468 | 0.720487 | 0 | M16A2
SCRIPT       : DATA_LOG | 1503881 | 654400248 | 13410.1 | 21.5756 | 14299.4 | -0.666856 | 0.745187 | 0 | M16A2
SCRIPT       : DATA_LOG | 1504882 | 654400248 | 13410.1 | 21.5759 | 14299.4 | -0.666856 | 0.745187 | 0 | M16A2
SCRIPT       : DATA_LOG | 1505883 | 654400248 | 13410.1 | 21.5759 | 14299.4 | -0.666856 | 0.745187 | 0 | M16A2
SCRIPT       : DATA_LOG | 1506884 | 654400248 | 13409.8 | 21.5811 | 14300 | -0.661982 | 0.74952 | 0 | M16A2
SCRIPT       : DATA_LOG | 1507885 | 654400248 | 13408.7 | 21.4602 | 14303.3 | -0.698346 | 0.71576 | 0 | M16A2
SCRIPT       : DATA_LOG | 1508886 | 654400248 | 13406.9 | 21.0134 | 14306.2 | -0.776632 | 0.629955 | 0 | M16A2
SCRIPT       : DATA_LOG | 1509887 | 654400248 | 13404.4 | 20.6753 | 14308.5 | -0.514013 | 0.857782 | 0 | M16A2
SCRIPT       : DATA_LOG | 1510888 | 654400248 | 13401.3 | 20.6984 | 14309.9 | -0.484905 | 0.874567 | 0 | M16A2
SCRIPT       : DATA_LOG | 1511889 | 654400248 | 13398.2 | 21.3258 | 14310.8 | -0.484802 | 0.874624 | 0 | M16A2
SCRIPT       : DATA_LOG | 1512891 | 654400248 | 13396.2 | 21.7915 | 14313.3 | -0.69632 | 0.717732 | 0 | M16A2
SCRIPT       : DATA_LOG | 1513892 | 654400248 | 13395.7 | 21.9024 | 14314 | -0.697831 | 0.716262 | 0 | M16A2
 SCRIPT       : [Logout]: New player aRapBi1cCZPZAGLIDny3dk3hQ8vTmNTLHRl8zxmKgQ0= with logout time 15
 SCRIPT       : Player "rafaelglima79" (steamid=76561199445097358) initiated disconnect process...
SCRIPT       : DATA_LOG | 1514893 | 654400248 | 13395.7 | 21.9022 | 14313.9 | -0.697831 | 0.716262 | 0 | M16A2
SCRIPT       : DATA_LOG | 1515895 | 654400248 | 13395.8 | 21.8799 | 14313.9 | -0.697831 | 0.716262 | 0 | M16A2
SCRIPT       : DATA_LOG | 1516895 | 654400248 | 13395.9 | 21.8644 | 14313.8 | -0.697831 | 0.716262 | 0 | M16A2
 SCRIPT       : Player "rafaelglima79" (steamid=76561199445097358) disconnected early from server (EXIT NOW).
SCRIPT       : DATA_LOG | 1517896 | 654400248 | 13395.9 | 21.8644 | 14313.8 | -0.697831 | 0.716262 | 0 | M16A2
SCRIPT       : DATA_LOG | 1518897 | 654400248 | 13395.9 | 21.8644 | 14313.8 | -0.697831 | 0.716262 | 0 | M16A2
SCRIPT       : DATA_LOG | 1519898 | 654400248 | 13395.9 | 21.8644 | 14313.8 | -0.697831 | 0.716262 | 0 | M16A2
SCRIPT       : DATA_LOG | 1520899 | 654400248 | 13395.9 | 21.8644 | 14313.8 | -0.697831 | 0.716262 | 0 | M16A2
SCRIPT       : DATA_LOG | 1521900 | 654400248 | 13395.9 | 21.8644 | 14313.8 | -0.697831 | 0.716262 | 0 | M16A2
SCRIPT       : DATA_LOG | 1522901 | 654400248 | 13395.9 | 21.8644 | 14313.8 | -0.697831 | 0.716262 | 0 | M16A2
SCRIPT       : DATA_LOG | 1523902 | 654400248 | 13395.9 | 21.8644 | 14313.8 | -0.697831 | 0.716262 | 0 | M16A2
SCRIPT       : DATA_LOG | 1524903 | 654400248 | 13395.9 | 21.8644 | 14313.8 | -0.697831 | 0.716262 | 0 | M16A2
SCRIPT       : DATA_LOG | 1525904 | 654400248 | 13395.9 | 21.8644 | 14313.8 | -0.697831 | 0.716262 | 0 | M16A2
SCRIPT       : DATA_LOG | 1526905 | 654400248 | 13395.9 | 21.8644 | 14313.8 | -0.697831 | 0.716262 | 0 | M16A2
SCRIPT       : DATA_LOG | 1527906 | 654400248 | 13395.9 | 21.8644 | 14313.8 | -0.697831 | 0.716262 | 0 | M16A2
SCRIPT       : DATA_LOG | 1528907 | 654400248 | 13395.9 | 21.8644 | 14313.8 | -0.697831 | 0.716262 | 0 | M16A2
SCRIPT       : [Logout]: Player aRapBi1cCZPZAGLIDny3dk3hQ8vTmNTLHRl8zxmKgQ0= finished
SCRIPT       : Player "rafaelglima79" (steamid=76561199445097358) disconnected from server.
SCRIPT       : [PlayerListManager] SyncEntryToReceivers ► uid: aRapBi1cCZPZAGLIDny3dk3hQ8vTmNTLHRl8zxmKgQ0= isn't in the players list! sending a remove.
SCRIPT       : HandleOnPlayerDisconnected -> PlayerListManager.RemoveEntry ► aRapBi1cCZPZAGLIDny3dk3hQ8vTmNTLHRl8zxmKgQ0=
