---------------------------------------------
Log D:\ModelAnti-Cheat\log_profiles\script_2026-09-18_21-58-29.log started at 18.09. 21:58:31

SCRIPT       : Module: GameLib; loaded 18x files; 26x classes; used 39/2097 kB (1%) of static memory; defines: "DAYZ_1_29,SERVER_FOR_WINDOWS,SERVER,PLATFORM_WINDOWS,RELEASE,NO_GUI,NO_GUI_INGAME,sakhal,JM_CommunityFramework,CF_MODULE_CONFIG,CF_EXPRESSION,C
SCRIPT       : Registered 349 temporary action enum(s), UAN==349
SCRIPT       : Module: Game; loaded 521x files; 1604x classes; used 4275/33554 kB (12%) of static memory; defines: "DAYZ_1_29,SERVER_FOR_WINDOWS,SERVER,PLATFORM_WINDOWS,RELEASE,NO_GUI,NO_GUI_INGAME,sakhal,JM_CommunityFramework,CF_MODULE_CONFIG,CF_EXPRESSI
SCRIPT       : ... Backlit Effects Enabled
SCRIPT       : VPPNotificationManager()
SCRIPT       : [VPPAT] Internal VPPNotifications module loaded!
SCRIPT       : [DayZ Game]:: DayZGame(): Initializing V++ Admin Tools.
SCRIPT       : Module: World; loaded 2247x files; 5867x classes; used 9518/33554 kB (28%) of static memory; defines: "DAYZ_1_29,SERVER_FOR_WINDOWS,SERVER,PLATFORM_WINDOWS,RELEASE,NO_GUI,NO_GUI_INGAME,sakhal,JM_CommunityFramework,CF_MODULE_CONFIG,CF_EXPRES
 SCRIPT       : Module: Mission; loaded 293x files; 593x classes; used 3996/33554 kB (11%) of static memory; defines: "DAYZ_1_29,SERVER_FOR_WINDOWS,SERVER,PLATFORM_WINDOWS,RELEASE,NO_GUI,NO_GUI_INGAME,sakhal,JM_CommunityFramework,CF_MODULE_CONFIG,CF_EXPRE
 SCRIPT    (W): @"$CurrentDir:mpmissions\dayzOffline.chernarusplus\init.c,54": Possible variable name conflict 'm_player'
 SCRIPT       : Module: $CurrentDir:mpmissions\dayzOffline.chernarusplus\init.c; loaded 1x files; 1x classes; used 16/1048 kB (1%) of static memory; defines: "DAYZ_1_29,SERVER_FOR_WINDOWS,SERVER,PLATFORM_WINDOWS,RELEASE,NO_GUI,NO_GUI_INGAME,sakhal,JM_Comm
 SCRIPT       : [SERVER :: Vanilla++ AdminTools Plugins Registering]
 SCRIPT       : [MissionServer] OnInit - Server
 SCRIPT       : [MissionServer] OnMissionStart - Server
 SCRIPT       : string dirtyName = 'TESTINGSERVER'
SCRIPT       : m_LoginTimeMs: 16200
 SCRIPT       : ---- PlayerBase OnStoreLoad SUCCESS ----
 SCRIPT       : [VPPAT] Player "rafaelglima79" (steamId=76561199445097358) connected to server!
 SCRIPT       : [PlayerListManager] AddReceiver ► added: PlayerIdentity<0x0000023FE487EE30>
SCRIPT       : [DUMMY_DEBUG] SUCESSO: Dummy criado na posicao: <2396.842773, 343.682465, 6563.405273>
SCRIPT       : DATA_LOG | 633844 | aRapBi1cCZPZAGLIDny3dk3hQ8vTmNTLHRl8zxmKgQ0= | 2397.98 | 344.116 | 6566.18 | -0.379409 | -0.925229 | 0 | SVD_Wooden | 0 | 8.23106 | 3.03139 | 0 | 1 | 1 | 0 | 0 | 0 | 0 | 1 | camera |  | -0.379409 | 0 | -0.925229 | -0.379
SCRIPT       : DATA_LOG | 636989 | aRapBi1cCZPZAGLIDny3dk3hQ8vTmNTLHRl8zxmKgQ0= | 2397.98 | 344.116 | 6566.18 | -0.379409 | -0.925229 | 0 | SVD_Wooden | 1 | 21.6213 | 3.19328 | 0 | 1 | 1 | 0 | 0 | 0 | 0 | 1 | camera | target | -0.379409 | 0 | -0.925229 | 
SCRIPT       : DATA_LOG | 638482 | aRapBi1cCZPZAGLIDny3dk3hQ8vTmNTLHRl8zxmKgQ0= | 2397.98 | 344.116 | 6566.18 | -0.379409 | -0.925229 | 0 | SVD_Wooden | 1 | 21.5861 | 3.2004 | 0 | 1 | 1 | 0 | 0 | 0 | 0 | 1 | camera | target | -0.379409 | 0 | -0.925229 | -
SCRIPT       : DATA_LOG | 639820 | aRapBi1cCZPZAGLIDny3dk3hQ8vTmNTLHRl8zxmKgQ0= | 2397.98 | 344.116 | 6566.18 | -0.379409 | -0.925229 | 0 | SVD_Wooden | 1 | 21.6346 | 3.19089 | 0 | 1 | 1 | 0 | 0 | 0 | 0 | 1 | camera | target | -0.379409 | 0 | -0.925229 | 
SCRIPT       : DATA_LOG | 640871 | aRapBi1cCZPZAGLIDny3dk3hQ8vTmNTLHRl8zxmKgQ0= | 2397.98 | 344.116 | 6566.18 | -0.379409 | -0.925229 | 0 | SVD_Wooden | 1 | 21.5679 | 3.20472 | 0 | 1 | 1 | 0 | 0 | 0 | 0 | 1 | camera | target | -0.379409 | 0 | -0.925229 | 
SCRIPT       : DATA_LOG | 642114 | aRapBi1cCZPZAGLIDny3dk3hQ8vTmNTLHRl8zxmKgQ0= | 2397.98 | 344.116 | 6566.18 | -0.379409 | -0.925229 | 0 | SVD_Wooden | 1 | 21.6268 | 3.19101 | 0 | 1 | 1 | 0 | 0 | 0 | 0 | 1 | camera | target | -0.379409 | 0 | -0.925229 | 
SCRIPT       : DATA_LOG | 643114 | aRapBi1cCZPZAGLIDny3dk3hQ8vTmNTLHRl8zxmKgQ0= | 2397.98 | 344.116 | 6566.18 | -0.379409 | -0.925229 | 0 | SVD_Wooden | 1 | 21.6051 | 3.19647 | 0 | 1 | 1 | 0 | 0 | 0 | 0 | 1 | camera | target | -0.379409 | 0 | -0.925229 | 
SCRIPT       : DATA_LOG | 644126 | aRapBi1cCZPZAGLIDny3dk3hQ8vTmNTLHRl8zxmKgQ0= | 2397.98 | 344.116 | 6566.18 | -0.379409 | -0.925229 | 0 | SVD_Wooden | 1 | 21.6502 | 3.18944 | 0 | 1 | 1 | 0 | 0 | 0 | 0 | 1 | camera | target | -0.379409 | 0 | -0.925229 | 
SCRIPT       : DATA_LOG | 645126 | aRapBi1cCZPZAGLIDny3dk3hQ8vTmNTLHRl8zxmKgQ0= | 2397.98 | 344.116 | 6566.18 | -0.379409 | -0.925229 | 0 | SVD_Wooden | 1 | 21.6007 | 3.19692 | 0 | 1 | 1 | 0 | 0 | 0 | 0 | 1 | camera | target | -0.379409 | 0 | -0.925229 | 
SCRIPT       : DATA_LOG | 646123 | aRapBi1cCZPZAGLIDny3dk3hQ8vTmNTLHRl8zxmKgQ0= | 2397.08 | 344.223 | 6566.83 | -0.637613 | -0.770357 | 0 | SVD_Wooden | 1 | 39.42 | 3.56687 | 0 | 1 | 1 | 0 | 0 | 0 | 0 | 1 | camera | target | -0.637613 | 0 | -0.770357 | -0
SCRIPT       : DATA_LOG | 647131 | aRapBi1cCZPZAGLIDny3dk3hQ8vTmNTLHRl8zxmKgQ0= | 2394.88 | 344.518 | 6568.66 | -0.641898 | -0.76679 | 0 | SVD_Wooden | 1 | 60.954 | 5.65024 | 0 | 1 | 1 | 0 | 0 | 0 | 0 | 1 | camera | target | -0.641898 | 0 | -0.76679 | -0.
SCRIPT       : DATA_LOG | 648133 | aRapBi1cCZPZAGLIDny3dk3hQ8vTmNTLHRl8zxmKgQ0= | 2394.79 | 344.53 | 6568.73 | -0.641898 | -0.76679 | 0 | SVD_Wooden | 1 | 61.4854 | 5.74937 | 0 | 1 | 1 | 0 | 0 | 0 | 0 | 1 | camera | target | -0.641898 | 0 | -0.76679 | -0.
SCRIPT       : DATA_LOG | 649136 | aRapBi1cCZPZAGLIDny3dk3hQ8vTmNTLHRl8zxmKgQ0= | 2394.79 | 344.53 | 6568.73 | -0.641898 | -0.76679 | 0 | SVD_Wooden | 1 | 61.5725 | 5.74006 | 0 | 1 | 1 | 0 | 0 | 0 | 0 | 1 | camera | target | -0.641898 | 0 | -0.76679 | -0.
SCRIPT       : DATA_LOG | 650145 | aRapBi1cCZPZAGLIDny3dk3hQ8vTmNTLHRl8zxmKgQ0= | 2394.24 | 344.604 | 6569.19 | -0.637272 | -0.770639 | 0 | SVD_Wooden | 1 | 64.23 | 6.36764 | 0 | 1 | 1 | 0 | 0 | 0 | 0 | 1 | camera | target | -0.637272 | 0 | -0.770639 | -0
SCRIPT       : DATA_LOG | 651133 | aRapBi1cCZPZAGLIDny3dk3hQ8vTmNTLHRl8zxmKgQ0= | 2394.24 | 344.604 | 6569.19 | -0.637272 | -0.770639 | 0 | SVD_Wooden | 1 | 64.3056 | 6.36449 | 0 | 1 | 1 | 0 | 0 | 0 | 0 | 1 | camera | target | -0.637272 | 0 | -0.770639 | 
SCRIPT       : DATA_LOG | 652138 | aRapBi1cCZPZAGLIDny3dk3hQ8vTmNTLHRl8zxmKgQ0= | 2394.24 | 344.604 | 6569.19 | -0.637272 | -0.770639 | 0 | SVD_Wooden | 1 | 64.2756 | 6.36992 | 0 | 1 | 1 | 0 | 0 | 0 | 0 | 1 | camera | target | -0.637272 | 0 | -0.770639 | 
SCRIPT       : DATA_LOG | 653140 | aRapBi1cCZPZAGLIDny3dk3hQ8vTmNTLHRl8zxmKgQ0= | 2394.24 | 344.604 | 6569.19 | -0.637272 | -0.770639 | 0 | SVD_Wooden | 1 | 64.2898 | 6.36574 | 0 | 1 | 1 | 0 | 0 | 0 | 0 | 1 | camera | target | -0.637272 | 0 | -0.770639 | 
SCRIPT       : DATA_LOG | 654386 | aRapBi1cCZPZAGLIDny3dk3hQ8vTmNTLHRl8zxmKgQ0= | 2394.24 | 344.604 | 6569.19 | -0.637272 | -0.770639 | 0 | SVD_Wooden | 1 | 64.2374 | 6.36589 | 0 | 1 | 1 | 0 | 0 | 0 | 0 | 1 | camera | target | -0.637272 | 0 | -0.770639 | 
SCRIPT       : DATA_LOG | 655384 | aRapBi1cCZPZAGLIDny3dk3hQ8vTmNTLHRl8zxmKgQ0= | 2394.24 | 344.604 | 6569.19 | -0.637272 | -0.770639 | 0 | SVD_Wooden | 1 | 64.1796 | 6.37482 | 0 | 1 | 1 | 0 | 0 | 0 | 0 | 1 | camera | target | -0.637272 | 0 | -0.770639 | 
SCRIPT       : DATA_LOG | 656389 | aRapBi1cCZPZAGLIDny3dk3hQ8vTmNTLHRl8zxmKgQ0= | 2394.24 | 344.604 | 6569.19 | -0.637272 | -0.770639 | 0 | SVD_Wooden | 1 | 64.2852 | 6.36285 | 0 | 1 | 1 | 0 | 0 | 0 | 0 | 1 | camera | target | -0.637272 | 0 | -0.770639 | 
SCRIPT       : DATA_LOG | 657381 | aRapBi1cCZPZAGLIDny3dk3hQ8vTmNTLHRl8zxmKgQ0= | 2394.24 | 344.604 | 6569.19 | -0.637272 | -0.770639 | 0 | SVD_Wooden | 1 | 64.2226 | 6.36888 | 0 | 1 | 1 | 0 | 0 | 0 | 0 | 1 | camera | target | -0.637272 | 0 | -0.770639 | 
SCRIPT       : DATA_LOG | 658381 | aRapBi1cCZPZAGLIDny3dk3hQ8vTmNTLHRl8zxmKgQ0= | 2394.24 | 344.604 | 6569.19 | -0.637272 | -0.770639 | 0 | SVD_Wooden | 1 | 64.3002 | 6.36584 | 0 | 1 | 1 | 0 | 0 | 0 | 0 | 1 | camera | target | -0.637272 | 0 | -0.770639 | 
SCRIPT       : DATA_LOG | 659796 | aRapBi1cCZPZAGLIDny3dk3hQ8vTmNTLHRl8zxmKgQ0= | 2394.24 | 344.604 | 6569.19 | -0.637272 | -0.770639 | 0 | SVD_Wooden | 1 | 64.2909 | 6.36855 | 0 | 1 | 1 | 0 | 0 | 0 | 0 | 1 | camera | target | -0.637272 | 0 | -0.770639 | 
SCRIPT       : DATA_LOG | 660790 | aRapBi1cCZPZAGLIDny3dk3hQ8vTmNTLHRl8zxmKgQ0= | 2394.24 | 344.604 | 6569.19 | -0.637272 | -0.770639 | 0 | SVD_Wooden | 1 | 64.2738 | 6.37036 | 0 | 1 | 1 | 0 | 0 | 0 | 0 | 1 | camera | target | -0.637272 | 0 | -0.770639 | 
SCRIPT       : DATA_LOG | 662413 | aRapBi1cCZPZAGLIDny3dk3hQ8vTmNTLHRl8zxmKgQ0= | 2394.24 | 344.604 | 6569.19 | -0.637272 | -0.770639 | 0 | SVD_Wooden | 1 | 64.2698 | 6.3632 | 0 | 1 | 1 | 0 | 0 | 0 | 0 | 1 | camera | target | -0.637272 | 0 | -0.770639 | -
SCRIPT       : DATA_LOG | 664141 | aRapBi1cCZPZAGLIDny3dk3hQ8vTmNTLHRl8zxmKgQ0= | 2394.24 | 344.604 | 6569.19 | -0.637272 | -0.770639 | 0 | SVD_Wooden | 1 | 64.1644 | 6.37622 | 0 | 1 | 1 | 0 | 0 | 0 | 0 | 1 | camera | target | -0.637272 | 0 | -0.770639 | 
SCRIPT       : DATA_LOG | 665931 | aRapBi1cCZPZAGLIDny3dk3hQ8vTmNTLHRl8zxmKgQ0= | 2394.24 | 344.604 | 6569.19 | -0.637272 | -0.770639 | 0 | SVD_Wooden | 1 | 64.251 | 6.36601 | 0 | 1 | 1 | 0 | 0 | 0 | 0 | 1 | camera | target | -0.637272 | 0 | -0.770639 | -
SCRIPT       : DATA_LOG | 666923 | aRapBi1cCZPZAGLIDny3dk3hQ8vTmNTLHRl8zxmKgQ0= | 2394.24 | 344.604 | 6569.19 | -0.637272 | -0.770639 | 0 | SVD_Wooden | 1 | 64.2536 | 6.36777 | 0 | 1 | 1 | 0 | 0 | 0 | 0 | 1 | camera | target | -0.637272 | 0 | -0.770639 | 
SCRIPT       : DATA_LOG | 667926 | aRapBi1cCZPZAGLIDny3dk3hQ8vTmNTLHRl8zxmKgQ0= | 2394.24 | 344.604 | 6569.19 | -0.637272 | -0.770639 | 0 | SVD_Wooden | 1 | 64.3097 | 6.36523 | 0 | 1 | 1 | 0 | 0 | 0 | 0 | 1 | camera | target | -0.637272 | 0 | -0.770639 | 
SCRIPT       : DATA_LOG | 668925 | aRapBi1cCZPZAGLIDny3dk3hQ8vTmNTLHRl8zxmKgQ0= | 2394.24 | 344.604 | 6569.19 | -0.637272 | -0.770639 | 0 | SVD_Wooden | 1 | 64.2547 | 6.37157 | 0 | 1 | 1 | 0 | 0 | 0 | 0 | 1 | camera | target | -0.637272 | 0 | -0.770639 | 
SCRIPT       : DATA_LOG | 669927 | aRapBi1cCZPZAGLIDny3dk3hQ8vTmNTLHRl8zxmKgQ0= | 2394.24 | 344.604 | 6569.19 | -0.637272 | -0.770639 | 0 | SVD_Wooden | 1 | 64.3004 | 6.36197 | 0 | 1 | 1 | 0 | 0 | 0 | 0 | 1 | camera | target | -0.637272 | 0 | -0.770639 | 
SCRIPT       : DATA_LOG | 670929 | aRapBi1cCZPZAGLIDny3dk3hQ8vTmNTLHRl8zxmKgQ0= | 2394.24 | 344.604 | 6569.19 | -0.637272 | -0.770639 | 0 | SVD_Wooden | 1 | 64.196 | 6.37081 | 0 | 1 | 1 | 0 | 0 | 0 | 0 | 1 | camera | target | -0.637272 | 0 | -0.770639 | -
SCRIPT       : DATA_LOG | 671935 | aRapBi1cCZPZAGLIDny3dk3hQ8vTmNTLHRl8zxmKgQ0= | 2394.24 | 344.604 | 6569.19 | -0.637272 | -0.770639 | 0 | SVD_Wooden | 1 | 64.204 | 6.37174 | 0 | 1 | 1 | 0 | 0 | 0 | 0 | 1 | camera | target | -0.637272 | 0 | -0.770639 | -
SCRIPT       : DATA_LOG | 672932 | aRapBi1cCZPZAGLIDny3dk3hQ8vTmNTLHRl8zxmKgQ0= | 2394.24 | 344.604 | 6569.19 | -0.637272 | -0.770639 | 0 | SVD_Wooden | 1 | 64.2797 | 6.36419 | 0 | 1 | 1 | 0 | 0 | 0 | 0 | 1 | camera | target | -0.637272 | 0 | -0.770639 | 
SCRIPT       : DATA_LOG | 673931 | aRapBi1cCZPZAGLIDny3dk3hQ8vTmNTLHRl8zxmKgQ0= | 2394.24 | 344.604 | 6569.19 | -0.637272 | -0.770639 | 0 | SVD_Wooden | 1 | 64.2378 | 6.3675 | 0 | 1 | 1 | 0 | 0 | 0 | 0 | 1 | camera | target | -0.637272 | 0 | -0.770639 | -
SCRIPT       : DATA_LOG | 674934 | aRapBi1cCZPZAGLIDny3dk3hQ8vTmNTLHRl8zxmKgQ0= | 2394.24 | 344.604 | 6569.19 | -0.637272 | -0.770639 | 0 | SVD_Wooden | 1 | 64.3076 | 6.36459 | 0 | 1 | 1 | 0 | 0 | 0 | 0 | 1 | camera | target | -0.637272 | 0 | -0.770639 | 
SCRIPT       : DATA_LOG | 675941 | aRapBi1cCZPZAGLIDny3dk3hQ8vTmNTLHRl8zxmKgQ0= | 2394.24 | 344.604 | 6569.19 | -0.637272 | -0.770639 | 0 | SVD_Wooden | 1 | 64.2718 | 6.37027 | 0 | 1 | 1 | 0 | 0 | 0 | 0 | 1 | camera | target | -0.637272 | 0 | -0.770639 | 
SCRIPT       : DATA_LOG | 676940 | aRapBi1cCZPZAGLIDny3dk3hQ8vTmNTLHRl8zxmKgQ0= | 2394.24 | 344.604 | 6569.19 | -0.637272 | -0.770639 | 0 | SVD_Wooden | 1 | 64.2934 | 6.36485 | 0 | 1 | 1 | 0 | 0 | 0 | 0 | 1 | camera | target | -0.637272 | 0 | -0.770639 | 
SCRIPT       : DATA_LOG | 677946 | aRapBi1cCZPZAGLIDny3dk3hQ8vTmNTLHRl8zxmKgQ0= | 2394.24 | 344.604 | 6569.19 | -0.637272 | -0.770639 | 0 | SVD_Wooden | 1 | 64.2242 | 6.36738 | 0 | 1 | 1 | 0 | 0 | 0 | 0 | 1 | camera | target | -0.637272 | 0 | -0.770639 | 
SCRIPT       : DATA_LOG | 678938 | aRapBi1cCZPZAGLIDny3dk3hQ8vTmNTLHRl8zxmKgQ0= | 2394.24 | 344.604 | 6569.19 | -0.637272 | -0.770639 | 0 | SVD_Wooden | 1 | 64.189 | 6.37368 | 0 | 1 | 1 | 0 | 0 | 0 | 0 | 1 | camera | target | -0.637272 | 0 | -0.770639 | -
SCRIPT       : DATA_LOG | 679938 | aRapBi1cCZPZAGLIDny3dk3hQ8vTmNTLHRl8zxmKgQ0= | 2394.24 | 344.604 | 6569.19 | -0.637272 | -0.770639 | 0 | SVD_Wooden | 1 | 64.2833 | 6.36329 | 0 | 1 | 1 | 0 | 0 | 0 | 0 | 1 | camera | target | -0.637272 | 0 | -0.770639 | 
SCRIPT       : DATA_LOG | 681012 | aRapBi1cCZPZAGLIDny3dk3hQ8vTmNTLHRl8zxmKgQ0= | 2394.24 | 344.604 | 6569.19 | -0.637272 | -0.770639 | 0 | SVD_Wooden | 1 | 64.2226 | 6.36889 | 0 | 1 | 1 | 0 | 0 | 0 | 0 | 1 | camera | target | -0.637272 | 0 | -0.770639 | 
SCRIPT       : DATA_LOG | 682014 | aRapBi1cCZPZAGLIDny3dk3hQ8vTmNTLHRl8zxmKgQ0= | 2394.24 | 344.604 | 6569.19 | -0.637272 | -0.770639 | 0 | SVD_Wooden | 1 | 64.3039 | 6.36495 | 0 | 1 | 1 | 0 | 0 | 0 | 0 | 1 | camera | target | -0.637272 | 0 | -0.770639 | 
SCRIPT       : DATA_LOG | 683018 | aRapBi1cCZPZAGLIDny3dk3hQ8vTmNTLHRl8zxmKgQ0= | 2394.24 | 344.604 | 6569.19 | -0.637272 | -0.770639 | 0 | SVD_Wooden | 1 | 64.2851 | 6.36879 | 0 | 1 | 1 | 0 | 0 | 0 | 0 | 1 | camera | target | -0.637272 | 0 | -0.770639 | 
SCRIPT       : DATA_LOG | 684022 | aRapBi1cCZPZAGLIDny3dk3hQ8vTmNTLHRl8zxmKgQ0= | 2394.24 | 344.604 | 6569.19 | -0.637272 | -0.770639 | 0 | SVD_Wooden | 1 | 64.2828 | 6.3681 | 0 | 1 | 1 | 0 | 0 | 0 | 0 | 1 | camera | target | -0.637272 | 0 | -0.770639 | -
SCRIPT       : DATA_LOG | 685162 | aRapBi1cCZPZAGLIDny3dk3hQ8vTmNTLHRl8zxmKgQ0= | 2394.24 | 344.604 | 6569.19 | -0.637272 | -0.770639 | 0 | SVD_Wooden | 1 | 64.2698 | 6.3632 | 0 | 1 | 1 | 0 | 0 | 0 | 0 | 1 | camera | target | -0.637272 | 0 | -0.770639 | -
SCRIPT       : DATA_LOG | 686476 | aRapBi1cCZPZAGLIDny3dk3hQ8vTmNTLHRl8zxmKgQ0= | 2394.24 | 344.604 | 6569.19 | -0.637272 | -0.770639 | 0 | SVD_Wooden | 1 | 64.189 | 6.37368 | 0 | 1 | 1 | 0 | 0 | 0 | 0 | 1 | camera | target | -0.637272 | 0 | -0.770639 | -
SCRIPT       : DATA_LOG | 687502 | aRapBi1cCZPZAGLIDny3dk3hQ8vTmNTLHRl8zxmKgQ0= | 2394.24 | 344.604 | 6569.19 | -0.637272 | -0.770639 | 0 | SVD_Wooden | 1 | 64.2756 | 6.36345 | 0 | 1 | 1 | 0 | 0 | 0 | 0 | 1 | camera | target | -0.637272 | 0 | -0.770639 | 
SCRIPT       : DATA_LOG | 688495 | aRapBi1cCZPZAGLIDny3dk3hQ8vTmNTLHRl8zxmKgQ0= | 2394.24 | 344.604 | 6569.19 | -0.637272 | -0.770639 | 0 | SVD_Wooden | 1 | 64.2244 | 6.36844 | 0 | 1 | 1 | 0 | 0 | 0 | 0 | 1 | camera | target | -0.637272 | 0 | -0.770639 | 
SCRIPT       : DATA_LOG | 689492 | aRapBi1cCZPZAGLIDny3dk3hQ8vTmNTLHRl8zxmKgQ0= | 2394.24 | 344.604 | 6569.19 | -0.637272 | -0.770639 | 0 | SVD_Wooden | 1 | 64.3038 | 6.36495 | 0 | 1 | 1 | 0 | 0 | 0 | 0 | 1 | camera | target | -0.637272 | 0 | -0.770639 | 
SCRIPT       : DATA_LOG | 690493 | aRapBi1cCZPZAGLIDny3dk3hQ8vTmNTLHRl8zxmKgQ0= | 2394.24 | 344.604 | 6569.19 | -0.637272 | -0.770639 | 0 | SVD_Wooden | 1 | 64.2851 | 6.36879 | 0 | 1 | 1 | 0 | 0 | 0 | 0 | 1 | camera | target | -0.637272 | 0 | -0.770639 | 
SCRIPT       : DATA_LOG | 691495 | aRapBi1cCZPZAGLIDny3dk3hQ8vTmNTLHRl8zxmKgQ0= | 2394.24 | 344.604 | 6569.19 | -0.637272 | -0.770639 | 0 | SVD_Wooden | 1 | 64.2828 | 6.3681 | 0 | 1 | 1 | 0 | 0 | 0 | 0 | 1 | camera | target | -0.637272 | 0 | -0.770639 | -
SCRIPT       : DATA_LOG | 692497 | aRapBi1cCZPZAGLIDny3dk3hQ8vTmNTLHRl8zxmKgQ0= | 2394.24 | 344.604 | 6569.19 | -0.637272 | -0.770639 | 0 | SVD_Wooden | 1 | 64.2527 | 6.3645 | 0 | 1 | 1 | 0 | 0 | 0 | 0 | 1 | camera | target | -0.637272 | 0 | -0.770639 | -
SCRIPT       : DATA_LOG | 693498 | aRapBi1cCZPZAGLIDny3dk3hQ8vTmNTLHRl8zxmKgQ0= | 2394.24 | 344.604 | 6569.19 | -0.637272 | -0.770639 | 0 | SVD_Wooden | 1 | 64.172 | 6.37552 | 0 | 1 | 1 | 0 | 0 | 0 | 0 | 1 | camera | target | -0.637272 | 0 | -0.770639 | -
SCRIPT       : DATA_LOG | 694500 | aRapBi1cCZPZAGLIDny3dk3hQ8vTmNTLHRl8zxmKgQ0= | 2394.24 | 344.604 | 6569.19 | -0.637272 | -0.770639 | 0 | SVD_Wooden | 1 | 64.2814 | 6.3632 | 0 | 1 | 1 | 0 | 0 | 0 | 0 | 1 | camera | target | -0.637272 | 0 | -0.770639 | -
SCRIPT       : DATA_LOG | 695502 | aRapBi1cCZPZAGLIDny3dk3hQ8vTmNTLHRl8zxmKgQ0= | 2394.24 | 344.604 | 6569.19 | -0.637272 | -0.770639 | 0 | SVD_Wooden | 1 | 64.2226 | 6.36889 | 0 | 1 | 1 | 0 | 0 | 0 | 0 | 1 | camera | target | -0.637272 | 0 | -0.770639 | 
SCRIPT       : DATA_LOG | 696504 | aRapBi1cCZPZAGLIDny3dk3hQ8vTmNTLHRl8zxmKgQ0= | 2394.24 | 344.604 | 6569.19 | -0.637272 | -0.770639 | 0 | SVD_Wooden | 1 | 64.2964 | 6.36619 | 0 | 1 | 1 | 0 | 0 | 0 | 0 | 1 | camera | target | -0.637272 | 0 | -0.770639 | 
SCRIPT       : DATA_LOG | 697501 | aRapBi1cCZPZAGLIDny3dk3hQ8vTmNTLHRl8zxmKgQ0= | 2394.24 | 344.604 | 6569.19 | -0.637272 | -0.770639 | 0 | SVD_Wooden | 1 | 64.2948 | 6.36822 | 0 | 1 | 1 | 0 | 0 | 0 | 0 | 1 | camera | target | -0.637272 | 0 | -0.770639 | 
SCRIPT       : DATA_LOG | 698503 | aRapBi1cCZPZAGLIDny3dk3hQ8vTmNTLHRl8zxmKgQ0= | 2394.24 | 344.604 | 6569.19 | -0.637272 | -0.770639 | 0 | SVD_Wooden | 1 | 64.2588 | 6.37232 | 0 | 1 | 1 | 0 | 0 | 0 | 0 | 1 | camera | target | -0.637272 | 0 | -0.770639 | 
SCRIPT       : DATA_LOG | 699507 | aRapBi1cCZPZAGLIDny3dk3hQ8vTmNTLHRl8zxmKgQ0= | 2394.24 | 344.604 | 6569.19 | -0.637272 | -0.770639 | 0 | SVD_Wooden | 1 | 64.2774 | 6.36249 | 0 | 1 | 1 | 0 | 0 | 0 | 0 | 1 | camera | target | -0.637272 | 0 | -0.770639 | 
SCRIPT       : DATA_LOG | 700511 | aRapBi1cCZPZAGLIDny3dk3hQ8vTmNTLHRl8zxmKgQ0= | 2394.24 | 344.604 | 6569.19 | -0.637272 | -0.770639 | 0 | SVD_Wooden | 1 | 64.1626 | 6.37666 | 0 | 1 | 1 | 0 | 0 | 0 | 0 | 1 | camera | target | -0.637272 | 0 | -0.770639 | 
SCRIPT       : DATA_LOG | 701569 | aRapBi1cCZPZAGLIDny3dk3hQ8vTmNTLHRl8zxmKgQ0= | 2394.24 | 344.604 | 6569.19 | -0.637272 | -0.770639 | 0 | SVD_Wooden | 1 | 64.2604 | 6.36485 | 0 | 1 | 1 | 0 | 0 | 0 | 0 | 1 | camera | target | -0.637272 | 0 | -0.770639 | 
SCRIPT       : DATA_LOG | 702574 | aRapBi1cCZPZAGLIDny3dk3hQ8vTmNTLHRl8zxmKgQ0= | 2394.24 | 344.604 | 6569.19 | -0.637272 | -0.770639 | 0 | SVD_Wooden | 1 | 64.2246 | 6.36899 | 0 | 1 | 1 | 0 | 0 | 0 | 0 | 1 | camera | target | -0.637272 | 0 | -0.770639 | 
SCRIPT       : DATA_LOG | 703575 | aRapBi1cCZPZAGLIDny3dk3hQ8vTmNTLHRl8zxmKgQ0= | 2394.16 | 344.609 | 6569.22 | -0.497254 | -0.867605 | 0 | SVD_Wooden | 1 | 55.1295 | 6.42299 | 0 | 1 | 1 | 0 | 0 | 0 | 0 | 1 | camera | target | -0.497254 | 0 | -0.867605 | 
SCRIPT       : DATA_LOG | 704914 | aRapBi1cCZPZAGLIDny3dk3hQ8vTmNTLHRl8zxmKgQ0= | 2392.31 | 344.814 | 6570.35 | -0.718108 | 0.695932 | 0 | SVD_Wooden | 1 | 167.052 | 8.29618 | 0 | 1 | 1 | 0 | 0 | 0 | 0 | 1 | camera | target | -0.718108 | 0 | 0.695932 | -0
SCRIPT       : DATA_LOG | 705915 | aRapBi1cCZPZAGLIDny3dk3hQ8vTmNTLHRl8zxmKgQ0= | 2392.01 | 344.863 | 6570.6 | 0.5429 | 0.839797 | 0 | SVD_Wooden | 1 | 113.048 | 8.6733 | 0 | 1 | 1 | 0 | 0 | 0 | 0 | 1 | camera | target | 0.5429 | 0 | 0.839797 | 0.5429 | 0
SCRIPT       : DATA_LOG | 706918 | aRapBi1cCZPZAGLIDny3dk3hQ8vTmNTLHRl8zxmKgQ0= | 2392.01 | 344.863 | 6570.6 | -0.514933 | 0.85723 | 0 | SVD_Wooden | 1 | 175.801 | 8.66164 | 0 | 1 | 1 | 0 | 0 | 0 | 0 | 1 | camera | target | -0.514933 | 0 | 0.85723 | -0.51
SCRIPT       : DATA_LOG | 707923 | aRapBi1cCZPZAGLIDny3dk3hQ8vTmNTLHRl8zxmKgQ0= | 2390.23 | 345.149 | 6572.04 | -0.327626 | -0.944807 | 0 | SVD_Wooden | 1 | 56.6888 | 10.8728 | 0 | 1 | 1 | 0 | 0 | 0 | 0 | 1 | camera | target | -0.327626 | 0 | -0.944807 | 
SCRIPT       : DATA_LOG | 708926 | aRapBi1cCZPZAGLIDny3dk3hQ8vTmNTLHRl8zxmKgQ0= | 2387.24 | 345.317 | 6572.62 | 0.683956 | -0.729523 | 0 | SVD_Wooden | 1 | 3.16972 | 13.3084 | 0 | 1 | 1 | 1 | 0 | 0 | 0 | 1 | camera | target | 0.683956 | 0 | -0.729523 | 0.
SCRIPT       : DATA_LOG | 709917 | aRapBi1cCZPZAGLIDny3dk3hQ8vTmNTLHRl8zxmKgQ0= | 2386.35 | 345.789 | 6575.27 | 0.745777 | -0.666196 | 0 | SVD_Wooden | 1 | 6.8833 | 15.8388 | 0 | 1 | 1 | 0 | 0 | 0 | 0 | 1 | camera | target | 0.745777 | 0 | -0.666196 | 0.7
SCRIPT       : DATA_LOG | 710926 | aRapBi1cCZPZAGLIDny3dk3hQ8vTmNTLHRl8zxmKgQ0= | 2388.11 | 346.138 | 6577.6 | 0.729964 | -0.683486 | 0 | SVD_Wooden | 1 | 15.442 | 16.6728 | 0 | 1 | 1 | 0 | 0 | 0 | 0 | 1 | camera | target | 0.729964 | 0 | -0.683486 | 0.72
SCRIPT       : DATA_LOG | 712700 | aRapBi1cCZPZAGLIDny3dk3hQ8vTmNTLHRl8zxmKgQ0= | 2389.96 | 346.821 | 6581.74 | 0.528122 | -0.849169 | 0 | SVD_Wooden | 1 | 12.0612 | 19.6237 | 0 | 1 | 1 | 0 | 0 | 0 | 0 | 1 | camera | none | 0.528122 | 0 | -0.849169 | 0.52
SCRIPT       : DATA_LOG | 713701 | aRapBi1cCZPZAGLIDny3dk3hQ8vTmNTLHRl8zxmKgQ0= | 2388.53 | 347.011 | 6582.61 | -0.0340131 | -0.999421 | 0 | SCARH_Black | 1 | 25.8341 | 20.9906 | 0 | 1 | 1 | 0 | 0 | 0 | 0 | 1 | camera | none | -0.0340131 | 0 | -0.999421 |
SCRIPT       : DATA_LOG | 714757 | aRapBi1cCZPZAGLIDny3dk3hQ8vTmNTLHRl8zxmKgQ0= | 2385 | 346.83 | 6581.08 | -0.339375 | -0.940651 | 0 | SCARH_Black | 1 | 53.8549 | 21.3136 | 0 | 1 | 1 | 0 | 0 | 0 | 0 | 1 | camera | none | -0.339375 | 0 | -0.940651 | -0.33
SCRIPT       : DATA_LOG | 715750 | aRapBi1cCZPZAGLIDny3dk3hQ8vTmNTLHRl8zxmKgQ0= | 2381.46 | 346.5 | 6578.75 | 0.0415303 | -0.999137 | 1 | SCARH_Black | 1 | 42.8304 | 21.7683 | 0 | 1 | 1 | 0 | 0 | 0 | 1 | 1 | camera | target | 0.0415303 | 0 | -0.999137 | 0
SCRIPT       : DATA_LOG | 716758 | aRapBi1cCZPZAGLIDny3dk3hQ8vTmNTLHRl8zxmKgQ0= | 2379.89 | 346.291 | 6577.36 | 0.0349083 | -0.999391 | 0 | SCARH_Black | 1 | 48.6801 | 21.9734 | 0 | 1 | 1 | 0 | 0 | 0 | 0 | 1 | camera | target | 0.0349083 | 0 | -0.999391 |
SCRIPT       : DATA_LOG | 717752 | aRapBi1cCZPZAGLIDny3dk3hQ8vTmNTLHRl8zxmKgQ0= | 2377.41 | 345.728 | 6573.73 | -0.0431634 | -0.999068 | 0 | SCARH_Black | 1 | 64.5884 | 22.0151 | 0 | 1 | 1 | 0 | 0 | 0 | 0 | 1 | camera | target | -0.0431634 | 0 | -0.999068
SCRIPT       : DATA_LOG | 718752 | aRapBi1cCZPZAGLIDny3dk3hQ8vTmNTLHRl8zxmKgQ0= | 2374.71 | 344.78 | 6567.73 | -0.0440909 | -0.999027 | 0 | SCARH_Black | 1 | 81.5482 | 22.5686 | 0 | 1 | 1 | 0 | 0 | 0 | 0 | 1 | camera | target | -0.0440909 | 0 | -0.999027 
SCRIPT       : DATA_LOG | 719755 | aRapBi1cCZPZAGLIDny3dk3hQ8vTmNTLHRl8zxmKgQ0= | 2371.66 | 344.101 | 6563.13 | -0.0440909 | -0.999027 | 0 | SCARH_Black | 1 | 93.2227 | 25.2339 | 0 | 1 | 1 | 0 | 0 | 0 | 0 | 1 | camera | target | -0.0440909 | 0 | -0.999027
SCRIPT       : DATA_LOG | 720763 | aRapBi1cCZPZAGLIDny3dk3hQ8vTmNTLHRl8zxmKgQ0= | 2371.41 | 343.543 | 6559.52 | -0.201557 | -0.979477 | 0 | SCARH_Black | 1 | 110.289 | 25.8105 | 0 | 1 | 1 | 0 | 0 | 0 | 0 | 1 | camera | target | -0.201557 | 0 | -0.979477 |
SCRIPT       : DATA_LOG | 721758 | aRapBi1cCZPZAGLIDny3dk3hQ8vTmNTLHRl8zxmKgQ0= | 2370.6 | 343.09 | 6556.42 | 0.123346 | -0.992364 | 0 | SCARH_Black | 1 | 97.8453 | 27.2764 | 0 | 1 | 1 | 0 | 0 | 0 | 0 | 1 | camera | target | 0.123346 | 0 | -0.992364 | 0.1
SCRIPT       : DATA_LOG | 722760 | aRapBi1cCZPZAGLIDny3dk3hQ8vTmNTLHRl8zxmKgQ0= | 2370.92 | 342.733 | 6554.11 | 0.95937 | 0.282153 | 0 | SCARH_Black | 1 | 6.27717 | 27.6785 | 0 | 1 | 1 | 0 | 0 | 0 | 0 | 1 | camera | target | 0.95937 | 0 | 0.282153 | 0.959
SCRIPT       : DATA_LOG | 723759 | aRapBi1cCZPZAGLIDny3dk3hQ8vTmNTLHRl8zxmKgQ0= | 2371.92 | 342.188 | 6550.54 | 0.919272 | -0.393624 | 0 | SCARH_Black | 1 | 50.7884 | 28.2471 | 0 | 1 | 1 | 0 | 0 | 0 | 0 | 1 | camera | target | 0.919272 | 0 | -0.393624 | 0
SCRIPT       : DATA_LOG | 724767 | aRapBi1cCZPZAGLIDny3dk3hQ8vTmNTLHRl8zxmKgQ0= | 2369.58 | 342.039 | 6549.02 | 0.936332 | 0.351117 | 0 | SCARH_Black | 1 | 9.43982 | 31.0182 | 0 | 1 | 1 | 0 | 0 | 0 | 0 | 1 | camera | target | 0.936332 | 0 | 0.351117 | 0.9
SCRIPT       : DATA_LOG | 725764 | aRapBi1cCZPZAGLIDny3dk3hQ8vTmNTLHRl8zxmKgQ0= | 2366.78 | 342.043 | 6548.49 | 0.91515 | 0.403113 | 0 | SCARH_Black | 1 | 6.12241 | 33.7498 | 0 | 1 | 1 | 0 | 0 | 0 | 0 | 1 | camera | target | 0.91515 | 0 | 0.403113 | 0.915
SCRIPT       : DATA_LOG | 726764 | aRapBi1cCZPZAGLIDny3dk3hQ8vTmNTLHRl8zxmKgQ0= | 2365.48 | 341.673 | 6545.57 | 0.92192 | 0.387381 | 0 | SCARH_Black | 1 | 8.9239 | 36.294 | 0 | 1 | 1 | 0 | 0 | 0 | 0 | 1 | camera | target | 0.92192 | 0 | 0.387381 | 0.92192
SCRIPT       : DATA_LOG | 727997 | aRapBi1cCZPZAGLIDny3dk3hQ8vTmNTLHRl8zxmKgQ0= | 2364.02 | 341.318 | 6542.64 | -0.395452 | -0.918487 | 0 | SCARH_Black | 1 | 145.194 | 39.0693 | 0 | 1 | 1 | 0 | 0 | 0 | 0 | 1 | camera | target | -0.395452 | 0 | -0.918487 |
SCRIPT       : DATA_LOG | 728778 | aRapBi1cCZPZAGLIDny3dk3hQ8vTmNTLHRl8zxmKgQ0= | 2362.03 | 340.62 | 6537.08 | -0.241464 | -0.97041 | 0 | SCARH_Black | 1 | 140.689 | 43.9345 | 0 | 1 | 1 | 0 | 0 | 0 | 0 | 1 | camera | target | -0.241464 | 0 | -0.97041 | -0
SCRIPT       : DATA_LOG | 729767 | aRapBi1cCZPZAGLIDny3dk3hQ8vTmNTLHRl8zxmKgQ0= | 2360.32 | 339.801 | 6530.89 | -0.233788 | -0.972288 | 0 | SCARH_Black | 1 | 144.688 | 49.2248 | 0 | 1 | 1 | 0 | 0 | 0 | 0 | 1 | camera | target | -0.233788 | 0 | -0.972288 |
SCRIPT       : DATA_LOG | 730767 | aRapBi1cCZPZAGLIDny3dk3hQ8vTmNTLHRl8zxmKgQ0= | 2358.23 | 338.878 | 6524.37 | -0.233782 | -0.972289 | 0 | SCARH_Black | 1 | 148.195 | 55.3052 | 0 | 1 | 1 | 0 | 0 | 0 | 0 | 1 | camera | target | -0.233782 | 0 | -0.972289 |
SCRIPT       : DATA_LOG | 731762 | aRapBi1cCZPZAGLIDny3dk3hQ8vTmNTLHRl8zxmKgQ0= | 2356.78 | 338.096 | 6518.57 | -0.233782 | -0.972289 | 0 | SCARH_Black | 1 | 150.992 | 60.5893 | 0 | 1 | 1 | 0 | 0 | 0 | 0 | 1 | camera | target | -0.233782 | 0 | -0.972289 |
SCRIPT       : DATA_LOG | 732776 | aRapBi1cCZPZAGLIDny3dk3hQ8vTmNTLHRl8zxmKgQ0= | 2355.19 | 337.38 | 6512 | -0.22377 | -0.974642 | 0 | SCARH_Black | 1 | 153.096 | 66.6645 | 0 | 1 | 1 | 0 | 0 | 0 | 0 | 1 | camera | target | -0.22377 | 0 | -0.974642 | -0.22
SCRIPT       : DATA_LOG | 733774 | aRapBi1cCZPZAGLIDny3dk3hQ8vTmNTLHRl8zxmKgQ0= | 2354.47 | 337.117 | 6508.75 | -0.212761 | -0.977104 | 0 | SCARH_Black | 1 | 153.679 | 69.6739 | 0 | 1 | 1 | 0 | 0 | 0 | 0 | 1 | camera | target | -0.212761 | 0 | -0.977104 |
SCRIPT       : DATA_LOG | 734781 | aRapBi1cCZPZAGLIDny3dk3hQ8vTmNTLHRl8zxmKgQ0= | 2354.39 | 337.1 | 6508.4 | -0.212761 | -0.977104 | 0 | SCARH_Black | 1 | 153.805 | 69.997 | 0 | 1 | 1 | 0 | 0 | 0 | 0 | 1 | camera | target | -0.212761 | 0 | -0.977104 | -0.
SCRIPT       : DATA_LOG | 735773 | aRapBi1cCZPZAGLIDny3dk3hQ8vTmNTLHRl8zxmKgQ0= | 2354.31 | 337.077 | 6507.92 | -0.158527 | -0.987355 | 0 | SCARH_Black | 1 | 150.934 | 70.4273 | 0 | 1 | 1 | 0 | 0 | 0 | 0 | 1 | camera | target | -0.158527 | 0 | -0.987355 |
SCRIPT       : DATA_LOG | 736775 | aRapBi1cCZPZAGLIDny3dk3hQ8vTmNTLHRl8zxmKgQ0= | 2354.34 | 336.878 | 6504.39 | -0.146312 | -0.989239 | 0 | SCARH_Black | 1 | 151.929 | 73.239 | 0 | 1 | 1 | 0 | 0 | 0 | 0 | 1 | camera | target | -0.146312 | 0 | -0.989239 | 
SCRIPT       : DATA_LOG | 737770 | aRapBi1cCZPZAGLIDny3dk3hQ8vTmNTLHRl8zxmKgQ0= | 2355.36 | 336.569 | 6501.12 | 0.383066 | -0.923721 | 0 | SCARH_Black | 1 | 123.551 | 75.3702 | 0 | 1 | 1 | 0 | 0 | 0 | 0 | 1 | camera | target | 0.383066 | 0 | -0.923721 | 0
SCRIPT       : DATA_LOG | 738774 | aRapBi1cCZPZAGLIDny3dk3hQ8vTmNTLHRl8zxmKgQ0= | 2356.77 | 336.107 | 6497.77 | 0.391369 | -0.920234 | 0 | SCARH_Black | 1 | 125.268 | 77.4817 | 0 | 1 | 1 | 0 | 0 | 0 | 0 | 1 | camera | target | 0.391369 | 0 | -0.920234 | 0
SCRIPT       : DATA_LOG | 739771 | aRapBi1cCZPZAGLIDny3dk3hQ8vTmNTLHRl8zxmKgQ0= | 2359.19 | 335.796 | 6496.17 | -0.513693 | -0.857974 | 0 | SCARH_Black | 1 | 172.784 | 77.6706 | 0 | 1 | 1 | 0 | 0 | 0 | 0 | 1 | camera | target | -0.513693 | 0 | -0.857974 |
SCRIPT       : DATA_LOG | 740775 | aRapBi1cCZPZAGLIDny3dk3hQ8vTmNTLHRl8zxmKgQ0= | 2358.39 | 335.564 | 6493.94 | -0.513971 | -0.857807 | 0 | SCARH_Black | 1 | 172.748 | 80.022 | 0 | 1 | 1 | 0 | 0 | 0 | 0 | 1 | camera | target | -0.513971 | 0 | -0.857807 | 
SCRIPT       : DATA_LOG | 741784 | aRapBi1cCZPZAGLIDny3dk3hQ8vTmNTLHRl8zxmKgQ0= | 2356.91 | 335.277 | 6491.25 | 0.984296 | 0.176527 | 0 | SCARH_Black | 1 | 51.2045 | 83.1092 | 0 | 1 | 1 | 0 | 0 | 0 | 0 | 1 | camera | target | 0.984296 | 0 | 0.176527 | 0.9
SCRIPT       : DATA_LOG | 742780 | aRapBi1cCZPZAGLIDny3dk3hQ8vTmNTLHRl8zxmKgQ0= | 2356.34 | 334.963 | 6488.77 | 0.302295 | 0.953214 | 0 | SCARH_Black | 1 | 12.8931 | 85.571 | 0 | 1 | 1 | 0 | 0 | 0 | 0 | 1 | camera | target | 0.302295 | 0 | 0.953214 | 0.30
SCRIPT       : DATA_LOG | 743779 | aRapBi1cCZPZAGLIDny3dk3hQ8vTmNTLHRl8zxmKgQ0= | 2356.99 | 334.56 | 6486.11 | 0.446806 | 0.894631 | 0 | SCARH_Black | 1 | 7.07191 | 87.6572 | 0 | 1 | 1 | 0 | 0 | 0 | 0 | 1 | camera | target | 0.446806 | 0 | 0.894631 | 0.44
SCRIPT       : DATA_LOG | 744788 | aRapBi1cCZPZAGLIDny3dk3hQ8vTmNTLHRl8zxmKgQ0= | 2358.17 | 334.42 | 6485.5 | 0.437141 | 0.899393 | 1 | SCARH_Black | 1 | 7.14174 | 87.6662 | 0 | 1 | 1 | 0 | 0 | 0 | 1 | 1 | camera | target | 0.437141 | 0 | 0.899393 | 0.437
SCRIPT       : DATA_LOG | 745782 | aRapBi1cCZPZAGLIDny3dk3hQ8vTmNTLHRl8zxmKgQ0= | 2358.17 | 334.42 | 6485.5 | 0.437141 | 0.899393 | 1 | SCARH_Black | 1 | 7.13886 | 87.6824 | 0 | 1 | 1 | 0 | 0 | 0 | 1 | 1 | camera | target | 0.437141 | 0 | 0.899393 | 0.437
SCRIPT       : DATA_LOG | 746785 | aRapBi1cCZPZAGLIDny3dk3hQ8vTmNTLHRl8zxmKgQ0= | 2358.17 | 334.42 | 6485.5 | 0.437141 | 0.899393 | 0 | SCARH_Black | 1 | 7.1404 | 87.674 | 0 | 1 | 1 | 0 | 0 | 0 | 0 | 1 | camera | target | 0.437141 | 0 | 0.899393 | 0.43714
SCRIPT       : DATA_LOG | 747831 | aRapBi1cCZPZAGLIDny3dk3hQ8vTmNTLHRl8zxmKgQ0= | 2359.5 | 334.176 | 6484.21 | -0.0890009 | -0.996032 | 0 | SCARH_Black | 1 | 158.648 | 88.2913 | 0 | 1 | 1 | 0 | 0 | 0 | 0 | 1 | camera | target | -0.0890009 | 0 | -0.996032 
SCRIPT       : DATA_LOG | 748839 | aRapBi1cCZPZAGLIDny3dk3hQ8vTmNTLHRl8zxmKgQ0= | 2359.51 | 333.236 | 6477.71 | -0.146817 | -0.989164 | 0 | SCARH_Black | 1 | 163.242 | 94.2879 | 0 | 1 | 1 | 0 | 0 | 0 | 0 | 1 | camera | target | -0.146817 | 0 | -0.989164 |
SCRIPT       : DATA_LOG | 749841 | aRapBi1cCZPZAGLIDny3dk3hQ8vTmNTLHRl8zxmKgQ0= | 2357.26 | 332.563 | 6472.49 | -0.146823 | -0.989163 | 0 | SCARH_Black | 1 | 163.266 | 99.9976 | 0 | 1 | 1 | 0 | 0 | 0 | 0 | 1 | camera | target | -0.146823 | 0 | -0.989163 |
SCRIPT       : DATA_LOG | 750836 | aRapBi1cCZPZAGLIDny3dk3hQ8vTmNTLHRl8zxmKgQ0= | 2357.19 | 332.058 | 6469.24 | -0.146823 | -0.989163 | 0 | SCARH_Black | 1 | 163.856 | 103.058 | 0 | 1 | 1 | 0 | 0 | 0 | 0 | 1 | camera | target | -0.146823 | 0 | -0.989163 |
SCRIPT       : DATA_LOG | 751841 | aRapBi1cCZPZAGLIDny3dk3hQ8vTmNTLHRl8zxmKgQ0= | 2356.82 | 331.458 | 6465.33 | -0.146823 | -0.989163 | 0 | SCARH_Black | 1 | 164.392 | 106.845 | 0 | 1 | 1 | 0 | 0 | 0 | 0 | 1 | camera | target | -0.146823 | 0 | -0.989163 |
SCRIPT       : DATA_LOG | 753036 | aRapBi1cCZPZAGLIDny3dk3hQ8vTmNTLHRl8zxmKgQ0= | 2356.8 | 330.809 | 6461.36 | -0.395447 | -0.918489 | 0 | SCARH_Black | 1 | 172.25 | 110.608 | 0 | 1 | 1 | 0 | 0 | 0 | 0 | 1 | camera | target | -0.395447 | 0 | -0.918489 | -
SCRIPT       : DATA_LOG | 754034 | aRapBi1cCZPZAGLIDny3dk3hQ8vTmNTLHRl8zxmKgQ0= | 2356.22 | 330.287 | 6458.01 | -0.474226 | -0.880403 | 0 | SCARH_Black | 0 | 169.551 | 113.968 | 0 | 1 | 1 | 0 | 0 | 0 | 0 | 1 | camera |  | -0.474226 | 0 | -0.880403 | -0.47
SCRIPT       : DATA_LOG | 755036 | aRapBi1cCZPZAGLIDny3dk3hQ8vTmNTLHRl8zxmKgQ0= | 2354.28 | 329.445 | 6452.61 | -0.474241 | -0.880395 | 0 | SCARH_Black | 0 | 169.482 | 119.777 | 0 | 1 | 1 | 0 | 0 | 0 | 0 | 1 | camera |  | -0.474241 | 0 | -0.880395 | -0.47
SCRIPT       : DATA_LOG | 756040 | aRapBi1cCZPZAGLIDny3dk3hQ8vTmNTLHRl8zxmKgQ0= | 2351.61 | 328.514 | 6446.74 | -0.474241 | -0.880395 | 0 | SCARH_Black | 0 | 169.578 | 126.279 | 0 | 1 | 1 | 0 | 0 | 0 | 0 | 1 | camera |  | -0.474241 | 0 | -0.880395 | -0.47
SCRIPT       : DATA_LOG | 757040 | aRapBi1cCZPZAGLIDny3dk3hQ8vTmNTLHRl8zxmKgQ0= | 2346.81 | 327.992 | 6442.88 | -0.474241 | -0.880395 | 0 | SCARH_Black | 0 | 170.513 | 131.669 | 0 | 1 | 1 | 0 | 0 | 0 | 0 | 1 | camera |  | -0.474241 | 0 | -0.880395 | -0.47
SCRIPT       : DATA_LOG | 758186 | aRapBi1cCZPZAGLIDny3dk3hQ8vTmNTLHRl8zxmKgQ0= | 2343.13 | 327.441 | 6439.25 | -0.443391 | -0.896328 | 0 | SCARH_Black | 0 | 171.938 | 136.483 | 0 | 1 | 1 | 0 | 0 | 0 | 0 | 1 | camera |  | -0.443391 | 0 | -0.896328 | -0.44
SCRIPT       : DATA_LOG | 759049 | aRapBi1cCZPZAGLIDny3dk3hQ8vTmNTLHRl8zxmKgQ0= | 2339.44 | 326.624 | 6433.8 | -0.434478 | -0.900682 | 0 | SCARH_Black | 0 | 172.271 | 142.984 | 0 | 1 | 1 | 0 | 0 | 0 | 0 | 1 | camera |  | -0.434478 | 0 | -0.900682 | -0.434
SCRIPT       : DATA_LOG | 760047 | aRapBi1cCZPZAGLIDny3dk3hQ8vTmNTLHRl8zxmKgQ0= | 2337.69 | 326.009 | 6429.83 | 0.286534 | -0.95807 | 0 | SCARH_Black | 0 | 138.889 | 147.388 | 0 | 1 | 1 | 0 | 0 | 0 | 0 | 1 | camera |  | 0.286534 | 0 | -0.95807 | 0.286534 
SCRIPT       : DATA_LOG | 761041 | aRapBi1cCZPZAGLIDny3dk3hQ8vTmNTLHRl8zxmKgQ0= | 2338.3 | 325.491 | 6426.36 | -0.347754 | -0.937586 | 0 | SCARH_Black | 0 | 171.939 | 150.366 | 0 | 1 | 1 | 0 | 0 | 0 | 0 | 1 | camera |  | -0.347754 | 0 | -0.937586 | -0.347
SCRIPT       : DATA_LOG | 762081 | aRapBi1cCZPZAGLIDny3dk3hQ8vTmNTLHRl8zxmKgQ0= | 2337.38 | 325.002 | 6422.94 | -0.373959 | -0.927445 | 0 | SCARH_Black | 0 | 172.36 | 153.907 | 0 | 1 | 1 | 0 | 0 | 0 | 0 | 1 | camera |  | -0.373959 | 0 | -0.927445 | -0.373
SCRIPT       : DATA_LOG | 763045 | aRapBi1cCZPZAGLIDny3dk3hQ8vTmNTLHRl8zxmKgQ0= | 2336.02 | 324.552 | 6419.58 | -0.373977 | -0.927438 | 0 | SCARH_Black | 0 | 172.374 | 157.56 | 0 | 1 | 1 | 0 | 0 | 0 | 0 | 1 | camera |  | -0.373977 | 0 | -0.927438 | -0.373
SCRIPT       : DATA_LOG | 764054 | aRapBi1cCZPZAGLIDny3dk3hQ8vTmNTLHRl8zxmKgQ0= | 2333.43 | 324.361 | 6417.57 | -0.373977 | -0.927438 | 0 | SCARH_Black | 0 | 172.347 | 160.424 | 0 | 1 | 1 | 0 | 0 | 0 | 0 | 1 | camera |  | -0.373977 | 0 | -0.927438 | -0.37
SCRIPT       : DATA_LOG | 765038 | aRapBi1cCZPZAGLIDny3dk3hQ8vTmNTLHRl8zxmKgQ0= | 2332.13 | 324.088 | 6414.67 | -0.373977 | -0.927438 | 0 | SCARH_Black | 0 | 172.395 | 163.624 | 0 | 1 | 1 | 0 | 0 | 0 | 0 | 1 | camera |  | -0.373977 | 0 | -0.927438 | -0.37
SCRIPT       : DATA_LOG | 766048 | aRapBi1cCZPZAGLIDny3dk3hQ8vTmNTLHRl8zxmKgQ0= | 2331.38 | 323.859 | 6411.51 | -0.373977 | -0.927438 | 0 | SCARH_Black | 0 | 172.494 | 166.807 | 0 | 1 | 1 | 0 | 0 | 0 | 0 | 1 | camera |  | -0.373977 | 0 | -0.927438 | -0.37
SCRIPT       : DATA_LOG | 767540 | aRapBi1cCZPZAGLIDny3dk3hQ8vTmNTLHRl8zxmKgQ0= | 2330.47 | 323.789 | 6409.25 | -0.373977 | -0.927438 | 0 | SCARH_Black | 1 | 172.579 | 169.239 | 0 | 1 | 1 | 0 | 0 | 0 | 0 | 1 | camera | target | -0.373977 | 0 | -0.927438 |
SCRIPT       : DATA_LOG | 768547 | aRapBi1cCZPZAGLIDny3dk3hQ8vTmNTLHRl8zxmKgQ0= | 2330.49 | 323.589 | 6404.97 | -0.373977 | -0.927438 | 0 | SCARH_Black | 1 | 172.759 | 173.158 | 0 | 1 | 1 | 0 | 0 | 0 | 0 | 1 | camera | target | -0.373977 | 0 | -0.927438 |
SCRIPT       : DATA_LOG | 769553 | aRapBi1cCZPZAGLIDny3dk3hQ8vTmNTLHRl8zxmKgQ0= | 2332.49 | 323.213 | 6402.51 | -0.373977 | -0.927438 | 0 | SCARH_Black | 1 | 172.738 | 174.723 | 0 | 1 | 1 | 0 | 0 | 0 | 0 | 1 | camera | target | -0.373977 | 0 | -0.927438 |
SCRIPT       : DATA_LOG | 770546 | aRapBi1cCZPZAGLIDny3dk3hQ8vTmNTLHRl8zxmKgQ0= | 2333.67 | 322.826 | 6400.18 | 0.287368 | -0.95782 | 0 | SCARH_Black | 1 | 141.543 | 176.493 | 0 | 1 | 1 | 0 | 0 | 0 | 0 | 1 | camera | target | 0.287368 | 0 | -0.95782 | 0.2
SCRIPT       : DATA_LOG | 771540 | aRapBi1cCZPZAGLIDny3dk3hQ8vTmNTLHRl8zxmKgQ0= | 2334.52 | 322.421 | 6397.51 | 0.305055 | -0.952335 | 0 | SCARH_Black | 1 | 141.053 | 178.707 | 0 | 1 | 1 | 0 | 0 | 0 | 0 | 1 | camera | target | 0.305055 | 0 | -0.952335 | 0
SCRIPT       : DATA_LOG | 773656 | aRapBi1cCZPZAGLIDny3dk3hQ8vTmNTLHRl8zxmKgQ0= | 2336.71 | 321.736 | 6395.21 | 0.305058 | -0.952334 | 0 | SCARH_Black | 0 | 141.927 | 180.206 | 0 | 1 | 1 | 0 | 0 | 0 | 0 | 1 | camera |  | 0.305058 | 0 | -0.952334 | 0.30505
SCRIPT       : DATA_LOG | 774649 | aRapBi1cCZPZAGLIDny3dk3hQ8vTmNTLHRl8zxmKgQ0= | 2337.95 | 320.586 | 6389.98 | 0.421533 | -0.906813 | 0 | SCARH_Black | 0 | 135.775 | 184.827 | 0 | 1 | 1 | 0 | 0 | 0 | 0 | 1 | camera |  | 0.421533 | 0 | -0.906813 | 0.42153
SCRIPT       : DATA_LOG | 775645 | aRapBi1cCZPZAGLIDny3dk3hQ8vTmNTLHRl8zxmKgQ0= | 2339.27 | 320.25 | 6387.98 | 0.552414 | -0.83357 | 0 | SCARH_Black | 0 | 127.887 | 186.351 | 0 | 1 | 1 | 0 | 0 | 0 | 0 | 1 | camera |  | 0.552414 | 0 | -0.83357 | 0.552414 |
SCRIPT       : DATA_LOG | 776652 | aRapBi1cCZPZAGLIDny3dk3hQ8vTmNTLHRl8zxmKgQ0= | 2340.29 | 320.316 | 6386.81 | 0.883429 | 0.468564 | 0 | SCARH_Black | 0 | 44.8212 | 187.129 | 0 | 1 | 1 | 0 | 0 | 0 | 0 | 1 | camera |  | 0.883429 | 0 | 0.468564 | 0.883429 
SCRIPT       : DATA_LOG | 777678 | aRapBi1cCZPZAGLIDny3dk3hQ8vTmNTLHRl8zxmKgQ0= | 2340.08 | 320.226 | 6386.3 | 0.425645 | 0.90489 | 0 | SCARH_Black | 0 | 10.6567 | 187.694 | 0 | 1 | 1 | 0 | 0 | 0 | 0 | 1 | camera |  | 0.425645 | 0 | 0.90489 | 0.425645 | 0
SCRIPT       : DATA_LOG | 778797 | aRapBi1cCZPZAGLIDny3dk3hQ8vTmNTLHRl8zxmKgQ0= | 2340.08 | 320.226 | 6386.3 | 0.425645 | 0.90489 | 1 | SCARH_Black | 0 | 10.6563 | 187.694 | 0 | 1 | 1 | 0 | 0 | 0 | 1 | 1 | camera |  | 0.425645 | 0 | 0.90489 | 0.425645 | 0
SCRIPT       : DATA_LOG | 779797 | aRapBi1cCZPZAGLIDny3dk3hQ8vTmNTLHRl8zxmKgQ0= | 2340.08 | 320.226 | 6386.3 | 0.425645 | 0.90489 | 1 | SCARH_Black | 0 | 10.6566 | 187.689 | 0 | 1 | 1 | 0 | 0 | 0 | 1 | 1 | camera |  | 0.425645 | 0 | 0.90489 | 0.425645 | 0
SCRIPT       : DATA_LOG | 780792 | aRapBi1cCZPZAGLIDny3dk3hQ8vTmNTLHRl8zxmKgQ0= | 2340.08 | 320.226 | 6386.3 | 0.425645 | 0.90489 | 1 | SCARH_Black | 0 | 10.6577 | 187.694 | 0 | 1 | 1 | 0 | 0 | 0 | 1 | 1 | camera |  | 0.425645 | 0 | 0.90489 | 0.425645 | 0
SCRIPT       : DATA_LOG | 781800 | aRapBi1cCZPZAGLIDny3dk3hQ8vTmNTLHRl8zxmKgQ0= | 2340.08 | 320.226 | 6386.3 | 0.425645 | 0.90489 | 0 | SCARH_Black | 0 | 10.6584 | 187.677 | 0 | 1 | 1 | 0 | 0 | 0 | 0 | 1 | camera |  | 0.425645 | 0 | 0.90489 | 0.425645 | 0
SCRIPT       : DATA_LOG | 782800 | aRapBi1cCZPZAGLIDny3dk3hQ8vTmNTLHRl8zxmKgQ0= | 2339.94 | 320.168 | 6385.98 | -0.335987 | -0.941867 | 0 | SCARH_Black | 0 | 172.104 | 188.05 | 0 | 1 | 1 | 0 | 0 | 0 | 0 | 1 | camera |  | -0.335987 | 0 | -0.941867 | -0.335
SCRIPT       : DATA_LOG | 783804 | aRapBi1cCZPZAGLIDny3dk3hQ8vTmNTLHRl8zxmKgQ0= | 2337.42 | 320.127 | 6383.63 | -0.934463 | -0.356059 | 0 | SCARH_Black | 0 | 128.747 | 191.027 | 0 | 1 | 1 | 0 | 0 | 0 | 0 | 1 | camera |  | -0.934463 | 0 | -0.356059 | -0.93
SCRIPT       : DATA_LOG | 784825 | aRapBi1cCZPZAGLIDny3dk3hQ8vTmNTLHRl8zxmKgQ0= | 2333.82 | 320.473 | 6383.51 | -0.998559 | 0.0536662 | 0 | SCARH_Black | 0 | 106.094 | 192.252 | 0 | 1 | 1 | 0 | 0 | 0 | 0 | 1 | camera |  | -0.998559 | 0 | 0.0536662 | -0.99
SCRIPT       : DATA_LOG | 785807 | aRapBi1cCZPZAGLIDny3dk3hQ8vTmNTLHRl8zxmKgQ0= | 2330.22 | 320.735 | 6383.77 | -0.972251 | -0.23394 | 0 | SCARH_Black | 0 | 123.569 | 193.192 | 0 | 1 | 1 | 0 | 0 | 0 | 0 | 1 | camera |  | -0.972251 | 0 | -0.23394 | -0.9722
SCRIPT       : DATA_LOG | 786812 | aRapBi1cCZPZAGLIDny3dk3hQ8vTmNTLHRl8zxmKgQ0= | 2326.76 | 320.944 | 6383.16 | -0.860264 | -0.509848 | 0 | SCARH_Black | 1 | 141.335 | 194.94 | 0 | 1 | 1 | 0 | 0 | 0 | 0 | 1 | camera | target | -0.860264 | 0 | -0.509848 | 
SCRIPT       : DATA_LOG | 787806 | aRapBi1cCZPZAGLIDny3dk3hQ8vTmNTLHRl8zxmKgQ0= | 2324.17 | 320.893 | 6380.82 | -0.45997 | -0.887935 | 0 | SCARH_Black | 1 | 170.936 | 198.057 | 0 | 1 | 1 | 0 | 0 | 0 | 0 | 1 | camera | target | -0.45997 | 0 | -0.887935 | -
SCRIPT       : DATA_LOG | 788811 | aRapBi1cCZPZAGLIDny3dk3hQ8vTmNTLHRl8zxmKgQ0= | 2320.86 | 320.655 | 6377.11 | -0.660732 | -0.750622 | 0 | SCARH_Black | 1 | 159.647 | 202.715 | 0 | 1 | 1 | 0 | 0 | 0 | 0 | 1 | camera | target | -0.660732 | 0 | -0.750622 |
SCRIPT       : DATA_LOG | 789808 | aRapBi1cCZPZAGLIDny3dk3hQ8vTmNTLHRl8zxmKgQ0= | 2315.81 | 320.373 | 6372.81 | -0.698869 | -0.71525 | 0 | SCARH_Black | 1 | 157.671 | 208.635 | 0 | 1 | 1 | 0 | 0 | 0 | 0 | 1 | camera | target | -0.698869 | 0 | -0.71525 | -
SCRIPT       : DATA_LOG | 790871 | aRapBi1cCZPZAGLIDny3dk3hQ8vTmNTLHRl8zxmKgQ0= | 2313.93 | 320.268 | 6371.23 | -0.699417 | -0.714714 | 0 | SCARH_Black | 1 | 157.93 | 210.816 | 0 | 1 | 1 | 0 | 0 | 0 | 0 | 1 | camera | target | -0.699417 | 0 | -0.714714 | 
SCRIPT       : DATA_LOG | 791811 | aRapBi1cCZPZAGLIDny3dk3hQ8vTmNTLHRl8zxmKgQ0= | 2311.06 | 320.008 | 6368.47 | -0.699456 | -0.714675 | 0 | SCARH_Black | 0 | 158.334 | 214.499 | 0 | 1 | 1 | 0 | 0 | 0 | 0 | 1 | camera |  | -0.699456 | 0 | -0.714675 | -0.69
SCRIPT       : DATA_LOG | 792808 | aRapBi1cCZPZAGLIDny3dk3hQ8vTmNTLHRl8zxmKgQ0= | 2310.87 | 319.99 | 6368.28 | -0.699456 | -0.714675 | 0 | SCARH_Black | 0 | 158.36 | 214.755 | 0 | 1 | 1 | 0 | 0 | 0 | 0 | 1 | camera |  | -0.699456 | 0 | -0.714675 | -0.6994
SCRIPT       : DATA_LOG | 793811 | aRapBi1cCZPZAGLIDny3dk3hQ8vTmNTLHRl8zxmKgQ0= | 2310.87 | 319.99 | 6368.28 | -0.699456 | -0.714675 | 0 | SCARH_Black | 0 | 158.36 | 214.746 | 0 | 1 | 1 | 0 | 0 | 0 | 0 | 1 | camera |  | -0.699456 | 0 | -0.714675 | -0.6994
SCRIPT       : DATA_LOG | 794816 | aRapBi1cCZPZAGLIDny3dk3hQ8vTmNTLHRl8zxmKgQ0= | 2310.87 | 319.99 | 6368.28 | -0.699456 | -0.714675 | 0 | SCARH_Black | 0 | 158.359 | 214.759 | 0 | 1 | 1 | 0 | 0 | 0 | 0 | 1 | camera |  | -0.699456 | 0 | -0.714675 | -0.699
SCRIPT       : DATA_LOG | 795813 | aRapBi1cCZPZAGLIDny3dk3hQ8vTmNTLHRl8zxmKgQ0= | 2310.87 | 319.99 | 6368.28 | -0.699456 | -0.714675 | 0 | SCARH_Black | 0 | 158.359 | 214.738 | 0 | 1 | 1 | 0 | 0 | 0 | 0 | 1 | camera |  | -0.699456 | 0 | -0.714675 | -0.699
SCRIPT       : DATA_LOG | 796810 | aRapBi1cCZPZAGLIDny3dk3hQ8vTmNTLHRl8zxmKgQ0= | 2310.87 | 319.99 | 6368.28 | -0.699456 | -0.714675 | 0 | SCARH_Black | 0 | 158.359 | 214.75 | 0 | 1 | 1 | 0 | 0 | 0 | 0 | 1 | camera |  | -0.699456 | 0 | -0.714675 | -0.6994
SCRIPT       : DATA_LOG | 797815 | aRapBi1cCZPZAGLIDny3dk3hQ8vTmNTLHRl8zxmKgQ0= | 2310.87 | 319.99 | 6368.28 | -0.699456 | -0.714675 | 0 | SCARH_Black | 0 | 158.359 | 214.751 | 0 | 1 | 1 | 0 | 0 | 0 | 0 | 1 | camera |  | -0.699456 | 0 | -0.714675 | -0.699
SCRIPT       : DATA_LOG | 798812 | aRapBi1cCZPZAGLIDny3dk3hQ8vTmNTLHRl8zxmKgQ0= | 2310.87 | 319.99 | 6368.28 | -0.699456 | -0.714675 | 0 | SCARH_Black | 0 | 158.36 | 214.752 | 0 | 1 | 1 | 0 | 0 | 0 | 0 | 1 | camera |  | -0.699456 | 0 | -0.714675 | -0.6994
SCRIPT       : DATA_LOG | 799814 | aRapBi1cCZPZAGLIDny3dk3hQ8vTmNTLHRl8zxmKgQ0= | 2310.87 | 319.99 | 6368.28 | -0.699456 | -0.714675 | 0 | SCARH_Black | 0 | 158.36 | 214.756 | 0 | 1 | 1 | 0 | 0 | 0 | 0 | 1 | camera |  | -0.699456 | 0 | -0.714675 | -0.6994
SCRIPT       : DATA_LOG | 800810 | aRapBi1cCZPZAGLIDny3dk3hQ8vTmNTLHRl8zxmKgQ0= | 2310.87 | 319.99 | 6368.28 | -0.699456 | -0.714675 | 0 | SCARH_Black | 0 | 158.36 | 214.747 | 0 | 1 | 1 | 0 | 0 | 0 | 0 | 1 | camera |  | -0.699456 | 0 | -0.714675 | -0.6994
SCRIPT       : DATA_LOG | 801818 | aRapBi1cCZPZAGLIDny3dk3hQ8vTmNTLHRl8zxmKgQ0= | 2310.87 | 319.99 | 6368.28 | -0.699456 | -0.714675 | 0 | SCARH_Black | 0 | 158.359 | 214.759 | 0 | 1 | 1 | 0 | 0 | 0 | 0 | 1 | camera |  | -0.699456 | 0 | -0.714675 | -0.699
SCRIPT       : DATA_LOG | 802816 | aRapBi1cCZPZAGLIDny3dk3hQ8vTmNTLHRl8zxmKgQ0= | 2310.87 | 319.99 | 6368.28 | -0.699456 | -0.714675 | 0 | SCARH_Black | 0 | 158.359 | 214.741 | 0 | 1 | 1 | 0 | 0 | 0 | 0 | 1 | camera |  | -0.699456 | 0 | -0.714675 | -0.699
SCRIPT       : DATA_LOG | 803819 | aRapBi1cCZPZAGLIDny3dk3hQ8vTmNTLHRl8zxmKgQ0= | 2310.87 | 319.99 | 6368.28 | -0.699456 | -0.714675 | 0 | SCARH_Black | 0 | 158.359 | 214.747 | 0 | 1 | 1 | 0 | 0 | 0 | 0 | 1 | camera |  | -0.699456 | 0 | -0.714675 | -0.699
SCRIPT       : DATA_LOG | 804828 | aRapBi1cCZPZAGLIDny3dk3hQ8vTmNTLHRl8zxmKgQ0= | 2310.87 | 319.99 | 6368.28 | -0.699456 | -0.714675 | 0 | SCARH_Black | 0 | 158.359 | 214.753 | 0 | 1 | 1 | 0 | 0 | 0 | 0 | 1 | camera |  | -0.699456 | 0 | -0.714675 | -0.699
SCRIPT       : DATA_LOG | 805819 | aRapBi1cCZPZAGLIDny3dk3hQ8vTmNTLHRl8zxmKgQ0= | 2310.87 | 319.99 | 6368.28 | -0.699456 | -0.714675 | 0 | SCARH_Black | 0 | 158.359 | 214.751 | 0 | 1 | 1 | 0 | 0 | 0 | 0 | 1 | camera |  | -0.699456 | 0 | -0.714675 | -0.699
SCRIPT       : DATA_LOG | 806825 | aRapBi1cCZPZAGLIDny3dk3hQ8vTmNTLHRl8zxmKgQ0= | 2310.87 | 319.99 | 6368.28 | -0.699456 | -0.714675 | 0 | SCARH_Black | 0 | 158.36 | 214.757 | 0 | 1 | 1 | 0 | 0 | 0 | 0 | 1 | camera |  | -0.699456 | 0 | -0.714675 | -0.6994
SCRIPT       : DATA_LOG | 807824 | aRapBi1cCZPZAGLIDny3dk3hQ8vTmNTLHRl8zxmKgQ0= | 2310.87 | 319.99 | 6368.28 | -0.699456 | -0.714675 | 0 | SCARH_Black | 0 | 158.36 | 214.748 | 0 | 1 | 1 | 0 | 0 | 0 | 0 | 1 | camera |  | -0.699456 | 0 | -0.714675 | -0.6994
SCRIPT       : DATA_LOG | 808826 | aRapBi1cCZPZAGLIDny3dk3hQ8vTmNTLHRl8zxmKgQ0= | 2310.87 | 319.99 | 6368.28 | -0.699456 | -0.714675 | 0 | SCARH_Black | 0 | 158.359 | 214.758 | 0 | 1 | 1 | 0 | 0 | 0 | 0 | 1 | camera |  | -0.699456 | 0 | -0.714675 | -0.699
SCRIPT       : DATA_LOG | 809820 | aRapBi1cCZPZAGLIDny3dk3hQ8vTmNTLHRl8zxmKgQ0= | 2310.87 | 319.99 | 6368.28 | -0.699456 | -0.714675 | 0 | SCARH_Black | 0 | 158.359 | 214.745 | 0 | 1 | 1 | 0 | 0 | 0 | 0 | 1 | camera |  | -0.699456 | 0 | -0.714675 | -0.699
SCRIPT       : DATA_LOG | 810826 | aRapBi1cCZPZAGLIDny3dk3hQ8vTmNTLHRl8zxmKgQ0= | 2310.87 | 319.99 | 6368.28 | -0.699456 | -0.714675 | 0 | SCARH_Black | 0 | 158.359 | 214.744 | 0 | 1 | 1 | 0 | 0 | 0 | 0 | 1 | camera |  | -0.699456 | 0 | -0.714675 | -0.699
SCRIPT       : DATA_LOG | 811838 | aRapBi1cCZPZAGLIDny3dk3hQ8vTmNTLHRl8zxmKgQ0= | 2310.87 | 319.99 | 6368.28 | -0.699456 | -0.714675 | 0 | SCARH_Black | 0 | 158.359 | 214.755 | 0 | 1 | 1 | 0 | 0 | 0 | 0 | 1 | camera |  | -0.699456 | 0 | -0.714675 | -0.699
SCRIPT       : DATA_LOG | 812827 | aRapBi1cCZPZAGLIDny3dk3hQ8vTmNTLHRl8zxmKgQ0= | 2310.87 | 319.99 | 6368.28 | -0.699456 | -0.714675 | 0 | SCARH_Black | 0 | 158.359 | 214.749 | 0 | 1 | 1 | 0 | 0 | 0 | 0 | 1 | camera |  | -0.699456 | 0 | -0.714675 | -0.699
SCRIPT       : DATA_LOG | 813826 | aRapBi1cCZPZAGLIDny3dk3hQ8vTmNTLHRl8zxmKgQ0= | 2310.87 | 319.99 | 6368.28 | -0.699456 | -0.714675 | 0 | SCARH_Black | 0 | 158.36 | 214.757 | 0 | 1 | 1 | 0 | 0 | 0 | 0 | 1 | camera |  | -0.699456 | 0 | -0.714675 | -0.6994
SCRIPT       : DATA_LOG | 814827 | aRapBi1cCZPZAGLIDny3dk3hQ8vTmNTLHRl8zxmKgQ0= | 2310.87 | 319.99 | 6368.28 | -0.699456 | -0.714675 | 0 | SCARH_Black | 0 | 158.36 | 214.751 | 0 | 1 | 1 | 0 | 0 | 0 | 0 | 1 | camera |  | -0.699456 | 0 | -0.714675 | -0.6994
SCRIPT       : DATA_LOG | 815831 | aRapBi1cCZPZAGLIDny3dk3hQ8vTmNTLHRl8zxmKgQ0= | 2310.87 | 319.99 | 6368.28 | -0.699456 | -0.714675 | 0 | SCARH_Black | 0 | 158.36 | 214.756 | 0 | 1 | 1 | 0 | 0 | 0 | 0 | 1 | camera |  | -0.699456 | 0 | -0.714675 | -0.6994
SCRIPT       : DATA_LOG | 816917 | aRapBi1cCZPZAGLIDny3dk3hQ8vTmNTLHRl8zxmKgQ0= | 2310.87 | 319.99 | 6368.28 | -0.699456 | -0.714675 | 0 | SCARH_Black | 0 | 158.359 | 214.75 | 0 | 1 | 1 | 0 | 0 | 0 | 0 | 1 | camera |  | -0.699456 | 0 | -0.714675 | -0.6994
SCRIPT       : DATA_LOG | 817914 | aRapBi1cCZPZAGLIDny3dk3hQ8vTmNTLHRl8zxmKgQ0= | 2310.87 | 319.99 | 6368.28 | -0.699456 | -0.714675 | 0 | SCARH_Black | 0 | 158.359 | 214.743 | 0 | 1 | 1 | 0 | 0 | 0 | 0 | 1 | camera |  | -0.699456 | 0 | -0.714675 | -0.699
SCRIPT       : DATA_LOG | 818989 | aRapBi1cCZPZAGLIDny3dk3hQ8vTmNTLHRl8zxmKgQ0= | 2310.87 | 319.99 | 6368.28 | -0.699456 | -0.714675 | 0 | SCARH_Black | 0 | 158.359 | 214.756 | 0 | 1 | 1 | 0 | 0 | 0 | 0 | 1 | camera |  | -0.699456 | 0 | -0.714675 | -0.699
SCRIPT       : DATA_LOG | 819994 | aRapBi1cCZPZAGLIDny3dk3hQ8vTmNTLHRl8zxmKgQ0= | 2310.87 | 319.99 | 6368.28 | -0.699456 | -0.714675 | 0 | SCARH_Black | 0 | 158.359 | 214.748 | 0 | 1 | 1 | 0 | 0 | 0 | 0 | 1 | camera |  | -0.699456 | 0 | -0.714675 | -0.699
SCRIPT       : DATA_LOG | 820992 | aRapBi1cCZPZAGLIDny3dk3hQ8vTmNTLHRl8zxmKgQ0= | 2310.87 | 319.99 | 6368.28 | -0.699456 | -0.714675 | 0 | SCARH_Black | 0 | 158.36 | 214.757 | 0 | 1 | 1 | 0 | 0 | 0 | 0 | 1 | camera |  | -0.699456 | 0 | -0.714675 | -0.6994
SCRIPT       : DATA_LOG | 821998 | aRapBi1cCZPZAGLIDny3dk3hQ8vTmNTLHRl8zxmKgQ0= | 2310.87 | 319.99 | 6368.28 | -0.699456 | -0.714675 | 0 | SCARH_Black | 0 | 158.36 | 214.751 | 0 | 1 | 1 | 0 | 0 | 0 | 0 | 1 | camera |  | -0.699456 | 0 | -0.714675 | -0.6994
SCRIPT       : DATA_LOG | 822991 | aRapBi1cCZPZAGLIDny3dk3hQ8vTmNTLHRl8zxmKgQ0= | 2310.87 | 319.99 | 6368.28 | -0.699456 | -0.714675 | 0 | SCARH_Black | 0 | 158.36 | 214.754 | 0 | 1 | 1 | 0 | 0 | 0 | 0 | 1 | camera |  | -0.699456 | 0 | -0.714675 | -0.6994
SCRIPT       : DATA_LOG | 823999 | aRapBi1cCZPZAGLIDny3dk3hQ8vTmNTLHRl8zxmKgQ0= | 2310.87 | 319.99 | 6368.28 | -0.699456 | -0.714675 | 0 | SCARH_Black | 0 | 158.359 | 214.751 | 0 | 1 | 1 | 0 | 0 | 0 | 0 | 1 | camera |  | -0.699456 | 0 | -0.714675 | -0.699
SCRIPT       : DATA_LOG | 824997 | aRapBi1cCZPZAGLIDny3dk3hQ8vTmNTLHRl8zxmKgQ0= | 2310.87 | 319.99 | 6368.28 | -0.699456 | -0.714675 | 0 | SCARH_Black | 0 | 158.359 | 214.74 | 0 | 1 | 1 | 0 | 0 | 0 | 0 | 1 | camera |  | -0.699456 | 0 | -0.714675 | -0.6994
SCRIPT       : DATA_LOG | 826002 | aRapBi1cCZPZAGLIDny3dk3hQ8vTmNTLHRl8zxmKgQ0= | 2310.87 | 319.99 | 6368.28 | -0.699456 | -0.714675 | 0 | SCARH_Black | 0 | 158.359 | 214.756 | 0 | 1 | 1 | 0 | 0 | 0 | 0 | 1 | camera |  | -0.699456 | 0 | -0.714675 | -0.699
SCRIPT       : DATA_LOG | 827008 | aRapBi1cCZPZAGLIDny3dk3hQ8vTmNTLHRl8zxmKgQ0= | 2310.87 | 319.99 | 6368.28 | -0.699456 | -0.714675 | 0 | SCARH_Black | 0 | 158.359 | 214.747 | 0 | 1 | 1 | 0 | 0 | 0 | 0 | 1 | camera |  | -0.699456 | 0 | -0.714675 | -0.699
SCRIPT       : DATA_LOG | 828007 | aRapBi1cCZPZAGLIDny3dk3hQ8vTmNTLHRl8zxmKgQ0= | 2310.87 | 319.99 | 6368.28 | -0.699456 | -0.714675 | 0 | SCARH_Black | 0 | 158.36 | 214.756 | 0 | 1 | 1 | 0 | 0 | 0 | 0 | 1 | camera |  | -0.699456 | 0 | -0.714675 | -0.6994
SCRIPT       : DATA_LOG | 829005 | aRapBi1cCZPZAGLIDny3dk3hQ8vTmNTLHRl8zxmKgQ0= | 2310.87 | 319.99 | 6368.28 | -0.699456 | -0.714675 | 0 | SCARH_Black | 0 | 158.36 | 214.753 | 0 | 1 | 1 | 0 | 0 | 0 | 0 | 1 | camera |  | -0.699456 | 0 | -0.714675 | -0.6994
SCRIPT       : DATA_LOG | 830014 | aRapBi1cCZPZAGLIDny3dk3hQ8vTmNTLHRl8zxmKgQ0= | 2310.87 | 319.99 | 6368.28 | -0.699456 | -0.714675 | 0 | SCARH_Black | 0 | 158.36 | 214.75 | 0 | 1 | 1 | 0 | 0 | 0 | 0 | 1 | camera |  | -0.699456 | 0 | -0.714675 | -0.69945
SCRIPT       : DATA_LOG | 831015 | aRapBi1cCZPZAGLIDny3dk3hQ8vTmNTLHRl8zxmKgQ0= | 2310.87 | 319.99 | 6368.28 | -0.699456 | -0.714675 | 0 | SCARH_Black | 0 | 158.359 | 214.754 | 0 | 1 | 1 | 0 | 0 | 0 | 0 | 1 | camera |  | -0.699456 | 0 | -0.714675 | -0.699
SCRIPT       : DATA_LOG | 832014 | aRapBi1cCZPZAGLIDny3dk3hQ8vTmNTLHRl8zxmKgQ0= | 2310.87 | 319.99 | 6368.28 | -0.699456 | -0.714675 | 0 | SCARH_Black | 0 | 158.359 | 214.738 | 0 | 1 | 1 | 0 | 0 | 0 | 0 | 1 | camera |  | -0.699456 | 0 | -0.714675 | -0.699
SCRIPT       : DATA_LOG | 833010 | aRapBi1cCZPZAGLIDny3dk3hQ8vTmNTLHRl8zxmKgQ0= | 2310.87 | 319.99 | 6368.28 | -0.699456 | -0.714675 | 0 | SCARH_Black | 0 | 158.359 | 214.755 | 0 | 1 | 1 | 0 | 0 | 0 | 0 | 1 | camera |  | -0.699456 | 0 | -0.714675 | -0.699
SCRIPT       : DATA_LOG | 834468 | aRapBi1cCZPZAGLIDny3dk3hQ8vTmNTLHRl8zxmKgQ0= | 2310.87 | 319.99 | 6368.28 | -0.699456 | -0.714675 | 0 | SCARH_Black | 0 | 158.359 | 214.747 | 0 | 1 | 1 | 0 | 0 | 0 | 0 | 1 | camera |  | -0.699456 | 0 | -0.714675 | -0.699
SCRIPT       : DATA_LOG | 835471 | aRapBi1cCZPZAGLIDny3dk3hQ8vTmNTLHRl8zxmKgQ0= | 2310.87 | 319.99 | 6368.28 | -0.699456 | -0.714675 | 0 | SCARH_Black | 0 | 158.36 | 214.755 | 0 | 1 | 1 | 0 | 0 | 0 | 0 | 1 | camera |  | -0.699456 | 0 | -0.714675 | -0.6994
SCRIPT       : DATA_LOG | 836539 | aRapBi1cCZPZAGLIDny3dk3hQ8vTmNTLHRl8zxmKgQ0= | 2310.77 | 319.976 | 6368.15 | -0.616906 | -0.787037 | 0 | SCARH_Black | 0 | 164.211 | 214.918 | 0 | 1 | 1 | 0 | 0 | 0 | 0 | 1 | camera |  | -0.616906 | 0 | -0.787037 | -0.61
SCRIPT       : DATA_LOG | 837935 | aRapBi1cCZPZAGLIDny3dk3hQ8vTmNTLHRl8zxmKgQ0= | 2310.28 | 319.782 | 6366.54 | 0.429493 | -0.90307 | 0 | SCARH_Black | 0 | 130.482 | 216.588 | 0 | 1 | 1 | 0 | 0 | 0 | 0 | 1 | camera |  | 0.429493 | 0 | -0.90307 | 0.429493 
SCRIPT       : DATA_LOG | 838929 | aRapBi1cCZPZAGLIDny3dk3hQ8vTmNTLHRl8zxmKgQ0= | 2309.9 | 319.763 | 6366.36 | 0.445343 | -0.89536 | 0 | SCARH_Black | 0 | 129.416 | 216.915 | 0 | 1 | 1 | 0 | 0 | 0 | 0 | 1 | camera |  | 0.445343 | 0 | -0.89536 | 0.445343 |
SCRIPT       : DATA_LOG | 839931 | aRapBi1cCZPZAGLIDny3dk3hQ8vTmNTLHRl8zxmKgQ0= | 2309.9 | 319.763 | 6366.36 | 0.445343 | -0.89536 | 0 | SCARH_Black | 0 | 129.415 | 216.896 | 0 | 1 | 1 | 0 | 0 | 0 | 0 | 1 | camera |  | 0.445343 | 0 | -0.89536 | 0.445343 |
SCRIPT       : DATA_LOG | 840934 | aRapBi1cCZPZAGLIDny3dk3hQ8vTmNTLHRl8zxmKgQ0= | 2309.9 | 319.763 | 6366.36 | 0.445343 | -0.89536 | 0 | SCARH_Black | 0 | 129.415 | 216.913 | 0 | 1 | 1 | 0 | 0 | 0 | 0 | 1 | camera |  | 0.445343 | 0 | -0.89536 | 0.445343 |
SCRIPT       : DATA_LOG | 841937 | aRapBi1cCZPZAGLIDny3dk3hQ8vTmNTLHRl8zxmKgQ0= | 2309.9 | 319.763 | 6366.36 | 0.445343 | -0.89536 | 0 | SCARH_Black | 0 | 129.415 | 216.907 | 0 | 1 | 1 | 0 | 0 | 0 | 0 | 1 | camera |  | 0.445343 | 0 | -0.89536 | 0.445343 |
SCRIPT       : DATA_LOG | 842934 | aRapBi1cCZPZAGLIDny3dk3hQ8vTmNTLHRl8zxmKgQ0= | 2309.9 | 319.763 | 6366.36 | 0.445343 | -0.89536 | 0 | SCARH_Black | 0 | 129.414 | 216.913 | 0 | 1 | 1 | 0 | 0 | 0 | 0 | 1 | camera |  | 0.445343 | 0 | -0.89536 | 0.445343 |
SCRIPT       : DATA_LOG | 843940 | aRapBi1cCZPZAGLIDny3dk3hQ8vTmNTLHRl8zxmKgQ0= | 2309.9 | 319.763 | 6366.36 | 0.445343 | -0.89536 | 0 | SCARH_Black | 0 | 129.414 | 216.913 | 0 | 1 | 1 | 0 | 0 | 0 | 0 | 1 | camera |  | 0.445343 | 0 | -0.89536 | 0.445343 |
SCRIPT       : DATA_LOG | 845121 | aRapBi1cCZPZAGLIDny3dk3hQ8vTmNTLHRl8zxmKgQ0= | 2309.9 | 319.763 | 6366.36 | 0.445343 | -0.89536 | 0 | SCARH_Black | 0 | 129.414 | 216.905 | 0 | 1 | 1 | 0 | 0 | 0 | 0 | 1 | camera |  | 0.445343 | 0 | -0.89536 | 0.445343 |
SCRIPT       : DATA_LOG | 846116 | aRapBi1cCZPZAGLIDny3dk3hQ8vTmNTLHRl8zxmKgQ0= | 2309.9 | 319.763 | 6366.36 | 0.445343 | -0.89536 | 0 | SCARH_Black | 0 | 129.416 | 216.915 | 0 | 1 | 1 | 0 | 0 | 0 | 0 | 1 | camera |  | 0.445343 | 0 | -0.89536 | 0.445343 |
SCRIPT       : DATA_LOG | 847117 | aRapBi1cCZPZAGLIDny3dk3hQ8vTmNTLHRl8zxmKgQ0= | 2309.9 | 319.763 | 6366.36 | 0.445343 | -0.89536 | 0 | SCARH_Black | 0 | 129.415 | 216.896 | 0 | 1 | 1 | 0 | 0 | 0 | 0 | 1 | camera |  | 0.445343 | 0 | -0.89536 | 0.445343 |
SCRIPT       : DATA_LOG | 849018 | aRapBi1cCZPZAGLIDny3dk3hQ8vTmNTLHRl8zxmKgQ0= | 2309.9 | 319.763 | 6366.36 | 0.445343 | -0.89536 | 0 | SCARH_Black | 0 | 129.415 | 216.913 | 0 | 1 | 1 | 0 | 0 | 0 | 0 | 1 | camera |  | 0.445343 | 0 | -0.89536 | 0.445343 |
SCRIPT       : DATA_LOG | 850009 | aRapBi1cCZPZAGLIDny3dk3hQ8vTmNTLHRl8zxmKgQ0= | 2309.9 | 319.763 | 6366.36 | 0.445343 | -0.89536 | 0 | SCARH_Black | 0 | 129.415 | 216.906 | 0 | 1 | 1 | 0 | 0 | 0 | 0 | 1 | camera |  | 0.445343 | 0 | -0.89536 | 0.445343 |
SCRIPT       : DATA_LOG | 851155 | aRapBi1cCZPZAGLIDny3dk3hQ8vTmNTLHRl8zxmKgQ0= | 2309.9 | 319.763 | 6366.36 | 0.445343 | -0.89536 | 0 | SCARH_Black | 0 | 129.414 | 216.913 | 0 | 1 | 1 | 0 | 0 | 0 | 0 | 1 | camera |  | 0.445343 | 0 | -0.89536 | 0.445343 |
SCRIPT       : DATA_LOG | 852169 | aRapBi1cCZPZAGLIDny3dk3hQ8vTmNTLHRl8zxmKgQ0= | 2309.9 | 319.763 | 6366.36 | 0.445343 | -0.89536 | 0 | SCARH_Black | 0 | 129.414 | 216.912 | 0 | 1 | 1 | 0 | 0 | 0 | 0 | 1 | camera |  | 0.445343 | 0 | -0.89536 | 0.445343 |
SCRIPT       : DATA_LOG | 853160 | aRapBi1cCZPZAGLIDny3dk3hQ8vTmNTLHRl8zxmKgQ0= | 2309.9 | 319.763 | 6366.36 | 0.445343 | -0.89536 | 0 | SCARH_Black | 0 | 129.414 | 216.906 | 0 | 1 | 1 | 0 | 0 | 0 | 0 | 1 | camera |  | 0.445343 | 0 | -0.89536 | 0.445343 |
SCRIPT       : DATA_LOG | 854162 | aRapBi1cCZPZAGLIDny3dk3hQ8vTmNTLHRl8zxmKgQ0= | 2309.9 | 319.763 | 6366.36 | 0.445343 | -0.89536 | 0 | SCARH_Black | 0 | 129.416 | 216.916 | 0 | 1 | 1 | 0 | 0 | 0 | 0 | 1 | camera |  | 0.445343 | 0 | -0.89536 | 0.445343 |
SCRIPT       : DATA_LOG | 855167 | aRapBi1cCZPZAGLIDny3dk3hQ8vTmNTLHRl8zxmKgQ0= | 2309.9 | 319.763 | 6366.36 | 0.445343 | -0.89536 | 0 | SCARH_Black | 0 | 129.415 | 216.896 | 0 | 1 | 1 | 0 | 0 | 0 | 0 | 1 | camera |  | 0.445343 | 0 | -0.89536 | 0.445343 |
SCRIPT       : DATA_LOG | 856678 | aRapBi1cCZPZAGLIDny3dk3hQ8vTmNTLHRl8zxmKgQ0= | 2309.9 | 319.763 | 6366.36 | 0.445343 | -0.89536 | 0 | SCARH_Black | 0 | 129.415 | 216.912 | 0 | 1 | 1 | 0 | 0 | 0 | 0 | 1 | camera |  | 0.445343 | 0 | -0.89536 | 0.445343 |
SCRIPT       : DATA_LOG | 857674 | aRapBi1cCZPZAGLIDny3dk3hQ8vTmNTLHRl8zxmKgQ0= | 2309.9 | 319.763 | 6366.36 | 0.445343 | -0.89536 | 0 | SCARH_Black | 0 | 129.415 | 216.907 | 0 | 1 | 1 | 0 | 0 | 0 | 0 | 1 | camera |  | 0.445343 | 0 | -0.89536 | 0.445343 |
SCRIPT       : DATA_LOG | 858680 | aRapBi1cCZPZAGLIDny3dk3hQ8vTmNTLHRl8zxmKgQ0= | 2309.9 | 319.763 | 6366.36 | 0.445343 | -0.89536 | 0 | SCARH_Black | 0 | 129.414 | 216.913 | 0 | 1 | 1 | 0 | 0 | 0 | 0 | 1 | camera |  | 0.445343 | 0 | -0.89536 | 0.445343 |
SCRIPT       : DATA_LOG | 859677 | aRapBi1cCZPZAGLIDny3dk3hQ8vTmNTLHRl8zxmKgQ0= | 2309.9 | 319.763 | 6366.36 | 0.445343 | -0.89536 | 0 | SCARH_Black | 0 | 129.414 | 216.914 | 0 | 1 | 1 | 0 | 0 | 0 | 0 | 1 | camera |  | 0.445343 | 0 | -0.89536 | 0.445343 |
SCRIPT       : DATA_LOG | 860685 | aRapBi1cCZPZAGLIDny3dk3hQ8vTmNTLHRl8zxmKgQ0= | 2309.9 | 319.763 | 6366.36 | 0.445343 | -0.89536 | 0 | SCARH_Black | 0 | 129.414 | 216.905 | 0 | 1 | 1 | 0 | 0 | 0 | 0 | 1 | camera |  | 0.445343 | 0 | -0.89536 | 0.445343 |
SCRIPT       : DATA_LOG | 862272 | aRapBi1cCZPZAGLIDny3dk3hQ8vTmNTLHRl8zxmKgQ0= | 2309.9 | 319.763 | 6366.36 | 0.445343 | -0.89536 | 0 | SCARH_Black | 0 | 129.416 | 216.918 | 0 | 1 | 1 | 0 | 0 | 0 | 0 | 1 | camera |  | 0.445343 | 0 | -0.89536 | 0.445343 |
SCRIPT       : DATA_LOG | 863272 | aRapBi1cCZPZAGLIDny3dk3hQ8vTmNTLHRl8zxmKgQ0= | 2309.9 | 319.763 | 6366.36 | 0.445343 | -0.89536 | 0 | SCARH_Black | 0 | 129.415 | 216.896 | 0 | 1 | 1 | 0 | 0 | 0 | 0 | 1 | camera |  | 0.445343 | 0 | -0.89536 | 0.445343 |
SCRIPT       : DATA_LOG | 864273 | aRapBi1cCZPZAGLIDny3dk3hQ8vTmNTLHRl8zxmKgQ0= | 2309.9 | 319.763 | 6366.36 | 0.445343 | -0.89536 | 0 | SCARH_Black | 0 | 129.415 | 216.909 | 0 | 1 | 1 | 0 | 0 | 0 | 0 | 1 | camera |  | 0.445343 | 0 | -0.89536 | 0.445343 |
SCRIPT       : DATA_LOG | 865275 | aRapBi1cCZPZAGLIDny3dk3hQ8vTmNTLHRl8zxmKgQ0= | 2309.9 | 319.763 | 6366.36 | 0.445343 | -0.89536 | 0 | SCARH_Black | 0 | 129.415 | 216.909 | 0 | 1 | 1 | 0 | 0 | 0 | 0 | 1 | camera |  | 0.445343 | 0 | -0.89536 | 0.445343 |
SCRIPT       : DATA_LOG | 866284 | aRapBi1cCZPZAGLIDny3dk3hQ8vTmNTLHRl8zxmKgQ0= | 2309.9 | 319.763 | 6366.36 | 0.445343 | -0.89536 | 0 | SCARH_Black | 0 | 129.415 | 216.911 | 0 | 1 | 1 | 0 | 0 | 0 | 0 | 1 | camera |  | 0.445343 | 0 | -0.89536 | 0.445343 |
SCRIPT       : DATA_LOG | 867277 | aRapBi1cCZPZAGLIDny3dk3hQ8vTmNTLHRl8zxmKgQ0= | 2309.9 | 319.763 | 6366.36 | 0.445343 | -0.89536 | 0 | SCARH_Black | 0 | 129.414 | 216.915 | 0 | 1 | 1 | 0 | 0 | 0 | 0 | 1 | camera |  | 0.445343 | 0 | -0.89536 | 0.445343 |
SCRIPT       : DATA_LOG | 868425 | aRapBi1cCZPZAGLIDny3dk3hQ8vTmNTLHRl8zxmKgQ0= | 2309.9 | 319.763 | 6366.36 | 0.445343 | -0.89536 | 0 | SCARH_Black | 0 | 129.414 | 216.905 | 0 | 1 | 1 | 0 | 0 | 0 | 0 | 1 | camera |  | 0.445343 | 0 | -0.89536 | 0.445343 |
SCRIPT       : DATA_LOG | 869422 | aRapBi1cCZPZAGLIDny3dk3hQ8vTmNTLHRl8zxmKgQ0= | 2309.9 | 319.763 | 6366.36 | 0.445343 | -0.89536 | 0 | SCARH_Black | 0 | 129.415 | 216.918 | 0 | 1 | 1 | 0 | 0 | 0 | 0 | 1 | camera |  | 0.445343 | 0 | -0.89536 | 0.445343 |
SCRIPT       : DATA_LOG | 870421 | aRapBi1cCZPZAGLIDny3dk3hQ8vTmNTLHRl8zxmKgQ0= | 2309.9 | 319.763 | 6366.36 | 0.445343 | -0.89536 | 0 | SCARH_Black | 0 | 129.415 | 216.899 | 0 | 1 | 1 | 0 | 0 | 0 | 0 | 1 | camera |  | 0.445343 | 0 | -0.89536 | 0.445343 |
SCRIPT       : DATA_LOG | 871422 | aRapBi1cCZPZAGLIDny3dk3hQ8vTmNTLHRl8zxmKgQ0= | 2309.9 | 319.763 | 6366.36 | 0.445343 | -0.89536 | 0 | SCARH_Black | 0 | 129.415 | 216.906 | 0 | 1 | 1 | 0 | 0 | 0 | 0 | 1 | camera |  | 0.445343 | 0 | -0.89536 | 0.445343 |
SCRIPT       : DATA_LOG | 876323 | aRapBi1cCZPZAGLIDny3dk3hQ8vTmNTLHRl8zxmKgQ0= | 2309.9 | 319.763 | 6366.36 | 0.445343 | -0.89536 | 0 | SCARH_Black | 0 | 129.415 | 216.912 | 0 | 1 | 1 | 0 | 0 | 0 | 0 | 1 | camera |  | 0.445343 | 0 | -0.89536 | 0.445343 |
SCRIPT       : DATA_LOG | 877356 | aRapBi1cCZPZAGLIDny3dk3hQ8vTmNTLHRl8zxmKgQ0= | 2309.9 | 319.763 | 6366.36 | 0.445343 | -0.89536 | 0 | SCARH_Black | 0 | 129.415 | 216.909 | 0 | 1 | 1 | 0 | 0 | 0 | 0 | 1 | camera |  | 0.445343 | 0 | -0.89536 | 0.445343 |
SCRIPT       : DATA_LOG | 878373 | aRapBi1cCZPZAGLIDny3dk3hQ8vTmNTLHRl8zxmKgQ0= | 2309.9 | 319.763 | 6366.36 | 0.445343 | -0.89536 | 0 | SCARH_Black | 0 | 129.414 | 216.915 | 0 | 1 | 1 | 0 | 0 | 0 | 0 | 1 | camera |  | 0.445343 | 0 | -0.89536 | 0.445343 |
SCRIPT       : DATA_LOG | 883024 | aRapBi1cCZPZAGLIDny3dk3hQ8vTmNTLHRl8zxmKgQ0= | 2309.9 | 319.763 | 6366.36 | 0.445343 | -0.89536 | 0 | SCARH_Black | 0 | 129.414 | 216.907 | 0 | 1 | 1 | 0 | 0 | 0 | 0 | 1 | camera |  | 0.445343 | 0 | -0.89536 | 0.445343 |
SCRIPT       : DATA_LOG | 884021 | aRapBi1cCZPZAGLIDny3dk3hQ8vTmNTLHRl8zxmKgQ0= | 2309.9 | 319.763 | 6366.36 | 0.445343 | -0.89536 | 0 | SCARH_Black | 0 | 129.415 | 216.916 | 0 | 1 | 1 | 0 | 0 | 0 | 0 | 1 | camera |  | 0.445343 | 0 | -0.89536 | 0.445343 |
SCRIPT       : DATA_LOG | 885290 | aRapBi1cCZPZAGLIDny3dk3hQ8vTmNTLHRl8zxmKgQ0= | 2309.9 | 319.763 | 6366.36 | 0.445343 | -0.89536 | 0 | SCARH_Black | 0 | 129.415 | 216.904 | 0 | 1 | 1 | 0 | 0 | 0 | 0 | 1 | camera |  | 0.445343 | 0 | -0.89536 | 0.445343 |
SCRIPT       : DATA_LOG | 886301 | aRapBi1cCZPZAGLIDny3dk3hQ8vTmNTLHRl8zxmKgQ0= | 2309.9 | 319.763 | 6366.36 | 0.445343 | -0.89536 | 0 | SCARH_Black | 0 | 129.415 | 216.903 | 0 | 1 | 1 | 0 | 0 | 0 | 0 | 1 | camera |  | 0.445343 | 0 | -0.89536 | 0.445343 |
SCRIPT       : DATA_LOG | 887294 | aRapBi1cCZPZAGLIDny3dk3hQ8vTmNTLHRl8zxmKgQ0= | 2309.9 | 319.763 | 6366.36 | 0.445343 | -0.89536 | 0 | SCARH_Black | 0 | 129.415 | 216.914 | 0 | 1 | 1 | 0 | 0 | 0 | 0 | 1 | camera |  | 0.445343 | 0 | -0.89536 | 0.445343 |
SCRIPT       : DATA_LOG | 888297 | aRapBi1cCZPZAGLIDny3dk3hQ8vTmNTLHRl8zxmKgQ0= | 2309.9 | 319.763 | 6366.36 | 0.445343 | -0.89536 | 0 | SCARH_Black | 0 | 129.415 | 216.908 | 0 | 1 | 1 | 0 | 0 | 0 | 0 | 1 | camera |  | 0.445343 | 0 | -0.89536 | 0.445343 |
SCRIPT       : DATA_LOG | 889301 | aRapBi1cCZPZAGLIDny3dk3hQ8vTmNTLHRl8zxmKgQ0= | 2309.9 | 319.763 | 6366.36 | 0.445343 | -0.89536 | 0 | SCARH_Black | 0 | 129.414 | 216.916 | 0 | 1 | 1 | 0 | 0 | 0 | 0 | 1 | camera |  | 0.445343 | 0 | -0.89536 | 0.445343 |
SCRIPT       : DATA_LOG | 890296 | aRapBi1cCZPZAGLIDny3dk3hQ8vTmNTLHRl8zxmKgQ0= | 2309.9 | 319.763 | 6366.36 | 0.445343 | -0.89536 | 0 | SCARH_Black | 0 | 129.414 | 216.909 | 0 | 1 | 1 | 0 | 0 | 0 | 0 | 1 | camera |  | 0.445343 | 0 | -0.89536 | 0.445343 |
SCRIPT       : DATA_LOG | 891299 | aRapBi1cCZPZAGLIDny3dk3hQ8vTmNTLHRl8zxmKgQ0= | 2309.9 | 319.763 | 6366.36 | 0.445343 | -0.89536 | 0 | SCARH_Black | 0 | 129.415 | 216.914 | 0 | 1 | 1 | 0 | 0 | 0 | 0 | 1 | camera |  | 0.445343 | 0 | -0.89536 | 0.445343 |
SCRIPT       : DATA_LOG | 892306 | aRapBi1cCZPZAGLIDny3dk3hQ8vTmNTLHRl8zxmKgQ0= | 2309.9 | 319.763 | 6366.36 | 0.445343 | -0.89536 | 0 | SCARH_Black | 0 | 129.416 | 216.908 | 0 | 1 | 1 | 0 | 0 | 0 | 0 | 1 | camera |  | 0.445343 | 0 | -0.89536 | 0.445343 |
SCRIPT       : DATA_LOG | 893298 | aRapBi1cCZPZAGLIDny3dk3hQ8vTmNTLHRl8zxmKgQ0= | 2309.9 | 319.763 | 6366.36 | 0.445343 | -0.89536 | 0 | SCARH_Black | 0 | 129.415 | 216.9 | 0 | 1 | 1 | 0 | 0 | 0 | 0 | 1 | camera |  | 0.445343 | 0 | -0.89536 | 0.445343 | 0
SCRIPT       : DATA_LOG | 894305 | aRapBi1cCZPZAGLIDny3dk3hQ8vTmNTLHRl8zxmKgQ0= | 2309.9 | 319.763 | 6366.36 | 0.445343 | -0.89536 | 0 | SCARH_Black | 0 | 129.415 | 216.914 | 0 | 1 | 1 | 0 | 0 | 0 | 0 | 1 | camera |  | 0.445343 | 0 | -0.89536 | 0.445343 |
SCRIPT       : DATA_LOG | 896276 | aRapBi1cCZPZAGLIDny3dk3hQ8vTmNTLHRl8zxmKgQ0= | 2309.9 | 319.763 | 6366.36 | 0.445343 | -0.89536 | 0 | SCARH_Black | 0 | 129.415 | 216.906 | 0 | 1 | 1 | 0 | 0 | 0 | 0 | 1 | camera |  | 0.445343 | 0 | -0.89536 | 0.445343 |
SCRIPT       : DATA_LOG | 897278 | aRapBi1cCZPZAGLIDny3dk3hQ8vTmNTLHRl8zxmKgQ0= | 2309.9 | 319.763 | 6366.36 | 0.445343 | -0.89536 | 0 | SCARH_Black | 0 | 129.414 | 216.915 | 0 | 1 | 1 | 0 | 0 | 0 | 0 | 1 | camera |  | 0.445343 | 0 | -0.89536 | 0.445343 |
SCRIPT       : DATA_LOG | 898282 | aRapBi1cCZPZAGLIDny3dk3hQ8vTmNTLHRl8zxmKgQ0= | 2309.9 | 319.763 | 6366.36 | 0.445343 | -0.89536 | 0 | SCARH_Black | 0 | 129.414 | 216.911 | 0 | 1 | 1 | 0 | 0 | 0 | 0 | 1 | camera |  | 0.445343 | 0 | -0.89536 | 0.445343 |
SCRIPT       : DATA_LOG | 899280 | aRapBi1cCZPZAGLIDny3dk3hQ8vTmNTLHRl8zxmKgQ0= | 2309.9 | 319.763 | 6366.36 | 0.445343 | -0.89536 | 0 | SCARH_Black | 0 | 129.414 | 216.911 | 0 | 1 | 1 | 0 | 0 | 0 | 0 | 1 | camera |  | 0.445343 | 0 | -0.89536 | 0.445343 |
SCRIPT       : DATA_LOG | 900279 | aRapBi1cCZPZAGLIDny3dk3hQ8vTmNTLHRl8zxmKgQ0= | 2309.9 | 319.763 | 6366.36 | 0.445343 | -0.89536 | 0 | SCARH_Black | 0 | 129.416 | 216.911 | 0 | 1 | 1 | 0 | 0 | 0 | 0 | 1 | camera |  | 0.445343 | 0 | -0.89536 | 0.445343 |
SCRIPT       : DATA_LOG | 901531 | aRapBi1cCZPZAGLIDny3dk3hQ8vTmNTLHRl8zxmKgQ0= | 2309.9 | 319.763 | 6366.36 | 0.445343 | -0.89536 | 0 | SCARH_Black | 0 | 129.415 | 216.898 | 0 | 1 | 1 | 0 | 0 | 0 | 0 | 1 | camera |  | 0.445343 | 0 | -0.89536 | 0.445343 |
SCRIPT       : DATA_LOG | 902534 | aRapBi1cCZPZAGLIDny3dk3hQ8vTmNTLHRl8zxmKgQ0= | 2309.9 | 319.763 | 6366.36 | 0.445343 | -0.89536 | 0 | SCARH_Black | 0 | 129.415 | 216.914 | 0 | 1 | 1 | 0 | 0 | 0 | 0 | 1 | camera |  | 0.445343 | 0 | -0.89536 | 0.445343 |
SCRIPT       : DATA_LOG | 903536 | aRapBi1cCZPZAGLIDny3dk3hQ8vTmNTLHRl8zxmKgQ0= | 2309.9 | 319.763 | 6366.36 | 0.445343 | -0.89536 | 0 | SCARH_Black | 0 | 129.415 | 216.906 | 0 | 1 | 1 | 0 | 0 | 0 | 0 | 1 | camera |  | 0.445343 | 0 | -0.89536 | 0.445343 |
SCRIPT       : DATA_LOG | 904540 | aRapBi1cCZPZAGLIDny3dk3hQ8vTmNTLHRl8zxmKgQ0= | 2309.9 | 319.763 | 6366.36 | 0.445343 | -0.89536 | 0 | SCARH_Black | 0 | 129.414 | 216.914 | 0 | 1 | 1 | 0 | 0 | 0 | 0 | 1 | camera |  | 0.445343 | 0 | -0.89536 | 0.445343 |
SCRIPT       : DATA_LOG | 905534 | aRapBi1cCZPZAGLIDny3dk3hQ8vTmNTLHRl8zxmKgQ0= | 2309.9 | 319.763 | 6366.36 | 0.445343 | -0.89536 | 0 | SCARH_Black | 0 | 129.414 | 216.912 | 0 | 1 | 1 | 0 | 0 | 0 | 0 | 1 | camera |  | 0.445343 | 0 | -0.89536 | 0.445343 |
SCRIPT       : DATA_LOG | 906541 | aRapBi1cCZPZAGLIDny3dk3hQ8vTmNTLHRl8zxmKgQ0= | 2309.9 | 319.763 | 6366.36 | 0.445343 | -0.89536 | 0 | SCARH_Black | 0 | 129.414 | 216.907 | 0 | 1 | 1 | 0 | 0 | 0 | 0 | 1 | camera |  | 0.445343 | 0 | -0.89536 | 0.445343 |
SCRIPT       : DATA_LOG | 908370 | aRapBi1cCZPZAGLIDny3dk3hQ8vTmNTLHRl8zxmKgQ0= | 2309.9 | 319.763 | 6366.36 | 0.445343 | -0.89536 | 0 | SCARH_Black | 0 | 129.416 | 216.918 | 0 | 1 | 1 | 0 | 0 | 0 | 0 | 1 | camera |  | 0.445343 | 0 | -0.89536 | 0.445343 |
SCRIPT       : DATA_LOG | 909503 | aRapBi1cCZPZAGLIDny3dk3hQ8vTmNTLHRl8zxmKgQ0= | 2309.9 | 319.763 | 6366.36 | 0.445343 | -0.89536 | 0 | SCARH_Black | 0 | 129.415 | 216.896 | 0 | 1 | 1 | 0 | 0 | 0 | 0 | 1 | camera |  | 0.445343 | 0 | -0.89536 | 0.445343 |
SCRIPT       : DATA_LOG | 910500 | aRapBi1cCZPZAGLIDny3dk3hQ8vTmNTLHRl8zxmKgQ0= | 2309.9 | 319.763 | 6366.36 | 0.445343 | -0.89536 | 0 | SCARH_Black | 0 | 129.415 | 216.913 | 0 | 1 | 1 | 0 | 0 | 0 | 0 | 1 | camera |  | 0.445343 | 0 | -0.89536 | 0.445343 |
SCRIPT       : DATA_LOG | 911508 | aRapBi1cCZPZAGLIDny3dk3hQ8vTmNTLHRl8zxmKgQ0= | 2309.9 | 319.763 | 6366.36 | 0.445343 | -0.89536 | 0 | SCARH_Black | 0 | 129.415 | 216.907 | 0 | 1 | 1 | 0 | 0 | 0 | 0 | 1 | camera |  | 0.445343 | 0 | -0.89536 | 0.445343 |
SCRIPT       : DATA_LOG | 912502 | aRapBi1cCZPZAGLIDny3dk3hQ8vTmNTLHRl8zxmKgQ0= | 2309.9 | 319.763 | 6366.36 | 0.445343 | -0.89536 | 0 | SCARH_Black | 0 | 129.414 | 216.913 | 0 | 1 | 1 | 0 | 0 | 0 | 0 | 1 | camera |  | 0.445343 | 0 | -0.89536 | 0.445343 |
SCRIPT       : DATA_LOG | 913504 | aRapBi1cCZPZAGLIDny3dk3hQ8vTmNTLHRl8zxmKgQ0= | 2309.9 | 319.763 | 6366.36 | 0.445343 | -0.89536 | 0 | SCARH_Black | 0 | 129.414 | 216.913 | 0 | 1 | 1 | 0 | 0 | 0 | 0 | 1 | camera |  | 0.445343 | 0 | -0.89536 | 0.445343 |
SCRIPT       : DATA_LOG | 914506 | aRapBi1cCZPZAGLIDny3dk3hQ8vTmNTLHRl8zxmKgQ0= | 2309.9 | 319.763 | 6366.36 | 0.445343 | -0.89536 | 0 | SCARH_Black | 0 | 129.414 | 216.905 | 0 | 1 | 1 | 0 | 0 | 0 | 0 | 1 | camera |  | 0.445343 | 0 | -0.89536 | 0.445343 |
SCRIPT       : DATA_LOG | 915505 | aRapBi1cCZPZAGLIDny3dk3hQ8vTmNTLHRl8zxmKgQ0= | 2309.9 | 319.763 | 6366.36 | 0.445343 | -0.89536 | 0 | SCARH_Black | 0 | 129.416 | 216.917 | 0 | 1 | 1 | 0 | 0 | 0 | 0 | 1 | camera |  | 0.445343 | 0 | -0.89536 | 0.445343 |
SCRIPT       : DATA_LOG | 916514 | aRapBi1cCZPZAGLIDny3dk3hQ8vTmNTLHRl8zxmKgQ0= | 2309.9 | 319.763 | 6366.36 | 0.445343 | -0.89536 | 0 | SCARH_Black | 0 | 129.415 | 216.896 | 0 | 1 | 1 | 0 | 0 | 0 | 0 | 1 | camera |  | 0.445343 | 0 | -0.89536 | 0.445343 |
SCRIPT       : DATA_LOG | 917930 | aRapBi1cCZPZAGLIDny3dk3hQ8vTmNTLHRl8zxmKgQ0= | 2309.9 | 319.763 | 6366.36 | 0.445343 | -0.89536 | 0 | SCARH_Black | 0 | 129.415 | 216.91 | 0 | 1 | 1 | 0 | 0 | 0 | 0 | 1 | camera |  | 0.445343 | 0 | -0.89536 | 0.445343 | 
SCRIPT       : DATA_LOG | 918948 | aRapBi1cCZPZAGLIDny3dk3hQ8vTmNTLHRl8zxmKgQ0= | 2309.9 | 319.763 | 6366.36 | 0.445343 | -0.89536 | 0 | SCARH_Black | 0 | 129.415 | 216.908 | 0 | 1 | 1 | 0 | 0 | 0 | 0 | 1 | camera |  | 0.445343 | 0 | -0.89536 | 0.445343 |
SCRIPT       : DATA_LOG | 919937 | aRapBi1cCZPZAGLIDny3dk3hQ8vTmNTLHRl8zxmKgQ0= | 2309.9 | 319.763 | 6366.36 | 0.445343 | -0.89536 | 0 | SCARH_Black | 0 | 129.415 | 216.911 | 0 | 1 | 1 | 0 | 0 | 0 | 0 | 1 | camera |  | 0.445343 | 0 | -0.89536 | 0.445343 |
SCRIPT       : DATA_LOG | 920938 | aRapBi1cCZPZAGLIDny3dk3hQ8vTmNTLHRl8zxmKgQ0= | 2309.9 | 319.763 | 6366.36 | 0.445343 | -0.89536 | 0 | SCARH_Black | 0 | 129.414 | 216.915 | 0 | 1 | 1 | 0 | 0 | 0 | 0 | 1 | camera |  | 0.445343 | 0 | -0.89536 | 0.445343 |
SCRIPT       : DATA_LOG | 921938 | aRapBi1cCZPZAGLIDny3dk3hQ8vTmNTLHRl8zxmKgQ0= | 2309.9 | 319.763 | 6366.36 | 0.445343 | -0.89536 | 0 | SCARH_Black | 0 | 129.414 | 216.905 | 0 | 1 | 1 | 0 | 0 | 0 | 0 | 1 | camera |  | 0.445343 | 0 | -0.89536 | 0.445343 |
SCRIPT       : DATA_LOG | 923157 | aRapBi1cCZPZAGLIDny3dk3hQ8vTmNTLHRl8zxmKgQ0= | 2309.9 | 319.763 | 6366.36 | 0.445343 | -0.89536 | 0 | SCARH_Black | 0 | 129.415 | 216.916 | 0 | 1 | 1 | 0 | 0 | 0 | 0 | 1 | camera |  | 0.445343 | 0 | -0.89536 | 0.445343 |
SCRIPT       : DATA_LOG | 924170 | aRapBi1cCZPZAGLIDny3dk3hQ8vTmNTLHRl8zxmKgQ0= | 2309.9 | 319.763 | 6366.36 | 0.445343 | -0.89536 | 0 | SCARH_Black | 0 | 129.415 | 216.898 | 0 | 1 | 1 | 0 | 0 | 0 | 0 | 1 | camera |  | 0.445343 | 0 | -0.89536 | 0.445343 |
SCRIPT       : DATA_LOG | 925166 | aRapBi1cCZPZAGLIDny3dk3hQ8vTmNTLHRl8zxmKgQ0= | 2309.9 | 319.763 | 6366.36 | 0.445343 | -0.89536 | 0 | SCARH_Black | 0 | 129.415 | 216.907 | 0 | 1 | 1 | 0 | 0 | 0 | 0 | 1 | camera |  | 0.445343 | 0 | -0.89536 | 0.445343 |
SCRIPT       : DATA_LOG | 926171 | aRapBi1cCZPZAGLIDny3dk3hQ8vTmNTLHRl8zxmKgQ0= | 2309.9 | 319.763 | 6366.36 | 0.445343 | -0.89536 | 0 | SCARH_Black | 0 | 129.415 | 216.911 | 0 | 1 | 1 | 0 | 0 | 0 | 0 | 1 | camera |  | 0.445343 | 0 | -0.89536 | 0.445343 |
SCRIPT       : DATA_LOG | 927166 | aRapBi1cCZPZAGLIDny3dk3hQ8vTmNTLHRl8zxmKgQ0= | 2309.9 | 319.763 | 6366.36 | 0.445343 | -0.89536 | 0 | SCARH_Black | 0 | 129.415 | 216.909 | 0 | 1 | 1 | 0 | 0 | 0 | 0 | 1 | camera |  | 0.445343 | 0 | -0.89536 | 0.445343 |
SCRIPT       : DATA_LOG | 928170 | aRapBi1cCZPZAGLIDny3dk3hQ8vTmNTLHRl8zxmKgQ0= | 2309.9 | 319.763 | 6366.36 | 0.445343 | -0.89536 | 0 | SCARH_Black | 0 | 129.414 | 216.915 | 0 | 1 | 1 | 0 | 0 | 0 | 0 | 1 | camera |  | 0.445343 | 0 | -0.89536 | 0.445343 |
SCRIPT       : DATA_LOG | 929171 | aRapBi1cCZPZAGLIDny3dk3hQ8vTmNTLHRl8zxmKgQ0= | 2309.9 | 319.763 | 6366.36 | 0.445343 | -0.89536 | 0 | SCARH_Black | 0 | 129.414 | 216.906 | 0 | 1 | 1 | 0 | 0 | 0 | 0 | 1 | camera |  | 0.445343 | 0 | -0.89536 | 0.445343 |
SCRIPT       : DATA_LOG | 930171 | aRapBi1cCZPZAGLIDny3dk3hQ8vTmNTLHRl8zxmKgQ0= | 2309.9 | 319.763 | 6366.36 | 0.445343 | -0.89536 | 0 | SCARH_Black | 0 | 129.415 | 216.917 | 0 | 1 | 1 | 0 | 0 | 0 | 0 | 1 | camera |  | 0.445343 | 0 | -0.89536 | 0.445343 |
SCRIPT       : DATA_LOG | 931173 | aRapBi1cCZPZAGLIDny3dk3hQ8vTmNTLHRl8zxmKgQ0= | 2309.9 | 319.763 | 6366.36 | 0.445343 | -0.89536 | 0 | SCARH_Black | 0 | 129.415 | 216.901 | 0 | 1 | 1 | 0 | 0 | 0 | 0 | 1 | camera |  | 0.445343 | 0 | -0.89536 | 0.445343 |
SCRIPT       : DATA_LOG | 932167 | aRapBi1cCZPZAGLIDny3dk3hQ8vTmNTLHRl8zxmKgQ0= | 2309.9 | 319.763 | 6366.36 | 0.445343 | -0.89536 | 0 | SCARH_Black | 0 | 129.415 | 216.904 | 0 | 1 | 1 | 0 | 0 | 0 | 0 | 1 | camera |  | 0.445343 | 0 | -0.89536 | 0.445343 |
SCRIPT       : DATA_LOG | 935365 | aRapBi1cCZPZAGLIDny3dk3hQ8vTmNTLHRl8zxmKgQ0= | 2309.9 | 319.763 | 6366.36 | 0.445343 | -0.89536 | 0 | SCARH_Black | 0 | 129.415 | 216.913 | 0 | 1 | 1 | 0 | 0 | 0 | 0 | 1 | camera |  | 0.445343 | 0 | -0.89536 | 0.445343 |
SCRIPT       : DATA_LOG | 936368 | aRapBi1cCZPZAGLIDny3dk3hQ8vTmNTLHRl8zxmKgQ0= | 2309.9 | 319.763 | 6366.36 | 0.445343 | -0.89536 | 0 | SCARH_Black | 0 | 129.415 | 216.908 | 0 | 1 | 1 | 0 | 0 | 0 | 0 | 1 | camera |  | 0.445343 | 0 | -0.89536 | 0.445343 |
SCRIPT       : DATA_LOG | 937396 | aRapBi1cCZPZAGLIDny3dk3hQ8vTmNTLHRl8zxmKgQ0= | 2309.9 | 319.763 | 6366.36 | 0.445343 | -0.89536 | 0 | SCARH_Black | 0 | 129.414 | 216.916 | 0 | 1 | 1 | 0 | 0 | 0 | 0 | 1 | camera |  | 0.445343 | 0 | -0.89536 | 0.445343 |
SCRIPT       : DATA_LOG | 938391 | aRapBi1cCZPZAGLIDny3dk3hQ8vTmNTLHRl8zxmKgQ0= | 2309.9 | 319.763 | 6366.36 | 0.445343 | -0.89536 | 0 | SCARH_Black | 0 | 129.414 | 216.908 | 0 | 1 | 1 | 0 | 0 | 0 | 0 | 1 | camera |  | 0.445343 | 0 | -0.89536 | 0.445343 |
SCRIPT       : DATA_LOG | 939394 | aRapBi1cCZPZAGLIDny3dk3hQ8vTmNTLHRl8zxmKgQ0= | 2309.9 | 319.763 | 6366.36 | 0.445343 | -0.89536 | 0 | SCARH_Black | 0 | 129.415 | 216.915 | 0 | 1 | 1 | 0 | 0 | 0 | 0 | 1 | camera |  | 0.445343 | 0 | -0.89536 | 0.445343 |
SCRIPT       : DATA_LOG | 941995 | aRapBi1cCZPZAGLIDny3dk3hQ8vTmNTLHRl8zxmKgQ0= | 2309.9 | 319.763 | 6366.36 | 0.445343 | -0.89536 | 0 | SCARH_Black | 0 | 129.416 | 216.909 | 0 | 1 | 1 | 0 | 0 | 0 | 0 | 1 | camera |  | 0.445343 | 0 | -0.89536 | 0.445343 |
SCRIPT       : DATA_LOG | 943064 | aRapBi1cCZPZAGLIDny3dk3hQ8vTmNTLHRl8zxmKgQ0= | 2309.9 | 319.763 | 6366.36 | 0.445343 | -0.89536 | 0 | SCARH_Black | 0 | 129.415 | 216.904 | 0 | 1 | 1 | 0 | 0 | 0 | 0 | 1 | camera |  | 0.445343 | 0 | -0.89536 | 0.445343 |
SCRIPT       : DATA_LOG | 944070 | aRapBi1cCZPZAGLIDny3dk3hQ8vTmNTLHRl8zxmKgQ0= | 2309.9 | 319.763 | 6366.36 | 0.445343 | -0.89536 | 0 | SCARH_Black | 0 | 129.415 | 216.913 | 0 | 1 | 1 | 0 | 0 | 0 | 0 | 1 | camera |  | 0.445343 | 0 | -0.89536 | 0.445343 |
SCRIPT       : DATA_LOG | 945551 | aRapBi1cCZPZAGLIDny3dk3hQ8vTmNTLHRl8zxmKgQ0= | 2309.9 | 319.763 | 6366.36 | 0.445343 | -0.89536 | 0 | SCARH_Black | 0 | 129.415 | 216.907 | 0 | 1 | 1 | 0 | 0 | 0 | 0 | 1 | camera |  | 0.445343 | 0 | -0.89536 | 0.445343 |
SCRIPT       : DATA_LOG | 946545 | aRapBi1cCZPZAGLIDny3dk3hQ8vTmNTLHRl8zxmKgQ0= | 2309.9 | 319.763 | 6366.36 | 0.445343 | -0.89536 | 0 | SCARH_Black | 0 | 129.414 | 216.915 | 0 | 1 | 1 | 0 | 0 | 0 | 0 | 1 | camera |  | 0.445343 | 0 | -0.89536 | 0.445343 |
SCRIPT       : DATA_LOG | 947947 | aRapBi1cCZPZAGLIDny3dk3hQ8vTmNTLHRl8zxmKgQ0= | 2309.9 | 319.763 | 6366.36 | 0.445343 | -0.89536 | 0 | SCARH_Black | 0 | 129.414 | 216.905 | 0 | 1 | 1 | 0 | 0 | 0 | 0 | 1 | camera |  | 0.445343 | 0 | -0.89536 | 0.445343 |
SCRIPT       : DATA_LOG | 948952 | aRapBi1cCZPZAGLIDny3dk3hQ8vTmNTLHRl8zxmKgQ0= | 2309.9 | 319.763 | 6366.36 | 0.445343 | -0.89536 | 0 | SCARH_Black | 0 | 129.415 | 216.917 | 0 | 1 | 1 | 0 | 0 | 0 | 0 | 1 | camera |  | 0.445343 | 0 | -0.89536 | 0.445343 |
SCRIPT       : DATA_LOG | 949947 | aRapBi1cCZPZAGLIDny3dk3hQ8vTmNTLHRl8zxmKgQ0= | 2309.9 | 319.763 | 6366.36 | 0.445343 | -0.89536 | 0 | SCARH_Black | 0 | 129.415 | 216.9 | 0 | 1 | 1 | 0 | 0 | 0 | 0 | 1 | camera |  | 0.445343 | 0 | -0.89536 | 0.445343 | 0
SCRIPT       : DATA_LOG | 950949 | aRapBi1cCZPZAGLIDny3dk3hQ8vTmNTLHRl8zxmKgQ0= | 2309.9 | 319.763 | 6366.36 | 0.445343 | -0.89536 | 0 | SCARH_Black | 0 | 129.415 | 216.906 | 0 | 1 | 1 | 0 | 0 | 0 | 0 | 1 | camera |  | 0.445343 | 0 | -0.89536 | 0.445343 |
SCRIPT       : DATA_LOG | 951953 | aRapBi1cCZPZAGLIDny3dk3hQ8vTmNTLHRl8zxmKgQ0= | 2309.9 | 319.763 | 6366.36 | 0.445343 | -0.89536 | 0 | SCARH_Black | 0 | 129.415 | 216.912 | 0 | 1 | 1 | 0 | 0 | 0 | 0 | 1 | camera |  | 0.445343 | 0 | -0.89536 | 0.445343 |
SCRIPT       : DATA_LOG | 952956 | aRapBi1cCZPZAGLIDny3dk3hQ8vTmNTLHRl8zxmKgQ0= | 2309.9 | 319.763 | 6366.36 | 0.445343 | -0.89536 | 0 | SCARH_Black | 0 | 129.415 | 216.909 | 0 | 1 | 1 | 0 | 0 | 0 | 0 | 1 | camera |  | 0.445343 | 0 | -0.89536 | 0.445343 |
SCRIPT       : DATA_LOG | 953952 | aRapBi1cCZPZAGLIDny3dk3hQ8vTmNTLHRl8zxmKgQ0= | 2309.9 | 319.763 | 6366.36 | 0.445343 | -0.89536 | 0 | SCARH_Black | 0 | 129.414 | 216.915 | 0 | 1 | 1 | 0 | 0 | 0 | 0 | 1 | camera |  | 0.445343 | 0 | -0.89536 | 0.445343 |
SCRIPT       : DATA_LOG | 954954 | aRapBi1cCZPZAGLIDny3dk3hQ8vTmNTLHRl8zxmKgQ0= | 2309.9 | 319.763 | 6366.36 | 0.445343 | -0.89536 | 0 | SCARH_Black | 0 | 129.414 | 216.907 | 0 | 1 | 1 | 0 | 0 | 0 | 0 | 1 | camera |  | 0.445343 | 0 | -0.89536 | 0.445343 |
SCRIPT       : DATA_LOG | 955950 | aRapBi1cCZPZAGLIDny3dk3hQ8vTmNTLHRl8zxmKgQ0= | 2309.9 | 319.763 | 6366.36 | 0.445343 | -0.89536 | 0 | SCARH_Black | 0 | 129.415 | 216.916 | 0 | 1 | 1 | 0 | 0 | 0 | 0 | 1 | camera |  | 0.445343 | 0 | -0.89536 | 0.445343 |
SCRIPT       : DATA_LOG | 956952 | aRapBi1cCZPZAGLIDny3dk3hQ8vTmNTLHRl8zxmKgQ0= | 2309.9 | 319.763 | 6366.36 | 0.445343 | -0.89536 | 0 | SCARH_Black | 0 | 129.415 | 216.904 | 0 | 1 | 1 | 0 | 0 | 0 | 0 | 1 | camera |  | 0.445343 | 0 | -0.89536 | 0.445343 |
SCRIPT       : DATA_LOG | 958411 | aRapBi1cCZPZAGLIDny3dk3hQ8vTmNTLHRl8zxmKgQ0= | 2309.9 | 319.763 | 6366.36 | 0.445343 | -0.89536 | 0 | SCARH_Black | 0 | 129.415 | 216.902 | 0 | 1 | 1 | 0 | 0 | 0 | 0 | 1 | camera |  | 0.445343 | 0 | -0.89536 | 0.445343 |
SCRIPT       : DATA_LOG | 959415 | aRapBi1cCZPZAGLIDny3dk3hQ8vTmNTLHRl8zxmKgQ0= | 2309.9 | 319.763 | 6366.36 | 0.445343 | -0.89536 | 0 | SCARH_Black | 0 | 129.415 | 216.914 | 0 | 1 | 1 | 0 | 0 | 0 | 0 | 1 | camera |  | 0.445343 | 0 | -0.89536 | 0.445343 |
SCRIPT       : DATA_LOG | 960420 | aRapBi1cCZPZAGLIDny3dk3hQ8vTmNTLHRl8zxmKgQ0= | 2309.9 | 319.763 | 6366.36 | 0.445343 | -0.89536 | 0 | SCARH_Black | 0 | 129.415 | 216.907 | 0 | 1 | 1 | 0 | 0 | 0 | 0 | 1 | camera |  | 0.445343 | 0 | -0.89536 | 0.445343 |
SCRIPT       : DATA_LOG | 961418 | aRapBi1cCZPZAGLIDny3dk3hQ8vTmNTLHRl8zxmKgQ0= | 2309.9 | 319.763 | 6366.36 | 0.445343 | -0.89536 | 0 | SCARH_Black | 0 | 129.415 | 216.916 | 0 | 1 | 1 | 0 | 0 | 0 | 0 | 1 | camera |  | 0.445343 | 0 | -0.89536 | 0.445343 |
SCRIPT       : DATA_LOG | 962422 | aRapBi1cCZPZAGLIDny3dk3hQ8vTmNTLHRl8zxmKgQ0= | 2309.9 | 319.763 | 6366.36 | 0.445343 | -0.89536 | 0 | SCARH_Black | 0 | 129.414 | 216.91 | 0 | 1 | 1 | 0 | 0 | 0 | 0 | 1 | camera |  | 0.445343 | 0 | -0.89536 | 0.445343 | 
SCRIPT       : DATA_LOG | 963417 | aRapBi1cCZPZAGLIDny3dk3hQ8vTmNTLHRl8zxmKgQ0= | 2309.9 | 319.763 | 6366.36 | 0.445343 | -0.89536 | 0 | SCARH_Black | 0 | 129.415 | 216.914 | 0 | 1 | 1 | 0 | 0 | 0 | 0 | 1 | camera |  | 0.445343 | 0 | -0.89536 | 0.445343 |
SCRIPT       : DATA_LOG | 964421 | aRapBi1cCZPZAGLIDny3dk3hQ8vTmNTLHRl8zxmKgQ0= | 2309.9 | 319.763 | 6366.36 | 0.445343 | -0.89536 | 0 | SCARH_Black | 0 | 129.416 | 216.909 | 0 | 1 | 1 | 0 | 0 | 0 | 0 | 1 | camera |  | 0.445343 | 0 | -0.89536 | 0.445343 |
SCRIPT       : DATA_LOG | 965425 | aRapBi1cCZPZAGLIDny3dk3hQ8vTmNTLHRl8zxmKgQ0= | 2309.9 | 319.763 | 6366.36 | 0.445343 | -0.89536 | 0 | SCARH_Black | 0 | 129.415 | 216.899 | 0 | 1 | 1 | 0 | 0 | 0 | 0 | 1 | camera |  | 0.445343 | 0 | -0.89536 | 0.445343 |
SCRIPT       : DATA_LOG | 966421 | aRapBi1cCZPZAGLIDny3dk3hQ8vTmNTLHRl8zxmKgQ0= | 2309.9 | 319.763 | 6366.36 | 0.445343 | -0.89536 | 0 | SCARH_Black | 0 | 129.415 | 216.915 | 0 | 1 | 1 | 0 | 0 | 0 | 0 | 1 | camera |  | 0.445343 | 0 | -0.89536 | 0.445343 |
SCRIPT       : DATA_LOG | 967418 | aRapBi1cCZPZAGLIDny3dk3hQ8vTmNTLHRl8zxmKgQ0= | 2309.9 | 319.763 | 6366.36 | 0.445343 | -0.89536 | 0 | SCARH_Black | 0 | 129.415 | 216.906 | 0 | 1 | 1 | 0 | 0 | 0 | 0 | 1 | camera |  | 0.445343 | 0 | -0.89536 | 0.445343 |
SCRIPT       : DATA_LOG | 968424 | aRapBi1cCZPZAGLIDny3dk3hQ8vTmNTLHRl8zxmKgQ0= | 2309.9 | 319.763 | 6366.36 | 0.445343 | -0.89536 | 0 | SCARH_Black | 0 | 129.414 | 216.915 | 0 | 1 | 1 | 0 | 0 | 0 | 0 | 1 | camera |  | 0.445343 | 0 | -0.89536 | 0.445343 |
SCRIPT       : DATA_LOG | 969424 | aRapBi1cCZPZAGLIDny3dk3hQ8vTmNTLHRl8zxmKgQ0= | 2309.9 | 319.763 | 6366.36 | 0.445343 | -0.89536 | 0 | SCARH_Black | 0 | 129.414 | 216.912 | 0 | 1 | 1 | 0 | 0 | 0 | 0 | 1 | camera |  | 0.445343 | 0 | -0.89536 | 0.445343 |
SCRIPT       : DATA_LOG | 970424 | aRapBi1cCZPZAGLIDny3dk3hQ8vTmNTLHRl8zxmKgQ0= | 2309.9 | 319.763 | 6366.36 | 0.445343 | -0.89536 | 0 | SCARH_Black | 0 | 129.414 | 216.91 | 0 | 1 | 1 | 0 | 0 | 0 | 0 | 1 | camera |  | 0.445343 | 0 | -0.89536 | 0.445343 | 
SCRIPT       : DATA_LOG | 971427 | aRapBi1cCZPZAGLIDny3dk3hQ8vTmNTLHRl8zxmKgQ0= | 2309.9 | 319.763 | 6366.36 | 0.445343 | -0.89536 | 0 | SCARH_Black | 0 | 129.415 | 216.912 | 0 | 1 | 1 | 0 | 0 | 0 | 0 | 1 | camera |  | 0.445343 | 0 | -0.89536 | 0.445343 |
SCRIPT       : DATA_LOG | 972427 | aRapBi1cCZPZAGLIDny3dk3hQ8vTmNTLHRl8zxmKgQ0= | 2309.9 | 319.763 | 6366.36 | 0.445343 | -0.89536 | 0 | SCARH_Black | 0 | 129.415 | 216.897 | 0 | 1 | 1 | 0 | 0 | 0 | 0 | 1 | camera |  | 0.445343 | 0 | -0.89536 | 0.445343 |
SCRIPT       : DATA_LOG | 973475 | aRapBi1cCZPZAGLIDny3dk3hQ8vTmNTLHRl8zxmKgQ0= | 2309.9 | 319.763 | 6366.36 | 0.445343 | -0.89536 | 0 | SCARH_Black | 0 | 129.415 | 216.914 | 0 | 1 | 1 | 0 | 0 | 0 | 0 | 1 | camera |  | 0.445343 | 0 | -0.89536 | 0.445343 |
SCRIPT       : DATA_LOG | 974478 | aRapBi1cCZPZAGLIDny3dk3hQ8vTmNTLHRl8zxmKgQ0= | 2309.9 | 319.763 | 6366.36 | 0.445343 | -0.89536 | 0 | SCARH_Black | 0 | 129.415 | 216.906 | 0 | 1 | 1 | 0 | 0 | 0 | 0 | 1 | camera |  | 0.445343 | 0 | -0.89536 | 0.445343 |
SCRIPT       : DATA_LOG | 975587 | aRapBi1cCZPZAGLIDny3dk3hQ8vTmNTLHRl8zxmKgQ0= | 2309.9 | 319.763 | 6366.36 | 0.445343 | -0.89536 | 0 | SCARH_Black | 0 | 129.414 | 216.914 | 0 | 1 | 1 | 0 | 0 | 0 | 0 | 1 | camera |  | 0.445343 | 0 | -0.89536 | 0.445343 |
SCRIPT       : DATA_LOG | 976585 | aRapBi1cCZPZAGLIDny3dk3hQ8vTmNTLHRl8zxmKgQ0= | 2309.9 | 319.763 | 6366.36 | 0.445343 | -0.89536 | 0 | SCARH_Black | 0 | 129.414 | 216.912 | 0 | 1 | 1 | 0 | 0 | 0 | 0 | 1 | camera |  | 0.445343 | 0 | -0.89536 | 0.445343 |
SCRIPT       : DATA_LOG | 978041 | aRapBi1cCZPZAGLIDny3dk3hQ8vTmNTLHRl8zxmKgQ0= | 2309.9 | 319.763 | 6366.36 | 0.445343 | -0.89536 | 0 | SCARH_Black | 0 | 129.414 | 216.906 | 0 | 1 | 1 | 0 | 0 | 0 | 0 | 1 | camera |  | 0.445343 | 0 | -0.89536 | 0.445343 |
SCRIPT       : DATA_LOG | 979042 | aRapBi1cCZPZAGLIDny3dk3hQ8vTmNTLHRl8zxmKgQ0= | 2309.9 | 319.763 | 6366.36 | 0.445343 | -0.89536 | 0 | SCARH_Black | 0 | 129.416 | 216.909 | 0 | 1 | 1 | 0 | 0 | 0 | 0 | 1 | camera |  | 0.445343 | 0 | -0.89536 | 0.445343 |
SCRIPT       : DATA_LOG | 980048 | aRapBi1cCZPZAGLIDny3dk3hQ8vTmNTLHRl8zxmKgQ0= | 2309.9 | 319.763 | 6366.36 | 0.445343 | -0.89536 | 0 | SCARH_Black | 0 | 129.415 | 216.899 | 0 | 1 | 1 | 0 | 0 | 0 | 0 | 1 | camera |  | 0.445343 | 0 | -0.89536 | 0.445343 |
SCRIPT       : DATA_LOG | 981044 | aRapBi1cCZPZAGLIDny3dk3hQ8vTmNTLHRl8zxmKgQ0= | 2309.9 | 319.763 | 6366.36 | 0.445343 | -0.89536 | 0 | SCARH_Black | 0 | 129.415 | 216.915 | 0 | 1 | 1 | 0 | 0 | 0 | 0 | 1 | camera |  | 0.445343 | 0 | -0.89536 | 0.445343 |
SCRIPT       : DATA_LOG | 982049 | aRapBi1cCZPZAGLIDny3dk3hQ8vTmNTLHRl8zxmKgQ0= | 2309.9 | 319.763 | 6366.36 | 0.445343 | -0.89536 | 0 | SCARH_Black | 0 | 129.415 | 216.906 | 0 | 1 | 1 | 0 | 0 | 0 | 0 | 1 | camera |  | 0.445343 | 0 | -0.89536 | 0.445343 |
SCRIPT       : DATA_LOG | 983067 | aRapBi1cCZPZAGLIDny3dk3hQ8vTmNTLHRl8zxmKgQ0= | 2309.9 | 319.763 | 6366.36 | 0.445343 | -0.89536 | 0 | SCARH_Black | 0 | 129.414 | 216.915 | 0 | 1 | 1 | 0 | 0 | 0 | 0 | 1 | camera |  | 0.445343 | 0 | -0.89536 | 0.445343 |
SCRIPT       : DATA_LOG | 984064 | aRapBi1cCZPZAGLIDny3dk3hQ8vTmNTLHRl8zxmKgQ0= | 2309.9 | 319.763 | 6366.36 | 0.445343 | -0.89536 | 0 | SCARH_Black | 0 | 129.414 | 216.912 | 0 | 1 | 1 | 0 | 0 | 0 | 0 | 1 | camera |  | 0.445343 | 0 | -0.89536 | 0.445343 |
SCRIPT       : DATA_LOG | 985067 | aRapBi1cCZPZAGLIDny3dk3hQ8vTmNTLHRl8zxmKgQ0= | 2309.9 | 319.763 | 6366.36 | 0.445343 | -0.89536 | 0 | SCARH_Black | 0 | 129.414 | 216.91 | 0 | 1 | 1 | 0 | 0 | 0 | 0 | 1 | camera |  | 0.445343 | 0 | -0.89536 | 0.445343 | 
SCRIPT       : DATA_LOG | 986065 | aRapBi1cCZPZAGLIDny3dk3hQ8vTmNTLHRl8zxmKgQ0= | 2309.9 | 319.763 | 6366.36 | 0.445343 | -0.89536 | 0 | SCARH_Black | 0 | 129.415 | 216.912 | 0 | 1 | 1 | 0 | 0 | 0 | 0 | 1 | camera |  | 0.445343 | 0 | -0.89536 | 0.445343 |
SCRIPT       : DATA_LOG | 987071 | aRapBi1cCZPZAGLIDny3dk3hQ8vTmNTLHRl8zxmKgQ0= | 2309.9 | 319.763 | 6366.36 | 0.445343 | -0.89536 | 0 | SCARH_Black | 0 | 129.415 | 216.897 | 0 | 1 | 1 | 0 | 0 | 0 | 0 | 1 | camera |  | 0.445343 | 0 | -0.89536 | 0.445343 |
SCRIPT       : DATA_LOG | 988070 | aRapBi1cCZPZAGLIDny3dk3hQ8vTmNTLHRl8zxmKgQ0= | 2309.9 | 319.763 | 6366.36 | 0.445343 | -0.89536 | 0 | SCARH_Black | 0 | 129.415 | 216.914 | 0 | 1 | 1 | 0 | 0 | 0 | 0 | 1 | camera |  | 0.445343 | 0 | -0.89536 | 0.445343 |
SCRIPT       : DATA_LOG | 989071 | aRapBi1cCZPZAGLIDny3dk3hQ8vTmNTLHRl8zxmKgQ0= | 2309.9 | 319.763 | 6366.36 | 0.445343 | -0.89536 | 0 | SCARH_Black | 0 | 129.415 | 216.906 | 0 | 1 | 1 | 0 | 0 | 0 | 0 | 1 | camera |  | 0.445343 | 0 | -0.89536 | 0.445343 |
SCRIPT       : DATA_LOG | 990069 | aRapBi1cCZPZAGLIDny3dk3hQ8vTmNTLHRl8zxmKgQ0= | 2309.9 | 319.763 | 6366.36 | 0.445343 | -0.89536 | 0 | SCARH_Black | 0 | 129.414 | 216.914 | 0 | 1 | 1 | 0 | 0 | 0 | 0 | 1 | camera |  | 0.445343 | 0 | -0.89536 | 0.445343 |
SCRIPT       : DATA_LOG | 991075 | aRapBi1cCZPZAGLIDny3dk3hQ8vTmNTLHRl8zxmKgQ0= | 2309.9 | 319.763 | 6366.36 | 0.445343 | -0.89536 | 0 | SCARH_Black | 0 | 129.414 | 216.913 | 0 | 1 | 1 | 0 | 0 | 0 | 0 | 1 | camera |  | 0.445343 | 0 | -0.89536 | 0.445343 |
SCRIPT       : DATA_LOG | 992070 | aRapBi1cCZPZAGLIDny3dk3hQ8vTmNTLHRl8zxmKgQ0= | 2309.9 | 319.763 | 6366.36 | 0.445343 | -0.89536 | 0 | SCARH_Black | 0 | 129.414 | 216.906 | 0 | 1 | 1 | 0 | 0 | 0 | 0 | 1 | camera |  | 0.445343 | 0 | -0.89536 | 0.445343 |
SCRIPT       : DATA_LOG | 993074 | aRapBi1cCZPZAGLIDny3dk3hQ8vTmNTLHRl8zxmKgQ0= | 2309.9 | 319.763 | 6366.36 | 0.445343 | -0.89536 | 0 | SCARH_Black | 0 | 129.415 | 216.916 | 0 | 1 | 1 | 0 | 0 | 0 | 0 | 1 | camera |  | 0.445343 | 0 | -0.89536 | 0.445343 |
SCRIPT       : DATA_LOG | 994072 | aRapBi1cCZPZAGLIDny3dk3hQ8vTmNTLHRl8zxmKgQ0= | 2309.9 | 319.763 | 6366.36 | 0.445343 | -0.89536 | 0 | SCARH_Black | 0 | 129.415 | 216.896 | 0 | 1 | 1 | 0 | 0 | 0 | 0 | 1 | camera |  | 0.445343 | 0 | -0.89536 | 0.445343 |
SCRIPT       : DATA_LOG | 995078 | aRapBi1cCZPZAGLIDny3dk3hQ8vTmNTLHRl8zxmKgQ0= | 2309.9 | 319.763 | 6366.36 | 0.445343 | -0.89536 | 0 | SCARH_Black | 0 | 129.415 | 216.912 | 0 | 1 | 1 | 0 | 0 | 0 | 0 | 1 | camera |  | 0.445343 | 0 | -0.89536 | 0.445343 |
SCRIPT       : DATA_LOG | 996073 | aRapBi1cCZPZAGLIDny3dk3hQ8vTmNTLHRl8zxmKgQ0= | 2309.9 | 319.763 | 6366.36 | 0.445343 | -0.89536 | 0 | SCARH_Black | 0 | 129.415 | 216.907 | 0 | 1 | 1 | 0 | 0 | 0 | 0 | 1 | camera |  | 0.445343 | 0 | -0.89536 | 0.445343 |
SCRIPT       : DATA_LOG | 997080 | aRapBi1cCZPZAGLIDny3dk3hQ8vTmNTLHRl8zxmKgQ0= | 2309.9 | 319.763 | 6366.36 | 0.445343 | -0.89536 | 0 | SCARH_Black | 0 | 129.414 | 216.913 | 0 | 1 | 1 | 0 | 0 | 0 | 0 | 1 | camera |  | 0.445343 | 0 | -0.89536 | 0.445343 |
SCRIPT       : DATA_LOG | 998082 | aRapBi1cCZPZAGLIDny3dk3hQ8vTmNTLHRl8zxmKgQ0= | 2309.9 | 319.763 | 6366.36 | 0.445343 | -0.89536 | 0 | SCARH_Black | 0 | 129.414 | 216.914 | 0 | 1 | 1 | 0 | 0 | 0 | 0 | 1 | camera |  | 0.445343 | 0 | -0.89536 | 0.445343 |
SCRIPT       : DATA_LOG | 999079 | aRapBi1cCZPZAGLIDny3dk3hQ8vTmNTLHRl8zxmKgQ0= | 2309.9 | 319.763 | 6366.36 | 0.445343 | -0.89536 | 0 | SCARH_Black | 0 | 129.414 | 216.905 | 0 | 1 | 1 | 0 | 0 | 0 | 0 | 1 | camera |  | 0.445343 | 0 | -0.89536 | 0.445343 |
SCRIPT       : DATA_LOG | 1000078 | aRapBi1cCZPZAGLIDny3dk3hQ8vTmNTLHRl8zxmKgQ0= | 2309.9 | 319.763 | 6366.36 | 0.445343 | -0.89536 | 0 | SCARH_Black | 0 | 129.416 | 216.917 | 0 | 1 | 1 | 0 | 0 | 0 | 0 | 1 | camera |  | 0.445343 | 0 | -0.89536 | 0.445343 
SCRIPT       : DATA_LOG | 1001081 | aRapBi1cCZPZAGLIDny3dk3hQ8vTmNTLHRl8zxmKgQ0= | 2309.9 | 319.763 | 6366.36 | 0.445343 | -0.89536 | 0 | SCARH_Black | 0 | 129.415 | 216.896 | 0 | 1 | 1 | 0 | 0 | 0 | 0 | 1 | camera |  | 0.445343 | 0 | -0.89536 | 0.445343 
SCRIPT       : DATA_LOG | 1002082 | aRapBi1cCZPZAGLIDny3dk3hQ8vTmNTLHRl8zxmKgQ0= | 2309.9 | 319.763 | 6366.36 | 0.445343 | -0.89536 | 0 | SCARH_Black | 0 | 129.415 | 216.91 | 0 | 1 | 1 | 0 | 0 | 0 | 0 | 1 | camera |  | 0.445343 | 0 | -0.89536 | 0.445343 |
SCRIPT       : DATA_LOG | 1003085 | aRapBi1cCZPZAGLIDny3dk3hQ8vTmNTLHRl8zxmKgQ0= | 2309.9 | 319.763 | 6366.36 | 0.445343 | -0.89536 | 0 | SCARH_Black | 0 | 129.415 | 216.909 | 0 | 1 | 1 | 0 | 0 | 0 | 0 | 1 | camera |  | 0.445343 | 0 | -0.89536 | 0.445343 
SCRIPT       : DATA_LOG | 1004086 | aRapBi1cCZPZAGLIDny3dk3hQ8vTmNTLHRl8zxmKgQ0= | 2309.9 | 319.763 | 6366.36 | 0.445343 | -0.89536 | 0 | SCARH_Black | 0 | 129.415 | 216.911 | 0 | 1 | 1 | 0 | 0 | 0 | 0 | 1 | camera |  | 0.445343 | 0 | -0.89536 | 0.445343 
SCRIPT       : DATA_LOG | 1005084 | aRapBi1cCZPZAGLIDny3dk3hQ8vTmNTLHRl8zxmKgQ0= | 2309.9 | 319.763 | 6366.36 | 0.445343 | -0.89536 | 0 | SCARH_Black | 0 | 129.414 | 216.915 | 0 | 1 | 1 | 0 | 0 | 0 | 0 | 1 | camera |  | 0.445343 | 0 | -0.89536 | 0.445343 
SCRIPT       : DATA_LOG | 1006085 | aRapBi1cCZPZAGLIDny3dk3hQ8vTmNTLHRl8zxmKgQ0= | 2309.9 | 319.763 | 6366.36 | 0.445343 | -0.89536 | 0 | SCARH_Black | 0 | 129.414 | 216.905 | 0 | 1 | 1 | 0 | 0 | 0 | 0 | 1 | camera |  | 0.445343 | 0 | -0.89536 | 0.445343 
SCRIPT       : DATA_LOG | 1007085 | aRapBi1cCZPZAGLIDny3dk3hQ8vTmNTLHRl8zxmKgQ0= | 2309.9 | 319.763 | 6366.36 | 0.445343 | -0.89536 | 0 | SCARH_Black | 0 | 129.415 | 216.918 | 0 | 1 | 1 | 0 | 0 | 0 | 0 | 1 | camera |  | 0.445343 | 0 | -0.89536 | 0.445343 
SCRIPT       : DATA_LOG | 1008084 | aRapBi1cCZPZAGLIDny3dk3hQ8vTmNTLHRl8zxmKgQ0= | 2309.9 | 319.763 | 6366.36 | 0.445343 | -0.89536 | 0 | SCARH_Black | 0 | 129.415 | 216.899 | 0 | 1 | 1 | 0 | 0 | 0 | 0 | 1 | camera |  | 0.445343 | 0 | -0.89536 | 0.445343 
SCRIPT       : DATA_LOG | 1009087 | aRapBi1cCZPZAGLIDny3dk3hQ8vTmNTLHRl8zxmKgQ0= | 2309.9 | 319.763 | 6366.36 | 0.445343 | -0.89536 | 0 | SCARH_Black | 0 | 129.415 | 216.906 | 0 | 1 | 1 | 0 | 0 | 0 | 0 | 1 | camera |  | 0.445343 | 0 | -0.89536 | 0.445343 
SCRIPT       : DATA_LOG | 1010091 | aRapBi1cCZPZAGLIDny3dk3hQ8vTmNTLHRl8zxmKgQ0= | 2309.9 | 319.763 | 6366.36 | 0.445343 | -0.89536 | 0 | SCARH_Black | 0 | 129.415 | 216.912 | 0 | 1 | 1 | 0 | 0 | 0 | 0 | 1 | camera |  | 0.445343 | 0 | -0.89536 | 0.445343 
SCRIPT       : DATA_LOG | 1011089 | aRapBi1cCZPZAGLIDny3dk3hQ8vTmNTLHRl8zxmKgQ0= | 2309.9 | 319.763 | 6366.36 | 0.445343 | -0.89536 | 0 | SCARH_Black | 0 | 129.415 | 216.909 | 0 | 1 | 1 | 0 | 0 | 0 | 0 | 1 | camera |  | 0.445343 | 0 | -0.89536 | 0.445343 
SCRIPT       : DATA_LOG | 1012091 | aRapBi1cCZPZAGLIDny3dk3hQ8vTmNTLHRl8zxmKgQ0= | 2309.9 | 319.763 | 6366.36 | 0.445343 | -0.89536 | 0 | SCARH_Black | 0 | 129.414 | 216.915 | 0 | 1 | 1 | 0 | 0 | 0 | 0 | 1 | camera |  | 0.445343 | 0 | -0.89536 | 0.445343 
SCRIPT       : DATA_LOG | 1013099 | aRapBi1cCZPZAGLIDny3dk3hQ8vTmNTLHRl8zxmKgQ0= | 2309.9 | 319.763 | 6366.36 | 0.445343 | -0.89536 | 0 | SCARH_Black | 0 | 129.414 | 216.907 | 0 | 1 | 1 | 0 | 0 | 0 | 0 | 1 | camera |  | 0.445343 | 0 | -0.89536 | 0.445343 
SCRIPT       : DATA_LOG | 1014094 | aRapBi1cCZPZAGLIDny3dk3hQ8vTmNTLHRl8zxmKgQ0= | 2309.9 | 319.763 | 6366.36 | 0.445343 | -0.89536 | 0 | SCARH_Black | 0 | 129.415 | 216.916 | 0 | 1 | 1 | 0 | 0 | 0 | 0 | 1 | camera |  | 0.445343 | 0 | -0.89536 | 0.445343 
SCRIPT       : DATA_LOG | 1015097 | aRapBi1cCZPZAGLIDny3dk3hQ8vTmNTLHRl8zxmKgQ0= | 2309.9 | 319.763 | 6366.36 | 0.445343 | -0.89536 | 0 | SCARH_Black | 0 | 129.415 | 216.904 | 0 | 1 | 1 | 0 | 0 | 0 | 0 | 1 | camera |  | 0.445343 | 0 | -0.89536 | 0.445343 
SCRIPT       : DATA_LOG | 1016094 | aRapBi1cCZPZAGLIDny3dk3hQ8vTmNTLHRl8zxmKgQ0= | 2309.9 | 319.763 | 6366.36 | 0.445343 | -0.89536 | 0 | SCARH_Black | 0 | 129.415 | 216.902 | 0 | 1 | 1 | 0 | 0 | 0 | 0 | 1 | camera |  | 0.445343 | 0 | -0.89536 | 0.445343 
SCRIPT       : DATA_LOG | 1017099 | aRapBi1cCZPZAGLIDny3dk3hQ8vTmNTLHRl8zxmKgQ0= | 2309.9 | 319.763 | 6366.36 | 0.445343 | -0.89536 | 0 | SCARH_Black | 0 | 129.415 | 216.914 | 0 | 1 | 1 | 0 | 0 | 0 | 0 | 1 | camera |  | 0.445343 | 0 | -0.89536 | 0.445343 
SCRIPT       : DATA_LOG | 1018103 | aRapBi1cCZPZAGLIDny3dk3hQ8vTmNTLHRl8zxmKgQ0= | 2309.9 | 319.763 | 6366.36 | 0.445343 | -0.89536 | 0 | SCARH_Black | 0 | 129.415 | 216.908 | 0 | 1 | 1 | 0 | 0 | 0 | 0 | 1 | camera |  | 0.445343 | 0 | -0.89536 | 0.445343 
SCRIPT       : DATA_LOG | 1019106 | aRapBi1cCZPZAGLIDny3dk3hQ8vTmNTLHRl8zxmKgQ0= | 2309.9 | 319.763 | 6366.36 | 0.445343 | -0.89536 | 0 | SCARH_Black | 0 | 129.415 | 216.916 | 0 | 1 | 1 | 0 | 0 | 0 | 0 | 1 | camera |  | 0.445343 | 0 | -0.89536 | 0.445343 
SCRIPT       : DATA_LOG | 1020105 | aRapBi1cCZPZAGLIDny3dk3hQ8vTmNTLHRl8zxmKgQ0= | 2309.9 | 319.763 | 6366.36 | 0.445343 | -0.89536 | 0 | SCARH_Black | 0 | 129.414 | 216.91 | 0 | 1 | 1 | 0 | 0 | 0 | 0 | 1 | camera |  | 0.445343 | 0 | -0.89536 | 0.445343 |
SCRIPT       : DATA_LOG | 1021109 | aRapBi1cCZPZAGLIDny3dk3hQ8vTmNTLHRl8zxmKgQ0= | 2309.9 | 319.763 | 6366.36 | 0.445343 | -0.89536 | 0 | SCARH_Black | 0 | 129.415 | 216.914 | 0 | 1 | 1 | 0 | 0 | 0 | 0 | 1 | camera |  | 0.445343 | 0 | -0.89536 | 0.445343 
SCRIPT       : DATA_LOG | 1022107 | aRapBi1cCZPZAGLIDny3dk3hQ8vTmNTLHRl8zxmKgQ0= | 2309.9 | 319.763 | 6366.36 | 0.445343 | -0.89536 | 0 | SCARH_Black | 0 | 129.416 | 216.908 | 0 | 1 | 1 | 0 | 0 | 0 | 0 | 1 | camera |  | 0.445343 | 0 | -0.89536 | 0.445343 
SCRIPT       : DATA_LOG | 1023111 | aRapBi1cCZPZAGLIDny3dk3hQ8vTmNTLHRl8zxmKgQ0= | 2309.9 | 319.763 | 6366.36 | 0.998663 | -0.0516848 | 0 | SCARH_Black | 0 | 69.3049 | 216.899 | 0 | 1 | 1 | 0 | 0 | 0 | 0 | 1 | camera |  | 0.998663 | 0 | -0.0516848 | 0.998
SCRIPT       : DATA_LOG | 1024112 | aRapBi1cCZPZAGLIDny3dk3hQ8vTmNTLHRl8zxmKgQ0= | 2309.9 | 319.763 | 6366.36 | 0.998663 | -0.0516845 | 0 | SCARH_Black | 0 | 69.3051 | 216.915 | 0 | 1 | 1 | 0 | 0 | 0 | 0 | 1 | camera |  | 0.998663 | 0 | -0.0516845 | 0.998
SCRIPT       : DATA_LOG | 1025111 | aRapBi1cCZPZAGLIDny3dk3hQ8vTmNTLHRl8zxmKgQ0= | 2309.29 | 319.743 | 6366.03 | -0.861664 | -0.50748 | 0 | SCARH_Black | 1 | 143.869 | 217.458 | 0 | 1 | 1 | 0 | 0 | 0 | 0 | 1 | camera | target | -0.861664 | 0 | -0.50748 | 
SCRIPT       : DATA_LOG | 1026246 | aRapBi1cCZPZAGLIDny3dk3hQ8vTmNTLHRl8zxmKgQ0= | 2306.55 | 319.809 | 6365.66 | 0.294542 | 0.955639 | 0 | SCARH_Black | 1 | 9.97171 | 218.906 | 0 | 1 | 1 | 0 | 0 | 0 | 0 | 1 | camera | target | 0.294542 | 0 | 0.955639 | 0.
SCRIPT       : DATA_LOG | 1027115 | aRapBi1cCZPZAGLIDny3dk3hQ8vTmNTLHRl8zxmKgQ0= | 2304.04 | 320.041 | 6366.56 | 0.350073 | 0.936722 | 0 | SCARH_Black | 1 | 8.14059 | 219.113 | 0 | 1 | 1 | 0 | 0 | 0 | 0 | 1 | camera | target | 0.350073 | 0 | 0.936722 | 0.
SCRIPT       : DATA_LOG | 1028130 | aRapBi1cCZPZAGLIDny3dk3hQ8vTmNTLHRl8zxmKgQ0= | 2303.73 | 320.071 | 6366.68 | 0.350074 | 0.936722 | 0 | SCARH_Black | 0 | 8.18499 | 219.133 | 0 | 1 | 1 | 0 | 0 | 0 | 0 | 1 | camera |  | 0.350074 | 0 | 0.936722 | 0.350074
SCRIPT       : DATA_LOG | 1029125 | aRapBi1cCZPZAGLIDny3dk3hQ8vTmNTLHRl8zxmKgQ0= | 2303.73 | 320.071 | 6366.68 | 0.350074 | 0.936722 | 1 | SCARH_Black | 0 | 8.18379 | 219.138 | 0 | 1 | 1 | 0 | 0 | 0 | 0 | 1 | camera |  | 0.350074 | 0 | 0.936722 | 0.350074
SCRIPT       : DATA_LOG | 1030125 | aRapBi1cCZPZAGLIDny3dk3hQ8vTmNTLHRl8zxmKgQ0= | 2303.73 | 320.071 | 6366.68 | 0.350074 | 0.936722 | 1 | SCARH_Black | 0 | 8.18484 | 219.124 | 0 | 1 | 1 | 0 | 0 | 0 | 1 | 1 | camera |  | 0.350074 | 0 | 0.936722 | 0.350074
SCRIPT       : DATA_LOG | 1031128 | aRapBi1cCZPZAGLIDny3dk3hQ8vTmNTLHRl8zxmKgQ0= | 2303.73 | 320.071 | 6366.68 | 0.350074 | 0.936722 | 1 | SCARH_Black | 0 | 8.18369 | 219.141 | 0 | 1 | 1 | 0 | 0 | 0 | 1 | 1 | camera |  | 0.350074 | 0 | 0.936722 | 0.350074
SCRIPT       : DATA_LOG | 1032129 | aRapBi1cCZPZAGLIDny3dk3hQ8vTmNTLHRl8zxmKgQ0= | 2303.04 | 320.144 | 6366.98 | 0.411962 | 0.911201 | 0 | SCARH_Black | 1 | 6.69817 | 219.145 | 0 | 1 | 1 | 0 | 0 | 0 | 0 | 1 | camera | target | 0.411962 | 0 | 0.911201 | 0.
SCRIPT       : DATA_LOG | 1033185 | aRapBi1cCZPZAGLIDny3dk3hQ8vTmNTLHRl8zxmKgQ0= | 2302.95 | 320.153 | 6367.03 | 0.411962 | 0.911201 | 0 | SCARH_Black | 1 | 6.70013 | 219.154 | 0 | 1 | 1 | 0 | 0 | 0 | 0 | 1 | camera | target | 0.411962 | 0 | 0.911201 | 0.
SCRIPT       : DATA_LOG | 1034192 | aRapBi1cCZPZAGLIDny3dk3hQ8vTmNTLHRl8zxmKgQ0= | 2302.95 | 320.153 | 6367.03 | 0.979137 | 0.2032 | 0 | SCARH_Black | 1 | 53.0063 | 219.153 | 0 | 1 | 1 | 0 | 0 | 0 | 0 | 1 | camera | target | 0.979137 | 0 | 0.2032 | 0.9791
SCRIPT       : DATA_LOG | 1035193 | aRapBi1cCZPZAGLIDny3dk3hQ8vTmNTLHRl8zxmKgQ0= | 2302.95 | 320.153 | 6367.03 | -0.468206 | -0.883619 | 0 | SCARH_Black | 1 | 173.004 | 219.147 | 0 | 1 | 1 | 0 | 0 | 0 | 0 | 1 | camera | target | -0.468206 | 0 | -0.883619 
SCRIPT       : DATA_LOG | 1036193 | aRapBi1cCZPZAGLIDny3dk3hQ8vTmNTLHRl8zxmKgQ0= | 2301.85 | 320.304 | 6367.8 | -0.758981 | -0.651113 | 0 | SCARH_Black | 1 | 155.682 | 218.913 | 0 | 1 | 1 | 0 | 0 | 0 | 0 | 1 | camera | target | -0.758981 | 0 | -0.651113 |
SCRIPT       : DATA_LOG | 1037193 | aRapBi1cCZPZAGLIDny3dk3hQ8vTmNTLHRl8zxmKgQ0= | 2298.41 | 320.392 | 6367.19 | -0.618511 | -0.785776 | 0 | SCARH_Black | 1 | 166.769 | 220.943 | 0 | 1 | 1 | 0 | 0 | 0 | 0 | 1 | camera | target | -0.618511 | 0 | -0.785776 
SCRIPT       : DATA_LOG | 1038353 | aRapBi1cCZPZAGLIDny3dk3hQ8vTmNTLHRl8zxmKgQ0= | 2293.05 | 320.284 | 6364.25 | -0.618505 | -0.785781 | 0 | SCARH_Black | 1 | 167.593 | 226.006 | 0 | 1 | 1 | 0 | 0 | 0 | 0 | 1 | camera | target | -0.618505 | 0 | -0.785781 
 SCRIPT    (E): Virtual Machine Exception

Reason: NULL pointer to instance. Variable 'PlayerBase' during call 'PlayerBase.GetInventory'

Class:      'CustomMission'
Function: 'EquipCharacter'
Stack trace:
scripts/5_Mission/mission\missionserver.c:519 Function EquipCharacter
scripts/5_Mission/mission\missionserver.c:580 Function OnClientNewEvent
JM/CF/Scripts/5_Mission/communityframework\mission\missionserver.c:146 Function OnClientNewEvent
scripts/5_Mission/mission\missionserver.c:319 Function OnEvent
JM/CF/Scripts/5_Mission/communityframework\mission\missionserver.c:10 Function OnEvent
VPPAdminTools/5_Mission/vppadmintools\missionserver.c:67 Function OnEvent
scripts/3_Game/dayzgame.c:1760 Function OnEvent
JM/CF/Scripts/3_Game/communityframework\game\dayzgame.c:120 Function OnEvent
 SCRIPT       : [VPPAT] Player "Survivor" (steamId=76561199110912890) connected to server!
SCRIPT       : DATA_LOG | 1039364 | aRapBi1cCZPZAGLIDny3dk3hQ8vTmNTLHRl8zxmKgQ0= | 2290.77 | 320.128 | 6362.5 | -0.618505 | -0.785781 | 0 | SCARH_Black | 1 | 167.872 | 228.605 | 0 | 1 | 1 | 0 | 0 | 0 | 0 | 1 | camera | target | -0.618505 | 0 | -0.785781 |
SCRIPT       : DATA_LOG | 1044066 | VEZjSxlcpgu1JLRUfHGLLLMsm0wqbyJ6fy2rl33V8jg= | 8330.12 | 6.51577 | 2984.18 | -0.00657957 | 0.997627 | 0 | none | -1 | 180 | 0 | 0.0685372 | 0 | 0 | 0 | 0 | 0 | 0 | 1 | camera | no_target | -0.00657957 | 0.0685372 | 0.99
SCRIPT       : DATA_LOG | 1046643 | aRapBi1cCZPZAGLIDny3dk3hQ8vTmNTLHRl8zxmKgQ0= | 2269.05 | 317.025 | 6337.13 | -0.618505 | -0.785781 | 0 | SCARH_Black | 1 | 169.286 | 261.43 | 0 | 1 | 1 | 0 | 0 | 0 | 0 | 1 | camera | target | -0.618505 | 0 | -0.785781 |
SCRIPT       : DATA_LOG | 1046667 | VEZjSxlcpgu1JLRUfHGLLLMsm0wqbyJ6fy2rl33V8jg= | 8330.12 | 6.51577 | 2984.18 | -0.00657957 | 0.997627 | 0 | none | -1 | 180 | 0 | 0.0685372 | 0 | 0 | 0 | 0 | 0 | 0 | 1 | camera | no_target | -0.00657957 | 0.0685372 | 0.99
SCRIPT       : DATA_LOG | 1047438 | aRapBi1cCZPZAGLIDny3dk3hQ8vTmNTLHRl8zxmKgQ0= | 2266.42 | 316.729 | 6333.8 | -0.618505 | -0.785781 | 0 | SCARH_Black | 1 | 169.421 | 265.638 | 0 | 1 | 1 | 0 | 0 | 0 | 0 | 1 | camera | target | -0.618505 | 0 | -0.785781 |
SCRIPT       : DATA_LOG | 1047458 | VEZjSxlcpgu1JLRUfHGLLLMsm0wqbyJ6fy2rl33V8jg= | 8330.12 | 6.51577 | 2984.18 | -0.00657957 | 0.997627 | 0 | none | -1 | 180 | 0 | 0.0685372 | 0 | 0 | 0 | 0 | 0 | 0 | 1 | camera | no_target | -0.00657957 | 0.0685372 | 0.99
SCRIPT       : DATA_LOG | 1048429 | aRapBi1cCZPZAGLIDny3dk3hQ8vTmNTLHRl8zxmKgQ0= | 2264.16 | 316.483 | 6330.94 | -0.618505 | -0.785781 | 0 | SCARH_Black | 1 | 169.535 | 269.236 | 0 | 1 | 1 | 0 | 0 | 0 | 0 | 1 | camera | target | -0.618505 | 0 | -0.785781 
SCRIPT       : DATA_LOG | 1048449 | VEZjSxlcpgu1JLRUfHGLLLMsm0wqbyJ6fy2rl33V8jg= | 8330.12 | 6.51577 | 2984.18 | -0.00657957 | 0.997627 | 0 | none | -1 | 180 | 0 | 0.0685372 | 0 | 0 | 0 | 0 | 0 | 0 | 1 | camera | no_target | -0.00657957 | 0.0685372 | 0.99
SCRIPT       : DATA_LOG | 1049439 | aRapBi1cCZPZAGLIDny3dk3hQ8vTmNTLHRl8zxmKgQ0= | 2261.73 | 316.268 | 6328.27 | -0.618505 | -0.785781 | 0 | SCARH_Black | 1 | 169.687 | 272.771 | 0 | 1 | 1 | 0 | 0 | 0 | 0 | 1 | camera | target | -0.618505 | 0 | -0.785781 
SCRIPT       : DATA_LOG | 1049468 | VEZjSxlcpgu1JLRUfHGLLLMsm0wqbyJ6fy2rl33V8jg= | 8330.12 | 6.51577 | 2984.18 | -0.00657957 | 0.997627 | 0 | none | -1 | 180 | 0 | 0.0685372 | 0 | 0 | 0 | 0 | 0 | 0 | 1 | camera | no_target | -0.00657957 | 0.0685372 | 0.99
SCRIPT       : DATA_LOG | 1050440 | aRapBi1cCZPZAGLIDny3dk3hQ8vTmNTLHRl8zxmKgQ0= | 2259.26 | 316.068 | 6325.68 | -0.618505 | -0.785781 | 0 | SCARH_Black | 1 | 169.851 | 276.231 | 0 | 1 | 1 | 0 | 0 | 0 | 0 | 1 | camera | target | -0.618505 | 0 | -0.785781 
SCRIPT       : DATA_LOG | 1050467 | VEZjSxlcpgu1JLRUfHGLLLMsm0wqbyJ6fy2rl33V8jg= | 8330.12 | 6.51577 | 2984.18 | -0.00657957 | 0.997627 | 0 | none | -1 | 180 | 0 | 0.0685372 | 0 | 0 | 0 | 0 | 0 | 0 | 1 | camera | no_target | -0.00657957 | 0.0685372 | 0.99
SCRIPT       : DATA_LOG | 1051434 | aRapBi1cCZPZAGLIDny3dk3hQ8vTmNTLHRl8zxmKgQ0= | 2257.23 | 315.833 | 6322.71 | -0.618505 | -0.785781 | 0 | SCARH_Black | 1 | 169.913 | 279.846 | 0 | 1 | 1 | 0 | 0 | 0 | 0 | 1 | camera | target | -0.618505 | 0 | -0.785781 
SCRIPT       : DATA_LOG | 1051459 | VEZjSxlcpgu1JLRUfHGLLLMsm0wqbyJ6fy2rl33V8jg= | 8330.12 | 6.51577 | 2984.18 | -0.00657957 | 0.997627 | 0 | none | -1 | 180 | 0 | 0.0685372 | 0 | 0 | 0 | 0 | 0 | 0 | 1 | camera | no_target | -0.00657957 | 0.0685372 | 0.99
SCRIPT       : DATA_LOG | 1052439 | aRapBi1cCZPZAGLIDny3dk3hQ8vTmNTLHRl8zxmKgQ0= | 2255.29 | 315.609 | 6319.69 | -0.618505 | -0.785781 | 0 | SCARH_Black | 1 | 169.959 | 283.425 | 0 | 1 | 1 | 0 | 0 | 0 | 0 | 1 | camera | target | -0.618505 | 0 | -0.785781 
SCRIPT       : DATA_LOG | 1052458 | VEZjSxlcpgu1JLRUfHGLLLMsm0wqbyJ6fy2rl33V8jg= | 8330.12 | 6.51577 | 2984.18 | -0.00657957 | 0.997627 | 0 | none | -1 | 180 | 0 | 0.0685372 | 0 | 0 | 0 | 0 | 0 | 0 | 1 | camera | no_target | -0.00657957 | 0.0685372 | 0.99
SCRIPT       : DATA_LOG | 1053449 | aRapBi1cCZPZAGLIDny3dk3hQ8vTmNTLHRl8zxmKgQ0= | 2253.11 | 315.397 | 6316.8 | -0.618505 | -0.785781 | 0 | SCARH_Black | 0 | 170.047 | 287.031 | 0 | 1 | 1 | 0 | 0 | 0 | 0 | 1 | camera | TreeHard_t_FagusSylvatica_2s | -0.61
SCRIPT       : DATA_LOG | 1053468 | VEZjSxlcpgu1JLRUfHGLLLMsm0wqbyJ6fy2rl33V8jg= | 8330.12 | 6.51577 | 2984.18 | -0.00657957 | 0.997627 | 0 | none | -1 | 180 | 0 | 0.0685372 | 0 | 0 | 0 | 0 | 0 | 0 | 1 | camera | no_target | -0.00657957 | 0.0685372 | 0.99
SCRIPT       : DATA_LOG | 1054472 | aRapBi1cCZPZAGLIDny3dk3hQ8vTmNTLHRl8zxmKgQ0= | 2251.26 | 315.189 | 6313.76 | -0.618505 | -0.785781 | 0 | SCARH_Black | 0 | 170.078 | 290.592 | 0 | 1 | 1 | 0 | 0 | 0 | 0 | 1 | camera | TreeHard_t_FagusSylvatica_2s | -0.6
SCRIPT       : DATA_LOG | 1054492 | VEZjSxlcpgu1JLRUfHGLLLMsm0wqbyJ6fy2rl33V8jg= | 8330.12 | 6.51577 | 2984.18 | -0.00657957 | 0.997627 | 0 | none | -1 | 180 | 0 | 0.0685372 | 0 | 0 | 0 | 0 | 0 | 0 | 1 | camera | no_target | -0.00657957 | 0.0685372 | 0.99
SCRIPT       : DATA_LOG | 1055473 | aRapBi1cCZPZAGLIDny3dk3hQ8vTmNTLHRl8zxmKgQ0= | 2249.11 | 315.003 | 6310.76 | -0.618505 | -0.785781 | 0 | SCARH_Black | 0 | 170.155 | 294.26 | 0 | 1 | 1 | 0 | 0 | 0 | 0 | 1 | camera | TreeHard_t_FagusSylvatica_2s | -0.61
SCRIPT       : DATA_LOG | 1055495 | VEZjSxlcpgu1JLRUfHGLLLMsm0wqbyJ6fy2rl33V8jg= | 8330.12 | 6.51577 | 2984.18 | -0.00657957 | 0.997627 | 0 | none | -1 | 180 | 0 | 0.0685372 | 0 | 0 | 0 | 0 | 0 | 0 | 1 | camera | no_target | -0.00657957 | 0.0685372 | 0.99
SCRIPT       : DATA_LOG | 1056480 | aRapBi1cCZPZAGLIDny3dk3hQ8vTmNTLHRl8zxmKgQ0= | 2246.79 | 314.831 | 6307.94 | -0.618505 | -0.785781 | 0 | SCARH_Black | 1 | 170.267 | 297.87 | 0 | 1 | 1 | 0 | 0 | 0 | 0 | 1 | camera | target | -0.618505 | 0 | -0.785781 |
SCRIPT       : DATA_LOG | 1056504 | VEZjSxlcpgu1JLRUfHGLLLMsm0wqbyJ6fy2rl33V8jg= | 8330.12 | 6.51577 | 2984.18 | -0.00657957 | 0.997627 | 0 | none | -1 | 180 | 0 | 0.0685372 | 0 | 0 | 0 | 0 | 0 | 0 | 1 | camera | no_target | -0.00657957 | 0.0685372 | 0.99
SCRIPT       : DATA_LOG | 1057588 | aRapBi1cCZPZAGLIDny3dk3hQ8vTmNTLHRl8zxmKgQ0= | 2246.26 | 314.795 | 6307.27 | -0.618505 | -0.785781 | 0 | SCARH_Black | 1 | 170.29 | 298.693 | 0 | 1 | 1 | 0 | 0 | 0 | 0 | 1 | camera | target | -0.618505 | 0 | -0.785781 |
SCRIPT       : DATA_LOG | 1057604 | VEZjSxlcpgu1JLRUfHGLLLMsm0wqbyJ6fy2rl33V8jg= | 8330.12 | 6.51577 | 2984.18 | -0.00657957 | 0.997627 | 0 | none | -1 | 180 | 0 | 0.0685372 | 0 | 0 | 0 | 0 | 0 | 0 | 1 | camera | no_target | -0.00657957 | 0.0685372 | 0.99
SCRIPT       : DATA_LOG | 1058600 | aRapBi1cCZPZAGLIDny3dk3hQ8vTmNTLHRl8zxmKgQ0= | 2244.7 | 314.734 | 6305.87 | -0.65552 | -0.755178 | 0 | SCARH_Black | 1 | 168.104 | 300.704 | 0 | 1 | 1 | 0 | 0 | 0 | 0 | 1 | camera | target | -0.65552 | 0 | -0.755178 | -
SCRIPT       : DATA_LOG | 1058622 | VEZjSxlcpgu1JLRUfHGLLLMsm0wqbyJ6fy2rl33V8jg= | 8330.12 | 6.51577 | 2984.18 | -0.00657957 | 0.997627 | 0 | none | -1 | 180 | 0 | 0.0685372 | 0 | 0 | 0 | 0 | 0 | 0 | 1 | camera | no_target | -0.00657957 | 0.0685372 | 0.99
SCRIPT       : DATA_LOG | 1059787 | aRapBi1cCZPZAGLIDny3dk3hQ8vTmNTLHRl8zxmKgQ0= | 2241.81 | 314.656 | 6303.68 | -0.316686 | -0.948531 | 0 | SCARH_Black | 1 | 166.363 | 304.048 | 0 | 1 | 1 | 0 | 0 | 0 | 0 | 1 | camera | target | -0.316686 | 0 | -0.948531 
SCRIPT       : DATA_LOG | 1059811 | VEZjSxlcpgu1JLRUfHGLLLMsm0wqbyJ6fy2rl33V8jg= | 8330.12 | 6.51577 | 2984.18 | -0.00657957 | 0.997627 | 0 | none | -1 | 180 | 0 | 0.0685372 | 0 | 0 | 0 | 0 | 0 | 0 | 1 | camera | no_target | -0.00657957 | 0.0685372 | 0.99
SCRIPT       : DATA_LOG | 1060602 | aRapBi1cCZPZAGLIDny3dk3hQ8vTmNTLHRl8zxmKgQ0= | 2239.57 | 314.559 | 6301.18 | 0.0348835 | -0.999391 | 0 | SCARH_Black | 1 | 146.607 | 307.345 | 0 | 1 | 1 | 0 | 0 | 0 | 0 | 1 | camera | target | 0.0348835 | 0 | -0.999391 
SCRIPT       : DATA_LOG | 1060624 | VEZjSxlcpgu1JLRUfHGLLLMsm0wqbyJ6fy2rl33V8jg= | 8330.12 | 6.51577 | 2984.18 | -0.00657957 | 0.997627 | 0 | none | -1 | 180 | 0 | 0.0685372 | 0 | 0 | 0 | 0 | 0 | 0 | 1 | camera | no_target | -0.00657957 | 0.0685372 | 0.99
SCRIPT       : DATA_LOG | 1061605 | aRapBi1cCZPZAGLIDny3dk3hQ8vTmNTLHRl8zxmKgQ0= | 2237.22 | 314.494 | 6298.52 | -0.747856 | -0.66386 | 0 | SCARH_Black | 1 | 161.787 | 310.83 | 0 | 1 | 1 | 0 | 0 | 0 | 0 | 1 | camera | target | -0.747856 | 0 | -0.66386 | -
SCRIPT       : DATA_LOG | 1061626 | VEZjSxlcpgu1JLRUfHGLLLMsm0wqbyJ6fy2rl33V8jg= | 8330.12 | 6.51577 | 2984.18 | -0.00657957 | 0.997627 | 0 | none | -1 | 180 | 0 | 0.0685372 | 0 | 0 | 0 | 0 | 0 | 0 | 1 | camera | no_target | -0.00657957 | 0.0685372 | 0.99
SCRIPT       : DATA_LOG | 1062604 | aRapBi1cCZPZAGLIDny3dk3hQ8vTmNTLHRl8zxmKgQ0= | 2235.51 | 314.476 | 6296.04 | 0.997801 | 0.0662781 | 0 | SCARH_Black | 1 | 55.2848 | 313.813 | 0 | 1 | 1 | 0 | 0 | 0 | 0 | 1 | camera | none | 0.997801 | 0 | 0.0662781 | 0.
SCRIPT       : DATA_LOG | 1062624 | VEZjSxlcpgu1JLRUfHGLLLMsm0wqbyJ6fy2rl33V8jg= | 8330.12 | 6.51577 | 2984.18 | -0.00657957 | 0.997627 | 0 | none | -1 | 180 | 0 | 0.0685372 | 0 | 0 | 0 | 0 | 0 | 0 | 1 | camera | no_target | -0.00657957 | 0.0685372 | 0.99
SCRIPT       : DATA_LOG | 1063602 | aRapBi1cCZPZAGLIDny3dk3hQ8vTmNTLHRl8zxmKgQ0= | 2234.78 | 314.447 | 6293.48 | 0.696126 | 0.71792 | 0 | SCARH_Black | 1 | 14.2585 | 316.39 | 0 | 1 | 1 | 0 | 0 | 0 | 0 | 1 | camera | target | 0.696126 | 0 | 0.71792 | 0.696
SCRIPT       : DATA_LOG | 1063619 | VEZjSxlcpgu1JLRUfHGLLLMsm0wqbyJ6fy2rl33V8jg= | 8330.12 | 6.51577 | 2984.18 | -0.00657957 | 0.997627 | 0 | none | -1 | 180 | 0 | 0.0685372 | 0 | 0 | 0 | 0 | 0 | 0 | 1 | camera | no_target | -0.00657957 | 0.0685372 | 0.99
SCRIPT       : DATA_LOG | 1064605 | aRapBi1cCZPZAGLIDny3dk3hQ8vTmNTLHRl8zxmKgQ0= | 2232.27 | 314.423 | 6291.94 | 0.0410485 | 0.999157 | 0 | SCARH_Black | 1 | 29.3581 | 318.969 | 0 | 1 | 1 | 0 | 0 | 0 | 0 | 1 | camera | target | 0.0410485 | 0 | 0.999157 | 
SCRIPT       : DATA_LOG | 1064626 | VEZjSxlcpgu1JLRUfHGLLLMsm0wqbyJ6fy2rl33V8jg= | 8330.12 | 6.51577 | 2984.18 | -0.00657957 | 0.997627 | 0 | none | -1 | 180 | 0 | 0.0685372 | 0 | 0 | 0 | 0 | 0 | 0 | 1 | camera | no_target | -0.00657957 | 0.0685372 | 0.99
SCRIPT       : DATA_LOG | 1065616 | aRapBi1cCZPZAGLIDny3dk3hQ8vTmNTLHRl8zxmKgQ0= | 2229.05 | 314.447 | 6292.4 | -0.363503 | 0.931593 | 0 | SCARH_Black | 1 | 53.2789 | 320.264 | 0 | 1 | 1 | 0 | 0 | 0 | 0 | 1 | camera | target | -0.363503 | 0 | 0.931593 | -
SCRIPT       : DATA_LOG | 1065641 | VEZjSxlcpgu1JLRUfHGLLLMsm0wqbyJ6fy2rl33V8jg= | 8330.12 | 6.51577 | 2984.18 | -0.00657957 | 0.997627 | 0 | none | -1 | 180 | 0 | 0.0685372 | 0 | 0 | 0 | 0 | 0 | 0 | 1 | camera | no_target | -0.00657957 | 0.0685372 | 0.99
SCRIPT       : DATA_LOG | 1066606 | aRapBi1cCZPZAGLIDny3dk3hQ8vTmNTLHRl8zxmKgQ0= | 2227.03 | 314.471 | 6294.85 | 0.557331 | 0.830291 | 0 | SCARH_Black | 1 | 5.7564 | 319.263 | 0 | 1 | 1 | 0 | 0 | 0 | 0 | 1 | camera | target | 0.557331 | 0 | 0.830291 | 0.5
SCRIPT       : DATA_LOG | 1066627 | VEZjSxlcpgu1JLRUfHGLLLMsm0wqbyJ6fy2rl33V8jg= | 8330.12 | 6.51577 | 2984.18 | -0.00657957 | 0.997627 | 0 | none | -1 | 180 | 0 | 0.0685372 | 0 | 0 | 0 | 0 | 0 | 0 | 1 | camera | no_target | -0.00657957 | 0.0685372 | 0.99
SCRIPT       : DATA_LOG | 1067864 | aRapBi1cCZPZAGLIDny3dk3hQ8vTmNTLHRl8zxmKgQ0= | 2224.34 | 314.466 | 6296.57 | 0.496269 | 0.868169 | 0 | SCARH_Black | 1 | 6.36107 | 319.26 | 0 | 1 | 1 | 0 | 0 | 0 | 0 | 1 | camera | target | 0.496269 | 0 | 0.868169 | 0.4
SCRIPT       : DATA_LOG | 1067882 | VEZjSxlcpgu1JLRUfHGLLLMsm0wqbyJ6fy2rl33V8jg= | 8330.12 | 6.51577 | 2984.18 | -0.00657957 | 0.997627 | 0 | none | -1 | 180 | 0 | 0.0685372 | 0 | 0 | 0 | 0 | 0 | 0 | 1 | camera | no_target | -0.00657957 | 0.0685372 | 0.99
SCRIPT       : DATA_LOG | 1068877 | aRapBi1cCZPZAGLIDny3dk3hQ8vTmNTLHRl8zxmKgQ0= | 2220.77 | 314.458 | 6298.3 | 0.524617 | 0.851338 | 0 | SCARH_Black | 1 | 5.86572 | 319.775 | 0 | 1 | 1 | 0 | 0 | 0 | 0 | 1 | camera | target | 0.524617 | 0 | 0.851338 | 0.5
SCRIPT       : DATA_LOG | 1068898 | VEZjSxlcpgu1JLRUfHGLLLMsm0wqbyJ6fy2rl33V8jg= | 8330.12 | 6.51577 | 2984.18 | -0.00657957 | 0.997627 | 0 | none | -1 | 180 | 0 | 0.0685372 | 0 | 0 | 0 | 0 | 0 | 0 | 1 | camera | no_target | -0.00657957 | 0.0685372 | 0.99
SCRIPT       : DATA_LOG | 1069874 | aRapBi1cCZPZAGLIDny3dk3hQ8vTmNTLHRl8zxmKgQ0= | 2219.23 | 314.456 | 6299.3 | 0.547843 | 0.836581 | 1 | SCARH_Black | 1 | 5.57816 | 319.789 | 0 | 1 | 1 | 0 | 0 | 0 | 1 | 1 | camera | target | 0.547843 | 0 | 0.836581 | 0.5
SCRIPT       : DATA_LOG | 1069892 | VEZjSxlcpgu1JLRUfHGLLLMsm0wqbyJ6fy2rl33V8jg= | 8330.12 | 6.51577 | 2984.18 | -0.00657957 | 0.997627 | 0 | none | -1 | 180 | 0 | 0.0685372 | 0 | 0 | 0 | 0 | 0 | 0 | 1 | camera | no_target | -0.00657957 | 0.0685372 | 0.99
SCRIPT       : DATA_LOG | 1070870 | aRapBi1cCZPZAGLIDny3dk3hQ8vTmNTLHRl8zxmKgQ0= | 2218.57 | 314.456 | 6299.73 | 0.54213 | 0.840295 | 1 | SCARH_Black | 1 | 5.66849 | 319.814 | 0 | 1 | 1 | 0 | 0 | 0 | 1 | 1 | camera | target | 0.54213 | 0 | 0.840295 | 0.54
SCRIPT       : DATA_LOG | 1070888 | VEZjSxlcpgu1JLRUfHGLLLMsm0wqbyJ6fy2rl33V8jg= | 8330.12 | 6.51577 | 2984.18 | -0.00657957 | 0.997627 | 0 | none | -1 | 180 | 0 | 0.0685372 | 0 | 0 | 0 | 0 | 0 | 0 | 1 | camera | no_target | -0.00657957 | 0.0685372 | 0.99
SCRIPT       : DATA_LOG | 1071918 | aRapBi1cCZPZAGLIDny3dk3hQ8vTmNTLHRl8zxmKgQ0= | 2217.1 | 314.459 | 6300.66 | 0.53356 | 0.845762 | 0 | SCARH_Black | 1 | 5.92702 | 319.855 | 0 | 1 | 1 | 0 | 0 | 0 | 0 | 1 | camera | target | 0.53356 | 0 | 0.845762 | 0.533
SCRIPT       : DATA_LOG | 1071936 | VEZjSxlcpgu1JLRUfHGLLLMsm0wqbyJ6fy2rl33V8jg= | 8330.12 | 6.51577 | 2984.18 | -0.00657957 | 0.997627 | 0 | none | -1 | 180 | 0 | 0.0685372 | 0 | 0 | 0 | 0 | 0 | 0 | 1 | camera | no_target | -0.00657957 | 0.0685372 | 0.99
SCRIPT       : DATA_LOG | 1072878 | aRapBi1cCZPZAGLIDny3dk3hQ8vTmNTLHRl8zxmKgQ0= | 2214.76 | 314.468 | 6302.13 | 0.534188 | 0.845365 | 1 | SCARH_Black | 1 | 6.10072 | 319.977 | 0 | 1 | 1 | 0 | 0 | 0 | 1 | 1 | camera | target | 0.534188 | 0 | 0.845365 | 0.
SCRIPT       : DATA_LOG | 1072900 | VEZjSxlcpgu1JLRUfHGLLLMsm0wqbyJ6fy2rl33V8jg= | 8330.12 | 6.51577 | 2984.18 | -0.00657957 | 0.997627 | 0 | none | -1 | 180 | 0 | 0.0685372 | 0 | 0 | 0 | 0 | 0 | 0 | 1 | camera | no_target | -0.00657957 | 0.0685372 | 0.99
SCRIPT       : DATA_LOG | 1073880 | aRapBi1cCZPZAGLIDny3dk3hQ8vTmNTLHRl8zxmKgQ0= | 2214.76 | 314.468 | 6302.13 | 0.534188 | 0.845365 | 1 | SCARH_Black | 1 | 6.1004 | 319.984 | 0 | 1 | 1 | 0 | 0 | 0 | 1 | 1 | camera | target | 0.534188 | 0 | 0.845365 | 0.5
SCRIPT       : DATA_LOG | 1073901 | VEZjSxlcpgu1JLRUfHGLLLMsm0wqbyJ6fy2rl33V8jg= | 8330.12 | 6.51577 | 2984.18 | -0.00657957 | 0.997627 | 0 | none | -1 | 180 | 0 | 0.0685372 | 0 | 0 | 0 | 0 | 0 | 0 | 1 | camera | no_target | -0.00657957 | 0.0685372 | 0.99
SCRIPT       : DATA_LOG | 1074879 | aRapBi1cCZPZAGLIDny3dk3hQ8vTmNTLHRl8zxmKgQ0= | 2214.76 | 314.468 | 6302.13 | 0.534188 | 0.845365 | 0 | SCARH_Black | 1 | 6.10059 | 319.982 | 0 | 1 | 1 | 0 | 0 | 0 | 0 | 1 | camera | target | 0.534188 | 0 | 0.845365 | 0.
SCRIPT       : DATA_LOG | 1074903 | VEZjSxlcpgu1JLRUfHGLLLMsm0wqbyJ6fy2rl33V8jg= | 8330.12 | 6.51577 | 2984.18 | -0.00657957 | 0.997627 | 0 | none | -1 | 180 | 0 | 0.0685372 | 0 | 0 | 0 | 0 | 0 | 0 | 1 | camera | no_target | -0.00657957 | 0.0685372 | 0.99
SCRIPT       : DATA_LOG | 1075880 | aRapBi1cCZPZAGLIDny3dk3hQ8vTmNTLHRl8zxmKgQ0= | 2214.76 | 314.468 | 6302.13 | 0.534188 | 0.845365 | 0 | SCARH_Black | 1 | 6.1005 | 319.988 | 0 | 1 | 1 | 0 | 0 | 0 | 0 | 1 | camera | target | 0.534188 | 0 | 0.845365 | 0.5
SCRIPT       : DATA_LOG | 1075902 | VEZjSxlcpgu1JLRUfHGLLLMsm0wqbyJ6fy2rl33V8jg= | 8330.12 | 6.51577 | 2984.18 | -0.00657957 | 0.997627 | 0 | none | -1 | 180 | 0 | 0.0685372 | 0 | 0 | 0 | 0 | 0 | 0 | 1 | camera | no_target | -0.00657957 | 0.0685372 | 0.99
SCRIPT       : DATA_LOG | 1076883 | aRapBi1cCZPZAGLIDny3dk3hQ8vTmNTLHRl8zxmKgQ0= | 2214.76 | 314.468 | 6302.13 | -0.712993 | 0.701171 | 0 | SCARH_Black | 1 | 80.398 | 319.98 | 0 | 1 | 1 | 0 | 0 | 0 | 0 | 1 | camera | target | -0.712993 | 0 | 0.701171 | -0
SCRIPT       : DATA_LOG | 1076905 | VEZjSxlcpgu1JLRUfHGLLLMsm0wqbyJ6fy2rl33V8jg= | 8330.12 | 6.51577 | 2984.18 | -0.00657957 | 0.997627 | 0 | none | -1 | 180 | 0 | 0.0685372 | 0 | 0 | 0 | 0 | 0 | 0 | 1 | camera | no_target | -0.00657957 | 0.0685372 | 0.99
SCRIPT       : DATA_LOG | 1077884 | aRapBi1cCZPZAGLIDny3dk3hQ8vTmNTLHRl8zxmKgQ0= | 2214.76 | 314.468 | 6302.13 | -0.715902 | 0.698201 | 0 | SCARH_Black | 1 | 80.6341 | 319.988 | 0 | 1 | 1 | 0 | 0 | 0 | 0 | 1 | camera | target | -0.715902 | -0 | 0.698201 |
SCRIPT       : DATA_LOG | 1077905 | VEZjSxlcpgu1JLRUfHGLLLMsm0wqbyJ6fy2rl33V8jg= | 8330.12 | 6.51577 | 2984.18 | -0.00657957 | 0.997627 | 0 | none | -1 | 180 | 0 | 0.0685372 | 0 | 0 | 0 | 0 | 0 | 0 | 1 | camera | no_target | -0.00657957 | 0.0685372 | 0.99
SCRIPT       : DATA_LOG | 1078882 | aRapBi1cCZPZAGLIDny3dk3hQ8vTmNTLHRl8zxmKgQ0= | 2214.76 | 314.468 | 6302.13 | 0.86902 | 0.494776 | 0 | SCARH_Black | 1 | 26.0259 | 319.976 | 0 | 1 | 1 | 0 | 0 | 0 | 0 | 1 | camera | target | 0.86902 | 0 | 0.494776 | 0.86
SCRIPT       : DATA_LOG | 1078901 | VEZjSxlcpgu1JLRUfHGLLLMsm0wqbyJ6fy2rl33V8jg= | 8330.12 | 6.51577 | 2984.18 | -0.00657957 | 0.997627 | 0 | none | -1 | 180 | 0 | 0.0685372 | 0 | 0 | 0 | 0 | 0 | 0 | 1 | camera | no_target | -0.00657957 | 0.0685372 | 0.99
SCRIPT       : DATA_LOG | 1079926 | aRapBi1cCZPZAGLIDny3dk3hQ8vTmNTLHRl8zxmKgQ0= | 2214.62 | 314.491 | 6303.72 | 0.998908 | 0.0467118 | 0 | SCARH_Black | 0 | 52.4716 | 318.756 | 0 | 1 | 1 | 0 | 0 | 0 | 0 | 1 | camera | TreeHard_t_naked_2s | 0.998908 | 0 |
SCRIPT       : DATA_LOG | 1079946 | VEZjSxlcpgu1JLRUfHGLLLMsm0wqbyJ6fy2rl33V8jg= | 8330.12 | 6.51577 | 2984.18 | -0.00657957 | 0.997627 | 0 | none | -1 | 180 | 0 | 0.0685372 | 0 | 0 | 0 | 0 | 0 | 0 | 1 | camera | no_target | -0.00657957 | 0.0685372 | 0.99
SCRIPT       : DATA_LOG | 1080888 | aRapBi1cCZPZAGLIDny3dk3hQ8vTmNTLHRl8zxmKgQ0= | 2214.37 | 314.547 | 6306.87 | 0.887146 | 0.46149 | 0 | SCARH_Black | 1 | 27.6182 | 316.346 | 0 | 1 | 1 | 0 | 0 | 0 | 0 | 1 | camera | target | 0.887146 | 0 | 0.46149 | 0.88
SCRIPT       : DATA_LOG | 1080911 | VEZjSxlcpgu1JLRUfHGLLLMsm0wqbyJ6fy2rl33V8jg= | 8330.12 | 6.51577 | 2984.18 | -0.00657957 | 0.997627 | 0 | none | -1 | 180 | 0 | 0.0685372 | 0 | 0 | 0 | 0 | 0 | 0 | 1 | camera | no_target | -0.00657957 | 0.0685372 | 0.99
SCRIPT       : DATA_LOG | 1081890 | aRapBi1cCZPZAGLIDny3dk3hQ8vTmNTLHRl8zxmKgQ0= | 2214.08 | 314.557 | 6307.45 | 0.626141 | -0.77971 | 0 | SCARH_Black | 1 | 105.63 | 316.03 | 0 | 1 | 1 | 0 | 0 | 0 | 0 | 1 | camera | none | 0.626141 | 0 | -0.77971 | 0.6261
SCRIPT       : DATA_LOG | 1081915 | VEZjSxlcpgu1JLRUfHGLLLMsm0wqbyJ6fy2rl33V8jg= | 8330.12 | 6.51577 | 2984.18 | -0.00657957 | 0.997627 | 0 | none | -1 | 180 | 0 | 0.0685372 | 0 | 0 | 0 | 0 | 0 | 0 | 1 | camera | no_target | -0.00657957 | 0.0685372 | 0.99
SCRIPT       : DATA_LOG | 1082889 | aRapBi1cCZPZAGLIDny3dk3hQ8vTmNTLHRl8zxmKgQ0= | 2214.08 | 314.557 | 6307.45 | 0.626141 | -0.77971 | 0 | SCARH_Black | 1 | 105.629 | 316.038 | 0 | 1 | 1 | 0 | 0 | 0 | 0 | 1 | camera | target | 0.626141 | 0 | -0.77971 | 0.
SCRIPT       : DATA_LOG | 1082909 | VEZjSxlcpgu1JLRUfHGLLLMsm0wqbyJ6fy2rl33V8jg= | 8330.12 | 6.51577 | 2984.18 | -0.00657957 | 0.997627 | 0 | none | -1 | 180 | 0 | 0.0685372 | 0 | 0 | 0 | 0 | 0 | 0 | 1 | camera | no_target | -0.00657957 | 0.0685372 | 0.99
SCRIPT       : DATA_LOG | 1083972 | aRapBi1cCZPZAGLIDny3dk3hQ8vTmNTLHRl8zxmKgQ0= | 2214.08 | 314.557 | 6307.45 | 0.626141 | -0.77971 | 0 | none | 1 | 105.629 | 316.035 | 0 | 1 | 1 | 0 | 0 | 0 | 0 | 1 | camera | target | 0.626141 | 0 | -0.77971 | 0.626141 
SCRIPT       : DATA_LOG | 1083987 | VEZjSxlcpgu1JLRUfHGLLLMsm0wqbyJ6fy2rl33V8jg= | 8330.12 | 6.51577 | 2984.18 | -0.00657957 | 0.997627 | 0 | none | -1 | 180 | 0 | 0.0685372 | 0 | 0 | 0 | 0 | 0 | 0 | 1 | camera | no_target | -0.00657957 | 0.0685372 | 0.99
SCRIPT       : DATA_LOG | 1084976 | aRapBi1cCZPZAGLIDny3dk3hQ8vTmNTLHRl8zxmKgQ0= | 2214.75 | 314.692 | 6310.93 | 0.200702 | 0.979652 | 1 | Engraved1911 | 1 | 24.8271 | 312.826 | 0 | 1 | 1 | 0 | 0 | 0 | 0 | 1 | camera | target | 0.200702 | 0 | 0.979652 | 0
SCRIPT       : DATA_LOG | 1084998 | VEZjSxlcpgu1JLRUfHGLLLMsm0wqbyJ6fy2rl33V8jg= | 8330.12 | 6.51577 | 2984.18 | -0.00657957 | 0.997627 | 0 | none | -1 | 180 | 0 | 0.0685372 | 0 | 0 | 0 | 0 | 0 | 0 | 1 | camera | no_target | -0.00657957 | 0.0685372 | 0.99
SCRIPT       : DATA_LOG | 1085975 | aRapBi1cCZPZAGLIDny3dk3hQ8vTmNTLHRl8zxmKgQ0= | 2214.72 | 314.693 | 6310.97 | 0.200702 | 0.979652 | 1 | Engraved1911 | 1 | 24.8345 | 312.801 | 0 | 1 | 1 | 0 | 0 | 0 | 0 | 1 | camera | target | 0.200702 | 0 | 0.979652 | 0
SCRIPT       : DATA_LOG | 1085996 | VEZjSxlcpgu1JLRUfHGLLLMsm0wqbyJ6fy2rl33V8jg= | 8330.12 | 6.51577 | 2984.18 | -0.00657957 | 0.997627 | 0 | none | -1 | 180 | 0 | 0.0685372 | 0 | 0 | 0 | 0 | 0 | 0 | 1 | camera | no_target | -0.00657957 | 0.0685372 | 0.99
SCRIPT       : DATA_LOG | 1086974 | aRapBi1cCZPZAGLIDny3dk3hQ8vTmNTLHRl8zxmKgQ0= | 2214.72 | 314.693 | 6310.97 | 0.200702 | 0.979652 | 0 | Engraved1911 | 1 | 24.8352 | 312.795 | 0 | 1 | 1 | 0 | 0 | 0 | 0 | 1 | camera | none | 0.200702 | 0 | 0.979652 | 0.2
SCRIPT       : DATA_LOG | 1086993 | VEZjSxlcpgu1JLRUfHGLLLMsm0wqbyJ6fy2rl33V8jg= | 8330.12 | 6.51577 | 2984.18 | -0.00657957 | 0.997627 | 0 | none | -1 | 180 | 0 | 0.0685372 | 0 | 0 | 0 | 0 | 0 | 0 | 1 | camera | no_target | -0.00657957 | 0.0685372 | 0.99
SCRIPT       : DATA_LOG | 1087978 | aRapBi1cCZPZAGLIDny3dk3hQ8vTmNTLHRl8zxmKgQ0= | 2214.72 | 314.693 | 6310.97 | 0.200702 | 0.979652 | 0 | Engraved1911 | 1 | 24.8344 | 312.809 | 0 | 1 | 1 | 0 | 0 | 0 | 0 | 1 | camera | target | 0.200702 | 0 | 0.979652 | 0
SCRIPT       : DATA_LOG | 1087997 | VEZjSxlcpgu1JLRUfHGLLLMsm0wqbyJ6fy2rl33V8jg= | 8330.12 | 6.51577 | 2984.18 | -0.00657957 | 0.997627 | 0 | none | -1 | 180 | 0 | 0.0685372 | 0 | 0 | 0 | 0 | 0 | 0 | 1 | camera | no_target | -0.00657957 | 0.0685372 | 0.99
SCRIPT       : DATA_LOG | 1088983 | aRapBi1cCZPZAGLIDny3dk3hQ8vTmNTLHRl8zxmKgQ0= | 2214.72 | 314.693 | 6310.97 | 0.200702 | 0.979652 | 0 | SCARH_Black | 1 | 24.8347 | 312.801 | 0 | 1 | 1 | 0 | 0 | 0 | 0 | 1 | camera | target | 0.200702 | 0 | 0.979652 | 0.
SCRIPT       : DATA_LOG | 1089008 | VEZjSxlcpgu1JLRUfHGLLLMsm0wqbyJ6fy2rl33V8jg= | 8330.12 | 6.51577 | 2984.18 | -0.00657957 | 0.997627 | 0 | none | -1 | 180 | 0 | 0.0685372 | 0 | 0 | 0 | 0 | 0 | 0 | 1 | camera | no_target | -0.00657957 | 0.0685372 | 0.99
SCRIPT       : DATA_LOG | 1090109 | aRapBi1cCZPZAGLIDny3dk3hQ8vTmNTLHRl8zxmKgQ0= | 2214.72 | 314.693 | 6310.97 | 0.200702 | 0.979652 | 0 | SCARH_Black | 1 | 24.8349 | 312.811 | 0 | 1 | 1 | 0 | 0 | 0 | 0 | 1 | camera | target | 0.200702 | 0 | 0.979652 | 0.
SCRIPT       : DATA_LOG | 1090130 | VEZjSxlcpgu1JLRUfHGLLLMsm0wqbyJ6fy2rl33V8jg= | 8330.12 | 6.51577 | 2984.18 | -0.00657957 | 0.997627 | 0 | none | -1 | 180 | 0 | 0.0685372 | 0 | 0 | 0 | 0 | 0 | 0 | 1 | camera | no_target | -0.00657957 | 0.0685372 | 0.99
SCRIPT       : DATA_LOG | 1091114 | aRapBi1cCZPZAGLIDny3dk3hQ8vTmNTLHRl8zxmKgQ0= | 2214.72 | 314.693 | 6310.97 | 0.200702 | 0.979652 | 0 | SCARH_Black | 1 | 24.8354 | 312.806 | 0 | 1 | 1 | 0 | 0 | 0 | 0 | 1 | camera | target | 0.200702 | 0 | 0.979652 | 0.
SCRIPT       : DATA_LOG | 1091141 | VEZjSxlcpgu1JLRUfHGLLLMsm0wqbyJ6fy2rl33V8jg= | 8330.12 | 6.51577 | 2984.18 | -0.00657957 | 0.997627 | 0 | none | -1 | 180 | 0 | 0.0685372 | 0 | 0 | 0 | 0 | 0 | 0 | 1 | camera | no_target | -0.00657957 | 0.0685372 | 0.99
SCRIPT       : DATA_LOG | 1092115 | aRapBi1cCZPZAGLIDny3dk3hQ8vTmNTLHRl8zxmKgQ0= | 2214.72 | 314.693 | 6310.97 | 0.200702 | 0.979652 | 0 | SCARH_Black | 1 | 24.835 | 312.808 | 0 | 1 | 1 | 0 | 0 | 0 | 0 | 1 | camera | target | 0.200702 | 0 | 0.979652 | 0.2
SCRIPT       : DATA_LOG | 1092134 | VEZjSxlcpgu1JLRUfHGLLLMsm0wqbyJ6fy2rl33V8jg= | 8330.12 | 6.51577 | 2984.18 | -0.00657957 | 0.997627 | 0 | none | -1 | 180 | 0 | 0.0685372 | 0 | 0 | 0 | 0 | 0 | 0 | 1 | camera | no_target | -0.00657957 | 0.0685372 | 0.99
SCRIPT       : DATA_LOG | 1093109 | aRapBi1cCZPZAGLIDny3dk3hQ8vTmNTLHRl8zxmKgQ0= | 2214.72 | 314.693 | 6310.97 | 0.200702 | 0.979652 | 0 | SCARH_Black | 1 | 24.8344 | 312.805 | 0 | 1 | 1 | 0 | 0 | 0 | 0 | 1 | camera | target | 0.200702 | 0 | 0.979652 | 0.
SCRIPT       : DATA_LOG | 1093131 | VEZjSxlcpgu1JLRUfHGLLLMsm0wqbyJ6fy2rl33V8jg= | 8330.12 | 6.51577 | 2984.18 | -0.00657957 | 0.997627 | 0 | none | -1 | 180 | 0 | 0.0685372 | 0 | 0 | 0 | 0 | 0 | 0 | 1 | camera | no_target | -0.00657957 | 0.0685372 | 0.99
SCRIPT       : DATA_LOG | 1094109 | aRapBi1cCZPZAGLIDny3dk3hQ8vTmNTLHRl8zxmKgQ0= | 2214.72 | 314.693 | 6310.97 | 0.200702 | 0.979652 | 0 | SCARH_Black | 1 | 24.8353 | 312.793 | 0 | 1 | 1 | 0 | 0 | 0 | 0 | 1 | camera | none | 0.200702 | 0 | 0.979652 | 0.20
SCRIPT       : DATA_LOG | 1094128 | VEZjSxlcpgu1JLRUfHGLLLMsm0wqbyJ6fy2rl33V8jg= | 8330.12 | 6.51577 | 2984.18 | -0.00657957 | 0.997627 | 0 | none | -1 | 180 | 0 | 0.0685372 | 0 | 0 | 0 | 0 | 0 | 0 | 1 | camera | no_target | -0.00657957 | 0.0685372 | 0.99
SCRIPT       : DATA_LOG | 1095117 | aRapBi1cCZPZAGLIDny3dk3hQ8vTmNTLHRl8zxmKgQ0= | 2214.72 | 314.693 | 6310.97 | 0.200702 | 0.979652 | 0 | SCARH_Black | 1 | 24.8344 | 312.809 | 0 | 1 | 1 | 0 | 0 | 0 | 0 | 1 | camera | target | 0.200702 | 0 | 0.979652 | 0.
SCRIPT       : DATA_LOG | 1095142 | VEZjSxlcpgu1JLRUfHGLLLMsm0wqbyJ6fy2rl33V8jg= | 8330.12 | 6.51577 | 2984.18 | -0.00657957 | 0.997627 | 0 | none | -1 | 180 | 0 | 0.0685372 | 0 | 0 | 0 | 0 | 0 | 0 | 1 | camera | no_target | -0.00657957 | 0.0685372 | 0.99
SCRIPT       : DATA_LOG | 1096123 | aRapBi1cCZPZAGLIDny3dk3hQ8vTmNTLHRl8zxmKgQ0= | 2214.72 | 314.693 | 6310.97 | 0.200702 | 0.979652 | 0 | SCARH_Black | 1 | 24.8347 | 312.801 | 0 | 1 | 1 | 0 | 0 | 0 | 0 | 1 | camera | none | 0.200702 | 0 | 0.979652 | 0.20
SCRIPT       : DATA_LOG | 1096150 | VEZjSxlcpgu1JLRUfHGLLLMsm0wqbyJ6fy2rl33V8jg= | 8330.12 | 6.51577 | 2984.18 | -0.00657957 | 0.997627 | 0 | none | -1 | 180 | 0 | 0.0685372 | 0 | 0 | 0 | 0 | 0 | 0 | 1 | camera | no_target | -0.00657957 | 0.0685372 | 0.99
SCRIPT       : DATA_LOG | 1097114 | aRapBi1cCZPZAGLIDny3dk3hQ8vTmNTLHRl8zxmKgQ0= | 2214.72 | 314.693 | 6310.97 | 0.200702 | 0.979652 | 0 | SCARH_Black | 1 | 24.835 | 312.81 | 0 | 1 | 1 | 0 | 0 | 0 | 0 | 1 | camera | target | 0.200702 | 0 | 0.979652 | 0.20
SCRIPT       : DATA_LOG | 1097135 | VEZjSxlcpgu1JLRUfHGLLLMsm0wqbyJ6fy2rl33V8jg= | 8330.12 | 6.51577 | 2984.18 | -0.00657957 | 0.997627 | 0 | none | -1 | 180 | 0 | 0.0685372 | 0 | 0 | 0 | 0 | 0 | 0 | 1 | camera | no_target | -0.00657957 | 0.0685372 | 0.99
SCRIPT       : DATA_LOG | 1098112 | aRapBi1cCZPZAGLIDny3dk3hQ8vTmNTLHRl8zxmKgQ0= | 2214.72 | 314.693 | 6310.97 | 0.200702 | 0.979652 | 0 | SCARH_Black | 1 | 24.8353 | 312.808 | 0 | 1 | 1 | 0 | 0 | 0 | 0 | 1 | camera | target | 0.200702 | 0 | 0.979652 | 0.
SCRIPT       : DATA_LOG | 1098135 | VEZjSxlcpgu1JLRUfHGLLLMsm0wqbyJ6fy2rl33V8jg= | 8330.12 | 6.51577 | 2984.18 | -0.00657957 | 0.997627 | 0 | none | -1 | 180 | 0 | 0.0685372 | 0 | 0 | 0 | 0 | 0 | 0 | 1 | camera | no_target | -0.00657957 | 0.0685372 | 0.99
SCRIPT       : DATA_LOG | 1099116 | aRapBi1cCZPZAGLIDny3dk3hQ8vTmNTLHRl8zxmKgQ0= | 2214.72 | 314.693 | 6310.97 | 0.200702 | 0.979652 | 0 | SCARH_Black | 1 | 24.8355 | 312.804 | 0 | 1 | 1 | 0 | 0 | 0 | 0 | 1 | camera | target | 0.200702 | 0 | 0.979652 | 0.
SCRIPT       : DATA_LOG | 1099136 | VEZjSxlcpgu1JLRUfHGLLLMsm0wqbyJ6fy2rl33V8jg= | 8330.12 | 6.51577 | 2984.18 | -0.00657957 | 0.997627 | 0 | none | -1 | 180 | 0 | 0.0685372 | 0 | 0 | 0 | 0 | 0 | 0 | 1 | camera | no_target | -0.00657957 | 0.0685372 | 0.99
SCRIPT       : DATA_LOG | 1100113 | aRapBi1cCZPZAGLIDny3dk3hQ8vTmNTLHRl8zxmKgQ0= | 2214.72 | 314.693 | 6310.97 | 0.200702 | 0.979652 | 0 | SCARH_Black | 1 | 24.8343 | 312.808 | 0 | 1 | 1 | 0 | 0 | 0 | 0 | 1 | camera | target | 0.200702 | 0 | 0.979652 | 0.
SCRIPT       : DATA_LOG | 1100133 | VEZjSxlcpgu1JLRUfHGLLLMsm0wqbyJ6fy2rl33V8jg= | 8330.12 | 6.51577 | 2984.18 | -0.00657957 | 0.997627 | 0 | none | -1 | 180 | 0 | 0.0685372 | 0 | 0 | 0 | 0 | 0 | 0 | 1 | camera | no_target | -0.00657957 | 0.0685372 | 0.99
SCRIPT       : DATA_LOG | 1101119 | aRapBi1cCZPZAGLIDny3dk3hQ8vTmNTLHRl8zxmKgQ0= | 2214.72 | 314.693 | 6310.97 | 0.200702 | 0.979652 | 0 | SCARH_Black | 1 | 24.8354 | 312.792 | 0 | 1 | 1 | 0 | 0 | 0 | 0 | 1 | camera | none | 0.200702 | 0 | 0.979652 | 0.20
SCRIPT       : DATA_LOG | 1101141 | VEZjSxlcpgu1JLRUfHGLLLMsm0wqbyJ6fy2rl33V8jg= | 8330.12 | 6.51577 | 2984.18 | -0.00657957 | 0.997627 | 0 | none | -1 | 180 | 0 | 0.0685372 | 0 | 0 | 0 | 0 | 0 | 0 | 1 | camera | no_target | -0.00657957 | 0.0685372 | 0.99
SCRIPT       : DATA_LOG | 1102114 | aRapBi1cCZPZAGLIDny3dk3hQ8vTmNTLHRl8zxmKgQ0= | 2214.72 | 314.693 | 6310.97 | 0.200702 | 0.979652 | 0 | SCARH_Black | 1 | 24.8343 | 312.809 | 0 | 1 | 1 | 0 | 0 | 0 | 0 | 1 | camera | target | 0.200702 | 0 | 0.979652 | 0.
SCRIPT       : DATA_LOG | 1102133 | VEZjSxlcpgu1JLRUfHGLLLMsm0wqbyJ6fy2rl33V8jg= | 8330.12 | 6.51577 | 2984.18 | -0.00657957 | 0.997627 | 0 | none | -1 | 180 | 0 | 0.0685372 | 0 | 0 | 0 | 0 | 0 | 0 | 1 | camera | no_target | -0.00657957 | 0.0685372 | 0.99
SCRIPT       : DATA_LOG | 1103124 | aRapBi1cCZPZAGLIDny3dk3hQ8vTmNTLHRl8zxmKgQ0= | 2214.72 | 314.693 | 6310.97 | 0.200702 | 0.979652 | 0 | SCARH_Black | 1 | 24.8348 | 312.801 | 0 | 1 | 1 | 0 | 0 | 0 | 0 | 1 | camera | none | 0.200702 | 0 | 0.979652 | 0.20
SCRIPT       : DATA_LOG | 1103145 | VEZjSxlcpgu1JLRUfHGLLLMsm0wqbyJ6fy2rl33V8jg= | 8330.12 | 6.51577 | 2984.18 | -0.00657957 | 0.997627 | 0 | none | -1 | 180 | 0 | 0.0685372 | 0 | 0 | 0 | 0 | 0 | 0 | 1 | camera | no_target | -0.00657957 | 0.0685372 | 0.99
SCRIPT       : DATA_LOG | 1104120 | aRapBi1cCZPZAGLIDny3dk3hQ8vTmNTLHRl8zxmKgQ0= | 2214.72 | 314.693 | 6310.97 | 0.200702 | 0.979652 | 0 | SCARH_Black | 1 | 24.835 | 312.809 | 0 | 1 | 1 | 0 | 0 | 0 | 0 | 1 | camera | target | 0.200702 | 0 | 0.979652 | 0.2
SCRIPT       : DATA_LOG | 1104143 | VEZjSxlcpgu1JLRUfHGLLLMsm0wqbyJ6fy2rl33V8jg= | 8330.12 | 6.51577 | 2984.18 | -0.00657957 | 0.997627 | 0 | none | -1 | 180 | 0 | 0.0685372 | 0 | 0 | 0 | 0 | 0 | 0 | 1 | camera | no_target | -0.00657957 | 0.0685372 | 0.99
 SCRIPT       : [Logout]: New player VEZjSxlcpgu1JLRUfHGLLLMsm0wqbyJ6fy2rl33V8jg= with logout time 15
 SCRIPT       : Player "Survivor" (steamid=76561199110912890) initiated disconnect process...
SCRIPT       : DATA_LOG | 1105123 | aRapBi1cCZPZAGLIDny3dk3hQ8vTmNTLHRl8zxmKgQ0= | 2214.72 | 314.693 | 6310.97 | 0.200702 | 0.979652 | 0 | SCARH_Black | 1 | 24.8353 | 312.809 | 0 | 1 | 1 | 0 | 0 | 0 | 0 | 1 | camera | target | 0.200702 | 0 | 0.979652 | 0.
SCRIPT       : DATA_LOG | 1106124 | aRapBi1cCZPZAGLIDny3dk3hQ8vTmNTLHRl8zxmKgQ0= | 2214.72 | 314.693 | 6310.97 | 0.200702 | 0.979652 | 0 | SCARH_Black | 1 | 24.8357 | 312.801 | 0 | 1 | 1 | 0 | 0 | 0 | 0 | 1 | camera | target | 0.200702 | 0 | 0.979652 | 0.
SCRIPT       : DATA_LOG | 1107125 | aRapBi1cCZPZAGLIDny3dk3hQ8vTmNTLHRl8zxmKgQ0= | 2214.72 | 314.693 | 6310.97 | 0.200702 | 0.979652 | 0 | SCARH_Black | 1 | 24.8341 | 312.811 | 0 | 1 | 1 | 0 | 0 | 0 | 0 | 1 | camera | target | 0.200702 | 0 | 0.979652 | 0.
SCRIPT       : DATA_LOG | 1108122 | aRapBi1cCZPZAGLIDny3dk3hQ8vTmNTLHRl8zxmKgQ0= | 2214.72 | 314.693 | 6310.97 | 0.200702 | 0.979652 | 0 | SCARH_Black | 1 | 24.8354 | 312.791 | 0 | 1 | 1 | 0 | 0 | 0 | 0 | 1 | camera | none | 0.200702 | 0 | 0.979652 | 0.20
SCRIPT       : DATA_LOG | 1109130 | aRapBi1cCZPZAGLIDny3dk3hQ8vTmNTLHRl8zxmKgQ0= | 2214.72 | 314.693 | 6310.97 | 0.200702 | 0.979652 | 0 | SCARH_Black | 1 | 24.8345 | 312.806 | 0 | 1 | 1 | 0 | 0 | 0 | 0 | 1 | camera | target | 0.200702 | 0 | 0.979652 | 0.
SCRIPT       : DATA_LOG | 1110128 | aRapBi1cCZPZAGLIDny3dk3hQ8vTmNTLHRl8zxmKgQ0= | 2214.72 | 314.693 | 6310.97 | 0.200702 | 0.979652 | 0 | SCARH_Black | 1 | 24.8347 | 312.803 | 0 | 1 | 1 | 0 | 0 | 0 | 0 | 1 | camera | target | 0.200702 | 0 | 0.979652 | 0.
SCRIPT       : DATA_LOG | 1111128 | aRapBi1cCZPZAGLIDny3dk3hQ8vTmNTLHRl8zxmKgQ0= | 2214.72 | 314.693 | 6310.97 | 0.200702 | 0.979652 | 0 | SCARH_Black | 1 | 24.835 | 312.807 | 0 | 1 | 1 | 0 | 0 | 0 | 0 | 1 | camera | target | 0.200702 | 0 | 0.979652 | 0.2
SCRIPT       : DATA_LOG | 1112128 | aRapBi1cCZPZAGLIDny3dk3hQ8vTmNTLHRl8zxmKgQ0= | 2214.72 | 314.693 | 6310.97 | 0.200702 | 0.979652 | 0 | SCARH_Black | 1 | 24.8352 | 312.81 | 0 | 1 | 1 | 0 | 0 | 0 | 0 | 1 | camera | target | 0.200702 | 0 | 0.979652 | 0.2
SCRIPT       : DATA_LOG | 1113130 | aRapBi1cCZPZAGLIDny3dk3hQ8vTmNTLHRl8zxmKgQ0= | 2214.72 | 314.693 | 6310.97 | 0.200702 | 0.979652 | 0 | SCARH_Black | 1 | 24.8357 | 312.801 | 0 | 1 | 1 | 0 | 0 | 0 | 0 | 1 | camera | target | 0.200702 | 0 | 0.979652 | 0.
SCRIPT       : DATA_LOG | 1114132 | aRapBi1cCZPZAGLIDny3dk3hQ8vTmNTLHRl8zxmKgQ0= | 2214.72 | 314.693 | 6310.97 | 0.200702 | 0.979652 | 0 | SCARH_Black | 1 | 24.8341 | 312.812 | 0 | 1 | 1 | 0 | 0 | 0 | 0 | 1 | camera | target | 0.200702 | 0 | 0.979652 | 0.
SCRIPT       : DATA_LOG | 1115130 | aRapBi1cCZPZAGLIDny3dk3hQ8vTmNTLHRl8zxmKgQ0= | 2214.72 | 314.693 | 6310.97 | 0.200702 | 0.979652 | 0 | SCARH_Black | 1 | 24.8351 | 312.793 | 0 | 1 | 1 | 0 | 0 | 0 | 0 | 1 | camera | none | 0.200702 | 0 | 0.979652 | 0.20
SCRIPT       : DATA_LOG | 1116131 | aRapBi1cCZPZAGLIDny3dk3hQ8vTmNTLHRl8zxmKgQ0= | 2214.72 | 314.693 | 6310.97 | 0.200702 | 0.979652 | 0 | SCARH_Black | 1 | 24.8347 | 312.803 | 0 | 1 | 1 | 0 | 0 | 0 | 0 | 1 | camera | target | 0.200702 | 0 | 0.979652 | 0.
SCRIPT       : DATA_LOG | 1117129 | aRapBi1cCZPZAGLIDny3dk3hQ8vTmNTLHRl8zxmKgQ0= | 2214.72 | 314.693 | 6310.97 | 0.200702 | 0.979652 | 0 | SCARH_Black | 1 | 24.8347 | 312.806 | 0 | 1 | 1 | 0 | 0 | 0 | 0 | 1 | camera | target | 0.200702 | 0 | 0.979652 | 0.
SCRIPT       : DATA_LOG | 1118138 | aRapBi1cCZPZAGLIDny3dk3hQ8vTmNTLHRl8zxmKgQ0= | 2214.72 | 314.693 | 6310.97 | 0.200702 | 0.979652 | 0 | SCARH_Black | 1 | 24.8349 | 312.805 | 0 | 1 | 1 | 0 | 0 | 0 | 0 | 1 | camera | none | 0.200702 | 0 | 0.979652 | 0.20
SCRIPT       : DATA_LOG | 1119145 | aRapBi1cCZPZAGLIDny3dk3hQ8vTmNTLHRl8zxmKgQ0= | 2214.72 | 314.693 | 6310.97 | 0.200702 | 0.979652 | 0 | SCARH_Black | 1 | 24.8351 | 312.811 | 0 | 1 | 1 | 0 | 0 | 0 | 0 | 1 | camera | target | 0.200702 | 0 | 0.979652 | 0.
SCRIPT       : [Logout]: Player VEZjSxlcpgu1JLRUfHGLLLMsm0wqbyJ6fy2rl33V8jg= finished
SCRIPT       : [PlayerListManager] SyncEntryToReceivers ► uid: VEZjSxlcpgu1JLRUfHGLLLMsm0wqbyJ6fy2rl33V8jg= isn't in the players list! sending a remove.
SCRIPT       : PlayerDisconnected -> PlayerListManager.RemoveEntry ► VEZjSxlcpgu1JLRUfHGLLLMsm0wqbyJ6fy2rl33V8jg=
SCRIPT       : DATA_LOG | 1120135 | aRapBi1cCZPZAGLIDny3dk3hQ8vTmNTLHRl8zxmKgQ0= | 2214.72 | 314.693 | 6310.97 | 0.200702 | 0.979652 | 0 | SCARH_Black | 1 | 24.8356 | 312.802 | 0 | 1 | 1 | 0 | 0 | 0 | 0 | 1 | camera | target | 0.200702 | 0 | 0.979652 | 0.
SCRIPT       : DATA_LOG | 1121138 | aRapBi1cCZPZAGLIDny3dk3hQ8vTmNTLHRl8zxmKgQ0= | 2214.72 | 314.693 | 6310.97 | 0.200702 | 0.979652 | 0 | SCARH_Black | 1 | 24.8343 | 312.812 | 0 | 1 | 1 | 0 | 0 | 0 | 0 | 1 | camera | target | 0.200702 | 0 | 0.979652 | 0.
SCRIPT       : DATA_LOG | 1122136 | aRapBi1cCZPZAGLIDny3dk3hQ8vTmNTLHRl8zxmKgQ0= | 2214.72 | 314.693 | 6310.97 | 0.200702 | 0.979652 | 0 | SCARH_Black | 1 | 24.8348 | 312.797 | 0 | 1 | 1 | 0 | 0 | 0 | 0 | 1 | camera | target | 0.200702 | 0 | 0.979652 | 0.
SCRIPT       : DATA_LOG | 1123137 | aRapBi1cCZPZAGLIDny3dk3hQ8vTmNTLHRl8zxmKgQ0= | 2214.72 | 314.693 | 6310.97 | 0.200702 | 0.979652 | 0 | SCARH_Black | 1 | 24.8349 | 312.799 | 0 | 1 | 1 | 0 | 0 | 0 | 0 | 1 | camera | none | 0.200702 | 0 | 0.979652 | 0.20
SCRIPT       : DATA_LOG | 1124144 | aRapBi1cCZPZAGLIDny3dk3hQ8vTmNTLHRl8zxmKgQ0= | 2214.72 | 314.693 | 6310.97 | 0.200702 | 0.979652 | 0 | SCARH_Black | 1 | 24.8346 | 312.808 | 0 | 1 | 1 | 0 | 0 | 0 | 0 | 1 | camera | target | 0.200702 | 0 | 0.979652 | 0.
SCRIPT       : DATA_LOG | 1125145 | aRapBi1cCZPZAGLIDny3dk3hQ8vTmNTLHRl8zxmKgQ0= | 2214.72 | 314.693 | 6310.97 | 0.200702 | 0.979652 | 0 | SCARH_Black | 1 | 24.8348 | 312.804 | 0 | 1 | 1 | 0 | 0 | 0 | 0 | 1 | camera | target | 0.200702 | 0 | 0.979652 | 0.
SCRIPT       : DATA_LOG | 1126145 | aRapBi1cCZPZAGLIDny3dk3hQ8vTmNTLHRl8zxmKgQ0= | 2214.72 | 314.693 | 6310.97 | 0.200702 | 0.979652 | 0 | SCARH_Black | 1 | 24.8349 | 312.811 | 0 | 1 | 1 | 0 | 0 | 0 | 0 | 1 | camera | target | 0.200702 | 0 | 0.979652 | 0.
SCRIPT       : DATA_LOG | 1127144 | aRapBi1cCZPZAGLIDny3dk3hQ8vTmNTLHRl8zxmKgQ0= | 2214.72 | 314.693 | 6310.97 | 0.200702 | 0.979652 | 0 | SCARH_Black | 1 | 24.8354 | 312.804 | 0 | 1 | 1 | 0 | 0 | 0 | 0 | 1 | camera | target | 0.200702 | 0 | 0.979652 | 0.
SCRIPT       : DATA_LOG | 1128148 | aRapBi1cCZPZAGLIDny3dk3hQ8vTmNTLHRl8zxmKgQ0= | 2214.72 | 314.693 | 6310.97 | 0.200702 | 0.979652 | 0 | SCARH_Black | 1 | 24.8345 | 312.81 | 0 | 1 | 1 | 0 | 0 | 0 | 0 | 1 | camera | target | 0.200702 | 0 | 0.979652 | 0.2
SCRIPT       : DATA_LOG | 1129154 | aRapBi1cCZPZAGLIDny3dk3hQ8vTmNTLHRl8zxmKgQ0= | 2214.72 | 314.693 | 6310.97 | 0.200702 | 0.979652 | 0 | SCARH_Black | 1 | 24.8346 | 312.8 | 0 | 1 | 1 | 0 | 0 | 0 | 0 | 1 | camera | target | 0.200702 | 0 | 0.979652 | 0.20
SCRIPT       : DATA_LOG | 1130288 | aRapBi1cCZPZAGLIDny3dk3hQ8vTmNTLHRl8zxmKgQ0= | 2214.72 | 314.693 | 6310.97 | 0.200702 | 0.979652 | 0 | SCARH_Black | 1 | 24.8352 | 312.794 | 0 | 1 | 1 | 0 | 0 | 0 | 0 | 1 | camera | target | 0.200702 | 0 | 0.979652 | 0.
SCRIPT       : DATA_LOG | 1131291 | aRapBi1cCZPZAGLIDny3dk3hQ8vTmNTLHRl8zxmKgQ0= | 2214.72 | 314.693 | 6310.97 | 0.200702 | 0.979652 | 0 | SCARH_Black | 1 | 24.8345 | 312.808 | 0 | 1 | 1 | 0 | 0 | 0 | 0 | 1 | camera | none | 0.200702 | 0 | 0.979652 | 0.20
SCRIPT       : DATA_LOG | 1132292 | aRapBi1cCZPZAGLIDny3dk3hQ8vTmNTLHRl8zxmKgQ0= | 2214.72 | 314.693 | 6310.97 | 0.200702 | 0.979652 | 0 | SCARH_Black | 1 | 24.8347 | 312.803 | 0 | 1 | 1 | 0 | 0 | 0 | 0 | 1 | camera | target | 0.200702 | 0 | 0.979652 | 0.
SCRIPT       : DATA_LOG | 1133292 | aRapBi1cCZPZAGLIDny3dk3hQ8vTmNTLHRl8zxmKgQ0= | 2214.72 | 314.693 | 6310.97 | 0.200702 | 0.979652 | 0 | SCARH_Black | 1 | 24.8349 | 312.811 | 0 | 1 | 1 | 0 | 0 | 0 | 0 | 1 | camera | target | 0.200702 | 0 | 0.979652 | 0.
SCRIPT       : DATA_LOG | 1134293 | aRapBi1cCZPZAGLIDny3dk3hQ8vTmNTLHRl8zxmKgQ0= | 2214.72 | 314.693 | 6310.97 | 0.200702 | 0.979652 | 0 | SCARH_Black | 1 | 24.8354 | 312.804 | 0 | 1 | 1 | 0 | 0 | 0 | 0 | 1 | camera | target | 0.200702 | 0 | 0.979652 | 0.
SCRIPT       : DATA_LOG | 1135294 | aRapBi1cCZPZAGLIDny3dk3hQ8vTmNTLHRl8zxmKgQ0= | 2214.72 | 314.693 | 6310.97 | 0.200702 | 0.979652 | 0 | SCARH_Black | 1 | 24.8346 | 312.81 | 0 | 1 | 1 | 0 | 0 | 0 | 0 | 1 | camera | target | 0.200702 | 0 | 0.979652 | 0.2
SCRIPT       : DATA_LOG | 1136291 | aRapBi1cCZPZAGLIDny3dk3hQ8vTmNTLHRl8zxmKgQ0= | 2214.72 | 314.693 | 6310.97 | 0.200702 | 0.979652 | 0 | SCARH_Black | 1 | 24.8346 | 312.801 | 0 | 1 | 1 | 0 | 0 | 0 | 0 | 1 | camera | target | 0.200702 | 0 | 0.979652 | 0.
SCRIPT       : DATA_LOG | 1137295 | aRapBi1cCZPZAGLIDny3dk3hQ8vTmNTLHRl8zxmKgQ0= | 2214.72 | 314.693 | 6310.97 | 0.200702 | 0.979652 | 0 | SCARH_Black | 1 | 24.8352 | 312.796 | 0 | 1 | 1 | 0 | 0 | 0 | 0 | 1 | camera | target | 0.200702 | 0 | 0.979652 | 0.
SCRIPT       : DATA_LOG | 1138297 | aRapBi1cCZPZAGLIDny3dk3hQ8vTmNTLHRl8zxmKgQ0= | 2214.72 | 314.693 | 6310.97 | 0.200702 | 0.979652 | 1 | SCARH_Black | 1 | 24.8344 | 312.809 | 0 | 1 | 1 | 0 | 0 | 0 | 1 | 1 | camera | target | 0.200702 | 0 | 0.979652 | 0.
SCRIPT       : DATA_LOG | 1139296 | aRapBi1cCZPZAGLIDny3dk3hQ8vTmNTLHRl8zxmKgQ0= | 2214.72 | 314.693 | 6310.97 | 0.200702 | 0.979652 | 1 | SCARH_Black | 1 | 24.8346 | 312.802 | 0 | 1 | 1 | 0 | 0 | 0 | 1 | 1 | camera | target | 0.200702 | 0 | 0.979652 | 0.
SCRIPT       : DATA_LOG | 1140299 | aRapBi1cCZPZAGLIDny3dk3hQ8vTmNTLHRl8zxmKgQ0= | 2214.72 | 314.693 | 6310.97 | 0.200702 | 0.979652 | 1 | SCARH_Black | 1 | 24.8349 | 312.811 | 0 | 1 | 1 | 0 | 0 | 0 | 1 | 1 | camera | target | 0.200702 | 0 | 0.979652 | 0.
SCRIPT       : DATA_LOG | 1141299 | aRapBi1cCZPZAGLIDny3dk3hQ8vTmNTLHRl8zxmKgQ0= | 2214.72 | 314.693 | 6310.97 | 0.200702 | 0.979652 | 1 | SCARH_Black | 1 | 24.8353 | 312.806 | 0 | 1 | 1 | 0 | 0 | 0 | 1 | 1 | camera | target | 0.200702 | 0 | 0.979652 | 0.
SCRIPT       : DATA_LOG | 1142295 | aRapBi1cCZPZAGLIDny3dk3hQ8vTmNTLHRl8zxmKgQ0= | 2214.72 | 314.693 | 6310.97 | 0.200702 | 0.979652 | 1 | SCARH_Black | 1 | 24.8351 | 312.808 | 0 | 1 | 1 | 0 | 0 | 0 | 1 | 1 | camera | none | 0.200702 | 0 | 0.979652 | 0.20
SCRIPT       : DATA_LOG | 1143378 | aRapBi1cCZPZAGLIDny3dk3hQ8vTmNTLHRl8zxmKgQ0= | 2214.72 | 314.693 | 6310.97 | 0.200702 | 0.979652 | 1 | SCARH_Black | 1 | 24.8343 | 312.805 | 0 | 1 | 1 | 0 | 0 | 0 | 1 | 1 | camera | target | 0.200702 | 0 | 0.979652 | 0.
SCRIPT       : DATA_LOG | 1144381 | aRapBi1cCZPZAGLIDny3dk3hQ8vTmNTLHRl8zxmKgQ0= | 2214.72 | 314.693 | 6310.97 | 0.200702 | 0.979652 | 1 | SCARH_Black | 1 | 24.8353 | 312.794 | 0 | 1 | 1 | 0 | 0 | 0 | 1 | 1 | camera | none | 0.200702 | 0 | 0.979652 | 0.20
SCRIPT       : DATA_LOG | 1145388 | aRapBi1cCZPZAGLIDny3dk3hQ8vTmNTLHRl8zxmKgQ0= | 2214.44 | 314.694 | 6311.13 | 0.483769 | 0.875196 | 0 | SCARH_Black | 1 | 8.9131 | 312.845 | 0 | 1 | 1 | 0 | 0 | 0 | 0 | 1 | camera | target | 0.483769 | 0 | 0.875196 | 0.4
SCRIPT       : DATA_LOG | 1146388 | aRapBi1cCZPZAGLIDny3dk3hQ8vTmNTLHRl8zxmKgQ0= | 2211.7 | 314.716 | 6312.92 | -0.513677 | 0.857983 | 0 | SCARH_Black | 1 | 67.4916 | 313.007 | 0 | 1 | 1 | 0 | 0 | 0 | 0 | 1 | camera | target | -0.513677 | 0 | 0.857983 | -
SCRIPT       : DATA_LOG | 1147403 | aRapBi1cCZPZAGLIDny3dk3hQ8vTmNTLHRl8zxmKgQ0= | 2211.36 | 314.829 | 6316.02 | 0.830658 | 0.556784 | 0 | SCARH_Black | 1 | 20.0772 | 310.731 | 0 | 1 | 1 | 0 | 0 | 0 | 0 | 1 | camera | target | 0.830658 | 0 | 0.556784 | 0.
SCRIPT       : DATA_LOG | 1148401 | aRapBi1cCZPZAGLIDny3dk3hQ8vTmNTLHRl8zxmKgQ0= | 2208.78 | 314.793 | 6316.23 | 0.996894 | 0.0787597 | 0 | SCARH_Black | 0 | 48.461 | 312.11 | 0 | 1 | 1 | 0 | 0 | 0 | 0 | 1 | camera | TreeHard_t_naked_1s | 0.996894 | 0 | 0
SCRIPT       : DATA_LOG | 1149403 | aRapBi1cCZPZAGLIDny3dk3hQ8vTmNTLHRl8zxmKgQ0= | 2207.41 | 314.648 | 6313.08 | 0.296502 | -0.955032 | 0 | SCARH_Black | 1 | 125.441 | 315.441 | 0 | 1 | 1 | 0 | 0 | 0 | 0 | 1 | camera | target | 0.296502 | 0 | -0.955032 | 
SCRIPT       : DATA_LOG | 1150402 | aRapBi1cCZPZAGLIDny3dk3hQ8vTmNTLHRl8zxmKgQ0= | 2208.48 | 314.554 | 6309.5 | 0.296482 | -0.955038 | 0 | SCARH_Black | 1 | 125.988 | 317.668 | 0 | 1 | 1 | 0 | 0 | 0 | 0 | 1 | camera | target | 0.296482 | 0 | -0.955038 | 0
SCRIPT       : DATA_LOG | 1151412 | aRapBi1cCZPZAGLIDny3dk3hQ8vTmNTLHRl8zxmKgQ0= | 2209.06 | 314.443 | 6303.39 | 0.220517 | -0.975383 | 0 | SCARH_Black | 1 | 131.191 | 322.232 | 0 | 1 | 1 | 0 | 0 | 0 | 0 | 1 | camera | none | 0.220517 | 0 | -0.975383 | 0.
SCRIPT       : DATA_LOG | 1152402 | aRapBi1cCZPZAGLIDny3dk3hQ8vTmNTLHRl8zxmKgQ0= | 2209.36 | 314.373 | 6297.35 | 0.210515 | -0.977591 | 0 | SCARH_Black | 0 | 132.44 | 326.973 | 0 | 1 | 1 | 0 | 0 | 0 | 0 | 1 | camera | TreeHard_t_naked_2s | 0.210515 | 0 | 
SCRIPT       : DATA_LOG | 1153409 | aRapBi1cCZPZAGLIDny3dk3hQ8vTmNTLHRl8zxmKgQ0= | 2209.4 | 314.371 | 6297.19 | 0.556324 | -0.830965 | 0 | SCARH_Black | 0 | 110.95 | 327.08 | 0 | 1 | 1 | 0 | 0 | 0 | 0 | 1 | camera | TreeHard_t_naked_2s | 0.556324 | 0 | -0
SCRIPT       : DATA_LOG | 1154405 | aRapBi1cCZPZAGLIDny3dk3hQ8vTmNTLHRl8zxmKgQ0= | 2208.9 | 314.37 | 6297.31 | 0.962686 | -0.270619 | 1 | SCARH_Black | 0 | 70.5582 | 327.279 | 0 | 1 | 1 | 0 | 0 | 0 | 0 | 1 | camera | TreeHard_t_naked_2s | 0.962686 | 0 | -
SCRIPT       : DATA_LOG | 1155404 | aRapBi1cCZPZAGLIDny3dk3hQ8vTmNTLHRl8zxmKgQ0= | 2208.9 | 314.37 | 6297.31 | 0.962686 | -0.270619 | 1 | SCARH_Black | 0 | 70.5579 | 327.279 | 0 | 1 | 1 | 0 | 0 | 0 | 0 | 1 | camera | TreeHard_t_naked_2s | 0.962686 | 0 | -
SCRIPT       : DATA_LOG | 1156406 | aRapBi1cCZPZAGLIDny3dk3hQ8vTmNTLHRl8zxmKgQ0= | 2208.6 | 314.369 | 6297.38 | 0.881707 | -0.471798 | 0 | SCARH_Black | 0 | 82.8995 | 327.383 | 0 | 1 | 1 | 0 | 0 | 0 | 0 | 1 | camera | TreeHard_t_naked_2s | 0.881707 | 0 | 
SCRIPT       : DATA_LOG | 1157402 | aRapBi1cCZPZAGLIDny3dk3hQ8vTmNTLHRl8zxmKgQ0= | 2205.08 | 314.231 | 6294.43 | -0.513883 | -0.85786 | 0 | SCARH_Black | 0 | 172.956 | 331.829 | 0 | 1 | 1 | 0 | 0 | 0 | 0 | 1 | camera | TreeHard_t_naked_2s | -0.513883 | 0 
SCRIPT       : DATA_LOG | 1158409 | aRapBi1cCZPZAGLIDny3dk3hQ8vTmNTLHRl8zxmKgQ0= | 2199.03 | 314.007 | 6292.1 | -0.991727 | -0.128365 | 0 | SCARH_Black | 1 | 133.238 | 337.236 | 0 | 1 | 1 | 0 | 0 | 0 | 0 | 1 | camera | none | -0.991727 | 0 | -0.128365 | -
SCRIPT       : DATA_LOG | 1159409 | aRapBi1cCZPZAGLIDny3dk3hQ8vTmNTLHRl8zxmKgQ0= | 2192.37 | 313.807 | 6291.35 | -0.999232 | -0.0391918 | 0 | SCARH_Black | 1 | 128.975 | 341.814 | 0 | 1 | 1 | 0 | 0 | 0 | 0 | 1 | camera | target | -0.999232 | 0 | -0.039191
SCRIPT       : DATA_LOG | 1160415 | aRapBi1cCZPZAGLIDny3dk3hQ8vTmNTLHRl8zxmKgQ0= | 2185.75 | 313.633 | 6291.77 | -0.887035 | 0.461702 | 0 | SCARH_Black | 1 | 100.311 | 345.497 | 0 | 1 | 1 | 0 | 0 | 0 | 0 | 1 | camera | target | -0.887035 | 0 | 0.461702 | 
SCRIPT       : DATA_LOG | 1161415 | aRapBi1cCZPZAGLIDny3dk3hQ8vTmNTLHRl8zxmKgQ0= | 2181.4 | 313.611 | 6296.51 | -0.193989 | 0.981004 | 0 | SCARH_Black | 0 | 50.2992 | 344.495 | 0 | 1 | 1 | 0 | 0 | 0 | 0 | 1 | camera | TreeSoft_t_FagusSylvatica_1s | -0.193
SCRIPT       : DATA_LOG | 1162453 | aRapBi1cCZPZAGLIDny3dk3hQ8vTmNTLHRl8zxmKgQ0= | 2181.29 | 313.775 | 6302.49 | -0.495034 | 0.868874 | 0 | SCARH_Black | 1 | 69.327 | 339.939 | 0 | 1 | 1 | 0 | 0 | 0 | 0 | 1 | camera | target | -0.495034 | 0 | 0.868874 | -
SCRIPT       : DATA_LOG | 1163453 | aRapBi1cCZPZAGLIDny3dk3hQ8vTmNTLHRl8zxmKgQ0= | 2182.43 | 313.985 | 6307.28 | -0.917096 | -0.398668 | 0 | SCARH_Black | 1 | 152.935 | 335.515 | 0 | 1 | 1 | 0 | 0 | 0 | 0 | 1 | camera | target | -0.917096 | 0 | -0.398668 
SCRIPT       : DATA_LOG | 1164443 | aRapBi1cCZPZAGLIDny3dk3hQ8vTmNTLHRl8zxmKgQ0= | 2182.95 | 314.087 | 6309.23 | -0.171737 | -0.985143 | 1 | SCARH_Black | 1 | 149.38 | 333.697 | 0 | 1 | 1 | 0 | 0 | 0 | 0 | 1 | camera | target | -0.171737 | 0 | -0.985143 |
SCRIPT       : DATA_LOG | 1165543 | aRapBi1cCZPZAGLIDny3dk3hQ8vTmNTLHRl8zxmKgQ0= | 2183.25 | 314.187 | 6311.34 | -0.139348 | -0.990243 | 0 | SCARH_Black | 1 | 147.336 | 331.873 | 0 | 1 | 1 | 0 | 0 | 0 | 0 | 1 | camera | none | -0.139348 | 0 | -0.990243 | 
SCRIPT       : DATA_LOG | 1166545 | aRapBi1cCZPZAGLIDny3dk3hQ8vTmNTLHRl8zxmKgQ0= | 2183.5 | 314.272 | 6313.13 | -0.125109 | -0.992143 | 1 | SCARH_Black | 1 | 146.358 | 330.355 | 0 | 1 | 1 | 0 | 0 | 0 | 0 | 1 | camera | none | -0.125109 | 0 | -0.992143 | -
SCRIPT       : DATA_LOG | 1167542 | aRapBi1cCZPZAGLIDny3dk3hQ8vTmNTLHRl8zxmKgQ0= | 2183.64 | 314.317 | 6314.23 | -0.129056 | -0.991637 | 0 | SCARH_Black | 1 | 146.477 | 329.429 | 0 | 1 | 1 | 0 | 0 | 0 | 0 | 1 | camera | none | -0.129056 | 0 | -0.991637 | 
SCRIPT       : DATA_LOG | 1168547 | aRapBi1cCZPZAGLIDny3dk3hQ8vTmNTLHRl8zxmKgQ0= | 2182.84 | 314.207 | 6312.26 | -0.120562 | -0.992706 | 0 | SCARH_Black | 1 | 146.111 | 331.445 | 0 | 1 | 1 | 0 | 0 | 0 | 0 | 1 | camera | target | -0.120562 | 0 | -0.992706 
SCRIPT       : DATA_LOG | 1169549 | aRapBi1cCZPZAGLIDny3dk3hQ8vTmNTLHRl8zxmKgQ0= | 2182.85 | 314.206 | 6312.23 | -0.120562 | -0.992706 | 0 | SCARH_Black | 1 | 146.114 | 331.47 | 0 | 1 | 1 | 0 | 0 | 0 | 0 | 1 | camera | target | -0.120562 | 0 | -0.992706 |
 SCRIPT       : ---- PlayerBase OnStoreLoad SUCCESS ----
 SCRIPT       : [VPPAT] Player "Survivor" (steamId=76561199110912890) connected to server!
SCRIPT       : DATA_LOG | 1170549 | aRapBi1cCZPZAGLIDny3dk3hQ8vTmNTLHRl8zxmKgQ0= | 2183.27 | 314.224 | 6312.21 | -0.0419774 | -0.999119 | 0 | SCARH_Black | 1 | 141.71 | 331.203 | 0 | 1 | 1 | 0 | 0 | 0 | 0 | 1 | camera | target | -0.0419774 | 0 | -0.999119
SCRIPT       : DATA_LOG | 1170569 | VEZjSxlcpgu1JLRUfHGLLLMsm0wqbyJ6fy2rl33V8jg= | 8330.12 | 6.54161 | 2984.18 | -0.00666327 | 0.999978 | 0 | none | -1 | 180 | 0 | 0 | 0 | 0 | 0 | 0 | 0 | 0 | 1 | camera | no_target | -0.00666327 | 0 | 0.999978 | -0.006663
SCRIPT       : DATA_LOG | 1171546 | aRapBi1cCZPZAGLIDny3dk3hQ8vTmNTLHRl8zxmKgQ0= | 2183.93 | 314.233 | 6311.73 | -0.847859 | -0.530222 | 0 | SCARH_Black | 1 | 161.477 | 331.151 | 0 | 1 | 1 | 0 | 0 | 0 | 0 | 1 | camera | target | -0.847859 | 0 | -0.530222 
SCRIPT       : DATA_LOG | 1171566 | VEZjSxlcpgu1JLRUfHGLLLMsm0wqbyJ6fy2rl33V8jg= | 8330.12 | 6.54161 | 2984.18 | -0.00666327 | 0.999978 | 0 | none | -1 | 180 | 0 | 0 | 0 | 0 | 0 | 0 | 0 | 0 | 1 | camera | no_target | -0.00666327 | 0 | 0.999978 | -0.006663
SCRIPT       : DATA_LOG | 1172544 | aRapBi1cCZPZAGLIDny3dk3hQ8vTmNTLHRl8zxmKgQ0= | 2183.51 | 314.202 | 6311.43 | -0.766486 | -0.642261 | 1 | SCARH_Black | 1 | 168.844 | 331.637 | 0 | 1 | 1 | 0 | 0 | 0 | 1 | 1 | camera | target | -0.766486 | 0 | -0.642261 
SCRIPT       : DATA_LOG | 1172589 | VEZjSxlcpgu1JLRUfHGLLLMsm0wqbyJ6fy2rl33V8jg= | 8330.12 | 6.54161 | 2984.18 | -0.00666327 | 0.999978 | 0 | none | -1 | 180 | 0 | 0 | 0 | 0 | 0 | 0 | 0 | 0 | 1 | camera | no_target | -0.00666327 | 0 | 0.999978 | -0.006663
SCRIPT       : DATA_LOG | 1173551 | aRapBi1cCZPZAGLIDny3dk3hQ8vTmNTLHRl8zxmKgQ0= | 2183.51 | 314.202 | 6311.43 | -0.766486 | -0.642261 | 1 | SCARH_Black | 1 | 168.844 | 331.643 | 0 | 1 | 1 | 0 | 0 | 0 | 1 | 1 | camera | target | -0.766486 | 0 | -0.642261 
SCRIPT       : DATA_LOG | 1173571 | VEZjSxlcpgu1JLRUfHGLLLMsm0wqbyJ6fy2rl33V8jg= | 8330.12 | 6.54161 | 2984.18 | -0.00666327 | 0.999978 | 0 | none | -1 | 180 | 0 | 0 | 0 | 0 | 0 | 0 | 0 | 0 | 1 | camera | no_target | -0.00666327 | 0 | 0.999978 | -0.006663
SCRIPT       : DATA_LOG | 1174547 | aRapBi1cCZPZAGLIDny3dk3hQ8vTmNTLHRl8zxmKgQ0= | 2183.13 | 314.171 | 6311.06 | -0.35667 | -0.934231 | 1 | SCARH_Black | 1 | 159.93 | 332.174 | 0 | 1 | 1 | 0 | 0 | 0 | 1 | 1 | camera | target | -0.35667 | 0 | -0.934231 | -
SCRIPT       : DATA_LOG | 1174567 | VEZjSxlcpgu1JLRUfHGLLLMsm0wqbyJ6fy2rl33V8jg= | 8330.12 | 6.54161 | 2984.18 | -0.365119 | 0.930961 | 0 | none | -1 | 180 | 0 | 0 | 0 | 0 | 0 | 0 | 0 | 0 | 1 | camera | no_target | -0.365119 | 0 | 0.930961 | -0.365119 | 0
SCRIPT       : DATA_LOG | 1175556 | aRapBi1cCZPZAGLIDny3dk3hQ8vTmNTLHRl8zxmKgQ0= | 2182.84 | 314.182 | 6311.64 | 0.0605148 | -0.998167 | 0 | SCARH_Black | 1 | 135.904 | 331.916 | 0 | 1 | 1 | 0 | 0 | 0 | 0 | 1 | camera | target | 0.0605148 | 0 | -0.998167 
SCRIPT       : DATA_LOG | 1175577 | VEZjSxlcpgu1JLRUfHGLLLMsm0wqbyJ6fy2rl33V8jg= | 8330.12 | 6.54161 | 2984.18 | -0.978096 | 0.208154 | 0 | none | -1 | 180 | 0 | 0 | 0 | 0 | 0 | 0 | 0 | 0 | 1 | camera | no_target | -0.978096 | -0 | 0.208154 | -0.978096 | 
SCRIPT       : DATA_LOG | 1176558 | aRapBi1cCZPZAGLIDny3dk3hQ8vTmNTLHRl8zxmKgQ0= | 2182.84 | 314.182 | 6311.64 | 0.814416 | -0.580281 | 0 | SCARH_Black | 1 | 85.1276 | 331.923 | 0 | 1 | 1 | 0 | 0 | 0 | 0 | 1 | camera | none | 0.814416 | 0 | -0.580281 | 0.
SCRIPT       : DATA_LOG | 1176580 | VEZjSxlcpgu1JLRUfHGLLLMsm0wqbyJ6fy2rl33V8jg= | 8330.12 | 6.54161 | 2984.18 | -0.80645 | -0.591303 | 0 | none | -1 | 180 | 0 | 0 | 0 | 0 | 0 | 0 | 0 | 0 | 1 | camera | no_target | -0.80645 | 0 | -0.591303 | -0.80645 | 0 
SCRIPT       : DATA_LOG | 1177555 | aRapBi1cCZPZAGLIDny3dk3hQ8vTmNTLHRl8zxmKgQ0= | 2182.84 | 314.182 | 6311.64 | 0.814416 | -0.580281 | 1 | SCARH_Black | 1 | 85.1271 | 331.915 | 0 | 1 | 1 | 0 | 0 | 0 | 1 | 1 | camera | target | 0.814416 | 0 | -0.580281 | 
SCRIPT       : DATA_LOG | 1177574 | VEZjSxlcpgu1JLRUfHGLLLMsm0wqbyJ6fy2rl33V8jg= | 8330.12 | 6.54161 | 2984.18 | -0.80645 | -0.591303 | 0 | none | -1 | 180 | 0 | 0 | 0 | 0 | 0 | 0 | 0 | 0 | 1 | camera | no_target | -0.80645 | 0 | -0.591303 | -0.80645 | 0 
SCRIPT       : DATA_LOG | 1178560 | aRapBi1cCZPZAGLIDny3dk3hQ8vTmNTLHRl8zxmKgQ0= | 2182.84 | 314.182 | 6311.64 | 0.814416 | -0.580281 | 1 | SCARH_Black | 1 | 85.1281 | 331.923 | 0 | 1 | 1 | 0 | 0 | 0 | 1 | 1 | camera | target | 0.814416 | 0 | -0.580281 | 
SCRIPT       : DATA_LOG | 1178581 | VEZjSxlcpgu1JLRUfHGLLLMsm0wqbyJ6fy2rl33V8jg= | 8330.12 | 6.54161 | 2984.18 | -0.80645 | -0.591303 | 0 | none | -1 | 180 | 0 | 0 | 0 | 0 | 0 | 0 | 0 | 0 | 1 | camera | no_target | -0.80645 | 0 | -0.591303 | -0.80645 | 0 
SCRIPT       : DATA_LOG | 1179558 | aRapBi1cCZPZAGLIDny3dk3hQ8vTmNTLHRl8zxmKgQ0= | 2182.84 | 314.182 | 6311.64 | 0.814416 | -0.580281 | 1 | SCARH_Black | 1 | 85.1277 | 331.91 | 0 | 1 | 1 | 0 | 0 | 0 | 1 | 1 | camera | target | 0.814416 | 0 | -0.580281 | 0
SCRIPT       : DATA_LOG | 1179580 | VEZjSxlcpgu1JLRUfHGLLLMsm0wqbyJ6fy2rl33V8jg= | 8330.12 | 6.54161 | 2984.18 | -0.524002 | -0.851717 | 0 | none | -1 | 180 | 0 | 0 | 0 | 0 | 0 | 0 | 0 | 0 | 1 | camera | no_target | -0.524002 | 0 | -0.851717 | -0.524002 |
SCRIPT       : DATA_LOG | 1180678 | aRapBi1cCZPZAGLIDny3dk3hQ8vTmNTLHRl8zxmKgQ0= | 2182.84 | 314.182 | 6311.64 | 0.814416 | -0.580281 | 1 | SCARH_Black | 1 | 85.1274 | 331.909 | 0 | 1 | 1 | 0 | 0 | 0 | 1 | 1 | camera | target | 0.814416 | 0 | -0.580281 | 
SCRIPT       : DATA_LOG | 1180696 | VEZjSxlcpgu1JLRUfHGLLLMsm0wqbyJ6fy2rl33V8jg= | 8330.12 | 6.54161 | 2984.18 | -0.269814 | -0.962912 | 0 | none | -1 | 180 | 0 | 0 | 0 | 0 | 0 | 0 | 0 | 0 | 1 | camera | no_target | -0.269814 | 0 | -0.962912 | -0.269814 |
SCRIPT       : DATA_LOG | 1181743 | aRapBi1cCZPZAGLIDny3dk3hQ8vTmNTLHRl8zxmKgQ0= | 2184.05 | 314.201 | 6310.83 | 0.831314 | -0.555803 | 0 | SCARH_Black | 1 | 83.6811 | 331.764 | 0 | 1 | 1 | 0 | 0 | 0 | 0 | 1 | camera | target | 0.831314 | 0 | -0.555803 | 
SCRIPT       : DATA_LOG | 1181762 | VEZjSxlcpgu1JLRUfHGLLLMsm0wqbyJ6fy2rl33V8jg= | 8330.12 | 6.54161 | 2984.18 | -0.269814 | -0.962912 | 0 | none | -1 | 180 | 0 | 0 | 0 | 0 | 0 | 0 | 0 | 0 | 1 | camera | no_target | -0.269814 | 0 | -0.962912 | -0.269814 |
SCRIPT       : DATA_LOG | 1182739 | aRapBi1cCZPZAGLIDny3dk3hQ8vTmNTLHRl8zxmKgQ0= | 2187.03 | 314.24 | 6308.59 | -0.242706 | -0.9701 | 0 | SCARH_Black | 1 | 154.054 | 331.56 | 0 | 1 | 1 | 0 | 0 | 0 | 0 | 1 | camera | target | -0.242706 | 0 | -0.9701 | -0.2
SCRIPT       : DATA_LOG | 1182759 | VEZjSxlcpgu1JLRUfHGLLLMsm0wqbyJ6fy2rl33V8jg= | 8330.12 | 6.54161 | 2984.18 | -0.269814 | -0.962912 | 0 | none | -1 | 180 | 0 | 0 | 0 | 0 | 0 | 0 | 0 | 0 | 1 | camera | no_target | -0.269814 | 0 | -0.962912 | -0.269814 |
SCRIPT       : DATA_LOG | 1183745 | aRapBi1cCZPZAGLIDny3dk3hQ8vTmNTLHRl8zxmKgQ0= | 2189.09 | 314.23 | 6306.03 | 0.80801 | -0.589169 | 0 | SCARH_Black | 0 | 87.2007 | 332.257 | 0 | 1 | 1 | 0 | 0 | 0 | 0 | 1 | camera | TreeSoft_t_FagusSylvatica_1s | 0.80801
SCRIPT       : DATA_LOG | 1183770 | VEZjSxlcpgu1JLRUfHGLLLMsm0wqbyJ6fy2rl33V8jg= | 8330.12 | 6.54161 | 2984.18 | -0.269814 | -0.962912 | 0 | none | -1 | 180 | 0 | 0 | 0 | 0 | 0 | 0 | 0 | 0 | 1 | camera | no_target | -0.269814 | 0 | -0.962912 | -0.269814 |
SCRIPT       : DATA_LOG | 1184739 | aRapBi1cCZPZAGLIDny3dk3hQ8vTmNTLHRl8zxmKgQ0= | 2191.18 | 314.282 | 6305.33 | 0.87261 | -0.488418 | 0 | SCARH_Black | 1 | 80.7259 | 331.483 | 0 | 1 | 1 | 0 | 0 | 0 | 0 | 1 | camera | target | 0.87261 | 0 | -0.488418 | 0.
SCRIPT       : DATA_LOG | 1184841 | VEZjSxlcpgu1JLRUfHGLLLMsm0wqbyJ6fy2rl33V8jg= | 8330.12 | 6.54161 | 2984.18 | 0.0862644 | -0.996272 | 0 | none | -1 | 180 | 0 | 0 | 0 | 0 | 0 | 0 | 0 | 0 | 1 | camera | no_target | 0.0862644 | 0 | -0.996272 | 0.0862644 |
SCRIPT       : DATA_LOG | 1185747 | aRapBi1cCZPZAGLIDny3dk3hQ8vTmNTLHRl8zxmKgQ0= | 2192.26 | 314.27 | 6304.08 | 0.348664 | 0.937248 | 0 | SCARH_Black | 1 | 18.6279 | 331.795 | 0 | 1 | 1 | 0 | 0 | 0 | 0 | 1 | camera | target | 0.348664 | 0 | 0.937248 | 0.3
SCRIPT       : DATA_LOG | 1185770 | VEZjSxlcpgu1JLRUfHGLLLMsm0wqbyJ6fy2rl33V8jg= | 8330.12 | 6.54161 | 2984.18 | 0.894058 | 0.447951 | 0 | none | -1 | 180 | 0 | 0 | 0 | 0 | 0 | 0 | 0 | 0 | 1 | camera | no_target | 0.894058 | 0 | 0.447951 | 0.894058 | 0 | 
SCRIPT       : DATA_LOG | 1186748 | aRapBi1cCZPZAGLIDny3dk3hQ8vTmNTLHRl8zxmKgQ0= | 2194.61 | 314.28 | 6302.33 | 0.545003 | 0.838434 | 0 | SCARH_Black | 1 | 7.15146 | 331.721 | 0 | 1 | 1 | 0 | 0 | 0 | 0 | 1 | camera | target | 0.545003 | 0 | 0.838434 | 0.5
SCRIPT       : DATA_LOG | 1186769 | VEZjSxlcpgu1JLRUfHGLLLMsm0wqbyJ6fy2rl33V8jg= | 8330.12 | 6.54161 | 2984.18 | 0.978232 | -0.207515 | 0 | none | -1 | 180 | 0 | 0 | 0 | 0 | 0 | 0 | 0 | 0 | 1 | camera | no_target | 0.978232 | 0 | -0.207515 | 0.978232 | 0 
SCRIPT       : DATA_LOG | 1187787 | aRapBi1cCZPZAGLIDny3dk3hQ8vTmNTLHRl8zxmKgQ0= | 2196.99 | 314.288 | 6300.51 | 0.545236 | 0.838283 | 0 | SCARH_Black | 1 | 6.80936 | 331.711 | 0 | 1 | 1 | 0 | 0 | 0 | 0 | 1 | camera | target | 0.545236 | 0 | 0.838283 | 0.
SCRIPT       : DATA_LOG | 1187806 | VEZjSxlcpgu1JLRUfHGLLLMsm0wqbyJ6fy2rl33V8jg= | 8330.11 | 6.53768 | 2984.13 | 0.781133 | -0.624364 | 0 | none | -1 | 180 | 0 | 0 | 0 | 0 | 0 | 0 | 0 | 0 | 1 | camera | no_target | 0.781133 | 0 | -0.624364 | 0.781133 | 0 
SCRIPT       : DATA_LOG | 1188783 | aRapBi1cCZPZAGLIDny3dk3hQ8vTmNTLHRl8zxmKgQ0= | 2197.72 | 314.178 | 6297.17 | 0.545236 | 0.838283 | 0 | SCARH_Black | 1 | 6.52844 | 333.951 | 0 | 1 | 1 | 0 | 0 | 0 | 0 | 1 | camera | target | 0.545236 | 0 | 0.838283 | 0.
SCRIPT       : DATA_LOG | 1188806 | VEZjSxlcpgu1JLRUfHGLLLMsm0wqbyJ6fy2rl33V8jg= | 8330.22 | 6.4675 | 2982.96 | 0.188083 | -0.982153 | 0 | none | -1 | 180 | 0 | 0 | 0 | 0 | 0 | 0 | 0 | 0 | 1 | camera | no_target | 0.188083 | 0 | -0.982153 | 0.188083 | 0 |
SCRIPT       : DATA_LOG | 1189785 | aRapBi1cCZPZAGLIDny3dk3hQ8vTmNTLHRl8zxmKgQ0= | 2198.06 | 314.092 | 6294.81 | 0.587794 | 0.809011 | 1 | SCARH_Black | 1 | 5.35778 | 335.634 | 0 | 1 | 1 | 0 | 0 | 0 | 1 | 1 | camera | target | 0.587794 | 0 | 0.809011 | 0.
SCRIPT       : DATA_LOG | 1189805 | VEZjSxlcpgu1JLRUfHGLLLMsm0wqbyJ6fy2rl33V8jg= | 8330.22 | 6.4675 | 2982.96 | 0.188083 | -0.982153 | 0 | none | -1 | 180 | 0 | 0 | 0 | 0 | 0 | 0 | 0 | 0 | 1 | camera | no_target | 0.188083 | 0 | -0.982153 | 0.188083 | 0 |
SCRIPT       : DATA_LOG | 1190790 | aRapBi1cCZPZAGLIDny3dk3hQ8vTmNTLHRl8zxmKgQ0= | 2197.51 | 313.996 | 6292.76 | 0.321999 | -0.94674 | 0 | SCARH_Black | 1 | 124.672 | 337.616 | 0 | 1 | 1 | 0 | 0 | 0 | 0 | 1 | camera | target | 0.321999 | 0 | -0.94674 | 0.
SCRIPT       : DATA_LOG | 1190812 | VEZjSxlcpgu1JLRUfHGLLLMsm0wqbyJ6fy2rl33V8jg= | 8330.22 | 6.4675 | 2982.96 | 0.549061 | -0.835782 | 0 | none | -1 | 180 | 0 | 0 | 0 | 0 | 0 | 0 | 0 | 0 | 1 | camera | no_target | 0.549061 | 0 | -0.835782 | 0.549061 | 0 |
SCRIPT       : DATA_LOG | 1191791 | aRapBi1cCZPZAGLIDny3dk3hQ8vTmNTLHRl8zxmKgQ0= | 2194.86 | 313.966 | 6293.99 | -0.663636 | -0.748056 | 0 | SCARH_Black | 1 | 172.898 | 338.212 | 0 | 1 | 1 | 0 | 0 | 0 | 0 | 1 | camera | target | -0.663636 | 0 | -0.748056 
SCRIPT       : DATA_LOG | 1191811 | VEZjSxlcpgu1JLRUfHGLLLMsm0wqbyJ6fy2rl33V8jg= | 8330.22 | 6.4675 | 2982.96 | -0.976589 | 0.215114 | 0 | none | -1 | 180 | 0 | 0 | 0 | 0 | 0 | 0 | 0 | 0 | 1 | camera | no_target | -0.976589 | -0 | 0.215114 | -0.976589 | 0
SCRIPT       : DATA_LOG | 1192794 | aRapBi1cCZPZAGLIDny3dk3hQ8vTmNTLHRl8zxmKgQ0= | 2192.82 | 313.76 | 6289.72 | -0.39429 | -0.918986 | 0 | SCARH_Black | 1 | 165.541 | 342.85 | 0 | 1 | 1 | 0 | 0 | 0 | 0 | 1 | camera | target | -0.39429 | 0 | -0.918986 | -0
SCRIPT       : DATA_LOG | 1192817 | VEZjSxlcpgu1JLRUfHGLLLMsm0wqbyJ6fy2rl33V8jg= | 8330.22 | 6.4675 | 2982.96 | -0.837392 | 0.546602 | 0 | none | -1 | 180 | 0 | 0 | 0 | 0 | 0 | 0 | 0 | 0 | 1 | camera | no_target | -0.837392 | -0 | 0.546602 | -0.837392 | 0
SCRIPT       : DATA_LOG | 1193797 | aRapBi1cCZPZAGLIDny3dk3hQ8vTmNTLHRl8zxmKgQ0= | 2189.84 | 313.529 | 6283.78 | -0.359219 | -0.933253 | 0 | SCARH_Black | 1 | 163.705 | 349.381 | 0 | 1 | 1 | 0 | 0 | 0 | 0 | 1 | camera | target | -0.359219 | 0 | -0.933253 
SCRIPT       : DATA_LOG | 1193820 | VEZjSxlcpgu1JLRUfHGLLLMsm0wqbyJ6fy2rl33V8jg= | 8330.22 | 6.4675 | 2982.96 | -0.837392 | 0.546602 | 0 | none | -1 | 180 | 0 | 0 | 0 | 0 | 0 | 0 | 0 | 0 | 1 | camera | no_target | -0.837392 | -0 | 0.546602 | -0.837392 | 0
SCRIPT       : DATA_LOG | 1194796 | aRapBi1cCZPZAGLIDny3dk3hQ8vTmNTLHRl8zxmKgQ0= | 2187.47 | 313.298 | 6277.52 | -0.285882 | -0.958265 | 0 | SCARH_Black | 1 | 159.751 | 355.815 | 0 | 1 | 1 | 0 | 0 | 0 | 0 | 1 | camera | none | -0.285882 | 0 | -0.958265 | 
SCRIPT       : DATA_LOG | 1194822 | VEZjSxlcpgu1JLRUfHGLLLMsm0wqbyJ6fy2rl33V8jg= | 8330.22 | 6.4675 | 2982.96 | 0.446101 | 0.894983 | 0 | none | -1 | 180 | 0 | 0 | 0 | 0 | 0 | 0 | 0 | 0 | 1 | camera | no_target | 0.446101 | 0 | 0.894983 | 0.446101 | 0 | 0
SCRIPT       : DATA_LOG | 1195789 | aRapBi1cCZPZAGLIDny3dk3hQ8vTmNTLHRl8zxmKgQ0= | 2185.08 | 313.065 | 6271.27 | -0.246425 | -0.969162 | 0 | SCARH_Black | 1 | 157.764 | 362.288 | 0 | 1 | 1 | 0 | 0 | 0 | 0 | 1 | camera | target | -0.246425 | 0 | -0.969162 
SCRIPT       : DATA_LOG | 1195805 | VEZjSxlcpgu1JLRUfHGLLLMsm0wqbyJ6fy2rl33V8jg= | 8330.22 | 6.4675 | 2982.96 | 0.446101 | 0.894983 | 0 | none | -1 | 180 | 0 | 0 | 0 | 0 | 0 | 0 | 0 | 0 | 1 | camera | no_target | 0.446101 | 0 | 0.894983 | 0.446101 | 0 | 0
SCRIPT       : DATA_LOG | 1196791 | aRapBi1cCZPZAGLIDny3dk3hQ8vTmNTLHRl8zxmKgQ0= | 2183.6 | 312.823 | 6264.73 | -0.192877 | -0.981223 | 0 | SCARH_Black | 0 | 155.108 | 368.446 | 0 | 1 | 1 | 0 | 0 | 0 | 0 | 1 | camera | TreeHard_t_naked_2s | -0.192877 | 0 
SCRIPT       : DATA_LOG | 1196809 | VEZjSxlcpgu1JLRUfHGLLLMsm0wqbyJ6fy2rl33V8jg= | 8330.22 | 6.4675 | 2982.96 | 0.446101 | 0.894983 | 0 | none | -1 | 180 | 0 | 0 | 0 | 0 | 0 | 0 | 0 | 0 | 1 | camera | no_target | 0.446101 | 0 | 0.894983 | 0.446101 | 0 | 0
SCRIPT       : DATA_LOG | 1197802 | aRapBi1cCZPZAGLIDny3dk3hQ8vTmNTLHRl8zxmKgQ0= | 2182.35 | 312.663 | 6260.82 | -0.192782 | -0.981242 | 0 | SCARH_Black | 0 | 155.297 | 372.366 | 0 | 1 | 1 | 0 | 0 | 0 | 0 | 1 | camera | TreeHard_t_naked_2s | -0.192782 | 0
SCRIPT       : DATA_LOG | 1197824 | VEZjSxlcpgu1JLRUfHGLLLMsm0wqbyJ6fy2rl33V8jg= | 8330.22 | 6.4675 | 2982.96 | 0.446101 | 0.894983 | 0 | none | -1 | 180 | 0 | 0 | 0 | 0 | 0 | 0 | 0 | 0 | 1 | camera | no_target | 0.446101 | 0 | 0.894983 | 0.446101 | 0 | 0
SCRIPT       : DATA_LOG | 1198796 | aRapBi1cCZPZAGLIDny3dk3hQ8vTmNTLHRl8zxmKgQ0= | 2182.62 | 312.598 | 6258.21 | -0.736085 | -0.676889 | 0 | SCARH_Black | 0 | 166.704 | 374.338 | 0 | 1 | 1 | 0 | 0 | 0 | 0 | 1 | camera | TreeHard_t_naked_2s | -0.736085 | 0
SCRIPT       : DATA_LOG | 1198819 | VEZjSxlcpgu1JLRUfHGLLLMsm0wqbyJ6fy2rl33V8jg= | 8330.22 | 6.4675 | 2982.96 | 0.446101 | 0.894983 | 0 | none | -1 | 180 | 0 | 0 | 0 | 0 | 0 | 0 | 0 | 0 | 1 | camera | no_target | 0.446101 | 0 | 0.894983 | 0.446101 | 0 | 0
SCRIPT       : DATA_LOG | 1199802 | aRapBi1cCZPZAGLIDny3dk3hQ8vTmNTLHRl8zxmKgQ0= | 2180.9 | 312.483 | 6255.46 | -0.904698 | 0.426054 | 0 | SCARH_Black | 0 | 99.7854 | 377.567 | 0 | 1 | 1 | 0 | 0 | 0 | 0 | 1 | camera | TreeHard_t_naked_2s | -0.904698 | 0 |
SCRIPT       : DATA_LOG | 1199826 | VEZjSxlcpgu1JLRUfHGLLLMsm0wqbyJ6fy2rl33V8jg= | 8330.22 | 6.4675 | 2982.96 | 0.446101 | 0.894983 | 0 | none | -1 | 180 | 0 | 0 | 0 | 0 | 0 | 0 | 0 | 0 | 1 | camera | no_target | 0.446101 | 0 | 0.894983 | 0.446101 | 0 | 0
SCRIPT       : DATA_LOG | 1200802 | aRapBi1cCZPZAGLIDny3dk3hQ8vTmNTLHRl8zxmKgQ0= | 2177.69 | 312.429 | 6254.66 | -0.751631 | 0.659584 | 0 | SCARH_Black | 1 | 84.121 | 380.074 | 0 | 1 | 1 | 0 | 0 | 0 | 0 | 1 | camera | target | -0.751631 | 0 | 0.659584 | -
SCRIPT       : DATA_LOG | 1200822 | VEZjSxlcpgu1JLRUfHGLLLMsm0wqbyJ6fy2rl33V8jg= | 8330.22 | 6.4675 | 2982.96 | 0.446101 | 0.894983 | 0 | none | -1 | 180 | 0 | 0 | 0 | 0 | 0 | 0 | 0 | 0 | 1 | camera | no_target | 0.446101 | 0 | 0.894983 | 0.446101 | 0 | 0
SCRIPT       : DATA_LOG | 1201910 | aRapBi1cCZPZAGLIDny3dk3hQ8vTmNTLHRl8zxmKgQ0= | 2175.05 | 312.397 | 6254.29 | -0.751629 | 0.659586 | 0 | SCARH_Black | 1 | 84.4126 | 381.894 | 0 | 1 | 1 | 0 | 0 | 0 | 0 | 1 | camera | target | -0.751629 | 0 | 0.659586 | 
SCRIPT       : DATA_LOG | 1201929 | VEZjSxlcpgu1JLRUfHGLLLMsm0wqbyJ6fy2rl33V8jg= | 8330.22 | 6.4675 | 2982.96 | 0.446101 | 0.894983 | 0 | none | -1 | 180 | 0 | 0 | 0 | 0 | 0 | 0 | 0 | 0 | 1 | camera | no_target | 0.446101 | 0 | 0.894983 | 0.446101 | 0 | 0
SCRIPT       : DATA_LOG | 1202917 | aRapBi1cCZPZAGLIDny3dk3hQ8vTmNTLHRl8zxmKgQ0= | 2173.45 | 312.449 | 6251.1 | -0.774327 | -0.632785 | 0 | SCARH_Black | 1 | 164.081 | 385.412 | 0 | 1 | 1 | 0 | 0 | 0 | 0 | 1 | camera | target | -0.774327 | 0 | -0.632785 |
SCRIPT       : DATA_LOG | 1202935 | VEZjSxlcpgu1JLRUfHGLLLMsm0wqbyJ6fy2rl33V8jg= | 8330.22 | 6.4675 | 2982.96 | 0.446101 | 0.894983 | 0 | none | -1 | 180 | 0 | 0 | 0 | 0 | 0 | 0 | 0 | 0 | 1 | camera | no_target | 0.446101 | 0 | 0.894983 | 0.446101 | 0 | 0
SCRIPT       : DATA_LOG | 1203917 | aRapBi1cCZPZAGLIDny3dk3hQ8vTmNTLHRl8zxmKgQ0= | 2174.27 | 312.507 | 6247.72 | 0.714113 | -0.70003 | 0 | SCARH_Black | 0 | 99.2108 | 387.678 | 0 | 1 | 1 | 0 | 0 | 0 | 0 | 1 | camera | TreeHard_t_naked_2s | 0.714113 | 0 | 
SCRIPT       : DATA_LOG | 1203938 | VEZjSxlcpgu1JLRUfHGLLLMsm0wqbyJ6fy2rl33V8jg= | 8330.22 | 6.4675 | 2982.96 | 0.446101 | 0.894983 | 0 | none | -1 | 180 | 0 | 0 | 0 | 0 | 0 | 0 | 0 | 0 | 1 | camera | no_target | 0.446101 | 0 | 0.894983 | 0.446101 | 0 | 0
SCRIPT       : DATA_LOG | 1204977 | aRapBi1cCZPZAGLIDny3dk3hQ8vTmNTLHRl8zxmKgQ0= | 2172.68 | 312.562 | 6246.18 | 0.836296 | 0.548278 | 0 | SCARH_Black | 0 | 22.0113 | 389.846 | 0 | 1 | 1 | 0 | 0 | 0 | 0 | 1 | camera | TreeHard_t_naked_2s | 0.836296 | 0 | 
SCRIPT       : DATA_LOG | 1204999 | VEZjSxlcpgu1JLRUfHGLLLMsm0wqbyJ6fy2rl33V8jg= | 8330.22 | 6.4675 | 2982.96 | 0.446101 | 0.894983 | 0 | none | -1 | 180 | 0 | 0 | 0 | 0 | 0 | 0 | 0 | 0 | 1 | camera | no_target | 0.446101 | 0 | 0.894983 | 0.446101 | 0 | 0
SCRIPT       : DATA_LOG | 1206360 | aRapBi1cCZPZAGLIDny3dk3hQ8vTmNTLHRl8zxmKgQ0= | 2171.83 | 312.64 | 6243.56 | 0.603944 | 0.797027 | 1 | SCARH_Black | 0 | 5.18406 | 392.461 | 0 | 1 | 1 | 0 | 0 | 0 | 1 | 1 | camera | TreeHard_t_naked_2s | 0.603944 | 0 | 0
SCRIPT       : DATA_LOG | 1206385 | VEZjSxlcpgu1JLRUfHGLLLMsm0wqbyJ6fy2rl33V8jg= | 8330.22 | 6.4675 | 2982.96 | 0.446101 | 0.894983 | 0 | none | -1 | 180 | 0 | 0 | 0 | 0 | 0 | 0 | 0 | 0 | 1 | camera | no_target | 0.446101 | 0 | 0.894983 | 0.446101 | 0 | 0
SCRIPT       : DATA_LOG | 1207680 | aRapBi1cCZPZAGLIDny3dk3hQ8vTmNTLHRl8zxmKgQ0= | 2171.13 | 312.654 | 6243.43 | 0.560388 | 0.82823 | 1 | SCARH_Black | 0 | 4.89345 | 392.965 | 0 | 1 | 1 | 1 | 1 | 1 | 1 | 1 | camera | TreeHard_t_naked_2s | 0.560388 | 0 | 0
SCRIPT       : DATA_LOG | 1207699 | VEZjSxlcpgu1JLRUfHGLLLMsm0wqbyJ6fy2rl33V8jg= | 8330.22 | 6.4675 | 2982.96 | 0.446101 | 0.894983 | 0 | none | -1 | 180 | 0 | 0 | 0 | 0 | 0 | 0 | 0 | 0 | 1 | camera | no_target | 0.446101 | 0 | 0.894983 | 0.446101 | 0 | 0
SCRIPT       : DATA_LOG | 1210048 | aRapBi1cCZPZAGLIDny3dk3hQ8vTmNTLHRl8zxmKgQ0= | 2173.15 | 312.643 | 6242.96 | 0.936389 | 0.350965 | 0 | SCARH_Black | 1 | 34.8232 | 392.191 | 0 | 1 | 1 | 0 | 0 | 0 | 0 | 1 | camera | target | 0.936389 | 0 | 0.350965 | 0.
SCRIPT       : DATA_LOG | 1210080 | VEZjSxlcpgu1JLRUfHGLLLMsm0wqbyJ6fy2rl33V8jg= | 8330.22 | 6.4675 | 2982.96 | 0.446101 | 0.894983 | 0 | none | -1 | 180 | 0 | 0 | 0 | 0 | 0 | 0 | 0 | 0 | 1 | camera | no_target | 0.446101 | 0 | 0.894983 | 0.446101 | 0 | 0
SCRIPT       : DATA_LOG | 1211039 | aRapBi1cCZPZAGLIDny3dk3hQ8vTmNTLHRl8zxmKgQ0= | 2175.47 | 312.673 | 6240.95 | 0.792186 | -0.610279 | 0 | SCARH_Black | 1 | 93.1283 | 392.509 | 0 | 1 | 1 | 0 | 0 | 0 | 0 | 1 | camera | target | 0.792186 | 0 | -0.610279 | 
SCRIPT       : DATA_LOG | 1211064 | VEZjSxlcpgu1JLRUfHGLLLMsm0wqbyJ6fy2rl33V8jg= | 8330.22 | 6.4675 | 2982.96 | 0.446101 | 0.894983 | 0 | none | -1 | 180 | 0 | 0 | 0 | 0 | 0 | 0 | 0 | 0 | 1 | camera | no_target | 0.446101 | 0 | 0.894983 | 0.446101 | 0 | 0
SCRIPT       : DATA_LOG | 1212047 | aRapBi1cCZPZAGLIDny3dk3hQ8vTmNTLHRl8zxmKgQ0= | 2177.91 | 312.702 | 6238.82 | 0.961116 | -0.276144 | 0 | SCARH_Black | 1 | 72.0946 | 392.903 | 0 | 1 | 1 | 0 | 0 | 0 | 0 | 1 | camera | target | 0.961116 | 0 | -0.276144 | 
SCRIPT       : DATA_LOG | 1212075 | VEZjSxlcpgu1JLRUfHGLLLMsm0wqbyJ6fy2rl33V8jg= | 8330.22 | 6.4675 | 2982.96 | 0.446101 | 0.894983 | 0 | none | -1 | 180 | 0 | 0 | 0 | 0 | 0 | 0 | 0 | 0 | 1 | camera | no_target | 0.446101 | 0 | 0.894983 | 0.446101 | 0 | 0
SCRIPT       : DATA_LOG | 1213082 | aRapBi1cCZPZAGLIDny3dk3hQ8vTmNTLHRl8zxmKgQ0= | 2181.31 | 312.686 | 6237.89 | 0.996807 | -0.0798503 | 0 | SCARH_Black | 1 | 61.1799 | 391.787 | 0 | 1 | 1 | 0 | 0 | 0 | 0 | 1 | camera | target | 0.996807 | 0 | -0.0798503 
SCRIPT       : DATA_LOG | 1213109 | VEZjSxlcpgu1JLRUfHGLLLMsm0wqbyJ6fy2rl33V8jg= | 8330.22 | 6.4675 | 2982.96 | 0.446101 | 0.894983 | 0 | none | -1 | 180 | 0 | 0 | 0 | 0 | 0 | 0 | 0 | 0 | 1 | camera | no_target | 0.446101 | 0 | 0.894983 | 0.446101 | 0 | 0
SCRIPT       : DATA_LOG | 1214061 | aRapBi1cCZPZAGLIDny3dk3hQ8vTmNTLHRl8zxmKgQ0= | 2184.87 | 312.677 | 6236.89 | 0.954579 | -0.297957 | 0 | SCARH_Black | 1 | 74.3985 | 390.685 | 0 | 1 | 1 | 0 | 0 | 0 | 0 | 1 | camera | target | 0.954579 | 0 | -0.297957 | 
SCRIPT       : DATA_LOG | 1214080 | VEZjSxlcpgu1JLRUfHGLLLMsm0wqbyJ6fy2rl33V8jg= | 8330.22 | 6.4675 | 2982.96 | 0.446101 | 0.894983 | 0 | none | -1 | 180 | 0 | 0 | 0 | 0 | 0 | 0 | 0 | 0 | 1 | camera | no_target | 0.446101 | 0 | 0.894983 | 0.446101 | 0 | 0
SCRIPT       : DATA_LOG | 1215061 | aRapBi1cCZPZAGLIDny3dk3hQ8vTmNTLHRl8zxmKgQ0= | 2185.54 | 312.7 | 6234.4 | 0.954579 | -0.297959 | 0 | SVD_Wooden | 0 | 74.6782 | 392.399 | 0 | 1 | 1 | 0 | 0 | 0 | 0 | 1 | camera | TreeHard_t_FagusSylvatica_2s | 0.954579 
SCRIPT       : DATA_LOG | 1215087 | VEZjSxlcpgu1JLRUfHGLLLMsm0wqbyJ6fy2rl33V8jg= | 8330.22 | 6.4675 | 2982.96 | 0.446101 | 0.894983 | 0 | none | -1 | 180 | 0 | 0 | 0 | 0 | 0 | 0 | 0 | 0 | 1 | camera | no_target | 0.446101 | 0 | 0.894983 | 0.446101 | 0 | 0
SCRIPT       : DATA_LOG | 1216066 | aRapBi1cCZPZAGLIDny3dk3hQ8vTmNTLHRl8zxmKgQ0= | 2184.31 | 312.826 | 6231.79 | 0.600941 | 0.799293 | 0 | SVD_Wooden | 0 | 6.36236 | 395.242 | 0 | 1 | 1 | 0 | 0 | 0 | 0 | 1 | camera | TreeHard_t_FagusSylvatica_2s | 0.60094
SCRIPT       : DATA_LOG | 1216087 | VEZjSxlcpgu1JLRUfHGLLLMsm0wqbyJ6fy2rl33V8jg= | 8330.22 | 6.4675 | 2982.96 | 0.446101 | 0.894983 | 0 | none | -1 | 180 | 0 | 0 | 0 | 0 | 0 | 0 | 0 | 0 | 1 | camera | no_target | 0.446101 | 0 | 0.894983 | 0.446101 | 0 | 0
SCRIPT       : DATA_LOG | 1217064 | aRapBi1cCZPZAGLIDny3dk3hQ8vTmNTLHRl8zxmKgQ0= | 2181.3 | 313.125 | 6231.1 | 0.528153 | 0.849149 | 0 | SVD_Wooden | 1 | 4.76789 | 397.427 | 0 | 1 | 1 | 1 | 0 | 0 | 0 | 1 | camera | target | 0.528153 | 0 | 0.849149 | 0.528
SCRIPT       : DATA_LOG | 1217087 | VEZjSxlcpgu1JLRUfHGLLLMsm0wqbyJ6fy2rl33V8jg= | 8330.22 | 6.4675 | 2982.96 | 0.446101 | 0.894983 | 0 | none | -1 | 180 | 0 | 0 | 0 | 0 | 0 | 0 | 0 | 0 | 1 | camera | no_target | 0.446101 | 0 | 0.894983 | 0.446101 | 0 | 0
SCRIPT       : DATA_LOG | 1218086 | aRapBi1cCZPZAGLIDny3dk3hQ8vTmNTLHRl8zxmKgQ0= | 2178.74 | 313.371 | 6230.49 | 0.528152 | 0.84915 | 0 | SVD_Wooden | 0 | 4.78004 | 399.292 | 0 | 1 | 1 | 1 | 0 | 0 | 0 | 1 | camera | TreeHard_t_PiceaAbies_3f | 0.528152 | 0
SCRIPT       : DATA_LOG | 1218110 | VEZjSxlcpgu1JLRUfHGLLLMsm0wqbyJ6fy2rl33V8jg= | 8330.22 | 6.4675 | 2982.96 | 0.446101 | 0.894983 | 0 | none | -1 | 180 | 0 | 0 | 0 | 0 | 0 | 0 | 0 | 0 | 1 | camera | no_target | 0.446101 | 0 | 0.894983 | 0.446101 | 0 | 0
SCRIPT       : DATA_LOG | 1219066 | aRapBi1cCZPZAGLIDny3dk3hQ8vTmNTLHRl8zxmKgQ0= | 2180.59 | 313.507 | 6228.86 | 0.60687 | 0.794801 | 0 | SVD_Wooden | 1 | 6.39378 | 399.654 | 0 | 1 | 1 | 0 | 0 | 0 | 0 | 1 | camera | target | 0.60687 | 0 | 0.794801 | 0.606
SCRIPT       : DATA_LOG | 1219092 | VEZjSxlcpgu1JLRUfHGLLLMsm0wqbyJ6fy2rl33V8jg= | 8330.22 | 6.4675 | 2982.96 | 0.446101 | 0.894983 | 0 | none | -1 | 180 | 0 | 0 | 0 | 0 | 0 | 0 | 0 | 0 | 1 | camera | no_target | 0.446101 | 0 | 0.894983 | 0.446101 | 0 | 0
SCRIPT       : DATA_LOG | 1220066 | aRapBi1cCZPZAGLIDny3dk3hQ8vTmNTLHRl8zxmKgQ0= | 2179.97 | 313.521 | 6229.02 | 0.793468 | 0.608612 | 0 | SVD_Wooden | 1 | 20.0487 | 399.851 | 0 | 1 | 1 | 0 | 0 | 0 | 0 | 1 | camera | target | 0.793468 | 0 | 0.608612 | 0.7
SCRIPT       : DATA_LOG | 1220086 | VEZjSxlcpgu1JLRUfHGLLLMsm0wqbyJ6fy2rl33V8jg= | 8330.22 | 6.4675 | 2982.96 | 0.446101 | 0.894983 | 0 | none | -1 | 180 | 0 | 0 | 0 | 0 | 0 | 0 | 0 | 0 | 1 | camera | no_target | 0.446101 | 0 | 0.894983 | 0.446101 | 0 | 0
SCRIPT       : DATA_LOG | 1221069 | aRapBi1cCZPZAGLIDny3dk3hQ8vTmNTLHRl8zxmKgQ0= | 2179.97 | 313.521 | 6229.02 | 0.793468 | 0.608612 | 0 | SVD_Wooden | 1 | 20.0484 | 399.858 | 0 | 1 | 1 | 0 | 0 | 0 | 0 | 1 | camera | target | 0.793468 | 0 | 0.608612 | 0.7
SCRIPT       : DATA_LOG | 1221092 | VEZjSxlcpgu1JLRUfHGLLLMsm0wqbyJ6fy2rl33V8jg= | 8330.22 | 6.4675 | 2982.96 | 0.446101 | 0.894983 | 0 | none | -1 | 180 | 0 | 0 | 0 | 0 | 0 | 0 | 0 | 0 | 1 | camera | no_target | 0.446101 | 0 | 0.894983 | 0.446101 | 0 | 0
SCRIPT       : DATA_LOG | 1222071 | aRapBi1cCZPZAGLIDny3dk3hQ8vTmNTLHRl8zxmKgQ0= | 2179.76 | 313.478 | 6229.38 | 0.873037 | 0.487654 | 0 | SVD_Wooden | 0 | 28.1361 | 399.673 | 0 | 1 | 1 | 0 | 0 | 0 | 0 | 1 | camera | SmallStone | 0.873037 | 0 | 0.487654 |
SCRIPT       : DATA_LOG | 1222092 | VEZjSxlcpgu1JLRUfHGLLLMsm0wqbyJ6fy2rl33V8jg= | 8330.22 | 6.4675 | 2982.96 | 0.446101 | 0.894983 | 0 | none | -1 | 180 | 0 | 0 | 0 | 0 | 0 | 0 | 0 | 0 | 1 | camera | no_target | 0.446101 | 0 | 0.894983 | 0.446101 | 0 | 0
SCRIPT       : DATA_LOG | 1223072 | aRapBi1cCZPZAGLIDny3dk3hQ8vTmNTLHRl8zxmKgQ0= | 2179.5 | 313.421 | 6229.86 | 0.879832 | 0.475285 | 1 | SVD_Wooden | 1 | 28.8664 | 399.409 | 0 | 1 | 1 | 0 | 0 | 0 | 1 | 1 | camera | target | 0.879832 | 0 | 0.475285 | 0.87
SCRIPT       : DATA_LOG | 1223096 | VEZjSxlcpgu1JLRUfHGLLLMsm0wqbyJ6fy2rl33V8jg= | 8330.22 | 6.4675 | 2982.96 | 0.446101 | 0.894983 | 0 | none | -1 | 180 | 0 | 0 | 0 | 0 | 0 | 0 | 0 | 0 | 1 | camera | no_target | 0.446101 | 0 | 0.894983 | 0.446101 | 0 | 0
SCRIPT       : DATA_LOG | 1224074 | aRapBi1cCZPZAGLIDny3dk3hQ8vTmNTLHRl8zxmKgQ0= | 2179.5 | 313.421 | 6229.86 | 0.879832 | 0.475285 | 1 | SVD_Wooden | 1 | 28.8675 | 399.42 | 0 | 1 | 1 | 0 | 0 | 0 | 1 | 1 | camera | target | 0.879832 | 0 | 0.475285 | 0.879
SCRIPT       : DATA_LOG | 1224097 | VEZjSxlcpgu1JLRUfHGLLLMsm0wqbyJ6fy2rl33V8jg= | 8330.22 | 6.4675 | 2982.96 | 0.446101 | 0.894983 | 0 | none | -1 | 180 | 0 | 0 | 0 | 0 | 0 | 0 | 0 | 0 | 1 | camera | no_target | 0.446101 | 0 | 0.894983 | 0.446101 | 0 | 0
SCRIPT       : DATA_LOG | 1225071 | aRapBi1cCZPZAGLIDny3dk3hQ8vTmNTLHRl8zxmKgQ0= | 2179.5 | 313.421 | 6229.86 | 0.879832 | 0.475285 | 1 | SVD_Wooden | 1 | 28.8668 | 399.399 | 0 | 1 | 1 | 0 | 0 | 0 | 1 | 1 | camera | target | 0.879832 | 0 | 0.475285 | 0.87
SCRIPT       : DATA_LOG | 1225094 | VEZjSxlcpgu1JLRUfHGLLLMsm0wqbyJ6fy2rl33V8jg= | 8330.22 | 6.4675 | 2982.96 | 0.446101 | 0.894983 | 0 | none | -1 | 180 | 0 | 0 | 0 | 0 | 0 | 0 | 0 | 0 | 1 | camera | no_target | 0.446101 | 0 | 0.894983 | 0.446101 | 0 | 0
SCRIPT       : DATA_LOG | 1226073 | aRapBi1cCZPZAGLIDny3dk3hQ8vTmNTLHRl8zxmKgQ0= | 2179.5 | 313.421 | 6229.86 | 0.879832 | 0.475285 | 1 | SVD_Wooden | 1 | 28.8673 | 399.414 | 0 | 1 | 1 | 0 | 0 | 0 | 1 | 1 | camera | target | 0.879832 | 0 | 0.475285 | 0.87
SCRIPT       : DATA_LOG | 1226094 | VEZjSxlcpgu1JLRUfHGLLLMsm0wqbyJ6fy2rl33V8jg= | 8330.22 | 6.4675 | 2982.96 | 0.446101 | 0.894983 | 0 | none | -1 | 180 | 0 | 0 | 0 | 0 | 0 | 0 | 0 | 0 | 1 | camera | no_target | 0.446101 | 0 | 0.894983 | 0.446101 | 0 | 0
SCRIPT       : DATA_LOG | 1227068 | aRapBi1cCZPZAGLIDny3dk3hQ8vTmNTLHRl8zxmKgQ0= | 2179.5 | 313.421 | 6229.86 | 0.879832 | 0.475285 | 1 | SVD_Wooden | 1 | 28.8671 | 399.411 | 0 | 1 | 1 | 0 | 0 | 0 | 1 | 1 | camera | target | 0.879832 | 0 | 0.475285 | 0.87
SCRIPT       : DATA_LOG | 1227089 | VEZjSxlcpgu1JLRUfHGLLLMsm0wqbyJ6fy2rl33V8jg= | 8330.22 | 6.4675 | 2982.96 | 0.446101 | 0.894983 | 0 | none | -1 | 180 | 0 | 0 | 0 | 0 | 0 | 0 | 0 | 0 | 1 | camera | no_target | 0.446101 | 0 | 0.894983 | 0.446101 | 0 | 0
SCRIPT       : DATA_LOG | 1228076 | aRapBi1cCZPZAGLIDny3dk3hQ8vTmNTLHRl8zxmKgQ0= | 2180.16 | 313.534 | 6228.85 | 0.832806 | 0.553565 | 0 | SVD_Wooden | 1 | 23.8708 | 399.889 | 0 | 1 | 1 | 0 | 0 | 0 | 0 | 1 | camera | target | 0.832806 | 0 | 0.553565 | 0.8
SCRIPT       : DATA_LOG | 1228099 | VEZjSxlcpgu1JLRUfHGLLLMsm0wqbyJ6fy2rl33V8jg= | 8330.22 | 6.4675 | 2982.96 | 0.446101 | 0.894983 | 0 | none | -1 | 180 | 0 | 0 | 0 | 0 | 0 | 0 | 0 | 0 | 1 | camera | no_target | 0.446101 | 0 | 0.894983 | 0.446101 | 0 | 0
SCRIPT       : DATA_LOG | 1229081 | aRapBi1cCZPZAGLIDny3dk3hQ8vTmNTLHRl8zxmKgQ0= | 2181.03 | 313.686 | 6227.52 | 0.855453 | 0.51788 | 1 | SVD_Wooden | 1 | 26.4499 | 400.532 | 0 | 1 | 1 | 0 | 0 | 0 | 1 | 1 | camera | target | 0.855453 | 0 | 0.51788 | 0.855
SCRIPT       : DATA_LOG | 1229108 | VEZjSxlcpgu1JLRUfHGLLLMsm0wqbyJ6fy2rl33V8jg= | 8330.22 | 6.4675 | 2982.96 | 0.446101 | 0.894983 | 0 | none | -1 | 180 | 0 | 0 | 0 | 0 | 0 | 0 | 0 | 0 | 1 | camera | no_target | 0.446101 | 0 | 0.894983 | 0.446101 | 0 | 0
SCRIPT       : DATA_LOG | 1230082 | aRapBi1cCZPZAGLIDny3dk3hQ8vTmNTLHRl8zxmKgQ0= | 2181.03 | 313.686 | 6227.52 | 0.855453 | 0.51788 | 1 | SVD_Wooden | 1 | 26.4497 | 400.523 | 0 | 1 | 1 | 0 | 0 | 0 | 1 | 1 | camera | target | 0.855453 | 0 | 0.51788 | 0.855
SCRIPT       : DATA_LOG | 1230104 | VEZjSxlcpgu1JLRUfHGLLLMsm0wqbyJ6fy2rl33V8jg= | 8330.22 | 6.4675 | 2982.96 | 0.446101 | 0.894983 | 0 | none | -1 | 180 | 0 | 0 | 0 | 0 | 0 | 0 | 0 | 0 | 1 | camera | no_target | 0.446101 | 0 | 0.894983 | 0.446101 | 0 | 0
SCRIPT       : DATA_LOG | 1231208 | aRapBi1cCZPZAGLIDny3dk3hQ8vTmNTLHRl8zxmKgQ0= | 2181.03 | 313.686 | 6227.52 | 0.855453 | 0.51788 | 1 | SVD_Wooden | 1 | 26.4507 | 400.535 | 0 | 1 | 1 | 0 | 0 | 0 | 1 | 1 | camera | target | 0.855453 | 0 | 0.51788 | 0.855
SCRIPT       : DATA_LOG | 1231230 | VEZjSxlcpgu1JLRUfHGLLLMsm0wqbyJ6fy2rl33V8jg= | 8330.22 | 6.4675 | 2982.96 | 0.446101 | 0.894983 | 0 | none | -1 | 180 | 0 | 0 | 0 | 0 | 0 | 0 | 0 | 0 | 1 | camera | no_target | 0.446101 | 0 | 0.894983 | 0.446101 | 0 | 0
SCRIPT       : DATA_LOG | 1232204 | aRapBi1cCZPZAGLIDny3dk3hQ8vTmNTLHRl8zxmKgQ0= | 2181.03 | 313.686 | 6227.52 | 0.855453 | 0.51788 | 1 | SVD_Wooden | 1 | 26.4501 | 400.513 | 0 | 1 | 1 | 0 | 0 | 0 | 1 | 1 | camera | target | 0.855453 | 0 | 0.51788 | 0.855
SCRIPT       : DATA_LOG | 1232230 | VEZjSxlcpgu1JLRUfHGLLLMsm0wqbyJ6fy2rl33V8jg= | 8330.22 | 6.4675 | 2982.96 | 0.446101 | 0.894983 | 0 | none | -1 | 180 | 0 | 0 | 0 | 0 | 0 | 0 | 0 | 0 | 1 | camera | no_target | 0.446101 | 0 | 0.894983 | 0.446101 | 0 | 0
SCRIPT       : DATA_LOG | 1233207 | aRapBi1cCZPZAGLIDny3dk3hQ8vTmNTLHRl8zxmKgQ0= | 2181.03 | 313.686 | 6227.52 | 0.855453 | 0.51788 | 1 | SVD_Wooden | 1 | 26.4505 | 400.527 | 0 | 1 | 1 | 0 | 0 | 0 | 1 | 1 | camera | target | 0.855453 | 0 | 0.51788 | 0.855
SCRIPT       : DATA_LOG | 1233230 | VEZjSxlcpgu1JLRUfHGLLLMsm0wqbyJ6fy2rl33V8jg= | 8330.22 | 6.4675 | 2982.96 | 0.446101 | 0.894983 | 0 | none | -1 | 180 | 0 | 0 | 0 | 0 | 0 | 0 | 0 | 0 | 1 | camera | no_target | 0.446101 | 0 | 0.894983 | 0.446101 | 0 | 0
SCRIPT       : DATA_LOG | 1234201 | aRapBi1cCZPZAGLIDny3dk3hQ8vTmNTLHRl8zxmKgQ0= | 2181.03 | 313.686 | 6227.52 | 0.855453 | 0.51788 | 1 | SVD_Wooden | 1 | 26.4504 | 400.526 | 0 | 1 | 1 | 0 | 0 | 0 | 1 | 1 | camera | target | 0.855453 | 0 | 0.51788 | 0.855
SCRIPT       : DATA_LOG | 1234220 | VEZjSxlcpgu1JLRUfHGLLLMsm0wqbyJ6fy2rl33V8jg= | 8330.22 | 6.4675 | 2982.96 | 0.446101 | 0.894983 | 0 | none | -1 | 180 | 0 | 0 | 0 | 0 | 0 | 0 | 0 | 0 | 1 | camera | no_target | 0.446101 | 0 | 0.894983 | 0.446101 | 0 | 0
SCRIPT       : DATA_LOG | 1235200 | aRapBi1cCZPZAGLIDny3dk3hQ8vTmNTLHRl8zxmKgQ0= | 2181.03 | 313.686 | 6227.52 | 0.855453 | 0.51788 | 1 | SVD_Wooden | 1 | 26.4501 | 400.529 | 0 | 1 | 1 | 0 | 0 | 0 | 1 | 1 | camera | target | 0.855453 | 0 | 0.51788 | 0.855
SCRIPT       : DATA_LOG | 1235218 | VEZjSxlcpgu1JLRUfHGLLLMsm0wqbyJ6fy2rl33V8jg= | 8330.22 | 6.4675 | 2982.96 | 0.446101 | 0.894983 | 0 | none | -1 | 180 | 0 | 0 | 0 | 0 | 0 | 0 | 0 | 0 | 1 | camera | no_target | 0.446101 | 0 | 0.894983 | 0.446101 | 0 | 0
SCRIPT       : DATA_LOG | 1236207 | aRapBi1cCZPZAGLIDny3dk3hQ8vTmNTLHRl8zxmKgQ0= | 2181.03 | 313.686 | 6227.52 | 0.855453 | 0.51788 | 1 | SVD_Wooden | 1 | 26.4499 | 400.533 | 0 | 1 | 1 | 0 | 0 | 0 | 1 | 1 | camera | none | 0.855453 | 0 | 0.51788 | 0.85545
SCRIPT       : DATA_LOG | 1236229 | VEZjSxlcpgu1JLRUfHGLLLMsm0wqbyJ6fy2rl33V8jg= | 8330.22 | 6.4675 | 2982.96 | 0.446101 | 0.894983 | 0 | none | -1 | 180 | 0 | 0 | 0 | 0 | 0 | 0 | 0 | 0 | 1 | camera | no_target | 0.446101 | 0 | 0.894983 | 0.446101 | 0 | 0
SCRIPT       : DATA_LOG | 1237207 | aRapBi1cCZPZAGLIDny3dk3hQ8vTmNTLHRl8zxmKgQ0= | 2181.03 | 313.686 | 6227.52 | 0.855453 | 0.51788 | 1 | SVD_Wooden | 1 | 26.4497 | 400.523 | 0 | 1 | 1 | 0 | 0 | 0 | 1 | 1 | camera | target | 0.855453 | 0 | 0.51788 | 0.855
SCRIPT       : DATA_LOG | 1237228 | VEZjSxlcpgu1JLRUfHGLLLMsm0wqbyJ6fy2rl33V8jg= | 8330.22 | 6.4675 | 2982.96 | 0.446101 | 0.894983 | 0 | none | -1 | 180 | 0 | 0 | 0 | 0 | 0 | 0 | 0 | 0 | 1 | camera | no_target | 0.446101 | 0 | 0.894983 | 0.446101 | 0 | 0
SCRIPT       : DATA_LOG | 1238211 | aRapBi1cCZPZAGLIDny3dk3hQ8vTmNTLHRl8zxmKgQ0= | 2181.03 | 313.686 | 6227.52 | 0.855453 | 0.51788 | 1 | SVD_Wooden | 1 | 26.4507 | 400.535 | 0 | 1 | 1 | 0 | 0 | 0 | 0 | 1 | camera | target | 0.855453 | 0 | 0.51788 | 0.855
SCRIPT       : DATA_LOG | 1238233 | VEZjSxlcpgu1JLRUfHGLLLMsm0wqbyJ6fy2rl33V8jg= | 8330.22 | 6.4675 | 2982.96 | -0.127001 | 0.991903 | 0 | none | -1 | 180 | 0 | 0 | 0 | 0 | 0 | 0 | 0 | 0 | 1 | camera | no_target | -0.127001 | 0 | 0.991903 | -0.127001 | 0 
SCRIPT       : DATA_LOG | 1239220 | aRapBi1cCZPZAGLIDny3dk3hQ8vTmNTLHRl8zxmKgQ0= | 2181.03 | 313.686 | 6227.52 | 0.855453 | 0.51788 | 0 | SVD_Wooden | 1 | 26.4503 | 400.516 | 0 | 1 | 1 | 0 | 0 | 0 | 0 | 1 | camera | target | 0.855453 | 0 | 0.51788 | 0.855
SCRIPT       : DATA_LOG | 1239247 | VEZjSxlcpgu1JLRUfHGLLLMsm0wqbyJ6fy2rl33V8jg= | 8330.22 | 6.4675 | 2982.96 | -0.458452 | 0.888719 | 0 | none | -1 | 180 | 0 | 0 | 0 | 0 | 0 | 0 | 0 | 0 | 1 | camera | no_target | -0.458452 | -0 | 0.888719 | -0.458452 | 0
SCRIPT       : DATA_LOG | 1240211 | aRapBi1cCZPZAGLIDny3dk3hQ8vTmNTLHRl8zxmKgQ0= | 2181.03 | 313.686 | 6227.52 | 0.855453 | 0.51788 | 1 | SVD_Wooden | 1 | 26.4504 | 400.525 | 0 | 1 | 1 | 0 | 0 | 0 | 1 | 1 | camera | target | 0.855453 | 0 | 0.51788 | 0.855
SCRIPT       : DATA_LOG | 1240230 | VEZjSxlcpgu1JLRUfHGLLLMsm0wqbyJ6fy2rl33V8jg= | 8330.22 | 6.4675 | 2982.96 | -0.458452 | 0.888719 | 0 | none | -1 | 180 | 0 | 0 | 0 | 0 | 0 | 0 | 0 | 0 | 1 | camera | no_target | -0.458452 | -0 | 0.888719 | -0.458452 | 0
SCRIPT       : DATA_LOG | 1241210 | aRapBi1cCZPZAGLIDny3dk3hQ8vTmNTLHRl8zxmKgQ0= | 2181.03 | 313.686 | 6227.52 | 0.855453 | 0.51788 | 1 | SVD_Wooden | 1 | 26.4504 | 400.529 | 0 | 1 | 1 | 0 | 0 | 0 | 1 | 1 | camera | target | 0.855453 | 0 | 0.51788 | 0.855
SCRIPT       : DATA_LOG | 1241229 | VEZjSxlcpgu1JLRUfHGLLLMsm0wqbyJ6fy2rl33V8jg= | 8330.22 | 6.4675 | 2982.96 | -0.458452 | 0.888719 | 0 | none | -1 | 180 | 0 | 0 | 0 | 0 | 0 | 0 | 0 | 0 | 1 | camera | no_target | -0.458452 | -0 | 0.888719 | -0.458452 | 0
SCRIPT       : DATA_LOG | 1242210 | aRapBi1cCZPZAGLIDny3dk3hQ8vTmNTLHRl8zxmKgQ0= | 2181.03 | 313.686 | 6227.52 | 0.855453 | 0.51788 | 1 | SVD_Wooden | 1 | 26.4502 | 400.527 | 0 | 1 | 1 | 0 | 0 | 0 | 1 | 1 | camera | target | 0.855453 | 0 | 0.51788 | 0.855
SCRIPT       : DATA_LOG | 1242227 | VEZjSxlcpgu1JLRUfHGLLLMsm0wqbyJ6fy2rl33V8jg= | 8328.41 | 6.39201 | 2984.38 | -0.816847 | 0.576855 | 0 | none | -1 | 180 | 0 | 0 | 0 | 0 | 0 | 0 | 0 | 0 | 1 | camera | no_target | -0.816847 | 0 | 0.576855 | -0.816847 | 0
SCRIPT       : DATA_LOG | 1243214 | aRapBi1cCZPZAGLIDny3dk3hQ8vTmNTLHRl8zxmKgQ0= | 2181.03 | 313.686 | 6227.52 | 0.855453 | 0.51788 | 0 | SVD_Wooden | 1 | 26.45 | 400.533 | 0 | 1 | 1 | 0 | 0 | 0 | 0 | 1 | camera | target | 0.855453 | 0 | 0.51788 | 0.85545
SCRIPT       : DATA_LOG | 1243238 | VEZjSxlcpgu1JLRUfHGLLLMsm0wqbyJ6fy2rl33V8jg= | 8323.56 | 6.13015 | 2987.72 | -0.818856 | 0.573998 | 0 | none | -1 | 180 | 0 | 0 | 0 | 0 | 0 | 0 | 0 | 0 | 1 | camera | no_target | -0.818856 | 0 | 0.573998 | -0.818856 | 0
SCRIPT       : DATA_LOG | 1244219 | aRapBi1cCZPZAGLIDny3dk3hQ8vTmNTLHRl8zxmKgQ0= | 2180.6 | 313.547 | 6228.59 | 0.944515 | 0.328467 | 0 | SVD_Wooden | 0 | 38.1981 | 399.86 | 0 | 1 | 1 | 0 | 0 | 0 | 0 | 1 | camera | TreeHard_t_FagusSylvatica_2s | 0.944515 
SCRIPT       : DATA_LOG | 1244242 | VEZjSxlcpgu1JLRUfHGLLLMsm0wqbyJ6fy2rl33V8jg= | 8320.84 | 6.0951 | 2989.63 | -0.818843 | 0.574017 | 0 | none | -1 | 180 | 0 | 0 | 0 | 0 | 0 | 0 | 0 | 0 | 1 | camera | no_target | -0.818843 | 0 | 0.574017 | -0.818843 | 0 
SCRIPT       : DATA_LOG | 1245220 | aRapBi1cCZPZAGLIDny3dk3hQ8vTmNTLHRl8zxmKgQ0= | 2180.49 | 313.504 | 6228.92 | 0.944515 | 0.328467 | 0 | SVD_Wooden | 1 | 38.1604 | 399.66 | 0 | 1 | 1 | 0 | 0 | 0 | 0 | 1 | camera | target | 0.944515 | 0 | 0.328467 | 0.94
SCRIPT       : DATA_LOG | 1245241 | VEZjSxlcpgu1JLRUfHGLLLMsm0wqbyJ6fy2rl33V8jg= | 8315.4 | 6.07125 | 2993.45 | -0.818843 | 0.574017 | 0 | none | -1 | 180 | 0 | 0 | 0 | 0 | 0 | 0 | 0 | 0 | 1 | camera | no_target | -0.818843 | 0 | 0.574017 | -0.818843 | 0 
SCRIPT       : DATA_LOG | 1246221 | aRapBi1cCZPZAGLIDny3dk3hQ8vTmNTLHRl8zxmKgQ0= | 2180.49 | 313.504 | 6228.92 | 0.944515 | 0.328467 | 0 | SVD_Wooden | 1 | 38.1602 | 399.644 | 0 | 1 | 1 | 0 | 0 | 0 | 0 | 1 | camera | none | 0.944515 | 0 | 0.328467 | 0.944
SCRIPT       : DATA_LOG | 1246272 | VEZjSxlcpgu1JLRUfHGLLLMsm0wqbyJ6fy2rl33V8jg= | 8310.23 | 6.09546 | 2997.07 | -0.818843 | 0.574017 | 0 | none | -1 | 180 | 0 | 0 | 0 | 0 | 0 | 0 | 0 | 0 | 1 | camera | no_target | -0.818843 | 0 | 0.574017 | -0.818843 | 0
SCRIPT       : DATA_LOG | 1247222 | aRapBi1cCZPZAGLIDny3dk3hQ8vTmNTLHRl8zxmKgQ0= | 2180.49 | 313.504 | 6228.92 | 0.944515 | 0.328467 | 0 | SVD_Wooden | 1 | 38.1601 | 399.647 | 0 | 1 | 1 | 0 | 0 | 0 | 0 | 1 | camera | none | 0.944515 | 0 | 0.328467 | 0.944
SCRIPT       : DATA_LOG | 1247240 | VEZjSxlcpgu1JLRUfHGLLLMsm0wqbyJ6fy2rl33V8jg= | 8305.84 | 6.08271 | 3000.15 | -0.818843 | 0.574017 | 0 | none | -1 | 180 | 0 | 0 | 0 | 0 | 0 | 0 | 0 | 0 | 1 | camera | no_target | -0.818843 | 0 | 0.574017 | -0.818843 | 0
SCRIPT       : DATA_LOG | 1248226 | aRapBi1cCZPZAGLIDny3dk3hQ8vTmNTLHRl8zxmKgQ0= | 2180.49 | 313.504 | 6228.92 | 0.944515 | 0.328467 | 0 | SVD_Wooden | 1 | 38.1602 | 399.656 | 0 | 1 | 1 | 0 | 0 | 0 | 0 | 1 | camera | target | 0.944515 | 0 | 0.328467 | 0.9
SCRIPT       : DATA_LOG | 1248246 | VEZjSxlcpgu1JLRUfHGLLLMsm0wqbyJ6fy2rl33V8jg= | 8302.49 | 6.22526 | 3002.49 | -0.818843 | 0.574017 | 0 | none | -1 | 180 | 0 | 0 | 0 | 0 | 0 | 0 | 0 | 0 | 1 | camera | no_target | -0.818843 | 0 | 0.574017 | -0.818843 | 0
SCRIPT       : DATA_LOG | 1249228 | aRapBi1cCZPZAGLIDny3dk3hQ8vTmNTLHRl8zxmKgQ0= | 2180.49 | 313.504 | 6228.92 | 0.944515 | 0.328467 | 0 | SVD_Wooden | 1 | 38.1602 | 399.652 | 0 | 1 | 1 | 0 | 0 | 0 | 0 | 1 | camera | target | 0.944515 | 0 | 0.328467 | 0.9
SCRIPT       : DATA_LOG | 1249253 | VEZjSxlcpgu1JLRUfHGLLLMsm0wqbyJ6fy2rl33V8jg= | 8298.57 | 6.05905 | 3002.58 | -0.818843 | 0.574017 | 0 | none | -1 | 180 | 0 | 0 | 0 | 0 | 0 | 0 | 0 | 0 | 1 | camera | no_target | -0.818843 | 0 | 0.574017 | -0.818843 | 0
SCRIPT       : DATA_LOG | 1250225 | aRapBi1cCZPZAGLIDny3dk3hQ8vTmNTLHRl8zxmKgQ0= | 2180.49 | 313.504 | 6228.92 | 0.944515 | 0.328467 | 0 | SVD_Wooden | 1 | 38.16 | 399.66 | 0 | 1 | 1 | 0 | 0 | 0 | 0 | 1 | camera | target | 0.944515 | 0 | 0.328467 | 0.9445
SCRIPT       : DATA_LOG | 1250248 | VEZjSxlcpgu1JLRUfHGLLLMsm0wqbyJ6fy2rl33V8jg= | 8294.46 | 6.04719 | 3001.86 | -0.818843 | 0.574017 | 0 | none | -1 | 180 | 0 | 0 | 0 | 0 | 0 | 0 | 0 | 0 | 1 | camera | no_target | -0.818843 | 0 | 0.574017 | -0.818843 | 0
SCRIPT       : DATA_LOG | 1251229 | aRapBi1cCZPZAGLIDny3dk3hQ8vTmNTLHRl8zxmKgQ0= | 2180.49 | 313.504 | 6228.92 | 0.944515 | 0.328467 | 0 | SVD_Wooden | 1 | 38.1596 | 399.652 | 0 | 1 | 1 | 0 | 0 | 0 | 0 | 1 | camera | target | 0.944515 | 0 | 0.328467 | 0.9
SCRIPT       : DATA_LOG | 1251252 | VEZjSxlcpgu1JLRUfHGLLLMsm0wqbyJ6fy2rl33V8jg= | 8290.85 | 6.03495 | 3003.48 | -0.818843 | 0.574017 | 0 | none | -1 | 180 | 0 | 0 | 0 | 0 | 0 | 0 | 0 | 0 | 1 | camera | no_target | -0.818843 | 0 | 0.574017 | -0.818843 | 0
SCRIPT       : DATA_LOG | 1252229 | aRapBi1cCZPZAGLIDny3dk3hQ8vTmNTLHRl8zxmKgQ0= | 2181.56 | 313.623 | 6227.71 | 0.727805 | 0.685784 | 0 | SVD_Wooden | 1 | 14.7319 | 400.084 | 0 | 1 | 1 | 0 | 0 | 0 | 0 | 1 | camera | target | 0.727805 | 0 | 0.685784 | 0.7
SCRIPT       : DATA_LOG | 1252249 | VEZjSxlcpgu1JLRUfHGLLLMsm0wqbyJ6fy2rl33V8jg= | 8287.18 | 6.03495 | 3004.77 | -0.818843 | 0.574017 | 0 | none | -1 | 180 | 0 | 0 | 0 | 0 | 0 | 0 | 0 | 0 | 1 | camera | no_target | -0.818843 | 0 | 0.574017 | -0.818843 | 0
SCRIPT       : DATA_LOG | 1253229 | aRapBi1cCZPZAGLIDny3dk3hQ8vTmNTLHRl8zxmKgQ0= | 2184 | 313.635 | 6226.03 | -0.30003 | 0.95393 | 0 | SVD_Wooden | 0 | 49.8586 | 400.185 | 0 | 1 | 1 | 0 | 0 | 0 | 0 | 1 | camera | TreeHard_t_FagusSylvatica_2s | -0.30003 | 
SCRIPT       : DATA_LOG | 1253274 | VEZjSxlcpgu1JLRUfHGLLLMsm0wqbyJ6fy2rl33V8jg= | 8283.84 | 6.03493 | 3007.11 | -0.818843 | 0.574017 | 0 | none | -1 | 180 | 0 | 0 | 0 | 0 | 0 | 0 | 0 | 0 | 1 | camera | no_target | -0.818843 | 0 | 0.574017 | -0.818843 | 0
SCRIPT       : DATA_LOG | 1254234 | aRapBi1cCZPZAGLIDny3dk3hQ8vTmNTLHRl8zxmKgQ0= | 2182.24 | 314.008 | 6224.88 | -0.296651 | 0.954986 | 0 | SVD_Wooden | 1 | 49.776 | 402.057 | 0 | 1 | 1 | 0 | 0 | 0 | 0 | 1 | camera | target | -0.296651 | 0 | 0.954986 | -0
SCRIPT       : DATA_LOG | 1254255 | VEZjSxlcpgu1JLRUfHGLLLMsm0wqbyJ6fy2rl33V8jg= | 8280.17 | 6.00796 | 3008.57 | -0.818843 | 0.574017 | 0 | none | -1 | 180 | 0 | 0 | 0 | 0 | 0 | 0 | 0 | 0 | 1 | camera | no_target | -0.818843 | 0 | 0.574017 | -0.818843 | 0
SCRIPT       : DATA_LOG | 1255234 | aRapBi1cCZPZAGLIDny3dk3hQ8vTmNTLHRl8zxmKgQ0= | 2180.71 | 313.621 | 6228.07 | -0.318267 | 0.948001 | 0 | SVD_Wooden | 0 | 51.5045 | 400.247 | 0 | 1 | 1 | 0 | 0 | 0 | 0 | 1 | camera | TreeHard_t_FagusSylvatica_2s | -0.318
SCRIPT       : DATA_LOG | 1255256 | VEZjSxlcpgu1JLRUfHGLLLMsm0wqbyJ6fy2rl33V8jg= | 8276.85 | 5.72303 | 3010.91 | -0.818843 | 0.574017 | 0 | none | -1 | 180 | 0 | 0 | 0 | 0 | 0 | 0 | 0 | 0 | 1 | camera | no_target | -0.818843 | 0 | 0.574017 | -0.818843 | 0
SCRIPT       : DATA_LOG | 1256230 | aRapBi1cCZPZAGLIDny3dk3hQ8vTmNTLHRl8zxmKgQ0= | 2178.5 | 313.623 | 6228.94 | 0.435838 | 0.900025 | 0 | SVD_Wooden | 1 | 8.58609 | 400.705 | 0 | 1 | 1 | 0 | 0 | 0 | 0 | 1 | camera | target | 0.435838 | 0 | 0.900025 | 0.43
SCRIPT       : DATA_LOG | 1256250 | VEZjSxlcpgu1JLRUfHGLLLMsm0wqbyJ6fy2rl33V8jg= | 8272.38 | 5.86237 | 3014.05 | -0.818843 | 0.574017 | 0 | none | -1 | 180 | 0 | 0 | 0 | 0 | 0 | 0 | 0 | 0 | 1 | camera | no_target | -0.818843 | 0 | 0.574017 | -0.818843 | 0
SCRIPT       : DATA_LOG | 1257233 | aRapBi1cCZPZAGLIDny3dk3hQ8vTmNTLHRl8zxmKgQ0= | 2179.77 | 313.711 | 6227.85 | 0.635936 | 0.771742 | 0 | SVD_Wooden | 1 | 7.9837 | 400.929 | 0 | 1 | 1 | 0 | 0 | 0 | 0 | 1 | camera | target | 0.635936 | 0 | 0.771742 | 0.63
SCRIPT       : DATA_LOG | 1257255 | VEZjSxlcpgu1JLRUfHGLLLMsm0wqbyJ6fy2rl33V8jg= | 8266.85 | 5.89686 | 3017.93 | -0.818843 | 0.574017 | 0 | none | -1 | 180 | 0 | 0 | 0 | 0 | 0 | 0 | 0 | 0 | 1 | camera | no_target | -0.818843 | 0 | 0.574017 | -0.818843 | 0
SCRIPT       : DATA_LOG | 1258232 | aRapBi1cCZPZAGLIDny3dk3hQ8vTmNTLHRl8zxmKgQ0= | 2180.48 | 313.755 | 6227.27 | 0.635967 | 0.771716 | 0 | SVD_Wooden | 1 | 8.08954 | 401.02 | 0 | 1 | 1 | 0 | 0 | 0 | 0 | 1 | camera | none | 0.635967 | 0 | 0.771716 | 0.6359
SCRIPT       : DATA_LOG | 1258253 | VEZjSxlcpgu1JLRUfHGLLLMsm0wqbyJ6fy2rl33V8jg= | 8261.31 | 5.8359 | 3021.8 | -0.818843 | 0.574017 | 0 | none | -1 | 180 | 0 | 0 | 0 | 0 | 0 | 0 | 0 | 0 | 1 | camera | no_target | -0.818843 | 0 | 0.574017 | -0.818843 | 0 |
SCRIPT       : DATA_LOG | 1259234 | aRapBi1cCZPZAGLIDny3dk3hQ8vTmNTLHRl8zxmKgQ0= | 2178.22 | 313.826 | 6227.87 | 0.535098 | 0.84479 | 1 | SVD_Wooden | 1 | 4.55221 | 401.744 | 0 | 1 | 1 | 1 | 1 | 0 | 1 | 1 | camera | target | 0.535098 | 0 | 0.84479 | 0.535
SCRIPT       : DATA_LOG | 1259255 | VEZjSxlcpgu1JLRUfHGLLLMsm0wqbyJ6fy2rl33V8jg= | 8255.35 | 5.82421 | 3025.41 | -0.845299 | 0.534294 | 0 | none | -1 | 180 | 0 | 0 | 0 | 0 | 0 | 0 | 0 | 0 | 1 | camera | no_target | -0.845299 | 0 | 0.534294 | -0.845299 | 0
SCRIPT       : DATA_LOG | 1260235 | aRapBi1cCZPZAGLIDny3dk3hQ8vTmNTLHRl8zxmKgQ0= | 2177.92 | 313.929 | 6227.4 | 0.534562 | 0.845129 | 1 | SVD_Wooden | 1 | 4.53769 | 402.291 | 0 | 1 | 1 | 1 | 1 | 0 | 1 | 1 | camera | target | 0.534562 | 0 | 0.845129 | 0.53
SCRIPT       : DATA_LOG | 1260253 | VEZjSxlcpgu1JLRUfHGLLLMsm0wqbyJ6fy2rl33V8jg= | 8250.32 | 5.90251 | 3029.55 | -0.800389 | 0.599481 | 0 | none | -1 | 180 | 0 | 0 | 0 | 0 | 0 | 0 | 0 | 0 | 1 | camera | no_target | -0.800389 | 0 | 0.599481 | -0.800389 | 0
SCRIPT       : DATA_LOG | 1261244 | aRapBi1cCZPZAGLIDny3dk3hQ8vTmNTLHRl8zxmKgQ0= | 2177.92 | 313.929 | 6227.4 | 0.534562 | 0.845129 | 0 | SVD_Wooden | 1 | 4.53803 | 402.28 | 0 | 1 | 1 | 1 | 0 | 0 | 0 | 1 | camera | target | 0.534562 | 0 | 0.845129 | 0.534
SCRIPT       : DATA_LOG | 1261265 | VEZjSxlcpgu1JLRUfHGLLLMsm0wqbyJ6fy2rl33V8jg= | 8244.87 | 5.89392 | 3033.56 | -0.806478 | 0.591263 | 0 | none | -1 | 180 | 0 | 0 | 0 | 0 | 0 | 0 | 0 | 0 | 1 | camera | no_target | -0.806478 | 0 | 0.591263 | -0.806478 | 0
SCRIPT       : DATA_LOG | 1262244 | aRapBi1cCZPZAGLIDny3dk3hQ8vTmNTLHRl8zxmKgQ0= | 2177.92 | 313.929 | 6227.4 | 0.534562 | 0.845129 | 0 | SVD_Wooden | 1 | 4.53738 | 402.296 | 0 | 1 | 1 | 1 | 0 | 0 | 0 | 1 | camera | target | 0.534562 | 0 | 0.845129 | 0.53
SCRIPT       : DATA_LOG | 1262269 | VEZjSxlcpgu1JLRUfHGLLLMsm0wqbyJ6fy2rl33V8jg= | 8239.06 | 5.70856 | 3036.98 | -0.912955 | 0.408059 | 0 | none | -1 | 180 | 0 | 0 | 0 | 0 | 0 | 0 | 0 | 0 | 1 | camera | no_target | -0.912955 | 0 | 0.408059 | -0.912955 | 0
SCRIPT       : DATA_LOG | 1263249 | aRapBi1cCZPZAGLIDny3dk3hQ8vTmNTLHRl8zxmKgQ0= | 2177.92 | 313.929 | 6227.4 | 0.534562 | 0.845129 | 0 | SVD_Wooden | 1 | 4.53773 | 402.287 | 0 | 1 | 1 | 1 | 0 | 0 | 0 | 1 | camera | target | 0.534562 | 0 | 0.845129 | 0.53
SCRIPT       : DATA_LOG | 1263271 | VEZjSxlcpgu1JLRUfHGLLLMsm0wqbyJ6fy2rl33V8jg= | 8232.37 | 6.55053 | 3038.29 | -0.937005 | 0.349316 | 0 | none | -1 | 180 | 0 | 0 | 0 | 0 | 0 | 0 | 0 | 0 | 1 | camera | no_target | -0.937005 | 0 | 0.349316 | -0.937005 | 0
 SCRIPT       : [Permissions Manager] Admin (rafaelglima79) (76561199445097358) Successfully Logged in!
SCRIPT       : DATA_LOG | 1264275 | aRapBi1cCZPZAGLIDny3dk3hQ8vTmNTLHRl8zxmKgQ0= | 2177.92 | 313.929 | 6227.4 | 0.534562 | 0.845129 | 0 | SVD_Wooden | 1 | 4.53769 | 402.294 | 0 | 1 | 1 | 1 | 0 | 0 | 0 | 1 | camera | target | 0.534562 | 0 | 0.845129 | 0.53
SCRIPT       : DATA_LOG | 1264293 | VEZjSxlcpgu1JLRUfHGLLLMsm0wqbyJ6fy2rl33V8jg= | 8228.27 | 6.31287 | 3039.7 | -0.941961 | 0.335722 | 0 | none | -1 | 180 | 0 | 0 | 0 | 0 | 0 | 0 | 0 | 0 | 1 | camera | no_target | -0.941961 | 0 | 0.335722 | -0.941961 | 0 
SCRIPT       : DATA_LOG | 1265276 | aRapBi1cCZPZAGLIDny3dk3hQ8vTmNTLHRl8zxmKgQ0= | 2177.92 | 313.929 | 6227.4 | 0.534562 | 0.845129 | 0 | SVD_Wooden | 1 | 4.53769 | 402.294 | 0 | 1 | 1 | 1 | 0 | 0 | 0 | 1 | camera | target | 0.534562 | 0 | 0.845129 | 0.53
SCRIPT       : DATA_LOG | 1265393 | VEZjSxlcpgu1JLRUfHGLLLMsm0wqbyJ6fy2rl33V8jg= | 8223.81 | 6.05646 | 3041.04 | -0.959026 | 0.283319 | 0 | none | -1 | 180 | 0 | 0 | 0 | 0 | 0 | 0 | 0 | 0 | 1 | camera | no_target | -0.959026 | 0 | 0.283319 | -0.959026 | 0
SCRIPT       : DATA_LOG | 1266281 | aRapBi1cCZPZAGLIDny3dk3hQ8vTmNTLHRl8zxmKgQ0= | 2177.92 | 313.929 | 6227.4 | 0.534562 | 0.845129 | 0 | SVD_Wooden | 1 | 4.53777 | 402.291 | 0 | 1 | 1 | 1 | 0 | 0 | 0 | 1 | camera | target | 0.534562 | 0 | 0.845129 | 0.53
SCRIPT       : DATA_LOG | 1266300 | VEZjSxlcpgu1JLRUfHGLLLMsm0wqbyJ6fy2rl33V8jg= | 8220.08 | 5.89768 | 3042.45 | -0.967317 | 0.253571 | 0 | none | -1 | 180 | 0 | 0 | 0 | 0 | 0 | 0 | 0 | 0 | 1 | camera | no_target | -0.967317 | 0 | 0.253571 | -0.967317 | 0
SCRIPT       : DATA_LOG | 1267279 | aRapBi1cCZPZAGLIDny3dk3hQ8vTmNTLHRl8zxmKgQ0= | 2177.92 | 313.929 | 6227.4 | 0.534562 | 0.845129 | 0 | SVD_Wooden | 1 | 4.53747 | 402.295 | 0 | 1 | 1 | 1 | 0 | 0 | 0 | 1 | camera | target | 0.534562 | 0 | 0.845129 | 0.53
SCRIPT       : DATA_LOG | 1267298 | VEZjSxlcpgu1JLRUfHGLLLMsm0wqbyJ6fy2rl33V8jg= | 8215.66 | 6.01017 | 3045.79 | -0.967329 | 0.253526 | 0 | none | -1 | 180 | 0 | 0 | 0 | 0 | 0 | 0 | 0 | 0 | 1 | camera | no_target | -0.967329 | 0 | 0.253526 | -0.967329 | 0
SCRIPT       : DATA_LOG | 1268285 | aRapBi1cCZPZAGLIDny3dk3hQ8vTmNTLHRl8zxmKgQ0= | 2177.92 | 313.929 | 6227.4 | 0.534562 | 0.845129 | 0 | SVD_Wooden | 1 | 4.53803 | 402.278 | 0 | 1 | 1 | 1 | 0 | 0 | 0 | 1 | camera | target | 0.534562 | 0 | 0.845129 | 0.53
SCRIPT       : DATA_LOG | 1268306 | VEZjSxlcpgu1JLRUfHGLLLMsm0wqbyJ6fy2rl33V8jg= | 8209.16 | 6.07231 | 3047.63 | -0.967329 | 0.253526 | 0 | none | -1 | 180 | 0 | 0 | 0 | 0 | 0 | 0 | 0 | 0 | 1 | camera | no_target | -0.967329 | 0 | 0.253526 | -0.967329 | 0
SCRIPT       : DATA_LOG | 1269286 | aRapBi1cCZPZAGLIDny3dk3hQ8vTmNTLHRl8zxmKgQ0= | 2177.92 | 313.929 | 6227.4 | 0.534562 | 0.845129 | 0 | SVD_Wooden | 1 | 4.53751 | 402.295 | 0 | 1 | 1 | 1 | 0 | 0 | 0 | 1 | camera | target | 0.534562 | 0 | 0.845129 | 0.53
SCRIPT       : DATA_LOG | 1269310 | VEZjSxlcpgu1JLRUfHGLLLMsm0wqbyJ6fy2rl33V8jg= | 8202.75 | 6.23816 | 3049.28 | -0.967329 | 0.253526 | 0 | none | -1 | 180 | 0 | 0 | 0 | 0 | 0 | 0 | 0 | 0 | 1 | camera | no_target | -0.967329 | 0 | 0.253526 | -0.967329 | 0
SCRIPT       : DATA_LOG | 1270287 | aRapBi1cCZPZAGLIDny3dk3hQ8vTmNTLHRl8zxmKgQ0= | 2177.92 | 313.929 | 6227.4 | 0.534562 | 0.845129 | 0 | SVD_Wooden | 1 | 4.53773 | 402.287 | 0 | 1 | 1 | 1 | 0 | 0 | 0 | 1 | camera | target | 0.534562 | 0 | 0.845129 | 0.53
SCRIPT       : DATA_LOG | 1270311 | VEZjSxlcpgu1JLRUfHGLLLMsm0wqbyJ6fy2rl33V8jg= | 8196.65 | 6.22783 | 3051.71 | -0.967329 | 0.253526 | 0 | none | -1 | 180 | 0 | 0 | 0 | 0 | 0 | 0 | 0 | 0 | 1 | camera | no_target | -0.967329 | 0 | 0.253526 | -0.967329 | 0
SCRIPT       : DATA_LOG | 1271283 | aRapBi1cCZPZAGLIDny3dk3hQ8vTmNTLHRl8zxmKgQ0= | 2177.92 | 313.929 | 6227.4 | 0.534562 | 0.845129 | 0 | SVD_Wooden | 1 | 4.53769 | 402.295 | 0 | 1 | 1 | 1 | 0 | 0 | 0 | 1 | camera | target | 0.534562 | 0 | 0.845129 | 0.53
SCRIPT       : DATA_LOG | 1271409 | VEZjSxlcpgu1JLRUfHGLLLMsm0wqbyJ6fy2rl33V8jg= | 8192.7 | 6.37178 | 3057.1 | -0.967329 | 0.253526 | 0 | none | -1 | 180 | 0 | 0 | 0 | 0 | 0 | 0 | 0 | 0 | 1 | camera | no_target | -0.967329 | 0 | 0.253526 | -0.967329 | 0 |
SCRIPT       : DATA_LOG | 1272290 | aRapBi1cCZPZAGLIDny3dk3hQ8vTmNTLHRl8zxmKgQ0= | 2177.92 | 313.929 | 6227.4 | 0.534562 | 0.845129 | 0 | SVD_Wooden | 1 | 4.53769 | 402.295 | 0 | 1 | 1 | 1 | 0 | 0 | 0 | 1 | camera | target | 0.534562 | 0 | 0.845129 | 0.53
SCRIPT       : DATA_LOG | 1272314 | VEZjSxlcpgu1JLRUfHGLLLMsm0wqbyJ6fy2rl33V8jg= | 8188.31 | 6.37603 | 3059.32 | -0.967329 | 0.253526 | 0 | none | -1 | 180 | 0 | 0 | 0 | 0 | 0 | 0 | 0 | 0 | 1 | camera | no_target | -0.967329 | 0 | 0.253526 | -0.967329 | 0
SCRIPT       : DATA_LOG | 1273287 | aRapBi1cCZPZAGLIDny3dk3hQ8vTmNTLHRl8zxmKgQ0= | 2177.92 | 313.929 | 6227.4 | 0.534562 | 0.845129 | 0 | SVD_Wooden | 1 | 4.53786 | 402.288 | 0 | 1 | 1 | 1 | 0 | 0 | 0 | 1 | camera | target | 0.534562 | 0 | 0.845129 | 0.53
SCRIPT       : DATA_LOG | 1273307 | VEZjSxlcpgu1JLRUfHGLLLMsm0wqbyJ6fy2rl33V8jg= | 8184.28 | 6.21996 | 3059.73 | -0.967329 | 0.253526 | 0 | none | -1 | 180 | 0 | 0 | 0 | 0 | 0 | 0 | 0 | 0 | 1 | camera | no_target | -0.967329 | 0 | 0.253526 | -0.967329 | 0
SCRIPT       : DATA_LOG | 1274284 | aRapBi1cCZPZAGLIDny3dk3hQ8vTmNTLHRl8zxmKgQ0= | 2177.92 | 313.929 | 6227.4 | 0.534562 | 0.845129 | 0 | SVD_Wooden | 1 | 4.53751 | 402.297 | 0 | 1 | 1 | 1 | 0 | 0 | 0 | 1 | camera | target | 0.534562 | 0 | 0.845129 | 0.53
SCRIPT       : DATA_LOG | 1274304 | VEZjSxlcpgu1JLRUfHGLLLMsm0wqbyJ6fy2rl33V8jg= | 8180.35 | 6.15122 | 3060.75 | -0.967329 | 0.253526 | 0 | none | -1 | 180 | 0 | 0 | 0 | 0 | 0 | 0 | 0 | 0 | 1 | camera | no_target | -0.967329 | 0 | 0.253526 | -0.967329 | 0
SCRIPT       : DATA_LOG | 1275286 | aRapBi1cCZPZAGLIDny3dk3hQ8vTmNTLHRl8zxmKgQ0= | 2177.92 | 313.929 | 6227.4 | 0.999466 | 0.0326756 | 0 | SVD_Wooden | 1 | 55.1624 | 402.278 | 0 | 1 | 1 | 0 | 0 | 0 | 0 | 1 | camera | none | 0.999466 | 0 | 0.0326756 | 0.99
SCRIPT       : DATA_LOG | 1275308 | VEZjSxlcpgu1JLRUfHGLLLMsm0wqbyJ6fy2rl33V8jg= | 8176.37 | 6.1705 | 3061.06 | -0.967329 | 0.253526 | 0 | none | -1 | 180 | 0 | 0 | 0 | 0 | 0 | 0 | 0 | 0 | 1 | camera | no_target | -0.967329 | 0 | 0.253526 | -0.967329 | 0 
SCRIPT       : DATA_LOG | 1276295 | aRapBi1cCZPZAGLIDny3dk3hQ8vTmNTLHRl8zxmKgQ0= | 2177.15 | 314.31 | 6225.5 | 0.930617 | -0.365995 | 0 | SVD_Wooden | 1 | 78.4725 | 404.267 | 0 | 1 | 1 | 0 | 0 | 0 | 0 | 1 | camera | target | 0.930617 | 0 | -0.365995 | 0.9
SCRIPT       : DATA_LOG | 1276320 | VEZjSxlcpgu1JLRUfHGLLLMsm0wqbyJ6fy2rl33V8jg= | 8174.35 | 6.16965 | 3061.58 | -0.967329 | 0.253526 | 0 | none | -1 | 180 | 0 | 0 | 0 | 0 | 0 | 0 | 0 | 0 | 1 | camera | no_target | -0.967329 | 0 | 0.253526 | -0.967329 | 0
SCRIPT       : DATA_LOG | 1277289 | aRapBi1cCZPZAGLIDny3dk3hQ8vTmNTLHRl8zxmKgQ0= | 2178.64 | 314.445 | 6223.13 | 0.566376 | 0.824147 | 0 | SVD_Wooden | 0 | 4.73023 | 405.427 | 0 | 1 | 1 | 1 | 0 | 0 | 0 | 1 | camera | TreeHard_t_FagusSylvatica_2s | 0.56637
SCRIPT       : DATA_LOG | 1277309 | VEZjSxlcpgu1JLRUfHGLLLMsm0wqbyJ6fy2rl33V8jg= | 8173.48 | 6.16767 | 3061.81 | -0.967328 | 0.253526 | 0 | none | -1 | 180 | 0 | 0 | 0 | 0 | 0 | 0 | 0 | 0 | 1 | camera | no_target | -0.967328 | -0 | 0.253526 | -0.967328 | 
SCRIPT       : DATA_LOG | 1278293 | aRapBi1cCZPZAGLIDny3dk3hQ8vTmNTLHRl8zxmKgQ0= | 2180.85 | 314.405 | 6221.69 | 0.502591 | 0.864524 | 0 | SVD_Wooden | 1 | 4.85745 | 405.469 | 0 | 1 | 1 | 1 | 0 | 0 | 0 | 1 | camera | target | 0.502591 | 0 | 0.864524 | 0.5
SCRIPT       : DATA_LOG | 1278318 | VEZjSxlcpgu1JLRUfHGLLLMsm0wqbyJ6fy2rl33V8jg= | 8173.48 | 6.16767 | 3061.81 | -0.967328 | 0.253526 | 0 | none | -1 | 180 | 0 | 0 | 0 | 0 | 0 | 0 | 0 | 0 | 1 | camera | no_target | -0.967328 | -0 | 0.253526 | -0.967328 | 
SCRIPT       : DATA_LOG | 1279297 | aRapBi1cCZPZAGLIDny3dk3hQ8vTmNTLHRl8zxmKgQ0= | 2180.85 | 314.405 | 6221.69 | 0.502591 | 0.864524 | 0 | SVD_Wooden | 1 | 4.85728 | 405.472 | 0 | 1 | 1 | 1 | 0 | 0 | 0 | 1 | camera | target | 0.502591 | 0 | 0.864524 | 0.5
SCRIPT       : DATA_LOG | 1279316 | VEZjSxlcpgu1JLRUfHGLLLMsm0wqbyJ6fy2rl33V8jg= | 8173.48 | 6.16767 | 3061.81 | -0.967328 | 0.253526 | 0 | none | -1 | 180 | 0 | 0 | 0 | 0 | 0 | 0 | 0 | 0 | 1 | camera | no_target | -0.967328 | -0 | 0.253526 | -0.967328 | 
SCRIPT       : DATA_LOG | 1280294 | aRapBi1cCZPZAGLIDny3dk3hQ8vTmNTLHRl8zxmKgQ0= | 2179.79 | 314.409 | 6222.56 | 0.678729 | 0.734389 | 0 | SVD_Wooden | 0 | 11.1376 | 405.297 | 0 | 1 | 1 | 0 | 0 | 0 | 0 | 1 | camera | TreeHard_t_FagusSylvatica_2s | 0.67872
SCRIPT       : DATA_LOG | 1280314 | VEZjSxlcpgu1JLRUfHGLLLMsm0wqbyJ6fy2rl33V8jg= | 8173.48 | 6.16767 | 3061.81 | -0.967328 | 0.253526 | 0 | none | -1 | 180 | 0 | 0 | 0 | 0 | 0 | 0 | 0 | 0 | 1 | camera | no_target | -0.967328 | -0 | 0.253526 | -0.967328 | 
SCRIPT       : DATA_LOG | 1281295 | aRapBi1cCZPZAGLIDny3dk3hQ8vTmNTLHRl8zxmKgQ0= | 2177.45 | 314.394 | 6224.71 | 0.680545 | 0.732706 | 0 | SVD_Wooden | 1 | 10.8643 | 404.758 | 0 | 1 | 1 | 0 | 0 | 0 | 0 | 1 | camera | target | 0.680545 | 0 | 0.732706 | 0.6
SCRIPT       : DATA_LOG | 1281315 | VEZjSxlcpgu1JLRUfHGLLLMsm0wqbyJ6fy2rl33V8jg= | 8173.48 | 6.16767 | 3061.81 | -0.967328 | 0.253526 | 0 | none | -1 | 180 | 0 | 0 | 0 | 0 | 0 | 0 | 0 | 0 | 1 | camera | no_target | -0.967328 | -0 | 0.253526 | -0.967328 | 
SCRIPT       : DATA_LOG | 1282291 | aRapBi1cCZPZAGLIDny3dk3hQ8vTmNTLHRl8zxmKgQ0= | 2176.98 | 314.382 | 6225.15 | 0.67819 | 0.734886 | 0 | SVD_Wooden | 1 | 10.615 | 404.631 | 0 | 1 | 1 | 0 | 0 | 0 | 0 | 1 | camera | none | 0.67819 | 0 | 0.734886 | 0.67819 
SCRIPT       : DATA_LOG | 1282308 | VEZjSxlcpgu1JLRUfHGLLLMsm0wqbyJ6fy2rl33V8jg= | 8173.48 | 6.16767 | 3061.81 | -0.967328 | 0.253526 | 0 | none | -1 | 180 | 0 | 0 | 0 | 0 | 0 | 0 | 0 | 0 | 1 | camera | no_target | -0.967328 | -0 | 0.253526 | -0.967328 | 
SCRIPT       : DATA_LOG | 1283303 | aRapBi1cCZPZAGLIDny3dk3hQ8vTmNTLHRl8zxmKgQ0= | 2177.53 | 314.274 | 6225.54 | 0.819025 | 0.573758 | 0 | none | 1 | 22.4133 | 404.028 | 0 | 1 | 1 | 0 | 0 | 0 | 0 | 1 | camera | target | 0.819025 | 0 | 0.573758 | 0.819025 
SCRIPT       : DATA_LOG | 1283330 | VEZjSxlcpgu1JLRUfHGLLLMsm0wqbyJ6fy2rl33V8jg= | 8173.48 | 6.16767 | 3061.81 | -0.967328 | 0.253526 | 0 | none | -1 | 180 | 0 | 0 | 0 | 0 | 0 | 0 | 0 | 0 | 1 | camera | no_target | -0.967328 | -0 | 0.253526 | -0.967328 | 
SCRIPT       : DATA_LOG | 1284292 | aRapBi1cCZPZAGLIDny3dk3hQ8vTmNTLHRl8zxmKgQ0= | 2176.47 | 313.849 | 6228.53 | 0.836976 | 0.547239 | 0 | none | 1 | 23.8744 | 402.14 | 0 | 1 | 1 | 0 | 0 | 0 | 0 | 1 | camera | target | 0.836976 | 0 | 0.547239 | 0.836976 |
SCRIPT       : DATA_LOG | 1284313 | VEZjSxlcpgu1JLRUfHGLLLMsm0wqbyJ6fy2rl33V8jg= | 8173.48 | 6.16767 | 3061.81 | -0.967328 | 0.253526 | 0 | none | -1 | 180 | 0 | 0 | 0 | 0 | 0 | 0 | 0 | 0 | 1 | camera | no_target | -0.967328 | -0 | 0.253526 | -0.967328 | 
SCRIPT       : DATA_LOG | 1285303 | aRapBi1cCZPZAGLIDny3dk3hQ8vTmNTLHRl8zxmKgQ0= | 2174.75 | 314.152 | 6227.48 | 0.836977 | 0.547239 | 0 | none | 0 | 23.7428 | 403.937 | 0 | 1 | 1 | 0 | 0 | 0 | 0 | 1 | camera | TreeHard_t_PiceaAbies_3f | 0.836977 | 0 | 0.
SCRIPT       : DATA_LOG | 1285330 | VEZjSxlcpgu1JLRUfHGLLLMsm0wqbyJ6fy2rl33V8jg= | 8173.48 | 6.16767 | 3061.81 | -0.967328 | 0.253526 | 0 | none | -1 | 180 | 0 | 0 | 0 | 0 | 0 | 0 | 0 | 0 | 1 | camera | no_target | -0.967328 | -0 | 0.253526 | -0.967328 | 
SCRIPT       : DATA_LOG | 1286302 | aRapBi1cCZPZAGLIDny3dk3hQ8vTmNTLHRl8zxmKgQ0= | 2175.07 | 314.532 | 6225.14 | 0.836977 | 0.547239 | 0 | none | 0 | 23.947 | 405.69 | 0 | 1 | 1 | 0 | 0 | 0 | 0 | 1 | camera | TreeHard_t_PiceaAbies_3f | 0.836977 | 0 | 0.54
SCRIPT       : DATA_LOG | 1286325 | VEZjSxlcpgu1JLRUfHGLLLMsm0wqbyJ6fy2rl33V8jg= | 8173.48 | 6.16767 | 3061.81 | -0.967328 | 0.253526 | 0 | none | -1 | 180 | 0 | 0 | 0 | 0 | 0 | 0 | 0 | 0 | 1 | camera | no_target | -0.967328 | -0 | 0.253526 | -0.967328 | 
SCRIPT       : DATA_LOG | 1287371 | aRapBi1cCZPZAGLIDny3dk3hQ8vTmNTLHRl8zxmKgQ0= | 2175.07 | 314.532 | 6225.14 | 0.836977 | 0.547239 | 0 | none | 0 | 23.9468 | 405.682 | 0 | 1 | 1 | 0 | 0 | 0 | 0 | 1 | camera | TreeHard_t_PiceaAbies_3f | 0.836977 | 0 | 0.
SCRIPT       : DATA_LOG | 1287390 | VEZjSxlcpgu1JLRUfHGLLLMsm0wqbyJ6fy2rl33V8jg= | 8173.48 | 6.16767 | 3061.81 | -0.967328 | 0.253526 | 0 | none | -1 | 180 | 0 | 0 | 0 | 0 | 0 | 0 | 0 | 0 | 1 | camera | no_target | -0.967328 | -0 | 0.253526 | -0.967328 | 
SCRIPT       : DATA_LOG | 1288371 | aRapBi1cCZPZAGLIDny3dk3hQ8vTmNTLHRl8zxmKgQ0= | 2177.98 | 314.411 | 6224.07 | 0.838257 | 0.545276 | 0 | none | 1 | 24.5045 | 405.01 | 0 | 1 | 1 | 0 | 0 | 0 | 0 | 1 | camera | target | 0.838257 | 0 | 0.545276 | 0.838257 |
SCRIPT       : DATA_LOG | 1288395 | VEZjSxlcpgu1JLRUfHGLLLMsm0wqbyJ6fy2rl33V8jg= | 8173.48 | 6.16767 | 3061.81 | -0.967328 | 0.253526 | 0 | none | -1 | 180 | 0 | 0 | 0 | 0 | 0 | 0 | 0 | 0 | 1 | camera | no_target | -0.967328 | -0 | 0.253526 | -0.967328 | 
SCRIPT       : DATA_LOG | 1289377 | aRapBi1cCZPZAGLIDny3dk3hQ8vTmNTLHRl8zxmKgQ0= | 2175.32 | 314.749 | 6222.68 | 0.75596 | 0.654618 | 0 | none | 1 | 16.6287 | 407.574 | 0 | 1 | 1 | 0 | 0 | 0 | 0 | 1 | camera | target | 0.75596 | 0 | 0.654618 | 0.75596 | 0
SCRIPT       : DATA_LOG | 1289400 | VEZjSxlcpgu1JLRUfHGLLLMsm0wqbyJ6fy2rl33V8jg= | 8173.48 | 6.16767 | 3061.81 | -0.967328 | 0.253526 | 0 | none | -1 | 180 | 0 | 0 | 0 | 0 | 0 | 0 | 0 | 0 | 1 | camera | no_target | -0.967328 | -0 | 0.253526 | -0.967328 | 
SCRIPT       : DATA_LOG | 1290378 | aRapBi1cCZPZAGLIDny3dk3hQ8vTmNTLHRl8zxmKgQ0= | 2173.57 | 314.917 | 6222 | 0.755947 | 0.654633 | 0 | none | 0 | 16.4686 | 409.089 | 0 | 1 | 1 | 0 | 0 | 0 | 0 | 1 | camera | TreeHard_t_PiceaAbies_3f | 0.755947 | 0 | 0.654
SCRIPT       : DATA_LOG | 1290401 | VEZjSxlcpgu1JLRUfHGLLLMsm0wqbyJ6fy2rl33V8jg= | 8173.48 | 6.16767 | 3061.81 | -0.967328 | 0.253526 | 0 | none | -1 | 180 | 0 | 0 | 0 | 0 | 0 | 0 | 0 | 0 | 1 | camera | no_target | -0.967328 | -0 | 0.253526 | -0.967328 | 
SCRIPT       : DATA_LOG | 1291401 | aRapBi1cCZPZAGLIDny3dk3hQ8vTmNTLHRl8zxmKgQ0= | 2173.23 | 315.078 | 6220.48 | -0.991875 | -0.127216 | 0 | none | 1 | 130.284 | 410.539 | 0 | 1 | 1 | 0 | 0 | 0 | 0 | 1 | camera | target | -0.991875 | 0 | -0.127216 | -0.99
SCRIPT       : DATA_LOG | 1291427 | VEZjSxlcpgu1JLRUfHGLLLMsm0wqbyJ6fy2rl33V8jg= | 8173.48 | 6.16767 | 3061.81 | -0.967328 | 0.253526 | 0 | none | -1 | 180 | 0 | 0 | 0 | 0 | 0 | 0 | 0 | 0 | 1 | camera | no_target | -0.967328 | -0 | 0.253526 | -0.967328 | 
SCRIPT       : DATA_LOG | 1292406 | aRapBi1cCZPZAGLIDny3dk3hQ8vTmNTLHRl8zxmKgQ0= | 2170.17 | 315.077 | 6222.31 | 0.734269 | 0.678859 | 0 | none | 0 | 14.2651 | 410.69 | 0 | 1 | 1 | 0 | 0 | 0 | 0 | 1 | camera | TreeHard_t_PiceaAbies_3f | 0.734269 | 0 | 0.6
SCRIPT       : DATA_LOG | 1292433 | VEZjSxlcpgu1JLRUfHGLLLMsm0wqbyJ6fy2rl33V8jg= | 8173.48 | 6.16767 | 3061.81 | -0.967328 | 0.253526 | 0 | none | -1 | 180 | 0 | 0 | 0 | 0 | 0 | 0 | 0 | 0 | 1 | camera | no_target | -0.967328 | -0 | 0.253526 | -0.967328 | 
SCRIPT       : DATA_LOG | 1293398 | aRapBi1cCZPZAGLIDny3dk3hQ8vTmNTLHRl8zxmKgQ0= | 2167.18 | 314.959 | 6225.29 | 0.699021 | 0.715101 | 0 | none | 0 | 11.0045 | 409.901 | 0 | 1 | 1 | 0 | 0 | 0 | 0 | 1 | camera | TreeHard_t_PiceaAbies_3f | 0.699021 | 0 | 0.
SCRIPT       : DATA_LOG | 1293418 | VEZjSxlcpgu1JLRUfHGLLLMsm0wqbyJ6fy2rl33V8jg= | 8173.48 | 6.16767 | 3061.81 | -0.967328 | 0.253526 | 0 | none | -1 | 180 | 0 | 0 | 0 | 0 | 0 | 0 | 0 | 0 | 1 | camera | no_target | -0.967328 | -0 | 0.253526 | -0.967328 | 
SCRIPT       : DATA_LOG | 1294402 | aRapBi1cCZPZAGLIDny3dk3hQ8vTmNTLHRl8zxmKgQ0= | 2165.28 | 314.831 | 6227.22 | 0.311133 | 0.950366 | 0 | none | 1 | 16.9626 | 409.38 | 0 | 1 | 1 | 0 | 0 | 0 | 0 | 1 | camera | target | 0.311133 | 0 | 0.950366 | 0.311133 |
SCRIPT       : DATA_LOG | 1294427 | VEZjSxlcpgu1JLRUfHGLLLMsm0wqbyJ6fy2rl33V8jg= | 8173.48 | 6.16767 | 3061.81 | -0.967328 | 0.253526 | 0 | none | -1 | 180 | 0 | 0 | 0 | 0 | 0 | 0 | 0 | 0 | 1 | camera | no_target | -0.967328 | -0 | 0.253526 | -0.967328 | 
SCRIPT       : DATA_LOG | 1295408 | aRapBi1cCZPZAGLIDny3dk3hQ8vTmNTLHRl8zxmKgQ0= | 2166.4 | 314.74 | 6226.97 | 0.205287 | 0.978702 | 0 | none | 1 | 22.9446 | 408.973 | 0 | 1 | 1 | 0 | 0 | 0 | 0 | 1 | camera | target | 0.205287 | 0 | 0.978702 | 0.205287 | 
SCRIPT       : DATA_LOG | 1295434 | VEZjSxlcpgu1JLRUfHGLLLMsm0wqbyJ6fy2rl33V8jg= | 8173.48 | 6.16767 | 3061.81 | -0.967328 | 0.253526 | 0 | none | -1 | 180 | 0 | 0 | 0 | 0 | 0 | 0 | 0 | 0 | 1 | camera | no_target | -0.967328 | -0 | 0.253526 | -0.967328 | 
SCRIPT       : DATA_LOG | 1296405 | aRapBi1cCZPZAGLIDny3dk3hQ8vTmNTLHRl8zxmKgQ0= | 2167.07 | 314.699 | 6226.83 | 0.20524 | 0.978712 | 0 | none | 1 | 22.8632 | 408.697 | 0 | 1 | 1 | 0 | 0 | 0 | 0 | 1 | camera | target | 0.20524 | 0 | 0.978712 | 0.20524 | 0
SCRIPT       : DATA_LOG | 1296424 | VEZjSxlcpgu1JLRUfHGLLLMsm0wqbyJ6fy2rl33V8jg= | 8173.39 | 6.16645 | 3061.87 | -0.893747 | 0.448571 | 0 | none | -1 | 180 | 0 | 0 | 0 | 0 | 0 | 0 | 0 | 0 | 1 | camera | no_target | -0.893747 | 0 | 0.448571 | -0.893747 | 0
SCRIPT       : DATA_LOG | 1297401 | aRapBi1cCZPZAGLIDny3dk3hQ8vTmNTLHRl8zxmKgQ0= | 2167.51 | 314.389 | 6228.34 | 0.20524 | 0.978712 | 0 | none | 1 | 22.9405 | 407.233 | 0 | 1 | 1 | 0 | 0 | 0 | 0 | 1 | camera | target | 0.20524 | 0 | 0.978712 | 0.20524 | 0
SCRIPT       : DATA_LOG | 1297422 | VEZjSxlcpgu1JLRUfHGLLLMsm0wqbyJ6fy2rl33V8jg= | 8168.4 | 6.0919 | 3065.42 | -0.815166 | 0.579227 | 0 | none | -1 | 180 | 0 | 0 | 0 | 0 | 0 | 0 | 0 | 0 | 1 | camera | no_target | -0.815166 | 0 | 0.579227 | -0.815166 | 0 |
SCRIPT       : DATA_LOG | 1298412 | aRapBi1cCZPZAGLIDny3dk3hQ8vTmNTLHRl8zxmKgQ0= | 2170.71 | 313.53 | 6232.3 | 0.20524 | 0.978712 | 0 | none | 1 | 22.9168 | 402.245 | 0 | 1 | 1 | 0 | 0 | 0 | 0 | 1 | camera | target | 0.20524 | 0 | 0.978712 | 0.20524 | 0 |
SCRIPT       : DATA_LOG | 1298624 | VEZjSxlcpgu1JLRUfHGLLLMsm0wqbyJ6fy2rl33V8jg= | 8162.21 | 6.04146 | 3067.46 | -0.997851 | 0.0655202 | 0 | none | -1 | 180 | 0 | 0 | 0 | 0 | 0 | 0 | 0 | 0 | 1 | camera | no_target | -0.997851 | 0 | 0.0655202 | -0.997851 |
SCRIPT       : DATA_LOG | 1299409 | aRapBi1cCZPZAGLIDny3dk3hQ8vTmNTLHRl8zxmKgQ0= | 2171.04 | 312.879 | 6238.71 | -0.342483 | 0.939524 | 0 | none | 1 | 54.9791 | 396.842 | 0 | 1 | 1 | 0 | 0 | 0 | 0 | 1 | camera | target | -0.342483 | 0 | 0.939524 | -0.3424
SCRIPT       : DATA_LOG | 1299433 | VEZjSxlcpgu1JLRUfHGLLLMsm0wqbyJ6fy2rl33V8jg= | 8157.01 | 6.36446 | 3070.95 | -0.990271 | 0.139153 | 0 | none | -1 | 180 | 0 | 0 | 0 | 0 | 0 | 0 | 0 | 0 | 1 | camera | no_target | -0.990271 | 0 | 0.139153 | -0.990271 | 0
SCRIPT       : DATA_LOG | 1300412 | aRapBi1cCZPZAGLIDny3dk3hQ8vTmNTLHRl8zxmKgQ0= | 2166.68 | 312.722 | 6243.67 | -0.774561 | 0.6325 | 0 | none | 0 | 86.525 | 395.341 | 0 | 1 | 1 | 0 | 0 | 0 | 0 | 1 | camera | TreeHard_t_PiceaAbies_3f | -0.774561 | 0 | 0.6
SCRIPT       : DATA_LOG | 1300436 | VEZjSxlcpgu1JLRUfHGLLLMsm0wqbyJ6fy2rl33V8jg= | 8153.01 | 6.17342 | 3076.26 | -0.922755 | 0.385386 | 0 | none | -1 | 180 | 0 | 0 | 0 | 0 | 0 | 0 | 0 | 0 | 1 | camera | no_target | -0.922755 | 0 | 0.385386 | -0.922755 | 0
SCRIPT       : DATA_LOG | 1301585 | aRapBi1cCZPZAGLIDny3dk3hQ8vTmNTLHRl8zxmKgQ0= | 2162.9 | 312.64 | 6247.07 | 0.497465 | 0.867484 | 0 | none | 0 | 8.16491 | 394.826 | 0 | 1 | 1 | 0 | 0 | 0 | 0 | 1 | camera | TreeHard_t_PiceaAbies_3f | 0.497465 | 0 | 0.86
SCRIPT       : DATA_LOG | 1301612 | VEZjSxlcpgu1JLRUfHGLLLMsm0wqbyJ6fy2rl33V8jg= | 8149.01 | 6.14723 | 3081.32 | -0.915509 | 0.402298 | 0 | none | -1 | 180 | 0 | 0 | 0 | 0 | 0 | 0 | 0 | 0 | 1 | camera | no_target | -0.915509 | 0 | 0.402298 | -0.915509 | 0
SCRIPT       : DATA_LOG | 1302408 | aRapBi1cCZPZAGLIDny3dk3hQ8vTmNTLHRl8zxmKgQ0= | 2162.7 | 312.521 | 6250.67 | 0.597221 | 0.802077 | 0 | none | 1 | 4.7969 | 392.079 | 0 | 1 | 1 | 1 | 0 | 0 | 0 | 1 | camera | target | 0.597221 | 0 | 0.802077 | 0.597221 | 
SCRIPT       : DATA_LOG | 1302429 | VEZjSxlcpgu1JLRUfHGLLLMsm0wqbyJ6fy2rl33V8jg= | 8146.58 | 5.94293 | 3087.57 | -0.910324 | 0.413896 | 0 | none | -1 | 180 | 0 | 0 | 0 | 0 | 0 | 0 | 0 | 0 | 1 | camera | no_target | -0.910324 | 0 | 0.413896 | -0.910324 | 0
SCRIPT       : DATA_LOG | 1303411 | aRapBi1cCZPZAGLIDny3dk3hQ8vTmNTLHRl8zxmKgQ0= | 2165.37 | 312.395 | 6255.15 | 0.391658 | 0.920111 | 0 | none | 1 | 14.6643 | 386.913 | 0 | 1 | 1 | 0 | 0 | 0 | 0 | 1 | camera | target | 0.391658 | 0 | 0.920111 | 0.391658 
SCRIPT       : DATA_LOG | 1303431 | VEZjSxlcpgu1JLRUfHGLLLMsm0wqbyJ6fy2rl33V8jg= | 8143.04 | 5.99527 | 3092.6 | -0.901449 | 0.432885 | 0 | none | -1 | 180 | 0 | 0 | 0 | 0 | 0 | 0 | 0 | 0 | 1 | camera | no_target | -0.901449 | 0 | 0.432885 | -0.901449 | 0 
SCRIPT       : DATA_LOG | 1304410 | aRapBi1cCZPZAGLIDny3dk3hQ8vTmNTLHRl8zxmKgQ0= | 2167.92 | 312.318 | 6261.33 | 0.252975 | 0.967473 | 0 | none | 1 | 23.0173 | 380.467 | 0 | 1 | 1 | 0 | 0 | 0 | 0 | 1 | camera | none | 0.252975 | 0 | 0.967473 | 0.252975 | 
SCRIPT       : DATA_LOG | 1304431 | VEZjSxlcpgu1JLRUfHGLLLMsm0wqbyJ6fy2rl33V8jg= | 8136.67 | 5.98471 | 3094.93 | -0.999135 | -0.0415724 | 0 | none | -1 | 180 | 0 | 0 | 0 | 0 | 0 | 0 | 0 | 0 | 1 | camera | no_target | -0.999135 | 0 | -0.0415724 | -0.999135
SCRIPT       : DATA_LOG | 1310048 | aRapBi1cCZPZAGLIDny3dk3hQ8vTmNTLHRl8zxmKgQ0= | 2168.9 | 312.335 | 6262.99 | 0.252784 | 0.967523 | 0 | none | 1 | 23.0649 | 378.575 | 0 | 1 | 1 | 0 | 0 | 0 | 0 | 1 | camera | none | 0.252784 | 0 | 0.967523 | 0.252784 | 0
SCRIPT       : DATA_LOG | 1310063 | VEZjSxlcpgu1JLRUfHGLLLMsm0wqbyJ6fy2rl33V8jg= | 8121.42 | 5.69623 | 3087.8 | -0.938802 | -0.344458 | 0 | none | -1 | 180 | 0 | 0 | 0 | 0 | 0 | 0 | 0 | 0 | 1 | camera | no_target | -0.938802 | 0 | -0.344458 | -0.938802 | 
SCRIPT       : DATA_LOG | 1311170 | aRapBi1cCZPZAGLIDny3dk3hQ8vTmNTLHRl8zxmKgQ0= | 2169.04 | 312.341 | 6263.39 | 0.252784 | 0.967523 | 0 | none | 1 | 23.0856 | 378.166 | 0 | 1 | 1 | 0 | 0 | 0 | 0 | 1 | camera | target | 0.252784 | 0 | 0.967523 | 0.252784 
SCRIPT       : DATA_LOG | 1312859 | VEZjSxlcpgu1JLRUfHGLLLMsm0wqbyJ6fy2rl33V8jg= | 8095 | 5.80893 | 3078.1 | -0.938727 | -0.344662 | 0 | none | -1 | 180 | 0 | 0 | 0 | 0 | 0 | 0 | 0 | 0 | 1 | camera | no_target | -0.938727 | 0 | -0.344662 | -0.938727 | 0 |
SCRIPT       : DATA_LOG | 1316942 | aRapBi1cCZPZAGLIDny3dk3hQ8vTmNTLHRl8zxmKgQ0= | 2171.51 | 312.602 | 6273.92 | 0.563709 | 0.825974 | 0 | none | 1 | 6.22428 | 368.341 | 0 | 1 | 1 | 0 | 0 | 0 | 0 | 1 | camera | target | 0.563709 | 0 | 0.825974 | 0.563709 
SCRIPT       : DATA_LOG | 1316965 | VEZjSxlcpgu1JLRUfHGLLLMsm0wqbyJ6fy2rl33V8jg= | 8073.39 | 5.57094 | 3070.51 | -0.938727 | -0.344662 | 0 | none | -1 | 180 | 0 | 0 | 0 | 0 | 0 | 0 | 0 | 0 | 1 | camera | no_target | -0.938727 | 0 | -0.344662 | -0.938727 |
SCRIPT       : DATA_LOG | 1317948 | aRapBi1cCZPZAGLIDny3dk3hQ8vTmNTLHRl8zxmKgQ0= | 2176.75 | 313.143 | 6285.33 | 0.328367 | 0.94455 | 0 | none | 1 | 19.8534 | 356.116 | 0 | 1 | 1 | 0 | 0 | 0 | 0 | 1 | camera | target | 0.328367 | 0 | 0.94455 | 0.328367 | 
SCRIPT       : DATA_LOG | 1317977 | VEZjSxlcpgu1JLRUfHGLLLMsm0wqbyJ6fy2rl33V8jg= | 8053.4 | 5.61291 | 3074.32 | -0.999346 | -0.0361472 | 0 | none | -1 | 180 | 0 | 0 | 0 | 0 | 0 | 0 | 0 | 0 | 1 | camera | no_target | -0.999346 | 0 | -0.0361472 | -0.999346 
SCRIPT       : DATA_LOG | 1318945 | aRapBi1cCZPZAGLIDny3dk3hQ8vTmNTLHRl8zxmKgQ0= | 2180.13 | 313.327 | 6287.48 | 0.587745 | 0.809046 | 0 | none | 1 | 5.62995 | 352.344 | 0 | 1 | 1 | 0 | 0 | 0 | 0 | 1 | camera | target | 0.587745 | 0 | 0.809046 | 0.587745 
SCRIPT       : DATA_LOG | 1318966 | VEZjSxlcpgu1JLRUfHGLLLMsm0wqbyJ6fy2rl33V8jg= | 8052.84 | 5.62899 | 3075.03 | -0.997908 | 0.0646528 | 0 | none | -1 | 180 | 0 | 0 | 0 | 0 | 0 | 0 | 0 | 0 | 1 | camera | no_target | -0.997908 | -0 | 0.0646528 | -0.997908 
SCRIPT       : DATA_LOG | 1319939 | aRapBi1cCZPZAGLIDny3dk3hQ8vTmNTLHRl8zxmKgQ0= | 2181.23 | 313.4 | 6288.52 | -0.251411 | 0.96788 | 0 | none | 1 | 52.8522 | 350.831 | 0 | 1 | 1 | 0 | 0 | 0 | 0 | 1 | camera | target | -0.251411 | 0 | 0.96788 | -0.251411 |
SCRIPT       : DATA_LOG | 1319958 | VEZjSxlcpgu1JLRUfHGLLLMsm0wqbyJ6fy2rl33V8jg= | 8052.84 | 5.62899 | 3075.03 | -0.997908 | 0.0646528 | 0 | none | -1 | 180 | 0 | 0 | 0 | 0 | 0 | 0 | 0 | 0 | 1 | camera | no_target | -0.997908 | -0 | 0.0646528 | -0.997908 
SCRIPT       : DATA_LOG | 1320944 | aRapBi1cCZPZAGLIDny3dk3hQ8vTmNTLHRl8zxmKgQ0= | 2184.18 | 313.606 | 6292.47 | 0.512047 | 0.858958 | 0 | none | 1 | 9.01014 | 345.91 | 0 | 1 | 1 | 0 | 0 | 0 | 0 | 1 | camera | target | 0.512047 | 0 | 0.858958 | 0.512047 |
SCRIPT       : DATA_LOG | 1320963 | VEZjSxlcpgu1JLRUfHGLLLMsm0wqbyJ6fy2rl33V8jg= | 8052.84 | 5.62899 | 3075.03 | -0.997908 | 0.0646528 | 0 | none | -1 | 180 | 0 | 0 | 0 | 0 | 0 | 0 | 0 | 0 | 1 | camera | no_target | -0.997908 | -0 | 0.0646528 | -0.997908 
SCRIPT       : DATA_LOG | 1322054 | aRapBi1cCZPZAGLIDny3dk3hQ8vTmNTLHRl8zxmKgQ0= | 2187.18 | 313.763 | 6294.9 | 0.525793 | 0.850612 | 0 | none | 1 | 8.18859 | 342.157 | 0 | 1 | 1 | 0 | 0 | 0 | 0 | 1 | camera | target | 0.525793 | 0 | 0.850612 | 0.525793 |
SCRIPT       : DATA_LOG | 1322070 | VEZjSxlcpgu1JLRUfHGLLLMsm0wqbyJ6fy2rl33V8jg= | 8052.84 | 5.62899 | 3075.03 | -0.997908 | 0.0646528 | 0 | none | -1 | 180 | 0 | 0 | 0 | 0 | 0 | 0 | 0 | 0 | 1 | camera | no_target | -0.997908 | -0 | 0.0646528 | -0.997908 
SCRIPT       : DATA_LOG | 1323072 | aRapBi1cCZPZAGLIDny3dk3hQ8vTmNTLHRl8zxmKgQ0= | 2189.13 | 313.957 | 6298.42 | 0.525793 | 0.850612 | 0 | none | 1 | 8.29048 | 338.176 | 0 | 1 | 1 | 0 | 0 | 0 | 0 | 1 | camera | none | 0.525793 | 0 | 0.850612 | 0.525793 | 
SCRIPT       : DATA_LOG | 1323098 | VEZjSxlcpgu1JLRUfHGLLLMsm0wqbyJ6fy2rl33V8jg= | 8052.84 | 5.62899 | 3075.03 | -0.997908 | 0.0646528 | 0 | none | -1 | 180 | 0 | 0 | 0 | 0 | 0 | 0 | 0 | 0 | 1 | camera | no_target | -0.997908 | -0 | 0.0646528 | -0.997908 
SCRIPT       : DATA_LOG | 1324066 | aRapBi1cCZPZAGLIDny3dk3hQ8vTmNTLHRl8zxmKgQ0= | 2191.41 | 314.188 | 6302.6 | 0.420148 | 0.907456 | 0 | none | 1 | 14.3956 | 333.487 | 0 | 1 | 1 | 0 | 0 | 0 | 0 | 1 | camera | none | 0.420148 | 0 | 0.907456 | 0.420148 | 0
SCRIPT       : DATA_LOG | 1324086 | VEZjSxlcpgu1JLRUfHGLLLMsm0wqbyJ6fy2rl33V8jg= | 8052.84 | 5.62899 | 3075.03 | -0.997908 | 0.0646528 | 0 | none | -1 | 180 | 0 | 0 | 0 | 0 | 0 | 0 | 0 | 0 | 1 | camera | no_target | -0.997908 | -0 | 0.0646528 | -0.997908 
SCRIPT       : DATA_LOG | 1325069 | aRapBi1cCZPZAGLIDny3dk3hQ8vTmNTLHRl8zxmKgQ0= | 2191.34 | 314.245 | 6304.2 | 0.382801 | 0.923831 | 0 | none | 1 | 16.7588 | 332.264 | 0 | 1 | 1 | 0 | 0 | 0 | 0 | 1 | camera | none | 0.382801 | 0 | 0.923831 | 0.382801 | 0
SCRIPT       : DATA_LOG | 1325093 | VEZjSxlcpgu1JLRUfHGLLLMsm0wqbyJ6fy2rl33V8jg= | 8052.84 | 5.62899 | 3075.03 | -0.997908 | 0.0646528 | 0 | none | -1 | 180 | 0 | 0 | 0 | 0 | 0 | 0 | 0 | 0 | 1 | camera | no_target | -0.997908 | -0 | 0.0646528 | -0.997908 
SCRIPT       : DATA_LOG | 1326069 | aRapBi1cCZPZAGLIDny3dk3hQ8vTmNTLHRl8zxmKgQ0= | 2190.08 | 314.218 | 6304.55 | -0.941494 | 0.33703 | 0 | none | 1 | 108.834 | 332.783 | 0 | 1 | 1 | 0 | 0 | 0 | 0 | 1 | camera | target | -0.941494 | -0 | 0.33703 | -0.94149
SCRIPT       : DATA_LOG | 1326094 | VEZjSxlcpgu1JLRUfHGLLLMsm0wqbyJ6fy2rl33V8jg= | 8052.84 | 5.62899 | 3075.03 | -0.997908 | 0.0646528 | 0 | none | -1 | 180 | 0 | 0 | 0 | 0 | 0 | 0 | 0 | 0 | 1 | camera | no_target | -0.997908 | -0 | 0.0646528 | -0.997908 
SCRIPT       : DATA_LOG | 1327062 | aRapBi1cCZPZAGLIDny3dk3hQ8vTmNTLHRl8zxmKgQ0= | 2189.9 | 314.213 | 6304.62 | -0.941494 | 0.33703 | 0 | none | 1 | 108.866 | 332.837 | 0 | 1 | 1 | 0 | 0 | 0 | 0 | 1 | camera | target | -0.941494 | -0 | 0.33703 | -0.941494
SCRIPT       : DATA_LOG | 1327078 | VEZjSxlcpgu1JLRUfHGLLLMsm0wqbyJ6fy2rl33V8jg= | 8052.84 | 5.62899 | 3075.03 | -0.997908 | 0.0646528 | 0 | none | -1 | 180 | 0 | 0 | 0 | 0 | 0 | 0 | 0 | 0 | 1 | camera | no_target | -0.997908 | -0 | 0.0646528 | -0.997908 
SCRIPT       : DATA_LOG | 1328061 | aRapBi1cCZPZAGLIDny3dk3hQ8vTmNTLHRl8zxmKgQ0= | 2189.9 | 314.213 | 6304.62 | -0.941494 | 0.33703 | 0 | none | 1 | 108.867 | 332.834 | 0 | 1 | 1 | 0 | 0 | 0 | 0 | 1 | camera | target | -0.941494 | -0 | 0.33703 | -0.941494
SCRIPT       : DATA_LOG | 1328076 | VEZjSxlcpgu1JLRUfHGLLLMsm0wqbyJ6fy2rl33V8jg= | 8052.84 | 5.62899 | 3075.03 | -0.997908 | 0.0646528 | 0 | none | -1 | 180 | 0 | 0 | 0 | 0 | 0 | 0 | 0 | 0 | 1 | camera | no_target | -0.997908 | -0 | 0.0646528 | -0.997908 
SCRIPT       : DATA_LOG | 1329063 | aRapBi1cCZPZAGLIDny3dk3hQ8vTmNTLHRl8zxmKgQ0= | 2189.9 | 314.213 | 6304.62 | -0.941494 | 0.33703 | 0 | none | 1 | 108.866 | 332.846 | 0 | 1 | 1 | 0 | 0 | 0 | 0 | 1 | camera | target | -0.941494 | -0 | 0.33703 | -0.941494
SCRIPT       : DATA_LOG | 1329078 | VEZjSxlcpgu1JLRUfHGLLLMsm0wqbyJ6fy2rl33V8jg= | 8052.84 | 5.62899 | 3075.03 | -0.997908 | 0.0646528 | 0 | none | -1 | 180 | 0 | 0 | 0 | 0 | 0 | 0 | 0 | 0 | 1 | camera | no_target | -0.997908 | -0 | 0.0646528 | -0.997908 
SCRIPT       : DATA_LOG | 1330063 | aRapBi1cCZPZAGLIDny3dk3hQ8vTmNTLHRl8zxmKgQ0= | 2189.9 | 314.213 | 6304.62 | -0.941494 | 0.33703 | 0 | none | 1 | 108.866 | 332.84 | 0 | 1 | 1 | 0 | 0 | 0 | 0 | 1 | camera | target | -0.941494 | -0 | 0.33703 | -0.941494 
SCRIPT       : DATA_LOG | 1330079 | VEZjSxlcpgu1JLRUfHGLLLMsm0wqbyJ6fy2rl33V8jg= | 8052.84 | 5.62899 | 3075.03 | -0.997908 | 0.0646528 | 0 | none | -1 | 180 | 0 | 0 | 0 | 0 | 0 | 0 | 0 | 0 | 1 | camera | no_target | -0.997908 | -0 | 0.0646528 | -0.997908 
SCRIPT       : DATA_LOG | 1331069 | aRapBi1cCZPZAGLIDny3dk3hQ8vTmNTLHRl8zxmKgQ0= | 2189.9 | 314.213 | 6304.62 | -0.941494 | 0.33703 | 0 | none | 1 | 108.867 | 332.848 | 0 | 1 | 1 | 0 | 0 | 0 | 0 | 1 | camera | target | -0.941494 | -0 | 0.33703 | -0.941494
SCRIPT       : DATA_LOG | 1331086 | VEZjSxlcpgu1JLRUfHGLLLMsm0wqbyJ6fy2rl33V8jg= | 8052.66 | 5.63514 | 3075.06 | -0.988744 | 0.149614 | 0 | none | -1 | 180 | 0 | 0 | 0 | 0 | 0 | 0 | 0 | 0 | 1 | camera | no_target | -0.988744 | 0 | 0.149614 | -0.988744 | 0
SCRIPT       : DATA_LOG | 1332106 | aRapBi1cCZPZAGLIDny3dk3hQ8vTmNTLHRl8zxmKgQ0= | 2189.9 | 314.213 | 6304.62 | -0.941494 | 0.33703 | 0 | none | 1 | 108.867 | 332.843 | 0 | 1 | 1 | 0 | 0 | 0 | 0 | 1 | camera | target | -0.941494 | -0 | 0.33703 | -0.941494
SCRIPT       : DATA_LOG | 1332123 | VEZjSxlcpgu1JLRUfHGLLLMsm0wqbyJ6fy2rl33V8jg= | 8047.9 | 5.79527 | 3076.09 | -0.974979 | 0.222295 | 0 | none | -1 | 180 | 0 | 0 | 0 | 0 | 0 | 0 | 0 | 0 | 1 | camera | no_target | -0.974979 | 0 | 0.222295 | -0.974979 | 0 
SCRIPT       : DATA_LOG | 1333115 | aRapBi1cCZPZAGLIDny3dk3hQ8vTmNTLHRl8zxmKgQ0= | 2189.9 | 314.213 | 6304.62 | -0.941494 | 0.33703 | 0 | none | 1 | 108.867 | 332.846 | 0 | 1 | 1 | 0 | 0 | 0 | 0 | 1 | camera | target | -0.941494 | -0 | 0.33703 | -0.941494
SCRIPT       : DATA_LOG | 1333304 | VEZjSxlcpgu1JLRUfHGLLLMsm0wqbyJ6fy2rl33V8jg= | 8041.98 | 5.84956 | 3077.44 | -0.974632 | 0.223813 | 0 | none | -1 | 180 | 0 | 0 | 0 | 0 | 0 | 0 | 0 | 0 | 1 | camera | no_target | -0.974632 | 0 | 0.223813 | -0.974632 | 0
SCRIPT       : DATA_LOG | 1334114 | aRapBi1cCZPZAGLIDny3dk3hQ8vTmNTLHRl8zxmKgQ0= | 2189.9 | 314.213 | 6304.62 | -0.941494 | 0.33703 | 0 | none | 1 | 108.866 | 332.841 | 0 | 1 | 1 | 0 | 0 | 0 | 0 | 1 | camera | target | -0.941494 | -0 | 0.33703 | -0.941494
SCRIPT       : DATA_LOG | 1334137 | VEZjSxlcpgu1JLRUfHGLLLMsm0wqbyJ6fy2rl33V8jg= | 8035.39 | 5.88663 | 3078.96 | -0.974632 | 0.223813 | 0 | none | -1 | 180 | 0 | 0 | 0 | 0 | 0 | 0 | 0 | 0 | 1 | camera | no_target | -0.974632 | 0 | 0.223813 | -0.974632 | 0
SCRIPT       : DATA_LOG | 1335113 | aRapBi1cCZPZAGLIDny3dk3hQ8vTmNTLHRl8zxmKgQ0= | 2189.9 | 314.213 | 6304.62 | -0.941494 | 0.33703 | 0 | none | 1 | 108.867 | 332.832 | 0 | 1 | 1 | 0 | 0 | 0 | 0 | 1 | camera | target | -0.941494 | -0 | 0.33703 | -0.941494
SCRIPT       : DATA_LOG | 1335131 | VEZjSxlcpgu1JLRUfHGLLLMsm0wqbyJ6fy2rl33V8jg= | 8028.87 | 5.8784 | 3077.93 | -0.851133 | 0.524951 | 0 | none | -1 | 180 | 0 | 0 | 0 | 0 | 0 | 0 | 0 | 0 | 1 | camera | no_target | -0.851133 | 0 | 0.524951 | -0.851133 | 0 
SCRIPT       : DATA_LOG | 1336119 | aRapBi1cCZPZAGLIDny3dk3hQ8vTmNTLHRl8zxmKgQ0= | 2189.9 | 314.213 | 6304.62 | -0.941494 | 0.33703 | 0 | none | 1 | 108.866 | 332.847 | 0 | 1 | 1 | 0 | 0 | 0 | 0 | 1 | camera | target | -0.941494 | -0 | 0.33703 | -0.941494
SCRIPT       : DATA_LOG | 1336139 | VEZjSxlcpgu1JLRUfHGLLLMsm0wqbyJ6fy2rl33V8jg= | 8025.91 | 6.45326 | 3079.88 | -0.748051 | 0.663641 | 0 | none | -1 | 180 | 0 | 0 | 0 | 0 | 0 | 0 | 0 | 0 | 1 | camera | no_target | -0.748051 | -0 | 0.663641 | -0.748051 | 
SCRIPT       : DATA_LOG | 1337146 | aRapBi1cCZPZAGLIDny3dk3hQ8vTmNTLHRl8zxmKgQ0= | 2189.9 | 314.213 | 6304.62 | -0.941494 | 0.33703 | 0 | none | 1 | 108.867 | 332.838 | 0 | 1 | 1 | 0 | 0 | 0 | 0 | 1 | camera | target | -0.941494 | -0 | 0.33703 | -0.941494
SCRIPT       : DATA_LOG | 1337163 | VEZjSxlcpgu1JLRUfHGLLLMsm0wqbyJ6fy2rl33V8jg= | 8023.77 | 6.42998 | 3079.1 | -0.821196 | 0.570646 | 0 | none | -1 | 180 | 0 | 0 | 0 | 0 | 0 | 0 | 0 | 0 | 1 | camera | no_target | -0.821196 | 0 | 0.570646 | -0.821196 | 0 
SCRIPT       : DATA_LOG | 1338145 | aRapBi1cCZPZAGLIDny3dk3hQ8vTmNTLHRl8zxmKgQ0= | 2189.9 | 314.213 | 6304.62 | -0.941494 | 0.33703 | 0 | none | 1 | 108.867 | 332.848 | 0 | 1 | 1 | 0 | 0 | 0 | 0 | 1 | camera | target | -0.941494 | -0 | 0.33703 | -0.941494
SCRIPT       : DATA_LOG | 1338164 | VEZjSxlcpgu1JLRUfHGLLLMsm0wqbyJ6fy2rl33V8jg= | 8019.56 | 6.41778 | 3082.23 | -0.728917 | 0.684602 | 0 | none | -1 | 180 | 0 | 0 | 0 | 0 | 0 | 0 | 0 | 0 | 1 | camera | no_target | -0.728917 | 0 | 0.684602 | -0.728917 | 0
SCRIPT       : DATA_LOG | 1339149 | aRapBi1cCZPZAGLIDny3dk3hQ8vTmNTLHRl8zxmKgQ0= | 2189.9 | 314.213 | 6304.62 | -0.941494 | 0.33703 | 0 | none | 1 | 108.867 | 332.845 | 0 | 1 | 1 | 0 | 0 | 0 | 0 | 1 | camera | target | -0.941494 | -0 | 0.33703 | -0.941494
SCRIPT       : DATA_LOG | 1339166 | VEZjSxlcpgu1JLRUfHGLLLMsm0wqbyJ6fy2rl33V8jg= | 8013.42 | 6.38071 | 3084.24 | -0.943242 | 0.332106 | 0 | none | -1 | 180 | 0 | 0 | 0 | 0 | 0 | 0 | 0 | 0 | 1 | camera | no_target | -0.943242 | 0 | 0.332106 | -0.943242 | 0
SCRIPT       : DATA_LOG | 1340224 | aRapBi1cCZPZAGLIDny3dk3hQ8vTmNTLHRl8zxmKgQ0= | 2189.9 | 314.213 | 6304.62 | -0.941494 | 0.33703 | 0 | none | 1 | 108.868 | 332.839 | 0 | 1 | 1 | 0 | 0 | 0 | 0 | 1 | camera | target | -0.941494 | -0 | 0.33703 | -0.941494
SCRIPT       : DATA_LOG | 1340241 | VEZjSxlcpgu1JLRUfHGLLLMsm0wqbyJ6fy2rl33V8jg= | 8008.55 | 6.34884 | 3083.73 | -0.967484 | 0.252932 | 0 | none | -1 | 180 | 0 | 0 | 0 | 0 | 0 | 0 | 0 | 0 | 1 | camera | no_target | -0.967484 | 0 | 0.252932 | -0.967484 | 0
SCRIPT       : DATA_LOG | 1341230 | aRapBi1cCZPZAGLIDny3dk3hQ8vTmNTLHRl8zxmKgQ0= | 2189.9 | 314.213 | 6304.62 | -0.941494 | 0.33703 | 0 | none | 1 | 108.866 | 332.843 | 0 | 1 | 1 | 0 | 0 | 0 | 0 | 1 | camera | target | -0.941494 | -0 | 0.33703 | -0.941494
SCRIPT       : DATA_LOG | 1341252 | VEZjSxlcpgu1JLRUfHGLLLMsm0wqbyJ6fy2rl33V8jg= | 8002.49 | 6.34884 | 3084.97 | -0.969301 | 0.245877 | 0 | none | -1 | 180 | 0 | 0 | 0 | 0 | 0 | 0 | 0 | 0 | 1 | camera | no_target | -0.969301 | -0 | 0.245877 | -0.969301 | 
SCRIPT       : DATA_LOG | 1342227 | aRapBi1cCZPZAGLIDny3dk3hQ8vTmNTLHRl8zxmKgQ0= | 2189.9 | 314.213 | 6304.62 | -0.941494 | 0.33703 | 0 | none | 1 | 108.867 | 332.83 | 0 | 1 | 1 | 0 | 0 | 0 | 0 | 1 | camera | none | -0.941494 | -0 | 0.33703 | -0.941494 | 
SCRIPT       : DATA_LOG | 1342244 | VEZjSxlcpgu1JLRUfHGLLLMsm0wqbyJ6fy2rl33V8jg= | 8002.49 | 6.34884 | 3084.97 | -0.969301 | 0.245877 | 0 | none | -1 | 180 | 0 | 0 | 0 | 0 | 0 | 0 | 0 | 0 | 1 | camera | no_target | -0.969301 | -0 | 0.245877 | -0.969301 | 
SCRIPT       : DATA_LOG | 1343227 | aRapBi1cCZPZAGLIDny3dk3hQ8vTmNTLHRl8zxmKgQ0= | 2189.9 | 314.213 | 6304.62 | -0.941494 | 0.33703 | 0 | none | 1 | 108.866 | 332.847 | 0 | 1 | 1 | 0 | 0 | 0 | 0 | 1 | camera | target | -0.941494 | -0 | 0.33703 | -0.941494
SCRIPT       : DATA_LOG | 1343246 | VEZjSxlcpgu1JLRUfHGLLLMsm0wqbyJ6fy2rl33V8jg= | 8002.49 | 6.34884 | 3084.97 | -0.969301 | 0.245877 | 0 | none | -1 | 180 | 0 | 0 | 0 | 0 | 0 | 0 | 0 | 0 | 1 | camera | no_target | -0.969301 | -0 | 0.245877 | -0.969301 | 
SCRIPT       : DATA_LOG | 1344229 | aRapBi1cCZPZAGLIDny3dk3hQ8vTmNTLHRl8zxmKgQ0= | 2189.9 | 314.213 | 6304.62 | -0.941494 | 0.33703 | 0 | none | 1 | 108.867 | 332.838 | 0 | 1 | 1 | 0 | 0 | 0 | 0 | 1 | camera | target | -0.941494 | -0 | 0.33703 | -0.941494
SCRIPT       : DATA_LOG | 1344248 | VEZjSxlcpgu1JLRUfHGLLLMsm0wqbyJ6fy2rl33V8jg= | 8002.49 | 6.34884 | 3084.97 | -0.969301 | 0.245877 | 0 | none | -1 | 180 | 0 | 0 | 0 | 0 | 0 | 0 | 0 | 0 | 1 | camera | no_target | -0.969301 | -0 | 0.245877 | -0.969301 | 
SCRIPT       : DATA_LOG | 1345230 | aRapBi1cCZPZAGLIDny3dk3hQ8vTmNTLHRl8zxmKgQ0= | 2189.9 | 314.213 | 6304.62 | -0.941494 | 0.33703 | 0 | none | 1 | 108.867 | 332.847 | 0 | 1 | 1 | 0 | 0 | 0 | 0 | 1 | camera | target | -0.941494 | -0 | 0.33703 | -0.941494
SCRIPT       : DATA_LOG | 1345250 | VEZjSxlcpgu1JLRUfHGLLLMsm0wqbyJ6fy2rl33V8jg= | 8002.49 | 6.34884 | 3084.97 | -0.969301 | 0.245877 | 0 | none | -1 | 180 | 0 | 0 | 0 | 0 | 0 | 0 | 0 | 0 | 1 | camera | no_target | -0.969301 | -0 | 0.245877 | -0.969301 | 
SCRIPT       : DATA_LOG | 1346231 | aRapBi1cCZPZAGLIDny3dk3hQ8vTmNTLHRl8zxmKgQ0= | 2189.9 | 314.213 | 6304.62 | -0.941494 | 0.33703 | 0 | none | 1 | 108.867 | 332.846 | 0 | 1 | 1 | 0 | 0 | 0 | 0 | 1 | camera | none | -0.941494 | -0 | 0.33703 | -0.941494 |
SCRIPT       : DATA_LOG | 1346251 | VEZjSxlcpgu1JLRUfHGLLLMsm0wqbyJ6fy2rl33V8jg= | 8002.49 | 6.34884 | 3084.97 | -0.711308 | -0.702881 | 0 | none | -1 | 180 | 0 | 0 | 0 | 0 | 0 | 0 | 0 | 0 | 1 | camera | no_target | -0.711308 | 0 | -0.702881 | -0.711308 |
SCRIPT       : DATA_LOG | 1347233 | aRapBi1cCZPZAGLIDny3dk3hQ8vTmNTLHRl8zxmKgQ0= | 2189.9 | 314.213 | 6304.62 | -0.941494 | 0.33703 | 0 | none | 1 | 108.867 | 332.841 | 0 | 1 | 1 | 0 | 0 | 0 | 0 | 1 | camera | target | -0.941494 | -0 | 0.33703 | -0.941494
SCRIPT       : DATA_LOG | 1347252 | VEZjSxlcpgu1JLRUfHGLLLMsm0wqbyJ6fy2rl33V8jg= | 8004.39 | 6.34884 | 3084.41 | 0.97657 | -0.215202 | 0 | none | -1 | 180 | 0 | 0 | 0 | 0 | 0 | 0 | 0 | 0 | 1 | camera | no_target | 0.97657 | 0 | -0.215202 | 0.97657 | 0 | -
SCRIPT       : DATA_LOG | 1348239 | aRapBi1cCZPZAGLIDny3dk3hQ8vTmNTLHRl8zxmKgQ0= | 2189.9 | 314.213 | 6304.62 | -0.941494 | 0.33703 | 0 | none | 1 | 108.866 | 332.846 | 0 | 1 | 1 | 0 | 0 | 0 | 0 | 1 | camera | target | -0.941494 | -0 | 0.33703 | -0.941494
SCRIPT       : DATA_LOG | 1348262 | VEZjSxlcpgu1JLRUfHGLLLMsm0wqbyJ6fy2rl33V8jg= | 8010.97 | 6.35398 | 3084.55 | 0.93077 | 0.365605 | 0 | none | -1 | 180 | 0 | 0 | 0 | 0 | 0 | 0 | 0 | 0 | 1 | camera | no_target | 0.93077 | 0 | 0.365605 | 0.93077 | 0 | 0.3
SCRIPT       : DATA_LOG | 1349239 | aRapBi1cCZPZAGLIDny3dk3hQ8vTmNTLHRl8zxmKgQ0= | 2189.9 | 314.213 | 6304.62 | -0.941494 | 0.33703 | 0 | none | 1 | 108.867 | 332.829 | 0 | 1 | 1 | 0 | 0 | 0 | 0 | 1 | camera | target | -0.941494 | -0 | 0.33703 | -0.941494
SCRIPT       : DATA_LOG | 1349258 | VEZjSxlcpgu1JLRUfHGLLLMsm0wqbyJ6fy2rl33V8jg= | 8016.66 | 6.44033 | 3087.22 | 0.238555 | 0.971129 | 0 | none | -1 | 180 | 0 | 0 | 0 | 0 | 0 | 0 | 0 | 0 | 1 | camera | no_target | 0.238555 | 0 | 0.971129 | 0.238555 | 0 | 
SCRIPT       : DATA_LOG | 1350242 | aRapBi1cCZPZAGLIDny3dk3hQ8vTmNTLHRl8zxmKgQ0= | 2189.9 | 314.213 | 6304.62 | -0.941494 | 0.33703 | 0 | none | 1 | 108.866 | 332.845 | 0 | 1 | 1 | 0 | 0 | 0 | 0 | 1 | camera | target | -0.941494 | -0 | 0.33703 | -0.941494
SCRIPT       : DATA_LOG | 1350262 | VEZjSxlcpgu1JLRUfHGLLLMsm0wqbyJ6fy2rl33V8jg= | 8019.23 | 6.46787 | 3087.65 | 0.637275 | 0.770636 | 0 | none | -1 | 180 | 0 | 0 | 0 | 0 | 0 | 0 | 0 | 0 | 1 | camera | no_target | 0.637275 | 0 | 0.770636 | 0.637275 | 0 | 
SCRIPT       : DATA_LOG | 1351239 | aRapBi1cCZPZAGLIDny3dk3hQ8vTmNTLHRl8zxmKgQ0= | 2189.9 | 314.213 | 6304.62 | -0.941494 | 0.33703 | 0 | none | 1 | 108.867 | 332.838 | 0 | 1 | 1 | 0 | 0 | 0 | 0 | 1 | camera | target | -0.941494 | -0 | 0.33703 | -0.941494
SCRIPT       : DATA_LOG | 1351257 | VEZjSxlcpgu1JLRUfHGLLLMsm0wqbyJ6fy2rl33V8jg= | 8021.59 | 6.38094 | 3092.24 | 0.20338 | 0.9791 | 0 | none | -1 | 180 | 0 | 0 | 0 | 0 | 0 | 0 | 0 | 0 | 1 | camera | no_target | 0.20338 | 0 | 0.9791 | 0.20338 | 0 | 0.9791 
SCRIPT       : DATA_LOG | 1352240 | aRapBi1cCZPZAGLIDny3dk3hQ8vTmNTLHRl8zxmKgQ0= | 2189.9 | 314.213 | 6304.62 | -0.941494 | 0.33703 | 0 | none | 1 | 108.867 | 332.846 | 0 | 1 | 1 | 0 | 0 | 0 | 0 | 1 | camera | target | -0.941494 | -0 | 0.33703 | -0.941494
SCRIPT       : DATA_LOG | 1352258 | VEZjSxlcpgu1JLRUfHGLLLMsm0wqbyJ6fy2rl33V8jg= | 8024 | 6.34957 | 3098.4 | 0.628557 | 0.777763 | 0 | none | -1 | 180 | 0 | 0 | 0 | 0 | 0 | 0 | 0 | 0 | 1 | camera | no_target | 0.628557 | 0 | 0.777763 | 0.628557 | 0 | 0.77
SCRIPT       : DATA_LOG | 1353238 | aRapBi1cCZPZAGLIDny3dk3hQ8vTmNTLHRl8zxmKgQ0= | 2189.9 | 314.213 | 6304.62 | -0.941494 | 0.33703 | 0 | none | 1 | 108.867 | 332.847 | 0 | 1 | 1 | 0 | 0 | 0 | 0 | 1 | camera | target | -0.941494 | -0 | 0.33703 | -0.941494
SCRIPT       : DATA_LOG | 1353257 | VEZjSxlcpgu1JLRUfHGLLLMsm0wqbyJ6fy2rl33V8jg= | 8029.2 | 6.38453 | 3102.62 | 0.562185 | 0.827012 | 0 | none | -1 | 180 | 0 | 0 | 0 | 0 | 0 | 0 | 0 | 0 | 1 | camera | no_target | 0.562185 | 0 | 0.827012 | 0.562185 | 0 | 0
SCRIPT       : DATA_LOG | 1354243 | aRapBi1cCZPZAGLIDny3dk3hQ8vTmNTLHRl8zxmKgQ0= | 2189.9 | 314.213 | 6304.62 | -0.941494 | 0.33703 | 0 | none | 1 | 108.868 | 332.838 | 0 | 1 | 1 | 0 | 0 | 0 | 0 | 1 | camera | target | -0.941494 | -0 | 0.33703 | -0.941494
SCRIPT       : DATA_LOG | 1354262 | VEZjSxlcpgu1JLRUfHGLLLMsm0wqbyJ6fy2rl33V8jg= | 8032.75 | 6.26063 | 3108.29 | 0.470676 | 0.882306 | 0 | none | -1 | 180 | 0 | 0 | 0 | 0 | 0 | 0 | 0 | 0 | 1 | camera | no_target | 0.470676 | 0 | 0.882306 | 0.470676 | 0 | 
SCRIPT       : DATA_LOG | 1355248 | aRapBi1cCZPZAGLIDny3dk3hQ8vTmNTLHRl8zxmKgQ0= | 2189.9 | 314.213 | 6304.62 | -0.941494 | 0.33703 | 0 | none | 1 | 108.866 | 332.849 | 0 | 1 | 1 | 0 | 0 | 0 | 0 | 1 | camera | target | -0.941494 | -0 | 0.33703 | -0.941494
SCRIPT       : DATA_LOG | 1355271 | VEZjSxlcpgu1JLRUfHGLLLMsm0wqbyJ6fy2rl33V8jg= | 8035.11 | 6.39545 | 3113.29 | 0.412845 | 0.910801 | 0 | none | -1 | 180 | 0 | 0 | 0 | 0 | 0 | 0 | 0 | 0 | 1 | camera | no_target | 0.412845 | 0 | 0.910801 | 0.412845 | 0 | 
SCRIPT       : DATA_LOG | 1356246 | aRapBi1cCZPZAGLIDny3dk3hQ8vTmNTLHRl8zxmKgQ0= | 2189.9 | 314.213 | 6304.62 | -0.941494 | 0.33703 | 0 | none | 1 | 108.867 | 332.829 | 0 | 1 | 1 | 0 | 0 | 0 | 0 | 1 | camera | target | -0.941494 | -0 | 0.33703 | -0.941494
SCRIPT       : DATA_LOG | 1356263 | VEZjSxlcpgu1JLRUfHGLLLMsm0wqbyJ6fy2rl33V8jg= | 8035.11 | 6.39523 | 3113.3 | 0.412845 | 0.910801 | 0 | none | -1 | 180 | 0 | 0 | 0 | 0 | 0 | 0 | 0 | 0 | 1 | camera | no_target | 0.412845 | 0 | 0.910801 | 0.412845 | 0 | 0
SCRIPT       : DATA_LOG | 1357248 | aRapBi1cCZPZAGLIDny3dk3hQ8vTmNTLHRl8zxmKgQ0= | 2189.9 | 314.213 | 6304.62 | -0.941494 | 0.33703 | 0 | none | 1 | 108.866 | 332.843 | 0 | 1 | 1 | 0 | 0 | 0 | 0 | 1 | camera | target | -0.941494 | -0 | 0.33703 | -0.941494
SCRIPT       : DATA_LOG | 1357269 | VEZjSxlcpgu1JLRUfHGLLLMsm0wqbyJ6fy2rl33V8jg= | 8035.11 | 6.39523 | 3113.3 | 0.412845 | 0.910801 | 0 | none | -1 | 180 | 0 | 0 | 0 | 0 | 0 | 0 | 0 | 0 | 1 | camera | no_target | 0.412845 | 0 | 0.910801 | 0.412845 | 0 | 0
SCRIPT       : DATA_LOG | 1358249 | aRapBi1cCZPZAGLIDny3dk3hQ8vTmNTLHRl8zxmKgQ0= | 2189.9 | 314.213 | 6304.62 | -0.941494 | 0.33703 | 0 | none | 1 | 108.867 | 332.841 | 0 | 1 | 1 | 0 | 0 | 0 | 0 | 1 | camera | target | -0.941494 | -0 | 0.33703 | -0.941494
SCRIPT       : DATA_LOG | 1358269 | VEZjSxlcpgu1JLRUfHGLLLMsm0wqbyJ6fy2rl33V8jg= | 8035.11 | 6.39523 | 3113.3 | 0.412845 | 0.910801 | 0 | none | -1 | 180 | 0 | 0 | 0 | 0 | 0 | 0 | 0 | 0 | 1 | camera | no_target | 0.412845 | 0 | 0.910801 | 0.412845 | 0 | 0
SCRIPT       : DATA_LOG | 1359254 | aRapBi1cCZPZAGLIDny3dk3hQ8vTmNTLHRl8zxmKgQ0= | 2189.9 | 314.213 | 6304.62 | -0.941494 | 0.33703 | 0 | none | 1 | 108.867 | 332.844 | 0 | 1 | 1 | 0 | 0 | 0 | 0 | 1 | camera | target | -0.941494 | -0 | 0.33703 | -0.941494
SCRIPT       : DATA_LOG | 1359278 | VEZjSxlcpgu1JLRUfHGLLLMsm0wqbyJ6fy2rl33V8jg= | 8035.11 | 6.39523 | 3113.3 | 0.412845 | 0.910801 | 0 | none | -1 | 180 | 0 | 0 | 0 | 0 | 0 | 0 | 0 | 0 | 1 | camera | no_target | 0.412845 | 0 | 0.910801 | 0.412845 | 0 | 0
SCRIPT       : DATA_LOG | 1360248 | aRapBi1cCZPZAGLIDny3dk3hQ8vTmNTLHRl8zxmKgQ0= | 2189.9 | 314.213 | 6304.62 | -0.941494 | 0.33703 | 0 | none | 1 | 108.867 | 332.848 | 0 | 1 | 1 | 0 | 0 | 0 | 0 | 1 | camera | target | -0.941494 | -0 | 0.33703 | -0.941494
SCRIPT       : DATA_LOG | 1360269 | VEZjSxlcpgu1JLRUfHGLLLMsm0wqbyJ6fy2rl33V8jg= | 8035.39 | 6.38214 | 3113.91 | 0.412675 | 0.910878 | 0 | none | -1 | 180 | 0 | 0 | 0 | 0 | 0 | 0 | 0 | 0 | 1 | camera | no_target | 0.412675 | 0 | 0.910878 | 0.412675 | 0 | 
SCRIPT       : DATA_LOG | 1361265 | aRapBi1cCZPZAGLIDny3dk3hQ8vTmNTLHRl8zxmKgQ0= | 2189.9 | 314.213 | 6304.62 | -0.941494 | 0.33703 | 0 | none | 1 | 108.868 | 332.838 | 0 | 1 | 1 | 0 | 0 | 0 | 0 | 1 | camera | target | -0.941494 | -0 | 0.33703 | -0.941494
SCRIPT       : DATA_LOG | 1361369 | VEZjSxlcpgu1JLRUfHGLLLMsm0wqbyJ6fy2rl33V8jg= | 8037.08 | 6.1666 | 3117.63 | 0.41265 | 0.91089 | 0 | none | -1 | 180 | 0 | 0 | 0 | 0 | 0 | 0 | 0 | 0 | 1 | camera | no_target | 0.41265 | 0 | 0.91089 | 0.41265 | 0 | 0.9108
SCRIPT       : DATA_LOG | 1362251 | aRapBi1cCZPZAGLIDny3dk3hQ8vTmNTLHRl8zxmKgQ0= | 2189.9 | 314.213 | 6304.62 | -0.941494 | 0.33703 | 0 | none | 1 | 108.866 | 332.85 | 0 | 1 | 1 | 0 | 0 | 0 | 0 | 1 | camera | target | -0.941494 | -0 | 0.33703 | -0.941494 
SCRIPT       : DATA_LOG | 1362274 | VEZjSxlcpgu1JLRUfHGLLLMsm0wqbyJ6fy2rl33V8jg= | 8040.1 | 5.77493 | 3120.33 | 0.47105 | 0.882107 | 0 | none | -1 | 180 | 0 | 0 | 0 | 0 | 0 | 0 | 0 | 0 | 1 | camera | no_target | 0.47105 | 0 | 0.882107 | 0.47105 | 0 | 0.88
SCRIPT       : DATA_LOG | 1363253 | aRapBi1cCZPZAGLIDny3dk3hQ8vTmNTLHRl8zxmKgQ0= | 2189.9 | 314.213 | 6304.62 | -0.941494 | 0.33703 | 0 | none | 1 | 108.867 | 332.83 | 0 | 1 | 1 | 0 | 0 | 0 | 0 | 1 | camera | target | -0.941494 | -0 | 0.33703 | -0.941494 
SCRIPT       : DATA_LOG | 1363272 | VEZjSxlcpgu1JLRUfHGLLLMsm0wqbyJ6fy2rl33V8jg= | 8043.15 | 5.24317 | 3125.4 | 0.535582 | 0.844483 | 0 | none | -1 | 180 | 0 | 0 | 0 | 0 | 0 | 0 | 0 | 0 | 1 | camera | no_target | 0.535582 | 0 | 0.844483 | 0.535582 | 0 | 0
SCRIPT       : DATA_LOG | 1364255 | aRapBi1cCZPZAGLIDny3dk3hQ8vTmNTLHRl8zxmKgQ0= | 2189.9 | 314.213 | 6304.62 | -0.941494 | 0.33703 | 0 | none | 1 | 108.867 | 332.84 | 0 | 1 | 1 | 0 | 0 | 0 | 0 | 1 | camera | target | -0.941494 | -0 | 0.33703 | -0.941494 
SCRIPT       : DATA_LOG | 1364275 | VEZjSxlcpgu1JLRUfHGLLLMsm0wqbyJ6fy2rl33V8jg= | 8046.4 | 5.22012 | 3131.19 | 0.540464 | 0.841367 | 0 | none | -1 | 180 | 0 | 0 | 0 | 0 | 0 | 0 | 0 | 0 | 1 | camera | no_target | 0.540464 | 0 | 0.841367 | 0.540464 | 0 | 0
SCRIPT       : DATA_LOG | 1365254 | aRapBi1cCZPZAGLIDny3dk3hQ8vTmNTLHRl8zxmKgQ0= | 2189.9 | 314.213 | 6304.62 | -0.941494 | 0.33703 | 0 | none | 1 | 108.867 | 332.843 | 0 | 1 | 1 | 0 | 0 | 0 | 0 | 1 | camera | target | -0.941494 | -0 | 0.33703 | -0.941494
SCRIPT       : DATA_LOG | 1365273 | VEZjSxlcpgu1JLRUfHGLLLMsm0wqbyJ6fy2rl33V8jg= | 8048.14 | 5.47774 | 3137.38 | 0.092446 | 0.995718 | 0 | none | -1 | 180 | 0 | 0 | 0 | 0 | 0 | 0 | 0 | 0 | 1 | camera | no_target | 0.092446 | 0 | 0.995718 | 0.092446 | 0 | 
SCRIPT       : DATA_LOG | 1366267 | aRapBi1cCZPZAGLIDny3dk3hQ8vTmNTLHRl8zxmKgQ0= | 2189.9 | 314.213 | 6304.62 | -0.941494 | 0.33703 | 0 | none | 1 | 108.867 | 332.843 | 0 | 1 | 1 | 0 | 0 | 0 | 0 | 1 | camera | target | -0.941494 | -0 | 0.33703 | -0.941494
SCRIPT       : DATA_LOG | 1366288 | VEZjSxlcpgu1JLRUfHGLLLMsm0wqbyJ6fy2rl33V8jg= | 8048 | 5.88387 | 3144.08 | -0.0673248 | 0.997731 | 0 | none | -1 | 180 | 0 | 0 | 0 | 0 | 0 | 0 | 0 | 0 | 1 | camera | no_target | -0.0673248 | 0 | 0.997731 | -0.0673248 | 0
SCRIPT       : DATA_LOG | 1367259 | aRapBi1cCZPZAGLIDny3dk3hQ8vTmNTLHRl8zxmKgQ0= | 2189.9 | 314.213 | 6304.62 | -0.941494 | 0.33703 | 0 | none | 1 | 108.867 | 332.848 | 0 | 1 | 1 | 0 | 0 | 0 | 0 | 1 | camera | target | -0.941494 | -0 | 0.33703 | -0.941494
SCRIPT       : DATA_LOG | 1367277 | VEZjSxlcpgu1JLRUfHGLLLMsm0wqbyJ6fy2rl33V8jg= | 8047.6 | 6.96302 | 3148.81 | -0.108392 | 0.994108 | 0 | none | -1 | 180 | 0 | 0 | 0 | 0 | 0 | 0 | 0 | 0 | 1 | camera | no_target | -0.108392 | 0 | 0.994108 | -0.108392 | 0 
SCRIPT       : DATA_LOG | 1368265 | aRapBi1cCZPZAGLIDny3dk3hQ8vTmNTLHRl8zxmKgQ0= | 2189.9 | 314.213 | 6304.62 | -0.941494 | 0.33703 | 0 | none | 1 | 108.867 | 332.84 | 0 | 1 | 1 | 0 | 0 | 0 | 0 | 1 | camera | target | -0.941494 | -0 | 0.33703 | -0.941494 
SCRIPT       : DATA_LOG | 1368289 | VEZjSxlcpgu1JLRUfHGLLLMsm0wqbyJ6fy2rl33V8jg= | 8045.68 | 7.41124 | 3155.07 | -0.644296 | 0.764776 | 0 | none | -1 | 180 | 0 | 0 | 0 | 0 | 0 | 0 | 0 | 0 | 1 | camera | no_target | -0.644296 | 0 | 0.764776 | -0.644296 | 0
SCRIPT       : DATA_LOG | 1369260 | aRapBi1cCZPZAGLIDny3dk3hQ8vTmNTLHRl8zxmKgQ0= | 2187.6 | 314.123 | 6304.91 | -0.7169 | 0.697176 | 0 | none | 0 | 84.8093 | 334.066 | 0 | 1 | 1 | 0 | 0 | 0 | 0 | 1 | camera | TreeSoft_t_FagusSylvatica_1s | -0.7169 | 0 | 0
SCRIPT       : DATA_LOG | 1369281 | VEZjSxlcpgu1JLRUfHGLLLMsm0wqbyJ6fy2rl33V8jg= | 8041.17 | 7.41633 | 3160.09 | -0.675037 | 0.737784 | 0 | none | -1 | 180 | 0 | 0 | 0 | 0 | 0 | 0 | 0 | 0 | 1 | camera | no_target | -0.675037 | 0 | 0.737784 | -0.675037 | 0
SCRIPT       : DATA_LOG | 1370262 | aRapBi1cCZPZAGLIDny3dk3hQ8vTmNTLHRl8zxmKgQ0= | 2185.66 | 314.13 | 6307.37 | -0.716629 | 0.697455 | 0 | none | 1 | 85.3141 | 333.369 | 0 | 1 | 1 | 0 | 0 | 0 | 0 | 1 | camera | target | -0.716629 | 0 | 0.697455 | -0.71662
SCRIPT       : DATA_LOG | 1370282 | VEZjSxlcpgu1JLRUfHGLLLMsm0wqbyJ6fy2rl33V8jg= | 8036.61 | 7.32327 | 3165.08 | -0.67506 | 0.737763 | 0 | none | -1 | 180 | 0 | 0 | 0 | 0 | 0 | 0 | 0 | 0 | 1 | camera | no_target | -0.67506 | 0 | 0.737763 | -0.67506 | 0 | 
SCRIPT       : DATA_LOG | 1371261 | aRapBi1cCZPZAGLIDny3dk3hQ8vTmNTLHRl8zxmKgQ0= | 2184.79 | 314.127 | 6308.24 | -0.704412 | 0.709791 | 0 | none | 1 | 84.5342 | 333.268 | 0 | 1 | 1 | 0 | 0 | 0 | 0 | 1 | camera | target | -0.704412 | -0 | 0.709791 | -0.704
SCRIPT       : DATA_LOG | 1371280 | VEZjSxlcpgu1JLRUfHGLLLMsm0wqbyJ6fy2rl33V8jg= | 8033.84 | 7.24653 | 3171.15 | -0.67506 | 0.737763 | 0 | none | -1 | 180 | 0 | 0 | 0 | 0 | 0 | 0 | 0 | 0 | 1 | camera | no_target | -0.67506 | 0 | 0.737763 | -0.67506 | 0 | 
SCRIPT       : DATA_LOG | 1372261 | aRapBi1cCZPZAGLIDny3dk3hQ8vTmNTLHRl8zxmKgQ0= | 2184.79 | 314.127 | 6308.24 | -0.704412 | 0.709791 | 0 | none | 1 | 84.5338 | 333.276 | 0 | 1 | 1 | 0 | 0 | 0 | 0 | 1 | camera | target | -0.704412 | -0 | 0.709791 | -0.704
SCRIPT       : DATA_LOG | 1372318 | VEZjSxlcpgu1JLRUfHGLLLMsm0wqbyJ6fy2rl33V8jg= | 8029.3 | 6.93245 | 3176.44 | -0.67506 | 0.737763 | 0 | none | -1 | 180 | 0 | 0 | 0 | 0 | 0 | 0 | 0 | 0 | 1 | camera | no_target | -0.67506 | 0 | 0.737763 | -0.67506 | 0 | 0
SCRIPT       : DATA_LOG | 1373264 | aRapBi1cCZPZAGLIDny3dk3hQ8vTmNTLHRl8zxmKgQ0= | 2184.79 | 314.127 | 6308.24 | -0.704412 | 0.709791 | 0 | none | 1 | 84.534 | 333.272 | 0 | 1 | 1 | 0 | 0 | 0 | 0 | 1 | camera | target | -0.704412 | -0 | 0.709791 | -0.7044
SCRIPT       : DATA_LOG | 1373283 | VEZjSxlcpgu1JLRUfHGLLLMsm0wqbyJ6fy2rl33V8jg= | 8024.91 | 6.66713 | 3181.26 | -0.67506 | 0.737763 | 0 | none | -1 | 180 | 0 | 0 | 0 | 0 | 0 | 0 | 0 | 0 | 1 | camera | no_target | -0.67506 | 0 | 0.737763 | -0.67506 | 0 | 
SCRIPT       : DATA_LOG | 1374263 | aRapBi1cCZPZAGLIDny3dk3hQ8vTmNTLHRl8zxmKgQ0= | 2184.79 | 314.127 | 6308.24 | -0.704412 | 0.709791 | 0 | none | 1 | 84.5341 | 333.28 | 0 | 1 | 1 | 0 | 0 | 0 | 0 | 1 | camera | target | -0.704412 | -0 | 0.709791 | -0.7044
SCRIPT       : DATA_LOG | 1374281 | VEZjSxlcpgu1JLRUfHGLLLMsm0wqbyJ6fy2rl33V8jg= | 8020.2 | 6.90267 | 3186.41 | -0.67506 | 0.737763 | 0 | none | -1 | 180 | 0 | 0 | 0 | 0 | 0 | 0 | 0 | 0 | 1 | camera | no_target | -0.67506 | 0 | 0.737763 | -0.67506 | 0 | 0
SCRIPT       : DATA_LOG | 1375268 | aRapBi1cCZPZAGLIDny3dk3hQ8vTmNTLHRl8zxmKgQ0= | 2184.79 | 314.127 | 6308.24 | -0.704412 | 0.709791 | 0 | none | 1 | 84.5347 | 333.273 | 0 | 1 | 1 | 0 | 0 | 0 | 0 | 1 | camera | target | -0.704412 | -0 | 0.709791 | -0.704
SCRIPT       : DATA_LOG | 1375288 | VEZjSxlcpgu1JLRUfHGLLLMsm0wqbyJ6fy2rl33V8jg= | 8015.64 | 7.28875 | 3191.39 | -0.67506 | 0.737763 | 0 | none | -1 | 180 | 0 | 0 | 0 | 0 | 0 | 0 | 0 | 0 | 1 | camera | no_target | -0.67506 | 0 | 0.737763 | -0.67506 | 0 | 
SCRIPT       : DATA_LOG | 1376267 | aRapBi1cCZPZAGLIDny3dk3hQ8vTmNTLHRl8zxmKgQ0= | 2184.79 | 314.127 | 6308.24 | -0.704412 | 0.709791 | 0 | none | 1 | 84.5338 | 333.279 | 0 | 1 | 1 | 0 | 0 | 0 | 0 | 1 | camera | target | -0.704412 | -0 | 0.709791 | -0.704
SCRIPT       : DATA_LOG | 1376285 | VEZjSxlcpgu1JLRUfHGLLLMsm0wqbyJ6fy2rl33V8jg= | 8012.66 | 7.76518 | 3197.26 | -0.67506 | 0.737763 | 0 | none | -1 | 180 | 0 | 0 | 0 | 0 | 0 | 0 | 0 | 0 | 1 | camera | no_target | -0.67506 | 0 | 0.737763 | -0.67506 | 0 | 
SCRIPT       : DATA_LOG | 1377267 | aRapBi1cCZPZAGLIDny3dk3hQ8vTmNTLHRl8zxmKgQ0= | 2184.79 | 314.127 | 6308.24 | -0.704412 | 0.709791 | 0 | none | 1 | 84.5338 | 333.269 | 0 | 1 | 1 | 0 | 0 | 0 | 0 | 1 | camera | target | -0.704412 | -0 | 0.709791 | -0.704
SCRIPT       : DATA_LOG | 1377285 | VEZjSxlcpgu1JLRUfHGLLLMsm0wqbyJ6fy2rl33V8jg= | 8008.9 | 8.11419 | 3202.8 | -0.67506 | 0.737763 | 0 | none | -1 | 180 | 0 | 0 | 0 | 0 | 0 | 0 | 0 | 0 | 1 | camera | no_target | -0.67506 | 0 | 0.737763 | -0.67506 | 0 | 0.
SCRIPT       : DATA_LOG | 1378270 | aRapBi1cCZPZAGLIDny3dk3hQ8vTmNTLHRl8zxmKgQ0= | 2184.79 | 314.127 | 6308.24 | -0.704412 | 0.709791 | 0 | none | 1 | 84.5344 | 333.265 | 0 | 1 | 1 | 0 | 0 | 0 | 0 | 1 | camera | target | -0.704412 | -0 | 0.709791 | -0.704
SCRIPT       : DATA_LOG | 1378290 | VEZjSxlcpgu1JLRUfHGLLLMsm0wqbyJ6fy2rl33V8jg= | 8004.37 | 8.2168 | 3207.8 | -0.67506 | 0.737763 | 0 | none | -1 | 180 | 0 | 0 | 0 | 0 | 0 | 0 | 0 | 0 | 1 | camera | no_target | -0.67506 | 0 | 0.737763 | -0.67506 | 0 | 0.
SCRIPT       : DATA_LOG | 1379269 | aRapBi1cCZPZAGLIDny3dk3hQ8vTmNTLHRl8zxmKgQ0= | 2184.79 | 314.127 | 6308.24 | -0.704412 | 0.709791 | 0 | none | 1 | 84.5337 | 333.278 | 0 | 1 | 1 | 0 | 0 | 0 | 0 | 1 | camera | target | -0.704412 | -0 | 0.709791 | -0.704
SCRIPT       : DATA_LOG | 1379289 | VEZjSxlcpgu1JLRUfHGLLLMsm0wqbyJ6fy2rl33V8jg= | 8000.51 | 8.37778 | 3213.27 | -0.67506 | 0.737763 | 0 | none | -1 | 180 | 0 | 0 | 0 | 0 | 0 | 0 | 0 | 0 | 1 | camera | no_target | -0.67506 | 0 | 0.737763 | -0.67506 | 0 | 
SCRIPT       : DATA_LOG | 1380271 | aRapBi1cCZPZAGLIDny3dk3hQ8vTmNTLHRl8zxmKgQ0= | 2184.79 | 314.127 | 6308.24 | -0.704412 | 0.709791 | 0 | none | 1 | 84.5339 | 333.27 | 0 | 1 | 1 | 0 | 0 | 0 | 0 | 1 | camera | target | -0.704412 | -0 | 0.709791 | -0.7044
SCRIPT       : DATA_LOG | 1380291 | VEZjSxlcpgu1JLRUfHGLLLMsm0wqbyJ6fy2rl33V8jg= | 7997.68 | 8.54712 | 3219.38 | -0.67506 | 0.737763 | 0 | none | -1 | 180 | 0 | 0 | 0 | 0 | 0 | 0 | 0 | 0 | 1 | camera | no_target | -0.67506 | 0 | 0.737763 | -0.67506 | 0 | 
SCRIPT       : DATA_LOG | 1381271 | aRapBi1cCZPZAGLIDny3dk3hQ8vTmNTLHRl8zxmKgQ0= | 2184.79 | 314.127 | 6308.24 | -0.704412 | 0.709791 | 0 | none | 1 | 84.534 | 333.279 | 0 | 1 | 1 | 0 | 0 | 0 | 0 | 1 | camera | target | -0.704412 | -0 | 0.709791 | -0.7044
SCRIPT       : DATA_LOG | 1381292 | VEZjSxlcpgu1JLRUfHGLLLMsm0wqbyJ6fy2rl33V8jg= | 7993.34 | 8.5604 | 3224.55 | -0.67506 | 0.737763 | 0 | none | -1 | 180 | 0 | 0 | 0 | 0 | 0 | 0 | 0 | 0 | 1 | camera | no_target | -0.67506 | 0 | 0.737763 | -0.67506 | 0 | 0
SCRIPT       : DATA_LOG | 1382275 | aRapBi1cCZPZAGLIDny3dk3hQ8vTmNTLHRl8zxmKgQ0= | 2184.79 | 314.127 | 6308.24 | -0.704412 | 0.709791 | 0 | none | 1 | 84.5346 | 333.275 | 0 | 1 | 1 | 0 | 0 | 0 | 0 | 1 | camera | target | -0.704412 | -0 | 0.709791 | -0.704
SCRIPT       : DATA_LOG | 1382297 | VEZjSxlcpgu1JLRUfHGLLLMsm0wqbyJ6fy2rl33V8jg= | 7988.8 | 8.23963 | 3229.54 | -0.67506 | 0.737763 | 0 | none | -1 | 180 | 0 | 0 | 0 | 0 | 0 | 0 | 0 | 0 | 1 | camera | no_target | -0.67506 | 0 | 0.737763 | -0.67506 | 0 | 0
SCRIPT       : DATA_LOG | 1383275 | aRapBi1cCZPZAGLIDny3dk3hQ8vTmNTLHRl8zxmKgQ0= | 2184.79 | 314.127 | 6308.24 | -0.704413 | 0.709791 | 0 | SCARH_Black | 1 | 84.5342 | 333.277 | 0 | 1 | 1 | 0 | 0 | 0 | 0 | 1 | camera | target | -0.704413 | -0 | 0.709791 |
SCRIPT       : DATA_LOG | 1383294 | VEZjSxlcpgu1JLRUfHGLLLMsm0wqbyJ6fy2rl33V8jg= | 7988.64 | 8.22745 | 3229.72 | -0.67506 | 0.737763 | 0 | none | -1 | 180 | 0 | 0 | 0 | 0 | 0 | 0 | 0 | 0 | 1 | camera | no_target | -0.67506 | 0 | 0.737763 | -0.67506 | 0 | 
SCRIPT       : DATA_LOG | 1384275 | aRapBi1cCZPZAGLIDny3dk3hQ8vTmNTLHRl8zxmKgQ0= | 2184.79 | 314.127 | 6308.24 | -0.704413 | 0.709791 | 0 | SCARH_Black | 1 | 84.5336 | 333.273 | 0 | 1 | 1 | 0 | 0 | 0 | 0 | 1 | camera | target | -0.704413 | -0 | 0.709791 |
SCRIPT       : DATA_LOG | 1384295 | VEZjSxlcpgu1JLRUfHGLLLMsm0wqbyJ6fy2rl33V8jg= | 7989.18 | 8.26849 | 3229.13 | -0.67506 | 0.737763 | 0 | none | -1 | 180 | 0 | 0 | 0 | 0 | 0 | 0 | 0 | 0 | 1 | camera | no_target | -0.67506 | -0 | 0.737763 | -0.67506 | 0 |
SCRIPT       : DATA_LOG | 1385277 | aRapBi1cCZPZAGLIDny3dk3hQ8vTmNTLHRl8zxmKgQ0= | 2184.79 | 314.127 | 6308.24 | -0.704413 | 0.709791 | 0 | SCARH_Black | 1 | 84.5346 | 333.262 | 0 | 1 | 1 | 0 | 0 | 0 | 0 | 1 | camera | target | -0.704413 | -0 | 0.709791 |
SCRIPT       : DATA_LOG | 1385298 | VEZjSxlcpgu1JLRUfHGLLLMsm0wqbyJ6fy2rl33V8jg= | 7989.27 | 8.27555 | 3229.03 | -0.67506 | 0.737763 | 0 | none | -1 | 180 | 0 | 0 | 0 | 0 | 0 | 0 | 0 | 0 | 1 | camera | no_target | -0.67506 | 0 | 0.737763 | -0.67506 | 0 | 
SCRIPT       : DATA_LOG | 1386276 | aRapBi1cCZPZAGLIDny3dk3hQ8vTmNTLHRl8zxmKgQ0= | 2184.79 | 314.127 | 6308.24 | -0.704413 | 0.709791 | 0 | SCARH_Black | 1 | 84.5336 | 333.278 | 0 | 1 | 1 | 0 | 0 | 0 | 0 | 1 | camera | target | -0.704413 | -0 | 0.709791 |
SCRIPT       : DATA_LOG | 1386296 | VEZjSxlcpgu1JLRUfHGLLLMsm0wqbyJ6fy2rl33V8jg= | 7990.52 | 8.37037 | 3227.66 | -0.67506 | 0.737763 | 0 | none | -1 | 180 | 0 | 0 | 0 | 0 | 0 | 0 | 0 | 0 | 1 | camera | no_target | -0.67506 | -0 | 0.737763 | -0.67506 | 0 |
SCRIPT       : DATA_LOG | 1387277 | aRapBi1cCZPZAGLIDny3dk3hQ8vTmNTLHRl8zxmKgQ0= | 2184.79 | 314.127 | 6308.24 | -0.704413 | 0.709791 | 0 | SCARH_Black | 1 | 84.534 | 333.269 | 0 | 1 | 1 | 0 | 0 | 0 | 0 | 1 | camera | none | -0.704413 | -0 | 0.709791 | -0
SCRIPT       : DATA_LOG | 1387297 | VEZjSxlcpgu1JLRUfHGLLLMsm0wqbyJ6fy2rl33V8jg= | 7990.52 | 8.37037 | 3227.66 | -0.67506 | 0.737763 | 0 | none | -1 | 180 | 0 | 0 | 0 | 0 | 0 | 0 | 0 | 0 | 1 | camera | no_target | -0.67506 | -0 | 0.737763 | -0.67506 | 0 |
SCRIPT       : DATA_LOG | 1388279 | aRapBi1cCZPZAGLIDny3dk3hQ8vTmNTLHRl8zxmKgQ0= | 2184.79 | 314.127 | 6308.24 | -0.704413 | 0.709791 | 0 | SCARH_Black | 1 | 84.5342 | 333.279 | 0 | 1 | 1 | 0 | 0 | 0 | 0 | 1 | camera | target | -0.704413 | -0 | 0.709791 |
SCRIPT       : DATA_LOG | 1388298 | VEZjSxlcpgu1JLRUfHGLLLMsm0wqbyJ6fy2rl33V8jg= | 7990.52 | 8.37037 | 3227.66 | -0.67506 | 0.737763 | 0 | none | -1 | 180 | 0 | 0 | 0 | 0 | 0 | 0 | 0 | 0 | 1 | camera | no_target | -0.67506 | -0 | 0.737763 | -0.67506 | 0 |
SCRIPT       : DATA_LOG | 1389286 | aRapBi1cCZPZAGLIDny3dk3hQ8vTmNTLHRl8zxmKgQ0= | 2184.79 | 314.127 | 6308.24 | -0.704413 | 0.709791 | 0 | SCARH_Black | 1 | 84.5345 | 333.276 | 0 | 1 | 1 | 0 | 0 | 0 | 0 | 1 | camera | target | -0.704413 | -0 | 0.709791 |
SCRIPT       : DATA_LOG | 1389310 | VEZjSxlcpgu1JLRUfHGLLLMsm0wqbyJ6fy2rl33V8jg= | 7990.52 | 8.37037 | 3227.66 | -0.67506 | 0.737763 | 0 | none | -1 | 180 | 0 | 0 | 0 | 0 | 0 | 0 | 0 | 0 | 1 | camera | no_target | -0.67506 | -0 | 0.737763 | -0.67506 | 0 |
SCRIPT       : DATA_LOG | 1390280 | aRapBi1cCZPZAGLIDny3dk3hQ8vTmNTLHRl8zxmKgQ0= | 2184.79 | 314.127 | 6308.24 | -0.704413 | 0.709791 | 0 | SCARH_Black | 1 | 84.5348 | 333.273 | 0 | 1 | 1 | 0 | 0 | 0 | 0 | 1 | camera | target | -0.704413 | -0 | 0.709791 |
SCRIPT       : DATA_LOG | 1390299 | VEZjSxlcpgu1JLRUfHGLLLMsm0wqbyJ6fy2rl33V8jg= | 7990.52 | 8.37037 | 3227.66 | -0.67506 | 0.737763 | 0 | none | -1 | 180 | 0 | 0 | 0 | 0 | 0 | 0 | 0 | 0 | 1 | camera | no_target | -0.67506 | -0 | 0.737763 | -0.67506 | 0 |
SCRIPT       : DATA_LOG | 1391287 | aRapBi1cCZPZAGLIDny3dk3hQ8vTmNTLHRl8zxmKgQ0= | 2184.79 | 314.127 | 6308.24 | -0.704413 | 0.709791 | 0 | SCARH_Black | 1 | 84.5335 | 333.277 | 0 | 1 | 1 | 0 | 0 | 0 | 0 | 1 | camera | target | -0.704413 | -0 | 0.709791 |
SCRIPT       : DATA_LOG | 1391311 | VEZjSxlcpgu1JLRUfHGLLLMsm0wqbyJ6fy2rl33V8jg= | 7990.52 | 8.37037 | 3227.66 | -0.67506 | 0.737763 | 0 | none | -1 | 180 | 0 | 0 | 0 | 0 | 0 | 0 | 0 | 0 | 1 | camera | no_target | -0.67506 | -0 | 0.737763 | -0.67506 | 0 |
SCRIPT       : DATA_LOG | 1392285 | aRapBi1cCZPZAGLIDny3dk3hQ8vTmNTLHRl8zxmKgQ0= | 2184.79 | 314.127 | 6308.24 | -0.704413 | 0.709791 | 0 | SCARH_Black | 1 | 84.5347 | 333.261 | 0 | 1 | 1 | 0 | 0 | 0 | 0 | 1 | camera | target | -0.704413 | -0 | 0.709791 |
SCRIPT       : DATA_LOG | 1392304 | VEZjSxlcpgu1JLRUfHGLLLMsm0wqbyJ6fy2rl33V8jg= | 7990.52 | 8.37037 | 3227.66 | -0.67506 | 0.737763 | 0 | none | -1 | 180 | 0 | 0 | 0 | 0 | 0 | 0 | 0 | 0 | 1 | camera | no_target | -0.67506 | -0 | 0.737763 | -0.67506 | 0 |
SCRIPT       : DATA_LOG | 1393283 | aRapBi1cCZPZAGLIDny3dk3hQ8vTmNTLHRl8zxmKgQ0= | 2184.79 | 314.127 | 6308.24 | -0.704413 | 0.709791 | 0 | SCARH_Black | 1 | 84.5336 | 333.277 | 0 | 1 | 1 | 0 | 0 | 0 | 0 | 1 | camera | target | -0.704413 | -0 | 0.709791 |
SCRIPT       : DATA_LOG | 1393304 | VEZjSxlcpgu1JLRUfHGLLLMsm0wqbyJ6fy2rl33V8jg= | 7990.52 | 8.37037 | 3227.66 | -0.67506 | 0.737763 | 0 | none | -1 | 180 | 0 | 0 | 0 | 0 | 0 | 0 | 0 | 0 | 1 | camera | no_target | -0.67506 | -0 | 0.737763 | -0.67506 | 0 |
SCRIPT       : DATA_LOG | 1394287 | aRapBi1cCZPZAGLIDny3dk3hQ8vTmNTLHRl8zxmKgQ0= | 2184.79 | 314.127 | 6308.24 | -0.704413 | 0.709791 | 0 | SCARH_Black | 1 | 84.534 | 333.269 | 0 | 1 | 1 | 0 | 0 | 0 | 0 | 1 | camera | target | -0.704413 | -0 | 0.709791 | 
SCRIPT       : DATA_LOG | 1394306 | VEZjSxlcpgu1JLRUfHGLLLMsm0wqbyJ6fy2rl33V8jg= | 7990.52 | 8.37037 | 3227.66 | -0.67506 | 0.737763 | 0 | none | -1 | 180 | 0 | 0 | 0 | 0 | 0 | 0 | 0 | 0 | 1 | camera | no_target | -0.67506 | -0 | 0.737763 | -0.67506 | 0 |
SCRIPT       : DATA_LOG | 1395288 | aRapBi1cCZPZAGLIDny3dk3hQ8vTmNTLHRl8zxmKgQ0= | 2184.79 | 314.127 | 6308.24 | -0.704413 | 0.709791 | 0 | SCARH_Black | 1 | 84.5342 | 333.277 | 0 | 1 | 1 | 0 | 0 | 0 | 0 | 1 | camera | target | -0.704413 | -0 | 0.709791 |
SCRIPT       : DATA_LOG | 1395308 | VEZjSxlcpgu1JLRUfHGLLLMsm0wqbyJ6fy2rl33V8jg= | 7990.52 | 8.37037 | 3227.66 | -0.67506 | 0.737763 | 0 | none | -1 | 180 | 0 | 0 | 0 | 0 | 0 | 0 | 0 | 0 | 1 | camera | no_target | -0.67506 | -0 | 0.737763 | -0.67506 | 0 |
SCRIPT       : DATA_LOG | 1396296 | aRapBi1cCZPZAGLIDny3dk3hQ8vTmNTLHRl8zxmKgQ0= | 2184.79 | 314.127 | 6308.24 | -0.704413 | 0.709791 | 0 | SCARH_Black | 1 | 84.5345 | 333.277 | 0 | 1 | 1 | 0 | 0 | 0 | 0 | 1 | camera | target | -0.704413 | -0 | 0.709791 |
SCRIPT       : DATA_LOG | 1396319 | VEZjSxlcpgu1JLRUfHGLLLMsm0wqbyJ6fy2rl33V8jg= | 7990.52 | 8.37037 | 3227.66 | -0.67506 | 0.737763 | 0 | none | -1 | 180 | 0 | 0 | 0 | 0 | 0 | 0 | 0 | 0 | 1 | camera | no_target | -0.67506 | -0 | 0.737763 | -0.67506 | 0 |
SCRIPT       : DATA_LOG | 1397291 | aRapBi1cCZPZAGLIDny3dk3hQ8vTmNTLHRl8zxmKgQ0= | 2184.79 | 314.127 | 6308.24 | -0.704413 | 0.709791 | 0 | SCARH_Black | 1 | 84.5349 | 333.271 | 0 | 1 | 1 | 0 | 0 | 0 | 0 | 1 | camera | target | -0.704413 | -0 | 0.709791 |
SCRIPT       : DATA_LOG | 1397311 | VEZjSxlcpgu1JLRUfHGLLLMsm0wqbyJ6fy2rl33V8jg= | 7990.52 | 8.37037 | 3227.66 | -0.67506 | 0.737763 | 0 | none | -1 | 180 | 0 | 0 | 0 | 0 | 0 | 0 | 0 | 0 | 1 | camera | no_target | -0.67506 | -0 | 0.737763 | -0.67506 | 0 |
SCRIPT       : DATA_LOG | 1398293 | aRapBi1cCZPZAGLIDny3dk3hQ8vTmNTLHRl8zxmKgQ0= | 2184.79 | 314.127 | 6308.24 | -0.704413 | 0.709791 | 0 | SCARH_Black | 1 | 84.5334 | 333.279 | 0 | 1 | 1 | 0 | 0 | 0 | 0 | 1 | camera | target | -0.704413 | -0 | 0.709791 |
SCRIPT       : DATA_LOG | 1398314 | VEZjSxlcpgu1JLRUfHGLLLMsm0wqbyJ6fy2rl33V8jg= | 7990.52 | 8.37037 | 3227.66 | -0.67506 | 0.737763 | 0 | none | -1 | 180 | 0 | 0 | 0 | 0 | 0 | 0 | 0 | 0 | 1 | camera | no_target | -0.67506 | -0 | 0.737763 | -0.67506 | 0 |
SCRIPT       : DATA_LOG | 1399294 | aRapBi1cCZPZAGLIDny3dk3hQ8vTmNTLHRl8zxmKgQ0= | 2184.79 | 314.127 | 6308.24 | -0.704413 | 0.709791 | 0 | SCARH_Black | 1 | 84.5347 | 333.26 | 0 | 1 | 1 | 0 | 0 | 0 | 0 | 1 | camera | target | -0.704413 | -0 | 0.709791 | 
SCRIPT       : DATA_LOG | 1399317 | VEZjSxlcpgu1JLRUfHGLLLMsm0wqbyJ6fy2rl33V8jg= | 7990.52 | 8.37037 | 3227.66 | -0.67506 | 0.737763 | 0 | none | -1 | 180 | 0 | 0 | 0 | 0 | 0 | 0 | 0 | 0 | 1 | camera | no_target | -0.67506 | -0 | 0.737763 | -0.67506 | 0 |
SCRIPT       : DATA_LOG | 1400294 | aRapBi1cCZPZAGLIDny3dk3hQ8vTmNTLHRl8zxmKgQ0= | 2184.79 | 314.127 | 6308.24 | -0.704413 | 0.709791 | 0 | SCARH_Black | 1 | 84.5337 | 333.275 | 0 | 1 | 1 | 0 | 0 | 0 | 0 | 1 | camera | target | -0.704413 | -0 | 0.709791 |
SCRIPT       : DATA_LOG | 1400313 | VEZjSxlcpgu1JLRUfHGLLLMsm0wqbyJ6fy2rl33V8jg= | 7990.52 | 8.37037 | 3227.66 | -0.67506 | 0.737763 | 0 | none | -1 | 180 | 0 | 0 | 0 | 0 | 0 | 0 | 0 | 0 | 1 | camera | no_target | -0.67506 | -0 | 0.737763 | -0.67506 | 0 |
SCRIPT       : DATA_LOG | 1401297 | aRapBi1cCZPZAGLIDny3dk3hQ8vTmNTLHRl8zxmKgQ0= | 2184.79 | 314.127 | 6308.24 | -0.704413 | 0.709791 | 0 | SCARH_Black | 1 | 84.534 | 333.271 | 0 | 1 | 1 | 0 | 0 | 0 | 0 | 1 | camera | target | -0.704413 | -0 | 0.709791 | 
SCRIPT       : DATA_LOG | 1401319 | VEZjSxlcpgu1JLRUfHGLLLMsm0wqbyJ6fy2rl33V8jg= | 7990.52 | 8.37037 | 3227.66 | -0.67506 | 0.737763 | 0 | none | -1 | 180 | 0 | 0 | 0 | 0 | 0 | 0 | 0 | 0 | 1 | camera | no_target | -0.67506 | -0 | 0.737763 | -0.67506 | 0 |
SCRIPT       : DATA_LOG | 1402297 | aRapBi1cCZPZAGLIDny3dk3hQ8vTmNTLHRl8zxmKgQ0= | 2184.79 | 314.127 | 6308.24 | -0.704413 | 0.709791 | 0 | SCARH_Black | 1 | 84.5342 | 333.276 | 0 | 1 | 1 | 0 | 0 | 0 | 0 | 1 | camera | target | -0.704413 | -0 | 0.709791 |
SCRIPT       : DATA_LOG | 1402323 | VEZjSxlcpgu1JLRUfHGLLLMsm0wqbyJ6fy2rl33V8jg= | 7990.52 | 8.37037 | 3227.66 | -0.67506 | 0.737763 | 0 | none | -1 | 180 | 0 | 0 | 0 | 0 | 0 | 0 | 0 | 0 | 1 | camera | no_target | -0.67506 | -0 | 0.737763 | -0.67506 | 0 |
SCRIPT       : DATA_LOG | 1403300 | aRapBi1cCZPZAGLIDny3dk3hQ8vTmNTLHRl8zxmKgQ0= | 2184.79 | 314.127 | 6308.24 | -0.704413 | 0.709791 | 0 | SCARH_Black | 1 | 84.5344 | 333.279 | 0 | 1 | 1 | 0 | 0 | 0 | 0 | 1 | camera | target | -0.704413 | -0 | 0.709791 |
SCRIPT       : DATA_LOG | 1403323 | VEZjSxlcpgu1JLRUfHGLLLMsm0wqbyJ6fy2rl33V8jg= | 7990.52 | 8.37037 | 3227.66 | -0.67506 | 0.737763 | 0 | none | -1 | 180 | 0 | 0 | 0 | 0 | 0 | 0 | 0 | 0 | 1 | camera | no_target | -0.67506 | -0 | 0.737763 | -0.67506 | 0 |
SCRIPT       : DATA_LOG | 1404300 | aRapBi1cCZPZAGLIDny3dk3hQ8vTmNTLHRl8zxmKgQ0= | 2184.79 | 314.127 | 6308.24 | -0.704413 | 0.709791 | 0 | SCARH_Black | 1 | 84.5349 | 333.27 | 0 | 1 | 1 | 0 | 0 | 0 | 0 | 1 | camera | none | -0.704413 | -0 | 0.709791 | -0
SCRIPT       : DATA_LOG | 1404320 | VEZjSxlcpgu1JLRUfHGLLLMsm0wqbyJ6fy2rl33V8jg= | 7990.52 | 8.37037 | 3227.66 | -0.67506 | 0.737763 | 0 | none | -1 | 180 | 0 | 0 | 0 | 0 | 0 | 0 | 0 | 0 | 1 | camera | no_target | -0.67506 | -0 | 0.737763 | -0.67506 | 0 |
SCRIPT       : DATA_LOG | 1405299 | aRapBi1cCZPZAGLIDny3dk3hQ8vTmNTLHRl8zxmKgQ0= | 2184.79 | 314.127 | 6308.24 | -0.704413 | 0.709791 | 0 | SCARH_Black | 1 | 84.5333 | 333.281 | 0 | 1 | 1 | 0 | 0 | 0 | 0 | 1 | camera | target | -0.704413 | -0 | 0.709791 |
SCRIPT       : DATA_LOG | 1405319 | VEZjSxlcpgu1JLRUfHGLLLMsm0wqbyJ6fy2rl33V8jg= | 7990.52 | 8.37037 | 3227.66 | -0.67506 | 0.737763 | 0 | none | -1 | 180 | 0 | 0 | 0 | 0 | 0 | 0 | 0 | 0 | 1 | camera | no_target | -0.67506 | -0 | 0.737763 | -0.67506 | 0 |
SCRIPT       : DATA_LOG | 1406302 | aRapBi1cCZPZAGLIDny3dk3hQ8vTmNTLHRl8zxmKgQ0= | 2184.79 | 314.127 | 6308.24 | -0.704413 | 0.709791 | 0 | SCARH_Black | 1 | 84.5345 | 333.261 | 0 | 1 | 1 | 0 | 0 | 0 | 0 | 1 | camera | target | -0.704413 | -0 | 0.709791 |
SCRIPT       : DATA_LOG | 1406323 | VEZjSxlcpgu1JLRUfHGLLLMsm0wqbyJ6fy2rl33V8jg= | 7990.52 | 8.37037 | 3227.66 | -0.67506 | 0.737763 | 0 | none | -1 | 180 | 0 | 0 | 0 | 0 | 0 | 0 | 0 | 0 | 1 | camera | no_target | -0.67506 | -0 | 0.737763 | -0.67506 | 0 |
SCRIPT       : DATA_LOG | 1407303 | aRapBi1cCZPZAGLIDny3dk3hQ8vTmNTLHRl8zxmKgQ0= | 2184.79 | 314.127 | 6308.24 | -0.704413 | 0.709791 | 0 | SCARH_Black | 1 | 84.5339 | 333.272 | 0 | 1 | 1 | 0 | 0 | 0 | 0 | 1 | camera | target | -0.704413 | -0 | 0.709791 |
SCRIPT       : DATA_LOG | 1407324 | VEZjSxlcpgu1JLRUfHGLLLMsm0wqbyJ6fy2rl33V8jg= | 7990.52 | 8.37037 | 3227.66 | -0.67506 | 0.737763 | 0 | none | -1 | 180 | 0 | 0 | 0 | 0 | 0 | 0 | 0 | 0 | 1 | camera | no_target | -0.67506 | -0 | 0.737763 | -0.67506 | 0 |
SCRIPT       : DATA_LOG | 1408303 | aRapBi1cCZPZAGLIDny3dk3hQ8vTmNTLHRl8zxmKgQ0= | 2184.79 | 314.127 | 6308.24 | -0.704413 | 0.709791 | 0 | SCARH_Black | 1 | 84.534 | 333.274 | 0 | 1 | 1 | 0 | 0 | 0 | 0 | 1 | camera | target | -0.704413 | -0 | 0.709791 | 
SCRIPT       : DATA_LOG | 1408323 | VEZjSxlcpgu1JLRUfHGLLLMsm0wqbyJ6fy2rl33V8jg= | 7990.52 | 8.37037 | 3227.66 | -0.67506 | 0.737763 | 0 | none | -1 | 180 | 0 | 0 | 0 | 0 | 0 | 0 | 0 | 0 | 1 | camera | no_target | -0.67506 | -0 | 0.737763 | -0.67506 | 0 |
SCRIPT       : DATA_LOG | 1409312 | aRapBi1cCZPZAGLIDny3dk3hQ8vTmNTLHRl8zxmKgQ0= | 2184.79 | 314.127 | 6308.24 | -0.704413 | 0.709791 | 0 | SCARH_Black | 1 | 84.5342 | 333.274 | 0 | 1 | 1 | 0 | 0 | 0 | 0 | 1 | camera | target | -0.704413 | -0 | 0.709791 |
SCRIPT       : DATA_LOG | 1409340 | VEZjSxlcpgu1JLRUfHGLLLMsm0wqbyJ6fy2rl33V8jg= | 7990.52 | 8.37037 | 3227.66 | -0.67506 | 0.737763 | 0 | none | -1 | 180 | 0 | 0 | 0 | 0 | 0 | 0 | 0 | 0 | 1 | camera | no_target | -0.67506 | -0 | 0.737763 | -0.67506 | 0 |
SCRIPT       : DATA_LOG | 1410306 | aRapBi1cCZPZAGLIDny3dk3hQ8vTmNTLHRl8zxmKgQ0= | 2184.79 | 314.127 | 6308.24 | -0.704413 | 0.709791 | 0 | SCARH_Black | 1 | 84.5343 | 333.279 | 0 | 1 | 1 | 0 | 0 | 0 | 0 | 1 | camera | target | -0.704413 | -0 | 0.709791 |
SCRIPT       : DATA_LOG | 1410326 | VEZjSxlcpgu1JLRUfHGLLLMsm0wqbyJ6fy2rl33V8jg= | 7990.52 | 8.37037 | 3227.66 | -0.67506 | 0.737763 | 0 | none | -1 | 180 | 0 | 0 | 0 | 0 | 0 | 0 | 0 | 0 | 1 | camera | no_target | -0.67506 | -0 | 0.737763 | -0.67506 | 0 |
SCRIPT       : DATA_LOG | 1411313 | aRapBi1cCZPZAGLIDny3dk3hQ8vTmNTLHRl8zxmKgQ0= | 2184.79 | 314.127 | 6308.24 | -0.704413 | 0.709791 | 0 | SCARH_Black | 1 | 84.5349 | 333.27 | 0 | 1 | 1 | 0 | 0 | 0 | 0 | 1 | camera | target | -0.704413 | -0 | 0.709791 | 
SCRIPT       : DATA_LOG | 1411336 | VEZjSxlcpgu1JLRUfHGLLLMsm0wqbyJ6fy2rl33V8jg= | 7990.52 | 8.37037 | 3227.66 | -0.67506 | 0.737763 | 0 | none | -1 | 180 | 0 | 0 | 0 | 0 | 0 | 0 | 0 | 0 | 1 | camera | no_target | -0.67506 | -0 | 0.737763 | -0.67506 | 0 |
SCRIPT       : DATA_LOG | 1412308 | aRapBi1cCZPZAGLIDny3dk3hQ8vTmNTLHRl8zxmKgQ0= | 2184.79 | 314.127 | 6308.24 | -0.704413 | 0.709791 | 0 | SCARH_Black | 1 | 84.5335 | 333.28 | 0 | 1 | 1 | 0 | 0 | 0 | 0 | 1 | camera | target | -0.704413 | -0 | 0.709791 | 
SCRIPT       : DATA_LOG | 1412329 | VEZjSxlcpgu1JLRUfHGLLLMsm0wqbyJ6fy2rl33V8jg= | 7990.52 | 8.37037 | 3227.66 | -0.67506 | 0.737763 | 0 | none | -1 | 180 | 0 | 0 | 0 | 0 | 0 | 0 | 0 | 0 | 1 | camera | no_target | -0.67506 | -0 | 0.737763 | -0.67506 | 0 |
SCRIPT       : DATA_LOG | 1413310 | aRapBi1cCZPZAGLIDny3dk3hQ8vTmNTLHRl8zxmKgQ0= | 2184.79 | 314.127 | 6308.24 | -0.704413 | 0.709791 | 0 | SCARH_Black | 1 | 84.5342 | 333.264 | 0 | 1 | 1 | 0 | 0 | 0 | 0 | 1 | camera | target | -0.704413 | -0 | 0.709791 |
SCRIPT       : DATA_LOG | 1413331 | VEZjSxlcpgu1JLRUfHGLLLMsm0wqbyJ6fy2rl33V8jg= | 7990.52 | 8.37037 | 3227.66 | -0.67506 | 0.737763 | 0 | none | -1 | 180 | 0 | 0 | 0 | 0 | 0 | 0 | 0 | 0 | 1 | camera | no_target | -0.67506 | -0 | 0.737763 | -0.67506 | 0 |
SCRIPT       : DATA_LOG | 1415131 | aRapBi1cCZPZAGLIDny3dk3hQ8vTmNTLHRl8zxmKgQ0= | 2184.79 | 314.127 | 6308.24 | -0.704413 | 0.709791 | 0 | SCARH_Black | 1 | 84.5346 | 333.261 | 0 | 1 | 1 | 0 | 0 | 0 | 0 | 1 | camera | none | -0.704413 | -0 | 0.709791 | -
SCRIPT       : DATA_LOG | 1415163 | VEZjSxlcpgu1JLRUfHGLLLMsm0wqbyJ6fy2rl33V8jg= | 7990.52 | 8.37037 | 3227.66 | -0.67506 | 0.737763 | 0 | none | -1 | 180 | 0 | 0 | 0 | 0 | 0 | 0 | 0 | 0 | 1 | camera | no_target | -0.67506 | -0 | 0.737763 | -0.67506 | 0 |
SCRIPT       : DATA_LOG | 1416123 | aRapBi1cCZPZAGLIDny3dk3hQ8vTmNTLHRl8zxmKgQ0= | 2184.79 | 314.127 | 6308.24 | -0.704413 | 0.709791 | 0 | SCARH_Black | 1 | 84.5339 | 333.274 | 0 | 1 | 1 | 0 | 0 | 0 | 0 | 1 | camera | target | -0.704413 | -0 | 0.709791 |
SCRIPT       : DATA_LOG | 1416153 | VEZjSxlcpgu1JLRUfHGLLLMsm0wqbyJ6fy2rl33V8jg= | 7990.52 | 8.37037 | 3227.66 | -0.67506 | 0.737763 | 0 | none | -1 | 180 | 0 | 0 | 0 | 0 | 0 | 0 | 0 | 0 | 1 | camera | no_target | -0.67506 | -0 | 0.737763 | -0.67506 | 0 |
SCRIPT       : DATA_LOG | 1417129 | aRapBi1cCZPZAGLIDny3dk3hQ8vTmNTLHRl8zxmKgQ0= | 2184.79 | 314.127 | 6308.24 | -0.704413 | 0.709791 | 0 | SCARH_Black | 1 | 84.5342 | 333.273 | 0 | 1 | 1 | 0 | 0 | 0 | 0 | 1 | camera | none | -0.704413 | -0 | 0.709791 | -
SCRIPT       : DATA_LOG | 1417160 | VEZjSxlcpgu1JLRUfHGLLLMsm0wqbyJ6fy2rl33V8jg= | 7990.52 | 8.37037 | 3227.66 | -0.67506 | 0.737763 | 0 | none | -1 | 180 | 0 | 0 | 0 | 0 | 0 | 0 | 0 | 0 | 1 | camera | no_target | -0.67506 | -0 | 0.737763 | -0.67506 | 0 |
SCRIPT       : DATA_LOG | 1418133 | aRapBi1cCZPZAGLIDny3dk3hQ8vTmNTLHRl8zxmKgQ0= | 2184.79 | 314.127 | 6308.24 | -0.704413 | 0.709791 | 0 | SCARH_Black | 1 | 84.5343 | 333.279 | 0 | 1 | 1 | 0 | 0 | 0 | 0 | 1 | camera | target | -0.704413 | -0 | 0.709791 |
SCRIPT       : DATA_LOG | 1418159 | VEZjSxlcpgu1JLRUfHGLLLMsm0wqbyJ6fy2rl33V8jg= | 7990.52 | 8.37037 | 3227.66 | -0.67506 | 0.737763 | 0 | none | -1 | 180 | 0 | 0 | 0 | 0 | 0 | 0 | 0 | 0 | 1 | camera | no_target | -0.67506 | -0 | 0.737763 | -0.67506 | 0 |
SCRIPT       : DATA_LOG | 1419138 | aRapBi1cCZPZAGLIDny3dk3hQ8vTmNTLHRl8zxmKgQ0= | 2184.79 | 314.127 | 6308.24 | -0.704413 | 0.709791 | 0 | SCARH_Black | 1 | 84.5348 | 333.271 | 0 | 1 | 1 | 0 | 0 | 0 | 0 | 1 | camera | target | -0.704413 | -0 | 0.709791 |
SCRIPT       : DATA_LOG | 1419174 | VEZjSxlcpgu1JLRUfHGLLLMsm0wqbyJ6fy2rl33V8jg= | 7990.52 | 8.37037 | 3227.66 | -0.67506 | 0.737763 | 0 | none | -1 | 180 | 0 | 0 | 0 | 0 | 0 | 0 | 0 | 0 | 1 | camera | no_target | -0.67506 | -0 | 0.737763 | -0.67506 | 0 |
SCRIPT       : DATA_LOG | 1420133 | aRapBi1cCZPZAGLIDny3dk3hQ8vTmNTLHRl8zxmKgQ0= | 2184.79 | 314.127 | 6308.24 | -0.704413 | 0.709791 | 0 | SCARH_Black | 1 | 84.5336 | 333.28 | 0 | 1 | 1 | 0 | 0 | 0 | 0 | 1 | camera | target | -0.704413 | -0 | 0.709791 | 
SCRIPT       : DATA_LOG | 1420156 | VEZjSxlcpgu1JLRUfHGLLLMsm0wqbyJ6fy2rl33V8jg= | 7990.52 | 8.37037 | 3227.66 | -0.67506 | 0.737763 | 0 | none | -1 | 180 | 0 | 0 | 0 | 0 | 0 | 0 | 0 | 0 | 1 | camera | no_target | -0.67506 | -0 | 0.737763 | -0.67506 | 0 |
SCRIPT       : DATA_LOG | 1421172 | aRapBi1cCZPZAGLIDny3dk3hQ8vTmNTLHRl8zxmKgQ0= | 2184.79 | 314.127 | 6308.24 | -0.704413 | 0.709791 | 0 | SCARH_Black | 1 | 84.5341 | 333.265 | 0 | 1 | 1 | 0 | 0 | 0 | 0 | 1 | camera | target | -0.704413 | -0 | 0.709791 |
SCRIPT       : DATA_LOG | 1421200 | VEZjSxlcpgu1JLRUfHGLLLMsm0wqbyJ6fy2rl33V8jg= | 7990.52 | 8.37037 | 3227.66 | -0.67506 | 0.737763 | 0 | none | -1 | 180 | 0 | 0 | 0 | 0 | 0 | 0 | 0 | 0 | 1 | camera | no_target | -0.67506 | -0 | 0.737763 | -0.67506 | 0 |
SCRIPT       : DATA_LOG | 1422179 | aRapBi1cCZPZAGLIDny3dk3hQ8vTmNTLHRl8zxmKgQ0= | 2184.79 | 314.127 | 6308.24 | -0.704413 | 0.709791 | 0 | SCARH_Black | 1 | 84.5342 | 333.267 | 0 | 1 | 1 | 0 | 0 | 0 | 0 | 1 | camera | target | -0.704413 | -0 | 0.709791 |
SCRIPT       : DATA_LOG | 1422201 | VEZjSxlcpgu1JLRUfHGLLLMsm0wqbyJ6fy2rl33V8jg= | 7990.52 | 8.37037 | 3227.66 | -0.67506 | 0.737763 | 0 | none | -1 | 180 | 0 | 0 | 0 | 0 | 0 | 0 | 0 | 0 | 1 | camera | no_target | -0.67506 | -0 | 0.737763 | -0.67506 | 0 |
SCRIPT       : DATA_LOG | 1423174 | aRapBi1cCZPZAGLIDny3dk3hQ8vTmNTLHRl8zxmKgQ0= | 2184.79 | 314.127 | 6308.24 | -0.704413 | 0.709791 | 0 | SCARH_Black | 1 | 84.5338 | 333.277 | 0 | 1 | 1 | 0 | 0 | 0 | 0 | 1 | camera | target | -0.704413 | -0 | 0.709791 |
SCRIPT       : DATA_LOG | 1423208 | VEZjSxlcpgu1JLRUfHGLLLMsm0wqbyJ6fy2rl33V8jg= | 7990.52 | 8.37037 | 3227.66 | -0.67506 | 0.737763 | 0 | none | -1 | 180 | 0 | 0 | 0 | 0 | 0 | 0 | 0 | 0 | 1 | camera | no_target | -0.67506 | -0 | 0.737763 | -0.67506 | 0 |
SCRIPT       : DATA_LOG | 1424165 | aRapBi1cCZPZAGLIDny3dk3hQ8vTmNTLHRl8zxmKgQ0= | 2184.79 | 314.127 | 6308.24 | -0.704413 | 0.709791 | 0 | SCARH_Black | 1 | 84.534 | 333.272 | 0 | 1 | 1 | 0 | 0 | 0 | 0 | 1 | camera | target | -0.704413 | -0 | 0.709791 | 
SCRIPT       : DATA_LOG | 1424190 | VEZjSxlcpgu1JLRUfHGLLLMsm0wqbyJ6fy2rl33V8jg= | 7990.52 | 8.37037 | 3227.66 | -0.67506 | 0.737763 | 0 | none | -1 | 180 | 0 | 0 | 0 | 0 | 0 | 0 | 0 | 0 | 1 | camera | no_target | -0.67506 | -0 | 0.737763 | -0.67506 | 0 |
SCRIPT       : DATA_LOG | 1425171 | aRapBi1cCZPZAGLIDny3dk3hQ8vTmNTLHRl8zxmKgQ0= | 2184.79 | 314.127 | 6308.24 | -0.704413 | 0.709791 | 0 | SCARH_Black | 1 | 84.5341 | 333.28 | 0 | 1 | 1 | 0 | 0 | 0 | 0 | 1 | camera | target | -0.704413 | -0 | 0.709791 | 
SCRIPT       : DATA_LOG | 1425194 | VEZjSxlcpgu1JLRUfHGLLLMsm0wqbyJ6fy2rl33V8jg= | 7990.52 | 8.37037 | 3227.66 | -0.67506 | 0.737763 | 0 | none | -1 | 180 | 0 | 0 | 0 | 0 | 0 | 0 | 0 | 0 | 1 | camera | no_target | -0.67506 | -0 | 0.737763 | -0.67506 | 0 |
SCRIPT       : DATA_LOG | 1426169 | aRapBi1cCZPZAGLIDny3dk3hQ8vTmNTLHRl8zxmKgQ0= | 2184.79 | 314.127 | 6308.24 | -0.704413 | 0.709791 | 0 | SCARH_Black | 1 | 84.5346 | 333.273 | 0 | 1 | 1 | 0 | 0 | 0 | 0 | 1 | camera | target | -0.704413 | -0 | 0.709791 |
SCRIPT       : DATA_LOG | 1426190 | VEZjSxlcpgu1JLRUfHGLLLMsm0wqbyJ6fy2rl33V8jg= | 7990.52 | 8.37037 | 3227.66 | -0.67506 | 0.737763 | 0 | none | -1 | 180 | 0 | 0 | 0 | 0 | 0 | 0 | 0 | 0 | 1 | camera | no_target | -0.67506 | -0 | 0.737763 | -0.67506 | 0 |
SCRIPT       : DATA_LOG | 1427165 | aRapBi1cCZPZAGLIDny3dk3hQ8vTmNTLHRl8zxmKgQ0= | 2184.79 | 314.127 | 6308.24 | -0.704413 | 0.709791 | 0 | SCARH_Black | 1 | 84.5339 | 333.279 | 0 | 1 | 1 | 0 | 0 | 0 | 0 | 1 | camera | target | -0.704413 | -0 | 0.709791 |
SCRIPT       : DATA_LOG | 1427185 | VEZjSxlcpgu1JLRUfHGLLLMsm0wqbyJ6fy2rl33V8jg= | 7990.52 | 8.37037 | 3227.66 | -0.67506 | 0.737763 | 0 | none | -1 | 180 | 0 | 0 | 0 | 0 | 0 | 0 | 0 | 0 | 1 | camera | no_target | -0.67506 | -0 | 0.737763 | -0.67506 | 0 |
SCRIPT       : DATA_LOG | 1428176 | aRapBi1cCZPZAGLIDny3dk3hQ8vTmNTLHRl8zxmKgQ0= | 2184.79 | 314.127 | 6308.24 | -0.704413 | 0.709791 | 0 | SCARH_Black | 1 | 84.5338 | 333.269 | 0 | 1 | 1 | 0 | 0 | 0 | 0 | 1 | camera | target | -0.704413 | -0 | 0.709791 |
SCRIPT       : DATA_LOG | 1428200 | VEZjSxlcpgu1JLRUfHGLLLMsm0wqbyJ6fy2rl33V8jg= | 7990.52 | 8.37037 | 3227.66 | -0.67506 | 0.737763 | 0 | none | -1 | 180 | 0 | 0 | 0 | 0 | 0 | 0 | 0 | 0 | 1 | camera | no_target | -0.67506 | -0 | 0.737763 | -0.67506 | 0 |
SCRIPT       : DATA_LOG | 1429171 | aRapBi1cCZPZAGLIDny3dk3hQ8vTmNTLHRl8zxmKgQ0= | 2184.79 | 314.127 | 6308.24 | -0.704413 | 0.709791 | 0 | SCARH_Black | 1 | 84.5344 | 333.265 | 0 | 1 | 1 | 0 | 0 | 0 | 0 | 1 | camera | target | -0.704413 | -0 | 0.709791 |
SCRIPT       : DATA_LOG | 1429192 | VEZjSxlcpgu1JLRUfHGLLLMsm0wqbyJ6fy2rl33V8jg= | 7990.52 | 8.37037 | 3227.66 | -0.67506 | 0.737763 | 0 | none | -1 | 180 | 0 | 0 | 0 | 0 | 0 | 0 | 0 | 0 | 1 | camera | no_target | -0.67506 | -0 | 0.737763 | -0.67506 | 0 |
SCRIPT       : DATA_LOG | 1430169 | aRapBi1cCZPZAGLIDny3dk3hQ8vTmNTLHRl8zxmKgQ0= | 2184.79 | 314.127 | 6308.24 | -0.704413 | 0.709791 | 0 | SCARH_Black | 1 | 84.5337 | 333.278 | 0 | 1 | 1 | 0 | 0 | 0 | 0 | 1 | camera | none | -0.704413 | -0 | 0.709791 | -
SCRIPT       : DATA_LOG | 1430188 | VEZjSxlcpgu1JLRUfHGLLLMsm0wqbyJ6fy2rl33V8jg= | 7990.52 | 8.37037 | 3227.66 | -0.67506 | 0.737763 | 0 | none | -1 | 180 | 0 | 0 | 0 | 0 | 0 | 0 | 0 | 0 | 1 | camera | no_target | -0.67506 | -0 | 0.737763 | -0.67506 | 0 |
SCRIPT       : DATA_LOG | 1431171 | aRapBi1cCZPZAGLIDny3dk3hQ8vTmNTLHRl8zxmKgQ0= | 2184.79 | 314.127 | 6308.24 | -0.704413 | 0.709791 | 0 | SCARH_Black | 1 | 84.5339 | 333.27 | 0 | 1 | 1 | 0 | 0 | 0 | 0 | 1 | camera | target | -0.704413 | -0 | 0.709791 | 
SCRIPT       : DATA_LOG | 1431191 | VEZjSxlcpgu1JLRUfHGLLLMsm0wqbyJ6fy2rl33V8jg= | 7990.52 | 8.37037 | 3227.66 | -0.67506 | 0.737763 | 0 | none | -1 | 180 | 0 | 0 | 0 | 0 | 0 | 0 | 0 | 0 | 1 | camera | no_target | -0.67506 | -0 | 0.737763 | -0.67506 | 0 |
SCRIPT       : DATA_LOG | 1432172 | aRapBi1cCZPZAGLIDny3dk3hQ8vTmNTLHRl8zxmKgQ0= | 2184.79 | 314.127 | 6308.24 | -0.704413 | 0.709791 | 0 | SCARH_Black | 1 | 84.5341 | 333.279 | 0 | 1 | 1 | 0 | 0 | 0 | 0 | 1 | camera | target | -0.704413 | -0 | 0.709791 |
SCRIPT       : DATA_LOG | 1432191 | VEZjSxlcpgu1JLRUfHGLLLMsm0wqbyJ6fy2rl33V8jg= | 7990.52 | 8.37037 | 3227.66 | -0.67506 | 0.737763 | 0 | none | -1 | 180 | 0 | 0 | 0 | 0 | 0 | 0 | 0 | 0 | 1 | camera | no_target | -0.67506 | -0 | 0.737763 | -0.67506 | 0 |
SCRIPT       : DATA_LOG | 1433174 | aRapBi1cCZPZAGLIDny3dk3hQ8vTmNTLHRl8zxmKgQ0= | 2184.79 | 314.127 | 6308.24 | -0.704413 | 0.709791 | 0 | SCARH_Black | 1 | 84.5345 | 333.275 | 0 | 1 | 1 | 0 | 0 | 0 | 0 | 1 | camera | target | -0.704413 | -0 | 0.709791 |
SCRIPT       : DATA_LOG | 1433194 | VEZjSxlcpgu1JLRUfHGLLLMsm0wqbyJ6fy2rl33V8jg= | 7990.52 | 8.37037 | 3227.66 | -0.67506 | 0.737763 | 0 | none | -1 | 180 | 0 | 0 | 0 | 0 | 0 | 0 | 0 | 0 | 1 | camera | no_target | -0.67506 | -0 | 0.737763 | -0.67506 | 0 |
SCRIPT       : DATA_LOG | 1434175 | aRapBi1cCZPZAGLIDny3dk3hQ8vTmNTLHRl8zxmKgQ0= | 2184.79 | 314.127 | 6308.24 | -0.704413 | 0.709791 | 0 | SCARH_Black | 1 | 84.5343 | 333.276 | 0 | 1 | 1 | 0 | 0 | 0 | 0 | 1 | camera | target | -0.704413 | -0 | 0.709791 |
SCRIPT       : DATA_LOG | 1434198 | VEZjSxlcpgu1JLRUfHGLLLMsm0wqbyJ6fy2rl33V8jg= | 7990.52 | 8.37037 | 3227.66 | -0.67506 | 0.737763 | 0 | none | -1 | 180 | 0 | 0 | 0 | 0 | 0 | 0 | 0 | 0 | 1 | camera | no_target | -0.67506 | -0 | 0.737763 | -0.67506 | 0 |
SCRIPT       : DATA_LOG | 1435170 | aRapBi1cCZPZAGLIDny3dk3hQ8vTmNTLHRl8zxmKgQ0= | 2184.79 | 314.127 | 6308.24 | -0.704413 | 0.709791 | 0 | SCARH_Black | 1 | 84.5336 | 333.274 | 0 | 1 | 1 | 0 | 0 | 0 | 0 | 1 | camera | target | -0.704413 | -0 | 0.709791 |
SCRIPT       : DATA_LOG | 1435187 | VEZjSxlcpgu1JLRUfHGLLLMsm0wqbyJ6fy2rl33V8jg= | 7990.52 | 8.37037 | 3227.66 | -0.67506 | 0.737763 | 0 | none | -1 | 180 | 0 | 0 | 0 | 0 | 0 | 0 | 0 | 0 | 1 | camera | no_target | -0.67506 | -0 | 0.737763 | -0.67506 | 0 |
SCRIPT       : DATA_LOG | 1436173 | aRapBi1cCZPZAGLIDny3dk3hQ8vTmNTLHRl8zxmKgQ0= | 2184.79 | 314.127 | 6308.24 | -0.704413 | 0.709791 | 0 | SCARH_Black | 1 | 84.5346 | 333.262 | 0 | 1 | 1 | 0 | 0 | 0 | 0 | 1 | camera | target | -0.704413 | -0 | 0.709791 |
SCRIPT       : DATA_LOG | 1436191 | VEZjSxlcpgu1JLRUfHGLLLMsm0wqbyJ6fy2rl33V8jg= | 7990.52 | 8.37037 | 3227.66 | -0.67506 | 0.737763 | 0 | none | -1 | 180 | 0 | 0 | 0 | 0 | 0 | 0 | 0 | 0 | 1 | camera | no_target | -0.67506 | -0 | 0.737763 | -0.67506 | 0 |
SCRIPT       : DATA_LOG | 1437174 | aRapBi1cCZPZAGLIDny3dk3hQ8vTmNTLHRl8zxmKgQ0= | 2184.79 | 314.127 | 6308.24 | -0.704413 | 0.709791 | 0 | SCARH_Black | 1 | 84.5336 | 333.278 | 0 | 1 | 1 | 0 | 0 | 0 | 0 | 1 | camera | target | -0.704413 | -0 | 0.709791 |
SCRIPT       : DATA_LOG | 1437196 | VEZjSxlcpgu1JLRUfHGLLLMsm0wqbyJ6fy2rl33V8jg= | 7990.52 | 8.37037 | 3227.66 | -0.67506 | 0.737763 | 0 | none | -1 | 180 | 0 | 0 | 0 | 0 | 0 | 0 | 0 | 0 | 1 | camera | no_target | -0.67506 | -0 | 0.737763 | -0.67506 | 0 |
SCRIPT       : DATA_LOG | 1438177 | aRapBi1cCZPZAGLIDny3dk3hQ8vTmNTLHRl8zxmKgQ0= | 2184.79 | 314.127 | 6308.24 | -0.704413 | 0.709791 | 0 | SCARH_Black | 1 | 84.534 | 333.269 | 0 | 1 | 1 | 0 | 0 | 0 | 0 | 1 | camera | none | -0.704413 | -0 | 0.709791 | -0
SCRIPT       : DATA_LOG | 1438198 | VEZjSxlcpgu1JLRUfHGLLLMsm0wqbyJ6fy2rl33V8jg= | 7990.52 | 8.37037 | 3227.66 | -0.67506 | 0.737763 | 0 | none | -1 | 180 | 0 | 0 | 0 | 0 | 0 | 0 | 0 | 0 | 1 | camera | no_target | -0.67506 | -0 | 0.737763 | -0.67506 | 0 |
SCRIPT       : DATA_LOG | 1439174 | aRapBi1cCZPZAGLIDny3dk3hQ8vTmNTLHRl8zxmKgQ0= | 2184.79 | 314.127 | 6308.24 | -0.704413 | 0.709791 | 0 | SCARH_Black | 1 | 84.5342 | 333.278 | 0 | 1 | 1 | 0 | 0 | 0 | 0 | 1 | camera | target | -0.704413 | -0 | 0.709791 |
SCRIPT       : DATA_LOG | 1439192 | VEZjSxlcpgu1JLRUfHGLLLMsm0wqbyJ6fy2rl33V8jg= | 7990.52 | 8.37037 | 3227.66 | -0.67506 | 0.737763 | 0 | none | -1 | 180 | 0 | 0 | 0 | 0 | 0 | 0 | 0 | 0 | 1 | camera | no_target | -0.67506 | -0 | 0.737763 | -0.67506 | 0 |
SCRIPT       : DATA_LOG | 1440184 | aRapBi1cCZPZAGLIDny3dk3hQ8vTmNTLHRl8zxmKgQ0= | 2184.79 | 314.127 | 6308.24 | -0.704413 | 0.709791 | 0 | SCARH_Black | 1 | 84.5345 | 333.276 | 0 | 1 | 1 | 0 | 0 | 0 | 0 | 1 | camera | target | -0.704413 | -0 | 0.709791 |
SCRIPT       : DATA_LOG | 1440206 | VEZjSxlcpgu1JLRUfHGLLLMsm0wqbyJ6fy2rl33V8jg= | 7990.52 | 8.37037 | 3227.66 | -0.67506 | 0.737763 | 0 | none | -1 | 180 | 0 | 0 | 0 | 0 | 0 | 0 | 0 | 0 | 1 | camera | no_target | -0.67506 | -0 | 0.737763 | -0.67506 | 0 |
SCRIPT       : DATA_LOG | 1441185 | aRapBi1cCZPZAGLIDny3dk3hQ8vTmNTLHRl8zxmKgQ0= | 2184.79 | 314.127 | 6308.24 | -0.704413 | 0.709791 | 0 | SCARH_Black | 1 | 84.5348 | 333.272 | 0 | 1 | 1 | 0 | 0 | 0 | 0 | 1 | camera | target | -0.704413 | -0 | 0.709791 |
SCRIPT       : DATA_LOG | 1441207 | VEZjSxlcpgu1JLRUfHGLLLMsm0wqbyJ6fy2rl33V8jg= | 7990.52 | 8.37037 | 3227.66 | -0.67506 | 0.737763 | 0 | none | -1 | 180 | 0 | 0 | 0 | 0 | 0 | 0 | 0 | 0 | 1 | camera | no_target | -0.67506 | -0 | 0.737763 | -0.67506 | 0 |
SCRIPT       : DATA_LOG | 1442178 | aRapBi1cCZPZAGLIDny3dk3hQ8vTmNTLHRl8zxmKgQ0= | 2184.79 | 314.127 | 6308.24 | -0.704413 | 0.709791 | 0 | SCARH_Black | 1 | 84.5335 | 333.277 | 0 | 1 | 1 | 0 | 0 | 0 | 0 | 1 | camera | target | -0.704413 | -0 | 0.709791 |
SCRIPT       : DATA_LOG | 1442201 | VEZjSxlcpgu1JLRUfHGLLLMsm0wqbyJ6fy2rl33V8jg= | 7990.52 | 8.37037 | 3227.66 | -0.67506 | 0.737763 | 0 | none | -1 | 180 | 0 | 0 | 0 | 0 | 0 | 0 | 0 | 0 | 1 | camera | no_target | -0.67506 | -0 | 0.737763 | -0.67506 | 0 |
SCRIPT       : DATA_LOG | 1443187 | aRapBi1cCZPZAGLIDny3dk3hQ8vTmNTLHRl8zxmKgQ0= | 2184.79 | 314.127 | 6308.24 | -0.704413 | 0.709791 | 0 | SCARH_Black | 1 | 84.5347 | 333.26 | 0 | 1 | 1 | 0 | 0 | 0 | 0 | 1 | camera | target | -0.704413 | -0 | 0.709791 | 
SCRIPT       : DATA_LOG | 1443207 | VEZjSxlcpgu1JLRUfHGLLLMsm0wqbyJ6fy2rl33V8jg= | 7990.52 | 8.37037 | 3227.66 | -0.67506 | 0.737763 | 0 | none | -1 | 180 | 0 | 0 | 0 | 0 | 0 | 0 | 0 | 0 | 1 | camera | no_target | -0.67506 | -0 | 0.737763 | -0.67506 | 0 |
SCRIPT       : DATA_LOG | 1444184 | aRapBi1cCZPZAGLIDny3dk3hQ8vTmNTLHRl8zxmKgQ0= | 2184.79 | 314.127 | 6308.24 | -0.704413 | 0.709791 | 0 | SCARH_Black | 1 | 84.5336 | 333.277 | 0 | 1 | 1 | 0 | 0 | 0 | 0 | 1 | camera | target | -0.704413 | -0 | 0.709791 |
SCRIPT       : DATA_LOG | 1444204 | VEZjSxlcpgu1JLRUfHGLLLMsm0wqbyJ6fy2rl33V8jg= | 7990.52 | 8.37037 | 3227.66 | -0.67506 | 0.737763 | 0 | none | -1 | 180 | 0 | 0 | 0 | 0 | 0 | 0 | 0 | 0 | 1 | camera | no_target | -0.67506 | -0 | 0.737763 | -0.67506 | 0 |
SCRIPT       : DATA_LOG | 1445182 | aRapBi1cCZPZAGLIDny3dk3hQ8vTmNTLHRl8zxmKgQ0= | 2184.79 | 314.127 | 6308.24 | -0.704413 | 0.709791 | 0 | SCARH_Black | 1 | 84.534 | 333.27 | 0 | 1 | 1 | 0 | 0 | 0 | 0 | 1 | camera | target | -0.704413 | -0 | 0.709791 | -
SCRIPT       : DATA_LOG | 1445202 | VEZjSxlcpgu1JLRUfHGLLLMsm0wqbyJ6fy2rl33V8jg= | 7990.52 | 8.37037 | 3227.66 | -0.67506 | 0.737763 | 0 | none | -1 | 180 | 0 | 0 | 0 | 0 | 0 | 0 | 0 | 0 | 1 | camera | no_target | -0.67506 | -0 | 0.737763 | -0.67506 | 0 |
SCRIPT       : DATA_LOG | 1446276 | aRapBi1cCZPZAGLIDny3dk3hQ8vTmNTLHRl8zxmKgQ0= | 2184.79 | 314.127 | 6308.24 | -0.704413 | 0.709791 | 0 | SCARH_Black | 1 | 84.5342 | 333.277 | 0 | 1 | 1 | 0 | 0 | 0 | 0 | 1 | camera | target | -0.704413 | -0 | 0.709791 |
SCRIPT       : DATA_LOG | 1446297 | VEZjSxlcpgu1JLRUfHGLLLMsm0wqbyJ6fy2rl33V8jg= | 7990.52 | 8.37037 | 3227.66 | -0.67506 | 0.737763 | 0 | none | -1 | 180 | 0 | 0 | 0 | 0 | 0 | 0 | 0 | 0 | 1 | camera | no_target | -0.67506 | -0 | 0.737763 | -0.67506 | 0 |
SCRIPT       : DATA_LOG | 1447270 | aRapBi1cCZPZAGLIDny3dk3hQ8vTmNTLHRl8zxmKgQ0= | 2184.79 | 314.127 | 6308.24 | -0.704413 | 0.709791 | 0 | SCARH_Black | 1 | 84.5345 | 333.277 | 0 | 1 | 1 | 0 | 0 | 0 | 0 | 1 | camera | target | -0.704413 | -0 | 0.709791 |
SCRIPT       : DATA_LOG | 1447288 | VEZjSxlcpgu1JLRUfHGLLLMsm0wqbyJ6fy2rl33V8jg= | 7990.52 | 8.37037 | 3227.66 | -0.67506 | 0.737763 | 0 | none | -1 | 180 | 0 | 0 | 0 | 0 | 0 | 0 | 0 | 0 | 1 | camera | no_target | -0.67506 | -0 | 0.737763 | -0.67506 | 0 |
SCRIPT       : DATA_LOG | 1448272 | aRapBi1cCZPZAGLIDny3dk3hQ8vTmNTLHRl8zxmKgQ0= | 2184.79 | 314.127 | 6308.24 | -0.704413 | 0.709791 | 0 | SCARH_Black | 1 | 84.5349 | 333.271 | 0 | 1 | 1 | 0 | 0 | 0 | 0 | 1 | camera | target | -0.704413 | -0 | 0.709791 |
SCRIPT       : DATA_LOG | 1448289 | VEZjSxlcpgu1JLRUfHGLLLMsm0wqbyJ6fy2rl33V8jg= | 7990.52 | 8.37037 | 3227.66 | -0.67506 | 0.737763 | 0 | none | -1 | 180 | 0 | 0 | 0 | 0 | 0 | 0 | 0 | 0 | 1 | camera | no_target | -0.67506 | -0 | 0.737763 | -0.67506 | 0 |
SCRIPT       : DATA_LOG | 1449276 | aRapBi1cCZPZAGLIDny3dk3hQ8vTmNTLHRl8zxmKgQ0= | 2184.79 | 314.127 | 6308.24 | -0.704413 | 0.709791 | 0 | SCARH_Black | 1 | 84.5335 | 333.278 | 0 | 1 | 1 | 0 | 0 | 0 | 0 | 1 | camera | target | -0.704413 | -0 | 0.709791 |
SCRIPT       : DATA_LOG | 1449295 | VEZjSxlcpgu1JLRUfHGLLLMsm0wqbyJ6fy2rl33V8jg= | 7990.52 | 8.37037 | 3227.66 | -0.67506 | 0.737763 | 0 | none | -1 | 180 | 0 | 0 | 0 | 0 | 0 | 0 | 0 | 0 | 1 | camera | no_target | -0.67506 | -0 | 0.737763 | -0.67506 | 0 |
SCRIPT       : DATA_LOG | 1450276 | aRapBi1cCZPZAGLIDny3dk3hQ8vTmNTLHRl8zxmKgQ0= | 2184.79 | 314.127 | 6308.24 | -0.704413 | 0.709791 | 0 | SCARH_Black | 1 | 84.5347 | 333.26 | 0 | 1 | 1 | 0 | 0 | 0 | 0 | 1 | camera | target | -0.704413 | -0 | 0.709791 | 
SCRIPT       : DATA_LOG | 1450295 | VEZjSxlcpgu1JLRUfHGLLLMsm0wqbyJ6fy2rl33V8jg= | 7990.52 | 8.37037 | 3227.66 | -0.67506 | 0.737763 | 0 | none | -1 | 180 | 0 | 0 | 0 | 0 | 0 | 0 | 0 | 0 | 1 | camera | no_target | -0.67506 | -0 | 0.737763 | -0.67506 | 0 |
SCRIPT       : DATA_LOG | 1451272 | aRapBi1cCZPZAGLIDny3dk3hQ8vTmNTLHRl8zxmKgQ0= | 2184.79 | 314.127 | 6308.24 | -0.704413 | 0.709791 | 0 | SCARH_Black | 1 | 84.5337 | 333.275 | 0 | 1 | 1 | 0 | 0 | 0 | 0 | 1 | camera | target | -0.704413 | -0 | 0.709791 |
SCRIPT       : DATA_LOG | 1451292 | VEZjSxlcpgu1JLRUfHGLLLMsm0wqbyJ6fy2rl33V8jg= | 7990.52 | 8.37037 | 3227.66 | -0.67506 | 0.737763 | 0 | none | -1 | 180 | 0 | 0 | 0 | 0 | 0 | 0 | 0 | 0 | 1 | camera | no_target | -0.67506 | -0 | 0.737763 | -0.67506 | 0 |
SCRIPT       : DATA_LOG | 1452276 | aRapBi1cCZPZAGLIDny3dk3hQ8vTmNTLHRl8zxmKgQ0= | 2184.79 | 314.127 | 6308.24 | -0.704413 | 0.709791 | 0 | SCARH_Black | 1 | 84.534 | 333.271 | 0 | 1 | 1 | 0 | 0 | 0 | 0 | 1 | camera | target | -0.704413 | -0 | 0.709791 | 
SCRIPT       : DATA_LOG | 1452292 | VEZjSxlcpgu1JLRUfHGLLLMsm0wqbyJ6fy2rl33V8jg= | 7990.52 | 8.37037 | 3227.66 | -0.67506 | 0.737763 | 0 | none | -1 | 180 | 0 | 0 | 0 | 0 | 0 | 0 | 0 | 0 | 1 | camera | no_target | -0.67506 | -0 | 0.737763 | -0.67506 | 0 |
SCRIPT       : DATA_LOG | 1453276 | aRapBi1cCZPZAGLIDny3dk3hQ8vTmNTLHRl8zxmKgQ0= | 2184.79 | 314.127 | 6308.24 | -0.704413 | 0.709791 | 0 | SCARH_Black | 1 | 84.5342 | 333.277 | 0 | 1 | 1 | 0 | 0 | 0 | 0 | 1 | camera | target | -0.704413 | -0 | 0.709791 |
SCRIPT       : DATA_LOG | 1453304 | VEZjSxlcpgu1JLRUfHGLLLMsm0wqbyJ6fy2rl33V8jg= | 7990.52 | 8.37037 | 3227.66 | -0.67506 | 0.737763 | 0 | none | -1 | 180 | 0 | 0 | 0 | 0 | 0 | 0 | 0 | 0 | 1 | camera | no_target | -0.67506 | -0 | 0.737763 | -0.67506 | 0 |
SCRIPT       : DATA_LOG | 1454277 | aRapBi1cCZPZAGLIDny3dk3hQ8vTmNTLHRl8zxmKgQ0= | 2184.79 | 314.127 | 6308.24 | -0.704413 | 0.709791 | 0 | SCARH_Black | 1 | 84.5344 | 333.278 | 0 | 1 | 1 | 0 | 0 | 0 | 0 | 1 | camera | target | -0.704413 | -0 | 0.709791 |
SCRIPT       : DATA_LOG | 1454295 | VEZjSxlcpgu1JLRUfHGLLLMsm0wqbyJ6fy2rl33V8jg= | 7990.52 | 8.37037 | 3227.66 | -0.67506 | 0.737763 | 0 | none | -1 | 180 | 0 | 0 | 0 | 0 | 0 | 0 | 0 | 0 | 1 | camera | no_target | -0.67506 | -0 | 0.737763 | -0.67506 | 0 |
SCRIPT       : DATA_LOG | 1455279 | aRapBi1cCZPZAGLIDny3dk3hQ8vTmNTLHRl8zxmKgQ0= | 2184.79 | 314.127 | 6308.24 | -0.704413 | 0.709791 | 0 | SCARH_Black | 1 | 84.535 | 333.27 | 0 | 1 | 1 | 0 | 0 | 0 | 0 | 1 | camera | target | -0.704413 | -0 | 0.709791 | -
SCRIPT       : DATA_LOG | 1455298 | VEZjSxlcpgu1JLRUfHGLLLMsm0wqbyJ6fy2rl33V8jg= | 7990.52 | 8.37037 | 3227.66 | -0.67506 | 0.737763 | 0 | none | -1 | 180 | 0 | 0 | 0 | 0 | 0 | 0 | 0 | 0 | 1 | camera | no_target | -0.67506 | -0 | 0.737763 | -0.67506 | 0 |
SCRIPT       : DATA_LOG | 1456279 | aRapBi1cCZPZAGLIDny3dk3hQ8vTmNTLHRl8zxmKgQ0= | 2184.79 | 314.127 | 6308.24 | -0.704413 | 0.709791 | 0 | SCARH_Black | 1 | 84.5333 | 333.28 | 0 | 1 | 1 | 0 | 0 | 0 | 0 | 1 | camera | target | -0.704413 | -0 | 0.709791 | 
SCRIPT       : DATA_LOG | 1456296 | VEZjSxlcpgu1JLRUfHGLLLMsm0wqbyJ6fy2rl33V8jg= | 7990.52 | 8.37037 | 3227.66 | -0.67506 | 0.737763 | 0 | none | -1 | 180 | 0 | 0 | 0 | 0 | 0 | 0 | 0 | 0 | 1 | camera | no_target | -0.67506 | -0 | 0.737763 | -0.67506 | 0 |
SCRIPT       : DATA_LOG | 1457290 | aRapBi1cCZPZAGLIDny3dk3hQ8vTmNTLHRl8zxmKgQ0= | 2184.79 | 314.127 | 6308.24 | -0.704413 | 0.709791 | 0 | SCARH_Black | 1 | 84.5346 | 333.26 | 0 | 1 | 1 | 0 | 0 | 0 | 0 | 1 | camera | none | -0.704413 | -0 | 0.709791 | -0
SCRIPT       : DATA_LOG | 1457314 | VEZjSxlcpgu1JLRUfHGLLLMsm0wqbyJ6fy2rl33V8jg= | 7990.52 | 8.37037 | 3227.66 | -0.67506 | 0.737763 | 0 | none | -1 | 180 | 0 | 0 | 0 | 0 | 0 | 0 | 0 | 0 | 1 | camera | no_target | -0.67506 | -0 | 0.737763 | -0.67506 | 0 |
SCRIPT       : DATA_LOG | 1458281 | aRapBi1cCZPZAGLIDny3dk3hQ8vTmNTLHRl8zxmKgQ0= | 2184.79 | 314.127 | 6308.24 | -0.704413 | 0.709791 | 0 | SCARH_Black | 1 | 84.5338 | 333.273 | 0 | 1 | 1 | 0 | 0 | 0 | 0 | 1 | camera | target | -0.704413 | -0 | 0.709791 |
SCRIPT       : DATA_LOG | 1458297 | VEZjSxlcpgu1JLRUfHGLLLMsm0wqbyJ6fy2rl33V8jg= | 7990.52 | 8.37037 | 3227.66 | -0.67506 | 0.737763 | 0 | none | -1 | 180 | 0 | 0 | 0 | 0 | 0 | 0 | 0 | 0 | 1 | camera | no_target | -0.67506 | -0 | 0.737763 | -0.67506 | 0 |
SCRIPT       : DATA_LOG | 1459291 | aRapBi1cCZPZAGLIDny3dk3hQ8vTmNTLHRl8zxmKgQ0= | 2184.79 | 314.127 | 6308.24 | -0.704413 | 0.709791 | 0 | SCARH_Black | 1 | 84.534 | 333.272 | 0 | 1 | 1 | 0 | 0 | 0 | 0 | 1 | camera | target | -0.704413 | -0 | 0.709791 | 
SCRIPT       : DATA_LOG | 1459313 | VEZjSxlcpgu1JLRUfHGLLLMsm0wqbyJ6fy2rl33V8jg= | 7990.52 | 8.37037 | 3227.66 | -0.67506 | 0.737763 | 0 | none | -1 | 180 | 0 | 0 | 0 | 0 | 0 | 0 | 0 | 0 | 1 | camera | no_target | -0.67506 | -0 | 0.737763 | -0.67506 | 0 |
SCRIPT       : DATA_LOG | 1460285 | aRapBi1cCZPZAGLIDny3dk3hQ8vTmNTLHRl8zxmKgQ0= | 2184.79 | 314.127 | 6308.24 | -0.704413 | 0.709791 | 0 | SCARH_Black | 1 | 84.5342 | 333.275 | 0 | 1 | 1 | 0 | 0 | 0 | 0 | 1 | camera | target | -0.704413 | -0 | 0.709791 |
SCRIPT       : DATA_LOG | 1460302 | VEZjSxlcpgu1JLRUfHGLLLMsm0wqbyJ6fy2rl33V8jg= | 7990.52 | 8.37037 | 3227.66 | -0.67506 | 0.737763 | 0 | none | -1 | 180 | 0 | 0 | 0 | 0 | 0 | 0 | 0 | 0 | 1 | camera | no_target | -0.67506 | -0 | 0.737763 | -0.67506 | 0 |
SCRIPT       : DATA_LOG | 1461284 | aRapBi1cCZPZAGLIDny3dk3hQ8vTmNTLHRl8zxmKgQ0= | 2184.79 | 314.127 | 6308.24 | -0.704413 | 0.709791 | 0 | SCARH_Black | 1 | 84.5343 | 333.279 | 0 | 1 | 1 | 0 | 0 | 0 | 0 | 1 | camera | target | -0.704413 | -0 | 0.709791 |
SCRIPT       : DATA_LOG | 1461304 | VEZjSxlcpgu1JLRUfHGLLLMsm0wqbyJ6fy2rl33V8jg= | 7990.52 | 8.37037 | 3227.66 | -0.67506 | 0.737763 | 0 | none | -1 | 180 | 0 | 0 | 0 | 0 | 0 | 0 | 0 | 0 | 1 | camera | no_target | -0.67506 | -0 | 0.737763 | -0.67506 | 0 |
SCRIPT       : DATA_LOG | 1462287 | aRapBi1cCZPZAGLIDny3dk3hQ8vTmNTLHRl8zxmKgQ0= | 2184.79 | 314.127 | 6308.24 | -0.704413 | 0.709791 | 0 | SCARH_Black | 1 | 84.5349 | 333.27 | 0 | 1 | 1 | 0 | 0 | 0 | 0 | 1 | camera | target | -0.704413 | -0 | 0.709791 | 
SCRIPT       : DATA_LOG | 1462307 | VEZjSxlcpgu1JLRUfHGLLLMsm0wqbyJ6fy2rl33V8jg= | 7990.52 | 8.37037 | 3227.66 | -0.67506 | 0.737763 | 0 | none | -1 | 180 | 0 | 0 | 0 | 0 | 0 | 0 | 0 | 0 | 1 | camera | no_target | -0.67506 | -0 | 0.737763 | -0.67506 | 0 |
SCRIPT       : DATA_LOG | 1463289 | aRapBi1cCZPZAGLIDny3dk3hQ8vTmNTLHRl8zxmKgQ0= | 2184.79 | 314.127 | 6308.24 | -0.704413 | 0.709791 | 0 | SCARH_Black | 1 | 84.5334 | 333.281 | 0 | 1 | 1 | 0 | 0 | 0 | 0 | 1 | camera | target | -0.704413 | -0 | 0.709791 |
SCRIPT       : DATA_LOG | 1463309 | VEZjSxlcpgu1JLRUfHGLLLMsm0wqbyJ6fy2rl33V8jg= | 7990.52 | 8.37037 | 3227.66 | -0.67506 | 0.737763 | 0 | none | -1 | 180 | 0 | 0 | 0 | 0 | 0 | 0 | 0 | 0 | 1 | camera | no_target | -0.67506 | -0 | 0.737763 | -0.67506 | 0 |
SCRIPT       : DATA_LOG | 1464287 | aRapBi1cCZPZAGLIDny3dk3hQ8vTmNTLHRl8zxmKgQ0= | 2184.79 | 314.127 | 6308.24 | -0.704413 | 0.709791 | 0 | SCARH_Black | 1 | 84.5343 | 333.262 | 0 | 1 | 1 | 0 | 0 | 0 | 0 | 1 | camera | target | -0.704413 | -0 | 0.709791 |
SCRIPT       : DATA_LOG | 1464307 | VEZjSxlcpgu1JLRUfHGLLLMsm0wqbyJ6fy2rl33V8jg= | 7988.54 | 8.17923 | 3230.78 | 0.0900507 | 0.995937 | 0 | none | -1 | 180 | 0 | 0 | 0 | 0 | 0 | 0 | 0 | 0 | 1 | camera | no_target | 0.0900507 | 0 | 0.995937 | 0.0900507 | 0
SCRIPT       : DATA_LOG | 1465296 | aRapBi1cCZPZAGLIDny3dk3hQ8vTmNTLHRl8zxmKgQ0= | 2184.79 | 314.127 | 6308.24 | -0.704413 | 0.709791 | 0 | SCARH_Black | 1 | 84.5341 | 333.27 | 0 | 1 | 1 | 0 | 0 | 0 | 0 | 1 | camera | target | -0.704413 | -0 | 0.709791 | 
SCRIPT       : DATA_LOG | 1465454 | VEZjSxlcpgu1JLRUfHGLLLMsm0wqbyJ6fy2rl33V8jg= | 7991.44 | 7.95944 | 3236.66 | 0.170727 | 0.985318 | 0 | none | -1 | 180 | 0 | 0 | 0 | 0 | 0 | 0 | 0 | 0 | 1 | camera | no_target | 0.170727 | 0 | 0.985318 | 0.170727 | 0 | 
SCRIPT       : DATA_LOG | 1466291 | aRapBi1cCZPZAGLIDny3dk3hQ8vTmNTLHRl8zxmKgQ0= | 2184.79 | 314.127 | 6308.24 | -0.704413 | 0.709791 | 0 | SCARH_Black | 1 | 84.5339 | 333.275 | 0 | 1 | 1 | 0 | 0 | 0 | 0 | 1 | camera | target | -0.704413 | -0 | 0.709791 |
SCRIPT       : DATA_LOG | 1466309 | VEZjSxlcpgu1JLRUfHGLLLMsm0wqbyJ6fy2rl33V8jg= | 7992.53 | 7.55419 | 3243.18 | -0.0941685 | 0.995556 | 0 | none | -1 | 180 | 0 | 0 | 0 | 0 | 0 | 0 | 0 | 0 | 1 | camera | no_target | -0.0941685 | 0 | 0.995556 | -0.0941685 
SCRIPT       : DATA_LOG | 1467291 | aRapBi1cCZPZAGLIDny3dk3hQ8vTmNTLHRl8zxmKgQ0= | 2184.79 | 314.127 | 6308.24 | -0.704413 | 0.709791 | 0 | SCARH_Black | 1 | 84.5341 | 333.273 | 0 | 1 | 1 | 0 | 0 | 0 | 0 | 1 | camera | none | -0.704413 | -0 | 0.709791 | -
SCRIPT       : DATA_LOG | 1467309 | VEZjSxlcpgu1JLRUfHGLLLMsm0wqbyJ6fy2rl33V8jg= | 7994.18 | 7.10358 | 3249.66 | -0.297713 | 0.954655 | 0 | none | -1 | 180 | 0 | 0 | 0 | 0 | 0 | 0 | 0 | 0 | 1 | camera | no_target | -0.297713 | 0 | 0.954655 | -0.297713 | 0
SCRIPT       : DATA_LOG | 1468294 | aRapBi1cCZPZAGLIDny3dk3hQ8vTmNTLHRl8zxmKgQ0= | 2184.79 | 314.127 | 6308.24 | -0.704413 | 0.709791 | 0 | SCARH_Black | 1 | 84.5342 | 333.28 | 0 | 1 | 1 | 0 | 0 | 0 | 0 | 1 | camera | target | -0.704413 | -0 | 0.709791 | 
SCRIPT       : DATA_LOG | 1468313 | VEZjSxlcpgu1JLRUfHGLLLMsm0wqbyJ6fy2rl33V8jg= | 7992.12 | 6.52951 | 3256.05 | -0.373549 | 0.927611 | 0 | none | -1 | 180 | 0 | 0 | 0 | 0 | 0 | 0 | 0 | 0 | 1 | camera | no_target | -0.373549 | 0 | 0.927611 | -0.373549 | 0
SCRIPT       : DATA_LOG | 1469293 | aRapBi1cCZPZAGLIDny3dk3hQ8vTmNTLHRl8zxmKgQ0= | 2184.79 | 314.127 | 6308.24 | -0.704413 | 0.709791 | 0 | SCARH_Black | 1 | 84.5347 | 333.272 | 0 | 1 | 1 | 0 | 0 | 0 | 0 | 1 | camera | target | -0.704413 | -0 | 0.709791 |
SCRIPT       : DATA_LOG | 1469310 | VEZjSxlcpgu1JLRUfHGLLLMsm0wqbyJ6fy2rl33V8jg= | 7989.6 | 6.12148 | 3262.3 | -0.373558 | 0.927607 | 0 | none | -1 | 180 | 0 | 0 | 0 | 0 | 0 | 0 | 0 | 0 | 1 | camera | no_target | -0.373558 | 0 | 0.927607 | -0.373558 | 0 |
SCRIPT       : DATA_LOG | 1470293 | aRapBi1cCZPZAGLIDny3dk3hQ8vTmNTLHRl8zxmKgQ0= | 2184.79 | 314.127 | 6308.24 | -0.704413 | 0.709791 | 0 | SCARH_Black | 1 | 84.5336 | 333.28 | 0 | 1 | 1 | 0 | 0 | 0 | 0 | 1 | camera | target | -0.704413 | -0 | 0.709791 | 
SCRIPT       : DATA_LOG | 1470312 | VEZjSxlcpgu1JLRUfHGLLLMsm0wqbyJ6fy2rl33V8jg= | 7987.08 | 6.03643 | 3268.57 | -0.373558 | 0.927607 | 0 | none | -1 | 180 | 0 | 0 | 0 | 0 | 0 | 0 | 0 | 0 | 1 | camera | no_target | -0.373558 | 0 | 0.927607 | -0.373558 | 0
SCRIPT       : DATA_LOG | 1471295 | aRapBi1cCZPZAGLIDny3dk3hQ8vTmNTLHRl8zxmKgQ0= | 2184.79 | 314.127 | 6308.24 | -0.704413 | 0.709791 | 0 | SCARH_Black | 1 | 84.5341 | 333.266 | 0 | 1 | 1 | 0 | 0 | 0 | 0 | 1 | camera | target | -0.704413 | -0 | 0.709791 |
SCRIPT       : DATA_LOG | 1471490 | VEZjSxlcpgu1JLRUfHGLLLMsm0wqbyJ6fy2rl33V8jg= | 7983.56 | 6.02495 | 3274.25 | -0.373558 | 0.927607 | 0 | none | -1 | 180 | 0 | 0 | 0 | 0 | 0 | 0 | 0 | 0 | 1 | camera | no_target | -0.373558 | 0 | 0.927607 | -0.373558 | 0
SCRIPT       : DATA_LOG | 1472337 | aRapBi1cCZPZAGLIDny3dk3hQ8vTmNTLHRl8zxmKgQ0= | 2184.79 | 314.127 | 6308.24 | -0.704413 | 0.709791 | 0 | SCARH_Black | 1 | 84.5344 | 333.266 | 0 | 1 | 1 | 0 | 0 | 0 | 0 | 1 | camera | target | -0.704413 | -0 | 0.709791 |
SCRIPT       : DATA_LOG | 1472353 | VEZjSxlcpgu1JLRUfHGLLLMsm0wqbyJ6fy2rl33V8jg= | 7980.29 | 6.02496 | 3279.85 | -0.373558 | 0.927607 | 0 | none | -1 | 180 | 0 | 0 | 0 | 0 | 0 | 0 | 0 | 0 | 1 | camera | no_target | -0.373558 | 0 | 0.927607 | -0.373558 | 0
SCRIPT       : DATA_LOG | 1473342 | aRapBi1cCZPZAGLIDny3dk3hQ8vTmNTLHRl8zxmKgQ0= | 2184.79 | 314.127 | 6308.24 | -0.704413 | 0.709791 | 0 | SCARH_Black | 1 | 84.5338 | 333.277 | 0 | 1 | 1 | 0 | 0 | 0 | 0 | 1 | camera | target | -0.704413 | -0 | 0.709791 |
SCRIPT       : DATA_LOG | 1473361 | VEZjSxlcpgu1JLRUfHGLLLMsm0wqbyJ6fy2rl33V8jg= | 7977.49 | 6.19809 | 3286.71 | -0.373558 | 0.927607 | 0 | none | -1 | 180 | 0 | 0 | 0 | 0 | 0 | 0 | 0 | 0 | 1 | camera | no_target | -0.373558 | 0 | 0.927607 | -0.373558 | 0
SCRIPT       : DATA_LOG | 1474342 | aRapBi1cCZPZAGLIDny3dk3hQ8vTmNTLHRl8zxmKgQ0= | 2184.79 | 314.127 | 6308.24 | -0.704413 | 0.709791 | 0 | SCARH_Black | 1 | 84.534 | 333.272 | 0 | 1 | 1 | 0 | 0 | 0 | 0 | 1 | camera | target | -0.704413 | -0 | 0.709791 | 
SCRIPT       : DATA_LOG | 1474359 | VEZjSxlcpgu1JLRUfHGLLLMsm0wqbyJ6fy2rl33V8jg= | 7975.78 | 6.02159 | 3293.13 | -0.373558 | 0.927607 | 0 | none | -1 | 180 | 0 | 0 | 0 | 0 | 0 | 0 | 0 | 0 | 1 | camera | no_target | -0.373558 | 0 | 0.927607 | -0.373558 | 0
SCRIPT       : DATA_LOG | 1475344 | aRapBi1cCZPZAGLIDny3dk3hQ8vTmNTLHRl8zxmKgQ0= | 2184.79 | 314.127 | 6308.24 | -0.704413 | 0.709791 | 0 | SCARH_Black | 1 | 84.5341 | 333.28 | 0 | 1 | 1 | 0 | 0 | 0 | 0 | 1 | camera | target | -0.704413 | -0 | 0.709791 | 
SCRIPT       : DATA_LOG | 1475542 | VEZjSxlcpgu1JLRUfHGLLLMsm0wqbyJ6fy2rl33V8jg= | 7977.92 | 6.01389 | 3299.52 | -0.373558 | 0.927607 | 0 | none | -1 | 180 | 0 | 0 | 0 | 0 | 0 | 0 | 0 | 0 | 1 | camera | no_target | -0.373558 | 0 | 0.927607 | -0.373558 | 0
SCRIPT       : DATA_LOG | 1476345 | aRapBi1cCZPZAGLIDny3dk3hQ8vTmNTLHRl8zxmKgQ0= | 2184.79 | 314.127 | 6308.24 | -0.704413 | 0.709791 | 0 | SCARH_Black | 1 | 84.5347 | 333.273 | 0 | 1 | 1 | 0 | 0 | 0 | 0 | 1 | camera | target | -0.704413 | -0 | 0.709791 |
SCRIPT       : DATA_LOG | 1476363 | VEZjSxlcpgu1JLRUfHGLLLMsm0wqbyJ6fy2rl33V8jg= | 7981.59 | 6.02499 | 3304.97 | 0.669971 | 0.742387 | 0 | none | -1 | 180 | 0 | 0 | 0 | 0 | 0 | 0 | 0 | 0 | 1 | camera | no_target | 0.669971 | 0 | 0.742387 | 0.669971 | 0 | 
SCRIPT       : DATA_LOG | 1477349 | aRapBi1cCZPZAGLIDny3dk3hQ8vTmNTLHRl8zxmKgQ0= | 2184.79 | 314.127 | 6308.24 | -0.704413 | 0.709791 | 0 | SCARH_Black | 1 | 84.5339 | 333.279 | 0 | 1 | 1 | 0 | 0 | 0 | 0 | 1 | camera | target | -0.704413 | -0 | 0.709791 |
SCRIPT       : DATA_LOG | 1477369 | VEZjSxlcpgu1JLRUfHGLLLMsm0wqbyJ6fy2rl33V8jg= | 7986.24 | 6.02499 | 3309.51 | 0.634942 | 0.77256 | 0 | none | -1 | 180 | 0 | 0 | 0 | 0 | 0 | 0 | 0 | 0 | 1 | camera | no_target | 0.634942 | 0 | 0.77256 | 0.634942 | 0 | 0.
SCRIPT       : DATA_LOG | 1478353 | aRapBi1cCZPZAGLIDny3dk3hQ8vTmNTLHRl8zxmKgQ0= | 2184.79 | 314.127 | 6308.24 | -0.704413 | 0.709791 | 0 | SCARH_Black | 1 | 84.5338 | 333.269 | 0 | 1 | 1 | 0 | 0 | 0 | 0 | 1 | camera | target | -0.704413 | -0 | 0.709791 |
SCRIPT       : DATA_LOG | 1478373 | VEZjSxlcpgu1JLRUfHGLLLMsm0wqbyJ6fy2rl33V8jg= | 7992.25 | 6.02497 | 3312.84 | 0.617352 | 0.786687 | 0 | none | -1 | 180 | 0 | 0 | 0 | 0 | 0 | 0 | 0 | 0 | 1 | camera | no_target | 0.617352 | 0 | 0.786687 | 0.617352 | 0 | 
SCRIPT       : DATA_LOG | 1479357 | aRapBi1cCZPZAGLIDny3dk3hQ8vTmNTLHRl8zxmKgQ0= | 2184.79 | 314.127 | 6308.24 | -0.704413 | 0.709791 | 0 | SCARH_Black | 1 | 84.5344 | 333.265 | 0 | 1 | 1 | 0 | 0 | 0 | 0 | 1 | camera | target | -0.704413 | -0 | 0.709791 |
SCRIPT       : DATA_LOG | 1479382 | VEZjSxlcpgu1JLRUfHGLLLMsm0wqbyJ6fy2rl33V8jg= | 7996.57 | 6.02498 | 3318.04 | 0.617323 | 0.78671 | 0 | none | -1 | 180 | 0 | 0 | 0 | 0 | 0 | 0 | 0 | 0 | 1 | camera | no_target | 0.617323 | 0 | 0.78671 | 0.617323 | 0 | 0.
SCRIPT       : DATA_LOG | 1480350 | aRapBi1cCZPZAGLIDny3dk3hQ8vTmNTLHRl8zxmKgQ0= | 2184.79 | 314.127 | 6308.24 | -0.704413 | 0.709791 | 0 | SCARH_Black | 1 | 84.5337 | 333.278 | 0 | 1 | 1 | 0 | 0 | 0 | 0 | 1 | camera | none | -0.704413 | -0 | 0.709791 | -
SCRIPT       : DATA_LOG | 1480370 | VEZjSxlcpgu1JLRUfHGLLLMsm0wqbyJ6fy2rl33V8jg= | 8000.74 | 6.02486 | 3323.35 | 0.617323 | 0.78671 | 0 | none | -1 | 180 | 0 | 0 | 0 | 0 | 0 | 0 | 0 | 0 | 1 | camera | no_target | 0.617323 | 0 | 0.78671 | 0.617323 | 0 | 0.
SCRIPT       : DATA_LOG | 1481356 | aRapBi1cCZPZAGLIDny3dk3hQ8vTmNTLHRl8zxmKgQ0= | 2184.79 | 314.127 | 6308.24 | -0.704413 | 0.709791 | 0 | SCARH_Black | 1 | 84.5339 | 333.27 | 0 | 1 | 1 | 0 | 0 | 0 | 0 | 1 | camera | target | -0.704413 | -0 | 0.709791 | 
SCRIPT       : DATA_LOG | 1481378 | VEZjSxlcpgu1JLRUfHGLLLMsm0wqbyJ6fy2rl33V8jg= | 8005.44 | 6.06996 | 3328.09 | 0.617323 | 0.78671 | 0 | none | -1 | 180 | 0 | 0 | 0 | 0 | 0 | 0 | 0 | 0 | 1 | camera | no_target | 0.617323 | 0 | 0.78671 | 0.617323 | 0 | 0.
SCRIPT       : DATA_LOG | 1482400 | aRapBi1cCZPZAGLIDny3dk3hQ8vTmNTLHRl8zxmKgQ0= | 2184.79 | 314.127 | 6308.24 | -0.704413 | 0.709791 | 0 | SCARH_Black | 1 | 84.5341 | 333.279 | 0 | 1 | 1 | 0 | 0 | 0 | 0 | 1 | camera | target | -0.704413 | -0 | 0.709791 |
SCRIPT       : DATA_LOG | 1482419 | VEZjSxlcpgu1JLRUfHGLLLMsm0wqbyJ6fy2rl33V8jg= | 8010.73 | 6.20599 | 3331.78 | 0.617323 | 0.78671 | 0 | none | -1 | 180 | 0 | 0 | 0 | 0 | 0 | 0 | 0 | 0 | 1 | camera | no_target | 0.617323 | 0 | 0.78671 | 0.617323 | 0 | 0.
SCRIPT       : DATA_LOG | 1483401 | aRapBi1cCZPZAGLIDny3dk3hQ8vTmNTLHRl8zxmKgQ0= | 2184.79 | 314.127 | 6308.24 | -0.704413 | 0.709791 | 0 | SCARH_Black | 1 | 84.5346 | 333.274 | 0 | 1 | 1 | 0 | 0 | 0 | 0 | 1 | camera | target | -0.704413 | -0 | 0.709791 |
SCRIPT       : DATA_LOG | 1483423 | VEZjSxlcpgu1JLRUfHGLLLMsm0wqbyJ6fy2rl33V8jg= | 8015.29 | 6.30444 | 3337.36 | 0.617323 | 0.78671 | 0 | none | -1 | 180 | 0 | 0 | 0 | 0 | 0 | 0 | 0 | 0 | 1 | camera | no_target | 0.617323 | 0 | 0.78671 | 0.617323 | 0 | 0.
SCRIPT       : DATA_LOG | 1484402 | aRapBi1cCZPZAGLIDny3dk3hQ8vTmNTLHRl8zxmKgQ0= | 2184.79 | 314.127 | 6308.24 | -0.704413 | 0.709791 | 0 | SCARH_Black | 1 | 84.5341 | 333.277 | 0 | 1 | 1 | 0 | 0 | 0 | 0 | 1 | camera | target | -0.704413 | -0 | 0.709791 |
SCRIPT       : DATA_LOG | 1484421 | VEZjSxlcpgu1JLRUfHGLLLMsm0wqbyJ6fy2rl33V8jg= | 8019.42 | 6.33141 | 3342.7 | 0.617323 | 0.78671 | 0 | none | -1 | 180 | 0 | 0 | 0 | 0 | 0 | 0 | 0 | 0 | 1 | camera | no_target | 0.617323 | 0 | 0.78671 | 0.617323 | 0 | 0.7
SCRIPT       : DATA_LOG | 1485399 | aRapBi1cCZPZAGLIDny3dk3hQ8vTmNTLHRl8zxmKgQ0= | 2184.79 | 314.127 | 6308.24 | -0.704413 | 0.709791 | 0 | SCARH_Black | 1 | 84.5337 | 333.272 | 0 | 1 | 1 | 0 | 0 | 0 | 0 | 1 | camera | none | -0.704413 | -0 | 0.709791 | -
SCRIPT       : DATA_LOG | 1485419 | VEZjSxlcpgu1JLRUfHGLLLMsm0wqbyJ6fy2rl33V8jg= | 8020.37 | 6.37098 | 3349.5 | 0.617323 | 0.78671 | 0 | none | -1 | 180 | 0 | 0 | 0 | 0 | 0 | 0 | 0 | 0 | 1 | camera | no_target | 0.617323 | 0 | 0.78671 | 0.617323 | 0 | 0.7
SCRIPT       : DATA_LOG | 1486401 | aRapBi1cCZPZAGLIDny3dk3hQ8vTmNTLHRl8zxmKgQ0= | 2184.79 | 314.127 | 6308.24 | -0.704413 | 0.709791 | 0 | SCARH_Black | 1 | 84.5346 | 333.263 | 0 | 1 | 1 | 0 | 0 | 0 | 0 | 1 | camera | none | -0.704413 | -0 | 0.709791 | -
SCRIPT       : DATA_LOG | 1486441 | VEZjSxlcpgu1JLRUfHGLLLMsm0wqbyJ6fy2rl33V8jg= | 8019.65 | 6.41767 | 3356.22 | 0.617323 | 0.78671 | 0 | none | -1 | 180 | 0 | 0 | 0 | 0 | 0 | 0 | 0 | 0 | 1 | camera | no_target | 0.617323 | 0 | 0.78671 | 0.617323 | 0 | 0.
SCRIPT       : DATA_LOG | 1487405 | aRapBi1cCZPZAGLIDny3dk3hQ8vTmNTLHRl8zxmKgQ0= | 2184.79 | 314.127 | 6308.24 | -0.704413 | 0.709791 | 0 | SCARH_Black | 1 | 84.5336 | 333.278 | 0 | 1 | 1 | 0 | 0 | 0 | 0 | 1 | camera | none | -0.704413 | -0 | 0.709791 | -
SCRIPT       : DATA_LOG | 1487425 | VEZjSxlcpgu1JLRUfHGLLLMsm0wqbyJ6fy2rl33V8jg= | 8018.87 | 6.46566 | 3362.7 | 0.617323 | 0.78671 | 0 | none | -1 | 180 | 0 | 0 | 0 | 0 | 0 | 0 | 0 | 0 | 1 | camera | no_target | 0.617323 | 0 | 0.78671 | 0.617323 | 0 | 0.7
SCRIPT       : DATA_LOG | 1488402 | aRapBi1cCZPZAGLIDny3dk3hQ8vTmNTLHRl8zxmKgQ0= | 2184.79 | 314.127 | 6308.24 | -0.704413 | 0.709791 | 0 | SCARH_Black | 1 | 84.534 | 333.269 | 0 | 1 | 1 | 0 | 0 | 0 | 0 | 1 | camera | none | -0.704413 | -0 | 0.709791 | -0
SCRIPT       : DATA_LOG | 1488420 | VEZjSxlcpgu1JLRUfHGLLLMsm0wqbyJ6fy2rl33V8jg= | 8020.74 | 6.60181 | 3369.25 | 0.617323 | 0.78671 | 0 | none | -1 | 180 | 0 | 0 | 0 | 0 | 0 | 0 | 0 | 0 | 1 | camera | no_target | 0.617323 | 0 | 0.78671 | 0.617323 | 0 | 0.
SCRIPT       : DATA_LOG | 1489408 | aRapBi1cCZPZAGLIDny3dk3hQ8vTmNTLHRl8zxmKgQ0= | 2184.79 | 314.127 | 6308.24 | -0.704413 | 0.709791 | 0 | SCARH_Black | 1 | 84.5342 | 333.279 | 0 | 1 | 1 | 0 | 0 | 0 | 0 | 1 | camera | target | -0.704413 | -0 | 0.709791 |
SCRIPT       : DATA_LOG | 1489429 | VEZjSxlcpgu1JLRUfHGLLLMsm0wqbyJ6fy2rl33V8jg= | 8024.6 | 6.74245 | 3374.51 | 0.617323 | 0.78671 | 0 | none | -1 | 180 | 0 | 0 | 0 | 0 | 0 | 0 | 0 | 0 | 1 | camera | no_target | 0.617323 | 0 | 0.78671 | 0.617323 | 0 | 0.7
SCRIPT       : DATA_LOG | 1490412 | aRapBi1cCZPZAGLIDny3dk3hQ8vTmNTLHRl8zxmKgQ0= | 2184.79 | 314.127 | 6308.24 | -0.704413 | 0.709791 | 0 | SCARH_Black | 1 | 84.5345 | 333.276 | 0 | 1 | 1 | 0 | 0 | 0 | 0 | 1 | camera | target | -0.704413 | -0 | 0.709791 |
SCRIPT       : DATA_LOG | 1490445 | VEZjSxlcpgu1JLRUfHGLLLMsm0wqbyJ6fy2rl33V8jg= | 8028.33 | 6.81577 | 3380.32 | 0.845229 | 0.534404 | 0 | none | -1 | 180 | 0 | 0 | 0 | 0 | 0 | 0 | 0 | 0 | 1 | camera | no_target | 0.845229 | 0 | 0.534404 | 0.845229 | 0 | 
SCRIPT       : DATA_LOG | 1491405 | aRapBi1cCZPZAGLIDny3dk3hQ8vTmNTLHRl8zxmKgQ0= | 2184.79 | 314.127 | 6308.24 | -0.704413 | 0.709791 | 0 | SCARH_Black | 1 | 84.5347 | 333.274 | 0 | 1 | 1 | 0 | 0 | 0 | 0 | 1 | camera | target | -0.704413 | -0 | 0.709791 |
SCRIPT       : DATA_LOG | 1491426 | VEZjSxlcpgu1JLRUfHGLLLMsm0wqbyJ6fy2rl33V8jg= | 8030.66 | 6.84258 | 3384.24 | 0.86919 | 0.494478 | 0 | none | -1 | 180 | 0 | 0 | 0 | 0 | 0 | 0 | 0 | 0 | 1 | camera | no_target | 0.86919 | 0 | 0.494478 | 0.86919 | 0 | 0.4
SCRIPT       : DATA_LOG | 1492407 | aRapBi1cCZPZAGLIDny3dk3hQ8vTmNTLHRl8zxmKgQ0= | 2184.79 | 314.127 | 6308.24 | -0.704413 | 0.709791 | 0 | SCARH_Black | 1 | 84.5335 | 333.276 | 0 | 1 | 1 | 0 | 0 | 0 | 0 | 1 | camera | none | -0.704413 | -0 | 0.709791 | -
SCRIPT       : DATA_LOG | 1492425 | VEZjSxlcpgu1JLRUfHGLLLMsm0wqbyJ6fy2rl33V8jg= | 8032.38 | 6.86095 | 3387.73 | 0.873366 | 0.487064 | 0 | none | -1 | 180 | 0 | 0 | 0 | 0 | 0 | 0 | 0 | 0 | 1 | camera | no_target | 0.873366 | 0 | 0.487064 | 0.873366 | 0 | 
SCRIPT       : DATA_LOG | 1493412 | aRapBi1cCZPZAGLIDny3dk3hQ8vTmNTLHRl8zxmKgQ0= | 2184.79 | 314.127 | 6308.24 | -0.704413 | 0.709791 | 0 | SCARH_Black | 1 | 84.5347 | 333.261 | 0 | 1 | 1 | 0 | 0 | 0 | 0 | 1 | camera | target | -0.704413 | -0 | 0.709791 |
SCRIPT       : DATA_LOG | 1493432 | VEZjSxlcpgu1JLRUfHGLLLMsm0wqbyJ6fy2rl33V8jg= | 8032.37 | 6.86369 | 3391.41 | 0.17528 | -0.984519 | 0 | none | -1 | 180 | 0 | 0 | 0 | 0 | 0 | 0 | 0 | 0 | 1 | camera | no_target | 0.17528 | 0 | -0.984519 | 0.17528 | 0 | -
SCRIPT       : DATA_LOG | 1494409 | aRapBi1cCZPZAGLIDny3dk3hQ8vTmNTLHRl8zxmKgQ0= | 2184.79 | 314.127 | 6308.24 | -0.704413 | 0.709791 | 0 | SCARH_Black | 1 | 84.5337 | 333.277 | 0 | 1 | 1 | 0 | 0 | 0 | 0 | 1 | camera | target | -0.704413 | -0 | 0.709791 |
SCRIPT       : DATA_LOG | 1494428 | VEZjSxlcpgu1JLRUfHGLLLMsm0wqbyJ6fy2rl33V8jg= | 8032.52 | 6.86501 | 3392.22 | 0.0297585 | -0.999557 | 0 | none | -1 | 180 | 0 | 0 | 0 | 0 | 0 | 0 | 0 | 0 | 1 | camera | no_target | 0.0297585 | 0 | -0.999557 | 0.0297585 |
SCRIPT       : DATA_LOG | 1495557 | aRapBi1cCZPZAGLIDny3dk3hQ8vTmNTLHRl8zxmKgQ0= | 2184.79 | 314.127 | 6308.24 | -0.704413 | 0.709791 | 0 | SCARH_Black | 1 | 84.534 | 333.269 | 0 | 1 | 1 | 0 | 0 | 0 | 0 | 1 | camera | target | -0.704413 | -0 | 0.709791 | 
SCRIPT       : DATA_LOG | 1495578 | VEZjSxlcpgu1JLRUfHGLLLMsm0wqbyJ6fy2rl33V8jg= | 8032.87 | 6.86592 | 3392.74 | -0.0866835 | -0.996236 | 0 | none | -1 | 180 | 0 | 0 | 0 | 0 | 0 | 0 | 0 | 0 | 1 | camera | no_target | -0.0866835 | 0 | -0.996236 | -0.086683
SCRIPT       : DATA_LOG | 1496556 | aRapBi1cCZPZAGLIDny3dk3hQ8vTmNTLHRl8zxmKgQ0= | 2184.79 | 314.127 | 6308.24 | -0.704413 | 0.709791 | 0 | SCARH_Black | 1 | 84.5342 | 333.277 | 0 | 1 | 1 | 0 | 0 | 0 | 0 | 1 | camera | target | -0.704413 | -0 | 0.709791 |
SCRIPT       : DATA_LOG | 1496574 | VEZjSxlcpgu1JLRUfHGLLLMsm0wqbyJ6fy2rl33V8jg= | 8032.95 | 6.86617 | 3392.76 | -0.124365 | -0.992237 | 0 | none | -1 | 180 | 0 | 0 | 0 | 0 | 0 | 0 | 0 | 0 | 1 | camera | no_target | -0.124365 | 0 | -0.992237 | -0.124365 |
SCRIPT       : DATA_LOG | 1497556 | aRapBi1cCZPZAGLIDny3dk3hQ8vTmNTLHRl8zxmKgQ0= | 2184.79 | 314.127 | 6308.24 | -0.704413 | 0.709791 | 0 | SCARH_Black | 1 | 84.5345 | 333.277 | 0 | 1 | 1 | 0 | 0 | 0 | 0 | 1 | camera | target | -0.704413 | -0 | 0.709791 |
SCRIPT       : DATA_LOG | 1497577 | VEZjSxlcpgu1JLRUfHGLLLMsm0wqbyJ6fy2rl33V8jg= | 8032.93 | 6.86611 | 3392.66 | -0.362348 | -0.932043 | 0 | none | -1 | 180 | 0 | 0 | 0 | 0 | 0 | 0 | 0 | 0 | 1 | camera | no_target | -0.362348 | 0 | -0.932043 | -0.362348 |
SCRIPT       : DATA_LOG | 1498558 | aRapBi1cCZPZAGLIDny3dk3hQ8vTmNTLHRl8zxmKgQ0= | 2184.79 | 314.127 | 6308.24 | -0.704413 | 0.709791 | 0 | SCARH_Black | 1 | 84.5349 | 333.271 | 0 | 1 | 1 | 0 | 0 | 0 | 0 | 1 | camera | target | -0.704413 | -0 | 0.709791 |
SCRIPT       : DATA_LOG | 1498575 | VEZjSxlcpgu1JLRUfHGLLLMsm0wqbyJ6fy2rl33V8jg= | 8032.93 | 6.86611 | 3392.62 | -0.368301 | -0.929707 | 0 | none | -1 | 180 | 0 | 0 | 0 | 0 | 0 | 0 | 0 | 0 | 1 | camera | no_target | -0.368301 | 0 | -0.929707 | -0.368301 |
SCRIPT       : DATA_LOG | 1499564 | aRapBi1cCZPZAGLIDny3dk3hQ8vTmNTLHRl8zxmKgQ0= | 2184.79 | 314.127 | 6308.24 | -0.704413 | 0.709791 | 0 | SCARH_Black | 1 | 84.5334 | 333.279 | 0 | 1 | 1 | 0 | 0 | 0 | 0 | 1 | camera | target | -0.704413 | -0 | 0.709791 |
SCRIPT       : DATA_LOG | 1499586 | VEZjSxlcpgu1JLRUfHGLLLMsm0wqbyJ6fy2rl33V8jg= | 8033.14 | 6.86667 | 3392.5 | -0.463036 | -0.886339 | 0 | none | -1 | 180 | 0 | 0 | 0 | 0 | 0 | 0 | 0 | 0 | 1 | camera | no_target | -0.463036 | 0 | -0.886339 | -0.463036 | 
SCRIPT       : DATA_LOG | 1500564 | aRapBi1cCZPZAGLIDny3dk3hQ8vTmNTLHRl8zxmKgQ0= | 2184.79 | 314.127 | 6308.24 | -0.704413 | 0.709791 | 0 | SCARH_Black | 1 | 84.5347 | 333.26 | 0 | 1 | 1 | 0 | 0 | 0 | 0 | 1 | camera | target | -0.704413 | -0 | 0.709791 | 
SCRIPT       : DATA_LOG | 1500585 | VEZjSxlcpgu1JLRUfHGLLLMsm0wqbyJ6fy2rl33V8jg= | 8033.21 | 6.86685 | 3392.14 | 0.879526 | 0.475851 | 0 | none | -1 | 180 | 0 | 0 | 0 | 0 | 0 | 0 | 0 | 0 | 1 | camera | no_target | 0.879526 | 0 | 0.475851 | 0.879526 | 0 | 
SCRIPT       : DATA_LOG | 1501562 | aRapBi1cCZPZAGLIDny3dk3hQ8vTmNTLHRl8zxmKgQ0= | 2184.79 | 314.127 | 6308.24 | -0.704413 | 0.709791 | 0 | SCARH_Black | 1 | 84.5337 | 333.275 | 0 | 1 | 1 | 0 | 0 | 0 | 0 | 1 | camera | target | -0.704413 | -0 | 0.709791 |
SCRIPT       : DATA_LOG | 1501584 | VEZjSxlcpgu1JLRUfHGLLLMsm0wqbyJ6fy2rl33V8jg= | 8033.16 | 6.86672 | 3392 | 0.279816 | 0.960054 | 0 | none | -1 | 180 | 0 | 0 | 0 | 0 | 0 | 0 | 0 | 0 | 1 | camera | no_target | 0.279816 | 0 | 0.960054 | 0.279816 | 0 | 0.9
SCRIPT       : DATA_LOG | 1502566 | aRapBi1cCZPZAGLIDny3dk3hQ8vTmNTLHRl8zxmKgQ0= | 2184.79 | 314.127 | 6308.24 | -0.704413 | 0.709791 | 0 | SCARH_Black | 1 | 84.534 | 333.271 | 0 | 1 | 1 | 0 | 0 | 0 | 0 | 1 | camera | target | -0.704413 | -0 | 0.709791 | 
SCRIPT       : DATA_LOG | 1502589 | VEZjSxlcpgu1JLRUfHGLLLMsm0wqbyJ6fy2rl33V8jg= | 8033.21 | 6.86686 | 3392.04 | 0.447097 | 0.894486 | 0 | none | -1 | 180 | 0 | 0 | 0 | 0 | 0 | 0 | 0 | 0 | 1 | camera | no_target | 0.447097 | 0 | 0.894486 | 0.447097 | 0 | 
SCRIPT       : DATA_LOG | 1503564 | aRapBi1cCZPZAGLIDny3dk3hQ8vTmNTLHRl8zxmKgQ0= | 2184.65 | 314.114 | 6308.06 | -0.78704 | 0.616902 | 0 | SCARH_Black | 1 | 91.6292 | 333.493 | 0 | 1 | 1 | 0 | 0 | 0 | 0 | 1 | camera | target | -0.78704 | 0 | 0.616902 | -0
SCRIPT       : DATA_LOG | 1503588 | VEZjSxlcpgu1JLRUfHGLLLMsm0wqbyJ6fy2rl33V8jg= | 8033.17 | 6.86675 | 3392.14 | 0.329897 | 0.944017 | 0 | none | -1 | 180 | 0 | 0 | 0 | 0 | 0 | 0 | 0 | 0 | 1 | camera | no_target | 0.329897 | 0 | 0.944017 | 0.329897 | 0 | 
SCRIPT       : DATA_LOG | 1504568 | aRapBi1cCZPZAGLIDny3dk3hQ8vTmNTLHRl8zxmKgQ0= | 2183.07 | 314.091 | 6309.2 | 0.911086 | 0.412217 | 0 | SCARH_Black | 1 | 26.113 | 333.647 | 0 | 1 | 1 | 0 | 0 | 0 | 0 | 1 | camera | target | 0.911086 | 0 | 0.412217 | 0.91
SCRIPT       : DATA_LOG | 1504591 | VEZjSxlcpgu1JLRUfHGLLLMsm0wqbyJ6fy2rl33V8jg= | 8033.68 | 6.8681 | 3392.74 | 0.413473 | 0.910517 | 0 | none | -1 | 180 | 0 | 0 | 0 | 0 | 0 | 0 | 0 | 0 | 1 | camera | no_target | 0.413473 | 0 | 0.910517 | 0.413473 | 0 | 0
SCRIPT       : DATA_LOG | 1505565 | aRapBi1cCZPZAGLIDny3dk3hQ8vTmNTLHRl8zxmKgQ0= | 2184.93 | 314.275 | 6311.67 | 0.987906 | -0.155055 | 0 | SCARH_Black | 1 | 58.9817 | 330.541 | 0 | 1 | 1 | 0 | 0 | 0 | 0 | 1 | camera | target | 0.987906 | 0 | -0.155055 | 
SCRIPT       : DATA_LOG | 1505588 | VEZjSxlcpgu1JLRUfHGLLLMsm0wqbyJ6fy2rl33V8jg= | 8035.45 | 6.87174 | 3395.35 | 0.112108 | 0.993696 | 0 | none | -1 | 180 | 0 | 0 | 0 | 0 | 0 | 0 | 0 | 0 | 1 | camera | no_target | 0.112108 | 0 | 0.993696 | 0.112108 | 0 | 
SCRIPT       : DATA_LOG | 1506581 | aRapBi1cCZPZAGLIDny3dk3hQ8vTmNTLHRl8zxmKgQ0= | 2187.48 | 314.309 | 6309.78 | -0.1301 | -0.991501 | 0 | SCARH_Black | 1 | 147.536 | 330.364 | 0 | 1 | 1 | 0 | 0 | 0 | 0 | 1 | camera | target | -0.1301 | 0 | -0.991501 | -0
SCRIPT       : DATA_LOG | 1506609 | VEZjSxlcpgu1JLRUfHGLLLMsm0wqbyJ6fy2rl33V8jg= | 8034.22 | 6.86951 | 3393.45 | -0.37773 | 0.925916 | 0 | none | -1 | 180 | 0 | 0 | 0 | 0 | 0 | 0 | 0 | 0 | 1 | camera | no_target | -0.37773 | 0 | 0.925916 | -0.37773 | 0 | 
SCRIPT       : DATA_LOG | 1507571 | aRapBi1cCZPZAGLIDny3dk3hQ8vTmNTLHRl8zxmKgQ0= | 2187.54 | 314.309 | 6309.7 | -0.1301 | -0.991501 | 0 | SCARH_Black | 1 | 147.552 | 330.366 | 0 | 1 | 1 | 0 | 0 | 0 | 0 | 1 | camera | none | -0.1301 | 0 | -0.991501 | -0.13
SCRIPT       : DATA_LOG | 1507593 | VEZjSxlcpgu1JLRUfHGLLLMsm0wqbyJ6fy2rl33V8jg= | 8034.16 | 6.86935 | 3393.42 | -0.37773 | 0.925916 | 0 | none | -1 | 180 | 0 | 0 | 0 | 0 | 0 | 0 | 0 | 0 | 1 | camera | no_target | -0.37773 | 0 | 0.925916 | -0.37773 | 0 | 
SCRIPT       : DATA_LOG | 1508570 | aRapBi1cCZPZAGLIDny3dk3hQ8vTmNTLHRl8zxmKgQ0= | 2187.54 | 314.309 | 6309.7 | -0.1301 | -0.991501 | 0 | SCARH_Black | 1 | 147.552 | 330.378 | 0 | 1 | 1 | 0 | 0 | 0 | 0 | 1 | camera | target | -0.1301 | 0 | -0.991501 | -0.
SCRIPT       : DATA_LOG | 1508592 | VEZjSxlcpgu1JLRUfHGLLLMsm0wqbyJ6fy2rl33V8jg= | 8034.16 | 6.86935 | 3393.42 | -0.37773 | 0.925916 | 0 | none | -1 | 180 | 0 | 0 | 0 | 0 | 0 | 0 | 0 | 0 | 1 | camera | no_target | -0.37773 | 0 | 0.925916 | -0.37773 | 0 | 
SCRIPT       : DATA_LOG | 1509576 | aRapBi1cCZPZAGLIDny3dk3hQ8vTmNTLHRl8zxmKgQ0= | 2187.54 | 314.309 | 6309.7 | -0.1301 | -0.991501 | 0 | SCARH_Black | 1 | 147.552 | 330.379 | 0 | 1 | 1 | 0 | 0 | 0 | 0 | 1 | camera | target | -0.1301 | 0 | -0.991501 | -0.
SCRIPT       : DATA_LOG | 1509599 | VEZjSxlcpgu1JLRUfHGLLLMsm0wqbyJ6fy2rl33V8jg= | 8034.16 | 6.86935 | 3393.42 | -0.37773 | 0.925916 | 0 | none | -1 | 180 | 0 | 0 | 0 | 0 | 0 | 0 | 0 | 0 | 1 | camera | no_target | -0.37773 | -0 | 0.925916 | -0.37773 | 0 |
SCRIPT       : DATA_LOG | 1510573 | aRapBi1cCZPZAGLIDny3dk3hQ8vTmNTLHRl8zxmKgQ0= | 2187.54 | 314.309 | 6309.7 | -0.1301 | -0.991501 | 0 | SCARH_Black | 1 | 147.552 | 330.381 | 0 | 1 | 1 | 0 | 0 | 0 | 0 | 1 | camera | target | -0.1301 | 0 | -0.991501 | -0.
SCRIPT       : DATA_LOG | 1510597 | VEZjSxlcpgu1JLRUfHGLLLMsm0wqbyJ6fy2rl33V8jg= | 8034.16 | 6.86935 | 3393.42 | -0.37773 | 0.925916 | 0 | none | -1 | 180 | 0 | 0 | 0 | 0 | 0 | 0 | 0 | 0 | 1 | camera | no_target | -0.37773 | -0 | 0.925916 | -0.37773 | 0 |
SCRIPT       : DATA_LOG | 1511576 | aRapBi1cCZPZAGLIDny3dk3hQ8vTmNTLHRl8zxmKgQ0= | 2187.54 | 314.309 | 6309.7 | -0.1301 | -0.991501 | 0 | SCARH_Black | 1 | 147.552 | 330.385 | 0 | 1 | 1 | 0 | 0 | 0 | 0 | 1 | camera | target | -0.1301 | 0 | -0.991501 | -0.
SCRIPT       : DATA_LOG | 1511599 | VEZjSxlcpgu1JLRUfHGLLLMsm0wqbyJ6fy2rl33V8jg= | 8034.16 | 6.86935 | 3393.42 | -0.37773 | 0.925916 | 0 | none | -1 | 180 | 0 | 0 | 0 | 0 | 0 | 0 | 0 | 0 | 1 | camera | no_target | -0.37773 | -0 | 0.925916 | -0.37773 | 0 |
SCRIPT       : DATA_LOG | 1512579 | aRapBi1cCZPZAGLIDny3dk3hQ8vTmNTLHRl8zxmKgQ0= | 2187.54 | 314.309 | 6309.7 | -0.1301 | -0.991501 | 0 | SCARH_Black | 1 | 147.551 | 330.376 | 0 | 1 | 1 | 0 | 0 | 0 | 0 | 1 | camera | target | -0.1301 | 0 | -0.991501 | -0.
SCRIPT       : DATA_LOG | 1512601 | VEZjSxlcpgu1JLRUfHGLLLMsm0wqbyJ6fy2rl33V8jg= | 8033.36 | 6.86726 | 3391.66 | -0.0223956 | -0.999749 | 0 | none | -1 | 180 | 0 | 0 | 0 | 0 | 0 | 0 | 0 | 0 | 1 | camera | no_target | -0.0223956 | 0 | -0.999749 | -0.022395
SCRIPT       : DATA_LOG | 1513582 | aRapBi1cCZPZAGLIDny3dk3hQ8vTmNTLHRl8zxmKgQ0= | 2187.54 | 314.309 | 6309.7 | -0.1301 | -0.991501 | 0 | SCARH_Black | 1 | 147.553 | 330.387 | 0 | 1 | 1 | 0 | 0 | 0 | 0 | 1 | camera | target | -0.1301 | 0 | -0.991501 | -0.
SCRIPT       : DATA_LOG | 1513612 | VEZjSxlcpgu1JLRUfHGLLLMsm0wqbyJ6fy2rl33V8jg= | 8032.13 | 6.86155 | 3389.64 | -0.650338 | -0.759645 | 0 | none | -1 | 180 | 0 | 0 | 0 | 0 | 0 | 0 | 0 | 0 | 1 | camera | no_target | -0.650338 | 0 | -0.759645 | -0.650338 |
SCRIPT       : DATA_LOG | 1514586 | aRapBi1cCZPZAGLIDny3dk3hQ8vTmNTLHRl8zxmKgQ0= | 2187.54 | 314.309 | 6309.7 | -0.1301 | -0.991501 | 0 | SCARH_Black | 1 | 147.552 | 330.369 | 0 | 1 | 1 | 0 | 0 | 0 | 0 | 1 | camera | none | -0.1301 | 0 | -0.991501 | -0.13
SCRIPT       : DATA_LOG | 1514610 | VEZjSxlcpgu1JLRUfHGLLLMsm0wqbyJ6fy2rl33V8jg= | 8031.82 | 6.85925 | 3390.23 | -0.987633 | -0.156786 | 0 | none | -1 | 180 | 0 | 0 | 0 | 0 | 0 | 0 | 0 | 0 | 1 | camera | no_target | -0.987633 | 0 | -0.156786 | -0.987633 |
SCRIPT       : DATA_LOG | 1515588 | aRapBi1cCZPZAGLIDny3dk3hQ8vTmNTLHRl8zxmKgQ0= | 2187.54 | 314.309 | 6309.7 | -0.1301 | -0.991501 | 0 | SCARH_Black | 1 | 147.552 | 330.375 | 0 | 1 | 1 | 0 | 0 | 0 | 0 | 1 | camera | target | -0.1301 | 0 | -0.991501 | -0.
SCRIPT       : DATA_LOG | 1515608 | VEZjSxlcpgu1JLRUfHGLLLMsm0wqbyJ6fy2rl33V8jg= | 8031.82 | 6.85925 | 3390.23 | -0.987633 | -0.156786 | 0 | none | -1 | 180 | 0 | 0 | 0 | 0 | 0 | 0 | 0 | 0 | 1 | camera | no_target | -0.987633 | 0 | -0.156786 | -0.987633 |
SCRIPT       : DATA_LOG | 1516585 | aRapBi1cCZPZAGLIDny3dk3hQ8vTmNTLHRl8zxmKgQ0= | 2187.54 | 314.309 | 6309.7 | -0.1301 | -0.991501 | 0 | SCARH_Black | 1 | 147.552 | 330.382 | 0 | 1 | 1 | 0 | 0 | 0 | 0 | 1 | camera | target | -0.1301 | 0 | -0.991501 | -0.
SCRIPT       : DATA_LOG | 1516611 | VEZjSxlcpgu1JLRUfHGLLLMsm0wqbyJ6fy2rl33V8jg= | 8031.41 | 6.85117 | 3386.17 | -0.373224 | -0.927741 | 0 | none | -1 | 180 | 0 | 0 | 0 | 0 | 0 | 0 | 0 | 0 | 1 | camera | no_target | -0.373224 | 0 | -0.927741 | -0.373224 |
SCRIPT       : DATA_LOG | 1517587 | aRapBi1cCZPZAGLIDny3dk3hQ8vTmNTLHRl8zxmKgQ0= | 2187.54 | 314.309 | 6309.7 | -0.1301 | -0.991501 | 0 | SCARH_Black | 1 | 147.552 | 330.379 | 0 | 1 | 1 | 0 | 0 | 0 | 0 | 1 | camera | target | -0.1301 | 0 | -0.991501 | -0.
SCRIPT       : DATA_LOG | 1517611 | VEZjSxlcpgu1JLRUfHGLLLMsm0wqbyJ6fy2rl33V8jg= | 8028.17 | 7.09586 | 3380.28 | -0.546771 | -0.837282 | 0 | none | -1 | 180 | 0 | 0 | 0 | 0 | 0 | 0 | 0 | 0 | 1 | camera | no_target | -0.546771 | 0 | -0.837282 | -0.546771 |
SCRIPT       : DATA_LOG | 1518586 | aRapBi1cCZPZAGLIDny3dk3hQ8vTmNTLHRl8zxmKgQ0= | 2187.54 | 314.309 | 6309.7 | -0.1301 | -0.991501 | 0 | SCARH_Black | 1 | 147.552 | 330.386 | 0 | 1 | 1 | 0 | 0 | 0 | 0 | 1 | camera | target | -0.1301 | 0 | -0.991501 | -0.
SCRIPT       : DATA_LOG | 1518610 | VEZjSxlcpgu1JLRUfHGLLLMsm0wqbyJ6fy2rl33V8jg= | 8024.74 | 6.76621 | 3377.64 | -0.550115 | -0.835089 | 0 | none | -1 | 180 | 0 | 0 | 0 | 0 | 0 | 0 | 0 | 0 | 1 | camera | no_target | -0.550115 | 0 | -0.835089 | -0.550115 |
SCRIPT       : DATA_LOG | 1519620 | aRapBi1cCZPZAGLIDny3dk3hQ8vTmNTLHRl8zxmKgQ0= | 2187.54 | 314.309 | 6309.7 | -0.1301 | -0.991501 | 0 | SCARH_Black | 1 | 147.552 | 330.378 | 0 | 1 | 1 | 0 | 0 | 0 | 0 | 1 | camera | target | -0.1301 | 0 | -0.991501 | -0.
SCRIPT       : DATA_LOG | 1519646 | VEZjSxlcpgu1JLRUfHGLLLMsm0wqbyJ6fy2rl33V8jg= | 8018.9 | 6.68192 | 3375.02 | -0.550357 | -0.834929 | 0 | none | -1 | 180 | 0 | 0 | 0 | 0 | 0 | 0 | 0 | 0 | 1 | camera | no_target | -0.550357 | 0 | -0.834929 | -0.550357 | 
SCRIPT       : DATA_LOG | 1520626 | aRapBi1cCZPZAGLIDny3dk3hQ8vTmNTLHRl8zxmKgQ0= | 2187.54 | 314.309 | 6309.7 | -0.1301 | -0.991501 | 0 | SCARH_Black | 1 | 147.553 | 330.386 | 0 | 1 | 1 | 0 | 0 | 0 | 0 | 1 | camera | target | -0.1301 | 0 | -0.991501 | -0.
SCRIPT       : DATA_LOG | 1520652 | VEZjSxlcpgu1JLRUfHGLLLMsm0wqbyJ6fy2rl33V8jg= | 8015.93 | 6.5149 | 3368.72 | -0.550357 | -0.834929 | 0 | none | -1 | 180 | 0 | 0 | 0 | 0 | 0 | 0 | 0 | 0 | 1 | camera | no_target | -0.550357 | 0 | -0.834929 | -0.550357 | 
SCRIPT       : DATA_LOG | 1521623 | aRapBi1cCZPZAGLIDny3dk3hQ8vTmNTLHRl8zxmKgQ0= | 2187.54 | 314.309 | 6309.7 | -0.1301 | -0.991501 | 0 | SCARH_Black | 1 | 147.552 | 330.372 | 0 | 1 | 1 | 0 | 0 | 0 | 0 | 1 | camera | target | -0.1301 | 0 | -0.991501 | -0.
SCRIPT       : DATA_LOG | 1521647 | VEZjSxlcpgu1JLRUfHGLLLMsm0wqbyJ6fy2rl33V8jg= | 8012.41 | 6.43415 | 3363.2 | -0.550357 | -0.834929 | 0 | none | -1 | 180 | 0 | 0 | 0 | 0 | 0 | 0 | 0 | 0 | 1 | camera | no_target | -0.550357 | 0 | -0.834929 | -0.550357 | 
SCRIPT       : DATA_LOG | 1522744 | aRapBi1cCZPZAGLIDny3dk3hQ8vTmNTLHRl8zxmKgQ0= | 2187.54 | 314.309 | 6309.7 | -0.1301 | -0.991501 | 0 | SCARH_Black | 1 | 147.552 | 330.372 | 0 | 1 | 1 | 0 | 0 | 0 | 0 | 1 | camera | target | -0.1301 | 0 | -0.991501 | -0.
SCRIPT       : DATA_LOG | 1522767 | VEZjSxlcpgu1JLRUfHGLLLMsm0wqbyJ6fy2rl33V8jg= | 8008.69 | 6.38823 | 3357.56 | -0.550357 | -0.834929 | 0 | none | -1 | 180 | 0 | 0 | 0 | 0 | 0 | 0 | 0 | 0 | 1 | camera | no_target | -0.550357 | 0 | -0.834929 | -0.550357 |
SCRIPT       : DATA_LOG | 1523744 | aRapBi1cCZPZAGLIDny3dk3hQ8vTmNTLHRl8zxmKgQ0= | 2187.54 | 314.309 | 6309.7 | -0.1301 | -0.991501 | 0 | SCARH_Black | 1 | 147.552 | 330.382 | 0 | 1 | 1 | 0 | 0 | 0 | 0 | 1 | camera | target | -0.1301 | 0 | -0.991501 | -0.
SCRIPT       : DATA_LOG | 1523770 | VEZjSxlcpgu1JLRUfHGLLLMsm0wqbyJ6fy2rl33V8jg= | 8004.47 | 6.32104 | 3351.16 | -0.550357 | -0.834929 | 0 | none | -1 | 180 | 0 | 0 | 0 | 0 | 0 | 0 | 0 | 0 | 1 | camera | no_target | -0.550357 | 0 | -0.834929 | -0.550357 |
SCRIPT       : DATA_LOG | 1524742 | aRapBi1cCZPZAGLIDny3dk3hQ8vTmNTLHRl8zxmKgQ0= | 2187.54 | 314.309 | 6309.7 | -0.1301 | -0.991501 | 0 | SCARH_Black | 1 | 147.552 | 330.379 | 0 | 1 | 1 | 0 | 0 | 0 | 0 | 1 | camera | target | -0.1301 | 0 | -0.991501 | -0.
SCRIPT       : DATA_LOG | 1524768 | VEZjSxlcpgu1JLRUfHGLLLMsm0wqbyJ6fy2rl33V8jg= | 8000.75 | 6.25217 | 3345.52 | -0.550357 | -0.834929 | 0 | none | -1 | 180 | 0 | 0 | 0 | 0 | 0 | 0 | 0 | 0 | 1 | camera | no_target | -0.550357 | 0 | -0.834929 | -0.550357 |
SCRIPT       : DATA_LOG | 1525748 | aRapBi1cCZPZAGLIDny3dk3hQ8vTmNTLHRl8zxmKgQ0= | 2187.54 | 314.309 | 6309.7 | -0.1301 | -0.991501 | 0 | SCARH_Black | 1 | 147.552 | 330.386 | 0 | 1 | 1 | 0 | 0 | 0 | 0 | 1 | camera | target | -0.1301 | 0 | -0.991501 | -0.
SCRIPT       : DATA_LOG | 1525771 | VEZjSxlcpgu1JLRUfHGLLLMsm0wqbyJ6fy2rl33V8jg= | 7995.98 | 6.10463 | 3340.96 | -0.550357 | -0.834929 | 0 | none | -1 | 180 | 0 | 0 | 0 | 0 | 0 | 0 | 0 | 0 | 1 | camera | no_target | -0.550357 | 0 | -0.834929 | -0.550357 |
SCRIPT       : DATA_LOG | 1526749 | aRapBi1cCZPZAGLIDny3dk3hQ8vTmNTLHRl8zxmKgQ0= | 2187.54 | 314.309 | 6309.7 | -0.1301 | -0.991501 | 0 | SCARH_Black | 1 | 147.552 | 330.378 | 0 | 1 | 1 | 0 | 0 | 0 | 0 | 1 | camera | target | -0.1301 | 0 | -0.991501 | -0.
SCRIPT       : DATA_LOG | 1526773 | VEZjSxlcpgu1JLRUfHGLLLMsm0wqbyJ6fy2rl33V8jg= | 7991.31 | 6.0109 | 3339.63 | -0.550357 | -0.834929 | 0 | none | -1 | 180 | 0 | 0 | 0 | 0 | 0 | 0 | 0 | 0 | 1 | camera | no_target | -0.550357 | 0 | -0.834929 | -0.550357 | 
SCRIPT       : DATA_LOG | 1527751 | aRapBi1cCZPZAGLIDny3dk3hQ8vTmNTLHRl8zxmKgQ0= | 2187.54 | 314.309 | 6309.7 | -0.1301 | -0.991501 | 0 | SCARH_Black | 1 | 147.553 | 330.386 | 0 | 1 | 1 | 0 | 0 | 0 | 0 | 1 | camera | target | -0.1301 | 0 | -0.991501 | -0.
SCRIPT       : DATA_LOG | 1527775 | VEZjSxlcpgu1JLRUfHGLLLMsm0wqbyJ6fy2rl33V8jg= | 7991.31 | 6.0109 | 3339.63 | -0.550357 | -0.834929 | 0 | none | -1 | 180 | 0 | 0 | 0 | 0 | 0 | 0 | 0 | 0 | 1 | camera | no_target | -0.550357 | 0 | -0.834929 | -0.550357 | 
SCRIPT       : DATA_LOG | 1528747 | aRapBi1cCZPZAGLIDny3dk3hQ8vTmNTLHRl8zxmKgQ0= | 2187.54 | 314.309 | 6309.7 | -0.1301 | -0.991501 | 0 | SCARH_Black | 1 | 147.552 | 330.373 | 0 | 1 | 1 | 0 | 0 | 0 | 0 | 1 | camera | target | -0.1301 | 0 | -0.991501 | -0.
SCRIPT       : DATA_LOG | 1528775 | VEZjSxlcpgu1JLRUfHGLLLMsm0wqbyJ6fy2rl33V8jg= | 7991.31 | 6.0109 | 3339.63 | -0.550357 | -0.834929 | 0 | none | -1 | 180 | 0 | 0 | 0 | 0 | 0 | 0 | 0 | 0 | 1 | camera | no_target | -0.550357 | 0 | -0.834929 | -0.550357 | 
SCRIPT       : DATA_LOG | 1529750 | aRapBi1cCZPZAGLIDny3dk3hQ8vTmNTLHRl8zxmKgQ0= | 2187.54 | 314.309 | 6309.7 | -0.1301 | -0.991501 | 0 | SCARH_Black | 1 | 147.552 | 330.372 | 0 | 1 | 1 | 0 | 0 | 0 | 0 | 1 | camera | target | -0.1301 | 0 | -0.991501 | -0.
SCRIPT       : DATA_LOG | 1529774 | VEZjSxlcpgu1JLRUfHGLLLMsm0wqbyJ6fy2rl33V8jg= | 7991.31 | 6.0109 | 3339.63 | -0.550357 | -0.834929 | 0 | none | -1 | 180 | 0 | 0 | 0 | 0 | 0 | 0 | 0 | 0 | 1 | camera | no_target | -0.550357 | 0 | -0.834929 | -0.550357 | 
SCRIPT       : DATA_LOG | 1530751 | aRapBi1cCZPZAGLIDny3dk3hQ8vTmNTLHRl8zxmKgQ0= | 2187.54 | 314.309 | 6309.7 | -0.1301 | -0.991501 | 0 | SCARH_Black | 1 | 147.553 | 330.383 | 0 | 1 | 1 | 0 | 0 | 0 | 0 | 1 | camera | target | -0.1301 | 0 | -0.991501 | -0.
SCRIPT       : DATA_LOG | 1530774 | VEZjSxlcpgu1JLRUfHGLLLMsm0wqbyJ6fy2rl33V8jg= | 7991.31 | 6.0109 | 3339.63 | -0.550357 | -0.834929 | 0 | none | -1 | 180 | 0 | 0 | 0 | 0 | 0 | 0 | 0 | 0 | 1 | camera | no_target | -0.550357 | 0 | -0.834929 | -0.550357 | 
SCRIPT       : DATA_LOG | 1531754 | aRapBi1cCZPZAGLIDny3dk3hQ8vTmNTLHRl8zxmKgQ0= | 2187.54 | 314.309 | 6309.7 | -0.1301 | -0.991501 | 0 | SCARH_Black | 1 | 147.552 | 330.377 | 0 | 1 | 1 | 0 | 0 | 0 | 0 | 1 | camera | target | -0.1301 | 0 | -0.991501 | -0.
SCRIPT       : DATA_LOG | 1531778 | VEZjSxlcpgu1JLRUfHGLLLMsm0wqbyJ6fy2rl33V8jg= | 7991.31 | 6.0109 | 3339.63 | -0.550357 | -0.834929 | 0 | none | -1 | 180 | 0 | 0 | 0 | 0 | 0 | 0 | 0 | 0 | 1 | camera | no_target | -0.550357 | 0 | -0.834929 | -0.550357 | 
SCRIPT       : DATA_LOG | 1532755 | aRapBi1cCZPZAGLIDny3dk3hQ8vTmNTLHRl8zxmKgQ0= | 2187.54 | 314.309 | 6309.7 | -0.1301 | -0.991501 | 0 | SCARH_Black | 1 | 147.552 | 330.386 | 0 | 1 | 1 | 0 | 0 | 0 | 0 | 1 | camera | target | -0.1301 | 0 | -0.991501 | -0.
SCRIPT       : DATA_LOG | 1532780 | VEZjSxlcpgu1JLRUfHGLLLMsm0wqbyJ6fy2rl33V8jg= | 7991.31 | 6.0109 | 3339.63 | -0.550357 | -0.834929 | 0 | none | -1 | 180 | 0 | 0 | 0 | 0 | 0 | 0 | 0 | 0 | 1 | camera | no_target | -0.550357 | 0 | -0.834929 | -0.550357 | 
SCRIPT       : DATA_LOG | 1533756 | aRapBi1cCZPZAGLIDny3dk3hQ8vTmNTLHRl8zxmKgQ0= | 2187.54 | 314.309 | 6309.7 | -0.1301 | -0.991501 | 0 | SCARH_Black | 1 | 147.552 | 330.38 | 0 | 1 | 1 | 0 | 0 | 0 | 0 | 1 | camera | target | -0.1301 | 0 | -0.991501 | -0.1
SCRIPT       : DATA_LOG | 1533780 | VEZjSxlcpgu1JLRUfHGLLLMsm0wqbyJ6fy2rl33V8jg= | 7991.31 | 6.0109 | 3339.63 | -0.550357 | -0.834929 | 0 | none | -1 | 180 | 0 | 0 | 0 | 0 | 0 | 0 | 0 | 0 | 1 | camera | no_target | -0.550357 | 0 | -0.834929 | -0.550357 | 
SCRIPT       : DATA_LOG | 1534762 | aRapBi1cCZPZAGLIDny3dk3hQ8vTmNTLHRl8zxmKgQ0= | 2187.54 | 314.309 | 6309.7 | -0.1301 | -0.991501 | 0 | SCARH_Black | 1 | 147.552 | 330.384 | 0 | 1 | 1 | 0 | 0 | 0 | 0 | 1 | camera | target | -0.1301 | 0 | -0.991501 | -0.
SCRIPT       : DATA_LOG | 1534790 | VEZjSxlcpgu1JLRUfHGLLLMsm0wqbyJ6fy2rl33V8jg= | 7991.31 | 6.0109 | 3339.63 | -0.550357 | -0.834929 | 0 | none | -1 | 180 | 0 | 0 | 0 | 0 | 0 | 0 | 0 | 0 | 1 | camera | no_target | -0.550357 | 0 | -0.834929 | -0.550357 | 
SCRIPT       : DATA_LOG | 1535878 | aRapBi1cCZPZAGLIDny3dk3hQ8vTmNTLHRl8zxmKgQ0= | 2187.54 | 314.309 | 6309.7 | -0.1301 | -0.991501 | 0 | SCARH_Black | 1 | 147.553 | 330.378 | 0 | 1 | 1 | 0 | 0 | 0 | 0 | 1 | camera | target | -0.1301 | 0 | -0.991501 | -0.
SCRIPT       : DATA_LOG | 1535906 | VEZjSxlcpgu1JLRUfHGLLLMsm0wqbyJ6fy2rl33V8jg= | 7991.31 | 6.0109 | 3339.63 | -0.550357 | -0.834929 | 0 | none | -1 | 180 | 0 | 0 | 0 | 0 | 0 | 0 | 0 | 0 | 1 | camera | no_target | -0.550357 | 0 | -0.834929 | -0.550357 | 
SCRIPT       : DATA_LOG | 1536881 | aRapBi1cCZPZAGLIDny3dk3hQ8vTmNTLHRl8zxmKgQ0= | 2187.54 | 314.309 | 6309.7 | -0.1301 | -0.991501 | 0 | SCARH_Black | 1 | 147.552 | 330.369 | 0 | 1 | 1 | 0 | 0 | 0 | 0 | 1 | camera | target | -0.1301 | 0 | -0.991501 | -0.
SCRIPT       : DATA_LOG | 1536908 | VEZjSxlcpgu1JLRUfHGLLLMsm0wqbyJ6fy2rl33V8jg= | 7991.31 | 6.0109 | 3339.63 | -0.550357 | -0.834929 | 0 | none | -1 | 180 | 0 | 0 | 0 | 0 | 0 | 0 | 0 | 0 | 1 | camera | no_target | -0.550357 | 0 | -0.834929 | -0.550357 | 
SCRIPT       : DATA_LOG | 1537874 | aRapBi1cCZPZAGLIDny3dk3hQ8vTmNTLHRl8zxmKgQ0= | 2187.54 | 314.309 | 6309.7 | -0.1301 | -0.991501 | 0 | SCARH_Black | 1 | 147.553 | 330.384 | 0 | 1 | 1 | 0 | 0 | 0 | 0 | 1 | camera | target | -0.1301 | 0 | -0.991501 | -0.
SCRIPT       : DATA_LOG | 1537896 | VEZjSxlcpgu1JLRUfHGLLLMsm0wqbyJ6fy2rl33V8jg= | 7991.31 | 6.0109 | 3339.63 | -0.550357 | -0.834929 | 0 | none | -1 | 180 | 0 | 0 | 0 | 0 | 0 | 0 | 0 | 0 | 1 | camera | no_target | -0.550357 | 0 | -0.834929 | -0.550357 | 
SCRIPT       : DATA_LOG | 1538881 | aRapBi1cCZPZAGLIDny3dk3hQ8vTmNTLHRl8zxmKgQ0= | 2187.54 | 314.309 | 6309.7 | -0.1301 | -0.991501 | 0 | SCARH_Black | 1 | 147.552 | 330.375 | 0 | 1 | 1 | 0 | 0 | 0 | 0 | 1 | camera | target | -0.1301 | 0 | -0.991501 | -0.
SCRIPT       : DATA_LOG | 1538905 | VEZjSxlcpgu1JLRUfHGLLLMsm0wqbyJ6fy2rl33V8jg= | 7991.31 | 6.0109 | 3339.63 | -0.550357 | -0.834929 | 0 | none | -1 | 180 | 0 | 0 | 0 | 0 | 0 | 0 | 0 | 0 | 1 | camera | no_target | -0.550357 | 0 | -0.834929 | -0.550357 | 
SCRIPT       : DATA_LOG | 1539882 | aRapBi1cCZPZAGLIDny3dk3hQ8vTmNTLHRl8zxmKgQ0= | 2187.54 | 314.309 | 6309.7 | -0.1301 | -0.991501 | 0 | SCARH_Black | 1 | 147.552 | 330.385 | 0 | 1 | 1 | 0 | 0 | 0 | 0 | 1 | camera | target | -0.1301 | 0 | -0.991501 | -0.
SCRIPT       : DATA_LOG | 1539909 | VEZjSxlcpgu1JLRUfHGLLLMsm0wqbyJ6fy2rl33V8jg= | 7991.31 | 6.0109 | 3339.63 | -0.550357 | -0.834929 | 0 | none | -1 | 180 | 0 | 0 | 0 | 0 | 0 | 0 | 0 | 0 | 1 | camera | no_target | -0.550357 | 0 | -0.834929 | -0.550357 | 
SCRIPT       : DATA_LOG | 1540884 | aRapBi1cCZPZAGLIDny3dk3hQ8vTmNTLHRl8zxmKgQ0= | 2187.54 | 314.309 | 6309.7 | -0.1301 | -0.991501 | 0 | SCARH_Black | 1 | 147.552 | 330.382 | 0 | 1 | 1 | 0 | 0 | 0 | 0 | 1 | camera | target | -0.1301 | 0 | -0.991501 | -0.
SCRIPT       : DATA_LOG | 1540907 | VEZjSxlcpgu1JLRUfHGLLLMsm0wqbyJ6fy2rl33V8jg= | 7991.31 | 6.0109 | 3339.63 | -0.550357 | -0.834929 | 0 | none | -1 | 180 | 0 | 0 | 0 | 0 | 0 | 0 | 0 | 0 | 1 | camera | no_target | -0.550357 | 0 | -0.834929 | -0.550357 | 
SCRIPT       : DATA_LOG | 1541892 | aRapBi1cCZPZAGLIDny3dk3hQ8vTmNTLHRl8zxmKgQ0= | 2187.54 | 314.309 | 6309.7 | -0.1301 | -0.991501 | 0 | SCARH_Black | 1 | 147.552 | 330.381 | 0 | 1 | 1 | 0 | 0 | 0 | 0 | 1 | camera | target | -0.1301 | 0 | -0.991501 | -0.
SCRIPT       : DATA_LOG | 1541919 | VEZjSxlcpgu1JLRUfHGLLLMsm0wqbyJ6fy2rl33V8jg= | 7991.31 | 6.0109 | 3339.63 | -0.550357 | -0.834929 | 0 | none | -1 | 180 | 0 | 0 | 0 | 0 | 0 | 0 | 0 | 0 | 1 | camera | no_target | -0.550357 | 0 | -0.834929 | -0.550357 | 
SCRIPT       : DATA_LOG | 1542893 | aRapBi1cCZPZAGLIDny3dk3hQ8vTmNTLHRl8zxmKgQ0= | 2187.54 | 314.309 | 6309.7 | -0.1301 | -0.991501 | 0 | SCARH_Black | 1 | 147.553 | 330.381 | 0 | 1 | 1 | 0 | 0 | 0 | 0 | 1 | camera | target | -0.1301 | 0 | -0.991501 | -0.
SCRIPT       : DATA_LOG | 1542916 | VEZjSxlcpgu1JLRUfHGLLLMsm0wqbyJ6fy2rl33V8jg= | 7991.31 | 6.0109 | 3339.63 | -0.550357 | -0.834929 | 0 | none | -1 | 180 | 0 | 0 | 0 | 0 | 0 | 0 | 0 | 0 | 1 | camera | no_target | -0.550357 | 0 | -0.834929 | -0.550357 | 
SCRIPT       : DATA_LOG | 1543884 | aRapBi1cCZPZAGLIDny3dk3hQ8vTmNTLHRl8zxmKgQ0= | 2187.54 | 314.309 | 6309.7 | -0.1301 | -0.991501 | 0 | SCARH_Black | 1 | 147.552 | 330.367 | 0 | 1 | 1 | 0 | 0 | 0 | 0 | 1 | camera | none | -0.1301 | 0 | -0.991501 | -0.13
SCRIPT       : DATA_LOG | 1543909 | VEZjSxlcpgu1JLRUfHGLLLMsm0wqbyJ6fy2rl33V8jg= | 7991.31 | 6.0109 | 3339.63 | -0.550357 | -0.834929 | 0 | none | -1 | 180 | 0 | 0 | 0 | 0 | 0 | 0 | 0 | 0 | 1 | camera | no_target | -0.550357 | 0 | -0.834929 | -0.550357 | 
SCRIPT       : DATA_LOG | 1544892 | aRapBi1cCZPZAGLIDny3dk3hQ8vTmNTLHRl8zxmKgQ0= | 2187.54 | 314.309 | 6309.7 | -0.1301 | -0.991501 | 0 | SCARH_Black | 1 | 147.553 | 330.384 | 0 | 1 | 1 | 0 | 0 | 0 | 0 | 1 | camera | target | -0.1301 | 0 | -0.991501 | -0.
SCRIPT       : DATA_LOG | 1544921 | VEZjSxlcpgu1JLRUfHGLLLMsm0wqbyJ6fy2rl33V8jg= | 7991.31 | 6.0109 | 3339.63 | -0.550357 | -0.834929 | 0 | none | -1 | 180 | 0 | 0 | 0 | 0 | 0 | 0 | 0 | 0 | 1 | camera | no_target | -0.550357 | 0 | -0.834929 | -0.550357 | 
SCRIPT       : DATA_LOG | 1545890 | aRapBi1cCZPZAGLIDny3dk3hQ8vTmNTLHRl8zxmKgQ0= | 2187.54 | 314.309 | 6309.7 | -0.1301 | -0.991501 | 0 | SCARH_Black | 1 | 147.552 | 330.375 | 0 | 1 | 1 | 0 | 0 | 0 | 0 | 1 | camera | none | -0.1301 | 0 | -0.991501 | -0.13
SCRIPT       : DATA_LOG | 1545912 | VEZjSxlcpgu1JLRUfHGLLLMsm0wqbyJ6fy2rl33V8jg= | 7991.31 | 6.0109 | 3339.63 | -0.550357 | -0.834929 | 0 | none | -1 | 180 | 0 | 0 | 0 | 0 | 0 | 0 | 0 | 0 | 1 | camera | no_target | -0.550357 | 0 | -0.834929 | -0.550357 | 
SCRIPT       : DATA_LOG | 1546888 | aRapBi1cCZPZAGLIDny3dk3hQ8vTmNTLHRl8zxmKgQ0= | 2187.54 | 314.309 | 6309.7 | -0.1301 | -0.991501 | 0 | SCARH_Black | 1 | 147.552 | 330.384 | 0 | 1 | 1 | 0 | 0 | 0 | 0 | 1 | camera | target | -0.1301 | 0 | -0.991501 | -0.
SCRIPT       : DATA_LOG | 1546909 | VEZjSxlcpgu1JLRUfHGLLLMsm0wqbyJ6fy2rl33V8jg= | 7991.31 | 6.0109 | 3339.63 | -0.550357 | -0.834929 | 0 | none | -1 | 180 | 0 | 0 | 0 | 0 | 0 | 0 | 0 | 0 | 1 | camera | no_target | -0.550357 | 0 | -0.834929 | -0.550357 | 
SCRIPT       : DATA_LOG | 1547889 | aRapBi1cCZPZAGLIDny3dk3hQ8vTmNTLHRl8zxmKgQ0= | 2187.54 | 314.309 | 6309.7 | -0.1301 | -0.991501 | 0 | SCARH_Black | 1 | 147.552 | 330.383 | 0 | 1 | 1 | 0 | 0 | 0 | 0 | 1 | camera | target | -0.1301 | 0 | -0.991501 | -0.
SCRIPT       : DATA_LOG | 1547913 | VEZjSxlcpgu1JLRUfHGLLLMsm0wqbyJ6fy2rl33V8jg= | 7991.31 | 6.0109 | 3339.63 | -0.550357 | -0.834929 | 0 | none | -1 | 180 | 0 | 0 | 0 | 0 | 0 | 0 | 0 | 0 | 1 | camera | no_target | -0.550357 | 0 | -0.834929 | -0.550357 | 
SCRIPT       : DATA_LOG | 1548894 | aRapBi1cCZPZAGLIDny3dk3hQ8vTmNTLHRl8zxmKgQ0= | 2187.54 | 314.309 | 6309.7 | -0.1301 | -0.991501 | 0 | SCARH_Black | 1 | 147.551 | 330.377 | 0 | 1 | 1 | 0 | 0 | 0 | 0 | 1 | camera | target | -0.1301 | 0 | -0.991501 | -0.
SCRIPT       : DATA_LOG | 1548921 | VEZjSxlcpgu1JLRUfHGLLLMsm0wqbyJ6fy2rl33V8jg= | 7991.31 | 6.0109 | 3339.63 | -0.550357 | -0.834929 | 0 | none | -1 | 180 | 0 | 0 | 0 | 0 | 0 | 0 | 0 | 0 | 1 | camera | no_target | -0.550357 | 0 | -0.834929 | -0.550357 | 
SCRIPT       : DATA_LOG | 1549899 | aRapBi1cCZPZAGLIDny3dk3hQ8vTmNTLHRl8zxmKgQ0= | 2187.54 | 314.309 | 6309.7 | -0.1301 | -0.991501 | 0 | SCARH_Black | 1 | 147.553 | 330.384 | 0 | 1 | 1 | 0 | 0 | 0 | 0 | 1 | camera | target | -0.1301 | 0 | -0.991501 | -0.
SCRIPT       : DATA_LOG | 1549929 | VEZjSxlcpgu1JLRUfHGLLLMsm0wqbyJ6fy2rl33V8jg= | 7991.31 | 6.0109 | 3339.63 | -0.550357 | -0.834929 | 0 | none | -1 | 180 | 0 | 0 | 0 | 0 | 0 | 0 | 0 | 0 | 1 | camera | no_target | -0.550357 | 0 | -0.834929 | -0.550357 | 
SCRIPT       : DATA_LOG | 1550895 | aRapBi1cCZPZAGLIDny3dk3hQ8vTmNTLHRl8zxmKgQ0= | 2187.54 | 314.309 | 6309.7 | -0.1301 | -0.991501 | 0 | SCARH_Black | 1 | 147.552 | 330.366 | 0 | 1 | 1 | 0 | 0 | 0 | 0 | 1 | camera | none | -0.1301 | 0 | -0.991501 | -0.13
SCRIPT       : DATA_LOG | 1550920 | VEZjSxlcpgu1JLRUfHGLLLMsm0wqbyJ6fy2rl33V8jg= | 7991.31 | 6.0109 | 3339.63 | -0.550357 | -0.834929 | 0 | none | -1 | 180 | 0 | 0 | 0 | 0 | 0 | 0 | 0 | 0 | 1 | camera | no_target | -0.550357 | 0 | -0.834929 | -0.550357 | 
SCRIPT       : DATA_LOG | 1551894 | aRapBi1cCZPZAGLIDny3dk3hQ8vTmNTLHRl8zxmKgQ0= | 2187.54 | 314.309 | 6309.7 | -0.1301 | -0.991501 | 0 | SCARH_Black | 1 | 147.553 | 330.382 | 0 | 1 | 1 | 0 | 0 | 0 | 0 | 1 | camera | target | -0.1301 | 0 | -0.991501 | -0.
SCRIPT       : DATA_LOG | 1551916 | VEZjSxlcpgu1JLRUfHGLLLMsm0wqbyJ6fy2rl33V8jg= | 7991.31 | 6.0109 | 3339.63 | -0.550357 | -0.834929 | 0 | none | -1 | 180 | 0 | 0 | 0 | 0 | 0 | 0 | 0 | 0 | 1 | camera | no_target | -0.550357 | 0 | -0.834929 | -0.550357 | 
SCRIPT       : DATA_LOG | 1552894 | aRapBi1cCZPZAGLIDny3dk3hQ8vTmNTLHRl8zxmKgQ0= | 2187.54 | 314.309 | 6309.7 | -0.1301 | -0.991501 | 0 | SCARH_Black | 1 | 147.552 | 330.376 | 0 | 1 | 1 | 0 | 0 | 0 | 0 | 1 | camera | target | -0.1301 | 0 | -0.991501 | -0.
SCRIPT       : DATA_LOG | 1552917 | VEZjSxlcpgu1JLRUfHGLLLMsm0wqbyJ6fy2rl33V8jg= | 7991.31 | 6.0109 | 3339.63 | -0.550357 | -0.834929 | 0 | none | -1 | 180 | 0 | 0 | 0 | 0 | 0 | 0 | 0 | 0 | 1 | camera | no_target | -0.550357 | 0 | -0.834929 | -0.550357 | 
SCRIPT       : DATA_LOG | 1553896 | aRapBi1cCZPZAGLIDny3dk3hQ8vTmNTLHRl8zxmKgQ0= | 2187.54 | 314.309 | 6309.7 | -0.1301 | -0.991501 | 0 | SCARH_Black | 1 | 147.552 | 330.383 | 0 | 1 | 1 | 0 | 0 | 0 | 0 | 1 | camera | target | -0.1301 | 0 | -0.991501 | -0.
SCRIPT       : DATA_LOG | 1553921 | VEZjSxlcpgu1JLRUfHGLLLMsm0wqbyJ6fy2rl33V8jg= | 7991.31 | 6.0109 | 3339.63 | -0.550357 | -0.834929 | 0 | none | -1 | 180 | 0 | 0 | 0 | 0 | 0 | 0 | 0 | 0 | 1 | camera | no_target | -0.550357 | 0 | -0.834929 | -0.550357 | 
SCRIPT       : DATA_LOG | 1554906 | aRapBi1cCZPZAGLIDny3dk3hQ8vTmNTLHRl8zxmKgQ0= | 2187.54 | 314.309 | 6309.7 | -0.1301 | -0.991501 | 0 | SCARH_Black | 1 | 147.552 | 330.384 | 0 | 1 | 1 | 0 | 0 | 0 | 0 | 1 | camera | target | -0.1301 | 0 | -0.991501 | -0.
SCRIPT       : DATA_LOG | 1554930 | VEZjSxlcpgu1JLRUfHGLLLMsm0wqbyJ6fy2rl33V8jg= | 7991.31 | 6.0109 | 3339.63 | -0.550357 | -0.834929 | 0 | none | -1 | 180 | 0 | 0 | 0 | 0 | 0 | 0 | 0 | 0 | 1 | camera | no_target | -0.550357 | 0 | -0.834929 | -0.550357 | 
SCRIPT       : DATA_LOG | 1555908 | aRapBi1cCZPZAGLIDny3dk3hQ8vTmNTLHRl8zxmKgQ0= | 2187.54 | 314.309 | 6309.7 | -0.1301 | -0.991501 | 0 | SCARH_Black | 1 | 147.551 | 330.376 | 0 | 1 | 1 | 0 | 0 | 0 | 0 | 1 | camera | target | -0.1301 | 0 | -0.991501 | -0.
SCRIPT       : DATA_LOG | 1555937 | VEZjSxlcpgu1JLRUfHGLLLMsm0wqbyJ6fy2rl33V8jg= | 7991.31 | 6.0109 | 3339.63 | -0.550357 | -0.834929 | 0 | none | -1 | 180 | 0 | 0 | 0 | 0 | 0 | 0 | 0 | 0 | 1 | camera | no_target | -0.550357 | 0 | -0.834929 | -0.550357 | 
SCRIPT       : DATA_LOG | 1556907 | aRapBi1cCZPZAGLIDny3dk3hQ8vTmNTLHRl8zxmKgQ0= | 2187.54 | 314.309 | 6309.7 | -0.1301 | -0.991501 | 0 | SCARH_Black | 1 | 147.553 | 330.386 | 0 | 1 | 1 | 0 | 0 | 0 | 0 | 1 | camera | target | -0.1301 | 0 | -0.991501 | -0.
SCRIPT       : DATA_LOG | 1556939 | VEZjSxlcpgu1JLRUfHGLLLMsm0wqbyJ6fy2rl33V8jg= | 7991.31 | 6.0109 | 3339.63 | -0.550357 | -0.834929 | 0 | none | -1 | 180 | 0 | 0 | 0 | 0 | 0 | 0 | 0 | 0 | 1 | camera | no_target | -0.550357 | 0 | -0.834929 | -0.550357 | 
SCRIPT       : DATA_LOG | 1557905 | aRapBi1cCZPZAGLIDny3dk3hQ8vTmNTLHRl8zxmKgQ0= | 2187.54 | 314.309 | 6309.7 | -0.1301 | -0.991501 | 0 | SCARH_Black | 1 | 147.552 | 330.366 | 0 | 1 | 1 | 0 | 0 | 0 | 0 | 1 | camera | target | -0.1301 | 0 | -0.991501 | -0.
SCRIPT       : DATA_LOG | 1557927 | VEZjSxlcpgu1JLRUfHGLLLMsm0wqbyJ6fy2rl33V8jg= | 7991.31 | 6.0109 | 3339.63 | -0.550357 | -0.834929 | 0 | none | -1 | 180 | 0 | 0 | 0 | 0 | 0 | 0 | 0 | 0 | 1 | camera | no_target | -0.550357 | 0 | -0.834929 | -0.550357 | 
SCRIPT       : DATA_LOG | 1558911 | aRapBi1cCZPZAGLIDny3dk3hQ8vTmNTLHRl8zxmKgQ0= | 2187.54 | 314.309 | 6309.7 | -0.1301 | -0.991501 | 0 | SCARH_Black | 1 | 147.552 | 330.379 | 0 | 1 | 1 | 0 | 0 | 0 | 0 | 1 | camera | target | -0.1301 | 0 | -0.991501 | -0.
SCRIPT       : DATA_LOG | 1558934 | VEZjSxlcpgu1JLRUfHGLLLMsm0wqbyJ6fy2rl33V8jg= | 7991.31 | 6.0109 | 3339.63 | -0.550357 | -0.834929 | 0 | none | -1 | 180 | 0 | 0 | 0 | 0 | 0 | 0 | 0 | 0 | 1 | camera | no_target | -0.550357 | 0 | -0.834929 | -0.550357 | 
SCRIPT       : DATA_LOG | 1559908 | aRapBi1cCZPZAGLIDny3dk3hQ8vTmNTLHRl8zxmKgQ0= | 2187.54 | 314.309 | 6309.7 | -0.1301 | -0.991501 | 0 | SCARH_Black | 1 | 147.552 | 330.379 | 0 | 1 | 1 | 0 | 0 | 0 | 0 | 1 | camera | target | -0.1301 | 0 | -0.991501 | -0.
SCRIPT       : DATA_LOG | 1559931 | VEZjSxlcpgu1JLRUfHGLLLMsm0wqbyJ6fy2rl33V8jg= | 7991.31 | 6.0109 | 3339.63 | -0.550357 | -0.834929 | 0 | none | -1 | 180 | 0 | 0 | 0 | 0 | 0 | 0 | 0 | 0 | 1 | camera | no_target | -0.550357 | 0 | -0.834929 | -0.550357 | 
SCRIPT       : DATA_LOG | 1560908 | aRapBi1cCZPZAGLIDny3dk3hQ8vTmNTLHRl8zxmKgQ0= | 2187.54 | 314.309 | 6309.7 | -0.1301 | -0.991501 | 0 | SCARH_Black | 1 | 147.552 | 330.381 | 0 | 1 | 1 | 0 | 0 | 0 | 0 | 1 | camera | target | -0.1301 | 0 | -0.991501 | -0.
SCRIPT       : DATA_LOG | 1560932 | VEZjSxlcpgu1JLRUfHGLLLMsm0wqbyJ6fy2rl33V8jg= | 7991.31 | 6.0109 | 3339.63 | -0.550357 | -0.834929 | 0 | none | -1 | 180 | 0 | 0 | 0 | 0 | 0 | 0 | 0 | 0 | 1 | camera | no_target | -0.550357 | 0 | -0.834929 | -0.550357 | 
SCRIPT       : DATA_LOG | 1561906 | aRapBi1cCZPZAGLIDny3dk3hQ8vTmNTLHRl8zxmKgQ0= | 2187.54 | 314.309 | 6309.7 | -0.1301 | -0.991501 | 0 | SCARH_Black | 1 | 147.552 | 330.385 | 0 | 1 | 1 | 0 | 0 | 0 | 0 | 1 | camera | target | -0.1301 | 0 | -0.991501 | -0.
SCRIPT       : DATA_LOG | 1561932 | VEZjSxlcpgu1JLRUfHGLLLMsm0wqbyJ6fy2rl33V8jg= | 7991.31 | 6.0109 | 3339.63 | -0.550357 | -0.834929 | 0 | none | -1 | 180 | 0 | 0 | 0 | 0 | 0 | 0 | 0 | 0 | 1 | camera | no_target | -0.550357 | 0 | -0.834929 | -0.550357 | 
SCRIPT       : DATA_LOG | 1562910 | aRapBi1cCZPZAGLIDny3dk3hQ8vTmNTLHRl8zxmKgQ0= | 2187.54 | 314.309 | 6309.7 | -0.1301 | -0.991501 | 0 | SCARH_Black | 1 | 147.551 | 330.376 | 0 | 1 | 1 | 0 | 0 | 0 | 0 | 1 | camera | target | -0.1301 | 0 | -0.991501 | -0.
SCRIPT       : DATA_LOG | 1562941 | VEZjSxlcpgu1JLRUfHGLLLMsm0wqbyJ6fy2rl33V8jg= | 7991.31 | 6.0109 | 3339.63 | -0.550357 | -0.834929 | 0 | none | -1 | 180 | 0 | 0 | 0 | 0 | 0 | 0 | 0 | 0 | 1 | camera | no_target | -0.550357 | 0 | -0.834929 | -0.550357 | 
SCRIPT       : DATA_LOG | 1563910 | aRapBi1cCZPZAGLIDny3dk3hQ8vTmNTLHRl8zxmKgQ0= | 2187.54 | 314.309 | 6309.7 | -0.1301 | -0.991501 | 0 | SCARH_Black | 1 | 147.553 | 330.387 | 0 | 1 | 1 | 0 | 0 | 0 | 0 | 1 | camera | target | -0.1301 | 0 | -0.991501 | -0.
SCRIPT       : DATA_LOG | 1563932 | VEZjSxlcpgu1JLRUfHGLLLMsm0wqbyJ6fy2rl33V8jg= | 7991.31 | 6.0109 | 3339.63 | -0.550357 | -0.834929 | 0 | none | -1 | 180 | 0 | 0 | 0 | 0 | 0 | 0 | 0 | 0 | 1 | camera | no_target | -0.550357 | 0 | -0.834929 | -0.550357 | 
SCRIPT       : DATA_LOG | 1564913 | aRapBi1cCZPZAGLIDny3dk3hQ8vTmNTLHRl8zxmKgQ0= | 2187.54 | 314.309 | 6309.7 | -0.1301 | -0.991501 | 0 | SCARH_Black | 1 | 147.552 | 330.369 | 0 | 1 | 1 | 0 | 0 | 0 | 0 | 1 | camera | none | -0.1301 | 0 | -0.991501 | -0.13
SCRIPT       : DATA_LOG | 1564940 | VEZjSxlcpgu1JLRUfHGLLLMsm0wqbyJ6fy2rl33V8jg= | 7991.31 | 6.0109 | 3339.63 | -0.550357 | -0.834929 | 0 | none | -1 | 180 | 0 | 0 | 0 | 0 | 0 | 0 | 0 | 0 | 1 | camera | no_target | -0.550357 | 0 | -0.834929 | -0.550357 | 
SCRIPT       : DATA_LOG | 1565910 | aRapBi1cCZPZAGLIDny3dk3hQ8vTmNTLHRl8zxmKgQ0= | 2187.54 | 314.309 | 6309.7 | -0.1301 | -0.991501 | 0 | SCARH_Black | 1 | 147.552 | 330.375 | 0 | 1 | 1 | 0 | 0 | 0 | 0 | 1 | camera | target | -0.1301 | 0 | -0.991501 | -0.
SCRIPT       : DATA_LOG | 1565938 | VEZjSxlcpgu1JLRUfHGLLLMsm0wqbyJ6fy2rl33V8jg= | 7991.31 | 6.0109 | 3339.63 | -0.550357 | -0.834929 | 0 | none | -1 | 180 | 0 | 0 | 0 | 0 | 0 | 0 | 0 | 0 | 1 | camera | no_target | -0.550357 | 0 | -0.834929 | -0.550357 | 
SCRIPT       : DATA_LOG | 1566911 | aRapBi1cCZPZAGLIDny3dk3hQ8vTmNTLHRl8zxmKgQ0= | 2187.54 | 314.309 | 6309.7 | -0.1301 | -0.991501 | 0 | SCARH_Black | 1 | 147.552 | 330.381 | 0 | 1 | 1 | 0 | 0 | 0 | 0 | 1 | camera | target | -0.1301 | 0 | -0.991501 | -0.
SCRIPT       : DATA_LOG | 1566936 | VEZjSxlcpgu1JLRUfHGLLLMsm0wqbyJ6fy2rl33V8jg= | 7991.31 | 6.0109 | 3339.63 | -0.550357 | -0.834929 | 0 | none | -1 | 180 | 0 | 0 | 0 | 0 | 0 | 0 | 0 | 0 | 1 | camera | no_target | -0.550357 | 0 | -0.834929 | -0.550357 | 
SCRIPT       : DATA_LOG | 1567915 | aRapBi1cCZPZAGLIDny3dk3hQ8vTmNTLHRl8zxmKgQ0= | 2187.54 | 314.309 | 6309.7 | -0.1301 | -0.991501 | 0 | SCARH_Black | 1 | 147.552 | 330.379 | 0 | 1 | 1 | 0 | 0 | 0 | 0 | 1 | camera | target | -0.1301 | 0 | -0.991501 | -0.
SCRIPT       : DATA_LOG | 1567941 | VEZjSxlcpgu1JLRUfHGLLLMsm0wqbyJ6fy2rl33V8jg= | 7991.31 | 6.0109 | 3339.63 | -0.550357 | -0.834929 | 0 | none | -1 | 180 | 0 | 0 | 0 | 0 | 0 | 0 | 0 | 0 | 1 | camera | no_target | -0.550357 | 0 | -0.834929 | -0.550357 | 
SCRIPT       : DATA_LOG | 1568918 | aRapBi1cCZPZAGLIDny3dk3hQ8vTmNTLHRl8zxmKgQ0= | 2187.54 | 314.309 | 6309.7 | -0.1301 | -0.991501 | 0 | SCARH_Black | 1 | 147.552 | 330.386 | 0 | 1 | 1 | 0 | 0 | 0 | 0 | 1 | camera | target | -0.1301 | 0 | -0.991501 | -0.
SCRIPT       : DATA_LOG | 1568944 | VEZjSxlcpgu1JLRUfHGLLLMsm0wqbyJ6fy2rl33V8jg= | 7991.31 | 6.0109 | 3339.63 | -0.550357 | -0.834929 | 0 | none | -1 | 180 | 0 | 0 | 0 | 0 | 0 | 0 | 0 | 0 | 1 | camera | no_target | -0.550357 | 0 | -0.834929 | -0.550357 | 
SCRIPT       : DATA_LOG | 1569917 | aRapBi1cCZPZAGLIDny3dk3hQ8vTmNTLHRl8zxmKgQ0= | 2187.54 | 314.309 | 6309.7 | -0.1301 | -0.991501 | 0 | SCARH_Black | 1 | 147.552 | 330.377 | 0 | 1 | 1 | 0 | 0 | 0 | 0 | 1 | camera | none | -0.1301 | 0 | -0.991501 | -0.13
SCRIPT       : DATA_LOG | 1569947 | VEZjSxlcpgu1JLRUfHGLLLMsm0wqbyJ6fy2rl33V8jg= | 7991.31 | 6.0109 | 3339.63 | -0.550357 | -0.834929 | 0 | none | -1 | 180 | 0 | 0 | 0 | 0 | 0 | 0 | 0 | 0 | 1 | camera | no_target | -0.550357 | 0 | -0.834929 | -0.550357 | 
SCRIPT       : DATA_LOG | 1570918 | aRapBi1cCZPZAGLIDny3dk3hQ8vTmNTLHRl8zxmKgQ0= | 2187.54 | 314.309 | 6309.7 | -0.1301 | -0.991501 | 0 | SCARH_Black | 1 | 147.553 | 330.386 | 0 | 1 | 1 | 0 | 0 | 0 | 0 | 1 | camera | target | -0.1301 | 0 | -0.991501 | -0.
SCRIPT       : DATA_LOG | 1570946 | VEZjSxlcpgu1JLRUfHGLLLMsm0wqbyJ6fy2rl33V8jg= | 7991.31 | 6.0109 | 3339.63 | -0.550357 | -0.834929 | 0 | none | -1 | 180 | 0 | 0 | 0 | 0 | 0 | 0 | 0 | 0 | 1 | camera | no_target | -0.550357 | 0 | -0.834929 | -0.550357 | 
SCRIPT       : DATA_LOG | 1571919 | aRapBi1cCZPZAGLIDny3dk3hQ8vTmNTLHRl8zxmKgQ0= | 2187.54 | 314.309 | 6309.7 | -0.1301 | -0.991501 | 0 | SCARH_Black | 1 | 147.552 | 330.372 | 0 | 1 | 1 | 0 | 0 | 0 | 0 | 1 | camera | target | -0.1301 | 0 | -0.991501 | -0.
SCRIPT       : DATA_LOG | 1571949 | VEZjSxlcpgu1JLRUfHGLLLMsm0wqbyJ6fy2rl33V8jg= | 7991.31 | 6.0109 | 3339.63 | -0.550357 | -0.834929 | 0 | none | -1 | 180 | 0 | 0 | 0 | 0 | 0 | 0 | 0 | 0 | 1 | camera | no_target | -0.550357 | 0 | -0.834929 | -0.550357 | 
SCRIPT       : DATA_LOG | 1572921 | aRapBi1cCZPZAGLIDny3dk3hQ8vTmNTLHRl8zxmKgQ0= | 2187.54 | 314.309 | 6309.7 | -0.1301 | -0.991501 | 0 | SCARH_Black | 1 | 147.552 | 330.373 | 0 | 1 | 1 | 0 | 0 | 0 | 0 | 1 | camera | target | -0.1301 | 0 | -0.991501 | -0.
SCRIPT       : DATA_LOG | 1572947 | VEZjSxlcpgu1JLRUfHGLLLMsm0wqbyJ6fy2rl33V8jg= | 7991.31 | 6.0109 | 3339.63 | -0.550357 | -0.834929 | 0 | none | -1 | 180 | 0 | 0 | 0 | 0 | 0 | 0 | 0 | 0 | 1 | camera | no_target | -0.550357 | 0 | -0.834929 | -0.550357 | 
SCRIPT       : DATA_LOG | 1573921 | aRapBi1cCZPZAGLIDny3dk3hQ8vTmNTLHRl8zxmKgQ0= | 2187.54 | 314.309 | 6309.7 | -0.1301 | -0.991501 | 0 | SCARH_Black | 1 | 147.553 | 330.383 | 0 | 1 | 1 | 0 | 0 | 0 | 0 | 1 | camera | target | -0.1301 | 0 | -0.991501 | -0.
SCRIPT       : DATA_LOG | 1573949 | VEZjSxlcpgu1JLRUfHGLLLMsm0wqbyJ6fy2rl33V8jg= | 7991.31 | 6.0109 | 3339.63 | -0.550357 | -0.834929 | 0 | none | -1 | 180 | 0 | 0 | 0 | 0 | 0 | 0 | 0 | 0 | 1 | camera | no_target | -0.550357 | 0 | -0.834929 | -0.550357 | 
SCRIPT       : DATA_LOG | 1574923 | aRapBi1cCZPZAGLIDny3dk3hQ8vTmNTLHRl8zxmKgQ0= | 2187.54 | 314.309 | 6309.7 | -0.1301 | -0.991501 | 0 | SCARH_Black | 1 | 147.552 | 330.378 | 0 | 1 | 1 | 0 | 0 | 0 | 0 | 1 | camera | target | -0.1301 | 0 | -0.991501 | -0.
SCRIPT       : DATA_LOG | 1574946 | VEZjSxlcpgu1JLRUfHGLLLMsm0wqbyJ6fy2rl33V8jg= | 7991.31 | 6.0109 | 3339.63 | -0.550357 | -0.834929 | 0 | none | -1 | 180 | 0 | 0 | 0 | 0 | 0 | 0 | 0 | 0 | 1 | camera | no_target | -0.550357 | 0 | -0.834929 | -0.550357 | 
SCRIPT       : DATA_LOG | 1575927 | aRapBi1cCZPZAGLIDny3dk3hQ8vTmNTLHRl8zxmKgQ0= | 2187.54 | 314.309 | 6309.7 | -0.1301 | -0.991501 | 0 | SCARH_Black | 1 | 147.552 | 330.386 | 0 | 1 | 1 | 0 | 0 | 0 | 0 | 1 | camera | target | -0.1301 | 0 | -0.991501 | -0.
SCRIPT       : DATA_LOG | 1575956 | VEZjSxlcpgu1JLRUfHGLLLMsm0wqbyJ6fy2rl33V8jg= | 7991.31 | 6.0109 | 3339.63 | -0.550357 | -0.834929 | 0 | none | -1 | 180 | 0 | 0 | 0 | 0 | 0 | 0 | 0 | 0 | 1 | camera | no_target | -0.550357 | 0 | -0.834929 | -0.550357 | 
SCRIPT       : DATA_LOG | 1576916 | aRapBi1cCZPZAGLIDny3dk3hQ8vTmNTLHRl8zxmKgQ0= | 7956.62 | 4.30663 | 3366.73 | -0.1301 | -0.991501 | 0 | SCARH_Black | 1 | 59.5214 | 44.1243 | 0 | 1 | 0 | 0 | 0 | 0 | 0 | 1 | camera | target | -0.1301 | 0 | -0.991501 | -0
SCRIPT       : DATA_LOG | 1576935 | VEZjSxlcpgu1JLRUfHGLLLMsm0wqbyJ6fy2rl33V8jg= | 7991.31 | 6.0109 | 3339.63 | -0.550357 | -0.834929 | 0 | none | 1 | 94.5366 | 44.0232 | 0 | 1 | 0 | 0 | 0 | 0 | 0 | 1 | camera | target | -0.550357 | 0 | -0.834929 | -0.550
SCRIPT       : DATA_LOG | 1577978 | aRapBi1cCZPZAGLIDny3dk3hQ8vTmNTLHRl8zxmKgQ0= | 7956.62 | 4.30663 | 3366.73 | -0.1301 | -0.991501 | 0 | SCARH_Black | 1 | 59.5251 | 44.1252 | 0 | 1 | 0 | 0 | 0 | 0 | 0 | 1 | camera | target | -0.1301 | 0 | -0.991501 | -0
SCRIPT       : DATA_LOG | 1577998 | VEZjSxlcpgu1JLRUfHGLLLMsm0wqbyJ6fy2rl33V8jg= | 7991.31 | 6.0109 | 3339.63 | -0.550357 | -0.834929 | 0 | none | 1 | 94.5366 | 44.0232 | 0 | 1 | 0 | 0 | 0 | 0 | 0 | 1 | camera | target | -0.550357 | 0 | -0.834929 | -0.550
SCRIPT       : DATA_LOG | 1578984 | aRapBi1cCZPZAGLIDny3dk3hQ8vTmNTLHRl8zxmKgQ0= | 7956.62 | 4.30663 | 3366.73 | -0.1301 | -0.991501 | 0 | SCARH_Black | 1 | 59.528 | 44.1253 | 0 | 1 | 0 | 0 | 0 | 0 | 0 | 1 | camera | target | -0.1301 | 0 | -0.991501 | -0.
SCRIPT       : DATA_LOG | 1579006 | VEZjSxlcpgu1JLRUfHGLLLMsm0wqbyJ6fy2rl33V8jg= | 7991.31 | 6.0109 | 3339.63 | -0.550357 | -0.834929 | 0 | none | 1 | 94.5366 | 44.0232 | 0 | 1 | 0 | 0 | 0 | 0 | 0 | 1 | camera | target | -0.550357 | 0 | -0.834929 | -0.550
SCRIPT       : DATA_LOG | 1579982 | aRapBi1cCZPZAGLIDny3dk3hQ8vTmNTLHRl8zxmKgQ0= | 7956.62 | 4.30663 | 3366.73 | -0.1301 | -0.991501 | 0 | SCARH_Black | 1 | 59.5153 | 44.1285 | 0 | 1 | 0 | 0 | 0 | 0 | 0 | 1 | camera | target | -0.1301 | 0 | -0.991501 | -0
SCRIPT       : DATA_LOG | 1580004 | VEZjSxlcpgu1JLRUfHGLLLMsm0wqbyJ6fy2rl33V8jg= | 7991.31 | 6.0109 | 3339.63 | -0.550357 | -0.834929 | 0 | none | 1 | 94.5366 | 44.0232 | 0 | 1 | 0 | 0 | 0 | 0 | 0 | 1 | camera | target | -0.550357 | 0 | -0.834929 | -0.550
SCRIPT       : DATA_LOG | 1580983 | aRapBi1cCZPZAGLIDny3dk3hQ8vTmNTLHRl8zxmKgQ0= | 7956.62 | 4.30663 | 3366.73 | -0.1301 | -0.991501 | 0 | SCARH_Black | 1 | 59.5885 | 44.1574 | 0 | 1 | 0 | 0 | 0 | 0 | 0 | 1 | camera | target | -0.1301 | 0 | -0.991501 | -0
SCRIPT       : DATA_LOG | 1581005 | VEZjSxlcpgu1JLRUfHGLLLMsm0wqbyJ6fy2rl33V8jg= | 7991.31 | 6.0109 | 3339.63 | 0.626841 | 0.779147 | 0 | none | 1 | 90.8892 | 44.0232 | 0 | 1 | 0 | 0 | 0 | 0 | 0 | 1 | camera | target | 0.626841 | 0 | 0.779147 | 0.626841 |
SCRIPT       : DATA_LOG | 1581985 | aRapBi1cCZPZAGLIDny3dk3hQ8vTmNTLHRl8zxmKgQ0= | 7956.62 | 4.30663 | 3366.73 | -0.1301 | -0.991501 | 0 | SCARH_Black | 1 | 59.5276 | 44.0546 | 0 | 1 | 0 | 0 | 0 | 0 | 0 | 1 | camera | none | -0.1301 | 0 | -0.991501 | -0.1
SCRIPT       : DATA_LOG | 1582009 | VEZjSxlcpgu1JLRUfHGLLLMsm0wqbyJ6fy2rl33V8jg= | 7991.31 | 6.0109 | 3339.63 | -0.79789 | 0.602803 | 0 | none | 1 | 0.865245 | 44.0221 | 0 | 1 | 0 | 1 | 0 | 0 | 0 | 1 | camera | target | -0.79789 | 0 | 0.602803 | -0.79789 
SCRIPT       : DATA_LOG | 1583117 | aRapBi1cCZPZAGLIDny3dk3hQ8vTmNTLHRl8zxmKgQ0= | 7956.62 | 4.30663 | 3366.73 | -0.1301 | -0.991501 | 0 | SCARH_Black | 1 | 59.5808 | 44.1766 | 0 | 1 | 0 | 0 | 0 | 0 | 0 | 1 | camera | target | -0.1301 | 0 | -0.991501 | -0
SCRIPT       : DATA_LOG | 1583139 | VEZjSxlcpgu1JLRUfHGLLLMsm0wqbyJ6fy2rl33V8jg= | 7991.31 | 6.0109 | 3339.63 | 0.144987 | -0.989434 | 0 | none | 1 | 136.258 | 44.0207 | 0 | 1 | 0 | 0 | 0 | 0 | 0 | 1 | camera | target | 0.144987 | 0 | -0.989434 | 0.144987
SCRIPT       : DATA_LOG | 1584199 | aRapBi1cCZPZAGLIDny3dk3hQ8vTmNTLHRl8zxmKgQ0= | 7956.62 | 4.30663 | 3366.73 | -0.1301 | -0.991501 | 0 | SCARH_Black | 1 | 56.5711 | 46.2188 | 0 | 1 | 0 | 0 | 0 | 0 | 0 | 1 | camera | target | -0.1301 | 0 | -0.991501 | -0
SCRIPT       : DATA_LOG | 1584229 | VEZjSxlcpgu1JLRUfHGLLLMsm0wqbyJ6fy2rl33V8jg= | 7991.36 | 6.0239 | 3336.45 | 0.713897 | 0.700251 | 0 | none | 1 | 94.5395 | 46.0938 | 0 | 1 | 0 | 0 | 0 | 0 | 0 | 1 | camera | target | 0.713897 | 0 | 0.700251 | 0.713897 |
SCRIPT       : DATA_LOG | 1585190 | aRapBi1cCZPZAGLIDny3dk3hQ8vTmNTLHRl8zxmKgQ0= | 7956.62 | 4.30663 | 3366.73 | -0.1301 | -0.991501 | 0 | SCARH_Black | 1 | 52.481 | 45.352 | 0 | 1 | 0 | 0 | 0 | 0 | 0 | 1 | camera | target | -0.1301 | 0 | -0.991501 | -0.1
SCRIPT       : DATA_LOG | 1585214 | VEZjSxlcpgu1JLRUfHGLLLMsm0wqbyJ6fy2rl33V8jg= | 7988.47 | 6.02143 | 3334.6 | 0.284616 | 0.958641 | 0 | none | 1 | 61.3521 | 45.234 | 0 | 1 | 0 | 0 | 0 | 0 | 0 | 1 | camera | target | 0.284616 | 0 | 0.958641 | 0.284616 | 
SCRIPT       : DATA_LOG | 1586192 | aRapBi1cCZPZAGLIDny3dk3hQ8vTmNTLHRl8zxmKgQ0= | 7956.62 | 4.30663 | 3366.73 | -0.1301 | -0.991501 | 0 | SCARH_Black | 1 | 51.6529 | 45.5874 | 0 | 1 | 0 | 0 | 0 | 0 | 0 | 1 | camera | target | -0.1301 | 0 | -0.991501 | -0
SCRIPT       : DATA_LOG | 1586212 | VEZjSxlcpgu1JLRUfHGLLLMsm0wqbyJ6fy2rl33V8jg= | 7988.21 | 6.02318 | 3334.04 | 0.288579 | 0.957456 | 0 | none | 1 | 60.862 | 45.453 | 0 | 1 | 0 | 0 | 0 | 0 | 0 | 1 | camera | target | 0.288579 | 0 | 0.957456 | 0.288579 | 
SCRIPT       : DATA_LOG | 1587199 | aRapBi1cCZPZAGLIDny3dk3hQ8vTmNTLHRl8zxmKgQ0= | 7956.62 | 4.30663 | 3366.73 | -0.1301 | -0.991501 | 0 | SCARH_Black | 1 | 51.6602 | 45.5807 | 0 | 1 | 0 | 0 | 0 | 0 | 0 | 1 | camera | target | -0.1301 | 0 | -0.991501 | -0
SCRIPT       : DATA_LOG | 1587226 | VEZjSxlcpgu1JLRUfHGLLLMsm0wqbyJ6fy2rl33V8jg= | 7988.21 | 6.02318 | 3334.04 | 0.288579 | 0.957456 | 0 | none | 1 | 60.8577 | 45.4551 | 0 | 1 | 0 | 0 | 0 | 0 | 0 | 1 | camera | target | 0.288579 | 0 | 0.957456 | 0.288579 
SCRIPT       : DATA_LOG | 1588560 | aRapBi1cCZPZAGLIDny3dk3hQ8vTmNTLHRl8zxmKgQ0= | 7956.62 | 4.30663 | 3366.73 | -0.1301 | -0.991501 | 0 | SCARH_Black | 1 | 51.6387 | 45.5846 | 0 | 1 | 0 | 0 | 0 | 0 | 0 | 1 | camera | target | -0.1301 | 0 | -0.991501 | -0
SCRIPT       : DATA_LOG | 1588580 | VEZjSxlcpgu1JLRUfHGLLLMsm0wqbyJ6fy2rl33V8jg= | 7988.21 | 6.02318 | 3334.04 | 0.288579 | 0.957456 | 0 | none | 1 | 60.8607 | 45.4534 | 0 | 1 | 0 | 0 | 0 | 0 | 0 | 1 | camera | target | 0.288579 | 0 | 0.957456 | 0.288579 
SCRIPT       : DATA_LOG | 1589564 | aRapBi1cCZPZAGLIDny3dk3hQ8vTmNTLHRl8zxmKgQ0= | 7956.62 | 4.30663 | 3366.73 | -0.1301 | -0.991501 | 0 | SCARH_Black | 1 | 51.6619 | 45.582 | 0 | 1 | 0 | 0 | 0 | 0 | 0 | 1 | camera | target | -0.1301 | 0 | -0.991501 | -0.
SCRIPT       : DATA_LOG | 1589594 | VEZjSxlcpgu1JLRUfHGLLLMsm0wqbyJ6fy2rl33V8jg= | 7988.21 | 6.02318 | 3334.04 | 0.288579 | 0.957456 | 0 | none | 1 | 60.8594 | 45.4537 | 0 | 1 | 0 | 0 | 0 | 0 | 0 | 1 | camera | target | 0.288579 | 0 | 0.957456 | 0.288579 
SCRIPT       : DATA_LOG | 1590563 | aRapBi1cCZPZAGLIDny3dk3hQ8vTmNTLHRl8zxmKgQ0= | 7956.62 | 4.30663 | 3366.73 | -0.1301 | -0.991501 | 0 | SCARH_Black | 1 | 51.6527 | 45.582 | 0 | 1 | 0 | 0 | 0 | 0 | 0 | 1 | camera | target | -0.1301 | 0 | -0.991501 | -0.
SCRIPT       : DATA_LOG | 1590584 | VEZjSxlcpgu1JLRUfHGLLLMsm0wqbyJ6fy2rl33V8jg= | 7988.21 | 6.02318 | 3334.04 | 0.288579 | 0.957456 | 0 | none | 1 | 60.8586 | 45.4565 | 0 | 1 | 0 | 0 | 0 | 0 | 0 | 1 | camera | target | 0.288579 | 0 | 0.957456 | 0.288579 
SCRIPT       : DATA_LOG | 1591559 | aRapBi1cCZPZAGLIDny3dk3hQ8vTmNTLHRl8zxmKgQ0= | 7956.62 | 4.30663 | 3366.73 | -0.1301 | -0.991501 | 0 | SCARH_Black | 1 | 51.6633 | 45.5845 | 0 | 1 | 0 | 0 | 0 | 0 | 0 | 1 | camera | target | -0.1301 | 0 | -0.991501 | -0
SCRIPT       : DATA_LOG | 1591581 | VEZjSxlcpgu1JLRUfHGLLLMsm0wqbyJ6fy2rl33V8jg= | 7988.21 | 6.02318 | 3334.04 | 0.288579 | 0.957456 | 0 | none | 1 | 60.8624 | 45.4527 | 0 | 1 | 0 | 0 | 0 | 0 | 0 | 1 | camera | target | 0.288579 | 0 | 0.957456 | 0.288579 
SCRIPT       : DATA_LOG | 1592560 | aRapBi1cCZPZAGLIDny3dk3hQ8vTmNTLHRl8zxmKgQ0= | 7956.62 | 4.30663 | 3366.73 | -0.1301 | -0.991501 | 0 | SCARH_Black | 1 | 51.6566 | 45.5864 | 0 | 1 | 0 | 0 | 0 | 0 | 0 | 1 | camera | target | -0.1301 | 0 | -0.991501 | -0
SCRIPT       : DATA_LOG | 1592580 | VEZjSxlcpgu1JLRUfHGLLLMsm0wqbyJ6fy2rl33V8jg= | 7988.21 | 6.02318 | 3334.04 | 0.288579 | 0.957456 | 0 | none | 1 | 60.8588 | 45.4543 | 0 | 1 | 0 | 0 | 0 | 0 | 0 | 1 | camera | target | 0.288579 | 0 | 0.957456 | 0.288579 
SCRIPT       : DATA_LOG | 1593559 | aRapBi1cCZPZAGLIDny3dk3hQ8vTmNTLHRl8zxmKgQ0= | 7956.62 | 4.30663 | 3366.73 | -0.1301 | -0.991501 | 0 | SCARH_Black | 1 | 51.6598 | 45.5851 | 0 | 1 | 0 | 0 | 0 | 0 | 0 | 1 | camera | target | -0.1301 | 0 | -0.991501 | -0
SCRIPT       : DATA_LOG | 1593581 | VEZjSxlcpgu1JLRUfHGLLLMsm0wqbyJ6fy2rl33V8jg= | 7988.21 | 6.02318 | 3334.04 | 0.288579 | 0.957456 | 0 | none | 1 | 60.8579 | 45.4536 | 0 | 1 | 0 | 0 | 0 | 0 | 0 | 1 | camera | target | 0.288579 | 0 | 0.957456 | 0.288579 
SCRIPT       : DATA_LOG | 1594560 | aRapBi1cCZPZAGLIDny3dk3hQ8vTmNTLHRl8zxmKgQ0= | 7956.62 | 4.30663 | 3366.73 | -0.1301 | -0.991501 | 0 | SCARH_Black | 1 | 51.6548 | 45.581 | 0 | 1 | 0 | 0 | 0 | 0 | 0 | 1 | camera | target | -0.1301 | 0 | -0.991501 | -0.
SCRIPT       : DATA_LOG | 1594580 | VEZjSxlcpgu1JLRUfHGLLLMsm0wqbyJ6fy2rl33V8jg= | 7988.21 | 6.02318 | 3334.04 | 0.288579 | 0.957456 | 0 | none | 1 | 60.8639 | 45.4514 | 0 | 1 | 0 | 0 | 0 | 0 | 0 | 1 | camera | target | 0.288579 | 0 | 0.957456 | 0.288579 
SCRIPT       : DATA_LOG | 1595567 | aRapBi1cCZPZAGLIDny3dk3hQ8vTmNTLHRl8zxmKgQ0= | 7956.62 | 4.30663 | 3366.73 | -0.1301 | -0.991501 | 0 | SCARH_Black | 1 | 51.6415 | 45.5843 | 0 | 1 | 0 | 0 | 0 | 0 | 0 | 1 | camera | target | -0.1301 | 0 | -0.991501 | -0
SCRIPT       : DATA_LOG | 1595587 | VEZjSxlcpgu1JLRUfHGLLLMsm0wqbyJ6fy2rl33V8jg= | 7988.21 | 6.02318 | 3334.04 | 0.288579 | 0.957456 | 0 | none | 1 | 60.8588 | 45.4557 | 0 | 1 | 0 | 0 | 0 | 0 | 0 | 1 | camera | target | 0.288579 | 0 | 0.957456 | 0.288579 
SCRIPT       : DATA_LOG | 1596564 | aRapBi1cCZPZAGLIDny3dk3hQ8vTmNTLHRl8zxmKgQ0= | 7956.62 | 4.30663 | 3366.73 | -0.1301 | -0.991501 | 0 | SCARH_Black | 1 | 51.6621 | 45.5818 | 0 | 1 | 0 | 0 | 0 | 0 | 0 | 1 | camera | target | -0.1301 | 0 | -0.991501 | -0
SCRIPT       : DATA_LOG | 1596584 | VEZjSxlcpgu1JLRUfHGLLLMsm0wqbyJ6fy2rl33V8jg= | 7988.21 | 6.02318 | 3334.04 | 0.288579 | 0.957456 | 0 | none | 1 | 60.8594 | 45.4551 | 0 | 1 | 0 | 0 | 0 | 0 | 0 | 1 | camera | target | 0.288579 | 0 | 0.957456 | 0.288579 
SCRIPT       : DATA_LOG | 1597567 | aRapBi1cCZPZAGLIDny3dk3hQ8vTmNTLHRl8zxmKgQ0= | 7956.62 | 4.30663 | 3366.73 | -0.1301 | -0.991501 | 0 | SCARH_Black | 1 | 51.7918 | 45.4955 | 0 | 1 | 0 | 0 | 0 | 0 | 0 | 1 | camera | none | -0.1301 | 0 | -0.991501 | -0.1
SCRIPT       : DATA_LOG | 1597588 | VEZjSxlcpgu1JLRUfHGLLLMsm0wqbyJ6fy2rl33V8jg= | 7988.21 | 6.02318 | 3334.04 | 0.288579 | 0.957456 | 0 | none | 1 | 60.8622 | 45.4528 | 0 | 1 | 0 | 0 | 0 | 0 | 0 | 1 | camera | target | 0.288579 | 0 | 0.957456 | 0.288579 
SCRIPT       : DATA_LOG | 1598564 | aRapBi1cCZPZAGLIDny3dk3hQ8vTmNTLHRl8zxmKgQ0= | 7956.62 | 4.30663 | 3366.73 | -0.1301 | -0.991501 | 0 | SCARH_Black | 1 | 51.662 | 45.5848 | 0 | 1 | 0 | 0 | 0 | 0 | 0 | 1 | camera | target | -0.1301 | 0 | -0.991501 | -0.
SCRIPT       : DATA_LOG | 1598583 | VEZjSxlcpgu1JLRUfHGLLLMsm0wqbyJ6fy2rl33V8jg= | 7988.21 | 6.02318 | 3334.04 | 0.288579 | 0.957456 | 0 | none | 1 | 60.8507 | 45.4525 | 0 | 1 | 0 | 0 | 0 | 0 | 0 | 1 | camera | target | 0.288579 | 0 | 0.957456 | 0.288579 
SCRIPT       : DATA_LOG | 1599567 | aRapBi1cCZPZAGLIDny3dk3hQ8vTmNTLHRl8zxmKgQ0= | 7956.62 | 4.30663 | 3366.73 | -0.1301 | -0.991501 | 0 | SCARH_Black | 1 | 51.659 | 45.5866 | 0 | 1 | 0 | 0 | 0 | 0 | 0 | 1 | camera | target | -0.1301 | 0 | -0.991501 | -0.
SCRIPT       : DATA_LOG | 1599592 | VEZjSxlcpgu1JLRUfHGLLLMsm0wqbyJ6fy2rl33V8jg= | 7988.21 | 6.02318 | 3334.04 | 0.288579 | 0.957456 | 0 | none | 1 | 60.8797 | 45.4197 | 0 | 1 | 0 | 0 | 0 | 0 | 0 | 1 | camera | target | 0.288579 | 0 | 0.957456 | 0.288579 
SCRIPT       : DATA_LOG | 1600569 | aRapBi1cCZPZAGLIDny3dk3hQ8vTmNTLHRl8zxmKgQ0= | 7956.62 | 4.30663 | 3366.73 | -0.1301 | -0.991501 | 0 | SCARH_Black | 1 | 51.6542 | 45.587 | 0 | 1 | 0 | 0 | 0 | 0 | 0 | 1 | camera | target | -0.1301 | 0 | -0.991501 | -0.
SCRIPT       : DATA_LOG | 1600590 | VEZjSxlcpgu1JLRUfHGLLLMsm0wqbyJ6fy2rl33V8jg= | 7988.21 | 6.02318 | 3334.04 | 0.288579 | 0.957456 | 0 | none | 1 | 60.8665 | 45.415 | 0 | 1 | 0 | 0 | 0 | 0 | 0 | 1 | camera | target | 0.288579 | 0 | 0.957456 | 0.288579 |
SCRIPT       : DATA_LOG | 1601572 | aRapBi1cCZPZAGLIDny3dk3hQ8vTmNTLHRl8zxmKgQ0= | 7956.62 | 4.30663 | 3366.73 | -0.1301 | -0.991501 | 0 | SCARH_Black | 1 | 51.6595 | 45.5805 | 0 | 1 | 0 | 0 | 0 | 0 | 0 | 1 | camera | target | -0.1301 | 0 | -0.991501 | -0
SCRIPT       : DATA_LOG | 1601592 | VEZjSxlcpgu1JLRUfHGLLLMsm0wqbyJ6fy2rl33V8jg= | 7988.21 | 6.02318 | 3334.04 | 0.288579 | 0.957456 | 0 | none | 1 | 60.8206 | 45.4273 | 0 | 1 | 0 | 0 | 0 | 0 | 0 | 1 | camera | target | 0.288579 | 0 | 0.957456 | 0.288579 
SCRIPT       : DATA_LOG | 1602576 | aRapBi1cCZPZAGLIDny3dk3hQ8vTmNTLHRl8zxmKgQ0= | 7956.62 | 4.30663 | 3366.73 | -0.1301 | -0.991501 | 0 | SCARH_Black | 1 | 51.6389 | 45.5844 | 0 | 1 | 0 | 0 | 0 | 0 | 0 | 1 | camera | target | -0.1301 | 0 | -0.991501 | -0
SCRIPT       : DATA_LOG | 1602601 | VEZjSxlcpgu1JLRUfHGLLLMsm0wqbyJ6fy2rl33V8jg= | 7988.21 | 6.02318 | 3334.04 | 0.288579 | 0.957456 | 0 | none | 1 | 60.8559 | 45.4517 | 0 | 1 | 0 | 0 | 0 | 0 | 0 | 1 | camera | target | 0.288579 | 0 | 0.957456 | 0.288579 
SCRIPT       : DATA_LOG | 1603576 | aRapBi1cCZPZAGLIDny3dk3hQ8vTmNTLHRl8zxmKgQ0= | 7956.62 | 4.30663 | 3366.73 | -0.1301 | -0.991501 | 0 | SCARH_Black | 1 | 51.661 | 45.5813 | 0 | 1 | 0 | 0 | 0 | 0 | 0 | 1 | camera | target | -0.1301 | 0 | -0.991501 | -0.
SCRIPT       : DATA_LOG | 1603595 | VEZjSxlcpgu1JLRUfHGLLLMsm0wqbyJ6fy2rl33V8jg= | 7988.21 | 6.02318 | 3334.04 | 0.288579 | 0.957456 | 0 | none | 1 | 60.8618 | 45.4532 | 0 | 1 | 0 | 0 | 0 | 0 | 0 | 1 | camera | target | 0.288579 | 0 | 0.957456 | 0.288579 
SCRIPT       : DATA_LOG | 1604571 | aRapBi1cCZPZAGLIDny3dk3hQ8vTmNTLHRl8zxmKgQ0= | 7956.62 | 4.30663 | 3366.73 | -0.1301 | -0.991501 | 0 | SCARH_Black | 1 | 51.8679 | 45.5311 | 0 | 1 | 0 | 0 | 0 | 0 | 0 | 1 | camera | none | -0.1301 | 0 | -0.991501 | -0.1
SCRIPT       : DATA_LOG | 1604589 | VEZjSxlcpgu1JLRUfHGLLLMsm0wqbyJ6fy2rl33V8jg= | 7988.21 | 6.02318 | 3334.04 | 0.288579 | 0.957456 | 0 | none | 1 | 60.8575 | 45.4553 | 0 | 1 | 0 | 0 | 0 | 0 | 0 | 1 | camera | target | 0.288579 | 0 | 0.957456 | 0.288579 
SCRIPT       : DATA_LOG | 1605573 | aRapBi1cCZPZAGLIDny3dk3hQ8vTmNTLHRl8zxmKgQ0= | 7956.62 | 4.30663 | 3366.73 | -0.1301 | -0.991501 | 0 | SCARH_Black | 1 | 51.7767 | 45.5601 | 0 | 1 | 0 | 0 | 0 | 0 | 0 | 1 | camera | target | -0.1301 | 0 | -0.991501 | -0
SCRIPT       : DATA_LOG | 1605595 | VEZjSxlcpgu1JLRUfHGLLLMsm0wqbyJ6fy2rl33V8jg= | 7988.21 | 6.02318 | 3334.04 | 0.288579 | 0.957456 | 0 | none | 1 | 60.8622 | 45.4522 | 0 | 1 | 0 | 0 | 0 | 0 | 0 | 1 | camera | target | 0.288579 | 0 | 0.957456 | 0.288579 
SCRIPT       : DATA_LOG | 1606573 | aRapBi1cCZPZAGLIDny3dk3hQ8vTmNTLHRl8zxmKgQ0= | 7956.62 | 4.30663 | 3366.73 | -0.1301 | -0.991501 | 0 | SCARH_Black | 1 | 51.7522 | 45.5623 | 0 | 1 | 0 | 0 | 0 | 0 | 0 | 1 | camera | target | -0.1301 | 0 | -0.991501 | -0
SCRIPT       : DATA_LOG | 1606595 | VEZjSxlcpgu1JLRUfHGLLLMsm0wqbyJ6fy2rl33V8jg= | 7988.21 | 6.02318 | 3334.04 | 0.288579 | 0.957456 | 0 | none | 1 | 60.8609 | 45.4532 | 0 | 1 | 0 | 0 | 0 | 0 | 0 | 1 | camera | target | 0.288579 | 0 | 0.957456 | 0.288579 
SCRIPT       : DATA_LOG | 1607575 | aRapBi1cCZPZAGLIDny3dk3hQ8vTmNTLHRl8zxmKgQ0= | 7956.62 | 4.30663 | 3366.73 | -0.1301 | -0.991501 | 0 | SCARH_Black | 1 | 51.6658 | 45.583 | 0 | 1 | 0 | 0 | 0 | 0 | 0 | 1 | camera | target | -0.1301 | 0 | -0.991501 | -0.
SCRIPT       : DATA_LOG | 1607598 | VEZjSxlcpgu1JLRUfHGLLLMsm0wqbyJ6fy2rl33V8jg= | 7988.21 | 6.02318 | 3334.04 | 0.288579 | 0.957456 | 0 | none | 1 | 60.8586 | 45.4572 | 0 | 1 | 0 | 0 | 0 | 0 | 0 | 1 | camera | target | 0.288579 | 0 | 0.957456 | 0.288579 
SCRIPT       : DATA_LOG | 1608574 | aRapBi1cCZPZAGLIDny3dk3hQ8vTmNTLHRl8zxmKgQ0= | 7956.62 | 4.30663 | 3366.73 | -0.1301 | -0.991501 | 0 | SCARH_Black | 1 | 51.6636 | 45.5806 | 0 | 1 | 0 | 0 | 0 | 0 | 0 | 1 | camera | target | -0.1301 | 0 | -0.991501 | -0
SCRIPT       : DATA_LOG | 1608592 | VEZjSxlcpgu1JLRUfHGLLLMsm0wqbyJ6fy2rl33V8jg= | 7988.21 | 6.02318 | 3334.04 | 0.288579 | 0.957456 | 0 | none | 1 | 60.8622 | 45.4528 | 0 | 1 | 0 | 0 | 0 | 0 | 0 | 1 | camera | target | 0.288579 | 0 | 0.957456 | 0.288579 
SCRIPT       : DATA_LOG | 1609579 | aRapBi1cCZPZAGLIDny3dk3hQ8vTmNTLHRl8zxmKgQ0= | 7956.62 | 4.30663 | 3366.73 | -0.1301 | -0.991501 | 0 | SCARH_Black | 1 | 51.6383 | 45.5842 | 0 | 1 | 0 | 0 | 0 | 0 | 0 | 1 | camera | target | -0.1301 | 0 | -0.991501 | -0
SCRIPT       : DATA_LOG | 1609602 | VEZjSxlcpgu1JLRUfHGLLLMsm0wqbyJ6fy2rl33V8jg= | 7988.21 | 6.02318 | 3334.04 | 0.288579 | 0.957456 | 0 | none | 1 | 60.8607 | 45.4541 | 0 | 1 | 0 | 0 | 0 | 0 | 0 | 1 | camera | target | 0.288579 | 0 | 0.957456 | 0.288579 
SCRIPT       : DATA_LOG | 1610579 | aRapBi1cCZPZAGLIDny3dk3hQ8vTmNTLHRl8zxmKgQ0= | 7956.62 | 4.30663 | 3366.73 | -0.1301 | -0.991501 | 0 | SCARH_Black | 1 | 51.658 | 45.5817 | 0 | 1 | 0 | 0 | 0 | 0 | 0 | 1 | camera | target | -0.1301 | 0 | -0.991501 | -0.
SCRIPT       : DATA_LOG | 1610598 | VEZjSxlcpgu1JLRUfHGLLLMsm0wqbyJ6fy2rl33V8jg= | 7988.21 | 6.02318 | 3334.04 | 0.288579 | 0.957456 | 0 | none | 1 | 60.8573 | 45.4548 | 0 | 1 | 0 | 0 | 0 | 0 | 0 | 1 | camera | target | 0.288579 | 0 | 0.957456 | 0.288579 
SCRIPT       : DATA_LOG | 1611587 | aRapBi1cCZPZAGLIDny3dk3hQ8vTmNTLHRl8zxmKgQ0= | 7956.62 | 4.30663 | 3366.73 | -0.1301 | -0.991501 | 0 | SCARH_Black | 1 | 51.6529 | 45.5825 | 0 | 1 | 0 | 0 | 0 | 0 | 0 | 1 | camera | target | -0.1301 | 0 | -0.991501 | -0
SCRIPT       : DATA_LOG | 1611613 | VEZjSxlcpgu1JLRUfHGLLLMsm0wqbyJ6fy2rl33V8jg= | 7988.21 | 6.02318 | 3334.04 | 0.288579 | 0.957456 | 0 | none | 1 | 60.8633 | 45.4513 | 0 | 1 | 0 | 0 | 0 | 0 | 0 | 1 | camera | target | 0.288579 | 0 | 0.957456 | 0.288579 
SCRIPT       : DATA_LOG | 1612578 | aRapBi1cCZPZAGLIDny3dk3hQ8vTmNTLHRl8zxmKgQ0= | 7956.62 | 4.30663 | 3366.73 | -0.1301 | -0.991501 | 0 | SCARH_Black | 1 | 51.6592 | 45.585 | 0 | 1 | 0 | 0 | 0 | 0 | 0 | 1 | camera | target | -0.1301 | 0 | -0.991501 | -0.
SCRIPT       : DATA_LOG | 1612599 | VEZjSxlcpgu1JLRUfHGLLLMsm0wqbyJ6fy2rl33V8jg= | 7988.21 | 6.02318 | 3334.04 | 0.288579 | 0.957456 | 0 | none | 1 | 60.859 | 45.4541 | 0 | 1 | 0 | 0 | 0 | 0 | 0 | 1 | camera | target | 0.288579 | 0 | 0.957456 | 0.288579 |
SCRIPT       : DATA_LOG | 1613579 | aRapBi1cCZPZAGLIDny3dk3hQ8vTmNTLHRl8zxmKgQ0= | 7956.62 | 4.30663 | 3366.73 | -0.1301 | -0.991501 | 0 | SCARH_Black | 1 | 51.6618 | 45.5864 | 0 | 1 | 0 | 0 | 0 | 0 | 0 | 1 | camera | target | -0.1301 | 0 | -0.991501 | -0
SCRIPT       : DATA_LOG | 1613598 | VEZjSxlcpgu1JLRUfHGLLLMsm0wqbyJ6fy2rl33V8jg= | 7988.21 | 6.02318 | 3334.04 | 0.288579 | 0.957456 | 0 | none | 1 | 60.8586 | 45.4558 | 0 | 1 | 0 | 0 | 0 | 0 | 0 | 1 | camera | target | 0.288579 | 0 | 0.957456 | 0.288579 
SCRIPT       : DATA_LOG | 1614586 | aRapBi1cCZPZAGLIDny3dk3hQ8vTmNTLHRl8zxmKgQ0= | 7956.62 | 4.30663 | 3366.73 | -0.1301 | -0.991501 | 0 | SCARH_Black | 1 | 51.65 | 45.5878 | 0 | 1 | 0 | 0 | 0 | 0 | 0 | 1 | camera | target | -0.1301 | 0 | -0.991501 | -0.1
SCRIPT       : DATA_LOG | 1614610 | VEZjSxlcpgu1JLRUfHGLLLMsm0wqbyJ6fy2rl33V8jg= | 7988.21 | 6.02318 | 3334.04 | 0.288579 | 0.957456 | 0 | none | 1 | 60.8624 | 45.4527 | 0 | 1 | 0 | 0 | 0 | 0 | 0 | 1 | camera | target | 0.288579 | 0 | 0.957456 | 0.288579 
SCRIPT       : DATA_LOG | 1615581 | aRapBi1cCZPZAGLIDny3dk3hQ8vTmNTLHRl8zxmKgQ0= | 7956.62 | 4.30663 | 3366.73 | -0.1301 | -0.991501 | 0 | SCARH_Black | 1 | 51.6655 | 45.5804 | 0 | 1 | 0 | 0 | 0 | 0 | 0 | 1 | camera | target | -0.1301 | 0 | -0.991501 | -0
SCRIPT       : DATA_LOG | 1615601 | VEZjSxlcpgu1JLRUfHGLLLMsm0wqbyJ6fy2rl33V8jg= | 7988.21 | 6.02318 | 3334.04 | 0.288579 | 0.957456 | 0 | none | 1 | 60.8588 | 45.4543 | 0 | 1 | 0 | 0 | 0 | 0 | 0 | 1 | camera | target | 0.288579 | 0 | 0.957456 | 0.288579 
SCRIPT       : DATA_LOG | 1616581 | aRapBi1cCZPZAGLIDny3dk3hQ8vTmNTLHRl8zxmKgQ0= | 7956.62 | 4.30663 | 3366.73 | -0.1301 | -0.991501 | 0 | SCARH_Black | 1 | 51.6393 | 45.5833 | 0 | 1 | 0 | 0 | 0 | 0 | 0 | 1 | camera | target | -0.1301 | 0 | -0.991501 | -0
SCRIPT       : DATA_LOG | 1616599 | VEZjSxlcpgu1JLRUfHGLLLMsm0wqbyJ6fy2rl33V8jg= | 7988.21 | 6.02318 | 3334.04 | 0.288579 | 0.957456 | 0 | none | 1 | 60.8579 | 45.4536 | 0 | 1 | 0 | 0 | 0 | 0 | 0 | 1 | camera | target | 0.288579 | 0 | 0.957456 | 0.288579 
SCRIPT       : DATA_LOG | 1617584 | aRapBi1cCZPZAGLIDny3dk3hQ8vTmNTLHRl8zxmKgQ0= | 7956.62 | 4.30663 | 3366.73 | -0.1301 | -0.991501 | 0 | SCARH_Black | 1 | 51.6542 | 45.5822 | 0 | 1 | 0 | 0 | 0 | 0 | 0 | 1 | camera | target | -0.1301 | 0 | -0.991501 | -0
SCRIPT       : DATA_LOG | 1617603 | VEZjSxlcpgu1JLRUfHGLLLMsm0wqbyJ6fy2rl33V8jg= | 7988.21 | 6.02318 | 3334.04 | 0.288579 | 0.957456 | 0 | none | 1 | 60.8635 | 45.4518 | 0 | 1 | 0 | 0 | 0 | 0 | 0 | 1 | camera | target | 0.288579 | 0 | 0.957456 | 0.288579 
SCRIPT       : DATA_LOG | 1618584 | aRapBi1cCZPZAGLIDny3dk3hQ8vTmNTLHRl8zxmKgQ0= | 7956.62 | 4.30663 | 3366.73 | -0.1301 | -0.991501 | 0 | SCARH_Black | 1 | 51.6559 | 45.5828 | 0 | 1 | 0 | 0 | 0 | 0 | 0 | 1 | camera | target | -0.1301 | 0 | -0.991501 | -0
SCRIPT       : DATA_LOG | 1618605 | VEZjSxlcpgu1JLRUfHGLLLMsm0wqbyJ6fy2rl33V8jg= | 7988.21 | 6.02318 | 3334.04 | 0.288579 | 0.957456 | 0 | none | 1 | 60.8586 | 45.4565 | 0 | 1 | 0 | 0 | 0 | 0 | 0 | 1 | camera | target | 0.288579 | 0 | 0.957456 | 0.288579 
SCRIPT       : DATA_LOG | 1619592 | aRapBi1cCZPZAGLIDny3dk3hQ8vTmNTLHRl8zxmKgQ0= | 7956.62 | 4.30663 | 3366.73 | -0.1301 | -0.991501 | 0 | SCARH_Black | 1 | 51.6566 | 45.5844 | 0 | 1 | 0 | 0 | 0 | 0 | 0 | 1 | camera | target | -0.1301 | 0 | -0.991501 | -0
SCRIPT       : DATA_LOG | 1619620 | VEZjSxlcpgu1JLRUfHGLLLMsm0wqbyJ6fy2rl33V8jg= | 7988.21 | 6.02318 | 3334.04 | 0.288579 | 0.957456 | 0 | none | 1 | 60.859 | 45.4541 | 0 | 1 | 0 | 0 | 0 | 0 | 0 | 1 | camera | target | 0.288579 | 0 | 0.957456 | 0.288579 |
SCRIPT       : DATA_LOG | 1620588 | aRapBi1cCZPZAGLIDny3dk3hQ8vTmNTLHRl8zxmKgQ0= | 7956.62 | 4.30663 | 3366.73 | -0.1301 | -0.991501 | 0 | SCARH_Black | 1 | 51.6629 | 45.5855 | 0 | 1 | 0 | 0 | 0 | 0 | 0 | 1 | camera | target | -0.1301 | 0 | -0.991501 | -0
SCRIPT       : DATA_LOG | 1620612 | VEZjSxlcpgu1JLRUfHGLLLMsm0wqbyJ6fy2rl33V8jg= | 7988.21 | 6.02318 | 3334.04 | 0.288579 | 0.957456 | 0 | none | 1 | 60.862 | 45.453 | 0 | 1 | 0 | 0 | 0 | 0 | 0 | 1 | camera | target | 0.288579 | 0 | 0.957456 | 0.288579 | 
SCRIPT       : DATA_LOG | 1621589 | aRapBi1cCZPZAGLIDny3dk3hQ8vTmNTLHRl8zxmKgQ0= | 7956.62 | 4.30663 | 3366.73 | -0.1301 | -0.991501 | 0 | SCARH_Black | 1 | 51.6508 | 45.5871 | 0 | 1 | 0 | 0 | 0 | 0 | 0 | 1 | camera | target | -0.1301 | 0 | -0.991501 | -0
SCRIPT       : DATA_LOG | 1621608 | VEZjSxlcpgu1JLRUfHGLLLMsm0wqbyJ6fy2rl33V8jg= | 7988.21 | 6.02318 | 3334.04 | 0.288579 | 0.957456 | 0 | none | 1 | 60.8579 | 45.455 | 0 | 1 | 0 | 0 | 0 | 0 | 0 | 1 | camera | target | 0.288579 | 0 | 0.957456 | 0.288579 |
SCRIPT       : DATA_LOG | 1622588 | aRapBi1cCZPZAGLIDny3dk3hQ8vTmNTLHRl8zxmKgQ0= | 7956.62 | 4.30663 | 3366.73 | -0.1301 | -0.991501 | 0 | SCARH_Black | 1 | 51.6653 | 45.5812 | 0 | 1 | 0 | 0 | 0 | 0 | 0 | 1 | camera | target | -0.1301 | 0 | -0.991501 | -0
SCRIPT       : DATA_LOG | 1622607 | VEZjSxlcpgu1JLRUfHGLLLMsm0wqbyJ6fy2rl33V8jg= | 7988.21 | 6.02318 | 3334.04 | 0.288579 | 0.957456 | 0 | none | 1 | 60.8607 | 45.4534 | 0 | 1 | 0 | 0 | 0 | 0 | 0 | 1 | camera | target | 0.288579 | 0 | 0.957456 | 0.288579 
SCRIPT       : DATA_LOG | 1623590 | aRapBi1cCZPZAGLIDny3dk3hQ8vTmNTLHRl8zxmKgQ0= | 7956.62 | 4.30663 | 3366.73 | -0.1301 | -0.991501 | 0 | SCARH_Black | 1 | 51.6439 | 45.5824 | 0 | 1 | 0 | 0 | 0 | 0 | 0 | 1 | camera | target | -0.1301 | 0 | -0.991501 | -0
SCRIPT       : DATA_LOG | 1623608 | VEZjSxlcpgu1JLRUfHGLLLMsm0wqbyJ6fy2rl33V8jg= | 7988.21 | 6.02318 | 3334.04 | 0.288579 | 0.957456 | 0 | none | 1 | 60.8618 | 45.4525 | 0 | 1 | 0 | 0 | 0 | 0 | 0 | 1 | camera | target | 0.288579 | 0 | 0.957456 | 0.288579 
SCRIPT       : DATA_LOG | 1624594 | aRapBi1cCZPZAGLIDny3dk3hQ8vTmNTLHRl8zxmKgQ0= | 7956.62 | 4.30663 | 3366.73 | -0.1301 | -0.991501 | 0 | SCARH_Black | 1 | 51.6503 | 45.5826 | 0 | 1 | 0 | 0 | 0 | 0 | 0 | 1 | camera | target | -0.1301 | 0 | -0.991501 | -0
SCRIPT       : DATA_LOG | 1624615 | VEZjSxlcpgu1JLRUfHGLLLMsm0wqbyJ6fy2rl33V8jg= | 7988.21 | 6.02318 | 3334.04 | 0.288579 | 0.957456 | 0 | none | 1 | 60.8586 | 45.4572 | 0 | 1 | 0 | 0 | 0 | 0 | 0 | 1 | camera | target | 0.288579 | 0 | 0.957456 | 0.288579 
SCRIPT       : DATA_LOG | 1625595 | aRapBi1cCZPZAGLIDny3dk3hQ8vTmNTLHRl8zxmKgQ0= | 7956.62 | 4.30663 | 3366.73 | -0.1301 | -0.991501 | 0 | SCARH_Black | 1 | 51.6587 | 45.5826 | 0 | 1 | 0 | 0 | 0 | 0 | 0 | 1 | camera | target | -0.1301 | 0 | -0.991501 | -0
SCRIPT       : DATA_LOG | 1625617 | VEZjSxlcpgu1JLRUfHGLLLMsm0wqbyJ6fy2rl33V8jg= | 7988.21 | 6.02318 | 3334.04 | 0.288579 | 0.957456 | 0 | none | 1 | 60.8614 | 45.4535 | 0 | 1 | 0 | 0 | 0 | 0 | 0 | 1 | camera | target | 0.288579 | 0 | 0.957456 | 0.288579 
SCRIPT       : DATA_LOG | 1626593 | aRapBi1cCZPZAGLIDny3dk3hQ8vTmNTLHRl8zxmKgQ0= | 7956.62 | 4.30663 | 3366.73 | -0.1301 | -0.991501 | 0 | SCARH_Black | 1 | 51.6548 | 45.583 | 0 | 1 | 0 | 0 | 0 | 0 | 0 | 1 | camera | target | -0.1301 | 0 | -0.991501 | -0.
SCRIPT       : DATA_LOG | 1626610 | VEZjSxlcpgu1JLRUfHGLLLMsm0wqbyJ6fy2rl33V8jg= | 7988.21 | 6.02318 | 3334.04 | 0.288579 | 0.957456 | 0 | none | 1 | 60.8616 | 45.4534 | 0 | 1 | 0 | 0 | 0 | 0 | 0 | 1 | camera | target | 0.288579 | 0 | 0.957456 | 0.288579 
SCRIPT       : DATA_LOG | 1627599 | aRapBi1cCZPZAGLIDny3dk3hQ8vTmNTLHRl8zxmKgQ0= | 7956.62 | 4.30663 | 3366.73 | -0.1301 | -0.991501 | 0 | SCARH_Black | 1 | 51.6635 | 45.585 | 0 | 1 | 0 | 0 | 0 | 0 | 0 | 1 | camera | target | -0.1301 | 0 | -0.991501 | -0.
SCRIPT       : DATA_LOG | 1627622 | VEZjSxlcpgu1JLRUfHGLLLMsm0wqbyJ6fy2rl33V8jg= | 7988.21 | 6.02318 | 3334.04 | 0.288579 | 0.957456 | 0 | none | 1 | 60.8002 | 45.444 | 0 | 1 | 0 | 0 | 0 | 0 | 0 | 1 | camera | target | 0.288579 | 0 | 0.957456 | 0.288579 |
SCRIPT       : DATA_LOG | 1628597 | aRapBi1cCZPZAGLIDny3dk3hQ8vTmNTLHRl8zxmKgQ0= | 7956.62 | 4.30663 | 3366.73 | -0.1301 | -0.991501 | 0 | SCARH_Black | 1 | 51.6538 | 45.5867 | 0 | 1 | 0 | 0 | 0 | 0 | 0 | 1 | camera | target | -0.1301 | 0 | -0.991501 | -0
SCRIPT       : DATA_LOG | 1628621 | VEZjSxlcpgu1JLRUfHGLLLMsm0wqbyJ6fy2rl33V8jg= | 7988.21 | 6.02318 | 3334.04 | 0.288579 | 0.957456 | 0 | none | 1 | 60.9552 | 45.4036 | 0 | 1 | 0 | 0 | 0 | 0 | 0 | 1 | camera | none | 0.288579 | 0 | 0.957456 | 0.288579 | 
SCRIPT       : DATA_LOG | 1629597 | aRapBi1cCZPZAGLIDny3dk3hQ8vTmNTLHRl8zxmKgQ0= | 7956.62 | 4.30663 | 3366.73 | -0.1301 | -0.991501 | 0 | SCARH_Black | 1 | 51.6655 | 45.5838 | 0 | 1 | 0 | 0 | 0 | 0 | 0 | 1 | camera | target | -0.1301 | 0 | -0.991501 | -0
SCRIPT       : DATA_LOG | 1629623 | VEZjSxlcpgu1JLRUfHGLLLMsm0wqbyJ6fy2rl33V8jg= | 7988.21 | 6.02318 | 3334.04 | 0.288579 | 0.957456 | 0 | none | 1 | 60.8185 | 45.4023 | 0 | 1 | 0 | 0 | 0 | 0 | 0 | 1 | camera | none | 0.288579 | 0 | 0.957456 | 0.288579 | 
SCRIPT       : DATA_LOG | 1630599 | aRapBi1cCZPZAGLIDny3dk3hQ8vTmNTLHRl8zxmKgQ0= | 7956.62 | 4.30663 | 3366.73 | 0.945283 | -0.326252 | 0 | SCARH_Black | 1 | 27.0561 | 45.4954 | 0 | 1 | 0 | 0 | 0 | 0 | 0 | 1 | camera | none | 0.945283 | 0 | -0.326252 | 0.
SCRIPT       : DATA_LOG | 1630624 | VEZjSxlcpgu1JLRUfHGLLLMsm0wqbyJ6fy2rl33V8jg= | 7988.21 | 6.02318 | 3334.04 | 0.288579 | 0.957456 | 0 | none | 1 | 60.7441 | 45.419 | 0 | 1 | 0 | 0 | 0 | 0 | 0 | 1 | camera | none | 0.288579 | 0 | 0.957456 | 0.288579 | 0
SCRIPT       : DATA_LOG | 1631599 | aRapBi1cCZPZAGLIDny3dk3hQ8vTmNTLHRl8zxmKgQ0= | 7957.49 | 4.29923 | 3365.82 | 0.572827 | -0.819676 | 0 | SCARH_Black | 1 | 10.0801 | 44.327 | 0 | 1 | 0 | 0 | 0 | 0 | 0 | 1 | camera | target | 0.572827 | 0 | -0.819676 | 0
SCRIPT       : DATA_LOG | 1631622 | VEZjSxlcpgu1JLRUfHGLLLMsm0wqbyJ6fy2rl33V8jg= | 7988.21 | 6.02318 | 3334.04 | 0.288579 | 0.957456 | 0 | none | 1 | 60.8168 | 44.0731 | 0 | 1 | 0 | 0 | 0 | 0 | 0 | 1 | camera | target | 0.288579 | 0 | 0.957456 | 0.288579 
SCRIPT       : DATA_LOG | 1632600 | aRapBi1cCZPZAGLIDny3dk3hQ8vTmNTLHRl8zxmKgQ0= | 7960.32 | 4.39327 | 3362.14 | 0.683559 | -0.729895 | 0 | SCARH_Black | 1 | 4.98354 | 39.7211 | 0 | 1 | 0 | 1 | 0 | 0 | 0 | 1 | camera | target | 0.683559 | 0 | -0.729895 | 
SCRIPT       : DATA_LOG | 1632621 | VEZjSxlcpgu1JLRUfHGLLLMsm0wqbyJ6fy2rl33V8jg= | 7988.21 | 6.02318 | 3334.04 | 0.288579 | 0.957456 | 0 | none | 1 | 61.5836 | 39.2272 | 0 | 1 | 0 | 0 | 0 | 0 | 0 | 1 | camera | none | 0.288579 | 0 | 0.957456 | 0.288579 | 
SCRIPT       : DATA_LOG | 1633603 | aRapBi1cCZPZAGLIDny3dk3hQ8vTmNTLHRl8zxmKgQ0= | 7965 | 4.61772 | 3358.87 | 0.783489 | -0.621406 | 0 | SCARH_Black | 0 | 9.41874 | 34.0349 | 0 | 1 | 0 | 0 | 0 | 0 | 0 | 1 | camera |  | 0.783489 | 0 | -0.621406 | 0.783489 
SCRIPT       : DATA_LOG | 1633627 | VEZjSxlcpgu1JLRUfHGLLLMsm0wqbyJ6fy2rl33V8jg= | 7988.21 | 6.02318 | 3334.04 | 0.288579 | 0.957456 | 0 | none | 1 | 59.7883 | 33.5937 | 0 | 1 | 0 | 0 | 0 | 0 | 0 | 1 | camera | none | 0.288579 | 0 | 0.957456 | 0.288579 | 
SCRIPT       : DATA_LOG | 1634607 | aRapBi1cCZPZAGLIDny3dk3hQ8vTmNTLHRl8zxmKgQ0= | 7971.03 | 5.07782 | 3356.04 | 0.686619 | -0.727017 | 0 | SCARH_Black | 0 | 7.34825 | 28.0086 | 0 | 1 | 0 | 0 | 0 | 0 | 0 | 1 | camera |  | 0.686619 | 0 | -0.727017 | 0.6866
SCRIPT       : DATA_LOG | 1634634 | VEZjSxlcpgu1JLRUfHGLLLMsm0wqbyJ6fy2rl33V8jg= | 7988.21 | 6.02318 | 3334.04 | 0.288579 | 0.957456 | 0 | none | 0 | 54.5895 | 27.5314 | 0 | 1 | 0 | 0 | 0 | 0 | 0 | 1 | camera |  | 0.288579 | 0 | 0.957456 | 0.288579 | 0 | 
SCRIPT       : DATA_LOG | 1635605 | aRapBi1cCZPZAGLIDny3dk3hQ8vTmNTLHRl8zxmKgQ0= | 7975.83 | 5.4587 | 3351.38 | 0.680179 | -0.733046 | 0 | SCARH_Black | 0 | 9.11568 | 21.386 | 0 | 1 | 0 | 0 | 0 | 0 | 0 | 1 | camera |  | 0.680179 | 0 | -0.733046 | 0.680179
SCRIPT       : DATA_LOG | 1635628 | VEZjSxlcpgu1JLRUfHGLLLMsm0wqbyJ6fy2rl33V8jg= | 7988.21 | 6.02318 | 3334.04 | 0.288579 | 0.957456 | 0 | none | 1 | 52.0519 | 20.952 | 0 | 1 | 0 | 0 | 0 | 0 | 0 | 1 | camera | none | 0.288579 | 0 | 0.957456 | 0.288579 | 0
SCRIPT       : DATA_LOG | 1636606 | aRapBi1cCZPZAGLIDny3dk3hQ8vTmNTLHRl8zxmKgQ0= | 7982.25 | 5.76583 | 3349.47 | 0.610097 | -0.792327 | 0 | SCARH_Black | 1 | 17.5595 | 16.6329 | 0 | 1 | 0 | 0 | 0 | 0 | 0 | 1 | camera | target | 0.610097 | 0 | -0.792327 | 
SCRIPT       : DATA_LOG | 1636628 | VEZjSxlcpgu1JLRUfHGLLLMsm0wqbyJ6fy2rl33V8jg= | 7988.21 | 6.02318 | 3334.04 | 0.288579 | 0.957456 | 0 | none | 1 | 37.3115 | 16.2916 | 0 | 1 | 0 | 0 | 0 | 0 | 0 | 1 | camera | none | 0.288579 | 0 | 0.957456 | 0.288579 | 
SCRIPT       : DATA_LOG | 1637609 | aRapBi1cCZPZAGLIDny3dk3hQ8vTmNTLHRl8zxmKgQ0= | 7987.27 | 6.31753 | 3345.21 | 0.238242 | -0.971206 | 0 | SCARH_Black | 0 | 11.0886 | 11.2708 | 0 | 1 | 0 | 0 | 0 | 0 | 0 | 1 | camera |  | 0.238242 | 0 | -0.971206 | 0.2382
SCRIPT       : DATA_LOG | 1637634 | VEZjSxlcpgu1JLRUfHGLLLMsm0wqbyJ6fy2rl33V8jg= | 7988.21 | 6.02318 | 3334.04 | 0.288579 | 0.957456 | 0 | none | 1 | 22.7044 | 11.0201 | 0 | 1 | 0 | 0 | 0 | 0 | 0 | 1 | camera | none | 0.288579 | 0 | 0.957456 | 0.288579 | 
SCRIPT       : DATA_LOG | 1638608 | aRapBi1cCZPZAGLIDny3dk3hQ8vTmNTLHRl8zxmKgQ0= | 7988.41 | 5.97962 | 3343.16 | -0.08583 | -0.99631 | 0 | SCARH_Black | 1 | 10.9685 | 9.25944 | 0 | 1 | 0 | 0 | 0 | 0 | 0 | 1 | camera | target | -0.08583 | 0 | -0.99631 | -0
SCRIPT       : DATA_LOG | 1638635 | VEZjSxlcpgu1JLRUfHGLLLMsm0wqbyJ6fy2rl33V8jg= | 7988.21 | 6.02318 | 3334.04 | 0.288579 | 0.957456 | 0 | none | 1 | 18.2511 | 9.16515 | 0 | 1 | 0 | 0 | 0 | 0 | 0 | 1 | camera | target | 0.288579 | 0 | 0.957456 | 0.288579 
SCRIPT       : DATA_LOG | 1639616 | aRapBi1cCZPZAGLIDny3dk3hQ8vTmNTLHRl8zxmKgQ0= | 7988.53 | 6.00349 | 3339.63 | -0.0962759 | -0.995355 | 0 | SCARH_Black | 1 | 16.4797 | 5.80975 | 0 | 1 | 0 | 0 | 0 | 0 | 0 | 1 | camera | target | -0.0962759 | 0 | -0.99535
SCRIPT       : DATA_LOG | 1639642 | VEZjSxlcpgu1JLRUfHGLLLMsm0wqbyJ6fy2rl33V8jg= | 7988.21 | 6.02318 | 3334.04 | 0.288579 | 0.957456 | 0 | none | 1 | 20.9071 | 5.69972 | 0 | 1 | 0 | 0 | 0 | 0 | 0 | 1 | camera | target | 0.288579 | 0 | 0.957456 | 0.288579 
SCRIPT       : DATA_LOG | 1640612 | aRapBi1cCZPZAGLIDny3dk3hQ8vTmNTLHRl8zxmKgQ0= | 7988.23 | 6.01789 | 3336 | -0.0953508 | -0.995444 | 0 | SCARH_Black | 1 | 40.1163 | 2.52557 | 0 | 1 | 0 | 0 | 0 | 0 | 0 | 1 | camera | target | -0.0953508 | 0 | -0.995444 |
SCRIPT       : DATA_LOG | 1640637 | VEZjSxlcpgu1JLRUfHGLLLMsm0wqbyJ6fy2rl33V8jg= | 7988.21 | 6.02318 | 3334.04 | 0.288579 | 0.957456 | 0 | none | 1 | 42.9082 | 2.44849 | 0 | 1 | 0 | 0 | 0 | 0 | 0 | 1 | camera | target | 0.288579 | 0 | 0.957456 | 0.288579 
SCRIPT       : DATA_LOG | 1641616 | aRapBi1cCZPZAGLIDny3dk3hQ8vTmNTLHRl8zxmKgQ0= | 7988.16 | 6.01994 | 3335.27 | -0.0944596 | -0.995529 | 0 | SCARH_Black | 1 | 53.6177 | 2.01959 | 0 | 1 | 0 | 0 | 0 | 0 | 0 | 1 | camera | target | -0.0944596 | 0 | -0.99552
SCRIPT       : DATA_LOG | 1641642 | VEZjSxlcpgu1JLRUfHGLLLMsm0wqbyJ6fy2rl33V8jg= | 7988.21 | 6.02318 | 3334.04 | 0.288579 | 0.957456 | 0 | none | 1 | 56.3662 | 1.98546 | 0 | 1 | 0 | 0 | 0 | 0 | 0 | 1 | camera | target | 0.288579 | 0 | 0.957456 | 0.288579 
SCRIPT       : DATA_LOG | 1642614 | aRapBi1cCZPZAGLIDny3dk3hQ8vTmNTLHRl8zxmKgQ0= | 7988.16 | 6.01994 | 3335.27 | -0.0944596 | -0.995529 | 0 | SCARH_Black | 1 | 53.5331 | 2.02136 | 0 | 1 | 0 | 0 | 0 | 0 | 0 | 1 | camera | target | -0.0944596 | 0 | -0.99552
SCRIPT       : DATA_LOG | 1642639 | VEZjSxlcpgu1JLRUfHGLLLMsm0wqbyJ6fy2rl33V8jg= | 7988.21 | 6.02318 | 3334.04 | 0.288579 | 0.957456 | 0 | none | 1 | 56.3757 | 1.98494 | 0 | 1 | 0 | 0 | 0 | 0 | 0 | 1 | camera | target | 0.288579 | 0 | 0.957456 | 0.288579 
SCRIPT       : DATA_LOG | 1643615 | aRapBi1cCZPZAGLIDny3dk3hQ8vTmNTLHRl8zxmKgQ0= | 7988.16 | 6.01994 | 3335.27 | -0.0944596 | -0.995529 | 0 | SCARH_Black | 1 | 53.4935 | 2.02215 | 0 | 1 | 0 | 0 | 0 | 0 | 0 | 1 | camera | target | -0.0944596 | 0 | -0.99552
SCRIPT       : DATA_LOG | 1643641 | VEZjSxlcpgu1JLRUfHGLLLMsm0wqbyJ6fy2rl33V8jg= | 7988.21 | 6.02318 | 3334.04 | 0.288579 | 0.957456 | 0 | none | 1 | 56.4467 | 1.98348 | 0 | 1 | 0 | 0 | 0 | 0 | 0 | 1 | camera | target | 0.288579 | 0 | 0.957456 | 0.288579 
SCRIPT       : DATA_LOG | 1644618 | aRapBi1cCZPZAGLIDny3dk3hQ8vTmNTLHRl8zxmKgQ0= | 7988.16 | 6.01994 | 3335.27 | -0.0944596 | -0.995529 | 0 | SCARH_Black | 1 | 53.6177 | 2.01865 | 0 | 1 | 0 | 0 | 0 | 0 | 0 | 1 | camera | target | -0.0944596 | 0 | -0.99552
SCRIPT       : DATA_LOG | 1644640 | VEZjSxlcpgu1JLRUfHGLLLMsm0wqbyJ6fy2rl33V8jg= | 7988.21 | 6.02318 | 3334.04 | 0.288579 | 0.957456 | 0 | none | 1 | 56.3436 | 1.98606 | 0 | 1 | 0 | 0 | 0 | 0 | 0 | 1 | camera | target | 0.288579 | 0 | 0.957456 | 0.288579 
SCRIPT       : DATA_LOG | 1645615 | aRapBi1cCZPZAGLIDny3dk3hQ8vTmNTLHRl8zxmKgQ0= | 7988.16 | 6.01994 | 3335.27 | -0.0944596 | -0.995529 | 0 | SCARH_Black | 1 | 53.3083 | 2.02775 | 0 | 1 | 0 | 0 | 0 | 0 | 0 | 1 | camera | target | -0.0944596 | 0 | -0.99552
SCRIPT       : DATA_LOG | 1645634 | VEZjSxlcpgu1JLRUfHGLLLMsm0wqbyJ6fy2rl33V8jg= | 7988.21 | 6.02318 | 3334.04 | 0.288579 | 0.957456 | 0 | none | 1 | 56.3719 | 1.985 | 0 | 1 | 0 | 0 | 0 | 0 | 0 | 1 | camera | target | 0.288579 | 0 | 0.957456 | 0.288579 | 
SCRIPT       : DATA_LOG | 1646620 | aRapBi1cCZPZAGLIDny3dk3hQ8vTmNTLHRl8zxmKgQ0= | 7988.16 | 6.01994 | 3335.27 | -0.0944596 | -0.995529 | 0 | SCARH_Black | 1 | 53.6309 | 2.01774 | 0 | 1 | 0 | 0 | 0 | 0 | 0 | 1 | camera | target | -0.0944596 | 0 | -0.99552
SCRIPT       : DATA_LOG | 1646646 | VEZjSxlcpgu1JLRUfHGLLLMsm0wqbyJ6fy2rl33V8jg= | 7988.21 | 6.02318 | 3334.04 | 0.288579 | 0.957456 | 0 | none | 1 | 56.4482 | 1.98356 | 0 | 1 | 0 | 0 | 0 | 0 | 0 | 1 | camera | target | 0.288579 | 0 | 0.957456 | 0.288579 
SCRIPT       : DATA_LOG | 1647622 | aRapBi1cCZPZAGLIDny3dk3hQ8vTmNTLHRl8zxmKgQ0= | 7988.16 | 6.01994 | 3335.27 | -0.0944596 | -0.995529 | 0 | SCARH_Black | 1 | 53.4843 | 2.02231 | 0 | 1 | 0 | 0 | 0 | 0 | 0 | 1 | camera | target | -0.0944596 | 0 | -0.99552
SCRIPT       : DATA_LOG | 1647648 | VEZjSxlcpgu1JLRUfHGLLLMsm0wqbyJ6fy2rl33V8jg= | 7988.21 | 6.02318 | 3334.04 | 0.288579 | 0.957456 | 0 | none | 1 | 56.3448 | 1.98653 | 0 | 1 | 0 | 0 | 0 | 0 | 0 | 1 | camera | target | 0.288579 | 0 | 0.957456 | 0.288579 
SCRIPT       : DATA_LOG | 1648624 | aRapBi1cCZPZAGLIDny3dk3hQ8vTmNTLHRl8zxmKgQ0= | 7988.16 | 6.01994 | 3335.27 | -0.0944596 | -0.995529 | 0 | SCARH_Black | 1 | 53.5949 | 2.02021 | 0 | 1 | 0 | 0 | 0 | 0 | 0 | 1 | camera | target | -0.0944596 | 0 | -0.99552
SCRIPT       : DATA_LOG | 1648653 | VEZjSxlcpgu1JLRUfHGLLLMsm0wqbyJ6fy2rl33V8jg= | 7988.21 | 6.02318 | 3334.04 | 0.288579 | 0.957456 | 0 | none | 1 | 56.4258 | 1.98366 | 0 | 1 | 0 | 0 | 0 | 0 | 0 | 1 | camera | target | 0.288579 | 0 | 0.957456 | 0.288579 
SCRIPT       : DATA_LOG | 1649627 | aRapBi1cCZPZAGLIDny3dk3hQ8vTmNTLHRl8zxmKgQ0= | 7988.16 | 6.01994 | 3335.27 | -0.0944596 | -0.995529 | 0 | SCARH_Black | 1 | 53.5532 | 2.02101 | 0 | 1 | 0 | 0 | 0 | 0 | 0 | 1 | camera | target | -0.0944596 | 0 | -0.99552
SCRIPT       : DATA_LOG | 1649657 | VEZjSxlcpgu1JLRUfHGLLLMsm0wqbyJ6fy2rl33V8jg= | 7988.21 | 6.02318 | 3334.04 | 0.288579 | 0.957456 | 0 | none | 1 | 56.4339 | 1.98366 | 0 | 1 | 0 | 0 | 0 | 0 | 0 | 1 | camera | target | 0.288579 | 0 | 0.957456 | 0.288579 
SCRIPT       : DATA_LOG | 1650622 | aRapBi1cCZPZAGLIDny3dk3hQ8vTmNTLHRl8zxmKgQ0= | 7988.16 | 6.01994 | 3335.27 | -0.0944596 | -0.995529 | 0 | SCARH_Black | 1 | 53.4204 | 2.02469 | 0 | 1 | 0 | 0 | 0 | 0 | 0 | 1 | camera | target | -0.0944596 | 0 | -0.99552
SCRIPT       : DATA_LOG | 1650644 | VEZjSxlcpgu1JLRUfHGLLLMsm0wqbyJ6fy2rl33V8jg= | 7988.21 | 6.02318 | 3334.04 | 0.288579 | 0.957456 | 0 | none | 1 | 56.3395 | 1.98626 | 0 | 1 | 0 | 0 | 0 | 0 | 0 | 1 | camera | target | 0.288579 | 0 | 0.957456 | 0.288579 
SCRIPT       : DATA_LOG | 1651625 | aRapBi1cCZPZAGLIDny3dk3hQ8vTmNTLHRl8zxmKgQ0= | 7988.16 | 6.01994 | 3335.27 | -0.0944596 | -0.995529 | 0 | SCARH_Black | 1 | 53.6714 | 2.0168 | 0 | 1 | 0 | 0 | 0 | 0 | 0 | 1 | camera | target | -0.0944596 | 0 | -0.995529
SCRIPT       : DATA_LOG | 1651651 | VEZjSxlcpgu1JLRUfHGLLLMsm0wqbyJ6fy2rl33V8jg= | 7988.21 | 6.02318 | 3334.04 | 0.288579 | 0.957456 | 0 | none | 1 | 56.4509 | 1.98294 | 0 | 1 | 0 | 0 | 0 | 0 | 0 | 1 | camera | target | 0.288579 | 0 | 0.957456 | 0.288579 
SCRIPT       : DATA_LOG | 1652629 | aRapBi1cCZPZAGLIDny3dk3hQ8vTmNTLHRl8zxmKgQ0= | 7988.16 | 6.01994 | 3335.27 | -0.0944596 | -0.995529 | 0 | SCARH_Black | 1 | 53.2959 | 2.02813 | 0 | 1 | 0 | 0 | 0 | 0 | 0 | 1 | camera | target | -0.0944596 | 0 | -0.99552
SCRIPT       : DATA_LOG | 1652657 | VEZjSxlcpgu1JLRUfHGLLLMsm0wqbyJ6fy2rl33V8jg= | 7988.21 | 6.02318 | 3334.04 | 0.288579 | 0.957456 | 0 | none | 1 | 56.4022 | 1.98463 | 0 | 1 | 0 | 0 | 0 | 0 | 0 | 1 | camera | target | 0.288579 | 0 | 0.957456 | 0.288579 
SCRIPT       : DATA_LOG | 1653625 | aRapBi1cCZPZAGLIDny3dk3hQ8vTmNTLHRl8zxmKgQ0= | 7988.16 | 6.01994 | 3335.27 | -0.0944596 | -0.995529 | 0 | SCARH_Black | 1 | 53.5908 | 2.019 | 0 | 1 | 0 | 0 | 0 | 0 | 0 | 1 | camera | target | -0.0944596 | 0 | -0.995529 
SCRIPT       : DATA_LOG | 1653651 | VEZjSxlcpgu1JLRUfHGLLLMsm0wqbyJ6fy2rl33V8jg= | 7988.21 | 6.02318 | 3334.04 | 0.288579 | 0.957456 | 0 | none | 1 | 56.3454 | 1.9864 | 0 | 1 | 0 | 0 | 0 | 0 | 0 | 1 | camera | target | 0.288579 | 0 | 0.957456 | 0.288579 |
SCRIPT       : DATA_LOG | 1654629 | aRapBi1cCZPZAGLIDny3dk3hQ8vTmNTLHRl8zxmKgQ0= | 7988.16 | 6.01994 | 3335.27 | -0.0944596 | -0.995529 | 0 | SCARH_Black | 1 | 53.5024 | 2.02179 | 0 | 1 | 0 | 0 | 0 | 0 | 0 | 1 | camera | target | -0.0944596 | 0 | -0.99552
SCRIPT       : DATA_LOG | 1654653 | VEZjSxlcpgu1JLRUfHGLLLMsm0wqbyJ6fy2rl33V8jg= | 7988.21 | 6.02318 | 3334.04 | 0.288579 | 0.957456 | 0 | none | 1 | 56.4437 | 1.98333 | 0 | 1 | 0 | 0 | 0 | 0 | 0 | 1 | camera | target | 0.288579 | 0 | 0.957456 | 0.288579 
SCRIPT       : DATA_LOG | 1655633 | aRapBi1cCZPZAGLIDny3dk3hQ8vTmNTLHRl8zxmKgQ0= | 7988.16 | 6.01994 | 3335.27 | -0.0944596 | -0.995529 | 0 | SCARH_Black | 1 | 53.5733 | 2.02057 | 0 | 1 | 0 | 0 | 0 | 0 | 0 | 1 | camera | target | -0.0944596 | 0 | -0.99552
SCRIPT       : DATA_LOG | 1655662 | VEZjSxlcpgu1JLRUfHGLLLMsm0wqbyJ6fy2rl33V8jg= | 7988.21 | 6.02318 | 3334.04 | 0.288579 | 0.957456 | 0 | none | 1 | 56.1814 | 1.98918 | 0 | 1 | 0 | 0 | 0 | 0 | 0 | 1 | camera | target | 0.288579 | 0 | 0.957456 | 0.288579 
SCRIPT       : DATA_LOG | 1656627 | aRapBi1cCZPZAGLIDny3dk3hQ8vTmNTLHRl8zxmKgQ0= | 7988.16 | 6.01994 | 3335.27 | -0.0944596 | -0.995529 | 0 | SCARH_Black | 1 | 53.5771 | 2.02044 | 0 | 1 | 0 | 0 | 0 | 0 | 0 | 1 | camera | target | -0.0944596 | 0 | -0.99552
SCRIPT       : DATA_LOG | 1656651 | VEZjSxlcpgu1JLRUfHGLLLMsm0wqbyJ6fy2rl33V8jg= | 7988.21 | 6.02318 | 3334.04 | 0.288579 | 0.957456 | 0 | none | 1 | 56.983 | 1.94653 | 0 | 1 | 0 | 0 | 0 | 0 | 0 | 1 | camera | target | 0.288579 | 0 | 0.957456 | 0.288579 |
SCRIPT       : DATA_LOG | 1657631 | aRapBi1cCZPZAGLIDny3dk3hQ8vTmNTLHRl8zxmKgQ0= | 7988.16 | 6.01994 | 3335.27 | -0.0944596 | -0.995529 | 0 | SCARH_Black | 1 | 53.3979 | 2.0254 | 0 | 1 | 0 | 0 | 0 | 0 | 0 | 1 | camera | target | -0.0944596 | 0 | -0.995529
SCRIPT       : DATA_LOG | 1657657 | VEZjSxlcpgu1JLRUfHGLLLMsm0wqbyJ6fy2rl33V8jg= | 7988.21 | 6.02318 | 3334.04 | 0.288579 | 0.957456 | 0 | none | 1 | 56.6244 | 1.96279 | 0 | 1 | 0 | 0 | 0 | 0 | 0 | 1 | camera | target | 0.288579 | 0 | 0.957456 | 0.288579 
SCRIPT       : DATA_LOG | 1658631 | aRapBi1cCZPZAGLIDny3dk3hQ8vTmNTLHRl8zxmKgQ0= | 7988.16 | 6.01994 | 3335.27 | -0.0944596 | -0.995529 | 0 | SCARH_Black | 1 | 53.697 | 2.01575 | 0 | 1 | 0 | 0 | 0 | 0 | 0 | 1 | camera | target | -0.0944596 | 0 | -0.995529
SCRIPT       : DATA_LOG | 1658658 | VEZjSxlcpgu1JLRUfHGLLLMsm0wqbyJ6fy2rl33V8jg= | 7988.21 | 6.02318 | 3334.04 | 0.288579 | 0.957456 | 0 | none | 1 | 56.1195 | 1.98075 | 0 | 1 | 0 | 0 | 0 | 0 | 0 | 1 | camera | target | 0.288579 | 0 | 0.957456 | 0.288579 
SCRIPT       : DATA_LOG | 1659632 | aRapBi1cCZPZAGLIDny3dk3hQ8vTmNTLHRl8zxmKgQ0= | 7988.16 | 6.01994 | 3335.27 | -0.0944596 | -0.995529 | 0 | SCARH_Black | 1 | 53.3173 | 2.02752 | 0 | 1 | 0 | 0 | 0 | 0 | 0 | 1 | camera | target | -0.0944596 | 0 | -0.99552
SCRIPT       : DATA_LOG | 1659661 | VEZjSxlcpgu1JLRUfHGLLLMsm0wqbyJ6fy2rl33V8jg= | 7988.21 | 6.02318 | 3334.04 | 0.288579 | 0.957456 | 0 | none | 1 | 56.3336 | 1.98621 | 0 | 1 | 0 | 0 | 0 | 0 | 0 | 1 | camera | target | 0.288579 | 0 | 0.957456 | 0.288579 
SCRIPT       : DATA_LOG | 1660633 | aRapBi1cCZPZAGLIDny3dk3hQ8vTmNTLHRl8zxmKgQ0= | 7988.16 | 6.01994 | 3335.27 | -0.0944596 | -0.995529 | 0 | SCARH_Black | 1 | 53.5367 | 2.02082 | 0 | 1 | 0 | 0 | 0 | 0 | 0 | 1 | camera | target | -0.0944596 | 0 | -0.99552
SCRIPT       : DATA_LOG | 1660655 | VEZjSxlcpgu1JLRUfHGLLLMsm0wqbyJ6fy2rl33V8jg= | 7988.21 | 6.02318 | 3334.04 | 0.288579 | 0.957456 | 0 | none | 1 | 56.4509 | 1.98328 | 0 | 1 | 0 | 0 | 0 | 0 | 0 | 1 | camera | target | 0.288579 | 0 | 0.957456 | 0.288579 
SCRIPT       : DATA_LOG | 1661631 | aRapBi1cCZPZAGLIDny3dk3hQ8vTmNTLHRl8zxmKgQ0= | 7988.16 | 6.01994 | 3335.27 | -0.0944596 | -0.995529 | 0 | SCARH_Black | 1 | 57.2966 | 1.85414 | 0 | 1 | 0 | 0 | 0 | 0 | 0 | 1 | camera | none | -0.0944596 | 0 | -0.995529 
SCRIPT       : DATA_LOG | 1661652 | VEZjSxlcpgu1JLRUfHGLLLMsm0wqbyJ6fy2rl33V8jg= | 7988.21 | 6.02318 | 3334.04 | 0.288579 | 0.957456 | 0 | none | 1 | 56.3628 | 1.98537 | 0 | 1 | 0 | 0 | 0 | 0 | 0 | 1 | camera | target | 0.288579 | 0 | 0.957456 | 0.288579 
SCRIPT       : DATA_LOG | 1662639 | aRapBi1cCZPZAGLIDny3dk3hQ8vTmNTLHRl8zxmKgQ0= | 7988.16 | 6.01994 | 3335.27 | -0.0944596 | -0.995529 | 0 | SCARH_Black | 1 | 54.4551 | 1.99146 | 0 | 1 | 0 | 0 | 0 | 0 | 0 | 1 | camera | target | -0.0944596 | 0 | -0.99552
SCRIPT       : DATA_LOG | 1662665 | VEZjSxlcpgu1JLRUfHGLLLMsm0wqbyJ6fy2rl33V8jg= | 7988.21 | 6.02318 | 3334.04 | 0.288579 | 0.957456 | 0 | none | 1 | 56.3616 | 1.98514 | 0 | 1 | 0 | 0 | 0 | 0 | 0 | 1 | camera | target | 0.288579 | 0 | 0.957456 | 0.288579 
SCRIPT       : DATA_LOG | 1663637 | aRapBi1cCZPZAGLIDny3dk3hQ8vTmNTLHRl8zxmKgQ0= | 7988.16 | 6.01994 | 3335.27 | -0.0944596 | -0.995529 | 0 | SCARH_Black | 1 | 55.1464 | 1.96547 | 0 | 1 | 0 | 0 | 0 | 0 | 0 | 1 | camera | target | -0.0944596 | 0 | -0.99552
SCRIPT       : DATA_LOG | 1663662 | VEZjSxlcpgu1JLRUfHGLLLMsm0wqbyJ6fy2rl33V8jg= | 7988.21 | 6.02318 | 3334.04 | 0.288579 | 0.957456 | 0 | none | 1 | 56.4743 | 1.98281 | 0 | 1 | 0 | 0 | 0 | 0 | 0 | 1 | camera | target | 0.288579 | 0 | 0.957456 | 0.288579 
SCRIPT       : DATA_LOG | 1664634 | aRapBi1cCZPZAGLIDny3dk3hQ8vTmNTLHRl8zxmKgQ0= | 7988.16 | 6.01994 | 3335.27 | -0.0944596 | -0.995529 | 0 | SCARH_Black | 1 | 53.4177 | 2.02472 | 0 | 1 | 0 | 0 | 0 | 0 | 0 | 1 | camera | target | -0.0944596 | 0 | -0.99552
SCRIPT       : DATA_LOG | 1664657 | VEZjSxlcpgu1JLRUfHGLLLMsm0wqbyJ6fy2rl33V8jg= | 7988.21 | 6.02318 | 3334.04 | 0.288579 | 0.957456 | 0 | none | 1 | 56.3464 | 1.98645 | 0 | 1 | 0 | 0 | 0 | 0 | 0 | 1 | camera | target | 0.288579 | 0 | 0.957456 | 0.288579 
SCRIPT       : DATA_LOG | 1665636 | aRapBi1cCZPZAGLIDny3dk3hQ8vTmNTLHRl8zxmKgQ0= | 7988.16 | 6.01994 | 3335.27 | -0.0944596 | -0.995529 | 0 | SCARH_Black | 1 | 53.6942 | 2.01553 | 0 | 1 | 0 | 0 | 0 | 0 | 0 | 1 | camera | target | -0.0944596 | 0 | -0.99552
SCRIPT       : DATA_LOG | 1665659 | VEZjSxlcpgu1JLRUfHGLLLMsm0wqbyJ6fy2rl33V8jg= | 7988.21 | 6.02318 | 3334.04 | 0.288579 | 0.957456 | 0 | none | 1 | 56.3949 | 1.98442 | 0 | 1 | 0 | 0 | 0 | 0 | 0 | 1 | camera | target | 0.288579 | 0 | 0.957456 | 0.288579 
SCRIPT       : DATA_LOG | 1666639 | aRapBi1cCZPZAGLIDny3dk3hQ8vTmNTLHRl8zxmKgQ0= | 7988.16 | 6.01994 | 3335.27 | -0.0944596 | -0.995529 | 0 | SCARH_Black | 1 | 53.3835 | 2.02555 | 0 | 1 | 0 | 0 | 0 | 0 | 0 | 1 | camera | target | -0.0944596 | 0 | -0.99552
SCRIPT       : DATA_LOG | 1666663 | VEZjSxlcpgu1JLRUfHGLLLMsm0wqbyJ6fy2rl33V8jg= | 7988.21 | 6.02318 | 3334.04 | 0.288579 | 0.957456 | 0 | none | 1 | 56.4411 | 1.98362 | 0 | 1 | 0 | 0 | 0 | 0 | 0 | 1 | camera | target | 0.288579 | 0 | 0.957456 | 0.288579 
SCRIPT       : DATA_LOG | 1667638 | aRapBi1cCZPZAGLIDny3dk3hQ8vTmNTLHRl8zxmKgQ0= | 7988.16 | 6.01994 | 3335.27 | -0.0944596 | -0.995529 | 0 | SCARH_Black | 1 | 53.4758 | 2.02272 | 0 | 1 | 0 | 0 | 0 | 0 | 0 | 1 | camera | target | -0.0944596 | 0 | -0.99552
SCRIPT       : DATA_LOG | 1667665 | VEZjSxlcpgu1JLRUfHGLLLMsm0wqbyJ6fy2rl33V8jg= | 7988.21 | 6.02318 | 3334.04 | 0.288579 | 0.957456 | 0 | none | 1 | 56.3389 | 1.98623 | 0 | 1 | 0 | 0 | 0 | 0 | 0 | 1 | camera | target | 0.288579 | 0 | 0.957456 | 0.288579 
SCRIPT       : DATA_LOG | 1668644 | aRapBi1cCZPZAGLIDny3dk3hQ8vTmNTLHRl8zxmKgQ0= | 7988.16 | 6.01994 | 3335.27 | -0.0944596 | -0.995529 | 0 | SCARH_Black | 1 | 53.5896 | 2.01912 | 0 | 1 | 0 | 0 | 0 | 0 | 0 | 1 | camera | target | -0.0944596 | 0 | -0.99552
SCRIPT       : DATA_LOG | 1668674 | VEZjSxlcpgu1JLRUfHGLLLMsm0wqbyJ6fy2rl33V8jg= | 7988.21 | 6.02318 | 3334.04 | 0.288579 | 0.957456 | 0 | none | 1 | 56.4234 | 1.98379 | 0 | 1 | 0 | 0 | 0 | 0 | 0 | 1 | camera | target | 0.288579 | 0 | 0.957456 | 0.288579 
SCRIPT       : DATA_LOG | 1669648 | aRapBi1cCZPZAGLIDny3dk3hQ8vTmNTLHRl8zxmKgQ0= | 7988.16 | 6.01994 | 3335.27 | -0.0944596 | -0.995529 | 0 | SCARH_Black | 1 | 53.5256 | 2.02136 | 0 | 1 | 0 | 0 | 0 | 0 | 0 | 1 | camera | target | -0.0944596 | 0 | -0.99552
SCRIPT       : DATA_LOG | 1669676 | VEZjSxlcpgu1JLRUfHGLLLMsm0wqbyJ6fy2rl33V8jg= | 7988.21 | 6.02318 | 3334.04 | 0.288579 | 0.957456 | 0 | none | 1 | 56.4333 | 1.98389 | 0 | 1 | 0 | 0 | 0 | 0 | 0 | 1 | camera | target | 0.288579 | 0 | 0.957456 | 0.288579 
SCRIPT       : DATA_LOG | 1670645 | aRapBi1cCZPZAGLIDny3dk3hQ8vTmNTLHRl8zxmKgQ0= | 7988.16 | 6.01994 | 3335.27 | -0.0944596 | -0.995529 | 0 | SCARH_Black | 1 | 53.6234 | 2.0193 | 0 | 1 | 0 | 0 | 0 | 0 | 0 | 1 | camera | target | -0.0944596 | 0 | -0.995529
SCRIPT       : DATA_LOG | 1670669 | VEZjSxlcpgu1JLRUfHGLLLMsm0wqbyJ6fy2rl33V8jg= | 7988.21 | 6.02318 | 3334.04 | 0.288579 | 0.957456 | 0 | none | 1 | 56.3443 | 1.98651 | 0 | 1 | 0 | 0 | 0 | 0 | 0 | 1 | camera | target | 0.288579 | 0 | 0.957456 | 0.288579 
SCRIPT       : DATA_LOG | 1671643 | aRapBi1cCZPZAGLIDny3dk3hQ8vTmNTLHRl8zxmKgQ0= | 7988.16 | 6.01994 | 3335.27 | -0.0944596 | -0.995529 | 0 | SCARH_Black | 1 | 53.4542 | 2.02345 | 0 | 1 | 0 | 0 | 0 | 0 | 0 | 1 | camera | target | -0.0944596 | 0 | -0.99552
SCRIPT       : DATA_LOG | 1671669 | VEZjSxlcpgu1JLRUfHGLLLMsm0wqbyJ6fy2rl33V8jg= | 7988.21 | 6.02318 | 3334.04 | 0.288579 | 0.957456 | 0 | none | 1 | 56.4358 | 1.98334 | 0 | 1 | 0 | 0 | 0 | 0 | 0 | 1 | camera | target | 0.288579 | 0 | 0.957456 | 0.288579 
SCRIPT       : DATA_LOG | 1672643 | aRapBi1cCZPZAGLIDny3dk3hQ8vTmNTLHRl8zxmKgQ0= | 7988.16 | 6.01994 | 3335.27 | -0.0944596 | -0.995529 | 0 | SCARH_Black | 1 | 53.6512 | 2.01676 | 0 | 1 | 0 | 0 | 0 | 0 | 0 | 1 | camera | target | -0.0944596 | 0 | -0.99552
SCRIPT       : DATA_LOG | 1672668 | VEZjSxlcpgu1JLRUfHGLLLMsm0wqbyJ6fy2rl33V8jg= | 7988.21 | 6.02318 | 3334.04 | 0.288579 | 0.957456 | 0 | none | 1 | 56.4185 | 1.98396 | 0 | 1 | 0 | 0 | 0 | 0 | 0 | 1 | camera | target | 0.288579 | 0 | 0.957456 | 0.288579 
SCRIPT       : DATA_LOG | 1673654 | aRapBi1cCZPZAGLIDny3dk3hQ8vTmNTLHRl8zxmKgQ0= | 7988.16 | 6.01994 | 3335.27 | -0.0944596 | -0.995529 | 0 | SCARH_Black | 1 | 53.4584 | 2.02343 | 0 | 1 | 0 | 0 | 0 | 0 | 0 | 1 | camera | target | -0.0944596 | 0 | -0.99552
SCRIPT       : DATA_LOG | 1673687 | VEZjSxlcpgu1JLRUfHGLLLMsm0wqbyJ6fy2rl33V8jg= | 7988.21 | 6.02318 | 3334.04 | 0.288579 | 0.957456 | 0 | none | 1 | 56.3391 | 1.98624 | 0 | 1 | 0 | 0 | 0 | 0 | 0 | 1 | camera | target | 0.288579 | 0 | 0.957456 | 0.288579 
SCRIPT       : DATA_LOG | 1674648 | aRapBi1cCZPZAGLIDny3dk3hQ8vTmNTLHRl8zxmKgQ0= | 7988.16 | 6.01994 | 3335.27 | -0.0944596 | -0.995529 | 0 | SCARH_Black | 1 | 53.409 | 2.02474 | 0 | 1 | 0 | 0 | 0 | 0 | 0 | 1 | camera | target | -0.0944596 | 0 | -0.995529
SCRIPT       : DATA_LOG | 1674672 | VEZjSxlcpgu1JLRUfHGLLLMsm0wqbyJ6fy2rl33V8jg= | 7988.21 | 6.02318 | 3334.04 | 0.288579 | 0.957456 | 0 | none | 1 | 56.462 | 1.98268 | 0 | 1 | 0 | 0 | 0 | 0 | 0 | 1 | camera | target | 0.288579 | 0 | 0.957456 | 0.288579 |
SCRIPT       : DATA_LOG | 1675649 | aRapBi1cCZPZAGLIDny3dk3hQ8vTmNTLHRl8zxmKgQ0= | 7988.16 | 6.01994 | 3335.27 | -0.0944596 | -0.995529 | 0 | SCARH_Black | 1 | 53.6146 | 2.01819 | 0 | 1 | 0 | 0 | 0 | 0 | 0 | 1 | camera | target | -0.0944596 | 0 | -0.99552
SCRIPT       : DATA_LOG | 1675670 | VEZjSxlcpgu1JLRUfHGLLLMsm0wqbyJ6fy2rl33V8jg= | 7988.21 | 6.02318 | 3334.04 | 0.288579 | 0.957456 | 0 | none | 1 | 56.3912 | 1.98473 | 0 | 1 | 0 | 0 | 0 | 0 | 0 | 1 | camera | target | 0.288579 | 0 | 0.957456 | 0.288579 
SCRIPT       : DATA_LOG | 1676659 | aRapBi1cCZPZAGLIDny3dk3hQ8vTmNTLHRl8zxmKgQ0= | 7988.16 | 6.01994 | 3335.27 | -0.0944596 | -0.995529 | 0 | SCARH_Black | 1 | 53.5186 | 2.02126 | 0 | 1 | 0 | 0 | 0 | 0 | 0 | 1 | camera | target | -0.0944596 | 0 | -0.99552
SCRIPT       : DATA_LOG | 1676695 | VEZjSxlcpgu1JLRUfHGLLLMsm0wqbyJ6fy2rl33V8jg= | 7988.21 | 6.02318 | 3334.04 | 0.288579 | 0.957456 | 0 | none | 1 | 56.3456 | 1.98624 | 0 | 1 | 0 | 0 | 0 | 0 | 0 | 1 | camera | target | 0.288579 | 0 | 0.957456 | 0.288579 
SCRIPT       : DATA_LOG | 1677653 | aRapBi1cCZPZAGLIDny3dk3hQ8vTmNTLHRl8zxmKgQ0= | 7988.16 | 6.01994 | 3335.27 | -0.0944596 | -0.995529 | 0 | SCARH_Black | 1 | 53.6385 | 2.01887 | 0 | 1 | 0 | 0 | 0 | 0 | 0 | 1 | camera | target | -0.0944596 | 0 | -0.99552
SCRIPT       : DATA_LOG | 1677677 | VEZjSxlcpgu1JLRUfHGLLLMsm0wqbyJ6fy2rl33V8jg= | 7988.21 | 6.02318 | 3334.04 | 0.288579 | 0.957456 | 0 | none | 1 | 56.4446 | 1.98321 | 0 | 1 | 0 | 0 | 0 | 0 | 0 | 1 | camera | target | 0.288579 | 0 | 0.957456 | 0.288579 
SCRIPT       : DATA_LOG | 1678653 | aRapBi1cCZPZAGLIDny3dk3hQ8vTmNTLHRl8zxmKgQ0= | 7988.16 | 6.01994 | 3335.27 | -0.0944596 | -0.995529 | 0 | SCARH_Black | 1 | 53.4938 | 2.02224 | 0 | 1 | 0 | 0 | 0 | 0 | 0 | 1 | camera | target | -0.0944596 | 0 | -0.99552
SCRIPT       : DATA_LOG | 1678679 | VEZjSxlcpgu1JLRUfHGLLLMsm0wqbyJ6fy2rl33V8jg= | 7988.21 | 6.02318 | 3334.04 | 0.288579 | 0.957456 | 0 | none | 1 | 56.3925 | 1.98472 | 0 | 1 | 0 | 0 | 0 | 0 | 0 | 1 | camera | target | 0.288579 | 0 | 0.957456 | 0.288579 
SCRIPT       : DATA_LOG | 1679652 | aRapBi1cCZPZAGLIDny3dk3hQ8vTmNTLHRl8zxmKgQ0= | 7988.16 | 6.01994 | 3335.27 | -0.0944596 | -0.995529 | 0 | SCARH_Black | 1 | 53.5929 | 2.01856 | 0 | 1 | 0 | 0 | 0 | 0 | 0 | 1 | camera | target | -0.0944596 | 0 | -0.99552
SCRIPT       : DATA_LOG | 1679678 | VEZjSxlcpgu1JLRUfHGLLLMsm0wqbyJ6fy2rl33V8jg= | 7988.21 | 6.02318 | 3334.04 | 0.288579 | 0.957456 | 0 | none | 1 | 56.3468 | 1.98563 | 0 | 1 | 0 | 0 | 0 | 0 | 0 | 1 | camera | target | 0.288579 | 0 | 0.957456 | 0.288579 
SCRIPT       : DATA_LOG | 1680655 | aRapBi1cCZPZAGLIDny3dk3hQ8vTmNTLHRl8zxmKgQ0= | 7988.16 | 6.01994 | 3335.27 | -0.0944596 | -0.995529 | 0 | SCARH_Black | 1 | 53.549 | 2.02075 | 0 | 1 | 0 | 0 | 0 | 0 | 0 | 1 | camera | target | -0.0944596 | 0 | -0.995529
SCRIPT       : DATA_LOG | 1680679 | VEZjSxlcpgu1JLRUfHGLLLMsm0wqbyJ6fy2rl33V8jg= | 7988.21 | 6.02318 | 3334.04 | 0.288579 | 0.957456 | 0 | none | 1 | 56.484 | 1.9823 | 0 | 1 | 0 | 0 | 0 | 0 | 0 | 1 | camera | target | 0.288579 | 0 | 0.957456 | 0.288579 | 
SCRIPT       : DATA_LOG | 1681651 | aRapBi1cCZPZAGLIDny3dk3hQ8vTmNTLHRl8zxmKgQ0= | 7988.16 | 6.01994 | 3335.27 | -0.0944596 | -0.995529 | 0 | SCARH_Black | 1 | 53.3533 | 2.0264 | 0 | 1 | 0 | 0 | 0 | 0 | 0 | 1 | camera | target | -0.0944596 | 0 | -0.995529
SCRIPT       : DATA_LOG | 1681673 | VEZjSxlcpgu1JLRUfHGLLLMsm0wqbyJ6fy2rl33V8jg= | 7988.21 | 6.02318 | 3334.04 | 0.288579 | 0.957456 | 0 | none | 1 | 56.3627 | 1.9857 | 0 | 1 | 0 | 0 | 0 | 0 | 0 | 1 | camera | target | 0.288579 | 0 | 0.957456 | 0.288579 |
SCRIPT       : DATA_LOG | 1682663 | aRapBi1cCZPZAGLIDny3dk3hQ8vTmNTLHRl8zxmKgQ0= | 7988.16 | 6.01994 | 3335.27 | -0.0944596 | -0.995529 | 0 | SCARH_Black | 1 | 53.6415 | 2.01735 | 0 | 1 | 0 | 0 | 0 | 0 | 0 | 1 | camera | target | -0.0944596 | 0 | -0.99552
SCRIPT       : DATA_LOG | 1682689 | VEZjSxlcpgu1JLRUfHGLLLMsm0wqbyJ6fy2rl33V8jg= | 7988.21 | 6.02318 | 3334.04 | 0.288579 | 0.957456 | 0 | none | 1 | 56.3751 | 1.98508 | 0 | 1 | 0 | 0 | 0 | 0 | 0 | 1 | camera | target | 0.288579 | 0 | 0.957456 | 0.288579 
SCRIPT       : DATA_LOG | 1683658 | aRapBi1cCZPZAGLIDny3dk3hQ8vTmNTLHRl8zxmKgQ0= | 7988.16 | 6.01994 | 3335.27 | -0.0944596 | -0.995529 | 0 | SCARH_Black | 1 | 53.4933 | 2.02192 | 0 | 1 | 0 | 0 | 0 | 0 | 0 | 1 | camera | target | -0.0944596 | 0 | -0.99552
SCRIPT       : DATA_LOG | 1683684 | VEZjSxlcpgu1JLRUfHGLLLMsm0wqbyJ6fy2rl33V8jg= | 7988.21 | 6.02318 | 3334.04 | 0.288579 | 0.957456 | 0 | none | 1 | 56.4515 | 1.98331 | 0 | 1 | 0 | 0 | 0 | 0 | 0 | 1 | camera | target | 0.288579 | 0 | 0.957456 | 0.288579 
SCRIPT       : DATA_LOG | 1684662 | aRapBi1cCZPZAGLIDny3dk3hQ8vTmNTLHRl8zxmKgQ0= | 7988.16 | 6.01994 | 3335.27 | -0.0944596 | -0.995529 | 0 | SCARH_Black | 1 | 53.6174 | 2.01957 | 0 | 1 | 0 | 0 | 0 | 0 | 0 | 1 | camera | target | -0.0944596 | 0 | -0.99552
SCRIPT       : DATA_LOG | 1684686 | VEZjSxlcpgu1JLRUfHGLLLMsm0wqbyJ6fy2rl33V8jg= | 7988.21 | 6.02318 | 3334.04 | 0.288579 | 0.957456 | 0 | none | 1 | 55.5316 | 1.99838 | 0 | 1 | 0 | 0 | 0 | 0 | 0 | 1 | camera | target | 0.288579 | 0 | 0.957456 | 0.288579 
SCRIPT       : DATA_LOG | 1685661 | aRapBi1cCZPZAGLIDny3dk3hQ8vTmNTLHRl8zxmKgQ0= | 7988.16 | 6.01994 | 3335.27 | -0.0944596 | -0.995529 | 0 | SCARH_Black | 1 | 53.5309 | 2.02133 | 0 | 1 | 0 | 0 | 0 | 0 | 0 | 1 | camera | target | -0.0944596 | 0 | -0.99552
SCRIPT       : DATA_LOG | 1685684 | VEZjSxlcpgu1JLRUfHGLLLMsm0wqbyJ6fy2rl33V8jg= | 7988.21 | 6.02318 | 3334.04 | 0.288579 | 0.957456 | 0 | none | 1 | 58.0802 | 1.90877 | 0 | 1 | 0 | 0 | 0 | 0 | 0 | 1 | camera | target | 0.288579 | 0 | 0.957456 | 0.288579 
SCRIPT       : DATA_LOG | 1686661 | aRapBi1cCZPZAGLIDny3dk3hQ8vTmNTLHRl8zxmKgQ0= | 7988.16 | 6.01994 | 3335.27 | -0.0944596 | -0.995529 | 0 | SCARH_Black | 1 | 53.5026 | 2.02177 | 0 | 1 | 0 | 0 | 0 | 0 | 0 | 1 | camera | target | -0.0944596 | 0 | -0.99552
SCRIPT       : DATA_LOG | 1686684 | VEZjSxlcpgu1JLRUfHGLLLMsm0wqbyJ6fy2rl33V8jg= | 7988.21 | 6.02318 | 3334.04 | 0.288579 | 0.957456 | 0 | none | 1 | 56.064 | 1.98194 | 0 | 1 | 0 | 0 | 0 | 0 | 0 | 1 | camera | target | 0.288579 | 0 | 0.957456 | 0.288579 |
SCRIPT       : DATA_LOG | 1687720 | aRapBi1cCZPZAGLIDny3dk3hQ8vTmNTLHRl8zxmKgQ0= | 7988.16 | 6.01994 | 3335.27 | -0.0944596 | -0.995529 | 0 | SCARH_Black | 1 | 53.6225 | 2.01847 | 0 | 1 | 0 | 0 | 0 | 0 | 0 | 1 | camera | target | -0.0944596 | 0 | -0.99552
SCRIPT       : DATA_LOG | 1687745 | VEZjSxlcpgu1JLRUfHGLLLMsm0wqbyJ6fy2rl33V8jg= | 7988.21 | 6.02318 | 3334.04 | 0.288579 | 0.957456 | 0 | none | 1 | 56.4877 | 1.97144 | 0 | 1 | 0 | 0 | 0 | 0 | 0 | 1 | camera | target | 0.288579 | 0 | 0.957456 | 0.288579 
SCRIPT       : DATA_LOG | 1688722 | aRapBi1cCZPZAGLIDny3dk3hQ8vTmNTLHRl8zxmKgQ0= | 7988.16 | 6.01994 | 3335.27 | -0.0944596 | -0.995529 | 0 | SCARH_Black | 1 | 53.3245 | 2.02723 | 0 | 1 | 0 | 0 | 0 | 0 | 0 | 1 | camera | target | -0.0944596 | 0 | -0.99552
SCRIPT       : DATA_LOG | 1688743 | VEZjSxlcpgu1JLRUfHGLLLMsm0wqbyJ6fy2rl33V8jg= | 7988.21 | 6.02318 | 3334.04 | 0.288579 | 0.957456 | 0 | none | 1 | 56.4155 | 1.9838 | 0 | 1 | 0 | 0 | 0 | 0 | 0 | 1 | camera | target | 0.288579 | 0 | 0.957456 | 0.288579 |
SCRIPT       : DATA_LOG | 1689731 | aRapBi1cCZPZAGLIDny3dk3hQ8vTmNTLHRl8zxmKgQ0= | 7988.16 | 6.01994 | 3335.27 | -0.0944596 | -0.995529 | 0 | SCARH_Black | 1 | 53.6352 | 2.01753 | 0 | 1 | 0 | 0 | 0 | 0 | 0 | 1 | camera | target | -0.0944596 | 0 | -0.99552
SCRIPT       : DATA_LOG | 1689759 | VEZjSxlcpgu1JLRUfHGLLLMsm0wqbyJ6fy2rl33V8jg= | 7988.21 | 6.02318 | 3334.04 | 0.288579 | 0.957456 | 0 | none | 1 | 56.434 | 1.98367 | 0 | 1 | 0 | 0 | 0 | 0 | 0 | 1 | camera | target | 0.288579 | 0 | 0.957456 | 0.288579 |
SCRIPT       : DATA_LOG | 1690732 | aRapBi1cCZPZAGLIDny3dk3hQ8vTmNTLHRl8zxmKgQ0= | 7988.16 | 6.01994 | 3335.27 | -0.0944596 | -0.995529 | 0 | SCARH_Black | 1 | 53.4835 | 2.02227 | 0 | 1 | 0 | 0 | 0 | 0 | 0 | 1 | camera | target | -0.0944596 | 0 | -0.99552
SCRIPT       : DATA_LOG | 1690756 | VEZjSxlcpgu1JLRUfHGLLLMsm0wqbyJ6fy2rl33V8jg= | 7988.21 | 6.02318 | 3334.04 | 0.288579 | 0.957456 | 0 | none | 1 | 56.3341 | 1.9864 | 0 | 1 | 0 | 0 | 0 | 0 | 0 | 1 | camera | target | 0.288579 | 0 | 0.957456 | 0.288579 |
SCRIPT       : DATA_LOG | 1691726 | aRapBi1cCZPZAGLIDny3dk3hQ8vTmNTLHRl8zxmKgQ0= | 7988.16 | 6.01994 | 3335.27 | -0.0944596 | -0.995529 | 0 | SCARH_Black | 1 | 53.6025 | 2.02009 | 0 | 1 | 0 | 0 | 0 | 0 | 0 | 1 | camera | target | -0.0944596 | 0 | -0.99552
SCRIPT       : DATA_LOG | 1691751 | VEZjSxlcpgu1JLRUfHGLLLMsm0wqbyJ6fy2rl33V8jg= | 7988.21 | 6.02318 | 3334.04 | 0.288579 | 0.957456 | 0 | none | 1 | 56.4449 | 1.98306 | 0 | 1 | 0 | 0 | 0 | 0 | 0 | 1 | camera | target | 0.288579 | 0 | 0.957456 | 0.288579 
SCRIPT       : DATA_LOG | 1692732 | aRapBi1cCZPZAGLIDny3dk3hQ8vTmNTLHRl8zxmKgQ0= | 7988.16 | 6.01994 | 3335.27 | -0.0944596 | -0.995529 | 0 | SCARH_Black | 1 | 53.5388 | 2.02122 | 0 | 1 | 0 | 0 | 0 | 0 | 0 | 1 | camera | target | -0.0944596 | 0 | -0.99552
SCRIPT       : DATA_LOG | 1692757 | VEZjSxlcpgu1JLRUfHGLLLMsm0wqbyJ6fy2rl33V8jg= | 7988.21 | 6.02318 | 3334.04 | 0.288579 | 0.957456 | 0 | none | 1 | 56.4075 | 1.98449 | 0 | 1 | 0 | 0 | 0 | 0 | 0 | 1 | camera | target | 0.288579 | 0 | 0.957456 | 0.288579 
SCRIPT       : DATA_LOG | 1693727 | aRapBi1cCZPZAGLIDny3dk3hQ8vTmNTLHRl8zxmKgQ0= | 7988.16 | 6.01994 | 3335.27 | -0.0944596 | -0.995529 | 0 | SCARH_Black | 1 | 53.4526 | 2.02362 | 0 | 1 | 0 | 0 | 0 | 0 | 0 | 1 | camera | target | -0.0944596 | 0 | -0.99552
SCRIPT       : DATA_LOG | 1693750 | VEZjSxlcpgu1JLRUfHGLLLMsm0wqbyJ6fy2rl33V8jg= | 7988.21 | 6.02318 | 3334.04 | 0.288579 | 0.957456 | 0 | none | 1 | 56.3457 | 1.98641 | 0 | 1 | 0 | 0 | 0 | 0 | 0 | 1 | camera | target | 0.288579 | 0 | 0.957456 | 0.288579 
SCRIPT       : DATA_LOG | 1694729 | aRapBi1cCZPZAGLIDny3dk3hQ8vTmNTLHRl8zxmKgQ0= | 7988.16 | 6.01994 | 3335.27 | -0.0944596 | -0.995529 | 0 | SCARH_Black | 1 | 53.645 | 2.01775 | 0 | 1 | 0 | 0 | 0 | 0 | 0 | 1 | camera | target | -0.0944596 | 0 | -0.995529
SCRIPT       : DATA_LOG | 1694753 | VEZjSxlcpgu1JLRUfHGLLLMsm0wqbyJ6fy2rl33V8jg= | 7988.21 | 6.02318 | 3334.04 | 0.288579 | 0.957456 | 0 | none | 1 | 56.443 | 1.98329 | 0 | 1 | 0 | 0 | 0 | 0 | 0 | 1 | camera | target | 0.288579 | 0 | 0.957456 | 0.288579 |
SCRIPT       : DATA_LOG | 1695729 | aRapBi1cCZPZAGLIDny3dk3hQ8vTmNTLHRl8zxmKgQ0= | 7988.16 | 6.01994 | 3335.27 | -0.0944596 | -0.995529 | 0 | SCARH_Black | 1 | 53.848 | 2.01191 | 0 | 1 | 0 | 0 | 0 | 0 | 0 | 1 | camera | target | -0.0944596 | 0 | -0.995529
SCRIPT       : DATA_LOG | 1695752 | VEZjSxlcpgu1JLRUfHGLLLMsm0wqbyJ6fy2rl33V8jg= | 7988.21 | 6.02318 | 3334.04 | 0.288579 | 0.957456 | 0 | none | 1 | 56.4027 | 1.9844 | 0 | 1 | 0 | 0 | 0 | 0 | 0 | 1 | camera | target | 0.288579 | 0 | 0.957456 | 0.288579 |
SCRIPT       : DATA_LOG | 1696738 | aRapBi1cCZPZAGLIDny3dk3hQ8vTmNTLHRl8zxmKgQ0= | 7988.16 | 6.01994 | 3335.27 | -0.0944596 | -0.995529 | 0 | SCARH_Black | 1 | 57.5702 | 1.82153 | 0 | 1 | 0 | 0 | 0 | 0 | 0 | 1 | camera | none | -0.0944596 | 0 | -0.995529 
SCRIPT       : DATA_LOG | 1696766 | VEZjSxlcpgu1JLRUfHGLLLMsm0wqbyJ6fy2rl33V8jg= | 7988.21 | 6.02318 | 3334.04 | 0.288579 | 0.957456 | 0 | none | 1 | 56.3331 | 1.98618 | 0 | 1 | 0 | 0 | 0 | 0 | 0 | 1 | camera | target | 0.288579 | 0 | 0.957456 | 0.288579 
SCRIPT       : DATA_LOG | 1697731 | aRapBi1cCZPZAGLIDny3dk3hQ8vTmNTLHRl8zxmKgQ0= | 7988.16 | 6.01994 | 3335.27 | -0.0944596 | -0.995529 | 0 | SCARH_Black | 1 | 54.5968 | 1.98913 | 0 | 1 | 0 | 0 | 0 | 0 | 0 | 1 | camera | target | -0.0944596 | 0 | -0.99552
SCRIPT       : DATA_LOG | 1697754 | VEZjSxlcpgu1JLRUfHGLLLMsm0wqbyJ6fy2rl33V8jg= | 7988.21 | 6.02318 | 3334.04 | 0.288579 | 0.957456 | 0 | none | 1 | 56.4791 | 1.98247 | 0 | 1 | 0 | 0 | 0 | 0 | 0 | 1 | camera | target | 0.288579 | 0 | 0.957456 | 0.288579 
SCRIPT       : DATA_LOG | 1698737 | aRapBi1cCZPZAGLIDny3dk3hQ8vTmNTLHRl8zxmKgQ0= | 7988.16 | 6.01994 | 3335.27 | -0.0944596 | -0.995529 | 0 | SCARH_Black | 1 | 54.9431 | 1.9716 | 0 | 1 | 0 | 0 | 0 | 0 | 0 | 1 | camera | target | -0.0944596 | 0 | -0.995529
SCRIPT       : DATA_LOG | 1698764 | VEZjSxlcpgu1JLRUfHGLLLMsm0wqbyJ6fy2rl33V8jg= | 7988.21 | 6.02318 | 3334.04 | 0.288579 | 0.957456 | 0 | none | 1 | 56.3737 | 1.98526 | 0 | 1 | 0 | 0 | 0 | 0 | 0 | 1 | camera | target | 0.288579 | 0 | 0.957456 | 0.288579 
SCRIPT       : DATA_LOG | 1699740 | aRapBi1cCZPZAGLIDny3dk3hQ8vTmNTLHRl8zxmKgQ0= | 7988.16 | 6.01994 | 3335.27 | -0.0944596 | -0.995529 | 0 | SCARH_Black | 1 | 53.564 | 2.0207 | 0 | 1 | 0 | 0 | 0 | 0 | 0 | 1 | camera | target | -0.0944596 | 0 | -0.995529 
SCRIPT       : DATA_LOG | 1699767 | VEZjSxlcpgu1JLRUfHGLLLMsm0wqbyJ6fy2rl33V8jg= | 7988.21 | 6.02318 | 3334.04 | 0.288579 | 0.957456 | 0 | none | 1 | 56.3606 | 1.98575 | 0 | 1 | 0 | 0 | 0 | 0 | 0 | 1 | camera | target | 0.288579 | 0 | 0.957456 | 0.288579 
SCRIPT       : DATA_LOG | 1700735 | aRapBi1cCZPZAGLIDny3dk3hQ8vTmNTLHRl8zxmKgQ0= | 7988.16 | 6.01994 | 3335.27 | -0.0944596 | -0.995529 | 0 | SCARH_Black | 1 | 53.4026 | 2.02522 | 0 | 1 | 0 | 0 | 0 | 0 | 0 | 1 | camera | target | -0.0944596 | 0 | -0.99552
SCRIPT       : DATA_LOG | 1700758 | VEZjSxlcpgu1JLRUfHGLLLMsm0wqbyJ6fy2rl33V8jg= | 7988.21 | 6.02318 | 3334.04 | 0.288579 | 0.957456 | 0 | none | 1 | 56.4511 | 1.98329 | 0 | 1 | 0 | 0 | 0 | 0 | 0 | 1 | camera | target | 0.288579 | 0 | 0.957456 | 0.288579 
SCRIPT       : DATA_LOG | 1701738 | aRapBi1cCZPZAGLIDny3dk3hQ8vTmNTLHRl8zxmKgQ0= | 7988.16 | 6.01994 | 3335.27 | -0.0944596 | -0.995529 | 0 | SCARH_Black | 1 | 53.6872 | 2.01618 | 0 | 1 | 0 | 0 | 0 | 0 | 0 | 1 | camera | target | -0.0944596 | 0 | -0.99552
SCRIPT       : DATA_LOG | 1701760 | VEZjSxlcpgu1JLRUfHGLLLMsm0wqbyJ6fy2rl33V8jg= | 7988.21 | 6.02318 | 3334.04 | 0.288579 | 0.957456 | 0 | none | 1 | 56.3628 | 1.98537 | 0 | 1 | 0 | 0 | 0 | 0 | 0 | 1 | camera | target | 0.288579 | 0 | 0.957456 | 0.288579 
SCRIPT       : DATA_LOG | 1702738 | aRapBi1cCZPZAGLIDny3dk3hQ8vTmNTLHRl8zxmKgQ0= | 7988.16 | 6.01994 | 3335.27 | -0.0944596 | -0.995529 | 0 | SCARH_Black | 1 | 53.3015 | 2.02799 | 0 | 1 | 0 | 0 | 0 | 0 | 0 | 1 | camera | target | -0.0944596 | 0 | -0.99552
SCRIPT       : DATA_LOG | 1702761 | VEZjSxlcpgu1JLRUfHGLLLMsm0wqbyJ6fy2rl33V8jg= | 7988.21 | 6.02318 | 3334.04 | 0.288579 | 0.957456 | 0 | none | 1 | 56.3617 | 1.98514 | 0 | 1 | 0 | 0 | 0 | 0 | 0 | 1 | camera | target | 0.288579 | 0 | 0.957456 | 0.288579 
SCRIPT       : DATA_LOG | 1703742 | aRapBi1cCZPZAGLIDny3dk3hQ8vTmNTLHRl8zxmKgQ0= | 7988.16 | 6.01994 | 3335.27 | -0.0944596 | -0.995529 | 0 | SCARH_Black | 1 | 53.58 | 2.01938 | 0 | 1 | 0 | 0 | 0 | 0 | 0 | 1 | camera | target | -0.0944596 | 0 | -0.995529 
SCRIPT       : DATA_LOG | 1703770 | VEZjSxlcpgu1JLRUfHGLLLMsm0wqbyJ6fy2rl33V8jg= | 7988.21 | 6.02318 | 3334.04 | 0.288579 | 0.957456 | 0 | none | 1 | 56.4793 | 1.98265 | 0 | 1 | 0 | 0 | 0 | 0 | 0 | 1 | camera | target | 0.288579 | 0 | 0.957456 | 0.288579 
SCRIPT       : DATA_LOG | 1704739 | aRapBi1cCZPZAGLIDny3dk3hQ8vTmNTLHRl8zxmKgQ0= | 7988.16 | 6.01994 | 3335.27 | -0.0944596 | -0.995529 | 0 | SCARH_Black | 1 | 53.5106 | 2.02162 | 0 | 1 | 0 | 0 | 0 | 0 | 0 | 1 | camera | target | -0.0944596 | 0 | -0.99552
SCRIPT       : DATA_LOG | 1704764 | VEZjSxlcpgu1JLRUfHGLLLMsm0wqbyJ6fy2rl33V8jg= | 7988.21 | 6.02318 | 3334.04 | 0.288579 | 0.957456 | 0 | none | 1 | 56.3517 | 1.9863 | 0 | 1 | 0 | 0 | 0 | 0 | 0 | 1 | camera | target | 0.288579 | 0 | 0.957456 | 0.288579 |
SCRIPT       : DATA_LOG | 1705740 | aRapBi1cCZPZAGLIDny3dk3hQ8vTmNTLHRl8zxmKgQ0= | 7988.16 | 6.01994 | 3335.27 | -0.0944596 | -0.995529 | 0 | SCARH_Black | 1 | 53.5663 | 2.02072 | 0 | 1 | 0 | 0 | 0 | 0 | 0 | 1 | camera | target | -0.0944596 | 0 | -0.99552
SCRIPT       : DATA_LOG | 1705763 | VEZjSxlcpgu1JLRUfHGLLLMsm0wqbyJ6fy2rl33V8jg= | 7988.21 | 6.02318 | 3334.04 | 0.288579 | 0.957456 | 0 | none | 1 | 56.3756 | 1.98493 | 0 | 1 | 0 | 0 | 0 | 0 | 0 | 1 | camera | target | 0.288579 | 0 | 0.957456 | 0.288579 
SCRIPT       : DATA_LOG | 1706789 | aRapBi1cCZPZAGLIDny3dk3hQ8vTmNTLHRl8zxmKgQ0= | 7988.16 | 6.01994 | 3335.27 | -0.0944596 | -0.995529 | 0 | SCARH_Black | 1 | 53.5953 | 2.02 | 0 | 1 | 0 | 0 | 0 | 0 | 0 | 1 | camera | target | -0.0944596 | 0 | -0.995529 |
SCRIPT       : DATA_LOG | 1706815 | VEZjSxlcpgu1JLRUfHGLLLMsm0wqbyJ6fy2rl33V8jg= | 7988.21 | 6.02318 | 3334.04 | 0.288579 | 0.957456 | 0 | none | 1 | 56.4466 | 1.98348 | 0 | 1 | 0 | 0 | 0 | 0 | 0 | 1 | camera | target | 0.288579 | 0 | 0.957456 | 0.288579 
SCRIPT       : DATA_LOG | 1707794 | aRapBi1cCZPZAGLIDny3dk3hQ8vTmNTLHRl8zxmKgQ0= | 7988.16 | 6.01994 | 3335.27 | -0.0944596 | -0.995529 | 0 | SCARH_Black | 1 | 53.3958 | 2.02538 | 0 | 1 | 0 | 0 | 0 | 0 | 0 | 1 | camera | target | -0.0944596 | 0 | -0.99552
SCRIPT       : DATA_LOG | 1707824 | VEZjSxlcpgu1JLRUfHGLLLMsm0wqbyJ6fy2rl33V8jg= | 7988.21 | 6.02318 | 3334.04 | 0.288579 | 0.957456 | 0 | none | 1 | 56.3484 | 1.98605 | 0 | 1 | 0 | 0 | 0 | 0 | 0 | 1 | camera | target | 0.288579 | 0 | 0.957456 | 0.288579 
SCRIPT       : DATA_LOG | 1708792 | aRapBi1cCZPZAGLIDny3dk3hQ8vTmNTLHRl8zxmKgQ0= | 7988.16 | 6.01994 | 3335.27 | -0.0944596 | -0.995529 | 0 | SCARH_Black | 1 | 53.7004 | 2.0155 | 0 | 1 | 0 | 0 | 0 | 0 | 0 | 1 | camera | target | -0.0944596 | 0 | -0.995529
SCRIPT       : DATA_LOG | 1708819 | VEZjSxlcpgu1JLRUfHGLLLMsm0wqbyJ6fy2rl33V8jg= | 7988.21 | 6.02318 | 3334.04 | 0.288579 | 0.957456 | 0 | none | 1 | 56.4231 | 1.98377 | 0 | 1 | 0 | 0 | 0 | 0 | 0 | 1 | camera | target | 0.288579 | 0 | 0.957456 | 0.288579 
SCRIPT       : DATA_LOG | 1709789 | aRapBi1cCZPZAGLIDny3dk3hQ8vTmNTLHRl8zxmKgQ0= | 7988.16 | 6.01994 | 3335.27 | -0.0944596 | -0.995529 | 0 | SCARH_Black | 1 | 53.3225 | 2.02736 | 0 | 1 | 0 | 0 | 0 | 0 | 0 | 1 | camera | target | -0.0944596 | 0 | -0.99552
SCRIPT       : DATA_LOG | 1709811 | VEZjSxlcpgu1JLRUfHGLLLMsm0wqbyJ6fy2rl33V8jg= | 7988.21 | 6.02318 | 3334.04 | 0.288579 | 0.957456 | 0 | none | 1 | 56.4334 | 1.98389 | 0 | 1 | 0 | 0 | 0 | 0 | 0 | 1 | camera | target | 0.288579 | 0 | 0.957456 | 0.288579 
SCRIPT       : DATA_LOG | 1710797 | aRapBi1cCZPZAGLIDny3dk3hQ8vTmNTLHRl8zxmKgQ0= | 7988.16 | 6.01994 | 3335.27 | -0.0944596 | -0.995529 | 0 | SCARH_Black | 1 | 53.5317 | 2.02099 | 0 | 1 | 0 | 0 | 0 | 0 | 0 | 1 | camera | target | -0.0944596 | 0 | -0.99552
SCRIPT       : DATA_LOG | 1710826 | VEZjSxlcpgu1JLRUfHGLLLMsm0wqbyJ6fy2rl33V8jg= | 7988.21 | 6.02318 | 3334.04 | 0.288579 | 0.957456 | 0 | none | 1 | 56.3444 | 1.98651 | 0 | 1 | 0 | 0 | 0 | 0 | 0 | 1 | camera | target | 0.288579 | 0 | 0.957456 | 0.288579 
SCRIPT       : DATA_LOG | 1711793 | aRapBi1cCZPZAGLIDny3dk3hQ8vTmNTLHRl8zxmKgQ0= | 7988.16 | 6.01994 | 3335.27 | -0.0944596 | -0.995529 | 0 | SCARH_Black | 1 | 53.5448 | 2.02056 | 0 | 1 | 0 | 0 | 0 | 0 | 0 | 1 | camera | target | -0.0944596 | 0 | -0.99552
SCRIPT       : DATA_LOG | 1711819 | VEZjSxlcpgu1JLRUfHGLLLMsm0wqbyJ6fy2rl33V8jg= | 7988.21 | 6.02318 | 3334.04 | 0.288579 | 0.957456 | 0 | none | 1 | 56.4363 | 1.98337 | 0 | 1 | 0 | 0 | 0 | 0 | 0 | 1 | camera | target | 0.288579 | 0 | 0.957456 | 0.288579 
SCRIPT       : DATA_LOG | 1712796 | aRapBi1cCZPZAGLIDny3dk3hQ8vTmNTLHRl8zxmKgQ0= | 7988.16 | 6.01994 | 3335.27 | -0.0944596 | -0.995529 | 0 | SCARH_Black | 1 | 53.5396 | 2.02131 | 0 | 1 | 0 | 0 | 0 | 0 | 0 | 1 | camera | target | -0.0944596 | 0 | -0.99552
SCRIPT       : DATA_LOG | 1712823 | VEZjSxlcpgu1JLRUfHGLLLMsm0wqbyJ6fy2rl33V8jg= | 7988.21 | 6.02318 | 3334.04 | 0.288579 | 0.957456 | 0 | none | 1 | 56.4186 | 1.98397 | 0 | 1 | 0 | 0 | 0 | 0 | 0 | 1 | camera | target | 0.288579 | 0 | 0.957456 | 0.288579 
SCRIPT       : DATA_LOG | 1713797 | aRapBi1cCZPZAGLIDny3dk3hQ8vTmNTLHRl8zxmKgQ0= | 7988.16 | 6.01994 | 3335.27 | -0.0944596 | -0.995529 | 0 | SCARH_Black | 1 | 53.5767 | 2.01956 | 0 | 1 | 0 | 0 | 0 | 0 | 0 | 1 | camera | target | -0.0944596 | 0 | -0.99552
SCRIPT       : DATA_LOG | 1713823 | VEZjSxlcpgu1JLRUfHGLLLMsm0wqbyJ6fy2rl33V8jg= | 7988.21 | 6.02318 | 3334.04 | 0.288579 | 0.957456 | 0 | none | 1 | 56.3388 | 1.98623 | 0 | 1 | 0 | 0 | 0 | 0 | 0 | 1 | camera | target | 0.288579 | 0 | 0.957456 | 0.288579 
SCRIPT       : DATA_LOG | 1714799 | aRapBi1cCZPZAGLIDny3dk3hQ8vTmNTLHRl8zxmKgQ0= | 7988.16 | 6.01994 | 3335.27 | -0.0944596 | -0.995529 | 0 | SCARH_Black | 1 | 55.1685 | 1.95937 | 0 | 1 | 0 | 0 | 0 | 0 | 0 | 1 | camera | target | -0.0944596 | 0 | -0.99552
SCRIPT       : DATA_LOG | 1714822 | VEZjSxlcpgu1JLRUfHGLLLMsm0wqbyJ6fy2rl33V8jg= | 7988.21 | 6.02318 | 3334.04 | 0.288579 | 0.957456 | 0 | none | 1 | 56.4622 | 1.98269 | 0 | 1 | 0 | 0 | 0 | 0 | 0 | 1 | camera | target | 0.288579 | 0 | 0.957456 | 0.288579 
SCRIPT       : DATA_LOG | 1715801 | aRapBi1cCZPZAGLIDny3dk3hQ8vTmNTLHRl8zxmKgQ0= | 7988.16 | 6.01994 | 3335.27 | -0.0944596 | -0.995529 | 0 | SCARH_Black | 1 | 53.6834 | 2.01584 | 0 | 1 | 0 | 0 | 0 | 0 | 0 | 1 | camera | target | -0.0944596 | 0 | -0.99552
SCRIPT       : DATA_LOG | 1715825 | VEZjSxlcpgu1JLRUfHGLLLMsm0wqbyJ6fy2rl33V8jg= | 7988.21 | 6.02318 | 3334.04 | 0.288579 | 0.957456 | 0 | none | 1 | 56.3856 | 1.98487 | 0 | 1 | 0 | 0 | 0 | 0 | 0 | 1 | camera | target | 0.288579 | 0 | 0.957456 | 0.288579 
SCRIPT       : DATA_LOG | 1716801 | aRapBi1cCZPZAGLIDny3dk3hQ8vTmNTLHRl8zxmKgQ0= | 7988.16 | 6.01994 | 3335.27 | -0.0944596 | -0.995529 | 0 | SCARH_Black | 1 | 53.3906 | 2.0254 | 0 | 1 | 0 | 0 | 0 | 0 | 0 | 1 | camera | target | -0.0944596 | 0 | -0.995529
SCRIPT       : DATA_LOG | 1716824 | VEZjSxlcpgu1JLRUfHGLLLMsm0wqbyJ6fy2rl33V8jg= | 7988.21 | 6.02318 | 3334.04 | 0.288579 | 0.957456 | 0 | none | 1 | 56.3456 | 1.98624 | 0 | 1 | 0 | 0 | 0 | 0 | 0 | 1 | camera | target | 0.288579 | 0 | 0.957456 | 0.288579 
SCRIPT       : DATA_LOG | 1717806 | aRapBi1cCZPZAGLIDny3dk3hQ8vTmNTLHRl8zxmKgQ0= | 7988.16 | 6.01994 | 3335.27 | -0.0944596 | -0.995529 | 0 | SCARH_Black | 1 | 53.4592 | 2.02323 | 0 | 1 | 0 | 0 | 0 | 0 | 0 | 1 | camera | target | -0.0944596 | 0 | -0.99552
SCRIPT       : DATA_LOG | 1717836 | VEZjSxlcpgu1JLRUfHGLLLMsm0wqbyJ6fy2rl33V8jg= | 7988.21 | 6.02318 | 3334.04 | 0.288579 | 0.957456 | 0 | none | 1 | 56.4446 | 1.98321 | 0 | 1 | 0 | 0 | 0 | 0 | 0 | 1 | camera | target | 0.288579 | 0 | 0.957456 | 0.288579 
SCRIPT       : DATA_LOG | 1718803 | aRapBi1cCZPZAGLIDny3dk3hQ8vTmNTLHRl8zxmKgQ0= | 7988.16 | 6.01994 | 3335.27 | -0.0944596 | -0.995529 | 0 | SCARH_Black | 1 | 53.5895 | 2.01912 | 0 | 1 | 0 | 0 | 0 | 0 | 0 | 1 | camera | target | -0.0944596 | 0 | -0.99552
SCRIPT       : DATA_LOG | 1718827 | VEZjSxlcpgu1JLRUfHGLLLMsm0wqbyJ6fy2rl33V8jg= | 7988.21 | 6.02318 | 3334.04 | 0.288579 | 0.957456 | 0 | none | 1 | 56.3872 | 1.98487 | 0 | 1 | 0 | 0 | 0 | 0 | 0 | 1 | camera | target | 0.288579 | 0 | 0.957456 | 0.288579 
SCRIPT       : DATA_LOG | 1719814 | aRapBi1cCZPZAGLIDny3dk3hQ8vTmNTLHRl8zxmKgQ0= | 7988.16 | 6.01994 | 3335.27 | -0.0944596 | -0.995529 | 0 | SCARH_Black | 1 | 53.5302 | 2.02117 | 0 | 1 | 0 | 0 | 0 | 0 | 0 | 1 | camera | target | -0.0944596 | 0 | -0.99552
SCRIPT       : DATA_LOG | 1719840 | VEZjSxlcpgu1JLRUfHGLLLMsm0wqbyJ6fy2rl33V8jg= | 7988.21 | 6.02318 | 3334.04 | 0.288579 | 0.957456 | 0 | none | 1 | 56.3419 | 1.9858 | 0 | 1 | 0 | 0 | 0 | 0 | 0 | 1 | camera | target | 0.288579 | 0 | 0.957456 | 0.288579 |
SCRIPT       : DATA_LOG | 1720803 | aRapBi1cCZPZAGLIDny3dk3hQ8vTmNTLHRl8zxmKgQ0= | 7988.16 | 6.01994 | 3335.27 | -0.0944596 | -0.995529 | 0 | SCARH_Black | 1 | 53.6288 | 2.01914 | 0 | 1 | 0 | 0 | 0 | 0 | 0 | 1 | camera | target | -0.0944596 | 0 | -0.99552
SCRIPT       : DATA_LOG | 1720829 | VEZjSxlcpgu1JLRUfHGLLLMsm0wqbyJ6fy2rl33V8jg= | 7988.21 | 6.02318 | 3334.04 | 0.288579 | 0.957456 | 0 | none | 1 | 56.4841 | 1.98231 | 0 | 1 | 0 | 0 | 0 | 0 | 0 | 1 | camera | target | 0.288579 | 0 | 0.957456 | 0.288579 
SCRIPT       : DATA_LOG | 1721808 | aRapBi1cCZPZAGLIDny3dk3hQ8vTmNTLHRl8zxmKgQ0= | 7988.16 | 6.01994 | 3335.27 | -0.0944596 | -0.995529 | 0 | SCARH_Black | 1 | 53.4541 | 2.02344 | 0 | 1 | 0 | 0 | 0 | 0 | 0 | 1 | camera | target | -0.0944596 | 0 | -0.99552
SCRIPT       : DATA_LOG | 1721833 | VEZjSxlcpgu1JLRUfHGLLLMsm0wqbyJ6fy2rl33V8jg= | 7988.21 | 6.02318 | 3334.04 | 0.288579 | 0.957456 | 0 | none | 1 | 56.3627 | 1.98586 | 0 | 1 | 0 | 0 | 0 | 0 | 0 | 1 | camera | target | 0.288579 | 0 | 0.957456 | 0.288579 
SCRIPT       : DATA_LOG | 1722806 | aRapBi1cCZPZAGLIDny3dk3hQ8vTmNTLHRl8zxmKgQ0= | 7988.16 | 6.01994 | 3335.27 | -0.0944596 | -0.995529 | 0 | SCARH_Black | 1 | 53.6512 | 2.01676 | 0 | 1 | 0 | 0 | 0 | 0 | 0 | 1 | camera | target | -0.0944596 | 0 | -0.99552
SCRIPT       : DATA_LOG | 1722832 | VEZjSxlcpgu1JLRUfHGLLLMsm0wqbyJ6fy2rl33V8jg= | 7988.21 | 6.02318 | 3334.04 | 0.288579 | 0.957456 | 0 | none | 1 | 56.3698 | 1.98522 | 0 | 1 | 0 | 0 | 0 | 0 | 0 | 1 | camera | target | 0.288579 | 0 | 0.957456 | 0.288579 
SCRIPT       : DATA_LOG | 1723809 | aRapBi1cCZPZAGLIDny3dk3hQ8vTmNTLHRl8zxmKgQ0= | 7988.16 | 6.01994 | 3335.27 | -0.0944596 | -0.995529 | 0 | SCARH_Black | 1 | 53.4635 | 2.02326 | 0 | 1 | 0 | 0 | 0 | 0 | 0 | 1 | camera | target | -0.0944596 | 0 | -0.99552
SCRIPT       : DATA_LOG | 1723835 | VEZjSxlcpgu1JLRUfHGLLLMsm0wqbyJ6fy2rl33V8jg= | 7988.21 | 6.02318 | 3334.04 | 0.288579 | 0.957456 | 0 | none | 1 | 56.4514 | 1.98331 | 0 | 1 | 0 | 0 | 0 | 0 | 0 | 1 | camera | target | 0.288579 | 0 | 0.957456 | 0.288579 
SCRIPT       : DATA_LOG | 1724812 | aRapBi1cCZPZAGLIDny3dk3hQ8vTmNTLHRl8zxmKgQ0= | 7988.16 | 6.01994 | 3335.27 | -0.0944596 | -0.995529 | 0 | SCARH_Black | 1 | 53.3991 | 2.02509 | 0 | 1 | 0 | 0 | 0 | 0 | 0 | 1 | camera | target | -0.0944596 | 0 | -0.99552
SCRIPT       : DATA_LOG | 1724842 | VEZjSxlcpgu1JLRUfHGLLLMsm0wqbyJ6fy2rl33V8jg= | 7988.21 | 6.02318 | 3334.04 | 0.288579 | 0.957456 | 0 | none | 1 | 56.3581 | 1.98554 | 0 | 1 | 0 | 0 | 0 | 0 | 0 | 1 | camera | target | 0.288579 | 0 | 0.957456 | 0.288579 
SCRIPT       : DATA_LOG | 1725808 | aRapBi1cCZPZAGLIDny3dk3hQ8vTmNTLHRl8zxmKgQ0= | 7988.16 | 6.01994 | 3335.27 | -0.0944596 | -0.995529 | 0 | SCARH_Black | 1 | 53.6144 | 2.01818 | 0 | 1 | 0 | 0 | 0 | 0 | 0 | 1 | camera | target | -0.0944596 | 0 | -0.99552
SCRIPT       : DATA_LOG | 1725833 | VEZjSxlcpgu1JLRUfHGLLLMsm0wqbyJ6fy2rl33V8jg= | 7988.21 | 6.02318 | 3334.04 | 0.288579 | 0.957456 | 0 | none | 1 | 56.372 | 1.985 | 0 | 1 | 0 | 0 | 0 | 0 | 0 | 1 | camera | target | 0.288579 | 0 | 0.957456 | 0.288579 | 0
SCRIPT       : DATA_LOG | 1726809 | aRapBi1cCZPZAGLIDny3dk3hQ8vTmNTLHRl8zxmKgQ0= | 7988.16 | 6.01994 | 3335.27 | -0.0944596 | -0.995529 | 0 | SCARH_Black | 1 | 53.5187 | 2.02126 | 0 | 1 | 0 | 0 | 0 | 0 | 0 | 1 | camera | target | -0.0944596 | 0 | -0.99552
SCRIPT       : DATA_LOG | 1726834 | VEZjSxlcpgu1JLRUfHGLLLMsm0wqbyJ6fy2rl33V8jg= | 7988.21 | 6.02318 | 3334.04 | 0.288579 | 0.957456 | 0 | none | 1 | 56.4639 | 1.98311 | 0 | 1 | 0 | 0 | 0 | 0 | 0 | 1 | camera | target | 0.288579 | 0 | 0.957456 | 0.288579 
SCRIPT       : DATA_LOG | 1727810 | aRapBi1cCZPZAGLIDny3dk3hQ8vTmNTLHRl8zxmKgQ0= | 7988.16 | 6.01994 | 3335.27 | -0.0944596 | -0.995529 | 0 | SCARH_Black | 1 | 53.6386 | 2.01887 | 0 | 1 | 0 | 0 | 0 | 0 | 0 | 1 | camera | target | -0.0944596 | 0 | -0.99552
SCRIPT       : DATA_LOG | 1727832 | VEZjSxlcpgu1JLRUfHGLLLMsm0wqbyJ6fy2rl33V8jg= | 7988.21 | 6.02318 | 3334.04 | 0.288579 | 0.957456 | 0 | none | 1 | 56.3507 | 1.98642 | 0 | 1 | 0 | 0 | 0 | 0 | 0 | 1 | camera | target | 0.288579 | 0 | 0.957456 | 0.288579 
SCRIPT       : DATA_LOG | 1728813 | aRapBi1cCZPZAGLIDny3dk3hQ8vTmNTLHRl8zxmKgQ0= | 7988.16 | 6.01994 | 3335.27 | -0.0944596 | -0.995529 | 0 | SCARH_Black | 1 | 57.5137 | 1.83638 | 0 | 1 | 0 | 0 | 0 | 0 | 0 | 1 | camera | none | -0.0944596 | 0 | -0.995529 
SCRIPT       : DATA_LOG | 1728836 | VEZjSxlcpgu1JLRUfHGLLLMsm0wqbyJ6fy2rl33V8jg= | 7988.21 | 6.02318 | 3334.04 | 0.288579 | 0.957456 | 0 | none | 1 | 56.4055 | 1.98413 | 0 | 1 | 0 | 0 | 0 | 0 | 0 | 1 | camera | target | 0.288579 | 0 | 0.957456 | 0.288579 
SCRIPT       : DATA_LOG | 1729807 | aRapBi1cCZPZAGLIDny3dk3hQ8vTmNTLHRl8zxmKgQ0= | 7988.16 | 6.01994 | 3335.27 | -0.0944596 | -0.995529 | 0 | SCARH_Black | 1 | 54.3268 | 1.99483 | 0 | 1 | 0 | 0 | 0 | 0 | 0 | 1 | camera | target | -0.0944596 | 0 | -0.99552
SCRIPT       : DATA_LOG | 1729827 | VEZjSxlcpgu1JLRUfHGLLLMsm0wqbyJ6fy2rl33V8jg= | 7988.21 | 6.02318 | 3334.04 | 0.288579 | 0.957456 | 0 | none | 1 | 56.4352 | 1.98373 | 0 | 1 | 0 | 0 | 0 | 0 | 0 | 1 | camera | target | 0.288579 | 0 | 0.957456 | 0.288579 
SCRIPT       : DATA_LOG | 1730814 | aRapBi1cCZPZAGLIDny3dk3hQ8vTmNTLHRl8zxmKgQ0= | 7988.16 | 6.01994 | 3335.27 | -0.0944596 | -0.995529 | 0 | SCARH_Black | 1 | 55.0806 | 1.97018 | 0 | 1 | 0 | 0 | 0 | 0 | 0 | 1 | camera | target | -0.0944596 | 0 | -0.99552
SCRIPT       : DATA_LOG | 1730838 | VEZjSxlcpgu1JLRUfHGLLLMsm0wqbyJ6fy2rl33V8jg= | 7988.21 | 6.02318 | 3334.04 | 0.288579 | 0.957456 | 0 | none | 1 | 56.3338 | 1.98639 | 0 | 1 | 0 | 0 | 0 | 0 | 0 | 1 | camera | target | 0.288579 | 0 | 0.957456 | 0.288579 
SCRIPT       : DATA_LOG | 1731815 | aRapBi1cCZPZAGLIDny3dk3hQ8vTmNTLHRl8zxmKgQ0= | 7988.16 | 6.01994 | 3335.27 | -0.0944596 | -0.995529 | 0 | SCARH_Black | 1 | 53.3534 | 2.02641 | 0 | 1 | 0 | 0 | 0 | 0 | 0 | 1 | camera | target | -0.0944596 | 0 | -0.99552
SCRIPT       : DATA_LOG | 1731842 | VEZjSxlcpgu1JLRUfHGLLLMsm0wqbyJ6fy2rl33V8jg= | 7988.21 | 6.02318 | 3334.04 | 0.288579 | 0.957456 | 0 | none | 1 | 56.4337 | 1.98349 | 0 | 1 | 0 | 0 | 0 | 0 | 0 | 1 | camera | target | 0.288579 | 0 | 0.957456 | 0.288579 
SCRIPT       : DATA_LOG | 1732813 | aRapBi1cCZPZAGLIDny3dk3hQ8vTmNTLHRl8zxmKgQ0= | 7988.16 | 6.01994 | 3335.27 | -0.0944596 | -0.995529 | 0 | SCARH_Black | 1 | 53.6415 | 2.01735 | 0 | 1 | 0 | 0 | 0 | 0 | 0 | 1 | camera | target | -0.0944596 | 0 | -0.99552
SCRIPT       : DATA_LOG | 1732838 | VEZjSxlcpgu1JLRUfHGLLLMsm0wqbyJ6fy2rl33V8jg= | 7988.21 | 6.02318 | 3334.04 | 0.288579 | 0.957456 | 0 | none | 1 | 56.4127 | 1.98433 | 0 | 1 | 0 | 0 | 0 | 0 | 0 | 1 | camera | target | 0.288579 | 0 | 0.957456 | 0.288579 
SCRIPT       : DATA_LOG | 1733819 | aRapBi1cCZPZAGLIDny3dk3hQ8vTmNTLHRl8zxmKgQ0= | 7988.16 | 6.01994 | 3335.27 | -0.0944596 | -0.995529 | 0 | SCARH_Black | 1 | 53.4879 | 2.02207 | 0 | 1 | 0 | 0 | 0 | 0 | 0 | 1 | camera | target | -0.0944596 | 0 | -0.99552
SCRIPT       : DATA_LOG | 1733845 | VEZjSxlcpgu1JLRUfHGLLLMsm0wqbyJ6fy2rl33V8jg= | 7988.21 | 6.02318 | 3334.04 | 0.288579 | 0.957456 | 0 | none | 1 | 56.3455 | 1.98657 | 0 | 1 | 0 | 0 | 0 | 0 | 0 | 1 | camera | target | 0.288579 | 0 | 0.957456 | 0.288579 
SCRIPT       : DATA_LOG | 1734812 | aRapBi1cCZPZAGLIDny3dk3hQ8vTmNTLHRl8zxmKgQ0= | 7988.16 | 6.01994 | 3335.27 | -0.0944596 | -0.995529 | 0 | SCARH_Black | 1 | 53.6175 | 2.01958 | 0 | 1 | 0 | 0 | 0 | 0 | 0 | 1 | camera | target | -0.0944596 | 0 | -0.99552
SCRIPT       : DATA_LOG | 1734831 | VEZjSxlcpgu1JLRUfHGLLLMsm0wqbyJ6fy2rl33V8jg= | 7988.21 | 6.02318 | 3334.04 | 0.288579 | 0.957456 | 0 | none | 1 | 56.4421 | 1.98325 | 0 | 1 | 0 | 0 | 0 | 0 | 0 | 1 | camera | target | 0.288579 | 0 | 0.957456 | 0.288579 
SCRIPT       : DATA_LOG | 1735816 | aRapBi1cCZPZAGLIDny3dk3hQ8vTmNTLHRl8zxmKgQ0= | 7988.16 | 6.01994 | 3335.27 | -0.0944596 | -0.995529 | 0 | SCARH_Black | 1 | 53.5308 | 2.02132 | 0 | 1 | 0 | 0 | 0 | 0 | 0 | 1 | camera | target | -0.0944596 | 0 | -0.99552
SCRIPT       : DATA_LOG | 1735837 | VEZjSxlcpgu1JLRUfHGLLLMsm0wqbyJ6fy2rl33V8jg= | 7988.21 | 6.02318 | 3334.04 | 0.288579 | 0.957456 | 0 | none | 1 | 56.4078 | 1.98425 | 0 | 1 | 0 | 0 | 0 | 0 | 0 | 1 | camera | target | 0.288579 | 0 | 0.957456 | 0.288579 
SCRIPT       : DATA_LOG | 1736818 | aRapBi1cCZPZAGLIDny3dk3hQ8vTmNTLHRl8zxmKgQ0= | 7988.16 | 6.01994 | 3335.27 | -0.0944596 | -0.995529 | 0 | SCARH_Black | 1 | 53.4976 | 2.02193 | 0 | 1 | 0 | 0 | 0 | 0 | 0 | 1 | camera | target | -0.0944596 | 0 | -0.99552
SCRIPT       : DATA_LOG | 1736858 | VEZjSxlcpgu1JLRUfHGLLLMsm0wqbyJ6fy2rl33V8jg= | 7988.21 | 6.02318 | 3334.04 | 0.288579 | 0.957456 | 0 | none | 1 | 56.3332 | 1.98619 | 0 | 1 | 0 | 0 | 0 | 0 | 0 | 1 | camera | target | 0.288579 | 0 | 0.957456 | 0.288579 
SCRIPT       : DATA_LOG | 1737821 | aRapBi1cCZPZAGLIDny3dk3hQ8vTmNTLHRl8zxmKgQ0= | 7988.16 | 6.01994 | 3335.27 | -0.0944596 | -0.995529 | 0 | SCARH_Black | 1 | 53.6184 | 2.01868 | 0 | 1 | 0 | 0 | 0 | 0 | 0 | 1 | camera | target | -0.0944596 | 0 | -0.99552
SCRIPT       : DATA_LOG | 1737847 | VEZjSxlcpgu1JLRUfHGLLLMsm0wqbyJ6fy2rl33V8jg= | 7988.21 | 6.02318 | 3334.04 | 0.288579 | 0.957456 | 0 | none | 1 | 56.4783 | 1.98243 | 0 | 1 | 0 | 0 | 0 | 0 | 0 | 1 | camera | target | 0.288579 | 0 | 0.957456 | 0.288579 
SCRIPT       : DATA_LOG | 1738825 | aRapBi1cCZPZAGLIDny3dk3hQ8vTmNTLHRl8zxmKgQ0= | 7988.16 | 6.01994 | 3335.27 | -0.0944596 | -0.995529 | 0 | SCARH_Black | 1 | 53.3134 | 2.02758 | 0 | 1 | 0 | 0 | 0 | 0 | 0 | 1 | camera | target | -0.0944596 | 0 | -0.99552
SCRIPT       : DATA_LOG | 1738854 | VEZjSxlcpgu1JLRUfHGLLLMsm0wqbyJ6fy2rl33V8jg= | 7988.21 | 6.02318 | 3334.04 | 0.288579 | 0.957456 | 0 | none | 1 | 56.3852 | 1.98501 | 0 | 1 | 0 | 0 | 0 | 0 | 0 | 1 | camera | target | 0.288579 | 0 | 0.957456 | 0.288579 
SCRIPT       : DATA_LOG | 1739822 | aRapBi1cCZPZAGLIDny3dk3hQ8vTmNTLHRl8zxmKgQ0= | 7988.16 | 6.01994 | 3335.27 | -0.0944596 | -0.995529 | 0 | SCARH_Black | 1 | 53.6306 | 2.01772 | 0 | 1 | 0 | 0 | 0 | 0 | 0 | 1 | camera | target | -0.0944596 | 0 | -0.99552
SCRIPT       : DATA_LOG | 1739849 | VEZjSxlcpgu1JLRUfHGLLLMsm0wqbyJ6fy2rl33V8jg= | 7988.21 | 6.02318 | 3334.04 | 0.288579 | 0.957456 | 0 | none | 1 | 56.3506 | 1.98608 | 0 | 1 | 0 | 0 | 0 | 0 | 0 | 1 | camera | target | 0.288579 | 0 | 0.957456 | 0.288579 
SCRIPT       : DATA_LOG | 1740821 | aRapBi1cCZPZAGLIDny3dk3hQ8vTmNTLHRl8zxmKgQ0= | 7988.16 | 6.01994 | 3335.27 | -0.0944596 | -0.995529 | 0 | SCARH_Black | 1 | 53.484 | 2.0223 | 0 | 1 | 0 | 0 | 0 | 0 | 0 | 1 | camera | target | -0.0944596 | 0 | -0.995529 
SCRIPT       : DATA_LOG | 1740847 | VEZjSxlcpgu1JLRUfHGLLLMsm0wqbyJ6fy2rl33V8jg= | 7988.21 | 6.02318 | 3334.04 | 0.288579 | 0.957456 | 0 | none | 1 | 56.4502 | 1.98324 | 0 | 1 | 0 | 0 | 0 | 0 | 0 | 1 | camera | target | 0.288579 | 0 | 0.957456 | 0.288579 
SCRIPT       : DATA_LOG | 1741823 | aRapBi1cCZPZAGLIDny3dk3hQ8vTmNTLHRl8zxmKgQ0= | 7988.16 | 6.01994 | 3335.27 | -0.0944596 | -0.995529 | 0 | SCARH_Black | 1 | 53.5953 | 2.02023 | 0 | 1 | 0 | 0 | 0 | 0 | 0 | 1 | camera | target | -0.0944596 | 0 | -0.99552
SCRIPT       : DATA_LOG | 1741850 | VEZjSxlcpgu1JLRUfHGLLLMsm0wqbyJ6fy2rl33V8jg= | 7988.21 | 6.02318 | 3334.04 | 0.288579 | 0.957456 | 0 | none | 1 | 56.3626 | 1.98536 | 0 | 1 | 0 | 0 | 0 | 0 | 0 | 1 | camera | target | 0.288579 | 0 | 0.957456 | 0.288579 
SCRIPT       : DATA_LOG | 1742828 | aRapBi1cCZPZAGLIDny3dk3hQ8vTmNTLHRl8zxmKgQ0= | 7988.16 | 6.01994 | 3335.27 | -0.0944596 | -0.995529 | 0 | SCARH_Black | 1 | 53.5531 | 2.021 | 0 | 1 | 0 | 0 | 0 | 0 | 0 | 1 | camera | target | -0.0944596 | 0 | -0.995529 
SCRIPT       : DATA_LOG | 1742854 | VEZjSxlcpgu1JLRUfHGLLLMsm0wqbyJ6fy2rl33V8jg= | 7988.21 | 6.02318 | 3334.04 | 0.288579 | 0.957456 | 0 | none | 1 | 56.3511 | 1.98527 | 0 | 1 | 0 | 0 | 0 | 0 | 0 | 1 | camera | target | 0.288579 | 0 | 0.957456 | 0.288579 
SCRIPT       : DATA_LOG | 1743824 | aRapBi1cCZPZAGLIDny3dk3hQ8vTmNTLHRl8zxmKgQ0= | 7988.16 | 6.01994 | 3335.27 | -0.0944596 | -0.995529 | 0 | SCARH_Black | 0 | 53.4254 | 2.02452 | 0 | 1 | 0 | 0 | 0 | 0 | 0 | 1 | camera | Bandana_Blue | -0.0944596 | 0 | -0
SCRIPT       : DATA_LOG | 1743846 | VEZjSxlcpgu1JLRUfHGLLLMsm0wqbyJ6fy2rl33V8jg= | 7988.21 | 6.02318 | 3334.04 | 0.288579 | 0.957456 | 0 | none | 1 | 56.4789 | 1.98246 | 0 | 1 | 0 | 0 | 0 | 0 | 0 | 1 | camera | target | 0.288579 | 0 | 0.957456 | 0.288579 
SCRIPT       : DATA_LOG | 1744831 | aRapBi1cCZPZAGLIDny3dk3hQ8vTmNTLHRl8zxmKgQ0= | 7988.16 | 6.01994 | 3335.27 | -0.0944596 | -0.995529 | 0 | SCARH_Black | 0 | 53.6668 | 2.017 | 0 | 1 | 0 | 0 | 0 | 0 | 0 | 1 | camera | Bandana_Blue | -0.0944596 | 0 | -0.9
SCRIPT       : DATA_LOG | 1744857 | VEZjSxlcpgu1JLRUfHGLLLMsm0wqbyJ6fy2rl33V8jg= | 7988.21 | 6.02318 | 3334.04 | 0.288579 | 0.957456 | 0 | none | 1 | 56.357 | 1.98616 | 0 | 1 | 0 | 0 | 0 | 0 | 0 | 1 | camera | target | 0.288579 | 0 | 0.957456 | 0.288579 |
SCRIPT       : DATA_LOG | 1745831 | aRapBi1cCZPZAGLIDny3dk3hQ8vTmNTLHRl8zxmKgQ0= | 7988.16 | 6.01994 | 3335.27 | -0.0944596 | -0.995529 | 0 | SCARH_Black | 0 | 53.2974 | 2.02812 | 0 | 1 | 0 | 0 | 0 | 0 | 0 | 1 | camera | Bandana_Blue | -0.0944596 | 0 | -0
SCRIPT       : DATA_LOG | 1745859 | VEZjSxlcpgu1JLRUfHGLLLMsm0wqbyJ6fy2rl33V8jg= | 7988.21 | 6.02318 | 3334.04 | 0.288579 | 0.957456 | 0 | none | 1 | 56.3756 | 1.98493 | 0 | 1 | 0 | 0 | 0 | 0 | 0 | 1 | camera | target | 0.288579 | 0 | 0.957456 | 0.288579 
SCRIPT       : DATA_LOG | 1746831 | aRapBi1cCZPZAGLIDny3dk3hQ8vTmNTLHRl8zxmKgQ0= | 7988.16 | 6.01994 | 3335.27 | -0.0944596 | -0.995529 | 0 | SCARH_Black | 0 | 53.5974 | 2.01883 | 0 | 1 | 0 | 0 | 0 | 0 | 0 | 1 | camera | Bandana_Blue | -0.0944596 | 0 | -0
SCRIPT       : DATA_LOG | 1746855 | VEZjSxlcpgu1JLRUfHGLLLMsm0wqbyJ6fy2rl33V8jg= | 7988.21 | 6.02318 | 3334.04 | 0.288579 | 0.957456 | 0 | none | 1 | 56.4413 | 1.98363 | 0 | 1 | 0 | 0 | 0 | 0 | 0 | 1 | camera | target | 0.288579 | 0 | 0.957456 | 0.288579 
SCRIPT       : DATA_LOG | 1747830 | aRapBi1cCZPZAGLIDny3dk3hQ8vTmNTLHRl8zxmKgQ0= | 7988.16 | 6.01994 | 3335.27 | -0.0944596 | -0.995529 | 0 | SCARH_Black | 0 | 53.4974 | 2.02196 | 0 | 1 | 0 | 0 | 0 | 0 | 0 | 1 | camera | Bandana_Blue | -0.0944596 | 0 | -0
SCRIPT       : DATA_LOG | 1747855 | VEZjSxlcpgu1JLRUfHGLLLMsm0wqbyJ6fy2rl33V8jg= | 7988.21 | 6.02318 | 3334.04 | 0.288579 | 0.957456 | 0 | none | 1 | 56.3433 | 1.98604 | 0 | 1 | 0 | 0 | 0 | 0 | 0 | 1 | camera | target | 0.288579 | 0 | 0.957456 | 0.288579 
SCRIPT       : DATA_LOG | 1748834 | aRapBi1cCZPZAGLIDny3dk3hQ8vTmNTLHRl8zxmKgQ0= | 7988.16 | 6.01994 | 3335.27 | -0.0944596 | -0.995529 | 0 | SCARH_Black | 0 | 53.5858 | 2.02026 | 0 | 1 | 0 | 0 | 0 | 0 | 0 | 1 | camera | Bandana_Blue | -0.0944596 | 0 | -0
SCRIPT       : DATA_LOG | 1748860 | VEZjSxlcpgu1JLRUfHGLLLMsm0wqbyJ6fy2rl33V8jg= | 7988.21 | 6.02318 | 3334.04 | 0.288579 | 0.957456 | 0 | none | 1 | 56.402 | 1.9842 | 0 | 1 | 0 | 0 | 0 | 0 | 0 | 1 | camera | target | 0.288579 | 0 | 0.957456 | 0.288579 | 
SCRIPT       : DATA_LOG | 1749831 | aRapBi1cCZPZAGLIDny3dk3hQ8vTmNTLHRl8zxmKgQ0= | 7988.16 | 6.01994 | 3335.27 | -0.0944596 | -0.995529 | 0 | SCARH_Black | 0 | 53.5771 | 2.02044 | 0 | 1 | 0 | 0 | 0 | 0 | 0 | 1 | camera | Bandana_Blue | -0.0944596 | 0 | -0
SCRIPT       : DATA_LOG | 1749855 | VEZjSxlcpgu1JLRUfHGLLLMsm0wqbyJ6fy2rl33V8jg= | 7988.21 | 6.02318 | 3334.04 | 0.288579 | 0.957456 | 0 | none | 1 | 56.4431 | 1.98355 | 0 | 1 | 0 | 0 | 0 | 0 | 0 | 1 | camera | target | 0.288579 | 0 | 0.957456 | 0.288579 
SCRIPT       : DATA_LOG | 1750837 | aRapBi1cCZPZAGLIDny3dk3hQ8vTmNTLHRl8zxmKgQ0= | 7988.16 | 6.01994 | 3335.27 | -0.0944596 | -0.995529 | 0 | SCARH_Black | 0 | 53.3979 | 2.02541 | 0 | 1 | 0 | 0 | 0 | 0 | 0 | 1 | camera | Bandana_Blue | -0.0944596 | 0 | -0
SCRIPT       : DATA_LOG | 1750862 | VEZjSxlcpgu1JLRUfHGLLLMsm0wqbyJ6fy2rl33V8jg= | 7988.21 | 6.02318 | 3334.04 | 0.288579 | 0.957456 | 0 | none | 1 | 56.3447 | 1.98653 | 0 | 1 | 0 | 0 | 0 | 0 | 0 | 1 | camera | target | 0.288579 | 0 | 0.957456 | 0.288579 
SCRIPT       : DATA_LOG | 1751841 | aRapBi1cCZPZAGLIDny3dk3hQ8vTmNTLHRl8zxmKgQ0= | 7988.16 | 6.01994 | 3335.27 | -0.0944596 | -0.995529 | 0 | SCARH_Black | 0 | 53.7018 | 2.01557 | 0 | 1 | 0 | 0 | 0 | 0 | 0 | 1 | camera | Bandana_Blue | -0.0944596 | 0 | -0
SCRIPT       : DATA_LOG | 1751873 | VEZjSxlcpgu1JLRUfHGLLLMsm0wqbyJ6fy2rl33V8jg= | 7988.21 | 6.02318 | 3334.04 | 0.288579 | 0.957456 | 0 | none | 1 | 56.4207 | 1.98365 | 0 | 1 | 0 | 0 | 0 | 0 | 0 | 1 | camera | target | 0.288579 | 0 | 0.957456 | 0.288579 
SCRIPT       : DATA_LOG | 1752844 | aRapBi1cCZPZAGLIDny3dk3hQ8vTmNTLHRl8zxmKgQ0= | 7988.16 | 6.01994 | 3335.27 | -0.0944596 | -0.995529 | 0 | SCARH_Black | 0 | 53.3067 | 2.02783 | 0 | 1 | 0 | 0 | 0 | 0 | 0 | 1 | camera | Bandana_Blue | -0.0944596 | 0 | -0
SCRIPT       : DATA_LOG | 1752875 | VEZjSxlcpgu1JLRUfHGLLLMsm0wqbyJ6fy2rl33V8jg= | 7988.21 | 6.02318 | 3334.04 | 0.288579 | 0.957456 | 0 | none | 1 | 56.4339 | 1.98366 | 0 | 1 | 0 | 0 | 0 | 0 | 0 | 1 | camera | target | 0.288579 | 0 | 0.957456 | 0.288579 
SCRIPT       : DATA_LOG | 1753838 | aRapBi1cCZPZAGLIDny3dk3hQ8vTmNTLHRl8zxmKgQ0= | 7988.16 | 6.01994 | 3335.27 | -0.0944596 | -0.995529 | 0 | SCARH_Black | 0 | 53.5431 | 2.02064 | 0 | 1 | 0 | 0 | 0 | 0 | 0 | 1 | camera | Bandana_Blue | -0.0944596 | 0 | -0
SCRIPT       : DATA_LOG | 1753868 | VEZjSxlcpgu1JLRUfHGLLLMsm0wqbyJ6fy2rl33V8jg= | 7988.21 | 6.02318 | 3334.04 | 0.288579 | 0.957456 | 0 | none | 1 | 56.3341 | 1.9864 | 0 | 1 | 0 | 0 | 0 | 0 | 0 | 1 | camera | target | 0.288579 | 0 | 0.957456 | 0.288579 |
SCRIPT       : DATA_LOG | 1754838 | aRapBi1cCZPZAGLIDny3dk3hQ8vTmNTLHRl8zxmKgQ0= | 7988.16 | 6.01994 | 3335.27 | -0.0944596 | -0.995529 | 0 | SCARH_Black | 0 | 53.5267 | 2.02108 | 0 | 1 | 0 | 0 | 0 | 0 | 0 | 1 | camera | Bandana_Blue | -0.0944596 | 0 | -0
SCRIPT       : DATA_LOG | 1754861 | VEZjSxlcpgu1JLRUfHGLLLMsm0wqbyJ6fy2rl33V8jg= | 7988.21 | 6.02318 | 3334.04 | 0.288579 | 0.957456 | 0 | none | 1 | 56.4505 | 1.98293 | 0 | 1 | 0 | 0 | 0 | 0 | 0 | 1 | camera | target | 0.288579 | 0 | 0.957456 | 0.288579 
SCRIPT       : DATA_LOG | 1755838 | aRapBi1cCZPZAGLIDny3dk3hQ8vTmNTLHRl8zxmKgQ0= | 7988.16 | 6.01994 | 3335.27 | -0.0944596 | -0.995529 | 0 | SCARH_Black | 0 | 53.5541 | 2.02103 | 0 | 1 | 0 | 0 | 0 | 0 | 0 | 1 | camera | Bandana_Blue | -0.0944596 | 0 | -0
SCRIPT       : DATA_LOG | 1755867 | VEZjSxlcpgu1JLRUfHGLLLMsm0wqbyJ6fy2rl33V8jg= | 7988.21 | 6.02318 | 3334.04 | 0.288579 | 0.957456 | 0 | none | 1 | 56.4075 | 1.98449 | 0 | 1 | 0 | 0 | 0 | 0 | 0 | 1 | camera | target | 0.288579 | 0 | 0.957456 | 0.288579 
SCRIPT       : DATA_LOG | 1756840 | aRapBi1cCZPZAGLIDny3dk3hQ8vTmNTLHRl8zxmKgQ0= | 7988.16 | 6.01994 | 3335.27 | -0.0944596 | -0.995529 | 0 | SCARH_Black | 0 | 53.6007 | 2.01985 | 0 | 1 | 0 | 0 | 0 | 0 | 0 | 1 | camera | Bandana_Blue | -0.0944596 | 0 | -0
SCRIPT       : DATA_LOG | 1756866 | VEZjSxlcpgu1JLRUfHGLLLMsm0wqbyJ6fy2rl33V8jg= | 7988.21 | 6.02318 | 3334.04 | 0.288579 | 0.957456 | 0 | none | 1 | 56.3455 | 1.9864 | 0 | 1 | 0 | 0 | 0 | 0 | 0 | 1 | camera | target | 0.288579 | 0 | 0.957456 | 0.288579 |
SCRIPT       : DATA_LOG | 1757840 | aRapBi1cCZPZAGLIDny3dk3hQ8vTmNTLHRl8zxmKgQ0= | 7988.16 | 6.01994 | 3335.27 | -0.0944596 | -0.995529 | 0 | SCARH_Black | 0 | 53.4123 | 2.02487 | 0 | 1 | 0 | 0 | 0 | 0 | 0 | 1 | camera | Bandana_Blue | -0.0944596 | 0 | -0
SCRIPT       : DATA_LOG | 1757864 | VEZjSxlcpgu1JLRUfHGLLLMsm0wqbyJ6fy2rl33V8jg= | 7988.21 | 6.02318 | 3334.04 | 0.288579 | 0.957456 | 0 | none | 1 | 56.4433 | 1.98331 | 0 | 1 | 0 | 0 | 0 | 0 | 0 | 1 | camera | target | 0.288579 | 0 | 0.957456 | 0.288579 
SCRIPT       : DATA_LOG | 1758846 | aRapBi1cCZPZAGLIDny3dk3hQ8vTmNTLHRl8zxmKgQ0= | 7988.16 | 6.01994 | 3335.27 | -0.0944596 | -0.995529 | 0 | SCARH_Black | 0 | 54.8234 | 1.97625 | 0 | 1 | 0 | 0 | 0 | 0 | 0 | 1 | camera | Bandana_Blue | -0.0944596 | 0 | -0
SCRIPT       : DATA_LOG | 1758875 | VEZjSxlcpgu1JLRUfHGLLLMsm0wqbyJ6fy2rl33V8jg= | 7988.21 | 6.02318 | 3334.04 | 0.288579 | 0.957456 | 0 | none | 1 | 56.4029 | 1.98441 | 0 | 1 | 0 | 0 | 0 | 0 | 0 | 1 | camera | target | 0.288579 | 0 | 0.957456 | 0.288579 
SCRIPT       : DATA_LOG | 1759878 | aRapBi1cCZPZAGLIDny3dk3hQ8vTmNTLHRl8zxmKgQ0= | 7988.16 | 6.01994 | 3335.27 | -0.0944596 | -0.995529 | 0 | SCARH_Black | 0 | 57.4793 | 1.83079 | 0 | 1 | 0 | 0 | 0 | 0 | 0 | 1 | camera | Bandana_Blue | -0.0944596 | 0 | -0
SCRIPT       : DATA_LOG | 1759906 | VEZjSxlcpgu1JLRUfHGLLLMsm0wqbyJ6fy2rl33V8jg= | 7988.21 | 6.02318 | 3334.04 | 0.288579 | 0.957456 | 0 | none | 1 | 56.3332 | 1.98619 | 0 | 1 | 0 | 0 | 0 | 0 | 0 | 1 | camera | target | 0.288579 | 0 | 0.957456 | 0.288579 
SCRIPT       : DATA_LOG | 1760871 | aRapBi1cCZPZAGLIDny3dk3hQ8vTmNTLHRl8zxmKgQ0= | 7988.16 | 6.01994 | 3335.27 | -0.0944596 | -0.995529 | 0 | SCARH_Black | 0 | 54.7491 | 1.98289 | 0 | 1 | 0 | 0 | 0 | 0 | 0 | 1 | camera | Bandana_Blue | -0.0944596 | 0 | -0
SCRIPT       : DATA_LOG | 1760895 | VEZjSxlcpgu1JLRUfHGLLLMsm0wqbyJ6fy2rl33V8jg= | 7988.21 | 6.02318 | 3334.04 | 0.288579 | 0.957456 | 0 | none | 1 | 56.4794 | 1.98248 | 0 | 1 | 0 | 0 | 0 | 0 | 0 | 1 | camera | target | 0.288579 | 0 | 0.957456 | 0.288579 
SCRIPT       : DATA_LOG | 1761874 | aRapBi1cCZPZAGLIDny3dk3hQ8vTmNTLHRl8zxmKgQ0= | 7988.16 | 6.01994 | 3335.27 | -0.0944596 | -0.995529 | 0 | SCARH_Black | 0 | 54.7568 | 1.98213 | 0 | 1 | 0 | 0 | 0 | 0 | 0 | 1 | camera | Bandana_Blue | -0.0944596 | 0 | -0
SCRIPT       : DATA_LOG | 1761898 | VEZjSxlcpgu1JLRUfHGLLLMsm0wqbyJ6fy2rl33V8jg= | 7988.21 | 6.02318 | 3334.04 | 0.288579 | 0.957456 | 0 | none | 1 | 56.3682 | 1.98556 | 0 | 1 | 0 | 0 | 0 | 0 | 0 | 1 | camera | target | 0.288579 | 0 | 0.957456 | 0.288579 
SCRIPT       : DATA_LOG | 1762874 | aRapBi1cCZPZAGLIDny3dk3hQ8vTmNTLHRl8zxmKgQ0= | 7988.16 | 6.01994 | 3335.27 | -0.0944596 | -0.995529 | 0 | SCARH_Black | 0 | 53.5355 | 2.02127 | 0 | 1 | 0 | 0 | 0 | 0 | 0 | 1 | camera | Bandana_Blue | -0.0944596 | 0 | -0
SCRIPT       : DATA_LOG | 1762904 | VEZjSxlcpgu1JLRUfHGLLLMsm0wqbyJ6fy2rl33V8jg= | 7988.21 | 6.02318 | 3334.04 | 0.288579 | 0.957456 | 0 | none | 1 | 56.3599 | 1.98555 | 0 | 1 | 0 | 0 | 0 | 0 | 0 | 1 | camera | target | 0.288579 | 0 | 0.957456 | 0.288579 
SCRIPT       : DATA_LOG | 1763875 | aRapBi1cCZPZAGLIDny3dk3hQ8vTmNTLHRl8zxmKgQ0= | 7988.16 | 6.01994 | 3335.27 | -0.0944596 | -0.995529 | 0 | SCARH_Black | 0 | 53.6177 | 2.01943 | 0 | 1 | 0 | 0 | 0 | 0 | 0 | 1 | camera | Bandana_Blue | -0.0944596 | 0 | -0
SCRIPT       : DATA_LOG | 1763902 | VEZjSxlcpgu1JLRUfHGLLLMsm0wqbyJ6fy2rl33V8jg= | 7988.21 | 6.02318 | 3334.04 | 0.288579 | 0.957456 | 0 | none | 1 | 56.4509 | 1.98328 | 0 | 1 | 0 | 0 | 0 | 0 | 0 | 1 | camera | target | 0.288579 | 0 | 0.957456 | 0.288579 
SCRIPT       : DATA_LOG | 1764882 | aRapBi1cCZPZAGLIDny3dk3hQ8vTmNTLHRl8zxmKgQ0= | 7988.16 | 6.01994 | 3335.27 | -0.0944596 | -0.995529 | 0 | SCARH_Black | 0 | 53.443 | 2.0238 | 0 | 1 | 0 | 0 | 0 | 0 | 0 | 1 | camera | Bandana_Blue | -0.0944596 | 0 | -0.9
SCRIPT       : DATA_LOG | 1764908 | VEZjSxlcpgu1JLRUfHGLLLMsm0wqbyJ6fy2rl33V8jg= | 7988.21 | 6.02318 | 3334.04 | 0.288579 | 0.957456 | 0 | none | 1 | 56.3628 | 1.98537 | 0 | 1 | 0 | 0 | 0 | 0 | 0 | 1 | camera | target | 0.288579 | 0 | 0.957456 | 0.288579 
SCRIPT       : DATA_LOG | 1765876 | aRapBi1cCZPZAGLIDny3dk3hQ8vTmNTLHRl8zxmKgQ0= | 7988.16 | 6.01994 | 3335.27 | -0.0944596 | -0.995529 | 0 | SCARH_Black | 0 | 53.6672 | 2.01629 | 0 | 1 | 0 | 0 | 0 | 0 | 0 | 1 | camera | Bandana_Blue | -0.0944596 | 0 | -0
SCRIPT       : DATA_LOG | 1765894 | VEZjSxlcpgu1JLRUfHGLLLMsm0wqbyJ6fy2rl33V8jg= | 7988.21 | 6.02318 | 3334.04 | 0.288579 | 0.957456 | 0 | none | 1 | 56.3616 | 1.98514 | 0 | 1 | 0 | 0 | 0 | 0 | 0 | 1 | camera | target | 0.288579 | 0 | 0.957456 | 0.288579 
SCRIPT       : DATA_LOG | 1766884 | aRapBi1cCZPZAGLIDny3dk3hQ8vTmNTLHRl8zxmKgQ0= | 7988.16 | 6.01994 | 3335.27 | -0.0944596 | -0.995529 | 0 | SCARH_Black | 0 | 53.4291 | 2.02423 | 0 | 1 | 0 | 0 | 0 | 0 | 0 | 1 | camera | Bandana_Blue | -0.0944596 | 0 | -0
SCRIPT       : DATA_LOG | 1766910 | VEZjSxlcpgu1JLRUfHGLLLMsm0wqbyJ6fy2rl33V8jg= | 7988.21 | 6.02318 | 3334.04 | 0.288579 | 0.957456 | 0 | none | 1 | 56.484 | 1.9823 | 0 | 1 | 0 | 0 | 0 | 0 | 0 | 1 | camera | target | 0.288579 | 0 | 0.957456 | 0.288579 | 
SCRIPT       : DATA_LOG | 1767885 | aRapBi1cCZPZAGLIDny3dk3hQ8vTmNTLHRl8zxmKgQ0= | 7988.16 | 6.01994 | 3335.27 | -0.0944596 | -0.995529 | 0 | SCARH_Black | 0 | 53.4329 | 2.0241 | 0 | 1 | 0 | 0 | 0 | 0 | 0 | 1 | camera | Bandana_Blue | -0.0944596 | 0 | -0.
SCRIPT       : DATA_LOG | 1767911 | VEZjSxlcpgu1JLRUfHGLLLMsm0wqbyJ6fy2rl33V8jg= | 7988.21 | 6.02318 | 3334.04 | 0.288579 | 0.957456 | 0 | none | 1 | 56.3626 | 1.98586 | 0 | 1 | 0 | 0 | 0 | 0 | 0 | 1 | camera | target | 0.288579 | 0 | 0.957456 | 0.288579 
SCRIPT       : DATA_LOG | 1768885 | aRapBi1cCZPZAGLIDny3dk3hQ8vTmNTLHRl8zxmKgQ0= | 7988.16 | 6.01994 | 3335.27 | -0.0944596 | -0.995529 | 0 | SCARH_Black | 0 | 53.6051 | 2.01855 | 0 | 1 | 0 | 0 | 0 | 0 | 0 | 1 | camera | Bandana_Blue | -0.0944596 | 0 | -0
SCRIPT       : DATA_LOG | 1768910 | VEZjSxlcpgu1JLRUfHGLLLMsm0wqbyJ6fy2rl33V8jg= | 7988.21 | 6.02318 | 3334.04 | 0.288579 | 0.957456 | 0 | none | 1 | 56.3751 | 1.98491 | 0 | 1 | 0 | 0 | 0 | 0 | 0 | 1 | camera | target | 0.288579 | 0 | 0.957456 | 0.288579 
SCRIPT       : DATA_LOG | 1769886 | aRapBi1cCZPZAGLIDny3dk3hQ8vTmNTLHRl8zxmKgQ0= | 7988.16 | 6.01994 | 3335.27 | -0.0944596 | -0.995529 | 0 | SCARH_Black | 0 | 53.5184 | 2.02125 | 0 | 1 | 0 | 0 | 0 | 0 | 0 | 1 | camera | Bandana_Blue | -0.0944596 | 0 | -0
SCRIPT       : DATA_LOG | 1769909 | VEZjSxlcpgu1JLRUfHGLLLMsm0wqbyJ6fy2rl33V8jg= | 7988.21 | 6.02318 | 3334.04 | 0.288579 | 0.957456 | 0 | none | 1 | 56.4462 | 1.98346 | 0 | 1 | 0 | 0 | 0 | 0 | 0 | 1 | camera | target | 0.288579 | 0 | 0.957456 | 0.288579 
SCRIPT       : DATA_LOG | 1770887 | aRapBi1cCZPZAGLIDny3dk3hQ8vTmNTLHRl8zxmKgQ0= | 7988.16 | 6.01994 | 3335.27 | -0.0944596 | -0.995529 | 0 | SCARH_Black | 0 | 53.6347 | 2.01902 | 0 | 1 | 0 | 0 | 0 | 0 | 0 | 1 | camera | Bandana_Blue | -0.0944596 | 0 | -0
SCRIPT       : DATA_LOG | 1770913 | VEZjSxlcpgu1JLRUfHGLLLMsm0wqbyJ6fy2rl33V8jg= | 7988.21 | 6.02318 | 3334.04 | 0.288579 | 0.957456 | 0 | none | 1 | 56.3531 | 1.98571 | 0 | 1 | 0 | 0 | 0 | 0 | 0 | 1 | camera | target | 0.288579 | 0 | 0.957456 | 0.288579 
SCRIPT       : DATA_LOG | 1771886 | aRapBi1cCZPZAGLIDny3dk3hQ8vTmNTLHRl8zxmKgQ0= | 7988.16 | 6.01994 | 3335.27 | -0.0944596 | -0.995529 | 0 | SCARH_Black | 0 | 53.4821 | 2.02258 | 0 | 1 | 0 | 0 | 0 | 0 | 0 | 1 | camera | Bandana_Blue | -0.0944596 | 0 | -0
SCRIPT       : DATA_LOG | 1771913 | VEZjSxlcpgu1JLRUfHGLLLMsm0wqbyJ6fy2rl33V8jg= | 7988.21 | 6.02318 | 3334.04 | 0.288579 | 0.957456 | 0 | none | 1 | 56.3719 | 1.985 | 0 | 1 | 0 | 0 | 0 | 0 | 0 | 1 | camera | target | 0.288579 | 0 | 0.957456 | 0.288579 | 
SCRIPT       : DATA_LOG | 1772891 | aRapBi1cCZPZAGLIDny3dk3hQ8vTmNTLHRl8zxmKgQ0= | 7988.16 | 6.01994 | 3335.27 | -0.0944596 | -0.995529 | 0 | SCARH_Black | 0 | 53.6082 | 2.01806 | 0 | 1 | 0 | 0 | 0 | 0 | 0 | 1 | camera | Bandana_Blue | -0.0944596 | 0 | -0
SCRIPT       : DATA_LOG | 1772917 | VEZjSxlcpgu1JLRUfHGLLLMsm0wqbyJ6fy2rl33V8jg= | 7988.21 | 6.02318 | 3334.04 | 0.288579 | 0.957456 | 0 | none | 1 | 56.4586 | 1.98326 | 0 | 1 | 0 | 0 | 0 | 0 | 0 | 1 | camera | target | 0.288579 | 0 | 0.957456 | 0.288579 
SCRIPT       : DATA_LOG | 1773893 | aRapBi1cCZPZAGLIDny3dk3hQ8vTmNTLHRl8zxmKgQ0= | 7988.16 | 6.01994 | 3335.27 | -0.0944596 | -0.995529 | 0 | SCARH_Black | 0 | 53.5156 | 2.02176 | 0 | 1 | 0 | 0 | 0 | 0 | 0 | 1 | camera | Bandana_Blue | -0.0944596 | 0 | -0
SCRIPT       : DATA_LOG | 1773921 | VEZjSxlcpgu1JLRUfHGLLLMsm0wqbyJ6fy2rl33V8jg= | 7988.21 | 6.02318 | 3334.04 | 0.288579 | 0.957456 | 0 | none | 1 | 56.3453 | 1.98656 | 0 | 1 | 0 | 0 | 0 | 0 | 0 | 1 | camera | target | 0.288579 | 0 | 0.957456 | 0.288579 
SCRIPT       : DATA_LOG | 1774889 | aRapBi1cCZPZAGLIDny3dk3hQ8vTmNTLHRl8zxmKgQ0= | 7988.16 | 6.01994 | 3335.27 | -0.0944596 | -0.995529 | 0 | SCARH_Black | 0 | 53.3704 | 2.02591 | 0 | 1 | 0 | 0 | 0 | 0 | 0 | 1 | camera | Bandana_Blue | -0.0944596 | 0 | -0
SCRIPT       : DATA_LOG | 1774916 | VEZjSxlcpgu1JLRUfHGLLLMsm0wqbyJ6fy2rl33V8jg= | 7988.21 | 6.02318 | 3334.04 | 0.288579 | 0.957456 | 0 | none | 1 | 56.4106 | 1.98397 | 0 | 1 | 0 | 0 | 0 | 0 | 0 | 1 | camera | target | 0.288579 | 0 | 0.957456 | 0.288579 
SCRIPT       : DATA_LOG | 1775890 | aRapBi1cCZPZAGLIDny3dk3hQ8vTmNTLHRl8zxmKgQ0= | 7988.16 | 6.01994 | 3335.27 | -0.0944596 | -0.995529 | 0 | SCARH_Black | 0 | 53.6362 | 2.01751 | 0 | 1 | 0 | 0 | 0 | 0 | 0 | 1 | camera | Bandana_Blue | -0.0944596 | 0 | -0
SCRIPT       : DATA_LOG | 1775914 | VEZjSxlcpgu1JLRUfHGLLLMsm0wqbyJ6fy2rl33V8jg= | 7988.21 | 6.02318 | 3334.04 | 0.288579 | 0.957456 | 0 | none | 1 | 56.4349 | 1.98372 | 0 | 1 | 0 | 0 | 0 | 0 | 0 | 1 | camera | target | 0.288579 | 0 | 0.957456 | 0.288579 
SCRIPT       : DATA_LOG | 1776893 | aRapBi1cCZPZAGLIDny3dk3hQ8vTmNTLHRl8zxmKgQ0= | 7988.16 | 6.01994 | 3335.27 | -0.0944596 | -0.995529 | 0 | SCARH_Black | 0 | 53.5002 | 2.02177 | 0 | 1 | 0 | 0 | 0 | 0 | 0 | 1 | camera | Bandana_Blue | -0.0944596 | 0 | -0
SCRIPT       : DATA_LOG | 1776915 | VEZjSxlcpgu1JLRUfHGLLLMsm0wqbyJ6fy2rl33V8jg= | 7988.21 | 6.02318 | 3334.04 | 0.288579 | 0.957456 | 0 | none | 1 | 56.3338 | 1.98639 | 0 | 1 | 0 | 0 | 0 | 0 | 0 | 1 | camera | target | 0.288579 | 0 | 0.957456 | 0.288579 
SCRIPT       : DATA_LOG | 1777896 | aRapBi1cCZPZAGLIDny3dk3hQ8vTmNTLHRl8zxmKgQ0= | 7988.16 | 6.01994 | 3335.27 | -0.0944596 | -0.995529 | 0 | SCARH_Black | 0 | 53.6296 | 2.01926 | 0 | 1 | 0 | 0 | 0 | 0 | 0 | 1 | camera | Bandana_Blue | -0.0944596 | 0 | -0
SCRIPT       : DATA_LOG | 1777923 | VEZjSxlcpgu1JLRUfHGLLLMsm0wqbyJ6fy2rl33V8jg= | 7988.21 | 6.02318 | 3334.04 | 0.288579 | 0.957456 | 0 | none | 1 | 56.4392 | 1.98335 | 0 | 1 | 0 | 0 | 0 | 0 | 0 | 1 | camera | target | 0.288579 | 0 | 0.957456 | 0.288579 
SCRIPT       : DATA_LOG | 1778895 | aRapBi1cCZPZAGLIDny3dk3hQ8vTmNTLHRl8zxmKgQ0= | 7988.16 | 6.01994 | 3335.27 | -0.0944596 | -0.995529 | 0 | SCARH_Black | 0 | 53.5178 | 2.02159 | 0 | 1 | 0 | 0 | 0 | 0 | 0 | 1 | camera | Bandana_Blue | -0.0944596 | 0 | -0
SCRIPT       : DATA_LOG | 1778917 | VEZjSxlcpgu1JLRUfHGLLLMsm0wqbyJ6fy2rl33V8jg= | 7988.21 | 6.02318 | 3334.04 | 0.288579 | 0.957456 | 0 | none | 1 | 56.418 | 1.98419 | 0 | 1 | 0 | 0 | 0 | 0 | 0 | 1 | camera | target | 0.288579 | 0 | 0.957456 | 0.288579 |
SCRIPT       : DATA_LOG | 1779897 | aRapBi1cCZPZAGLIDny3dk3hQ8vTmNTLHRl8zxmKgQ0= | 7988.16 | 6.01994 | 3335.27 | -0.0944596 | -0.995529 | 0 | SCARH_Black | 0 | 53.5322 | 2.02065 | 0 | 1 | 0 | 0 | 0 | 0 | 0 | 1 | camera | Bandana_Blue | -0.0944596 | 0 | -0
SCRIPT       : DATA_LOG | 1779921 | VEZjSxlcpgu1JLRUfHGLLLMsm0wqbyJ6fy2rl33V8jg= | 7988.21 | 6.02318 | 3334.04 | 0.288579 | 0.957456 | 0 | none | 1 | 56.3405 | 1.98656 | 0 | 1 | 0 | 0 | 0 | 0 | 0 | 1 | camera | target | 0.288579 | 0 | 0.957456 | 0.288579 
SCRIPT       : DATA_LOG | 1780897 | aRapBi1cCZPZAGLIDny3dk3hQ8vTmNTLHRl8zxmKgQ0= | 7988.16 | 6.01994 | 3335.27 | -0.0944596 | -0.995529 | 0 | SCARH_Black | 0 | 53.5954 | 2.01938 | 0 | 1 | 0 | 0 | 0 | 0 | 0 | 1 | camera | Bandana_Blue | -0.0944596 | 0 | -0
SCRIPT       : DATA_LOG | 1780923 | VEZjSxlcpgu1JLRUfHGLLLMsm0wqbyJ6fy2rl33V8jg= | 7988.21 | 6.02318 | 3334.04 | 0.288579 | 0.957456 | 0 | none | 1 | 56.4424 | 1.98326 | 0 | 1 | 0 | 0 | 0 | 0 | 0 | 1 | camera | target | 0.288579 | 0 | 0.957456 | 0.288579 
SCRIPT       : DATA_LOG | 1781897 | aRapBi1cCZPZAGLIDny3dk3hQ8vTmNTLHRl8zxmKgQ0= | 7988.16 | 6.01994 | 3335.27 | -0.0944596 | -0.995529 | 0 | SCARH_Black | 0 | 53.3249 | 2.02724 | 0 | 1 | 0 | 0 | 0 | 0 | 0 | 1 | camera | Bandana_Blue | -0.0944596 | 0 | -0
SCRIPT       : DATA_LOG | 1781920 | VEZjSxlcpgu1JLRUfHGLLLMsm0wqbyJ6fy2rl33V8jg= | 7988.21 | 6.02318 | 3334.04 | 0.288579 | 0.957456 | 0 | none | 1 | 56.4079 | 1.98425 | 0 | 1 | 0 | 0 | 0 | 0 | 0 | 1 | camera | target | 0.288579 | 0 | 0.957456 | 0.288579 
SCRIPT       : DATA_LOG | 1782901 | aRapBi1cCZPZAGLIDny3dk3hQ8vTmNTLHRl8zxmKgQ0= | 7988.16 | 6.01994 | 3335.27 | -0.0944596 | -0.995529 | 0 | SCARH_Black | 0 | 53.6353 | 2.01754 | 0 | 1 | 0 | 0 | 0 | 0 | 0 | 1 | camera | Bandana_Blue | -0.0944596 | 0 | -0
SCRIPT       : DATA_LOG | 1782924 | VEZjSxlcpgu1JLRUfHGLLLMsm0wqbyJ6fy2rl33V8jg= | 7988.21 | 6.02318 | 3334.04 | 0.288579 | 0.957456 | 0 | none | 1 | 56.3332 | 1.98619 | 0 | 1 | 0 | 0 | 0 | 0 | 0 | 1 | camera | target | 0.288579 | 0 | 0.957456 | 0.288579 
SCRIPT       : DATA_LOG | 1783898 | aRapBi1cCZPZAGLIDny3dk3hQ8vTmNTLHRl8zxmKgQ0= | 7988.16 | 6.01994 | 3335.27 | -0.0944596 | -0.995529 | 0 | SCARH_Black | 0 | 53.4836 | 2.02227 | 0 | 1 | 0 | 0 | 0 | 0 | 0 | 1 | camera | Bandana_Blue | -0.0944596 | 0 | -0
SCRIPT       : DATA_LOG | 1783925 | VEZjSxlcpgu1JLRUfHGLLLMsm0wqbyJ6fy2rl33V8jg= | 7988.21 | 6.02318 | 3334.04 | 0.288579 | 0.957456 | 0 | none | 1 | 56.4784 | 1.98244 | 0 | 1 | 0 | 0 | 0 | 0 | 0 | 1 | camera | target | 0.288579 | 0 | 0.957456 | 0.288579 
SCRIPT       : DATA_LOG | 1784899 | aRapBi1cCZPZAGLIDny3dk3hQ8vTmNTLHRl8zxmKgQ0= | 7988.16 | 6.01994 | 3335.27 | -0.0944596 | -0.995529 | 0 | SCARH_Black | 0 | 53.6006 | 2.02008 | 0 | 1 | 0 | 0 | 0 | 0 | 0 | 1 | camera | Bandana_Blue | -0.0944596 | 0 | -0
SCRIPT       : DATA_LOG | 1784921 | VEZjSxlcpgu1JLRUfHGLLLMsm0wqbyJ6fy2rl33V8jg= | 7988.21 | 6.02318 | 3334.04 | 0.288579 | 0.957456 | 0 | none | 1 | 56.3798 | 1.98515 | 0 | 1 | 0 | 0 | 0 | 0 | 0 | 1 | camera | target | 0.288579 | 0 | 0.957456 | 0.288579 
SCRIPT       : DATA_LOG | 1785903 | aRapBi1cCZPZAGLIDny3dk3hQ8vTmNTLHRl8zxmKgQ0= | 7988.16 | 6.01994 | 3335.27 | -0.0944596 | -0.995529 | 0 | SCARH_Black | 0 | 53.5395 | 2.02125 | 0 | 1 | 0 | 0 | 0 | 0 | 0 | 1 | camera | Bandana_Blue | -0.0944596 | 0 | -0
SCRIPT       : DATA_LOG | 1785929 | VEZjSxlcpgu1JLRUfHGLLLMsm0wqbyJ6fy2rl33V8jg= | 7988.21 | 6.02318 | 3334.04 | 0.288579 | 0.957456 | 0 | none | 1 | 56.3557 | 1.98592 | 0 | 1 | 0 | 0 | 0 | 0 | 0 | 1 | camera | target | 0.288579 | 0 | 0.957456 | 0.288579 
SCRIPT       : DATA_LOG | 1786907 | aRapBi1cCZPZAGLIDny3dk3hQ8vTmNTLHRl8zxmKgQ0= | 7988.16 | 6.01994 | 3335.27 | -0.0944596 | -0.995529 | 0 | SCARH_Black | 0 | 53.4412 | 2.02397 | 0 | 1 | 0 | 0 | 0 | 0 | 0 | 1 | camera | Bandana_Blue | -0.0944596 | 0 | -0
SCRIPT       : DATA_LOG | 1786938 | VEZjSxlcpgu1JLRUfHGLLLMsm0wqbyJ6fy2rl33V8jg= | 7988.21 | 6.02318 | 3334.04 | 0.288579 | 0.957456 | 0 | none | 1 | 56.4505 | 1.98326 | 0 | 1 | 0 | 0 | 0 | 0 | 0 | 1 | camera | target | 0.288579 | 0 | 0.957456 | 0.288579 
SCRIPT       : DATA_LOG | 1787908 | aRapBi1cCZPZAGLIDny3dk3hQ8vTmNTLHRl8zxmKgQ0= | 7988.16 | 6.01994 | 3335.27 | -0.0944596 | -0.995529 | 0 | SCARH_Black | 0 | 53.6514 | 2.01757 | 0 | 1 | 0 | 0 | 0 | 0 | 0 | 1 | camera | Bandana_Blue | -0.0944596 | 0 | -0
SCRIPT       : DATA_LOG | 1787945 | VEZjSxlcpgu1JLRUfHGLLLMsm0wqbyJ6fy2rl33V8jg= | 7988.21 | 6.02318 | 3334.04 | 0.288579 | 0.957456 | 0 | none | 1 | 56.3625 | 1.98535 | 0 | 1 | 0 | 0 | 0 | 0 | 0 | 1 | camera | target | 0.288579 | 0 | 0.957456 | 0.288579 
SCRIPT       : DATA_LOG | 1788907 | aRapBi1cCZPZAGLIDny3dk3hQ8vTmNTLHRl8zxmKgQ0= | 7988.16 | 6.01994 | 3335.27 | -0.0944596 | -0.995529 | 0 | SCARH_Black | 0 | 53.2968 | 2.0281 | 0 | 1 | 0 | 0 | 0 | 0 | 0 | 1 | camera | Bandana_Blue | -0.0944596 | 0 | -0.
SCRIPT       : DATA_LOG | 1788926 | VEZjSxlcpgu1JLRUfHGLLLMsm0wqbyJ6fy2rl33V8jg= | 7988.21 | 6.02318 | 3334.04 | 0.288579 | 0.957456 | 0 | none | 1 | 56.3511 | 1.98527 | 0 | 1 | 0 | 0 | 0 | 0 | 0 | 1 | camera | target | 0.288579 | 0 | 0.957456 | 0.288579 
SCRIPT       : DATA_LOG | 1789910 | aRapBi1cCZPZAGLIDny3dk3hQ8vTmNTLHRl8zxmKgQ0= | 7988.16 | 6.01994 | 3335.27 | -0.0944596 | -0.995529 | 0 | SCARH_Black | 0 | 57.6899 | 1.82023 | 0 | 1 | 0 | 0 | 0 | 0 | 0 | 1 | camera | Bandana_Blue | -0.0944596 | 0 | -0
SCRIPT       : DATA_LOG | 1789936 | VEZjSxlcpgu1JLRUfHGLLLMsm0wqbyJ6fy2rl33V8jg= | 7988.21 | 6.02318 | 3334.04 | 0.288579 | 0.957456 | 0 | none | 1 | 56.4789 | 1.98246 | 0 | 1 | 0 | 0 | 0 | 0 | 0 | 1 | camera | target | 0.288579 | 0 | 0.957456 | 0.288579 
SCRIPT       : DATA_LOG | 1790906 | aRapBi1cCZPZAGLIDny3dk3hQ8vTmNTLHRl8zxmKgQ0= | 7988.16 | 6.01994 | 3335.27 | -0.0944596 | -0.995529 | 0 | SCARH_Black | 0 | 54.2358 | 1.99844 | 0 | 1 | 0 | 0 | 0 | 0 | 0 | 1 | camera | Bandana_Blue | -0.0944596 | 0 | -0
SCRIPT       : DATA_LOG | 1790935 | VEZjSxlcpgu1JLRUfHGLLLMsm0wqbyJ6fy2rl33V8jg= | 7988.21 | 6.02318 | 3334.04 | 0.288579 | 0.957456 | 0 | none | 1 | 56.3571 | 1.98616 | 0 | 1 | 0 | 0 | 0 | 0 | 0 | 1 | camera | target | 0.288579 | 0 | 0.957456 | 0.288579 
SCRIPT       : DATA_LOG | 1791909 | aRapBi1cCZPZAGLIDny3dk3hQ8vTmNTLHRl8zxmKgQ0= | 7988.16 | 6.01994 | 3335.27 | -0.0944596 | -0.995529 | 0 | SCARH_Black | 0 | 55.1175 | 1.96917 | 0 | 1 | 0 | 0 | 0 | 0 | 0 | 1 | camera | Bandana_Blue | -0.0944596 | 0 | -0
SCRIPT       : DATA_LOG | 1791935 | VEZjSxlcpgu1JLRUfHGLLLMsm0wqbyJ6fy2rl33V8jg= | 7988.21 | 6.02318 | 3334.04 | 0.288579 | 0.957456 | 0 | none | 1 | 56.3756 | 1.98494 | 0 | 1 | 0 | 0 | 0 | 0 | 0 | 1 | camera | target | 0.288579 | 0 | 0.957456 | 0.288579 
SCRIPT       : DATA_LOG | 1792908 | aRapBi1cCZPZAGLIDny3dk3hQ8vTmNTLHRl8zxmKgQ0= | 7988.16 | 6.01994 | 3335.27 | -0.0944596 | -0.995529 | 0 | SCARH_Black | 0 | 53.5661 | 2.02073 | 0 | 1 | 0 | 0 | 0 | 0 | 0 | 1 | camera | Bandana_Blue | -0.0944596 | 0 | -0
SCRIPT       : DATA_LOG | 1792932 | VEZjSxlcpgu1JLRUfHGLLLMsm0wqbyJ6fy2rl33V8jg= | 7988.21 | 6.02318 | 3334.04 | 0.288579 | 0.957456 | 0 | none | 1 | 56.4414 | 1.98363 | 0 | 1 | 0 | 0 | 0 | 0 | 0 | 1 | camera | target | 0.288579 | 0 | 0.957456 | 0.288579 
SCRIPT       : DATA_LOG | 1793912 | aRapBi1cCZPZAGLIDny3dk3hQ8vTmNTLHRl8zxmKgQ0= | 7988.16 | 6.01994 | 3335.27 | -0.0944596 | -0.995529 | 0 | SCARH_Black | 0 | 53.4024 | 2.02521 | 0 | 1 | 0 | 0 | 0 | 0 | 0 | 1 | camera | Bandana_Blue | -0.0944596 | 0 | -0
SCRIPT       : DATA_LOG | 1793936 | VEZjSxlcpgu1JLRUfHGLLLMsm0wqbyJ6fy2rl33V8jg= | 7988.21 | 6.02318 | 3334.04 | 0.288579 | 0.957456 | 0 | none | 1 | 56.3436 | 1.98605 | 0 | 1 | 0 | 0 | 0 | 0 | 0 | 1 | camera | target | 0.288579 | 0 | 0.957456 | 0.288579 
SCRIPT       : DATA_LOG | 1794910 | aRapBi1cCZPZAGLIDny3dk3hQ8vTmNTLHRl8zxmKgQ0= | 7988.16 | 6.01994 | 3335.27 | -0.0944596 | -0.995529 | 0 | SCARH_Black | 0 | 53.6878 | 2.0162 | 0 | 1 | 0 | 0 | 0 | 0 | 0 | 1 | camera | Bandana_Blue | -0.0944596 | 0 | -0.
SCRIPT       : DATA_LOG | 1794935 | VEZjSxlcpgu1JLRUfHGLLLMsm0wqbyJ6fy2rl33V8jg= | 7988.21 | 6.02318 | 3334.04 | 0.288579 | 0.957456 | 0 | none | 1 | 56.402 | 1.9842 | 0 | 1 | 0 | 0 | 0 | 0 | 0 | 1 | camera | target | 0.288579 | 0 | 0.957456 | 0.288579 | 
SCRIPT       : DATA_LOG | 1795908 | aRapBi1cCZPZAGLIDny3dk3hQ8vTmNTLHRl8zxmKgQ0= | 7988.16 | 6.01994 | 3335.27 | -0.0944596 | -0.995529 | 0 | SCARH_Black | 0 | 53.2961 | 2.02814 | 0 | 1 | 0 | 0 | 0 | 0 | 0 | 1 | camera | Bandana_Blue | -0.0944596 | 0 | -0
SCRIPT       : DATA_LOG | 1795931 | VEZjSxlcpgu1JLRUfHGLLLMsm0wqbyJ6fy2rl33V8jg= | 7988.21 | 6.02318 | 3334.04 | 0.288579 | 0.957456 | 0 | none | 1 | 56.4434 | 1.98357 | 0 | 1 | 0 | 0 | 0 | 0 | 0 | 1 | camera | target | 0.288579 | 0 | 0.957456 | 0.288579 
SCRIPT       : DATA_LOG | 1796913 | aRapBi1cCZPZAGLIDny3dk3hQ8vTmNTLHRl8zxmKgQ0= | 7988.16 | 6.01994 | 3335.27 | -0.0944596 | -0.995529 | 0 | SCARH_Black | 0 | 53.5755 | 2.01957 | 0 | 1 | 0 | 0 | 0 | 0 | 0 | 1 | camera | Bandana_Blue | -0.0944596 | 0 | -0
SCRIPT       : DATA_LOG | 1796936 | VEZjSxlcpgu1JLRUfHGLLLMsm0wqbyJ6fy2rl33V8jg= | 7988.21 | 6.02318 | 3334.04 | 0.288579 | 0.957456 | 0 | none | 1 | 56.3449 | 1.98654 | 0 | 1 | 0 | 0 | 0 | 0 | 0 | 1 | camera | target | 0.288579 | 0 | 0.957456 | 0.288579 
SCRIPT       : DATA_LOG | 1797912 | aRapBi1cCZPZAGLIDny3dk3hQ8vTmNTLHRl8zxmKgQ0= | 7988.16 | 6.01994 | 3335.27 | -0.0944596 | -0.995529 | 0 | SCARH_Black | 0 | 53.5156 | 2.02145 | 0 | 1 | 0 | 0 | 0 | 0 | 0 | 1 | camera | Bandana_Blue | -0.0944596 | 0 | -0
SCRIPT       : DATA_LOG | 1797937 | VEZjSxlcpgu1JLRUfHGLLLMsm0wqbyJ6fy2rl33V8jg= | 7988.21 | 6.02318 | 3334.04 | 0.288579 | 0.957456 | 0 | none | 1 | 56.4258 | 1.98366 | 0 | 1 | 0 | 0 | 0 | 0 | 0 | 1 | camera | target | 0.288579 | 0 | 0.957456 | 0.288579 
SCRIPT       : DATA_LOG | 1798911 | aRapBi1cCZPZAGLIDny3dk3hQ8vTmNTLHRl8zxmKgQ0= | 7988.16 | 6.01994 | 3335.27 | -0.0944596 | -0.995529 | 0 | SCARH_Black | 0 | 53.5611 | 2.02087 | 0 | 1 | 0 | 0 | 0 | 0 | 0 | 1 | camera | Bandana_Blue | -0.0944596 | 0 | -0
SCRIPT       : DATA_LOG | 1798935 | VEZjSxlcpgu1JLRUfHGLLLMsm0wqbyJ6fy2rl33V8jg= | 7988.21 | 6.02318 | 3334.04 | 0.288579 | 0.957456 | 0 | none | 1 | 56.4339 | 1.98367 | 0 | 1 | 0 | 0 | 0 | 0 | 0 | 1 | camera | target | 0.288579 | 0 | 0.957456 | 0.288579 
SCRIPT       : DATA_LOG | 1799912 | aRapBi1cCZPZAGLIDny3dk3hQ8vTmNTLHRl8zxmKgQ0= | 7988.16 | 6.01994 | 3335.27 | -0.0944596 | -0.995529 | 0 | SCARH_Black | 0 | 53.5952 | 2.02 | 0 | 1 | 0 | 0 | 0 | 0 | 0 | 1 | camera | Bandana_Blue | -0.0944596 | 0 | -0.99
SCRIPT       : DATA_LOG | 1799934 | VEZjSxlcpgu1JLRUfHGLLLMsm0wqbyJ6fy2rl33V8jg= | 7988.21 | 6.02318 | 3334.04 | 0.288579 | 0.957456 | 0 | none | 1 | 56.3341 | 1.9864 | 0 | 1 | 0 | 0 | 0 | 0 | 0 | 1 | camera | target | 0.288579 | 0 | 0.957456 | 0.288579 |
SCRIPT       : DATA_LOG | 1800919 | aRapBi1cCZPZAGLIDny3dk3hQ8vTmNTLHRl8zxmKgQ0= | 7988.16 | 6.01994 | 3335.27 | -0.0944596 | -0.995529 | 0 | SCARH_Black | 0 | 53.4078 | 2.02506 | 0 | 1 | 0 | 0 | 0 | 0 | 0 | 1 | camera | Bandana_Blue | -0.0944596 | 0 | -0
SCRIPT       : DATA_LOG | 1800948 | VEZjSxlcpgu1JLRUfHGLLLMsm0wqbyJ6fy2rl33V8jg= | 7988.21 | 6.02318 | 3334.04 | 0.288579 | 0.957456 | 0 | none | 1 | 56.4508 | 1.98294 | 0 | 1 | 0 | 0 | 0 | 0 | 0 | 1 | camera | target | 0.288579 | 0 | 0.957456 | 0.288579 
SCRIPT       : DATA_LOG | 1801917 | aRapBi1cCZPZAGLIDny3dk3hQ8vTmNTLHRl8zxmKgQ0= | 7988.16 | 6.01994 | 3335.27 | -0.0944596 | -0.995529 | 0 | SCARH_Black | 0 | 53.7005 | 2.01543 | 0 | 1 | 0 | 0 | 0 | 0 | 0 | 1 | camera | Bandana_Blue | -0.0944596 | 0 | -0
SCRIPT       : DATA_LOG | 1801940 | VEZjSxlcpgu1JLRUfHGLLLMsm0wqbyJ6fy2rl33V8jg= | 7988.21 | 6.02318 | 3334.04 | 0.288579 | 0.957456 | 0 | none | 1 | 56.4022 | 1.98463 | 0 | 1 | 0 | 0 | 0 | 0 | 0 | 1 | camera | target | 0.288579 | 0 | 0.957456 | 0.288579 
SCRIPT       : DATA_LOG | 1802920 | aRapBi1cCZPZAGLIDny3dk3hQ8vTmNTLHRl8zxmKgQ0= | 7988.16 | 6.01994 | 3335.27 | -0.0944596 | -0.995529 | 0 | SCARH_Black | 0 | 53.3567 | 2.02639 | 0 | 1 | 0 | 0 | 0 | 0 | 0 | 1 | camera | Bandana_Blue | -0.0944596 | 0 | -0
SCRIPT       : DATA_LOG | 1802943 | VEZjSxlcpgu1JLRUfHGLLLMsm0wqbyJ6fy2rl33V8jg= | 7988.21 | 6.02318 | 3334.04 | 0.288579 | 0.957456 | 0 | none | 1 | 56.3454 | 1.9864 | 0 | 1 | 0 | 0 | 0 | 0 | 0 | 1 | camera | target | 0.288579 | 0 | 0.957456 | 0.288579 |
SCRIPT       : DATA_LOG | 1803919 | aRapBi1cCZPZAGLIDny3dk3hQ8vTmNTLHRl8zxmKgQ0= | 7988.16 | 6.01994 | 3335.27 | -0.0944596 | -0.995529 | 0 | SCARH_Black | 0 | 53.5092 | 2.02171 | 0 | 1 | 0 | 0 | 0 | 0 | 0 | 1 | camera | Bandana_Blue | -0.0944596 | 0 | -0
SCRIPT       : DATA_LOG | 1803941 | VEZjSxlcpgu1JLRUfHGLLLMsm0wqbyJ6fy2rl33V8jg= | 7988.21 | 6.02318 | 3334.04 | 0.288579 | 0.957456 | 0 | none | 1 | 56.4436 | 1.98333 | 0 | 1 | 0 | 0 | 0 | 0 | 0 | 1 | camera | target | 0.288579 | 0 | 0.957456 | 0.288579 
SCRIPT       : DATA_LOG | 1804920 | aRapBi1cCZPZAGLIDny3dk3hQ8vTmNTLHRl8zxmKgQ0= | 7988.16 | 6.01994 | 3335.27 | -0.0944596 | -0.995529 | 0 | SCARH_Black | 0 | 53.5605 | 2.02001 | 0 | 1 | 0 | 0 | 0 | 0 | 0 | 1 | camera | Bandana_Blue | -0.0944596 | 0 | -0
SCRIPT       : DATA_LOG | 1804944 | VEZjSxlcpgu1JLRUfHGLLLMsm0wqbyJ6fy2rl33V8jg= | 7988.21 | 6.02318 | 3334.04 | 0.288579 | 0.957456 | 0 | none | 1 | 56.3977 | 1.98456 | 0 | 1 | 0 | 0 | 0 | 0 | 0 | 1 | camera | target | 0.288579 | 0 | 0.957456 | 0.288579 
SCRIPT       : DATA_LOG | 1805922 | aRapBi1cCZPZAGLIDny3dk3hQ8vTmNTLHRl8zxmKgQ0= | 7988.16 | 6.01994 | 3335.27 | -0.0944596 | -0.995529 | 0 | SCARH_Black | 0 | 53.5355 | 2.02127 | 0 | 1 | 0 | 0 | 0 | 0 | 0 | 1 | camera | Bandana_Blue | -0.0944596 | 0 | -0
SCRIPT       : DATA_LOG | 1805945 | VEZjSxlcpgu1JLRUfHGLLLMsm0wqbyJ6fy2rl33V8jg= | 7988.21 | 6.02318 | 3334.04 | 0.288579 | 0.957456 | 0 | none | 1 | 56.3381 | 1.98602 | 0 | 1 | 0 | 0 | 0 | 0 | 0 | 1 | camera | target | 0.288579 | 0 | 0.957456 | 0.288579 
SCRIPT       : DATA_LOG | 1806917 | aRapBi1cCZPZAGLIDny3dk3hQ8vTmNTLHRl8zxmKgQ0= | 7988.16 | 6.01994 | 3335.27 | -0.0944596 | -0.995529 | 0 | SCARH_Black | 0 | 53.6177 | 2.01943 | 0 | 1 | 0 | 0 | 0 | 0 | 0 | 1 | camera | Bandana_Blue | -0.0944596 | 0 | -0
SCRIPT       : DATA_LOG | 1806940 | VEZjSxlcpgu1JLRUfHGLLLMsm0wqbyJ6fy2rl33V8jg= | 7988.21 | 6.02318 | 3334.04 | 0.288579 | 0.957456 | 0 | none | 1 | 56.4795 | 1.98249 | 0 | 1 | 0 | 0 | 0 | 0 | 0 | 1 | camera | target | 0.288579 | 0 | 0.957456 | 0.288579 
SCRIPT       : DATA_LOG | 1807929 | aRapBi1cCZPZAGLIDny3dk3hQ8vTmNTLHRl8zxmKgQ0= | 7988.16 | 6.01994 | 3335.27 | -0.0944596 | -0.995529 | 0 | SCARH_Black | 0 | 53.4381 | 2.02398 | 0 | 1 | 0 | 0 | 0 | 0 | 0 | 1 | camera | Bandana_Blue | -0.0944596 | 0 | -0
SCRIPT       : DATA_LOG | 1807958 | VEZjSxlcpgu1JLRUfHGLLLMsm0wqbyJ6fy2rl33V8jg= | 7988.21 | 6.02318 | 3334.04 | 0.288579 | 0.957456 | 0 | none | 1 | 56.3735 | 1.98542 | 0 | 1 | 0 | 0 | 0 | 0 | 0 | 1 | camera | target | 0.288579 | 0 | 0.957456 | 0.288579 
SCRIPT       : DATA_LOG | 1808927 | aRapBi1cCZPZAGLIDny3dk3hQ8vTmNTLHRl8zxmKgQ0= | 7988.16 | 6.01994 | 3335.27 | -0.0944596 | -0.995529 | 0 | SCARH_Black | 0 | 53.667 | 2.01629 | 0 | 1 | 0 | 0 | 0 | 0 | 0 | 1 | camera | Bandana_Blue | -0.0944596 | 0 | -0.
SCRIPT       : DATA_LOG | 1808952 | VEZjSxlcpgu1JLRUfHGLLLMsm0wqbyJ6fy2rl33V8jg= | 7988.21 | 6.02318 | 3334.04 | 0.288579 | 0.957456 | 0 | none | 1 | 56.36 | 1.98556 | 0 | 1 | 0 | 0 | 0 | 0 | 0 | 1 | camera | target | 0.288579 | 0 | 0.957456 | 0.288579 | 
SCRIPT       : DATA_LOG | 1809927 | aRapBi1cCZPZAGLIDny3dk3hQ8vTmNTLHRl8zxmKgQ0= | 7988.16 | 6.01994 | 3335.27 | -0.0944596 | -0.995529 | 0 | SCARH_Black | 0 | 53.4246 | 2.02442 | 0 | 1 | 0 | 0 | 0 | 0 | 0 | 1 | camera | Bandana_Blue | -0.0944596 | 0 | -0
SCRIPT       : DATA_LOG | 1809957 | VEZjSxlcpgu1JLRUfHGLLLMsm0wqbyJ6fy2rl33V8jg= | 7988.21 | 6.02318 | 3334.04 | 0.288579 | 0.957456 | 0 | none | 1 | 56.4509 | 1.98328 | 0 | 1 | 0 | 0 | 0 | 0 | 0 | 1 | camera | target | 0.288579 | 0 | 0.957456 | 0.288579 
SCRIPT       : DATA_LOG | 1810922 | aRapBi1cCZPZAGLIDny3dk3hQ8vTmNTLHRl8zxmKgQ0= | 7988.16 | 6.01994 | 3335.27 | -0.0944596 | -0.995529 | 0 | SCARH_Black | 0 | 53.4376 | 2.02391 | 0 | 1 | 0 | 0 | 0 | 0 | 0 | 1 | camera | Bandana_Blue | -0.0944596 | 0 | -0
SCRIPT       : DATA_LOG | 1810941 | VEZjSxlcpgu1JLRUfHGLLLMsm0wqbyJ6fy2rl33V8jg= | 7988.21 | 6.02318 | 3334.04 | 0.288579 | 0.957456 | 0 | none | 1 | 56.3977 | 1.98456 | 0 | 1 | 0 | 0 | 0 | 0 | 0 | 1 | camera | target | 0.288579 | 0 | 0.957456 | 0.288579 
SCRIPT       : DATA_LOG | 1811927 | aRapBi1cCZPZAGLIDny3dk3hQ8vTmNTLHRl8zxmKgQ0= | 7988.16 | 6.01994 | 3335.27 | -0.0944596 | -0.995529 | 0 | SCARH_Black | 0 | 53.6036 | 2.01856 | 0 | 1 | 0 | 0 | 0 | 0 | 0 | 1 | camera | Bandana_Blue | -0.0944596 | 0 | -0
SCRIPT       : DATA_LOG | 1811953 | VEZjSxlcpgu1JLRUfHGLLLMsm0wqbyJ6fy2rl33V8jg= | 7988.21 | 6.02318 | 3334.04 | 0.288579 | 0.957456 | 0 | none | 1 | 56.3616 | 1.98514 | 0 | 1 | 0 | 0 | 0 | 0 | 0 | 1 | camera | target | 0.288579 | 0 | 0.957456 | 0.288579 
SCRIPT       : DATA_LOG | 1812928 | aRapBi1cCZPZAGLIDny3dk3hQ8vTmNTLHRl8zxmKgQ0= | 7988.16 | 6.01994 | 3335.27 | -0.0944596 | -0.995529 | 0 | SCARH_Black | 0 | 53.5258 | 2.02111 | 0 | 1 | 0 | 0 | 0 | 0 | 0 | 1 | camera | Bandana_Blue | -0.0944596 | 0 | -0
SCRIPT       : DATA_LOG | 1812950 | VEZjSxlcpgu1JLRUfHGLLLMsm0wqbyJ6fy2rl33V8jg= | 7988.21 | 6.02318 | 3334.04 | 0.288579 | 0.957456 | 0 | none | 1 | 56.4742 | 1.98281 | 0 | 1 | 0 | 0 | 0 | 0 | 0 | 1 | camera | target | 0.288579 | 0 | 0.957456 | 0.288579 
SCRIPT       : DATA_LOG | 1813928 | aRapBi1cCZPZAGLIDny3dk3hQ8vTmNTLHRl8zxmKgQ0= | 7988.16 | 6.01994 | 3335.27 | -0.0944596 | -0.995529 | 0 | SCARH_Black | 0 | 53.6343 | 2.01899 | 0 | 1 | 0 | 0 | 0 | 0 | 0 | 1 | camera | Bandana_Blue | -0.0944596 | 0 | -0
SCRIPT       : DATA_LOG | 1813952 | VEZjSxlcpgu1JLRUfHGLLLMsm0wqbyJ6fy2rl33V8jg= | 7988.21 | 6.02318 | 3334.04 | 0.288579 | 0.957456 | 0 | none | 1 | 56.3464 | 1.98645 | 0 | 1 | 0 | 0 | 0 | 0 | 0 | 1 | camera | target | 0.288579 | 0 | 0.957456 | 0.288579 
SCRIPT       : DATA_LOG | 1814935 | aRapBi1cCZPZAGLIDny3dk3hQ8vTmNTLHRl8zxmKgQ0= | 7988.16 | 6.01994 | 3335.27 | -0.0944596 | -0.995529 | 0 | SCARH_Black | 0 | 53.4771 | 2.02275 | 0 | 1 | 0 | 0 | 0 | 0 | 0 | 1 | camera | Bandana_Blue | -0.0944596 | 0 | -0
SCRIPT       : DATA_LOG | 1814964 | VEZjSxlcpgu1JLRUfHGLLLMsm0wqbyJ6fy2rl33V8jg= | 7988.21 | 6.02318 | 3334.04 | 0.288579 | 0.957456 | 0 | none | 1 | 56.395 | 1.98442 | 0 | 1 | 0 | 0 | 0 | 0 | 0 | 1 | camera | target | 0.288579 | 0 | 0.957456 | 0.288579 |
SCRIPT       : DATA_LOG | 1815931 | aRapBi1cCZPZAGLIDny3dk3hQ8vTmNTLHRl8zxmKgQ0= | 7988.16 | 6.01994 | 3335.27 | -0.0944596 | -0.995529 | 0 | SCARH_Black | 0 | 53.6131 | 2.01789 | 0 | 1 | 0 | 0 | 0 | 0 | 0 | 1 | camera | Bandana_Blue | -0.0944596 | 0 | -0
SCRIPT       : DATA_LOG | 1815955 | VEZjSxlcpgu1JLRUfHGLLLMsm0wqbyJ6fy2rl33V8jg= | 7988.21 | 6.02318 | 3334.04 | 0.288579 | 0.957456 | 0 | none | 1 | 56.4411 | 1.98362 | 0 | 1 | 0 | 0 | 0 | 0 | 0 | 1 | camera | target | 0.288579 | 0 | 0.957456 | 0.288579 
SCRIPT       : DATA_LOG | 1816931 | aRapBi1cCZPZAGLIDny3dk3hQ8vTmNTLHRl8zxmKgQ0= | 7988.16 | 6.01994 | 3335.27 | -0.0944596 | -0.995529 | 0 | SCARH_Black | 0 | 53.4923 | 2.02244 | 0 | 1 | 0 | 0 | 0 | 0 | 0 | 1 | camera | Bandana_Blue | -0.0944596 | 0 | -0
SCRIPT       : DATA_LOG | 1816955 | VEZjSxlcpgu1JLRUfHGLLLMsm0wqbyJ6fy2rl33V8jg= | 7988.21 | 6.02318 | 3334.04 | 0.288579 | 0.957456 | 0 | none | 1 | 56.3389 | 1.98623 | 0 | 1 | 0 | 0 | 0 | 0 | 0 | 1 | camera | target | 0.288579 | 0 | 0.957456 | 0.288579 
SCRIPT       : DATA_LOG | 1817934 | aRapBi1cCZPZAGLIDny3dk3hQ8vTmNTLHRl8zxmKgQ0= | 7988.16 | 6.01994 | 3335.27 | -0.0944596 | -0.995529 | 0 | SCARH_Black | 0 | 55.5834 | 1.94648 | 0 | 1 | 0 | 0 | 0 | 0 | 0 | 1 | camera | Bandana_Blue | -0.0944596 | 0 | -0
SCRIPT       : DATA_LOG | 1817957 | VEZjSxlcpgu1JLRUfHGLLLMsm0wqbyJ6fy2rl33V8jg= | 7988.21 | 6.02318 | 3334.04 | 0.288579 | 0.957456 | 0 | none | 1 | 56.4181 | 1.98394 | 0 | 1 | 0 | 0 | 0 | 0 | 0 | 1 | camera | target | 0.288579 | 0 | 0.957456 | 0.288579 
SCRIPT       : DATA_LOG | 1818942 | aRapBi1cCZPZAGLIDny3dk3hQ8vTmNTLHRl8zxmKgQ0= | 7988.16 | 6.01994 | 3335.27 | -0.0944596 | -0.995529 | 0 | SCARH_Black | 0 | 56.4972 | 1.8959 | 0 | 1 | 0 | 0 | 0 | 0 | 0 | 1 | camera | Bandana_Blue | -0.0944596 | 0 | -0.
SCRIPT       : DATA_LOG | 1818971 | VEZjSxlcpgu1JLRUfHGLLLMsm0wqbyJ6fy2rl33V8jg= | 7988.21 | 6.02318 | 3334.04 | 0.288579 | 0.957456 | 0 | none | 1 | 56.4333 | 1.98389 | 0 | 1 | 0 | 0 | 0 | 0 | 0 | 1 | camera | target | 0.288579 | 0 | 0.957456 | 0.288579 
SCRIPT       : DATA_LOG | 1819940 | aRapBi1cCZPZAGLIDny3dk3hQ8vTmNTLHRl8zxmKgQ0= | 7988.16 | 6.01994 | 3335.27 | -0.0944596 | -0.995529 | 0 | SCARH_Black | 0 | 54.7871 | 1.97901 | 0 | 1 | 0 | 0 | 0 | 0 | 0 | 1 | camera | Bandana_Blue | -0.0944596 | 0 | -0
SCRIPT       : DATA_LOG | 1819964 | VEZjSxlcpgu1JLRUfHGLLLMsm0wqbyJ6fy2rl33V8jg= | 7988.21 | 6.02318 | 3334.04 | 0.288579 | 0.957456 | 0 | none | 1 | 56.3443 | 1.98651 | 0 | 1 | 0 | 0 | 0 | 0 | 0 | 1 | camera | target | 0.288579 | 0 | 0.957456 | 0.288579 
SCRIPT       : DATA_LOG | 1820939 | aRapBi1cCZPZAGLIDny3dk3hQ8vTmNTLHRl8zxmKgQ0= | 7988.16 | 6.01994 | 3335.27 | -0.0944596 | -0.995529 | 0 | SCARH_Black | 0 | 54.633 | 1.9873 | 0 | 1 | 0 | 0 | 0 | 0 | 0 | 1 | camera | Bandana_Blue | -0.0944596 | 0 | -0.9
SCRIPT       : DATA_LOG | 1820971 | VEZjSxlcpgu1JLRUfHGLLLMsm0wqbyJ6fy2rl33V8jg= | 7988.21 | 6.02318 | 3334.04 | 0.288579 | 0.957456 | 0 | none | 1 | 57.9549 | 1.90312 | 0 | 1 | 0 | 0 | 0 | 0 | 0 | 1 | camera | target | 0.288579 | 0 | 0.957456 | 0.288579 
SCRIPT       : DATA_LOG | 1821943 | aRapBi1cCZPZAGLIDny3dk3hQ8vTmNTLHRl8zxmKgQ0= | 7988.13 | 6.01864 | 3335.77 | 0.0666688 | -0.997775 | 0 | SCARH_Black | 0 | 43.2625 | 2.35703 | 0 | 1 | 0 | 0 | 0 | 0 | 0 | 1 | camera | HunterPants_Spring | 0.0666688 | 0 
SCRIPT       : DATA_LOG | 1821970 | VEZjSxlcpgu1JLRUfHGLLLMsm0wqbyJ6fy2rl33V8jg= | 7988.21 | 6.02318 | 3334.04 | 0.288579 | 0.957456 | 0 | none | 1 | 46.2113 | 2.23943 | 0 | 1 | 0 | 0 | 0 | 0 | 0 | 1 | camera | target | 0.288579 | 0 | 0.957456 | 0.288579 
SCRIPT       : DATA_LOG | 1822938 | aRapBi1cCZPZAGLIDny3dk3hQ8vTmNTLHRl8zxmKgQ0= | 7988.02 | 6.01569 | 3337.09 | 0.0891571 | -0.996018 | 0 | SCARH_Black | 1 | 28.0994 | 3.43626 | 0 | 1 | 0 | 0 | 0 | 0 | 0 | 1 | camera | target | 0.0891571 | 0 | -0.996018 
SCRIPT       : DATA_LOG | 1822963 | VEZjSxlcpgu1JLRUfHGLLLMsm0wqbyJ6fy2rl33V8jg= | 7988.21 | 6.02318 | 3334.04 | 0.288579 | 0.957456 | 0 | none | 1 | 34.5125 | 3.2913 | 0 | 1 | 0 | 0 | 0 | 0 | 0 | 1 | camera | target | 0.288579 | 0 | 0.957456 | 0.288579 |
SCRIPT       : DATA_LOG | 1823965 | aRapBi1cCZPZAGLIDny3dk3hQ8vTmNTLHRl8zxmKgQ0= | 7987.01 | 6.01636 | 3336.99 | 0.131885 | -0.991265 | 0 | SCARH_Black | 1 | 30.6803 | 3.55689 | 0 | 1 | 0 | 0 | 0 | 0 | 0 | 1 | camera | target | 0.131885 | 0 | -0.991265 | 
SCRIPT       : DATA_LOG | 1823993 | VEZjSxlcpgu1JLRUfHGLLLMsm0wqbyJ6fy2rl33V8jg= | 7988.21 | 6.02318 | 3334.04 | 0.288579 | 0.957456 | 0 | none | 1 | 47.3496 | 3.34833 | 0 | 1 | 0 | 0 | 0 | 0 | 0 | 1 | camera | none | 0.288579 | 0 | 0.957456 | 0.288579 | 
SCRIPT       : DATA_LOG | 1824964 | aRapBi1cCZPZAGLIDny3dk3hQ8vTmNTLHRl8zxmKgQ0= | 7986.8 | 6.016 | 3337.12 | 0.93386 | -0.357639 | 0 | SCARH_Black | 1 | 49.6553 | 3.75148 | 0 | 1 | 0 | 0 | 0 | 0 | 0 | 1 | camera | target | 0.93386 | 0 | -0.357639 | 0.933
SCRIPT       : DATA_LOG | 1824986 | VEZjSxlcpgu1JLRUfHGLLLMsm0wqbyJ6fy2rl33V8jg= | 7988.21 | 6.02318 | 3334.04 | 0.288579 | 0.957456 | 0 | none | 1 | 46.8407 | 3.69857 | 0 | 1 | 0 | 0 | 0 | 0 | 0 | 1 | camera | target | 0.288579 | 0 | 0.957456 | 0.288579 
SCRIPT       : DATA_LOG | 1825965 | aRapBi1cCZPZAGLIDny3dk3hQ8vTmNTLHRl8zxmKgQ0= | 7987.92 | 6.01756 | 3336.28 | 0.383513 | -0.923535 | 0 | SCARH_Black | 1 | 38.2757 | 2.75872 | 0 | 1 | 0 | 0 | 0 | 0 | 0 | 1 | camera | target | 0.383513 | 0 | -0.923535 | 
SCRIPT       : DATA_LOG | 1825993 | VEZjSxlcpgu1JLRUfHGLLLMsm0wqbyJ6fy2rl33V8jg= | 7988.21 | 6.02318 | 3334.04 | 0.288579 | 0.957456 | 0 | none | 1 | 42.6521 | 2.71469 | 0 | 1 | 0 | 0 | 0 | 0 | 0 | 1 | camera | target | 0.288579 | 0 | 0.957456 | 0.288579 
SCRIPT       : DATA_LOG | 1826968 | aRapBi1cCZPZAGLIDny3dk3hQ8vTmNTLHRl8zxmKgQ0= | 7987.92 | 6.01757 | 3336.28 | 0.383513 | -0.923535 | 0 | SCARH_Black | 1 | 38.3269 | 2.76231 | 0 | 1 | 0 | 0 | 0 | 0 | 0 | 1 | camera | target | 0.383513 | 0 | -0.923535 | 
SCRIPT       : DATA_LOG | 1826993 | VEZjSxlcpgu1JLRUfHGLLLMsm0wqbyJ6fy2rl33V8jg= | 7988.21 | 6.02318 | 3334.04 | 0.288579 | 0.957456 | 0 | none | 1 | 42.632 | 2.71567 | 0 | 1 | 0 | 0 | 0 | 0 | 0 | 1 | camera | target | 0.288579 | 0 | 0.957456 | 0.288579 |
SCRIPT       : DATA_LOG | 1827968 | aRapBi1cCZPZAGLIDny3dk3hQ8vTmNTLHRl8zxmKgQ0= | 7987.92 | 6.01757 | 3336.28 | 0.383513 | -0.923535 | 0 | SCARH_Black | 1 | 38.2828 | 2.75981 | 0 | 1 | 0 | 0 | 0 | 0 | 0 | 1 | camera | target | 0.383513 | 0 | -0.923535 | 
SCRIPT       : DATA_LOG | 1827992 | VEZjSxlcpgu1JLRUfHGLLLMsm0wqbyJ6fy2rl33V8jg= | 7988.21 | 6.02318 | 3334.04 | 0.288579 | 0.957456 | 0 | none | 1 | 42.6164 | 2.71779 | 0 | 1 | 0 | 0 | 0 | 0 | 0 | 1 | camera | target | 0.288579 | 0 | 0.957456 | 0.288579 
SCRIPT       : DATA_LOG | 1828965 | aRapBi1cCZPZAGLIDny3dk3hQ8vTmNTLHRl8zxmKgQ0= | 7989.4 | 6.0189 | 3336.62 | 0.209728 | -0.97776 | 0 | SCARH_Black | 1 | 45.8752 | 3.24389 | 0 | 1 | 0 | 0 | 0 | 0 | 0 | 1 | camera | target | 0.209728 | 0 | -0.97776 | 0.20
SCRIPT       : DATA_LOG | 1828987 | VEZjSxlcpgu1JLRUfHGLLLMsm0wqbyJ6fy2rl33V8jg= | 7988.21 | 6.02318 | 3334.04 | 0.288579 | 0.957456 | 0 | none | 1 | 30.9788 | 3.21296 | 0 | 1 | 0 | 0 | 0 | 0 | 0 | 1 | camera | target | 0.288579 | 0 | 0.957456 | 0.288579 
SCRIPT       : DATA_LOG | 1829970 | aRapBi1cCZPZAGLIDny3dk3hQ8vTmNTLHRl8zxmKgQ0= | 7989.4 | 6.0189 | 3336.62 | 0.209728 | -0.97776 | 0 | SCARH_Black | 1 | 45.8773 | 3.24617 | 0 | 1 | 0 | 0 | 0 | 0 | 0 | 1 | camera | target | 0.209728 | 0 | -0.97776 | 0.20
SCRIPT       : DATA_LOG | 1829993 | VEZjSxlcpgu1JLRUfHGLLLMsm0wqbyJ6fy2rl33V8jg= | 7988.21 | 6.02318 | 3334.04 | 0.288579 | 0.957456 | 0 | none | 1 | 31.0319 | 3.20875 | 0 | 1 | 0 | 0 | 0 | 0 | 0 | 1 | camera | target | 0.288579 | 0 | 0.957456 | 0.288579 
SCRIPT       : DATA_LOG | 1830970 | aRapBi1cCZPZAGLIDny3dk3hQ8vTmNTLHRl8zxmKgQ0= | 7989.4 | 6.0189 | 3336.62 | 0.209728 | -0.97776 | 0 | SCARH_Black | 1 | 45.9689 | 3.24167 | 0 | 1 | 0 | 0 | 0 | 0 | 0 | 1 | camera | target | 0.209728 | 0 | -0.97776 | 0.20
SCRIPT       : DATA_LOG | 1830993 | VEZjSxlcpgu1JLRUfHGLLLMsm0wqbyJ6fy2rl33V8jg= | 7988.21 | 6.02318 | 3334.04 | 0.288579 | 0.957456 | 0 | none | 1 | 30.9778 | 3.21227 | 0 | 1 | 0 | 0 | 0 | 0 | 0 | 1 | camera | target | 0.288579 | 0 | 0.957456 | 0.288579 
SCRIPT       : DATA_LOG | 1831973 | aRapBi1cCZPZAGLIDny3dk3hQ8vTmNTLHRl8zxmKgQ0= | 7989.4 | 6.0189 | 3336.62 | 0.209728 | -0.97776 | 0 | SCARH_Black | 1 | 45.9447 | 3.25668 | 0 | 1 | 0 | 0 | 0 | 0 | 0 | 1 | camera | target | 0.209728 | 0 | -0.97776 | 0.20
SCRIPT       : DATA_LOG | 1831995 | VEZjSxlcpgu1JLRUfHGLLLMsm0wqbyJ6fy2rl33V8jg= | 7988.21 | 6.02318 | 3334.04 | 0.288579 | 0.957456 | 0 | none | 1 | 31.0861 | 3.19868 | 0 | 1 | 0 | 0 | 0 | 0 | 0 | 1 | camera | target | 0.288579 | 0 | 0.957456 | 0.288579 
SCRIPT       : DATA_LOG | 1832969 | aRapBi1cCZPZAGLIDny3dk3hQ8vTmNTLHRl8zxmKgQ0= | 7989.4 | 6.0189 | 3336.62 | 0.209728 | -0.97776 | 0 | SCARH_Black | 1 | 45.9503 | 3.24068 | 0 | 1 | 0 | 0 | 0 | 0 | 0 | 1 | camera | target | 0.209728 | 0 | -0.97776 | 0.20
SCRIPT       : DATA_LOG | 1832994 | VEZjSxlcpgu1JLRUfHGLLLMsm0wqbyJ6fy2rl33V8jg= | 7988.21 | 6.02318 | 3334.04 | 0.288579 | 0.957456 | 0 | none | 1 | 31.1174 | 3.19662 | 0 | 1 | 0 | 0 | 0 | 0 | 0 | 1 | camera | target | 0.288579 | 0 | 0.957456 | 0.288579 
SCRIPT       : DATA_LOG | 1833984 | aRapBi1cCZPZAGLIDny3dk3hQ8vTmNTLHRl8zxmKgQ0= | 7989.4 | 6.0189 | 3336.62 | 0.209728 | -0.97776 | 0 | SCARH_Black | 1 | 45.9565 | 3.24801 | 0 | 1 | 0 | 0 | 0 | 0 | 0 | 1 | camera | target | 0.209728 | 0 | -0.97776 | 0.20
SCRIPT       : DATA_LOG | 1834019 | VEZjSxlcpgu1JLRUfHGLLLMsm0wqbyJ6fy2rl33V8jg= | 7988.21 | 6.02318 | 3334.04 | 0.288579 | 0.957456 | 0 | none | 1 | 31.084 | 3.19976 | 0 | 1 | 0 | 0 | 0 | 0 | 0 | 1 | camera | target | 0.288579 | 0 | 0.957456 | 0.288579 |
SCRIPT       : DATA_LOG | 1834984 | aRapBi1cCZPZAGLIDny3dk3hQ8vTmNTLHRl8zxmKgQ0= | 7989.4 | 6.0189 | 3336.62 | 0.209728 | -0.97776 | 0 | SCARH_Black | 1 | 45.9096 | 3.24232 | 0 | 1 | 0 | 0 | 0 | 0 | 0 | 1 | camera | target | 0.209728 | 0 | -0.97776 | 0.20
SCRIPT       : DATA_LOG | 1835013 | VEZjSxlcpgu1JLRUfHGLLLMsm0wqbyJ6fy2rl33V8jg= | 7988.21 | 6.02318 | 3334.04 | 0.288579 | 0.957456 | 0 | none | 1 | 31.0866 | 3.1993 | 0 | 1 | 0 | 0 | 0 | 0 | 0 | 1 | camera | target | 0.288579 | 0 | 0.957456 | 0.288579 |
SCRIPT       : DATA_LOG | 1835986 | aRapBi1cCZPZAGLIDny3dk3hQ8vTmNTLHRl8zxmKgQ0= | 7989.4 | 6.0189 | 3336.62 | 0.209728 | -0.97776 | 0 | SCARH_Black | 1 | 45.8783 | 3.24319 | 0 | 1 | 0 | 0 | 0 | 0 | 0 | 1 | camera | target | 0.209728 | 0 | -0.97776 | 0.20
SCRIPT       : DATA_LOG | 1836013 | VEZjSxlcpgu1JLRUfHGLLLMsm0wqbyJ6fy2rl33V8jg= | 7988.21 | 6.02318 | 3334.04 | 0.288579 | 0.957456 | 0 | none | 1 | 31.1215 | 3.19649 | 0 | 1 | 0 | 0 | 0 | 0 | 0 | 1 | camera | target | 0.288579 | 0 | 0.957456 | 0.288579 
SCRIPT       : DATA_LOG | 1836985 | aRapBi1cCZPZAGLIDny3dk3hQ8vTmNTLHRl8zxmKgQ0= | 7989.4 | 6.0189 | 3336.62 | 0.209728 | -0.97776 | 0 | SCARH_Black | 1 | 45.874 | 3.2495 | 0 | 1 | 0 | 0 | 0 | 0 | 0 | 1 | camera | target | 0.209728 | 0 | -0.97776 | 0.2097
SCRIPT       : DATA_LOG | 1837012 | VEZjSxlcpgu1JLRUfHGLLLMsm0wqbyJ6fy2rl33V8jg= | 7988.21 | 6.02318 | 3334.04 | 0.288579 | 0.957456 | 0 | none | 1 | 31.0697 | 3.19938 | 0 | 1 | 0 | 0 | 0 | 0 | 0 | 1 | camera | target | 0.288579 | 0 | 0.957456 | 0.288579 
SCRIPT       : DATA_LOG | 1837990 | aRapBi1cCZPZAGLIDny3dk3hQ8vTmNTLHRl8zxmKgQ0= | 7989.4 | 6.0189 | 3336.62 | 0.209728 | -0.97776 | 0 | SCARH_Black | 1 | 45.9623 | 3.23858 | 0 | 1 | 0 | 0 | 0 | 0 | 0 | 1 | camera | target | 0.209728 | 0 | -0.97776 | 0.20
SCRIPT       : DATA_LOG | 1838012 | VEZjSxlcpgu1JLRUfHGLLLMsm0wqbyJ6fy2rl33V8jg= | 7988.21 | 6.02318 | 3334.04 | 0.288579 | 0.957456 | 0 | none | 1 | 31.1012 | 3.19744 | 0 | 1 | 0 | 0 | 0 | 0 | 0 | 1 | camera | target | 0.288579 | 0 | 0.957456 | 0.288579 
SCRIPT       : DATA_LOG | 1838989 | aRapBi1cCZPZAGLIDny3dk3hQ8vTmNTLHRl8zxmKgQ0= | 7989.4 | 6.0189 | 3336.62 | 0.209728 | -0.97776 | 0 | SCARH_Black | 1 | 45.9461 | 3.2573 | 0 | 1 | 0 | 0 | 0 | 0 | 0 | 1 | camera | target | 0.209728 | 0 | -0.97776 | 0.209
SCRIPT       : DATA_LOG | 1839013 | VEZjSxlcpgu1JLRUfHGLLLMsm0wqbyJ6fy2rl33V8jg= | 7988.21 | 6.02318 | 3334.04 | 0.288579 | 0.957456 | 0 | none | 1 | 31.1109 | 3.19678 | 0 | 1 | 0 | 0 | 0 | 0 | 0 | 1 | camera | target | 0.288579 | 0 | 0.957456 | 0.288579 
SCRIPT       : DATA_LOG | 1839995 | aRapBi1cCZPZAGLIDny3dk3hQ8vTmNTLHRl8zxmKgQ0= | 7989.4 | 6.0189 | 3336.62 | 0.209728 | -0.97776 | 0 | SCARH_Black | 1 | 45.9543 | 3.24253 | 0 | 1 | 0 | 0 | 0 | 0 | 0 | 1 | camera | target | 0.209728 | 0 | -0.97776 | 0.20
SCRIPT       : DATA_LOG | 1840026 | VEZjSxlcpgu1JLRUfHGLLLMsm0wqbyJ6fy2rl33V8jg= | 7988.21 | 6.02318 | 3334.04 | 0.288579 | 0.957456 | 0 | none | 1 | 31.0739 | 3.20062 | 0 | 1 | 0 | 0 | 0 | 0 | 0 | 1 | camera | target | 0.288579 | 0 | 0.957456 | 0.288579 
SCRIPT       : DATA_LOG | 1840989 | aRapBi1cCZPZAGLIDny3dk3hQ8vTmNTLHRl8zxmKgQ0= | 7989.4 | 6.0189 | 3336.62 | 0.209728 | -0.97776 | 0 | SCARH_Black | 1 | 45.9461 | 3.24681 | 0 | 1 | 0 | 0 | 0 | 0 | 0 | 1 | camera | target | 0.209728 | 0 | -0.97776 | 0.20
SCRIPT       : DATA_LOG | 1841014 | VEZjSxlcpgu1JLRUfHGLLLMsm0wqbyJ6fy2rl33V8jg= | 7988.21 | 6.02318 | 3334.04 | 0.288579 | 0.957456 | 0 | none | 1 | 31.116 | 3.19674 | 0 | 1 | 0 | 0 | 0 | 0 | 0 | 1 | camera | target | 0.288579 | 0 | 0.957456 | 0.288579 |
SCRIPT       : DATA_LOG | 1841995 | aRapBi1cCZPZAGLIDny3dk3hQ8vTmNTLHRl8zxmKgQ0= | 7988.5 | 6.01808 | 3335.85 | 0.0426003 | -0.999092 | 0 | SCARH_Black | 1 | 42.974 | 2.42207 | 0 | 1 | 0 | 0 | 0 | 0 | 0 | 1 | camera | target | 0.0426003 | 0 | -0.999092 | 
SCRIPT       : DATA_LOG | 1842019 | VEZjSxlcpgu1JLRUfHGLLLMsm0wqbyJ6fy2rl33V8jg= | 7988.21 | 6.02318 | 3334.04 | 0.288579 | 0.957456 | 0 | none | 1 | 42.0186 | 2.28104 | 0 | 1 | 0 | 0 | 0 | 0 | 0 | 1 | camera | target | 0.288579 | 0 | 0.957456 | 0.288579 
SCRIPT       : DATA_LOG | 1842990 | aRapBi1cCZPZAGLIDny3dk3hQ8vTmNTLHRl8zxmKgQ0= | 7988.33 | 6.01949 | 3335.35 | 0.0405607 | -0.999177 | 0 | SCARH_Black | 0 | 51.5702 | 2.06904 | 0 | 1 | 0 | 0 | 0 | 0 | 0 | 1 | camera | Bandana_Blue | 0.0405607 | 0 | -0.9
SCRIPT       : DATA_LOG | 1843011 | VEZjSxlcpgu1JLRUfHGLLLMsm0wqbyJ6fy2rl33V8jg= | 7988.21 | 6.02318 | 3334.04 | 0.288579 | 0.957456 | 0 | none | 1 | 53.8579 | 1.96744 | 0 | 1 | 0 | 0 | 0 | 0 | 0 | 1 | camera | target | 0.288579 | 0 | 0.957456 | 0.288579 
SCRIPT       : DATA_LOG | 1843995 | aRapBi1cCZPZAGLIDny3dk3hQ8vTmNTLHRl8zxmKgQ0= | 7988.33 | 6.01949 | 3335.35 | 0.0405606 | -0.999177 | 0 | SCARH_Black | 0 | 51.4305 | 2.07482 | 0 | 1 | 0 | 0 | 0 | 0 | 0 | 1 | camera | Bandana_Blue | 0.0405606 | 0 | -0.9
SCRIPT       : DATA_LOG | 1844018 | VEZjSxlcpgu1JLRUfHGLLLMsm0wqbyJ6fy2rl33V8jg= | 7988.21 | 6.02318 | 3334.04 | 0.288579 | 0.957456 | 0 | none | 1 | 54.1248 | 1.96674 | 0 | 1 | 0 | 0 | 0 | 0 | 0 | 1 | camera | target | 0.288579 | 0 | 0.957456 | 0.288579 
SCRIPT       : DATA_LOG | 1844995 | aRapBi1cCZPZAGLIDny3dk3hQ8vTmNTLHRl8zxmKgQ0= | 7988.33 | 6.01949 | 3335.35 | 0.0405605 | -0.999177 | 0 | SCARH_Black | 0 | 51.6925 | 2.06427 | 0 | 1 | 0 | 0 | 0 | 0 | 0 | 1 | camera | Bandana_Blue | 0.0405605 | 0 | -0.9
SCRIPT       : DATA_LOG | 1845018 | VEZjSxlcpgu1JLRUfHGLLLMsm0wqbyJ6fy2rl33V8jg= | 7988.21 | 6.02318 | 3334.04 | 0.288579 | 0.957456 | 0 | none | 1 | 54.0981 | 1.96786 | 0 | 1 | 0 | 0 | 0 | 0 | 0 | 1 | camera | target | 0.288579 | 0 | 0.957456 | 0.288579 
SCRIPT       : DATA_LOG | 1845995 | aRapBi1cCZPZAGLIDny3dk3hQ8vTmNTLHRl8zxmKgQ0= | 7988.33 | 6.01949 | 3335.35 | 0.0405603 | -0.999177 | 0 | SCARH_Black | 0 | 51.4175 | 2.07757 | 0 | 1 | 0 | 0 | 0 | 0 | 0 | 1 | camera | Bandana_Blue | 0.0405603 | 0 | -0.9
SCRIPT       : DATA_LOG | 1846020 | VEZjSxlcpgu1JLRUfHGLLLMsm0wqbyJ6fy2rl33V8jg= | 7988.21 | 6.02318 | 3334.04 | 0.288579 | 0.957456 | 0 | none | 1 | 54.0316 | 1.97037 | 0 | 1 | 0 | 0 | 0 | 0 | 0 | 1 | camera | target | 0.288579 | 0 | 0.957456 | 0.288579 
SCRIPT       : DATA_LOG | 1846998 | aRapBi1cCZPZAGLIDny3dk3hQ8vTmNTLHRl8zxmKgQ0= | 7988.33 | 6.01949 | 3335.35 | 0.0405602 | -0.999177 | 0 | SCARH_Black | 0 | 53.2307 | 1.9828 | 0 | 1 | 0 | 0 | 0 | 0 | 0 | 1 | camera | Bandana_Blue | 0.0405602 | 0 | -0.99
SCRIPT       : DATA_LOG | 1847023 | VEZjSxlcpgu1JLRUfHGLLLMsm0wqbyJ6fy2rl33V8jg= | 7988.21 | 6.02318 | 3334.04 | 0.288579 | 0.957456 | 0 | none | 1 | 54.1633 | 1.96601 | 0 | 1 | 0 | 0 | 0 | 0 | 0 | 1 | camera | target | 0.288579 | 0 | 0.957456 | 0.288579 
SCRIPT       : DATA_LOG | 1848001 | aRapBi1cCZPZAGLIDny3dk3hQ8vTmNTLHRl8zxmKgQ0= | 7988.33 | 6.01949 | 3335.35 | 0.0405601 | -0.999177 | 0 | SCARH_Black | 0 | 53.5763 | 1.95412 | 0 | 1 | 0 | 0 | 0 | 0 | 0 | 1 | camera | Bandana_Blue | 0.0405601 | 0 | -0.9
SCRIPT       : DATA_LOG | 1848027 | VEZjSxlcpgu1JLRUfHGLLLMsm0wqbyJ6fy2rl33V8jg= | 7988.21 | 6.02318 | 3334.04 | 0.288579 | 0.957456 | 0 | none | 1 | 54.07 | 1.96916 | 0 | 1 | 0 | 0 | 0 | 0 | 0 | 1 | camera | target | 0.288579 | 0 | 0.957456 | 0.288579 | 
SCRIPT       : DATA_LOG | 1848998 | aRapBi1cCZPZAGLIDny3dk3hQ8vTmNTLHRl8zxmKgQ0= | 7988.33 | 6.01949 | 3335.35 | 0.04056 | -0.999177 | 0 | SCARH_Black | 0 | 52.5742 | 2.01988 | 0 | 1 | 0 | 0 | 0 | 0 | 0 | 1 | camera | Bandana_Blue | 0.04056 | 0 | -0.99917
SCRIPT       : DATA_LOG | 1849019 | VEZjSxlcpgu1JLRUfHGLLLMsm0wqbyJ6fy2rl33V8jg= | 7988.21 | 6.02318 | 3334.04 | 0.288579 | 0.957456 | 0 | none | 1 | 54.0558 | 1.96976 | 0 | 1 | 0 | 0 | 0 | 0 | 0 | 1 | camera | target | 0.288579 | 0 | 0.957456 | 0.288579 
SCRIPT       : DATA_LOG | 1850004 | aRapBi1cCZPZAGLIDny3dk3hQ8vTmNTLHRl8zxmKgQ0= | 7988.33 | 6.01949 | 3335.35 | 0.0405599 | -0.999177 | 0 | SCARH_Black | 0 | 52.273 | 2.0382 | 0 | 1 | 0 | 0 | 0 | 0 | 0 | 1 | camera | Bandana_Blue | 0.0405599 | 0 | -0.999
SCRIPT       : DATA_LOG | 1850032 | VEZjSxlcpgu1JLRUfHGLLLMsm0wqbyJ6fy2rl33V8jg= | 7988.21 | 6.02318 | 3334.04 | 0.288579 | 0.957456 | 0 | none | 1 | 54.14 | 1.96666 | 0 | 1 | 0 | 0 | 0 | 0 | 0 | 1 | camera | target | 0.288579 | 0 | 0.957456 | 0.288579 | 
SCRIPT       : DATA_LOG | 1851004 | aRapBi1cCZPZAGLIDny3dk3hQ8vTmNTLHRl8zxmKgQ0= | 7988.33 | 6.01949 | 3335.35 | 0.0405598 | -0.999177 | 0 | SCARH_Black | 0 | 51.4477 | 2.07407 | 0 | 1 | 0 | 0 | 0 | 0 | 0 | 1 | camera | Bandana_Blue | 0.0405598 | 0 | -0.9
SCRIPT       : DATA_LOG | 1851029 | VEZjSxlcpgu1JLRUfHGLLLMsm0wqbyJ6fy2rl33V8jg= | 7988.21 | 6.02318 | 3334.04 | 0.288579 | 0.957456 | 0 | none | 1 | 54.0619 | 1.96918 | 0 | 1 | 0 | 0 | 0 | 0 | 0 | 1 | camera | target | 0.288579 | 0 | 0.957456 | 0.288579 
SCRIPT       : DATA_LOG | 1852002 | aRapBi1cCZPZAGLIDny3dk3hQ8vTmNTLHRl8zxmKgQ0= | 7988.33 | 6.01949 | 3335.35 | 0.0405597 | -0.999177 | 0 | SCARH_Black | 0 | 51.683 | 2.06426 | 0 | 1 | 0 | 0 | 0 | 0 | 0 | 1 | camera | Bandana_Blue | 0.0405597 | 0 | -0.99
SCRIPT       : DATA_LOG | 1852025 | VEZjSxlcpgu1JLRUfHGLLLMsm0wqbyJ6fy2rl33V8jg= | 7988.21 | 6.02318 | 3334.04 | 0.288579 | 0.957456 | 0 | none | 1 | 54.047 | 1.96935 | 0 | 1 | 0 | 0 | 0 | 0 | 0 | 1 | camera | target | 0.288579 | 0 | 0.957456 | 0.288579 |
SCRIPT       : DATA_LOG | 1853006 | aRapBi1cCZPZAGLIDny3dk3hQ8vTmNTLHRl8zxmKgQ0= | 7988.33 | 6.01949 | 3335.35 | 0.0405596 | -0.999177 | 0 | SCARH_Black | 0 | 51.457 | 2.07594 | 0 | 1 | 0 | 0 | 0 | 0 | 0 | 1 | camera | Bandana_Blue | 0.0405596 | 0 | -0.99
SCRIPT       : DATA_LOG | 1853034 | VEZjSxlcpgu1JLRUfHGLLLMsm0wqbyJ6fy2rl33V8jg= | 7988.21 | 6.02318 | 3334.04 | 0.288579 | 0.957456 | 0 | none | 1 | 54.1681 | 1.966 | 0 | 1 | 0 | 0 | 0 | 0 | 0 | 1 | camera | target | 0.288579 | 0 | 0.957456 | 0.288579 | 
SCRIPT       : DATA_LOG | 1854003 | aRapBi1cCZPZAGLIDny3dk3hQ8vTmNTLHRl8zxmKgQ0= | 7988.33 | 6.01949 | 3335.35 | 0.0405595 | -0.999177 | 0 | SCARH_Black | 0 | 51.5261 | 2.07232 | 0 | 1 | 0 | 0 | 0 | 0 | 0 | 1 | camera | Bandana_Blue | 0.0405595 | 0 | -0.9
SCRIPT       : DATA_LOG | 1854026 | VEZjSxlcpgu1JLRUfHGLLLMsm0wqbyJ6fy2rl33V8jg= | 7988.21 | 6.02318 | 3334.04 | 0.288579 | 0.957456 | 0 | none | 1 | 54.0569 | 1.96997 | 0 | 1 | 0 | 0 | 0 | 0 | 0 | 1 | camera | target | 0.288579 | 0 | 0.957456 | 0.288579 
SCRIPT       : DATA_LOG | 1855009 | aRapBi1cCZPZAGLIDny3dk3hQ8vTmNTLHRl8zxmKgQ0= | 7988.33 | 6.01949 | 3335.35 | 0.0405593 | -0.999177 | 0 | SCARH_Black | 0 | 51.5967 | 2.06839 | 0 | 1 | 0 | 0 | 0 | 0 | 0 | 1 | camera | Bandana_Blue | 0.0405593 | 0 | -0.9
SCRIPT       : DATA_LOG | 1855036 | VEZjSxlcpgu1JLRUfHGLLLMsm0wqbyJ6fy2rl33V8jg= | 7988.21 | 6.02318 | 3334.04 | 0.288579 | 0.957456 | 0 | none | 1 | 54.068 | 1.96883 | 0 | 1 | 0 | 0 | 0 | 0 | 0 | 1 | camera | target | 0.288579 | 0 | 0.957456 | 0.288579 |
SCRIPT       : DATA_LOG | 1856007 | aRapBi1cCZPZAGLIDny3dk3hQ8vTmNTLHRl8zxmKgQ0= | 7988.33 | 6.01949 | 3335.35 | 0.0405592 | -0.999177 | 0 | SCARH_Black | 0 | 51.5544 | 2.07066 | 0 | 1 | 0 | 0 | 0 | 0 | 0 | 1 | camera | Bandana_Blue | 0.0405592 | 0 | -0.9
SCRIPT       : DATA_LOG | 1856031 | VEZjSxlcpgu1JLRUfHGLLLMsm0wqbyJ6fy2rl33V8jg= | 7988.21 | 6.02318 | 3334.04 | 0.288579 | 0.957456 | 0 | none | 1 | 54.1363 | 1.96704 | 0 | 1 | 0 | 0 | 0 | 0 | 0 | 1 | camera | target | 0.288579 | 0 | 0.957456 | 0.288579 
SCRIPT       : DATA_LOG | 1857013 | aRapBi1cCZPZAGLIDny3dk3hQ8vTmNTLHRl8zxmKgQ0= | 7988.33 | 6.01949 | 3335.35 | 0.0405591 | -0.999177 | 0 | SCARH_Black | 0 | 51.6074 | 2.06799 | 0 | 1 | 0 | 0 | 0 | 0 | 0 | 1 | camera | Bandana_Blue | 0.0405591 | 0 | -0.9
SCRIPT       : DATA_LOG | 1857038 | VEZjSxlcpgu1JLRUfHGLLLMsm0wqbyJ6fy2rl33V8jg= | 7988.21 | 6.02318 | 3334.04 | 0.288579 | 0.957456 | 0 | none | 1 | 54.0412 | 1.97018 | 0 | 1 | 0 | 0 | 0 | 0 | 0 | 1 | camera | target | 0.288579 | 0 | 0.957456 | 0.288579 
SCRIPT       : DATA_LOG | 1858008 | aRapBi1cCZPZAGLIDny3dk3hQ8vTmNTLHRl8zxmKgQ0= | 7988.33 | 6.01949 | 3335.35 | 0.040559 | -0.999177 | 0 | SCARH_Black | 0 | 51.4765 | 2.0727 | 0 | 1 | 0 | 0 | 0 | 0 | 0 | 1 | camera | Bandana_Blue | 0.040559 | 0 | -0.9991
SCRIPT       : DATA_LOG | 1858035 | VEZjSxlcpgu1JLRUfHGLLLMsm0wqbyJ6fy2rl33V8jg= | 7988.21 | 6.02318 | 3334.04 | 0.288579 | 0.957456 | 0 | none | 1 | 54.0934 | 1.96788 | 0 | 1 | 0 | 0 | 0 | 0 | 0 | 1 | camera | target | 0.288579 | 0 | 0.957456 | 0.288579 
SCRIPT       : DATA_LOG | 1859012 | aRapBi1cCZPZAGLIDny3dk3hQ8vTmNTLHRl8zxmKgQ0= | 7988.33 | 6.01949 | 3335.35 | 0.0405589 | -0.999177 | 0 | SCARH_Black | 0 | 51.642 | 2.06554 | 0 | 1 | 0 | 0 | 0 | 0 | 0 | 1 | camera | Bandana_Blue | 0.0405589 | 0 | -0.99
SCRIPT       : DATA_LOG | 1859033 | VEZjSxlcpgu1JLRUfHGLLLMsm0wqbyJ6fy2rl33V8jg= | 7988.21 | 6.02318 | 3334.04 | 0.288579 | 0.957456 | 0 | none | 1 | 54.1357 | 1.96726 | 0 | 1 | 0 | 0 | 0 | 0 | 0 | 1 | camera | target | 0.288579 | 0 | 0.957456 | 0.288579 
SCRIPT       : DATA_LOG | 1860011 | aRapBi1cCZPZAGLIDny3dk3hQ8vTmNTLHRl8zxmKgQ0= | 7988.33 | 6.01949 | 3335.35 | 0.0405588 | -0.999177 | 0 | SCARH_Black | 0 | 51.5271 | 2.07302 | 0 | 1 | 0 | 0 | 0 | 0 | 0 | 1 | camera | Bandana_Blue | 0.0405588 | 0 | -0.9
SCRIPT       : DATA_LOG | 1860033 | VEZjSxlcpgu1JLRUfHGLLLMsm0wqbyJ6fy2rl33V8jg= | 7988.21 | 6.02318 | 3334.04 | 0.288579 | 0.957456 | 0 | none | 1 | 54.0493 | 1.97017 | 0 | 1 | 0 | 0 | 0 | 0 | 0 | 1 | camera | target | 0.288579 | 0 | 0.957456 | 0.288579 
SCRIPT       : DATA_LOG | 1861013 | aRapBi1cCZPZAGLIDny3dk3hQ8vTmNTLHRl8zxmKgQ0= | 7988.33 | 6.01949 | 3335.35 | 0.0405587 | -0.999177 | 0 | SCARH_Black | 0 | 51.4749 | 2.07456 | 0 | 1 | 0 | 0 | 0 | 0 | 0 | 1 | camera | Bandana_Blue | 0.0405587 | 0 | -0.9
SCRIPT       : DATA_LOG | 1861035 | VEZjSxlcpgu1JLRUfHGLLLMsm0wqbyJ6fy2rl33V8jg= | 7988.21 | 6.02318 | 3334.04 | 0.288579 | 0.957456 | 0 | none | 1 | 54.1038 | 1.96734 | 0 | 1 | 0 | 0 | 0 | 0 | 0 | 1 | camera | target | 0.288579 | 0 | 0.957456 | 0.288579 
SCRIPT       : DATA_LOG | 1862013 | aRapBi1cCZPZAGLIDny3dk3hQ8vTmNTLHRl8zxmKgQ0= | 7988.33 | 6.01949 | 3335.35 | 0.0405586 | -0.999177 | 0 | SCARH_Black | 0 | 51.6199 | 2.06716 | 0 | 1 | 0 | 0 | 0 | 0 | 0 | 1 | camera | Bandana_Blue | 0.0405586 | 0 | -0.9
SCRIPT       : DATA_LOG | 1862039 | VEZjSxlcpgu1JLRUfHGLLLMsm0wqbyJ6fy2rl33V8jg= | 7988.21 | 6.02318 | 3334.04 | 0.288579 | 0.957456 | 0 | none | 1 | 54.1182 | 1.96722 | 0 | 1 | 0 | 0 | 0 | 0 | 0 | 1 | camera | target | 0.288579 | 0 | 0.957456 | 0.288579 
SCRIPT       : DATA_LOG | 1863016 | aRapBi1cCZPZAGLIDny3dk3hQ8vTmNTLHRl8zxmKgQ0= | 7988.33 | 6.01949 | 3335.35 | 0.0405584 | -0.999177 | 0 | SCARH_Black | 0 | 51.5572 | 2.07069 | 0 | 1 | 0 | 0 | 0 | 0 | 0 | 1 | camera | Bandana_Blue | 0.0405584 | 0 | -0.9
SCRIPT       : DATA_LOG | 1863043 | VEZjSxlcpgu1JLRUfHGLLLMsm0wqbyJ6fy2rl33V8jg= | 7988.21 | 6.02318 | 3334.04 | 0.288579 | 0.957456 | 0 | none | 1 | 54.0333 | 1.97045 | 0 | 1 | 0 | 0 | 0 | 0 | 0 | 1 | camera | target | 0.288579 | 0 | 0.957456 | 0.288579 
SCRIPT       : DATA_LOG | 1864017 | aRapBi1cCZPZAGLIDny3dk3hQ8vTmNTLHRl8zxmKgQ0= | 7988.33 | 6.01949 | 3335.35 | 0.0405583 | -0.999177 | 0 | SCARH_Black | 0 | 51.6252 | 2.06759 | 0 | 1 | 0 | 0 | 0 | 0 | 0 | 1 | camera | Bandana_Blue | 0.0405583 | 0 | -0.9
SCRIPT       : DATA_LOG | 1864044 | VEZjSxlcpgu1JLRUfHGLLLMsm0wqbyJ6fy2rl33V8jg= | 7988.21 | 6.02318 | 3334.04 | 0.288579 | 0.957456 | 0 | none | 1 | 54.1364 | 1.96657 | 0 | 1 | 0 | 0 | 0 | 0 | 0 | 1 | camera | target | 0.288579 | 0 | 0.957456 | 0.288579 
SCRIPT       : DATA_LOG | 1865015 | aRapBi1cCZPZAGLIDny3dk3hQ8vTmNTLHRl8zxmKgQ0= | 7988.33 | 6.01949 | 3335.35 | 0.0405582 | -0.999177 | 0 | SCARH_Black | 0 | 51.5049 | 2.07134 | 0 | 1 | 0 | 0 | 0 | 0 | 0 | 1 | camera | Bandana_Blue | 0.0405582 | 0 | -0.9
SCRIPT       : DATA_LOG | 1865040 | VEZjSxlcpgu1JLRUfHGLLLMsm0wqbyJ6fy2rl33V8jg= | 7988.21 | 6.02318 | 3334.04 | 0.288579 | 0.957456 | 0 | none | 1 | 54.0969 | 1.96844 | 0 | 1 | 0 | 0 | 0 | 0 | 0 | 1 | camera | target | 0.288579 | 0 | 0.957456 | 0.288579 
SCRIPT       : DATA_LOG | 1866019 | aRapBi1cCZPZAGLIDny3dk3hQ8vTmNTLHRl8zxmKgQ0= | 7988.33 | 6.01949 | 3335.35 | 0.0405581 | -0.999177 | 0 | SCARH_Black | 0 | 51.5844 | 2.0676 | 0 | 1 | 0 | 0 | 0 | 0 | 0 | 1 | camera | Bandana_Blue | 0.0405581 | 0 | -0.99
SCRIPT       : DATA_LOG | 1866040 | VEZjSxlcpgu1JLRUfHGLLLMsm0wqbyJ6fy2rl33V8jg= | 7988.21 | 6.02318 | 3334.04 | 0.288579 | 0.957456 | 0 | none | 1 | 54.0515 | 1.97011 | 0 | 1 | 0 | 0 | 0 | 0 | 0 | 1 | camera | target | 0.288579 | 0 | 0.957456 | 0.288579 
SCRIPT       : DATA_LOG | 1867015 | aRapBi1cCZPZAGLIDny3dk3hQ8vTmNTLHRl8zxmKgQ0= | 7988.33 | 6.01949 | 3335.35 | 0.040558 | -0.999177 | 0 | SCARH_Black | 0 | 51.5896 | 2.07017 | 0 | 1 | 0 | 0 | 0 | 0 | 0 | 1 | camera | Bandana_Blue | 0.040558 | 0 | -0.999
SCRIPT       : DATA_LOG | 1867038 | VEZjSxlcpgu1JLRUfHGLLLMsm0wqbyJ6fy2rl33V8jg= | 7988.21 | 6.02318 | 3334.04 | 0.288579 | 0.957456 | 0 | none | 1 | 54.1322 | 1.96669 | 0 | 1 | 0 | 0 | 0 | 0 | 0 | 1 | camera | target | 0.288579 | 0 | 0.957456 | 0.288579 
SCRIPT       : DATA_LOG | 1868019 | aRapBi1cCZPZAGLIDny3dk3hQ8vTmNTLHRl8zxmKgQ0= | 7988.33 | 6.01949 | 3335.35 | 0.0405579 | -0.999177 | 0 | SCARH_Black | 0 | 51.4312 | 2.07639 | 0 | 1 | 0 | 0 | 0 | 0 | 0 | 1 | camera | Bandana_Blue | 0.0405579 | 0 | -0.9
SCRIPT       : DATA_LOG | 1868041 | VEZjSxlcpgu1JLRUfHGLLLMsm0wqbyJ6fy2rl33V8jg= | 7988.21 | 6.02318 | 3334.04 | 0.288579 | 0.957456 | 0 | none | 1 | 54.0887 | 1.96821 | 0 | 1 | 0 | 0 | 0 | 0 | 0 | 1 | camera | target | 0.288579 | 0 | 0.957456 | 0.288579 
SCRIPT       : DATA_LOG | 1869019 | aRapBi1cCZPZAGLIDny3dk3hQ8vTmNTLHRl8zxmKgQ0= | 7988.33 | 6.01949 | 3335.35 | 0.0405578 | -0.999177 | 0 | SCARH_Black | 0 | 54.3767 | 1.88401 | 0 | 1 | 0 | 0 | 0 | 0 | 0 | 1 | camera | Bandana_Blue | 0.0405578 | 0 | -0.9
SCRIPT       : DATA_LOG | 1869041 | VEZjSxlcpgu1JLRUfHGLLLMsm0wqbyJ6fy2rl33V8jg= | 7988.21 | 6.02318 | 3334.04 | 0.288579 | 0.957456 | 0 | none | 1 | 54.036 | 1.97018 | 0 | 1 | 0 | 0 | 0 | 0 | 0 | 1 | camera | target | 0.288579 | 0 | 0.957456 | 0.288579 |
SCRIPT       : DATA_LOG | 1870027 | aRapBi1cCZPZAGLIDny3dk3hQ8vTmNTLHRl8zxmKgQ0= | 7988.33 | 6.01949 | 3335.35 | 0.0405577 | -0.999177 | 0 | SCARH_Black | 0 | 52.243 | 2.03699 | 0 | 1 | 0 | 0 | 0 | 0 | 0 | 1 | camera | Bandana_Blue | 0.0405577 | 0 | -0.99
SCRIPT       : DATA_LOG | 1870055 | VEZjSxlcpgu1JLRUfHGLLLMsm0wqbyJ6fy2rl33V8jg= | 7988.21 | 6.02318 | 3334.04 | 0.288579 | 0.957456 | 0 | none | 1 | 54.17 | 1.96593 | 0 | 1 | 0 | 0 | 0 | 0 | 0 | 1 | camera | target | 0.288579 | 0 | 0.957456 | 0.288579 | 
SCRIPT       : DATA_LOG | 1871025 | aRapBi1cCZPZAGLIDny3dk3hQ8vTmNTLHRl8zxmKgQ0= | 7988.33 | 6.01949 | 3335.35 | 0.0405575 | -0.999177 | 0 | SCARH_Black | 0 | 52.7736 | 2.009 | 0 | 1 | 0 | 0 | 0 | 0 | 0 | 1 | camera | Bandana_Blue | 0.0405575 | 0 | -0.999
SCRIPT       : DATA_LOG | 1871051 | VEZjSxlcpgu1JLRUfHGLLLMsm0wqbyJ6fy2rl33V8jg= | 7988.21 | 6.02318 | 3334.04 | 0.288579 | 0.957456 | 0 | none | 1 | 54.0635 | 1.96941 | 0 | 1 | 0 | 0 | 0 | 0 | 0 | 1 | camera | target | 0.288579 | 0 | 0.957456 | 0.288579 
SCRIPT       : DATA_LOG | 1872022 | aRapBi1cCZPZAGLIDny3dk3hQ8vTmNTLHRl8zxmKgQ0= | 7988.33 | 6.01949 | 3335.35 | 0.0405574 | -0.999177 | 0 | SCARH_Black | 0 | 51.5518 | 2.06965 | 0 | 1 | 0 | 0 | 0 | 0 | 0 | 1 | camera | Bandana_Blue | 0.0405574 | 0 | -0.9
SCRIPT       : DATA_LOG | 1872045 | VEZjSxlcpgu1JLRUfHGLLLMsm0wqbyJ6fy2rl33V8jg= | 7988.21 | 6.02318 | 3334.04 | 0.288579 | 0.957456 | 0 | none | 1 | 54.0591 | 1.96936 | 0 | 1 | 0 | 0 | 0 | 0 | 0 | 1 | camera | target | 0.288579 | 0 | 0.957456 | 0.288579 
SCRIPT       : DATA_LOG | 1873022 | aRapBi1cCZPZAGLIDny3dk3hQ8vTmNTLHRl8zxmKgQ0= | 7988.33 | 6.01949 | 3335.35 | 0.0405573 | -0.999177 | 0 | SCARH_Black | 0 | 51.5052 | 2.07099 | 0 | 1 | 0 | 0 | 0 | 0 | 0 | 1 | camera | Bandana_Blue | 0.0405573 | 0 | -0.9
SCRIPT       : DATA_LOG | 1873045 | VEZjSxlcpgu1JLRUfHGLLLMsm0wqbyJ6fy2rl33V8jg= | 7988.21 | 6.02318 | 3334.04 | 0.288579 | 0.957456 | 0 | none | 1 | 54.145 | 1.96666 | 0 | 1 | 0 | 0 | 0 | 0 | 0 | 1 | camera | target | 0.288579 | 0 | 0.957456 | 0.288579 |
SCRIPT       : DATA_LOG | 1874026 | aRapBi1cCZPZAGLIDny3dk3hQ8vTmNTLHRl8zxmKgQ0= | 7988.33 | 6.01949 | 3335.35 | 0.0405572 | -0.999177 | 0 | SCARH_Black | 0 | 51.637 | 2.06781 | 0 | 1 | 0 | 0 | 0 | 0 | 0 | 1 | camera | Bandana_Blue | 0.0405572 | 0 | -0.99
SCRIPT       : DATA_LOG | 1874048 | VEZjSxlcpgu1JLRUfHGLLLMsm0wqbyJ6fy2rl33V8jg= | 7988.21 | 6.02318 | 3334.04 | 0.288579 | 0.957456 | 0 | none | 1 | 54.0623 | 1.9692 | 0 | 1 | 0 | 0 | 0 | 0 | 0 | 1 | camera | target | 0.288579 | 0 | 0.957456 | 0.288579 |
SCRIPT       : DATA_LOG | 1875028 | aRapBi1cCZPZAGLIDny3dk3hQ8vTmNTLHRl8zxmKgQ0= | 7988.33 | 6.01949 | 3335.35 | 0.0405572 | -0.999177 | 0 | SCARH_Black | 0 | 51.4024 | 2.07773 | 0 | 1 | 0 | 0 | 0 | 0 | 0 | 1 | camera | Bandana_Blue | 0.0405572 | 0 | -0.9
SCRIPT       : DATA_LOG | 1875054 | VEZjSxlcpgu1JLRUfHGLLLMsm0wqbyJ6fy2rl33V8jg= | 7988.21 | 6.02318 | 3334.04 | 0.288579 | 0.957456 | 0 | none | 1 | 54.0522 | 1.9692 | 0 | 1 | 0 | 0 | 0 | 0 | 0 | 1 | camera | target | 0.288579 | 0 | 0.957456 | 0.288579 |
SCRIPT       : DATA_LOG | 1876026 | aRapBi1cCZPZAGLIDny3dk3hQ8vTmNTLHRl8zxmKgQ0= | 7988.33 | 6.01949 | 3335.35 | 0.0405572 | -0.999177 | 0 | SCARH_Black | 0 | 51.6354 | 2.06668 | 0 | 1 | 0 | 0 | 0 | 0 | 0 | 1 | camera | Bandana_Blue | 0.0405572 | 0 | -0.9
SCRIPT       : DATA_LOG | 1876050 | VEZjSxlcpgu1JLRUfHGLLLMsm0wqbyJ6fy2rl33V8jg= | 7988.21 | 6.02318 | 3334.04 | 0.288579 | 0.957456 | 0 | none | 1 | 54.1594 | 1.96638 | 0 | 1 | 0 | 0 | 0 | 0 | 0 | 1 | camera | target | 0.288579 | 0 | 0.957456 | 0.288579 
SCRIPT       : DATA_LOG | 1877034 | aRapBi1cCZPZAGLIDny3dk3hQ8vTmNTLHRl8zxmKgQ0= | 7988.33 | 6.01949 | 3335.35 | 0.0405572 | -0.999177 | 0 | SCARH_Black | 0 | 51.5336 | 2.07188 | 0 | 1 | 0 | 0 | 0 | 0 | 0 | 1 | camera | Bandana_Blue | 0.0405572 | 0 | -0.9
SCRIPT       : DATA_LOG | 1877060 | VEZjSxlcpgu1JLRUfHGLLLMsm0wqbyJ6fy2rl33V8jg= | 7988.21 | 6.02318 | 3334.04 | 0.288579 | 0.957456 | 0 | none | 1 | 54.0522 | 1.97014 | 0 | 1 | 0 | 0 | 0 | 0 | 0 | 1 | camera | target | 0.288579 | 0 | 0.957456 | 0.288579 
SCRIPT       : DATA_LOG | 1878032 | aRapBi1cCZPZAGLIDny3dk3hQ8vTmNTLHRl8zxmKgQ0= | 7988.33 | 6.01949 | 3335.35 | 0.0405572 | -0.999177 | 0 | SCARH_Black | 0 | 51.5902 | 2.06907 | 0 | 1 | 0 | 0 | 0 | 0 | 0 | 1 | camera | Bandana_Blue | 0.0405572 | 0 | -0.9
SCRIPT       : DATA_LOG | 1878060 | VEZjSxlcpgu1JLRUfHGLLLMsm0wqbyJ6fy2rl33V8jg= | 7988.21 | 6.02318 | 3334.04 | 0.288579 | 0.957456 | 0 | none | 1 | 54.0904 | 1.96789 | 0 | 1 | 0 | 0 | 0 | 0 | 0 | 1 | camera | target | 0.288579 | 0 | 0.957456 | 0.288579 
SCRIPT       : DATA_LOG | 1879033 | aRapBi1cCZPZAGLIDny3dk3hQ8vTmNTLHRl8zxmKgQ0= | 7988.33 | 6.01949 | 3335.35 | 0.0405572 | -0.999177 | 0 | SCARH_Black | 0 | 51.5462 | 2.06985 | 0 | 1 | 0 | 0 | 0 | 0 | 0 | 1 | camera | Bandana_Blue | 0.0405572 | 0 | -0.9
SCRIPT       : DATA_LOG | 1879054 | VEZjSxlcpgu1JLRUfHGLLLMsm0wqbyJ6fy2rl33V8jg= | 7988.21 | 6.02318 | 3334.04 | 0.288579 | 0.957456 | 0 | none | 1 | 54.1303 | 1.96716 | 0 | 1 | 0 | 0 | 0 | 0 | 0 | 1 | camera | target | 0.288579 | 0 | 0.957456 | 0.288579 
SCRIPT       : DATA_LOG | 1880028 | aRapBi1cCZPZAGLIDny3dk3hQ8vTmNTLHRl8zxmKgQ0= | 7988.33 | 6.01949 | 3335.35 | 0.0405572 | -0.999177 | 0 | SCARH_Black | 0 | 51.4492 | 2.07381 | 0 | 1 | 0 | 0 | 0 | 0 | 0 | 1 | camera | Bandana_Blue | 0.0405572 | 0 | -0.9
SCRIPT       : DATA_LOG | 1880056 | VEZjSxlcpgu1JLRUfHGLLLMsm0wqbyJ6fy2rl33V8jg= | 7988.21 | 6.02318 | 3334.04 | 0.288579 | 0.957456 | 0 | none | 1 | 54.0369 | 1.97038 | 0 | 1 | 0 | 0 | 0 | 0 | 0 | 1 | camera | target | 0.288579 | 0 | 0.957456 | 0.288579 
SCRIPT       : DATA_LOG | 1881030 | aRapBi1cCZPZAGLIDny3dk3hQ8vTmNTLHRl8zxmKgQ0= | 7988.33 | 6.01949 | 3335.35 | 0.0405572 | -0.999177 | 0 | SCARH_Black | 0 | 51.6703 | 2.06592 | 0 | 1 | 0 | 0 | 0 | 0 | 0 | 1 | camera | Bandana_Blue | 0.0405572 | 0 | -0.9
SCRIPT       : DATA_LOG | 1881052 | VEZjSxlcpgu1JLRUfHGLLLMsm0wqbyJ6fy2rl33V8jg= | 7988.21 | 6.02318 | 3334.04 | 0.288579 | 0.957456 | 0 | none | 1 | 54.1087 | 1.96741 | 0 | 1 | 0 | 0 | 0 | 0 | 0 | 1 | camera | target | 0.288579 | 0 | 0.957456 | 0.288579 
SCRIPT       : DATA_LOG | 1882037 | aRapBi1cCZPZAGLIDny3dk3hQ8vTmNTLHRl8zxmKgQ0= | 7988.33 | 6.01949 | 3335.35 | 0.868308 | -0.496025 | 0 | SCARH_Black | 0 | 74.5298 | 2.07832 | 0 | 1 | 0 | 0 | 0 | 0 | 0 | 1 | camera | Bandana_Blue | 0.868308 | 0 | -0.496
SCRIPT       : DATA_LOG | 1882074 | VEZjSxlcpgu1JLRUfHGLLLMsm0wqbyJ6fy2rl33V8jg= | 7988.21 | 6.02318 | 3334.04 | 0.288579 | 0.957456 | 0 | none | 1 | 51.7447 | 2.05911 | 0 | 1 | 0 | 0 | 0 | 0 | 0 | 1 | camera | target | 0.288579 | 0 | 0.957456 | 0.288579 
SCRIPT       : DATA_LOG | 1883056 | aRapBi1cCZPZAGLIDny3dk3hQ8vTmNTLHRl8zxmKgQ0= | 7988.33 | 6.01949 | 3335.35 | 0.868401 | -0.495863 | 1 | SCARH_Black | 0 | 74.4006 | 2.06794 | 0 | 1 | 0 | 0 | 0 | 0 | 0 | 1 | camera | Bandana_Blue | 0.868401 | 0 | -0.495
SCRIPT       : DATA_LOG | 1883081 | VEZjSxlcpgu1JLRUfHGLLLMsm0wqbyJ6fy2rl33V8jg= | 7988.21 | 6.02318 | 3334.04 | 0.288579 | 0.957456 | 0 | none | 1 | 52.5518 | 1.9724 | 0 | 1 | 0 | 0 | 0 | 0 | 0 | 1 | camera | target | 0.288579 | 0 | 0.957456 | 0.288579 |
SCRIPT       : DATA_LOG | 1884052 | aRapBi1cCZPZAGLIDny3dk3hQ8vTmNTLHRl8zxmKgQ0= | 7988.33 | 6.01949 | 3335.35 | 0.583131 | -0.812378 | 0 | SCARH_Black | 0 | 61.3566 | 2.07147 | 0 | 1 | 0 | 0 | 0 | 0 | 0 | 1 | camera | Bandana_Blue | 0.583131 | 0 | -0.812
SCRIPT       : DATA_LOG | 1884084 | VEZjSxlcpgu1JLRUfHGLLLMsm0wqbyJ6fy2rl33V8jg= | 7988.21 | 6.02318 | 3334.04 | 0.288579 | 0.957456 | 0 | none | 1 | 53.496 | 2.01966 | 0 | 1 | 0 | 0 | 0 | 0 | 0 | 1 | camera | target | 0.288579 | 0 | 0.957456 | 0.288579 |
SCRIPT       : DATA_LOG | 1885077 | aRapBi1cCZPZAGLIDny3dk3hQ8vTmNTLHRl8zxmKgQ0= | 7988.33 | 6.01949 | 3335.35 | -0.135966 | -0.990713 | 0 | SCARH_Black | 0 | 51.3845 | 2.06936 | 0 | 1 | 0 | 0 | 0 | 0 | 0 | 1 | camera | Bandana_Blue | -0.135966 | 0 | -0.9
SCRIPT       : DATA_LOG | 1885107 | VEZjSxlcpgu1JLRUfHGLLLMsm0wqbyJ6fy2rl33V8jg= | 7988.21 | 6.02318 | 3334.04 | 0.288579 | 0.957456 | 0 | none | 1 | 52.8849 | 2.03992 | 0 | 1 | 0 | 0 | 0 | 0 | 0 | 1 | camera | target | 0.288579 | 0 | 0.957456 | 0.288579 
SCRIPT       : DATA_LOG | 1886072 | aRapBi1cCZPZAGLIDny3dk3hQ8vTmNTLHRl8zxmKgQ0= | 7988.33 | 6.01949 | 3335.35 | 0.539433 | -0.842028 | 0 | SCARH_Black | 0 | 59.8932 | 2.06937 | 0 | 1 | 0 | 0 | 0 | 0 | 0 | 1 | camera | Bandana_Blue | 0.539433 | 0 | -0.842
SCRIPT       : DATA_LOG | 1886103 | VEZjSxlcpgu1JLRUfHGLLLMsm0wqbyJ6fy2rl33V8jg= | 7988.21 | 6.02318 | 3334.04 | 0.288579 | 0.957456 | 0 | none | 1 | 52.4265 | 2.04101 | 0 | 1 | 0 | 0 | 0 | 0 | 0 | 1 | camera | target | 0.288579 | 0 | 0.957456 | 0.288579 
SCRIPT       : DATA_LOG | 1887070 | aRapBi1cCZPZAGLIDny3dk3hQ8vTmNTLHRl8zxmKgQ0= | 7988.97 | 6.0172 | 3335.94 | 0.682678 | -0.730719 | 0 | SCARH_Black | 1 | 70.2835 | 2.58966 | 0 | 1 | 0 | 0 | 0 | 0 | 0 | 1 | camera | target | 0.682678 | 0 | -0.730719 | 0
SCRIPT       : DATA_LOG | 1887095 | VEZjSxlcpgu1JLRUfHGLLLMsm0wqbyJ6fy2rl33V8jg= | 7988.21 | 6.02318 | 3334.04 | 0.288579 | 0.957456 | 0 | none | 1 | 39.0727 | 2.5641 | 0 | 1 | 0 | 0 | 0 | 0 | 0 | 1 | camera | target | 0.288579 | 0 | 0.957456 | 0.288579 |
SCRIPT       : DATA_LOG | 1888083 | aRapBi1cCZPZAGLIDny3dk3hQ8vTmNTLHRl8zxmKgQ0= | 7988.97 | 6.0172 | 3335.94 | 0.864406 | -0.502795 | 0 | SCARH_Black | 1 | 83.1682 | 2.57769 | 0 | 1 | 0 | 0 | 0 | 0 | 0 | 1 | camera | target | 0.864406 | 0 | -0.502795 | 0
SCRIPT       : DATA_LOG | 1888117 | VEZjSxlcpgu1JLRUfHGLLLMsm0wqbyJ6fy2rl33V8jg= | 7988.21 | 6.02318 | 3334.04 | 0.288579 | 0.957456 | 0 | none | 1 | 38.5987 | 2.60046 | 0 | 1 | 0 | 0 | 0 | 0 | 0 | 1 | camera | target | 0.288579 | 0 | 0.957456 | 0.288579 
SCRIPT       : DATA_LOG | 1889074 | aRapBi1cCZPZAGLIDny3dk3hQ8vTmNTLHRl8zxmKgQ0= | 7988.97 | 6.0172 | 3335.94 | 0.985393 | 0.170293 | 1 | SCARH_Black | 1 | 114.008 | 2.59567 | 0 | 1 | 0 | 0 | 0 | 0 | 0 | 1 | camera | target | 0.985393 | 0 | 0.170293 | 0.9
SCRIPT       : DATA_LOG | 1889100 | VEZjSxlcpgu1JLRUfHGLLLMsm0wqbyJ6fy2rl33V8jg= | 7988.21 | 6.02318 | 3334.04 | 0.288579 | 0.957456 | 0 | none | 1 | 38.6452 | 2.58425 | 0 | 1 | 0 | 0 | 0 | 0 | 0 | 1 | camera | target | 0.288579 | 0 | 0.957456 | 0.288579 
SCRIPT       : DATA_LOG | 1890073 | aRapBi1cCZPZAGLIDny3dk3hQ8vTmNTLHRl8zxmKgQ0= | 7988.97 | 6.0172 | 3335.94 | 0.985393 | 0.170293 | 1 | SCARH_Black | 1 | 113.868 | 2.58388 | 0 | 1 | 0 | 0 | 0 | 0 | 1 | 1 | camera | target | 0.985393 | 0 | 0.170293 | 0.9
SCRIPT       : DATA_LOG | 1890098 | VEZjSxlcpgu1JLRUfHGLLLMsm0wqbyJ6fy2rl33V8jg= | 7988.21 | 6.02318 | 3334.04 | 0.288579 | 0.957456 | 0 | none | 1 | 38.6576 | 2.50951 | 0 | 1 | 0 | 0 | 0 | 0 | 0 | 1 | camera | target | 0.288579 | 0 | 0.957456 | 0.288579 
SCRIPT       : DATA_LOG | 1891208 | aRapBi1cCZPZAGLIDny3dk3hQ8vTmNTLHRl8zxmKgQ0= | 7988.97 | 6.0172 | 3335.94 | 0.985393 | 0.170293 | 1 | SCARH_Black | 1 | 113.9 | 2.58645 | 0 | 1 | 0 | 0 | 0 | 0 | 1 | 1 | camera | target | 0.985393 | 0 | 0.170293 | 0.985
SCRIPT       : DATA_LOG | 1891238 | VEZjSxlcpgu1JLRUfHGLLLMsm0wqbyJ6fy2rl33V8jg= | 7988.21 | 6.02318 | 3334.04 | 0.288579 | 0.957456 | 0 | none | 1 | 38.7072 | 2.50771 | 0 | 1 | 0 | 0 | 0 | 0 | 0 | 1 | camera | target | 0.288579 | 0 | 0.957456 | 0.288579 
SCRIPT       : DATA_LOG | 1892216 | aRapBi1cCZPZAGLIDny3dk3hQ8vTmNTLHRl8zxmKgQ0= | 7988.95 | 6.01725 | 3335.93 | 0.967143 | 0.254234 | 1 | SCARH_Black | 1 | 116.892 | 2.57169 | 0 | 1 | 0 | 0 | 0 | 0 | 1 | 1 | camera | target | 0.967143 | 0 | 0.254234 | 0.
SCRIPT       : DATA_LOG | 1892245 | VEZjSxlcpgu1JLRUfHGLLLMsm0wqbyJ6fy2rl33V8jg= | 7988.21 | 6.02318 | 3334.04 | 0.288579 | 0.957456 | 0 | none | 1 | 37.9172 | 2.5627 | 0 | 1 | 0 | 0 | 0 | 0 | 0 | 1 | camera | target | 0.288579 | 0 | 0.957456 | 0.288579 |
SCRIPT       : DATA_LOG | 1893208 | aRapBi1cCZPZAGLIDny3dk3hQ8vTmNTLHRl8zxmKgQ0= | 7987.31 | 6.01548 | 3337.32 | 0.854271 | -0.519828 | 0 | SCARH_Black | 1 | 48.4901 | 3.75487 | 0 | 1 | 0 | 0 | 0 | 0 | 0 | 1 | camera | target | 0.854271 | 0 | -0.519828 | 
SCRIPT       : DATA_LOG | 1893234 | VEZjSxlcpgu1JLRUfHGLLLMsm0wqbyJ6fy2rl33V8jg= | 7988.21 | 6.02318 | 3334.04 | 0.288579 | 0.957456 | 0 | none | 1 | 38.6769 | 3.61949 | 0 | 1 | 0 | 0 | 0 | 0 | 0 | 1 | camera | target | 0.288579 | 0 | 0.957456 | 0.288579 
SCRIPT       : DATA_LOG | 1894214 | aRapBi1cCZPZAGLIDny3dk3hQ8vTmNTLHRl8zxmKgQ0= | 7987.05 | 6.00547 | 3337.87 | 0.905204 | -0.424977 | 0 | SCARH_Black | 1 | 51.3966 | 4.31911 | 0 | 1 | 0 | 0 | 0 | 0 | 0 | 1 | camera | target | 0.905204 | 0 | -0.424977 | 
SCRIPT       : DATA_LOG | 1894241 | VEZjSxlcpgu1JLRUfHGLLLMsm0wqbyJ6fy2rl33V8jg= | 7988.21 | 6.02318 | 3334.04 | 0.288579 | 0.957456 | 0 | none | 1 | 38.6201 | 4.2358 | 0 | 1 | 0 | 0 | 0 | 0 | 0 | 1 | camera | target | 0.288579 | 0 | 0.957456 | 0.288579 |
SCRIPT       : DATA_LOG | 1895214 | aRapBi1cCZPZAGLIDny3dk3hQ8vTmNTLHRl8zxmKgQ0= | 7986.69 | 6.00134 | 3338.04 | 0.990298 | 0.138962 | 0 | SCARH_Black | 1 | 77.6305 | 4.56187 | 0 | 1 | 0 | 0 | 0 | 0 | 0 | 1 | camera | target | 0.990298 | 0 | 0.138962 | 0.
SCRIPT       : DATA_LOG | 1895239 | VEZjSxlcpgu1JLRUfHGLLLMsm0wqbyJ6fy2rl33V8jg= | 7988.21 | 6.02318 | 3334.04 | 0.288579 | 0.957456 | 0 | none | 1 | 41.2896 | 4.56674 | 0 | 1 | 0 | 0 | 0 | 0 | 0 | 1 | camera | target | 0.288579 | 0 | 0.957456 | 0.288579 
SCRIPT       : DATA_LOG | 1896211 | aRapBi1cCZPZAGLIDny3dk3hQ8vTmNTLHRl8zxmKgQ0= | 7986.69 | 6.00134 | 3338.04 | 0.890746 | 0.454502 | 0 | SVD_Wooden | 1 | 95.6265 | 4.57349 | 0 | 1 | 0 | 0 | 0 | 0 | 0 | 1 | camera | target | 0.890746 | 0 | 0.454502 | 0.8
SCRIPT       : DATA_LOG | 1896237 | VEZjSxlcpgu1JLRUfHGLLLMsm0wqbyJ6fy2rl33V8jg= | 7988.21 | 6.02318 | 3334.04 | 0.288579 | 0.957456 | 0 | none | 1 | 41.0628 | 4.54393 | 0 | 1 | 0 | 0 | 0 | 0 | 0 | 1 | camera | target | 0.288579 | 0 | 0.957456 | 0.288579 
SCRIPT       : DATA_LOG | 1897214 | aRapBi1cCZPZAGLIDny3dk3hQ8vTmNTLHRl8zxmKgQ0= | 7986.69 | 6.00134 | 3338.04 | 0.890746 | 0.454502 | 1 | SVD_Wooden | 1 | 94.477 | 4.4986 | 0 | 1 | 0 | 0 | 0 | 0 | 1 | 1 | camera | target | 0.890746 | 0 | 0.454502 | 0.890
SCRIPT       : DATA_LOG | 1897238 | VEZjSxlcpgu1JLRUfHGLLLMsm0wqbyJ6fy2rl33V8jg= | 7988.21 | 6.02318 | 3334.04 | 0.288579 | 0.957456 | 0 | none | 1 | 41.157 | 4.42519 | 0 | 1 | 0 | 0 | 0 | 0 | 0 | 1 | camera | target | 0.288579 | 0 | 0.957456 | 0.288579 |
SCRIPT       : DATA_LOG | 1898211 | aRapBi1cCZPZAGLIDny3dk3hQ8vTmNTLHRl8zxmKgQ0= | 7986.69 | 6.00134 | 3338.04 | 0.890746 | 0.454502 | 1 | SVD_Wooden | 1 | 93.8463 | 4.45446 | 0 | 1 | 0 | 0 | 0 | 0 | 1 | 1 | camera | none | 0.890746 | 0 | 0.454502 | 0.890
SCRIPT       : DATA_LOG | 1898236 | VEZjSxlcpgu1JLRUfHGLLLMsm0wqbyJ6fy2rl33V8jg= | 7988.21 | 6.02318 | 3334.04 | 0.288579 | 0.957456 | 0 | none | 1 | 41.2611 | 4.41189 | 0 | 1 | 0 | 0 | 0 | 0 | 0 | 1 | camera | target | 0.288579 | 0 | 0.957456 | 0.288579 
SCRIPT       : DATA_LOG | 1899215 | aRapBi1cCZPZAGLIDny3dk3hQ8vTmNTLHRl8zxmKgQ0= | 7986.69 | 6.00134 | 3338.04 | 0.890746 | 0.454502 | 1 | SVD_Wooden | 1 | 94.7381 | 4.52287 | 0 | 1 | 0 | 0 | 0 | 0 | 1 | 1 | camera | target | 0.890746 | 0 | 0.454502 | 0.8
SCRIPT       : DATA_LOG | 1899242 | VEZjSxlcpgu1JLRUfHGLLLMsm0wqbyJ6fy2rl33V8jg= | 7988.21 | 6.02318 | 3334.04 | 0.288579 | 0.957456 | 0 | none | 1 | 41.354 | 4.4115 | 0 | 1 | 0 | 0 | 0 | 0 | 0 | 1 | camera | target | 0.288579 | 0 | 0.957456 | 0.288579 | 
SCRIPT       : DATA_LOG | 1900217 | aRapBi1cCZPZAGLIDny3dk3hQ8vTmNTLHRl8zxmKgQ0= | 7986.69 | 6.00134 | 3338.04 | 0.890746 | 0.454502 | 0 | SVD_Wooden | 1 | 94.8675 | 4.53508 | 0 | 1 | 0 | 0 | 0 | 0 | 0 | 1 | camera | target | 0.890746 | 0 | 0.454502 | 0.8
SCRIPT       : DATA_LOG | 1900245 | VEZjSxlcpgu1JLRUfHGLLLMsm0wqbyJ6fy2rl33V8jg= | 7988.21 | 6.02318 | 3334.04 | 0.288579 | 0.957456 | 0 | none | 1 | 41.7453 | 4.51051 | 0 | 1 | 0 | 0 | 0 | 0 | 0 | 1 | camera | target | 0.288579 | 0 | 0.957456 | 0.288579 
SCRIPT       : DATA_LOG | 1901315 | aRapBi1cCZPZAGLIDny3dk3hQ8vTmNTLHRl8zxmKgQ0= | 7986.69 | 6.00134 | 3338.04 | 0.759945 | -0.649987 | 0 | SVD_Wooden | 1 | 34.6873 | 4.57255 | 0 | 1 | 0 | 0 | 0 | 0 | 0 | 1 | camera | target | 0.759945 | 0 | -0.649987 | 0
SCRIPT       : DATA_LOG | 1901342 | VEZjSxlcpgu1JLRUfHGLLLMsm0wqbyJ6fy2rl33V8jg= | 7988.21 | 6.02318 | 3334.04 | 0.288579 | 0.957456 | 0 | none | 1 | 42.6087 | 4.50391 | 0 | 1 | 0 | 0 | 0 | 0 | 0 | 1 | camera | target | 0.288579 | 0 | 0.957456 | 0.288579 
SCRIPT       : DATA_LOG | 1902317 | aRapBi1cCZPZAGLIDny3dk3hQ8vTmNTLHRl8zxmKgQ0= | 7988.35 | 6.01603 | 3336.69 | -0.0214605 | -0.99977 | 0 | SVD_Wooden | 1 | 31.6099 | 3.08637 | 0 | 1 | 0 | 0 | 0 | 0 | 0 | 1 | camera | target | -0.0214605 | 0 | -0.99977 |
SCRIPT       : DATA_LOG | 1902343 | VEZjSxlcpgu1JLRUfHGLLLMsm0wqbyJ6fy2rl33V8jg= | 7988.21 | 6.02318 | 3334.04 | 0.288579 | 0.957456 | 0 | none | 1 | 33.8086 | 2.99551 | 0 | 1 | 0 | 0 | 0 | 0 | 0 | 1 | camera | target | 0.288579 | 0 | 0.957456 | 0.288579 
SCRIPT       : DATA_LOG | 1903314 | aRapBi1cCZPZAGLIDny3dk3hQ8vTmNTLHRl8zxmKgQ0= | 7988.38 | 6.01981 | 3335.25 | 0.0335291 | -0.999438 | 0 | SVD_Wooden | 0 | 53.6674 | 2.02101 | 0 | 1 | 0 | 0 | 0 | 0 | 0 | 1 | camera | HunterPants_Spring | 0.0335291 | 0 |
SCRIPT       : DATA_LOG | 1903336 | VEZjSxlcpgu1JLRUfHGLLLMsm0wqbyJ6fy2rl33V8jg= | 7988.21 | 6.02318 | 3334.04 | 0.288579 | 0.957456 | 0 | none | 1 | 55.1945 | 1.91389 | 0 | 1 | 0 | 0 | 0 | 0 | 0 | 1 | camera | target | 0.288579 | 0 | 0.957456 | 0.288579 
SCRIPT       : DATA_LOG | 1904314 | aRapBi1cCZPZAGLIDny3dk3hQ8vTmNTLHRl8zxmKgQ0= | 7988.39 | 6.01995 | 3335.2 | 0.0335291 | -0.999438 | 0 | SVD_Wooden | 0 | 55.1211 | 1.98157 | 0 | 1 | 0 | 0 | 0 | 0 | 0 | 1 | camera | HunterPants_Spring | 0.0335291 | 0 | 
SCRIPT       : DATA_LOG | 1904337 | VEZjSxlcpgu1JLRUfHGLLLMsm0wqbyJ6fy2rl33V8jg= | 7988.21 | 6.02318 | 3334.04 | 0.288579 | 0.957456 | 0 | none | 1 | 57.4751 | 1.8656 | 0 | 1 | 0 | 0 | 0 | 0 | 0 | 1 | camera | target | 0.288579 | 0 | 0.957456 | 0.288579 |
SCRIPT       : DATA_LOG | 1905325 | aRapBi1cCZPZAGLIDny3dk3hQ8vTmNTLHRl8zxmKgQ0= | 7988.39 | 6.01995 | 3335.2 | 0.0335291 | -0.999438 | 0 | SVD_Wooden | 0 | 55.1295 | 1.9808 | 0 | 1 | 0 | 0 | 0 | 0 | 0 | 1 | camera | HunterPants_Spring | 0.0335291 | 0 | -
SCRIPT       : DATA_LOG | 1905347 | VEZjSxlcpgu1JLRUfHGLLLMsm0wqbyJ6fy2rl33V8jg= | 7988.21 | 6.02318 | 3334.04 | 0.288579 | 0.957456 | 0 | none | 1 | 57.4498 | 1.86692 | 0 | 1 | 0 | 0 | 0 | 0 | 0 | 1 | camera | target | 0.288579 | 0 | 0.957456 | 0.288579 
SCRIPT       : DATA_LOG | 1906321 | aRapBi1cCZPZAGLIDny3dk3hQ8vTmNTLHRl8zxmKgQ0= | 7988.39 | 6.01995 | 3335.2 | 0.0335291 | -0.999438 | 0 | SVD_Wooden | 0 | 55.1139 | 1.98139 | 0 | 1 | 0 | 0 | 0 | 0 | 0 | 1 | camera | HunterPants_Spring | 0.0335291 | 0 | 
SCRIPT       : DATA_LOG | 1906340 | VEZjSxlcpgu1JLRUfHGLLLMsm0wqbyJ6fy2rl33V8jg= | 7988.21 | 6.02318 | 3334.04 | 0.288579 | 0.957456 | 0 | none | 1 | 57.3851 | 1.86882 | 0 | 1 | 0 | 0 | 0 | 0 | 0 | 1 | camera | target | 0.288579 | 0 | 0.957456 | 0.288579 
SCRIPT       : DATA_LOG | 1907325 | aRapBi1cCZPZAGLIDny3dk3hQ8vTmNTLHRl8zxmKgQ0= | 7988.39 | 6.01995 | 3335.2 | 0.0335291 | -0.999438 | 0 | SVD_Wooden | 0 | 55.1593 | 1.9792 | 0 | 1 | 0 | 0 | 0 | 0 | 0 | 1 | camera | HunterPants_Spring | 0.0335291 | 0 | -
SCRIPT       : DATA_LOG | 1907351 | VEZjSxlcpgu1JLRUfHGLLLMsm0wqbyJ6fy2rl33V8jg= | 7988.21 | 6.02318 | 3334.04 | 0.288579 | 0.957456 | 0 | none | 1 | 57.447 | 1.87467 | 0 | 1 | 0 | 0 | 0 | 0 | 0 | 1 | camera | target | 0.288579 | 0 | 0.957456 | 0.288579 |
SCRIPT       : DATA_LOG | 1908327 | aRapBi1cCZPZAGLIDny3dk3hQ8vTmNTLHRl8zxmKgQ0= | 7988.39 | 6.01995 | 3335.2 | 0.0335291 | -0.999438 | 0 | none | 0 | 54.9983 | 1.98456 | 0 | 1 | 0 | 0 | 0 | 0 | 0 | 1 | camera | HunterPants_Spring | 0.0335291 | 0 | -0.999
SCRIPT       : DATA_LOG | 1908350 | VEZjSxlcpgu1JLRUfHGLLLMsm0wqbyJ6fy2rl33V8jg= | 7988.21 | 6.02318 | 3334.04 | 0.288579 | 0.957456 | 0 | none | 1 | 57.9847 | 1.82727 | 0 | 1 | 0 | 0 | 0 | 0 | 0 | 1 | camera | target | 0.288579 | 0 | 0.957456 | 0.288579 
SCRIPT       : DATA_LOG | 1909322 | aRapBi1cCZPZAGLIDny3dk3hQ8vTmNTLHRl8zxmKgQ0= | 7988.39 | 6.01995 | 3335.2 | 0.0335291 | -0.999438 | 0 | none | 0 | 55.2463 | 1.97574 | 0 | 1 | 0 | 0 | 0 | 0 | 0 | 1 | camera | HunterPants_Spring | 0.0335291 | 0 | -0.999
SCRIPT       : DATA_LOG | 1909343 | VEZjSxlcpgu1JLRUfHGLLLMsm0wqbyJ6fy2rl33V8jg= | 7988.21 | 6.02318 | 3334.04 | 0.288579 | 0.957456 | 0 | none | 1 | 58.177 | 1.81346 | 0 | 1 | 0 | 0 | 0 | 0 | 0 | 1 | camera | target | 0.288579 | 0 | 0.957456 | 0.288579 |
SCRIPT       : DATA_LOG | 1910324 | aRapBi1cCZPZAGLIDny3dk3hQ8vTmNTLHRl8zxmKgQ0= | 7988.39 | 6.01995 | 3335.2 | 0.0335291 | -0.999438 | 0 | Aug | 0 | 55.0231 | 1.98618 | 0 | 1 | 0 | 0 | 0 | 0 | 0 | 1 | camera | HunterPants_Spring | 0.0335291 | 0 | -0.9994
SCRIPT       : DATA_LOG | 1910346 | VEZjSxlcpgu1JLRUfHGLLLMsm0wqbyJ6fy2rl33V8jg= | 7988.21 | 6.02318 | 3334.04 | 0.288579 | 0.957456 | 0 | none | 1 | 57.5136 | 1.86496 | 0 | 1 | 0 | 0 | 0 | 0 | 0 | 1 | camera | target | 0.288579 | 0 | 0.957456 | 0.288579 
SCRIPT       : DATA_LOG | 1911325 | aRapBi1cCZPZAGLIDny3dk3hQ8vTmNTLHRl8zxmKgQ0= | 7988.39 | 6.01995 | 3335.2 | 0.0335291 | -0.999438 | 0 | Aug | 0 | 55.0616 | 1.98402 | 0 | 1 | 0 | 0 | 0 | 0 | 0 | 1 | camera | HunterPants_Spring | 0.0335291 | 0 | -0.9994
SCRIPT       : DATA_LOG | 1911348 | VEZjSxlcpgu1JLRUfHGLLLMsm0wqbyJ6fy2rl33V8jg= | 7988.21 | 6.02318 | 3334.04 | 0.288579 | 0.957456 | 0 | none | 1 | 57.4072 | 1.86796 | 0 | 1 | 0 | 0 | 0 | 0 | 0 | 1 | camera | target | 0.288579 | 0 | 0.957456 | 0.288579 
SCRIPT       : DATA_LOG | 1912334 | aRapBi1cCZPZAGLIDny3dk3hQ8vTmNTLHRl8zxmKgQ0= | 7988.39 | 6.01995 | 3335.2 | 0.0335291 | -0.999438 | 0 | Aug | 0 | 55.1633 | 1.97918 | 0 | 1 | 0 | 0 | 0 | 0 | 0 | 1 | camera | HunterPants_Spring | 0.0335291 | 0 | -0.9994
SCRIPT       : DATA_LOG | 1912359 | VEZjSxlcpgu1JLRUfHGLLLMsm0wqbyJ6fy2rl33V8jg= | 7988.21 | 6.02318 | 3334.04 | 0.288579 | 0.957456 | 0 | none | 1 | 54.091 | 1.98256 | 0 | 1 | 0 | 0 | 0 | 0 | 0 | 1 | camera | target | 0.288579 | 0 | 0.957456 | 0.288579 |
SCRIPT       : DATA_LOG | 1913326 | aRapBi1cCZPZAGLIDny3dk3hQ8vTmNTLHRl8zxmKgQ0= | 7988.39 | 6.01995 | 3335.2 | 0.0335291 | -0.999438 | 0 | Aug | 0 | 55.1192 | 1.98151 | 0 | 1 | 0 | 0 | 0 | 0 | 0 | 1 | camera | HunterPants_Spring | 0.0335291 | 0 | -0.9994
SCRIPT       : DATA_LOG | 1913348 | VEZjSxlcpgu1JLRUfHGLLLMsm0wqbyJ6fy2rl33V8jg= | 7988.21 | 6.02318 | 3334.04 | 0.288579 | 0.957456 | 0 | none | 1 | 53.8782 | 1.99153 | 0 | 1 | 0 | 0 | 0 | 0 | 0 | 1 | camera | target | 0.288579 | 0 | 0.957456 | 0.288579 
SCRIPT       : DATA_LOG | 1914333 | aRapBi1cCZPZAGLIDny3dk3hQ8vTmNTLHRl8zxmKgQ0= | 7988.39 | 6.01995 | 3335.2 | 0.651026 | -0.759056 | 0 | Aug | 0 | 67.1887 | 1.9788 | 0 | 1 | 0 | 0 | 0 | 0 | 0 | 1 | camera | HunterPants_Spring | 0.651026 | 0 | -0.759056 
SCRIPT       : DATA_LOG | 1914359 | VEZjSxlcpgu1JLRUfHGLLLMsm0wqbyJ6fy2rl33V8jg= | 7988.21 | 6.02318 | 3334.04 | 0.288579 | 0.957456 | 0 | none | 1 | 53.4712 | 2.01412 | 0 | 1 | 0 | 0 | 0 | 0 | 0 | 1 | camera | target | 0.288579 | 0 | 0.957456 | 0.288579 
SCRIPT       : DATA_LOG | 1915343 | aRapBi1cCZPZAGLIDny3dk3hQ8vTmNTLHRl8zxmKgQ0= | 7988.39 | 6.01995 | 3335.2 | 0.651026 | -0.759056 | 0 | Aug | 0 | 67.1736 | 1.98309 | 0 | 1 | 0 | 0 | 0 | 0 | 0 | 1 | camera | HunterPants_Spring | 0.651026 | 0 | -0.759056
SCRIPT       : DATA_LOG | 1915374 | VEZjSxlcpgu1JLRUfHGLLLMsm0wqbyJ6fy2rl33V8jg= | 7988.21 | 6.02318 | 3334.04 | 0.288579 | 0.957456 | 0 | none | 1 | 54.8201 | 1.97502 | 0 | 1 | 0 | 0 | 0 | 0 | 0 | 1 | camera | target | 0.288579 | 0 | 0.957456 | 0.288579 
SCRIPT       : DATA_LOG | 1916328 | aRapBi1cCZPZAGLIDny3dk3hQ8vTmNTLHRl8zxmKgQ0= | 7988.39 | 6.01995 | 3335.2 | 0.651026 | -0.759056 | 1 | Aug | 0 | 67.2407 | 1.97678 | 0 | 1 | 0 | 0 | 0 | 0 | 1 | 1 | camera | HunterPants_Spring | 0.651026 | 0 | -0.759056
SCRIPT       : DATA_LOG | 1916346 | VEZjSxlcpgu1JLRUfHGLLLMsm0wqbyJ6fy2rl33V8jg= | 7988.21 | 6.02318 | 3334.04 | 0.288579 | 0.957456 | 0 | none | 1 | 56.6426 | 1.85763 | 0 | 1 | 0 | 0 | 0 | 0 | 0 | 1 | camera | target | 0.288579 | 0 | 0.957456 | 0.288579 
SCRIPT       : DATA_LOG | 1917328 | aRapBi1cCZPZAGLIDny3dk3hQ8vTmNTLHRl8zxmKgQ0= | 7988.39 | 6.01995 | 3335.2 | 0.651026 | -0.759056 | 1 | Aug | 0 | 67.3412 | 1.98336 | 0 | 1 | 0 | 0 | 0 | 0 | 1 | 1 | camera | HunterPants_Spring | 0.651026 | 0 | -0.759056
SCRIPT       : DATA_LOG | 1917348 | VEZjSxlcpgu1JLRUfHGLLLMsm0wqbyJ6fy2rl33V8jg= | 7988.21 | 6.02318 | 3334.04 | 0.288579 | 0.957456 | 0 | none | 1 | 56.7871 | 1.85296 | 0 | 1 | 0 | 0 | 0 | 0 | 0 | 1 | camera | target | 0.288579 | 0 | 0.957456 | 0.288579 
SCRIPT       : DATA_LOG | 1918334 | aRapBi1cCZPZAGLIDny3dk3hQ8vTmNTLHRl8zxmKgQ0= | 7988.42 | 6.01977 | 3335.25 | 0.731491 | -0.681851 | 0 | Aug | 0 | 70.6056 | 2.01799 | 0 | 1 | 0 | 0 | 0 | 0 | 0 | 1 | camera | DownJacket_Blue | 0.731491 | 0 | -0.681851 |
SCRIPT       : DATA_LOG | 1918363 | VEZjSxlcpgu1JLRUfHGLLLMsm0wqbyJ6fy2rl33V8jg= | 7988.21 | 6.02318 | 3334.04 | 0.288579 | 0.957456 | 0 | none | 1 | 54.0851 | 1.94206 | 0 | 1 | 0 | 0 | 0 | 0 | 0 | 1 | camera | target | 0.288579 | 0 | 0.957456 | 0.288579 
SCRIPT       : DATA_LOG | 1919336 | aRapBi1cCZPZAGLIDny3dk3hQ8vTmNTLHRl8zxmKgQ0= | 7988.55 | 6.01893 | 3335.5 | -0.351892 | -0.936041 | 0 | Aug | 1 | 48.2578 | 2.18114 | 0 | 1 | 0 | 0 | 0 | 0 | 0 | 1 | camera | target | -0.351892 | 0 | -0.936041 | -0.3518
SCRIPT       : DATA_LOG | 1919357 | VEZjSxlcpgu1JLRUfHGLLLMsm0wqbyJ6fy2rl33V8jg= | 7988.21 | 6.02318 | 3334.04 | 0.288579 | 0.957456 | 0 | none | 1 | 49.0085 | 2.07412 | 0 | 1 | 0 | 0 | 0 | 0 | 0 | 1 | camera | target | 0.288579 | 0 | 0.957456 | 0.288579 
SCRIPT       : DATA_LOG | 1920335 | aRapBi1cCZPZAGLIDny3dk3hQ8vTmNTLHRl8zxmKgQ0= | 7988.4 | 6.02001 | 3335.17 | -0.351892 | -0.93604 | 0 | Aug | 0 | 56.0414 | 1.96715 | 0 | 1 | 0 | 0 | 0 | 0 | 0 | 1 | camera | HunterPants_Spring | -0.351892 | 0 | -0.93604
SCRIPT       : DATA_LOG | 1920358 | VEZjSxlcpgu1JLRUfHGLLLMsm0wqbyJ6fy2rl33V8jg= | 7988.21 | 6.02318 | 3334.04 | 0.288579 | 0.957456 | 0 | none | 1 | 57.5363 | 1.88609 | 0 | 1 | 0 | 0 | 0 | 0 | 0 | 1 | camera | target | 0.288579 | 0 | 0.957456 | 0.288579 
SCRIPT       : DATA_LOG | 1921343 | aRapBi1cCZPZAGLIDny3dk3hQ8vTmNTLHRl8zxmKgQ0= | 7988.4 | 6.02001 | 3335.17 | -0.351892 | -0.93604 | 0 | none | 0 | 56.2175 | 1.96384 | 0 | 1 | 0 | 0 | 0 | 0 | 0 | 1 | camera | HunterPants_Spring | -0.351892 | 0 | -0.9360
SCRIPT       : DATA_LOG | 1921370 | VEZjSxlcpgu1JLRUfHGLLLMsm0wqbyJ6fy2rl33V8jg= | 7988.21 | 6.02318 | 3334.04 | 0.288579 | 0.957456 | 0 | none | 1 | 58.4862 | 1.8385 | 0 | 1 | 0 | 0 | 0 | 0 | 0 | 1 | camera | target | 0.288579 | 0 | 0.957456 | 0.288579 |
SCRIPT       : DATA_LOG | 1922340 | aRapBi1cCZPZAGLIDny3dk3hQ8vTmNTLHRl8zxmKgQ0= | 7988.4 | 6.02001 | 3335.17 | -0.351892 | -0.93604 | 0 | none | 0 | 56.0623 | 1.96728 | 0 | 1 | 0 | 0 | 0 | 0 | 0 | 1 | camera | HunterPants_Spring | -0.351892 | 0 | -0.9360
SCRIPT       : DATA_LOG | 1922366 | VEZjSxlcpgu1JLRUfHGLLLMsm0wqbyJ6fy2rl33V8jg= | 7988.21 | 6.02318 | 3334.04 | 0.288579 | 0.957456 | 0 | none | 1 | 58.2832 | 1.85091 | 0 | 1 | 0 | 0 | 0 | 0 | 0 | 1 | camera | target | 0.288579 | 0 | 0.957456 | 0.288579 
SCRIPT       : DATA_LOG | 1923341 | aRapBi1cCZPZAGLIDny3dk3hQ8vTmNTLHRl8zxmKgQ0= | 7988.4 | 6.02001 | 3335.17 | -0.351892 | -0.93604 | 0 | none | 0 | 56.1391 | 1.96445 | 0 | 1 | 0 | 0 | 0 | 0 | 0 | 1 | camera | HunterPants_Spring | -0.351892 | 0 | -0.9360
SCRIPT       : DATA_LOG | 1923360 | VEZjSxlcpgu1JLRUfHGLLLMsm0wqbyJ6fy2rl33V8jg= | 7988.21 | 6.02318 | 3334.04 | 0.288579 | 0.957456 | 0 | none | 1 | 58.2557 | 1.85152 | 0 | 1 | 0 | 0 | 0 | 0 | 0 | 1 | camera | target | 0.288579 | 0 | 0.957456 | 0.288579 
SCRIPT       : DATA_LOG | 1924341 | aRapBi1cCZPZAGLIDny3dk3hQ8vTmNTLHRl8zxmKgQ0= | 7988.4 | 6.02001 | 3335.17 | -0.351892 | -0.93604 | 0 | none | 0 | 56.082 | 1.96636 | 0 | 1 | 0 | 0 | 0 | 0 | 0 | 1 | camera | HunterPants_Spring | -0.351892 | 0 | -0.93604
SCRIPT       : DATA_LOG | 1924361 | VEZjSxlcpgu1JLRUfHGLLLMsm0wqbyJ6fy2rl33V8jg= | 7988.21 | 6.02318 | 3334.04 | 0.288579 | 0.957456 | 0 | none | 1 | 58.4148 | 1.84299 | 0 | 1 | 0 | 0 | 0 | 0 | 0 | 1 | camera | target | 0.288579 | 0 | 0.957456 | 0.288579 
SCRIPT       : DATA_LOG | 1925340 | aRapBi1cCZPZAGLIDny3dk3hQ8vTmNTLHRl8zxmKgQ0= | 7988.4 | 6.02001 | 3335.17 | -0.351892 | -0.93604 | 0 | none | 0 | 55.8387 | 1.97297 | 0 | 1 | 0 | 0 | 0 | 0 | 0 | 1 | camera | HunterPants_Spring | -0.351892 | 0 | -0.9360
SCRIPT       : DATA_LOG | 1925363 | VEZjSxlcpgu1JLRUfHGLLLMsm0wqbyJ6fy2rl33V8jg= | 7988.21 | 6.02318 | 3334.04 | 0.288579 | 0.957456 | 0 | none | 1 | 58.3374 | 1.84751 | 0 | 1 | 0 | 0 | 0 | 0 | 0 | 1 | camera | target | 0.288579 | 0 | 0.957456 | 0.288579 
SCRIPT       : DATA_LOG | 1926342 | aRapBi1cCZPZAGLIDny3dk3hQ8vTmNTLHRl8zxmKgQ0= | 7988.4 | 6.02001 | 3335.17 | -0.351892 | -0.93604 | 0 | none | 0 | 56.204 | 1.96263 | 0 | 1 | 0 | 0 | 0 | 0 | 0 | 1 | camera | HunterPants_Spring | -0.351892 | 0 | -0.93604
SCRIPT       : DATA_LOG | 1926367 | VEZjSxlcpgu1JLRUfHGLLLMsm0wqbyJ6fy2rl33V8jg= | 7988.21 | 6.02318 | 3334.04 | 0.288579 | 0.957456 | 0 | none | 1 | 58.4881 | 1.84396 | 0 | 1 | 0 | 0 | 0 | 0 | 0 | 1 | camera | target | 0.288579 | 0 | 0.957456 | 0.288579 
SCRIPT       : DATA_LOG | 1927340 | aRapBi1cCZPZAGLIDny3dk3hQ8vTmNTLHRl8zxmKgQ0= | 7988.4 | 6.02001 | 3335.17 | -0.351892 | -0.93604 | 0 | none | 0 | 56.0121 | 1.96791 | 0 | 1 | 0 | 0 | 0 | 0 | 0 | 1 | camera | HunterPants_Spring | -0.351892 | 0 | -0.9360
SCRIPT       : DATA_LOG | 1927363 | VEZjSxlcpgu1JLRUfHGLLLMsm0wqbyJ6fy2rl33V8jg= | 7988.21 | 6.02318 | 3334.04 | 0.288579 | 0.957456 | 0 | none | 1 | 57.6329 | 1.88109 | 0 | 1 | 0 | 0 | 0 | 0 | 0 | 1 | camera | target | 0.288579 | 0 | 0.957456 | 0.288579 
SCRIPT       : DATA_LOG | 1928349 | aRapBi1cCZPZAGLIDny3dk3hQ8vTmNTLHRl8zxmKgQ0= | 7988.4 | 6.02001 | 3335.17 | -0.351892 | -0.93604 | 0 | none | 0 | 61.2701 | 1.73593 | 0 | 1 | 0 | 0 | 0 | 0 | 0 | 1 | camera | HunterPants_Spring | -0.351892 | 0 | -0.9360
SCRIPT       : DATA_LOG | 1928378 | VEZjSxlcpgu1JLRUfHGLLLMsm0wqbyJ6fy2rl33V8jg= | 7988.21 | 6.02318 | 3334.04 | 0.288579 | 0.957456 | 0 | none | 1 | 57.6981 | 1.87642 | 0 | 1 | 0 | 0 | 0 | 0 | 0 | 1 | camera | target | 0.288579 | 0 | 0.957456 | 0.288579 
SCRIPT       : DATA_LOG | 1929344 | aRapBi1cCZPZAGLIDny3dk3hQ8vTmNTLHRl8zxmKgQ0= | 7988.4 | 6.02001 | 3335.17 | -0.351892 | -0.93604 | 0 | none | 0 | 57.1984 | 1.93224 | 0 | 1 | 0 | 0 | 0 | 0 | 0 | 1 | camera | HunterPants_Spring | -0.351892 | 0 | -0.9360
SCRIPT       : DATA_LOG | 1929366 | VEZjSxlcpgu1JLRUfHGLLLMsm0wqbyJ6fy2rl33V8jg= | 7988.21 | 6.02318 | 3334.04 | 0.288579 | 0.957456 | 0 | none | 1 | 57.638 | 1.88084 | 0 | 1 | 0 | 0 | 0 | 0 | 0 | 1 | camera | target | 0.288579 | 0 | 0.957456 | 0.288579 |
SCRIPT       : DATA_LOG | 1930348 | aRapBi1cCZPZAGLIDny3dk3hQ8vTmNTLHRl8zxmKgQ0= | 7988.4 | 6.02001 | 3335.17 | -0.351892 | -0.93604 | 0 | none | 0 | 57.6744 | 1.91521 | 0 | 1 | 0 | 0 | 0 | 0 | 0 | 1 | camera | HunterPants_Spring | -0.351892 | 0 | -0.9360
SCRIPT       : DATA_LOG | 1930373 | VEZjSxlcpgu1JLRUfHGLLLMsm0wqbyJ6fy2rl33V8jg= | 7988.21 | 6.02318 | 3334.04 | 0.288579 | 0.957456 | 0 | none | 1 | 57.4465 | 1.88759 | 0 | 1 | 0 | 0 | 0 | 0 | 0 | 1 | camera | target | 0.288579 | 0 | 0.957456 | 0.288579 
SCRIPT       : DATA_LOG | 1931346 | aRapBi1cCZPZAGLIDny3dk3hQ8vTmNTLHRl8zxmKgQ0= | 7988.4 | 6.02001 | 3335.17 | -0.351892 | -0.93604 | 0 | none | 0 | 56.169 | 1.96403 | 0 | 1 | 0 | 0 | 0 | 0 | 0 | 1 | camera | HunterPants_Spring | -0.351892 | 0 | -0.93604
SCRIPT       : DATA_LOG | 1931367 | VEZjSxlcpgu1JLRUfHGLLLMsm0wqbyJ6fy2rl33V8jg= | 7988.21 | 6.02318 | 3334.04 | 0.288579 | 0.957456 | 0 | none | 1 | 57.7203 | 1.87609 | 0 | 1 | 0 | 0 | 0 | 0 | 0 | 1 | camera | target | 0.288579 | 0 | 0.957456 | 0.288579 
SCRIPT       : DATA_LOG | 1932348 | aRapBi1cCZPZAGLIDny3dk3hQ8vTmNTLHRl8zxmKgQ0= | 7988.4 | 6.02001 | 3335.17 | -0.351892 | -0.93604 | 0 | none | 0 | 55.8051 | 1.97391 | 0 | 1 | 0 | 0 | 0 | 0 | 0 | 1 | camera | HunterPants_Spring | -0.351892 | 0 | -0.9360
SCRIPT       : DATA_LOG | 1932369 | VEZjSxlcpgu1JLRUfHGLLLMsm0wqbyJ6fy2rl33V8jg= | 7988.21 | 6.02318 | 3334.04 | 0.288579 | 0.957456 | 0 | none | 1 | 57.5591 | 1.88252 | 0 | 1 | 0 | 0 | 0 | 0 | 0 | 1 | camera | target | 0.288579 | 0 | 0.957456 | 0.288579 
SCRIPT       : DATA_LOG | 1933348 | aRapBi1cCZPZAGLIDny3dk3hQ8vTmNTLHRl8zxmKgQ0= | 7988.4 | 6.02001 | 3335.17 | -0.351892 | -0.93604 | 0 | none | 0 | 56.1902 | 1.96306 | 0 | 1 | 0 | 0 | 0 | 0 | 0 | 1 | camera | HunterPants_Spring | -0.351892 | 0 | -0.9360
SCRIPT       : DATA_LOG | 1933367 | VEZjSxlcpgu1JLRUfHGLLLMsm0wqbyJ6fy2rl33V8jg= | 7988.21 | 6.02318 | 3334.04 | 0.288579 | 0.957456 | 0 | none | 1 | 57.7689 | 1.87817 | 0 | 1 | 0 | 0 | 0 | 0 | 0 | 1 | camera | target | 0.288579 | 0 | 0.957456 | 0.288579 
SCRIPT       : DATA_LOG | 1934349 | aRapBi1cCZPZAGLIDny3dk3hQ8vTmNTLHRl8zxmKgQ0= | 7988.4 | 6.02001 | 3335.17 | -0.351892 | -0.93604 | 0 | none | 0 | 56.0085 | 1.96813 | 0 | 1 | 0 | 0 | 0 | 0 | 0 | 1 | camera | HunterPants_Spring | -0.351892 | 0 | -0.9360
SCRIPT       : DATA_LOG | 1934370 | VEZjSxlcpgu1JLRUfHGLLLMsm0wqbyJ6fy2rl33V8jg= | 7988.21 | 6.02318 | 3334.04 | 0.288579 | 0.957456 | 0 | none | 1 | 57.6788 | 1.87961 | 0 | 1 | 0 | 0 | 0 | 0 | 0 | 1 | camera | target | 0.288579 | 0 | 0.957456 | 0.288579 
SCRIPT       : DATA_LOG | 1935351 | aRapBi1cCZPZAGLIDny3dk3hQ8vTmNTLHRl8zxmKgQ0= | 7988.4 | 6.02001 | 3335.17 | -0.351892 | -0.93604 | 0 | none | 0 | 56.1629 | 1.96525 | 0 | 1 | 0 | 0 | 0 | 0 | 0 | 1 | camera | HunterPants_Spring | -0.351892 | 0 | -0.9360
SCRIPT       : DATA_LOG | 1935374 | VEZjSxlcpgu1JLRUfHGLLLMsm0wqbyJ6fy2rl33V8jg= | 7988.21 | 6.02318 | 3334.04 | 0.288579 | 0.957456 | 0 | none | 1 | 57.6368 | 1.87998 | 0 | 1 | 0 | 0 | 0 | 0 | 0 | 1 | camera | target | 0.288579 | 0 | 0.957456 | 0.288579 
SCRIPT       : DATA_LOG | 1936353 | aRapBi1cCZPZAGLIDny3dk3hQ8vTmNTLHRl8zxmKgQ0= | 7988.4 | 6.02001 | 3335.17 | -0.351892 | -0.93604 | 0 | none | 0 | 56.1313 | 1.96589 | 0 | 1 | 0 | 0 | 0 | 0 | 0 | 1 | camera | HunterPants_Spring | -0.351892 | 0 | -0.9360
SCRIPT       : DATA_LOG | 1936380 | VEZjSxlcpgu1JLRUfHGLLLMsm0wqbyJ6fy2rl33V8jg= | 7988.21 | 6.02318 | 3334.04 | 0.288579 | 0.957456 | 0 | none | 1 | 57.7073 | 1.87813 | 0 | 1 | 0 | 0 | 0 | 0 | 0 | 1 | camera | target | 0.288579 | 0 | 0.957456 | 0.288579 
SCRIPT       : DATA_LOG | 1937351 | aRapBi1cCZPZAGLIDny3dk3hQ8vTmNTLHRl8zxmKgQ0= | 7988.4 | 6.02001 | 3335.17 | -0.351892 | -0.93604 | 0 | none | 0 | 55.9765 | 1.96986 | 0 | 1 | 0 | 0 | 0 | 0 | 0 | 1 | camera | HunterPants_Spring | -0.351892 | 0 | -0.9360
SCRIPT       : DATA_LOG | 1937376 | VEZjSxlcpgu1JLRUfHGLLLMsm0wqbyJ6fy2rl33V8jg= | 7988.21 | 6.02318 | 3334.04 | 0.288579 | 0.957456 | 0 | none | 1 | 57.4057 | 1.88904 | 0 | 1 | 0 | 0 | 0 | 0 | 0 | 1 | camera | target | 0.288579 | 0 | 0.957456 | 0.288579 
SCRIPT       : DATA_LOG | 1938353 | aRapBi1cCZPZAGLIDny3dk3hQ8vTmNTLHRl8zxmKgQ0= | 7988.4 | 6.02001 | 3335.17 | -0.351892 | -0.93604 | 0 | none | 0 | 56.2342 | 1.96213 | 0 | 1 | 0 | 0 | 0 | 0 | 0 | 1 | camera | HunterPants_Spring | -0.351892 | 0 | -0.9360
SCRIPT       : DATA_LOG | 1938373 | VEZjSxlcpgu1JLRUfHGLLLMsm0wqbyJ6fy2rl33V8jg= | 7988.21 | 6.02318 | 3334.04 | 0.288579 | 0.957456 | 0 | none | 1 | 57.7125 | 1.87639 | 0 | 1 | 0 | 0 | 0 | 0 | 0 | 1 | camera | target | 0.288579 | 0 | 0.957456 | 0.288579 
SCRIPT       : DATA_LOG | 1939357 | aRapBi1cCZPZAGLIDny3dk3hQ8vTmNTLHRl8zxmKgQ0= | 7988.4 | 6.02001 | 3335.17 | -0.351892 | -0.93604 | 0 | none | 0 | 55.7864 | 1.97438 | 0 | 1 | 0 | 0 | 0 | 0 | 0 | 1 | camera | HunterPants_Spring | -0.351892 | 0 | -0.9360
SCRIPT       : DATA_LOG | 1939379 | VEZjSxlcpgu1JLRUfHGLLLMsm0wqbyJ6fy2rl33V8jg= | 7988.21 | 6.02318 | 3334.04 | 0.288579 | 0.957456 | 0 | none | 1 | 57.551 | 1.88297 | 0 | 1 | 0 | 0 | 0 | 0 | 0 | 1 | camera | target | 0.288579 | 0 | 0.957456 | 0.288579 |
SCRIPT       : DATA_LOG | 1940355 | aRapBi1cCZPZAGLIDny3dk3hQ8vTmNTLHRl8zxmKgQ0= | 7988.4 | 6.02001 | 3335.17 | -0.351892 | -0.93604 | 0 | none | 0 | 56.1382 | 1.96451 | 0 | 1 | 0 | 0 | 0 | 0 | 0 | 1 | camera | HunterPants_Spring | -0.351892 | 0 | -0.9360
SCRIPT       : DATA_LOG | 1940380 | VEZjSxlcpgu1JLRUfHGLLLMsm0wqbyJ6fy2rl33V8jg= | 7988.21 | 6.02318 | 3334.04 | 0.288579 | 0.957456 | 0 | none | 1 | 57.7407 | 1.87916 | 0 | 1 | 0 | 0 | 0 | 0 | 0 | 1 | camera | target | 0.288579 | 0 | 0.957456 | 0.288579 
SCRIPT       : DATA_LOG | 1941360 | aRapBi1cCZPZAGLIDny3dk3hQ8vTmNTLHRl8zxmKgQ0= | 7988.4 | 6.02001 | 3335.17 | -0.351892 | -0.93604 | 0 | none | 0 | 56.0376 | 1.96747 | 0 | 1 | 0 | 0 | 0 | 0 | 0 | 1 | camera | HunterPants_Spring | -0.351892 | 0 | -0.9360
SCRIPT       : DATA_LOG | 1941384 | VEZjSxlcpgu1JLRUfHGLLLMsm0wqbyJ6fy2rl33V8jg= | 7988.21 | 6.02318 | 3334.04 | 0.288579 | 0.957456 | 0 | none | 1 | 57.7034 | 1.87932 | 0 | 1 | 0 | 0 | 0 | 0 | 0 | 1 | camera | target | 0.288579 | 0 | 0.957456 | 0.288579 
SCRIPT       : DATA_LOG | 1942356 | aRapBi1cCZPZAGLIDny3dk3hQ8vTmNTLHRl8zxmKgQ0= | 7988.4 | 6.02001 | 3335.17 | -0.351892 | -0.93604 | 0 | none | 0 | 56.1408 | 1.96566 | 0 | 1 | 0 | 0 | 0 | 0 | 0 | 1 | camera | HunterPants_Spring | -0.351892 | 0 | -0.9360
SCRIPT       : DATA_LOG | 1942384 | VEZjSxlcpgu1JLRUfHGLLLMsm0wqbyJ6fy2rl33V8jg= | 7988.21 | 6.02318 | 3334.04 | 0.288579 | 0.957456 | 0 | none | 1 | 57.5674 | 1.88389 | 0 | 1 | 0 | 0 | 0 | 0 | 0 | 1 | camera | target | 0.288579 | 0 | 0.957456 | 0.288579 
SCRIPT       : DATA_LOG | 1943363 | aRapBi1cCZPZAGLIDny3dk3hQ8vTmNTLHRl8zxmKgQ0= | 7988.4 | 6.02001 | 3335.17 | -0.351892 | -0.93604 | 0 | none | 0 | 56.1683 | 1.96511 | 0 | 1 | 0 | 0 | 0 | 0 | 0 | 1 | camera | HunterPants_Spring | -0.351892 | 0 | -0.9360
SCRIPT       : DATA_LOG | 1943389 | VEZjSxlcpgu1JLRUfHGLLLMsm0wqbyJ6fy2rl33V8jg= | 7988.21 | 6.02318 | 3334.04 | 0.288579 | 0.957456 | 0 | none | 1 | 57.7589 | 1.87581 | 0 | 1 | 0 | 0 | 0 | 0 | 0 | 1 | camera | target | 0.288579 | 0 | 0.957456 | 0.288579 
SCRIPT       : DATA_LOG | 1944357 | aRapBi1cCZPZAGLIDny3dk3hQ8vTmNTLHRl8zxmKgQ0= | 7988.4 | 6.02001 | 3335.17 | -0.351892 | -0.93604 | 0 | none | 0 | 55.9426 | 1.97069 | 0 | 1 | 0 | 0 | 0 | 0 | 0 | 1 | camera | HunterPants_Spring | -0.351892 | 0 | -0.9360
SCRIPT       : DATA_LOG | 1944380 | VEZjSxlcpgu1JLRUfHGLLLMsm0wqbyJ6fy2rl33V8jg= | 7988.21 | 6.02318 | 3334.04 | 0.288579 | 0.957456 | 0 | none | 1 | 57.3874 | 1.8901 | 0 | 1 | 0 | 0 | 0 | 0 | 0 | 1 | camera | target | 0.288579 | 0 | 0.957456 | 0.288579 |
SCRIPT       : DATA_LOG | 1945361 | aRapBi1cCZPZAGLIDny3dk3hQ8vTmNTLHRl8zxmKgQ0= | 7988.4 | 6.02001 | 3335.17 | -0.351892 | -0.93604 | 0 | none | 0 | 56.2676 | 1.96075 | 0 | 1 | 0 | 0 | 0 | 0 | 0 | 1 | camera | HunterPants_Spring | -0.351892 | 0 | -0.9360
SCRIPT       : DATA_LOG | 1945381 | VEZjSxlcpgu1JLRUfHGLLLMsm0wqbyJ6fy2rl33V8jg= | 7988.21 | 6.02318 | 3334.04 | 0.288579 | 0.957456 | 0 | none | 1 | 57.6842 | 1.87764 | 0 | 1 | 0 | 0 | 0 | 0 | 0 | 1 | camera | target | 0.288579 | 0 | 0.957456 | 0.288579 
SCRIPT       : DATA_LOG | 1946366 | aRapBi1cCZPZAGLIDny3dk3hQ8vTmNTLHRl8zxmKgQ0= | 7988.4 | 6.02001 | 3335.17 | -0.351892 | -0.93604 | 0 | none | 0 | 55.807 | 1.9738 | 0 | 1 | 0 | 0 | 0 | 0 | 0 | 1 | camera | HunterPants_Spring | -0.351892 | 0 | -0.93604 
SCRIPT       : DATA_LOG | 1946395 | VEZjSxlcpgu1JLRUfHGLLLMsm0wqbyJ6fy2rl33V8jg= | 7988.21 | 6.02318 | 3334.04 | 0.288579 | 0.957456 | 0 | none | 1 | 57.5736 | 1.88231 | 0 | 1 | 0 | 0 | 0 | 0 | 0 | 1 | camera | target | 0.288579 | 0 | 0.957456 | 0.288579 
SCRIPT       : DATA_LOG | 1947363 | aRapBi1cCZPZAGLIDny3dk3hQ8vTmNTLHRl8zxmKgQ0= | 7988.4 | 6.02001 | 3335.17 | -0.351892 | -0.93604 | 0 | none | 0 | 56.0673 | 1.96663 | 0 | 1 | 0 | 0 | 0 | 0 | 0 | 1 | camera | HunterPants_Spring | -0.351892 | 0 | -0.9360
SCRIPT       : DATA_LOG | 1947388 | VEZjSxlcpgu1JLRUfHGLLLMsm0wqbyJ6fy2rl33V8jg= | 7988.21 | 6.02318 | 3334.04 | 0.288579 | 0.957456 | 0 | none | 1 | 57.7112 | 1.87946 | 0 | 1 | 0 | 0 | 0 | 0 | 0 | 1 | camera | target | 0.288579 | 0 | 0.957456 | 0.288579 
SCRIPT       : DATA_LOG | 1948363 | aRapBi1cCZPZAGLIDny3dk3hQ8vTmNTLHRl8zxmKgQ0= | 7988.4 | 6.02001 | 3335.17 | -0.351892 | -0.93604 | 0 | none | 0 | 56.0903 | 1.96606 | 0 | 1 | 0 | 0 | 0 | 0 | 0 | 1 | camera | HunterPants_Spring | -0.351892 | 0 | -0.9360
SCRIPT       : DATA_LOG | 1948388 | VEZjSxlcpgu1JLRUfHGLLLMsm0wqbyJ6fy2rl33V8jg= | 7988.21 | 6.02318 | 3334.04 | 0.288579 | 0.957456 | 0 | none | 1 | 57.7373 | 1.87862 | 0 | 1 | 0 | 0 | 0 | 0 | 0 | 1 | camera | target | 0.288579 | 0 | 0.957456 | 0.288579 
SCRIPT       : DATA_LOG | 1949367 | aRapBi1cCZPZAGLIDny3dk3hQ8vTmNTLHRl8zxmKgQ0= | 7988.4 | 6.02001 | 3335.17 | -0.351892 | -0.93604 | 0 | none | 0 | 56.095 | 1.9666 | 0 | 1 | 0 | 0 | 0 | 0 | 0 | 1 | camera | HunterPants_Spring | -0.351892 | 0 | -0.93604 
SCRIPT       : DATA_LOG | 1949393 | VEZjSxlcpgu1JLRUfHGLLLMsm0wqbyJ6fy2rl33V8jg= | 7988.21 | 6.02318 | 3334.04 | 0.288579 | 0.957456 | 0 | none | 1 | 57.5405 | 1.88521 | 0 | 1 | 0 | 0 | 0 | 0 | 0 | 1 | camera | target | 0.288579 | 0 | 0.957456 | 0.288579 
SCRIPT       : DATA_LOG | 1950369 | aRapBi1cCZPZAGLIDny3dk3hQ8vTmNTLHRl8zxmKgQ0= | 7988.4 | 6.02001 | 3335.17 | -0.351892 | -0.93604 | 0 | none | 0 | 56.1894 | 1.96455 | 0 | 1 | 0 | 0 | 0 | 0 | 0 | 1 | camera | HunterPants_Spring | -0.351892 | 0 | -0.9360
SCRIPT       : DATA_LOG | 1950397 | VEZjSxlcpgu1JLRUfHGLLLMsm0wqbyJ6fy2rl33V8jg= | 7988.21 | 6.02318 | 3334.04 | 0.288579 | 0.957456 | 0 | none | 1 | 57.7897 | 1.87382 | 0 | 1 | 0 | 0 | 0 | 0 | 0 | 1 | camera | target | 0.288579 | 0 | 0.957456 | 0.288579 
SCRIPT       : DATA_LOG | 1951368 | aRapBi1cCZPZAGLIDny3dk3hQ8vTmNTLHRl8zxmKgQ0= | 7988.4 | 6.02001 | 3335.17 | -0.351892 | -0.93604 | 0 | none | 0 | 55.9708 | 1.96978 | 0 | 1 | 0 | 0 | 0 | 0 | 0 | 1 | camera | HunterPants_Spring | -0.351892 | 0 | -0.9360
SCRIPT       : DATA_LOG | 1951393 | VEZjSxlcpgu1JLRUfHGLLLMsm0wqbyJ6fy2rl33V8jg= | 7988.21 | 6.02318 | 3334.04 | 0.288579 | 0.957456 | 0 | none | 1 | 57.4031 | 1.88961 | 0 | 1 | 0 | 0 | 0 | 0 | 0 | 1 | camera | target | 0.288579 | 0 | 0.957456 | 0.288579 
SCRIPT       : DATA_LOG | 1952366 | aRapBi1cCZPZAGLIDny3dk3hQ8vTmNTLHRl8zxmKgQ0= | 7988.43 | 6.01865 | 3335.67 | -0.037081 | -0.999312 | 0 | none | 0 | 45.2261 | 2.28094 | 0 | 1 | 0 | 0 | 0 | 0 | 0 | 1 | camera | DownJacket_Blue | -0.037081 | 0 | -0.99931
SCRIPT       : DATA_LOG | 1952393 | VEZjSxlcpgu1JLRUfHGLLLMsm0wqbyJ6fy2rl33V8jg= | 7988.21 | 6.02318 | 3334.04 | 0.288579 | 0.957456 | 0 | none | 1 | 46.3416 | 2.18259 | 0 | 1 | 0 | 0 | 0 | 0 | 0 | 1 | camera | target | 0.288579 | 0 | 0.957456 | 0.288579 
SCRIPT       : DATA_LOG | 1953369 | aRapBi1cCZPZAGLIDny3dk3hQ8vTmNTLHRl8zxmKgQ0= | 7988.43 | 6.01654 | 3336.46 | -0.0112509 | -0.999937 | 0 | none | 1 | 34.0932 | 2.90529 | 0 | 1 | 0 | 0 | 0 | 0 | 0 | 1 | camera | target | -0.0112509 | 0 | -0.999937 | -0.
SCRIPT       : DATA_LOG | 1953389 | VEZjSxlcpgu1JLRUfHGLLLMsm0wqbyJ6fy2rl33V8jg= | 7988.21 | 6.02318 | 3334.04 | 0.288579 | 0.957456 | 0 | none | 1 | 36.764 | 2.72721 | 0 | 1 | 0 | 0 | 0 | 0 | 0 | 1 | camera | none | 0.288579 | 0 | 0.957456 | 0.288579 | 0
SCRIPT       : DATA_LOG | 1954369 | aRapBi1cCZPZAGLIDny3dk3hQ8vTmNTLHRl8zxmKgQ0= | 7988.39 | 6.02023 | 3335.09 | -0.0378351 | -0.999284 | 0 | none | 1 | 57.2721 | 1.92439 | 0 | 1 | 0 | 0 | 0 | 0 | 0 | 1 | camera | target | -0.0378351 | 0 | -0.999284 | -0.
SCRIPT       : DATA_LOG | 1954390 | VEZjSxlcpgu1JLRUfHGLLLMsm0wqbyJ6fy2rl33V8jg= | 7988.21 | 6.02318 | 3334.04 | 0.288579 | 0.957456 | 0 | none | 1 | 60.0706 | 1.81813 | 0 | 1 | 0 | 0 | 0 | 0 | 0 | 1 | camera | target | 0.288579 | 0 | 0.957456 | 0.288579 
SCRIPT       : DATA_LOG | 1955370 | aRapBi1cCZPZAGLIDny3dk3hQ8vTmNTLHRl8zxmKgQ0= | 7988.39 | 6.02023 | 3335.09 | -0.0378351 | -0.999284 | 0 | none | 1 | 57.3759 | 1.9204 | 0 | 1 | 0 | 0 | 0 | 0 | 0 | 1 | camera | target | -0.0378351 | 0 | -0.999284 | -0.0
SCRIPT       : DATA_LOG | 1955395 | VEZjSxlcpgu1JLRUfHGLLLMsm0wqbyJ6fy2rl33V8jg= | 7988.21 | 6.02318 | 3334.04 | 0.288579 | 0.957456 | 0 | none | 1 | 60.154 | 1.81559 | 0 | 1 | 0 | 0 | 0 | 0 | 0 | 1 | camera | target | 0.288579 | 0 | 0.957456 | 0.288579 |
SCRIPT       : DATA_LOG | 1956369 | aRapBi1cCZPZAGLIDny3dk3hQ8vTmNTLHRl8zxmKgQ0= | 7988.39 | 6.02023 | 3335.09 | -0.0378351 | -0.999284 | 0 | none | 1 | 57.3143 | 1.92278 | 0 | 1 | 0 | 0 | 0 | 0 | 0 | 1 | camera | target | -0.0378351 | 0 | -0.999284 | -0.
SCRIPT       : DATA_LOG | 1956389 | VEZjSxlcpgu1JLRUfHGLLLMsm0wqbyJ6fy2rl33V8jg= | 7988.21 | 6.02318 | 3334.04 | 0.288579 | 0.957456 | 0 | none | 1 | 59.9402 | 1.82254 | 0 | 1 | 0 | 0 | 0 | 0 | 0 | 1 | camera | target | 0.288579 | 0 | 0.957456 | 0.288579 
SCRIPT       : DATA_LOG | 1957374 | aRapBi1cCZPZAGLIDny3dk3hQ8vTmNTLHRl8zxmKgQ0= | 7988.39 | 6.02023 | 3335.09 | -0.0378351 | -0.999284 | 0 | none | 1 | 57.394 | 1.92017 | 0 | 1 | 0 | 0 | 0 | 0 | 0 | 1 | camera | target | -0.0378351 | 0 | -0.999284 | -0.0
SCRIPT       : DATA_LOG | 1957401 | VEZjSxlcpgu1JLRUfHGLLLMsm0wqbyJ6fy2rl33V8jg= | 7988.21 | 6.02318 | 3334.04 | 0.288579 | 0.957456 | 0 | none | 1 | 60.1642 | 1.81109 | 0 | 1 | 0 | 0 | 0 | 0 | 0 | 1 | camera | target | 0.288579 | 0 | 0.957456 | 0.288579 
SCRIPT       : DATA_LOG | 1958372 | aRapBi1cCZPZAGLIDny3dk3hQ8vTmNTLHRl8zxmKgQ0= | 7988.39 | 6.02023 | 3335.09 | -0.0378351 | -0.999284 | 0 | none | 1 | 57.2328 | 1.92425 | 0 | 1 | 0 | 0 | 0 | 0 | 0 | 1 | camera | target | -0.0378351 | 0 | -0.999284 | -0.
SCRIPT       : DATA_LOG | 1958391 | VEZjSxlcpgu1JLRUfHGLLLMsm0wqbyJ6fy2rl33V8jg= | 7988.21 | 6.02318 | 3334.04 | 0.288579 | 0.957456 | 0 | none | 1 | 59.8288 | 1.82633 | 0 | 1 | 0 | 0 | 0 | 0 | 0 | 1 | camera | target | 0.288579 | 0 | 0.957456 | 0.288579 
SCRIPT       : DATA_LOG | 1959371 | aRapBi1cCZPZAGLIDny3dk3hQ8vTmNTLHRl8zxmKgQ0= | 7988.39 | 6.02023 | 3335.09 | -0.0378351 | -0.999284 | 0 | none | 1 | 57.4239 | 1.91822 | 0 | 1 | 0 | 0 | 0 | 0 | 0 | 1 | camera | target | -0.0378351 | 0 | -0.999284 | -0.
SCRIPT       : DATA_LOG | 1959392 | VEZjSxlcpgu1JLRUfHGLLLMsm0wqbyJ6fy2rl33V8jg= | 7988.21 | 6.02318 | 3334.04 | 0.288579 | 0.957456 | 0 | none | 1 | 59.9466 | 1.82114 | 0 | 1 | 0 | 0 | 0 | 0 | 0 | 1 | camera | target | 0.288579 | 0 | 0.957456 | 0.288579 
SCRIPT       : DATA_LOG | 1960375 | aRapBi1cCZPZAGLIDny3dk3hQ8vTmNTLHRl8zxmKgQ0= | 7988.39 | 6.02023 | 3335.09 | -0.0378351 | -0.999284 | 0 | none | 1 | 57.2607 | 1.92528 | 0 | 1 | 0 | 0 | 0 | 0 | 0 | 1 | camera | target | -0.0378351 | 0 | -0.999284 | -0.
SCRIPT       : DATA_LOG | 1960400 | VEZjSxlcpgu1JLRUfHGLLLMsm0wqbyJ6fy2rl33V8jg= | 7988.21 | 6.02318 | 3334.04 | 0.288579 | 0.957456 | 0 | none | 1 | 58.6175 | 1.86392 | 0 | 1 | 0 | 0 | 0 | 0 | 0 | 1 | camera | target | 0.288579 | 0 | 0.957456 | 0.288579 
SCRIPT       : DATA_LOG | 1961376 | aRapBi1cCZPZAGLIDny3dk3hQ8vTmNTLHRl8zxmKgQ0= | 7988.52 | 6.01897 | 3335.5 | 0.805093 | -0.593148 | 0 | none | 1 | 72.6093 | 1.99312 | 0 | 1 | 0 | 0 | 0 | 0 | 0 | 1 | camera | none | 0.805093 | 0 | -0.593148 | 0.805093 |
SCRIPT       : DATA_LOG | 1961399 | VEZjSxlcpgu1JLRUfHGLLLMsm0wqbyJ6fy2rl33V8jg= | 7988.21 | 6.02318 | 3334.04 | 0.288579 | 0.957456 | 0 | none | 1 | 47.5393 | 2.15185 | 0 | 1 | 0 | 0 | 0 | 0 | 0 | 1 | camera | target | 0.288579 | 0 | 0.957456 | 0.288579 
SCRIPT       : DATA_LOG | 1962377 | aRapBi1cCZPZAGLIDny3dk3hQ8vTmNTLHRl8zxmKgQ0= | 7988.52 | 6.01897 | 3335.5 | 0.805093 | -0.593148 | 0 | none | 1 | 73.1541 | 2.14161 | 0 | 1 | 0 | 0 | 0 | 0 | 0 | 1 | camera | target | 0.805093 | 0 | -0.593148 | 0.805093
SCRIPT       : DATA_LOG | 1962402 | VEZjSxlcpgu1JLRUfHGLLLMsm0wqbyJ6fy2rl33V8jg= | 7988.21 | 6.02318 | 3334.04 | 0.288579 | 0.957456 | 0 | none | 1 | 47.6445 | 2.14709 | 0 | 1 | 0 | 0 | 0 | 0 | 0 | 1 | camera | target | 0.288579 | 0 | 0.957456 | 0.288579 
SCRIPT       : DATA_LOG | 1963379 | aRapBi1cCZPZAGLIDny3dk3hQ8vTmNTLHRl8zxmKgQ0= | 7988.52 | 6.01897 | 3335.5 | 0.805093 | -0.593148 | 0 | none | 1 | 73.1603 | 2.12252 | 0 | 1 | 0 | 0 | 0 | 0 | 0 | 1 | camera | target | 0.805093 | 0 | -0.593148 | 0.805093
SCRIPT       : DATA_LOG | 1963401 | VEZjSxlcpgu1JLRUfHGLLLMsm0wqbyJ6fy2rl33V8jg= | 7988.21 | 6.02318 | 3334.04 | 0.288579 | 0.957456 | 0 | none | 1 | 47.5862 | 2.15085 | 0 | 1 | 0 | 0 | 0 | 0 | 0 | 1 | camera | target | 0.288579 | 0 | 0.957456 | 0.288579 
SCRIPT       : DATA_LOG | 1964384 | aRapBi1cCZPZAGLIDny3dk3hQ8vTmNTLHRl8zxmKgQ0= | 7988.52 | 6.01897 | 3335.5 | 0.805093 | -0.593148 | 0 | none | 1 | 73.448 | 2.17795 | 0 | 1 | 0 | 0 | 0 | 0 | 0 | 1 | camera | target | 0.805093 | 0 | -0.593148 | 0.805093 
SCRIPT       : DATA_LOG | 1964414 | VEZjSxlcpgu1JLRUfHGLLLMsm0wqbyJ6fy2rl33V8jg= | 7988.21 | 6.02318 | 3334.04 | 0.288579 | 0.957456 | 0 | none | 1 | 47.5563 | 2.14646 | 0 | 1 | 0 | 0 | 0 | 0 | 0 | 1 | camera | target | 0.288579 | 0 | 0.957456 | 0.288579 
SCRIPT       : DATA_LOG | 1965382 | aRapBi1cCZPZAGLIDny3dk3hQ8vTmNTLHRl8zxmKgQ0= | 7988.52 | 6.01897 | 3335.5 | 0.805093 | -0.593148 | 0 | none | 1 | 73.4478 | 2.18235 | 0 | 1 | 0 | 0 | 0 | 0 | 0 | 1 | camera | target | 0.805093 | 0 | -0.593148 | 0.805093
SCRIPT       : DATA_LOG | 1965410 | VEZjSxlcpgu1JLRUfHGLLLMsm0wqbyJ6fy2rl33V8jg= | 7988.21 | 6.02318 | 3334.04 | 0.288579 | 0.957456 | 0 | none | 1 | 47.4608 | 2.15679 | 0 | 1 | 0 | 0 | 0 | 0 | 0 | 1 | camera | target | 0.288579 | 0 | 0.957456 | 0.288579 
SCRIPT       : DATA_LOG | 1966379 | aRapBi1cCZPZAGLIDny3dk3hQ8vTmNTLHRl8zxmKgQ0= | 7988.52 | 6.01897 | 3335.5 | 0.805093 | -0.593148 | 0 | none | 1 | 73.4624 | 2.1782 | 0 | 1 | 0 | 0 | 0 | 0 | 0 | 1 | camera | target | 0.805093 | 0 | -0.593148 | 0.805093 
SCRIPT       : DATA_LOG | 1966403 | VEZjSxlcpgu1JLRUfHGLLLMsm0wqbyJ6fy2rl33V8jg= | 7988.21 | 6.02318 | 3334.04 | 0.288579 | 0.957456 | 0 | none | 1 | 47.4713 | 2.15646 | 0 | 1 | 0 | 0 | 0 | 0 | 0 | 1 | camera | target | 0.288579 | 0 | 0.957456 | 0.288579 
SCRIPT       : DATA_LOG | 1967379 | aRapBi1cCZPZAGLIDny3dk3hQ8vTmNTLHRl8zxmKgQ0= | 7988.52 | 6.01897 | 3335.5 | 0.805093 | -0.593148 | 0 | none | 1 | 73.5963 | 2.18148 | 0 | 1 | 0 | 0 | 0 | 0 | 0 | 1 | camera | target | 0.805093 | 0 | -0.593148 | 0.805093
SCRIPT       : DATA_LOG | 1967402 | VEZjSxlcpgu1JLRUfHGLLLMsm0wqbyJ6fy2rl33V8jg= | 7988.21 | 6.02318 | 3334.04 | 0.288579 | 0.957456 | 0 | none | 1 | 47.5182 | 2.14905 | 0 | 1 | 0 | 0 | 0 | 0 | 0 | 1 | camera | target | 0.288579 | 0 | 0.957456 | 0.288579 
SCRIPT       : DATA_LOG | 1968385 | aRapBi1cCZPZAGLIDny3dk3hQ8vTmNTLHRl8zxmKgQ0= | 7988.52 | 6.01897 | 3335.5 | 0.805093 | -0.593148 | 0 | none | 1 | 73.6073 | 2.18833 | 0 | 1 | 0 | 0 | 0 | 0 | 0 | 1 | camera | target | 0.805093 | 0 | -0.593148 | 0.805093
SCRIPT       : DATA_LOG | 1968410 | VEZjSxlcpgu1JLRUfHGLLLMsm0wqbyJ6fy2rl33V8jg= | 7988.21 | 6.02318 | 3334.04 | 0.288579 | 0.957456 | 0 | none | 1 | 47.4953 | 2.15316 | 0 | 1 | 0 | 0 | 0 | 0 | 0 | 1 | camera | target | 0.288579 | 0 | 0.957456 | 0.288579 
SCRIPT       : DATA_LOG | 1969388 | aRapBi1cCZPZAGLIDny3dk3hQ8vTmNTLHRl8zxmKgQ0= | 7988.52 | 6.01897 | 3335.5 | 0.805093 | -0.593148 | 0 | none | 1 | 73.5105 | 2.17701 | 0 | 1 | 0 | 0 | 0 | 0 | 0 | 1 | camera | target | 0.805093 | 0 | -0.593148 | 0.805093
SCRIPT       : DATA_LOG | 1969413 | VEZjSxlcpgu1JLRUfHGLLLMsm0wqbyJ6fy2rl33V8jg= | 7988.21 | 6.02318 | 3334.04 | 0.288579 | 0.957456 | 0 | none | 1 | 47.6368 | 2.14733 | 0 | 1 | 0 | 0 | 0 | 0 | 0 | 1 | camera | target | 0.288579 | 0 | 0.957456 | 0.288579 
SCRIPT       : DATA_LOG | 1970391 | aRapBi1cCZPZAGLIDny3dk3hQ8vTmNTLHRl8zxmKgQ0= | 7988.52 | 6.01897 | 3335.5 | 0.805093 | -0.593148 | 0 | none | 1 | 73.5936 | 2.18296 | 0 | 1 | 0 | 0 | 0 | 0 | 0 | 1 | camera | target | 0.805093 | 0 | -0.593148 | 0.805093
SCRIPT       : DATA_LOG | 1970417 | VEZjSxlcpgu1JLRUfHGLLLMsm0wqbyJ6fy2rl33V8jg= | 7988.21 | 6.02318 | 3334.04 | 0.288579 | 0.957456 | 0 | none | 1 | 47.6037 | 2.14922 | 0 | 1 | 0 | 0 | 0 | 0 | 0 | 1 | camera | target | 0.288579 | 0 | 0.957456 | 0.288579 
SCRIPT       : DATA_LOG | 1971387 | aRapBi1cCZPZAGLIDny3dk3hQ8vTmNTLHRl8zxmKgQ0= | 7988.52 | 6.01897 | 3335.5 | 0.805093 | -0.593148 | 0 | none | 1 | 73.4469 | 2.17897 | 0 | 1 | 0 | 0 | 0 | 0 | 0 | 1 | camera | target | 0.805093 | 0 | -0.593148 | 0.805093
SCRIPT       : DATA_LOG | 1971414 | VEZjSxlcpgu1JLRUfHGLLLMsm0wqbyJ6fy2rl33V8jg= | 7988.21 | 6.02318 | 3334.04 | 0.288579 | 0.957456 | 0 | none | 1 | 47.5638 | 2.1471 | 0 | 1 | 0 | 0 | 0 | 0 | 0 | 1 | camera | target | 0.288579 | 0 | 0.957456 | 0.288579 |
SCRIPT       : DATA_LOG | 1972399 | aRapBi1cCZPZAGLIDny3dk3hQ8vTmNTLHRl8zxmKgQ0= | 7988.52 | 6.01897 | 3335.5 | 0.805093 | -0.593148 | 0 | none | 1 | 73.4183 | 2.18104 | 0 | 1 | 0 | 0 | 0 | 0 | 0 | 1 | camera | target | 0.805093 | 0 | -0.593148 | 0.805093
SCRIPT       : DATA_LOG | 1972421 | VEZjSxlcpgu1JLRUfHGLLLMsm0wqbyJ6fy2rl33V8jg= | 7988.21 | 6.02318 | 3334.04 | 0.288579 | 0.957456 | 0 | none | 1 | 47.4858 | 2.15422 | 0 | 1 | 0 | 0 | 0 | 0 | 0 | 1 | camera | target | 0.288579 | 0 | 0.957456 | 0.288579 
SCRIPT       : DATA_LOG | 1973398 | aRapBi1cCZPZAGLIDny3dk3hQ8vTmNTLHRl8zxmKgQ0= | 7988.52 | 6.01897 | 3335.5 | 0.805093 | -0.593148 | 0 | none | 0 | 73.4421 | 2.18264 | 0 | 1 | 0 | 0 | 0 | 0 | 0 | 1 | camera | MountainBag_Orange | 0.805093 | 0 | -0.59314
SCRIPT       : DATA_LOG | 1973424 | VEZjSxlcpgu1JLRUfHGLLLMsm0wqbyJ6fy2rl33V8jg= | 7988.21 | 6.02318 | 3334.04 | 0.288579 | 0.957456 | 0 | none | 1 | 47.4627 | 2.15769 | 0 | 1 | 0 | 0 | 0 | 0 | 0 | 1 | camera | target | 0.288579 | 0 | 0.957456 | 0.288579 
SCRIPT       : DATA_LOG | 1974398 | aRapBi1cCZPZAGLIDny3dk3hQ8vTmNTLHRl8zxmKgQ0= | 7988.52 | 6.01897 | 3335.5 | 0.805093 | -0.593148 | 0 | none | 0 | 73.567 | 2.17902 | 0 | 1 | 0 | 0 | 0 | 0 | 0 | 1 | camera | MountainBag_Orange | 0.805093 | 0 | -0.593148
SCRIPT       : DATA_LOG | 1974419 | VEZjSxlcpgu1JLRUfHGLLLMsm0wqbyJ6fy2rl33V8jg= | 7988.21 | 6.02318 | 3334.04 | 0.288579 | 0.957456 | 0 | none | 1 | 47.5187 | 2.14907 | 0 | 1 | 0 | 0 | 0 | 0 | 0 | 1 | camera | target | 0.288579 | 0 | 0.957456 | 0.288579 
SCRIPT       : DATA_LOG | 1975397 | aRapBi1cCZPZAGLIDny3dk3hQ8vTmNTLHRl8zxmKgQ0= | 7988.52 | 6.01897 | 3335.5 | 0.805093 | -0.593148 | 0 | none | 0 | 73.6235 | 2.18985 | 0 | 1 | 0 | 0 | 0 | 0 | 0 | 1 | camera | MountainBag_Orange | 0.805093 | 0 | -0.59314
SCRIPT       : DATA_LOG | 1975418 | VEZjSxlcpgu1JLRUfHGLLLMsm0wqbyJ6fy2rl33V8jg= | 7988.21 | 6.02318 | 3334.04 | 0.288579 | 0.957456 | 0 | none | 1 | 47.4765 | 2.15425 | 0 | 1 | 0 | 0 | 0 | 0 | 0 | 1 | camera | target | 0.288579 | 0 | 0.957456 | 0.288579 
SCRIPT       : DATA_LOG | 1976398 | aRapBi1cCZPZAGLIDny3dk3hQ8vTmNTLHRl8zxmKgQ0= | 7988.52 | 6.01897 | 3335.5 | 0.805093 | -0.593148 | 0 | none | 1 | 73.5196 | 2.1773 | 0 | 1 | 0 | 0 | 0 | 0 | 0 | 1 | camera | target | 0.805093 | 0 | -0.593148 | 0.805093 
SCRIPT       : DATA_LOG | 1976423 | VEZjSxlcpgu1JLRUfHGLLLMsm0wqbyJ6fy2rl33V8jg= | 7988.21 | 6.02318 | 3334.04 | 0.288579 | 0.957456 | 0 | none | 1 | 47.6333 | 2.14788 | 0 | 1 | 0 | 0 | 0 | 0 | 0 | 1 | camera | target | 0.288579 | 0 | 0.957456 | 0.288579 
SCRIPT       : DATA_LOG | 1977400 | aRapBi1cCZPZAGLIDny3dk3hQ8vTmNTLHRl8zxmKgQ0= | 7988.52 | 6.01897 | 3335.5 | 0.805093 | -0.593148 | 0 | none | 1 | 73.5887 | 2.18337 | 0 | 1 | 0 | 0 | 0 | 0 | 0 | 1 | camera | target | 0.805093 | 0 | -0.593148 | 0.805093
SCRIPT       : DATA_LOG | 1977421 | VEZjSxlcpgu1JLRUfHGLLLMsm0wqbyJ6fy2rl33V8jg= | 7988.21 | 6.02318 | 3334.04 | 0.288579 | 0.957456 | 0 | none | 1 | 47.6186 | 2.14803 | 0 | 1 | 0 | 0 | 0 | 0 | 0 | 1 | camera | target | 0.288579 | 0 | 0.957456 | 0.288579 
SCRIPT       : DATA_LOG | 1978407 | aRapBi1cCZPZAGLIDny3dk3hQ8vTmNTLHRl8zxmKgQ0= | 7988.52 | 6.01897 | 3335.5 | 0.805093 | -0.593148 | 0 | none | 1 | 73.448 | 2.17976 | 0 | 1 | 0 | 0 | 0 | 0 | 0 | 1 | camera | target | 0.805093 | 0 | -0.593148 | 0.805093 
SCRIPT       : DATA_LOG | 1978435 | VEZjSxlcpgu1JLRUfHGLLLMsm0wqbyJ6fy2rl33V8jg= | 7988.21 | 6.02318 | 3334.04 | 0.288579 | 0.957456 | 0 | none | 1 | 47.9262 | 2.14786 | 0 | 1 | 0 | 0 | 0 | 0 | 0 | 1 | camera | target | 0.288579 | 0 | 0.957456 | 0.288579 
SCRIPT       : DATA_LOG | 1979402 | aRapBi1cCZPZAGLIDny3dk3hQ8vTmNTLHRl8zxmKgQ0= | 7988.48 | 6.01917 | 3335.45 | 0.786826 | -0.617175 | 0 | none | 0 | 71.8452 | 2.1416 | 0 | 1 | 0 | 0 | 0 | 0 | 0 | 1 | camera | WorkingBoots_Yellow | 0.786826 | 0 | -0.6171
SCRIPT       : DATA_LOG | 1979430 | VEZjSxlcpgu1JLRUfHGLLLMsm0wqbyJ6fy2rl33V8jg= | 7988.21 | 6.02318 | 3334.04 | 0.288579 | 0.957456 | 0 | none | 1 | 49.2415 | 2.11864 | 0 | 1 | 0 | 0 | 0 | 0 | 0 | 1 | camera | target | 0.288579 | 0 | 0.957456 | 0.288579 
SCRIPT       : DATA_LOG | 1980405 | aRapBi1cCZPZAGLIDny3dk3hQ8vTmNTLHRl8zxmKgQ0= | 7988.48 | 6.01917 | 3335.45 | 0.786826 | -0.617175 | 0 | none | 0 | 71.868 | 2.14573 | 0 | 1 | 0 | 0 | 0 | 0 | 0 | 1 | camera | WorkingBoots_Yellow | 0.786826 | 0 | -0.6171
SCRIPT       : DATA_LOG | 1980429 | VEZjSxlcpgu1JLRUfHGLLLMsm0wqbyJ6fy2rl33V8jg= | 7988.21 | 6.02318 | 3334.04 | 0.288579 | 0.957456 | 0 | none | 1 | 49.1243 | 2.12625 | 0 | 1 | 0 | 0 | 0 | 0 | 0 | 1 | camera | target | 0.288579 | 0 | 0.957456 | 0.288579 
SCRIPT       : DATA_LOG | 1981405 | aRapBi1cCZPZAGLIDny3dk3hQ8vTmNTLHRl8zxmKgQ0= | 7988.48 | 6.01917 | 3335.45 | 0.786826 | -0.617175 | 0 | none | 0 | 71.9652 | 2.13798 | 0 | 1 | 0 | 0 | 0 | 0 | 0 | 1 | camera | WorkingBoots_Yellow | 0.786826 | 0 | -0.617
SCRIPT       : DATA_LOG | 1981429 | VEZjSxlcpgu1JLRUfHGLLLMsm0wqbyJ6fy2rl33V8jg= | 7988.21 | 6.02318 | 3334.04 | 0.288579 | 0.957456 | 0 | none | 1 | 49.2741 | 2.11581 | 0 | 1 | 0 | 0 | 0 | 0 | 0 | 1 | camera | target | 0.288579 | 0 | 0.957456 | 0.288579 
SCRIPT       : DATA_LOG | 1982407 | aRapBi1cCZPZAGLIDny3dk3hQ8vTmNTLHRl8zxmKgQ0= | 7988.48 | 6.01917 | 3335.45 | 0.786826 | -0.617175 | 0 | none | 0 | 72.0446 | 2.15098 | 0 | 1 | 0 | 0 | 0 | 0 | 0 | 1 | camera | WorkingBoots_Yellow | 0.786826 | 0 | -0.617
SCRIPT       : DATA_LOG | 1982429 | VEZjSxlcpgu1JLRUfHGLLLMsm0wqbyJ6fy2rl33V8jg= | 7988.21 | 6.02318 | 3334.04 | 0.288579 | 0.957456 | 0 | none | 1 | 49.1921 | 2.12145 | 0 | 1 | 0 | 0 | 0 | 0 | 0 | 1 | camera | target | 0.288579 | 0 | 0.957456 | 0.288579 
SCRIPT       : DATA_LOG | 1983405 | aRapBi1cCZPZAGLIDny3dk3hQ8vTmNTLHRl8zxmKgQ0= | 7988.48 | 6.01917 | 3335.45 | 0.786826 | -0.617175 | 0 | none | 0 | 71.9532 | 2.13925 | 0 | 1 | 0 | 0 | 0 | 0 | 0 | 1 | camera | WorkingBoots_Yellow | 0.786826 | 0 | -0.617
SCRIPT       : DATA_LOG | 1983426 | VEZjSxlcpgu1JLRUfHGLLLMsm0wqbyJ6fy2rl33V8jg= | 7988.21 | 6.02318 | 3334.04 | 0.288579 | 0.957456 | 0 | none | 1 | 49.3525 | 2.11551 | 0 | 1 | 0 | 0 | 0 | 0 | 0 | 1 | camera | target | 0.288579 | 0 | 0.957456 | 0.288579 
SCRIPT       : DATA_LOG | 1984411 | aRapBi1cCZPZAGLIDny3dk3hQ8vTmNTLHRl8zxmKgQ0= | 7988.48 | 6.01917 | 3335.45 | 0.786826 | -0.617175 | 0 | none | 0 | 71.9922 | 2.14354 | 0 | 1 | 0 | 0 | 0 | 0 | 0 | 1 | camera | WorkingBoots_Yellow | 0.786826 | 0 | -0.617
SCRIPT       : DATA_LOG | 1984434 | VEZjSxlcpgu1JLRUfHGLLLMsm0wqbyJ6fy2rl33V8jg= | 7988.21 | 6.02318 | 3334.04 | 0.288579 | 0.957456 | 0 | none | 1 | 49.3485 | 2.11533 | 0 | 1 | 0 | 0 | 0 | 0 | 0 | 1 | camera | target | 0.288579 | 0 | 0.957456 | 0.288579 
SCRIPT       : DATA_LOG | 1985416 | aRapBi1cCZPZAGLIDny3dk3hQ8vTmNTLHRl8zxmKgQ0= | 7988.48 | 6.01917 | 3335.45 | 0.786826 | -0.617175 | 0 | none | 0 | 71.8782 | 2.14074 | 0 | 1 | 0 | 0 | 0 | 0 | 0 | 1 | camera | WorkingBoots_Yellow | 0.786826 | 0 | -0.617
SCRIPT       : DATA_LOG | 1985441 | VEZjSxlcpgu1JLRUfHGLLLMsm0wqbyJ6fy2rl33V8jg= | 7988.21 | 6.02318 | 3334.04 | 0.288579 | 0.957456 | 0 | none | 1 | 49.2957 | 2.11808 | 0 | 1 | 0 | 0 | 0 | 0 | 0 | 1 | camera | target | 0.288579 | 0 | 0.957456 | 0.288579 
SCRIPT       : DATA_LOG | 1986414 | aRapBi1cCZPZAGLIDny3dk3hQ8vTmNTLHRl8zxmKgQ0= | 7988.48 | 6.01917 | 3335.45 | 0.786826 | -0.617175 | 0 | none | 0 | 71.837 | 2.14072 | 0 | 1 | 0 | 0 | 0 | 0 | 0 | 1 | camera | WorkingBoots_Yellow | 0.786826 | 0 | -0.6171
SCRIPT       : DATA_LOG | 1986438 | VEZjSxlcpgu1JLRUfHGLLLMsm0wqbyJ6fy2rl33V8jg= | 7988.21 | 6.02318 | 3334.04 | 0.288579 | 0.957456 | 0 | none | 1 | 49.2789 | 2.11623 | 0 | 1 | 0 | 0 | 0 | 0 | 0 | 1 | camera | target | 0.288579 | 0 | 0.957456 | 0.288579 
SCRIPT       : DATA_LOG | 1987412 | aRapBi1cCZPZAGLIDny3dk3hQ8vTmNTLHRl8zxmKgQ0= | 7988.48 | 6.01917 | 3335.45 | 0.786826 | -0.617175 | 0 | none | 0 | 71.8778 | 2.14681 | 0 | 1 | 0 | 0 | 0 | 0 | 0 | 1 | camera | WorkingBoots_Yellow | 0.786826 | 0 | -0.617
SCRIPT       : DATA_LOG | 1987435 | VEZjSxlcpgu1JLRUfHGLLLMsm0wqbyJ6fy2rl33V8jg= | 7988.21 | 6.02318 | 3334.04 | 0.288579 | 0.957456 | 0 | none | 1 | 49.1091 | 2.12732 | 0 | 1 | 0 | 0 | 0 | 0 | 0 | 1 | camera | target | 0.288579 | 0 | 0.957456 | 0.288579 
SCRIPT       : DATA_LOG | 1988413 | aRapBi1cCZPZAGLIDny3dk3hQ8vTmNTLHRl8zxmKgQ0= | 7988.48 | 6.01917 | 3335.45 | 0.786826 | -0.617175 | 0 | none | 0 | 71.9504 | 2.13611 | 0 | 1 | 0 | 0 | 0 | 0 | 0 | 1 | camera | WorkingBoots_Yellow | 0.786826 | 0 | -0.617
SCRIPT       : DATA_LOG | 1988434 | VEZjSxlcpgu1JLRUfHGLLLMsm0wqbyJ6fy2rl33V8jg= | 7988.21 | 6.02318 | 3334.04 | 0.288579 | 0.957456 | 0 | none | 1 | 49.2591 | 2.11674 | 0 | 1 | 0 | 0 | 0 | 0 | 0 | 1 | camera | target | 0.288579 | 0 | 0.957456 | 0.288579 
SCRIPT       : DATA_LOG | 1989416 | aRapBi1cCZPZAGLIDny3dk3hQ8vTmNTLHRl8zxmKgQ0= | 7988.48 | 6.01917 | 3335.45 | 0.786826 | -0.617175 | 0 | SVD_Wooden | 0 | 72.0617 | 2.15074 | 0 | 1 | 0 | 0 | 0 | 0 | 0 | 1 | camera | WorkingBoots_Yellow | 0.786826 | 0 | 
SCRIPT       : DATA_LOG | 1989439 | VEZjSxlcpgu1JLRUfHGLLLMsm0wqbyJ6fy2rl33V8jg= | 7988.21 | 6.02318 | 3334.04 | 0.288579 | 0.957456 | 0 | none | 1 | 49.0856 | 2.11639 | 0 | 1 | 0 | 0 | 0 | 0 | 0 | 1 | camera | target | 0.288579 | 0 | 0.957456 | 0.288579 
SCRIPT       : DATA_LOG | 1990418 | aRapBi1cCZPZAGLIDny3dk3hQ8vTmNTLHRl8zxmKgQ0= | 7988.48 | 6.01917 | 3335.45 | 0.786826 | -0.617175 | 0 | SVD_Wooden | 0 | 71.9757 | 2.14126 | 0 | 1 | 0 | 0 | 0 | 0 | 0 | 1 | camera | WorkingBoots_Yellow | 0.786826 | 0 | 
SCRIPT       : DATA_LOG | 1990447 | VEZjSxlcpgu1JLRUfHGLLLMsm0wqbyJ6fy2rl33V8jg= | 7988.21 | 6.02318 | 3334.04 | 0.288579 | 0.957456 | 0 | none | 1 | 49.2479 | 2.12276 | 0 | 1 | 0 | 0 | 0 | 0 | 0 | 1 | camera | target | 0.288579 | 0 | 0.957456 | 0.288579 
SCRIPT       : DATA_LOG | 1991418 | aRapBi1cCZPZAGLIDny3dk3hQ8vTmNTLHRl8zxmKgQ0= | 7988.48 | 6.01917 | 3335.45 | 0.786826 | -0.617175 | 0 | SVD_Wooden | 0 | 71.9709 | 2.14239 | 0 | 1 | 0 | 0 | 0 | 0 | 0 | 1 | camera | WorkingBoots_Yellow | 0.786826 | 0 | 
SCRIPT       : DATA_LOG | 1991443 | VEZjSxlcpgu1JLRUfHGLLLMsm0wqbyJ6fy2rl33V8jg= | 7988.21 | 6.02318 | 3334.04 | 0.288579 | 0.957456 | 0 | none | 1 | 49.2426 | 2.12339 | 0 | 1 | 0 | 0 | 0 | 0 | 0 | 1 | camera | target | 0.288579 | 0 | 0.957456 | 0.288579 
SCRIPT       : DATA_LOG | 1992424 | aRapBi1cCZPZAGLIDny3dk3hQ8vTmNTLHRl8zxmKgQ0= | 7988.48 | 6.01917 | 3335.45 | 0.786826 | -0.617175 | 0 | SVD_Wooden | 0 | 71.8984 | 2.14177 | 0 | 1 | 0 | 0 | 0 | 0 | 0 | 1 | camera | WorkingBoots_Yellow | 0.786826 | 0 | 
SCRIPT       : DATA_LOG | 1992453 | VEZjSxlcpgu1JLRUfHGLLLMsm0wqbyJ6fy2rl33V8jg= | 7988.21 | 6.02318 | 3334.04 | 0.288579 | 0.957456 | 0 | none | 1 | 49.2558 | 2.12309 | 0 | 1 | 0 | 0 | 0 | 0 | 0 | 1 | camera | target | 0.288579 | 0 | 0.957456 | 0.288579 
SCRIPT       : DATA_LOG | 1993421 | aRapBi1cCZPZAGLIDny3dk3hQ8vTmNTLHRl8zxmKgQ0= | 7988.48 | 6.01917 | 3335.45 | 0.786826 | -0.617175 | 0 | SVD_Wooden | 0 | 71.837 | 2.14001 | 0 | 1 | 0 | 0 | 0 | 0 | 0 | 1 | camera | WorkingBoots_Yellow | 0.786826 | 0 | -
SCRIPT       : DATA_LOG | 1993448 | VEZjSxlcpgu1JLRUfHGLLLMsm0wqbyJ6fy2rl33V8jg= | 7988.21 | 6.02318 | 3334.04 | 0.288579 | 0.957456 | 0 | none | 1 | 49.2506 | 2.12252 | 0 | 1 | 0 | 0 | 0 | 0 | 0 | 1 | camera | target | 0.288579 | 0 | 0.957456 | 0.288579 
SCRIPT       : DATA_LOG | 1994419 | aRapBi1cCZPZAGLIDny3dk3hQ8vTmNTLHRl8zxmKgQ0= | 7988.48 | 6.01917 | 3335.45 | 0.786826 | -0.617175 | 0 | SVD_Wooden | 0 | 71.8857 | 2.14625 | 0 | 1 | 0 | 0 | 0 | 0 | 0 | 1 | camera | WorkingBoots_Yellow | 0.786826 | 0 | 
SCRIPT       : DATA_LOG | 1994440 | VEZjSxlcpgu1JLRUfHGLLLMsm0wqbyJ6fy2rl33V8jg= | 7988.21 | 6.02318 | 3334.04 | 0.288579 | 0.957456 | 0 | none | 1 | 49.2416 | 2.12313 | 0 | 1 | 0 | 0 | 0 | 0 | 0 | 1 | camera | target | 0.288579 | 0 | 0.957456 | 0.288579 
SCRIPT       : DATA_LOG | 1995425 | aRapBi1cCZPZAGLIDny3dk3hQ8vTmNTLHRl8zxmKgQ0= | 7988.48 | 6.01917 | 3335.45 | 0.786826 | -0.617175 | 0 | SVD_Wooden | 0 | 70.7285 | 1.89351 | 0 | 1 | 0 | 0 | 0 | 0 | 0 | 1 | camera | WorkingBoots_Yellow | 0.786826 | 0 | 
SCRIPT       : DATA_LOG | 1995452 | VEZjSxlcpgu1JLRUfHGLLLMsm0wqbyJ6fy2rl33V8jg= | 7988.21 | 6.02318 | 3334.04 | 0.288579 | 0.957456 | 0 | none | 1 | 49.2129 | 2.12462 | 0 | 1 | 0 | 0 | 0 | 0 | 0 | 1 | camera | target | 0.288579 | 0 | 0.957456 | 0.288579 
SCRIPT       : DATA_LOG | 1996423 | aRapBi1cCZPZAGLIDny3dk3hQ8vTmNTLHRl8zxmKgQ0= | 7988.48 | 6.01917 | 3335.45 | 0.786826 | -0.617175 | 0 | SVD_Wooden | 0 | 71.6853 | 2.11282 | 0 | 1 | 0 | 0 | 0 | 0 | 0 | 1 | camera | WorkingBoots_Yellow | 0.786826 | 0 | 
SCRIPT       : DATA_LOG | 1996448 | VEZjSxlcpgu1JLRUfHGLLLMsm0wqbyJ6fy2rl33V8jg= | 7988.21 | 6.02318 | 3334.04 | 0.288579 | 0.957456 | 0 | none | 1 | 49.2537 | 2.12258 | 0 | 1 | 0 | 0 | 0 | 0 | 0 | 1 | camera | target | 0.288579 | 0 | 0.957456 | 0.288579 
SCRIPT       : DATA_LOG | 1997426 | aRapBi1cCZPZAGLIDny3dk3hQ8vTmNTLHRl8zxmKgQ0= | 7988.48 | 6.01917 | 3335.45 | 0.786826 | -0.617175 | 0 | SVD_Wooden | 0 | 71.5735 | 2.08487 | 0 | 1 | 0 | 0 | 0 | 0 | 0 | 1 | camera | WorkingBoots_Yellow | 0.786826 | 0 | 
SCRIPT       : DATA_LOG | 1997452 | VEZjSxlcpgu1JLRUfHGLLLMsm0wqbyJ6fy2rl33V8jg= | 7988.21 | 6.02318 | 3334.04 | 0.288579 | 0.957456 | 0 | none | 1 | 49.225 | 2.124 | 0 | 1 | 0 | 0 | 0 | 0 | 0 | 1 | camera | target | 0.288579 | 0 | 0.957456 | 0.288579 | 0
SCRIPT       : DATA_LOG | 1998430 | aRapBi1cCZPZAGLIDny3dk3hQ8vTmNTLHRl8zxmKgQ0= | 7988.48 | 6.01917 | 3335.45 | 0.786826 | -0.617175 | 0 | SVD_Wooden | 0 | 71.9458 | 2.14057 | 0 | 1 | 0 | 0 | 0 | 0 | 0 | 1 | camera | WorkingBoots_Yellow | 0.786826 | 0 | 
SCRIPT       : DATA_LOG | 1998455 | VEZjSxlcpgu1JLRUfHGLLLMsm0wqbyJ6fy2rl33V8jg= | 7988.21 | 6.02318 | 3334.04 | 0.288579 | 0.957456 | 0 | none | 1 | 49.2357 | 2.12359 | 0 | 1 | 0 | 0 | 0 | 0 | 0 | 1 | camera | target | 0.288579 | 0 | 0.957456 | 0.288579 
SCRIPT       : DATA_LOG | 1999431 | aRapBi1cCZPZAGLIDny3dk3hQ8vTmNTLHRl8zxmKgQ0= | 7988.48 | 6.01917 | 3335.45 | 0.786826 | -0.617175 | 0 | SVD_Wooden | 0 | 71.9464 | 2.14253 | 0 | 1 | 0 | 0 | 0 | 0 | 0 | 1 | camera | WorkingBoots_Yellow | 0.786826 | 0 | 
SCRIPT       : DATA_LOG | 1999461 | VEZjSxlcpgu1JLRUfHGLLLMsm0wqbyJ6fy2rl33V8jg= | 7988.21 | 6.02318 | 3334.04 | 0.288579 | 0.957456 | 0 | none | 1 | 49.2545 | 2.12254 | 0 | 1 | 0 | 0 | 0 | 0 | 0 | 1 | camera | target | 0.288579 | 0 | 0.957456 | 0.288579 
SCRIPT       : DATA_LOG | 2000428 | aRapBi1cCZPZAGLIDny3dk3hQ8vTmNTLHRl8zxmKgQ0= | 7988.48 | 6.01917 | 3335.45 | 0.786826 | -0.617175 | 0 | SVD_Wooden | 0 | 71.8486 | 2.13941 | 0 | 1 | 0 | 0 | 0 | 0 | 0 | 1 | camera | WorkingBoots_Yellow | 0.786826 | 0 | 
SCRIPT       : DATA_LOG | 2000455 | VEZjSxlcpgu1JLRUfHGLLLMsm0wqbyJ6fy2rl33V8jg= | 7988.21 | 6.02318 | 3334.04 | 0.288579 | 0.957456 | 0 | none | 1 | 49.2224 | 2.12402 | 0 | 1 | 0 | 0 | 0 | 0 | 0 | 1 | camera | target | 0.288579 | 0 | 0.957456 | 0.288579 
SCRIPT       : DATA_LOG | 2001430 | aRapBi1cCZPZAGLIDny3dk3hQ8vTmNTLHRl8zxmKgQ0= | 7988.48 | 6.01917 | 3335.45 | 0.786826 | -0.617175 | 0 | SVD_Wooden | 0 | 71.8871 | 2.14523 | 0 | 1 | 0 | 0 | 0 | 0 | 0 | 1 | camera | WorkingBoots_Yellow | 0.786826 | 0 | 
SCRIPT       : DATA_LOG | 2001456 | VEZjSxlcpgu1JLRUfHGLLLMsm0wqbyJ6fy2rl33V8jg= | 7988.21 | 6.02318 | 3334.04 | 0.288579 | 0.957456 | 0 | none | 1 | 49.204 | 2.12452 | 0 | 1 | 0 | 0 | 0 | 0 | 0 | 1 | camera | target | 0.288579 | 0 | 0.957456 | 0.288579 |
SCRIPT       : DATA_LOG | 2002432 | aRapBi1cCZPZAGLIDny3dk3hQ8vTmNTLHRl8zxmKgQ0= | 7988.48 | 6.01917 | 3335.45 | 0.786826 | -0.617175 | 0 | SVD_Wooden | 0 | 71.9056 | 2.13687 | 0 | 1 | 0 | 0 | 0 | 0 | 0 | 1 | camera | WorkingBoots_Yellow | 0.786826 | 0 | 
SCRIPT       : DATA_LOG | 2002460 | VEZjSxlcpgu1JLRUfHGLLLMsm0wqbyJ6fy2rl33V8jg= | 7988.21 | 6.02318 | 3334.04 | 0.288579 | 0.957456 | 0 | none | 1 | 49.2636 | 2.12229 | 0 | 1 | 0 | 0 | 0 | 0 | 0 | 1 | camera | target | 0.288579 | 0 | 0.957456 | 0.288579 
SCRIPT       : DATA_LOG | 2003436 | aRapBi1cCZPZAGLIDny3dk3hQ8vTmNTLHRl8zxmKgQ0= | 7988.48 | 6.01917 | 3335.45 | 0.786826 | -0.617175 | 0 | SVD_Wooden | 0 | 72.0473 | 2.14606 | 0 | 1 | 0 | 0 | 0 | 0 | 0 | 1 | camera | AmmoBox_308Win_20Rnd | 0.786826 | 0 |
SCRIPT       : DATA_LOG | 2003463 | VEZjSxlcpgu1JLRUfHGLLLMsm0wqbyJ6fy2rl33V8jg= | 7988.21 | 6.02318 | 3334.04 | 0.288579 | 0.957456 | 0 | none | 1 | 49.2454 | 2.12343 | 0 | 1 | 0 | 0 | 0 | 0 | 0 | 1 | camera | target | 0.288579 | 0 | 0.957456 | 0.288579 
SCRIPT       : DATA_LOG | 2004433 | aRapBi1cCZPZAGLIDny3dk3hQ8vTmNTLHRl8zxmKgQ0= | 7988.48 | 6.01917 | 3335.45 | 0.786826 | -0.617175 | 0 | SVD_Wooden | 0 | 72.0124 | 2.14647 | 0 | 1 | 0 | 0 | 0 | 0 | 0 | 1 | camera | AmmoBox_308Win_20Rnd | 0.786826 | 0 |
SCRIPT       : DATA_LOG | 2004458 | VEZjSxlcpgu1JLRUfHGLLLMsm0wqbyJ6fy2rl33V8jg= | 7988.21 | 6.02318 | 3334.04 | 0.288579 | 0.957456 | 0 | none | 1 | 49.2206 | 2.1238 | 0 | 1 | 0 | 0 | 0 | 0 | 0 | 1 | camera | target | 0.288579 | 0 | 0.957456 | 0.288579 |
SCRIPT       : DATA_LOG | 2005434 | aRapBi1cCZPZAGLIDny3dk3hQ8vTmNTLHRl8zxmKgQ0= | 7988.48 | 6.01917 | 3335.45 | 0.786826 | -0.617175 | 0 | SVD_Wooden | 0 | 71.927 | 2.13922 | 0 | 1 | 0 | 0 | 0 | 0 | 0 | 1 | camera | AmmoBox_308Win_20Rnd | 0.786826 | 0 | 
SCRIPT       : DATA_LOG | 2005458 | VEZjSxlcpgu1JLRUfHGLLLMsm0wqbyJ6fy2rl33V8jg= | 7988.21 | 6.02318 | 3334.04 | 0.288579 | 0.957456 | 0 | none | 1 | 49.2596 | 2.12255 | 0 | 1 | 0 | 0 | 0 | 0 | 0 | 1 | camera | target | 0.288579 | 0 | 0.957456 | 0.288579 
SCRIPT       : DATA_LOG | 2006436 | aRapBi1cCZPZAGLIDny3dk3hQ8vTmNTLHRl8zxmKgQ0= | 7988.48 | 6.01917 | 3335.45 | 0.786826 | -0.617175 | 0 | SVD_Wooden | 0 | 71.991 | 2.14269 | 0 | 1 | 0 | 0 | 0 | 0 | 0 | 1 | camera | AmmoBox_308Win_20Rnd | 0.786826 | 0 | 
SCRIPT       : DATA_LOG | 2006466 | VEZjSxlcpgu1JLRUfHGLLLMsm0wqbyJ6fy2rl33V8jg= | 7988.21 | 6.02318 | 3334.04 | 0.288579 | 0.957456 | 0 | none | 1 | 49.2217 | 2.12428 | 0 | 1 | 0 | 0 | 0 | 0 | 0 | 1 | camera | target | 0.288579 | 0 | 0.957456 | 0.288579 
SCRIPT       : DATA_LOG | 2007439 | aRapBi1cCZPZAGLIDny3dk3hQ8vTmNTLHRl8zxmKgQ0= | 7988.48 | 6.01917 | 3335.45 | 0.786826 | -0.617175 | 0 | SVD_Wooden | 0 | 71.8659 | 2.13917 | 0 | 1 | 0 | 0 | 0 | 0 | 0 | 1 | camera | AmmoBox_308Win_20Rnd | 0.786826 | 0 |
SCRIPT       : DATA_LOG | 2007464 | VEZjSxlcpgu1JLRUfHGLLLMsm0wqbyJ6fy2rl33V8jg= | 7988.21 | 6.02318 | 3334.04 | 0.288579 | 0.957456 | 0 | none | 1 | 49.227 | 2.12358 | 0 | 1 | 0 | 0 | 0 | 0 | 0 | 1 | camera | target | 0.288579 | 0 | 0.957456 | 0.288579 |
SCRIPT       : DATA_LOG | 2008439 | aRapBi1cCZPZAGLIDny3dk3hQ8vTmNTLHRl8zxmKgQ0= | 7988.48 | 6.01917 | 3335.45 | 0.786826 | -0.617175 | 0 | SVD_Wooden | 0 | 71.8711 | 2.14372 | 0 | 1 | 0 | 0 | 0 | 0 | 0 | 1 | camera | AmmoBox_308Win_20Rnd | 0.786826 | 0 |
SCRIPT       : DATA_LOG | 2008465 | VEZjSxlcpgu1JLRUfHGLLLMsm0wqbyJ6fy2rl33V8jg= | 7988.21 | 6.02318 | 3334.04 | 0.288579 | 0.957456 | 0 | none | 1 | 49.2566 | 2.12278 | 0 | 1 | 0 | 0 | 0 | 0 | 0 | 1 | camera | target | 0.288579 | 0 | 0.957456 | 0.288579 
SCRIPT       : DATA_LOG | 2009439 | aRapBi1cCZPZAGLIDny3dk3hQ8vTmNTLHRl8zxmKgQ0= | 7988.48 | 6.01917 | 3335.45 | 0.786826 | -0.617175 | 0 | SVD_Wooden | 0 | 71.8897 | 2.13866 | 0 | 1 | 0 | 0 | 0 | 0 | 0 | 1 | camera | AmmoBox_308Win_20Rnd | 0.786826 | 0 |
SCRIPT       : DATA_LOG | 2009465 | VEZjSxlcpgu1JLRUfHGLLLMsm0wqbyJ6fy2rl33V8jg= | 7988.21 | 6.02318 | 3334.04 | 0.288579 | 0.957456 | 0 | none | 1 | 49.2549 | 2.12305 | 0 | 1 | 0 | 0 | 0 | 0 | 0 | 1 | camera | target | 0.288579 | 0 | 0.957456 | 0.288579 
SCRIPT       : DATA_LOG | 2010439 | aRapBi1cCZPZAGLIDny3dk3hQ8vTmNTLHRl8zxmKgQ0= | 7988.48 | 6.01917 | 3335.45 | 0.786826 | -0.617175 | 0 | SVD_Wooden | 0 | 72.0341 | 2.14366 | 0 | 1 | 0 | 0 | 0 | 0 | 0 | 1 | camera | AmmoBox_308Win_20Rnd | 0.786826 | 0 |
SCRIPT       : DATA_LOG | 2010462 | VEZjSxlcpgu1JLRUfHGLLLMsm0wqbyJ6fy2rl33V8jg= | 7988.21 | 6.02318 | 3334.04 | 0.288579 | 0.957456 | 0 | none | 1 | 49.2435 | 2.12286 | 0 | 1 | 0 | 0 | 0 | 0 | 0 | 1 | camera | target | 0.288579 | 0 | 0.957456 | 0.288579 
SCRIPT       : DATA_LOG | 2011439 | aRapBi1cCZPZAGLIDny3dk3hQ8vTmNTLHRl8zxmKgQ0= | 7988.48 | 6.01917 | 3335.45 | 0.786826 | -0.617175 | 0 | SVD_Wooden | 0 | 72.025 | 2.14811 | 0 | 1 | 0 | 0 | 0 | 0 | 0 | 1 | camera | AmmoBox_308Win_20Rnd | 0.786826 | 0 | 
SCRIPT       : DATA_LOG | 2011465 | VEZjSxlcpgu1JLRUfHGLLLMsm0wqbyJ6fy2rl33V8jg= | 7988.21 | 6.02318 | 3334.04 | 0.288579 | 0.957456 | 0 | none | 1 | 49.2516 | 2.1227 | 0 | 1 | 0 | 0 | 0 | 0 | 0 | 1 | camera | target | 0.288579 | 0 | 0.957456 | 0.288579 |
SCRIPT       : DATA_LOG | 2012445 | aRapBi1cCZPZAGLIDny3dk3hQ8vTmNTLHRl8zxmKgQ0= | 7988.48 | 6.01917 | 3335.45 | 0.786826 | -0.617175 | 0 | SVD_Wooden | 0 | 71.9312 | 2.13803 | 0 | 1 | 0 | 0 | 0 | 0 | 0 | 1 | camera | AmmoBox_308Win_20Rnd | 0.786826 | 0 |
SCRIPT       : DATA_LOG | 2012475 | VEZjSxlcpgu1JLRUfHGLLLMsm0wqbyJ6fy2rl33V8jg= | 7988.21 | 6.02318 | 3334.04 | 0.288579 | 0.957456 | 0 | none | 1 | 49.2173 | 2.12459 | 0 | 1 | 0 | 0 | 0 | 0 | 0 | 1 | camera | target | 0.288579 | 0 | 0.957456 | 0.288579 
SCRIPT       : DATA_LOG | 2013446 | aRapBi1cCZPZAGLIDny3dk3hQ8vTmNTLHRl8zxmKgQ0= | 7988.48 | 6.01917 | 3335.45 | 0.786826 | -0.617175 | 0 | SVD_Wooden | 0 | 72.0058 | 2.14338 | 0 | 1 | 0 | 0 | 0 | 0 | 0 | 1 | camera | AmmoBox_308Win_20Rnd | 0.786826 | 0 |
SCRIPT       : DATA_LOG | 2013475 | VEZjSxlcpgu1JLRUfHGLLLMsm0wqbyJ6fy2rl33V8jg= | 7988.21 | 6.02318 | 3334.04 | 0.288579 | 0.957456 | 0 | none | 1 | 49.2449 | 2.12285 | 0 | 1 | 0 | 0 | 0 | 0 | 0 | 1 | camera | target | 0.288579 | 0 | 0.957456 | 0.288579 
SCRIPT       : DATA_LOG | 2014441 | aRapBi1cCZPZAGLIDny3dk3hQ8vTmNTLHRl8zxmKgQ0= | 7988.48 | 6.01917 | 3335.45 | 0.786826 | -0.617175 | 0 | SVD_Wooden | 0 | 71.8638 | 2.13942 | 0 | 1 | 0 | 0 | 0 | 0 | 0 | 1 | camera | AmmoBox_762x54_20Rnd | 0.786826 | 0 |
SCRIPT       : DATA_LOG | 2014465 | VEZjSxlcpgu1JLRUfHGLLLMsm0wqbyJ6fy2rl33V8jg= | 7988.21 | 6.02318 | 3334.04 | 0.288579 | 0.957456 | 0 | none | 1 | 49.2369 | 2.12364 | 0 | 1 | 0 | 0 | 0 | 0 | 0 | 1 | camera | target | 0.288579 | 0 | 0.957456 | 0.288579 
SCRIPT       : DATA_LOG | 2015444 | aRapBi1cCZPZAGLIDny3dk3hQ8vTmNTLHRl8zxmKgQ0= | 7988.48 | 6.01917 | 3335.45 | 0.786826 | -0.617175 | 0 | SVD_Wooden | 0 | 71.8559 | 2.14229 | 0 | 1 | 0 | 0 | 0 | 0 | 0 | 1 | camera | AmmoBox_762x54_20Rnd | 0.786826 | 0 |
SCRIPT       : DATA_LOG | 2015472 | VEZjSxlcpgu1JLRUfHGLLLMsm0wqbyJ6fy2rl33V8jg= | 7988.21 | 6.02318 | 3334.04 | 0.288579 | 0.957456 | 0 | none | 1 | 49.2475 | 2.12331 | 0 | 1 | 0 | 0 | 0 | 0 | 0 | 1 | camera | target | 0.288579 | 0 | 0.957456 | 0.288579 
SCRIPT       : DATA_LOG | 2016452 | aRapBi1cCZPZAGLIDny3dk3hQ8vTmNTLHRl8zxmKgQ0= | 7988.48 | 6.01917 | 3335.45 | 0.786826 | -0.617175 | 0 | SVD_Wooden | 0 | 71.8695 | 2.14094 | 0 | 1 | 0 | 0 | 0 | 0 | 0 | 1 | camera | AmmoBox_762x54_20Rnd | 0.786826 | 0 |
SCRIPT       : DATA_LOG | 2016483 | VEZjSxlcpgu1JLRUfHGLLLMsm0wqbyJ6fy2rl33V8jg= | 7988.21 | 6.02318 | 3334.04 | 0.288579 | 0.957456 | 0 | none | 1 | 49.2513 | 2.12255 | 0 | 1 | 0 | 0 | 0 | 0 | 0 | 1 | camera | target | 0.288579 | 0 | 0.957456 | 0.288579 
SCRIPT       : DATA_LOG | 2017445 | aRapBi1cCZPZAGLIDny3dk3hQ8vTmNTLHRl8zxmKgQ0= | 7988.48 | 6.01917 | 3335.45 | 0.786826 | -0.617175 | 0 | SVD_Wooden | 0 | 72.0029 | 2.1407 | 0 | 1 | 0 | 0 | 0 | 0 | 0 | 1 | camera | AmmoBox_762x54_20Rnd | 0.786826 | 0 | 
SCRIPT       : DATA_LOG | 2017467 | VEZjSxlcpgu1JLRUfHGLLLMsm0wqbyJ6fy2rl33V8jg= | 7988.21 | 6.02318 | 3334.04 | 0.288579 | 0.957456 | 0 | none | 1 | 49.245 | 2.12306 | 0 | 1 | 0 | 0 | 0 | 0 | 0 | 1 | camera | target | 0.288579 | 0 | 0.957456 | 0.288579 |
SCRIPT       : DATA_LOG | 2018446 | aRapBi1cCZPZAGLIDny3dk3hQ8vTmNTLHRl8zxmKgQ0= | 7988.48 | 6.01917 | 3335.45 | 0.786826 | -0.617175 | 0 | SVD_Wooden | 0 | 72.0347 | 2.14989 | 0 | 1 | 0 | 0 | 0 | 0 | 0 | 1 | camera | AmmoBox_762x54_20Rnd | 0.786826 | 0 |
SCRIPT       : DATA_LOG | 2018472 | VEZjSxlcpgu1JLRUfHGLLLMsm0wqbyJ6fy2rl33V8jg= | 7988.21 | 6.02318 | 3334.04 | 0.288579 | 0.957456 | 0 | none | 1 | 49.2126 | 2.1246 | 0 | 1 | 0 | 0 | 0 | 0 | 0 | 1 | camera | target | 0.288579 | 0 | 0.957456 | 0.288579 |
SCRIPT       : DATA_LOG | 2019450 | aRapBi1cCZPZAGLIDny3dk3hQ8vTmNTLHRl8zxmKgQ0= | 7988.48 | 6.01917 | 3335.45 | 0.786826 | -0.617175 | 0 | SVD_Wooden | 0 | 71.9429 | 2.13812 | 0 | 1 | 0 | 0 | 0 | 0 | 0 | 1 | camera | AmmoBox_308Win_20Rnd | 0.786826 | 0 |
SCRIPT       : DATA_LOG | 2019479 | VEZjSxlcpgu1JLRUfHGLLLMsm0wqbyJ6fy2rl33V8jg= | 7988.21 | 6.02318 | 3334.04 | 0.288579 | 0.957456 | 0 | none | 1 | 49.2561 | 2.12254 | 0 | 1 | 0 | 0 | 0 | 0 | 0 | 1 | camera | target | 0.288579 | 0 | 0.957456 | 0.288579 
SCRIPT       : DATA_LOG | 2020450 | aRapBi1cCZPZAGLIDny3dk3hQ8vTmNTLHRl8zxmKgQ0= | 7988.48 | 6.01917 | 3335.45 | 0.786826 | -0.617175 | 0 | SVD_Wooden | 0 | 72.0092 | 2.14399 | 0 | 1 | 0 | 0 | 0 | 0 | 0 | 1 | camera | AmmoBox_308Win_20Rnd | 0.786826 | 0 |
SCRIPT       : DATA_LOG | 2020475 | VEZjSxlcpgu1JLRUfHGLLLMsm0wqbyJ6fy2rl33V8jg= | 7988.21 | 6.02318 | 3334.04 | 0.288579 | 0.957456 | 0 | none | 1 | 49.2309 | 2.12381 | 0 | 1 | 0 | 0 | 0 | 0 | 0 | 1 | camera | target | 0.288579 | 0 | 0.957456 | 0.288579 
SCRIPT       : DATA_LOG | 2021449 | aRapBi1cCZPZAGLIDny3dk3hQ8vTmNTLHRl8zxmKgQ0= | 7988.48 | 6.01917 | 3335.45 | 0.786826 | -0.617175 | 0 | SVD_Wooden | 0 | 71.0417 | 1.96172 | 0 | 1 | 0 | 0 | 0 | 0 | 0 | 1 | camera | AmmoBox_308Win_20Rnd | 0.786826 | 0 |
SCRIPT       : DATA_LOG | 2021473 | VEZjSxlcpgu1JLRUfHGLLLMsm0wqbyJ6fy2rl33V8jg= | 7988.21 | 6.02318 | 3334.04 | 0.288579 | 0.957456 | 0 | none | 1 | 49.236 | 2.12346 | 0 | 1 | 0 | 0 | 0 | 0 | 0 | 1 | camera | target | 0.288579 | 0 | 0.957456 | 0.288579 |
SCRIPT       : DATA_LOG | 2022448 | aRapBi1cCZPZAGLIDny3dk3hQ8vTmNTLHRl8zxmKgQ0= | 7988.48 | 6.01917 | 3335.45 | 0.786826 | -0.617175 | 0 | SVD_Wooden | 0 | 71.5439 | 2.08714 | 0 | 1 | 0 | 0 | 0 | 0 | 0 | 1 | camera | AmmoBox_308Win_20Rnd | 0.786826 | 0 |
SCRIPT       : DATA_LOG | 2022475 | VEZjSxlcpgu1JLRUfHGLLLMsm0wqbyJ6fy2rl33V8jg= | 7988.21 | 6.02318 | 3334.04 | 0.288579 | 0.957456 | 0 | none | 1 | 49.2587 | 2.12251 | 0 | 1 | 0 | 0 | 0 | 0 | 0 | 1 | camera | target | 0.288579 | 0 | 0.957456 | 0.288579 
SCRIPT       : DATA_LOG | 2023450 | aRapBi1cCZPZAGLIDny3dk3hQ8vTmNTLHRl8zxmKgQ0= | 7988.48 | 6.01917 | 3335.45 | 0.786826 | -0.617175 | 0 | SVD_Wooden | 0 | 71.5941 | 2.08517 | 0 | 1 | 0 | 0 | 0 | 0 | 0 | 1 | camera | WorkingBoots_Yellow | 0.786826 | 0 | 
SCRIPT       : DATA_LOG | 2023474 | VEZjSxlcpgu1JLRUfHGLLLMsm0wqbyJ6fy2rl33V8jg= | 7988.21 | 6.02318 | 3334.04 | 0.288579 | 0.957456 | 0 | none | 1 | 49.2228 | 2.12404 | 0 | 1 | 0 | 0 | 0 | 0 | 0 | 1 | camera | target | 0.288579 | 0 | 0.957456 | 0.288579 
SCRIPT       : DATA_LOG | 2024453 | aRapBi1cCZPZAGLIDny3dk3hQ8vTmNTLHRl8zxmKgQ0= | 7988.48 | 6.01917 | 3335.45 | 0.786826 | -0.617175 | 0 | SVD_Wooden | 0 | 71.9724 | 2.13452 | 0 | 1 | 0 | 0 | 0 | 0 | 0 | 1 | camera | WorkingBoots_Yellow | 0.786826 | 0 | 
SCRIPT       : DATA_LOG | 2024478 | VEZjSxlcpgu1JLRUfHGLLLMsm0wqbyJ6fy2rl33V8jg= | 7988.21 | 6.02318 | 3334.04 | 0.288579 | 0.957456 | 0 | none | 1 | 49.2086 | 2.12436 | 0 | 1 | 0 | 0 | 0 | 0 | 0 | 1 | camera | target | 0.288579 | 0 | 0.957456 | 0.288579 
SCRIPT       : DATA_LOG | 2025451 | aRapBi1cCZPZAGLIDny3dk3hQ8vTmNTLHRl8zxmKgQ0= | 7988.48 | 6.01917 | 3335.45 | 0.786826 | -0.617175 | 0 | SVD_Wooden | 0 | 72.0444 | 2.15096 | 0 | 1 | 0 | 0 | 0 | 0 | 0 | 1 | camera | WorkingBoots_Yellow | 0.786826 | 0 | 
SCRIPT       : DATA_LOG | 2025472 | VEZjSxlcpgu1JLRUfHGLLLMsm0wqbyJ6fy2rl33V8jg= | 7988.21 | 6.02318 | 3334.04 | 0.288579 | 0.957456 | 0 | none | 1 | 49.2631 | 2.12242 | 0 | 1 | 0 | 0 | 0 | 0 | 0 | 1 | camera | target | 0.288579 | 0 | 0.957456 | 0.288579 
SCRIPT       : DATA_LOG | 2026454 | aRapBi1cCZPZAGLIDny3dk3hQ8vTmNTLHRl8zxmKgQ0= | 7988.48 | 6.01917 | 3335.45 | 0.786826 | -0.617175 | 0 | SVD_Wooden | 0 | 71.9556 | 2.13905 | 0 | 1 | 0 | 0 | 0 | 0 | 0 | 1 | camera | WorkingBoots_Yellow | 0.786826 | 0 | 
SCRIPT       : DATA_LOG | 2026481 | VEZjSxlcpgu1JLRUfHGLLLMsm0wqbyJ6fy2rl33V8jg= | 7988.21 | 6.02318 | 3334.04 | 0.288579 | 0.957456 | 0 | none | 1 | 49.2487 | 2.12336 | 0 | 1 | 0 | 0 | 0 | 0 | 0 | 1 | camera | target | 0.288579 | 0 | 0.957456 | 0.288579 
SCRIPT       : DATA_LOG | 2027458 | aRapBi1cCZPZAGLIDny3dk3hQ8vTmNTLHRl8zxmKgQ0= | 7988.48 | 6.01917 | 3335.45 | 0.786826 | -0.617175 | 0 | SVD_Wooden | 0 | 72.0009 | 2.14379 | 0 | 1 | 0 | 0 | 0 | 0 | 0 | 1 | camera | WorkingBoots_Yellow | 0.786826 | 0 | 
SCRIPT       : DATA_LOG | 2027485 | VEZjSxlcpgu1JLRUfHGLLLMsm0wqbyJ6fy2rl33V8jg= | 7988.21 | 6.02318 | 3334.04 | 0.288579 | 0.957456 | 0 | none | 1 | 49.2336 | 2.12329 | 0 | 1 | 0 | 0 | 0 | 0 | 0 | 1 | camera | target | 0.288579 | 0 | 0.957456 | 0.288579 
SCRIPT       : DATA_LOG | 2028457 | aRapBi1cCZPZAGLIDny3dk3hQ8vTmNTLHRl8zxmKgQ0= | 7988.48 | 6.01917 | 3335.45 | 0.786826 | -0.617175 | 0 | SVD_Wooden | 0 | 71.8783 | 2.14076 | 0 | 1 | 0 | 0 | 0 | 0 | 0 | 1 | camera | WorkingBoots_Yellow | 0.786826 | 0 | 
SCRIPT       : DATA_LOG | 2028487 | VEZjSxlcpgu1JLRUfHGLLLMsm0wqbyJ6fy2rl33V8jg= | 7988.21 | 6.02318 | 3334.04 | 0.288579 | 0.957456 | 0 | none | 1 | 49.2584 | 2.12264 | 0 | 1 | 0 | 0 | 0 | 0 | 0 | 1 | camera | target | 0.288579 | 0 | 0.957456 | 0.288579 
SCRIPT       : DATA_LOG | 2029460 | aRapBi1cCZPZAGLIDny3dk3hQ8vTmNTLHRl8zxmKgQ0= | 7988.52 | 6.01906 | 3335.47 | 0.760624 | -0.649193 | 0 | SVD_Wooden | 1 | 71.0635 | 2.16 | 0 | 1 | 0 | 0 | 0 | 0 | 0 | 1 | camera | target | 0.760624 | 0 | -0.649193 | 0.76
SCRIPT       : DATA_LOG | 2029490 | VEZjSxlcpgu1JLRUfHGLLLMsm0wqbyJ6fy2rl33V8jg= | 7988.21 | 6.02318 | 3334.04 | 0.288579 | 0.957456 | 0 | none | 1 | 48.9541 | 2.11811 | 0 | 1 | 0 | 0 | 0 | 0 | 0 | 1 | camera | target | 0.288579 | 0 | 0.957456 | 0.288579 
SCRIPT       : DATA_LOG | 2030458 | aRapBi1cCZPZAGLIDny3dk3hQ8vTmNTLHRl8zxmKgQ0= | 7988.68 | 6.01863 | 3335.55 | 0.760624 | -0.649193 | 0 | SVD_Wooden | 0 | 73.6233 | 2.24626 | 0 | 1 | 0 | 0 | 0 | 0 | 0 | 1 | camera | DownJacket_Blue | 0.760624 | 0 | -0.6
SCRIPT       : DATA_LOG | 2030482 | VEZjSxlcpgu1JLRUfHGLLLMsm0wqbyJ6fy2rl33V8jg= | 7988.21 | 6.02318 | 3334.04 | 0.288579 | 0.957456 | 0 | none | 1 | 46.5542 | 2.20303 | 0 | 1 | 0 | 0 | 0 | 0 | 0 | 1 | camera | target | 0.288579 | 0 | 0.957456 | 0.288579 
SCRIPT       : DATA_LOG | 2031458 | aRapBi1cCZPZAGLIDny3dk3hQ8vTmNTLHRl8zxmKgQ0= | 7988.68 | 6.01863 | 3335.55 | 0.760624 | -0.649193 | 0 | SVD_Wooden | 0 | 73.7057 | 2.2355 | 0 | 1 | 0 | 0 | 0 | 0 | 0 | 1 | camera | DownJacket_Blue | 0.760624 | 0 | -0.64
SCRIPT       : DATA_LOG | 2031487 | VEZjSxlcpgu1JLRUfHGLLLMsm0wqbyJ6fy2rl33V8jg= | 7988.21 | 6.02318 | 3334.04 | 0.288579 | 0.957456 | 0 | none | 1 | 46.5613 | 2.20319 | 0 | 1 | 0 | 0 | 0 | 0 | 0 | 1 | camera | target | 0.288579 | 0 | 0.957456 | 0.288579 
SCRIPT       : DATA_LOG | 2032456 | aRapBi1cCZPZAGLIDny3dk3hQ8vTmNTLHRl8zxmKgQ0= | 7988.68 | 6.01863 | 3335.55 | 0.760624 | -0.649193 | 0 | SVD_Wooden | 0 | 73.7853 | 2.25133 | 0 | 1 | 0 | 0 | 0 | 0 | 0 | 1 | camera | DownJacket_Blue | 0.760624 | 0 | -0.6
SCRIPT       : DATA_LOG | 2032480 | VEZjSxlcpgu1JLRUfHGLLLMsm0wqbyJ6fy2rl33V8jg= | 7988.21 | 6.02318 | 3334.04 | 0.288579 | 0.957456 | 0 | none | 1 | 46.5574 | 2.20268 | 0 | 1 | 0 | 0 | 0 | 0 | 0 | 1 | camera | target | 0.288579 | 0 | 0.957456 | 0.288579 
SCRIPT       : DATA_LOG | 2033463 | aRapBi1cCZPZAGLIDny3dk3hQ8vTmNTLHRl8zxmKgQ0= | 7988.68 | 6.01863 | 3335.55 | 0.760624 | -0.649193 | 0 | SVD_Wooden | 0 | 73.7259 | 2.2406 | 0 | 1 | 0 | 0 | 0 | 0 | 0 | 1 | camera | DownJacket_Blue | 0.760624 | 0 | -0.64
SCRIPT       : DATA_LOG | 2033493 | VEZjSxlcpgu1JLRUfHGLLLMsm0wqbyJ6fy2rl33V8jg= | 7988.21 | 6.02318 | 3334.04 | 0.288579 | 0.957456 | 0 | none | 1 | 46.5588 | 2.20254 | 0 | 1 | 0 | 0 | 0 | 0 | 0 | 1 | camera | target | 0.288579 | 0 | 0.957456 | 0.288579 
SCRIPT       : DATA_LOG | 2034461 | aRapBi1cCZPZAGLIDny3dk3hQ8vTmNTLHRl8zxmKgQ0= | 7988.68 | 6.01863 | 3335.55 | 0.760624 | -0.649193 | 0 | SVD_Wooden | 0 | 73.714 | 2.24221 | 0 | 1 | 0 | 0 | 0 | 0 | 0 | 1 | camera | DownJacket_Blue | 0.760624 | 0 | -0.64
SCRIPT       : DATA_LOG | 2034484 | VEZjSxlcpgu1JLRUfHGLLLMsm0wqbyJ6fy2rl33V8jg= | 7988.21 | 6.02318 | 3334.04 | 0.288579 | 0.957456 | 0 | none | 1 | 46.5584 | 2.20287 | 0 | 1 | 0 | 0 | 0 | 0 | 0 | 1 | camera | target | 0.288579 | 0 | 0.957456 | 0.288579 
SCRIPT       : DATA_LOG | 2035461 | aRapBi1cCZPZAGLIDny3dk3hQ8vTmNTLHRl8zxmKgQ0= | 7988.68 | 6.01863 | 3335.55 | 0.760624 | -0.649193 | 0 | SVD_Wooden | 0 | 73.6489 | 2.24107 | 0 | 1 | 0 | 0 | 0 | 0 | 0 | 1 | camera | DownJacket_Blue | 0.760624 | 0 | -0.6
SCRIPT       : DATA_LOG | 2035487 | VEZjSxlcpgu1JLRUfHGLLLMsm0wqbyJ6fy2rl33V8jg= | 7988.21 | 6.02318 | 3334.04 | 0.288579 | 0.957456 | 0 | none | 1 | 46.5289 | 2.20438 | 0 | 1 | 0 | 0 | 0 | 0 | 0 | 1 | camera | target | 0.288579 | 0 | 0.957456 | 0.288579 
SCRIPT       : DATA_LOG | 2036463 | aRapBi1cCZPZAGLIDny3dk3hQ8vTmNTLHRl8zxmKgQ0= | 7988.68 | 6.01863 | 3335.55 | 0.760624 | -0.649193 | 0 | SVD_Wooden | 0 | 73.5877 | 2.23935 | 0 | 1 | 0 | 0 | 0 | 0 | 0 | 1 | camera | AmmoBox_45ACP_25rnd | 0.760624 | 0 | 
SCRIPT       : DATA_LOG | 2036484 | VEZjSxlcpgu1JLRUfHGLLLMsm0wqbyJ6fy2rl33V8jg= | 7988.21 | 6.02318 | 3334.04 | 0.288579 | 0.957456 | 0 | none | 1 | 46.5663 | 2.20278 | 0 | 1 | 0 | 0 | 0 | 0 | 0 | 1 | camera | target | 0.288579 | 0 | 0.957456 | 0.288579 
SCRIPT       : DATA_LOG | 2037461 | aRapBi1cCZPZAGLIDny3dk3hQ8vTmNTLHRl8zxmKgQ0= | 7988.68 | 6.01863 | 3335.55 | 0.760624 | -0.649193 | 0 | SVD_Wooden | 0 | 73.626 | 2.24606 | 0 | 1 | 0 | 0 | 0 | 0 | 0 | 1 | camera | AmmoBox_45ACP_25rnd | 0.760624 | 0 | -
SCRIPT       : DATA_LOG | 2037485 | VEZjSxlcpgu1JLRUfHGLLLMsm0wqbyJ6fy2rl33V8jg= | 7988.21 | 6.02318 | 3334.04 | 0.288579 | 0.957456 | 0 | none | 1 | 46.5448 | 2.20381 | 0 | 1 | 0 | 0 | 0 | 0 | 0 | 1 | camera | target | 0.288579 | 0 | 0.957456 | 0.288579 
SCRIPT       : DATA_LOG | 2038465 | aRapBi1cCZPZAGLIDny3dk3hQ8vTmNTLHRl8zxmKgQ0= | 7988.68 | 6.01863 | 3335.55 | 0.760624 | -0.649193 | 0 | SVD_Wooden | 0 | 73.6883 | 2.23471 | 0 | 1 | 0 | 0 | 0 | 0 | 0 | 1 | camera | AmmoBox_45ACP_25rnd | 0.760624 | 0 | 
SCRIPT       : DATA_LOG | 2038494 | VEZjSxlcpgu1JLRUfHGLLLMsm0wqbyJ6fy2rl33V8jg= | 7988.21 | 6.02318 | 3334.04 | 0.288579 | 0.957456 | 0 | none | 1 | 46.5476 | 2.20317 | 0 | 1 | 0 | 0 | 0 | 0 | 0 | 1 | camera | target | 0.288579 | 0 | 0.957456 | 0.288579 
SCRIPT       : DATA_LOG | 2039469 | aRapBi1cCZPZAGLIDny3dk3hQ8vTmNTLHRl8zxmKgQ0= | 7988.68 | 6.01863 | 3335.55 | 0.760624 | -0.649193 | 0 | SVD_Wooden | 0 | 73.7903 | 2.24956 | 0 | 1 | 0 | 0 | 0 | 0 | 0 | 1 | camera | DownJacket_Blue | 0.760624 | 0 | -0.6
SCRIPT       : DATA_LOG | 2039530 | VEZjSxlcpgu1JLRUfHGLLLMsm0wqbyJ6fy2rl33V8jg= | 7988.21 | 6.02318 | 3334.04 | 0.288579 | 0.957456 | 0 | none | 1 | 46.5628 | 2.20257 | 0 | 1 | 0 | 0 | 0 | 0 | 0 | 1 | camera | target | 0.288579 | 0 | 0.957456 | 0.288579 
SCRIPT       : DATA_LOG | 2040476 | aRapBi1cCZPZAGLIDny3dk3hQ8vTmNTLHRl8zxmKgQ0= | 7988.68 | 6.01863 | 3335.55 | 0.760624 | -0.649193 | 0 | SVD_Wooden | 0 | 73.7353 | 2.24335 | 0 | 1 | 0 | 0 | 0 | 0 | 0 | 1 | camera | DownJacket_Blue | 0.760624 | 0 | -0.6
SCRIPT       : DATA_LOG | 2040504 | VEZjSxlcpgu1JLRUfHGLLLMsm0wqbyJ6fy2rl33V8jg= | 7988.21 | 6.02318 | 3334.04 | 0.288579 | 0.957456 | 0 | none | 1 | 45.9979 | 2.23481 | 0 | 1 | 0 | 0 | 0 | 0 | 0 | 1 | camera | target | 0.288579 | 0 | 0.957456 | 0.288579 
SCRIPT       : DATA_LOG | 2041470 | aRapBi1cCZPZAGLIDny3dk3hQ8vTmNTLHRl8zxmKgQ0= | 7988.68 | 6.01863 | 3335.55 | 0.760624 | -0.649193 | 0 | SVD_Wooden | 0 | 73.6932 | 2.24021 | 0 | 1 | 0 | 0 | 0 | 0 | 0 | 1 | camera | DownJacket_Blue | 0.760624 | 0 | -0.6
SCRIPT       : DATA_LOG | 2041496 | VEZjSxlcpgu1JLRUfHGLLLMsm0wqbyJ6fy2rl33V8jg= | 7988.21 | 6.02318 | 3334.04 | 0.288579 | 0.957456 | 0 | none | 1 | 46.431 | 2.20716 | 0 | 1 | 0 | 0 | 0 | 0 | 0 | 1 | camera | target | 0.288579 | 0 | 0.957456 | 0.288579 |
SCRIPT       : DATA_LOG | 2042471 | aRapBi1cCZPZAGLIDny3dk3hQ8vTmNTLHRl8zxmKgQ0= | 7988.68 | 6.01863 | 3335.55 | 0.760624 | -0.649193 | 0 | SVD_Wooden | 0 | 73.6856 | 2.24182 | 0 | 1 | 0 | 0 | 0 | 0 | 0 | 1 | camera | DownJacket_Blue | 0.760624 | 0 | -0.6
SCRIPT       : DATA_LOG | 2042499 | VEZjSxlcpgu1JLRUfHGLLLMsm0wqbyJ6fy2rl33V8jg= | 7988.21 | 6.02318 | 3334.04 | 0.288579 | 0.957456 | 0 | none | 1 | 46.4857 | 2.20524 | 0 | 1 | 0 | 0 | 0 | 0 | 0 | 1 | camera | target | 0.288579 | 0 | 0.957456 | 0.288579 
SCRIPT       : DATA_LOG | 2043473 | aRapBi1cCZPZAGLIDny3dk3hQ8vTmNTLHRl8zxmKgQ0= | 7988.68 | 6.01863 | 3335.55 | 0.760624 | -0.649193 | 0 | SVD_Wooden | 0 | 73.6029 | 2.23856 | 0 | 1 | 0 | 0 | 0 | 0 | 0 | 1 | camera | DownJacket_Blue | 0.760624 | 0 | -0.6
SCRIPT       : DATA_LOG | 2043499 | VEZjSxlcpgu1JLRUfHGLLLMsm0wqbyJ6fy2rl33V8jg= | 7988.21 | 6.02318 | 3334.04 | 0.288579 | 0.957456 | 0 | none | 1 | 46.4569 | 2.2061 | 0 | 1 | 0 | 0 | 0 | 0 | 0 | 1 | camera | target | 0.288579 | 0 | 0.957456 | 0.288579 |
SCRIPT       : DATA_LOG | 2044469 | aRapBi1cCZPZAGLIDny3dk3hQ8vTmNTLHRl8zxmKgQ0= | 7988.68 | 6.01863 | 3335.55 | 0.760624 | -0.649193 | 0 | SVD_Wooden | 0 | 73.6292 | 2.24499 | 0 | 1 | 0 | 0 | 0 | 0 | 0 | 1 | camera | DownJacket_Blue | 0.760624 | 0 | -0.6
SCRIPT       : DATA_LOG | 2044494 | VEZjSxlcpgu1JLRUfHGLLLMsm0wqbyJ6fy2rl33V8jg= | 7988.21 | 6.02318 | 3334.04 | 0.288579 | 0.957456 | 0 | none | 1 | 46.4503 | 2.20604 | 0 | 1 | 0 | 0 | 0 | 0 | 0 | 1 | camera | target | 0.288579 | 0 | 0.957456 | 0.288579 
SCRIPT       : DATA_LOG | 2045477 | aRapBi1cCZPZAGLIDny3dk3hQ8vTmNTLHRl8zxmKgQ0= | 7988.68 | 6.01863 | 3335.55 | 0.760624 | -0.649193 | 0 | SVD_Wooden | 0 | 73.673 | 2.23548 | 0 | 1 | 0 | 0 | 0 | 0 | 0 | 1 | camera | DownJacket_Blue | 0.760624 | 0 | -0.64
SCRIPT       : DATA_LOG | 2045502 | VEZjSxlcpgu1JLRUfHGLLLMsm0wqbyJ6fy2rl33V8jg= | 7988.21 | 6.02318 | 3334.04 | 0.288579 | 0.957456 | 0 | none | 1 | 46.4781 | 2.20534 | 0 | 1 | 0 | 0 | 0 | 0 | 0 | 1 | camera | target | 0.288579 | 0 | 0.957456 | 0.288579 
SCRIPT       : DATA_LOG | 2046478 | aRapBi1cCZPZAGLIDny3dk3hQ8vTmNTLHRl8zxmKgQ0= | 7988.68 | 6.01863 | 3335.55 | 0.760624 | -0.649193 | 0 | SVD_Wooden | 0 | 73.7877 | 2.24658 | 0 | 1 | 0 | 0 | 0 | 0 | 0 | 1 | camera | DownJacket_Blue | 0.760624 | 0 | -0.6
SCRIPT       : DATA_LOG | 2046504 | VEZjSxlcpgu1JLRUfHGLLLMsm0wqbyJ6fy2rl33V8jg= | 7988.21 | 6.02318 | 3334.04 | 0.288579 | 0.957456 | 0 | none | 1 | 46.4396 | 2.20683 | 0 | 1 | 0 | 0 | 0 | 0 | 0 | 1 | camera | target | 0.288579 | 0 | 0.957456 | 0.288579 
SCRIPT       : DATA_LOG | 2047480 | aRapBi1cCZPZAGLIDny3dk3hQ8vTmNTLHRl8zxmKgQ0= | 7988.68 | 6.01863 | 3335.55 | 0.760624 | -0.649193 | 0 | SVD_Wooden | 0 | 73.7496 | 2.24563 | 0 | 1 | 0 | 0 | 0 | 0 | 0 | 1 | camera | DownJacket_Blue | 0.760624 | 0 | -0.6
SCRIPT       : DATA_LOG | 2047509 | VEZjSxlcpgu1JLRUfHGLLLMsm0wqbyJ6fy2rl33V8jg= | 7988.21 | 6.02318 | 3334.04 | 0.288579 | 0.957456 | 0 | none | 1 | 46.4395 | 2.20669 | 0 | 1 | 0 | 0 | 0 | 0 | 0 | 1 | camera | target | 0.288579 | 0 | 0.957456 | 0.288579 
SCRIPT       : DATA_LOG | 2048480 | aRapBi1cCZPZAGLIDny3dk3hQ8vTmNTLHRl8zxmKgQ0= | 7988.68 | 6.01863 | 3335.55 | 0.760624 | -0.649193 | 0 | SVD_Wooden | 0 | 73.6882 | 2.2388 | 0 | 1 | 0 | 0 | 0 | 0 | 0 | 1 | camera | DownJacket_Blue | 0.760624 | 0 | -0.64
SCRIPT       : DATA_LOG | 2048501 | VEZjSxlcpgu1JLRUfHGLLLMsm0wqbyJ6fy2rl33V8jg= | 7988.21 | 6.02318 | 3334.04 | 0.288579 | 0.957456 | 0 | none | 1 | 46.4826 | 2.20539 | 0 | 1 | 0 | 0 | 0 | 0 | 0 | 1 | camera | target | 0.288579 | 0 | 0.957456 | 0.288579 
SCRIPT       : DATA_LOG | 2049482 | aRapBi1cCZPZAGLIDny3dk3hQ8vTmNTLHRl8zxmKgQ0= | 7988.68 | 6.01863 | 3335.55 | 0.760624 | -0.649193 | 0 | SVD_Wooden | 0 | 73.7276 | 2.24214 | 0 | 1 | 0 | 0 | 0 | 0 | 0 | 1 | camera | DownJacket_Blue | 0.760624 | 0 | -0.6
SCRIPT       : DATA_LOG | 2049511 | VEZjSxlcpgu1JLRUfHGLLLMsm0wqbyJ6fy2rl33V8jg= | 7988.21 | 6.02318 | 3334.04 | 0.288579 | 0.957456 | 0 | none | 1 | 46.4625 | 2.20571 | 0 | 1 | 0 | 0 | 0 | 0 | 0 | 1 | camera | target | 0.288579 | 0 | 0.957456 | 0.288579 
SCRIPT       : DATA_LOG | 2050483 | aRapBi1cCZPZAGLIDny3dk3hQ8vTmNTLHRl8zxmKgQ0= | 7988.68 | 6.01863 | 3335.55 | 0.760624 | -0.649193 | 0 | SVD_Wooden | 0 | 73.6227 | 2.23819 | 0 | 1 | 0 | 0 | 0 | 0 | 0 | 1 | camera | DownJacket_Blue | 0.760624 | 0 | -0.6
SCRIPT       : DATA_LOG | 2050509 | VEZjSxlcpgu1JLRUfHGLLLMsm0wqbyJ6fy2rl33V8jg= | 7988.21 | 6.02318 | 3334.04 | 0.288579 | 0.957456 | 0 | none | 1 | 46.4588 | 2.20564 | 0 | 1 | 0 | 0 | 0 | 0 | 0 | 1 | camera | target | 0.288579 | 0 | 0.957456 | 0.288579 
SCRIPT       : DATA_LOG | 2051479 | aRapBi1cCZPZAGLIDny3dk3hQ8vTmNTLHRl8zxmKgQ0= | 7988.68 | 6.01863 | 3335.55 | 0.760624 | -0.649193 | 0 | SVD_Wooden | 0 | 73.6136 | 2.23178 | 0 | 1 | 0 | 0 | 0 | 0 | 0 | 1 | camera | DownJacket_Blue | 0.760624 | 0 | -0.6
SCRIPT       : DATA_LOG | 2051500 | VEZjSxlcpgu1JLRUfHGLLLMsm0wqbyJ6fy2rl33V8jg= | 7988.21 | 6.02318 | 3334.04 | 0.288579 | 0.957456 | 0 | none | 1 | 46.4758 | 2.20538 | 0 | 1 | 0 | 0 | 0 | 0 | 0 | 1 | camera | target | 0.288579 | 0 | 0.957456 | 0.288579 
SCRIPT       : DATA_LOG | 2052481 | aRapBi1cCZPZAGLIDny3dk3hQ8vTmNTLHRl8zxmKgQ0= | 7988.68 | 6.01863 | 3335.55 | 0.760624 | -0.649193 | 0 | SVD_Wooden | 0 | 73.0444 | 1.99556 | 0 | 1 | 0 | 0 | 0 | 0 | 0 | 1 | camera | DownJacket_Blue | 0.760624 | 0 | -0.6
SCRIPT       : DATA_LOG | 2052507 | VEZjSxlcpgu1JLRUfHGLLLMsm0wqbyJ6fy2rl33V8jg= | 7988.21 | 6.02318 | 3334.04 | 0.288579 | 0.957456 | 0 | none | 1 | 46.4385 | 2.20705 | 0 | 1 | 0 | 0 | 0 | 0 | 0 | 1 | camera | target | 0.288579 | 0 | 0.957456 | 0.288579 
SCRIPT       : DATA_LOG | 2053485 | aRapBi1cCZPZAGLIDny3dk3hQ8vTmNTLHRl8zxmKgQ0= | 7988.68 | 6.01863 | 3335.55 | 0.760624 | -0.649193 | 0 | SVD_Wooden | 0 | 73.5589 | 2.19885 | 0 | 1 | 0 | 0 | 0 | 0 | 0 | 1 | camera | BoxCerealCrunchin | 0.760624 | 0 | -0
SCRIPT       : DATA_LOG | 2053511 | VEZjSxlcpgu1JLRUfHGLLLMsm0wqbyJ6fy2rl33V8jg= | 7988.21 | 6.02318 | 3334.04 | 0.288579 | 0.957456 | 0 | none | 1 | 46.4698 | 2.20548 | 0 | 1 | 0 | 0 | 0 | 0 | 0 | 1 | camera | target | 0.288579 | 0 | 0.957456 | 0.288579 
SCRIPT       : DATA_LOG | 2054488 | aRapBi1cCZPZAGLIDny3dk3hQ8vTmNTLHRl8zxmKgQ0= | 7988.68 | 6.01863 | 3335.55 | 0.760624 | -0.649193 | 0 | SVD_Wooden | 0 | 73.4219 | 2.1861 | 0 | 1 | 0 | 0 | 0 | 0 | 0 | 1 | camera | BoxCerealCrunchin | 0.760624 | 0 | -0.
SCRIPT       : DATA_LOG | 2054517 | VEZjSxlcpgu1JLRUfHGLLLMsm0wqbyJ6fy2rl33V8jg= | 7988.21 | 6.02318 | 3334.04 | 0.288579 | 0.957456 | 0 | none | 1 | 46.463 | 2.20622 | 0 | 1 | 0 | 0 | 0 | 0 | 0 | 1 | camera | target | 0.288579 | 0 | 0.957456 | 0.288579 |
SCRIPT       : DATA_LOG | 2055486 | aRapBi1cCZPZAGLIDny3dk3hQ8vTmNTLHRl8zxmKgQ0= | 7988.68 | 6.01863 | 3335.55 | 0.760624 | -0.649193 | 0 | SVD_Wooden | 0 | 73.6865 | 2.23726 | 0 | 1 | 0 | 0 | 0 | 0 | 0 | 1 | camera | BoxCerealCrunchin | 0.760624 | 0 | -0
SCRIPT       : DATA_LOG | 2055506 | VEZjSxlcpgu1JLRUfHGLLLMsm0wqbyJ6fy2rl33V8jg= | 7988.21 | 6.02318 | 3334.04 | 0.288579 | 0.957456 | 0 | none | 1 | 46.4643 | 2.20558 | 0 | 1 | 0 | 0 | 0 | 0 | 0 | 1 | camera | target | 0.288579 | 0 | 0.957456 | 0.288579 
SCRIPT       : DATA_LOG | 2056483 | aRapBi1cCZPZAGLIDny3dk3hQ8vTmNTLHRl8zxmKgQ0= | 7988.68 | 6.01863 | 3335.55 | 0.760624 | -0.649193 | 0 | SVD_Wooden | 0 | 73.7509 | 2.243 | 0 | 1 | 0 | 0 | 0 | 0 | 0 | 1 | camera | DownJacket_Blue | 0.760624 | 0 | -0.649
SCRIPT       : DATA_LOG | 2056506 | VEZjSxlcpgu1JLRUfHGLLLMsm0wqbyJ6fy2rl33V8jg= | 7988.21 | 6.02318 | 3334.04 | 0.288579 | 0.957456 | 0 | none | 1 | 46.4708 | 2.20518 | 0 | 1 | 0 | 0 | 0 | 0 | 0 | 1 | camera | target | 0.288579 | 0 | 0.957456 | 0.288579 
SCRIPT       : DATA_LOG | 2057488 | aRapBi1cCZPZAGLIDny3dk3hQ8vTmNTLHRl8zxmKgQ0= | 7988.68 | 6.01863 | 3335.55 | 0.760624 | -0.649193 | 0 | SVD_Wooden | 0 | 73.6203 | 2.23843 | 0 | 1 | 0 | 0 | 0 | 0 | 0 | 1 | camera | DownJacket_Blue | 0.760624 | 0 | -0.6
SCRIPT       : DATA_LOG | 2057512 | VEZjSxlcpgu1JLRUfHGLLLMsm0wqbyJ6fy2rl33V8jg= | 7988.21 | 6.02318 | 3334.04 | 0.288579 | 0.957456 | 0 | none | 1 | 46.4595 | 2.20587 | 0 | 1 | 0 | 0 | 0 | 0 | 0 | 1 | camera | target | 0.288579 | 0 | 0.957456 | 0.288579 
SCRIPT       : DATA_LOG | 2058489 | aRapBi1cCZPZAGLIDny3dk3hQ8vTmNTLHRl8zxmKgQ0= | 7988.68 | 6.01863 | 3335.55 | 0.760624 | -0.649193 | 0 | SVD_Wooden | 0 | 73.6046 | 2.24175 | 0 | 1 | 0 | 0 | 0 | 0 | 0 | 1 | camera | DownJacket_Blue | 0.760624 | 0 | -0.6
SCRIPT       : DATA_LOG | 2058515 | VEZjSxlcpgu1JLRUfHGLLLMsm0wqbyJ6fy2rl33V8jg= | 7988.21 | 6.02318 | 3334.04 | 0.288579 | 0.957456 | 0 | none | 1 | 46.4312 | 2.2073 | 0 | 1 | 0 | 0 | 0 | 0 | 0 | 1 | camera | target | 0.288579 | 0 | 0.957456 | 0.288579 |
SCRIPT       : DATA_LOG | 2059490 | aRapBi1cCZPZAGLIDny3dk3hQ8vTmNTLHRl8zxmKgQ0= | 7988.68 | 6.01863 | 3335.55 | 0.760624 | -0.649193 | 0 | SVD_Wooden | 0 | 73.6175 | 2.23973 | 0 | 1 | 0 | 0 | 0 | 0 | 0 | 1 | camera | DownJacket_Blue | 0.760624 | 0 | -0.6
SCRIPT       : DATA_LOG | 2059517 | VEZjSxlcpgu1JLRUfHGLLLMsm0wqbyJ6fy2rl33V8jg= | 7988.21 | 6.02318 | 3334.04 | 0.288579 | 0.957456 | 0 | none | 1 | 46.4761 | 2.20553 | 0 | 1 | 0 | 0 | 0 | 0 | 0 | 1 | camera | target | 0.288579 | 0 | 0.957456 | 0.288579 
SCRIPT       : DATA_LOG | 2060494 | aRapBi1cCZPZAGLIDny3dk3hQ8vTmNTLHRl8zxmKgQ0= | 7988.68 | 6.01863 | 3335.55 | 0.760624 | -0.649193 | 0 | none | 0 | 73.7423 | 2.23998 | 0 | 1 | 0 | 0 | 0 | 0 | 0 | 1 | camera | DownJacket_Blue | 0.760624 | 0 | -0.649193 
SCRIPT       : DATA_LOG | 2060522 | VEZjSxlcpgu1JLRUfHGLLLMsm0wqbyJ6fy2rl33V8jg= | 7988.21 | 6.02318 | 3334.04 | 0.288579 | 0.957456 | 0 | none | 1 | 46.9161 | 2.1755 | 0 | 1 | 0 | 0 | 0 | 0 | 0 | 1 | camera | target | 0.288579 | 0 | 0.957456 | 0.288579 |
SCRIPT       : DATA_LOG | 2061497 | aRapBi1cCZPZAGLIDny3dk3hQ8vTmNTLHRl8zxmKgQ0= | 7988.68 | 6.01863 | 3335.55 | 0.760624 | -0.649193 | 0 | none | 0 | 73.767 | 2.25001 | 0 | 1 | 0 | 0 | 0 | 0 | 0 | 1 | camera | DownJacket_Blue | 0.760624 | 0 | -0.649193 |
SCRIPT       : DATA_LOG | 2061527 | VEZjSxlcpgu1JLRUfHGLLLMsm0wqbyJ6fy2rl33V8jg= | 7988.21 | 6.02318 | 3334.04 | 0.288579 | 0.957456 | 0 | none | 1 | 46.3987 | 2.20915 | 0 | 1 | 0 | 0 | 0 | 0 | 0 | 1 | camera | target | 0.288579 | 0 | 0.957456 | 0.288579 
SCRIPT       : DATA_LOG | 2062492 | aRapBi1cCZPZAGLIDny3dk3hQ8vTmNTLHRl8zxmKgQ0= | 7989.5 | 6.01834 | 3336 | 0.409563 | -0.912282 | 0 | none | 1 | 63.7765 | 2.82281 | 0 | 1 | 0 | 0 | 0 | 0 | 0 | 1 | camera | target | 0.409563 | 0 | -0.912282 | 0.409563 | 
SCRIPT       : DATA_LOG | 2062520 | VEZjSxlcpgu1JLRUfHGLLLMsm0wqbyJ6fy2rl33V8jg= | 7988.21 | 6.02318 | 3334.04 | 0.288579 | 0.957456 | 0 | none | 1 | 39.456 | 2.73484 | 0 | 1 | 0 | 0 | 0 | 0 | 0 | 1 | camera | target | 0.288579 | 0 | 0.957456 | 0.288579 |
SCRIPT       : DATA_LOG | 2063493 | aRapBi1cCZPZAGLIDny3dk3hQ8vTmNTLHRl8zxmKgQ0= | 7989.5 | 6.01834 | 3336 | 0.409563 | -0.912282 | 0 | none | 1 | 63.7734 | 2.83068 | 0 | 1 | 0 | 0 | 0 | 0 | 0 | 1 | camera | target | 0.409563 | 0 | -0.912282 | 0.409563 | 
SCRIPT       : DATA_LOG | 2063516 | VEZjSxlcpgu1JLRUfHGLLLMsm0wqbyJ6fy2rl33V8jg= | 7988.21 | 6.02318 | 3334.04 | 0.288579 | 0.957456 | 0 | none | 1 | 39.3241 | 2.73594 | 0 | 1 | 0 | 0 | 0 | 0 | 0 | 1 | camera | target | 0.288579 | 0 | 0.957456 | 0.288579 
SCRIPT       : DATA_LOG | 2064493 | aRapBi1cCZPZAGLIDny3dk3hQ8vTmNTLHRl8zxmKgQ0= | 7989.5 | 6.01834 | 3336 | -0.100243 | -0.994963 | 0 | none | 1 | 43.2664 | 2.824 | 0 | 1 | 0 | 0 | 0 | 0 | 0 | 1 | camera | target | -0.100243 | 0 | -0.994963 | -0.100243 |
SCRIPT       : DATA_LOG | 2064521 | VEZjSxlcpgu1JLRUfHGLLLMsm0wqbyJ6fy2rl33V8jg= | 7988.21 | 6.02318 | 3334.04 | 0.288579 | 0.957456 | 0 | none | 1 | 38.9699 | 2.7021 | 0 | 1 | 0 | 0 | 0 | 0 | 0 | 1 | camera | none | 0.288579 | 0 | 0.957456 | 0.288579 | 0
SCRIPT       : DATA_LOG | 2065495 | aRapBi1cCZPZAGLIDny3dk3hQ8vTmNTLHRl8zxmKgQ0= | 7989.5 | 6.01834 | 3336 | -0.503524 | -0.863981 | 0 | none | 1 | 34.9742 | 2.82584 | 0 | 1 | 0 | 0 | 0 | 0 | 0 | 1 | camera | target | -0.503524 | 0 | -0.863981 | -0.503524
SCRIPT       : DATA_LOG | 2065520 | VEZjSxlcpgu1JLRUfHGLLLMsm0wqbyJ6fy2rl33V8jg= | 7988.21 | 6.02318 | 3334.04 | 0.288579 | 0.957456 | 0 | none | 1 | 37.8696 | 2.75318 | 0 | 1 | 0 | 0 | 0 | 0 | 0 | 1 | camera | target | 0.288579 | 0 | 0.957456 | 0.288579 
SCRIPT       : DATA_LOG | 2066497 | aRapBi1cCZPZAGLIDny3dk3hQ8vTmNTLHRl8zxmKgQ0= | 7989.5 | 6.01834 | 3336 | -0.503524 | -0.863981 | 0 | none | 1 | 34.931 | 2.82946 | 0 | 1 | 0 | 0 | 0 | 0 | 0 | 1 | camera | target | -0.503524 | 0 | -0.863981 | -0.503524 
SCRIPT       : DATA_LOG | 2066523 | VEZjSxlcpgu1JLRUfHGLLLMsm0wqbyJ6fy2rl33V8jg= | 7988.21 | 6.02318 | 3334.04 | 0.288579 | 0.957456 | 0 | none | 1 | 38.0504 | 2.74597 | 0 | 1 | 0 | 0 | 0 | 0 | 0 | 1 | camera | target | 0.288579 | 0 | 0.957456 | 0.288579 
SCRIPT       : DATA_LOG | 2067500 | aRapBi1cCZPZAGLIDny3dk3hQ8vTmNTLHRl8zxmKgQ0= | 7989.5 | 6.01834 | 3336 | -0.503524 | -0.863981 | 0 | none | 1 | 35.015 | 2.82339 | 0 | 1 | 0 | 0 | 0 | 0 | 0 | 1 | camera | target | -0.503524 | 0 | -0.863981 | -0.503524 
SCRIPT       : DATA_LOG | 2067524 | VEZjSxlcpgu1JLRUfHGLLLMsm0wqbyJ6fy2rl33V8jg= | 7988.21 | 6.02318 | 3334.04 | 0.288579 | 0.957456 | 0 | none | 1 | 37.8653 | 2.75711 | 0 | 1 | 0 | 0 | 0 | 0 | 0 | 1 | camera | target | 0.288579 | 0 | 0.957456 | 0.288579 
SCRIPT       : DATA_LOG | 2068501 | aRapBi1cCZPZAGLIDny3dk3hQ8vTmNTLHRl8zxmKgQ0= | 7989.5 | 6.01834 | 3336 | -0.503524 | -0.863981 | 0 | none | 1 | 34.838 | 2.83953 | 0 | 1 | 0 | 0 | 0 | 0 | 0 | 1 | camera | target | -0.503524 | 0 | -0.863981 | -0.503524 
SCRIPT       : DATA_LOG | 2068529 | VEZjSxlcpgu1JLRUfHGLLLMsm0wqbyJ6fy2rl33V8jg= | 7988.21 | 6.02318 | 3334.04 | 0.288579 | 0.957456 | 0 | none | 1 | 38.0876 | 2.73845 | 0 | 1 | 0 | 0 | 0 | 0 | 0 | 1 | camera | target | 0.288579 | 0 | 0.957456 | 0.288579 
SCRIPT       : DATA_LOG | 2069564 | aRapBi1cCZPZAGLIDny3dk3hQ8vTmNTLHRl8zxmKgQ0= | 7989.5 | 6.01834 | 3336 | -0.503524 | -0.863981 | 0 | none | 1 | 35.0069 | 2.82302 | 0 | 1 | 0 | 0 | 0 | 0 | 0 | 1 | camera | target | -0.503524 | 0 | -0.863981 | -0.503524
SCRIPT       : DATA_LOG | 2069593 | VEZjSxlcpgu1JLRUfHGLLLMsm0wqbyJ6fy2rl33V8jg= | 7988.21 | 6.02318 | 3334.04 | 0.288579 | 0.957456 | 0 | none | 1 | 37.8722 | 2.74112 | 0 | 1 | 0 | 0 | 0 | 0 | 0 | 1 | camera | target | 0.288579 | 0 | 0.957456 | 0.288579 
SCRIPT       : DATA_LOG | 2070562 | aRapBi1cCZPZAGLIDny3dk3hQ8vTmNTLHRl8zxmKgQ0= | 7989.5 | 6.01834 | 3336 | -0.503524 | -0.863981 | 0 | none | 1 | 34.9315 | 2.83072 | 0 | 1 | 0 | 0 | 0 | 0 | 0 | 1 | camera | target | -0.503524 | 0 | -0.863981 | -0.503524
SCRIPT       : DATA_LOG | 2070589 | VEZjSxlcpgu1JLRUfHGLLLMsm0wqbyJ6fy2rl33V8jg= | 7988.21 | 6.02318 | 3334.04 | 0.288579 | 0.957456 | 0 | none | 1 | 37.856 | 2.74117 | 0 | 1 | 0 | 0 | 0 | 0 | 0 | 1 | camera | target | 0.288579 | 0 | 0.957456 | 0.288579 |
SCRIPT       : DATA_LOG | 2071562 | aRapBi1cCZPZAGLIDny3dk3hQ8vTmNTLHRl8zxmKgQ0= | 7989.5 | 6.01834 | 3336 | -0.503524 | -0.863981 | 0 | none | 1 | 35.0014 | 2.82476 | 0 | 1 | 0 | 0 | 0 | 0 | 0 | 1 | camera | target | -0.503524 | 0 | -0.863981 | -0.503524
SCRIPT       : DATA_LOG | 2071586 | VEZjSxlcpgu1JLRUfHGLLLMsm0wqbyJ6fy2rl33V8jg= | 7988.21 | 6.02318 | 3334.04 | 0.288579 | 0.957456 | 0 | none | 1 | 37.9681 | 2.73777 | 0 | 1 | 0 | 0 | 0 | 0 | 0 | 1 | camera | target | 0.288579 | 0 | 0.957456 | 0.288579 
SCRIPT       : DATA_LOG | 2072564 | aRapBi1cCZPZAGLIDny3dk3hQ8vTmNTLHRl8zxmKgQ0= | 7989.5 | 6.01834 | 3336 | -0.503524 | -0.863981 | 0 | none | 1 | 34.9828 | 2.82533 | 0 | 1 | 0 | 0 | 0 | 0 | 0 | 1 | camera | target | -0.503524 | 0 | -0.863981 | -0.503524
SCRIPT       : DATA_LOG | 2072588 | VEZjSxlcpgu1JLRUfHGLLLMsm0wqbyJ6fy2rl33V8jg= | 7988.21 | 6.02318 | 3334.04 | 0.288579 | 0.957456 | 0 | none | 1 | 37.9013 | 2.7574 | 0 | 1 | 0 | 0 | 0 | 0 | 0 | 1 | camera | target | 0.288579 | 0 | 0.957456 | 0.288579 |
SCRIPT       : DATA_LOG | 2073561 | aRapBi1cCZPZAGLIDny3dk3hQ8vTmNTLHRl8zxmKgQ0= | 7989.5 | 6.01834 | 3336 | -0.503524 | -0.863981 | 0 | none | 1 | 34.914 | 2.83127 | 0 | 1 | 0 | 0 | 0 | 0 | 0 | 1 | camera | target | -0.503524 | 0 | -0.863981 | -0.503524 
SCRIPT       : DATA_LOG | 2073582 | VEZjSxlcpgu1JLRUfHGLLLMsm0wqbyJ6fy2rl33V8jg= | 7988.21 | 6.02318 | 3334.04 | 0.288579 | 0.957456 | 0 | none | 1 | 38.002 | 2.7224 | 0 | 1 | 0 | 0 | 0 | 0 | 0 | 1 | camera | target | 0.288579 | 0 | 0.957456 | 0.288579 | 
SCRIPT       : DATA_LOG | 2074569 | aRapBi1cCZPZAGLIDny3dk3hQ8vTmNTLHRl8zxmKgQ0= | 7989.5 | 6.01834 | 3336 | -0.503524 | -0.863981 | 0 | none | 1 | 35.0289 | 2.82168 | 0 | 1 | 0 | 0 | 0 | 0 | 0 | 1 | camera | target | -0.503524 | 0 | -0.863981 | -0.503524
SCRIPT       : DATA_LOG | 2074596 | VEZjSxlcpgu1JLRUfHGLLLMsm0wqbyJ6fy2rl33V8jg= | 7988.21 | 6.02318 | 3334.04 | 0.288579 | 0.957456 | 0 | none | 1 | 37.777 | 2.7275 | 0 | 1 | 0 | 0 | 0 | 0 | 0 | 1 | camera | target | 0.288579 | 0 | 0.957456 | 0.288579 | 
SCRIPT       : DATA_LOG | 2075568 | aRapBi1cCZPZAGLIDny3dk3hQ8vTmNTLHRl8zxmKgQ0= | 7989.5 | 6.01834 | 3336 | -0.503524 | -0.863981 | 0 | none | 1 | 34.8367 | 2.83978 | 0 | 1 | 0 | 0 | 0 | 0 | 0 | 1 | camera | target | -0.503524 | 0 | -0.863981 | -0.503524
SCRIPT       : DATA_LOG | 2075597 | VEZjSxlcpgu1JLRUfHGLLLMsm0wqbyJ6fy2rl33V8jg= | 7988.21 | 6.02318 | 3334.04 | 0.288579 | 0.957456 | 0 | none | 1 | 38.4146 | 2.72892 | 0 | 1 | 0 | 0 | 0 | 0 | 0 | 1 | camera | target | 0.288579 | 0 | 0.957456 | 0.288579 
SCRIPT       : DATA_LOG | 2076568 | aRapBi1cCZPZAGLIDny3dk3hQ8vTmNTLHRl8zxmKgQ0= | 7989.5 | 6.01834 | 3336 | -0.503524 | -0.863981 | 0 | none | 1 | 36.2997 | 2.57794 | 0 | 1 | 0 | 0 | 0 | 0 | 0 | 1 | camera | none | -0.503524 | 0 | -0.863981 | -0.503524 |
SCRIPT       : DATA_LOG | 2076595 | VEZjSxlcpgu1JLRUfHGLLLMsm0wqbyJ6fy2rl33V8jg= | 7988.21 | 6.02318 | 3334.04 | 0.288579 | 0.957456 | 0 | none | 1 | 38.2565 | 2.72741 | 0 | 1 | 0 | 0 | 0 | 0 | 0 | 1 | camera | target | 0.288579 | 0 | 0.957456 | 0.288579 
SCRIPT       : DATA_LOG | 2077572 | aRapBi1cCZPZAGLIDny3dk3hQ8vTmNTLHRl8zxmKgQ0= | 7989.5 | 6.01834 | 3336 | -0.503524 | -0.863981 | 0 | none | 1 | 35.3301 | 2.78848 | 0 | 1 | 0 | 0 | 0 | 0 | 0 | 1 | camera | target | -0.503524 | 0 | -0.863981 | -0.503524
SCRIPT       : DATA_LOG | 2077598 | VEZjSxlcpgu1JLRUfHGLLLMsm0wqbyJ6fy2rl33V8jg= | 7988.21 | 6.02318 | 3334.04 | 0.288579 | 0.957456 | 0 | none | 1 | 38.1565 | 2.73348 | 0 | 1 | 0 | 0 | 0 | 0 | 0 | 1 | camera | target | 0.288579 | 0 | 0.957456 | 0.288579 
SCRIPT       : DATA_LOG | 2078574 | aRapBi1cCZPZAGLIDny3dk3hQ8vTmNTLHRl8zxmKgQ0= | 7989.5 | 6.01834 | 3336 | -0.503524 | -0.863981 | 0 | none | 1 | 35.7133 | 2.7484 | 0 | 1 | 0 | 0 | 0 | 0 | 0 | 1 | camera | target | -0.503524 | 0 | -0.863981 | -0.503524 
SCRIPT       : DATA_LOG | 2078603 | VEZjSxlcpgu1JLRUfHGLLLMsm0wqbyJ6fy2rl33V8jg= | 7988.21 | 6.02318 | 3334.04 | 0.288579 | 0.957456 | 0 | none | 1 | 38.3295 | 2.73143 | 0 | 1 | 0 | 0 | 0 | 0 | 0 | 1 | camera | target | 0.288579 | 0 | 0.957456 | 0.288579 
SCRIPT       : DATA_LOG | 2079587 | aRapBi1cCZPZAGLIDny3dk3hQ8vTmNTLHRl8zxmKgQ0= | 7989.5 | 6.01834 | 3336 | -0.503524 | -0.863981 | 0 | none | 1 | 35.0028 | 2.82387 | 0 | 1 | 0 | 0 | 0 | 0 | 0 | 1 | camera | target | -0.503524 | 0 | -0.863981 | -0.503524
SCRIPT       : DATA_LOG | 2079611 | VEZjSxlcpgu1JLRUfHGLLLMsm0wqbyJ6fy2rl33V8jg= | 7988.21 | 6.02318 | 3334.04 | 0.288579 | 0.957456 | 0 | none | 1 | 38.2215 | 2.74529 | 0 | 1 | 0 | 0 | 0 | 0 | 0 | 1 | camera | target | 0.288579 | 0 | 0.957456 | 0.288579 
SCRIPT       : DATA_LOG | 2080582 | aRapBi1cCZPZAGLIDny3dk3hQ8vTmNTLHRl8zxmKgQ0= | 7989.5 | 6.01834 | 3336 | -0.503524 | -0.863981 | 0 | none | 1 | 34.9021 | 2.83249 | 0 | 1 | 0 | 0 | 0 | 0 | 0 | 1 | camera | target | -0.503524 | 0 | -0.863981 | -0.503524
SCRIPT       : DATA_LOG | 2080607 | VEZjSxlcpgu1JLRUfHGLLLMsm0wqbyJ6fy2rl33V8jg= | 7988.21 | 6.02318 | 3334.04 | 0.288579 | 0.957456 | 0 | none | 1 | 37.9309 | 2.79279 | 0 | 1 | 0 | 0 | 0 | 0 | 0 | 1 | camera | target | 0.288579 | 0 | 0.957456 | 0.288579 
SCRIPT       : DATA_LOG | 2081585 | aRapBi1cCZPZAGLIDny3dk3hQ8vTmNTLHRl8zxmKgQ0= | 7989.5 | 6.01834 | 3336 | -0.503524 | -0.863981 | 0 | none | 1 | 35.0413 | 2.81996 | 0 | 1 | 0 | 0 | 0 | 0 | 0 | 1 | camera | target | -0.503524 | 0 | -0.863981 | -0.503524
SCRIPT       : DATA_LOG | 2081613 | VEZjSxlcpgu1JLRUfHGLLLMsm0wqbyJ6fy2rl33V8jg= | 7988.21 | 6.02318 | 3334.04 | 0.288579 | 0.957456 | 0 | none | 1 | 37.9642 | 2.77761 | 0 | 1 | 0 | 0 | 0 | 0 | 0 | 1 | camera | target | 0.288579 | 0 | 0.957456 | 0.288579 
SCRIPT       : DATA_LOG | 2082587 | aRapBi1cCZPZAGLIDny3dk3hQ8vTmNTLHRl8zxmKgQ0= | 7989.5 | 6.01834 | 3336 | -0.503524 | -0.863981 | 0 | none | 1 | 34.8418 | 2.83944 | 0 | 1 | 0 | 0 | 0 | 0 | 0 | 1 | camera | target | -0.503524 | 0 | -0.863981 | -0.503524
SCRIPT       : DATA_LOG | 2082611 | VEZjSxlcpgu1JLRUfHGLLLMsm0wqbyJ6fy2rl33V8jg= | 7988.21 | 6.02318 | 3334.04 | 0.288579 | 0.957456 | 0 | none | 1 | 37.9613 | 2.7835 | 0 | 1 | 0 | 0 | 0 | 0 | 0 | 1 | camera | target | 0.288579 | 0 | 0.957456 | 0.288579 |
SCRIPT       : DATA_LOG | 2083586 | aRapBi1cCZPZAGLIDny3dk3hQ8vTmNTLHRl8zxmKgQ0= | 7989.5 | 6.01834 | 3336 | -0.503524 | -0.863981 | 0 | none | 1 | 34.9651 | 2.82754 | 0 | 1 | 0 | 0 | 0 | 0 | 0 | 1 | camera | target | -0.503524 | 0 | -0.863981 | -0.503524
SCRIPT       : DATA_LOG | 2083610 | VEZjSxlcpgu1JLRUfHGLLLMsm0wqbyJ6fy2rl33V8jg= | 7988.21 | 6.02318 | 3334.04 | 0.288579 | 0.957456 | 0 | none | 1 | 38.0797 | 2.79124 | 0 | 1 | 0 | 0 | 0 | 0 | 0 | 1 | camera | target | 0.288579 | 0 | 0.957456 | 0.288579 
SCRIPT       : DATA_LOG | 2084589 | aRapBi1cCZPZAGLIDny3dk3hQ8vTmNTLHRl8zxmKgQ0= | 7989.09 | 6.01898 | 3335.21 | -0.46641 | -0.884569 | 0 | none | 1 | 49.0578 | 2.15812 | 0 | 1 | 0 | 0 | 0 | 0 | 0 | 1 | camera | target | -0.46641 | 0 | -0.884569 | -0.4664
SCRIPT       : DATA_LOG | 2084612 | VEZjSxlcpgu1JLRUfHGLLLMsm0wqbyJ6fy2rl33V8jg= | 7988.21 | 6.02318 | 3334.04 | 0.288579 | 0.957456 | 0 | none | 1 | 51.6342 | 2.12579 | 0 | 1 | 0 | 0 | 0 | 0 | 0 | 1 | camera | target | 0.288579 | 0 | 0.957456 | 0.288579 
SCRIPT       : DATA_LOG | 2085591 | aRapBi1cCZPZAGLIDny3dk3hQ8vTmNTLHRl8zxmKgQ0= | 7989.09 | 6.01898 | 3335.21 | -0.46641 | -0.884569 | 0 | none | 1 | 49.0793 | 2.15732 | 0 | 1 | 0 | 0 | 0 | 0 | 0 | 1 | camera | target | -0.46641 | 0 | -0.884569 | -0.4664
SCRIPT       : DATA_LOG | 2085616 | VEZjSxlcpgu1JLRUfHGLLLMsm0wqbyJ6fy2rl33V8jg= | 7988.21 | 6.02318 | 3334.04 | 0.288579 | 0.957456 | 0 | none | 1 | 51.3383 | 2.14118 | 0 | 1 | 0 | 0 | 0 | 0 | 0 | 1 | camera | target | 0.288579 | 0 | 0.957456 | 0.288579 
SCRIPT       : DATA_LOG | 2086592 | aRapBi1cCZPZAGLIDny3dk3hQ8vTmNTLHRl8zxmKgQ0= | 7989.09 | 6.01898 | 3335.21 | -0.46641 | -0.884569 | 0 | none | 1 | 49.143 | 2.15433 | 0 | 1 | 0 | 0 | 0 | 0 | 0 | 1 | camera | target | -0.46641 | 0 | -0.884569 | -0.46641
SCRIPT       : DATA_LOG | 2086620 | VEZjSxlcpgu1JLRUfHGLLLMsm0wqbyJ6fy2rl33V8jg= | 7988.21 | 6.02318 | 3334.04 | 0.288579 | 0.957456 | 0 | none | 1 | 52.0705 | 2.09723 | 0 | 1 | 0 | 0 | 0 | 0 | 0 | 1 | camera | target | 0.288579 | 0 | 0.957456 | 0.288579 
SCRIPT       : DATA_LOG | 2087595 | aRapBi1cCZPZAGLIDny3dk3hQ8vTmNTLHRl8zxmKgQ0= | 7989.09 | 6.01898 | 3335.21 | -0.46641 | -0.884569 | 0 | none | 1 | 48.9642 | 2.16129 | 0 | 1 | 0 | 0 | 0 | 0 | 0 | 1 | camera | target | -0.46641 | 0 | -0.884569 | -0.4664
SCRIPT       : DATA_LOG | 2087623 | VEZjSxlcpgu1JLRUfHGLLLMsm0wqbyJ6fy2rl33V8jg= | 7988.21 | 6.02318 | 3334.04 | 0.288579 | 0.957456 | 0 | none | 1 | 51.4299 | 2.13067 | 0 | 1 | 0 | 0 | 0 | 0 | 0 | 1 | camera | target | 0.288579 | 0 | 0.957456 | 0.288579 
SCRIPT       : DATA_LOG | 2088591 | aRapBi1cCZPZAGLIDny3dk3hQ8vTmNTLHRl8zxmKgQ0= | 7989.09 | 6.01898 | 3335.21 | -0.46641 | -0.884569 | 0 | none | 1 | 49.2064 | 2.1512 | 0 | 1 | 0 | 0 | 0 | 0 | 0 | 1 | camera | target | -0.46641 | 0 | -0.884569 | -0.46641
SCRIPT       : DATA_LOG | 2088618 | VEZjSxlcpgu1JLRUfHGLLLMsm0wqbyJ6fy2rl33V8jg= | 7988.21 | 6.02318 | 3334.04 | 0.288579 | 0.957456 | 0 | none | 1 | 51.3327 | 2.14212 | 0 | 1 | 0 | 0 | 0 | 0 | 0 | 1 | camera | target | 0.288579 | 0 | 0.957456 | 0.288579 
SCRIPT       : DATA_LOG | 2089596 | aRapBi1cCZPZAGLIDny3dk3hQ8vTmNTLHRl8zxmKgQ0= | 7989.09 | 6.01898 | 3335.21 | -0.46641 | -0.884569 | 0 | none | 1 | 48.901 | 2.16574 | 0 | 1 | 0 | 0 | 0 | 0 | 0 | 1 | camera | target | -0.46641 | 0 | -0.884569 | -0.46641
SCRIPT       : DATA_LOG | 2089624 | VEZjSxlcpgu1JLRUfHGLLLMsm0wqbyJ6fy2rl33V8jg= | 7988.21 | 6.02318 | 3334.04 | 0.288579 | 0.957456 | 0 | none | 1 | 52.0216 | 2.10049 | 0 | 1 | 0 | 0 | 0 | 0 | 0 | 1 | camera | target | 0.288579 | 0 | 0.957456 | 0.288579 
SCRIPT       : DATA_LOG | 2090594 | aRapBi1cCZPZAGLIDny3dk3hQ8vTmNTLHRl8zxmKgQ0= | 7989.09 | 6.01898 | 3335.21 | -0.46641 | -0.884569 | 0 | none | 1 | 49.0005 | 2.16101 | 0 | 1 | 0 | 0 | 0 | 0 | 0 | 1 | camera | target | -0.46641 | 0 | -0.884569 | -0.4664
SCRIPT       : DATA_LOG | 2090617 | VEZjSxlcpgu1JLRUfHGLLLMsm0wqbyJ6fy2rl33V8jg= | 7988.21 | 6.02318 | 3334.04 | 0.288579 | 0.957456 | 0 | none | 1 | 51.1915 | 2.14404 | 0 | 1 | 0 | 0 | 0 | 0 | 0 | 1 | camera | target | 0.288579 | 0 | 0.957456 | 0.288579 
SCRIPT       : DATA_LOG | 2091600 | aRapBi1cCZPZAGLIDny3dk3hQ8vTmNTLHRl8zxmKgQ0= | 7989.09 | 6.01898 | 3335.21 | -0.46641 | -0.884569 | 0 | none | 1 | 49.1014 | 2.15598 | 0 | 1 | 0 | 0 | 0 | 0 | 0 | 1 | camera | target | -0.46641 | 0 | -0.884569 | -0.4664
SCRIPT       : DATA_LOG | 2091627 | VEZjSxlcpgu1JLRUfHGLLLMsm0wqbyJ6fy2rl33V8jg= | 7988.21 | 6.02318 | 3334.04 | 0.288579 | 0.957456 | 0 | none | 1 | 51.2465 | 2.14745 | 0 | 1 | 0 | 0 | 0 | 0 | 0 | 1 | camera | target | 0.288579 | 0 | 0.957456 | 0.288579 
SCRIPT       : DATA_LOG | 2092596 | aRapBi1cCZPZAGLIDny3dk3hQ8vTmNTLHRl8zxmKgQ0= | 7989.09 | 6.01898 | 3335.21 | -0.46641 | -0.884569 | 0 | none | 1 | 49.052 | 2.15853 | 0 | 1 | 0 | 0 | 0 | 0 | 0 | 1 | camera | target | -0.46641 | 0 | -0.884569 | -0.46641
SCRIPT       : DATA_LOG | 2092621 | VEZjSxlcpgu1JLRUfHGLLLMsm0wqbyJ6fy2rl33V8jg= | 7988.21 | 6.02318 | 3334.04 | 0.288579 | 0.957456 | 0 | none | 1 | 52.024 | 2.09999 | 0 | 1 | 0 | 0 | 0 | 0 | 0 | 1 | camera | target | 0.288579 | 0 | 0.957456 | 0.288579 |
SCRIPT       : DATA_LOG | 2093601 | aRapBi1cCZPZAGLIDny3dk3hQ8vTmNTLHRl8zxmKgQ0= | 7989.09 | 6.01898 | 3335.21 | -0.46641 | -0.884569 | 0 | none | 1 | 49.1573 | 2.15396 | 0 | 1 | 0 | 0 | 0 | 0 | 0 | 1 | camera | target | -0.46641 | 0 | -0.884569 | -0.4664
SCRIPT       : DATA_LOG | 2093627 | VEZjSxlcpgu1JLRUfHGLLLMsm0wqbyJ6fy2rl33V8jg= | 7988.21 | 6.02318 | 3334.04 | 0.288579 | 0.957456 | 0 | none | 1 | 51.1312 | 2.14773 | 0 | 1 | 0 | 0 | 0 | 0 | 0 | 1 | camera | target | 0.288579 | 0 | 0.957456 | 0.288579 
SCRIPT       : DATA_LOG | 2094609 | aRapBi1cCZPZAGLIDny3dk3hQ8vTmNTLHRl8zxmKgQ0= | 7989.09 | 6.01898 | 3335.21 | -0.46641 | -0.884569 | 0 | none | 1 | 48.9977 | 2.15974 | 0 | 1 | 0 | 0 | 0 | 0 | 0 | 1 | camera | target | -0.46641 | 0 | -0.884569 | -0.4664
SCRIPT       : DATA_LOG | 2094643 | VEZjSxlcpgu1JLRUfHGLLLMsm0wqbyJ6fy2rl33V8jg= | 7988.21 | 6.02318 | 3334.04 | 0.288579 | 0.957456 | 0 | none | 1 | 51.2778 | 2.14554 | 0 | 1 | 0 | 0 | 0 | 0 | 0 | 1 | camera | target | 0.288579 | 0 | 0.957456 | 0.288579 
SCRIPT       : DATA_LOG | 2095605 | aRapBi1cCZPZAGLIDny3dk3hQ8vTmNTLHRl8zxmKgQ0= | 7989.09 | 6.01898 | 3335.21 | -0.46641 | -0.884569 | 0 | none | 1 | 49.1708 | 2.15229 | 0 | 1 | 0 | 0 | 0 | 0 | 0 | 1 | camera | target | -0.46641 | 0 | -0.884569 | -0.4664
SCRIPT       : DATA_LOG | 2095632 | VEZjSxlcpgu1JLRUfHGLLLMsm0wqbyJ6fy2rl33V8jg= | 7988.21 | 6.02318 | 3334.04 | 0.288579 | 0.957456 | 0 | none | 1 | 52.0199 | 2.10041 | 0 | 1 | 0 | 0 | 0 | 0 | 0 | 1 | camera | target | 0.288579 | 0 | 0.957456 | 0.288579 
SCRIPT       : DATA_LOG | 2096604 | aRapBi1cCZPZAGLIDny3dk3hQ8vTmNTLHRl8zxmKgQ0= | 7989.09 | 6.01898 | 3335.21 | -0.46641 | -0.884569 | 0 | none | 1 | 48.9795 | 2.16248 | 0 | 1 | 0 | 0 | 0 | 0 | 0 | 1 | camera | target | -0.46641 | 0 | -0.884569 | -0.4664
SCRIPT       : DATA_LOG | 2096632 | VEZjSxlcpgu1JLRUfHGLLLMsm0wqbyJ6fy2rl33V8jg= | 7988.21 | 6.02318 | 3334.04 | 0.288579 | 0.957456 | 0 | none | 1 | 51.3662 | 2.13799 | 0 | 1 | 0 | 0 | 0 | 0 | 0 | 1 | camera | target | 0.288579 | 0 | 0.957456 | 0.288579 
SCRIPT       : DATA_LOG | 2097600 | aRapBi1cCZPZAGLIDny3dk3hQ8vTmNTLHRl8zxmKgQ0= | 7990.73 | 6.0199 | 3334.74 | 0.0859949 | -0.996296 | 0 | none | 1 | 81.1075 | 3.05571 | 0 | 1 | 0 | 0 | 0 | 0 | 0 | 1 | camera | target | 0.0859949 | 0 | -0.996296 | 0.0859
SCRIPT       : DATA_LOG | 2097625 | VEZjSxlcpgu1JLRUfHGLLLMsm0wqbyJ6fy2rl33V8jg= | 7988.21 | 6.02318 | 3334.04 | 0.288579 | 0.957456 | 0 | none | 1 | 64.9854 | 3.04193 | 0 | 1 | 0 | 0 | 0 | 0 | 0 | 1 | camera | target | 0.288579 | 0 | 0.957456 | 0.288579 
SCRIPT       : DATA_LOG | 2098605 | aRapBi1cCZPZAGLIDny3dk3hQ8vTmNTLHRl8zxmKgQ0= | 7990.76 | 6.01996 | 3334.73 | 0.085995 | -0.996296 | 0 | none | 1 | 81.5536 | 3.06666 | 0 | 1 | 0 | 0 | 0 | 0 | 0 | 1 | camera | target | 0.085995 | 0 | -0.996296 | 0.08599
SCRIPT       : DATA_LOG | 2098628 | VEZjSxlcpgu1JLRUfHGLLLMsm0wqbyJ6fy2rl33V8jg= | 7988.21 | 6.02318 | 3334.04 | 0.288579 | 0.957456 | 0 | none | 1 | 64.192 | 3.03436 | 0 | 1 | 0 | 0 | 0 | 0 | 0 | 1 | camera | target | 0.288579 | 0 | 0.957456 | 0.288579 |
SCRIPT       : DATA_LOG | 2099600 | aRapBi1cCZPZAGLIDny3dk3hQ8vTmNTLHRl8zxmKgQ0= | 7990.76 | 6.01996 | 3334.73 | 0.0859952 | -0.996296 | 0 | none | 1 | 81.4966 | 3.07167 | 0 | 1 | 0 | 0 | 0 | 0 | 0 | 1 | camera | target | 0.0859952 | 0 | -0.996296 | 0.085
SCRIPT       : DATA_LOG | 2099621 | VEZjSxlcpgu1JLRUfHGLLLMsm0wqbyJ6fy2rl33V8jg= | 7988.21 | 6.02318 | 3334.04 | 0.288579 | 0.957456 | 0 | none | 1 | 64.5641 | 3.03198 | 0 | 1 | 0 | 0 | 0 | 0 | 0 | 1 | camera | target | 0.288579 | 0 | 0.957456 | 0.288579 
SCRIPT       : DATA_LOG | 2100605 | aRapBi1cCZPZAGLIDny3dk3hQ8vTmNTLHRl8zxmKgQ0= | 7990.76 | 6.01996 | 3334.73 | 0.0859952 | -0.996296 | 0 | none | 1 | 81.5387 | 3.06467 | 0 | 1 | 0 | 0 | 0 | 0 | 0 | 1 | camera | target | 0.0859952 | 0 | -0.996296 | 0.085
SCRIPT       : DATA_LOG | 2100627 | VEZjSxlcpgu1JLRUfHGLLLMsm0wqbyJ6fy2rl33V8jg= | 7988.21 | 6.02318 | 3334.04 | 0.288579 | 0.957456 | 0 | none | 1 | 64.7515 | 3.02746 | 0 | 1 | 0 | 0 | 0 | 0 | 0 | 1 | camera | target | 0.288579 | 0 | 0.957456 | 0.288579 
SCRIPT       : DATA_LOG | 2101604 | aRapBi1cCZPZAGLIDny3dk3hQ8vTmNTLHRl8zxmKgQ0= | 7990.76 | 6.01996 | 3334.73 | 0.0859952 | -0.996296 | 0 | none | 1 | 81.4391 | 3.06843 | 0 | 1 | 0 | 0 | 0 | 0 | 0 | 1 | camera | target | 0.0859952 | 0 | -0.996296 | 0.085
SCRIPT       : DATA_LOG | 2101626 | VEZjSxlcpgu1JLRUfHGLLLMsm0wqbyJ6fy2rl33V8jg= | 7988.21 | 6.02318 | 3334.04 | 0.288579 | 0.957456 | 0 | none | 1 | 64.5571 | 3.03853 | 0 | 1 | 0 | 0 | 0 | 0 | 0 | 1 | camera | target | 0.288579 | 0 | 0.957456 | 0.288579 
SCRIPT       : DATA_LOG | 2102611 | aRapBi1cCZPZAGLIDny3dk3hQ8vTmNTLHRl8zxmKgQ0= | 7990.76 | 6.01996 | 3334.73 | 0.0859952 | -0.996296 | 0 | none | 1 | 83.3854 | 2.96729 | 0 | 1 | 0 | 0 | 0 | 0 | 0 | 1 | camera | target | 0.0859952 | 0 | -0.996296 | 0.085
SCRIPT       : DATA_LOG | 2102635 | VEZjSxlcpgu1JLRUfHGLLLMsm0wqbyJ6fy2rl33V8jg= | 7988.21 | 6.02318 | 3334.04 | 0.288579 | 0.957456 | 0 | none | 1 | 64.5705 | 3.03685 | 0 | 1 | 0 | 0 | 0 | 0 | 0 | 1 | camera | target | 0.288579 | 0 | 0.957456 | 0.288579 
SCRIPT       : DATA_LOG | 2103604 | aRapBi1cCZPZAGLIDny3dk3hQ8vTmNTLHRl8zxmKgQ0= | 7990.76 | 6.01996 | 3334.73 | 0.0859952 | -0.996296 | 0 | none | 1 | 83.3929 | 2.97259 | 0 | 1 | 0 | 0 | 0 | 0 | 0 | 1 | camera | target | 0.0859952 | 0 | -0.996296 | 0.085
SCRIPT       : DATA_LOG | 2103624 | VEZjSxlcpgu1JLRUfHGLLLMsm0wqbyJ6fy2rl33V8jg= | 7988.21 | 6.02318 | 3334.04 | 0.288579 | 0.957456 | 0 | none | 1 | 64.7061 | 3.03026 | 0 | 1 | 0 | 0 | 0 | 0 | 0 | 1 | camera | target | 0.288579 | 0 | 0.957456 | 0.288579 
SCRIPT       : DATA_LOG | 2104608 | aRapBi1cCZPZAGLIDny3dk3hQ8vTmNTLHRl8zxmKgQ0= | 7990.76 | 6.01996 | 3334.73 | 0.0859952 | -0.996296 | 0 | none | 1 | 82.3564 | 3.02629 | 0 | 1 | 0 | 0 | 0 | 0 | 0 | 1 | camera | target | 0.0859952 | 0 | -0.996296 | 0.085
SCRIPT       : DATA_LOG | 2104632 | VEZjSxlcpgu1JLRUfHGLLLMsm0wqbyJ6fy2rl33V8jg= | 7988.21 | 6.02318 | 3334.04 | 0.288579 | 0.957456 | 0 | none | 1 | 64.6437 | 3.03455 | 0 | 1 | 0 | 0 | 0 | 0 | 0 | 1 | camera | target | 0.288579 | 0 | 0.957456 | 0.288579 
SCRIPT       : DATA_LOG | 2105614 | aRapBi1cCZPZAGLIDny3dk3hQ8vTmNTLHRl8zxmKgQ0= | 7990.2 | 6.01857 | 3334.8 | -0.0788384 | -0.996887 | 0 | none | 1 | 70.9657 | 2.62184 | 0 | 1 | 0 | 0 | 0 | 0 | 0 | 1 | camera | target | -0.0788384 | 0 | -0.996887 | -0.07
SCRIPT       : DATA_LOG | 2105633 | VEZjSxlcpgu1JLRUfHGLLLMsm0wqbyJ6fy2rl33V8jg= | 7988.21 | 6.02318 | 3334.04 | 0.288579 | 0.957456 | 0 | none | 1 | 62.5797 | 2.6009 | 0 | 1 | 0 | 0 | 0 | 0 | 0 | 1 | camera | target | 0.288579 | 0 | 0.957456 | 0.288579 |
SCRIPT       : DATA_LOG | 2106609 | aRapBi1cCZPZAGLIDny3dk3hQ8vTmNTLHRl8zxmKgQ0= | 7990.2 | 6.01857 | 3334.8 | -0.0788384 | -0.996887 | 0 | none | 1 | 70.347 | 2.65199 | 0 | 1 | 0 | 0 | 0 | 0 | 0 | 1 | camera | target | -0.0788384 | 0 | -0.996887 | -0.078
SCRIPT       : DATA_LOG | 2106631 | VEZjSxlcpgu1JLRUfHGLLLMsm0wqbyJ6fy2rl33V8jg= | 7988.21 | 6.02318 | 3334.04 | 0.288579 | 0.957456 | 0 | none | 1 | 62.4347 | 2.60465 | 0 | 1 | 0 | 0 | 0 | 0 | 0 | 1 | camera | target | 0.288579 | 0 | 0.957456 | 0.288579 
SCRIPT       : DATA_LOG | 2107610 | aRapBi1cCZPZAGLIDny3dk3hQ8vTmNTLHRl8zxmKgQ0= | 7990.2 | 6.01857 | 3334.8 | -0.0788384 | -0.996887 | 0 | none | 1 | 70.4046 | 2.64447 | 0 | 1 | 0 | 0 | 0 | 0 | 0 | 1 | camera | target | -0.0788384 | 0 | -0.996887 | -0.07
SCRIPT       : DATA_LOG | 2107633 | VEZjSxlcpgu1JLRUfHGLLLMsm0wqbyJ6fy2rl33V8jg= | 7988.21 | 6.02318 | 3334.04 | 0.288579 | 0.957456 | 0 | none | 1 | 62.5642 | 2.60097 | 0 | 1 | 0 | 0 | 0 | 0 | 0 | 1 | camera | target | 0.288579 | 0 | 0.957456 | 0.288579 
SCRIPT       : DATA_LOG | 2108615 | aRapBi1cCZPZAGLIDny3dk3hQ8vTmNTLHRl8zxmKgQ0= | 7990.2 | 6.01857 | 3334.8 | -0.0788384 | -0.996887 | 0 | none | 1 | 70.3278 | 2.64646 | 0 | 1 | 0 | 0 | 0 | 0 | 0 | 1 | camera | target | -0.0788384 | 0 | -0.996887 | -0.07
SCRIPT       : DATA_LOG | 2108638 | VEZjSxlcpgu1JLRUfHGLLLMsm0wqbyJ6fy2rl33V8jg= | 7988.21 | 6.02318 | 3334.04 | 0.288579 | 0.957456 | 0 | none | 1 | 62.4767 | 2.61005 | 0 | 1 | 0 | 0 | 0 | 0 | 0 | 1 | camera | target | 0.288579 | 0 | 0.957456 | 0.288579 
SCRIPT       : DATA_LOG | 2109618 | aRapBi1cCZPZAGLIDny3dk3hQ8vTmNTLHRl8zxmKgQ0= | 7990.2 | 6.01857 | 3334.8 | -0.0788384 | -0.996887 | 0 | none | 1 | 70.3382 | 2.64647 | 0 | 1 | 0 | 0 | 0 | 0 | 0 | 1 | camera | target | -0.0788384 | 0 | -0.996887 | -0.07
SCRIPT       : DATA_LOG | 2109645 | VEZjSxlcpgu1JLRUfHGLLLMsm0wqbyJ6fy2rl33V8jg= | 7988.21 | 6.02318 | 3334.04 | 0.288579 | 0.957456 | 0 | none | 1 | 62.3702 | 2.61298 | 0 | 1 | 0 | 0 | 0 | 0 | 0 | 1 | camera | target | 0.288579 | 0 | 0.957456 | 0.288579 
SCRIPT       : DATA_LOG | 2110616 | aRapBi1cCZPZAGLIDny3dk3hQ8vTmNTLHRl8zxmKgQ0= | 7990.2 | 6.01857 | 3334.8 | -0.0788384 | -0.996887 | 0 | none | 1 | 70.4274 | 2.64881 | 0 | 1 | 0 | 0 | 0 | 0 | 0 | 1 | camera | target | -0.0788384 | 0 | -0.996887 | -0.07
SCRIPT       : DATA_LOG | 2110639 | VEZjSxlcpgu1JLRUfHGLLLMsm0wqbyJ6fy2rl33V8jg= | 7988.21 | 6.02318 | 3334.04 | 0.288579 | 0.957456 | 0 | none | 1 | 62.5848 | 2.60247 | 0 | 1 | 0 | 0 | 0 | 0 | 0 | 1 | camera | target | 0.288579 | 0 | 0.957456 | 0.288579 
SCRIPT       : DATA_LOG | 2111620 | aRapBi1cCZPZAGLIDny3dk3hQ8vTmNTLHRl8zxmKgQ0= | 7990.2 | 6.01857 | 3334.8 | -0.0788384 | -0.996887 | 0 | none | 1 | 70.2121 | 2.65889 | 0 | 1 | 0 | 0 | 0 | 0 | 0 | 1 | camera | target | -0.0788384 | 0 | -0.996887 | -0.07
SCRIPT       : DATA_LOG | 2111647 | VEZjSxlcpgu1JLRUfHGLLLMsm0wqbyJ6fy2rl33V8jg= | 7988.21 | 6.02318 | 3334.04 | 0.288579 | 0.957456 | 0 | none | 1 | 62.4765 | 2.60892 | 0 | 1 | 0 | 0 | 0 | 0 | 0 | 1 | camera | target | 0.288579 | 0 | 0.957456 | 0.288579 
SCRIPT       : DATA_LOG | 2112616 | aRapBi1cCZPZAGLIDny3dk3hQ8vTmNTLHRl8zxmKgQ0= | 7990.2 | 6.01857 | 3334.8 | -0.0788384 | -0.996887 | 0 | none | 1 | 70.4473 | 2.64561 | 0 | 1 | 0 | 0 | 0 | 0 | 0 | 1 | camera | target | -0.0788384 | 0 | -0.996887 | -0.07
SCRIPT       : DATA_LOG | 2112638 | VEZjSxlcpgu1JLRUfHGLLLMsm0wqbyJ6fy2rl33V8jg= | 7988.21 | 6.02318 | 3334.04 | 0.288579 | 0.957456 | 0 | none | 1 | 62.577 | 2.60147 | 0 | 1 | 0 | 0 | 0 | 0 | 0 | 1 | camera | target | 0.288579 | 0 | 0.957456 | 0.288579 |
SCRIPT       : DATA_LOG | 2113661 | aRapBi1cCZPZAGLIDny3dk3hQ8vTmNTLHRl8zxmKgQ0= | 7990.2 | 6.01857 | 3334.8 | -0.0788384 | -0.996887 | 0 | none | 1 | 70.3481 | 2.65119 | 0 | 1 | 0 | 0 | 0 | 0 | 0 | 1 | camera | target | -0.0788384 | 0 | -0.996887 | -0.07
SCRIPT       : DATA_LOG | 2113680 | VEZjSxlcpgu1JLRUfHGLLLMsm0wqbyJ6fy2rl33V8jg= | 7988.21 | 6.02318 | 3334.04 | 0.288579 | 0.957456 | 0 | none | 1 | 62.4947 | 2.60209 | 0 | 1 | 0 | 0 | 0 | 0 | 0 | 1 | camera | target | 0.288579 | 0 | 0.957456 | 0.288579 
SCRIPT       : DATA_LOG | 2114660 | aRapBi1cCZPZAGLIDny3dk3hQ8vTmNTLHRl8zxmKgQ0= | 7990.2 | 6.01857 | 3334.8 | -0.0788384 | -0.996887 | 0 | none | 1 | 70.3919 | 2.64511 | 0 | 1 | 0 | 0 | 0 | 0 | 0 | 1 | camera | target | -0.0788384 | 0 | -0.996887 | -0.07
SCRIPT       : DATA_LOG | 2114684 | VEZjSxlcpgu1JLRUfHGLLLMsm0wqbyJ6fy2rl33V8jg= | 7988.21 | 6.02318 | 3334.04 | 0.288579 | 0.957456 | 0 | none | 1 | 62.5176 | 2.60165 | 0 | 1 | 0 | 0 | 0 | 0 | 0 | 1 | camera | target | 0.288579 | 0 | 0.957456 | 0.288579 
SCRIPT       : DATA_LOG | 2115669 | aRapBi1cCZPZAGLIDny3dk3hQ8vTmNTLHRl8zxmKgQ0= | 7990.2 | 6.01857 | 3334.8 | -0.0788384 | -0.996887 | 0 | none | 1 | 70.3363 | 2.646 | 0 | 1 | 0 | 0 | 0 | 0 | 0 | 1 | camera | target | -0.0788384 | 0 | -0.996887 | -0.0788
SCRIPT       : DATA_LOG | 2115695 | VEZjSxlcpgu1JLRUfHGLLLMsm0wqbyJ6fy2rl33V8jg= | 7988.21 | 6.02318 | 3334.04 | 0.288579 | 0.957456 | 0 | none | 1 | 62.533 | 2.60718 | 0 | 1 | 0 | 0 | 0 | 0 | 0 | 1 | camera | target | 0.288579 | 0 | 0.957456 | 0.288579 |
SCRIPT       : DATA_LOG | 2116671 | aRapBi1cCZPZAGLIDny3dk3hQ8vTmNTLHRl8zxmKgQ0= | 7990.2 | 6.01857 | 3334.8 | -0.0788384 | -0.996887 | 0 | none | 1 | 70.2735 | 2.64941 | 0 | 1 | 0 | 0 | 0 | 0 | 0 | 1 | camera | target | -0.0788384 | 0 | -0.996887 | -0.07
SCRIPT       : DATA_LOG | 2116701 | VEZjSxlcpgu1JLRUfHGLLLMsm0wqbyJ6fy2rl33V8jg= | 7988.21 | 6.02318 | 3334.04 | 0.288579 | 0.957456 | 0 | none | 1 | 62.3351 | 2.61456 | 0 | 1 | 0 | 0 | 0 | 0 | 0 | 1 | camera | target | 0.288579 | 0 | 0.957456 | 0.288579 
SCRIPT       : DATA_LOG | 2117669 | aRapBi1cCZPZAGLIDny3dk3hQ8vTmNTLHRl8zxmKgQ0= | 7990.2 | 6.01857 | 3334.8 | -0.0788384 | -0.996887 | 0 | none | 1 | 70.4507 | 2.64712 | 0 | 1 | 0 | 0 | 0 | 0 | 0 | 1 | camera | target | -0.0788384 | 0 | -0.996887 | -0.07
SCRIPT       : DATA_LOG | 2117696 | VEZjSxlcpgu1JLRUfHGLLLMsm0wqbyJ6fy2rl33V8jg= | 7988.21 | 6.02318 | 3334.04 | 0.288579 | 0.957456 | 0 | none | 1 | 62.5855 | 2.60283 | 0 | 1 | 0 | 0 | 0 | 0 | 0 | 1 | camera | target | 0.288579 | 0 | 0.957456 | 0.288579 
SCRIPT       : DATA_LOG | 2118668 | aRapBi1cCZPZAGLIDny3dk3hQ8vTmNTLHRl8zxmKgQ0= | 7990.2 | 6.01857 | 3334.8 | -0.0788384 | -0.996887 | 0 | none | 1 | 70.1947 | 2.65964 | 0 | 1 | 0 | 0 | 0 | 0 | 0 | 1 | camera | target | -0.0788384 | 0 | -0.996887 | -0.07
SCRIPT       : DATA_LOG | 2118696 | VEZjSxlcpgu1JLRUfHGLLLMsm0wqbyJ6fy2rl33V8jg= | 7988.21 | 6.02318 | 3334.04 | 0.288579 | 0.957456 | 0 | none | 1 | 62.4636 | 2.60961 | 0 | 1 | 0 | 0 | 0 | 0 | 0 | 1 | camera | target | 0.288579 | 0 | 0.957456 | 0.288579 
SCRIPT       : DATA_LOG | 2119670 | aRapBi1cCZPZAGLIDny3dk3hQ8vTmNTLHRl8zxmKgQ0= | 7990.2 | 6.01857 | 3334.8 | -0.0788384 | -0.996887 | 0 | none | 1 | 70.4397 | 2.6462 | 0 | 1 | 0 | 0 | 0 | 0 | 0 | 1 | camera | target | -0.0788384 | 0 | -0.996887 | -0.078
SCRIPT       : DATA_LOG | 2119692 | VEZjSxlcpgu1JLRUfHGLLLMsm0wqbyJ6fy2rl33V8jg= | 7988.21 | 6.02318 | 3334.04 | 0.288579 | 0.957456 | 0 | none | 1 | 62.5634 | 2.6018 | 0 | 1 | 0 | 0 | 0 | 0 | 0 | 1 | camera | target | 0.288579 | 0 | 0.957456 | 0.288579 |
SCRIPT       : DATA_LOG | 2120669 | aRapBi1cCZPZAGLIDny3dk3hQ8vTmNTLHRl8zxmKgQ0= | 7990.2 | 6.01857 | 3334.8 | -0.0788384 | -0.996887 | 0 | none | 1 | 70.3375 | 2.65221 | 0 | 1 | 0 | 0 | 0 | 0 | 0 | 1 | camera | target | -0.0788384 | 0 | -0.996887 | -0.07
SCRIPT       : DATA_LOG | 2120697 | VEZjSxlcpgu1JLRUfHGLLLMsm0wqbyJ6fy2rl33V8jg= | 7988.21 | 6.02318 | 3334.04 | 0.288579 | 0.957456 | 0 | none | 1 | 62.4835 | 2.60212 | 0 | 1 | 0 | 0 | 0 | 0 | 0 | 1 | camera | target | 0.288579 | 0 | 0.957456 | 0.288579 
SCRIPT       : DATA_LOG | 2121671 | aRapBi1cCZPZAGLIDny3dk3hQ8vTmNTLHRl8zxmKgQ0= | 7990.2 | 6.01857 | 3334.8 | -0.0788384 | -0.996887 | 0 | none | 1 | 70.3802 | 2.646 | 0 | 1 | 0 | 0 | 0 | 0 | 0 | 1 | camera | target | -0.0788384 | 0 | -0.996887 | -0.0788
SCRIPT       : DATA_LOG | 2121693 | VEZjSxlcpgu1JLRUfHGLLLMsm0wqbyJ6fy2rl33V8jg= | 7988.21 | 6.02318 | 3334.04 | 0.288579 | 0.957456 | 0 | none | 1 | 62.4304 | 2.60478 | 0 | 1 | 0 | 0 | 0 | 0 | 0 | 1 | camera | target | 0.288579 | 0 | 0.957456 | 0.288579 
SCRIPT       : DATA_LOG | 2122675 | aRapBi1cCZPZAGLIDny3dk3hQ8vTmNTLHRl8zxmKgQ0= | 7990.2 | 6.01857 | 3334.8 | -0.0788384 | -0.996887 | 0 | none | 1 | 70.3581 | 2.64497 | 0 | 1 | 0 | 0 | 0 | 0 | 0 | 1 | camera | target | -0.0788384 | 0 | -0.996887 | -0.07
SCRIPT       : DATA_LOG | 2122697 | VEZjSxlcpgu1JLRUfHGLLLMsm0wqbyJ6fy2rl33V8jg= | 7988.21 | 6.02318 | 3334.04 | 0.288579 | 0.957456 | 0 | none | 1 | 62.5753 | 2.60458 | 0 | 1 | 0 | 0 | 0 | 0 | 0 | 1 | camera | target | 0.288579 | 0 | 0.957456 | 0.288579 
SCRIPT       : DATA_LOG | 2123679 | aRapBi1cCZPZAGLIDny3dk3hQ8vTmNTLHRl8zxmKgQ0= | 7990.2 | 6.01857 | 3334.8 | -0.0788384 | -0.996887 | 0 | none | 1 | 70.2387 | 2.65092 | 0 | 1 | 0 | 0 | 0 | 0 | 0 | 1 | camera | target | -0.0788384 | 0 | -0.996887 | -0.07
SCRIPT       : DATA_LOG | 2123709 | VEZjSxlcpgu1JLRUfHGLLLMsm0wqbyJ6fy2rl33V8jg= | 7988.21 | 6.02318 | 3334.04 | 0.288579 | 0.957456 | 0 | none | 1 | 62.3049 | 2.61606 | 0 | 1 | 0 | 0 | 0 | 0 | 0 | 1 | camera | target | 0.288579 | 0 | 0.957456 | 0.288579 
SCRIPT       : DATA_LOG | 2124673 | aRapBi1cCZPZAGLIDny3dk3hQ8vTmNTLHRl8zxmKgQ0= | 7990.2 | 6.01857 | 3334.8 | -0.0788384 | -0.996887 | 0 | none | 1 | 70.484 | 2.64434 | 0 | 1 | 0 | 0 | 0 | 0 | 0 | 1 | camera | target | -0.0788384 | 0 | -0.996887 | -0.078
SCRIPT       : DATA_LOG | 2124698 | VEZjSxlcpgu1JLRUfHGLLLMsm0wqbyJ6fy2rl33V8jg= | 7988.21 | 6.02318 | 3334.04 | 0.288579 | 0.957456 | 0 | none | 1 | 62.5782 | 2.60352 | 0 | 1 | 0 | 0 | 0 | 0 | 0 | 1 | camera | target | 0.288579 | 0 | 0.957456 | 0.288579 
SCRIPT       : DATA_LOG | 2125673 | aRapBi1cCZPZAGLIDny3dk3hQ8vTmNTLHRl8zxmKgQ0= | 7990.2 | 6.01857 | 3334.8 | -0.0788384 | -0.996887 | 0 | none | 1 | 70.1969 | 2.66004 | 0 | 1 | 0 | 0 | 0 | 0 | 0 | 1 | camera | target | -0.0788384 | 0 | -0.996887 | -0.07
SCRIPT       : DATA_LOG | 2125697 | VEZjSxlcpgu1JLRUfHGLLLMsm0wqbyJ6fy2rl33V8jg= | 7988.21 | 6.02318 | 3334.04 | 0.288579 | 0.957456 | 0 | none | 1 | 62.463 | 2.60926 | 0 | 1 | 0 | 0 | 0 | 0 | 0 | 1 | camera | target | 0.288579 | 0 | 0.957456 | 0.288579 |
SCRIPT       : DATA_LOG | 2126675 | aRapBi1cCZPZAGLIDny3dk3hQ8vTmNTLHRl8zxmKgQ0= | 7990.2 | 6.01857 | 3334.8 | -0.0788384 | -0.996887 | 0 | none | 1 | 70.4088 | 2.64846 | 0 | 1 | 0 | 0 | 0 | 0 | 0 | 1 | camera | target | -0.0788384 | 0 | -0.996887 | -0.07
SCRIPT       : DATA_LOG | 2126701 | VEZjSxlcpgu1JLRUfHGLLLMsm0wqbyJ6fy2rl33V8jg= | 7988.21 | 6.02318 | 3334.04 | 0.288579 | 0.957456 | 0 | none | 1 | 62.545 | 2.60284 | 0 | 1 | 0 | 0 | 0 | 0 | 0 | 1 | camera | target | 0.288579 | 0 | 0.957456 | 0.288579 |
SCRIPT       : DATA_LOG | 2127682 | aRapBi1cCZPZAGLIDny3dk3hQ8vTmNTLHRl8zxmKgQ0= | 7990.2 | 6.01857 | 3334.8 | -0.0788384 | -0.996887 | 0 | none | 1 | 70.356 | 2.65065 | 0 | 1 | 0 | 0 | 0 | 0 | 0 | 1 | camera | target | -0.0788384 | 0 | -0.996887 | -0.078
SCRIPT       : DATA_LOG | 2127707 | VEZjSxlcpgu1JLRUfHGLLLMsm0wqbyJ6fy2rl33V8jg= | 7988.21 | 6.02318 | 3334.04 | 0.288579 | 0.957456 | 0 | none | 1 | 62.569 | 2.60067 | 0 | 1 | 0 | 0 | 0 | 0 | 0 | 1 | camera | target | 0.288579 | 0 | 0.957456 | 0.288579 |
SCRIPT       : DATA_LOG | 2128674 | aRapBi1cCZPZAGLIDny3dk3hQ8vTmNTLHRl8zxmKgQ0= | 7990.2 | 6.01857 | 3334.8 | -0.0788384 | -0.996887 | 0 | none | 1 | 70.369 | 2.64695 | 0 | 1 | 0 | 0 | 0 | 0 | 0 | 1 | camera | target | -0.0788384 | 0 | -0.996887 | -0.078
SCRIPT       : DATA_LOG | 2128693 | VEZjSxlcpgu1JLRUfHGLLLMsm0wqbyJ6fy2rl33V8jg= | 7988.21 | 6.02318 | 3334.04 | 0.288579 | 0.957456 | 0 | none | 1 | 62.4473 | 2.60393 | 0 | 1 | 0 | 0 | 0 | 0 | 0 | 1 | camera | target | 0.288579 | 0 | 0.957456 | 0.288579 
SCRIPT       : DATA_LOG | 2130097 | aRapBi1cCZPZAGLIDny3dk3hQ8vTmNTLHRl8zxmKgQ0= | 7990.2 | 6.01857 | 3334.8 | -0.0788384 | -0.996887 | 0 | none | 1 | 70.3763 | 2.64432 | 0 | 1 | 0 | 0 | 0 | 0 | 0 | 1 | camera | target | -0.0788384 | 0 | -0.996887 | -0.07
SCRIPT       : DATA_LOG | 2130125 | VEZjSxlcpgu1JLRUfHGLLLMsm0wqbyJ6fy2rl33V8jg= | 7988.21 | 6.02318 | 3334.04 | 0.288579 | 0.957456 | 0 | none | 1 | 62.5738 | 2.60079 | 0 | 1 | 0 | 0 | 0 | 0 | 0 | 1 | camera | target | 0.288579 | 0 | 0.957456 | 0.288579 
SCRIPT       : DATA_LOG | 2130856 | aRapBi1cCZPZAGLIDny3dk3hQ8vTmNTLHRl8zxmKgQ0= | 7990.2 | 6.01857 | 3334.8 | -0.0788384 | -0.996887 | 0 | none | 1 | 70.2387 | 2.65092 | 0 | 1 | 0 | 0 | 0 | 0 | 0 | 1 | camera | target | -0.0788384 | 0 | -0.996887 | -0.07
SCRIPT       : DATA_LOG | 2130882 | VEZjSxlcpgu1JLRUfHGLLLMsm0wqbyJ6fy2rl33V8jg= | 7988.21 | 6.02318 | 3334.04 | 0.288579 | 0.957456 | 0 | none | 1 | 62.3917 | 2.61345 | 0 | 1 | 0 | 0 | 0 | 0 | 0 | 1 | camera | target | 0.288579 | 0 | 0.957456 | 0.288579 
SCRIPT       : DATA_LOG | 2131866 | aRapBi1cCZPZAGLIDny3dk3hQ8vTmNTLHRl8zxmKgQ0= | 7990.2 | 6.01857 | 3334.8 | -0.0788384 | -0.996887 | 0 | none | 1 | 70.484 | 2.64434 | 0 | 1 | 0 | 0 | 0 | 0 | 0 | 1 | camera | target | -0.0788384 | 0 | -0.996887 | -0.078
SCRIPT       : DATA_LOG | 2131889 | VEZjSxlcpgu1JLRUfHGLLLMsm0wqbyJ6fy2rl33V8jg= | 7988.21 | 6.02318 | 3334.04 | 0.288579 | 0.957456 | 0 | none | 1 | 62.4324 | 2.61043 | 0 | 1 | 0 | 0 | 0 | 0 | 0 | 1 | camera | target | 0.288579 | 0 | 0.957456 | 0.288579 
SCRIPT       : DATA_LOG | 2132865 | aRapBi1cCZPZAGLIDny3dk3hQ8vTmNTLHRl8zxmKgQ0= | 7990.2 | 6.01857 | 3334.8 | -0.0788384 | -0.996887 | 0 | none | 1 | 70.4384 | 2.64879 | 0 | 1 | 0 | 0 | 0 | 0 | 0 | 1 | camera | target | -0.0788384 | 0 | -0.996887 | -0.07
SCRIPT       : DATA_LOG | 2132891 | VEZjSxlcpgu1JLRUfHGLLLMsm0wqbyJ6fy2rl33V8jg= | 7988.21 | 6.02318 | 3334.04 | 0.288579 | 0.957456 | 0 | none | 1 | 62.5493 | 2.60373 | 0 | 1 | 0 | 0 | 0 | 0 | 0 | 1 | camera | target | 0.288579 | 0 | 0.957456 | 0.288579 
SCRIPT       : DATA_LOG | 2133867 | aRapBi1cCZPZAGLIDny3dk3hQ8vTmNTLHRl8zxmKgQ0= | 7990.2 | 6.01857 | 3334.8 | -0.0788384 | -0.996887 | 0 | none | 1 | 74.2371 | 2.43828 | 0 | 1 | 0 | 0 | 0 | 0 | 0 | 1 | camera | none | -0.0788384 | 0 | -0.996887 | -0.0788
SCRIPT       : DATA_LOG | 2133887 | VEZjSxlcpgu1JLRUfHGLLLMsm0wqbyJ6fy2rl33V8jg= | 7988.21 | 6.02318 | 3334.04 | 0.288579 | 0.957456 | 0 | none | 1 | 62.4978 | 2.60734 | 0 | 1 | 0 | 0 | 0 | 0 | 0 | 1 | camera | target | 0.288579 | 0 | 0.957456 | 0.288579 
SCRIPT       : DATA_LOG | 2134865 | aRapBi1cCZPZAGLIDny3dk3hQ8vTmNTLHRl8zxmKgQ0= | 7990.2 | 6.01857 | 3334.8 | -0.0788384 | -0.996887 | 0 | none | 1 | 71.1475 | 2.60768 | 0 | 1 | 0 | 0 | 0 | 0 | 0 | 1 | camera | target | -0.0788384 | 0 | -0.996887 | -0.07
SCRIPT       : DATA_LOG | 2134888 | VEZjSxlcpgu1JLRUfHGLLLMsm0wqbyJ6fy2rl33V8jg= | 7988.21 | 6.02318 | 3334.04 | 0.288579 | 0.957456 | 0 | none | 1 | 62.5745 | 2.60095 | 0 | 1 | 0 | 0 | 0 | 0 | 0 | 1 | camera | target | 0.288579 | 0 | 0.957456 | 0.288579 
SCRIPT       : DATA_LOG | 2136108 | aRapBi1cCZPZAGLIDny3dk3hQ8vTmNTLHRl8zxmKgQ0= | 7990.2 | 6.01857 | 3334.8 | -0.0788384 | -0.996887 | 0 | none | 1 | 71.4458 | 2.58433 | 0 | 1 | 0 | 0 | 0 | 0 | 0 | 1 | camera | target | -0.0788384 | 0 | -0.996887 | -0.07
SCRIPT       : DATA_LOG | 2136127 | VEZjSxlcpgu1JLRUfHGLLLMsm0wqbyJ6fy2rl33V8jg= | 7988.21 | 6.02318 | 3334.04 | 0.288579 | 0.957456 | 0 | none | 1 | 62.4303 | 2.60477 | 0 | 1 | 0 | 0 | 0 | 0 | 0 | 1 | camera | target | 0.288579 | 0 | 0.957456 | 0.288579 
SCRIPT       : DATA_LOG | 2137111 | aRapBi1cCZPZAGLIDny3dk3hQ8vTmNTLHRl8zxmKgQ0= | 7990.2 | 6.01857 | 3334.8 | -0.0788384 | -0.996887 | 0 | none | 1 | 70.3415 | 2.64595 | 0 | 1 | 0 | 0 | 0 | 0 | 0 | 1 | camera | target | -0.0788384 | 0 | -0.996887 | -0.07
SCRIPT       : DATA_LOG | 2137134 | VEZjSxlcpgu1JLRUfHGLLLMsm0wqbyJ6fy2rl33V8jg= | 7988.21 | 6.02318 | 3334.04 | 0.288579 | 0.957456 | 0 | none | 1 | 62.637 | 2.60002 | 0 | 1 | 0 | 0 | 0 | 0 | 0 | 1 | camera | target | 0.288579 | 0 | 0.957456 | 0.288579 |
SCRIPT       : DATA_LOG | 2138110 | aRapBi1cCZPZAGLIDny3dk3hQ8vTmNTLHRl8zxmKgQ0= | 7990.21 | 6.01863 | 3334.84 | -0.143359 | -0.989671 | 0 | none | 1 | 66.6496 | 2.66614 | 0 | 1 | 0 | 0 | 0 | 0 | 0 | 1 | camera | target | -0.143359 | 0 | -0.989671 | -0.14
SCRIPT       : DATA_LOG | 2138132 | VEZjSxlcpgu1JLRUfHGLLLMsm0wqbyJ6fy2rl33V8jg= | 7988.21 | 6.02318 | 3334.04 | 0.288579 | 0.957456 | 0 | none | 1 | 62.7551 | 2.55909 | 0 | 1 | 0 | 0 | 0 | 0 | 0 | 1 | camera | target | 0.288579 | 0 | 0.957456 | 0.288579 
SCRIPT       : DATA_LOG | 2139113 | aRapBi1cCZPZAGLIDny3dk3hQ8vTmNTLHRl8zxmKgQ0= | 7991.65 | 6.02199 | 3334.48 | -0.979909 | -0.199443 | 0 | none | 1 | 25.5054 | 3.79704 | 0 | 1 | 0 | 0 | 0 | 0 | 0 | 1 | camera | target | -0.979909 | 0 | -0.199443 | -0.97
SCRIPT       : DATA_LOG | 2139137 | VEZjSxlcpgu1JLRUfHGLLLMsm0wqbyJ6fy2rl33V8jg= | 7988.21 | 6.02318 | 3334.04 | 0.288579 | 0.957456 | 0 | none | 1 | 67.8604 | 3.64535 | 0 | 1 | 0 | 0 | 0 | 0 | 0 | 1 | camera | none | 0.288579 | 0 | 0.957456 | 0.288579 | 
SCRIPT       : DATA_LOG | 2140117 | aRapBi1cCZPZAGLIDny3dk3hQ8vTmNTLHRl8zxmKgQ0= | 7990.62 | 6.02007 | 3335.09 | -0.994749 | -0.102348 | 0 | none | 0 | 35.8416 | 3.06865 | 0 | 1 | 0 | 0 | 0 | 0 | 0 | 1 | camera | FireplaceFireBarrel | -0.994749 | 0 | -0.1
SCRIPT       : DATA_LOG | 2140140 | VEZjSxlcpgu1JLRUfHGLLLMsm0wqbyJ6fy2rl33V8jg= | 7988.21 | 6.02318 | 3334.04 | 0.288579 | 0.957456 | 0 | none | 1 | 55.8758 | 2.88381 | 0 | 1 | 0 | 0 | 0 | 0 | 0 | 1 | camera | none | 0.288579 | 0 | 0.957456 | 0.288579 | 
SCRIPT       : DATA_LOG | 2141151 | aRapBi1cCZPZAGLIDny3dk3hQ8vTmNTLHRl8zxmKgQ0= | 7990.62 | 6.02007 | 3335.09 | -0.994749 | -0.102348 | 0 | none | 0 | 35.8553 | 3.05487 | 0 | 1 | 0 | 0 | 0 | 0 | 0 | 1 | camera | FireplaceFireBarrel | -0.994749 | 0 | -0.1
SCRIPT       : DATA_LOG | 2141172 | VEZjSxlcpgu1JLRUfHGLLLMsm0wqbyJ6fy2rl33V8jg= | 7988.21 | 6.02318 | 3334.04 | 0.288579 | 0.957456 | 0 | none | 1 | 55.8821 | 2.88628 | 0 | 1 | 0 | 0 | 0 | 0 | 0 | 1 | camera | none | 0.288579 | 0 | 0.957456 | 0.288579 | 
SCRIPT       : DATA_LOG | 2142143 | aRapBi1cCZPZAGLIDny3dk3hQ8vTmNTLHRl8zxmKgQ0= | 7990.62 | 6.02007 | 3335.09 | -0.994749 | -0.102348 | 0 | none | 0 | 35.8452 | 3.06052 | 0 | 1 | 0 | 0 | 0 | 0 | 0 | 1 | camera | FireplaceFireBarrel | -0.994749 | 0 | -0.1
SCRIPT       : DATA_LOG | 2142167 | VEZjSxlcpgu1JLRUfHGLLLMsm0wqbyJ6fy2rl33V8jg= | 7988.21 | 6.02318 | 3334.04 | 0.288579 | 0.957456 | 0 | none | 1 | 55.7636 | 2.88306 | 0 | 1 | 0 | 0 | 0 | 0 | 0 | 1 | camera | none | 0.288579 | 0 | 0.957456 | 0.288579 | 
SCRIPT       : DATA_LOG | 2143152 | aRapBi1cCZPZAGLIDny3dk3hQ8vTmNTLHRl8zxmKgQ0= | 7990.62 | 6.02007 | 3335.09 | -0.994749 | -0.102348 | 0 | none | 0 | 35.9036 | 3.05398 | 0 | 1 | 0 | 0 | 0 | 0 | 0 | 1 | camera | FireplaceFireBarrel | -0.994749 | 0 | -0.1
SCRIPT       : DATA_LOG | 2143176 | VEZjSxlcpgu1JLRUfHGLLLMsm0wqbyJ6fy2rl33V8jg= | 7988.21 | 6.02318 | 3334.04 | 0.288579 | 0.957456 | 0 | none | 1 | 55.8026 | 2.89037 | 0 | 1 | 0 | 0 | 0 | 0 | 0 | 1 | camera | none | 0.288579 | 0 | 0.957456 | 0.288579 | 
SCRIPT       : DATA_LOG | 2144153 | aRapBi1cCZPZAGLIDny3dk3hQ8vTmNTLHRl8zxmKgQ0= | 7990.54 | 6.0212 | 3336.08 | -0.665688 | -0.746231 | 0 | none | 1 | 28.5572 | 3.46111 | 0 | 1 | 0 | 0 | 0 | 0 | 0 | 1 | camera | target | -0.665688 | 0 | -0.746231 | -0.665
SCRIPT       : DATA_LOG | 2144177 | VEZjSxlcpgu1JLRUfHGLLLMsm0wqbyJ6fy2rl33V8jg= | 7988.21 | 6.02318 | 3334.04 | 0.288579 | 0.957456 | 0 | none | 1 | 41.4593 | 3.39612 | 0 | 1 | 0 | 0 | 0 | 0 | 0 | 1 | camera | target | 0.288579 | 0 | 0.957456 | 0.288579 
SCRIPT       : DATA_LOG | 2145159 | aRapBi1cCZPZAGLIDny3dk3hQ8vTmNTLHRl8zxmKgQ0= | 7990.92 | 6.01965 | 3334.19 | -0.924764 | -0.380542 | 0 | none | 1 | 36.0678 | 3.13556 | 0 | 1 | 0 | 0 | 0 | 0 | 0 | 1 | camera | target | -0.924764 | 0 | -0.380542 | -0.92
SCRIPT       : DATA_LOG | 2145185 | VEZjSxlcpgu1JLRUfHGLLLMsm0wqbyJ6fy2rl33V8jg= | 7988.21 | 6.02318 | 3334.04 | 0.288579 | 0.957456 | 0 | none | 1 | 75.0329 | 3.02646 | 0 | 1 | 0 | 0 | 0 | 0 | 0 | 1 | camera | none | 0.288579 | 0 | 0.957456 | 0.288579 | 
SCRIPT       : DATA_LOG | 2146154 | aRapBi1cCZPZAGLIDny3dk3hQ8vTmNTLHRl8zxmKgQ0= | 7990.45 | 6.02253 | 3333.18 | -0.974232 | -0.225546 | 0 | none | 1 | 47.1287 | 2.87807 | 0 | 1 | 0 | 0 | 0 | 0 | 0 | 1 | camera | target | -0.974232 | 0 | -0.225546 | -0.97
SCRIPT       : DATA_LOG | 2146178 | VEZjSxlcpgu1JLRUfHGLLLMsm0wqbyJ6fy2rl33V8jg= | 7988.21 | 6.02318 | 3334.04 | 0.288579 | 0.957456 | 0 | none | 1 | 94.1881 | 2.8149 | 0 | 1 | 0 | 0 | 0 | 0 | 0 | 1 | camera | target | 0.288579 | 0 | 0.957456 | 0.288579 |
SCRIPT       : DATA_LOG | 2147161 | aRapBi1cCZPZAGLIDny3dk3hQ8vTmNTLHRl8zxmKgQ0= | 7990.45 | 6.02253 | 3333.18 | -0.974232 | -0.225546 | 0 | none | 1 | 46.8033 | 2.88424 | 0 | 1 | 0 | 0 | 0 | 0 | 0 | 1 | camera | target | -0.974232 | 0 | -0.225546 | -0.97
SCRIPT       : DATA_LOG | 2147188 | VEZjSxlcpgu1JLRUfHGLLLMsm0wqbyJ6fy2rl33V8jg= | 7988.21 | 6.02318 | 3334.04 | 0.288579 | 0.957456 | 0 | none | 1 | 94.2234 | 2.80556 | 0 | 1 | 0 | 0 | 0 | 0 | 0 | 1 | camera | target | 0.288579 | 0 | 0.957456 | 0.288579 
SCRIPT       : DATA_LOG | 2148157 | aRapBi1cCZPZAGLIDny3dk3hQ8vTmNTLHRl8zxmKgQ0= | 7990.45 | 6.02253 | 3333.18 | -0.974232 | -0.225546 | 0 | none | 1 | 47.0287 | 2.87996 | 0 | 1 | 0 | 0 | 0 | 0 | 0 | 1 | camera | target | -0.974232 | 0 | -0.225546 | -0.97
SCRIPT       : DATA_LOG | 2148186 | VEZjSxlcpgu1JLRUfHGLLLMsm0wqbyJ6fy2rl33V8jg= | 7988.21 | 6.02318 | 3334.04 | 0.288579 | 0.957456 | 0 | none | 1 | 94.2108 | 2.81064 | 0 | 1 | 0 | 0 | 0 | 0 | 0 | 1 | camera | target | 0.288579 | 0 | 0.957456 | 0.288579 
SCRIPT       : DATA_LOG | 2149164 | aRapBi1cCZPZAGLIDny3dk3hQ8vTmNTLHRl8zxmKgQ0= | 7990.45 | 6.02253 | 3333.18 | -0.974232 | -0.225546 | 0 | none | 1 | 46.9942 | 2.88022 | 0 | 1 | 0 | 0 | 0 | 0 | 0 | 1 | camera | target | -0.974232 | 0 | -0.225546 | -0.97
SCRIPT       : DATA_LOG | 2149194 | VEZjSxlcpgu1JLRUfHGLLLMsm0wqbyJ6fy2rl33V8jg= | 7988.21 | 6.02318 | 3334.04 | 0.288579 | 0.957456 | 0 | none | 1 | 94.1709 | 2.80358 | 0 | 1 | 0 | 0 | 0 | 0 | 0 | 1 | camera | target | 0.288579 | 0 | 0.957456 | 0.288579 
SCRIPT       : DATA_LOG | 2150158 | aRapBi1cCZPZAGLIDny3dk3hQ8vTmNTLHRl8zxmKgQ0= | 7990.45 | 6.02253 | 3333.18 | -0.974232 | -0.225546 | 0 | none | 1 | 47.0537 | 2.87752 | 0 | 1 | 0 | 0 | 0 | 0 | 0 | 1 | camera | target | -0.974232 | 0 | -0.225546 | -0.97
SCRIPT       : DATA_LOG | 2150188 | VEZjSxlcpgu1JLRUfHGLLLMsm0wqbyJ6fy2rl33V8jg= | 7988.21 | 6.02318 | 3334.04 | 0.288579 | 0.957456 | 0 | none | 1 | 94.1001 | 2.80921 | 0 | 1 | 0 | 0 | 0 | 0 | 0 | 1 | camera | target | 0.288579 | 0 | 0.957456 | 0.288579 
SCRIPT       : DATA_LOG | 2151160 | aRapBi1cCZPZAGLIDny3dk3hQ8vTmNTLHRl8zxmKgQ0= | 7990.45 | 6.02253 | 3333.18 | -0.974232 | -0.225546 | 0 | none | 1 | 47.1065 | 2.87508 | 0 | 1 | 0 | 0 | 0 | 0 | 0 | 1 | camera | target | -0.974232 | 0 | -0.225546 | -0.97
SCRIPT       : DATA_LOG | 2151181 | VEZjSxlcpgu1JLRUfHGLLLMsm0wqbyJ6fy2rl33V8jg= | 7988.21 | 6.02318 | 3334.04 | 0.288579 | 0.957456 | 0 | none | 1 | 94.1924 | 2.80328 | 0 | 1 | 0 | 0 | 0 | 0 | 0 | 1 | camera | target | 0.288579 | 0 | 0.957456 | 0.288579 
SCRIPT       : DATA_LOG | 2152155 | aRapBi1cCZPZAGLIDny3dk3hQ8vTmNTLHRl8zxmKgQ0= | 7990.45 | 6.02253 | 3333.18 | -0.974232 | -0.225546 | 0 | none | 1 | 46.9504 | 2.87762 | 0 | 1 | 0 | 0 | 0 | 0 | 0 | 1 | camera | target | -0.974232 | 0 | -0.225546 | -0.97
SCRIPT       : DATA_LOG | 2152178 | VEZjSxlcpgu1JLRUfHGLLLMsm0wqbyJ6fy2rl33V8jg= | 7988.21 | 6.02318 | 3334.04 | 0.288579 | 0.957456 | 0 | none | 1 | 94.2231 | 2.81258 | 0 | 1 | 0 | 0 | 0 | 0 | 0 | 1 | camera | target | 0.288579 | 0 | 0.957456 | 0.288579 
SCRIPT       : DATA_LOG | 2153160 | aRapBi1cCZPZAGLIDny3dk3hQ8vTmNTLHRl8zxmKgQ0= | 7990.45 | 6.02253 | 3333.18 | -0.974232 | -0.225546 | 0 | none | 1 | 47.1447 | 2.8773 | 0 | 1 | 0 | 0 | 0 | 0 | 0 | 1 | camera | target | -0.974232 | 0 | -0.225546 | -0.974
SCRIPT       : DATA_LOG | 2153186 | VEZjSxlcpgu1JLRUfHGLLLMsm0wqbyJ6fy2rl33V8jg= | 7988.21 | 6.02318 | 3334.04 | 0.288579 | 0.957456 | 0 | none | 1 | 94.1715 | 2.81769 | 0 | 1 | 0 | 0 | 0 | 0 | 0 | 1 | camera | target | 0.288579 | 0 | 0.957456 | 0.288579 
SCRIPT       : DATA_LOG | 2154164 | aRapBi1cCZPZAGLIDny3dk3hQ8vTmNTLHRl8zxmKgQ0= | 7990.45 | 6.02253 | 3333.18 | -0.974232 | -0.225546 | 0 | none | 1 | 46.8366 | 2.88399 | 0 | 1 | 0 | 0 | 0 | 0 | 0 | 1 | camera | target | -0.974232 | 0 | -0.225546 | -0.97
SCRIPT       : DATA_LOG | 2154192 | VEZjSxlcpgu1JLRUfHGLLLMsm0wqbyJ6fy2rl33V8jg= | 7988.21 | 6.02318 | 3334.04 | 0.288579 | 0.957456 | 0 | none | 1 | 94.2388 | 2.80422 | 0 | 1 | 0 | 0 | 0 | 0 | 0 | 1 | camera | target | 0.288579 | 0 | 0.957456 | 0.288579 
SCRIPT       : DATA_LOG | 2155166 | aRapBi1cCZPZAGLIDny3dk3hQ8vTmNTLHRl8zxmKgQ0= | 7990.45 | 6.02253 | 3333.18 | -0.974232 | -0.225546 | 0 | none | 1 | 46.9763 | 2.88089 | 0 | 1 | 0 | 0 | 0 | 0 | 0 | 1 | camera | target | -0.974232 | 0 | -0.225546 | -0.97
SCRIPT       : DATA_LOG | 2155196 | VEZjSxlcpgu1JLRUfHGLLLMsm0wqbyJ6fy2rl33V8jg= | 7988.21 | 6.02318 | 3334.04 | 0.288579 | 0.957456 | 0 | none | 1 | 94.2189 | 2.81223 | 0 | 1 | 0 | 0 | 0 | 0 | 0 | 1 | camera | target | 0.288579 | 0 | 0.957456 | 0.288579 
SCRIPT       : DATA_LOG | 2156164 | aRapBi1cCZPZAGLIDny3dk3hQ8vTmNTLHRl8zxmKgQ0= | 7990.45 | 6.02253 | 3333.18 | -0.974232 | -0.225546 | 0 | none | 1 | 47.0398 | 2.87862 | 0 | 1 | 0 | 0 | 0 | 0 | 0 | 1 | camera | target | -0.974232 | 0 | -0.225546 | -0.97
SCRIPT       : DATA_LOG | 2156188 | VEZjSxlcpgu1JLRUfHGLLLMsm0wqbyJ6fy2rl33V8jg= | 7988.21 | 6.02318 | 3334.04 | 0.288579 | 0.957456 | 0 | none | 1 | 94.1719 | 2.80416 | 0 | 1 | 0 | 0 | 0 | 0 | 0 | 1 | camera | target | 0.288579 | 0 | 0.957456 | 0.288579 
SCRIPT       : DATA_LOG | 2157164 | aRapBi1cCZPZAGLIDny3dk3hQ8vTmNTLHRl8zxmKgQ0= | 7990.45 | 6.02253 | 3333.18 | -0.974232 | -0.225546 | 0 | none | 1 | 47.0221 | 2.87885 | 0 | 1 | 0 | 0 | 0 | 0 | 0 | 1 | camera | target | -0.974232 | 0 | -0.225546 | -0.97
SCRIPT       : DATA_LOG | 2157189 | VEZjSxlcpgu1JLRUfHGLLLMsm0wqbyJ6fy2rl33V8jg= | 7988.21 | 6.02318 | 3334.04 | 0.288579 | 0.957456 | 0 | none | 1 | 94.113 | 2.807 | 0 | 1 | 0 | 0 | 0 | 0 | 0 | 1 | camera | target | 0.288579 | 0 | 0.957456 | 0.288579 | 0
SCRIPT       : DATA_LOG | 2158165 | aRapBi1cCZPZAGLIDny3dk3hQ8vTmNTLHRl8zxmKgQ0= | 7990.45 | 6.02253 | 3333.18 | -0.974232 | -0.225546 | 0 | none | 1 | 50.3849 | 2.79395 | 0 | 1 | 0 | 0 | 0 | 0 | 0 | 1 | camera | none | -0.974232 | 0 | -0.225546 | -0.9742
SCRIPT       : DATA_LOG | 2158191 | VEZjSxlcpgu1JLRUfHGLLLMsm0wqbyJ6fy2rl33V8jg= | 7988.21 | 6.02318 | 3334.04 | 0.288579 | 0.957456 | 0 | none | 1 | 94.1393 | 2.80603 | 0 | 1 | 0 | 0 | 0 | 0 | 0 | 1 | camera | target | 0.288579 | 0 | 0.957456 | 0.288579 
SCRIPT       : DATA_LOG | 2159167 | aRapBi1cCZPZAGLIDny3dk3hQ8vTmNTLHRl8zxmKgQ0= | 7990.45 | 6.02253 | 3333.18 | -0.974232 | -0.225546 | 0 | none | 1 | 47.7742 | 2.86028 | 0 | 1 | 0 | 0 | 0 | 0 | 0 | 1 | camera | target | -0.974232 | 0 | -0.225546 | -0.97
SCRIPT       : DATA_LOG | 2159189 | VEZjSxlcpgu1JLRUfHGLLLMsm0wqbyJ6fy2rl33V8jg= | 7988.21 | 6.02318 | 3334.04 | 0.288579 | 0.957456 | 0 | none | 1 | 94.2411 | 2.80833 | 0 | 1 | 0 | 0 | 0 | 0 | 0 | 1 | camera | target | 0.288579 | 0 | 0.957456 | 0.288579 
SCRIPT       : DATA_LOG | 2160172 | aRapBi1cCZPZAGLIDny3dk3hQ8vTmNTLHRl8zxmKgQ0= | 7990.45 | 6.24261 | 3333.18 | -0.974232 | -0.225546 | 0 | none | 1 | 45.9944 | 2.7351 | 0 | 1 | 0 | 0 | 0 | 0 | 0 | 1 | camera | target | -0.974232 | 0 | -0.225546 | -0.974
SCRIPT       : DATA_LOG | 2160201 | VEZjSxlcpgu1JLRUfHGLLLMsm0wqbyJ6fy2rl33V8jg= | 7988.21 | 6.02318 | 3334.04 | 0.288579 | 0.957456 | 0 | none | 1 | 93.9547 | 2.95077 | 0 | 1 | 0 | 0 | 0 | 0 | 0 | 1 | camera | target | 0.288579 | 0 | 0.957456 | 0.288579 
SCRIPT       : DATA_LOG | 2161167 | aRapBi1cCZPZAGLIDny3dk3hQ8vTmNTLHRl8zxmKgQ0= | 7991.79 | 6.02215 | 3332.66 | -0.989172 | -0.146761 | 0 | none | 1 | 36.9208 | 4.15348 | 0 | 1 | 0 | 0 | 0 | 0 | 0 | 1 | camera | target | -0.989172 | 0 | -0.146761 | -0.98
SCRIPT       : DATA_LOG | 2161192 | VEZjSxlcpgu1JLRUfHGLLLMsm0wqbyJ6fy2rl33V8jg= | 7988.21 | 6.02318 | 3334.04 | 0.288579 | 0.957456 | 0 | none | 1 | 94.7444 | 3.99624 | 0 | 1 | 0 | 0 | 0 | 0 | 0 | 1 | camera | none | 0.288579 | 0 | 0.957456 | 0.288579 | 
SCRIPT       : DATA_LOG | 2162164 | aRapBi1cCZPZAGLIDny3dk3hQ8vTmNTLHRl8zxmKgQ0= | 7991.23 | 6.02285 | 3332.68 | -0.999927 | 0.0120523 | 0 | none | 1 | 34.7902 | 3.67591 | 0 | 1 | 0 | 0 | 0 | 0 | 0 | 1 | camera | target | -0.999927 | -0 | 0.0120523 | -0.9
SCRIPT       : DATA_LOG | 2162185 | VEZjSxlcpgu1JLRUfHGLLLMsm0wqbyJ6fy2rl33V8jg= | 7988.21 | 6.02318 | 3334.04 | 0.288579 | 0.957456 | 0 | none | 1 | 97.0842 | 3.50691 | 0 | 1 | 0 | 0 | 0 | 0 | 0 | 1 | camera | none | 0.288579 | 0 | 0.957456 | 0.288579 | 
SCRIPT       : DATA_LOG | 2163170 | aRapBi1cCZPZAGLIDny3dk3hQ8vTmNTLHRl8zxmKgQ0= | 7991.29 | 6.02196 | 3332.98 | -0.983604 | 0.180342 | 0 | none | 1 | 27.8946 | 3.6154 | 0 | 1 | 0 | 0 | 0 | 0 | 0 | 1 | camera | target | -0.983604 | 0 | 0.180342 | -0.98360
SCRIPT       : DATA_LOG | 2163190 | VEZjSxlcpgu1JLRUfHGLLLMsm0wqbyJ6fy2rl33V8jg= | 7988.21 | 6.02318 | 3334.04 | 0.288579 | 0.957456 | 0 | none | 1 | 92.3815 | 3.43333 | 0 | 1 | 0 | 0 | 0 | 0 | 0 | 1 | camera | target | 0.288579 | 0 | 0.957456 | 0.288579 
SCRIPT       : DATA_LOG | 2164166 | aRapBi1cCZPZAGLIDny3dk3hQ8vTmNTLHRl8zxmKgQ0= | 7989.9 | 6.01889 | 3335.64 | -0.966189 | -0.257834 | 0 | none | 1 | 44.0712 | 2.80618 | 0 | 1 | 0 | 0 | 0 | 0 | 0 | 1 | camera | target | -0.966189 | 0 | -0.257834 | -0.966
SCRIPT       : DATA_LOG | 2164186 | VEZjSxlcpgu1JLRUfHGLLLMsm0wqbyJ6fy2rl33V8jg= | 7988.21 | 6.02318 | 3334.04 | 0.288579 | 0.957456 | 0 | none | 1 | 42.3689 | 2.65274 | 0 | 1 | 0 | 0 | 0 | 0 | 0 | 1 | camera | target | 0.288579 | 0 | 0.957456 | 0.288579 
SCRIPT       : DATA_LOG | 2165167 | aRapBi1cCZPZAGLIDny3dk3hQ8vTmNTLHRl8zxmKgQ0= | 7986.9 | 6.0203 | 3335.51 | -0.80478 | -0.593573 | 0 | none | 1 | 94.9837 | 2.54755 | 0 | 1 | 0 | 0 | 0 | 0 | 0 | 1 | camera | target | -0.80478 | 0 | -0.593573 | -0.80478 
SCRIPT       : DATA_LOG | 2165185 | VEZjSxlcpgu1JLRUfHGLLLMsm0wqbyJ6fy2rl33V8jg= | 7988.21 | 6.02318 | 3334.04 | 0.288579 | 0.957456 | 0 | none | 1 | 67.8633 | 2.56339 | 0 | 1 | 0 | 0 | 0 | 0 | 0 | 1 | camera | target | 0.288579 | 0 | 0.957456 | 0.288579 
SCRIPT       : DATA_LOG | 2166169 | aRapBi1cCZPZAGLIDny3dk3hQ8vTmNTLHRl8zxmKgQ0= | 7986.89 | 6.02032 | 3335.5 | -0.80478 | -0.593573 | 0 | none | 1 | 95.1646 | 2.55046 | 0 | 1 | 0 | 0 | 0 | 0 | 0 | 1 | camera | target | -0.80478 | 0 | -0.593573 | -0.80478
SCRIPT       : DATA_LOG | 2166189 | VEZjSxlcpgu1JLRUfHGLLLMsm0wqbyJ6fy2rl33V8jg= | 7988.21 | 6.02318 | 3334.04 | 0.288579 | 0.957456 | 0 | none | 1 | 67.697 | 2.57089 | 0 | 1 | 0 | 0 | 0 | 0 | 0 | 1 | camera | target | 0.288579 | 0 | 0.957456 | 0.288579 |
SCRIPT       : DATA_LOG | 2167175 | aRapBi1cCZPZAGLIDny3dk3hQ8vTmNTLHRl8zxmKgQ0= | 7986.89 | 6.02032 | 3335.5 | -0.80478 | -0.593573 | 0 | none | 1 | 95.2919 | 2.54717 | 0 | 1 | 0 | 0 | 0 | 0 | 0 | 1 | camera | target | -0.80478 | 0 | -0.593573 | -0.80478
SCRIPT       : DATA_LOG | 2167198 | VEZjSxlcpgu1JLRUfHGLLLMsm0wqbyJ6fy2rl33V8jg= | 7988.21 | 6.02318 | 3334.04 | 0.288579 | 0.957456 | 0 | none | 1 | 67.6464 | 2.57029 | 0 | 1 | 0 | 0 | 0 | 0 | 0 | 1 | camera | target | 0.288579 | 0 | 0.957456 | 0.288579 
SCRIPT       : DATA_LOG | 2168175 | aRapBi1cCZPZAGLIDny3dk3hQ8vTmNTLHRl8zxmKgQ0= | 7986.89 | 6.2401 | 3335.5 | -0.80478 | -0.593573 | 0 | none | 1 | 95.3136 | 2.41571 | 0 | 1 | 0 | 0 | 0 | 0 | 0 | 1 | camera | target | -0.80478 | 0 | -0.593573 | -0.80478 
SCRIPT       : DATA_LOG | 2168202 | VEZjSxlcpgu1JLRUfHGLLLMsm0wqbyJ6fy2rl33V8jg= | 7988.21 | 6.02318 | 3334.04 | 0.288579 | 0.957456 | 0 | none | 1 | 70.9621 | 2.67791 | 0 | 1 | 0 | 0 | 0 | 0 | 0 | 1 | camera | target | 0.288579 | 0 | 0.957456 | 0.288579 
SCRIPT       : DATA_LOG | 2169176 | aRapBi1cCZPZAGLIDny3dk3hQ8vTmNTLHRl8zxmKgQ0= | 7986.89 | 6.2401 | 3335.5 | -0.80478 | -0.593573 | 0 | none | 1 | 95.1749 | 2.41831 | 0 | 1 | 0 | 0 | 0 | 0 | 0 | 1 | camera | target | -0.80478 | 0 | -0.593573 | -0.80478 
SCRIPT       : DATA_LOG | 2169202 | VEZjSxlcpgu1JLRUfHGLLLMsm0wqbyJ6fy2rl33V8jg= | 7988.21 | 6.02318 | 3334.04 | 0.288579 | 0.957456 | 0 | none | 1 | 70.8755 | 2.67882 | 0 | 1 | 0 | 0 | 0 | 0 | 0 | 1 | camera | target | 0.288579 | 0 | 0.957456 | 0.288579 
SCRIPT       : DATA_LOG | 2170179 | aRapBi1cCZPZAGLIDny3dk3hQ8vTmNTLHRl8zxmKgQ0= | 7986.89 | 6.2401 | 3335.5 | -0.80478 | -0.593573 | 0 | none | 1 | 95.5213 | 2.41539 | 0 | 1 | 0 | 0 | 0 | 0 | 0 | 1 | camera | target | -0.80478 | 0 | -0.593573 | -0.80478 
SCRIPT       : DATA_LOG | 2170202 | VEZjSxlcpgu1JLRUfHGLLLMsm0wqbyJ6fy2rl33V8jg= | 7988.21 | 6.02318 | 3334.04 | 0.288579 | 0.957456 | 0 | none | 1 | 70.9257 | 2.68299 | 0 | 1 | 0 | 0 | 0 | 0 | 0 | 1 | camera | target | 0.288579 | 0 | 0.957456 | 0.288579 
SCRIPT       : DATA_LOG | 2171175 | aRapBi1cCZPZAGLIDny3dk3hQ8vTmNTLHRl8zxmKgQ0= | 7986.89 | 6.2401 | 3335.5 | -0.80478 | -0.593573 | 0 | none | 1 | 95.3279 | 2.41614 | 0 | 1 | 0 | 0 | 0 | 0 | 0 | 1 | camera | target | -0.80478 | 0 | -0.593573 | -0.80478 
SCRIPT       : DATA_LOG | 2171199 | VEZjSxlcpgu1JLRUfHGLLLMsm0wqbyJ6fy2rl33V8jg= | 7988.21 | 6.02318 | 3334.04 | 0.288579 | 0.957456 | 0 | none | 1 | 70.9213 | 2.68453 | 0 | 1 | 0 | 0 | 0 | 0 | 0 | 1 | camera | target | 0.288579 | 0 | 0.957456 | 0.288579 
SCRIPT       : DATA_LOG | 2172176 | aRapBi1cCZPZAGLIDny3dk3hQ8vTmNTLHRl8zxmKgQ0= | 7987.57 | 6.01823 | 3336.21 | -0.677899 | -0.735155 | 0 | none | 1 | 66.0711 | 2.76679 | 0 | 1 | 0 | 0 | 0 | 0 | 0 | 1 | camera | target | -0.677899 | 0 | -0.735155 | -0.67
SCRIPT       : DATA_LOG | 2172200 | VEZjSxlcpgu1JLRUfHGLLLMsm0wqbyJ6fy2rl33V8jg= | 7988.21 | 6.02318 | 3334.04 | 0.288579 | 0.957456 | 0 | none | 1 | 49.6509 | 2.66481 | 0 | 1 | 0 | 0 | 0 | 0 | 0 | 1 | camera | target | 0.288579 | 0 | 0.957456 | 0.288579 
SCRIPT       : DATA_LOG | 2173173 | aRapBi1cCZPZAGLIDny3dk3hQ8vTmNTLHRl8zxmKgQ0= | 7987.57 | 6.01823 | 3336.21 | -0.677899 | -0.735155 | 0 | none | 1 | 65.9914 | 2.76978 | 0 | 1 | 0 | 0 | 0 | 0 | 0 | 1 | camera | target | -0.677899 | 0 | -0.735155 | -0.67
SCRIPT       : DATA_LOG | 2173191 | VEZjSxlcpgu1JLRUfHGLLLMsm0wqbyJ6fy2rl33V8jg= | 7988.21 | 6.02318 | 3334.04 | 0.288579 | 0.957456 | 0 | none | 1 | 49.5919 | 2.65498 | 0 | 1 | 0 | 0 | 0 | 0 | 0 | 1 | camera | target | 0.288579 | 0 | 0.957456 | 0.288579 
SCRIPT       : DATA_LOG | 2174178 | aRapBi1cCZPZAGLIDny3dk3hQ8vTmNTLHRl8zxmKgQ0= | 7987.57 | 6.01823 | 3336.21 | -0.677899 | -0.735155 | 0 | none | 1 | 66.0151 | 2.76801 | 0 | 1 | 0 | 0 | 0 | 0 | 0 | 1 | camera | target | -0.677899 | 0 | -0.735155 | -0.67
SCRIPT       : DATA_LOG | 2174197 | VEZjSxlcpgu1JLRUfHGLLLMsm0wqbyJ6fy2rl33V8jg= | 7988.21 | 6.02318 | 3334.04 | 0.288579 | 0.957456 | 0 | none | 1 | 49.3829 | 2.66252 | 0 | 1 | 0 | 0 | 0 | 0 | 0 | 1 | camera | target | 0.288579 | 0 | 0.957456 | 0.288579 
SCRIPT       : DATA_LOG | 2175181 | aRapBi1cCZPZAGLIDny3dk3hQ8vTmNTLHRl8zxmKgQ0= | 7987.57 | 6.01823 | 3336.21 | -0.677899 | -0.735155 | 0 | none | 1 | 65.9405 | 2.76622 | 0 | 1 | 0 | 0 | 0 | 0 | 0 | 1 | camera | target | -0.677899 | 0 | -0.735155 | -0.67
SCRIPT       : DATA_LOG | 2175206 | VEZjSxlcpgu1JLRUfHGLLLMsm0wqbyJ6fy2rl33V8jg= | 7988.21 | 6.02318 | 3334.04 | 0.288579 | 0.957456 | 0 | none | 1 | 49.3986 | 2.66236 | 0 | 1 | 0 | 0 | 0 | 0 | 0 | 1 | camera | target | 0.288579 | 0 | 0.957456 | 0.288579 
SCRIPT       : DATA_LOG | 2176180 | aRapBi1cCZPZAGLIDny3dk3hQ8vTmNTLHRl8zxmKgQ0= | 7987.57 | 6.01823 | 3336.21 | -0.677899 | -0.735155 | 0 | none | 1 | 65.7314 | 2.77393 | 0 | 1 | 0 | 0 | 0 | 0 | 0 | 1 | camera | target | -0.677899 | 0 | -0.735155 | -0.67
SCRIPT       : DATA_LOG | 2176204 | VEZjSxlcpgu1JLRUfHGLLLMsm0wqbyJ6fy2rl33V8jg= | 7988.21 | 6.02318 | 3334.04 | 0.288579 | 0.957456 | 0 | none | 1 | 49.4552 | 2.66097 | 0 | 1 | 0 | 0 | 0 | 0 | 0 | 1 | camera | target | 0.288579 | 0 | 0.957456 | 0.288579 
SCRIPT       : DATA_LOG | 2177182 | aRapBi1cCZPZAGLIDny3dk3hQ8vTmNTLHRl8zxmKgQ0= | 7987.57 | 6.01823 | 3336.21 | -0.677899 | -0.735155 | 0 | none | 1 | 66.0265 | 2.76462 | 0 | 1 | 0 | 0 | 0 | 0 | 0 | 1 | camera | target | -0.677899 | 0 | -0.735155 | -0.67
SCRIPT       : DATA_LOG | 2177205 | VEZjSxlcpgu1JLRUfHGLLLMsm0wqbyJ6fy2rl33V8jg= | 7988.21 | 6.02318 | 3334.04 | 0.288579 | 0.957456 | 0 | none | 1 | 49.4347 | 2.66317 | 0 | 1 | 0 | 0 | 0 | 0 | 0 | 1 | camera | target | 0.288579 | 0 | 0.957456 | 0.288579 
SCRIPT       : DATA_LOG | 2178185 | aRapBi1cCZPZAGLIDny3dk3hQ8vTmNTLHRl8zxmKgQ0= | 7987.57 | 6.01828 | 3336.19 | -0.636326 | -0.77142 | 0 | none | 1 | 63.6384 | 2.75534 | 0 | 1 | 0 | 0 | 0 | 0 | 0 | 1 | camera | target | -0.636326 | 0 | -0.77142 | -0.6363
SCRIPT       : DATA_LOG | 2178210 | VEZjSxlcpgu1JLRUfHGLLLMsm0wqbyJ6fy2rl33V8jg= | 7988.21 | 6.02318 | 3334.04 | 0.288579 | 0.957456 | 0 | none | 1 | 47.6341 | 2.74839 | 0 | 1 | 0 | 0 | 0 | 0 | 0 | 1 | camera | target | 0.288579 | 0 | 0.957456 | 0.288579 
SCRIPT       : DATA_LOG | 2179263 | aRapBi1cCZPZAGLIDny3dk3hQ8vTmNTLHRl8zxmKgQ0= | 7987.08 | 6.02569 | 3333.49 | -0.576125 | -0.817362 | 0 | none | 1 | 123.381 | 2.06247 | 0 | 1 | 0 | 0 | 0 | 0 | 0 | 1 | camera | target | -0.576125 | 0 | -0.817362 | -0.57
SCRIPT       : DATA_LOG | 2179286 | VEZjSxlcpgu1JLRUfHGLLLMsm0wqbyJ6fy2rl33V8jg= | 7988.21 | 6.02318 | 3334.04 | 0.288579 | 0.957456 | 0 | none | 1 | 118.76 | 2.0746 | 0 | 1 | 0 | 0 | 0 | 0 | 0 | 1 | camera | target | 0.288579 | 0 | 0.957456 | 0.288579 | 
SCRIPT       : DATA_LOG | 2180262 | aRapBi1cCZPZAGLIDny3dk3hQ8vTmNTLHRl8zxmKgQ0= | 7985.06 | 6.02239 | 3334.7 | -0.561788 | 0.827281 | 0 | none | 1 | 127.282 | 3.65287 | 0 | 1 | 0 | 0 | 0 | 0 | 0 | 1 | camera | target | -0.561788 | 0 | 0.827281 | -0.56178
SCRIPT       : DATA_LOG | 2180289 | VEZjSxlcpgu1JLRUfHGLLLMsm0wqbyJ6fy2rl33V8jg= | 7988.21 | 6.02318 | 3334.04 | 0.288579 | 0.957456 | 0 | none | 1 | 92.0268 | 3.6949 | 0 | 1 | 0 | 0 | 0 | 0 | 0 | 1 | camera | target | 0.288579 | 0 | 0.957456 | 0.288579 |
SCRIPT       : DATA_LOG | 2181262 | aRapBi1cCZPZAGLIDny3dk3hQ8vTmNTLHRl8zxmKgQ0= | 7983.04 | 6.40309 | 3337.27 | -0.788679 | 0.614806 | 0 | none | 1 | 166.914 | 6.23515 | 0 | 1 | 0 | 0 | 0 | 0 | 0 | 1 | camera | target | -0.788679 | 0 | 0.614806 | -0.7886
SCRIPT       : DATA_LOG | 2181286 | VEZjSxlcpgu1JLRUfHGLLLMsm0wqbyJ6fy2rl33V8jg= | 7988.21 | 6.02318 | 3334.04 | 0.288579 | 0.957456 | 0 | none | 1 | 77.3806 | 6.26496 | 0 | 1 | 0 | 0 | 0 | 0 | 0 | 1 | camera | none | 0.288579 | 0 | 0.957456 | 0.288579 | 
SCRIPT       : DATA_LOG | 2182263 | aRapBi1cCZPZAGLIDny3dk3hQ8vTmNTLHRl8zxmKgQ0= | 7981.21 | 6.00149 | 3338.03 | -0.770751 | -0.637137 | 0 | none | 1 | 111.093 | 8.2354 | 0 | 1 | 0 | 0 | 0 | 0 | 0 | 1 | camera | target | -0.770751 | 0 | -0.637137 | -0.770
SCRIPT       : DATA_LOG | 2182288 | VEZjSxlcpgu1JLRUfHGLLLMsm0wqbyJ6fy2rl33V8jg= | 7988.21 | 6.02318 | 3334.04 | 0.288579 | 0.957456 | 0 | none | 1 | 78.6278 | 8.28365 | 0 | 1 | 0 | 0 | 0 | 0 | 0 | 1 | camera | target | 0.288579 | 0 | 0.957456 | 0.288579 
SCRIPT       : DATA_LOG | 2183264 | aRapBi1cCZPZAGLIDny3dk3hQ8vTmNTLHRl8zxmKgQ0= | 7980.78 | 6.01572 | 3337.18 | -0.377857 | -0.925864 | 0 | none | 1 | 89.3824 | 8.238 | 0 | 1 | 0 | 0 | 0 | 0 | 0 | 1 | camera | target | -0.377857 | 0 | -0.925864 | -0.3778
SCRIPT       : DATA_LOG | 2183283 | VEZjSxlcpgu1JLRUfHGLLLMsm0wqbyJ6fy2rl33V8jg= | 7988.21 | 6.02318 | 3334.04 | 0.288579 | 0.957456 | 0 | none | 1 | 84.2961 | 8.2169 | 0 | 1 | 0 | 0 | 0 | 0 | 0 | 1 | camera | target | 0.288579 | 0 | 0.957456 | 0.288579 |
SCRIPT       : DATA_LOG | 2184268 | aRapBi1cCZPZAGLIDny3dk3hQ8vTmNTLHRl8zxmKgQ0= | 7980.79 | 6.01594 | 3337.1 | -0.377857 | -0.925864 | 0 | none | 1 | 90.0203 | 8.20394 | 0 | 1 | 0 | 0 | 0 | 0 | 0 | 1 | camera | target | -0.377857 | 0 | -0.925864 | -0.377
SCRIPT       : DATA_LOG | 2184296 | VEZjSxlcpgu1JLRUfHGLLLMsm0wqbyJ6fy2rl33V8jg= | 7988.21 | 6.02318 | 3334.04 | 0.288579 | 0.957456 | 0 | none | 1 | 85.3924 | 8.01905 | 0 | 1 | 0 | 0 | 0 | 0 | 0 | 1 | camera | none | 0.288579 | 0 | 0.957456 | 0.288579 | 
SCRIPT       : DATA_LOG | 2185272 | aRapBi1cCZPZAGLIDny3dk3hQ8vTmNTLHRl8zxmKgQ0= | 7980.79 | 6.01594 | 3337.1 | -0.377857 | -0.925864 | 0 | none | 1 | 89.9638 | 8.20121 | 0 | 1 | 0 | 0 | 0 | 0 | 0 | 1 | camera | target | -0.377857 | 0 | -0.925864 | -0.377
SCRIPT       : DATA_LOG | 2185301 | VEZjSxlcpgu1JLRUfHGLLLMsm0wqbyJ6fy2rl33V8jg= | 7988.21 | 6.02318 | 3334.04 | 0.288579 | 0.957456 | 0 | none | 1 | 85.4179 | 8.00806 | 0 | 1 | 0 | 0 | 0 | 0 | 0 | 1 | camera | none | 0.288579 | 0 | 0.957456 | 0.288579 | 
SCRIPT       : DATA_LOG | 2186269 | aRapBi1cCZPZAGLIDny3dk3hQ8vTmNTLHRl8zxmKgQ0= | 7980.79 | 6.01594 | 3337.1 | -0.377857 | -0.925864 | 0 | none | 1 | 90.0081 | 8.2069 | 0 | 1 | 0 | 0 | 0 | 0 | 0 | 1 | camera | target | -0.377857 | 0 | -0.925864 | -0.3778
SCRIPT       : DATA_LOG | 2186291 | VEZjSxlcpgu1JLRUfHGLLLMsm0wqbyJ6fy2rl33V8jg= | 7988.21 | 6.02318 | 3334.04 | 0.288579 | 0.957456 | 0 | none | 1 | 85.6814 | 8.03102 | 0 | 1 | 0 | 0 | 0 | 0 | 0 | 1 | camera | none | 0.288579 | 0 | 0.957456 | 0.288579 | 
SCRIPT       : DATA_LOG | 2187273 | aRapBi1cCZPZAGLIDny3dk3hQ8vTmNTLHRl8zxmKgQ0= | 7980.79 | 6.01594 | 3337.1 | -0.377857 | -0.925864 | 0 | none | 1 | 89.9955 | 8.20756 | 0 | 1 | 0 | 0 | 0 | 0 | 0 | 1 | camera | target | -0.377857 | 0 | -0.925864 | -0.377
SCRIPT       : DATA_LOG | 2187301 | VEZjSxlcpgu1JLRUfHGLLLMsm0wqbyJ6fy2rl33V8jg= | 7988.21 | 6.02318 | 3334.04 | 0.288579 | 0.957456 | 0 | none | 1 | 85.3092 | 8.16972 | 0 | 1 | 0 | 0 | 0 | 0 | 0 | 1 | camera | target | 0.288579 | 0 | 0.957456 | 0.288579 
SCRIPT       : DATA_LOG | 2188265 | aRapBi1cCZPZAGLIDny3dk3hQ8vTmNTLHRl8zxmKgQ0= | 7980.79 | 6.01594 | 3337.1 | -0.377856 | -0.925864 | 0 | none | 1 | 89.9489 | 8.20622 | 0 | 1 | 0 | 0 | 0 | 0 | 0 | 1 | camera | target | -0.377856 | 0 | -0.925864 | -0.377
SCRIPT       : DATA_LOG | 2188314 | VEZjSxlcpgu1JLRUfHGLLLMsm0wqbyJ6fy2rl33V8jg= | 7988.21 | 6.02318 | 3334.04 | 0.288579 | 0.957456 | 0 | none | 1 | 84.8788 | 8.24085 | 0 | 1 | 0 | 0 | 0 | 0 | 0 | 1 | camera | target | 0.288579 | 0 | 0.957456 | 0.288579 
SCRIPT       : DATA_LOG | 2189273 | aRapBi1cCZPZAGLIDny3dk3hQ8vTmNTLHRl8zxmKgQ0= | 7980.79 | 6.01594 | 3337.1 | -0.377856 | -0.925864 | 0 | none | 1 | 90.0282 | 8.20353 | 0 | 1 | 0 | 0 | 0 | 0 | 0 | 1 | camera | target | -0.377856 | 0 | -0.925864 | -0.377
SCRIPT       : DATA_LOG | 2189300 | VEZjSxlcpgu1JLRUfHGLLLMsm0wqbyJ6fy2rl33V8jg= | 7988.21 | 6.02318 | 3334.04 | 0.288579 | 0.957456 | 0 | none | 1 | 85.0235 | 8.1948 | 0 | 1 | 0 | 0 | 0 | 0 | 0 | 1 | camera | target | 0.288579 | 0 | 0.957456 | 0.288579 |
SCRIPT       : DATA_LOG | 2190271 | aRapBi1cCZPZAGLIDny3dk3hQ8vTmNTLHRl8zxmKgQ0= | 7980.78 | 6.01569 | 3337.2 | -0.377856 | -0.925864 | 0 | none | 1 | 89.2986 | 8.24145 | 0 | 1 | 0 | 0 | 0 | 0 | 0 | 1 | camera | target | -0.377856 | 0 | -0.925864 | -0.377
SCRIPT       : DATA_LOG | 2190294 | VEZjSxlcpgu1JLRUfHGLLLMsm0wqbyJ6fy2rl33V8jg= | 7988.21 | 6.02318 | 3334.04 | 0.288579 | 0.957456 | 0 | none | 1 | 84.2096 | 8.22206 | 0 | 1 | 0 | 0 | 0 | 0 | 0 | 1 | camera | target | 0.288579 | 0 | 0.957456 | 0.288579 
SCRIPT       : DATA_LOG | 2191276 | aRapBi1cCZPZAGLIDny3dk3hQ8vTmNTLHRl8zxmKgQ0= | 7980.78 | 6.01569 | 3337.2 | -0.377856 | -0.925864 | 0 | none | 1 | 89.4078 | 8.24493 | 0 | 1 | 0 | 0 | 0 | 0 | 0 | 1 | camera | target | -0.377856 | 0 | -0.925864 | -0.377
SCRIPT       : DATA_LOG | 2191302 | VEZjSxlcpgu1JLRUfHGLLLMsm0wqbyJ6fy2rl33V8jg= | 7988.21 | 6.02318 | 3334.04 | 0.288579 | 0.957456 | 0 | none | 1 | 84.1532 | 8.22249 | 0 | 1 | 0 | 0 | 0 | 0 | 0 | 1 | camera | target | 0.288579 | 0 | 0.957456 | 0.288579 
SCRIPT       : DATA_LOG | 2192270 | aRapBi1cCZPZAGLIDny3dk3hQ8vTmNTLHRl8zxmKgQ0= | 7980.78 | 6.01569 | 3337.2 | -0.377856 | -0.925864 | 0 | none | 1 | 89.3734 | 8.24401 | 0 | 1 | 0 | 0 | 0 | 0 | 0 | 1 | camera | target | -0.377856 | 0 | -0.925864 | -0.377
SCRIPT       : DATA_LOG | 2192290 | VEZjSxlcpgu1JLRUfHGLLLMsm0wqbyJ6fy2rl33V8jg= | 7988.21 | 6.02318 | 3334.04 | 0.288579 | 0.957456 | 0 | none | 1 | 84.2201 | 8.22579 | 0 | 1 | 0 | 0 | 0 | 0 | 0 | 1 | camera | target | 0.288579 | 0 | 0.957456 | 0.288579 
SCRIPT       : DATA_LOG | 2193273 | aRapBi1cCZPZAGLIDny3dk3hQ8vTmNTLHRl8zxmKgQ0= | 7980.78 | 6.01569 | 3337.2 | -0.377856 | -0.925864 | 0 | none | 1 | 89.4077 | 8.24868 | 0 | 1 | 0 | 0 | 0 | 0 | 0 | 1 | camera | target | -0.377856 | 0 | -0.925864 | -0.377
SCRIPT       : DATA_LOG | 2193296 | VEZjSxlcpgu1JLRUfHGLLLMsm0wqbyJ6fy2rl33V8jg= | 7988.21 | 6.02318 | 3334.04 | 0.288579 | 0.957456 | 0 | none | 1 | 84.2359 | 8.22165 | 0 | 1 | 0 | 0 | 0 | 0 | 0 | 1 | camera | target | 0.288579 | 0 | 0.957456 | 0.288579 
SCRIPT       : DATA_LOG | 2194273 | aRapBi1cCZPZAGLIDny3dk3hQ8vTmNTLHRl8zxmKgQ0= | 7980.78 | 6.01569 | 3337.2 | -0.377856 | -0.925864 | 0 | none | 1 | 89.41 | 8.25005 | 0 | 1 | 0 | 0 | 0 | 0 | 0 | 1 | camera | target | -0.377856 | 0 | -0.925864 | -0.37785
SCRIPT       : DATA_LOG | 2194293 | VEZjSxlcpgu1JLRUfHGLLLMsm0wqbyJ6fy2rl33V8jg= | 7988.21 | 6.02318 | 3334.04 | 0.288579 | 0.957456 | 0 | none | 1 | 84.4281 | 8.20641 | 0 | 1 | 0 | 0 | 0 | 0 | 0 | 1 | camera | target | 0.288579 | 0 | 0.957456 | 0.288579 
SCRIPT       : DATA_LOG | 2195278 | aRapBi1cCZPZAGLIDny3dk3hQ8vTmNTLHRl8zxmKgQ0= | 7982.03 | 6.01577 | 3337.18 | 0.980501 | -0.196514 | 0 | none | 1 | 20.1469 | 7.13393 | 0 | 1 | 0 | 0 | 0 | 0 | 0 | 1 | camera | target | 0.980501 | 0 | -0.196514 | 0.98050
SCRIPT       : DATA_LOG | 2195300 | VEZjSxlcpgu1JLRUfHGLLLMsm0wqbyJ6fy2rl33V8jg= | 7988.21 | 6.02318 | 3334.04 | 0.288579 | 0.957456 | 0 | none | 1 | 80.1526 | 7.13724 | 0 | 1 | 0 | 0 | 0 | 0 | 0 | 1 | camera | target | 0.288579 | 0 | 0.957456 | 0.288579 
SCRIPT       : DATA_LOG | 2196276 | aRapBi1cCZPZAGLIDny3dk3hQ8vTmNTLHRl8zxmKgQ0= | 7983.83 | 6.01689 | 3336.77 | 0.948779 | -0.315942 | 0 | none | 1 | 21.6346 | 5.4163 | 0 | 1 | 0 | 0 | 0 | 0 | 0 | 1 | camera | target | 0.948779 | 0 | -0.315942 | 0.948779
SCRIPT       : DATA_LOG | 2196300 | VEZjSxlcpgu1JLRUfHGLLLMsm0wqbyJ6fy2rl33V8jg= | 7988.21 | 6.02318 | 3334.04 | 0.288579 | 0.957456 | 0 | none | 1 | 74.3905 | 5.1248 | 0 | 1 | 0 | 0 | 0 | 0 | 0 | 1 | camera | target | 0.288579 | 0 | 0.957456 | 0.288579 |
SCRIPT       : DATA_LOG | 2197281 | aRapBi1cCZPZAGLIDny3dk3hQ8vTmNTLHRl8zxmKgQ0= | 7986.01 | 6.01863 | 3336.13 | 0.95344 | -0.301582 | 0 | none | 1 | 37.2573 | 3.44222 | 0 | 1 | 0 | 0 | 0 | 0 | 0 | 1 | camera | target | 0.95344 | 0 | -0.301582 | 0.95344 |
SCRIPT       : DATA_LOG | 2197303 | VEZjSxlcpgu1JLRUfHGLLLMsm0wqbyJ6fy2rl33V8jg= | 7988.21 | 6.02318 | 3334.04 | 0.288579 | 0.957456 | 0 | none | 1 | 66.8665 | 3.36012 | 0 | 1 | 0 | 0 | 0 | 0 | 0 | 1 | camera | target | 0.288579 | 0 | 0.957456 | 0.288579 
SCRIPT       : DATA_LOG | 2198282 | aRapBi1cCZPZAGLIDny3dk3hQ8vTmNTLHRl8zxmKgQ0= | 7986.01 | 6.01863 | 3336.13 | 0.95344 | -0.301582 | 0 | none | 1 | 37.0875 | 3.44044 | 0 | 1 | 0 | 0 | 0 | 0 | 0 | 1 | camera | target | 0.95344 | 0 | -0.301582 | 0.95344 |
SCRIPT       : DATA_LOG | 2198310 | VEZjSxlcpgu1JLRUfHGLLLMsm0wqbyJ6fy2rl33V8jg= | 7988.21 | 6.02318 | 3334.04 | 0.288579 | 0.957456 | 0 | none | 1 | 65.9619 | 3.28159 | 0 | 1 | 0 | 0 | 0 | 0 | 0 | 1 | camera | target | 0.288579 | 0 | 0.957456 | 0.288579 
SCRIPT       : DATA_LOG | 2199278 | aRapBi1cCZPZAGLIDny3dk3hQ8vTmNTLHRl8zxmKgQ0= | 7984.35 | 6.01602 | 3337.1 | -0.906809 | -0.421542 | 0 | none | 1 | 115.585 | 5.19027 | 0 | 1 | 0 | 0 | 0 | 0 | 0 | 1 | camera | target | -0.906809 | 0 | -0.421542 | -0.906
SCRIPT       : DATA_LOG | 2199298 | VEZjSxlcpgu1JLRUfHGLLLMsm0wqbyJ6fy2rl33V8jg= | 7988.21 | 6.02318 | 3334.04 | 0.288579 | 0.957456 | 0 | none | 1 | 71.0867 | 5.17207 | 0 | 1 | 0 | 0 | 0 | 0 | 0 | 1 | camera | target | 0.288579 | 0 | 0.957456 | 0.288579 
SCRIPT       : DATA_LOG | 2200285 | aRapBi1cCZPZAGLIDny3dk3hQ8vTmNTLHRl8zxmKgQ0= | 7982.7 | 6.0183 | 3336.24 | -0.964283 | -0.264874 | 0 | none | 1 | 140.57 | 6.16622 | 0 | 1 | 0 | 0 | 0 | 0 | 0 | 1 | camera | target | -0.964283 | 0 | -0.264874 | -0.96428
SCRIPT       : DATA_LOG | 2200308 | VEZjSxlcpgu1JLRUfHGLLLMsm0wqbyJ6fy2rl33V8jg= | 7988.21 | 6.02318 | 3334.04 | 0.288579 | 0.957456 | 0 | none | 1 | 85.7295 | 6.24883 | 0 | 1 | 0 | 0 | 0 | 0 | 0 | 1 | camera | target | 0.288579 | 0 | 0.957456 | 0.288579 
SCRIPT       : DATA_LOG | 2201286 | aRapBi1cCZPZAGLIDny3dk3hQ8vTmNTLHRl8zxmKgQ0= | 7982.65 | 6.0186 | 3336.13 | -0.982746 | -0.184961 | 0 | none | 1 | 145.884 | 6.17194 | 0 | 1 | 0 | 0 | 0 | 0 | 0 | 1 | camera | target | -0.982746 | 0 | -0.184961 | -0.982
SCRIPT       : DATA_LOG | 2201309 | VEZjSxlcpgu1JLRUfHGLLLMsm0wqbyJ6fy2rl33V8jg= | 7988.21 | 6.02318 | 3334.04 | 0.288579 | 0.957456 | 0 | none | 1 | 85.9417 | 6.29192 | 0 | 1 | 0 | 0 | 0 | 0 | 0 | 1 | camera | target | 0.288579 | 0 | 0.957456 | 0.288579 
SCRIPT       : DATA_LOG | 2202289 | aRapBi1cCZPZAGLIDny3dk3hQ8vTmNTLHRl8zxmKgQ0= | 7982.14 | 6.98805 | 3336.49 | -0.862182 | 0.506599 | 0 | none | 0 | 169.678 | 6.59458 | 0 | 1 | 0 | 0 | 0 | 0 | 0 | 1 | camera |  | -0.862182 | 0 | 0.506599 | -0.862182 | 0
SCRIPT       : DATA_LOG | 2202312 | VEZjSxlcpgu1JLRUfHGLLLMsm0wqbyJ6fy2rl33V8jg= | 7988.21 | 6.02318 | 3334.04 | 0.288579 | 0.957456 | 0 | none | 1 | 86.668 | 7.18914 | 0 | 1 | 0 | 0 | 0 | 0 | 0 | 1 | camera | none | 0.288579 | 0 | 0.957456 | 0.288579 | 0
SCRIPT       : DATA_LOG | 2203284 | aRapBi1cCZPZAGLIDny3dk3hQ8vTmNTLHRl8zxmKgQ0= | 7981.12 | 6.01564 | 3337.23 | -0.861139 | 0.508369 | 0 | none | 1 | 166.552 | 7.95242 | 0 | 1 | 0 | 0 | 0 | 0 | 0 | 1 | camera | target | -0.861139 | 0 | 0.508369 | -0.8611
SCRIPT       : DATA_LOG | 2203304 | VEZjSxlcpgu1JLRUfHGLLLMsm0wqbyJ6fy2rl33V8jg= | 7988.21 | 6.02318 | 3334.04 | 0.288579 | 0.957456 | 0 | none | 1 | 82.5555 | 8.06237 | 0 | 1 | 0 | 0 | 0 | 0 | 0 | 1 | camera | target | 0.288579 | 0 | 0.957456 | 0.288579 
SCRIPT       : DATA_LOG | 2204287 | aRapBi1cCZPZAGLIDny3dk3hQ8vTmNTLHRl8zxmKgQ0= | 7981.14 | 6.01563 | 3337.23 | -0.382669 | 0.923886 | 0 | none | 1 | 135.394 | 7.93588 | 0 | 1 | 0 | 0 | 0 | 0 | 0 | 1 | camera | target | -0.382669 | 0 | 0.923886 | -0.3826
SCRIPT       : DATA_LOG | 2204308 | VEZjSxlcpgu1JLRUfHGLLLMsm0wqbyJ6fy2rl33V8jg= | 7988.21 | 6.02318 | 3334.04 | 0.288579 | 0.957456 | 0 | none | 1 | 81.6682 | 7.8219 | 0 | 1 | 0 | 0 | 0 | 0 | 0 | 1 | camera | none | 0.288579 | 0 | 0.957456 | 0.288579 | 0
SCRIPT       : DATA_LOG | 2205290 | aRapBi1cCZPZAGLIDny3dk3hQ8vTmNTLHRl8zxmKgQ0= | 7982.35 | 7.03152 | 3336.97 | 0.931736 | -0.363136 | 0 | none | 1 | 7.2675 | 6.58658 | 0 | 1 | 0 | 0 | 0 | 0 | 0 | 1 | camera | target | 0.931736 | 0 | -0.363136 | 0.931736
SCRIPT       : DATA_LOG | 2205319 | VEZjSxlcpgu1JLRUfHGLLLMsm0wqbyJ6fy2rl33V8jg= | 7988.21 | 6.02318 | 3334.04 | 0.288579 | 0.957456 | 0 | none | 1 | 78.7361 | 6.53945 | 0 | 1 | 0 | 0 | 0 | 0 | 0 | 1 | camera | none | 0.288579 | 0 | 0.957456 | 0.288579 | 
SCRIPT       : DATA_LOG | 2206288 | aRapBi1cCZPZAGLIDny3dk3hQ8vTmNTLHRl8zxmKgQ0= | 7985.14 | 6.01801 | 3336.36 | 0.940431 | -0.339985 | 0 | none | 1 | 27.9305 | 4.18007 | 0 | 1 | 0 | 0 | 0 | 0 | 0 | 1 | camera | target | 0.940431 | 0 | -0.339985 | 0.94043
SCRIPT       : DATA_LOG | 2206312 | VEZjSxlcpgu1JLRUfHGLLLMsm0wqbyJ6fy2rl33V8jg= | 7988.21 | 6.02318 | 3334.04 | 0.288579 | 0.957456 | 0 | none | 1 | 70.1018 | 3.9904 | 0 | 1 | 0 | 0 | 0 | 0 | 0 | 1 | camera | none | 0.288579 | 0 | 0.957456 | 0.288579 | 0
SCRIPT       : DATA_LOG | 2207302 | aRapBi1cCZPZAGLIDny3dk3hQ8vTmNTLHRl8zxmKgQ0= | 7985.92 | 6.01868 | 3336.11 | 0.935823 | -0.352469 | 0 | none | 1 | 34.1118 | 3.48949 | 0 | 1 | 0 | 0 | 0 | 0 | 0 | 1 | camera | target | 0.935823 | 0 | -0.352469 | 0.93582
SCRIPT       : DATA_LOG | 2207323 | VEZjSxlcpgu1JLRUfHGLLLMsm0wqbyJ6fy2rl33V8jg= | 7988.21 | 6.02318 | 3334.04 | 0.288579 | 0.957456 | 0 | none | 1 | 67.6805 | 3.38844 | 0 | 1 | 0 | 0 | 0 | 0 | 0 | 1 | camera | target | 0.288579 | 0 | 0.957456 | 0.288579 
SCRIPT       : DATA_LOG | 2208299 | aRapBi1cCZPZAGLIDny3dk3hQ8vTmNTLHRl8zxmKgQ0= | 7985.92 | 6.01868 | 3336.11 | 0.935823 | -0.352469 | 0 | none | 1 | 34.0072 | 3.49255 | 0 | 1 | 0 | 0 | 0 | 0 | 0 | 1 | camera | target | 0.935823 | 0 | -0.352469 | 0.93582
SCRIPT       : DATA_LOG | 2208318 | VEZjSxlcpgu1JLRUfHGLLLMsm0wqbyJ6fy2rl33V8jg= | 7988.21 | 6.02318 | 3334.04 | 0.288579 | 0.957456 | 0 | none | 1 | 63.6248 | 2.81871 | 0 | 1 | 0 | 0 | 0 | 0 | 0 | 1 | camera | none | 0.288579 | 0 | 0.957456 | 0.288579 | 
SCRIPT       : DATA_LOG | 2209302 | aRapBi1cCZPZAGLIDny3dk3hQ8vTmNTLHRl8zxmKgQ0= | 7985.92 | 6.01868 | 3336.11 | 0.935823 | -0.352469 | 0 | none | 1 | 34.0927 | 3.49346 | 0 | 1 | 0 | 0 | 0 | 0 | 0 | 1 | camera | target | 0.935823 | 0 | -0.352469 | 0.93582
SCRIPT       : DATA_LOG | 2209325 | VEZjSxlcpgu1JLRUfHGLLLMsm0wqbyJ6fy2rl33V8jg= | 7988.21 | 6.02318 | 3334.04 | 0.288579 | 0.957456 | 0 | none | 1 | 66.9528 | 3.14351 | 0 | 1 | 0 | 0 | 0 | 0 | 0 | 1 | camera | target | 0.288579 | 0 | 0.957456 | 0.288579 
SCRIPT       : DATA_LOG | 2210304 | aRapBi1cCZPZAGLIDny3dk3hQ8vTmNTLHRl8zxmKgQ0= | 7985.92 | 6.01868 | 3336.11 | 0.935823 | -0.352469 | 0 | none | 1 | 33.186 | 3.47042 | 0 | 1 | 0 | 0 | 0 | 0 | 0 | 1 | camera | target | 0.935823 | 0 | -0.352469 | 0.935823
SCRIPT       : DATA_LOG | 2210326 | VEZjSxlcpgu1JLRUfHGLLLMsm0wqbyJ6fy2rl33V8jg= | 7988.21 | 6.02318 | 3334.04 | 0.288579 | 0.957456 | 0 | none | 1 | 66.6765 | 3.13384 | 0 | 1 | 0 | 0 | 0 | 0 | 0 | 1 | camera | target | 0.288579 | 0 | 0.957456 | 0.288579 
SCRIPT       : DATA_LOG | 2211307 | aRapBi1cCZPZAGLIDny3dk3hQ8vTmNTLHRl8zxmKgQ0= | 7985.92 | 6.01868 | 3336.11 | 0.935823 | -0.352469 | 0 | none | 1 | 31.898 | 3.43375 | 0 | 1 | 0 | 0 | 0 | 0 | 0 | 1 | camera | target | 0.935823 | 0 | -0.352469 | 0.935823
SCRIPT       : DATA_LOG | 2211333 | VEZjSxlcpgu1JLRUfHGLLLMsm0wqbyJ6fy2rl33V8jg= | 7988.21 | 6.02318 | 3334.04 | 0.288579 | 0.957456 | 0 | none | 1 | 66.2915 | 3.1057 | 0 | 1 | 0 | 0 | 0 | 0 | 0 | 1 | camera | target | 0.288579 | 0 | 0.957456 | 0.288579 |
SCRIPT       : DATA_LOG | 2212312 | aRapBi1cCZPZAGLIDny3dk3hQ8vTmNTLHRl8zxmKgQ0= | 7985.92 | 6.01868 | 3336.11 | 0.935823 | -0.352469 | 0 | none | 1 | 33.3963 | 3.47506 | 0 | 1 | 0 | 0 | 0 | 0 | 0 | 1 | camera | target | 0.935823 | 0 | -0.352469 | 0.93582
SCRIPT       : DATA_LOG | 2212342 | VEZjSxlcpgu1JLRUfHGLLLMsm0wqbyJ6fy2rl33V8jg= | 7988.21 | 6.02318 | 3334.04 | 0.288579 | 0.957456 | 0 | none | 1 | 67.1288 | 3.0873 | 0 | 1 | 0 | 0 | 0 | 0 | 0 | 1 | camera | target | 0.288579 | 0 | 0.957456 | 0.288579 |
SCRIPT       : DATA_LOG | 2213311 | aRapBi1cCZPZAGLIDny3dk3hQ8vTmNTLHRl8zxmKgQ0= | 7985.92 | 6.01868 | 3336.11 | 0.935823 | -0.352469 | 0 | none | 1 | 33.3967 | 3.47936 | 0 | 1 | 0 | 0 | 0 | 0 | 0 | 1 | camera | target | 0.935823 | 0 | -0.352469 | 0.93582
SCRIPT       : DATA_LOG | 2213340 | VEZjSxlcpgu1JLRUfHGLLLMsm0wqbyJ6fy2rl33V8jg= | 7988.21 | 6.02318 | 3334.04 | 0.288579 | 0.957456 | 0 | none | 1 | 66.4743 | 3.14428 | 0 | 1 | 0 | 0 | 0 | 0 | 0 | 1 | camera | target | 0.288579 | 0 | 0.957456 | 0.288579 
SCRIPT       : DATA_LOG | 2214312 | aRapBi1cCZPZAGLIDny3dk3hQ8vTmNTLHRl8zxmKgQ0= | 7985.92 | 6.01868 | 3336.11 | 0.935823 | -0.352469 | 0 | none | 1 | 34.1118 | 3.48949 | 0 | 1 | 0 | 0 | 0 | 0 | 0 | 1 | camera | target | 0.935823 | 0 | -0.352469 | 0.93582
SCRIPT       : DATA_LOG | 2214339 | VEZjSxlcpgu1JLRUfHGLLLMsm0wqbyJ6fy2rl33V8jg= | 7988.21 | 6.02318 | 3334.04 | 0.288579 | 0.957456 | 0 | none | 1 | 67.1209 | 3.04381 | 0 | 1 | 0 | 0 | 0 | 0 | 0 | 1 | camera | target | 0.288579 | 0 | 0.957456 | 0.288579 
   SCRIPT       : [inv] ReplaceItemWithNewLambdaBase Step B) remove OK, loc={ type=HANDS item=LongWoodenStick:21888 parent=SurvivorM_Niki:19839:INSTANCETYPE_SERVER }
SCRIPT       : DATA_LOG | 2215313 | aRapBi1cCZPZAGLIDny3dk3hQ8vTmNTLHRl8zxmKgQ0= | 7985.92 | 6.01868 | 3336.11 | 0.935823 | -0.35247 | 0 | none | 1 | 34.0051 | 3.49225 | 0 | 1 | 0 | 0 | 0 | 0 | 0 | 1 | camera | target | 0.935823 | 0 | -0.35247 | 0.935823 
SCRIPT       : DATA_LOG | 2215343 | VEZjSxlcpgu1JLRUfHGLLLMsm0wqbyJ6fy2rl33V8jg= | 7988.21 | 6.02318 | 3334.04 | 0.288579 | 0.957456 | 0 | none | 1 | 65.3311 | 3.09376 | 0 | 1 | 0 | 0 | 0 | 0 | 0 | 1 | camera | target | 0.288579 | 0 | 0.957456 | 0.288579 
SCRIPT       : DATA_LOG | 2216311 | aRapBi1cCZPZAGLIDny3dk3hQ8vTmNTLHRl8zxmKgQ0= | 7985.92 | 6.01868 | 3336.11 | 0.935823 | -0.35247 | 0 | none | 1 | 32.8525 | 3.40184 | 0 | 1 | 0 | 0 | 0 | 0 | 0 | 1 | camera | target | 0.935823 | 0 | -0.35247 | 0.935823 
SCRIPT       : DATA_LOG | 2216334 | VEZjSxlcpgu1JLRUfHGLLLMsm0wqbyJ6fy2rl33V8jg= | 7988.21 | 6.02318 | 3334.04 | 0.288579 | 0.957456 | 0 | none | 1 | 64.7598 | 2.92041 | 0 | 1 | 0 | 0 | 0 | 0 | 0 | 1 | camera | none | 0.288579 | 0 | 0.957456 | 0.288579 | 
SCRIPT       : DATA_LOG | 2217311 | aRapBi1cCZPZAGLIDny3dk3hQ8vTmNTLHRl8zxmKgQ0= | 7985.84 | 6.0186 | 3336.14 | 0.939032 | -0.343831 | 0 | none | 1 | 33.595 | 3.55677 | 0 | 1 | 0 | 0 | 0 | 0 | 0 | 1 | camera | target | 0.939032 | 0 | -0.343831 | 0.939032 
SCRIPT       : DATA_LOG | 2217331 | VEZjSxlcpgu1JLRUfHGLLLMsm0wqbyJ6fy2rl33V8jg= | 7988.21 | 6.02318 | 3334.04 | 0.288579 | 0.957456 | 0 | none | 1 | 67.9559 | 3.43267 | 0 | 1 | 0 | 0 | 0 | 0 | 0 | 1 | camera | target | 0.288579 | 0 | 0.957456 | 0.288579 
SCRIPT       : DATA_LOG | 2218310 | aRapBi1cCZPZAGLIDny3dk3hQ8vTmNTLHRl8zxmKgQ0= | 7985.67 | 6.01843 | 3336.2 | 0.939031 | -0.343831 | 0 | none | 1 | 32.1499 | 3.70746 | 0 | 1 | 0 | 0 | 0 | 0 | 0 | 1 | camera | target | 0.939031 | 0 | -0.343831 | 0.939031
SCRIPT       : DATA_LOG | 2218330 | VEZjSxlcpgu1JLRUfHGLLLMsm0wqbyJ6fy2rl33V8jg= | 7988.21 | 6.02318 | 3334.04 | 0.288579 | 0.957456 | 0 | none | 1 | 67.6919 | 3.43612 | 0 | 1 | 0 | 0 | 0 | 0 | 0 | 1 | camera | none | 0.288579 | 0 | 0.957456 | 0.288579 | 
SCRIPT       : DATA_LOG | 2219318 | aRapBi1cCZPZAGLIDny3dk3hQ8vTmNTLHRl8zxmKgQ0= | 7985.67 | 6.01843 | 3336.2 | 0.939031 | -0.343831 | 0 | none | 1 | 32.2245 | 3.70978 | 0 | 1 | 0 | 0 | 0 | 0 | 0 | 1 | camera | target | 0.939031 | 0 | -0.343831 | 0.939031
SCRIPT       : DATA_LOG | 2219340 | VEZjSxlcpgu1JLRUfHGLLLMsm0wqbyJ6fy2rl33V8jg= | 7988.21 | 6.02318 | 3334.04 | 0.288579 | 0.957456 | 0 | none | 1 | 68.1891 | 3.53935 | 0 | 1 | 0 | 0 | 0 | 0 | 0 | 1 | camera | target | 0.288579 | 0 | 0.957456 | 0.288579 
SCRIPT       : DATA_LOG | 2220309 | aRapBi1cCZPZAGLIDny3dk3hQ8vTmNTLHRl8zxmKgQ0= | 7985.67 | 6.01843 | 3336.2 | 0.939031 | -0.343831 | 0 | none | 1 | 32.0477 | 3.70836 | 0 | 1 | 0 | 0 | 0 | 0 | 0 | 1 | camera | target | 0.939031 | 0 | -0.343831 | 0.939031
SCRIPT       : DATA_LOG | 2220332 | VEZjSxlcpgu1JLRUfHGLLLMsm0wqbyJ6fy2rl33V8jg= | 7988.21 | 6.02318 | 3334.04 | 0.288579 | 0.957456 | 0 | none | 1 | 68.222 | 3.53903 | 0 | 1 | 0 | 0 | 0 | 0 | 0 | 1 | camera | none | 0.288579 | 0 | 0.957456 | 0.288579 | 0
SCRIPT       : DATA_LOG | 2221316 | aRapBi1cCZPZAGLIDny3dk3hQ8vTmNTLHRl8zxmKgQ0= | 7985.67 | 6.01843 | 3336.2 | 0.939031 | -0.343831 | 0 | none | 1 | 32.1467 | 3.70836 | 0 | 1 | 0 | 0 | 0 | 0 | 0 | 1 | camera | target | 0.939031 | 0 | -0.343831 | 0.939031
SCRIPT       : DATA_LOG | 2221339 | VEZjSxlcpgu1JLRUfHGLLLMsm0wqbyJ6fy2rl33V8jg= | 7988.21 | 6.02318 | 3334.04 | 0.288579 | 0.957456 | 0 | none | 1 | 68.7279 | 3.57646 | 0 | 1 | 0 | 0 | 0 | 0 | 0 | 1 | camera | target | 0.288579 | 0 | 0.957456 | 0.288579 
SCRIPT       : DATA_LOG | 2222316 | aRapBi1cCZPZAGLIDny3dk3hQ8vTmNTLHRl8zxmKgQ0= | 7985.67 | 6.01843 | 3336.2 | 0.939031 | -0.343831 | 0 | none | 1 | 32.0404 | 3.71146 | 0 | 1 | 0 | 0 | 0 | 0 | 0 | 1 | camera | target | 0.939031 | 0 | -0.343831 | 0.939031
SCRIPT       : DATA_LOG | 2222341 | VEZjSxlcpgu1JLRUfHGLLLMsm0wqbyJ6fy2rl33V8jg= | 7988.21 | 6.02318 | 3334.04 | 0.288579 | 0.957456 | 0 | none | 1 | 67.9979 | 3.50571 | 0 | 1 | 0 | 0 | 0 | 0 | 0 | 1 | camera | none | 0.288579 | 0 | 0.957456 | 0.288579 | 
SCRIPT       : DATA_LOG | 2223319 | aRapBi1cCZPZAGLIDny3dk3hQ8vTmNTLHRl8zxmKgQ0= | 7985.67 | 6.01843 | 3336.2 | 0.939031 | -0.343831 | 0 | none | 1 | 32.0687 | 3.71257 | 0 | 1 | 0 | 0 | 0 | 0 | 0 | 1 | camera | target | 0.939031 | 0 | -0.343831 | 0.939031
SCRIPT       : DATA_LOG | 2223346 | VEZjSxlcpgu1JLRUfHGLLLMsm0wqbyJ6fy2rl33V8jg= | 7988.21 | 6.02318 | 3334.04 | 0.288579 | 0.957456 | 0 | none | 1 | 67.9188 | 3.49579 | 0 | 1 | 0 | 0 | 0 | 0 | 0 | 1 | camera | none | 0.288579 | 0 | 0.957456 | 0.288579 | 
   SCRIPT       : [inv] ReplaceItemWithNewLambdaBase Step B) remove OK, loc={ type=HANDS item=AmmoBox_308Win_20Rnd:21646 parent=SurvivorM_Niki:19839:INSTANCETYPE_SERVER }
SCRIPT       : DATA_LOG | 2224317 | aRapBi1cCZPZAGLIDny3dk3hQ8vTmNTLHRl8zxmKgQ0= | 7985.67 | 6.01843 | 3336.2 | 0.939031 | -0.343831 | 0 | none | 1 | 32.0677 | 3.71179 | 0 | 1 | 0 | 0 | 0 | 0 | 0 | 1 | camera | target | 0.939031 | 0 | -0.343831 | 0.939031
SCRIPT       : DATA_LOG | 2224343 | VEZjSxlcpgu1JLRUfHGLLLMsm0wqbyJ6fy2rl33V8jg= | 7988.21 | 6.02318 | 3334.04 | 0.288579 | 0.957456 | 0 | none | 1 | 67.896 | 3.51234 | 0 | 1 | 0 | 0 | 0 | 0 | 0 | 1 | camera | none | 0.288579 | 0 | 0.957456 | 0.288579 | 0
SCRIPT       : DATA_LOG | 2225317 | aRapBi1cCZPZAGLIDny3dk3hQ8vTmNTLHRl8zxmKgQ0= | 7985.67 | 6.01843 | 3336.2 | 0.939031 | -0.343831 | 0 | none | 1 | 32.1007 | 3.70742 | 0 | 1 | 0 | 0 | 0 | 0 | 0 | 1 | camera | target | 0.939031 | 0 | -0.343831 | 0.939031
SCRIPT       : DATA_LOG | 2225336 | VEZjSxlcpgu1JLRUfHGLLLMsm0wqbyJ6fy2rl33V8jg= | 7988.21 | 6.02318 | 3334.04 | 0.288579 | 0.957456 | 0 | none | 1 | 68.8047 | 3.59778 | 0 | 1 | 0 | 0 | 0 | 0 | 0 | 1 | camera | target | 0.288579 | 0 | 0.957456 | 0.288579 
SCRIPT       : DATA_LOG | 2226322 | aRapBi1cCZPZAGLIDny3dk3hQ8vTmNTLHRl8zxmKgQ0= | 7985.67 | 6.01843 | 3336.2 | 0.939031 | -0.343831 | 0 | none | 1 | 32.248 | 3.7097 | 0 | 1 | 0 | 0 | 0 | 0 | 0 | 1 | camera | target | 0.939031 | 0 | -0.343831 | 0.939031 |
SCRIPT       : DATA_LOG | 2226344 | VEZjSxlcpgu1JLRUfHGLLLMsm0wqbyJ6fy2rl33V8jg= | 7988.21 | 6.02318 | 3334.04 | 0.288579 | 0.957456 | 0 | none | 1 | 68.2666 | 3.54565 | 0 | 1 | 0 | 0 | 0 | 0 | 0 | 1 | camera | target | 0.288579 | 0 | 0.957456 | 0.288579 
SCRIPT       : DATA_LOG | 2227326 | aRapBi1cCZPZAGLIDny3dk3hQ8vTmNTLHRl8zxmKgQ0= | 7985.67 | 6.01843 | 3336.2 | 0.939031 | -0.343831 | 0 | none | 1 | 32.0535 | 3.70806 | 0 | 1 | 0 | 0 | 0 | 0 | 0 | 1 | camera | target | 0.939031 | 0 | -0.343831 | 0.939031
SCRIPT       : DATA_LOG | 2227354 | VEZjSxlcpgu1JLRUfHGLLLMsm0wqbyJ6fy2rl33V8jg= | 7988.21 | 6.02318 | 3334.04 | 0.288579 | 0.957456 | 0 | none | 1 | 68.8167 | 3.59391 | 0 | 1 | 0 | 0 | 0 | 0 | 0 | 1 | camera | target | 0.288579 | 0 | 0.957456 | 0.288579 
SCRIPT       : DATA_LOG | 2228319 | aRapBi1cCZPZAGLIDny3dk3hQ8vTmNTLHRl8zxmKgQ0= | 7985.67 | 6.01843 | 3336.2 | 0.939031 | -0.343831 | 0 | none | 1 | 32.155 | 3.70835 | 0 | 1 | 0 | 0 | 0 | 0 | 0 | 1 | camera | target | 0.939031 | 0 | -0.343831 | 0.939031 
SCRIPT       : DATA_LOG | 2228338 | VEZjSxlcpgu1JLRUfHGLLLMsm0wqbyJ6fy2rl33V8jg= | 7988.21 | 6.02318 | 3334.04 | 0.288579 | 0.957456 | 0 | none | 1 | 68.3018 | 3.53824 | 0 | 1 | 0 | 0 | 0 | 0 | 0 | 1 | camera | none | 0.288579 | 0 | 0.957456 | 0.288579 | 
SCRIPT       : DATA_LOG | 2229324 | aRapBi1cCZPZAGLIDny3dk3hQ8vTmNTLHRl8zxmKgQ0= | 7985.67 | 6.01843 | 3336.2 | 0.939032 | -0.343831 | 0 | none | 1 | 32.0562 | 3.71142 | 0 | 1 | 0 | 0 | 0 | 0 | 0 | 1 | camera | target | 0.939032 | 0 | -0.343831 | 0.939032
SCRIPT       : DATA_LOG | 2229348 | VEZjSxlcpgu1JLRUfHGLLLMsm0wqbyJ6fy2rl33V8jg= | 7988.21 | 6.02318 | 3334.04 | 0.288579 | 0.957456 | 0 | none | 1 | 68.3627 | 3.5482 | 0 | 1 | 0 | 0 | 0 | 0 | 0 | 1 | camera | target | 0.288579 | 0 | 0.957456 | 0.288579 |
SCRIPT       : DATA_LOG | 2230326 | aRapBi1cCZPZAGLIDny3dk3hQ8vTmNTLHRl8zxmKgQ0= | 7985.67 | 6.01843 | 3336.2 | 0.939032 | -0.343831 | 0 | none | 1 | 32.0616 | 3.71253 | 0 | 1 | 0 | 0 | 0 | 0 | 0 | 1 | camera | target | 0.939032 | 0 | -0.343831 | 0.939032
SCRIPT       : DATA_LOG | 2230406 | VEZjSxlcpgu1JLRUfHGLLLMsm0wqbyJ6fy2rl33V8jg= | 7988.21 | 6.02318 | 3334.04 | 0.288579 | 0.957456 | 0 | none | 1 | 68.2974 | 3.53857 | 0 | 1 | 0 | 0 | 0 | 0 | 0 | 1 | camera | target | 0.288579 | 0 | 0.957456 | 0.288579 
SCRIPT       : DATA_LOG | 2231324 | aRapBi1cCZPZAGLIDny3dk3hQ8vTmNTLHRl8zxmKgQ0= | 7985.67 | 6.01843 | 3336.2 | 0.939032 | -0.343831 | 0 | none | 1 | 32.1162 | 3.71338 | 0 | 1 | 0 | 0 | 0 | 0 | 0 | 1 | camera | target | 0.939032 | 0 | -0.343831 | 0.939032
SCRIPT       : DATA_LOG | 2231345 | VEZjSxlcpgu1JLRUfHGLLLMsm0wqbyJ6fy2rl33V8jg= | 7988.21 | 6.02318 | 3334.04 | 0.288579 | 0.957456 | 0 | none | 1 | 68.2599 | 3.55142 | 0 | 1 | 0 | 0 | 0 | 0 | 0 | 1 | camera | target | 0.288579 | 0 | 0.957456 | 0.288579 
SCRIPT       : DATA_LOG | 2232326 | aRapBi1cCZPZAGLIDny3dk3hQ8vTmNTLHRl8zxmKgQ0= | 7985.67 | 6.01843 | 3336.2 | 0.939032 | -0.343831 | 0 | none | 1 | 32.0594 | 3.70746 | 0 | 1 | 0 | 0 | 0 | 0 | 0 | 1 | camera | target | 0.939032 | 0 | -0.343831 | 0.939032
SCRIPT       : DATA_LOG | 2232349 | VEZjSxlcpgu1JLRUfHGLLLMsm0wqbyJ6fy2rl33V8jg= | 7988.21 | 6.02318 | 3334.04 | 0.288579 | 0.957456 | 0 | none | 1 | 68.2698 | 3.55421 | 0 | 1 | 0 | 0 | 0 | 0 | 0 | 1 | camera | target | 0.288579 | 0 | 0.957456 | 0.288579 
SCRIPT       : DATA_LOG | 2233329 | aRapBi1cCZPZAGLIDny3dk3hQ8vTmNTLHRl8zxmKgQ0= | 7985.67 | 6.01843 | 3336.2 | 0.939032 | -0.343831 | 0 | none | 1 | 32.2593 | 3.71002 | 0 | 1 | 0 | 0 | 0 | 0 | 0 | 1 | camera | target | 0.939032 | 0 | -0.343831 | 0.939032
SCRIPT       : DATA_LOG | 2233352 | VEZjSxlcpgu1JLRUfHGLLLMsm0wqbyJ6fy2rl33V8jg= | 7988.21 | 6.02318 | 3334.04 | 0.288579 | 0.957456 | 0 | none | 1 | 68.2613 | 3.54232 | 0 | 1 | 0 | 0 | 0 | 0 | 0 | 1 | camera | target | 0.288579 | 0 | 0.957456 | 0.288579 
SCRIPT       : DATA_LOG | 2234329 | aRapBi1cCZPZAGLIDny3dk3hQ8vTmNTLHRl8zxmKgQ0= | 7985.67 | 6.01843 | 3336.2 | 0.939031 | -0.343831 | 0 | none | 1 | 32.0718 | 3.70821 | 0 | 1 | 0 | 0 | 0 | 0 | 0 | 1 | camera | target | 0.939031 | 0 | -0.343831 | 0.939031
SCRIPT       : DATA_LOG | 2234356 | VEZjSxlcpgu1JLRUfHGLLLMsm0wqbyJ6fy2rl33V8jg= | 7988.21 | 6.02318 | 3334.04 | 0.288579 | 0.957456 | 0 | none | 1 | 68.2552 | 3.5493 | 0 | 1 | 0 | 0 | 0 | 0 | 0 | 1 | camera | target | 0.288579 | 0 | 0.957456 | 0.288579 |
SCRIPT       : DATA_LOG | 2235329 | aRapBi1cCZPZAGLIDny3dk3hQ8vTmNTLHRl8zxmKgQ0= | 7985.67 | 6.01843 | 3336.2 | 0.939031 | -0.343831 | 0 | none | 1 | 32.1423 | 3.70873 | 0 | 1 | 0 | 0 | 0 | 0 | 0 | 1 | camera | target | 0.939031 | 0 | -0.343831 | 0.939031
SCRIPT       : DATA_LOG | 2235355 | VEZjSxlcpgu1JLRUfHGLLLMsm0wqbyJ6fy2rl33V8jg= | 7988.21 | 6.02318 | 3334.04 | 0.288579 | 0.957456 | 0 | none | 1 | 68.328 | 3.54091 | 0 | 1 | 0 | 0 | 0 | 0 | 0 | 1 | camera | none | 0.288579 | 0 | 0.957456 | 0.288579 | 0
SCRIPT       : DATA_LOG | 2236332 | aRapBi1cCZPZAGLIDny3dk3hQ8vTmNTLHRl8zxmKgQ0= | 7985.67 | 6.01843 | 3336.2 | 0.939032 | -0.343831 | 0 | none | 1 | 32.0622 | 3.71132 | 0 | 1 | 0 | 0 | 0 | 0 | 0 | 1 | camera | target | 0.939032 | 0 | -0.343831 | 0.939032
SCRIPT       : DATA_LOG | 2236357 | VEZjSxlcpgu1JLRUfHGLLLMsm0wqbyJ6fy2rl33V8jg= | 7988.21 | 6.02318 | 3334.04 | 0.288579 | 0.957456 | 0 | none | 1 | 68.3731 | 3.54614 | 0 | 1 | 0 | 0 | 0 | 0 | 0 | 1 | camera | target | 0.288579 | 0 | 0.957456 | 0.288579 
SCRIPT       : DATA_LOG | 2237330 | aRapBi1cCZPZAGLIDny3dk3hQ8vTmNTLHRl8zxmKgQ0= | 7985.67 | 6.01843 | 3336.2 | 0.939032 | -0.343831 | 0 | none | 1 | 32.0477 | 3.71265 | 0 | 1 | 0 | 0 | 0 | 0 | 0 | 1 | camera | target | 0.939032 | 0 | -0.343831 | 0.939032
SCRIPT       : DATA_LOG | 2237354 | VEZjSxlcpgu1JLRUfHGLLLMsm0wqbyJ6fy2rl33V8jg= | 7988.21 | 6.02318 | 3334.04 | 0.288579 | 0.957456 | 0 | none | 1 | 68.3248 | 3.54206 | 0 | 1 | 0 | 0 | 0 | 0 | 0 | 1 | camera | target | 0.288579 | 0 | 0.957456 | 0.288579 
SCRIPT       : DATA_LOG | 2238334 | aRapBi1cCZPZAGLIDny3dk3hQ8vTmNTLHRl8zxmKgQ0= | 7985.67 | 6.01843 | 3336.2 | 0.939031 | -0.343831 | 0 | none | 1 | 32.1421 | 3.7135 | 0 | 1 | 0 | 0 | 0 | 0 | 0 | 1 | camera | target | 0.939031 | 0 | -0.343831 | 0.939031 
SCRIPT       : DATA_LOG | 2238357 | VEZjSxlcpgu1JLRUfHGLLLMsm0wqbyJ6fy2rl33V8jg= | 7988.21 | 6.02318 | 3334.04 | 0.288579 | 0.957456 | 0 | none | 1 | 68.2555 | 3.54621 | 0 | 1 | 0 | 0 | 0 | 0 | 0 | 1 | camera | target | 0.288579 | 0 | 0.957456 | 0.288579 
SCRIPT       : DATA_LOG | 2239336 | aRapBi1cCZPZAGLIDny3dk3hQ8vTmNTLHRl8zxmKgQ0= | 7985.67 | 6.01843 | 3336.2 | 0.939032 | -0.343831 | 0 | none | 1 | 32.0297 | 3.70708 | 0 | 1 | 0 | 0 | 0 | 0 | 0 | 1 | camera | target | 0.939032 | 0 | -0.343831 | 0.939032
SCRIPT       : DATA_LOG | 2239359 | VEZjSxlcpgu1JLRUfHGLLLMsm0wqbyJ6fy2rl33V8jg= | 7988.21 | 6.02318 | 3334.04 | 0.288579 | 0.957456 | 0 | none | 1 | 68.8304 | 3.60348 | 0 | 1 | 0 | 0 | 0 | 0 | 0 | 1 | camera | target | 0.288579 | 0 | 0.957456 | 0.288579 
SCRIPT       : DATA_LOG | 2240339 | aRapBi1cCZPZAGLIDny3dk3hQ8vTmNTLHRl8zxmKgQ0= | 7985.67 | 6.01843 | 3336.2 | 0.939032 | -0.343831 | 0 | none | 1 | 32.2626 | 3.70941 | 0 | 1 | 0 | 0 | 0 | 0 | 0 | 1 | camera | target | 0.939032 | 0 | -0.343831 | 0.939032
SCRIPT       : DATA_LOG | 2240363 | VEZjSxlcpgu1JLRUfHGLLLMsm0wqbyJ6fy2rl33V8jg= | 7988.21 | 6.02318 | 3334.04 | 0.288579 | 0.957456 | 0 | none | 1 | 65.4312 | 3.07365 | 0 | 1 | 0 | 0 | 0 | 0 | 0 | 1 | camera | none | 0.288579 | 0 | 0.957456 | 0.288579 | 
SCRIPT       : DATA_LOG | 2241343 | aRapBi1cCZPZAGLIDny3dk3hQ8vTmNTLHRl8zxmKgQ0= | 7985.67 | 6.01843 | 3336.2 | 0.939032 | -0.343831 | 0 | none | 1 | 32.1063 | 3.70834 | 0 | 1 | 0 | 0 | 0 | 0 | 0 | 1 | camera | target | 0.939032 | 0 | -0.343831 | 0.939032
SCRIPT       : DATA_LOG | 2241371 | VEZjSxlcpgu1JLRUfHGLLLMsm0wqbyJ6fy2rl33V8jg= | 7988.21 | 6.02318 | 3334.04 | 0.288579 | 0.957456 | 0 | none | 1 | 68.2389 | 3.17672 | 0 | 1 | 0 | 0 | 0 | 0 | 0 | 1 | camera | none | 0.288579 | 0 | 0.957456 | 0.288579 | 
SCRIPT       : DATA_LOG | 2242335 | aRapBi1cCZPZAGLIDny3dk3hQ8vTmNTLHRl8zxmKgQ0= | 7985.67 | 6.01843 | 3336.2 | 0.939032 | -0.343831 | 0 | none | 1 | 32.1194 | 3.70892 | 0 | 1 | 0 | 0 | 0 | 0 | 0 | 1 | camera | target | 0.939032 | 0 | -0.343831 | 0.939032
SCRIPT       : DATA_LOG | 2242360 | VEZjSxlcpgu1JLRUfHGLLLMsm0wqbyJ6fy2rl33V8jg= | 7988.21 | 6.02318 | 3334.04 | 0.288579 | 0.957456 | 0 | none | 1 | 64.7609 | 2.88555 | 0 | 1 | 0 | 0 | 0 | 0 | 0 | 1 | camera | none | 0.288579 | 0 | 0.957456 | 0.288579 | 
SCRIPT       : DATA_LOG | 2243337 | aRapBi1cCZPZAGLIDny3dk3hQ8vTmNTLHRl8zxmKgQ0= | 7985.67 | 6.01843 | 3336.2 | 0.939032 | -0.343831 | 0 | none | 1 | 32.0833 | 3.71105 | 0 | 1 | 0 | 0 | 0 | 0 | 0 | 1 | camera | target | 0.939032 | 0 | -0.343831 | 0.939032
SCRIPT       : DATA_LOG | 2243359 | VEZjSxlcpgu1JLRUfHGLLLMsm0wqbyJ6fy2rl33V8jg= | 7988.21 | 6.02318 | 3334.04 | 0.288579 | 0.957456 | 0 | none | 1 | 64.5679 | 2.84949 | 0 | 1 | 0 | 0 | 0 | 0 | 0 | 1 | camera | none | 0.288579 | 0 | 0.957456 | 0.288579 | 
SCRIPT       : DATA_LOG | 2244343 | aRapBi1cCZPZAGLIDny3dk3hQ8vTmNTLHRl8zxmKgQ0= | 7985.67 | 6.01843 | 3336.2 | 0.939032 | -0.343831 | 0 | none | 1 | 32.0383 | 3.71241 | 0 | 1 | 0 | 0 | 0 | 0 | 0 | 1 | camera | target | 0.939032 | 0 | -0.343831 | 0.939032
SCRIPT       : DATA_LOG | 2244364 | VEZjSxlcpgu1JLRUfHGLLLMsm0wqbyJ6fy2rl33V8jg= | 7988.21 | 6.02318 | 3334.04 | 0.288579 | 0.957456 | 0 | none | 1 | 64.5184 | 2.85529 | 0 | 1 | 0 | 0 | 0 | 0 | 0 | 1 | camera | none | 0.288579 | 0 | 0.957456 | 0.288579 | 
SCRIPT       : DATA_LOG | 2245340 | aRapBi1cCZPZAGLIDny3dk3hQ8vTmNTLHRl8zxmKgQ0= | 7985.67 | 6.01843 | 3336.2 | 0.939032 | -0.343831 | 0 | none | 1 | 29.0969 | 3.64485 | 0 | 1 | 0 | 0 | 0 | 0 | 0 | 1 | camera | none | 0.939032 | 0 | -0.343831 | 0.939032 |
SCRIPT       : DATA_LOG | 2245364 | VEZjSxlcpgu1JLRUfHGLLLMsm0wqbyJ6fy2rl33V8jg= | 7988.21 | 6.02318 | 3334.04 | 0.288579 | 0.957456 | 0 | none | 1 | 64.5678 | 2.84948 | 0 | 1 | 0 | 0 | 0 | 0 | 0 | 1 | camera | none | 0.288579 | 0 | 0.957456 | 0.288579 | 
SCRIPT       : DATA_LOG | 2246341 | aRapBi1cCZPZAGLIDny3dk3hQ8vTmNTLHRl8zxmKgQ0= | 7985.67 | 6.01843 | 3336.2 | 0.939032 | -0.343831 | 0 | none | 1 | 31.4599 | 3.70707 | 0 | 1 | 0 | 0 | 0 | 0 | 0 | 1 | camera | target | 0.939032 | 0 | -0.343831 | 0.939032
SCRIPT       : DATA_LOG | 2246368 | VEZjSxlcpgu1JLRUfHGLLLMsm0wqbyJ6fy2rl33V8jg= | 7988.21 | 6.02318 | 3334.04 | 0.288579 | 0.957456 | 0 | none | 1 | 64.5184 | 2.85529 | 0 | 1 | 0 | 0 | 0 | 0 | 0 | 1 | camera | none | 0.288579 | 0 | 0.957456 | 0.288579 | 
SCRIPT       : DATA_LOG | 2247356 | aRapBi1cCZPZAGLIDny3dk3hQ8vTmNTLHRl8zxmKgQ0= | 7985.67 | 6.01843 | 3336.2 | 0.939032 | -0.343831 | 0 | none | 1 | 31.3258 | 3.69831 | 0 | 1 | 0 | 0 | 0 | 0 | 0 | 1 | camera | target | 0.939032 | 0 | -0.343831 | 0.939032
SCRIPT       : DATA_LOG | 2247392 | VEZjSxlcpgu1JLRUfHGLLLMsm0wqbyJ6fy2rl33V8jg= | 7988.21 | 6.02318 | 3334.04 | 0.288579 | 0.957456 | 0 | none | 1 | 64.8086 | 2.92594 | 0 | 1 | 0 | 0 | 0 | 0 | 0 | 1 | camera | none | 0.288579 | 0 | 0.957456 | 0.288579 | 
SCRIPT       : DATA_LOG | 2248345 | aRapBi1cCZPZAGLIDny3dk3hQ8vTmNTLHRl8zxmKgQ0= | 7985.67 | 6.01843 | 3336.2 | 0.939032 | -0.343831 | 0 | none | 1 | 32.1418 | 3.7086 | 0 | 1 | 0 | 0 | 0 | 0 | 0 | 1 | camera | target | 0.939032 | 0 | -0.343831 | 0.939032 
SCRIPT       : DATA_LOG | 2248369 | VEZjSxlcpgu1JLRUfHGLLLMsm0wqbyJ6fy2rl33V8jg= | 7988.21 | 6.02318 | 3334.04 | 0.288579 | 0.957456 | 0 | none | 1 | 65.4212 | 3.0313 | 0 | 1 | 0 | 0 | 0 | 0 | 0 | 1 | camera | none | 0.288579 | 0 | 0.957456 | 0.288579 | 0
SCRIPT       : DATA_LOG | 2249345 | aRapBi1cCZPZAGLIDny3dk3hQ8vTmNTLHRl8zxmKgQ0= | 7986.32 | 6.00478 | 3337.9 | 0.889488 | -0.456958 | 0 | none | 1 | 41.1615 | 4.58849 | 0 | 1 | 0 | 0 | 0 | 0 | 0 | 1 | camera | target | 0.889488 | 0 | -0.456958 | 0.889488
SCRIPT       : DATA_LOG | 2249370 | VEZjSxlcpgu1JLRUfHGLLLMsm0wqbyJ6fy2rl33V8jg= | 7988.21 | 6.02318 | 3334.04 | 0.288579 | 0.957456 | 0 | none | 1 | 44.86 | 4.5597 | 0 | 1 | 0 | 0 | 0 | 0 | 0 | 1 | camera | none | 0.288579 | 0 | 0.957456 | 0.288579 | 0 |
SCRIPT       : DATA_LOG | 2250350 | aRapBi1cCZPZAGLIDny3dk3hQ8vTmNTLHRl8zxmKgQ0= | 7986.59 | 5.9928 | 3338.38 | 0.866944 | -0.498406 | 0 | none | 1 | 43.1707 | 4.90531 | 0 | 1 | 0 | 0 | 0 | 0 | 0 | 1 | camera | target | 0.866944 | 0 | -0.498406 | 0.866944
SCRIPT       : DATA_LOG | 2250370 | VEZjSxlcpgu1JLRUfHGLLLMsm0wqbyJ6fy2rl33V8jg= | 7988.21 | 6.02318 | 3334.04 | 0.288579 | 0.957456 | 0 | none | 1 | 41.1965 | 4.78207 | 0 | 1 | 0 | 0 | 0 | 0 | 0 | 1 | camera | target | 0.288579 | 0 | 0.957456 | 0.288579 
SCRIPT       : DATA_LOG | 2251349 | aRapBi1cCZPZAGLIDny3dk3hQ8vTmNTLHRl8zxmKgQ0= | 7987.44 | 6.01505 | 3337.48 | 0.562123 | -0.827053 | 0 | none | 1 | 32.0688 | 3.86654 | 0 | 1 | 0 | 0 | 0 | 0 | 0 | 1 | camera | target | 0.562123 | 0 | -0.827053 | 0.56212
SCRIPT       : DATA_LOG | 2251372 | VEZjSxlcpgu1JLRUfHGLLLMsm0wqbyJ6fy2rl33V8jg= | 7988.21 | 6.02318 | 3334.04 | 0.288579 | 0.957456 | 0 | none | 1 | 37.679 | 3.7508 | 0 | 1 | 0 | 0 | 0 | 0 | 0 | 1 | camera | none | 0.288579 | 0 | 0.957456 | 0.288579 | 0 
SCRIPT       : DATA_LOG | 2252347 | aRapBi1cCZPZAGLIDny3dk3hQ8vTmNTLHRl8zxmKgQ0= | 7989.31 | 6.01749 | 3335.75 | -0.250218 | -0.968189 | 0 | none | 1 | 42.1412 | 2.58095 | 0 | 1 | 0 | 0 | 0 | 0 | 0 | 1 | camera | target | -0.250218 | 0 | -0.968189 | -0.25
SCRIPT       : DATA_LOG | 2252372 | VEZjSxlcpgu1JLRUfHGLLLMsm0wqbyJ6fy2rl33V8jg= | 7988.21 | 6.02318 | 3334.04 | 0.288579 | 0.957456 | 0 | none | 1 | 41.767 | 2.50764 | 0 | 1 | 0 | 0 | 0 | 0 | 0 | 1 | camera | target | 0.288579 | 0 | 0.957456 | 0.288579 |
SCRIPT       : DATA_LOG | 2253345 | aRapBi1cCZPZAGLIDny3dk3hQ8vTmNTLHRl8zxmKgQ0= | 7989.31 | 6.01749 | 3335.75 | -0.250218 | -0.968189 | 0 | none | 1 | 42.2782 | 2.57118 | 0 | 1 | 0 | 0 | 0 | 0 | 0 | 1 | camera | target | -0.250218 | 0 | -0.968189 | -0.25
SCRIPT       : DATA_LOG | 2253365 | VEZjSxlcpgu1JLRUfHGLLLMsm0wqbyJ6fy2rl33V8jg= | 7988.21 | 6.02318 | 3334.04 | 0.288579 | 0.957456 | 0 | none | 1 | 41.5663 | 2.52653 | 0 | 1 | 0 | 0 | 0 | 0 | 0 | 1 | camera | target | 0.288579 | 0 | 0.957456 | 0.288579 
SCRIPT       : DATA_LOG | 2254348 | aRapBi1cCZPZAGLIDny3dk3hQ8vTmNTLHRl8zxmKgQ0= | 7989.31 | 6.01749 | 3335.75 | -0.250218 | -0.968189 | 0 | none | 1 | 42.1679 | 2.58435 | 0 | 1 | 0 | 0 | 0 | 0 | 0 | 1 | camera | target | -0.250218 | 0 | -0.968189 | -0.25
SCRIPT       : DATA_LOG | 2254373 | VEZjSxlcpgu1JLRUfHGLLLMsm0wqbyJ6fy2rl33V8jg= | 7988.21 | 6.02318 | 3334.04 | 0.288579 | 0.957456 | 0 | none | 1 | 41.7237 | 2.51109 | 0 | 1 | 0 | 0 | 0 | 0 | 0 | 1 | camera | target | 0.288579 | 0 | 0.957456 | 0.288579 
SCRIPT       : DATA_LOG | 2255353 | aRapBi1cCZPZAGLIDny3dk3hQ8vTmNTLHRl8zxmKgQ0= | 7989.31 | 6.01749 | 3335.75 | -0.250218 | -0.968189 | 0 | none | 1 | 42.1669 | 2.58301 | 0 | 1 | 0 | 0 | 0 | 0 | 0 | 1 | camera | target | -0.250218 | 0 | -0.968189 | -0.25
SCRIPT       : DATA_LOG | 2255376 | VEZjSxlcpgu1JLRUfHGLLLMsm0wqbyJ6fy2rl33V8jg= | 7988.21 | 6.02318 | 3334.04 | 0.288579 | 0.957456 | 0 | none | 1 | 41.6735 | 2.51564 | 0 | 1 | 0 | 0 | 0 | 0 | 0 | 1 | camera | target | 0.288579 | 0 | 0.957456 | 0.288579 
SCRIPT       : DATA_LOG | 2256356 | aRapBi1cCZPZAGLIDny3dk3hQ8vTmNTLHRl8zxmKgQ0= | 7989.31 | 6.01749 | 3335.75 | -0.250218 | -0.968189 | 0 | none | 1 | 42.2468 | 2.57439 | 0 | 1 | 0 | 0 | 0 | 0 | 0 | 1 | camera | target | -0.250218 | 0 | -0.968189 | -0.25
SCRIPT       : DATA_LOG | 2256384 | VEZjSxlcpgu1JLRUfHGLLLMsm0wqbyJ6fy2rl33V8jg= | 7988.21 | 6.02318 | 3334.04 | 0.288579 | 0.957456 | 0 | none | 1 | 41.7064 | 2.51159 | 0 | 1 | 0 | 0 | 0 | 0 | 0 | 1 | camera | target | 0.288579 | 0 | 0.957456 | 0.288579 
SCRIPT       : DATA_LOG | 2257416 | aRapBi1cCZPZAGLIDny3dk3hQ8vTmNTLHRl8zxmKgQ0= | 7989.17 | 6.01833 | 3335.41 | -0.358064 | -0.933697 | 0 | none | 1 | 46.1171 | 2.30649 | 0 | 1 | 0 | 0 | 0 | 0 | 0 | 1 | camera | target | -0.358064 | 0 | -0.933697 | -0.35
SCRIPT       : DATA_LOG | 2257441 | VEZjSxlcpgu1JLRUfHGLLLMsm0wqbyJ6fy2rl33V8jg= | 7988.21 | 6.02318 | 3334.04 | 0.288579 | 0.957456 | 0 | none | 1 | 49.607 | 2.20625 | 0 | 1 | 0 | 0 | 0 | 0 | 0 | 1 | camera | none | 0.288579 | 0 | 0.957456 | 0.288579 | 0
SCRIPT       : DATA_LOG | 2258415 | aRapBi1cCZPZAGLIDny3dk3hQ8vTmNTLHRl8zxmKgQ0= | 7989.1 | 6.0189 | 3335.23 | -0.358064 | -0.933697 | 0 | none | 1 | 49.8817 | 2.17073 | 0 | 1 | 0 | 0 | 0 | 0 | 0 | 1 | camera | target | -0.358064 | 0 | -0.933697 | -0.3580
SCRIPT       : DATA_LOG | 2258440 | VEZjSxlcpgu1JLRUfHGLLLMsm0wqbyJ6fy2rl33V8jg= | 7988.21 | 6.02318 | 3334.04 | 0.288579 | 0.957456 | 0 | none | 1 | 51.1308 | 2.15053 | 0 | 1 | 0 | 0 | 0 | 0 | 0 | 1 | camera | target | 0.288579 | 0 | 0.957456 | 0.288579 
SCRIPT       : DATA_LOG | 2259413 | aRapBi1cCZPZAGLIDny3dk3hQ8vTmNTLHRl8zxmKgQ0= | 7989.1 | 6.0189 | 3335.23 | -0.358064 | -0.933697 | 0 | none | 1 | 49.7318 | 2.17633 | 0 | 1 | 0 | 0 | 0 | 0 | 0 | 1 | camera | target | -0.358064 | 0 | -0.933697 | -0.3580
SCRIPT       : DATA_LOG | 2259433 | VEZjSxlcpgu1JLRUfHGLLLMsm0wqbyJ6fy2rl33V8jg= | 7988.21 | 6.02318 | 3334.04 | 0.288579 | 0.957456 | 0 | none | 1 | 50.7599 | 2.15946 | 0 | 1 | 0 | 0 | 0 | 0 | 0 | 1 | camera | target | 0.288579 | 0 | 0.957456 | 0.288579 
SCRIPT       : DATA_LOG | 2260414 | aRapBi1cCZPZAGLIDny3dk3hQ8vTmNTLHRl8zxmKgQ0= | 7989.1 | 6.0189 | 3335.23 | -0.358064 | -0.933697 | 0 | none | 1 | 49.8914 | 2.16951 | 0 | 1 | 0 | 0 | 0 | 0 | 0 | 1 | camera | target | -0.358064 | 0 | -0.933697 | -0.3580
SCRIPT       : DATA_LOG | 2260435 | VEZjSxlcpgu1JLRUfHGLLLMsm0wqbyJ6fy2rl33V8jg= | 7988.21 | 6.02318 | 3334.04 | 0.288579 | 0.957456 | 0 | none | 1 | 50.5798 | 2.16536 | 0 | 1 | 0 | 0 | 0 | 0 | 0 | 1 | camera | target | 0.288579 | 0 | 0.957456 | 0.288579 
SCRIPT       : DATA_LOG | 2261416 | aRapBi1cCZPZAGLIDny3dk3hQ8vTmNTLHRl8zxmKgQ0= | 7989.1 | 6.0189 | 3335.23 | -0.358064 | -0.933697 | 0 | none | 1 | 49.7475 | 2.17879 | 0 | 1 | 0 | 0 | 0 | 0 | 0 | 1 | camera | target | -0.358064 | 0 | -0.933697 | -0.3580
SCRIPT       : DATA_LOG | 2261439 | VEZjSxlcpgu1JLRUfHGLLLMsm0wqbyJ6fy2rl33V8jg= | 7988.21 | 6.02318 | 3334.04 | 0.288579 | 0.957456 | 0 | none | 1 | 50.5478 | 2.16654 | 0 | 1 | 0 | 0 | 0 | 0 | 0 | 1 | camera | target | 0.288579 | 0 | 0.957456 | 0.288579 
SCRIPT       : DATA_LOG | 2262424 | aRapBi1cCZPZAGLIDny3dk3hQ8vTmNTLHRl8zxmKgQ0= | 7989.1 | 6.0189 | 3335.23 | -0.358064 | -0.933697 | 0 | none | 1 | 49.6794 | 2.18093 | 0 | 1 | 0 | 0 | 0 | 0 | 0 | 1 | camera | target | -0.358064 | 0 | -0.933697 | -0.3580
SCRIPT       : DATA_LOG | 2262451 | VEZjSxlcpgu1JLRUfHGLLLMsm0wqbyJ6fy2rl33V8jg= | 7988.21 | 6.02318 | 3334.04 | 0.288579 | 0.957456 | 0 | none | 1 | 50.7451 | 2.15829 | 0 | 1 | 0 | 0 | 0 | 0 | 0 | 1 | camera | target | 0.288579 | 0 | 0.957456 | 0.288579 
SCRIPT       : DATA_LOG | 2263423 | aRapBi1cCZPZAGLIDny3dk3hQ8vTmNTLHRl8zxmKgQ0= | 7989.1 | 6.0189 | 3335.23 | -0.358064 | -0.933697 | 0 | none | 1 | 49.8791 | 2.17083 | 0 | 1 | 0 | 0 | 0 | 0 | 0 | 1 | camera | target | -0.358064 | 0 | -0.933697 | -0.3580
SCRIPT       : DATA_LOG | 2263451 | VEZjSxlcpgu1JLRUfHGLLLMsm0wqbyJ6fy2rl33V8jg= | 7988.21 | 6.02318 | 3334.04 | 0.288579 | 0.957456 | 0 | none | 1 | 50.5749 | 2.16551 | 0 | 1 | 0 | 0 | 0 | 0 | 0 | 1 | camera | target | 0.288579 | 0 | 0.957456 | 0.288579 
SCRIPT       : DATA_LOG | 2264417 | aRapBi1cCZPZAGLIDny3dk3hQ8vTmNTLHRl8zxmKgQ0= | 7989.1 | 6.0189 | 3335.23 | -0.358064 | -0.933697 | 0 | none | 1 | 49.7729 | 2.17673 | 0 | 1 | 0 | 0 | 0 | 0 | 0 | 1 | camera | target | -0.358064 | 0 | -0.933697 | -0.3580
SCRIPT       : DATA_LOG | 2264442 | VEZjSxlcpgu1JLRUfHGLLLMsm0wqbyJ6fy2rl33V8jg= | 7988.21 | 6.02318 | 3334.04 | 0.288579 | 0.957456 | 0 | none | 1 | 50.5478 | 2.16654 | 0 | 1 | 0 | 0 | 0 | 0 | 0 | 1 | camera | target | 0.288579 | 0 | 0.957456 | 0.288579 
SCRIPT       : DATA_LOG | 2265422 | aRapBi1cCZPZAGLIDny3dk3hQ8vTmNTLHRl8zxmKgQ0= | 7989.1 | 6.0189 | 3335.23 | -0.357479 | -0.933921 | 0 | none | 1 | 49.8946 | 2.17086 | 0 | 1 | 0 | 0 | 0 | 0 | 0 | 1 | camera | target | -0.357479 | 0 | -0.933921 | -0.3574
SCRIPT       : DATA_LOG | 2265445 | VEZjSxlcpgu1JLRUfHGLLLMsm0wqbyJ6fy2rl33V8jg= | 7988.21 | 6.02318 | 3334.04 | 0.288579 | 0.957456 | 0 | none | 1 | 51.3895 | 2.13263 | 0 | 1 | 0 | 0 | 0 | 0 | 0 | 1 | camera | target | 0.288579 | 0 | 0.957456 | 0.288579 
SCRIPT       : DATA_LOG | 2266420 | aRapBi1cCZPZAGLIDny3dk3hQ8vTmNTLHRl8zxmKgQ0= | 7989.97 | 6.01959 | 3336 | -0.877335 | -0.479879 | 0 | none | 1 | 36.7479 | 3.0652 | 0 | 1 | 0 | 0 | 0 | 0 | 0 | 1 | camera | target | -0.877335 | 0 | -0.479879 | -0.877335
SCRIPT       : DATA_LOG | 2266441 | VEZjSxlcpgu1JLRUfHGLLLMsm0wqbyJ6fy2rl33V8jg= | 7988.21 | 6.02318 | 3334.04 | 0.288579 | 0.957456 | 0 | none | 1 | 38.6753 | 2.99859 | 0 | 1 | 0 | 0 | 0 | 0 | 0 | 1 | camera | target | 0.288579 | 0 | 0.957456 | 0.288579 
SCRIPT       : DATA_LOG | 2267424 | aRapBi1cCZPZAGLIDny3dk3hQ8vTmNTLHRl8zxmKgQ0= | 7989.97 | 6.01959 | 3336 | -0.877335 | -0.479879 | 0 | none | 1 | 36.7456 | 3.0617 | 0 | 1 | 0 | 0 | 0 | 0 | 0 | 1 | camera | target | -0.877335 | 0 | -0.479879 | -0.877335
SCRIPT       : DATA_LOG | 2267444 | VEZjSxlcpgu1JLRUfHGLLLMsm0wqbyJ6fy2rl33V8jg= | 7988.21 | 6.02318 | 3334.04 | 0.288579 | 0.957456 | 0 | none | 1 | 38.8403 | 3.01241 | 0 | 1 | 0 | 0 | 0 | 0 | 0 | 1 | camera | target | 0.288579 | 0 | 0.957456 | 0.288579 
SCRIPT       : DATA_LOG | 2268423 | aRapBi1cCZPZAGLIDny3dk3hQ8vTmNTLHRl8zxmKgQ0= | 7989.97 | 6.01959 | 3336 | -0.877335 | -0.479879 | 0 | none | 1 | 36.687 | 3.06621 | 0 | 1 | 0 | 0 | 0 | 0 | 0 | 1 | camera | target | -0.877335 | 0 | -0.479879 | -0.877335
SCRIPT       : DATA_LOG | 2268447 | VEZjSxlcpgu1JLRUfHGLLLMsm0wqbyJ6fy2rl33V8jg= | 7988.21 | 6.02318 | 3334.04 | 0.288579 | 0.957456 | 0 | none | 1 | 38.7781 | 3.00658 | 0 | 1 | 0 | 0 | 0 | 0 | 0 | 1 | camera | target | 0.288579 | 0 | 0.957456 | 0.288579 
SCRIPT       : DATA_LOG | 2269425 | aRapBi1cCZPZAGLIDny3dk3hQ8vTmNTLHRl8zxmKgQ0= | 7989.97 | 6.01959 | 3336 | -0.877335 | -0.479879 | 0 | none | 1 | 36.6378 | 3.07582 | 0 | 1 | 0 | 0 | 0 | 0 | 0 | 1 | camera | target | -0.877335 | 0 | -0.479879 | -0.87733
SCRIPT       : DATA_LOG | 2269447 | VEZjSxlcpgu1JLRUfHGLLLMsm0wqbyJ6fy2rl33V8jg= | 7988.21 | 6.02318 | 3334.04 | 0.288579 | 0.957456 | 0 | none | 1 | 38.7257 | 3.00365 | 0 | 1 | 0 | 0 | 0 | 0 | 0 | 1 | camera | target | 0.288579 | 0 | 0.957456 | 0.288579 
SCRIPT       : DATA_LOG | 2270429 | aRapBi1cCZPZAGLIDny3dk3hQ8vTmNTLHRl8zxmKgQ0= | 7989.97 | 6.01959 | 3336 | -0.877335 | -0.479879 | 0 | none | 1 | 36.7319 | 3.06047 | 0 | 1 | 0 | 0 | 0 | 0 | 0 | 1 | camera | target | -0.877335 | 0 | -0.479879 | -0.87733
SCRIPT       : DATA_LOG | 2270455 | VEZjSxlcpgu1JLRUfHGLLLMsm0wqbyJ6fy2rl33V8jg= | 7988.21 | 6.02318 | 3334.04 | 0.288579 | 0.957456 | 0 | none | 1 | 38.7896 | 2.99962 | 0 | 1 | 0 | 0 | 0 | 0 | 0 | 1 | camera | target | 0.288579 | 0 | 0.957456 | 0.288579 
SCRIPT       : DATA_LOG | 2271425 | aRapBi1cCZPZAGLIDny3dk3hQ8vTmNTLHRl8zxmKgQ0= | 7989.97 | 6.01959 | 3336 | -0.877335 | -0.479879 | 0 | Engraved1911 | 1 | 36.6702 | 3.0689 | 0 | 1 | 0 | 0 | 0 | 0 | 0 | 1 | camera | target | -0.877335 | 0 | -0.479879 | -
SCRIPT       : DATA_LOG | 2271451 | VEZjSxlcpgu1JLRUfHGLLLMsm0wqbyJ6fy2rl33V8jg= | 7988.21 | 6.02318 | 3334.04 | 0.288579 | 0.957456 | 0 | none | 1 | 38.8232 | 3.05328 | 0 | 1 | 0 | 0 | 0 | 0 | 0 | 1 | camera | target | 0.288579 | 0 | 0.957456 | 0.288579 
SCRIPT       : DATA_LOG | 2272433 | aRapBi1cCZPZAGLIDny3dk3hQ8vTmNTLHRl8zxmKgQ0= | 7989.97 | 6.01959 | 3336 | -0.877335 | -0.479879 | 0 | none | 1 | 36.7737 | 3.06146 | 0 | 1 | 0 | 0 | 0 | 0 | 0 | 1 | camera | target | -0.877335 | 0 | -0.479879 | -0.87733
SCRIPT       : DATA_LOG | 2272457 | VEZjSxlcpgu1JLRUfHGLLLMsm0wqbyJ6fy2rl33V8jg= | 7988.21 | 6.02318 | 3334.04 | 0.288579 | 0.957456 | 0 | none | 1 | 38.8856 | 3.04886 | 0 | 1 | 0 | 0 | 0 | 0 | 0 | 1 | camera | target | 0.288579 | 0 | 0.957456 | 0.288579 
SCRIPT       : DATA_LOG | 2273429 | aRapBi1cCZPZAGLIDny3dk3hQ8vTmNTLHRl8zxmKgQ0= | 7989.97 | 6.01959 | 3336 | -0.877335 | -0.479879 | 0 | none | 1 | 36.7586 | 3.06383 | 0 | 1 | 0 | 0 | 0 | 0 | 0 | 1 | camera | target | -0.877335 | 0 | -0.479879 | -0.87733
SCRIPT       : DATA_LOG | 2273450 | VEZjSxlcpgu1JLRUfHGLLLMsm0wqbyJ6fy2rl33V8jg= | 7988.21 | 6.02318 | 3334.04 | 0.288579 | 0.957456 | 0 | none | 1 | 38.6657 | 3.00004 | 0 | 1 | 0 | 0 | 0 | 0 | 0 | 1 | camera | target | 0.288579 | 0 | 0.957456 | 0.288579 
SCRIPT       : DATA_LOG | 2274432 | aRapBi1cCZPZAGLIDny3dk3hQ8vTmNTLHRl8zxmKgQ0= | 7989.97 | 6.01959 | 3336 | -0.877335 | -0.479879 | 0 | none | 1 | 36.7419 | 3.06594 | 0 | 1 | 0 | 0 | 0 | 0 | 0 | 1 | camera | target | -0.877335 | 0 | -0.479879 | -0.87733
SCRIPT       : DATA_LOG | 2274457 | VEZjSxlcpgu1JLRUfHGLLLMsm0wqbyJ6fy2rl33V8jg= | 7988.21 | 6.02318 | 3334.04 | 0.288579 | 0.957456 | 0 | none | 1 | 38.8201 | 3.00969 | 0 | 1 | 0 | 0 | 0 | 0 | 0 | 1 | camera | target | 0.288579 | 0 | 0.957456 | 0.288579 
SCRIPT       : DATA_LOG | 2275428 | aRapBi1cCZPZAGLIDny3dk3hQ8vTmNTLHRl8zxmKgQ0= | 7989.97 | 6.01959 | 3336 | -0.877335 | -0.479879 | 0 | none | 1 | 37.0167 | 2.94804 | 0 | 1 | 0 | 0 | 0 | 0 | 0 | 1 | camera | target | -0.877335 | 0 | -0.479879 | -0.87733
SCRIPT       : DATA_LOG | 2275448 | VEZjSxlcpgu1JLRUfHGLLLMsm0wqbyJ6fy2rl33V8jg= | 7988.21 | 6.02318 | 3334.04 | 0.288579 | 0.957456 | 0 | none | 1 | 38.799 | 3.00885 | 0 | 1 | 0 | 0 | 0 | 0 | 0 | 1 | camera | target | 0.288579 | 0 | 0.957456 | 0.288579 |
SCRIPT       : DATA_LOG | 2276434 | aRapBi1cCZPZAGLIDny3dk3hQ8vTmNTLHRl8zxmKgQ0= | 7989.97 | 6.01959 | 3336 | -0.877335 | -0.479879 | 0 | none | 1 | 37.017 | 2.9145 | 0 | 1 | 0 | 0 | 0 | 0 | 0 | 1 | camera | none | -0.877335 | 0 | -0.479879 | -0.877335 | 
SCRIPT       : DATA_LOG | 2276461 | VEZjSxlcpgu1JLRUfHGLLLMsm0wqbyJ6fy2rl33V8jg= | 7988.21 | 6.02318 | 3334.04 | 0.288579 | 0.957456 | 0 | none | 1 | 38.7069 | 3.00166 | 0 | 1 | 0 | 0 | 0 | 0 | 0 | 1 | camera | target | 0.288579 | 0 | 0.957456 | 0.288579 
SCRIPT       : DATA_LOG | 2277437 | aRapBi1cCZPZAGLIDny3dk3hQ8vTmNTLHRl8zxmKgQ0= | 7989.97 | 6.01959 | 3336 | -0.877335 | -0.479879 | 0 | none | 1 | 36.9555 | 2.99628 | 0 | 1 | 0 | 0 | 0 | 0 | 0 | 1 | camera | target | -0.877335 | 0 | -0.479879 | -0.87733
SCRIPT       : DATA_LOG | 2277466 | VEZjSxlcpgu1JLRUfHGLLLMsm0wqbyJ6fy2rl33V8jg= | 7988.21 | 6.02318 | 3334.04 | 0.288579 | 0.957456 | 0 | none | 1 | 38.9138 | 3.0257 | 0 | 1 | 0 | 0 | 0 | 0 | 0 | 1 | camera | target | 0.288579 | 0 | 0.957456 | 0.288579 |
SCRIPT       : DATA_LOG | 2278441 | aRapBi1cCZPZAGLIDny3dk3hQ8vTmNTLHRl8zxmKgQ0= | 7989.97 | 6.01959 | 3336 | -0.877335 | -0.479879 | 0 | none | 1 | 36.9271 | 3.02419 | 0 | 1 | 0 | 0 | 0 | 0 | 0 | 1 | camera | target | -0.877335 | 0 | -0.479879 | -0.87733
SCRIPT       : DATA_LOG | 2278470 | VEZjSxlcpgu1JLRUfHGLLLMsm0wqbyJ6fy2rl33V8jg= | 7988.21 | 6.02318 | 3334.04 | 0.288579 | 0.957456 | 0 | none | 1 | 38.7136 | 3.03801 | 0 | 1 | 0 | 0 | 0 | 0 | 0 | 1 | camera | target | 0.288579 | 0 | 0.957456 | 0.288579 
SCRIPT       : DATA_LOG | 2279437 | aRapBi1cCZPZAGLIDny3dk3hQ8vTmNTLHRl8zxmKgQ0= | 7989.97 | 6.01959 | 3336 | -0.877335 | -0.479879 | 0 | none | 1 | 36.7618 | 3.06249 | 0 | 1 | 0 | 0 | 0 | 0 | 0 | 1 | camera | target | -0.877335 | 0 | -0.479879 | -0.87733
SCRIPT       : DATA_LOG | 2279460 | VEZjSxlcpgu1JLRUfHGLLLMsm0wqbyJ6fy2rl33V8jg= | 7988.21 | 6.02318 | 3334.04 | 0.288579 | 0.957456 | 0 | none | 1 | 38.4477 | 3.07195 | 0 | 1 | 0 | 0 | 0 | 0 | 0 | 1 | camera | target | 0.288579 | 0 | 0.957456 | 0.288579 
SCRIPT       : DATA_LOG | 2280440 | aRapBi1cCZPZAGLIDny3dk3hQ8vTmNTLHRl8zxmKgQ0= | 7989.97 | 6.01959 | 3336 | -0.877335 | -0.479879 | 0 | none | 1 | 36.7723 | 3.06287 | 0 | 1 | 0 | 0 | 0 | 0 | 0 | 1 | camera | target | -0.877335 | 0 | -0.479879 | -0.87733
SCRIPT       : DATA_LOG | 2280465 | VEZjSxlcpgu1JLRUfHGLLLMsm0wqbyJ6fy2rl33V8jg= | 7988.21 | 6.02318 | 3334.04 | 0.288579 | 0.957456 | 0 | none | 1 | 39.0124 | 3.05591 | 0 | 1 | 0 | 0 | 0 | 0 | 0 | 1 | camera | target | 0.288579 | 0 | 0.957456 | 0.288579 
SCRIPT       : DATA_LOG | 2281438 | aRapBi1cCZPZAGLIDny3dk3hQ8vTmNTLHRl8zxmKgQ0= | 7989.97 | 6.01959 | 3336 | -0.877335 | -0.479879 | 0 | none | 1 | 36.7273 | 3.06939 | 0 | 1 | 0 | 0 | 0 | 0 | 0 | 1 | camera | target | -0.877335 | 0 | -0.479879 | -0.87733
SCRIPT       : DATA_LOG | 2281461 | VEZjSxlcpgu1JLRUfHGLLLMsm0wqbyJ6fy2rl33V8jg= | 7988.21 | 6.02318 | 3334.04 | 0.288579 | 0.957456 | 0 | none | 1 | 39.1373 | 3.06092 | 0 | 1 | 0 | 0 | 0 | 0 | 0 | 1 | camera | target | 0.288579 | 0 | 0.957456 | 0.288579 
SCRIPT       : DATA_LOG | 2282440 | aRapBi1cCZPZAGLIDny3dk3hQ8vTmNTLHRl8zxmKgQ0= | 7989.97 | 6.01959 | 3336 | -0.877335 | -0.479879 | 0 | none | 1 | 36.7329 | 3.05963 | 0 | 1 | 0 | 0 | 0 | 0 | 0 | 1 | camera | target | -0.877335 | 0 | -0.479879 | -0.87733
SCRIPT       : DATA_LOG | 2282463 | VEZjSxlcpgu1JLRUfHGLLLMsm0wqbyJ6fy2rl33V8jg= | 7988.21 | 6.02318 | 3334.04 | 0.288579 | 0.957456 | 0 | none | 1 | 39.1307 | 3.06559 | 0 | 1 | 0 | 0 | 0 | 0 | 0 | 1 | camera | target | 0.288579 | 0 | 0.957456 | 0.288579 
SCRIPT       : DATA_LOG | 2283445 | aRapBi1cCZPZAGLIDny3dk3hQ8vTmNTLHRl8zxmKgQ0= | 7989.97 | 6.01959 | 3336 | -0.877335 | -0.479879 | 0 | none | 1 | 36.6185 | 3.07836 | 0 | 1 | 0 | 0 | 0 | 0 | 0 | 1 | camera | target | -0.877335 | 0 | -0.479879 | -0.87733
SCRIPT       : DATA_LOG | 2283472 | VEZjSxlcpgu1JLRUfHGLLLMsm0wqbyJ6fy2rl33V8jg= | 7988.21 | 6.02318 | 3334.04 | 0.288579 | 0.957456 | 0 | none | 1 | 39.1446 | 3.04886 | 0 | 1 | 0 | 0 | 0 | 0 | 0 | 1 | camera | target | 0.288579 | 0 | 0.957456 | 0.288579 
SCRIPT       : DATA_LOG | 2284442 | aRapBi1cCZPZAGLIDny3dk3hQ8vTmNTLHRl8zxmKgQ0= | 7989.97 | 6.01959 | 3336 | -0.877335 | -0.479879 | 0 | none | 1 | 36.7087 | 3.06353 | 0 | 1 | 0 | 0 | 0 | 0 | 0 | 1 | camera | target | -0.877335 | 0 | -0.479879 | -0.87733
SCRIPT       : DATA_LOG | 2284472 | VEZjSxlcpgu1JLRUfHGLLLMsm0wqbyJ6fy2rl33V8jg= | 7988.21 | 6.02318 | 3334.04 | 0.288579 | 0.957456 | 0 | none | 1 | 39.1225 | 3.05707 | 0 | 1 | 0 | 0 | 0 | 0 | 0 | 1 | camera | target | 0.288579 | 0 | 0.957456 | 0.288579 
SCRIPT       : DATA_LOG | 2285440 | aRapBi1cCZPZAGLIDny3dk3hQ8vTmNTLHRl8zxmKgQ0= | 7989.97 | 6.01959 | 3336 | -0.877335 | -0.479879 | 0 | none | 1 | 36.6825 | 3.06818 | 0 | 1 | 0 | 0 | 0 | 0 | 0 | 1 | camera | target | -0.877335 | 0 | -0.479879 | -0.87733
SCRIPT       : DATA_LOG | 2285461 | VEZjSxlcpgu1JLRUfHGLLLMsm0wqbyJ6fy2rl33V8jg= | 7988.21 | 6.02318 | 3334.04 | 0.288579 | 0.957456 | 0 | none | 1 | 39.0517 | 3.04809 | 0 | 1 | 0 | 0 | 0 | 0 | 0 | 1 | camera | target | 0.288579 | 0 | 0.957456 | 0.288579 
SCRIPT       : DATA_LOG | 2286448 | aRapBi1cCZPZAGLIDny3dk3hQ8vTmNTLHRl8zxmKgQ0= | 7989.97 | 6.01959 | 3336 | -0.877335 | -0.479879 | 0 | none | 1 | 36.7551 | 3.06306 | 0 | 1 | 0 | 0 | 0 | 0 | 0 | 1 | camera | target | -0.877335 | 0 | -0.479879 | -0.87733
SCRIPT       : DATA_LOG | 2286473 | VEZjSxlcpgu1JLRUfHGLLLMsm0wqbyJ6fy2rl33V8jg= | 7988.21 | 6.02318 | 3334.04 | 0.288579 | 0.957456 | 0 | none | 1 | 39.025 | 3.05808 | 0 | 1 | 0 | 0 | 0 | 0 | 0 | 1 | camera | target | 0.288579 | 0 | 0.957456 | 0.288579 |
SCRIPT       : DATA_LOG | 2287449 | aRapBi1cCZPZAGLIDny3dk3hQ8vTmNTLHRl8zxmKgQ0= | 7989.97 | 6.01959 | 3336 | -0.877335 | -0.479879 | 0 | none | 1 | 36.7778 | 3.06197 | 0 | 1 | 0 | 0 | 0 | 0 | 0 | 1 | camera | target | -0.877335 | 0 | -0.479879 | -0.87733
SCRIPT       : DATA_LOG | 2287478 | VEZjSxlcpgu1JLRUfHGLLLMsm0wqbyJ6fy2rl33V8jg= | 7988.21 | 6.02318 | 3334.04 | 0.288579 | 0.957456 | 0 | none | 1 | 39.0007 | 3.06155 | 0 | 1 | 0 | 0 | 0 | 0 | 0 | 1 | camera | target | 0.288579 | 0 | 0.957456 | 0.288579 
SCRIPT       : DATA_LOG | 2288445 | aRapBi1cCZPZAGLIDny3dk3hQ8vTmNTLHRl8zxmKgQ0= | 7989.97 | 6.01959 | 3336 | -0.877335 | -0.479879 | 0 | none | 1 | 36.7237 | 3.07022 | 0 | 1 | 0 | 0 | 0 | 0 | 0 | 1 | camera | target | -0.877335 | 0 | -0.479879 | -0.87733
SCRIPT       : DATA_LOG | 2288473 | VEZjSxlcpgu1JLRUfHGLLLMsm0wqbyJ6fy2rl33V8jg= | 7988.21 | 6.02318 | 3334.04 | 0.288579 | 0.957456 | 0 | none | 1 | 39.1111 | 3.05881 | 0 | 1 | 0 | 0 | 0 | 0 | 0 | 1 | camera | target | 0.288579 | 0 | 0.957456 | 0.288579 
SCRIPT       : DATA_LOG | 2289447 | aRapBi1cCZPZAGLIDny3dk3hQ8vTmNTLHRl8zxmKgQ0= | 7989.97 | 6.01959 | 3336 | -0.877335 | -0.479879 | 0 | none | 1 | 36.7386 | 3.05806 | 0 | 1 | 0 | 0 | 0 | 0 | 0 | 1 | camera | target | -0.877335 | 0 | -0.479879 | -0.87733
SCRIPT       : DATA_LOG | 2289470 | VEZjSxlcpgu1JLRUfHGLLLMsm0wqbyJ6fy2rl33V8jg= | 7988.21 | 6.02318 | 3334.04 | 0.288579 | 0.957456 | 0 | none | 1 | 39.0886 | 3.07189 | 0 | 1 | 0 | 0 | 0 | 0 | 0 | 1 | camera | target | 0.288579 | 0 | 0.957456 | 0.288579 
SCRIPT       : DATA_LOG | 2290457 | aRapBi1cCZPZAGLIDny3dk3hQ8vTmNTLHRl8zxmKgQ0= | 7989.97 | 6.01959 | 3336 | -0.877335 | -0.479879 | 0 | none | 1 | 36.6178 | 3.07789 | 0 | 1 | 0 | 0 | 0 | 0 | 0 | 1 | camera | target | -0.877335 | 0 | -0.479879 | -0.87733
SCRIPT       : DATA_LOG | 2290486 | VEZjSxlcpgu1JLRUfHGLLLMsm0wqbyJ6fy2rl33V8jg= | 7988.21 | 6.02318 | 3334.04 | 0.288579 | 0.957456 | 0 | none | 1 | 39.1425 | 3.05263 | 0 | 1 | 0 | 0 | 0 | 0 | 0 | 1 | camera | target | 0.288579 | 0 | 0.957456 | 0.288579 
SCRIPT       : DATA_LOG | 2291451 | aRapBi1cCZPZAGLIDny3dk3hQ8vTmNTLHRl8zxmKgQ0= | 7989.97 | 6.01959 | 3336 | -0.877335 | -0.479879 | 0 | none | 1 | 36.6968 | 3.06597 | 0 | 1 | 0 | 0 | 0 | 0 | 0 | 1 | camera | target | -0.877335 | 0 | -0.479879 | -0.87733
SCRIPT       : DATA_LOG | 2291478 | VEZjSxlcpgu1JLRUfHGLLLMsm0wqbyJ6fy2rl33V8jg= | 7988.21 | 6.02318 | 3334.04 | 0.288579 | 0.957456 | 0 | none | 1 | 39.3638 | 3.04918 | 0 | 1 | 0 | 0 | 0 | 0 | 0 | 1 | camera | target | 0.288579 | 0 | 0.957456 | 0.288579 
SCRIPT       : DATA_LOG | 2292451 | aRapBi1cCZPZAGLIDny3dk3hQ8vTmNTLHRl8zxmKgQ0= | 7989.97 | 6.01959 | 3336 | -0.877335 | -0.479879 | 0 | none | 1 | 36.7023 | 3.06581 | 0 | 1 | 0 | 0 | 0 | 0 | 0 | 1 | camera | target | -0.877335 | 0 | -0.479879 | -0.87733
SCRIPT       : DATA_LOG | 2292474 | VEZjSxlcpgu1JLRUfHGLLLMsm0wqbyJ6fy2rl33V8jg= | 7988.21 | 6.02318 | 3334.04 | 0.288579 | 0.957456 | 0 | none | 1 | 39.3164 | 3.04395 | 0 | 1 | 0 | 0 | 0 | 0 | 0 | 1 | camera | target | 0.288579 | 0 | 0.957456 | 0.288579 
SCRIPT       : DATA_LOG | 2293450 | aRapBi1cCZPZAGLIDny3dk3hQ8vTmNTLHRl8zxmKgQ0= | 7989.97 | 6.01959 | 3336 | -0.877335 | -0.479879 | 0 | none | 1 | 36.7383 | 3.06472 | 0 | 1 | 0 | 0 | 0 | 0 | 0 | 1 | camera | target | -0.877335 | 0 | -0.479879 | -0.87733
SCRIPT       : DATA_LOG | 2293472 | VEZjSxlcpgu1JLRUfHGLLLMsm0wqbyJ6fy2rl33V8jg= | 7988.21 | 6.02318 | 3334.04 | 0.288579 | 0.957456 | 0 | none | 1 | 39.2773 | 3.04545 | 0 | 1 | 0 | 0 | 0 | 0 | 0 | 1 | camera | target | 0.288579 | 0 | 0.957456 | 0.288579 
SCRIPT       : DATA_LOG | 2294449 | aRapBi1cCZPZAGLIDny3dk3hQ8vTmNTLHRl8zxmKgQ0= | 7989.97 | 6.01959 | 3336 | -0.877335 | -0.479879 | 0 | none | 1 | 36.783 | 3.06091 | 0 | 1 | 0 | 0 | 0 | 0 | 0 | 1 | camera | target | -0.877335 | 0 | -0.479879 | -0.877335
SCRIPT       : DATA_LOG | 2294474 | VEZjSxlcpgu1JLRUfHGLLLMsm0wqbyJ6fy2rl33V8jg= | 7988.21 | 6.02318 | 3334.04 | 0.288579 | 0.957456 | 0 | none | 1 | 39.5819 | 3.01916 | 0 | 1 | 0 | 0 | 0 | 0 | 0 | 1 | camera | target | 0.288579 | 0 | 0.957456 | 0.288579 
SCRIPT       : DATA_LOG | 2295452 | aRapBi1cCZPZAGLIDny3dk3hQ8vTmNTLHRl8zxmKgQ0= | 7989.97 | 6.01959 | 3336 | -0.877335 | -0.479879 | 0 | none | 1 | 36.7207 | 3.06952 | 0 | 1 | 0 | 0 | 0 | 0 | 0 | 1 | camera | target | -0.877335 | 0 | -0.479879 | -0.87733
SCRIPT       : DATA_LOG | 2295477 | VEZjSxlcpgu1JLRUfHGLLLMsm0wqbyJ6fy2rl33V8jg= | 7988.21 | 6.02318 | 3334.04 | 0.288579 | 0.957456 | 0 | none | 1 | 39.6434 | 3.01024 | 0 | 1 | 0 | 0 | 0 | 0 | 0 | 1 | camera | target | 0.288579 | 0 | 0.957456 | 0.288579 
SCRIPT       : DATA_LOG | 2296452 | aRapBi1cCZPZAGLIDny3dk3hQ8vTmNTLHRl8zxmKgQ0= | 7989.97 | 6.01959 | 3336 | -0.877335 | -0.479879 | 0 | none | 1 | 36.7418 | 3.0578 | 0 | 1 | 0 | 0 | 0 | 0 | 0 | 1 | camera | target | -0.877335 | 0 | -0.479879 | -0.877335
SCRIPT       : DATA_LOG | 2296475 | VEZjSxlcpgu1JLRUfHGLLLMsm0wqbyJ6fy2rl33V8jg= | 7988.21 | 6.02318 | 3334.04 | 0.288579 | 0.957456 | 0 | none | 1 | 39.6955 | 3.02548 | 0 | 1 | 0 | 0 | 0 | 0 | 0 | 1 | camera | target | 0.288579 | 0 | 0.957456 | 0.288579 
SCRIPT       : DATA_LOG | 2297456 | aRapBi1cCZPZAGLIDny3dk3hQ8vTmNTLHRl8zxmKgQ0= | 7989.97 | 6.01959 | 3336 | -0.877335 | -0.479879 | 0 | none | 1 | 36.6311 | 3.07521 | 0 | 1 | 0 | 0 | 0 | 0 | 0 | 1 | camera | target | -0.877335 | 0 | -0.479879 | -0.87733
SCRIPT       : DATA_LOG | 2297482 | VEZjSxlcpgu1JLRUfHGLLLMsm0wqbyJ6fy2rl33V8jg= | 7988.21 | 6.02318 | 3334.04 | 0.288579 | 0.957456 | 0 | none | 1 | 39.4304 | 2.98516 | 0 | 1 | 0 | 0 | 0 | 0 | 0 | 1 | camera | target | 0.288579 | 0 | 0.957456 | 0.288579 
SCRIPT       : DATA_LOG | 2298455 | aRapBi1cCZPZAGLIDny3dk3hQ8vTmNTLHRl8zxmKgQ0= | 7989.97 | 6.01959 | 3336 | -0.877335 | -0.479879 | 0 | SCARH_Black | 1 | 36.6741 | 3.06949 | 0 | 1 | 0 | 0 | 0 | 0 | 0 | 1 | camera | target | -0.877335 | 0 | -0.479879 | -
SCRIPT       : DATA_LOG | 2298477 | VEZjSxlcpgu1JLRUfHGLLLMsm0wqbyJ6fy2rl33V8jg= | 7988.21 | 6.02318 | 3334.04 | 0.288579 | 0.957456 | 0 | none | 1 | 39.5036 | 3.03152 | 0 | 1 | 0 | 0 | 0 | 0 | 0 | 1 | camera | target | 0.288579 | 0 | 0.957456 | 0.288579 
SCRIPT       : DATA_LOG | 2299460 | aRapBi1cCZPZAGLIDny3dk3hQ8vTmNTLHRl8zxmKgQ0= | 7989.97 | 6.01959 | 3336 | -0.877335 | -0.479879 | 0 | SCARH_Black | 1 | 36.7213 | 3.06326 | 0 | 1 | 0 | 0 | 0 | 0 | 0 | 1 | camera | target | -0.877335 | 0 | -0.479879 | -
SCRIPT       : DATA_LOG | 2299481 | VEZjSxlcpgu1JLRUfHGLLLMsm0wqbyJ6fy2rl33V8jg= | 7988.21 | 6.02318 | 3334.04 | 0.288579 | 0.957456 | 0 | none | 1 | 39.5063 | 3.03413 | 0 | 1 | 0 | 0 | 0 | 0 | 0 | 1 | camera | target | 0.288579 | 0 | 0.957456 | 0.288579 
SCRIPT       : DATA_LOG | 2300455 | aRapBi1cCZPZAGLIDny3dk3hQ8vTmNTLHRl8zxmKgQ0= | 7989.97 | 6.01959 | 3336 | -0.877335 | -0.479879 | 0 | SCARH_Black | 1 | 36.7584 | 2.79084 | 0 | 1 | 0 | 0 | 0 | 0 | 0 | 1 | camera | none | -0.877335 | 0 | -0.479879 | -0.
SCRIPT       : DATA_LOG | 2300475 | VEZjSxlcpgu1JLRUfHGLLLMsm0wqbyJ6fy2rl33V8jg= | 7988.21 | 6.02318 | 3334.04 | 0.288579 | 0.957456 | 0 | none | 1 | 39.898 | 3.05636 | 0 | 1 | 0 | 0 | 0 | 0 | 0 | 1 | camera | target | 0.288579 | 0 | 0.957456 | 0.288579 |
SCRIPT       : DATA_LOG | 2301460 | aRapBi1cCZPZAGLIDny3dk3hQ8vTmNTLHRl8zxmKgQ0= | 7989.97 | 6.01959 | 3336 | -0.877335 | -0.479879 | 0 | SCARH_Black | 1 | 37.0443 | 3.00693 | 0 | 1 | 0 | 0 | 0 | 0 | 0 | 1 | camera | target | -0.877335 | 0 | -0.479879 | -
SCRIPT       : DATA_LOG | 2301483 | VEZjSxlcpgu1JLRUfHGLLLMsm0wqbyJ6fy2rl33V8jg= | 7988.21 | 6.02318 | 3334.04 | 0.288579 | 0.957456 | 0 | none | 1 | 39.5696 | 3.02172 | 0 | 1 | 0 | 0 | 0 | 0 | 0 | 1 | camera | target | 0.288579 | 0 | 0.957456 | 0.288579 
SCRIPT       : DATA_LOG | 2302457 | aRapBi1cCZPZAGLIDny3dk3hQ8vTmNTLHRl8zxmKgQ0= | 7989.97 | 6.01959 | 3336 | -0.877335 | -0.479879 | 0 | SCARH_Black | 1 | 37.0295 | 2.99311 | 0 | 1 | 0 | 0 | 0 | 0 | 0 | 1 | camera | target | -0.877335 | 0 | -0.479879 | -
SCRIPT       : DATA_LOG | 2302482 | VEZjSxlcpgu1JLRUfHGLLLMsm0wqbyJ6fy2rl33V8jg= | 7988.21 | 6.02318 | 3334.04 | 0.288579 | 0.957456 | 0 | none | 1 | 39.4789 | 3.03584 | 0 | 1 | 0 | 0 | 0 | 0 | 0 | 1 | camera | target | 0.288579 | 0 | 0.957456 | 0.288579 
SCRIPT       : DATA_LOG | 2303467 | aRapBi1cCZPZAGLIDny3dk3hQ8vTmNTLHRl8zxmKgQ0= | 7989.97 | 6.01959 | 3336 | -0.877335 | -0.479879 | 0 | none | 1 | 36.7446 | 3.05908 | 0 | 1 | 0 | 0 | 0 | 0 | 0 | 1 | camera | target | -0.877335 | 0 | -0.479879 | -0.87733
SCRIPT       : DATA_LOG | 2303491 | VEZjSxlcpgu1JLRUfHGLLLMsm0wqbyJ6fy2rl33V8jg= | 7988.21 | 6.02318 | 3334.04 | 0.288579 | 0.957456 | 0 | none | 1 | 39.5304 | 2.99681 | 0 | 1 | 0 | 0 | 0 | 0 | 0 | 1 | camera | target | 0.288579 | 0 | 0.957456 | 0.288579 
SCRIPT       : DATA_LOG | 2304463 | aRapBi1cCZPZAGLIDny3dk3hQ8vTmNTLHRl8zxmKgQ0= | 7989.97 | 6.01959 | 3336 | -0.877335 | -0.479879 | 0 | none | 1 | 36.6534 | 3.07095 | 0 | 1 | 0 | 0 | 0 | 0 | 0 | 1 | camera | target | -0.877335 | 0 | -0.479879 | -0.87733
SCRIPT       : DATA_LOG | 2304491 | VEZjSxlcpgu1JLRUfHGLLLMsm0wqbyJ6fy2rl33V8jg= | 7988.21 | 6.02318 | 3334.04 | 0.288579 | 0.957456 | 0 | none | 1 | 39.3747 | 3.04438 | 0 | 1 | 0 | 0 | 0 | 0 | 0 | 1 | camera | target | 0.288579 | 0 | 0.957456 | 0.288579 
SCRIPT       : DATA_LOG | 2305465 | aRapBi1cCZPZAGLIDny3dk3hQ8vTmNTLHRl8zxmKgQ0= | 7989.97 | 6.01959 | 3336 | -0.877335 | -0.479879 | 0 | none | 1 | 36.6564 | 3.07268 | 0 | 1 | 0 | 0 | 0 | 0 | 0 | 1 | camera | target | -0.877335 | 0 | -0.479879 | -0.87733
SCRIPT       : DATA_LOG | 2305488 | VEZjSxlcpgu1JLRUfHGLLLMsm0wqbyJ6fy2rl33V8jg= | 7988.21 | 6.02318 | 3334.04 | 0.288579 | 0.957456 | 0 | none | 1 | 39.3556 | 3.0473 | 0 | 1 | 0 | 0 | 0 | 0 | 0 | 1 | camera | target | 0.288579 | 0 | 0.957456 | 0.288579 |
SCRIPT       : DATA_LOG | 2306466 | aRapBi1cCZPZAGLIDny3dk3hQ8vTmNTLHRl8zxmKgQ0= | 7989.97 | 6.01959 | 3336 | -0.877335 | -0.479879 | 0 | none | 1 | 36.7341 | 3.06114 | 0 | 1 | 0 | 0 | 0 | 0 | 0 | 1 | camera | target | -0.877335 | 0 | -0.479879 | -0.87733
SCRIPT       : DATA_LOG | 2306491 | VEZjSxlcpgu1JLRUfHGLLLMsm0wqbyJ6fy2rl33V8jg= | 7988.21 | 6.02318 | 3334.04 | 0.288579 | 0.957456 | 0 | none | 1 | 39.319 | 3.04606 | 0 | 1 | 0 | 0 | 0 | 0 | 0 | 1 | camera | target | 0.288579 | 0 | 0.957456 | 0.288579 |
SCRIPT       : DATA_LOG | 2307467 | aRapBi1cCZPZAGLIDny3dk3hQ8vTmNTLHRl8zxmKgQ0= | 7989.97 | 6.01959 | 3336 | -0.877335 | -0.479879 | 0 | none | 1 | 36.6799 | 3.06764 | 0 | 1 | 0 | 0 | 0 | 0 | 0 | 1 | camera | target | -0.877335 | 0 | -0.479879 | -0.87733
SCRIPT       : DATA_LOG | 2307492 | VEZjSxlcpgu1JLRUfHGLLLMsm0wqbyJ6fy2rl33V8jg= | 7988.21 | 6.02318 | 3334.04 | 0.288579 | 0.957456 | 0 | none | 1 | 39.151 | 3.04872 | 0 | 1 | 0 | 0 | 0 | 0 | 0 | 1 | camera | target | 0.288579 | 0 | 0.957456 | 0.288579 |
SCRIPT       : DATA_LOG | 2308466 | aRapBi1cCZPZAGLIDny3dk3hQ8vTmNTLHRl8zxmKgQ0= | 7989.97 | 6.01959 | 3336 | -0.877335 | -0.479879 | 0 | none | 1 | 36.7763 | 3.0603 | 0 | 1 | 0 | 0 | 0 | 0 | 0 | 1 | camera | target | -0.877335 | 0 | -0.479879 | -0.877335
SCRIPT       : DATA_LOG | 2308489 | VEZjSxlcpgu1JLRUfHGLLLMsm0wqbyJ6fy2rl33V8jg= | 7988.21 | 6.02318 | 3334.04 | 0.288579 | 0.957456 | 0 | none | 1 | 39.0684 | 3.05665 | 0 | 1 | 0 | 0 | 0 | 0 | 0 | 1 | camera | target | 0.288579 | 0 | 0.957456 | 0.288579 
SCRIPT       : DATA_LOG | 2309467 | aRapBi1cCZPZAGLIDny3dk3hQ8vTmNTLHRl8zxmKgQ0= | 7989.97 | 6.01959 | 3336 | -0.877335 | -0.479879 | 0 | none | 1 | 36.7483 | 3.06537 | 0 | 1 | 0 | 0 | 0 | 0 | 0 | 1 | camera | target | -0.877335 | 0 | -0.479879 | -0.87733
SCRIPT       : DATA_LOG | 2309494 | VEZjSxlcpgu1JLRUfHGLLLMsm0wqbyJ6fy2rl33V8jg= | 7988.21 | 6.02318 | 3334.04 | 0.288579 | 0.957456 | 0 | none | 1 | 39.1083 | 3.04046 | 0 | 1 | 0 | 0 | 0 | 0 | 0 | 1 | camera | target | 0.288579 | 0 | 0.957456 | 0.288579 
SCRIPT       : DATA_LOG | 2310468 | aRapBi1cCZPZAGLIDny3dk3hQ8vTmNTLHRl8zxmKgQ0= | 7989.97 | 6.01959 | 3336 | -0.877335 | -0.479879 | 0 | none | 1 | 36.7444 | 3.06136 | 0 | 1 | 0 | 0 | 0 | 0 | 0 | 1 | camera | target | -0.877335 | 0 | -0.479879 | -0.87733
SCRIPT       : DATA_LOG | 2310492 | VEZjSxlcpgu1JLRUfHGLLLMsm0wqbyJ6fy2rl33V8jg= | 7988.21 | 6.02318 | 3334.04 | 0.288579 | 0.957456 | 0 | none | 1 | 39.0962 | 3.05967 | 0 | 1 | 0 | 0 | 0 | 0 | 0 | 1 | camera | target | 0.288579 | 0 | 0.957456 | 0.288579 
SCRIPT       : DATA_LOG | 2311472 | aRapBi1cCZPZAGLIDny3dk3hQ8vTmNTLHRl8zxmKgQ0= | 7989.97 | 6.01959 | 3336 | -0.877335 | -0.479879 | 0 | none | 1 | 36.6929 | 3.06621 | 0 | 1 | 0 | 0 | 0 | 0 | 0 | 1 | camera | target | -0.877335 | 0 | -0.479879 | -0.87733
SCRIPT       : DATA_LOG | 2311501 | VEZjSxlcpgu1JLRUfHGLLLMsm0wqbyJ6fy2rl33V8jg= | 7988.21 | 6.02318 | 3334.04 | 0.288579 | 0.957456 | 0 | none | 1 | 39.0619 | 3.05474 | 0 | 1 | 0 | 0 | 0 | 0 | 0 | 1 | camera | target | 0.288579 | 0 | 0.957456 | 0.288579 
SCRIPT       : DATA_LOG | 2312470 | aRapBi1cCZPZAGLIDny3dk3hQ8vTmNTLHRl8zxmKgQ0= | 7989.97 | 6.01959 | 3336 | -0.877335 | -0.479879 | 0 | none | 1 | 36.3674 | 2.95431 | 0 | 1 | 0 | 0 | 0 | 0 | 0 | 1 | camera | target | -0.877335 | 0 | -0.479879 | -0.87733
SCRIPT       : DATA_LOG | 2312491 | VEZjSxlcpgu1JLRUfHGLLLMsm0wqbyJ6fy2rl33V8jg= | 7988.21 | 6.02318 | 3334.04 | 0.288579 | 0.957456 | 0 | none | 1 | 39.0425 | 3.05686 | 0 | 1 | 0 | 0 | 0 | 0 | 0 | 1 | camera | target | 0.288579 | 0 | 0.957456 | 0.288579 
SCRIPT       : DATA_LOG | 2313472 | aRapBi1cCZPZAGLIDny3dk3hQ8vTmNTLHRl8zxmKgQ0= | 7989.97 | 6.01959 | 3336 | -0.877335 | -0.479879 | 0 | none | 1 | 36.7316 | 3.06046 | 0 | 1 | 0 | 0 | 0 | 0 | 0 | 1 | camera | target | -0.877335 | 0 | -0.479879 | -0.87733
SCRIPT       : DATA_LOG | 2313495 | VEZjSxlcpgu1JLRUfHGLLLMsm0wqbyJ6fy2rl33V8jg= | 7988.21 | 6.02318 | 3334.04 | 0.288579 | 0.957456 | 0 | none | 1 | 39.033 | 3.0591 | 0 | 1 | 0 | 0 | 0 | 0 | 0 | 1 | camera | target | 0.288579 | 0 | 0.957456 | 0.288579 | 
SCRIPT       : DATA_LOG | 2314473 | aRapBi1cCZPZAGLIDny3dk3hQ8vTmNTLHRl8zxmKgQ0= | 7989.97 | 6.01959 | 3336 | -0.877335 | -0.479879 | 0 | none | 1 | 36.67 | 3.06889 | 0 | 1 | 0 | 0 | 0 | 0 | 0 | 1 | camera | target | -0.877335 | 0 | -0.479879 | -0.877335 
SCRIPT       : DATA_LOG | 2314501 | VEZjSxlcpgu1JLRUfHGLLLMsm0wqbyJ6fy2rl33V8jg= | 7988.21 | 6.02318 | 3334.04 | 0.288579 | 0.957456 | 0 | none | 1 | 39.054 | 3.05096 | 0 | 1 | 0 | 0 | 0 | 0 | 0 | 1 | camera | target | 0.288579 | 0 | 0.957456 | 0.288579 |
SCRIPT       : DATA_LOG | 2315472 | aRapBi1cCZPZAGLIDny3dk3hQ8vTmNTLHRl8zxmKgQ0= | 7989.97 | 6.01959 | 3336 | -0.877335 | -0.479879 | 0 | none | 1 | 36.7724 | 3.06112 | 0 | 1 | 0 | 0 | 0 | 0 | 0 | 1 | camera | target | -0.877335 | 0 | -0.479879 | -0.87733
SCRIPT       : DATA_LOG | 2315496 | VEZjSxlcpgu1JLRUfHGLLLMsm0wqbyJ6fy2rl33V8jg= | 7988.21 | 6.02318 | 3334.04 | 0.288579 | 0.957456 | 0 | none | 1 | 39.2745 | 3.04521 | 0 | 1 | 0 | 0 | 0 | 0 | 0 | 1 | camera | target | 0.288579 | 0 | 0.957456 | 0.288579 
SCRIPT       : DATA_LOG | 2317147 | aRapBi1cCZPZAGLIDny3dk3hQ8vTmNTLHRl8zxmKgQ0= | 7989.97 | 6.01959 | 3336 | -0.877335 | -0.479879 | 0 | none | 1 | 36.7782 | 3.06227 | 0 | 1 | 0 | 0 | 0 | 0 | 0 | 1 | camera | target | -0.877335 | 0 | -0.479879 | -0.87733
SCRIPT       : DATA_LOG | 2317177 | VEZjSxlcpgu1JLRUfHGLLLMsm0wqbyJ6fy2rl33V8jg= | 7988.21 | 6.02318 | 3334.04 | 0.288579 | 0.957456 | 0 | none | 1 | 39.2695 | 3.04064 | 0 | 1 | 0 | 0 | 0 | 0 | 0 | 1 | camera | target | 0.288579 | 0 | 0.957456 | 0.288579 
SCRIPT       : DATA_LOG | 2318143 | aRapBi1cCZPZAGLIDny3dk3hQ8vTmNTLHRl8zxmKgQ0= | 7989.97 | 6.01959 | 3336 | -0.877335 | -0.479879 | 0 | none | 1 | 36.7428 | 3.05769 | 0 | 1 | 0 | 0 | 0 | 0 | 0 | 1 | camera | target | -0.877335 | 0 | -0.479879 | -0.87733
SCRIPT       : DATA_LOG | 2318168 | VEZjSxlcpgu1JLRUfHGLLLMsm0wqbyJ6fy2rl33V8jg= | 7988.21 | 6.02318 | 3334.04 | 0.288579 | 0.957456 | 0 | none | 1 | 39.5559 | 3.03583 | 0 | 1 | 0 | 0 | 0 | 0 | 0 | 1 | camera | target | 0.288579 | 0 | 0.957456 | 0.288579 
SCRIPT       : DATA_LOG | 2319149 | aRapBi1cCZPZAGLIDny3dk3hQ8vTmNTLHRl8zxmKgQ0= | 7989.97 | 6.01959 | 3336 | -0.877335 | -0.479879 | 0 | none | 1 | 36.6177 | 3.07789 | 0 | 1 | 0 | 0 | 0 | 0 | 0 | 1 | camera | target | -0.877335 | 0 | -0.479879 | -0.87733
SCRIPT       : DATA_LOG | 2319173 | VEZjSxlcpgu1JLRUfHGLLLMsm0wqbyJ6fy2rl33V8jg= | 7988.21 | 6.02318 | 3334.04 | 0.288579 | 0.957456 | 0 | none | 1 | 39.642 | 3.00027 | 0 | 1 | 0 | 0 | 0 | 0 | 0 | 1 | camera | target | 0.288579 | 0 | 0.957456 | 0.288579 |
SCRIPT       : DATA_LOG | 2320150 | aRapBi1cCZPZAGLIDny3dk3hQ8vTmNTLHRl8zxmKgQ0= | 7989.97 | 6.01959 | 3336 | -0.877335 | -0.479879 | 0 | none | 1 | 36.6952 | 3.06562 | 0 | 1 | 0 | 0 | 0 | 0 | 0 | 1 | camera | target | -0.877335 | 0 | -0.479879 | -0.87733
SCRIPT       : DATA_LOG | 2320188 | VEZjSxlcpgu1JLRUfHGLLLMsm0wqbyJ6fy2rl33V8jg= | 7988.21 | 6.02318 | 3334.04 | 0.288579 | 0.957456 | 0 | none | 1 | 39.6798 | 3.00745 | 0 | 1 | 0 | 0 | 0 | 0 | 0 | 1 | camera | target | 0.288579 | 0 | 0.957456 | 0.288579 
SCRIPT       : DATA_LOG | 2321168 | aRapBi1cCZPZAGLIDny3dk3hQ8vTmNTLHRl8zxmKgQ0= | 7989.97 | 6.01959 | 3336 | -0.877335 | -0.479879 | 0 | none | 1 | 36.7021 | 3.0658 | 0 | 1 | 0 | 0 | 0 | 0 | 0 | 1 | camera | target | -0.877335 | 0 | -0.479879 | -0.877335
SCRIPT       : DATA_LOG | 2321201 | VEZjSxlcpgu1JLRUfHGLLLMsm0wqbyJ6fy2rl33V8jg= | 7988.21 | 6.02318 | 3334.04 | 0.288579 | 0.957456 | 0 | none | 1 | 39.6007 | 3.00357 | 0 | 1 | 0 | 0 | 0 | 0 | 0 | 1 | camera | target | 0.288579 | 0 | 0.957456 | 0.288579 
SCRIPT       : DATA_LOG | 2322150 | aRapBi1cCZPZAGLIDny3dk3hQ8vTmNTLHRl8zxmKgQ0= | 7989.97 | 6.01959 | 3336 | -0.877335 | -0.479879 | 0 | none | 1 | 36.7379 | 3.0647 | 0 | 1 | 0 | 0 | 0 | 0 | 0 | 1 | camera | target | -0.877335 | 0 | -0.479879 | -0.877335
SCRIPT       : DATA_LOG | 2322173 | VEZjSxlcpgu1JLRUfHGLLLMsm0wqbyJ6fy2rl33V8jg= | 7988.21 | 6.02318 | 3334.04 | 0.288579 | 0.957456 | 0 | none | 1 | 39.5726 | 3.00533 | 0 | 1 | 0 | 0 | 0 | 0 | 0 | 1 | camera | target | 0.288579 | 0 | 0.957456 | 0.288579 
SCRIPT       : DATA_LOG | 2323152 | aRapBi1cCZPZAGLIDny3dk3hQ8vTmNTLHRl8zxmKgQ0= | 7989.97 | 6.01959 | 3336 | -0.877335 | -0.479879 | 0 | none | 1 | 36.7831 | 3.06106 | 0 | 1 | 0 | 0 | 0 | 0 | 0 | 1 | camera | target | -0.877335 | 0 | -0.479879 | -0.87733
SCRIPT       : DATA_LOG | 2323180 | VEZjSxlcpgu1JLRUfHGLLLMsm0wqbyJ6fy2rl33V8jg= | 7988.21 | 6.02318 | 3334.04 | 0.288579 | 0.957456 | 0 | none | 1 | 39.5873 | 3.00834 | 0 | 1 | 0 | 0 | 0 | 0 | 0 | 1 | camera | target | 0.288579 | 0 | 0.957456 | 0.288579 
SCRIPT       : DATA_LOG | 2324161 | aRapBi1cCZPZAGLIDny3dk3hQ8vTmNTLHRl8zxmKgQ0= | 7989.97 | 6.01959 | 3336 | -0.877335 | -0.479879 | 0 | none | 1 | 36.952 | 3.00249 | 0 | 1 | 0 | 0 | 0 | 0 | 0 | 1 | camera | target | -0.877335 | 0 | -0.479879 | -0.877335
SCRIPT       : DATA_LOG | 2324196 | VEZjSxlcpgu1JLRUfHGLLLMsm0wqbyJ6fy2rl33V8jg= | 7988.21 | 6.02318 | 3334.04 | 0.288579 | 0.957456 | 0 | none | 1 | 39.6525 | 3.00072 | 0 | 1 | 0 | 0 | 0 | 0 | 0 | 1 | camera | target | 0.288579 | 0 | 0.957456 | 0.288579 
SCRIPT       : DATA_LOG | 2325154 | aRapBi1cCZPZAGLIDny3dk3hQ8vTmNTLHRl8zxmKgQ0= | 7989.97 | 6.01959 | 3336 | -0.877335 | -0.479879 | 0 | none | 1 | 35.6924 | 2.86414 | 0 | 1 | 0 | 0 | 0 | 0 | 0 | 1 | camera | none | -0.877335 | 0 | -0.479879 | -0.877335 
SCRIPT       : DATA_LOG | 2325181 | VEZjSxlcpgu1JLRUfHGLLLMsm0wqbyJ6fy2rl33V8jg= | 7988.21 | 6.02318 | 3334.04 | 0.288579 | 0.957456 | 0 | none | 1 | 39.7074 | 3.0156 | 0 | 1 | 0 | 0 | 0 | 0 | 0 | 1 | camera | target | 0.288579 | 0 | 0.957456 | 0.288579 |
SCRIPT       : DATA_LOG | 2326153 | aRapBi1cCZPZAGLIDny3dk3hQ8vTmNTLHRl8zxmKgQ0= | 7989.97 | 6.01959 | 3336 | -0.877335 | -0.479879 | 0 | none | 1 | 34.7093 | 3.01155 | 0 | 1 | 0 | 0 | 0 | 0 | 0 | 1 | camera | target | -0.877335 | 0 | -0.479879 | -0.87733
SCRIPT       : DATA_LOG | 2326175 | VEZjSxlcpgu1JLRUfHGLLLMsm0wqbyJ6fy2rl33V8jg= | 7988.21 | 6.02318 | 3334.04 | -0.685924 | 0.727673 | 0 | none | 1 | 85.5105 | 3.02274 | 0 | 1 | 0 | 0 | 0 | 0 | 0 | 1 | camera | target | -0.685924 | -0 | 0.727673 | -0.685
SCRIPT       : DATA_LOG | 2327160 | aRapBi1cCZPZAGLIDny3dk3hQ8vTmNTLHRl8zxmKgQ0= | 7990.61 | 6.02168 | 3336.3 | -0.909074 | -0.416634 | 0 | none | 1 | 22.0246 | 4.43545 | 0 | 1 | 0 | 0 | 0 | 0 | 0 | 1 | camera | target | -0.909074 | 0 | -0.416634 | -0.909
SCRIPT       : DATA_LOG | 2327189 | VEZjSxlcpgu1JLRUfHGLLLMsm0wqbyJ6fy2rl33V8jg= | 7987.17 | 6.0244 | 3333.97 | -0.510191 | 0.860061 | 0 | none | 1 | 86.1494 | 4.42317 | 0 | 1 | 0 | 0 | 0 | 0 | 0 | 1 | camera | target | -0.510191 | 0 | 0.860061 | -0.51019
SCRIPT       : DATA_LOG | 2328156 | aRapBi1cCZPZAGLIDny3dk3hQ8vTmNTLHRl8zxmKgQ0= | 7990.61 | 6.02168 | 3336.3 | -0.909074 | -0.416634 | 0 | none | 1 | 31.4827 | 3.5832 | 0 | 1 | 0 | 0 | 0 | 0 | 0 | 1 | camera | target | -0.909074 | 0 | -0.416634 | -0.9090
SCRIPT       : DATA_LOG | 2328177 | VEZjSxlcpgu1JLRUfHGLLLMsm0wqbyJ6fy2rl33V8jg= | 7988.17 | 6.02342 | 3333.98 | 0.340021 | 0.940418 | 0 | none | 1 | 35.1595 | 3.61023 | 0 | 1 | 0 | 0 | 0 | 0 | 0 | 1 | camera | target | 0.340021 | 0 | 0.940418 | 0.340021 
SCRIPT       : DATA_LOG | 2329159 | aRapBi1cCZPZAGLIDny3dk3hQ8vTmNTLHRl8zxmKgQ0= | 7990.61 | 6.02168 | 3336.3 | -0.909074 | -0.416634 | 0 | none | 1 | 29.1868 | 3.90032 | 0 | 1 | 0 | 0 | 0 | 0 | 0 | 1 | camera | none | -0.909074 | 0 | -0.416634 | -0.90907
SCRIPT       : DATA_LOG | 2329181 | VEZjSxlcpgu1JLRUfHGLLLMsm0wqbyJ6fy2rl33V8jg= | 7987.91 | 6.02445 | 3333.73 | -0.0170113 | 0.999855 | 0 | none | 1 | 49.6638 | 3.90132 | 0 | 1 | 0 | 0 | 0 | 0 | 0 | 1 | camera | none | -0.0170113 | -0 | 0.999855 | -0.017
   SCRIPT       : [inv] ReplaceItemWithNewLambdaBase Step B) remove OK, loc={ type=HANDS item=AmmoBox_45ACP_25rnd:21697 parent=SurvivorM_Niki:19839:INSTANCETYPE_SERVER }
SCRIPT       : DATA_LOG | 2330159 | aRapBi1cCZPZAGLIDny3dk3hQ8vTmNTLHRl8zxmKgQ0= | 7990.61 | 6.02168 | 3336.3 | -0.909074 | -0.416634 | 0 | none | 1 | 29.0194 | 3.24739 | 0 | 1 | 0 | 0 | 0 | 0 | 0 | 1 | camera | none | -0.909074 | 0 | -0.416634 | -0.90907
SCRIPT       : DATA_LOG | 2330185 | VEZjSxlcpgu1JLRUfHGLLLMsm0wqbyJ6fy2rl33V8jg= | 7988.08 | 6.02172 | 3334.66 | 0.170779 | 0.985309 | 0 | none | 0 | 52.0898 | 3.37004 | 0 | 1 | 0 | 0 | 0 | 0 | 0 | 1 | camera | DownJacket_Blue | 0.170779 | 0 | 0.985309 | 
SCRIPT       : DATA_LOG | 2331160 | aRapBi1cCZPZAGLIDny3dk3hQ8vTmNTLHRl8zxmKgQ0= | 7990.61 | 6.02168 | 3336.3 | -0.909074 | -0.416634 | 0 | none | 1 | 29.0294 | 3.25358 | 0 | 1 | 0 | 0 | 0 | 0 | 0 | 1 | camera | none | -0.909074 | 0 | -0.416634 | -0.90907
SCRIPT       : DATA_LOG | 2331183 | VEZjSxlcpgu1JLRUfHGLLLMsm0wqbyJ6fy2rl33V8jg= | 7988.08 | 6.02172 | 3334.66 | 0.170779 | 0.985309 | 0 | none | 0 | 52.1244 | 3.35977 | 0 | 1 | 0 | 0 | 0 | 0 | 0 | 1 | camera | DownJacket_Blue | 0.170779 | 0 | 0.985309 | 
SCRIPT       : DATA_LOG | 2332159 | aRapBi1cCZPZAGLIDny3dk3hQ8vTmNTLHRl8zxmKgQ0= | 7990.61 | 6.02168 | 3336.3 | -0.909074 | -0.416634 | 0 | none | 1 | 28.9544 | 3.24653 | 0 | 1 | 0 | 0 | 0 | 0 | 0 | 1 | camera | none | -0.909074 | 0 | -0.416634 | -0.90907
SCRIPT       : DATA_LOG | 2332179 | VEZjSxlcpgu1JLRUfHGLLLMsm0wqbyJ6fy2rl33V8jg= | 7988.08 | 6.02172 | 3334.66 | 0.170779 | 0.985309 | 0 | none | 0 | 52.221 | 3.35408 | 0 | 1 | 0 | 0 | 0 | 0 | 0 | 1 | camera | DownJacket_Blue | 0.170779 | 0 | 0.985309 | 0
SCRIPT       : DATA_LOG | 2333162 | aRapBi1cCZPZAGLIDny3dk3hQ8vTmNTLHRl8zxmKgQ0= | 7990.61 | 6.02168 | 3336.3 | -0.909074 | -0.416634 | 0 | none | 1 | 28.9864 | 3.25988 | 0 | 1 | 0 | 0 | 0 | 0 | 0 | 1 | camera | none | -0.909074 | 0 | -0.416634 | -0.90907
SCRIPT       : DATA_LOG | 2333185 | VEZjSxlcpgu1JLRUfHGLLLMsm0wqbyJ6fy2rl33V8jg= | 7988.08 | 6.02172 | 3334.66 | 0.170779 | 0.985309 | 0 | none | 0 | 51.9445 | 3.32075 | 0 | 1 | 0 | 0 | 0 | 0 | 0 | 1 | camera | DownJacket_Blue | 0.170779 | 0 | 0.985309 | 
SCRIPT       : DATA_LOG | 2334161 | aRapBi1cCZPZAGLIDny3dk3hQ8vTmNTLHRl8zxmKgQ0= | 7990.61 | 6.02168 | 3336.3 | -0.909074 | -0.416634 | 0 | none | 1 | 28.9866 | 3.26097 | 0 | 1 | 0 | 0 | 0 | 0 | 0 | 1 | camera | none | -0.909074 | 0 | -0.416634 | -0.90907
SCRIPT       : DATA_LOG | 2334185 | VEZjSxlcpgu1JLRUfHGLLLMsm0wqbyJ6fy2rl33V8jg= | 7988.08 | 6.02172 | 3334.66 | 0.170779 | 0.985309 | 0 | none | 0 | 52.1839 | 3.36327 | 0 | 1 | 0 | 0 | 0 | 0 | 0 | 1 | camera | DownJacket_Blue | 0.170779 | 0 | 0.985309 | 
SCRIPT       : DATA_LOG | 2335167 | aRapBi1cCZPZAGLIDny3dk3hQ8vTmNTLHRl8zxmKgQ0= | 7990.61 | 6.02168 | 3336.3 | -0.909074 | -0.416634 | 0 | none | 1 | 28.9437 | 3.25071 | 0 | 1 | 0 | 0 | 0 | 0 | 0 | 1 | camera | none | -0.909074 | 0 | -0.416634 | -0.90907
SCRIPT       : DATA_LOG | 2335188 | VEZjSxlcpgu1JLRUfHGLLLMsm0wqbyJ6fy2rl33V8jg= | 7988.08 | 6.02172 | 3334.66 | 0.170779 | 0.985309 | 0 | none | 0 | 52.5569 | 3.36061 | 0 | 1 | 0 | 0 | 0 | 0 | 0 | 1 | camera | DownJacket_Blue | 0.170779 | 0 | 0.985309 | 
SCRIPT       : DATA_LOG | 2336165 | aRapBi1cCZPZAGLIDny3dk3hQ8vTmNTLHRl8zxmKgQ0= | 7989.45 | 6.01277 | 3338.61 | -0.592388 | -0.805653 | 0 | none | 1 | 27.1547 | 4.28527 | 0 | 1 | 0 | 0 | 0 | 0 | 0 | 1 | camera | none | -0.592388 | 0 | -0.805653 | -0.5923
SCRIPT       : DATA_LOG | 2336191 | VEZjSxlcpgu1JLRUfHGLLLMsm0wqbyJ6fy2rl33V8jg= | 7988.08 | 6.02172 | 3334.66 | 0.170779 | 0.985309 | 0 | none | 0 | 22.8703 | 4.40025 | 0 | 1 | 0 | 0 | 0 | 0 | 0 | 1 | camera | DownJacket_Blue | 0.170779 | 0 | 0.985309 | 
SCRIPT       : DATA_LOG | 2337173 | aRapBi1cCZPZAGLIDny3dk3hQ8vTmNTLHRl8zxmKgQ0= | 7990.11 | 6.01733 | 3338.19 | -0.528264 | -0.84908 | 0 | none | 1 | 21.8751 | 4.17567 | 0 | 1 | 0 | 0 | 0 | 0 | 0 | 1 | camera | none | -0.528264 | 0 | -0.84908 | -0.528264
SCRIPT       : DATA_LOG | 2337204 | VEZjSxlcpgu1JLRUfHGLLLMsm0wqbyJ6fy2rl33V8jg= | 7988.08 | 6.02172 | 3334.66 | 0.170779 | 0.985309 | 0 | none | 0 | 28.7545 | 4.3405 | 0 | 1 | 0 | 0 | 0 | 0 | 0 | 1 | camera | DownJacket_Blue | 0.170779 | 0 | 0.985309 | 0
SCRIPT       : DATA_LOG | 2338172 | aRapBi1cCZPZAGLIDny3dk3hQ8vTmNTLHRl8zxmKgQ0= | 7990.15 | 6.02109 | 3337.64 | -0.407814 | -0.913065 | 0 | none | 1 | 26.6007 | 3.77575 | 0 | 1 | 0 | 0 | 0 | 0 | 0 | 1 | camera | none | -0.407814 | 0 | -0.913065 | -0.4078
SCRIPT       : DATA_LOG | 2338199 | VEZjSxlcpgu1JLRUfHGLLLMsm0wqbyJ6fy2rl33V8jg= | 7988.08 | 6.02172 | 3334.66 | 0.170779 | 0.985309 | 0 | none | 0 | 33.9479 | 3.93891 | 0 | 1 | 0 | 0 | 0 | 0 | 0 | 1 | camera | DownJacket_Blue | 0.170779 | 0 | 0.985309 | 
SCRIPT       : DATA_LOG | 2339172 | aRapBi1cCZPZAGLIDny3dk3hQ8vTmNTLHRl8zxmKgQ0= | 7990.09 | 6.02109 | 3336.97 | -0.433528 | -0.90114 | 0 | none | 1 | 32.0537 | 3.32438 | 0 | 1 | 0 | 0 | 0 | 0 | 0 | 1 | camera | target | -0.433528 | 0 | -0.90114 | -0.4335
SCRIPT       : DATA_LOG | 2339199 | VEZjSxlcpgu1JLRUfHGLLLMsm0wqbyJ6fy2rl33V8jg= | 7988.08 | 6.02172 | 3334.66 | 0.170779 | 0.985309 | 0 | none | 0 | 42.0437 | 3.27162 | 0 | 1 | 0 | 0 | 0 | 0 | 0 | 1 | camera | DownJacket_Blue | 0.170779 | 0 | 0.985309 | 
SCRIPT       : DATA_LOG | 2340167 | aRapBi1cCZPZAGLIDny3dk3hQ8vTmNTLHRl8zxmKgQ0= | 7990.01 | 6.02046 | 3336.57 | -0.433528 | -0.90114 | 0 | none | 1 | 36.881 | 3.03651 | 0 | 1 | 0 | 0 | 0 | 0 | 0 | 1 | camera | target | -0.433528 | 0 | -0.90114 | -0.43352
SCRIPT       : DATA_LOG | 2340188 | VEZjSxlcpgu1JLRUfHGLLLMsm0wqbyJ6fy2rl33V8jg= | 7988.08 | 6.02172 | 3334.66 | 0.170779 | 0.985309 | 0 | none | 0 | 45.5368 | 3.10433 | 0 | 1 | 0 | 0 | 0 | 0 | 0 | 1 | camera | DownJacket_Blue | 0.170779 | 0 | 0.985309 | 
SCRIPT       : DATA_LOG | 2341168 | aRapBi1cCZPZAGLIDny3dk3hQ8vTmNTLHRl8zxmKgQ0= | 7990.01 | 6.02046 | 3336.57 | -0.433528 | -0.90114 | 0 | none | 1 | 36.8128 | 3.04366 | 0 | 1 | 0 | 0 | 0 | 0 | 0 | 1 | camera | target | -0.433528 | 0 | -0.90114 | -0.4335
SCRIPT       : DATA_LOG | 2341189 | VEZjSxlcpgu1JLRUfHGLLLMsm0wqbyJ6fy2rl33V8jg= | 7988.08 | 6.02172 | 3334.66 | 0.170779 | 0.985309 | 0 | none | 0 | 45.5292 | 3.10194 | 0 | 1 | 0 | 0 | 0 | 0 | 0 | 1 | camera | DownJacket_Blue | 0.170779 | 0 | 0.985309 | 
SCRIPT       : DATA_LOG | 2342170 | aRapBi1cCZPZAGLIDny3dk3hQ8vTmNTLHRl8zxmKgQ0= | 7990.01 | 6.02046 | 3336.57 | -0.433528 | -0.90114 | 0 | none | 1 | 36.9083 | 3.0294 | 0 | 1 | 0 | 0 | 0 | 0 | 0 | 1 | camera | target | -0.433528 | 0 | -0.90114 | -0.43352
SCRIPT       : DATA_LOG | 2342191 | VEZjSxlcpgu1JLRUfHGLLLMsm0wqbyJ6fy2rl33V8jg= | 7988.08 | 6.02172 | 3334.66 | 0.170779 | 0.985309 | 0 | none | 0 | 45.7838 | 3.07745 | 0 | 1 | 0 | 0 | 0 | 0 | 0 | 1 | camera | DownJacket_Blue | 0.170779 | 0 | 0.985309 | 
SCRIPT       : DATA_LOG | 2343172 | aRapBi1cCZPZAGLIDny3dk3hQ8vTmNTLHRl8zxmKgQ0= | 7990.01 | 6.02046 | 3336.57 | -0.433528 | -0.90114 | 0 | none | 1 | 36.8573 | 3.0375 | 0 | 1 | 0 | 0 | 0 | 0 | 0 | 1 | camera | target | -0.433528 | 0 | -0.90114 | -0.43352
SCRIPT       : DATA_LOG | 2343195 | VEZjSxlcpgu1JLRUfHGLLLMsm0wqbyJ6fy2rl33V8jg= | 7988.08 | 6.02172 | 3334.66 | 0.170779 | 0.985309 | 0 | none | 0 | 45.8838 | 3.0682 | 0 | 1 | 0 | 0 | 0 | 0 | 0 | 1 | camera | DownJacket_Blue | 0.170779 | 0 | 0.985309 | 0
SCRIPT       : DATA_LOG | 2344175 | aRapBi1cCZPZAGLIDny3dk3hQ8vTmNTLHRl8zxmKgQ0= | 7990.01 | 6.02046 | 3336.57 | -0.433528 | -0.90114 | 0 | none | 1 | 36.9139 | 3.02862 | 0 | 1 | 0 | 0 | 0 | 0 | 0 | 1 | camera | target | -0.433528 | 0 | -0.90114 | -0.4335
SCRIPT       : DATA_LOG | 2344199 | VEZjSxlcpgu1JLRUfHGLLLMsm0wqbyJ6fy2rl33V8jg= | 7988.08 | 6.02172 | 3334.66 | 0.170779 | 0.985309 | 0 | none | 1 | 45.4346 | 3.10622 | 0 | 1 | 0 | 0 | 0 | 0 | 0 | 1 | camera | target | 0.170779 | 0 | 0.985309 | 0.170779 
SCRIPT       : DATA_LOG | 2345187 | aRapBi1cCZPZAGLIDny3dk3hQ8vTmNTLHRl8zxmKgQ0= | 7990.01 | 6.02046 | 3336.57 | -0.433528 | -0.90114 | 0 | none | 1 | 36.8387 | 3.03008 | 0 | 1 | 0 | 0 | 0 | 0 | 0 | 1 | camera | target | -0.433528 | 0 | -0.90114 | -0.4335
SCRIPT       : DATA_LOG | 2345210 | VEZjSxlcpgu1JLRUfHGLLLMsm0wqbyJ6fy2rl33V8jg= | 7988.08 | 6.02172 | 3334.66 | 0.170779 | 0.985309 | 0 | none | 1 | 45.6053 | 3.06452 | 0 | 1 | 0 | 0 | 0 | 0 | 0 | 1 | camera | target | 0.170779 | 0 | 0.985309 | 0.170779 
SCRIPT       : DATA_LOG | 2346193 | aRapBi1cCZPZAGLIDny3dk3hQ8vTmNTLHRl8zxmKgQ0= | 7990.01 | 6.02046 | 3336.57 | -0.433528 | -0.90114 | 0 | none | 1 | 36.8341 | 3.03069 | 0 | 1 | 0 | 0 | 0 | 0 | 0 | 1 | camera | target | -0.433528 | 0 | -0.90114 | -0.4335
SCRIPT       : DATA_LOG | 2346217 | VEZjSxlcpgu1JLRUfHGLLLMsm0wqbyJ6fy2rl33V8jg= | 7988.08 | 6.02172 | 3334.66 | 0.170779 | 0.985309 | 0 | none | 1 | 45.2882 | 3.10542 | 0 | 1 | 0 | 0 | 0 | 0 | 0 | 1 | camera | target | 0.170779 | 0 | 0.985309 | 0.170779 
SCRIPT       : DATA_LOG | 2347190 | aRapBi1cCZPZAGLIDny3dk3hQ8vTmNTLHRl8zxmKgQ0= | 7990.01 | 6.02046 | 3336.57 | -0.433528 | -0.90114 | 0 | none | 1 | 36.9043 | 3.0328 | 0 | 1 | 0 | 0 | 0 | 0 | 0 | 1 | camera | target | -0.433528 | 0 | -0.90114 | -0.43352
SCRIPT       : DATA_LOG | 2347211 | VEZjSxlcpgu1JLRUfHGLLLMsm0wqbyJ6fy2rl33V8jg= | 7988.08 | 6.02172 | 3334.66 | 0.170779 | 0.985309 | 0 | none | 1 | 45.2863 | 3.10393 | 0 | 1 | 0 | 0 | 0 | 0 | 0 | 1 | camera | target | 0.170779 | 0 | 0.985309 | 0.170779 
SCRIPT       : DATA_LOG | 2348192 | aRapBi1cCZPZAGLIDny3dk3hQ8vTmNTLHRl8zxmKgQ0= | 7990.01 | 6.02046 | 3336.57 | -0.433528 | -0.90114 | 0 | none | 1 | 36.7965 | 3.04547 | 0 | 1 | 0 | 0 | 0 | 0 | 0 | 1 | camera | target | -0.433528 | 0 | -0.90114 | -0.4335
SCRIPT       : DATA_LOG | 2348216 | VEZjSxlcpgu1JLRUfHGLLLMsm0wqbyJ6fy2rl33V8jg= | 7988.08 | 6.02172 | 3334.66 | 0.170779 | 0.985309 | 0 | none | 1 | 45.3157 | 3.09683 | 0 | 1 | 0 | 0 | 0 | 0 | 0 | 1 | camera | target | 0.170779 | 0 | 0.985309 | 0.170779 
SCRIPT       : DATA_LOG | 2349196 | aRapBi1cCZPZAGLIDny3dk3hQ8vTmNTLHRl8zxmKgQ0= | 7990.01 | 6.02046 | 3336.57 | -0.433528 | -0.90114 | 0 | none | 1 | 36.9105 | 3.02949 | 0 | 1 | 0 | 0 | 0 | 0 | 0 | 1 | camera | target | -0.433528 | 0 | -0.90114 | -0.4335
SCRIPT       : DATA_LOG | 2349221 | VEZjSxlcpgu1JLRUfHGLLLMsm0wqbyJ6fy2rl33V8jg= | 7988.08 | 6.02172 | 3334.66 | 0.170779 | 0.985309 | 0 | none | 1 | 45.3121 | 3.09812 | 0 | 1 | 0 | 0 | 0 | 0 | 0 | 1 | camera | target | 0.170779 | 0 | 0.985309 | 0.170779 
SCRIPT       : DATA_LOG | 2350197 | aRapBi1cCZPZAGLIDny3dk3hQ8vTmNTLHRl8zxmKgQ0= | 7990.01 | 6.02046 | 3336.57 | -0.433528 | -0.90114 | 0 | none | 1 | 36.8527 | 3.03786 | 0 | 1 | 0 | 0 | 0 | 0 | 0 | 1 | camera | target | -0.433528 | 0 | -0.90114 | -0.4335
SCRIPT       : DATA_LOG | 2350231 | VEZjSxlcpgu1JLRUfHGLLLMsm0wqbyJ6fy2rl33V8jg= | 7988.08 | 6.02172 | 3334.66 | 0.170779 | 0.985309 | 0 | none | 1 | 45.5538 | 3.08034 | 0 | 1 | 0 | 0 | 0 | 0 | 0 | 1 | camera | target | 0.170779 | 0 | 0.985309 | 0.170779 
SCRIPT       : DATA_LOG | 2351201 | aRapBi1cCZPZAGLIDny3dk3hQ8vTmNTLHRl8zxmKgQ0= | 7990.01 | 6.02046 | 3336.57 | -0.433528 | -0.90114 | 0 | none | 1 | 36.903 | 3.02956 | 0 | 1 | 0 | 0 | 0 | 0 | 0 | 1 | camera | target | -0.433528 | 0 | -0.90114 | -0.43352
SCRIPT       : DATA_LOG | 2351227 | VEZjSxlcpgu1JLRUfHGLLLMsm0wqbyJ6fy2rl33V8jg= | 7988.08 | 6.02172 | 3334.66 | 0.170779 | 0.985309 | 0 | none | 1 | 45.7603 | 3.07778 | 0 | 1 | 0 | 0 | 0 | 0 | 0 | 1 | camera | target | 0.170779 | 0 | 0.985309 | 0.170779 
SCRIPT       : DATA_LOG | 2352194 | aRapBi1cCZPZAGLIDny3dk3hQ8vTmNTLHRl8zxmKgQ0= | 7990.01 | 6.02046 | 3336.57 | -0.433528 | -0.90114 | 0 | none | 1 | 36.8502 | 3.02971 | 0 | 1 | 0 | 0 | 0 | 0 | 0 | 1 | camera | target | -0.433528 | 0 | -0.90114 | -0.4335
SCRIPT       : DATA_LOG | 2352221 | VEZjSxlcpgu1JLRUfHGLLLMsm0wqbyJ6fy2rl33V8jg= | 7988.08 | 6.02172 | 3334.66 | 0.170779 | 0.985309 | 0 | none | 1 | 45.8581 | 3.04312 | 0 | 1 | 0 | 0 | 0 | 0 | 0 | 1 | camera | target | 0.170779 | 0 | 0.985309 | 0.170779 
SCRIPT       : DATA_LOG | 2353200 | aRapBi1cCZPZAGLIDny3dk3hQ8vTmNTLHRl8zxmKgQ0= | 7990.01 | 6.02046 | 3336.57 | -0.433528 | -0.90114 | 0 | none | 1 | 36.8069 | 3.03482 | 0 | 1 | 0 | 0 | 0 | 0 | 0 | 1 | camera | target | -0.433528 | 0 | -0.90114 | -0.4335
SCRIPT       : DATA_LOG | 2353220 | VEZjSxlcpgu1JLRUfHGLLLMsm0wqbyJ6fy2rl33V8jg= | 7988.08 | 6.02172 | 3334.66 | 0.170779 | 0.985309 | 0 | none | 1 | 45.9082 | 3.05473 | 0 | 1 | 0 | 0 | 0 | 0 | 0 | 1 | camera | target | 0.170779 | 0 | 0.985309 | 0.170779 
SCRIPT       : DATA_LOG | 2354202 | aRapBi1cCZPZAGLIDny3dk3hQ8vTmNTLHRl8zxmKgQ0= | 7990.01 | 6.02046 | 3336.57 | -0.433528 | -0.90114 | 0 | none | 1 | 36.9247 | 3.02897 | 0 | 1 | 0 | 0 | 0 | 0 | 0 | 1 | camera | target | -0.433528 | 0 | -0.90114 | -0.4335
SCRIPT       : DATA_LOG | 2354227 | VEZjSxlcpgu1JLRUfHGLLLMsm0wqbyJ6fy2rl33V8jg= | 7988.08 | 6.02172 | 3334.66 | 0.170779 | 0.985309 | 0 | none | 1 | 45.8867 | 3.05689 | 0 | 1 | 0 | 0 | 0 | 0 | 0 | 1 | camera | target | 0.170779 | 0 | 0.985309 | 0.170779 
SCRIPT       : DATA_LOG | 2355199 | aRapBi1cCZPZAGLIDny3dk3hQ8vTmNTLHRl8zxmKgQ0= | 7990.01 | 6.02046 | 3336.57 | -0.433528 | -0.90114 | 0 | SCARH_Black | 1 | 36.7877 | 3.04676 | 0 | 1 | 0 | 0 | 0 | 0 | 0 | 1 | camera | target | -0.433528 | 0 | -0.90114 | 
SCRIPT       : DATA_LOG | 2355226 | VEZjSxlcpgu1JLRUfHGLLLMsm0wqbyJ6fy2rl33V8jg= | 7988.08 | 6.02172 | 3334.66 | 0.170779 | 0.985309 | 0 | none | 1 | 46.518 | 3.0614 | 0 | 1 | 0 | 0 | 0 | 0 | 0 | 1 | camera | target | 0.170779 | 0 | 0.985309 | 0.170779 | 
SCRIPT       : DATA_LOG | 2356199 | aRapBi1cCZPZAGLIDny3dk3hQ8vTmNTLHRl8zxmKgQ0= | 7990.01 | 6.02046 | 3336.57 | -0.433528 | -0.90114 | 0 | SCARH_Black | 1 | 36.9016 | 3.03131 | 0 | 1 | 0 | 0 | 0 | 0 | 0 | 1 | camera | target | -0.433528 | 0 | -0.90114 | 
SCRIPT       : DATA_LOG | 2356221 | VEZjSxlcpgu1JLRUfHGLLLMsm0wqbyJ6fy2rl33V8jg= | 7988.08 | 6.02172 | 3334.66 | 0.170779 | 0.985309 | 0 | none | 1 | 45.844 | 3.08559 | 0 | 1 | 0 | 0 | 0 | 0 | 0 | 1 | camera | target | 0.170779 | 0 | 0.985309 | 0.170779 |
SCRIPT       : DATA_LOG | 2357200 | aRapBi1cCZPZAGLIDny3dk3hQ8vTmNTLHRl8zxmKgQ0= | 7990.01 | 6.02046 | 3336.57 | -0.433528 | -0.90114 | 0 | SCARH_Black | 1 | 36.8577 | 3.03697 | 0 | 1 | 0 | 0 | 0 | 0 | 0 | 1 | camera | target | -0.433528 | 0 | -0.90114 | 
SCRIPT       : DATA_LOG | 2357222 | VEZjSxlcpgu1JLRUfHGLLLMsm0wqbyJ6fy2rl33V8jg= | 7988.08 | 6.02172 | 3334.66 | 0.170779 | 0.985309 | 0 | none | 1 | 46.1261 | 3.09444 | 0 | 1 | 0 | 0 | 0 | 0 | 0 | 1 | camera | target | 0.170779 | 0 | 0.985309 | 0.170779 
SCRIPT       : DATA_LOG | 2358208 | aRapBi1cCZPZAGLIDny3dk3hQ8vTmNTLHRl8zxmKgQ0= | 7990.01 | 6.02046 | 3336.57 | -0.433528 | -0.90114 | 0 | SCARH_Black | 1 | 36.8923 | 3.03022 | 0 | 1 | 0 | 0 | 0 | 0 | 0 | 1 | camera | target | -0.433528 | 0 | -0.90114 | 
SCRIPT       : DATA_LOG | 2358236 | VEZjSxlcpgu1JLRUfHGLLLMsm0wqbyJ6fy2rl33V8jg= | 7988.08 | 6.02172 | 3334.66 | 0.170779 | 0.985309 | 0 | none | 1 | 46.2375 | 3.09975 | 0 | 1 | 0 | 0 | 0 | 0 | 0 | 1 | camera | target | 0.170779 | 0 | 0.985309 | 0.170779 
SCRIPT       : DATA_LOG | 2359207 | aRapBi1cCZPZAGLIDny3dk3hQ8vTmNTLHRl8zxmKgQ0= | 7990.01 | 6.02046 | 3336.57 | -0.433528 | -0.90114 | 0 | SCARH_Black | 1 | 36.8692 | 3.02881 | 0 | 1 | 0 | 0 | 0 | 0 | 0 | 1 | camera | target | -0.433528 | 0 | -0.90114 | 
SCRIPT       : DATA_LOG | 2359233 | VEZjSxlcpgu1JLRUfHGLLLMsm0wqbyJ6fy2rl33V8jg= | 7988.08 | 6.02172 | 3334.66 | 0.170779 | 0.985309 | 0 | none | 1 | 46.0717 | 3.05831 | 0 | 1 | 0 | 0 | 0 | 0 | 0 | 1 | camera | target | 0.170779 | 0 | 0.985309 | 0.170779 
SCRIPT       : DATA_LOG | 2360204 | aRapBi1cCZPZAGLIDny3dk3hQ8vTmNTLHRl8zxmKgQ0= | 7990.01 | 6.02046 | 3336.57 | -0.433528 | -0.90114 | 0 | SCARH_Black | 1 | 36.7935 | 3.03675 | 0 | 1 | 0 | 0 | 0 | 0 | 0 | 1 | camera | target | -0.433528 | 0 | -0.90114 | 
SCRIPT       : DATA_LOG | 2360225 | VEZjSxlcpgu1JLRUfHGLLLMsm0wqbyJ6fy2rl33V8jg= | 7988.08 | 6.02172 | 3334.66 | 0.170779 | 0.985309 | 0 | none | 1 | 45.9983 | 3.06117 | 0 | 1 | 0 | 0 | 0 | 0 | 0 | 1 | camera | target | 0.170779 | 0 | 0.985309 | 0.170779 
SCRIPT       : DATA_LOG | 2361207 | aRapBi1cCZPZAGLIDny3dk3hQ8vTmNTLHRl8zxmKgQ0= | 7990.01 | 6.02046 | 3336.57 | -0.433528 | -0.90114 | 0 | SCARH_Black | 1 | 36.9278 | 3.02664 | 0 | 1 | 0 | 0 | 0 | 0 | 0 | 1 | camera | target | -0.433528 | 0 | -0.90114 | 
SCRIPT       : DATA_LOG | 2361230 | VEZjSxlcpgu1JLRUfHGLLLMsm0wqbyJ6fy2rl33V8jg= | 7988.08 | 6.02172 | 3334.66 | 0.170779 | 0.985309 | 0 | none | 1 | 46.0621 | 3.05719 | 0 | 1 | 0 | 0 | 0 | 0 | 0 | 1 | camera | target | 0.170779 | 0 | 0.985309 | 0.170779 
SCRIPT       : DATA_LOG | 2362207 | aRapBi1cCZPZAGLIDny3dk3hQ8vTmNTLHRl8zxmKgQ0= | 7990.01 | 6.02046 | 3336.57 | -0.433528 | -0.90114 | 0 | SCARH_Black | 1 | 36.7905 | 3.0466 | 0 | 1 | 0 | 0 | 0 | 0 | 0 | 1 | camera | target | -0.433528 | 0 | -0.90114 | -
SCRIPT       : DATA_LOG | 2362229 | VEZjSxlcpgu1JLRUfHGLLLMsm0wqbyJ6fy2rl33V8jg= | 7988.08 | 6.02172 | 3334.66 | 0.170779 | 0.985309 | 0 | none | 1 | 46.0606 | 3.05839 | 0 | 1 | 0 | 0 | 0 | 0 | 0 | 1 | camera | target | 0.170779 | 0 | 0.985309 | 0.170779 
SCRIPT       : DATA_LOG | 2363209 | aRapBi1cCZPZAGLIDny3dk3hQ8vTmNTLHRl8zxmKgQ0= | 7990.01 | 6.02046 | 3336.57 | -0.433528 | -0.90114 | 0 | Engraved1911 | 1 | 36.8838 | 3.0339 | 0 | 1 | 0 | 0 | 0 | 0 | 0 | 1 | camera | target | -0.433528 | 0 | -0.90114 | 
SCRIPT       : DATA_LOG | 2363228 | VEZjSxlcpgu1JLRUfHGLLLMsm0wqbyJ6fy2rl33V8jg= | 7988.08 | 6.02172 | 3334.66 | 0.170779 | 0.985309 | 0 | none | 1 | 45.8978 | 3.0875 | 0 | 1 | 0 | 0 | 0 | 0 | 0 | 1 | camera | target | 0.170779 | 0 | 0.985309 | 0.170779 |
SCRIPT       : DATA_LOG | 2364208 | aRapBi1cCZPZAGLIDny3dk3hQ8vTmNTLHRl8zxmKgQ0= | 7990.01 | 6.02046 | 3336.57 | -0.433528 | -0.90114 | 0 | Engraved1911 | 1 | 36.8649 | 3.03508 | 0 | 1 | 0 | 0 | 0 | 0 | 0 | 1 | camera | target | -0.433528 | 0 | -0.90114 |
SCRIPT       : DATA_LOG | 2364227 | VEZjSxlcpgu1JLRUfHGLLLMsm0wqbyJ6fy2rl33V8jg= | 7988.08 | 6.02172 | 3334.66 | 0.170779 | 0.985309 | 0 | none | 1 | 45.6233 | 3.08932 | 0 | 1 | 0 | 0 | 0 | 0 | 0 | 1 | camera | target | 0.170779 | 0 | 0.985309 | 0.170779 
SCRIPT       : DATA_LOG | 2365209 | aRapBi1cCZPZAGLIDny3dk3hQ8vTmNTLHRl8zxmKgQ0= | 7990.01 | 6.02046 | 3336.57 | -0.433528 | -0.90114 | 0 | Engraved1911 | 1 | 36.8818 | 3.03171 | 0 | 1 | 0 | 0 | 0 | 0 | 0 | 1 | camera | target | -0.433528 | 0 | -0.90114 |
SCRIPT       : DATA_LOG | 2365228 | VEZjSxlcpgu1JLRUfHGLLLMsm0wqbyJ6fy2rl33V8jg= | 7988.08 | 6.02172 | 3334.66 | 0.170779 | 0.985309 | 0 | none | 1 | 46.0303 | 3.1106 | 0 | 1 | 0 | 0 | 0 | 0 | 0 | 1 | camera | target | 0.170779 | 0 | 0.985309 | 0.170779 |
SCRIPT       : DATA_LOG | 2366216 | aRapBi1cCZPZAGLIDny3dk3hQ8vTmNTLHRl8zxmKgQ0= | 7990.01 | 6.02046 | 3336.57 | -0.433528 | -0.90114 | 0 | Engraved1911 | 1 | 36.8842 | 3.02803 | 0 | 1 | 0 | 0 | 0 | 0 | 0 | 1 | camera | target | -0.433528 | 0 | -0.90114 |
SCRIPT       : DATA_LOG | 2366242 | VEZjSxlcpgu1JLRUfHGLLLMsm0wqbyJ6fy2rl33V8jg= | 7988.08 | 6.02172 | 3334.66 | 0.170779 | 0.985309 | 0 | none | 1 | 45.409 | 3.12891 | 0 | 1 | 0 | 0 | 0 | 0 | 0 | 1 | camera | target | 0.170779 | 0 | 0.985309 | 0.170779 |
SCRIPT       : DATA_LOG | 2367214 | aRapBi1cCZPZAGLIDny3dk3hQ8vTmNTLHRl8zxmKgQ0= | 7990.01 | 6.02046 | 3336.57 | -0.433528 | -0.90114 | 0 | Engraved1911 | 1 | 35.5893 | 3.16095 | 0 | 1 | 0 | 0 | 0 | 0 | 0 | 1 | camera | target | -0.433528 | 0 | -0.90114 |
SCRIPT       : DATA_LOG | 2367237 | VEZjSxlcpgu1JLRUfHGLLLMsm0wqbyJ6fy2rl33V8jg= | 7988.08 | 6.02172 | 3334.66 | 0.982664 | -0.185394 | 0 | none | 1 | 60.9021 | 3.1013 | 0 | 1 | 0 | 0 | 0 | 0 | 0 | 1 | camera | target | 0.982664 | 0 | -0.185394 | 0.982664
SCRIPT       : DATA_LOG | 2368224 | aRapBi1cCZPZAGLIDny3dk3hQ8vTmNTLHRl8zxmKgQ0= | 7990.01 | 6.02046 | 3336.57 | -0.433528 | -0.90114 | 0 | Engraved1911 | 1 | 34.6168 | 4.03542 | 0 | 1 | 0 | 0 | 0 | 0 | 0 | 1 | camera | target | -0.433528 | 0 | -0.90114 |
SCRIPT       : DATA_LOG | 2368251 | VEZjSxlcpgu1JLRUfHGLLLMsm0wqbyJ6fy2rl33V8jg= | 7987.04 | 6.02357 | 3334.28 | 0.923249 | 0.384202 | 0 | none | 1 | 27.5915 | 4.0227 | 0 | 1 | 0 | 0 | 0 | 0 | 0 | 1 | camera | target | 0.923249 | 0 | 0.384202 | 0.923249 |
SCRIPT       : DATA_LOG | 2369213 | aRapBi1cCZPZAGLIDny3dk3hQ8vTmNTLHRl8zxmKgQ0= | 7990.01 | 6.02046 | 3336.57 | -0.433528 | -0.90114 | 0 | Engraved1911 | 1 | 34.7038 | 4.05869 | 0 | 1 | 0 | 0 | 0 | 0 | 0 | 1 | camera | target | -0.433528 | 0 | -0.90114 |
SCRIPT       : DATA_LOG | 2369237 | VEZjSxlcpgu1JLRUfHGLLLMsm0wqbyJ6fy2rl33V8jg= | 7987.04 | 6.02357 | 3334.28 | 0.923249 | 0.384202 | 0 | none | 1 | 27.5845 | 4.00573 | 0 | 1 | 0 | 0 | 0 | 0 | 0 | 1 | camera | target | 0.923249 | 0 | 0.384202 | 0.923249 
SCRIPT       : DATA_LOG | 2370213 | aRapBi1cCZPZAGLIDny3dk3hQ8vTmNTLHRl8zxmKgQ0= | 7990.01 | 6.02046 | 3336.57 | -0.433528 | -0.90114 | 0 | Engraved1911 | 1 | 34.6692 | 4.05155 | 0 | 1 | 0 | 0 | 0 | 0 | 0 | 1 | camera | target | -0.433528 | 0 | -0.90114 |
SCRIPT       : DATA_LOG | 2370235 | VEZjSxlcpgu1JLRUfHGLLLMsm0wqbyJ6fy2rl33V8jg= | 7987.04 | 6.02357 | 3334.28 | 0.923249 | 0.384202 | 0 | none | 1 | 27.59 | 4.01398 | 0 | 1 | 0 | 0 | 0 | 0 | 0 | 1 | camera | target | 0.923249 | 0 | 0.384202 | 0.923249 | 
SCRIPT       : DATA_LOG | 2371219 | aRapBi1cCZPZAGLIDny3dk3hQ8vTmNTLHRl8zxmKgQ0= | 7990.01 | 6.02046 | 3336.57 | -0.433528 | -0.90114 | 0 | none | 1 | 34.6439 | 4.048 | 0 | 1 | 0 | 0 | 0 | 0 | 0 | 1 | camera | target | -0.433528 | 0 | -0.90114 | -0.433528
SCRIPT       : DATA_LOG | 2371246 | VEZjSxlcpgu1JLRUfHGLLLMsm0wqbyJ6fy2rl33V8jg= | 7987.04 | 6.02357 | 3334.28 | 0.923249 | 0.384202 | 0 | none | 1 | 27.5132 | 3.92455 | 0 | 1 | 0 | 0 | 0 | 0 | 0 | 1 | camera | none | 0.923249 | 0 | 0.384202 | 0.923249 | 
SCRIPT       : DATA_LOG | 2372222 | aRapBi1cCZPZAGLIDny3dk3hQ8vTmNTLHRl8zxmKgQ0= | 7990.01 | 6.02046 | 3336.57 | -0.433528 | -0.90114 | 0 | none | 1 | 34.1948 | 3.82431 | 0 | 1 | 0 | 0 | 0 | 0 | 0 | 1 | camera | none | -0.433528 | 0 | -0.90114 | -0.433528
SCRIPT       : DATA_LOG | 2372248 | VEZjSxlcpgu1JLRUfHGLLLMsm0wqbyJ6fy2rl33V8jg= | 7987.04 | 6.02357 | 3334.28 | 0.923249 | 0.384202 | 0 | none | 1 | 27.525 | 3.92522 | 0 | 1 | 0 | 0 | 0 | 0 | 0 | 1 | camera | none | 0.923249 | 0 | 0.384202 | 0.923249 | 0
SCRIPT       : DATA_LOG | 2373221 | aRapBi1cCZPZAGLIDny3dk3hQ8vTmNTLHRl8zxmKgQ0= | 7990.01 | 6.02046 | 3336.57 | -0.433528 | -0.90114 | 0 | none | 1 | 39.3269 | 3.19479 | 0 | 1 | 0 | 0 | 0 | 0 | 0 | 1 | camera | target | -0.433528 | 0 | -0.90114 | -0.4335
SCRIPT       : DATA_LOG | 2373241 | VEZjSxlcpgu1JLRUfHGLLLMsm0wqbyJ6fy2rl33V8jg= | 7987.77 | 6.02153 | 3334.88 | 0.833156 | 0.553039 | 0 | none | 1 | 30.6282 | 3.13764 | 0 | 1 | 0 | 0 | 0 | 0 | 0 | 1 | camera | target | 0.833156 | 0 | 0.553039 | 0.833156 
SCRIPT       : DATA_LOG | 2374221 | aRapBi1cCZPZAGLIDny3dk3hQ8vTmNTLHRl8zxmKgQ0= | 7990.01 | 6.02046 | 3336.57 | -0.433528 | -0.90114 | 0 | none | 1 | 39.6726 | 3.20464 | 0 | 1 | 0 | 0 | 0 | 0 | 0 | 1 | camera | target | -0.433528 | 0 | -0.90114 | -0.4335
SCRIPT       : DATA_LOG | 2374245 | VEZjSxlcpgu1JLRUfHGLLLMsm0wqbyJ6fy2rl33V8jg= | 7987.77 | 6.02153 | 3334.88 | 0.833156 | 0.553039 | 0 | none | 1 | 30.6408 | 3.12894 | 0 | 1 | 0 | 0 | 0 | 0 | 0 | 1 | camera | target | 0.833156 | 0 | 0.553039 | 0.833156 
SCRIPT       : DATA_LOG | 2375220 | aRapBi1cCZPZAGLIDny3dk3hQ8vTmNTLHRl8zxmKgQ0= | 7990.01 | 6.02046 | 3336.57 | -0.433528 | -0.90114 | 0 | none | 1 | 39.9934 | 3.21996 | 0 | 1 | 0 | 0 | 0 | 0 | 0 | 1 | camera | target | -0.433528 | 0 | -0.90114 | -0.4335
SCRIPT       : DATA_LOG | 2375245 | VEZjSxlcpgu1JLRUfHGLLLMsm0wqbyJ6fy2rl33V8jg= | 7987.77 | 6.02153 | 3334.88 | 0.833156 | 0.553039 | 0 | none | 1 | 30.5695 | 3.14817 | 0 | 1 | 0 | 0 | 0 | 0 | 0 | 1 | camera | target | 0.833156 | 0 | 0.553039 | 0.833156 
SCRIPT       : DATA_LOG | 2376222 | aRapBi1cCZPZAGLIDny3dk3hQ8vTmNTLHRl8zxmKgQ0= | 7990.01 | 6.02046 | 3336.57 | -0.433528 | -0.90114 | 0 | none | 1 | 40.1241 | 3.26257 | 0 | 1 | 0 | 0 | 0 | 0 | 0 | 1 | camera | target | -0.433528 | 0 | -0.90114 | -0.4335
SCRIPT       : DATA_LOG | 2376244 | VEZjSxlcpgu1JLRUfHGLLLMsm0wqbyJ6fy2rl33V8jg= | 7987.77 | 6.02153 | 3334.88 | 0.833156 | 0.553039 | 0 | none | 1 | 30.6119 | 3.13446 | 0 | 1 | 0 | 0 | 0 | 0 | 0 | 1 | camera | target | 0.833156 | 0 | 0.553039 | 0.833156 
SCRIPT       : DATA_LOG | 2377229 | aRapBi1cCZPZAGLIDny3dk3hQ8vTmNTLHRl8zxmKgQ0= | 7990.01 | 6.02046 | 3336.57 | -0.77026 | -0.63773 | 0 | none | 1 | 29.8547 | 3.26767 | 0 | 1 | 0 | 0 | 0 | 0 | 0 | 1 | camera | target | -0.77026 | 0 | -0.63773 | -0.77026 
SCRIPT       : DATA_LOG | 2377253 | VEZjSxlcpgu1JLRUfHGLLLMsm0wqbyJ6fy2rl33V8jg= | 7987.77 | 6.02153 | 3334.88 | 0.833156 | 0.553039 | 0 | none | 1 | 30.4407 | 3.16911 | 0 | 1 | 0 | 0 | 0 | 0 | 0 | 1 | camera | target | 0.833156 | 0 | 0.553039 | 0.833156 
SCRIPT       : DATA_LOG | 2378225 | aRapBi1cCZPZAGLIDny3dk3hQ8vTmNTLHRl8zxmKgQ0= | 7990.29 | 6.02192 | 3337.17 | -0.907 | 0.421131 | 0 | none | 1 | 68.7529 | 3.784 | 0 | 1 | 0 | 0 | 0 | 0 | 0 | 1 | camera | target | -0.907 | 0 | 0.421131 | -0.907 | 0 | 0.
SCRIPT       : DATA_LOG | 2378251 | VEZjSxlcpgu1JLRUfHGLLLMsm0wqbyJ6fy2rl33V8jg= | 7987.77 | 6.02153 | 3334.88 | 0.833156 | 0.553039 | 0 | none | 1 | 26.9422 | 3.76398 | 0 | 1 | 0 | 0 | 0 | 0 | 0 | 1 | camera | target | 0.833156 | 0 | 0.553039 | 0.833156 
SCRIPT       : DATA_LOG | 2379225 | aRapBi1cCZPZAGLIDny3dk3hQ8vTmNTLHRl8zxmKgQ0= | 7989.53 | 5.9967 | 3341.05 | -0.883956 | 0.467571 | 0 | none | 1 | 101.163 | 6.6145 | 0 | 1 | 0 | 0 | 0 | 0 | 0 | 1 | camera | target | -0.883956 | 0 | 0.467571 | -0.883956
SCRIPT       : DATA_LOG | 2379252 | VEZjSxlcpgu1JLRUfHGLLLMsm0wqbyJ6fy2rl33V8jg= | 7987.77 | 6.02153 | 3334.88 | 0.833156 | 0.553039 | 0 | none | 1 | 43.835 | 6.67324 | 0 | 1 | 0 | 0 | 0 | 0 | 0 | 1 | camera | target | 0.833156 | 0 | 0.553039 | 0.833156 |
SCRIPT       : DATA_LOG | 2380226 | aRapBi1cCZPZAGLIDny3dk3hQ8vTmNTLHRl8zxmKgQ0= | 7989.31 | 5.98533 | 3342.66 | -0.613215 | -0.789916 | 0 | none | 1 | 28.7154 | 8.08644 | 0 | 1 | 0 | 0 | 0 | 0 | 0 | 1 | camera | target | -0.613215 | 0 | -0.789916 | -0.61
SCRIPT       : DATA_LOG | 2380252 | VEZjSxlcpgu1JLRUfHGLLLMsm0wqbyJ6fy2rl33V8jg= | 7987.77 | 6.02153 | 3334.88 | 0.833156 | 0.553039 | 0 | none | 1 | 46.5856 | 7.92766 | 0 | 1 | 0 | 0 | 0 | 0 | 0 | 1 | camera | none | 0.833156 | 0 | 0.553039 | 0.833156 | 
SCRIPT       : DATA_LOG | 2381231 | aRapBi1cCZPZAGLIDny3dk3hQ8vTmNTLHRl8zxmKgQ0= | 7989.11 | 6.0059 | 3339.51 | -0.344612 | -0.938745 | 0 | none | 1 | 19.1776 | 5.07186 | 0 | 1 | 0 | 0 | 0 | 0 | 0 | 1 | camera | target | -0.344612 | 0 | -0.938745 | -0.344
SCRIPT       : DATA_LOG | 2381252 | VEZjSxlcpgu1JLRUfHGLLLMsm0wqbyJ6fy2rl33V8jg= | 7987.77 | 6.02153 | 3334.88 | 0.833156 | 0.553039 | 0 | none | 1 | 44.4803 | 4.8981 | 0 | 1 | 0 | 0 | 0 | 0 | 0 | 1 | camera | none | 0.833156 | 0 | 0.553039 | 0.833156 | 0
SCRIPT       : DATA_LOG | 2382234 | aRapBi1cCZPZAGLIDny3dk3hQ8vTmNTLHRl8zxmKgQ0= | 7987.45 | 6.01607 | 3337.1 | -0.269405 | -0.963027 | 0 | none | 1 | 43.0156 | 2.75355 | 0 | 1 | 0 | 0 | 0 | 0 | 0 | 1 | camera | target | -0.269405 | 0 | -0.963027 | -0.269
SCRIPT       : DATA_LOG | 2382259 | VEZjSxlcpgu1JLRUfHGLLLMsm0wqbyJ6fy2rl33V8jg= | 7987.77 | 6.02153 | 3334.88 | 0.833156 | 0.553039 | 0 | none | 1 | 69.9472 | 2.68382 | 0 | 1 | 0 | 0 | 0 | 0 | 0 | 1 | camera | target | 0.833156 | 0 | 0.553039 | 0.833156 
SCRIPT       : DATA_LOG | 2383233 | aRapBi1cCZPZAGLIDny3dk3hQ8vTmNTLHRl8zxmKgQ0= | 7987.68 | 6.01586 | 3337.03 | -0.269405 | -0.963027 | 0 | none | 1 | 41.2481 | 2.67823 | 0 | 1 | 0 | 0 | 0 | 0 | 0 | 1 | camera | target | -0.269405 | 0 | -0.963027 | -0.26
SCRIPT       : DATA_LOG | 2383256 | VEZjSxlcpgu1JLRUfHGLLLMsm0wqbyJ6fy2rl33V8jg= | 7987.77 | 6.02153 | 3334.88 | 0.833156 | 0.553039 | 0 | none | 1 | 66.6137 | 2.63197 | 0 | 1 | 0 | 0 | 0 | 0 | 0 | 1 | camera | target | 0.833156 | 0 | 0.553039 | 0.833156 
SCRIPT       : DATA_LOG | 2384233 | aRapBi1cCZPZAGLIDny3dk3hQ8vTmNTLHRl8zxmKgQ0= | 7987.68 | 6.01586 | 3337.03 | -0.269405 | -0.963027 | 0 | none | 1 | 41.1739 | 2.68073 | 0 | 1 | 0 | 0 | 0 | 0 | 0 | 1 | camera | target | -0.269405 | 0 | -0.963027 | -0.26
SCRIPT       : DATA_LOG | 2384255 | VEZjSxlcpgu1JLRUfHGLLLMsm0wqbyJ6fy2rl33V8jg= | 7987.77 | 6.02153 | 3334.88 | 0.833156 | 0.553039 | 0 | none | 1 | 66.6494 | 2.62113 | 0 | 1 | 0 | 0 | 0 | 0 | 0 | 1 | camera | target | 0.833156 | 0 | 0.553039 | 0.833156 
SCRIPT       : DATA_LOG | 2385237 | aRapBi1cCZPZAGLIDny3dk3hQ8vTmNTLHRl8zxmKgQ0= | 7987.68 | 6.01586 | 3337.03 | -0.269405 | -0.963027 | 0 | none | 1 | 41.293 | 2.67741 | 0 | 1 | 0 | 0 | 0 | 0 | 0 | 1 | camera | target | -0.269405 | 0 | -0.963027 | -0.269
SCRIPT       : DATA_LOG | 2385258 | VEZjSxlcpgu1JLRUfHGLLLMsm0wqbyJ6fy2rl33V8jg= | 7987.77 | 6.02153 | 3334.88 | 0.833156 | 0.553039 | 0 | none | 1 | 66.8053 | 2.60243 | 0 | 1 | 0 | 0 | 0 | 0 | 0 | 1 | camera | target | 0.833156 | 0 | 0.553039 | 0.833156 
SCRIPT       : DATA_LOG | 2386238 | aRapBi1cCZPZAGLIDny3dk3hQ8vTmNTLHRl8zxmKgQ0= | 7987.68 | 6.01586 | 3337.03 | -0.269405 | -0.963027 | 0 | SCARH_Black | 1 | 41.2369 | 2.6784 | 0 | 1 | 0 | 0 | 0 | 0 | 0 | 1 | camera | target | -0.269405 | 0 | -0.963027 |
SCRIPT       : DATA_LOG | 2386260 | VEZjSxlcpgu1JLRUfHGLLLMsm0wqbyJ6fy2rl33V8jg= | 7987.77 | 6.02153 | 3334.88 | 0.833156 | 0.553039 | 0 | none | 1 | 65.8635 | 2.63047 | 0 | 1 | 0 | 0 | 0 | 0 | 0 | 1 | camera | target | 0.833156 | 0 | 0.553039 | 0.833156 
SCRIPT       : DATA_LOG | 2387233 | aRapBi1cCZPZAGLIDny3dk3hQ8vTmNTLHRl8zxmKgQ0= | 7987.85 | 6.01014 | 3338.37 | 0.821087 | -0.570803 | 1 | SCARH_Black | 1 | 58.8989 | 3.82993 | 0 | 1 | 0 | 0 | 0 | 0 | 1 | 1 | camera | target | 0.821087 | 0 | -0.570803 | 
SCRIPT       : DATA_LOG | 2387259 | VEZjSxlcpgu1JLRUfHGLLLMsm0wqbyJ6fy2rl33V8jg= | 7987.77 | 6.02153 | 3334.88 | 0.833156 | 0.553039 | 0 | none | 1 | 56.9128 | 3.75166 | 0 | 1 | 0 | 0 | 0 | 0 | 0 | 1 | camera | target | 0.833156 | 0 | 0.553039 | 0.833156 
SCRIPT       : DATA_LOG | 2388237 | aRapBi1cCZPZAGLIDny3dk3hQ8vTmNTLHRl8zxmKgQ0= | 7987.83 | 6.01032 | 3338.33 | 0.824012 | -0.566573 | 1 | SCARH_Black | 1 | 58.9101 | 3.79949 | 0 | 1 | 0 | 0 | 0 | 0 | 1 | 1 | camera | target | 0.824012 | 0 | -0.566573 | 
SCRIPT       : DATA_LOG | 2388262 | VEZjSxlcpgu1JLRUfHGLLLMsm0wqbyJ6fy2rl33V8jg= | 7987.77 | 6.02153 | 3334.88 | 0.833156 | 0.553039 | 0 | none | 1 | 59.1551 | 3.63076 | 0 | 1 | 0 | 0 | 0 | 0 | 0 | 1 | camera | target | 0.833156 | 0 | 0.553039 | 0.833156 
SCRIPT       : DATA_LOG | 2389238 | aRapBi1cCZPZAGLIDny3dk3hQ8vTmNTLHRl8zxmKgQ0= | 7987.82 | 6.01086 | 3338.25 | 0.937562 | -0.347817 | 0 | SCARH_Black | 1 | 71.3591 | 3.72106 | 0 | 1 | 0 | 0 | 0 | 0 | 0 | 1 | camera | target | 0.937562 | 0 | -0.347817 | 
SCRIPT       : DATA_LOG | 2389263 | VEZjSxlcpgu1JLRUfHGLLLMsm0wqbyJ6fy2rl33V8jg= | 7987.77 | 6.02153 | 3334.88 | 0.833156 | 0.553039 | 0 | none | 1 | 57.7461 | 3.68697 | 0 | 1 | 0 | 0 | 0 | 0 | 0 | 1 | camera | target | 0.833156 | 0 | 0.553039 | 0.833156 
SCRIPT       : DATA_LOG | 2390243 | aRapBi1cCZPZAGLIDny3dk3hQ8vTmNTLHRl8zxmKgQ0= | 7989.54 | 6.01838 | 3335.97 | 0.687156 | 0.72651 | 0 | SCARH_Black | 1 | 109.096 | 1.67491 | 0 | 1 | 0 | 0 | 0 | 0 | 0 | 1 | camera | target | 0.687156 | 0 | 0.72651 | 0.68
SCRIPT       : DATA_LOG | 2390268 | VEZjSxlcpgu1JLRUfHGLLLMsm0wqbyJ6fy2rl33V8jg= | 7989.02 | 6.0184 | 3335.46 | 0.0333102 | 0.999445 | 0 | none | 1 | 68.1565 | 1.8065 | 0 | 1 | 0 | 0 | 0 | 0 | 0 | 1 | camera | target | 0.0333102 | 0 | 0.999445 | 0.0333102
SCRIPT       : DATA_LOG | 2391237 | aRapBi1cCZPZAGLIDny3dk3hQ8vTmNTLHRl8zxmKgQ0= | 7991.44 | 6.02198 | 3334.89 | -0.531324 | 0.847169 | 0 | SCARH_Black | 1 | 103.881 | 1.9984 | 0 | 1 | 0 | 0 | 0 | 0 | 0 | 1 | camera | target | -0.531324 | 0 | 0.847169 | -
SCRIPT       : DATA_LOG | 2391259 | VEZjSxlcpgu1JLRUfHGLLLMsm0wqbyJ6fy2rl33V8jg= | 7990.8 | 6.02034 | 3333.83 | -0.553391 | 0.832922 | 0 | none | 1 | 74.5359 | 2.0169 | 0 | 1 | 0 | 0 | 0 | 0 | 0 | 1 | camera | target | -0.553391 | -0 | 0.832922 | -0.55339
SCRIPT       : DATA_LOG | 2392243 | aRapBi1cCZPZAGLIDny3dk3hQ8vTmNTLHRl8zxmKgQ0= | 7991.42 | 6.02259 | 3335.38 | -0.66176 | -0.749715 | 0 | SCARH_Black | 1 | 69.1322 | 1.76042 | 0 | 1 | 0 | 0 | 0 | 0 | 0 | 1 | camera | target | -0.66176 | 0 | -0.749715 | 
SCRIPT       : DATA_LOG | 2392265 | VEZjSxlcpgu1JLRUfHGLLLMsm0wqbyJ6fy2rl33V8jg= | 7990.75 | 6.02044 | 3335.1 | -0.693458 | 0.720497 | 0 | none | 1 | 99.6707 | 1.61001 | 0 | 1 | 0 | 0 | 0 | 0 | 0 | 1 | camera | target | -0.693458 | -0 | 0.720497 | -0.6934
SCRIPT       : DATA_LOG | 2393238 | aRapBi1cCZPZAGLIDny3dk3hQ8vTmNTLHRl8zxmKgQ0= | 7990.74 | 6.01829 | 3338.3 | -0.757305 | -0.653061 | 0 | SCARH_Black | 1 | 53.8909 | 3.52447 | 0 | 1 | 0 | 0 | 0 | 0 | 0 | 1 | camera | target | -0.757305 | 0 | -0.653061 |
SCRIPT       : DATA_LOG | 2393260 | VEZjSxlcpgu1JLRUfHGLLLMsm0wqbyJ6fy2rl33V8jg= | 7990.75 | 6.02044 | 3335.1 | -0.693458 | 0.720497 | 0 | none | 1 | 46.5873 | 3.43422 | 0 | 1 | 0 | 0 | 0 | 0 | 0 | 1 | camera | none | -0.693458 | -0 | 0.720497 | -0.693458
SCRIPT       : DATA_LOG | 2394314 | aRapBi1cCZPZAGLIDny3dk3hQ8vTmNTLHRl8zxmKgQ0= | 7989.35 | 6.01334 | 3338.49 | 0.291748 | -0.956495 | 0 | SCARH_Black | 1 | 24.6754 | 3.92753 | 0 | 1 | 0 | 0 | 0 | 0 | 0 | 1 | camera | target | 0.291748 | 0 | -0.956495 | 
SCRIPT       : DATA_LOG | 2394336 | VEZjSxlcpgu1JLRUfHGLLLMsm0wqbyJ6fy2rl33V8jg= | 7990.75 | 6.02044 | 3335.1 | -0.693458 | 0.720497 | 0 | none | 1 | 31.4905 | 3.93032 | 0 | 1 | 0 | 0 | 0 | 0 | 0 | 1 | camera | target | -0.693458 | -0 | 0.720497 | -0.6934
SCRIPT       : DATA_LOG | 2395318 | aRapBi1cCZPZAGLIDny3dk3hQ8vTmNTLHRl8zxmKgQ0= | 7989.97 | 6.0211 | 3337.2 | 0.151995 | -0.988381 | 0 | SCARH_Black | 1 | 37.9114 | 2.68867 | 0 | 1 | 0 | 0 | 0 | 0 | 0 | 1 | camera | target | 0.151995 | 0 | -0.988381 | 0.
SCRIPT       : DATA_LOG | 2395349 | VEZjSxlcpgu1JLRUfHGLLLMsm0wqbyJ6fy2rl33V8jg= | 7990.75 | 6.02044 | 3335.1 | -0.693458 | 0.720497 | 0 | none | 1 | 41.7388 | 2.6589 | 0 | 1 | 0 | 0 | 0 | 0 | 0 | 1 | camera | target | -0.693458 | -0 | 0.720497 | -0.69345
SCRIPT       : DATA_LOG | 2396312 | aRapBi1cCZPZAGLIDny3dk3hQ8vTmNTLHRl8zxmKgQ0= | 7990.75 | 6.02237 | 3336.53 | -0.778579 | -0.627546 | 0 | SCARH_Black | 1 | 65.0257 | 2.10122 | 0 | 1 | 0 | 0 | 0 | 0 | 0 | 1 | camera | target | -0.778579 | 0 | -0.627546 
SCRIPT       : DATA_LOG | 2396337 | VEZjSxlcpgu1JLRUfHGLLLMsm0wqbyJ6fy2rl33V8jg= | 7990.75 | 6.02044 | 3335.1 | -0.693458 | 0.720497 | 0 | none | 1 | 58.9885 | 2.08077 | 0 | 1 | 0 | 0 | 0 | 0 | 0 | 1 | camera | target | -0.693458 | -0 | 0.720497 | -0.6934
SCRIPT       : DATA_LOG | 2397319 | aRapBi1cCZPZAGLIDny3dk3hQ8vTmNTLHRl8zxmKgQ0= | 7990.72 | 6.02234 | 3336.57 | -0.778579 | -0.627546 | 0 | SCARH_Black | 1 | 65.2234 | 2.12698 | 0 | 1 | 0 | 0 | 0 | 0 | 0 | 1 | camera | target | -0.778579 | 0 | -0.627546 
SCRIPT       : DATA_LOG | 2397344 | VEZjSxlcpgu1JLRUfHGLLLMsm0wqbyJ6fy2rl33V8jg= | 7990.75 | 6.02044 | 3335.1 | -0.693458 | 0.720497 | 0 | none | 1 | 59.0228 | 2.16628 | 0 | 1 | 0 | 0 | 0 | 0 | 0 | 1 | camera | target | -0.693458 | -0 | 0.720497 | -0.6934
SCRIPT       : DATA_LOG | 2398316 | aRapBi1cCZPZAGLIDny3dk3hQ8vTmNTLHRl8zxmKgQ0= | 7990.32 | 6.0218 | 3337.03 | -0.79426 | -0.607578 | 0 | SCARH_Black | 1 | 70.6112 | 2.49736 | 0 | 1 | 0 | 0 | 0 | 0 | 0 | 1 | camera | target | -0.79426 | 0 | -0.607578 | -
SCRIPT       : DATA_LOG | 2398338 | VEZjSxlcpgu1JLRUfHGLLLMsm0wqbyJ6fy2rl33V8jg= | 7990.75 | 6.02044 | 3335.1 | -0.693458 | 0.720497 | 0 | none | 1 | 44.7919 | 2.44803 | 0 | 1 | 0 | 0 | 0 | 0 | 0 | 1 | camera | target | -0.693458 | -0 | 0.720497 | -0.6934
SCRIPT       : DATA_LOG | 2399315 | aRapBi1cCZPZAGLIDny3dk3hQ8vTmNTLHRl8zxmKgQ0= | 7990.19 | 6.01991 | 3337.84 | -0.180198 | -0.98363 | 0 | SCARH_Black | 1 | 36.5709 | 3.15294 | 0 | 1 | 0 | 0 | 0 | 0 | 0 | 1 | camera | target | -0.180198 | 0 | -0.98363 | 
SCRIPT       : DATA_LOG | 2399336 | VEZjSxlcpgu1JLRUfHGLLLMsm0wqbyJ6fy2rl33V8jg= | 7990.75 | 6.02044 | 3335.1 | -0.693458 | 0.720497 | 0 | none | 1 | 42.6818 | 3.16864 | 0 | 1 | 0 | 0 | 0 | 0 | 0 | 1 | camera | target | -0.693458 | -0 | 0.720497 | -0.6934
 SCRIPT       : [Logout]: New player VEZjSxlcpgu1JLRUfHGLLLMsm0wqbyJ6fy2rl33V8jg= with logout time 15
 SCRIPT       : Player "Survivor" (steamid=76561199110912890) initiated disconnect process...
SCRIPT       : DATA_LOG | 2400319 | aRapBi1cCZPZAGLIDny3dk3hQ8vTmNTLHRl8zxmKgQ0= | 7989.6 | 6.01735 | 3337.99 | -0.31708 | -0.948399 | 0 | SCARH_Black | 1 | 41.9946 | 2.85575 | 0 | 1 | 0 | 0 | 0 | 0 | 0 | 1 | camera | none | -0.31708 | 0 | -0.948399 | -0.
SCRIPT       : DATA_LOG | 2400347 | VEZjSxlcpgu1JLRUfHGLLLMsm0wqbyJ6fy2rl33V8jg= | 7990.75 | 6.02044 | 3335.1 | -0.693458 | 0.720497 | 0 | none | 1 | 34.0751 | 3.49949 | 0 | 1 | 0 | 0 | 0 | 0 | 0 | 1 | camera | target | -0.693458 | -0 | 0.720497 | -0.6934
SCRIPT       : DATA_LOG | 2401325 | aRapBi1cCZPZAGLIDny3dk3hQ8vTmNTLHRl8zxmKgQ0= | 7989.6 | 6.01735 | 3337.99 | -0.31708 | -0.948399 | 0 | SCARH_Black | 1 | 47.0981 | 2.75166 | 0 | 1 | 0 | 0 | 0 | 0 | 0 | 1 | camera | none | -0.31708 | 0 | -0.948399 | -0.
SCRIPT       : DATA_LOG | 2401354 | VEZjSxlcpgu1JLRUfHGLLLMsm0wqbyJ6fy2rl33V8jg= | 7990.81 | 6.02052 | 3335.03 | -0.693458 | 0.720497 | 0 | none | 1 | 33.4404 | 3.54295 | 0 | 1 | 0 | 0 | 0 | 0 | 0 | 1 | camera | target | -0.693458 | -0 | 0.720497 | -0.693
SCRIPT       : DATA_LOG | 2402323 | aRapBi1cCZPZAGLIDny3dk3hQ8vTmNTLHRl8zxmKgQ0= | 7989.61 | 6.01834 | 3337.84 | 0.0860286 | -0.996293 | 0 | SCARH_Black | 1 | 24.998 | 3.2545 | 0 | 1 | 0 | 0 | 0 | 0 | 0 | 1 | camera | target | 0.0860286 | 0 | -0.996293 | 
SCRIPT       : DATA_LOG | 2402344 | VEZjSxlcpgu1JLRUfHGLLLMsm0wqbyJ6fy2rl33V8jg= | 7990.87 | 6.02059 | 3334.97 | -0.693458 | 0.720497 | 0 | none | 1 | 31.9592 | 3.42405 | 0 | 1 | 0 | 0 | 0 | 0 | 0 | 1 | camera | target | -0.693458 | -0 | 0.720497 | -0.693
 SCRIPT       : Player "Survivor" (steamid=76561199110912890) disconnected early from server (EXIT NOW).
SCRIPT       : DATA_LOG | 2403342 | aRapBi1cCZPZAGLIDny3dk3hQ8vTmNTLHRl8zxmKgQ0= | 7989.65 | 6.02027 | 3337.23 | 0.0976683 | -0.995219 | 0 | SCARH_Black | 1 | 30.0564 | 2.71884 | 0 | 1 | 0 | 0 | 0 | 0 | 0 | 1 | camera | target | 0.0976683 | 0 | -0.995219 
SCRIPT       : DATA_LOG | 2404325 | aRapBi1cCZPZAGLIDny3dk3hQ8vTmNTLHRl8zxmKgQ0= | 7989.65 | 6.02027 | 3337.23 | 0.0976681 | -0.995219 | 0 | SCARH_Black | 1 | 28.156 | 2.80275 | 0 | 1 | 0 | 0 | 0 | 0 | 0 | 1 | camera | target | 0.0976681 | 0 | -0.995219 |
SCRIPT       : DATA_LOG | 2405331 | aRapBi1cCZPZAGLIDny3dk3hQ8vTmNTLHRl8zxmKgQ0= | 7989.65 | 6.02027 | 3337.23 | 0.097668 | -0.995219 | 0 | SCARH_Black | 1 | 28.2032 | 2.80469 | 0 | 1 | 0 | 0 | 0 | 0 | 0 | 1 | camera | target | 0.097668 | 0 | -0.995219 | 
SCRIPT       : DATA_LOG | 2406332 | aRapBi1cCZPZAGLIDny3dk3hQ8vTmNTLHRl8zxmKgQ0= | 7989.65 | 6.02027 | 3337.23 | 0.097668 | -0.995219 | 0 | SCARH_Black | 1 | 28.0417 | 2.80247 | 0 | 1 | 0 | 0 | 0 | 0 | 0 | 1 | camera | target | 0.097668 | 0 | -0.995219 | 
SCRIPT       : DATA_LOG | 2407335 | aRapBi1cCZPZAGLIDny3dk3hQ8vTmNTLHRl8zxmKgQ0= | 7989.65 | 6.02027 | 3337.23 | 0.097668 | -0.995219 | 0 | SCARH_Black | 1 | 28.1378 | 2.80981 | 0 | 1 | 0 | 0 | 0 | 0 | 0 | 1 | camera | target | 0.097668 | 0 | -0.995219 | 
SCRIPT       : DATA_LOG | 2408332 | aRapBi1cCZPZAGLIDny3dk3hQ8vTmNTLHRl8zxmKgQ0= | 7989.65 | 6.02027 | 3337.23 | 0.097668 | -0.995219 | 0 | SCARH_Black | 1 | 28.0726 | 2.80795 | 0 | 1 | 0 | 0 | 0 | 0 | 0 | 1 | camera | target | 0.097668 | 0 | -0.995219 | 
SCRIPT       : DATA_LOG | 2409335 | aRapBi1cCZPZAGLIDny3dk3hQ8vTmNTLHRl8zxmKgQ0= | 7989.65 | 6.02027 | 3337.23 | 0.097668 | -0.995219 | 0 | SCARH_Black | 1 | 28.0825 | 2.80711 | 0 | 1 | 0 | 0 | 0 | 0 | 0 | 1 | camera | target | 0.097668 | 0 | -0.995219 | 
SCRIPT       : DATA_LOG | 2410341 | aRapBi1cCZPZAGLIDny3dk3hQ8vTmNTLHRl8zxmKgQ0= | 7989.65 | 6.02027 | 3337.23 | 0.097668 | -0.995219 | 0 | SCARH_Black | 1 | 28.1262 | 2.80736 | 0 | 1 | 0 | 0 | 0 | 0 | 0 | 1 | camera | target | 0.097668 | 0 | -0.995219 | 
 SCRIPT       : [Logout]: New player aRapBi1cCZPZAGLIDny3dk3hQ8vTmNTLHRl8zxmKgQ0= with logout time 15
 SCRIPT       : Player "rafaelglima79" (steamid=76561199445097358) initiated disconnect process...
SCRIPT       : DATA_LOG | 2411336 | aRapBi1cCZPZAGLIDny3dk3hQ8vTmNTLHRl8zxmKgQ0= | 7989.65 | 6.0203 | 3337.26 | 0.097668 | -0.995219 | 0 | SCARH_Black | 1 | 27.8835 | 2.8299 | 0 | 1 | 0 | 0 | 0 | 0 | 0 | 1 | camera | target | 0.097668 | 0 | -0.995219 | 0.
SCRIPT       : DATA_LOG | 2412337 | aRapBi1cCZPZAGLIDny3dk3hQ8vTmNTLHRl8zxmKgQ0= | 7989.63 | 6.02048 | 3337.43 | 0.097668 | -0.995219 | 0 | SCARH_Black | 1 | 26.4427 | 2.97323 | 0 | 1 | 0 | 0 | 0 | 0 | 0 | 1 | camera | target | 0.097668 | 0 | -0.995219 | 
SCRIPT       : DATA_LOG | 2413339 | aRapBi1cCZPZAGLIDny3dk3hQ8vTmNTLHRl8zxmKgQ0= | 7989.63 | 6.02053 | 3337.47 | 0.097668 | -0.995219 | 0 | SCARH_Black | 1 | 25.9043 | 3.01572 | 0 | 1 | 0 | 0 | 0 | 0 | 0 | 1 | camera | target | 0.097668 | 0 | -0.995219 | 
 SCRIPT       : Player "rafaelglima79" (steamid=76561199445097358) disconnected early from server (EXIT NOW).
SCRIPT       : DATA_LOG | 2414336 | aRapBi1cCZPZAGLIDny3dk3hQ8vTmNTLHRl8zxmKgQ0= | 7989.63 | 6.02053 | 3337.47 | 0.097668 | -0.995219 | 0 | SCARH_Black | 1 | 25.9802 | 3.02337 | 0 | 1 | 0 | 0 | 0 | 0 | 0 | 1 | camera | target | 0.097668 | 0 | -0.995219 | 
SCRIPT       : [Logout]: Player VEZjSxlcpgu1JLRUfHGLLLMsm0wqbyJ6fy2rl33V8jg= finished
SCRIPT       : [PlayerListManager] SyncEntryToReceivers ► uid: VEZjSxlcpgu1JLRUfHGLLLMsm0wqbyJ6fy2rl33V8jg= isn't in the players list! sending a remove.
SCRIPT       : PlayerDisconnected -> PlayerListManager.RemoveEntry ► VEZjSxlcpgu1JLRUfHGLLLMsm0wqbyJ6fy2rl33V8jg=
SCRIPT       : DATA_LOG | 2415337 | aRapBi1cCZPZAGLIDny3dk3hQ8vTmNTLHRl8zxmKgQ0= | 7989.63 | 6.02053 | 3337.47 | 0.097668 | -0.995219 | 0 | SCARH_Black | -1 | 180 | 0 | 0 | 0 | 0 | 0 | 0 | 0 | 0 | 1 | camera | no_target | 0.097668 | 0 | -0.995219 | 0.0976
SCRIPT       : DATA_LOG | 2416345 | aRapBi1cCZPZAGLIDny3dk3hQ8vTmNTLHRl8zxmKgQ0= | 7989.63 | 6.02053 | 3337.47 | 0.097668 | -0.995219 | 0 | SCARH_Black | -1 | 180 | 0 | 0 | 0 | 0 | 0 | 0 | 0 | 0 | 1 | camera | no_target | 0.097668 | 0 | -0.995219 | 0.0976
SCRIPT       : DATA_LOG | 2417342 | aRapBi1cCZPZAGLIDny3dk3hQ8vTmNTLHRl8zxmKgQ0= | 7989.63 | 6.02053 | 3337.47 | 0.097668 | -0.995219 | 0 | SCARH_Black | -1 | 180 | 0 | 0 | 0 | 0 | 0 | 0 | 0 | 0 | 1 | camera | no_target | 0.097668 | 0 | -0.995219 | 0.0976
SCRIPT       : DATA_LOG | 2418343 | aRapBi1cCZPZAGLIDny3dk3hQ8vTmNTLHRl8zxmKgQ0= | 7989.63 | 6.02053 | 3337.47 | 0.097668 | -0.995219 | 0 | SCARH_Black | -1 | 180 | 0 | 0 | 0 | 0 | 0 | 0 | 0 | 0 | 1 | camera | no_target | 0.097668 | 0 | -0.995219 | 0.0976
SCRIPT       : DATA_LOG | 2419355 | aRapBi1cCZPZAGLIDny3dk3hQ8vTmNTLHRl8zxmKgQ0= | 7989.63 | 6.02053 | 3337.47 | 0.097668 | -0.995219 | 0 | SCARH_Black | -1 | 180 | 0 | 0 | 0 | 0 | 0 | 0 | 0 | 0 | 1 | camera | no_target | 0.097668 | 0 | -0.995219 | 0.0976
SCRIPT       : DATA_LOG | 2420349 | aRapBi1cCZPZAGLIDny3dk3hQ8vTmNTLHRl8zxmKgQ0= | 7989.63 | 6.02053 | 3337.47 | 0.097668 | -0.995219 | 0 | SCARH_Black | -1 | 180 | 0 | 0 | 0 | 0 | 0 | 0 | 0 | 0 | 1 | camera | no_target | 0.097668 | 0 | -0.995219 | 0.0976
SCRIPT       : DATA_LOG | 2421347 | aRapBi1cCZPZAGLIDny3dk3hQ8vTmNTLHRl8zxmKgQ0= | 7989.63 | 6.02053 | 3337.47 | 0.097668 | -0.995219 | 0 | SCARH_Black | -1 | 180 | 0 | 0 | 0 | 0 | 0 | 0 | 0 | 0 | 1 | camera | no_target | 0.097668 | 0 | -0.995219 | 0.0976
SCRIPT       : DATA_LOG | 2422342 | aRapBi1cCZPZAGLIDny3dk3hQ8vTmNTLHRl8zxmKgQ0= | 7989.63 | 6.02053 | 3337.47 | 0.097668 | -0.995219 | 0 | SCARH_Black | -1 | 180 | 0 | 0 | 0 | 0 | 0 | 0 | 0 | 0 | 1 | camera | no_target | 0.097668 | 0 | -0.995219 | 0.0976
SCRIPT       : DATA_LOG | 2423342 | aRapBi1cCZPZAGLIDny3dk3hQ8vTmNTLHRl8zxmKgQ0= | 7989.63 | 6.02053 | 3337.47 | 0.097668 | -0.995219 | 0 | SCARH_Black | -1 | 180 | 0 | 0 | 0 | 0 | 0 | 0 | 0 | 0 | 1 | camera | no_target | 0.097668 | 0 | -0.995219 | 0.0976
SCRIPT       : DATA_LOG | 2424352 | aRapBi1cCZPZAGLIDny3dk3hQ8vTmNTLHRl8zxmKgQ0= | 7989.63 | 6.02053 | 3337.47 | 0.097668 | -0.995219 | 0 | SCARH_Black | -1 | 180 | 0 | 0 | 0 | 0 | 0 | 0 | 0 | 0 | 1 | camera | no_target | 0.097668 | 0 | -0.995219 | 0.0976
SCRIPT       : [Logout]: Player aRapBi1cCZPZAGLIDny3dk3hQ8vTmNTLHRl8zxmKgQ0= finished
SCRIPT       : [PlayerListManager] SyncEntryToReceivers ► uid: aRapBi1cCZPZAGLIDny3dk3hQ8vTmNTLHRl8zxmKgQ0= isn't in the players list! sending a remove.
SCRIPT       : PlayerDisconnected -> PlayerListManager.RemoveEntry ► aRapBi1cCZPZAGLIDny3dk3hQ8vTmNTLHRl8zxmKgQ0=
 SCRIPT       : [MissionServer] OnMissionFinish - Server
 SCRIPT       : ~DayZGame()
