---------------------------------------------
Log D:\ModelAnti-Cheat\log_profiles\script_2026-08-20_19-43-06.log started at 20.08. 19:43:08

SCRIPT       : Module: GameLib; loaded 18x files; 26x classes; used 39/2097 kB (1%) of static memory; defines: "DAYZ_1_29,SERVER_FOR_WINDOWS,SERVER,PLATFORM_WINDOWS,RELEASE,NO_GUI,NO_GUI_INGAME,sakhal,JM_CommunityFramework,CF_MODULE_CONFIG,CF_EXPRESSION,C
SCRIPT       : Registered 349 temporary action enum(s), UAN==349
SCRIPT       : Module: Game; loaded 521x files; 1604x classes; used 4275/33554 kB (12%) of static memory; defines: "DAYZ_1_29,SERVER_FOR_WINDOWS,SERVER,PLATFORM_WINDOWS,RELEASE,NO_GUI,NO_GUI_INGAME,sakhal,JM_CommunityFramework,CF_MODULE_CONFIG,CF_EXPRESSI
SCRIPT       : ... Backlit Effects Enabled
SCRIPT       : VPPNotificationManager()
SCRIPT       : [VPPAT] Internal VPPNotifications module loaded!
SCRIPT       : [DayZ Game]:: DayZGame(): Initializing V++ Admin Tools.
SCRIPT       : Module: World; loaded 2247x files; 5867x classes; used 9519/33554 kB (28%) of static memory; defines: "DAYZ_1_29,SERVER_FOR_WINDOWS,SERVER,PLATFORM_WINDOWS,RELEASE,NO_GUI,NO_GUI_INGAME,sakhal,JM_CommunityFramework,CF_MODULE_CONFIG,CF_EXPRES
 SCRIPT       : Module: Mission; loaded 293x files; 593x classes; used 3996/33554 kB (11%) of static memory; defines: "DAYZ_1_29,SERVER_FOR_WINDOWS,SERVER,PLATFORM_WINDOWS,RELEASE,NO_GUI,NO_GUI_INGAME,sakhal,JM_CommunityFramework,CF_MODULE_CONFIG,CF_EXPRE
 SCRIPT    (W): @"$CurrentDir:mpmissions\dayzOffline.chernarusplus\init.c,55": Possible variable name conflict 'm_player'
 SCRIPT       : Module: $CurrentDir:mpmissions\dayzOffline.chernarusplus\init.c; loaded 1x files; 1x classes; used 10/1048 kB (0%) of static memory; defines: "DAYZ_1_29,SERVER_FOR_WINDOWS,SERVER,PLATFORM_WINDOWS,RELEASE,NO_GUI,NO_GUI_INGAME,sakhal,JM_Comm
 SCRIPT       : [SERVER :: Vanilla++ AdminTools Plugins Registering]
 SCRIPT       : [MissionServer] OnInit - Server
 SCRIPT       : [MissionServer] OnMissionStart - Server
 SCRIPT       : string dirtyName = 'TESTINGSERVER'
SCRIPT       : m_LoginTimeMs: 16200
 SCRIPT       : ---- PlayerBase OnStoreLoad SUCCESS ----
 SCRIPT       : [VPPAT] Player "rafaelglima79" (steamId=76561199445097358) connected to server!
 SCRIPT       : [PlayerListManager] AddReceiver ► added: PlayerIdentity<0x0000017305331B50>
SCRIPT       : DATA_LOG | 2402563 | aRapBi1cCZPZAGLIDny3dk3hQ8vTmNTLHRl8zxmKgQ0= | 13952 | 8.32619 | 13383.3 | -0.728374 | 0.685179 | 0 | MakarovIJ70 | 1
SCRIPT       : DATA_LOG | 2403564 | aRapBi1cCZPZAGLIDny3dk3hQ8vTmNTLHRl8zxmKgQ0= | 13952 | 8.32619 | 13383.3 | -0.728374 | 0.685179 | 0 | MakarovIJ70 | 1
SCRIPT       : DATA_LOG | 2404567 | aRapBi1cCZPZAGLIDny3dk3hQ8vTmNTLHRl8zxmKgQ0= | 13952 | 8.32619 | 13383.3 | -0.728374 | 0.685179 | 0 | MakarovIJ70 | 1
SCRIPT       : DATA_LOG | 2405567 | aRapBi1cCZPZAGLIDny3dk3hQ8vTmNTLHRl8zxmKgQ0= | 13952 | 8.32619 | 13383.3 | -0.728374 | 0.685179 | 0 | MakarovIJ70 | 1
SCRIPT       : DATA_LOG | 2406568 | aRapBi1cCZPZAGLIDny3dk3hQ8vTmNTLHRl8zxmKgQ0= | 13952 | 8.32619 | 13383.3 | -0.728374 | 0.685179 | 0 | MakarovIJ70 | 1
SCRIPT       : DATA_LOG | 2407569 | aRapBi1cCZPZAGLIDny3dk3hQ8vTmNTLHRl8zxmKgQ0= | 13952 | 8.32619 | 13383.3 | -0.728374 | 0.685179 | 0 | MakarovIJ70 | 1
SCRIPT       : DATA_LOG | 2408570 | aRapBi1cCZPZAGLIDny3dk3hQ8vTmNTLHRl8zxmKgQ0= | 13952 | 8.32619 | 13383.3 | -0.728374 | 0.685179 | 0 | MakarovIJ70 | 1
SCRIPT       : DATA_LOG | 2409571 | aRapBi1cCZPZAGLIDny3dk3hQ8vTmNTLHRl8zxmKgQ0= | 13952 | 8.32619 | 13383.3 | -0.728374 | 0.685179 | 0 | MakarovIJ70 | 1
SCRIPT       : DATA_LOG | 2410572 | aRapBi1cCZPZAGLIDny3dk3hQ8vTmNTLHRl8zxmKgQ0= | 13952 | 8.32619 | 13383.3 | -0.728374 | 0.685179 | 0 | MakarovIJ70 | 1
SCRIPT       : DATA_LOG | 2411573 | aRapBi1cCZPZAGLIDny3dk3hQ8vTmNTLHRl8zxmKgQ0= | 13952 | 8.32619 | 13383.3 | -0.728374 | 0.685179 | 0 | MakarovIJ70 | 1
SCRIPT       : DATA_LOG | 2412574 | aRapBi1cCZPZAGLIDny3dk3hQ8vTmNTLHRl8zxmKgQ0= | 13952 | 8.32619 | 13383.3 | -0.728374 | 0.685179 | 0 | MakarovIJ70 | 1
SCRIPT       : DATA_LOG | 2413575 | aRapBi1cCZPZAGLIDny3dk3hQ8vTmNTLHRl8zxmKgQ0= | 13952 | 8.32619 | 13383.3 | -0.728374 | 0.685179 | 0 | MakarovIJ70 | 1
SCRIPT       : DATA_LOG | 2414576 | aRapBi1cCZPZAGLIDny3dk3hQ8vTmNTLHRl8zxmKgQ0= | 13952 | 8.32619 | 13383.3 | -0.728374 | 0.685179 | 0 | MakarovIJ70 | 1
SCRIPT       : DATA_LOG | 2415577 | aRapBi1cCZPZAGLIDny3dk3hQ8vTmNTLHRl8zxmKgQ0= | 13952 | 8.32619 | 13383.3 | -0.728374 | 0.685179 | 0 | MakarovIJ70 | 1
SCRIPT       : DATA_LOG | 2416578 | aRapBi1cCZPZAGLIDny3dk3hQ8vTmNTLHRl8zxmKgQ0= | 13952 | 8.32619 | 13383.3 | -0.728374 | 0.685179 | 0 | MakarovIJ70 | 1
SCRIPT       : DATA_LOG | 2417579 | aRapBi1cCZPZAGLIDny3dk3hQ8vTmNTLHRl8zxmKgQ0= | 13952 | 8.32619 | 13383.3 | -0.728374 | 0.685179 | 0 | MakarovIJ70 | 1
SCRIPT       : DATA_LOG | 2418580 | aRapBi1cCZPZAGLIDny3dk3hQ8vTmNTLHRl8zxmKgQ0= | 13952 | 8.32619 | 13383.3 | -0.728374 | 0.685179 | 0 | MakarovIJ70 | 1
SCRIPT       : DATA_LOG | 2419590 | aRapBi1cCZPZAGLIDny3dk3hQ8vTmNTLHRl8zxmKgQ0= | 13952 | 8.32619 | 13383.3 | -0.728374 | 0.685179 | 0 | MakarovIJ70 | 1
SCRIPT       : DATA_LOG | 2420592 | aRapBi1cCZPZAGLIDny3dk3hQ8vTmNTLHRl8zxmKgQ0= | 13952 | 8.32619 | 13383.3 | -0.728374 | 0.685179 | 0 | MakarovIJ70 | 1
SCRIPT       : DATA_LOG | 2421593 | aRapBi1cCZPZAGLIDny3dk3hQ8vTmNTLHRl8zxmKgQ0= | 13950.5 | 8.32801 | 13384.3 | -0.668724 | 0.743511 | 0 | MakarovIJ70 | 1
SCRIPT       : DATA_LOG | 2422633 | aRapBi1cCZPZAGLIDny3dk3hQ8vTmNTLHRl8zxmKgQ0= | 13950.3 | 8.32814 | 13385 | -0.903686 | 0.428195 | 0 | MakarovIJ70 | 1
SCRIPT       : DATA_LOG | 2423633 | aRapBi1cCZPZAGLIDny3dk3hQ8vTmNTLHRl8zxmKgQ0= | 13950.7 | 8.32768 | 13384.6 | 0.934418 | -0.356178 | 0 | MakarovIJ70 | 1
SCRIPT       : DATA_LOG | 2424637 | aRapBi1cCZPZAGLIDny3dk3hQ8vTmNTLHRl8zxmKgQ0= | 13951.3 | 8.32703 | 13384.9 | -0.318385 | 0.947962 | 0 | MakarovIJ70 | 1
SCRIPT       : DATA_LOG | 2425638 | aRapBi1cCZPZAGLIDny3dk3hQ8vTmNTLHRl8zxmKgQ0= | 13948.9 | 8.32983 | 13386 | -0.421466 | 0.906844 | 0 | MakarovIJ70 | 1
SCRIPT       : DATA_LOG | 2426639 | aRapBi1cCZPZAGLIDny3dk3hQ8vTmNTLHRl8zxmKgQ0= | 13947.5 | 8.33155 | 13387.2 | 0.0769204 | 0.997037 | 0 | MakarovIJ70 | 1
SCRIPT       : DATA_LOG | 2427640 | aRapBi1cCZPZAGLIDny3dk3hQ8vTmNTLHRl8zxmKgQ0= | 13948.5 | 8.33025 | 13389.4 | -0.214186 | 0.976793 | 0 | MakarovIJ70 | 1
SCRIPT       : DATA_LOG | 2428641 | aRapBi1cCZPZAGLIDny3dk3hQ8vTmNTLHRl8zxmKgQ0= | 13947.8 | 8.33111 | 13390.4 | -0.868172 | 0.496263 | 0 | MakarovIJ70 | 1
SCRIPT       : DATA_LOG | 2429642 | aRapBi1cCZPZAGLIDny3dk3hQ8vTmNTLHRl8zxmKgQ0= | 13950.9 | 8.32738 | 13391.9 | 0.850441 | 0.526071 | 0 | MakarovIJ70 | 1
SCRIPT       : DATA_LOG | 2430643 | aRapBi1cCZPZAGLIDny3dk3hQ8vTmNTLHRl8zxmKgQ0= | 13951 | 8.32727 | 13392 | 0.850441 | 0.526071 | 0 | MakarovIJ70 | 1
SCRIPT       : DATA_LOG | 2431644 | aRapBi1cCZPZAGLIDny3dk3hQ8vTmNTLHRl8zxmKgQ0= | 13951.6 | 8.32651 | 13392 | 0.0549339 | 0.99849 | 0 | CZ527 | 1
SCRIPT       : DATA_LOG | 2432645 | aRapBi1cCZPZAGLIDny3dk3hQ8vTmNTLHRl8zxmKgQ0= | 13951.6 | 8.32651 | 13392 | 0.054934 | 0.99849 | 0 | CZ527 | 1
SCRIPT       : DATA_LOG | 2433647 | aRapBi1cCZPZAGLIDny3dk3hQ8vTmNTLHRl8zxmKgQ0= | 13951.6 | 8.32651 | 13392 | 0.0549341 | 0.99849 | 0 | CZ527 | 1
SCRIPT       : DATA_LOG | 2434648 | aRapBi1cCZPZAGLIDny3dk3hQ8vTmNTLHRl8zxmKgQ0= | 13951.5 | 8.32675 | 13391.8 | -0.941305 | -0.337558 | 0 | CZ527 | 1
SCRIPT       : DATA_LOG | 2435648 | aRapBi1cCZPZAGLIDny3dk3hQ8vTmNTLHRl8zxmKgQ0= | 13950.5 | 8.32796 | 13390.5 | -0.80948 | -0.587147 | 0 | CZ527 | 1
SCRIPT       : DATA_LOG | 2436650 | aRapBi1cCZPZAGLIDny3dk3hQ8vTmNTLHRl8zxmKgQ0= | 13950.5 | 8.32796 | 13390.5 | -0.80948 | -0.587147 | 0 | CZ527 | 1
SCRIPT       : DATA_LOG | 2437651 | aRapBi1cCZPZAGLIDny3dk3hQ8vTmNTLHRl8zxmKgQ0= | 13950.5 | 8.32796 | 13390.5 | -0.80948 | -0.587147 | 0 | CZ527 | 1
SCRIPT       : DATA_LOG | 2438652 | aRapBi1cCZPZAGLIDny3dk3hQ8vTmNTLHRl8zxmKgQ0= | 13950.5 | 8.32796 | 13390.5 | -0.80948 | -0.587147 | 0 | CZ527 | 1
SCRIPT       : DATA_LOG | 2439653 | aRapBi1cCZPZAGLIDny3dk3hQ8vTmNTLHRl8zxmKgQ0= | 13950.5 | 8.32796 | 13390.5 | -0.80948 | -0.587147 | 0 | CZ527 | 1
SCRIPT       : DATA_LOG | 2440654 | aRapBi1cCZPZAGLIDny3dk3hQ8vTmNTLHRl8zxmKgQ0= | 13950.5 | 8.32796 | 13390.5 | -0.80948 | -0.587147 | 0 | CZ527 | 1
SCRIPT       : DATA_LOG | 2441655 | aRapBi1cCZPZAGLIDny3dk3hQ8vTmNTLHRl8zxmKgQ0= | 13950.5 | 8.32796 | 13390.5 | -0.80948 | -0.587147 | 0 | CZ527 | 1
SCRIPT       : DATA_LOG | 2442656 | aRapBi1cCZPZAGLIDny3dk3hQ8vTmNTLHRl8zxmKgQ0= | 13949.3 | 8.32935 | 13390.4 | -0.4591 | -0.888385 | 0 | CZ527 | 1
SCRIPT       : DATA_LOG | 2443657 | aRapBi1cCZPZAGLIDny3dk3hQ8vTmNTLHRl8zxmKgQ0= | 13949.3 | 8.32941 | 13390.3 | -0.4591 | -0.888385 | 0 | CZ527 | 1
SCRIPT       : DATA_LOG | 2444658 | aRapBi1cCZPZAGLIDny3dk3hQ8vTmNTLHRl8zxmKgQ0= | 13949.3 | 8.32941 | 13390.3 | -0.4591 | -0.888385 | 0 | CZ527 | 1
SCRIPT       : DATA_LOG | 2445660 | aRapBi1cCZPZAGLIDny3dk3hQ8vTmNTLHRl8zxmKgQ0= | 13949.3 | 8.32941 | 13390.3 | -0.4591 | -0.888385 | 0 | CZ527 | 1
 SCRIPT       : [Permissions Manager] Admin (rafaelglima79) (76561199445097358) Successfully Logged in!
SCRIPT       : DATA_LOG | 2446660 | aRapBi1cCZPZAGLIDny3dk3hQ8vTmNTLHRl8zxmKgQ0= | 13949.3 | 8.32941 | 13390.3 | -0.4591 | -0.888385 | 0 | CZ527 | 1
SCRIPT       : DATA_LOG | 2447661 | aRapBi1cCZPZAGLIDny3dk3hQ8vTmNTLHRl8zxmKgQ0= | 13949.3 | 8.32941 | 13390.3 | -0.4591 | -0.888385 | 0 | CZ527 | 1
SCRIPT       : DATA_LOG | 2448662 | aRapBi1cCZPZAGLIDny3dk3hQ8vTmNTLHRl8zxmKgQ0= | 13949.3 | 8.32941 | 13390.3 | -0.4591 | -0.888385 | 0 | CZ527 | 1
SCRIPT       : DATA_LOG | 2449663 | aRapBi1cCZPZAGLIDny3dk3hQ8vTmNTLHRl8zxmKgQ0= | 13949.3 | 8.32941 | 13390.3 | -0.4591 | -0.888385 | 0 | CZ527 | 1
SCRIPT       : DATA_LOG | 2450664 | aRapBi1cCZPZAGLIDny3dk3hQ8vTmNTLHRl8zxmKgQ0= | 13949.3 | 8.32941 | 13390.3 | -0.4591 | -0.888385 | 0 | CZ527 | 1
SCRIPT       : DATA_LOG | 2451665 | aRapBi1cCZPZAGLIDny3dk3hQ8vTmNTLHRl8zxmKgQ0= | 13949.3 | 8.32941 | 13390.3 | -0.4591 | -0.888385 | 0 | CZ527 | 1
SCRIPT       : DATA_LOG | 2452666 | aRapBi1cCZPZAGLIDny3dk3hQ8vTmNTLHRl8zxmKgQ0= | 13949.3 | 8.32941 | 13390.3 | -0.4591 | -0.888385 | 0 | CZ527 | 1
SCRIPT       : DATA_LOG | 2453667 | aRapBi1cCZPZAGLIDny3dk3hQ8vTmNTLHRl8zxmKgQ0= | 13949.3 | 8.32941 | 13390.3 | -0.4591 | -0.888385 | 0 | CZ527 | 1
SCRIPT       : DATA_LOG | 2454668 | aRapBi1cCZPZAGLIDny3dk3hQ8vTmNTLHRl8zxmKgQ0= | 13949.3 | 8.32941 | 13390.3 | -0.4591 | -0.888385 | 0 | CZ527 | 1
SCRIPT       : DATA_LOG | 2455669 | aRapBi1cCZPZAGLIDny3dk3hQ8vTmNTLHRl8zxmKgQ0= | 13949.3 | 8.32941 | 13390.3 | -0.4591 | -0.888385 | 0 | CZ527 | 1
SCRIPT       : DATA_LOG | 2456670 | aRapBi1cCZPZAGLIDny3dk3hQ8vTmNTLHRl8zxmKgQ0= | 13949.3 | 8.32941 | 13390.3 | -0.4591 | -0.888385 | 0 | CZ527 | 1
SCRIPT       : DATA_LOG | 2457671 | aRapBi1cCZPZAGLIDny3dk3hQ8vTmNTLHRl8zxmKgQ0= | 13949.3 | 8.32941 | 13390.3 | -0.4591 | -0.888385 | 0 | CZ527 | 1
SCRIPT       : DATA_LOG | 2458672 | aRapBi1cCZPZAGLIDny3dk3hQ8vTmNTLHRl8zxmKgQ0= | 13949.3 | 8.32941 | 13390.3 | -0.4591 | -0.888385 | 0 | CZ527 | 1
SCRIPT       : DATA_LOG | 2459673 | aRapBi1cCZPZAGLIDny3dk3hQ8vTmNTLHRl8zxmKgQ0= | 13949.3 | 8.32941 | 13390.3 | -0.4591 | -0.888385 | 0 | CZ527 | 1
SCRIPT       : DATA_LOG | 2460674 | aRapBi1cCZPZAGLIDny3dk3hQ8vTmNTLHRl8zxmKgQ0= | 13949.3 | 8.32941 | 13390.3 | -0.4591 | -0.888385 | 0 | CZ527 | 1
SCRIPT       : DATA_LOG | 2461675 | aRapBi1cCZPZAGLIDny3dk3hQ8vTmNTLHRl8zxmKgQ0= | 13949.3 | 8.32941 | 13390.3 | -0.4591 | -0.888385 | 0 | CZ527 | 1
SCRIPT       : DATA_LOG | 2462676 | aRapBi1cCZPZAGLIDny3dk3hQ8vTmNTLHRl8zxmKgQ0= | 13949.3 | 8.32941 | 13390.3 | -0.4591 | -0.888385 | 0 | CZ527 | 1
SCRIPT       : DATA_LOG | 2463677 | aRapBi1cCZPZAGLIDny3dk3hQ8vTmNTLHRl8zxmKgQ0= | 13949.3 | 8.32941 | 13390.3 | -0.4591 | -0.888385 | 0 | CZ527 | 1
SCRIPT       : DATA_LOG | 2464678 | aRapBi1cCZPZAGLIDny3dk3hQ8vTmNTLHRl8zxmKgQ0= | 13949.3 | 8.32941 | 13390.3 | -0.4591 | -0.888385 | 0 | CZ527 | 1
SCRIPT       : DATA_LOG | 2465679 | aRapBi1cCZPZAGLIDny3dk3hQ8vTmNTLHRl8zxmKgQ0= | 13949.3 | 8.32941 | 13390.3 | -0.4591 | -0.888385 | 0 | CZ527 | 1
SCRIPT       : DATA_LOG | 2466680 | aRapBi1cCZPZAGLIDny3dk3hQ8vTmNTLHRl8zxmKgQ0= | 13949.3 | 8.32941 | 13390.3 | -0.4591 | -0.888385 | 0 | CZ527 | 1
SCRIPT       : DATA_LOG | 2467681 | aRapBi1cCZPZAGLIDny3dk3hQ8vTmNTLHRl8zxmKgQ0= | 13949.3 | 8.32941 | 13390.3 | -0.4591 | -0.888385 | 0 | CZ527 | 1
SCRIPT       : DATA_LOG | 2468682 | aRapBi1cCZPZAGLIDny3dk3hQ8vTmNTLHRl8zxmKgQ0= | 13949.3 | 8.32941 | 13390.3 | -0.4591 | -0.888385 | 0 | CZ527 | 1
SCRIPT       : DATA_LOG | 2469683 | aRapBi1cCZPZAGLIDny3dk3hQ8vTmNTLHRl8zxmKgQ0= | 13949.3 | 8.32941 | 13390.3 | -0.4591 | -0.888385 | 0 | CZ527 | 1
SCRIPT       : DATA_LOG | 2470684 | aRapBi1cCZPZAGLIDny3dk3hQ8vTmNTLHRl8zxmKgQ0= | 13949.3 | 8.32941 | 13390.3 | -0.4591 | -0.888385 | 0 | CZ527 | 1
SCRIPT       : DATA_LOG | 2471685 | aRapBi1cCZPZAGLIDny3dk3hQ8vTmNTLHRl8zxmKgQ0= | 13949.3 | 8.32941 | 13390.3 | -0.4591 | -0.888385 | 0 | CZ527 | 1
SCRIPT       : DATA_LOG | 2472686 | aRapBi1cCZPZAGLIDny3dk3hQ8vTmNTLHRl8zxmKgQ0= | 13949.3 | 8.32941 | 13390.3 | -0.4591 | -0.888385 | 0 | CZ527 | 1
SCRIPT       : DATA_LOG | 2473687 | aRapBi1cCZPZAGLIDny3dk3hQ8vTmNTLHRl8zxmKgQ0= | 13949.3 | 8.32941 | 13390.3 | -0.4591 | -0.888385 | 0 | CZ527 | 1
SCRIPT       : DATA_LOG | 2474688 | aRapBi1cCZPZAGLIDny3dk3hQ8vTmNTLHRl8zxmKgQ0= | 13949.3 | 8.32941 | 13390.3 | -0.4591 | -0.888385 | 0 | CZ527 | 1
SCRIPT       : DATA_LOG | 2475689 | aRapBi1cCZPZAGLIDny3dk3hQ8vTmNTLHRl8zxmKgQ0= | 13949.3 | 8.32941 | 13390.3 | -0.4591 | -0.888385 | 0 | CZ527 | 1
SCRIPT       : DATA_LOG | 2476691 | aRapBi1cCZPZAGLIDny3dk3hQ8vTmNTLHRl8zxmKgQ0= | 13949.3 | 8.32941 | 13390.3 | -0.4591 | -0.888385 | 0 | CZ527 | 1
SCRIPT       : DATA_LOG | 2477691 | aRapBi1cCZPZAGLIDny3dk3hQ8vTmNTLHRl8zxmKgQ0= | 13949.3 | 8.32941 | 13390.3 | -0.4591 | -0.888385 | 0 | CZ527 | 1
SCRIPT       : DATA_LOG | 2478692 | aRapBi1cCZPZAGLIDny3dk3hQ8vTmNTLHRl8zxmKgQ0= | 13949.3 | 8.32941 | 13390.3 | -0.4591 | -0.888385 | 0 | CZ527 | 1
SCRIPT       : DATA_LOG | 2479693 | aRapBi1cCZPZAGLIDny3dk3hQ8vTmNTLHRl8zxmKgQ0= | 13949.3 | 8.32941 | 13390.3 | -0.4591 | -0.888385 | 0 | CZ527 | 1
SCRIPT       : DATA_LOG | 2480694 | aRapBi1cCZPZAGLIDny3dk3hQ8vTmNTLHRl8zxmKgQ0= | 13949.3 | 8.32941 | 13390.3 | -0.4591 | -0.888385 | 0 | CZ527 | 1
SCRIPT       : DATA_LOG | 2481695 | aRapBi1cCZPZAGLIDny3dk3hQ8vTmNTLHRl8zxmKgQ0= | 13949.3 | 8.32941 | 13390.3 | -0.4591 | -0.888385 | 0 | CZ527 | 1
SCRIPT       : DATA_LOG | 2482696 | aRapBi1cCZPZAGLIDny3dk3hQ8vTmNTLHRl8zxmKgQ0= | 13949.3 | 8.32941 | 13390.3 | -0.4591 | -0.888385 | 0 | CZ527 | 1
SCRIPT       : DATA_LOG | 2483697 | aRapBi1cCZPZAGLIDny3dk3hQ8vTmNTLHRl8zxmKgQ0= | 13949.3 | 8.32941 | 13390.3 | -0.4591 | -0.888385 | 0 | CZ527 | 1
SCRIPT       : DATA_LOG | 2484698 | aRapBi1cCZPZAGLIDny3dk3hQ8vTmNTLHRl8zxmKgQ0= | 13949.3 | 8.32941 | 13390.3 | -0.4591 | -0.888385 | 0 | CZ527 | 1
SCRIPT       : DATA_LOG | 2485699 | aRapBi1cCZPZAGLIDny3dk3hQ8vTmNTLHRl8zxmKgQ0= | 13949.3 | 8.32941 | 13390.3 | -0.4591 | -0.888385 | 0 | CZ527 | 1
SCRIPT       : DATA_LOG | 2486700 | aRapBi1cCZPZAGLIDny3dk3hQ8vTmNTLHRl8zxmKgQ0= | 13949.3 | 8.32941 | 13390.3 | -0.4591 | -0.888385 | 0 | CZ527 | 1
SCRIPT       : DATA_LOG | 2487702 | aRapBi1cCZPZAGLIDny3dk3hQ8vTmNTLHRl8zxmKgQ0= | 13949.3 | 8.32941 | 13390.3 | -0.4591 | -0.888385 | 0 | CZ527 | 1
SCRIPT       : DATA_LOG | 2488703 | aRapBi1cCZPZAGLIDny3dk3hQ8vTmNTLHRl8zxmKgQ0= | 13949.3 | 8.32941 | 13390.3 | -0.4591 | -0.888385 | 0 | CZ527 | 1
SCRIPT       : DATA_LOG | 2489704 | aRapBi1cCZPZAGLIDny3dk3hQ8vTmNTLHRl8zxmKgQ0= | 13949.3 | 8.32941 | 13390.3 | -0.4591 | -0.888385 | 0 | CZ527 | 1
SCRIPT       : DATA_LOG | 2490706 | aRapBi1cCZPZAGLIDny3dk3hQ8vTmNTLHRl8zxmKgQ0= | 13949.3 | 8.32941 | 13390.3 | -0.4591 | -0.888385 | 0 | CZ527 | 1
SCRIPT       : DATA_LOG | 2491707 | aRapBi1cCZPZAGLIDny3dk3hQ8vTmNTLHRl8zxmKgQ0= | 13949.3 | 8.32941 | 13390.3 | -0.4591 | -0.888385 | 0 | CZ527 | 1
SCRIPT       : DATA_LOG | 2492708 | aRapBi1cCZPZAGLIDny3dk3hQ8vTmNTLHRl8zxmKgQ0= | 13949.3 | 8.32941 | 13390.3 | -0.4591 | -0.888385 | 0 | CZ527 | 1
SCRIPT       : DATA_LOG | 2493709 | aRapBi1cCZPZAGLIDny3dk3hQ8vTmNTLHRl8zxmKgQ0= | 13949.3 | 8.32941 | 13390.3 | -0.4591 | -0.888385 | 0 | CZ527 | 1
SCRIPT       : DATA_LOG | 2494710 | aRapBi1cCZPZAGLIDny3dk3hQ8vTmNTLHRl8zxmKgQ0= | 13949.3 | 8.32941 | 13390.3 | -0.4591 | -0.888385 | 0 | CZ527 | 1
SCRIPT       : DATA_LOG | 2495711 | aRapBi1cCZPZAGLIDny3dk3hQ8vTmNTLHRl8zxmKgQ0= | 13949.3 | 8.32941 | 13390.3 | -0.4591 | -0.888385 | 0 | CZ527 | 1
SCRIPT       : DATA_LOG | 2496712 | aRapBi1cCZPZAGLIDny3dk3hQ8vTmNTLHRl8zxmKgQ0= | 13949.3 | 8.32941 | 13390.3 | -0.4591 | -0.888385 | 0 | CZ527 | 1
SCRIPT       : DATA_LOG | 2497713 | aRapBi1cCZPZAGLIDny3dk3hQ8vTmNTLHRl8zxmKgQ0= | 13949.3 | 8.32941 | 13390.3 | -0.4591 | -0.888385 | 0 | CZ527 | 1
SCRIPT       : DATA_LOG | 2498714 | aRapBi1cCZPZAGLIDny3dk3hQ8vTmNTLHRl8zxmKgQ0= | 13949.3 | 8.32941 | 13390.3 | -0.4591 | -0.888385 | 0 | CZ527 | 1
SCRIPT       : DATA_LOG | 2499715 | aRapBi1cCZPZAGLIDny3dk3hQ8vTmNTLHRl8zxmKgQ0= | 13949.3 | 8.32941 | 13390.3 | -0.4591 | -0.888385 | 0 | CZ527 | 1
SCRIPT       : DATA_LOG | 2500716 | aRapBi1cCZPZAGLIDny3dk3hQ8vTmNTLHRl8zxmKgQ0= | 13949.3 | 8.32941 | 13390.3 | -0.4591 | -0.888385 | 0 | CZ527 | 1
SCRIPT       : DATA_LOG | 2501717 | aRapBi1cCZPZAGLIDny3dk3hQ8vTmNTLHRl8zxmKgQ0= | 13949.3 | 8.32941 | 13390.3 | -0.4591 | -0.888385 | 0 | CZ527 | 1
SCRIPT       : DATA_LOG | 2502718 | aRapBi1cCZPZAGLIDny3dk3hQ8vTmNTLHRl8zxmKgQ0= | 13949.3 | 8.32941 | 13390.3 | -0.4591 | -0.888385 | 0 | CZ527 | 1
SCRIPT       : DATA_LOG | 2503719 | aRapBi1cCZPZAGLIDny3dk3hQ8vTmNTLHRl8zxmKgQ0= | 13949.3 | 8.32941 | 13390.3 | -0.4591 | -0.888385 | 0 | CZ527 | 1
SCRIPT       : DATA_LOG | 2504720 | aRapBi1cCZPZAGLIDny3dk3hQ8vTmNTLHRl8zxmKgQ0= | 13949.3 | 8.32941 | 13390.3 | -0.4591 | -0.888385 | 0 | CZ527 | 1
SCRIPT       : DATA_LOG | 2505721 | aRapBi1cCZPZAGLIDny3dk3hQ8vTmNTLHRl8zxmKgQ0= | 13949.3 | 8.32941 | 13390.3 | -0.4591 | -0.888385 | 0 | CZ527 | 1
SCRIPT       : DATA_LOG | 2506722 | aRapBi1cCZPZAGLIDny3dk3hQ8vTmNTLHRl8zxmKgQ0= | 13949.3 | 8.32941 | 13390.3 | -0.4591 | -0.888385 | 0 | CZ527 | 1
SCRIPT       : DATA_LOG | 2507723 | aRapBi1cCZPZAGLIDny3dk3hQ8vTmNTLHRl8zxmKgQ0= | 13949.3 | 8.32941 | 13390.3 | -0.4591 | -0.888385 | 0 | CZ527 | 1
SCRIPT       : DATA_LOG | 2508724 | aRapBi1cCZPZAGLIDny3dk3hQ8vTmNTLHRl8zxmKgQ0= | 13949.3 | 8.32941 | 13390.3 | -0.4591 | -0.888385 | 0 | CZ527 | 1
SCRIPT       : DATA_LOG | 2509725 | aRapBi1cCZPZAGLIDny3dk3hQ8vTmNTLHRl8zxmKgQ0= | 13949.3 | 8.32941 | 13390.3 | -0.4591 | -0.888385 | 0 | CZ527 | 1
SCRIPT       : DATA_LOG | 2510727 | aRapBi1cCZPZAGLIDny3dk3hQ8vTmNTLHRl8zxmKgQ0= | 13949.3 | 8.32941 | 13390.3 | -0.4591 | -0.888385 | 0 | CZ527 | 1
SCRIPT       : DATA_LOG | 2511727 | aRapBi1cCZPZAGLIDny3dk3hQ8vTmNTLHRl8zxmKgQ0= | 13949.3 | 8.32941 | 13390.3 | -0.4591 | -0.888385 | 0 | CZ527 | 1
SCRIPT       : DATA_LOG | 2512728 | aRapBi1cCZPZAGLIDny3dk3hQ8vTmNTLHRl8zxmKgQ0= | 13949.3 | 8.32941 | 13390.3 | -0.4591 | -0.888385 | 0 | CZ527 | 1
SCRIPT       : DATA_LOG | 2513729 | aRapBi1cCZPZAGLIDny3dk3hQ8vTmNTLHRl8zxmKgQ0= | 13949.3 | 8.32941 | 13390.3 | -0.4591 | -0.888385 | 0 | CZ527 | 1
SCRIPT       : DATA_LOG | 2514730 | aRapBi1cCZPZAGLIDny3dk3hQ8vTmNTLHRl8zxmKgQ0= | 13949.3 | 8.32941 | 13390.3 | -0.4591 | -0.888385 | 0 | CZ527 | 1
SCRIPT       : DATA_LOG | 2515731 | aRapBi1cCZPZAGLIDny3dk3hQ8vTmNTLHRl8zxmKgQ0= | 13949.3 | 8.32941 | 13390.3 | -0.4591 | -0.888385 | 0 | CZ527 | 1
SCRIPT       : DATA_LOG | 2516732 | aRapBi1cCZPZAGLIDny3dk3hQ8vTmNTLHRl8zxmKgQ0= | 13949.3 | 8.32941 | 13390.3 | -0.4591 | -0.888385 | 0 | CZ527 | 1
SCRIPT       : DATA_LOG | 2517733 | aRapBi1cCZPZAGLIDny3dk3hQ8vTmNTLHRl8zxmKgQ0= | 13949.3 | 8.32941 | 13390.3 | -0.4591 | -0.888385 | 0 | CZ527 | 1
SCRIPT       : DATA_LOG | 2518734 | aRapBi1cCZPZAGLIDny3dk3hQ8vTmNTLHRl8zxmKgQ0= | 13949.3 | 8.32941 | 13390.3 | -0.4591 | -0.888385 | 0 | CZ527 | 1
SCRIPT       : DATA_LOG | 2519735 | aRapBi1cCZPZAGLIDny3dk3hQ8vTmNTLHRl8zxmKgQ0= | 13949.3 | 8.32941 | 13390.3 | -0.4591 | -0.888385 | 0 | CZ527 | 1
SCRIPT       : DATA_LOG | 2520736 | aRapBi1cCZPZAGLIDny3dk3hQ8vTmNTLHRl8zxmKgQ0= | 13949.3 | 8.32941 | 13390.3 | -0.4591 | -0.888385 | 0 | CZ527 | 1
SCRIPT       : DATA_LOG | 2521737 | aRapBi1cCZPZAGLIDny3dk3hQ8vTmNTLHRl8zxmKgQ0= | 13949.3 | 8.32941 | 13390.3 | -0.4591 | -0.888385 | 0 | CZ527 | 1
SCRIPT       : DATA_LOG | 2522738 | aRapBi1cCZPZAGLIDny3dk3hQ8vTmNTLHRl8zxmKgQ0= | 13949.3 | 8.32941 | 13390.3 | -0.4591 | -0.888385 | 0 | CZ527 | 1
SCRIPT       : DATA_LOG | 2523739 | aRapBi1cCZPZAGLIDny3dk3hQ8vTmNTLHRl8zxmKgQ0= | 13949.3 | 8.32941 | 13390.3 | -0.4591 | -0.888385 | 0 | CZ527 | 1
SCRIPT       : DATA_LOG | 2524740 | aRapBi1cCZPZAGLIDny3dk3hQ8vTmNTLHRl8zxmKgQ0= | 13949.3 | 8.32941 | 13390.3 | -0.4591 | -0.888385 | 0 | CZ527 | 1
SCRIPT       : DATA_LOG | 2525741 | aRapBi1cCZPZAGLIDny3dk3hQ8vTmNTLHRl8zxmKgQ0= | 13949.3 | 8.32941 | 13390.3 | -0.4591 | -0.888385 | 0 | CZ527 | 1
SCRIPT       : DATA_LOG | 2526742 | aRapBi1cCZPZAGLIDny3dk3hQ8vTmNTLHRl8zxmKgQ0= | 13949.3 | 8.32941 | 13390.3 | -0.4591 | -0.888385 | 0 | CZ527 | 1
SCRIPT       : DATA_LOG | 2527743 | aRapBi1cCZPZAGLIDny3dk3hQ8vTmNTLHRl8zxmKgQ0= | 13949.3 | 8.32941 | 13390.3 | -0.4591 | -0.888385 | 0 | CZ527 | 1
SCRIPT       : DATA_LOG | 2528744 | aRapBi1cCZPZAGLIDny3dk3hQ8vTmNTLHRl8zxmKgQ0= | 13949.3 | 8.32941 | 13390.3 | -0.4591 | -0.888385 | 0 | CZ527 | 1
SCRIPT       : DATA_LOG | 2529745 | aRapBi1cCZPZAGLIDny3dk3hQ8vTmNTLHRl8zxmKgQ0= | 13949.3 | 8.32941 | 13390.3 | -0.4591 | -0.888385 | 0 | CZ527 | 1
SCRIPT       : DATA_LOG | 2530746 | aRapBi1cCZPZAGLIDny3dk3hQ8vTmNTLHRl8zxmKgQ0= | 13949.3 | 8.32941 | 13390.3 | -0.4591 | -0.888385 | 0 | CZ527 | 1
SCRIPT       : DATA_LOG | 2531747 | aRapBi1cCZPZAGLIDny3dk3hQ8vTmNTLHRl8zxmKgQ0= | 13949.3 | 8.32941 | 13390.3 | -0.4591 | -0.888385 | 0 | CZ527 | 1
SCRIPT       : DATA_LOG | 2532748 | aRapBi1cCZPZAGLIDny3dk3hQ8vTmNTLHRl8zxmKgQ0= | 13949.3 | 8.32941 | 13390.3 | -0.4591 | -0.888385 | 0 | CZ527 | 1
SCRIPT       : DATA_LOG | 2533749 | aRapBi1cCZPZAGLIDny3dk3hQ8vTmNTLHRl8zxmKgQ0= | 13949.3 | 8.32941 | 13390.3 | -0.4591 | -0.888385 | 0 | CZ527 | 1
SCRIPT       : DATA_LOG | 2534750 | aRapBi1cCZPZAGLIDny3dk3hQ8vTmNTLHRl8zxmKgQ0= | 13949.3 | 8.32941 | 13390.3 | -0.4591 | -0.888385 | 0 | CZ527 | 1
SCRIPT       : DATA_LOG | 2535751 | aRapBi1cCZPZAGLIDny3dk3hQ8vTmNTLHRl8zxmKgQ0= | 13949.3 | 8.32941 | 13390.3 | -0.4591 | -0.888385 | 0 | CZ527 | 1
SCRIPT       : DATA_LOG | 2536752 | aRapBi1cCZPZAGLIDny3dk3hQ8vTmNTLHRl8zxmKgQ0= | 13949.3 | 8.32941 | 13390.3 | -0.4591 | -0.888385 | 0 | CZ527 | 1
SCRIPT       : DATA_LOG | 2537753 | aRapBi1cCZPZAGLIDny3dk3hQ8vTmNTLHRl8zxmKgQ0= | 13949.3 | 8.32941 | 13390.3 | -0.4591 | -0.888385 | 0 | CZ527 | 1
SCRIPT       : DATA_LOG | 2538754 | aRapBi1cCZPZAGLIDny3dk3hQ8vTmNTLHRl8zxmKgQ0= | 13949.3 | 8.32941 | 13390.3 | -0.4591 | -0.888385 | 0 | CZ527 | 1
SCRIPT       : DATA_LOG | 2539755 | aRapBi1cCZPZAGLIDny3dk3hQ8vTmNTLHRl8zxmKgQ0= | 13949.3 | 8.32941 | 13390.3 | -0.4591 | -0.888385 | 0 | CZ527 | 1
SCRIPT       : DATA_LOG | 2540756 | aRapBi1cCZPZAGLIDny3dk3hQ8vTmNTLHRl8zxmKgQ0= | 13949.3 | 8.32941 | 13390.3 | -0.4591 | -0.888385 | 0 | CZ527 | 1
SCRIPT       : DATA_LOG | 2541757 | aRapBi1cCZPZAGLIDny3dk3hQ8vTmNTLHRl8zxmKgQ0= | 13949.3 | 8.32941 | 13390.3 | -0.4591 | -0.888385 | 0 | CZ527 | 1
SCRIPT       : DATA_LOG | 2542758 | aRapBi1cCZPZAGLIDny3dk3hQ8vTmNTLHRl8zxmKgQ0= | 13949.3 | 8.32941 | 13390.3 | -0.4591 | -0.888385 | 0 | CZ527 | 1
SCRIPT       : DATA_LOG | 2543759 | aRapBi1cCZPZAGLIDny3dk3hQ8vTmNTLHRl8zxmKgQ0= | 13949.3 | 8.32941 | 13390.3 | -0.4591 | -0.888385 | 0 | CZ527 | 1
SCRIPT       : DATA_LOG | 2544760 | aRapBi1cCZPZAGLIDny3dk3hQ8vTmNTLHRl8zxmKgQ0= | 13949.3 | 8.32941 | 13390.3 | -0.4591 | -0.888385 | 0 | CZ527 | 1
SCRIPT       : DATA_LOG | 2545761 | aRapBi1cCZPZAGLIDny3dk3hQ8vTmNTLHRl8zxmKgQ0= | 13949.3 | 8.32941 | 13390.3 | -0.4591 | -0.888385 | 0 | CZ527 | 1
SCRIPT       : DATA_LOG | 2546762 | aRapBi1cCZPZAGLIDny3dk3hQ8vTmNTLHRl8zxmKgQ0= | 13949.3 | 8.32941 | 13390.3 | -0.4591 | -0.888385 | 0 | CZ527 | 1
SCRIPT       : DATA_LOG | 2547763 | aRapBi1cCZPZAGLIDny3dk3hQ8vTmNTLHRl8zxmKgQ0= | 13949.3 | 8.32941 | 13390.3 | -0.4591 | -0.888385 | 0 | CZ527 | 1
SCRIPT       : DATA_LOG | 2548764 | aRapBi1cCZPZAGLIDny3dk3hQ8vTmNTLHRl8zxmKgQ0= | 13949.3 | 8.32941 | 13390.3 | -0.4591 | -0.888385 | 0 | CZ527 | 1
SCRIPT       : DATA_LOG | 2549766 | aRapBi1cCZPZAGLIDny3dk3hQ8vTmNTLHRl8zxmKgQ0= | 13949.3 | 8.32941 | 13390.3 | -0.4591 | -0.888385 | 0 | CZ527 | 1
SCRIPT       : DATA_LOG | 2550766 | aRapBi1cCZPZAGLIDny3dk3hQ8vTmNTLHRl8zxmKgQ0= | 13949.3 | 8.32941 | 13390.3 | -0.4591 | -0.888385 | 0 | CZ527 | 1
SCRIPT       : DATA_LOG | 2551767 | aRapBi1cCZPZAGLIDny3dk3hQ8vTmNTLHRl8zxmKgQ0= | 13949.3 | 8.32941 | 13390.3 | -0.4591 | -0.888385 | 0 | CZ527 | 1
SCRIPT       : DATA_LOG | 2552768 | aRapBi1cCZPZAGLIDny3dk3hQ8vTmNTLHRl8zxmKgQ0= | 13949.3 | 8.32941 | 13390.3 | -0.4591 | -0.888385 | 0 | CZ527 | 1
SCRIPT       : DATA_LOG | 2553770 | aRapBi1cCZPZAGLIDny3dk3hQ8vTmNTLHRl8zxmKgQ0= | 13949.3 | 8.32941 | 13390.3 | -0.4591 | -0.888385 | 0 | CZ527 | 1
SCRIPT       : DATA_LOG | 2554770 | aRapBi1cCZPZAGLIDny3dk3hQ8vTmNTLHRl8zxmKgQ0= | 13949.3 | 8.32941 | 13390.3 | -0.4591 | -0.888385 | 0 | CZ527 | 1
SCRIPT       : DATA_LOG | 2555771 | aRapBi1cCZPZAGLIDny3dk3hQ8vTmNTLHRl8zxmKgQ0= | 13949.3 | 8.32941 | 13390.3 | -0.4591 | -0.888385 | 0 | CZ527 | 1
SCRIPT       : DATA_LOG | 2556772 | aRapBi1cCZPZAGLIDny3dk3hQ8vTmNTLHRl8zxmKgQ0= | 13949.3 | 8.32941 | 13390.3 | -0.4591 | -0.888385 | 0 | CZ527 | 1
SCRIPT       : DATA_LOG | 2557773 | aRapBi1cCZPZAGLIDny3dk3hQ8vTmNTLHRl8zxmKgQ0= | 13949.3 | 8.32941 | 13390.3 | -0.4591 | -0.888385 | 0 | CZ527 | 1
SCRIPT       : DATA_LOG | 2558774 | aRapBi1cCZPZAGLIDny3dk3hQ8vTmNTLHRl8zxmKgQ0= | 13949.3 | 8.32941 | 13390.3 | -0.4591 | -0.888385 | 0 | CZ527 | 1
SCRIPT       : DATA_LOG | 2559775 | aRapBi1cCZPZAGLIDny3dk3hQ8vTmNTLHRl8zxmKgQ0= | 13949.3 | 8.32941 | 13390.3 | -0.4591 | -0.888385 | 0 | CZ527 | 1
SCRIPT       : DATA_LOG | 2560777 | aRapBi1cCZPZAGLIDny3dk3hQ8vTmNTLHRl8zxmKgQ0= | 13949.3 | 8.32941 | 13390.3 | -0.4591 | -0.888385 | 0 | CZ527 | 1
SCRIPT       : DATA_LOG | 2561777 | aRapBi1cCZPZAGLIDny3dk3hQ8vTmNTLHRl8zxmKgQ0= | 13949.3 | 8.32941 | 13390.3 | -0.4591 | -0.888385 | 0 | CZ527 | 1
SCRIPT       : DATA_LOG | 2562778 | aRapBi1cCZPZAGLIDny3dk3hQ8vTmNTLHRl8zxmKgQ0= | 13949.3 | 8.32941 | 13390.3 | -0.4591 | -0.888385 | 0 | CZ527 | 1
SCRIPT       : DATA_LOG | 2563779 | aRapBi1cCZPZAGLIDny3dk3hQ8vTmNTLHRl8zxmKgQ0= | 13949.8 | 8.32883 | 13390.9 | -0.57541 | -0.817865 | 0 | CZ527 | 1
SCRIPT       : DATA_LOG | 2564780 | aRapBi1cCZPZAGLIDny3dk3hQ8vTmNTLHRl8zxmKgQ0= | 13949.8 | 8.32882 | 13390.5 | -0.784268 | -0.620422 | 0 | CZ527 | 1
SCRIPT       : DATA_LOG | 2565781 | aRapBi1cCZPZAGLIDny3dk3hQ8vTmNTLHRl8zxmKgQ0= | 13949.7 | 8.32891 | 13390.4 | -0.784268 | -0.620422 | 0 | CZ527 | 1
SCRIPT       : DATA_LOG | 2566782 | aRapBi1cCZPZAGLIDny3dk3hQ8vTmNTLHRl8zxmKgQ0= | 13949.7 | 8.32891 | 13390.4 | -0.784268 | -0.620422 | 0 | CZ527 | 1
SCRIPT       : DATA_LOG | 2567783 | aRapBi1cCZPZAGLIDny3dk3hQ8vTmNTLHRl8zxmKgQ0= | 13949.7 | 8.32891 | 13390.4 | -0.784268 | -0.620422 | 0 | CZ527 | 1
SCRIPT       : DATA_LOG | 2568784 | aRapBi1cCZPZAGLIDny3dk3hQ8vTmNTLHRl8zxmKgQ0= | 13949.7 | 8.32891 | 13390.4 | -0.784268 | -0.620422 | 0 | CZ527 | 1
SCRIPT       : DATA_LOG | 2569785 | aRapBi1cCZPZAGLIDny3dk3hQ8vTmNTLHRl8zxmKgQ0= | 13949.7 | 8.32891 | 13390.4 | -0.784268 | -0.620422 | 0 | CZ527 | 1
SCRIPT       : DATA_LOG | 2570786 | aRapBi1cCZPZAGLIDny3dk3hQ8vTmNTLHRl8zxmKgQ0= | 13949.7 | 8.32891 | 13390.4 | -0.784268 | -0.620422 | 0 | CZ527 | 1
SCRIPT       : DATA_LOG | 2571787 | aRapBi1cCZPZAGLIDny3dk3hQ8vTmNTLHRl8zxmKgQ0= | 13949.1 | 8.32962 | 13390.6 | 0.0512246 | -0.998687 | 0 | CZ527 | 1
SCRIPT       : DATA_LOG | 2572789 | aRapBi1cCZPZAGLIDny3dk3hQ8vTmNTLHRl8zxmKgQ0= | 13948.6 | 8.3302 | 13391 | 0.876707 | 0.481026 | 0 | CZ527 | 1
SCRIPT       : DATA_LOG | 2573791 | aRapBi1cCZPZAGLIDny3dk3hQ8vTmNTLHRl8zxmKgQ0= | 13950.8 | 8.32757 | 13392.8 | 0.93642 | 0.350881 | 0 | CZ527 | 1
SCRIPT       : DATA_LOG | 2574791 | aRapBi1cCZPZAGLIDny3dk3hQ8vTmNTLHRl8zxmKgQ0= | 13949.8 | 8.32879 | 13390.7 | -0.510875 | -0.859655 | 0 | CZ527 | 1
SCRIPT       : DATA_LOG | 2575792 | aRapBi1cCZPZAGLIDny3dk3hQ8vTmNTLHRl8zxmKgQ0= | 13949.3 | 8.32936 | 13389.6 | -0.564727 | -0.825278 | 0 | CZ527 | 1
SCRIPT       : DATA_LOG | 2576793 | aRapBi1cCZPZAGLIDny3dk3hQ8vTmNTLHRl8zxmKgQ0= | 13950.4 | 8.32805 | 13391.2 | -0.570601 | -0.821227 | 0 | CZ527 | 1
SCRIPT       : DATA_LOG | 2577794 | aRapBi1cCZPZAGLIDny3dk3hQ8vTmNTLHRl8zxmKgQ0= | 13950 | 8.32848 | 13391.5 | -0.565273 | -0.824904 | 0 | CZ527 | 1
SCRIPT       : DATA_LOG | 2578795 | aRapBi1cCZPZAGLIDny3dk3hQ8vTmNTLHRl8zxmKgQ0= | 13950 | 8.32848 | 13391.5 | -0.565273 | -0.824904 | 0 | CZ527 | 1
SCRIPT       : DATA_LOG | 2579796 | aRapBi1cCZPZAGLIDny3dk3hQ8vTmNTLHRl8zxmKgQ0= | 13950 | 8.32848 | 13391.5 | -0.565273 | -0.824904 | 0 | CZ527 | 1
SCRIPT       : DATA_LOG | 2580797 | aRapBi1cCZPZAGLIDny3dk3hQ8vTmNTLHRl8zxmKgQ0= | 13950 | 8.32848 | 13391.5 | -0.565273 | -0.824904 | 0 | CZ527 | 1
SCRIPT       : DATA_LOG | 2581798 | aRapBi1cCZPZAGLIDny3dk3hQ8vTmNTLHRl8zxmKgQ0= | 13950 | 8.32848 | 13391.5 | -0.565273 | -0.824904 | 0 | CZ527 | 1
SCRIPT       : DATA_LOG | 2582799 | aRapBi1cCZPZAGLIDny3dk3hQ8vTmNTLHRl8zxmKgQ0= | 13950 | 8.32848 | 13391.5 | -0.565273 | -0.824904 | 0 | CZ527 | 1
SCRIPT       : DATA_LOG | 2583800 | aRapBi1cCZPZAGLIDny3dk3hQ8vTmNTLHRl8zxmKgQ0= | 13950 | 8.32848 | 13391.5 | -0.565273 | -0.824904 | 0 | CZ527 | 1
SCRIPT       : DATA_LOG | 2584801 | aRapBi1cCZPZAGLIDny3dk3hQ8vTmNTLHRl8zxmKgQ0= | 13950 | 8.32848 | 13391.5 | -0.565273 | -0.824904 | 0 | CZ527 | 1
SCRIPT       : DATA_LOG | 2585802 | aRapBi1cCZPZAGLIDny3dk3hQ8vTmNTLHRl8zxmKgQ0= | 13950 | 8.32848 | 13391.5 | -0.565273 | -0.824904 | 0 | CZ527 | 1
SCRIPT       : DATA_LOG | 2586803 | aRapBi1cCZPZAGLIDny3dk3hQ8vTmNTLHRl8zxmKgQ0= | 13950 | 8.32848 | 13391.5 | -0.565273 | -0.824904 | 0 | CZ527 | 1
SCRIPT       : DATA_LOG | 2587804 | aRapBi1cCZPZAGLIDny3dk3hQ8vTmNTLHRl8zxmKgQ0= | 13950.2 | 8.32827 | 13391.9 | -0.408591 | -0.912717 | 0 | CZ527 | 1
SCRIPT       : DATA_LOG | 2588805 | aRapBi1cCZPZAGLIDny3dk3hQ8vTmNTLHRl8zxmKgQ0= | 13949.5 | 8.3291 | 13391.5 | 0.96397 | -0.266012 | 0 | CZ527 | 1
SCRIPT       : DATA_LOG | 2589806 | aRapBi1cCZPZAGLIDny3dk3hQ8vTmNTLHRl8zxmKgQ0= | 13949 | 8.32965 | 13389.9 | 0.690999 | 0.722856 | 0 | CZ527 | 1
SCRIPT       : DATA_LOG | 2590807 | aRapBi1cCZPZAGLIDny3dk3hQ8vTmNTLHRl8zxmKgQ0= | 13949 | 8.32965 | 13389.9 | 0.998104 | -0.0615502 | 0 | CZ527 | 1
SCRIPT       : DATA_LOG | 2591809 | aRapBi1cCZPZAGLIDny3dk3hQ8vTmNTLHRl8zxmKgQ0= | 13949 | 8.32965 | 13389.9 | 0.653333 | -0.757071 | 0 | CZ527 | 1
SCRIPT       : DATA_LOG | 2592809 | aRapBi1cCZPZAGLIDny3dk3hQ8vTmNTLHRl8zxmKgQ0= | 13949 | 8.32965 | 13389.9 | 0.653333 | -0.757071 | 0 | CZ527 | 1
SCRIPT       : DATA_LOG | 2593812 | aRapBi1cCZPZAGLIDny3dk3hQ8vTmNTLHRl8zxmKgQ0= | 13949 | 8.32965 | 13389.9 | 0.653333 | -0.757071 | 0 | CZ527 | 1
SCRIPT       : DATA_LOG | 2594813 | aRapBi1cCZPZAGLIDny3dk3hQ8vTmNTLHRl8zxmKgQ0= | 13949 | 8.32965 | 13389.9 | 0.653333 | -0.757071 | 0 | CZ527 | 1
SCRIPT       : DATA_LOG | 2595814 | aRapBi1cCZPZAGLIDny3dk3hQ8vTmNTLHRl8zxmKgQ0= | 13949 | 8.32965 | 13389.9 | 0.653333 | -0.757071 | 0 | CZ527 | 1
SCRIPT       : DATA_LOG | 2596815 | aRapBi1cCZPZAGLIDny3dk3hQ8vTmNTLHRl8zxmKgQ0= | 13949 | 8.32965 | 13389.9 | 0.653333 | -0.757071 | 0 | CZ527 | 1
SCRIPT       : DATA_LOG | 2597816 | aRapBi1cCZPZAGLIDny3dk3hQ8vTmNTLHRl8zxmKgQ0= | 13949 | 8.32965 | 13389.9 | 0.653333 | -0.757071 | 0 | CZ527 | 1
SCRIPT       : DATA_LOG | 2598817 | aRapBi1cCZPZAGLIDny3dk3hQ8vTmNTLHRl8zxmKgQ0= | 13949 | 8.32965 | 13389.9 | 0.653333 | -0.757071 | 0 | CZ527 | 1
SCRIPT       : DATA_LOG | 2599818 | aRapBi1cCZPZAGLIDny3dk3hQ8vTmNTLHRl8zxmKgQ0= | 13949 | 8.32965 | 13389.9 | 0.653333 | -0.757071 | 0 | CZ527 | 1
SCRIPT       : DATA_LOG | 2600819 | aRapBi1cCZPZAGLIDny3dk3hQ8vTmNTLHRl8zxmKgQ0= | 13949.9 | 8.32862 | 13390.6 | -0.503627 | -0.863921 | 0 | CZ527 | 1
SCRIPT       : DATA_LOG | 2601820 | aRapBi1cCZPZAGLIDny3dk3hQ8vTmNTLHRl8zxmKgQ0= | 13950 | 8.32852 | 13390.6 | -0.503627 | -0.863921 | 0 | CZ527 | 1
SCRIPT       : DATA_LOG | 2602821 | aRapBi1cCZPZAGLIDny3dk3hQ8vTmNTLHRl8zxmKgQ0= | 13950 | 8.32852 | 13390.6 | -0.503627 | -0.863921 | 0 | CZ527 | 1
SCRIPT       : DATA_LOG | 2603822 | aRapBi1cCZPZAGLIDny3dk3hQ8vTmNTLHRl8zxmKgQ0= | 13950 | 8.32852 | 13390.6 | -0.503627 | -0.863921 | 0 | CZ527 | 1
SCRIPT       : DATA_LOG | 2604823 | aRapBi1cCZPZAGLIDny3dk3hQ8vTmNTLHRl8zxmKgQ0= | 13950 | 8.32852 | 13390.6 | -0.503627 | -0.863921 | 0 | CZ527 | 1
SCRIPT       : DATA_LOG | 2605824 | aRapBi1cCZPZAGLIDny3dk3hQ8vTmNTLHRl8zxmKgQ0= | 13950 | 8.32852 | 13390.6 | -0.503627 | -0.863921 | 0 | CZ527 | 1
SCRIPT       : DATA_LOG | 2606825 | aRapBi1cCZPZAGLIDny3dk3hQ8vTmNTLHRl8zxmKgQ0= | 13950 | 8.32852 | 13390.6 | -0.503627 | -0.863921 | 0 | CZ527 | 1
SCRIPT       : DATA_LOG | 2607826 | aRapBi1cCZPZAGLIDny3dk3hQ8vTmNTLHRl8zxmKgQ0= | 13950 | 8.32852 | 13390.6 | -0.503627 | -0.863921 | 0 | CZ527 | 1
SCRIPT       : DATA_LOG | 2608827 | aRapBi1cCZPZAGLIDny3dk3hQ8vTmNTLHRl8zxmKgQ0= | 13950 | 8.32852 | 13390.6 | -0.503627 | -0.863921 | 0 | CZ527 | 1
SCRIPT       : DATA_LOG | 2609828 | aRapBi1cCZPZAGLIDny3dk3hQ8vTmNTLHRl8zxmKgQ0= | 13950 | 8.32852 | 13390.6 | -0.503627 | -0.863921 | 0 | CZ527 | 1
SCRIPT       : DATA_LOG | 2610829 | aRapBi1cCZPZAGLIDny3dk3hQ8vTmNTLHRl8zxmKgQ0= | 13950 | 8.32852 | 13390.6 | -0.503627 | -0.863921 | 0 | CZ527 | 1
SCRIPT       : DATA_LOG | 2611830 | aRapBi1cCZPZAGLIDny3dk3hQ8vTmNTLHRl8zxmKgQ0= | 13950 | 8.32852 | 13390.6 | -0.503627 | -0.863921 | 0 | CZ527 | 1
SCRIPT       : DATA_LOG | 2612832 | aRapBi1cCZPZAGLIDny3dk3hQ8vTmNTLHRl8zxmKgQ0= | 13950 | 8.32852 | 13390.6 | -0.503627 | -0.863921 | 0 | CZ527 | 1
SCRIPT       : DATA_LOG | 2613832 | aRapBi1cCZPZAGLIDny3dk3hQ8vTmNTLHRl8zxmKgQ0= | 13950 | 8.32852 | 13390.6 | -0.503627 | -0.863921 | 0 | CZ527 | 1
SCRIPT       : DATA_LOG | 2614833 | aRapBi1cCZPZAGLIDny3dk3hQ8vTmNTLHRl8zxmKgQ0= | 13950 | 8.32852 | 13390.6 | -0.503627 | -0.863921 | 0 | CZ527 | 1
SCRIPT       : DATA_LOG | 2615834 | aRapBi1cCZPZAGLIDny3dk3hQ8vTmNTLHRl8zxmKgQ0= | 13950 | 8.32852 | 13390.6 | -0.503627 | -0.863921 | 0 | CZ527 | 1
SCRIPT       : DATA_LOG | 2616835 | aRapBi1cCZPZAGLIDny3dk3hQ8vTmNTLHRl8zxmKgQ0= | 13950 | 8.32852 | 13390.6 | -0.503627 | -0.863921 | 0 | CZ527 | 1
SCRIPT       : DATA_LOG | 2617836 | aRapBi1cCZPZAGLIDny3dk3hQ8vTmNTLHRl8zxmKgQ0= | 13950 | 8.32852 | 13390.6 | -0.503627 | -0.863921 | 0 | CZ527 | 1
SCRIPT       : DATA_LOG | 2618837 | aRapBi1cCZPZAGLIDny3dk3hQ8vTmNTLHRl8zxmKgQ0= | 13950 | 8.32852 | 13390.6 | -0.503627 | -0.863921 | 0 | CZ527 | 1
SCRIPT       : DATA_LOG | 2619838 | aRapBi1cCZPZAGLIDny3dk3hQ8vTmNTLHRl8zxmKgQ0= | 13950 | 8.32852 | 13390.6 | -0.503627 | -0.863921 | 0 | CZ527 | 1
SCRIPT       : DATA_LOG | 2620839 | aRapBi1cCZPZAGLIDny3dk3hQ8vTmNTLHRl8zxmKgQ0= | 13950 | 8.32852 | 13390.6 | -0.503627 | -0.863921 | 0 | CZ527 | 1
SCRIPT       : DATA_LOG | 2621840 | aRapBi1cCZPZAGLIDny3dk3hQ8vTmNTLHRl8zxmKgQ0= | 13950 | 8.32852 | 13390.6 | -0.503627 | -0.863921 | 0 | CZ527 | 1
SCRIPT       : DATA_LOG | 2622841 | aRapBi1cCZPZAGLIDny3dk3hQ8vTmNTLHRl8zxmKgQ0= | 13950 | 8.32852 | 13390.6 | -0.503627 | -0.863921 | 0 | CZ527 | 1
SCRIPT       : DATA_LOG | 2623842 | aRapBi1cCZPZAGLIDny3dk3hQ8vTmNTLHRl8zxmKgQ0= | 13950 | 8.32852 | 13390.6 | -0.503627 | -0.863921 | 0 | CZ527 | 1
SCRIPT       : DATA_LOG | 2624843 | aRapBi1cCZPZAGLIDny3dk3hQ8vTmNTLHRl8zxmKgQ0= | 13950 | 8.32852 | 13390.6 | -0.503627 | -0.863921 | 0 | CZ527 | 1
SCRIPT       : DATA_LOG | 2625844 | aRapBi1cCZPZAGLIDny3dk3hQ8vTmNTLHRl8zxmKgQ0= | 13950 | 8.32852 | 13390.6 | -0.503627 | -0.863921 | 0 | CZ527 | 1
SCRIPT       : DATA_LOG | 2626845 | aRapBi1cCZPZAGLIDny3dk3hQ8vTmNTLHRl8zxmKgQ0= | 13950 | 8.32852 | 13390.6 | -0.503627 | -0.863921 | 0 | CZ527 | 1
SCRIPT       : DATA_LOG | 2627846 | aRapBi1cCZPZAGLIDny3dk3hQ8vTmNTLHRl8zxmKgQ0= | 13950 | 8.32852 | 13390.6 | -0.503627 | -0.863921 | 0 | CZ527 | 1
SCRIPT       : DATA_LOG | 2628847 | aRapBi1cCZPZAGLIDny3dk3hQ8vTmNTLHRl8zxmKgQ0= | 13950 | 8.32852 | 13390.6 | -0.503627 | -0.863921 | 0 | CZ527 | 1
SCRIPT       : DATA_LOG | 2629848 | aRapBi1cCZPZAGLIDny3dk3hQ8vTmNTLHRl8zxmKgQ0= | 13950 | 8.32852 | 13390.6 | -0.503627 | -0.863921 | 0 | CZ527 | 1
SCRIPT       : DATA_LOG | 2630849 | aRapBi1cCZPZAGLIDny3dk3hQ8vTmNTLHRl8zxmKgQ0= | 13950 | 8.32852 | 13390.6 | -0.503627 | -0.863921 | 0 | CZ527 | 1
SCRIPT       : DATA_LOG | 2631850 | aRapBi1cCZPZAGLIDny3dk3hQ8vTmNTLHRl8zxmKgQ0= | 13950 | 8.32852 | 13390.6 | -0.503627 | -0.863921 | 0 | none | 1
SCRIPT       : DATA_LOG | 2632851 | aRapBi1cCZPZAGLIDny3dk3hQ8vTmNTLHRl8zxmKgQ0= | 13950 | 8.32852 | 13390.6 | -0.503627 | -0.863921 | 0 | none | 1
SCRIPT       : DATA_LOG | 2633853 | aRapBi1cCZPZAGLIDny3dk3hQ8vTmNTLHRl8zxmKgQ0= | 13949.2 | 8.32943 | 13389.7 | -0.651055 | -0.759031 | 0 | none | 1
SCRIPT       : DATA_LOG | 2634853 | aRapBi1cCZPZAGLIDny3dk3hQ8vTmNTLHRl8zxmKgQ0= | 13947.3 | 8.3318 | 13387.6 | 0.266195 | -0.963919 | 0 | none | 1
SCRIPT       : DATA_LOG | 2635854 | aRapBi1cCZPZAGLIDny3dk3hQ8vTmNTLHRl8zxmKgQ0= | 13950.3 | 8.21222 | 13386.4 | 0.990055 | 0.14068 | 0 | none | 1
SCRIPT       : DATA_LOG | 2636855 | aRapBi1cCZPZAGLIDny3dk3hQ8vTmNTLHRl8zxmKgQ0= | 13952.1 | 4.53843 | 13388.7 | 0.805688 | -0.592341 | 0 | none | 1
SCRIPT       : DATA_LOG | 2637856 | aRapBi1cCZPZAGLIDny3dk3hQ8vTmNTLHRl8zxmKgQ0= | 13950.6 | 7.32959 | 13387.2 | -0.585632 | -0.810577 | 0 | none | 1
SCRIPT       : DATA_LOG | 2638857 | aRapBi1cCZPZAGLIDny3dk3hQ8vTmNTLHRl8zxmKgQ0= | 13949.5 | 8.32915 | 13385.8 | -0.66328 | -0.748371 | 0 | none | 1
SCRIPT       : DATA_LOG | 2639858 | aRapBi1cCZPZAGLIDny3dk3hQ8vTmNTLHRl8zxmKgQ0= | 13949.5 | 8.32915 | 13385.8 | -0.491014 | -0.871152 | 0 | none | 1
SCRIPT       : DATA_LOG | 2640859 | aRapBi1cCZPZAGLIDny3dk3hQ8vTmNTLHRl8zxmKgQ0= | 13949.5 | 8.32915 | 13385.8 | 0.142291 | -0.989825 | 0 | none | 1
SCRIPT       : DATA_LOG | 2641860 | aRapBi1cCZPZAGLIDny3dk3hQ8vTmNTLHRl8zxmKgQ0= | 13949.5 | 8.32915 | 13385.8 | 0.142291 | -0.989825 | 0 | none | 1
SCRIPT       : DATA_LOG | 2642861 | aRapBi1cCZPZAGLIDny3dk3hQ8vTmNTLHRl8zxmKgQ0= | 13949.5 | 8.32915 | 13385.8 | 0.142291 | -0.989825 | 0 | none | 1
SCRIPT       : DATA_LOG | 2643864 | aRapBi1cCZPZAGLIDny3dk3hQ8vTmNTLHRl8zxmKgQ0= | 13949.5 | 8.32915 | 13385.8 | 0.142291 | -0.989825 | 0 | none | 1
SCRIPT       : DATA_LOG | 2644864 | aRapBi1cCZPZAGLIDny3dk3hQ8vTmNTLHRl8zxmKgQ0= | 13949.5 | 8.32915 | 13385.8 | 0.142291 | -0.989825 | 0 | none | 1
SCRIPT       : DATA_LOG | 2645865 | aRapBi1cCZPZAGLIDny3dk3hQ8vTmNTLHRl8zxmKgQ0= | 13949.5 | 8.32915 | 13385.8 | 0.142291 | -0.989825 | 0 | none | 1
SCRIPT       : DATA_LOG | 2646866 | aRapBi1cCZPZAGLIDny3dk3hQ8vTmNTLHRl8zxmKgQ0= | 13951.4 | 8.32686 | 13384.2 | 0.0073882 | -0.999973 | 0 | none | 1
SCRIPT       : DATA_LOG | 2647867 | aRapBi1cCZPZAGLIDny3dk3hQ8vTmNTLHRl8zxmKgQ0= | 13951.8 | 8.3263 | 13383.3 | -0.14339 | -0.989666 | 0 | none | 1
SCRIPT       : DATA_LOG | 2648868 | aRapBi1cCZPZAGLIDny3dk3hQ8vTmNTLHRl8zxmKgQ0= | 13951.8 | 8.3263 | 13383.3 | -0.14339 | -0.989666 | 0 | none | 1
SCRIPT       : DATA_LOG | 2649869 | aRapBi1cCZPZAGLIDny3dk3hQ8vTmNTLHRl8zxmKgQ0= | 13951.8 | 8.3263 | 13383.3 | -0.14339 | -0.989666 | 0 | none | 1
SCRIPT       : DATA_LOG | 2650870 | aRapBi1cCZPZAGLIDny3dk3hQ8vTmNTLHRl8zxmKgQ0= | 13951.8 | 8.3263 | 13383.3 | -0.14339 | -0.989666 | 0 | none | 1
SCRIPT       : DATA_LOG | 2651871 | aRapBi1cCZPZAGLIDny3dk3hQ8vTmNTLHRl8zxmKgQ0= | 13951.8 | 8.3263 | 13383.3 | -0.14339 | -0.989666 | 0 | none | 1
SCRIPT       : DATA_LOG | 2652872 | aRapBi1cCZPZAGLIDny3dk3hQ8vTmNTLHRl8zxmKgQ0= | 13951.8 | 8.3263 | 13383.3 | -0.14339 | -0.989666 | 0 | none | 1
SCRIPT       : DATA_LOG | 2653873 | aRapBi1cCZPZAGLIDny3dk3hQ8vTmNTLHRl8zxmKgQ0= | 13951.8 | 8.3263 | 13383.3 | -0.14339 | -0.989666 | 0 | none | 1
SCRIPT       : DATA_LOG | 2654874 | aRapBi1cCZPZAGLIDny3dk3hQ8vTmNTLHRl8zxmKgQ0= | 13951.8 | 8.3263 | 13383.3 | -0.14339 | -0.989666 | 0 | none | 1
SCRIPT       : DATA_LOG | 2655875 | aRapBi1cCZPZAGLIDny3dk3hQ8vTmNTLHRl8zxmKgQ0= | 13951.8 | 8.3263 | 13383.3 | -0.14339 | -0.989666 | 0 | none | 1
SCRIPT       : DATA_LOG | 2656876 | aRapBi1cCZPZAGLIDny3dk3hQ8vTmNTLHRl8zxmKgQ0= | 13951.8 | 8.3263 | 13383.3 | -0.73119 | -0.682174 | 0 | none | 1
SCRIPT       : DATA_LOG | 2657877 | aRapBi1cCZPZAGLIDny3dk3hQ8vTmNTLHRl8zxmKgQ0= | 13950.9 | 8.32745 | 13384.1 | -0.537743 | 0.843109 | 0 | none | 1
SCRIPT       : DATA_LOG | 2658878 | aRapBi1cCZPZAGLIDny3dk3hQ8vTmNTLHRl8zxmKgQ0= | 13950.9 | 6.98969 | 13387.2 | 0.706093 | 0.708119 | 0 | none | 1
SCRIPT       : DATA_LOG | 2659879 | aRapBi1cCZPZAGLIDny3dk3hQ8vTmNTLHRl8zxmKgQ0= | 13953.1 | 4.02857 | 13388.7 | 0.850879 | 0.525362 | 0 | none | 1
SCRIPT       : DATA_LOG | 2660880 | aRapBi1cCZPZAGLIDny3dk3hQ8vTmNTLHRl8zxmKgQ0= | 13953.1 | 4.02857 | 13388.7 | 0.850879 | 0.525362 | 0 | none | 1
SCRIPT       : DATA_LOG | 2661881 | aRapBi1cCZPZAGLIDny3dk3hQ8vTmNTLHRl8zxmKgQ0= | 13953.1 | 4.02857 | 13388.7 | 0.850879 | 0.525362 | 0 | none | 1
SCRIPT       : DATA_LOG | 2662882 | aRapBi1cCZPZAGLIDny3dk3hQ8vTmNTLHRl8zxmKgQ0= | 13953.1 | 4.02857 | 13388.7 | 0.850879 | 0.525362 | 0 | none | 1
SCRIPT       : DATA_LOG | 2663883 | aRapBi1cCZPZAGLIDny3dk3hQ8vTmNTLHRl8zxmKgQ0= | 13953.1 | 4.02857 | 13388.7 | 0.850879 | 0.525362 | 0 | none | 1
SCRIPT       : DATA_LOG | 2664884 | aRapBi1cCZPZAGLIDny3dk3hQ8vTmNTLHRl8zxmKgQ0= | 13953.1 | 4.02857 | 13388.7 | 0.850879 | 0.525362 | 0 | none | 1
SCRIPT       : DATA_LOG | 2665885 | aRapBi1cCZPZAGLIDny3dk3hQ8vTmNTLHRl8zxmKgQ0= | 13953.1 | 4.02857 | 13388.7 | 0.850879 | 0.525362 | 0 | none | 1
SCRIPT       : DATA_LOG | 2666886 | aRapBi1cCZPZAGLIDny3dk3hQ8vTmNTLHRl8zxmKgQ0= | 13953.1 | 4.02857 | 13388.7 | 0.850879 | 0.525362 | 0 | none | 1
SCRIPT       : DATA_LOG | 2667887 | aRapBi1cCZPZAGLIDny3dk3hQ8vTmNTLHRl8zxmKgQ0= | 13953.1 | 4.02857 | 13388.7 | 0.850879 | 0.525362 | 0 | none | 1
SCRIPT       : DATA_LOG | 2668888 | aRapBi1cCZPZAGLIDny3dk3hQ8vTmNTLHRl8zxmKgQ0= | 13953.1 | 4.02857 | 13388.7 | 0.850879 | 0.525362 | 0 | none | 1
SCRIPT       : DATA_LOG | 2669889 | aRapBi1cCZPZAGLIDny3dk3hQ8vTmNTLHRl8zxmKgQ0= | 13953.1 | 4.02857 | 13388.7 | 0.850879 | 0.525362 | 0 | none | 1
SCRIPT       : DATA_LOG | 2670890 | aRapBi1cCZPZAGLIDny3dk3hQ8vTmNTLHRl8zxmKgQ0= | 13953.1 | 4.02857 | 13388.7 | 0.850879 | 0.525362 | 0 | CZ527 | 1
SCRIPT       : DATA_LOG | 2671891 | aRapBi1cCZPZAGLIDny3dk3hQ8vTmNTLHRl8zxmKgQ0= | 13953.1 | 4.02857 | 13388.7 | 0.850879 | 0.525362 | 0 | CZ527 | 1
SCRIPT       : DATA_LOG | 2672892 | aRapBi1cCZPZAGLIDny3dk3hQ8vTmNTLHRl8zxmKgQ0= | 13953.9 | 3.95315 | 13388.8 | 0.998209 | 0.0598146 | 0 | CZ527 | 1
SCRIPT       : DATA_LOG | 2673893 | aRapBi1cCZPZAGLIDny3dk3hQ8vTmNTLHRl8zxmKgQ0= | 13955 | 3.95191 | 13388.3 | 0.897067 | 0.441895 | 0 | CZ527 | 1
SCRIPT       : DATA_LOG | 2674894 | aRapBi1cCZPZAGLIDny3dk3hQ8vTmNTLHRl8zxmKgQ0= | 13956.9 | 3.19309 | 13390.9 | -0.454289 | 0.890854 | 0 | CZ527 | 1
SCRIPT       : DATA_LOG | 2675895 | aRapBi1cCZPZAGLIDny3dk3hQ8vTmNTLHRl8zxmKgQ0= | 13959.2 | 3.1686 | 13391.8 | 0.708208 | -0.706004 | 0 | CZ527 | 1
SCRIPT       : DATA_LOG | 2676896 | aRapBi1cCZPZAGLIDny3dk3hQ8vTmNTLHRl8zxmKgQ0= | 13963.9 | 3.28221 | 13387.6 | 0.0381548 | -0.999272 | 0 | CZ527 | 1
SCRIPT       : DATA_LOG | 2677897 | aRapBi1cCZPZAGLIDny3dk3hQ8vTmNTLHRl8zxmKgQ0= | 13968 | 3.31495 | 13383.2 | -0.634038 | -0.773302 | 0 | CZ527 | 1
SCRIPT       : DATA_LOG | 2678898 | aRapBi1cCZPZAGLIDny3dk3hQ8vTmNTLHRl8zxmKgQ0= | 13970.5 | 3.31499 | 13381.1 | -0.507528 | -0.861635 | 0 | CZ527 | 1
SCRIPT       : DATA_LOG | 2679899 | aRapBi1cCZPZAGLIDny3dk3hQ8vTmNTLHRl8zxmKgQ0= | 13971.3 | 3.31499 | 13377.7 | -0.92878 | -0.370632 | 0 | CZ527 | 1
SCRIPT       : DATA_LOG | 2680900 | aRapBi1cCZPZAGLIDny3dk3hQ8vTmNTLHRl8zxmKgQ0= | 13970.6 | 3.31499 | 13373.8 | -0.999994 | 0.00341072 | 0 | CZ527 | 1
SCRIPT       : DATA_LOG | 2681902 | aRapBi1cCZPZAGLIDny3dk3hQ8vTmNTLHRl8zxmKgQ0= | 13970.9 | 3.31499 | 13373.6 | -0.454063 | 0.89097 | 0 | CZ527 | 1
SCRIPT       : DATA_LOG | 2682902 | aRapBi1cCZPZAGLIDny3dk3hQ8vTmNTLHRl8zxmKgQ0= | 13970.8 | 3.31488 | 13380 | -0.49552 | 0.868597 | 0 | CZ527 | 1
SCRIPT       : DATA_LOG | 2683903 | aRapBi1cCZPZAGLIDny3dk3hQ8vTmNTLHRl8zxmKgQ0= | 13970.4 | 3.31497 | 13384.8 | -0.644141 | 0.764907 | 0 | CZ527 | 1
SCRIPT       : DATA_LOG | 2684904 | aRapBi1cCZPZAGLIDny3dk3hQ8vTmNTLHRl8zxmKgQ0= | 13967.8 | 3.31496 | 13390.3 | -0.638373 | 0.769727 | 0 | CZ527 | 1
SCRIPT       : DATA_LOG | 2685905 | aRapBi1cCZPZAGLIDny3dk3hQ8vTmNTLHRl8zxmKgQ0= | 13966.2 | 3.31499 | 13393.5 | -0.638373 | 0.769728 | 0 | CZ527 | 1
SCRIPT       : DATA_LOG | 2686906 | aRapBi1cCZPZAGLIDny3dk3hQ8vTmNTLHRl8zxmKgQ0= | 13964 | 3.315 | 13396.1 | -0.505546 | 0.8628 | 0 | CZ527 | 1
SCRIPT       : DATA_LOG | 2687907 | aRapBi1cCZPZAGLIDny3dk3hQ8vTmNTLHRl8zxmKgQ0= | 13963.1 | 3.31498 | 13397.6 | -0.496101 | 0.868265 | 0 | CZ527 | 1
SCRIPT       : DATA_LOG | 2688908 | aRapBi1cCZPZAGLIDny3dk3hQ8vTmNTLHRl8zxmKgQ0= | 13963.1 | 3.31498 | 13397.6 | -0.496101 | 0.868265 | 0 | CZ527 | 1
SCRIPT       : DATA_LOG | 2689909 | aRapBi1cCZPZAGLIDny3dk3hQ8vTmNTLHRl8zxmKgQ0= | 13963.1 | 3.31498 | 13397.6 | -0.496101 | 0.868265 | 0 | CZ527 | 1
SCRIPT       : DATA_LOG | 2690910 | aRapBi1cCZPZAGLIDny3dk3hQ8vTmNTLHRl8zxmKgQ0= | 13963.1 | 3.31498 | 13397.6 | -0.496101 | 0.868265 | 0 | CZ527 | 1
SCRIPT       : DATA_LOG | 2691911 | aRapBi1cCZPZAGLIDny3dk3hQ8vTmNTLHRl8zxmKgQ0= | 13963.1 | 3.31498 | 13397.6 | -0.496101 | 0.868265 | 0 | CZ527 | 1
SCRIPT       : DATA_LOG | 2692912 | aRapBi1cCZPZAGLIDny3dk3hQ8vTmNTLHRl8zxmKgQ0= | 13963.1 | 3.31498 | 13397.6 | -0.496101 | 0.868265 | 0 | CZ527 | 1
SCRIPT       : DATA_LOG | 2693914 | aRapBi1cCZPZAGLIDny3dk3hQ8vTmNTLHRl8zxmKgQ0= | 13963.1 | 3.31498 | 13397.6 | -0.496101 | 0.868265 | 0 | CZ527 | 1
SCRIPT       : DATA_LOG | 2694914 | aRapBi1cCZPZAGLIDny3dk3hQ8vTmNTLHRl8zxmKgQ0= | 13963.1 | 3.31498 | 13397.6 | -0.496101 | 0.868265 | 0 | CZ527 | 1
SCRIPT       : DATA_LOG | 2695915 | aRapBi1cCZPZAGLIDny3dk3hQ8vTmNTLHRl8zxmKgQ0= | 13963.1 | 3.31498 | 13397.6 | -0.496101 | 0.868265 | 0 | CZ527 | 1
SCRIPT       : DATA_LOG | 2696917 | aRapBi1cCZPZAGLIDny3dk3hQ8vTmNTLHRl8zxmKgQ0= | 13963.1 | 3.31498 | 13397.6 | -0.496101 | 0.868265 | 0 | CZ527 | 1
SCRIPT       : DATA_LOG | 2697917 | aRapBi1cCZPZAGLIDny3dk3hQ8vTmNTLHRl8zxmKgQ0= | 13963.1 | 3.31498 | 13397.6 | -0.496101 | 0.868265 | 0 | CZ527 | 1
SCRIPT       : DATA_LOG | 2698918 | aRapBi1cCZPZAGLIDny3dk3hQ8vTmNTLHRl8zxmKgQ0= | 13963.1 | 3.31498 | 13397.6 | -0.496101 | 0.868265 | 0 | CZ527 | 1
SCRIPT       : DATA_LOG | 2699919 | aRapBi1cCZPZAGLIDny3dk3hQ8vTmNTLHRl8zxmKgQ0= | 13963 | 3.31498 | 13397.7 | -0.63507 | 0.772455 | 0 | CZ527 | 1
SCRIPT       : DATA_LOG | 2700920 | aRapBi1cCZPZAGLIDny3dk3hQ8vTmNTLHRl8zxmKgQ0= | 13959.7 | 3.31489 | 13402.2 | -0.707768 | 0.706444 | 0 | CZ527 | 1
SCRIPT       : DATA_LOG | 2701921 | aRapBi1cCZPZAGLIDny3dk3hQ8vTmNTLHRl8zxmKgQ0= | 13959.7 | 3.31499 | 13408.7 | 0.913031 | 0.407891 | 0 | CZ527 | 1
SCRIPT       : DATA_LOG | 2702922 | aRapBi1cCZPZAGLIDny3dk3hQ8vTmNTLHRl8zxmKgQ0= | 13960.2 | 3.31496 | 13412.6 | 0.691185 | 0.722678 | 0 | CZ527 | 1
SCRIPT       : DATA_LOG | 2703923 | aRapBi1cCZPZAGLIDny3dk3hQ8vTmNTLHRl8zxmKgQ0= | 13960.6 | 3.31498 | 13419.1 | 0.00112493 | 0.999999 | 0 | CZ527 | 1
SCRIPT       : DATA_LOG | 2704924 | aRapBi1cCZPZAGLIDny3dk3hQ8vTmNTLHRl8zxmKgQ0= | 13962.5 | 3.46762 | 13425.5 | 0.299105 | 0.95422 | 0 | CZ527 | 1
SCRIPT       : DATA_LOG | 2705925 | aRapBi1cCZPZAGLIDny3dk3hQ8vTmNTLHRl8zxmKgQ0= | 13962.8 | 3.31497 | 13428.7 | 0.173338 | 0.984862 | 0 | CZ527 | 1
SCRIPT       : DATA_LOG | 2706927 | aRapBi1cCZPZAGLIDny3dk3hQ8vTmNTLHRl8zxmKgQ0= | 13963.4 | 3.31498 | 13428.5 | 0.0611911 | 0.998126 | 0 | CZ527 | 1
SCRIPT       : DATA_LOG | 2707928 | aRapBi1cCZPZAGLIDny3dk3hQ8vTmNTLHRl8zxmKgQ0= | 13962.5 | 3.31497 | 13428.6 | 0.508686 | 0.860952 | 0 | CZ527 | 1
SCRIPT       : DATA_LOG | 2708930 | aRapBi1cCZPZAGLIDny3dk3hQ8vTmNTLHRl8zxmKgQ0= | 13960.7 | 3.31499 | 13431.2 | -0.358625 | 0.933482 | 0 | CZ527 | 1
SCRIPT       : DATA_LOG | 2709930 | aRapBi1cCZPZAGLIDny3dk3hQ8vTmNTLHRl8zxmKgQ0= | 13957 | 3.31493 | 13436.4 | -0.513831 | 0.857891 | 0 | CZ527 | 1
SCRIPT       : DATA_LOG | 2710932 | aRapBi1cCZPZAGLIDny3dk3hQ8vTmNTLHRl8zxmKgQ0= | 13955.7 | 3.31496 | 13439 | 0.144126 | 0.989559 | 0 | CZ527 | 1
SCRIPT       : DATA_LOG | 2711932 | aRapBi1cCZPZAGLIDny3dk3hQ8vTmNTLHRl8zxmKgQ0= | 13956.1 | 3.31499 | 13438.6 | 0.0217734 | 0.999763 | 0 | CZ527 | 1
SCRIPT       : DATA_LOG | 2712933 | aRapBi1cCZPZAGLIDny3dk3hQ8vTmNTLHRl8zxmKgQ0= | 13955.2 | 3.31494 | 13439.1 | 0.986735 | -0.162342 | 0 | CZ527 | 1
SCRIPT       : DATA_LOG | 2713934 | aRapBi1cCZPZAGLIDny3dk3hQ8vTmNTLHRl8zxmKgQ0= | 13954.5 | 3.31489 | 13440.8 | -0.10813 | -0.994137 | 0 | CZ527 | 1
SCRIPT       : DATA_LOG | 2714935 | aRapBi1cCZPZAGLIDny3dk3hQ8vTmNTLHRl8zxmKgQ0= | 13949.7 | 3.36085 | 13442 | -0.958905 | 0.283726 | 0 | CZ527 | 1
SCRIPT       : DATA_LOG | 2715936 | aRapBi1cCZPZAGLIDny3dk3hQ8vTmNTLHRl8zxmKgQ0= | 13943.6 | 3.31499 | 13443.1 | -0.937389 | -0.348284 | 0 | CZ527 | 1
SCRIPT       : DATA_LOG | 2716937 | aRapBi1cCZPZAGLIDny3dk3hQ8vTmNTLHRl8zxmKgQ0= | 13938.2 | 3.66289 | 13439.5 | -0.500239 | -0.865888 | 0 | CZ527 | 1
SCRIPT       : DATA_LOG | 2717938 | aRapBi1cCZPZAGLIDny3dk3hQ8vTmNTLHRl8zxmKgQ0= | 13932 | 4.83436 | 13437.6 | -0.887892 | -0.460052 | 0 | CZ527 | 1
SCRIPT       : DATA_LOG | 2718939 | aRapBi1cCZPZAGLIDny3dk3hQ8vTmNTLHRl8zxmKgQ0= | 13925.9 | 5.85201 | 13435 | -0.964476 | -0.264169 | 0 | CZ527 | 1
SCRIPT       : DATA_LOG | 2719940 | aRapBi1cCZPZAGLIDny3dk3hQ8vTmNTLHRl8zxmKgQ0= | 13920.1 | 5.95312 | 13431.7 | -0.945399 | 0.325916 | 0 | CZ527 | 1
SCRIPT       : DATA_LOG | 2720941 | aRapBi1cCZPZAGLIDny3dk3hQ8vTmNTLHRl8zxmKgQ0= | 13913.7 | 6.48208 | 13429.8 | -0.953933 | -0.300021 | 0 | CZ527 | 1
SCRIPT       : DATA_LOG | 2721942 | aRapBi1cCZPZAGLIDny3dk3hQ8vTmNTLHRl8zxmKgQ0= | 13908.5 | 6.73797 | 13426 | -0.302314 | -0.953208 | 0 | CZ527 | 1
SCRIPT       : DATA_LOG | 2722943 | aRapBi1cCZPZAGLIDny3dk3hQ8vTmNTLHRl8zxmKgQ0= | 13906 | 6.82382 | 13421.8 | 0.0143973 | -0.999896 | 0 | CZ527 | 1
SCRIPT       : DATA_LOG | 2723944 | aRapBi1cCZPZAGLIDny3dk3hQ8vTmNTLHRl8zxmKgQ0= | 13904.8 | 6.85161 | 13417 | -0.504793 | -0.863241 | 0 | CZ527 | 1
SCRIPT       : DATA_LOG | 2724945 | aRapBi1cCZPZAGLIDny3dk3hQ8vTmNTLHRl8zxmKgQ0= | 13904.5 | 6.85013 | 13416.8 | -0.222172 | -0.975007 | 0 | CZ527 | 1
SCRIPT       : DATA_LOG | 2725946 | aRapBi1cCZPZAGLIDny3dk3hQ8vTmNTLHRl8zxmKgQ0= | 13905 | 7.03407 | 13413.7 | 0.931298 | -0.364258 | 0 | CZ527 | 1
SCRIPT       : DATA_LOG | 2726947 | aRapBi1cCZPZAGLIDny3dk3hQ8vTmNTLHRl8zxmKgQ0= | 13905.3 | 7.03413 | 13412.5 | 0.952834 | -0.303492 | 0 | CZ527 | 1
SCRIPT       : DATA_LOG | 2727948 | aRapBi1cCZPZAGLIDny3dk3hQ8vTmNTLHRl8zxmKgQ0= | 13903 | 7.03408 | 13413.3 | -0.929596 | 0.368581 | 0 | CZ527 | 1
SCRIPT       : DATA_LOG | 2728949 | aRapBi1cCZPZAGLIDny3dk3hQ8vTmNTLHRl8zxmKgQ0= | 13902.1 | 7.03414 | 13413.6 | -0.965817 | 0.259224 | 0 | CZ527 | 1
SCRIPT       : DATA_LOG | 2729950 | aRapBi1cCZPZAGLIDny3dk3hQ8vTmNTLHRl8zxmKgQ0= | 13905.1 | 6.8561 | 13417.1 | 0.0793348 | 0.996848 | 0 | CZ527 | 1
SCRIPT       : DATA_LOG | 2730951 | aRapBi1cCZPZAGLIDny3dk3hQ8vTmNTLHRl8zxmKgQ0= | 13902.5 | 6.85497 | 13422.8 | -0.659875 | 0.751375 | 0 | CZ527 | 1
SCRIPT       : DATA_LOG | 2731952 | aRapBi1cCZPZAGLIDny3dk3hQ8vTmNTLHRl8zxmKgQ0= | 13900 | 6.85498 | 13426.6 | -0.791268 | 0.61147 | 0 | CZ527 | 1
SCRIPT       : DATA_LOG | 2732954 | aRapBi1cCZPZAGLIDny3dk3hQ8vTmNTLHRl8zxmKgQ0= | 13901 | 6.85495 | 13428.3 | -0.858452 | 0.512894 | 0 | CZ527 | 1
SCRIPT       : DATA_LOG | 2733955 | aRapBi1cCZPZAGLIDny3dk3hQ8vTmNTLHRl8zxmKgQ0= | 13899.1 | 6.85499 | 13431 | -0.940284 | -0.340391 | 0 | CZ527 | 1
SCRIPT       : DATA_LOG | 2734957 | aRapBi1cCZPZAGLIDny3dk3hQ8vTmNTLHRl8zxmKgQ0= | 13892.6 | 6.85498 | 13430.6 | -0.942886 | -0.333116 | 0 | CZ527 | 1
SCRIPT       : DATA_LOG | 2735957 | aRapBi1cCZPZAGLIDny3dk3hQ8vTmNTLHRl8zxmKgQ0= | 13888 | 6.85499 | 13431.2 | -0.362577 | -0.931954 | 0 | CZ527 | 1
SCRIPT       : DATA_LOG | 2736959 | aRapBi1cCZPZAGLIDny3dk3hQ8vTmNTLHRl8zxmKgQ0= | 13887.1 | 6.85499 | 13431.3 | 0.147565 | -0.989052 | 0 | CZ527 | 1
SCRIPT       : DATA_LOG | 2737959 | aRapBi1cCZPZAGLIDny3dk3hQ8vTmNTLHRl8zxmKgQ0= | 13887.2 | 6.85499 | 13431.3 | -0.0442855 | -0.999019 | 0 | CZ527 | 1
SCRIPT       : DATA_LOG | 2738962 | aRapBi1cCZPZAGLIDny3dk3hQ8vTmNTLHRl8zxmKgQ0= | 13886.9 | 6.85497 | 13430.5 | -0.260721 | -0.965414 | 0 | CZ527 | 1
SCRIPT       : DATA_LOG | 2739962 | aRapBi1cCZPZAGLIDny3dk3hQ8vTmNTLHRl8zxmKgQ0= | 13884.8 | 6.85498 | 13426.5 | 0.890171 | -0.455627 | 0 | CZ527 | 1
SCRIPT       : DATA_LOG | 2740963 | aRapBi1cCZPZAGLIDny3dk3hQ8vTmNTLHRl8zxmKgQ0= | 13883.3 | 6.85497 | 13426.7 | -0.414341 | 0.910122 | 0 | CZ527 | 1
SCRIPT       : DATA_LOG | 2741964 | aRapBi1cCZPZAGLIDny3dk3hQ8vTmNTLHRl8zxmKgQ0= | 13883.7 | 6.85737 | 13432.6 | 0.438128 | 0.898913 | 0 | CZ527 | 1
SCRIPT       : DATA_LOG | 2742965 | aRapBi1cCZPZAGLIDny3dk3hQ8vTmNTLHRl8zxmKgQ0= | 13886.7 | 7.03964 | 13438.5 | 0.0382715 | 0.999267 | 0 | CZ527 | 1
SCRIPT       : DATA_LOG | 2743966 | aRapBi1cCZPZAGLIDny3dk3hQ8vTmNTLHRl8zxmKgQ0= | 13887.6 | 7.08608 | 13445.1 | -0.416431 | 0.909167 | 0 | CZ527 | 1
SCRIPT       : DATA_LOG | 2744967 | aRapBi1cCZPZAGLIDny3dk3hQ8vTmNTLHRl8zxmKgQ0= | 13888.3 | 7.13674 | 13449.9 | -0.666873 | 0.745171 | 0 | CZ527 | 1
SCRIPT       : DATA_LOG | 2745968 | aRapBi1cCZPZAGLIDny3dk3hQ8vTmNTLHRl8zxmKgQ0= | 13888 | 7.19247 | 13456.1 | -0.789986 | 0.613125 | 0 | CZ527 | 1
SCRIPT       : DATA_LOG | 2746969 | aRapBi1cCZPZAGLIDny3dk3hQ8vTmNTLHRl8zxmKgQ0= | 13884.7 | 7.26578 | 13461.9 | -0.952357 | 0.304984 | 0 | CZ527 | 1
SCRIPT       : DATA_LOG | 2747970 | aRapBi1cCZPZAGLIDny3dk3hQ8vTmNTLHRl8zxmKgQ0= | 13881.5 | 7.44548 | 13467.7 | -0.255656 | 0.966768 | 0 | CZ527 | 1
SCRIPT       : DATA_LOG | 2748972 | aRapBi1cCZPZAGLIDny3dk3hQ8vTmNTLHRl8zxmKgQ0= | 13879.4 | 7.53773 | 13474.1 | -0.214327 | 0.976762 | 0 | CZ527 | 1
SCRIPT       : DATA_LOG | 2749972 | aRapBi1cCZPZAGLIDny3dk3hQ8vTmNTLHRl8zxmKgQ0= | 13878.4 | 7.68933 | 13480.7 | 0.00119467 | 0.999999 | 0 | CZ527 | 1
SCRIPT       : DATA_LOG | 2750973 | aRapBi1cCZPZAGLIDny3dk3hQ8vTmNTLHRl8zxmKgQ0= | 13878.9 | 6.7337 | 13487.3 | 0.185592 | 0.982627 | 0 | CZ527 | 1
SCRIPT       : DATA_LOG | 2751974 | aRapBi1cCZPZAGLIDny3dk3hQ8vTmNTLHRl8zxmKgQ0= | 13879.4 | 5.51929 | 13493.9 | 0.653231 | 0.757158 | 0 | CZ527 | 1
SCRIPT       : DATA_LOG | 2752976 | aRapBi1cCZPZAGLIDny3dk3hQ8vTmNTLHRl8zxmKgQ0= | 13881.9 | 3.06791 | 13499.7 | 0.65742 | 0.753524 | 0 | CZ527 | 1
SCRIPT       : DATA_LOG | 2753976 | aRapBi1cCZPZAGLIDny3dk3hQ8vTmNTLHRl8zxmKgQ0= | 13884.1 | 2.98167 | 13504.9 | 0.0732436 | 0.997314 | 0 | CZ527 | 1
SCRIPT       : DATA_LOG | 2754978 | aRapBi1cCZPZAGLIDny3dk3hQ8vTmNTLHRl8zxmKgQ0= | 13884.2 | 3.31496 | 13508.5 | 0.203483 | 0.979078 | 0 | CZ527 | 1
SCRIPT       : DATA_LOG | 2755978 | aRapBi1cCZPZAGLIDny3dk3hQ8vTmNTLHRl8zxmKgQ0= | 13887.3 | 3.31495 | 13514.4 | 0.980167 | 0.198175 | 0 | CZ527 | 1
SCRIPT       : DATA_LOG | 2756979 | aRapBi1cCZPZAGLIDny3dk3hQ8vTmNTLHRl8zxmKgQ0= | 13890.6 | 3.31495 | 13517.4 | 0.756628 | -0.653846 | 0 | CZ527 | 1
SCRIPT       : DATA_LOG | 2757980 | aRapBi1cCZPZAGLIDny3dk3hQ8vTmNTLHRl8zxmKgQ0= | 13891.5 | 3.38116 | 13520.5 | -0.634251 | 0.773127 | 0 | CZ527 | 1
SCRIPT       : DATA_LOG | 2758982 | aRapBi1cCZPZAGLIDny3dk3hQ8vTmNTLHRl8zxmKgQ0= | 13891.8 | 3.30586 | 13523.6 | -0.780166 | 0.625573 | 0 | CZ527 | 1
SCRIPT       : DATA_LOG | 2759982 | aRapBi1cCZPZAGLIDny3dk3hQ8vTmNTLHRl8zxmKgQ0= | 13890.3 | 3.3144 | 13529 | 0.9031 | 0.429431 | 0 | CZ527 | 1
SCRIPT       : DATA_LOG | 2760983 | aRapBi1cCZPZAGLIDny3dk3hQ8vTmNTLHRl8zxmKgQ0= | 13894.7 | 3.29293 | 13532.9 | 0.968511 | -0.248972 | 0 | CZ527 | 1
SCRIPT       : DATA_LOG | 2761984 | aRapBi1cCZPZAGLIDny3dk3hQ8vTmNTLHRl8zxmKgQ0= | 13899.4 | 3.46439 | 13536.2 | 0.813024 | 0.58223 | 0 | CZ527 | 1
SCRIPT       : DATA_LOG | 2762985 | aRapBi1cCZPZAGLIDny3dk3hQ8vTmNTLHRl8zxmKgQ0= | 13906.5 | 3.31496 | 13538.5 | 0.928204 | 0.372071 | 0 | CZ527 | 1
SCRIPT       : DATA_LOG | 2763986 | aRapBi1cCZPZAGLIDny3dk3hQ8vTmNTLHRl8zxmKgQ0= | 13912.8 | 3.31497 | 13539.4 | 0.962752 | 0.270385 | 0 | CZ527 | 1
SCRIPT       : DATA_LOG | 2764987 | aRapBi1cCZPZAGLIDny3dk3hQ8vTmNTLHRl8zxmKgQ0= | 13916.7 | 3.31498 | 13536 | 0.977637 | 0.210299 | 0 | CZ527 | 1
SCRIPT       : DATA_LOG | 2765988 | aRapBi1cCZPZAGLIDny3dk3hQ8vTmNTLHRl8zxmKgQ0= | 13922.5 | 3.31496 | 13532.9 | 0.863802 | 0.503831 | 0 | CZ527 | 1
SCRIPT       : DATA_LOG | 2766989 | aRapBi1cCZPZAGLIDny3dk3hQ8vTmNTLHRl8zxmKgQ0= | 13925.6 | 3.31498 | 13535 | -0.407756 | 0.913091 | 0 | CZ527 | 1
SCRIPT       : DATA_LOG | 2767991 | aRapBi1cCZPZAGLIDny3dk3hQ8vTmNTLHRl8zxmKgQ0= | 13925.6 | 3.38598 | 13538.5 | 0.792777 | 0.609512 | 0 | CZ527 | 1
SCRIPT       : DATA_LOG | 2768991 | aRapBi1cCZPZAGLIDny3dk3hQ8vTmNTLHRl8zxmKgQ0= | 13926.4 | 3.31499 | 13541.4 | 0.218079 | -0.975931 | 0 | CZ527 | 1
SCRIPT       : DATA_LOG | 2769992 | aRapBi1cCZPZAGLIDny3dk3hQ8vTmNTLHRl8zxmKgQ0= | 13923.6 | 3.31496 | 13542.1 | -0.745732 | -0.666246 | 0 | CZ527 | 1
SCRIPT       : DATA_LOG | 2770994 | aRapBi1cCZPZAGLIDny3dk3hQ8vTmNTLHRl8zxmKgQ0= | 13921.9 | 3.31487 | 13544.2 | 0.747466 | -0.6643 | 0 | none | 1
SCRIPT       : DATA_LOG | 2771994 | aRapBi1cCZPZAGLIDny3dk3hQ8vTmNTLHRl8zxmKgQ0= | 13921.1 | 3.31499 | 13545.2 | 0.710201 | -0.703999 | 0 | none | 1
SCRIPT       : DATA_LOG | 2773028 | aRapBi1cCZPZAGLIDny3dk3hQ8vTmNTLHRl8zxmKgQ0= | 13920.7 | 3.31499 | 13545.5 | 0.707546 | -0.706668 | 0 | none | 1
SCRIPT       : DATA_LOG | 2774028 | aRapBi1cCZPZAGLIDny3dk3hQ8vTmNTLHRl8zxmKgQ0= | 13918.7 | 3.31499 | 13547.4 | 0.734582 | -0.67852 | 0 | none | 1
SCRIPT       : DATA_LOG | 2775029 | aRapBi1cCZPZAGLIDny3dk3hQ8vTmNTLHRl8zxmKgQ0= | 13918.7 | 3.31499 | 13547.1 | 0.626911 | -0.779091 | 0 | none | 1
SCRIPT       : DATA_LOG | 2776030 | aRapBi1cCZPZAGLIDny3dk3hQ8vTmNTLHRl8zxmKgQ0= | 13920.5 | 3.31499 | 13545.8 | 0.877547 | -0.479491 | 0 | none | 1
SCRIPT       : DATA_LOG | 2777031 | aRapBi1cCZPZAGLIDny3dk3hQ8vTmNTLHRl8zxmKgQ0= | 13920.3 | 3.315 | 13545.7 | 0.937596 | -0.347728 | 0 | none | 1
SCRIPT       : DATA_LOG | 2778033 | aRapBi1cCZPZAGLIDny3dk3hQ8vTmNTLHRl8zxmKgQ0= | 13920.4 | 3.31499 | 13545.8 | 0.999663 | 0.0259634 | 0 | none | 1
SCRIPT       : DATA_LOG | 2779034 | aRapBi1cCZPZAGLIDny3dk3hQ8vTmNTLHRl8zxmKgQ0= | 13919.3 | 3.31484 | 13545.8 | 0.99941 | -0.0343349 | 0 | none | 1
SCRIPT       : DATA_LOG | 2780035 | aRapBi1cCZPZAGLIDny3dk3hQ8vTmNTLHRl8zxmKgQ0= | 13920.4 | 3.31493 | 13548.5 | -0.136295 | 0.990668 | 0 | MakarovIJ70 | 1
SCRIPT       : DATA_LOG | 2781037 | aRapBi1cCZPZAGLIDny3dk3hQ8vTmNTLHRl8zxmKgQ0= | 13917.6 | 3.31497 | 13550 | -0.438837 | 0.898566 | 0 | MakarovIJ70 | 1
SCRIPT       : DATA_LOG | 2782038 | aRapBi1cCZPZAGLIDny3dk3hQ8vTmNTLHRl8zxmKgQ0= | 13916.4 | 3.31499 | 13553.8 | -0.576129 | 0.817359 | 0 | MakarovIJ70 | 1
SCRIPT       : DATA_LOG | 2783039 | aRapBi1cCZPZAGLIDny3dk3hQ8vTmNTLHRl8zxmKgQ0= | 13913.8 | 3.31499 | 13556.9 | 0.403298 | 0.915069 | 0 | MakarovIJ70 | 1
SCRIPT       : DATA_LOG | 2784040 | aRapBi1cCZPZAGLIDny3dk3hQ8vTmNTLHRl8zxmKgQ0= | 13911.9 | 3.31485 | 13560.4 | -0.460726 | 0.887542 | 0 | MakarovIJ70 | 1
SCRIPT       : DATA_LOG | 2785042 | aRapBi1cCZPZAGLIDny3dk3hQ8vTmNTLHRl8zxmKgQ0= | 13909.6 | 3.31496 | 13562.9 | -0.92801 | 0.372555 | 0 | CZ527 | 1
SCRIPT       : DATA_LOG | 2786043 | aRapBi1cCZPZAGLIDny3dk3hQ8vTmNTLHRl8zxmKgQ0= | 13909 | 3.31498 | 13565.9 | -0.851079 | -0.525038 | 0 | CZ527 | 1
SCRIPT       : DATA_LOG | 2787043 | aRapBi1cCZPZAGLIDny3dk3hQ8vTmNTLHRl8zxmKgQ0= | 13907.4 | 3.44108 | 13568.3 | -0.838219 | -0.545333 | 0 | CZ527 | 1
SCRIPT       : DATA_LOG | 2788044 | aRapBi1cCZPZAGLIDny3dk3hQ8vTmNTLHRl8zxmKgQ0= | 13905.8 | 3.31492 | 13570.9 | -0.923217 | 0.384278 | 0 | CZ527 | 1
SCRIPT       : DATA_LOG | 2789045 | aRapBi1cCZPZAGLIDny3dk3hQ8vTmNTLHRl8zxmKgQ0= | 13904.4 | 3.31498 | 13573.6 | -0.818516 | 0.574484 | 0 | CZ527 | 1
SCRIPT       : DATA_LOG | 2790046 | aRapBi1cCZPZAGLIDny3dk3hQ8vTmNTLHRl8zxmKgQ0= | 13901.5 | 3.45247 | 13575.7 | -0.24433 | 0.969692 | 0 | CZ527 | 1
SCRIPT       : DATA_LOG | 2791047 | aRapBi1cCZPZAGLIDny3dk3hQ8vTmNTLHRl8zxmKgQ0= | 13903.2 | 3.31499 | 13576.5 | 0.838106 | 0.545507 | 0 | CZ527 | 1
SCRIPT       : DATA_LOG | 2792052 | aRapBi1cCZPZAGLIDny3dk3hQ8vTmNTLHRl8zxmKgQ0= | 13904.3 | 3.31485 | 13576 | -0.00286907 | 0.999996 | 0 | CZ527 | 1
SCRIPT       : DATA_LOG | 2793053 | aRapBi1cCZPZAGLIDny3dk3hQ8vTmNTLHRl8zxmKgQ0= | 13901.6 | 3.31497 | 13577.2 | 0.318159 | 0.948037 | 0 | CZ527 | 1
SCRIPT       : DATA_LOG | 2794055 | aRapBi1cCZPZAGLIDny3dk3hQ8vTmNTLHRl8zxmKgQ0= | 13899.6 | 3.47815 | 13577.1 | -0.826899 | 0.562351 | 0 | CZ527 | 1
SCRIPT       : DATA_LOG | 2795056 | aRapBi1cCZPZAGLIDny3dk3hQ8vTmNTLHRl8zxmKgQ0= | 13897.7 | 3.47819 | 13578.6 | -0.959514 | 0.281661 | 1 | CZ527 | 1
SCRIPT       : DATA_LOG | 2796057 | aRapBi1cCZPZAGLIDny3dk3hQ8vTmNTLHRl8zxmKgQ0= | 13896.4 | 3.31495 | 13580.5 | -0.976727 | 0.214486 | 0 | CZ527 | 1
SCRIPT       : DATA_LOG | 2797058 | aRapBi1cCZPZAGLIDny3dk3hQ8vTmNTLHRl8zxmKgQ0= | 13894.2 | 3.31492 | 13582.8 | -0.607125 | 0.794607 | 0 | CZ527 | 1
SCRIPT       : DATA_LOG | 2798060 | aRapBi1cCZPZAGLIDny3dk3hQ8vTmNTLHRl8zxmKgQ0= | 13893.5 | 3.31498 | 13584.4 | 0.873609 | 0.486628 | 0 | CZ527 | 1
SCRIPT       : DATA_LOG | 2799061 | aRapBi1cCZPZAGLIDny3dk3hQ8vTmNTLHRl8zxmKgQ0= | 13895.3 | 3.31488 | 13583.2 | -0.341944 | 0.93972 | 0 | CZ527 | 1
SCRIPT       : DATA_LOG | 2800062 | aRapBi1cCZPZAGLIDny3dk3hQ8vTmNTLHRl8zxmKgQ0= | 13894.1 | 3.31499 | 13583.7 | 0.844899 | 0.534926 | 0 | CZ527 | 1
SCRIPT       : DATA_LOG | 2801063 | aRapBi1cCZPZAGLIDny3dk3hQ8vTmNTLHRl8zxmKgQ0= | 13891.6 | 3.31498 | 13585.5 | -0.79174 | 0.610858 | 0 | CZ527 | 1
SCRIPT       : DATA_LOG | 2802064 | aRapBi1cCZPZAGLIDny3dk3hQ8vTmNTLHRl8zxmKgQ0= | 13887 | 3.31493 | 13589.1 | -0.684958 | 0.728583 | 0 | CZ527 | 1
SCRIPT       : DATA_LOG | 2803065 | aRapBi1cCZPZAGLIDny3dk3hQ8vTmNTLHRl8zxmKgQ0= | 13884.4 | 3.31495 | 13591 | -0.0815597 | 0.996669 | 0 | CZ527 | 1
SCRIPT       : DATA_LOG | 2804066 | aRapBi1cCZPZAGLIDny3dk3hQ8vTmNTLHRl8zxmKgQ0= | 13885.9 | 3.31493 | 13590.7 | -0.484986 | 0.874522 | 0 | CZ527 | 1
SCRIPT       : DATA_LOG | 2805067 | aRapBi1cCZPZAGLIDny3dk3hQ8vTmNTLHRl8zxmKgQ0= | 13884.5 | 3.31495 | 13591 | 0.99219 | 0.124733 | 0 | CZ527 | 1
SCRIPT       : DATA_LOG | 2806068 | aRapBi1cCZPZAGLIDny3dk3hQ8vTmNTLHRl8zxmKgQ0= | 13883.1 | 3.31521 | 13593 | 0.956802 | -0.29074 | 0 | CZ527 | 1
SCRIPT       : DATA_LOG | 2807069 | aRapBi1cCZPZAGLIDny3dk3hQ8vTmNTLHRl8zxmKgQ0= | 13880.4 | 3.31497 | 13594.1 | -0.66765 | 0.744475 | 0 | CZ527 | 1
SCRIPT       : DATA_LOG | 2808070 | aRapBi1cCZPZAGLIDny3dk3hQ8vTmNTLHRl8zxmKgQ0= | 13875.5 | 3.31485 | 13596.9 | -0.877426 | 0.479712 | 0 | CZ527 | 1
SCRIPT       : DATA_LOG | 2809072 | aRapBi1cCZPZAGLIDny3dk3hQ8vTmNTLHRl8zxmKgQ0= | 13869.7 | 3.44173 | 13600 | -0.877315 | 0.479914 | 0 | CZ527 | 1
SCRIPT       : DATA_LOG | 2810072 | aRapBi1cCZPZAGLIDny3dk3hQ8vTmNTLHRl8zxmKgQ0= | 13864 | 3.30942 | 13603.1 | -0.877315 | 0.479914 | 0 | CZ527 | 1
SCRIPT       : DATA_LOG | 2811073 | aRapBi1cCZPZAGLIDny3dk3hQ8vTmNTLHRl8zxmKgQ0= | 13858.1 | 3.31499 | 13606.3 | -0.877315 | 0.479914 | 0 | CZ527 | 1
SCRIPT       : DATA_LOG | 2812074 | aRapBi1cCZPZAGLIDny3dk3hQ8vTmNTLHRl8zxmKgQ0= | 13852.8 | 3.39447 | 13609.8 | -0.877315 | 0.479914 | 0 | CZ527 | 1
SCRIPT       : DATA_LOG | 2813075 | aRapBi1cCZPZAGLIDny3dk3hQ8vTmNTLHRl8zxmKgQ0= | 13847.5 | 3.35482 | 13613.1 | -0.877315 | 0.479914 | 0 | CZ527 | 1
SCRIPT       : DATA_LOG | 2814077 | aRapBi1cCZPZAGLIDny3dk3hQ8vTmNTLHRl8zxmKgQ0= | 13842 | 3.32017 | 13616.2 | -0.877315 | 0.479914 | 0 | CZ527 | 1
SCRIPT       : DATA_LOG | 2815077 | aRapBi1cCZPZAGLIDny3dk3hQ8vTmNTLHRl8zxmKgQ0= | 13836.4 | 3.31499 | 13619.9 | -0.877315 | 0.479914 | 0 | CZ527 | 1
SCRIPT       : DATA_LOG | 2816078 | aRapBi1cCZPZAGLIDny3dk3hQ8vTmNTLHRl8zxmKgQ0= | 13831.2 | 3.37059 | 13624 | -0.877315 | 0.479914 | 0 | CZ527 | 1
SCRIPT       : DATA_LOG | 2817079 | aRapBi1cCZPZAGLIDny3dk3hQ8vTmNTLHRl8zxmKgQ0= | 13825.5 | 3.38147 | 13627.5 | -0.877315 | 0.479914 | 0 | CZ527 | 1
SCRIPT       : DATA_LOG | 2818080 | aRapBi1cCZPZAGLIDny3dk3hQ8vTmNTLHRl8zxmKgQ0= | 13819.7 | 3.38165 | 13630.3 | -0.869787 | 0.493427 | 0 | CZ527 | 1
SCRIPT       : DATA_LOG | 2819081 | aRapBi1cCZPZAGLIDny3dk3hQ8vTmNTLHRl8zxmKgQ0= | 13814.5 | 3.38684 | 13634.2 | -0.813514 | 0.581545 | 0 | CZ527 | 1
SCRIPT       : DATA_LOG | 2820082 | aRapBi1cCZPZAGLIDny3dk3hQ8vTmNTLHRl8zxmKgQ0= | 13808.8 | 3.38962 | 13637.7 | -0.862815 | 0.505521 | 0 | CZ527 | 1
SCRIPT       : DATA_LOG | 2821083 | aRapBi1cCZPZAGLIDny3dk3hQ8vTmNTLHRl8zxmKgQ0= | 13802.4 | 3.49603 | 13639.6 | -0.892092 | 0.451854 | 0 | CZ527 | 1
SCRIPT       : DATA_LOG | 2822084 | aRapBi1cCZPZAGLIDny3dk3hQ8vTmNTLHRl8zxmKgQ0= | 13796 | 3.28411 | 13641.4 | -0.889695 | 0.456555 | 0 | CZ527 | 1
SCRIPT       : DATA_LOG | 2823085 | aRapBi1cCZPZAGLIDny3dk3hQ8vTmNTLHRl8zxmKgQ0= | 13790.2 | 3.20262 | 13644.7 | -0.889693 | 0.45656 | 0 | CZ527 | 1
SCRIPT       : DATA_LOG | 2824086 | aRapBi1cCZPZAGLIDny3dk3hQ8vTmNTLHRl8zxmKgQ0= | 13785.7 | 3.0276 | 13647.2 | -0.774592 | 0.632461 | 0 | CZ527 | 1
SCRIPT       : DATA_LOG | 2825087 | aRapBi1cCZPZAGLIDny3dk3hQ8vTmNTLHRl8zxmKgQ0= | 13783 | 2.94539 | 13649.7 | -0.726399 | 0.687273 | 0 | CZ527 | 1
SCRIPT       : DATA_LOG | 2826088 | aRapBi1cCZPZAGLIDny3dk3hQ8vTmNTLHRl8zxmKgQ0= | 13780.4 | 2.82704 | 13652.2 | -0.726317 | 0.68736 | 0 | CZ527 | 1
SCRIPT       : DATA_LOG | 2827089 | aRapBi1cCZPZAGLIDny3dk3hQ8vTmNTLHRl8zxmKgQ0= | 13777.7 | 2.70242 | 13654.7 | -0.726317 | 0.68736 | 0 | CZ527 | 1
SCRIPT       : DATA_LOG | 2828090 | aRapBi1cCZPZAGLIDny3dk3hQ8vTmNTLHRl8zxmKgQ0= | 13775 | 2.68337 | 13657.3 | -0.726317 | 0.68736 | 0 | CZ527 | 1
SCRIPT       : DATA_LOG | 2829091 | aRapBi1cCZPZAGLIDny3dk3hQ8vTmNTLHRl8zxmKgQ0= | 13772.4 | 2.69052 | 13659.8 | -0.723796 | 0.690014 | 0 | CZ527 | 1
SCRIPT       : DATA_LOG | 2830092 | aRapBi1cCZPZAGLIDny3dk3hQ8vTmNTLHRl8zxmKgQ0= | 13771.3 | 2.68217 | 13661.6 | -0.723105 | 0.690738 | 0 | CZ527 | 1
SCRIPT       : DATA_LOG | 2831093 | aRapBi1cCZPZAGLIDny3dk3hQ8vTmNTLHRl8zxmKgQ0= | 13770 | 2.68565 | 13662.9 | -0.690747 | 0.723096 | 0 | CZ527 | 1
SCRIPT       : DATA_LOG | 2832095 | aRapBi1cCZPZAGLIDny3dk3hQ8vTmNTLHRl8zxmKgQ0= | 13768.2 | 2.66576 | 13665.8 | -0.799629 | 0.600494 | 0 | CZ527 | 1
SCRIPT       : DATA_LOG | 2833097 | aRapBi1cCZPZAGLIDny3dk3hQ8vTmNTLHRl8zxmKgQ0= | 13767.7 | 2.65954 | 13666.4 | -0.799974 | 0.600035 | 0 | CZ527 | 1
SCRIPT       : DATA_LOG | 2834097 | aRapBi1cCZPZAGLIDny3dk3hQ8vTmNTLHRl8zxmKgQ0= | 13767.7 | 2.65954 | 13666.4 | -0.799974 | 0.600035 | 0 | CZ527 | 1
SCRIPT       : DATA_LOG | 2835098 | aRapBi1cCZPZAGLIDny3dk3hQ8vTmNTLHRl8zxmKgQ0= | 13766.9 | 2.6579 | 13667 | -0.791033 | 0.611774 | 0 | none | 1
SCRIPT       : DATA_LOG | 2836099 | aRapBi1cCZPZAGLIDny3dk3hQ8vTmNTLHRl8zxmKgQ0= | 13764.9 | 2.60008 | 13670.3 | -0.788434 | 0.615119 | 0 | none | 1
SCRIPT       : DATA_LOG | 2837100 | aRapBi1cCZPZAGLIDny3dk3hQ8vTmNTLHRl8zxmKgQ0= | 13763.1 | 2.53979 | 13673.8 | -0.788434 | 0.615119 | 0 | none | 1
   SCRIPT       : [inv] ReplaceItemWithNewLambdaBase Step B) remove OK, loc={ type=HANDS item=Pajka:21103 parent=SurvivorM_Niki:21087:INSTANCETYPE_SERVER }
SCRIPT       : DATA_LOG | 2838102 | aRapBi1cCZPZAGLIDny3dk3hQ8vTmNTLHRl8zxmKgQ0= | 13760.5 | 2.4756 | 13676.7 | -0.788434 | 0.615119 | 0 | none | 1
SCRIPT       : DATA_LOG | 2839102 | aRapBi1cCZPZAGLIDny3dk3hQ8vTmNTLHRl8zxmKgQ0= | 13757.7 | 2.39238 | 13679.6 | -0.789844 | 0.613308 | 0 | none | 1
SCRIPT       : DATA_LOG | 2840103 | aRapBi1cCZPZAGLIDny3dk3hQ8vTmNTLHRl8zxmKgQ0= | 13754.9 | 2.42512 | 13682.6 | -0.592327 | 0.805698 | 0 | none | 1
SCRIPT       : DATA_LOG | 2841104 | aRapBi1cCZPZAGLIDny3dk3hQ8vTmNTLHRl8zxmKgQ0= | 13752.5 | 2.40993 | 13685.9 | -0.592195 | 0.805794 | 0 | none | 1
SCRIPT       : DATA_LOG | 2842105 | aRapBi1cCZPZAGLIDny3dk3hQ8vTmNTLHRl8zxmKgQ0= | 13750.1 | 2.28129 | 13689.1 | -0.592195 | 0.805794 | 0 | none | 1
SCRIPT       : DATA_LOG | 2843106 | aRapBi1cCZPZAGLIDny3dk3hQ8vTmNTLHRl8zxmKgQ0= | 13747.6 | 2.03859 | 13692.4 | -0.72873 | 0.684801 | 0 | none | 1
SCRIPT       : DATA_LOG | 2844107 | aRapBi1cCZPZAGLIDny3dk3hQ8vTmNTLHRl8zxmKgQ0= | 13744.5 | 2.02646 | 13695.1 | -0.751575 | 0.659647 | 0 | none | 1
SCRIPT       : DATA_LOG | 2845108 | aRapBi1cCZPZAGLIDny3dk3hQ8vTmNTLHRl8zxmKgQ0= | 13741.8 | 1.89446 | 13697.9 | -0.751575 | 0.659647 | 0 | none | 1
SCRIPT       : DATA_LOG | 2846110 | aRapBi1cCZPZAGLIDny3dk3hQ8vTmNTLHRl8zxmKgQ0= | 13740.3 | 1.63249 | 13701.7 | -0.751575 | 0.659647 | 0 | none | 1
SCRIPT       : DATA_LOG | 2847110 | aRapBi1cCZPZAGLIDny3dk3hQ8vTmNTLHRl8zxmKgQ0= | 13737.7 | 1.89782 | 13704.7 | -0.751575 | 0.659647 | 0 | none | 1
SCRIPT       : DATA_LOG | 2848111 | aRapBi1cCZPZAGLIDny3dk3hQ8vTmNTLHRl8zxmKgQ0= | 13735.4 | 2.47485 | 13707.8 | -0.751575 | 0.659647 | 0 | none | 1
SCRIPT       : DATA_LOG | 2849112 | aRapBi1cCZPZAGLIDny3dk3hQ8vTmNTLHRl8zxmKgQ0= | 13732.4 | 2.74972 | 13710.5 | -0.751575 | 0.659647 | 0 | none | 1
SCRIPT       : DATA_LOG | 2850113 | aRapBi1cCZPZAGLIDny3dk3hQ8vTmNTLHRl8zxmKgQ0= | 13729.3 | 3.10445 | 13713.2 | -0.751575 | 0.659647 | 0 | none | 1
SCRIPT       : DATA_LOG | 2851115 | aRapBi1cCZPZAGLIDny3dk3hQ8vTmNTLHRl8zxmKgQ0= | 13726.2 | 3.42481 | 13715.8 | -0.751575 | 0.659647 | 0 | none | 1
SCRIPT       : DATA_LOG | 2852115 | aRapBi1cCZPZAGLIDny3dk3hQ8vTmNTLHRl8zxmKgQ0= | 13725 | 3.55358 | 13716.9 | -0.751575 | 0.659647 | 0 | none | 1
SCRIPT       : DATA_LOG | 2853117 | aRapBi1cCZPZAGLIDny3dk3hQ8vTmNTLHRl8zxmKgQ0= | 13725 | 3.55358 | 13716.9 | -0.751575 | 0.659647 | 0 | none | 1
SCRIPT       : DATA_LOG | 2854117 | aRapBi1cCZPZAGLIDny3dk3hQ8vTmNTLHRl8zxmKgQ0= | 13725 | 3.55358 | 13716.9 | -0.751575 | 0.659647 | 0 | none | 1
SCRIPT       : DATA_LOG | 2855118 | aRapBi1cCZPZAGLIDny3dk3hQ8vTmNTLHRl8zxmKgQ0= | 13725 | 3.55358 | 13716.9 | -0.751575 | 0.659647 | 0 | none | 1
SCRIPT       : DATA_LOG | 2856119 | aRapBi1cCZPZAGLIDny3dk3hQ8vTmNTLHRl8zxmKgQ0= | 13725 | 3.55358 | 13716.9 | -0.751575 | 0.659647 | 0 | MakarovIJ70 | 1
SCRIPT       : DATA_LOG | 2857120 | aRapBi1cCZPZAGLIDny3dk3hQ8vTmNTLHRl8zxmKgQ0= | 13725 | 3.55358 | 13716.9 | -0.751575 | 0.659647 | 0 | MakarovIJ70 | 1
SCRIPT       : DATA_LOG | 2858121 | aRapBi1cCZPZAGLIDny3dk3hQ8vTmNTLHRl8zxmKgQ0= | 13725 | 3.55358 | 13716.9 | -0.751575 | 0.659647 | 0 | MakarovIJ70 | 1
SCRIPT       : DATA_LOG | 2859122 | aRapBi1cCZPZAGLIDny3dk3hQ8vTmNTLHRl8zxmKgQ0= | 13725 | 3.55358 | 13716.9 | -0.751575 | 0.659647 | 0 | MakarovIJ70 | 1
SCRIPT       : DATA_LOG | 2860123 | aRapBi1cCZPZAGLIDny3dk3hQ8vTmNTLHRl8zxmKgQ0= | 13725 | 3.55358 | 13716.9 | -0.751575 | 0.659647 | 0 | MakarovIJ70 | 1
SCRIPT       : DATA_LOG | 2861124 | aRapBi1cCZPZAGLIDny3dk3hQ8vTmNTLHRl8zxmKgQ0= | 13725 | 3.55358 | 13716.9 | -0.751575 | 0.659647 | 0 | MakarovIJ70 | 1
SCRIPT       : DATA_LOG | 2862125 | aRapBi1cCZPZAGLIDny3dk3hQ8vTmNTLHRl8zxmKgQ0= | 13725 | 3.55358 | 13716.9 | -0.751575 | 0.659647 | 0 | MakarovIJ70 | 1
SCRIPT       : DATA_LOG | 2863127 | aRapBi1cCZPZAGLIDny3dk3hQ8vTmNTLHRl8zxmKgQ0= | 13725 | 3.55358 | 13716.9 | -0.751575 | 0.659647 | 0 | MakarovIJ70 | 1
SCRIPT       : DATA_LOG | 2864127 | aRapBi1cCZPZAGLIDny3dk3hQ8vTmNTLHRl8zxmKgQ0= | 13725 | 3.55358 | 13716.9 | -0.751575 | 0.659647 | 0 | MakarovIJ70 | 1
SCRIPT       : DATA_LOG | 2865128 | aRapBi1cCZPZAGLIDny3dk3hQ8vTmNTLHRl8zxmKgQ0= | 13725 | 3.55358 | 13716.9 | -0.751575 | 0.659647 | 0 | none | 1
SCRIPT       : DATA_LOG | 2866129 | aRapBi1cCZPZAGLIDny3dk3hQ8vTmNTLHRl8zxmKgQ0= | 13725 | 3.55358 | 13716.9 | -0.751575 | 0.659647 | 0 | none | 1
SCRIPT       : DATA_LOG | 2867130 | aRapBi1cCZPZAGLIDny3dk3hQ8vTmNTLHRl8zxmKgQ0= | 13723.2 | 3.67977 | 13718.3 | -0.788796 | 0.614655 | 0 | none | 1
SCRIPT       : DATA_LOG | 2868131 | aRapBi1cCZPZAGLIDny3dk3hQ8vTmNTLHRl8zxmKgQ0= | 13721 | 3.69236 | 13719.9 | -0.797118 | 0.603824 | 0 | none | 1
SCRIPT       : DATA_LOG | 2869132 | aRapBi1cCZPZAGLIDny3dk3hQ8vTmNTLHRl8zxmKgQ0= | 13717.6 | 3.70754 | 13722 | -0.797242 | 0.60366 | 0 | none | 1
SCRIPT       : DATA_LOG | 2870133 | aRapBi1cCZPZAGLIDny3dk3hQ8vTmNTLHRl8zxmKgQ0= | 13714.1 | 3.73432 | 13724 | -0.797242 | 0.60366 | 0 | none | 1
SCRIPT       : DATA_LOG | 2871134 | aRapBi1cCZPZAGLIDny3dk3hQ8vTmNTLHRl8zxmKgQ0= | 13710.7 | 3.77101 | 13725.7 | -0.797242 | 0.60366 | 0 | none | 1
SCRIPT       : DATA_LOG | 2872135 | aRapBi1cCZPZAGLIDny3dk3hQ8vTmNTLHRl8zxmKgQ0= | 13710.7 | 3.77208 | 13725.8 | -0.797242 | 0.60366 | 0 | none | 1
SCRIPT       : DATA_LOG | 2873136 | aRapBi1cCZPZAGLIDny3dk3hQ8vTmNTLHRl8zxmKgQ0= | 13710.7 | 3.77208 | 13725.8 | -0.797242 | 0.60366 | 0 | none | 1
SCRIPT       : DATA_LOG | 2874137 | aRapBi1cCZPZAGLIDny3dk3hQ8vTmNTLHRl8zxmKgQ0= | 13710.7 | 3.77208 | 13725.8 | -0.797242 | 0.60366 | 0 | MakarovIJ70 | 1
SCRIPT       : DATA_LOG | 2875138 | aRapBi1cCZPZAGLIDny3dk3hQ8vTmNTLHRl8zxmKgQ0= | 13710.7 | 3.77208 | 13725.8 | -0.797242 | 0.60366 | 0 | MakarovIJ70 | 1
SCRIPT       : DATA_LOG | 2876139 | aRapBi1cCZPZAGLIDny3dk3hQ8vTmNTLHRl8zxmKgQ0= | 13708.2 | 3.81959 | 13727.3 | -0.847874 | 0.530198 | 0 | MakarovIJ70 | 1
SCRIPT       : DATA_LOG | 2877141 | aRapBi1cCZPZAGLIDny3dk3hQ8vTmNTLHRl8zxmKgQ0= | 13704.4 | 3.90381 | 13729.9 | -0.959683 | 0.281085 | 0 | MakarovIJ70 | 1
SCRIPT       : DATA_LOG | 2878141 | aRapBi1cCZPZAGLIDny3dk3hQ8vTmNTLHRl8zxmKgQ0= | 13699 | 4.04605 | 13733.8 | -0.995627 | -0.0934213 | 0 | MakarovIJ70 | 1
SCRIPT       : DATA_LOG | 2879142 | aRapBi1cCZPZAGLIDny3dk3hQ8vTmNTLHRl8zxmKgQ0= | 13692.9 | 4.21968 | 13736.4 | -0.992452 | 0.122631 | 0 | MakarovIJ70 | 1
SCRIPT       : DATA_LOG | 2880143 | aRapBi1cCZPZAGLIDny3dk3hQ8vTmNTLHRl8zxmKgQ0= | 13687.2 | 4.48547 | 13739.8 | -0.703654 | 0.710543 | 0 | MakarovIJ70 | 1
SCRIPT       : DATA_LOG | 2881144 | aRapBi1cCZPZAGLIDny3dk3hQ8vTmNTLHRl8zxmKgQ0= | 13684 | 4.741 | 13745.5 | -0.676356 | 0.736575 | 0 | MakarovIJ70 | 1
SCRIPT       : DATA_LOG | 2882145 | aRapBi1cCZPZAGLIDny3dk3hQ8vTmNTLHRl8zxmKgQ0= | 13683.2 | 4.71992 | 13749.8 | -0.700608 | 0.713546 | 0 | MakarovIJ70 | 1
SCRIPT       : DATA_LOG | 2883146 | aRapBi1cCZPZAGLIDny3dk3hQ8vTmNTLHRl8zxmKgQ0= | 13681.8 | 4.71963 | 13752.8 | -0.962448 | 0.271465 | 0 | MakarovIJ70 | 1
SCRIPT       : DATA_LOG | 2884147 | aRapBi1cCZPZAGLIDny3dk3hQ8vTmNTLHRl8zxmKgQ0= | 13680.6 | 4.89173 | 13750.6 | -0.944085 | 0.329702 | 0 | MakarovIJ70 | 1
SCRIPT       : DATA_LOG | 2885149 | aRapBi1cCZPZAGLIDny3dk3hQ8vTmNTLHRl8zxmKgQ0= | 13680.4 | 4.90092 | 13750.7 | -0.944085 | 0.329702 | 0 | MakarovIJ70 | 1
SCRIPT       : DATA_LOG | 2886149 | aRapBi1cCZPZAGLIDny3dk3hQ8vTmNTLHRl8zxmKgQ0= | 13680.4 | 4.90092 | 13750.7 | -0.944085 | 0.329702 | 0 | MakarovIJ70 | 1
SCRIPT       : DATA_LOG | 2887151 | aRapBi1cCZPZAGLIDny3dk3hQ8vTmNTLHRl8zxmKgQ0= | 13680.4 | 4.90092 | 13750.7 | -0.944085 | 0.329702 | 0 | none | 1
SCRIPT       : DATA_LOG | 2888151 | aRapBi1cCZPZAGLIDny3dk3hQ8vTmNTLHRl8zxmKgQ0= | 13680.4 | 4.90092 | 13750.7 | -0.944085 | 0.329702 | 0 | none | 1
SCRIPT       : DATA_LOG | 2889152 | aRapBi1cCZPZAGLIDny3dk3hQ8vTmNTLHRl8zxmKgQ0= | 13680.4 | 4.90092 | 13750.7 | -0.944085 | 0.329702 | 0 | none | 1
SCRIPT       : DATA_LOG | 2890153 | aRapBi1cCZPZAGLIDny3dk3hQ8vTmNTLHRl8zxmKgQ0= | 13680.4 | 4.90092 | 13750.7 | -0.944085 | 0.329702 | 0 | none | 1
SCRIPT       : DATA_LOG | 2891154 | aRapBi1cCZPZAGLIDny3dk3hQ8vTmNTLHRl8zxmKgQ0= | 13680.4 | 4.90092 | 13750.7 | -0.944085 | 0.329702 | 0 | none | 1
SCRIPT       : DATA_LOG | 2892156 | aRapBi1cCZPZAGLIDny3dk3hQ8vTmNTLHRl8zxmKgQ0= | 13680.4 | 4.90092 | 13750.7 | -0.944085 | 0.329702 | 0 | none | 1
SCRIPT       : DATA_LOG | 2893157 | aRapBi1cCZPZAGLIDny3dk3hQ8vTmNTLHRl8zxmKgQ0= | 13679.3 | 4.98185 | 13750.4 | -0.981555 | 0.191181 | 0 | none | 1
SCRIPT       : DATA_LOG | 2894159 | aRapBi1cCZPZAGLIDny3dk3hQ8vTmNTLHRl8zxmKgQ0= | 13677.5 | 5.06163 | 13750.9 | -0.941507 | 0.336993 | 0 | none | 1
SCRIPT       : DATA_LOG | 2895160 | aRapBi1cCZPZAGLIDny3dk3hQ8vTmNTLHRl8zxmKgQ0= | 13677.5 | 5.06163 | 13750.9 | -0.941507 | 0.336993 | 0 | none | 1
SCRIPT       : DATA_LOG | 2896162 | aRapBi1cCZPZAGLIDny3dk3hQ8vTmNTLHRl8zxmKgQ0= | 13677.5 | 5.06163 | 13750.9 | -0.941507 | 0.336993 | 0 | none | 1
SCRIPT       : DATA_LOG | 2897163 | aRapBi1cCZPZAGLIDny3dk3hQ8vTmNTLHRl8zxmKgQ0= | 13676.3 | 5.10948 | 13751.3 | -0.936622 | 0.350341 | 0 | MakarovIJ70 | 1
SCRIPT       : DATA_LOG | 2898165 | aRapBi1cCZPZAGLIDny3dk3hQ8vTmNTLHRl8zxmKgQ0= | 13672.5 | 5.16479 | 13752.5 | -0.733581 | 0.679602 | 0 | MakarovIJ70 | 1
SCRIPT       : DATA_LOG | 2899165 | aRapBi1cCZPZAGLIDny3dk3hQ8vTmNTLHRl8zxmKgQ0= | 13670.2 | 5.25865 | 13752.4 | -0.663893 | 0.747828 | 1 | MakarovIJ70 | 1
SCRIPT       : DATA_LOG | 2900167 | aRapBi1cCZPZAGLIDny3dk3hQ8vTmNTLHRl8zxmKgQ0= | 13669.4 | 5.29195 | 13752.5 | -0.634214 | 0.773157 | 1 | MakarovIJ70 | 1
SCRIPT       : DATA_LOG | 2901167 | aRapBi1cCZPZAGLIDny3dk3hQ8vTmNTLHRl8zxmKgQ0= | 13669.4 | 5.29195 | 13752.5 | -0.634214 | 0.773157 | 1 | MakarovIJ70 | 1
SCRIPT       : DATA_LOG | 2902169 | aRapBi1cCZPZAGLIDny3dk3hQ8vTmNTLHRl8zxmKgQ0= | 13669.4 | 5.29195 | 13752.5 | -0.634214 | 0.773157 | 0 | MakarovIJ70 | 1
SCRIPT       : DATA_LOG | 2903169 | aRapBi1cCZPZAGLIDny3dk3hQ8vTmNTLHRl8zxmKgQ0= | 13667.4 | 5.38782 | 13754.1 | -0.854244 | 0.519872 | 0 | MakarovIJ70 | 1
SCRIPT       : DATA_LOG | 2904171 | aRapBi1cCZPZAGLIDny3dk3hQ8vTmNTLHRl8zxmKgQ0= | 13663.4 | 5.54591 | 13754.8 | -0.976592 | 0.215099 | 0 | MakarovIJ70 | 1
SCRIPT       : DATA_LOG | 2905172 | aRapBi1cCZPZAGLIDny3dk3hQ8vTmNTLHRl8zxmKgQ0= | 13659.6 | 5.66919 | 13756.2 | -0.868559 | -0.495586 | 0 | MakarovIJ70 | 1
SCRIPT       : DATA_LOG | 2906173 | aRapBi1cCZPZAGLIDny3dk3hQ8vTmNTLHRl8zxmKgQ0= | 13656.2 | 5.72619 | 13757.9 | -0.993523 | 0.113627 | 0 | MakarovIJ70 | 1
SCRIPT       : DATA_LOG | 2907173 | aRapBi1cCZPZAGLIDny3dk3hQ8vTmNTLHRl8zxmKgQ0= | 13652.6 | 5.72812 | 13756 | -0.389666 | 0.920956 | 0 | MakarovIJ70 | 1
SCRIPT       : DATA_LOG | 2908174 | aRapBi1cCZPZAGLIDny3dk3hQ8vTmNTLHRl8zxmKgQ0= | 13649.5 | 5.71894 | 13757.4 | -0.993722 | -0.111873 | 0 | MakarovIJ70 | 1
SCRIPT       : DATA_LOG | 2909176 | aRapBi1cCZPZAGLIDny3dk3hQ8vTmNTLHRl8zxmKgQ0= | 13645.8 | 5.71071 | 13758.6 | -0.966249 | 0.257608 | 0 | MakarovIJ70 | 1
SCRIPT       : DATA_LOG | 2910177 | aRapBi1cCZPZAGLIDny3dk3hQ8vTmNTLHRl8zxmKgQ0= | 13641.9 | 5.71311 | 13758.4 | -0.862806 | 0.505536 | 1 | MakarovIJ70 | 1
SCRIPT       : DATA_LOG | 2911178 | aRapBi1cCZPZAGLIDny3dk3hQ8vTmNTLHRl8zxmKgQ0= | 13640.8 | 5.71125 | 13758.9 | -0.866351 | 0.499436 | 1 | MakarovIJ70 | 1
SCRIPT       : DATA_LOG | 2912179 | aRapBi1cCZPZAGLIDny3dk3hQ8vTmNTLHRl8zxmKgQ0= | 13640.8 | 5.71125 | 13758.9 | -0.866351 | 0.499436 | 1 | MakarovIJ70 | 1
SCRIPT       : DATA_LOG | 2913180 | aRapBi1cCZPZAGLIDny3dk3hQ8vTmNTLHRl8zxmKgQ0= | 13638.8 | 5.70924 | 13759.6 | -0.608978 | 0.793187 | 0 | MakarovIJ70 | 1
SCRIPT       : DATA_LOG | 2914181 | aRapBi1cCZPZAGLIDny3dk3hQ8vTmNTLHRl8zxmKgQ0= | 13635 | 5.72073 | 13760.1 | -0.940812 | -0.338928 | 0 | MakarovIJ70 | 1
SCRIPT       : DATA_LOG | 2915182 | aRapBi1cCZPZAGLIDny3dk3hQ8vTmNTLHRl8zxmKgQ0= | 13632.8 | 5.73875 | 13760.3 | -0.541611 | -0.840629 | 1 | MakarovIJ70 | 1
SCRIPT       : DATA_LOG | 2916183 | aRapBi1cCZPZAGLIDny3dk3hQ8vTmNTLHRl8zxmKgQ0= | 13632.8 | 5.73875 | 13760.3 | -0.541611 | -0.840629 | 1 | MakarovIJ70 | 1
SCRIPT       : DATA_LOG | 2917185 | aRapBi1cCZPZAGLIDny3dk3hQ8vTmNTLHRl8zxmKgQ0= | 13632.9 | 5.73956 | 13760.2 | -0.132772 | -0.991147 | 1 | MakarovIJ70 | 1
SCRIPT       : DATA_LOG | 2918187 | aRapBi1cCZPZAGLIDny3dk3hQ8vTmNTLHRl8zxmKgQ0= | 13632.7 | 5.7506 | 13759.3 | 0.957726 | 0.287682 | 0 | MakarovIJ70 | 1
SCRIPT       : DATA_LOG | 2919189 | aRapBi1cCZPZAGLIDny3dk3hQ8vTmNTLHRl8zxmKgQ0= | 13632 | 5.75961 | 13759 | 0.890386 | 0.455207 | 0 | MakarovIJ70 | 1
SCRIPT       : DATA_LOG | 2920190 | aRapBi1cCZPZAGLIDny3dk3hQ8vTmNTLHRl8zxmKgQ0= | 13636.6 | 5.71928 | 13759.4 | 0.99989 | 0.0148524 | 0 | MakarovIJ70 | 1
SCRIPT       : DATA_LOG | 2921190 | aRapBi1cCZPZAGLIDny3dk3hQ8vTmNTLHRl8zxmKgQ0= | 13642.8 | 5.71155 | 13758.5 | 0.993686 | 0.112195 | 0 | MakarovIJ70 | 1
SCRIPT       : DATA_LOG | 2922191 | aRapBi1cCZPZAGLIDny3dk3hQ8vTmNTLHRl8zxmKgQ0= | 13646.6 | 5.7025 | 13759.9 | -0.935856 | -0.352382 | 1 | MakarovIJ70 | 1
SCRIPT       : DATA_LOG | 2923192 | aRapBi1cCZPZAGLIDny3dk3hQ8vTmNTLHRl8zxmKgQ0= | 13647.2 | 5.70084 | 13760.1 | -0.97096 | -0.239244 | 1 | MakarovIJ70 | 1
SCRIPT       : DATA_LOG | 2924193 | aRapBi1cCZPZAGLIDny3dk3hQ8vTmNTLHRl8zxmKgQ0= | 13648.5 | 5.69858 | 13760.5 | -0.937404 | -0.348242 | 1 | MakarovIJ70 | 1
SCRIPT       : DATA_LOG | 2925195 | aRapBi1cCZPZAGLIDny3dk3hQ8vTmNTLHRl8zxmKgQ0= | 13649.8 | 5.69117 | 13761.6 | -0.54369 | -0.839286 | 1 | MakarovIJ70 | 1
SCRIPT       : DATA_LOG | 2926195 | aRapBi1cCZPZAGLIDny3dk3hQ8vTmNTLHRl8zxmKgQ0= | 13650.2 | 5.6874 | 13762.1 | -0.528655 | -0.848837 | 1 | MakarovIJ70 | 1
SCRIPT       : DATA_LOG | 2927196 | aRapBi1cCZPZAGLIDny3dk3hQ8vTmNTLHRl8zxmKgQ0= | 13651.2 | 5.69318 | 13761.7 | -0.357448 | -0.933933 | 1 | MakarovIJ70 | 1
SCRIPT       : DATA_LOG | 2928197 | aRapBi1cCZPZAGLIDny3dk3hQ8vTmNTLHRl8zxmKgQ0= | 13651.5 | 5.69484 | 13762.5 | -0.230915 | -0.972974 | 1 | MakarovIJ70 | 1
SCRIPT       : DATA_LOG | 2929199 | aRapBi1cCZPZAGLIDny3dk3hQ8vTmNTLHRl8zxmKgQ0= | 13652.2 | 5.69977 | 13760.3 | -0.242908 | -0.970049 | 0 | MakarovIJ70 | 1
SCRIPT       : DATA_LOG | 2930199 | aRapBi1cCZPZAGLIDny3dk3hQ8vTmNTLHRl8zxmKgQ0= | 13654.6 | 5.72059 | 13757.2 | -0.450271 | -0.892892 | 0 | MakarovIJ70 | 1
SCRIPT       : DATA_LOG | 2931201 | aRapBi1cCZPZAGLIDny3dk3hQ8vTmNTLHRl8zxmKgQ0= | 13654.5 | 5.72324 | 13756.8 | -0.45027 | -0.892892 | 0 | MakarovIJ70 | 1
SCRIPT       : DATA_LOG | 2932202 | aRapBi1cCZPZAGLIDny3dk3hQ8vTmNTLHRl8zxmKgQ0= | 13653.7 | 5.72696 | 13756.2 | -0.94471 | -0.327908 | 0 | MakarovIJ70 | 1
SCRIPT       : DATA_LOG | 2933202 | aRapBi1cCZPZAGLIDny3dk3hQ8vTmNTLHRl8zxmKgQ0= | 13653.1 | 5.73672 | 13754.5 | -0.983277 | -0.182114 | 0 | MakarovIJ70 | 1
SCRIPT       : DATA_LOG | 2934203 | aRapBi1cCZPZAGLIDny3dk3hQ8vTmNTLHRl8zxmKgQ0= | 13650.2 | 5.74174 | 13753.3 | -0.982152 | 0.188086 | 0 | MakarovIJ70 | 1
SCRIPT       : DATA_LOG | 2935204 | aRapBi1cCZPZAGLIDny3dk3hQ8vTmNTLHRl8zxmKgQ0= | 13648.4 | 5.74475 | 13752.6 | -0.636687 | -0.771122 | 0 | MakarovIJ70 | 1
SCRIPT       : DATA_LOG | 2936205 | aRapBi1cCZPZAGLIDny3dk3hQ8vTmNTLHRl8zxmKgQ0= | 13643.5 | 5.76386 | 13749.3 | -0.73924 | -0.673442 | 0 | MakarovIJ70 | 1
SCRIPT       : DATA_LOG | 2937207 | aRapBi1cCZPZAGLIDny3dk3hQ8vTmNTLHRl8zxmKgQ0= | 13638.3 | 5.77492 | 13748.3 | -0.999761 | -0.0218554 | 0 | MakarovIJ70 | 1
SCRIPT       : DATA_LOG | 2938207 | aRapBi1cCZPZAGLIDny3dk3hQ8vTmNTLHRl8zxmKgQ0= | 13634.3 | 5.77588 | 13748.7 | -0.864712 | -0.502268 | 0 | MakarovIJ70 | 1
SCRIPT       : DATA_LOG | 2939208 | aRapBi1cCZPZAGLIDny3dk3hQ8vTmNTLHRl8zxmKgQ0= | 13633.6 | 5.78359 | 13746.7 | -0.0110194 | -0.999939 | 0 | CZ527 | 1
SCRIPT       : DATA_LOG | 2940209 | aRapBi1cCZPZAGLIDny3dk3hQ8vTmNTLHRl8zxmKgQ0= | 13633.8 | 5.78355 | 13743.3 | -0.215608 | -0.97648 | 0 | CZ527 | 1
SCRIPT       : DATA_LOG | 2941210 | aRapBi1cCZPZAGLIDny3dk3hQ8vTmNTLHRl8zxmKgQ0= | 13633.4 | 5.78353 | 13741.9 | -0.0900871 | -0.995934 | 0 | CZ527 | 1
SCRIPT       : DATA_LOG | 2942211 | aRapBi1cCZPZAGLIDny3dk3hQ8vTmNTLHRl8zxmKgQ0= | 13632.6 | 5.78357 | 13739.3 | 0.344201 | -0.938896 | 0 | CZ527 | 1
SCRIPT       : DATA_LOG | 2943212 | aRapBi1cCZPZAGLIDny3dk3hQ8vTmNTLHRl8zxmKgQ0= | 13630.6 | 5.7811 | 13738.7 | -0.645919 | -0.763406 | 0 | CZ527 | 1
SCRIPT       : DATA_LOG | 2944213 | aRapBi1cCZPZAGLIDny3dk3hQ8vTmNTLHRl8zxmKgQ0= | 13627.4 | 5.77496 | 13737.6 | -0.828287 | 0.560305 | 0 | CZ527 | 1
SCRIPT       : DATA_LOG | 2945214 | aRapBi1cCZPZAGLIDny3dk3hQ8vTmNTLHRl8zxmKgQ0= | 13624.3 | 5.77497 | 13737.6 | 0.999855 | -0.0170549 | 1 | CZ527 | 1
SCRIPT       : DATA_LOG | 2946215 | aRapBi1cCZPZAGLIDny3dk3hQ8vTmNTLHRl8zxmKgQ0= | 13622.6 | 5.77497 | 13737.6 | 0.999962 | 0.0086985 | 0 | CZ527 | 1
SCRIPT       : DATA_LOG | 2947216 | aRapBi1cCZPZAGLIDny3dk3hQ8vTmNTLHRl8zxmKgQ0= | 13623 | 5.77496 | 13736.8 | 0.588812 | 0.80827 | 0 | CZ527 | 1
SCRIPT       : DATA_LOG | 2948217 | aRapBi1cCZPZAGLIDny3dk3hQ8vTmNTLHRl8zxmKgQ0= | 13623.5 | 5.77499 | 13739 | -0.925269 | 0.379312 | 0 | CZ527 | 1
SCRIPT       : DATA_LOG | 2949219 | aRapBi1cCZPZAGLIDny3dk3hQ8vTmNTLHRl8zxmKgQ0= | 13622.8 | 5.77711 | 13741.6 | -0.647132 | 0.762378 | 0 | CZ527 | 1
SCRIPT       : DATA_LOG | 2950219 | aRapBi1cCZPZAGLIDny3dk3hQ8vTmNTLHRl8zxmKgQ0= | 13620.3 | 5.78009 | 13743.8 | 0.180283 | 0.983615 | 0 | CZ527 | 1
SCRIPT       : DATA_LOG | 2951220 | aRapBi1cCZPZAGLIDny3dk3hQ8vTmNTLHRl8zxmKgQ0= | 13618.5 | 5.78592 | 13746.7 | -0.935723 | 0.352735 | 0 | CZ527 | 1
SCRIPT       : DATA_LOG | 2952221 | aRapBi1cCZPZAGLIDny3dk3hQ8vTmNTLHRl8zxmKgQ0= | 13615 | 5.80293 | 13747.2 | -0.977793 | 0.209571 | 0 | CZ527 | 1
SCRIPT       : DATA_LOG | 2953222 | aRapBi1cCZPZAGLIDny3dk3hQ8vTmNTLHRl8zxmKgQ0= | 13613.4 | 5.80293 | 13747.6 | -0.649928 | 0.759996 | 0 | CZ527 | 1
SCRIPT       : DATA_LOG | 2954223 | aRapBi1cCZPZAGLIDny3dk3hQ8vTmNTLHRl8zxmKgQ0= | 13611.6 | 5.8029 | 13748.4 | -0.628304 | 0.777968 | 0 | CZ527 | 1
SCRIPT       : DATA_LOG | 2955224 | aRapBi1cCZPZAGLIDny3dk3hQ8vTmNTLHRl8zxmKgQ0= | 13610.2 | 5.80293 | 13750.5 | -0.376112 | 0.926574 | 0 | CZ527 | 1
SCRIPT       : DATA_LOG | 2956231 | aRapBi1cCZPZAGLIDny3dk3hQ8vTmNTLHRl8zxmKgQ0= | 13611.1 | 5.80293 | 13750.6 | 0.971188 | 0.238313 | 0 | CZ527 | 1
SCRIPT       : DATA_LOG | 2957234 | aRapBi1cCZPZAGLIDny3dk3hQ8vTmNTLHRl8zxmKgQ0= | 13614.1 | 5.80293 | 13749.8 | 0.958955 | 0.283558 | 0 | CZ527 | 1
SCRIPT       : DATA_LOG | 2958234 | aRapBi1cCZPZAGLIDny3dk3hQ8vTmNTLHRl8zxmKgQ0= | 13614.1 | 5.80293 | 13749.8 | 0.958955 | 0.283558 | 0 | CZ527 | 1
SCRIPT       : DATA_LOG | 2959235 | aRapBi1cCZPZAGLIDny3dk3hQ8vTmNTLHRl8zxmKgQ0= | 13614.1 | 5.80293 | 13749.8 | 0.958955 | 0.283558 | 0 | CZ527 | 1
SCRIPT       : DATA_LOG | 2960236 | aRapBi1cCZPZAGLIDny3dk3hQ8vTmNTLHRl8zxmKgQ0= | 13614.1 | 5.80293 | 13749.8 | 0.958955 | 0.283558 | 0 | CZ527 | 1
SCRIPT       : DATA_LOG | 2961237 | aRapBi1cCZPZAGLIDny3dk3hQ8vTmNTLHRl8zxmKgQ0= | 13614.1 | 5.80293 | 13749.8 | 0.958955 | 0.283558 | 0 | CZ527 | 1
SCRIPT       : DATA_LOG | 2962238 | aRapBi1cCZPZAGLIDny3dk3hQ8vTmNTLHRl8zxmKgQ0= | 13614 | 5.80293 | 13749.8 | -0.906989 | 0.421154 | 0 | CZ527 | 1
SCRIPT       : DATA_LOG | 2963239 | aRapBi1cCZPZAGLIDny3dk3hQ8vTmNTLHRl8zxmKgQ0= | 13611 | 5.80293 | 13749.7 | -0.999953 | -0.00965238 | 0 | Colt1911 | 1
SCRIPT       : DATA_LOG | 2964240 | aRapBi1cCZPZAGLIDny3dk3hQ8vTmNTLHRl8zxmKgQ0= | 13611 | 5.80293 | 13749.7 | -1 | -0.000663845 | 0 | Colt1911 | 1
SCRIPT       : DATA_LOG | 2965241 | aRapBi1cCZPZAGLIDny3dk3hQ8vTmNTLHRl8zxmKgQ0= | 13607.6 | 5.80152 | 13750.4 | -0.803493 | 0.595315 | 1 | Colt1911 | 1
SCRIPT       : DATA_LOG | 2966242 | aRapBi1cCZPZAGLIDny3dk3hQ8vTmNTLHRl8zxmKgQ0= | 13605.5 | 5.80431 | 13751.3 | -0.0606801 | 0.998157 | 0 | Colt1911 | 1
SCRIPT       : DATA_LOG | 2967244 | aRapBi1cCZPZAGLIDny3dk3hQ8vTmNTLHRl8zxmKgQ0= | 13603.9 | 5.80782 | 13752 | 0.313217 | 0.949682 | 0 | Colt1911 | 1
SCRIPT       : DATA_LOG | 2968244 | aRapBi1cCZPZAGLIDny3dk3hQ8vTmNTLHRl8zxmKgQ0= | 13600.5 | 5.92576 | 13753.4 | -0.998421 | 0.0561649 | 0 | Colt1911 | 1
SCRIPT       : DATA_LOG | 2969246 | aRapBi1cCZPZAGLIDny3dk3hQ8vTmNTLHRl8zxmKgQ0= | 13596.6 | 5.87895 | 13754.2 | -0.936547 | 0.350543 | 0 | Colt1911 | 1
SCRIPT       : DATA_LOG | 2970246 | aRapBi1cCZPZAGLIDny3dk3hQ8vTmNTLHRl8zxmKgQ0= | 13596.3 | 5.87894 | 13754.6 | -0.233473 | 0.972363 | 0 | Colt1911 | 1
SCRIPT       : DATA_LOG | 2971247 | aRapBi1cCZPZAGLIDny3dk3hQ8vTmNTLHRl8zxmKgQ0= | 13599.2 | 5.87886 | 13756.3 | 0.908484 | -0.417919 | 0 | Colt1911 | 1
SCRIPT       : DATA_LOG | 2972248 | aRapBi1cCZPZAGLIDny3dk3hQ8vTmNTLHRl8zxmKgQ0= | 13600.9 | 5.87888 | 13755.6 | 0.590394 | -0.807115 | 0 | Colt1911 | 1
SCRIPT       : DATA_LOG | 2973250 | aRapBi1cCZPZAGLIDny3dk3hQ8vTmNTLHRl8zxmKgQ0= | 13597.8 | 5.87898 | 13755.9 | -0.368604 | -0.929586 | 0 | Colt1911 | 1
SCRIPT       : DATA_LOG | 2974250 | aRapBi1cCZPZAGLIDny3dk3hQ8vTmNTLHRl8zxmKgQ0= | 13601 | 5.87888 | 13753.8 | 0.997107 | -0.076008 | 0 | Colt1911 | 1
SCRIPT       : DATA_LOG | 2975251 | aRapBi1cCZPZAGLIDny3dk3hQ8vTmNTLHRl8zxmKgQ0= | 13606.6 | 5.80282 | 13754.2 | 0.533338 | 0.845903 | 0 | Colt1911 | 1
SCRIPT       : DATA_LOG | 2976252 | aRapBi1cCZPZAGLIDny3dk3hQ8vTmNTLHRl8zxmKgQ0= | 13610.6 | 5.81442 | 13759.9 | 0.483699 | 0.875234 | 0 | Colt1911 | 1
SCRIPT       : DATA_LOG | 2977253 | aRapBi1cCZPZAGLIDny3dk3hQ8vTmNTLHRl8zxmKgQ0= | 13615.7 | 5.78366 | 13763.5 | 0.173159 | 0.984894 | 0 | Colt1911 | 1
SCRIPT       : DATA_LOG | 2978254 | aRapBi1cCZPZAGLIDny3dk3hQ8vTmNTLHRl8zxmKgQ0= | 13618.9 | 5.74847 | 13766.3 | -0.626505 | 0.779418 | 0 | Colt1911 | 1
SCRIPT       : DATA_LOG | 2979255 | aRapBi1cCZPZAGLIDny3dk3hQ8vTmNTLHRl8zxmKgQ0= | 13617.7 | 5.74195 | 13770 | -0.889755 | -0.456438 | 0 | Colt1911 | 1
SCRIPT       : DATA_LOG | 2980256 | aRapBi1cCZPZAGLIDny3dk3hQ8vTmNTLHRl8zxmKgQ0= | 13615.7 | 5.74091 | 13768.7 | -0.302854 | -0.953037 | 0 | Colt1911 | 1
SCRIPT       : DATA_LOG | 2981257 | aRapBi1cCZPZAGLIDny3dk3hQ8vTmNTLHRl8zxmKgQ0= | 13615.6 | 5.74095 | 13768.6 | -0.036843 | -0.999321 | 0 | Colt1911 | 1
SCRIPT       : DATA_LOG | 2982258 | aRapBi1cCZPZAGLIDny3dk3hQ8vTmNTLHRl8zxmKgQ0= | 13616.1 | 5.74099 | 13769 | 0.611956 | -0.790891 | 0 | Colt1911 | 1
SCRIPT       : DATA_LOG | 2983259 | aRapBi1cCZPZAGLIDny3dk3hQ8vTmNTLHRl8zxmKgQ0= | 13616.1 | 5.74099 | 13769 | 0.611956 | -0.790891 | 0 | Colt1911 | 1
SCRIPT       : DATA_LOG | 2984260 | aRapBi1cCZPZAGLIDny3dk3hQ8vTmNTLHRl8zxmKgQ0= | 13618.3 | 5.74382 | 13769.2 | 0.00807268 | -0.999967 | 0 | Colt1911 | 1
SCRIPT       : DATA_LOG | 2985262 | aRapBi1cCZPZAGLIDny3dk3hQ8vTmNTLHRl8zxmKgQ0= | 13617.8 | 7.11928 | 13768.4 | -0.700878 | -0.713281 | 0 | Colt1911 | 1
SCRIPT       : DATA_LOG | 2986262 | aRapBi1cCZPZAGLIDny3dk3hQ8vTmNTLHRl8zxmKgQ0= | 13617.8 | 7.11907 | 13768.4 | -0.702012 | -0.712165 | 0 | Colt1911 | 1
SCRIPT       : DATA_LOG | 2987263 | aRapBi1cCZPZAGLIDny3dk3hQ8vTmNTLHRl8zxmKgQ0= | 13617.4 | 7.24772 | 13768.1 | -0.764092 | -0.645107 | 0 | Colt1911 | 1
SCRIPT       : DATA_LOG | 2988264 | aRapBi1cCZPZAGLIDny3dk3hQ8vTmNTLHRl8zxmKgQ0= | 13617.4 | 7.24772 | 13768.1 | -0.764092 | -0.645107 | 0 | Colt1911 | 1
SCRIPT       : DATA_LOG | 2989265 | aRapBi1cCZPZAGLIDny3dk3hQ8vTmNTLHRl8zxmKgQ0= | 13617.4 | 7.24772 | 13768.1 | -0.764092 | -0.645107 | 0 | Colt1911 | 1
SCRIPT       : DATA_LOG | 2990266 | aRapBi1cCZPZAGLIDny3dk3hQ8vTmNTLHRl8zxmKgQ0= | 13617.4 | 7.24772 | 13768.1 | -0.764092 | -0.645107 | 0 | Colt1911 | 1
SCRIPT       : DATA_LOG | 2991267 | aRapBi1cCZPZAGLIDny3dk3hQ8vTmNTLHRl8zxmKgQ0= | 13617.4 | 7.24772 | 13768.1 | -0.764092 | -0.645107 | 0 | Colt1911 | 1
SCRIPT       : DATA_LOG | 2992268 | aRapBi1cCZPZAGLIDny3dk3hQ8vTmNTLHRl8zxmKgQ0= | 13617.4 | 7.24772 | 13768.1 | -0.764093 | -0.645107 | 0 | Colt1911 | 1
SCRIPT       : DATA_LOG | 2993269 | aRapBi1cCZPZAGLIDny3dk3hQ8vTmNTLHRl8zxmKgQ0= | 13618.9 | 6.45528 | 13768.4 | -0.879669 | 0.475585 | 0 | Colt1911 | 1
SCRIPT       : DATA_LOG | 2994270 | aRapBi1cCZPZAGLIDny3dk3hQ8vTmNTLHRl8zxmKgQ0= | 13617.7 | 5.74062 | 13770.5 | -0.927891 | 0.372853 | 0 | Colt1911 | 1
SCRIPT       : DATA_LOG | 2995271 | aRapBi1cCZPZAGLIDny3dk3hQ8vTmNTLHRl8zxmKgQ0= | 13611.5 | 5.71927 | 13772.8 | -0.999723 | 0.0235308 | 0 | Colt1911 | 1
SCRIPT       : DATA_LOG | 2996272 | aRapBi1cCZPZAGLIDny3dk3hQ8vTmNTLHRl8zxmKgQ0= | 13604.8 | 5.68919 | 13773.7 | -0.998706 | -0.0508645 | 0 | Colt1911 | 1
SCRIPT       : DATA_LOG | 2997273 | aRapBi1cCZPZAGLIDny3dk3hQ8vTmNTLHRl8zxmKgQ0= | 13598.1 | 5.66563 | 13774.2 | -0.998705 | -0.0508698 | 0 | Colt1911 | 1
SCRIPT       : DATA_LOG | 2998274 | aRapBi1cCZPZAGLIDny3dk3hQ8vTmNTLHRl8zxmKgQ0= | 13592.1 | 5.58498 | 13776.1 | -0.712412 | 0.701761 | 0 | Colt1911 | 1
SCRIPT       : DATA_LOG | 2999275 | aRapBi1cCZPZAGLIDny3dk3hQ8vTmNTLHRl8zxmKgQ0= | 13587.3 | 5.46993 | 13780.8 | -0.892063 | 0.451912 | 0 | Colt1911 | 1
SCRIPT       : DATA_LOG | 3000277 | aRapBi1cCZPZAGLIDny3dk3hQ8vTmNTLHRl8zxmKgQ0= | 13581.5 | 5.38017 | 13784.2 | -0.90055 | 0.434752 | 0 | Colt1911 | 1
SCRIPT       : DATA_LOG | 3001277 | aRapBi1cCZPZAGLIDny3dk3hQ8vTmNTLHRl8zxmKgQ0= | 13576.4 | 5.40198 | 13788.5 | -0.705458 | 0.708751 | 0 | Colt1911 | 1
SCRIPT       : DATA_LOG | 3002278 | aRapBi1cCZPZAGLIDny3dk3hQ8vTmNTLHRl8zxmKgQ0= | 13571.3 | 5.50673 | 13792.9 | -0.847826 | 0.530274 | 0 | Colt1911 | 1
SCRIPT       : DATA_LOG | 3003279 | aRapBi1cCZPZAGLIDny3dk3hQ8vTmNTLHRl8zxmKgQ0= | 13565.6 | 5.67003 | 13796.5 | -0.851831 | 0.523816 | 0 | Colt1911 | 1
SCRIPT       : DATA_LOG | 3004281 | aRapBi1cCZPZAGLIDny3dk3hQ8vTmNTLHRl8zxmKgQ0= | 13559.8 | 5.85746 | 13800 | -0.851832 | 0.523814 | 0 | Colt1911 | 1
SCRIPT       : DATA_LOG | 3005282 | aRapBi1cCZPZAGLIDny3dk3hQ8vTmNTLHRl8zxmKgQ0= | 13554.4 | 5.96891 | 13804.1 | -0.818342 | 0.574731 | 0 | Colt1911 | 1
SCRIPT       : DATA_LOG | 3006283 | aRapBi1cCZPZAGLIDny3dk3hQ8vTmNTLHRl8zxmKgQ0= | 13548.9 | 6.02976 | 13808.2 | -0.813233 | 0.581938 | 0 | Colt1911 | 1
SCRIPT       : DATA_LOG | 3007283 | aRapBi1cCZPZAGLIDny3dk3hQ8vTmNTLHRl8zxmKgQ0= | 13545.4 | 6.03444 | 13811.3 | -0.646338 | -0.763051 | 0 | Colt1911 | 1
SCRIPT       : DATA_LOG | 3008284 | aRapBi1cCZPZAGLIDny3dk3hQ8vTmNTLHRl8zxmKgQ0= | 13541.7 | 6.01722 | 13813.4 | -0.999193 | -0.0401721 | 0 | Colt1911 | 1
SCRIPT       : DATA_LOG | 3009292 | aRapBi1cCZPZAGLIDny3dk3hQ8vTmNTLHRl8zxmKgQ0= | 13538.5 | 5.99838 | 13815.7 | -0.98504 | 0.172327 | 0 | Colt1911 | 1
SCRIPT       : DATA_LOG | 3010292 | aRapBi1cCZPZAGLIDny3dk3hQ8vTmNTLHRl8zxmKgQ0= | 13535.7 | 5.94661 | 13817.4 | -0.985016 | 0.172461 | 0 | Colt1911 | 1
SCRIPT       : DATA_LOG | 3011294 | aRapBi1cCZPZAGLIDny3dk3hQ8vTmNTLHRl8zxmKgQ0= | 13535.3 | 5.93226 | 13818.5 | -0.985016 | 0.172461 | 0 | Colt1911 | 1
SCRIPT       : DATA_LOG | 3012295 | aRapBi1cCZPZAGLIDny3dk3hQ8vTmNTLHRl8zxmKgQ0= | 13533.2 | 5.87641 | 13821 | -0.985016 | 0.172461 | 0 | Colt1911 | 1
SCRIPT       : DATA_LOG | 3013296 | aRapBi1cCZPZAGLIDny3dk3hQ8vTmNTLHRl8zxmKgQ0= | 13530.8 | 5.79199 | 13825.4 | -0.929266 | 0.369411 | 0 | Colt1911 | 1
SCRIPT       : DATA_LOG | 3014297 | aRapBi1cCZPZAGLIDny3dk3hQ8vTmNTLHRl8zxmKgQ0= | 13525.3 | 5.56226 | 13828.9 | -0.983714 | 0.179742 | 0 | Colt1911 | 1
SCRIPT       : DATA_LOG | 3015299 | aRapBi1cCZPZAGLIDny3dk3hQ8vTmNTLHRl8zxmKgQ0= | 13520.1 | 5.2621 | 13827.4 | -0.669188 | -0.743093 | 0 | Colt1911 | 1
SCRIPT       : DATA_LOG | 3016299 | aRapBi1cCZPZAGLIDny3dk3hQ8vTmNTLHRl8zxmKgQ0= | 13515.4 | 5.03802 | 13825.5 | -0.995372 | 0.0960991 | 0 | Colt1911 | 1
SCRIPT       : DATA_LOG | 3017300 | aRapBi1cCZPZAGLIDny3dk3hQ8vTmNTLHRl8zxmKgQ0= | 13509.5 | 4.63697 | 13827.7 | -0.842211 | 0.539149 | 0 | Colt1911 | 1
SCRIPT       : DATA_LOG | 3018301 | aRapBi1cCZPZAGLIDny3dk3hQ8vTmNTLHRl8zxmKgQ0= | 13504.7 | 4.75479 | 13831.1 | -0.867707 | 0.497076 | 0 | Colt1911 | 1
SCRIPT       : DATA_LOG | 3019302 | aRapBi1cCZPZAGLIDny3dk3hQ8vTmNTLHRl8zxmKgQ0= | 13501.4 | 5.08026 | 13832.5 | -0.952925 | 0.303205 | 0 | Colt1911 | 1
SCRIPT       : DATA_LOG | 3020303 | aRapBi1cCZPZAGLIDny3dk3hQ8vTmNTLHRl8zxmKgQ0= | 13498 | 5.27909 | 13833.6 | -0.953622 | 0.301008 | 0 | Colt1911 | 1
SCRIPT       : DATA_LOG | 3021304 | aRapBi1cCZPZAGLIDny3dk3hQ8vTmNTLHRl8zxmKgQ0= | 13493.2 | 5.38564 | 13835 | -0.995192 | 0.0979419 | 0 | Colt1911 | 1
SCRIPT       : DATA_LOG | 3022305 | aRapBi1cCZPZAGLIDny3dk3hQ8vTmNTLHRl8zxmKgQ0= | 13488.2 | 5.24517 | 13833.4 | -0.437655 | -0.899143 | 0 | Colt1911 | 1
SCRIPT       : DATA_LOG | 3023306 | aRapBi1cCZPZAGLIDny3dk3hQ8vTmNTLHRl8zxmKgQ0= | 13484.9 | 5.33316 | 13827.9 | -0.274325 | -0.961637 | 0 | Colt1911 | 1
SCRIPT       : DATA_LOG | 3024307 | aRapBi1cCZPZAGLIDny3dk3hQ8vTmNTLHRl8zxmKgQ0= | 13482.4 | 5.28495 | 13822.5 | 0.783318 | -0.621621 | 0 | Colt1911 | 1
SCRIPT       : DATA_LOG | 3025308 | aRapBi1cCZPZAGLIDny3dk3hQ8vTmNTLHRl8zxmKgQ0= | 13483.3 | 5.28178 | 13822.3 | 0.983515 | 0.180825 | 0 | Colt1911 | 1
SCRIPT       : DATA_LOG | 3026309 | aRapBi1cCZPZAGLIDny3dk3hQ8vTmNTLHRl8zxmKgQ0= | 13483.7 | 5.27783 | 13822.2 | 0.931937 | 0.362621 | 0 | Colt1911 | 1
SCRIPT       : DATA_LOG | 3027311 | aRapBi1cCZPZAGLIDny3dk3hQ8vTmNTLHRl8zxmKgQ0= | 13483.8 | 5.27722 | 13822.1 | 0.931937 | 0.362621 | 0 | Colt1911 | 1
SCRIPT       : DATA_LOG | 3028312 | aRapBi1cCZPZAGLIDny3dk3hQ8vTmNTLHRl8zxmKgQ0= | 13483.8 | 5.27722 | 13822.1 | 0.931937 | 0.362621 | 0 | Colt1911 | 1
SCRIPT       : DATA_LOG | 3029312 | aRapBi1cCZPZAGLIDny3dk3hQ8vTmNTLHRl8zxmKgQ0= | 13483.8 | 5.27722 | 13822.1 | 0.931937 | 0.362621 | 0 | Colt1911 | 1
SCRIPT       : DATA_LOG | 3030313 | aRapBi1cCZPZAGLIDny3dk3hQ8vTmNTLHRl8zxmKgQ0= | 13483.8 | 5.27722 | 13822.1 | 0.931937 | 0.362621 | 0 | Colt1911 | 1
SCRIPT       : DATA_LOG | 3031314 | aRapBi1cCZPZAGLIDny3dk3hQ8vTmNTLHRl8zxmKgQ0= | 13483.8 | 5.27722 | 13822.1 | 0.931937 | 0.362621 | 0 | Colt1911 | 1
SCRIPT       : DATA_LOG | 3032316 | aRapBi1cCZPZAGLIDny3dk3hQ8vTmNTLHRl8zxmKgQ0= | 13485.2 | 5.46231 | 13823.2 | 0.927375 | 0.374133 | 0 | Colt1911 | 1
SCRIPT       : DATA_LOG | 3033316 | aRapBi1cCZPZAGLIDny3dk3hQ8vTmNTLHRl8zxmKgQ0= | 13486.9 | 5.4623 | 13825.1 | 0.661562 | 0.749891 | 0 | Colt1911 | 1
SCRIPT       : DATA_LOG | 3034317 | aRapBi1cCZPZAGLIDny3dk3hQ8vTmNTLHRl8zxmKgQ0= | 13487.7 | 5.46231 | 13825.4 | 0.28835 | 0.957525 | 0 | Colt1911 | 1
SCRIPT       : DATA_LOG | 3035318 | aRapBi1cCZPZAGLIDny3dk3hQ8vTmNTLHRl8zxmKgQ0= | 13490.9 | 5.50919 | 13825.8 | 0.86593 | -0.500165 | 0 | Colt1911 | 1
SCRIPT       : DATA_LOG | 3036319 | aRapBi1cCZPZAGLIDny3dk3hQ8vTmNTLHRl8zxmKgQ0= | 13491.5 | 5.51018 | 13825.9 | 0.851531 | -0.524304 | 0 | Colt1911 | 1
SCRIPT       : DATA_LOG | 3037320 | aRapBi1cCZPZAGLIDny3dk3hQ8vTmNTLHRl8zxmKgQ0= | 13491.9 | 5.51052 | 13826.8 | 0.918344 | -0.395782 | 0 | Colt1911 | 1
SCRIPT       : DATA_LOG | 3038321 | aRapBi1cCZPZAGLIDny3dk3hQ8vTmNTLHRl8zxmKgQ0= | 13494.5 | 5.46231 | 13825.3 | 0.876322 | 0.481725 | 0 | Colt1911 | 1
SCRIPT       : DATA_LOG | 3039322 | aRapBi1cCZPZAGLIDny3dk3hQ8vTmNTLHRl8zxmKgQ0= | 13496.4 | 5.47386 | 13827 | -0.583813 | 0.811888 | 0 | Colt1911 | 1
SCRIPT       : DATA_LOG | 3040323 | aRapBi1cCZPZAGLIDny3dk3hQ8vTmNTLHRl8zxmKgQ0= | 13495.4 | 5.46226 | 13829.8 | -0.988679 | 0.150044 | 0 | Colt1911 | 1
SCRIPT       : DATA_LOG | 3041324 | aRapBi1cCZPZAGLIDny3dk3hQ8vTmNTLHRl8zxmKgQ0= | 13495.7 | 5.47394 | 13827.8 | 0.0468713 | -0.998901 | 0 | Colt1911 | 1
SCRIPT       : DATA_LOG | 3042326 | aRapBi1cCZPZAGLIDny3dk3hQ8vTmNTLHRl8zxmKgQ0= | 13495.2 | 5.46231 | 13826.1 | -0.990063 | -0.140626 | 0 | Colt1911 | 1
SCRIPT       : DATA_LOG | 3043326 | aRapBi1cCZPZAGLIDny3dk3hQ8vTmNTLHRl8zxmKgQ0= | 13492.9 | 5.46231 | 13825.8 | -0.992448 | 0.122663 | 0 | Colt1911 | 1
SCRIPT       : DATA_LOG | 3044327 | aRapBi1cCZPZAGLIDny3dk3hQ8vTmNTLHRl8zxmKgQ0= | 13489.5 | 5.46231 | 13826.1 | -0.434414 | -0.900713 | 0 | Colt1911 | 1
SCRIPT       : DATA_LOG | 3045329 | aRapBi1cCZPZAGLIDny3dk3hQ8vTmNTLHRl8zxmKgQ0= | 13486.3 | 5.46227 | 13824.2 | -0.426273 | -0.904595 | 0 | Colt1911 | 1
SCRIPT       : DATA_LOG | 3046329 | aRapBi1cCZPZAGLIDny3dk3hQ8vTmNTLHRl8zxmKgQ0= | 13483.4 | 5.2597 | 13821.3 | 0.823684 | -0.567049 | 0 | Colt1911 | 1
SCRIPT       : DATA_LOG | 3047330 | aRapBi1cCZPZAGLIDny3dk3hQ8vTmNTLHRl8zxmKgQ0= | 13482.2 | 5.18921 | 13817.6 | 0.893215 | 0.449629 | 0 | Colt1911 | 1
SCRIPT       : DATA_LOG | 3048331 | aRapBi1cCZPZAGLIDny3dk3hQ8vTmNTLHRl8zxmKgQ0= | 13481.6 | 5.2501 | 13814.6 | 0.0331353 | 0.999451 | 1 | Colt1911 | 1
SCRIPT       : DATA_LOG | 3049332 | aRapBi1cCZPZAGLIDny3dk3hQ8vTmNTLHRl8zxmKgQ0= | 13481.7 | 5.24895 | 13814.7 | -0.222309 | 0.974976 | 1 | Colt1911 | 1
SCRIPT       : DATA_LOG | 3050333 | aRapBi1cCZPZAGLIDny3dk3hQ8vTmNTLHRl8zxmKgQ0= | 13481.7 | 5.24871 | 13814.7 | -0.0912376 | 0.995829 | 1 | Colt1911 | 1
SCRIPT       : DATA_LOG | 3051334 | aRapBi1cCZPZAGLIDny3dk3hQ8vTmNTLHRl8zxmKgQ0= | 13481.7 | 5.24871 | 13814.7 | -0.0912377 | 0.995829 | 0 | Colt1911 | 1
SCRIPT       : DATA_LOG | 3052336 | aRapBi1cCZPZAGLIDny3dk3hQ8vTmNTLHRl8zxmKgQ0= | 13481.7 | 5.24871 | 13814.7 | 0.831494 | 0.555534 | 0 | Colt1911 | 1
SCRIPT       : DATA_LOG | 3053336 | aRapBi1cCZPZAGLIDny3dk3hQ8vTmNTLHRl8zxmKgQ0= | 13480.5 | 5.27466 | 13816.1 | -0.00527613 | 0.999986 | 0 | Colt1911 | 1
SCRIPT       : DATA_LOG | 3054337 | aRapBi1cCZPZAGLIDny3dk3hQ8vTmNTLHRl8zxmKgQ0= | 13477.9 | 5.32694 | 13818.9 | 0.524232 | 0.851576 | 0 | Colt1911 | 1
SCRIPT       : DATA_LOG | 3055338 | aRapBi1cCZPZAGLIDny3dk3hQ8vTmNTLHRl8zxmKgQ0= | 13475.6 | 5.25652 | 13822 | 0.99521 | 0.0977575 | 0 | Colt1911 | 1
SCRIPT       : DATA_LOG | 3056339 | aRapBi1cCZPZAGLIDny3dk3hQ8vTmNTLHRl8zxmKgQ0= | 13475.3 | 5.26963 | 13826 | 0.996705 | 0.0811134 | 0 | Colt1911 | 1
SCRIPT       : DATA_LOG | 3057340 | aRapBi1cCZPZAGLIDny3dk3hQ8vTmNTLHRl8zxmKgQ0= | 13475.9 | 5.26709 | 13827.6 | 0.996722 | 0.080906 | 0 | Colt1911 | 1
SCRIPT       : DATA_LOG | 3058341 | aRapBi1cCZPZAGLIDny3dk3hQ8vTmNTLHRl8zxmKgQ0= | 13475.9 | 5.26709 | 13827.6 | 0.996722 | 0.080906 | 0 | Colt1911 | 1
SCRIPT       : DATA_LOG | 3059342 | aRapBi1cCZPZAGLIDny3dk3hQ8vTmNTLHRl8zxmKgQ0= | 13475.9 | 5.26709 | 13827.6 | 0.996722 | 0.080906 | 0 | Colt1911 | 1
SCRIPT       : DATA_LOG | 3060343 | aRapBi1cCZPZAGLIDny3dk3hQ8vTmNTLHRl8zxmKgQ0= | 13475.9 | 5.26709 | 13827.6 | 0.996722 | 0.080906 | 0 | none | 1
SCRIPT       : DATA_LOG | 3061344 | aRapBi1cCZPZAGLIDny3dk3hQ8vTmNTLHRl8zxmKgQ0= | 13475.9 | 5.26709 | 13827.6 | 0.996722 | 0.080906 | 0 | none | 1
SCRIPT       : DATA_LOG | 3062346 | aRapBi1cCZPZAGLIDny3dk3hQ8vTmNTLHRl8zxmKgQ0= | 13475.9 | 5.26709 | 13827.6 | 0.996722 | 0.080906 | 0 | none | 1
SCRIPT       : DATA_LOG | 3063347 | aRapBi1cCZPZAGLIDny3dk3hQ8vTmNTLHRl8zxmKgQ0= | 13475.9 | 5.26709 | 13827.6 | 0.996722 | 0.080906 | 0 | none | 1
SCRIPT       : DATA_LOG | 3064349 | aRapBi1cCZPZAGLIDny3dk3hQ8vTmNTLHRl8zxmKgQ0= | 13475.9 | 5.26709 | 13827.6 | 0.996722 | 0.080906 | 0 | none | 1
SCRIPT       : DATA_LOG | 3065349 | aRapBi1cCZPZAGLIDny3dk3hQ8vTmNTLHRl8zxmKgQ0= | 13475.9 | 5.26709 | 13827.6 | 0.996722 | 0.080906 | 0 | none | 1
SCRIPT       : DATA_LOG | 3066350 | aRapBi1cCZPZAGLIDny3dk3hQ8vTmNTLHRl8zxmKgQ0= | 13475.9 | 5.26709 | 13827.6 | 0.996722 | 0.080906 | 0 | none | 1
SCRIPT       : DATA_LOG | 3067352 | aRapBi1cCZPZAGLIDny3dk3hQ8vTmNTLHRl8zxmKgQ0= | 13475.9 | 5.26709 | 13827.6 | 0.996722 | 0.080906 | 0 | none | 1
SCRIPT       : DATA_LOG | 3068353 | aRapBi1cCZPZAGLIDny3dk3hQ8vTmNTLHRl8zxmKgQ0= | 13475.9 | 5.26709 | 13827.6 | 0.996722 | 0.080906 | 0 | none | 1
SCRIPT       : DATA_LOG | 3069354 | aRapBi1cCZPZAGLIDny3dk3hQ8vTmNTLHRl8zxmKgQ0= | 13475.9 | 5.26709 | 13827.6 | 0.996722 | 0.080906 | 0 | none | 1
SCRIPT       : DATA_LOG | 3070355 | aRapBi1cCZPZAGLIDny3dk3hQ8vTmNTLHRl8zxmKgQ0= | 13475.9 | 5.26709 | 13827.6 | 0.996722 | 0.080906 | 0 | none | 1
SCRIPT       : DATA_LOG | 3071356 | aRapBi1cCZPZAGLIDny3dk3hQ8vTmNTLHRl8zxmKgQ0= | 13475.9 | 5.26709 | 13827.6 | 0.831554 | -0.555444 | 0 | none | 1
SCRIPT       : DATA_LOG | 3072358 | aRapBi1cCZPZAGLIDny3dk3hQ8vTmNTLHRl8zxmKgQ0= | 13475.9 | 5.26709 | 13827.6 | 0.831554 | -0.555444 | 0 | none | 1
SCRIPT       : DATA_LOG | 3073360 | aRapBi1cCZPZAGLIDny3dk3hQ8vTmNTLHRl8zxmKgQ0= | 13475.9 | 5.26709 | 13827.6 | 0.831554 | -0.555444 | 0 | none | 1
SCRIPT       : DATA_LOG | 3074361 | aRapBi1cCZPZAGLIDny3dk3hQ8vTmNTLHRl8zxmKgQ0= | 13475.9 | 5.26709 | 13827.6 | 0.831554 | -0.555444 | 0 | none | 1
SCRIPT       : DATA_LOG | 3075363 | aRapBi1cCZPZAGLIDny3dk3hQ8vTmNTLHRl8zxmKgQ0= | 13475.9 | 5.26709 | 13827.6 | 0.831554 | -0.555444 | 0 | none | 1
SCRIPT       : DATA_LOG | 3076363 | aRapBi1cCZPZAGLIDny3dk3hQ8vTmNTLHRl8zxmKgQ0= | 13475.9 | 5.26709 | 13827.6 | 0.831554 | -0.555444 | 0 | none | 1
SCRIPT       : DATA_LOG | 3077365 | aRapBi1cCZPZAGLIDny3dk3hQ8vTmNTLHRl8zxmKgQ0= | 13475.9 | 5.26709 | 13827.6 | 0.831554 | -0.555444 | 0 | none | 1
SCRIPT       : DATA_LOG | 3078366 | aRapBi1cCZPZAGLIDny3dk3hQ8vTmNTLHRl8zxmKgQ0= | 13475.9 | 5.26709 | 13827.6 | 0.831554 | -0.555444 | 0 | none | 1
SCRIPT       : DATA_LOG | 3079367 | aRapBi1cCZPZAGLIDny3dk3hQ8vTmNTLHRl8zxmKgQ0= | 13475.9 | 5.26709 | 13827.6 | 0.831554 | -0.555444 | 0 | none | 1
SCRIPT       : DATA_LOG | 3080369 | aRapBi1cCZPZAGLIDny3dk3hQ8vTmNTLHRl8zxmKgQ0= | 13475.9 | 5.26709 | 13827.6 | 0.831554 | -0.555444 | 0 | none | 1
SCRIPT       : DATA_LOG | 3081369 | aRapBi1cCZPZAGLIDny3dk3hQ8vTmNTLHRl8zxmKgQ0= | 13476.5 | 5.26991 | 13827.1 | 0.644557 | -0.764556 | 0 | none | 1
SCRIPT       : DATA_LOG | 3082370 | aRapBi1cCZPZAGLIDny3dk3hQ8vTmNTLHRl8zxmKgQ0= | 13477.3 | 5.28159 | 13823.6 | 0.364 | -0.931399 | 0 | CZ527 | 1
SCRIPT       : DATA_LOG | 3083371 | aRapBi1cCZPZAGLIDny3dk3hQ8vTmNTLHRl8zxmKgQ0= | 13476.5 | 5.3424 | 13817.6 | 0.682456 | -0.730927 | 0 | CZ527 | 1
SCRIPT       : DATA_LOG | 3084372 | aRapBi1cCZPZAGLIDny3dk3hQ8vTmNTLHRl8zxmKgQ0= | 13476.3 | 5.27855 | 13810.9 | 0.776989 | -0.629514 | 0 | CZ527 | 1
SCRIPT       : DATA_LOG | 3085373 | aRapBi1cCZPZAGLIDny3dk3hQ8vTmNTLHRl8zxmKgQ0= | 13479 | 4.89288 | 13805 | 0.776707 | -0.629863 | 0 | CZ527 | 1
SCRIPT       : DATA_LOG | 3086375 | aRapBi1cCZPZAGLIDny3dk3hQ8vTmNTLHRl8zxmKgQ0= | 13484.2 | 4.15469 | 13800.9 | 0.863195 | -0.50487 | 0 | CZ527 | 1
SCRIPT       : DATA_LOG | 3087375 | aRapBi1cCZPZAGLIDny3dk3hQ8vTmNTLHRl8zxmKgQ0= | 13490.2 | 4.55113 | 13797.9 | 0.911236 | -0.411884 | 0 | CZ527 | 1
SCRIPT       : DATA_LOG | 3088376 | aRapBi1cCZPZAGLIDny3dk3hQ8vTmNTLHRl8zxmKgQ0= | 13496.6 | 4.75865 | 13796.2 | 0.999119 | 0.0419586 | 0 | CZ527 | 1
SCRIPT       : DATA_LOG | 3089377 | aRapBi1cCZPZAGLIDny3dk3hQ8vTmNTLHRl8zxmKgQ0= | 13503.3 | 5.23783 | 13795.9 | 0.958689 | 0.284455 | 0 | CZ527 | 1
SCRIPT       : DATA_LOG | 3090378 | aRapBi1cCZPZAGLIDny3dk3hQ8vTmNTLHRl8zxmKgQ0= | 13510 | 5.5616 | 13795.5 | 0.999293 | 0.037599 | 0 | CZ527 | 1
SCRIPT       : DATA_LOG | 3091379 | aRapBi1cCZPZAGLIDny3dk3hQ8vTmNTLHRl8zxmKgQ0= | 13516.7 | 5.77204 | 13795.6 | 0.999512 | 0.0312451 | 0 | CZ527 | 1
SCRIPT       : DATA_LOG | 3092380 | aRapBi1cCZPZAGLIDny3dk3hQ8vTmNTLHRl8zxmKgQ0= | 13523.1 | 5.91924 | 13794.8 | 0.917123 | -0.398605 | 0 | CZ527 | 1
SCRIPT       : DATA_LOG | 3093381 | aRapBi1cCZPZAGLIDny3dk3hQ8vTmNTLHRl8zxmKgQ0= | 13525.5 | 6.87987 | 13793.7 | 0.794532 | -0.607222 | 0 | CZ527 | 1
SCRIPT       : DATA_LOG | 3094382 | aRapBi1cCZPZAGLIDny3dk3hQ8vTmNTLHRl8zxmKgQ0= | 13528.1 | 6.09544 | 13792.5 | 0.944098 | 0.329666 | 0 | CZ527 | 1
SCRIPT       : DATA_LOG | 3095383 | aRapBi1cCZPZAGLIDny3dk3hQ8vTmNTLHRl8zxmKgQ0= | 13531.3 | 6.00659 | 13795.8 | -0.278575 | 0.960414 | 0 | CZ527 | 1
SCRIPT       : DATA_LOG | 3096384 | aRapBi1cCZPZAGLIDny3dk3hQ8vTmNTLHRl8zxmKgQ0= | 13536.5 | 6.01124 | 13799.2 | 0.719221 | 0.694781 | 0 | CZ527 | 1
SCRIPT       : DATA_LOG | 3097386 | aRapBi1cCZPZAGLIDny3dk3hQ8vTmNTLHRl8zxmKgQ0= | 13541.9 | 6.00628 | 13803.5 | 0.605162 | 0.796102 | 0 | CZ527 | 1
SCRIPT       : DATA_LOG | 3098387 | aRapBi1cCZPZAGLIDny3dk3hQ8vTmNTLHRl8zxmKgQ0= | 13545 | 6.03466 | 13809.1 | -0.168741 | 0.98566 | 0 | CZ527 | 1
SCRIPT       : DATA_LOG | 3099389 | aRapBi1cCZPZAGLIDny3dk3hQ8vTmNTLHRl8zxmKgQ0= | 13543.2 | 6.02367 | 13815.7 | -0.397984 | 0.917392 | 0 | CZ527 | 1
SCRIPT       : DATA_LOG | 3100390 | aRapBi1cCZPZAGLIDny3dk3hQ8vTmNTLHRl8zxmKgQ0= | 13541 | 6.00676 | 13822 | -0.298431 | 0.954431 | 0 | CZ527 | 1
SCRIPT       : DATA_LOG | 3101390 | aRapBi1cCZPZAGLIDny3dk3hQ8vTmNTLHRl8zxmKgQ0= | 13538.9 | 5.95661 | 13828.4 | -0.312652 | 0.949868 | 0 | CZ527 | 1
SCRIPT       : DATA_LOG | 3102392 | aRapBi1cCZPZAGLIDny3dk3hQ8vTmNTLHRl8zxmKgQ0= | 13536.8 | 5.91861 | 13834.7 | -0.312671 | 0.949861 | 0 | CZ527 | 1
SCRIPT       : DATA_LOG | 3103392 | aRapBi1cCZPZAGLIDny3dk3hQ8vTmNTLHRl8zxmKgQ0= | 13534.7 | 5.87941 | 13841.1 | -0.312671 | 0.949861 | 0 | CZ527 | 1
SCRIPT       : DATA_LOG | 3104393 | aRapBi1cCZPZAGLIDny3dk3hQ8vTmNTLHRl8zxmKgQ0= | 13532.6 | 6.07128 | 13847.5 | -0.312671 | 0.949861 | 0 | CZ527 | 1
SCRIPT       : DATA_LOG | 3105394 | aRapBi1cCZPZAGLIDny3dk3hQ8vTmNTLHRl8zxmKgQ0= | 13530.4 | 6.52646 | 13853.8 | -0.343202 | 0.939262 | 0 | CZ527 | 1
SCRIPT       : DATA_LOG | 3106396 | aRapBi1cCZPZAGLIDny3dk3hQ8vTmNTLHRl8zxmKgQ0= | 13527.9 | 7.04577 | 13860 | 0.155528 | 0.987832 | 0 | CZ527 | 1
SCRIPT       : DATA_LOG | 3107396 | aRapBi1cCZPZAGLIDny3dk3hQ8vTmNTLHRl8zxmKgQ0= | 13525.3 | 7.14747 | 13864.9 | 0.318899 | 0.947789 | 0 | CZ527 | 1
SCRIPT       : DATA_LOG | 3108398 | aRapBi1cCZPZAGLIDny3dk3hQ8vTmNTLHRl8zxmKgQ0= | 13523.7 | 7.24404 | 13868.3 | 0.324254 | 0.94597 | 0 | CZ527 | 1
SCRIPT       : DATA_LOG | 3109398 | aRapBi1cCZPZAGLIDny3dk3hQ8vTmNTLHRl8zxmKgQ0= | 13522.1 | 7.6277 | 13871.2 | 0.523658 | 0.851928 | 0 | CZ527 | 1
SCRIPT       : DATA_LOG | 3110400 | aRapBi1cCZPZAGLIDny3dk3hQ8vTmNTLHRl8zxmKgQ0= | 13519.4 | 8.05169 | 13872.9 | 0.536875 | 0.843662 | 0 | CZ527 | 1
SCRIPT       : DATA_LOG | 3111400 | aRapBi1cCZPZAGLIDny3dk3hQ8vTmNTLHRl8zxmKgQ0= | 13516.7 | 8.47658 | 13874.6 | 0.536902 | 0.843644 | 0 | CZ527 | 1
SCRIPT       : DATA_LOG | 3112403 | aRapBi1cCZPZAGLIDny3dk3hQ8vTmNTLHRl8zxmKgQ0= | 13514.8 | 8.90297 | 13877 | 0.200757 | 0.979641 | 0 | CZ527 | 1
SCRIPT       : DATA_LOG | 3113404 | aRapBi1cCZPZAGLIDny3dk3hQ8vTmNTLHRl8zxmKgQ0= | 13512.2 | 9.30708 | 13878.8 | 0.175943 | 0.9844 | 0 | CZ527 | 1
SCRIPT       : DATA_LOG | 3114405 | aRapBi1cCZPZAGLIDny3dk3hQ8vTmNTLHRl8zxmKgQ0= | 13509.4 | 9.67259 | 13880.1 | 0.175868 | 0.984414 | 0 | CZ527 | 1
SCRIPT       : DATA_LOG | 3115406 | aRapBi1cCZPZAGLIDny3dk3hQ8vTmNTLHRl8zxmKgQ0= | 13506.8 | 9.98993 | 13881.9 | 0.158362 | 0.987381 | 0 | CZ527 | 1
SCRIPT       : DATA_LOG | 3116407 | aRapBi1cCZPZAGLIDny3dk3hQ8vTmNTLHRl8zxmKgQ0= | 13504.3 | 10.0509 | 13883.6 | 0.154554 | 0.987984 | 0 | CZ527 | 1
SCRIPT       : DATA_LOG | 3117408 | aRapBi1cCZPZAGLIDny3dk3hQ8vTmNTLHRl8zxmKgQ0= | 13504.3 | 10.3201 | 13887.2 | 0.384108 | 0.923288 | 0 | CZ527 | 1
SCRIPT       : DATA_LOG | 3118409 | aRapBi1cCZPZAGLIDny3dk3hQ8vTmNTLHRl8zxmKgQ0= | 13504.2 | 10.5168 | 13890.6 | 0.739115 | 0.673579 | 0 | CZ527 | 1
SCRIPT       : DATA_LOG | 3119410 | aRapBi1cCZPZAGLIDny3dk3hQ8vTmNTLHRl8zxmKgQ0= | 13504.7 | 10.7134 | 13894 | 0.241355 | 0.970437 | 0 | CZ527 | 1
SCRIPT       : DATA_LOG | 3120412 | aRapBi1cCZPZAGLIDny3dk3hQ8vTmNTLHRl8zxmKgQ0= | 13504.2 | 11.0595 | 13897.5 | -0.406141 | 0.91381 | 0 | CZ527 | 1
SCRIPT       : DATA_LOG | 3121412 | aRapBi1cCZPZAGLIDny3dk3hQ8vTmNTLHRl8zxmKgQ0= | 13502.5 | 11.7135 | 13899.6 | -0.999771 | -0.0214041 | 0 | CZ527 | 1
SCRIPT       : DATA_LOG | 3122414 | aRapBi1cCZPZAGLIDny3dk3hQ8vTmNTLHRl8zxmKgQ0= | 13501.6 | 11.7166 | 13900 | -0.388656 | -0.921383 | 0 | CZ527 | 1
SCRIPT       : DATA_LOG | 3123414 | aRapBi1cCZPZAGLIDny3dk3hQ8vTmNTLHRl8zxmKgQ0= | 13498.4 | 11.7156 | 13899.6 | -0.40442 | 0.914574 | 0 | CZ527 | 1
SCRIPT       : DATA_LOG | 3124415 | aRapBi1cCZPZAGLIDny3dk3hQ8vTmNTLHRl8zxmKgQ0= | 13495.3 | 11.7144 | 13899.2 | -0.12368 | 0.992322 | 0 | CZ527 | 1
SCRIPT       : DATA_LOG | 3125416 | aRapBi1cCZPZAGLIDny3dk3hQ8vTmNTLHRl8zxmKgQ0= | 13494.2 | 11.7135 | 13902.7 | -0.390197 | 0.920732 | 0 | CZ527 | 1
SCRIPT       : DATA_LOG | 3126417 | aRapBi1cCZPZAGLIDny3dk3hQ8vTmNTLHRl8zxmKgQ0= | 13493 | 11.7126 | 13904.9 | -0.50198 | 0.864879 | 0 | CZ527 | 1
SCRIPT       : DATA_LOG | 3127418 | aRapBi1cCZPZAGLIDny3dk3hQ8vTmNTLHRl8zxmKgQ0= | 13493 | 11.7126 | 13904.9 | -0.50198 | 0.864879 | 0 | CZ527 | 1
SCRIPT       : DATA_LOG | 3128419 | aRapBi1cCZPZAGLIDny3dk3hQ8vTmNTLHRl8zxmKgQ0= | 13493 | 11.7126 | 13904.9 | -0.50198 | 0.864879 | 0 | CZ527 | 1
SCRIPT       : DATA_LOG | 3129420 | aRapBi1cCZPZAGLIDny3dk3hQ8vTmNTLHRl8zxmKgQ0= | 13493 | 11.7126 | 13904.9 | -0.50198 | 0.864879 | 0 | CZ527 | 1
SCRIPT       : DATA_LOG | 3130421 | aRapBi1cCZPZAGLIDny3dk3hQ8vTmNTLHRl8zxmKgQ0= | 13493 | 11.7126 | 13904.9 | -0.50198 | 0.864879 | 0 | CZ527 | 1
SCRIPT       : DATA_LOG | 3131422 | aRapBi1cCZPZAGLIDny3dk3hQ8vTmNTLHRl8zxmKgQ0= | 13493 | 11.7126 | 13904.9 | -0.50198 | 0.864879 | 0 | CZ527 | 1
SCRIPT       : DATA_LOG | 3132423 | aRapBi1cCZPZAGLIDny3dk3hQ8vTmNTLHRl8zxmKgQ0= | 13493 | 11.7126 | 13904.9 | -0.50198 | 0.864879 | 0 | CZ527 | 1
SCRIPT       : DATA_LOG | 3133424 | aRapBi1cCZPZAGLIDny3dk3hQ8vTmNTLHRl8zxmKgQ0= | 13492.6 | 11.7124 | 13905.2 | -0.857027 | 0.515271 | 0 | CZ527 | 1
SCRIPT       : DATA_LOG | 3134425 | aRapBi1cCZPZAGLIDny3dk3hQ8vTmNTLHRl8zxmKgQ0= | 13489.2 | 11.711 | 13906 | -0.800065 | 0.599913 | 0 | CZ527 | 1
SCRIPT       : DATA_LOG | 3135428 | aRapBi1cCZPZAGLIDny3dk3hQ8vTmNTLHRl8zxmKgQ0= | 13488.6 | 11.5362 | 13909.9 | 0.486583 | 0.873635 | 0 | CZ527 | 1
SCRIPT       : DATA_LOG | 3136430 | aRapBi1cCZPZAGLIDny3dk3hQ8vTmNTLHRl8zxmKgQ0= | 13489.6 | 12.2369 | 13916.1 | 0.846449 | 0.53247 | 0 | CZ527 | 1
SCRIPT       : DATA_LOG | 3137430 | aRapBi1cCZPZAGLIDny3dk3hQ8vTmNTLHRl8zxmKgQ0= | 13490.8 | 12.669 | 13920.3 | 0.888617 | 0.45865 | 0 | CZ527 | 1
SCRIPT       : DATA_LOG | 3138432 | aRapBi1cCZPZAGLIDny3dk3hQ8vTmNTLHRl8zxmKgQ0= | 13492.6 | 12.7751 | 13925.7 | 0.89562 | 0.44482 | 0 | CZ527 | 1
SCRIPT       : DATA_LOG | 3139433 | aRapBi1cCZPZAGLIDny3dk3hQ8vTmNTLHRl8zxmKgQ0= | 13495 | 12.807 | 13932.9 | 0.895637 | 0.444786 | 0 | CZ527 | 1
SCRIPT       : DATA_LOG | 3140434 | aRapBi1cCZPZAGLIDny3dk3hQ8vTmNTLHRl8zxmKgQ0= | 13497.9 | 12.8406 | 13938.9 | 0.669653 | 0.742674 | 0 | CZ527 | 1
SCRIPT       : DATA_LOG | 3141438 | aRapBi1cCZPZAGLIDny3dk3hQ8vTmNTLHRl8zxmKgQ0= | 13501.7 | 12.8138 | 13944.4 | 0.666417 | 0.745579 | 0 | CZ527 | 1
SCRIPT       : DATA_LOG | 3142440 | aRapBi1cCZPZAGLIDny3dk3hQ8vTmNTLHRl8zxmKgQ0= | 13506.3 | 12.6017 | 13949.2 | 0.904013 | 0.427505 | 0 | CZ527 | 1
SCRIPT       : DATA_LOG | 3143440 | aRapBi1cCZPZAGLIDny3dk3hQ8vTmNTLHRl8zxmKgQ0= | 13509.5 | 12.6794 | 13953.7 | 0.984739 | 0.174035 | 0 | CZ527 | 1
SCRIPT       : DATA_LOG | 3144449 | aRapBi1cCZPZAGLIDny3dk3hQ8vTmNTLHRl8zxmKgQ0= | 13512.1 | 12.462 | 13956 | 0.714398 | 0.699739 | 0 | CZ527 | 1
SCRIPT       : DATA_LOG | 3145450 | aRapBi1cCZPZAGLIDny3dk3hQ8vTmNTLHRl8zxmKgQ0= | 13514.8 | 12.2707 | 13958.5 | 0.425591 | 0.904916 | 0 | CZ527 | 1
SCRIPT       : DATA_LOG | 3146451 | aRapBi1cCZPZAGLIDny3dk3hQ8vTmNTLHRl8zxmKgQ0= | 13517.5 | 12.7313 | 13963.3 | -0.484627 | 0.874721 | 0 | CZ527 | 1
SCRIPT       : DATA_LOG | 3147452 | aRapBi1cCZPZAGLIDny3dk3hQ8vTmNTLHRl8zxmKgQ0= | 13515.9 | 13.9414 | 13967.3 | -0.4847 | 0.874681 | 0 | CZ527 | 1
SCRIPT       : DATA_LOG | 3148453 | aRapBi1cCZPZAGLIDny3dk3hQ8vTmNTLHRl8zxmKgQ0= | 13514.2 | 15.1696 | 13970.5 | -0.692459 | 0.721457 | 0 | CZ527 | 1
SCRIPT       : DATA_LOG | 3149455 | aRapBi1cCZPZAGLIDny3dk3hQ8vTmNTLHRl8zxmKgQ0= | 13511.6 | 15.8751 | 13972.6 | -0.94868 | 0.316239 | 0 | CZ527 | 1
SCRIPT       : DATA_LOG | 3150455 | aRapBi1cCZPZAGLIDny3dk3hQ8vTmNTLHRl8zxmKgQ0= | 13508.2 | 16.0423 | 13973.4 | -0.635496 | 0.772104 | 0 | CZ527 | 1
SCRIPT       : DATA_LOG | 3151456 | aRapBi1cCZPZAGLIDny3dk3hQ8vTmNTLHRl8zxmKgQ0= | 13505.3 | 16.0833 | 13973.4 | -0.221192 | 0.97523 | 0 | CZ527 | 1
SCRIPT       : DATA_LOG | 3152458 | aRapBi1cCZPZAGLIDny3dk3hQ8vTmNTLHRl8zxmKgQ0= | 13503.3 | 16.3596 | 13978.8 | 0.0477891 | 0.998857 | 0 | CZ527 | 1
SCRIPT       : DATA_LOG | 3153458 | aRapBi1cCZPZAGLIDny3dk3hQ8vTmNTLHRl8zxmKgQ0= | 13501.5 | 16.6179 | 13985.1 | -0.181544 | 0.983383 | 0 | CZ527 | 1
SCRIPT       : DATA_LOG | 3154459 | aRapBi1cCZPZAGLIDny3dk3hQ8vTmNTLHRl8zxmKgQ0= | 13502.2 | 16.7581 | 13991.1 | -0.421873 | 0.906655 | 0 | CZ527 | 1
SCRIPT       : DATA_LOG | 3155460 | aRapBi1cCZPZAGLIDny3dk3hQ8vTmNTLHRl8zxmKgQ0= | 13498.9 | 16.7883 | 13993.4 | -0.91501 | 0.403432 | 0 | CZ527 | 1
SCRIPT       : DATA_LOG | 3156461 | aRapBi1cCZPZAGLIDny3dk3hQ8vTmNTLHRl8zxmKgQ0= | 13494.9 | 16.8282 | 13995.8 | -0.1643 | -0.98641 | 0 | CZ527 | 1
SCRIPT       : DATA_LOG | 3157462 | aRapBi1cCZPZAGLIDny3dk3hQ8vTmNTLHRl8zxmKgQ0= | 13495.1 | 16.8203 | 13995.2 | -0.997467 | 0.0711351 | 0 | CZ527 | 1
SCRIPT       : DATA_LOG | 3158463 | aRapBi1cCZPZAGLIDny3dk3hQ8vTmNTLHRl8zxmKgQ0= | 13492.9 | 17.1853 | 13996.1 | -0.9582 | -0.2861 | 0 | CZ527 | 1
SCRIPT       : DATA_LOG | 3159464 | aRapBi1cCZPZAGLIDny3dk3hQ8vTmNTLHRl8zxmKgQ0= | 13492.2 | 17.1857 | 13996.2 | -0.944695 | -0.327952 | 0 | CZ527 | 1
SCRIPT       : DATA_LOG | 3160465 | aRapBi1cCZPZAGLIDny3dk3hQ8vTmNTLHRl8zxmKgQ0= | 13489.4 | 17.187 | 13995.5 | -0.57774 | -0.816221 | 0 | CZ527 | 1
SCRIPT       : DATA_LOG | 3161466 | aRapBi1cCZPZAGLIDny3dk3hQ8vTmNTLHRl8zxmKgQ0= | 13489 | 17.1873 | 13992.8 | -0.0911943 | -0.995833 | 0 | CZ527 | 1
SCRIPT       : DATA_LOG | 3162467 | aRapBi1cCZPZAGLIDny3dk3hQ8vTmNTLHRl8zxmKgQ0= | 13488.6 | 17.1875 | 13992.4 | 0.164573 | -0.986365 | 0 | CZ527 | 1
SCRIPT       : DATA_LOG | 3163468 | aRapBi1cCZPZAGLIDny3dk3hQ8vTmNTLHRl8zxmKgQ0= | 13488.1 | 17.3035 | 13989.2 | 0.89674 | -0.442559 | 0 | CZ527 | 1
SCRIPT       : DATA_LOG | 3164469 | aRapBi1cCZPZAGLIDny3dk3hQ8vTmNTLHRl8zxmKgQ0= | 13489.6 | 17.2517 | 13989 | 0.537252 | 0.843422 | 0 | CZ527 | 1
SCRIPT       : DATA_LOG | 3165470 | aRapBi1cCZPZAGLIDny3dk3hQ8vTmNTLHRl8zxmKgQ0= | 13490.6 | 17.1943 | 13989.1 | 0.280548 | 0.95984 | 0 | CZ527 | 1
SCRIPT       : DATA_LOG | 3166471 | aRapBi1cCZPZAGLIDny3dk3hQ8vTmNTLHRl8zxmKgQ0= | 13488.6 | 17.1875 | 13990.8 | -0.0771582 | 0.997019 | 0 | CZ527 | 1
SCRIPT       : DATA_LOG | 3167472 | aRapBi1cCZPZAGLIDny3dk3hQ8vTmNTLHRl8zxmKgQ0= | 13488.9 | 17.1873 | 13994.4 | 0.682777 | 0.730627 | 0 | CZ527 | 1
SCRIPT       : DATA_LOG | 3168473 | aRapBi1cCZPZAGLIDny3dk3hQ8vTmNTLHRl8zxmKgQ0= | 13490.6 | 17.6897 | 13995.4 | -0.0655566 | -0.997849 | 0 | CZ527 | 1
SCRIPT       : DATA_LOG | 3169474 | aRapBi1cCZPZAGLIDny3dk3hQ8vTmNTLHRl8zxmKgQ0= | 13490.6 | 18.6366 | 13994.3 | -0.145536 | -0.989353 | 0 | CZ527 | 1
SCRIPT       : DATA_LOG | 3170475 | aRapBi1cCZPZAGLIDny3dk3hQ8vTmNTLHRl8zxmKgQ0= | 13490.4 | 19.3705 | 13993.4 | -0.49985 | -0.866112 | 0 | CZ527 | 1
SCRIPT       : DATA_LOG | 3171476 | aRapBi1cCZPZAGLIDny3dk3hQ8vTmNTLHRl8zxmKgQ0= | 13488.9 | 20.4365 | 13991.3 | -0.242868 | 0.97006 | 0 | CZ527 | 1
SCRIPT       : DATA_LOG | 3172477 | aRapBi1cCZPZAGLIDny3dk3hQ8vTmNTLHRl8zxmKgQ0= | 13490 | 20.4359 | 13991.8 | 0.295549 | 0.955328 | 0 | CZ527 | 1
SCRIPT       : DATA_LOG | 3173478 | aRapBi1cCZPZAGLIDny3dk3hQ8vTmNTLHRl8zxmKgQ0= | 13490.7 | 17.5712 | 13995.5 | 0.412185 | 0.9111 | 0 | CZ527 | 1
SCRIPT       : DATA_LOG | 3174479 | aRapBi1cCZPZAGLIDny3dk3hQ8vTmNTLHRl8zxmKgQ0= | 13492.8 | 17.1854 | 13996.2 | 0.999403 | 0.0345625 | 0 | CZ527 | 1
SCRIPT       : DATA_LOG | 3175480 | aRapBi1cCZPZAGLIDny3dk3hQ8vTmNTLHRl8zxmKgQ0= | 13494 | 17.2002 | 13996.1 | 0.98249 | 0.186315 | 0 | CZ527 | 1
SCRIPT       : DATA_LOG | 3176481 | aRapBi1cCZPZAGLIDny3dk3hQ8vTmNTLHRl8zxmKgQ0= | 13498.5 | 16.87 | 14000.1 | 0.493717 | 0.869623 | 0 | CZ527 | 1
SCRIPT       : DATA_LOG | 3177482 | aRapBi1cCZPZAGLIDny3dk3hQ8vTmNTLHRl8zxmKgQ0= | 13499.8 | 17.3004 | 14003.3 | 0.177419 | 0.984135 | 0 | CZ527 | 1
SCRIPT       : DATA_LOG | 3178484 | aRapBi1cCZPZAGLIDny3dk3hQ8vTmNTLHRl8zxmKgQ0= | 13500 | 16.9233 | 14004.9 | 0.169376 | 0.985552 | 0 | CZ527 | 1
SCRIPT       : DATA_LOG | 3179484 | aRapBi1cCZPZAGLIDny3dk3hQ8vTmNTLHRl8zxmKgQ0= | 13500.3 | 16.9338 | 14005.7 | 0.122553 | 0.992462 | 0 | CZ527 | 1
SCRIPT       : DATA_LOG | 3180485 | aRapBi1cCZPZAGLIDny3dk3hQ8vTmNTLHRl8zxmKgQ0= | 13501 | 16.9746 | 14009.2 | 0.480876 | 0.876789 | 0 | CZ527 | 1
SCRIPT       : DATA_LOG | 3181487 | aRapBi1cCZPZAGLIDny3dk3hQ8vTmNTLHRl8zxmKgQ0= | 13501.7 | 17.0644 | 14011.7 | -0.198849 | 0.98003 | 0 | CZ527 | 1
SCRIPT       : DATA_LOG | 3182487 | aRapBi1cCZPZAGLIDny3dk3hQ8vTmNTLHRl8zxmKgQ0= | 13499.8 | 18.094 | 14013.9 | -0.821893 | 0.569642 | 0 | CZ527 | 1
SCRIPT       : DATA_LOG | 3183489 | aRapBi1cCZPZAGLIDny3dk3hQ8vTmNTLHRl8zxmKgQ0= | 13497.3 | 18.2644 | 14016.1 | -0.823164 | 0.567804 | 0 | CZ527 | 1
SCRIPT       : DATA_LOG | 3184491 | aRapBi1cCZPZAGLIDny3dk3hQ8vTmNTLHRl8zxmKgQ0= | 13495.4 | 20.7753 | 14016.8 | -0.996685 | -0.0813584 | 0 | CZ527 | 1
SCRIPT       : DATA_LOG | 3185492 | aRapBi1cCZPZAGLIDny3dk3hQ8vTmNTLHRl8zxmKgQ0= | 13494.8 | 21.5337 | 14016.4 | -0.967165 | -0.254149 | 0 | CZ527 | 1
SCRIPT       : DATA_LOG | 3186495 | aRapBi1cCZPZAGLIDny3dk3hQ8vTmNTLHRl8zxmKgQ0= | 13494.4 | 21.9809 | 14016.3 | -0.972289 | -0.233784 | 0 | CZ527 | 1
SCRIPT       : DATA_LOG | 3187495 | aRapBi1cCZPZAGLIDny3dk3hQ8vTmNTLHRl8zxmKgQ0= | 13493.1 | 22.4389 | 14016.9 | -0.689188 | 0.724583 | 0 | CZ527 | 1
SCRIPT       : DATA_LOG | 3188498 | aRapBi1cCZPZAGLIDny3dk3hQ8vTmNTLHRl8zxmKgQ0= | 13492.9 | 22.4389 | 14015.1 | -0.0143298 | -0.999897 | 0 | CZ527 | 1
SCRIPT       : DATA_LOG | 3189498 | aRapBi1cCZPZAGLIDny3dk3hQ8vTmNTLHRl8zxmKgQ0= | 13492.8 | 22.4389 | 14015.3 | -0.33159 | 0.943424 | 0 | CZ527 | 1
SCRIPT       : DATA_LOG | 3190499 | aRapBi1cCZPZAGLIDny3dk3hQ8vTmNTLHRl8zxmKgQ0= | 13493.5 | 22.4389 | 14017.7 | 0.352448 | 0.935832 | 0 | CZ527 | 1
SCRIPT       : DATA_LOG | 3191500 | aRapBi1cCZPZAGLIDny3dk3hQ8vTmNTLHRl8zxmKgQ0= | 13493.5 | 22.4389 | 14019.3 | 0.67042 | 0.741982 | 0 | CZ527 | 1
SCRIPT       : DATA_LOG | 3192502 | aRapBi1cCZPZAGLIDny3dk3hQ8vTmNTLHRl8zxmKgQ0= | 13495.9 | 22.4389 | 14020 | 0.745279 | 0.666752 | 0 | CZ527 | 1
SCRIPT       : DATA_LOG | 3193503 | aRapBi1cCZPZAGLIDny3dk3hQ8vTmNTLHRl8zxmKgQ0= | 13496.5 | 22.4389 | 14019.7 | -0.600702 | 0.799473 | 0 | CZ527 | 1
SCRIPT       : DATA_LOG | 3194505 | aRapBi1cCZPZAGLIDny3dk3hQ8vTmNTLHRl8zxmKgQ0= | 13493.9 | 22.4389 | 14020 | -0.409263 | 0.912416 | 0 | CZ527 | 1
SCRIPT       : DATA_LOG | 3195505 | aRapBi1cCZPZAGLIDny3dk3hQ8vTmNTLHRl8zxmKgQ0= | 13493.7 | 22.4389 | 14021.5 | 0.19438 | 0.980926 | 0 | CZ527 | 1
SCRIPT       : DATA_LOG | 3196506 | aRapBi1cCZPZAGLIDny3dk3hQ8vTmNTLHRl8zxmKgQ0= | 13495.9 | 22.4389 | 14023.4 | 0.983247 | -0.182278 | 0 | CZ527 | 1
SCRIPT       : DATA_LOG | 3197507 | aRapBi1cCZPZAGLIDny3dk3hQ8vTmNTLHRl8zxmKgQ0= | 13494 | 22.4389 | 14022.1 | -0.159694 | -0.987167 | 0 | CZ527 | 1
SCRIPT       : DATA_LOG | 3198508 | aRapBi1cCZPZAGLIDny3dk3hQ8vTmNTLHRl8zxmKgQ0= | 13493.9 | 22.4389 | 14017.5 | 0.95659 | -0.291437 | 0 | CZ527 | 1
SCRIPT       : DATA_LOG | 3199509 | aRapBi1cCZPZAGLIDny3dk3hQ8vTmNTLHRl8zxmKgQ0= | 13497.4 | 18.1877 | 14015.7 | 0.918406 | -0.39564 | 0 | CZ527 | 1
SCRIPT       : DATA_LOG | 3200510 | aRapBi1cCZPZAGLIDny3dk3hQ8vTmNTLHRl8zxmKgQ0= | 13500.9 | 17.5516 | 14013.3 | 0.791107 | 0.611678 | 0 | CZ527 | 1
SCRIPT       : DATA_LOG | 3201511 | aRapBi1cCZPZAGLIDny3dk3hQ8vTmNTLHRl8zxmKgQ0= | 13505.6 | 17.0817 | 14015.5 | 0.341232 | 0.939979 | 0 | CZ527 | 1
SCRIPT       : DATA_LOG | 3202512 | aRapBi1cCZPZAGLIDny3dk3hQ8vTmNTLHRl8zxmKgQ0= | 13507.2 | 17.2535 | 14022 | 0.679599 | 0.733584 | 0 | CZ527 | 1
SCRIPT       : DATA_LOG | 3203513 | aRapBi1cCZPZAGLIDny3dk3hQ8vTmNTLHRl8zxmKgQ0= | 13508.5 | 17.3882 | 14028.8 | 0.836326 | 0.548233 | 0 | CZ527 | 1
SCRIPT       : DATA_LOG | 3204514 | aRapBi1cCZPZAGLIDny3dk3hQ8vTmNTLHRl8zxmKgQ0= | 13511.2 | 17.2474 | 14034.5 | 0.826051 | 0.563596 | 0 | CZ527 | 1
SCRIPT       : DATA_LOG | 3205516 | aRapBi1cCZPZAGLIDny3dk3hQ8vTmNTLHRl8zxmKgQ0= | 13515.7 | 16.8603 | 14038.7 | 0.738267 | 0.674508 | 0 | CZ527 | 1
SCRIPT       : DATA_LOG | 3206517 | aRapBi1cCZPZAGLIDny3dk3hQ8vTmNTLHRl8zxmKgQ0= | 13518.9 | 16.7741 | 14040.3 | 0.566143 | 0.824307 | 0 | CZ527 | 1
SCRIPT       : DATA_LOG | 3207519 | aRapBi1cCZPZAGLIDny3dk3hQ8vTmNTLHRl8zxmKgQ0= | 13519.3 | 16.7538 | 14041.8 | 0.112304 | 0.993674 | 0 | CZ527 | 1
SCRIPT       : DATA_LOG | 3208519 | aRapBi1cCZPZAGLIDny3dk3hQ8vTmNTLHRl8zxmKgQ0= | 13521 | 17.3739 | 14044.6 | 0.680794 | 0.732475 | 0 | CZ527 | 1
SCRIPT       : DATA_LOG | 3209520 | aRapBi1cCZPZAGLIDny3dk3hQ8vTmNTLHRl8zxmKgQ0= | 13521.9 | 17.3061 | 14047.9 | -0.425486 | 0.904965 | 0 | CZ527 | 1
SCRIPT       : DATA_LOG | 3210521 | aRapBi1cCZPZAGLIDny3dk3hQ8vTmNTLHRl8zxmKgQ0= | 13521.8 | 17.306 | 14048.9 | -0.996622 | 0.0821267 | 0 | CZ527 | 1
SCRIPT       : DATA_LOG | 3211523 | aRapBi1cCZPZAGLIDny3dk3hQ8vTmNTLHRl8zxmKgQ0= | 13519.7 | 17.306 | 14047.9 | -0.0059663 | -0.999982 | 0 | CZ527 | 1
SCRIPT       : DATA_LOG | 3212523 | aRapBi1cCZPZAGLIDny3dk3hQ8vTmNTLHRl8zxmKgQ0= | 13518.6 | 17.3061 | 14047.5 | -0.956709 | 0.291047 | 0 | CZ527 | 1
SCRIPT       : DATA_LOG | 3213524 | aRapBi1cCZPZAGLIDny3dk3hQ8vTmNTLHRl8zxmKgQ0= | 13517.5 | 17.5171 | 14048.2 | -0.57739 | 0.816469 | 0 | CZ527 | 1
SCRIPT       : DATA_LOG | 3214525 | aRapBi1cCZPZAGLIDny3dk3hQ8vTmNTLHRl8zxmKgQ0= | 13518.8 | 17.3119 | 14051.4 | 0.607832 | 0.794066 | 0 | CZ527 | 1
SCRIPT       : DATA_LOG | 3215526 | aRapBi1cCZPZAGLIDny3dk3hQ8vTmNTLHRl8zxmKgQ0= | 13519.7 | 17.3119 | 14051.8 | 0.641999 | 0.766705 | 0 | CZ527 | 1
SCRIPT       : DATA_LOG | 3216527 | aRapBi1cCZPZAGLIDny3dk3hQ8vTmNTLHRl8zxmKgQ0= | 13519.7 | 17.3119 | 14051.8 | 0.641999 | 0.766705 | 0 | CZ527 | 1
SCRIPT       : DATA_LOG | 3217528 | aRapBi1cCZPZAGLIDny3dk3hQ8vTmNTLHRl8zxmKgQ0= | 13519.7 | 17.3119 | 14051.8 | 0.641999 | 0.766705 | 0 | CZ527 | 1
SCRIPT       : DATA_LOG | 3218529 | aRapBi1cCZPZAGLIDny3dk3hQ8vTmNTLHRl8zxmKgQ0= | 13518 | 17.3119 | 14052.2 | -0.241304 | 0.970449 | 0 | CZ527 | 1
SCRIPT       : DATA_LOG | 3219530 | aRapBi1cCZPZAGLIDny3dk3hQ8vTmNTLHRl8zxmKgQ0= | 13518.8 | 17.1204 | 14054.1 | 0.912673 | -0.408691 | 0 | CZ527 | 1
SCRIPT       : DATA_LOG | 3220531 | aRapBi1cCZPZAGLIDny3dk3hQ8vTmNTLHRl8zxmKgQ0= | 13519.7 | 17.1204 | 14053.8 | 0.744735 | -0.66736 | 0 | CZ527 | 1
SCRIPT       : DATA_LOG | 3221532 | aRapBi1cCZPZAGLIDny3dk3hQ8vTmNTLHRl8zxmKgQ0= | 13519 | 17.1203 | 14055.5 | -0.999568 | 0.029402 | 0 | CZ527 | 1
SCRIPT       : DATA_LOG | 3222533 | aRapBi1cCZPZAGLIDny3dk3hQ8vTmNTLHRl8zxmKgQ0= | 13522 | 17.1204 | 14054.3 | 0.993473 | 0.114065 | 0 | CZ527 | 1
SCRIPT       : DATA_LOG | 3223534 | aRapBi1cCZPZAGLIDny3dk3hQ8vTmNTLHRl8zxmKgQ0= | 13526.4 | 16.7278 | 14054.4 | 0.465198 | 0.885207 | 0 | CZ527 | 1
SCRIPT       : DATA_LOG | 3224535 | aRapBi1cCZPZAGLIDny3dk3hQ8vTmNTLHRl8zxmKgQ0= | 13527 | 16.9058 | 14060.1 | 0.211745 | 0.977325 | 0 | CZ527 | 1
SCRIPT       : DATA_LOG | 3225536 | aRapBi1cCZPZAGLIDny3dk3hQ8vTmNTLHRl8zxmKgQ0= | 13528.3 | 16.9088 | 14066.1 | 0.901501 | 0.432776 | 0 | CZ527 | 1
SCRIPT       : DATA_LOG | 3226537 | aRapBi1cCZPZAGLIDny3dk3hQ8vTmNTLHRl8zxmKgQ0= | 13531.1 | 16.8549 | 14069.5 | 0.994646 | -0.103341 | 0 | CZ527 | 1
SCRIPT       : DATA_LOG | 3227538 | aRapBi1cCZPZAGLIDny3dk3hQ8vTmNTLHRl8zxmKgQ0= | 13531.1 | 16.8552 | 14069.7 | 0.994646 | -0.103341 | 0 | CZ527 | 1
SCRIPT       : DATA_LOG | 3228539 | aRapBi1cCZPZAGLIDny3dk3hQ8vTmNTLHRl8zxmKgQ0= | 13531.6 | 16.8456 | 14070.9 | 0.994545 | -0.10431 | 0 | CZ527 | 1
SCRIPT       : DATA_LOG | 3229540 | aRapBi1cCZPZAGLIDny3dk3hQ8vTmNTLHRl8zxmKgQ0= | 13537.3 | 16.8055 | 14070.1 | 0.998167 | -0.0605152 | 0 | CZ527 | 1
SCRIPT       : DATA_LOG | 3230541 | aRapBi1cCZPZAGLIDny3dk3hQ8vTmNTLHRl8zxmKgQ0= | 13541.6 | 16.5626 | 14071.7 | 0.848315 | 0.529492 | 0 | CZ527 | 1
SCRIPT       : DATA_LOG | 3231542 | aRapBi1cCZPZAGLIDny3dk3hQ8vTmNTLHRl8zxmKgQ0= | 13546.9 | 16.0149 | 14075.3 | 0.86495 | 0.501857 | 0 | CZ527 | 1
SCRIPT       : DATA_LOG | 3232543 | aRapBi1cCZPZAGLIDny3dk3hQ8vTmNTLHRl8zxmKgQ0= | 13549.5 | 15.672 | 14077 | 0.907248 | 0.420596 | 0 | CZ527 | 1
SCRIPT       : DATA_LOG | 3233544 | aRapBi1cCZPZAGLIDny3dk3hQ8vTmNTLHRl8zxmKgQ0= | 13552.4 | 15.3275 | 14078.1 | 0.923957 | 0.382497 | 0 | CZ527 | 1
SCRIPT       : DATA_LOG | 3234545 | aRapBi1cCZPZAGLIDny3dk3hQ8vTmNTLHRl8zxmKgQ0= | 13558.1 | 14.771 | 14081.3 | 0.980011 | 0.198945 | 0 | CZ527 | 1
SCRIPT       : DATA_LOG | 3235547 | aRapBi1cCZPZAGLIDny3dk3hQ8vTmNTLHRl8zxmKgQ0= | 13563 | 14.6642 | 14084.2 | 0.987602 | 0.156982 | 0 | CZ527 | 1
SCRIPT       : DATA_LOG | 3236547 | aRapBi1cCZPZAGLIDny3dk3hQ8vTmNTLHRl8zxmKgQ0= | 13568 | 14.6168 | 14085.7 | 0.181128 | -0.98346 | 0 | CZ527 | 1
SCRIPT       : DATA_LOG | 3237550 | aRapBi1cCZPZAGLIDny3dk3hQ8vTmNTLHRl8zxmKgQ0= | 13572.6 | 14.6315 | 14082 | -0.215805 | -0.976436 | 0 | CZ527 | 1
SCRIPT       : DATA_LOG | 3238551 | aRapBi1cCZPZAGLIDny3dk3hQ8vTmNTLHRl8zxmKgQ0= | 13573.3 | 14.6577 | 14075.5 | -0.665282 | -0.746593 | 0 | CZ527 | 1
SCRIPT       : DATA_LOG | 3239552 | aRapBi1cCZPZAGLIDny3dk3hQ8vTmNTLHRl8zxmKgQ0= | 13571.2 | 14.6697 | 14070.1 | -0.76776 | -0.640737 | 0 | CZ527 | 1
SCRIPT       : DATA_LOG | 3240553 | aRapBi1cCZPZAGLIDny3dk3hQ8vTmNTLHRl8zxmKgQ0= | 13568.7 | 15.1492 | 14068.7 | -0.964179 | 0.265252 | 0 | CZ527 | 1
SCRIPT       : DATA_LOG | 3241554 | aRapBi1cCZPZAGLIDny3dk3hQ8vTmNTLHRl8zxmKgQ0= | 13565.8 | 15.392 | 14070.2 | -0.918578 | -0.395239 | 0 | CZ527 | 1
SCRIPT       : DATA_LOG | 3242555 | aRapBi1cCZPZAGLIDny3dk3hQ8vTmNTLHRl8zxmKgQ0= | 13563.8 | 17.6008 | 14070.6 | -0.608778 | -0.793341 | 0 | CZ527 | 1
SCRIPT       : DATA_LOG | 3243556 | aRapBi1cCZPZAGLIDny3dk3hQ8vTmNTLHRl8zxmKgQ0= | 13561.5 | 20.0461 | 14069.6 | -0.83239 | 0.55419 | 0 | CZ527 | 1
SCRIPT       : DATA_LOG | 3244557 | aRapBi1cCZPZAGLIDny3dk3hQ8vTmNTLHRl8zxmKgQ0= | 13561.1 | 20.0461 | 14069.4 | -0.511887 | -0.859053 | 0 | CZ527 | 1
 SCRIPT       : [Logout]: New player aRapBi1cCZPZAGLIDny3dk3hQ8vTmNTLHRl8zxmKgQ0= with logout time 15
 SCRIPT       : Player "rafaelglima79" (steamid=76561199445097358) initiated disconnect process...
SCRIPT       : DATA_LOG | 3245558 | aRapBi1cCZPZAGLIDny3dk3hQ8vTmNTLHRl8zxmKgQ0= | 13561.1 | 20.0461 | 14069.4 | -0.511887 | -0.859053 | 0 | CZ527 | 1
 SCRIPT       : Player "rafaelglima79" (steamid=76561199445097358) disconnected early from server (EXIT NOW).
SCRIPT       : DATA_LOG | 3246603 | aRapBi1cCZPZAGLIDny3dk3hQ8vTmNTLHRl8zxmKgQ0= | 13561.2 | 20.0461 | 14069.5 | -0.511887 | -0.859053 | 0 | CZ527 | 1
SCRIPT       : DATA_LOG | 3247605 | aRapBi1cCZPZAGLIDny3dk3hQ8vTmNTLHRl8zxmKgQ0= | 13561.2 | 20.0461 | 14069.5 | -0.511887 | -0.859053 | 0 | CZ527 | 1
SCRIPT       : DATA_LOG | 3248606 | aRapBi1cCZPZAGLIDny3dk3hQ8vTmNTLHRl8zxmKgQ0= | 13561.2 | 20.0461 | 14069.5 | -0.511887 | -0.859053 | 0 | CZ527 | 1
SCRIPT       : DATA_LOG | 3249607 | aRapBi1cCZPZAGLIDny3dk3hQ8vTmNTLHRl8zxmKgQ0= | 13561.2 | 20.0461 | 14069.5 | -0.511887 | -0.859053 | 0 | CZ527 | 1
SCRIPT       : DATA_LOG | 3250611 | aRapBi1cCZPZAGLIDny3dk3hQ8vTmNTLHRl8zxmKgQ0= | 13561.2 | 20.0461 | 14069.5 | -0.511887 | -0.859053 | 0 | CZ527 | 1
SCRIPT       : DATA_LOG | 3251611 | aRapBi1cCZPZAGLIDny3dk3hQ8vTmNTLHRl8zxmKgQ0= | 13561.2 | 20.0461 | 14069.5 | -0.511887 | -0.859053 | 0 | CZ527 | 1
SCRIPT       : DATA_LOG | 3252612 | aRapBi1cCZPZAGLIDny3dk3hQ8vTmNTLHRl8zxmKgQ0= | 13561.2 | 20.0461 | 14069.5 | -0.511887 | -0.859053 | 0 | CZ527 | 1
SCRIPT       : DATA_LOG | 3253613 | aRapBi1cCZPZAGLIDny3dk3hQ8vTmNTLHRl8zxmKgQ0= | 13561.2 | 20.0461 | 14069.5 | -0.511887 | -0.859053 | 0 | CZ527 | 1
SCRIPT       : DATA_LOG | 3254614 | aRapBi1cCZPZAGLIDny3dk3hQ8vTmNTLHRl8zxmKgQ0= | 13561.2 | 20.0461 | 14069.5 | -0.511887 | -0.859053 | 0 | CZ527 | 1
SCRIPT       : DATA_LOG | 3255615 | aRapBi1cCZPZAGLIDny3dk3hQ8vTmNTLHRl8zxmKgQ0= | 13561.2 | 20.0461 | 14069.5 | -0.511887 | -0.859053 | 0 | CZ527 | 1
SCRIPT       : DATA_LOG | 3256616 | aRapBi1cCZPZAGLIDny3dk3hQ8vTmNTLHRl8zxmKgQ0= | 13561.2 | 20.0461 | 14069.5 | -0.511887 | -0.859053 | 0 | CZ527 | 1
SCRIPT       : DATA_LOG | 3257681 | aRapBi1cCZPZAGLIDny3dk3hQ8vTmNTLHRl8zxmKgQ0= | 13561.2 | 20.0461 | 14069.5 | -0.511887 | -0.859053 | 0 | CZ527 | 1
SCRIPT       : DATA_LOG | 3258683 | unknown | 13561.2 | 20.0461 | 14069.5 | -0.511887 | -0.859053 | 0 | CZ527 | 1
SCRIPT       : DATA_LOG | 3259683 | unknown | 13561.3 | 20.0461 | 14069.6 | -0.511887 | -0.859053 | 0 | CZ527 | 1
SCRIPT       : [Logout]: Player aRapBi1cCZPZAGLIDny3dk3hQ8vTmNTLHRl8zxmKgQ0= finished
SCRIPT       : [PlayerListManager] SyncEntryToReceivers ► uid: aRapBi1cCZPZAGLIDny3dk3hQ8vTmNTLHRl8zxmKgQ0= isn't in the players list! sending a remove.
SCRIPT       : PlayerDisconnected -> PlayerListManager.RemoveEntry ► aRapBi1cCZPZAGLIDny3dk3hQ8vTmNTLHRl8zxmKgQ0=
 SCRIPT       : [MissionServer] OnMissionFinish - Server
 SCRIPT       : ~DayZGame()
