---------------------------------------------
Log D:\ModelAnti-Cheat\log_profiles\script_2026-09-15_11-11-11.log started at 15.09. 11:11:13

SCRIPT       : Module: GameLib; loaded 18x files; 26x classes; used 39/2097 kB (1%) of static memory; defines: "DAYZ_1_29,SERVER_FOR_WINDOWS,SERVER,PLATFORM_WINDOWS,RELEASE,NO_GUI,NO_GUI_INGAME,sakhal,JM_CommunityFramework,CF_MODULE_CONFIG,CF_EXPRESSION,C
SCRIPT       : Registered 349 temporary action enum(s), UAN==349
SCRIPT       : Module: Game; loaded 521x files; 1604x classes; used 4275/33554 kB (12%) of static memory; defines: "DAYZ_1_29,SERVER_FOR_WINDOWS,SERVER,PLATFORM_WINDOWS,RELEASE,NO_GUI,NO_GUI_INGAME,sakhal,JM_CommunityFramework,CF_MODULE_CONFIG,CF_EXPRESSI
SCRIPT       : ... Backlit Effects Enabled
SCRIPT       : VPPNotificationManager()
SCRIPT       : [VPPAT] Internal VPPNotifications module loaded!
SCRIPT       : [DayZ Game]:: DayZGame(): Initializing V++ Admin Tools.
SCRIPT       : Module: World; loaded 2247x files; 5867x classes; used 9518/33554 kB (28%) of static memory; defines: "DAYZ_1_29,SERVER_FOR_WINDOWS,SERVER,PLATFORM_WINDOWS,RELEASE,NO_GUI,NO_GUI_INGAME,sakhal,JM_CommunityFramework,CF_MODULE_CONFIG,CF_EXPRES
 SCRIPT       : Module: Mission; loaded 293x files; 593x classes; used 3996/33554 kB (11%) of static memory; defines: "DAYZ_1_29,SERVER_FOR_WINDOWS,SERVER,PLATFORM_WINDOWS,RELEASE,NO_GUI,NO_GUI_INGAME,sakhal,JM_CommunityFramework,CF_MODULE_CONFIG,CF_EXPRE
 SCRIPT    (W): @"$CurrentDir:mpmissions\dayzOffline.chernarusplus\init.c,54": Possible variable name conflict 'm_player'
 SCRIPT       : Module: $CurrentDir:mpmissions\dayzOffline.chernarusplus\init.c; loaded 1x files; 1x classes; used 16/1048 kB (1%) of static memory; defines: "DAYZ_1_29,SERVER_FOR_WINDOWS,SERVER,PLATFORM_WINDOWS,RELEASE,NO_GUI,NO_GUI_INGAME,sakhal,JM_Comm
 SCRIPT       : [SERVER :: Vanilla++ AdminTools Plugins Registering]
 SCRIPT       : [MissionServer] OnInit - Server
 SCRIPT       : [MissionServer] OnMissionStart - Server
 SCRIPT       : string dirtyName = 'TESTINGSERVER'
SCRIPT       : m_LoginTimeMs: 16200
 SCRIPT       : ---- PlayerBase OnStoreLoad SUCCESS ----
 SCRIPT       : [VPPAT] Player "rafaelglima79" (steamId=76561199445097358) connected to server!
 SCRIPT       : [PlayerListManager] AddReceiver ► added: PlayerIdentity<0x0000015343048E00>
SCRIPT       : [DUMMY_DEBUG] SUCESSO: Dummy criado na posicao: <2677.841309, 363.394104, 6759.288574>
SCRIPT       : DATA_LOG | 427724 | aRapBi1cCZPZAGLIDny3dk3hQ8vTmNTLHRl8zxmKgQ0= | 2676.79 | 363.356 | 6756.48 | 0.350176 | 0.936684 | 0 | SVD_Wooden | 1 | 0.722805 | 3.00025 | 0 | 1 | 1 | 1 | 0 | 0 | 0 | 1 | camera | none | 0.350176 | 0 | 0.936684 | 0.350
SCRIPT       : DATA_LOG | 428481 | aRapBi1cCZPZAGLIDny3dk3hQ8vTmNTLHRl8zxmKgQ0= | 2676.79 | 363.356 | 6756.48 | 0.350176 | 0.936684 | 0 | SVD_Wooden | 1 | 28.5479 | 3.44942 | 0 | 1 | 1 | 0 | 0 | 0 | 0 | 1 | camera | target | 0.350176 | 0 | 0.936684 | 0.35
SCRIPT       : DATA_LOG | 429480 | aRapBi1cCZPZAGLIDny3dk3hQ8vTmNTLHRl8zxmKgQ0= | 2676.79 | 363.356 | 6756.48 | 0.350176 | 0.936684 | 0 | SVD_Wooden | 1 | 28.5255 | 3.45067 | 0 | 1 | 1 | 0 | 0 | 0 | 0 | 1 | camera | target | 0.350176 | 0 | 0.936684 | 0.35
SCRIPT       : DATA_LOG | 430484 | aRapBi1cCZPZAGLIDny3dk3hQ8vTmNTLHRl8zxmKgQ0= | 2676.79 | 363.356 | 6756.48 | 0.350176 | 0.936684 | 0 | SVD_Wooden | 1 | 28.5588 | 3.4491 | 0 | 1 | 1 | 0 | 0 | 0 | 0 | 1 | camera | target | 0.350176 | 0 | 0.936684 | 0.350
SCRIPT       : DATA_LOG | 431486 | aRapBi1cCZPZAGLIDny3dk3hQ8vTmNTLHRl8zxmKgQ0= | 2676.79 | 363.356 | 6756.48 | 0.350176 | 0.936684 | 0 | SVD_Wooden | 1 | 28.6708 | 3.43919 | 0 | 1 | 1 | 0 | 0 | 0 | 0 | 1 | camera | target | 0.350176 | 0 | 0.936684 | 0.35
SCRIPT       : DATA_LOG | 432485 | aRapBi1cCZPZAGLIDny3dk3hQ8vTmNTLHRl8zxmKgQ0= | 2676.79 | 363.356 | 6756.48 | 0.350176 | 0.936684 | 0 | SVD_Wooden | 1 | 28.5046 | 3.45275 | 0 | 1 | 1 | 0 | 0 | 0 | 0 | 1 | camera | target | 0.350176 | 0 | 0.936684 | 0.35
SCRIPT       : DATA_LOG | 433494 | aRapBi1cCZPZAGLIDny3dk3hQ8vTmNTLHRl8zxmKgQ0= | 2676.79 | 363.356 | 6756.48 | 0.350176 | 0.936684 | 0 | SVD_Wooden | 1 | 28.5911 | 3.44579 | 0 | 1 | 1 | 0 | 0 | 0 | 0 | 1 | camera | target | 0.350176 | 0 | 0.936684 | 0.35
SCRIPT       : DATA_LOG | 434511 | aRapBi1cCZPZAGLIDny3dk3hQ8vTmNTLHRl8zxmKgQ0= | 2676.79 | 363.356 | 6756.48 | 0.350176 | 0.936684 | 0 | SVD_Wooden | 1 | 28.5232 | 3.45297 | 0 | 1 | 1 | 0 | 0 | 0 | 0 | 1 | camera | target | 0.350176 | 0 | 0.936684 | 0.35
SCRIPT       : DATA_LOG | 435512 | aRapBi1cCZPZAGLIDny3dk3hQ8vTmNTLHRl8zxmKgQ0= | 2676.79 | 363.356 | 6756.48 | 0.350176 | 0.936684 | 0 | SVD_Wooden | 1 | 28.5386 | 3.45045 | 0 | 1 | 1 | 0 | 0 | 0 | 0 | 1 | camera | target | 0.350176 | 0 | 0.936684 | 0.35
SCRIPT       : DATA_LOG | 436516 | aRapBi1cCZPZAGLIDny3dk3hQ8vTmNTLHRl8zxmKgQ0= | 2676.79 | 363.356 | 6756.48 | 0.350176 | 0.936684 | 0 | SVD_Wooden | 1 | 28.5705 | 3.44736 | 0 | 1 | 1 | 0 | 0 | 0 | 0 | 1 | camera | target | 0.350176 | 0 | 0.936684 | 0.35
SCRIPT       : DATA_LOG | 437514 | aRapBi1cCZPZAGLIDny3dk3hQ8vTmNTLHRl8zxmKgQ0= | 2676.79 | 363.356 | 6756.48 | 0.350176 | 0.936684 | 0 | SVD_Wooden | 1 | 28.5272 | 3.45177 | 0 | 1 | 1 | 0 | 0 | 0 | 0 | 1 | camera | target | 0.350176 | 0 | 0.936684 | 0.35
SCRIPT       : DATA_LOG | 438514 | aRapBi1cCZPZAGLIDny3dk3hQ8vTmNTLHRl8zxmKgQ0= | 2676.79 | 363.356 | 6756.48 | 0.350176 | 0.936684 | 0 | SVD_Wooden | 1 | 28.6862 | 3.43794 | 0 | 1 | 1 | 0 | 0 | 0 | 0 | 1 | camera | target | 0.350176 | 0 | 0.936684 | 0.35
SCRIPT       : DATA_LOG | 439515 | aRapBi1cCZPZAGLIDny3dk3hQ8vTmNTLHRl8zxmKgQ0= | 2676.79 | 363.356 | 6756.48 | 0.350176 | 0.936684 | 0 | SVD_Wooden | 1 | 28.5102 | 3.45232 | 0 | 1 | 1 | 0 | 0 | 0 | 0 | 1 | camera | target | 0.350176 | 0 | 0.936684 | 0.35
SCRIPT       : DATA_LOG | 440519 | aRapBi1cCZPZAGLIDny3dk3hQ8vTmNTLHRl8zxmKgQ0= | 2676.79 | 363.356 | 6756.48 | 0.350176 | 0.936684 | 0 | SVD_Wooden | 1 | 28.5924 | 3.44584 | 0 | 1 | 1 | 0 | 0 | 0 | 0 | 1 | camera | target | 0.350176 | 0 | 0.936684 | 0.35
SCRIPT       : DATA_LOG | 441518 | aRapBi1cCZPZAGLIDny3dk3hQ8vTmNTLHRl8zxmKgQ0= | 2676.79 | 363.356 | 6756.48 | 0.350176 | 0.936684 | 0 | SVD_Wooden | 1 | 28.532 | 3.45192 | 0 | 1 | 1 | 0 | 0 | 0 | 0 | 1 | camera | target | 0.350176 | 0 | 0.936684 | 0.350
SCRIPT       : DATA_LOG | 442539 | aRapBi1cCZPZAGLIDny3dk3hQ8vTmNTLHRl8zxmKgQ0= | 2676.79 | 363.356 | 6756.48 | 0.350176 | 0.936684 | 0 | SVD_Wooden | 1 | 28.5309 | 3.45143 | 0 | 1 | 1 | 0 | 0 | 0 | 0 | 1 | camera | target | 0.350176 | 0 | 0.936684 | 0.35
SCRIPT       : DATA_LOG | 443551 | aRapBi1cCZPZAGLIDny3dk3hQ8vTmNTLHRl8zxmKgQ0= | 2676.79 | 363.356 | 6756.48 | 0.350176 | 0.936684 | 0 | SVD_Wooden | 1 | 28.5979 | 3.44536 | 0 | 1 | 1 | 0 | 0 | 0 | 0 | 1 | camera | target | 0.350176 | 0 | 0.936684 | 0.35
SCRIPT       : DATA_LOG | 444550 | aRapBi1cCZPZAGLIDny3dk3hQ8vTmNTLHRl8zxmKgQ0= | 2676.79 | 363.356 | 6756.48 | 0.350176 | 0.936684 | 0 | SVD_Wooden | 1 | 28.4966 | 3.45395 | 0 | 1 | 1 | 0 | 0 | 0 | 0 | 1 | camera | target | 0.350176 | 0 | 0.936684 | 0.35
SCRIPT       : DATA_LOG | 445562 | aRapBi1cCZPZAGLIDny3dk3hQ8vTmNTLHRl8zxmKgQ0= | 2676.79 | 363.356 | 6756.48 | 0.350176 | 0.936684 | 0 | SVD_Wooden | 1 | 28.693 | 3.43745 | 0 | 1 | 1 | 0 | 0 | 0 | 0 | 1 | camera | target | 0.350176 | 0 | 0.936684 | 0.350
SCRIPT       : DATA_LOG | 446548 | aRapBi1cCZPZAGLIDny3dk3hQ8vTmNTLHRl8zxmKgQ0= | 2676.79 | 363.356 | 6756.48 | 0.350176 | 0.936684 | 0 | SVD_Wooden | 1 | 28.5343 | 3.45054 | 0 | 1 | 1 | 0 | 0 | 0 | 0 | 1 | camera | target | 0.350176 | 0 | 0.936684 | 0.35
SCRIPT       : DATA_LOG | 447547 | aRapBi1cCZPZAGLIDny3dk3hQ8vTmNTLHRl8zxmKgQ0= | 2676.79 | 363.356 | 6756.48 | 0.350176 | 0.936684 | 0 | SVD_Wooden | 1 | 28.5798 | 3.44685 | 0 | 1 | 1 | 0 | 0 | 0 | 0 | 1 | camera | target | 0.350176 | 0 | 0.936684 | 0.35
SCRIPT       : DATA_LOG | 448548 | aRapBi1cCZPZAGLIDny3dk3hQ8vTmNTLHRl8zxmKgQ0= | 2676.79 | 363.356 | 6756.48 | 0.350176 | 0.936684 | 0 | SVD_Wooden | 1 | 28.5395 | 3.45103 | 0 | 1 | 1 | 0 | 0 | 0 | 0 | 1 | camera | target | 0.350176 | 0 | 0.936684 | 0.35
SCRIPT       : DATA_LOG | 449556 | aRapBi1cCZPZAGLIDny3dk3hQ8vTmNTLHRl8zxmKgQ0= | 2676.79 | 363.356 | 6756.48 | 0.350176 | 0.936684 | 0 | SVD_Wooden | 1 | 28.5227 | 3.4524 | 0 | 1 | 1 | 0 | 0 | 0 | 0 | 1 | camera | target | 0.350176 | 0 | 0.936684 | 0.350
SCRIPT       : DATA_LOG | 450549 | aRapBi1cCZPZAGLIDny3dk3hQ8vTmNTLHRl8zxmKgQ0= | 2676.79 | 363.356 | 6756.48 | 0.350176 | 0.936684 | 0 | SVD_Wooden | 1 | 28.6099 | 3.44442 | 0 | 1 | 1 | 0 | 0 | 0 | 0 | 1 | camera | target | 0.350176 | 0 | 0.936684 | 0.35
SCRIPT       : DATA_LOG | 451550 | aRapBi1cCZPZAGLIDny3dk3hQ8vTmNTLHRl8zxmKgQ0= | 2676.79 | 363.356 | 6756.48 | 0.350176 | 0.936684 | 0 | SVD_Wooden | 1 | 28.4736 | 3.45548 | 0 | 1 | 1 | 0 | 0 | 0 | 0 | 1 | camera | target | 0.350176 | 0 | 0.936684 | 0.35
SCRIPT       : DATA_LOG | 452547 | aRapBi1cCZPZAGLIDny3dk3hQ8vTmNTLHRl8zxmKgQ0= | 2676.79 | 363.356 | 6756.48 | 0.069671 | 0.99757 | 0 | SVD_Wooden | 1 | 32.8056 | 3.4377 | 0 | 1 | 1 | 0 | 0 | 0 | 0 | 1 | camera | target | 0.069671 | 0 | 0.99757 | 0.06967
SCRIPT       : DATA_LOG | 453559 | aRapBi1cCZPZAGLIDny3dk3hQ8vTmNTLHRl8zxmKgQ0= | 2675.66 | 363.296 | 6756.63 | -0.989431 | 0.145002 | 0 | SVD_Wooden | 1 | 117.449 | 3.8659 | 0 | 1 | 1 | 0 | 0 | 0 | 0 | 1 | camera | target | -0.989431 | -0 | 0.145002 | -0
SCRIPT       : DATA_LOG | 454560 | aRapBi1cCZPZAGLIDny3dk3hQ8vTmNTLHRl8zxmKgQ0= | 2674.12 | 363.213 | 6755.89 | -0.107135 | 0.994244 | 0 | SVD_Wooden | 1 | 56.0817 | 5.37618 | 0 | 1 | 1 | 0 | 0 | 0 | 0 | 1 | camera | target | -0.107135 | 0 | 0.994244 | -0
SCRIPT       : DATA_LOG | 455552 | aRapBi1cCZPZAGLIDny3dk3hQ8vTmNTLHRl8zxmKgQ0= | 2673.51 | 363.181 | 6756.18 | 0.0227399 | 0.999741 | 0 | SVD_Wooden | 1 | 55.184 | 5.6605 | 0 | 1 | 1 | 0 | 0 | 0 | 0 | 1 | camera | target | 0.0227399 | 0 | 0.999741 | 0.02
SCRIPT       : DATA_LOG | 456554 | aRapBi1cCZPZAGLIDny3dk3hQ8vTmNTLHRl8zxmKgQ0= | 2673.59 | 363.185 | 6756.43 | 0.253633 | 0.967301 | 0 | SVD_Wooden | 1 | 44.8536 | 5.47424 | 0 | 1 | 1 | 0 | 0 | 0 | 0 | 1 | camera | target | 0.253633 | 0 | 0.967301 | 0.25
SCRIPT       : DATA_LOG | 457558 | aRapBi1cCZPZAGLIDny3dk3hQ8vTmNTLHRl8zxmKgQ0= | 2672.9 | 363.15 | 6757.71 | 0.370969 | 0.928645 | 0 | SVD_Wooden | 1 | 53.0665 | 5.52882 | 0 | 1 | 1 | 0 | 0 | 0 | 0 | 1 | camera | target | 0.370969 | 0 | 0.928645 | 0.3709
SCRIPT       : DATA_LOG | 458555 | aRapBi1cCZPZAGLIDny3dk3hQ8vTmNTLHRl8zxmKgQ0= | 2672.9 | 363.15 | 6757.71 | 0.370969 | 0.928645 | 0 | SVD_Wooden | 1 | 52.9233 | 5.53247 | 0 | 1 | 1 | 0 | 0 | 0 | 0 | 1 | camera | target | 0.370969 | 0 | 0.928645 | 0.3709
SCRIPT       : DATA_LOG | 459564 | aRapBi1cCZPZAGLIDny3dk3hQ8vTmNTLHRl8zxmKgQ0= | 2672.9 | 363.15 | 6757.71 | 0.370969 | 0.928645 | 0 | SVD_Wooden | 1 | 53.086 | 5.52136 | 0 | 1 | 1 | 0 | 0 | 0 | 0 | 1 | camera | target | 0.370969 | 0 | 0.928645 | 0.37096
SCRIPT       : DATA_LOG | 460562 | aRapBi1cCZPZAGLIDny3dk3hQ8vTmNTLHRl8zxmKgQ0= | 2672.9 | 363.15 | 6757.71 | 0.370969 | 0.928645 | 0 | SVD_Wooden | 1 | 53.0337 | 5.52582 | 0 | 1 | 1 | 0 | 0 | 0 | 0 | 1 | camera | target | 0.370969 | 0 | 0.928645 | 0.3709
SCRIPT       : DATA_LOG | 461559 | aRapBi1cCZPZAGLIDny3dk3hQ8vTmNTLHRl8zxmKgQ0= | 2672.9 | 363.15 | 6757.71 | 0.370969 | 0.928645 | 0 | SVD_Wooden | 1 | 52.9855 | 5.52989 | 0 | 1 | 1 | 0 | 0 | 0 | 0 | 1 | camera | target | 0.370969 | 0 | 0.928645 | 0.3709
SCRIPT       : DATA_LOG | 462563 | aRapBi1cCZPZAGLIDny3dk3hQ8vTmNTLHRl8zxmKgQ0= | 2672.9 | 363.15 | 6757.71 | 0.370969 | 0.928645 | 0 | SVD_Wooden | 1 | 53.0089 | 5.52852 | 0 | 1 | 1 | 0 | 0 | 0 | 0 | 1 | camera | target | 0.370969 | 0 | 0.928645 | 0.3709
SCRIPT       : DATA_LOG | 463561 | aRapBi1cCZPZAGLIDny3dk3hQ8vTmNTLHRl8zxmKgQ0= | 2672.61 | 363.134 | 6756.96 | 0.367453 | 0.930042 | 0 | SVD_Wooden | 1 | 47.0567 | 6.06023 | 0 | 1 | 1 | 0 | 0 | 0 | 0 | 1 | camera | target | 0.367453 | 0 | 0.930042 | 0.36
SCRIPT       : DATA_LOG | 464561 | aRapBi1cCZPZAGLIDny3dk3hQ8vTmNTLHRl8zxmKgQ0= | 2672.61 | 363.134 | 6756.96 | 0.367453 | 0.930042 | 0 | SVD_Wooden | 1 | 47.1169 | 6.05496 | 0 | 1 | 1 | 0 | 0 | 0 | 0 | 1 | camera | target | 0.367453 | 0 | 0.930042 | 0.36
SCRIPT       : DATA_LOG | 465571 | aRapBi1cCZPZAGLIDny3dk3hQ8vTmNTLHRl8zxmKgQ0= | 2672.61 | 363.134 | 6756.96 | 0.367453 | 0.930042 | 0 | SVD_Wooden | 1 | 47.0301 | 6.05869 | 0 | 1 | 1 | 0 | 0 | 0 | 0 | 1 | camera | target | 0.367453 | 0 | 0.930042 | 0.36
SCRIPT       : DATA_LOG | 466565 | aRapBi1cCZPZAGLIDny3dk3hQ8vTmNTLHRl8zxmKgQ0= | 2672.61 | 363.134 | 6756.96 | 0.367453 | 0.930042 | 0 | SVD_Wooden | 1 | 47.1135 | 6.04913 | 0 | 1 | 1 | 0 | 0 | 0 | 0 | 1 | camera | target | 0.367453 | 0 | 0.930042 | 0.36
SCRIPT       : DATA_LOG | 467564 | aRapBi1cCZPZAGLIDny3dk3hQ8vTmNTLHRl8zxmKgQ0= | 2672.61 | 363.134 | 6756.96 | 0.367453 | 0.930042 | 0 | SVD_Wooden | 1 | 47.1331 | 6.04922 | 0 | 1 | 1 | 0 | 0 | 0 | 0 | 1 | camera | target | 0.367453 | 0 | 0.930042 | 0.36
 SCRIPT       : [Permissions Manager] Admin (rafaelglima79) (76561199445097358) Successfully Logged in!
SCRIPT       : DATA_LOG | 468573 | aRapBi1cCZPZAGLIDny3dk3hQ8vTmNTLHRl8zxmKgQ0= | 2672.61 | 363.134 | 6756.96 | 0.367453 | 0.930042 | 0 | SVD_Wooden | 1 | 47.045 | 6.05706 | 0 | 1 | 1 | 0 | 0 | 0 | 0 | 1 | camera | target | 0.367453 | 0 | 0.930042 | 0.367
SCRIPT       : DATA_LOG | 469575 | aRapBi1cCZPZAGLIDny3dk3hQ8vTmNTLHRl8zxmKgQ0= | 2672.61 | 363.134 | 6756.96 | 0.367453 | 0.930042 | 0 | SVD_Wooden | 1 | 47.0888 | 6.05232 | 0 | 1 | 1 | 0 | 0 | 0 | 0 | 1 | camera | target | 0.367453 | 0 | 0.930042 | 0.36
SCRIPT       : DATA_LOG | 470570 | aRapBi1cCZPZAGLIDny3dk3hQ8vTmNTLHRl8zxmKgQ0= | 2672.61 | 363.134 | 6756.96 | 0.367453 | 0.930042 | 0 | SVD_Wooden | 1 | 47.0505 | 6.0598 | 0 | 1 | 1 | 0 | 0 | 0 | 0 | 1 | camera | target | 0.367453 | 0 | 0.930042 | 0.367
SCRIPT       : DATA_LOG | 471571 | aRapBi1cCZPZAGLIDny3dk3hQ8vTmNTLHRl8zxmKgQ0= | 2672.61 | 363.134 | 6756.96 | 0.367453 | 0.930042 | 0 | SVD_Wooden | 1 | 47.1028 | 6.05668 | 0 | 1 | 1 | 0 | 0 | 0 | 0 | 1 | camera | target | 0.367453 | 0 | 0.930042 | 0.36
SCRIPT       : DATA_LOG | 472571 | aRapBi1cCZPZAGLIDny3dk3hQ8vTmNTLHRl8zxmKgQ0= | 2672.61 | 363.134 | 6756.96 | 0.367453 | 0.930042 | 0 | SVD_Wooden | 1 | 47.0575 | 6.05806 | 0 | 1 | 1 | 0 | 0 | 0 | 0 | 1 | camera | target | 0.367453 | 0 | 0.930042 | 0.36
SCRIPT       : DATA_LOG | 473582 | aRapBi1cCZPZAGLIDny3dk3hQ8vTmNTLHRl8zxmKgQ0= | 2672.61 | 363.134 | 6756.96 | 0.367453 | 0.930042 | 0 | SVD_Wooden | 1 | 47.0791 | 6.05216 | 0 | 1 | 1 | 0 | 0 | 0 | 0 | 1 | camera | target | 0.367453 | 0 | 0.930042 | 0.36
SCRIPT       : DATA_LOG | 474607 | aRapBi1cCZPZAGLIDny3dk3hQ8vTmNTLHRl8zxmKgQ0= | 2672.61 | 363.134 | 6756.96 | 0.367453 | 0.930042 | 0 | SVD_Wooden | 1 | 47.1563 | 6.04733 | 0 | 1 | 1 | 0 | 0 | 0 | 0 | 1 | camera | target | 0.367453 | 0 | 0.930042 | 0.36
SCRIPT       : DATA_LOG | 475597 | aRapBi1cCZPZAGLIDny3dk3hQ8vTmNTLHRl8zxmKgQ0= | 2672.61 | 363.134 | 6756.96 | 0.367453 | 0.930042 | 0 | SVD_Wooden | 1 | 47.0362 | 6.05739 | 0 | 1 | 1 | 0 | 0 | 0 | 0 | 1 | camera | target | 0.367453 | 0 | 0.930042 | 0.36
SCRIPT       : DATA_LOG | 476577 | aRapBi1cCZPZAGLIDny3dk3hQ8vTmNTLHRl8zxmKgQ0= | 2672.61 | 363.134 | 6756.96 | 0.367453 | 0.930042 | 0 | SVD_Wooden | 1 | 47.0955 | 6.05135 | 0 | 1 | 1 | 0 | 0 | 0 | 0 | 1 | camera | target | 0.367453 | 0 | 0.930042 | 0.36
SCRIPT       : DATA_LOG | 477578 | aRapBi1cCZPZAGLIDny3dk3hQ8vTmNTLHRl8zxmKgQ0= | 2672.61 | 363.134 | 6756.96 | 0.367453 | 0.930042 | 0 | SVD_Wooden | 1 | 47.0594 | 6.05947 | 0 | 1 | 1 | 0 | 0 | 0 | 0 | 1 | camera | target | 0.367453 | 0 | 0.930042 | 0.36
SCRIPT       : DATA_LOG | 478583 | aRapBi1cCZPZAGLIDny3dk3hQ8vTmNTLHRl8zxmKgQ0= | 2672.61 | 363.134 | 6756.96 | 0.367453 | 0.930042 | 0 | SVD_Wooden | 1 | 47.092 | 6.05785 | 0 | 1 | 1 | 0 | 0 | 0 | 0 | 1 | camera | target | 0.367453 | 0 | 0.930042 | 0.367
SCRIPT       : DATA_LOG | 479581 | aRapBi1cCZPZAGLIDny3dk3hQ8vTmNTLHRl8zxmKgQ0= | 2672.61 | 363.134 | 6756.96 | 0.367453 | 0.930042 | 0 | SVD_Wooden | 1 | 47.098 | 6.0568 | 0 | 1 | 1 | 0 | 0 | 0 | 0 | 1 | camera | target | 0.367453 | 0 | 0.930042 | 0.3674
SCRIPT       : DATA_LOG | 480583 | aRapBi1cCZPZAGLIDny3dk3hQ8vTmNTLHRl8zxmKgQ0= | 2672.61 | 363.134 | 6756.96 | 0.367453 | 0.930042 | 0 | SVD_Wooden | 1 | 47.0533 | 6.05481 | 0 | 1 | 1 | 0 | 0 | 0 | 0 | 1 | camera | target | 0.367453 | 0 | 0.930042 | 0.36
SCRIPT       : DATA_LOG | 481585 | aRapBi1cCZPZAGLIDny3dk3hQ8vTmNTLHRl8zxmKgQ0= | 2672.61 | 363.134 | 6756.96 | 0.367453 | 0.930042 | 0 | SVD_Wooden | 1 | 47.1673 | 6.04618 | 0 | 1 | 1 | 0 | 0 | 0 | 0 | 1 | camera | target | 0.367453 | 0 | 0.930042 | 0.36
SCRIPT       : DATA_LOG | 482585 | aRapBi1cCZPZAGLIDny3dk3hQ8vTmNTLHRl8zxmKgQ0= | 2672.61 | 363.134 | 6756.96 | 0.367453 | 0.930042 | 0 | SVD_Wooden | 1 | 47.04 | 6.05702 | 0 | 1 | 1 | 0 | 0 | 0 | 0 | 1 | camera | target | 0.367453 | 0 | 0.930042 | 0.3674
SCRIPT       : DATA_LOG | 483587 | aRapBi1cCZPZAGLIDny3dk3hQ8vTmNTLHRl8zxmKgQ0= | 2672.61 | 363.134 | 6756.96 | 0.367453 | 0.930042 | 0 | SVD_Wooden | 1 | 47.0999 | 6.05119 | 0 | 1 | 1 | 0 | 0 | 0 | 0 | 1 | camera | target | 0.367453 | 0 | 0.930042 | 0.36
SCRIPT       : DATA_LOG | 484592 | aRapBi1cCZPZAGLIDny3dk3hQ8vTmNTLHRl8zxmKgQ0= | 2672.61 | 363.134 | 6756.96 | 0.367453 | 0.930042 | 0 | SVD_Wooden | 1 | 47.0674 | 6.05892 | 0 | 1 | 1 | 0 | 0 | 0 | 0 | 1 | camera | target | 0.367453 | 0 | 0.930042 | 0.36
SCRIPT       : DATA_LOG | 485587 | aRapBi1cCZPZAGLIDny3dk3hQ8vTmNTLHRl8zxmKgQ0= | 2672.61 | 363.134 | 6756.96 | 0.367453 | 0.930042 | 0 | SVD_Wooden | 1 | 47.0853 | 6.05868 | 0 | 1 | 1 | 0 | 0 | 0 | 0 | 1 | camera | target | 0.367453 | 0 | 0.930042 | 0.36
SCRIPT       : DATA_LOG | 486588 | aRapBi1cCZPZAGLIDny3dk3hQ8vTmNTLHRl8zxmKgQ0= | 2672.61 | 363.134 | 6756.96 | 0.367453 | 0.930042 | 0 | SVD_Wooden | 1 | 47.1271 | 6.05504 | 0 | 1 | 1 | 0 | 0 | 0 | 0 | 1 | camera | target | 0.367453 | 0 | 0.930042 | 0.36
SCRIPT       : DATA_LOG | 487586 | aRapBi1cCZPZAGLIDny3dk3hQ8vTmNTLHRl8zxmKgQ0= | 2672.61 | 363.134 | 6756.96 | 0.367453 | 0.930042 | 0 | SVD_Wooden | 1 | 47.0347 | 6.05669 | 0 | 1 | 1 | 0 | 0 | 0 | 0 | 1 | camera | target | 0.367453 | 0 | 0.930042 | 0.36
SCRIPT       : DATA_LOG | 488596 | aRapBi1cCZPZAGLIDny3dk3hQ8vTmNTLHRl8zxmKgQ0= | 2672.61 | 363.134 | 6756.96 | 0.367453 | 0.930042 | 0 | SVD_Wooden | 1 | 47.1791 | 6.04526 | 0 | 1 | 1 | 0 | 0 | 0 | 0 | 1 | camera | target | 0.367453 | 0 | 0.930042 | 0.36
SCRIPT       : DATA_LOG | 489597 | aRapBi1cCZPZAGLIDny3dk3hQ8vTmNTLHRl8zxmKgQ0= | 2672.61 | 363.134 | 6756.96 | 0.367453 | 0.930042 | 0 | SVD_Wooden | 1 | 47.0505 | 6.05569 | 0 | 1 | 1 | 0 | 0 | 0 | 0 | 1 | camera | target | 0.367453 | 0 | 0.930042 | 0.36
SCRIPT       : DATA_LOG | 490598 | aRapBi1cCZPZAGLIDny3dk3hQ8vTmNTLHRl8zxmKgQ0= | 2672.61 | 363.134 | 6756.96 | 0.367453 | 0.930042 | 0 | SVD_Wooden | 1 | 47.097 | 6.05178 | 0 | 1 | 1 | 0 | 0 | 0 | 0 | 1 | camera | target | 0.367453 | 0 | 0.930042 | 0.367
SCRIPT       : DATA_LOG | 491603 | aRapBi1cCZPZAGLIDny3dk3hQ8vTmNTLHRl8zxmKgQ0= | 2672.61 | 363.134 | 6756.96 | 0.367453 | 0.930042 | 0 | SVD_Wooden | 1 | 47.0692 | 6.05807 | 0 | 1 | 1 | 0 | 0 | 0 | 0 | 1 | camera | target | 0.367453 | 0 | 0.930042 | 0.36
SCRIPT       : DATA_LOG | 492594 | aRapBi1cCZPZAGLIDny3dk3hQ8vTmNTLHRl8zxmKgQ0= | 2672.61 | 363.134 | 6756.96 | 0.367453 | 0.930042 | 0 | SVD_Wooden | 1 | 47.0784 | 6.05949 | 0 | 1 | 1 | 0 | 0 | 0 | 0 | 1 | camera | target | 0.367453 | 0 | 0.930042 | 0.36
SCRIPT       : DATA_LOG | 493597 | aRapBi1cCZPZAGLIDny3dk3hQ8vTmNTLHRl8zxmKgQ0= | 2672.61 | 363.134 | 6756.96 | 0.367453 | 0.930042 | 0 | SVD_Wooden | 1 | 47.1426 | 6.05375 | 0 | 1 | 1 | 0 | 0 | 0 | 0 | 1 | camera | target | 0.367453 | 0 | 0.930042 | 0.36
SCRIPT       : DATA_LOG | 494597 | aRapBi1cCZPZAGLIDny3dk3hQ8vTmNTLHRl8zxmKgQ0= | 2672.61 | 363.134 | 6756.96 | 0.367453 | 0.930042 | 0 | SVD_Wooden | 1 | 47.0149 | 6.0583 | 0 | 1 | 1 | 0 | 0 | 0 | 0 | 1 | camera | target | 0.367453 | 0 | 0.930042 | 0.367
SCRIPT       : DATA_LOG | 495603 | aRapBi1cCZPZAGLIDny3dk3hQ8vTmNTLHRl8zxmKgQ0= | 2672.61 | 363.134 | 6756.96 | 0.367453 | 0.930042 | 0 | SVD_Wooden | 1 | 47.1736 | 6.04503 | 0 | 1 | 1 | 0 | 0 | 0 | 0 | 1 | camera | target | 0.367453 | 0 | 0.930042 | 0.36
SCRIPT       : DATA_LOG | 496606 | aRapBi1cCZPZAGLIDny3dk3hQ8vTmNTLHRl8zxmKgQ0= | 2672.61 | 363.134 | 6756.96 | 0.367453 | 0.930042 | 0 | SVD_Wooden | 1 | 47.07 | 6.05404 | 0 | 1 | 1 | 0 | 0 | 0 | 0 | 1 | camera | target | 0.367453 | 0 | 0.930042 | 0.3674
SCRIPT       : DATA_LOG | 497605 | aRapBi1cCZPZAGLIDny3dk3hQ8vTmNTLHRl8zxmKgQ0= | 2672.61 | 363.134 | 6756.96 | 0.367453 | 0.930042 | 0 | SVD_Wooden | 1 | 47.0872 | 6.05334 | 0 | 1 | 1 | 0 | 0 | 0 | 0 | 1 | camera | target | 0.367453 | 0 | 0.930042 | 0.36
SCRIPT       : DATA_LOG | 498602 | aRapBi1cCZPZAGLIDny3dk3hQ8vTmNTLHRl8zxmKgQ0= | 2672.61 | 363.134 | 6756.96 | 0.367453 | 0.930042 | 0 | SVD_Wooden | 1 | 47.0834 | 6.05648 | 0 | 1 | 1 | 0 | 0 | 0 | 0 | 1 | camera | target | 0.367453 | 0 | 0.930042 | 0.36
SCRIPT       : DATA_LOG | 499610 | aRapBi1cCZPZAGLIDny3dk3hQ8vTmNTLHRl8zxmKgQ0= | 2671.79 | 363.091 | 6757.44 | -0.80852 | 0.588469 | 0 | SVD_Wooden | 1 | 124.993 | 6.63454 | 0 | 1 | 1 | 0 | 0 | 0 | 0 | 1 | camera | target | -0.80852 | 0 | 0.588469 | -0.8
SCRIPT       : DATA_LOG | 500609 | aRapBi1cCZPZAGLIDny3dk3hQ8vTmNTLHRl8zxmKgQ0= | 2669.23 | 362.992 | 6759.36 | -0.836305 | -0.548264 | 0 | SVD_Wooden | 1 | 144.218 | 8.86026 | 0 | 1 | 1 | 0 | 0 | 0 | 0 | 1 | camera | target | -0.836305 | 0 | -0.548264 | 
SCRIPT       : DATA_LOG | 501613 | aRapBi1cCZPZAGLIDny3dk3hQ8vTmNTLHRl8zxmKgQ0= | 2666.48 | 362.99 | 6760.48 | -0.251635 | -0.967822 | 0 | SVD_Wooden | 1 | 98.6465 | 11.6194 | 0 | 1 | 1 | 0 | 0 | 0 | 0 | 1 | camera | target | -0.251635 | 0 | -0.967822 | -
SCRIPT       : DATA_LOG | 502608 | aRapBi1cCZPZAGLIDny3dk3hQ8vTmNTLHRl8zxmKgQ0= | 2665.85 | 362.989 | 6760.64 | -0.254926 | -0.966961 | 0 | SVD_Wooden | 1 | 98.299 | 12.2422 | 0 | 1 | 1 | 0 | 0 | 0 | 0 | 1 | camera | target | -0.254926 | 0 | -0.966961 | -
SCRIPT       : DATA_LOG | 503609 | aRapBi1cCZPZAGLIDny3dk3hQ8vTmNTLHRl8zxmKgQ0= | 2665.85 | 362.989 | 6760.64 | -0.254926 | -0.966961 | 0 | SVD_Wooden | 1 | 98.3351 | 12.2448 | 0 | 1 | 1 | 0 | 0 | 0 | 0 | 1 | camera | target | -0.254926 | 0 | -0.966961 | 
SCRIPT       : DATA_LOG | 504618 | aRapBi1cCZPZAGLIDny3dk3hQ8vTmNTLHRl8zxmKgQ0= | 2665.85 | 362.989 | 6760.64 | -0.254926 | -0.966961 | 0 | SVD_Wooden | 1 | 98.3548 | 12.2469 | 0 | 1 | 1 | 0 | 0 | 0 | 0 | 1 | camera | target | -0.254926 | 0 | -0.966961 | 
SCRIPT       : DATA_LOG | 505611 | aRapBi1cCZPZAGLIDny3dk3hQ8vTmNTLHRl8zxmKgQ0= | 2665.85 | 362.989 | 6760.64 | -0.254926 | -0.966961 | 0 | SVD_Wooden | 1 | 98.3454 | 12.2467 | 0 | 1 | 1 | 0 | 0 | 0 | 0 | 1 | camera | target | -0.254926 | 0 | -0.966961 | 
SCRIPT       : DATA_LOG | 506615 | aRapBi1cCZPZAGLIDny3dk3hQ8vTmNTLHRl8zxmKgQ0= | 2665.85 | 362.989 | 6760.64 | -0.254926 | -0.966961 | 0 | SVD_Wooden | 1 | 98.3706 | 12.2507 | 0 | 1 | 1 | 0 | 0 | 0 | 0 | 1 | camera | target | -0.254926 | 0 | -0.966961 | 
SCRIPT       : DATA_LOG | 507615 | aRapBi1cCZPZAGLIDny3dk3hQ8vTmNTLHRl8zxmKgQ0= | 2665.85 | 362.989 | 6760.64 | -0.254926 | -0.966961 | 0 | SVD_Wooden | 1 | 98.3304 | 12.2488 | 0 | 1 | 1 | 0 | 0 | 0 | 0 | 1 | camera | target | -0.254926 | 0 | -0.966961 | 
SCRIPT       : DATA_LOG | 508616 | aRapBi1cCZPZAGLIDny3dk3hQ8vTmNTLHRl8zxmKgQ0= | 2665.85 | 362.989 | 6760.64 | -0.254926 | -0.966961 | 0 | SVD_Wooden | 1 | 98.3809 | 12.2481 | 0 | 1 | 1 | 0 | 0 | 0 | 0 | 1 | camera | target | -0.254926 | 0 | -0.966961 | 
SCRIPT       : DATA_LOG | 509621 | aRapBi1cCZPZAGLIDny3dk3hQ8vTmNTLHRl8zxmKgQ0= | 2665.85 | 362.989 | 6760.64 | -0.254926 | -0.966961 | 0 | SVD_Wooden | 1 | 98.3178 | 12.2429 | 0 | 1 | 1 | 0 | 0 | 0 | 0 | 1 | camera | target | -0.254926 | 0 | -0.966961 | 
SCRIPT       : DATA_LOG | 510624 | aRapBi1cCZPZAGLIDny3dk3hQ8vTmNTLHRl8zxmKgQ0= | 2665.85 | 362.989 | 6760.64 | -0.254926 | -0.966961 | 0 | SVD_Wooden | 1 | 98.3162 | 12.2441 | 0 | 1 | 1 | 0 | 0 | 0 | 0 | 1 | camera | target | -0.254926 | 0 | -0.966961 | 
SCRIPT       : DATA_LOG | 511620 | aRapBi1cCZPZAGLIDny3dk3hQ8vTmNTLHRl8zxmKgQ0= | 2665.85 | 362.989 | 6760.64 | -0.254926 | -0.966961 | 0 | SVD_Wooden | 1 | 98.3641 | 12.2471 | 0 | 1 | 1 | 0 | 0 | 0 | 0 | 1 | camera | target | -0.254926 | 0 | -0.966961 | 
SCRIPT       : DATA_LOG | 512624 | aRapBi1cCZPZAGLIDny3dk3hQ8vTmNTLHRl8zxmKgQ0= | 2665.85 | 362.989 | 6760.64 | -0.254926 | -0.966961 | 0 | SVD_Wooden | 1 | 98.3423 | 12.2453 | 0 | 1 | 1 | 0 | 0 | 0 | 0 | 1 | camera | target | -0.254926 | 0 | -0.966961 | 
SCRIPT       : DATA_LOG | 513626 | aRapBi1cCZPZAGLIDny3dk3hQ8vTmNTLHRl8zxmKgQ0= | 2665.85 | 362.989 | 6760.64 | -0.254926 | -0.966961 | 0 | SVD_Wooden | 1 | 98.3727 | 12.2504 | 0 | 1 | 1 | 0 | 0 | 0 | 0 | 1 | camera | target | -0.254926 | 0 | -0.966961 | 
SCRIPT       : DATA_LOG | 514624 | aRapBi1cCZPZAGLIDny3dk3hQ8vTmNTLHRl8zxmKgQ0= | 2665.85 | 362.989 | 6760.64 | -0.254926 | -0.966961 | 0 | SVD_Wooden | 1 | 98.3378 | 12.2495 | 0 | 1 | 1 | 0 | 0 | 0 | 0 | 1 | camera | target | -0.254926 | 0 | -0.966961 | 
SCRIPT       : DATA_LOG | 515623 | aRapBi1cCZPZAGLIDny3dk3hQ8vTmNTLHRl8zxmKgQ0= | 2665.85 | 362.989 | 6760.64 | -0.254926 | -0.966961 | 0 | SVD_Wooden | 1 | 98.3697 | 12.2486 | 0 | 1 | 1 | 0 | 0 | 0 | 0 | 1 | camera | target | -0.254926 | 0 | -0.966961 | 
SCRIPT       : DATA_LOG | 516623 | aRapBi1cCZPZAGLIDny3dk3hQ8vTmNTLHRl8zxmKgQ0= | 2665.85 | 362.989 | 6760.64 | -0.254926 | -0.966961 | 0 | SVD_Wooden | 1 | 98.3344 | 12.2437 | 0 | 1 | 1 | 0 | 0 | 0 | 0 | 1 | camera | target | -0.254926 | 0 | -0.966961 | 
SCRIPT       : DATA_LOG | 517632 | aRapBi1cCZPZAGLIDny3dk3hQ8vTmNTLHRl8zxmKgQ0= | 2665.85 | 362.989 | 6760.64 | -0.254926 | -0.966961 | 0 | SVD_Wooden | 1 | 98.3067 | 12.2437 | 0 | 1 | 1 | 0 | 0 | 0 | 0 | 1 | camera | target | -0.254926 | 0 | -0.966961 | 
SCRIPT       : DATA_LOG | 518631 | aRapBi1cCZPZAGLIDny3dk3hQ8vTmNTLHRl8zxmKgQ0= | 2665.62 | 362.989 | 6760.67 | -0.970392 | -0.241535 | 0 | SVD_Wooden | 1 | 157.763 | 12.4836 | 0 | 1 | 1 | 0 | 0 | 0 | 0 | 1 | camera | target | -0.970392 | 0 | -0.241535 | 
SCRIPT       : DATA_LOG | 519641 | aRapBi1cCZPZAGLIDny3dk3hQ8vTmNTLHRl8zxmKgQ0= | 2660.94 | 362.985 | 6761.5 | -0.988912 | 0.148502 | 0 | SVD_Wooden | 1 | 173.148 | 17.1764 | 0 | 1 | 1 | 0 | 0 | 0 | 0 | 1 | camera | target | -0.988912 | 0 | 0.148502 | -0.
SCRIPT       : DATA_LOG | 520631 | aRapBi1cCZPZAGLIDny3dk3hQ8vTmNTLHRl8zxmKgQ0= | 2654.96 | 362.985 | 6761.45 | -0.817208 | -0.576343 | 0 | SVD_Wooden | 1 | 139.22 | 23.093 | 0 | 1 | 1 | 0 | 0 | 0 | 0 | 1 | camera | target | -0.817208 | 0 | -0.576343 | -0
SCRIPT       : DATA_LOG | 521639 | aRapBi1cCZPZAGLIDny3dk3hQ8vTmNTLHRl8zxmKgQ0= | 2648.62 | 362.976 | 6759.63 | -0.997721 | -0.067467 | 1 | SVD_Wooden | 1 | 174.006 | 29.3105 | 0 | 1 | 1 | 0 | 0 | 0 | 0 | 1 | camera | target | -0.997721 | 0 | -0.067467 | 
SCRIPT       : DATA_LOG | 522639 | aRapBi1cCZPZAGLIDny3dk3hQ8vTmNTLHRl8zxmKgQ0= | 2647.29 | 362.998 | 6758.1 | -0.961726 | 0.274014 | 1 | SVD_Wooden | 1 | 161.447 | 30.6641 | 0 | 1 | 1 | 0 | 0 | 0 | 1 | 1 | camera | target | -0.961726 | 0 | 0.274014 | -0.
SCRIPT       : DATA_LOG | 523633 | aRapBi1cCZPZAGLIDny3dk3hQ8vTmNTLHRl8zxmKgQ0= | 2646.95 | 363.007 | 6756.92 | -0.964041 | 0.265752 | 1 | SVD_Wooden | 1 | 159.835 | 31.0648 | 0 | 1 | 1 | 0 | 0 | 0 | 1 | 1 | camera | target | -0.964041 | 0 | 0.265752 | -0
SCRIPT       : DATA_LOG | 524633 | aRapBi1cCZPZAGLIDny3dk3hQ8vTmNTLHRl8zxmKgQ0= | 2646.98 | 363.006 | 6757.03 | -0.964042 | 0.265752 | 1 | SVD_Wooden | 1 | 160.043 | 31.0242 | 0 | 1 | 1 | 0 | 0 | 0 | 1 | 1 | camera | target | -0.964042 | -0 | 0.265752 | -
SCRIPT       : DATA_LOG | 525633 | aRapBi1cCZPZAGLIDny3dk3hQ8vTmNTLHRl8zxmKgQ0= | 2646.98 | 363.006 | 6757.03 | -0.964042 | 0.265752 | 1 | SVD_Wooden | 1 | 160.015 | 31.0313 | 0 | 1 | 1 | 0 | 0 | 0 | 1 | 1 | camera | target | -0.964042 | -0 | 0.265752 | -
SCRIPT       : DATA_LOG | 526631 | aRapBi1cCZPZAGLIDny3dk3hQ8vTmNTLHRl8zxmKgQ0= | 2646.98 | 363.006 | 6757.03 | -0.964042 | 0.265752 | 1 | SVD_Wooden | 1 | 160.029 | 31.0272 | 0 | 1 | 1 | 0 | 0 | 0 | 1 | 1 | camera | target | -0.964042 | -0 | 0.265752 | -
SCRIPT       : DATA_LOG | 527931 | aRapBi1cCZPZAGLIDny3dk3hQ8vTmNTLHRl8zxmKgQ0= | 2646.98 | 363.006 | 6757.03 | -0.964042 | 0.265752 | 1 | SVD_Wooden | 1 | 160.024 | 31.0313 | 0 | 1 | 1 | 0 | 0 | 0 | 1 | 1 | camera | target | -0.964042 | -0 | 0.265752 | -
SCRIPT       : DATA_LOG | 528980 | aRapBi1cCZPZAGLIDny3dk3hQ8vTmNTLHRl8zxmKgQ0= | 2646.98 | 363.006 | 6757.03 | -0.964042 | 0.265752 | 1 | SVD_Wooden | 1 | 160.024 | 31.0342 | 0 | 1 | 1 | 0 | 0 | 0 | 1 | 1 | camera | target | -0.964042 | -0 | 0.265752 | -
SCRIPT       : DATA_LOG | 529980 | aRapBi1cCZPZAGLIDny3dk3hQ8vTmNTLHRl8zxmKgQ0= | 2646.98 | 363.006 | 6757.03 | -0.964042 | 0.265752 | 1 | SVD_Wooden | 1 | 160.03 | 31.0327 | 0 | 1 | 1 | 0 | 0 | 0 | 1 | 1 | camera | target | -0.964042 | -0 | 0.265752 | -0
SCRIPT       : DATA_LOG | 530982 | aRapBi1cCZPZAGLIDny3dk3hQ8vTmNTLHRl8zxmKgQ0= | 2646.98 | 363.006 | 6757.03 | -0.964042 | 0.265752 | 1 | SVD_Wooden | 1 | 160.016 | 31.0301 | 0 | 1 | 1 | 0 | 0 | 0 | 1 | 1 | camera | target | -0.964042 | -0 | 0.265752 | -
SCRIPT       : DATA_LOG | 531980 | aRapBi1cCZPZAGLIDny3dk3hQ8vTmNTLHRl8zxmKgQ0= | 2646.98 | 363.006 | 6757.03 | -0.964042 | 0.265752 | 1 | SVD_Wooden | 1 | 160.045 | 31.0237 | 0 | 1 | 1 | 0 | 0 | 0 | 1 | 1 | camera | target | -0.964042 | -0 | 0.265752 | -
SCRIPT       : DATA_LOG | 532987 | aRapBi1cCZPZAGLIDny3dk3hQ8vTmNTLHRl8zxmKgQ0= | 2645.17 | 363.004 | 6757.57 | -0.957707 | 0.287746 | 0 | SVD_Wooden | 1 | 159.919 | 32.7948 | 0 | 1 | 1 | 0 | 0 | 0 | 0 | 1 | camera | target | -0.957707 | 0 | 0.287746 | -0
SCRIPT       : DATA_LOG | 534127 | aRapBi1cCZPZAGLIDny3dk3hQ8vTmNTLHRl8zxmKgQ0= | 2644.46 | 363.001 | 6757.78 | -0.958198 | 0.286104 | 0 | SVD_Wooden | 1 | 160.46 | 33.4886 | 0 | 1 | 1 | 0 | 0 | 0 | 0 | 1 | camera | target | -0.958198 | -0 | 0.286104 | -0
SCRIPT       : DATA_LOG | 534995 | aRapBi1cCZPZAGLIDny3dk3hQ8vTmNTLHRl8zxmKgQ0= | 2644.46 | 363.001 | 6757.78 | -0.958198 | 0.286104 | 0 | SVD_Wooden | 1 | 160.452 | 33.4944 | 0 | 1 | 1 | 0 | 0 | 0 | 0 | 1 | camera | target | -0.958198 | -0 | 0.286104 | -
SCRIPT       : DATA_LOG | 535993 | aRapBi1cCZPZAGLIDny3dk3hQ8vTmNTLHRl8zxmKgQ0= | 2644.46 | 363.001 | 6757.78 | -0.958198 | 0.286104 | 0 | SVD_Wooden | 1 | 160.454 | 33.4958 | 0 | 1 | 1 | 0 | 0 | 0 | 0 | 1 | camera | target | -0.958198 | -0 | 0.286104 | -
SCRIPT       : DATA_LOG | 537002 | aRapBi1cCZPZAGLIDny3dk3hQ8vTmNTLHRl8zxmKgQ0= | 2642.72 | 362.994 | 6758.3 | -0.957466 | 0.288547 | 0 | SVD_Wooden | 1 | 161.314 | 35.2154 | 0 | 1 | 1 | 0 | 0 | 0 | 0 | 1 | camera | target | -0.957466 | 0 | 0.288547 | -0.
SCRIPT       : DATA_LOG | 538003 | aRapBi1cCZPZAGLIDny3dk3hQ8vTmNTLHRl8zxmKgQ0= | 2638 | 362.991 | 6759.71 | -0.962725 | 0.270482 | 0 | SVD_Wooden | 1 | 164.604 | 39.9111 | 0 | 1 | 1 | 0 | 0 | 0 | 0 | 1 | camera | target | -0.962725 | 0 | 0.270482 | -0.96
SCRIPT       : DATA_LOG | 538998 | aRapBi1cCZPZAGLIDny3dk3hQ8vTmNTLHRl8zxmKgQ0= | 2631.53 | 363.012 | 6761.27 | -0.973427 | 0.228996 | 0 | SVD_Wooden | 1 | 168.917 | 46.4049 | 0 | 1 | 1 | 0 | 0 | 0 | 0 | 1 | camera | target | -0.973427 | 0 | 0.228996 | -0
SCRIPT       : DATA_LOG | 539999 | aRapBi1cCZPZAGLIDny3dk3hQ8vTmNTLHRl8zxmKgQ0= | 2624.92 | 363.144 | 6762.38 | -0.973533 | 0.228546 | 0 | SVD_Wooden | 1 | 169.901 | 53.0646 | 0 | 1 | 1 | 0 | 0 | 0 | 0 | 1 | camera | target | -0.973533 | 0 | 0.228546 | -0
SCRIPT       : DATA_LOG | 541002 | aRapBi1cCZPZAGLIDny3dk3hQ8vTmNTLHRl8zxmKgQ0= | 2618.29 | 363.327 | 6763.45 | -0.962288 | 0.272035 | 0 | SVD_Wooden | 1 | 168.079 | 59.7341 | 0 | 1 | 1 | 0 | 0 | 0 | 0 | 1 | camera | target | -0.962288 | 0 | 0.272035 | -0
SCRIPT       : DATA_LOG | 542005 | aRapBi1cCZPZAGLIDny3dk3hQ8vTmNTLHRl8zxmKgQ0= | 2611.61 | 363.512 | 6764.26 | -0.962146 | 0.272534 | 0 | SVD_Wooden | 1 | 168.381 | 66.4546 | 0 | 1 | 1 | 0 | 0 | 0 | 0 | 1 | camera | target | -0.962146 | 0 | 0.272534 | -0
SCRIPT       : DATA_LOG | 543004 | aRapBi1cCZPZAGLIDny3dk3hQ8vTmNTLHRl8zxmKgQ0= | 2605.16 | 363.656 | 6766.03 | -0.962146 | 0.272534 | 0 | SVD_Wooden | 1 | 169.405 | 73.0275 | 0 | 1 | 1 | 0 | 0 | 0 | 0 | 1 | camera | target | -0.962146 | 0 | 0.272534 | -0
SCRIPT       : DATA_LOG | 544003 | aRapBi1cCZPZAGLIDny3dk3hQ8vTmNTLHRl8zxmKgQ0= | 2599.34 | 363.792 | 6768.79 | -0.945044 | -0.326943 | 0 | SVD_Wooden | 1 | 154.017 | 79.105 | 0 | 1 | 1 | 0 | 0 | 0 | 0 | 1 | camera | target | -0.945044 | 0 | -0.326943 | -
SCRIPT       : DATA_LOG | 545018 | aRapBi1cCZPZAGLIDny3dk3hQ8vTmNTLHRl8zxmKgQ0= | 2596.15 | 363.866 | 6770.36 | -0.876527 | -0.481353 | 0 | SVD_Wooden | 1 | 143.525 | 82.4604 | 0 | 1 | 1 | 0 | 0 | 0 | 0 | 1 | camera | target | -0.876527 | 0 | -0.481353 | 
SCRIPT       : DATA_LOG | 546010 | aRapBi1cCZPZAGLIDny3dk3hQ8vTmNTLHRl8zxmKgQ0= | 2590.97 | 364.004 | 6771.06 | -0.96101 | 0.276514 | 0 | SVD_Wooden | 1 | 171.627 | 87.6804 | 0 | 1 | 1 | 0 | 0 | 0 | 0 | 1 | camera | target | -0.96101 | 0 | 0.276514 | -0.9
SCRIPT       : DATA_LOG | 547010 | aRapBi1cCZPZAGLIDny3dk3hQ8vTmNTLHRl8zxmKgQ0= | 2586.2 | 364.143 | 6771.88 | -0.9441 | 0.32966 | 0 | SVD_Wooden | 1 | 168.547 | 92.5222 | 0 | 1 | 1 | 0 | 0 | 0 | 0 | 1 | camera | target | -0.9441 | 0 | 0.32966 | -0.9441 |
SCRIPT       : DATA_LOG | 548159 | aRapBi1cCZPZAGLIDny3dk3hQ8vTmNTLHRl8zxmKgQ0= | 2584.46 | 364.201 | 6772.57 | -0.944064 | 0.329763 | 0 | SVD_Wooden | 1 | 168.812 | 94.3341 | 0 | 1 | 1 | 0 | 0 | 0 | 0 | 1 | camera | target | -0.944064 | 0 | 0.329763 | -0
SCRIPT       : DATA_LOG | 549023 | aRapBi1cCZPZAGLIDny3dk3hQ8vTmNTLHRl8zxmKgQ0= | 2579.94 | 364.311 | 6774.32 | -0.944064 | 0.329763 | 0 | SVD_Wooden | 1 | 169.451 | 99.0707 | 0 | 1 | 1 | 0 | 0 | 0 | 0 | 1 | camera | target | -0.944064 | 0 | 0.329763 | -0
SCRIPT       : DATA_LOG | 550029 | aRapBi1cCZPZAGLIDny3dk3hQ8vTmNTLHRl8zxmKgQ0= | 2575.69 | 364.437 | 6775.18 | 0.978202 | 0.207654 | 0 | SVD_Wooden | 1 | 20.8106 | 103.398 | 0 | 1 | 1 | 0 | 0 | 0 | 0 | 1 | camera | target | 0.978202 | 0 | 0.207654 | 0.97
SCRIPT       : DATA_LOG | 551019 | aRapBi1cCZPZAGLIDny3dk3hQ8vTmNTLHRl8zxmKgQ0= | 2573.02 | 364.508 | 6776.2 | 0.991852 | 0.127395 | 0 | SVD_Wooden | 1 | 16.4749 | 106.191 | 0 | 1 | 1 | 0 | 0 | 0 | 0 | 1 | camera | target | 0.991852 | 0 | 0.127395 | 0.991
SCRIPT       : DATA_LOG | 552017 | aRapBi1cCZPZAGLIDny3dk3hQ8vTmNTLHRl8zxmKgQ0= | 2570.04 | 364.613 | 6775.83 | 0.991852 | 0.127395 | 0 | SVD_Wooden | 1 | 16.0263 | 109.078 | 0 | 1 | 1 | 0 | 0 | 0 | 0 | 1 | camera | target | 0.991852 | 0 | 0.127395 | 0.99
SCRIPT       : DATA_LOG | 553016 | aRapBi1cCZPZAGLIDny3dk3hQ8vTmNTLHRl8zxmKgQ0= | 2568.54 | 364.661 | 6775.64 | 0.991852 | 0.127395 | 0 | SVD_Wooden | 1 | 15.8193 | 110.525 | 0 | 1 | 1 | 0 | 0 | 0 | 0 | 1 | camera | target | 0.991852 | 0 | 0.127395 | 0.99
SCRIPT       : DATA_LOG | 554016 | aRapBi1cCZPZAGLIDny3dk3hQ8vTmNTLHRl8zxmKgQ0= | 2568.54 | 364.661 | 6775.64 | 0.991852 | 0.127395 | 0 | SVD_Wooden | 1 | 15.8168 | 110.527 | 0 | 1 | 1 | 0 | 0 | 0 | 0 | 1 | camera | target | 0.991852 | 0 | 0.127395 | 0.99
SCRIPT       : DATA_LOG | 555018 | aRapBi1cCZPZAGLIDny3dk3hQ8vTmNTLHRl8zxmKgQ0= | 2568.54 | 364.661 | 6775.64 | 0.991852 | 0.127395 | 0 | SVD_Wooden | 1 | 15.813 | 110.529 | 0 | 1 | 1 | 0 | 0 | 0 | 0 | 1 | camera | target | 0.991852 | 0 | 0.127395 | 0.991
SCRIPT       : DATA_LOG | 556016 | aRapBi1cCZPZAGLIDny3dk3hQ8vTmNTLHRl8zxmKgQ0= | 2568.54 | 364.661 | 6775.64 | 0.991852 | 0.127395 | 0 | SVD_Wooden | 1 | 15.8149 | 110.529 | 0 | 1 | 1 | 0 | 0 | 0 | 0 | 1 | camera | target | 0.991852 | 0 | 0.127395 | 0.99
SCRIPT       : DATA_LOG | 557022 | aRapBi1cCZPZAGLIDny3dk3hQ8vTmNTLHRl8zxmKgQ0= | 2568.54 | 364.661 | 6775.64 | 0.991852 | 0.127395 | 0 | SVD_Wooden | 1 | 15.812 | 110.533 | 0 | 1 | 1 | 0 | 0 | 0 | 0 | 1 | camera | target | 0.991852 | 0 | 0.127395 | 0.991
SCRIPT       : DATA_LOG | 558029 | aRapBi1cCZPZAGLIDny3dk3hQ8vTmNTLHRl8zxmKgQ0= | 2568.54 | 364.661 | 6775.64 | 0.991852 | 0.127395 | 0 | SVD_Wooden | 1 | 15.8162 | 110.532 | 0 | 1 | 1 | 0 | 0 | 0 | 0 | 1 | camera | target | 0.991852 | 0 | 0.127395 | 0.99
SCRIPT       : DATA_LOG | 559020 | aRapBi1cCZPZAGLIDny3dk3hQ8vTmNTLHRl8zxmKgQ0= | 2568.54 | 364.661 | 6775.64 | 0.991852 | 0.127395 | 0 | SVD_Wooden | 1 | 15.8114 | 110.53 | 0 | 1 | 1 | 0 | 0 | 0 | 0 | 1 | camera | target | 0.991852 | 0 | 0.127395 | 0.991
SCRIPT       : DATA_LOG | 560028 | aRapBi1cCZPZAGLIDny3dk3hQ8vTmNTLHRl8zxmKgQ0= | 2568.54 | 364.661 | 6775.64 | 0.991852 | 0.127395 | 0 | SVD_Wooden | 1 | 15.8169 | 110.525 | 0 | 1 | 1 | 0 | 0 | 0 | 0 | 1 | camera | target | 0.991852 | 0 | 0.127395 | 0.99
SCRIPT       : DATA_LOG | 561027 | aRapBi1cCZPZAGLIDny3dk3hQ8vTmNTLHRl8zxmKgQ0= | 2568.54 | 364.661 | 6775.64 | 0.991852 | 0.127395 | 0 | SVD_Wooden | 1 | 15.8186 | 110.526 | 0 | 1 | 1 | 0 | 0 | 0 | 0 | 1 | camera | target | 0.991852 | 0 | 0.127395 | 0.99
SCRIPT       : DATA_LOG | 562030 | aRapBi1cCZPZAGLIDny3dk3hQ8vTmNTLHRl8zxmKgQ0= | 2568.54 | 364.661 | 6775.64 | 0.991852 | 0.127395 | 0 | SVD_Wooden | 1 | 15.8122 | 110.53 | 0 | 1 | 1 | 0 | 0 | 0 | 0 | 1 | camera | target | 0.991852 | 0 | 0.127395 | 0.991
SCRIPT       : DATA_LOG | 563028 | aRapBi1cCZPZAGLIDny3dk3hQ8vTmNTLHRl8zxmKgQ0= | 2568.54 | 364.662 | 6775.59 | 0.999915 | 0.0129974 | 0 | SVD_Wooden | 1 | 9.21806 | 110.527 | 0 | 1 | 1 | 0 | 0 | 0 | 0 | 1 | camera | target | 0.999915 | 0 | 0.0129974 | 0.
SCRIPT       : DATA_LOG | 564024 | aRapBi1cCZPZAGLIDny3dk3hQ8vTmNTLHRl8zxmKgQ0= | 2568.41 | 364.675 | 6775.09 | 0.979099 | -0.203384 | 0 | SVD_Wooden | 1 | 3.54149 | 110.583 | 0 | 1 | 1 | 1 | 0 | 0 | 0 | 1 | camera | target | 0.979099 | 0 | -0.203384 | 0.
SCRIPT       : DATA_LOG | 565027 | aRapBi1cCZPZAGLIDny3dk3hQ8vTmNTLHRl8zxmKgQ0= | 2567.51 | 364.743 | 6772.58 | 0.972631 | -0.232354 | 0 | SVD_Wooden | 1 | 6.57963 | 111.144 | 0 | 1 | 1 | 0 | 0 | 0 | 0 | 1 | camera | target | 0.972631 | 0 | -0.232354 | 0.
SCRIPT       : DATA_LOG | 566036 | aRapBi1cCZPZAGLIDny3dk3hQ8vTmNTLHRl8zxmKgQ0= | 2565.05 | 364.809 | 6771.59 | 0.972631 | -0.232354 | 0 | SVD_Wooden | 1 | 7.228 | 113.473 | 0 | 1 | 1 | 0 | 0 | 0 | 0 | 1 | camera | target | 0.972631 | 0 | -0.232354 | 0.97
SCRIPT       : DATA_LOG | 567030 | aRapBi1cCZPZAGLIDny3dk3hQ8vTmNTLHRl8zxmKgQ0= | 2562.22 | 364.862 | 6772.25 | 0.657695 | 0.753285 | 0 | SVD_Wooden | 1 | 55.2609 | 116.359 | 0 | 1 | 1 | 0 | 0 | 0 | 0 | 1 | camera | target | 0.657695 | 0 | 0.753285 | 0.65
SCRIPT       : DATA_LOG | 568043 | aRapBi1cCZPZAGLIDny3dk3hQ8vTmNTLHRl8zxmKgQ0= | 2558.25 | 364.92 | 6773.78 | -0.955686 | 0.294388 | 0 | SVD_Wooden | 1 | 169.781 | 120.481 | 0 | 1 | 1 | 0 | 0 | 0 | 0 | 1 | camera | target | -0.955686 | 0 | 0.294388 | -0.
SCRIPT       : DATA_LOG | 569041 | aRapBi1cCZPZAGLIDny3dk3hQ8vTmNTLHRl8zxmKgQ0= | 2551.99 | 364.961 | 6775.88 | -0.949987 | 0.312291 | 0 | SVD_Wooden | 1 | 169.296 | 126.96 | 0 | 1 | 1 | 0 | 0 | 0 | 0 | 1 | camera | target | -0.949987 | 0 | 0.312291 | -0.
SCRIPT       : DATA_LOG | 570044 | aRapBi1cCZPZAGLIDny3dk3hQ8vTmNTLHRl8zxmKgQ0= | 2545.54 | 364.957 | 6777.77 | -0.940317 | 0.3403 | 0 | SVD_Wooden | 1 | 168.048 | 133.598 | 0 | 1 | 1 | 0 | 0 | 0 | 0 | 1 | camera | target | -0.940317 | 0 | 0.3403 | -0.940
SCRIPT       : DATA_LOG | 571042 | aRapBi1cCZPZAGLIDny3dk3hQ8vTmNTLHRl8zxmKgQ0= | 2539.36 | 364.91 | 6780.41 | -0.808348 | 0.588705 | 0 | SVD_Wooden | 0 | 152.595 | 140.1 | 0 | 1 | 1 | 0 | 0 | 0 | 0 | 1 | camera |  | -0.808348 | 0 | 0.588705 | -0.808348 |
SCRIPT       : DATA_LOG | 572039 | aRapBi1cCZPZAGLIDny3dk3hQ8vTmNTLHRl8zxmKgQ0= | 2534.33 | 364.881 | 6782.67 | 0.971722 | 0.236128 | 0 | SVD_Wooden | 0 | 22.9013 | 145.423 | 0 | 1 | 1 | 0 | 0 | 0 | 0 | 1 | camera |  | 0.971722 | 0 | 0.236128 | 0.971722 |
SCRIPT       : DATA_LOG | 573036 | aRapBi1cCZPZAGLIDny3dk3hQ8vTmNTLHRl8zxmKgQ0= | 2531.73 | 364.892 | 6783.93 | 0.972798 | -0.231656 | 0 | SVD_Wooden | 0 | 3.83078 | 148.193 | 0 | 1 | 1 | 1 | 0 | 0 | 0 | 1 | camera |  | 0.972798 | 0 | -0.231656 | 0.972798
SCRIPT       : DATA_LOG | 574045 | aRapBi1cCZPZAGLIDny3dk3hQ8vTmNTLHRl8zxmKgQ0= | 2528.7 | 364.869 | 6784.66 | 0.972797 | -0.23166 | 0 | SVD_Wooden | 0 | 3.75212 | 151.293 | 0 | 1 | 1 | 1 | 0 | 0 | 0 | 1 | camera |  | 0.972797 | 0 | -0.23166 | 0.972797 | 
SCRIPT       : DATA_LOG | 575049 | aRapBi1cCZPZAGLIDny3dk3hQ8vTmNTLHRl8zxmKgQ0= | 2525.84 | 364.846 | 6784.96 | -0.970172 | -0.242417 | 0 | SVD_Wooden | 0 | 156.391 | 154.165 | 0 | 1 | 1 | 0 | 0 | 0 | 0 | 1 | camera |  | -0.970172 | 0 | -0.242417 | -0.970
SCRIPT       : DATA_LOG | 576160 | aRapBi1cCZPZAGLIDny3dk3hQ8vTmNTLHRl8zxmKgQ0= | 2521.15 | 364.931 | 6788.25 | -0.990386 | -0.138332 | 0 | SVD_Wooden | 0 | 161.589 | 159.356 | 0 | 1 | 1 | 0 | 0 | 0 | 0 | 1 | camera |  | -0.990386 | 0 | -0.138332 | -0.990
SCRIPT       : DATA_LOG | 577055 | aRapBi1cCZPZAGLIDny3dk3hQ8vTmNTLHRl8zxmKgQ0= | 2514.74 | 365.026 | 6790.75 | -0.999321 | 0.036847 | 0 | SVD_Wooden | 1 | 171.201 | 166.119 | 0 | 1 | 1 | 0 | 0 | 0 | 0 | 1 | camera | target | -0.999321 | 0 | 0.036847 | -0
SCRIPT       : DATA_LOG | 578045 | aRapBi1cCZPZAGLIDny3dk3hQ8vTmNTLHRl8zxmKgQ0= | 2511.98 | 365.227 | 6795.18 | -0.514991 | 0.857195 | 0 | SVD_Wooden | 1 | 133.197 | 169.717 | 0 | 1 | 1 | 0 | 0 | 0 | 0 | 1 | camera | target | -0.514991 | 0 | 0.857195 | -0
SCRIPT       : DATA_LOG | 579052 | aRapBi1cCZPZAGLIDny3dk3hQ8vTmNTLHRl8zxmKgQ0= | 2510.86 | 365.293 | 6796.48 | -0.710254 | 0.703945 | 0 | SVD_Wooden | 1 | 147.801 | 171.085 | 0 | 1 | 1 | 0 | 0 | 0 | 0 | 1 | camera | target | -0.710254 | -0 | 0.703945 | -
SCRIPT       : DATA_LOG | 580047 | aRapBi1cCZPZAGLIDny3dk3hQ8vTmNTLHRl8zxmKgQ0= | 2510.86 | 365.293 | 6796.48 | -0.710254 | 0.703945 | 0 | SVD_Wooden | 1 | 147.803 | 171.084 | 0 | 1 | 1 | 0 | 0 | 0 | 0 | 1 | camera | target | -0.710254 | -0 | 0.703945 | -
SCRIPT       : DATA_LOG | 581048 | aRapBi1cCZPZAGLIDny3dk3hQ8vTmNTLHRl8zxmKgQ0= | 2510.86 | 365.293 | 6796.48 | -0.710254 | 0.703945 | 0 | SVD_Wooden | 1 | 147.8 | 171.08 | 0 | 1 | 1 | 0 | 0 | 0 | 0 | 1 | camera | target | -0.710254 | -0 | 0.703945 | -0.7
SCRIPT       : DATA_LOG | 582054 | aRapBi1cCZPZAGLIDny3dk3hQ8vTmNTLHRl8zxmKgQ0= | 2510.86 | 365.293 | 6796.48 | -0.710254 | 0.703945 | 0 | SVD_Wooden | 1 | 147.806 | 171.078 | 0 | 1 | 1 | 0 | 0 | 0 | 0 | 1 | camera | target | -0.710254 | -0 | 0.703945 | -
SCRIPT       : DATA_LOG | 583048 | aRapBi1cCZPZAGLIDny3dk3hQ8vTmNTLHRl8zxmKgQ0= | 2510.86 | 365.293 | 6796.48 | -0.710254 | 0.703945 | 0 | SVD_Wooden | 1 | 147.801 | 171.08 | 0 | 1 | 1 | 0 | 0 | 0 | 0 | 1 | camera | none | -0.710254 | -0 | 0.703945 | -0.7
SCRIPT       : DATA_LOG | 584050 | aRapBi1cCZPZAGLIDny3dk3hQ8vTmNTLHRl8zxmKgQ0= | 2510.86 | 365.293 | 6796.48 | -0.710254 | 0.703945 | 0 | SVD_Wooden | 1 | 147.803 | 171.079 | 0 | 1 | 1 | 0 | 0 | 0 | 0 | 1 | camera | target | -0.710254 | -0 | 0.703945 | -
SCRIPT       : DATA_LOG | 585058 | aRapBi1cCZPZAGLIDny3dk3hQ8vTmNTLHRl8zxmKgQ0= | 2510.86 | 365.293 | 6796.48 | -0.710254 | 0.703945 | 0 | SVD_Wooden | 1 | 147.801 | 171.083 | 0 | 1 | 1 | 0 | 0 | 0 | 0 | 1 | camera | target | -0.710254 | -0 | 0.703945 | -
SCRIPT       : DATA_LOG | 586060 | aRapBi1cCZPZAGLIDny3dk3hQ8vTmNTLHRl8zxmKgQ0= | 2510.86 | 365.293 | 6796.48 | -0.710254 | 0.703945 | 0 | SVD_Wooden | 1 | 147.801 | 171.085 | 0 | 1 | 1 | 0 | 0 | 0 | 0 | 1 | camera | target | -0.710254 | -0 | 0.703945 | -
SCRIPT       : DATA_LOG | 587063 | aRapBi1cCZPZAGLIDny3dk3hQ8vTmNTLHRl8zxmKgQ0= | 2510.86 | 365.293 | 6796.48 | -0.710254 | 0.703945 | 0 | Engraved1911 | 1 | 147.804 | 171.084 | 0 | 1 | 1 | 0 | 0 | 0 | 0 | 1 | camera | target | -0.710254 | -0 | 0.703945 |
SCRIPT       : DATA_LOG | 588056 | aRapBi1cCZPZAGLIDny3dk3hQ8vTmNTLHRl8zxmKgQ0= | 2510.86 | 365.293 | 6796.48 | -0.710254 | 0.703945 | 0 | Engraved1911 | 1 | 147.799 | 171.08 | 0 | 1 | 1 | 0 | 0 | 0 | 0 | 1 | camera | target | -0.710254 | -0 | 0.703945 | 
SCRIPT       : DATA_LOG | 589064 | aRapBi1cCZPZAGLIDny3dk3hQ8vTmNTLHRl8zxmKgQ0= | 2510.86 | 365.293 | 6796.48 | -0.710254 | 0.703945 | 0 | Engraved1911 | 1 | 147.806 | 171.077 | 0 | 1 | 1 | 0 | 0 | 0 | 0 | 1 | camera | target | -0.710254 | -0 | 0.703945 |
SCRIPT       : DATA_LOG | 590056 | aRapBi1cCZPZAGLIDny3dk3hQ8vTmNTLHRl8zxmKgQ0= | 2510.86 | 365.293 | 6796.48 | -0.710254 | 0.703945 | 0 | Engraved1911 | 1 | 147.802 | 171.079 | 0 | 1 | 1 | 0 | 0 | 0 | 0 | 1 | camera | target | -0.710254 | -0 | 0.703945 |
SCRIPT       : DATA_LOG | 591059 | aRapBi1cCZPZAGLIDny3dk3hQ8vTmNTLHRl8zxmKgQ0= | 2510.86 | 365.293 | 6796.48 | -0.710254 | 0.703945 | 0 | Engraved1911 | 1 | 147.802 | 171.08 | 0 | 1 | 1 | 0 | 0 | 0 | 0 | 1 | camera | target | -0.710254 | -0 | 0.703945 | 
SCRIPT       : DATA_LOG | 592060 | aRapBi1cCZPZAGLIDny3dk3hQ8vTmNTLHRl8zxmKgQ0= | 2510.86 | 365.293 | 6796.48 | -0.710254 | 0.703945 | 0 | Engraved1911 | 1 | 147.802 | 171.082 | 0 | 1 | 1 | 0 | 0 | 0 | 0 | 1 | camera | target | -0.710254 | -0 | 0.703945 |
SCRIPT       : DATA_LOG | 593062 | aRapBi1cCZPZAGLIDny3dk3hQ8vTmNTLHRl8zxmKgQ0= | 2510.86 | 365.293 | 6796.48 | -0.710254 | 0.703945 | 0 | Engraved1911 | 1 | 147.8 | 171.085 | 0 | 1 | 1 | 0 | 0 | 0 | 0 | 1 | camera | none | -0.710254 | -0 | 0.703945 | -0.
SCRIPT       : DATA_LOG | 594061 | aRapBi1cCZPZAGLIDny3dk3hQ8vTmNTLHRl8zxmKgQ0= | 2510.86 | 365.293 | 6796.48 | -0.710254 | 0.703945 | 0 | Engraved1911 | 1 | 147.804 | 171.084 | 0 | 1 | 1 | 0 | 0 | 0 | 0 | 1 | camera | target | -0.710254 | -0 | 0.703945 |
SCRIPT       : DATA_LOG | 595065 | aRapBi1cCZPZAGLIDny3dk3hQ8vTmNTLHRl8zxmKgQ0= | 2510.86 | 365.293 | 6796.48 | -0.710254 | 0.703945 | 0 | Engraved1911 | 1 | 147.799 | 171.081 | 0 | 1 | 1 | 0 | 0 | 0 | 0 | 1 | camera | target | -0.710254 | -0 | 0.703945 |
SCRIPT       : DATA_LOG | 596065 | aRapBi1cCZPZAGLIDny3dk3hQ8vTmNTLHRl8zxmKgQ0= | 2510.86 | 365.293 | 6796.48 | -0.710254 | 0.703945 | 0 | Engraved1911 | 1 | 147.805 | 171.077 | 0 | 1 | 1 | 0 | 0 | 0 | 0 | 1 | camera | target | -0.710254 | -0 | 0.703945 |
SCRIPT       : DATA_LOG | 597067 | aRapBi1cCZPZAGLIDny3dk3hQ8vTmNTLHRl8zxmKgQ0= | 2510.86 | 365.293 | 6796.48 | -0.710254 | 0.703945 | 0 | Engraved1911 | 1 | 147.803 | 171.079 | 0 | 1 | 1 | 0 | 0 | 0 | 0 | 1 | camera | none | -0.710254 | -0 | 0.703945 | -
SCRIPT       : DATA_LOG | 598074 | aRapBi1cCZPZAGLIDny3dk3hQ8vTmNTLHRl8zxmKgQ0= | 2510.86 | 365.293 | 6796.48 | -0.710254 | 0.703945 | 0 | Engraved1911 | 1 | 147.801 | 171.081 | 0 | 1 | 1 | 0 | 0 | 0 | 0 | 1 | camera | none | -0.710254 | -0 | 0.703945 | -
SCRIPT       : DATA_LOG | 599073 | aRapBi1cCZPZAGLIDny3dk3hQ8vTmNTLHRl8zxmKgQ0= | 2510.86 | 365.293 | 6796.48 | -0.710254 | 0.703945 | 0 | Engraved1911 | 1 | 147.802 | 171.081 | 0 | 1 | 1 | 0 | 0 | 0 | 0 | 1 | camera | target | -0.710254 | -0 | 0.703945 |
SCRIPT       : DATA_LOG | 600070 | aRapBi1cCZPZAGLIDny3dk3hQ8vTmNTLHRl8zxmKgQ0= | 2511.08 | 365.299 | 6796.69 | -0.708244 | 0.705968 | 0 | Engraved1911 | 1 | 147.722 | 170.924 | 0 | 1 | 1 | 0 | 0 | 0 | 0 | 1 | camera | target | -0.708244 | -0 | 0.705968 |
SCRIPT       : DATA_LOG | 601070 | aRapBi1cCZPZAGLIDny3dk3hQ8vTmNTLHRl8zxmKgQ0= | 2511.12 | 365.301 | 6796.74 | -0.708244 | 0.705968 | 0 | Engraved1911 | 1 | 147.743 | 170.888 | 0 | 1 | 1 | 0 | 0 | 0 | 0 | 1 | camera | target | -0.708244 | -0 | 0.705968 |
SCRIPT       : DATA_LOG | 602071 | aRapBi1cCZPZAGLIDny3dk3hQ8vTmNTLHRl8zxmKgQ0= | 2511.12 | 365.301 | 6796.74 | -0.708244 | 0.705968 | 0 | Engraved1911 | 1 | 147.74 | 170.886 | 0 | 1 | 1 | 0 | 0 | 0 | 0 | 1 | camera | target | -0.708244 | -0 | 0.705968 | 
SCRIPT       : DATA_LOG | 603080 | aRapBi1cCZPZAGLIDny3dk3hQ8vTmNTLHRl8zxmKgQ0= | 2511.12 | 365.301 | 6796.74 | -0.708244 | 0.705968 | 0 | Engraved1911 | 1 | 147.744 | 170.882 | 0 | 1 | 1 | 0 | 0 | 0 | 0 | 1 | camera | target | -0.708244 | -0 | 0.705968 |
SCRIPT       : DATA_LOG | 604074 | aRapBi1cCZPZAGLIDny3dk3hQ8vTmNTLHRl8zxmKgQ0= | 2511.12 | 365.301 | 6796.74 | -0.708244 | 0.705968 | 0 | none | 1 | 147.744 | 170.883 | 0 | 1 | 1 | 0 | 0 | 0 | 0 | 1 | camera | target | -0.708244 | -0 | 0.705968 | -0.7082
SCRIPT       : DATA_LOG | 605085 | aRapBi1cCZPZAGLIDny3dk3hQ8vTmNTLHRl8zxmKgQ0= | 2511.12 | 365.301 | 6796.74 | -0.708244 | 0.705968 | 0 | none | 1 | 147.74 | 170.886 | 0 | 1 | 1 | 0 | 0 | 0 | 0 | 1 | camera | target | -0.708244 | -0 | 0.705968 | -0.70824
SCRIPT       : DATA_LOG | 606080 | aRapBi1cCZPZAGLIDny3dk3hQ8vTmNTLHRl8zxmKgQ0= | 2511.12 | 365.301 | 6796.74 | -0.708244 | 0.705968 | 0 | none | 1 | 147.742 | 170.884 | 0 | 1 | 1 | 0 | 0 | 0 | 0 | 1 | camera | target | -0.708244 | -0 | 0.705968 | -0.7082
SCRIPT       : DATA_LOG | 607076 | aRapBi1cCZPZAGLIDny3dk3hQ8vTmNTLHRl8zxmKgQ0= | 2511.12 | 365.301 | 6796.74 | -0.708244 | 0.705968 | 0 | none | 1 | 147.74 | 170.888 | 0 | 1 | 1 | 0 | 0 | 0 | 0 | 1 | camera | target | -0.708244 | -0 | 0.705968 | -0.70824
SCRIPT       : DATA_LOG | 608078 | aRapBi1cCZPZAGLIDny3dk3hQ8vTmNTLHRl8zxmKgQ0= | 2511.12 | 365.301 | 6796.74 | -0.708244 | 0.705968 | 0 | none | 1 | 147.742 | 170.889 | 0 | 1 | 1 | 0 | 0 | 0 | 0 | 1 | camera | none | -0.708244 | -0 | 0.705968 | -0.708244
SCRIPT       : DATA_LOG | 609077 | aRapBi1cCZPZAGLIDny3dk3hQ8vTmNTLHRl8zxmKgQ0= | 2511.12 | 365.301 | 6796.74 | -0.708244 | 0.705968 | 0 | none | 1 | 147.74 | 170.887 | 0 | 1 | 1 | 0 | 0 | 0 | 0 | 1 | camera | target | -0.708244 | -0 | 0.705968 | -0.70824
SCRIPT       : DATA_LOG | 610076 | aRapBi1cCZPZAGLIDny3dk3hQ8vTmNTLHRl8zxmKgQ0= | 2511.12 | 365.301 | 6796.74 | -0.708244 | 0.705968 | 0 | none | 1 | 147.743 | 170.883 | 0 | 1 | 1 | 0 | 0 | 0 | 0 | 1 | camera | target | -0.708244 | -0 | 0.705968 | -0.7082
SCRIPT       : DATA_LOG | 611079 | aRapBi1cCZPZAGLIDny3dk3hQ8vTmNTLHRl8zxmKgQ0= | 2511.12 | 365.301 | 6796.74 | -0.708244 | 0.705968 | 0 | none | 1 | 147.745 | 170.883 | 0 | 1 | 1 | 0 | 0 | 0 | 0 | 1 | camera | target | -0.708244 | -0 | 0.705968 | -0.7082
SCRIPT       : DATA_LOG | 612080 | aRapBi1cCZPZAGLIDny3dk3hQ8vTmNTLHRl8zxmKgQ0= | 2511.12 | 365.301 | 6796.74 | -0.708244 | 0.705968 | 0 | none | 1 | 147.74 | 170.886 | 0 | 1 | 1 | 0 | 0 | 0 | 0 | 1 | camera | none | -0.708244 | -0 | 0.705968 | -0.708244 
SCRIPT       : DATA_LOG | 613081 | aRapBi1cCZPZAGLIDny3dk3hQ8vTmNTLHRl8zxmKgQ0= | 2511.12 | 365.301 | 6796.74 | -0.708244 | 0.705968 | 0 | none | 1 | 147.743 | 170.883 | 0 | 1 | 1 | 0 | 0 | 0 | 0 | 1 | camera | target | -0.708244 | -0 | 0.705968 | -0.7082
SCRIPT       : DATA_LOG | 614090 | aRapBi1cCZPZAGLIDny3dk3hQ8vTmNTLHRl8zxmKgQ0= | 2511.12 | 365.301 | 6796.74 | -0.708244 | 0.705968 | 0 | none | 1 | 147.74 | 170.888 | 0 | 1 | 1 | 0 | 0 | 0 | 0 | 1 | camera | target | -0.708244 | -0 | 0.705968 | -0.70824
SCRIPT       : DATA_LOG | 615082 | aRapBi1cCZPZAGLIDny3dk3hQ8vTmNTLHRl8zxmKgQ0= | 2511.12 | 365.301 | 6796.74 | -0.708244 | 0.705968 | 0 | none | 1 | 147.742 | 170.889 | 0 | 1 | 1 | 0 | 0 | 0 | 0 | 1 | camera | target | -0.708244 | -0 | 0.705968 | -0.7082
SCRIPT       : DATA_LOG | 616087 | aRapBi1cCZPZAGLIDny3dk3hQ8vTmNTLHRl8zxmKgQ0= | 2511.12 | 365.301 | 6796.74 | -0.708244 | 0.705968 | 0 | none | 1 | 147.741 | 170.888 | 0 | 1 | 1 | 0 | 0 | 0 | 0 | 1 | camera | target | -0.708244 | -0 | 0.705968 | -0.7082
SCRIPT       : DATA_LOG | 617083 | aRapBi1cCZPZAGLIDny3dk3hQ8vTmNTLHRl8zxmKgQ0= | 2511.12 | 365.301 | 6796.74 | -0.708244 | 0.705968 | 0 | none | 1 | 147.741 | 170.883 | 0 | 1 | 1 | 0 | 0 | 0 | 0 | 1 | camera | target | -0.708244 | -0 | 0.705968 | -0.7082
SCRIPT       : DATA_LOG | 618086 | aRapBi1cCZPZAGLIDny3dk3hQ8vTmNTLHRl8zxmKgQ0= | 2511.12 | 365.301 | 6796.74 | -0.708244 | 0.705968 | 0 | none | 1 | 147.746 | 170.883 | 0 | 1 | 1 | 0 | 0 | 0 | 0 | 1 | camera | target | -0.708244 | -0 | 0.705968 | -0.7082
SCRIPT       : DATA_LOG | 619099 | aRapBi1cCZPZAGLIDny3dk3hQ8vTmNTLHRl8zxmKgQ0= | 2511.12 | 365.301 | 6796.74 | -0.708244 | 0.705968 | 0 | none | 1 | 147.74 | 170.885 | 0 | 1 | 1 | 0 | 0 | 0 | 0 | 1 | camera | target | -0.708244 | -0 | 0.705968 | -0.70824
SCRIPT       : DATA_LOG | 620093 | aRapBi1cCZPZAGLIDny3dk3hQ8vTmNTLHRl8zxmKgQ0= | 2511.12 | 365.301 | 6796.74 | -0.708244 | 0.705968 | 0 | none | 1 | 147.743 | 170.883 | 0 | 1 | 1 | 0 | 0 | 0 | 0 | 1 | camera | target | -0.708244 | -0 | 0.705968 | -0.7082
SCRIPT       : DATA_LOG | 621088 | aRapBi1cCZPZAGLIDny3dk3hQ8vTmNTLHRl8zxmKgQ0= | 2511.12 | 365.301 | 6796.74 | -0.708244 | 0.705968 | 0 | none | 1 | 147.741 | 170.888 | 0 | 1 | 1 | 0 | 0 | 0 | 0 | 1 | camera | target | -0.708244 | -0 | 0.705968 | -0.7082
SCRIPT       : DATA_LOG | 622090 | aRapBi1cCZPZAGLIDny3dk3hQ8vTmNTLHRl8zxmKgQ0= | 2511.12 | 365.301 | 6796.74 | -0.708244 | 0.705968 | 0 | none | 1 | 147.741 | 170.89 | 0 | 1 | 1 | 0 | 0 | 0 | 0 | 1 | camera | target | -0.708244 | -0 | 0.705968 | -0.70824
SCRIPT       : DATA_LOG | 623093 | aRapBi1cCZPZAGLIDny3dk3hQ8vTmNTLHRl8zxmKgQ0= | 2511.12 | 365.301 | 6796.74 | -0.708244 | 0.705968 | 0 | none | 1 | 147.743 | 170.889 | 0 | 1 | 1 | 0 | 0 | 0 | 0 | 1 | camera | target | -0.708244 | -0 | 0.705968 | -0.7082
SCRIPT       : DATA_LOG | 624094 | aRapBi1cCZPZAGLIDny3dk3hQ8vTmNTLHRl8zxmKgQ0= | 2511.12 | 365.301 | 6796.74 | -0.708244 | 0.705968 | 0 | none | 1 | 147.74 | 170.884 | 0 | 1 | 1 | 0 | 0 | 0 | 0 | 1 | camera | target | -0.708244 | -0 | 0.705968 | -0.70824
SCRIPT       : DATA_LOG | 625093 | aRapBi1cCZPZAGLIDny3dk3hQ8vTmNTLHRl8zxmKgQ0= | 2511.12 | 365.301 | 6796.74 | -0.708244 | 0.705968 | 0 | none | 1 | 147.746 | 170.883 | 0 | 1 | 1 | 0 | 0 | 0 | 0 | 1 | camera | target | -0.708244 | -0 | 0.705968 | -0.7082
SCRIPT       : DATA_LOG | 626095 | aRapBi1cCZPZAGLIDny3dk3hQ8vTmNTLHRl8zxmKgQ0= | 2511.12 | 365.301 | 6796.74 | -0.708244 | 0.705968 | 0 | none | 1 | 147.741 | 170.885 | 0 | 1 | 1 | 0 | 0 | 0 | 0 | 1 | camera | target | -0.708244 | -0 | 0.705968 | -0.7082
SCRIPT       : DATA_LOG | 627100 | aRapBi1cCZPZAGLIDny3dk3hQ8vTmNTLHRl8zxmKgQ0= | 2511.12 | 365.301 | 6796.74 | -0.708244 | 0.705968 | 0 | none | 1 | 147.743 | 170.884 | 0 | 1 | 1 | 0 | 0 | 0 | 0 | 1 | camera | target | -0.708244 | -0 | 0.705968 | -0.7082
SCRIPT       : DATA_LOG | 628096 | aRapBi1cCZPZAGLIDny3dk3hQ8vTmNTLHRl8zxmKgQ0= | 2511.12 | 365.301 | 6796.74 | -0.708244 | 0.705968 | 0 | none | 1 | 147.741 | 170.888 | 0 | 1 | 1 | 0 | 0 | 0 | 0 | 1 | camera | target | -0.708244 | -0 | 0.705968 | -0.7082
SCRIPT       : DATA_LOG | 629097 | aRapBi1cCZPZAGLIDny3dk3hQ8vTmNTLHRl8zxmKgQ0= | 2511.12 | 365.301 | 6796.74 | -0.708244 | 0.705968 | 0 | none | 1 | 147.741 | 170.89 | 0 | 1 | 1 | 0 | 0 | 0 | 0 | 1 | camera | target | -0.708244 | -0 | 0.705968 | -0.70824
SCRIPT       : DATA_LOG | 630099 | aRapBi1cCZPZAGLIDny3dk3hQ8vTmNTLHRl8zxmKgQ0= | 2511.12 | 365.301 | 6796.74 | -0.708244 | 0.705968 | 0 | none | 1 | 147.744 | 170.889 | 0 | 1 | 1 | 0 | 0 | 0 | 0 | 1 | camera | target | -0.708244 | -0 | 0.705968 | -0.7082
SCRIPT       : DATA_LOG | 631100 | aRapBi1cCZPZAGLIDny3dk3hQ8vTmNTLHRl8zxmKgQ0= | 2511.12 | 365.301 | 6796.74 | -0.708244 | 0.705968 | 0 | none | 1 | 147.739 | 170.885 | 0 | 1 | 1 | 0 | 0 | 0 | 0 | 1 | camera | target | -0.708244 | -0 | 0.705968 | -0.7082
SCRIPT       : DATA_LOG | 632102 | aRapBi1cCZPZAGLIDny3dk3hQ8vTmNTLHRl8zxmKgQ0= | 2511.12 | 365.301 | 6796.74 | -0.708244 | 0.705968 | 0 | none | 1 | 147.746 | 170.882 | 0 | 1 | 1 | 0 | 0 | 0 | 0 | 1 | camera | target | -0.708244 | -0 | 0.705968 | -0.7082
SCRIPT       : DATA_LOG | 633102 | aRapBi1cCZPZAGLIDny3dk3hQ8vTmNTLHRl8zxmKgQ0= | 2511.12 | 365.301 | 6796.74 | -0.708244 | 0.705968 | 0 | none | 1 | 147.742 | 170.884 | 0 | 1 | 1 | 0 | 0 | 0 | 0 | 1 | camera | target | -0.708244 | -0 | 0.705968 | -0.7082
SCRIPT       : DATA_LOG | 634105 | aRapBi1cCZPZAGLIDny3dk3hQ8vTmNTLHRl8zxmKgQ0= | 2511.12 | 365.301 | 6796.74 | -0.708244 | 0.705968 | 0 | none | 1 | 147.742 | 170.885 | 0 | 1 | 1 | 0 | 0 | 0 | 0 | 1 | camera | target | -0.708244 | -0 | 0.705968 | -0.7082
SCRIPT       : DATA_LOG | 635105 | aRapBi1cCZPZAGLIDny3dk3hQ8vTmNTLHRl8zxmKgQ0= | 2511.12 | 365.301 | 6796.74 | -0.708244 | 0.705968 | 0 | none | 1 | 147.741 | 170.887 | 0 | 1 | 1 | 0 | 0 | 0 | 0 | 1 | camera | target | -0.708244 | -0 | 0.705968 | -0.7082
SCRIPT       : DATA_LOG | 636105 | aRapBi1cCZPZAGLIDny3dk3hQ8vTmNTLHRl8zxmKgQ0= | 2511.12 | 365.301 | 6796.74 | -0.708244 | 0.705968 | 0 | none | 1 | 147.74 | 170.89 | 0 | 1 | 1 | 0 | 0 | 0 | 0 | 1 | camera | target | -0.708244 | -0 | 0.705968 | -0.708244
SCRIPT       : DATA_LOG | 637117 | aRapBi1cCZPZAGLIDny3dk3hQ8vTmNTLHRl8zxmKgQ0= | 2511.12 | 365.301 | 6796.74 | -0.708244 | 0.705968 | 0 | none | 1 | 147.744 | 170.888 | 0 | 1 | 1 | 0 | 0 | 0 | 0 | 1 | camera | target | -0.708244 | 0 | 0.705968 | -0.70824
SCRIPT       : DATA_LOG | 638111 | aRapBi1cCZPZAGLIDny3dk3hQ8vTmNTLHRl8zxmKgQ0= | 2511.12 | 365.301 | 6796.74 | -0.708244 | 0.705968 | 0 | none | 1 | 147.739 | 170.885 | 0 | 1 | 1 | 0 | 0 | 0 | 0 | 1 | camera | target | -0.708244 | 0 | 0.705968 | -0.70824
SCRIPT       : DATA_LOG | 639112 | aRapBi1cCZPZAGLIDny3dk3hQ8vTmNTLHRl8zxmKgQ0= | 2511.12 | 365.301 | 6796.74 | -0.708244 | 0.705968 | 0 | none | 1 | 147.746 | 170.882 | 0 | 1 | 1 | 0 | 0 | 0 | 0 | 1 | camera | target | -0.708244 | 0 | 0.705968 | -0.70824
SCRIPT       : DATA_LOG | 640108 | aRapBi1cCZPZAGLIDny3dk3hQ8vTmNTLHRl8zxmKgQ0= | 2511.12 | 365.301 | 6796.74 | -0.708244 | 0.705968 | 0 | none | 1 | 147.742 | 170.884 | 0 | 1 | 1 | 0 | 0 | 0 | 0 | 1 | camera | target | -0.708244 | 0 | 0.705968 | -0.70824
SCRIPT       : DATA_LOG | 641127 | aRapBi1cCZPZAGLIDny3dk3hQ8vTmNTLHRl8zxmKgQ0= | 2511.12 | 365.301 | 6796.74 | -0.708244 | 0.705968 | 0 | none | 1 | 147.742 | 170.885 | 0 | 1 | 1 | 0 | 0 | 0 | 0 | 1 | camera | target | -0.708244 | 0 | 0.705968 | -0.70824
SCRIPT       : DATA_LOG | 642114 | aRapBi1cCZPZAGLIDny3dk3hQ8vTmNTLHRl8zxmKgQ0= | 2511.12 | 365.301 | 6796.74 | -0.708244 | 0.705968 | 0 | none | 1 | 147.742 | 170.886 | 0 | 1 | 1 | 0 | 0 | 0 | 0 | 1 | camera | target | -0.708244 | 0 | 0.705968 | -0.70824
SCRIPT       : DATA_LOG | 643116 | aRapBi1cCZPZAGLIDny3dk3hQ8vTmNTLHRl8zxmKgQ0= | 2511.12 | 365.301 | 6796.74 | -0.708244 | 0.705968 | 0 | none | 1 | 147.74 | 170.889 | 0 | 1 | 1 | 0 | 0 | 0 | 0 | 1 | camera | target | -0.708244 | 0 | 0.705968 | -0.708244
SCRIPT       : DATA_LOG | 644115 | aRapBi1cCZPZAGLIDny3dk3hQ8vTmNTLHRl8zxmKgQ0= | 2511.12 | 365.301 | 6796.74 | -0.708244 | 0.705968 | 0 | none | 1 | 147.743 | 170.888 | 0 | 1 | 1 | 0 | 0 | 0 | 0 | 1 | camera | target | -0.708244 | 0 | 0.705968 | -0.70824
SCRIPT       : DATA_LOG | 645114 | aRapBi1cCZPZAGLIDny3dk3hQ8vTmNTLHRl8zxmKgQ0= | 2511.12 | 365.301 | 6796.74 | -0.708244 | 0.705968 | 0 | none | 1 | 147.739 | 170.886 | 0 | 1 | 1 | 0 | 0 | 0 | 0 | 1 | camera | target | -0.708244 | 0 | 0.705968 | -0.70824
SCRIPT       : DATA_LOG | 646119 | aRapBi1cCZPZAGLIDny3dk3hQ8vTmNTLHRl8zxmKgQ0= | 2511.12 | 365.301 | 6796.74 | -0.708244 | 0.705968 | 0 | none | 1 | 147.745 | 170.882 | 0 | 1 | 1 | 0 | 0 | 0 | 0 | 1 | camera | target | -0.708244 | 0 | 0.705968 | -0.70824
SCRIPT       : DATA_LOG | 647117 | aRapBi1cCZPZAGLIDny3dk3hQ8vTmNTLHRl8zxmKgQ0= | 2511.12 | 365.301 | 6796.74 | -0.708244 | 0.705968 | 0 | none | 1 | 147.744 | 170.884 | 0 | 1 | 1 | 0 | 0 | 0 | 0 | 1 | camera | target | -0.708244 | 0 | 0.705968 | -0.70824
SCRIPT       : DATA_LOG | 648123 | aRapBi1cCZPZAGLIDny3dk3hQ8vTmNTLHRl8zxmKgQ0= | 2511.12 | 365.301 | 6796.74 | -0.708244 | 0.705968 | 0 | none | 1 | 147.741 | 170.886 | 0 | 1 | 1 | 0 | 0 | 0 | 0 | 1 | camera | target | -0.708244 | 0 | 0.705968 | -0.70824
SCRIPT       : DATA_LOG | 649123 | aRapBi1cCZPZAGLIDny3dk3hQ8vTmNTLHRl8zxmKgQ0= | 2511.12 | 365.301 | 6796.74 | -0.708244 | 0.705968 | 0 | none | 1 | 147.742 | 170.885 | 0 | 1 | 1 | 0 | 0 | 0 | 0 | 1 | camera | target | -0.708244 | 0 | 0.705968 | -0.70824
SCRIPT       : DATA_LOG | 650119 | aRapBi1cCZPZAGLIDny3dk3hQ8vTmNTLHRl8zxmKgQ0= | 2511.12 | 365.301 | 6796.74 | -0.9993 | -0.0374219 | 0 | none | 1 | 165.207 | 170.889 | 0 | 1 | 1 | 0 | 0 | 0 | 0 | 1 | camera | target | -0.9993 | 0 | -0.0374219 | -0.9993 
SCRIPT       : DATA_LOG | 651125 | aRapBi1cCZPZAGLIDny3dk3hQ8vTmNTLHRl8zxmKgQ0= | 2511.12 | 365.301 | 6796.74 | -0.9993 | -0.0374219 | 0 | none | 1 | 165.204 | 170.889 | 0 | 1 | 1 | 0 | 0 | 0 | 0 | 1 | camera | target | -0.9993 | 0 | -0.0374219 | -0.9993 
SCRIPT       : DATA_LOG | 652121 | aRapBi1cCZPZAGLIDny3dk3hQ8vTmNTLHRl8zxmKgQ0= | 2511.12 | 365.301 | 6796.74 | -0.9993 | -0.0374219 | 0 | none | 1 | 165.207 | 170.887 | 0 | 1 | 1 | 0 | 0 | 0 | 0 | 1 | camera | target | -0.9993 | 0 | -0.0374219 | -0.9993 
SCRIPT       : DATA_LOG | 653123 | aRapBi1cCZPZAGLIDny3dk3hQ8vTmNTLHRl8zxmKgQ0= | 2511.12 | 365.301 | 6796.74 | -0.9993 | -0.0374219 | 0 | none | 1 | 165.204 | 170.882 | 0 | 1 | 1 | 0 | 0 | 0 | 0 | 1 | camera | target | -0.9993 | 0 | -0.0374219 | -0.9993 
SCRIPT       : DATA_LOG | 654126 | aRapBi1cCZPZAGLIDny3dk3hQ8vTmNTLHRl8zxmKgQ0= | 2511.12 | 365.301 | 6796.74 | -0.9993 | -0.0374219 | 0 | none | 1 | 165.202 | 170.883 | 0 | 1 | 1 | 0 | 0 | 0 | 0 | 1 | camera | target | -0.9993 | 0 | -0.0374219 | -0.9993 
SCRIPT       : DATA_LOG | 655128 | aRapBi1cCZPZAGLIDny3dk3hQ8vTmNTLHRl8zxmKgQ0= | 2511.12 | 365.301 | 6796.74 | -0.9993 | -0.0374219 | 0 | none | 1 | 165.207 | 170.886 | 0 | 1 | 1 | 0 | 0 | 0 | 0 | 1 | camera | none | -0.9993 | 0 | -0.0374219 | -0.9993 | 
SCRIPT       : DATA_LOG | 656139 | aRapBi1cCZPZAGLIDny3dk3hQ8vTmNTLHRl8zxmKgQ0= | 2511.12 | 365.301 | 6796.74 | -0.9993 | -0.0374219 | 0 | none | 1 | 165.204 | 170.884 | 0 | 1 | 1 | 0 | 0 | 0 | 0 | 1 | camera | target | -0.9993 | 0 | -0.0374219 | -0.9993 
SCRIPT       : DATA_LOG | 657128 | aRapBi1cCZPZAGLIDny3dk3hQ8vTmNTLHRl8zxmKgQ0= | 2511.12 | 365.301 | 6796.74 | -0.9993 | -0.0374219 | 0 | none | 1 | 165.207 | 170.888 | 0 | 1 | 1 | 0 | 0 | 0 | 0 | 1 | camera | target | -0.9993 | 0 | -0.0374219 | -0.9993 
SCRIPT       : DATA_LOG | 658129 | aRapBi1cCZPZAGLIDny3dk3hQ8vTmNTLHRl8zxmKgQ0= | 2511.12 | 365.301 | 6796.74 | -0.9993 | -0.0374219 | 0 | none | 1 | 165.205 | 170.889 | 0 | 1 | 1 | 0 | 0 | 0 | 0 | 1 | camera | target | -0.9993 | 0 | -0.0374219 | -0.9993 
SCRIPT       : DATA_LOG | 659145 | aRapBi1cCZPZAGLIDny3dk3hQ8vTmNTLHRl8zxmKgQ0= | 2510.91 | 365.305 | 6796.77 | -0.971078 | 0.238764 | 0 | none | 0 | 178.827 | 171.106 | 0 | 1 | 1 | 0 | 0 | 0 | 0 | 1 | camera | KukriKnife | -0.971078 | 0 | 0.238764 | -0.9
SCRIPT       : DATA_LOG | 660134 | aRapBi1cCZPZAGLIDny3dk3hQ8vTmNTLHRl8zxmKgQ0= | 2510.33 | 365.318 | 6796.94 | -0.95837 | 0.285529 | 0 | none | 0 | 176.066 | 171.706 | 0 | 1 | 1 | 0 | 0 | 0 | 0 | 1 | camera | KukriKnife | -0.95837 | -0 | 0.285529 | -0.95
SCRIPT       : DATA_LOG | 661143 | aRapBi1cCZPZAGLIDny3dk3hQ8vTmNTLHRl8zxmKgQ0= | 2510.33 | 365.318 | 6796.94 | -0.95837 | 0.285529 | 0 | none | 0 | 176.07 | 171.706 | 0 | 1 | 1 | 0 | 0 | 0 | 0 | 1 | camera | KukriKnife | -0.95837 | -0 | 0.285529 | -0.958
SCRIPT       : DATA_LOG | 662144 | aRapBi1cCZPZAGLIDny3dk3hQ8vTmNTLHRl8zxmKgQ0= | 2510.33 | 365.318 | 6796.94 | -0.95837 | 0.285529 | 0 | none | 0 | 176.065 | 171.708 | 0 | 1 | 1 | 0 | 0 | 0 | 0 | 1 | camera | KukriKnife | -0.95837 | -0 | 0.285529 | -0.95
SCRIPT       : DATA_LOG | 663137 | aRapBi1cCZPZAGLIDny3dk3hQ8vTmNTLHRl8zxmKgQ0= | 2510.33 | 365.318 | 6796.94 | -0.95837 | 0.285529 | 0 | none | 0 | 176.067 | 171.706 | 0 | 1 | 1 | 0 | 0 | 0 | 0 | 1 | camera | KukriKnife | -0.95837 | -0 | 0.285529 | -0.95
SCRIPT       : DATA_LOG | 664150 | aRapBi1cCZPZAGLIDny3dk3hQ8vTmNTLHRl8zxmKgQ0= | 2510.33 | 365.318 | 6796.94 | -0.95837 | 0.285529 | 0 | none | 0 | 176.065 | 171.711 | 0 | 1 | 1 | 0 | 0 | 0 | 0 | 1 | camera | KukriKnife | -0.95837 | -0 | 0.285529 | -0.95
SCRIPT       : DATA_LOG | 665159 | aRapBi1cCZPZAGLIDny3dk3hQ8vTmNTLHRl8zxmKgQ0= | 2510.33 | 365.318 | 6796.94 | -0.95837 | 0.285529 | 0 | none | 0 | 176.066 | 171.712 | 0 | 1 | 1 | 0 | 0 | 0 | 0 | 1 | camera | KukriKnife | -0.95837 | -0 | 0.285529 | -0.95
SCRIPT       : DATA_LOG | 666168 | aRapBi1cCZPZAGLIDny3dk3hQ8vTmNTLHRl8zxmKgQ0= | 2510.33 | 365.318 | 6796.94 | -0.95837 | 0.285529 | 0 | none | 0 | 176.067 | 171.712 | 0 | 1 | 1 | 0 | 0 | 0 | 0 | 1 | camera | KukriKnife | -0.95837 | -0 | 0.285529 | -0.95
SCRIPT       : DATA_LOG | 667159 | aRapBi1cCZPZAGLIDny3dk3hQ8vTmNTLHRl8zxmKgQ0= | 2510.33 | 365.318 | 6796.94 | -0.95837 | 0.285529 | 0 | none | 0 | 176.065 | 171.707 | 0 | 1 | 1 | 0 | 0 | 0 | 0 | 1 | camera | KukriKnife | -0.95837 | -0 | 0.285529 | -0.95
SCRIPT       : DATA_LOG | 668156 | aRapBi1cCZPZAGLIDny3dk3hQ8vTmNTLHRl8zxmKgQ0= | 2510.33 | 365.318 | 6796.94 | -0.95837 | 0.285529 | 0 | none | 0 | 176.071 | 171.705 | 0 | 1 | 1 | 0 | 0 | 0 | 0 | 1 | camera | KukriKnife | -0.95837 | -0 | 0.285529 | -0.95
SCRIPT       : DATA_LOG | 669167 | aRapBi1cCZPZAGLIDny3dk3hQ8vTmNTLHRl8zxmKgQ0= | 2510.33 | 365.318 | 6796.94 | -0.95837 | 0.285529 | 0 | none | 0 | 176.065 | 171.708 | 0 | 1 | 1 | 0 | 0 | 0 | 0 | 1 | camera | KukriKnife | -0.95837 | -0 | 0.285529 | -0.95
SCRIPT       : DATA_LOG | 670155 | aRapBi1cCZPZAGLIDny3dk3hQ8vTmNTLHRl8zxmKgQ0= | 2510.33 | 365.318 | 6796.94 | -0.95837 | 0.285529 | 0 | none | 0 | 176.067 | 171.706 | 0 | 1 | 1 | 0 | 0 | 0 | 0 | 1 | camera | KukriKnife | -0.95837 | -0 | 0.285529 | -0.95
SCRIPT       : DATA_LOG | 671152 | aRapBi1cCZPZAGLIDny3dk3hQ8vTmNTLHRl8zxmKgQ0= | 2510.33 | 365.318 | 6796.94 | -0.95837 | 0.285529 | 0 | none | 0 | 176.065 | 171.711 | 0 | 1 | 1 | 0 | 0 | 0 | 0 | 1 | camera | KukriKnife | -0.95837 | -0 | 0.285529 | -0.95
SCRIPT       : DATA_LOG | 672152 | aRapBi1cCZPZAGLIDny3dk3hQ8vTmNTLHRl8zxmKgQ0= | 2510.33 | 365.318 | 6796.94 | -0.95837 | 0.285529 | 0 | none | 0 | 176.065 | 171.712 | 0 | 1 | 1 | 0 | 0 | 0 | 0 | 1 | camera | KukriKnife | -0.95837 | -0 | 0.285529 | -0.95
SCRIPT       : DATA_LOG | 673157 | aRapBi1cCZPZAGLIDny3dk3hQ8vTmNTLHRl8zxmKgQ0= | 2510.33 | 365.318 | 6796.94 | -0.95837 | 0.285529 | 0 | none | 0 | 176.068 | 171.711 | 0 | 1 | 1 | 0 | 0 | 0 | 0 | 1 | camera | KukriKnife | -0.95837 | -0 | 0.285529 | -0.95
SCRIPT       : DATA_LOG | 674150 | aRapBi1cCZPZAGLIDny3dk3hQ8vTmNTLHRl8zxmKgQ0= | 2510.33 | 365.318 | 6796.94 | -0.95837 | 0.285529 | 0 | none | 0 | 176.064 | 171.707 | 0 | 1 | 1 | 0 | 0 | 0 | 0 | 1 | camera | KukriKnife | -0.95837 | -0 | 0.285529 | -0.95
SCRIPT       : DATA_LOG | 675153 | aRapBi1cCZPZAGLIDny3dk3hQ8vTmNTLHRl8zxmKgQ0= | 2510.33 | 365.318 | 6796.94 | -0.95837 | 0.285529 | 0 | none | 0 | 176.071 | 171.705 | 0 | 1 | 1 | 0 | 0 | 0 | 0 | 1 | camera | KukriKnife | -0.95837 | -0 | 0.285529 | -0.95
SCRIPT       : DATA_LOG | 676163 | aRapBi1cCZPZAGLIDny3dk3hQ8vTmNTLHRl8zxmKgQ0= | 2510.33 | 365.318 | 6796.94 | -0.95837 | 0.285529 | 0 | none | 0 | 176.065 | 171.707 | 0 | 1 | 1 | 0 | 0 | 0 | 0 | 1 | camera | KukriKnife | -0.95837 | -0 | 0.285529 | -0.95
SCRIPT       : DATA_LOG | 677156 | aRapBi1cCZPZAGLIDny3dk3hQ8vTmNTLHRl8zxmKgQ0= | 2510.33 | 365.318 | 6796.94 | -0.95837 | 0.285529 | 0 | none | 0 | 176.067 | 171.707 | 0 | 1 | 1 | 0 | 0 | 0 | 0 | 1 | camera | KukriKnife | -0.95837 | -0 | 0.285529 | -0.95
SCRIPT       : DATA_LOG | 678154 | aRapBi1cCZPZAGLIDny3dk3hQ8vTmNTLHRl8zxmKgQ0= | 2510.33 | 365.318 | 6796.94 | -0.95837 | 0.285529 | 0 | none | 0 | 176.066 | 171.71 | 0 | 1 | 1 | 0 | 0 | 0 | 0 | 1 | camera | KukriKnife | -0.95837 | -0 | 0.285529 | -0.958
SCRIPT       : DATA_LOG | 679159 | aRapBi1cCZPZAGLIDny3dk3hQ8vTmNTLHRl8zxmKgQ0= | 2508.71 | 365.305 | 6796.42 | -0.955389 | 0.295349 | 0 | none | 1 | 175.191 | 173.177 | 0 | 1 | 1 | 0 | 0 | 0 | 0 | 1 | camera | target | -0.955389 | 0 | 0.295349 | -0.95538
SCRIPT       : DATA_LOG | 680157 | aRapBi1cCZPZAGLIDny3dk3hQ8vTmNTLHRl8zxmKgQ0= | 2505.14 | 365.34 | 6796.66 | -0.999927 | 0.012102 | 0 | SVD_Wooden | 1 | 168.491 | 176.718 | 0 | 1 | 1 | 0 | 0 | 0 | 0 | 1 | camera | target | -0.999927 | 0 | 0.012102 | -0.
SCRIPT       : DATA_LOG | 681157 | aRapBi1cCZPZAGLIDny3dk3hQ8vTmNTLHRl8zxmKgQ0= | 2503.75 | 365.292 | 6795.23 | 0.998894 | -0.0470258 | 0 | SVD_Wooden | 1 | 8.95875 | 177.775 | 0 | 1 | 1 | 0 | 0 | 0 | 0 | 1 | camera | target | 0.998894 | 0 | -0.0470258 | 
SCRIPT       : DATA_LOG | 682158 | aRapBi1cCZPZAGLIDny3dk3hQ8vTmNTLHRl8zxmKgQ0= | 2502.75 | 365.304 | 6795.24 | 0.998176 | -0.060366 | 0 | SVD_Wooden | 1 | 8.1374 | 178.753 | 0 | 1 | 1 | 0 | 0 | 0 | 0 | 1 | camera | target | 0.998176 | 0 | -0.060366 | 0.9
SCRIPT       : DATA_LOG | 683163 | aRapBi1cCZPZAGLIDny3dk3hQ8vTmNTLHRl8zxmKgQ0= | 2499.75 | 365.349 | 6795.41 | 0.998159 | -0.060652 | 0 | SVD_Wooden | 1 | 7.98131 | 181.732 | 0 | 1 | 1 | 0 | 0 | 0 | 0 | 1 | camera | none | 0.998159 | 0 | -0.060652 | 0.99
SCRIPT       : DATA_LOG | 684158 | aRapBi1cCZPZAGLIDny3dk3hQ8vTmNTLHRl8zxmKgQ0= | 2497.01 | 365.418 | 6796.06 | 0.994418 | -0.105512 | 0 | SVD_Wooden | 1 | 5.43145 | 184.549 | 0 | 1 | 1 | 0 | 0 | 0 | 0 | 1 | camera | none | 0.994418 | 0 | -0.105512 | 0.99
SCRIPT       : DATA_LOG | 685168 | aRapBi1cCZPZAGLIDny3dk3hQ8vTmNTLHRl8zxmKgQ0= | 2497.14 | 365.49 | 6797.59 | 0.992468 | -0.122508 | 0 | SVD_Wooden | 1 | 4.9239 | 184.727 | 0 | 1 | 1 | 1 | 0 | 0 | 0 | 1 | camera | none | 0.992468 | 0 | -0.122508 | 0.9924
SCRIPT       : DATA_LOG | 686163 | aRapBi1cCZPZAGLIDny3dk3hQ8vTmNTLHRl8zxmKgQ0= | 2497.14 | 365.49 | 6797.59 | 0.992468 | -0.122508 | 0 | SVD_Wooden | 1 | 4.92247 | 184.73 | 0 | 1 | 1 | 1 | 0 | 0 | 0 | 1 | camera | none | 0.992468 | 0 | -0.122508 | 0.9924
SCRIPT       : DATA_LOG | 687164 | aRapBi1cCZPZAGLIDny3dk3hQ8vTmNTLHRl8zxmKgQ0= | 2497.14 | 365.49 | 6797.59 | 0.992468 | -0.122508 | 0 | SVD_Wooden | 1 | 4.92549 | 184.728 | 0 | 1 | 1 | 1 | 0 | 0 | 0 | 1 | camera | none | 0.992468 | 0 | -0.122508 | 0.992
SCRIPT       : DATA_LOG | 688165 | aRapBi1cCZPZAGLIDny3dk3hQ8vTmNTLHRl8zxmKgQ0= | 2497.29 | 365.544 | 6798.75 | 0.992438 | -0.122745 | 0 | SVD_Wooden | 1 | 5.26846 | 184.829 | 0 | 1 | 1 | 0 | 0 | 0 | 0 | 1 | camera | target | 0.992438 | 0 | -0.122745 | 0.
SCRIPT       : DATA_LOG | 689168 | aRapBi1cCZPZAGLIDny3dk3hQ8vTmNTLHRl8zxmKgQ0= | 2497.19 | 365.698 | 6801.83 | 0.851388 | -0.524536 | 0 | SVD_Wooden | 1 | 18.3942 | 185.604 | 0 | 1 | 1 | 0 | 0 | 0 | 0 | 1 | camera | target | 0.851388 | 0 | -0.524536 | 0.
SCRIPT       : DATA_LOG | 690175 | aRapBi1cCZPZAGLIDny3dk3hQ8vTmNTLHRl8zxmKgQ0= | 2497.22 | 365.705 | 6801.97 | 0.851388 | -0.524536 | 0 | SVD_Wooden | 1 | 18.3504 | 185.609 | 0 | 1 | 1 | 0 | 0 | 0 | 0 | 1 | camera | target | 0.851388 | 0 | -0.524536 | 0.
SCRIPT       : DATA_LOG | 691178 | aRapBi1cCZPZAGLIDny3dk3hQ8vTmNTLHRl8zxmKgQ0= | 2497.22 | 365.705 | 6801.97 | 0.851388 | -0.524536 | 0 | SVD_Wooden | 1 | 18.3527 | 185.611 | 0 | 1 | 1 | 0 | 0 | 0 | 0 | 1 | camera | target | 0.851388 | 0 | -0.524536 | 0.
SCRIPT       : DATA_LOG | 692167 | aRapBi1cCZPZAGLIDny3dk3hQ8vTmNTLHRl8zxmKgQ0= | 2497.22 | 365.705 | 6801.97 | 0.851388 | -0.524536 | 0 | SVD_Wooden | 1 | 18.3518 | 185.61 | 0 | 1 | 1 | 0 | 0 | 0 | 0 | 1 | camera | target | 0.851388 | 0 | -0.524536 | 0.8
SCRIPT       : DATA_LOG | 693172 | aRapBi1cCZPZAGLIDny3dk3hQ8vTmNTLHRl8zxmKgQ0= | 2497.22 | 365.705 | 6801.97 | 0.851388 | -0.524536 | 0 | SVD_Wooden | 1 | 18.3536 | 185.614 | 0 | 1 | 1 | 0 | 0 | 0 | 0 | 1 | camera | target | 0.851388 | 0 | -0.524536 | 0.
SCRIPT       : DATA_LOG | 694180 | aRapBi1cCZPZAGLIDny3dk3hQ8vTmNTLHRl8zxmKgQ0= | 2497.22 | 365.705 | 6801.97 | 0.851388 | -0.524536 | 0 | SVD_Wooden | 1 | 18.3511 | 185.614 | 0 | 1 | 1 | 0 | 0 | 0 | 0 | 1 | camera | target | 0.851388 | 0 | -0.524536 | 0.
SCRIPT       : DATA_LOG | 695176 | aRapBi1cCZPZAGLIDny3dk3hQ8vTmNTLHRl8zxmKgQ0= | 2497.22 | 365.705 | 6801.97 | 0.851388 | -0.524536 | 0 | SVD_Wooden | 1 | 18.3537 | 185.612 | 0 | 1 | 1 | 0 | 0 | 0 | 0 | 1 | camera | none | 0.851388 | 0 | -0.524536 | 0.85
SCRIPT       : DATA_LOG | 696172 | aRapBi1cCZPZAGLIDny3dk3hQ8vTmNTLHRl8zxmKgQ0= | 2497.22 | 365.705 | 6801.97 | 0.851388 | -0.524536 | 0 | SVD_Wooden | 1 | 18.3505 | 185.608 | 0 | 1 | 1 | 0 | 0 | 0 | 0 | 1 | camera | none | 0.851388 | 0 | -0.524536 | 0.85
SCRIPT       : DATA_LOG | 697173 | aRapBi1cCZPZAGLIDny3dk3hQ8vTmNTLHRl8zxmKgQ0= | 2497.22 | 365.705 | 6801.97 | 0.851388 | -0.524536 | 0 | SVD_Wooden | 1 | 18.3497 | 185.609 | 0 | 1 | 1 | 0 | 0 | 0 | 0 | 1 | camera | none | 0.851388 | 0 | -0.524536 | 0.85
SCRIPT       : DATA_LOG | 698180 | aRapBi1cCZPZAGLIDny3dk3hQ8vTmNTLHRl8zxmKgQ0= | 2497.22 | 365.705 | 6801.97 | 0.851388 | -0.524536 | 0 | SVD_Wooden | 1 | 18.3533 | 185.611 | 0 | 1 | 1 | 0 | 0 | 0 | 0 | 1 | camera | none | 0.851388 | 0 | -0.524536 | 0.85
SCRIPT       : DATA_LOG | 699176 | aRapBi1cCZPZAGLIDny3dk3hQ8vTmNTLHRl8zxmKgQ0= | 2497.22 | 365.705 | 6801.97 | 0.851388 | -0.524536 | 0 | SVD_Wooden | 1 | 18.3514 | 185.609 | 0 | 1 | 1 | 0 | 0 | 0 | 0 | 1 | camera | target | 0.851388 | 0 | -0.524536 | 0.
SCRIPT       : DATA_LOG | 700182 | aRapBi1cCZPZAGLIDny3dk3hQ8vTmNTLHRl8zxmKgQ0= | 2497.22 | 365.705 | 6801.97 | 0.851388 | -0.524536 | 0 | SVD_Wooden | 1 | 18.3537 | 185.614 | 0 | 1 | 1 | 0 | 0 | 0 | 0 | 1 | camera | target | 0.851388 | 0 | -0.524536 | 0.
SCRIPT       : DATA_LOG | 701177 | aRapBi1cCZPZAGLIDny3dk3hQ8vTmNTLHRl8zxmKgQ0= | 2497.22 | 365.705 | 6801.97 | 0.851388 | -0.524536 | 0 | SVD_Wooden | 1 | 18.3517 | 185.614 | 0 | 1 | 1 | 0 | 0 | 0 | 0 | 1 | camera | target | 0.851388 | 0 | -0.524536 | 0.
SCRIPT       : DATA_LOG | 702179 | aRapBi1cCZPZAGLIDny3dk3hQ8vTmNTLHRl8zxmKgQ0= | 2497.22 | 365.705 | 6801.97 | 0.851388 | -0.524536 | 0 | SVD_Wooden | 1 | 18.3532 | 185.613 | 0 | 1 | 1 | 0 | 0 | 0 | 0 | 1 | camera | target | 0.851388 | 0 | -0.524536 | 0.
SCRIPT       : DATA_LOG | 703180 | aRapBi1cCZPZAGLIDny3dk3hQ8vTmNTLHRl8zxmKgQ0= | 2497.22 | 365.705 | 6801.97 | 0.851388 | -0.524536 | 0 | SVD_Wooden | 1 | 18.3516 | 185.608 | 0 | 1 | 1 | 0 | 0 | 0 | 0 | 1 | camera | target | 0.851388 | 0 | -0.524536 | 0.
SCRIPT       : DATA_LOG | 704190 | aRapBi1cCZPZAGLIDny3dk3hQ8vTmNTLHRl8zxmKgQ0= | 2497.22 | 365.705 | 6801.97 | 0.851388 | -0.524536 | 0 | SVD_Wooden | 1 | 18.3487 | 185.609 | 0 | 1 | 1 | 0 | 0 | 0 | 0 | 1 | camera | target | 0.851388 | 0 | -0.524536 | 0.
SCRIPT       : DATA_LOG | 705185 | aRapBi1cCZPZAGLIDny3dk3hQ8vTmNTLHRl8zxmKgQ0= | 2497.22 | 365.705 | 6801.97 | 0.851388 | -0.524536 | 0 | none | 1 | 18.3537 | 185.611 | 0 | 1 | 1 | 0 | 0 | 0 | 0 | 1 | camera | target | 0.851388 | 0 | -0.524536 | 0.851388
SCRIPT       : DATA_LOG | 706182 | aRapBi1cCZPZAGLIDny3dk3hQ8vTmNTLHRl8zxmKgQ0= | 2496.96 | 365.658 | 6800.92 | 0.99535 | -0.0963223 | 0 | none | 1 | 7.42938 | 185.622 | 0 | 1 | 1 | 0 | 0 | 0 | 0 | 1 | camera | target | 0.99535 | 0 | -0.0963223 | 0.99535 
SCRIPT       : DATA_LOG | 707184 | aRapBi1cCZPZAGLIDny3dk3hQ8vTmNTLHRl8zxmKgQ0= | 2496.92 | 365.626 | 6800.24 | 0.998688 | -0.0512013 | 0 | none | 1 | 9.81185 | 185.519 | 0 | 1 | 1 | 0 | 0 | 0 | 0 | 1 | camera | target | 0.998688 | 0 | -0.0512013 | 0.9986
SCRIPT       : DATA_LOG | 708191 | aRapBi1cCZPZAGLIDny3dk3hQ8vTmNTLHRl8zxmKgQ0= | 2497.77 | 365.748 | 6803.23 | 0.999933 | 0.0116185 | 0 | none | 1 | 14.3723 | 185.368 | 0 | 1 | 1 | 0 | 0 | 0 | 0 | 1 | camera | target | 0.999933 | 0 | 0.0116185 | 0.999933
SCRIPT       : DATA_LOG | 709191 | aRapBi1cCZPZAGLIDny3dk3hQ8vTmNTLHRl8zxmKgQ0= | 2501.45 | 365.752 | 6804.9 | 0.809213 | 0.587516 | 0 | none | 1 | 50.4705 | 182.214 | 0 | 1 | 1 | 0 | 0 | 0 | 0 | 1 | camera | target | 0.809213 | 0 | 0.587516 | 0.809213 | 
SCRIPT       : DATA_LOG | 710193 | aRapBi1cCZPZAGLIDny3dk3hQ8vTmNTLHRl8zxmKgQ0= | 2503.02 | 365.808 | 6807.41 | 0.879597 | -0.475719 | 0 | none | 1 | 13.0287 | 181.335 | 0 | 1 | 1 | 0 | 0 | 0 | 0 | 1 | camera | target | 0.879597 | 0 | -0.475719 | 0.879597
SCRIPT       : DATA_LOG | 711192 | aRapBi1cCZPZAGLIDny3dk3hQ8vTmNTLHRl8zxmKgQ0= | 2503.02 | 365.808 | 6807.41 | 0.879597 | -0.475719 | 0 | none | 1 | 13.0237 | 181.335 | 0 | 1 | 1 | 0 | 0 | 0 | 0 | 1 | camera | target | 0.879597 | 0 | -0.475719 | 0.879597
SCRIPT       : DATA_LOG | 712202 | aRapBi1cCZPZAGLIDny3dk3hQ8vTmNTLHRl8zxmKgQ0= | 2503.02 | 365.808 | 6807.41 | 0.879597 | -0.475719 | 0 | none | 1 | 13.0293 | 181.336 | 0 | 1 | 1 | 0 | 0 | 0 | 0 | 1 | camera | target | 0.879597 | 0 | -0.475719 | 0.879597
SCRIPT       : DATA_LOG | 713197 | aRapBi1cCZPZAGLIDny3dk3hQ8vTmNTLHRl8zxmKgQ0= | 2503.02 | 365.808 | 6807.41 | 0.879597 | -0.475719 | 0 | none | 1 | 13.0267 | 181.335 | 0 | 1 | 1 | 0 | 0 | 0 | 0 | 1 | camera | none | 0.879597 | 0 | -0.475719 | 0.879597 |
SCRIPT       : DATA_LOG | 714210 | aRapBi1cCZPZAGLIDny3dk3hQ8vTmNTLHRl8zxmKgQ0= | 2505.1 | 365.743 | 6806.67 | 0.779245 | 0.626719 | 0 | none | 1 | 54.1381 | 179.138 | 0 | 1 | 1 | 0 | 0 | 0 | 0 | 1 | camera | target | 0.779245 | 0 | 0.626719 | 0.779245 | 
SCRIPT       : DATA_LOG | 715192 | aRapBi1cCZPZAGLIDny3dk3hQ8vTmNTLHRl8zxmKgQ0= | 2505.1 | 365.743 | 6806.67 | 0.779245 | 0.626719 | 0 | none | 1 | 54.1386 | 179.139 | 0 | 1 | 1 | 0 | 0 | 0 | 0 | 1 | camera | target | 0.779245 | 0 | 0.626719 | 0.779245 | 
SCRIPT       : DATA_LOG | 716194 | aRapBi1cCZPZAGLIDny3dk3hQ8vTmNTLHRl8zxmKgQ0= | 2505.1 | 365.743 | 6806.67 | 0.779245 | 0.626719 | 0 | none | 1 | 54.1406 | 179.139 | 0 | 1 | 1 | 0 | 0 | 0 | 0 | 1 | camera | target | 0.779245 | 0 | 0.626719 | 0.779245 | 
SCRIPT       : DATA_LOG | 717196 | aRapBi1cCZPZAGLIDny3dk3hQ8vTmNTLHRl8zxmKgQ0= | 2505.1 | 365.743 | 6806.67 | 0.779245 | 0.626719 | 0 | none | 1 | 54.1373 | 179.134 | 0 | 1 | 1 | 0 | 0 | 0 | 0 | 1 | camera | target | 0.779245 | 0 | 0.626719 | 0.779245 | 
SCRIPT       : DATA_LOG | 718198 | aRapBi1cCZPZAGLIDny3dk3hQ8vTmNTLHRl8zxmKgQ0= | 2505.1 | 365.743 | 6806.67 | 0.779245 | 0.626719 | 0 | none | 1 | 54.1437 | 179.133 | 0 | 1 | 1 | 0 | 0 | 0 | 0 | 1 | camera | target | 0.779245 | 0 | 0.626719 | 0.779245 | 
SCRIPT       : DATA_LOG | 719199 | aRapBi1cCZPZAGLIDny3dk3hQ8vTmNTLHRl8zxmKgQ0= | 2505.1 | 365.743 | 6806.67 | 0.0550193 | 0.998485 | 0 | none | 1 | 102.175 | 179.134 | 0 | 1 | 1 | 0 | 0 | 0 | 0 | 1 | camera | target | 0.0550193 | 0 | 0.998485 | 0.0550193
SCRIPT       : DATA_LOG | 720200 | aRapBi1cCZPZAGLIDny3dk3hQ8vTmNTLHRl8zxmKgQ0= | 2505.1 | 365.743 | 6806.67 | 0.963553 | 0.267518 | 0 | none | 1 | 30.8486 | 179.134 | 0 | 1 | 1 | 0 | 0 | 0 | 0 | 1 | camera | target | 0.963553 | 0 | 0.267518 | 0.963553 | 
SCRIPT       : DATA_LOG | 721198 | aRapBi1cCZPZAGLIDny3dk3hQ8vTmNTLHRl8zxmKgQ0= | 2505.1 | 365.743 | 6806.67 | 0.963553 | 0.267518 | 0 | none | 1 | 30.847 | 179.137 | 0 | 1 | 1 | 0 | 0 | 0 | 0 | 1 | camera | target | 0.963553 | 0 | 0.267518 | 0.963553 | 0
SCRIPT       : DATA_LOG | 722201 | aRapBi1cCZPZAGLIDny3dk3hQ8vTmNTLHRl8zxmKgQ0= | 2505.1 | 365.743 | 6806.67 | 0.963553 | 0.267518 | 0 | none | 1 | 30.8467 | 179.139 | 0 | 1 | 1 | 0 | 0 | 0 | 0 | 1 | camera | target | 0.963553 | 0 | 0.267518 | 0.963553 | 
SCRIPT       : DATA_LOG | 723199 | aRapBi1cCZPZAGLIDny3dk3hQ8vTmNTLHRl8zxmKgQ0= | 2505.1 | 365.743 | 6806.67 | 0.963553 | 0.267518 | 0 | none | 1 | 30.8497 | 179.138 | 0 | 1 | 1 | 0 | 0 | 0 | 0 | 1 | camera | target | 0.963553 | 0 | 0.267518 | 0.963553 | 
SCRIPT       : DATA_LOG | 724201 | aRapBi1cCZPZAGLIDny3dk3hQ8vTmNTLHRl8zxmKgQ0= | 2505.1 | 365.743 | 6806.67 | 0.963553 | 0.267518 | 0 | none | 1 | 30.8452 | 179.134 | 0 | 1 | 1 | 0 | 0 | 0 | 0 | 1 | camera | target | 0.963553 | 0 | 0.267518 | 0.963553 | 
SCRIPT       : DATA_LOG | 725209 | aRapBi1cCZPZAGLIDny3dk3hQ8vTmNTLHRl8zxmKgQ0= | 2505.1 | 365.743 | 6806.67 | 0.963553 | 0.267518 | 0 | none | 1 | 30.8522 | 179.132 | 0 | 1 | 1 | 0 | 0 | 0 | 0 | 1 | camera | target | 0.963553 | 0 | 0.267518 | 0.963553 | 
SCRIPT       : DATA_LOG | 726210 | aRapBi1cCZPZAGLIDny3dk3hQ8vTmNTLHRl8zxmKgQ0= | 2505.1 | 365.743 | 6806.67 | 0.963553 | 0.267518 | 0 | none | 0 | 30.848 | 179.134 | 0 | 1 | 1 | 0 | 0 | 0 | 0 | 1 | camera | Canteen | 0.963553 | 0 | 0.267518 | 0.963553 | 
SCRIPT       : DATA_LOG | 727205 | aRapBi1cCZPZAGLIDny3dk3hQ8vTmNTLHRl8zxmKgQ0= | 2504.85 | 365.808 | 6808.49 | 0.945484 | -0.325667 | 0 | none | 1 | 3.14796 | 179.869 | 0 | 1 | 1 | 1 | 0 | 0 | 0 | 1 | camera | none | 0.945484 | 0 | -0.325667 | 0.945484 |
SCRIPT       : DATA_LOG | 728207 | aRapBi1cCZPZAGLIDny3dk3hQ8vTmNTLHRl8zxmKgQ0= | 2505.03 | 365.822 | 6809.01 | 0.940652 | -0.339374 | 0 | none | 1 | 3.80601 | 179.836 | 0 | 1 | 1 | 1 | 0 | 0 | 0 | 1 | camera | target | 0.940652 | 0 | -0.339374 | 0.940652
SCRIPT       : DATA_LOG | 729208 | aRapBi1cCZPZAGLIDny3dk3hQ8vTmNTLHRl8zxmKgQ0= | 2505.03 | 365.822 | 6809.01 | 0.940652 | -0.339374 | 0 | none | 1 | 3.80745 | 179.838 | 0 | 1 | 1 | 1 | 0 | 0 | 0 | 1 | camera | target | 0.940652 | 0 | -0.339374 | 0.940652
SCRIPT       : DATA_LOG | 730210 | aRapBi1cCZPZAGLIDny3dk3hQ8vTmNTLHRl8zxmKgQ0= | 2505.03 | 365.822 | 6809.01 | 0.940652 | -0.339374 | 0 | none | 1 | 3.80426 | 179.837 | 0 | 1 | 1 | 1 | 0 | 0 | 0 | 1 | camera | target | 0.940652 | 0 | -0.339374 | 0.940652
SCRIPT       : DATA_LOG | 731213 | aRapBi1cCZPZAGLIDny3dk3hQ8vTmNTLHRl8zxmKgQ0= | 2505.03 | 365.822 | 6809.01 | 0.940652 | -0.339374 | 0 | none | 1 | 3.80863 | 179.834 | 0 | 1 | 1 | 1 | 0 | 0 | 0 | 1 | camera | target | 0.940652 | 0 | -0.339374 | 0.940652
SCRIPT       : DATA_LOG | 732214 | aRapBi1cCZPZAGLIDny3dk3hQ8vTmNTLHRl8zxmKgQ0= | 2505.03 | 365.822 | 6809.01 | 0.940652 | -0.339374 | 0 | none | 1 | 3.80241 | 179.831 | 0 | 1 | 1 | 1 | 0 | 0 | 0 | 1 | camera | target | 0.940652 | 0 | -0.339374 | 0.940652
SCRIPT       : DATA_LOG | 733215 | aRapBi1cCZPZAGLIDny3dk3hQ8vTmNTLHRl8zxmKgQ0= | 2505.03 | 365.822 | 6809.01 | 0.940652 | -0.339374 | 0 | none | 1 | 3.80483 | 179.833 | 0 | 1 | 1 | 1 | 0 | 0 | 0 | 1 | camera | target | 0.940652 | 0 | -0.339374 | 0.940652
SCRIPT       : DATA_LOG | 734215 | aRapBi1cCZPZAGLIDny3dk3hQ8vTmNTLHRl8zxmKgQ0= | 2505.03 | 365.822 | 6809.01 | 0.940652 | -0.339374 | 0 | none | 1 | 3.80647 | 179.834 | 0 | 1 | 1 | 1 | 0 | 0 | 0 | 1 | camera | target | 0.940652 | 0 | -0.339374 | 0.940652
SCRIPT       : DATA_LOG | 735214 | aRapBi1cCZPZAGLIDny3dk3hQ8vTmNTLHRl8zxmKgQ0= | 2505.03 | 365.822 | 6809.01 | 0.940652 | -0.339374 | 0 | none | 1 | 3.80581 | 179.834 | 0 | 1 | 1 | 1 | 0 | 0 | 0 | 1 | camera | target | 0.940652 | 0 | -0.339374 | 0.940652
SCRIPT       : DATA_LOG | 736211 | aRapBi1cCZPZAGLIDny3dk3hQ8vTmNTLHRl8zxmKgQ0= | 2505.03 | 365.822 | 6809.01 | 0.940652 | -0.339374 | 0 | none | 1 | 3.80776 | 179.837 | 0 | 1 | 1 | 1 | 0 | 0 | 0 | 1 | camera | target | 0.940652 | 0 | -0.339374 | 0.940652
SCRIPT       : DATA_LOG | 737221 | aRapBi1cCZPZAGLIDny3dk3hQ8vTmNTLHRl8zxmKgQ0= | 2503.84 | 365.878 | 6809.97 | -0.700691 | -0.713465 | 0 | none | 0 | 118.249 | 181.248 | 0 | 1 | 1 | 0 | 0 | 0 | 0 | 1 | camera |  | -0.700691 | 0 | -0.713465 | -0.700691 | 
SCRIPT       : DATA_LOG | 738222 | aRapBi1cCZPZAGLIDny3dk3hQ8vTmNTLHRl8zxmKgQ0= | 2499.97 | 365.91 | 6808.62 | 0.901061 | -0.433693 | 0 | none | 1 | 10.2159 | 184.603 | 0 | 1 | 1 | 0 | 0 | 0 | 0 | 1 | camera | target | 0.901061 | 0 | -0.433693 | 0.901061 
SCRIPT       : DATA_LOG | 739216 | aRapBi1cCZPZAGLIDny3dk3hQ8vTmNTLHRl8zxmKgQ0= | 2496.96 | 365.966 | 6808.61 | 0.957956 | -0.286916 | 0 | none | 1 | 1.45723 | 187.496 | 0 | 1 | 1 | 1 | 0 | 0 | 0 | 1 | camera | target | 0.957956 | 0 | -0.286916 | 0.957956
SCRIPT       : DATA_LOG | 740225 | aRapBi1cCZPZAGLIDny3dk3hQ8vTmNTLHRl8zxmKgQ0= | 2493.65 | 366.083 | 6809.74 | -0.998309 | -0.0581236 | 0 | none | 1 | 161.354 | 190.987 | 0 | 1 | 1 | 0 | 0 | 0 | 0 | 1 | camera | none | -0.998309 | 0 | -0.0581236 | -0.998
SCRIPT       : DATA_LOG | 741233 | aRapBi1cCZPZAGLIDny3dk3hQ8vTmNTLHRl8zxmKgQ0= | 2487.28 | 366.274 | 6811.55 | -0.958159 | -0.286237 | 0 | none | 1 | 148.04 | 197.615 | 0 | 1 | 1 | 0 | 0 | 0 | 0 | 1 | camera | none | -0.958159 | 0 | -0.286237 | -0.958159
SCRIPT       : DATA_LOG | 742224 | aRapBi1cCZPZAGLIDny3dk3hQ8vTmNTLHRl8zxmKgQ0= | 2480.85 | 366.473 | 6813.58 | -0.972221 | -0.234063 | 0 | none | 1 | 151.061 | 204.349 | 0 | 1 | 1 | 0 | 0 | 0 | 0 | 1 | camera | target | -0.972221 | 0 | -0.234063 | -0.972
SCRIPT       : DATA_LOG | 743225 | aRapBi1cCZPZAGLIDny3dk3hQ8vTmNTLHRl8zxmKgQ0= | 2474.35 | 366.662 | 6815.35 | -0.999966 | -0.00820875 | 0 | none | 1 | 164.131 | 211.095 | 0 | 1 | 1 | 0 | 0 | 0 | 0 | 1 | camera | target | -0.999966 | 0 | -0.00820875 | -0
SCRIPT       : DATA_LOG | 744225 | aRapBi1cCZPZAGLIDny3dk3hQ8vTmNTLHRl8zxmKgQ0= | 2467.72 | 366.765 | 6816.42 | -0.872588 | -0.488457 | 0 | none | 1 | 135.555 | 217.771 | 0 | 1 | 1 | 0 | 0 | 0 | 0 | 1 | camera | none | -0.872588 | 0 | -0.488457 | -0.87258
SCRIPT       : DATA_LOG | 745369 | aRapBi1cCZPZAGLIDny3dk3hQ8vTmNTLHRl8zxmKgQ0= | 2461.89 | 366.718 | 6815.16 | 0.782269 | -0.62294 | 0 | none | 0 | 24.0382 | 223.078 | 0 | 1 | 1 | 0 | 0 | 0 | 0 | 1 | camera |  | 0.782269 | 0 | -0.62294 | 0.782269 | 0 | -
SCRIPT       : DATA_LOG | 746224 | aRapBi1cCZPZAGLIDny3dk3hQ8vTmNTLHRl8zxmKgQ0= | 2458.99 | 366.704 | 6814.36 | 0.984972 | -0.172714 | 0 | none | 1 | 4.19395 | 225.693 | 0 | 1 | 1 | 1 | 0 | 0 | 0 | 1 | camera | none | 0.984972 | 0 | -0.172714 | 0.984972 |
SCRIPT       : DATA_LOG | 747230 | aRapBi1cCZPZAGLIDny3dk3hQ8vTmNTLHRl8zxmKgQ0= | 2456.16 | 366.677 | 6815.33 | 0.984973 | -0.17271 | 0 | none | 0 | 4.258 | 228.673 | 0 | 1 | 1 | 1 | 0 | 0 | 0 | 1 | camera |  | 0.984973 | 0 | -0.17271 | 0.984973 | 0 | -0.
SCRIPT       : DATA_LOG | 748233 | aRapBi1cCZPZAGLIDny3dk3hQ8vTmNTLHRl8zxmKgQ0= | 2453.18 | 366.65 | 6815.47 | 0.984973 | -0.17271 | 0 | none | 0 | 4.10694 | 231.596 | 0 | 1 | 1 | 1 | 0 | 0 | 0 | 1 | camera |  | 0.984973 | 0 | -0.17271 | 0.984973 | 0 | -0
SCRIPT       : DATA_LOG | 749226 | aRapBi1cCZPZAGLIDny3dk3hQ8vTmNTLHRl8zxmKgQ0= | 2450.27 | 366.588 | 6813.49 | 0.984973 | -0.17271 | 0 | none | 0 | 3.4669 | 233.954 | 0 | 1 | 1 | 1 | 0 | 0 | 0 | 1 | camera |  | 0.984973 | 0 | -0.17271 | 0.984973 | 0 | -0
SCRIPT       : DATA_LOG | 750231 | aRapBi1cCZPZAGLIDny3dk3hQ8vTmNTLHRl8zxmKgQ0= | 2447.32 | 366.544 | 6813.19 | 0.984973 | -0.17271 | 0 | none | 0 | 3.22847 | 236.757 | 0 | 1 | 1 | 1 | 0 | 0 | 0 | 1 | camera |  | 0.984973 | 0 | -0.17271 | 0.984973 | 0 | -
SCRIPT       : DATA_LOG | 751230 | aRapBi1cCZPZAGLIDny3dk3hQ8vTmNTLHRl8zxmKgQ0= | 2444.39 | 366.497 | 6813.7 | 0.984973 | -0.17271 | 0 | none | 0 | 3.18758 | 239.732 | 0 | 1 | 1 | 1 | 0 | 0 | 0 | 1 | camera |  | 0.984973 | 0 | -0.17271 | 0.984973 | 0 | -0
SCRIPT       : DATA_LOG | 752235 | aRapBi1cCZPZAGLIDny3dk3hQ8vTmNTLHRl8zxmKgQ0= | 2441.55 | 366.406 | 6814.2 | 0.979005 | -0.203835 | 0 | SVD_Wooden | 0 | 1.35624 | 242.61 | 0 | 1 | 1 | 1 | 0 | 0 | 0 | 1 | camera |  | 0.979005 | 0 | -0.203835 | 0.979005 |
SCRIPT       : DATA_LOG | 753241 | aRapBi1cCZPZAGLIDny3dk3hQ8vTmNTLHRl8zxmKgQ0= | 2439.47 | 366.382 | 6812.59 | 0.973532 | -0.228551 | 1 | SVD_Wooden | 0 | 0.693798 | 244.27 | 0 | 1 | 1 | 1 | 1 | 1 | 0 | 1 | camera |  | 0.973532 | 0 | -0.228551 | 0.973532
SCRIPT       : DATA_LOG | 754231 | aRapBi1cCZPZAGLIDny3dk3hQ8vTmNTLHRl8zxmKgQ0= | 2438.77 | 366.383 | 6811.69 | 0.976063 | -0.21749 | 1 | SVD_Wooden | 0 | 0.381036 | 244.765 | 0 | 1 | 1 | 1 | 1 | 1 | 1 | 1 | camera |  | 0.976063 | 0 | -0.21749 | 0.976063 
SCRIPT       : DATA_LOG | 755232 | aRapBi1cCZPZAGLIDny3dk3hQ8vTmNTLHRl8zxmKgQ0= | 2438.77 | 366.383 | 6811.69 | 0.976063 | -0.21749 | 1 | SVD_Wooden | 0 | 0.382573 | 244.768 | 0 | 1 | 1 | 1 | 1 | 1 | 1 | 1 | camera |  | 0.976063 | 0 | -0.21749 | 0.976063 
SCRIPT       : DATA_LOG | 756232 | aRapBi1cCZPZAGLIDny3dk3hQ8vTmNTLHRl8zxmKgQ0= | 2438.77 | 366.383 | 6811.69 | 0.976063 | -0.21749 | 1 | SVD_Wooden | 0 | 0.381036 | 244.766 | 0 | 1 | 1 | 1 | 1 | 1 | 1 | 1 | camera |  | 0.976063 | 0 | -0.21749 | 0.976063 
SCRIPT       : DATA_LOG | 757237 | aRapBi1cCZPZAGLIDny3dk3hQ8vTmNTLHRl8zxmKgQ0= | 2438.77 | 366.383 | 6811.69 | 0.976063 | -0.21749 | 1 | SVD_Wooden | 0 | 0.383084 | 244.771 | 0 | 1 | 1 | 1 | 1 | 1 | 1 | 1 | camera |  | 0.976063 | 0 | -0.21749 | 0.976063 
SCRIPT       : DATA_LOG | 758235 | aRapBi1cCZPZAGLIDny3dk3hQ8vTmNTLHRl8zxmKgQ0= | 2438.77 | 366.383 | 6811.69 | 0.976063 | -0.21749 | 1 | SVD_Wooden | 0 | 0.382061 | 244.772 | 0 | 1 | 1 | 1 | 1 | 1 | 1 | 1 | camera |  | 0.976063 | 0 | -0.21749 | 0.976063 
SCRIPT       : DATA_LOG | 759240 | aRapBi1cCZPZAGLIDny3dk3hQ8vTmNTLHRl8zxmKgQ0= | 2438.77 | 366.383 | 6811.69 | 0.976063 | -0.21749 | 0 | SVD_Wooden | 0 | 0.381036 | 244.772 | 0 | 1 | 1 | 1 | 0 | 0 | 0 | 1 | camera |  | 0.976063 | 0 | -0.21749 | 0.976063 
SCRIPT       : DATA_LOG | 760256 | aRapBi1cCZPZAGLIDny3dk3hQ8vTmNTLHRl8zxmKgQ0= | 2438.15 | 366.38 | 6809.07 | 0.978027 | -0.208477 | 0 | SVD_Wooden | 0 | 0.444994 | 244.828 | 0 | 1 | 1 | 1 | 0 | 0 | 0 | 1 | camera |  | 0.978027 | 0 | -0.208477 | 0.978027
SCRIPT       : DATA_LOG | 761248 | aRapBi1cCZPZAGLIDny3dk3hQ8vTmNTLHRl8zxmKgQ0= | 2436.63 | 366.342 | 6809.25 | 0.980257 | -0.19773 | 0 | SVD_Wooden | 0 | 0.427958 | 246.343 | 0 | 1 | 1 | 1 | 0 | 0 | 0 | 1 | camera |  | 0.980257 | 0 | -0.19773 | 0.980257 
SCRIPT       : DATA_LOG | 762245 | aRapBi1cCZPZAGLIDny3dk3hQ8vTmNTLHRl8zxmKgQ0= | 2437.02 | 366.347 | 6811.21 | 0.980257 | -0.19773 | 0 | SVD_Wooden | 0 | 0.816613 | 246.366 | 0 | 1 | 1 | 1 | 0 | 0 | 0 | 1 | camera |  | 0.980257 | 0 | -0.19773 | 0.980257 
SCRIPT       : DATA_LOG | 763251 | aRapBi1cCZPZAGLIDny3dk3hQ8vTmNTLHRl8zxmKgQ0= | 2437.18 | 366.339 | 6811.99 | 0.980257 | -0.19773 | 0 | SVD_Wooden | 0 | 0.990711 | 246.378 | 0 | 1 | 1 | 1 | 0 | 0 | 0 | 1 | camera |  | 0.980257 | 0 | -0.19773 | 0.980257 
SCRIPT       : DATA_LOG | 764253 | aRapBi1cCZPZAGLIDny3dk3hQ8vTmNTLHRl8zxmKgQ0= | 2437.59 | 366.317 | 6814.03 | 0.980257 | -0.19773 | 0 | SVD_Wooden | 0 | 1.45602 | 246.427 | 0 | 1 | 1 | 1 | 0 | 0 | 0 | 1 | camera |  | 0.980257 | 0 | -0.19773 | 0.980257 |
SCRIPT       : DATA_LOG | 765248 | aRapBi1cCZPZAGLIDny3dk3hQ8vTmNTLHRl8zxmKgQ0= | 2437.47 | 366.324 | 6813.44 | 0.979165 | -0.203065 | 1 | SVD_Wooden | 0 | 1.02087 | 246.416 | 0 | 1 | 1 | 1 | 1 | 1 | 1 | 1 | camera |  | 0.979165 | 0 | -0.203065 | 0.979165
SCRIPT       : DATA_LOG | 766251 | aRapBi1cCZPZAGLIDny3dk3hQ8vTmNTLHRl8zxmKgQ0= | 2437.47 | 366.324 | 6813.44 | 0.979165 | -0.203065 | 1 | SVD_Wooden | 0 | 1.02278 | 246.415 | 0 | 1 | 1 | 1 | 1 | 1 | 1 | 1 | camera |  | 0.979165 | 0 | -0.203065 | 0.979165
SCRIPT       : DATA_LOG | 767252 | aRapBi1cCZPZAGLIDny3dk3hQ8vTmNTLHRl8zxmKgQ0= | 2437.47 | 366.324 | 6813.44 | 0.979165 | -0.203065 | 1 | SVD_Wooden | 0 | 1.01991 | 246.411 | 0 | 1 | 1 | 1 | 1 | 1 | 1 | 1 | camera |  | 0.979165 | 0 | -0.203065 | 0.979165
SCRIPT       : DATA_LOG | 768252 | aRapBi1cCZPZAGLIDny3dk3hQ8vTmNTLHRl8zxmKgQ0= | 2437.47 | 366.324 | 6813.44 | 0.979165 | -0.203065 | 1 | SVD_Wooden | 0 | 1.0245 | 246.408 | 0 | 1 | 1 | 1 | 1 | 1 | 1 | 1 | camera |  | 0.979165 | 0 | -0.203065 | 0.979165 
SCRIPT       : DATA_LOG | 769252 | aRapBi1cCZPZAGLIDny3dk3hQ8vTmNTLHRl8zxmKgQ0= | 2437.47 | 366.324 | 6813.44 | 0.979165 | -0.203065 | 1 | SVD_Wooden | 0 | 1.02106 | 246.411 | 0 | 1 | 1 | 1 | 1 | 1 | 1 | 1 | camera |  | 0.979165 | 0 | -0.203065 | 0.979165
SCRIPT       : DATA_LOG | 770254 | aRapBi1cCZPZAGLIDny3dk3hQ8vTmNTLHRl8zxmKgQ0= | 2436.87 | 366.339 | 6811.35 | 0.980627 | -0.195883 | 0 | SVD_Wooden | 0 | 0.941492 | 246.548 | 0 | 1 | 1 | 1 | 0 | 0 | 0 | 1 | camera |  | 0.980627 | 0 | -0.195883 | 0.98062
SCRIPT       : DATA_LOG | 771263 | aRapBi1cCZPZAGLIDny3dk3hQ8vTmNTLHRl8zxmKgQ0= | 2435.26 | 366.283 | 6811.38 | 0.981369 | -0.192132 | 0 | SVD_Wooden | 0 | 1.07793 | 248.128 | 0 | 1 | 1 | 1 | 0 | 0 | 0 | 1 | camera |  | 0.981369 | 0 | -0.192132 | 0.981369
SCRIPT       : DATA_LOG | 772265 | aRapBi1cCZPZAGLIDny3dk3hQ8vTmNTLHRl8zxmKgQ0= | 2435.26 | 366.283 | 6811.38 | 0.981369 | -0.192132 | 0 | SVD_Wooden | 0 | 1.07702 | 248.13 | 0 | 1 | 1 | 1 | 0 | 0 | 0 | 1 | camera |  | 0.981369 | 0 | -0.192132 | 0.981369 
SCRIPT       : DATA_LOG | 773272 | aRapBi1cCZPZAGLIDny3dk3hQ8vTmNTLHRl8zxmKgQ0= | 2432.42 | 366.208 | 6810.39 | -0.745945 | -0.666007 | 0 | SVD_Wooden | 0 | 126.483 | 250.699 | 0 | 1 | 1 | 0 | 0 | 0 | 0 | 1 | camera |  | -0.745945 | 0 | -0.666007 | -0.745
SCRIPT       : DATA_LOG | 774266 | aRapBi1cCZPZAGLIDny3dk3hQ8vTmNTLHRl8zxmKgQ0= | 2426.27 | 365.917 | 6808.24 | -0.894859 | -0.44635 | 0 | SVD_Wooden | 0 | 142.487 | 256.301 | 0 | 1 | 1 | 0 | 0 | 0 | 0 | 1 | camera |  | -0.894859 | 0 | -0.44635 | -0.89485
SCRIPT       : DATA_LOG | 775271 | aRapBi1cCZPZAGLIDny3dk3hQ8vTmNTLHRl8zxmKgQ0= | 2419.76 | 365.539 | 6806.97 | -0.81675 | -0.576992 | 0 | SVD_Wooden | 0 | 134.297 | 262.456 | 0 | 1 | 1 | 0 | 0 | 0 | 0 | 1 | camera |  | -0.81675 | 0 | -0.576992 | -0.81675
SCRIPT       : DATA_LOG | 776263 | aRapBi1cCZPZAGLIDny3dk3hQ8vTmNTLHRl8zxmKgQ0= | 2416.39 | 365.362 | 6806.63 | 0.997901 | -0.0647505 | 0 | SVD_Wooden | 0 | 6.54529 | 265.712 | 0 | 1 | 1 | 0 | 0 | 0 | 0 | 1 | camera |  | 0.997901 | 0 | -0.0647505 | 0.9979
SCRIPT       : DATA_LOG | 777260 | aRapBi1cCZPZAGLIDny3dk3hQ8vTmNTLHRl8zxmKgQ0= | 2413.49 | 365.221 | 6807.18 | 0.99793 | -0.0643108 | 0 | SVD_Wooden | 0 | 6.57486 | 268.672 | 0 | 1 | 1 | 0 | 0 | 0 | 0 | 1 | camera |  | 0.99793 | 0 | -0.0643108 | 0.99793 
SCRIPT       : DATA_LOG | 778262 | aRapBi1cCZPZAGLIDny3dk3hQ8vTmNTLHRl8zxmKgQ0= | 2410.89 | 365.069 | 6807.34 | 0.99793 | -0.0643108 | 0 | SVD_Wooden | 0 | 6.51189 | 271.26 | 0 | 1 | 1 | 0 | 0 | 0 | 0 | 1 | camera |  | 0.99793 | 0 | -0.0643108 | 0.99793 |
SCRIPT       : DATA_LOG | 779266 | aRapBi1cCZPZAGLIDny3dk3hQ8vTmNTLHRl8zxmKgQ0= | 2409.19 | 364.986 | 6807.45 | 0.99793 | -0.0643108 | 0 | SVD_Wooden | 0 | 6.46999 | 272.953 | 0 | 1 | 1 | 0 | 0 | 0 | 0 | 1 | camera |  | 0.99793 | 0 | -0.0643108 | 0.99793 
SCRIPT       : DATA_LOG | 780265 | aRapBi1cCZPZAGLIDny3dk3hQ8vTmNTLHRl8zxmKgQ0= | 2406.44 | 364.865 | 6808.32 | 0.99793 | -0.0643108 | 0 | SVD_Wooden | 0 | 6.54952 | 275.809 | 0 | 1 | 1 | 0 | 0 | 0 | 0 | 1 | camera |  | 0.99793 | 0 | -0.0643108 | 0.99793 
SCRIPT       : DATA_LOG | 781323 | aRapBi1cCZPZAGLIDny3dk3hQ8vTmNTLHRl8zxmKgQ0= | 2403.88 | 364.731 | 6809.58 | 0.99793 | -0.0643108 | 0 | SVD_Wooden | 0 | 6.70821 | 278.549 | 0 | 1 | 1 | 0 | 0 | 0 | 0 | 1 | camera |  | 0.99793 | 0 | -0.0643108 | 0.99793 
SCRIPT       : DATA_LOG | 782271 | aRapBi1cCZPZAGLIDny3dk3hQ8vTmNTLHRl8zxmKgQ0= | 2402.79 | 364.673 | 6809.65 | 0.99793 | -0.0643108 | 1 | SVD_Wooden | 0 | 6.68469 | 279.638 | 0 | 1 | 1 | 0 | 0 | 0 | 1 | 1 | camera |  | 0.99793 | 0 | -0.0643108 | 0.99793 
SCRIPT       : DATA_LOG | 783263 | aRapBi1cCZPZAGLIDny3dk3hQ8vTmNTLHRl8zxmKgQ0= | 2402.79 | 364.673 | 6809.65 | 0.99793 | -0.0643108 | 1 | SVD_Wooden | 0 | 6.68466 | 279.64 | 0 | 1 | 1 | 0 | 0 | 0 | 1 | 1 | camera |  | 0.99793 | 0 | -0.0643108 | 0.99793 |
SCRIPT       : DATA_LOG | 784274 | aRapBi1cCZPZAGLIDny3dk3hQ8vTmNTLHRl8zxmKgQ0= | 2402.5 | 364.658 | 6809.7 | 0.987631 | -0.156795 | 0 | SVD_Wooden | 0 | 1.34872 | 279.934 | 0 | 1 | 1 | 1 | 0 | 0 | 0 | 1 | camera |  | 0.987631 | 0 | -0.156795 | 0.987631 |
SCRIPT       : DATA_LOG | 785271 | aRapBi1cCZPZAGLIDny3dk3hQ8vTmNTLHRl8zxmKgQ0= | 2400.35 | 364.498 | 6811.59 | -0.430175 | -0.902745 | 0 | SVD_Wooden | 0 | 104.81 | 282.389 | 0 | 1 | 1 | 0 | 0 | 0 | 0 | 1 | camera |  | -0.430175 | 0 | -0.902745 | -0.4301
SCRIPT       : DATA_LOG | 786285 | aRapBi1cCZPZAGLIDny3dk3hQ8vTmNTLHRl8zxmKgQ0= | 2399.31 | 364.42 | 6812.22 | -0.626635 | -0.779313 | 0 | SVD_Wooden | 0 | 118.049 | 283.529 | 0 | 1 | 1 | 0 | 0 | 0 | 0 | 1 | camera |  | -0.626635 | 0 | -0.779313 | -0.6266
SCRIPT       : DATA_LOG | 787276 | aRapBi1cCZPZAGLIDny3dk3hQ8vTmNTLHRl8zxmKgQ0= | 2399.31 | 364.42 | 6812.22 | -0.626635 | -0.779313 | 0 | SVD_Wooden | 0 | 118.048 | 283.529 | 0 | 1 | 1 | 0 | 0 | 0 | 0 | 1 | camera |  | -0.626635 | 0 | -0.779313 | -0.6266
SCRIPT       : DATA_LOG | 788281 | aRapBi1cCZPZAGLIDny3dk3hQ8vTmNTLHRl8zxmKgQ0= | 2399.31 | 364.42 | 6812.22 | -0.626635 | -0.779313 | 0 | SVD_Wooden | 0 | 118.049 | 283.528 | 0 | 1 | 1 | 0 | 0 | 0 | 0 | 1 | camera |  | -0.626635 | 0 | -0.779313 | -0.6266
SCRIPT       : DATA_LOG | 789288 | aRapBi1cCZPZAGLIDny3dk3hQ8vTmNTLHRl8zxmKgQ0= | 2399.31 | 364.42 | 6812.22 | -0.626635 | -0.779313 | 0 | SVD_Wooden | 0 | 118.048 | 283.523 | 0 | 1 | 1 | 0 | 0 | 0 | 0 | 1 | camera |  | -0.626635 | 0 | -0.779313 | -0.6266
SCRIPT       : DATA_LOG | 790288 | aRapBi1cCZPZAGLIDny3dk3hQ8vTmNTLHRl8zxmKgQ0= | 2399.31 | 364.42 | 6812.22 | -0.626635 | -0.779313 | 0 | SVD_Wooden | 0 | 118.047 | 283.524 | 0 | 1 | 1 | 0 | 0 | 0 | 0 | 1 | camera |  | -0.626635 | 0 | -0.779313 | -0.6266
SCRIPT       : DATA_LOG | 791284 | aRapBi1cCZPZAGLIDny3dk3hQ8vTmNTLHRl8zxmKgQ0= | 2399.31 | 364.42 | 6812.22 | -0.626635 | -0.779313 | 0 | SVD_Wooden | 0 | 118.049 | 283.526 | 0 | 1 | 1 | 0 | 0 | 0 | 0 | 1 | camera |  | -0.626635 | 0 | -0.779313 | -0.6266
SCRIPT       : DATA_LOG | 792288 | aRapBi1cCZPZAGLIDny3dk3hQ8vTmNTLHRl8zxmKgQ0= | 2399.31 | 364.42 | 6812.22 | -0.626635 | -0.779313 | 0 | SVD_Wooden | 0 | 118.048 | 283.524 | 0 | 1 | 1 | 0 | 0 | 0 | 0 | 1 | camera |  | -0.626635 | 0 | -0.779313 | -0.6266
SCRIPT       : DATA_LOG | 793296 | aRapBi1cCZPZAGLIDny3dk3hQ8vTmNTLHRl8zxmKgQ0= | 2399.31 | 364.42 | 6812.22 | -0.626635 | -0.779313 | 0 | SVD_Wooden | 0 | 118.049 | 283.529 | 0 | 1 | 1 | 0 | 0 | 0 | 0 | 1 | camera |  | -0.626635 | 0 | -0.779313 | -0.6266
SCRIPT       : DATA_LOG | 794290 | aRapBi1cCZPZAGLIDny3dk3hQ8vTmNTLHRl8zxmKgQ0= | 2399.31 | 364.42 | 6812.22 | -0.626635 | -0.779313 | 0 | SVD_Wooden | 0 | 118.048 | 283.53 | 0 | 1 | 1 | 0 | 0 | 0 | 0 | 1 | camera |  | -0.626635 | 0 | -0.779313 | -0.62663
SCRIPT       : DATA_LOG | 795294 | aRapBi1cCZPZAGLIDny3dk3hQ8vTmNTLHRl8zxmKgQ0= | 2399.31 | 364.42 | 6812.22 | -0.626635 | -0.779313 | 0 | SVD_Wooden | 0 | 118.049 | 283.529 | 0 | 1 | 1 | 0 | 0 | 0 | 0 | 1 | camera |  | -0.626635 | 0 | -0.779313 | -0.6266
SCRIPT       : DATA_LOG | 796305 | aRapBi1cCZPZAGLIDny3dk3hQ8vTmNTLHRl8zxmKgQ0= | 2399.31 | 364.42 | 6812.22 | -0.626635 | -0.779313 | 0 | SVD_Wooden | 0 | 118.049 | 283.524 | 0 | 1 | 1 | 0 | 0 | 0 | 0 | 1 | camera |  | -0.626635 | 0 | -0.779313 | -0.6266
SCRIPT       : DATA_LOG | 797296 | aRapBi1cCZPZAGLIDny3dk3hQ8vTmNTLHRl8zxmKgQ0= | 2399.31 | 364.42 | 6812.22 | -0.626635 | -0.779313 | 0 | SVD_Wooden | 0 | 118.046 | 283.523 | 0 | 1 | 1 | 0 | 0 | 0 | 0 | 1 | camera |  | -0.626635 | 0 | -0.779313 | -0.6266
SCRIPT       : DATA_LOG | 798301 | aRapBi1cCZPZAGLIDny3dk3hQ8vTmNTLHRl8zxmKgQ0= | 2399.31 | 364.42 | 6812.22 | -0.626635 | -0.779313 | 0 | SVD_Wooden | 0 | 118.049 | 283.526 | 0 | 1 | 1 | 0 | 0 | 0 | 0 | 1 | camera |  | -0.626635 | 0 | -0.779313 | -0.6266
SCRIPT       : DATA_LOG | 799299 | aRapBi1cCZPZAGLIDny3dk3hQ8vTmNTLHRl8zxmKgQ0= | 2399.31 | 364.42 | 6812.22 | -0.626635 | -0.779313 | 0 | SVD_Wooden | 0 | 118.048 | 283.524 | 0 | 1 | 1 | 0 | 0 | 0 | 0 | 1 | camera |  | -0.626635 | 0 | -0.779313 | -0.6266
SCRIPT       : DATA_LOG | 800305 | aRapBi1cCZPZAGLIDny3dk3hQ8vTmNTLHRl8zxmKgQ0= | 2399.31 | 364.42 | 6812.22 | -0.626635 | -0.779313 | 0 | SVD_Wooden | 0 | 118.049 | 283.529 | 0 | 1 | 1 | 0 | 0 | 0 | 0 | 1 | camera |  | -0.626635 | 0 | -0.779313 | -0.6266
SCRIPT       : DATA_LOG | 801297 | aRapBi1cCZPZAGLIDny3dk3hQ8vTmNTLHRl8zxmKgQ0= | 2399.31 | 364.42 | 6812.22 | -0.626635 | -0.779313 | 0 | SVD_Wooden | 0 | 118.049 | 283.53 | 0 | 1 | 1 | 0 | 0 | 0 | 0 | 1 | camera |  | -0.626635 | 0 | -0.779313 | -0.62663
SCRIPT       : DATA_LOG | 802314 | aRapBi1cCZPZAGLIDny3dk3hQ8vTmNTLHRl8zxmKgQ0= | 2399.31 | 364.42 | 6812.22 | -0.626635 | -0.779313 | 0 | SVD_Wooden | 0 | 118.048 | 283.529 | 0 | 1 | 1 | 0 | 0 | 0 | 0 | 1 | camera |  | -0.626635 | 0 | -0.779313 | -0.6266
SCRIPT       : DATA_LOG | 803309 | aRapBi1cCZPZAGLIDny3dk3hQ8vTmNTLHRl8zxmKgQ0= | 2399.31 | 364.42 | 6812.22 | -0.626635 | -0.779313 | 0 | SVD_Wooden | 0 | 118.049 | 283.525 | 0 | 1 | 1 | 0 | 0 | 0 | 0 | 1 | camera |  | -0.626635 | 0 | -0.779313 | -0.6266
SCRIPT       : DATA_LOG | 804303 | aRapBi1cCZPZAGLIDny3dk3hQ8vTmNTLHRl8zxmKgQ0= | 2399.31 | 364.42 | 6812.22 | -0.626635 | -0.779313 | 0 | SVD_Wooden | 0 | 118.046 | 283.523 | 0 | 1 | 1 | 0 | 0 | 0 | 0 | 1 | camera |  | -0.626635 | 0 | -0.779313 | -0.6266
SCRIPT       : DATA_LOG | 805309 | aRapBi1cCZPZAGLIDny3dk3hQ8vTmNTLHRl8zxmKgQ0= | 2399.31 | 364.42 | 6812.22 | -0.626635 | -0.779313 | 0 | SVD_Wooden | 0 | 118.049 | 283.526 | 0 | 1 | 1 | 0 | 0 | 0 | 0 | 1 | camera |  | -0.626635 | 0 | -0.779313 | -0.6266
SCRIPT       : DATA_LOG | 806318 | aRapBi1cCZPZAGLIDny3dk3hQ8vTmNTLHRl8zxmKgQ0= | 2399.31 | 364.42 | 6812.22 | -0.626635 | -0.779313 | 0 | SVD_Wooden | 0 | 118.048 | 283.524 | 0 | 1 | 1 | 0 | 0 | 0 | 0 | 1 | camera |  | -0.626635 | 0 | -0.779313 | -0.6266
SCRIPT       : DATA_LOG | 807312 | aRapBi1cCZPZAGLIDny3dk3hQ8vTmNTLHRl8zxmKgQ0= | 2399.31 | 364.42 | 6812.22 | -0.626635 | -0.779313 | 0 | SVD_Wooden | 0 | 118.049 | 283.529 | 0 | 1 | 1 | 0 | 0 | 0 | 0 | 1 | camera |  | -0.626635 | 0 | -0.779313 | -0.6266
SCRIPT       : DATA_LOG | 808310 | aRapBi1cCZPZAGLIDny3dk3hQ8vTmNTLHRl8zxmKgQ0= | 2399.31 | 364.42 | 6812.22 | -0.626635 | -0.779313 | 0 | SVD_Wooden | 0 | 118.049 | 283.531 | 0 | 1 | 1 | 0 | 0 | 0 | 0 | 1 | camera |  | -0.626635 | 0 | -0.779313 | -0.6266
SCRIPT       : DATA_LOG | 809304 | aRapBi1cCZPZAGLIDny3dk3hQ8vTmNTLHRl8zxmKgQ0= | 2399.31 | 364.42 | 6812.22 | -0.626635 | -0.779313 | 0 | SVD_Wooden | 0 | 118.047 | 283.529 | 0 | 1 | 1 | 0 | 0 | 0 | 0 | 1 | camera |  | -0.626635 | 0 | -0.779313 | -0.6266
SCRIPT       : DATA_LOG | 810318 | aRapBi1cCZPZAGLIDny3dk3hQ8vTmNTLHRl8zxmKgQ0= | 2399.31 | 364.42 | 6812.22 | -0.626635 | -0.779313 | 0 | SVD_Wooden | 0 | 118.05 | 283.526 | 0 | 1 | 1 | 0 | 0 | 0 | 0 | 1 | camera |  | -0.626635 | 0 | -0.779313 | -0.62663
SCRIPT       : DATA_LOG | 811306 | aRapBi1cCZPZAGLIDny3dk3hQ8vTmNTLHRl8zxmKgQ0= | 2399.31 | 364.42 | 6812.22 | -0.626635 | -0.779313 | 0 | SVD_Wooden | 0 | 118.046 | 283.522 | 0 | 1 | 1 | 0 | 0 | 0 | 0 | 1 | camera |  | -0.626635 | 0 | -0.779313 | -0.6266
SCRIPT       : DATA_LOG | 812312 | aRapBi1cCZPZAGLIDny3dk3hQ8vTmNTLHRl8zxmKgQ0= | 2399.31 | 364.42 | 6812.22 | -0.626635 | -0.779313 | 0 | SVD_Wooden | 0 | 118.049 | 283.525 | 0 | 1 | 1 | 0 | 0 | 0 | 0 | 1 | camera |  | -0.626635 | 0 | -0.779313 | -0.6266
SCRIPT       : DATA_LOG | 813316 | aRapBi1cCZPZAGLIDny3dk3hQ8vTmNTLHRl8zxmKgQ0= | 2399.31 | 364.42 | 6812.22 | -0.626635 | -0.779313 | 0 | SVD_Wooden | 0 | 118.048 | 283.525 | 0 | 1 | 1 | 0 | 0 | 0 | 0 | 1 | camera |  | -0.626635 | 0 | -0.779313 | -0.6266
SCRIPT       : DATA_LOG | 814315 | aRapBi1cCZPZAGLIDny3dk3hQ8vTmNTLHRl8zxmKgQ0= | 2399.31 | 364.42 | 6812.22 | -0.626635 | -0.779313 | 0 | SVD_Wooden | 0 | 118.049 | 283.529 | 0 | 1 | 1 | 0 | 0 | 0 | 0 | 1 | camera |  | -0.626635 | 0 | -0.779313 | -0.6266
SCRIPT       : DATA_LOG | 815323 | aRapBi1cCZPZAGLIDny3dk3hQ8vTmNTLHRl8zxmKgQ0= | 2399.31 | 364.42 | 6812.22 | -0.626635 | -0.779313 | 0 | SVD_Wooden | 0 | 118.049 | 283.531 | 0 | 1 | 1 | 0 | 0 | 0 | 0 | 1 | camera |  | -0.626635 | 0 | -0.779313 | -0.6266
SCRIPT       : DATA_LOG | 816323 | aRapBi1cCZPZAGLIDny3dk3hQ8vTmNTLHRl8zxmKgQ0= | 2399.31 | 364.42 | 6812.22 | -0.626635 | -0.779313 | 0 | SVD_Wooden | 0 | 118.047 | 283.529 | 0 | 1 | 1 | 0 | 0 | 0 | 0 | 1 | camera |  | -0.626635 | 0 | -0.779313 | -0.6266
SCRIPT       : DATA_LOG | 817320 | aRapBi1cCZPZAGLIDny3dk3hQ8vTmNTLHRl8zxmKgQ0= | 2399.31 | 364.42 | 6812.22 | -0.626635 | -0.779313 | 0 | SVD_Wooden | 0 | 118.05 | 283.526 | 0 | 1 | 1 | 0 | 0 | 0 | 0 | 1 | camera |  | -0.626635 | 0 | -0.779313 | -0.62663
SCRIPT       : DATA_LOG | 818323 | aRapBi1cCZPZAGLIDny3dk3hQ8vTmNTLHRl8zxmKgQ0= | 2399.31 | 364.42 | 6812.22 | -0.626635 | -0.779313 | 0 | SVD_Wooden | 0 | 118.046 | 283.522 | 0 | 1 | 1 | 0 | 0 | 0 | 0 | 1 | camera |  | -0.626635 | 0 | -0.779313 | -0.6266
SCRIPT       : DATA_LOG | 819318 | aRapBi1cCZPZAGLIDny3dk3hQ8vTmNTLHRl8zxmKgQ0= | 2399.31 | 364.42 | 6812.22 | -0.626635 | -0.779313 | 0 | SVD_Wooden | 0 | 118.048 | 283.524 | 0 | 1 | 1 | 0 | 0 | 0 | 0 | 1 | camera |  | -0.626635 | 0 | -0.779313 | -0.6266
SCRIPT       : DATA_LOG | 820320 | aRapBi1cCZPZAGLIDny3dk3hQ8vTmNTLHRl8zxmKgQ0= | 2399.31 | 364.42 | 6812.22 | -0.626635 | -0.779313 | 0 | SVD_Wooden | 0 | 118.048 | 283.526 | 0 | 1 | 1 | 0 | 0 | 0 | 0 | 1 | camera |  | -0.626635 | 0 | -0.779313 | -0.6266
SCRIPT       : DATA_LOG | 821327 | aRapBi1cCZPZAGLIDny3dk3hQ8vTmNTLHRl8zxmKgQ0= | 2399.31 | 364.42 | 6812.22 | -0.626635 | -0.779313 | 0 | SVD_Wooden | 0 | 118.048 | 283.527 | 0 | 1 | 1 | 0 | 0 | 0 | 0 | 1 | camera |  | -0.626635 | 0 | -0.779313 | -0.6266
SCRIPT       : DATA_LOG | 822324 | aRapBi1cCZPZAGLIDny3dk3hQ8vTmNTLHRl8zxmKgQ0= | 2399.31 | 364.42 | 6812.22 | -0.626635 | -0.779313 | 0 | SVD_Wooden | 0 | 118.049 | 283.53 | 0 | 1 | 1 | 0 | 0 | 0 | 0 | 1 | camera |  | -0.626635 | 0 | -0.779313 | -0.62663
SCRIPT       : DATA_LOG | 823322 | aRapBi1cCZPZAGLIDny3dk3hQ8vTmNTLHRl8zxmKgQ0= | 2399.31 | 364.42 | 6812.22 | -0.626635 | -0.779313 | 0 | SVD_Wooden | 0 | 118.047 | 283.529 | 0 | 1 | 1 | 0 | 0 | 0 | 0 | 1 | camera |  | -0.626635 | 0 | -0.779313 | -0.6266
SCRIPT       : DATA_LOG | 824325 | aRapBi1cCZPZAGLIDny3dk3hQ8vTmNTLHRl8zxmKgQ0= | 2399.31 | 364.42 | 6812.22 | -0.626635 | -0.779313 | 0 | SVD_Wooden | 0 | 118.05 | 283.527 | 0 | 1 | 1 | 0 | 0 | 0 | 0 | 1 | camera |  | -0.626635 | 0 | -0.779313 | -0.62663
SCRIPT       : DATA_LOG | 825331 | aRapBi1cCZPZAGLIDny3dk3hQ8vTmNTLHRl8zxmKgQ0= | 2399.31 | 364.42 | 6812.22 | -0.626635 | -0.779313 | 0 | SVD_Wooden | 0 | 118.047 | 283.522 | 0 | 1 | 1 | 0 | 0 | 0 | 0 | 1 | camera |  | -0.626635 | 0 | -0.779313 | -0.6266
SCRIPT       : DATA_LOG | 826327 | aRapBi1cCZPZAGLIDny3dk3hQ8vTmNTLHRl8zxmKgQ0= | 2399.31 | 364.42 | 6812.22 | -0.626635 | -0.779313 | 0 | SVD_Wooden | 0 | 118.047 | 283.524 | 0 | 1 | 1 | 0 | 0 | 0 | 0 | 1 | camera |  | -0.626635 | 0 | -0.779313 | -0.6266
SCRIPT       : DATA_LOG | 827333 | aRapBi1cCZPZAGLIDny3dk3hQ8vTmNTLHRl8zxmKgQ0= | 2399.31 | 364.42 | 6812.22 | -0.626635 | -0.779313 | 0 | SVD_Wooden | 0 | 118.049 | 283.527 | 0 | 1 | 1 | 0 | 0 | 0 | 0 | 1 | camera |  | -0.626635 | 0 | -0.779313 | -0.6266
SCRIPT       : DATA_LOG | 828323 | aRapBi1cCZPZAGLIDny3dk3hQ8vTmNTLHRl8zxmKgQ0= | 2399.31 | 364.42 | 6812.22 | -0.626635 | -0.779313 | 0 | SVD_Wooden | 0 | 118.048 | 283.525 | 0 | 1 | 1 | 0 | 0 | 0 | 0 | 1 | camera |  | -0.626635 | 0 | -0.779313 | -0.6266
SCRIPT       : DATA_LOG | 829324 | aRapBi1cCZPZAGLIDny3dk3hQ8vTmNTLHRl8zxmKgQ0= | 2399.31 | 364.42 | 6812.22 | -0.626635 | -0.779313 | 0 | SVD_Wooden | 0 | 118.049 | 283.53 | 0 | 1 | 1 | 0 | 0 | 0 | 0 | 1 | camera |  | -0.626635 | 0 | -0.779313 | -0.62663
SCRIPT       : DATA_LOG | 830347 | aRapBi1cCZPZAGLIDny3dk3hQ8vTmNTLHRl8zxmKgQ0= | 2399.31 | 364.42 | 6812.22 | -0.626635 | -0.779313 | 0 | SVD_Wooden | 0 | 118.048 | 283.529 | 0 | 1 | 1 | 0 | 0 | 0 | 0 | 1 | camera |  | -0.626635 | 0 | -0.779313 | -0.6266
SCRIPT       : DATA_LOG | 831337 | aRapBi1cCZPZAGLIDny3dk3hQ8vTmNTLHRl8zxmKgQ0= | 2399.31 | 364.42 | 6812.22 | -0.626635 | -0.779313 | 0 | SVD_Wooden | 0 | 118.049 | 283.528 | 0 | 1 | 1 | 0 | 0 | 0 | 0 | 1 | camera |  | -0.626635 | 0 | -0.779313 | -0.6266
SCRIPT       : DATA_LOG | 832466 | aRapBi1cCZPZAGLIDny3dk3hQ8vTmNTLHRl8zxmKgQ0= | 2399.31 | 364.42 | 6812.22 | -0.626635 | -0.779313 | 0 | SVD_Wooden | 0 | 118.048 | 283.523 | 0 | 1 | 1 | 0 | 0 | 0 | 0 | 1 | camera |  | -0.626635 | 0 | -0.779313 | -0.6266
SCRIPT       : DATA_LOG | 833460 | aRapBi1cCZPZAGLIDny3dk3hQ8vTmNTLHRl8zxmKgQ0= | 2399.31 | 364.42 | 6812.22 | -0.626635 | -0.779313 | 0 | SVD_Wooden | 0 | 118.047 | 283.524 | 0 | 1 | 1 | 0 | 0 | 0 | 0 | 1 | camera |  | -0.626635 | 0 | -0.779313 | -0.6266
SCRIPT       : DATA_LOG | 834467 | aRapBi1cCZPZAGLIDny3dk3hQ8vTmNTLHRl8zxmKgQ0= | 2399.31 | 364.42 | 6812.22 | -0.626635 | -0.779313 | 0 | SVD_Wooden | 0 | 118.049 | 283.526 | 0 | 1 | 1 | 0 | 0 | 0 | 0 | 1 | camera |  | -0.626635 | 0 | -0.779313 | -0.6266
SCRIPT       : DATA_LOG | 835472 | aRapBi1cCZPZAGLIDny3dk3hQ8vTmNTLHRl8zxmKgQ0= | 2399.31 | 364.42 | 6812.22 | -0.626635 | -0.779313 | 0 | SVD_Wooden | 0 | 118.048 | 283.524 | 0 | 1 | 1 | 0 | 0 | 0 | 0 | 1 | camera |  | -0.626635 | 0 | -0.779313 | -0.6266
SCRIPT       : DATA_LOG | 836484 | aRapBi1cCZPZAGLIDny3dk3hQ8vTmNTLHRl8zxmKgQ0= | 2399.31 | 364.42 | 6812.22 | -0.626635 | -0.779313 | 0 | SVD_Wooden | 0 | 118.049 | 283.529 | 0 | 1 | 1 | 0 | 0 | 0 | 0 | 1 | camera |  | -0.626635 | 0 | -0.779313 | -0.6266
SCRIPT       : DATA_LOG | 837466 | aRapBi1cCZPZAGLIDny3dk3hQ8vTmNTLHRl8zxmKgQ0= | 2399.31 | 364.42 | 6812.22 | -0.626635 | -0.779313 | 0 | SVD_Wooden | 0 | 118.048 | 283.53 | 0 | 1 | 1 | 0 | 0 | 0 | 0 | 1 | camera |  | -0.626635 | 0 | -0.779313 | -0.62663
SCRIPT       : DATA_LOG | 838474 | aRapBi1cCZPZAGLIDny3dk3hQ8vTmNTLHRl8zxmKgQ0= | 2399.31 | 364.42 | 6812.22 | -0.626635 | -0.779313 | 0 | SVD_Wooden | 0 | 118.049 | 283.529 | 0 | 1 | 1 | 0 | 0 | 0 | 0 | 1 | camera |  | -0.626635 | 0 | -0.779313 | -0.6266
SCRIPT       : DATA_LOG | 839473 | aRapBi1cCZPZAGLIDny3dk3hQ8vTmNTLHRl8zxmKgQ0= | 2399.31 | 364.42 | 6812.22 | -0.626635 | -0.779313 | 0 | SVD_Wooden | 0 | 118.049 | 283.524 | 0 | 1 | 1 | 0 | 0 | 0 | 0 | 1 | camera |  | -0.626635 | 0 | -0.779313 | -0.6266
SCRIPT       : DATA_LOG | 840468 | aRapBi1cCZPZAGLIDny3dk3hQ8vTmNTLHRl8zxmKgQ0= | 2399.31 | 364.42 | 6812.22 | -0.626635 | -0.779313 | 0 | SVD_Wooden | 0 | 118.046 | 283.523 | 0 | 1 | 1 | 0 | 0 | 0 | 0 | 1 | camera |  | -0.626635 | 0 | -0.779313 | -0.6266
SCRIPT       : DATA_LOG | 841482 | aRapBi1cCZPZAGLIDny3dk3hQ8vTmNTLHRl8zxmKgQ0= | 2399.31 | 364.42 | 6812.22 | -0.626635 | -0.779313 | 0 | SVD_Wooden | 0 | 118.049 | 283.526 | 0 | 1 | 1 | 0 | 0 | 0 | 0 | 1 | camera |  | -0.626635 | 0 | -0.779313 | -0.6266
SCRIPT       : DATA_LOG | 842477 | aRapBi1cCZPZAGLIDny3dk3hQ8vTmNTLHRl8zxmKgQ0= | 2399.31 | 364.42 | 6812.22 | -0.626635 | -0.779313 | 0 | SVD_Wooden | 0 | 118.048 | 283.524 | 0 | 1 | 1 | 0 | 0 | 0 | 0 | 1 | camera |  | -0.626635 | 0 | -0.779313 | -0.6266
SCRIPT       : DATA_LOG | 843470 | aRapBi1cCZPZAGLIDny3dk3hQ8vTmNTLHRl8zxmKgQ0= | 2399.31 | 364.42 | 6812.22 | -0.626635 | -0.779313 | 0 | SVD_Wooden | 0 | 118.049 | 283.529 | 0 | 1 | 1 | 0 | 0 | 0 | 0 | 1 | camera |  | -0.626635 | 0 | -0.779313 | -0.6266
SCRIPT       : DATA_LOG | 844472 | aRapBi1cCZPZAGLIDny3dk3hQ8vTmNTLHRl8zxmKgQ0= | 2399.31 | 364.42 | 6812.22 | -0.626635 | -0.779313 | 0 | SVD_Wooden | 0 | 118.049 | 283.53 | 0 | 1 | 1 | 0 | 0 | 0 | 0 | 1 | camera |  | -0.626635 | 0 | -0.779313 | -0.62663
SCRIPT       : DATA_LOG | 845472 | aRapBi1cCZPZAGLIDny3dk3hQ8vTmNTLHRl8zxmKgQ0= | 2399.31 | 364.42 | 6812.22 | -0.626635 | -0.779313 | 0 | SVD_Wooden | 0 | 118.048 | 283.53 | 0 | 1 | 1 | 0 | 0 | 0 | 0 | 1 | camera |  | -0.626635 | 0 | -0.779313 | -0.62663
SCRIPT       : DATA_LOG | 846476 | aRapBi1cCZPZAGLIDny3dk3hQ8vTmNTLHRl8zxmKgQ0= | 2399.31 | 364.42 | 6812.22 | -0.626635 | -0.779313 | 0 | SVD_Wooden | 0 | 118.049 | 283.525 | 0 | 1 | 1 | 0 | 0 | 0 | 0 | 1 | camera |  | -0.626635 | 0 | -0.779313 | -0.6266
SCRIPT       : DATA_LOG | 847500 | aRapBi1cCZPZAGLIDny3dk3hQ8vTmNTLHRl8zxmKgQ0= | 2399.31 | 364.42 | 6812.22 | -0.626635 | -0.779313 | 0 | SVD_Wooden | 0 | 118.046 | 283.523 | 0 | 1 | 1 | 0 | 0 | 0 | 0 | 1 | camera |  | -0.626635 | 0 | -0.779313 | -0.6266
SCRIPT       : DATA_LOG | 848490 | aRapBi1cCZPZAGLIDny3dk3hQ8vTmNTLHRl8zxmKgQ0= | 2399.31 | 364.42 | 6812.22 | -0.626635 | -0.779313 | 0 | SVD_Wooden | 0 | 118.049 | 283.526 | 0 | 1 | 1 | 0 | 0 | 0 | 0 | 1 | camera |  | -0.626635 | 0 | -0.779313 | -0.6266
SCRIPT       : DATA_LOG | 849482 | aRapBi1cCZPZAGLIDny3dk3hQ8vTmNTLHRl8zxmKgQ0= | 2399.31 | 364.42 | 6812.22 | -0.626635 | -0.779313 | 0 | SVD_Wooden | 0 | 118.048 | 283.524 | 0 | 1 | 1 | 0 | 0 | 0 | 0 | 1 | camera |  | -0.626635 | 0 | -0.779313 | -0.6266
SCRIPT       : DATA_LOG | 850484 | aRapBi1cCZPZAGLIDny3dk3hQ8vTmNTLHRl8zxmKgQ0= | 2399.31 | 364.42 | 6812.22 | -0.626635 | -0.779313 | 0 | SVD_Wooden | 0 | 118.049 | 283.529 | 0 | 1 | 1 | 0 | 0 | 0 | 0 | 1 | camera |  | -0.626635 | 0 | -0.779313 | -0.6266
SCRIPT       : DATA_LOG | 851501 | aRapBi1cCZPZAGLIDny3dk3hQ8vTmNTLHRl8zxmKgQ0= | 2399.31 | 364.42 | 6812.22 | -0.626635 | -0.779313 | 0 | SVD_Wooden | 0 | 118.049 | 283.53 | 0 | 1 | 1 | 0 | 0 | 0 | 0 | 1 | camera |  | -0.626635 | 0 | -0.779313 | -0.62663
SCRIPT       : DATA_LOG | 852518 | aRapBi1cCZPZAGLIDny3dk3hQ8vTmNTLHRl8zxmKgQ0= | 2399.31 | 364.42 | 6812.22 | -0.626635 | -0.779313 | 0 | SVD_Wooden | 0 | 118.047 | 283.529 | 0 | 1 | 1 | 0 | 0 | 0 | 0 | 1 | camera |  | -0.626635 | 0 | -0.779313 | -0.6266
SCRIPT       : DATA_LOG | 853521 | aRapBi1cCZPZAGLIDny3dk3hQ8vTmNTLHRl8zxmKgQ0= | 2399.31 | 364.42 | 6812.22 | -0.626635 | -0.779313 | 0 | SVD_Wooden | 0 | 118.05 | 283.526 | 0 | 1 | 1 | 0 | 0 | 0 | 0 | 1 | camera |  | -0.626635 | 0 | -0.779313 | -0.62663
SCRIPT       : DATA_LOG | 854517 | aRapBi1cCZPZAGLIDny3dk3hQ8vTmNTLHRl8zxmKgQ0= | 2399.25 | 364.424 | 6811.98 | -0.991014 | -0.133755 | 0 | SVD_Wooden | 0 | 161.605 | 283.538 | 0 | 1 | 1 | 0 | 0 | 0 | 0 | 1 | camera |  | -0.991014 | 0 | -0.133755 | -0.991
SCRIPT       : DATA_LOG | 855521 | aRapBi1cCZPZAGLIDny3dk3hQ8vTmNTLHRl8zxmKgQ0= | 2400.05 | 364.481 | 6811.6 | 0.987031 | 0.160528 | 0 | SVD_Wooden | 0 | 19.896 | 282.691 | 0 | 1 | 1 | 0 | 0 | 0 | 0 | 1 | camera |  | 0.987031 | 0 | 0.160528 | 0.987031 | 0
SCRIPT       : DATA_LOG | 856540 | aRapBi1cCZPZAGLIDny3dk3hQ8vTmNTLHRl8zxmKgQ0= | 2402.56 | 364.548 | 6813.87 | 0.604828 | -0.796356 | 0 | SVD_Wooden | 0 | 41.5732 | 280.657 | 0 | 1 | 1 | 0 | 0 | 0 | 0 | 1 | camera |  | 0.604828 | 0 | -0.796356 | 0.604828
SCRIPT       : DATA_LOG | 857525 | aRapBi1cCZPZAGLIDny3dk3hQ8vTmNTLHRl8zxmKgQ0= | 2405.58 | 364.733 | 6813.25 | -0.845894 | -0.533351 | 0 | SVD_Wooden | 0 | 136.564 | 277.576 | 0 | 1 | 1 | 0 | 0 | 0 | 0 | 1 | camera |  | -0.845894 | 0 | -0.533351 | -0.845
SCRIPT       : DATA_LOG | 858525 | aRapBi1cCZPZAGLIDny3dk3hQ8vTmNTLHRl8zxmKgQ0= | 2406.78 | 364.874 | 6810.45 | -0.976994 | -0.213268 | 0 | SVD_Wooden | 0 | 157.003 | 275.868 | 0 | 1 | 1 | 0 | 0 | 0 | 0 | 1 | camera |  | -0.976994 | 0 | -0.213268 | -0.976
SCRIPT       : DATA_LOG | 859530 | aRapBi1cCZPZAGLIDny3dk3hQ8vTmNTLHRl8zxmKgQ0= | 2408.22 | 364.96 | 6809.61 | -0.973785 | -0.227469 | 0 | SVD_Wooden | 0 | 156.284 | 274.289 | 0 | 1 | 1 | 0 | 0 | 0 | 0 | 1 | camera |  | -0.973785 | 0 | -0.227469 | -0.9737
SCRIPT       : DATA_LOG | 860516 | aRapBi1cCZPZAGLIDny3dk3hQ8vTmNTLHRl8zxmKgQ0= | 2408.22 | 364.96 | 6809.61 | -0.973785 | -0.227469 | 0 | SVD_Wooden | 0 | 156.287 | 274.287 | 0 | 1 | 1 | 0 | 0 | 0 | 0 | 1 | camera |  | -0.973785 | 0 | -0.227469 | -0.9737
SCRIPT       : DATA_LOG | 861526 | aRapBi1cCZPZAGLIDny3dk3hQ8vTmNTLHRl8zxmKgQ0= | 2408.22 | 364.96 | 6809.61 | -0.973785 | -0.227469 | 0 | SVD_Wooden | 0 | 156.284 | 274.283 | 0 | 1 | 1 | 0 | 0 | 0 | 0 | 1 | camera |  | -0.973785 | 0 | -0.227469 | -0.9737
SCRIPT       : DATA_LOG | 862528 | aRapBi1cCZPZAGLIDny3dk3hQ8vTmNTLHRl8zxmKgQ0= | 2408.22 | 364.96 | 6809.61 | -0.973785 | -0.227469 | 0 | SVD_Wooden | 0 | 156.285 | 274.285 | 0 | 1 | 1 | 0 | 0 | 0 | 0 | 1 | camera |  | -0.973785 | 0 | -0.227469 | -0.9737
SCRIPT       : DATA_LOG | 863527 | aRapBi1cCZPZAGLIDny3dk3hQ8vTmNTLHRl8zxmKgQ0= | 2408.22 | 364.96 | 6809.61 | -0.973785 | -0.227469 | 0 | SVD_Wooden | 0 | 156.285 | 274.286 | 0 | 1 | 1 | 0 | 0 | 0 | 0 | 1 | camera |  | -0.973785 | 0 | -0.227469 | -0.9737
SCRIPT       : DATA_LOG | 864528 | aRapBi1cCZPZAGLIDny3dk3hQ8vTmNTLHRl8zxmKgQ0= | 2408.22 | 364.96 | 6809.61 | -0.973785 | -0.227469 | 0 | SVD_Wooden | 0 | 156.285 | 274.288 | 0 | 1 | 1 | 0 | 0 | 0 | 0 | 1 | camera |  | -0.973785 | 0 | -0.227469 | -0.9737
SCRIPT       : DATA_LOG | 865523 | aRapBi1cCZPZAGLIDny3dk3hQ8vTmNTLHRl8zxmKgQ0= | 2408.22 | 364.96 | 6809.61 | -0.973785 | -0.227469 | 0 | SVD_Wooden | 0 | 156.286 | 274.291 | 0 | 1 | 1 | 0 | 0 | 0 | 0 | 1 | camera |  | -0.973785 | 0 | -0.227469 | -0.9737
SCRIPT       : DATA_LOG | 866533 | aRapBi1cCZPZAGLIDny3dk3hQ8vTmNTLHRl8zxmKgQ0= | 2408.25 | 365.083 | 6809.62 | -0.973785 | -0.227469 | 0 | SVD_Wooden | 0 | 156.281 | 274.266 | 0 | 1 | 1 | 0 | 0 | 0 | 0 | 1 | camera | Land_ContainerLocked_Blue_DE | -0.973
SCRIPT       : DATA_LOG | 867530 | aRapBi1cCZPZAGLIDny3dk3hQ8vTmNTLHRl8zxmKgQ0= | 2408.25 | 365.083 | 6809.62 | -0.562192 | 0.827007 | 0 | SVD_Wooden | 0 | 134.776 | 274.264 | 0 | 1 | 1 | 0 | 0 | 0 | 0 | 1 | camera | Land_ContainerLocked_Blue_DE | -0.5621
SCRIPT       : DATA_LOG | 868529 | aRapBi1cCZPZAGLIDny3dk3hQ8vTmNTLHRl8zxmKgQ0= | 2407.89 | 365.083 | 6811.5 | -0.0901876 | 0.995925 | 0 | SVD_Wooden | 0 | 106.117 | 274.961 | 0 | 1 | 1 | 0 | 0 | 0 | 0 | 1 | camera | Land_ContainerLocked_Blue_DE | -0.0901
SCRIPT       : DATA_LOG | 869541 | aRapBi1cCZPZAGLIDny3dk3hQ8vTmNTLHRl8zxmKgQ0= | 2407.89 | 365.083 | 6811.53 | 0.309346 | 0.95095 | 0 | SVD_Wooden | 0 | 82.9276 | 274.972 | 0 | 1 | 1 | 0 | 0 | 0 | 0 | 1 | camera | Land_ContainerLocked_Blue_DE | 0.309346 
SCRIPT       : DATA_LOG | 870533 | aRapBi1cCZPZAGLIDny3dk3hQ8vTmNTLHRl8zxmKgQ0= | 2408.2 | 365.083 | 6808.59 | 0.189229 | -0.981933 | 0 | SVD_Wooden | 0 | 68.7365 | 274.125 | 0 | 1 | 1 | 0 | 0 | 0 | 0 | 1 | camera | Land_ContainerLocked_Blue_DE | 0.189229
SCRIPT       : DATA_LOG | 871540 | aRapBi1cCZPZAGLIDny3dk3hQ8vTmNTLHRl8zxmKgQ0= | 2408.39 | 365.083 | 6807.27 | 0.12146 | -0.992596 | 0 | SVD_Wooden | 0 | 72.9329 | 273.702 | 0 | 1 | 1 | 0 | 0 | 0 | 0 | 1 | camera | Land_ContainerLocked_Blue_DE | 0.12146 
SCRIPT       : DATA_LOG | 872537 | aRapBi1cCZPZAGLIDny3dk3hQ8vTmNTLHRl8zxmKgQ0= | 2407.71 | 365.083 | 6808.71 | 0.543218 | -0.839592 | 0 | SVD_Wooden | 0 | 46.7363 | 274.634 | 0 | 1 | 1 | 0 | 0 | 0 | 0 | 1 | camera | Land_ContainerLocked_Blue_DE | 0.54321
SCRIPT       : DATA_LOG | 873533 | aRapBi1cCZPZAGLIDny3dk3hQ8vTmNTLHRl8zxmKgQ0= | 2408.07 | 365.083 | 6808.91 | 0.729833 | -0.683625 | 0 | SVD_Wooden | 0 | 32.711 | 274.317 | 0 | 1 | 1 | 0 | 0 | 0 | 0 | 1 | camera | Land_ContainerLocked_Blue_DE | 0.729833
SCRIPT       : DATA_LOG | 874533 | aRapBi1cCZPZAGLIDny3dk3hQ8vTmNTLHRl8zxmKgQ0= | 2408.07 | 365.083 | 6808.91 | 0.729833 | -0.683625 | 0 | SVD_Wooden | 0 | 32.7133 | 274.314 | 0 | 1 | 1 | 0 | 0 | 0 | 0 | 1 | camera | Land_ContainerLocked_Blue_DE | 0.72983
SCRIPT       : DATA_LOG | 875544 | aRapBi1cCZPZAGLIDny3dk3hQ8vTmNTLHRl8zxmKgQ0= | 2408.07 | 365.083 | 6808.91 | 0.729833 | -0.683625 | 0 | SVD_Wooden | 0 | 32.7109 | 274.309 | 0 | 1 | 1 | 0 | 0 | 0 | 0 | 1 | camera | Land_ContainerLocked_Blue_DE | 0.72983
SCRIPT       : DATA_LOG | 876538 | aRapBi1cCZPZAGLIDny3dk3hQ8vTmNTLHRl8zxmKgQ0= | 2408.07 | 365.083 | 6808.91 | 0.729833 | -0.683625 | 0 | SVD_Wooden | 0 | 32.7104 | 274.31 | 0 | 1 | 1 | 0 | 0 | 0 | 0 | 1 | camera | Land_ContainerLocked_Blue_DE | 0.729833
SCRIPT       : DATA_LOG | 877545 | aRapBi1cCZPZAGLIDny3dk3hQ8vTmNTLHRl8zxmKgQ0= | 2408.07 | 365.083 | 6808.91 | 0.729833 | -0.683625 | 0 | SVD_Wooden | 0 | 32.7129 | 274.313 | 0 | 1 | 1 | 0 | 0 | 0 | 0 | 1 | camera | Land_ContainerLocked_Blue_DE | 0.72983
SCRIPT       : DATA_LOG | 878544 | aRapBi1cCZPZAGLIDny3dk3hQ8vTmNTLHRl8zxmKgQ0= | 2408.07 | 365.083 | 6808.91 | 0.729833 | -0.683625 | 0 | SVD_Wooden | 0 | 32.7116 | 274.311 | 0 | 1 | 1 | 0 | 0 | 0 | 0 | 1 | camera | Land_ContainerLocked_Blue_DE | 0.72983
SCRIPT       : DATA_LOG | 879554 | aRapBi1cCZPZAGLIDny3dk3hQ8vTmNTLHRl8zxmKgQ0= | 2408.07 | 365.083 | 6808.91 | 0.729833 | -0.683625 | 0 | SVD_Wooden | 0 | 32.7131 | 274.316 | 0 | 1 | 1 | 0 | 0 | 0 | 0 | 1 | camera | Land_ContainerLocked_Blue_DE | 0.72983
SCRIPT       : DATA_LOG | 880545 | aRapBi1cCZPZAGLIDny3dk3hQ8vTmNTLHRl8zxmKgQ0= | 2408.07 | 365.083 | 6808.91 | 0.729833 | -0.683625 | 0 | SVD_Wooden | 0 | 32.7118 | 274.316 | 0 | 1 | 1 | 0 | 0 | 0 | 0 | 1 | camera | Land_ContainerLocked_Blue_DE | 0.72983
SCRIPT       : DATA_LOG | 881545 | aRapBi1cCZPZAGLIDny3dk3hQ8vTmNTLHRl8zxmKgQ0= | 2408.07 | 365.083 | 6808.91 | 0.729833 | -0.683625 | 0 | SVD_Wooden | 0 | 32.7127 | 274.315 | 0 | 1 | 1 | 0 | 0 | 0 | 0 | 1 | camera | Land_ContainerLocked_Blue_DE | 0.72983
SCRIPT       : DATA_LOG | 882570 | aRapBi1cCZPZAGLIDny3dk3hQ8vTmNTLHRl8zxmKgQ0= | 2408.07 | 365.083 | 6808.91 | 0.729833 | -0.683625 | 0 | SVD_Wooden | 0 | 32.7122 | 274.31 | 0 | 1 | 1 | 0 | 0 | 0 | 0 | 1 | camera | Land_ContainerLocked_Blue_DE | 0.729833
SCRIPT       : DATA_LOG | 883577 | aRapBi1cCZPZAGLIDny3dk3hQ8vTmNTLHRl8zxmKgQ0= | 2408.07 | 365.083 | 6808.91 | 0.729833 | -0.683625 | 0 | SVD_Wooden | 0 | 32.7099 | 274.31 | 0 | 1 | 1 | 0 | 0 | 0 | 0 | 1 | camera | Land_ContainerLocked_Blue_DE | 0.729833
SCRIPT       : DATA_LOG | 884577 | aRapBi1cCZPZAGLIDny3dk3hQ8vTmNTLHRl8zxmKgQ0= | 2408.07 | 365.083 | 6808.91 | 0.729833 | -0.683625 | 0 | SVD_Wooden | 0 | 32.7131 | 274.313 | 0 | 1 | 1 | 0 | 0 | 0 | 0 | 1 | camera | Land_ContainerLocked_Blue_DE | 0.72983
SCRIPT       : DATA_LOG | 885580 | aRapBi1cCZPZAGLIDny3dk3hQ8vTmNTLHRl8zxmKgQ0= | 2408.07 | 365.083 | 6808.91 | 0.729833 | -0.683625 | 0 | SVD_Wooden | 0 | 32.7114 | 274.31 | 0 | 1 | 1 | 0 | 0 | 0 | 0 | 1 | camera | Land_ContainerLocked_Blue_DE | 0.729833
SCRIPT       : DATA_LOG | 886583 | aRapBi1cCZPZAGLIDny3dk3hQ8vTmNTLHRl8zxmKgQ0= | 2408.07 | 365.083 | 6808.91 | 0.729833 | -0.683625 | 0 | SVD_Wooden | 0 | 32.7129 | 274.316 | 0 | 1 | 1 | 0 | 0 | 0 | 0 | 1 | camera | Land_ContainerLocked_Blue_DE | 0.72983
SCRIPT       : DATA_LOG | 887578 | aRapBi1cCZPZAGLIDny3dk3hQ8vTmNTLHRl8zxmKgQ0= | 2408.07 | 365.083 | 6808.91 | 0.729833 | -0.683625 | 0 | SVD_Wooden | 0 | 32.7121 | 274.316 | 0 | 1 | 1 | 0 | 0 | 0 | 0 | 1 | camera | Land_ContainerLocked_Blue_DE | 0.72983
SCRIPT       : DATA_LOG | 888582 | aRapBi1cCZPZAGLIDny3dk3hQ8vTmNTLHRl8zxmKgQ0= | 2408.07 | 365.083 | 6808.91 | 0.729833 | -0.683625 | 0 | SVD_Wooden | 0 | 32.712 | 274.316 | 0 | 1 | 1 | 0 | 0 | 0 | 0 | 1 | camera | Land_ContainerLocked_Blue_DE | 0.729833
SCRIPT       : DATA_LOG | 889588 | aRapBi1cCZPZAGLIDny3dk3hQ8vTmNTLHRl8zxmKgQ0= | 2408.07 | 365.083 | 6808.91 | 0.729833 | -0.683625 | 0 | SVD_Wooden | 0 | 32.7125 | 274.311 | 0 | 1 | 1 | 0 | 0 | 0 | 0 | 1 | camera | Land_ContainerLocked_Blue_DE | 0.72983
SCRIPT       : DATA_LOG | 890589 | aRapBi1cCZPZAGLIDny3dk3hQ8vTmNTLHRl8zxmKgQ0= | 2408.07 | 365.083 | 6808.91 | 0.729833 | -0.683625 | 0 | SVD_Wooden | 0 | 32.7094 | 274.309 | 0 | 1 | 1 | 0 | 0 | 0 | 0 | 1 | camera | Land_ContainerLocked_Blue_DE | 0.72983
SCRIPT       : DATA_LOG | 891582 | aRapBi1cCZPZAGLIDny3dk3hQ8vTmNTLHRl8zxmKgQ0= | 2408.07 | 365.083 | 6808.91 | 0.729833 | -0.683625 | 0 | SVD_Wooden | 0 | 32.713 | 274.312 | 0 | 1 | 1 | 0 | 0 | 0 | 0 | 1 | camera | Land_ContainerLocked_Blue_DE | 0.729833
SCRIPT       : DATA_LOG | 892592 | aRapBi1cCZPZAGLIDny3dk3hQ8vTmNTLHRl8zxmKgQ0= | 2408.07 | 365.083 | 6808.91 | 0.729833 | -0.683625 | 0 | SVD_Wooden | 0 | 32.7113 | 274.31 | 0 | 1 | 1 | 0 | 0 | 0 | 0 | 1 | camera | Land_ContainerLocked_Blue_DE | 0.729833
SCRIPT       : DATA_LOG | 893583 | aRapBi1cCZPZAGLIDny3dk3hQ8vTmNTLHRl8zxmKgQ0= | 2408.07 | 365.083 | 6808.91 | 0.729833 | -0.683625 | 0 | SVD_Wooden | 0 | 32.7127 | 274.315 | 0 | 1 | 1 | 0 | 0 | 0 | 0 | 1 | camera | Land_ContainerLocked_Blue_DE | 0.72983
SCRIPT       : DATA_LOG | 894591 | aRapBi1cCZPZAGLIDny3dk3hQ8vTmNTLHRl8zxmKgQ0= | 2408.07 | 365.083 | 6808.91 | 0.729833 | -0.683625 | 0 | SVD_Wooden | 0 | 32.7123 | 274.317 | 0 | 1 | 1 | 0 | 0 | 0 | 0 | 1 | camera | Land_ContainerLocked_Blue_DE | 0.72983
SCRIPT       : DATA_LOG | 895587 | aRapBi1cCZPZAGLIDny3dk3hQ8vTmNTLHRl8zxmKgQ0= | 2408.07 | 365.083 | 6808.91 | 0.729833 | -0.683625 | 0 | SVD_Wooden | 0 | 32.7111 | 274.316 | 0 | 1 | 1 | 0 | 0 | 0 | 0 | 1 | camera | Land_ContainerLocked_Blue_DE | 0.72983
SCRIPT       : DATA_LOG | 896586 | aRapBi1cCZPZAGLIDny3dk3hQ8vTmNTLHRl8zxmKgQ0= | 2422.78 | 365.289 | 6830.39 | 0.729833 | -0.683625 | 0 | SVD_Wooden | 0 | 27.5586 | 264.796 | 0 | 1 | 1 | 0 | 0 | 0 | 0 | 1 | camera |  | 0.729833 | 0 | -0.683625 | 0.729833
SCRIPT       : DATA_LOG | 897600 | aRapBi1cCZPZAGLIDny3dk3hQ8vTmNTLHRl8zxmKgQ0= | 2422.77 | 365.317 | 6830.3 | -0.254142 | -0.967167 | 0 | SVD_Wooden | 0 | 89.1697 | 264.781 | 0 | 1 | 1 | 0 | 0 | 0 | 0 | 1 | camera |  | -0.254142 | 0 | -0.967167 | -0.2541
SCRIPT       : DATA_LOG | 898592 | aRapBi1cCZPZAGLIDny3dk3hQ8vTmNTLHRl8zxmKgQ0= | 2422.42 | 365.318 | 6829.8 | 0.32447 | 0.945896 | 0 | SVD_Wooden | 0 | 86.4933 | 264.986 | 0 | 1 | 1 | 0 | 0 | 0 | 0 | 1 | camera |  | 0.32447 | 0 | 0.945896 | 0.32447 | 0 |
SCRIPT       : DATA_LOG | 899598 | aRapBi1cCZPZAGLIDny3dk3hQ8vTmNTLHRl8zxmKgQ0= | 2422.83 | 365.38 | 6828.4 | -0.846044 | -0.533113 | 0 | SVD_Wooden | 0 | 132.626 | 264.216 | 0 | 1 | 1 | 0 | 0 | 0 | 0 | 1 | camera |  | -0.846044 | 0 | -0.533113 | -0.84604
SCRIPT       : DATA_LOG | 900608 | aRapBi1cCZPZAGLIDny3dk3hQ8vTmNTLHRl8zxmKgQ0= | 2419.28 | 365.299 | 6825.15 | -0.778027 | -0.628231 | 0 | SVD_Wooden | 0 | 126.797 | 266.828 | 0 | 1 | 1 | 0 | 0 | 0 | 0 | 1 | camera |  | -0.778027 | 0 | -0.628231 | -0.778
SCRIPT       : DATA_LOG | 901602 | aRapBi1cCZPZAGLIDny3dk3hQ8vTmNTLHRl8zxmKgQ0= | 2414.57 | 365.163 | 6820.48 | -0.644219 | -0.764841 | 0 | SVD_Wooden | 0 | 117.028 | 270.305 | 0 | 1 | 1 | 0 | 0 | 0 | 0 | 1 | camera |  | -0.644219 | 0 | -0.764841 | -0.644
SCRIPT       : DATA_LOG | 902609 | aRapBi1cCZPZAGLIDny3dk3hQ8vTmNTLHRl8zxmKgQ0= | 2410.15 | 364.953 | 6815.47 | -0.601585 | -0.798809 | 0 | SVD_Wooden | 0 | 115.135 | 273.544 | 0 | 1 | 1 | 0 | 0 | 0 | 0 | 1 | camera |  | -0.601585 | 0 | -0.798809 | -0.601
SCRIPT       : DATA_LOG | 903607 | aRapBi1cCZPZAGLIDny3dk3hQ8vTmNTLHRl8zxmKgQ0= | 2408.54 | 364.909 | 6813.12 | -0.120497 | -0.992714 | 0 | SVD_Wooden | 0 | 85.6249 | 274.641 | 0 | 1 | 1 | 0 | 0 | 0 | 0 | 1 | camera |  | -0.120497 | 0 | -0.992714 | -0.120
SCRIPT       : DATA_LOG | 904599 | aRapBi1cCZPZAGLIDny3dk3hQ8vTmNTLHRl8zxmKgQ0= | 2408.54 | 364.912 | 6812.98 | 0.100879 | -0.994899 | 0 | SVD_Wooden | 0 | 72.9372 | 274.616 | 0 | 1 | 1 | 0 | 0 | 0 | 0 | 1 | camera |  | 0.100879 | 0 | -0.994899 | 0.100879
SCRIPT       : DATA_LOG | 905611 | aRapBi1cCZPZAGLIDny3dk3hQ8vTmNTLHRl8zxmKgQ0= | 2409.59 | 364.954 | 6813.83 | 0.0875338 | -0.996162 | 0 | SVD_Wooden | 0 | 73.4903 | 273.749 | 0 | 1 | 1 | 0 | 0 | 0 | 0 | 1 | camera |  | 0.0875338 | 0 | -0.996162 | 0.0875
SCRIPT       : DATA_LOG | 906605 | aRapBi1cCZPZAGLIDny3dk3hQ8vTmNTLHRl8zxmKgQ0= | 2409.59 | 364.954 | 6813.83 | 0.087534 | -0.996162 | 0 | SVD_Wooden | 0 | 73.4899 | 273.749 | 0 | 1 | 1 | 0 | 0 | 0 | 0 | 1 | camera |  | 0.087534 | 0 | -0.996162 | 0.087534
SCRIPT       : DATA_LOG | 907607 | aRapBi1cCZPZAGLIDny3dk3hQ8vTmNTLHRl8zxmKgQ0= | 2409.59 | 364.954 | 6813.83 | 0.0875343 | -0.996162 | 0 | SVD_Wooden | 0 | 73.4903 | 273.752 | 0 | 1 | 1 | 0 | 0 | 0 | 0 | 1 | camera |  | 0.0875343 | 0 | -0.996162 | 0.0875
SCRIPT       : DATA_LOG | 908609 | aRapBi1cCZPZAGLIDny3dk3hQ8vTmNTLHRl8zxmKgQ0= | 2409.59 | 364.954 | 6813.83 | 0.0875345 | -0.996162 | 0 | SVD_Wooden | 0 | 73.491 | 273.755 | 0 | 1 | 1 | 0 | 0 | 0 | 0 | 1 | camera |  | 0.0875345 | 0 | -0.996162 | 0.08753
SCRIPT       : DATA_LOG | 909614 | aRapBi1cCZPZAGLIDny3dk3hQ8vTmNTLHRl8zxmKgQ0= | 2409.59 | 364.954 | 6813.83 | 0.0875347 | -0.996162 | 0 | SVD_Wooden | 0 | 73.4889 | 273.753 | 0 | 1 | 1 | 0 | 0 | 0 | 0 | 1 | camera |  | 0.0875347 | 0 | -0.996162 | 0.0875
SCRIPT       : DATA_LOG | 910611 | aRapBi1cCZPZAGLIDny3dk3hQ8vTmNTLHRl8zxmKgQ0= | 2409.12 | 364.932 | 6813.59 | 0.0229214 | -0.999737 | 0 | SVD_Wooden | 0 | 77.2698 | 274.169 | 0 | 1 | 1 | 0 | 0 | 0 | 0 | 1 | camera |  | 0.0229214 | 0 | -0.999737 | 0.0229
SCRIPT       : DATA_LOG | 911614 | aRapBi1cCZPZAGLIDny3dk3hQ8vTmNTLHRl8zxmKgQ0= | 2408.8 | 364.928 | 6812.98 | 0.128868 | -0.991662 | 0 | SVD_Wooden | 0 | 71.3134 | 274.355 | 0 | 1 | 1 | 0 | 0 | 0 | 0 | 1 | camera |  | 0.128868 | 0 | -0.991662 | 0.128868 
SCRIPT       : DATA_LOG | 912619 | aRapBi1cCZPZAGLIDny3dk3hQ8vTmNTLHRl8zxmKgQ0= | 2409.14 | 364.948 | 6813.01 | 0.179584 | -0.983743 | 0 | SVD_Wooden | 0 | 68.3532 | 274.032 | 0 | 1 | 1 | 0 | 0 | 0 | 0 | 1 | camera |  | 0.179584 | 0 | -0.983743 | 0.179584
SCRIPT       : DATA_LOG | 913622 | aRapBi1cCZPZAGLIDny3dk3hQ8vTmNTLHRl8zxmKgQ0= | 2411.36 | 365.101 | 6812.22 | -0.756227 | -0.65431 | 0 | SVD_Wooden | 0 | 127.905 | 271.699 | 0 | 1 | 1 | 0 | 0 | 0 | 0 | 1 | camera |  | -0.756227 | 0 | -0.65431 | -0.75622
SCRIPT       : DATA_LOG | 914613 | aRapBi1cCZPZAGLIDny3dk3hQ8vTmNTLHRl8zxmKgQ0= | 2411.43 | 365.104 | 6812.26 | -0.797472 | -0.603356 | 0 | SVD_Wooden | 0 | 131.649 | 271.645 | 0 | 1 | 1 | 0 | 0 | 0 | 0 | 1 | camera |  | -0.797472 | 0 | -0.603356 | -0.797
SCRIPT       : DATA_LOG | 915615 | aRapBi1cCZPZAGLIDny3dk3hQ8vTmNTLHRl8zxmKgQ0= | 2411.7 | 365.115 | 6812.45 | -0.812276 | -0.583273 | 0 | SVD_Wooden | 0 | 133.029 | 271.42 | 0 | 1 | 1 | 0 | 0 | 0 | 0 | 1 | camera |  | -0.812276 | 0 | -0.583273 | -0.81227
SCRIPT       : DATA_LOG | 916622 | aRapBi1cCZPZAGLIDny3dk3hQ8vTmNTLHRl8zxmKgQ0= | 2411.23 | 365.09 | 6812.34 | -0.976535 | -0.215357 | 0 | SVD_Wooden | 0 | 156.314 | 271.853 | 0 | 1 | 1 | 0 | 0 | 0 | 0 | 1 | camera |  | -0.976535 | 0 | -0.215357 | -0.9765
SCRIPT       : DATA_LOG | 917617 | aRapBi1cCZPZAGLIDny3dk3hQ8vTmNTLHRl8zxmKgQ0= | 2409.42 | 367.558 | 6812.08 | -1 | -0.000210134 | 0 | SVD_Wooden | 1 | 168.857 | 273.593 | 0 | 1 | 1 | 0 | 0 | 0 | 0 | 1 | camera | none | -1 | 0 | -0.000210134 | -1 | 0 | -
SCRIPT       : DATA_LOG | 918612 | aRapBi1cCZPZAGLIDny3dk3hQ8vTmNTLHRl8zxmKgQ0= | 2409.37 | 367.559 | 6812.08 | -1 | 6.27833e-07 | 0 | SVD_Wooden | 1 | 168.868 | 273.638 | 0 | 1 | 1 | 0 | 0 | 0 | 0 | 1 | camera | none | -1 | 0 | 6.27833e-07 | -1 | 0 | 6.2
SCRIPT       : DATA_LOG | 919624 | aRapBi1cCZPZAGLIDny3dk3hQ8vTmNTLHRl8zxmKgQ0= | 2409.15 | 367.559 | 6812.08 | -1 | 6.27833e-07 | 0 | SVD_Wooden | 0 | 168.877 | 273.846 | 0 | 1 | 1 | 0 | 0 | 0 | 0 | 1 | camera | Land_ContainerLocked_Blue_DE | -1 | 0 | 6.
SCRIPT       : DATA_LOG | 920614 | aRapBi1cCZPZAGLIDny3dk3hQ8vTmNTLHRl8zxmKgQ0= | 2408.2 | 367.561 | 6810.9 | 0.968322 | -0.249706 | 0 | SVD_Wooden | 0 | 3.66992 | 274.567 | 0 | 1 | 1 | 1 | 0 | 0 | 0 | 1 | camera | Land_ContainerLocked_Blue_DE | 0.968322 
SCRIPT       : DATA_LOG | 921622 | aRapBi1cCZPZAGLIDny3dk3hQ8vTmNTLHRl8zxmKgQ0= | 2408.2 | 367.561 | 6810.9 | 0.994196 | -0.107588 | 0 | SVD_Wooden | 0 | 4.68442 | 274.565 | 0 | 1 | 1 | 1 | 0 | 0 | 0 | 1 | camera | Land_ContainerLocked_Blue_DE | 0.994196 
SCRIPT       : DATA_LOG | 922624 | aRapBi1cCZPZAGLIDny3dk3hQ8vTmNTLHRl8zxmKgQ0= | 2407.94 | 367.561 | 6810.92 | 0.557058 | -0.830474 | 0 | SVD_Wooden | 0 | 45.3275 | 274.822 | 0 | 1 | 1 | 0 | 0 | 0 | 0 | 1 | camera | Land_ContainerLocked_Blue_DE | 0.55705
SCRIPT       : DATA_LOG | 923622 | aRapBi1cCZPZAGLIDny3dk3hQ8vTmNTLHRl8zxmKgQ0= | 2408.48 | 367.561 | 6809.5 | -0.907362 | -0.420351 | 0 | SVD_Wooden | 0 | 144.585 | 274.028 | 0 | 1 | 1 | 0 | 0 | 0 | 0 | 1 | camera | Land_ContainerLocked_Blue_DE | -0.9073
SCRIPT       : DATA_LOG | 924623 | aRapBi1cCZPZAGLIDny3dk3hQ8vTmNTLHRl8zxmKgQ0= | 2408.47 | 367.561 | 6807.88 | 0.733042 | -0.680184 | 0 | SVD_Wooden | 0 | 32.6428 | 273.749 | 0 | 1 | 1 | 0 | 0 | 0 | 0 | 1 | camera | Land_ContainerLocked_Blue_DE | 0.73304
SCRIPT       : DATA_LOG | 925623 | aRapBi1cCZPZAGLIDny3dk3hQ8vTmNTLHRl8zxmKgQ0= | 2408.47 | 367.561 | 6807.88 | 0.928368 | -0.371662 | 0 | SVD_Wooden | 0 | 11.6097 | 273.744 | 0 | 1 | 1 | 0 | 0 | 0 | 0 | 1 | camera | Land_ContainerLocked_Blue_DE | 0.92836
SCRIPT       : DATA_LOG | 926628 | aRapBi1cCZPZAGLIDny3dk3hQ8vTmNTLHRl8zxmKgQ0= | 2408.47 | 367.561 | 6807.88 | 0.928368 | -0.371662 | 0 | SVD_Wooden | 0 | 11.6085 | 273.745 | 0 | 1 | 1 | 0 | 0 | 0 | 0 | 1 | camera | Land_ContainerLocked_Blue_DE | 0.92836
SCRIPT       : DATA_LOG | 927631 | aRapBi1cCZPZAGLIDny3dk3hQ8vTmNTLHRl8zxmKgQ0= | 2408.47 | 367.561 | 6807.88 | 0.5211 | -0.853496 | 0 | SVD_Wooden | 0 | 48.3772 | 273.748 | 0 | 1 | 1 | 0 | 0 | 0 | 0 | 1 | camera | Land_ContainerLocked_Blue_DE | 0.5211 | 
SCRIPT       : DATA_LOG | 928639 | aRapBi1cCZPZAGLIDny3dk3hQ8vTmNTLHRl8zxmKgQ0= | 2408.47 | 367.561 | 6807.88 | 0.908647 | -0.417566 | 0 | SVD_Wooden | 0 | 14.4702 | 273.745 | 0 | 1 | 1 | 0 | 0 | 0 | 0 | 1 | camera | Land_ContainerLocked_Blue_DE | 0.90864
SCRIPT       : DATA_LOG | 929635 | aRapBi1cCZPZAGLIDny3dk3hQ8vTmNTLHRl8zxmKgQ0= | 2408.48 | 367.561 | 6807.79 | 0.24753 | -0.96888 | 0 | SVD_Wooden | 0 | 65.4697 | 273.716 | 0 | 1 | 1 | 0 | 0 | 0 | 0 | 1 | camera | Land_ContainerLocked_Blue_DE | 0.24753 |
SCRIPT       : DATA_LOG | 930645 | aRapBi1cCZPZAGLIDny3dk3hQ8vTmNTLHRl8zxmKgQ0= | 2408.79 | 365.835 | 6805.45 | 0.0542245 | -0.998529 | 0 | SVD_Wooden | 0 | 77.1621 | 273.003 | 0 | 1 | 1 | 0 | 0 | 0 | 0 | 1 | camera |  | 0.0542245 | 0 | -0.998529 | 0.0542
SCRIPT       : DATA_LOG | 931638 | aRapBi1cCZPZAGLIDny3dk3hQ8vTmNTLHRl8zxmKgQ0= | 2409.01 | 364.974 | 6805.76 | 0.901649 | 0.432468 | 0 | SVD_Wooden | 0 | 35.4265 | 272.84 | 0 | 1 | 1 | 0 | 0 | 0 | 0 | 1 | camera |  | 0.901649 | 0 | 0.432468 | 0.901649 | 
SCRIPT       : DATA_LOG | 932641 | aRapBi1cCZPZAGLIDny3dk3hQ8vTmNTLHRl8zxmKgQ0= | 2411.76 | 365.176 | 6810.22 | -0.227263 | 0.973833 | 0 | SVD_Wooden | 0 | 113.965 | 270.918 | 0 | 1 | 1 | 0 | 0 | 0 | 0 | 1 | camera |  | -0.227263 | 0 | 0.973833 | -0.22726
SCRIPT       : DATA_LOG | 933639 | aRapBi1cCZPZAGLIDny3dk3hQ8vTmNTLHRl8zxmKgQ0= | 2410.08 | 364.989 | 6813.61 | -0.637521 | 0.770433 | 0 | SVD_Wooden | 0 | 141.072 | 273.226 | 0 | 1 | 1 | 0 | 0 | 0 | 0 | 1 | camera |  | -0.637521 | -0 | 0.770433 | -0.6375
SCRIPT       : DATA_LOG | 934802 | aRapBi1cCZPZAGLIDny3dk3hQ8vTmNTLHRl8zxmKgQ0= | 2410.08 | 364.989 | 6813.61 | -0.637521 | 0.770433 | 0 | SVD_Wooden | 0 | 141.068 | 273.229 | 0 | 1 | 1 | 0 | 0 | 0 | 0 | 1 | camera |  | -0.637521 | -0 | 0.770433 | -0.6375
SCRIPT       : DATA_LOG | 935798 | aRapBi1cCZPZAGLIDny3dk3hQ8vTmNTLHRl8zxmKgQ0= | 2410.18 | 364.998 | 6813.49 | 0.536323 | 0.844013 | 0 | SVD_Wooden | 0 | 69.0096 | 273.109 | 0 | 1 | 1 | 0 | 0 | 0 | 0 | 1 | camera |  | 0.536323 | 0 | 0.844013 | 0.536323 |
SCRIPT       : DATA_LOG | 936815 | aRapBi1cCZPZAGLIDny3dk3hQ8vTmNTLHRl8zxmKgQ0= | 2412.91 | 365.229 | 6809.05 | 0.184134 | -0.982901 | 0 | SVD_Wooden | 0 | 68.7577 | 269.581 | 0 | 1 | 1 | 0 | 0 | 0 | 0 | 1 | camera |  | 0.184134 | 0 | -0.982901 | 0.184134
SCRIPT       : DATA_LOG | 937815 | aRapBi1cCZPZAGLIDny3dk3hQ8vTmNTLHRl8zxmKgQ0= | 2412.44 | 365.1 | 6802.41 | -0.0659413 | -0.997824 | 0 | SVD_Wooden | 0 | 84.5594 | 268.903 | 0 | 1 | 1 | 0 | 0 | 0 | 0 | 1 | camera |  | -0.0659413 | 0 | -0.997824 | -0.065
SCRIPT       : DATA_LOG | 938811 | aRapBi1cCZPZAGLIDny3dk3hQ8vTmNTLHRl8zxmKgQ0= | 2411.01 | 364.876 | 6795.91 | 0.422197 | -0.906504 | 0 | SVD_Wooden | 0 | 57.2183 | 269.348 | 0 | 1 | 1 | 0 | 0 | 0 | 0 | 1 | camera |  | 0.422197 | 0 | -0.906504 | 0.422197
SCRIPT       : DATA_LOG | 939826 | aRapBi1cCZPZAGLIDny3dk3hQ8vTmNTLHRl8zxmKgQ0= | 2410.82 | 364.646 | 6789.24 | 0.730952 | -0.682428 | 0 | SVD_Wooden | 0 | 36.6408 | 268.712 | 0 | 1 | 1 | 0 | 0 | 0 | 0 | 1 | camera |  | 0.730952 | 0 | -0.682428 | 0.730952
SCRIPT       : DATA_LOG | 940859 | aRapBi1cCZPZAGLIDny3dk3hQ8vTmNTLHRl8zxmKgQ0= | 2408.94 | 364.084 | 6784.46 | -0.615968 | -0.787771 | 0 | SVD_Wooden | 0 | 122.676 | 270.089 | 0 | 1 | 1 | 0 | 0 | 0 | 0 | 1 | camera |  | -0.615968 | 0 | -0.787771 | -0.615
SCRIPT       : DATA_LOG | 941839 | aRapBi1cCZPZAGLIDny3dk3hQ8vTmNTLHRl8zxmKgQ0= | 2403.45 | 363.095 | 6781.4 | -0.71074 | -0.703455 | 0 | SVD_Wooden | 0 | 130.694 | 275.305 | 0 | 1 | 1 | 0 | 0 | 0 | 0 | 1 | camera |  | -0.71074 | 0 | -0.703455 | -0.71074 
SCRIPT       : DATA_LOG | 942827 | aRapBi1cCZPZAGLIDny3dk3hQ8vTmNTLHRl8zxmKgQ0= | 2402.4 | 363.091 | 6780.4 | -0.747196 | -0.664604 | 0 | SVD_Wooden | 0 | 133.968 | 276.273 | 0 | 1 | 1 | 0 | 0 | 0 | 0 | 1 | camera |  | -0.747196 | 0 | -0.664604 | -0.74719
SCRIPT       : DATA_LOG | 943835 | aRapBi1cCZPZAGLIDny3dk3hQ8vTmNTLHRl8zxmKgQ0= | 2400.75 | 362.785 | 6777.82 | 0.560663 | -0.828044 | 0 | SVD_Wooden | 0 | 52.0805 | 277.742 | 0 | 1 | 1 | 0 | 0 | 0 | 0 | 1 | camera |  | 0.560663 | 0 | -0.828044 | 0.560663
SCRIPT       : DATA_LOG | 944838 | aRapBi1cCZPZAGLIDny3dk3hQ8vTmNTLHRl8zxmKgQ0= | 2396.58 | 363.175 | 6774.96 | -0.410266 | -0.911966 | 0 | SVD_Wooden | 0 | 111.038 | 281.72 | 0 | 1 | 1 | 0 | 0 | 0 | 0 | 1 | camera |  | -0.410266 | 0 | -0.911966 | -0.4102
SCRIPT       : DATA_LOG | 945836 | aRapBi1cCZPZAGLIDny3dk3hQ8vTmNTLHRl8zxmKgQ0= | 2392.38 | 363.893 | 6769.84 | -0.585149 | -0.810926 | 0 | SVD_Wooden | 0 | 123.701 | 285.676 | 0 | 1 | 1 | 0 | 0 | 0 | 0 | 1 | camera |  | -0.585149 | 0 | -0.810926 | -0.585
SCRIPT       : DATA_LOG | 946852 | aRapBi1cCZPZAGLIDny3dk3hQ8vTmNTLHRl8zxmKgQ0= | 2387.16 | 363.791 | 6765.65 | -0.484952 | -0.874541 | 0 | SVD_Wooden | 0 | 117.761 | 290.77 | 0 | 1 | 1 | 0 | 0 | 0 | 0 | 1 | camera |  | -0.484952 | 0 | -0.874541 | -0.4849
SCRIPT       : DATA_LOG | 947836 | aRapBi1cCZPZAGLIDny3dk3hQ8vTmNTLHRl8zxmKgQ0= | 2382.14 | 363.691 | 6761.23 | -0.484035 | -0.875049 | 0 | SVD_Wooden | 0 | 118.575 | 295.727 | 0 | 1 | 1 | 0 | 0 | 0 | 0 | 1 | camera |  | -0.484035 | 0 | -0.875049 | -0.484
SCRIPT       : DATA_LOG | 948838 | aRapBi1cCZPZAGLIDny3dk3hQ8vTmNTLHRl8zxmKgQ0= | 2377.89 | 363.505 | 6756.07 | -0.265159 | -0.964205 | 0 | SVD_Wooden | 0 | 105.996 | 299.992 | 0 | 1 | 1 | 0 | 0 | 0 | 0 | 1 | camera |  | -0.265159 | 0 | -0.964205 | -0.265
SCRIPT       : DATA_LOG | 949831 | aRapBi1cCZPZAGLIDny3dk3hQ8vTmNTLHRl8zxmKgQ0= | 2375.63 | 363.506 | 6752.03 | 0.991879 | 0.127188 | 0 | SVD_Wooden | 0 | 5.93409 | 302.321 | 0 | 1 | 1 | 0 | 0 | 0 | 0 | 1 | camera |  | 0.991879 | 0 | 0.127188 | 0.991879 |
SCRIPT       : DATA_LOG | 950848 | aRapBi1cCZPZAGLIDny3dk3hQ8vTmNTLHRl8zxmKgQ0= | 2373.64 | 363.503 | 6749.63 | 0.978995 | 0.203885 | 0 | SVD_Wooden | 0 | 9.94467 | 304.383 | 0 | 1 | 1 | 0 | 0 | 0 | 0 | 1 | camera |  | 0.978995 | 0 | 0.203885 | 0.978995 |
SCRIPT       : DATA_LOG | 951826 | aRapBi1cCZPZAGLIDny3dk3hQ8vTmNTLHRl8zxmKgQ0= | 2371.13 | 363.565 | 6748 | 0.978995 | 0.203885 | 0 | SVD_Wooden | 1 | 9.65523 | 306.946 | 0 | 1 | 1 | 0 | 0 | 0 | 0 | 1 | camera | none | 0.978995 | 0 | 0.203885 | 0.978995 
SCRIPT       : DATA_LOG | 952830 | aRapBi1cCZPZAGLIDny3dk3hQ8vTmNTLHRl8zxmKgQ0= | 2369.36 | 363.547 | 6745.3 | 0.978995 | 0.203885 | 0 | SVD_Wooden | 1 | 9.16819 | 308.823 | 0 | 1 | 1 | 0 | 0 | 0 | 0 | 1 | camera | none | 0.978995 | 0 | 0.203885 | 0.97899
SCRIPT       : DATA_LOG | 953829 | aRapBi1cCZPZAGLIDny3dk3hQ8vTmNTLHRl8zxmKgQ0= | 2367.29 | 363.578 | 6743.64 | 0.998794 | -0.049101 | 0 | SVD_Wooden | 1 | 5.71062 | 310.97 | 0 | 1 | 1 | 0 | 0 | 0 | 0 | 1 | camera | none | 0.998794 | 0 | -0.049101 | 0.998
SCRIPT       : DATA_LOG | 954831 | aRapBi1cCZPZAGLIDny3dk3hQ8vTmNTLHRl8zxmKgQ0= | 2364.29 | 363.677 | 6743.77 | 0.998979 | -0.0451808 | 0 | SVD_Wooden | 1 | 5.42957 | 313.954 | 0 | 1 | 1 | 0 | 0 | 0 | 0 | 1 | camera | target | 0.998979 | 0 | -0.0451808 | 
SCRIPT       : DATA_LOG | 955842 | aRapBi1cCZPZAGLIDny3dk3hQ8vTmNTLHRl8zxmKgQ0= | 2361.21 | 363.683 | 6742.03 | -0.827162 | -0.561963 | 0 | SVD_Wooden | 0 | 148.933 | 317.12 | 0 | 1 | 1 | 0 | 0 | 0 | 0 | 1 | camera |  | -0.827162 | 0 | -0.561963 | -0.8271
SCRIPT       : DATA_LOG | 956853 | aRapBi1cCZPZAGLIDny3dk3hQ8vTmNTLHRl8zxmKgQ0= | 2356.07 | 363.448 | 6738.18 | -0.850167 | -0.526513 | 0 | SVD_Wooden | 0 | 151.986 | 322.484 | 0 | 1 | 1 | 0 | 0 | 0 | 0 | 1 | camera |  | -0.850167 | 0 | -0.526513 | -0.850
SCRIPT       : DATA_LOG | 957847 | aRapBi1cCZPZAGLIDny3dk3hQ8vTmNTLHRl8zxmKgQ0= | 2350.85 | 363.196 | 6734.36 | -0.778831 | -0.627234 | 0 | SVD_Wooden | 0 | 145.516 | 327.969 | 0 | 1 | 1 | 0 | 0 | 0 | 0 | 1 | camera |  | -0.778831 | 0 | -0.627234 | -0.778
SCRIPT       : DATA_LOG | 958832 | aRapBi1cCZPZAGLIDny3dk3hQ8vTmNTLHRl8zxmKgQ0= | 2345.04 | 362.79 | 6730.61 | -0.777656 | -0.62869 | 0 | SVD_Wooden | 0 | 145.974 | 334.064 | 0 | 1 | 1 | 0 | 0 | 0 | 0 | 1 | camera |  | -0.777656 | 0 | -0.62869 | -0.777656
SCRIPT       : DATA_LOG | 959961 | aRapBi1cCZPZAGLIDny3dk3hQ8vTmNTLHRl8zxmKgQ0= | 2342.84 | 362.565 | 6727.58 | 0.997976 | 0.0635964 | 0 | SVD_Wooden | 0 | 1.81262 | 336.524 | 0 | 1 | 1 | 1 | 0 | 0 | 0 | 1 | camera |  | 0.997976 | 0 | 0.0635964 | 0.997976
SCRIPT       : DATA_LOG | 960839 | aRapBi1cCZPZAGLIDny3dk3hQ8vTmNTLHRl8zxmKgQ0= | 2340.08 | 362.301 | 6726.69 | 0.997042 | 0.0768574 | 0 | SVD_Wooden | 0 | 1.2004 | 339.36 | 0 | 1 | 1 | 1 | 0 | 0 | 0 | 1 | camera |  | 0.997042 | 0 | 0.0768574 | 0.997042 |
SCRIPT       : DATA_LOG | 961841 | aRapBi1cCZPZAGLIDny3dk3hQ8vTmNTLHRl8zxmKgQ0= | 2338.75 | 362.162 | 6725.25 | 0.994585 | 0.103928 | 1 | SVD_Wooden | 0 | 0.530818 | 340.821 | 0 | 1 | 1 | 1 | 1 | 1 | 1 | 1 | camera |  | 0.994585 | 0 | 0.103928 | 0.994585 
SCRIPT       : DATA_LOG | 962907 | aRapBi1cCZPZAGLIDny3dk3hQ8vTmNTLHRl8zxmKgQ0= | 2336.85 | 361.98 | 6724.41 | 0.781917 | -0.623382 | 0 | SVD_Wooden | 0 | 44.4104 | 342.802 | 0 | 1 | 1 | 0 | 0 | 0 | 0 | 1 | camera |  | 0.781917 | 0 | -0.623382 | 0.781917 
SCRIPT       : DATA_LOG | 963840 | aRapBi1cCZPZAGLIDny3dk3hQ8vTmNTLHRl8zxmKgQ0= | 2332.48 | 361.622 | 6722.71 | -0.951532 | -0.307549 | 0 | SVD_Wooden | 0 | 168.126 | 347.326 | 0 | 1 | 1 | 0 | 0 | 0 | 0 | 1 | camera |  | -0.951532 | 0 | -0.307549 | -0.951
SCRIPT       : DATA_LOG | 964854 | aRapBi1cCZPZAGLIDny3dk3hQ8vTmNTLHRl8zxmKgQ0= | 2326.68 | 361.598 | 6719.49 | -0.814624 | -0.579989 | 0 | SVD_Wooden | 0 | 151.016 | 353.446 | 0 | 1 | 1 | 0 | 0 | 0 | 0 | 1 | camera |  | -0.814624 | 0 | -0.579989 | -0.814
SCRIPT       : DATA_LOG | 965852 | aRapBi1cCZPZAGLIDny3dk3hQ8vTmNTLHRl8zxmKgQ0= | 2320.2 | 361.422 | 6718.31 | -0.814643 | -0.579962 | 0 | SVD_Wooden | 0 | 151.087 | 360.029 | 0 | 1 | 1 | 0 | 0 | 0 | 0 | 1 | camera |  | -0.814643 | 0 | -0.579962 | -0.8146
SCRIPT       : DATA_LOG | 966860 | aRapBi1cCZPZAGLIDny3dk3hQ8vTmNTLHRl8zxmKgQ0= | 2316.3 | 361.304 | 6719 | -0.827423 | -0.561578 | 0 | SVD_Wooden | 0 | 152.191 | 363.825 | 0 | 1 | 1 | 0 | 0 | 0 | 0 | 1 | camera |  | -0.827423 | 0 | -0.561578 | -0.827423 
SCRIPT       : DATA_LOG | 967850 | aRapBi1cCZPZAGLIDny3dk3hQ8vTmNTLHRl8zxmKgQ0= | 2312.86 | 361.126 | 6719.66 | -0.827475 | -0.561503 | 0 | SVD_Wooden | 0 | 152.036 | 367.17 | 0 | 1 | 1 | 0 | 0 | 0 | 0 | 1 | camera |  | -0.827475 | 0 | -0.561503 | -0.8274
SCRIPT       : DATA_LOG | 968853 | aRapBi1cCZPZAGLIDny3dk3hQ8vTmNTLHRl8zxmKgQ0= | 2312.12 | 361.056 | 6717.64 | -0.817032 | -0.576593 | 0 | SVD_Wooden | 0 | 151.282 | 368.126 | 0 | 1 | 1 | 0 | 0 | 0 | 0 | 1 | camera |  | -0.817032 | 0 | -0.576593 | -0.817
SCRIPT       : DATA_LOG | 969854 | aRapBi1cCZPZAGLIDny3dk3hQ8vTmNTLHRl8zxmKgQ0= | 2313.84 | 361.121 | 6715.46 | -0.773967 | -0.633226 | 0 | SVD_Wooden | 0 | 147.575 | 366.667 | 0 | 1 | 1 | 0 | 0 | 0 | 0 | 1 | camera |  | -0.773967 | 0 | -0.633226 | -0.773
SCRIPT       : DATA_LOG | 970859 | aRapBi1cCZPZAGLIDny3dk3hQ8vTmNTLHRl8zxmKgQ0= | 2313.84 | 361.121 | 6715.46 | 0.960534 | -0.278162 | 0 | SVD_Wooden | 0 | 23.0281 | 366.672 | 0 | 1 | 1 | 0 | 0 | 0 | 0 | 1 | camera |  | 0.960534 | 0 | -0.278162 | 0.960534
SCRIPT       : DATA_LOG | 971870 | aRapBi1cCZPZAGLIDny3dk3hQ8vTmNTLHRl8zxmKgQ0= | 2314.61 | 361.153 | 6715.19 | 0.999623 | 0.027474 | 0 | SVD_Wooden | 0 | 5.38445 | 365.934 | 0 | 1 | 1 | 0 | 0 | 0 | 0 | 1 | camera |  | 0.999623 | 0 | 0.027474 | 0.999623 |
SCRIPT       : DATA_LOG | 972863 | aRapBi1cCZPZAGLIDny3dk3hQ8vTmNTLHRl8zxmKgQ0= | 2314.61 | 361.153 | 6715.19 | -0.705205 | -0.709003 | 0 | SVD_Wooden | 0 | 141.768 | 365.94 | 0 | 1 | 1 | 0 | 0 | 0 | 0 | 1 | camera |  | -0.705205 | 0 | -0.709003 | -0.7052
SCRIPT       : DATA_LOG | 973866 | aRapBi1cCZPZAGLIDny3dk3hQ8vTmNTLHRl8zxmKgQ0= | 2313.02 | 361.088 | 6715.98 | -0.98636 | -0.164603 | 0 | SVD_Wooden | 0 | 177.231 | 367.43 | 0 | 1 | 1 | 0 | 0 | 0 | 0 | 1 | camera |  | -0.98636 | 0 | -0.164603 | -0.98636 
SCRIPT       : DATA_LOG | 974869 | aRapBi1cCZPZAGLIDny3dk3hQ8vTmNTLHRl8zxmKgQ0= | 2312.99 | 361.087 | 6715.97 | -0.98636 | -0.164603 | 0 | SVD_Wooden | 0 | 177.233 | 367.459 | 0 | 1 | 1 | 0 | 0 | 0 | 0 | 1 | camera |  | -0.98636 | 0 | -0.164603 | -0.98636
SCRIPT       : DATA_LOG | 975863 | aRapBi1cCZPZAGLIDny3dk3hQ8vTmNTLHRl8zxmKgQ0= | 2312.99 | 361.087 | 6715.97 | -0.98636 | -0.164603 | 0 | SVD_Wooden | 0 | 177.231 | 367.452 | 0 | 1 | 1 | 0 | 0 | 0 | 0 | 1 | camera |  | -0.98636 | 0 | -0.164603 | -0.98636
SCRIPT       : DATA_LOG | 976875 | aRapBi1cCZPZAGLIDny3dk3hQ8vTmNTLHRl8zxmKgQ0= | 2312.99 | 361.087 | 6715.97 | -0.98636 | -0.164603 | 0 | SVD_Wooden | 0 | 177.231 | 367.452 | 0 | 1 | 1 | 0 | 0 | 0 | 0 | 1 | camera |  | -0.98636 | 0 | -0.164603 | -0.98636
SCRIPT       : DATA_LOG | 977868 | aRapBi1cCZPZAGLIDny3dk3hQ8vTmNTLHRl8zxmKgQ0= | 2312.99 | 361.087 | 6715.97 | -0.98636 | -0.164603 | 0 | SVD_Wooden | 0 | 177.233 | 367.458 | 0 | 1 | 1 | 0 | 0 | 0 | 0 | 1 | camera |  | -0.98636 | 0 | -0.164603 | -0.98636
SCRIPT       : DATA_LOG | 978872 | aRapBi1cCZPZAGLIDny3dk3hQ8vTmNTLHRl8zxmKgQ0= | 2312.99 | 361.087 | 6715.97 | -0.98636 | -0.164603 | 0 | SVD_Wooden | 0 | 177.231 | 367.453 | 0 | 1 | 1 | 0 | 0 | 0 | 0 | 1 | camera |  | -0.98636 | 0 | -0.164603 | -0.98636
SCRIPT       : DATA_LOG | 979885 | aRapBi1cCZPZAGLIDny3dk3hQ8vTmNTLHRl8zxmKgQ0= | 2313.01 | 361.211 | 6715.98 | -0.98636 | -0.164603 | 0 | SVD_Wooden | 0 | 177.236 | 367.437 | 0 | 1 | 1 | 0 | 0 | 0 | 0 | 1 | camera | Land_ContainerLocked_Blue_DE | -0.9863
SCRIPT       : DATA_LOG | 980883 | aRapBi1cCZPZAGLIDny3dk3hQ8vTmNTLHRl8zxmKgQ0= | 2313.01 | 361.211 | 6715.98 | -0.98636 | -0.164603 | 0 | SVD_Wooden | 0 | 177.235 | 367.436 | 0 | 1 | 1 | 0 | 0 | 0 | 0 | 1 | camera | Land_ContainerLocked_Blue_DE | -0.9863
SCRIPT       : DATA_LOG | 981880 | aRapBi1cCZPZAGLIDny3dk3hQ8vTmNTLHRl8zxmKgQ0= | 2313.01 | 361.211 | 6715.98 | -0.98636 | -0.164603 | 0 | SVD_Wooden | 0 | 177.236 | 367.436 | 0 | 1 | 1 | 0 | 0 | 0 | 0 | 1 | camera | Land_ContainerLocked_Blue_DE | -0.9863
SCRIPT       : DATA_LOG | 982888 | aRapBi1cCZPZAGLIDny3dk3hQ8vTmNTLHRl8zxmKgQ0= | 2313.01 | 361.211 | 6715.98 | -0.98636 | -0.164603 | 0 | SVD_Wooden | 0 | 177.235 | 367.431 | 0 | 1 | 1 | 0 | 0 | 0 | 0 | 1 | camera | Land_ContainerLocked_Blue_DE | -0.9863
SCRIPT       : DATA_LOG | 983886 | aRapBi1cCZPZAGLIDny3dk3hQ8vTmNTLHRl8zxmKgQ0= | 2313.01 | 361.211 | 6715.98 | -0.98636 | -0.164603 | 0 | SVD_Wooden | 0 | 177.234 | 367.427 | 0 | 1 | 1 | 0 | 0 | 0 | 0 | 1 | camera | Land_ContainerLocked_Blue_DE | -0.9863
SCRIPT       : DATA_LOG | 984881 | aRapBi1cCZPZAGLIDny3dk3hQ8vTmNTLHRl8zxmKgQ0= | 2313.01 | 361.211 | 6715.98 | -0.98636 | -0.164603 | 0 | SVD_Wooden | 0 | 177.236 | 367.435 | 0 | 1 | 1 | 0 | 0 | 0 | 0 | 1 | camera | Land_ContainerLocked_Blue_DE | -0.9863
SCRIPT       : DATA_LOG | 985881 | aRapBi1cCZPZAGLIDny3dk3hQ8vTmNTLHRl8zxmKgQ0= | 2313.01 | 361.211 | 6715.98 | -0.98636 | -0.164603 | 0 | SVD_Wooden | 0 | 177.235 | 367.43 | 0 | 1 | 1 | 0 | 0 | 0 | 0 | 1 | camera | Land_ContainerLocked_Blue_DE | -0.98636
SCRIPT       : DATA_LOG | 986884 | aRapBi1cCZPZAGLIDny3dk3hQ8vTmNTLHRl8zxmKgQ0= | 2318.5 | 360.782 | 6703.43 | -0.98636 | -0.164603 | 0 | SVD_Wooden | 0 | 179.081 | 363.708 | 0 | 1 | 1 | 0 | 0 | 0 | 0 | 1 | camera |  | -0.98636 | 0 | -0.164603 | -0.98636 
SCRIPT       : DATA_LOG | 987882 | aRapBi1cCZPZAGLIDny3dk3hQ8vTmNTLHRl8zxmKgQ0= | 2318.5 | 360.782 | 6703.43 | -0.850961 | 0.525229 | 0 | SVD_Wooden | 0 | 139.473 | 363.707 | 0 | 1 | 1 | 0 | 0 | 0 | 0 | 1 | camera |  | -0.850961 | -0 | 0.525229 | -0.85096
SCRIPT       : DATA_LOG | 988879 | aRapBi1cCZPZAGLIDny3dk3hQ8vTmNTLHRl8zxmKgQ0= | 2317.72 | 360.975 | 6706.56 | -0.365662 | 0.930748 | 0 | SVD_Wooden | 0 | 103.114 | 364.009 | 0 | 1 | 1 | 0 | 0 | 0 | 0 | 1 | camera |  | -0.365662 | 0 | 0.930748 | -0.36566
SCRIPT       : DATA_LOG | 989881 | aRapBi1cCZPZAGLIDny3dk3hQ8vTmNTLHRl8zxmKgQ0= | 2317.15 | 361.848 | 6708.46 | 0.225898 | 0.974151 | 0 | SVD_Wooden | 0 | 68.9195 | 364.286 | 0 | 1 | 1 | 0 | 0 | 0 | 0 | 1 | camera |  | 0.225898 | 0 | 0.974151 | 0.225898 |
SCRIPT       : DATA_LOG | 990882 | aRapBi1cCZPZAGLIDny3dk3hQ8vTmNTLHRl8zxmKgQ0= | 2317.25 | 361.186 | 6711.1 | -0.773552 | 0.633732 | 0 | SVD_Wooden | 0 | 133.057 | 363.835 | 0 | 1 | 1 | 0 | 0 | 0 | 0 | 1 | camera |  | -0.773552 | 0 | 0.633732 | -0.773552
SCRIPT       : DATA_LOG | 991891 | aRapBi1cCZPZAGLIDny3dk3hQ8vTmNTLHRl8zxmKgQ0= | 2315.77 | 361.191 | 6712.55 | -0.992311 | 0.123766 | 0 | SVD_Wooden | 0 | 165.518 | 365.121 | 0 | 1 | 1 | 0 | 0 | 0 | 0 | 1 | camera |  | -0.992311 | 0 | 0.123766 | -0.99231
SCRIPT       : DATA_LOG | 992888 | aRapBi1cCZPZAGLIDny3dk3hQ8vTmNTLHRl8zxmKgQ0= | 2314.42 | 361.576 | 6713.02 | -0.996502 | 0.0835653 | 0 | SVD_Wooden | 0 | 167.936 | 366.389 | 0 | 1 | 1 | 0 | 0 | 0 | 0 | 1 | camera |  | -0.996502 | 0 | 0.0835653 | -0.996
SCRIPT       : DATA_LOG | 993881 | aRapBi1cCZPZAGLIDny3dk3hQ8vTmNTLHRl8zxmKgQ0= | 2314.2 | 363.687 | 6712.97 | -1 | 6.27833e-07 | 0 | SVD_Wooden | 1 | 172.734 | 366.605 | 0 | 1 | 1 | 0 | 0 | 0 | 0 | 1 | camera | target | -1 | 0 | 6.27833e-07 | -1 | 0 | 6.
SCRIPT       : DATA_LOG | 994896 | aRapBi1cCZPZAGLIDny3dk3hQ8vTmNTLHRl8zxmKgQ0= | 2314.08 | 363.687 | 6712.97 | -1 | -8.02679e-07 | 0 | SVD_Wooden | 1 | 172.737 | 366.729 | 0 | 1 | 1 | 0 | 0 | 0 | 0 | 1 | camera | target | -1 | 0 | -8.02679e-07 | -1 | 0 |
SCRIPT       : DATA_LOG | 995889 | aRapBi1cCZPZAGLIDny3dk3hQ8vTmNTLHRl8zxmKgQ0= | 2313.5 | 363.689 | 6713.74 | -0.0793461 | 0.996847 | 0 | SVD_Wooden | 1 | 87.4222 | 367.207 | 0 | 1 | 1 | 0 | 0 | 0 | 0 | 1 | camera | target | -0.0793461 | 0 | 0.996847 | -
SCRIPT       : DATA_LOG | 996892 | aRapBi1cCZPZAGLIDny3dk3hQ8vTmNTLHRl8zxmKgQ0= | 2312.77 | 363.689 | 6715.16 | 0.988684 | 0.150015 | 0 | SVD_Wooden | 1 | 1.74327 | 367.752 | 0 | 1 | 1 | 1 | 0 | 0 | 0 | 1 | camera | target | 0.988684 | 0 | 0.150015 | 0.98
SCRIPT       : DATA_LOG | 997887 | aRapBi1cCZPZAGLIDny3dk3hQ8vTmNTLHRl8zxmKgQ0= | 2312.79 | 363.689 | 6714.6 | 0.999387 | 0.0350014 | 0 | SVD_Wooden | 1 | 4.97925 | 367.794 | 0 | 1 | 1 | 1 | 0 | 0 | 0 | 1 | camera | target | 0.999387 | 0 | 0.0350014 | 0.9
SCRIPT       : DATA_LOG | 998890 | aRapBi1cCZPZAGLIDny3dk3hQ8vTmNTLHRl8zxmKgQ0= | 2312.79 | 363.689 | 6714.6 | 0.999387 | 0.0350014 | 1 | SVD_Wooden | 1 | 4.98153 | 367.801 | 0 | 1 | 1 | 1 | 1 | 0 | 1 | 1 | camera | target | 0.999387 | 0 | 0.0350014 | 0.9
SCRIPT       : DATA_LOG | 999884 | aRapBi1cCZPZAGLIDny3dk3hQ8vTmNTLHRl8zxmKgQ0= | 2312.79 | 363.689 | 6714.6 | 0.999387 | 0.0350014 | 1 | SVD_Wooden | 1 | 4.98091 | 367.799 | 0 | 1 | 1 | 1 | 1 | 0 | 1 | 1 | camera | target | 0.999387 | 0 | 0.0350014 | 0.9
SCRIPT       : DATA_LOG | 1000889 | aRapBi1cCZPZAGLIDny3dk3hQ8vTmNTLHRl8zxmKgQ0= | 2312.79 | 363.689 | 6714.6 | 0.999387 | 0.0350014 | 1 | SVD_Wooden | 1 | 4.98134 | 367.804 | 0 | 1 | 1 | 1 | 1 | 0 | 1 | 1 | camera | target | 0.999387 | 0 | 0.0350014 | 0.
SCRIPT       : DATA_LOG | 1001890 | aRapBi1cCZPZAGLIDny3dk3hQ8vTmNTLHRl8zxmKgQ0= | 2312.79 | 363.689 | 6714.6 | 0.999387 | 0.0350014 | 1 | SVD_Wooden | 1 | 4.98142 | 367.806 | 0 | 1 | 1 | 1 | 1 | 0 | 1 | 1 | camera | target | 0.999387 | 0 | 0.0350014 | 0.
SCRIPT       : DATA_LOG | 1002889 | aRapBi1cCZPZAGLIDny3dk3hQ8vTmNTLHRl8zxmKgQ0= | 2312.79 | 363.689 | 6714.6 | 0.999387 | 0.0350014 | 1 | SVD_Wooden | 1 | 4.98012 | 367.802 | 0 | 1 | 1 | 1 | 1 | 0 | 1 | 1 | camera | target | 0.999387 | 0 | 0.0350014 | 0.
SCRIPT       : DATA_LOG | 1003900 | aRapBi1cCZPZAGLIDny3dk3hQ8vTmNTLHRl8zxmKgQ0= | 2312.79 | 363.689 | 6714.6 | 0.999387 | 0.0350014 | 0 | SVD_Wooden | 1 | 4.9824 | 367.803 | 0 | 1 | 1 | 1 | 0 | 0 | 0 | 1 | camera | target | 0.999387 | 0 | 0.0350014 | 0.9
SCRIPT       : DATA_LOG | 1004897 | aRapBi1cCZPZAGLIDny3dk3hQ8vTmNTLHRl8zxmKgQ0= | 2312.79 | 363.689 | 6714.6 | 0.999387 | 0.0350014 | 0 | SVD_Wooden | 1 | 4.97933 | 367.793 | 0 | 1 | 1 | 1 | 0 | 0 | 0 | 1 | camera | target | 0.999387 | 0 | 0.0350014 | 0.
SCRIPT       : DATA_LOG | 1005897 | aRapBi1cCZPZAGLIDny3dk3hQ8vTmNTLHRl8zxmKgQ0= | 2312.79 | 363.689 | 6714.6 | 0.999387 | 0.0350014 | 0 | SVD_Wooden | 1 | 4.98114 | 367.799 | 0 | 1 | 1 | 1 | 0 | 0 | 0 | 1 | camera | target | 0.999387 | 0 | 0.0350014 | 0.
SCRIPT       : DATA_LOG | 1006906 | aRapBi1cCZPZAGLIDny3dk3hQ8vTmNTLHRl8zxmKgQ0= | 2312.79 | 363.689 | 6714.6 | 0.999387 | 0.0350014 | 0 | SCARH_Black | 1 | 4.98118 | 367.8 | 0 | 1 | 1 | 1 | 0 | 0 | 0 | 1 | camera | target | 0.999387 | 0 | 0.0350014 | 0.9
SCRIPT       : DATA_LOG | 1007909 | aRapBi1cCZPZAGLIDny3dk3hQ8vTmNTLHRl8zxmKgQ0= | 2312.79 | 363.689 | 6714.6 | 0.999387 | 0.0350014 | 0 | SCARH_Black | 1 | 4.98106 | 367.803 | 0 | 1 | 1 | 1 | 0 | 0 | 0 | 1 | camera | target | 0.999387 | 0 | 0.0350014 | 0
SCRIPT       : DATA_LOG | 1008897 | aRapBi1cCZPZAGLIDny3dk3hQ8vTmNTLHRl8zxmKgQ0= | 2312.79 | 363.689 | 6714.6 | 0.999387 | 0.0350014 | 1 | SCARH_Black | 1 | 4.98165 | 367.806 | 0 | 1 | 1 | 1 | 1 | 0 | 1 | 1 | camera | target | 0.999387 | 0 | 0.0350014 | 0
SCRIPT       : DATA_LOG | 1009901 | aRapBi1cCZPZAGLIDny3dk3hQ8vTmNTLHRl8zxmKgQ0= | 2312.79 | 363.689 | 6714.6 | 0.999387 | 0.0350014 | 1 | SCARH_Black | 1 | 4.98028 | 367.802 | 0 | 1 | 1 | 1 | 1 | 0 | 1 | 1 | camera | target | 0.999387 | 0 | 0.0350014 | 0
SCRIPT       : DATA_LOG | 1010897 | aRapBi1cCZPZAGLIDny3dk3hQ8vTmNTLHRl8zxmKgQ0= | 2312.79 | 363.689 | 6714.6 | 0.999387 | 0.0350014 | 1 | SCARH_Black | 1 | 4.98228 | 367.804 | 0 | 1 | 1 | 1 | 1 | 0 | 1 | 1 | camera | target | 0.999387 | 0 | 0.0350014 | 0
SCRIPT       : DATA_LOG | 1012030 | aRapBi1cCZPZAGLIDny3dk3hQ8vTmNTLHRl8zxmKgQ0= | 2312.79 | 363.689 | 6714.6 | 0.999387 | 0.0350014 | 1 | SCARH_Black | 1 | 4.98004 | 367.795 | 0 | 1 | 1 | 1 | 1 | 0 | 1 | 1 | camera | target | 0.999387 | 0 | 0.0350014 | 0
SCRIPT       : DATA_LOG | 1013030 | aRapBi1cCZPZAGLIDny3dk3hQ8vTmNTLHRl8zxmKgQ0= | 2312.79 | 363.689 | 6714.6 | 0.999387 | 0.0350014 | 1 | SCARH_Black | 1 | 4.98098 | 367.799 | 0 | 1 | 1 | 1 | 1 | 0 | 1 | 1 | camera | target | 0.999387 | 0 | 0.0350014 | 0
SCRIPT       : DATA_LOG | 1014031 | aRapBi1cCZPZAGLIDny3dk3hQ8vTmNTLHRl8zxmKgQ0= | 2312.79 | 363.689 | 6714.6 | 0.999387 | 0.0350014 | 1 | SCARH_Black | 1 | 4.98118 | 367.801 | 0 | 1 | 1 | 1 | 1 | 0 | 1 | 1 | camera | target | 0.999387 | 0 | 0.0350014 | 0
SCRIPT       : DATA_LOG | 1015031 | aRapBi1cCZPZAGLIDny3dk3hQ8vTmNTLHRl8zxmKgQ0= | 2312.79 | 363.689 | 6714.6 | 0.999387 | 0.0350014 | 1 | SCARH_Black | 1 | 4.98106 | 367.802 | 0 | 1 | 1 | 1 | 1 | 0 | 1 | 1 | camera | target | 0.999387 | 0 | 0.0350014 | 0
SCRIPT       : DATA_LOG | 1016047 | aRapBi1cCZPZAGLIDny3dk3hQ8vTmNTLHRl8zxmKgQ0= | 2312.79 | 363.689 | 6714.6 | 0.999387 | 0.0350014 | 1 | SCARH_Black | 1 | 4.98165 | 367.806 | 0 | 1 | 1 | 1 | 1 | 0 | 1 | 1 | camera | target | 0.999387 | 0 | 0.0350014 | 0
SCRIPT       : DATA_LOG | 1017047 | aRapBi1cCZPZAGLIDny3dk3hQ8vTmNTLHRl8zxmKgQ0= | 2312.79 | 363.689 | 6714.6 | 0.999387 | 0.0350014 | 1 | SCARH_Black | 1 | 4.98028 | 367.802 | 0 | 1 | 1 | 1 | 1 | 0 | 1 | 1 | camera | target | 0.999387 | 0 | 0.0350014 | 0
SCRIPT       : DATA_LOG | 1018042 | aRapBi1cCZPZAGLIDny3dk3hQ8vTmNTLHRl8zxmKgQ0= | 2312.79 | 363.689 | 6714.6 | 0.999387 | 0.0350014 | 1 | SCARH_Black | 1 | 4.98228 | 367.804 | 0 | 1 | 1 | 1 | 1 | 0 | 1 | 1 | camera | target | 0.999387 | 0 | 0.0350014 | 0
SCRIPT       : DATA_LOG | 1019035 | aRapBi1cCZPZAGLIDny3dk3hQ8vTmNTLHRl8zxmKgQ0= | 2312.79 | 363.689 | 6714.6 | 0.999387 | 0.0350014 | 1 | SCARH_Black | 1 | 4.98004 | 367.795 | 0 | 1 | 1 | 1 | 1 | 0 | 1 | 1 | camera | target | 0.999387 | 0 | 0.0350014 | 0
SCRIPT       : DATA_LOG | 1020043 | aRapBi1cCZPZAGLIDny3dk3hQ8vTmNTLHRl8zxmKgQ0= | 2312.79 | 363.689 | 6714.6 | 0.999387 | 0.0350014 | 1 | SCARH_Black | 1 | 4.98055 | 367.797 | 0 | 1 | 1 | 1 | 1 | 0 | 1 | 1 | camera | target | 0.999387 | 0 | 0.0350014 | 0
SCRIPT       : DATA_LOG | 1021038 | aRapBi1cCZPZAGLIDny3dk3hQ8vTmNTLHRl8zxmKgQ0= | 2312.79 | 363.689 | 6714.6 | 0.999387 | 0.0350014 | 1 | SCARH_Black | 1 | 4.98157 | 367.802 | 0 | 1 | 1 | 1 | 1 | 0 | 1 | 1 | camera | target | 0.999387 | 0 | 0.0350014 | 0
SCRIPT       : DATA_LOG | 1022039 | aRapBi1cCZPZAGLIDny3dk3hQ8vTmNTLHRl8zxmKgQ0= | 2312.79 | 363.689 | 6714.6 | 0.999387 | 0.0350014 | 1 | SCARH_Black | 1 | 4.98102 | 367.8 | 0 | 1 | 1 | 1 | 1 | 0 | 1 | 1 | camera | none | 0.999387 | 0 | 0.0350014 | 0.999
SCRIPT       : DATA_LOG | 1023041 | aRapBi1cCZPZAGLIDny3dk3hQ8vTmNTLHRl8zxmKgQ0= | 2312.79 | 363.689 | 6714.6 | 0.999387 | 0.0350014 | 1 | SCARH_Black | 1 | 4.98169 | 367.806 | 0 | 1 | 1 | 1 | 1 | 0 | 1 | 1 | camera | target | 0.999387 | 0 | 0.0350014 | 0
SCRIPT       : DATA_LOG | 1024041 | aRapBi1cCZPZAGLIDny3dk3hQ8vTmNTLHRl8zxmKgQ0= | 2312.79 | 363.689 | 6714.6 | 0.999387 | 0.0350014 | 1 | SCARH_Black | 1 | 4.98063 | 367.803 | 0 | 1 | 1 | 1 | 1 | 0 | 1 | 1 | camera | target | 0.999387 | 0 | 0.0350014 | 0
SCRIPT       : DATA_LOG | 1025047 | aRapBi1cCZPZAGLIDny3dk3hQ8vTmNTLHRl8zxmKgQ0= | 2312.79 | 363.689 | 6714.6 | 0.999387 | 0.0350014 | 1 | SCARH_Black | 1 | 4.98189 | 367.804 | 0 | 1 | 1 | 1 | 1 | 0 | 1 | 1 | camera | target | 0.999387 | 0 | 0.0350014 | 0
SCRIPT       : DATA_LOG | 1026043 | aRapBi1cCZPZAGLIDny3dk3hQ8vTmNTLHRl8zxmKgQ0= | 2312.79 | 363.689 | 6714.6 | 0.999387 | 0.0350014 | 1 | SCARH_Black | 1 | 4.98067 | 367.797 | 0 | 1 | 1 | 1 | 1 | 0 | 1 | 1 | camera | none | 0.999387 | 0 | 0.0350014 | 0.9
SCRIPT       : DATA_LOG | 1027059 | aRapBi1cCZPZAGLIDny3dk3hQ8vTmNTLHRl8zxmKgQ0= | 2312.79 | 363.689 | 6714.6 | 0.999387 | 0.0350014 | 1 | SCARH_Black | 1 | 4.98004 | 367.796 | 0 | 1 | 1 | 1 | 1 | 0 | 1 | 1 | camera | target | 0.999387 | 0 | 0.0350014 | 0
SCRIPT       : DATA_LOG | 1028045 | aRapBi1cCZPZAGLIDny3dk3hQ8vTmNTLHRl8zxmKgQ0= | 2312.79 | 363.689 | 6714.6 | 0.999387 | 0.0350014 | 1 | SCARH_Black | 1 | 4.98185 | 367.803 | 0 | 1 | 1 | 1 | 1 | 0 | 1 | 1 | camera | target | 0.999387 | 0 | 0.0350014 | 0
SCRIPT       : DATA_LOG | 1029047 | aRapBi1cCZPZAGLIDny3dk3hQ8vTmNTLHRl8zxmKgQ0= | 2312.79 | 363.689 | 6714.6 | 0.999387 | 0.0350014 | 1 | SCARH_Black | 1 | 4.98091 | 367.798 | 0 | 1 | 1 | 1 | 1 | 0 | 1 | 1 | camera | target | 0.999387 | 0 | 0.0350014 | 0
SCRIPT       : DATA_LOG | 1030049 | aRapBi1cCZPZAGLIDny3dk3hQ8vTmNTLHRl8zxmKgQ0= | 2312.79 | 363.689 | 6714.6 | 0.999387 | 0.0350014 | 1 | SCARH_Black | 1 | 4.98177 | 367.805 | 0 | 1 | 1 | 1 | 1 | 0 | 1 | 1 | camera | target | 0.999387 | 0 | 0.0350014 | 0
SCRIPT       : DATA_LOG | 1031050 | aRapBi1cCZPZAGLIDny3dk3hQ8vTmNTLHRl8zxmKgQ0= | 2312.79 | 363.689 | 6714.6 | 0.999387 | 0.0350014 | 1 | SCARH_Black | 1 | 4.98091 | 367.804 | 0 | 1 | 1 | 1 | 1 | 0 | 1 | 1 | camera | target | 0.999387 | 0 | 0.0350014 | 0
SCRIPT       : DATA_LOG | 1032053 | aRapBi1cCZPZAGLIDny3dk3hQ8vTmNTLHRl8zxmKgQ0= | 2312.79 | 363.689 | 6714.6 | 0.999387 | 0.0350014 | 1 | SCARH_Black | 1 | 4.98142 | 367.804 | 0 | 1 | 1 | 1 | 1 | 0 | 1 | 1 | camera | target | 0.999387 | 0 | 0.0350014 | 0
SCRIPT       : DATA_LOG | 1033050 | aRapBi1cCZPZAGLIDny3dk3hQ8vTmNTLHRl8zxmKgQ0= | 2312.79 | 363.689 | 6714.6 | 0.999387 | 0.0350014 | 1 | SCARH_Black | 1 | 4.9813 | 367.799 | 0 | 1 | 1 | 1 | 1 | 0 | 1 | 1 | camera | target | 0.999387 | 0 | 0.0350014 | 0.
SCRIPT       : DATA_LOG | 1034052 | aRapBi1cCZPZAGLIDny3dk3hQ8vTmNTLHRl8zxmKgQ0= | 2312.79 | 363.689 | 6714.6 | 0.999387 | 0.0350014 | 1 | SCARH_Black | 1 | 4.97961 | 367.795 | 0 | 1 | 1 | 1 | 1 | 0 | 1 | 1 | camera | target | 0.999387 | 0 | 0.0350014 | 0
SCRIPT       : DATA_LOG | 1035052 | aRapBi1cCZPZAGLIDny3dk3hQ8vTmNTLHRl8zxmKgQ0= | 2312.79 | 363.689 | 6714.6 | 0.999387 | 0.0350014 | 1 | SCARH_Black | 1 | 4.98193 | 367.803 | 0 | 1 | 1 | 1 | 1 | 0 | 1 | 1 | camera | target | 0.999387 | 0 | 0.0350014 | 0
SCRIPT       : DATA_LOG | 1036056 | aRapBi1cCZPZAGLIDny3dk3hQ8vTmNTLHRl8zxmKgQ0= | 2312.79 | 363.689 | 6714.6 | 0.999387 | 0.0350014 | 1 | SCARH_Black | 1 | 4.98071 | 367.798 | 0 | 1 | 1 | 1 | 1 | 0 | 1 | 1 | camera | target | 0.999387 | 0 | 0.0350014 | 0
SCRIPT       : DATA_LOG | 1037053 | aRapBi1cCZPZAGLIDny3dk3hQ8vTmNTLHRl8zxmKgQ0= | 2312.79 | 363.689 | 6714.6 | 0.999387 | 0.0350014 | 1 | SCARH_Black | 1 | 4.98165 | 367.805 | 0 | 1 | 1 | 1 | 1 | 0 | 1 | 1 | camera | target | 0.999387 | 0 | 0.0350014 | 0
SCRIPT       : DATA_LOG | 1038055 | aRapBi1cCZPZAGLIDny3dk3hQ8vTmNTLHRl8zxmKgQ0= | 2312.79 | 363.689 | 6714.6 | 0.999387 | 0.0350014 | 1 | SCARH_Black | 1 | 4.98106 | 367.805 | 0 | 1 | 1 | 1 | 1 | 0 | 1 | 1 | camera | target | 0.999387 | 0 | 0.0350014 | 0
SCRIPT       : DATA_LOG | 1039065 | aRapBi1cCZPZAGLIDny3dk3hQ8vTmNTLHRl8zxmKgQ0= | 2312.79 | 363.689 | 6714.6 | 0.999387 | 0.0350014 | 1 | SCARH_Black | 1 | 4.98083 | 367.804 | 0 | 1 | 1 | 1 | 1 | 0 | 1 | 1 | camera | target | 0.999387 | 0 | 0.0350014 | 0
SCRIPT       : DATA_LOG | 1040056 | aRapBi1cCZPZAGLIDny3dk3hQ8vTmNTLHRl8zxmKgQ0= | 2312.79 | 363.689 | 6714.6 | 0.999387 | 0.0350014 | 1 | SCARH_Black | 1 | 4.98165 | 367.801 | 0 | 1 | 1 | 1 | 1 | 0 | 1 | 1 | camera | target | 0.999387 | 0 | 0.0350014 | 0
SCRIPT       : DATA_LOG | 1041060 | aRapBi1cCZPZAGLIDny3dk3hQ8vTmNTLHRl8zxmKgQ0= | 2312.79 | 363.689 | 6714.6 | 0.999387 | 0.0350014 | 1 | SCARH_Black | 1 | 4.97929 | 367.794 | 0 | 1 | 1 | 1 | 1 | 0 | 1 | 1 | camera | target | 0.999387 | 0 | 0.0350014 | 0
SCRIPT       : DATA_LOG | 1042065 | aRapBi1cCZPZAGLIDny3dk3hQ8vTmNTLHRl8zxmKgQ0= | 2312.79 | 363.689 | 6714.6 | 0.999387 | 0.0350014 | 1 | SCARH_Black | 1 | 4.98189 | 367.802 | 0 | 1 | 1 | 1 | 1 | 0 | 1 | 1 | camera | target | 0.999387 | 0 | 0.0350014 | 0
SCRIPT       : DATA_LOG | 1043061 | aRapBi1cCZPZAGLIDny3dk3hQ8vTmNTLHRl8zxmKgQ0= | 2312.79 | 363.689 | 6714.6 | 0.999387 | 0.0350014 | 1 | SCARH_Black | 1 | 4.98071 | 367.798 | 0 | 1 | 1 | 1 | 1 | 0 | 1 | 1 | camera | target | 0.999387 | 0 | 0.0350014 | 0
SCRIPT       : DATA_LOG | 1044062 | aRapBi1cCZPZAGLIDny3dk3hQ8vTmNTLHRl8zxmKgQ0= | 2312.79 | 363.689 | 6714.6 | 0.999387 | 0.0350014 | 1 | SCARH_Black | 1 | 4.98138 | 367.805 | 0 | 1 | 1 | 1 | 1 | 0 | 1 | 1 | camera | target | 0.999387 | 0 | 0.0350014 | 0
SCRIPT       : DATA_LOG | 1045065 | aRapBi1cCZPZAGLIDny3dk3hQ8vTmNTLHRl8zxmKgQ0= | 2312.79 | 363.689 | 6714.6 | 0.999387 | 0.0350014 | 1 | SCARH_Black | 1 | 4.9813 | 367.805 | 0 | 1 | 1 | 1 | 1 | 0 | 1 | 1 | camera | none | 0.999387 | 0 | 0.0350014 | 0.99
SCRIPT       : DATA_LOG | 1046062 | aRapBi1cCZPZAGLIDny3dk3hQ8vTmNTLHRl8zxmKgQ0= | 2312.79 | 363.689 | 6714.6 | 0.999387 | 0.0350014 | 1 | SCARH_Black | 1 | 4.98028 | 367.802 | 0 | 1 | 1 | 1 | 1 | 0 | 1 | 1 | camera | target | 0.999387 | 0 | 0.0350014 | 0
SCRIPT       : DATA_LOG | 1047069 | aRapBi1cCZPZAGLIDny3dk3hQ8vTmNTLHRl8zxmKgQ0= | 2312.79 | 363.689 | 6714.6 | 0.999387 | 0.0350014 | 1 | SCARH_Black | 1 | 4.98205 | 367.802 | 0 | 1 | 1 | 1 | 1 | 0 | 1 | 1 | camera | target | 0.999387 | 0 | 0.0350014 | 0
SCRIPT       : DATA_LOG | 1048070 | aRapBi1cCZPZAGLIDny3dk3hQ8vTmNTLHRl8zxmKgQ0= | 2312.79 | 363.689 | 6714.6 | 0.999387 | 0.0350014 | 1 | SCARH_Black | 1 | 4.97925 | 367.794 | 0 | 1 | 1 | 1 | 1 | 0 | 1 | 1 | camera | target | 0.999387 | 0 | 0.0350014 | 0
SCRIPT       : DATA_LOG | 1049066 | aRapBi1cCZPZAGLIDny3dk3hQ8vTmNTLHRl8zxmKgQ0= | 2312.79 | 363.689 | 6714.6 | 0.999387 | 0.0350014 | 1 | SCARH_Black | 1 | 4.98146 | 367.801 | 0 | 1 | 1 | 1 | 1 | 0 | 1 | 1 | camera | target | 0.999387 | 0 | 0.0350014 | 0
SCRIPT       : DATA_LOG | 1050069 | aRapBi1cCZPZAGLIDny3dk3hQ8vTmNTLHRl8zxmKgQ0= | 2312.79 | 363.689 | 6714.6 | 0.999387 | 0.0350014 | 1 | SCARH_Black | 1 | 4.98083 | 367.799 | 0 | 1 | 1 | 1 | 1 | 0 | 1 | 1 | camera | target | 0.999387 | 0 | 0.0350014 | 0
SCRIPT       : DATA_LOG | 1051068 | aRapBi1cCZPZAGLIDny3dk3hQ8vTmNTLHRl8zxmKgQ0= | 2312.79 | 363.689 | 6714.6 | 0.999387 | 0.0350014 | 1 | SCARH_Black | 1 | 4.98134 | 367.804 | 0 | 1 | 1 | 1 | 1 | 0 | 1 | 1 | camera | target | 0.999387 | 0 | 0.0350014 | 0
SCRIPT       : DATA_LOG | 1052081 | aRapBi1cCZPZAGLIDny3dk3hQ8vTmNTLHRl8zxmKgQ0= | 2312.79 | 363.689 | 6714.6 | 0.999387 | 0.0350014 | 1 | SCARH_Black | 1 | 4.98134 | 367.806 | 0 | 1 | 1 | 1 | 1 | 0 | 1 | 1 | camera | target | 0.999387 | 0 | 0.0350014 | 0
SCRIPT       : DATA_LOG | 1053071 | aRapBi1cCZPZAGLIDny3dk3hQ8vTmNTLHRl8zxmKgQ0= | 2312.79 | 363.689 | 6714.6 | 0.999387 | 0.0350014 | 1 | SCARH_Black | 1 | 4.97201 | 368.481 | 0 | 1 | 1 | 1 | 1 | 0 | 1 | 1 | camera | none | 0.999387 | 0 | 0.0350014 | 0.9
SCRIPT       : DATA_LOG | 1054073 | aRapBi1cCZPZAGLIDny3dk3hQ8vTmNTLHRl8zxmKgQ0= | 2312.79 | 363.689 | 6714.6 | 0.999387 | 0.0350014 | 1 | SCARH_Black | 0 | 4.98629 | 369.297 | 0 | 1 | 1 | 1 | 1 | 1 | 1 | 1 | camera | Land_ContainerLocked_Blue_DE | 0.9993
SCRIPT       : DATA_LOG | 1055076 | aRapBi1cCZPZAGLIDny3dk3hQ8vTmNTLHRl8zxmKgQ0= | 2312.79 | 363.689 | 6714.6 | 0.999387 | 0.0350014 | 1 | SCARH_Black | 0 | 4.98555 | 369.316 | 0 | 1 | 1 | 1 | 1 | 1 | 1 | 1 | camera | Land_ContainerLocked_Blue_DE | 0.9993
SCRIPT       : DATA_LOG | 1056079 | aRapBi1cCZPZAGLIDny3dk3hQ8vTmNTLHRl8zxmKgQ0= | 2312.79 | 363.689 | 6714.6 | 0.999387 | 0.0350014 | 0 | SCARH_Black | 0 | 4.98555 | 369.316 | 0 | 1 | 1 | 1 | 0 | 0 | 0 | 1 | camera | Land_ContainerLocked_Blue_DE | 0.9993
SCRIPT       : DATA_LOG | 1057089 | aRapBi1cCZPZAGLIDny3dk3hQ8vTmNTLHRl8zxmKgQ0= | 2312.79 | 363.689 | 6714.6 | 0.999387 | 0.0350014 | 0 | SCARH_Black | 0 | 4.98555 | 369.316 | 0 | 1 | 1 | 1 | 0 | 0 | 0 | 1 | camera | Land_ContainerLocked_Blue_DE | 0.9993
SCRIPT       : DATA_LOG | 1058077 | aRapBi1cCZPZAGLIDny3dk3hQ8vTmNTLHRl8zxmKgQ0= | 2312.79 | 363.689 | 6714.6 | 0.999387 | 0.0350014 | 0 | SCARH_Black | 0 | 4.98555 | 369.316 | 0 | 1 | 1 | 1 | 0 | 0 | 0 | 1 | camera | Land_ContainerLocked_Blue_DE | 0.9993
SCRIPT       : DATA_LOG | 1059081 | aRapBi1cCZPZAGLIDny3dk3hQ8vTmNTLHRl8zxmKgQ0= | 2312.79 | 363.689 | 6714.6 | 0.999387 | 0.0350014 | 0 | SCARH_Black | 0 | 4.98555 | 369.316 | 0 | 1 | 1 | 1 | 0 | 0 | 0 | 1 | camera | Land_ContainerLocked_Blue_DE | 0.9993
SCRIPT       : DATA_LOG | 1060082 | aRapBi1cCZPZAGLIDny3dk3hQ8vTmNTLHRl8zxmKgQ0= | 2312.77 | 363.689 | 6715 | 0.999318 | 0.0369366 | 0 | SCARH_Black | 0 | 4.81271 | 369.282 | 0 | 1 | 1 | 1 | 0 | 0 | 0 | 1 | camera | Land_ContainerLocked_Blue_DE | 0.999318
SCRIPT       : DATA_LOG | 1061084 | aRapBi1cCZPZAGLIDny3dk3hQ8vTmNTLHRl8zxmKgQ0= | 2312.71 | 363.689 | 6715.35 | 0.988656 | 0.150197 | 0 | SCARH_Black | 0 | 1.76392 | 369.305 | 0 | 1 | 1 | 1 | 0 | 0 | 0 | 1 | camera | Land_ContainerLocked_Blue_DE | 0.9886
SCRIPT       : DATA_LOG | 1062086 | aRapBi1cCZPZAGLIDny3dk3hQ8vTmNTLHRl8zxmKgQ0= | 2312.79 | 363.689 | 6714.93 | 0.972209 | 0.234117 | 0 | SCARH_Black | 0 | 6.59915 | 369.273 | 0 | 1 | 1 | 0 | 0 | 0 | 0 | 1 | camera | Land_ContainerLocked_Blue_DE | 0.9722
SCRIPT       : DATA_LOG | 1063082 | aRapBi1cCZPZAGLIDny3dk3hQ8vTmNTLHRl8zxmKgQ0= | 2312.76 | 363.689 | 6715.05 | 0.969656 | 0.244474 | 0 | SCARH_Black | 0 | 7.22963 | 369.289 | 0 | 1 | 1 | 0 | 0 | 0 | 0 | 1 | camera | Land_ContainerLocked_Blue_DE | 0.9696
SCRIPT       : DATA_LOG | 1064088 | aRapBi1cCZPZAGLIDny3dk3hQ8vTmNTLHRl8zxmKgQ0= | 2312.83 | 363.689 | 6717.46 | 0.719613 | -0.694375 | 0 | SCARH_Black | 0 | 50.5287 | 368.936 | 0 | 1 | 1 | 0 | 0 | 0 | 0 | 1 | camera | Land_ContainerLocked_Blue_DE | 0.719
SCRIPT       : DATA_LOG | 1065083 | aRapBi1cCZPZAGLIDny3dk3hQ8vTmNTLHRl8zxmKgQ0= | 2312.84 | 363.689 | 6715.88 | 0.0598165 | -0.998209 | 0 | SCARH_Black | 0 | 93.3657 | 369.11 | 0 | 1 | 1 | 0 | 0 | 0 | 0 | 1 | camera | Land_ContainerLocked_Blue_DE | 0.059
SCRIPT       : DATA_LOG | 1066084 | aRapBi1cCZPZAGLIDny3dk3hQ8vTmNTLHRl8zxmKgQ0= | 2312.85 | 363.689 | 6716.19 | 0.0598165 | -0.998209 | 0 | SCARH_Black | 0 | 93.3178 | 369.07 | 0 | 1 | 1 | 0 | 0 | 0 | 0 | 1 | camera | Land_ContainerLocked_Blue_DE | 0.059
SCRIPT       : DATA_LOG | 1067093 | aRapBi1cCZPZAGLIDny3dk3hQ8vTmNTLHRl8zxmKgQ0= | 2312.83 | 363.689 | 6716.51 | 0.0619876 | -0.998077 | 0 | SCARH_Black | 0 | 93.143 | 369.052 | 0 | 1 | 1 | 0 | 0 | 0 | 0 | 1 | camera | Land_ContainerLocked_Blue_DE | 0.061
SCRIPT       : DATA_LOG | 1068096 | aRapBi1cCZPZAGLIDny3dk3hQ8vTmNTLHRl8zxmKgQ0= | 2312.83 | 363.689 | 6716.51 | 0.0619876 | -0.998077 | 0 | SCARH_Black | 0 | 93.143 | 369.052 | 0 | 1 | 1 | 0 | 0 | 0 | 0 | 1 | camera | Land_ContainerLocked_Blue_DE | 0.061
 SCRIPT       : [Logout]: New player aRapBi1cCZPZAGLIDny3dk3hQ8vTmNTLHRl8zxmKgQ0= with logout time 15
 SCRIPT       : Player "rafaelglima79" (steamid=76561199445097358) initiated disconnect process...
SCRIPT       : DATA_LOG | 1069098 | aRapBi1cCZPZAGLIDny3dk3hQ8vTmNTLHRl8zxmKgQ0= | 2312.83 | 363.689 | 6716.51 | 0.0619876 | -0.998077 | 0 | SCARH_Black | 0 | 93.143 | 369.052 | 0 | 1 | 1 | 0 | 0 | 0 | 0 | 1 | camera | Land_ContainerLocked_Blue_DE | 0.061
SCRIPT       : DATA_LOG | 1070090 | aRapBi1cCZPZAGLIDny3dk3hQ8vTmNTLHRl8zxmKgQ0= | 2312.82 | 363.689 | 6716.6 | 0.0619876 | -0.998077 | 0 | SCARH_Black | 0 | 93.1301 | 369.05 | 0 | 1 | 1 | 0 | 0 | 0 | 0 | 1 | camera | Land_ContainerLocked_Blue_DE | 0.0619
 SCRIPT       : Player "rafaelglima79" (steamid=76561199445097358) disconnected early from server (EXIT NOW).
SCRIPT       : DATA_LOG | 1071090 | aRapBi1cCZPZAGLIDny3dk3hQ8vTmNTLHRl8zxmKgQ0= | 2312.82 | 363.689 | 6716.6 | 0.0619876 | -0.998077 | 0 | SCARH_Black | 0 | 93.1301 | 369.05 | 0 | 1 | 1 | 0 | 0 | 0 | 0 | 1 | camera | Land_ContainerLocked_Blue_DE | 0.0619
SCRIPT       : [Logout]: Player aRapBi1cCZPZAGLIDny3dk3hQ8vTmNTLHRl8zxmKgQ0= finished
SCRIPT       : [PlayerListManager] SyncEntryToReceivers ► uid: aRapBi1cCZPZAGLIDny3dk3hQ8vTmNTLHRl8zxmKgQ0= isn't in the players list! sending a remove.
SCRIPT       : PlayerDisconnected -> PlayerListManager.RemoveEntry ► aRapBi1cCZPZAGLIDny3dk3hQ8vTmNTLHRl8zxmKgQ0=
 SCRIPT       : [MissionServer] OnMissionFinish - Server
 SCRIPT       : ~DayZGame()
