---------------------------------------------
Log D:\ModelAnti-Cheat\log_profiles\script_2026-09-01_22-58-07.log started at 01.09. 22:58:08

SCRIPT       : Module: GameLib; loaded 18x files; 26x classes; used 39/2097 kB (1%) of static memory; defines: "DAYZ_1_29,SERVER_FOR_WINDOWS,SERVER,PLATFORM_WINDOWS,RELEASE,NO_GUI,NO_GUI_INGAME,sakhal,JM_CommunityFramework,CF_MODULE_CONFIG,CF_EXPRESSION,C
SCRIPT       : Registered 349 temporary action enum(s), UAN==349
SCRIPT       : Module: Game; loaded 521x files; 1604x classes; used 4275/33554 kB (12%) of static memory; defines: "DAYZ_1_29,SERVER_FOR_WINDOWS,SERVER,PLATFORM_WINDOWS,RELEASE,NO_GUI,NO_GUI_INGAME,sakhal,JM_CommunityFramework,CF_MODULE_CONFIG,CF_EXPRESSI
SCRIPT       : ... Backlit Effects Enabled
SCRIPT       : VPPNotificationManager()
SCRIPT       : [VPPAT] Internal VPPNotifications module loaded!
SCRIPT       : [DayZ Game]:: DayZGame(): Initializing V++ Admin Tools.
SCRIPT       : Module: World; loaded 2247x files; 5867x classes; used 9519/33554 kB (28%) of static memory; defines: "DAYZ_1_29,SERVER_FOR_WINDOWS,SERVER,PLATFORM_WINDOWS,RELEASE,NO_GUI,NO_GUI_INGAME,sakhal,JM_CommunityFramework,CF_MODULE_CONFIG,CF_EXPRES
 SCRIPT       : Module: Mission; loaded 293x files; 593x classes; used 3996/33554 kB (11%) of static memory; defines: "DAYZ_1_29,SERVER_FOR_WINDOWS,SERVER,PLATFORM_WINDOWS,RELEASE,NO_GUI,NO_GUI_INGAME,sakhal,JM_CommunityFramework,CF_MODULE_CONFIG,CF_EXPRE
 SCRIPT    (W): @"$CurrentDir:mpmissions\dayzOffline.chernarusplus\init.c,54": Possible variable name conflict 'm_player'
 SCRIPT       : Module: $CurrentDir:mpmissions\dayzOffline.chernarusplus\init.c; loaded 1x files; 1x classes; used 16/1048 kB (1%) of static memory; defines: "DAYZ_1_29,SERVER_FOR_WINDOWS,SERVER,PLATFORM_WINDOWS,RELEASE,NO_GUI,NO_GUI_INGAME,sakhal,JM_Comm
 SCRIPT       : [SERVER :: Vanilla++ AdminTools Plugins Registering]
 SCRIPT       : [MissionServer] OnInit - Server
 SCRIPT       : [MissionServer] OnMissionStart - Server
 SCRIPT       : string dirtyName = 'TESTINGSERVER'
SCRIPT       : m_LoginTimeMs: 16200
 SCRIPT       : ---- PlayerBase OnStoreLoad SUCCESS ----
 SCRIPT       : [VPPAT] Player "rafaelglima79" (steamId=76561199445097358) connected to server!
 SCRIPT       : [PlayerListManager] AddReceiver ► added: PlayerIdentity<0x000001D05CC885D0>
SCRIPT       : [DUMMY_DEBUG] SUCESSO: Dummy criado na posicao: <12149.103516, 94.473488, 13786.988281>
SCRIPT       : DATA_LOG | 403546 | aRapBi1cCZPZAGLIDny3dk3hQ8vTmNTLHRl8zxmKgQ0= | 12152.1 | 99.82 | 13787.2 | -0.997814 | -0.0660818 | 0 | Engraved1911 | 0 | 60.705 | 6.13055 | 0 | 1 | 1 | 0 | 0 | 0 | 0 | 1 | camera | Land_House_2W03 | -0.997814 | 0 | -0.
SCRIPT       : DATA_LOG | 407764 | aRapBi1cCZPZAGLIDny3dk3hQ8vTmNTLHRl8zxmKgQ0= | 12152.1 | 99.82 | 13787.2 | -0.997814 | -0.0660818 | 0 | Engraved1911 | 0 | 74.3533 | 4.00276 | 0 | 1 | 1 | 0 | 0 | 0 | 0 | 1 | camera | Land_House_2W03 | -0.997814 | 0 | -0
SCRIPT       : DATA_LOG | 408753 | aRapBi1cCZPZAGLIDny3dk3hQ8vTmNTLHRl8zxmKgQ0= | 12152.1 | 99.82 | 13787.2 | -0.997814 | -0.0660818 | 0 | Engraved1911 | 0 | 97.58 | 4.46586 | 0 | 1 | 1 | 0 | 0 | 0 | 0 | 1 | camera | Land_House_2W03 | -0.997814 | 0 | -0.0
SCRIPT       : DATA_LOG | 409761 | aRapBi1cCZPZAGLIDny3dk3hQ8vTmNTLHRl8zxmKgQ0= | 12152.1 | 99.82 | 13787.2 | -0.997814 | -0.0660818 | 0 | Engraved1911 | 0 | 113.275 | 5.73286 | 0 | 1 | 1 | 0 | 0 | 0 | 0 | 1 | camera | Land_House_2W03 | -0.997814 | 0 | -0
SCRIPT       : DATA_LOG | 410770 | aRapBi1cCZPZAGLIDny3dk3hQ8vTmNTLHRl8zxmKgQ0= | 12152.1 | 99.82 | 13787.2 | -0.997814 | -0.0660818 | 0 | Engraved1911 | 0 | 119.188 | 6.95187 | 0 | 1 | 1 | 0 | 0 | 0 | 0 | 1 | camera | Land_House_2W03 | -0.997814 | 0 | -0
SCRIPT       : DATA_LOG | 411770 | aRapBi1cCZPZAGLIDny3dk3hQ8vTmNTLHRl8zxmKgQ0= | 12152.1 | 99.82 | 13787.2 | -0.997814 | -0.0660818 | 0 | Engraved1911 | 0 | 119.282 | 6.9455 | 0 | 1 | 1 | 0 | 0 | 0 | 0 | 1 | camera | Land_House_2W03 | -0.997814 | 0 | -0.
SCRIPT       : DATA_LOG | 412764 | aRapBi1cCZPZAGLIDny3dk3hQ8vTmNTLHRl8zxmKgQ0= | 12152.1 | 99.82 | 13787.2 | -0.996182 | -0.0873009 | 0 | Engraved1911 | 0 | 118.359 | 6.95552 | 0 | 1 | 1 | 0 | 0 | 0 | 0 | 1 | camera | Land_House_2W03 | -0.996182 | 0 | -0
SCRIPT       : DATA_LOG | 413761 | aRapBi1cCZPZAGLIDny3dk3hQ8vTmNTLHRl8zxmKgQ0= | 12148.8 | 99.82 | 13785.5 | -0.915506 | 0.402305 | 0 | Engraved1911 | 0 | 155.7 | 8.43286 | 0 | 1 | 1 | 0 | 0 | 0 | 0 | 1 | camera | Land_House_2W03 | -0.915506 | 0 | 0.4023
SCRIPT       : DATA_LOG | 414764 | aRapBi1cCZPZAGLIDny3dk3hQ8vTmNTLHRl8zxmKgQ0= | 12147.9 | 99.82 | 13785.9 | -0.715765 | 0.698341 | 0 | Engraved1911 | 0 | 150.177 | 9.2712 | 0 | 1 | 1 | 0 | 0 | 0 | 0 | 1 | camera | Land_House_2W03 | -0.715765 | -0 | 0.69
SCRIPT       : DATA_LOG | 415771 | aRapBi1cCZPZAGLIDny3dk3hQ8vTmNTLHRl8zxmKgQ0= | 12149.5 | 99.82 | 13787 | 0.976715 | -0.214542 | 0 | Engraved1911 | 0 | 32.9169 | 8.51847 | 0 | 1 | 1 | 0 | 0 | 0 | 0 | 1 | camera | Land_House_2W03 | 0.976715 | 0 | -0.2145
SCRIPT       : DATA_LOG | 416770 | aRapBi1cCZPZAGLIDny3dk3hQ8vTmNTLHRl8zxmKgQ0= | 12150.8 | 99.82 | 13785.7 | 0.72893 | -0.684588 | 0 | Engraved1911 | 0 | 31.5545 | 6.9127 | 0 | 1 | 1 | 0 | 0 | 0 | 0 | 1 | camera | Land_House_2W03 | 0.72893 | 0 | -0.68458
SCRIPT       : DATA_LOG | 417774 | aRapBi1cCZPZAGLIDny3dk3hQ8vTmNTLHRl8zxmKgQ0= | 12150.8 | 99.82 | 13785.7 | 0.72893 | -0.684588 | 0 | Engraved1911 | 0 | 31.4728 | 6.9166 | 0 | 1 | 1 | 0 | 0 | 0 | 0 | 1 | camera | Land_House_2W03 | 0.72893 | 0 | -0.68458
SCRIPT       : DATA_LOG | 418776 | aRapBi1cCZPZAGLIDny3dk3hQ8vTmNTLHRl8zxmKgQ0= | 12150.8 | 99.82 | 13785.7 | 0.72893 | -0.684588 | 0 | Engraved1911 | 0 | 31.5515 | 6.9141 | 0 | 1 | 1 | 0 | 0 | 0 | 0 | 1 | camera | Land_House_2W03 | 0.72893 | 0 | -0.68458
SCRIPT       : DATA_LOG | 419779 | aRapBi1cCZPZAGLIDny3dk3hQ8vTmNTLHRl8zxmKgQ0= | 12150.8 | 99.82 | 13785.7 | 0.72893 | -0.684588 | 0 | Engraved1911 | 0 | 31.5188 | 6.91466 | 0 | 1 | 1 | 0 | 0 | 0 | 0 | 1 | camera | Land_House_2W03 | 0.72893 | 0 | -0.6845
SCRIPT       : DATA_LOG | 420773 | aRapBi1cCZPZAGLIDny3dk3hQ8vTmNTLHRl8zxmKgQ0= | 12150.3 | 99.82 | 13786.2 | 0.753128 | -0.657874 | 0 | Engraved1911 | 0 | 28.2884 | 7.51845 | 0 | 1 | 1 | 0 | 0 | 0 | 0 | 1 | camera | Land_House_2W03 | 0.753128 | 0 | -0.65
SCRIPT       : DATA_LOG | 421781 | aRapBi1cCZPZAGLIDny3dk3hQ8vTmNTLHRl8zxmKgQ0= | 12149 | 99.82 | 13784.9 | 0.342704 | -0.939443 | 0 | Engraved1911 | 0 | 54.9178 | 8.04553 | 0 | 1 | 1 | 0 | 0 | 0 | 0 | 1 | camera | Land_House_2W03 | 0.342704 | 0 | -0.9394
SCRIPT       : DATA_LOG | 422770 | aRapBi1cCZPZAGLIDny3dk3hQ8vTmNTLHRl8zxmKgQ0= | 12149 | 99.82 | 13784.9 | 0.342704 | -0.939443 | 0 | Engraved1911 | 0 | 54.9427 | 8.021 | 0 | 1 | 1 | 0 | 0 | 0 | 0 | 1 | camera | Land_House_2W03 | 0.342704 | 0 | -0.939443
SCRIPT       : DATA_LOG | 423778 | aRapBi1cCZPZAGLIDny3dk3hQ8vTmNTLHRl8zxmKgQ0= | 12149 | 99.82 | 13784.9 | 0.342704 | -0.939443 | 0 | Engraved1911 | 0 | 55.0296 | 8.01697 | 0 | 1 | 1 | 0 | 0 | 0 | 0 | 1 | camera | Land_House_2W03 | 0.342704 | 0 | -0.9394
SCRIPT       : DATA_LOG | 424785 | aRapBi1cCZPZAGLIDny3dk3hQ8vTmNTLHRl8zxmKgQ0= | 12149.8 | 99.82 | 13784.2 | 0.728991 | -0.684523 | 0 | Engraved1911 | 0 | 38.9474 | 7.11515 | 0 | 1 | 1 | 0 | 0 | 0 | 0 | 1 | camera | Land_House_2W03 | 0.728991 | 0 | -0.68
SCRIPT       : DATA_LOG | 425781 | aRapBi1cCZPZAGLIDny3dk3hQ8vTmNTLHRl8zxmKgQ0= | 12151 | 99.8201 | 13782.4 | 0.999816 | 0.0191941 | 0 | Engraved1911 | 0 | 36.0371 | 5.90038 | 0 | 1 | 1 | 0 | 0 | 0 | 0 | 1 | camera | Land_House_2W03 | 0.999816 | 0 | 0.019
SCRIPT       : DATA_LOG | 426782 | aRapBi1cCZPZAGLIDny3dk3hQ8vTmNTLHRl8zxmKgQ0= | 12153.4 | 99.8201 | 13782.6 | 0.689513 | -0.724274 | 0 | Engraved1911 | 0 | 65.1364 | 4.20494 | 0 | 1 | 1 | 0 | 0 | 0 | 0 | 1 | camera | Land_House_2W03 | 0.689513 | 0 | -0.
SCRIPT       : DATA_LOG | 427786 | aRapBi1cCZPZAGLIDny3dk3hQ8vTmNTLHRl8zxmKgQ0= | 12153.5 | 99.8201 | 13782.6 | 0.689513 | -0.724274 | 0 | Engraved1911 | 0 | 65.5128 | 4.19515 | 0 | 1 | 1 | 0 | 0 | 0 | 0 | 1 | camera | Land_House_2W03 | 0.689513 | 0 | -0.
SCRIPT       : DATA_LOG | 428794 | aRapBi1cCZPZAGLIDny3dk3hQ8vTmNTLHRl8zxmKgQ0= | 12154 | 99.8201 | 13783 | 0.595288 | -0.803513 | 1 | Engraved1911 | 0 | 67.6031 | 3.96529 | 0 | 1 | 1 | 0 | 0 | 0 | 1 | 1 | camera | Land_House_2W03 | 0.595288 | 0 | -0.8035
SCRIPT       : DATA_LOG | 429784 | aRapBi1cCZPZAGLIDny3dk3hQ8vTmNTLHRl8zxmKgQ0= | 12153.1 | 99.8201 | 13782.1 | -0.674621 | -0.738164 | 0 | Engraved1911 | 0 | 117.971 | 4.4256 | 0 | 1 | 1 | 0 | 0 | 0 | 0 | 1 | camera | Land_House_2W03 | -0.674621 | 0 | -0
SCRIPT       : DATA_LOG | 430786 | aRapBi1cCZPZAGLIDny3dk3hQ8vTmNTLHRl8zxmKgQ0= | 12150.9 | 99.8201 | 13779.5 | -0.987384 | 0.158343 | 0 | Engraved1911 | 0 | 130.839 | 6.65695 | 0 | 1 | 1 | 0 | 0 | 0 | 0 | 1 | camera | Land_House_2W03 | -0.987384 | 0 | 0.
SCRIPT       : DATA_LOG | 431789 | aRapBi1cCZPZAGLIDny3dk3hQ8vTmNTLHRl8zxmKgQ0= | 12150.4 | 99.82 | 13779.7 | -0.532111 | 0.846675 | 0 | Engraved1911 | 0 | 94.4324 | 6.99684 | 0 | 1 | 1 | 0 | 0 | 0 | 0 | 1 | camera | Land_House_2W03 | -0.532111 | 0 | 0.84
SCRIPT       : DATA_LOG | 432781 | aRapBi1cCZPZAGLIDny3dk3hQ8vTmNTLHRl8zxmKgQ0= | 12151.1 | 99.8201 | 13782.6 | -0.611206 | 0.791472 | 0 | Engraved1911 | 0 | 121.075 | 5.83519 | 0 | 1 | 1 | 0 | 0 | 0 | 0 | 1 | camera | Land_House_2W03 | -0.611206 | 0 | 0.
SCRIPT       : DATA_LOG | 433785 | aRapBi1cCZPZAGLIDny3dk3hQ8vTmNTLHRl8zxmKgQ0= | 12147.9 | 99.8201 | 13784.7 | -0.587095 | 0.809518 | 0 | Engraved1911 | 0 | 136.589 | 8.97214 | 0 | 1 | 1 | 0 | 0 | 0 | 0 | 1 | camera | Land_House_2W03 | -0.587095 | 0 | 0.
SCRIPT       : DATA_LOG | 434788 | aRapBi1cCZPZAGLIDny3dk3hQ8vTmNTLHRl8zxmKgQ0= | 12147.5 | 99.8201 | 13785.3 | -0.562002 | 0.827136 | 0 | Engraved1911 | 0 | 138.155 | 9.43987 | 0 | 1 | 1 | 0 | 0 | 0 | 0 | 1 | camera | Land_House_2W03 | -0.562002 | -0 | 0
SCRIPT       : DATA_LOG | 435790 | aRapBi1cCZPZAGLIDny3dk3hQ8vTmNTLHRl8zxmKgQ0= | 12147.5 | 99.8201 | 13785.3 | -0.562002 | 0.827136 | 0 | Engraved1911 | 0 | 138.13 | 9.44227 | 0 | 1 | 1 | 0 | 0 | 0 | 0 | 1 | camera | Land_House_2W03 | -0.562002 | -0 | 0.
SCRIPT       : DATA_LOG | 436789 | aRapBi1cCZPZAGLIDny3dk3hQ8vTmNTLHRl8zxmKgQ0= | 12147.5 | 99.8201 | 13785.3 | -0.562002 | 0.827136 | 1 | Engraved1911 | 0 | 138.114 | 9.41853 | 0 | 1 | 1 | 0 | 0 | 0 | 1 | 1 | camera | Land_House_2W03 | -0.562002 | -0 | 0
SCRIPT       : DATA_LOG | 437795 | aRapBi1cCZPZAGLIDny3dk3hQ8vTmNTLHRl8zxmKgQ0= | 12147.8 | 99.8201 | 13785.3 | -0.260272 | 0.965535 | 0 | Engraved1911 | 0 | 121.982 | 9.2144 | 0 | 1 | 1 | 0 | 0 | 0 | 0 | 1 | camera | Land_House_2W03 | -0.260272 | 0 | 0.9
SCRIPT       : DATA_LOG | 438792 | aRapBi1cCZPZAGLIDny3dk3hQ8vTmNTLHRl8zxmKgQ0= | 12149.4 | 99.82 | 13787.8 | -0.999406 | -0.0344737 | 0 | Engraved1911 | 0 | 133.512 | 9.08887 | 0 | 1 | 1 | 0 | 0 | 0 | 0 | 1 | camera | Land_House_2W03 | -0.999406 | 0 | -0
SCRIPT       : DATA_LOG | 439799 | aRapBi1cCZPZAGLIDny3dk3hQ8vTmNTLHRl8zxmKgQ0= | 12149.8 | 99.82 | 13787 | -0.996718 | -0.0809516 | 0 | Engraved1911 | 0 | 132.447 | 8.25842 | 0 | 1 | 1 | 0 | 0 | 0 | 0 | 1 | camera | Land_House_2W03 | -0.996718 | 0 | -0.0
SCRIPT       : DATA_LOG | 440795 | aRapBi1cCZPZAGLIDny3dk3hQ8vTmNTLHRl8zxmKgQ0= | 12149.8 | 99.82 | 13787 | -0.996718 | -0.0809516 | 0 | Engraved1911 | 0 | 132.492 | 8.25799 | 0 | 1 | 1 | 0 | 0 | 0 | 0 | 1 | camera | Land_House_2W03 | -0.996718 | 0 | -0.0
SCRIPT       : DATA_LOG | 441804 | aRapBi1cCZPZAGLIDny3dk3hQ8vTmNTLHRl8zxmKgQ0= | 12149.8 | 99.82 | 13787 | -0.996718 | -0.0809516 | 0 | Engraved1911 | 0 | 132.468 | 8.25844 | 0 | 1 | 1 | 0 | 0 | 0 | 0 | 1 | camera | Land_House_2W03 | -0.996718 | 0 | -0.0
SCRIPT       : DATA_LOG | 442800 | aRapBi1cCZPZAGLIDny3dk3hQ8vTmNTLHRl8zxmKgQ0= | 12149.8 | 99.82 | 13787 | -0.996718 | -0.0809516 | 0 | Engraved1911 | 0 | 132.515 | 8.25887 | 0 | 1 | 1 | 0 | 0 | 0 | 0 | 1 | camera | Land_House_2W03 | -0.996718 | 0 | -0.0
SCRIPT       : DATA_LOG | 443806 | aRapBi1cCZPZAGLIDny3dk3hQ8vTmNTLHRl8zxmKgQ0= | 12149.8 | 99.82 | 13787 | -0.996718 | -0.0809516 | 0 | Engraved1911 | 0 | 132.473 | 8.26164 | 0 | 1 | 1 | 0 | 0 | 0 | 0 | 1 | camera | Land_House_2W03 | -0.996718 | 0 | -0.0
SCRIPT       : DATA_LOG | 444803 | aRapBi1cCZPZAGLIDny3dk3hQ8vTmNTLHRl8zxmKgQ0= | 12149.8 | 99.82 | 13787 | -0.996718 | -0.0809516 | 0 | Engraved1911 | 0 | 132.507 | 8.25743 | 0 | 1 | 1 | 0 | 0 | 0 | 0 | 1 | camera | Land_House_2W03 | -0.996718 | 0 | -0.0
SCRIPT       : DATA_LOG | 445803 | aRapBi1cCZPZAGLIDny3dk3hQ8vTmNTLHRl8zxmKgQ0= | 12149.8 | 99.82 | 13787 | -0.996718 | -0.0809516 | 0 | Engraved1911 | 0 | 132.438 | 8.25691 | 0 | 1 | 1 | 0 | 0 | 0 | 0 | 1 | camera | Land_House_2W03 | -0.996718 | 0 | -0.0
SCRIPT       : DATA_LOG | 446800 | aRapBi1cCZPZAGLIDny3dk3hQ8vTmNTLHRl8zxmKgQ0= | 12149.8 | 99.82 | 13787 | -0.996718 | -0.0809516 | 0 | Engraved1911 | 0 | 132.431 | 8.25917 | 0 | 1 | 1 | 0 | 0 | 0 | 0 | 1 | camera | Land_House_2W03 | -0.996718 | 0 | -0.0
SCRIPT       : DATA_LOG | 447817 | aRapBi1cCZPZAGLIDny3dk3hQ8vTmNTLHRl8zxmKgQ0= | 12149.8 | 99.82 | 13787 | -0.996718 | -0.0809516 | 0 | Engraved1911 | 0 | 132.499 | 8.25706 | 0 | 1 | 1 | 0 | 0 | 0 | 0 | 1 | camera | Land_House_2W03 | -0.996718 | 0 | -0.0
SCRIPT       : DATA_LOG | 448810 | aRapBi1cCZPZAGLIDny3dk3hQ8vTmNTLHRl8zxmKgQ0= | 12149.8 | 99.82 | 13787 | -0.996718 | -0.0809516 | 0 | Engraved1911 | 0 | 132.454 | 8.25755 | 0 | 1 | 1 | 0 | 0 | 0 | 0 | 1 | camera | Land_House_2W03 | -0.996718 | 0 | -0.0
SCRIPT       : DATA_LOG | 449805 | aRapBi1cCZPZAGLIDny3dk3hQ8vTmNTLHRl8zxmKgQ0= | 12149.8 | 99.82 | 13787 | -0.996718 | -0.0809516 | 0 | Engraved1911 | 0 | 132.515 | 8.25883 | 0 | 1 | 1 | 0 | 0 | 0 | 0 | 1 | camera | Land_House_2W03 | -0.996718 | 0 | -0.0
SCRIPT       : DATA_LOG | 450816 | aRapBi1cCZPZAGLIDny3dk3hQ8vTmNTLHRl8zxmKgQ0= | 12149.8 | 99.82 | 13787 | -0.996718 | -0.0809516 | 0 | Engraved1911 | 0 | 132.486 | 8.26138 | 0 | 1 | 1 | 0 | 0 | 0 | 0 | 1 | camera | Land_House_2W03 | -0.996718 | 0 | -0.0
SCRIPT       : DATA_LOG | 451816 | aRapBi1cCZPZAGLIDny3dk3hQ8vTmNTLHRl8zxmKgQ0= | 12149.8 | 99.82 | 13787 | -0.996718 | -0.0809516 | 0 | Engraved1911 | 0 | 132.5 | 8.25962 | 0 | 1 | 1 | 0 | 0 | 0 | 0 | 1 | camera | Land_House_2W03 | -0.996718 | 0 | -0.080
SCRIPT       : DATA_LOG | 452811 | aRapBi1cCZPZAGLIDny3dk3hQ8vTmNTLHRl8zxmKgQ0= | 12149.8 | 99.82 | 13787 | -0.996718 | -0.0809516 | 0 | Engraved1911 | 0 | 132.463 | 8.25641 | 0 | 1 | 1 | 0 | 0 | 0 | 0 | 1 | camera | Land_House_2W03 | -0.996718 | 0 | -0.0
SCRIPT       : DATA_LOG | 453809 | aRapBi1cCZPZAGLIDny3dk3hQ8vTmNTLHRl8zxmKgQ0= | 12149.8 | 99.82 | 13787 | -0.996718 | -0.0809516 | 0 | Engraved1911 | 0 | 132.415 | 8.25995 | 0 | 1 | 1 | 0 | 0 | 0 | 0 | 1 | camera | Land_House_2W03 | -0.996718 | 0 | -0.0
SCRIPT       : DATA_LOG | 454812 | aRapBi1cCZPZAGLIDny3dk3hQ8vTmNTLHRl8zxmKgQ0= | 12149.8 | 99.82 | 13787 | -0.996718 | -0.0809516 | 0 | Engraved1911 | 0 | 132.499 | 8.25708 | 0 | 1 | 1 | 0 | 0 | 0 | 0 | 1 | camera | Land_House_2W03 | -0.996718 | 0 | -0.0
SCRIPT       : DATA_LOG | 455815 | aRapBi1cCZPZAGLIDny3dk3hQ8vTmNTLHRl8zxmKgQ0= | 12149.8 | 99.82 | 13787 | -0.996718 | -0.0809516 | 0 | Engraved1911 | 0 | 132.45 | 8.25802 | 0 | 1 | 1 | 0 | 0 | 0 | 0 | 1 | camera | Land_House_2W03 | -0.996718 | 0 | -0.08
SCRIPT       : DATA_LOG | 456822 | aRapBi1cCZPZAGLIDny3dk3hQ8vTmNTLHRl8zxmKgQ0= | 12149.8 | 99.82 | 13787 | -0.996718 | -0.0809516 | 0 | Engraved1911 | 0 | 132.512 | 8.25929 | 0 | 1 | 1 | 0 | 0 | 0 | 0 | 1 | camera | Land_House_2W03 | -0.996718 | 0 | -0.0
SCRIPT       : DATA_LOG | 457822 | aRapBi1cCZPZAGLIDny3dk3hQ8vTmNTLHRl8zxmKgQ0= | 12149.8 | 99.82 | 13787 | -0.996718 | -0.0809516 | 0 | Engraved1911 | 0 | 132.494 | 8.26159 | 0 | 1 | 1 | 0 | 0 | 0 | 0 | 1 | camera | Land_House_2W03 | -0.996718 | 0 | -0.0
SCRIPT       : DATA_LOG | 458824 | aRapBi1cCZPZAGLIDny3dk3hQ8vTmNTLHRl8zxmKgQ0= | 12149.8 | 99.82 | 13787 | -0.996718 | -0.0809516 | 0 | Engraved1911 | 0 | 132.481 | 8.26193 | 0 | 1 | 1 | 0 | 0 | 0 | 0 | 1 | camera | Land_House_2W03 | -0.996718 | 0 | -0.0
SCRIPT       : DATA_LOG | 459851 | aRapBi1cCZPZAGLIDny3dk3hQ8vTmNTLHRl8zxmKgQ0= | 12149.8 | 99.82 | 13787 | -0.996718 | -0.0809516 | 0 | Engraved1911 | 0 | 132.488 | 8.25589 | 0 | 1 | 1 | 0 | 0 | 0 | 0 | 1 | camera | Land_House_2W03 | -0.996718 | 0 | -0.0
SCRIPT       : DATA_LOG | 460829 | aRapBi1cCZPZAGLIDny3dk3hQ8vTmNTLHRl8zxmKgQ0= | 12148.7 | 99.82 | 13786.1 | 0.366748 | -0.93032 | 0 | Engraved1911 | 0 | 46.5549 | 8.66078 | 0 | 1 | 1 | 0 | 0 | 0 | 0 | 1 | camera | Land_House_2W03 | 0.366748 | 0 | -0.930
SCRIPT       : DATA_LOG | 461821 | aRapBi1cCZPZAGLIDny3dk3hQ8vTmNTLHRl8zxmKgQ0= | 12151.7 | 99.8201 | 13781.1 | 0.35035 | -0.936619 | 0 | Engraved1911 | 0 | 88.1506 | 5.54192 | 0 | 1 | 1 | 0 | 0 | 0 | 0 | 1 | camera | Land_House_2W03 | 0.35035 | 0 | -0.93
SCRIPT       : DATA_LOG | 462817 | aRapBi1cCZPZAGLIDny3dk3hQ8vTmNTLHRl8zxmKgQ0= | 12150.4 | 99.8201 | 13778.7 | -0.938475 | 0.345347 | 0 | Engraved1911 | 0 | 120.779 | 7.46323 | 0 | 1 | 1 | 0 | 0 | 0 | 0 | 1 | camera | Land_House_2W03 | -0.938475 | -0 | 0
SCRIPT       : DATA_LOG | 463824 | aRapBi1cCZPZAGLIDny3dk3hQ8vTmNTLHRl8zxmKgQ0= | 12150.4 | 99.8201 | 13778.7 | -0.867742 | 0.497015 | 0 | Engraved1911 | 0 | 112.582 | 7.47058 | 0 | 1 | 1 | 0 | 0 | 0 | 0 | 1 | camera | Land_House_2W03 | -0.867742 | -0 | 0
SCRIPT       : DATA_LOG | 464820 | aRapBi1cCZPZAGLIDny3dk3hQ8vTmNTLHRl8zxmKgQ0= | 12150.4 | 99.8201 | 13778.7 | -0.867742 | 0.497015 | 0 | Engraved1911 | 0 | 112.597 | 7.47045 | 0 | 1 | 1 | 0 | 0 | 0 | 0 | 1 | camera | Land_House_2W03 | -0.867742 | -0 | 0
 SCRIPT       : [Permissions Manager] Admin (rafaelglima79) (76561199445097358) Successfully Logged in!
SCRIPT       : DATA_LOG | 465817 | aRapBi1cCZPZAGLIDny3dk3hQ8vTmNTLHRl8zxmKgQ0= | 12150.4 | 99.8201 | 13778.7 | -0.867742 | 0.497015 | 0 | Engraved1911 | 0 | 112.622 | 7.46584 | 0 | 1 | 1 | 0 | 0 | 0 | 0 | 1 | camera | Land_House_2W03 | -0.867742 | -0 | 0
SCRIPT       : DATA_LOG | 466824 | aRapBi1cCZPZAGLIDny3dk3hQ8vTmNTLHRl8zxmKgQ0= | 12150.4 | 99.8201 | 13778.7 | -0.867742 | 0.497015 | 0 | Engraved1911 | 0 | 112.55 | 7.47028 | 0 | 1 | 1 | 0 | 0 | 0 | 0 | 1 | camera | Land_House_2W03 | -0.867742 | -0 | 0.
SCRIPT       : DATA_LOG | 467828 | aRapBi1cCZPZAGLIDny3dk3hQ8vTmNTLHRl8zxmKgQ0= | 12150.4 | 99.8201 | 13778.7 | -0.867742 | 0.497015 | 0 | Engraved1911 | 0 | 112.631 | 7.45561 | 0 | 1 | 1 | 0 | 0 | 0 | 0 | 1 | camera | Land_House_2W03 | -0.867742 | -0 | 0
SCRIPT       : DATA_LOG | 468828 | aRapBi1cCZPZAGLIDny3dk3hQ8vTmNTLHRl8zxmKgQ0= | 12150.4 | 99.8201 | 13778.7 | -0.867742 | 0.497015 | 0 | Engraved1911 | 0 | 112.566 | 7.46875 | 0 | 1 | 1 | 0 | 0 | 0 | 0 | 1 | camera | Land_House_2W03 | -0.867742 | -0 | 0
SCRIPT       : DATA_LOG | 469836 | aRapBi1cCZPZAGLIDny3dk3hQ8vTmNTLHRl8zxmKgQ0= | 12150.4 | 99.8201 | 13778.7 | -0.867742 | 0.497015 | 0 | Engraved1911 | 0 | 112.586 | 7.4645 | 0 | 1 | 1 | 0 | 0 | 0 | 0 | 1 | camera | Land_House_2W03 | -0.867742 | -0 | 0.
SCRIPT       : DATA_LOG | 470836 | aRapBi1cCZPZAGLIDny3dk3hQ8vTmNTLHRl8zxmKgQ0= | 12150.4 | 99.8201 | 13778.7 | -0.867742 | 0.497015 | 0 | Engraved1911 | 0 | 112.587 | 7.47011 | 0 | 1 | 1 | 0 | 0 | 0 | 0 | 1 | camera | Land_House_2W03 | -0.867742 | -0 | 0
SCRIPT       : DATA_LOG | 471827 | aRapBi1cCZPZAGLIDny3dk3hQ8vTmNTLHRl8zxmKgQ0= | 12150.4 | 99.8201 | 13778.7 | -0.867742 | 0.497015 | 0 | Engraved1911 | 0 | 112.596 | 7.47166 | 0 | 1 | 1 | 0 | 0 | 0 | 0 | 1 | camera | Land_House_2W03 | -0.867742 | -0 | 0
SCRIPT       : DATA_LOG | 472832 | aRapBi1cCZPZAGLIDny3dk3hQ8vTmNTLHRl8zxmKgQ0= | 12150.4 | 99.8201 | 13778.7 | -0.867742 | 0.497015 | 0 | Engraved1911 | 0 | 112.629 | 7.46403 | 0 | 1 | 1 | 0 | 0 | 0 | 0 | 1 | camera | Land_House_2W03 | -0.867742 | -0 | 0
SCRIPT       : DATA_LOG | 473828 | aRapBi1cCZPZAGLIDny3dk3hQ8vTmNTLHRl8zxmKgQ0= | 12150.4 | 99.8201 | 13778.7 | -0.867742 | 0.497015 | 0 | Engraved1911 | 0 | 112.542 | 7.47225 | 0 | 1 | 1 | 0 | 0 | 0 | 0 | 1 | camera | Land_House_2W03 | -0.867742 | -0 | 0
SCRIPT       : DATA_LOG | 474838 | aRapBi1cCZPZAGLIDny3dk3hQ8vTmNTLHRl8zxmKgQ0= | 12150.4 | 99.8201 | 13778.7 | -0.867742 | 0.497015 | 0 | Engraved1911 | 0 | 112.62 | 7.45539 | 0 | 1 | 1 | 0 | 0 | 0 | 0 | 1 | camera | Land_House_2W03 | -0.867742 | -0 | 0.
SCRIPT       : DATA_LOG | 475837 | aRapBi1cCZPZAGLIDny3dk3hQ8vTmNTLHRl8zxmKgQ0= | 12150.4 | 99.8201 | 13778.7 | -0.867742 | 0.497015 | 0 | Engraved1911 | 0 | 112.575 | 7.4656 | 0 | 1 | 1 | 0 | 0 | 0 | 0 | 1 | camera | Land_House_2W03 | -0.867742 | -0 | 0.
SCRIPT       : DATA_LOG | 476832 | aRapBi1cCZPZAGLIDny3dk3hQ8vTmNTLHRl8zxmKgQ0= | 12150.4 | 99.8201 | 13778.7 | -0.867742 | 0.497015 | 0 | Engraved1911 | 0 | 112.579 | 7.46634 | 0 | 1 | 1 | 0 | 0 | 0 | 0 | 1 | camera | Land_House_2W03 | -0.867742 | -0 | 0
SCRIPT       : DATA_LOG | 477842 | aRapBi1cCZPZAGLIDny3dk3hQ8vTmNTLHRl8zxmKgQ0= | 12150.4 | 99.8201 | 13778.7 | -0.867742 | 0.497015 | 0 | Engraved1911 | 0 | 112.594 | 7.46837 | 0 | 1 | 1 | 0 | 0 | 0 | 0 | 1 | camera | Land_House_2W03 | -0.867742 | -0 | 0
SCRIPT       : DATA_LOG | 478838 | aRapBi1cCZPZAGLIDny3dk3hQ8vTmNTLHRl8zxmKgQ0= | 12150.4 | 99.8201 | 13778.7 | -0.867742 | 0.497015 | 0 | Engraved1911 | 0 | 112.585 | 7.47264 | 0 | 1 | 1 | 0 | 0 | 0 | 0 | 1 | camera | Land_House_2W03 | -0.867742 | -0 | 0
SCRIPT       : DATA_LOG | 479838 | aRapBi1cCZPZAGLIDny3dk3hQ8vTmNTLHRl8zxmKgQ0= | 12150.4 | 99.8201 | 13778.7 | -0.867742 | 0.497015 | 0 | Engraved1911 | 0 | 112.623 | 7.46459 | 0 | 1 | 1 | 0 | 0 | 0 | 0 | 1 | camera | Land_House_2W03 | -0.867742 | -0 | 0
SCRIPT       : DATA_LOG | 480844 | aRapBi1cCZPZAGLIDny3dk3hQ8vTmNTLHRl8zxmKgQ0= | 12150.4 | 99.8201 | 13778.7 | -0.867742 | 0.497015 | 0 | Engraved1911 | 0 | 112.547 | 7.47308 | 0 | 1 | 1 | 0 | 0 | 0 | 0 | 1 | camera | Land_House_2W03 | -0.867742 | -0 | 0
SCRIPT       : DATA_LOG | 481842 | aRapBi1cCZPZAGLIDny3dk3hQ8vTmNTLHRl8zxmKgQ0= | 12150.4 | 99.8201 | 13778.7 | -0.867742 | 0.497015 | 0 | Engraved1911 | 0 | 112.608 | 7.45769 | 0 | 1 | 1 | 0 | 0 | 0 | 0 | 1 | camera | Land_House_2W03 | -0.867742 | -0 | 0
SCRIPT       : DATA_LOG | 482845 | aRapBi1cCZPZAGLIDny3dk3hQ8vTmNTLHRl8zxmKgQ0= | 12150.4 | 99.8201 | 13778.7 | -0.867742 | 0.497015 | 0 | Engraved1911 | 0 | 112.593 | 7.46268 | 0 | 1 | 1 | 0 | 0 | 0 | 0 | 1 | camera | Land_House_2W03 | -0.867742 | -0 | 0
SCRIPT       : DATA_LOG | 483839 | aRapBi1cCZPZAGLIDny3dk3hQ8vTmNTLHRl8zxmKgQ0= | 12150.4 | 99.8201 | 13778.7 | -0.867742 | 0.497015 | 0 | Engraved1911 | 0 | 112.572 | 7.46823 | 0 | 1 | 1 | 0 | 0 | 0 | 0 | 1 | camera | Land_House_2W03 | -0.867742 | -0 | 0
SCRIPT       : DATA_LOG | 484845 | aRapBi1cCZPZAGLIDny3dk3hQ8vTmNTLHRl8zxmKgQ0= | 12150.4 | 99.8201 | 13778.7 | -0.867742 | 0.497015 | 0 | Engraved1911 | 0 | 112.585 | 7.46575 | 0 | 1 | 1 | 0 | 0 | 0 | 0 | 1 | camera | Land_House_2W03 | -0.867742 | -0 | 0
SCRIPT       : DATA_LOG | 485846 | aRapBi1cCZPZAGLIDny3dk3hQ8vTmNTLHRl8zxmKgQ0= | 12150.4 | 99.8201 | 13778.7 | -0.867742 | 0.497015 | 0 | Engraved1911 | 0 | 112.58 | 7.47192 | 0 | 1 | 1 | 0 | 0 | 0 | 0 | 1 | camera | Land_House_2W03 | -0.867742 | -0 | 0.
SCRIPT       : DATA_LOG | 486845 | aRapBi1cCZPZAGLIDny3dk3hQ8vTmNTLHRl8zxmKgQ0= | 12150.4 | 99.8201 | 13778.7 | -0.867742 | 0.497015 | 0 | Engraved1911 | 0 | 112.616 | 7.46643 | 0 | 1 | 1 | 0 | 0 | 0 | 0 | 1 | camera | Land_House_2W03 | -0.867742 | -0 | 0
SCRIPT       : DATA_LOG | 487845 | aRapBi1cCZPZAGLIDny3dk3hQ8vTmNTLHRl8zxmKgQ0= | 12150.4 | 99.8201 | 13778.7 | -0.867742 | 0.497015 | 0 | Engraved1911 | 0 | 112.558 | 7.47207 | 0 | 1 | 1 | 0 | 0 | 0 | 0 | 1 | camera | Land_House_2W03 | -0.867742 | -0 | 0
SCRIPT       : DATA_LOG | 488854 | aRapBi1cCZPZAGLIDny3dk3hQ8vTmNTLHRl8zxmKgQ0= | 12150.4 | 99.8201 | 13778.7 | -0.867742 | 0.497015 | 0 | Engraved1911 | 0 | 112.59 | 7.46057 | 0 | 1 | 1 | 0 | 0 | 0 | 0 | 1 | camera | Land_House_2W03 | -0.867742 | -0 | 0.
SCRIPT       : DATA_LOG | 489853 | aRapBi1cCZPZAGLIDny3dk3hQ8vTmNTLHRl8zxmKgQ0= | 12150.4 | 99.8201 | 13778.7 | -0.867742 | 0.497015 | 0 | Engraved1911 | 0 | 112.606 | 7.4603 | 0 | 1 | 1 | 0 | 0 | 0 | 0 | 1 | camera | Land_House_2W03 | -0.867742 | -0 | 0.
SCRIPT       : DATA_LOG | 490853 | aRapBi1cCZPZAGLIDny3dk3hQ8vTmNTLHRl8zxmKgQ0= | 12150.4 | 99.8201 | 13778.7 | -0.867742 | 0.497015 | 0 | Engraved1911 | 0 | 112.565 | 7.47009 | 0 | 1 | 1 | 0 | 0 | 0 | 0 | 1 | camera | Land_House_2W03 | -0.867742 | -0 | 0
SCRIPT       : DATA_LOG | 491859 | aRapBi1cCZPZAGLIDny3dk3hQ8vTmNTLHRl8zxmKgQ0= | 12150.4 | 99.8201 | 13778.7 | -0.867742 | 0.497015 | 0 | Engraved1911 | 0 | 112.58 | 7.46506 | 0 | 1 | 1 | 0 | 0 | 0 | 0 | 1 | camera | Land_House_2W03 | -0.867742 | -0 | 0.
SCRIPT       : DATA_LOG | 492855 | aRapBi1cCZPZAGLIDny3dk3hQ8vTmNTLHRl8zxmKgQ0= | 12150.4 | 99.8201 | 13778.7 | -0.867742 | 0.497015 | 0 | Engraved1911 | 0 | 112.575 | 7.47238 | 0 | 1 | 1 | 0 | 0 | 0 | 0 | 1 | camera | Land_House_2W03 | -0.867742 | -0 | 0
SCRIPT       : DATA_LOG | 493851 | aRapBi1cCZPZAGLIDny3dk3hQ8vTmNTLHRl8zxmKgQ0= | 12150.4 | 99.8201 | 13778.7 | -0.867742 | 0.497015 | 0 | Engraved1911 | 0 | 112.609 | 7.46826 | 0 | 1 | 1 | 0 | 0 | 0 | 0 | 1 | camera | Land_House_2W03 | -0.867742 | -0 | 0
SCRIPT       : DATA_LOG | 494851 | aRapBi1cCZPZAGLIDny3dk3hQ8vTmNTLHRl8zxmKgQ0= | 12150.4 | 99.8201 | 13778.7 | -0.867742 | 0.497015 | 0 | Engraved1911 | 0 | 112.574 | 7.47167 | 0 | 1 | 1 | 0 | 0 | 0 | 0 | 1 | camera | Land_House_2W03 | -0.867742 | -0 | 0
SCRIPT       : DATA_LOG | 495856 | aRapBi1cCZPZAGLIDny3dk3hQ8vTmNTLHRl8zxmKgQ0= | 12150.4 | 99.8201 | 13778.7 | -0.867742 | 0.497015 | 0 | Engraved1911 | 0 | 112.57 | 7.46471 | 0 | 1 | 1 | 0 | 0 | 0 | 0 | 1 | camera | Land_House_2W03 | -0.867742 | -0 | 0.
SCRIPT       : DATA_LOG | 496859 | aRapBi1cCZPZAGLIDny3dk3hQ8vTmNTLHRl8zxmKgQ0= | 12150.4 | 99.8201 | 13778.7 | -0.867742 | 0.497015 | 0 | Engraved1911 | 0 | 112.612 | 7.4585 | 0 | 1 | 1 | 0 | 0 | 0 | 0 | 1 | camera | Land_House_2W03 | -0.867742 | -0 | 0.
SCRIPT       : DATA_LOG | 497856 | aRapBi1cCZPZAGLIDny3dk3hQ8vTmNTLHRl8zxmKgQ0= | 12150.4 | 99.8201 | 13778.7 | -0.867742 | 0.497015 | 0 | Engraved1911 | 0 | 112.559 | 7.47065 | 0 | 1 | 1 | 0 | 0 | 0 | 0 | 1 | camera | Land_House_2W03 | -0.867742 | -0 | 0
SCRIPT       : DATA_LOG | 498857 | aRapBi1cCZPZAGLIDny3dk3hQ8vTmNTLHRl8zxmKgQ0= | 12150.4 | 99.8201 | 13778.7 | -0.867742 | 0.497015 | 0 | Engraved1911 | 0 | 112.581 | 7.46379 | 0 | 1 | 1 | 0 | 0 | 0 | 0 | 1 | camera | Land_House_2W03 | -0.867742 | -0 | 0
SCRIPT       : DATA_LOG | 499863 | aRapBi1cCZPZAGLIDny3dk3hQ8vTmNTLHRl8zxmKgQ0= | 12150.4 | 99.8201 | 13778.7 | -0.867742 | 0.497015 | 0 | Engraved1911 | 0 | 112.581 | 7.47183 | 0 | 1 | 1 | 0 | 0 | 0 | 0 | 1 | camera | Land_House_2W03 | -0.867742 | -0 | 0
SCRIPT       : DATA_LOG | 500863 | aRapBi1cCZPZAGLIDny3dk3hQ8vTmNTLHRl8zxmKgQ0= | 12150.4 | 99.8201 | 13778.7 | -0.867742 | 0.497015 | 0 | Engraved1911 | 0 | 112.603 | 7.47002 | 0 | 1 | 1 | 0 | 0 | 0 | 0 | 1 | camera | Land_House_2W03 | -0.867742 | -0 | 0
SCRIPT       : DATA_LOG | 501869 | aRapBi1cCZPZAGLIDny3dk3hQ8vTmNTLHRl8zxmKgQ0= | 12150.4 | 99.8201 | 13778.7 | -0.867742 | 0.497015 | 0 | Engraved1911 | 0 | 112.597 | 7.46947 | 0 | 1 | 1 | 0 | 0 | 0 | 0 | 1 | camera | Land_House_2W03 | -0.867742 | -0 | 0
SCRIPT       : DATA_LOG | 502861 | aRapBi1cCZPZAGLIDny3dk3hQ8vTmNTLHRl8zxmKgQ0= | 12150.4 | 99.8201 | 13778.7 | -0.867742 | 0.497015 | 0 | Engraved1911 | 0 | 112.563 | 7.46658 | 0 | 1 | 1 | 0 | 0 | 0 | 0 | 1 | camera | Land_House_2W03 | -0.867742 | -0 | 0
SCRIPT       : DATA_LOG | 503864 | aRapBi1cCZPZAGLIDny3dk3hQ8vTmNTLHRl8zxmKgQ0= | 12150.4 | 99.8201 | 13778.7 | -0.867742 | 0.497015 | 0 | Engraved1911 | 0 | 112.625 | 7.4562 | 0 | 1 | 1 | 0 | 0 | 0 | 0 | 1 | camera | Land_House_2W03 | -0.867742 | -0 | 0.
SCRIPT       : DATA_LOG | 504869 | aRapBi1cCZPZAGLIDny3dk3hQ8vTmNTLHRl8zxmKgQ0= | 12150.4 | 99.8201 | 13778.7 | -0.867742 | 0.497015 | 0 | Engraved1911 | 0 | 112.56 | 7.47061 | 0 | 1 | 1 | 0 | 0 | 0 | 0 | 1 | camera | Land_House_2W03 | -0.867742 | -0 | 0.
SCRIPT       : DATA_LOG | 505862 | aRapBi1cCZPZAGLIDny3dk3hQ8vTmNTLHRl8zxmKgQ0= | 12150.4 | 99.8201 | 13778.7 | -0.867742 | 0.497015 | 0 | Engraved1911 | 0 | 112.587 | 7.46326 | 0 | 1 | 1 | 0 | 0 | 0 | 0 | 1 | camera | Land_House_2W03 | -0.867742 | -0 | 0
SCRIPT       : DATA_LOG | 506872 | aRapBi1cCZPZAGLIDny3dk3hQ8vTmNTLHRl8zxmKgQ0= | 12150.4 | 99.8201 | 13778.7 | -0.867742 | 0.497015 | 0 | Engraved1911 | 0 | 112.582 | 7.47056 | 0 | 1 | 1 | 0 | 0 | 0 | 0 | 1 | camera | Land_House_2W03 | -0.867742 | -0 | 0
SCRIPT       : DATA_LOG | 507874 | aRapBi1cCZPZAGLIDny3dk3hQ8vTmNTLHRl8zxmKgQ0= | 12150.4 | 99.8201 | 13778.7 | -0.867742 | 0.497015 | 0 | Engraved1911 | 0 | 112.597 | 7.47046 | 0 | 1 | 1 | 0 | 0 | 0 | 0 | 1 | camera | Land_House_2W03 | -0.867742 | -0 | 0
SCRIPT       : DATA_LOG | 508864 | aRapBi1cCZPZAGLIDny3dk3hQ8vTmNTLHRl8zxmKgQ0= | 12150.4 | 99.8201 | 13778.7 | -0.867742 | 0.497015 | 0 | Engraved1911 | 0 | 112.622 | 7.46588 | 0 | 1 | 1 | 0 | 0 | 0 | 0 | 1 | camera | Land_House_2W03 | -0.867742 | -0 | 0
SCRIPT       : DATA_LOG | 509874 | aRapBi1cCZPZAGLIDny3dk3hQ8vTmNTLHRl8zxmKgQ0= | 12150.4 | 99.8201 | 13778.7 | -0.867742 | 0.497015 | 0 | Engraved1911 | 0 | 112.55 | 7.47022 | 0 | 1 | 1 | 0 | 0 | 0 | 0 | 1 | camera | Land_House_2W03 | -0.867742 | -0 | 0.
SCRIPT       : DATA_LOG | 510881 | aRapBi1cCZPZAGLIDny3dk3hQ8vTmNTLHRl8zxmKgQ0= | 12150.4 | 99.8201 | 13778.7 | -0.867742 | 0.497015 | 0 | Engraved1911 | 0 | 112.631 | 7.45562 | 0 | 1 | 1 | 0 | 0 | 0 | 0 | 1 | camera | Land_House_2W03 | -0.867742 | -0 | 0
SCRIPT       : DATA_LOG | 511881 | aRapBi1cCZPZAGLIDny3dk3hQ8vTmNTLHRl8zxmKgQ0= | 12150.4 | 99.8201 | 13778.7 | -0.867742 | 0.497015 | 0 | Engraved1911 | 0 | 112.561 | 7.46927 | 0 | 1 | 1 | 0 | 0 | 0 | 0 | 1 | camera | Land_House_2W03 | -0.867742 | -0 | 0
SCRIPT       : DATA_LOG | 512871 | aRapBi1cCZPZAGLIDny3dk3hQ8vTmNTLHRl8zxmKgQ0= | 12150.4 | 99.8201 | 13778.7 | -0.867742 | 0.497015 | 0 | Engraved1911 | 0 | 112.581 | 7.46377 | 0 | 1 | 1 | 0 | 0 | 0 | 0 | 1 | camera | Land_House_2W03 | -0.867742 | -0 | 0
SCRIPT       : DATA_LOG | 513879 | aRapBi1cCZPZAGLIDny3dk3hQ8vTmNTLHRl8zxmKgQ0= | 12150.4 | 99.8201 | 13778.7 | -0.867742 | 0.497015 | 0 | Engraved1911 | 0 | 112.587 | 7.47012 | 0 | 1 | 1 | 0 | 0 | 0 | 0 | 1 | camera | Land_House_2W03 | -0.867742 | -0 | 0
SCRIPT       : DATA_LOG | 514877 | aRapBi1cCZPZAGLIDny3dk3hQ8vTmNTLHRl8zxmKgQ0= | 12150.4 | 99.8201 | 13778.7 | -0.867742 | 0.497015 | 0 | Engraved1911 | 0 | 112.596 | 7.47166 | 0 | 1 | 1 | 0 | 0 | 0 | 0 | 1 | camera | Land_House_2W03 | -0.867742 | -0 | 0
SCRIPT       : DATA_LOG | 515886 | aRapBi1cCZPZAGLIDny3dk3hQ8vTmNTLHRl8zxmKgQ0= | 12150.4 | 99.8201 | 13778.7 | -0.867742 | 0.497015 | 0 | Engraved1911 | 0 | 112.629 | 7.46403 | 0 | 1 | 1 | 0 | 0 | 0 | 0 | 1 | camera | Land_House_2W03 | -0.867742 | -0 | 0
SCRIPT       : DATA_LOG | 516882 | aRapBi1cCZPZAGLIDny3dk3hQ8vTmNTLHRl8zxmKgQ0= | 12150.4 | 99.8201 | 13778.7 | -0.867742 | 0.497015 | 0 | Engraved1911 | 0 | 112.542 | 7.4722 | 0 | 1 | 1 | 0 | 0 | 0 | 0 | 1 | camera | Land_House_2W03 | -0.867742 | -0 | 0.
SCRIPT       : DATA_LOG | 517885 | aRapBi1cCZPZAGLIDny3dk3hQ8vTmNTLHRl8zxmKgQ0= | 12150.5 | 99.8201 | 13779.7 | 0.182262 | 0.98325 | 0 | Engraved1911 | 0 | 57.9988 | 6.86709 | 0 | 1 | 1 | 0 | 0 | 0 | 0 | 1 | camera | Land_House_2W03 | 0.182262 | 0 | 0.983
SCRIPT       : DATA_LOG | 518881 | aRapBi1cCZPZAGLIDny3dk3hQ8vTmNTLHRl8zxmKgQ0= | 12150.6 | 99.8201 | 13779.8 | 0.182262 | 0.98325 | 0 | Engraved1911 | 0 | 58.3409 | 6.84543 | 0 | 1 | 1 | 0 | 0 | 0 | 0 | 1 | camera | Land_House_2W03 | 0.182262 | 0 | 0.983
SCRIPT       : DATA_LOG | 519895 | aRapBi1cCZPZAGLIDny3dk3hQ8vTmNTLHRl8zxmKgQ0= | 12150.6 | 99.8201 | 13779.8 | 0.182262 | 0.98325 | 0 | Engraved1911 | 0 | 58.3553 | 6.84457 | 0 | 1 | 1 | 0 | 0 | 0 | 0 | 1 | camera | Land_House_2W03 | 0.182262 | 0 | 0.983
SCRIPT       : DATA_LOG | 520886 | aRapBi1cCZPZAGLIDny3dk3hQ8vTmNTLHRl8zxmKgQ0= | 12150.6 | 99.8201 | 13779.8 | 0.182262 | 0.98325 | 0 | Engraved1911 | 0 | 58.3465 | 6.84753 | 0 | 1 | 1 | 0 | 0 | 0 | 0 | 1 | camera | Land_House_2W03 | 0.182262 | 0 | 0.983
SCRIPT       : DATA_LOG | 521900 | aRapBi1cCZPZAGLIDny3dk3hQ8vTmNTLHRl8zxmKgQ0= | 12150.6 | 99.8201 | 13779.8 | 0.182262 | 0.98325 | 0 | Engraved1911 | 0 | 58.3388 | 6.85073 | 0 | 1 | 1 | 0 | 0 | 0 | 0 | 1 | camera | Land_House_2W03 | 0.182262 | 0 | 0.983
SCRIPT       : DATA_LOG | 522894 | aRapBi1cCZPZAGLIDny3dk3hQ8vTmNTLHRl8zxmKgQ0= | 12150.6 | 99.8201 | 13779.8 | 0.182262 | 0.98325 | 0 | Engraved1911 | 0 | 58.3957 | 6.84393 | 0 | 1 | 1 | 0 | 0 | 0 | 0 | 1 | camera | Land_House_2W03 | 0.182262 | 0 | 0.983
SCRIPT       : DATA_LOG | 523885 | aRapBi1cCZPZAGLIDny3dk3hQ8vTmNTLHRl8zxmKgQ0= | 12150.6 | 99.8201 | 13779.8 | 0.182262 | 0.98325 | 0 | Engraved1911 | 0 | 58.291 | 6.85142 | 0 | 1 | 1 | 0 | 0 | 0 | 0 | 1 | camera | Land_House_2W03 | 0.182262 | 0 | 0.9832
SCRIPT       : DATA_LOG | 524898 | aRapBi1cCZPZAGLIDny3dk3hQ8vTmNTLHRl8zxmKgQ0= | 12150.6 | 99.8201 | 13779.8 | 0.182262 | 0.98325 | 0 | AKM | 0 | 58.4156 | 6.83624 | 0 | 1 | 1 | 0 | 0 | 0 | 0 | 1 | camera | Land_House_2W03 | 0.182262 | 0 | 0.98325 | 0.18
SCRIPT       : DATA_LOG | 525894 | aRapBi1cCZPZAGLIDny3dk3hQ8vTmNTLHRl8zxmKgQ0= | 12150.6 | 99.8201 | 13779.8 | 0.182262 | 0.98325 | 0 | AKM | 0 | 58.3599 | 6.84329 | 0 | 1 | 1 | 0 | 0 | 0 | 0 | 1 | camera | Land_House_2W03 | 0.182262 | 0 | 0.98325 | 0.18
SCRIPT       : DATA_LOG | 526891 | aRapBi1cCZPZAGLIDny3dk3hQ8vTmNTLHRl8zxmKgQ0= | 12150.6 | 99.8201 | 13779.8 | 0.182262 | 0.98325 | 0 | AKM | 0 | 58.3434 | 6.84626 | 0 | 1 | 1 | 0 | 0 | 0 | 0 | 1 | camera | Land_House_2W03 | 0.182262 | 0 | 0.98325 | 0.18
SCRIPT       : DATA_LOG | 527892 | aRapBi1cCZPZAGLIDny3dk3hQ8vTmNTLHRl8zxmKgQ0= | 12150.6 | 99.8201 | 13779.8 | 0.182262 | 0.98325 | 0 | AKM | 0 | 58.3496 | 6.84563 | 0 | 1 | 1 | 0 | 0 | 0 | 0 | 1 | camera | Land_House_2W03 | 0.182262 | 0 | 0.98325 | 0.18
SCRIPT       : DATA_LOG | 528897 | aRapBi1cCZPZAGLIDny3dk3hQ8vTmNTLHRl8zxmKgQ0= | 12150.6 | 99.8201 | 13779.8 | 0.182262 | 0.98325 | 0 | AKM | 0 | 58.3313 | 6.8511 | 0 | 1 | 1 | 0 | 0 | 0 | 0 | 1 | camera | Land_House_2W03 | 0.182262 | 0 | 0.98325 | 0.182
SCRIPT       : DATA_LOG | 529894 | aRapBi1cCZPZAGLIDny3dk3hQ8vTmNTLHRl8zxmKgQ0= | 12150.6 | 99.8201 | 13779.8 | 0.182262 | 0.98325 | 0 | AKM | 0 | 58.3889 | 6.84443 | 0 | 1 | 1 | 0 | 0 | 0 | 0 | 1 | camera | Land_House_2W03 | 0.182262 | 0 | 0.98325 | 0.18
SCRIPT       : DATA_LOG | 530896 | aRapBi1cCZPZAGLIDny3dk3hQ8vTmNTLHRl8zxmKgQ0= | 12150.6 | 99.8201 | 13779.8 | 0.182262 | 0.98325 | 0 | AKM | 0 | 58.306 | 6.85066 | 0 | 1 | 1 | 0 | 0 | 0 | 0 | 1 | camera | Land_House_2W03 | 0.182262 | 0 | 0.98325 | 0.182
SCRIPT       : DATA_LOG | 531899 | aRapBi1cCZPZAGLIDny3dk3hQ8vTmNTLHRl8zxmKgQ0= | 12150.6 | 99.8201 | 13779.8 | 0.182262 | 0.98325 | 0 | AKM | 0 | 58.3889 | 6.83873 | 0 | 1 | 1 | 0 | 0 | 0 | 0 | 1 | camera | Land_House_2W03 | 0.182262 | 0 | 0.98325 | 0.18
SCRIPT       : DATA_LOG | 532901 | aRapBi1cCZPZAGLIDny3dk3hQ8vTmNTLHRl8zxmKgQ0= | 12150.6 | 99.8201 | 13779.8 | 0.182262 | 0.98325 | 0 | AKM | 0 | 58.3865 | 6.84078 | 0 | 1 | 1 | 0 | 0 | 0 | 0 | 1 | camera | Land_House_2W03 | 0.182262 | 0 | 0.98325 | 0.18
SCRIPT       : DATA_LOG | 533904 | aRapBi1cCZPZAGLIDny3dk3hQ8vTmNTLHRl8zxmKgQ0= | 12150.6 | 99.8201 | 13779.8 | 0.182262 | 0.98325 | 0 | none | 0 | 58.3317 | 6.84799 | 0 | 1 | 1 | 0 | 0 | 0 | 0 | 1 | camera | Land_House_2W03 | 0.182262 | 0 | 0.98325 | 0.1
SCRIPT       : DATA_LOG | 534909 | aRapBi1cCZPZAGLIDny3dk3hQ8vTmNTLHRl8zxmKgQ0= | 12150.6 | 99.8201 | 13779.8 | 0.182263 | 0.98325 | 0 | none | 0 | 58.3531 | 6.8438 | 0 | 1 | 1 | 0 | 0 | 0 | 0 | 1 | camera | Land_House_2W03 | 0.182263 | 0 | 0.98325 | 0.18
SCRIPT       : DATA_LOG | 535912 | aRapBi1cCZPZAGLIDny3dk3hQ8vTmNTLHRl8zxmKgQ0= | 12150.6 | 99.8201 | 13779.8 | 0.182263 | 0.98325 | 0 | none | 0 | 58.3216 | 6.85071 | 0 | 1 | 1 | 0 | 0 | 0 | 0 | 1 | camera | Land_House_2W03 | 0.182263 | 0 | 0.98325 | 0.1
SCRIPT       : DATA_LOG | 536912 | aRapBi1cCZPZAGLIDny3dk3hQ8vTmNTLHRl8zxmKgQ0= | 12151.5 | 99.8201 | 13780.4 | 0.837289 | 0.54676 | 0 | none | 0 | 36.4272 | 5.94455 | 0 | 1 | 1 | 0 | 0 | 0 | 0 | 1 | camera | Land_House_2W03 | 0.837289 | 0 | 0.54676 | 0.8
SCRIPT       : DATA_LOG | 537907 | aRapBi1cCZPZAGLIDny3dk3hQ8vTmNTLHRl8zxmKgQ0= | 12152 | 99.8201 | 13781.4 | 0.878497 | 0.477748 | 0 | none | 0 | 43.2695 | 5.24174 | 0 | 1 | 1 | 0 | 0 | 0 | 0 | 1 | camera | Land_House_2W03 | 0.878497 | 0 | 0.477748 | 0.8
SCRIPT       : DATA_LOG | 538910 | aRapBi1cCZPZAGLIDny3dk3hQ8vTmNTLHRl8zxmKgQ0= | 12152 | 99.8201 | 13781.4 | 0.878497 | 0.477748 | 0 | none | 0 | 43.3242 | 5.23489 | 0 | 1 | 1 | 0 | 0 | 0 | 0 | 1 | camera | Land_House_2W03 | 0.878497 | 0 | 0.477748 | 0.8
SCRIPT       : DATA_LOG | 539919 | aRapBi1cCZPZAGLIDny3dk3hQ8vTmNTLHRl8zxmKgQ0= | 12152 | 99.8201 | 13781.4 | 0.878497 | 0.477748 | 0 | none | 0 | 43.3574 | 5.23326 | 0 | 1 | 1 | 0 | 0 | 0 | 0 | 1 | camera | Land_House_2W03 | 0.878497 | 0 | 0.477748 | 0.8
SCRIPT       : DATA_LOG | 540911 | aRapBi1cCZPZAGLIDny3dk3hQ8vTmNTLHRl8zxmKgQ0= | 12152 | 99.8201 | 13781.4 | 0.878497 | 0.477748 | 0 | none | 0 | 43.2726 | 5.24082 | 0 | 1 | 1 | 0 | 0 | 0 | 0 | 1 | camera | Land_House_2W03 | 0.878497 | 0 | 0.477748 | 0.8
SCRIPT       : DATA_LOG | 541918 | aRapBi1cCZPZAGLIDny3dk3hQ8vTmNTLHRl8zxmKgQ0= | 12152 | 99.8201 | 13781.4 | 0.878497 | 0.477748 | 0 | none | 0 | 43.3221 | 5.23589 | 0 | 1 | 1 | 0 | 0 | 0 | 0 | 1 | camera | Land_House_2W03 | 0.878497 | 0 | 0.477748 | 0.8
SCRIPT       : DATA_LOG | 542916 | aRapBi1cCZPZAGLIDny3dk3hQ8vTmNTLHRl8zxmKgQ0= | 12152 | 99.8201 | 13781.4 | 0.878497 | 0.477748 | 0 | none | 0 | 43.2541 | 5.24212 | 0 | 1 | 1 | 0 | 0 | 0 | 0 | 1 | camera | Land_House_2W03 | 0.878497 | 0 | 0.477748 | 0.8
SCRIPT       : DATA_LOG | 543915 | aRapBi1cCZPZAGLIDny3dk3hQ8vTmNTLHRl8zxmKgQ0= | 12151.9 | 99.8201 | 13782.3 | 0.996819 | 0.0796959 | 0 | none | 0 | 41.7355 | 5.22104 | 0 | 1 | 1 | 0 | 0 | 0 | 0 | 1 | camera | Land_House_2W03 | 0.996819 | 0 | 0.0796959 |
SCRIPT       : DATA_LOG | 544917 | aRapBi1cCZPZAGLIDny3dk3hQ8vTmNTLHRl8zxmKgQ0= | 12153.9 | 99.8201 | 13782.2 | 0.730552 | -0.682857 | 0 | none | 0 | 72.2839 | 3.9632 | 0 | 1 | 1 | 0 | 0 | 0 | 0 | 1 | camera | Land_House_2W03 | 0.730552 | 0 | -0.682857 | 
SCRIPT       : DATA_LOG | 545926 | aRapBi1cCZPZAGLIDny3dk3hQ8vTmNTLHRl8zxmKgQ0= | 12154.1 | 99.8201 | 13783 | -0.306224 | -0.951959 | 0 | none | 0 | 90.3486 | 3.927 | 0 | 1 | 1 | 0 | 0 | 0 | 0 | 1 | camera | Land_House_2W03 | -0.306224 | 0 | -0.951959 | -
SCRIPT       : DATA_LOG | 546918 | aRapBi1cCZPZAGLIDny3dk3hQ8vTmNTLHRl8zxmKgQ0= | 12152.8 | 99.8201 | 13783.6 | -0.325517 | -0.945536 | 0 | none | 0 | 88.6615 | 4.73949 | 0 | 1 | 1 | 0 | 0 | 0 | 0 | 1 | camera | Land_House_2W03 | -0.325517 | 0 | -0.945536
SCRIPT       : DATA_LOG | 547922 | aRapBi1cCZPZAGLIDny3dk3hQ8vTmNTLHRl8zxmKgQ0= | 12152.8 | 99.8201 | 13783.6 | -0.325517 | -0.945536 | 0 | none | 0 | 88.8636 | 4.74116 | 0 | 1 | 1 | 0 | 0 | 0 | 0 | 1 | camera | Land_House_2W03 | -0.325517 | 0 | -0.945536
SCRIPT       : DATA_LOG | 548918 | aRapBi1cCZPZAGLIDny3dk3hQ8vTmNTLHRl8zxmKgQ0= | 12152.8 | 99.8201 | 13783.6 | -0.325517 | -0.945536 | 0 | none | 0 | 88.7585 | 4.73962 | 0 | 1 | 1 | 0 | 0 | 0 | 0 | 1 | camera | Land_House_2W03 | -0.325517 | 0 | -0.945536
SCRIPT       : DATA_LOG | 549926 | aRapBi1cCZPZAGLIDny3dk3hQ8vTmNTLHRl8zxmKgQ0= | 12152.8 | 99.8201 | 13783.6 | -0.325517 | -0.945536 | 0 | none | 0 | 88.8531 | 4.74271 | 0 | 1 | 1 | 0 | 0 | 0 | 0 | 1 | camera | Land_House_2W03 | -0.325517 | 0 | -0.945536
SCRIPT       : DATA_LOG | 550923 | aRapBi1cCZPZAGLIDny3dk3hQ8vTmNTLHRl8zxmKgQ0= | 12152.8 | 99.8201 | 13783.6 | -0.325517 | -0.945536 | 0 | none | 0 | 88.831 | 4.74345 | 0 | 1 | 1 | 0 | 0 | 0 | 0 | 1 | camera | Land_House_2W03 | -0.325517 | 0 | -0.945536 
SCRIPT       : DATA_LOG | 551927 | aRapBi1cCZPZAGLIDny3dk3hQ8vTmNTLHRl8zxmKgQ0= | 12152.8 | 99.8201 | 13783.6 | -0.325517 | -0.945536 | 0 | none | 0 | 88.7826 | 4.74365 | 0 | 1 | 1 | 0 | 0 | 0 | 0 | 1 | camera | Land_House_2W03 | -0.325517 | 0 | -0.945536
SCRIPT       : DATA_LOG | 552921 | aRapBi1cCZPZAGLIDny3dk3hQ8vTmNTLHRl8zxmKgQ0= | 12152.8 | 99.8201 | 13783.6 | -0.325517 | -0.945536 | 0 | none | 0 | 88.8444 | 4.73969 | 0 | 1 | 1 | 0 | 0 | 0 | 0 | 1 | camera | Land_House_2W03 | -0.325517 | 0 | -0.945536
SCRIPT       : DATA_LOG | 553931 | aRapBi1cCZPZAGLIDny3dk3hQ8vTmNTLHRl8zxmKgQ0= | 12152.8 | 99.8201 | 13783.6 | -0.325517 | -0.945536 | 0 | none | 0 | 88.6352 | 4.73921 | 0 | 1 | 1 | 0 | 0 | 0 | 0 | 1 | camera | Land_House_2W03 | -0.325517 | 0 | -0.945536
SCRIPT       : DATA_LOG | 554934 | aRapBi1cCZPZAGLIDny3dk3hQ8vTmNTLHRl8zxmKgQ0= | 12152.8 | 99.8201 | 13783.6 | -0.325517 | -0.945536 | 0 | none | 0 | 88.8484 | 4.74066 | 0 | 1 | 1 | 0 | 0 | 0 | 0 | 1 | camera | Land_House_2W03 | -0.325517 | 0 | -0.945536
SCRIPT       : DATA_LOG | 555929 | aRapBi1cCZPZAGLIDny3dk3hQ8vTmNTLHRl8zxmKgQ0= | 12152.8 | 99.8201 | 13783.6 | -0.325517 | -0.945536 | 0 | none | 0 | 88.7585 | 4.73959 | 0 | 1 | 1 | 0 | 0 | 0 | 0 | 1 | camera | Land_House_2W03 | -0.325517 | 0 | -0.945536
SCRIPT       : DATA_LOG | 556928 | aRapBi1cCZPZAGLIDny3dk3hQ8vTmNTLHRl8zxmKgQ0= | 12152.8 | 99.8201 | 13783.6 | -0.325517 | -0.945536 | 0 | none | 0 | 88.8492 | 4.74212 | 0 | 1 | 1 | 0 | 0 | 0 | 0 | 1 | camera | Land_House_2W03 | -0.325517 | 0 | -0.945536
SCRIPT       : DATA_LOG | 557931 | aRapBi1cCZPZAGLIDny3dk3hQ8vTmNTLHRl8zxmKgQ0= | 12152.8 | 99.8201 | 13783.6 | -0.325517 | -0.945536 | 0 | none | 0 | 88.8421 | 4.74318 | 0 | 1 | 1 | 0 | 0 | 0 | 0 | 1 | camera | Land_House_2W03 | -0.325517 | 0 | -0.945536
SCRIPT       : DATA_LOG | 558937 | aRapBi1cCZPZAGLIDny3dk3hQ8vTmNTLHRl8zxmKgQ0= | 12152.8 | 99.8201 | 13783.6 | -0.325517 | -0.945536 | 0 | none | 0 | 88.7452 | 4.74332 | 0 | 1 | 1 | 0 | 0 | 0 | 0 | 1 | camera | Land_House_2W03 | -0.325517 | 0 | -0.945536
SCRIPT       : DATA_LOG | 559934 | aRapBi1cCZPZAGLIDny3dk3hQ8vTmNTLHRl8zxmKgQ0= | 12152.8 | 99.8201 | 13783.6 | -0.325517 | -0.945536 | 0 | none | 0 | 88.8858 | 4.74066 | 0 | 1 | 1 | 0 | 0 | 0 | 0 | 1 | camera | Land_House_2W03 | -0.325517 | 0 | -0.945536
SCRIPT       : DATA_LOG | 560934 | aRapBi1cCZPZAGLIDny3dk3hQ8vTmNTLHRl8zxmKgQ0= | 12152.8 | 99.8201 | 13783.6 | -0.325517 | -0.945536 | 0 | none | 0 | 88.6352 | 4.73914 | 0 | 1 | 1 | 0 | 0 | 0 | 0 | 1 | camera | Land_House_2W03 | -0.325517 | 0 | -0.945536
SCRIPT       : DATA_LOG | 561941 | aRapBi1cCZPZAGLIDny3dk3hQ8vTmNTLHRl8zxmKgQ0= | 12152.8 | 99.8201 | 13783.6 | -0.325517 | -0.945536 | 0 | none | 0 | 88.8222 | 4.7402 | 0 | 1 | 1 | 0 | 0 | 0 | 0 | 1 | camera | Land_House_2W03 | -0.325517 | 0 | -0.945536 
SCRIPT       : DATA_LOG | 562943 | aRapBi1cCZPZAGLIDny3dk3hQ8vTmNTLHRl8zxmKgQ0= | 12152.8 | 99.8201 | 13783.6 | -0.325517 | -0.945536 | 0 | none | 0 | 88.7736 | 4.74012 | 0 | 1 | 1 | 0 | 0 | 0 | 0 | 1 | camera | Land_House_2W03 | -0.325517 | 0 | -0.945536
SCRIPT       : DATA_LOG | 563937 | aRapBi1cCZPZAGLIDny3dk3hQ8vTmNTLHRl8zxmKgQ0= | 12152.8 | 99.8201 | 13783.6 | -0.325517 | -0.945536 | 0 | none | 0 | 88.823 | 4.74196 | 0 | 1 | 1 | 0 | 0 | 0 | 0 | 1 | camera | Land_House_2W03 | -0.325517 | 0 | -0.945536 
SCRIPT       : DATA_LOG | 564934 | aRapBi1cCZPZAGLIDny3dk3hQ8vTmNTLHRl8zxmKgQ0= | 12152.8 | 99.8201 | 13783.6 | -0.325517 | -0.945536 | 0 | none | 0 | 88.8572 | 4.74357 | 0 | 1 | 1 | 0 | 0 | 0 | 0 | 1 | camera | Land_House_2W03 | -0.325517 | 0 | -0.945536
SCRIPT       : DATA_LOG | 565937 | aRapBi1cCZPZAGLIDny3dk3hQ8vTmNTLHRl8zxmKgQ0= | 12152.8 | 99.8201 | 13783.6 | -0.325517 | -0.945536 | 0 | none | 0 | 88.7301 | 4.74286 | 0 | 1 | 1 | 0 | 0 | 0 | 0 | 1 | camera | Land_House_2W03 | -0.325517 | 0 | -0.945536
SCRIPT       : DATA_LOG | 566935 | aRapBi1cCZPZAGLIDny3dk3hQ8vTmNTLHRl8zxmKgQ0= | 12152.8 | 99.8201 | 13783.6 | -0.325517 | -0.945536 | 0 | none | 0 | 88.9081 | 4.74056 | 0 | 1 | 1 | 0 | 0 | 0 | 0 | 1 | camera | Land_House_2W03 | -0.325517 | 0 | -0.945536
SCRIPT       : DATA_LOG | 567948 | aRapBi1cCZPZAGLIDny3dk3hQ8vTmNTLHRl8zxmKgQ0= | 12152.8 | 99.8201 | 13783.6 | -0.325517 | -0.945536 | 0 | none | 0 | 88.6534 | 4.7381 | 0 | 1 | 1 | 0 | 0 | 0 | 0 | 1 | camera | Land_House_2W03 | -0.325517 | 0 | -0.945536 
SCRIPT       : DATA_LOG | 568953 | aRapBi1cCZPZAGLIDny3dk3hQ8vTmNTLHRl8zxmKgQ0= | 12152.8 | 99.8201 | 13783.6 | -0.325517 | -0.945536 | 0 | none | 0 | 88.7847 | 4.73988 | 0 | 1 | 1 | 0 | 0 | 0 | 0 | 1 | camera | Land_House_2W03 | -0.325517 | 0 | -0.945536
SCRIPT       : DATA_LOG | 569947 | aRapBi1cCZPZAGLIDny3dk3hQ8vTmNTLHRl8zxmKgQ0= | 12152.8 | 99.8201 | 13783.6 | -0.325517 | -0.945536 | 0 | AKM | 0 | 88.815 | 4.74092 | 0 | 1 | 1 | 0 | 0 | 0 | 0 | 1 | camera | Land_House_2W03 | -0.325517 | 0 | -0.945536 |
SCRIPT       : DATA_LOG | 570945 | aRapBi1cCZPZAGLIDny3dk3hQ8vTmNTLHRl8zxmKgQ0= | 12152.8 | 99.8201 | 13783.6 | -0.325517 | -0.945536 | 0 | AKM | 0 | 88.8078 | 4.74151 | 0 | 1 | 1 | 0 | 0 | 0 | 0 | 1 | camera | Land_House_2W03 | -0.325517 | 0 | -0.945536 
SCRIPT       : DATA_LOG | 571947 | aRapBi1cCZPZAGLIDny3dk3hQ8vTmNTLHRl8zxmKgQ0= | 12152.8 | 99.8201 | 13783.6 | -0.325517 | -0.945536 | 0 | AKM | 0 | 88.8683 | 4.74334 | 0 | 1 | 1 | 0 | 0 | 0 | 0 | 1 | camera | Land_House_2W03 | -0.325517 | 0 | -0.945536 
SCRIPT       : DATA_LOG | 572944 | aRapBi1cCZPZAGLIDny3dk3hQ8vTmNTLHRl8zxmKgQ0= | 12152.8 | 99.8201 | 13783.6 | -0.325517 | -0.945536 | 0 | AKM | 0 | 88.7523 | 4.74257 | 0 | 1 | 1 | 0 | 0 | 0 | 0 | 1 | camera | Land_House_2W03 | -0.325517 | 0 | -0.945536 
SCRIPT       : DATA_LOG | 573943 | aRapBi1cCZPZAGLIDny3dk3hQ8vTmNTLHRl8zxmKgQ0= | 12152.8 | 99.8201 | 13783.6 | -0.325517 | -0.945536 | 0 | AKM | 0 | 88.9009 | 4.74149 | 0 | 1 | 1 | 0 | 0 | 0 | 0 | 1 | camera | Land_House_2W03 | -0.325517 | 0 | -0.945536 
SCRIPT       : DATA_LOG | 574945 | aRapBi1cCZPZAGLIDny3dk3hQ8vTmNTLHRl8zxmKgQ0= | 12152.8 | 99.8201 | 13783.6 | -0.325517 | -0.945536 | 0 | AKM | 0 | 88.6908 | 4.73827 | 0 | 1 | 1 | 0 | 0 | 0 | 0 | 1 | camera | Land_House_2W03 | -0.325517 | 0 | -0.945536 
SCRIPT       : DATA_LOG | 575953 | aRapBi1cCZPZAGLIDny3dk3hQ8vTmNTLHRl8zxmKgQ0= | 12153.1 | 99.8201 | 13783.5 | -0.18728 | -0.982306 | 0 | AKM | 0 | 82.5964 | 4.51059 | 0 | 1 | 1 | 0 | 0 | 0 | 0 | 1 | camera | Land_House_2W03 | -0.18728 | 0 | -0.982306 | 
SCRIPT       : DATA_LOG | 576954 | aRapBi1cCZPZAGLIDny3dk3hQ8vTmNTLHRl8zxmKgQ0= | 12152.6 | 99.82 | 13782.1 | -0.408775 | -0.912635 | 0 | AKM | 0 | 110.461 | 4.77666 | 0 | 1 | 1 | 0 | 0 | 0 | 0 | 1 | camera | Land_House_2W03 | -0.408775 | 0 | -0.912635 | 
SCRIPT       : DATA_LOG | 577947 | aRapBi1cCZPZAGLIDny3dk3hQ8vTmNTLHRl8zxmKgQ0= | 12150.9 | 99.8201 | 13779.4 | -0.801379 | 0.598157 | 0 | AKM | 0 | 108.432 | 6.75652 | 0 | 1 | 1 | 0 | 0 | 0 | 0 | 1 | camera | Land_House_2W03 | -0.801379 | 0 | 0.598157 | 
SCRIPT       : DATA_LOG | 578951 | aRapBi1cCZPZAGLIDny3dk3hQ8vTmNTLHRl8zxmKgQ0= | 12152.4 | 99.8201 | 13781.4 | -0.785373 | 0.619023 | 0 | AKM | 0 | 113.687 | 4.96744 | 0 | 1 | 1 | 0 | 0 | 0 | 0 | 1 | camera | Land_House_2W03 | -0.785373 | 0 | 0.619023 | 
SCRIPT       : DATA_LOG | 579957 | aRapBi1cCZPZAGLIDny3dk3hQ8vTmNTLHRl8zxmKgQ0= | 12152.4 | 99.8201 | 13781.4 | -0.785373 | 0.619023 | 0 | AKM | 0 | 113.752 | 4.96165 | 0 | 1 | 1 | 0 | 0 | 0 | 0 | 1 | camera | Land_House_2W03 | -0.785373 | 0 | 0.619023 | 
SCRIPT       : DATA_LOG | 580955 | aRapBi1cCZPZAGLIDny3dk3hQ8vTmNTLHRl8zxmKgQ0= | 12152.2 | 99.8201 | 13781.1 | -0.785373 | 0.619023 | 0 | AKM | 0 | 112.565 | 5.19865 | 0 | 1 | 1 | 0 | 0 | 0 | 0 | 1 | camera | Land_House_2W03 | -0.785373 | 0 | 0.619023 | 
SCRIPT       : DATA_LOG | 581958 | aRapBi1cCZPZAGLIDny3dk3hQ8vTmNTLHRl8zxmKgQ0= | 12152.5 | 99.8201 | 13781.5 | -0.785373 | 0.619023 | 0 | AKM | 0 | 114.306 | 4.84896 | 0 | 1 | 1 | 0 | 0 | 0 | 0 | 1 | camera | Land_House_2W03 | -0.785373 | -0 | 0.619023 |
SCRIPT       : DATA_LOG | 582960 | aRapBi1cCZPZAGLIDny3dk3hQ8vTmNTLHRl8zxmKgQ0= | 12152.1 | 99.8201 | 13780.9 | -0.785373 | 0.619023 | 0 | AKM | 0 | 111.996 | 5.33498 | 0 | 1 | 1 | 0 | 0 | 0 | 0 | 1 | camera | Land_House_2W03 | -0.785373 | 0 | 0.619023 | 
SCRIPT       : DATA_LOG | 583961 | aRapBi1cCZPZAGLIDny3dk3hQ8vTmNTLHRl8zxmKgQ0= | 12152.7 | 99.82 | 13781.7 | -0.785373 | 0.619023 | 0 | AKM | 0 | 114.794 | 4.75334 | 0 | 1 | 1 | 0 | 0 | 0 | 0 | 1 | camera | Land_House_2W03 | -0.785373 | 0 | 0.619023 | -0
SCRIPT       : DATA_LOG | 584957 | aRapBi1cCZPZAGLIDny3dk3hQ8vTmNTLHRl8zxmKgQ0= | 12152.9 | 99.8201 | 13782.7 | -0.825591 | -0.564269 | 0 | AKM | 0 | 120.034 | 4.52044 | 0 | 1 | 1 | 0 | 0 | 0 | 0 | 1 | camera | Land_House_2W03 | -0.825591 | 0 | -0.564269 
SCRIPT       : DATA_LOG | 585963 | aRapBi1cCZPZAGLIDny3dk3hQ8vTmNTLHRl8zxmKgQ0= | 12152.2 | 99.8201 | 13781.6 | -0.824333 | -0.566105 | 0 | AKM | 0 | 132.959 | 5.11052 | 0 | 1 | 1 | 0 | 0 | 0 | 0 | 1 | camera | Land_House_2W03 | -0.824333 | 0 | -0.566105 
SCRIPT       : DATA_LOG | 586963 | aRapBi1cCZPZAGLIDny3dk3hQ8vTmNTLHRl8zxmKgQ0= | 12152.4 | 99.8201 | 13781.9 | -0.824333 | -0.566105 | 0 | AKM | 0 | 129.696 | 4.88298 | 0 | 1 | 1 | 0 | 0 | 0 | 0 | 1 | camera | Land_House_2W03 | -0.824333 | 0 | -0.566105 
SCRIPT       : DATA_LOG | 587971 | aRapBi1cCZPZAGLIDny3dk3hQ8vTmNTLHRl8zxmKgQ0= | 12152 | 99.8201 | 13780.9 | -0.824333 | -0.566105 | 0 | AKM | 0 | 138.347 | 5.40534 | 0 | 1 | 1 | 0 | 0 | 0 | 0 | 1 | camera | Land_House_2W03 | -0.824333 | 0 | -0.566105 | 
SCRIPT       : DATA_LOG | 588970 | aRapBi1cCZPZAGLIDny3dk3hQ8vTmNTLHRl8zxmKgQ0= | 12152 | 99.8201 | 13780.9 | -0.824333 | -0.566105 | 0 | AKM | 0 | 138.314 | 5.39938 | 0 | 1 | 1 | 0 | 0 | 0 | 0 | 1 | camera | Land_House_2W03 | -0.824333 | 0 | -0.566105 | 
SCRIPT       : DATA_LOG | 589966 | aRapBi1cCZPZAGLIDny3dk3hQ8vTmNTLHRl8zxmKgQ0= | 12152 | 99.8201 | 13780.9 | -0.824333 | -0.566105 | 0 | AKM | 0 | 138.257 | 5.39464 | 0 | 1 | 1 | 0 | 0 | 0 | 0 | 1 | camera | Land_House_2W03 | -0.824333 | 0 | -0.566105 | 
SCRIPT       : DATA_LOG | 590968 | aRapBi1cCZPZAGLIDny3dk3hQ8vTmNTLHRl8zxmKgQ0= | 12152 | 99.8201 | 13780.9 | -0.824333 | -0.566105 | 0 | AKM | 0 | 138.35 | 5.4044 | 0 | 1 | 1 | 0 | 0 | 0 | 0 | 1 | camera | Land_House_2W03 | -0.824333 | 0 | -0.566105 | -0
SCRIPT       : DATA_LOG | 591971 | aRapBi1cCZPZAGLIDny3dk3hQ8vTmNTLHRl8zxmKgQ0= | 12152 | 99.8201 | 13780.9 | -0.824333 | -0.566105 | 0 | AKM | 0 | 138.297 | 5.3986 | 0 | 1 | 1 | 0 | 0 | 0 | 0 | 1 | camera | Land_House_2W03 | -0.824333 | 0 | -0.566105 | -
SCRIPT       : DATA_LOG | 592967 | aRapBi1cCZPZAGLIDny3dk3hQ8vTmNTLHRl8zxmKgQ0= | 12152 | 99.8201 | 13780.9 | -0.824333 | -0.566105 | 0 | AKM | 0 | 138.366 | 5.40554 | 0 | 1 | 1 | 0 | 0 | 0 | 0 | 1 | camera | Land_House_2W03 | -0.824333 | 0 | -0.566105 | 
SCRIPT       : DATA_LOG | 593974 | aRapBi1cCZPZAGLIDny3dk3hQ8vTmNTLHRl8zxmKgQ0= | 12152 | 99.8201 | 13780.9 | -0.824333 | -0.566105 | 0 | AKM | 0 | 138.341 | 5.40467 | 0 | 1 | 1 | 0 | 0 | 0 | 0 | 1 | camera | Land_House_2W03 | -0.824333 | 0 | -0.566105 | 
SCRIPT       : DATA_LOG | 594970 | aRapBi1cCZPZAGLIDny3dk3hQ8vTmNTLHRl8zxmKgQ0= | 12152 | 99.8201 | 13780.9 | -0.824333 | -0.566105 | 0 | AKM | 0 | 138.331 | 5.40372 | 0 | 1 | 1 | 0 | 0 | 0 | 0 | 1 | camera | Land_House_2W03 | -0.824333 | 0 | -0.566105 | 
SCRIPT       : DATA_LOG | 595970 | aRapBi1cCZPZAGLIDny3dk3hQ8vTmNTLHRl8zxmKgQ0= | 12152 | 99.8201 | 13780.9 | -0.824333 | -0.566105 | 0 | AKM | 0 | 138.341 | 5.4022 | 0 | 1 | 1 | 0 | 0 | 0 | 0 | 1 | camera | Land_House_2W03 | -0.824333 | 0 | -0.566105 | -
SCRIPT       : DATA_LOG | 596968 | aRapBi1cCZPZAGLIDny3dk3hQ8vTmNTLHRl8zxmKgQ0= | 12152 | 99.8201 | 13780.9 | -0.824333 | -0.566105 | 0 | AKM | 0 | 138.243 | 5.39325 | 0 | 1 | 1 | 0 | 0 | 0 | 0 | 1 | camera | Land_House_2W03 | -0.824333 | 0 | -0.566105 | 
SCRIPT       : DATA_LOG | 597972 | aRapBi1cCZPZAGLIDny3dk3hQ8vTmNTLHRl8zxmKgQ0= | 12152 | 99.8201 | 13780.9 | -0.824333 | -0.566105 | 0 | AKM | 0 | 138.346 | 5.40363 | 0 | 1 | 1 | 0 | 0 | 0 | 0 | 1 | camera | Land_House_2W03 | -0.824333 | 0 | -0.566105 | 
SCRIPT       : DATA_LOG | 598971 | aRapBi1cCZPZAGLIDny3dk3hQ8vTmNTLHRl8zxmKgQ0= | 12152 | 99.8201 | 13780.9 | -0.824333 | -0.566105 | 0 | AKM | 0 | 138.298 | 5.39854 | 0 | 1 | 1 | 0 | 0 | 0 | 0 | 1 | camera | Land_House_2W03 | -0.824333 | 0 | -0.566105 | 
SCRIPT       : DATA_LOG | 599971 | aRapBi1cCZPZAGLIDny3dk3hQ8vTmNTLHRl8zxmKgQ0= | 12152 | 99.8201 | 13780.9 | -0.824333 | -0.566105 | 0 | AKM | 0 | 138.356 | 5.40451 | 0 | 1 | 1 | 0 | 0 | 0 | 0 | 1 | camera | Land_House_2W03 | -0.824333 | 0 | -0.566105 | 
SCRIPT       : DATA_LOG | 600981 | aRapBi1cCZPZAGLIDny3dk3hQ8vTmNTLHRl8zxmKgQ0= | 12152 | 99.8201 | 13780.9 | -0.824333 | -0.566105 | 0 | AKM | 0 | 138.347 | 5.40487 | 0 | 1 | 1 | 0 | 0 | 0 | 0 | 1 | camera | Land_House_2W03 | -0.824333 | 0 | -0.566105 | 
SCRIPT       : DATA_LOG | 601977 | aRapBi1cCZPZAGLIDny3dk3hQ8vTmNTLHRl8zxmKgQ0= | 12152 | 99.8201 | 13780.9 | -0.824333 | -0.566105 | 0 | AKM | 0 | 138.309 | 5.40146 | 0 | 1 | 1 | 0 | 0 | 0 | 0 | 1 | camera | Land_House_2W03 | -0.824333 | 0 | -0.566105 | 
SCRIPT       : DATA_LOG | 602979 | aRapBi1cCZPZAGLIDny3dk3hQ8vTmNTLHRl8zxmKgQ0= | 12152 | 99.8201 | 13780.9 | -0.824333 | -0.566105 | 0 | AKM | 0 | 138.353 | 5.40381 | 0 | 1 | 1 | 0 | 0 | 0 | 0 | 1 | camera | Land_House_2W03 | -0.824333 | 0 | -0.566105 | 
SCRIPT       : DATA_LOG | 603975 | aRapBi1cCZPZAGLIDny3dk3hQ8vTmNTLHRl8zxmKgQ0= | 12152 | 99.8201 | 13780.9 | -0.824333 | -0.566105 | 0 | AKM | 0 | 138.238 | 5.39287 | 0 | 1 | 1 | 0 | 0 | 0 | 0 | 1 | camera | Land_House_2W03 | -0.824333 | 0 | -0.566105 | 
SCRIPT       : DATA_LOG | 604981 | aRapBi1cCZPZAGLIDny3dk3hQ8vTmNTLHRl8zxmKgQ0= | 12152 | 99.8201 | 13780.9 | -0.824333 | -0.566105 | 0 | AKM | 0 | 138.333 | 5.40215 | 0 | 1 | 1 | 0 | 0 | 0 | 0 | 1 | camera | Land_House_2W03 | -0.824333 | 0 | -0.566105 | 
SCRIPT       : DATA_LOG | 605979 | aRapBi1cCZPZAGLIDny3dk3hQ8vTmNTLHRl8zxmKgQ0= | 12152 | 99.8201 | 13780.9 | -0.824333 | -0.566105 | 0 | AKM | 0 | 138.307 | 5.39958 | 0 | 1 | 1 | 0 | 0 | 0 | 0 | 1 | camera | Land_House_2W03 | -0.824333 | 0 | -0.566105 | 
SCRIPT       : DATA_LOG | 606988 | aRapBi1cCZPZAGLIDny3dk3hQ8vTmNTLHRl8zxmKgQ0= | 12152 | 99.8201 | 13780.9 | -0.824333 | -0.566105 | 0 | AKM | 0 | 138.35 | 5.40428 | 0 | 1 | 1 | 0 | 0 | 0 | 0 | 1 | camera | Land_House_2W03 | -0.824333 | 0 | -0.566105 | -
SCRIPT       : DATA_LOG | 607992 | aRapBi1cCZPZAGLIDny3dk3hQ8vTmNTLHRl8zxmKgQ0= | 12152 | 99.8201 | 13780.9 | -0.824333 | -0.566105 | 0 | AKM | 0 | 138.357 | 5.40585 | 0 | 1 | 1 | 0 | 0 | 0 | 0 | 1 | camera | Land_House_2W03 | -0.824333 | 0 | -0.566105 | 
SCRIPT       : DATA_LOG | 608979 | aRapBi1cCZPZAGLIDny3dk3hQ8vTmNTLHRl8zxmKgQ0= | 12152 | 99.8201 | 13780.9 | -0.824333 | -0.566105 | 0 | AKM | 0 | 138.295 | 5.40007 | 0 | 1 | 1 | 0 | 0 | 0 | 0 | 1 | camera | Land_House_2W03 | -0.824333 | 0 | -0.566105 | 
SCRIPT       : DATA_LOG | 609979 | aRapBi1cCZPZAGLIDny3dk3hQ8vTmNTLHRl8zxmKgQ0= | 12152 | 99.8201 | 13780.9 | -0.824333 | -0.566105 | 0 | AKM | 0 | 138.364 | 5.40542 | 0 | 1 | 1 | 0 | 0 | 0 | 0 | 1 | camera | Land_House_2W03 | -0.824333 | 0 | -0.566105 | 
SCRIPT       : DATA_LOG | 610993 | aRapBi1cCZPZAGLIDny3dk3hQ8vTmNTLHRl8zxmKgQ0= | 12152 | 99.8201 | 13780.9 | -0.824333 | -0.566105 | 0 | AKM | 0 | 138.239 | 5.39246 | 0 | 1 | 1 | 0 | 0 | 0 | 0 | 1 | camera | Land_House_2W03 | -0.824333 | 0 | -0.566105 | 
SCRIPT       : DATA_LOG | 611983 | aRapBi1cCZPZAGLIDny3dk3hQ8vTmNTLHRl8zxmKgQ0= | 12152 | 99.8201 | 13780.9 | -0.824333 | -0.566105 | 0 | AKM | 0 | 138.316 | 5.40029 | 0 | 1 | 1 | 0 | 0 | 0 | 0 | 1 | camera | Land_House_2W03 | -0.824333 | 0 | -0.566105 | 
SCRIPT       : DATA_LOG | 612993 | aRapBi1cCZPZAGLIDny3dk3hQ8vTmNTLHRl8zxmKgQ0= | 12152 | 99.8201 | 13780.9 | -0.824333 | -0.566105 | 0 | AKM | 0 | 138.32 | 5.40105 | 0 | 1 | 1 | 0 | 0 | 0 | 0 | 1 | camera | Land_House_2W03 | -0.824333 | 0 | -0.566105 | -
SCRIPT       : DATA_LOG | 613995 | aRapBi1cCZPZAGLIDny3dk3hQ8vTmNTLHRl8zxmKgQ0= | 12152 | 99.8201 | 13780.9 | -0.824333 | -0.566105 | 0 | AKM | 0 | 138.331 | 5.40227 | 0 | 1 | 1 | 0 | 0 | 0 | 0 | 1 | camera | Land_House_2W03 | -0.824333 | 0 | -0.566105 | 
SCRIPT       : DATA_LOG | 614996 | aRapBi1cCZPZAGLIDny3dk3hQ8vTmNTLHRl8zxmKgQ0= | 12152 | 99.8201 | 13780.9 | -0.824333 | -0.566105 | 0 | AKM | 0 | 138.368 | 5.40641 | 0 | 1 | 1 | 0 | 0 | 0 | 0 | 1 | camera | Land_House_2W03 | -0.824333 | 0 | -0.566105 | 
SCRIPT       : DATA_LOG | 615988 | aRapBi1cCZPZAGLIDny3dk3hQ8vTmNTLHRl8zxmKgQ0= | 12152 | 99.8201 | 13780.9 | -0.824333 | -0.566105 | 0 | AKM | 0 | 138.3 | 5.40043 | 0 | 1 | 1 | 0 | 0 | 0 | 0 | 1 | camera | Land_House_2W03 | -0.824333 | 0 | -0.566105 | -0
SCRIPT       : DATA_LOG | 616998 | aRapBi1cCZPZAGLIDny3dk3hQ8vTmNTLHRl8zxmKgQ0= | 12152 | 99.8201 | 13780.9 | -0.824333 | -0.566105 | 0 | AKM | 0 | 138.367 | 5.40626 | 0 | 1 | 1 | 0 | 0 | 0 | 0 | 1 | camera | Land_House_2W03 | -0.824333 | 0 | -0.566105 | 
SCRIPT       : DATA_LOG | 617997 | aRapBi1cCZPZAGLIDny3dk3hQ8vTmNTLHRl8zxmKgQ0= | 12152 | 99.8201 | 13780.9 | -0.824333 | -0.566105 | 0 | AKM | 0 | 138.253 | 5.39383 | 0 | 1 | 1 | 0 | 0 | 0 | 0 | 1 | camera | Land_House_2W03 | -0.824333 | 0 | -0.566105 | 
SCRIPT       : DATA_LOG | 618991 | aRapBi1cCZPZAGLIDny3dk3hQ8vTmNTLHRl8zxmKgQ0= | 12152 | 99.8201 | 13780.9 | -0.824333 | -0.566105 | 0 | AKM | 0 | 138.298 | 5.39848 | 0 | 1 | 1 | 0 | 0 | 0 | 0 | 1 | camera | Land_House_2W03 | -0.824333 | 0 | -0.566105 | 
SCRIPT       : DATA_LOG | 619997 | aRapBi1cCZPZAGLIDny3dk3hQ8vTmNTLHRl8zxmKgQ0= | 12152 | 99.8201 | 13780.9 | -0.824333 | -0.566105 | 0 | AKM | 0 | 138.333 | 5.40251 | 0 | 1 | 1 | 0 | 0 | 0 | 0 | 1 | camera | Land_House_2W03 | -0.824333 | 0 | -0.566105 | 
SCRIPT       : DATA_LOG | 620999 | aRapBi1cCZPZAGLIDny3dk3hQ8vTmNTLHRl8zxmKgQ0= | 12152 | 99.8201 | 13780.9 | -0.824333 | -0.566105 | 0 | AKM | 0 | 138.321 | 5.4013 | 0 | 1 | 1 | 0 | 0 | 0 | 0 | 1 | camera | Land_House_2W03 | -0.824333 | 0 | -0.566105 | -
SCRIPT       : DATA_LOG | 621995 | aRapBi1cCZPZAGLIDny3dk3hQ8vTmNTLHRl8zxmKgQ0= | 12152 | 99.8201 | 13780.9 | -0.824333 | -0.566105 | 0 | AKM | 0 | 138.369 | 5.40639 | 0 | 1 | 1 | 0 | 0 | 0 | 0 | 1 | camera | Land_House_2W03 | -0.824333 | 0 | -0.566105 | 
SCRIPT       : DATA_LOG | 622999 | aRapBi1cCZPZAGLIDny3dk3hQ8vTmNTLHRl8zxmKgQ0= | 12152 | 99.8201 | 13780.9 | -0.824333 | -0.566105 | 0 | AKM | 0 | 138.313 | 5.40187 | 0 | 1 | 1 | 0 | 0 | 0 | 0 | 1 | camera | Land_House_2W03 | -0.824333 | 0 | -0.566105 | 
SCRIPT       : DATA_LOG | 623996 | aRapBi1cCZPZAGLIDny3dk3hQ8vTmNTLHRl8zxmKgQ0= | 12152 | 99.8201 | 13780.9 | -0.824333 | -0.566105 | 0 | AKM | 0 | 138.362 | 5.40595 | 0 | 1 | 1 | 0 | 0 | 0 | 0 | 1 | camera | Land_House_2W03 | -0.824333 | 0 | -0.566105 | 
SCRIPT       : DATA_LOG | 625009 | aRapBi1cCZPZAGLIDny3dk3hQ8vTmNTLHRl8zxmKgQ0= | 12152 | 99.8201 | 13780.9 | -0.824333 | -0.566105 | 0 | AKM | 0 | 138.277 | 5.39591 | 0 | 1 | 1 | 0 | 0 | 0 | 0 | 1 | camera | Land_House_2W03 | -0.824333 | 0 | -0.566105 | 
SCRIPT       : DATA_LOG | 626001 | aRapBi1cCZPZAGLIDny3dk3hQ8vTmNTLHRl8zxmKgQ0= | 12152 | 99.8201 | 13780.9 | -0.824333 | -0.566105 | 0 | AKM | 0 | 138.28 | 5.39669 | 0 | 1 | 1 | 0 | 0 | 0 | 0 | 1 | camera | Land_House_2W03 | -0.824333 | 0 | -0.566105 | -
SCRIPT       : DATA_LOG | 627024 | aRapBi1cCZPZAGLIDny3dk3hQ8vTmNTLHRl8zxmKgQ0= | 12152 | 99.8201 | 13780.9 | -0.824333 | -0.566105 | 0 | AKM | 0 | 138.346 | 5.404 | 0 | 1 | 1 | 0 | 0 | 0 | 0 | 1 | camera | Land_House_2W03 | -0.824333 | 0 | -0.566105 | -0
SCRIPT       : DATA_LOG | 628013 | aRapBi1cCZPZAGLIDny3dk3hQ8vTmNTLHRl8zxmKgQ0= | 12152 | 99.8201 | 13780.9 | -0.824333 | -0.566105 | 0 | AKM | 0 | 138.311 | 5.39997 | 0 | 1 | 1 | 0 | 0 | 0 | 0 | 1 | camera | Land_House_2W03 | -0.824333 | 0 | -0.566105 | 
SCRIPT       : DATA_LOG | 629013 | aRapBi1cCZPZAGLIDny3dk3hQ8vTmNTLHRl8zxmKgQ0= | 12152 | 99.8201 | 13780.9 | -0.824333 | -0.566105 | 0 | AKM | 0 | 138.37 | 5.40595 | 0 | 1 | 1 | 0 | 0 | 0 | 0 | 1 | camera | Land_House_2W03 | -0.824333 | 0 | -0.566105 | -
SCRIPT       : DATA_LOG | 630015 | aRapBi1cCZPZAGLIDny3dk3hQ8vTmNTLHRl8zxmKgQ0= | 12152 | 99.8201 | 13780.9 | -0.824333 | -0.566105 | 0 | AKM | 0 | 138.327 | 5.40331 | 0 | 1 | 1 | 0 | 0 | 0 | 0 | 1 | camera | Land_House_2W03 | -0.824333 | 0 | -0.566105 | 
SCRIPT       : DATA_LOG | 631012 | aRapBi1cCZPZAGLIDny3dk3hQ8vTmNTLHRl8zxmKgQ0= | 12152 | 99.8201 | 13780.9 | -0.824333 | -0.566105 | 0 | AKM | 0 | 138.351 | 5.40569 | 0 | 1 | 1 | 0 | 0 | 0 | 0 | 1 | camera | Land_House_2W03 | -0.824333 | 0 | -0.566105 | 
SCRIPT       : DATA_LOG | 632007 | aRapBi1cCZPZAGLIDny3dk3hQ8vTmNTLHRl8zxmKgQ0= | 12152 | 99.8201 | 13780.9 | -0.824333 | -0.566105 | 0 | AKM | 0 | 138.31 | 5.39902 | 0 | 1 | 1 | 0 | 0 | 0 | 0 | 1 | camera | Land_House_2W03 | -0.824333 | 0 | -0.566105 | -
SCRIPT       : DATA_LOG | 633011 | aRapBi1cCZPZAGLIDny3dk3hQ8vTmNTLHRl8zxmKgQ0= | 12152 | 99.8201 | 13780.9 | -0.824333 | -0.566105 | 0 | AKM | 0 | 138.262 | 5.39496 | 0 | 1 | 1 | 0 | 0 | 0 | 0 | 1 | camera | Land_House_2W03 | -0.824333 | 0 | -0.566105 | 
SCRIPT       : DATA_LOG | 634017 | aRapBi1cCZPZAGLIDny3dk3hQ8vTmNTLHRl8zxmKgQ0= | 12152 | 99.8201 | 13780.9 | -0.824333 | -0.566105 | 0 | AKM | 0 | 138.35 | 5.40441 | 0 | 1 | 1 | 0 | 0 | 0 | 0 | 1 | camera | Land_House_2W03 | -0.824333 | 0 | -0.566105 | -
SCRIPT       : DATA_LOG | 635019 | aRapBi1cCZPZAGLIDny3dk3hQ8vTmNTLHRl8zxmKgQ0= | 12152 | 99.8201 | 13780.9 | -0.824333 | -0.566105 | 0 | AKM | 0 | 138.297 | 5.39862 | 0 | 1 | 1 | 0 | 0 | 0 | 0 | 1 | camera | Land_House_2W03 | -0.824333 | 0 | -0.566105 | 
SCRIPT       : DATA_LOG | 636020 | aRapBi1cCZPZAGLIDny3dk3hQ8vTmNTLHRl8zxmKgQ0= | 12152 | 99.8201 | 13780.9 | -0.824333 | -0.566105 | 0 | AKM | 0 | 138.365 | 5.40557 | 0 | 1 | 1 | 0 | 0 | 0 | 0 | 1 | camera | Land_House_2W03 | -0.824333 | 0 | -0.566105 | 
SCRIPT       : DATA_LOG | 637020 | aRapBi1cCZPZAGLIDny3dk3hQ8vTmNTLHRl8zxmKgQ0= | 12152 | 99.8201 | 13780.9 | -0.824333 | -0.566105 | 0 | AKM | 0 | 138.341 | 5.40467 | 0 | 1 | 1 | 0 | 0 | 0 | 0 | 1 | camera | Land_House_2W03 | -0.824333 | 0 | -0.566105 | 
SCRIPT       : DATA_LOG | 638013 | aRapBi1cCZPZAGLIDny3dk3hQ8vTmNTLHRl8zxmKgQ0= | 12152 | 99.8201 | 13780.9 | -0.824333 | -0.566105 | 0 | AKM | 0 | 138.334 | 5.40418 | 0 | 1 | 1 | 0 | 0 | 0 | 0 | 1 | camera | Land_House_2W03 | -0.824333 | 0 | -0.566105 | 
SCRIPT       : DATA_LOG | 639026 | aRapBi1cCZPZAGLIDny3dk3hQ8vTmNTLHRl8zxmKgQ0= | 12152 | 99.8201 | 13780.9 | -0.824333 | -0.566105 | 0 | AKM | 0 | 138.332 | 5.40114 | 0 | 1 | 1 | 0 | 0 | 0 | 0 | 1 | camera | Land_House_2W03 | -0.824333 | 0 | -0.566105 | 
SCRIPT       : DATA_LOG | 640017 | aRapBi1cCZPZAGLIDny3dk3hQ8vTmNTLHRl8zxmKgQ0= | 12152 | 99.8201 | 13780.9 | -0.824333 | -0.566105 | 0 | AKM | 0 | 138.242 | 5.39329 | 0 | 1 | 1 | 0 | 0 | 0 | 0 | 1 | camera | Land_House_2W03 | -0.824333 | 0 | -0.566105 | 
SCRIPT       : DATA_LOG | 641026 | aRapBi1cCZPZAGLIDny3dk3hQ8vTmNTLHRl8zxmKgQ0= | 12152 | 99.8201 | 13780.9 | -0.824333 | -0.566105 | 0 | AKM | 0 | 138.35 | 5.40435 | 0 | 1 | 1 | 0 | 0 | 0 | 0 | 1 | camera | Land_House_2W03 | -0.824333 | 0 | -0.566105 | -
SCRIPT       : DATA_LOG | 642030 | aRapBi1cCZPZAGLIDny3dk3hQ8vTmNTLHRl8zxmKgQ0= | 12152 | 99.8201 | 13780.9 | -0.824333 | -0.566105 | 0 | AKM | 0 | 138.297 | 5.39856 | 0 | 1 | 1 | 0 | 0 | 0 | 0 | 1 | camera | Land_House_2W03 | -0.824333 | 0 | -0.566105 | 
SCRIPT       : DATA_LOG | 643035 | aRapBi1cCZPZAGLIDny3dk3hQ8vTmNTLHRl8zxmKgQ0= | 12152 | 99.8201 | 13780.9 | -0.824333 | -0.566105 | 0 | AKM | 0 | 138.357 | 5.4045 | 0 | 1 | 1 | 0 | 0 | 0 | 0 | 1 | camera | Land_House_2W03 | -0.824333 | 0 | -0.566105 | -
SCRIPT       : DATA_LOG | 644028 | aRapBi1cCZPZAGLIDny3dk3hQ8vTmNTLHRl8zxmKgQ0= | 12152 | 99.8201 | 13780.9 | -0.824333 | -0.566105 | 0 | AKM | 0 | 138.347 | 5.40488 | 0 | 1 | 1 | 0 | 0 | 0 | 0 | 1 | camera | Land_House_2W03 | -0.824333 | 0 | -0.566105 | 
SCRIPT       : DATA_LOG | 645026 | aRapBi1cCZPZAGLIDny3dk3hQ8vTmNTLHRl8zxmKgQ0= | 12152 | 99.8201 | 13780.9 | -0.824333 | -0.566105 | 0 | AKM | 0 | 138.313 | 5.40189 | 0 | 1 | 1 | 0 | 0 | 0 | 0 | 1 | camera | Land_House_2W03 | -0.824333 | 0 | -0.566105 | 
SCRIPT       : DATA_LOG | 646019 | aRapBi1cCZPZAGLIDny3dk3hQ8vTmNTLHRl8zxmKgQ0= | 12152 | 99.8201 | 13780.9 | -0.824333 | -0.566105 | 0 | AKM | 0 | 138.349 | 5.40335 | 0 | 1 | 1 | 0 | 0 | 0 | 0 | 1 | camera | Land_House_2W03 | -0.824333 | 0 | -0.566105 | 
SCRIPT       : DATA_LOG | 647030 | aRapBi1cCZPZAGLIDny3dk3hQ8vTmNTLHRl8zxmKgQ0= | 12152 | 99.8201 | 13780.9 | -0.824333 | -0.566105 | 0 | AKM | 0 | 138.238 | 5.3929 | 0 | 1 | 1 | 0 | 0 | 0 | 0 | 1 | camera | Land_House_2W03 | -0.824333 | 0 | -0.566105 | -
SCRIPT       : DATA_LOG | 648026 | aRapBi1cCZPZAGLIDny3dk3hQ8vTmNTLHRl8zxmKgQ0= | 12152 | 99.8201 | 13780.9 | -0.824333 | -0.566105 | 0 | AKM | 0 | 138.342 | 5.40324 | 0 | 1 | 1 | 0 | 0 | 0 | 0 | 1 | camera | Land_House_2W03 | -0.824333 | 0 | -0.566105 | 
SCRIPT       : DATA_LOG | 649032 | aRapBi1cCZPZAGLIDny3dk3hQ8vTmNTLHRl8zxmKgQ0= | 12152 | 99.8201 | 13780.9 | -0.824333 | -0.566105 | 0 | AKM | 0 | 138.297 | 5.39856 | 0 | 1 | 1 | 0 | 0 | 0 | 0 | 1 | camera | Land_House_2W03 | -0.824333 | 0 | -0.566105 | 
SCRIPT       : DATA_LOG | 650032 | aRapBi1cCZPZAGLIDny3dk3hQ8vTmNTLHRl8zxmKgQ0= | 12152 | 99.8201 | 13780.9 | -0.824333 | -0.566105 | 0 | AKM | 0 | 138.35 | 5.40429 | 0 | 1 | 1 | 0 | 0 | 0 | 0 | 1 | camera | Land_House_2W03 | -0.824333 | 0 | -0.566105 | -
SCRIPT       : DATA_LOG | 651040 | aRapBi1cCZPZAGLIDny3dk3hQ8vTmNTLHRl8zxmKgQ0= | 12152 | 99.8201 | 13780.9 | -0.824333 | -0.566105 | 0 | AKM | 0 | 138.357 | 5.40585 | 0 | 1 | 1 | 0 | 0 | 0 | 0 | 1 | camera | Land_House_2W03 | -0.824333 | 0 | -0.566105 | 
SCRIPT       : DATA_LOG | 652022 | aRapBi1cCZPZAGLIDny3dk3hQ8vTmNTLHRl8zxmKgQ0= | 12152 | 99.8201 | 13780.9 | -0.824333 | -0.566105 | 0 | AKM | 0 | 138.305 | 5.40107 | 0 | 1 | 1 | 0 | 0 | 0 | 0 | 1 | camera | Land_House_2W03 | -0.824333 | 0 | -0.566105 | 
SCRIPT       : DATA_LOG | 653030 | aRapBi1cCZPZAGLIDny3dk3hQ8vTmNTLHRl8zxmKgQ0= | 12152 | 99.8201 | 13780.9 | -0.824333 | -0.566105 | 0 | AKM | 0 | 138.366 | 5.40526 | 0 | 1 | 1 | 0 | 0 | 0 | 0 | 1 | camera | Land_House_2W03 | -0.824333 | 0 | -0.566105 | 
SCRIPT       : DATA_LOG | 654033 | aRapBi1cCZPZAGLIDny3dk3hQ8vTmNTLHRl8zxmKgQ0= | 12152 | 99.8201 | 13780.9 | -0.824333 | -0.566105 | 0 | AKM | 0 | 138.238 | 5.39287 | 0 | 1 | 1 | 0 | 0 | 0 | 0 | 1 | camera | Land_House_2W03 | -0.824333 | 0 | -0.566105 | 
SCRIPT       : DATA_LOG | 655041 | aRapBi1cCZPZAGLIDny3dk3hQ8vTmNTLHRl8zxmKgQ0= | 12152 | 99.8201 | 13780.9 | -0.824333 | -0.566105 | 0 | AKM | 0 | 138.324 | 5.40142 | 0 | 1 | 1 | 0 | 0 | 0 | 0 | 1 | camera | Land_House_2W03 | -0.824333 | 0 | -0.566105 | 
SCRIPT       : DATA_LOG | 656042 | aRapBi1cCZPZAGLIDny3dk3hQ8vTmNTLHRl8zxmKgQ0= | 12152 | 99.8201 | 13780.9 | -0.824333 | -0.566105 | 0 | AKM | 0 | 138.311 | 5.39996 | 0 | 1 | 1 | 0 | 0 | 0 | 0 | 1 | camera | Land_House_2W03 | -0.824333 | 0 | -0.566105 | 
SCRIPT       : DATA_LOG | 657037 | aRapBi1cCZPZAGLIDny3dk3hQ8vTmNTLHRl8zxmKgQ0= | 12152 | 99.8201 | 13780.9 | -0.824333 | -0.566105 | 0 | AKM | 0 | 138.341 | 5.40328 | 0 | 1 | 1 | 0 | 0 | 0 | 0 | 1 | camera | Land_House_2W03 | -0.824333 | 0 | -0.566105 | 
SCRIPT       : DATA_LOG | 658077 | aRapBi1cCZPZAGLIDny3dk3hQ8vTmNTLHRl8zxmKgQ0= | 12152 | 99.8201 | 13780.9 | -0.824333 | -0.566105 | 0 | AKM | 0 | 138.363 | 5.40614 | 0 | 1 | 1 | 0 | 0 | 0 | 0 | 1 | camera | Land_House_2W03 | -0.824333 | 0 | -0.566105 | 
SCRIPT       : DATA_LOG | 659044 | aRapBi1cCZPZAGLIDny3dk3hQ8vTmNTLHRl8zxmKgQ0= | 12152 | 99.8201 | 13780.9 | -0.824333 | -0.566105 | 0 | AKM | 0 | 138.3 | 5.4004 | 0 | 1 | 1 | 0 | 0 | 0 | 0 | 1 | camera | Land_House_2W03 | -0.824333 | 0 | -0.566105 | -0.
SCRIPT       : DATA_LOG | 660044 | aRapBi1cCZPZAGLIDny3dk3hQ8vTmNTLHRl8zxmKgQ0= | 12152 | 99.8201 | 13780.9 | -0.824333 | -0.566105 | 0 | AKM | 0 | 138.373 | 5.40652 | 0 | 1 | 1 | 0 | 0 | 0 | 0 | 1 | camera | Land_House_2W03 | -0.824333 | 0 | -0.566105 | 
SCRIPT       : DATA_LOG | 661043 | aRapBi1cCZPZAGLIDny3dk3hQ8vTmNTLHRl8zxmKgQ0= | 12152 | 99.8201 | 13780.9 | -0.824333 | -0.566105 | 0 | AKM | 0 | 138.248 | 5.39351 | 0 | 1 | 1 | 0 | 0 | 0 | 0 | 1 | camera | Land_House_2W03 | -0.824333 | 0 | -0.566105 | 
SCRIPT       : DATA_LOG | 662048 | aRapBi1cCZPZAGLIDny3dk3hQ8vTmNTLHRl8zxmKgQ0= | 12152 | 99.8201 | 13780.9 | -0.824333 | -0.566105 | 0 | AKM | 0 | 138.307 | 5.39953 | 0 | 1 | 1 | 0 | 0 | 0 | 0 | 1 | camera | Land_House_2W03 | -0.824333 | 0 | -0.566105 | 
SCRIPT       : DATA_LOG | 663053 | aRapBi1cCZPZAGLIDny3dk3hQ8vTmNTLHRl8zxmKgQ0= | 12152 | 99.8201 | 13780.9 | -0.824333 | -0.566105 | 0 | AKM | 0 | 138.328 | 5.40217 | 0 | 1 | 1 | 0 | 0 | 0 | 0 | 1 | camera | Land_House_2W03 | -0.824333 | 0 | -0.566105 | 
SCRIPT       : DATA_LOG | 664050 | aRapBi1cCZPZAGLIDny3dk3hQ8vTmNTLHRl8zxmKgQ0= | 12152 | 99.8201 | 13780.9 | -0.824333 | -0.566105 | 0 | AKM | 0 | 138.326 | 5.40157 | 0 | 1 | 1 | 0 | 0 | 0 | 0 | 1 | camera | Land_House_2W03 | -0.824333 | 0 | -0.566105 | 
SCRIPT       : DATA_LOG | 665046 | aRapBi1cCZPZAGLIDny3dk3hQ8vTmNTLHRl8zxmKgQ0= | 12152 | 99.8201 | 13780.9 | -0.824333 | -0.566105 | 0 | AKM | 0 | 138.368 | 5.4064 | 0 | 1 | 1 | 0 | 0 | 0 | 0 | 1 | camera | Land_House_2W03 | -0.824333 | 0 | -0.566105 | -
SCRIPT       : DATA_LOG | 666045 | aRapBi1cCZPZAGLIDny3dk3hQ8vTmNTLHRl8zxmKgQ0= | 12152 | 99.8201 | 13780.9 | -0.824333 | -0.566105 | 0 | AKM | 0 | 138.308 | 5.40154 | 0 | 1 | 1 | 0 | 0 | 0 | 0 | 1 | camera | Land_House_2W03 | -0.824333 | 0 | -0.566105 | 
SCRIPT       : DATA_LOG | 667050 | aRapBi1cCZPZAGLIDny3dk3hQ8vTmNTLHRl8zxmKgQ0= | 12152 | 99.8201 | 13780.9 | -0.824333 | -0.566105 | 0 | AKM | 0 | 138.361 | 5.40597 | 0 | 1 | 1 | 0 | 0 | 0 | 0 | 1 | camera | Land_House_2W03 | -0.824333 | 0 | -0.566105 | 
SCRIPT       : DATA_LOG | 668047 | aRapBi1cCZPZAGLIDny3dk3hQ8vTmNTLHRl8zxmKgQ0= | 12152 | 99.8201 | 13780.9 | -0.824333 | -0.566105 | 0 | AKM | 0 | 138.272 | 5.39558 | 0 | 1 | 1 | 0 | 0 | 0 | 0 | 1 | camera | Land_House_2W03 | -0.824333 | 0 | -0.566105 | 
SCRIPT       : DATA_LOG | 669052 | aRapBi1cCZPZAGLIDny3dk3hQ8vTmNTLHRl8zxmKgQ0= | 12152 | 99.8201 | 13780.9 | -0.824333 | -0.566105 | 0 | AKM | 0 | 138.28 | 5.39675 | 0 | 1 | 1 | 0 | 0 | 0 | 0 | 1 | camera | Land_House_2W03 | -0.824333 | 0 | -0.566105 | -
SCRIPT       : DATA_LOG | 670054 | aRapBi1cCZPZAGLIDny3dk3hQ8vTmNTLHRl8zxmKgQ0= | 12152 | 99.8201 | 13780.9 | -0.824333 | -0.566105 | 0 | AKM | 0 | 138.346 | 5.40396 | 0 | 1 | 1 | 0 | 0 | 0 | 0 | 1 | camera | Land_House_2W03 | -0.824333 | 0 | -0.566105 | 
SCRIPT       : DATA_LOG | 671052 | aRapBi1cCZPZAGLIDny3dk3hQ8vTmNTLHRl8zxmKgQ0= | 12152 | 99.8201 | 13780.9 | -0.824333 | -0.566105 | 0 | AKM | 0 | 138.311 | 5.39997 | 0 | 1 | 1 | 0 | 0 | 0 | 0 | 1 | camera | Land_House_2W03 | -0.824333 | 0 | -0.566105 | 
SCRIPT       : DATA_LOG | 672057 | aRapBi1cCZPZAGLIDny3dk3hQ8vTmNTLHRl8zxmKgQ0= | 12152 | 99.8201 | 13780.9 | -0.824333 | -0.566105 | 0 | AKM | 0 | 138.37 | 5.40596 | 0 | 1 | 1 | 0 | 0 | 0 | 0 | 1 | camera | Land_House_2W03 | -0.824333 | 0 | -0.566105 | -
SCRIPT       : DATA_LOG | 673060 | aRapBi1cCZPZAGLIDny3dk3hQ8vTmNTLHRl8zxmKgQ0= | 12152 | 99.8201 | 13780.9 | -0.824333 | -0.566105 | 0 | AKM | 0 | 138.323 | 5.40258 | 0 | 1 | 1 | 0 | 0 | 0 | 0 | 1 | camera | Land_House_2W03 | -0.824333 | 0 | -0.566105 | 
SCRIPT       : DATA_LOG | 674057 | aRapBi1cCZPZAGLIDny3dk3hQ8vTmNTLHRl8zxmKgQ0= | 12152 | 99.8201 | 13780.9 | -0.824333 | -0.566105 | 0 | AKM | 0 | 138.357 | 5.40598 | 0 | 1 | 1 | 0 | 0 | 0 | 0 | 1 | camera | Land_House_2W03 | -0.824333 | 0 | -0.566105 | 
SCRIPT       : DATA_LOG | 675048 | aRapBi1cCZPZAGLIDny3dk3hQ8vTmNTLHRl8zxmKgQ0= | 12152 | 99.8201 | 13780.9 | -0.824333 | -0.566105 | 0 | AKM | 0 | 138.296 | 5.39759 | 0 | 1 | 1 | 0 | 0 | 0 | 0 | 1 | camera | Land_House_2W03 | -0.824333 | 0 | -0.566105 | 
SCRIPT       : DATA_LOG | 676048 | aRapBi1cCZPZAGLIDny3dk3hQ8vTmNTLHRl8zxmKgQ0= | 12152 | 99.8201 | 13780.9 | -0.824333 | -0.566105 | 0 | AKM | 0 | 138.271 | 5.39602 | 0 | 1 | 1 | 0 | 0 | 0 | 0 | 1 | camera | Land_House_2W03 | -0.824333 | 0 | -0.566105 | 
SCRIPT       : DATA_LOG | 677054 | aRapBi1cCZPZAGLIDny3dk3hQ8vTmNTLHRl8zxmKgQ0= | 12152 | 99.8201 | 13780.9 | -0.824333 | -0.566105 | 0 | AKM | 0 | 138.35 | 5.40438 | 0 | 1 | 1 | 0 | 0 | 0 | 0 | 1 | camera | Land_House_2W03 | -0.824333 | 0 | -0.566105 | -
SCRIPT       : DATA_LOG | 678057 | aRapBi1cCZPZAGLIDny3dk3hQ8vTmNTLHRl8zxmKgQ0= | 12152 | 99.8201 | 13780.9 | -0.824333 | -0.566105 | 0 | AKM | 0 | 138.302 | 5.39893 | 0 | 1 | 1 | 0 | 0 | 0 | 0 | 1 | camera | Land_House_2W03 | -0.824333 | 0 | -0.566105 | 
SCRIPT       : DATA_LOG | 679059 | aRapBi1cCZPZAGLIDny3dk3hQ8vTmNTLHRl8zxmKgQ0= | 12152 | 99.8201 | 13780.9 | -0.824333 | -0.566105 | 0 | AKM | 0 | 138.37 | 5.4059 | 0 | 1 | 1 | 0 | 0 | 0 | 0 | 1 | camera | Land_House_2W03 | -0.824333 | 0 | -0.566105 | -0
SCRIPT       : DATA_LOG | 680062 | aRapBi1cCZPZAGLIDny3dk3hQ8vTmNTLHRl8zxmKgQ0= | 12152 | 99.8201 | 13780.9 | -0.824333 | -0.566105 | 0 | AKM | 0 | 138.331 | 5.40365 | 0 | 1 | 1 | 0 | 0 | 0 | 0 | 1 | camera | Land_House_2W03 | -0.824333 | 0 | -0.566105 | 
SCRIPT       : DATA_LOG | 681054 | aRapBi1cCZPZAGLIDny3dk3hQ8vTmNTLHRl8zxmKgQ0= | 12152 | 99.8201 | 13780.9 | -0.824333 | -0.566105 | 0 | AKM | 0 | 138.342 | 5.40495 | 0 | 1 | 1 | 0 | 0 | 0 | 0 | 1 | camera | Land_House_2W03 | -0.824333 | 0 | -0.566105 | 
SCRIPT       : DATA_LOG | 682061 | aRapBi1cCZPZAGLIDny3dk3hQ8vTmNTLHRl8zxmKgQ0= | 12152 | 99.8201 | 13780.9 | -0.824333 | -0.566105 | 0 | AKM | 0 | 138.323 | 5.40046 | 0 | 1 | 1 | 0 | 0 | 0 | 0 | 1 | camera | Land_House_2W03 | -0.824333 | 0 | -0.566105 | 
SCRIPT       : DATA_LOG | 683068 | aRapBi1cCZPZAGLIDny3dk3hQ8vTmNTLHRl8zxmKgQ0= | 12152 | 99.8201 | 13780.9 | -0.824333 | -0.566105 | 0 | AKM | 0 | 138.252 | 5.39432 | 0 | 1 | 1 | 0 | 0 | 0 | 0 | 1 | camera | Land_House_2W03 | -0.824333 | 0 | -0.566105 | 
SCRIPT       : DATA_LOG | 684066 | aRapBi1cCZPZAGLIDny3dk3hQ8vTmNTLHRl8zxmKgQ0= | 12152 | 99.8201 | 13780.9 | -0.824333 | -0.566105 | 0 | AKM | 0 | 138.35 | 5.40437 | 0 | 1 | 1 | 0 | 0 | 0 | 0 | 1 | camera | Land_House_2W03 | -0.824333 | 0 | -0.566105 | -
SCRIPT       : DATA_LOG | 685066 | aRapBi1cCZPZAGLIDny3dk3hQ8vTmNTLHRl8zxmKgQ0= | 12152 | 99.8201 | 13780.9 | -0.824333 | -0.566105 | 0 | AKM | 0 | 138.297 | 5.39857 | 0 | 1 | 1 | 0 | 0 | 0 | 0 | 1 | camera | Land_House_2W03 | -0.824333 | 0 | -0.566105 | 
SCRIPT       : DATA_LOG | 686065 | aRapBi1cCZPZAGLIDny3dk3hQ8vTmNTLHRl8zxmKgQ0= | 12152 | 99.8201 | 13780.9 | -0.824333 | -0.566105 | 0 | AKM | 0 | 138.361 | 5.40522 | 0 | 1 | 1 | 0 | 0 | 0 | 0 | 1 | camera | Land_House_2W03 | -0.824333 | 0 | -0.566105 | 
SCRIPT       : DATA_LOG | 687067 | aRapBi1cCZPZAGLIDny3dk3hQ8vTmNTLHRl8zxmKgQ0= | 12152 | 99.8201 | 13780.9 | -0.824333 | -0.566105 | 0 | AKM | 0 | 138.347 | 5.40492 | 0 | 1 | 1 | 0 | 0 | 0 | 0 | 1 | camera | Land_House_2W03 | -0.824333 | 0 | -0.566105 | 
SCRIPT       : DATA_LOG | 688070 | aRapBi1cCZPZAGLIDny3dk3hQ8vTmNTLHRl8zxmKgQ0= | 12152 | 99.8201 | 13780.9 | -0.824333 | -0.566105 | 0 | AKM | 0 | 138.322 | 5.40298 | 0 | 1 | 1 | 0 | 0 | 0 | 0 | 1 | camera | Land_House_2W03 | -0.824333 | 0 | -0.566105 | 
SCRIPT       : DATA_LOG | 689061 | aRapBi1cCZPZAGLIDny3dk3hQ8vTmNTLHRl8zxmKgQ0= | 12152 | 99.8201 | 13780.9 | -0.824333 | -0.566105 | 0 | AKM | 0 | 138.346 | 5.40259 | 0 | 1 | 1 | 0 | 0 | 0 | 0 | 1 | camera | Land_House_2W03 | -0.824333 | 0 | -0.566105 | 
SCRIPT       : DATA_LOG | 690067 | aRapBi1cCZPZAGLIDny3dk3hQ8vTmNTLHRl8zxmKgQ0= | 12152 | 99.8201 | 13780.9 | -0.824333 | -0.566105 | 0 | AKM | 0 | 138.238 | 5.39293 | 0 | 1 | 1 | 0 | 0 | 0 | 0 | 1 | camera | Land_House_2W03 | -0.824333 | 0 | -0.566105 | 
SCRIPT       : DATA_LOG | 691064 | aRapBi1cCZPZAGLIDny3dk3hQ8vTmNTLHRl8zxmKgQ0= | 12152 | 99.8201 | 13780.9 | -0.824333 | -0.566105 | 0 | AKM | 0 | 138.341 | 5.40329 | 0 | 1 | 1 | 0 | 0 | 0 | 0 | 1 | camera | Land_House_2W03 | -0.824333 | 0 | -0.566105 | 
SCRIPT       : DATA_LOG | 692065 | aRapBi1cCZPZAGLIDny3dk3hQ8vTmNTLHRl8zxmKgQ0= | 12152 | 99.8201 | 13780.9 | -0.824333 | -0.566105 | 0 | AKM | 0 | 138.298 | 5.39854 | 0 | 1 | 1 | 0 | 0 | 0 | 0 | 1 | camera | Land_House_2W03 | -0.824333 | 0 | -0.566105 | 
SCRIPT       : DATA_LOG | 693069 | aRapBi1cCZPZAGLIDny3dk3hQ8vTmNTLHRl8zxmKgQ0= | 12152 | 99.8201 | 13780.9 | -0.824333 | -0.566105 | 0 | AKM | 0 | 138.356 | 5.40456 | 0 | 1 | 1 | 0 | 0 | 0 | 0 | 1 | camera | Land_House_2W03 | -0.824333 | 0 | -0.566105 | 
SCRIPT       : DATA_LOG | 694067 | aRapBi1cCZPZAGLIDny3dk3hQ8vTmNTLHRl8zxmKgQ0= | 12152 | 99.8201 | 13780.9 | -0.824333 | -0.566105 | 0 | AKM | 0 | 138.353 | 5.40515 | 0 | 1 | 1 | 0 | 0 | 0 | 0 | 1 | camera | Land_House_2W03 | -0.824333 | 0 | -0.566105 | 
SCRIPT       : DATA_LOG | 695067 | aRapBi1cCZPZAGLIDny3dk3hQ8vTmNTLHRl8zxmKgQ0= | 12152 | 99.8201 | 13780.9 | -0.824333 | -0.566105 | 0 | AKM | 0 | 138.305 | 5.4011 | 0 | 1 | 1 | 0 | 0 | 0 | 0 | 1 | camera | Land_House_2W03 | -0.824333 | 0 | -0.566105 | -
SCRIPT       : DATA_LOG | 696068 | aRapBi1cCZPZAGLIDny3dk3hQ8vTmNTLHRl8zxmKgQ0= | 12152 | 99.8201 | 13780.9 | -0.824333 | -0.566105 | 0 | AKM | 0 | 138.361 | 5.40492 | 0 | 1 | 1 | 0 | 0 | 0 | 0 | 1 | camera | Land_House_2W03 | -0.824333 | 0 | -0.566105 | 
SCRIPT       : DATA_LOG | 697079 | aRapBi1cCZPZAGLIDny3dk3hQ8vTmNTLHRl8zxmKgQ0= | 12152 | 99.8201 | 13780.9 | -0.824333 | -0.566105 | 0 | AKM | 0 | 138.238 | 5.39286 | 0 | 1 | 1 | 0 | 0 | 0 | 0 | 1 | camera | Land_House_2W03 | -0.824333 | 0 | -0.566105 | 
SCRIPT       : DATA_LOG | 698073 | aRapBi1cCZPZAGLIDny3dk3hQ8vTmNTLHRl8zxmKgQ0= | 12152 | 99.8201 | 13780.9 | -0.824333 | -0.566105 | 0 | AKM | 0 | 138.329 | 5.40175 | 0 | 1 | 1 | 0 | 0 | 0 | 0 | 1 | camera | Land_House_2W03 | -0.824333 | 0 | -0.566105 | 
SCRIPT       : DATA_LOG | 699080 | aRapBi1cCZPZAGLIDny3dk3hQ8vTmNTLHRl8zxmKgQ0= | 12152 | 99.8201 | 13780.9 | -0.824333 | -0.566105 | 0 | AKM | 0 | 138.312 | 5.39993 | 0 | 1 | 1 | 0 | 0 | 0 | 0 | 1 | camera | Land_House_2W03 | -0.824333 | 0 | -0.566105 | 
SCRIPT       : DATA_LOG | 700080 | aRapBi1cCZPZAGLIDny3dk3hQ8vTmNTLHRl8zxmKgQ0= | 12152 | 99.8201 | 13780.9 | -0.824333 | -0.566105 | 0 | AKM | 0 | 138.34 | 5.4033 | 0 | 1 | 1 | 0 | 0 | 0 | 0 | 1 | camera | Land_House_2W03 | -0.824333 | 0 | -0.566105 | -0
SCRIPT       : DATA_LOG | 701077 | aRapBi1cCZPZAGLIDny3dk3hQ8vTmNTLHRl8zxmKgQ0= | 12152 | 99.8201 | 13780.9 | -0.824333 | -0.566105 | 0 | AKM | 0 | 138.363 | 5.40614 | 0 | 1 | 1 | 0 | 0 | 0 | 0 | 1 | camera | Land_House_2W03 | -0.824333 | 0 | -0.566105 | 
SCRIPT       : DATA_LOG | 702073 | aRapBi1cCZPZAGLIDny3dk3hQ8vTmNTLHRl8zxmKgQ0= | 12152 | 99.8201 | 13780.9 | -0.824333 | -0.566105 | 0 | AKM | 0 | 138.301 | 5.40037 | 0 | 1 | 1 | 0 | 0 | 0 | 0 | 1 | camera | Land_House_2W03 | -0.824333 | 0 | -0.566105 | 
SCRIPT       : DATA_LOG | 703075 | aRapBi1cCZPZAGLIDny3dk3hQ8vTmNTLHRl8zxmKgQ0= | 12152 | 99.8201 | 13780.9 | -0.824333 | -0.566105 | 0 | AKM | 0 | 138.368 | 5.40579 | 0 | 1 | 1 | 0 | 0 | 0 | 0 | 1 | camera | Land_House_2W03 | -0.824333 | 0 | -0.566105 | 
SCRIPT       : DATA_LOG | 704076 | aRapBi1cCZPZAGLIDny3dk3hQ8vTmNTLHRl8zxmKgQ0= | 12152 | 99.8201 | 13780.9 | -0.824333 | -0.566105 | 0 | AKM | 0 | 138.249 | 5.39347 | 0 | 1 | 1 | 0 | 0 | 0 | 0 | 1 | camera | Land_House_2W03 | -0.824333 | 0 | -0.566105 | 
SCRIPT       : DATA_LOG | 705076 | aRapBi1cCZPZAGLIDny3dk3hQ8vTmNTLHRl8zxmKgQ0= | 12152 | 99.8201 | 13780.9 | -0.824333 | -0.566105 | 0 | AKM | 0 | 138.307 | 5.39959 | 0 | 1 | 1 | 0 | 0 | 0 | 0 | 1 | camera | Land_House_2W03 | -0.824333 | 0 | -0.566105 | 
SCRIPT       : DATA_LOG | 706078 | aRapBi1cCZPZAGLIDny3dk3hQ8vTmNTLHRl8zxmKgQ0= | 12152 | 99.8201 | 13780.9 | -0.824333 | -0.566105 | 0 | AKM | 0 | 138.329 | 5.40212 | 0 | 1 | 1 | 0 | 0 | 0 | 0 | 1 | camera | Land_House_2W03 | -0.824333 | 0 | -0.566105 | 
SCRIPT       : DATA_LOG | 707079 | aRapBi1cCZPZAGLIDny3dk3hQ8vTmNTLHRl8zxmKgQ0= | 12152 | 99.8201 | 13780.9 | -0.824333 | -0.566105 | 0 | AKM | 0 | 138.331 | 5.40226 | 0 | 1 | 1 | 0 | 0 | 0 | 0 | 1 | camera | Land_House_2W03 | -0.824333 | 0 | -0.566105 | 
SCRIPT       : DATA_LOG | 708082 | aRapBi1cCZPZAGLIDny3dk3hQ8vTmNTLHRl8zxmKgQ0= | 12152 | 99.8201 | 13780.9 | -0.824333 | -0.566105 | 0 | AKM | 0 | 138.368 | 5.40641 | 0 | 1 | 1 | 0 | 0 | 0 | 0 | 1 | camera | Land_House_2W03 | -0.824333 | 0 | -0.566105 | 
SCRIPT       : DATA_LOG | 709087 | aRapBi1cCZPZAGLIDny3dk3hQ8vTmNTLHRl8zxmKgQ0= | 12152 | 99.8201 | 13780.9 | -0.824333 | -0.566105 | 0 | AKM | 0 | 138.305 | 5.40077 | 0 | 1 | 1 | 0 | 0 | 0 | 0 | 1 | camera | Land_House_2W03 | -0.824333 | 0 | -0.566105 | 
SCRIPT       : DATA_LOG | 710083 | aRapBi1cCZPZAGLIDny3dk3hQ8vTmNTLHRl8zxmKgQ0= | 12152 | 99.8201 | 13780.9 | -0.824333 | -0.566105 | 0 | AKM | 0 | 138.367 | 5.40626 | 0 | 1 | 1 | 0 | 0 | 0 | 0 | 1 | camera | Land_House_2W03 | -0.824333 | 0 | -0.566105 | 
SCRIPT       : DATA_LOG | 711087 | aRapBi1cCZPZAGLIDny3dk3hQ8vTmNTLHRl8zxmKgQ0= | 12152 | 99.8201 | 13780.9 | -0.824333 | -0.566105 | 0 | AKM | 0 | 138.263 | 5.39449 | 0 | 1 | 1 | 0 | 0 | 0 | 0 | 1 | camera | Land_House_2W03 | -0.824333 | 0 | -0.566105 | 
SCRIPT       : DATA_LOG | 712087 | aRapBi1cCZPZAGLIDny3dk3hQ8vTmNTLHRl8zxmKgQ0= | 12152 | 99.8201 | 13780.9 | -0.824333 | -0.566105 | 0 | AKM | 0 | 138.289 | 5.3978 | 0 | 1 | 1 | 0 | 0 | 0 | 0 | 1 | camera | Land_House_2W03 | -0.824333 | 0 | -0.566105 | -
SCRIPT       : DATA_LOG | 713093 | aRapBi1cCZPZAGLIDny3dk3hQ8vTmNTLHRl8zxmKgQ0= | 12152 | 99.8201 | 13780.9 | -0.824333 | -0.566105 | 0 | AKM | 0 | 138.342 | 5.40359 | 0 | 1 | 1 | 0 | 0 | 0 | 0 | 1 | camera | Land_House_2W03 | -0.824333 | 0 | -0.566105 | 
SCRIPT       : DATA_LOG | 714097 | aRapBi1cCZPZAGLIDny3dk3hQ8vTmNTLHRl8zxmKgQ0= | 12152 | 99.8201 | 13780.9 | -0.824333 | -0.566105 | 0 | AKM | 0 | 138.316 | 5.40065 | 0 | 1 | 1 | 0 | 0 | 0 | 0 | 1 | camera | Land_House_2W03 | -0.824333 | 0 | -0.566105 | 
SCRIPT       : DATA_LOG | 715099 | aRapBi1cCZPZAGLIDny3dk3hQ8vTmNTLHRl8zxmKgQ0= | 12152 | 99.8201 | 13780.9 | -0.824333 | -0.566105 | 0 | AKM | 0 | 138.37 | 5.40597 | 0 | 1 | 1 | 0 | 0 | 0 | 0 | 1 | camera | Land_House_2W03 | -0.824333 | 0 | -0.566105 | -
SCRIPT       : DATA_LOG | 716090 | aRapBi1cCZPZAGLIDny3dk3hQ8vTmNTLHRl8zxmKgQ0= | 12152 | 99.8201 | 13780.9 | -0.824333 | -0.566105 | 0 | AKM | 0 | 138.318 | 5.40224 | 0 | 1 | 1 | 0 | 0 | 0 | 0 | 1 | camera | Land_House_2W03 | -0.824333 | 0 | -0.566105 | 
SCRIPT       : DATA_LOG | 717107 | aRapBi1cCZPZAGLIDny3dk3hQ8vTmNTLHRl8zxmKgQ0= | 12152 | 99.8201 | 13780.9 | -0.824333 | -0.566105 | 0 | AKM | 0 | 138.351 | 5.40534 | 0 | 1 | 1 | 0 | 0 | 0 | 0 | 1 | camera | Land_House_2W03 | -0.824333 | 0 | -0.566105 | 
SCRIPT       : DATA_LOG | 718096 | aRapBi1cCZPZAGLIDny3dk3hQ8vTmNTLHRl8zxmKgQ0= | 12152 | 99.8201 | 13780.9 | -0.824333 | -0.566105 | 0 | AKM | 0 | 138.291 | 5.39728 | 0 | 1 | 1 | 0 | 0 | 0 | 0 | 1 | camera | Land_House_2W03 | -0.824333 | 0 | -0.566105 | 
SCRIPT       : DATA_LOG | 719100 | aRapBi1cCZPZAGLIDny3dk3hQ8vTmNTLHRl8zxmKgQ0= | 12152 | 99.8201 | 13780.9 | -0.824333 | -0.566105 | 0 | AKM | 0 | 138.27 | 5.39605 | 0 | 1 | 1 | 0 | 0 | 0 | 0 | 1 | camera | Land_House_2W03 | -0.824333 | 0 | -0.566105 | -
SCRIPT       : DATA_LOG | 720103 | aRapBi1cCZPZAGLIDny3dk3hQ8vTmNTLHRl8zxmKgQ0= | 12152 | 99.8201 | 13780.9 | -0.824333 | -0.566105 | 0 | AKM | 0 | 138.35 | 5.40436 | 0 | 1 | 1 | 0 | 0 | 0 | 0 | 1 | camera | Land_House_2W03 | -0.824333 | 0 | -0.566105 | -
SCRIPT       : DATA_LOG | 721099 | aRapBi1cCZPZAGLIDny3dk3hQ8vTmNTLHRl8zxmKgQ0= | 12152 | 99.8201 | 13780.9 | -0.824333 | -0.566105 | 0 | AKM | 0 | 138.302 | 5.39895 | 0 | 1 | 1 | 0 | 0 | 0 | 0 | 1 | camera | Land_House_2W03 | -0.824333 | 0 | -0.566105 | 
SCRIPT       : DATA_LOG | 722097 | aRapBi1cCZPZAGLIDny3dk3hQ8vTmNTLHRl8zxmKgQ0= | 12152 | 99.8201 | 13780.9 | -0.824333 | -0.566105 | 0 | AKM | 0 | 138.37 | 5.40591 | 0 | 1 | 1 | 0 | 0 | 0 | 0 | 1 | camera | Land_House_2W03 | -0.824333 | 0 | -0.566105 | -
SCRIPT       : DATA_LOG | 723100 | aRapBi1cCZPZAGLIDny3dk3hQ8vTmNTLHRl8zxmKgQ0= | 12152 | 99.8201 | 13780.9 | -0.824333 | -0.566105 | 0 | AKM | 0 | 138.332 | 5.40364 | 0 | 1 | 1 | 0 | 0 | 0 | 0 | 1 | camera | Land_House_2W03 | -0.824333 | 0 | -0.566105 | 
SCRIPT       : DATA_LOG | 724103 | aRapBi1cCZPZAGLIDny3dk3hQ8vTmNTLHRl8zxmKgQ0= | 12152 | 99.8201 | 13780.9 | -0.824333 | -0.566105 | 0 | AKM | 0 | 138.347 | 5.40528 | 0 | 1 | 1 | 0 | 0 | 0 | 0 | 1 | camera | Land_House_2W03 | -0.824333 | 0 | -0.566105 | 
SCRIPT       : DATA_LOG | 725100 | aRapBi1cCZPZAGLIDny3dk3hQ8vTmNTLHRl8zxmKgQ0= | 12152 | 99.8201 | 13780.9 | -0.824333 | -0.566105 | 0 | AKM | 0 | 138.319 | 5.39972 | 0 | 1 | 1 | 0 | 0 | 0 | 0 | 1 | camera | Land_House_2W03 | -0.824333 | 0 | -0.566105 | 
SCRIPT       : DATA_LOG | 726103 | aRapBi1cCZPZAGLIDny3dk3hQ8vTmNTLHRl8zxmKgQ0= | 12152 | 99.8201 | 13780.9 | -0.824333 | -0.566105 | 0 | AKM | 0 | 138.251 | 5.39434 | 0 | 1 | 1 | 0 | 0 | 0 | 0 | 1 | camera | Land_House_2W03 | -0.824333 | 0 | -0.566105 | 
SCRIPT       : DATA_LOG | 727102 | aRapBi1cCZPZAGLIDny3dk3hQ8vTmNTLHRl8zxmKgQ0= | 12152 | 99.8201 | 13780.9 | -0.824333 | -0.566105 | 0 | AKM | 0 | 138.35 | 5.40439 | 0 | 1 | 1 | 0 | 0 | 0 | 0 | 1 | camera | Land_House_2W03 | -0.824333 | 0 | -0.566105 | -
SCRIPT       : DATA_LOG | 728103 | aRapBi1cCZPZAGLIDny3dk3hQ8vTmNTLHRl8zxmKgQ0= | 12152 | 99.8201 | 13780.9 | -0.824333 | -0.566105 | 0 | AKM | 0 | 138.297 | 5.39858 | 0 | 1 | 1 | 0 | 0 | 0 | 0 | 1 | camera | Land_House_2W03 | -0.824333 | 0 | -0.566105 | 
SCRIPT       : DATA_LOG | 729112 | aRapBi1cCZPZAGLIDny3dk3hQ8vTmNTLHRl8zxmKgQ0= | 12152 | 99.8201 | 13780.9 | -0.824333 | -0.566105 | 0 | AKM | 0 | 138.366 | 5.40551 | 0 | 1 | 1 | 0 | 0 | 0 | 0 | 1 | camera | Land_House_2W03 | -0.824333 | 0 | -0.566105 | 
SCRIPT       : DATA_LOG | 730118 | aRapBi1cCZPZAGLIDny3dk3hQ8vTmNTLHRl8zxmKgQ0= | 12152 | 99.8201 | 13780.9 | -0.824333 | -0.566105 | 0 | AKM | 0 | 138.341 | 5.40465 | 0 | 1 | 1 | 0 | 0 | 0 | 0 | 1 | camera | Land_House_2W03 | -0.824333 | 0 | -0.566105 | 
SCRIPT       : DATA_LOG | 731108 | aRapBi1cCZPZAGLIDny3dk3hQ8vTmNTLHRl8zxmKgQ0= | 12152 | 99.8201 | 13780.9 | -0.824333 | -0.566105 | 0 | AKM | 0 | 138.321 | 5.40304 | 0 | 1 | 1 | 0 | 0 | 0 | 0 | 1 | camera | Land_House_2W03 | -0.824333 | 0 | -0.566105 | 
SCRIPT       : DATA_LOG | 732107 | aRapBi1cCZPZAGLIDny3dk3hQ8vTmNTLHRl8zxmKgQ0= | 12152 | 99.8201 | 13780.9 | -0.824333 | -0.566105 | 0 | AKM | 0 | 138.34 | 5.40228 | 0 | 1 | 1 | 0 | 0 | 0 | 0 | 1 | camera | Land_House_2W03 | -0.824333 | 0 | -0.566105 | -
SCRIPT       : DATA_LOG | 733117 | aRapBi1cCZPZAGLIDny3dk3hQ8vTmNTLHRl8zxmKgQ0= | 12152 | 99.8201 | 13780.9 | -0.824333 | -0.566105 | 0 | AKM | 0 | 138.238 | 5.39294 | 0 | 1 | 1 | 0 | 0 | 0 | 0 | 1 | camera | Land_House_2W03 | -0.824333 | 0 | -0.566105 | 
SCRIPT       : DATA_LOG | 734118 | aRapBi1cCZPZAGLIDny3dk3hQ8vTmNTLHRl8zxmKgQ0= | 12152 | 99.8201 | 13780.9 | -0.824333 | -0.566105 | 0 | AKM | 0 | 138.347 | 5.40358 | 0 | 1 | 1 | 0 | 0 | 0 | 0 | 1 | camera | Land_House_2W03 | -0.824333 | 0 | -0.566105 | 
SCRIPT       : DATA_LOG | 735111 | aRapBi1cCZPZAGLIDny3dk3hQ8vTmNTLHRl8zxmKgQ0= | 12152 | 99.8201 | 13780.9 | -0.824333 | -0.566105 | 0 | AKM | 0 | 138.298 | 5.39853 | 0 | 1 | 1 | 0 | 0 | 0 | 0 | 1 | camera | Land_House_2W03 | -0.824333 | 0 | -0.566105 | 
SCRIPT       : DATA_LOG | 736115 | aRapBi1cCZPZAGLIDny3dk3hQ8vTmNTLHRl8zxmKgQ0= | 12152 | 99.8201 | 13780.9 | -0.824333 | -0.566105 | 0 | AKM | 0 | 138.356 | 5.40454 | 0 | 1 | 1 | 0 | 0 | 0 | 0 | 1 | camera | Land_House_2W03 | -0.824333 | 0 | -0.566105 | 
SCRIPT       : DATA_LOG | 737114 | aRapBi1cCZPZAGLIDny3dk3hQ8vTmNTLHRl8zxmKgQ0= | 12152 | 99.8201 | 13780.9 | -0.824333 | -0.566105 | 0 | AKM | 0 | 138.353 | 5.40514 | 0 | 1 | 1 | 0 | 0 | 0 | 0 | 1 | camera | Land_House_2W03 | -0.824333 | 0 | -0.566105 | 
SCRIPT       : DATA_LOG | 738114 | aRapBi1cCZPZAGLIDny3dk3hQ8vTmNTLHRl8zxmKgQ0= | 12152 | 99.8201 | 13780.9 | -0.824333 | -0.566105 | 0 | AKM | 0 | 138.305 | 5.40113 | 0 | 1 | 1 | 0 | 0 | 0 | 0 | 1 | camera | Land_House_2W03 | -0.824333 | 0 | -0.566105 | 
SCRIPT       : DATA_LOG | 739119 | aRapBi1cCZPZAGLIDny3dk3hQ8vTmNTLHRl8zxmKgQ0= | 12152 | 99.8201 | 13780.9 | -0.824333 | -0.566105 | 0 | AKM | 0 | 138.362 | 5.40488 | 0 | 1 | 1 | 0 | 0 | 0 | 0 | 1 | camera | Land_House_2W03 | -0.824333 | 0 | -0.566105 | 
SCRIPT       : DATA_LOG | 740118 | aRapBi1cCZPZAGLIDny3dk3hQ8vTmNTLHRl8zxmKgQ0= | 12152 | 99.8201 | 13780.9 | -0.824333 | -0.566105 | 0 | AKM | 0 | 138.238 | 5.39287 | 0 | 1 | 1 | 0 | 0 | 0 | 0 | 1 | camera | Land_House_2W03 | -0.824333 | 0 | -0.566105 | 
SCRIPT       : DATA_LOG | 741117 | aRapBi1cCZPZAGLIDny3dk3hQ8vTmNTLHRl8zxmKgQ0= | 12152 | 99.8201 | 13780.9 | -0.824333 | -0.566105 | 0 | AKM | 0 | 138.334 | 5.40212 | 0 | 1 | 1 | 0 | 0 | 0 | 0 | 1 | camera | Land_House_2W03 | -0.824333 | 0 | -0.566105 | 
SCRIPT       : DATA_LOG | 742117 | aRapBi1cCZPZAGLIDny3dk3hQ8vTmNTLHRl8zxmKgQ0= | 12152 | 99.8201 | 13780.9 | -0.824333 | -0.566105 | 0 | AKM | 0 | 138.307 | 5.3996 | 0 | 1 | 1 | 0 | 0 | 0 | 0 | 1 | camera | Land_House_2W03 | -0.824333 | 0 | -0.566105 | -
SCRIPT       : DATA_LOG | 743127 | aRapBi1cCZPZAGLIDny3dk3hQ8vTmNTLHRl8zxmKgQ0= | 12152 | 99.8201 | 13780.9 | -0.824333 | -0.566105 | 0 | AKM | 0 | 138.35 | 5.40428 | 0 | 1 | 1 | 0 | 0 | 0 | 0 | 1 | camera | Land_House_2W03 | -0.824333 | 0 | -0.566105 | -
SCRIPT       : DATA_LOG | 744118 | aRapBi1cCZPZAGLIDny3dk3hQ8vTmNTLHRl8zxmKgQ0= | 12152 | 99.8201 | 13780.9 | -0.824333 | -0.566105 | 0 | AKM | 0 | 138.363 | 5.40612 | 0 | 1 | 1 | 0 | 0 | 0 | 0 | 1 | camera | Land_House_2W03 | -0.824333 | 0 | -0.566105 | 
SCRIPT       : DATA_LOG | 745122 | aRapBi1cCZPZAGLIDny3dk3hQ8vTmNTLHRl8zxmKgQ0= | 12152 | 99.8201 | 13780.9 | -0.824333 | -0.566105 | 0 | AKM | 0 | 138.295 | 5.40007 | 0 | 1 | 1 | 0 | 0 | 0 | 0 | 1 | camera | Land_House_2W03 | -0.824333 | 0 | -0.566105 | 
SCRIPT       : DATA_LOG | 746126 | aRapBi1cCZPZAGLIDny3dk3hQ8vTmNTLHRl8zxmKgQ0= | 12152 | 99.8201 | 13780.9 | -0.824333 | -0.566105 | 0 | AKM | 0 | 138.364 | 5.40545 | 0 | 1 | 1 | 0 | 0 | 0 | 0 | 1 | camera | Land_House_2W03 | -0.824333 | 0 | -0.566105 | 
SCRIPT       : DATA_LOG | 747124 | aRapBi1cCZPZAGLIDny3dk3hQ8vTmNTLHRl8zxmKgQ0= | 12152 | 99.8201 | 13780.9 | -0.824333 | -0.566105 | 0 | AKM | 0 | 138.239 | 5.39247 | 0 | 1 | 1 | 0 | 0 | 0 | 0 | 1 | camera | Land_House_2W03 | -0.824333 | 0 | -0.566105 | 
SCRIPT       : DATA_LOG | 748122 | aRapBi1cCZPZAGLIDny3dk3hQ8vTmNTLHRl8zxmKgQ0= | 12152 | 99.8201 | 13780.9 | -0.824333 | -0.566105 | 0 | AKM | 0 | 138.317 | 5.40025 | 0 | 1 | 1 | 0 | 0 | 0 | 0 | 1 | camera | Land_House_2W03 | -0.824333 | 0 | -0.566105 | 
SCRIPT       : DATA_LOG | 749128 | aRapBi1cCZPZAGLIDny3dk3hQ8vTmNTLHRl8zxmKgQ0= | 12152 | 99.8201 | 13780.9 | -0.824333 | -0.566105 | 0 | AKM | 0 | 138.32 | 5.40107 | 0 | 1 | 1 | 0 | 0 | 0 | 0 | 1 | camera | Land_House_2W03 | -0.824333 | 0 | -0.566105 | -
SCRIPT       : DATA_LOG | 750126 | aRapBi1cCZPZAGLIDny3dk3hQ8vTmNTLHRl8zxmKgQ0= | 12152 | 99.8201 | 13780.9 | -0.824333 | -0.566105 | 0 | AKM | 0 | 138.331 | 5.40227 | 0 | 1 | 1 | 0 | 0 | 0 | 0 | 1 | camera | Land_House_2W03 | -0.824333 | 0 | -0.566105 | 
SCRIPT       : DATA_LOG | 751125 | aRapBi1cCZPZAGLIDny3dk3hQ8vTmNTLHRl8zxmKgQ0= | 12152 | 99.8201 | 13780.9 | -0.824333 | -0.566105 | 0 | AKM | 0 | 138.368 | 5.40641 | 0 | 1 | 1 | 0 | 0 | 0 | 0 | 1 | camera | Land_House_2W03 | -0.824333 | 0 | -0.566105 | 
SCRIPT       : DATA_LOG | 752132 | aRapBi1cCZPZAGLIDny3dk3hQ8vTmNTLHRl8zxmKgQ0= | 12152 | 99.8201 | 13780.9 | -0.824333 | -0.566105 | 0 | AKM | 0 | 138.299 | 5.40049 | 0 | 1 | 1 | 0 | 0 | 0 | 0 | 1 | camera | Land_House_2W03 | -0.824333 | 0 | -0.566105 | 
SCRIPT       : DATA_LOG | 753128 | aRapBi1cCZPZAGLIDny3dk3hQ8vTmNTLHRl8zxmKgQ0= | 12152 | 99.8201 | 13780.9 | -0.824333 | -0.566105 | 0 | AKM | 0 | 138.367 | 5.40626 | 0 | 1 | 1 | 0 | 0 | 0 | 0 | 1 | camera | Land_House_2W03 | -0.824333 | 0 | -0.566105 | 
SCRIPT       : DATA_LOG | 754128 | aRapBi1cCZPZAGLIDny3dk3hQ8vTmNTLHRl8zxmKgQ0= | 12152 | 99.8201 | 13780.9 | -0.824333 | -0.566105 | 0 | AKM | 0 | 138.258 | 5.39419 | 0 | 1 | 1 | 0 | 0 | 0 | 0 | 1 | camera | Land_House_2W03 | -0.824333 | 0 | -0.566105 | 
SCRIPT       : DATA_LOG | 755129 | aRapBi1cCZPZAGLIDny3dk3hQ8vTmNTLHRl8zxmKgQ0= | 12152 | 99.8201 | 13780.9 | -0.824333 | -0.566105 | 0 | AKM | 0 | 138.294 | 5.39811 | 0 | 1 | 1 | 0 | 0 | 0 | 0 | 1 | camera | Land_House_2W03 | -0.824333 | 0 | -0.566105 | 
SCRIPT       : DATA_LOG | 756132 | aRapBi1cCZPZAGLIDny3dk3hQ8vTmNTLHRl8zxmKgQ0= | 12152 | 99.8201 | 13780.9 | -0.824333 | -0.566105 | 0 | AKM | 0 | 138.342 | 5.40358 | 0 | 1 | 1 | 0 | 0 | 0 | 0 | 1 | camera | Land_House_2W03 | -0.824333 | 0 | -0.566105 | 
SCRIPT       : DATA_LOG | 757134 | aRapBi1cCZPZAGLIDny3dk3hQ8vTmNTLHRl8zxmKgQ0= | 12152 | 99.8201 | 13780.9 | -0.824333 | -0.566105 | 0 | AKM | 0 | 138.316 | 5.40065 | 0 | 1 | 1 | 0 | 0 | 0 | 0 | 1 | camera | Land_House_2W03 | -0.824333 | 0 | -0.566105 | 
SCRIPT       : DATA_LOG | 758135 | aRapBi1cCZPZAGLIDny3dk3hQ8vTmNTLHRl8zxmKgQ0= | 12152 | 99.8201 | 13780.9 | -0.824333 | -0.566105 | 0 | AKM | 0 | 138.37 | 5.40597 | 0 | 1 | 1 | 0 | 0 | 0 | 0 | 1 | camera | Land_House_2W03 | -0.824333 | 0 | -0.566105 | -
SCRIPT       : DATA_LOG | 759134 | aRapBi1cCZPZAGLIDny3dk3hQ8vTmNTLHRl8zxmKgQ0= | 12152 | 99.8201 | 13780.9 | -0.824333 | -0.566105 | 0 | AKM | 0 | 138.318 | 5.40222 | 0 | 1 | 1 | 0 | 0 | 0 | 0 | 1 | camera | Land_House_2W03 | -0.824333 | 0 | -0.566105 | 
SCRIPT       : DATA_LOG | 760138 | aRapBi1cCZPZAGLIDny3dk3hQ8vTmNTLHRl8zxmKgQ0= | 12152 | 99.8201 | 13780.9 | -0.824333 | -0.566105 | 0 | AKM | 0 | 138.357 | 5.40564 | 0 | 1 | 1 | 0 | 0 | 0 | 0 | 1 | camera | Land_House_2W03 | -0.824333 | 0 | -0.566105 | 
SCRIPT       : DATA_LOG | 761142 | aRapBi1cCZPZAGLIDny3dk3hQ8vTmNTLHRl8zxmKgQ0= | 12152 | 99.8201 | 13780.9 | -0.824333 | -0.566105 | 0 | AKM | 0 | 138.287 | 5.39655 | 0 | 1 | 1 | 0 | 0 | 0 | 0 | 1 | camera | Land_House_2W03 | -0.824333 | 0 | -0.566105 | 
SCRIPT       : DATA_LOG | 762144 | aRapBi1cCZPZAGLIDny3dk3hQ8vTmNTLHRl8zxmKgQ0= | 12152 | 99.8201 | 13780.9 | -0.824333 | -0.566105 | 0 | AKM | 0 | 138.276 | 5.39635 | 0 | 1 | 1 | 0 | 0 | 0 | 0 | 1 | camera | Land_House_2W03 | -0.824333 | 0 | -0.566105 | 
SCRIPT       : DATA_LOG | 763142 | aRapBi1cCZPZAGLIDny3dk3hQ8vTmNTLHRl8zxmKgQ0= | 12152 | 99.8201 | 13780.9 | -0.824333 | -0.566105 | 0 | AKM | 0 | 138.35 | 5.40435 | 0 | 1 | 1 | 0 | 0 | 0 | 0 | 1 | camera | Land_House_2W03 | -0.824333 | 0 | -0.566105 | -
SCRIPT       : DATA_LOG | 764142 | aRapBi1cCZPZAGLIDny3dk3hQ8vTmNTLHRl8zxmKgQ0= | 12152 | 99.8201 | 13780.9 | -0.824333 | -0.566105 | 0 | AKM | 0 | 138.301 | 5.39896 | 0 | 1 | 1 | 0 | 0 | 0 | 0 | 1 | camera | Land_House_2W03 | -0.824333 | 0 | -0.566105 | 
SCRIPT       : DATA_LOG | 765139 | aRapBi1cCZPZAGLIDny3dk3hQ8vTmNTLHRl8zxmKgQ0= | 12152 | 99.8201 | 13780.9 | -0.824333 | -0.566105 | 0 | AKM | 0 | 138.37 | 5.40592 | 0 | 1 | 1 | 0 | 0 | 0 | 0 | 1 | camera | Land_House_2W03 | -0.824333 | 0 | -0.566105 | -
SCRIPT       : DATA_LOG | 766148 | aRapBi1cCZPZAGLIDny3dk3hQ8vTmNTLHRl8zxmKgQ0= | 12152 | 99.8201 | 13780.9 | -0.824333 | -0.566105 | 0 | AKM | 0 | 138.332 | 5.40363 | 0 | 1 | 1 | 0 | 0 | 0 | 0 | 1 | camera | Land_House_2W03 | -0.824333 | 0 | -0.566105 | 
SCRIPT       : DATA_LOG | 767142 | aRapBi1cCZPZAGLIDny3dk3hQ8vTmNTLHRl8zxmKgQ0= | 12152 | 99.8201 | 13780.9 | -0.824333 | -0.566105 | 0 | AKM | 0 | 138.347 | 5.40532 | 0 | 1 | 1 | 0 | 0 | 0 | 0 | 1 | camera | Land_House_2W03 | -0.824333 | 0 | -0.566105 | 
SCRIPT       : DATA_LOG | 768142 | aRapBi1cCZPZAGLIDny3dk3hQ8vTmNTLHRl8zxmKgQ0= | 12152 | 99.8201 | 13780.9 | -0.824333 | -0.566105 | 0 | AKM | 0 | 138.314 | 5.39941 | 0 | 1 | 1 | 0 | 0 | 0 | 0 | 1 | camera | Land_House_2W03 | -0.824333 | 0 | -0.566105 | 
SCRIPT       : DATA_LOG | 769148 | aRapBi1cCZPZAGLIDny3dk3hQ8vTmNTLHRl8zxmKgQ0= | 12152 | 99.8201 | 13780.9 | -0.824333 | -0.566105 | 0 | AKM | 0 | 138.257 | 5.39463 | 0 | 1 | 1 | 0 | 0 | 0 | 0 | 1 | camera | Land_House_2W03 | -0.824333 | 0 | -0.566105 | 
SCRIPT       : DATA_LOG | 770150 | aRapBi1cCZPZAGLIDny3dk3hQ8vTmNTLHRl8zxmKgQ0= | 12152 | 99.8201 | 13780.9 | -0.824333 | -0.566105 | 0 | AKM | 0 | 138.35 | 5.40439 | 0 | 1 | 1 | 0 | 0 | 0 | 0 | 1 | camera | Land_House_2W03 | -0.824333 | 0 | -0.566105 | -
SCRIPT       : DATA_LOG | 771148 | aRapBi1cCZPZAGLIDny3dk3hQ8vTmNTLHRl8zxmKgQ0= | 12152 | 99.8201 | 13780.9 | -0.824333 | -0.566105 | 0 | AKM | 0 | 138.297 | 5.39859 | 0 | 1 | 1 | 0 | 0 | 0 | 0 | 1 | camera | Land_House_2W03 | -0.824333 | 0 | -0.566105 | 
SCRIPT       : DATA_LOG | 772156 | aRapBi1cCZPZAGLIDny3dk3hQ8vTmNTLHRl8zxmKgQ0= | 12152 | 99.8201 | 13780.9 | -0.824333 | -0.566105 | 0 | AKM | 0 | 138.366 | 5.40553 | 0 | 1 | 1 | 0 | 0 | 0 | 0 | 1 | camera | Land_House_2W03 | -0.824333 | 0 | -0.566105 | 
SCRIPT       : DATA_LOG | 773153 | aRapBi1cCZPZAGLIDny3dk3hQ8vTmNTLHRl8zxmKgQ0= | 12152 | 99.8201 | 13780.9 | -0.824333 | -0.566105 | 0 | AKM | 0 | 138.341 | 5.40466 | 0 | 1 | 1 | 0 | 0 | 0 | 0 | 1 | camera | Land_House_2W03 | -0.824333 | 0 | -0.566105 | 
SCRIPT       : DATA_LOG | 774153 | aRapBi1cCZPZAGLIDny3dk3hQ8vTmNTLHRl8zxmKgQ0= | 12152 | 99.8201 | 13780.9 | -0.824333 | -0.566105 | 0 | AKM | 0 | 138.33 | 5.40378 | 0 | 1 | 1 | 0 | 0 | 0 | 0 | 1 | camera | Land_House_2W03 | -0.824333 | 0 | -0.566105 | -
SCRIPT       : DATA_LOG | 775154 | aRapBi1cCZPZAGLIDny3dk3hQ8vTmNTLHRl8zxmKgQ0= | 12152 | 99.8201 | 13780.9 | -0.824333 | -0.566105 | 0 | AKM | 0 | 138.336 | 5.40189 | 0 | 1 | 1 | 0 | 0 | 0 | 0 | 1 | camera | Land_House_2W03 | -0.824333 | 0 | -0.566105 | 
SCRIPT       : DATA_LOG | 776154 | aRapBi1cCZPZAGLIDny3dk3hQ8vTmNTLHRl8zxmKgQ0= | 12152 | 99.8201 | 13780.9 | -0.824333 | -0.566105 | 0 | AKM | 0 | 138.243 | 5.39326 | 0 | 1 | 1 | 0 | 0 | 0 | 0 | 1 | camera | Land_House_2W03 | -0.824333 | 0 | -0.566105 | 
SCRIPT       : DATA_LOG | 777157 | aRapBi1cCZPZAGLIDny3dk3hQ8vTmNTLHRl8zxmKgQ0= | 12152 | 99.8201 | 13780.9 | -0.824333 | -0.566105 | 0 | AKM | 0 | 138.351 | 5.40433 | 0 | 1 | 1 | 0 | 0 | 0 | 0 | 1 | camera | Land_House_2W03 | -0.824333 | 0 | -0.566105 | 
SCRIPT       : DATA_LOG | 778161 | aRapBi1cCZPZAGLIDny3dk3hQ8vTmNTLHRl8zxmKgQ0= | 12152 | 99.8201 | 13780.9 | -0.824333 | -0.566105 | 0 | AKM | 0 | 138.298 | 5.39854 | 0 | 1 | 1 | 0 | 0 | 0 | 0 | 1 | camera | Land_House_2W03 | -0.824333 | 0 | -0.566105 | 
SCRIPT       : DATA_LOG | 779158 | aRapBi1cCZPZAGLIDny3dk3hQ8vTmNTLHRl8zxmKgQ0= | 12152 | 99.8201 | 13780.9 | -0.824333 | -0.566105 | 0 | AKM | 0 | 138.357 | 5.4045 | 0 | 1 | 1 | 0 | 0 | 0 | 0 | 1 | camera | Land_House_2W03 | -0.824333 | 0 | -0.566105 | -
SCRIPT       : DATA_LOG | 780161 | aRapBi1cCZPZAGLIDny3dk3hQ8vTmNTLHRl8zxmKgQ0= | 12152 | 99.8201 | 13780.9 | -0.824333 | -0.566105 | 0 | AKM | 0 | 138.348 | 5.40486 | 0 | 1 | 1 | 0 | 0 | 0 | 0 | 1 | camera | Land_House_2W03 | -0.824333 | 0 | -0.566105 | 
SCRIPT       : DATA_LOG | 781162 | aRapBi1cCZPZAGLIDny3dk3hQ8vTmNTLHRl8zxmKgQ0= | 12152 | 99.8201 | 13780.9 | -0.824333 | -0.566105 | 0 | AKM | 0 | 138.309 | 5.40148 | 0 | 1 | 1 | 0 | 0 | 0 | 0 | 1 | camera | Land_House_2W03 | -0.824333 | 0 | -0.566105 | 
SCRIPT       : DATA_LOG | 782163 | aRapBi1cCZPZAGLIDny3dk3hQ8vTmNTLHRl8zxmKgQ0= | 12152 | 99.8201 | 13780.9 | -0.824333 | -0.566105 | 0 | AKM | 0 | 138.353 | 5.40378 | 0 | 1 | 1 | 0 | 0 | 0 | 0 | 1 | camera | Land_House_2W03 | -0.824333 | 0 | -0.566105 | 
SCRIPT       : DATA_LOG | 783165 | aRapBi1cCZPZAGLIDny3dk3hQ8vTmNTLHRl8zxmKgQ0= | 12152 | 99.8201 | 13780.9 | -0.824333 | -0.566105 | 0 | AKM | 0 | 138.238 | 5.39287 | 0 | 1 | 1 | 0 | 0 | 0 | 0 | 1 | camera | Land_House_2W03 | -0.824333 | 0 | -0.566105 | 
SCRIPT       : DATA_LOG | 784169 | aRapBi1cCZPZAGLIDny3dk3hQ8vTmNTLHRl8zxmKgQ0= | 12152 | 99.8201 | 13780.9 | -0.824333 | -0.566105 | 0 | AKM | 0 | 138.337 | 5.40287 | 0 | 1 | 1 | 0 | 0 | 0 | 0 | 1 | camera | Land_House_2W03 | -0.824333 | 0 | -0.566105 | 
SCRIPT       : DATA_LOG | 785168 | aRapBi1cCZPZAGLIDny3dk3hQ8vTmNTLHRl8zxmKgQ0= | 12152 | 99.8201 | 13780.9 | -0.824333 | -0.566105 | 0 | AKM | 0 | 138.307 | 5.39958 | 0 | 1 | 1 | 0 | 0 | 0 | 0 | 1 | camera | Land_House_2W03 | -0.824333 | 0 | -0.566105 | 
SCRIPT       : DATA_LOG | 786166 | aRapBi1cCZPZAGLIDny3dk3hQ8vTmNTLHRl8zxmKgQ0= | 12152 | 99.8201 | 13780.9 | -0.824333 | -0.566105 | 0 | AKM | 0 | 138.35 | 5.40428 | 0 | 1 | 1 | 0 | 0 | 0 | 0 | 1 | camera | Land_House_2W03 | -0.824333 | 0 | -0.566105 | -
SCRIPT       : DATA_LOG | 787168 | aRapBi1cCZPZAGLIDny3dk3hQ8vTmNTLHRl8zxmKgQ0= | 12152 | 99.8201 | 13780.9 | -0.824333 | -0.566105 | 0 | AKM | 0 | 138.357 | 5.40585 | 0 | 1 | 1 | 0 | 0 | 0 | 0 | 1 | camera | Land_House_2W03 | -0.824333 | 0 | -0.566105 | 
SCRIPT       : DATA_LOG | 788167 | aRapBi1cCZPZAGLIDny3dk3hQ8vTmNTLHRl8zxmKgQ0= | 12152 | 99.8201 | 13780.9 | -0.824333 | -0.566105 | 0 | AKM | 0 | 138.295 | 5.40007 | 0 | 1 | 1 | 0 | 0 | 0 | 0 | 1 | camera | Land_House_2W03 | -0.824333 | 0 | -0.566105 | 
SCRIPT       : DATA_LOG | 789168 | aRapBi1cCZPZAGLIDny3dk3hQ8vTmNTLHRl8zxmKgQ0= | 12152 | 99.8201 | 13780.9 | -0.824333 | -0.566105 | 0 | AKM | 0 | 138.364 | 5.40541 | 0 | 1 | 1 | 0 | 0 | 0 | 0 | 1 | camera | Land_House_2W03 | -0.824333 | 0 | -0.566105 | 
SCRIPT       : DATA_LOG | 790169 | aRapBi1cCZPZAGLIDny3dk3hQ8vTmNTLHRl8zxmKgQ0= | 12152 | 99.8201 | 13780.9 | -0.824333 | -0.566105 | 0 | AKM | 0 | 138.239 | 5.39246 | 0 | 1 | 1 | 0 | 0 | 0 | 0 | 1 | camera | Land_House_2W03 | -0.824333 | 0 | -0.566105 | 
SCRIPT       : DATA_LOG | 791169 | aRapBi1cCZPZAGLIDny3dk3hQ8vTmNTLHRl8zxmKgQ0= | 12152 | 99.8201 | 13780.9 | -0.824333 | -0.566105 | 0 | AKM | 0 | 138.316 | 5.40031 | 0 | 1 | 1 | 0 | 0 | 0 | 0 | 1 | camera | Land_House_2W03 | -0.824333 | 0 | -0.566105 | 
SCRIPT       : DATA_LOG | 792170 | aRapBi1cCZPZAGLIDny3dk3hQ8vTmNTLHRl8zxmKgQ0= | 12152 | 99.8201 | 13780.9 | -0.824333 | -0.566105 | 0 | AKM | 0 | 138.32 | 5.40104 | 0 | 1 | 1 | 0 | 0 | 0 | 0 | 1 | camera | Land_House_2W03 | -0.824333 | 0 | -0.566105 | -
SCRIPT       : DATA_LOG | 793173 | aRapBi1cCZPZAGLIDny3dk3hQ8vTmNTLHRl8zxmKgQ0= | 12152 | 99.8201 | 13780.9 | -0.824333 | -0.566105 | 0 | AKM | 0 | 138.336 | 5.40297 | 0 | 1 | 1 | 0 | 0 | 0 | 0 | 1 | camera | Land_House_2W03 | -0.824333 | 0 | -0.566105 | 
SCRIPT       : DATA_LOG | 794181 | aRapBi1cCZPZAGLIDny3dk3hQ8vTmNTLHRl8zxmKgQ0= | 12152 | 99.8201 | 13780.9 | -0.824333 | -0.566105 | 0 | AKM | 0 | 138.368 | 5.4064 | 0 | 1 | 1 | 0 | 0 | 0 | 0 | 1 | camera | Land_House_2W03 | -0.824333 | 0 | -0.566105 | -
SCRIPT       : DATA_LOG | 795183 | aRapBi1cCZPZAGLIDny3dk3hQ8vTmNTLHRl8zxmKgQ0= | 12152 | 99.8201 | 13780.9 | -0.824333 | -0.566105 | 0 | AKM | 0 | 138.3 | 5.40045 | 0 | 1 | 1 | 0 | 0 | 0 | 0 | 1 | camera | Land_House_2W03 | -0.824333 | 0 | -0.566105 | -0
SCRIPT       : DATA_LOG | 796185 | aRapBi1cCZPZAGLIDny3dk3hQ8vTmNTLHRl8zxmKgQ0= | 12152 | 99.8201 | 13780.9 | -0.824333 | -0.566105 | 0 | AKM | 0 | 138.367 | 5.40628 | 0 | 1 | 1 | 0 | 0 | 0 | 0 | 1 | camera | Land_House_2W03 | -0.824333 | 0 | -0.566105 | 
SCRIPT       : DATA_LOG | 797180 | aRapBi1cCZPZAGLIDny3dk3hQ8vTmNTLHRl8zxmKgQ0= | 12152 | 99.8201 | 13780.9 | -0.824333 | -0.566105 | 0 | AKM | 0 | 138.258 | 5.39415 | 0 | 1 | 1 | 0 | 0 | 0 | 0 | 1 | camera | Land_House_2W03 | -0.824333 | 0 | -0.566105 | 
SCRIPT       : DATA_LOG | 798176 | aRapBi1cCZPZAGLIDny3dk3hQ8vTmNTLHRl8zxmKgQ0= | 12152 | 99.8201 | 13780.9 | -0.824333 | -0.566105 | 0 | AKM | 0 | 138.293 | 5.39816 | 0 | 1 | 1 | 0 | 0 | 0 | 0 | 1 | camera | Land_House_2W03 | -0.824333 | 0 | -0.566105 | 
SCRIPT       : DATA_LOG | 799190 | aRapBi1cCZPZAGLIDny3dk3hQ8vTmNTLHRl8zxmKgQ0= | 12152 | 99.8201 | 13780.9 | -0.824333 | -0.566105 | 0 | AKM | 0 | 138.332 | 5.40256 | 0 | 1 | 1 | 0 | 0 | 0 | 0 | 1 | camera | Land_House_2W03 | -0.824333 | 0 | -0.566105 | 
SCRIPT       : DATA_LOG | 800181 | aRapBi1cCZPZAGLIDny3dk3hQ8vTmNTLHRl8zxmKgQ0= | 12152 | 99.8201 | 13780.9 | -0.824333 | -0.566105 | 0 | AKM | 0 | 138.316 | 5.40062 | 0 | 1 | 1 | 0 | 0 | 0 | 0 | 1 | camera | Land_House_2W03 | -0.824333 | 0 | -0.566105 | 
SCRIPT       : DATA_LOG | 801186 | aRapBi1cCZPZAGLIDny3dk3hQ8vTmNTLHRl8zxmKgQ0= | 12152 | 99.8201 | 13780.9 | -0.824333 | -0.566105 | 0 | AKM | 0 | 138.37 | 5.40597 | 0 | 1 | 1 | 0 | 0 | 0 | 0 | 1 | camera | Land_House_2W03 | -0.824333 | 0 | -0.566105 | -
SCRIPT       : DATA_LOG | 802184 | aRapBi1cCZPZAGLIDny3dk3hQ8vTmNTLHRl8zxmKgQ0= | 12152 | 99.8201 | 13780.9 | -0.824333 | -0.566105 | 0 | AKM | 0 | 138.313 | 5.40191 | 0 | 1 | 1 | 0 | 0 | 0 | 0 | 1 | camera | Land_House_2W03 | -0.824333 | 0 | -0.566105 | 
SCRIPT       : DATA_LOG | 803189 | aRapBi1cCZPZAGLIDny3dk3hQ8vTmNTLHRl8zxmKgQ0= | 12152 | 99.8201 | 13780.9 | -0.824333 | -0.566105 | 0 | AKM | 0 | 138.356 | 5.40567 | 0 | 1 | 1 | 0 | 0 | 0 | 0 | 1 | camera | Land_House_2W03 | -0.824333 | 0 | -0.566105 | 
SCRIPT       : DATA_LOG | 804192 | aRapBi1cCZPZAGLIDny3dk3hQ8vTmNTLHRl8zxmKgQ0= | 12152 | 99.8201 | 13780.9 | -0.824333 | -0.566105 | 0 | AKM | 0 | 138.282 | 5.39624 | 0 | 1 | 1 | 0 | 0 | 0 | 0 | 1 | camera | Land_House_2W03 | -0.824333 | 0 | -0.566105 | 
SCRIPT       : DATA_LOG | 805190 | aRapBi1cCZPZAGLIDny3dk3hQ8vTmNTLHRl8zxmKgQ0= | 12152 | 99.8201 | 13780.9 | -0.824333 | -0.566105 | 0 | AKM | 0 | 138.28 | 5.39669 | 0 | 1 | 1 | 0 | 0 | 0 | 0 | 1 | camera | Land_House_2W03 | -0.824333 | 0 | -0.566105 | -
SCRIPT       : DATA_LOG | 806195 | aRapBi1cCZPZAGLIDny3dk3hQ8vTmNTLHRl8zxmKgQ0= | 12152 | 99.8201 | 13780.9 | -0.824333 | -0.566105 | 0 | AKM | 0 | 138.346 | 5.404 | 0 | 1 | 1 | 0 | 0 | 0 | 0 | 1 | camera | Land_House_2W03 | -0.824333 | 0 | -0.566105 | -0
SCRIPT       : DATA_LOG | 807189 | aRapBi1cCZPZAGLIDny3dk3hQ8vTmNTLHRl8zxmKgQ0= | 12152 | 99.8201 | 13780.9 | -0.824333 | -0.566105 | 0 | AKM | 0 | 138.311 | 5.39997 | 0 | 1 | 1 | 0 | 0 | 0 | 0 | 1 | camera | Land_House_2W03 | -0.824333 | 0 | -0.566105 | 
SCRIPT       : DATA_LOG | 808201 | aRapBi1cCZPZAGLIDny3dk3hQ8vTmNTLHRl8zxmKgQ0= | 12152 | 99.8201 | 13780.9 | -0.824333 | -0.566105 | 0 | AKM | 0 | 138.37 | 5.40595 | 0 | 1 | 1 | 0 | 0 | 0 | 0 | 1 | camera | Land_House_2W03 | -0.824333 | 0 | -0.566105 | -
SCRIPT       : DATA_LOG | 809192 | aRapBi1cCZPZAGLIDny3dk3hQ8vTmNTLHRl8zxmKgQ0= | 12152 | 99.8201 | 13780.9 | -0.824333 | -0.566105 | 0 | AKM | 0 | 138.327 | 5.40331 | 0 | 1 | 1 | 0 | 0 | 0 | 0 | 1 | camera | Land_House_2W03 | -0.824333 | 0 | -0.566105 | 
SCRIPT       : DATA_LOG | 810193 | aRapBi1cCZPZAGLIDny3dk3hQ8vTmNTLHRl8zxmKgQ0= | 12152 | 99.8201 | 13780.9 | -0.824333 | -0.566105 | 0 | AKM | 0 | 138.351 | 5.40569 | 0 | 1 | 1 | 0 | 0 | 0 | 0 | 1 | camera | Land_House_2W03 | -0.824333 | 0 | -0.566105 | 
SCRIPT       : DATA_LOG | 811194 | aRapBi1cCZPZAGLIDny3dk3hQ8vTmNTLHRl8zxmKgQ0= | 12152 | 99.8201 | 13780.9 | -0.824333 | -0.566105 | 0 | AKM | 0 | 138.31 | 5.39901 | 0 | 1 | 1 | 0 | 0 | 0 | 0 | 1 | camera | Land_House_2W03 | -0.824333 | 0 | -0.566105 | -
SCRIPT       : DATA_LOG | 812216 | aRapBi1cCZPZAGLIDny3dk3hQ8vTmNTLHRl8zxmKgQ0= | 12152 | 99.8201 | 13780.9 | -0.824333 | -0.566105 | 0 | AKM | 0 | 138.262 | 5.39496 | 0 | 1 | 1 | 0 | 0 | 0 | 0 | 1 | camera | Land_House_2W03 | -0.824333 | 0 | -0.566105 | 
SCRIPT       : DATA_LOG | 813200 | aRapBi1cCZPZAGLIDny3dk3hQ8vTmNTLHRl8zxmKgQ0= | 12152 | 99.8201 | 13780.9 | -0.824333 | -0.566105 | 0 | AKM | 0 | 138.35 | 5.40441 | 0 | 1 | 1 | 0 | 0 | 0 | 0 | 1 | camera | Land_House_2W03 | -0.824333 | 0 | -0.566105 | -
SCRIPT       : DATA_LOG | 814199 | aRapBi1cCZPZAGLIDny3dk3hQ8vTmNTLHRl8zxmKgQ0= | 12152 | 99.8201 | 13780.9 | -0.824333 | -0.566105 | 0 | AKM | 0 | 138.297 | 5.39862 | 0 | 1 | 1 | 0 | 0 | 0 | 0 | 1 | camera | Land_House_2W03 | -0.824333 | 0 | -0.566105 | 
SCRIPT       : DATA_LOG | 815198 | aRapBi1cCZPZAGLIDny3dk3hQ8vTmNTLHRl8zxmKgQ0= | 12152 | 99.8201 | 13780.9 | -0.824333 | -0.566105 | 0 | AKM | 0 | 138.365 | 5.40557 | 0 | 1 | 1 | 0 | 0 | 0 | 0 | 1 | camera | Land_House_2W03 | -0.824333 | 0 | -0.566105 | 
SCRIPT       : DATA_LOG | 816203 | aRapBi1cCZPZAGLIDny3dk3hQ8vTmNTLHRl8zxmKgQ0= | 12152 | 99.8201 | 13780.9 | -0.824333 | -0.566105 | 0 | AKM | 0 | 138.341 | 5.40467 | 0 | 1 | 1 | 0 | 0 | 0 | 0 | 1 | camera | Land_House_2W03 | -0.824333 | 0 | -0.566105 | 
SCRIPT       : DATA_LOG | 817196 | aRapBi1cCZPZAGLIDny3dk3hQ8vTmNTLHRl8zxmKgQ0= | 12152 | 99.8201 | 13780.9 | -0.824333 | -0.566105 | 0 | AKM | 0 | 138.334 | 5.40418 | 0 | 1 | 1 | 0 | 0 | 0 | 0 | 1 | camera | Land_House_2W03 | -0.824333 | 0 | -0.566105 | 
SCRIPT       : DATA_LOG | 818198 | aRapBi1cCZPZAGLIDny3dk3hQ8vTmNTLHRl8zxmKgQ0= | 12152 | 99.8201 | 13780.9 | -0.824333 | -0.566105 | 0 | AKM | 0 | 138.332 | 5.40114 | 0 | 1 | 1 | 0 | 0 | 0 | 0 | 1 | camera | Land_House_2W03 | -0.824333 | 0 | -0.566105 | 
SCRIPT       : DATA_LOG | 819198 | aRapBi1cCZPZAGLIDny3dk3hQ8vTmNTLHRl8zxmKgQ0= | 12152 | 99.8201 | 13780.9 | -0.824333 | -0.566105 | 0 | AKM | 0 | 138.242 | 5.39329 | 0 | 1 | 1 | 0 | 0 | 0 | 0 | 1 | camera | Land_House_2W03 | -0.824333 | 0 | -0.566105 | 
SCRIPT       : DATA_LOG | 820198 | aRapBi1cCZPZAGLIDny3dk3hQ8vTmNTLHRl8zxmKgQ0= | 12152 | 99.8201 | 13780.9 | -0.824333 | -0.566105 | 0 | AKM | 0 | 138.35 | 5.40435 | 0 | 1 | 1 | 0 | 0 | 0 | 0 | 1 | camera | Land_House_2W03 | -0.824333 | 0 | -0.566105 | -
SCRIPT       : DATA_LOG | 821199 | aRapBi1cCZPZAGLIDny3dk3hQ8vTmNTLHRl8zxmKgQ0= | 12152 | 99.8201 | 13780.9 | -0.824333 | -0.566105 | 0 | AKM | 0 | 138.297 | 5.39856 | 0 | 1 | 1 | 0 | 0 | 0 | 0 | 1 | camera | Land_House_2W03 | -0.824333 | 0 | -0.566105 | 
SCRIPT       : DATA_LOG | 822200 | aRapBi1cCZPZAGLIDny3dk3hQ8vTmNTLHRl8zxmKgQ0= | 12152 | 99.8201 | 13780.9 | -0.824333 | -0.566105 | 0 | AKM | 0 | 138.357 | 5.4045 | 0 | 1 | 1 | 0 | 0 | 0 | 0 | 1 | camera | Land_House_2W03 | -0.824333 | 0 | -0.566105 | -
SCRIPT       : DATA_LOG | 823201 | aRapBi1cCZPZAGLIDny3dk3hQ8vTmNTLHRl8zxmKgQ0= | 12152 | 99.8201 | 13780.9 | -0.824333 | -0.566105 | 0 | AKM | 0 | 138.347 | 5.40489 | 0 | 1 | 1 | 0 | 0 | 0 | 0 | 1 | camera | Land_House_2W03 | -0.824333 | 0 | -0.566105 | 
SCRIPT       : DATA_LOG | 824202 | aRapBi1cCZPZAGLIDny3dk3hQ8vTmNTLHRl8zxmKgQ0= | 12152 | 99.8201 | 13780.9 | -0.824333 | -0.566105 | 0 | AKM | 0 | 138.309 | 5.40154 | 0 | 1 | 1 | 0 | 0 | 0 | 0 | 1 | camera | Land_House_2W03 | -0.824333 | 0 | -0.566105 | 
SCRIPT       : DATA_LOG | 825203 | aRapBi1cCZPZAGLIDny3dk3hQ8vTmNTLHRl8zxmKgQ0= | 12152 | 99.8201 | 13780.9 | -0.824333 | -0.566105 | 0 | AKM | 0 | 138.354 | 5.40372 | 0 | 1 | 1 | 0 | 0 | 0 | 0 | 1 | camera | Land_House_2W03 | -0.824333 | 0 | -0.566105 | 
SCRIPT       : DATA_LOG | 826205 | aRapBi1cCZPZAGLIDny3dk3hQ8vTmNTLHRl8zxmKgQ0= | 12152 | 99.8201 | 13780.9 | -0.824333 | -0.566105 | 0 | AKM | 0 | 138.238 | 5.39289 | 0 | 1 | 1 | 0 | 0 | 0 | 0 | 1 | camera | Land_House_2W03 | -0.824333 | 0 | -0.566105 | 
SCRIPT       : DATA_LOG | 827204 | aRapBi1cCZPZAGLIDny3dk3hQ8vTmNTLHRl8zxmKgQ0= | 12152 | 99.8201 | 13780.9 | -0.824333 | -0.566105 | 0 | AKM | 0 | 138.342 | 5.4032 | 0 | 1 | 1 | 0 | 0 | 0 | 0 | 1 | camera | Land_House_2W03 | -0.824333 | 0 | -0.566105 | -
SCRIPT       : DATA_LOG | 828207 | aRapBi1cCZPZAGLIDny3dk3hQ8vTmNTLHRl8zxmKgQ0= | 12152 | 99.8201 | 13780.9 | -0.824333 | -0.566105 | 0 | AKM | 0 | 138.303 | 5.39886 | 0 | 1 | 1 | 0 | 0 | 0 | 0 | 1 | camera | Land_House_2W03 | -0.824333 | 0 | -0.566105 | 
SCRIPT       : DATA_LOG | 829207 | aRapBi1cCZPZAGLIDny3dk3hQ8vTmNTLHRl8zxmKgQ0= | 12152 | 99.8201 | 13780.9 | -0.824333 | -0.566105 | 0 | AKM | 0 | 138.35 | 5.40431 | 0 | 1 | 1 | 0 | 0 | 0 | 0 | 1 | camera | Land_House_2W03 | -0.824333 | 0 | -0.566105 | -
SCRIPT       : DATA_LOG | 830207 | aRapBi1cCZPZAGLIDny3dk3hQ8vTmNTLHRl8zxmKgQ0= | 12152 | 99.8201 | 13780.9 | -0.824333 | -0.566105 | 0 | AKM | 0 | 138.357 | 5.40584 | 0 | 1 | 1 | 0 | 0 | 0 | 0 | 1 | camera | Land_House_2W03 | -0.824333 | 0 | -0.566105 | 
SCRIPT       : DATA_LOG | 831210 | aRapBi1cCZPZAGLIDny3dk3hQ8vTmNTLHRl8zxmKgQ0= | 12152 | 99.8201 | 13780.9 | -0.824333 | -0.566105 | 0 | AKM | 0 | 138.295 | 5.40008 | 0 | 1 | 1 | 0 | 0 | 0 | 0 | 1 | camera | Land_House_2W03 | -0.824333 | 0 | -0.566105 | 
SCRIPT       : DATA_LOG | 832209 | aRapBi1cCZPZAGLIDny3dk3hQ8vTmNTLHRl8zxmKgQ0= | 12152 | 99.8201 | 13780.9 | -0.824333 | -0.566105 | 0 | AKM | 0 | 138.365 | 5.40534 | 0 | 1 | 1 | 0 | 0 | 0 | 0 | 1 | camera | Land_House_2W03 | -0.824333 | 0 | -0.566105 | 
SCRIPT       : DATA_LOG | 833221 | aRapBi1cCZPZAGLIDny3dk3hQ8vTmNTLHRl8zxmKgQ0= | 12152 | 99.8201 | 13780.9 | -0.824333 | -0.566105 | 0 | AKM | 0 | 138.234 | 5.39218 | 0 | 1 | 1 | 0 | 0 | 0 | 0 | 1 | camera | Land_House_2W03 | -0.824333 | 0 | -0.566105 | 
SCRIPT       : DATA_LOG | 834211 | aRapBi1cCZPZAGLIDny3dk3hQ8vTmNTLHRl8zxmKgQ0= | 12152 | 99.8201 | 13780.9 | -0.824333 | -0.566105 | 0 | AKM | 0 | 138.325 | 5.40135 | 0 | 1 | 1 | 0 | 0 | 0 | 0 | 1 | camera | Land_House_2W03 | -0.824333 | 0 | -0.566105 | 
SCRIPT       : DATA_LOG | 835213 | aRapBi1cCZPZAGLIDny3dk3hQ8vTmNTLHRl8zxmKgQ0= | 12152 | 99.8201 | 13780.9 | -0.824333 | -0.566105 | 0 | AKM | 0 | 138.315 | 5.40071 | 0 | 1 | 1 | 0 | 0 | 0 | 0 | 1 | camera | Land_House_2W03 | -0.824333 | 0 | -0.566105 | 
SCRIPT       : DATA_LOG | 836214 | aRapBi1cCZPZAGLIDny3dk3hQ8vTmNTLHRl8zxmKgQ0= | 12152 | 99.8201 | 13780.9 | -0.824333 | -0.566105 | 0 | AKM | 0 | 138.341 | 5.40328 | 0 | 1 | 1 | 0 | 0 | 0 | 0 | 1 | camera | Land_House_2W03 | -0.824333 | 0 | -0.566105 | 
SCRIPT       : DATA_LOG | 837215 | aRapBi1cCZPZAGLIDny3dk3hQ8vTmNTLHRl8zxmKgQ0= | 12152 | 99.8201 | 13780.9 | -0.824333 | -0.566105 | 0 | AKM | 0 | 138.363 | 5.40614 | 0 | 1 | 1 | 0 | 0 | 0 | 0 | 1 | camera | Land_House_2W03 | -0.824333 | 0 | -0.566105 | 
SCRIPT       : DATA_LOG | 838216 | aRapBi1cCZPZAGLIDny3dk3hQ8vTmNTLHRl8zxmKgQ0= | 12152 | 99.8201 | 13780.9 | -0.824333 | -0.566105 | 0 | AKM | 0 | 138.3 | 5.4004 | 0 | 1 | 1 | 0 | 0 | 0 | 0 | 1 | camera | Land_House_2W03 | -0.824333 | 0 | -0.566105 | -0.
SCRIPT       : DATA_LOG | 839216 | aRapBi1cCZPZAGLIDny3dk3hQ8vTmNTLHRl8zxmKgQ0= | 12152 | 99.8201 | 13780.9 | -0.824333 | -0.566105 | 0 | AKM | 0 | 138.367 | 5.40625 | 0 | 1 | 1 | 0 | 0 | 0 | 0 | 1 | camera | Land_House_2W03 | -0.824333 | 0 | -0.566105 | 
SCRIPT       : DATA_LOG | 840218 | aRapBi1cCZPZAGLIDny3dk3hQ8vTmNTLHRl8zxmKgQ0= | 12152 | 99.8201 | 13780.9 | -0.824333 | -0.566105 | 0 | AKM | 0 | 138.248 | 5.39351 | 0 | 1 | 1 | 0 | 0 | 0 | 0 | 1 | camera | Land_House_2W03 | -0.824333 | 0 | -0.566105 | 
SCRIPT       : DATA_LOG | 841220 | aRapBi1cCZPZAGLIDny3dk3hQ8vTmNTLHRl8zxmKgQ0= | 12152 | 99.8201 | 13780.9 | -0.824333 | -0.566105 | 0 | AKM | 0 | 138.308 | 5.39952 | 0 | 1 | 1 | 0 | 0 | 0 | 0 | 1 | camera | Land_House_2W03 | -0.824333 | 0 | -0.566105 | 
SCRIPT       : DATA_LOG | 842220 | aRapBi1cCZPZAGLIDny3dk3hQ8vTmNTLHRl8zxmKgQ0= | 12152 | 99.8201 | 13780.9 | -0.824333 | -0.566105 | 0 | AKM | 0 | 138.328 | 5.40218 | 0 | 1 | 1 | 0 | 0 | 0 | 0 | 1 | camera | Land_House_2W03 | -0.824333 | 0 | -0.566105 | 
SCRIPT       : DATA_LOG | 843228 | aRapBi1cCZPZAGLIDny3dk3hQ8vTmNTLHRl8zxmKgQ0= | 12152 | 99.8201 | 13780.9 | -0.824333 | -0.566105 | 0 | AKM | 0 | 138.327 | 5.40157 | 0 | 1 | 1 | 0 | 0 | 0 | 0 | 1 | camera | Land_House_2W03 | -0.824333 | 0 | -0.566105 | 
SCRIPT       : DATA_LOG | 844223 | aRapBi1cCZPZAGLIDny3dk3hQ8vTmNTLHRl8zxmKgQ0= | 12152 | 99.8201 | 13780.9 | -0.824333 | -0.566105 | 0 | AKM | 0 | 138.368 | 5.4064 | 0 | 1 | 1 | 0 | 0 | 0 | 0 | 1 | camera | Land_House_2W03 | -0.824333 | 0 | -0.566105 | -
SCRIPT       : DATA_LOG | 845227 | aRapBi1cCZPZAGLIDny3dk3hQ8vTmNTLHRl8zxmKgQ0= | 12152 | 99.8201 | 13780.9 | -0.824333 | -0.566105 | 0 | AKM | 0 | 138.314 | 5.40183 | 0 | 1 | 1 | 0 | 0 | 0 | 0 | 1 | camera | Land_House_2W03 | -0.824333 | 0 | -0.566105 | 
SCRIPT       : DATA_LOG | 846225 | aRapBi1cCZPZAGLIDny3dk3hQ8vTmNTLHRl8zxmKgQ0= | 12152 | 99.8201 | 13780.9 | -0.824333 | -0.566105 | 0 | AKM | 0 | 138.362 | 5.40597 | 0 | 1 | 1 | 0 | 0 | 0 | 0 | 1 | camera | Land_House_2W03 | -0.824333 | 0 | -0.566105 | 
SCRIPT       : DATA_LOG | 847228 | aRapBi1cCZPZAGLIDny3dk3hQ8vTmNTLHRl8zxmKgQ0= | 12152 | 99.8201 | 13780.9 | -0.824333 | -0.566105 | 0 | AKM | 0 | 138.277 | 5.39587 | 0 | 1 | 1 | 0 | 0 | 0 | 0 | 1 | camera | Land_House_2W03 | -0.824333 | 0 | -0.566105 | 
SCRIPT       : DATA_LOG | 848226 | aRapBi1cCZPZAGLIDny3dk3hQ8vTmNTLHRl8zxmKgQ0= | 12152 | 99.8201 | 13780.9 | -0.824333 | -0.566105 | 0 | AKM | 0 | 138.28 | 5.39673 | 0 | 1 | 1 | 0 | 0 | 0 | 0 | 1 | camera | Land_House_2W03 | -0.824333 | 0 | -0.566105 | -
SCRIPT       : DATA_LOG | 849233 | aRapBi1cCZPZAGLIDny3dk3hQ8vTmNTLHRl8zxmKgQ0= | 12152 | 99.8201 | 13780.9 | -0.824333 | -0.566105 | 0 | AKM | 0 | 138.346 | 5.40397 | 0 | 1 | 1 | 0 | 0 | 0 | 0 | 1 | camera | Land_House_2W03 | -0.824333 | 0 | -0.566105 | 
SCRIPT       : DATA_LOG | 850231 | aRapBi1cCZPZAGLIDny3dk3hQ8vTmNTLHRl8zxmKgQ0= | 12152 | 99.8201 | 13780.9 | -0.824333 | -0.566105 | 0 | AKM | 0 | 138.311 | 5.39997 | 0 | 1 | 1 | 0 | 0 | 0 | 0 | 1 | camera | Land_House_2W03 | -0.824333 | 0 | -0.566105 | 
SCRIPT       : DATA_LOG | 851230 | aRapBi1cCZPZAGLIDny3dk3hQ8vTmNTLHRl8zxmKgQ0= | 12152 | 99.8201 | 13780.9 | -0.824333 | -0.566105 | 0 | AKM | 0 | 138.37 | 5.40596 | 0 | 1 | 1 | 0 | 0 | 0 | 0 | 1 | camera | Land_House_2W03 | -0.824333 | 0 | -0.566105 | -
SCRIPT       : DATA_LOG | 852239 | aRapBi1cCZPZAGLIDny3dk3hQ8vTmNTLHRl8zxmKgQ0= | 12152 | 99.8201 | 13780.9 | -0.824333 | -0.566105 | 0 | AKM | 0 | 138.327 | 5.40329 | 0 | 1 | 1 | 0 | 0 | 0 | 0 | 1 | camera | Land_House_2W03 | -0.824333 | 0 | -0.566105 | 
SCRIPT       : DATA_LOG | 853233 | aRapBi1cCZPZAGLIDny3dk3hQ8vTmNTLHRl8zxmKgQ0= | 12152 | 99.8201 | 13780.9 | -0.824333 | -0.566105 | 0 | AKM | 0 | 138.351 | 5.40569 | 0 | 1 | 1 | 0 | 0 | 0 | 0 | 1 | camera | Land_House_2W03 | -0.824333 | 0 | -0.566105 | 
SCRIPT       : DATA_LOG | 854239 | aRapBi1cCZPZAGLIDny3dk3hQ8vTmNTLHRl8zxmKgQ0= | 12152 | 99.8201 | 13780.9 | -0.824333 | -0.566105 | 0 | AKM | 0 | 138.301 | 5.39796 | 0 | 1 | 1 | 0 | 0 | 0 | 0 | 1 | camera | Land_House_2W03 | -0.824333 | 0 | -0.566105 | 
SCRIPT       : DATA_LOG | 855233 | aRapBi1cCZPZAGLIDny3dk3hQ8vTmNTLHRl8zxmKgQ0= | 12152 | 99.8201 | 13780.9 | -0.824333 | -0.566105 | 0 | AKM | 0 | 138.266 | 5.39569 | 0 | 1 | 1 | 0 | 0 | 0 | 0 | 1 | camera | Land_House_2W03 | -0.824333 | 0 | -0.566105 | 
SCRIPT       : DATA_LOG | 856235 | aRapBi1cCZPZAGLIDny3dk3hQ8vTmNTLHRl8zxmKgQ0= | 12152 | 99.8201 | 13780.9 | -0.824333 | -0.566105 | 0 | AKM | 0 | 138.35 | 5.4044 | 0 | 1 | 1 | 0 | 0 | 0 | 0 | 1 | camera | Land_House_2W03 | -0.824333 | 0 | -0.566105 | -0
SCRIPT       : DATA_LOG | 857242 | aRapBi1cCZPZAGLIDny3dk3hQ8vTmNTLHRl8zxmKgQ0= | 12152 | 99.8201 | 13780.9 | -0.824333 | -0.566105 | 0 | AKM | 0 | 138.302 | 5.39891 | 0 | 1 | 1 | 0 | 0 | 0 | 0 | 1 | camera | Land_House_2W03 | -0.824333 | 0 | -0.566105 | 
SCRIPT       : DATA_LOG | 858236 | aRapBi1cCZPZAGLIDny3dk3hQ8vTmNTLHRl8zxmKgQ0= | 12152 | 99.8201 | 13780.9 | -0.824333 | -0.566105 | 0 | AKM | 0 | 138.365 | 5.40559 | 0 | 1 | 1 | 0 | 0 | 0 | 0 | 1 | camera | Land_House_2W03 | -0.824333 | 0 | -0.566105 | 
SCRIPT       : DATA_LOG | 859243 | aRapBi1cCZPZAGLIDny3dk3hQ8vTmNTLHRl8zxmKgQ0= | 12152 | 99.8201 | 13780.9 | -0.824333 | -0.566105 | 0 | AKM | 0 | 138.336 | 5.40397 | 0 | 1 | 1 | 0 | 0 | 0 | 0 | 1 | camera | Land_House_2W03 | -0.824333 | 0 | -0.566105 | 
SCRIPT       : DATA_LOG | 860241 | aRapBi1cCZPZAGLIDny3dk3hQ8vTmNTLHRl8zxmKgQ0= | 12152 | 99.8201 | 13780.9 | -0.824333 | -0.566105 | 0 | AKM | 0 | 138.338 | 5.40455 | 0 | 1 | 1 | 0 | 0 | 0 | 0 | 1 | camera | Land_House_2W03 | -0.824333 | 0 | -0.566105 | 
SCRIPT       : DATA_LOG | 861239 | aRapBi1cCZPZAGLIDny3dk3hQ8vTmNTLHRl8zxmKgQ0= | 12152 | 99.8201 | 13780.9 | -0.824333 | -0.566105 | 0 | AKM | 0 | 138.327 | 5.40081 | 0 | 1 | 1 | 0 | 0 | 0 | 0 | 1 | camera | Land_House_2W03 | -0.824333 | 0 | -0.566105 | 
SCRIPT       : DATA_LOG | 862240 | aRapBi1cCZPZAGLIDny3dk3hQ8vTmNTLHRl8zxmKgQ0= | 12152 | 99.8201 | 13780.9 | -0.824333 | -0.566105 | 0 | AKM | 0 | 138.252 | 5.39428 | 0 | 1 | 1 | 0 | 0 | 0 | 0 | 1 | camera | Land_House_2W03 | -0.824333 | 0 | -0.566105 | 
SCRIPT       : DATA_LOG | 863247 | aRapBi1cCZPZAGLIDny3dk3hQ8vTmNTLHRl8zxmKgQ0= | 12152 | 99.8201 | 13780.9 | -0.824333 | -0.566105 | 0 | AKM | 0 | 138.35 | 5.40436 | 0 | 1 | 1 | 0 | 0 | 0 | 0 | 1 | camera | Land_House_2W03 | -0.824333 | 0 | -0.566105 | -
SCRIPT       : DATA_LOG | 864246 | aRapBi1cCZPZAGLIDny3dk3hQ8vTmNTLHRl8zxmKgQ0= | 12152 | 99.8201 | 13780.9 | -0.824333 | -0.566105 | 0 | AKM | 0 | 138.297 | 5.39856 | 0 | 1 | 1 | 0 | 0 | 0 | 0 | 1 | camera | Land_House_2W03 | -0.824333 | 0 | -0.566105 | 
SCRIPT       : DATA_LOG | 865248 | aRapBi1cCZPZAGLIDny3dk3hQ8vTmNTLHRl8zxmKgQ0= | 12152 | 99.8201 | 13780.9 | -0.824333 | -0.566105 | 0 | AKM | 0 | 138.361 | 5.40521 | 0 | 1 | 1 | 0 | 0 | 0 | 0 | 1 | camera | Land_House_2W03 | -0.824333 | 0 | -0.566105 | 
SCRIPT       : DATA_LOG | 866251 | aRapBi1cCZPZAGLIDny3dk3hQ8vTmNTLHRl8zxmKgQ0= | 12152 | 99.8201 | 13780.9 | -0.824333 | -0.566105 | 0 | AKM | 0 | 138.347 | 5.40489 | 0 | 1 | 1 | 0 | 0 | 0 | 0 | 1 | camera | Land_House_2W03 | -0.824333 | 0 | -0.566105 | 
SCRIPT       : DATA_LOG | 867246 | aRapBi1cCZPZAGLIDny3dk3hQ8vTmNTLHRl8zxmKgQ0= | 12152 | 99.8201 | 13780.9 | -0.824333 | -0.566105 | 0 | AKM | 0 | 138.314 | 5.40185 | 0 | 1 | 1 | 0 | 0 | 0 | 0 | 1 | camera | Land_House_2W03 | -0.824333 | 0 | -0.566105 | 
SCRIPT       : DATA_LOG | 868248 | aRapBi1cCZPZAGLIDny3dk3hQ8vTmNTLHRl8zxmKgQ0= | 12152 | 99.8201 | 13780.9 | -0.824333 | -0.566105 | 0 | AKM | 0 | 138.349 | 5.40339 | 0 | 1 | 1 | 0 | 0 | 0 | 0 | 1 | camera | Land_House_2W03 | -0.824333 | 0 | -0.566105 | 
SCRIPT       : DATA_LOG | 869249 | aRapBi1cCZPZAGLIDny3dk3hQ8vTmNTLHRl8zxmKgQ0= | 12152 | 99.8201 | 13780.9 | -0.824333 | -0.566105 | 0 | AKM | 0 | 138.238 | 5.39292 | 0 | 1 | 1 | 0 | 0 | 0 | 0 | 1 | camera | Land_House_2W03 | -0.824333 | 0 | -0.566105 | 
SCRIPT       : DATA_LOG | 870248 | aRapBi1cCZPZAGLIDny3dk3hQ8vTmNTLHRl8zxmKgQ0= | 12152 | 99.8201 | 13780.9 | -0.824333 | -0.566105 | 0 | AKM | 0 | 138.342 | 5.40327 | 0 | 1 | 1 | 0 | 0 | 0 | 0 | 1 | camera | Land_House_2W03 | -0.824333 | 0 | -0.566105 | 
SCRIPT       : DATA_LOG | 871249 | aRapBi1cCZPZAGLIDny3dk3hQ8vTmNTLHRl8zxmKgQ0= | 12152 | 99.8201 | 13780.9 | -0.824333 | -0.566105 | 0 | AKM | 0 | 138.298 | 5.39855 | 0 | 1 | 1 | 0 | 0 | 0 | 0 | 1 | camera | Land_House_2W03 | -0.824333 | 0 | -0.566105 | 
SCRIPT       : DATA_LOG | 872256 | aRapBi1cCZPZAGLIDny3dk3hQ8vTmNTLHRl8zxmKgQ0= | 12152 | 99.8201 | 13780.9 | -0.824333 | -0.566105 | 0 | AKM | 0 | 138.356 | 5.40456 | 0 | 1 | 1 | 0 | 0 | 0 | 0 | 1 | camera | Land_House_2W03 | -0.824333 | 0 | -0.566105 | 
SCRIPT       : DATA_LOG | 873254 | aRapBi1cCZPZAGLIDny3dk3hQ8vTmNTLHRl8zxmKgQ0= | 12152 | 99.8201 | 13780.9 | -0.824333 | -0.566105 | 0 | AKM | 0 | 138.357 | 5.40585 | 0 | 1 | 1 | 0 | 0 | 0 | 0 | 1 | camera | Land_House_2W03 | -0.824333 | 0 | -0.566105 | 
SCRIPT       : DATA_LOG | 874256 | aRapBi1cCZPZAGLIDny3dk3hQ8vTmNTLHRl8zxmKgQ0= | 12152 | 99.8201 | 13780.9 | -0.824333 | -0.566105 | 0 | AKM | 0 | 138.305 | 5.40109 | 0 | 1 | 1 | 0 | 0 | 0 | 0 | 1 | camera | Land_House_2W03 | -0.824333 | 0 | -0.566105 | 
SCRIPT       : DATA_LOG | 875254 | aRapBi1cCZPZAGLIDny3dk3hQ8vTmNTLHRl8zxmKgQ0= | 12152 | 99.8201 | 13780.9 | -0.824333 | -0.566105 | 0 | AKM | 0 | 138.361 | 5.40496 | 0 | 1 | 1 | 0 | 0 | 0 | 0 | 1 | camera | Land_House_2W03 | -0.824333 | 0 | -0.566105 | 
SCRIPT       : DATA_LOG | 876263 | aRapBi1cCZPZAGLIDny3dk3hQ8vTmNTLHRl8zxmKgQ0= | 12152 | 99.8201 | 13780.9 | -0.824333 | -0.566105 | 0 | AKM | 0 | 138.238 | 5.39287 | 0 | 1 | 1 | 0 | 0 | 0 | 0 | 1 | camera | Land_House_2W03 | -0.824333 | 0 | -0.566105 | 
SCRIPT       : DATA_LOG | 877259 | aRapBi1cCZPZAGLIDny3dk3hQ8vTmNTLHRl8zxmKgQ0= | 12152 | 99.8201 | 13780.9 | -0.824333 | -0.566105 | 0 | AKM | 0 | 138.329 | 5.40173 | 0 | 1 | 1 | 0 | 0 | 0 | 0 | 1 | camera | Land_House_2W03 | -0.824333 | 0 | -0.566105 | 
SCRIPT       : DATA_LOG | 878257 | aRapBi1cCZPZAGLIDny3dk3hQ8vTmNTLHRl8zxmKgQ0= | 12152 | 99.8201 | 13780.9 | -0.824333 | -0.566105 | 0 | AKM | 0 | 138.311 | 5.39994 | 0 | 1 | 1 | 0 | 0 | 0 | 0 | 1 | camera | Land_House_2W03 | -0.824333 | 0 | -0.566105 | 
SCRIPT       : DATA_LOG | 879263 | aRapBi1cCZPZAGLIDny3dk3hQ8vTmNTLHRl8zxmKgQ0= | 12152 | 99.8201 | 13780.9 | -0.824333 | -0.566105 | 0 | AKM | 0 | 138.341 | 5.40329 | 0 | 1 | 1 | 0 | 0 | 0 | 0 | 1 | camera | Land_House_2W03 | -0.824333 | 0 | -0.566105 | 
SCRIPT       : DATA_LOG | 880258 | aRapBi1cCZPZAGLIDny3dk3hQ8vTmNTLHRl8zxmKgQ0= | 12152 | 99.8201 | 13780.9 | -0.824333 | -0.566105 | 0 | AKM | 0 | 138.363 | 5.40614 | 0 | 1 | 1 | 0 | 0 | 0 | 0 | 1 | camera | Land_House_2W03 | -0.824333 | 0 | -0.566105 | 
SCRIPT       : DATA_LOG | 881259 | aRapBi1cCZPZAGLIDny3dk3hQ8vTmNTLHRl8zxmKgQ0= | 12152 | 99.8201 | 13780.9 | -0.824333 | -0.566105 | 0 | AKM | 0 | 138.301 | 5.40039 | 0 | 1 | 1 | 0 | 0 | 0 | 0 | 1 | camera | Land_House_2W03 | -0.824333 | 0 | -0.566105 | 
SCRIPT       : DATA_LOG | 882264 | aRapBi1cCZPZAGLIDny3dk3hQ8vTmNTLHRl8zxmKgQ0= | 12152 | 99.8201 | 13780.9 | -0.824333 | -0.566105 | 0 | AKM | 0 | 138.368 | 5.40582 | 0 | 1 | 1 | 0 | 0 | 0 | 0 | 1 | camera | Land_House_2W03 | -0.824333 | 0 | -0.566105 | 
SCRIPT       : DATA_LOG | 883264 | aRapBi1cCZPZAGLIDny3dk3hQ8vTmNTLHRl8zxmKgQ0= | 12152 | 99.8201 | 13780.9 | -0.824333 | -0.566105 | 0 | AKM | 0 | 138.249 | 5.39349 | 0 | 1 | 1 | 0 | 0 | 0 | 0 | 1 | camera | Land_House_2W03 | -0.824333 | 0 | -0.566105 | 
SCRIPT       : DATA_LOG | 884263 | aRapBi1cCZPZAGLIDny3dk3hQ8vTmNTLHRl8zxmKgQ0= | 12152 | 99.8201 | 13780.9 | -0.824333 | -0.566105 | 0 | AKM | 0 | 138.307 | 5.39955 | 0 | 1 | 1 | 0 | 0 | 0 | 0 | 1 | camera | Land_House_2W03 | -0.824333 | 0 | -0.566105 | 
SCRIPT       : DATA_LOG | 885266 | aRapBi1cCZPZAGLIDny3dk3hQ8vTmNTLHRl8zxmKgQ0= | 12152 | 99.8201 | 13780.9 | -0.824333 | -0.566105 | 0 | AKM | 0 | 138.328 | 5.40215 | 0 | 1 | 1 | 0 | 0 | 0 | 0 | 1 | camera | Land_House_2W03 | -0.824333 | 0 | -0.566105 | 
SCRIPT       : DATA_LOG | 886269 | aRapBi1cCZPZAGLIDny3dk3hQ8vTmNTLHRl8zxmKgQ0= | 12152 | 99.8201 | 13780.9 | -0.824333 | -0.566105 | 0 | AKM | 0 | 138.327 | 5.40157 | 0 | 1 | 1 | 0 | 0 | 0 | 0 | 1 | camera | Land_House_2W03 | -0.824333 | 0 | -0.566105 | 
SCRIPT       : DATA_LOG | 887266 | aRapBi1cCZPZAGLIDny3dk3hQ8vTmNTLHRl8zxmKgQ0= | 12152 | 99.8201 | 13780.9 | -0.824333 | -0.566105 | 0 | AKM | 0 | 138.368 | 5.4064 | 0 | 1 | 1 | 0 | 0 | 0 | 0 | 1 | camera | Land_House_2W03 | -0.824333 | 0 | -0.566105 | -
SCRIPT       : DATA_LOG | 888269 | aRapBi1cCZPZAGLIDny3dk3hQ8vTmNTLHRl8zxmKgQ0= | 12152 | 99.8201 | 13780.9 | -0.824333 | -0.566105 | 0 | AKM | 0 | 138.304 | 5.40084 | 0 | 1 | 1 | 0 | 0 | 0 | 0 | 1 | camera | Land_House_2W03 | -0.824333 | 0 | -0.566105 | 
SCRIPT       : DATA_LOG | 889269 | aRapBi1cCZPZAGLIDny3dk3hQ8vTmNTLHRl8zxmKgQ0= | 12152 | 99.8201 | 13780.9 | -0.824333 | -0.566105 | 0 | AKM | 0 | 138.361 | 5.40598 | 0 | 1 | 1 | 0 | 0 | 0 | 0 | 1 | camera | Land_House_2W03 | -0.824333 | 0 | -0.566105 | 
SCRIPT       : DATA_LOG | 890270 | aRapBi1cCZPZAGLIDny3dk3hQ8vTmNTLHRl8zxmKgQ0= | 12152 | 99.8201 | 13780.9 | -0.824333 | -0.566105 | 0 | AKM | 0 | 138.272 | 5.39556 | 0 | 1 | 1 | 0 | 0 | 0 | 0 | 1 | camera | Land_House_2W03 | -0.824333 | 0 | -0.566105 | 
SCRIPT       : DATA_LOG | 891271 | aRapBi1cCZPZAGLIDny3dk3hQ8vTmNTLHRl8zxmKgQ0= | 12152 | 99.8201 | 13780.9 | -0.824333 | -0.566105 | 0 | AKM | 0 | 138.29 | 5.39773 | 0 | 1 | 1 | 0 | 0 | 0 | 0 | 1 | camera | Land_House_2W03 | -0.824333 | 0 | -0.566105 | -
SCRIPT       : DATA_LOG | 892271 | aRapBi1cCZPZAGLIDny3dk3hQ8vTmNTLHRl8zxmKgQ0= | 12152 | 99.8201 | 13780.9 | -0.824333 | -0.566105 | 0 | AKM | 0 | 138.341 | 5.40368 | 0 | 1 | 1 | 0 | 0 | 0 | 0 | 1 | camera | Land_House_2W03 | -0.824333 | 0 | -0.566105 | 
SCRIPT       : DATA_LOG | 893272 | aRapBi1cCZPZAGLIDny3dk3hQ8vTmNTLHRl8zxmKgQ0= | 12152 | 99.8201 | 13780.9 | -0.824333 | -0.566105 | 0 | AKM | 0 | 138.311 | 5.39997 | 0 | 1 | 1 | 0 | 0 | 0 | 0 | 1 | camera | Land_House_2W03 | -0.824333 | 0 | -0.566105 | 
SCRIPT       : DATA_LOG | 894276 | aRapBi1cCZPZAGLIDny3dk3hQ8vTmNTLHRl8zxmKgQ0= | 12152 | 99.8201 | 13780.9 | -0.824333 | -0.566105 | 0 | AKM | 0 | 138.37 | 5.40596 | 0 | 1 | 1 | 0 | 0 | 0 | 0 | 1 | camera | Land_House_2W03 | -0.824333 | 0 | -0.566105 | -
SCRIPT       : DATA_LOG | 895273 | aRapBi1cCZPZAGLIDny3dk3hQ8vTmNTLHRl8zxmKgQ0= | 12152 | 99.8201 | 13780.9 | -0.824333 | -0.566105 | 0 | AKM | 0 | 138.317 | 5.40229 | 0 | 1 | 1 | 0 | 0 | 0 | 0 | 1 | camera | Land_House_2W03 | -0.824333 | 0 | -0.566105 | 
SCRIPT       : DATA_LOG | 896274 | aRapBi1cCZPZAGLIDny3dk3hQ8vTmNTLHRl8zxmKgQ0= | 12152 | 99.8201 | 13780.9 | -0.824333 | -0.566105 | 0 | AKM | 0 | 138.352 | 5.4053 | 0 | 1 | 1 | 0 | 0 | 0 | 0 | 1 | camera | Land_House_2W03 | -0.824333 | 0 | -0.566105 | -
SCRIPT       : DATA_LOG | 897277 | aRapBi1cCZPZAGLIDny3dk3hQ8vTmNTLHRl8zxmKgQ0= | 12152 | 99.8201 | 13780.9 | -0.824333 | -0.566105 | 0 | AKM | 0 | 138.301 | 5.39793 | 0 | 1 | 1 | 0 | 0 | 0 | 0 | 1 | camera | Land_House_2W03 | -0.824333 | 0 | -0.566105 | 
SCRIPT       : DATA_LOG | 898277 | aRapBi1cCZPZAGLIDny3dk3hQ8vTmNTLHRl8zxmKgQ0= | 12152 | 99.8201 | 13780.9 | -0.824333 | -0.566105 | 0 | AKM | 0 | 138.266 | 5.39571 | 0 | 1 | 1 | 0 | 0 | 0 | 0 | 1 | camera | Land_House_2W03 | -0.824333 | 0 | -0.566105 | 
SCRIPT       : DATA_LOG | 899279 | aRapBi1cCZPZAGLIDny3dk3hQ8vTmNTLHRl8zxmKgQ0= | 12152 | 99.8201 | 13780.9 | -0.824333 | -0.566105 | 0 | AKM | 0 | 138.35 | 5.40439 | 0 | 1 | 1 | 0 | 0 | 0 | 0 | 1 | camera | Land_House_2W03 | -0.824333 | 0 | -0.566105 | -
SCRIPT       : DATA_LOG | 900279 | aRapBi1cCZPZAGLIDny3dk3hQ8vTmNTLHRl8zxmKgQ0= | 12152 | 99.8201 | 13780.9 | -0.824333 | -0.566105 | 0 | AKM | 0 | 138.302 | 5.39892 | 0 | 1 | 1 | 0 | 0 | 0 | 0 | 1 | camera | Land_House_2W03 | -0.824333 | 0 | -0.566105 | 
SCRIPT       : DATA_LOG | 901283 | aRapBi1cCZPZAGLIDny3dk3hQ8vTmNTLHRl8zxmKgQ0= | 12152 | 99.8201 | 13780.9 | -0.824333 | -0.566105 | 0 | AKM | 0 | 138.365 | 5.4056 | 0 | 1 | 1 | 0 | 0 | 0 | 0 | 1 | camera | Land_House_2W03 | -0.824333 | 0 | -0.566105 | -
SCRIPT       : DATA_LOG | 902282 | aRapBi1cCZPZAGLIDny3dk3hQ8vTmNTLHRl8zxmKgQ0= | 12151.1 | 99.8201 | 13780.2 | -0.761672 | -0.647963 | 0 | AKM | 0 | 143.398 | 6.24017 | 0 | 1 | 1 | 0 | 0 | 0 | 0 | 1 | camera | Land_House_2W03 | -0.761672 | 0 | -0.647963 
SCRIPT       : DATA_LOG | 903282 | aRapBi1cCZPZAGLIDny3dk3hQ8vTmNTLHRl8zxmKgQ0= | 12148.8 | 98.6384 | 13780.2 | -0.393777 | 0.919206 | 0 | AKM | 0 | 95.3045 | 7.69273 | 0 | 1 | 1 | 0 | 0 | 0 | 0 | 1 | camera | Land_House_2W03 | -0.393777 | 0 | 0.919206 | 
SCRIPT       : DATA_LOG | 904285 | aRapBi1cCZPZAGLIDny3dk3hQ8vTmNTLHRl8zxmKgQ0= | 12147.8 | 97.0722 | 13780.9 | -0.370722 | 0.928744 | 1 | AKM | 0 | 100.786 | 8.21448 | 0 | 1 | 1 | 0 | 0 | 0 | 0 | 1 | camera | Land_House_2W03 | -0.370722 | 0 | 0.928744 | 
SCRIPT       : DATA_LOG | 905284 | aRapBi1cCZPZAGLIDny3dk3hQ8vTmNTLHRl8zxmKgQ0= | 12149.2 | 98.8529 | 13780.4 | -0.531505 | 0.847055 | 0 | AKM | 0 | 104.3 | 7.37118 | 0 | 1 | 1 | 0 | 0 | 0 | 0 | 1 | camera | Land_House_2W03 | -0.531505 | 0 | 0.847055 | -0
SCRIPT       : DATA_LOG | 906286 | aRapBi1cCZPZAGLIDny3dk3hQ8vTmNTLHRl8zxmKgQ0= | 12150.4 | 99.8201 | 13779 | -0.104895 | 0.994483 | 0 | AKM | 0 | 66.9914 | 7.26757 | 0 | 1 | 1 | 0 | 0 | 0 | 0 | 1 | camera | Land_House_2W03 | -0.104895 | 0 | 0.994483 | -0
SCRIPT       : DATA_LOG | 907286 | aRapBi1cCZPZAGLIDny3dk3hQ8vTmNTLHRl8zxmKgQ0= | 12151.4 | 99.8201 | 13781.9 | 0.216407 | 0.976303 | 0 | AKM | 0 | 74.5658 | 5.65481 | 0 | 1 | 1 | 0 | 0 | 0 | 0 | 1 | camera | Land_House_2W03 | 0.216407 | 0 | 0.976303 | 0.
SCRIPT       : DATA_LOG | 908293 | aRapBi1cCZPZAGLIDny3dk3hQ8vTmNTLHRl8zxmKgQ0= | 12149.9 | 99.8201 | 13785.1 | 0.234558 | 0.972102 | 0 | AKM | 0 | 99.2705 | 7.37172 | 0 | 1 | 1 | 0 | 0 | 0 | 0 | 1 | camera | Land_House_2W03 | 0.234558 | 0 | 0.972102 | 0.
SCRIPT       : DATA_LOG | 909291 | aRapBi1cCZPZAGLIDny3dk3hQ8vTmNTLHRl8zxmKgQ0= | 12150.1 | 99.82 | 13787.2 | 0.984483 | -0.175483 | 0 | AKM | 0 | 38.121 | 8.18884 | 0 | 1 | 1 | 0 | 0 | 0 | 0 | 1 | camera | Land_House_2W03 | 0.984483 | 0 | -0.175483 | 0.9
SCRIPT       : DATA_LOG | 910293 | aRapBi1cCZPZAGLIDny3dk3hQ8vTmNTLHRl8zxmKgQ0= | 12150.2 | 99.8201 | 13784.2 | 0.268245 | -0.963351 | 0 | AKM | 0 | 62.4214 | 6.84431 | 0 | 1 | 1 | 0 | 0 | 0 | 0 | 1 | camera | Land_House_2W03 | 0.268245 | 0 | -0.963351 | 
SCRIPT       : DATA_LOG | 911293 | aRapBi1cCZPZAGLIDny3dk3hQ8vTmNTLHRl8zxmKgQ0= | 12151.4 | 99.8201 | 13781.1 | -0.8684 | -0.495865 | 0 | AKM | 0 | 141.216 | 5.77127 | 0 | 1 | 1 | 0 | 0 | 0 | 0 | 1 | camera | Land_House_2W03 | -0.8684 | 0 | -0.495865 | -0
SCRIPT       : DATA_LOG | 912293 | aRapBi1cCZPZAGLIDny3dk3hQ8vTmNTLHRl8zxmKgQ0= | 12148.9 | 98.8978 | 13780.1 | -0.608404 | 0.793627 | 0 | AKM | 0 | 107.244 | 7.70235 | 0 | 1 | 1 | 0 | 0 | 0 | 0 | 1 | camera | Land_House_2W03 | -0.608404 | 0 | 0.793627 | 
SCRIPT       : DATA_LOG | 913294 | aRapBi1cCZPZAGLIDny3dk3hQ8vTmNTLHRl8zxmKgQ0= | 12146.9 | 95.7545 | 13781.5 | -0.381811 | 0.92424 | 0 | AKM | 0 | 106.36 | 8.94446 | 0 | 1 | 1 | 0 | 0 | 0 | 0 | 1 | camera | Land_House_2W03 | -0.381811 | 0 | 0.92424 | -0.
SCRIPT       : DATA_LOG | 914304 | aRapBi1cCZPZAGLIDny3dk3hQ8vTmNTLHRl8zxmKgQ0= | 12146.9 | 95.0051 | 13784.1 | -0.409472 | 0.912323 | 0 | AKM | 0 | 124.113 | 9.13778 | 0 | 1 | 1 | 0 | 0 | 0 | 0 | 1 | camera | Land_House_2W03 | -0.409472 | 0 | 0.912323 | 
SCRIPT       : DATA_LOG | 915298 | aRapBi1cCZPZAGLIDny3dk3hQ8vTmNTLHRl8zxmKgQ0= | 12146.7 | 95.0051 | 13784.7 | -0.872813 | 0.488055 | 0 | AKM | 0 | 162.418 | 9.51068 | 0 | 1 | 1 | 0 | 0 | 0 | 0 | 1 | camera | Land_House_2W03 | -0.872813 | 0 | 0.488055 | 
SCRIPT       : DATA_LOG | 916302 | aRapBi1cCZPZAGLIDny3dk3hQ8vTmNTLHRl8zxmKgQ0= | 12145.3 | 94.8537 | 13786.3 | -0.904824 | -0.425785 | 0 | AKM | 0 | 134.108 | 11.3517 | 0 | 1 | 1 | 0 | 0 | 0 | 0 | 1 | camera | Land_House_2W03 | -0.904824 | 0 | -0.425785 
SCRIPT       : DATA_LOG | 917304 | aRapBi1cCZPZAGLIDny3dk3hQ8vTmNTLHRl8zxmKgQ0= | 12145.2 | 94.8978 | 13786 | -0.678892 | -0.734238 | 0 | AKM | 0 | 113.826 | 11.2977 | 0 | 1 | 1 | 0 | 0 | 0 | 0 | 1 | camera | Land_House_2W03 | -0.678892 | 0 | -0.734238 | 
SCRIPT       : DATA_LOG | 918303 | aRapBi1cCZPZAGLIDny3dk3hQ8vTmNTLHRl8zxmKgQ0= | 12144.5 | 94.7414 | 13786.4 | -0.623335 | -0.781955 | 0 | AKM | 0 | 109.04 | 12.0811 | 0 | 1 | 1 | 0 | 0 | 0 | 0 | 1 | camera | Land_House_2W03 | -0.623335 | 0 | -0.781955 |
SCRIPT       : DATA_LOG | 919312 | aRapBi1cCZPZAGLIDny3dk3hQ8vTmNTLHRl8zxmKgQ0= | 12142.5 | 94.7923 | 13784.6 | -0.64876 | -0.760993 | 1 | AKM | 0 | 121.024 | 13.5844 | 0 | 1 | 1 | 0 | 0 | 0 | 1 | 1 | camera | Land_House_2W03 | -0.64876 | 0 | -0.760993 | 
SCRIPT       : DATA_LOG | 920305 | aRapBi1cCZPZAGLIDny3dk3hQ8vTmNTLHRl8zxmKgQ0= | 12141.9 | 94.8079 | 13783.9 | -0.645496 | -0.763764 | 1 | AKM | 0 | 123.99 | 14.065 | 0 | 1 | 1 | 0 | 0 | 0 | 1 | 1 | camera | Land_House_2W03 | -0.645496 | 0 | -0.763764 | 
SCRIPT       : DATA_LOG | 921306 | aRapBi1cCZPZAGLIDny3dk3hQ8vTmNTLHRl8zxmKgQ0= | 12141.9 | 94.8079 | 13783.9 | -0.645496 | -0.763764 | 1 | AKM | 0 | 123.974 | 14.0645 | 0 | 1 | 1 | 0 | 0 | 0 | 1 | 1 | camera | Land_House_2W03 | -0.645496 | 0 | -0.763764 
SCRIPT       : DATA_LOG | 922308 | aRapBi1cCZPZAGLIDny3dk3hQ8vTmNTLHRl8zxmKgQ0= | 12141.9 | 94.8079 | 13783.9 | -0.645496 | -0.763764 | 1 | AKM | 0 | 123.987 | 14.0681 | 0 | 1 | 1 | 0 | 0 | 0 | 1 | 1 | camera | Land_House_2W03 | -0.645496 | 0 | -0.763764 
SCRIPT       : DATA_LOG | 923307 | aRapBi1cCZPZAGLIDny3dk3hQ8vTmNTLHRl8zxmKgQ0= | 12141.9 | 94.8079 | 13783.9 | -0.645496 | -0.763764 | 1 | AKM | 0 | 123.997 | 14.0708 | 0 | 1 | 1 | 0 | 0 | 0 | 1 | 1 | camera | Land_House_2W03 | -0.645496 | 0 | -0.763764 
SCRIPT       : DATA_LOG | 924311 | aRapBi1cCZPZAGLIDny3dk3hQ8vTmNTLHRl8zxmKgQ0= | 12141.9 | 94.8079 | 13783.9 | -0.645496 | -0.763764 | 1 | AKM | 0 | 123.959 | 14.0679 | 0 | 1 | 1 | 0 | 0 | 0 | 1 | 1 | camera | Land_House_2W03 | -0.645496 | 0 | -0.763764 
SCRIPT       : DATA_LOG | 925312 | aRapBi1cCZPZAGLIDny3dk3hQ8vTmNTLHRl8zxmKgQ0= | 12141.9 | 94.8079 | 13783.9 | -0.645496 | -0.763764 | 0 | AKM | 0 | 124.019 | 14.0662 | 0 | 1 | 1 | 0 | 0 | 0 | 0 | 1 | camera | Land_House_2W03 | -0.645496 | 0 | -0.763764 
SCRIPT       : DATA_LOG | 926314 | aRapBi1cCZPZAGLIDny3dk3hQ8vTmNTLHRl8zxmKgQ0= | 12140.2 | 94.8523 | 13782 | -0.604318 | -0.796744 | 0 | AKM | 0 | 128.613 | 15.6565 | 0 | 1 | 1 | 0 | 0 | 0 | 0 | 1 | camera | Land_House_2W03 | -0.604318 | 0 | -0.796744 | 
SCRIPT       : DATA_LOG | 927314 | aRapBi1cCZPZAGLIDny3dk3hQ8vTmNTLHRl8zxmKgQ0= | 12137.6 | 94.8992 | 13779.8 | -0.0245755 | -0.999698 | 0 | AKM | 0 | 99.7047 | 18.4256 | 0 | 1 | 1 | 0 | 0 | 0 | 0 | 1 | camera | Land_House_2W03 | -0.0245755 | 0 | -0.99969
SCRIPT       : DATA_LOG | 928317 | aRapBi1cCZPZAGLIDny3dk3hQ8vTmNTLHRl8zxmKgQ0= | 12134.6 | 94.7227 | 13779.8 | -0.0182689 | -0.999833 | 0 | AKM | 0 | 98.1295 | 21.3987 | 0 | 1 | 1 | 0 | 0 | 0 | 0 | 1 | camera | Land_House_2W03 | -0.0182689 | 0 | -0.99983
SCRIPT       : DATA_LOG | 929315 | aRapBi1cCZPZAGLIDny3dk3hQ8vTmNTLHRl8zxmKgQ0= | 12131.6 | 94.7424 | 13779.9 | -0.0182689 | -0.999833 | 0 | AKM | 0 | 97.1117 | 24.4107 | 0 | 1 | 1 | 0 | 0 | 0 | 0 | 1 | camera | Land_House_2W03 | -0.0182689 | 0 | -0.99983
SCRIPT       : DATA_LOG | 930317 | aRapBi1cCZPZAGLIDny3dk3hQ8vTmNTLHRl8zxmKgQ0= | 12128.6 | 94.7611 | 13780 | -0.859294 | -0.511482 | 0 | AKM | 0 | 154.157 | 27.4179 | 0 | 1 | 1 | 0 | 0 | 0 | 0 | 1 | camera | Land_House_2W03 | -0.859294 | 0 | -0.511482 | 
SCRIPT       : DATA_LOG | 931319 | aRapBi1cCZPZAGLIDny3dk3hQ8vTmNTLHRl8zxmKgQ0= | 12126.8 | 94.8007 | 13777.8 | -0.814066 | 0.580772 | 0 | AKM | 0 | 135.294 | 29.4685 | 0 | 1 | 1 | 0 | 0 | 0 | 0 | 1 | camera | Land_House_2W03 | -0.814066 | 0 | 0.580772 | 
SCRIPT       : DATA_LOG | 932317 | aRapBi1cCZPZAGLIDny3dk3hQ8vTmNTLHRl8zxmKgQ0= | 12125.7 | 94.8065 | 13778.3 | 0.0456942 | 0.998956 | 0 | AKM | 0 | 79.5465 | 30.4056 | 0 | 1 | 1 | 0 | 0 | 0 | 0 | 1 | camera | Land_House_2W03 | 0.0456942 | 0 | 0.998956 | 
SCRIPT       : DATA_LOG | 933322 | aRapBi1cCZPZAGLIDny3dk3hQ8vTmNTLHRl8zxmKgQ0= | 12125.8 | 94.8011 | 13778.7 | 0.0844775 | 0.996425 | 0 | AKM | 0 | 77.9932 | 30.3139 | 0 | 1 | 1 | 0 | 0 | 0 | 0 | 1 | camera | Land_House_2W03 | 0.0844775 | 0 | 0.996425 | 
SCRIPT       : DATA_LOG | 934506 | aRapBi1cCZPZAGLIDny3dk3hQ8vTmNTLHRl8zxmKgQ0= | 12124.6 | 94.8052 | 13779.4 | -0.76372 | 0.645548 | 0 | AKM | 0 | 134.148 | 31.3543 | 0 | 1 | 1 | 0 | 0 | 0 | 0 | 1 | camera | Land_House_2W03 | -0.76372 | 0 | 0.645548 | -0
SCRIPT       : DATA_LOG | 935322 | aRapBi1cCZPZAGLIDny3dk3hQ8vTmNTLHRl8zxmKgQ0= | 12122.3 | 95.0171 | 13780.2 | -0.991327 | 0.131422 | 0 | AKM | 0 | 168.436 | 33.5724 | 0 | 1 | 1 | 0 | 0 | 0 | 0 | 1 | camera | Land_Wreck_hb02_aban2_blue | -0.991327 | 0 | 
SCRIPT       : DATA_LOG | 936324 | aRapBi1cCZPZAGLIDny3dk3hQ8vTmNTLHRl8zxmKgQ0= | 12118.8 | 95.3767 | 13780.4 | -0.921149 | 0.38921 | 0 | AKM | 0 | 153.846 | 37.0366 | 0 | 1 | 1 | 0 | 0 | 0 | 0 | 1 | camera | Land_Wreck_hb02_aban2_blue | -0.921149 | 0 | 0
SCRIPT       : DATA_LOG | 937326 | aRapBi1cCZPZAGLIDny3dk3hQ8vTmNTLHRl8zxmKgQ0= | 12116.2 | 95.3776 | 13781.5 | -0.910647 | 0.413186 | 0 | AKM | 0 | 154.225 | 39.6115 | 0 | 1 | 1 | 0 | 0 | 0 | 0 | 1 | camera | Land_House_2B04 | -0.910647 | 0 | 0.413186 | 
SCRIPT       : DATA_LOG | 938328 | aRapBi1cCZPZAGLIDny3dk3hQ8vTmNTLHRl8zxmKgQ0= | 12115.7 | 95.3778 | 13782.3 | -0.87033 | 0.492469 | 0 | AKM | 0 | 150.211 | 40.1713 | 0 | 1 | 1 | 0 | 0 | 0 | 0 | 1 | camera | Land_House_2B04 | -0.87033 | 0 | 0.492469 | -0
SCRIPT       : DATA_LOG | 939329 | aRapBi1cCZPZAGLIDny3dk3hQ8vTmNTLHRl8zxmKgQ0= | 12112.6 | 95.3788 | 13784 | -0.846966 | 0.531646 | 0 | AKM | 0 | 149.934 | 43.2541 | 0 | 1 | 1 | 0 | 0 | 0 | 0 | 1 | camera | Land_House_2B04 | -0.846966 | 0 | 0.531646 | -0
SCRIPT       : DATA_LOG | 940346 | aRapBi1cCZPZAGLIDny3dk3hQ8vTmNTLHRl8zxmKgQ0= | 12109.7 | 95.3798 | 13786.2 | -0.84162 | 0.540071 | 0 | AKM | 0 | 151.909 | 46.266 | 0 | 1 | 1 | 0 | 0 | 0 | 0 | 1 | camera | Land_House_2B04 | -0.84162 | 0 | 0.540071 | -0.
SCRIPT       : DATA_LOG | 941331 | aRapBi1cCZPZAGLIDny3dk3hQ8vTmNTLHRl8zxmKgQ0= | 12108.1 | 95.3804 | 13787.2 | -0.84162 | 0.540071 | 0 | AKM | 0 | 152.982 | 47.9602 | 0 | 1 | 1 | 0 | 0 | 0 | 0 | 1 | camera | Land_House_2B04 | -0.84162 | 0 | 0.540071 | -0
SCRIPT       : DATA_LOG | 942330 | aRapBi1cCZPZAGLIDny3dk3hQ8vTmNTLHRl8zxmKgQ0= | 12107.6 | 95.3805 | 13787.2 | -0.768903 | 0.639366 | 0 | AKM | 0 | 145.853 | 48.504 | 0 | 1 | 1 | 0 | 0 | 0 | 0 | 1 | camera | Land_House_2B04 | -0.768903 | 0 | 0.639366 | -
SCRIPT       : DATA_LOG | 943334 | aRapBi1cCZPZAGLIDny3dk3hQ8vTmNTLHRl8zxmKgQ0= | 12107 | 95.3807 | 13787.5 | -0.710349 | 0.703849 | 0 | AKM | 0 | 141.211 | 49.0512 | 0 | 1 | 1 | 0 | 0 | 0 | 0 | 1 | camera | Land_House_2B04 | -0.710349 | -0 | 0.703849 | -
 SCRIPT    (E): Virtual Machine Exception

Reason: NULL pointer to instance. Variable 'PlayerBase' during call 'PlayerBase.GetInventory'

Class:      'CustomMission'
Function: 'EquipCharacter'
Stack trace:
scripts/5_Mission/mission\missionserver.c:519 Function EquipCharacter
scripts/5_Mission/mission\missionserver.c:580 Function OnClientNewEvent
JM/CF/Scripts/5_Mission/communityframework\mission\missionserver.c:146 Function OnClientNewEvent
scripts/5_Mission/mission\missionserver.c:319 Function OnEvent
JM/CF/Scripts/5_Mission/communityframework\mission\missionserver.c:10 Function OnEvent
VPPAdminTools/5_Mission/vppadmintools\missionserver.c:67 Function OnEvent
scripts/3_Game/dayzgame.c:1760 Function OnEvent
JM/CF/Scripts/3_Game/communityframework\game\dayzgame.c:120 Function OnEvent
 SCRIPT       : [VPPAT] Player "Survivor" (steamId=76561198831936218) connected to server!
SCRIPT       : DATA_LOG | 944334 | aRapBi1cCZPZAGLIDny3dk3hQ8vTmNTLHRl8zxmKgQ0= | 12107 | 95.3807 | 13787.5 | 0.967009 | 0.25474 | 0 | AKM | 0 | 20.7408 | 49.0573 | 0 | 1 | 1 | 0 | 0 | 0 | 0 | 1 | camera | Land_House_2B04 | 0.967009 | 0 | 0.25474 | 0.9670
SCRIPT       : DATA_LOG | 945035 | PZGroGt7dzj176WftFBB5rmPE9m3jQ1JfAwZGgteaGg= | 8430.12 | 6.75982 | 3134.18 | -0.00120106 | 0.99364 | 0 | none | -1 | 180 | 0 | 0.1126 | 0 | 0 | 0 | 0 | 0 | 0 | 1 | camera | no_target | -0.00120106 | 0.1126 | 0.99364 | -0
SCRIPT       : DATA_LOG | 945787 | aRapBi1cCZPZAGLIDny3dk3hQ8vTmNTLHRl8zxmKgQ0= | 12109.2 | 95.38 | 13786.3 | 0.763215 | -0.646144 | 0 | AKM | 0 | 35.6057 | 46.7869 | 0 | 1 | 1 | 0 | 0 | 0 | 0 | 1 | camera | Land_House_2B04 | 0.763215 | 0 | -0.646144 | 0.
SCRIPT       : DATA_LOG | 945807 | PZGroGt7dzj176WftFBB5rmPE9m3jQ1JfAwZGgteaGg= | 8430.12 | 6.75982 | 3134.18 | -0.00120106 | 0.99364 | 0 | none | -1 | 180 | 0 | 0.1126 | 0 | 0 | 0 | 0 | 0 | 0 | 1 | camera | no_target | -0.00120106 | 0.1126 | 0.99364 | -0
 SCRIPT       : [Logout]: New player PZGroGt7dzj176WftFBB5rmPE9m3jQ1JfAwZGgteaGg= with logout time 15
 SCRIPT       : Player "Survivor" (steamid=76561198831936218) initiated disconnect process...
SCRIPT       : DATA_LOG | 946788 | aRapBi1cCZPZAGLIDny3dk3hQ8vTmNTLHRl8zxmKgQ0= | 12112.3 | 95.3789 | 13784.8 | 0.762897 | -0.646519 | 0 | AKM | 0 | 37.1509 | 43.6039 | 0 | 1 | 1 | 0 | 0 | 0 | 0 | 1 | camera | Land_House_2B04 | 0.762897 | 0 | -0.646519 | 
SCRIPT       : DATA_LOG | 946807 | PZGroGt7dzj176WftFBB5rmPE9m3jQ1JfAwZGgteaGg= | 8430.12 | 6.78557 | 3134.18 | -0.00120875 | 0.999999 | 0 | none | -1 | 180 | 0 | 0 | 0 | 0 | 0 | 0 | 0 | 0 | 1 | camera | no_target | -0.00120875 | 0 | 0.999999 | -0.0012087
SCRIPT       : DATA_LOG | 947794 | aRapBi1cCZPZAGLIDny3dk3hQ8vTmNTLHRl8zxmKgQ0= | 12114.5 | 95.3782 | 13782.5 | 0.932064 | 0.362293 | 0 | AKM | 0 | 21.3333 | 41.28 | 0 | 1 | 1 | 0 | 0 | 0 | 0 | 1 | camera | Land_House_2B04 | 0.932064 | 0 | 0.362293 | 0.93
SCRIPT       : DATA_LOG | 948797 | aRapBi1cCZPZAGLIDny3dk3hQ8vTmNTLHRl8zxmKgQ0= | 12117.2 | 95.3772 | 13780.8 | 0.872469 | -0.488669 | 0 | AKM | 0 | 31.7558 | 38.642 | 0 | 1 | 1 | 0 | 0 | 0 | 0 | 1 | camera | Land_House_2B04 | 0.872469 | 0 | -0.488669 | 0
SCRIPT       : DATA_LOG | 949796 | aRapBi1cCZPZAGLIDny3dk3hQ8vTmNTLHRl8zxmKgQ0= | 12120.4 | 95.0468 | 13779.9 | 0.745952 | 0.666 | 0 | AKM | 0 | 37.6804 | 35.5213 | 0 | 1 | 1 | 0 | 0 | 0 | 0 | 1 | camera | Land_Wreck_hb02_aban2_blue | 0.745952 | 0 | 0.666
SCRIPT       : DATA_LOG | 950801 | aRapBi1cCZPZAGLIDny3dk3hQ8vTmNTLHRl8zxmKgQ0= | 12123 | 94.8062 | 13782.3 | 0.605334 | 0.795971 | 0 | AKM | 0 | 52.6079 | 32.8197 | 0 | 1 | 1 | 0 | 0 | 0 | 0 | 1 | camera | Land_House_2W03 | 0.605334 | 0 | 0.795971 | 0.60
SCRIPT       : DATA_LOG | 951800 | aRapBi1cCZPZAGLIDny3dk3hQ8vTmNTLHRl8zxmKgQ0= | 12122.4 | 94.7622 | 13785.1 | -0.322881 | 0.94644 | 0 | AKM | 0 | 113.29 | 33.5922 | 0 | 1 | 1 | 0 | 0 | 0 | 0 | 1 | camera | Land_House_2W03 | -0.322881 | 0 | 0.94644 | -0.
SCRIPT       : DATA_LOG | 952810 | aRapBi1cCZPZAGLIDny3dk3hQ8vTmNTLHRl8zxmKgQ0= | 12121.5 | 94.7421 | 13788.1 | -0.841651 | 0.540022 | 0 | AKM | 0 | 156.577 | 34.8714 | 0 | 1 | 1 | 0 | 0 | 0 | 0 | 1 | camera | Land_Wall_Gate_Ind1_R | -0.841651 | 0 | 0.540
SCRIPT       : DATA_LOG | 953807 | aRapBi1cCZPZAGLIDny3dk3hQ8vTmNTLHRl8zxmKgQ0= | 12118.5 | 94.7578 | 13790 | -0.751919 | 0.659255 | 0 | AKM | 0 | 150.171 | 38.1015 | 0 | 1 | 1 | 0 | 0 | 0 | 0 | 1 | camera | Land_Wall_Gate_Ind1_R | -0.751919 | 0 | 0.65925
SCRIPT       : DATA_LOG | 954812 | aRapBi1cCZPZAGLIDny3dk3hQ8vTmNTLHRl8zxmKgQ0= | 12115.7 | 94.778 | 13791.9 | -0.483167 | 0.875528 | 0 | AKM | 0 | 132.124 | 41.2545 | 0 | 1 | 1 | 0 | 0 | 0 | 0 | 1 | camera | Land_House_2B02 | -0.483167 | 0 | 0.875528 | -
SCRIPT       : DATA_LOG | 955853 | aRapBi1cCZPZAGLIDny3dk3hQ8vTmNTLHRl8zxmKgQ0= | 12113.6 | 94.7393 | 13796 | -0.353125 | 0.935576 | 0 | AKM | 0 | 128.498 | 44.3943 | 0 | 1 | 1 | 0 | 0 | 0 | 0 | 1 | camera | Land_House_2B02 | -0.353125 | 0 | 0.935576 | -0
SCRIPT       : DATA_LOG | 956810 | aRapBi1cCZPZAGLIDny3dk3hQ8vTmNTLHRl8zxmKgQ0= | 12110 | 94.748 | 13800.6 | 0.156381 | 0.987697 | 0 | AKM | 0 | 102.548 | 49.2918 | 0 | 1 | 1 | 0 | 0 | 0 | 0 | 1 | camera | Land_House_2B02 | 0.156381 | 0 | 0.987697 | 0.156
SCRIPT       : DATA_LOG | 957808 | aRapBi1cCZPZAGLIDny3dk3hQ8vTmNTLHRl8zxmKgQ0= | 12106 | 94.7656 | 13804.7 | -0.0211241 | 0.999777 | 0 | AKM | 0 | 115.256 | 54.5523 | 0 | 1 | 1 | 0 | 0 | 0 | 0 | 1 | camera | Land_House_2B02 | -0.0211241 | 0 | 0.999777 | 
SCRIPT       : DATA_LOG | 958810 | aRapBi1cCZPZAGLIDny3dk3hQ8vTmNTLHRl8zxmKgQ0= | 12105.2 | 94.5203 | 13811.3 | -0.606854 | 0.794813 | 0 | AKM | 0 | 156.93 | 58.3012 | 0 | 1 | 1 | 0 | 0 | 0 | 0 | 1 | camera | Land_House_2B02 | -0.606854 | 0 | 0.794813 | -
SCRIPT       : DATA_LOG | 959814 | aRapBi1cCZPZAGLIDny3dk3hQ8vTmNTLHRl8zxmKgQ0= | 12103.5 | 94.2655 | 13817.6 | -0.678903 | 0.734228 | 0 | AKM | 0 | 166.524 | 63.0091 | 0 | 1 | 1 | 0 | 0 | 0 | 0 | 1 | camera | Land_House_2B02 | -0.678903 | 0 | 0.734228 | 
SCRIPT       : DATA_LOG | 960812 | aRapBi1cCZPZAGLIDny3dk3hQ8vTmNTLHRl8zxmKgQ0= | 12101 | 94.1848 | 13821.3 | -0.205488 | 0.97866 | 0 | AKM | 0 | 137.173 | 67.1822 | 0 | 1 | 1 | 0 | 0 | 0 | 0 | 1 | camera | Land_House_2B02 | -0.205488 | 0 | 0.97866 | -0.2
SCRIPT       : [Logout]: Player PZGroGt7dzj176WftFBB5rmPE9m3jQ1JfAwZGgteaGg= finished
SCRIPT       : [PlayerListManager] SyncEntryToReceivers ► uid: PZGroGt7dzj176WftFBB5rmPE9m3jQ1JfAwZGgteaGg= isn't in the players list! sending a remove.
SCRIPT       : PlayerDisconnected -> PlayerListManager.RemoveEntry ► PZGroGt7dzj176WftFBB5rmPE9m3jQ1JfAwZGgteaGg=
SCRIPT       : DATA_LOG | 961815 | aRapBi1cCZPZAGLIDny3dk3hQ8vTmNTLHRl8zxmKgQ0= | 12099.9 | 94.1332 | 13824.5 | -0.150628 | 0.988591 | 0 | AKM | 0 | 135.594 | 69.9992 | 0 | 1 | 1 | 0 | 0 | 0 | 0 | 1 | camera | Land_House_2B02 | -0.150628 | 0 | 0.988591 | 
SCRIPT       : DATA_LOG | 962815 | aRapBi1cCZPZAGLIDny3dk3hQ8vTmNTLHRl8zxmKgQ0= | 12099.2 | 94.1251 | 13825.7 | -0.253239 | 0.967404 | 0 | AKM | 0 | 142.035 | 71.2562 | 0 | 1 | 1 | 0 | 0 | 0 | 0 | 1 | camera | Land_House_2B02 | -0.253239 | 0 | 0.967404 | 
SCRIPT       : DATA_LOG | 963824 | aRapBi1cCZPZAGLIDny3dk3hQ8vTmNTLHRl8zxmKgQ0= | 12099.3 | 94.1281 | 13825.4 | -0.563431 | 0.826163 | 0 | AKM | 0 | 161.459 | 71.0398 | 0 | 1 | 1 | 0 | 0 | 0 | 0 | 1 | camera | Land_House_2B02 | -0.563431 | 0 | 0.826163 | 
SCRIPT       : DATA_LOG | 964815 | aRapBi1cCZPZAGLIDny3dk3hQ8vTmNTLHRl8zxmKgQ0= | 12099.2 | 94.1759 | 13828.5 | -0.303922 | 0.952697 | 0 | AKM | 0 | 146.747 | 73.0027 | 0 | 1 | 1 | 0 | 0 | 0 | 0 | 1 | camera | Land_Garage_Small | -0.303922 | -0 | 0.952697
SCRIPT       : DATA_LOG | 965820 | aRapBi1cCZPZAGLIDny3dk3hQ8vTmNTLHRl8zxmKgQ0= | 12099.2 | 94.1761 | 13828.6 | -0.303922 | 0.952697 | 0 | AKM | 0 | 146.859 | 73.074 | 0 | 1 | 1 | 0 | 0 | 0 | 0 | 1 | camera | Land_Garage_Small | -0.303922 | -0 | 0.952697 
SCRIPT       : DATA_LOG | 966820 | aRapBi1cCZPZAGLIDny3dk3hQ8vTmNTLHRl8zxmKgQ0= | 12097.6 | 94.1825 | 13830.3 | -0.870567 | 0.49205 | 0 | AKM | 0 | 169.904 | 75.4098 | 0 | 1 | 1 | 0 | 0 | 0 | 0 | 1 | camera | JumpsuitJacket_Green | -0.870567 | 0 | 0.49205
SCRIPT       : DATA_LOG | 967825 | aRapBi1cCZPZAGLIDny3dk3hQ8vTmNTLHRl8zxmKgQ0= | 12096.1 | 94.1858 | 13830.4 | -0.879289 | 0.476289 | 0 | AKM | 0 | 169.551 | 76.6542 | 0 | 1 | 1 | 0 | 0 | 0 | 0 | 1 | camera | Land_Garage_Small | -0.879289 | 0 | 0.476289 
SCRIPT       : DATA_LOG | 968823 | aRapBi1cCZPZAGLIDny3dk3hQ8vTmNTLHRl8zxmKgQ0= | 12092.7 | 94.0783 | 13830.2 | -0.698815 | 0.715302 | 0 | AKM | 0 | 171.271 | 79.1351 | 0 | 1 | 1 | 0 | 0 | 0 | 0 | 1 | camera | Land_Garage_Small | -0.698815 | 0 | 0.715302 
SCRIPT       : DATA_LOG | 969822 | aRapBi1cCZPZAGLIDny3dk3hQ8vTmNTLHRl8zxmKgQ0= | 12091.1 | 94.0878 | 13829.8 | 0.673002 | 0.73964 | 0 | AKM | 0 | 83.9055 | 80.2204 | 0 | 1 | 1 | 0 | 0 | 0 | 0 | 1 | camera | Land_House_2B02 | 0.673002 | 0 | 0.73964 | 0.67
SCRIPT       : DATA_LOG | 970824 | aRapBi1cCZPZAGLIDny3dk3hQ8vTmNTLHRl8zxmKgQ0= | 12094.5 | 94.0937 | 13829.4 | 0.966618 | 0.256223 | 0 | AKM | 0 | 52.2937 | 77.2936 | 0 | 1 | 1 | 0 | 0 | 0 | 0 | 1 | camera | Land_Garage_Small | 0.966618 | 0 | 0.256223 | 
SCRIPT       : DATA_LOG | 971825 | aRapBi1cCZPZAGLIDny3dk3hQ8vTmNTLHRl8zxmKgQ0= | 12097 | 94.1839 | 13830.5 | 0.966622 | 0.256207 | 0 | AKM | 0 | 54.1052 | 75.9374 | 0 | 1 | 1 | 0 | 0 | 0 | 0 | 1 | camera | Land_Garage_Small | 0.966622 | 0 | 0.256207 | 0.
SCRIPT       : DATA_LOG | 972830 | aRapBi1cCZPZAGLIDny3dk3hQ8vTmNTLHRl8zxmKgQ0= | 12097 | 94.1839 | 13830.5 | 0.966622 | 0.256207 | 0 | AKM | 0 | 54.1043 | 75.9389 | 0 | 1 | 1 | 0 | 0 | 0 | 0 | 1 | camera | Land_Garage_Small | 0.966622 | 0 | 0.256207 | 0.
SCRIPT       : DATA_LOG | 973827 | aRapBi1cCZPZAGLIDny3dk3hQ8vTmNTLHRl8zxmKgQ0= | 12097 | 94.1839 | 13830.5 | 0.966622 | 0.256207 | 0 | AKM | 0 | 54.1001 | 75.9395 | 0 | 1 | 1 | 0 | 0 | 0 | 0 | 1 | camera | Land_Garage_Small | 0.966622 | 0 | 0.256207 | 0.
SCRIPT       : DATA_LOG | 974829 | aRapBi1cCZPZAGLIDny3dk3hQ8vTmNTLHRl8zxmKgQ0= | 12097 | 94.1839 | 13830.5 | 0.966622 | 0.256207 | 0 | AKM | 0 | 54.1077 | 75.9426 | 0 | 1 | 1 | 0 | 0 | 0 | 0 | 1 | camera | Land_Garage_Small | 0.966622 | 0 | 0.256207 | 0.
SCRIPT       : DATA_LOG | 975828 | aRapBi1cCZPZAGLIDny3dk3hQ8vTmNTLHRl8zxmKgQ0= | 12097 | 94.1839 | 13830.5 | 0.966622 | 0.256207 | 0 | AKM | 0 | 54.0992 | 75.9347 | 0 | 1 | 1 | 0 | 0 | 0 | 0 | 1 | camera | Land_Garage_Small | 0.966622 | 0 | 0.256207 | 0.
SCRIPT       : DATA_LOG | 976831 | aRapBi1cCZPZAGLIDny3dk3hQ8vTmNTLHRl8zxmKgQ0= | 12097 | 94.1839 | 13830.5 | 0.966622 | 0.256207 | 0 | AKM | 0 | 54.1127 | 75.9392 | 0 | 1 | 1 | 0 | 0 | 0 | 0 | 1 | camera | Land_Garage_Small | 0.966622 | 0 | 0.256207 | 0.
SCRIPT       : DATA_LOG | 977834 | aRapBi1cCZPZAGLIDny3dk3hQ8vTmNTLHRl8zxmKgQ0= | 12097 | 94.1839 | 13830.5 | 0.966622 | 0.256207 | 0 | AKM | 0 | 54.1084 | 75.9384 | 0 | 1 | 1 | 0 | 0 | 0 | 0 | 1 | camera | Land_Garage_Small | 0.966622 | 0 | 0.256207 | 0.
SCRIPT       : DATA_LOG | 978833 | aRapBi1cCZPZAGLIDny3dk3hQ8vTmNTLHRl8zxmKgQ0= | 12097 | 94.1839 | 13830.5 | 0.966622 | 0.256207 | 0 | AKM | 0 | 54.1036 | 75.9369 | 0 | 1 | 1 | 0 | 0 | 0 | 0 | 1 | camera | Land_Garage_Small | 0.966622 | 0 | 0.256207 | 0.
SCRIPT       : DATA_LOG | 979834 | aRapBi1cCZPZAGLIDny3dk3hQ8vTmNTLHRl8zxmKgQ0= | 12097 | 94.1839 | 13830.5 | 0.926327 | -0.376721 | 0 | AKM | 0 | 17.1886 | 75.938 | 0 | 1 | 1 | 0 | 0 | 0 | 0 | 1 | camera | Land_Garage_Small | 0.926327 | 0 | -0.376721 | 0
SCRIPT       : DATA_LOG | 980832 | aRapBi1cCZPZAGLIDny3dk3hQ8vTmNTLHRl8zxmKgQ0= | 12097 | 94.1839 | 13830.5 | 0.926327 | -0.376721 | 0 | AKM | 0 | 17.1829 | 75.9381 | 0 | 1 | 1 | 0 | 0 | 0 | 0 | 1 | camera | Land_Garage_Small | 0.926327 | 0 | -0.376721 | 
SCRIPT       : DATA_LOG | 981837 | aRapBi1cCZPZAGLIDny3dk3hQ8vTmNTLHRl8zxmKgQ0= | 12097 | 94.1839 | 13830.5 | 0.926327 | -0.376721 | 0 | AKM | 0 | 17.1889 | 75.9421 | 0 | 1 | 1 | 0 | 0 | 0 | 0 | 1 | camera | Land_Garage_Small | 0.926327 | 0 | -0.376721 | 
SCRIPT       : DATA_LOG | 982834 | aRapBi1cCZPZAGLIDny3dk3hQ8vTmNTLHRl8zxmKgQ0= | 12098.2 | 94.179 | 13829.1 | 0.890954 | 0.454093 | 0 | AKM | 0 | 65.9991 | 74.1444 | 0 | 1 | 1 | 0 | 0 | 0 | 0 | 1 | camera | Land_Garage_Small | 0.890954 | 0 | 0.454093 | 0
SCRIPT       : DATA_LOG | 983842 | aRapBi1cCZPZAGLIDny3dk3hQ8vTmNTLHRl8zxmKgQ0= | 12098.3 | 94.1788 | 13829.1 | 0.399 | 0.916951 | 0 | AKM | 0 | 105.544 | 74.0767 | 0 | 1 | 1 | 0 | 0 | 0 | 0 | 1 | camera | Land_Garage_Small | 0.399 | 0 | 0.916951 | 0.399 
SCRIPT       : DATA_LOG | 984842 | aRapBi1cCZPZAGLIDny3dk3hQ8vTmNTLHRl8zxmKgQ0= | 12095.4 | 94.1385 | 13830 | -0.912981 | 0.408002 | 0 | AKM | 0 | 165.74 | 76.9247 | 0 | 1 | 1 | 0 | 0 | 0 | 0 | 1 | camera | Land_Garage_Small | -0.912981 | 0 | 0.408002 | -
SCRIPT       : DATA_LOG | 985846 | aRapBi1cCZPZAGLIDny3dk3hQ8vTmNTLHRl8zxmKgQ0= | 12092.1 | 94.037 | 13831.2 | -0.453057 | 0.891482 | 0 | AKM | 0 | 154.28 | 80.2509 | 0 | 1 | 1 | 0 | 0 | 0 | 0 | 1 | camera | Land_Garage_Small | -0.453057 | 0 | 0.891482 | 
SCRIPT       : DATA_LOG | 986851 | aRapBi1cCZPZAGLIDny3dk3hQ8vTmNTLHRl8zxmKgQ0= | 12091.2 | 93.919 | 13834 | 0.146795 | 0.989167 | 0 | AKM | 0 | 120.146 | 82.7 | 0 | 1 | 1 | 0 | 0 | 0 | 0 | 1 | camera | Land_Garage_Small | 0.146795 | 0 | 0.989167 | 0.1467
SCRIPT       : DATA_LOG | 987853 | aRapBi1cCZPZAGLIDny3dk3hQ8vTmNTLHRl8zxmKgQ0= | 12091.3 | 95.3889 | 13834.5 | 0.0646062 | 0.997911 | 0 | AKM | 0 | 125.167 | 82.9045 | 0 | 1 | 1 | 0 | 0 | 0 | 0 | 1 | camera | Land_Garage_Small | 0.0646062 | 0 | 0.997911 
SCRIPT       : DATA_LOG | 988854 | aRapBi1cCZPZAGLIDny3dk3hQ8vTmNTLHRl8zxmKgQ0= | 12091.4 | 94.0593 | 13835.6 | 0.0575044 | 0.998345 | 0 | AKM | 0 | 126.247 | 83.5603 | 0 | 1 | 1 | 0 | 0 | 0 | 0 | 1 | camera |  | 0.0575044 | 0 | 0.998345 | 0.0575044 | 0 |
SCRIPT       : DATA_LOG | 989854 | aRapBi1cCZPZAGLIDny3dk3hQ8vTmNTLHRl8zxmKgQ0= | 12090.5 | 93.949 | 13838 | -0.969752 | 0.24409 | 0 | AKM | 0 | 153.683 | 85.7869 | 0 | 1 | 1 | 0 | 0 | 0 | 0 | 1 | camera |  | -0.969752 | 0 | 0.24409 | -0.969752 | 0 | 0.24
SCRIPT       : DATA_LOG | 990863 | aRapBi1cCZPZAGLIDny3dk3hQ8vTmNTLHRl8zxmKgQ0= | 12089.6 | 93.6535 | 13840.8 | -0.971171 | 0.238382 | 0 | AKM | 0 | 152.339 | 88.3371 | 0 | 1 | 1 | 0 | 0 | 0 | 0 | 1 | camera |  | -0.971171 | 0 | 0.238382 | -0.971171 | 0 |
SCRIPT       : DATA_LOG | 991866 | aRapBi1cCZPZAGLIDny3dk3hQ8vTmNTLHRl8zxmKgQ0= | 12087.9 | 93.5106 | 13843.8 | -0.969542 | 0.244925 | 0 | AKM | 0 | 152.041 | 91.5444 | 0 | 1 | 1 | 0 | 0 | 0 | 0 | 1 | camera |  | -0.969542 | 0 | 0.244925 | -0.969542 | 0 |
SCRIPT       : DATA_LOG | 992872 | aRapBi1cCZPZAGLIDny3dk3hQ8vTmNTLHRl8zxmKgQ0= | 12088.8 | 93.3938 | 13846.9 | 0.403459 | 0.914998 | 0 | AKM | 0 | 110.067 | 93.055 | 0 | 1 | 1 | 0 | 0 | 0 | 0 | 1 | camera |  | 0.403459 | 0 | 0.914998 | 0.403459 | 0 | 0.9
SCRIPT       : DATA_LOG | 993873 | aRapBi1cCZPZAGLIDny3dk3hQ8vTmNTLHRl8zxmKgQ0= | 12088.6 | 93.2737 | 13850.1 | 0.981013 | 0.193943 | 0 | AKM | 0 | 56.4061 | 95.3936 | 0 | 1 | 1 | 0 | 0 | 0 | 0 | 1 | camera |  | 0.981013 | 0 | 0.193943 | 0.981013 | 0 | 0.
SCRIPT       : DATA_LOG | 994872 | aRapBi1cCZPZAGLIDny3dk3hQ8vTmNTLHRl8zxmKgQ0= | 12088.7 | 93.1741 | 13853.2 | 0.518077 | 0.855334 | 0 | AKM | 0 | 105.28 | 97.5888 | 0 | 1 | 1 | 0 | 0 | 0 | 0 | 1 | camera |  | 0.518077 | 0 | 0.855334 | 0.518077 | 0 | 0.8
 SCRIPT       : ---- PlayerBase OnStoreLoad SUCCESS ----
 SCRIPT       : [VPPAT] Player "Survivor" (steamId=76561198831936218) connected to server!
SCRIPT       : DATA_LOG | 995979 | aRapBi1cCZPZAGLIDny3dk3hQ8vTmNTLHRl8zxmKgQ0= | 12089.7 | 93.1471 | 13856.6 | 0.160258 | 0.987075 | 0 | AKM | 0 | 129.031 | 99.4328 | 0 | 1 | 1 | 0 | 0 | 0 | 0 | 1 | camera |  | 0.160258 | 0 | 0.987075 | 0.160258 | 0 | 0.
SCRIPT       : DATA_LOG | 996001 | PZGroGt7dzj176WftFBB5rmPE9m3jQ1JfAwZGgteaGg= | 8430.12 | 6.78557 | 3134.18 | -0.00129437 | 0.999999 | 0 | none | -1 | 180 | 0 | 0 | 0 | 0 | 0 | 0 | 0 | 0 | 1 | camera | no_target | -0.00129437 | -0 | 0.999999 | -0.001294
SCRIPT       : DATA_LOG | 996873 | aRapBi1cCZPZAGLIDny3dk3hQ8vTmNTLHRl8zxmKgQ0= | 12090.4 | 93.1143 | 13860.1 | -0.422134 | 0.906534 | 0 | AKM | 0 | 164.753 | 101.565 | 0 | 1 | 1 | 0 | 0 | 0 | 0 | 1 | camera |  | -0.422134 | 0 | 0.906534 | -0.422134 | 0 |
SCRIPT       : DATA_LOG | 996892 | PZGroGt7dzj176WftFBB5rmPE9m3jQ1JfAwZGgteaGg= | 8430.12 | 6.78557 | 3134.18 | -0.00129437 | 0.999999 | 0 | none | -1 | 180 | 0 | 0 | 0 | 0 | 0 | 0 | 0 | 0 | 1 | camera | no_target | -0.00129437 | -0 | 0.999999 | -0.001294
SCRIPT       : DATA_LOG | 997868 | aRapBi1cCZPZAGLIDny3dk3hQ8vTmNTLHRl8zxmKgQ0= | 12089.8 | 93.1053 | 13863.4 | -0.430521 | 0.90258 | 0 | AKM | 0 | 166.195 | 104.489 | 0 | 1 | 1 | 0 | 0 | 0 | 0 | 1 | camera |  | -0.430521 | 0 | 0.90258 | -0.430521 | 0 | 0
SCRIPT       : DATA_LOG | 997888 | PZGroGt7dzj176WftFBB5rmPE9m3jQ1JfAwZGgteaGg= | 8430.12 | 6.78557 | 3134.18 | -0.00129437 | 0.999999 | 0 | none | -1 | 180 | 0 | 0 | 0 | 0 | 0 | 0 | 0 | 0 | 1 | camera | no_target | -0.00129437 | -0 | 0.999999 | -0.001294
SCRIPT       : DATA_LOG | 998875 | aRapBi1cCZPZAGLIDny3dk3hQ8vTmNTLHRl8zxmKgQ0= | 12088.2 | 93.0567 | 13866.7 | -0.430521 | 0.90258 | 0 | AKM | 0 | 166.654 | 108.05 | 0 | 1 | 1 | 0 | 0 | 0 | 0 | 1 | camera |  | -0.430521 | 0 | 0.90258 | -0.430521 | 0 | 0.
SCRIPT       : DATA_LOG | 998900 | PZGroGt7dzj176WftFBB5rmPE9m3jQ1JfAwZGgteaGg= | 8430.12 | 6.78557 | 3134.18 | -0.00129437 | 0.999999 | 0 | none | -1 | 180 | 0 | 0 | 0 | 0 | 0 | 0 | 0 | 0 | 1 | camera | no_target | -0.00129437 | -0 | 0.999999 | -0.001294
SCRIPT       : DATA_LOG | 999870 | aRapBi1cCZPZAGLIDny3dk3hQ8vTmNTLHRl8zxmKgQ0= | 12087.7 | 93.0372 | 13867.8 | -0.430521 | 0.90258 | 0 | Engraved1911 | 0 | 166.82 | 109.231 | 0 | 1 | 1 | 0 | 0 | 0 | 0 | 1 | camera |  | -0.430521 | 0 | 0.90258 | -0.430521
SCRIPT       : DATA_LOG | 999889 | PZGroGt7dzj176WftFBB5rmPE9m3jQ1JfAwZGgteaGg= | 8430.12 | 6.78557 | 3134.18 | -0.00129437 | 0.999999 | 0 | none | -1 | 180 | 0 | 0 | 0 | 0 | 0 | 0 | 0 | 0 | 1 | camera | no_target | -0.00129437 | -0 | 0.999999 | -0.001294
SCRIPT       : DATA_LOG | 1000871 | aRapBi1cCZPZAGLIDny3dk3hQ8vTmNTLHRl8zxmKgQ0= | 12087.2 | 92.9874 | 13871.3 | -0.359988 | 0.932957 | 0 | Engraved1911 | 0 | 163.352 | 112.282 | 0 | 1 | 1 | 0 | 0 | 0 | 0 | 1 | camera |  | -0.359988 | 0 | 0.932957 | -0.35
SCRIPT       : DATA_LOG | 1000889 | PZGroGt7dzj176WftFBB5rmPE9m3jQ1JfAwZGgteaGg= | 8430.12 | 6.78557 | 3134.18 | -0.00129437 | 0.999999 | 0 | none | -1 | 180 | 0 | 0 | 0 | 0 | 0 | 0 | 0 | 0 | 1 | camera | no_target | -0.00129437 | -0 | 0.999999 | -0.00129
SCRIPT       : DATA_LOG | 1001873 | aRapBi1cCZPZAGLIDny3dk3hQ8vTmNTLHRl8zxmKgQ0= | 12087 | 92.9761 | 13873.1 | -0.233986 | 0.97224 | 1 | Engraved1911 | 0 | 156.246 | 113.848 | 0 | 1 | 1 | 0 | 0 | 0 | 0 | 1 | camera | Land_City_Stand_FastFood | -0.233986 |
SCRIPT       : DATA_LOG | 1001892 | PZGroGt7dzj176WftFBB5rmPE9m3jQ1JfAwZGgteaGg= | 8430.12 | 6.78557 | 3134.18 | -0.00129437 | 0.999999 | 0 | none | -1 | 180 | 0 | 0 | 0 | 0 | 0 | 0 | 0 | 0 | 1 | camera | no_target | -0.00129437 | -0 | 0.999999 | -0.00129
SCRIPT       : DATA_LOG | 1002872 | aRapBi1cCZPZAGLIDny3dk3hQ8vTmNTLHRl8zxmKgQ0= | 12087 | 92.9761 | 13873.1 | -0.233986 | 0.97224 | 0 | Engraved1911 | 0 | 156.247 | 113.849 | 0 | 1 | 1 | 0 | 0 | 0 | 0 | 1 | camera | Land_City_Stand_FastFood | -0.233986 |
SCRIPT       : DATA_LOG | 1002890 | PZGroGt7dzj176WftFBB5rmPE9m3jQ1JfAwZGgteaGg= | 8431.3 | 6.87574 | 3134.85 | 0.885974 | 0.463735 | 0 | none | -1 | 180 | 0 | 0 | 0 | 0 | 0 | 0 | 0 | 0 | 1 | camera | no_target | 0.885974 | 0 | 0.463735 | 0.885974 | 0 | 0
SCRIPT       : DATA_LOG | 1003878 | aRapBi1cCZPZAGLIDny3dk3hQ8vTmNTLHRl8zxmKgQ0= | 12087 | 92.9761 | 13873.1 | 0.989688 | 0.143242 | 0 | Engraved1911 | 0 | 61.0241 | 113.852 | 0 | 1 | 1 | 0 | 0 | 0 | 0 | 1 | camera | Land_City_Stand_FastFood | 0.989688 | 
SCRIPT       : DATA_LOG | 1003902 | PZGroGt7dzj176WftFBB5rmPE9m3jQ1JfAwZGgteaGg= | 8435.32 | 6.88835 | 3134.54 | 1 | -0.00042328 | 0 | none | -1 | 180 | 0 | 0 | 0 | 0 | 0 | 0 | 0 | 0 | 1 | camera | no_target | 1 | 0 | -0.00042328 | 1 | 0 | -0.00042328 | 8
SCRIPT       : DATA_LOG | 1004886 | aRapBi1cCZPZAGLIDny3dk3hQ8vTmNTLHRl8zxmKgQ0= | 12088.7 | 93.0484 | 13870.5 | -0.407435 | -0.913234 | 0 | Engraved1911 | 0 | 61.3976 | 110.756 | 0 | 1 | 1 | 0 | 0 | 0 | 0 | 1 | camera | Land_City_Stand_FastFood | -0.4074
SCRIPT       : DATA_LOG | 1004909 | PZGroGt7dzj176WftFBB5rmPE9m3jQ1JfAwZGgteaGg= | 8441.69 | 7.18436 | 3135.71 | 0.991931 | 0.126779 | 0 | none | -1 | 180 | 0 | 0 | 0 | 0 | 0 | 0 | 0 | 0 | 1 | camera | no_target | 0.991931 | 0 | 0.126779 | 0.991931 | 0 | 
SCRIPT       : DATA_LOG | 1005881 | aRapBi1cCZPZAGLIDny3dk3hQ8vTmNTLHRl8zxmKgQ0= | 12089.8 | 93.1014 | 13866.5 | -0.385661 | -0.92264 | 0 | Engraved1911 | 0 | 60.8275 | 106.925 | 0 | 1 | 1 | 0 | 0 | 0 | 0 | 1 | camera |  | -0.385661 | 0 | -0.92264 | -0.38
SCRIPT       : DATA_LOG | 1005900 | PZGroGt7dzj176WftFBB5rmPE9m3jQ1JfAwZGgteaGg= | 8445.38 | 6.87496 | 3132.19 | -0.486918 | -0.873448 | 0 | none | -1 | 180 | 0 | 0 | 0 | 0 | 0 | 0 | 0 | 0 | 1 | camera | no_target | -0.486918 | 0 | -0.873448 | -0.486918 |
SCRIPT       : DATA_LOG | 1006879 | aRapBi1cCZPZAGLIDny3dk3hQ8vTmNTLHRl8zxmKgQ0= | 12090.5 | 93.1099 | 13863.3 | -0.307016 | -0.951704 | 0 | Engraved1911 | 0 | 56.8359 | 103.976 | 0 | 1 | 1 | 0 | 0 | 0 | 0 | 1 | camera |  | -0.307016 | 0 | -0.951704 | -0.
SCRIPT       : DATA_LOG | 1006900 | PZGroGt7dzj176WftFBB5rmPE9m3jQ1JfAwZGgteaGg= | 8445.31 | 6.83874 | 3131.9 | -0.486918 | -0.873448 | 0 | none | -1 | 180 | 0 | 0 | 0 | 0 | 0 | 0 | 0 | 0 | 1 | camera | no_target | -0.486918 | 0 | -0.873448 | -0.486918 | 
SCRIPT       : DATA_LOG | 1007881 | aRapBi1cCZPZAGLIDny3dk3hQ8vTmNTLHRl8zxmKgQ0= | 12090.5 | 93.1099 | 13863.3 | -0.307016 | -0.951704 | 0 | Engraved1911 | 0 | 56.8323 | 103.98 | 0 | 1 | 1 | 0 | 0 | 0 | 0 | 1 | camera |  | -0.307016 | 0 | -0.951704 | -0.3
SCRIPT       : DATA_LOG | 1007901 | PZGroGt7dzj176WftFBB5rmPE9m3jQ1JfAwZGgteaGg= | 8445.31 | 6.83874 | 3131.9 | -0.486918 | -0.873448 | 0 | none | -1 | 180 | 0 | 0 | 0 | 0 | 0 | 0 | 0 | 0 | 1 | camera | no_target | -0.486918 | 0 | -0.873448 | -0.486918 | 
SCRIPT       : DATA_LOG | 1008887 | aRapBi1cCZPZAGLIDny3dk3hQ8vTmNTLHRl8zxmKgQ0= | 12090.5 | 93.1099 | 13863.3 | -0.307016 | -0.951704 | 0 | Engraved1911 | 0 | 56.8365 | 103.98 | 0 | 1 | 1 | 0 | 0 | 0 | 0 | 1 | camera |  | -0.307016 | 0 | -0.951704 | -0.3
SCRIPT       : DATA_LOG | 1008912 | PZGroGt7dzj176WftFBB5rmPE9m3jQ1JfAwZGgteaGg= | 8443.12 | 6.86881 | 3132.77 | -0.69114 | 0.722721 | 0 | none | -1 | 180 | 0 | 0 | 0 | 0 | 0 | 0 | 0 | 0 | 1 | camera | no_target | -0.69114 | 0 | 0.722721 | -0.69114 | 0 | 
SCRIPT       : DATA_LOG | 1009883 | aRapBi1cCZPZAGLIDny3dk3hQ8vTmNTLHRl8zxmKgQ0= | 12090.5 | 93.1099 | 13863.3 | -0.307016 | -0.951704 | 0 | Engraved1911 | 0 | 56.8373 | 103.981 | 0 | 1 | 1 | 0 | 0 | 0 | 0 | 1 | camera |  | -0.307016 | 0 | -0.951704 | -0.
SCRIPT       : DATA_LOG | 1009903 | PZGroGt7dzj176WftFBB5rmPE9m3jQ1JfAwZGgteaGg= | 8438.58 | 6.98935 | 3134.92 | -0.978453 | 0.20647 | 0 | none | -1 | 180 | 0 | 0 | 0 | 0 | 0 | 0 | 0 | 0 | 1 | camera | no_target | -0.978453 | 0 | 0.20647 | -0.978453 | 0 |
SCRIPT       : DATA_LOG | 1010882 | aRapBi1cCZPZAGLIDny3dk3hQ8vTmNTLHRl8zxmKgQ0= | 12090.5 | 93.1099 | 13863.3 | -0.307016 | -0.951704 | 0 | Engraved1911 | 0 | 56.8334 | 103.985 | 0 | 1 | 1 | 0 | 0 | 0 | 0 | 1 | camera |  | -0.307016 | 0 | -0.951704 | -0.
SCRIPT       : DATA_LOG | 1010904 | PZGroGt7dzj176WftFBB5rmPE9m3jQ1JfAwZGgteaGg= | 8432.12 | 7.12523 | 3136.6 | -0.964434 | -0.264325 | 0 | none | -1 | 180 | 0 | 0 | 0 | 0 | 0 | 0 | 0 | 0 | 1 | camera | no_target | -0.964434 | 0 | -0.264325 | -0.964434 | 
SCRIPT       : DATA_LOG | 1011886 | aRapBi1cCZPZAGLIDny3dk3hQ8vTmNTLHRl8zxmKgQ0= | 12090.5 | 93.1099 | 13863.3 | -0.307016 | -0.951704 | 0 | Engraved1911 | 0 | 56.8377 | 103.974 | 0 | 1 | 1 | 0 | 0 | 0 | 0 | 1 | camera |  | -0.307016 | 0 | -0.951704 | -0.
SCRIPT       : DATA_LOG | 1011908 | PZGroGt7dzj176WftFBB5rmPE9m3jQ1JfAwZGgteaGg= | 8429.36 | 6.57945 | 3132.39 | 0.767386 | -0.641185 | 0 | none | -1 | 180 | 0 | 0 | 0 | 0 | 0 | 0 | 0 | 0 | 1 | camera | no_target | 0.767386 | 0 | -0.641185 | 0.767386 | 0 
SCRIPT       : DATA_LOG | 1012889 | aRapBi1cCZPZAGLIDny3dk3hQ8vTmNTLHRl8zxmKgQ0= | 12090.5 | 93.1099 | 13863.3 | -0.307016 | -0.951704 | 0 | Engraved1911 | 0 | 56.8272 | 103.985 | 0 | 1 | 1 | 0 | 0 | 0 | 0 | 1 | camera |  | -0.307016 | 0 | -0.951704 | -0.
SCRIPT       : DATA_LOG | 1012913 | PZGroGt7dzj176WftFBB5rmPE9m3jQ1JfAwZGgteaGg= | 8434.58 | 6.69012 | 3132.89 | -0.000314864 | -1 | 0 | none | -1 | 180 | 0 | 0 | 0 | 0 | 0 | 0 | 0 | 0 | 1 | camera | no_target | -0.000314864 | 0 | -1 | -0.000314864 | 0 | 
SCRIPT       : DATA_LOG | 1013886 | aRapBi1cCZPZAGLIDny3dk3hQ8vTmNTLHRl8zxmKgQ0= | 12090.5 | 93.1099 | 13863.3 | -0.307016 | -0.951704 | 0 | Engraved1911 | 0 | 56.8345 | 103.978 | 0 | 1 | 1 | 0 | 0 | 0 | 0 | 1 | camera |  | -0.307016 | 0 | -0.951704 | -0.
SCRIPT       : DATA_LOG | 1013907 | PZGroGt7dzj176WftFBB5rmPE9m3jQ1JfAwZGgteaGg= | 8434.56 | 6.11561 | 3127.85 | -0.940084 | -0.340944 | 0 | none | -1 | 180 | 0 | 0 | 0 | 0 | 0 | 0 | 0 | 0 | 1 | camera | no_target | -0.940084 | 0 | -0.340944 | -0.940084 |
SCRIPT       : DATA_LOG | 1014886 | aRapBi1cCZPZAGLIDny3dk3hQ8vTmNTLHRl8zxmKgQ0= | 12090.5 | 93.1099 | 13863.3 | -0.307016 | -0.951704 | 0 | Engraved1911 | 0 | 56.8338 | 103.979 | 0 | 1 | 1 | 0 | 0 | 0 | 0 | 1 | camera |  | -0.307016 | 0 | -0.951704 | -0.
SCRIPT       : DATA_LOG | 1014907 | PZGroGt7dzj176WftFBB5rmPE9m3jQ1JfAwZGgteaGg= | 8429.57 | 5.84677 | 3125.26 | -0.976974 | -0.21336 | 0 | none | -1 | 180 | 0 | 0 | 0 | 0 | 0 | 0 | 0 | 0 | 1 | camera | no_target | -0.976974 | 0 | -0.21336 | -0.976974 | 0
SCRIPT       : DATA_LOG | 1015892 | aRapBi1cCZPZAGLIDny3dk3hQ8vTmNTLHRl8zxmKgQ0= | 12090.5 | 93.1099 | 13863.3 | -0.307016 | -0.951704 | 0 | Engraved1911 | 0 | 56.8357 | 103.98 | 0 | 1 | 1 | 0 | 0 | 0 | 0 | 1 | camera |  | -0.307016 | 0 | -0.951704 | -0.3
SCRIPT       : DATA_LOG | 1015919 | PZGroGt7dzj176WftFBB5rmPE9m3jQ1JfAwZGgteaGg= | 8423.04 | 5.73031 | 3123.64 | -0.928665 | -0.370919 | 0 | none | -1 | 180 | 0 | 0 | 0 | 0 | 0 | 0 | 0 | 0 | 1 | camera | no_target | -0.928665 | 0 | -0.370919 | -0.928665 |
SCRIPT       : DATA_LOG | 1016891 | aRapBi1cCZPZAGLIDny3dk3hQ8vTmNTLHRl8zxmKgQ0= | 12090.5 | 93.1099 | 13863.3 | -0.307016 | -0.951704 | 0 | Engraved1911 | 0 | 56.8377 | 103.98 | 0 | 1 | 1 | 0 | 0 | 0 | 0 | 1 | camera |  | -0.307016 | 0 | -0.951704 | -0.3
SCRIPT       : DATA_LOG | 1016913 | PZGroGt7dzj176WftFBB5rmPE9m3jQ1JfAwZGgteaGg= | 8417.89 | 5.59856 | 3121.41 | -0.918739 | -0.394865 | 0 | none | -1 | 180 | 0 | 0 | 0 | 0 | 0 | 0 | 0 | 0 | 1 | camera | no_target | -0.918739 | 0 | -0.394865 | -0.918739 |
 SCRIPT       : [Logout]: New player PZGroGt7dzj176WftFBB5rmPE9m3jQ1JfAwZGgteaGg= with logout time 15
 SCRIPT       : Player "Survivor" (steamid=76561198831936218) initiated disconnect process...
SCRIPT       : DATA_LOG | 1017906 | aRapBi1cCZPZAGLIDny3dk3hQ8vTmNTLHRl8zxmKgQ0= | 12090.5 | 93.1099 | 13863.3 | -0.307016 | -0.951704 | 0 | Engraved1911 | 0 | 56.8329 | 103.984 | 0 | 1 | 1 | 0 | 0 | 0 | 0 | 1 | camera |  | -0.307016 | 0 | -0.951704 | -0.
SCRIPT       : DATA_LOG | 1018892 | aRapBi1cCZPZAGLIDny3dk3hQ8vTmNTLHRl8zxmKgQ0= | 12090.5 | 93.1099 | 13863.3 | -0.307016 | -0.951704 | 0 | Engraved1911 | 0 | 56.8381 | 103.974 | 0 | 1 | 1 | 0 | 0 | 0 | 0 | 1 | camera |  | -0.307016 | 0 | -0.951704 | -0.
SCRIPT       : DATA_LOG | 1019896 | aRapBi1cCZPZAGLIDny3dk3hQ8vTmNTLHRl8zxmKgQ0= | 12090.5 | 93.1099 | 13863.3 | -0.307016 | -0.951704 | 0 | Engraved1911 | 0 | 56.8287 | 103.983 | 0 | 1 | 1 | 0 | 0 | 0 | 0 | 1 | camera |  | -0.307016 | 0 | -0.951704 | -0.
SCRIPT       : DATA_LOG | 1020901 | aRapBi1cCZPZAGLIDny3dk3hQ8vTmNTLHRl8zxmKgQ0= | 12090.5 | 93.1099 | 13863.3 | -0.307016 | -0.951704 | 0 | Engraved1911 | 0 | 56.8327 | 103.98 | 0 | 1 | 1 | 0 | 0 | 0 | 0 | 1 | camera |  | -0.307016 | 0 | -0.951704 | -0.3
SCRIPT       : DATA_LOG | 1021894 | aRapBi1cCZPZAGLIDny3dk3hQ8vTmNTLHRl8zxmKgQ0= | 12090.5 | 93.1099 | 13863.3 | -0.307016 | -0.951704 | 0 | Engraved1911 | 0 | 56.8352 | 103.978 | 0 | 1 | 1 | 0 | 0 | 0 | 0 | 1 | camera |  | -0.307016 | 0 | -0.951704 | -0.
SCRIPT       : DATA_LOG | 1022903 | aRapBi1cCZPZAGLIDny3dk3hQ8vTmNTLHRl8zxmKgQ0= | 12090.5 | 93.1099 | 13863.3 | -0.307016 | -0.951704 | 0 | Engraved1911 | 0 | 56.8346 | 103.979 | 0 | 1 | 1 | 0 | 0 | 0 | 0 | 1 | camera |  | -0.307016 | 0 | -0.951704 | -0.
SCRIPT       : DATA_LOG | 1023896 | aRapBi1cCZPZAGLIDny3dk3hQ8vTmNTLHRl8zxmKgQ0= | 12090.5 | 93.1099 | 13863.3 | -0.307016 | -0.951704 | 0 | Engraved1911 | 0 | 56.838 | 103.979 | 0 | 1 | 1 | 0 | 0 | 0 | 0 | 1 | camera |  | -0.307016 | 0 | -0.951704 | -0.3
SCRIPT       : DATA_LOG | 1024900 | aRapBi1cCZPZAGLIDny3dk3hQ8vTmNTLHRl8zxmKgQ0= | 12090.5 | 93.1099 | 13863.3 | -0.307016 | -0.951704 | 0 | Engraved1911 | 0 | 56.834 | 103.983 | 0 | 1 | 1 | 0 | 0 | 0 | 0 | 1 | camera |  | -0.307016 | 0 | -0.951704 | -0.3
SCRIPT       : DATA_LOG | 1025899 | aRapBi1cCZPZAGLIDny3dk3hQ8vTmNTLHRl8zxmKgQ0= | 12090.5 | 93.1099 | 13863.3 | -0.307016 | -0.951704 | 0 | Engraved1911 | 0 | 56.8377 | 103.975 | 0 | 1 | 1 | 0 | 0 | 0 | 0 | 1 | camera |  | -0.307016 | 0 | -0.951704 | -0.
SCRIPT       : DATA_LOG | 1026899 | aRapBi1cCZPZAGLIDny3dk3hQ8vTmNTLHRl8zxmKgQ0= | 12090.5 | 93.1099 | 13863.3 | -0.307016 | -0.951704 | 0 | Engraved1911 | 0 | 56.8304 | 103.981 | 0 | 1 | 1 | 0 | 0 | 0 | 0 | 1 | camera |  | -0.307016 | 0 | -0.951704 | -0.
SCRIPT       : DATA_LOG | 1027901 | aRapBi1cCZPZAGLIDny3dk3hQ8vTmNTLHRl8zxmKgQ0= | 12090.5 | 93.1099 | 13863.3 | -0.307016 | -0.951704 | 0 | Engraved1911 | 0 | 56.8309 | 103.981 | 0 | 1 | 1 | 0 | 0 | 0 | 0 | 1 | camera |  | -0.307016 | 0 | -0.951704 | -0.
SCRIPT       : DATA_LOG | 1028902 | aRapBi1cCZPZAGLIDny3dk3hQ8vTmNTLHRl8zxmKgQ0= | 12091 | 93.1124 | 13860.9 | 0.241303 | -0.97045 | 0 | Engraved1911 | 0 | 25.6623 | 101.806 | 0 | 1 | 1 | 0 | 0 | 0 | 0 | 1 | camera |  | 0.241303 | 0 | -0.97045 | 0.241303 
SCRIPT       : DATA_LOG | 1029903 | aRapBi1cCZPZAGLIDny3dk3hQ8vTmNTLHRl8zxmKgQ0= | 12091.9 | 93.1736 | 13858.1 | 0.977193 | -0.212351 | 1 | Engraved1911 | 0 | 37.5803 | 99.0661 | 0 | 1 | 1 | 0 | 0 | 0 | 0 | 1 | camera |  | 0.977193 | 0 | -0.212351 | 0.977
SCRIPT       : DATA_LOG | 1030902 | aRapBi1cCZPZAGLIDny3dk3hQ8vTmNTLHRl8zxmKgQ0= | 12093.2 | 93.3863 | 13856.6 | 1 | 0.000836523 | 1 | Engraved1911 | 0 | 49.8846 | 97.1447 | 0 | 1 | 1 | 0 | 0 | 0 | 0 | 1 | camera |  | 1 | 0 | 0.000836523 | 1 | 0 | 0.00083
SCRIPT       : DATA_LOG | 1031904 | aRapBi1cCZPZAGLIDny3dk3hQ8vTmNTLHRl8zxmKgQ0= | 12095.3 | 93.4071 | 13856.5 | 0.999998 | 0.00180307 | 0 | Engraved1911 | 0 | 50.8485 | 95.7025 | 0 | 1 | 1 | 0 | 0 | 0 | 0 | 1 | camera |  | 0.999998 | 0 | 0.00180307 | 0.9
SCRIPT       : [Logout]: Player PZGroGt7dzj176WftFBB5rmPE9m3jQ1JfAwZGgteaGg= finished
SCRIPT       : [PlayerListManager] SyncEntryToReceivers ► uid: PZGroGt7dzj176WftFBB5rmPE9m3jQ1JfAwZGgteaGg= isn't in the players list! sending a remove.
SCRIPT       : PlayerDisconnected -> PlayerListManager.RemoveEntry ► PZGroGt7dzj176WftFBB5rmPE9m3jQ1JfAwZGgteaGg=
SCRIPT       : DATA_LOG | 1032904 | aRapBi1cCZPZAGLIDny3dk3hQ8vTmNTLHRl8zxmKgQ0= | 12100.7 | 93.4202 | 13856.5 | 1 | -0.000767318 | 0 | Engraved1911 | 0 | 53.3294 | 92.3366 | 0 | 1 | 1 | 0 | 0 | 0 | 0 | 1 | camera |  | 1 | 0 | -0.000767318 | 1 | 0 | -0.00
SCRIPT       : DATA_LOG | 1033908 | aRapBi1cCZPZAGLIDny3dk3hQ8vTmNTLHRl8zxmKgQ0= | 12107.4 | 93.4917 | 13855.8 | 0.833558 | 0.552432 | 0 | Engraved1911 | 0 | 90.1084 | 87.9357 | 0 | 1 | 1 | 0 | 0 | 0 | 0 | 1 | camera | Land_House_2B02 | 0.833558 | 0 | 0.5
SCRIPT       : DATA_LOG | 1034906 | aRapBi1cCZPZAGLIDny3dk3hQ8vTmNTLHRl8zxmKgQ0= | 12112.1 | 93.4806 | 13855.5 | 0.289179 | 0.957275 | 0 | Engraved1911 | 0 | 132.276 | 85.1359 | 0 | 1 | 1 | 0 | 0 | 0 | 0 | 1 | camera | Land_House_2W03 | 0.289179 | 0 | 0.9
SCRIPT       : DATA_LOG | 1035913 | aRapBi1cCZPZAGLIDny3dk3hQ8vTmNTLHRl8zxmKgQ0= | 12117.1 | 93.4614 | 13856.2 | 0.999974 | 0.00716314 | 0 | Engraved1911 | 0 | 62.7207 | 83.3322 | 0 | 1 | 1 | 0 | 0 | 0 | 0 | 1 | camera |  | 0.999974 | 0 | 0.00716314 | 0.9
SCRIPT       : DATA_LOG | 1036916 | aRapBi1cCZPZAGLIDny3dk3hQ8vTmNTLHRl8zxmKgQ0= | 12123.8 | 93.4587 | 13855.6 | 0.991144 | -0.132788 | 0 | Engraved1911 | 0 | 58.7462 | 79.9412 | 0 | 1 | 1 | 0 | 0 | 0 | 0 | 1 | camera |  | 0.991144 | 0 | -0.132788 | 0.991
SCRIPT       : DATA_LOG | 1037910 | aRapBi1cCZPZAGLIDny3dk3hQ8vTmNTLHRl8zxmKgQ0= | 12129.6 | 93.502 | 13855.1 | 0.761977 | 0.647605 | 0 | Engraved1911 | 0 | 110.491 | 77.2846 | 0 | 1 | 1 | 0 | 0 | 0 | 0 | 1 | camera |  | 0.761977 | 0 | 0.647605 | 0.761977
SCRIPT       : DATA_LOG | 1038914 | aRapBi1cCZPZAGLIDny3dk3hQ8vTmNTLHRl8zxmKgQ0= | 12132.5 | 93.3054 | 13857.8 | 0.547763 | 0.836634 | 0 | Engraved1911 | 0 | 129.547 | 78.9806 | 0 | 1 | 1 | 0 | 0 | 0 | 0 | 1 | camera |  | 0.547763 | 0 | 0.836634 | 0.54776
SCRIPT       : DATA_LOG | 1039913 | aRapBi1cCZPZAGLIDny3dk3hQ8vTmNTLHRl8zxmKgQ0= | 12134.7 | 93.4573 | 13861.1 | 0.153806 | 0.988101 | 0 | Engraved1911 | 0 | 156.027 | 81.5234 | 0 | 1 | 1 | 0 | 0 | 0 | 0 | 1 | camera |  | 0.153806 | 0 | 0.988101 | 0.15380
SCRIPT       : DATA_LOG | 1040915 | aRapBi1cCZPZAGLIDny3dk3hQ8vTmNTLHRl8zxmKgQ0= | 12133.8 | 93.7912 | 13864.8 | 0.43255 | 0.90161 | 0 | Engraved1911 | 0 | 139.341 | 85.2633 | 0 | 1 | 1 | 0 | 0 | 0 | 0 | 1 | camera | Land_Village_Pub | 0.43255 | 0 | 0.901
SCRIPT       : DATA_LOG | 1041912 | aRapBi1cCZPZAGLIDny3dk3hQ8vTmNTLHRl8zxmKgQ0= | 12134 | 93.7912 | 13864.7 | 0.999352 | 0.0359922 | 0 | Engraved1911 | 0 | 77.2085 | 85.1901 | 0 | 1 | 1 | 0 | 0 | 0 | 0 | 1 | camera |  | 0.999352 | 0 | 0.0359922 | 0.99935
SCRIPT       : DATA_LOG | 1042922 | aRapBi1cCZPZAGLIDny3dk3hQ8vTmNTLHRl8zxmKgQ0= | 12135.8 | 93.7905 | 13864.7 | -0.239472 | 0.970903 | 0 | Engraved1911 | 0 | 178.258 | 84.6576 | 0 | 1 | 1 | 0 | 0 | 0 | 0 | 1 | camera | Land_Village_Pub | -0.239472 | 0 | 
SCRIPT       : DATA_LOG | 1043918 | aRapBi1cCZPZAGLIDny3dk3hQ8vTmNTLHRl8zxmKgQ0= | 12135.6 | 95.2238 | 13867 | -0.737877 | 0.674936 | 0 | Engraved1911 | 0 | 145.874 | 86.95 | 0 | 1 | 1 | 0 | 0 | 0 | 0 | 1 | camera | Land_Village_Pub | -0.737877 | 0 | 0.67
SCRIPT       : DATA_LOG | 1044924 | aRapBi1cCZPZAGLIDny3dk3hQ8vTmNTLHRl8zxmKgQ0= | 12134 | 96.5294 | 13869.1 | -0.863408 | -0.504507 | 0 | Engraved1911 | 0 | 73.8366 | 89.347 | 0 | 1 | 1 | 0 | 0 | 0 | 0 | 1 | camera | Land_Village_Pub | -0.863408 | 0 | -0
SCRIPT       : DATA_LOG | 1045917 | aRapBi1cCZPZAGLIDny3dk3hQ8vTmNTLHRl8zxmKgQ0= | 12133.4 | 96.5296 | 13868.5 | -0.9537 | -0.300758 | 0 | Engraved1911 | 0 | 87.125 | 88.9428 | 0 | 1 | 1 | 0 | 0 | 0 | 0 | 1 | camera | Land_Village_Pub | -0.9537 | 0 | -0.3
SCRIPT       : DATA_LOG | 1046925 | aRapBi1cCZPZAGLIDny3dk3hQ8vTmNTLHRl8zxmKgQ0= | 12131.4 | 96.5303 | 13865.7 | -0.18099 | -0.983485 | 0 | Engraved1911 | 0 | 26.7726 | 86.788 | 0 | 1 | 1 | 0 | 0 | 0 | 0 | 1 | camera | Land_Village_Pub | -0.18099 | 0 | -0
SCRIPT       : DATA_LOG | 1047926 | aRapBi1cCZPZAGLIDny3dk3hQ8vTmNTLHRl8zxmKgQ0= | 12131.4 | 96.5303 | 13865.7 | -0.976999 | 0.213244 | 0 | Engraved1911 | 0 | 118.662 | 86.776 | 0 | 1 | 1 | 0 | 0 | 0 | 0 | 1 | camera | Land_Village_Pub | -0.976999 | 0 | 0
SCRIPT       : DATA_LOG | 1048927 | aRapBi1cCZPZAGLIDny3dk3hQ8vTmNTLHRl8zxmKgQ0= | 12133.6 | 96.5295 | 13867.9 | 0.899752 | -0.436401 | 0 | Engraved1911 | 0 | 49.5839 | 88.2814 | 0 | 1 | 1 | 0 | 0 | 0 | 0 | 1 | camera | Land_Village_Pub | 0.899752 | 0 | -
SCRIPT       : DATA_LOG | 1049920 | aRapBi1cCZPZAGLIDny3dk3hQ8vTmNTLHRl8zxmKgQ0= | 12135.4 | 96.2267 | 13868 | -0.114746 | -0.993395 | 0 | Engraved1911 | 0 | 20.0268 | 87.9418 | 0 | 1 | 1 | 0 | 0 | 0 | 0 | 1 | camera | Land_Village_Pub | -0.114746 | 0 | -
SCRIPT       : DATA_LOG | 1050923 | aRapBi1cCZPZAGLIDny3dk3hQ8vTmNTLHRl8zxmKgQ0= | 12135 | 93.7908 | 13865.2 | -0.967886 | 0.251389 | 0 | Engraved1911 | 0 | 118.661 | 85.3172 | 0 | 1 | 1 | 0 | 0 | 0 | 0 | 1 | camera | Land_Village_Pub | -0.967886 | 0 | 0.
SCRIPT       : DATA_LOG | 1051931 | aRapBi1cCZPZAGLIDny3dk3hQ8vTmNTLHRl8zxmKgQ0= | 12133.8 | 93.7911 | 13868.1 | -0.221253 | 0.975217 | 0 | Engraved1911 | 0 | 177.676 | 88.513 | 0 | 1 | 1 | 0 | 0 | 0 | 0 | 1 | camera | Land_Village_Pub | -0.221253 | 0 | 0
SCRIPT       : DATA_LOG | 1052926 | aRapBi1cCZPZAGLIDny3dk3hQ8vTmNTLHRl8zxmKgQ0= | 12133.1 | 93.7914 | 13871.9 | -0.470265 | 0.882525 | 0 | Engraved1911 | 0 | 166.08 | 92.3205 | 0 | 1 | 1 | 0 | 0 | 0 | 0 | 1 | camera | Land_Village_Pub | -0.470265 | 0 | 0
SCRIPT       : DATA_LOG | 1053936 | aRapBi1cCZPZAGLIDny3dk3hQ8vTmNTLHRl8zxmKgQ0= | 12131.7 | 93.7919 | 13872.7 | 0.563902 | 0.825841 | 0 | Engraved1911 | 0 | 130.689 | 93.4643 | 0 | 1 | 1 | 0 | 0 | 0 | 0 | 1 | camera | Land_Village_Pub | 0.563902 | 0 | 0.
SCRIPT       : DATA_LOG | 1054930 | aRapBi1cCZPZAGLIDny3dk3hQ8vTmNTLHRl8zxmKgQ0= | 12130.5 | 93.7923 | 13872.4 | 0.683038 | 0.730383 | 1 | Engraved1911 | 0 | 121.209 | 93.503 | 0 | 1 | 1 | 0 | 0 | 0 | 0 | 1 | camera | Land_Village_Pub | 0.683038 | 0 | 0.7
SCRIPT       : DATA_LOG | 1055931 | aRapBi1cCZPZAGLIDny3dk3hQ8vTmNTLHRl8zxmKgQ0= | 12131.3 | 93.792 | 13872.7 | 0.459063 | 0.888403 | 1 | Engraved1911 | 0 | 137.443 | 93.5759 | 0 | 1 | 1 | 0 | 0 | 0 | 0 | 1 | camera | Land_Village_Pub | 0.459063 | 0 | 0.8
SCRIPT       : DATA_LOG | 1056940 | aRapBi1cCZPZAGLIDny3dk3hQ8vTmNTLHRl8zxmKgQ0= | 12131.3 | 93.792 | 13872.7 | 0.459063 | 0.888403 | 1 | Engraved1911 | 0 | 137.444 | 93.5754 | 0 | 1 | 1 | 0 | 0 | 0 | 0 | 1 | camera | Land_Village_Pub | 0.459063 | 0 | 0.8
SCRIPT       : DATA_LOG | 1057929 | aRapBi1cCZPZAGLIDny3dk3hQ8vTmNTLHRl8zxmKgQ0= | 12131.5 | 93.7919 | 13872.9 | 0.763435 | 0.645885 | 0 | Engraved1911 | 0 | 115.163 | 93.6672 | 0 | 1 | 1 | 0 | 0 | 0 | 0 | 1 | camera | Land_Village_Pub | 0.763435 | 0 | 0.
SCRIPT       : DATA_LOG | 1058934 | aRapBi1cCZPZAGLIDny3dk3hQ8vTmNTLHRl8zxmKgQ0= | 12132.9 | 93.766 | 13875.3 | 0.960959 | 0.27669 | 1 | Engraved1911 | 0 | 92.1945 | 95.655 | 0 | 1 | 1 | 0 | 0 | 0 | 1 | 1 | camera | Land_Village_Pub | 0.960959 | 0 | 0.276
SCRIPT       : DATA_LOG | 1059934 | aRapBi1cCZPZAGLIDny3dk3hQ8vTmNTLHRl8zxmKgQ0= | 12132.9 | 93.766 | 13875.3 | 0.960959 | 0.27669 | 1 | Engraved1911 | 0 | 92.1925 | 95.6538 | 0 | 1 | 1 | 0 | 0 | 0 | 1 | 1 | camera | Land_Village_Pub | 0.960959 | 0 | 0.27
SCRIPT       : DATA_LOG | 1060945 | aRapBi1cCZPZAGLIDny3dk3hQ8vTmNTLHRl8zxmKgQ0= | 12132.9 | 93.766 | 13875.3 | 0.960959 | 0.27669 | 1 | Engraved1911 | 0 | 92.196 | 95.6614 | 0 | 1 | 1 | 0 | 0 | 0 | 1 | 1 | camera | Land_Village_Pub | 0.960959 | 0 | 0.276
SCRIPT       : DATA_LOG | 1061941 | aRapBi1cCZPZAGLIDny3dk3hQ8vTmNTLHRl8zxmKgQ0= | 12132.9 | 93.766 | 13875.3 | 0.960959 | 0.27669 | 1 | Engraved1911 | 0 | 92.1934 | 95.6474 | 0 | 1 | 1 | 0 | 0 | 0 | 1 | 1 | camera | Land_Village_Pub | 0.960959 | 0 | 0.27
SCRIPT       : DATA_LOG | 1062939 | aRapBi1cCZPZAGLIDny3dk3hQ8vTmNTLHRl8zxmKgQ0= | 12132.9 | 93.766 | 13875.3 | 0.960959 | 0.27669 | 1 | Engraved1911 | 0 | 92.2007 | 95.6645 | 0 | 1 | 1 | 0 | 0 | 0 | 1 | 1 | camera | Land_Village_Pub | 0.960959 | 0 | 0.27
SCRIPT       : DATA_LOG | 1063938 | aRapBi1cCZPZAGLIDny3dk3hQ8vTmNTLHRl8zxmKgQ0= | 12132.9 | 93.766 | 13875.3 | 0.960959 | 0.27669 | 1 | Engraved1911 | 0 | 92.1972 | 95.6569 | 0 | 1 | 1 | 0 | 0 | 0 | 1 | 1 | camera | Land_Village_Pub | 0.960959 | 0 | 0.27
SCRIPT       : DATA_LOG | 1064943 | aRapBi1cCZPZAGLIDny3dk3hQ8vTmNTLHRl8zxmKgQ0= | 12132.9 | 93.766 | 13875.3 | 0.960959 | 0.27669 | 0 | Engraved1911 | 0 | 92.1956 | 95.6545 | 0 | 1 | 1 | 0 | 0 | 0 | 0 | 1 | camera | Land_Village_Pub | 0.960959 | 0 | 0.27
SCRIPT       : DATA_LOG | 1065943 | aRapBi1cCZPZAGLIDny3dk3hQ8vTmNTLHRl8zxmKgQ0= | 12133.9 | 92.9666 | 13877.5 | -0.496094 | 0.868269 | 0 | Engraved1911 | 0 | 163.107 | 97.596 | 0 | 1 | 1 | 0 | 0 | 0 | 0 | 1 | camera | Land_Village_Pub | -0.496094 | 0 | 0
SCRIPT       : DATA_LOG | 1066943 | aRapBi1cCZPZAGLIDny3dk3hQ8vTmNTLHRl8zxmKgQ0= | 12133.3 | 92.82 | 13881 | 0.662738 | 0.748851 | 0 | Engraved1911 | 0 | 125.606 | 101.186 | 0 | 1 | 1 | 0 | 0 | 0 | 0 | 1 | camera |  | 0.662738 | 0 | 0.748851 | 0.662738 | 
SCRIPT       : DATA_LOG | 1067960 | aRapBi1cCZPZAGLIDny3dk3hQ8vTmNTLHRl8zxmKgQ0= | 12137.1 | 92.7268 | 13885 | 0.380392 | 0.924825 | 0 | Engraved1911 | 0 | 147.228 | 104.333 | 0 | 1 | 1 | 0 | 0 | 0 | 0 | 1 | camera | Land_Village_Pub | 0.380392 | 0 | 0.92
SCRIPT       : DATA_LOG | 1068946 | aRapBi1cCZPZAGLIDny3dk3hQ8vTmNTLHRl8zxmKgQ0= | 12140 | 92.6571 | 13890.8 | -0.721354 | 0.692567 | 0 | Engraved1911 | 0 | 142.119 | 109.536 | 0 | 1 | 1 | 0 | 0 | 0 | 0 | 1 | camera |  | -0.721354 | 0 | 0.692567 | -0.7213
SCRIPT       : DATA_LOG | 1069944 | aRapBi1cCZPZAGLIDny3dk3hQ8vTmNTLHRl8zxmKgQ0= | 12139.2 | 92.6165 | 13894.7 | -0.981255 | 0.192714 | 0 | Engraved1911 | 0 | 109.512 | 113.511 | 0 | 1 | 1 | 0 | 0 | 0 | 0 | 1 | camera |  | -0.981255 | 0 | 0.192714 | -0.98
SCRIPT       : DATA_LOG | 1070950 | aRapBi1cCZPZAGLIDny3dk3hQ8vTmNTLHRl8zxmKgQ0= | 12135.4 | 92.6 | 13893.5 | -0.874593 | 0.484859 | 0 | Engraved1911 | 0 | 129.402 | 112.954 | 0 | 1 | 1 | 0 | 0 | 0 | 0 | 1 | camera | Land_Village_Pub | -0.874593 | 0 | 0.4
SCRIPT       : DATA_LOG | 1071947 | aRapBi1cCZPZAGLIDny3dk3hQ8vTmNTLHRl8zxmKgQ0= | 12131.8 | 92.5914 | 13892.7 | -0.835449 | 0.549568 | 0 | Engraved1911 | 0 | 135.623 | 112.855 | 0 | 1 | 1 | 0 | 0 | 0 | 0 | 1 | camera |  | -0.835449 | 0 | 0.549568 | -0.83
SCRIPT       : DATA_LOG | 1072947 | aRapBi1cCZPZAGLIDny3dk3hQ8vTmNTLHRl8zxmKgQ0= | 12128.8 | 92.5783 | 13892.9 | -0.784236 | 0.620462 | 1 | Engraved1911 | 0 | 142.073 | 113.804 | 0 | 1 | 1 | 0 | 0 | 0 | 1 | 1 | camera |  | -0.784236 | -0 | 0.620462 | -0.7
SCRIPT       : DATA_LOG | 1073950 | aRapBi1cCZPZAGLIDny3dk3hQ8vTmNTLHRl8zxmKgQ0= | 12128.8 | 92.5783 | 13892.9 | -0.784236 | 0.620462 | 1 | Engraved1911 | 0 | 142.076 | 113.8 | 0 | 1 | 1 | 0 | 0 | 0 | 1 | 1 | camera |  | -0.784236 | -0 | 0.620462 | -0.784
SCRIPT       : DATA_LOG | 1074953 | aRapBi1cCZPZAGLIDny3dk3hQ8vTmNTLHRl8zxmKgQ0= | 12128.8 | 92.5783 | 13892.9 | -0.784236 | 0.620462 | 1 | Engraved1911 | 0 | 142.075 | 113.807 | 0 | 1 | 1 | 0 | 0 | 0 | 1 | 1 | camera |  | -0.784236 | -0 | 0.620462 | -0.7
SCRIPT       : DATA_LOG | 1075955 | aRapBi1cCZPZAGLIDny3dk3hQ8vTmNTLHRl8zxmKgQ0= | 12128.8 | 92.5783 | 13892.9 | -0.784236 | 0.620462 | 1 | Engraved1911 | 0 | 142.075 | 113.799 | 0 | 1 | 1 | 0 | 0 | 0 | 1 | 1 | camera |  | -0.784236 | -0 | 0.620462 | -0.7
SCRIPT       : DATA_LOG | 1076951 | aRapBi1cCZPZAGLIDny3dk3hQ8vTmNTLHRl8zxmKgQ0= | 12128.8 | 92.5783 | 13892.9 | -0.784236 | 0.620462 | 1 | Engraved1911 | 0 | 142.072 | 113.805 | 0 | 1 | 1 | 0 | 0 | 0 | 1 | 1 | camera |  | -0.784236 | -0 | 0.620462 | -0.7
SCRIPT       : DATA_LOG | 1077954 | aRapBi1cCZPZAGLIDny3dk3hQ8vTmNTLHRl8zxmKgQ0= | 12128.8 | 92.5783 | 13892.9 | -0.784236 | 0.620462 | 0 | Engraved1911 | 0 | 142.071 | 113.81 | 0 | 1 | 1 | 0 | 0 | 0 | 0 | 1 | camera |  | -0.784236 | -0 | 0.620462 | -0.78
SCRIPT       : DATA_LOG | 1078953 | aRapBi1cCZPZAGLIDny3dk3hQ8vTmNTLHRl8zxmKgQ0= | 12128.2 | 92.5742 | 13893.4 | -0.749313 | 0.662216 | 1 | Engraved1911 | 0 | 145.427 | 114.362 | 0 | 1 | 1 | 0 | 0 | 0 | 0 | 1 | camera |  | -0.749313 | 0 | 0.662216 | -0.74
SCRIPT       : DATA_LOG | 1079954 | aRapBi1cCZPZAGLIDny3dk3hQ8vTmNTLHRl8zxmKgQ0= | 12128.3 | 92.5748 | 13893.3 | -0.842984 | 0.537939 | 1 | Engraved1911 | 0 | 136.456 | 114.3 | 0 | 1 | 1 | 0 | 0 | 0 | 0 | 1 | camera |  | -0.842984 | -0 | 0.537939 | -0.842
SCRIPT       : DATA_LOG | 1080957 | aRapBi1cCZPZAGLIDny3dk3hQ8vTmNTLHRl8zxmKgQ0= | 12128.3 | 92.5748 | 13893.3 | -0.842984 | 0.537939 | 1 | Engraved1911 | 0 | 136.46 | 114.295 | 0 | 1 | 1 | 0 | 0 | 0 | 0 | 1 | camera |  | -0.842984 | -0 | 0.537939 | -0.84
SCRIPT       : DATA_LOG | 1081955 | aRapBi1cCZPZAGLIDny3dk3hQ8vTmNTLHRl8zxmKgQ0= | 12128.9 | 92.5791 | 13892.9 | -0.821854 | 0.569698 | 0 | Engraved1911 | 0 | 138.383 | 113.723 | 0 | 1 | 1 | 0 | 0 | 0 | 0 | 1 | camera |  | -0.821854 | -0 | 0.569698 | -0.8
SCRIPT       : DATA_LOG | 1082955 | aRapBi1cCZPZAGLIDny3dk3hQ8vTmNTLHRl8zxmKgQ0= | 12128.4 | 92.5752 | 13893.3 | -0.743169 | 0.669104 | 0 | Engraved1911 | 0 | 145.834 | 114.288 | 0 | 1 | 1 | 0 | 0 | 0 | 0 | 1 | camera |  | -0.743169 | -0 | 0.669104 | -0.7
SCRIPT       : DATA_LOG | 1083957 | aRapBi1cCZPZAGLIDny3dk3hQ8vTmNTLHRl8zxmKgQ0= | 12128.2 | 92.5724 | 13893.9 | -0.315825 | 0.948817 | 0 | Engraved1911 | 0 | 175.113 | 114.826 | 0 | 1 | 1 | 0 | 0 | 0 | 0 | 1 | camera |  | -0.315825 | 0 | 0.948817 | -0.31
SCRIPT       : DATA_LOG | 1084968 | aRapBi1cCZPZAGLIDny3dk3hQ8vTmNTLHRl8zxmKgQ0= | 12127.5 | 92.554 | 13897.9 | 0.457087 | 0.889422 | 0 | Engraved1911 | 0 | 138.978 | 118.92 | 0 | 1 | 1 | 0 | 0 | 0 | 0 | 1 | camera |  | 0.457087 | 0 | 0.889422 | 0.457087 
SCRIPT       : DATA_LOG | 1085960 | aRapBi1cCZPZAGLIDny3dk3hQ8vTmNTLHRl8zxmKgQ0= | 12128.7 | 92.5542 | 13899 | 0.88533 | 0.464964 | 0 | Engraved1911 | 0 | 104.628 | 119.753 | 0 | 1 | 1 | 0 | 0 | 0 | 0 | 1 | camera |  | 0.88533 | 0 | 0.464964 | 0.88533 | 0
SCRIPT       : DATA_LOG | 1086965 | aRapBi1cCZPZAGLIDny3dk3hQ8vTmNTLHRl8zxmKgQ0= | 12128.7 | 92.5542 | 13899 | 0.88533 | 0.464964 | 0 | Engraved1911 | 0 | 104.63 | 119.76 | 0 | 1 | 1 | 0 | 0 | 0 | 0 | 1 | camera |  | 0.88533 | 0 | 0.464964 | 0.88533 | 0 |
SCRIPT       : DATA_LOG | 1087963 | aRapBi1cCZPZAGLIDny3dk3hQ8vTmNTLHRl8zxmKgQ0= | 12128.7 | 92.5542 | 13899 | 0.88533 | 0.464964 | 0 | Engraved1911 | 0 | 104.626 | 119.756 | 0 | 1 | 1 | 0 | 0 | 0 | 0 | 1 | camera |  | 0.88533 | 0 | 0.464964 | 0.88533 | 0
SCRIPT       : DATA_LOG | 1088961 | aRapBi1cCZPZAGLIDny3dk3hQ8vTmNTLHRl8zxmKgQ0= | 12128.7 | 92.5542 | 13899 | 0.88533 | 0.464964 | 0 | Engraved1911 | 0 | 104.627 | 119.757 | 0 | 1 | 1 | 0 | 0 | 0 | 0 | 1 | camera |  | 0.88533 | 0 | 0.464964 | 0.88533 | 0
SCRIPT       : DATA_LOG | 1089963 | aRapBi1cCZPZAGLIDny3dk3hQ8vTmNTLHRl8zxmKgQ0= | 12128.7 | 92.5542 | 13899 | 0.88533 | 0.464964 | 0 | Engraved1911 | 0 | 104.627 | 119.761 | 0 | 1 | 1 | 0 | 0 | 0 | 0 | 1 | camera |  | 0.88533 | 0 | 0.464964 | 0.88533 | 0
SCRIPT       : DATA_LOG | 1090962 | aRapBi1cCZPZAGLIDny3dk3hQ8vTmNTLHRl8zxmKgQ0= | 12128.7 | 92.5542 | 13899 | 0.88533 | 0.464964 | 0 | Engraved1911 | 0 | 104.628 | 119.753 | 0 | 1 | 1 | 0 | 0 | 0 | 0 | 1 | camera |  | 0.88533 | 0 | 0.464964 | 0.88533 | 0
SCRIPT       : DATA_LOG | 1091969 | aRapBi1cCZPZAGLIDny3dk3hQ8vTmNTLHRl8zxmKgQ0= | 12130.9 | 92.557 | 13900.2 | 0.998795 | 0.0490789 | 1 | Engraved1911 | 0 | 80.87 | 120.378 | 0 | 1 | 1 | 0 | 0 | 0 | 0 | 1 | camera |  | 0.998795 | 0 | 0.0490789 | 0.998795
SCRIPT       : [wpnfsm] Save occured in fsm transition! current state=WeaponDryFire<0x000001D1022143A0> closes stable state=Pistol_OPE_DIS_BU0_MA1<0x000001D102211CA0> id=10
SCRIPT       : DATA_LOG | 1092965 | aRapBi1cCZPZAGLIDny3dk3hQ8vTmNTLHRl8zxmKgQ0= | 12132.5 | 92.5559 | 13901.1 | 0.921079 | -0.389376 | 1 | Engraved1911 | 0 | 56.0072 | 120.937 | 0 | 1 | 1 | 0 | 0 | 0 | 0 | 1 | camera |  | 0.921079 | 0 | -0.389376 | 0.921
SCRIPT       : DATA_LOG | 1093971 | aRapBi1cCZPZAGLIDny3dk3hQ8vTmNTLHRl8zxmKgQ0= | 12134.9 | 92.5514 | 13901.9 | 0.920583 | -0.390548 | 0 | Engraved1911 | 0 | 57.0986 | 121.35 | 0 | 1 | 1 | 0 | 0 | 0 | 0 | 1 | camera | Land_Village_Pub | 0.920583 | 0 | -0
SCRIPT       : DATA_LOG | 1094972 | aRapBi1cCZPZAGLIDny3dk3hQ8vTmNTLHRl8zxmKgQ0= | 12138.9 | 92.5547 | 13901.3 | 0.993934 | -0.109979 | 0 | Engraved1911 | 0 | 75.5946 | 120.059 | 0 | 1 | 1 | 0 | 0 | 0 | 0 | 1 | camera |  | 0.993934 | 0 | -0.109979 | 0.993
SCRIPT       : DATA_LOG | 1095973 | aRapBi1cCZPZAGLIDny3dk3hQ8vTmNTLHRl8zxmKgQ0= | 12142.2 | 92.5451 | 13902.1 | 0.718349 | 0.695683 | 0 | AKM | 0 | 127.549 | 120.434 | 0 | 1 | 1 | 0 | 0 | 0 | 0 | 1 | camera | Land_Shed_W3 | 0.718349 | 0 | 0.695683 | 0.71
SCRIPT       : DATA_LOG | 1096975 | aRapBi1cCZPZAGLIDny3dk3hQ8vTmNTLHRl8zxmKgQ0= | 12144.9 | 92.5185 | 13904.1 | 0.468042 | 0.883706 | 0 | AKM | 0 | 146.932 | 122.221 | 0 | 1 | 1 | 0 | 0 | 0 | 0 | 1 | camera |  | 0.468042 | 0 | 0.883706 | 0.468042 | 0 | 0
SCRIPT       : DATA_LOG | 1097972 | aRapBi1cCZPZAGLIDny3dk3hQ8vTmNTLHRl8zxmKgQ0= | 12147.3 | 92.507 | 13906.3 | -0.214305 | 0.976767 | 0 | AKM | 0 | 171.394 | 124.229 | 0 | 1 | 1 | 0 | 0 | 0 | 0 | 1 | camera |  | -0.214305 | 0 | 0.976767 | -0.214305 | 0 |
SCRIPT       : DATA_LOG | 1098972 | aRapBi1cCZPZAGLIDny3dk3hQ8vTmNTLHRl8zxmKgQ0= | 12146.3 | 92.6028 | 13909 | -0.108945 | 0.994048 | 0 | AKM | 0 | 177.418 | 126.944 | 0 | 1 | 1 | 0 | 0 | 0 | 0 | 1 | camera | Land_Workshop4 | -0.108945 | -0 | 0.994048 | -
SCRIPT       : DATA_LOG | 1099972 | aRapBi1cCZPZAGLIDny3dk3hQ8vTmNTLHRl8zxmKgQ0= | 12146.3 | 92.6028 | 13909 | -0.108945 | 0.994048 | 0 | AKM | 0 | 177.42 | 126.93 | 0 | 1 | 1 | 0 | 0 | 0 | 0 | 1 | camera | Land_Workshop4 | -0.108945 | -0 | 0.994048 | -0.
SCRIPT       : DATA_LOG | 1100974 | aRapBi1cCZPZAGLIDny3dk3hQ8vTmNTLHRl8zxmKgQ0= | 12146.3 | 92.6028 | 13909 | -0.108945 | 0.994048 | 0 | AKM | 0 | 177.419 | 126.934 | 0 | 1 | 1 | 0 | 0 | 0 | 0 | 1 | camera | Land_Workshop4 | -0.108945 | -0 | 0.994048 | -
SCRIPT       : DATA_LOG | 1101977 | aRapBi1cCZPZAGLIDny3dk3hQ8vTmNTLHRl8zxmKgQ0= | 12146.7 | 92.6025 | 13908.5 | 0.919984 | -0.391957 | 0 | AKM | 0 | 62.8222 | 126.434 | 0 | 1 | 1 | 0 | 0 | 0 | 0 | 1 | camera | Land_Workshop4 | 0.919984 | 0 | -0.391957 | 
SCRIPT       : DATA_LOG | 1102977 | aRapBi1cCZPZAGLIDny3dk3hQ8vTmNTLHRl8zxmKgQ0= | 12148 | 92.5075 | 13905.7 | 0.238642 | -0.971108 | 1 | AKM | 0 | 10.3162 | 123.563 | 0 | 1 | 1 | 0 | 0 | 0 | 1 | 1 | camera |  | 0.238642 | 0 | -0.971108 | 0.238642 | 0 | -
SCRIPT       : DATA_LOG | 1103980 | aRapBi1cCZPZAGLIDny3dk3hQ8vTmNTLHRl8zxmKgQ0= | 12148.4 | 92.5092 | 13904.2 | 0.316934 | -0.948447 | 1 | AKM | 0 | 15.1111 | 121.994 | 0 | 1 | 1 | 0 | 0 | 0 | 1 | 1 | camera |  | 0.316934 | 0 | -0.948447 | 0.316934 | 0 |
SCRIPT       : DATA_LOG | 1104982 | aRapBi1cCZPZAGLIDny3dk3hQ8vTmNTLHRl8zxmKgQ0= | 12148.6 | 92.5086 | 13903.5 | 0.326677 | -0.945136 | 1 | AKM | 0 | 15.7758 | 121.36 | 0 | 1 | 1 | 0 | 0 | 0 | 1 | 1 | camera |  | 0.326677 | 0 | -0.945136 | 0.326677 | 0 | 
SCRIPT       : DATA_LOG | 1105985 | aRapBi1cCZPZAGLIDny3dk3hQ8vTmNTLHRl8zxmKgQ0= | 12149.5 | 92.5062 | 13900.7 | 0.286262 | -0.958151 | 0 | AKM | 0 | 13.7184 | 118.48 | 0 | 1 | 1 | 0 | 0 | 0 | 0 | 1 | camera |  | 0.286262 | 0 | -0.958151 | 0.286262 | 0 | 
SCRIPT       : DATA_LOG | 1106983 | aRapBi1cCZPZAGLIDny3dk3hQ8vTmNTLHRl8zxmKgQ0= | 12151.4 | 92.5804 | 13894.4 | 0.34181 | -0.939769 | 0 | AKM | 0 | 17.8168 | 112.094 | 0 | 1 | 1 | 0 | 0 | 0 | 0 | 1 | camera |  | 0.34181 | 0 | -0.939769 | 0.34181 | 0 | -0
SCRIPT       : DATA_LOG | 1107981 | aRapBi1cCZPZAGLIDny3dk3hQ8vTmNTLHRl8zxmKgQ0= | 12152.5 | 92.7373 | 13888.7 | 0.0944717 | -0.995528 | 1 | AKM | 0 | 4.10484 | 106.315 | 0 | 1 | 1 | 1 | 1 | 1 | 1 | 1 | camera |  | 0.0944717 | 0 | -0.995528 | 0.0944717 | 
SCRIPT       : DATA_LOG | 1108987 | aRapBi1cCZPZAGLIDny3dk3hQ8vTmNTLHRl8zxmKgQ0= | 12152.6 | 92.7759 | 13887.7 | 0.124163 | -0.992262 | 1 | AKM | 0 | 5.70949 | 105.395 | 0 | 1 | 1 | 0 | 0 | 0 | 1 | 1 | camera |  | 0.124163 | 0 | -0.992262 | 0.124163 | 0 |
SCRIPT       : DATA_LOG | 1109989 | aRapBi1cCZPZAGLIDny3dk3hQ8vTmNTLHRl8zxmKgQ0= | 12152.9 | 92.9489 | 13883.2 | 0.123875 | -0.992298 | 0 | AKM | 0 | 5.80076 | 100.88 | 0 | 1 | 1 | 0 | 0 | 0 | 0 | 1 | camera |  | 0.123875 | 0 | -0.992298 | 0.123875 | 0 | 
SCRIPT       : DATA_LOG | 1110986 | aRapBi1cCZPZAGLIDny3dk3hQ8vTmNTLHRl8zxmKgQ0= | 12152 | 93.0958 | 13876.7 | 0.174967 | -0.984574 | 0 | AKM | 0 | 8.00337 | 94.3424 | 0 | 1 | 1 | 0 | 0 | 0 | 0 | 1 | camera |  | 0.174967 | 0 | -0.984574 | 0.174967 | 0 | -
SCRIPT       : DATA_LOG | 1111989 | aRapBi1cCZPZAGLIDny3dk3hQ8vTmNTLHRl8zxmKgQ0= | 12151.3 | 93.1544 | 13871.3 | 0.338606 | -0.940928 | 1 | AKM | 0 | 17.0189 | 89.0116 | 0 | 1 | 1 | 0 | 0 | 0 | 1 | 1 | camera |  | 0.338606 | 0 | -0.940928 | 0.338606 | 0 |
SCRIPT       : DATA_LOG | 1112988 | aRapBi1cCZPZAGLIDny3dk3hQ8vTmNTLHRl8zxmKgQ0= | 12150.3 | 93.1687 | 13869.7 | 0.367158 | -0.930159 | 1 | AKM | 0 | 18.0791 | 87.5194 | 0 | 1 | 1 | 0 | 0 | 0 | 1 | 1 | camera |  | 0.367158 | 0 | -0.930159 | 0.367158 | 0 |
SCRIPT       : DATA_LOG | 1113989 | aRapBi1cCZPZAGLIDny3dk3hQ8vTmNTLHRl8zxmKgQ0= | 12151.1 | 93.1903 | 13866.4 | 0.388276 | -0.921543 | 0 | AKM | 0 | 19.7819 | 84.1731 | 0 | 1 | 1 | 0 | 0 | 0 | 0 | 1 | camera |  | 0.388276 | 0 | -0.921543 | 0.388276 | 0 |
SCRIPT       : DATA_LOG | 1114998 | aRapBi1cCZPZAGLIDny3dk3hQ8vTmNTLHRl8zxmKgQ0= | 12153.8 | 93.3039 | 13860.2 | 0.157534 | -0.987514 | 0 | AKM | 0 | 7.9116 | 77.8022 | 0 | 1 | 1 | 0 | 0 | 0 | 0 | 1 | camera |  | 0.157534 | 0 | -0.987514 | 0.157534 | 0 | 
SCRIPT       : DATA_LOG | 1115993 | aRapBi1cCZPZAGLIDny3dk3hQ8vTmNTLHRl8zxmKgQ0= | 12153.6 | 93.526 | 13853.8 | -0.067205 | -0.997739 | 1 | AKM | 0 | 6.08293 | 71.4277 | 0 | 1 | 1 | 0 | 0 | 0 | 1 | 1 | camera |  | -0.067205 | 0 | -0.997739 | -0.067205 | 0
SCRIPT       : DATA_LOG | 1116994 | aRapBi1cCZPZAGLIDny3dk3hQ8vTmNTLHRl8zxmKgQ0= | 12152.9 | 93.5762 | 13852.7 | -0.0615424 | -0.998104 | 1 | AKM | 0 | 6.31935 | 70.3719 | 0 | 1 | 1 | 0 | 0 | 0 | 1 | 1 | camera |  | -0.0615424 | 0 | -0.998104 | -0.0615424
SCRIPT       : DATA_LOG | 1117992 | aRapBi1cCZPZAGLIDny3dk3hQ8vTmNTLHRl8zxmKgQ0= | 12152.5 | 93.6805 | 13849.9 | -0.0830583 | -0.996545 | 0 | AKM | 0 | 7.87325 | 67.5334 | 0 | 1 | 1 | 0 | 0 | 0 | 0 | 1 | camera |  | -0.0830583 | 0 | -0.996545 | -0.0830583
SCRIPT       : DATA_LOG | 1118993 | aRapBi1cCZPZAGLIDny3dk3hQ8vTmNTLHRl8zxmKgQ0= | 12152.5 | 93.6831 | 13849.7 | -0.0830583 | -0.996545 | 0 | AKM | 0 | 7.89329 | 67.3498 | 0 | 1 | 1 | 0 | 0 | 0 | 0 | 1 | camera |  | -0.0830583 | 0 | -0.996545 | -0.0830583
 SCRIPT       : ---- PlayerBase OnStoreLoad SUCCESS ----
 SCRIPT       : [VPPAT] Player "Survivor" (steamId=76561198831936218) connected to server!
SCRIPT       : DATA_LOG | 1119992 | aRapBi1cCZPZAGLIDny3dk3hQ8vTmNTLHRl8zxmKgQ0= | 12152.5 | 93.6831 | 13849.7 | -0.0830583 | -0.996545 | 0 | AKM | 0 | 7.88854 | 67.3593 | 0 | 1 | 1 | 0 | 0 | 0 | 0 | 1 | camera |  | -0.0830583 | 0 | -0.996545 | -0.0830583
SCRIPT       : DATA_LOG | 1120012 | PZGroGt7dzj176WftFBB5rmPE9m3jQ1JfAwZGgteaGg= | 8416.45 | 5.56824 | 3120.79 | -0.917451 | -0.39785 | 0 | none | -1 | 180 | 0 | 0 | 0 | 0 | 0 | 0 | 0 | 0 | 1 | camera | no_target | -0.917451 | 0 | -0.39785 | -0.917451 | 0
SCRIPT       : DATA_LOG | 1121006 | aRapBi1cCZPZAGLIDny3dk3hQ8vTmNTLHRl8zxmKgQ0= | 12152.5 | 93.6831 | 13849.7 | 0.748014 | -0.663683 | 0 | AKM | 0 | 45.6701 | 67.3632 | 0 | 1 | 1 | 0 | 0 | 0 | 0 | 1 | camera |  | 0.748014 | 0 | -0.663683 | 0.748014 | 0 |
SCRIPT       : DATA_LOG | 1121033 | PZGroGt7dzj176WftFBB5rmPE9m3jQ1JfAwZGgteaGg= | 8416.45 | 5.56824 | 3120.79 | -0.917451 | -0.39785 | 0 | none | -1 | 180 | 0 | 0 | 0 | 0 | 0 | 0 | 0 | 0 | 1 | camera | no_target | -0.917451 | 0 | -0.39785 | -0.917451 | 0
SCRIPT       : DATA_LOG | 1121997 | aRapBi1cCZPZAGLIDny3dk3hQ8vTmNTLHRl8zxmKgQ0= | 12152.5 | 93.6831 | 13849.7 | -0.979409 | -0.201885 | 0 | AKM | 0 | 81.157 | 67.3507 | 0 | 1 | 1 | 0 | 0 | 0 | 0 | 1 | camera |  | -0.979409 | 0 | -0.201885 | -0.979409 | 0
SCRIPT       : DATA_LOG | 1122017 | PZGroGt7dzj176WftFBB5rmPE9m3jQ1JfAwZGgteaGg= | 8416.45 | 5.56824 | 3120.79 | -0.917451 | -0.39785 | 0 | none | -1 | 180 | 0 | 0 | 0 | 0 | 0 | 0 | 0 | 0 | 1 | camera | no_target | -0.917451 | 0 | -0.39785 | -0.917451 | 0
SCRIPT       : DATA_LOG | 1123001 | aRapBi1cCZPZAGLIDny3dk3hQ8vTmNTLHRl8zxmKgQ0= | 12149.4 | 93.6687 | 13850.7 | -0.93823 | 0.346013 | 0 | AKM | 0 | 115.618 | 68.6199 | 0 | 1 | 1 | 0 | 0 | 0 | 0 | 1 | camera |  | -0.93823 | 0 | 0.346013 | -0.93823 | 0 | 0
SCRIPT       : DATA_LOG | 1123025 | PZGroGt7dzj176WftFBB5rmPE9m3jQ1JfAwZGgteaGg= | 8416.45 | 5.56824 | 3120.79 | -0.917451 | -0.39785 | 0 | none | -1 | 180 | 0 | 0 | 0 | 0 | 0 | 0 | 0 | 0 | 1 | camera | no_target | -0.917451 | 0 | -0.39785 | -0.917451 | 0
SCRIPT       : DATA_LOG | 1124009 | aRapBi1cCZPZAGLIDny3dk3hQ8vTmNTLHRl8zxmKgQ0= | 12143 | 93.7896 | 13852.2 | -0.879751 | 0.475435 | 0 | AKM | 0 | 128.796 | 70.9322 | 0 | 1 | 1 | 0 | 0 | 0 | 0 | 1 | camera | Land_City_Stand_Grocery | -0.879751 | 0 | 0.47
SCRIPT       : DATA_LOG | 1124037 | PZGroGt7dzj176WftFBB5rmPE9m3jQ1JfAwZGgteaGg= | 8416.45 | 5.56824 | 3120.79 | -0.917451 | -0.39785 | 0 | none | -1 | 180 | 0 | 0 | 0 | 0 | 0 | 0 | 0 | 0 | 1 | camera | no_target | -0.917451 | 0 | -0.39785 | -0.917451 | 0
SCRIPT       : DATA_LOG | 1125012 | aRapBi1cCZPZAGLIDny3dk3hQ8vTmNTLHRl8zxmKgQ0= | 12136.5 | 93.6386 | 13853.9 | -0.84932 | 0.527879 | 0 | AKM | 0 | 136.922 | 74.0957 | 0 | 1 | 1 | 0 | 0 | 0 | 0 | 1 | camera | Land_City_Stand_Grocery | -0.84932 | 0 | 0.52
SCRIPT       : DATA_LOG | 1125042 | PZGroGt7dzj176WftFBB5rmPE9m3jQ1JfAwZGgteaGg= | 8416.45 | 5.56824 | 3120.79 | -0.917451 | -0.39785 | 0 | none | -1 | 180 | 0 | 0 | 0 | 0 | 0 | 0 | 0 | 0 | 1 | camera | no_target | -0.917451 | 0 | -0.39785 | -0.917451 | 0
SCRIPT       : DATA_LOG | 1126007 | aRapBi1cCZPZAGLIDny3dk3hQ8vTmNTLHRl8zxmKgQ0= | 12130 | 93.5145 | 13854.2 | -0.64035 | -0.768084 | 0 | AKM | 0 | 59.6607 | 76.3349 | 0 | 1 | 1 | 0 | 0 | 0 | 0 | 1 | camera |  | -0.64035 | 0 | -0.768084 | -0.64035 | 0 | -
SCRIPT       : DATA_LOG | 1126030 | PZGroGt7dzj176WftFBB5rmPE9m3jQ1JfAwZGgteaGg= | 8416.45 | 5.56824 | 3120.79 | -0.917451 | -0.39785 | 0 | none | -1 | 180 | 0 | 0 | 0 | 0 | 0 | 0 | 0 | 0 | 1 | camera | no_target | -0.917451 | 0 | -0.39785 | -0.917451 | 0
SCRIPT       : DATA_LOG | 1127005 | aRapBi1cCZPZAGLIDny3dk3hQ8vTmNTLHRl8zxmKgQ0= | 12126 | 93.2658 | 13853.4 | -0.488157 | -0.872756 | 1 | AKM | 0 | 52.0549 | 77.0233 | 0 | 1 | 1 | 0 | 0 | 0 | 1 | 1 | camera |  | -0.488157 | 0 | -0.872756 | -0.488157 | 0 
SCRIPT       : DATA_LOG | 1127033 | PZGroGt7dzj176WftFBB5rmPE9m3jQ1JfAwZGgteaGg= | 8416.45 | 5.56824 | 3120.79 | -0.917451 | -0.39785 | 0 | none | -1 | 180 | 0 | 0 | 0 | 0 | 0 | 0 | 0 | 0 | 1 | camera | no_target | -0.917451 | 0 | -0.39785 | -0.917451 | 0
SCRIPT       : DATA_LOG | 1128005 | aRapBi1cCZPZAGLIDny3dk3hQ8vTmNTLHRl8zxmKgQ0= | 12125.4 | 93.4185 | 13853.6 | -0.441453 | -0.897284 | 1 | AKM | 0 | 49.3734 | 77.4913 | 0 | 1 | 1 | 0 | 0 | 0 | 1 | 1 | camera |  | -0.441453 | 0 | -0.897284 | -0.441453 | 
SCRIPT       : DATA_LOG | 1128026 | PZGroGt7dzj176WftFBB5rmPE9m3jQ1JfAwZGgteaGg= | 8416.45 | 5.56824 | 3120.79 | -0.917451 | -0.39785 | 0 | none | -1 | 180 | 0 | 0 | 0 | 0 | 0 | 0 | 0 | 0 | 1 | camera | no_target | -0.917451 | 0 | -0.39785 | -0.917451 | 0
SCRIPT       : DATA_LOG | 1129016 | aRapBi1cCZPZAGLIDny3dk3hQ8vTmNTLHRl8zxmKgQ0= | 12124.3 | 93.3964 | 13853.7 | -0.430702 | -0.902494 | 0 | AKM | 0 | 49.3998 | 77.9789 | 0 | 1 | 1 | 0 | 0 | 0 | 0 | 1 | camera |  | -0.430702 | 0 | -0.902494 | -0.430702 | 
SCRIPT       : DATA_LOG | 1129040 | PZGroGt7dzj176WftFBB5rmPE9m3jQ1JfAwZGgteaGg= | 8416.45 | 5.56824 | 3120.79 | -0.917451 | -0.39785 | 0 | none | -1 | 180 | 0 | 0 | 0 | 0 | 0 | 0 | 0 | 0 | 1 | camera | no_target | -0.917451 | 0 | -0.39785 | -0.917451 | 0
SCRIPT       : DATA_LOG | 1130012 | aRapBi1cCZPZAGLIDny3dk3hQ8vTmNTLHRl8zxmKgQ0= | 12122.9 | 93.2752 | 13852.3 | 0.999605 | -0.0280947 | 0 | AKM | 0 | 63.2144 | 77.3087 | 0 | 1 | 1 | 0 | 0 | 0 | 0 | 1 | camera |  | 0.999605 | 0 | -0.0280947 | 0.999605 | 0
SCRIPT       : DATA_LOG | 1130037 | PZGroGt7dzj176WftFBB5rmPE9m3jQ1JfAwZGgteaGg= | 8416.45 | 5.56824 | 3120.79 | -0.917451 | -0.39785 | 0 | none | -1 | 180 | 0 | 0 | 0 | 0 | 0 | 0 | 0 | 0 | 1 | camera | no_target | -0.917451 | 0 | -0.39785 | -0.917451 | 0
SCRIPT       : DATA_LOG | 1131009 | aRapBi1cCZPZAGLIDny3dk3hQ8vTmNTLHRl8zxmKgQ0= | 12128.3 | 93.477 | 13854.6 | 0.766135 | 0.64268 | 0 | AKM | 0 | 109.082 | 77.3012 | 0 | 1 | 1 | 0 | 0 | 0 | 0 | 1 | camera |  | 0.766135 | 0 | 0.64268 | 0.766135 | 0 | 0.64
SCRIPT       : DATA_LOG | 1131029 | PZGroGt7dzj176WftFBB5rmPE9m3jQ1JfAwZGgteaGg= | 8416.45 | 5.56824 | 3120.79 | -0.917451 | -0.39785 | 0 | none | -1 | 180 | 0 | 0 | 0 | 0 | 0 | 0 | 0 | 0 | 1 | camera | no_target | -0.917451 | 0 | -0.39785 | -0.917451 | 0
SCRIPT       : DATA_LOG | 1132015 | aRapBi1cCZPZAGLIDny3dk3hQ8vTmNTLHRl8zxmKgQ0= | 12132.9 | 93.2958 | 13858.2 | 0.510753 | 0.859727 | 0 | AKM | 0 | 132.411 | 79.188 | 0 | 1 | 1 | 0 | 0 | 0 | 0 | 1 | camera |  | 0.510753 | 0 | 0.859727 | 0.510753 | 0 | 0.
SCRIPT       : DATA_LOG | 1132036 | PZGroGt7dzj176WftFBB5rmPE9m3jQ1JfAwZGgteaGg= | 8416.45 | 5.56824 | 3120.79 | -0.917451 | -0.39785 | 0 | none | -1 | 180 | 0 | 0 | 0 | 0 | 0 | 0 | 0 | 0 | 1 | camera | no_target | -0.917451 | 0 | -0.39785 | -0.917451 | 0
SCRIPT       : DATA_LOG | 1133014 | aRapBi1cCZPZAGLIDny3dk3hQ8vTmNTLHRl8zxmKgQ0= | 12134.3 | 93.6964 | 13861.5 | 0.161539 | 0.986866 | 0 | AKM | 0 | 155.426 | 82.0095 | 0 | 1 | 1 | 0 | 0 | 0 | 0 | 1 | camera |  | 0.161539 | 0 | 0.986866 | 0.161539 | 0 | 0
SCRIPT       : DATA_LOG | 1133035 | PZGroGt7dzj176WftFBB5rmPE9m3jQ1JfAwZGgteaGg= | 8416.45 | 5.56824 | 3120.79 | -0.917451 | -0.39785 | 0 | none | -1 | 180 | 0 | 0 | 0 | 0 | 0 | 0 | 0 | 0 | 1 | camera | no_target | -0.917451 | 0 | -0.39785 | -0.917451 | 0
SCRIPT       : DATA_LOG | 1134013 | aRapBi1cCZPZAGLIDny3dk3hQ8vTmNTLHRl8zxmKgQ0= | 12134.5 | 93.8047 | 13862 | 0.150136 | 0.988665 | 0 | AKM | 0 | 156.304 | 82.4384 | 0 | 1 | 1 | 0 | 0 | 0 | 0 | 1 | camera |  | 0.150136 | 0 | 0.988665 | 0.150136 | 0 | 0.9
SCRIPT       : DATA_LOG | 1134033 | PZGroGt7dzj176WftFBB5rmPE9m3jQ1JfAwZGgteaGg= | 8416.45 | 5.56824 | 3120.79 | -0.917451 | -0.39785 | 0 | none | -1 | 180 | 0 | 0 | 0 | 0 | 0 | 0 | 0 | 0 | 1 | camera | no_target | -0.917451 | 0 | -0.39785 | -0.917451 | 0
SCRIPT       : DATA_LOG | 1135021 | aRapBi1cCZPZAGLIDny3dk3hQ8vTmNTLHRl8zxmKgQ0= | 12133.6 | 93.7913 | 13864.6 | 0.0337052 | 0.999432 | 0 | AKM | 0 | 162.834 | 85.1945 | 0 | 1 | 1 | 0 | 0 | 0 | 0 | 1 | camera | Land_Village_Pub | 0.0337052 | 0 | 0.999432 
SCRIPT       : DATA_LOG | 1135043 | PZGroGt7dzj176WftFBB5rmPE9m3jQ1JfAwZGgteaGg= | 8416.45 | 5.56824 | 3120.79 | -0.917451 | -0.39785 | 0 | none | -1 | 180 | 0 | 0 | 0 | 0 | 0 | 0 | 0 | 0 | 1 | camera | no_target | -0.917451 | 0 | -0.39785 | -0.917451 | 0
SCRIPT       : DATA_LOG | 1136012 | aRapBi1cCZPZAGLIDny3dk3hQ8vTmNTLHRl8zxmKgQ0= | 12133.5 | 93.7913 | 13868.2 | 0.210898 | 0.977508 | 0 | AKM | 0 | 153.179 | 88.6579 | 0 | 1 | 1 | 0 | 0 | 0 | 0 | 1 | camera | Land_Village_Pub | 0.210898 | 0 | 0.977508 | 
SCRIPT       : DATA_LOG | 1136030 | PZGroGt7dzj176WftFBB5rmPE9m3jQ1JfAwZGgteaGg= | 8416.45 | 5.56824 | 3120.79 | -0.917451 | -0.39785 | 0 | none | -1 | 180 | 0 | 0 | 0 | 0 | 0 | 0 | 0 | 0 | 1 | camera | no_target | -0.917451 | 0 | -0.39785 | -0.917451 | 0
SCRIPT       : DATA_LOG | 1137017 | aRapBi1cCZPZAGLIDny3dk3hQ8vTmNTLHRl8zxmKgQ0= | 12133.9 | 93.7911 | 13869.4 | 0.339761 | 0.940512 | 0 | AKM | 0 | 145.941 | 89.6811 | 0 | 1 | 1 | 0 | 0 | 0 | 0 | 1 | camera | Land_Village_Pub | 0.339761 | 0 | 0.940512 | 
SCRIPT       : DATA_LOG | 1137036 | PZGroGt7dzj176WftFBB5rmPE9m3jQ1JfAwZGgteaGg= | 8416.45 | 5.56824 | 3120.79 | -0.917451 | -0.39785 | 0 | none | -1 | 180 | 0 | 0 | 0 | 0 | 0 | 0 | 0 | 0 | 1 | camera | no_target | -0.917451 | 0 | -0.39785 | -0.917451 | 0
SCRIPT       : DATA_LOG | 1138020 | aRapBi1cCZPZAGLIDny3dk3hQ8vTmNTLHRl8zxmKgQ0= | 12133.9 | 93.7911 | 13869.4 | 0.981256 | 0.192708 | 0 | AKM | 0 | 86.945 | 89.6769 | 0 | 1 | 1 | 0 | 0 | 0 | 0 | 1 | camera | Land_Village_Pub | 0.981256 | 0 | 0.192708 | 0
SCRIPT       : DATA_LOG | 1138044 | PZGroGt7dzj176WftFBB5rmPE9m3jQ1JfAwZGgteaGg= | 8416.45 | 5.56824 | 3120.79 | -0.917451 | -0.39785 | 0 | none | -1 | 180 | 0 | 0 | 0 | 0 | 0 | 0 | 0 | 0 | 1 | camera | no_target | -0.917451 | 0 | -0.39785 | -0.917451 | 0
SCRIPT       : DATA_LOG | 1139027 | aRapBi1cCZPZAGLIDny3dk3hQ8vTmNTLHRl8zxmKgQ0= | 12134.3 | 93.7909 | 13867.8 | 0.345623 | -0.938373 | 0 | AKM | 0 | 6.31565 | 88.0715 | 0 | 1 | 1 | 0 | 0 | 0 | 0 | 1 | camera | Land_Village_Pub | 0.345623 | 0 | -0.938373 
SCRIPT       : DATA_LOG | 1139050 | PZGroGt7dzj176WftFBB5rmPE9m3jQ1JfAwZGgteaGg= | 8416.45 | 5.56824 | 3120.79 | -0.917451 | -0.39785 | 0 | none | -1 | 180 | 0 | 0 | 0 | 0 | 0 | 0 | 0 | 0 | 1 | camera | no_target | -0.917451 | 0 | -0.39785 | -0.917451 | 0
SCRIPT       : DATA_LOG | 1140018 | aRapBi1cCZPZAGLIDny3dk3hQ8vTmNTLHRl8zxmKgQ0= | 12134 | 93.7911 | 13866 | 0.345474 | -0.938428 | 0 | AKM | 0 | 5.85618 | 86.4069 | 0 | 1 | 1 | 0 | 0 | 0 | 0 | 1 | camera | Land_Village_Pub | 0.345474 | 0 | -0.938428 | 0.
SCRIPT       : DATA_LOG | 1140037 | PZGroGt7dzj176WftFBB5rmPE9m3jQ1JfAwZGgteaGg= | 8416.5 | 5.69194 | 3122.55 | 0.203478 | 0.97908 | 0 | none | -1 | 180 | 0 | 0 | 0 | 0 | 0 | 0 | 0 | 0 | 1 | camera | no_target | 0.203478 | 0 | 0.97908 | 0.203478 | 0 | 0.9
SCRIPT       : DATA_LOG | 1141022 | aRapBi1cCZPZAGLIDny3dk3hQ8vTmNTLHRl8zxmKgQ0= | 12134 | 93.7911 | 13866 | 0.345474 | -0.938428 | 0 | AKM | 0 | 5.85538 | 86.395 | 0 | 1 | 1 | 0 | 0 | 0 | 0 | 1 | camera | Land_Village_Pub | 0.345474 | 0 | -0.938428 | 0.3
SCRIPT       : DATA_LOG | 1141042 | PZGroGt7dzj176WftFBB5rmPE9m3jQ1JfAwZGgteaGg= | 8417.24 | 6.05003 | 3127.52 | 0.00286931 | 0.999996 | 0 | none | -1 | 180 | 0 | 0 | 0 | 0 | 0 | 0 | 0 | 0 | 1 | camera | no_target | 0.00286931 | 0 | 0.999996 | 0.00286931 
SCRIPT       : DATA_LOG | 1142021 | aRapBi1cCZPZAGLIDny3dk3hQ8vTmNTLHRl8zxmKgQ0= | 12134 | 93.7911 | 13866 | 0.345474 | -0.938428 | 0 | AKM | 0 | 5.86247 | 86.4125 | 0 | 1 | 1 | 0 | 0 | 0 | 0 | 1 | camera | Land_Village_Pub | 0.345474 | 0 | -0.938428 | 0.
SCRIPT       : DATA_LOG | 1142041 | PZGroGt7dzj176WftFBB5rmPE9m3jQ1JfAwZGgteaGg= | 8419.94 | 6.68053 | 3133.4 | 0.926301 | 0.376785 | 0 | none | -1 | 180 | 0 | 0 | 0 | 0 | 0 | 0 | 0 | 0 | 1 | camera | no_target | 0.926301 | 0 | 0.376785 | 0.926301 | 0 | 0
SCRIPT       : DATA_LOG | 1143022 | aRapBi1cCZPZAGLIDny3dk3hQ8vTmNTLHRl8zxmKgQ0= | 12134 | 93.7911 | 13866 | 0.345474 | -0.938428 | 0 | AKM | 0 | 5.85665 | 86.3985 | 0 | 1 | 1 | 0 | 0 | 0 | 0 | 1 | camera | Land_Village_Pub | 0.345474 | 0 | -0.938428 | 0.
SCRIPT       : DATA_LOG | 1143045 | PZGroGt7dzj176WftFBB5rmPE9m3jQ1JfAwZGgteaGg= | 8425.93 | 6.79206 | 3134.35 | 0.975875 | 0.218328 | 0 | none | -1 | 180 | 0 | 0 | 0 | 0 | 0 | 0 | 0 | 0 | 1 | camera | no_target | 0.975875 | 0 | 0.218328 | 0.975875 | 0 | 
 SCRIPT       : [Logout]: New player PZGroGt7dzj176WftFBB5rmPE9m3jQ1JfAwZGgteaGg= with logout time 15
 SCRIPT       : Player "Survivor" (steamid=76561198831936218) initiated disconnect process...
SCRIPT       : DATA_LOG | 1144023 | aRapBi1cCZPZAGLIDny3dk3hQ8vTmNTLHRl8zxmKgQ0= | 12134 | 93.7911 | 13866 | 0.345474 | -0.938428 | 0 | AKM | 0 | 5.85816 | 86.403 | 0 | 1 | 1 | 0 | 0 | 0 | 0 | 1 | camera | Land_Village_Pub | 0.345474 | 0 | -0.938428 | 0.3
SCRIPT       : DATA_LOG | 1144040 | PZGroGt7dzj176WftFBB5rmPE9m3jQ1JfAwZGgteaGg= | 8426.55 | 6.80842 | 3134.47 | 0.994599 | 0.103794 | 0 | none | -1 | 180 | 0 | 0 | 0 | 0 | 0 | 0 | 0 | 0 | 1 | camera | no_target | 0.994599 | 0 | 0.103794 | 0.994599 | 0 | 
SCRIPT       : DATA_LOG | 1145028 | aRapBi1cCZPZAGLIDny3dk3hQ8vTmNTLHRl8zxmKgQ0= | 12134 | 93.7911 | 13866 | 0.345474 | -0.938428 | 0 | none | 0 | 5.85448 | 86.4005 | 0 | 1 | 1 | 0 | 0 | 0 | 0 | 1 | camera | Land_Village_Pub | 0.345474 | 0 | -0.938428 | 0
SCRIPT       : DATA_LOG | 1146026 | aRapBi1cCZPZAGLIDny3dk3hQ8vTmNTLHRl8zxmKgQ0= | 12134 | 93.7911 | 13866 | 0.345474 | -0.938428 | 0 | none | 0 | 5.85314 | 86.4 | 0 | 1 | 1 | 0 | 0 | 0 | 0 | 1 | camera | Land_Village_Pub | 0.345474 | 0 | -0.938428 | 0.34
SCRIPT       : DATA_LOG | 1147026 | aRapBi1cCZPZAGLIDny3dk3hQ8vTmNTLHRl8zxmKgQ0= | 12134 | 93.7911 | 13866 | 0.345474 | -0.938428 | 0 | none | 0 | 5.85712 | 86.4085 | 0 | 1 | 1 | 0 | 0 | 0 | 0 | 1 | camera | Land_Village_Pub | 0.345474 | 0 | -0.938428 | 0
SCRIPT       : DATA_LOG | 1148028 | aRapBi1cCZPZAGLIDny3dk3hQ8vTmNTLHRl8zxmKgQ0= | 12134 | 93.7911 | 13866 | 0.345474 | -0.938428 | 0 | none | 0 | 5.85458 | 86.3943 | 0 | 1 | 1 | 0 | 0 | 0 | 0 | 1 | camera | Land_Village_Pub | 0.345474 | 0 | -0.938428 | 0
SCRIPT       : DATA_LOG | 1149032 | aRapBi1cCZPZAGLIDny3dk3hQ8vTmNTLHRl8zxmKgQ0= | 12134.8 | 93.7908 | 13865.5 | -0.579407 | -0.815038 | 0 | none | 0 | 49.6486 | 85.7456 | 0 | 1 | 1 | 0 | 0 | 0 | 0 | 1 | camera | Land_Village_Pub | -0.579407 | 0 | -0.8150
SCRIPT       : DATA_LOG | 1150034 | aRapBi1cCZPZAGLIDny3dk3hQ8vTmNTLHRl8zxmKgQ0= | 12133.9 | 93.7912 | 13864.9 | -0.986578 | 0.163291 | 0 | none | 0 | 114.285 | 85.3801 | 0 | 1 | 1 | 0 | 0 | 0 | 0 | 1 | camera |  | -0.986578 | -0 | 0.163291 | -0.986578 | 
SCRIPT       : DATA_LOG | 1151036 | aRapBi1cCZPZAGLIDny3dk3hQ8vTmNTLHRl8zxmKgQ0= | 12133.9 | 93.7912 | 13864.9 | -0.986578 | 0.163291 | 0 | none | 0 | 114.286 | 85.3803 | 0 | 1 | 1 | 0 | 0 | 0 | 0 | 1 | camera |  | -0.986578 | -0 | 0.163291 | -0.986578 | 
SCRIPT       : DATA_LOG | 1152034 | aRapBi1cCZPZAGLIDny3dk3hQ8vTmNTLHRl8zxmKgQ0= | 12133.9 | 93.7912 | 13864.9 | -0.986578 | 0.163291 | 0 | none | 0 | 114.287 | 85.3808 | 0 | 1 | 1 | 0 | 0 | 0 | 0 | 1 | camera |  | -0.986578 | -0 | 0.163291 | -0.986578 | 
 SCRIPT       : [Logout]: New player aRapBi1cCZPZAGLIDny3dk3hQ8vTmNTLHRl8zxmKgQ0= with logout time 15
 SCRIPT       : Player "rafaelglima79" (steamid=76561199445097358) initiated disconnect process...
SCRIPT       : DATA_LOG | 1153032 | aRapBi1cCZPZAGLIDny3dk3hQ8vTmNTLHRl8zxmKgQ0= | 12133.9 | 93.7912 | 13864.9 | -0.986578 | 0.163291 | 0 | none | 0 | 114.29 | 85.378 | 0 | 1 | 1 | 0 | 0 | 0 | 0 | 1 | camera |  | -0.986578 | -0 | 0.163291 | -0.986578 | 0 
SCRIPT       : DATA_LOG | 1154035 | aRapBi1cCZPZAGLIDny3dk3hQ8vTmNTLHRl8zxmKgQ0= | 12133.9 | 93.7912 | 13864.9 | -0.986578 | 0.163291 | 0 | none | 0 | 114.264 | 85.3715 | 0 | 1 | 1 | 0 | 0 | 0 | 0 | 1 | camera |  | -0.986578 | -0 | 0.163291 | -0.986578 | 
SCRIPT       : DATA_LOG | 1155039 | aRapBi1cCZPZAGLIDny3dk3hQ8vTmNTLHRl8zxmKgQ0= | 12134 | 93.7911 | 13864.9 | -0.986578 | 0.163291 | 0 | none | 0 | 114.18 | 85.2942 | 0 | 1 | 1 | 0 | 0 | 0 | 0 | 1 | camera |  | -0.986578 | -0 | 0.163291 | -0.986578 | 0 |
 SCRIPT       : Player "rafaelglima79" (steamid=76561199445097358) disconnected early from server (EXIT NOW).
SCRIPT       : DATA_LOG | 1156033 | aRapBi1cCZPZAGLIDny3dk3hQ8vTmNTLHRl8zxmKgQ0= | 12134 | 93.7911 | 13864.9 | -0.986578 | 0.163291 | 0 | none | 0 | 114.17 | 85.3064 | 0 | 1 | 1 | 0 | 0 | 0 | 0 | 1 | camera |  | -0.986578 | -0 | 0.163291 | -0.986578 | 0 |
SCRIPT       : DATA_LOG | 1157056 | aRapBi1cCZPZAGLIDny3dk3hQ8vTmNTLHRl8zxmKgQ0= | 12134 | 93.7911 | 13864.9 | -0.986578 | 0.163291 | 0 | none | 0 | 114.173 | 85.3024 | 0 | 1 | 1 | 0 | 0 | 0 | 0 | 1 | camera |  | -0.986578 | -0 | 0.163291 | -0.986578 | 0 
SCRIPT       : DATA_LOG | 1158044 | aRapBi1cCZPZAGLIDny3dk3hQ8vTmNTLHRl8zxmKgQ0= | 12134 | 93.7911 | 13864.9 | -0.986578 | 0.163291 | 0 | none | 0 | 114.176 | 85.2975 | 0 | 1 | 1 | 0 | 0 | 0 | 0 | 1 | camera |  | -0.986578 | -0 | 0.163291 | -0.986578 | 0 
SCRIPT       : [Logout]: Player PZGroGt7dzj176WftFBB5rmPE9m3jQ1JfAwZGgteaGg= finished
SCRIPT       : [PlayerListManager] SyncEntryToReceivers ► uid: PZGroGt7dzj176WftFBB5rmPE9m3jQ1JfAwZGgteaGg= isn't in the players list! sending a remove.
SCRIPT       : PlayerDisconnected -> PlayerListManager.RemoveEntry ► PZGroGt7dzj176WftFBB5rmPE9m3jQ1JfAwZGgteaGg=
SCRIPT       : DATA_LOG | 1159044 | aRapBi1cCZPZAGLIDny3dk3hQ8vTmNTLHRl8zxmKgQ0= | 12134 | 93.7911 | 13864.9 | -0.986578 | 0.163291 | 0 | none | 0 | 114.175 | 85.3003 | 0 | 1 | 1 | 0 | 0 | 0 | 0 | 1 | camera |  | -0.986578 | -0 | 0.163291 | -0.986578 | 0 
SCRIPT       : DATA_LOG | 1160047 | aRapBi1cCZPZAGLIDny3dk3hQ8vTmNTLHRl8zxmKgQ0= | 12134 | 93.7911 | 13864.9 | -0.986578 | 0.163291 | 0 | none | 0 | 114.179 | 85.2966 | 0 | 1 | 1 | 0 | 0 | 0 | 0 | 1 | camera |  | -0.986578 | -0 | 0.163291 | -0.986578 | 0 
SCRIPT       : DATA_LOG | 1161046 | aRapBi1cCZPZAGLIDny3dk3hQ8vTmNTLHRl8zxmKgQ0= | 12134 | 93.7911 | 13864.9 | -0.986578 | 0.163291 | 0 | none | 0 | 114.176 | 85.3037 | 0 | 1 | 1 | 0 | 0 | 0 | 0 | 1 | camera |  | -0.986578 | -0 | 0.163291 | -0.986578 | 0 
SCRIPT       : DATA_LOG | 1162047 | aRapBi1cCZPZAGLIDny3dk3hQ8vTmNTLHRl8zxmKgQ0= | 12134 | 93.7911 | 13864.9 | -0.986578 | 0.163291 | 0 | none | 0 | 114.178 | 85.2942 | 0 | 1 | 1 | 0 | 0 | 0 | 0 | 1 | camera |  | -0.986578 | -0 | 0.163291 | -0.986578 | 0 
SCRIPT       : DATA_LOG | 1163047 | aRapBi1cCZPZAGLIDny3dk3hQ8vTmNTLHRl8zxmKgQ0= | 12134 | 93.7911 | 13864.9 | -0.986578 | 0.163291 | 0 | none | 0 | 114.171 | 85.3029 | 0 | 1 | 1 | 0 | 0 | 0 | 0 | 1 | camera |  | -0.986578 | -0 | 0.163291 | -0.986578 | 0 
SCRIPT       : DATA_LOG | 1164048 | aRapBi1cCZPZAGLIDny3dk3hQ8vTmNTLHRl8zxmKgQ0= | 12134 | 93.7911 | 13864.9 | -0.986578 | 0.163291 | 0 | none | 0 | 114.172 | 85.305 | 0 | 1 | 1 | 0 | 0 | 0 | 0 | 1 | camera |  | -0.986578 | -0 | 0.163291 | -0.986578 | 0 |
SCRIPT       : DATA_LOG | 1165046 | aRapBi1cCZPZAGLIDny3dk3hQ8vTmNTLHRl8zxmKgQ0= | 12134 | 93.7911 | 13864.9 | -0.986578 | 0.163291 | 0 | none | 0 | 114.177 | 85.2958 | 0 | 1 | 1 | 0 | 0 | 0 | 0 | 1 | camera |  | -0.986578 | -0 | 0.163291 | -0.986578 | 0 
SCRIPT       : DATA_LOG | 1166047 | aRapBi1cCZPZAGLIDny3dk3hQ8vTmNTLHRl8zxmKgQ0= | 12134 | 93.7911 | 13864.9 | -0.986578 | 0.163291 | 0 | none | 0 | 114.174 | 85.2998 | 0 | 1 | 1 | 0 | 0 | 0 | 0 | 1 | camera |  | -0.986578 | -0 | 0.163291 | -0.986578 | 0 
SCRIPT       : DATA_LOG | 1167064 | aRapBi1cCZPZAGLIDny3dk3hQ8vTmNTLHRl8zxmKgQ0= | 12134 | 93.7911 | 13864.9 | -0.986578 | 0.163291 | 0 | none | 0 | 114.179 | 85.2957 | 0 | 1 | 1 | 0 | 0 | 0 | 0 | 1 | camera |  | -0.986578 | -0 | 0.163291 | -0.986578 | 0 
SCRIPT       : [Logout]: Player aRapBi1cCZPZAGLIDny3dk3hQ8vTmNTLHRl8zxmKgQ0= finished
SCRIPT       : [PlayerListManager] SyncEntryToReceivers ► uid: aRapBi1cCZPZAGLIDny3dk3hQ8vTmNTLHRl8zxmKgQ0= isn't in the players list! sending a remove.
SCRIPT       : PlayerDisconnected -> PlayerListManager.RemoveEntry ► aRapBi1cCZPZAGLIDny3dk3hQ8vTmNTLHRl8zxmKgQ0=
 SCRIPT       : [MissionServer] OnMissionFinish - Server
 SCRIPT       : ~DayZGame()
